 
****************************************
Report : timing
        -path full
        -delay max
        -nworst 10
        -max_paths 10
Design : fig8_dw_d14
Version: U-2022.12-SP7
Date   : Sat Sep  5 13:30:11 2026
****************************************

Operating Conditions: NCCOM   Library: tcbn65gplustc_ccs
Wire Load Model Mode: segmented

  Startpoint: y[15] (input port clocked by vclk)
  Endpoint: result[14] (output port clocked by vclk)
  Path Group: vclk
  Path Type: max

  Des/Clust/Port     Wire Load Model       Library
  ------------------------------------------------
  fig8_dw_B9_DW_div_6 ZeroWireload         tcbn65gplustc_ccs
  fig8_dw_B9_DW_fp_div_0 ZeroWireload      tcbn65gplustc_ccs
  fig8_dw_d14        ZeroWireload          tcbn65gplustc_ccs
  fig8_dw_B9         ZeroWireload          tcbn65gplustc_ccs

  Point                                                     Incr       Path
  ----------------------------------------------------------------------------
  clock vclk (rise edge)                                    0.00       0.00
  clock network delay (ideal)                               0.00       0.00
  input external delay                                      0.02       0.02 f
  y[15] (in)                                                0.01       0.03 f
  core/y[15] (fig8_dw_B9)                                   0.00       0.03 f
  core/core/b[1] (fig8_dw_B9_DW_fp_div_0)                   0.00       0.03 f
  core/core/GEN_2_U3/b[1] (fig8_dw_B9_DW_div_6)             0.00       0.03 f
  core/core/GEN_2_U3/U135/ZN (INVD1)                        0.10       0.13 r
  core/core/GEN_2_U3/u_fa_PartRem_0_11_1/CO (FA1D0)         0.11       0.23 r
  core/core/GEN_2_U3/u_fa_PartRem_0_11_2/CO (FA1D0)         0.05       0.29 r
  core/core/GEN_2_U3/u_fa_PartRem_0_11_3/CO (FA1D0)         0.05       0.34 r
  core/core/GEN_2_U3/u_fa_PartRem_0_11_4/CO (FA1D0)         0.05       0.39 r
  core/core/GEN_2_U3/u_fa_PartRem_0_11_5/CO (FA1D0)         0.05       0.44 r
  core/core/GEN_2_U3/u_fa_PartRem_0_11_6/CO (FA1D0)         0.05       0.49 r
  core/core/GEN_2_U3/u_fa_PartRem_0_11_7/CO (FA1D0)         0.05       0.54 r
  core/core/GEN_2_U3/u_fa_PartRem_0_11_8/CO (FA1D0)         0.15       0.69 r
  core/core/GEN_2_U3/U14/Z (MUX2D0)                         0.08       0.78 f
  core/core/GEN_2_U3/u_fa_PartRem_0_10_1/CO (FA1D0)         0.10       0.88 f
  core/core/GEN_2_U3/u_fa_PartRem_0_10_2/CO (FA1D0)         0.06       0.94 f
  core/core/GEN_2_U3/u_fa_PartRem_0_10_3/CO (FA1D0)         0.06       0.99 f
  core/core/GEN_2_U3/u_fa_PartRem_0_10_4/CO (FA1D0)         0.06       1.05 f
  core/core/GEN_2_U3/u_fa_PartRem_0_10_5/CO (FA1D0)         0.06       1.10 f
  core/core/GEN_2_U3/u_fa_PartRem_0_10_6/CO (FA1D0)         0.06       1.16 f
  core/core/GEN_2_U3/u_fa_PartRem_0_10_7/CO (FA1D0)         0.06       1.21 f
  core/core/GEN_2_U3/u_fa_PartRem_0_10_8/CO (FA1D0)         0.06       1.28 f
  core/core/GEN_2_U3/U91/ZN (IOA21D0)                       0.16       1.43 f
  core/core/GEN_2_U3/U174/ZN (MUX2ND0)                      0.08       1.52 f
  core/core/GEN_2_U3/U173/ZN (CKND1)                        0.02       1.54 r
  core/core/GEN_2_U3/u_fa_PartRem_0_9_2/CO (FA1D0)          0.09       1.63 r
  core/core/GEN_2_U3/u_fa_PartRem_0_9_3/CO (FA1D0)          0.05       1.68 r
  core/core/GEN_2_U3/u_fa_PartRem_0_9_4/CO (FA1D0)          0.05       1.74 r
  core/core/GEN_2_U3/u_fa_PartRem_0_9_5/CO (FA1D0)          0.05       1.79 r
  core/core/GEN_2_U3/u_fa_PartRem_0_9_6/CO (FA1D0)          0.05       1.84 r
  core/core/GEN_2_U3/u_fa_PartRem_0_9_7/CO (FA1D0)          0.05       1.89 r
  core/core/GEN_2_U3/u_fa_PartRem_0_9_8/CO (FA1D0)          0.06       1.95 r
  core/core/GEN_2_U3/U89/Z (AO21D0)                         0.15       2.10 r
  core/core/GEN_2_U3/U92/ZN (ND2D1)                         0.04       2.14 f
  core/core/GEN_2_U3/U147/ZN (CKND1)                        0.02       2.16 r
  core/core/GEN_2_U3/u_fa_PartRem_0_8_1/CO (FA1D0)          0.09       2.25 r
  core/core/GEN_2_U3/u_fa_PartRem_0_8_2/CO (FA1D0)          0.05       2.30 r
  core/core/GEN_2_U3/u_fa_PartRem_0_8_3/CO (FA1D0)          0.05       2.36 r
  core/core/GEN_2_U3/u_fa_PartRem_0_8_4/CO (FA1D0)          0.05       2.41 r
  core/core/GEN_2_U3/u_fa_PartRem_0_8_5/CO (FA1D0)          0.05       2.46 r
  core/core/GEN_2_U3/u_fa_PartRem_0_8_6/CO (FA1D0)          0.05       2.51 r
  core/core/GEN_2_U3/u_fa_PartRem_0_8_7/CO (FA1D0)          0.05       2.56 r
  core/core/GEN_2_U3/u_fa_PartRem_0_8_8/CO (FA1D0)          0.06       2.62 r
  core/core/GEN_2_U3/U85/Z (AO21D0)                         0.15       2.78 r
  core/core/GEN_2_U3/U93/ZN (ND2D1)                         0.04       2.81 f
  core/core/GEN_2_U3/U149/ZN (CKND1)                        0.02       2.83 r
  core/core/GEN_2_U3/u_fa_PartRem_0_7_1/CO (FA1D0)          0.09       2.92 r
  core/core/GEN_2_U3/u_fa_PartRem_0_7_2/CO (FA1D0)          0.05       2.98 r
  core/core/GEN_2_U3/u_fa_PartRem_0_7_3/CO (FA1D0)          0.05       3.03 r
  core/core/GEN_2_U3/u_fa_PartRem_0_7_4/CO (FA1D0)          0.05       3.08 r
  core/core/GEN_2_U3/u_fa_PartRem_0_7_5/CO (FA1D0)          0.05       3.13 r
  core/core/GEN_2_U3/u_fa_PartRem_0_7_6/CO (FA1D0)          0.05       3.18 r
  core/core/GEN_2_U3/u_fa_PartRem_0_7_7/CO (FA1D0)          0.05       3.23 r
  core/core/GEN_2_U3/u_fa_PartRem_0_7_8/CO (FA1D0)          0.06       3.29 r
  core/core/GEN_2_U3/U82/Z (AO21D0)                         0.15       3.45 r
  core/core/GEN_2_U3/U94/ZN (ND2D1)                         0.04       3.48 f
  core/core/GEN_2_U3/U152/ZN (CKND1)                        0.02       3.50 r
  core/core/GEN_2_U3/u_fa_PartRem_0_6_1/CO (FA1D0)          0.09       3.60 r
  core/core/GEN_2_U3/u_fa_PartRem_0_6_2/CO (FA1D0)          0.05       3.65 r
  core/core/GEN_2_U3/u_fa_PartRem_0_6_3/CO (FA1D0)          0.05       3.70 r
  core/core/GEN_2_U3/u_fa_PartRem_0_6_4/CO (FA1D0)          0.05       3.75 r
  core/core/GEN_2_U3/u_fa_PartRem_0_6_5/CO (FA1D0)          0.05       3.80 r
  core/core/GEN_2_U3/u_fa_PartRem_0_6_6/CO (FA1D0)          0.05       3.85 r
  core/core/GEN_2_U3/u_fa_PartRem_0_6_7/CO (FA1D0)          0.05       3.90 r
  core/core/GEN_2_U3/u_fa_PartRem_0_6_8/CO (FA1D0)          0.06       3.96 r
  core/core/GEN_2_U3/U80/Z (AO21D0)                         0.15       4.12 r
  core/core/GEN_2_U3/U95/ZN (ND2D1)                         0.04       4.15 f
  core/core/GEN_2_U3/U155/ZN (CKND1)                        0.02       4.17 r
  core/core/GEN_2_U3/u_fa_PartRem_0_5_1/CO (FA1D0)          0.09       4.27 r
  core/core/GEN_2_U3/u_fa_PartRem_0_5_2/CO (FA1D0)          0.05       4.32 r
  core/core/GEN_2_U3/u_fa_PartRem_0_5_3/CO (FA1D0)          0.05       4.37 r
  core/core/GEN_2_U3/u_fa_PartRem_0_5_4/CO (FA1D0)          0.05       4.42 r
  core/core/GEN_2_U3/u_fa_PartRem_0_5_5/CO (FA1D0)          0.05       4.47 r
  core/core/GEN_2_U3/u_fa_PartRem_0_5_6/CO (FA1D0)          0.05       4.52 r
  core/core/GEN_2_U3/u_fa_PartRem_0_5_7/CO (FA1D0)          0.05       4.57 r
  core/core/GEN_2_U3/u_fa_PartRem_0_5_8/CO (FA1D0)          0.06       4.64 r
  core/core/GEN_2_U3/U78/Z (AO21D0)                         0.15       4.79 r
  core/core/GEN_2_U3/U96/ZN (ND2D1)                         0.04       4.82 f
  core/core/GEN_2_U3/U158/ZN (CKND1)                        0.02       4.84 r
  core/core/GEN_2_U3/u_fa_PartRem_0_4_1/CO (FA1D0)          0.09       4.94 r
  core/core/GEN_2_U3/u_fa_PartRem_0_4_2/CO (FA1D0)          0.05       4.99 r
  core/core/GEN_2_U3/u_fa_PartRem_0_4_3/CO (FA1D0)          0.05       5.04 r
  core/core/GEN_2_U3/u_fa_PartRem_0_4_4/CO (FA1D0)          0.05       5.09 r
  core/core/GEN_2_U3/u_fa_PartRem_0_4_5/CO (FA1D0)          0.05       5.14 r
  core/core/GEN_2_U3/u_fa_PartRem_0_4_6/CO (FA1D0)          0.05       5.19 r
  core/core/GEN_2_U3/u_fa_PartRem_0_4_7/CO (FA1D0)          0.05       5.24 r
  core/core/GEN_2_U3/u_fa_PartRem_0_4_8/CO (FA1D0)          0.06       5.31 r
  core/core/GEN_2_U3/U76/Z (AO21D0)                         0.15       5.46 r
  core/core/GEN_2_U3/U97/ZN (ND2D1)                         0.04       5.49 f
  core/core/GEN_2_U3/U161/ZN (CKND1)                        0.02       5.52 r
  core/core/GEN_2_U3/u_fa_PartRem_0_3_1/CO (FA1D0)          0.09       5.61 r
  core/core/GEN_2_U3/u_fa_PartRem_0_3_2/CO (FA1D0)          0.05       5.66 r
  core/core/GEN_2_U3/u_fa_PartRem_0_3_3/CO (FA1D0)          0.05       5.71 r
  core/core/GEN_2_U3/u_fa_PartRem_0_3_4/CO (FA1D0)          0.05       5.76 r
  core/core/GEN_2_U3/u_fa_PartRem_0_3_5/CO (FA1D0)          0.05       5.81 r
  core/core/GEN_2_U3/u_fa_PartRem_0_3_6/CO (FA1D0)          0.05       5.86 r
  core/core/GEN_2_U3/u_fa_PartRem_0_3_7/CO (FA1D0)          0.05       5.92 r
  core/core/GEN_2_U3/u_fa_PartRem_0_3_8/CO (FA1D0)          0.06       5.98 r
  core/core/GEN_2_U3/U74/Z (AO21D0)                         0.15       6.13 r
  core/core/GEN_2_U3/U114/ZN (MUX2ND0)                      0.08       6.21 f
  core/core/GEN_2_U3/u_fa_PartRem_0_2_2/CO (FA1D0)          0.11       6.33 f
  core/core/GEN_2_U3/u_fa_PartRem_0_2_3/CO (FA1D0)          0.06       6.38 f
  core/core/GEN_2_U3/u_fa_PartRem_0_2_4/CO (FA1D0)          0.06       6.44 f
  core/core/GEN_2_U3/u_fa_PartRem_0_2_5/CO (FA1D0)          0.06       6.49 f
  core/core/GEN_2_U3/u_fa_PartRem_0_2_6/CO (FA1D0)          0.06       6.55 f
  core/core/GEN_2_U3/u_fa_PartRem_0_2_7/CO (FA1D0)          0.06       6.60 f
  core/core/GEN_2_U3/u_fa_PartRem_0_2_8/CO (FA1D0)          0.06       6.67 f
  core/core/GEN_2_U3/U15/Z (AO21D0)                         0.12       6.78 f
  core/core/GEN_2_U3/U84/ZN (INR2D1)                        0.05       6.84 f
  core/core/GEN_2_U3/u_fa_PartRem_0_1_1/CO (FA1D0)          0.10       6.94 f
  core/core/GEN_2_U3/u_fa_PartRem_0_1_2/CO (FA1D0)          0.06       7.00 f
  core/core/GEN_2_U3/u_fa_PartRem_0_1_3/CO (FA1D0)          0.06       7.05 f
  core/core/GEN_2_U3/u_fa_PartRem_0_1_4/CO (FA1D0)          0.06       7.11 f
  core/core/GEN_2_U3/u_fa_PartRem_0_1_5/CO (FA1D0)          0.06       7.16 f
  core/core/GEN_2_U3/u_fa_PartRem_0_1_6/CO (FA1D0)          0.06       7.22 f
  core/core/GEN_2_U3/u_fa_PartRem_0_1_7/CO (FA1D0)          0.06       7.27 f
  core/core/GEN_2_U3/u_fa_PartRem_0_1_8/CO (FA1D0)          0.05       7.32 f
  core/core/GEN_2_U3/U5/Z (AO21D0)                          0.05       7.37 f
  core/core/GEN_2_U3/quotient[1] (fig8_dw_B9_DW_div_6)      0.00       7.37 f
  core/core/U99/Z (MUX2D0)                                  0.05       7.43 f
  core/core/U69/Z (AO21D0)                                  0.06       7.49 f
  core/core/z[0] (fig8_dw_B9_DW_fp_div_0)                   0.00       7.49 f
  core/result[14] (fig8_dw_B9)                              0.00       7.49 f
  result[14] (out)                                          0.00       7.49 f
  data arrival time                                                    7.49

  clock vclk (rise edge)                                   10.00      10.00
  clock network delay (ideal)                               0.00      10.00
  output external delay                                    -0.02       9.98
  data required time                                                   9.98
  ----------------------------------------------------------------------------
  data required time                                                   9.98
  data arrival time                                                   -7.49
  ----------------------------------------------------------------------------
  slack (MET)                                                          2.49


  Startpoint: y[15] (input port clocked by vclk)
  Endpoint: result[14] (output port clocked by vclk)
  Path Group: vclk
  Path Type: max

  Des/Clust/Port     Wire Load Model       Library
  ------------------------------------------------
  fig8_dw_B9_DW_div_6 ZeroWireload         tcbn65gplustc_ccs
  fig8_dw_B9_DW_fp_div_0 ZeroWireload      tcbn65gplustc_ccs
  fig8_dw_d14        ZeroWireload          tcbn65gplustc_ccs
  fig8_dw_B9         ZeroWireload          tcbn65gplustc_ccs

  Point                                                     Incr       Path
  ----------------------------------------------------------------------------
  clock vclk (rise edge)                                    0.00       0.00
  clock network delay (ideal)                               0.00       0.00
  input external delay                                      0.02       0.02 f
  y[15] (in)                                                0.01       0.03 f
  core/y[15] (fig8_dw_B9)                                   0.00       0.03 f
  core/core/b[1] (fig8_dw_B9_DW_fp_div_0)                   0.00       0.03 f
  core/core/GEN_2_U3/b[1] (fig8_dw_B9_DW_div_6)             0.00       0.03 f
  core/core/GEN_2_U3/U135/ZN (INVD1)                        0.10       0.13 r
  core/core/GEN_2_U3/u_fa_PartRem_0_11_1/CO (FA1D0)         0.11       0.23 r
  core/core/GEN_2_U3/u_fa_PartRem_0_11_2/CO (FA1D0)         0.05       0.29 r
  core/core/GEN_2_U3/u_fa_PartRem_0_11_3/CO (FA1D0)         0.05       0.34 r
  core/core/GEN_2_U3/u_fa_PartRem_0_11_4/CO (FA1D0)         0.05       0.39 r
  core/core/GEN_2_U3/u_fa_PartRem_0_11_5/CO (FA1D0)         0.05       0.44 r
  core/core/GEN_2_U3/u_fa_PartRem_0_11_6/CO (FA1D0)         0.05       0.49 r
  core/core/GEN_2_U3/u_fa_PartRem_0_11_7/CO (FA1D0)         0.05       0.54 r
  core/core/GEN_2_U3/u_fa_PartRem_0_11_8/CO (FA1D0)         0.15       0.69 r
  core/core/GEN_2_U3/U14/Z (MUX2D0)                         0.08       0.78 f
  core/core/GEN_2_U3/u_fa_PartRem_0_10_1/CO (FA1D0)         0.10       0.88 f
  core/core/GEN_2_U3/u_fa_PartRem_0_10_2/CO (FA1D0)         0.06       0.94 f
  core/core/GEN_2_U3/u_fa_PartRem_0_10_3/CO (FA1D0)         0.06       0.99 f
  core/core/GEN_2_U3/u_fa_PartRem_0_10_4/CO (FA1D0)         0.06       1.05 f
  core/core/GEN_2_U3/u_fa_PartRem_0_10_5/CO (FA1D0)         0.06       1.10 f
  core/core/GEN_2_U3/u_fa_PartRem_0_10_6/CO (FA1D0)         0.06       1.16 f
  core/core/GEN_2_U3/u_fa_PartRem_0_10_7/CO (FA1D0)         0.06       1.21 f
  core/core/GEN_2_U3/u_fa_PartRem_0_10_8/CO (FA1D0)         0.06       1.28 f
  core/core/GEN_2_U3/U91/ZN (IOA21D0)                       0.16       1.43 f
  core/core/GEN_2_U3/U174/ZN (MUX2ND0)                      0.08       1.52 f
  core/core/GEN_2_U3/U173/ZN (CKND1)                        0.02       1.54 r
  core/core/GEN_2_U3/u_fa_PartRem_0_9_2/CO (FA1D0)          0.09       1.63 r
  core/core/GEN_2_U3/u_fa_PartRem_0_9_3/CO (FA1D0)          0.05       1.68 r
  core/core/GEN_2_U3/u_fa_PartRem_0_9_4/CO (FA1D0)          0.05       1.74 r
  core/core/GEN_2_U3/u_fa_PartRem_0_9_5/CO (FA1D0)          0.05       1.79 r
  core/core/GEN_2_U3/u_fa_PartRem_0_9_6/CO (FA1D0)          0.05       1.84 r
  core/core/GEN_2_U3/u_fa_PartRem_0_9_7/CO (FA1D0)          0.05       1.89 r
  core/core/GEN_2_U3/u_fa_PartRem_0_9_8/CO (FA1D0)          0.06       1.95 r
  core/core/GEN_2_U3/U89/Z (AO21D0)                         0.15       2.10 r
  core/core/GEN_2_U3/U92/ZN (ND2D1)                         0.04       2.14 f
  core/core/GEN_2_U3/U147/ZN (CKND1)                        0.02       2.16 r
  core/core/GEN_2_U3/u_fa_PartRem_0_8_1/CO (FA1D0)          0.09       2.25 r
  core/core/GEN_2_U3/u_fa_PartRem_0_8_2/CO (FA1D0)          0.05       2.30 r
  core/core/GEN_2_U3/u_fa_PartRem_0_8_3/CO (FA1D0)          0.05       2.36 r
  core/core/GEN_2_U3/u_fa_PartRem_0_8_4/CO (FA1D0)          0.05       2.41 r
  core/core/GEN_2_U3/u_fa_PartRem_0_8_5/CO (FA1D0)          0.05       2.46 r
  core/core/GEN_2_U3/u_fa_PartRem_0_8_6/CO (FA1D0)          0.05       2.51 r
  core/core/GEN_2_U3/u_fa_PartRem_0_8_7/CO (FA1D0)          0.05       2.56 r
  core/core/GEN_2_U3/u_fa_PartRem_0_8_8/CO (FA1D0)          0.06       2.62 r
  core/core/GEN_2_U3/U85/Z (AO21D0)                         0.15       2.78 r
  core/core/GEN_2_U3/U93/ZN (ND2D1)                         0.04       2.81 f
  core/core/GEN_2_U3/U149/ZN (CKND1)                        0.02       2.83 r
  core/core/GEN_2_U3/u_fa_PartRem_0_7_1/CO (FA1D0)          0.09       2.92 r
  core/core/GEN_2_U3/u_fa_PartRem_0_7_2/CO (FA1D0)          0.05       2.98 r
  core/core/GEN_2_U3/u_fa_PartRem_0_7_3/CO (FA1D0)          0.05       3.03 r
  core/core/GEN_2_U3/u_fa_PartRem_0_7_4/CO (FA1D0)          0.05       3.08 r
  core/core/GEN_2_U3/u_fa_PartRem_0_7_5/CO (FA1D0)          0.05       3.13 r
  core/core/GEN_2_U3/u_fa_PartRem_0_7_6/CO (FA1D0)          0.05       3.18 r
  core/core/GEN_2_U3/u_fa_PartRem_0_7_7/CO (FA1D0)          0.05       3.23 r
  core/core/GEN_2_U3/u_fa_PartRem_0_7_8/CO (FA1D0)          0.06       3.29 r
  core/core/GEN_2_U3/U82/Z (AO21D0)                         0.15       3.45 r
  core/core/GEN_2_U3/U94/ZN (ND2D1)                         0.04       3.48 f
  core/core/GEN_2_U3/U152/ZN (CKND1)                        0.02       3.50 r
  core/core/GEN_2_U3/u_fa_PartRem_0_6_1/CO (FA1D0)          0.09       3.60 r
  core/core/GEN_2_U3/u_fa_PartRem_0_6_2/CO (FA1D0)          0.05       3.65 r
  core/core/GEN_2_U3/u_fa_PartRem_0_6_3/CO (FA1D0)          0.05       3.70 r
  core/core/GEN_2_U3/u_fa_PartRem_0_6_4/CO (FA1D0)          0.05       3.75 r
  core/core/GEN_2_U3/u_fa_PartRem_0_6_5/CO (FA1D0)          0.05       3.80 r
  core/core/GEN_2_U3/u_fa_PartRem_0_6_6/CO (FA1D0)          0.05       3.85 r
  core/core/GEN_2_U3/u_fa_PartRem_0_6_7/CO (FA1D0)          0.05       3.90 r
  core/core/GEN_2_U3/u_fa_PartRem_0_6_8/CO (FA1D0)          0.06       3.96 r
  core/core/GEN_2_U3/U80/Z (AO21D0)                         0.15       4.12 r
  core/core/GEN_2_U3/U95/ZN (ND2D1)                         0.04       4.15 f
  core/core/GEN_2_U3/U155/ZN (CKND1)                        0.02       4.17 r
  core/core/GEN_2_U3/u_fa_PartRem_0_5_1/CO (FA1D0)          0.09       4.27 r
  core/core/GEN_2_U3/u_fa_PartRem_0_5_2/CO (FA1D0)          0.05       4.32 r
  core/core/GEN_2_U3/u_fa_PartRem_0_5_3/CO (FA1D0)          0.05       4.37 r
  core/core/GEN_2_U3/u_fa_PartRem_0_5_4/CO (FA1D0)          0.05       4.42 r
  core/core/GEN_2_U3/u_fa_PartRem_0_5_5/CO (FA1D0)          0.05       4.47 r
  core/core/GEN_2_U3/u_fa_PartRem_0_5_6/CO (FA1D0)          0.05       4.52 r
  core/core/GEN_2_U3/u_fa_PartRem_0_5_7/CO (FA1D0)          0.05       4.57 r
  core/core/GEN_2_U3/u_fa_PartRem_0_5_8/CO (FA1D0)          0.06       4.64 r
  core/core/GEN_2_U3/U78/Z (AO21D0)                         0.15       4.79 r
  core/core/GEN_2_U3/U96/ZN (ND2D1)                         0.04       4.82 f
  core/core/GEN_2_U3/U158/ZN (CKND1)                        0.02       4.84 r
  core/core/GEN_2_U3/u_fa_PartRem_0_4_1/CO (FA1D0)          0.09       4.94 r
  core/core/GEN_2_U3/u_fa_PartRem_0_4_2/CO (FA1D0)          0.05       4.99 r
  core/core/GEN_2_U3/u_fa_PartRem_0_4_3/CO (FA1D0)          0.05       5.04 r
  core/core/GEN_2_U3/u_fa_PartRem_0_4_4/CO (FA1D0)          0.05       5.09 r
  core/core/GEN_2_U3/u_fa_PartRem_0_4_5/CO (FA1D0)          0.05       5.14 r
  core/core/GEN_2_U3/u_fa_PartRem_0_4_6/CO (FA1D0)          0.05       5.19 r
  core/core/GEN_2_U3/u_fa_PartRem_0_4_7/CO (FA1D0)          0.05       5.24 r
  core/core/GEN_2_U3/u_fa_PartRem_0_4_8/CO (FA1D0)          0.06       5.31 r
  core/core/GEN_2_U3/U76/Z (AO21D0)                         0.15       5.46 r
  core/core/GEN_2_U3/U97/ZN (ND2D1)                         0.04       5.49 f
  core/core/GEN_2_U3/U161/ZN (CKND1)                        0.02       5.52 r
  core/core/GEN_2_U3/u_fa_PartRem_0_3_1/CO (FA1D0)          0.09       5.61 r
  core/core/GEN_2_U3/u_fa_PartRem_0_3_2/CO (FA1D0)          0.05       5.66 r
  core/core/GEN_2_U3/u_fa_PartRem_0_3_3/CO (FA1D0)          0.05       5.71 r
  core/core/GEN_2_U3/u_fa_PartRem_0_3_4/CO (FA1D0)          0.05       5.76 r
  core/core/GEN_2_U3/u_fa_PartRem_0_3_5/CO (FA1D0)          0.05       5.81 r
  core/core/GEN_2_U3/u_fa_PartRem_0_3_6/CO (FA1D0)          0.05       5.86 r
  core/core/GEN_2_U3/u_fa_PartRem_0_3_7/CO (FA1D0)          0.05       5.92 r
  core/core/GEN_2_U3/u_fa_PartRem_0_3_8/CO (FA1D0)          0.06       5.98 r
  core/core/GEN_2_U3/U74/Z (AO21D0)                         0.15       6.13 r
  core/core/GEN_2_U3/U114/ZN (MUX2ND0)                      0.08       6.21 f
  core/core/GEN_2_U3/u_fa_PartRem_0_2_2/CO (FA1D0)          0.11       6.33 f
  core/core/GEN_2_U3/u_fa_PartRem_0_2_3/CO (FA1D0)          0.06       6.38 f
  core/core/GEN_2_U3/u_fa_PartRem_0_2_4/CO (FA1D0)          0.06       6.44 f
  core/core/GEN_2_U3/u_fa_PartRem_0_2_5/CO (FA1D0)          0.06       6.49 f
  core/core/GEN_2_U3/u_fa_PartRem_0_2_6/CO (FA1D0)          0.06       6.55 f
  core/core/GEN_2_U3/u_fa_PartRem_0_2_7/CO (FA1D0)          0.06       6.60 f
  core/core/GEN_2_U3/u_fa_PartRem_0_2_8/CO (FA1D0)          0.06       6.67 f
  core/core/GEN_2_U3/U15/Z (AO21D0)                         0.12       6.78 f
  core/core/GEN_2_U3/U84/ZN (INR2D1)                        0.05       6.84 f
  core/core/GEN_2_U3/u_fa_PartRem_0_1_1/CO (FA1D0)          0.10       6.94 f
  core/core/GEN_2_U3/u_fa_PartRem_0_1_2/CO (FA1D0)          0.06       7.00 f
  core/core/GEN_2_U3/u_fa_PartRem_0_1_3/CO (FA1D0)          0.06       7.05 f
  core/core/GEN_2_U3/u_fa_PartRem_0_1_4/CO (FA1D0)          0.06       7.11 f
  core/core/GEN_2_U3/u_fa_PartRem_0_1_5/CO (FA1D0)          0.06       7.16 f
  core/core/GEN_2_U3/u_fa_PartRem_0_1_6/CO (FA1D0)          0.06       7.22 f
  core/core/GEN_2_U3/u_fa_PartRem_0_1_7/CO (FA1D0)          0.06       7.27 f
  core/core/GEN_2_U3/u_fa_PartRem_0_1_8/CO (FA1D0)          0.05       7.32 f
  core/core/GEN_2_U3/U5/Z (AO21D0)                          0.05       7.37 f
  core/core/GEN_2_U3/quotient[1] (fig8_dw_B9_DW_div_6)      0.00       7.37 f
  core/core/U99/Z (MUX2D0)                                  0.05       7.43 f
  core/core/U69/Z (AO21D0)                                  0.06       7.49 f
  core/core/z[0] (fig8_dw_B9_DW_fp_div_0)                   0.00       7.49 f
  core/result[14] (fig8_dw_B9)                              0.00       7.49 f
  result[14] (out)                                          0.00       7.49 f
  data arrival time                                                    7.49

  clock vclk (rise edge)                                   10.00      10.00
  clock network delay (ideal)                               0.00      10.00
  output external delay                                    -0.02       9.98
  data required time                                                   9.98
  ----------------------------------------------------------------------------
  data required time                                                   9.98
  data arrival time                                                   -7.49
  ----------------------------------------------------------------------------
  slack (MET)                                                          2.49


  Startpoint: y[15] (input port clocked by vclk)
  Endpoint: result[14] (output port clocked by vclk)
  Path Group: vclk
  Path Type: max

  Des/Clust/Port     Wire Load Model       Library
  ------------------------------------------------
  fig8_dw_B9_DW_div_6 ZeroWireload         tcbn65gplustc_ccs
  fig8_dw_B9_DW_fp_div_0 ZeroWireload      tcbn65gplustc_ccs
  fig8_dw_d14        ZeroWireload          tcbn65gplustc_ccs
  fig8_dw_B9         ZeroWireload          tcbn65gplustc_ccs

  Point                                                     Incr       Path
  ----------------------------------------------------------------------------
  clock vclk (rise edge)                                    0.00       0.00
  clock network delay (ideal)                               0.00       0.00
  input external delay                                      0.02       0.02 f
  y[15] (in)                                                0.01       0.03 f
  core/y[15] (fig8_dw_B9)                                   0.00       0.03 f
  core/core/b[1] (fig8_dw_B9_DW_fp_div_0)                   0.00       0.03 f
  core/core/GEN_2_U3/b[1] (fig8_dw_B9_DW_div_6)             0.00       0.03 f
  core/core/GEN_2_U3/U135/ZN (INVD1)                        0.10       0.13 r
  core/core/GEN_2_U3/u_fa_PartRem_0_11_1/CO (FA1D0)         0.11       0.23 r
  core/core/GEN_2_U3/u_fa_PartRem_0_11_2/CO (FA1D0)         0.05       0.29 r
  core/core/GEN_2_U3/u_fa_PartRem_0_11_3/CO (FA1D0)         0.05       0.34 r
  core/core/GEN_2_U3/u_fa_PartRem_0_11_4/CO (FA1D0)         0.05       0.39 r
  core/core/GEN_2_U3/u_fa_PartRem_0_11_5/CO (FA1D0)         0.05       0.44 r
  core/core/GEN_2_U3/u_fa_PartRem_0_11_6/CO (FA1D0)         0.05       0.49 r
  core/core/GEN_2_U3/u_fa_PartRem_0_11_7/CO (FA1D0)         0.05       0.54 r
  core/core/GEN_2_U3/u_fa_PartRem_0_11_8/CO (FA1D0)         0.15       0.69 r
  core/core/GEN_2_U3/U14/Z (MUX2D0)                         0.08       0.78 f
  core/core/GEN_2_U3/u_fa_PartRem_0_10_1/CO (FA1D0)         0.10       0.88 f
  core/core/GEN_2_U3/u_fa_PartRem_0_10_2/CO (FA1D0)         0.06       0.94 f
  core/core/GEN_2_U3/u_fa_PartRem_0_10_3/CO (FA1D0)         0.06       0.99 f
  core/core/GEN_2_U3/u_fa_PartRem_0_10_4/CO (FA1D0)         0.06       1.05 f
  core/core/GEN_2_U3/u_fa_PartRem_0_10_5/CO (FA1D0)         0.06       1.10 f
  core/core/GEN_2_U3/u_fa_PartRem_0_10_6/CO (FA1D0)         0.06       1.16 f
  core/core/GEN_2_U3/u_fa_PartRem_0_10_7/CO (FA1D0)         0.06       1.21 f
  core/core/GEN_2_U3/u_fa_PartRem_0_10_8/CO (FA1D0)         0.06       1.28 f
  core/core/GEN_2_U3/U91/ZN (IOA21D0)                       0.16       1.43 f
  core/core/GEN_2_U3/U174/ZN (MUX2ND0)                      0.08       1.52 f
  core/core/GEN_2_U3/U173/ZN (CKND1)                        0.02       1.54 r
  core/core/GEN_2_U3/u_fa_PartRem_0_9_2/CO (FA1D0)          0.09       1.63 r
  core/core/GEN_2_U3/u_fa_PartRem_0_9_3/CO (FA1D0)          0.05       1.68 r
  core/core/GEN_2_U3/u_fa_PartRem_0_9_4/CO (FA1D0)          0.05       1.74 r
  core/core/GEN_2_U3/u_fa_PartRem_0_9_5/CO (FA1D0)          0.05       1.79 r
  core/core/GEN_2_U3/u_fa_PartRem_0_9_6/CO (FA1D0)          0.05       1.84 r
  core/core/GEN_2_U3/u_fa_PartRem_0_9_7/CO (FA1D0)          0.05       1.89 r
  core/core/GEN_2_U3/u_fa_PartRem_0_9_8/CO (FA1D0)          0.06       1.95 r
  core/core/GEN_2_U3/U89/Z (AO21D0)                         0.15       2.10 r
  core/core/GEN_2_U3/U92/ZN (ND2D1)                         0.04       2.14 f
  core/core/GEN_2_U3/U147/ZN (CKND1)                        0.02       2.16 r
  core/core/GEN_2_U3/u_fa_PartRem_0_8_1/CO (FA1D0)          0.09       2.25 r
  core/core/GEN_2_U3/u_fa_PartRem_0_8_2/CO (FA1D0)          0.05       2.30 r
  core/core/GEN_2_U3/u_fa_PartRem_0_8_3/CO (FA1D0)          0.05       2.36 r
  core/core/GEN_2_U3/u_fa_PartRem_0_8_4/CO (FA1D0)          0.05       2.41 r
  core/core/GEN_2_U3/u_fa_PartRem_0_8_5/CO (FA1D0)          0.05       2.46 r
  core/core/GEN_2_U3/u_fa_PartRem_0_8_6/CO (FA1D0)          0.05       2.51 r
  core/core/GEN_2_U3/u_fa_PartRem_0_8_7/CO (FA1D0)          0.05       2.56 r
  core/core/GEN_2_U3/u_fa_PartRem_0_8_8/CO (FA1D0)          0.06       2.62 r
  core/core/GEN_2_U3/U85/Z (AO21D0)                         0.15       2.78 r
  core/core/GEN_2_U3/U93/ZN (ND2D1)                         0.04       2.81 f
  core/core/GEN_2_U3/U149/ZN (CKND1)                        0.02       2.83 r
  core/core/GEN_2_U3/u_fa_PartRem_0_7_1/CO (FA1D0)          0.09       2.92 r
  core/core/GEN_2_U3/u_fa_PartRem_0_7_2/CO (FA1D0)          0.05       2.98 r
  core/core/GEN_2_U3/u_fa_PartRem_0_7_3/CO (FA1D0)          0.05       3.03 r
  core/core/GEN_2_U3/u_fa_PartRem_0_7_4/CO (FA1D0)          0.05       3.08 r
  core/core/GEN_2_U3/u_fa_PartRem_0_7_5/CO (FA1D0)          0.05       3.13 r
  core/core/GEN_2_U3/u_fa_PartRem_0_7_6/CO (FA1D0)          0.05       3.18 r
  core/core/GEN_2_U3/u_fa_PartRem_0_7_7/CO (FA1D0)          0.05       3.23 r
  core/core/GEN_2_U3/u_fa_PartRem_0_7_8/CO (FA1D0)          0.06       3.29 r
  core/core/GEN_2_U3/U82/Z (AO21D0)                         0.15       3.45 r
  core/core/GEN_2_U3/U94/ZN (ND2D1)                         0.04       3.48 f
  core/core/GEN_2_U3/U152/ZN (CKND1)                        0.02       3.50 r
  core/core/GEN_2_U3/u_fa_PartRem_0_6_1/CO (FA1D0)          0.09       3.60 r
  core/core/GEN_2_U3/u_fa_PartRem_0_6_2/CO (FA1D0)          0.05       3.65 r
  core/core/GEN_2_U3/u_fa_PartRem_0_6_3/CO (FA1D0)          0.05       3.70 r
  core/core/GEN_2_U3/u_fa_PartRem_0_6_4/CO (FA1D0)          0.05       3.75 r
  core/core/GEN_2_U3/u_fa_PartRem_0_6_5/CO (FA1D0)          0.05       3.80 r
  core/core/GEN_2_U3/u_fa_PartRem_0_6_6/CO (FA1D0)          0.05       3.85 r
  core/core/GEN_2_U3/u_fa_PartRem_0_6_7/CO (FA1D0)          0.05       3.90 r
  core/core/GEN_2_U3/u_fa_PartRem_0_6_8/CO (FA1D0)          0.06       3.96 r
  core/core/GEN_2_U3/U80/Z (AO21D0)                         0.15       4.12 r
  core/core/GEN_2_U3/U95/ZN (ND2D1)                         0.04       4.15 f
  core/core/GEN_2_U3/U155/ZN (CKND1)                        0.02       4.17 r
  core/core/GEN_2_U3/u_fa_PartRem_0_5_1/CO (FA1D0)          0.09       4.27 r
  core/core/GEN_2_U3/u_fa_PartRem_0_5_2/CO (FA1D0)          0.05       4.32 r
  core/core/GEN_2_U3/u_fa_PartRem_0_5_3/CO (FA1D0)          0.05       4.37 r
  core/core/GEN_2_U3/u_fa_PartRem_0_5_4/CO (FA1D0)          0.05       4.42 r
  core/core/GEN_2_U3/u_fa_PartRem_0_5_5/CO (FA1D0)          0.05       4.47 r
  core/core/GEN_2_U3/u_fa_PartRem_0_5_6/CO (FA1D0)          0.05       4.52 r
  core/core/GEN_2_U3/u_fa_PartRem_0_5_7/CO (FA1D0)          0.05       4.57 r
  core/core/GEN_2_U3/u_fa_PartRem_0_5_8/CO (FA1D0)          0.06       4.64 r
  core/core/GEN_2_U3/U78/Z (AO21D0)                         0.15       4.79 r
  core/core/GEN_2_U3/U96/ZN (ND2D1)                         0.04       4.82 f
  core/core/GEN_2_U3/U158/ZN (CKND1)                        0.02       4.84 r
  core/core/GEN_2_U3/u_fa_PartRem_0_4_1/CO (FA1D0)          0.09       4.94 r
  core/core/GEN_2_U3/u_fa_PartRem_0_4_2/CO (FA1D0)          0.05       4.99 r
  core/core/GEN_2_U3/u_fa_PartRem_0_4_3/CO (FA1D0)          0.05       5.04 r
  core/core/GEN_2_U3/u_fa_PartRem_0_4_4/CO (FA1D0)          0.05       5.09 r
  core/core/GEN_2_U3/u_fa_PartRem_0_4_5/CO (FA1D0)          0.05       5.14 r
  core/core/GEN_2_U3/u_fa_PartRem_0_4_6/CO (FA1D0)          0.05       5.19 r
  core/core/GEN_2_U3/u_fa_PartRem_0_4_7/CO (FA1D0)          0.05       5.24 r
  core/core/GEN_2_U3/u_fa_PartRem_0_4_8/CO (FA1D0)          0.06       5.31 r
  core/core/GEN_2_U3/U76/Z (AO21D0)                         0.15       5.46 r
  core/core/GEN_2_U3/U97/ZN (ND2D1)                         0.04       5.49 f
  core/core/GEN_2_U3/U161/ZN (CKND1)                        0.02       5.52 r
  core/core/GEN_2_U3/u_fa_PartRem_0_3_1/CO (FA1D0)          0.09       5.61 r
  core/core/GEN_2_U3/u_fa_PartRem_0_3_2/CO (FA1D0)          0.05       5.66 r
  core/core/GEN_2_U3/u_fa_PartRem_0_3_3/CO (FA1D0)          0.05       5.71 r
  core/core/GEN_2_U3/u_fa_PartRem_0_3_4/CO (FA1D0)          0.05       5.76 r
  core/core/GEN_2_U3/u_fa_PartRem_0_3_5/CO (FA1D0)          0.05       5.81 r
  core/core/GEN_2_U3/u_fa_PartRem_0_3_6/CO (FA1D0)          0.05       5.86 r
  core/core/GEN_2_U3/u_fa_PartRem_0_3_7/CO (FA1D0)          0.05       5.92 r
  core/core/GEN_2_U3/u_fa_PartRem_0_3_8/CO (FA1D0)          0.06       5.98 r
  core/core/GEN_2_U3/U74/Z (AO21D0)                         0.15       6.13 r
  core/core/GEN_2_U3/U114/ZN (MUX2ND0)                      0.08       6.21 f
  core/core/GEN_2_U3/u_fa_PartRem_0_2_2/CO (FA1D0)          0.11       6.33 f
  core/core/GEN_2_U3/u_fa_PartRem_0_2_3/CO (FA1D0)          0.06       6.38 f
  core/core/GEN_2_U3/u_fa_PartRem_0_2_4/CO (FA1D0)          0.06       6.44 f
  core/core/GEN_2_U3/u_fa_PartRem_0_2_5/CO (FA1D0)          0.06       6.49 f
  core/core/GEN_2_U3/u_fa_PartRem_0_2_6/CO (FA1D0)          0.06       6.55 f
  core/core/GEN_2_U3/u_fa_PartRem_0_2_7/CO (FA1D0)          0.06       6.60 f
  core/core/GEN_2_U3/u_fa_PartRem_0_2_8/CO (FA1D0)          0.06       6.67 f
  core/core/GEN_2_U3/U15/Z (AO21D0)                         0.12       6.78 f
  core/core/GEN_2_U3/U84/ZN (INR2D1)                        0.05       6.84 f
  core/core/GEN_2_U3/u_fa_PartRem_0_1_1/CO (FA1D0)          0.10       6.94 f
  core/core/GEN_2_U3/u_fa_PartRem_0_1_2/CO (FA1D0)          0.06       7.00 f
  core/core/GEN_2_U3/u_fa_PartRem_0_1_3/CO (FA1D0)          0.06       7.05 f
  core/core/GEN_2_U3/u_fa_PartRem_0_1_4/CO (FA1D0)          0.06       7.11 f
  core/core/GEN_2_U3/u_fa_PartRem_0_1_5/CO (FA1D0)          0.06       7.16 f
  core/core/GEN_2_U3/u_fa_PartRem_0_1_6/CO (FA1D0)          0.06       7.22 f
  core/core/GEN_2_U3/u_fa_PartRem_0_1_7/CO (FA1D0)          0.06       7.27 f
  core/core/GEN_2_U3/u_fa_PartRem_0_1_8/CO (FA1D0)          0.05       7.32 f
  core/core/GEN_2_U3/U5/Z (AO21D0)                          0.05       7.37 f
  core/core/GEN_2_U3/quotient[1] (fig8_dw_B9_DW_div_6)      0.00       7.37 f
  core/core/U99/Z (MUX2D0)                                  0.05       7.43 f
  core/core/U69/Z (AO21D0)                                  0.06       7.49 f
  core/core/z[0] (fig8_dw_B9_DW_fp_div_0)                   0.00       7.49 f
  core/result[14] (fig8_dw_B9)                              0.00       7.49 f
  result[14] (out)                                          0.00       7.49 f
  data arrival time                                                    7.49

  clock vclk (rise edge)                                   10.00      10.00
  clock network delay (ideal)                               0.00      10.00
  output external delay                                    -0.02       9.98
  data required time                                                   9.98
  ----------------------------------------------------------------------------
  data required time                                                   9.98
  data arrival time                                                   -7.49
  ----------------------------------------------------------------------------
  slack (MET)                                                          2.49


  Startpoint: y[15] (input port clocked by vclk)
  Endpoint: result[14] (output port clocked by vclk)
  Path Group: vclk
  Path Type: max

  Des/Clust/Port     Wire Load Model       Library
  ------------------------------------------------
  fig8_dw_B9_DW_div_6 ZeroWireload         tcbn65gplustc_ccs
  fig8_dw_B9_DW_fp_div_0 ZeroWireload      tcbn65gplustc_ccs
  fig8_dw_d14        ZeroWireload          tcbn65gplustc_ccs
  fig8_dw_B9         ZeroWireload          tcbn65gplustc_ccs

  Point                                                     Incr       Path
  ----------------------------------------------------------------------------
  clock vclk (rise edge)                                    0.00       0.00
  clock network delay (ideal)                               0.00       0.00
  input external delay                                      0.02       0.02 f
  y[15] (in)                                                0.01       0.03 f
  core/y[15] (fig8_dw_B9)                                   0.00       0.03 f
  core/core/b[1] (fig8_dw_B9_DW_fp_div_0)                   0.00       0.03 f
  core/core/GEN_2_U3/b[1] (fig8_dw_B9_DW_div_6)             0.00       0.03 f
  core/core/GEN_2_U3/U135/ZN (INVD1)                        0.10       0.13 r
  core/core/GEN_2_U3/u_fa_PartRem_0_11_1/CO (FA1D0)         0.11       0.23 r
  core/core/GEN_2_U3/u_fa_PartRem_0_11_2/CO (FA1D0)         0.05       0.29 r
  core/core/GEN_2_U3/u_fa_PartRem_0_11_3/CO (FA1D0)         0.05       0.34 r
  core/core/GEN_2_U3/u_fa_PartRem_0_11_4/CO (FA1D0)         0.05       0.39 r
  core/core/GEN_2_U3/u_fa_PartRem_0_11_5/CO (FA1D0)         0.05       0.44 r
  core/core/GEN_2_U3/u_fa_PartRem_0_11_6/CO (FA1D0)         0.05       0.49 r
  core/core/GEN_2_U3/u_fa_PartRem_0_11_7/CO (FA1D0)         0.05       0.54 r
  core/core/GEN_2_U3/u_fa_PartRem_0_11_8/CO (FA1D0)         0.15       0.69 r
  core/core/GEN_2_U3/U14/Z (MUX2D0)                         0.08       0.78 f
  core/core/GEN_2_U3/u_fa_PartRem_0_10_1/CO (FA1D0)         0.10       0.88 f
  core/core/GEN_2_U3/u_fa_PartRem_0_10_2/CO (FA1D0)         0.06       0.94 f
  core/core/GEN_2_U3/u_fa_PartRem_0_10_3/CO (FA1D0)         0.06       0.99 f
  core/core/GEN_2_U3/u_fa_PartRem_0_10_4/CO (FA1D0)         0.06       1.05 f
  core/core/GEN_2_U3/u_fa_PartRem_0_10_5/CO (FA1D0)         0.06       1.10 f
  core/core/GEN_2_U3/u_fa_PartRem_0_10_6/CO (FA1D0)         0.06       1.16 f
  core/core/GEN_2_U3/u_fa_PartRem_0_10_7/CO (FA1D0)         0.06       1.21 f
  core/core/GEN_2_U3/u_fa_PartRem_0_10_8/CO (FA1D0)         0.06       1.28 f
  core/core/GEN_2_U3/U91/ZN (IOA21D0)                       0.16       1.43 f
  core/core/GEN_2_U3/U174/ZN (MUX2ND0)                      0.08       1.52 f
  core/core/GEN_2_U3/U173/ZN (CKND1)                        0.02       1.54 r
  core/core/GEN_2_U3/u_fa_PartRem_0_9_2/CO (FA1D0)          0.09       1.63 r
  core/core/GEN_2_U3/u_fa_PartRem_0_9_3/CO (FA1D0)          0.05       1.68 r
  core/core/GEN_2_U3/u_fa_PartRem_0_9_4/CO (FA1D0)          0.05       1.74 r
  core/core/GEN_2_U3/u_fa_PartRem_0_9_5/CO (FA1D0)          0.05       1.79 r
  core/core/GEN_2_U3/u_fa_PartRem_0_9_6/CO (FA1D0)          0.05       1.84 r
  core/core/GEN_2_U3/u_fa_PartRem_0_9_7/CO (FA1D0)          0.05       1.89 r
  core/core/GEN_2_U3/u_fa_PartRem_0_9_8/CO (FA1D0)          0.06       1.95 r
  core/core/GEN_2_U3/U89/Z (AO21D0)                         0.15       2.10 r
  core/core/GEN_2_U3/U92/ZN (ND2D1)                         0.04       2.14 f
  core/core/GEN_2_U3/U147/ZN (CKND1)                        0.02       2.16 r
  core/core/GEN_2_U3/u_fa_PartRem_0_8_1/CO (FA1D0)          0.09       2.25 r
  core/core/GEN_2_U3/u_fa_PartRem_0_8_2/CO (FA1D0)          0.05       2.30 r
  core/core/GEN_2_U3/u_fa_PartRem_0_8_3/CO (FA1D0)          0.05       2.36 r
  core/core/GEN_2_U3/u_fa_PartRem_0_8_4/CO (FA1D0)          0.05       2.41 r
  core/core/GEN_2_U3/u_fa_PartRem_0_8_5/CO (FA1D0)          0.05       2.46 r
  core/core/GEN_2_U3/u_fa_PartRem_0_8_6/CO (FA1D0)          0.05       2.51 r
  core/core/GEN_2_U3/u_fa_PartRem_0_8_7/CO (FA1D0)          0.05       2.56 r
  core/core/GEN_2_U3/u_fa_PartRem_0_8_8/CO (FA1D0)          0.06       2.62 r
  core/core/GEN_2_U3/U85/Z (AO21D0)                         0.15       2.78 r
  core/core/GEN_2_U3/U93/ZN (ND2D1)                         0.04       2.81 f
  core/core/GEN_2_U3/U149/ZN (CKND1)                        0.02       2.83 r
  core/core/GEN_2_U3/u_fa_PartRem_0_7_1/CO (FA1D0)          0.09       2.92 r
  core/core/GEN_2_U3/u_fa_PartRem_0_7_2/CO (FA1D0)          0.05       2.98 r
  core/core/GEN_2_U3/u_fa_PartRem_0_7_3/CO (FA1D0)          0.05       3.03 r
  core/core/GEN_2_U3/u_fa_PartRem_0_7_4/CO (FA1D0)          0.05       3.08 r
  core/core/GEN_2_U3/u_fa_PartRem_0_7_5/CO (FA1D0)          0.05       3.13 r
  core/core/GEN_2_U3/u_fa_PartRem_0_7_6/CO (FA1D0)          0.05       3.18 r
  core/core/GEN_2_U3/u_fa_PartRem_0_7_7/CO (FA1D0)          0.05       3.23 r
  core/core/GEN_2_U3/u_fa_PartRem_0_7_8/CO (FA1D0)          0.06       3.29 r
  core/core/GEN_2_U3/U82/Z (AO21D0)                         0.15       3.45 r
  core/core/GEN_2_U3/U94/ZN (ND2D1)                         0.04       3.48 f
  core/core/GEN_2_U3/U152/ZN (CKND1)                        0.02       3.50 r
  core/core/GEN_2_U3/u_fa_PartRem_0_6_1/CO (FA1D0)          0.09       3.60 r
  core/core/GEN_2_U3/u_fa_PartRem_0_6_2/CO (FA1D0)          0.05       3.65 r
  core/core/GEN_2_U3/u_fa_PartRem_0_6_3/CO (FA1D0)          0.05       3.70 r
  core/core/GEN_2_U3/u_fa_PartRem_0_6_4/CO (FA1D0)          0.05       3.75 r
  core/core/GEN_2_U3/u_fa_PartRem_0_6_5/CO (FA1D0)          0.05       3.80 r
  core/core/GEN_2_U3/u_fa_PartRem_0_6_6/CO (FA1D0)          0.05       3.85 r
  core/core/GEN_2_U3/u_fa_PartRem_0_6_7/CO (FA1D0)          0.05       3.90 r
  core/core/GEN_2_U3/u_fa_PartRem_0_6_8/CO (FA1D0)          0.06       3.96 r
  core/core/GEN_2_U3/U80/Z (AO21D0)                         0.15       4.12 r
  core/core/GEN_2_U3/U95/ZN (ND2D1)                         0.04       4.15 f
  core/core/GEN_2_U3/U155/ZN (CKND1)                        0.02       4.17 r
  core/core/GEN_2_U3/u_fa_PartRem_0_5_1/CO (FA1D0)          0.09       4.27 r
  core/core/GEN_2_U3/u_fa_PartRem_0_5_2/CO (FA1D0)          0.05       4.32 r
  core/core/GEN_2_U3/u_fa_PartRem_0_5_3/CO (FA1D0)          0.05       4.37 r
  core/core/GEN_2_U3/u_fa_PartRem_0_5_4/CO (FA1D0)          0.05       4.42 r
  core/core/GEN_2_U3/u_fa_PartRem_0_5_5/CO (FA1D0)          0.05       4.47 r
  core/core/GEN_2_U3/u_fa_PartRem_0_5_6/CO (FA1D0)          0.05       4.52 r
  core/core/GEN_2_U3/u_fa_PartRem_0_5_7/CO (FA1D0)          0.05       4.57 r
  core/core/GEN_2_U3/u_fa_PartRem_0_5_8/CO (FA1D0)          0.06       4.64 r
  core/core/GEN_2_U3/U78/Z (AO21D0)                         0.15       4.79 r
  core/core/GEN_2_U3/U96/ZN (ND2D1)                         0.04       4.82 f
  core/core/GEN_2_U3/U158/ZN (CKND1)                        0.02       4.84 r
  core/core/GEN_2_U3/u_fa_PartRem_0_4_1/CO (FA1D0)          0.09       4.94 r
  core/core/GEN_2_U3/u_fa_PartRem_0_4_2/CO (FA1D0)          0.05       4.99 r
  core/core/GEN_2_U3/u_fa_PartRem_0_4_3/CO (FA1D0)          0.05       5.04 r
  core/core/GEN_2_U3/u_fa_PartRem_0_4_4/CO (FA1D0)          0.05       5.09 r
  core/core/GEN_2_U3/u_fa_PartRem_0_4_5/CO (FA1D0)          0.05       5.14 r
  core/core/GEN_2_U3/u_fa_PartRem_0_4_6/CO (FA1D0)          0.05       5.19 r
  core/core/GEN_2_U3/u_fa_PartRem_0_4_7/CO (FA1D0)          0.05       5.24 r
  core/core/GEN_2_U3/u_fa_PartRem_0_4_8/CO (FA1D0)          0.06       5.31 r
  core/core/GEN_2_U3/U76/Z (AO21D0)                         0.15       5.46 r
  core/core/GEN_2_U3/U97/ZN (ND2D1)                         0.04       5.49 f
  core/core/GEN_2_U3/U161/ZN (CKND1)                        0.02       5.52 r
  core/core/GEN_2_U3/u_fa_PartRem_0_3_1/CO (FA1D0)          0.09       5.61 r
  core/core/GEN_2_U3/u_fa_PartRem_0_3_2/CO (FA1D0)          0.05       5.66 r
  core/core/GEN_2_U3/u_fa_PartRem_0_3_3/CO (FA1D0)          0.05       5.71 r
  core/core/GEN_2_U3/u_fa_PartRem_0_3_4/CO (FA1D0)          0.05       5.76 r
  core/core/GEN_2_U3/u_fa_PartRem_0_3_5/CO (FA1D0)          0.05       5.81 r
  core/core/GEN_2_U3/u_fa_PartRem_0_3_6/CO (FA1D0)          0.05       5.86 r
  core/core/GEN_2_U3/u_fa_PartRem_0_3_7/CO (FA1D0)          0.05       5.92 r
  core/core/GEN_2_U3/u_fa_PartRem_0_3_8/CO (FA1D0)          0.06       5.98 r
  core/core/GEN_2_U3/U74/Z (AO21D0)                         0.15       6.13 r
  core/core/GEN_2_U3/U114/ZN (MUX2ND0)                      0.08       6.21 f
  core/core/GEN_2_U3/u_fa_PartRem_0_2_2/CO (FA1D0)          0.11       6.33 f
  core/core/GEN_2_U3/u_fa_PartRem_0_2_3/CO (FA1D0)          0.06       6.38 f
  core/core/GEN_2_U3/u_fa_PartRem_0_2_4/CO (FA1D0)          0.06       6.44 f
  core/core/GEN_2_U3/u_fa_PartRem_0_2_5/CO (FA1D0)          0.06       6.49 f
  core/core/GEN_2_U3/u_fa_PartRem_0_2_6/CO (FA1D0)          0.06       6.55 f
  core/core/GEN_2_U3/u_fa_PartRem_0_2_7/CO (FA1D0)          0.06       6.60 f
  core/core/GEN_2_U3/u_fa_PartRem_0_2_8/CO (FA1D0)          0.06       6.67 f
  core/core/GEN_2_U3/U15/Z (AO21D0)                         0.12       6.78 f
  core/core/GEN_2_U3/U84/ZN (INR2D1)                        0.05       6.84 f
  core/core/GEN_2_U3/u_fa_PartRem_0_1_1/CO (FA1D0)          0.10       6.94 f
  core/core/GEN_2_U3/u_fa_PartRem_0_1_2/CO (FA1D0)          0.06       7.00 f
  core/core/GEN_2_U3/u_fa_PartRem_0_1_3/CO (FA1D0)          0.06       7.05 f
  core/core/GEN_2_U3/u_fa_PartRem_0_1_4/CO (FA1D0)          0.06       7.11 f
  core/core/GEN_2_U3/u_fa_PartRem_0_1_5/CO (FA1D0)          0.06       7.16 f
  core/core/GEN_2_U3/u_fa_PartRem_0_1_6/CO (FA1D0)          0.06       7.22 f
  core/core/GEN_2_U3/u_fa_PartRem_0_1_7/CO (FA1D0)          0.06       7.27 f
  core/core/GEN_2_U3/u_fa_PartRem_0_1_8/CO (FA1D0)          0.05       7.32 f
  core/core/GEN_2_U3/U5/Z (AO21D0)                          0.05       7.37 f
  core/core/GEN_2_U3/quotient[1] (fig8_dw_B9_DW_div_6)      0.00       7.37 f
  core/core/U99/Z (MUX2D0)                                  0.05       7.43 f
  core/core/U69/Z (AO21D0)                                  0.06       7.49 f
  core/core/z[0] (fig8_dw_B9_DW_fp_div_0)                   0.00       7.49 f
  core/result[14] (fig8_dw_B9)                              0.00       7.49 f
  result[14] (out)                                          0.00       7.49 f
  data arrival time                                                    7.49

  clock vclk (rise edge)                                   10.00      10.00
  clock network delay (ideal)                               0.00      10.00
  output external delay                                    -0.02       9.98
  data required time                                                   9.98
  ----------------------------------------------------------------------------
  data required time                                                   9.98
  data arrival time                                                   -7.49
  ----------------------------------------------------------------------------
  slack (MET)                                                          2.49


  Startpoint: y[15] (input port clocked by vclk)
  Endpoint: result[14] (output port clocked by vclk)
  Path Group: vclk
  Path Type: max

  Des/Clust/Port     Wire Load Model       Library
  ------------------------------------------------
  fig8_dw_B9_DW_div_6 ZeroWireload         tcbn65gplustc_ccs
  fig8_dw_B9_DW_fp_div_0 ZeroWireload      tcbn65gplustc_ccs
  fig8_dw_d14        ZeroWireload          tcbn65gplustc_ccs
  fig8_dw_B9         ZeroWireload          tcbn65gplustc_ccs

  Point                                                     Incr       Path
  ----------------------------------------------------------------------------
  clock vclk (rise edge)                                    0.00       0.00
  clock network delay (ideal)                               0.00       0.00
  input external delay                                      0.02       0.02 f
  y[15] (in)                                                0.01       0.03 f
  core/y[15] (fig8_dw_B9)                                   0.00       0.03 f
  core/core/b[1] (fig8_dw_B9_DW_fp_div_0)                   0.00       0.03 f
  core/core/GEN_2_U3/b[1] (fig8_dw_B9_DW_div_6)             0.00       0.03 f
  core/core/GEN_2_U3/U135/ZN (INVD1)                        0.10       0.13 r
  core/core/GEN_2_U3/u_fa_PartRem_0_11_1/CO (FA1D0)         0.11       0.23 r
  core/core/GEN_2_U3/u_fa_PartRem_0_11_2/CO (FA1D0)         0.05       0.29 r
  core/core/GEN_2_U3/u_fa_PartRem_0_11_3/CO (FA1D0)         0.05       0.34 r
  core/core/GEN_2_U3/u_fa_PartRem_0_11_4/CO (FA1D0)         0.05       0.39 r
  core/core/GEN_2_U3/u_fa_PartRem_0_11_5/CO (FA1D0)         0.05       0.44 r
  core/core/GEN_2_U3/u_fa_PartRem_0_11_6/CO (FA1D0)         0.05       0.49 r
  core/core/GEN_2_U3/u_fa_PartRem_0_11_7/CO (FA1D0)         0.05       0.54 r
  core/core/GEN_2_U3/u_fa_PartRem_0_11_8/CO (FA1D0)         0.15       0.69 r
  core/core/GEN_2_U3/U14/Z (MUX2D0)                         0.08       0.78 f
  core/core/GEN_2_U3/u_fa_PartRem_0_10_1/CO (FA1D0)         0.10       0.88 f
  core/core/GEN_2_U3/u_fa_PartRem_0_10_2/CO (FA1D0)         0.06       0.94 f
  core/core/GEN_2_U3/u_fa_PartRem_0_10_3/CO (FA1D0)         0.06       0.99 f
  core/core/GEN_2_U3/u_fa_PartRem_0_10_4/CO (FA1D0)         0.06       1.05 f
  core/core/GEN_2_U3/u_fa_PartRem_0_10_5/CO (FA1D0)         0.06       1.10 f
  core/core/GEN_2_U3/u_fa_PartRem_0_10_6/CO (FA1D0)         0.06       1.16 f
  core/core/GEN_2_U3/u_fa_PartRem_0_10_7/CO (FA1D0)         0.06       1.21 f
  core/core/GEN_2_U3/u_fa_PartRem_0_10_8/CO (FA1D0)         0.06       1.28 f
  core/core/GEN_2_U3/U91/ZN (IOA21D0)                       0.16       1.43 f
  core/core/GEN_2_U3/U174/ZN (MUX2ND0)                      0.08       1.52 f
  core/core/GEN_2_U3/U173/ZN (CKND1)                        0.02       1.54 r
  core/core/GEN_2_U3/u_fa_PartRem_0_9_2/CO (FA1D0)          0.09       1.63 r
  core/core/GEN_2_U3/u_fa_PartRem_0_9_3/CO (FA1D0)          0.05       1.68 r
  core/core/GEN_2_U3/u_fa_PartRem_0_9_4/CO (FA1D0)          0.05       1.74 r
  core/core/GEN_2_U3/u_fa_PartRem_0_9_5/CO (FA1D0)          0.05       1.79 r
  core/core/GEN_2_U3/u_fa_PartRem_0_9_6/CO (FA1D0)          0.05       1.84 r
  core/core/GEN_2_U3/u_fa_PartRem_0_9_7/CO (FA1D0)          0.05       1.89 r
  core/core/GEN_2_U3/u_fa_PartRem_0_9_8/CO (FA1D0)          0.06       1.95 r
  core/core/GEN_2_U3/U89/Z (AO21D0)                         0.15       2.10 r
  core/core/GEN_2_U3/U92/ZN (ND2D1)                         0.04       2.14 f
  core/core/GEN_2_U3/U147/ZN (CKND1)                        0.02       2.16 r
  core/core/GEN_2_U3/u_fa_PartRem_0_8_1/CO (FA1D0)          0.09       2.25 r
  core/core/GEN_2_U3/u_fa_PartRem_0_8_2/CO (FA1D0)          0.05       2.30 r
  core/core/GEN_2_U3/u_fa_PartRem_0_8_3/CO (FA1D0)          0.05       2.36 r
  core/core/GEN_2_U3/u_fa_PartRem_0_8_4/CO (FA1D0)          0.05       2.41 r
  core/core/GEN_2_U3/u_fa_PartRem_0_8_5/CO (FA1D0)          0.05       2.46 r
  core/core/GEN_2_U3/u_fa_PartRem_0_8_6/CO (FA1D0)          0.05       2.51 r
  core/core/GEN_2_U3/u_fa_PartRem_0_8_7/CO (FA1D0)          0.05       2.56 r
  core/core/GEN_2_U3/u_fa_PartRem_0_8_8/CO (FA1D0)          0.06       2.62 r
  core/core/GEN_2_U3/U85/Z (AO21D0)                         0.15       2.78 r
  core/core/GEN_2_U3/U93/ZN (ND2D1)                         0.04       2.81 f
  core/core/GEN_2_U3/U149/ZN (CKND1)                        0.02       2.83 r
  core/core/GEN_2_U3/u_fa_PartRem_0_7_1/CO (FA1D0)          0.09       2.92 r
  core/core/GEN_2_U3/u_fa_PartRem_0_7_2/CO (FA1D0)          0.05       2.98 r
  core/core/GEN_2_U3/u_fa_PartRem_0_7_3/CO (FA1D0)          0.05       3.03 r
  core/core/GEN_2_U3/u_fa_PartRem_0_7_4/CO (FA1D0)          0.05       3.08 r
  core/core/GEN_2_U3/u_fa_PartRem_0_7_5/CO (FA1D0)          0.05       3.13 r
  core/core/GEN_2_U3/u_fa_PartRem_0_7_6/CO (FA1D0)          0.05       3.18 r
  core/core/GEN_2_U3/u_fa_PartRem_0_7_7/CO (FA1D0)          0.05       3.23 r
  core/core/GEN_2_U3/u_fa_PartRem_0_7_8/CO (FA1D0)          0.06       3.29 r
  core/core/GEN_2_U3/U82/Z (AO21D0)                         0.15       3.45 r
  core/core/GEN_2_U3/U94/ZN (ND2D1)                         0.04       3.48 f
  core/core/GEN_2_U3/U152/ZN (CKND1)                        0.02       3.50 r
  core/core/GEN_2_U3/u_fa_PartRem_0_6_1/CO (FA1D0)          0.09       3.60 r
  core/core/GEN_2_U3/u_fa_PartRem_0_6_2/CO (FA1D0)          0.05       3.65 r
  core/core/GEN_2_U3/u_fa_PartRem_0_6_3/CO (FA1D0)          0.05       3.70 r
  core/core/GEN_2_U3/u_fa_PartRem_0_6_4/CO (FA1D0)          0.05       3.75 r
  core/core/GEN_2_U3/u_fa_PartRem_0_6_5/CO (FA1D0)          0.05       3.80 r
  core/core/GEN_2_U3/u_fa_PartRem_0_6_6/CO (FA1D0)          0.05       3.85 r
  core/core/GEN_2_U3/u_fa_PartRem_0_6_7/CO (FA1D0)          0.05       3.90 r
  core/core/GEN_2_U3/u_fa_PartRem_0_6_8/CO (FA1D0)          0.06       3.96 r
  core/core/GEN_2_U3/U80/Z (AO21D0)                         0.15       4.12 r
  core/core/GEN_2_U3/U95/ZN (ND2D1)                         0.04       4.15 f
  core/core/GEN_2_U3/U155/ZN (CKND1)                        0.02       4.17 r
  core/core/GEN_2_U3/u_fa_PartRem_0_5_1/CO (FA1D0)          0.09       4.27 r
  core/core/GEN_2_U3/u_fa_PartRem_0_5_2/CO (FA1D0)          0.05       4.32 r
  core/core/GEN_2_U3/u_fa_PartRem_0_5_3/CO (FA1D0)          0.05       4.37 r
  core/core/GEN_2_U3/u_fa_PartRem_0_5_4/CO (FA1D0)          0.05       4.42 r
  core/core/GEN_2_U3/u_fa_PartRem_0_5_5/CO (FA1D0)          0.05       4.47 r
  core/core/GEN_2_U3/u_fa_PartRem_0_5_6/CO (FA1D0)          0.05       4.52 r
  core/core/GEN_2_U3/u_fa_PartRem_0_5_7/CO (FA1D0)          0.05       4.57 r
  core/core/GEN_2_U3/u_fa_PartRem_0_5_8/CO (FA1D0)          0.06       4.64 r
  core/core/GEN_2_U3/U78/Z (AO21D0)                         0.15       4.79 r
  core/core/GEN_2_U3/U96/ZN (ND2D1)                         0.04       4.82 f
  core/core/GEN_2_U3/U158/ZN (CKND1)                        0.02       4.84 r
  core/core/GEN_2_U3/u_fa_PartRem_0_4_1/CO (FA1D0)          0.09       4.94 r
  core/core/GEN_2_U3/u_fa_PartRem_0_4_2/CO (FA1D0)          0.05       4.99 r
  core/core/GEN_2_U3/u_fa_PartRem_0_4_3/CO (FA1D0)          0.05       5.04 r
  core/core/GEN_2_U3/u_fa_PartRem_0_4_4/CO (FA1D0)          0.05       5.09 r
  core/core/GEN_2_U3/u_fa_PartRem_0_4_5/CO (FA1D0)          0.05       5.14 r
  core/core/GEN_2_U3/u_fa_PartRem_0_4_6/CO (FA1D0)          0.05       5.19 r
  core/core/GEN_2_U3/u_fa_PartRem_0_4_7/CO (FA1D0)          0.05       5.24 r
  core/core/GEN_2_U3/u_fa_PartRem_0_4_8/CO (FA1D0)          0.06       5.31 r
  core/core/GEN_2_U3/U76/Z (AO21D0)                         0.15       5.46 r
  core/core/GEN_2_U3/U97/ZN (ND2D1)                         0.04       5.49 f
  core/core/GEN_2_U3/U161/ZN (CKND1)                        0.02       5.52 r
  core/core/GEN_2_U3/u_fa_PartRem_0_3_1/CO (FA1D0)          0.09       5.61 r
  core/core/GEN_2_U3/u_fa_PartRem_0_3_2/CO (FA1D0)          0.05       5.66 r
  core/core/GEN_2_U3/u_fa_PartRem_0_3_3/CO (FA1D0)          0.05       5.71 r
  core/core/GEN_2_U3/u_fa_PartRem_0_3_4/CO (FA1D0)          0.05       5.76 r
  core/core/GEN_2_U3/u_fa_PartRem_0_3_5/CO (FA1D0)          0.05       5.81 r
  core/core/GEN_2_U3/u_fa_PartRem_0_3_6/CO (FA1D0)          0.05       5.86 r
  core/core/GEN_2_U3/u_fa_PartRem_0_3_7/CO (FA1D0)          0.05       5.92 r
  core/core/GEN_2_U3/u_fa_PartRem_0_3_8/CO (FA1D0)          0.06       5.98 r
  core/core/GEN_2_U3/U74/Z (AO21D0)                         0.15       6.13 r
  core/core/GEN_2_U3/U114/ZN (MUX2ND0)                      0.08       6.21 f
  core/core/GEN_2_U3/u_fa_PartRem_0_2_2/CO (FA1D0)          0.11       6.33 f
  core/core/GEN_2_U3/u_fa_PartRem_0_2_3/CO (FA1D0)          0.06       6.38 f
  core/core/GEN_2_U3/u_fa_PartRem_0_2_4/CO (FA1D0)          0.06       6.44 f
  core/core/GEN_2_U3/u_fa_PartRem_0_2_5/CO (FA1D0)          0.06       6.49 f
  core/core/GEN_2_U3/u_fa_PartRem_0_2_6/CO (FA1D0)          0.06       6.55 f
  core/core/GEN_2_U3/u_fa_PartRem_0_2_7/CO (FA1D0)          0.06       6.60 f
  core/core/GEN_2_U3/u_fa_PartRem_0_2_8/CO (FA1D0)          0.06       6.67 f
  core/core/GEN_2_U3/U15/Z (AO21D0)                         0.12       6.78 f
  core/core/GEN_2_U3/U84/ZN (INR2D1)                        0.05       6.84 f
  core/core/GEN_2_U3/u_fa_PartRem_0_1_1/CO (FA1D0)          0.10       6.94 f
  core/core/GEN_2_U3/u_fa_PartRem_0_1_2/CO (FA1D0)          0.06       7.00 f
  core/core/GEN_2_U3/u_fa_PartRem_0_1_3/CO (FA1D0)          0.06       7.05 f
  core/core/GEN_2_U3/u_fa_PartRem_0_1_4/CO (FA1D0)          0.06       7.11 f
  core/core/GEN_2_U3/u_fa_PartRem_0_1_5/CO (FA1D0)          0.06       7.16 f
  core/core/GEN_2_U3/u_fa_PartRem_0_1_6/CO (FA1D0)          0.06       7.22 f
  core/core/GEN_2_U3/u_fa_PartRem_0_1_7/CO (FA1D0)          0.06       7.27 f
  core/core/GEN_2_U3/u_fa_PartRem_0_1_8/CO (FA1D0)          0.05       7.32 f
  core/core/GEN_2_U3/U5/Z (AO21D0)                          0.05       7.37 f
  core/core/GEN_2_U3/quotient[1] (fig8_dw_B9_DW_div_6)      0.00       7.37 f
  core/core/U99/Z (MUX2D0)                                  0.05       7.43 f
  core/core/U69/Z (AO21D0)                                  0.06       7.49 f
  core/core/z[0] (fig8_dw_B9_DW_fp_div_0)                   0.00       7.49 f
  core/result[14] (fig8_dw_B9)                              0.00       7.49 f
  result[14] (out)                                          0.00       7.49 f
  data arrival time                                                    7.49

  clock vclk (rise edge)                                   10.00      10.00
  clock network delay (ideal)                               0.00      10.00
  output external delay                                    -0.02       9.98
  data required time                                                   9.98
  ----------------------------------------------------------------------------
  data required time                                                   9.98
  data arrival time                                                   -7.49
  ----------------------------------------------------------------------------
  slack (MET)                                                          2.49


  Startpoint: y[15] (input port clocked by vclk)
  Endpoint: result[14] (output port clocked by vclk)
  Path Group: vclk
  Path Type: max

  Des/Clust/Port     Wire Load Model       Library
  ------------------------------------------------
  fig8_dw_B9_DW_div_6 ZeroWireload         tcbn65gplustc_ccs
  fig8_dw_B9_DW_fp_div_0 ZeroWireload      tcbn65gplustc_ccs
  fig8_dw_d14        ZeroWireload          tcbn65gplustc_ccs
  fig8_dw_B9         ZeroWireload          tcbn65gplustc_ccs

  Point                                                     Incr       Path
  ----------------------------------------------------------------------------
  clock vclk (rise edge)                                    0.00       0.00
  clock network delay (ideal)                               0.00       0.00
  input external delay                                      0.02       0.02 f
  y[15] (in)                                                0.01       0.03 f
  core/y[15] (fig8_dw_B9)                                   0.00       0.03 f
  core/core/b[1] (fig8_dw_B9_DW_fp_div_0)                   0.00       0.03 f
  core/core/GEN_2_U3/b[1] (fig8_dw_B9_DW_div_6)             0.00       0.03 f
  core/core/GEN_2_U3/U135/ZN (INVD1)                        0.10       0.13 r
  core/core/GEN_2_U3/u_fa_PartRem_0_11_1/CO (FA1D0)         0.11       0.23 r
  core/core/GEN_2_U3/u_fa_PartRem_0_11_2/CO (FA1D0)         0.05       0.29 r
  core/core/GEN_2_U3/u_fa_PartRem_0_11_3/CO (FA1D0)         0.05       0.34 r
  core/core/GEN_2_U3/u_fa_PartRem_0_11_4/CO (FA1D0)         0.05       0.39 r
  core/core/GEN_2_U3/u_fa_PartRem_0_11_5/CO (FA1D0)         0.05       0.44 r
  core/core/GEN_2_U3/u_fa_PartRem_0_11_6/CO (FA1D0)         0.05       0.49 r
  core/core/GEN_2_U3/u_fa_PartRem_0_11_7/CO (FA1D0)         0.05       0.54 r
  core/core/GEN_2_U3/u_fa_PartRem_0_11_8/CO (FA1D0)         0.15       0.69 r
  core/core/GEN_2_U3/U14/Z (MUX2D0)                         0.08       0.78 f
  core/core/GEN_2_U3/u_fa_PartRem_0_10_1/CO (FA1D0)         0.10       0.88 f
  core/core/GEN_2_U3/u_fa_PartRem_0_10_2/CO (FA1D0)         0.06       0.94 f
  core/core/GEN_2_U3/u_fa_PartRem_0_10_3/CO (FA1D0)         0.06       0.99 f
  core/core/GEN_2_U3/u_fa_PartRem_0_10_4/CO (FA1D0)         0.06       1.05 f
  core/core/GEN_2_U3/u_fa_PartRem_0_10_5/CO (FA1D0)         0.06       1.10 f
  core/core/GEN_2_U3/u_fa_PartRem_0_10_6/CO (FA1D0)         0.06       1.16 f
  core/core/GEN_2_U3/u_fa_PartRem_0_10_7/CO (FA1D0)         0.06       1.21 f
  core/core/GEN_2_U3/u_fa_PartRem_0_10_8/CO (FA1D0)         0.06       1.28 f
  core/core/GEN_2_U3/U91/ZN (IOA21D0)                       0.16       1.43 f
  core/core/GEN_2_U3/U174/ZN (MUX2ND0)                      0.08       1.52 f
  core/core/GEN_2_U3/U173/ZN (CKND1)                        0.02       1.54 r
  core/core/GEN_2_U3/u_fa_PartRem_0_9_2/CO (FA1D0)          0.09       1.63 r
  core/core/GEN_2_U3/u_fa_PartRem_0_9_3/CO (FA1D0)          0.05       1.68 r
  core/core/GEN_2_U3/u_fa_PartRem_0_9_4/CO (FA1D0)          0.05       1.74 r
  core/core/GEN_2_U3/u_fa_PartRem_0_9_5/CO (FA1D0)          0.05       1.79 r
  core/core/GEN_2_U3/u_fa_PartRem_0_9_6/CO (FA1D0)          0.05       1.84 r
  core/core/GEN_2_U3/u_fa_PartRem_0_9_7/CO (FA1D0)          0.05       1.89 r
  core/core/GEN_2_U3/u_fa_PartRem_0_9_8/CO (FA1D0)          0.06       1.95 r
  core/core/GEN_2_U3/U89/Z (AO21D0)                         0.15       2.10 r
  core/core/GEN_2_U3/U92/ZN (ND2D1)                         0.04       2.14 f
  core/core/GEN_2_U3/U147/ZN (CKND1)                        0.02       2.16 r
  core/core/GEN_2_U3/u_fa_PartRem_0_8_1/CO (FA1D0)          0.09       2.25 r
  core/core/GEN_2_U3/u_fa_PartRem_0_8_2/CO (FA1D0)          0.05       2.30 r
  core/core/GEN_2_U3/u_fa_PartRem_0_8_3/CO (FA1D0)          0.05       2.36 r
  core/core/GEN_2_U3/u_fa_PartRem_0_8_4/CO (FA1D0)          0.05       2.41 r
  core/core/GEN_2_U3/u_fa_PartRem_0_8_5/CO (FA1D0)          0.05       2.46 r
  core/core/GEN_2_U3/u_fa_PartRem_0_8_6/CO (FA1D0)          0.05       2.51 r
  core/core/GEN_2_U3/u_fa_PartRem_0_8_7/CO (FA1D0)          0.05       2.56 r
  core/core/GEN_2_U3/u_fa_PartRem_0_8_8/CO (FA1D0)          0.06       2.62 r
  core/core/GEN_2_U3/U85/Z (AO21D0)                         0.15       2.78 r
  core/core/GEN_2_U3/U93/ZN (ND2D1)                         0.04       2.81 f
  core/core/GEN_2_U3/U149/ZN (CKND1)                        0.02       2.83 r
  core/core/GEN_2_U3/u_fa_PartRem_0_7_1/CO (FA1D0)          0.09       2.92 r
  core/core/GEN_2_U3/u_fa_PartRem_0_7_2/CO (FA1D0)          0.05       2.98 r
  core/core/GEN_2_U3/u_fa_PartRem_0_7_3/CO (FA1D0)          0.05       3.03 r
  core/core/GEN_2_U3/u_fa_PartRem_0_7_4/CO (FA1D0)          0.05       3.08 r
  core/core/GEN_2_U3/u_fa_PartRem_0_7_5/CO (FA1D0)          0.05       3.13 r
  core/core/GEN_2_U3/u_fa_PartRem_0_7_6/CO (FA1D0)          0.05       3.18 r
  core/core/GEN_2_U3/u_fa_PartRem_0_7_7/CO (FA1D0)          0.05       3.23 r
  core/core/GEN_2_U3/u_fa_PartRem_0_7_8/CO (FA1D0)          0.06       3.29 r
  core/core/GEN_2_U3/U82/Z (AO21D0)                         0.15       3.45 r
  core/core/GEN_2_U3/U94/ZN (ND2D1)                         0.04       3.48 f
  core/core/GEN_2_U3/U152/ZN (CKND1)                        0.02       3.50 r
  core/core/GEN_2_U3/u_fa_PartRem_0_6_1/CO (FA1D0)          0.09       3.60 r
  core/core/GEN_2_U3/u_fa_PartRem_0_6_2/CO (FA1D0)          0.05       3.65 r
  core/core/GEN_2_U3/u_fa_PartRem_0_6_3/CO (FA1D0)          0.05       3.70 r
  core/core/GEN_2_U3/u_fa_PartRem_0_6_4/CO (FA1D0)          0.05       3.75 r
  core/core/GEN_2_U3/u_fa_PartRem_0_6_5/CO (FA1D0)          0.05       3.80 r
  core/core/GEN_2_U3/u_fa_PartRem_0_6_6/CO (FA1D0)          0.05       3.85 r
  core/core/GEN_2_U3/u_fa_PartRem_0_6_7/CO (FA1D0)          0.05       3.90 r
  core/core/GEN_2_U3/u_fa_PartRem_0_6_8/CO (FA1D0)          0.06       3.96 r
  core/core/GEN_2_U3/U80/Z (AO21D0)                         0.15       4.12 r
  core/core/GEN_2_U3/U95/ZN (ND2D1)                         0.04       4.15 f
  core/core/GEN_2_U3/U155/ZN (CKND1)                        0.02       4.17 r
  core/core/GEN_2_U3/u_fa_PartRem_0_5_1/CO (FA1D0)          0.09       4.27 r
  core/core/GEN_2_U3/u_fa_PartRem_0_5_2/CO (FA1D0)          0.05       4.32 r
  core/core/GEN_2_U3/u_fa_PartRem_0_5_3/CO (FA1D0)          0.05       4.37 r
  core/core/GEN_2_U3/u_fa_PartRem_0_5_4/CO (FA1D0)          0.05       4.42 r
  core/core/GEN_2_U3/u_fa_PartRem_0_5_5/CO (FA1D0)          0.05       4.47 r
  core/core/GEN_2_U3/u_fa_PartRem_0_5_6/CO (FA1D0)          0.05       4.52 r
  core/core/GEN_2_U3/u_fa_PartRem_0_5_7/CO (FA1D0)          0.05       4.57 r
  core/core/GEN_2_U3/u_fa_PartRem_0_5_8/CO (FA1D0)          0.06       4.64 r
  core/core/GEN_2_U3/U78/Z (AO21D0)                         0.15       4.79 r
  core/core/GEN_2_U3/U96/ZN (ND2D1)                         0.04       4.82 f
  core/core/GEN_2_U3/U158/ZN (CKND1)                        0.02       4.84 r
  core/core/GEN_2_U3/u_fa_PartRem_0_4_1/CO (FA1D0)          0.09       4.94 r
  core/core/GEN_2_U3/u_fa_PartRem_0_4_2/CO (FA1D0)          0.05       4.99 r
  core/core/GEN_2_U3/u_fa_PartRem_0_4_3/CO (FA1D0)          0.05       5.04 r
  core/core/GEN_2_U3/u_fa_PartRem_0_4_4/CO (FA1D0)          0.05       5.09 r
  core/core/GEN_2_U3/u_fa_PartRem_0_4_5/CO (FA1D0)          0.05       5.14 r
  core/core/GEN_2_U3/u_fa_PartRem_0_4_6/CO (FA1D0)          0.05       5.19 r
  core/core/GEN_2_U3/u_fa_PartRem_0_4_7/CO (FA1D0)          0.05       5.24 r
  core/core/GEN_2_U3/u_fa_PartRem_0_4_8/CO (FA1D0)          0.06       5.31 r
  core/core/GEN_2_U3/U76/Z (AO21D0)                         0.15       5.46 r
  core/core/GEN_2_U3/U97/ZN (ND2D1)                         0.04       5.49 f
  core/core/GEN_2_U3/U161/ZN (CKND1)                        0.02       5.52 r
  core/core/GEN_2_U3/u_fa_PartRem_0_3_1/CO (FA1D0)          0.09       5.61 r
  core/core/GEN_2_U3/u_fa_PartRem_0_3_2/CO (FA1D0)          0.05       5.66 r
  core/core/GEN_2_U3/u_fa_PartRem_0_3_3/CO (FA1D0)          0.05       5.71 r
  core/core/GEN_2_U3/u_fa_PartRem_0_3_4/CO (FA1D0)          0.05       5.76 r
  core/core/GEN_2_U3/u_fa_PartRem_0_3_5/CO (FA1D0)          0.05       5.81 r
  core/core/GEN_2_U3/u_fa_PartRem_0_3_6/CO (FA1D0)          0.05       5.86 r
  core/core/GEN_2_U3/u_fa_PartRem_0_3_7/CO (FA1D0)          0.05       5.92 r
  core/core/GEN_2_U3/u_fa_PartRem_0_3_8/CO (FA1D0)          0.06       5.98 r
  core/core/GEN_2_U3/U74/Z (AO21D0)                         0.15       6.13 r
  core/core/GEN_2_U3/U114/ZN (MUX2ND0)                      0.08       6.21 f
  core/core/GEN_2_U3/u_fa_PartRem_0_2_2/CO (FA1D0)          0.11       6.33 f
  core/core/GEN_2_U3/u_fa_PartRem_0_2_3/CO (FA1D0)          0.06       6.38 f
  core/core/GEN_2_U3/u_fa_PartRem_0_2_4/CO (FA1D0)          0.06       6.44 f
  core/core/GEN_2_U3/u_fa_PartRem_0_2_5/CO (FA1D0)          0.06       6.49 f
  core/core/GEN_2_U3/u_fa_PartRem_0_2_6/CO (FA1D0)          0.06       6.55 f
  core/core/GEN_2_U3/u_fa_PartRem_0_2_7/CO (FA1D0)          0.06       6.60 f
  core/core/GEN_2_U3/u_fa_PartRem_0_2_8/CO (FA1D0)          0.06       6.67 f
  core/core/GEN_2_U3/U15/Z (AO21D0)                         0.12       6.78 f
  core/core/GEN_2_U3/U84/ZN (INR2D1)                        0.05       6.84 f
  core/core/GEN_2_U3/u_fa_PartRem_0_1_1/CO (FA1D0)          0.10       6.94 f
  core/core/GEN_2_U3/u_fa_PartRem_0_1_2/CO (FA1D0)          0.06       7.00 f
  core/core/GEN_2_U3/u_fa_PartRem_0_1_3/CO (FA1D0)          0.06       7.05 f
  core/core/GEN_2_U3/u_fa_PartRem_0_1_4/CO (FA1D0)          0.06       7.11 f
  core/core/GEN_2_U3/u_fa_PartRem_0_1_5/CO (FA1D0)          0.06       7.16 f
  core/core/GEN_2_U3/u_fa_PartRem_0_1_6/CO (FA1D0)          0.06       7.22 f
  core/core/GEN_2_U3/u_fa_PartRem_0_1_7/CO (FA1D0)          0.06       7.27 f
  core/core/GEN_2_U3/u_fa_PartRem_0_1_8/CO (FA1D0)          0.05       7.32 f
  core/core/GEN_2_U3/U5/Z (AO21D0)                          0.05       7.37 f
  core/core/GEN_2_U3/quotient[1] (fig8_dw_B9_DW_div_6)      0.00       7.37 f
  core/core/U99/Z (MUX2D0)                                  0.05       7.43 f
  core/core/U69/Z (AO21D0)                                  0.06       7.49 f
  core/core/z[0] (fig8_dw_B9_DW_fp_div_0)                   0.00       7.49 f
  core/result[14] (fig8_dw_B9)                              0.00       7.49 f
  result[14] (out)                                          0.00       7.49 f
  data arrival time                                                    7.49

  clock vclk (rise edge)                                   10.00      10.00
  clock network delay (ideal)                               0.00      10.00
  output external delay                                    -0.02       9.98
  data required time                                                   9.98
  ----------------------------------------------------------------------------
  data required time                                                   9.98
  data arrival time                                                   -7.49
  ----------------------------------------------------------------------------
  slack (MET)                                                          2.49


  Startpoint: y[15] (input port clocked by vclk)
  Endpoint: result[14] (output port clocked by vclk)
  Path Group: vclk
  Path Type: max

  Des/Clust/Port     Wire Load Model       Library
  ------------------------------------------------
  fig8_dw_B9_DW_div_6 ZeroWireload         tcbn65gplustc_ccs
  fig8_dw_B9_DW_fp_div_0 ZeroWireload      tcbn65gplustc_ccs
  fig8_dw_d14        ZeroWireload          tcbn65gplustc_ccs
  fig8_dw_B9         ZeroWireload          tcbn65gplustc_ccs

  Point                                                     Incr       Path
  ----------------------------------------------------------------------------
  clock vclk (rise edge)                                    0.00       0.00
  clock network delay (ideal)                               0.00       0.00
  input external delay                                      0.02       0.02 f
  y[15] (in)                                                0.01       0.03 f
  core/y[15] (fig8_dw_B9)                                   0.00       0.03 f
  core/core/b[1] (fig8_dw_B9_DW_fp_div_0)                   0.00       0.03 f
  core/core/GEN_2_U3/b[1] (fig8_dw_B9_DW_div_6)             0.00       0.03 f
  core/core/GEN_2_U3/U135/ZN (INVD1)                        0.10       0.13 r
  core/core/GEN_2_U3/u_fa_PartRem_0_11_1/CO (FA1D0)         0.11       0.23 r
  core/core/GEN_2_U3/u_fa_PartRem_0_11_2/CO (FA1D0)         0.05       0.29 r
  core/core/GEN_2_U3/u_fa_PartRem_0_11_3/CO (FA1D0)         0.05       0.34 r
  core/core/GEN_2_U3/u_fa_PartRem_0_11_4/CO (FA1D0)         0.05       0.39 r
  core/core/GEN_2_U3/u_fa_PartRem_0_11_5/CO (FA1D0)         0.05       0.44 r
  core/core/GEN_2_U3/u_fa_PartRem_0_11_6/CO (FA1D0)         0.05       0.49 r
  core/core/GEN_2_U3/u_fa_PartRem_0_11_7/CO (FA1D0)         0.05       0.54 r
  core/core/GEN_2_U3/u_fa_PartRem_0_11_8/CO (FA1D0)         0.15       0.69 r
  core/core/GEN_2_U3/U14/Z (MUX2D0)                         0.08       0.78 f
  core/core/GEN_2_U3/u_fa_PartRem_0_10_1/CO (FA1D0)         0.10       0.88 f
  core/core/GEN_2_U3/u_fa_PartRem_0_10_2/CO (FA1D0)         0.06       0.94 f
  core/core/GEN_2_U3/u_fa_PartRem_0_10_3/CO (FA1D0)         0.06       0.99 f
  core/core/GEN_2_U3/u_fa_PartRem_0_10_4/CO (FA1D0)         0.06       1.05 f
  core/core/GEN_2_U3/u_fa_PartRem_0_10_5/CO (FA1D0)         0.06       1.10 f
  core/core/GEN_2_U3/u_fa_PartRem_0_10_6/CO (FA1D0)         0.06       1.16 f
  core/core/GEN_2_U3/u_fa_PartRem_0_10_7/CO (FA1D0)         0.06       1.21 f
  core/core/GEN_2_U3/u_fa_PartRem_0_10_8/CO (FA1D0)         0.06       1.28 f
  core/core/GEN_2_U3/U91/ZN (IOA21D0)                       0.16       1.43 f
  core/core/GEN_2_U3/U174/ZN (MUX2ND0)                      0.08       1.52 f
  core/core/GEN_2_U3/U173/ZN (CKND1)                        0.02       1.54 r
  core/core/GEN_2_U3/u_fa_PartRem_0_9_2/CO (FA1D0)          0.09       1.63 r
  core/core/GEN_2_U3/u_fa_PartRem_0_9_3/CO (FA1D0)          0.05       1.68 r
  core/core/GEN_2_U3/u_fa_PartRem_0_9_4/CO (FA1D0)          0.05       1.74 r
  core/core/GEN_2_U3/u_fa_PartRem_0_9_5/CO (FA1D0)          0.05       1.79 r
  core/core/GEN_2_U3/u_fa_PartRem_0_9_6/CO (FA1D0)          0.05       1.84 r
  core/core/GEN_2_U3/u_fa_PartRem_0_9_7/CO (FA1D0)          0.05       1.89 r
  core/core/GEN_2_U3/u_fa_PartRem_0_9_8/CO (FA1D0)          0.06       1.95 r
  core/core/GEN_2_U3/U89/Z (AO21D0)                         0.15       2.10 r
  core/core/GEN_2_U3/U92/ZN (ND2D1)                         0.04       2.14 f
  core/core/GEN_2_U3/U147/ZN (CKND1)                        0.02       2.16 r
  core/core/GEN_2_U3/u_fa_PartRem_0_8_1/CO (FA1D0)          0.09       2.25 r
  core/core/GEN_2_U3/u_fa_PartRem_0_8_2/CO (FA1D0)          0.05       2.30 r
  core/core/GEN_2_U3/u_fa_PartRem_0_8_3/CO (FA1D0)          0.05       2.36 r
  core/core/GEN_2_U3/u_fa_PartRem_0_8_4/CO (FA1D0)          0.05       2.41 r
  core/core/GEN_2_U3/u_fa_PartRem_0_8_5/CO (FA1D0)          0.05       2.46 r
  core/core/GEN_2_U3/u_fa_PartRem_0_8_6/CO (FA1D0)          0.05       2.51 r
  core/core/GEN_2_U3/u_fa_PartRem_0_8_7/CO (FA1D0)          0.05       2.56 r
  core/core/GEN_2_U3/u_fa_PartRem_0_8_8/CO (FA1D0)          0.06       2.62 r
  core/core/GEN_2_U3/U85/Z (AO21D0)                         0.15       2.78 r
  core/core/GEN_2_U3/U93/ZN (ND2D1)                         0.04       2.81 f
  core/core/GEN_2_U3/U149/ZN (CKND1)                        0.02       2.83 r
  core/core/GEN_2_U3/u_fa_PartRem_0_7_1/CO (FA1D0)          0.09       2.92 r
  core/core/GEN_2_U3/u_fa_PartRem_0_7_2/CO (FA1D0)          0.05       2.98 r
  core/core/GEN_2_U3/u_fa_PartRem_0_7_3/CO (FA1D0)          0.05       3.03 r
  core/core/GEN_2_U3/u_fa_PartRem_0_7_4/CO (FA1D0)          0.05       3.08 r
  core/core/GEN_2_U3/u_fa_PartRem_0_7_5/CO (FA1D0)          0.05       3.13 r
  core/core/GEN_2_U3/u_fa_PartRem_0_7_6/CO (FA1D0)          0.05       3.18 r
  core/core/GEN_2_U3/u_fa_PartRem_0_7_7/CO (FA1D0)          0.05       3.23 r
  core/core/GEN_2_U3/u_fa_PartRem_0_7_8/CO (FA1D0)          0.06       3.29 r
  core/core/GEN_2_U3/U82/Z (AO21D0)                         0.15       3.45 r
  core/core/GEN_2_U3/U94/ZN (ND2D1)                         0.04       3.48 f
  core/core/GEN_2_U3/U152/ZN (CKND1)                        0.02       3.50 r
  core/core/GEN_2_U3/u_fa_PartRem_0_6_1/CO (FA1D0)          0.09       3.60 r
  core/core/GEN_2_U3/u_fa_PartRem_0_6_2/CO (FA1D0)          0.05       3.65 r
  core/core/GEN_2_U3/u_fa_PartRem_0_6_3/CO (FA1D0)          0.05       3.70 r
  core/core/GEN_2_U3/u_fa_PartRem_0_6_4/CO (FA1D0)          0.05       3.75 r
  core/core/GEN_2_U3/u_fa_PartRem_0_6_5/CO (FA1D0)          0.05       3.80 r
  core/core/GEN_2_U3/u_fa_PartRem_0_6_6/CO (FA1D0)          0.05       3.85 r
  core/core/GEN_2_U3/u_fa_PartRem_0_6_7/CO (FA1D0)          0.05       3.90 r
  core/core/GEN_2_U3/u_fa_PartRem_0_6_8/CO (FA1D0)          0.06       3.96 r
  core/core/GEN_2_U3/U80/Z (AO21D0)                         0.15       4.12 r
  core/core/GEN_2_U3/U95/ZN (ND2D1)                         0.04       4.15 f
  core/core/GEN_2_U3/U155/ZN (CKND1)                        0.02       4.17 r
  core/core/GEN_2_U3/u_fa_PartRem_0_5_1/CO (FA1D0)          0.09       4.27 r
  core/core/GEN_2_U3/u_fa_PartRem_0_5_2/CO (FA1D0)          0.05       4.32 r
  core/core/GEN_2_U3/u_fa_PartRem_0_5_3/CO (FA1D0)          0.05       4.37 r
  core/core/GEN_2_U3/u_fa_PartRem_0_5_4/CO (FA1D0)          0.05       4.42 r
  core/core/GEN_2_U3/u_fa_PartRem_0_5_5/CO (FA1D0)          0.05       4.47 r
  core/core/GEN_2_U3/u_fa_PartRem_0_5_6/CO (FA1D0)          0.05       4.52 r
  core/core/GEN_2_U3/u_fa_PartRem_0_5_7/CO (FA1D0)          0.05       4.57 r
  core/core/GEN_2_U3/u_fa_PartRem_0_5_8/CO (FA1D0)          0.06       4.64 r
  core/core/GEN_2_U3/U78/Z (AO21D0)                         0.15       4.79 r
  core/core/GEN_2_U3/U96/ZN (ND2D1)                         0.04       4.82 f
  core/core/GEN_2_U3/U158/ZN (CKND1)                        0.02       4.84 r
  core/core/GEN_2_U3/u_fa_PartRem_0_4_1/CO (FA1D0)          0.09       4.94 r
  core/core/GEN_2_U3/u_fa_PartRem_0_4_2/CO (FA1D0)          0.05       4.99 r
  core/core/GEN_2_U3/u_fa_PartRem_0_4_3/CO (FA1D0)          0.05       5.04 r
  core/core/GEN_2_U3/u_fa_PartRem_0_4_4/CO (FA1D0)          0.05       5.09 r
  core/core/GEN_2_U3/u_fa_PartRem_0_4_5/CO (FA1D0)          0.05       5.14 r
  core/core/GEN_2_U3/u_fa_PartRem_0_4_6/CO (FA1D0)          0.05       5.19 r
  core/core/GEN_2_U3/u_fa_PartRem_0_4_7/CO (FA1D0)          0.05       5.24 r
  core/core/GEN_2_U3/u_fa_PartRem_0_4_8/CO (FA1D0)          0.06       5.31 r
  core/core/GEN_2_U3/U76/Z (AO21D0)                         0.15       5.46 r
  core/core/GEN_2_U3/U97/ZN (ND2D1)                         0.04       5.49 f
  core/core/GEN_2_U3/U161/ZN (CKND1)                        0.02       5.52 r
  core/core/GEN_2_U3/u_fa_PartRem_0_3_1/CO (FA1D0)          0.09       5.61 r
  core/core/GEN_2_U3/u_fa_PartRem_0_3_2/CO (FA1D0)          0.05       5.66 r
  core/core/GEN_2_U3/u_fa_PartRem_0_3_3/CO (FA1D0)          0.05       5.71 r
  core/core/GEN_2_U3/u_fa_PartRem_0_3_4/CO (FA1D0)          0.05       5.76 r
  core/core/GEN_2_U3/u_fa_PartRem_0_3_5/CO (FA1D0)          0.05       5.81 r
  core/core/GEN_2_U3/u_fa_PartRem_0_3_6/CO (FA1D0)          0.05       5.86 r
  core/core/GEN_2_U3/u_fa_PartRem_0_3_7/CO (FA1D0)          0.05       5.92 r
  core/core/GEN_2_U3/u_fa_PartRem_0_3_8/CO (FA1D0)          0.06       5.98 r
  core/core/GEN_2_U3/U74/Z (AO21D0)                         0.15       6.13 r
  core/core/GEN_2_U3/U114/ZN (MUX2ND0)                      0.08       6.21 f
  core/core/GEN_2_U3/u_fa_PartRem_0_2_2/CO (FA1D0)          0.11       6.33 f
  core/core/GEN_2_U3/u_fa_PartRem_0_2_3/CO (FA1D0)          0.06       6.38 f
  core/core/GEN_2_U3/u_fa_PartRem_0_2_4/CO (FA1D0)          0.06       6.44 f
  core/core/GEN_2_U3/u_fa_PartRem_0_2_5/CO (FA1D0)          0.06       6.49 f
  core/core/GEN_2_U3/u_fa_PartRem_0_2_6/CO (FA1D0)          0.06       6.55 f
  core/core/GEN_2_U3/u_fa_PartRem_0_2_7/CO (FA1D0)          0.06       6.60 f
  core/core/GEN_2_U3/u_fa_PartRem_0_2_8/CO (FA1D0)          0.06       6.67 f
  core/core/GEN_2_U3/U15/Z (AO21D0)                         0.12       6.78 f
  core/core/GEN_2_U3/U84/ZN (INR2D1)                        0.05       6.84 f
  core/core/GEN_2_U3/u_fa_PartRem_0_1_1/CO (FA1D0)          0.10       6.94 f
  core/core/GEN_2_U3/u_fa_PartRem_0_1_2/CO (FA1D0)          0.06       7.00 f
  core/core/GEN_2_U3/u_fa_PartRem_0_1_3/CO (FA1D0)          0.06       7.05 f
  core/core/GEN_2_U3/u_fa_PartRem_0_1_4/CO (FA1D0)          0.06       7.11 f
  core/core/GEN_2_U3/u_fa_PartRem_0_1_5/CO (FA1D0)          0.06       7.16 f
  core/core/GEN_2_U3/u_fa_PartRem_0_1_6/CO (FA1D0)          0.06       7.22 f
  core/core/GEN_2_U3/u_fa_PartRem_0_1_7/CO (FA1D0)          0.06       7.27 f
  core/core/GEN_2_U3/u_fa_PartRem_0_1_8/CO (FA1D0)          0.05       7.32 f
  core/core/GEN_2_U3/U5/Z (AO21D0)                          0.05       7.37 f
  core/core/GEN_2_U3/quotient[1] (fig8_dw_B9_DW_div_6)      0.00       7.37 f
  core/core/U99/Z (MUX2D0)                                  0.05       7.43 f
  core/core/U69/Z (AO21D0)                                  0.06       7.49 f
  core/core/z[0] (fig8_dw_B9_DW_fp_div_0)                   0.00       7.49 f
  core/result[14] (fig8_dw_B9)                              0.00       7.49 f
  result[14] (out)                                          0.00       7.49 f
  data arrival time                                                    7.49

  clock vclk (rise edge)                                   10.00      10.00
  clock network delay (ideal)                               0.00      10.00
  output external delay                                    -0.02       9.98
  data required time                                                   9.98
  ----------------------------------------------------------------------------
  data required time                                                   9.98
  data arrival time                                                   -7.49
  ----------------------------------------------------------------------------
  slack (MET)                                                          2.49


  Startpoint: y[15] (input port clocked by vclk)
  Endpoint: result[14] (output port clocked by vclk)
  Path Group: vclk
  Path Type: max

  Des/Clust/Port     Wire Load Model       Library
  ------------------------------------------------
  fig8_dw_B9_DW_div_6 ZeroWireload         tcbn65gplustc_ccs
  fig8_dw_B9_DW_fp_div_0 ZeroWireload      tcbn65gplustc_ccs
  fig8_dw_d14        ZeroWireload          tcbn65gplustc_ccs
  fig8_dw_B9         ZeroWireload          tcbn65gplustc_ccs

  Point                                                     Incr       Path
  ----------------------------------------------------------------------------
  clock vclk (rise edge)                                    0.00       0.00
  clock network delay (ideal)                               0.00       0.00
  input external delay                                      0.02       0.02 f
  y[15] (in)                                                0.01       0.03 f
  core/y[15] (fig8_dw_B9)                                   0.00       0.03 f
  core/core/b[1] (fig8_dw_B9_DW_fp_div_0)                   0.00       0.03 f
  core/core/GEN_2_U3/b[1] (fig8_dw_B9_DW_div_6)             0.00       0.03 f
  core/core/GEN_2_U3/U135/ZN (INVD1)                        0.10       0.13 r
  core/core/GEN_2_U3/u_fa_PartRem_0_11_1/CO (FA1D0)         0.11       0.23 r
  core/core/GEN_2_U3/u_fa_PartRem_0_11_2/CO (FA1D0)         0.05       0.29 r
  core/core/GEN_2_U3/u_fa_PartRem_0_11_3/CO (FA1D0)         0.05       0.34 r
  core/core/GEN_2_U3/u_fa_PartRem_0_11_4/CO (FA1D0)         0.05       0.39 r
  core/core/GEN_2_U3/u_fa_PartRem_0_11_5/CO (FA1D0)         0.05       0.44 r
  core/core/GEN_2_U3/u_fa_PartRem_0_11_6/CO (FA1D0)         0.05       0.49 r
  core/core/GEN_2_U3/u_fa_PartRem_0_11_7/CO (FA1D0)         0.05       0.54 r
  core/core/GEN_2_U3/u_fa_PartRem_0_11_8/CO (FA1D0)         0.15       0.69 r
  core/core/GEN_2_U3/U14/Z (MUX2D0)                         0.08       0.78 f
  core/core/GEN_2_U3/u_fa_PartRem_0_10_1/CO (FA1D0)         0.10       0.88 f
  core/core/GEN_2_U3/u_fa_PartRem_0_10_2/CO (FA1D0)         0.06       0.94 f
  core/core/GEN_2_U3/u_fa_PartRem_0_10_3/CO (FA1D0)         0.06       0.99 f
  core/core/GEN_2_U3/u_fa_PartRem_0_10_4/CO (FA1D0)         0.06       1.05 f
  core/core/GEN_2_U3/u_fa_PartRem_0_10_5/CO (FA1D0)         0.06       1.10 f
  core/core/GEN_2_U3/u_fa_PartRem_0_10_6/CO (FA1D0)         0.06       1.16 f
  core/core/GEN_2_U3/u_fa_PartRem_0_10_7/CO (FA1D0)         0.06       1.21 f
  core/core/GEN_2_U3/u_fa_PartRem_0_10_8/CO (FA1D0)         0.06       1.28 f
  core/core/GEN_2_U3/U91/ZN (IOA21D0)                       0.16       1.43 f
  core/core/GEN_2_U3/U174/ZN (MUX2ND0)                      0.08       1.52 f
  core/core/GEN_2_U3/U173/ZN (CKND1)                        0.02       1.54 r
  core/core/GEN_2_U3/u_fa_PartRem_0_9_2/CO (FA1D0)          0.09       1.63 r
  core/core/GEN_2_U3/u_fa_PartRem_0_9_3/CO (FA1D0)          0.05       1.68 r
  core/core/GEN_2_U3/u_fa_PartRem_0_9_4/CO (FA1D0)          0.05       1.74 r
  core/core/GEN_2_U3/u_fa_PartRem_0_9_5/CO (FA1D0)          0.05       1.79 r
  core/core/GEN_2_U3/u_fa_PartRem_0_9_6/CO (FA1D0)          0.05       1.84 r
  core/core/GEN_2_U3/u_fa_PartRem_0_9_7/CO (FA1D0)          0.05       1.89 r
  core/core/GEN_2_U3/u_fa_PartRem_0_9_8/CO (FA1D0)          0.06       1.95 r
  core/core/GEN_2_U3/U89/Z (AO21D0)                         0.15       2.10 r
  core/core/GEN_2_U3/U92/ZN (ND2D1)                         0.04       2.14 f
  core/core/GEN_2_U3/U147/ZN (CKND1)                        0.02       2.16 r
  core/core/GEN_2_U3/u_fa_PartRem_0_8_1/CO (FA1D0)          0.09       2.25 r
  core/core/GEN_2_U3/u_fa_PartRem_0_8_2/CO (FA1D0)          0.05       2.30 r
  core/core/GEN_2_U3/u_fa_PartRem_0_8_3/CO (FA1D0)          0.05       2.36 r
  core/core/GEN_2_U3/u_fa_PartRem_0_8_4/CO (FA1D0)          0.05       2.41 r
  core/core/GEN_2_U3/u_fa_PartRem_0_8_5/CO (FA1D0)          0.05       2.46 r
  core/core/GEN_2_U3/u_fa_PartRem_0_8_6/CO (FA1D0)          0.05       2.51 r
  core/core/GEN_2_U3/u_fa_PartRem_0_8_7/CO (FA1D0)          0.05       2.56 r
  core/core/GEN_2_U3/u_fa_PartRem_0_8_8/CO (FA1D0)          0.06       2.62 r
  core/core/GEN_2_U3/U85/Z (AO21D0)                         0.15       2.78 r
  core/core/GEN_2_U3/U93/ZN (ND2D1)                         0.04       2.81 f
  core/core/GEN_2_U3/U149/ZN (CKND1)                        0.02       2.83 r
  core/core/GEN_2_U3/u_fa_PartRem_0_7_1/CO (FA1D0)          0.09       2.92 r
  core/core/GEN_2_U3/u_fa_PartRem_0_7_2/CO (FA1D0)          0.05       2.98 r
  core/core/GEN_2_U3/u_fa_PartRem_0_7_3/CO (FA1D0)          0.05       3.03 r
  core/core/GEN_2_U3/u_fa_PartRem_0_7_4/CO (FA1D0)          0.05       3.08 r
  core/core/GEN_2_U3/u_fa_PartRem_0_7_5/CO (FA1D0)          0.05       3.13 r
  core/core/GEN_2_U3/u_fa_PartRem_0_7_6/CO (FA1D0)          0.05       3.18 r
  core/core/GEN_2_U3/u_fa_PartRem_0_7_7/CO (FA1D0)          0.05       3.23 r
  core/core/GEN_2_U3/u_fa_PartRem_0_7_8/CO (FA1D0)          0.06       3.29 r
  core/core/GEN_2_U3/U82/Z (AO21D0)                         0.15       3.45 r
  core/core/GEN_2_U3/U94/ZN (ND2D1)                         0.04       3.48 f
  core/core/GEN_2_U3/U152/ZN (CKND1)                        0.02       3.50 r
  core/core/GEN_2_U3/u_fa_PartRem_0_6_1/CO (FA1D0)          0.09       3.60 r
  core/core/GEN_2_U3/u_fa_PartRem_0_6_2/CO (FA1D0)          0.05       3.65 r
  core/core/GEN_2_U3/u_fa_PartRem_0_6_3/CO (FA1D0)          0.05       3.70 r
  core/core/GEN_2_U3/u_fa_PartRem_0_6_4/CO (FA1D0)          0.05       3.75 r
  core/core/GEN_2_U3/u_fa_PartRem_0_6_5/CO (FA1D0)          0.05       3.80 r
  core/core/GEN_2_U3/u_fa_PartRem_0_6_6/CO (FA1D0)          0.05       3.85 r
  core/core/GEN_2_U3/u_fa_PartRem_0_6_7/CO (FA1D0)          0.05       3.90 r
  core/core/GEN_2_U3/u_fa_PartRem_0_6_8/CO (FA1D0)          0.06       3.96 r
  core/core/GEN_2_U3/U80/Z (AO21D0)                         0.15       4.12 r
  core/core/GEN_2_U3/U95/ZN (ND2D1)                         0.04       4.15 f
  core/core/GEN_2_U3/U155/ZN (CKND1)                        0.02       4.17 r
  core/core/GEN_2_U3/u_fa_PartRem_0_5_1/CO (FA1D0)          0.09       4.27 r
  core/core/GEN_2_U3/u_fa_PartRem_0_5_2/CO (FA1D0)          0.05       4.32 r
  core/core/GEN_2_U3/u_fa_PartRem_0_5_3/CO (FA1D0)          0.05       4.37 r
  core/core/GEN_2_U3/u_fa_PartRem_0_5_4/CO (FA1D0)          0.05       4.42 r
  core/core/GEN_2_U3/u_fa_PartRem_0_5_5/CO (FA1D0)          0.05       4.47 r
  core/core/GEN_2_U3/u_fa_PartRem_0_5_6/CO (FA1D0)          0.05       4.52 r
  core/core/GEN_2_U3/u_fa_PartRem_0_5_7/CO (FA1D0)          0.05       4.57 r
  core/core/GEN_2_U3/u_fa_PartRem_0_5_8/CO (FA1D0)          0.06       4.64 r
  core/core/GEN_2_U3/U78/Z (AO21D0)                         0.15       4.79 r
  core/core/GEN_2_U3/U96/ZN (ND2D1)                         0.04       4.82 f
  core/core/GEN_2_U3/U158/ZN (CKND1)                        0.02       4.84 r
  core/core/GEN_2_U3/u_fa_PartRem_0_4_1/CO (FA1D0)          0.09       4.94 r
  core/core/GEN_2_U3/u_fa_PartRem_0_4_2/CO (FA1D0)          0.05       4.99 r
  core/core/GEN_2_U3/u_fa_PartRem_0_4_3/CO (FA1D0)          0.05       5.04 r
  core/core/GEN_2_U3/u_fa_PartRem_0_4_4/CO (FA1D0)          0.05       5.09 r
  core/core/GEN_2_U3/u_fa_PartRem_0_4_5/CO (FA1D0)          0.05       5.14 r
  core/core/GEN_2_U3/u_fa_PartRem_0_4_6/CO (FA1D0)          0.05       5.19 r
  core/core/GEN_2_U3/u_fa_PartRem_0_4_7/CO (FA1D0)          0.05       5.24 r
  core/core/GEN_2_U3/u_fa_PartRem_0_4_8/CO (FA1D0)          0.06       5.31 r
  core/core/GEN_2_U3/U76/Z (AO21D0)                         0.15       5.46 r
  core/core/GEN_2_U3/U97/ZN (ND2D1)                         0.04       5.49 f
  core/core/GEN_2_U3/U161/ZN (CKND1)                        0.02       5.52 r
  core/core/GEN_2_U3/u_fa_PartRem_0_3_1/CO (FA1D0)          0.09       5.61 r
  core/core/GEN_2_U3/u_fa_PartRem_0_3_2/CO (FA1D0)          0.05       5.66 r
  core/core/GEN_2_U3/u_fa_PartRem_0_3_3/CO (FA1D0)          0.05       5.71 r
  core/core/GEN_2_U3/u_fa_PartRem_0_3_4/CO (FA1D0)          0.05       5.76 r
  core/core/GEN_2_U3/u_fa_PartRem_0_3_5/CO (FA1D0)          0.05       5.81 r
  core/core/GEN_2_U3/u_fa_PartRem_0_3_6/CO (FA1D0)          0.05       5.86 r
  core/core/GEN_2_U3/u_fa_PartRem_0_3_7/CO (FA1D0)          0.05       5.92 r
  core/core/GEN_2_U3/u_fa_PartRem_0_3_8/CO (FA1D0)          0.06       5.98 r
  core/core/GEN_2_U3/U74/Z (AO21D0)                         0.15       6.13 r
  core/core/GEN_2_U3/U114/ZN (MUX2ND0)                      0.08       6.21 f
  core/core/GEN_2_U3/u_fa_PartRem_0_2_2/CO (FA1D0)          0.11       6.33 f
  core/core/GEN_2_U3/u_fa_PartRem_0_2_3/CO (FA1D0)          0.06       6.38 f
  core/core/GEN_2_U3/u_fa_PartRem_0_2_4/CO (FA1D0)          0.06       6.44 f
  core/core/GEN_2_U3/u_fa_PartRem_0_2_5/CO (FA1D0)          0.06       6.49 f
  core/core/GEN_2_U3/u_fa_PartRem_0_2_6/CO (FA1D0)          0.06       6.55 f
  core/core/GEN_2_U3/u_fa_PartRem_0_2_7/CO (FA1D0)          0.06       6.60 f
  core/core/GEN_2_U3/u_fa_PartRem_0_2_8/CO (FA1D0)          0.06       6.67 f
  core/core/GEN_2_U3/U15/Z (AO21D0)                         0.12       6.78 f
  core/core/GEN_2_U3/U84/ZN (INR2D1)                        0.05       6.84 f
  core/core/GEN_2_U3/u_fa_PartRem_0_1_1/CO (FA1D0)          0.10       6.94 f
  core/core/GEN_2_U3/u_fa_PartRem_0_1_2/CO (FA1D0)          0.06       7.00 f
  core/core/GEN_2_U3/u_fa_PartRem_0_1_3/CO (FA1D0)          0.06       7.05 f
  core/core/GEN_2_U3/u_fa_PartRem_0_1_4/CO (FA1D0)          0.06       7.11 f
  core/core/GEN_2_U3/u_fa_PartRem_0_1_5/CO (FA1D0)          0.06       7.16 f
  core/core/GEN_2_U3/u_fa_PartRem_0_1_6/CO (FA1D0)          0.06       7.22 f
  core/core/GEN_2_U3/u_fa_PartRem_0_1_7/CO (FA1D0)          0.06       7.27 f
  core/core/GEN_2_U3/u_fa_PartRem_0_1_8/CO (FA1D0)          0.05       7.32 f
  core/core/GEN_2_U3/U5/Z (AO21D0)                          0.05       7.37 f
  core/core/GEN_2_U3/quotient[1] (fig8_dw_B9_DW_div_6)      0.00       7.37 f
  core/core/U99/Z (MUX2D0)                                  0.05       7.43 f
  core/core/U69/Z (AO21D0)                                  0.06       7.49 f
  core/core/z[0] (fig8_dw_B9_DW_fp_div_0)                   0.00       7.49 f
  core/result[14] (fig8_dw_B9)                              0.00       7.49 f
  result[14] (out)                                          0.00       7.49 f
  data arrival time                                                    7.49

  clock vclk (rise edge)                                   10.00      10.00
  clock network delay (ideal)                               0.00      10.00
  output external delay                                    -0.02       9.98
  data required time                                                   9.98
  ----------------------------------------------------------------------------
  data required time                                                   9.98
  data arrival time                                                   -7.49
  ----------------------------------------------------------------------------
  slack (MET)                                                          2.49


  Startpoint: y[15] (input port clocked by vclk)
  Endpoint: result[14] (output port clocked by vclk)
  Path Group: vclk
  Path Type: max

  Des/Clust/Port     Wire Load Model       Library
  ------------------------------------------------
  fig8_dw_B9_DW_div_6 ZeroWireload         tcbn65gplustc_ccs
  fig8_dw_B9_DW_fp_div_0 ZeroWireload      tcbn65gplustc_ccs
  fig8_dw_d14        ZeroWireload          tcbn65gplustc_ccs
  fig8_dw_B9         ZeroWireload          tcbn65gplustc_ccs

  Point                                                     Incr       Path
  ----------------------------------------------------------------------------
  clock vclk (rise edge)                                    0.00       0.00
  clock network delay (ideal)                               0.00       0.00
  input external delay                                      0.02       0.02 f
  y[15] (in)                                                0.01       0.03 f
  core/y[15] (fig8_dw_B9)                                   0.00       0.03 f
  core/core/b[1] (fig8_dw_B9_DW_fp_div_0)                   0.00       0.03 f
  core/core/GEN_2_U3/b[1] (fig8_dw_B9_DW_div_6)             0.00       0.03 f
  core/core/GEN_2_U3/U135/ZN (INVD1)                        0.10       0.13 r
  core/core/GEN_2_U3/u_fa_PartRem_0_11_1/CO (FA1D0)         0.11       0.23 r
  core/core/GEN_2_U3/u_fa_PartRem_0_11_2/CO (FA1D0)         0.05       0.29 r
  core/core/GEN_2_U3/u_fa_PartRem_0_11_3/CO (FA1D0)         0.05       0.34 r
  core/core/GEN_2_U3/u_fa_PartRem_0_11_4/CO (FA1D0)         0.05       0.39 r
  core/core/GEN_2_U3/u_fa_PartRem_0_11_5/CO (FA1D0)         0.05       0.44 r
  core/core/GEN_2_U3/u_fa_PartRem_0_11_6/CO (FA1D0)         0.05       0.49 r
  core/core/GEN_2_U3/u_fa_PartRem_0_11_7/CO (FA1D0)         0.05       0.54 r
  core/core/GEN_2_U3/u_fa_PartRem_0_11_8/CO (FA1D0)         0.15       0.69 r
  core/core/GEN_2_U3/U14/Z (MUX2D0)                         0.08       0.78 f
  core/core/GEN_2_U3/u_fa_PartRem_0_10_1/CO (FA1D0)         0.10       0.88 f
  core/core/GEN_2_U3/u_fa_PartRem_0_10_2/CO (FA1D0)         0.06       0.94 f
  core/core/GEN_2_U3/u_fa_PartRem_0_10_3/CO (FA1D0)         0.06       0.99 f
  core/core/GEN_2_U3/u_fa_PartRem_0_10_4/CO (FA1D0)         0.06       1.05 f
  core/core/GEN_2_U3/u_fa_PartRem_0_10_5/CO (FA1D0)         0.06       1.10 f
  core/core/GEN_2_U3/u_fa_PartRem_0_10_6/CO (FA1D0)         0.06       1.16 f
  core/core/GEN_2_U3/u_fa_PartRem_0_10_7/CO (FA1D0)         0.06       1.21 f
  core/core/GEN_2_U3/u_fa_PartRem_0_10_8/CO (FA1D0)         0.06       1.28 f
  core/core/GEN_2_U3/U91/ZN (IOA21D0)                       0.16       1.43 f
  core/core/GEN_2_U3/U174/ZN (MUX2ND0)                      0.08       1.52 f
  core/core/GEN_2_U3/U173/ZN (CKND1)                        0.02       1.54 r
  core/core/GEN_2_U3/u_fa_PartRem_0_9_2/CO (FA1D0)          0.09       1.63 r
  core/core/GEN_2_U3/u_fa_PartRem_0_9_3/CO (FA1D0)          0.05       1.68 r
  core/core/GEN_2_U3/u_fa_PartRem_0_9_4/CO (FA1D0)          0.05       1.74 r
  core/core/GEN_2_U3/u_fa_PartRem_0_9_5/CO (FA1D0)          0.05       1.79 r
  core/core/GEN_2_U3/u_fa_PartRem_0_9_6/CO (FA1D0)          0.05       1.84 r
  core/core/GEN_2_U3/u_fa_PartRem_0_9_7/CO (FA1D0)          0.05       1.89 r
  core/core/GEN_2_U3/u_fa_PartRem_0_9_8/CO (FA1D0)          0.06       1.95 r
  core/core/GEN_2_U3/U89/Z (AO21D0)                         0.15       2.10 r
  core/core/GEN_2_U3/U92/ZN (ND2D1)                         0.04       2.14 f
  core/core/GEN_2_U3/U147/ZN (CKND1)                        0.02       2.16 r
  core/core/GEN_2_U3/u_fa_PartRem_0_8_1/CO (FA1D0)          0.09       2.25 r
  core/core/GEN_2_U3/u_fa_PartRem_0_8_2/CO (FA1D0)          0.05       2.30 r
  core/core/GEN_2_U3/u_fa_PartRem_0_8_3/CO (FA1D0)          0.05       2.36 r
  core/core/GEN_2_U3/u_fa_PartRem_0_8_4/CO (FA1D0)          0.05       2.41 r
  core/core/GEN_2_U3/u_fa_PartRem_0_8_5/CO (FA1D0)          0.05       2.46 r
  core/core/GEN_2_U3/u_fa_PartRem_0_8_6/CO (FA1D0)          0.05       2.51 r
  core/core/GEN_2_U3/u_fa_PartRem_0_8_7/CO (FA1D0)          0.05       2.56 r
  core/core/GEN_2_U3/u_fa_PartRem_0_8_8/CO (FA1D0)          0.06       2.62 r
  core/core/GEN_2_U3/U85/Z (AO21D0)                         0.15       2.78 r
  core/core/GEN_2_U3/U93/ZN (ND2D1)                         0.04       2.81 f
  core/core/GEN_2_U3/U149/ZN (CKND1)                        0.02       2.83 r
  core/core/GEN_2_U3/u_fa_PartRem_0_7_1/CO (FA1D0)          0.09       2.92 r
  core/core/GEN_2_U3/u_fa_PartRem_0_7_2/CO (FA1D0)          0.05       2.98 r
  core/core/GEN_2_U3/u_fa_PartRem_0_7_3/CO (FA1D0)          0.05       3.03 r
  core/core/GEN_2_U3/u_fa_PartRem_0_7_4/CO (FA1D0)          0.05       3.08 r
  core/core/GEN_2_U3/u_fa_PartRem_0_7_5/CO (FA1D0)          0.05       3.13 r
  core/core/GEN_2_U3/u_fa_PartRem_0_7_6/CO (FA1D0)          0.05       3.18 r
  core/core/GEN_2_U3/u_fa_PartRem_0_7_7/CO (FA1D0)          0.05       3.23 r
  core/core/GEN_2_U3/u_fa_PartRem_0_7_8/CO (FA1D0)          0.06       3.29 r
  core/core/GEN_2_U3/U82/Z (AO21D0)                         0.15       3.45 r
  core/core/GEN_2_U3/U94/ZN (ND2D1)                         0.04       3.48 f
  core/core/GEN_2_U3/U152/ZN (CKND1)                        0.02       3.50 r
  core/core/GEN_2_U3/u_fa_PartRem_0_6_1/CO (FA1D0)          0.09       3.60 r
  core/core/GEN_2_U3/u_fa_PartRem_0_6_2/CO (FA1D0)          0.05       3.65 r
  core/core/GEN_2_U3/u_fa_PartRem_0_6_3/CO (FA1D0)          0.05       3.70 r
  core/core/GEN_2_U3/u_fa_PartRem_0_6_4/CO (FA1D0)          0.05       3.75 r
  core/core/GEN_2_U3/u_fa_PartRem_0_6_5/CO (FA1D0)          0.05       3.80 r
  core/core/GEN_2_U3/u_fa_PartRem_0_6_6/CO (FA1D0)          0.05       3.85 r
  core/core/GEN_2_U3/u_fa_PartRem_0_6_7/CO (FA1D0)          0.05       3.90 r
  core/core/GEN_2_U3/u_fa_PartRem_0_6_8/CO (FA1D0)          0.06       3.96 r
  core/core/GEN_2_U3/U80/Z (AO21D0)                         0.15       4.12 r
  core/core/GEN_2_U3/U95/ZN (ND2D1)                         0.04       4.15 f
  core/core/GEN_2_U3/U155/ZN (CKND1)                        0.02       4.17 r
  core/core/GEN_2_U3/u_fa_PartRem_0_5_1/CO (FA1D0)          0.09       4.27 r
  core/core/GEN_2_U3/u_fa_PartRem_0_5_2/CO (FA1D0)          0.05       4.32 r
  core/core/GEN_2_U3/u_fa_PartRem_0_5_3/CO (FA1D0)          0.05       4.37 r
  core/core/GEN_2_U3/u_fa_PartRem_0_5_4/CO (FA1D0)          0.05       4.42 r
  core/core/GEN_2_U3/u_fa_PartRem_0_5_5/CO (FA1D0)          0.05       4.47 r
  core/core/GEN_2_U3/u_fa_PartRem_0_5_6/CO (FA1D0)          0.05       4.52 r
  core/core/GEN_2_U3/u_fa_PartRem_0_5_7/CO (FA1D0)          0.05       4.57 r
  core/core/GEN_2_U3/u_fa_PartRem_0_5_8/CO (FA1D0)          0.06       4.64 r
  core/core/GEN_2_U3/U78/Z (AO21D0)                         0.15       4.79 r
  core/core/GEN_2_U3/U96/ZN (ND2D1)                         0.04       4.82 f
  core/core/GEN_2_U3/U158/ZN (CKND1)                        0.02       4.84 r
  core/core/GEN_2_U3/u_fa_PartRem_0_4_1/CO (FA1D0)          0.09       4.94 r
  core/core/GEN_2_U3/u_fa_PartRem_0_4_2/CO (FA1D0)          0.05       4.99 r
  core/core/GEN_2_U3/u_fa_PartRem_0_4_3/CO (FA1D0)          0.05       5.04 r
  core/core/GEN_2_U3/u_fa_PartRem_0_4_4/CO (FA1D0)          0.05       5.09 r
  core/core/GEN_2_U3/u_fa_PartRem_0_4_5/CO (FA1D0)          0.05       5.14 r
  core/core/GEN_2_U3/u_fa_PartRem_0_4_6/CO (FA1D0)          0.05       5.19 r
  core/core/GEN_2_U3/u_fa_PartRem_0_4_7/CO (FA1D0)          0.05       5.24 r
  core/core/GEN_2_U3/u_fa_PartRem_0_4_8/CO (FA1D0)          0.06       5.31 r
  core/core/GEN_2_U3/U76/Z (AO21D0)                         0.15       5.46 r
  core/core/GEN_2_U3/U97/ZN (ND2D1)                         0.04       5.49 f
  core/core/GEN_2_U3/U161/ZN (CKND1)                        0.02       5.52 r
  core/core/GEN_2_U3/u_fa_PartRem_0_3_1/CO (FA1D0)          0.09       5.61 r
  core/core/GEN_2_U3/u_fa_PartRem_0_3_2/CO (FA1D0)          0.05       5.66 r
  core/core/GEN_2_U3/u_fa_PartRem_0_3_3/CO (FA1D0)          0.05       5.71 r
  core/core/GEN_2_U3/u_fa_PartRem_0_3_4/CO (FA1D0)          0.05       5.76 r
  core/core/GEN_2_U3/u_fa_PartRem_0_3_5/CO (FA1D0)          0.05       5.81 r
  core/core/GEN_2_U3/u_fa_PartRem_0_3_6/CO (FA1D0)          0.05       5.86 r
  core/core/GEN_2_U3/u_fa_PartRem_0_3_7/CO (FA1D0)          0.05       5.92 r
  core/core/GEN_2_U3/u_fa_PartRem_0_3_8/CO (FA1D0)          0.06       5.98 r
  core/core/GEN_2_U3/U74/Z (AO21D0)                         0.15       6.13 r
  core/core/GEN_2_U3/U114/ZN (MUX2ND0)                      0.08       6.21 f
  core/core/GEN_2_U3/u_fa_PartRem_0_2_2/CO (FA1D0)          0.11       6.33 f
  core/core/GEN_2_U3/u_fa_PartRem_0_2_3/CO (FA1D0)          0.06       6.38 f
  core/core/GEN_2_U3/u_fa_PartRem_0_2_4/CO (FA1D0)          0.06       6.44 f
  core/core/GEN_2_U3/u_fa_PartRem_0_2_5/CO (FA1D0)          0.06       6.49 f
  core/core/GEN_2_U3/u_fa_PartRem_0_2_6/CO (FA1D0)          0.06       6.55 f
  core/core/GEN_2_U3/u_fa_PartRem_0_2_7/CO (FA1D0)          0.06       6.60 f
  core/core/GEN_2_U3/u_fa_PartRem_0_2_8/CO (FA1D0)          0.06       6.67 f
  core/core/GEN_2_U3/U15/Z (AO21D0)                         0.12       6.78 f
  core/core/GEN_2_U3/U84/ZN (INR2D1)                        0.05       6.84 f
  core/core/GEN_2_U3/u_fa_PartRem_0_1_1/CO (FA1D0)          0.10       6.94 f
  core/core/GEN_2_U3/u_fa_PartRem_0_1_2/CO (FA1D0)          0.06       7.00 f
  core/core/GEN_2_U3/u_fa_PartRem_0_1_3/CO (FA1D0)          0.06       7.05 f
  core/core/GEN_2_U3/u_fa_PartRem_0_1_4/CO (FA1D0)          0.06       7.11 f
  core/core/GEN_2_U3/u_fa_PartRem_0_1_5/CO (FA1D0)          0.06       7.16 f
  core/core/GEN_2_U3/u_fa_PartRem_0_1_6/CO (FA1D0)          0.06       7.22 f
  core/core/GEN_2_U3/u_fa_PartRem_0_1_7/CO (FA1D0)          0.06       7.27 f
  core/core/GEN_2_U3/u_fa_PartRem_0_1_8/CO (FA1D0)          0.05       7.32 f
  core/core/GEN_2_U3/U5/Z (AO21D0)                          0.05       7.37 f
  core/core/GEN_2_U3/quotient[1] (fig8_dw_B9_DW_div_6)      0.00       7.37 f
  core/core/U99/Z (MUX2D0)                                  0.05       7.43 f
  core/core/U69/Z (AO21D0)                                  0.06       7.49 f
  core/core/z[0] (fig8_dw_B9_DW_fp_div_0)                   0.00       7.49 f
  core/result[14] (fig8_dw_B9)                              0.00       7.49 f
  result[14] (out)                                          0.00       7.49 f
  data arrival time                                                    7.49

  clock vclk (rise edge)                                   10.00      10.00
  clock network delay (ideal)                               0.00      10.00
  output external delay                                    -0.02       9.98
  data required time                                                   9.98
  ----------------------------------------------------------------------------
  data required time                                                   9.98
  data arrival time                                                   -7.49
  ----------------------------------------------------------------------------
  slack (MET)                                                          2.49


  Startpoint: y[15] (input port clocked by vclk)
  Endpoint: result[14] (output port clocked by vclk)
  Path Group: vclk
  Path Type: max

  Des/Clust/Port     Wire Load Model       Library
  ------------------------------------------------
  fig8_dw_B9_DW_div_6 ZeroWireload         tcbn65gplustc_ccs
  fig8_dw_B9_DW_fp_div_0 ZeroWireload      tcbn65gplustc_ccs
  fig8_dw_d14        ZeroWireload          tcbn65gplustc_ccs
  fig8_dw_B9         ZeroWireload          tcbn65gplustc_ccs

  Point                                                     Incr       Path
  ----------------------------------------------------------------------------
  clock vclk (rise edge)                                    0.00       0.00
  clock network delay (ideal)                               0.00       0.00
  input external delay                                      0.02       0.02 f
  y[15] (in)                                                0.01       0.03 f
  core/y[15] (fig8_dw_B9)                                   0.00       0.03 f
  core/core/b[1] (fig8_dw_B9_DW_fp_div_0)                   0.00       0.03 f
  core/core/GEN_2_U3/b[1] (fig8_dw_B9_DW_div_6)             0.00       0.03 f
  core/core/GEN_2_U3/U135/ZN (INVD1)                        0.10       0.13 r
  core/core/GEN_2_U3/u_fa_PartRem_0_11_1/CO (FA1D0)         0.11       0.23 r
  core/core/GEN_2_U3/u_fa_PartRem_0_11_2/CO (FA1D0)         0.05       0.29 r
  core/core/GEN_2_U3/u_fa_PartRem_0_11_3/CO (FA1D0)         0.05       0.34 r
  core/core/GEN_2_U3/u_fa_PartRem_0_11_4/CO (FA1D0)         0.05       0.39 r
  core/core/GEN_2_U3/u_fa_PartRem_0_11_5/CO (FA1D0)         0.05       0.44 r
  core/core/GEN_2_U3/u_fa_PartRem_0_11_6/CO (FA1D0)         0.05       0.49 r
  core/core/GEN_2_U3/u_fa_PartRem_0_11_7/CO (FA1D0)         0.05       0.54 r
  core/core/GEN_2_U3/u_fa_PartRem_0_11_8/CO (FA1D0)         0.15       0.69 r
  core/core/GEN_2_U3/U14/Z (MUX2D0)                         0.08       0.78 f
  core/core/GEN_2_U3/u_fa_PartRem_0_10_1/CO (FA1D0)         0.10       0.88 f
  core/core/GEN_2_U3/u_fa_PartRem_0_10_2/CO (FA1D0)         0.06       0.94 f
  core/core/GEN_2_U3/u_fa_PartRem_0_10_3/CO (FA1D0)         0.06       0.99 f
  core/core/GEN_2_U3/u_fa_PartRem_0_10_4/CO (FA1D0)         0.06       1.05 f
  core/core/GEN_2_U3/u_fa_PartRem_0_10_5/CO (FA1D0)         0.06       1.10 f
  core/core/GEN_2_U3/u_fa_PartRem_0_10_6/CO (FA1D0)         0.06       1.16 f
  core/core/GEN_2_U3/u_fa_PartRem_0_10_7/CO (FA1D0)         0.06       1.21 f
  core/core/GEN_2_U3/u_fa_PartRem_0_10_8/CO (FA1D0)         0.06       1.28 f
  core/core/GEN_2_U3/U91/ZN (IOA21D0)                       0.16       1.43 f
  core/core/GEN_2_U3/U174/ZN (MUX2ND0)                      0.08       1.52 f
  core/core/GEN_2_U3/U173/ZN (CKND1)                        0.02       1.54 r
  core/core/GEN_2_U3/u_fa_PartRem_0_9_2/CO (FA1D0)          0.09       1.63 r
  core/core/GEN_2_U3/u_fa_PartRem_0_9_3/CO (FA1D0)          0.05       1.68 r
  core/core/GEN_2_U3/u_fa_PartRem_0_9_4/CO (FA1D0)          0.05       1.74 r
  core/core/GEN_2_U3/u_fa_PartRem_0_9_5/CO (FA1D0)          0.05       1.79 r
  core/core/GEN_2_U3/u_fa_PartRem_0_9_6/CO (FA1D0)          0.05       1.84 r
  core/core/GEN_2_U3/u_fa_PartRem_0_9_7/CO (FA1D0)          0.05       1.89 r
  core/core/GEN_2_U3/u_fa_PartRem_0_9_8/CO (FA1D0)          0.06       1.95 r
  core/core/GEN_2_U3/U89/Z (AO21D0)                         0.15       2.10 r
  core/core/GEN_2_U3/U92/ZN (ND2D1)                         0.04       2.14 f
  core/core/GEN_2_U3/U147/ZN (CKND1)                        0.02       2.16 r
  core/core/GEN_2_U3/u_fa_PartRem_0_8_1/CO (FA1D0)          0.09       2.25 r
  core/core/GEN_2_U3/u_fa_PartRem_0_8_2/CO (FA1D0)          0.05       2.30 r
  core/core/GEN_2_U3/u_fa_PartRem_0_8_3/CO (FA1D0)          0.05       2.36 r
  core/core/GEN_2_U3/u_fa_PartRem_0_8_4/CO (FA1D0)          0.05       2.41 r
  core/core/GEN_2_U3/u_fa_PartRem_0_8_5/CO (FA1D0)          0.05       2.46 r
  core/core/GEN_2_U3/u_fa_PartRem_0_8_6/CO (FA1D0)          0.05       2.51 r
  core/core/GEN_2_U3/u_fa_PartRem_0_8_7/CO (FA1D0)          0.05       2.56 r
  core/core/GEN_2_U3/u_fa_PartRem_0_8_8/CO (FA1D0)          0.06       2.62 r
  core/core/GEN_2_U3/U85/Z (AO21D0)                         0.15       2.78 r
  core/core/GEN_2_U3/U93/ZN (ND2D1)                         0.04       2.81 f
  core/core/GEN_2_U3/U149/ZN (CKND1)                        0.02       2.83 r
  core/core/GEN_2_U3/u_fa_PartRem_0_7_1/CO (FA1D0)          0.09       2.92 r
  core/core/GEN_2_U3/u_fa_PartRem_0_7_2/CO (FA1D0)          0.05       2.98 r
  core/core/GEN_2_U3/u_fa_PartRem_0_7_3/CO (FA1D0)          0.05       3.03 r
  core/core/GEN_2_U3/u_fa_PartRem_0_7_4/CO (FA1D0)          0.05       3.08 r
  core/core/GEN_2_U3/u_fa_PartRem_0_7_5/CO (FA1D0)          0.05       3.13 r
  core/core/GEN_2_U3/u_fa_PartRem_0_7_6/CO (FA1D0)          0.05       3.18 r
  core/core/GEN_2_U3/u_fa_PartRem_0_7_7/CO (FA1D0)          0.05       3.23 r
  core/core/GEN_2_U3/u_fa_PartRem_0_7_8/CO (FA1D0)          0.06       3.29 r
  core/core/GEN_2_U3/U82/Z (AO21D0)                         0.15       3.45 r
  core/core/GEN_2_U3/U94/ZN (ND2D1)                         0.04       3.48 f
  core/core/GEN_2_U3/U152/ZN (CKND1)                        0.02       3.50 r
  core/core/GEN_2_U3/u_fa_PartRem_0_6_1/CO (FA1D0)          0.09       3.60 r
  core/core/GEN_2_U3/u_fa_PartRem_0_6_2/CO (FA1D0)          0.05       3.65 r
  core/core/GEN_2_U3/u_fa_PartRem_0_6_3/CO (FA1D0)          0.05       3.70 r
  core/core/GEN_2_U3/u_fa_PartRem_0_6_4/CO (FA1D0)          0.05       3.75 r
  core/core/GEN_2_U3/u_fa_PartRem_0_6_5/CO (FA1D0)          0.05       3.80 r
  core/core/GEN_2_U3/u_fa_PartRem_0_6_6/CO (FA1D0)          0.05       3.85 r
  core/core/GEN_2_U3/u_fa_PartRem_0_6_7/CO (FA1D0)          0.05       3.90 r
  core/core/GEN_2_U3/u_fa_PartRem_0_6_8/CO (FA1D0)          0.06       3.96 r
  core/core/GEN_2_U3/U80/Z (AO21D0)                         0.15       4.12 r
  core/core/GEN_2_U3/U95/ZN (ND2D1)                         0.04       4.15 f
  core/core/GEN_2_U3/U155/ZN (CKND1)                        0.02       4.17 r
  core/core/GEN_2_U3/u_fa_PartRem_0_5_1/CO (FA1D0)          0.09       4.27 r
  core/core/GEN_2_U3/u_fa_PartRem_0_5_2/CO (FA1D0)          0.05       4.32 r
  core/core/GEN_2_U3/u_fa_PartRem_0_5_3/CO (FA1D0)          0.05       4.37 r
  core/core/GEN_2_U3/u_fa_PartRem_0_5_4/CO (FA1D0)          0.05       4.42 r
  core/core/GEN_2_U3/u_fa_PartRem_0_5_5/CO (FA1D0)          0.05       4.47 r
  core/core/GEN_2_U3/u_fa_PartRem_0_5_6/CO (FA1D0)          0.05       4.52 r
  core/core/GEN_2_U3/u_fa_PartRem_0_5_7/CO (FA1D0)          0.05       4.57 r
  core/core/GEN_2_U3/u_fa_PartRem_0_5_8/CO (FA1D0)          0.06       4.64 r
  core/core/GEN_2_U3/U78/Z (AO21D0)                         0.15       4.79 r
  core/core/GEN_2_U3/U96/ZN (ND2D1)                         0.04       4.82 f
  core/core/GEN_2_U3/U158/ZN (CKND1)                        0.02       4.84 r
  core/core/GEN_2_U3/u_fa_PartRem_0_4_1/CO (FA1D0)          0.09       4.94 r
  core/core/GEN_2_U3/u_fa_PartRem_0_4_2/CO (FA1D0)          0.05       4.99 r
  core/core/GEN_2_U3/u_fa_PartRem_0_4_3/CO (FA1D0)          0.05       5.04 r
  core/core/GEN_2_U3/u_fa_PartRem_0_4_4/CO (FA1D0)          0.05       5.09 r
  core/core/GEN_2_U3/u_fa_PartRem_0_4_5/CO (FA1D0)          0.05       5.14 r
  core/core/GEN_2_U3/u_fa_PartRem_0_4_6/CO (FA1D0)          0.05       5.19 r
  core/core/GEN_2_U3/u_fa_PartRem_0_4_7/CO (FA1D0)          0.05       5.24 r
  core/core/GEN_2_U3/u_fa_PartRem_0_4_8/CO (FA1D0)          0.06       5.31 r
  core/core/GEN_2_U3/U76/Z (AO21D0)                         0.15       5.46 r
  core/core/GEN_2_U3/U97/ZN (ND2D1)                         0.04       5.49 f
  core/core/GEN_2_U3/U161/ZN (CKND1)                        0.02       5.52 r
  core/core/GEN_2_U3/u_fa_PartRem_0_3_1/CO (FA1D0)          0.09       5.61 r
  core/core/GEN_2_U3/u_fa_PartRem_0_3_2/CO (FA1D0)          0.05       5.66 r
  core/core/GEN_2_U3/u_fa_PartRem_0_3_3/CO (FA1D0)          0.05       5.71 r
  core/core/GEN_2_U3/u_fa_PartRem_0_3_4/CO (FA1D0)          0.05       5.76 r
  core/core/GEN_2_U3/u_fa_PartRem_0_3_5/CO (FA1D0)          0.05       5.81 r
  core/core/GEN_2_U3/u_fa_PartRem_0_3_6/CO (FA1D0)          0.05       5.86 r
  core/core/GEN_2_U3/u_fa_PartRem_0_3_7/CO (FA1D0)          0.05       5.92 r
  core/core/GEN_2_U3/u_fa_PartRem_0_3_8/CO (FA1D0)          0.06       5.98 r
  core/core/GEN_2_U3/U74/Z (AO21D0)                         0.15       6.13 r
  core/core/GEN_2_U3/U114/ZN (MUX2ND0)                      0.08       6.21 f
  core/core/GEN_2_U3/u_fa_PartRem_0_2_2/CO (FA1D0)          0.11       6.33 f
  core/core/GEN_2_U3/u_fa_PartRem_0_2_3/CO (FA1D0)          0.06       6.38 f
  core/core/GEN_2_U3/u_fa_PartRem_0_2_4/CO (FA1D0)          0.06       6.44 f
  core/core/GEN_2_U3/u_fa_PartRem_0_2_5/CO (FA1D0)          0.06       6.49 f
  core/core/GEN_2_U3/u_fa_PartRem_0_2_6/CO (FA1D0)          0.06       6.55 f
  core/core/GEN_2_U3/u_fa_PartRem_0_2_7/CO (FA1D0)          0.06       6.60 f
  core/core/GEN_2_U3/u_fa_PartRem_0_2_8/CO (FA1D0)          0.06       6.67 f
  core/core/GEN_2_U3/U15/Z (AO21D0)                         0.12       6.78 f
  core/core/GEN_2_U3/U84/ZN (INR2D1)                        0.05       6.84 f
  core/core/GEN_2_U3/u_fa_PartRem_0_1_1/CO (FA1D0)          0.10       6.94 f
  core/core/GEN_2_U3/u_fa_PartRem_0_1_2/CO (FA1D0)          0.06       7.00 f
  core/core/GEN_2_U3/u_fa_PartRem_0_1_3/CO (FA1D0)          0.06       7.05 f
  core/core/GEN_2_U3/u_fa_PartRem_0_1_4/CO (FA1D0)          0.06       7.11 f
  core/core/GEN_2_U3/u_fa_PartRem_0_1_5/CO (FA1D0)          0.06       7.16 f
  core/core/GEN_2_U3/u_fa_PartRem_0_1_6/CO (FA1D0)          0.06       7.22 f
  core/core/GEN_2_U3/u_fa_PartRem_0_1_7/CO (FA1D0)          0.06       7.27 f
  core/core/GEN_2_U3/u_fa_PartRem_0_1_8/CO (FA1D0)          0.05       7.32 f
  core/core/GEN_2_U3/U5/Z (AO21D0)                          0.05       7.37 f
  core/core/GEN_2_U3/quotient[1] (fig8_dw_B9_DW_div_6)      0.00       7.37 f
  core/core/U99/Z (MUX2D0)                                  0.05       7.43 f
  core/core/U69/Z (AO21D0)                                  0.06       7.49 f
  core/core/z[0] (fig8_dw_B9_DW_fp_div_0)                   0.00       7.49 f
  core/result[14] (fig8_dw_B9)                              0.00       7.49 f
  result[14] (out)                                          0.00       7.49 f
  data arrival time                                                    7.49

  clock vclk (rise edge)                                   10.00      10.00
  clock network delay (ideal)                               0.00      10.00
  output external delay                                    -0.02       9.98
  data required time                                                   9.98
  ----------------------------------------------------------------------------
  data required time                                                   9.98
  data arrival time                                                   -7.49
  ----------------------------------------------------------------------------
  slack (MET)                                                          2.49


1
