5145
12804
29728
18336
21386
11323
26922
21472
4378
5423
7806
20387
11372
11518
15158
11364
22220
11381
19977
12454
30452
14627
21901
8546
8962
25386
3778
11133
4690
3288
27493
16394
1360
31800
27847
24643
30933
24996
6225
11533
19131
14981
21866
29615
24563
7073
26753
19634
458
29074
19423
13307
21917
31321
15732
11319
7248
25108
6153
15567
21110
4409
15398
3387
17209
3404
24712
7068
23929
14564
1393
24302
10325
28003
22448
22162
25468
28315
7473
12373
326
30408
1954
98
1407
27125
15797
22497
32531
6349
3459
19084
19110
26207
32146
22899
25214
21142
30601
6337
24240
17457
5565
11949
16344
26104
22396
702
23413
29075
6849
5996
22064
12770
499
4460
28620
10882
23197
8486
2591
19421
5531
9026
18810
7387
19558
19202
31671
6119
13243
26412
5552
4140
1063
8094
2025
29076
27328
10318
15898
32765
3309
31013
11076
885
22583
15677
29999
7151
26865
18610
10808
22721
8708
20718
31194
4079
32010
23077
4315
10961
15611
13176
23738
29825
28345
9675
10960
10386
12792
6405
12700
5579
13893
18972
316
32515
15031
6600
5409
6543
30707
13274
24360
9085
29482
31603
26640
18421
6336
5537
15568
5046
20861
1959
5464
28000
25916
11700
4380
2964
21177
18003
25971
21090
6825
15858
9183
1485
23346
7149
21521
180
17278
17852
19211
32681
8091
27174
18552
22009
4373
2669
18651
5037
21510
12847
25911
28325
28316
6689
3453
32230
15091
10967
6443
4374
6409
5463
29693
8243
9278
21511
842
32227
15198
28485
19738
24836
526
31824
15237
13829
15623
19866
9814
238
3322
10930
24593
11112
12794
14860
28033
27901
17351
16342
22138
9402
25312
1771
19436
12081
13182
19677
4351
26501
7364
10282
17105
21121
7618
29173
24341
21954
16730
24722
231
32461
32757
30326
7697
28471
29349
16997
9677
2199
27201
11744
21027
25213
4806
12813
31685
9066
18944
25251
5094
25452
20005
23175
24879
27510
23469
4818
22527
27913
28812
11125
12955
23744
13365
17933
24927
5273
25800
5963
2321
18606
24258
32241
31494
19060
10764
24034
10366
806
6644
10992
16555
32609
19163
18414
2211
22611
212
32112
20842
21925
11545
30425
19730
5921
28731
12772
30554
26706
3139
9311
20436
6958
31292
9036
3259
12617
10246
22800
31823
15717
25298
8068
26176
14076
31919
27001
30431
26645
1807
16687
5317
23814
25165
15404
1515
22723
18300
1590
14977
15526
28090
20072
3838
8055
11957
8765
12973
31162
7437
26482
1572
29205
4032
1897
26836
16886
19338
18328
29322
15803
20145
26868
12022
28780
30082
29787
3935
32355
14133
23646
25728
2589
21969
17321
16970
5619
31848
21413
14762
32418
30323
7958
9826
11970
23056
16973
30446
29927
21088
31198
31319
20864
15354
13837
16682
24607
14122
1949
21830
23239
16248
14614
27910
11327
16928
4794
5106
6317
29250
26018
12677
22996
9385
18711
18313
26377
12823
29847
9740
18204
18577
461
8974
31516
9570
31841
29974
25744
27174
8551
3026
16564
23613
258
14620
11924
28756
20519
24143
19607
4586
24943
21606
16335
19775
7061
17667
31008
11492
31657
11068
25991
29491
20077
9607
2685
26583
23360
22307
5191
32371
22002
20700
28313
27638
21936
5718
17589
29921
24630
1958
474
13830
14980
28709
3276
8520
30842
14291
24985
21470
15478
3023
27289
6345
30867
32408
26916
29624
22683
28280
984
23700
19273
5517
14477
15286
13859
20455
15355
2653
21780
10645
11355
15079
31855
20314
26928
20283
14660
5912
19123
9636
20059
17937
12389
11190
30560
7447
11383
20013
17005
6699
18650
32204
30372
5716
18023
12352
24549
5327
4948
15546
7007
8402
1119
11118
16433
22170
21033
18513
1315
23432
3626
17036
10397
22374
18458
13846
25614
26554
21182
32055
26691
31103
9425
2778
11454
31179
3466
28365
15351
7994
26309
7089
19336
28257
11491
3780
9512
1149
4865
3339
5613
283
27480
376
9769
24829
20401
12353
6998
22907
9985
18005
31273
15681
11374
19008
6105
17297
3372
11473
28055
156
26941
20199
10764
30942
29137
17261
6457
17607
22566
16918
5511
6413
2933
31448
27825
25265
16701
8715
16968
28882
23409
5904
25181
27536
22930
22855
7556
30664
20907
31560
6345
6400
12634
12101
32118
8240
31525
13371
13097
5726
8525
28330
19285
20633
10542
1466
26613
12797
6878
15360
18131
12756
11251
7852
27516
531
4339
28023
27885
14147
6139
20092
2579
15672
17808
9406
28732
25571
29043
2221
15731
676
16201
13663
22761
12536
27428
9409
3966
27965
32471
12161
10286
24112
10057
29734
1548
21685
10915
20949
3529
6668
13265
31434
10024
14244
1283
28116
4670
26772
18852
105
12895
30107
24682
14826
4096
20267
4945
1920
4637
18154
28722
29523
15961
13640
5918
30856
3508
20709
84
15297
24637
9525
27482
32652
21649
1208
18803
24171
20353
22778
32197
14573
6226
32599
32630
1615
9340
12969
30037
18308
1303
12680
16389
17577
7281
19658
29668
10947
16507
30091
32248
16113
26751
18731
7179
2188
14360
15093
20192
7035
14224
14678
4252
18358
10783
10933
6376
28753
24851
5087
961
199
28151
28638
12539
7810
23052
14588
24631
5263
22993
15752
5748
23225
21244
14033
8919
1562
19273
10889
618
144
32173
9016
23605
28420
30490
30395
17154
3344
2771
22590
28250
14037
553
10555
13164
12929
8687
32694
15660
20101
14000
24422
3495
23946
28840
1310
28035
27351
7988
18284
27991
21459
7166
10658
11673
24208
1493
4453
24991
30160
27630
1008
10775
19939
28173
265
18243
25542
24959
18447
20308
10419
2419
16079
6080
29647
20877
11261
7833
24146
12796
19019
3720
319
29180
32050
24249
7336
24821
4010
3128
22220
17230
18095
6495
20750
21927
32296
29813
4100
3224
760
15889
28096
14184
27626
24186
22789
29347
13193
28236
6968
1257
14807
10212
24168
2679
32063
1552
24872
3126
5821
20078
23925
17054
11266
11595
4015
24839
2293
2517
14136
9116
26521
27007
8137
10353
7867
31148
17684
25709
27822
24345
13081
30633
27342
678
19876
12407
30436
1646
11141
15708
6923
27121
4110
5888
17746
29283
11635
23340
13791
31290
1013
18290
9955
23024
22953
21750
7058
26743
28581
27402
16697
287
13880
22264
13562
32212
8332
8093
12715
1529
15403
22332
25823
21255
761
1446
30156
15963
12551
10316
10950
20451
18643
21870
606
4642
14913
32345
23477
20213
12191
31324
13559
21136
24401
7132
12511
31151
31340
14064
20966
31504
3654
25035
1079
10434
16860
28244
20086
30889
11155
1055
2862
21541
19139
6422
3095
10759
1835
7940
22472
25251
15805
32321
13688
31819
30786
12761
30304
3657
31750
29069
25185
23097
12510
17711
12429
12291
6826
17840
21360
29000
14657
27635
29976
977
5341
27657
10089
7363
29290
9349
9111
11643
28222
22210
13536
25118
4121
11604
16954
14124
27372
32305
21985
29835
18578
1651
32023
26443
300
21949
30417
23787
3012
9107
16651
14282
9076
28096
21202
19132
20156
26760
14348
3598
12241
19400
9237
15907
11094
25367
31344
566
2681
26410
15098
17474
5428
20879
25247
9635
26718
23618
21427
23474
6454
4260
28093
26208
18784
23213
29611
28070
23235
2439
7719
12720
11263
20124
14645
23878
10642
10233
782
13332
8908
8302
26419
16109
1995
23316
2559
17288
26660
26848
24218
5387
23085
10329
26149
28965
21824
11129
6843
951
22028
8052
15867
7641
3414
2544
22920
18355
16885
19899
14699
5778
11254
22019
31147
2044
29399
1685
9536
19054
24594
24203
25810
8642
22890
20494
31072
10676
30057
18132
21157
7625
4385
18181
5467
31815
12018
16071
27947
10919
27284
32153
12926
17496
9030
15338
17251
12323
32022
24966
712
7159
6756
26292
15342
6777
3528
18347
20908
30058
20300
18856
4690
18716
12673
7670
5251
7847
4070
16235
13279
11143
28945
19446
6646
19047
27555
13989
25817
26649
22177
23211
19308
10046
6356
13764
31957
12714
5159
8450
27079
9503
17757
7730
12370
9959
4956
24300
1389
9557
22388
8778
30746
23824
22379
4636
1465
6993
4844
29929
457
30837
11612
3572
20599
10768
549
25951
13451
17921
28346
25420
28648
30368
27076
4885
4042
8460
6612
23355
23124
25070
20281
5677
18490
19320
25213
22571
14932
31746
30392
22115
19962
28521
18593
26563
1087
12162
13942
23000
8160
31583
3696
18231
3403
16790
2488
25980
18159
28500
2484
32150
31382
31288
7417
6752
14689
17581
5801
10612
25918
15963
17867
30169
1289
25994
15329
11710
32609
2234
3993
24077
2174
15290
27312
27200
31151
716
28605
25568
23181
5089
3962
32377
3443
21791
13962
14645
3065
13124
20433
1951
16684
7331
29652
21115
1762
26886
10901
3111
21731
27958
26306
7790
21009
2554
14339
10733
10621
3493
3713
22222
32308
8215
10811
787
14666
19971
10000
17765
9285
18036
22443
17615
4188
21489
15444
30951
4639
29887
3244
5198
21934
6364
18821
20948
7912
29338
12348
13486
23416
6703
9708
6081
4361
18012
14846
15361
2432
14954
20207
29756
9486
16896
31164
19398
9657
28598
9965
21515
11018
11526
16116
23163
32089
24302
17668
29018
26522
29468
6763
5069
16917
17779
31456
27268
17158
14634
24481
27953
24833
5820
11417
11736
26529
19481
9078
27217
20826
14036
2486
6589
17067
16561
11951
14088
15317
18441
9817
14630
19373
25162
2510
16839
27558
26280
8227
14314
21348
19513
9237
23246
26345
2524
19600
9263
120
21636
32238
26238
20919
15143
28873
16786
22576
28758
11410
7461
8477
1764
643
14898
31798
4611
29972
16111
17109
8013
23074
30488
30192
2429
22249
25394
22976
26048
30532
10099
7093
10447
6692
26593
22724
5438
3025
23649
5477
3488
19914
32060
30833
6988
19816
22067
20478
29009
16803
16304
30714
4295
19386
9430
30263
14641
27548
35
3505
12527
12180
9363
4989
11644
26570
194
32666
4048
12290
10562
4749
3295
10143
29925
32660
15872
22852
18308
28790
11335
32289
3217
18245
17062
1560
25623
20419
31061
17882
28219
28267
6133
32375
30762
22189
13939
16466
31293
3368
19499
4136
15622
16357
10328
7120
2452
21434
10626
7648
1275
7381
20498
28620
24007
31198
12489
22194
13947
27913
29496
21200
10713
1522
5239
14797
5334
16775
29298
25325
15825
29573
21818
12871
2086
22760
17299
12293
14081
13647
4441
310
5330
24901
8583
16458
12481
20932
4660
20453
28322
3364
28600
13005
7973
9252
2140
31940
17521
5664
9054
20477
31761
19032
20110
7940
23095
12086
7096
16986
26475
25918
3036
24648
23034
25914
1247
8197
9772
19906
20940
20392
13591
17336
17593
4795
4591
3269
28759
25866
633
10027
22807
23604
32199
21805
6236
2840
28504
1457
5301
18051
13321
4741
23579
20988
29067
28403
14788
20371
11498
8846
31525
15862
3771
4645
6434
8490
10977
20151
25379
17307
31389
10784
16952
20262
23317
19720
23666
29900
22791
15405
3594
22183
9859
21962
23380
12271
19796
11452
8234
24461
4385
29785
11414
9470
19142
12745
1551
28221
6528
9767
17103
677
19099
8149
8028
3642
7451
1735
28770
13220
1636
26080
4196
13994
3799
5423
13809
19464
30573
4656
20465
11369
31197
29787
13592
5479
9084
31400
18399
17624
13705
7661
24812
13905
2485
26710
1544
770
8029
10763
6509
21614
10572
29535
20076
27532
21983
11055
8818
9957
6142
21543
18086
10236
28265
32543
499
11471
13580
26635
12301
7803
21928
7939
14163
4588
15052
9140
18372
13178
16493
17144
14313
6073
7014
32616
23164
9373
32317
27704
26880
22181
31141
19910
16467
24652
18079
4381
16870
7195
22270
17356
27720
27583
15774
30132
27801
18762
14186
520
29941
22938
12897
16868
585
24037
16089
15646
30337
16576
27970
12892
13126
18531
1282
10613
6940
3981
2977
17832
2180
11048
23045
31353
21145
30142
24386
24761
30100
29737
28809
2451
2038
8985
10107
17637
9725
30618
30412
30931
2616
1580
5122
3923
24720
5598
12073
2522
26404
6388
29861
16774
5784
4013
11468
5266
23494
298
21176
8064
8440
18534
23371
30579
31369
20954
10516
17462
29002
2414
2320
1343
6072
10263
20366
8518
2660
5953
30298
2449
23217
12258
2427
14729
24837
11011
4720
12389
27114
4836
7987
15130
24610
30407
1747
16831
27798
5513
27703
9185
29156
31727
1702
22415
9544
15973
10560
23715
14803
20138
20896
15440
7740
8608
19184
21395
11830
20985
21324
7322
16685
20954
28059
2462
365
32396
16582
1782
30726
6949
15463
19580
6090
9756
15550
11610
21019
24577
5894
19507
576
32483
7986
23428
12694
29460
26036
29510
13141
15061
25387
9539
4994
20642
8440
4953
30148
1191
25791
9281
8561
10251
4557
16026
9603
12148
18450
24200
28422
25264
21674
17678
27685
887
3126
23495
10917
8624
14371
12100
27374
31067
19122
19230
22218
11642
17183
14951
4377
32389
29575
16636
8185
24309
28427
13140
28234
1903
4891
18851
4774
4596
25116
4748
32579
24256
30426
20742
15631
4963
9733
22962
2677
12903
27517
24437
5440
15912
26652
11534
10574
6124
1559
6636
15055
30323
23069
30299
27955
15663
30150
23532
22120
11573
20411
25192
6831
7929
20863
1521
8593
10374
32722
15870
20350
3087
29716
16488
3196
20375
29783
18360
9699
8689
5460
6544
1157
7749
1570
15601
4283
17780
13462
31299
8438
17633
11123
28697
20172
24388
4358
4021
23446
928
18720
24453
28109
20121
25971
6221
31794
1378
13331
27477
5127
5666
18787
5163
10548
22779
21550
3503
11749
9039
10938
20491
19070
8984
12027
20228
14394
30382
13387
7453
26818
2505
21835
1453
30242
2676
16621
32290
3190
31536
16870
5628
25484
16615
17929
20104
8087
27964
1481
2552
15644
15201
21405
3131
19634
17694
8086
3418
21874
20862
4185
10782
13894
23480
6060
19015
26735
15383
1407
29726
9032
15823
12999
27950
4693
14494
30330
10540
26798
1139
13427
16722
14397
27951
12490
14738
9920
29094
18190
20787
30678
30928
2424
7077
4904
20878
17767
10885
22564
9516
21519
26380
29390
13878
13678
31051
24229
22098
6013
30645
30617
28178
18003
16936
6738
24189
2000
1137
29641
16495
31181
31244
3154
22747
6277
31725
18760
12488
27240
9432
11089
13965
12971
22927
7187
13566
15208
31764
9505
27456
20747
12413
28788
25733
1219
26340
6661
11534
5253
11461
24761
25990
29549
27310
28002
10644
25088
10681
13792
30481
32142
579
5427
28628
14884
26819
29809
31047
28560
18091
9455
23333
23615
1373
12217
31602
24882
4669
5088
8376
7249
21522
1896
7257
15465
1486
3665
15773
4582
26311
26935
25750
17864
26393
30460
8235
32525
14915
8507
1048
3878
31314
26383
2271
19268
1339
13246
6650
1899
16183
23411
20665
1264
22378
29911
15525
10877
25727
8203
21554
4106
4486
25944
18136
31838
8970
5779
26295
26145
6430
26516
30898
10870
17830
1432
15442
1176
16120
6229
16856
7676
11208
31361
19552
17691
25905
13388
989
20084
19957
15502
14414
9943
29699
28183
29447
14796
25002
11016
6821
20597
30727
10016
1518
20537
13429
19627
10492
31229
32512
19972
29923
31318
23663
14132
26770
16266
12831
2088
547
6076
12338
27214
5326
544
21168
1445
23147
20809
26297
17820
24875
9834
15291
4305
30662
26433
15793
20992
22051
30245
972
12637
30355
15203
26395
23876
21549
18674
21053
28868
4684
30229
11329
3021
10833
24589
1051
14381
7185
13275
11325
27096
26101
21293
8474
20220
13685
13677
13667
14506
4848
21267
10078
32295
24991
20506
32096
3603
21670
4263
30829
16416
1359
26107
24910
24977
2391
9101
4875
8241
24120
28890
27777
14288
26357
31445
17053
10250
5208
8189
26681
7874
32280
10448
13244
26510
30937
2774
1966
19906
6327
1575
26987
32226
2135
31633
32322
21367
14780
28110
15597
7797
27038
27844
13722
23941
22460
6272
2460
14342
14823
25422
22275
2338
26184
21136
6251
2160
5156
2748
15379
13246
24944
6439
25742
9986
24569
30986
31127
21191
27244
6374
5678
3953
13985
18204
18852
28583
18161
5849
3879
22201
19358
27261
25708
8316
10133
4569
32708
18786
19015
30831
24783
28706
24713
23500
14607
2538
14711
23745
15281
2736
109
4163
20400
10577
16427
1584
2954
15125
23287
14289
3851
3542
26782
26545
31989
30341
24549
24857
16625
12856
28863
22123
10121
26968
29980
28211
30434
24186
30469
29980
28860
20873
9555
28537
3769
2172
27388
31699
27626
7918
12948
1673
26577
5714
21118
19717
22280
15763
31467
28634
27311
10021
4051
26877
27119
23113
20469
22274
31783
14751
15058
13798
6994
9389
6
19072
4683
7859
8419
28529
21493
16617
24010
14238
21887
6174
23039
10225
4480
17341
11627
20446
20824
30319
8981
15412
13639
12836
18233
11920
493
14173
7369
27596
8876
959
6241
18872
28980
24131
30922
26677
13659
6884
4601
21692
1593
16330
1428
26136
13575
6219
6889
28837
20552
20158
16205
11828
6464
29960
29055
21199
3168
12898
14218
3321
26401
12406
17819
28086
30834
20374
29998
31639
9429
24172
19961
4609
8551
15726
23747
28144
26965
3942
32182
29947
10736
9033
27360
490
25077
7689
12784
2740
19510
28282
6860
25852
29628
27237
14116
23263
20260
17865
7927
30476
6550
19307
12298
12742
3412
28819
21768
8673
32591
3631
1858
2122
28420
6991
8441
11132
14794
17567
29712
10353
147
23348
12078
18052
15755
19653
21390
19107
29749
25327
29918
7375
32026
26159
1095
28522
9374
13056
18749
2695
29736
8119
16238
18158
26320
25822
25604
20585
755
14120
17661
6793
30749
5194
5754
23923
12339
30651
6447
26914
31403
2561
22903
25915
26711
7608
733
4123
2292
20355
18425
31331
20891
32503
9367
6691
27630
11509
13072
30666
6202
32766
12303
15424
19740
25015
22024
18098
31319
27918
20945
5711
4552
5026
10912
26957
9123
31542
11091
6455
31745
16861
19535
8632
7193
5212
17079
17226
7134
12750
32197
10686
3329
4408
19496
32288
28046
30837
17893
22093
25381
21283
7426
4842
7435
17273
11462
23973
21500
19246
14372
6951
9303
19290
16989
18058
3379
30043
27803
16460
19384
3503
32583
28203
12295
504
20805
10250
22159
125
22668
21190
32394
7221
29013
2940
23826
11742
13985
28539
20769
10803
25340
16204
27654
8317
22643
19023
8064
22461
28592
20272
29440
17537
24278
31897
7083
17729
6173
20830
12155
21207
23067
17212
7312
17503
24252
10028
1494
24670
19825
31401
30322
10182
30346
153
30380
32371
29598
27232
3802
27211
26015
17923
7547
129
23935
5545
2886
5384
17159
8897
32285
4241
22930
25756
21207
29794
19216
2737
16219
30081
21304
1721
30407
17704
230
6682
2448
25423
14931
28497
32330
25583
23245
28094
1153
28960
13731
31235
14097
20707
21258
30282
21122
16228
18461
8157
27970
31734
26087
16924
32634
26993
3904
27296
16688
7039
1709
4950
30475
5542
1569
24003
17863
12586
5496
8504
3655
28106
6519
14591
21960
27059
15530
27085
1423
31365
32414
12827
18083
15569
1076
17333
21323
27611
22394
5847
32529
2979
23058
13028
25540
15847
29281
15593
19313
27865
2779
2234
19127
23667
1605
31909
12397
2378
24925
19596
25376
27628
7602
28964
1671
6635
29955
1366
5775
20536
3300
6239
12388
11232
19771
32362
15236
161
13405
23399
8307
6618
12475
4070
23657
22430
5410
8356
7385
11759
277
13273
14924
10906
14899
16839
16852
13662
32014
25832
360
13606
11581
12696
4946
11166
1018
7082
14640
26405
3469
19212
4177
26361
17179
12430
31161
153
17975
3183
19802
14672
24559
24174
10698
495
21840
3035
12808
15267
28104
8024
21488
23538
19194
22822
28186
19161
32485
4028
30719
7571
28123
16771
4681
16496
2732
22063
25134
29494
32
23212
3394
4495
17438
18061
14976
21576
5244
3577
19207
12583
27681
16457
28197
1871
26467
6384
8650
8615
25589
15675
3608
26981
25507
6138
4217
32516
10843
5465
47
2901
13515
25688
28054
7325
20699
24212
17403
11728
24284
12256
32366
7609
5103
8527
7448
13801
28947
14012
13502
14535
29126
14161
15507
26890
23441
1864
12886
7550
26902
25199
5914
96
22582
30260
6823
6442
19099
5582
26085
19553
3093
4214
24703
32187
26707
18475
28312
22861
14934
2133
6421
7210
11042
19467
27611
21413
22172
22284
7036
29581
29267
3890
10252
28079
21857
26426
11297
9820
21215
18449
17338
28266
1451
17070
8632
32223
21883
17405
25806
13936
32728
27670
1338
2687
12165
13746
16329
27200
16932
25725
12912
13750
4355
3044
29842
21043
20479
30816
4424
20149
28453
23456
2941
23327
3785
3142
22772
19437
27853
2882
4607
9805
30586
20291
20528
7889
24816
21516
25621
27291
11105
19337
3935
16424
28152
12187
25104
3960
16796
9238
11882
18815
8631
9438
6570
26327
32630
24107
31636
23890
28744
14183
11574
25653
30742
27186
26241
18318
4039
6858
15020
9407
20050
17566
5783
32311
9077
23205
21323
9942
14636
914
11009
2010
3381
13796
29514
18100
22121
24543
19590
23757
12709
19115
14906
4013
17440
25430
11443
17112
15817
15033
26436
16245
20598
30480
232
19487
14044
25949
32262
11560
213
6476
17645
11111
21772
9943
5676
20749
4741
24180
8058
16127
5464
23050
12052
20286
13103
5737
26193
4558
6167
15802
10403
18085
25618
31932
10942
6387
8880
14828
18583
11586
31178
8769
4216
17309
6182
22279
9783
24451
20261
4360
18514
13388
15504
20763
29330
28388
19934
8769
30429
6145
13841
22066
30290
31703
3216
22609
23208
17574
19811
2035
5681
25561
19628
6575
24351
6983
26454
24522
16515
15495
26139
29613
9653
19844
19472
3609
28354
13597
6480
30890
9394
15614
17986
12907
20379
8129
26708
20310
25370
6270
24405
17841
29563
32441
31768
1419
25693
29140
26836
6541
24037
28047
11333
11624
18880
28617
6889
228
31046
11257
10329
4052
29780
23161
458
4455
13541
23417
31382
10788
1136
9196
2945
28240
23676
416
31875
30945
16435
25812
18151
28611
14303
15621
25846
6761
30613
31105
27533
25759
14016
24522
13280
19222
25747
31786
1586
9336
13403
10459
18326
14878
4483
13477
32125
2449
9704
31538
207
1983
10485
31186
31439
22850
16855
32275
18466
19568
23448
987
21770
23543
14742
19127
24983
155
32585
23026
9040
9077
12754
21617
15453
11960
23414
14007
21369
28185
30167
27065
24226
18541
7899
17940
18020
15285
4912
9727
336
1797
14131
17001
21196
17296
16947
3543
11649
6548
23512
18210
10943
30096
19174
2298
23670
28414
29198
29133
18516
28451
21152
27521
28466
11176
24795
1227
13055
268
12111
9514
10609
28637
7018
21273
14974
28807
31949
26057
14605
4672
13049
25166
11158
4509
28074
13820
22276
31944
18370
5797
3200
10247
31859
6032
24596
23977
11401
3632
10204
22632
19375
23372
12634
10430
30085
11278
30678
14912
7209
2590
16587
18026
19775
14705
18489
15537
1187
32233
17725
30999
29630
8672
1980
3124
32208
9753
8807
27742
28686
19889
9882
12491
11075
1990
21833
26525
27376
21036
30604
30223
14615
1220
30383
1901
7757
21274
26541
29063
14536
12381
20450
12393
7476
26459
32202
6645
23614
32251
25240
5242
18057
27381
22082
27269
14836
10193
13285
19635
32038
15960
13175
31449
3761
3133
7373
9160
7742
29686
32639
5853
1885
19932
27914
10699
8049
29815
323
17316
28727
4831
2802
13717
27503
21159
10414
30625
12460
10925
27400
26111
17469
16574
9788
21979
25185
7031
28713
1986
6778
3080
2111
31223
24521
8158
27804
18248
31009
23005
23662
5867
12436
14361
12975
29527
29346
20627
24160
20492
11998
4740
19529
30497
10262
19746
30427
11351
12190
1604
21048
17074
13700
32644
5230
4792
26579
16514
11929
30416
2969
10061
16733
1707
31730
13953
29885
16410
21992
13865
11161
21837
6727
10947
9297
26661
10511
29874
30980
9747
18289
17676
11409
28355
11856
5794
12135
11287
19944
19390
3148
28519
10018
3949
9495
13282
22267
27474
25156
20828
19534
6314
11782
11933
14356
22547
9205
2790
4696
25719
32278
31272
5424
23707
32344
12108
31470
17829
25995
18697
27619
19202
9801
14339
21383
16091
29130
29544
20533
15903
1164
15148
1431
6385
23505
18446
338
25558
29858
23244
25928
4882
29643
20921
3332
31222
31873
11425
13025
22213
20945
15836
4083
1974
26445
15335
12763
19673
14296
32039
18866
7692
21862
22056
31849
9382
6915
14507
144
17861
14952
16078
27056
19675
22230
31237
6331
5010
17353
12479
8857
27156
14950
18515
14332
32284
7592
4237
16919
21108
27663
2764
13087
29825
23096
22823
24279
3440
2990
27961
32004
12919
12185
14682
17733
18639
23967
15151
1044
19330
24136
17500
9046
23011
16088
28533
27701
10515
27382
8878
19896
31793
31829
27702
18737
9137
25981
1206
8991
28736
31795
2081
16221
24858
4767
5664
8623
16735
16723
21287
19846
13525
3667
13017
29416
17184
22534
7164
209
24608
9469
31464
11525
6486
16272
9207
27255
10813
5933
21706
18965
17783
23829
28448
22548
16906
4657
30560
16328
30684
17825
17996
6608
4284
19523
30300
22351
22142
20660
22689
3964
30595
11267
29161
28820
14451
9977
25237
1252
5770
1766
25153
23253
9960
20900
27535
28346
1698
21551
26077
15925
20008
31896
8359
30652
20849
12417
10934
5169
8017
20805
26497
22678
26822
16293
20348
22705
3067
9753
26386
6072
13646
15908
5667
4316
10165
4723
8255
26871
19114
10896
28414
9513
5932
9012
27771
29705
6253
570
31882
29420
17747
7589
18474
26357
5017
28136
2083
31193
7946
29578
15110
29273
20140
10202
13741
17857
21644
31936
21140
20483
3484
4403
29167
13160
19473
14213
5927
12439
27781
12670
27584
21096
13121
15140
11907
17958
29578
4470
22845
29154
9330
21885
7582
21409
32488
9745
1254
233
7979
16027
26560
25276
23125
6729
3958
8625
18090
21144
8590
3105
15172
6186
2247
28097
24863
29131
14135
2445
22746
15434
9657
12970
21332
21778
2377
695
6424
19139
21338
7260
8595
29518
8150
22602
11517
31036
31890
1196
14869
11943
3366
999
1294
12696
30449
22161
4617
1324
15919
3914
9376
3822
9276
12218
12989
18956
8895
26797
9398
24000
25299
29603
3115
2165
31840
19848
18464
18076
16964
12087
13263
7837
2856
24224
18785
7216
31572
3918
25068
31522
13896
31723
21105
16269
14084
13626
14042
17663
32711
26232
10395
20070
7643
13337
18045
5320
6898
23410
19761
32759
27329
27613
13790
2689
24383
28416
20360
1239
17519
23361
377
26754
7188
12837
27037
5945
26642
31885
18152
19851
12920
29758
4327
11337
16521
8162
10886
13584
6622
6715
14756
18998
13090
15132
11497
20781
23727
5422
31496
4054
18964
25484
4225
27842
24067
1540
29581
4029
3826
27625
14983
22324
14465
16490
32012
24508
30216
18790
31968
10575
31732
18154
631
4523
17320
32622
6340
222
24776
18648
6780
23436
8879
5582
24659
5690
8102
22461
23207
969
18847
24682
11422
31076
29473
29073
7627
26146
17613
16230
9291
16002
18948
9627
12516
31161
14640
9558
31877
4265
7219
16298
13393
15411
26478
32539
9723
8057
12617
18343
2318
31156
19590
1400
20706
29377
13941
12194
11693
26269
7430
25997
15921
27046
21765
10707
13115
27392
8869
31377
14971
10576
919
1298
30402
12468
6773
3525
15694
21701
7990
11222
31694
18807
4086
14495
13931
21022
22638
28400
22986
14928
10258
26236
14235
22969
6452
27593
18472
13540
18121
4323
6440
6861
13923
17935
32206
19024
28421
17869
12234
12739
5204
5489
16036
21512
4955
25670
9824
1975
6389
29143
28135
22917
31844
5671
4492
13467
17743
11113
20671
13358
20808
13919
243
23081
2827
27909
15842
2785
13836
9492
14030
15760
8317
1997
20335
31780
1071
24963
14333
29915
15444
1523
7227
10794
23826
73
27791
31165
21788
29726
5895
23374
25831
8509
8845
15010
29016
1072
29985
2800
25469
31820
9568
20420
10790
9569
28878
4946
2642
14999
19233
10637
966
9643
23502
6321
1505
12597
29178
22647
25801
23187
30012
25690
3275
31293
7564
24431
2490
23195
23173
19950
28362
601
7000
5143
4203
12147
29121
30839
12615
20427
3263
25844
21858
21880
32203
29292
29383
2744
15335
26154
4426
12033
5260
10941
12169
3581
32015
20221
19311
7873
16427
23094
5855
29940
17518
10116
21902
18608
28005
25469
20080
23566
7447
14543
8611
16258
17088
6031
22405
10047
11950
21175
6199
23083
27615
20860
23715
10110
409
21579
17480
7904
13999
25845
9926
12215
9461
26091
2261
6011
1842
15400
18906
31581
21797
7718
22780
3354
28027
9430
19446
9611
30456
12148
11869
8961
20211
24891
13033
12544
13334
8294
19658
28259
8765
14343
24224
22906
20640
28436
1644
24523
14061
16169
1347
24109
11549
15607
11939
30812
1387
23350
32721
19959
29014
18804
10364
18772
12220
31228
10720
5278
28661
9883
23516
20204
27248
14974
17720
5243
21019
15546
10303
24776
16929
23854
18574
30896
30540
15723
11546
19943
25102
15032
18984
24920
16604
24303
9436
21836
27912
3376
10296
28584
25834
15566
20614
12579
25639
25504
1630
29894
7361
19767
32115
6015
10587
23431
12875
13527
24510
2866
25814
15010
20282
24032
22699
18261
148
20658
4376
3911
23656
28456
31313
24362
22768
6361
11670
9781
20726
17675
31488
29561
30495
11361
8794
32365
24185
27015
23232
12360
25500
18981
22392
30990
15101
4406
21897
4354
2601
8822
7568
17814
22302
86
9964
31350
12874
11388
18627
10748
8587
1092
28571
3180
6991
4664
24070
32224
25135
5307
3725
13430
30256
25417
11391
27478
1867
25821
10117
11747
16562
9338
2564
12907
7130
23296
24341
16695
19289
13904
26621
16567
27346
2004
10923
18950
29176
27025
32196
20619
30036
16767
22389
13396
24947
23627
10263
14265
23128
4353
13784
10032
30342
12244
8612
7705
7123
30725
14593
1256
11111
29792
3065
22563
28894
536
24517
9934
10160
23210
23188
74
28539
26446
25920
1950
19516
11581
16429
28632
8384
12088
26821
14262
19258
31039
10156
10997
5854
23069
31668
5135
17874
28314
1909
17873
24749
29045
23549
22343
12479
11080
911
22975
16792
14005
22792
31227
23805
11019
8168
2007
16075
8104
12280
8369
23992
31546
9178
20014
4540
13835
32456
16164
28772
10765
19362
22659
4506
7426
8843
26941
29427
32238
16395
690
1462
22912
20209
27507
10408
12590
3476
6595
30770
16415
24599
29331
30563
29869
30267
32100
31363
32748
19644
3727
11777
2690
28364
10127
18920
4853
9349
8081
2005
31655
28966
17055
6131
6083
18233
2250
20061
21973
15885
7771
30491
9847
22467
5845
26488
20992
13061
6546
11632
21685
5992
6148
13734
18512
30452
171
17163
7673
29357
24356
27147
6977
12572
25683
5526
4864
26566
19296
15945
13879
24768
5685
7510
27904
31770
23554
32638
4
8460
21856
21032
9935
21775
23370
32642
4706
17522
23597
7124
7087
15593
6048
14192
17519
32297
28513
32637
28607
6803
26728
12719
4413
19682
18387
30132
15806
19428
21229
14761
8218
26823
19956
32612
16901
14903
6135
13570
12308
18509
27263
19174
6325
19937
19902
25344
32369
30784
14540
32646
4524
4851
3055
22955
26127
30890
14609
19561
11748
20348
22131
23300
9841
1328
24865
24427
18901
19412
16064
27377
24384
11280
12883
27777
9312
17671
22099
23003
12873
2159
10339
9877
30205
7534
16641
8049
17598
23530
7310
3402
7812
3887
2955
7843
29334
32491
24461
6025
30424
12132
5815
10239
16302
24332
22442
20718
17992
24731
9047
30504
30804
16755
13688
17933
12734
31863
25712
3042
20129
31442
15911
8785
4158
21932
24145
27037
14747
10596
19739
7922
30712
21155
14800
28383
8798
22563
16902
17237
30997
32210
17021
10692
5877
21798
24355
10999
26552
6816
8989
4842
14435
2160
7372
3744
18412
23202
5645
17758
18683
31613
8779
21069
6398
1077
163
20924
22803
32323
10360
11282
7192
32340
6948
2989
17901
12141
18819
3905
5291
6539
8621
10610
2707
12453
30474
14562
30915
17888
18284
3876
6206
4050
31397
11818
32514
17559
5201
12255
30062
25721
26002
5762
2791
367
10305
4185
14708
4975
15471
30420
24723
16028
25521
14400
3522
24074
21653
3615
25498
9789
12030
17139
18296
9471
32079
5455
21998
3546
26007
12275
7923
13723
26254
1398
28155
19302
10385
25696
19940
2992
2635
17344
15746
6982
29757
21556
11660
19556
29371
25056
32055
9691
5011
11250
12103
27666
26804
13452
8846
15358
26851
27561
31701
18601
7043
20689
12630
15557
8953
24922
27585
28940
1229
9396
880
22221
24281
32257
1650
22501
29247
23471
24847
28796
22973
12426
19088
1202
27335
9319
2577
676
14623
16652
24381
8130
23654
12121
3645
5478
14902
9404
22623
17555
10045
21627
30080
15481
27265
27747
26894
14085
21661
6542
7094
25477
26271
11001
29914
25047
17151
30314
3878
13880
22683
28482
10994
18340
28522
18715
19827
15109
20189
26365
813
24022
27930
3261
24988
934
27425
6030
8247
14068
17345
15155
10315
21671
29446
2976
12167
5790
31552
5773
17160
14262
27169
12545
4563
12150
9626
6496
28481
24966
19027
1689
19419
20806
16192
10551
10113
9049
25158
17051
15713
6069
672
6001
5108
17242
4840
29233
16300
8116
29058
19137
24106
29144
16551
27868
1557
12979
22376
14528
1248
10949
740
27610
21634
23620
3485
11857
24209
24608
4562
27687
17717
10048
17292
20911
21899
10883
28686
16413
23151
28969
13651
30102
18171
24916
3234
26903
6418
7744
20010
13553
8323
4683
17571
13665
23551
8106
19470
27086
28408
3153
32446
3442
29607
27131
792
11985
3597
3499
874
32451
8568
6026
10520
30727
15411
15928
23860
13494
32664
10478
22008
5400
14518
2053
10393
10729
2050
22634
22517
15494
465
13712
20043
27011
29837
29443
31947
18974
11012
18240
24157
16278
15570
11802
11425
6429
3046
3290
14548
22878
12287
8405
605
21697
23500
10042
26469
27838
15553
16432
19889
2686
15841
4818
25092
1955
19795
26140
31094
24504
16451
21852
29992
9591
25828
23804
4971
21188
32457
12065
13938
13312
25176
9502
22642
15911
25567
23277
19567
2912
6212
20177
16774
24292
25583
10421
10234
30943
30169
19085
22082
12743
28532
27102
17378
27115
28181
12181
19696
21757
14104
10332
15704
6893
8822
15518
6282
5525
12672
7735
20609
27731
4377
25993
28956
11645
10799
4968
9555
11868
27543
4164
24402
19551
16760
15929
30702
13053
10654
2476
24161
6138
29062
13395
12316
28442
6425
6628
18247
1609
13317
22526
2997
27652
20098
106
20540
16727
19937
24218
10455
10422
16887
22529
4055
24206
15589
10966
12522
27379
3835
13325
12756
10285
18200
16838
23639
645
4642
4808
20359
1872
5107
10342
30996
20211
30275
13408
15315
14722
26982
15821
12739
19107
31857
3745
17793
4116
30886
2152
7373
26284
29364
3224
29412
18034
16048
28493
237
6197
11703
28874
13505
7404
19478
22242
12920
8956
22762
12142
13658
30338
7811
1624
11873
22741
29111
26446
32473
30814
24548
9296
3271
32240
11638
3266
4578
22369
16960
27267
7215
27906
17233
16961
7041
25168
31937
4387
18071
23249
27283
21789
31787
19092
16758
26044
8870
311
6601
13018
16698
29381
14981
30247
1273
23293
5798
14025
24307
21425
28584
3648
11982
24411
15166
22774
6088
3024
6854
24020
10878
28078
10981
23680
23891
29733
25646
19588
28520
214
26820
4877
27182
5021
19729
26692
31086
7377
1776
7162
19443
6109
11339
29867
26041
5687
29938
7769
256
19476
4730
25834
13422
10253
2302
7772
28136
1503
4531
15372
21652
28570
15252
9990
13438
23321
16494
32138
24625
4423
10539
21721
488
3702
15365
23706
6717
4141
26871
5220
25059
11411
8187
30982
30927
19518
30328
8676
21107
11317
11490
20630
11447
20392
29421
4604
6560
13764
26712
2888
9007
25860
27874
28854
1990
72
12957
19677
7856
4611
30558
6380
30820
26262
16444
24539
19364
13721
443
15119
28619
12962
16519
26695
23952
11235
22842
1801
105
21067
15284
15303
14118
5498
1712
24463
10399
19117
8912
24036
25056
27251
15478
23888
27903
24957
14462
24669
25027
1267
20557
2572
4018
3097
441
32054
28111
29841
24664
9732
11413
18186
25494
12149
21459
25663
7049
8238
24240
23565
1923
19994
22912
9334
4430
875
12816
28751
5062
6582
1575
26550
16995
24798
25034
17718
10103
24937
10108
9313
20873
28644
14643
515
26900
1303
19111
3062
13497
4526
9440
485
29242
29865
2555
4197
4251
4817
30869
3772
19351
12679
12131
24994
12446
21833
29466
20782
5349
23657
15250
15094
30269
8875
3633
25489
5970
309
20207
1893
4937
28196
18138
17300
24061
20593
23051
2040
30715
6921
5724
22046
11728
26148
16191
29312
2857
9803
7646
3927
25932
20523
16479
25280
2571
7119
3071
31112
24215
28135
7266
2762
12060
15130
449
9377
26029
18251
2005
30464
8327
27141
10356
12174
15476
30587
16484
3301
10483
10778
25815
9796
24444
17980
26452
3919
27072
26888
11650
15209
5008
10048
30236
6106
17066
1979
4915
29323
10946
30603
12387
30693
28989
22696
19897
17176
3884
14770
17480
31203
5457
31218
16154
32167
28298
12427
8470
21639
2606
19125
6431
11477
432
17214
22622
3357
29414
8434
18115
5811
2056
25651
2157
16789
16365
13101
14698
11298
30773
8866
14960
2461
14698
15284
16606
19185
21449
997
5987
29583
7632
25532
13651
24342
1491
11023
25010
14249
463
16617
14632
7074
10346
32312
5773
3009
13635
5028
620
16737
7781
7519
2089
24820
27259
27542
8673
6094
988
30066
13728
8529
18708
26058
1217
5661
4251
24659
15003
11786
1731
7428
4350
13007
26190
12426
7468
17029
3602
11909
6761
8453
3997
735
23732
29292
15407
802
32538
30772
27682
11871
2179
9441
25473
22352
29236
17686
25997
32007
13184
31644
28640
21558
32580
4066
31957
18279
19316
11134
25580
31887
8191
459
5363
19743
23108
374
11228
27927
1814
31833
30571
19670
5995
9044
10812
30733
25271
6217
358
28212
21868
22443
12846
23749
26429
23818
15787
30095
29368
6297
14799
10316
4205
19394
28130
17007
7136
10606
10226
8020
17548
29554
2190
30802
19314
13975
32450
28310
29366
6992
12999
13455
24327
27695
30648
160
7345
1542
9223
5192
3008
14489
533
24565
17748
21905
12057
2753
20870
22821
20108
9191
362
30021
17513
28377
20931
10073
31417
9116
9835
8767
14860
11980
29788
26413
23845
5900
3906
22401
24205
15702
10595
31672
30910
28375
459
7928
26353
29166
23559
16853
1151
19253
23821
29819
14629
23893
31408
5475
14838
14700
27751
28407
6598
31621
27769
14174
18636
12871
21415
20802
17173
9991
27323
10974
5037
17146
13081
8525
4139
17753
3079
14516
30714
8488
770
10656
31814
10553
6091
1017
272
16712
9481
23923
3015
20055
28088
22042
9219
13537
30004
30877
13213
7784
29975
20179
30984
9830
16342
5542
936
13897
26723
27844
4536
7338
8720
5258
17171
6339
14786
29474
14167
26969
14039
10173
5705
5914
5050
27627
21532
31316
345
7184
25538
29783
23449
31133
8735
11691
31086
10253
26102
20952
8761
19427
11788
9476
2688
4744
23905
25400
30946
22176
22954
20163
9128
9748
30060
9102
10933
1333
10528
6683
13008
30271
28272
19064
9599
7907
1462
2387
11753
31760
17588
20989
19229
12026
20357
24616
10633
26662
24134
14140
793
22834
26911
13397
24954
30979
14215
1701
19378
13668
15104
32552
9166
30923
21531
15084
6718
30255
19222
14917
27700
30707
23785
16634
13818
2688
2794
21460
16177
4952
14522
29416
2453
1949
17361
7476
12652
28264
8315
11246
3426
13913
26684
10074
12310
25574
19575
7446
10145
26603
20516
29728
17400
20680
15087
19083
32109
19805
29306
11329
9260
18037
30900
8894
1680
20287
14015
25643
19387
4346
12423
31101
19470
19958
32596
22123
12789
7116
12567
28533
14870
13133
17964
5128
17001
32028
6648
16542
6581
15902
32428
20522
17776
23123
29274
19998
18818
26070
9221
14382
27818
5316
9343
29084
29643
8493
4472
27130
15081
7546
28581
26909
9573
24677
10273
13671
13328
12476
5195
10682
19815
11887
19457
31100
10206
18353
15028
26438
1916
2288
15023
3135
2949
28331
25799
20534
28415
649
20017
20789
12657
20920
32640
15750
12939
30179
9136
2227
21809
32745
31463
13488
561
26947
10545
27731
16292
15670
15438
23898
18817
9768
9177
313
12514
11724
31085
3110
26887
2487
10381
24034
30598
18215
26766
28741
21766
14474
6244
8294
6756
21578
28886
3058
16823
8167
31904
28204
1935
24763
253
7540
28878
13540
18414
25917
30177
14615
16340
11212
12758
9727
15858
26263
13052
11100
22245
15819
2719
13605
28862
16524
8993
24997
12859
16465
21043
30240
10475
27175
17053
12498
17328
10868
32215
13216
10070
19234
31804
32233
17597
18027
25760
30084
29654
2508
20865
22301
17590
30347
6722
23161
23221
6599
26356
716
24846
11213
14826
26336
22983
5777
13293
20923
19255
6022
2724
14444
14317
1653
23600
27317
2498
7795
30159
11496
6373
26256
8103
31124
5059
4932
16017
13
20572
15569
717
22272
13146
2671
3075
18246
24844
4755
23256
12972
1502
12128
12425
29987
24144
18130
19160
12410
16466
13455
7046
12203
16120
30362
9157
31915
9204
6561
10613
26255
23537
25563
17773
20141
27073
13774
23110
15236
31698
25435
15189
5148
9099
31047
58
5495
21779
2625
11586
29519
12054
546
12958
8110
17987
22851
25190
3472
27986
22346
30817
3014
23355
6528
4053
1242
206
26312
23679
27350
20674
23531
24867
16302
11436
5604
1826
1032
15523
24294
23360
27682
16141
11500
4117
5599
15547
16042
15243
21491
14294
5187
16493
21819
6721
27968
8565
25644
19963
15833
26769
16950
14634
16694
8112
26629
17926
7481
6169
31558
11858
17978
11457
25656
9668
16601
19894
2457
20984
25529
17635
7237
2973
7265
325
3940
27082
4567
27050
3083
30754
21012
26900
21458
26860
30904
11321
854
29816
16189
3575
6797
8326
10658
11112
18734
7197
27839
31603
16325
15122
10220
15344
9155
21660
26525
24681
26075
13382
8245
23998
19938
15266
32093
16538
18377
10257
25461
21928
3114
1271
7791
23228
30692
18983
15699
13174
29012
4753
586
23530
28665
6120
4697
31240
22503
29485
8056
31332
5023
15538
24257
23453
14588
26229
20469
3609
19509
5719
4908
23307
10711
21798
1280
2816
13979
17662
7658
16226
3496
17307
6432
13465
20904
1700
11710
25600
22528
20540
19525
21139
26594
21711
18961
28571
26978
22326
26726
19378
1851
15413
4648
12390
25087
7459
20732
3553
15195
28854
1628
17465
16112
30818
2849
25788
12924
7824
23331
32314
5781
14530
1779
32419
11414
4725
5234
26741
2235
19693
17241
19116
11529
22840
19613
9153
6071
32579
5982
5194
3600
28237
28055
15871
23701
13864
2788
12717
17603
960
5822
6995
17452
18296
28660
26180
2599
3553
3277
5881
14568
9020
5631
1194
10128
4534
28915
1027
23982
19503
6943
22302
20130
10677
28286
8993
3721
6942
11467
16293
28648
12748
1528
28119
19143
12074
32070
29657
20551
13837
8366
6315
527
8205
18620
5195
9973
1296
13616
21198
12414
20853
23080
25519
3804
17535
2643
10821
13701
28143
9833
32759
3539
29675
5785
2795
17217
5019
3112
9327
18606
32309
5434
27152
24069
19289
26623
29362
16256
18237
31878
27087
11496
30223
13804
8762
5780
29991
30098
16992
20457
22750
8390
5399
2100
460
4115
30569
19113
14475
30699
21613
16202
3186
2102
30788
30091
1176
25132
31077
24083
19410
1021
10757
537
15908
15737
3327
8910
20178
9579
1923
9569
2514
3555
18976
9913
23450
21986
17920
8330
10882
16858
30116
14779
24714
6159
12282
10274
20866
12146
28724
7068
774
23579
420
11562
14080
18099
19384
19991
31561
11242
31845
5640
31665
4949
5737
30395
18875
9705
16021
31482
9107
2659
29917
29548
21284
31233
3166
6377
32036
20317
30454
29793
9197
3055
5818
999
26024
29598
19352
26168
14863
12025
929
22632
13684
8990
3884
711
19439
27554
15250
12814
18813
32534
8894
31325
7598
31052
22036
18648
3059
14806
19431
19975
30732
159
8381
31207
27622
24157
29396
28065
3688
10755
32469
5394
6010
3523
17328
10565
12880
32625
22381
27307
12596
7910
30458
27292
30703
25743
10465
27707
25474
21214
32604
8736
2349
27506
3794
16897
4629
13930
10910
11494
20530
2887
11598
17337
30493
20487
31597
15656
31290
13780
12577
7838
4148
25495
22685
21364
13724
23736
7628
14938
2734
31465
22316
21741
15719
30202
26616
8965
4208
15435
30622
18275
19002
14834
790
26415
27651
30825
15794
13179
13852
8035
16040
21251
20372
17927
5357
1898
5610
1797
28555
17650
32554
23855
31499
8266
20729
16800
27336
28476
26307
10924
3864
7876
8290
26117
21467
18565
2529
22524
19587
2227
7690
24478
13359
24411
18717
1803
15646
22241
8367
23382
25536
31641
22315
17866
7263
28470
16053
32620
24611
16088
23962
28633
13428
25334
27605
16184
8412
19640
8149
7691
21281
11453
24919
11150
8507
20083
29234
30333
17781
25175
19100
1169
26735
5165
16244
31863
25076
10191
23251
5335
24928
16228
10688
2950
28555
29685
29908
2846
11006
14483
22522
6392
14340
32669
368
30033
7254
30377
14479
11351
19821
22721
7900
18637
32147
14609
17645
26395
2055
8322
890
21288
8123
14513
30958
14998
1135
19276
16937
3830
19412
2815
5286
16483
15572
16632
14975
6896
13110
8818
24100
25377
7694
28256
27529
208
11048
27676
2940
24102
11551
10801
11322
9083
20930
3451
32182
19105
20290
9142
9113
11541
3991
17370
7357
32341
31914
392
22672
26783
2154
14143
29508
30647
15226
7526
9150
14945
28344
24509
4852
27804
25969
7198
22133
22005
16603
31900
14524
11261
28995
5043
28361
17793
92
30849
5699
13547
13493
22478
32516
12565
895
29910
16234
32157
26526
4507
6781
1854
1926
5494
29256
11117
10564
11238
169
31055
21977
10169
31141
8314
20229
9365
1184
3464
15752
21392
5420
28885
1265
15711
10461
4754
20239
31188
29961
6515
30478
709
14201
30196
32542
4459
1377
3151
11840
26360
17382
18959
23933
32299
17827
30396
12288
1435
11770
4087
12237
14674
17885
28113
130
8243
30162
24216
23894
19899
20048
26841
7291
3349
7528
23989
25863
2560
31777
7636
19460
28673
8089
5915
12063
26359
20585
11598
3053
25539
4372
14551
4978
15765
9971
1269
21263
28164
31514
31536
15439
3980
13614
20595
4218
4196
24550
20588
2805
11885
15565
324
27294
10347
17682
17604
22660
14546
17907
1499
32691
32551
12422
22725
6294
10464
24689
16301
4413
28572
11280
3294
19905
9592
25761
32188
138
3831
15022
5547
24365
24823
21374
23396
32636
26962
30744
1885
28162
6933
7716
2999
6363
3535
27155
23770
12061
25725
19742
3060
4318
17827
30624
31288
18923
3350
28290
17556
20139
3356
15586
30559
31075
31155
27894
13966
2074
19447
16812
2452
30184
6114
26500
21177
2593
30121
21658
26813
21715
13912
25737
23698
21189
11760
16113
27865
8783
31394
18498
15372
30360
30164
2199
14026
13354
435
28488
11990
14929
8007
28773
14942
11822
17456
19859
13456
32073
11474
28315
30374
6164
31425
2667
7489
19935
16418
7203
19362
1158
26627
16689
11687
21971
29173
6319
14798
12618
7967
5522
12713
21654
19488
25179
7825
12581
3345
23590
29177
6357
14052
13296
1682
13827
8407
6165
26499
12512
24267
6468
15827
4453
24375
3894
22157
5810
6017
26001
18724
2392
24432
10588
28901
22483
8072
25459
28712
2376
19340
19077
16190
29830
4490
10811
24390
12286
15123
6274
18345
31143
29459
10781
28534
17484
18381
32043
10665
20384
8289
5289
17974
15800
29557
26250
8301
11236
7857
9143
601
32384
17080
25619
22872
4595
17699
5225
26625
326
31711
6627
21993
3661
25039
2727
16942
31242
1085
18170
3193
32160
11267
13421
27081
5248
10606
5909
9638
30432
14511
11809
21963
7666
7532
29232
15944
869
16783
11993
15316
6204
724
10842
15800
25256
12043
5225
17500
23846
14071
6753
15459
31142
26750
21098
20989
1976
14791
27893
27909
14544
21870
31322
4002
21730
24822
23456
31789
17812
22031
31492
7546
14352
30565
16660
29405
11799
18263
21139
19957
10955
21458
9601
5719
24130
9364
27998
20834
21742
19433
26161
28786
9308
18521
26050
13196
22239
31267
11564
15515
25528
4886
22280
21169
30382
21368
22691
27470
23751
1587
6950
24564
22911
11921
29043
18784
4750
7020
25986
7393
31856
3195
23598
31203
12123
5462
9185
27946
16919
13432
4490
8712
10630
29132
11597
21362
24909
13215
9412
4662
25541
18065
23734
13208
11001
3182
4387
14409
11092
20045
15905
1933
20727
17875
15782
32497
10435
12260
29385
32641
19956
11726
4129
29398
11962
2146
2817
12590
24316
13711
583
15167
23432
4763
10067
25485
24384
21144
30579
4760
10075
26339
2541
2252
6829
3359
2350
4328
28781
17999
25530
5236
3490
4822
17014
14631
20660
29355
25440
22361
11964
16553
2013
11782
20518
24152
2994
15568
16846
2483
11412
21289
2013
30828
19484
3779
10680
5630
14089
8977
28738
24089
22508
24944
8667
24516
23110
28012
2713
22577
4738
32001
31567
14713
31586
19229
32741
4456
32223
30457
24184
2003
3656
32239
15599
31479
3778
10948
26027
3098
30506
13038
26718
31612
24039
16377
12548
1855
15265
5685
1964
17342
18635
7086
30605
3647
25414
27534
4412
5067
1302
20346
8216
10523
24671
4009
21478
16311
840
15150
11287
10224
30757
32504
2315
8554
21919
13067
25747
29791
30734
25599
24943
19988
24248
32359
6576
24311
9531
20236
2366
31445
30889
26202
1902
16028
20180
30056
22312
7141
31118
28282
2971
3883
20413
4563
9545
19620
21540
23906
17863
18663
14915
19046
14797
31577
32515
30199
17216
12665
30748
23797
1480
30730
31981
22737
26380
8630
10952
32020
7860
26277
22409
27684
20332
992
26644
22263
15782
19521
22382
26527
19113
16023
9216
3964
7804
9949
10789
27061
2814
23517
30324
19451
27618
21313
21339
1132
8433
20090
17610
26175
32392
983
16332
6161
12040
12285
10781
25412
2036
19797
10702
3844
24680
5406
29707
9608
12197
4982
12260
8671
22897
24964
17419
5522
16435
1338
13412
5626
11265
3463
28337
29441
14886
24655
13224
11740
9331
4896
24738
2787
28038
11755
10715
30516
31023
31142
24784
23720
18257
25925
7707
31740
12357
18009
6142
19457
18849
15105
11918
21441
31490
1875
15242
25278
21075
5869
385
20512
2471
1672
7991
24873
5392
29324
18621
20265
14378
11403
11294
14338
25624
13245
16528
2570
11384
12753
29407
3015
29866
27209
31054
2811
4679
19689
6054
19655
8856
22859
26231
25843
19632
29354
26565
12278
2948
3998
10366
9504
30252
29347
16099
10930
16179
10322
16005
31577
31972
5163
3326
12572
9215
21092
28961
4364
5118
11319
21736
18392
2984
21855
5880
26230
31024
438
32113
4286
1049
17871
7786
27779
21553
7142
22376
29329
19943
26398
27080
31081
16630
8169
2002
4294
11671
15070
9053
26515
19248
5684
14480
13459
24547
16566
16474
2034
17909
19426
1498
6945
23679
14317
16081
3998
140
22394
20082
279
6473
7270
20180
23051
15553
20613
7106
20051
1527
18660
32348
1237
30211
10182
6827
12010
5414
29653
30268
17486
21049
28249
9006
30828
21960
4340
1645
5513
20085
16254
8092
4248
2734
19119
19992
12760
990
3085
13046
31620
497
24975
23004
14573
10587
28692
13134
27450
477
19973
21455
48
16339
10324
26917
21629
1041
31388
15634
18811
20543
20257
11469
9808
12332
22033
26688
7842
12656
9530
13036
11183
18739
7423
3761
18433
897
31108
4561
12421
22885
9072
26797
6748
22009
22375
4475
20147
24429
2501
4169
6166
24147
26631
25090
31262
13988
2944
19423
18081
13458
24767
5418
13805
19564
21717
19195
30705
3016
4281
3705
1557
27229
12840
31563
8813
23886
14908
14439
15249
12913
22944
12918
12830
10369
4097
28962
29378
20212
14802
9780
4058
21638
31530
1687
26156
30249
23388
18397
13683
26707
30973
24908
4231
23154
16423
31809
20512
23132
9259
2773
20041
32287
13014
14078
31660
25961
8621
32501
2804
18476
6546
16334
21231
18584
31433
28006
30944
12006
26702
11724
7079
12521
18307
23435
21321
19199
15848
21814
337
6700
26266
7488
8502
13713
333
31524
3061
15222
12649
20683
28462
8737
6869
25710
6691
25113
20536
24184
28242
27382
27344
27349
24824
10118
19974
15381
23741
12657
1849
18630
25731
7284
19531
10714
13041
28126
7378
25339
9167
4019
5374
12825
22038
26430
21489
9384
9271
18599
21297
20682
9533
13350
6497
7727
15968
23162
23722
17213
25205
2549
8697
19611
17276
8231
20848
24755
21886
21802
29856
8955
4665
32076
30319
11942
13130
8759
22173
5793
2383
9477
13697
20192
19253
13024
12889
27784
27599
30768
14740
5109
6617
6621
2831
7450
13125
21388
4118
21728
15811
15686
32129
15026
23672
30072
23541
13386
32593
28556
21832
23343
766
29762
20146
5554
20405
12309
6402
19223
5085
28859
13404
7525
8382
18862
2582
23687
31946
8891
6300
21910
8776
27437
16992
19228
12098
9250
7926
441
30710
18865
20799
28885
20153
12923
32476
13177
30357
15255
32389
31492
31107
4562
241
25249
12741
25136
3477
6401
2376
26278
13566
23545
8115
19142
23386
27137
4846
28701
10728
21614
22236
24764
37
1912
23640
22048
8275
29351
30905
22710
15629
29373
11783
15709
31501
5342
4878
1770
21605
1835
14512
7242
12219
10281
19887
12329
1389
2752
27269
13504
32536
10629
9357
20062
31922
14861
20139
13236
24438
29008
2090
3668
16744
13804
5952
21463
10543
12769
19784
8336
20359
2641
426
28736
25614
2838
2410
32649
9663
15504
2070
5119
21546
14545
9708
19592
16422
8308
19180
31279
23072
15139
14470
31201
23616
19704
12785
17481
22017
20676
8925
3746
30030
13513
8122
17612
3517
11162
15331
28641
4815
23237
26506
12265
17259
14607
14467
21222
6346
1862
13789
11365
17664
32004
14561
22045
30824
8094
8564
1301
15770
24885
465
21438
2103
15174
31302
2507
7669
28667
3920
24568
3946
17027
26825
11193
32686
13259
13664
1284
18457
12001
29294
20063
27737
16463
31917
4046
8306
14399
4058
27251
12636
24969
27095
3639
21950
14542
23403
16956
18487
22199
26683
29185
14369
10718
17881
5319
31236
25046
22722
11726
3467
18248
19409
13158
7963
12309
4365
6487
25823
26417
18451
20812
23898
13481
24413
18442
19636
3528
26463
31779
4837
16411
8465
15291
3679
1281
8242
7793
10923
32713
32029
23291
3307
15315
9828
30071
28515
18182
22976
878
17226
4437
25042
25542
11531
8303
19747
15115
7016
9650
29333
27363
9811
11027
16534
1521
9096
3899
21867
4112
31220
31112
12832
28317
26062
1525
21006
10757
4274
3671
319
14542
32090
3690
17258
28335
14454
3271
28187
10979
12485
14691
24948
7472
8022
16071
23602
31981
25285
1217
13016
27202
16607
25802
10946
18618
18435
26893
21695
4372
27134
16406
8432
26246
15333
17962
28751
15970
28666
7024
1879
20373
718
12515
20695
20244
14511
4942
19179
17404
12949
3982
25879
25616
21377
13805
19990
21872
25699
32058
23681
16005
24351
17356
21646
15606
2057
20850
27252
30641
4114
4057
26774
20823
16527
18110
2106
14452
10719
20912
21476
24645
6381
13582
4917
13032
240
4048
16934
32658
32347
16010
32061
10271
16314
15838
13398
21226
11569
12203
28440
16405
22800
30659
25528
1120
8398
14832
25609
14265
16007
9133
29884
6640
8325
27736
4111
16956
7017
10117
17273
10035
19310
3984
13621
27825
19193
26427
15534
25220
27537
24476
26245
28262
23274
4912
6414
12788
24971
19291
22199
1639
14209
29967
5908
29546
31650
30650
11258
31125
3616
21120
22498
4816
32214
29832
24878
7821
12437
32266
1104
20667
11578
20096
9735
523
12684
30209
21896
20739
5694
21296
10255
11653
22504
10093
27882
870
8797
4954
28797
10416
14745
23549
12786
22637
23935
9667
9714
15141
22994
29164
12631
2932
18904
13719
21890
27852
8473
16850
29804
26600
7048
90
32208
9180
18479
11137
7687
6842
3910
3068
5574
7168
31696
26592
17887
20980
8011
10912
18290
21865
14495
3361
14222
4090
12546
7018
10094
11104
4969
30390
14261
9961
12459
25522
14085
14973
23446
18658
9864
29293
9293
31190
349
19396
18527
25005
5961
17393
28764
24017
7629
26747
11841
21021
26667
9256
10040
16829
26918
28080
11333
30388
25041
30038
3792
20727
15059
20195
22255
11679
17362
27821
5038
1151
31275
257
5272
20485
23338
6081
9591
23711
24101
30473
9523
705
30470
15289
21641
19238
30226
254
32492
32430
30534
16420
19715
13887
22187
6808
32102
23791
30909
24580
15491
21781
20803
8404
14286
12524
30606
16305
26787
28638
32443
21449
2920
23038
2850
27404
26196
30165
24020
29223
24366
3095
21004
13009
29240
6200
13682
6243
5505
22519
16577
19853
3407
27712
30556
2001
7592
25634
31007
32592
24403
32219
26205
3304
30721
19877
22786
6659
1729
9482
23539
13663
15096
18759
1404
27435
30672
30617
11915
22365
21521
8241
8819
18309
5448
7745
123
5013
22996
23401
4862
1992
21705
6503
31956
9472
6209
29053
14875
20111
13035
26951
12369
19501
14547
30101
17141
25675
10699
16627
27514
12564
24587
23593
14091
9693
736
6891
17745
32105
23969
9198
10175
769
18123
25832
21115
10748
7507
13132
2077
24095
9805
23811
27940
11040
19086
8731
11973
29568
7443
28351
13465
9093
17012
28659
15913
30993
32212
4515
7604
26166
12034
13298
29484
18238
32337
26538
17969
25836
18979
15077
28789
4925
15498
12728
11776
5728
26698
18745
22557
4723
1147
4162
4805
13037
6089
29953
25384
30338
9298
27464
19714
9069
28502
32185
1675
13376
27475
8153
26547
11553
25626
7521
2358
23750
8651
3104
3791
13957
10344
12588
21862
7338
23836
30296
19390
11305
11563
1458
21523
26673
17220
4667
16290
19404
21242
778
20143
17982
30222
24054
20862
15849
6784
584
22891
19865
1819
15502
22925
2054
29895
21461
29042
16110
31144
6671
25797
26023
5146
19601
18327
7463
6760
2988
25874
25705
3388
7688
28442
29565
2203
22759
7100
21915
32027
366
13362
23304
17665
29952
15602
8980
27455
3803
5035
1475
18358
31854
143
21072
31329
569
231
3434
11249
25320
28155
25669
26220
6080
20424
8391
18423
26756
10065
3169
7228
24277
10216
3189
2548
6351
18643
15582
19579
6026
31963
6925
20300
17004
23415
4837
22372
8420
13323
26669
26605
2420
1092
13187
14000
29262
32463
6265
22954
13954
9776
22985
7441
15383
14109
6791
7315
20687
30309
11365
26214
7663
24935
31185
27778
13199
26000
10499
27335
12710
26934
6492
10131
5409
24404
10407
31923
5674
7725
7185
30880
6637
31168
25209
4501
9251
30669
19413
27530
19034
598
6447
18792
5232
8850
23385
23337
23896
27199
6693
8594
25492
28641
21485
14600
1162
25605
9660
18341
21494
32110
30271
32186
12044
30351
3391
18840
10214
20482
10260
1820
13422
10598
28434
9146
25246
4078
17540
7632
27860
17448
30704
30458
330
1542
19539
2608
23281
11
12938
23823
26073
30582
20185
23376
17274
24251
20087
24377
29061
21064
21221
11175
23632
4547
4542
2396
1745
9893
29078
29488
710
25569
5748
27004
24398
3066
28679
11536
14179
17768
20307
30062
23930
29624
12839
15017
12082
25710
17411
21164
6917
13022
17087
24748
19046
16489
30046
12181
32440
16394
18995
418
27091
221
31255
4986
552
24892
13643
12563
9035
18715
16406
6813
8878
912
23712
14425
6670
22704
22122
24938
15182
3498
4798
32015
819
9703
18244
11847
28828
9645
30041
13706
23179
6824
27752
11510
27768
12142
25472
14763
21863
1202
8341
26739
24937
12093
13413
10257
7450
23015
30158
356
22470
25651
9923
16692
19832
1280
14139
15696
26382
14241
29641
5108
7137
28676
20056
18921
1277
15352
7558
2920
26161
950
16062
17884
28308
13384
26421
8764
28705
29780
20712
31739
24051
26093
12637
16274
1025
24715
31661
24941
15671
23351
13644
19527
27052
25409
5568
12489
29683
21844
16459
4468
11521
8199
2433
32346
24531
16159
30550
13509
3144
3508
23290
27824
18457
23333
8450
24765
27320
9717
21761
2512
15004
16187
28608
31180
14937
10932
10855
21014
16827
27070
10483
7394
14433
6553
13794
6638
13088
18007
5277
24930
2852
1549
2125
5786
4451
12505
23566
11974
16403
23594
13082
193
29382
3776
22276
4069
9521
16731
24897
27398
9155
18997
26317
8900
14782
20051
13012
7485
8688
7850
12037
290
9473
8170
6006
65
10287
32046
10661
4609
15391
9203
30350
7438
2568
1323
5497
14164
31475
26878
18728
14534
25497
1899
24439
8304
25947
21104
31930
31541
21495
23252
28696
26233
5264
21958
5649
26197
11920
21713
20200
18106
17570
10114
4344
29279
21680
4580
16558
32486
733
6399
5042
12757
2411
27124
7562
6389
21205
13530
31706
25524
25507
1048
9892
29550
27857
1698
7141
599
26676
27047
11186
20815
7531
2039
8843
8638
10144
25364
6807
17935
14060
14804
31219
8327
7243
29765
6110
2987
20502
17207
21884
13655
19294
18919
5477
23478
25129
3979
23158
9018
2446
21194
8226
7356
30039
18758
27775
3827
23111
29324
12579
31809
22693
10793
7868
27602
12603
2959
15776
14460
11965
15552
7936
30247
14257
15133
1365
11025
1743
25121
11391
12866
24708
28068
15443
7953
25619
22584
8506
6069
4567
19478
30860
29962
26524
22853
22343
25389
27006
19770
29410
16054
29388
14829
15600
11949
2807
22281
6569
19680
22209
8936
28591
15409
14729
17777
19772
11088
11866
1887
5752
26374
20830
27560
9801
25716
30973
29969
5076
22085
10016
9489
8893
5314
6587
9654
24728
30949
27066
31095
31600
8115
31682
32178
23135
7890
2127
26559
14379
12628
5107
21966
21545
16754
2747
13367
29219
25095
9284
13302
12050
15707
9372
9899
24744
10823
19921
2936
1416
27518
13600
17818
10725
5706
13672
26995
8827
24377
17600
23846
30312
12327
15393
697
8044
14590
24848
23391
4031
24992
1136
24226
18939
17129
5352
23809
30065
4760
21882
13173
18078
11019
26910
32460
4709
18185
26537
1245
3963
4790
3704
8010
8143
3167
25004
17887
8354
28461
29065
2639
26038
6698
15820
660
4352
14986
16022
28328
10111
6274
9228
4859
27045
18788
28243
12270
15422
5492
12998
6980
7854
30832
16083
12192
18394
31684
6335
7080
7903
2576
8901
23556
18703
23261
4547
10373
10583
22645
15973
12614
24353
17308
15362
7265
15392
22005
31697
389
4892
11634
31345
19999
12392
16685
12338
13054
23038
17166
21380
15390
2369
7967
9852
23419
20859
32469
25460
4671
2899
5121
20963
15525
24840
19223
2134
16265
17788
29676
26806
17869
6881
24033
1863
8407
20844
25294
651
24768
5234
16608
24902
9962
10280
17785
22981
5502
9335
19324
13493
5997
28
16417
30972
32537
5112
10293
30870
26055
27411
2024
31066
29017
1965
1996
20857
7092
32025
7690
19302
3670
20447
21894
29637
15962
24819
14992
22380
27598
20621
5059
4473
21341
19688
18758
21530
21581
11258
11506
10423
32376
15166
29659
13848
21815
1622
29328
23907
10498
29551
29150
23835
7983
5771
32761
26063
12946
5741
17583
9017
15302
25751
32629
9906
23490
2798
18335
29721
1677
9706
745
17591
6112
31634
25442
9411
25995
29570
14473
20545
21290
15705
3574
28333
24622
28463
19565
7871
20023
17617
9477
18498
17934
20128
12230
4161
26317
25831
16476
9767
20582
13131
24428
32487
19824
16442
13102
2911
6782
10681
916
2796
28505
7503
2106
9445
22573
12020
31996
12209
2067
9446
1961
19205
1164
7888
13833
31250
8136
20296
17140
12283
16671
2151
18247
32034
7731
13822
17155
31564
8075
24116
5772
16536
26650
27686
19840
10691
12654
6011
7342
30358
7732
11575
23133
30259
25305
12842
1084
11806
12451
2690
3496
10022
2150
29620
8140
21116
24008
17410
23912
20085
27244
31001
9538
7639
11985
23559
108
29741
5247
28932
32505
12366
17358
19609
24445
21197
20579
18332
9195
24492
12737
6818
25446
288
19230
8924
19416
30066
2763
25745
12326
411
26652
2803
27959
11991
24660
2012
30901
29850
11060
22314
30057
16336
12610
28791
20176
27129
9528
12312
1946
6329
14101
2056
29226
3686
1059
28778
12629
27180
6822
17283
23440
17278
14918
22664
27302
9138
11928
14781
7921
17837
1972
31359
23167
21335
23260
9217
31045
14351
22565
9201
9771
14967
30120
14362
9561
25077
30413
32490
17238
25767
10504
221
4747
15539
4032
7575
18879
1974
9241
21087
17211
15197
13223
5560
9186
25633
3928
18912
29452
23383
22416
13077
7714
786
16354
13080
1786
12608
19626
27226
29658
1761
3328
21246
30533
6712
8383
32101
1858
3571
2142
19375
19093
16817
4253
25876
26924
22562
1709
13806
17681
23265
31363
12428
23103
27212
13195
11455
23592
15414
6137
30089
7067
17495
10895
7970
13500
6694
1817
16867
31760
6595
12196
29164
6152
19514
26863
31069
25858
32107
3863
7254
11445
3741
17790
24281
26967
6583
14042
22076
31211
1590
3649
25065
5880
22333
1402
29498
7671
26971
4398
4393
31683
3627
31817
8616
27044
16594
248
1479
6840
10515
13973
3963
18562
22586
32458
10589
21022
9889
970
24479
25679
20292
25773
4809
20439
17324
17599
20657
31604
17196
21565
436
5239
13889
20646
2696
1330
25765
28335
31115
15067
22845
17311
10680
13268
24667
31031
23750
28959
30410
26393
16795
17394
7705
14067
5753
20687
4987
5286
14298
8074
16257
12454
24628
18446
10662
20426
27027
2815
17483
10295
5115
25699
31948
16640
18850
14531
20202
2100
3441
3420
67
32421
24194
17554
31835
23866
3701
2596
25903
13290
26911
17924
6872
28379
289
11410
19548
23620
2761
27983
20053
29571
31368
23537
19647
25013
20505
14566
7935
23129
29567
5780
26195
20042
9974
19339
11346
3245
12943
13694
9742
13368
15856
6448
8185
11368
12543
2525
9876
12844
31481
18512
28150
17068
18896
26174
10344
29241
6209
16552
4366
21735
380
2218
9188
17945
4893
3021
10465
1678
19962
32500
21097
9739
31443
5462
1739
27520
19402
1037
3298
30646
18924
24585
16849
21714
31550
13634
29052
11362
26387
23189
4171
21795
22081
594
8923
15999
20294
9614
3147
11863
6061
4772
8899
1138
18536
32258
3666
10654
27545
12087
19213
11659
3869
14512
22462
12817
22594
4819
23513
23228
32752
18719
32651
10700
12183
15288
28383
12904
10561
30672
9639
30231
22991
18440
26213
21071
12295
5261
4695
1861
4505
23095
17911
13812
10849
9637
8890
6301
11928
31109
1876
29119
24666
12721
26549
27643
2237
11754
6615
16236
12697
5614
4924
2645
7222
17593
3308
10888
18756
29079
31401
31729
20691
26212
5394
18386
10535
5559
29192
12222
27381
25950
23796
31053
190
4613
10155
12048
9184
13581
11826
10863
20460
1073
8705
22146
12095
32271
9127
6183
1495
7578
29606
14873
15655
21590
2195
8426
22755
22122
7684
6472
6336
19372
16161
21170
8028
25979
5122
23402
24123
23353
27404
18490
9997
6365
25912
7090
4794
27209
1028
18996
13421
4266
21085
20208
2175
13149
3922
21834
18196
4633
4967
13523
3995
3844
31665
15615
5222
11834
23703
1769
30472
4273
31235
27634
15698
4973
805
3535
19949
14862
17505
8786
2532
29174
25885
13015
2610
25425
27835
5347
12070
22985
32031
8169
4637
24225
22054
14284
10895
23203
5602
12855
4254
28625
20957
17444
9525
2522
10572
3562
32306
15241
23413
11138
21313
160
22626
11785
19869
14233
21595
17386
19178
30632
6875
2846
26331
5899
20038
28087
4301
14117
15406
18802
30832
18712
16256
30829
12121
22153
20690
15046
2393
5351
23215
22176
27707
32205
18537
19692
17092
11072
10657
20509
21442
16506
6657
19078
14259
17550
5184
2934
7520
28507
21846
9010
2155
9037
28073
7396
19867
15020
5068
18506
18104
27029
706
14694
2869
21287
1437
3938
32144
20290
21658
2870
9666
2085
23152
31807
24412
5467
15792
24581
28269
28923
11848
15687
16791
23669
27433
31891
18560
25336
17316
21422
6964
6924
30612
26992
12524
30740
12482
27730
15667
14656
29383
23071
5693
20093
30399
20468
28563
6950
13215
21312
30731
5834
8708
16757
30939
19532
7468
2066
3277
9725
2649
3279
15475
15489
6563
6968
29714
17524
5606
23926
29736
12620
27172
7960
3193
25821
6073
28528
8300
21612
25760
2691
6422
1841
9270
26273
20670
6066
26418
16373
8131
13921
16807
26717
4960
26940
23024
27125
16649
31750
12055
22798
30611
31245
20456
9268
2171
13705
8601
13645
5095
3475
2861
7409
11974
4445
28156
15420
19692
4643
8982
4135
5321
22913
15867
13725
6728
22083
11466
14319
10761
6753
1767
20791
4469
16194
21915
1434
13270
1317
19589
8097
508
11204
28573
25536
15885
13374
25707
29601
26594
32202
1208
16687
27408
19642
15996
4503
20424
14018
19589
2781
14240
3758
5655
25144
31150
9041
25839
7997
28979
20157
31658
9320
25792
10816
31680
5231
22287
27177
8942
3494
12162
25225
2860
23958
8675
24553
29545
5670
2495
24910
15381
7175
26320
4608
29146
17194
24486
32400
801
28844
25617
13871
24707
32026
26223
18124
9415
14078
11804
15071
100
3966
1285
12708
7484
8099
26670
25566
18269
46
25853
15527
24771
24546
9004
12008
17165
28296
26248
12726
3596
6624
28893
24884
14642
2068
19526
7837
20485
21384
20152
15724
4008
25732
13982
14997
3198
11930
22458
25402
18331
12815
13635
14427
21927
962
22026
16896
2682
2184
10491
16104
2978
5986
2364
24749
28259
29863
23368
12077
12716
17595
19812
25018
25803
8574
31769
3552
18729
30958
28404
8104
12027
13849
16024
21034
30992
27922
23763
9761
29398
95
5144
12443
18123
8023
21637
28920
4585
28209
17333
9339
11275
13770
4238
14177
16710
2183
20741
8567
830
8807
2939
30599
16958
8130
16945
8655
1647
11232
29178
3604
27247
25237
26945
11430
18924
16612
3982
32244
14239
17317
15013
10638
2607
22818
11046
21837
4883
30023
25907
3711
28683
20275
6478
14926
18023
20679
6086
3146
20453
22420
7536
4797
30343
32455
19368
31540
24911
20935
9544
30818
24741
23321
24623
19703
31571
7000
30253
7211
22450
16861
3505
11978
16622
4960
85
32159
23098
2549
22491
11273
18416
1355
22427
23251
26867
6370
27461
16763
15257
6729
11460
25573
16972
24463
19122
14496
25404
27880
5636
32381
22603
20113
22163
23775
11550
13489
26839
20251
25740
10693
17099
26068
22021
23641
32286
30780
26294
2998
25395
28313
8516
14278
6314
26444
22240
13031
32419
24220
7578
29872
22469
30866
14691
27399
13754
27494
16936
27325
26812
9700
6794
25388
3177
13746
14734
3005
17705
19013
22108
5109
20661
7026
1781
5336
25106
4627
15119
23526
24432
28284
15493
6340
21073
21456
16779
5928
31026
31102
15770
14175
24001
7099
17575
9018
3345
13814
11527
43
12691
24717
6436
11304
14159
19098
24917
23671
7695
15888
13516
3694
11839
1322
3464
781
19907
6527
18329
3853
2658
3701
6828
15160
15332
12561
9886
11661
32318
27569
14778
3347
15209
189
1179
23212
1178
17257
2714
7819
5045
19512
14920
25731
11817
16341
5896
15053
6306
23569
11833
25965
25723
29425
24893
22707
11047
18885
22196
10163
13372
30627
29735
29374
6332
26350
1491
8326
26553
8267
22332
13900
22729
13322
18934
27043
10641
6449
31265
5555
14115
851
11584
25865
14478
23724
22406
25379
2076
20068
13024
1367
26745
16273
23109
5440
17349
4762
27486
27367
30220
26238
16968
16351
8505
7003
17267
22248
2680
16723
1588
32489
8142
7005
9025
25503
28067
21091
27397
3054
20759
1333
24558
10213
5553
28101
21571
1817
7659
7659
9024
25227
4841
30640
3100
26361
3879
7844
7427
14994
7015
19312
19648
20693
16384
23794
12202
19712
22372
26897
16279
32283
31364
10385
26942
25343
23838
11082
232
21534
4474
17635
6006
28855
10331
23438
29871
9831
8336
4556
15809
5789
1038
25827
5015
22257
16501
24740
15791
18672
5310
17995
23287
17414
13660
30718
11901
18005
9501
817
20979
11606
19533
3296
8121
12386
4855
22571
23013
30204
21707
3541
24777
18900
22271
14561
9244
27824
8361
17272
18375
22635
183
25380
8048
12787
32205
16864
28783
4207
6033
4743
16239
2173
8583
7263
17553
14022
32597
9129
15744
8728
16626
27300
17292
29037
2388
29007
14583
30886
25155
3868
10184
25956
16626
22321
8335
28392
24696
12951
24601
22341
28697
10310
31901
22007
21957
13911
13273
5030
17063
28280
10911
21904
28707
30128
10059
30135
11730
1240
24856
5716
26985
4811
26412
25286
8800
26611
9429
26835
24676
13070
691
31257
20165
26722
26855
10430
28587
30082
20007
167
4934
28227
30310
8454
32464
29117
32462
26899
16359
8020
11289
22330
8345
13373
17545
10619
14034
1661
3155
20049
20306
11516
30797
18322
25618
9745
10278
4504
14206
25913
28443
12126
29057
24621
22403
16241
27276
28561
2933
28326
12973
13720
9919
18303
8693
18808
20040
29251
31016
23561
24048
2892
6648
4259
14084
5041
7285
17878
20809
7513
2726
12854
27278
20095
12904
24725
8566
31327
22045
9760
27410
18891
24976
26808
31375
11453
9210
13010
27295
22030
2415
14482
23131
31432
22619
21089
19756
26715
24289
9454
14545
9987
11968
28028
27034
23507
9595
15346
21854
13092
28265
32017
26568
25235
17412
19363
4482
28299
19878
6354
3394
27298
7329
15744
15111
31476
14059
2395
31263
7090
25988
10231
31273
15044
5314
24095
22939
28695
1569
19416
7997
21888
7190
2631
27965
9461
12118
2942
25776
3917
14223
5907
16419
1399
8245
31608
5432
18861
434
3034
17791
1960
8946
8005
1518
2603
29446
32740
23412
21831
246
11448
14636
2665
20445
26502
31811
30938
2511
16891
32709
29646
16038
12237
18363
19938
19546
11658
28408
19629
31102
9213
4907
1357
32692
21308
27223
22076
29768
30431
10503
19924
21919
5251
4292
23119
22404
32710
4271
5205
17168
9342
7146
5411
10601
32528
22070
9743
18637
17679
30581
5763
15176
17967
32416
13250
10974
30433
21933
29540
11739
21958
28486
28370
25563
3481
17461
4447
27760
10900
574
22298
16196
3633
27275
14551
4829
29984
23189
12604
2840
2302
24126
32340
30120
16049
12911
7108
24057
5975
32614
23631
6357
8152
20832
30398
2525
9193
29138
2671
152
32199
29751
17219
5678
12831
31357
7799
26341
12616
14516
10832
11991
25805
21165
12669
3353
22784
32135
30001
21728
23185
16254
24473
10917
26061
19214
24324
22391
6578
13075
7907
32316
4596
12778
22309
15512
2348
4554
10797
4852
14823
14161
23266
24452
29069
13931
888
19760
15371
23970
2512
13839
2095
12807
7381
28026
25226
24450
7246
19652
5054
14403
6162
32258
28710
5506
23082
16434
21217
20632
15899
7475
16580
10562
12741
6801
780
21713
23404
32057
10097
6220
17461
24045
14746
24015
9823
29295
27649
27877
4293
23687
26708
28083
13876
1382
24481
16022
29355
25564
4172
30141
21284
19964
31384
10854
30329
31528
28127
14070
23463
7412
2781
11434
15213
16455
10858
21076
5873
19280
18730
7336
14894
4103
28108
28504
1483
18621
16775
31018
11198
2212
21386
27288
29140
11274
19037
31296
5648
11209
20941
19738
3574
21023
23496
14423
19630
20336
2728
8424
13574
16100
4054
25488
7355
8760
4614
16502
27453
14285
8012
25125
28454
22210
1093
30793
18337
17939
28005
10989
25419
26511
9588
18605
1577
6151
30483
8855
30835
31243
23928
27734
8395
29387
23422
396
19265
7814
32387
17354
24641
3694
31726
12137
17424
3518
8037
27093
11983
11766
13300
5448
13167
22518
26731
13405
23520
16292
8568
5534
3103
21719
29802
23347
3330
10066
18383
20616
13672
4310
2705
17702
22186
16201
28034
4172
29709
20175
3757
11378
5527
3366
21193
8927
21084
32372
8429
16169
24967
31901
23322
30509
22073
10034
5564
4847
10096
25014
19201
4515
6306
2722
13101
14505
30292
8573
12236
24751
7977
13169
12136
4304
12493
12686
77
4384
1937
12405
30969
3826
20898
1396
11519
19491
14434
3382
18694
26915
24284
12925
22937
19110
20947
26770
21266
15293
16100
13613
15228
25320
2689
28022
12813
10005
2578
20439
28204
15930
15887
2235
17068
4570
146
3436
2016
7202
29449
25599
17022
21074
955
15673
20350
21595
20127
22438
29214
13348
8862
29968
19817
5297
28329
28812
2374
31397
29997
29833
3383
17101
15567
28100
13396
25641
19793
6022
7413
9187
22439
15939
20844
20344
22179
5646
20529
26608
18354
29343
29059
26378
21549
17162
24235
22325
22359
4699
10945
2616
24536
29061
31436
10330
20120
15152
821
30815
18788
8962
22699
25006
29707
31705
29478
26559
23929
20029
23887
25259
385
5192
21661
28326
19259
704
22144
32334
16704
11487
6536
3175
24441
23564
3437
16437
7285
4042
4086
22452
557
20546
22585
23384
13276
25063
1026
11765
24506
28294
1371
26106
27378
24325
7273
18684
4004
7036
16461
11701
26219
15542
7462
5136
32339
1748
19105
3115
29423
31732
2103
9212
3265
26612
15419
13747
7333
15377
10399
31918
11537
8898
696
18475
30807
8073
27248
2474
6210
285
16131
15714
8133
28503
18937
26936
5262
27330
4433
3859
2612
24777
29110
29435
1373
26661
28551
23756
22010
32667
17841
23210
11579
28192
8362
2970
8235
13023
29982
13848
30536
9852
13252
24531
18148
32574
24101
8268
14887
31877
20099
12469
6438
9277
28740
23074
31145
12176
13793
19011
14652
24907
7444
7063
9633
28964
23255
28496
5237
133
26530
4157
9884
25590
22515
11090
21569
22854
31730
12348
10737
831
23780
4573
17966
21801
21607
25255
6997
16489
24106
29931
4963
13147
6804
26875
23534
8338
20091
26133
8262
31945
23495
11584
23000
11796
24150
25467
10041
30040
14817
5441
16110
18491
21279
12875
10032
32124
1061
25788
6590
23753
8066
11168
16296
29926
23659
24810
137
20496
467
6724
2633
3326
11617
16155
5071
16781
15588
20058
12599
2685
4983
4093
25280
17150
9145
14921
3114
29868
14675
27554
20710
18034
6033
25073
21236
5022
7624
10822
26367
19716
5196
23170
16983
13827
2615
10603
8653
2893
7313
787
2919
6403
26260
7302
19718
23832
10298
18483
26849
26106
28939
15185
21662
25972
24556
6707
13991
7478
21765
2414
4461
32417
28270
8735
3751
28046
23611
11512
23964
18917
12670
29407
11340
13094
26065
10398
32517
18429
30993
6967
23957
28452
16414
14847
8977
21694
5116
30891
19918
14934
26712
29750
7320
13692
9073
18827
29883
12025
18662
15506
306
27651
27165
1969
29365
16072
506
32524
20154
8788
21356
8704
13400
32051
14069
12327
2019
12689
16237
13958
28920
6112
4471
8931
28870
8393
23654
13632
5658
16807
11331
3678
16002
1248
18780
8050
8543
21382
1886
480
4341
17628
26716
28063
28290
26235
11843
17772
27528
15864
5299
29864
11098
22223
21450
18055
25921
11961
26292
25455
11621
25782
13392
8285
11702
27817
12492
4408
11597
23164
7356
21005
17804
10202
16703
31797
3363
23330
24308
16808
23117
7460
32752
24162
2444
23992
22226
12084
32762
28238
30186
4793
26838
11053
11957
7985
31204
29843
29795
18091
2062
27423
27568
1042
22367
23043
12229
27165
25337
6119
12779
30505
7207
30363
25934
1780
13489
8936
29307
29072
7488
11540
25082
24859
21167
6322
14681
32370
21529
28476
14604
201
25428
3777
30153
26121
20431
22097
1725
23967
1652
7258
6696
30162
21138
2741
27405
8496
6442
10304
26364
21176
29698
28891
14402
2500
8365
19148
20542
17826
10927
24864
23469
22653
15520
24755
30511
20883
23033
3756
6613
9243
8642
18834
9993
26581
11608
7708
23462
30414
8293
8355
32172
21747
5895
17462
26577
16639
20773
17198
5043
4139
3611
14312
28020
10944
30597
26343
22814
4102
7117
28714
17966
31189
7628
24837
12210
24779
15295
30943
32262
528
17227
14782
20295
2346
23068
113
3325
31428
28201
27606
24542
11744
25172
24772
30107
8787
24368
2767
15359
31028
4232
28132
26480
22922
31964
5968
5476
20813
27698
9742
2231
9575
18202
3428
3461
9819
27763
471
20736
31441
610
10949
3735
10126
18199
14925
26889
29342
14407
29962
6790
11544
11491
17885
32388
20171
18585
27576
19019
9064
685
9849
17444
25247
23390
4906
16381
21021
11769
29637
2760
20511
28176
25439
25122
6847
16212
10172
6075
75
2899
32231
15425
7926
21206
9220
20722
10639
19936
8128
8307
17886
20735
2259
980
18954
18994
27258
29701
20014
11984
2055
13588
18273
8310
30615
14709
10921
9749
27127
20256
15394
32520
12864
20613
26131
9995
19070
22269
12626
13546
27667
26600
21067
19823
9474
16886
32343
19824
28800
14909
8943
18822
151
18600
32767
17654
29182
6271
3478
13735
139
22355
7734
5643
20537
17255
24424
9589
17110
5323
12081
2404
26746
10384
5590
3432
7570
24237
3620
19311
14554
28268
29286
5866
16176
11779
26989
23491
9172
2108
21113
2593
28014
16628
20016
28669
6974
18236
29055
2509
25537
21992
7613
22654
15015
25298
18656
7232
9782
30331
30389
22424
29596
14911
16628
20462
8218
21101
19872
18162
7172
7591
20404
4392
26503
11804
14255
16171
18115
19043
12905
21624
30541
6983
9552
13751
23693
239
11544
10084
18816
18704
28709
14677
20285
4442
15126
27819
2207
3020
2236
18267
22030
27426
6396
31953
30871
6102
6459
11109
27772
3429
6578
10217
19825
15748
19420
21895
923
18069
6141
9685
20653
13459
5048
4428
12376
7612
20455
4149
7455
23248
20369
24708
11723
15738
13823
16565
26169
28076
29811
348
20172
21631
18101
20464
2563
26013
8165
10661
18047
21585
17276
30816
16104
5812
14072
10294
27796
9302
7749
15918
10468
27531
15274
31111
12352
11225
12655
9744
1674
32099
17851
6755
25466
17786
9941
24425
10204
19297
9238
21952
31443
14320
13292
11363
25031
18417
18569
8995
165
23915
18285
3743
5881
21849
282
20760
5216
28385
6757
20433
26522
872
2168
20783
13674
7950
24589
32110
3903
10337
23674
18312
24775
8864
1910
13353
3900
9011
8983
23675
24621
30644
28429
24900
8482
5727
15560
32650
26970
29746
18494
9154
30432
6139
20331
7680
14898
18057
26207
8920
13376
7646
5951
21787
7729
23529
13136
23857
12933
29724
12674
10107
20037
19256
3663
18462
27467
4652
16080
20311
2627
26607
9905
25331
16244
27466
27104
11389
7498
1249
17067
27820
16283
2092
5466
23879
11690
25146
7774
3354
16338
4888
32441
24982
23481
24892
7807
1283
27786
9321
3604
5488
7863
26755
30374
8537
18500
13469
18595
29244
20399
12689
5609
32138
3610
18797
8699
6144
15959
29151
28232
2303
11772
25100
8048
11091
11384
11472
30216
4046
29405
18470
16610
3173
24466
191
23157
18096
24024
3412
16913
25892
22892
8497
10893
21705
26658
31976
15923
31334
31895
15171
1986
30778
15210
698
8031
24833
21317
10283
18279
18612
9290
1234
15992
18678
9003
14816
32330
23346
1413
26486
27576
12486
4558
32569
14438
28578
14741
18012
23037
10230
5311
28882
8155
23364
4783
1988
26524
5548
30463
21051
2162
4160
3500
201
9247
14028
30624
2675
7404
9498
9208
18149
32685
9135
1347
12869
29271
9731
11205
30486
5342
731
11619
5200
6808
29995
26460
22036
18806
19573
21240
15964
32712
14578
3957
8178
24783
14362
20621
10173
23489
31859
13000
23045
23258
30930
30325
768
24636
4600
15664
1087
4620
6302
21320
10730
1953
3891
3006
14888
5857
7902
10463
26053
13844
15240
32588
324
27030
25664
26859
2165
28601
17905
16404
30833
14737
730
21843
3766
30562
31159
24211
17883
7303
29188
2182
31258
23581
14496
10125
24956
12922
2033
30550
19422
22267
7006
12422
21748
15602
8622
22847
11935
26841
8847
7184
7663
24519
5823
29920
25548
30311
10402
26209
32279
23193
19190
16402
4537
13862
2581
23958
16953
6102
17343
27495
9244
21294
16499
27979
14908
28443
596
16958
18968
18629
9651
14426
1660
4758
25336
26066
8698
12483
15238
23218
14753
16981
12324
14316
16487
949
16029
19073
6935
32720
25362
9869
17069
6458
14695
15095
13470
11547
14263
24482
13172
23142
31687
1668
18072
26099
21153
26700
5900
19408
24483
4210
14099
30618
7728
19329
16716
7625
31062
18962
1536
1755
16352
16741
15077
4891
22312
15155
6224
15194
11078
10777
7952
32422
1751
23103
1127
8711
1533
7402
11851
3692
12656
30306
21691
12784
30653
19112
18019
11487
26037
30947
974
30588
13312
10845
5825
21349
17744
16848
19753
9416
13192
2241
13335
27591
14276
32220
30908
3457
15321
22848
8321
19663
21401
27710
20721
1200
7155
17751
19670
28403
26431
2879
21887
2245
19595
18172
11636
14187
7105
28836
25636
8418
8432
13118
30375
6781
27552
17057
30551
8004
17293
26995
31128
10705
17266
21847
31442
11870
12416
25198
15277
11675
2863
20790
22059
27831
19193
7271
19395
27663
9484
12492
5470
19109
2526
6741
17445
20581
6136
4442
2447
11853
21501
14732
31776
12783
15559
22492
31451
19662
1508
3840
28460
18323
14886
16515
7182
20775
21490
9381
26884
20115
17714
12322
8208
7121
22488
28201
6195
13397
6198
5047
27318
28079
10196
11798
24174
10448
15983
24793
4141
23603
11114
5905
20230
23554
17913
21039
3722
30099
31179
29246
21306
10033
27018
8210
21309
22175
12129
29634
24480
16084
6093
20543
17583
27692
14783
3555
30841
9844
1715
6873
21940
28700
7153
17189
15074
6298
11658
31523
4895
21274
21361
8733
6868
64
10051
20107
28610
16444
560
30577
17621
28270
25872
343
29013
619
12650
27728
4177
19731
11168
30428
23803
3101
27841
23487
6615
9701
13974
15262
20020
31302
29431
24716
27795
21847
26906
14956
5879
16637
23472
4976
26782
635
9286
22402
16878
8120
11576
26802
3013
1053
28305
22416
16220
12968
4850
20009
530
6397
4992
9717
9578
3324
32200
29451
19610
4066
8405
32736
18261
15167
23688
23285
3691
32473
22516
16531
14897
28057
12881
14529
22955
14774
11268
10211
3804
27202
25748
17262
31294
30421
30946
13879
19205
6882
25907
6466
30916
30345
20142
19881
2047
14625
8795
3486
27738
11067
18844
13692
958
12735
24900
19242
22451
4604
24146
2189
19830
24223
5665
31562
24590
16263
10005
13825
13091
18658
526
26306
19586
17201
25607
24486
19646
27344
28998
25258
6313
29816
16542
26409
20391
4805
5941
25660
196
876
5475
21133
12951
9120
14049
30054
14580
1669
24471
17736
19918
26920
5847
31256
29955
26765
17315
18581
31004
19439
17308
27254
8816
28977
20648
7709
20765
14844
15936
22581
18545
13248
28984
6900
17138
21987
24167
23889
23726
460
6556
4918
8387
13749
9684
1794
4359
16299
351
4869
25277
29835
26330
26590
25638
21353
30207
4594
29476
3098
27564
2499
23106
16195
7759
13408
6936
31626
9660
11209
19699
15665
18761
4113
6079
20892
19162
21665
9946
29142
2270
7650
14267
18812
19356
6328
29352
29665
23138
8992
10651
4657
31872
29360
12729
23272
4974
23268
28876
22185
2118
25402
4988
8248
22462
31731
28084
29684
15299
9697
2898
27712
9707
18501
28466
21337
10988
18767
10411
16753
12627
17449
18219
11012
5517
28646
30151
14387
15558
32136
18319
3989
2981
24117
22377
25216
20393
5141
20822
18731
27858
1444
7284
644
1467
13969
24488
31808
10710
24546
30114
12311
9437
22479
4166
10883
6985
4014
12497
29869
17932
16942
24290
28349
30088
1082
9358
4030
9305
15455
3992
26367
3899
1762
23957
589
9735
11947
13699
6167
25223
3739
28652
19089
2591
29612
15786
1893
29015
20278
27044
24163
17707
23919
1486
3392
31886
18594
17512
17105
9774
6568
788
31063
15939
2636
19079
32209
10252
12214
15990
2026
7350
18266
1289
6792
31640
3160
30076
9184
5397
16021
17251
23303
9256
30241
26695
23682
25587
29386
7566
19672
19271
28170
10056
24724
10402
26109
27843
12042
31378
15671
19395
24598
14417
29552
18689
1775
1711
21432
18550
24045
3784
8500
30564
10110
25952
29881
22114
28602
24826
10241
942
25011
24254
491
3397
5595
32744
25443
23909
19755
15715
18220
24592
25657
19749
12606
14801
25289
17646
21603
6674
23697
20586
26484
21760
57
26377
6827
16563
13603
7012
3216
10683
31975
13928
26100
15740
23731
31006
16384
19444
17288
2554
19244
14247
30830
23563
7597
26874
28010
30422
1526
11718
6358
25013
3307
374
31346
28720
2867
19052
10192
13976
5042
4166
9027
3719
28993
19281
29093
12165
5646
28125
19786
19003
4919
19946
3044
19226
21931
2551
14744
11328
24321
24400
4720
32126
21152
15536
1952
860
7579
13898
16121
17523
18304
20216
2820
29417
622
26996
31959
9063
14048
8027
16213
3664
1458
8384
9606
31505
22534
23349
25198
3022
12179
32112
29605
4615
30761
19849
3411
6609
15043
19855
15894
19705
7627
3388
16346
8035
7959
24008
2678
9681
19612
2464
9789
18135
29360
3411
14891
21518
12686
27121
22782
23048
1291
31472
28875
8649
31618
2775
29273
19180
1821
3850
1046
8838
29401
32313
8877
12060
10720
17031
26821
18073
23651
15136
970
2253
3314
11313
22075
28026
10365
24851
27314
3728
32435
30967
11299
6598
31437
21999
20231
18366
27154
11099
9059
24692
16198
14068
7410
26630
15274
17562
866
23995
31847
31895
2704
17472
14056
19298
23941
3206
5106
12362
6275
542
12678
15767
11881
9031
29394
20194
27872
14092
23466
28492
22655
14505
24760
3912
1847
5862
32493
11006
10842
30620
17718
9626
10417
16814
6303
26904
23308
15559
23405
23241
26998
5795
27478
27641
11741
22093
25860
2683
21168
19261
12675
23357
2370
17342
28307
462
27441
9774
9181
22792
315
8275
1409
6745
13320
23084
6552
7245
3367
25219
9318
23821
16724
17199
21477
5096
3350
18469
2782
1080
31902
5241
11578
27544
19888
23504
30654
15654
5217
29196
23959
12425
7125
133
8319
17185
22311
26187
6713
5388
32081
13354
23434
10020
26893
28659
29391
21792
5095
7246
10055
19748
5265
15018
19262
8514
19629
7513
23053
18281
28426
26130
28776
31283
1184
16094
6969
9908
15660
18107
12085
27585
22247
28481
19930
21633
28702
3377
15384
11812
6213
23193
6762
13426
28103
28042
23254
10367
32578
5560
24914
19616
25810
24671
1675
1686
22480
3827
9891
23146
20779
24198
7264
27162
134
10829
1295
29141
13067
15320
6623
5358
23306
8198
21869
24223
27890
20030
29663
29444
27624
2
29027
9568
1460
22265
13534
5203
16529
12591
6841
31172
30631
18599
3590
16019
28229
10849
5139
13514
32148
31152
15987
13976
18155
17081
14477
11662
5978
17146
26974
24752
15108
967
26958
24066
4729
24694
18251
13979
19135
29258
19036
32519
11477
27952
24718
18092
31677
21816
31459
25641
4682
5007
31342
7583
30987
5700
31912
25777
12314
10573
13175
6023
20786
19510
19299
2491
25414
8420
25275
14070
9915
11698
6190
21002
15958
10499
2951
11887
12014
10688
4761
22522
11494
13522
14585
30157
14857
10317
5840
4820
31840
13948
21651
28887
29308
11405
26483
31231
14066
22110
3715
10773
24940
15418
7653
13050
29372
21081
7548
20725
32634
10792
8468
30735
622
20148
6057
25575
11924
21034
10418
13492
22349
2028
14598
32707
19346
11609
30934
23059
19114
8452
4483
20740
21977
451
754
3591
7014
16469
12201
4965
20622
29259
19279
22897
15173
25256
2959
15014
19992
27726
25319
4825
27556
8614
22068
29139
25049
11290
15338
25424
11524
21419
20133
22773
28078
21350
23774
27191
608
6125
22929
19696
22592
5656
18056
12421
27938
6134
19074
22245
22050
25884
6235
29585
32261
6714
7769
19398
7395
15951
10363
23249
22555
17631
10090
28324
19318
9379
10486
15852
28925
883
20996
14724
30726
584
30109
26404
124
27989
2239
24950
14646
25093
1684
21490
8774
11583
2618
26534
28121
21292
3741
28899
8570
25362
11436
25742
15436
25643
24464
26155
21909
2407
32172
22978
22744
29311
12780
5215
8063
11470
8494
873
6348
1165
27972
12855
32705
16313
16623
4079
27610
23267
26296
19294
20953
24123
6890
30489
1635
13847
7767
24409
7711
1263
8347
15364
10886
14065
26375
13918
13414
17488
14962
5003
23635
15488
369
31707
29101
14579
25347
8919
30611
21143
26420
13822
14856
10940
7311
12103
8516
28357
26338
18764
15043
13983
7495
31479
31915
8395
31187
2287
11654
8005
6863
23076
6638
29913
18524
29420
7235
11372
8481
18465
1356
11499
18229
31037
22349
12661
15720
24016
6234
2260
20971
26869
18111
15679
15781
14845
6906
15520
7521
9499
12901
14178
13030
32154
31767
9151
30235
26465
4584
9420
8183
14012
8312
8778
11762
1918
9850
32388
5
22725
15488
1228
5319
14541
15574
14414
24011
10502
24188
3281
24981
24204
20983
22690
9304
18710
2132
26767
18577
23059
4289
7211
17497
13637
11098
27112
23046
21965
5957
31538
1789
16182
7709
22774
13340
1857
4427
10843
23297
23114
6258
8422
8277
406
28463
26423
7905
12076
31965
6339
7302
31202
10803
2943
25478
12124
10639
31152
12655
7178
3188
31457
30938
21090
11983
1556
25999
9770
7352
27315
18779
9056
13614
10889
17364
26752
26977
25758
6955
23181
6048
15772
31607
2951
18928
16285
13241
30291
29532
29366
31170
13689
24668
27546
630
11559
6437
2553
27140
176
11233
32075
26950
4608
20846
27143
32600
26834
11081
9970
27181
1029
3837
23127
18191
16678
14964
30072
19602
17206
17182
15898
25910
26312
16484
1908
3393
26999
24707
11837
12251
14865
12632
17133
3227
13562
31738
24078
9284
28200
24869
6235
3914
12993
31565
22385
25550
25775
25454
20555
12878
24445
3624
9947
19270
23995
13561
4040
25625
7143
25569
16085
10830
14964
25557
14759
30233
31037
2331
8834
15595
764
14455
29202
25929
3653
4849
4828
27005
11306
24797
28670
29747
16209
15656
17256
19444
14433
4733
12897
28847
15438
27812
8397
31596
28009
24694
9880
1313
6985
5258
21123
21537
24540
22047
12698
7494
152
30144
20198
1500
2866
24182
9485
3473
13604
24940
4191
27728
9253
31230
3149
22439
10001
2047
18554
9786
32593
6530
22252
18963
838
26352
30008
4213
30562
3006
28873
17590
5851
5921
28879
4105
7738
15469
15988
1813
13069
18021
13474
13971
26057
6875
23588
8228
13649
20958
30189
28166
9810
21627
24169
16125
12598
16188
438
27993
16037
14970
30899
26832
8127
6004
12244
14006
18099
6816
6579
16151
25458
13324
21615
28717
30872
13803
9733
17002
31367
9327
11528
24266
16557
24820
3369
15269
12817
18192
4786
14849
22592
5669
18065
3064
10208
4905
2820
4311
1942
23874
4728
13820
13003
23426
7879
12632
21465
21859
11705
21777
31444
14532
26568
11342
32121
19838
8353
1281
16778
15532
23300
8401
25124
21996
5193
30863
22216
1836
27843
19685
26576
13516
14872
24556
30506
15769
26408
8589
5682
14879
24912
20990
8107
13227
12643
21639
3968
32527
17925
11805
19586
15272
19864
6791
11240
2171
17081
32451
27688
25301
25942
2071
14859
1488
27210
14743
30097
17488
578
4713
2852
5958
24118
25785
3416
19839
5413
12012
19038
5357
5889
6997
7517
861
3179
29722
6118
202
13585
25355
30288
12167
15743
30894
10198
14789
27571
20686
25096
14502
16791
22026
8479
31462
7987
14574
18022
27775
12622
614
21259
28784
15100
5199
12731
4702
15509
28880
18952
26989
17918
19301
3602
626
13939
27017
17334
11448
8416
4011
564
20391
4223
27032
24181
3863
27206
19452
2044
21850
10866
27762
444
10542
21329
7258
25415
8886
4200
4320
23653
20788
3265
16498
26940
9585
15972
18386
1624
19624
3570
29147
9065
891
30198
16933
1793
20640
28521
26990
10535
19555
21266
3904
9180
11903
1116
3748
31913
8036
29669
641
24233
20541
548
13761
11931
16480
23834
16939
18008
21588
6855
19104
26147
7210
6046
1554
4278
10593
14868
25453
3978
23706
18933
5257
16801
16249
6004
16471
24164
4224
15392
32306
7330
10446
16785
713
8700
3358
7114
3391
13842
25313
1011
1149
13266
3984
511
29391
21724
30302
7516
11791
10556
27181
1697
22450
6016
11838
719
2588
28823
26041
17048
15008
17435
17482
31727
28637
14251
29844
9058
22947
11675
29373
6586
16000
16758
18775
8832
26065
9957
22787
13202
10685
23005
29131
16162
23834
24428
8447
359
4417
18667
21525
10122
25597
24518
11182
21835
13887
25398
5157
4402
30524
2083
20003
14450
20695
25905
22075
25263
23018
3975
10379
21262
21257
31038
25588
3274
9432
21331
28755
8630
6625
18995
2381
30182
11160
8603
10305
28488
12976
24965
4367
27929
16187
7013
18757
5543
11706
19723
249
18404
26173
31681
32738
8001
11592
29636
3543
28469
30122
28255
7318
16277
22624
7835
4514
17145
28938
4015
7974
2584
12785
3765
32452
24047
10915
5763
10336
5031
5817
8485
19210
12747
15547
7016
14583
17557
14610
2922
27723
15828
10275
1013
16949
8870
12690
31362
26703
15487
27584
22932
5052
25644
18102
1215
24077
26798
13538
8172
10920
28106
20134
1714
9615
18478
11572
26611
13174
27706
25565
16203
32632
21256
29539
14649
612
1702
9265
9647
29605
21007
18484
22709
23199
13200
9967
30722
31201
17956
3955
3448
30451
839
2932
24196
2938
19769
19020
6051
32739
10284
23062
21481
24526
18230
16661
3514
22615
7692
21346
150
22548
4555
11945
9797
835
20372
16229
2956
22321
3583
6798
22475
29829
79
31122
17853
21130
11908
7339
4520
28388
2842
15178
3985
16874
6463
11656
15869
21876
20495
11709
5456
27249
4467
6591
10570
30995
17368
22594
17428
8852
28589
27042
87
13338
28540
15716
32049
24891
2278
17424
6009
16713
22096
28664
31336
24078
15617
4861
2277
3275
16216
6848
29899
11690
14156
4107
29170
15249
26274
7005
22211
20275
15895
14364
24684
24754
12659
3583
23123
28546
5419
30893
6326
25114
26137
980
14382
6677
10039
17674
30840
31950
32649
1763
1649
13767
26105
5947
26070
20236
21740
8569
2446
22415
12823
1385
31065
13753
6092
31753
15286
28700
3566
22743
29102
21912
13184
5147
1137
9914
7543
27481
1546
14603
12780
1122
30138
6154
6876
15532
14831
12970
32427
8811
18243
31561
26896
24572
19020
6292
60
10471
23277
21327
16706
9043
2433
22970
4634
31782
13755
8851
18611
4823
7779
14273
3489
6475
5834
14622
16943
14916
118
27733
9412
27032
9828
18708
13858
2043
22694
4834
11865
2693
8578
13177
910
8413
1989
28344
11509
2154
8016
3297
17520
12432
20489
15882
22749
21743
11109
15874
25873
14718
7962
21143
5259
23367
13855
28793
484
16481
9597
32123
21988
13891
14247
22425
25332
30269
12438
18357
11463
30932
16814
10427
8579
18526
32541
21349
26744
17090
29445
15903
26810
6774
30243
2716
27466
7781
13383
18676
23777
32408
25351
546
30700
347
3958
28958
1419
3653
29614
10973
19266
22558
18361
32120
8555
4397
12932
8674
22610
1484
22352
11201
32047
21202
18665
30229
23502
19782
4655
1597
2769
3846
13710
9142
17310
9546
32745
8225
28618
22630
18947
8528
1417
15479
13029
25649
31283
17586
24190
20905
14310
3698
5657
25384
10112
14290
26324
27832
19761
5051
13227
29756
25229
17569
17298
6403
714
25727
3209
29058
10620
30937
23798
15325
16286
28122
14587
7823
3285
10593
19711
7085
32350
25781
28757
32526
27667
15514
23227
1840
30861
29800
30211
21429
3802
16160
20031
12723
26866
23555
4783
16565
12528
30851
27444
1917
13431
10504
6628
9746
28115
8437
12592
7588
32059
30400
12573
6228
7752
17123
26273
14657
5008
10130
9716
30261
24774
12911
6380
26781
24191
23725
701
4709
8971
11778
26303
25128
2329
7315
8679
24329
7955
11770
11191
26514
9769
30805
30181
29789
29458
1765
1320
20558
5849
5598
32659
490
26391
30875
17003
6268
28378
27811
16579
31082
25554
30521
26914
13740
28037
25316
9577
16362
23755
26164
23883
19927
21583
4835
663
17960
12909
20341
1754
24068
6720
5085
22419
24554
28008
16046
31021
14662
5725
10860
4400
9720
28888
10968
12734
26551
4446
31658
32158
322
4867
9495
28193
17619
24261
19217
22091
1748
21329
31854
30215
23766
16319
1831
26677
25054
17896
2310
8834
9258
25612
11189
28541
4298
12611
18543
23384
829
14818
9746
21008
6421
19133
20305
26390
2116
31526
22120
1100
27320
24405
24085
21236
26922
21560
5652
27692
302
1244
21192
12128
11035
15242
24487
10302
12615
362
12046
28676
16643
26965
14096
31340
14572
32553
12197
14917
3299
3409
11026
17271
3632
16204
17655
2896
31751
20329
17913
2845
29123
8790
9900
28557
25196
10390
12574
3152
6152
9449
199
32546
9832
14025
5204
2386
26333
1349
8957
15832
2412
30161
4732
10899
4956
3589
13278
17899
30862
4195
24497
18158
20556
14073
31717
16975
20848
31973
1777
14114
1795
30278
30138
10569
10679
20644
20018
9439
2717
15346
8337
371
9772
410
31983
15164
10322
136
5167
22999
26939
23810
1430
21032
25950
18150
21421
10805
17536
9750
4262
27705
18525
22370
9989
88
1618
21907
30109
20595
15924
8652
29201
11977
24987
17993
31328
8999
14647
29007
13179
6700
8766
31416
21012
3854
14819
28706
6360
14643
17511
14491
16430
21055
647
31768
30179
20412
31808
5722
2073
24757
24984
7245
15710
5653
11045
25075
13897
29468
9596
6191
624
32742
2332
30897
4111
22807
13777
24611
30090
26666
31797
24177
18548
27322
22756
11465
16759
10242
632
3348
14727
28061
19126
4913
11749
18232
28902
31607
22208
10867
27283
23668
14151
6312
16464
9169
22579
14770
18132
19801
5032
16633
20602
29157
28565
7668
31893
20986
31507
12487
507
28838
31762
12616
19429
15347
10864
10754
3937
26536
14021
28189
1599
23116
18437
31921
15228
22347
14569
1665
30016
7365
10926
12350
19280
6429
28777
15460
27990
15273
8921
12114
3650
25022
5089
12456
12109
11013
7563
21759
2468
5675
23606
10907
14130
14
814
32294
26790
973
9900
31870
32052
28421
12249
26133
31022
21536
27963
7968
25270
29451
487
5360
13451
22285
19186
27361
31221
16387
14764
28070
15007
30867
23743
12257
7033
14772
31073
12694
17218
19599
5967
27293
10702
10544
7759
5861
27315
14065
20559
21650
30552
31798
26251
6290
11009
9565
21209
29998
17111
17391
18460
26408
2307
32440
13115
473
6527
18690
30217
22341
32041
15837
10292
32688
9295
26285
7765
25167
22236
27828
21231
29467
13996
13679
19349
10439
32726
10524
24502
14035
21256
20700
24672
10795
28049
7129
3258
4735
19816
11121
15430
15545
31076
12646
21484
13237
5335
15825
30340
7556
1578
17368
18111
22031
18979
25804
7105
24199
6652
23641
26759
26601
31712
16383
30535
18870
19391
12041
18356
1922
22357
882
23477
7939
18655
12891
23914
14398
9918
29824
11446
6551
27099
12862
21727
1717
17489
17606
5964
18893
4774
8705
6229
32244
4836
15238
16893
11527
21456
24113
30027
2279
1680
1128
6568
17927
18226
11281
25268
953
24906
9141
1448
7011
29921
30286
1898
18945
7937
25938
26605
15153
13193
23718
7138
15636
19442
3801
16112
1715
11898
30575
1106
1156
22111
25144
28865
23709
10538
14530
9894
15633
462
8704
22508
19030
12887
11128
30308
8016
30043
5546
23370
29133
27146
8874
3734
22168
14014
25351
28482
10374
16472
19482
32506
9496
32056
13766
12748
2126
32503
5526
7492
17415
10767
15140
25400
9001
23781
27304
12644
14513
17092
16212
32270
21753
19267
22356
11156
15075
425
10956
15382
1723
10135
25700
10848
26464
22875
6744
27197
2054
26280
1576
20292
14018
2292
12274
10266
29327
10061
31608
12978
18006
190
27598
9861
17758
15363
10131
21392
5425
31078
24870
19462
21687
32379
23339
27060
12843
21210
19844
18136
18521
10749
10449
14895
12072
30035
14468
30519
8107
19836
5510
30287
798
14785
27828
28656
9687
13670
16809
8330
23231
6511
11603
26574
10522
7067
28478
9649
15583
22714
31627
3390
27103
31899
18176
353
30217
11252
18628
10358
549
17270
27127
7009
1737
7279
19497
22602
2960
16673
3221
32589
30285
21802
1991
5644
1735
15509
26252
22197
8599
15694
15811
30746
32302
30758
31192
22193
3668
23795
10017
11000
27898
373
20219
26959
1795
10422
29448
29437
30673
21464
31773
1514
1591
8752
32589
26493
17039
24879
7203
12602
12700
15933
29724
7414
22866
27316
11341
32618
24236
8760
26566
1375
5616
2784
13784
1857
17958
21922
24277
9679
26088
10003
32308
4383
25112
7931
17764
12474
9105
18624
6065
328
21166
29317
32716
19766
15039
23610
28969
2606
8959
616
12329
8739
30044
10749
28797
26563
10469
22730
17728
11869
19974
3220
23347
21993
28917
8095
1668
18839
22259
31632
4357
19089
22817
3450
4093
20770
29827
23980
21819
19639
12908
28568
22158
103
2387
15486
29442
9052
2110
2661
21756
28425
31850
23302
23877
31278
26017
1315
16050
9252
32354
30070
28585
1461
32385
22892
7620
29682
7298
12161
8053
31737
1517
20413
16350
22848
6367
29090
13469
15019
9641
6495
31856
30696
6067
26497
18632
11177
8267
6533
1791
10086
23636
5303
8545
17314
21681
11941
856
14081
6056
20542
20738
14984
23624
14172
3143
2885
16726
18763
10722
24163
32555
29051
23890
21785
7406
4868
16948
17054
31042
16784
24133
25938
22029
8628
20875
5051
29558
11725
27116
15860
24870
6629
25520
25980
9994
14690
8975
14347
24792
1850
857
3239
23593
12638
31357
9821
31879
16740
18268
15393
14498
16901
7850
6397
18423
27021
13394
22902
9221
9263
26960
23702
8682
25206
8819
25272
31978
6592
4791
18702
13889
29722
19593
24551
29916
20261
4857
11906
9672
25976
24475
23032
29091
7960
30152
25047
31941
4090
9726
1113
12091
22174
25487
1348
31722
22584
3854
25817
8683
12768
10905
22684
6254
10223
9339
7369
12452
23001
21260
3250
10184
10211
18416
31980
4429
23176
14172
17967
21058
20119
26548
20340
9782
23963
25893
23190
4598
16232
25115
30373
4920
6775
26817
19171
1818
11053
10771
22820
8650
24267
1025
15469
17825
29723
27455
25304
27160
2466
27925
23776
1410
9752
22604
16253
13446
22165
28502
19124
17131
8519
17099
12591
13093
32453
18208
4620
30940
16745
774
31498
8232
9813
11178
31950
22596
29215
265
6513
29857
10610
23121
13315
1064
7863
2696
22882
275
24998
7642
5149
18793
13862
20243
31432
636
5275
20255
11878
7614
32195
19864
5244
14941
16284
21066
29695
11901
13064
22298
6508
14486
22661
5295
6320
24674
24081
31154
1069
19111
25972
8698
14670
18642
23178
30955
1212
1139
17191
19518
14280
29924
24340
12816
24588
15431
7220
32397
13416
6741
10133
27218
2805
22060
19790
215
2653
16123
12949
23900
19251
7466
5985
1312
14805
17815
21250
25575
11938
1099
31865
28484
28141
10393
22752
721
25235
28339
27820
23330
6651
6395
10693
18926
7986
31678
1292
4357
31785
26046
1614
23511
17430
25393
14853
17223
5445
19833
2720
27672
3934
22058
18270
24968
15312
16987
32143
11265
22915
7226
17883
28898
15716
11392
23054
25415
29200
8536
7518
2924
27974
15789
16693
10331
14891
17917
16314
8738
5738
2428
28406
16783
13277
713
7975
14138
28860
17188
6028
11239
14722
2999
16101
20803
17763
26628
26972
687
10940
1550
14429
27171
27442
18231
26441
4927
8666
23521
7519
21457
26801
23472
482
24868
2381
6718
4487
18459
24138
17076
9419
29128
14160
26340
5093
22650
24742
15361
17492
25776
20938
24006
7879
17904
30118
10540
12020
31744
18701
17859
7048
20902
20574
23911
27664
1908
18137
19679
14089
17477
32263
567
29882
12562
21539
6869
2298
8278
31180
27779
23533
17765
2254
17572
22078
16030
3670
13082
15630
12765
29485
31653
25904
30908
20356
15705
30609
7176
15415
13073
29281
5626
2012
3902
1792
22733
31074
22868
31458
116
11969
6925
10872
13003
30292
14892
14367
27690
20790
30000
18860
8945
22668
6891
8695
2580
32703
11891
3940
6637
13182
11429
5844
16066
9736
11478
32570
31364
15303
21468
25547
31243
28387
26413
16349
740
32528
16330
6420
25172
9601
28123
11244
25081
22832
25407
708
29877
23270
14354
21343
14073
21581
9645
30970
12622
23217
16287
32558
15093
9420
26363
5300
21404
2430
15917
27800
24947
10744
3089
9342
5884
32335
3911
9718
13149
31130
23275
12340
13633
26253
5395
5627
19186
14800
16516
32619
8403
11147
24700
32524
22191
3482
6596
23617
10513
29826
10592
3286
2795
531
3053
3830
20960
24731
8858
25057
24063
3460
4791
5848
19483
19325
13499
27387
21981
31313
2359
1
22650
20636
31509
12382
3018
24385
32513
22015
1933
8194
32158
25279
534
7277
22656
557
6105
28309
25105
1654
16546
532
24236
6767
10170
13078
10452
7724
19903
14852
27266
17077
7865
8313
10890
24297
16663
25947
18787
19869
11255
15651
6478
2803
29713
25729
5485
32198
23159
25934
9434
19183
1865
17306
12383
20563
25316
26803
19631
31883
30674
27473
21133
12759
6516
1360
19403
7672
18992
29430
24170
17526
18177
10673
11803
17456
32763
23073
31931
23541
29188
32567
24675
23486
28341
12019
29343
5688
21812
5402
4331
3381
14538
31695
24232
26640
170
20124
14711
23393
14100
24612
14536
16090
754
31485
63
16645
31975
13065
7274
22037
2418
26080
19275
6280
12768
4981
16185
20081
29517
4680
5231
7081
32358
12604
1424
7855
22188
2892
31857
13070
27935
19304
13212
13512
23230
22490
10319
8784
8969
25808
9071
14044
17272
14725
21668
22203
32368
20265
2638
9431
4205
31986
17010
23586
6158
22538
5611
24330
18305
16289
22751
9063
8965
23434
14272
19306
18931
23084
11874
13778
42
11842
8251
8725
18765
20839
22713
2479
12803
8830
15942
11734
10480
14692
28946
10655
31905
9008
5181
21583
13598
3107
2562
13612
15507
30110
25559
18712
17640
26542
6796
28557
27949
10706
69
20103
21473
23060
10481
13128
1171
10425
3076
14476
27313
24703
5245
11934
2363
16792
1214
10910
7304
28001
16297
2629
32291
16061
25231
32130
1329
17908
26291
19474
17974
11388
26083
21967
20798
19911
3442
13993
7313
10462
28816
25818
17703
26232
10892
23655
17205
21749
3970
23097
16209
5285
1576
11293
1298
14659
20506
14384
19719
13253
31851
12005
8423
4525
23819
22895
1802
25101
24801
17549
13676
29538
20861
28478
24733
30570
8797
29150
12261
19067
9638
18594
8080
10078
32290
14268
3909
7956
1160
17021
32415
27210
31589
4927
12119
27739
6271
2832
8491
13286
4756
7978
7998
29497
2826
16826
8812
6699
14193
11570
23354
8452
29087
18681
23874
3170
12043
32327
930
18027
13863
24989
4220
18691
23177
2651
13776
27128
13111
22905
32435
1815
17801
24458
16182
9243
14246
32603
5633
24842
3137
11309
1067
29265
24605
26256
15998
27581
30032
17123
986
27481
1768
2674
25753
23730
13156
22922
11424
32446
8745
3379
3002
16359
15047
3951
19368
31082
24728
23511
4156
27157
25587
27003
2361
7862
11229
16589
25325
2485
29068
18129
7935
31301
28924
10950
5597
17493
18342
9013
14749
32370
5446
13262
12408
23183
21140
26042
30075
19902
18726
18344
29109
2908
23468
16336
21855
18888
27956
23659
6189
3499
27023
32407
11541
6606
29511
30461
28029
32117
30364
12085
17062
30067
11529
10313
25681
24225
12378
16011
7735
18396
20386
1039
18797
27242
4333
23474
4088
32474
15433
14318
24824
25686
25245
20827
15976
5331
19145
28205
29432
370
6310
31987
19032
22204
19755
9553
17058
20708
17024
6424
6984
18896
29029
21302
1056
1631
3108
23629
7347
10261
28144
16845
28749
15256
12682
22072
10299
29120
1219
3319
13867
9529
28707
6443
16705
10218
24056
3907
5091
4888
5322
24535
4810
12009
3841
27782
4287
26257
5747
6170
3252
23176
862
15780
32545
9073
21755
9619
6041
20450
19183
6007
11577
20756
7657
32658
10410
9178
16373
12302
18775
795
11685
30030
6862
23533
30798
16251
14456
15528
7165
27074
13095
12235
27458
10083
18314
17965
5533
21752
136
19095
4437
2348
32466
29478
27143
14543
31801
5499
17566
29020
26806
7915
3735
10884
53
3212
184
555
13529
1810
7809
21270
5826
26795
20417
12405
2058
15278
26470
21377
18764
29068
27918
30808
11143
23248
1724
12977
9784
5831
239
31253
20826
17947
25515
17706
9995
18717
16924
14461
16998
31213
6255
10241
10449
23219
20039
7051
18982
28441
31540
28520
24582
22717
4489
3672
162
28813
1744
13572
6476
2396
2557
8968
1036
19979
1178
12189
2344
31711
19534
5927
22460
30619
26582
14155
27987
31333
19012
24534
15768
27878
17023
26816
2427
8000
8283
9889
2260
32169
26763
20246
23921
18092
27095
30144
4770
1009
20414
7186
19667
2657
4484
25672
31551
5588
30583
32642
18194
30585
4384
22712
15997
24243
4493
19989
30422
32161
5892
7618
10435
22318
16996
29467
17541
18667
9754
8609
10796
1497
17914
22307
31052
31872
18696
13701
8239
11563
19219
10480
12112
4433
2209
4288
16925
10129
27431
27510
30497
24826
9014
24253
10834
11699
12078
7890
18737
11727
5715
31484
1256
1024
29944
13153
19845
1197
27984
7053
16077
29784
8783
26987
7754
29602
25476
2731
12546
31484
1824
12449
20957
1622
29452
209
14728
1785
31873
12948
23584
9816
5842
11395
25909
22447
22091
15989
29122
20780
15986
23509
16191
30152
1254
14680
28692
27665
28535
5636
5377
27354
17463
24636
27631
8489
3069
18971
28818
6433
26062
2963
23194
11359
25281
32656
23629
6972
32484
29597
32231
26236
657
6492
14789
17541
24657
662
23542
10785
18689
31024
8548
1693
25608
17997
22313
10891
21716
6624
3311
28487
21524
24739
10771
7103
18986
6303
5507
20256
18792
17844
7217
13610
13788
19005
22139
12394
726
3033
2619
6426
28983
22724
15275
9641
32226
16050
13336
29977
11099
837
3489
8163
4854
21179
6204
29231
31043
15174
18013
1477
7413
22100
10773
5356
20042
23960
7320
12061
29563
32088
24485
5223
24625
5581
11818
29818
16474
12058
18791
23429
18754
10310
7164
31390
21455
6795
14464
25969
6418
31934
15821
18993
15535
6097
7770
9325
14090
2725
1906
21079
5875
19545
5208
25698
24797
9402
31645
1368
17976
32499
29323
10963
4959
3882
29520
24562
27551
19852
30590
29165
17115
27823
17421
19269
32653
11337
10574
30445
25739
28559
23094
25966
19283
9062
32331
5457
2776
5590
621
12164
20177
15149
7126
15452
2988
12056
28678
29689
12518
13298
5749
19803
12512
21091
241
24578
1055
23599
13615
16303
18551
26802
30681
10254
18218
6521
14509
18601
14719
1111
15367
19749
15812
32302
13607
900
10505
30126
14389
11525
14017
29460
3790
15764
6193
3124
8483
31787
3965
19904
28468
18183
17104
16988
10853
1531
11359
27277
11464
30736
32510
14953
6078
13125
1388
4991
23047
13384
31611
20982
30774
25252
20719
16443
1488
22057
23645
22680
1687
18908
23525
26964
9313
23854
4153
3510
23465
29897
11520
16519
11212
22260
6978
28857
1198
7383
19600
122
2258
5343
8830
12705
10094
23997
16554
30844
22778
20616
1806
32409
11083
2894
32647
26883
28040
23568
7039
12115
27796
12293
19293
8954
4532
32644
17612
9355
26243
5954
21849
25893
22069
26745
17064
30823
4018
31746
12310
10004
5050
10284
2489
10030
14807
15890
21017
19561
31278
30206
20802
25053
23323
23536
21444
2609
12751
24060
9186
32168
4302
18473
28208
4279
28742
20629
31055
12776
26434
5798
11476
20980
4757
3669
8206
52
4731
29834
7287
467
9865
26163
22501
7261
1861
5318
25313
24800
3569
26051
7422
16034
22901
25442
21213
10215
22074
28246
12643
10826
30998
8930
3861
14035
9045
12438
17660
11618
5436
27290
30253
28357
15408
13444
2457
20935
9227
28656
34
32535
1222
21336
28061
15688
32260
24188
3895
19969
6470
8940
27439
28245
32356
8592
32502
6616
31454
30983
30332
29629
12936
934
27020
260
24732
25704
9804
12099
16178
681
12253
20538
27858
31745
14952
22192
26544
7555
23191
14626
19309
2014
3839
16265
9121
1245
32035
20694
23548
19394
2483
22400
8392
1497
14667
17194
7702
28598
18480
28252
16451
18857
8428
32727
32678
18450
17547
4781
13355
27346
26248
7344
6292
7762
7933
30971
10064
31870
11130
1044
9475
2181
11216
10171
7983
4369
16463
4520
17225
16180
21020
26616
23366
9381
20603
15544
3820
24919
2801
10760
25865
26737
7703
15643
26619
30437
10599
748
13732
2497
17892
15686
2328
6047
28045
29878
29568
26852
14508
29142
24952
10546
14311
23296
24606
5150
25906
3983
16794
11780
1582
31358
11195
23425
26384
3465
27837
16316
24149
15103
29942
4168
15610
11823
8702
28221
27463
19062
15720
12531
11875
17049
10517
475
10234
23445
11679
11355
3592
32168
18376
5720
23448
23662
7025
795
7882
22543
12866
26596
15300
24560
1069
20749
22957
28742
32234
1827
9427
3395
20181
30257
25423
31463
14424
6912
28674
31435
24067
22449
788
18969
1987
24000
1745
25352
22182
11492
25445
27862
12170
28380
5935
21110
15443
25811
27415
13086
26164
18188
5693
332
22931
10552
12981
15146
17148
21602
27983
31208
29569
5213
5029
7398
3906
14950
14062
31022
3943
28114
25576
13553
19326
6705
24395
18206
8774
1515
4634
28621
22243
18094
22478
16276
18632
8646
31441
10120
17948
20145
3945
9126
25610
26539
6909
1809
19988
749
1064
19882
32363
21878
1510
1341
30691
30361
21023
24230
32148
29627
32429
20800
18765
21523
31477
15541
16868
30233
1253
20847
8922
13673
26400
12113
24557
587
14704
16880
20668
25070
533
4187
30102
24529
26424
30194
20099
21723
4476
27406
2198
6516
5134
29708
28593
27170
12135
14241
22789
12972
22310
9715
9060
26581
22956
27660
25037
29930
26451
1503
32176
7229
31500
4743
6266
23978
4007
28419
5573
28606
16569
29440
10690
26979
4536
25499
5819
18767
28461
1468
18741
31032
29742
30663
17202
19541
6922
28081
13077
19726
27539
4350
13590
2173
24373
4633
23952
6591
26403
13997
8334
4656
24121
19411
17804
3852
19917
25301
24645
25410
19045
25622
11281
2797
6228
20509
12836
20722
27953
11103
18473
7748
28422
2088
17060
30041
29737
31064
25987
24901
1075
23886
7367
25031
31218
11860
24633
31832
6517
20651
23319
12319
30359
14546
15653
8641
8696
23922
20003
21083
1769
20347
22190
26550
10086
21475
636
10510
10935
5277
8593
19461
31903
12012
16570
3026
31960
16952
1554
4687
29987
12481
25535
18666
26222
5529
8264
17249
18575
18048
31069
11470
13501
23612
10458
3628
28054
26878
18311
5293
589
5999
6407
23238
29509
9743
3551
15207
674
6787
27700
30140
21184
12952
20870
14103
8604
23259
3749
28997
24173
8015
26786
21210
24087
3458
28274
20662
245
29135
26578
29157
22903
13917
9616
30567
26160
10735
20351
31240
19683
21636
31000
15009
4176
2416
5988
13144
15848
16333
11905
7496
17027
13552
14198
1083
13908
7829
19176
20934
2351
50
12254
658
12528
2854
10602
20223
30435
8990
5534
9558
2228
13607
3707
13058
30997
26119
13588
11102
30068
19514
5924
27270
20906
29477
1012
17587
20612
9226
23342
3618
30988
32428
5396
13401
31381
27889
14387
16966
22527
7454
26957
1708
17722
2253
18682
29470
22390
16699
17575
9450
12156
17348
19787
16308
26208
30820
28321
18948
4247
24471
30355
28673
7847
19623
1924
13977
8427
4887
25
14464
4306
18966
11069
10258
6607
14862
16879
23961
1732
22299
24295
20319
26376
9836
2891
29861
13500
7376
18864
27417
15674
13442
703
5454
13228
3074
10276
23778
25088
26138
19295
24159
9764
6202
27123
16386
17999
22094
28662
10474
3806
6594
6939
10145
8574
15863
10164
22402
893
29158
2377
9150
19984
22547
16405
4775
3154
32051
4290
28251
23859
9092
3641
9357
19404
25481
10168
26151
5512
29822
4624
22615
21524
26130
19317
24774
6955
25967
11468
12282
6482
19898
10584
12987
22597
25861
11119
20728
27116
7408
24945
30514
13269
14958
15049
25891
31642
19695
29685
5634
21994
9734
16995
30918
25756
17046
30096
12809
5298
13695
24391
7577
3374
32039
27850
925
31334
763
10922
32585
7060
5565
29830
27036
4235
11722
15413
19857
7853
18649
22588
25432
4929
22024
21648
7442
21330
14527
25551
21197
8526
27760
8840
28333
6453
19762
7993
19610
6423
20834
6017
14653
15296
27166
7423
335
26313
25766
27879
24385
30380
24353
12196
9896
5527
23990
9622
21061
1131
28560
29642
9822
23037
24595
17579
15692
9611
23936
3215
29778
27942
18673
26495
26792
27899
21223
7594
28163
18058
18041
31294
17454
22217
21475
19885
12316
5911
8002
18529
10995
15038
5820
8465
30065
25224
28892
27162
3554
2506
25989
22923
11676
25955
6213
12173
14371
21502
27451
14291
18469
13718
18222
31346
22184
4072
24894
20758
7572
24283
25281
20073
12987
16318
1834
22968
15561
10413
5242
2179
24427
21479
13661
30747
2516
8217
24193
13448
30857
19625
1782
13874
25243
3030
14985
26194
27336
22970
2735
24258
26424
25365
13857
28101
32217
14363
26755
24779
22096
11859
3256
22604
19597
7205
1152
13631
16172
29252
13650
10027
32321
8808
7776
11321
21626
31341
30462
7615
9565
6874
9763
20206
17489
3829
20892
11242
20146
27198
31303
1062
233
18320
20082
15229
30237
15124
3952
28636
32192
23763
5088
6451
2382
27118
5182
8026
17022
3194
16094
21415
15617
15772
30534
28431
27896
854
25309
27411
22823
26903
7027
14492
2878
15232
2919
32598
31580
4910
13495
20438
28429
20066
28107
25745
5298
5567
4120
11553
6619
19647
23762
31258
3896
7807
21209
17449
20067
13549
10199
9688
5045
13801
10414
12319
13490
28889
685
20665
10063
20652
5235
24683
15560
25397
18328
29747
10986
31614
5543
6910
26388
9473
31996
28661
29389
2646
5490
10154
30127
30251
28509
25097
22228
13929
21829
32272
29048
8503
32601
1233
8913
25008
8021
23021
9195
17508
11879
17756
16208
11614
11567
19440
2515
23018
27195
25302
29108
6681
1029
694
17938
9712
9421
22764
1803
29718
7330
15678
4475
4462
27888
13038
31164
23102
21379
11668
24076
24679
10678
4059
29956
22392
14062
2030
30697
664
2855
10255
6121
7966
1370
21676
9534
21220
16853
10876
9690
23767
28927
27746
28069
25003
21810
29112
13568
8105
17942
10508
16274
29745
7150
20081
26101
9101
10734
13997
1284
12860
16993
19342
5802
23532
26131
29602
8801
7030
5494
4878
17362
18830
1565
25668
25584
18018
30055
22567
10073
6218
15034
20308
31049
11092
6035
25102
12678
23573
273
19959
32605
17135
29762
3401
25740
3956
25816
5139
22374
27561
23815
296
10918
3666
331
31337
11049
20657
20955
28970
28242
21714
16678
27195
22949
8271
29242
9179
15287
2345
23524
28064
4544
26696
18520
13561
13964
21608
18481
22061
16760
18306
8065
2723
26868
12417
27052
20398
10348
28053
21511
30725
21167
16991
939
14735
27365
17460
27332
14246
15058
17190
21214
7050
5934
31742
28402
15179
93
9460
24579
22052
9062
16375
21138
15099
19424
4557
7701
3218
11671
6129
8937
22378
24742
12969
29704
30272
5536
18930
5721
22708
21311
23699
23282
6567
7017
1819
15399
24324
10376
24599
8541
21084
20513
27725
5675
379
1144
15642
9033
31667
32617
19931
30083
20893
21496
14428
17029
7259
5729
14963
27330
22408
28190
22595
13659
32549
28930
22686
31718
10568
30164
5545
23093
13439
16086
25419
27491
28166
16033
25509
13048
21151
2613
31534
11588
744
27647
14112
20978
20336
5473
8303
31091
8721
17033
17766
29039
6737
19643
31897
7189
6435
30758
10014
15445
28672
7794
21877
28251
31211
22010
429
6784
26926
14658
3067
12188
3531
26225
15357
20854
4972
18281
16674
22796
5134
2757
4027
13013
23919
17359
15521
23803
1321
8061
30628
17524
25820
8598
6065
13218
16298
5509
29039
22565
13794
28811
24998
31087
26362
8472
17558
1386
11428
19486
6351
21665
3117
10221
21471
25375
23336
7791
2115
19187
11713
26843
3655
11312
10919
23016
26842
25962
20901
24093
24736
6834
27640
2304
23707
31552
24745
31615
25613
18155
2059
10074
8577
26392
12233
27399
1090
5723
2888
18530
26362
15733
19414
9005
14015
7702
28626
20352
10713
30173
8618
13478
31675
25308
12324
17870
250
10181
4426
661
5345
26029
15434
2770
17303
18780
20600
28475
27659
19917
7480
15225
26504
27450
21996
10343
20217
15270
17847
31159
25066
935
3347
19933
25091
24723
29195
12199
14004
2243
13811
10807
7276
29999
17122
8809
14873
111
22711
1490
25941
4870
29320
10272
32657
28033
25038
8833
5039
17874
27189
6959
28395
27982
31070
10432
9041
1599
5254
968
5174
6013
26229
23336
17084
4448
15900
27505
10743
17924
31059
13297
4866
7344
20470
21858
14083
5020
20402
24498
19386
16931
15765
31411
25867
29703
1929
9272
274
18433
21757
19055
1718
29113
12550
3888
22410
26546
17202
9646
10721
24977
11606
29436
4261
14538
31444
10026
9559
28329
19843
19581
7666
15464
15380
8723
827
25263
16826
1026
23482
24292
7357
30375
4890
7498
12300
12290
22388
4053
29544
4136
31058
6078
5942
1656
10036
20378
19942
1690
6864
24896
28129
16428
29910
19910
2331
10868
31072
21787
29386
14696
22893
1352
7535
2651
24512
1815
437
15639
10237
27675
9907
6307
17514
14304
15084
25717
10473
5568
12491
20409
8906
27834
4302
1238
31101
21130
6805
29515
20461
13636
12701
13654
1863
10735
28062
12359
15298
27222
7996
2037
18944
8781
29905
18007
27939
25434
26418
482
21056
24809
31018
7283
2546
26823
25398
4727
29182
19968
2928
13870
25090
19996
20885
1205
7887
13762
22771
1777
19785
1418
3290
16655
30959
19435
10058
29180
26960
12609
237
21047
25593
19204
22149
19603
14160
31338
10068
4108
23828
9799
1321
14678
7322
8957
14858
12303
9310
637
9000
23292
31124
23870
27120
25470
8118
13064
14206
31183
27160
32060
20459
7471
7015
22224
22974
27247
21345
1492
20636
13045
10935
21947
17460
14987
19119
32747
15796
14972
24704
13009
2660
17237
31790
22660
15012
5063
32379
7522
15799
13341
27099
2818
24584
10297
8997
23493
16875
22339
31276
5432
29790
29612
19077
605
12570
30783
11987
20559
28762
1327
1703
11250
19952
2144
17790
13300
705
12200
25973
9605
12344
24394
28009
2829
17189
27665
22873
20498
25961
23476
15719
6653
7591
16211
6472
31868
9468
29028
3069
11435
359
23572
23091
28883
3584
19338
14715
16355
25471
29807
4000
10518
28065
2024
13235
7989
14772
28445
30868
17357
9946
25147
25019
10238
5886
6363
7776
29859
4699
13151
30716
1268
24756
13034
16585
6725
9843
29255
32537
692
5746
30029
20371
7160
20592
31774
13221
22251
9193
3965
25079
25911
30411
524
27208
14400
1411
10865
6677
6128
2800
25661
18439
11951
8598
3716
22020
26814
18570
18542
907
24786
6441
519
11821
19828
640
12890
15810
31980
24433
17955
30462
20900
16569
8257
10582
31576
29023
18373
4223
30656
2166
26947
5032
32762
15921
21045
11793
22902
6300
22335
18362
22640
24305
1002
15657
13292
25896
16227
25543
3883
2536
29195
5756
24
20086
15670
20771
22331
23694
30932
4232
20701
5306
7969
5489
22313
22380
31828
16770
27433
23047
6566
30099
16087
6037
24881
30892
25467
30947
9845
21813
30812
32628
22144
28725
29134
11692
31093
21851
4333
15083
17205
22588
30225
15080
28093
24340
29853
3509
10880
18710
12925
23179
28180
1080
15594
3722
8743
20843
13854
14053
7701
10643
13017
8549
3445
18813
26877
3672
29746
29336
12117
7029
2176
12578
1378
1226
31771
25360
32156
21591
9921
13641
7976
14282
20628
31139
7958
18582
6132
17046
14902
4089
17122
6502
1288
16547
4980
8122
13389
1331
5993
28262
13217
22888
22997
31800
31003
26112
5023
24802
12557
4911
13321
21393
7213
15777
18239
15403
6792
5891
30181
26946
16246
31823
2586
29299
3978
4419
5634
29202
757
18075
2295
828
19870
21931
20437
10092
9593
24686
8900
10804
9551
26614
22671
9442
19668
4733
28562
21476
30423
22557
18331
16358
8378
24147
30597
25996
30326
11089
28904
24956
5305
10132
19244
27246
5452
18561
15594
29294
24352
18769
750
22614
9670
32316
20476
6801
17082
17751
2683
6109
14584
9230
22864
32382
3184
3248
30443
17383
6187
7449
21697
8648
32265
8306
7965
28008
12744
18343
18725
1758
24084
23560
14158
7985
4125
29852
25312
5623
20144
13044
18845
18089
7832
21654
31896
17809
1918
23241
29655
15142
17044
15937
7699
16931
6830
10547
19828
22371
32457
2436
21227
23375
32297
18800
29118
12090
32282
7585
31309
6914
3973
17544
20880
12671
21822
25193
4905
28974
8389
11018
26337
18943
14127
10547
2471
4839
10721
22383
23694
19153
10461
8815
7605
621
31748
14971
29390
3286
16475
26330
8747
4488
4951
4685
24442
10725
10500
31610
14087
6489
20931
24961
12315
6084
6826
24187
7555
21341
5120
6961
30474
11318
5683
4422
5020
22586
22079
20373
10904
25872
6177
6496
8343
14243
12552
16929
30827
10266
22495
21045
4718
19284
11626
21410
20672
7502
30545
26453
23942
29089
22360
2551
11861
27997
29359
27911
29945
20876
31460
16180
26682
22854
11377
1700
20764
24786
28871
5480
31199
23873
26591
26502
32761
21791
13199
9665
20926
14090
24763
866
25368
24596
3882
17121
12275
468
8419
16646
29939
23247
9998
16700
29499
18777
30921
25655
26633
7272
8100
29770
12494
8503
3060
15358
32628
16449
15215
25830
25588
25518
1071
8786
27456
30252
20259
12594
19123
22379
7596
7956
32040
18579
82
2009
3638
30070
24538
6172
14493
2677
32049
2833
6382
8320
24420
5572
297
3616
21013
30741
11455
21618
11851
24350
21453
16344
22613
20557
14499
14443
8865
19721
1141
16677
1113
31958
16270
21599
6905
16170
19225
24992
655
9459
11080
4476
23326
10031
8188
22513
5603
23589
25591
19335
14864
26402
28425
2879
17592
18706
13430
31710
2620
23223
1326
21624
23684
18809
6522
21852
14311
8126
8556
25236
15016
23790
587
22530
16143
12092
338
14861
25753
11954
3316
11634
16441
27720
8626
26032
2755
13868
24312
23004
11090
6941
14553
5130
29803
45
6096
31998
2742
21527
20201
2491
17466
22273
15474
21009
22945
6295
26311
7643
2350
30769
24803
12601
19361
29761
18253
23231
32003
12486
24743
12
4617
29350
1859
32606
16001
24338
11126
30228
21078
17908
9435
6556
25300
16015
25709
19915
27110
26749
24815
6716
11599
19592
30330
4734
10183
725
16916
13152
27011
15918
25721
15165
27587
17828
73
17989
19615
12609
7617
346
22817
8875
26072
29528
8847
2566
25395
11450
16752
243
25963
284
4370
25060
14882
22968
5373
30515
20532
28217
27212
27375
20298
18823
2400
120
19564
22739
13432
4326
18604
1134
27340
18695
28893
15555
22723
8281
917
17952
30079
7710
16602
24864
26030
17372
1150
29919
15282
2503
10050
4165
14380
20601
6695
22130
1534
7976
23984
26206
8544
22642
8408
5561
27135
7437
17254
21447
2371
17668
8164
32300
16186
19255
6831
14558
16669
21574
28940
10795
3915
32653
14847
363
26237
24059
5576
16581
20762
419
6787
8758
27595
1052
27345
1310
31971
25234
10104
20973
18263
11290
15227
24086
22137
11814
3161
23484
15432
28227
28731
5817
2592
24689
279
27967
4076
14424
27885
878
17671
9997
24809
7894
16672
21823
24658
154
18707
31842
27724
13759
18517
7189
30898
5198
22476
4485
32125
26288
847
13178
29102
16346
24080
31014
408
15826
23721
5002
15070
13014
31784
4179
21948
28376
15704
6146
11870
9858
1512
354
27590
6701
2230
32372
24073
24626
6150
32728
14045
22785
27887
28434
27189
15180
1457
18652
30439
20174
18698
13450
6143
20109
19646
22477
12592
29550
3518
27193
28244
3058
23207
20476
5518
4659
10812
16091
3445
24081
28417
2015
2205
11038
26758
31935
5481
20546
698
23716
31289
28596
8468
22921
2232
26013
30558
10732
18038
17325
21929
9734
1566
6751
22182
6135
3027
27620
14058
29644
21564
15136
30994
23007
31908
1695
17171
1853
5337
29964
21484
7581
8459
26812
17493
32743
32200
17161
17434
9098
16981
1224
21529
5806
1342
2824
16713
14250
7600
17257
17343
11220
15159
16915
6855
26844
16984
13061
10858
145
25928
27090
2390
20386
15511
18421
32700
19053
32584
32165
3413
13914
4686
18786
3071
5550
14227
16618
5500
4638
19465
12039
9115
22837
14027
8062
30439
6272
4249
6394
10623
10798
11917
20740
15946
1355
7606
21726
8254
3511
26964
30912
27923
31096
3233
4186
30209
13450
26649
30700
11073
11697
29656
8269
14457
402
9732
13406
18874
4773
24135
667
28507
32147
25482
12380
26355
30675
21154
3306
26494
389
22665
26310
6475
2284
329
16689
6592
30831
5441
17639
5256
6569
13756
29917
6137
20244
28480
31004
7745
25974
14762
12538
5454
15512
28756
17347
13163
22941
20176
5386
31409
17454
22875
14194
20411
28835
4632
270
21871
5531
2397
15239
6276
31423
25579
7839
20479
12556
19808
7008
3346
12204
32255
3194
4099
23243
15113
21261
2699
12451
18402
9165
23002
7515
9815
29406
12184
5959
13040
4976
743
8414
31843
11718
7704
6450
27459
6379
32697
7717
9952
26881
7306
23869
27541
15628
1633
25554
13368
31091
1570
12003
5846
10136
5979
24029
26108
31238
3990
17670
345
29338
16033
25687
31162
6089
13620
12478
22896
5770
14810
26183
28907
6311
21856
20390
18999
29593
11213
28771
2652
31803
28542
398
22806
30680
9448
17250
30882
32276
6304
23329
24145
17121
30498
31564
16906
7800
3045
11115
10991
14031
17546
11173
12710
8348
29716
8909
13191
30629
16987
3056
25800
1775
3293
8178
7652
22088
8038
4939
22797
8997
18719
11253
10036
4312
18744
8451
6428
3255
6633
14632
9955
534
20280
15461
5932
9642
11389
19531
30444
19177
107
28493
9274
10890
22952
10531
5241
27847
1872
28298
25207
3881
26944
31506
31300
13302
10666
29752
8461
3362
15450
6045
3315
23184
20320
1031
7747
19080
7350
6434
5852
29126
25055
5273
5956
13981
31531
19939
26474
29963
24828
24737
933
14876
18861
20234
11301
19815
22282
9125
129
18533
16799
5955
17299
13447
27106
31752
31689
5993
8039
5524
2185
21033
9382
30850
4652
13890
20395
26827
881
28643
18557
21321
15072
22827
21488
28475
16497
15718
25942
14076
21024
3674
25006
5726
30318
2825
17516
21796
31182
18318
11484
904
30992
7612
9928
28843
18497
5888
19040
2276
25763
16299
13716
11817
26888
1613
30009
9389
7174
17056
32607
21518
6085
31171
28409
12726
22002
22728
10400
20470
27066
5722
31196
21519
18837
27079
19732
159
24789
6845
30652
19508
24868
11177
5871
1266
28423
25888
13166
29376
27319
12052
26892
8730
11438
8207
3300
15764
6631
25573
20196
30038
5819
15791
5372
30243
11665
673
21473
21295
24986
19195
8179
18121
853
22686
12675
9926
16889
2313
13778
19689
6574
24656
12583
20823
30800
18267
8625
30802
26334
3533
16596
26461
26097
31452
9177
27087
26034
10903
29805
21016
20394
28866
9105
10006
9578
18195
25927
30200
27749
10384
9192
20526
23092
27271
7634
1895
3599
31766
5940
7607
12504
32476
14916
6450
19594
28224
5473
8239
3738
10051
8941
28900
8059
24889
2060
12353
13272
13956
22909
12270
4777
7328
23078
11444
8796
6656
24905
20578
15517
3866
26582
9387
7794
3447
5207
12037
13881
14628
25802
28746
31812
26993
18122
24448
3052
22246
3685
3473
15625
29309
24555
7228
13032
23042
6058
17413
10793
29946
4443
15101
19675
28091
17468
29152
5053
31912
14592
24711
18739
27164
1657
12692
25630
11868
26549
7897
15349
23392
29943
1659
13002
20170
23905
7911
32359
19616
15451
10791
8293
11070
32544
12874
13575
28825
3138
10303
20063
15774
5865
7927
28051
23646
20162
16511
2543
30349
24195
14539
20948
29531
1459
20916
1195
14343
24720
29483
16747
12225
21307
22523
10903
28526
29022
14191
12563
553
11398
15740
8893
2425
14029
32499
18605
1841
19067
31126
14020
31117
8814
1913
2519
11948
31157
944
27579
7029
29000
737
10141
30074
16476
32475
11805
25845
1117
16325
24085
27939
9994
24370
9464
28986
18518
20807
5271
29928
23729
19491
28947
14646
29755
22327
10019
25180
7402
22408
13043
28491
29960
6881
10493
5872
22234
4173
12433
29739
13105
17190
21997
4317
25534
25530
14267
16207
31944
32472
8475
20547
4287
29304
6514
6491
20867
28022
14137
7422
23244
30124
29860
26277
6505
29625
30501
14005
12190
29248
4638
28218
20237
2752
15611
12023
7991
30335
13471
32734
8973
29218
5718
11751
4308
28541
19487
26466
25796
10835
16109
8198
19366
6746
26827
20345
15294
16696
22431
25324
6971
442
11005
21880
23254
6401
17901
21925
28817
17701
8763
6298
13914
21092
8126
10436
1676
7043
14269
8948
27681
7092
29670
32382
25749
32037
18991
4096
28720
13944
29894
27755
6318
4876
20162
1909
24747
12140
4014
10245
29938
12695
20353
19752
30061
10772
21853
18963
28297
5117
14337
26011
27560
24895
1535
19502
26246
9913
18493
26683
24928
10743
15938
23917
16236
31995
29179
550
7651
5289
29356
7894
23420
21204
16424
28230
18776
15975
14144
12898
15496
8929
8229
9850
11221
539
7542
14368
25383
13644
25159
31029
1580
15695
19809
6343
5410
6719
18211
12179
25826
21185
6262
25426
23273
7529
4834
21923
4062
26545
10544
13956
19463
22286
6630
31237
21355
13087
29201
20199
19228
27557
24650
20777
9676
1403
29365
7780
29397
6053
11714
19385
26714
5981
7054
20759
2890
13349
23156
21099
22383
4569
21358
17168
21889
4190
18897
7658
4952
17030
26494
16143
11752
2937
23728
24203
19856
19432
21863
31514
31433
13702
25844
22027
29145
25418
23621
5939
1470
2220
10496
4491
6576
27876
15248
15497
15337
13339
7127
12525
14058
28650
28362
7640
21596
15138
3030
20480
13773
1278
23865
5120
21113
28203
14452
20587
16462
21818
17175
6518
24701
6466
1716
14031
17805
15947
2454
16985
22606
628
30809
7436
9097
12227
16160
933
13888
22336
8789
13027
24172
27702
3062
18183
11044
10892
31596
29680
12222
5528
15998
20571
723
20865
11835
7504
29103
26485
30970
29144
8519
28384
16863
14437
9069
2786
12589
28165
11214
21233
24747
27594
15841
15017
7728
16166
14987
12881
24536
1603
6058
5401
29209
24313
17184
2865
11990
4560
7215
22006
6111
8933
32293
27337
9153
26075
6860
21124
3331
25908
12261
25531
23983
22569
23044
26400
9448
10174
791
10232
23717
13545
27053
29125
22663
6305
16684
22425
21987
11599
12080
32572
4751
7390
21592
29487
7678
23166
28702
18914
32437
15204
24444
20161
14649
17904
13334
17930
13565
21900
15651
5430
5129
19694
31378
9697
7474
1890
23844
13995
15743
2442
20829
12941
1567
12989
25297
25451
14651
29916
17476
9975
18108
14884
2434
25399
19964
7118
24403
7674
4403
30156
3626
24012
3306
31939
17533
8014
28537
520
112
14686
30513
13864
20593
23644
32639
29576
26704
28918
16838
15505
30935
16923
21944
21186
20975
14381
29260
11059
23996
9621
10819
23021
22254
8359
10857
14229
20507
19435
21672
9631
28760
25290
4776
23352
8854
13845
18
18831
12496
27867
21104
14664
6289
15364
6012
18698
2952
701
6250
22095
16935
1100
29396
27305
20021
11574
8943
7946
27316
32416
7296
11695
4721
21258
23485
7788
7834
558
634
14130
117
27471
18477
3461
20829
26779
8140
4461
22207
26305
14328
18013
2327
30864
18704
4294
95
6850
23343
8319
25662
18586
8111
23835
24177
22829
9034
776
31694
14283
4095
10809
6518
17829
21252
7250
9224
15193
31759
27203
1482
18084
23714
28866
15580
3865
25713
7282
15697
18864
14673
27890
21496
20894
29220
18015
14970
17763
24202
23611
29552
27238
3987
15297
11192
25825
17408
7700
31848
3270
30764
19638
10298
4454
5375
717
31792
26727
11533
21487
1662
21286
19235
6849
761
6038
31648
675
20149
23528
30653
25386
5933
22857
15102
21355
28593
10931
30935
3211
26571
23353
13187
20743
26060
16672
20539
25572
16445
25130
8963
4327
27601
28760
13100
22426
1640
11035
13539
17353
790
26943
12115
26339
13364
29651
30508
3787
29739
1545
12500
28921
7953
18035
18520
11508
31026
13276
5533
14723
16247
27788
13857
24710
8288
6643
2950
17860
26632
14979
10963
21417
25410
25474
19861
19700
932
21147
25682
28970
10582
6538
28771
26138
2341
8696
20074
26528
16407
19149
3470
3368
2847
17319
25147
11872
15489
4450
4719
9326
6759
11315
15252
18083
26737
22961
20677
16980
29263
6523
16539
26617
19221
19351
15589
19272
9299
4577
28367
15703
14284
29567
29843
11952
10837
19627
27485
32266
29
3635
10891
29124
14107
17600
29031
30688
91
18774
9959
19319
11308
2792
15882
8367
21372
1348
17418
4276
19115
26882
3750
19299
11113
7021
14186
20651
5725
16648
1342
27905
18898
26685
6858
18447
12094
16762
16291
32032
32627
14108
11322
25050
12996
32442
19691
23455
14483
30335
6948
4462
2216
859
28317
26145
26016
31128
4999
16128
21815
168
11285
32207
31677
13998
7009
24059
7614
22384
23827
26375
1880
14943
895
7294
29034
23758
225
5608
3353
15645
28102
17083
16963
1340
6494
31545
18871
28904
26297
12954
11952
4206
31145
13099
31927
3081
16171
30950
24960
24571
25586
13286
30024
27619
25098
25496
17498
32122
10166
7418
25366
7240
8678
10052
12906
11886
12718
2996
6646
13265
417
6296
20030
14022
11392
25602
14624
25768
31174
1773
11394
20183
28137
2989
27940
32627
8802
17295
15313
15771
13708
21602
17618
2849
9516
13510
27453
16363
27578
1022
14612
10962
235
22967
13245
21368
27432
1216
5339
229
7262
7954
26787
18682
379
1746
32651
18945
7869
14435
28386
14858
13386
20799
6419
27208
16512
9174
7977
13935
32594
20816
9269
9714
30503
28438
15436
24357
18508
7435
25180
15644
7192
12461
19941
31788
18635
12018
6411
31852
358
23367
6964
31692
16065
28374
27656
27677
17416
11819
22763
28817
16319
18191
23092
28836
14209
19737
12893
3087
2799
1272
10338
13231
16920
21481
10881
14633
11899
8279
30472
31708
10853
44
773
26093
11911
30278
32744
26837
23221
1606
12865
12083
29963
5353
15615
10942
17019
9628
4631
7197
5963
27842
29717
9199
6932
24653
4996
29495
3305
7451
26078
10157
22682
19887
31412
22414
11926
26015
13693
30637
1692
23801
16842
7070
17834
10983
23825
8381
8087
28842
9309
11863
13278
14129
21935
8681
10115
32692
13544
18515
8987
11504
15957
884
21178
652
10477
24201
30220
8483
16052
16155
9113
9369
7140
23578
22633
8737
12138
25065
25598
16690
23444
28941
2356
20058
10413
19659
5548
4077
20684
30095
17100
28454
13853
10101
31103
18114
25186
19805
23358
17475
13676
25433
24646
22884
30779
7782
2640
4904
21988
9851
11786
7125
30171
1608
15323
15984
8431
14659
22000
27035
22525
2916
25545
9056
25673
24557
23482
14814
1651
14801
11813
32616
15311
9273
14705
11156
8168
3568
23608
15418
15688
8497
29604
9217
29794
24093
23921
22775
19909
4406
16627
3933
931
29070
19234
21346
3913
8443
22319
26464
24312
22295
22498
13135
5708
25326
26979
26747
4943
20440
30344
21899
15024
23066
4334
23817
13608
22315
2697
31404
26270
1768
21904
13766
24073
14174
9474
10741
18750
12432
12759
8471
5867
13342
15472
8567
18445
12962
9210
10242
7167
2583
15027
3074
5552
24205
19801
2898
7665
17688
20587
16051
10514
4787
29965
13866
29760
17884
5155
13899
25036
5046
23366
10378
24014
8402
22238
32362
3682
12766
31629
4983
22600
23901
4839
4570
4061
6338
9744
7371
3680
14341
5721
25646
24472
18911
32587
329
18507
22441
23191
13382
1753
23552
1749
23681
16044
1642
2186
2277
31861
955
11735
23170
11437
18024
10887
18443
11444
7867
24727
24974
17134
31050
2581
13813
5352
18714
568
10341
11788
10563
11912
13662
5624
32448
14854
17266
13347
14079
26808
23847
11096
3274
13400
10687
8214
2982
16722
19369
13299
22474
625
18193
5892
6042
15196
28052
17836
13197
23994
6541
30391
29753
5415
30011
10361
10185
7624
4712
26422
5202
30751
10965
28356
1060
3738
6000
1010
30321
3969
14665
24011
208
7981
15643
16412
10810
11230
1019
16926
31853
21183
18851
2775
10550
19097
9950
12651
15935
4854
25333
2146
20425
8033
15386
16412
23492
3303
16269
2513
21965
9486
10076
10362
27371
31783
20111
16812
4088
18295
2712
22709
14359
14972
274
21745
5117
17658
14519
20527
5213
16348
32438
8377
7214
31133
5210
18180
92
19360
1930
30622
6788
8727
645
31421
2191
32735
31088
25797
15087
3487
30782
21826
26730
16881
7462
27026
12458
16175
18723
16797
16903
11370
22706
24918
6467
14549
20944
25838
3925
5605
14059
14418
28994
4895
2753
21990
2143
12581
26723
13503
17839
12876
21073
10776
6388
19152
22151
23229
19238
23571
26938
15103
20999
28238
11919
30676
560
20188
25975
22704
10261
16055
3355
1873
21448
29375
15321
10871
24818
22470
9562
22038
30843
16539
25960
24704
30598
14813
26337
16418
30791
14132
30752
14189
31315
5661
15543
14842
17380
4091
30296
29553
12849
12403
28711
4623
8431
14596
12346
11461
1657
30819
5344
12532
20855
1091
2853
21536
17740
23305
26436
1153
15919
19097
15619
21271
12239
25703
4211
9689
26001
28814
25232
24535
14773
22440
27214
21153
24339
1571
8386
19026
4919
9490
8877
5378
15558
2281
21028
21853
11074
23027
18434
20978
25307
14043
26638
31999
3235
10171
4970
17091
32106
6040
13110
14404
19711
1336
3091
25650
15161
13111
28007
19912
9128
25110
25114
27378
14702
31020
32475
22839
23602
29570
17988
6241
27608
24119
31630
16977
15564
6813
13191
10708
1189
15320
29484
25568
32765
8373
5515
20475
3580
31502
16955
31199
25204
24088
14293
26187
19059
7101
5082
22301
32637
29339
24643
581
31230
292
10605
8660
7951
26336
6817
23145
404
7763
18747
21601
24142
5808
18625
20484
3141
29710
12007
10861
21008
23437
8182
29542
20770
24843
16399
28987
19695
14686
14148
4154
23400
6626
31651
21842
21793
11123
16069
27008
14432
7567
3781
26709
30186
19374
16686
17011
7765
12522
28235
10268
5129
24317
2147
9987
17385
20214
2657
25974
36
25229
15345
18821
13482
10338
13041
6563
32267
26338
3800
27755
3811
2936
29288
20299
4826
19585
32661
31664
14472
12095
9700
7552
19399
11709
27648
30717
3156
15876
15165
4144
26486
23046
12790
3527
32184
21049
15548
26535
9330
12484
2356
2354
16830
5367
5452
11507
21517
27904
5710
6375
29481
519
14863
6697
30259
28815
5291
22127
25421
20936
22279
14098
3948
13058
216
15402
31990
16379
25722
27461
19369
7808
6685
23173
16833
7047
1629
9948
5613
28687
13994
18062
12755
31594
31618
12971
16605
17928
9122
28160
2873
5529
12130
16549
9470
25919
28117
19475
27279
3140
2598
19441
14302
11881
6253
8189
14909
16965
16040
23141
6497
18895
20323
1225
27213
23120
25880
21298
1054
9788
31628
29778
2317
14485
28182
17016
27321
24416
10918
1212
19287
4703
2905
17037
11988
19898
491
23623
10010
22472
430
16311
20365
5015
2926
6184
30093
15468
28306
29325
19051
12194
5595
30248
5917
8417
21292
3537
24472
29713
976
19601
20825
30008
26585
9628
31110
24305
25332
27496
24676
2556
28154
32256
30073
24250
15591
7354
17711
30201
15730
10742
23867
26450
14335
9452
32378
2393
23372
12206
5125
11958
22935
19182
27077
28035
2081
4662
16198
6003
27364
4643
14695
9811
7234
12153
14011
28081
11040
31623
32091
8648
30531
25091
4508
19621
15168
26449
18567
12109
23598
6194
1082
7886
8412
20361
22847
16591
4606
18068
19284
6754
28165
29698
26788
5689
7251
23240
577
19614
27512
22795
31120
13519
1420
31420
29358
9680
24576
3073
22081
21122
11594
16522
27797
31550
2341
15288
2562
31311
18711
27148
3208
9961
3847
4298
18228
1470
132
517
2010
22715
32189
23223
3352
16603
15458
22049
10279
22169
19996
26373
26831
2594
24075
9416
28863
7012
18835
4901
10769
15922
12663
18339
21394
4742
15169
3853
16316
28153
28405
28999
16820
12436
3986
22536
28484
7490
32677
1493
12888
20312
30686
21072
9669
27803
26444
28501
22670
7779
31277
7934
24962
16340
15535
1074
19538
7603
27133
3690
31935
29504
3415
21611
25789
29217
2149
3329
14384
20118
27815
14399
19925
20434
21046
2960
26574
18681
16533
26686
18789
13242
19429
14481
23099
17881
7055
17429
28931
20917
8
31042
28796
20890
2701
2439
4045
16805
535
3816
9118
19353
12521
23804
7256
32247
23147
23460
5749
15203
18826
26445
10025
29711
8533
20147
8748
22102
31810
1053
6747
5367
10049
5701
24971
9484
19093
200
24781
23756
31476
3582
13423
24398
25552
60
17839
94
11325
5137
27225
20073
24319
23956
14907
30178
20548
29802
19971
30010
2403
1688
19774
26813
5111
15111
5429
27122
24457
4233
989
4593
7273
24818
12402
17219
7374
7366
17374
669
29632
24297
11946
7597
18068
11013
28384
19666
20196
5530
12134
30208
5162
7379
23490
9095
32414
32067
31402
21560
26226
851
28011
24400
29429
6971
8738
22145
16271
25667
8376
8787
11163
7112
21294
3912
29155
5593
12983
17693
6259
9716
259
24520
24491
21769
26835
30485
28274
14295
15500
4012
21749
2273
4340
13402
23348
18668
26492
23083
21569
3636
31239
7642
30160
10864
13850
1287
3916
4473
23335
9709
16374
9094
14107
7816
3832
30879
14026
6709
25557
18131
31338
32036
2201
18971
11432
15680
6426
27512
19227
24617
19455
65
4984
14541
17602
21222
16170
24359
8155
822
15776
32671
23169
4988
18212
17109
13170
18807
24877
28224
31985
15829
32087
1066
8348
9820
4175
22224
7895
2859
1356
29858
9969
25676
5916
25863
89
16635
1091
23676
32071
23489
2545
13854
27926
15217
24367
16177
8524
13256
25565
27291
23571
13726
30092
23515
13420
31744
14754
20868
27549
31974
6514
20702
5034
26967
14564
14077
27100
30952
21101
7321
26606
7131
18113
15626
9567
865
6582
31411
22493
26789
10243
3793
11608
12452
27264
28831
5334
16820
6085
20993
7230
16746
18638
173
26761
20304
28307
11241
1932
6129
9270
21598
27094
30529
29622
50
5765
4396
22589
31160
13649
25805
21836
17339
22296
19893
1943
28228
18095
6614
14195
22342
15427
27389
9885
26052
19873
7093
6649
16252
6848
30110
30187
68
20097
24772
3836
11666
10041
746
31036
15904
30591
1438
17094
2175
4105
19764
791
18976
17066
26218
30776
5994
27669
27951
11816
14165
31589
17782
22097
19947
18059
5316
32009
18620
31131
19170
10254
31621
17789
22942
25175
21395
10071
32155
28563
32689
32033
11741
26056
5338
1892
32317
4667
14150
21507
25008
1259
2064
19566
1513
28300
11694
30918
7820
16043
21408
9911
29085
27846
11479
9119
23577
13289
17564
7777
4425
30981
6321
14074
14905
28060
6482
2871
21078
16066
4353
23235
3151
13443
14669
18659
14047
16477
4361
28066
24359
14200
8911
30616
16584
6920
26689
7289
13481
8744
20396
27954
13858
14350
7611
11022
20368
29883
26181
5949
6862
22600
30019
27488
929
5741
30643
4137
5455
32252
20820
20514
2130
22155
3238
21213
1902
18935
888
12070
25759
6052
3102
26281
25089
21783
21013
18240
6264
13264
26471
16605
8911
2890
31470
6931
22675
16145
2782
27264
25611
26799
5860
2829
27802
28680
23257
32078
13219
15661
12140
26290
17638
1520
357
21589
16206
19029
30393
30991
25257
23951
15527
19009
1689
27416
14357
10001
12473
27243
25446
2648
6660
29833
24214
3134
2098
1192
14611
2033
16273
26211
18573
28966
18735
483
19
19389
8274
24921
13230
6093
14818
30913
25100
21886
11735
5092
15310
10114
22788
16045
18703
11872
25772
5408
30350
7391
24156
30459
29448
18379
22644
3856
23028
2684
27860
23927
31027
19049
14650
25296
87
4823
31045
9341
3430
14329
13934
3943
14576
17929
5374
20797
13389
26670
2636
17516
9659
15487
24670
23960
28444
8657
7106
25562
4990
7308
29983
4925
27597
15041
9675
24129
13885
23713
10531
8411
252
3819
13418
27132
4002
6885
29400
20564
1133
10405
5643
10739
4459
30519
7620
22235
10015
17984
12922
28373
21129
255
18705
12687
19550
20187
27130
32394
16015
29958
6027
16634
8664
8549
4935
26223
32558
17220
9146
20794
24884
9085
26573
25248
7520
28334
1579
11707
23797
15457
15675
8606
27975
3453
24336
2163
1834
16320
25846
24293
23894
24615
242
11125
7992
19356
16840
30661
4343
4923
10867
13785
18265
7743
30182
9511
2080
25746
853
7411
13085
25179
31132
10119
1346
30712
815
5358
30507
26044
3880
9257
25956
9873
32230
2967
28306
3753
626
32390
3803
14239
24743
3812
30706
31837
19863
7964
32624
6324
22356
509
17617
14683
18500
32019
5060
28424
8983
1999
26684
25811
17638
21817
19445
5642
25652
12360
18633
20159
28489
28073
30528
7609
18615
4416
30614
30294
14880
2105
13927
6448
540
29384
31483
1643
1240
16058
6305
11110
25215
25690
7109
20793
23240
27365
8995
21178
23780
6894
27981
18254
5637
13657
12890
28646
24446
27810
18915
15817
4043
21219
4314
15032
4998
15978
24558
8955
8466
20918
21446
12681
26435
25297
15065
10474
16138
20233
15416
17327
29990
11136
19736
2537
10600
16834
10175
11039
20011
6178
28689
24767
13326
14091
7630
16993
19371
10971
29297
16787
332
24951
2335
16190
15933
598
14141
2848
26496
32189
23754
28911
25502
18984
14275
9539
4212
28710
23106
19448
25943
28186
13263
3502
11067
24710
24598
17675
631
19613
11912
665
28176
4528
8753
29629
7266
11970
27047
29891
18278
24883
1430
29819
20940
6764
8559
13272
19504
7580
8707
13316
23373
17774
25261
16674
5011
30821
19608
4106
28179
32573
1934
22134
21660
27287
30663
641
2622
29012
9927
16815
22587
21030
16813
24532
16452
1942
1279
3932
7638
17128
20933
25470
2912
20671
5180
4245
10203
24553
28945
9282
21157
12752
11831
31379
3444
5058
14510
32132
3070
2314
5260
23125
25496
5942
4267
11071
2250
14955
17959
638
14365
28944
14602
12003
5345
25220
9132
19501
27278
7028
29694
27469
32080
10571
27329
27540
23349
8197
15030
23778
17326
18761
14391
9353
2751
12143
15618
23917
2455
23927
30145
22964
1270
28653
3654
30420
18406
5816
17033
27312
7064
2789
6938
25750
6861
5450
20815
26664
24310
17427
1626
5882
10592
28822
28805
21326
7286
8031
26912
13612
4647
4939
18481
20396
1977
7892
16875
19965
23828
28973
31241
23012
11589
18752
12224
14665
12377
11399
24642
12988
30811
31916
27157
29245
352
28366
10323
25543
31090
5757
32367
5961
11131
28177
10013
27333
27299
31465
10453
7902
4063
25461
2684
17467
13129
29903
14406
2477
18332
25459
10135
14359
3656
32698
5365
13901
11376
30557
13782
9685
26866
9945
30635
8547
16767
16786
21418
3260
6162
7799
9127
4354
9028
24609
11440
18441
20949
10672
27994
25840
21769
8244
17075
4893
4451
14436
28785
12691
3066
5870
8190
23122
30956
12228
20531
23588
17797
7832
22500
27733
12801
21892
24159
14893
20582
17212
1068
10237
18508
6330
18185
2836
24935
7822
4382
6908
2109
11278
12238
7698
17880
9262
28834
3247
2891
25261
21688
12362
18174
24726
27995
24782
11475
22646
31927
26081
28332
31246
6694
31084
15280
28810
13350
24677
29997
650
21801
9175
25820
21851
7593
25145
25443
18816
10567
19341
21404
6612
15960
11126
22863
2384
8751
11038
12089
23584
3795
20408
11648
3889
10453
14928
21160
7326
184
6750
21300
15930
22223
21384
25463
1040
13508
22741
22274
13034
26607
4151
5040
27677
2459
29040
2830
12629
25711
31516
27498
19165
4275
783
23524
4380
21464
22590
29700
27369
15773
8211
3731
2857
21011
8762
29423
23283
28949
18810
31089
18119
23273
19007
31567
23063
2931
23852
24362
6523
6987
31488
17528
10696
15208
21773
1619
26980
2122
16420
14918
21709
21241
18553
7712
26732
20028
18271
4909
9990
24139
27393
15956
24271
19791
7352
15219
27870
7848
4076
25012
7899
8389
19788
31531
6385
28439
20832
22695
2172
16946
29592
30256
31627
31343
12230
17730
24632
19383
5482
12269
18197
6042
8639
26601
13941
18532
16878
21228
22541
30939
10597
12028
8057
148
6155
29745
19453
5523
30968
20306
24532
27501
16114
7965
19731
4788
19331
9890
6338
5679
11017
12069
28975
14532
6893
1509
3910
24348
7506
20165
22537
23378
3587
102
959
29591
16207
29973
350
28289
12848
17295
4827
21959
12151
14205
8436
9724
14463
11115
13433
31268
19789
29734
30068
11801
4806
11875
29438
19445
2272
2436
18568
9563
13972
10701
31110
11066
15620
16376
30963
21300
27337
10063
2975
27574
4863
15497
10069
19509
8136
2623
25466
3399
20456
4391
31924
16529
6814
625
32763
31670
28925
6553
17923
25996
12747
26861
15742
9285
7133
9901
2553
20704
29536
22587
23548
27790
19960
28322
7044
19288
21753
30995
671
15152
8165
1005
4444
24178
2355
13491
23180
29216
32547
18120
31447
25883
6794
5813
5807
14877
28271
21095
21219
22453
6687
21217
27443
18015
25653
23363
23265
25933
17253
22727
4330
14842
30635
1784
21319
28722
19490
3029
10028
23478
12585
31710
25919
7585
6525
23233
31450
28352
29774
6214
29675
6186
22185
5587
7699
30858
6719
12764
30408
1781
8670
22014
14944
25422
21360
15929
18612
10077
4337
30755
9254
8098
30953
32294
902
31687
5110
6641
6108
24839
2131
7052
29823
22113
2889
20407
27767
30531
18026
11967
8565
29964
18443
1447
11737
29759
1973
27854
13977
14149
2150
578
19807
24849
29854
16586
1449
12373
804
18921
30936
15552
16504
29907
26017
20841
3474
10029
639
26028
24817
23468
6083
5327
5324
3491
28528
17142
20538
8637
3118
23642
9022
29481
14108
10177
14556
12527
24903
14631
4220
6944
244
10418
14321
24534
7715
114
26907
19250
8979
26286
14595
6278
20458
12681
16199
5422
29462
13202
6764
1063
13769
5261
27856
23186
25847
25590
31697
31830
5922
13347
9853
18429
26254
20521
14426
4256
31213
1274
11283
14128
20164
9190
8823
28451
7025
30718
8156
29820
27163
24467
6256
22227
10632
4231
18551
11538
26572
8582
16045
5896
17736
28869
13515
5224
16310
16419
13860
22616
6430
9436
30277
27146
17407
4410
25958
5081
31639
11806
7089
16361
17200
25194
30729
24030
7885
28428
5758
29357
22883
11087
29428
5905
10873
32646
8759
16841
3395
665
4264
24321
28220
12399
5943
23704
17377
21839
13970
6014
17455
7159
11737
5649
30276
14500
1701
26227
17441
9247
4992
2663
16306
6687
24630
2822
15795
9584
32038
30122
2542
17759
27774
5823
456
25262
26450
27738
25115
10314
23201
6100
13320
5828
674
23859
7732
30171
25212
30400
28784
22129
27172
18465
30604
2409
25358
23334
9306
21440
8782
32465
15053
2526
17487
11627
394
1047
13987
3972
24103
32273
17502
6304
10873
9922
18019
28147
9241
1023
3107
15853
24770
1586
13343
10802
30724
16218
2256
3575
18753
10653
25252
18249
5174
29751
18074
13537
10137
1429
21793
25268
16443
20956
3539
13367
27250
27235
31609
27657
17991
11192
25396
2470
3252
13763
1504
7969
15889
16846
21232
32315
7440
24673
8817
31219
8134
30891
12227
9472
25703
25600
6571
13327
3452
1552
1181
20668
22078
12824
14680
21846
6833
4260
29777
30763
22570
1785
19605
25357
12641
8922
31824
1540
3457
13903
18410
3341
18988
11672
10697
14106
15577
18636
16417
5052
5762
9704
21486
3373
13326
1978
13511
22793
17301
32242
391
1372
7008
8045
25692
3786
18949
2135
14999
18330
17213
6473
1648
365
23070
2138
4021
15143
11051
20315
17723
13933
337
30847
32713
25183
21065
1971
28175
15271
24693
4614
3480
11481
29871
25923
5734
22382
10239
32750
13374
29959
11568
10238
8947
6087
14778
25987
1936
5080
25867
22990
21994
5161
17280
9832
7773
9497
24979
24867
3311
11588
22018
1227
9635
9
1661
5862
20089
25631
17643
17351
20357
20927
7654
29800
8978
22578
26626
12054
14475
957
30303
15940
15379
9510
30084
23850
15654
1278
19442
5431
30403
20822
5373
32584
17103
8703
20443
15396
7037
12318
31452
9194
2489
31034
26289
4494
15204
14975
23104
6814
29626
3737
4386
917
32483
3443
1070
4896
16370
1640
6618
11820
28950
17245
26291
25234
18957
3003
25051
31113
17641
775
4198
16181
777
2193
8751
13299
11513
19748
23390
13666
19417
23208
17145
17181
24019
16288
23748
7271
25270
10128
15691
20962
2619
15018
1955
28508
24006
26491
12932
17410
2530
22556
10877
12216
16197
32210
18950
10689
4085
28415
12525
3766
3818
7275
29727
1596
24576
31654
27034
15435
19031
30739
8370
13909
8156
28715
2267
24840
25
26143
14966
3385
19652
10058
31926
1530
28613
17889
21555
12126
20493
17234
10068
14805
19806
23402
30210
28472
21378
32444
13325
25349
15000
21135
19511
26030
10229
1654
21315
856
17225
7686
3617
18385
13329
741
27249
18409
906
6780
28318
1038
6778
11313
17221
27937
4857
17450
9
23258
20565
11556
21416
6407
14165
5901
25672
23483
13004
24490
21708
23717
10195
24718
27960
26912
11302
5868
26706
31498
13108
426
30143
16661
31385
8234
7698
19708
21374
9706
28396
31106
10770
27900
30426
25779
9662
26477
21367
1930
398
9000
12805
22278
638
267
9904
20173
7786
18898
15262
15421
15186
30232
10245
16449
11669
5483
26480
13823
16550
4091
2524
22389
31861
2370
25766
20169
23344
3519
9008
18736
20858
15681
15515
11787
18878
5065
22188
18583
25371
22540
23492
32097
3885
4866
27614
26068
12011
8145
9091
18169
11458
11997
9268
30379
27907
17119
12049
17285
13733
30978
29097
26218
15595
22331
29703
22794
15298
14392
600
30343
29296
30825
12325
21809
8967
49
6134
8476
15879
25842
27919
25935
13323
25444
29599
30737
24029
3783
24211
17253
30541
23708
21333
13051
29892
6260
3640
32042
18444
10352
30337
24279
30141
28130
29290
20686
12929
32553
19765
4348
3956
1327
14264
1476
5379
29609
5929
9068
3718
32119
18962
13154
15029
18110
28363
17895
17275
11211
22869
104
6194
22553
22535
16064
3211
21708
14484
30362
22696
7647
12053
10871
10013
7487
5268
3506
6736
17166
26703
4769
31067
20869
5162
31725
10180
19940
21322
22757
9975
25212
12668
32292
5783
30859
17562
21109
10906
16475
2145
28693
18024
9417
24154
14122
30667
22047
2564
5443
2153
20884
27462
12967
7621
31721
24426
9773
24916
8391
29427
22412
2322
14702
18178
31312
16416
7884
24257
6660
19392
24381
21656
16819
28606
2587
25112
5361
9512
6500
4528
11864
20626
17151
31060
15669
9443
11057
21434
31038
12213
28896
7798
5538
13952
17143
19408
32348
24388
10828
3397
26515
4238
10351
19185
26674
10724
26314
21422
13807
9289
27994
820
21786
13053
12233
29265
26894
5919
29071
27292
8575
3729
12330
26576
25916
8019
21779
22687
18060
32025
26628
13189
1293
6417
8744
17217
21243
2380
10235
8809
13932
32690
19170
27280
24380
24979
17017
742
16111
13210
25403
3204
6684
5622
17850
27862
10123
20019
27226
8148
27423
3630
23910
9923
13570
30254
12607
16694
21938
7349
9406
1623
30409
22354
24902
5240
5268
19654
11307
2756
3954
30025
11014
8984
2069
27924
4299
9505
14297
1882
14531
24162
31799
28499
10136
24028
5315
19283
21533
10311
15657
4101
21297
2309
6120
19978
32248
22818
630
28340
24010
4345
4627
1612
8679
27746
18783
5838
32605
30029
21427
19741
8032
5096
6725
21507
26750
27149
9491
8785
110
3125
4375
20913
13131
4807
31818
9740
19359
14784
24477
30438
32581
19598
24199
1686
9321
666
31505
597
16823
25388
25094
9202
19541
771
23697
10591
32673
15585
19196
12411
16379
22679
30665
20569
11877
6290
2237
8963
14462
21262
31638
20222
18659
3190
8836
30317
19486
10971
7113
8622
18895
10641
7358
8842
17125
17615
22646
4772
10944
5829
31839
1024
17097
6558
5504
29904
24156
22499
10333
30854
5360
13800
24092
26177
31649
19877
2739
6693
19717
2884
23126
18832
31285
14020
17831
27059
31305
29898
19537
3485
26895
1223
11896
15985
31888
1627
28610
19929
15190
16331
21504
1694
3769
16397
1630
12385
4295
3007
6317
32378
17128
13425
6313
6978
7026
23648
14193
25188
19783
3291
6057
25523
8582
8283
25638
25449
7232
7321
11617
10489
18117
19941
24165
25943
31163
30649
16415
27884
6192
13262
31755
9604
31011
12517
4817
22647
5650
23973
16907
32123
10125
11577
868
28778
11959
16560
14998
24392
27582
9865
21625
30924
25457
16665
1744
10629
30517
28275
27071
20973
17950
31272
17659
4404
22989
24583
16934
13519
30792
14438
6369
13337
2297
32608
29505
23070
25632
11823
11007
5186
9333
24365
27272
2615
30677
12252
8448
10722
26621
15592
13868
16062
1334
25045
18576
4705
22486
9490
1839
10149
19276
11175
12379
18939
12002
2017
30764
11305
27632
20911
14620
28576
7456
27465
13549
15510
4599
18676
18166
2575
1030
17949
12146
9804
18073
22700
24239
11493
29220
24336
10934
6845
3742
6921
21720
18256
2042
9395
20335
15371
5130
11386
7097
23577
23350
4358
1081
19498
26216
26690
17742
18412
3754
7549
8280
7758
18167
31335
9870
7178
30387
12791
32429
29633
2476
13637
11551
32273
19880
9818
29096
3801
15971
25447
22518
27361
18374
797
19372
26308
10528
21659
8777
3299
609
128
7673
7080
16006
2472
440
22934
7227
6404
13431
3977
5984
12660
6642
16462
22607
3465
20914
17148
17098
5625
25526
12337
31991
16027
31274
25060
7730
31261
21131
17848
16505
3789
16291
5973
26715
2623
32268
22539
32047
11044
17608
686
20889
375
1393
31851
18167
16078
11801
15603
30985
1235
8341
25401
30494
6865
6999
25405
19315
18619
1928
11385
31304
2117
7115
8331
30054
18907
3421
20206
23700
15063
9007
11479
20492
27297
7964
21280
5294
29335
18959
27175
28140
32671
29655
525
6029
7233
18841
30124
22281
4427
32275
3834
7196
2821
22296
26686
32706
28089
4075
14305
26120
5922
9537
5774
10259
30147
20315
29021
13834
5461
12531
13142
11743
29864
26008
4599
10635
32575
26768
8186
2709
9668
18103
10984
20818
9586
25779
6654
6471
5013
21941
13076
11607
15690
21339
20576
9892
17601
11862
11385
3159
7389
16105
2681
29959
3410
4811
17725
8098
21645
11145
13084
219
10062
30185
5438
26514
27898
6984
24042
21366
7893
20252
9529
18798
4694
21930
26282
19544
25666
21268
21052
6548
18749
18485
14570
3745
30912
31992
26074
4151
15498
7288
24102
20577
15846
28474
4469
25292
25848
3773
16996
8047
13596
16354
22015
26626
22636
28449
18444
27816
13434
2844
23178
24032
9906
9891
14827
30019
4157
6918
24251
1469
14197
10553
27968
25623
1940
8901
9090
26495
9786
24137
28795
28108
16914
14419
2600
17800
17743
8411
9518
2251
14442
7493
16949
18859
1037
12440
5136
22526
25771
15861
12384
17915
12031
11086
6739
18768
2399
26897
13514
8857
11431
3824
25437
22132
14880
14093
30594
32746
27445
16817
22297
31369
1547
19585
18970
14185
28549
2008
18993
26738
10423
31719
25957
29464
6942
15037
27054
15231
14148
2018
3889
30005
22190
17070
1808
24092
17254
10818
30705
22195
20996
16470
21820
4920
8928
11972
17573
9848
12463
20038
17820
7840
2309
31818
24567
26198
14074
9608
22187
9765
7512
9213
11734
12418
7936
16517
13832
13650
16577
29656
10539
836
7898
11270
23332
9594
28536
24238
12110
577
13808
31223
4594
14308
25283
12933
4581
18289
31184
31961
26882
15741
7722
12365
2020
28871
26052
25859
1195
13026
1941
19194
24874
9809
6391
24043
22306
4714
4730
4114
4217
6674
25585
10447
29636
2968
25838
3732
3402
8602
28752
7554
2965
14570
27395
20999
10201
29414
13415
5154
28769
29617
13724
5100
29301
15141
1273
10647
10763
24903
13345
14845
8225
7550
1967
31613
4125
2248
3273
22175
12313
28679
13047
29831
30055
25506
21699
12499
6765
17565
26629
6588
16501
26932
31672
26439
728
8981
14420
7424
26854
15076
26195
13806
29009
28769
28793
27552
28279
3357
10745
32459
14612
5184
16491
22622
9610
26761
2586
2692
11998
29577
8886
19450
19421
8268
12234
6372
20752
29232
32183
19009
3971
29269
16804
24505
9583
20060
19735
20635
2210
8905
15648
28237
15534
22905
9661
20746
3794
1854
1193
6733
16568
22107
6377
31398
5984
3817
24434
4754
31183
27257
5102
15868
16876
29662
32703
22143
381
18718
10746
14219
21579
30221
5181
6809
6331
346
18235
3414
12367
4981
18184
10770
29671
607
25124
28848
20852
31469
2588
22575
26589
147
28870
13208
4374
11777
16477
15180
22362
16082
2129
3985
3292
17006
17291
10968
32455
3267
10380
13596
12825
9482
15307
6743
11269
11358
22135
25691
30428
26206
11839
26801
14599
12455
9526
27790
2121
4170
20639
23677
23904
5355
5554
14473
1252
17420
2963
399
12520
7403
21347
28085
17366
1530
16668
4254
15090
31662
26020
18128
32424
10111
5738
21198
30836
876
21255
29642
14648
31335
19800
27912
2463
5427
4810
26796
22284
1847
11633
28194
29564
11296
13715
2637
9328
13734
1507
28432
32434
17233
5300
23623
32170
14484
6600
26729
25775
18280
4025
27096
16259
14850
17778
6965
5449
7019
18559
11283
32421
7826
8078
13494
23379
16983
22328
10924
10066
4199
19181
29204
15957
11896
10488
2498
17006
22658
4914
22022
28960
17985
16656
16851
16453
17860
25694
551
25908
18349
6082
1664
5487
7417
16173
22636
24193
21663
7910
26119
30823
2667
22485
21539
27691
21314
9315
31446
8364
3355
25680
2725
5607
17013
5864
21991
12175
20956
9944
286
3752
19377
21057
971
22255
4339
6653
28264
7557
835
12036
18524
27389
14133
6086
16769
7637
24460
5444
2139
19671
18857
30945
10844
11750
19854
7873
12809
17186
13249
22084
28467
25591
10472
11994
2379
24932
28276
16083
9315
2156
2949
12493
17330
27776
6895
7978
12775
30631
12588
19007
31019
30392
15886
483
22731
4587
2930
30245
10220
30496
28590
17130
25062
16882
3382
6786
20191
1094
29256
23595
445
17835
25737
27306
26016
9208
17341
19724
4763
24209
6771
16986
24420
7109
23020
32767
15117
13335
16816
28120
29983
796
29565
16414
1844
12490
5521
30977
12240
31185
18461
13642
28658
27722
27306
11381
28935
12342
19103
12937
20468
29735
15583
29168
12915
20446
12692
11592
4745
23860
29719
22237
4651
32655
8141
25493
22826
24036
23619
6919
23183
25488
7445
9023
26988
23936
9057
24758
31626
18540
1516
31354
18393
21074
27179
14219
18872
995
3352
28438
10537
6014
15442
29432
741
27234
10756
7212
9415
28933
15339
20871
16738
28426
21623
2605
31297
25317
28928
21431
23721
7296
7452
30777
16888
4477
28718
9754
28728
7533
24841
1737
22409
1916
18909
18518
6710
16555
8157
8224
656
25705
17831
30345
25633
24644
31248
23017
27618
2438
23786
6074
13707
31099
29503
16778
31285
20160
20189
15928
9353
11088
6632
2721
8848
11916
18838
16403
22570
3680
20872
28640
1129
14641
8828
13407
11142
27128
3369
22423
23351
26785
18949
26012
24446
14600
29638
8132
32157
29084
16073
3146
33
15942
5082
21040
17597
25097
1764
32303
28733
8659
15123
26853
2743
5442
19189
25132
21376
24830
22496
11026
25430
6095
26854
24985
9531
29081
12556
4605
8332
8754
8946
28726
14041
2793
19146
26949
27501
24318
26906
13634
27933
4906
15282
13042
13366
26434
22056
11390
2659
20731
29276
19030
17437
4799
18452
13480
2148
478
15650
32178
1008
27519
27271
5832
22369
4764
15823
5944
2536
13546
15116
28030
2777
23397
340
24331
2022
13852
30327
4516
30884
25391
8422
6512
16279
31473
18056
14205
22464
15124
7706
7537
5281
26872
21744
2966
29631
1776
6084
8199
21096
2325
30430
17452
17433
11946
4587
4381
19933
30775
21696
22325
1699
262
17810
21400
13571
24235
22021
30998
12863
13965
21838
29886
13738
9711
25413
2770
7563
23308
31865
15899
26090
12396
27853
30484
26610
10498
21531
17078
16747
31266
29047
3613
13703
9729
30807
4970
1940
18146
21491
17936
16523
15134
11166
14060
31438
29264
11763
26751
20520
17595
29576
6603
25704
19684
13737
10992
10780
8372
5547
19952
606
14808
16638
20301
8138
5113
18653
23220
27168
29654
11917
30561
5596
7157
8010
19151
683
13798
32406
1676
16964
24228
23690
30671
10440
1934
30701
21314
6263
26078
27696
22732
21763
28132
26239
13728
24949
464
9488
31921
4415
24907
22564
7932
5953
30750
28972
31826
8758
17329
15874
18454
10205
14488
1404
1397
1185
31317
12803
22437
8120
2865
27958
27480
10151
17890
18555
6557
26978
28876
13411
22018
7677
28206
2263
530
890
14253
22155
26805
23139
1313
21466
9360
6806
6370
32375
22354
31936
10936
26354
19860
13076
26160
13586
23972
5877
24231
31934
25010
24476
32028
13011
11886
12829
1620
29891
30384
23771
12769
9737
4527
18873
31090
9673
20035
9593
19888
7827
18670
25718
501
23271
22833
4549
5777
30826
16368
9320
26983
2437
9867
25014
25418
3774
31835
11918
20078
9901
1874
15395
30965
30064
32174
93
17236
28142
28477
15229
11848
29851
399
30305
12442
10097
25741
29635
32533
20484
23292
26915
1783
3017
4640
26381
27496
23751
22576
19184
7566
355
6844
17174
16011
15805
20232
18467
28974
7718
8871
30753
30052
18177
25260
6748
12837
13613
28783
25949
26026
16940
16659
14755
17374
32406
22657
15873
30230
18805
17250
10874
21307
26814
308
20049
5092
27539
30021
3825
17153
13627
22368
3924
30177
18383
17823
32351
23464
17387
29439
28738
30770
28134
19967
3938
2760
26185
18697
32251
4527
18215
7480
23345
3141
25564
17750
29037
7644
22141
18346
6211
32488
31685
5769
13466
1311
15640
19160
16241
16163
14550
18748
14500
6665
12982
29902
26731
1239
23613
22362
2487
19714
23781
17552
9424
1032
9807
7307
28213
15037
17222
19033
15818
17543
3608
3995
11039
7760
29112
18773
12409
31066
25533
24770
18532
11220
20688
30058
30317
18854
14157
16739
3094
8959
18482
14757
18038
141
26299
5704
6530
807
5076
8053
31414
6247
22099
131
17537
2620
15477
16072
32012
126
1421
32407
30841
7003
25196
31500
24734
30045
7557
6196
17094
5461
28917
9264
18610
20725
6154
9538
9978
27715
7062
5146
28788
24876
2208
27469
31466
2307
4258
4977
8766
32760
16255
3130
16727
23118
14309
32159
16794
10232
3512
17792
21391
25126
18436
16
12036
23685
8445
8690
5433
31106
30781
13925
2123
29356
21024
11054
30274
31413
2786
8684
29665
30318
25647
19274
26185
27878
240
21095
28623
19350
21666
13122
17816
16469
3812
18151
13539
28926
30063
32613
69
22618
4710
8793
14401
1318
15839
30527
17064
732
15539
26064
14992
2787
17432
16708
20006
23290
5589
15257
16761
5541
23026
28822
9386
11201
6662
27575
24631
5727
30451
14582
31898
22801
20231
24969
22967
4531
26382
6766
11413
26627
6068
2296
29618
205
11179
16788
28211
5535
15664
20405
8534
13127
9999
2435
16594
24346
7214
14415
11300
19471
20560
25478
17647
22990
23314
3188
2403
17956
1565
16873
1172
26420
23214
30811
4023
27653
25895
1170
8660
7464
28012
5844
20250
28671
4007
27973
24600
14786
15845
3041
20737
5359
22014
1828
2934
29345
11676
21334
30603
27472
21799
12483
12202
6480
19788
22148
24695
16306
17876
9122
11260
22008
29434
7893
12986
11849
23144
19137
16668
20297
11764
16060
4985
10259
17399
22329
1837
19454
18189
8388
11667
4068
25158
19904
21359
7058
14458
28087
13978
20573
15339
28258
3365
27978
6161
18176
9631
20561
6879
6956
15205
14453
28654
25018
18175
3075
27094
14067
15035
6359
20742
5153
8206
31205
26010
23516
9773
23087
24347
28867
19272
23172
7484
8508
21980
17279
5077
26210
3455
6280
6208
12419
8761
1827
18888
5359
31271
18333
22340
32619
32534
27158
8581
31881
13157
21366
27780
19506
12480
14506
25993
18477
15061
18818
21173
4701
8848
27689
32086
21805
11157
17214
2076
28098
24272
9337
11849
20946
32650
27757
2982
26764
12833
4571
28595
15057
5920
1638
14043
11073
26452
21438
6981
3740
1513
27708
23903
22202
13362
8421
22568
5501
6636
32005
8896
13436
11139
28605
18981
21704
18146
30419
3895
25287
6355
2007
17972
1157
29699
21914
13818
17696
31532
27285
22783
27516
25189
1962
27117
16890
30197
19243
21474
27754
2317
11225
6362
3755
20358
29461
21331
23017
19665
6176
23317
1027
14697
4216
28277
18459
16266
15712
9836
2611
11056
18587
10043
31885
11230
29225
8884
31669
29284
12384
25148
3409
24730
11677
17043
16766
25789
19449
30512
28188
24035
461
31040
1104
7419
11357
284
2739
978
1375
13406
14771
7674
1191
17960
18664
31414
13255
5954
27645
8470
22308
5732
28207
2038
27673
28531
20219
6036
21325
24155
31579
32329
2656
4966
24293
25448
19795
7293
30819
8502
3209
16391
25504
13744
8718
18430
21790
31424
29004
20968
9592
9115
9572
31553
29903
12053
27454
30496
7430
23858
15663
11674
25427
26562
21324
24299
12772
1790
5424
17970
12740
3279
11214
17968
24007
17799
16195
25676
12325
20602
25438
9737
15830
11310
12341
25723
25647
19710
5594
1185
13380
2259
18317
10607
15034
16865
28389
23387
16928
23066
8826
14224
9670
2315
19173
603
17459
28936
16857
7696
107
18198
28869
15625
23206
5407
24834
24453
18535
14405
30878
3092
3733
18255
17776
15159
8034
2527
21162
16624
22815
1720
20617
11188
22429
31904
1307
18054
28088
31507
18513
28338
9074
16280
2679
24374
952
15662
13786
455
22145
686
32065
2099
10382
32091
30874
21097
32237
4513
21100
28853
4830
26155
20046
1177
21441
31643
23262
20634
15706
4968
18625
22748
8888
31518
26265
12575
31490
4618
24721
22804
29141
6825
22921
9125
13632
22739
26725
1431
26950
23777
28379
7752
16042
2994
15387
11501
23111
31989
28806
31825
11121
29660
10244
13630
8059
32119
23867
9839
23840
1365
14303
13401
14487
6420
16401
27565
5808
17312
23872
15480
16905
8752
26197
9361
21727
29895
18552
12502
1121
29702
14514
24929
23767
5024
2065
5759
3708
7086
20233
11215
4930
11194
5005
31860
10905
6179
21159
23520
29062
11081
2113
7595
14257
12722
19169
29645
1662
15437
9871
4742
19138
16950
12716
9502
2565
19129
23522
24026
6871
15445
21243
21900
11637
8088
14252
2210
3699
14439
9722
31186
699
22753
7115
25780
9597
19014
15474
2504
20200
27547
30872
11504
18931
10087
22904
4392
5528
17872
5276
27024
25022
19688
6113
5917
175
2494
12150
1282
3166
25084
24166
2672
12450
334
21587
26713
25862
794
17858
7639
8471
10375
29028
32590
28864
14973
17625
22776
14723
2534
3106
23034
29453
23357
12964
16957
680
12523
19164
5349
9690
15588
30695
5801
26840
24913
24517
26991
26986
2561
11086
27233
20662
11105
1188
29725
1551
29927
7340
25055
23945
20789
15427
8628
8215
32332
27644
13313
6555
22189
15029
8702
46
5103
29666
5368
17977
24572
992
2313
19771
7995
3625
3936
25475
11929
20753
19460
24784
3898
29738
26933
28794
28858
32610
24795
25856
19562
8151
20599
14681
31043
6123
22424
23226
23801
6733
11567
26876
13569
6806
26247
8209
11622
20527
2938
2263
15127
20161
15473
17657
28266
21407
23769
18882
29936
29839
18886
9016
20416
14201
2597
26694
2719
19425
4409
7569
12443
12669
18519
16736
27414
18194
12159
13984
28936
20198
15056
3078
8934
20327
25982
6759
2132
7325
17767
28082
8844
8851
15667
8150
15369
25135
24047
15503
30784
11315
4539
8014
16238
27100
23315
23264
16837
971
1446
16356
19763
1268
18998
30894
12323
26505
10495
27326
21937
18666
23393
14072
7928
22429
21042
5034
18733
20828
19623
7341
27532
293
13924
7727
4532
19892
20649
23278
2727
14134
32319
6238
31526
29326
6293
7980
22913
3791
2583
11032
6090
13097
15592
31559
10105
23752
8213
23543
29297
31173
31033
18563
16935
5071
24548
24407
6269
4566
15596
30510
10753
12595
10228
22598
28115
27805
13999
18876
7626
6708
4460
25850
7844
26956
15004
8501
27908
17561
16925
8623
13645
13521
16961
13209
26489
2523
11417
927
31708
13502
9895
15065
14047
5690
20751
7672
10998
22288
27500
17852
1798
12574
668
11762
29132
5149
16742
10219
6346
30386
27000
12702
31803
2339
4766
8167
16663
966
8358
7544
24957
6564
19953
8515
17153
5706
24679
7803
31325
13437
11140
29393
18066
13690
15491
4598
15794
22200
11373
16601
2016
17197
16863
9288
29175
25434
18729
30852
23261
8030
10588
32647
30569
3637
24724
10954
24547
17352
7333
28913
13656
31978
14440
18845
25127
2036
18716
21593
11979
23876
11940
8352
26114
27177
135
31712
12862
15036
16224
9171
9169
21373
25712
12047
29190
9001
19292
26060
7355
19
13407
24831
10716
26546
23068
1704
25126
30623
16765
5949
442
848
31681
19140
2894
14162
9328
32104
20449
25511
15891
8763
26730
31146
1362
2751
16894
22605
31503
30150
15748
7748
16287
311
22753
26457
913
19835
6507
15619
8177
25822
9551
13021
19201
21986
5057
18662
21645
29798
31962
2420
26580
30087
1403
7562
15747
32635
31429
20883
2716
30520
28550
3646
10260
11877
19837
6273
23099
26203
17256
25502
25389
31182
29516
4395
13653
6580
26143
17381
11935
23114
26531
3793
22887
28691
30805
26492
22206
3587
28527
9408
30045
29299
2174
11196
1381
29757
20478
1124
20182
29531
14565
18224
24835
7116
24339
10279
17176
6182
5218
28691
6291
15466
21586
8329
26358
21396
20723
6851
22635
32310
11116
10324
20282
19520
29610
22019
23222
19783
13697
32024
3049
11120
10744
11206
6506
29026
12306
32615
2666
4266
31407
23622
23304
16013
14497
2048
11623
9086
23381
14082
12160
11564
20280
12368
7510
261
18803
20767
25702
4612
1982
6887
13257
31503
31123
20711
1317
11890
26249
4801
32665
22995
17770
4654
21498
9878
409
30779
29160
25735
29729
7076
19849
10627
22520
5074
8754
8889
5250
31308
3924
27863
8575
11151
29503
616
5303
2238
896
5312
10357
31447
22832
26240
26610
118
20553
25898
7221
2493
9462
17329
21169
21869
22841
19995
3712
6958
1910
4507
7998
26746
31017
7822
16697
31359
14492
4184
2134
15237
6966
11465
14776
1936
18603
2440
8299
23420
981
25707
2812
32423
9644
18093
23167
6490
29541
20028
31680
20677
7111
860
30061
12080
29687
5791
20915
26804
4926
22497
32084
10809
15343
32608
9629
3880
5788
13767
30191
14750
17284
26864
30419
8433
18206
32754
6040
15447
30592
3248
6019
1440
31529
26951
1724
19727
21128
13680
16147
32586
10394
11141
5332
5809
15875
18806
20638
17072
14393
10576
14976
20065
18043
15783
13037
18560
6277
24295
6976
23236
11976
22595
18843
21723
25282
12727
14857
8920
1231
2701
24263
21158
2286
32486
21038
20132
27023
30903
30940
17856
7277
25970
2126
12766
20981
11041
13557
19754
4884
14200
28342
3187
3246
1416
29994
20464
30011
3001
16382
1454
26230
4363
13518
12842
1387
11357
3700
21568
8434
14066
15941
29542
17235
11161
25285
30168
5571
21035
25902
8592
8740
8162
4103
11677
7097
18531
28748
11334
30592
5065
17803
22393
21566
27122
4969
24373
28047
17199
29041
18978
6333
23137
31011
14430
17434
5575
9154
30307
11243
8579
18385
13198
30224
13895
12950
26994
7362
8435
29403
23993
20729
19239
10727
30364
20110
21547
27947
11248
8539
7491
15158
30399
20711
12408
6378
8988
14963
32161
16990
524
11923
8610
3684
8146
31590
24301
15332
24559
12301
26768
12232
1787
24814
7380
17630
25366
14701
31593
3072
751
11600
24337
5230
3624
2137
21457
11836
25762
27534
28655
27085
19777
11822
31584
26615
7682
19409
27991
18272
24273
13036
4448
29231
23686
3182
28730
12077
3673
653
14871
6278
11651
29904
393
6744
3226
32190
13573
17845
11905
22459
6100
7623
8214
5496
2345
28196
19485
19606
16559
1727
22692
15263
6768
24641
32732
31430
26455
22947
31265
17110
4692
7150
23994
12913
5336
2769
14820
28506
21437
739
7424
28651
30315
29121
31138
21741
26394
30789
22035
14758
9360
25417
18422
29512
24308
27979
5233
3933
25255
15745
31221
27855
7467
448
16833
7278
11
1286
11237
28309
2323
4522
15030
10401
10091
10155
24382
11176
16640
13331
15932
2333
16978
25314
1073
4422
30397
14630
21935
6408
24688
27658
14102
29413
26825
5481
17762
7269
14555
1756
14088
21589
16821
22950
5838
17392
30962
4940
5476
29546
30148
13797
8971
29770
19286
11419
10952
32044
17108
2118
8599
24629
32657
29897
23398
9367
24274
15810
17903
7295
14011
16378
6341
27342
18000
10470
11379
1054
4726
14597
16566
15118
4435
13937
16226
15095
31486
22483
24593
24125
16586
5865
22108
17087
5653
2569
19868
19237
7400
7177
26689
29862
10091
26447
29395
7157
32191
9893
20410
12242
27838
26328
31515
26214
18134
30821
29954
15450
15815
10459
19848
7733
4698
24179
3005
24982
27915
29743
15448
25545
28644
15349
1225
14171
25346
18228
807
23486
20471
27752
9209
9337
17573
31868
23464
11880
17646
9698
3709
9963
25930
23293
2169
2585
7637
413
24684
18917
20735
2225
29982
22126
23665
6534
20346
5137
7121
24914
10008
16019
4702
13758
28732
2412
26786
5757
21062
6800
12801
31666
19624
27786
4513
22919
27980
25577
15749
25119
16681
2771
16061
11139
15492
5437
19630
17490
30662
14095
19128
26619
5621
8291
28624
31056
27887
7814
5632
5915
19997
22583
1844
27743
31813
29658
30754
11097
23396
17325
14930
15875
17395
10371
32280
28402
4537
2817
6366
30696
14849
10003
21683
4622
9080
10561
22163
16521
5019
20096
5
26775
15798
30951
9954
31158
24042
9050
23567
29047
22034
1971
26228
1415
5348
27309
1950
30791
24804
11216
28992
22065
12861
469
3370
13258
23628
18453
31342
25892
4282
27521
1948
1664
2360
6050
18910
25735
21963
886
12886
30528
9139
12854
26907
8743
3931
14210
19323
2872
27500
24813
2067
9223
172
30777
32664
6975
293
21522
30293
11517
20380
4394
15246
23227
12395
9762
30435
1471
11948
27835
268
17141
8633
4886
23324
19281
32149
6242
18591
20881
81
18242
27608
27430
19036
10846
6673
26858
21108
8308
2788
12201
4107
3849
27222
30654
31920
31120
9766
6686
18395
7689
18285
28440
12334
16621
24515
8627
22758
19879
30649
12818
2365
7603
24926
13600
320
10660
2731
11775
18426
1479
7006
2453
18207
4711
21196
23963
26314
29606
29697
26141
30660
23735
8077
21567
22882
8868
16353
24460
28956
25058
20624
22135
19004
20947
32352
15632
24213
17826
24151
5851
12267
26163
10285
10805
310
6820
24328
2138
4168
26641
31117
29882
19746
14256
14654
32109
1043
25936
9465
19021
10608
29848
9479
24675
21211
19171
13152
29145
30490
15333
14168
31905
29947
13221
27476
131
9693
5296
19476
10288
25656
11282
4471
23072
415
22940
11095
20154
18626
16824
9066
4902
21103
26561
31109
20510
8154
12183
6240
6147
18492
7030
28819
19890
20140
32688
30790
21722
6742
25462
10006
25432
8661
24219
4235
11922
26803
14911
23918
14273
2445
28851
7942
14822
14105
15038
19458
6610
5223
12209
16824
6479
20981
5302
28431
17271
11488
20925
20719
22810
23011
6853
31315
17712
7785
23689
24247
31368
9288
1722
13351
21289
6859
8321
34
25837
32101
32543
18408
30198
7694
12658
26200
4564
30638
24769
12717
4181
14111
10476
7912
15344
31867
15007
1706
26467
30976
23328
32445
13266
19450
1903
27785
10064
18252
21618
24764
7619
29374
21555
13954
27385
4688
15137
20178
32668
1174
27309
16374
6649
21640
2995
26354
32726
2194
1634
15824
5254
13252
31016
2380
12858
32296
8041
8393
18338
27429
17089
25239
11981
4121
13865
32468
32245
4675
12083
35
2061
27980
9039
12223
11591
8602
8835
24064
32705
12794
9011
15201
31104
26794
10980
19799
30234
24337
24785
24285
23680
28213
182
13531
17132
20057
3434
15500
19993
420
24674
10579
25288
18856
24582
20692
3614
5157
23505
25127
22159
29502
23203
30785
22626
6988
30481
10210
31929
10493
22080
16090
13456
10437
4006
24512
25726
20755
26726
1346
2559
19177
26055
15678
25693
30328
4370
29147
30860
28607
32738
3323
17124
784
22455
23704
15945
19583
10927
15187
20115
26390
22628
24769
28485
1305
29700
7482
18570
5006
5859
10053
6552
29401
833
25107
10977
29898
14313
32103
6484
5980
11925
30028
28721
734
25492
31495
28574
26086
8777
20890
6330
24829
23260
13309
21916
19750
31829
25878
27230
4003
7465
28449
1931
17943
26083
16590
2909
27999
29310
28382
30799
23913
8090
32633
29652
146
11007
28212
26962
3086
13197
22011
21514
24924
30366
17283
8693
29929
28245
29325
9972
1241
17894
25904
10987
17873
24750
17206
9853
31714
4326
25323
21389
1761
31866
1957
2939
26217
19519
23506
17523
20480
27062
31114
8125
14268
18572
12010
13841
19071
21131
26322
13661
6701
16372
19489
6359
5601
9652
17582
13147
23454
10134
27137
11144
28965
24062
5380
20274
31299
3843
16732
31398
1301
13719
8309
13012
6957
20094
18037
12306
27394
9813
17998
3613
12447
8872
22125
16761
29497
1685
17421
15076
31485
9721
19068
4026
10292
16305
6840
23115
27393
11717
20730
10673
20445
29117
24736
31205
30447
5309
28394
28916
7959
8487
9958
19682
28900
23122
13478
2558
27440
28214
3788
15797
9214
16842
1426
24920
17334
1738
16732
21995
1718
5837
5026
23825
22649
22326
20193
28018
9026
13449
24880
9481
1020
32315
25570
24260
7874
4329
22143
31149
13091
26134
29261
20909
2328
1072
30440
25868
9846
4816
6800
7838
27765
29896
13563
10269
28985
16622
22860
30188
32045
7208
5997
15055
17968
6634
31466
23765
12891
32048
17258
8651
2917
6732
29247
8987
29555
15011
22742
3849
10669
23787
218
19664
8584
30265
7914
20044
27996
25546
18973
10796
20835
22494
161
11294
4808
25292
31456
1914
10101
32494
27098
7610
9888
5766
11903
4787
15754
12624
27711
7311
2030
29514
30910
3905
3386
24816
1004
25203
21216
30071
32618
2401
24716
14490
13930
3448
20697
7725
21265
26975
8945
29114
969
27961
12459
14187
32305
10166
9437
9196
22334
18409
23815
11128
804
6171
2580
14024
32505
2713
1719
15759
4535
23589
30219
7212
19597
4861
6871
30239
10550
15819
15114
14197
30455
10760
23812
10248
3861
709
6916
5206
6641
8029
13861
23596
3242
17136
21609
19578
4797
16847
10394
17775
3947
19886
30450
5692
15261
20702
5735
21363
20926
4897
20666
25652
32104
9147
30108
14007
11459
2161
17586
17262
18044
15466
31241
12937
8297
32353
26498
26473
24516
12788
6460
18098
29948
11164
366
16229
1843
17989
11789
15505
4158
27821
12959
8166
28588
9520
27220
16733
28158
2462
5270
923
22391
19621
5638
26948
11909
12545
7169
1022
16748
30003
32338
3031
3675
18291
4189
25477
10838
18157
23653
24738
16454
10312
2993
13377
22436
9868
25773
29135
17951
15551
25724
3195
3339
3980
12268
599
17961
11738
22983
5280
27857
27437
16718
5998
8067
18855
18890
21203
9953
3615
13280
14933
15629
7076
5743
18679
32426
15189
29284
2851
16748
11548
31477
5860
11884
31747
29162
30845
30974
22971
29387
10768
10586
16327
5516
29378
27886
30585
19388
1658
11480
21174
5036
18335
26777
7720
7948
2666
7920
24197
414
181
12507
31941
23988
11773
25357
9148
14481
10972
25021
22840
127
906
30457
16976
25695
18781
11200
17185
29976
5428
21528
4559
14079
3645
7579
9280
19428
31195
14931
32662
9397
13092
2450
8023
29990
1596
21535
16277
6981
31743
23424
26386
9273
15293
1459
20288
5472
30275
2992
16532
7941
22879
22872
13910
16235
27078
13781
16789
22305
21598
5079
11680
17556
20027
4068
30641
9091
13359
12848
25910
27992
28416
3840
20500
7957
26022
1251
18188
3266
2197
6673
4597
19454
29562
8685
28708
32128
13900
11850
20190
21492
5704
7084
24574
12753
28867
18129
15936
23184
21190
21240
27286
27881
5803
20119
6147
7586
8931
278
32479
7452
9976
28986
25254
7860
12446
1642
779
8050
17102
13715
26332
38
1116
24424
28708
9102
14906
26732
24601
13288
16253
25190
29939
14054
11666
28617
18142
29224
7370
32216
32298
29303
10583
8969
10836
22420
10163
15187
18870
9173
2267
11790
21946
14417
11604
28530
29810
25141
30015
5549
3643
6980
32722
28717
19718
1353
3222
2139
31222
14596
19481
2903
5123
30485
6785
23040
30670
17902
15064
2896
3480
15200
27409
1041
21689
14664
18603
10990
4082
20065
308
905
962
13610
14781
24270
18287
29761
28390
22987
31982
28411
9348
31468
29868
12641
26162
5707
16592
18932
29332
22676
9524
20466
19822
10726
21582
14455
706
16450
1778
22644
5383
476
13765
15689
12133
6261
21004
28097
1061
8573
1232
7341
2354
9364
2388
3134
7497
17030
13148
29530
30478
17069
29539
9868
2041
2962
2777
31012
6587
7737
22212
24852
6367
23427
20376
16382
17719
2423
28578
479
23120
28649
17215
593
31998
32338
651
21872
1230
27056
3082
10530
25475
32466
21917
15223
26783
19979
23126
3743
11360
19858
27457
2867
23892
31236
17830
8075
32427
32224
14146
20942
28716
17178
9100
9275
18239
12246
10494
9494
11353
12606
17543
31134
28737
9800
8203
17896
27134
16974
32220
19927
24410
11914
19770
14812
19544
17587
3675
16867
1207
11181
8732
27603
1546
13821
24663
12715
3640
149
25128
26347
11936
18084
6707
5446
8522
382
25546
9984
23371
753
30500
22238
31296
7831
27678
30865
1299
17063
11656
5209
575
16351
11052
25241
22894
15647
30755
12984
15798
32092
25290
29750
10222
12448
21385
19958
18388
30315
29106
3262
12466
12921
17542
14742
13590
1941
31002
23658
19225
1845
2450
12022
26242
372
28976
11100
3338
11807
24830
23513
25068
487
10780
32245
31928
16816
17162
12465
13150
32542
6257
31883
145
29701
26733
19000
8191
27518
31137
2847
31831
26674
29034
27917
24810
29942
19415
2231
19907
7961
4588
8244
20897
5751
10911
31918
22309
29863
21388
6507
18292
13231
4583
12461
31619
21690
11542
32291
17407
31207
1425
16323
25315
27933
16891
17363
10943
12349
23943
295
25173
5683
5964
3974
25873
27975
24600
12017
15524
896
1884
24234
15399
12152
24808
20734
27830
5818
20970
16136
13814
24056
32482
8689
8533
32423
27757
26114
31790
13556
16502
9071
4784
9383
28182
3288
27028
10495
17111
28250
5012
9583
19373
9718
1741
15428
14752
13560
19489
15873
17855
28273
14395
715
31713
1828
26938
29621
8296
12789
31025
9879
7999
30158
4257
28626
22788
31399
8669
5774
16132
27008
20622
19231
16303
28567
31637
17910
8831
30917
11751
11535
3813
27357
1259
32145
25671
1380
4167
22679
27286
10648
26344
7239
19750
3116
8580
18840
1236
30388
12738
15843
21221
3859
5602
28729
1221
23978
31940
290
26100
2856
813
15417
27727
16889
12722
13838
17659
5269
17294
8517
24039
22631
13640
20634
2167
29207
11077
23807
22464
26167
6982
9842
22306
15766
15253
26886
13935
18824
11587
31246
30789
32056
11642
20215
25532
5346
4716
17375
23318
974
26830
19500
3759
314
25015
12465
21166
8456
32143
8553
20504
23601
12176
20550
16259
1468
19955
13609
24120
27873
16073
13358
10188
9147
30119
7438
23603
8193
7353
3959
25663
25778
8428
17791
3559
31010
19980
31455
11844
2130
31035
3108
5443
5970
8839
19231
15859
8082
27050
12169
30923
12839
15109
7908
30522
10628
15779
25535
30454
8921
27167
12291
26124
17941
4641
15725
4355
15674
23652
27368
22919
9065
25580
24493
11767
5992
27861
15374
2762
11217
12333
5140
899
13940
7027
6990
29465
20005
7407
4202
13159
11681
29194
991
16751
8604
27714
17232
24108
30555
5142
8008
3976
29136
24040
9124
22974
22631
2389
21344
28547
12099
14453
20939
23508
29283
11758
28670
25170
23525
17574
25512
30801
16185
3477
672
9391
12660
14910
5843
31367
29155
4259
30047
20448
29104
15566
16921
28680
3421
15148
20976
18173
3282
6752
3466
7243
15110
6201
6417
6987
3550
7231
918
4789
2324
20970
29749
6449
30425
27228
26740
5346
21086
2931
21875
10650
23720
15265
3932
17319
16994
21806
11062
26588
27080
13291
6483
31528
29584
25829
21487
26487
12569
14601
22799
21352
13840
5179
11854
12125
25420
28852
25945
8365
7317
22142
14982
15893
9059
11988
10109
7883
21667
12666
5800
18114
20777
21150
18801
9094
17071
1017
13287
20069
25383
27353
19483
29025
22119
1465
6750
24346
31635
30301
17660
18671
22265
31853
22904
1112
20186
26249
28827
5098
25194
18192
17498
31969
24161
9823
20977
29574
1878
3981
6454
14318
30222
25819
2924
4651
9816
7152
25456
1783
20442
21772
30546
27428
3838
32577
10508
29361
17596
1287
10431
25314
18502
31967
3297
7040
6894
5600
5159
5767
12335
30266
29720
28776
9890
19605
21547
10611
23356
14603
17499
11208
26504
13366
22404
17216
13779
4779
8917
16126
29330
13192
15322
19176
19277
12901
32447
29978
28156
29811
30339
11272
23749
6681
15022
31688
14152
14748
2944
3384
26850
13918
22830
1098
30244
29774
10526
32393
2868
23160
22195
24691
23267
307
22367
3148
5080
6344
28495
26348
24565
17690
21403
13209
11345
9488
4320
16197
6959
20736
32397
16348
10140
4535
10724
4545
12880
24995
16093
30680
16295
21803
21192
17377
29661
11130
24602
16644
529
1154
5021
32472
12978
11926
9443
4190
30656
27041
28214
28004
2517
3676
28175
12834
4368
25450
24082
15863
12166
19946
23766
9494
14469
18699
1311
17417
18679
7469
6935
27228
24909
11148
963
9545
32403
22215
13681
361
32437
15327
472
19850
22766
30694
32268
3092
9465
6018
25489
30115
6113
17224
1463
26267
7851
21046
7830
17031
29759
22181
5926
11061
12917
27839
7140
7617
16102
25984
13775
18771
32467
31232
16172
19999
12500
7441
6308
24434
26171
7605
20685
30166
5382
23647
17561
6594
1335
21673
22130
5831
7992
13130
19617
16680
22843
3881
2882
16233
7805
20406
2631
27809
24004
13696
4757
11711
26518
3009
2533
22805
6181
6416
29079
32085
17527
15000
4074
5628
25117
6062
24647
19433
9541
27375
4256
11643
6775
30536
8270
4005
9295
25833
10342
11031
21470
7386
22544
24098
9845
6706
2927
7073
25289
22511
7841
8504
22308
7530
8773
28625
226
9375
2900
1584
23060
30104
967
26343
28281
5696
5870
8802
10390
16486
19997
9686
13203
8260
2968
13425
9903
13623
6240
14644
21599
9840
24418
19867
11262
23475
17240
1035
4752
23280
3621
17821
30113
13306
11898
8658
749
4749
27260
20860
9189
4612
26201
3210
14004
22087
7343
12127
32054
10468
19638
31771
15376
12094
16398
6251
12361
19233
13468
11705
20174
29340
12172
23849
27460
13750
17732
3762
32295
5551
7354
26717
21515
16012
14787
11980
25339
10975
22666
13244
6584
5099
10740
18032
2804
31664
10756
1101
15276
21702
23617
27636
3805
20643
1250
10062
14933
9810
22802
2275
2985
15724
8853
21647
11916
19893
28331
24924
29752
22037
21154
17871
1472
27740
10511
303
5583
20698
5890
26862
24052
27304
24941
27762
24637
4681
13200
12326
3867
2972
30813
7495
2621
204
18858
11821
25269
22433
14775
23397
29433
14304
6521
15081
28289
4417
13849
18987
4274
18889
31079
18622
2759
759
27022
230
26040
30013
27841
29715
8860
20474
17
4505
32115
6557
8643
10525
5521
15914
5421
3223
6525
17618
20343
19951
11955
972
3561
28529
17126
21109
4703
28666
16595
3456
27805
10750
849
13842
5068
400
4732
30642
9301
6508
29291
32232
14176
9817
20576
18066
13542
4676
13713
21642
10664
21333
29266
27285
1613
8880
3033
4349
6689
14354
21788
13188
17760
28339
3400
14421
26058
24144
28886
32078
15729
30195
1501
203
31021
12375
18214
30242
10710
3524
14234
9664
28688
5081
31951
29817
15640
14192
16455
10774
3446
32241
16453
23768
17451
31421
20713
8739
13964
19554
14887
7582
18413
32252
8021
8882
27154
2585
13295
21119
30795
20880
17077
8213
32357
31098
2978
18340
10801
7289
27107
16810
27533
26809
5399
13204
575
15220
15896
32259
3687
20116
9784
5830
2848
757
13691
26370
14773
19666
23773
9980
8033
18014
24968
4282
6710
27020
31773
16321
10031
23380
28549
3870
15691
3782
13673
23955
21381
24207
55
30511
20168
24055
11310
9867
20920
25970
1867
2700
27829
21742
11169
15813
4883
27964
27024
24932
24686
21810
4876
6798
16008
1610
1366
24280
16331
4673
4541
19831
31624
15959
8242
9366
11933
8891
10441
5938
29439
13090
22546
18598
15001
21568
12448
3289
18397
22734
15516
9005
5562
1126
24759
11684
5202
22689
20452
19449
31966
6210
19914
17312
5713
22209
27395
20458
6859
9671
6145
679
3413
25829
20556
263
10646
12256
15976
28614
2691
11510
30540
11732
3781
3873
22830
3422
7559
27547
17322
7682
280
2143
5280
24886
8600
20483
8232
13205
2704
14210
24197
18010
1147
5478
11422
17522
3823
8940
18911
17344
18
29166
19340
7715
29082
17083
1443
16592
25809
24573
22957
30744
29840
22423
17792
28448
15068
26479
582
9795
25544
12216
11152
14811
14119
16837
6307
29765
20055
2333
4180
20283
10289
3926
20565
8284
30073
4778
1946
26651
21770
5784
30778
1182
9032
30584
13904
25075
17794
20915
12635
9010
2129
22856
24387
17200
25266
31320
32183
16773
4386
12900
9144
11185
26259
31547
27054
11712
11042
23716
5049
13950
24114
3401
28099
29729
14727
11003
12664
9561
30
14743
2268
31997
4498
25201
31060
22750
1558
27761
24690
12269
9655
29471
26247
17289
19215
23740
8344
16625
32729
16719
6789
32607
1809
19087
7760
9517
28260
14270
26298
11297
21247
30741
11228
19200
7267
12370
18297
6953
13863
16358
26860
21684
6353
31812
11364
28036
23875
26112
5577
15785
6883
28050
14032
27717
8896
31566
23447
28254
32265
30587
17091
17061
28934
27317
18139
7770
22521
21433
13004
17323
15479
18800
20696
11651
22561
26096
11276
6545
28216
15254
13146
28435
15631
11615
22167
14919
13495
13399
3099
22338
16205
23459
4843
1045
7633
30876
12857
20245
18031
30305
10715
9410
11569
7836
11657
5114
18523
9106
19241
3423
502
10670
24861
14874
8286
6547
28398
26137
17375
31890
18016
16224
9129
21079
21675
4944
32662
27188
31757
20039
20338
12620
9057
16900
6879
12040
30176
13949
22454
24479
842
24135
25762
12151
3325
16095
2053
26371
28479
28412
27358
22658
25870
24231
27750
31487
1879
15648
2813
27517
163
22160
21678
17606
18956
30346
24753
16552
6108
29095
12304
15739
9413
27957
17531
28086
18986
25514
26815
10151
6724
12725
20248
7070
22342
8842
13522
24526
17774
32731
30965
12129
30359
5292
4309
23006
28908
25136
5266
29559
7174
9478
8328
9466
8675
10354
12442
4708
19855
26975
31807
17088
13733
32590
31907
32436
30048
28928
3759
11655
1098
13378
5978
31974
27115
17756
20856
12966
24319
29918
13802
22213
5029
11631
25309
15916
17911
24149
13799
11857
15787
10872
954
2717
7312
18175
13642
21365
13306
1549
8605
9255
10969
16130
5698
4020
15844
10335
6001
16031
7303
22722
29433
29262
19016
8915
28125
29924
24889
15533
25472
20144
23205
721
8106
17402
22874
10301
18157
16252
4759
32412
24165
8804
30962
3050
25937
20491
26258
16135
9068
16615
24930
13797
3595
28577
26954
4142
18866
23723
9003
25601
8960
12706
188
20337
16537
22320
22357
3579
3378
14474
5879
25217
17049
20403
17079
3729
21293
29032
27902
8461
7397
25222
22681
12351
28635
17534
28543
28721
28781
8820
23633
32697
25807
17636
3921
15060
6499
28308
6217
24320
11360
25345
14254
20666
14526
11833
12600
20965
16641
18472
12412
6460
11768
17627
18213
23029
14057
29426
11147
13271
1739
8540
23451
26859
12927
19365
1001
500
25841
58
4169
31971
14606
10788
8827
2918
24923
32345
2266
4120
17119
5274
3340
23869
30559
24371
14233
17558
7065
1734
12684
29935
8572
32377
9763
11446
28323
6309
9885
4522
14288
13391
10265
19095
16835
21800
28609
31653
24419
26944
14297
22353
1647
18366
1690
17850
10505
23959
18334
4367
19208
294
10458
27238
19684
12674
28586
12076
11308
5655
19269
3433
2871
18346
30178
19923
27580
7738
2639
29301
12456
31405
3333
10251
5591
9036
6952
11262
29528
19474
30717
8464
23088
8538
3228
20655
4436
8092
16988
15586
31292
32319
9064
5044
19033
3012
3298
9778
25165
4228
10122
27822
14266
5599
26598
1774
32532
13194
22156
15253
20906
14499
26087
9612
10089
14699
24948
16492
23881
20398
20272
22819
10359
2463
26955
25107
6193
5986
18795
22611
23800
23501
16844
16275
19757
12111
8666
12707
15193
11277
655
31943
25413
12651
8032
13116
28409
32523
15305
24896
8949
23197
4213
16631
8500
4590
14296
3857
26490
15952
10783
32506
21716
2513
18260
18509
4623
5827
25689
21406
28824
24794
3856
28713
4987
31542
1606
30414
6279
19172
23262
27078
8043
10785
21121
24983
15464
19406
8113
28134
15556
14158
1812
23786
5431
8691
24249
15206
30814
6141
29471
17719
12965
28996
15134
30843
25207
11295
10103
28981
29186
27770
32753
1059
12852
27562
11181
23814
12441
19756
8726
11908
12799
2029
9613
3335
29561
11210
8212
24265
30979
29408
17605
1906
28467
19736
19117
20061
211
27084
15462
29680
6467
1198
25238
7378
25392
12166
23981
26059
11343
25880
25322
22447
22914
17596
25870
9230
1792
3514
22444
1553
27083
1767
276
28774
5910
16560
32539
21106
8914
19819
747
14774
11323
22430
24046
28735
12215
13944
10462
19374
26403
17943
2447
77
12595
29018
32743
27811
5990
27572
22397
27895
27193
6655
29052
29071
24335
15476
16496
17252
18522
8180
29603
28698
14784
28095
26296
24745
7242
17369
12733
16962
17015
19951
24301
32131
29790
17085
27694
32236
15722
13145
26457
16999
5057
22672
27138
141
30948
12271
21655
17811
1957
4813
23607
4319
3588
7606
10476
25953
5001
28914
31251
19245
25743
11622
17157
14520
21356
23931
12547
18324
22674
15892
9233
3471
23981
8918
20835
3438
9055
25064
10334
6809
21261
11427
1713
18075
12540
10908
23233
24717
16139
5712
1998
6005
19349
16369
15039
12935
25960
28343
12510
31044
9618
31013
30297
18791
1499
31149
27597
14155
29705
21820
24714
29791
18440
1172
11475
799
4390
12822
7364
10766
27009
31390
8717
25043
17813
23020
12355
30883
29971
22033
1532
27781
20821
23519
3017
31578
3396
30522
21223
18586
22561
14792
30448
16771
15362
24812
21081
17061
20197
8853
24665
4724
15977
20020
18951
25242
21752
13357
28261
24027
3258
27435
28139
22549
31376
28596
2366
21921
11402
12137
1452
19994
27551
1074
9683
21242
916
1897
18614
3375
30354
19809
17180
11030
9553
9450
3230
24176
8464
9598
466
17723
18241
28968
8646
437
27894
5829
16567
4414
8942
19584
10649
2478
24330
16267
23965
30703
23389
6969
15266
27764
29129
2839
31467
11231
3428
17336
22072
9133
5340
7100
18226
27383
29064
31459
5566
6797
12905
16616
32133
2835
2112
25843
16214
11136
28025
2392
20079
15477
27376
24110
16959
24447
10176
32538
30285
12177
24913
27897
18250
16990
2855
4321
31097
17889
22828
7796
11010
19353
15160
11015
13689
26432
8537
2182
32667
26409
922
3119
31700
7337
18193
3249
7171
6856
16756
17448
5525
3057
26162
14352
31277
8147
25476
5191
6976
23551
18427
1345
1325
15597
28194
17501
433
5010
24511
13752
8292
28368
8377
20253
5594
8863
24505
31247
23150
28552
17218
6771
10337
11184
1667
15996
10729
22218
7165
19324
19348
27942
10794
28911
20270
22765
26553
4825
24148
3823
29072
3513
768
3975
128
26595
31802
28024
14227
27831
101
3174
19179
25080
28755
28174
16836
10519
2843
264
25637
9682
23146
5644
32386
21975
7154
19498
20303
25250
11587
24013
31521
19082
17293
23612
14851
25311
26728
12799
985
19558
4687
19094
6898
19919
863
13768
9173
27484
31209
2422
11646
29934
31084
29093
22843
5175
10478
20429
9875
2573
24468
6783
17717
27367
20987
23940
11367
16955
7163
941
21693
29923
30888
22972
111
562
7020
20465
9463
5209
26589
189
31601
13491
30897
593
7984
16522
6095
583
24566
31676
32035
14123
13235
4568
23813
6063
7783
4391
32733
1583
7511
15225
5647
27753
31191
10986
25589
10862
9463
28253
8562
16003
5131
6479
9303
23462
2352
26025
12627
14812
28341
3123
31616
28191
32714
13057
21114
17350
23644
13349
1820
4686
2092
8518
20197
9698
28146
17142
3076
9757
5166
28473
30817
20586
22851
26274
22445
29094
4747
4677
12377
19455
13611
21540
20776
31887
19892
5936
1093
2862
20169
5206
18774
2766
18022
11641
14503
31310
20513
31326
28938
6221
5064
22154
8813
19188
27615
3273
17944
31395
8859
23922
25150
10534
14574
22012
16856
24661
5114
7670
17634
20694
27057
25327
18903
27989
15251
6281
29857
18544
30847
27434
21087
3659
29723
3786
26098
26153
32095
3564
31843
27522
19101
14441
5351
9929
6986
26700
27180
2706
26929
8644
30199
12163
29212
9876
2790
20363
18127
30464
3484
28929
14057
10296
10207
10466
16345
25363
5756
19053
4261
16264
1050
21071
10056
2979
16290
18462
28739
25123
7675
312
20202
21782
29014
31481
16650
13924
15881
10140
23882
17746
12507
32141
23956
25763
12453
1108
12819
17352
3296
19254
27830
18854
32493
11672
22314
12488
17738
2668
5238
23546
19242
27194
28459
13056
25330
17305
2662
13834
1148
26298
8486
22136
1992
18580
28757
12534
10370
23444
26315
85
30525
22365
9453
28599
2274
2843
16371
10636
27036
31749
20441
15254
16578
30018
125
19274
24090
31348
28032
12187
15380
3890
9921
10455
4124
272
14489
3449
23558
5403
26329
20286
18709
10181
13866
17727
22087
7379
322
17709
30879
3483
12117
10351
3750
30059
11063
883
15759
3162
15216
244
19530
17264
12250
22651
3993
22554
996
22118
21469
11965
29372
16836
5393
3517
11555
19104
11802
26237
6030
1249
16097
29524
607
13647
22791
28601
6926
10709
10959
31920
32525
14235
32260
29873
16696
21644
19655
14220
29849
2810
5778
18392
4561
19720
26736
19208
3742
19285
26304
21179
6666
2904
12931
6540
29533
15849
21318
15082
1652
17973
21338
21424
4572
17018
26328
21396
26478
9977
185
21625
30184
16679
32433
29888
9120
21984
25238
31591
2810
19337
3268
22627
11406
4338
32072
20486
8663
32620
5764
21358
32204
10615
1655
29912
29341
30548
19751
10427
8257
18028
22300
7145
11664
17052
21247
22256
2921
3842
15587
23830
26276
29838
14466
7945
8511
16917
12363
8724
11784
4975
5761
22868
5884
21942
14135
31031
4117
15767
11226
21174
185
7532
16707
31078
24128
13602
27013
16401
10093
14361
32670
24619
25109
20284
22798
12091
24823
18325
9239
9627
26023
8240
12795
12343
9719
30675
2668
9371
15658
11838
19551
28378
12207
16297
17415
17280
12762
6751
8300
2378
20714
14617
15009
912
16828
10396
12101
27879
7206
12930
20004
13617
20056
27322
20819
30800
2180
19154
13310
26215
22624
23481
15912
13093
3974
29657
26124
14463
24963
6994
28967
8361
23755
25143
19355
653
15565
22471
28129
10789
27204
16690
29454
16675
8277
9897
22489
3234
3798
4129
12501
29006
1305
8224
11966
15940
15292
17241
5434
18143
25069
32007
18860
16644
18478
15642
892
109
17491
836
17235
14766
32477
16296
32166
2808
29127
22597
24702
5439
17345
30173
28572
30772
17385
30192
12779
22803
22781
17097
25640
10425
28029
9981
25915
30190
31448
22849
7042
28633
23313
15581
5723
25616
30977
2990
18028
15988
15314
20102
11132
21111
25150
11999
2628
18892
2715
8246
3612
3949
31543
26697
9131
20343
7142
26925
20136
28550
3683
9099
27355
22323
15234
27938
31733
11259
7901
18817
26088
9393
8923
32533
5828
21232
17872
18259
21265
6049
3109
10835
13229
20101
28545
24819
1766
15999
16902
2095
2125
6091
12728
12612
4036
19986
25377
9158
11046
10568
30104
1089
17714
2089
14676
15725
9281
19641
16350
21740
15268
23374
24888
17656
9971
9206
18360
2703
894
24610
11227
14668
18208
3077
846
30093
31384
8770
6811
497
2473
15324
12786
9969
28255
8495
12066
4421
5848
2308
24805
1079
5100
24462
4368
10754
2454
26997
13045
26630
194
3241
5908
8838
3475
31548
1752
15653
7013
26501
27888
27893
1583
32612
21896
90
4831
30236
3398
26896
15749
18431
25293
12703
23150
27298
31489
14385
16900
23023
981
4311
19883
13477
1197
11043
21843
4441
9709
18965
11747
2349
20888
24465
10440
30115
29302
7169
25382
23757
23443
4914
27031
23900
14942
22094
2789
29829
13743
10836
13990
10357
31304
9787
10799
7581
20664
15227
3011
21252
21768
22846
22229
6931
30691
14625
591
22543
16944
16999
21100
25906
25211
28687
4779
20713
915
19054
3531
6769
29946
14881
17548
7453
25757
25769
23204
8627
30757
17982
9175
1670
29040
31233
23939
11320
15627
19103
5173
25148
5959
5017
12844
27570
2492
23206
14086
22907
15907
11596
18238
18748
24803
2006
17702
13899
13583
25534
32239
2202
3828
19549
28681
19494
22782
31439
14344
24198
3383
14590
26152
26315
12676
23019
31620
2492
4200
10467
12106
31420
7397
2740
1597
21682
9361
7970
22529
3538
13468
21390
17704
30690
31252
10604
20089
24280
9983
27071
24667
30097
20755
3164
16960
19813
11462
31582
21970
26180
13619
4496
7047
15641
5393
30530
23805
27231
16751
23025
31394
25471
19209
9550
27294
2772
32246
106
13704
21848
14001
18202
5885
9999
6501
5084
5588
21
27296
19380
4778
8771
15072
4821
23218
13581
14497
20817
26752
12516
19309
2265
269
13520
22703
2646
29513
5546
615
24606
25868
16881
21495
26105
8001
1473
14962
5384
18310
18319
8124
25768
6704
22582
13783
162
2426
25083
3261
22492
30920
13763
22112
20874
30836
14866
11808
25798
13955
29298
3057
31046
12568
2287
30542
5854
27797
22712
11466
8729
19913
7884
5030
31871
1297
32356
22773
25722
16506
18436
25615
26084
18876
19499
6445
2097
17815
14242
21722
476
8924
32293
5983
22821
14238
12178
13666
6690
16785
29203
16972
27559
13945
18853
23661
19737
12645
16879
32711
19048
22438
5536
11927
15836
7225
29968
1956
19669
17551
3034
1275
6366
2170
26192
24495
24137
2723
2834
9395
13155
25726
27015
2528
22649
28288
11171
25959
5567
24978
7233
20358
3873
28690
18352
4510
17113
6668
799
29888
1728
31674
1922
5155
11393
32228
31097
26816
28147
8340
26784
8613
24513
1752
28293
7877
8736
18378
1705
15351
10997
23151
19087
17297
12994
32080
3039
1892
25436
19017
4146
1377
26028
2637
363
27261
31387
27603
1246
17610
31574
32253
22466
21773
6811
17313
14841
19209
6902
14977
412
31554
18842
14136
27439
4191
13876
7384
24459
14734
9738
1568
3118
327
25171
15428
9938
10365
6961
29587
31116
5791
10988
16829
42
8629
19542
3280
21891
18746
2225
30600
28845
18863
22387
32365
8444
23945
11688
9054
6412
20936
20345
32643
3551
23494
23392
7721
20473
24108
22013
22737
23802
4619
10712
17781
22160
18691
25946
20683
8680
8788
28895
27000
18126
30803
28020
23769
3479
31832
19232
24899
29233
2422
25827
31784
19676
30123
18661
29828
17726
6529
17697
17580
14100
20258
27055
14109
29764
6456
25205
29901
6872
20103
7619
23896
26523
15162
9658
15994
23016
27813
28058
22916
7944
19079
14325
27076
16360
14254
29932
19603
8095
25214
26421
31671
9768
855
10804
2733
20502
22593
1200
16913
24787
23498
25078
14180
15088
6323
12884
7458
31
10042
25029
24313
18369
14037
23278
15006
6159
2956
2670
2496
30596
27696
13683
7846
17060
6025
21655
31108
25407
22959
12597
4508
18112
5390
5519
7988
15531
1807
21246
24429
26021
23999
14783
9640
15414
29555
6408
18205
26838
23535
25163
17310
31494
24158
16210
23224
21402
17703
16773
22454
25796
9557
22089
10507
5691
8000
24705
12059
26748
10533
5491
8338
31184
31453
13787
3336
13377
18040
18867
3525
11607
32003
17836
9293
17689
7239
4465
18090
21354
12796
25081
8717
15211
16025
27133
12396
3711
18097
16854
1626
23705
20255
25857
26443
26917
25497
26050
16588
9483
1450
7033
18835
27666
11031
30866
11324
15313
14550
1316
24012
8951
8351
13434
5447
5500
14039
21164
12778
3167
31295
19106
17322
20324
9548
8606
13821
32710
5133
10669
21683
18014
13108
1850
24091
31249
20554
15761
25738
30105
23313
24410
9874
21953
13449
11317
3565
23140
31590
6510
28517
10249
4389
26054
17323
19550
3967
32368
26588
26956
1399
10491
28468
23159
19291
10197
8756
28208
4502
6965
4416
26458
355
29681
27899
130
8256
28569
28861
4704
32564
12435
23625
3511
908
24699
14434
32571
14794
2845
27452
25035
475
27789
1233
30017
22069
11202
4688
22016
5563
29332
1869
26665
23569
22477
19826
29237
7
22457
28985
10020
9540
20780
26789
31391
31637
10559
32083
857
29827
8201
26304
8658
31569
21881
7649
26397
31386
2797
4859
32621
27990
27028
1423
28191
31994
24210
3362
26872
11814
30763
2604
10541
14245
22482
1099
3586
11756
4092
21544
31690
20886
3736
9818
14833
29796
27441
8233
31410
3926
20316
3983
3877
16488
2444
13551
17669
14001
14402
3886
13301
13694
14521
3049
20772
2371
21889
26985
28657
11284
18063
24482
32587
9598
30969
10095
19300
32016
25799
3876
23493
30554
18694
8429
11866
15835
3487
5215
104
15975
11406
18829
24464
10002
19649
22353
30596
5792
17689
27566
28957
31792
4899
13128
2568
1853
730
762
10009
12811
24378
13577
12984
20148
22889
17970
18405
28992
25344
7766
84
13113
15353
4543
28937
17870
11565
26440
25754
8138
29185
3150
18894
7852
25655
11733
29595
15953
18628
19553
177
27178
11328
26935
2539
7072
22943
17909
23547
8585
1994
678
13779
22119
25291
30683
29287
1880
12272
16766
19582
31190
28674
4856
19565
57
1211
10987
12105
31371
23421
28506
32675
20675
7993
29834
1334
2255
30838
21288
19768
7774
31034
28083
11245
22749
15336
4183
17409
5676
8371
21926
12153
1314
4691
79
7549
26084
25720
23078
24435
20312
2192
9783
31081
26281
21123
8396
26558
6892
24178
22831
23987
13084
10383
14242
14571
32614
7104
10375
11610
24298
26216
7934
18808
10213
1837
14075
12429
4028
32367
26416
21027
18044
19402
9140
5276
27600
22421
21686
16119
5250
13205
11660
5713
15031
15395
10684
1559
7514
29580
13675
19664
26778
29149
13356
29799
7655
12867
3431
30636
4908
760
17270
24874
3875
6437
9548
8246
14966
14751
27504
12693
5217
4219
32613
10118
14684
20045
4767
3806
19010
1141
2833
23299
18514
29553
30687
20041
32511
31778
10176
20048
21730
10280
13793
7762
11416
11994
6461
11555
9822
29631
29271
8674
777
17626
16366
7539
3333
29415
18863
14010
18759
0
10443
14618
20939
3788
6549
15563
900
17666
18322
25966
4509
18445
5615
18000
12279
32564
12354
17773
26586
3492
30679
7010
3106
32081
13403
12877
28066
20562
10887
24264
5639
22101
472
21771
22509
25794
26128
26520
4439
3451
7876
22877
2283
9648
18453
24083
5405
30509
31029
7204
29395
11996
25083
28711
21344
4525
17286
26049
1708
26792
6312
29482
25675
24243
28458
6474
25363
2736
21259
10290
16604
27718
14292
27851
28655
14448
28017
14730
5557
2629
2224
281
4737
12843
30467
5874
26557
9119
29124
29236
32041
11142
22677
1058
23403
14216
7191
4695
22007
14939
23640
26224
19571
25315
22500
17386
23352
27616
913
3724
2091
30302
16770
1600
22790
7309
5673
22471
25191
19249
24883
32403
13704
24871
32603
31176
12580
25930
32665
28412
31216
21972
6979
15676
25871
8117
25594
13233
28939
28743
23899
27833
10611
18884
20914
5397
29583
7631
28075
10212
12991
26937
13243
19934
31793
25463
25283
24727
3634
5702
31515
29441
16421
10159
11727
7383
2542
31491
9532
23089
8430
10662
18116
29708
9028
10648
4098
27092
27153
16500
18743
18960
6445
13504
27400
15008
15906
9067
26038
8481
423
17056
24876
12773
22192
13284
20370
5584
26396
18182
20611
7388
18755
26885
12259
9290
30075
4737
16721
14443
24591
15956
6927
1581
14839
2075
25468
23460
5415
9925
29793
18587
15304
28381
19583
12042
27412
66
9549
16134
26265
24933
14608
3246
31070
21736
6457
15808
25373
3219
13803
3000
30470
28930
8794
16494
27614
19701
2230
23284
18394
13107
30961
16196
31027
28037
32116
4653
97
6779
3556
13381
21450
18051
25177
25871
6602
15673
8108
15721
11347
8904
15389
27088
20614
743
31482
21990
30638
22208
4916
5654
16193
26428
19441
1411
25294
20647
26407
13622
28677
7069
29348
24927
19041
8831
19662
6567
22785
24234
6874
25202
27241
32592
6739
20710
9386
14410
1288
32139
24827
11825
7635
1601
25328
4948
10201
7845
19884
31468
30286
55
2084
5288
1119
28979
6371
8105
4065
25490
13993
17631
4420
20750
6334
22507
12560
31937
16250
4856
12211
15107
32227
16827
29711
16872
19091
20452
3845
6620
15866
14520
31216
1340
24715
4578
14344
30873
21892
13706
12828
13735
4152
17639
27524
12953
11004
314
9970
3425
18714
19086
10404
15775
14023
21796
21635
22377
10716
8768
13498
16609
19060
3783
2077
1621
6419
21962
11200
4230
29282
15693
23052
19669
348
7508
10739
7253
19081
6364
451
23818
17977
17814
10437
17363
21807
26519
29844
29763
4674
5447
30664
17653
6679
31652
27422
2219
19064
5458
23141
22688
8607
14061
921
30639
20532
10180
3051
4126
9976
20068
7685
5379
9580
28511
5132
26089
7499
28739
6867
28643
5390
8852
2142
5714
12787
30293
19665
26004
26366
27349
23610
16777
753
6427
15934
12086
14653
25117
22569
5754
19744
12266
18889
18004
15341
30202
894
17019
25396
13008
17085
5673
27840
27014
32068
27026
13886
19218
32495
23975
31234
5304
7750
21249
29659
471
29122
26110
1265
6962
3257
1848
29556
11958
24483
28690
25688
13671
1351
28768
11560
9838
29594
5380
8310
11778
12297
3894
9869
19631
23102
7975
21991
22786
10441
18126
32572
5952
20034
29979
21830
25153
7019
22348
21506
27616
27373
16892
4538
26856
3272
3649
12007
13105
22869
31954
19039
13155
5946
15506
27082
1314
30325
24706
4236
19657
25494
30557
29859
12006
23643
20610
31919
8687
28392
8750
7741
24023
18276
251
4234
219
7149
28958
4921
22177
30291
5426
2741
2941
18070
21326
27190
23440
1833
3121
15582
16386
24509
28170
9025
31197
16117
4790
29969
2301
5408
15207
27458
3351
22107
21526
16013
29593
10625
2772
17269
9081
13568
17152
5055
10591
15672
17550
22744
12530
4025
14968
20013
10982
1337
22536
24473
25877
11711
28178
25390
64
10660
9982
4001
24524
10894
26599
13230
5515
3764
17754
31633
23245
16921
11394
1167
16873
13118
15279
17348
23219
2355
14721
5083
29054
29402
29972
4144
18448
327
12773
20962
28735
24792
170
14056
3392
20019
20079
30861
3685
17761
2137
27553
8236
21010
7415
22061
16250
17038
17787
23259
17993
18728
27449
1684
28803
31772
18163
31255
2697
14581
31557
3140
22519
12105
30574
17290
5899
32540
27948
21718
22655
27216
19993
13020
29435
29269
30916
17365
9493
16070
24890
4589
26129
6203
32517
25521
21279
19001
29498
4526
24605
12464
637
22217
9410
3931
13670
31568
20258
24259
26637
12393
8478
5087
25755
8284
514
23031
4516
32237
10619
32679
32166
19393
14096
8541
31678
23627
29278
24996
14978
15048
4693
4423
4786
16848
16647
11307
10596
14332
29426
3568
30105
27866
26454
8082
27609
22643
22169
22291
31693
19343
19462
19568
19490
28951
24980
23338
19365
3862
19543
10585
11205
5284
18496
27035
1482
29706
4148
21903
28284
29138
17045
8665
9379
28802
17389
31969
9079
30219
20534
3371
4499
19552
9323
17578
1531
5101
16115
3149
24335
6702
25030
25230
16231
20107
12236
25273
20489
10080
29186
3052
25694
23295
16174
158
30704
20032
10838
15301
21532
24389
26077
25720
16458
25188
17685
9549
11243
1096
22820
4215
28148
1963
25143
12102
28433
31440
25948
17086
19458
11694
1140
29179
16089
6156
31556
32682
20220
9350
7607
10618
31374
29455
25793
18881
7734
5156
12354
158
4436
20270
27051
1625
30745
22476
18789
28450
27748
12178
4887
5731
4595
684
18548
10129
23121
32327
9222
31517
13453
28514
12304
24368
29784
15406
14693
6863
20584
5033
3328
21841
19025
14672
11511
14540
29192
21951
14501
16670
7662
18751
22959
25170
8278
1454
30572
22164
11159
20626
12965
9866
9079
26289
17552
15245
5189
3361
25009
11435
28831
11102
8885
12851
29719
10732
143
31451
1948
15277
17473
3314
27097
9919
3335
14270
869
15853
28775
21677
3749
29933
26293
4209
3636
21707
21726
26178
23849
7297
15854
4149
14279
8772
27583
12754
6566
12331
26307
13211
14118
31629
20762
11301
23711
21698
15750
11795
14413
14749
11398
29986
6487
6432
1526
15784
29032
13157
10695
10900
8090
14372
28931
26170
7858
25698
16261
17296
1895
32548
29967
13319
15785
13249
7472
21099
32008
21403
19722
6320
7553
31242
7347
14558
21290
10815
11885
6844
12509
30208
29287
22465
8527
31544
9104
15666
23458
18574
29600
15356
32526
20610
21784
13069
2718
7409
10426
28967
28360
6242
25516
474
16735
4452
22435
14427
31350
15747
31289
25341
2555
8398
27668
28473
14178
28883
22979
32105
1490
994
30415
10102
16711
428
14306
26251
7828
1033
28048
8346
10291
7497
15400
31271
21651
20252
22984
19926
27258
7885
29907
2217
3605
25592
21382
23415
688
2285
32470
10293
11332
16688
4813
19075
13819
2469
20754
18249
23637
11186
5248
6398
2218
27508
6323
3601
2712
21148
7527
15168
16930
20737
19506
18495
23220
13990
2947
31337
1634
7594
26851
2823
10162
16776
28180
32672
12495
3488
5056
24024
5858
5709
25191
11292
20296
24614
8665
13039
28318
30681
11498
11037
15215
11570
32127
9283
9806
23820
22880
7767
31796
12608
14349
12138
32527
25405
28815
14765
11483
20620
31215
28276
27771
5903
10479
25450
12441
12251
32648
17795
17922
26942
28990
16345
16825
2652
5973
28909
21816
6915
4592
13526
20647
32487
16407
23872
21572
19928
28323
3777
32463
2558
24842
2488
7292
14961
29353
24705
26614
22287
28215
32521
31193
772
15571
2375
19418
25526
7479
18262
25560
939
14145
21216
22797
2746
27606
6852
2101
2499
28216
20307
17165
29779
7272
23762
9048
6795
23550
24323
9619
31842
24654
13775
22629
15845
19643
18203
27420
1726
28172
13475
28773
1081
11859
24933
19547
26666
13815
6461
7818
3622
10185
30371
1786
5377
16669
8477
8179
21827
22916
1838
29893
3037
31419
11404
7937
10626
19379
22876
9456
8554
6315
18045
26279
11664
17380
30479
25159
29036
20653
4872
31206
20909
5758
6680
29167
6589
27502
24217
15230
26048
15612
29797
12245
7944
16780
25501
19617
19660
10817
8144
12158
20021
8907
6362
22950
14674
20895
30248
29438
24152
32122
6008
1125
23966
2612
9507
32681
22621
19166
1733
14401
1826
261
24430
15778
3283
29042
5889
3327
11211
27617
1891
15815
12798
13228
1361
27826
6577
19779
1201
9117
3073
15513
10167
2255
26734
17203
9834
29305
27281
17422
18912
11049
6381
8779
10172
19155
14829
29267
13463
928
22777
5382
4292
12537
1182
12141
30547
516
24528
21608
19436
23948
5102
4884
12598
23848
22743
1692
16721
157
10014
23650
17042
24681
16613
24019
29300
18915
19129
142
19411
13106
31408
12444
26175
5093
8320
8796
750
19930
21828
3131
18321
6143
19626
11349
24488
4094
21443
1805
22397
16434
11522
5270
3659
11184
13578
4395
1598
13835
32156
4832
10047
11231
19220
12462
18060
31591
32133
7853
31816
24946
32334
24452
22370
10653
29628
2068
330
29362
11251
17320
2342
28924
14622
891
19159
13165
23144
9933
5086
15287
7650
9352
31925
12294
25273
6236
623
22433
28662
12602
2087
17198
2367
23442
4309
12514
23984
13181
17268
1611
13579
25137
28811
18214
762
19570
3122
21301
22139
3901
3197
10902
13594
8889
16098
4613
1199
17865
14874
9350
21230
14852
14134
840
31598
5768
17430
30981
30595
18642
11312
7190
1272
1726
10533
19987
20151
11356
30749
15275
816
5766
15831
7854
12805
5537
14214
7827
213
2726
9515
2614
27631
2435
15471
5561
8883
22261
9377
19434
5799
17581
13790
15345
19453
23953
1535
27741
29464
5875
28169
14995
17359
26705
197
17483
3199
10642
3186
30968
5325
30365
16400
26094
1260
14164
25801
6735
5417
9543
28897
22982
23209
32632
22295
11061
31429
5053
11571
21419
32030
20361
17695
16166
10916
8654
27985
26656
15157
32636
29610
19944
6190
14121
8707
14768
7429
13375
21062
14624
945
11432
23861
29582
26618
30053
29181
2120
15449
8490
30130
22911
32228
13907
12580
24323
18735
16490
14944
8695
20295
9720
29496
30666
19305
10127
5371
19970
4785
19257
18470
21401
17453
113
1755
2897
20426
1039
5412
2372
10778
15926
25110
26350
10438
11330
8746
3219
10852
24961
21839
6588
16585
765
4630
9937
15195
29115
32352
19793
30477
10677
23269
16456
12967
19712
14670
21978
18080
19961
20594
11538
31388
30709
4029
16818
15145
9324
7122
13470
10530
24437
18338
23902
28634
7872
2521
1481
3549
15590
7276
3237
6581
8825
6658
28518
8219
10452
11639
3180
4236
9928
17733
570
25854
5442
21328
26370
32040
8562
3358
27802
30143
25120
20421
21482
29975
1306
28621
23213
3202
6231
22001
19424
31889
20447
29229
14377
8276
18030
4518
6757
23063
16859
8473
7240
8952
27205
28215
23028
26697
32465
7182
11883
31533
16857
19164
8467
1432
11798
15638
28015
8556
20355
26632
9297
5587
4607
24525
22268
1860
25849
4324
28385
17164
23431
6886
11094
9076
8475
28158
24706
4800
27217
14736
9383
9468
31632
21163
27851
14935
18320
26598
11047
3870
15967
18631
4911
22105
6101
27488
14885
6355
3468
20611
30018
18744
30972
11234
16932
8455
31527
10704
32132
9306
10330
30002
1145
4000
4792
12365
21916
10485
6695
11667
28472
4583
9029
3470
10667
7693
29099
30628
4246
29505
1146
11235
10115
20487
28844
13992
1619
21563
7676
8755
382
15231
11431
26634
19497
24072
23303
20596
18680
14815
9535
20753
14287
30094
387
2986
25786
14166
40
19364
10976
10537
8333
11041
21445
20027
23430
32518
8755
29523
30525
2035
12623
24955
7054
30927
19619
8958
2818
11158
30289
32398
24315
27586
5060
20838
2889
10412
1566
18611
6132
10914
12736
11354
10154
28841
29486
26592
995
22337
10147
1435
28503
30455
1646
1148
613
13023
27266
17903
17664
14605
16234
1123
25985
15202
27205
5299
618
27593
31513
19922
4104
80
26321
17762
16874
30022
16704
15188
3715
13441
29799
6349
24628
18054
22463
1034
17849
29617
6734
3272
29922
27900
29159
5398
18302
9506
2798
20385
14988
21510
590
15616
29020
22864
2149
21447
31686
13641
5118
25642
10429
21703
14808
10494
3367
25001
24075
20891
23831
22140
29447
25944
12193
649
27793
14430
29275
27352
12125
7565
17994
20490
11060
7415
10244
2617
16158
32395
27785
17708
17170
23966
4247
2295
861
8344
25659
15289
10856
4262
14871
31657
7772
31641
21754
26189
16725
3344
11552
19336
11601
19625
28704
16381
14461
15700
31251
26344
2750
738
5101
5898
18720
26299
803
19080
28568
1563
8325
17367
31964
10841
24936
14735
9766
31238
29038
22351
30864
11513
19136
26973
13915
1076
24960
25697
12647
30845
24639
9894
18307
18920
23100
15473
25479
2552
12398
18571
10471
12931
12532
2610
746
15496
24733
22102
21402
32560
1350
11794
5395
24499
2049
3775
22838
4984
19157
28294
14335
9324
5499
11256
21737
14824
1742
10407
25895
30988
32723
9589
27814
21689
28649
28597
28118
7084
20435
23414
9609
8733
10965
10192
15992
19076
9043
7830
19528
27331
27107
24575
20222
16660
16329
13395
11971
2744
10913
108
6922
30796
18660
2011
5022
3811
7610
16745
19965
3847
3770
17529
26064
1066
138
14013
27675
19569
19215
14029
2824
27988
23148
10256
1864
25627
27111
18265
4615
25514
26933
867
8645
8588
9954
19200
5283
27706
18958
23852
31994
32536
18925
61
563
31057
29692
17509
5275
9534
8375
3519
24938
11173
24523
7823
30430
174
31562
15910
13583
18564
22752
22532
15370
20820
30025
5233
27109
27549
953
25940
614
4622
29031
1471
24981
16392
3867
26679
12589
23035
4297
1789
23105
2602
5622
26542
7170
10625
12921
8532
5974
11516
15068
7638
242
13109
29080
25595
22999
5581
22550
180
21910
15896
10777
9370
20131
12856
18762
2409
26437
18454
26945
12924
5686
20062
16468
4145
19868
16472
23930
21876
27756
23758
27494
31795
10536
21393
7167
24501
27234
19082
32287
27647
29639
11045
4352
12029
22035
7252
27147
25888
27281
9940
26025
27891
24439
21506
20249
23590
1980
19190
19154
814
21709
29
17282
11129
28490
4712
12928
7664
6301
6742
6077
15950
7971
18079
1146
7224
22603
14157
22793
440
17160
30621
17178
23129
25914
8273
32422
24275
28554
2087
26037
20635
20811
439
23540
4356
2390
12865
27664
28846
17355
32137
4150
32336
3399
7449
6259
27693
27067
28639
14323
27253
993
31509
24854
26468
4297
21185
18042
18350
11757
22435
24060
24692
4752
26534
11852
44
4938
18946
28785
26039
27784
18364
25061
14581
12460
9485
24107
1114
24207
14714
9278
30544
15545
13098
7524
17577
6441
19984
19167
15799
21206
31815
30765
12200
25579
21127
21112
24799
4573
26309
19945
11486
6157
3629
14225
6286
6166
12120
28116
20623
21964
15614
27751
30489
7523
5176
5171
32467
20851
566
1589
24357
20684
16533
30280
28430
7390
9103
29151
28091
31642
26384
25869
12075
25435
9322
1332
2578
3197
12884
27069
19532
9863
18596
20808
25897
5362
5325
30919
17413
6096
8083
13305
22328
2796
2330
1694
14671
253
16124
19303
28551
27758
15360
14486
28988
3930
20994
13791
1152
26372
13966
4885
964
15574
23479
23924
25783
20400
31836
10106
7947
13782
4192
10240
12444
4017
3771
13039
617
1255
21015
22898
2288
22004
12857
10428
11846
22230
351
998
7261
13700
171
25889
30510
18362
1999
31405
25169
20515
4977
20298
23429
23853
2465
12257
20057
19473
31789
12941
21003
7747
305
26125
15105
331
12503
29252
10806
3316
7544
19352
26125
25795
12253
10043
27321
21127
29491
24333
10909
22506
29928
18061
2624
14668
1610
6986
17014
15230
28747
4421
16068
9905
26047
5772
29003
12912
31079
11890
25719
727
24701
12411
5290
6570
15219
2965
19524
6127
10490
25854
478
154
12392
23503
18043
13390
16834
11342
11975
17897
21285
16922
18002
26931
22401
31474
1343
9058
29922
10286
26660
21397
22290
31172
24905
11730
16432
21718
6717
16264
27006
27656
20230
24939
24185
24815
25540
12519
2289
28949
20463
26847
25139
23488
22136
15370
9161
11055
604
17025
3356
3631
32702
4574
32663
17611
12793
23132
16081
20472
11797
8867
25673
27415
17491
27091
30835
2015
20423
4219
28684
12899
3264
20309
14683
20406
23727
5751
15920
22355
904
10372
24649
21545
18701
29855
25275
23467
5069
11761
4879
27815
16473
16222
428
18353
6256
8636
28074
15192
6888
5124
17179
2271
26261
8175
29480
21094
8570
7697
1928
26508
11897
11729
2205
16044
31858
22991
8494
11668
14756
20390
26032
3950
5175
17726
7668
28021
11720
22865
6543
2430
4182
21838
26018
16327
23165
32498
8051
27313
16375
5944
16365
5058
22006
30760
31776
4484
8948
286
13296
17035
27021
9814
24574
18641
8792
16675
18456
9972
1166
26741
29852
586
24097
3762
31392
27846
28553
954
15699
21066
17780
22873
12847
24171
27074
8292
26554
18883
4666
10012
6459
14926
32675
24237
5083
3441
31827
24978
19468
4005
21680
19216
1719
16941
4880
826
21421
30574
227
14176
23998
6830
1733
11829
32034
28993
31349
25033
31286
1443
23934
16213
373
7346
19636
13001
30786
11336
3318
1666
15468
20792
13980
8070
4530
4684
2543
15233
29589
12478
11021
17633
229
31058
22418
8810
9110
16715
417
19354
26828
23157
21541
22804
1962
3567
5755
29311
23378
27567
8070
23177
26351
21031
13261
17760
29516
10551
26134
28589
28850
15386
6038
20771
26031
25264
28304
16588
21011
23865
32731
24521
17699
7180
6804
7057
6079
22111
18486
14086
24167
9469
5429
1299
25085
24415
15690
25140
17392
30715
28071
14912
712
24503
27429
17499
25835
23729
20505
7533
9691
13846
512
28058
1625
26624
26662
13329
4626
4809
29134
21976
12626
8820
3138
13404
3450
12474
9200
12711
837
3102
10616
8208
10496
31984
368
1203
20457
14388
1787
15214
8510
30556
6714
15806
3310
15079
6836
26045
23064
22434
10079
31196
8256
9647
22894
4999
26009
18768
17531
13458
22740
7300
11913
30035
30900
13172
6153
4759
13639
1799
4101
2825
28368
3800
27881
2141
1891
13714
48
5141
18953
5856
28890
29459
32399
12096
11895
24860
20430
13646
12445
27219
9661
19768
17479
9546
16025
32417
26368
13213
27772
1433
3977
11921
18277
11404
5064
30539
31742
27129
9897
22317
26150
6835
16740
10326
16039
20026
8612
8194
18549
29686
14045
21040
12693
2191
13860
4127
7995
11652
8710
24200
19560
23951
14346
6939
26224
28432
10614
8757
23586
24327
97
7255
29143
8444
8262
24662
4576
27279
2361
9962
19157
26276
30842
7836
28369
4430
12332
8121
25724
10387
24417
14376
4057
2128
29306
30543
32313
20569
25988
17304
27318
18880
16544
26220
24746
31647
2289
6774
28377
32420
11387
14859
13781
32044
22877
18654
31365
4785
24414
1118
30632
9492
18700
20500
8989
12727
738
20624
25648
11913
18967
10268
7052
14111
15415
4189
3048
21468
31083
662
12976
6409
30006
3501
5946
31544
18365
8085
748
18197
29351
1160
27421
25561
17995
14171
11291
29743
17996
7587
3387
28547
2664
31033
3647
10750
1309
21939
10676
27338
31822
15154
4152
7645
23158
26646
19014
7386
6611
796
27444
17177
23695
14299
4020
7377
26334
227
11547
30518
27791
25356
1711
21275
22335
11369
14940
16517
10419
11449
19363
25984
11631
23841
7954
11626
17601
1876
12379
31464
5503
24447
31176
12992
12320
10113
32721
7118
20814
21316
24712
522
20092
7795
12744
6938
4624
25957
15781
4341
15857
31264
3436
31048
521
28511
18264
19355
177
24363
26569
4037
20598
15462
24141
24646
2189
2057
25889
7059
20764
11022
24278
2514
2783
28583
19891
15837
403
513
14331
15778
16658
8219
6941
16221
24753
27823
7117
22859
16651
20268
21060
23817
18116
2648
25304
25482
8011
31791
5873
16806
16137
27570
13436
5745
2373
8187
21480
8682
27977
21879
26641
9207
22920
15712
11244
3189
1978
3038
25790
26892
8233
15169
5439
14737
15621
7858
27873
21494
2285
15813
31457
30954
25017
1369
16152
858
31827
6178
25284
27623
21398
21610
9912
22697
27088
11982
1712
3172
18439
20278
12482
18363
17132
25348
21981
30131
9384
31758
19678
6332
22042
9887
15790
17260
29890
19121
12264
1312
7130
31535
5912
29537
13833
3229
31606
32311
30047
2604
19008
30911
4909
25749
24376
692
8960
16333
14093
20184
5659
1677
3233
18989
27345
6904
24638
25024
9707
22105
27013
24638
23989
8968
5746
27876
29727
31269
7248
28798
32118
56
9637
29418
14063
12297
27834
16210
26465
1006
13543
3596
1758
18951
23065
8177
15144
16153
7218
3408
31308
8002
22673
19851
29225
28353
20583
28602
11989
30299
11647
17192
14215
19124
4553
6067
608
19296
3744
14156
25000
19909
10336
15659
17527
5705
11880
23733
11273
3199
1818
21912
13233
10521
24320
2363
5387
12235
18841
28594
31453
15423
6462
6783
10450
23519
1555
32243
5430
23999
22229
16518
11336
27903
28761
24973
5401
29988
20717
30957
11535
9884
5480
30283
27875
3150
10580
29590
14693
6068
29885
5105
14469
447
13183
14899
16242
31270
13810
801
26406
29025
17302
29067
12035
32310
11746
10519
24221
11458
28852
25295
5836
23976
8664
9082
17244
76
28150
32087
3941
20114
16217
12457
20784
25582
19792
14113
9245
20016
13923
3871
5989
3730
15816
29943
30713
21312
5796
4009
9653
28111
7835
11167
3835
28663
28210
10806
22802
31104
18004
30626
8613
15613
7102
31039
32361
13619
28657
14779
3601
27945
32192
26174
20995
30871
2282
11183
25284
12116
23799
2240
23457
22124
14177
19772
729
3723
16702
24651
5435
8563
2195
30767
23061
29046
8803
17801
10711
28943
31914
2876
13828
11732
3043
23690
16973
12356
28354
31419
24493
7436
7256
9882
27782
30601
23539
8501
1057
17678
26901
565
13371
1917
8414
13856
21083
31675
1915
7914
18975
30934
31510
27921
18566
821
31630
19983
6343
27917
10685
16079
18144
27716
21922
5814
23562
22931
4746
20715
2579
24119
21486
18930
17247
27347
31136
10075
28017
4704
11439
24588
9310
21632
2870
21811
18933
24096
17177
2294
24168
24790
13160
20088
11256
20804
29500
18264
13490
6168
20549
31605
5407
23782
26719
11781
7127
2368
23517
21112
29782
9198
10457
22998
4097
1190
19492
19599
12472
31879
27282
30645
22886
26069
16032
21552
10951
9317
1868
17632
8223
1395
31977
21020
4147
464
32018
484
27827
4494
23573
3756
24626
20167
124
11405
8972
32292
22403
13170
25182
25852
4443
17453
21983
17025
11106
15482
29314
4270
14374
8546
13075
19459
23376
6187
28919
5635
22890
24206
3815
8680
27908
24620
27098
31894
841
13951
508
30985
1572
32247
361
13534
22360
17891
10925
18588
20076
16923
1757
12723
18299
26108
27928
3903
17204
9191
26458
16310
14180
312
4858
8135
2071
21038
31166
7491
10791
14961
32568
10410
1608
28703
6171
14208
24773
14460
15669
5692
10945
21483
9082
20234
5700
2244
26961
29090
20831
13608
30634
14259
20419
8509
24369
11418
8396
24154
32509
26026
3077
7761
24695
22958
31719
20922
27396
21885
2854
14895
19410
6895
166
5226
12934
2245
4479
15533
29049
8706
16966
11591
20555
31383
31344
14013
19578
17598
2264
20421
9658
16054
5332
14185
19706
32304
5164
18699
13548
2401
27827
6790
26466
4393
31991
20550
15264
28580
13447
20837
3040
11906
13503
5207
3178
25164
28121
17447
17981
11595
28645
15969
1023
19321
30723
32225
4832
12944
3999
15718
11415
4628
28622
22935
18538
17248
21940
28668
24964
24195
19500
23234
16215
23740
22614
18828
11783
8691
16000
28090
5425
17501
28833
8145
28380
24016
24586
25295
7916
11488
22682
2048
3125
6140
8520
6205
29469
22095
9095
8712
20656
18941
2437
24366
10536
20716
11101
16595
18042
25876
5728
21642
1415
5703
29184
24510
19803
27150
27973
13122
13168
1261
22808
6064
9261
14008
16300
10403
16538
27962
32410
30312
1382
32732
16431
18595
29118
6834
18957
15131
28
6368
30563
17898
15350
24096
9916
9365
18686
22032
28972
5048
25448
32181
24972
29706
7479
31554
25451
26596
23664
4239
29526
24934
27048
28881
31396
31606
8166
22055
23668
3515
26179
4291
15537
10017
8812
11286
18693
18812
1442
6279
9423
1142
22254
3540
28321
19221
7062
20514
18422
16498
7207
18399
6856
19044
18867
22755
9642
1981
6934
15163
12487
14490
24322
8451
24904
17567
18505
4276
29212
15722
2078
24282
16426
28051
10398
1231
1846
22262
32086
23138
10714
2748
14676
8620
9246
10667
3865
28515
24811
22552
22908
4554
6391
31014
17520
24271
24440
5812
30640
7168
14355
24550
18954
1406
3390
31837
4041
27179
21193
18029
15454
30708
31393
21296
202
21656
13578
30369
21125
14386
22625
31673
24497
26974
9854
26850
14893
13902
28558
13884
13094
10226
8009
3070
10120
16654
16208
18680
25940
20317
1132
6620
12553
25341
6911
21643
5262
20384
7913
30129
18082
3576
16096
24395
32447
30262
7219
1105
26118
15322
11340
21932
824
22876
13709
22350
11064
11071
12963
16206
15723
12985
1344
4376
30201
16240
17630
23454
2996
2535
14336
2275
11335
4959
24456
24560
19278
28918
11689
20763
16709
5857
25665
7094
31899
26453
22599
3651
20420
6580
27623
14616
27161
1995
24513
2102
24288
14754
17918
21825
29812
2347
25457
5295
6685
20982
12806
27385
132
850
7938
24166
510
11124
31715
15884
25624
16448
6074
1900
8147
18978
21493
22269
10484
2421
14152
15309
30046
15727
2028
16360
22946
20095
555
24952
31560
27171
4466
17048
25184
28338
11611
8459
11167
8394
22266
19908
14589
23971
20072
5238
27190
17652
6661
24959
31728
17475
6455
30499
13464
4206
14914
15475
6663
7782
13754
27749
17677
21875
22879
32402
23140
7418
9245
2700
2858
32024
5615
9414
5253
21600
11942
22406
11054
12499
8670
11840
11692
21462
8534
6029
13139
21187
17545
452
30281
5229
12088
30950
8829
537
10962
29521
12075
6692
14320
31254
14793
14709
6405
23470
28410
407
3785
21254
21149
5563
12906
19158
18724
591
3643
17349
13393
28084
16142
32718
31389
13364
23806
1537
7160
19577
21775
12214
23946
16811
10358
17757
3662
11286
17112
15212
30966
3693
17634
30288
24227
20377
31860
6243
8040
19091
17920
4248
22092
11396
30499
27653
28231
28849
7294
15003
14038
15470
2211
26242
3119
25382
1018
4974
17843
27447
30830
22109
13884
18569
6819
24248
27684
31418
22837
22850
30385
29814
9462
22634
27679
23377
16268
20377
5365
1722
5126
30527
25302
5744
16918
16004
1244
2649
21352
5734
20402
12398
15516
946
26469
7460
12638
18855
7244
9044
19144
1194
14407
21318
27109
23160
11815
7813
25953
16793
11842
19608
31194
12699
6122
7539
13060
3546
31327
5185
32029
3623
10313
734
8635
31933
18955
9741
10368
5353
31431
18820
26531
9983
20208
4016
17000
21057
23395
3418
27012
395
7034
18798
16582
29105
18640
27498
17540
9728
9594
9864
5578
16562
8692
31136
12737
17669
2346
881
1829
22924
7806
17771
26293
1742
9910
26999
29592
26790
22017
28806
10088
8058
3942
1544
29786
31822
9731
25512
19219
2357
1326
1088
5641
15604
28978
29457
4921
12746
7049
5116
1295
26762
6571
30410
20080
2545
13589
4197
16526
30036
27936
32353
9248
30224
17570
2647
26385
31781
32683
20304
10100
15156
2060
4619
18985
21315
17246
28277
16679
32464
4533
4296
3747
8038
4250
30899
12170
14346
948
6996
2274
5795
16048
4955
9918
1855
26976
13435
25516
21923
19108
13785
13418
27230
10936
16763
15901
13896
6584
5025
20138
9162
22819
6559
24442
25142
27486
3728
9061
1460
23394
26168
21913
16664
32279
24683
27308
29312
23281
15482
23174
18672
22251
2584
7932
28350
8018
9480
31874
18420
3923
22117
3779
18119
7290
21626
9108
2747
24954
16877
1383
7878
11755
20316
26121
23002
16271
30402
27407
3898
1242
30826
7011
2844
3606
16366
29095
17833
31171
3035
15341
1067
3041
16020
4685
4337
21761
16847
8247
12593
9730
1632
30679
8837
3375
3040
19966
25009
9824
19804
10401
24540
32580
6379
7679
21586
4165
5279
17188
18172
26176
15711
1852
13648
31709
21678
3950
7691
250
2958
27984
25161
7753
450
8914
18848
9870
10532
13052
3972
6220
31309
17210
26833
23182
11199
28157
22285
26604
10723
19243
12599
20913
27629
18384
19649
3822
353
11815
30206
9967
12914
28767
10956
3169
4803
28872
32259
2472
2461
12504
652
271
22468
27029
12587
8994
15650
1322
17962
9521
30553
28371
18558
7293
17690
29450
31651
617
28803
28256
24334
24514
16707
27944
24372
28575
25223
23652
11249
30608
18330
349
16141
10948
9433
31970
12585
7319
3907
20698
32715
19407
23186
23310
670
9985
1498
21794
27206
31619
15902
6239
22480
31670
15292
31513
15734
8276
21068
4903
6254
16309
26722
21859
29181
16108
27555
12587
22022
13925
11680
2812
694
2305
32717
22422
7815
18796
16450
17663
4898
31115
3829
6207
7600
21431
870
32160
3821
9183
16680
23608
6043
7361
26533
20382
32176
29608
20326
2533
4398
9924
2761
15441
16440
23118
23312
14491
2094
15324
7584
31351
13616
8656
23798
21201
11722
19306
62
2887
2059
6170
7316
10614
16186
17971
17287
23289
22860
10612
27558
3080
31475
26562
8841
31598
15877
29463
8711
6257
4336
23795
8771
26898
12697
19057
22368
3566
2809
28340
15600
12746
17534
28652
12997
11550
19495
32380
13855
3235
28053
26425
21267
23847
30378
26305
19061
3522
11923
18616
8980
6749
15816
26449
19703
32556
21537
17437
20608
18293
17729
14236
24787
28174
12336
28126
28367
28490
32569
22486
10044
19522
3051
11647
17854
32069
6374
16092
9523
8916
20768
9729
26394
11135
31217
31594
30739
19947
20916
11378
8681
30083
8793
2574
30792
14763
15883
20153
21731
8542
30697
10119
21405
498
21946
1915
3120
17034
7724
2528
1730
4635
15738
9794
12435
10267
7419
16890
2669
188
21406
24693
23719
19852
16043
20383
21712
6884
10959
26303
19035
22398
4271
19916
30655
15412
4119
9225
14251
27303
6540
1678
3147
13875
17644
5569
20059
26345
18942
3797
22249
19886
10099
22505
8801
31438
3407
5730
19782
27348
1131
29080
18732
29792
23675
17560
14758
6310
13745
10734
22132
5856
13085
17856
1504
18216
5350
10740
4717
23878
32085
30002
19990
17412
14405
29695
745
14041
10524
20519
19342
8266
9508
25217
6056
17984
8406
5201
9936
11326
30301
12791
32061
8314
27468
32021
9216
10339
25222
19043
2658
17560
15857
758
24370
23165
8978
28693
6149
10446
30796
12782
7334
7952
16307
10004
2827
11773
6533
13065
14618
15862
10831
22835
8773
12685
20399
15354
19922
21051
18629
5633
23746
4715
17981
24094
9226
31845
14903
3713
31286
23765
14337
8476
13440
25072
9564
1016
18006
3206
9622
31772
24580
20942
8508
4539
16788
21861
10522
828
6880
7401
29731
28903
29086
22186
12069
19752
27808
27383
18030
20871
22044
21814
22551
17379
13989
5003
14814
2573
10532
26366
9854
27354
10364
9927
26233
19078
31734
8629
22273
19774
28853
1510
392
1866
25670
31926
780
31499
30372
25437
13268
6216
20362
21460
4819
8550
29704
8918
27916
20260
22705
28650
11706
15244
13011
12124
28110
26269
3280
8144
32149
30131
5985
15460
16657
26625
23714
19018
31138
21825
406
32065
26517
21746
28562
23723
7559
28471
3638
3592
13126
19683
11894
17627
14613
8816
29107
14411
32240
18147
18483
682
31089
18393
27525
22507
31656
6726
21426
27182
3896
22167
29295
4463
3953
22090
26342
10731
9160
5370
31003
31909
9862
21606
12342
7950
5497
7433
8557
32282
18722
23201
28828
8426
10464
18168
18230
4272
22228
387
22998
13301
15683
29368
25979
25141
4669
8578
8530
19920
7700
27004
32066
2976
3348
12578
15807
5171
21276
13194
27669
30683
11198
14423
24655
2823
22263
28094
9968
11133
26954
27039
22669
7500
28233
32633
25900
28647
13623
7655
20720
4664
493
4493
27758
10884
27186
30119
9696
12330
26067
23088
1991
22575
28423
5285
15021
10855
22910
8499
8932
21277
14002
11353
9358
15078
5941
14323
10831
30149
6237
2113
12575
6021
21561
8925
1392
25582
6929
17862
9021
19572
26266
1522
23580
4870
3724
23897
1220
19802
30491
28181
31339
22701
32698
11374
17393
26533
15260
28543
23544
17106
4308
22115
1983
26523
13440
1927
13127
32351
3320
3610
29260
31333
17482
15697
20473
8096
31512
22961
14450
10072
11330
1402
31592
10703
21437
21781
21878
23190
4221
29493
30282
25851
19158
30170
30183
22951
26231
28495
18987
21758
16828
21666
9797
21906
27932
5630
23745
29015
22613
17401
20696
2090
11900
15729
21257
10674
9614
5604
22268
14422
4928
10807
4268
18070
28779
22523
32474
26518
15993
8781
30794
20979
19100
18080
17440
18668
2506
36
13492
18425
4726
30123
19827
19759
13248
639
9403
4858
26415
3746
28228
11279
14341
1130
15607
32111
28350
25841
24561
18506
31146
14208
3008
5625
5937
9024
8558
15972
12994
23970
10179
13698
32390
25674
1367
10228
7542
15045
23361
26811
27063
18590
3872
13873
309
28185
12420
25728
29525
11206
14655
11507
17008
15590
1896
25193
5228
5697
11028
3916
11959
7755
20530
31020
6062
24762
21373
17009
17640
2407
19048
18645
15146
30863
24131
4618
609
755
27617
29664
6002
19304
11719
8662
23279
1721
26719
14328
6547
15522
7081
30411
19084
4179
14635
1243
19406
24242
30576
29219
25833
26828
14980
7110
17420
31065
1014
31979
19538
16355
21747
26096
137
28398
29823
16530
30146
29986
30716
21135
21379
3753
18882
31659
561
15606
8442
1406
12079
21172
23858
19329
9426
26192
22513
27207
25318
8927
6299
20964
7664
10951
10939
23015
11454
30197
20374
10207
14275
27787
6059
17209
21696
25923
540
538
28719
32364
26158
28513
23285
9075
8288
14368
9397
11834
11033
14830
17741
19882
18989
17594
6281
8895
26226
175
18581
17685
14768
28271
7055
14716
18149
13593
30593
31093
9480
7757
19995
19303
18892
752
12523
18542
23127
17446
29919
14017
1438
31951
22520
19161
13394
7945
17798
28253
14465
4877
7880
1168
16699
16979
4801
12328
21949
2164
10415
30593
29837
15080
10577
20328
5966
17506
18568
29348
25279
23229
15775
26692
507
4033
19277
9446
45
1912
14445
18133
7200
31850
24711
32298
12517
11978
13251
30588
405
11387
31173
17957
16282
24220
2929
8264
11101
26887
5805
11153
3660
14637
3491
17050
28407
328
1496
27259
12163
14166
28862
32071
12299
10684
4188
15179
17436
2247
8410
28004
52
11443
6126
32320
28075
25376
24490
1954
23792
18482
5843
7489
24878
23719
26103
22214
13507
3378
26508
893
21811
16608
18519
5255
22417
29944
6956
8608
26688
28293
24018
6843
8892
23614
32325
24050
14301
32704
26118
27293
9341
12793
1641
1464
23382
1437
24139
21584
6103
9002
19875
585
16547
9296
7250
32094
7217
877
5246
3433
19767
26116
12313
1084
1889
20656
21759
16802
21163
8782
31559
9904
2411
17078
9002
25262
15304
14514
27709
23916
7281
17406
115
14252
23216
16312
32500
29519
24858
16075
29101
18507
23327
2339
3549
26335
30688
31910
30086
6342
27996
30327
8073
20334
11489
30479
28209
17032
24273
18799
6878
22129
28072
20548
2785
13083
2032
1985
13479
9413
4390
16118
7154
8806
28103
21751
1587
18381
27120
13917
28753
3031
10405
4371
6503
22545
9329
7305
24025
4646
6678
22481
13059
23033
27604
21291
17195
8339
21134
18736
700
30670
19722
11999
8864
19334
12005
30756
23398
18781
879
5293
27505
7151
30665
28223
20717
3717
18173
18958
4218
18258
27117
4314
19120
5674
4995
24612
5742
19690
7864
15511
29169
25813
23187
17431
14673
30221
20380
24201
9963
17340
29689
13541
29371
27776
16396
11739
26696
6390
21879
13722
30851
20105
2497
7042
1442
5014
18850
30463
13168
15421
28579
7392
9182
9934
9051
23406
24953
23050
11169
28552
26560
12311
708
12046
23904
10601
28978
22162
4281
18404
25645
9164
27274
7075
3198
29130
2468
28505
27245
29848
6296
15846
5629
30125
29403
14507
12730
2575
19261
25364
10554
4126
16851
32062
28919
27800
24254
9431
20432
4947
25016
13511
25278
16805
28013
24304
2901
22562
19102
3064
22178
21812
24380
17979
19146
30453
14153
16998
15649
6837
2897
21754
29254
11268
3236
8611
8043
2531
10388
16396
29721
26834
22150
32561
6542
29899
27567
32350
32186
28982
15086
12469
17360
13696
21093
26976
8640
7024
695
23238
16593
18107
26398
25026
23838
24741
31778
8617
15006
24722
16132
8594
32695
26172
14913
2708
21682
21894
14969
9214
14990
25819
9515
11423
31323
25066
31521
26890
7195
15363
927
22914
24086
1351
16102
1420
302
27944
18449
10300
14116
3614
25071
9329
15224
19348
8514
27254
22050
26891
13883
6458
16341
10400
6708
2572
22745
5579
600
21412
13313
9266
20325
32520
17515
5471
19327
16715
7511
3230
28984
12268
29920
30526
18604
2425
18316
15757
17778
15
2467
28120
26585
25454
18419
30249
1939
32576
13260
29547
5435
30983
20908
12380
20375
18062
20117
21412
10902
17458
12958
25808
3452
26748
32328
2813
23575
2595
11522
17114
7746
12206
8154
13506
5608
27639
5616
31370
4138
10190
9712
31099
17882
14305
19884
17281
21760
11451
18372
4401
14996
20488
22504
32424
5097
13981
29176
18726
8676
21048
24245
20680
17991
5786
26667
1717
21943
7548
295
1524
5586
26090
23222
12619
30539
20603
22516
7300
27161
11433
22667
1765
22479
11397
11106
2272
15700
15490
8815
28128
11276
14726
20378
20974
19742
24294
24202
31735
18838
12375
6585
27636
9255
12066
14769
22628
29272
5947
27463
21980
29404
10007
11738
19713
2647
4997
31049
15905
26003
24735
25200
5603
23574
27351
23171
8499
22147
12840
13499
25695
12535
13725
32066
7633
23523
23557
7816
2308
23974
3810
29667
24115
16389
10021
16223
3463
18246
25636
26923
453
9346
11171
6645
17104
21417
9917
2290
6930
22648
30788
11579
27039
22989
1294
28348
13254
4128
1561
12458
14269
26275
21694
16146
29161
25706
27426
28225
32725
6324
20122
25531
29876
24541
1836
14377
9829
28263
572
10275
6704
4715
12724
25920
6667
47
13915
26201
24031
28137
30586
11015
16508
17003
30615
12357
16085
26496
1358
2337
1833
16749
12096
11311
10608
620
18124
19929
8271
22346
30915
423
18766
8548
8004
10859
6414
28059
28292
11803
728
9170
10552
14877
17365
24179
22621
3937
4894
5061
16388
25411
4335
9376
10730
2693
25962
32326
17418
14006
24227
12835
22662
25586
7466
15097
3084
19120
5573
21126
25038
24841
12238
20376
29648
32570
29259
14567
17130
24396
9265
29884
22815
19214
13552
1938
27587
15206
32272
21640
16575
2364
20339
5681
17277
18897
11625
31838
611
12824
25240
5061
21469
811
6561
1989
24049
16894
14308
7439
3176
27061
15102
1221
30694
2482
847
2046
11481
6103
15023
19382
9536
17649
13695
7930
24955
13593
28038
27708
12872
31574
31212
4722
15051
30137
10850
18008
11482
26569
32325
27449
15390
16746
20573
13881
29540
20224
17925
24389
1056
29691
624
12677
24044
5018
22137
14023
10708
27213
13912
1648
11146
21439
9873
18746
19530
28564
11743
24570
26540
1042
28895
19134
19175
1877
19301
6539
10958
26653
31227
30276
17510
19547
7429
15578
21001
14147
2832
21041
6664
6720
26699
25409
8845
4457
29064
10686
223
4625
3665
17284
21699
13096
19341
16534
5776
181
19936
10922
22656
15446
3969
16128
28968
7421
19700
11386
8067
394
7066
5142
32103
4325
12333
28538
1487
9498
25113
7509
15033
756
13240
6446
32479
14830
9750
12383
2634
19780
23609
11426
29953
20302
12470
2638
16161
8552
15687
27750
9574
3225
18327
6877
23664
4130
27602
14369
3855
10035
3719
28430
3901
31586
28279
3218
3447
3165
2711
18398
7234
10377
21575
20347
29425
17494
22121
6749
25053
9607
26427
4131
3808
24054
5524
28462
5468
6285
26657
7412
13229
1645
17358
7938
29661
15199
11688
15483
23216
29971
31556
10663
19732
24239
17428
28701
26633
13674
24051
26725
17845
31169
22574
8342
20332
27310
8552
31501
8255
10558
8209
1736
5836
11275
12584
27671
17230
11140
20254
11480
12154
11736
29258
5549
825
26506
21077
7139
10878
10148
18254
21989
27601
22116
6734
9398
13777
6619
5816
32254
15092
24726
32214
26512
16550
14921
952
11523
2947
22152
22856
23911
10179
15106
27566
20157
7871
20922
30922
4431
11867
15485
10210
31999
15002
8958
5067
235
684
18002
11442
25626
8311
18260
4648
21558
495
25660
28287
4160
20741
30267
27861
21425
3709
31006
6911
8379
13341
20285
27729
17243
10411
27366
30856
2326
8455
6882
14557
17722
267
18389
31318
24182
13996
7744
26011
3472
15755
4994
958
3524
31611
1511
10315
27422
27948
13121
17749
14920
12368
7470
6603
12252
7805
30329
24847
13530
31756
25594
11552
31684
2251
16165
32489
26800
23993
21865
2228
24213
17625
2626
4967
9426
31508
20678
17290
12032
5623
25226
15522
22512
22862
27472
943
10543
32336
27407
27339
28127
15025
28913
20788
16009
16150
15456
15132
6173
12636
1089
24326
12484
30759
22311
2807
13622
8159
9117
16454
12374
25232
29210
24619
22449
23908
23570
7191
14932
23673
24404
26086
19150
21053
24274
29380
14128
27971
7057
2114
20415
29409
3807
7505
852
17737
4283
26036
19890
24835
3545
11021
29474
186
6052
414
17939
18969
4913
12683
15050
19983
24291
26117
14716
20503
14220
16063
16127
12835
12653
6288
20388
8498
2441
18497
16225
11486
234
9390
12894
24089
25541
17451
17940
21269
18650
16815
3708
32385
29100
1319
25921
29534
3324
15987
5502
6824
22870
23920
8938
31942
23851
11892
15234
25152
818
19197
18011
29156
25668
24129
13471
6908
21860
29611
29082
29958
20618
9696
26240
12415
1304
30722
22180
27759
1325
10972
25248
24986
24838
15440
22300
4037
25168
15397
6125
11605
13457
17734
4012
29073
18304
25335
26474
15832
15865
23428
10015
29952
4851
27301
19206
7467
16676
8108
32507
16597
481
27766
7590
9570
15635
28841
25483
22141
32270
29352
7929
17930
13751
11189
20975
32412
1163
14989
10224
10456
24487
17700
19804
14113
27027
23130
15605
3573
26541
1972
10347
21577
18050
19818
2291
3121
23339
26672
466
19763
32684
8069
164
18380
24099
28470
10738
22317
20000
4210
6157
27219
19073
19812
11508
32764
23857
23294
5717
20266
3349
17837
26288
11473
7038
19417
17255
21201
3582
6554
17691
18033
32586
2806
16914
13311
13599
20769
2207
18573
1485
26680
25303
11291
4727
23354
25369
9886
28998
24527
9623
20561
1401
627
4402
23562
9457
12355
16168
28988
30942
1848
28098
25152
30590
18359
5810
4396
21226
15125
7268
12048
889
2858
30565
27424
25574
22811
11127
10727
27920
26348
11270
2595
2206
9013
4289
14274
25686
6392
5850
7431
961
24965
4835
27105
30284
3957
2458
17457
6796
11484
29489
19778
24740
4257
21357
11191
16070
4660
8750
20142
21704
24253
32135
24918
20009
4265
11303
27301
30844
29056
12133
18050
6411
12764
22205
31575
15550
10269
2459
17125
17201
14277
6163
31412
3635
5469
266
27523
22553
22678
3405
13028
25553
6227
7575
15452
463
29579
15040
5918
26926
15591
19814
2242
11345
10704
5702
17036
26565
28954
17150
27674
20645
18122
27031
29664
4229
2861
13559
14105
18796
8180
18539
22524
3181
26003
14194
26863
18040
14767
11625
14375
16076
1831
3593
27680
17317
19566
24993
6451
1524
16803
23630
12347
9109
15145
21590
18463
6015
20163
19706
1359
7865
9380
4812
8123
15054
8668
10150
14199
25741
27949
23423
5381
6977
24746
6248
31733
16468
18190
27243
22303
27359
6165
14685
13535
5453
25998
19745
28036
988
396
4240
689
25277
2921
23311
17140
8457
11502
13120
30752
4773
5493
20121
28498
12713
8935
2547
7710
4907
20025
15387
13476
21513
3251
31418
5710
9699
9401
648
28445
16216
117
31083
27564
3731
29758
4882
14274
15211
22972
20025
12345
28401
22079
24041
21369
17769
7202
31009
29522
24399
26678
14181
14207
21088
19071
32008
16883
5041
7528
15684
23538
26157
2031
31062
21901
12186
8495
1189
16819
19359
3302
32431
3934
12472
7229
1274
12533
12838
30225
27474
25368
28827
16020
9951
10664
28263
3116
11350
26909
12771
23713
1320
22862
26085
14840
833
11085
19637
15202
20797
24175
16154
32750
27164
30949
20442
17028
28312
26510
15340
30413
27892
18371
12554
20904
23418
25063
18777
24158
8342
1567
22387
8661
10786
10907
26056
21777
31703
24091
552
6358
26556
1107
21957
12008
26493
16225
21171
31762
10389
24035
4924
28766
15248
32013
17265
22333
6656
25024
21285
27536
6071
25791
9385
10243
28832
31461
1477
27369
5556
24744
21383
17041
1456
25111
29684
9394
27524
27629
11375
13310
10821
5322
8196
7574
3136
5840
32695
31244
13702
14036
17910
1392
14286
8480
12709
21364
2362
8826
18528
8902
9618
30032
7021
9121
23843
18220
19210
24980
28632
13772
3967
21227
26507
19725
31188
596
29527
14340
30576
27724
25095
32153
15422
10893
26181
28041
25926
4347
5550
5789
18617
13132
14795
19418
11339
2293
23698
13739
26766
25149
10267
29678
27837
28907
25036
28715
27761
7222
25620
5070
19753
756
22151
3302
27409
31726
4824
18094
10824
31799
5614
6269
15883
24423
11674
17584
5897
6937
4209
21573
9439
13297
9060
20164
19465
11350
23934
26996
10501
25408
27169
9428
2368
7376
29454
2729
31532
4182
14750
26720
4060
8545
13383
32478
22685
13161
23808
6294
28179
6737
13893
10670
2729
13710
22514
1842
4529
11943
18432
12320
1134
20591
14628
21399
21029
7540
29437
22510
919
26824
22106
24811
16036
15366
15986
4725
4064
14978
31310
17642
31275
32139
16753
3611
29059
6730
24104
9859
4940
8912
4739
11122
10929
23155
7560
5235
488
2027
20721
17404
19098
12112
10589
28040
1170
15388
20250
25145
17953
14053
27648
12262
179
17879
1581
18072
19758
22227
31366
14112
32090
5508
7487
13908
21538
31535
31040
14941
6118
23985
21767
5948
24912
25736
7561
17674
21653
20188
32254
22428
26992
9518
1478
32478
10769
26477
9187
6936
16035
6776
30033
20047
25001
14765
21029
14327
3011
13255
30020
3456
17677
17855
11151
22665
21145
13753
25411
21905
23364
10281
20761
22680
32043
25839
10513
15188
17963
26848
19644
15869
10649
22048
18853
722
1598
4316
22653
13254
30602
6927
13532
30657
13526
4579
14904
24647
22411
941
7922
13934
18614
4061
21234
6633
21756
13950
20017
8694
29937
7129
7866
14050
9355
18424
15871
28749
1881
29911
12156
26279
27424
18825
2532
10767
23086
18160
29851
9181
23073
5182
8385
8118
29105
32439
9070
1103
17907
15164
21584
2398
26149
17135
3987
30155
3961
15769
6169
30333
8173
23552
1760
4961
9027
19322
2460
31025
19055
25681
6550
3172
6099
6410
522
15666
1496
23048
13025
8158
1710
6474
6909
21884
5168
23621
23369
66
30098
20238
383
21007
94
2108
14991
11437
20967
9111
1984
11296
32461
27123
23983
24861
25040
22363
13707
13783
27927
7649
3018
2569
19058
3563
23703
3231
30713
6890
1653
20712
16635
14256
18722
26884
2709
23871
19477
25342
18575
1615
25525
32242
2819
22442
12708
20766
17579
18644
24758
26147
369
21327
2097
14660
21482
25329
12496
7677
23718
1501
8202
26301
11174
20214
31647
9228
4250
30026
421
17245
1714
7708
7323
29556
3723
17203
23418
11506
1253
16741
32277
27794
15736
8222
7072
29048
15510
26152
15538
15129
29238
28189
18916
22690
18168
784
18039
6344
25026
1832
14810
2193
19785
126
13482
29974
24030
1967
16614
15300
10355
28154
29239
20036
23310
12707
30007
14468
10980
24595
4753
21069
6035
17710
18442
31634
13761
15920
6160
3462
9777
1641
14883
1976
29029
3483
6606
12758
7931
10361
30214
6837
8345
21782
14204
31820
10728
6697
32376
12477
16576
16503
2052
6276
24421
23695
27159
20932
25372
21141
2630
27694
19954
30190
16260
26211
8388
1009
7434
26879
25527
23686
20246
11769
9600
23463
27068
14521
22870
277
22558
18647
15771
8841
27448
24153
7365
11452
25367
9277
21304
11719
24072
24591
13484
2710
20596
11157
10264
1543
12946
3706
8374
16240
16883
31585
18426
15301
14248
17016
25186
11639
21767
5144
6245
5331
14959
9924
4549
30077
19305
30254
15840
16593
19681
7181
2708
32082
7179
13042
1175
10262
23470
14179
11320
7235
9300
16371
16284
13357
3346
4269
562
30412
15367
32163
11182
6585
14525
24759
12019
20026
4035
9935
1568
10363
1379
14050
23421
26076
26615
8051
9665
2004
15391
20364
4590
28261
24142
28128
21944
739
7001
15596
28548
21158
1370
10512
9340
31126
17623
1424
15866
11661
1609
667
32093
25851
12277
32263
19069
7035
1358
12108
29238
13615
19270
17118
19839
19747
25787
17623
20960
25752
30986
14404
26158
26046
1492
32142
22841
31775
27832
32222
32460
11229
23379
12812
13238
10124
29353
5113
21336
17187
16653
6293
25244
28951
30313
3215
23075
30063
22482
19656
16737
12241
783
27187
21780
15809
28536
411
7237
22157
23473
6711
24425
31096
25118
30234
1177
32521
31985
32581
17275
15613
5682
24026
15897
3795
5196
8066
5362
32398
25043
889
29856
32194
15263
1890
19000
27153
31592
24038
28118
2093
32459
28219
4538
32400
6907
8435
15001
5760
31177
22334
18661
14905
19159
9269
8163
16910
23128
28971
8409
25079
31666
1261
31738
511
30146
7223
24021
15513
28719
20326
23864
13945
8285
20720
22243
20699
6650
6477
29224
21093
7812
11114
3097
11373
18970
22945
20397
3667
13051
10327
32271
22277
8063
27432
7252
8102
22128
27856
5301
2252
10846
4424
25343
264
26778
28955
32686
28142
151
51
13428
6360
10761
13257
26228
8080
31880
9979
10993
1746
26539
14752
14509
30813
23808
299
12909
16793
5631
4375
23154
22948
29153
15447
11546
17173
18438
2724
24298
6785
32501
22347
29171
12699
17429
7913
8380
18200
14846
32124
28457
24915
1376
32391
17609
2971
11845
10705
12986
8022
9581
29949
24500
21854
26283
15394
25649
5044
29913
13363
11058
6092
4758
1882
25669
4356
11910
27414
412
11407
31976
10679
31575
26193
11630
18967
31321
15330
30026
5403
30200
7742
12908
21399
2128
20961
23113
28525
21015
26785
22058
12812
20053
8372
7382
5632
2120
31558
14315
25483
22384
14661
28699
31260
12992
12845
14746
5811
30921
8550
14728
27149
10615
8438
29490
17009
30862
29625
22517
31200
29346
17470
25862
16135
11559
13967
18250
2432
29088
11519
5311
27010
9964
19493
31460
11645
15439
15793
4411
27809
10060
24065
24873
19175
27144
25445
6066
8856
16938
12869
380
23441
11153
25067
4331
28358
10450
6395
22887
23883
31228
14510
1188
5493
12530
16712
11396
23536
22275
6488
14493
13807
22728
22304
10527
16237
3139
4922
27167
8538
9669
17922
6347
5544
16108
16967
24617
25746
4334
10602
4056
11051
25715
6803
3287
21871
20493
18996
15086
8982
2340
12296
26509
1455
20381
8353
16849
8072
30050
13071
26335
15924
22867
29543
31502
18690
818
6273
12273
3385
29321
6953
20781
6574
16483
25757
1588
2379
4680
32243
23705
2710
2566
19694
31565
5787
17038
10571
2066
32623
3029
16095
19686
9475
18837
28145
7388
23107
17641
7327
1439
26796
28301
2819
8282
28444
26772
13737
23286
7641
19504
22432
14485
3557
9616
23810
31806
11593
220
21702
14888
5072
31287
15828
16545
16393
27058
8600
11878
12917
7358
12184
14838
16230
22297
31931
545
11215
30626
1425
27625
25086
21398
22580
15063
1947
119
19396
22441
5841
20845
18280
18466
13210
30373
28884
6899
4610
28372
15082
3960
31549
32171
18825
26548
31426
23089
6558
13582
20394
14703
729
13029
21086
20410
27727
31737
5659
26567
24805
13055
32009
30342
15990
21743
19345
18923
1994
22283
32088
1604
5016
19758
29935
7208
24333
11904
21829
30731
11615
22126
30076
8212
27764
31332
12850
4814
17742
9454
21587
19862
21180
12287
14114
3944
25999
7608
1130
23535
24058
10579
9040
26824
14092
27402
14334
19985
4449
12307
13556
3435
30545
13144
5145
25718
27427
19021
28465
13523
4239
8800
18645
23246
28922
8290
9651
28954
976
8742
17654
8515
5283
15833
27144
10995
25378
13795
2305
28045
22375
246
30914
8221
6428
32413
20098
7883
6423
22484
14198
30391
31284
31622
6960
9895
21786
30151
21528
11326
11472
14326
12868
8789
7855
30941
17335
29979
14949
23163
16513
20364
15405
9400
25628
19576
25567
32058
18130
4502
21317
27794
20221
11930
28614
13872
22495
6944
28489
16304
3439
10009
19836
30273
31724
10335
2465
21893
11542
20810
1455
792
22456
20604
15598
473
5926
1699
20578
19188
12440
15150
19312
3498
7183
1725
558
18222
17701
27661
27916
20967
16545
20872
27041
14548
15584
12559
14403
381
4155
2224
5518
18301
6439
30566
27683
26762
11010
15983
20488
24349
32108
3770
25272
19056
2316
20001
18528
30775
12431
4868
25926
6231
9511
21629
17795
28765
26282
13830
4900
30878
19468
9623
32046
2158
9014
13571
12305
8113
192
2456
11065
21044
3939
9478
18161
30605
24448
17755
945
3417
16243
23722
23427
8706
13133
956
15369
5733
9844
15981
2603
19118
18211
19678
27416
23829
13288
12104
13050
19220
10802
30235
17786
29996
6573
22174
26488
23822
9087
22258
5385
7188
17231
9547
10026
17181
2907
25813
14666
7023
30040
31821
24836
12841
10332
18379
9331
26239
11623
18135
5950
10700
99
15890
17400
12414
29731
1478
13112
554
27327
5211
26439
12966
24634
17906
18145
31167
18150
3961
31889
1434
7098
8318
28112
21516
13390
7432
13303
28612
24088
1364
7630
23202
19641
10719
8688
13895
23309
12318
1417
18391
15170
27920
30313
5126
24651
12548
31779
29066
29585
31735
13817
15926
22759
31775
31616
25714
4263
8683
4098
6318
8944
30401
2141
30538
3127
12991
20955
11450
8153
11910
5381
26620
4458
2478
20284
5055
3860
26587
15267
29915
5677
30277
17469
17398
1804
18539
22842
15407
6647
2509
7251
1427
2836
3716
11002
29838
5214
25739
28395
27319
1211
22711
7862
14429
31153
13251
4698
3572
19837
28474
10595
30389
3681
30815
14021
2916
8454
9649
27184
29424
15801
8917
7819
9176
18665
5099
5871
26925
30000
9188
16790
12189
24615
2915
20994
16165
7465
15066
18990
7930
8677
909
31314
31496
7241
25173
21527
12155
15991
22772
15665
15679
23453
3059
28334
22493
29158
28286
3990
24189
14638
2759
17164
1350
26310
32324
4404
9391
7123
4325
10810
24771
9427
3159
21128
2518
24212
3400
27722
22969
12047
22293
16153
2954
24406
15604
30311
29349
21378
6024
15950
28845
13460
6504
28630
1169
4313
10526
8223
23323
9755
4315
1757
5324
31129
20018
29607
10594
11324
4951
13951
4322
7463
11590
28830
8926
19011
26793
21679
26483
17912
11148
12110
26845
25677
28724
6316
17990
28517
22348
23619
32549
297
8850
30240
24729
21280
3360
14149
19871
19156
13474
5453
3025
7989
12506
31743
4055
10147
29768
19379
23148
13755
8030
18886
26253
28635
17591
11792
15330
22299
15091
23939
4405
22816
23497
4945
1788
18875
31254
12292
19663
6284
14697
22982
8392
3996
24973
25206
22016
22062
15965
3016
9866
29230
29244
1332
10314
22219
21762
15652
22124
17470
19028
3796
18315
3697
9695
19464
27067
32050
27055
31250
17289
12177
24379
25922
15985
29826
25322
28858
8641
22780
29836
19502
9292
4290
7560
12239
7282
32509
15021
720
1907
1075
28887
12810
1636
21117
5203
7425
9667
13898
14266
28314
6740
985
10617
23318
16156
23582
8350
3185
1183
21840
31259
21594
7351
27490
12861
31431
26007
19144
2279
24329
10490
30955
17373
25086
4347
2336
16219
23276
4603
11352
31030
21526
23136
16657
7982
32281
7301
26284
11288
12224
28716
24140
31656
25964
20765
26513
18794
18389
15943
27420
4707
31478
3469
18588
31833
22671
529
29577
18053
20929
10985
31523
11020
10538
12942
16709
18664
16487
31605
21082
1276
247
20075
3893
19397
8734
29309
4550
13225
20675
28631
19548
5279
27515
29227
5891
30676
28647
422
15707
18187
8034
21724
15838
3404
11036
22918
13592
604
4979
7004
30487
20407
30795
27163
9508
31997
14741
27274
28300
19447
25875
1697
5075
14459
29458
10050
19784
21409
28604
17554
10194
2868
3792
25260
6002
1964
32484
10594
4241
25973
16620
29808
29169
14791
9981
12084
28411
15005
24311
2930
18909
19579
25319
1963
11784
30711
22261
24869
23465
2695
15205
8291
24332
20427
14929
9636
11178
21499
13352
10696
29004
2926
21538
27136
16308
13203
26173
1574
22964
13729
28948
22698
22578
11853
24790
20716
1750
1384
26929
25352
27966
10052
3054
30549
5193
11629
815
19960
17806
17680
24538
16620
12343
29011
15531
17222
32693
24360
8352
12154
23487
19516
29388
26456
1671
10609
23499
13922
19628
5227
14034
27081
16047
22652
5962
28975
13241
3405
22221
31819
1243
26898
18036
13411
22716
11566
29855
15852
29191
14986
7004
31814
7079
3471
4010
1905
7410
13982
18738
12023
8111
29211
26837
2316
26682
24469
6972
17877
26932
16068
8865
12701
12280
26775
27270
16288
20440
4722
19178
23968
30287
5005
28838
23426
26865
4756
22896
3036
13483
3191
14249
3758
16511
504
27484
13162
9307
1394
11356
31943
31961
15337
16618
14619
17423
31916
21578
1494
4035
7387
10762
5463
4847
16046
23599
7681
2072
15083
13412
4332
12331
7152
1810
8200
13238
9086
21446
28446
18257
17713
7353
9017
16676
15714
31125
31297
14069
6532
19901
32152
27405
4299
15221
8772
20158
30748
28021
10277
3921
12559
8076
17072
18174
2540
12993
17988
25533
14629
13426
12217
15981
28681
8228
6176
26411
10469
24397
9372
5151
10996
4803
2208
1352
1388
17279
27538
18314
9530
10372
22040
12732
28546
26618
7553
31704
12364
22691
5510
25287
6104
4682
25192
2039
7205
31154
19745
16077
5512
7104
816
10742
17731
25701
30284
31028
9573
2052
5931
8991
20884
16845
28997
17992
28794
26323
26617
10246
21424
30042
31761
29525
8881
6818
4943
24765
9677
1445
17848
29961
17106
1571
27915
6963
8415
17532
18101
6870
29106
26916
2913
15563
13119
17539
11144
32332
23529
4780
15401
11093
1144
29494
26895
10926
29970
28023
9827
4871
8346
30621
5878
13680
15892
17616
21443
19744
21808
30334
20135
515
32565
11271
18639
14190
27960
9809
26092
25048
15827
30944
12262
27236
17263
5227
16193
31489
27106
32209
13741
25057
12740
24859
20114
28768
6639
18730
25572
27366
16404
25887
22822
20782
14366
11956
13873
21305
39
30258
31372
4645
23819
14946
1412
5307
19989
19056
16781
15135
9501
21601
20264
15616
1226
937
4043
3558
6937
13838
25032
25274
30553
17507
22277
11986
2136
2918
16843
22710
31330
9575
24040
1900
32496
17117
31407
32575
19766
3928
16378
6399
12374
31080
11614
16701
7660
15702
19240
24865
21503
24719
24750
11793
24285
14104
7262
10454
20601
28413
24303
31555
29204
17210
22304
3364
6289
10825
16059
24485
20504
5131
7332
1122
12832
31059
6107
27639
10841
23108
10473
9655
5378
5135
8201
29530
24491
23269
17163
13355
1004
5939
12645
4303
1413
22465
5807
3013
6833
27806
8220
8401
18607
30924
17346
11663
7707
22673
21501
843
13687
4198
32171
17810
26543
14925
13789
21763
6604
7669
14229
27836
20591
803
25785
2336
2286
19798
12542
26316
18624
24386
26800
11950
13795
13660
6951
20075
15630
29066
13920
32511
25701
7307
24801
16400
13927
31661
1000
2613
19574
4102
16642
3048
17695
8046
19385
27276
23534
16691
26904
7891
6524
8221
3679
648
22510
19028
28168
3765
22505
11582
10368
9335
14855
28355
21499
12541
3789
17193
2745
17694
782
371
4764
5474
12051
1754
11717
13765
29865
21525
22020
25684
23315
31269
13117
8430
11565
15954
13856
4486
8496
715
29477
13995
10978
21982
28544
3637
5765
14648
13327
24430
4591
9562
26597
24155
26781
18408
21050
13937
24196
17167
2508
31163
25059
26902
28542
31953
31506
29609
12552
12308
26844
5172
29278
29160
18487
9276
7800
32083
19125
25696
5897
5347
25293
3892
26009
24697
15176
6144
12248
31175
28955
29782
13810
10978
12509
20279
13234
30954
9081
30074
9089
13309
19456
12415
22764
26115
21310
32471
15881
6266
18059
25331
10695
21485
12877
3554
11524
17867
27581
13543
12770
9190
9156
32203
26709
25149
32522
14279
3814
32751
3132
19781
20232
926
18209
27295
1318
3599
18345
14997
15085
28278
29760
26061
18929
23632
4762
12024
32729
23188
7053
16531
13236
3263
8088
4750
15622
4971
8523
12752
15645
18598
6348
26035
7108
4052
8363
19845
27250
2215
20010
19376
12926
5272
3185
395
21585
12182
31415
6537
24470
21208
11649
15682
3103
27119
19001
2914
14517
10067
2730
23438
23615
11767
5151
16103
32249
15641
4579
11774
22073
27104
27806
3855
9240
26655
20907
20297
25924
18592
20562
17143
11708
14498
27224
12123
13018
17370
23649
27256
28677
24104
19147
1938
22257
26681
25236
17914
13346
31876
14598
23439
1384
21
18537
31852
30895
22171
29511
26142
31546
28305
27191
17808
30720
13063
22196
26407
11347
6679
14445
30471
15107
17481
10328
2249
19017
11953
8027
23635
9425
8694
19857
1156
26490
25412
2109
27925
23873
31894
5938
19145
10914
10010
14960
5687
14731
21426
27569
11017
29379
20583
2490
2511
27290
19081
7780
832
7706
5503
19912
26272
20631
32430
1525
6200
29941
1811
3651
18819
8421
9097
20435
21253
27019
19829
27540
15499
9483
13824
17568
26855
16769
15573
24962
24880
30582
14747
7792
6179
8462
13071
16809
26182
14833
7478
551
6490
8132
13811
25714
16892
9687
23669
2470
22836
22179
17961
14353
32364
1473
16037
2163
18686
28268
11052
12750
27148
31450
17652
1306
19383
7531
24494
4734
2221
30798
20608
27311
13882
13461
1840
28523
30360
19563
1556
24441
839
12613
9345
6534
18562
6203
5333
86
32261
13826
23071
342
12274
31663
18982
8808
3270
24654
26520
5779
15128
24130
21826
2943
26129
10554
32002
7166
19690
3482
32680
16003
13911
18283
31836
31557
14168
27334
14095
16772
3698
210
28019
22747
28800
9605
27033
13214
11683
10723
17170
12642
16994
5376
29266
13739
20083
21387
28577
25864
23368
3291
32699
20843
24164
16149
20697
22316
4234
29541
18582
14589
28628
12030
7334
14302
25242
32285
15220
9719
31012
11855
29098
26300
15331
19835
16951
4581
6635
15844
468
14529
19126
8006
32624
3862
3909
24307
18503
8096
22975
10567
15638
10650
8950
12654
16963
26765
342
4335
9272
10420
21572
9752
24122
13370
21042
23280
10717
5822
26470
13986
14334
24967
489
28195
5112
32218
25537
28798
26631
9925
29237
9856
13479
29370
24838
14619
15353
23955
3573
8637
7403
5098
20001
16762
24027
3321
23271
27678
13960
17651
7948
7514
1429
9956
13638
1886
6786
9442
4277
2799
30255
12182
21823
12612
4270
20751
4394
9362
6319
27897
20925
14868
27886
30931
17076
28016
14720
32611
32256
16115
29314
1632
5444
31754
13595
17002
9232
30906
31972
24361
13020
17232
17879
14689
1707
7631
16911
1405
20833
12263
18407
26643
12980
11922
27840
15260
1728
5824
18929
15448
26744
3309
32719
21509
8879
10563
9204
19618
850
21622
26555
20988
31054
32719
10839
9359
19791
24124
26874
3936
1068
29644
4273
32246
990
25955
26021
23062
13747
8764
30130
29813
13558
25299
28723
18143
31938
29148
1516
32177
11218
23236
11469
4059
31892
23724
12056
6926
21335
9794
29634
25254
23542
13664
22100
29993
13589
5979
26355
31690
28349
15299
12647
10874
5597
30009
19247
9596
12910
17134
32754
11245
1638
11825
11771
8723
19130
8726
20766
9012
11065
15829
17835
2229
4303
11309
30730
14889
2908
6839
31522
22337
26196
704
1888
14330
13186
15026
8368
8718
6352
8888
20454
30982
14806
23447
26200
32449
26047
30279
24530
12210
19165
12449
27950
13417
7456
1564
12029
24585
25310
12868
15429
19581
25613
22469
14173
32677
7317
8558
21692
13258
20462
2104
135
28843
7173
6116
18118
12475
17755
28105
5767
29543
9679
3171
1799
12258
4346
4626
13869
18567
32366
5072
18869
20774
354
1323
15016
30370
10928
29520
9715
11219
6207
29367
28157
20518
13628
22933
278
30930
30106
3540
28222
5736
25491
25353
32684
3824
2347
4788
30139
3132
3143
24361
28645
2022
9282
13305
21080
24752
27387
26586
15424
20249
16052
1500
5960
15964
8862
24895
12363
26150
1085
3941
18750
11318
27142
21604
30168
5642
24345
9860
1097
11779
20706
10321
30508
6870
9172
17301
9019
11447
19050
18770
4132
13201
25878
8439
8539
6248
16146
20681
15088
27525
23199
19328
23913
21218
1813
19320
5935
7328
318
6368
3104
4874
26369
6873
11740
28880
20863
8954
32425
19895
25441
7583
16281
20481
3063
28855
9112
13656
8690
4930
13107
2099
22411
11195
17305
24443
25342
32320
21343
29560
6060
1969
21065
2001
25378
22857
24766
28909
17152
19013
10153
10800
21677
6614
1441
1078
15373
8892
21729
6353
14380
18727
2656
2374
702
13318
29776
19540
29645
27522
31345
14191
26448
18274
22113
7573
24296
14523
18955
19721
27977
273
9090
12506
4264
30172
2268
25355
17298
2608
9029
1660
21725
5000
26019
22262
28615
2779
15326
21967
28283
2020
20100
11987
7360
15074
29413
10787
27945
27575
18670
14336
28296
20090
19041
18656
1361
9692
30477
9527
28348
1052
1927
4067
8374
19831
10632
26379
3386
4755
18205
26435
32076
16188
17207
23677
24290
17788
14621
10391
1901
20074
18212
17074
3157
10897
2233
28439
13727
2742
19734
3550
3417
8686
7247
7267
24802
18411
14993
25786
12867
13330
30037
121
27812
23792
15069
1124
4445
10071
4249
15036
2107
28092
26622
3439
12644
6249
17311
12639
3240
27646
26455
25069
8406
13283
23761
14364
15244
31032
11715
1257
1960
29367
7753
8387
17921
14124
5459
20432
5391
10818
4964
31471
20772
12535
30212
4450
17073
30213
18940
6842
903
30751
23949
4506
28336
6577
11582
3917
1751
1511
23476
8349
26500
26639
10707
5971
4446
13304
24352
24459
27531
20011
4582
24975
12480
23638
9476
22258
6758
9249
18655
13059
444
1682
19640
19723
14958
14448
21411
10479
27662
22158
8354
23091
30471
3693
7175
29154
7714
17954
26081
22180
7839
24436
26721
16525
15147
9399
18181
17387
15891
844
19333
9862
21605
18641
26842
4548
31679
19810
5090
12134
22736
11030
10976
4957
8181
8709
32134
31749
29165
29600
18432
16619
14253
9080
2565
4636
23242
12381
31948
3763
22434
21026
20910
20642
1720
12650
10320
15470
26924
27646
23007
15067
15577
9449
12543
26606
19388
31741
18721
16841
18117
862
25338
1058
23086
27686
9452
18526
6223
32737
15328
4078
4898
29108
9751
2226
19313
29111
12613
11316
5105
1246
22399
15612
32095
2910
7536
27010
9055
29588
12032
31121
4917
449
29867
2910
13824
19536
501
26126
14063
5972
8251
7895
11686
21950
28582
23561
486
13550
30766
325
22405
26966
11669
13319
14271
16101
16322
2147
8442
20840
18109
21119
31763
19633
13226
27135
16667
13648
24782
16869
4659
28057
32672
10690
28684
11416
23172
23320
2177
14396
5121
543
18503
17167
14594
24678
24065
31279
7420
29845
5451
27941
571
22204
1617
16729
31311
15598
10079
14300
27185
27353
22260
31716
20807
23868
26169
27324
10678
17766
23081
3579
32052
6916
18902
5740
6287
16217
17644
24222
11449
3295
10227
27538
25005
22034
12302
28745
1822
31825
25374
30880
29417
21914
2841
22463
32756
13808
12757
4492
8259
27872
26701
28927
21832
5624
2835
23320
27452
23100
32733
32344
11757
3538
4559
24917
9451
30773
14425
8172
7763
25671
9159
23738
13601
24887
14052
17673
16409
9149
26602
32490
28153
26949
2663
5982
14924
22216
10444
32676
3422
62
1982
22023
24322
6233
24579
28105
18922
9933
28330
30742
12004
1977
16759
9096
25952
25661
28199
25246
3774
3133
28069
12284
10221
29671
8749
12902
6382
31731
24732
21064
17024
16001
9249
21436
32354
27491
23467
22205
27721
10516
20227
28149
25354
24053
32369
5576
20566
6684
4071
24484
30393
22940
13154
334
28095
1190
15826
27386
20589
3178
13631
17931
9841
3620
15970
16742
2413
41
4979
2037
3658
17806
28352
7861
864
9464
22198
15278
20328
7657
13624
18908
2342
7496
27640
30989
5147
5161
21018
3585
26199
22746
21205
25017
17513
22986
19168
19834
14519
5200
24117
27658
26879
18405
14688
16743
26564
149
7616
5491
9821
671
3283
20360
14212
20418
10975
456
30620
25606
4770
16426
5375
20810
28459
12420
7216
19405
13787
7253
22720
30101
7180
402
21616
31214
25099
6524
28275
1040
24492
5740
8192
32626
31932
9067
29088
3831
1086
26301
17158
16084
4296
15310
28342
224
6665
22049
19686
24480
8784
8045
10776
5321
18227
7071
3720
21320
32023
26132
32234
22473
23514
13269
2515
13392
6481
3308
17326
22966
6740
17928
29977
27613
15695
15603
28327
31437
27275
11583
16283
26388
10186
10297
28877
30787
4551
15042
19751
18001
20606
29274
13015
23864
15154
4207
11152
21700
1966
2050
3462
7103
18406
11226
11485
30175
17698
30769
4793
10814
11438
15526
8269
18597
29887
24669
21031
4077
17859
11653
28861
6258
17055
6847
16492
6728
6172
20238
17897
10022
28989
9428
27620
31956
24314
3284
22366
31355
20549
15094
14102
21276
18016
6196
23473
5911
30468
1291
13414
23897
2927
2473
17858
19963
5426
9205
28494
7007
23799
22616
8988
6406
28944
2299
5574
23630
1095
19679
8897
22811
17609
18814
17656
26646
8581
25025
25931
19602
20673
2778
31913
20985
16711
24737
12820
27562
14146
28941
23043
13926
10134
30991
24562
29767
15982
7802
13867
2618
18221
18063
9785
7569
14345
1480
29648
5909
24806
18968
13005
30687
7598
22531
32496
24644
12495
10718
21517
16782
18427
27043
13967
15059
2042
6593
6413
2486
24953
30341
15561
17642
14386
31673
8116
9542
31831
28832
20924
1111
21966
6575
22074
7678
28295
27401
19529
15156
21978
71
18646
15365
23696
26033
30686
16301
642
32031
15790
20758
30849
14207
18339
21264
564
8305
31396
30644
25917
19537
7056
23424
22756
22248
29562
722
11420
16007
5951
28597
10651
26
1539
5006
565
6989
15824
31537
14310
28500
29036
20023
11837
13035
19066
32552
31291
32604
21641
25945
11919
12631
25901
7590
5124
10549
21195
22166
32453
7773
11107
21672
23168
15276
5863
8190
20389
8217
26123
654
19419
21888
3007
3406
23101
19895
12601
6333
7943
25787
20705
21943
8757
3570
25639
8062
8885
30888
9615
23483
28060
6853
9547
4307
16096
28278
7060
3284
7635
31676
32201
21947
27207
2872
32374
10236
11376
26365
19434
4678
12775
2640
21191
32629
9022
22171
18988
16764
20229
15494
3319
6325
14892
25427
29672
882
25635
29712
6470
12157
16831
13557
12827
24228
12158
13124
17712
11084
19062
6410
17468
18685
10875
19427
7163
6836
27331
21792
24691
26659
26597
26222
12513
15548
26543
14236
4463
11057
10487
10081
7527
1035
20993
18687
8182
14937
18540
10160
27057
2622
23583
3520
10990
19262
24343
18529
4707
63
14841
25033
13587
15334
13372
12662
24208
25886
21134
2765
17604
3359
14572
17824
23746
11764
5363
6770
13717
8795
20
24760
17730
24474
26417
19903
31979
13135
19660
30881
16051
225
7066
19743
20203
7247
19016
18097
693
19671
23545
31252
11252
23226
14732
11441
29932
7098
23837
21250
872
29836
19651
17849
21350
9938
10463
12724
7971
30048
18244
21208
3088
21850
31165
15316
28996
29930
16513
28576
3061
2534
28080
17107
31225
25138
19027
7196
590
17517
28382
19924
5669
26901
30020
29492
10643
21552
21938
18693
9872
25374
15684
12988
9308
21479
28823
538
691
2664
1395
6356
14110
23029
15757
726
1666
13819
31693
9316
9254
31867
14097
29210
11087
21513
6526
2254
19562
21566
32611
2085
29234
10969
5186
19381
23988
16700
29951
12731
28067
25544
31995
99
30187
32001
12000
14602
18198
1611
15609
23053
20113
29316
24440
7431
30963
6107
10162
32396
687
14054
18225
5792
15456
13353
14878
16214
18884
31628
17528
25120
15064
6723
6910
16461
17084
20340
18196
15647
6583
20644
24999
4342
17876
37
12272
1006
610
14418
4500
12423
5606
21804
27730
17832
14217
18527
16093
2394
6140
31375
23618
23600
2864
4555
18229
19366
22641
1870
15847
30917
27774
13487
657
7260
10157
23764
27556
419
28394
7389
30737
32519
18452
7335
12371
30996
6131
5417
28291
15050
21264
14803
18413
12582
13033
10500
30442
26820
27701
12229
22707
12017
15877
22809
29985
10019
10983
16218
101
17667
31519
21734
26873
11657
28725
25664
9218
24898
18495
29692
18865
11146
2428
2680
1078
27972
18336
17891
25347
25416
22775
2334
31326
23774
24355
30135
14479
27577
25683
11271
19226
28477
22639
3042
10053
13882
29529
21211
14349
23884
3212
30906
6070
12090
31005
13567
23888
9134
23944
20761
31295
31698
19847
6659
10599
13338
2477
27063
26608
28877
15788
14555
13195
10409
24331
4814
1881
21472
25183
19687
31095
26984
30483
5294
28149
18380
25373
24342
25734
27277
23041
4982
13047
4721
12145
9348
16897
26135
12942
5846
20218
9455
21224
5176
8415
15758
8905
18370
20733
30306
14283
13943
12284
11400
22580
1206
8668
7158
10421
27997
18579
13303
14358
14901
7368
8828
23692
341
4678
31517
18961
1593
23901
15012
14431
21663
27225
7685
19543
7861
23484
10856
20825
9659
13594
11302
23789
25071
20943
8250
28898
32674
204
25174
18419
22385
30023
17267
32666
12860
28808
18905
9947
32
13958
12672
30629
29086
11904
25667
27783
23239
4600
9765
28585
19405
26461
7502
24543
28131
27446
4425
18538
27739
5925
15258
6384
11589
6498
18572
16719
5002
2273
25824
27016
8557
9314
3377
10433
11760
25403
11124
4966
27931
29638
1196
25654
3885
7601
7091
17965
10624
7726
7667
6354
11434
21903
30967
27744
9528
1759
11348
27672
29337
20952
9019
27780
27239
26526
17000
2284
25887
22004
13742
9396
15283
18159
26442
8678
20344
10023
5000
29076
21342
22824
30079
5658
1108
2458
24415
19505
32333
11940
19203
11984
18163
21973
4415
24183
6444
23466
27697
18894
21132
11063
10219
287
23116
8966
8474
20854
2758
19224
11687
2598
22971
8882
6651
14757
21370
28775
23067
2643
21025
26862
603
22740
11629
9351
22949
32173
32074
22900
1135
17443
24005
16514
8631
2678
10059
27151
5079
7172
20269
18064
3944
30161
6923
32717
5923
17224
20268
3997
20481
6485
21439
26982
13786
30113
27118
19072
539
29949
4233
19523
1371
4663
4491
14715
15851
422
10527
12889
28926
29504
383
31105
8134
2246
14688
217
11715
27493
28623
3625
27139
30787
4428
19241
16447
9157
16098
7915
13201
16556
14357
8947
16041
29566
24502
1824
24780
20754
29276
431
542
6252
31415
19650
8453
28363
1472
27880
28764
24022
32523
9161
6383
3398
14195
32303
29831
16106
18118
27503
16231
30051
10820
29788
10857
3207
10827
12990
24021
27370
28376
9672
2617
28441
4349
6730
3318
22560
20225
24038
2178
758
20882
30210
4291
19598
24555
17890
11253
4916
22437
32323
31609
7804
21604
23242
8585
26423
32409
19776
11659
696
12278
29653
8161
710
15804
12009
28664
5570
11628
30682
4432
13006
15181
14392
26140
7408
25780
14038
800
15668
27971
424
3951
14009
6034
13185
22173
9625
28226
17381
18556
19715
6255
29730
28688
14804
10438
23972
24269
17607
1461
4931
30895
31841
20497
21789
17435
7434
3578
21559
17503
17172
11876
9393
2955
13668
27526
1396
22544
6117
27084
26432
2244
25129
23010
22103
12549
22688
12903
15112
17983
18295
25608
7506
32445
26986
23192
13114
21615
9459
28030
236
22025
24583
6283
7516
13062
32185
18651
19038
20529
9582
16927
7972
30007
30274
2837
22487
12058
6913
9535
27040
21790
27372
32181
30409
28957
31667
24310
6712
4874
6115
15932
5329
28457
9802
7442
13360
22617
17045
32557
15989
20888
1778
903
12936
12995
19485
13815
32281
24396
10177
11900
27229
30655
25657
21998
12136
31107
20276
26943
30348
2456
13861
31377
27680
26819
3241
18964
30884
898
12896
81
10566
12662
9738
13079
22474
5197
13250
20430
5328
31529
21397
21118
9354
8513
10432
5290
21911
2151
27227
14825
21883
20237
4937
11502
11145
14957
9798
2408
29676
12538
6947
28418
24282
15251
9517
7069
1553
27543
11986
24852
20732
17798
22893
19740
5839
13282
12571
18557
23691
6284
6531
30159
26558
27870
9713
14959
17486
7739
18523
14237
25774
18705
924
4199
21215
13773
26739
27817
26988
30214
6609
7687
27773
22871
10697
8588
24639
4237
2046
32392
14504
30001
24525
5170
31469
156
3622
6943
17536
29457
11344
4470
8093
7230
28386
10814
20897
18713
5906
16126
25899
26378
19976
16728
25605
25329
4705
14016
16782
11505
18905
26644
26005
26659
23925
8056
26072
15002
23986
23294
28901
21189
32127
13894
27923
23742
14129
25380
25602
30503
30334
1264
1005
20466
28636
32577
31688
29033
5931
11008
28356
18431
8211
15366
17517
2874
20853
20743
6394
26177
15662
32410
18675
19024
8719
28109
7045
27267
6438
5354
9408
16121
32341
21611
3627
29305
10970
2983
12730
18593
4359
10652
28963
13185
32508
17648
20577
20590
30584
19047
5391
29087
12168
7634
12341
16139
16871
28162
19576
23739
17247
12281
25634
28501
10960
19076
25012
965
3598
23709
12607
18179
23626
5696
21282
20012
28243
25108
17044
26885
13709
32540
17384
25935
6328
21160
22053
18695
7629
14834
14003
31520
23
28908
24259
1925
23389
7980
5983
20248
12386
19513
23651
30465
10307
8561
29436
29424
13113
5874
12102
7071
16563
1672
20785
28821
11558
21016
15481
4621
6041
19968
26573
20102
1947
7622
29162
18134
32679
10996
24607
1476
15117
13485
3683
15503
2018
31356
880
19632
7518
3109
4364
993
24484
12107
28663
11989
19381
17409
573
21630
20934
32709
17195
26567
29914
19945
32582
8230
16114
17803
7200
26040
28994
20002
19004
10581
31057
27483
3733
11791
19949
11973
9316
15958
1507
3727
6758
21631
13164
6195
19085
8272
23288
5566
28013
21480
14840
8547
22393
17426
17443
4941
9074
4827
29796
25604
24696
21721
30887
1545
8079
31584
22125
13629
714
18638
7290
17972
26743
32193
12800
25276
20623
6049
15541
10327
7842
28258
30850
21610
27203
11202
14707
15048
2946
7158
5350
2093
29906
28615
2021
9724
29621
5975
32468
11122
23688
8522
19527
32144
15997
18078
2481
19872
30822
32253
7601
13667
8780
1594
26742
19192
16430
14901
29875
31960
10668
18847
20105
17388
8109
28761
20748
26701
6846
16909
1300
6117
8970
10525
14843
25598
25946
22585
17941
31497
12540
14760
14203
15605
9504
17592
14969
4456
11375
19061
13529
15761
826
5028
3191
32016
30117
14077
26396
10037
31986
3250
31549
25902
1802
21492
26657
23861
18589
8869
26126
6252
13752
28486
2494
29667
6297
9802
29672
31336
22745
18674
4802
25818
9234
29092
16643
22777
11745
1533
26283
13926
719
14656
28829
29742
31949
25203
21505
17782
17789
12892
8591
20112
25558
19813
15979
19094
4006
26172
23036
12712
27884
5535
23090
27268
8295
16385
32358
12688
27090
18401
30443
17259
26931
17228
10840
18286
30685
7096
16832
30357
6098
20824
24134
17051
29264
12981
21301
4240
23759
11224
13840
27932
24798
9903
22790
6829
2904
1592
28375
4024
12192
16862
5125
20756
1345
7022
13330
14565
24886
4776
18375
18463
31347
28805
18696
16041
20123
4518
7156
17649
4860
7584
6886
98
25509
11062
27093
14719
14795
1830
2550
15028
20035
22098
23689
5883
9103
15041
24269
16731
6390
19667
26870
27643
9775
9225
4915
19034
8672
21698
6664
2980
22735
29030
25967
9952
22400
27506
20579
14322
17741
18255
17466
29241
17227
15870
7712
17868
28856
10264
16695
15430
31582
3043
28000
28839
4985
7979
3208
4589
18738
20703
11771
21268
25794
25702
5396
18942
14839
25556
24618
26756
3704
19883
29754
6904
236
26918
1688
19343
24648
25267
4551
13452
19604
11108
10397
18067
17637
21953
7187
27721
28983
9083
18700
22361
23298
16866
9586
14790
23591
28999
9506
13222
1428
12687
22303
20135
19484
17093
28733
15878
30127
4804
4063
2670
31366
20437
21551
14458
23784
7119
6291
10501
32363
25157
16854
10320
269
2860
26414
32198
10012
6010
4222
3902
30952
1602
28303
20281
2632
19397
6270
20927
31817
21423
13063
20173
1845
15887
10492
4071
27628
15114
8071
21715
18142
9730
31372
31780
23783
16147
22633
9302
17622
15104
10570
3567
15131
26332
17833
2538
20341
16167
29992
21684
19557
28741
12283
27022
19834
28361
9159
10529
2698
23986
9219
17738
9590
11654
9916
12064
18434
17127
6008
8663
6634
14936
2539
5271
19350
15610
18046
28254
13181
32136
25751
15175
23743
7726
19092
18213
32433
32089
27201
6996
32169
7990
24216
24989
25408
10741
30869
30568
17397
28019
23965
29038
10904
1607
17169
15308
19169
24204
29991
10521
14854
2783
19479
2793
9681
2416
7427
28527
25697
6308
20395
17584
15025
14984
19526
1094
14082
25793
18403
24987
25439
22086
11766
6371
25391
10957
15803
21076
17759
20894
4962
12347
17274
26270
29207
13476
1266
15655
32114
15455
26852
17090
13151
25397
25857
23725
31007
11557
30482
8902
21114
640
22808
24256
28695
21959
24122
498
1823
23665
28592
27863
3460
19657
16440
15461
27963
23232
661
4178
8076
24127
13162
15543
8916
11104
1814
11731
31276
13072
1970
17734
28089
7083
17937
18842
19806
10487
23331
4784
9346
28891
15398
24603
25891
7161
7535
31754
18925
20216
16049
27001
21353
27911
3562
448
6122
7500
13959
29327
16377
1001
16714
14848
22359
11800
26637
14325
26429
11575
31361
32206
7114
25404
32318
20655
25900
22212
4700
27497
28530
17936
22503
29285
18227
18451
27650
29263
9835
4991
11428
32504
30386
166
9400
18677
20467
1616
10148
4313
27574
15820
9898
30194
13497
24904
17620
6817
30427
15897
5694
223
10306
1397
2570
19874
22386
4601
28006
10523
21668
6208
26968
7919
21117
22407
416
13166
26430
27753
25151
20370
31121
14725
1118
29773
19246
18501
5936
27046
18904
16505
16393
29275
439
13457
12695
23824
21898
1988
28281
16473
21571
5712
18592
22451
31581
8979
25456
27324
1759
7002
3787
22052
4944
29486
6452
19511
15216
12255
10616
18941
7716
29214
27693
5247
7439
18401
16471
25601
25019
32764
14539
24465
14226
6230
17023
28512
9542
806
9532
7343
7023
22282
15085
13542
14437
22572
12879
13212
11796
9405
25123
15599
6322
2467
27740
17187
7309
20930
31973
23171
30710
27308
21643
24422
24993
26557
10489
13921
17796
9189
17842
1953
1731
3276
29226
15258
18365
8543
19286
15062
26116
22766
16606
22428
5930
16558
18815
30984
22028
20929
4383
13424
26952
11797
9034
9629
31892
23334
30776
29818
509
13281
26845
26517
28804
24103
5540
21751
1868
5188
32550
13959
11549
25692
23954
27671
12225
30501
2880
22966
12281
4610
25665
31044
2953
11459
13333
28092
23286
25592
14322
2482
23030
8205
29443
5404
25157
27859
3790
10937
24074
29806
22071
18828
23782
3127
13472
10823
25899
14281
918
2300
12226
3979
30064
31064
16930
20886
28787
13013
510
3120
16908
100
27689
11117
30521
28959
7515
7059
4938
12821
14379
12401
16251
31307
23853
17998
10352
22867
28523
4410
23790
11594
7153
13225
8253
9842
3170
11944
31008
31984
11969
26826
14684
8289
22715
32626
9587
5354
6224
22776
9298
3217
4140
16551
4689
29245
31862
31217
23479
6465
898
9989
23514
7570
20155
27280
29809
25662
26724
21026
22732
31383
32151
18727
5570
3164
31572
9374
6676
30005
30085
10752
17576
4616
6517
20535
22191
25777
12760
20323
28240
31324
22421
3629
15235
7846
116
24729
24348
19293
340
8729
27674
4431
18351
25480
6597
28164
16343
20460
14162
17391
23115
28942
32683
29339
19480
7063
26165
13117
22995
3207
31284
12159
4840
27621
12569
21070
4065
5869
13294
19841
8616
22886
3796
3254
7906
27641
17565
11512
25067
30801
10116
21764
2756
17396
8184
21628
12361
10762
20774
27959
15194
5111
629
20134
25879
19870
29769
18209
1904
13953
19236
924
17934
11554
14556
11832
24881
832
9815
646
31427
23702
13980
13961
6617
15676
24721
14131
15192
16495
22929
28139
14515
20015
13220
26383
23752
19493
3809
26655
19699
26663
2417
30218
7329
1003
6335
14954
12376
20497
96
2997
10215
16233
25715
8836
5039
10326
8170
28879
4128
10899
22937
8529
12208
892
19797
16797
16004
25381
27419
11493
234
13102
9467
17535
10659
32361
6652
26389
6000
21000
2822
12698
27176
29469
28016
13756
11704
11696
7148
3954
5310
27789
21580
4418
17423
20580
23969
3136
1439
8200
5825
4546
12394
7156
25046
908
16200
15011
8714
16597
3231
14844
30442
24194
5660
18600
15855
21710
12122
5787
1693
5086
9368
10183
26623
1232
28304
24537
23949
15191
18809
2903
31455
7368
7392
27756
6151
21556
28950
5328
29363
19236
27352
21976
2557
19973
7405
10888
17828
20792
31716
29879
15692
24401
29754
3918
25390
19842
18862
18773
31539
31480
393
24569
1296
26955
32229
18368
13749
20950
17620
24866
15519
15317
4844
8512
18428
19118
28195
1180
23407
5385
16880
20422
14202
16575
28894
29506
23673
11254
16413
27263
2530
13484
12143
15172
22581
8424
28510
9307
25062
3515
14094
19587
20425
31116
165
8060
2621
13089
7801
31660
405
28159
10306
19347
27874
7733
2577
22067
12219
10039
9280
26552
8512
2069
8998
2322
7688
6177
22491
18479
1344
22027
32342
10382
27101
25903
29797
20008
15949
27002
10124
12782
23508
17530
4828
25333
2362
7074
14594
8279
8084
3687
20923
9456
20029
20991
13698
6483
18936
32550
1905
2645
26410
4405
9688
11246
28899
27233
14360
20327
3664
11380
13714
313
31648
4649
31001
14199
29978
13618
6238
21018
14225
9168
10112
13054
23169
4133
21822
9779
16457
29674
16832
3056
11234
11621
6698
28508
22853
21864
13961
7906
28248
25748
14883
11530
27509
25840
10645
8872
12743
8929
9405
3768
28534
24318
1422
4641
19252
25936
3968
12071
10354
11349
28455
4860
22418
26171
2280
12526
3537
14991
16010
30261
20311
19916
30108
23247
29109
28600
24995
3068
21895
8934
26074
25684
29839
18334
30549
1090
32508
23153
10879
825
19196
7636
18826
12062
13022
6192
14730
7111
25258
20943
16117
17455
21248
32077
19432
17098
26774
30067
5556
16317
20637
11830
12792
3293
7972
23832
12397
10674
9411
9953
19012
31623
20054
2248
29289
30466
21171
14410
10149
9020
29775
14639
24356
22103
7342
1911
14817
22165
31752
22638
17752
12826
26532
31195
18516
195
16014
27819
13836
16518
16954
32578
22727
2650
27184
4132
3260
5584
16192
8101
13317
8591
3028
11515
26980
26822
21238
16465
13048
7736
20733
16285
17705
26710
24882
6933
4997
31487
30571
25998
11867
29815
29319
12872
3530
11008
22178
5127
31767
14585
28114
820
6016
15044
25201
22039
10312
8510
845
11285
17532
7886
23639
1740
31330
7326
6772
3322
15375
24275
32655
4080
1920
5902
3085
18858
16363
10869
13826
6885
3004
13844
5650
20349
6024
15173
17621
14549
18156
18907
28025
3571
3281
5593
5971
930
18474
17990
19777
17018
15328
23661
31
24894
18476
24735
5695
909
8331
11809
26484
13136
9137
30492
920
8054
521
24031
7473
17955
20404
27075
20235
27246
29718
8299
12434
19380
12918
29687
29596
2967
3736
15576
3900
16613
27778
20910
13483
25154
16438
20366
4040
391
12299
28283
31261
14717
9590
5591
29948
15901
24300
21085
32481
29384
19896
23019
17137
2214
26678
27155
18609
14431
6264
3739
27541
3238
13629
2131
15745
12818
8
10309
22934
32571
16018
22560
21028
321
22200
9577
4830
16320
3642
27660
20309
26471
2369
2063
31157
30608
26771
24418
13083
15223
4362
19469
15979
14030
21435
2493
20133
13031
24112
27642
26331
22659
7792
18644
12998
21710
29738
29821
700
25523
13277
24449
29950
28816
2319
17549
5569
31480
24926
32701
1738
14110
6021
3516
27446
6126
16202
20833
16067
21588
15182
8524
24539
3919
9399
5945
15161
14811
12810
27256
12718
301
9042
12851
6966
27605
16904
16599
27854
10617
26788
22606
22844
765
14141
23152
9197
30761
8287
17797
556
16262
7903
6232
24474
27060
24893
27425
16323
29537
18558
23587
17026
15153
12621
7551
4382
22481
21669
26977
26499
10137
26157
17724
1650
10618
32274
21249
10775
27192
15698
32177
18165
9234
1862
13074
11223
12562
13720
28532
22735
2749
15579
2124
5538
24788
3908
8356
31312
10691
24247
19862
6180
8355
16822
29493
30405
9050
4183
25486
3181
12307
525
5259
10779
4178
2521
13324
24499
8530
8457
376
28608
1474
22398
23816
22399
8052
23933
22417
19292
4998
28287
13919
22339
31700
13103
1985
18351
15485
3775
6130
19401
21999
18087
17174
21593
9799
18943
26005
4027
26481
1237
11028
8890
944
11222
16008
20508
12990
28241
15480
18590
4064
27713
32374
22025
23912
25101
26132
9932
13270
14736
27579
29808
9227
17949
13563
25433
19140
23851
20067
26191
22484
22810
7947
28085
1213
21873
30281
20632
2964
4373
9138
21271
30902
5974
13978
10518
4304
18242
24922
19116
22127
11562
32530
20691
9294
21548
13968
31683
6133
15129
9537
26544
13580
25508
401
25826
12208
30246
16744
18891
21345
29410
28031
31939
6372
25134
20966
25593
23791
11327
31073
30353
19271
6621
17632
2121
31691
30203
12285
28273
23061
5532
19503
12633
26675
28763
18377
17737
24379
24121
2269
5413
3032
27659
3334
31491
352
24573
31088
10772
32438
16787
12015
5226
10999
21542
2594
11075
9231
4305
15368
527
30514
29488
24245
13163
14910
17095
25983
16895
356
20984
8249
30518
10666
2337
5564
11303
9760
31178
11763
23827
17580
17539
10249
31942
30406
20024
27906
29054
1772
28192
27108
20511
4011
12682
23768
4942
6415
9274
21483
19440
2065
27716
24017
1362
22814
23732
2019
14449
28611
15184
18203
13001
22767
4798
10188
22925
17784
25436
16969
6130
19239
14319
3232
16947
15343
13886
9471
13370
8799
11819
26532
14353
21498
677
9251
15433
19595
2935
16174
22654
28807
23435
22834
25023
4993
27364
19865
991
17332
20866
8699
28311
24414
6128
24286
10657
25233
21299
31805
13535
9634
8258
22051
80
5166
6453
3547
29591
21607
28498
27514
4978
4435
27227
7492
1741
13877
28595
3160
5498
28302
18448
7128
2357
18846
1816
32111
8273
29909
31306
16912
14290
2995
3205
14358
30367
20560
4030
17041
16460
27930
18156
10345
30781
27836
28953
28518
16982
19068
26873
317
22858
10309
15842
16691
12089
29740
27649
21156
21334
6510
26462
22965
23119
13800
20669
31533
5990
26364
29393
13679
13987
11029
21361
16667
29954
10283
4399
18217
3605
8635
8097
21508
8867
29970
31759
17477
23807
21175
5769
13759
11382
15106
3595
31713
9049
26468
9829
8559
5318
31118
32545
479
17946
25359
11170
29187
31539
1914
6647
27418
11505
13869
30445
16057
16610
25511
22499
27793
10546
8883
24314
8227
14788
11954
20037
29781
4246
19757
8379
22846
9533
2215
15426
13460
23174
18171
31702
6218
9872
3536
31923
9683
20887
31715
4455
30695
17727
5066
27826
13506
119
17313
19635
17504
8790
1600
27235
1763
20369
18833
31189
16717
8564
22977
56
22901
15118
7552
20728
2326
30446
12558
32276
4379
30465
27083
15325
24412
5167
14237
7374
1506
2917
30685
3320
10656
28777
26428
2351
20137
1401
9171
8252
23885
8569
17497
1065
26673
29573
23491
6471
19049
28934
1209
30575
25885
7751
11850
26668
25211
3113
16587
6183
23733
32098
3435
12833
3832
10349
18673
23211
30960
25385
4571
16911
17010
1904
25553
16262
20337
7301
23947
16397
15302
10832
1466
8671
4640
23319
5790
11638
26648
8563
8956
23117
14848
8313
29431
10085
25253
27272
7622
9323
15923
19266
15859
550
12549
14263
32194
30167
7648
18790
15779
24433
19842
7490
13565
16097
4936
14820
30215
1894
4075
9940
21237
18721
4038
19152
31381
14221
270
20294
28991
23991
1368
27902
12113
288
17777
11083
26721
15931
8662
30226
16286
21330
10620
21737
4990
19275
14733
17945
25578
5887
17303
9388
9541
27745
13988
18992
3408
17692
13415
11662
4512
964
28897
28071
4661
9676
29849
24545
29633
20320
10038
6299
5364
8386
18424
16409
30423
19515
17643
711
17877
24853
1973
12605
9871
23377
9162
15484
4980
25307
20786
20182
7526
23
3214
26923
18315
24009
23670
9991
18914
27507
2190
13315
25099
22444
14518
7264
29820
22550
17817
15668
4934
30887
27114
30185
14692
25020
9843
10916
32491
8484
31153
6493
4080
20544
24890
2906
21273
32640
12963
12039
30448
29340
3337
11824
1649
23633
2707
20524
18932
28183
4399
11776
18400
25122
12519
6920
6481
22661
7102
2011
16270
32225
28524
12673
29035
10797
28609
29805
9584
3458
25824
4131
20604
1125
14701
20387
14138
29409
5132
24673
12277
12704
28744
18831
11442
10689
17414
24266
9438
27419
3658
21647
19025
7134
23833
28417
17673
12391
6023
23168
18276
31249
14388
3988
2061
21771
29495
27867
18608
27139
3351
8753
5824
30015
31766
19622
5833
27946
20516
26564
884
21165
12351
16326
14775
9299
29764
29411
25685
10105
4665
1308
282
32507
9988
12679
9723
20069
31652
19443
2973
23459
670
14314
23908
25679
8383
9031
11768
13344
24246
26267
19897
16176
14170
390
18384
29115
26287
11368
5070
5814
29060
18458
14824
6755
19728
31810
9920
11103
5488
12021
32213
178
21725
14710
15247
18732
25781
27005
2634
24915
17838
24632
20643
30740
5886
23899
32211
24100
28167
2187
1887
24229
22900
5923
20723
22086
14836
8634
22043
13446
15948
18047
7194
1937
1607
19901
12885
19754
725
12144
6425
26139
20874
27299
16387
13617
2641
3925
30180
2300
12666
26613
2475
20831
25932
32735
25912
29010
19559
21778
300
30250
32068
28433
14106
14726
4465
25503
2117
26151
6565
9956
8142
16734
2682
22670
32462
21050
29532
29630
24529
20896
28952
10736
14669
17028
23553
13573
4194
17510
5472
12317
20128
26392
28630
3237
3072
24825
28619
4550
11792
20972
11799
31864
9674
8521
12416
22140
9144
210
4603
29575
9792
27323
9015
13021
19334
32755
31573
21102
200
30630
18152
13219
31053
22838
8324
31924
22992
12596
27357
18317
24885
15075
3692
26319
21430
26671
14327
26447
21638
16322
22231
14759
21440
22674
12247
12806
7177
4323
9778
3621
9004
11539
8329
15245
22831
30384
20418
14894
1381
6222
12736
14203
17838
30155
24602
24118
11685
27166
15735
22373
28359
28397
18253
19676
19542
24458
17975
10694
18782
19249
30027
4193
6760
21272
2062
30824
10607
21564
12667
22305
13769
14767
24252
23405
29814
32480
9860
22612
21052
1643
13060
23947
634
18770
14930
32708
25550
21303
18980
21968
8697
29211
21124
29313
8677
10443
23312
11370
8640
19656
25617
21001
25044
7112
17137
8236
32529
28347
8103
9444
3137
12719
32699
8265
4800
17300
30538
27795
27982
24033
27787
773
13360
11537
18390
9833
3516
24286
31041
10081
2294
27992
21306
25770
24496
12120
32621
1773
102
24970
32481
12399
8792
82
3842
31497
666
10065
28782
30444
15046
7679
29450
30855
19492
26071
12667
11953
26758
29579
20570
11037
30793
30265
17932
407
12621
25989
11700
19615
27192
5680
21041
16499
20794
20046
5323
4479
2264
9939
26268
7840
15402
3887
18578
12502
31702
28582
4964
8231
2571
7224
10506
30166
25092
29846
4449
4706
70
24350
16665
9089
27473
20867
13242
14488
21014
21188
2032
5154
14027
16532
23975
4957
3243
1062
23130
20159
25074
949
15909
14222
11293
32718
7554
16624
21918
32175
21328
1121
19726
6819
23056
31307
12321
4668
12964
10057
16282
1578
13186
29846
3501
12033
26720
20210
32045
824
20362
17721
13909
747
30747
13517
32312
23214
15431
15946
15763
21800
20612
19131
21180
20262
20776
23650
9912
19430
18504
3915
12878
3784
14196
13738
7789
28723
21105
14367
24587
30263
31373
21089
291
110
27705
14333
1756
15632
20301
26642
8624
20813
30728
19932
11000
8938
13729
28857
31707
12688
28419
23626
5745
4553
31568
28492
16421
15056
8343
7371
27527
6822
3682
6184
32180
2596
15554
9418
8618
21995
16510
18309
19977
10408
20247
11945
17473
30183
10030
27725
17750
14710
14647
3700
8952
1003
30450
19290
7880
14593
24160
7041
10007
14374
27418
425
21735
15938
10049
5733
12413
13524
22531
7859
18778
10786
30081
27810
7644
1440
5199
29277
7798
32602
12485
29512
27683
22781
15753
22754
22532
9617
20738
9035
31668
5224
31392
8466
5539
5356
7324
27040
22054
31379
18274
1218
2343
14447
8195
4285
19328
11064
19314
29547
17802
14231
13339
11883
401
22104
17787
8767
14577
31880
25674
24988
15458
15098
8334
4632
7483
8654
29801
3152
22203
10420
14568
24848
29483
22651
6265
8482
20649
7596
9819
24132
13567
16708
20414
5782
25517
19452
17735
23276
4881
30720
29878
13986
20558
20895
4215
3740
31111
25438
22
7572
16163
14813
8868
31212
8973
17514
6019
31508
31821
29677
8659
13748
23609
31933
17650
13603
20840
18105
22001
13905
13658
20305
11934
4950
18844
17487
24023
12640
23540
10454
1408
30907
3479
505
26215
20919
31137
10826
32097
29650
20768
24468
32556
21864
28759
9711
12072
26352
26221
10604
5078
8861
9192
9663
12797
1968
20814
15927
30475
29663
23968
6288
9949
18069
5158
25385
20379
23578
19948
20264
13933
26010
7818
4060
6326
8328
15404
2170
18468
4099
29227
4500
30920
123
24603
10055
28401
19182
15185
24622
30520
23628
6316
22618
10520
29172
3168
13488
8904
5853
1681
31955
25119
17821
3135
5257
20342
4045
11682
27356
20744
24807
19769
25156
2673
27340
16026
4655
6573
23937
32196
14285
21107
5592
1517
3262
17357
16944
28580
28359
13454
25210
12811
31826
29501
4411
20227
843
819
15027
17784
29280
6767
13311
31662
31229
31352
21961
20503
22760
21970
25964
1563
21785
887
1856
4474
13435
23381
13216
24402
10161
8297
15514
20553
2537
1235
7037
3427
14075
28782
28370
13949
9134
5645
27520
17231
21036
7613
8311
19854
17186
28942
25713
2881
17603
26920
28044
20112
13682
21530
30283
769
32615
18100
172
4953
13992
1852
29690
9902
8740
12714
31781
18407
5803
28160
3590
32053
13153
20787
16437
6511
20209
5672
8967
11813
343
18580
8280
28039
2219
25994
27502
4225
16103
316
11027
9684
5173
13943
24863
18654
10392
21183
24151
12859
3688
20012
28049
19582
17980
11259
27699
19970
24260
30607
26519
1860
30555
22396
9634
31519
30699
32477
28327
17159
5744
15090
27394
15066
1618
32566
2098
19981
19413
23124
27743
22881
22770
30669
31511
25406
13237
19332
5115
5691
13142
25155
10098
17471
28496
486
25034
25505
3063
17822
25965
7399
32622
27042
23341
4008
16951
14370
26693
30846
32746
23938
427
24685
21137
5885
11203
3996
88
29011
13308
6868
24469
7921
25460
7416
2703
14938
21621
14948
21351
24276
5506
26685
15311
25350
18352
1696
3536
15947
17395
12305
3312
9929
14087
74
15377
30298
2216
32011
10130
14040
24680
12576
4829
9038
18303
27459
24387
1390
32221
22692
15634
10380
13049
15575
30735
32768
23678
23556
16294
16798
11380
26639
14298
3818
20588
7223
26264
31424
8349
8748
27969
26012
16099
27391
8903
155
17476
24082
14611
8730
18055
30356
28299
29189
5414
22040
14338
14408
14809
30953
29766
6683
3623
24079
16683
19524
27499
28826
15886
19814
8643
11557
28629
9612
7793
12457
18368
13601
23014
3718
14601
9847
10457
25498
14563
22612
16479
13027
5755
26448
29945
4439
21657
4438
27012
29572
28198
7851
28962
29668
13643
12508
17120
17851
25330
11701
26654
20408
20412
24951
7132
31214
3927
5950
12198
29763
24421
1505
27242
25814
29254
10156
29208
4176
22960
21170
27136
17294
29626
10663
11624
22984
1167
11646
115
10745
6812
4044
2206
22827
9966
4170
9812
13730
121
30232
3039
886
14459
12554
14244
28131
6393
17973
30332
386
13812
32154
31765
31331
25028
4644
14151
20857
3857
15830
23385
6028
7305
864
20724
23671
32532
10082
16030
11399
556
3628
503
16439
20477
20817
23842
10256
1919
5841
1065
29217
17252
26144
4154
25306
26663
6246
9051
30092
18125
1617
15620
21570
23997
5919
8976
7768
11093
2977
15884
18210
1021
16227
23079
25555
4862
31524
12894
11731
24371
2885
12659
6295
2241
17192
1115
1589
1269
10436
3096
27406
20663
23264
16736
32518
8898
384
10277
21305
21774
3317
27624
4464
19022
30230
1165
2567
23932
30228
183
30643
20938
23734
19295
20417
5487
4692
4661
24796
19018
21520
22542
10792
32513
32257
30304
18140
4824
4815
14748
15573
7286
13089
32249
6101
27698
25303
3161
2181
5483
15955
17309
18148
20205
1536
43
13381
20022
12322
6607
8423
9680
5110
19926
1823
30647
8322
32391
27709
3020
14324
6973
8316
5957
3269
12790
5739
31663
27470
10901
28535
12537
24666
31906
4243
1975
27612
32450
5505
32331
30417
6205
1015
6188
8117
29876
10169
21059
1258
256
15210
13621
15484
16974
25064
20066
1228
28766
8054
2158
16122
31328
31691
7218
14569
10189
9179
14221
28320
27065
6462
30003
11346
15795
1663
28024
29822
30498
20494
5009
18096
32152
19063
785
13877
19156
19697
20847
7877
10386
28405
7717
14567
26799
7810
26776
2334
16544
29335
8472
10985
6995
22077
12369
7133
6376
16067
24132
5386
31422
10428
22599
25978
11992
24141
40
25772
3780
14822
16523
8409
24262
15910
4848
16309
10671
13046
8975
4606
31298
22939
24624
179
20126
18395
8068
15731
3336
25130
28177
602
1663
25976
23324
27384
1592
2911
31287
15326
23741
20918
16122
6227
27513
17492
5228
559
22629
15741
28937
12356
18105
7525
32064
5219
29886
16520
18849
18031
22956
21766
17017
13279
23055
8821
4134
942
10272
18596
20318
20678
10158
21451
28133
5222
29781
30925
19102
5667
2238
7395
17107
13274
29434
7743
32010
6435
7236
2045
29786
21827
25764
8713
14650
21898
29235
9149
10635
24730
23596
31202
5637
5361
8908
11419
29931
4135
23423
16806
21911
16467
4444
2443
29801
14395
19879
20125
28188
3247
2281
26286
20633
28510
11485
19794
12049
27986
31416
14713
13007
21733
20257
13410
19108
31347
21194
25291
31119
841
6396
28292
23408
18018
32019
14714
6745
31019
18494
29382
5255
11907
1158
18556
24844
15751
30383
29709
25937
6032
26271
26372
10955
4156
6970
9522
29120
22373
20739
9499
31071
28143
29183
4318
9793
6494
19661
17426
4650
4544
23527
5219
31282
25815
19560
20388
26699
18823
11545
1579
13727
12505
7137
10698
5731
26049
5179
19431
3037
25267
11855
6770
16884
14117
10879
14307
23328
863
28225
26784
15396
400
24663
4487
6769
8445
26849
19873
984
19728
10396
3691
19297
78
22043
1987
10920
2232
7446
31834
8937
24265
32167
4949
16589
3264
16159
19716
4344
18887
3971
29128
19037
27392
20444
12807
13016
13520
17058
11590
14608
32048
5419
2802
220
2735
22849
27362
12447
28437
30381
8084
7391
8953
24672
6962
8074
17243
13744
18802
339
12536
25058
12635
28748
20526
3526
9309
26675
10456
12745
3437
30189
3259
11628
25323
27690
11807
6866
14024
25700
16798
31511
7788
8025
26482
8469
18919
7693
25954
1109
19557
3173
13445
27016
18589
10341
10240
22809
7432
24661
260
27049
2816
11289
29051
32163
23032
10034
20471
14787
5287
17020
4593
8521
12944
15786
11683
31061
15142
25189
28435
1998
3677
1878
31893
30698
10484
24923
17608
3454
31839
7314
29200
25425
12957
6214
8584
26095
7623
11218
10859
18671
9705
18903
30600
22730
31805
8296
20639
17525
6168
13145
7291
21681
25549
22884
22310
29584
29772
32326
24408
2064
6662
3050
28763
28591
707
10092
10379
2900
12404
23230
8347
30838
23950
7474
31317
10343
24219
24899
27673
26714
11811
1839
18326
775
30766
19045
11914
11997
17394
13536
11699
15966
17371
6513
13427
7541
25106
846
21465
20522
17040
31402
4351
7766
17818
13190
827
16486
23839
14040
10703
5281
21270
31063
26579
30925
13913
19260
2902
11745
6282
26031
14083
5465
18145
7834
22757
23175
17613
17337
31650
32755
17824
12062
13684
12402
13624
10088
20333
26123
18297
27634
28851
15385
9888
19789
21505
5969
20032
8553
10966
1015
23892
24657
7889
28678
25816
13560
7420
14145
7046
20544
13402
17157
18779
17304
31113
3317
23373
2749
22701
9748
30377
23480
5969
3003
11227
17994
31373
22053
13387
8390
27859
17769
1924
25139
7545
1633
20921
16768
9253
8192
5330
27341
10178
3343
9163
22506
20449
7280
2961
25925
8101
26908
24079
29429
7534
12822
9093
12614
5148
21762
27978
15995
8489
15726
10095
8806
21337
17315
9896
11264
15191
29190
7737
9858
25859
27572
22871
17809
27300
4789
21381
28651
22839
21673
32591
19317
20567
26713
1159
4175
12191
1951
22110
20436
10564
10416
23058
13574
22446
22951
32162
12382
23510
28133
547
16157
14792
29613
17551
12702
2985
15175
10634
17857
32566
20271
12114
17707
9910
10196
13633
9606
9941
10434
11630
22350
3117
8362
21930
31886
15217
25453
32337
14394
21060
30667
27729
17526
22566
16693
5876
7680
6088
27957
7198
21436
20551
27492
22338
32339
13892
23964
10054
20501
7459
26122
11277
19729
27592
21077
17715
22953
979
15822
15756
30698
27089
17651
27668
25645
24115
7332
29994
292
6538
4362
3384
26983
21309
21182
29019
28014
8992
19189
2909
30459
2041
24814
751
25164
25812
29268
16541
6260
18356
31638
30637
16069
30762
16598
20271
12014
5684
31094
12188
18178
18125
18833
29940
23916
3674
30753
30566
31801
8542
446
22183
11002
1120
30794
9231
3815
13564
23622
21359
30668
8089
13086
9224
25003
13832
26148
18893
6706
14610
12738
5418
17196
17840
9993
23531
2520
28220
27952
29318
29522
22899
19315
12289
23625
11210
19322
12767
29099
2556
17042
4577
24877
17893
22835
11650
16609
28452
24052
22065
8586
10624
28107
19268
25547
30270
26905
19083
1723
20185
1000
29691
874
24230
3502
31015
13940
28727
7002
11556
492
20318
19211
12849
25266
6106
2188
19982
6020
21784
16557
21372
25311
7955
1956
28319
28921
21609
17138
31030
29879
12221
26927
1658
17369
15572
14793
13903
7517
29937
31305
22459
1561
16969
5040
4503
29035
20334
4084
30572
29860
9580
9620
16876
8615
2957
8469
3313
9424
21897
11636
15357
24537
22762
4663
5698
13665
8318
26738
23436
24821
12130
9881
18189
3767
26876
32425
26156
11338
29900
14121
21241
5383
11616
18675
26694
1911
30180
31834
1859
22675
29030
2169
24306
11107
26981
19136
17180
13774
22410
26487
30853
29580
30300
3210
13293
9287
852
15995
3689
14947
9878
8780
11463
16975
1679
679
3989
11362
22736
7918
20986
8731
13843
5967
30476
26346
20293
22693
20132
9203
13189
29670
12391
25093
20084
1224
27868
21657
5815
650
27341
31270
32693
6531
28971
248
16324
8915
4026
18033
13158
9110
32559
27438
31962
28491
9632
32307
6509
19843
7652
13678
23079
4700
5558
8024
8949
1509
2111
11266
32070
16376
20251
23550
1201
30069
14482
2834
14466
22572
6672
31587
11366
4744
22456
6722
25161
31706
15329
11264
11119
11332
14163
19357
10227
28483
27002
12820
29873
30809
8226
5618
17997
31518
18985
26691
26167
16553
196
13829
14440
5893
30365
247
23616
800
32067
3101
25716
7957
9861
29419
18683
25007
25300
15978
9790
2764
10106
8222
20801
17647
19132
2711
15685
16200
30060
17779
2051
14582
19853
14777
5482
4438
15856
571
10445
24111
8805
7045
17912
25758
8260
9877
3332
24041
19232
27504
23433
31858
9322
11257
11233
31696
23842
7416
19567
25864
30529
14856
32498
23884
2262
2987
19521
3449
1422
19218
15355
15530
17156
25929
25094
32128
17281
4180
16059
27033
27655
16056
31356
31434
9856
26547
10377
21056
378
29548
15864
3702
25717
18361
12273
2114
13929
12498
14575
5988
15835
1538
20969
6623
29149
28729
10406
9401
4736
22915
8129
23282
11120
31129
8619
17629
24080
16941
4965
10138
27440
22952
14740
2299
29046
4771
19515
2421
28168
23895
16353
11110
2875
720
29083
6444
24435
8720
24061
9194
28642
16024
21520
20205
24544
22407
11561
18312
32757
18900
32565
32092
28922
8188
20575
19654
1205
13351
6404
3689
25208
18543
20143
30636
8887
11691
15540
19147
12623
1210
3548
29840
13291
11354
3559
22946
24221
13171
29513
6223
9312
27848
10898
20798
29444
22272
18166
2923
1166
14704
20093
24592
10683
978
7225
7204
1894
23010
25394
31649
7147
22233
298
3047
2974
28774
24662
4677
7351
13576
14694
8282
28566
24417
11174
29421
9042
6181
658
21542
25978
31958
15523
17433
16315
30136
23699
31884
12164
12199
434
13496
28658
12566
6815
14675
19519
2442
32006
29673
14508
26773
30658
10282
13224
8425
27573
2312
17687
6602
22734
22666
8855
22551
11247
16757
11609
24897
541
20015
18120
5958
20141
7124
30876
7943
20071
13845
27542
28718
1784
29289
6671
680
23902
12470
12247
13748
30919
5364
3226
20795
3920
7595
15865
5972
5338
27390
4533
32712
11891
296
4676
24291
25629
20104
30738
3652
18530
19953
18294
26456
375
31400
20692
28789
19680
6039
28003
24090
22318
14662
1450
31566
12567
19580
11371
30990
7031
21688
12685
2811
25767
32405
26858
16614
22535
13901
22958
31902
1943
2635
17800
28618
2873
18041
3144
21500
13960
1002
968
17261
15962
1621
31077
27573
30012
23775
7645
3544
24785
742
32309
21744
15762
11024
20708
15944
25620
10894
29270
18471
14869
1276
5344
27596
30994
22630
1729
11478
7146
13531
12266
14457
2406
14213
20858
14591
29475
19204
2249
22664
3661
10247
25782
17817
2310
4869
23499
15178
19622
21387
14576
4016
13947
7268
2119
25607
14258
8258
24635
3565
21845
30960
8734
5906
29892
23735
16332
21186
31135
12171
13577
11873
25866
1670
21466
1155
9911
16591
5185
4343
12193
27237
16092
21025
2014
23362
24176
9579
25764
26235
13207
17502
19633
10848
5372
21630
31588
14677
5805
18871
8135
10998
258
24013
25431
19415
24181
13475
12249
20959
10964
29003
6666
22446
22805
17335
22197
2203
29175
30799
15756
30785
21239
1209
31423
23425
8950
9182
12404
13776
7375
4517
10581
18778
25501
1354
4714
31231
30049
28703
27852
25890
27159
16899
10569
707
6327
7545
15453
22003
11539
23915
30987
28381
9246
10200
13420
2655
304
7288
13078
27359
8560
31753
11418
17744
14230
3868
9317
1286
9939
27048
2159
31187
30028
11619
25154
25265
31426
11861
11655
8207
17682
32747
12477
12204
26791
32062
31002
8403
2842
25146
24325
8926
22708
20707
32165
22605
16584
17588
25784
17716
14231
17963
23359
13547
5012
13780
23040
3312
424
26278
9559
4467
19248
31253
29107
5278
14989
10189
3340
169
21842
1804
20325
23362
7171
11050
31571
3254
1788
8298
4932
18499
6018
12059
4510
15429
22345
9846
8173
19866
25850
13322
23760
22574
186
18980
32094
16295
24025
27374
25321
9351
16232
7574
31281
6934
16683
17408
22345
11808
19063
2632
22233
18400
1138
4440
21281
9674
1187
20269
22657
32121
27849
22987
23907
8259
27747
7457
17383
11967
8399
30975
14575
26578
26939
28210
19707
3201
2878
13998
595
10270
22620
21596
5663
10301
5229
22232
25734
3001
10682
10229
28874
22980
23563
1
5656
12630
21039
10655
18275
28161
19724
23325
29666
22457
8633
10348
1143
29313
16029
12418
21675
22063
10143
6537
29934
28332
32215
5001
845
2503
14277
4332
26342
23866
20368
15860
16035
12180
20319
32037
9520
3606
10921
11066
16953
10470
28669
23065
16173
9787
17655
30660
13512
21212
11397
3285
7110
13442
3710
19130
2969
21617
6226
973
16268
13975
16755
11456
8077
28790
6876
20705
29255
31911
20567
26349
23567
6989
11648
9624
16087
14559
18822
4022
14613
10038
26153
31770
31682
16909
26144
16705
16
16813
12471
1673
4365
13551
23820
14597
21676
22395
32674
198
11138
19555
23256
21934
14415
29449
224
6121
29341
13916
16571
18626
12366
3084
15555
29097
19370
15492
150
24604
8639
5768
25007
28627
18707
1502
12558
20778
28856
28197
15397
20321
31806
27896
22829
6940
21650
12668
3607
15917
1790
29682
16811
2780
23809
18480
19260
17602
12198
31512
15318
14587
2869
20552
516
29582
17772
16246
20184
6810
29956
23077
25985
16590
25847
11070
31349
25874
27688
20964
8866
28099
3093
11219
15408
6605
9423
32191
16438
12564
28787
32454
3393
17978
29951
14945
16504
16910
23283
11503
2705
12288
4095
5995
11640
15177
10083
27748
22322
30810
11620
18547
20507
24138
26358
26889
25140
16970
26757
9662
7796
31404
13438
24315
19925
18081
27068
27723
7226
14280
32701
17050
5998
18742
12915
30911
9695
19461
16526
30193
9126
26840
19915
27818
6727
21620
29554
20876
26308
4201
23307
23306
16129
5799
15753
31625
13232
6329
24496
4616
24111
8350
32748
14350
28802
7400
7077
5245
18456
30926
12315
8181
12665
30163
29889
14153
455
10417
13261
29769
13173
4807
14184
10168
27905
30295
14248
15144
27595
10333
26658
5761
12652
13548
30767
3083
25428
11865
24652
139
22801
26540
21745
9756
22936
31248
16129
25828
21635
15177
5027
11016
28813
30056
26285
11196
8441
30133
21184
9279
10578
16317
9795
12345
27051
6369
22751
6350
8994
30609
9932
4203
27194
29196
13399
29988
12661
9087
1993
454
16074
9118
16442
6005
7337
8086
25250
28145
6622
13691
24222
588
23387
6669
29369
15138
26809
2353
8768
9830
7866
16800
22340
17915
27788
27403
14390
294
30768
4242
25296
11882
14682
31686
2026
29529
29594
31478
7287
14183
21037
26082
26690
32753
2186
9960
25848
25052
29027
28138
14240
4049
5240
19648
2200
3588
2737
13598
3363
30933
822
27427
29422
8446
25040
8480
18634
24827
23085
16245
18245
18282
13073
18390
6520
17116
25098
29171
32217
4565
23295
32301
14329
19829
27845
21454
22336
21920
8128
16144
31587
12541
29049
16321
30568
5341
11033
2970
16436
14287
22813
4193
71
14764
14154
32760
33
24347
5583
9678
31486
19942
16362
26555
27850
25045
15451
28169
31449
26512
22528
11698
17432
23416
19991
21150
20463
13413
9560
3100
11224
8528
30896
19900
30429
13831
6960
6515
32201
15880
3520
3663
24551
2291
12852
7667
26672
15279
15183
27590
31847
24268
580
14990
18489
11456
5989
13732
11427
12774
3282
11927
9556
15935
17478
17086
6970
14126
28544
24793
27875
13843
5839
2265
10622
11968
14295
22090
26379
19800
21375
32737
16561
7319
30103
13973
627
13533
13677
30195
5014
22104
17670
13267
21955
18927
12220
31371
11937
14835
6198
12959
31654
9550
23660
10640
13579
4004
8531
938
15270
14398
13620
9371
28627
21674
16276
8324
22648
11343
20652
18640
19198
9021
27799
15854
15135
4846
11678
12372
17472
1871
4592
16520
32381
27253
31282
30264
25490
10865
16485
9790
16899
5708
573
29696
28981
3454
17039
3331
16927
18799
2327
8463
12195
3002
572
19923
22412
4514
27113
15441
7576
31929
22663
21559
22881
23696
27869
32654
16356
5183
26794
20877
11964
4155
26754
26258
17390
20547
7505
10391
5218
5183
25310
23877
18952
1171
14708
13771
24272
23568
22241
26705
26179
9682
3088
13745
22687
17684
10121
26327
14777
7731
4306
24343
32018
500
13788
6044
26883
18926
26843
20775
9610
6185
26498
30406
8595
28119
21534
21245
6034
22041
12116
25621
8742
28064
5688
3593
3814
6793
12057
8230
5104
29092
32304
32734
30250
23776
26702
21861
5047
3468
20267
24457
13872
18415
14501
6054
28704
3486
17530
2311
4529
27976
16145
2184
27151
14243
1772
20875
3213
21017
29732
10345
30780
9808
11499
15092
25610
1527
13281
13597
4517
2261
16971
27714
11800
4843
30806
14923
29874
15200
24
12065
15052
390
15914
2029
26250
23234
5252
25581
19709
20570
14855
22573
28667
27713
23666
31907
28173
29056
13962
24363
2694
31206
18546
9166
1483
27976
21997
14690
30421
12560
31765
6498
15388
7135
32107
9009
16388
15549
8216
12430
14614
13726
4143
18371
19414
1736
28574
15197
2644
23200
21873
32741
18883
1222
30975
12870
16808
14408
28458
20566
29566
23879
2808
15426
22000
6903
1391
2027
24850
31175
14441
502
4875
16570
30848
31226
30512
30859
8037
15689
2112
23977
17844
28291
24070
31056
18843
25730
31430
1353
27126
24970
7122
27231
29304
16887
7755
11500
2418
8863
26414
23754
8935
27644
21561
11966
19330
15623
27719
21739
28948
24063
15359
18467
23030
28770
4001
23341
2966
19642
22625
18234
26191
29480
18576
19881
9487
20322
5750
18751
8467
4363
19153
615
15969
2204
22784
3315
29518
14897
28247
1106
7828
3797
28148
17239
14406
25050
2063
21308
5369
24046
7951
28247
594
20330
31403
13851
29862
29981
2290
19707
7589
28343
26425
23737
19149
13655
22731
12068
10000
18382
16433
21452
16607
28325
10161
6197
3891
89
2981
12038
15296
30547
25249
13340
28737
588
2246
13505
17318
6946
22627
7274
2718
8357
397
13669
30213
13971
17242
24187
12344
8505
9840
18554
14528
16784
1595
7949
12658
4546
31763
26091
8124
19199
13486
26584
20812
21648
32544
17059
12175
30266
7206
3532
20899
7186
245
18180
17900
21428
30469
27892
12916
29318
7647
11847
23850
23449
31728
9710
23570
4575
26959
25239
27072
23182
19591
13983
15459
9333
21474
24807
29906
1107
2198
5492
13190
18918
27589
12000
27607
17812
13417
7538
3773
19282
29804
6605
32328
16871
19224
27495
8400
16478
19237
22889
9613
5686
11843
7808
122
19614
23788
8566
9135
8446
14419
13690
4768
27460
251
17494
7869
9640
18966
24358
26810
4159
21909
11295
20670
15754
27447
26419
5437
4540
9574
21245
32442
28427
8195
25784
26654
15314
19734
9917
15727
15042
19609
323
931
22938
19339
18566
3897
5404
9363
17515
24382
29077
30839
12956
25166
21445
19088
23643
15417
24449
32541
9980
15089
15696
21565
9992
11889
178
6562
25455
18630
3948
15961
4775
280
20730
16148
15783
20401
6715
2080
30999
21646
17538
10295
22927
28682
3875
30203
26261
29307
24376
26734
20240
3677
30583
14446
15116
21453
32418
22861
29017
25174
4145
23736
19982
17886
7359
32020
5703
5339
13922
18511
17211
4255
5736
13375
20539
26921
23521
7653
21407
25571
4498
5709
32207
16898
18286
31291
30858
9807
30719
21463
12205
16869
7713
20123
1412
5211
21613
13685
4041
31617
28393
15608
4929
6050
31048
15701
15121
19278
25513
13891
28834
28396
5991
3991
30405
1376
30126
10291
17525
30424
29321
25658
19710
26316
18403
4947
24391
8272
27559
17926
12079
10008
20793
12467
4996
9053
20902
22364
4322
31100
8589
10388
1142
18359
17853
28389
23547
20475
19966
1398
3490
3512
27999
19250
7826
1558
7280
5486
907
25659
5668
21120
20590
17662
8832
1181
3090
3257
27816
28464
936
25830
27108
8160
12733
1574
20845
1791
12371
8909
21554
3754
6491
30771
31139
24394
9792
28612
54
28151
32126
17355
15540
12555
31545
3444
8590
5539
12508
3819
5850
9982
8907
10774
24623
15601
26604
24627
17149
14008
3542
3703
27578
29889
10011
182
31593
14879
32638
6954
25596
15049
7924
13030
15005
9741
14706
16765
14696
12648
28629
17931
25771
18877
3641
4113
2913
5962
6766
22977
10623
21623
3696
922
10497
13439
9235
26575
23788
276
8287
16133
4674
5981
11299
16338
5903
27934
21945
29909
262
4485
15483
19382
1832
17458
18093
4833
10025
31740
26347
17399
21562
26635
21563
4293
31796
26325
7362
576
947
3527
17268
5402
16611
20607
4122
10085
26349
1734
19257
5056
31862
7611
9271
22917
2792
20575
26146
11163
28575
18934
5662
23656
12755
12853
18170
13287
19128
7916
18890
27929
28698
3094
24504
4519
16446
4081
11812
17240
7318
4804
26127
25074
14633
3751
29693
18517
20903
17775
15467
17004
10248
22448
8685
30578
14306
4288
8462
31635
8626
5091
13816
12940
29615
30875
14321
17471
32736
6562
19808
32384
4087
16448
357
2330
23624
17037
3419
7181
26769
13952
24409
8174
9433
3714
19826
9988
668
7278
4173
10866
24931
13625
6590
10622
26830
31458
19466
30580
30191
24942
23224
3183
29589
8555
4122
17732
29280
2240
11977
27711
1012
30901
11733
18223
384
23544
1173
22726
4285
15893
22131
20933
18755
23931
26014
24238
32278
16134
1193
11514
30134
10373
21283
14211
1958
14534
10590
5863
21732
19725
30238
580
8586
3534
2075
18164
23607
32079
27848
13196
32678
18435
32184
2496
4204
7875
14258
11482
4286
31224
19227
25358
15578
20804
518
5987
22844
23678
31122
21803
12953
26221
17221
9250
4694
28205
28324
16367
24656
5370
16574
11127
24069
31643
8941
4478
10299
6777
8008
15319
30142
14416
13883
10371
23225
2096
31736
16470
1109
25030
23311
17861
1843
32346
16352
25990
19653
1255
32502
27622
10205
25286
12067
3510
20659
18619
18087
16982
19773
2625
27141
3660
14032
31714
18685
15822
14383
24862
5143
30354
11348
27485
29412
25606
798
4268
7686
22694
32229
6788
24048
5571
25335
8791
2397
18649
29329
21365
20631
12185
7756
21277
9930
23806
23572
8636
18617
29081
4845
10932
4958
11971
15900
14189
660
3239
4672
29322
30711
8884
1614
10634
659
10566
11300
2177
1532
5580
27855
32155
15323
29646
22992
13657
18387
6261
7802
9088
727
6919
28792
1550
12231
2654
13742
9710
8746
22619
16380
191
27113
19066
13443
26389
3585
28565
20990
27145
29228
31786
22259
20745
20213
31131
17265
19549
16497
13970
18195
29669
24344
21804
602
20617
5592
18310
4089
10477
20606
18430
14150
16822
6268
28705
21975
11217
5514
6763
26241
21322
5742
26217
29509
29673
859
24140
28365
1812
10671
26165
10308
21971
9375
24843
16768
5806
4716
24584
11247
26910
19387
11828
31882
13264
4761
11827
31341
11421
8701
30630
18376
6928
19057
30882
20273
19096
12705
5654
18085
13602
10573
19545
8517
12016
15840
11632
10426
6610
9563
29116
26535
32601
24244
10746
25257
5835
32059
6852
25039
15126
12122
27464
15637
11467
23301
27391
16063
28660
28041
10319
17156
9728
3278
30692
13363
2107
20525
11601
7087
32561
30513
31541
24800
6896
28665
15751
10881
4541
32274
28399
4118
13000
14365
8810
23800
19389
17823
29222
29517
7064
3695
31226
13550
12945
10854
31583
23793
27265
15235
11532
15425
7626
18341
16313
30526
17578
24043
25178
24778
27483
17888
15701
8298
19074
5466
7790
6690
20031
23316
11248
18299
21795
24634
20277
3817
22289
8385
11944
16175
14936
14771
22738
5049
21391
13888
11288
15915
25021
12242
14586
14843
9418
20520
8756
8700
3047
7385
12476
6782
29127
339
11774
31170
8250
32108
31098
27770
22286
29697
14638
6059
23049
24950
1713
9500
24698
948
22271
1204
31553
28406
22537
793
21408
32596
7821
25959
5948
15285
10023
9451
2831
13942
252
17665
2672
344
12663
27142
30964
13586
21933
10404
8443
4713
41
25627
8776
28943
32547
6912
18035
25525
16677
14003
29344
31597
12975
29363
15078
16718
15239
16337
9109
12846
17816
24489
6245
1870
2045
28007
794
26668
1161
20451
16698
9702
956
25125
4440
20131
24128
14939
3301
13361
5866
23811
1380
28027
24475
20901
23142
5007
5024
10822
22116
10839
30154
8309
8829
25440
7857
30207
789
6211
25387
29189
31135
13343
19191
29455
3634
19975
7577
26063
20917
12433
16527
16716
4468
25372
7817
25317
2073
20472
28825
3214
27173
11194
12026
28526
3782
10628
14832
15733
27007
26300
6175
32704
4379
10598
16347
23523
17228
8928
27183
29136
24084
18298
25464
30352
16535
29024
17735
19138
12642
19969
1573
9453
28683
6415
25078
23889
19841
7811
9100
31610
5910
12680
21679
24709
3023
1077
1888
6342
21230
5724
26570
5252
15318
452
13770
27546
10557
19859
28896
7768
6747
30907
13984
6406
29619
6772
21063
3091
22485
24287
23198
5355
13736
19370
29912
31624
8951
9739
32380
28699
30397
26869
5405
16543
32485
30535
18902
10217
15047
32033
6726
12968
3370
23243
8137
8110
24028
9757
13466
6535
8351
11955
1512
4389
18355
22601
6094
29828
23358
16962
32563
6963
23322
22502
11941
28531
16445
32720
9366
4280
26209
26740
11495
30289
7486
1102
17544
10644
5739
27589
32631
15850
13555
5459
28754
19426
26321
19727
8609
3255
22738
20175
24057
29618
3970
20597
2070
22980
22222
10359
20795
18999
27550
2306
3532
27288
26159
8710
12900
9236
1180
17564
22106
11203
7981
23458
22988
7143
5249
10069
29766
15376
6007
16779
6906
13385
21316
20629
15212
4556
17441
2156
16754
29125
23638
13380
27303
14560
849
7091
25137
5845
26326
20444
13510
8488
18814
21442
17331
2034
15348
12899
16130
13916
27934
1806
30336
18836
885
22092
15570
13140
1981
1655
16583
15850
31804
20959
8709
20689
8939
12294
29989
25517
21720
20734
5666
4855
2952
18225
27910
16395
19874
24375
1801
4889
24974
7924
12974
24215
31674
5004
27737
6914
18597
4748
20524
4081
10209
9114
480
6854
6559
12
8261
21410
13143
2431
8560
18766
20545
2907
21394
30251
27479
13424
1436
29866
20638
14260
26595
17223
5980
17406
654
25061
24515
21582
19251
8186
3886
29608
24999
25218
1336
29877
18218
29005
16006
29586
25023
12419
26969
28801
2399
25369
12034
9992
17446
12547
24233
8860
20882
31143
13141
20052
30
7398
8913
5016
25133
25359
518
16926
15446
13513
4082
30580
16938
3201
23636
8394
30212
22071
18740
4724
22414
21813
30674
21233
8335
29475
15019
1300
27849
17846
21357
10575
21363
19830
25886
23412
13498
11263
6841
3145
31085
22080
4073
9200
15784
22795
24828
31855
20946
25441
8513
13169
7145
6902
15073
12207
27348
9937
20291
11395
6743
2518
13686
14592
19878
7656
22726
17894
16724
6820
259
8061
9314
18616
3130
1175
1173
28616
11742
11433
26913
11871
16933
15170
14307
9114
24214
5600
22623
15967
18991
22698
26043
4602
16772
17754
559
6810
12245
6506
2209
26264
29989
28519
14046
10123
28631
28246
7892
30280
29235
27255
17384
29337
5585
16971
29408
18741
9936
28390
17611
12171
6043
25318
1944
7445
13587
23395
1838
12071
3419
32689
20190
17354
10488
17505
30623
14373
14080
14409
20448
28233
27273
4986
16804
4644
12050
25495
12783
68
6599
29177
31945
1935
17013
3846
29089
15982
15508
17026
14652
25491
5859
6216
17648
3988
8814
13138
23870
6500
7586
26381
11408
3662
28952
25111
19659
7339
11972
14949
10369
12711
5663
29479
30738
22878
11497
543
10847
32690
22720
22533
266
15915
19052
20806
30077
26779
6565
13890
5996
26275
17011
30453
23816
18657
29364
6285
26190
30272
11856
30840
5180
5804
25968
13445
23356
12466
32131
31144
20961
24455
29215
10897
29744
32151
20239
6929
27025
11241
3603
2270
15035
26079
21691
26329
5308
30877
766
8861
22717
23297
20821
31493
20130
6097
6440
18048
12328
17277
31355
12767
30487
14760
31130
25552
7144
27333
21664
19790
14471
23506
4903
14411
29060
15294
23512
3171
9390
27132
29688
18669
21687
29199
20226
18455
14661
25051
2935
2774
15906
7963
11956
28865
21137
23953
4130
5084
21342
15051
26368
3922
5956
25104
30661
15581
25288
32411
8270
11334
11503
19985
22742
26729
24005
27221
21502
12339
18186
7621
20352
14599
25954
2223
21509
25480
21212
15954
32084
27338
9152
27586
30403
15708
18348
2410
31769
6675
27413
29070
802
12882
25611
9124
6104
28902
23794
16578
18869
10486
19361
27807
19003
29462
20630
19459
1925
22700
9979
14907
11893
11514
31692
27401
13206
12997
26186
8536
18348
5471
19674
14584
14851
17101
23443
12950
1805
7568
5221
10208
27355
20682
1337
11721
25877
218
6191
22932
8161
26437
1750
16150
28267
5296
4812
32053
22511
14889
23682
30552
12462
6765
26875
3027
14390
16571
12729
11612
30473
15834
6267
26753
30438
23830
25016
27697
32221
3019
4187
1945
27523
10044
10290
1993
9909
23272
20351
4746
10274
13391
20903
29872
5456
16116
4625
14226
17529
3079
6952
13920
9318
5672
10958
946
15368
21269
718
3432
11721
5934
9552
27476
30125
14816
3695
20122
1204
27413
22344
14703
9974
9838
13544
29193
22445
24597
5842
4566
31917
4711
2589
31527
25350
12996
30258
18493
29545
15974
19101
16183
12960
27140
9576
17478
20977
26092
20584
15977
30339
1884
1057
2164
249
24849
3287
6613
24369
25096
15226
7829
15529
24756
6625
1115
28360
20646
28230
23439
5063
9632
16275
28236
16600
7547
32404
20441
29965
2628
30548
8823
26807
9996
8371
18396
14717
12954
17748
24545
23098
29508
16850
25754
19347
11029
24113
8148
18936
16548
1829
25221
24087
3425
3707
21621
1418
15218
29821
25305
18848
10687
20266
12045
26511
27490
28734
16031
5901
2303
32000
30394
26027
15218
6075
8571
23407
26749
14140
5711
140
4084
8906
32602
15941
9722
489
26263
21619
25346
16750
22863
18771
19044
4781
4023
3155
6832
3099
22467
7209
932
22395
28320
23840
11420
20186
29213
10307
1102
24794
29428
11523
30331
23841
5317
1793
2155
24563
4482
15931
31876
22390
2082
22806
168
17585
20459
28076
24620
157
9112
3089
6230
28140
13816
681
28799
16866
9098
25798
4434
26653
11613
13448
9564
18032
17952
21712
1800
11714
13066
23581
5177
18278
2953
15137
12841
20969
27969
26006
18086
29146
2605
17401
6063
9168
12594
6604
26431
17692
11897
2715
26833
11464
4865
7917
31376
3755
24126
2877
25500
24945
32145
14234
14644
8825
21451
28288
16038
2383
16598
32610
30129
19298
9148
6149
699
16428
5776
29933
18504
13723
17959
7283
4321
24105
30546
1743
22011
1573
1319
22194
21807
18824
8669
16144
523
32235
27530
24751
25894
11306
32373
2529
20403
22941
28424
29208
3415
27553
13473
23501
19764
16178
31017
24255
19367
31570
12893
23430
14393
15742
9260
6593
12584
10787
5813
26346
25922
7750
21149
16402
3760
6549
3837
3580
14821
25510
21070
11681
18071
5924
25218
32117
12550
23437
27633
13057
23944
30926
2768
18684
9206
13307
10018
25429
16509
51
23557
4134
12625
1635
29688
24004
15241
1110
14864
23156
21669
23606
15737
6436
13369
21866
4369
305
24577
10603
11841
25803
9212
31617
7966
31051
9602
22327
8184
22936
29104
16009
13564
8645
4658
11457
31846
29400
31160
25837
2758
16985
11193
25783
17425
19823
29119
17012
7359
32670
31316
6262
4338
11014
2794
31622
15804
8295
24649
7917
11020
7675
16825
6812
28202
29456
20060
25549
19539
23880
29534
31257
11765
30416
17321
16658
17657
31087
3268
5406
11382
4821
12437
26881
26953
19810
28833
10970
20912
24503
30112
7711
5138
12503
17971
31874
10840
4038
2320
27396
8692
16646
26693
8791
2502
28903
28418
26227
1564
31393
14451
2127
18887
1408
24642
17843
11860
2202
21600
32022
19168
13910
26135
18977
5930
9958
25426
19075
21979
11780
5369
3242
22237
22641
7908
24419
7661
32098
21347
27479
26004
11490
29248
91
26620
8040
14444
17431
2321
23748
17538
22874
27928
10931
31588
14125
21686
30976
20136
29690
18607
27763
7587
14658
629
29379
3732
13802
31537
18499
25000
21253
7580
19282
20467
9633
9694
13019
12771
10514
10652
14533
19212
32146
15628
29077
26369
24624
23326
11237
3162
4073
28558
11616
13068
14790
23856
31436
8531
25615
4597
28104
14278
10445
7421
31646
2423
690
26203
10158
7396
25901
20600
3630
14120
6998
23136
16148
9644
10506
32140
14301
16764
30157
20423
15410
14940
18752
14055
25778
23885
6206
26059
16410
29203
30193
17208
25089
17008
11400
19817
19702
4873
23031
11520
18373
21989
15149
10167
1007
25027
11554
6286
32568
25585
32063
4512
16118
659
11377
31177
3427
30367
19691
17020
3222
1143
23789
17193
17568
15802
27637
289
17244
4388
12570
11401
24713
21512
656
29065
20523
24850
13080
21478
24470
5486
12127
2441
25809
3994
22718
13104
19331
9294
24066
16179
5449
13119
21411
2431
830
22172
11403
15994
25560
30599
13609
7170
19796
11911
22294
20224
14046
28850
19344
3833
7144
32680
24834
14494
31483
3406
4936
3545
30394
6832
28373
3808
32386
2243
20767
29316
15709
10198
15659
28193
26815
724
1036
257
23928
19496
14535
514
25983
26507
18049
29116
7729
1357
14637
11532
3423
25869
26724
7038
10170
18271
11272
1414
5411
7721
16156
31954
5221
28639
9908
21893
19471
27152
14527
17619
25241
20681
31386
23976
7683
19920
18017
15971
30873
5830
16281
15181
28976
7454
26583
16940
17445
4751
17485
901
18082
19463
17624
5516
29223
13736
6535
18088
12639
867
12586
16152
23055
3342
24578
829
22546
18369
11585
11476
31015
1186
5928
20313
16650
5940
25977
16946
18874
25037
16884
13134
13218
528
2886
9566
6901
27302
23647
25493
12515
3986
6735
15626
10325
26861
27604
30783
3945
30118
29850
18609
18706
22226
22533
26022
30353
31968
12802
18602
12024
2611
31764
9132
2025
7741
11580
11637
17771
23940
7199
25244
492
15186
13204
14809
7881
14923
13253
27386
10851
2196
10627
12624
29649
15658
25806
23982
3548
18258
31245
30136
22207
18108
2365
23906
32723
31543
20747
20070
10870
388
1539
12781
30619
592
25028
1669
12961
3799
14979
4654
3597
15350
23634
17442
3187
32600
26360
13875
8368
848
12385
25948
16257
12157
6055
5398
11116
14524
28829
20554
16423
4710
1290
9650
27489
3564
8596
7099
28453
25774
3493
24443
12463
21302
30111
5237
28102
32301
12312
10451
32751
1277
26665
938
8535
10847
29296
4892
29370
4639
16399
12945
22677
11963
31413
2161
30734
23411
32140
32342
27515
25631
17576
30031
25197
16979
30684
2958
17542
15062
32420
23985
29521
28239
1830
21282
19141
7524
17807
16629
17464
14679
30774
2502
28138
20658
16012
3223
450
12927
15113
29187
3897
4899
14181
18179
19508
10
611
15587
19240
7444
29733
31360
31631
26481
25506
25208
5904
30868
26
26930
19357
28566
7784
17208
25087
15340
29487
14330
19569
30165
23585
31191
4124
11789
15736
29205
16573
26440
18207
19799
5433
14217
25897
19713
17388
24700
26113
20693
6499
18311
10152
14342
19059
10638
30573
3303
5913
12518
24288
22962
4864
26268
26829
29732
23510
16540
5074
28933
563
9554
27799
20618
10600
14626
5389
21573
3839
28269
19987
5445
11716
14968
12553
30591
11187
9625
27792
6897
2721
27
28912
20615
30196
17708
28758
27742
2929
11696
21195
17661
5652
25792
20905
25666
11931
32661
30010
10424
22219
5313
4272
25559
7310
7833
21291
15518
16133
2828
4138
5864
10340
26089
1033
32137
8964
16364
16681
11460
11341
31982
13907
20508
24614
1385
7849
15739
3110
2863
29026
12704
27058
28712
28171
10964
2049
10909
25421
3028
24925
13686
31689
31268
21891
3236
14260
28146
26571
4496
26183
19819
18692
23604
18947
4150
1441
9347
285
29902
32716
20997
21225
20054
9275
31791
23496
22994
30145
1997
3521
18627
20968
28337
28514
291
28726
5212
15121
5541
17658
3380
15306
19607
12648
2902
3256
8416
26867
23822
8055
5474
18306
29524
12566
23685
31353
11515
11207
19698
22865
22077
29001
16548
23442
1251
21908
14553
1128
21738
18464
21234
30078
2702
14051
30729
19570
8701
13693
9061
18878
14442
4880
32322
2385
17139
12923
14900
22128
27519
23772
15861
16459
2895
9422
19437
10077
14127
20254
18001
21037
28483
23133
20168
15780
2826
5150
27092
3730
25931
14051
19422
20571
20040
19832
10545
26082
28202
28714
2942
8725
29771
18160
6597
15378
4548
10851
23298
18272
31970
20517
17260
23937
10798
14718
17096
23856
7888
27621
15575
25245
20486
1696
11712
28056
2906
27869
30112
2223
20241
26076
19181
3820
28311
9493
18561
26513
2306
1364
11892
28734
23979
987
26322
21448
217
7897
31573
18104
29479
5629
28272
29470
7522
23875
26225
1681
30507
14533
1292
10082
29740
26593
14870
22828
2116
14517
30401
12683
16559
28413
950
18287
12246
15196
24685
29966
12577
19891
6287
16852
16945
7925
24613
9248
13847
30874
13433
9048
29249
3757
28696
17238
7331
7236
21286
592
25524
15564
12267
30352
21132
5680
19507
12526
3455
32164
9527
16137
11752
26433
12511
25282
8506
9489
30297
505
5267
18974
10709
23057
29841
16065
3240
6551
14347
25449
3232
21155
744
12372
28460
26244
12876
14143
5343
32497
7565
15796
10321
22748
21061
1703
24773
21776
6383
29551
26019
11635
27138
21921
17183
29222
15243
20225
30204
20704
19134
19668
30172
20461
16335
26426
3213
20673
30449
6678
26259
21952
16907
27245
12863
17427
24668
12633
14571
4605
25648
2733
5368
4867
8036
16908
26462
9646
27475
17683
2197
17339
11600
32706
9764
19345
12013
2922
17799
32130
1436
1984
18347
28564
11543
29286
2523
16149
27073
5671
11521
24354
9922
5287
20116
23796
16776
1495
26584
15521
19846
32492
14738
23107
22413
7949
22681
9758
17951
21955
23564
27356
4910
17715
4841
597
10439
15420
4174
24367
4466
31646
28990
13088
14965
27995
8078
21418
25340
7455
5348
16581
28587
6979
16726
4833
23266
23863
23580
6502
812
19554
17095
7194
28613
8544
32597
11893
8745
23663
10087
16706
7961
14421
14376
27126
9447
30369
2928
14993
8009
29466
4628
15139
20429
18820
5306
16855
17419
4034
26039
647
28910
29538
3323
8804
32444
16123
21693
18324
771
32742
2627
30677
13385
10586
11932
27998
16730
27221
23565
5977
817
31723
25597
2644
1400
14927
20791
1595
20356
19863
29472
26363
25464
1541
7078
17052
13260
7032
22242
22713
6009
2082
10973
3697
15246
11756
10308
30322
27262
8003
29163
26930
9849
5647
21385
6201
22779
28124
12041
29057
31300
31071
21303
6225
12896
29033
29572
14700
31352
31864
31888
28497
13006
20800
4208
18106
23891
23672
8281
30264
31881
4564
28604
25941
19860
3220
26575
16289
4820
8458
10817
838
2451
23153
9588
11995
7508
7470
30294
23710
6702
7567
26034
14621
3243
7201
10278
22978
20381
20276
18374
13419
17229
22928
4647
8873
26141
14324
29966
28028
31208
15812
30316
20965
1216
28685
11393
25082
27150
15184
7095
22266
30542
14562
2297
5004
1028
29651
5077
513
19191
18232
22538
14867
25630
20607
30314
26204
10098
9289
16272
11034
205
20495
22783
9747
6189
6736
28801
28603
28905
28295
16383
2078
25849
226
1453
4452
23457
30537
6174
3752
16485
8044
13825
2548
32563
31988
18541
11180
7509
11593
3513
27448
5943
26591
7778
7176
24344
1229
18488
17557
3767
778
20746
21690
595
28685
7723
31599
30957
28839
18199
10824
9721
19451
28821
5720
17367
8656
26053
19672
18772
19606
30750
16357
18252
26295
4033
3534
15099
18811
4277
26680
26451
5578
3939
3081
1968
23771
997
5479
16524
8657
21580
30262
29206
16564
32100
27009
644
1921
23143
31440
8378
30320
1520
13687
8015
14780
22046
6302
30502
26489
24906
921
8449
19090
6378
23710
32687
14586
24775
7323
25200
6887
25167
22170
24374
31232
5648
24097
25637
29050
31604
10132
21362
7923
9354
24791
28252
23785
11605
16655
32235
24169
29616
9409
23583
18089
11423
24806
15913
25927
8511
29662
23080
14875
30059
12883
30456
15952
10738
20428
1383
17875
25738
32077
27571
19536
17144
28906
18201
16536
31631
11298
10556
2706
7220
16645
24650
27526
4161
30551
26669
26612
22833
11426
16478
30532
24665
24766
18511
32415
26580
8301
9678
430
2773
15261
6275
19495
4863
13480
3179
17234
13969
3810
6489
26647
23839
29342
27003
29817
2213
24862
28820
18688
612
1101
29442
23509
2541
4545
2304
15814
24192
26857
2344
15544
28624
5366
13681
6361
2662
27110
20091
10850
3429
28987
15916
24541
27632
2031
3304
29881
17686
14798
28786
30658
9798
1155
16903
14663
9703
16686
8903
5530
26832
8439
19279
127
21548
7493
26727
8716
3860
27183
26094
11854
28387
2405
8653
29622
12539
24454
8127
7756
16937
8874
30885
6373
17710
25133
30650
3396
4062
31127
7394
3684
17047
9291
29558
14214
10395
30589
31891
21746
20625
12725
214
808
19733
27240
24217
3864
17093
7775
19307
24739
28141
27769
2806
21908
13123
32645
5094
30633
1821
1594
24192
32289
15984
8667
20183
30106
12887
20816
10090
871
26406
27883
3305
809
6670
21576
27563
5785
11118
16612
16948
364
16865
10002
9460
17382
20150
6477
3871
30492
10164
22812
26899
8375
20974
14712
17065
16662
13525
31705
3
20022
26846
22963
8369
22489
29870
23742
10597
31150
23008
3038
17504
4717
14802
28302
23485
2023
1083
6992
21968
4472
23910
20641
12985
32064
2214
4133
32116
15637
11748
13409
15269
32694
16750
9156
12248
31615
15680
25025
26387
14827
5511
3586
24148
5178
27325
14292
32702
26376
24972
2655
6877
25933
21503
27410
23631
32707
3848
24796
1846
2626
23363
23342
7051
20950
19838
5337
2002
14428
21794
19787
26244
9242
27236
21420
5326
22880
30494
6917
13314
22101
9560
10152
25513
30039
18910
7771
3563
18011
17147
21146
6485
31928
30589
24500
26757
8042
14487
7543
19780
22965
9491
8619
1349
1045
5302
1031
5152
21594
1086
13441
26255
22598
21913
23779
8484
27557
212
19494
23848
12346
31510
26341
30883
26780
4501
9435
30682
25131
20784
19480
10800
17239
22552
30956
21845
27509
28835
7095
1674
21319
31428
24506
15635
10126
31828
15224
18622
19042
4244
26921
25465
31495
21414
23325
28479
17373
25209
25875
2266
2624
25625
10675
6640
16500
2814
31281
23009
3737
2040
18301
28554
28914
16055
29078
11758
5612
29880
30602
15608
11810
28653
6486
18049
15683
13628
27845
13308
14537
21044
15465
8944
12902
1263
10633
2282
27907
32555
10076
19980
20533
30133
21664
20752
18221
27442
19245
6655
16725
12947
7599
5916
18585
15378
21797
1695
24009
26891
24571
7483
5333
27239
18141
24725
1097
1889
10863
1304
28561
15305
11746
27901
7138
11025
23770
11511
26742
26638
14996
20995
30594
13100
13501
28399
23134
12676
27931
17350
2754
994
16425
29183
25447
7719
10994
28743
25708
6283
26913
30237
1541
31774
413
9950
17688
22826
16018
16957
24244
2413
31247
27482
481
1161
11810
20818
2544
32286
17034
30344
173
9510
9603
28792
32531
11367
24687
8966
28297
8427
6037
12749
26043
2828
12093
26795
28682
29779
21592
4958
18364
13150
30486
3556
29404
2883
17507
17416
10751
29767
14456
18868
13180
7904
23195
18088
27741
11963
7898
5520
12573
14245
5707
23802
779
30078
16136
18623
10692
14554
8026
32355
20531
28391
6309
31224
12001
5495
16151
11474
1050
7973
2479
20605
6519
17264
11003
22386
29476
2754
9030
11772
548
28124
28516
27384
2480
21248
32739
12930
8069
1127
26711
6657
22473
12529
11725
13129
14476
28538
9855
25835
10072
2925
4049
2051
15120
13762
197
17447
29369
29473
21340
20976
22908
22761
26839
24698
22620
8601
9075
30797
4530
20064
9540
8492
21926
9199
14837
397
32557
12428
5607
25177
17683
30147
3650
14098
22278
24098
19894
11996
15312
14616
15327
22541
24349
22767
17622
22866
26698
30974
6051
22206
8151
18316
16255
545
23914
7974
13652
16280
13378
13410
27919
11689
17681
11618
9407
31435
32099
15423
4329
16260
13878
13453
13294
5284
193
23049
31322
25462
28056
26953
2183
15788
8972
20324
29268
1679
3158
2875
5018
7845
22253
3648
1452
20299
15319
28184
30441
20937
21200
29981
12850
9736
14544
2540
23023
8986
24799
25274
23196
28062
6672
19466
7933
1874
23410
11947
16347
10637
4056
12603
18795
22639
27773
19377
24831
21497
30756
13239
31119
10433
9996
3955
15991
22593
24658
19420
13554
386
24554
10387
31644
318
11781
24143
2980
29229
16965
13336
27715
8238
3913
26391
26324
23112
31990
2
4360
13532
207
22253
25308
30537
29549
31709
11939
7720
10230
24609
13524
13708
1213
14982
21173
14821
5965
22089
1970
20242
13211
12853
2905
16491
19559
24568
26991
26856
26934
4586
8811
32329
30760
16431
4253
15922
22146
12720
22944
26109
6532
30964
32656
574
27215
24635
25680
12276
32170
22771
26402
25109
30244
31351
15382
27477
10580
5611
8286
7304
16714
26054
23823
20650
3523
11034
7345
15807
23388
32113
5269
15851
11179
7360
12544
29896
16243
17065
25894
30804
3639
2692
14480
24015
2136
61
263
6076
29461
13139
29336
18550
6630
9713
19392
7739
27508
19822
20796
5470
24597
10885
16671
10194
13850
8523
1043
29001
21553
27568
5689
31884
535
10444
10733
24990
19265
11421
693
18879
29279
20167
1247
19029
31406
29022
688
29614
14412
27388
2000
3869
10070
16452
13528
23250
15501
2766
11558
7314
25371
20785
28167
24406
10467
19287
14731
1919
23025
8719
16898
8686
30543
1639
15551
24002
14449
19811
17752
13669
25963
20667
4894
21535
4768
27467
2140
11074
18613
12882
3706
23009
83
5605
9286
10040
2983
6077
24263
27305
30361
6586
11079
19141
15735
9692
11723
6375
457
29810
764
10860
5420
18437
16611
26110
9458
31000
17785
27882
19850
20217
15356
17484
7461
19596
8333
7407
16535
4031
20619
469
23093
28077
13948
11785
17964
21376
29361
10300
3888
25228
2883
7787
22787
30053
29500
9215
26188
30806
5562
781
4112
5651
24640
19847
16181
453
27070
21956
22928
18502
31695
31585
16106
21225
30516
14835
10747
20838
18184
3569
2993
3438
29100
454
31181
17693
13972
16739
15057
15162
3249
914
26972
23022
20036
19798
21774
21055
27941
9392
11832
1637
16922
27754
12118
16507
6099
29515
18402
22455
15375
6932
4782
30853
31757
25181
21808
26648
24478
14577
7797
30902
7909
17364
14422
12068
13874
18428
15384
18827
32456
12826
879
3192
2642
12254
18025
1060
5651
23268
20047
24845
10294
3245
2443
30693
76
6949
12765
22244
902
9771
22813
14223
388
27937
30634
2853
5781
4397
4933
6536
2385
1591
5551
21035
19264
11888
1537
31548
21706
5504
17330
16818
24958
14914
20690
9686
26927
31158
27262
32141
22963
23145
18564
14724
10939
21945
1390
24855
16717
14175
19702
30929
228
23155
6762
14331
20087
31220
25142
12073
5665
11304
6146
9595
17905
30480
5054
22215
15872
623
6082
9507
22202
12895
4497
24454
4244
29465
28345
7824
27670
18899
10712
25650
12845
15927
986
15508
24507
2809
9848
4585
23488
22117
1238
15112
28750
31966
21936
28200
25883
1339
23263
23526
23237
9369
26671
1548
31741
17862
21758
17096
8986
8840
21806
11471
28840
28750
31751
19192
5189
12815
5994
12334
5210
26609
23731
8410
21467
18571
14957
32175
9403
1469
16720
16799
15855
14228
30022
3560
5172
4230
29564
20274
9881
11361
14002
23920
22112
7813
25353
24832
9131
22419
20745
1010
15108
32758
3440
8196
3589
5882
28257
26807
26472
20088
13630
30668
32255
29650
5075
29557
28932
8603
18216
10560
30257
23726
24191
19023
27390
19591
25691
24570
404
3560
8741
506
4226
23399
13517
1051
13234
10765
1710
31599
16082
10845
2698
7848
9417
30042
27436
3813
16636
5572
8397
27768
3476
9791
29239
23507
22542
4317
31520
30690
17396
28791
22490
7909
29016
12955
23996
6711
2023
15730
17616
15472
11864
5187
28594
15993
30013
3225
28809
26170
3341
4336
23793
18747
25029
1796
5868
370
27813
12317
23980
30732
16756
30116
19594
8109
723
23708
12761
23862
20987
21054
7651
5312
2877
7703
6642
4457
31348
24071
11824
11753
3705
22440
13817
18702
30100
17117
5794
2318
6064
13026
10640
7551
14635
18187
25752
4735
16016
29399
29172
9164
25642
28694
21533
16568
16324
23461
29926
3330
9479
29453
4109
12610
20937
24613
23039
17154
18804
20218
9930
19574
26602
29310
16859
21848
25231
3872
536
8873
18053
4646
11236
30607
19358
15040
27798
30241
255
16862
28512
26805
16843
18584
6631
569
1808
14370
21156
20620
16509
20193
27563
7241
21432
17439
32583
7279
8417
1489
19488
26687
25160
30978
12300
12910
59
9701
17919
4653
13198
10442
21937
3678
9229
12439
3994
6723
12646
16315
31595
27145
26537
27103
31922
7599
4572
4447
6974
23003
27421
940
22852
1907
25882
4201
5782
29950
3022
7875
5458
27548
22702
17327
19661
30544
9576
13496
26136
10142
18505
19252
23772
17749
16503
18563
2702
30484
10409
32032
20855
29139
4728
9666
3096
4104
29973
5220
27260
15652
20628
2340
23198
1329
15183
18074
2714
4092
16795
9582
7414
21622
10584
20625
9287
25054
14420
4275
6111
16408
27487
8025
7335
1379
1851
23855
16138
1780
29249
30205
32269
27454
4729
9092
23592
12131
3776
7201
7878
11408
19254
2599
752
19950
27580
31264
31035
19407
3492
11836
20242
17149
14985
2074
2746
31530
30310
14064
9352
19709
12703
31720
28579
2166
25881
31210
18052
2400
7656
2343
26212
28161
11704
17745
4765
24942
9139
20852
18298
12119
10908
3850
13799
14896
19856
32187
6857
12582
21433
19593
31736
17796
7346
32700
7425
12144
24062
19931
25555
15715
25105
6416
1965
8364
29640
17764
32696
20864
25518
27612
13143
19520
19090
22291
19256
31992
9218
29199
29385
14627
27216
3500
5835
31301
28671
28112
21260
23166
20443
11004
21748
11862
30139
19346
27408
9965
25032
6465
23546
26966
25678
32522
3612
9378
9587
15213
17511
13796
7900
22676
20166
32668
11363
8237
20310
24640
20226
24408
4072
5887
5305
23918
28241
6821
14604
13703
18029
6110
17417
767
22824
13507
22706
19006
31010
5802
8597
23451
28374
21351
15432
7399
24153
6123
1293
27511
16554
10928
26219
18510
28846
24326
10510
28804
10225
4918
10668
13068
31906
17739
10159
3760
31788
17485
21974
9825
32360
32546
6865
1705
15682
28072
25178
19885
19051
27086
15013
16637
2937
2314
19687
31474
25348
30827
14866
9130
6402
1931
28437
26538
31370
23369
14831
19604
17944
21543
7458
26516
11451
38
26104
9347
20958
16158
5827
25216
10548
26205
21619
1996
20155
20594
25939
13161
10209
11640
911
7640
11077
9070
15895
8933
17508
12064
12960
8437
4799
8732
20811
6215
12395
18718
10672
25171
21075
31023
13171
23112
32480
15732
12378
9863
16872
31555
7428
29588
2991
30324
26353
25365
30517
9141
25505
283
12690
26079
32179
30176
31811
21380
27412
23987
19535
6337
32129
31816
22812
29334
5747
9440
30961
6427
13859
25884
8724
32682
27565
26213
4928
30433
9356
18162
24519
26042
3494
32730
3768
27889
1192
19040
13618
14882
31721
12864
19321
10235
13165
13176
15232
26818
24946
4488
17147
3497
5861
10186
3123
15122
16633
7671
25706
27358
5292
10323
25578
10507
7162
26008
31595
8910
30049
23674
20701
27974
4740
2821
1543
23076
24789
17465
19735
25360
22252
12292
2119
19556
1316
2086
3175
28122
11852
20100
32333
22458
28826
25538
32269
31303
18829
32676
28754
21420
19921
1126
14744
10288
24908
6682
1952
1260
32510
21620
5168
9986
5729
6387
21010
29957
11149
5596
13828
9370
22452
21948
21220
18535
29601
15649
3045
18259
9311
18103
24399
17802
1444
5695
7065
7843
6347
7815
21874
9304
13348
9104
20195
13454
2448
25711
27499
14232
17442
19719
30771
16249
663
3843
13699
27833
24527
301
5730
16326
9362
6703
17015
22153
29291
28364
27943
22330
12979
27734
29114
30524
7022
19821
15054
18972
13485
873
6222
25581
29771
21435
29184
19393
20050
9915
30017
23667
21860
9170
26097
28231
759
24618
16056
32714
32588
16242
24528
12494
16656
21218
11835
32606
27922
14397
9758
20382
4973
4194
6400
18300
4342
26857
15721
26603
26984
975
11938
29632
26210
14712
2003
10139
16546
17666
8312
19121
9165
134
11540
6061
26864
4782
646
23192
10558
25162
12028
6188
25215
15449
30759
13344
20679
2597
3763
24780
30881
24754
22059
12763
27652
29137
26313
31422
25225
22070
25562
23013
2360
10482
12002
23401
11185
30121
17108
26847
4796
23422
10199
13333
2187
2124
13079
10731
18547
25596
14946
32324
32669
24255
11284
10460
10981
7507
27101
12834
32535
23990
29302
14819
10350
19391
18153
1140
24064
3772
20641
8798
22344
18288
15214
9514
21471
19319
1133
15706
24498
2384
21733
17318
21662
31068
20431
26473
27635
23954
23974
22695
29730
8100
21005
25334
24413
5170
19765
11686
18169
11207
24283
187
22231
20245
18669
13120
31156
24702
10431
22733
4933
31114
9262
11440
915
20757
3764
7695
26880
24921
3798
24804
15710
7996
27017
22714
10150
18420
15385
15746
22133
20000
7384
19880
8183
7297
4301
1865
22799
13304
18546
403
6053
23359
25977
21575
5309
12074
26438
1883
9880
9648
429
925
27993
5907
19065
6899
18544
1427
4574
1285
13604
494
31174
23693
20893
16802
23400
32573
14815
32756
10813
2372
30689
25324
12982
26536
19584
29392
27064
16616
6644
14655
5263
24533
26252
27232
496
12011
25052
16439
8684
16223
24508
22084
5308
5320
12388
29006
19528
22825
16408
7723
32393
30006
3204
22502
30701
29091
29293
27871
27936
32562
15878
17285
20303
2914
20160
17916
8114
16390
10222
10961
1331
2837
11708
28599
4100
14720
17987
17878
443
21783
21059
20661
27943
17834
9621
5304
27360
11531
17131
18973
29418
29213
21111
14876
3557
20277
20094
1335
3578
24719
32236
10825
4478
23137
10214
21902
7558
21918
30689
30050
5366
4871
8844
25678
24788
9500
22201
28184
5532
23728
7088
28480
29315
17986
24857
24436
31204
11981
16654
12149
26154
23134
2367
17306
31925
5872
3848
31166
28301
16481
28573
78
32347
31988
24664
14651
24533
12031
11703
14299
17120
27075
29463
4673
23143
5699
6667
7783
1241
30959
13289
7257
29620
3010
9326
7882
4258
12097
28889
14537
3371
31903
8824
4094
16710
20881
29649
9130
30577
9332
6828
30625
1582
27759
19065
10109
238
27343
21877
25486
16599
16248
2791
21000
12593
20120
8003
16307
17126
12819
21389
16368
2144
24511
16380
23634
8775
6975
9643
13275
3229
15618
8085
25804
8083
28603
31977
13487
23515
21430
18067
4658
1629
29206
30488
1519
8998
9422
27710
6158
3403
27176
22794
30051
16915
436
25219
30721
6680
27014
27363
29635
14389
31910
16278
24581
9585
27637
31200
30273
20998
24390
10706
12004
29002
21354
22645
9837
18549
26651
23022
28935
11108
17807
28082
13188
16222
5544
22981
3748
18133
16821
28559
29748
13062
14922
18273
176
19919
20428
5033
23288
10218
26186
2475
27866
9136
6512
19619
3342
14250
16047
9220
23887
30855
8871
25853
11221
16860
31930
27695
5557
30303
14552
22855
5585
8728
32559
29197
8425
19148
24860
6148
28884
763
5609
957
1560
24931
15283
9047
15953
10957
23461
21729
29890
24416
20338
12838
31875
18805
4137
7683
21151
16512
24014
23340
9176
643
12172
22247
15490
26937
14525
5555
254
20034
4143
16016
17866
24984
6012
1034
11566
9759
9652
26963
11961
12938
7193
17425
24542
24431
3721
9803
11899
8252
3165
4853
8722
8478
32213
32300
15562
12400
11199
23971
30398
17361
2986
9392
4935
9163
9239
11068
13936
32434
6393
29984
28450
6999
1528
23406
13180
20365
477
31579
17614
13074
31993
28746
10509
26111
5090
29380
24451
29559
32106
18733
5837
347
11160
14526
16364
14654
14188
4689
32114
21504
7259
32057
6199
7801
6155
16014
18657
7034
19786
13167
23391
13247
17215
32399
3930
19006
25825
5232
23008
30381
2178
24136
408
27732
27045
27307
14900
25958
14447
4771
27371
19318
20215
23942
28260
3129
23648
14881
19403
25195
29250
5133
17116
11962
6823
20179
27457
13605
5920
16053
20837
16537
9344
22250
18349
30140
14293
25049
27471
9123
3976
9630
21577
18147
2079
2359
2301
12712
25084
21423
27196
28328
16167
12762
19778
29168
22161
32074
29510
9907
25076
21141
21161
14721
25529
26767
1070
6027
26759
13332
9072
17080
4480
30848
1103
30523
32027
24299
11937
30415
1732
20152
1849
11412
24055
24210
3474
435
17731
27592
24514
12147
1730
17687
24690
19472
4022
9434
19112
3174
19913
1659
10565
28172
28235
19792
5376
4649
7448
17739
12751
30966
5775
21632
4511
21263
20137
5991
23270
16738
6596
29209
19612
5153
22554
22923
275
20170
4116
5160
17376
1410
8171
13137
19096
23209
27745
20126
29901
17191
17467
1011
12618
9874
29320
3014
8007
17291
18313
27735
30279
28223
28494
15888
31659
9673
10837
174
7864
18153
19693
1324
21094
6124
15264
10142
29696
7758
27451
22496
24053
2474
12107
23394
1236
23932
23948
2925
16801
32432
19540
29604
14503
18342
1979
16977
28050
6560
29354
24261
10509
18076
24003
415
26736
15352
30379
12424
29472
18525
20779
11082
23909
6116
10647
17698
29430
18960
9258
3673
9235
2325
20898
15151
24094
27607
14271
2257
6768
23701
9826
17389
10349
2358
899
5610
32000
27497
26103
31380
31640
14232
31471
26014
19588
7696
12186
20181
19323
20709
2426
5977
6160
2801
20951
24594
28881
29328
697
5236
12571
6776
10827
25770
2975
6815
13528
7075
14103
1875
3105
12576
470
18745
29074
12016
29005
25163
31900
17706
7308
13740
24566
11915
16729
10460
28226
14211
28516
6807
13259
11831
26356
22085
6773
19858
7736
29905
14470
14967
5580
11816
222
27699
14951
19143
25736
14182
17249
6244
19133
6632
29008
28206
19300
16835
7942
24173
7001
632
12721
11134
4245
18631
15879
4204
25002
11932
789
13771
17464
32482
20574
13437
17572
30188
23131
23139
23386
28234
31866
30117
3952
17976
7393
13853
18938
13461
19935
2229
3561
31813
809
13716
11366
32395
13098
6738
25473
15627
29717
9211
17563
1822
15467
2312
6456
9581
17302
23779
29303
27814
18663
26509
28872
27156
17900
25584
4312
22029
4993
19861
7825
1798
26333
15157
31625
5256
11180
14351
5485
23737
20879
2694
17347
669
9879
27362
16203
31987
1959
14776
10880
16904
22413
11358
24002
16623
32687
26528
24990
5821
18418
20928
32749
7499
5638
4922
28848
1704
12104
16349
15728
4034
10482
31169
23299
4017
1796
32069
30852
2338
9373
23504
30246
16337
30495
25609
11238
20415
3547
9052
11371
13809
14919
11695
21597
23553
31563
12445
28545
4278
23305
12777
17629
2278
12406
10549
17953
21325
23844
28163
28567
21148
4324
31869
1616
5197
25048
27588
15580
10045
11845
3289
26399
24050
25595
22422
23497
12231
31417
11043
22509
11585
335
29331
14623
21652
7856
28052
18946
28767
14761
6564
9419
20849
28100
23601
5668
32349
18237
10758
4635
11154
21929
22763
24241
25576
12798
13731
28905
20568
9088
7778
19263
8447
16573
4412
22909
21591
29753
9158
29674
9266
4962
21974
15943
2650
10751
14119
5267
27196
26290
24462
1267
20243
7662
2776
8634
32195
9336
20002
14137
13284
21857
30227
18269
30014
19651
21942
4961
10913
6888
21984
26411
11005
31612
9202
4074
16023
25603
14983
25228
7887
20510
17172
10011
21637
20744
31551
30909
23001
2438
7891
20659
32659
30231
15766
1020
12106
16086
27178
24264
10144
2830
16556
72
9567
11925
30086
23683
11811
7984
32448
3507
29103
15259
29381
16080
9300
1602
24241
30928
25271
14190
5514
28752
7270
1474
7406
27633
736
8046
18533
26182
30218
23585
19401
26399
23961
5612
4879
32740
7380
10046
19308
31967
26260
9620
30308
5450
3177
947
6163
27600
17040
27220
11187
19701
15073
2984
24242
32749
17113
4584
9445
24150
11149
8644
25103
6846
9780
23595
14
8013
19031
567
32190
26485
6779
21695
28436
10984
4142
22637
30500
11641
54
26716
1620
30865
8253
28588
18937
19002
4766
7113
28001
17057
18975
22512
18378
6721
31446
32470
24334
25761
15493
364
30846
22702
18127
3420
1467
12821
5826
16157
8159
4146
12611
24309
12501
22468
9106
613
19430
20438
2567
24467
823
21868
24660
28187
23979
16107
23893
18646
6918
20263
27380
15955
28995
31699
29197
7564
8373
16140
17229
29995
32663
20253
18417
20801
5832
11096
4931
15980
31898
4796
31782
3495
17287
24936
8175
5123
22697
5601
24407
17398
22556
28728
31963
18555
2750
445
6185
8540
3714
29422
10187
29526
7704
30290
27829
6020
21831
29499
7920
983
24778
25628
14216
13545
16189
25345
5243
2574
5558
22910
18756
13095
25184
11150
1163
13352
11761
4580
11429
996
22836
17898
24393
2991
27864
17983
22924
26636
9344
27735
30790
17761
30227
20669
26777
32277
16318
19026
12100
20349
18522
29288
16480
28814
7538
16796
9519
14412
24855
13206
30673
9201
15909
16508
11936
8932
6897
18138
29198
27430
1961
3619
2091
2058
2152
7787
12228
3584
5178
28285
27102
10451
9526
6431
9654
15096
18128
4400
21461
3676
998
21514
9602
19267
25981
26045
16525
24853
2021
29803
14312
29044
432
18235
11596
18834
2974
1585
27434
6334
18553
31729
23105
20187
24888
10378
7501
22943
12664
25640
11602
17182
9755
16429
24116
7896
4024
11993
30723
2962
11665
5158
19517
8152
31756
14896
17957
17864
32495
25121
10752
29257
14115
24561
31339
3376
12555
13555
27188
31425
31132
17496
23196
21956
20859
20321
23452
350
28818
31570
18266
29221
16648
31547
21717
22610
858
6686
1372
27704
22198
15389
26846
25548
29647
4345
2923
12400
20868
15904
28642
7775
5925
29679
27297
16540
26958
5559
23637
2676
4330
14995
1223
22948
20953
13373
3478
27718
9791
31134
3278
23645
18830
16703
5073
5955
4167
8204
21272
2424
12928
11884
15677
13342
142
21557
15818
5128
25338
18262
26831
14766
25765
24939
13757
13467
17115
9522
15486
29375
2217
2838
7841
21251
27224
16752
26113
13416
14947
7078
11561
22770
29392
8164
28910
22293
5520
17324
29586
30418
17376
1631
24124
17794
23433
13974
3145
27097
31192
7401
14927
23498
22997
28849
7764
15576
26556
11894
17340
4780
22591
25807
12542
23845
20129
16390
30493
6484
1199
16140
32758
12795
24757
23730
22993
6031
7529
16312
7809
16959
16372
18283
4691
13
10954
31123
8399
786
15609
3507
17371
19151
14785
32645
25253
7684
26359
27594
2948
11430
14009
22270
10370
32567
21834
7231
21235
30733
16652
1691
5508
4115
19333
22363
9414
10102
17740
29174
21477
14228
25855
14289
28353
18591
24372
3828
25073
12243
11058
14522
29010
16844
22567
15980
30743
30743
23289
30238
9899
2168
22154
26188
21002
24232
16125
2510
11902
6731
7593
195
11829
32401
18559
6247
28044
10967
20827
29228
10270
26704
1508
27956
23863
32724
10472
494
9931
12934
8263
18291
10096
2094
18677
10869
13963
11495
15247
14563
5858
18918
25169
10517
10429
3338
31645
7056
28864
30561
23284
281
9267
20223
367
30657
26622
16392
27417
4489
8985
21612
25658
5617
2864
5898
23408
18928
18388
17672
30606
24552
19577
3202
26676
2375
10982
22453
20212
6892
16530
3671
4745
4051
18709
30808
22147
21348
11338
17716
11889
15633
15014
7348
25230
4192
24316
4003
378
12387
6526
664
12776
6857
14850
30239
26416
15839
20568
18977
19042
20951
17032
2563
1932
29574
31050
11036
910
10054
22055
26773
2607
17378
20726
11678
20778
29587
29402
14867
6114
21199
1877
5062
2507
4675
27527
8133
21920
1363
30080
7010
22988
7571
20007
9006
4995
30504
24808
29333
965
20293
6946
30153
6835
2352
2884
15517
15295
2162
3825
27717
5523
18017
18460
14396
5618
14101
11204
26245
19203
19911
2673
29623
7561
14799
1046
8249
13472
21275
25968
12240
6957
15290
3946
8597
22290
22596
13991
10815
20592
17895
12205
17917
21616
19344
22906
14739
1601
4252
18634
25199
27577
32685
12561
1603
14965
26826
24105
8018
20240
5507
29319
7120
24872
4085
6237
4897
18144
17724
6945
9211
14014
17236
23880
25485
9441
17979
18927
17450
12276
17533
3703
11775
10389
25882
24871
22525
6799
16989
5657
28358
4227
26998
26599
31306
32631
13232
9931
20118
21416
12885
24114
7295
17679
13831
12279
320
25577
26952
14853
5890
22148
23558
16215
11518
2262
2006
24687
14196
17589
1825
1605
3821
5788
9639
18337
31092
3552
9664
18046
31993
12974
19367
13533
13508
23044
25795
2408
8210
21102
9524
10381
16039
7255
1487
3337
12828
22475
29243
4300
1179
10367
19217
59
32188
29725
7602
2674
10755
4521
11787
4429
26257
5540
8065
28198
951
4371
1913
5216
15309
29021
30034
23744
2404
23365
4127
13247
29569
30270
619
1230
7541
20997
3617
26071
23582
3581
14890
27489
10631
2213
27018
7213
7615
31602
14559
2859
19258
3509
5389
3078
14413
8817
17805
13207
5188
8996
20672
29389
20004
1774
15348
10659
871
28672
1270
27935
4044
8587
21985
22214
7817
30659
2212
10726
18486
29996
10191
30069
18140
20322
27926
11383
9151
9267
25424
22235
14994
15758
8655
30724
2429
7761
30396
29377
26733
9793
9998
32617
32373
2398
1825
21400
18938
29597
11344
20663
2699
2876
6544
26318
17204
5169
23759
13267
19876
14188
4212
20836
7820
27691
6352
12735
32696
19109
24709
1330
19820
13906
26687
24887
7870
7173
22591
12600
7994
32691
10223
5717
12264
20052
18410
30163
27347
23335
7665
25160
21311
4696
21881
18836
9543
28868
13518
70
3947
18223
5416
16978
410
32013
5160
23475
19976
9319
17676
2332
14755
30646
114
28400
28830
25259
19206
3128
26302
13636
9261
17950
11543
19360
2633
9387
19482
10675
30651
12132
11411
19005
31755
29019
7135
4221
29744
23057
24875
19972
32307
30052
15894
26102
19573
19776
4736
32082
24338
13509
17474
5104
24911
30390
7292
10287
10233
32673
31075
21254
12212
30765
13104
23419
19325
31938
10541
14375
13010
26243
31679
1475
6386
785
26272
4388
4050
9457
31298
6433
23871
26318
20998
3841
21906
5743
11702
10355
23555
9496
30905
25221
67
831
25243
10108
25138
5764
23185
28218
32283
32402
23302
32075
2296
19207
14345
19674
17436
9887
22487
4838
19708
28015
1683
25527
299
17071
22323
1394
19050
31600
20528
24633
22264
21951
8204
2614
23344
13938
4019
517
4407
29847
7316
15280
13138
19620
17672
3389
5214
29152
22601
20836
8647
27954
12232
8360
4630
21129
3010
8202
15831
24110
11874
29246
14048
11693
23135
30347
834
30434
12212
4378
27053
24825
29315
26475
2319
17403
17512
9338
28977
17938
27377
4560
22168
31614
25131
4214
14639
25337
19875
4926
18321
21844
22684
11155
3431
19818
4401
24426
32387
27981
5621
26634
9759
6087
10104
9902
30613
8605
28556
15401
12706
23450
31473
32730
2258
10203
30088
16720
12888
3
20991
3424
485
2745
27676
8722
20760
28199
13473
26990
17082
11023
15454
30515
14566
12879
9497
27987
1800
25896
19900
7061
32180
6036
25452
2283
5701
12427
21181
27661
10193
20024
23587
20071
9015
26035
16425
23522
377
2324
31323
6930
25080
9046
24653
27599
12055
26033
20203
7148
18294
9487
3530
18782
29272
23836
2079
6579
4739
15843
28152
14159
22768
25151
19327
22568
9617
3156
17842
23882
21882
28043
5575
7504
27687
5809
19733
13885
6731
1168
30564
5715
29148
7849
26323
30803
12802
12314
7870
27368
31777
2915
18025
15948
9301
3111
20454
12350
3365
22494
24994
24183
15801
26099
1555
15190
31493
28808
4802
2851
25326
11078
1869
30929
16168
21562
25204
25732
14432
19172
15661
29502
18734
26294
24450
10820
2590
5662
17161
13572
2185
1944
21229
20627
4701
13654
2009
11269
11032
12565
12431
27350
27726
4718
30523
28229
29110
6658
28366
25519
10861
29023
30103
18877
14142
12983
3200
11489
16673
26609
20517
31655
20204
16294
26067
10790
19773
23518
7028
27864
22358
14769
13379
20210
6463
12173
15128
13295
4
28010
15937
22088
4432
8017
30370
32599
23868
11992
25042
31959
15097
5165
29789
1656
27062
24268
3747
25603
2402
22729
16692
30467
7654
15416
12464
10165
28303
10466
22289
31569
14988
23075
12653
20289
4284
4890
19781
20393
23042
9948
17948
28524
11197
24997
9761
20842
10138
12045
8610
19820
32594
19235
10834
5894
6688
9694
10852
29490
21961
19572
17822
16199
27891
5750
1873
8715
10273
22239
25224
32250
18164
23518
2501
1014
5577
3380
21278
24822
19010
732
24393
7713
15880
767
1159
21821
3310
11633
12226
17697
15968
18692
7298
21649
29595
13718
1794
24949
24934
30854
17753
5025
17813
29845
9037
1926
20664
18678
937
4181
14502
12467
31148
24813
7777
21235
28668
11024
12409
4222
9837
9259
27019
13538
19571
18793
29660
13356
11172
16649
23837
4267
26024
11162
17338
23087
960
8492
13156
16864
5484
3805
13043
31717
31461
20572
30320
20330
544
24328
9305
13240
3446
28171
7275
2382
16267
3294
30870
31576
18367
4524
3203
10
13123
24397
14144
12367
16076
27334
22319
27921
27158
16367
8887
22559
17614
12829
6175
4602
12265
19741
12450
27197
30175
13285
6446
22436
25855
5660
11573
1374
19106
9609
1150
28740
27380
29683
23576
28011
14126
4366
8749
21126
29853
29489
23337
22358
14019
3227
17346
13346
8535
1447
2998
21597
1811
6572
20839
10875
12952
4269
7681
4850
2755
24627
22942
28310
823
32343
22662
19955
18743
30642
27808
24477
4047
26098
3163
27215
27211
9851
6928
10187
17819
17439
27487
29925
28888
15410
4769
10938
5421
20581
27282
10941
3576
22640
9624
5264
16436
6555
20367
29397
20097
13585
797
12961
6520
5152
2133
27544
16997
26636
15045
6754
24068
32002
7126
6150
25103
17942
2722
6350
17379
29419
24748
17248
7941
20535
2687
30941
17075
12195
8176
15133
11603
16659
29300
25729
1585
26371
3251
29678
28980
22545
5371
12038
28929
2946
30366
18382
29812
21452
9359
13463
26587
18333
12221
1123
32072
8079
17360
27792
30914
1414
112
18484
6705
27038
30385
24854
17169
7244
30137
20521
29748
18983
17114
2256
4307
5760
6045
23831
25349
5902
8647
12424
32595
17282
1929
32006
25909
1214
11415
14885
27719
11684
21670
28772
13369
27105
25515
9775
3504
3244
5288
9630
17628
21659
18536
22530
1683
17331
336
18687
8363
26184
20944
703
23090
1271
25730
1405
8382
27914
14478
16343
16583
25393
17411
25429
31358
2204
14454
15549
24898
9292
4849
18602
15925
27077
17747
9378
17916
32443
18468
21821
24530
23813
20564
6156
28447
9380
19533
31849
23204
2464
22466
18885
27703
4319
11613
9600
27642
22549
28336
6616
16060
3497
25510
4845
4738
5976
8360
12939
32643
12640
18913
1716
12321
26122
19833
15501
19698
10937
12455
12619
27049
5035
18344
9345
31747
2110
1489
30351
23452
31955
1250
23528
2220
22607
11888
25269
12870
26817
3360
8833
30904
28963
13099
943
30404
23149
18859
9232
22012
20329
4036
7764
11255
1354
9671
6851
31636
32232
23950
18329
2200
12139
15373
7588
18615
8713
897
5793
14523
17846
16619
5641
1049
31844
14261
23575
20109
13558
14281
20342
11407
3712
21703
1117
3646
8193
5968
32404
16034
15115
14033
4575
15562
31454
26006
306
22114
14557
26971
32357
13148
4108
20899
11876
17197
15965
26963
32360
18288
24109
12533
19135
6900
447
3504
13114
19288
682
21701
23658
32413
19807
581
22577
14099
975
28018
17569
4481
6545
13968
15624
3833
13813
9509
24250
7040
1449
4576
25836
6046
14515
14154
8824
27443
18102
21162
19400
27662
18350
29277
14255
9779
2587
5460
19376
23383
4123
3809
2504
16888
3577
3153
32574
15233
4697
14685
7348
26000
6219
25612
5797
22294
27513
8607
6044
3481
30466
2104
2402
16734
3600
5038
9566
31878
13946
2784
22044
3086
17073
3267
12139
811
7722
28410
28285
10376
11165
24575
31601
28002
24190
2516
21634
6233
21941
9942
20783
14355
10631
167
24762
103
16441
29113
22895
10475
16105
24246
5265
29221
26771
4666
20273
9509
9467
24781
20589
15717
20241
16893
18688
8380
24494
9325
12935
6838
5796
24466
1484
8366
18219
13137
11697
3845
21030
27131
12919
26624
6488
27069
29350
17811
13772
16905
10747
2527
9800
29159
203
25939
20314
11097
9839
30567
23082
16647
25465
4047
22
3253
14739
26529
13902
19525
1771
21544
5876
3430
31260
14904
6468
13290
25689
2405
15542
1290
10758
1464
31343
19978
30857
19998
31580
25858
14595
19035
5027
1391
25328
16670
13066
25881
8112
30614
32383
29359
19928
53
7238
18652
29253
23149
24049
16328
14828
673
24392
2115
29218
1110
2654
27436
11056
4039
9152
29842
12097
26020
3184
11795
21068
18009
4164
13758
1529
15760
20331
16991
21003
17422
10876
25041
9857
810
30616
24524
28654
19467
2961
6716
26919
14416
9973
75
18455
20645
18769
9751
12364
26936
11085
20333
17626
29251
16456
14679
24358
20127
19645
20474
19354
28465
31758
11960
19685
22062
30260
32073
10304
23012
19425
6572
30016
8835
22003
10784
28487
13223
6709
24544
2192
23692
32335
2480
9279
14837
16074
27218
21969
31387
28622
9776
23895
7372
2550
20434
11536
27241
30114
11571
1727
21567
18113
16263
5804
12098
19759
30581
32250
26385
7340
31329
689
13871
8436
14642
2233
4668
8716
29776
23784
8899
26905
23036
17263
15868
16247
9108
12568
19981
15463
32401
12340
25551
28548
20541
27124
17463
21799
2547
1162
26679
14617
22431
8448
26325
17713
11975
16629
21550
2440
8649
940
25072
26643
1363
23275
2767
4279
11409
13345
25682
21890
10424
7872
31911
29415
13214
16858
2972
1129
16162
21817
17599
25458
10276
28068
19448
14170
2602
3851
19948
14212
10782
28499
12349
164
21332
27170
29045
532
19162
3253
31259
31374
10979
22769
24616
10646
8302
21047
979
2495
4650
29344
8996
22381
30482
3726
31983
28906
4153
8854
26476
23597
31360
10993
271
17954
23455
28779
6907
4227
8881
23279
15256
31802
307
21667
25321
17899
19697
22716
25685
1114
2560
11131
31427
17438
12390
1218
13116
12063
16194
19505
19739
24629
23252
31354
19762
920
11652
22288
22240
17100
7477
2096
20748
2417
30885
16164
16184
27801
15342
10829
10844
6136
9656
7349
2592
2157
10753
16877
15584
15693
14182
25210
9447
23035
15255
2084
812
13711
29270
14667
6493
7269
28799
30128
6098
3591
17868
19371
18785
901
1612
12168
1426
31409
29795
21299
21244
9143
8727
28973
23605
11820
18613
26166
23109
8261
4519
1234
32582
4464
30440
21841
9229
1174
11076
29257
18753
26319
21939
4300
17585
4923
26051
20963
8315
22371
6990
14326
6601
7530
26928
982
10146
29394
25406
13599
12259
9257
3874
16943
421
12263
5315
26302
14472
17847
12335
23773
29041
30461
2839
8458
18534
496
31209
4872
24564
20156
32005
3467
27326
12781
17985
17390
22322
20499
23783
22754
1210
11501
20287
21414
16211
29024
20615
3858
19611
27650
4838
14467
12513
7523
32014
17047
13892
12468
446
10037
22164
13444
10200
28915
12947
32218
29870
12286
16572
31140
6047
23200
25733
12814
21340
15639
9909
13595
31380
5800
503
5078
6883
11670
21574
6249
25011
2881
10100
11050
5735
20856
26521
19512
10334
19871
344
32405
5620
4765
19039
17518
8099
16464
21954
9554
7382
19673
30376
8714
19905
834
22246
29308
29075
16662
21238
29050
29507
9944
26422
16032
18302
16447
23365
18881
15557
582
13963
8139
2176
28946
7088
30404
15834
32514
26645
7911
29083
27679
3000
16572
9242
4670
28509
512
21700
11441
14167
22559
7306
9571
30316
17919
10033
18488
13625
6611
15221
21370
20869
19198
7896
31534
2280
963
10302
12296
20302
628
22426
23527
24552
24170
470
31952
5451
20703
20363
27588
8305
19163
19438
6696
29832
9368
17175
27550
30004
30174
5282
3142
18357
20885
31266
18776
2335
4873
14294
24125
20773
26401
19475
19517
29506
19469
21161
28447
17129
8340
18940
12800
29824
23417
27736
12013
21228
27431
5313
27765
30671
24018
28810
8237
15876
30989
3521
23760
29772
13328
1302
3992
16385
13721
21080
6799
15519
26764
9968
20637
25020
25227
18020
5589
13527
14825
18398
12529
12092
11159
10153
8456
32264
32216
26505
8174
2505
23862
27655
7249
7082
10502
12358
29376
24866
21924
28455
3962
15419
5960
2850
17547
16666
1016
14348
3816
18234
31080
23938
26656
30610
23215
6802
21142
20289
17314
29560
7128
29358
25370
341
26948
2415
19479
10406
30834
30437
27967
20674
303
6464
29240
4242
28675
32660
28780
10991
27199
31669
6608
27807
29317
27591
1577
24495
14169
18794
31274
17059
9656
29715
14142
9984
26503
4418
7831
8229
27257
4504
21371
23101
15814
32715
17005
21098
30782
8821
31748
7327
4163
20928
26491
32164
32222
23594
11137
6180
13569
4328
13652
7999
28393
12628
2101
10383
19618
4174
3157
16653
32436
12914
22149
20850
23314
15336
32174
7482
22918
25856
31092
1047
7925
32724
22883
27462
25416
8741
10195
25479
21776
5073
25197
25566
26853
10578
18545
2394
31155
24976
7147
22432
27064
7576
12473
26479
9572
11548
1374
11682
12980
27766
4348
5679
14094
31280
26870
19155
27403
29063
5627
30134
16411
11528
14953
2765
17559
23712
333
24697
7477
12223
30321
6713
24099
9045
22885
20033
22256
25004
32299
8858
18354
16632
21867
4280
9777
18141
13314
1856
1019
15495
4419
5484
21603
21125
24734
19637
29535
22109
8964
9945
12777
9458
7740
25769
10636
11995
5388
22083
32449
20354
24354
8131
30378
8143
19794
21295
28795
16967
30111
30810
28034
10271
31005
1921
304
10080
2008
2123
14300
5937
29710
27397
20044
2535
31074
14706
26476
22292
8849
27332
10630
16980
22540
26441
24958
5640
3681
24817
16916
21982
7785
12410
22758
12298
3644
27343
28371
22539
24001
8491
27185
16840
6212
28616
12808
19167
17709
877
4543
18901
4523
3558
25654
22960
22719
9556
20731
22193
9421
2893
2434
10481
24507
2466
8171
19310
31739
25401
20972
19166
27685
9444
8498
13226
7751
26115
13040
8652
4211
26994
11260
8418
23064
22068
20887
1186
13792
18839
8703
9825
3024
4822
20106
15308
735
18268
21371
11059
9571
6003
3699
31225
3374
16541
4407
29053
10362
27445
31168
28762
30648
29163
3858
12605
28525
21739
23684
8370
10555
11165
15585
6469
30368
13419
26073
1448
7199
18292
22283
28982
24383
10231
15100
11826
4901
27627
4777
25354
18653
31504
30468
25481
30089
11379
1866
15536
18757
16339
808
24791
15734
6866
5177
20501
25375
23903
14578
17124
17653
24262
22825
12174
9855
27030
6469
15199
8254
20385
14010
1215
26763
29411
18010
28961
4224
12160
28689
4629
18906
9283
23683
10340
14316
18740
21310
4083
9078
19477
4481
27877
32654
14049
29679
23104
8805
21719
15713
16220
14019
17605
8091
4521
5966
30014
9785
22765
30174
27339
11292
27871
18270
31267
27373
12211
19197
11424
11314
17127
20685
22234
1456
12804
3618
26970
15703
6967
31946
17246
22608
24044
10360
4499
11197
30387
2481
20515
13112
32411
1740
31210
10621
9883
24501
11274
16549
12497
5469
15127
25986
2738
5190
20525
31167
25951
6055
10605
8357
20235
30948
29775
433
4184
24456
26199
26189
27198
16422
8141
10317
7616
11526
7881
24076
15222
10512
6654
8408
30530
1262
32512
22138
25361
11716
21063
10356
22703
27273
30149
18491
1421
19760
1309
29639
9084
29623
26664
17286
2531
24590
21116
16142
22891
31701
7754
29096
28347
23753
32458
6412
6263
18165
28469
24276
29806
14071
19954
19546
12051
13928
30980
28117
24270
15259
21508
16882
17102
30348
8799
20941
2226
18647
23257
14315
1706
30034
1816
22816
29153
18282
31718
7512
23761
23445
29492
8125
22156
11976
14671
25520
31215
4069
4679
28765
12671
25991
20409
4972
29285
8961
24678
3892
25499
2043
20688
32219
22521
6688
10808
13464
10557
427
8576
29326
20194
25044
27465
22166
11316
19213
1262
25992
8596
731
1749
10694
11223
12977
25842
17269
26776
8638
24846
15579
23560
22366
15529
21239
1747
14169
30356
9702
31704
642
29590
26961
15120
2743
8976
24364
28540
23375
29677
1451
26095
1096
21557
9174
7440
19069
5190
20796
14378
4162
18077
11580
29216
12044
26527
14123
8413
14580
26374
30340
21755
3019
21738
8577
905
23574
8532
10346
16600
3526
10174
22250
29230
8339
12403
11164
27328
6993
17490
32623
28391
11239
865
21828
4147
28232
215
18565
17118
17783
1145
20715
32648
11079
30024
4552
17720
24438
9023
25992
32030
31720
13606
10442
27654
17007
30702
28694
31234
3410
7324
15728
15974
18418
28916
8119
29893
868
14707
3657
27168
810
14264
7155
5119
1939
13712
21497
18323
18725
23096
27744
1779
20889
14471
5416
22150
29599
22032
8047
22579
17555
3607
13638
5036
29714
29616
18994
11673
11979
21628
4731
21103
19681
16580
216
22320
15089
24296
5639
16370
20846
24688
13906
855
3129
20422
14663
1207
30728
1369
25487
23162
11011
6903
3877
11902
30736
29170
4243
19326
24845
2239
25632
30639
23041
27089
7238
2519
20580
26780
8248
17582
2329
17563
23006
28207
19335
23962
22013
11568
13423
19058
25182
26590
5732
18305
16664
19332
9233
2419
22719
28842
15789
19173
5893
14373
23332
22718
28570
22057
8114
13591
14385
20077
8747
6805
31947
32598
9599
22225
9749
16334
21203
27767
8837
31362
5340
17372
6365
8274
9770
30610
25890
24304
4719
21106
2675
7901
26066
25522
9875
11750
13361
1386
19264
23843
28043
28048
5883
23764
21924
18868
32042
14204
11846
12551
26202
7464
8081
28892
22609
23503
4186
13955
15554
2945
10350
3004
29854
11620
2196
14753
19639
7660
5976
20288
27287
13743
16058
29533
2153
6924
20654
12940
683
31406
30090
7537
7
2269
6127
24518
28316
2957
21146
15777
28824
4495
28590
10139
12534
844
1297
20033
30418
29406
29123
16702
12557
11483
24856
28675
22769
25356
18496
23739
2391
25677
1644
22244
17
30436
6115
7366
9145
8019
1341
14955
1328
27187
22669
16261
32021
13946
926
372
13839
18913
18916
26204
20648
29741
28446
805
8041
23409
2105
22064
20851
12067
8576
24289
20496
20714
12289
11729
26326
83
23833
15171
16482
5697
11311
16939
19730
1523
30505
19522
20108
3852
20819
6732
28464
32011
17594
24058
3669
2236
17402
23345
14865
15624
5164
13019
3726
8404
9726
8974
31147
5833
22898
5670
1307
24604
11172
5490
18415
7789
28113
23253
1463
11530
10759
29456
11439
18760
21764
3874
16895
23471
32551
28190
5329
935
21058
10265
23054
29720
9604
19986
16777
3717
16124
6505
26459
28553
20650
8849
3343
10717
16920
22888
22211
4229
29702
14230
14745
982
3908
7367
27252
8493
431
28404
25635
24127
15762
20064
22060
7503
10701
4941
22858
25898
15524
20117
26561
12995
7501
17946
17133
31871
32179
30533
7139
10024
5140
17969
10585
18492
11663
12358
13757
17479
2455
360
31908
29129
3426
15934
1753
2389
13627
26908
3506
11095
1154
4454
15556
3082
2780
24287
29640
4826
2072
20125
21964
25744
16630
9806
16391
31724
21429
3192
7299
32454
25570
20354
21633
13760
20878
19438
7405
21298
5009
32727
18873
27924
4881
10141
24929
24364
10819
2661
19967
2609
13318
6639
31410
17546
4414
6529
776
4534
29875
31263
27962
28249
15272
30371
2222
18471
6947
11314
31239
22796
17768
32432
22329
13462
29908
27223
8580
22488
26107
11154
29098
5501
3203
28159
4989
21082
2222
30892
16810
18137
10311
9404
7107
16361
2730
5519
26262
2500
541
24071
22066
13106
15015
18990
25195
315
7101
8572
15966
32576
31472
6669
9356
4255
12337
5913
8487
29193
10989
10896
27438
11069
6504
22652
17680
20654
17506
18256
26002
23943
18139
12336
27528
25176
1691
17947
28217
1667
24180
14872
5509
10206
17366
9503
15273
3228
4568
12407
23014
14560
15636
10830
30349
22973
6341
13256
17043
13521
30307
10529
29694
23926
9343
27398
3866
18224
31262
16516
1030
8146
10060
24520
21237
14391
26551
21444
28953
10953
5066
8876
7481
7604
20228
15
17495
3734
5965
6232
25444
29681
6386
28063
22926
3373
17332
12213
1883
32641
16398
32530
3594
4708
18801
27732
12858
18201
18922
17155
2242
2017
14552
30170
11072
29191
21907
20191
5297
18236
2738
772
30268
3205
8012
8176
30903
11602
30913
16642
9914
1945
29282
5400
20676
6267
27545
10392
4631
32193
187
32452
25556
21732
22515
14125
8400
30708
14935
24567
19399
29936
30893
22364
3459
32595
12250
8304
317
12434
20383
25399
20983
20247
23329
3163
11759
30936
11576
20563
26463
4110
23404
633
3389
6522
5282
17700
16631
2686
28248
22617
3090
20971
7905
28859
19022
4565
4497
18510
19645
15240
11402
1105
30447
8939
3619
9466
16017
27492
13554
2167
25431
15571
18754
11240
26178
20416
2469
29507
12082
4954
15306
10559
26946
27468
31068
17892
8770
3973
5929
9038
8859
16639
30094
11790
21428
8614
737
21454
22118
22184
8803
17089
6867
6250
16482
8721
4671
29798
14366
32134
25361
10816
635
3334
16984
8839
26460
32017
26973
5620
13183
15685
29085
18109
26997
15949
14436
9951
9831
6802
28428
32548
7299
25187
28369
13429
20279
26397
16638
28372
13217
17035
27582
3541
9689
32766
24133
2732
20
12830
22427
15792
17696
20490
14309
13044
10216
30044
29777
418
6676
5274
28847
20499
32211
1519
23991
28031
16258
28745
7962
23576
12749
29807
14363
18217
14383
321
29261
10766
22979
16666
18411
29957
18899
2276
2768
8265
27370
27204
1112
2145
21750
3893
6554
3112
8060
11190
12956
9857
31385
18039
3836
7107
25116
17721
13675
7469
5246
11331
6
7370
11352
20397
10497
13109
4458
2720
32383
22933
5412
10190
6070
10590
13271
16131
4202
14446
26405
6311
14943
11445
1433
27284
3529
16912
13730
31830
22232
13957
3221
26829
26373
20106
2386
19316
31965
19247
29536
22023
2874
13576
16057
29044
18783
20043
8071
7919
23812
2484
24489
11754
31794
20263
2257
19187
19779
32431
21375
21824
16885
31462
15307
8323
3372
4511
11707
3999
17906
4900
13398
32439
22555
2600
9332
3644
28077
5852
7161
7050
26142
1308
3710
27111
13932
27883
1637
29253
5617
7443
579
14956
11390
4171
27638
21570
20171
22324
20313
6629
1623
17459
21172
24317
9519
10412
18367
21181
15060
23924
27327
18077
25187
3544
14922
11188
28032
2194
10862
31280
6839
32494
32288
30363
12218
32096
17728
10953
23691
17571
27173
8526
21671
1760
5752
25687
31041
8139
14890
12412
1258
5771
7486
49
10029
17902
6643
16239
23747
2395
22589
10503
6973
32267
30154
26194
14028
14218
15281
22225
12732
11720
14687
23291
18846
30309
16743
17521
26760
13239
23660
4434
20259
30460
3046
20609
16830
21224
22667
5878
16510
19650
31395
1506
29619
13222
6675
15457
20757
30441
3929
26811
20605
9167
15198
7411
13159
977
29501
32554
8006
26234
11879
9334
3313
27985
14606
22039
16579
21204
27
8775
15499
24175
21006
20201
12035
25392
15268
7494
5619
27895
7457
5553
18293
11858
11170
4795
14276
5635
15768
25629
21278
28875
1514
8571
2311
18763
31320
10178
10833
12145
27955
15437
3416
6913
13096
24832
5031
20482
6627
32284
1665
12401
23180
12152
6789
28039
12520
15069
30627
7136
8463
26351
3196
25924
2728
19704
25861
19840
26198
7573
18021
3725
32162
1627
9009
29194
27966
9796
25539
32625
31952
1183
27529
9388
12471
19456
18112
11794
2546
1547
21711
16682
1628
18935
3176
27535
10415
4067
14687
9222
9781
23309
675
28923
27314
20841
25913
26650
8039
32635
18723
4889
31785
28042
206
21972
10929
18997
22152
9513
12243
28239
25790
8042
13002
10665
10779
15409
15163
30358
23642
29880
1409
10289
31256
16107
25233
13768
14796
26919
30336
16528
14356
27645
3122
4621
27537
2373
31578
17553
11135
13870
27988
18391
192
32426
6864
16446
7746
17636
6164
24306
211
29785
2323
26472
25622
32102
30745
14547
18064
13283
1203
6901
8337
24378
5586
26791
11895
29345
15147
26234
18623
23255
1088
13626
22292
32264
18438
5759
28912
7131
20339
25508
27511
9978
26793
8358
19563
32560
28319
2520
22041
17405
25755
7475
22608
12873
15024
14055
23194
1279
18953
4420
11084
19150
5753
32314
24699
2353
17509
26128
18485
9209
19263
15808
27112
6246
17770
18742
3807
21734
7471
12015
7032
30706
3292
25306
5999
7968
20006
10737
31869
22134
198
3032
3424
4119
14948
29755
14272
11279
16543
6215
32562
28837
14504
25982
16728
5138
18713
1538
28991
25975
5468
19575
6905
9966
7085
10084
39
10318
30502
30709
3929
15951
2582
9898
12943
12359
18325
1562
19705
5205
12649
28397
17397
15374
11644
5436
2201
30087
21187
6663
5855
2406
27609
25202
2630
21054
19908
7183
15071
27289
32652
12916
2601
28586
7485
2763
8999
10898
13611
18241
11611
2880
10146
11827
28730
2895
11572
16976
26120
30578
9240
24586
24423
12021
6746
3652
24455
6880
14139
29445
18633
19259
23301
21462
1007
17854
13379
4542
13316
13653
9827
16369
6039
15528
10534
9812
28456
10828
22514
29993
27379
568
7868
29773
14733
3158
3834
554
23881
4477
13365
21546
2665
1534
9762
3686
30376
30031
21147
13409
5392
16119
16749
30822
26442
13851
27783
4228
2841
28747
14579
4902
32150
8485
4310
15347
3113
8930
16602
20389
10197
20150
28569
4226
23250
30295
7433
31846
6234
11844
4109
5097
9264
5249
6838
20166
8220
32725
3959
15271
12742
8617
9236
23274
8620
16780
2576
12625
7982
28351
18618
4195
23027
23655
15334
17136
2757
7044
18832
31722
8263
2148
26530
8449
25085
12774
18277
6501
30570
29243
32120
31399
17880
31140
26287
26647
23591
20724
6626
29571
32349
30971
29627
875
4159
7363
16596
6850
3533
11713
26069
30612
20367
13584
8479
31391
22926
14202
13760
6954
1770
26572

