 
****************************************
check_design summary:
Version:     U-2022.12-SP7
Date:        Sat Aug 15 02:44:41 2026
****************************************

                   Name                                            Total
--------------------------------------------------------------------------------
Inputs/Outputs                                                     38
    Unconnected ports (LINT-28)                                    38

Cells                                                              35
    Connected to power or ground (LINT-32)                         34
    Nets connected to multiple pins on same cell (LINT-33)          1
--------------------------------------------------------------------------------

Warning: In design 'oadm_core_eq1011_APPROX_LEVEL3', port 'x_mantissa[23]' is not connected to any nets. (LINT-28)
Warning: In design 'oadm_core_eq1011_APPROX_LEVEL3', port 'y_mantissa[23]' is not connected to any nets. (LINT-28)
Warning: In design 'csa3_WIDTH29_2', port 'carry[0]' is not connected to any nets. (LINT-28)
Warning: In design 'csa3_WIDTH29_1', port 'input_b[0]' is not connected to any nets. (LINT-28)
Warning: In design 'csa3_WIDTH29_1', port 'carry[0]' is not connected to any nets. (LINT-28)
Warning: In design 'csa3_WIDTH29_0', port 'input_b[0]' is not connected to any nets. (LINT-28)
Warning: In design 'csa3_WIDTH29_0', port 'input_c[28]' is not connected to any nets. (LINT-28)
Warning: In design 'csa3_WIDTH29_0', port 'input_c[27]' is not connected to any nets. (LINT-28)
Warning: In design 'csa3_WIDTH29_0', port 'input_c[26]' is not connected to any nets. (LINT-28)
Warning: In design 'csa3_WIDTH29_0', port 'input_c[25]' is not connected to any nets. (LINT-28)
Warning: In design 'csa3_WIDTH29_0', port 'input_c[24]' is not connected to any nets. (LINT-28)
Warning: In design 'csa3_WIDTH29_0', port 'input_c[23]' is not connected to any nets. (LINT-28)
Warning: In design 'csa3_WIDTH29_0', port 'input_c[22]' is not connected to any nets. (LINT-28)
Warning: In design 'csa3_WIDTH29_0', port 'input_c[21]' is not connected to any nets. (LINT-28)
Warning: In design 'csa3_WIDTH29_0', port 'input_c[20]' is not connected to any nets. (LINT-28)
Warning: In design 'csa3_WIDTH29_0', port 'input_c[19]' is not connected to any nets. (LINT-28)
Warning: In design 'csa3_WIDTH29_0', port 'input_c[18]' is not connected to any nets. (LINT-28)
Warning: In design 'csa3_WIDTH29_0', port 'input_c[17]' is not connected to any nets. (LINT-28)
Warning: In design 'csa3_WIDTH29_0', port 'input_c[16]' is not connected to any nets. (LINT-28)
Warning: In design 'csa3_WIDTH29_0', port 'input_c[15]' is not connected to any nets. (LINT-28)
Warning: In design 'csa3_WIDTH29_0', port 'input_c[14]' is not connected to any nets. (LINT-28)
Warning: In design 'csa3_WIDTH29_0', port 'input_c[13]' is not connected to any nets. (LINT-28)
Warning: In design 'csa3_WIDTH29_0', port 'input_c[12]' is not connected to any nets. (LINT-28)
Warning: In design 'csa3_WIDTH29_0', port 'input_c[11]' is not connected to any nets. (LINT-28)
Warning: In design 'csa3_WIDTH29_0', port 'input_c[10]' is not connected to any nets. (LINT-28)
Warning: In design 'csa3_WIDTH29_0', port 'input_c[9]' is not connected to any nets. (LINT-28)
Warning: In design 'csa3_WIDTH29_0', port 'input_c[8]' is not connected to any nets. (LINT-28)
Warning: In design 'csa3_WIDTH29_0', port 'input_c[7]' is not connected to any nets. (LINT-28)
Warning: In design 'csa3_WIDTH29_0', port 'input_c[6]' is not connected to any nets. (LINT-28)
Warning: In design 'csa3_WIDTH29_0', port 'input_c[5]' is not connected to any nets. (LINT-28)
Warning: In design 'csa3_WIDTH29_0', port 'input_c[4]' is not connected to any nets. (LINT-28)
Warning: In design 'csa3_WIDTH29_0', port 'input_c[3]' is not connected to any nets. (LINT-28)
Warning: In design 'csa3_WIDTH29_0', port 'input_c[2]' is not connected to any nets. (LINT-28)
Warning: In design 'csa3_WIDTH29_0', port 'input_c[1]' is not connected to any nets. (LINT-28)
Warning: In design 'csa3_WIDTH29_0', port 'input_c[0]' is not connected to any nets. (LINT-28)
Warning: In design 'csa3_WIDTH29_0', port 'carry[1]' is not connected to any nets. (LINT-28)
Warning: In design 'csa3_WIDTH29_0', port 'carry[0]' is not connected to any nets. (LINT-28)
Warning: In design 'recip_scale_fixed_APPROX_LEVEL3_VALUE_WIDTH29', port 'y_fraction_msb[0]' is not connected to any nets. (LINT-28)
Warning: In design 'oadm_dm_eq1011_APPROX_LEVEL3', a pin on submodule 'mantissa_core' is connected to logic 1 or logic 0. (LINT-32)
   Pin 'x_mantissa[23]' is connected to logic 0. 
Warning: In design 'oadm_dm_eq1011_APPROX_LEVEL3', a pin on submodule 'mantissa_core' is connected to logic 1 or logic 0. (LINT-32)
   Pin 'y_mantissa[23]' is connected to logic 0. 
Warning: In design 'oadm_core_eq1011_APPROX_LEVEL3', a pin on submodule 'csa1' is connected to logic 1 or logic 0. (LINT-32)
   Pin 'input_b[0]' is connected to logic 0. 
Warning: In design 'oadm_core_eq1011_APPROX_LEVEL3', a pin on submodule 'csa2' is connected to logic 1 or logic 0. (LINT-32)
   Pin 'input_b[0]' is connected to logic 0. 
Warning: In design 'oadm_core_eq1011_APPROX_LEVEL3', a pin on submodule 'csa2' is connected to logic 1 or logic 0. (LINT-32)
   Pin 'input_c[28]' is connected to logic 0. 
Warning: In design 'oadm_core_eq1011_APPROX_LEVEL3', a pin on submodule 'csa2' is connected to logic 1 or logic 0. (LINT-32)
   Pin 'input_c[27]' is connected to logic 0. 
Warning: In design 'oadm_core_eq1011_APPROX_LEVEL3', a pin on submodule 'csa2' is connected to logic 1 or logic 0. (LINT-32)
   Pin 'input_c[26]' is connected to logic 0. 
Warning: In design 'oadm_core_eq1011_APPROX_LEVEL3', a pin on submodule 'csa2' is connected to logic 1 or logic 0. (LINT-32)
   Pin 'input_c[25]' is connected to logic 0. 
Warning: In design 'oadm_core_eq1011_APPROX_LEVEL3', a pin on submodule 'csa2' is connected to logic 1 or logic 0. (LINT-32)
   Pin 'input_c[24]' is connected to logic 0. 
Warning: In design 'oadm_core_eq1011_APPROX_LEVEL3', a pin on submodule 'csa2' is connected to logic 1 or logic 0. (LINT-32)
   Pin 'input_c[23]' is connected to logic 0. 
Warning: In design 'oadm_core_eq1011_APPROX_LEVEL3', a pin on submodule 'csa2' is connected to logic 1 or logic 0. (LINT-32)
   Pin 'input_c[22]' is connected to logic 0. 
Warning: In design 'oadm_core_eq1011_APPROX_LEVEL3', a pin on submodule 'csa2' is connected to logic 1 or logic 0. (LINT-32)
   Pin 'input_c[21]' is connected to logic 0. 
Warning: In design 'oadm_core_eq1011_APPROX_LEVEL3', a pin on submodule 'csa2' is connected to logic 1 or logic 0. (LINT-32)
   Pin 'input_c[20]' is connected to logic 0. 
Warning: In design 'oadm_core_eq1011_APPROX_LEVEL3', a pin on submodule 'csa2' is connected to logic 1 or logic 0. (LINT-32)
   Pin 'input_c[19]' is connected to logic 0. 
Warning: In design 'oadm_core_eq1011_APPROX_LEVEL3', a pin on submodule 'csa2' is connected to logic 1 or logic 0. (LINT-32)
   Pin 'input_c[18]' is connected to logic 0. 
Warning: In design 'oadm_core_eq1011_APPROX_LEVEL3', a pin on submodule 'csa2' is connected to logic 1 or logic 0. (LINT-32)
   Pin 'input_c[17]' is connected to logic 0. 
Warning: In design 'oadm_core_eq1011_APPROX_LEVEL3', a pin on submodule 'csa2' is connected to logic 1 or logic 0. (LINT-32)
   Pin 'input_c[16]' is connected to logic 0. 
Warning: In design 'oadm_core_eq1011_APPROX_LEVEL3', a pin on submodule 'csa2' is connected to logic 1 or logic 0. (LINT-32)
   Pin 'input_c[15]' is connected to logic 0. 
Warning: In design 'oadm_core_eq1011_APPROX_LEVEL3', a pin on submodule 'csa2' is connected to logic 1 or logic 0. (LINT-32)
   Pin 'input_c[14]' is connected to logic 0. 
Warning: In design 'oadm_core_eq1011_APPROX_LEVEL3', a pin on submodule 'csa2' is connected to logic 1 or logic 0. (LINT-32)
   Pin 'input_c[13]' is connected to logic 0. 
Warning: In design 'oadm_core_eq1011_APPROX_LEVEL3', a pin on submodule 'csa2' is connected to logic 1 or logic 0. (LINT-32)
   Pin 'input_c[12]' is connected to logic 0. 
Warning: In design 'oadm_core_eq1011_APPROX_LEVEL3', a pin on submodule 'csa2' is connected to logic 1 or logic 0. (LINT-32)
   Pin 'input_c[11]' is connected to logic 0. 
Warning: In design 'oadm_core_eq1011_APPROX_LEVEL3', a pin on submodule 'csa2' is connected to logic 1 or logic 0. (LINT-32)
   Pin 'input_c[10]' is connected to logic 0. 
Warning: In design 'oadm_core_eq1011_APPROX_LEVEL3', a pin on submodule 'csa2' is connected to logic 1 or logic 0. (LINT-32)
   Pin 'input_c[9]' is connected to logic 0. 
Warning: In design 'oadm_core_eq1011_APPROX_LEVEL3', a pin on submodule 'csa2' is connected to logic 1 or logic 0. (LINT-32)
   Pin 'input_c[8]' is connected to logic 0. 
Warning: In design 'oadm_core_eq1011_APPROX_LEVEL3', a pin on submodule 'csa2' is connected to logic 1 or logic 0. (LINT-32)
   Pin 'input_c[7]' is connected to logic 0. 
Warning: In design 'oadm_core_eq1011_APPROX_LEVEL3', a pin on submodule 'csa2' is connected to logic 1 or logic 0. (LINT-32)
   Pin 'input_c[6]' is connected to logic 0. 
Warning: In design 'oadm_core_eq1011_APPROX_LEVEL3', a pin on submodule 'csa2' is connected to logic 1 or logic 0. (LINT-32)
   Pin 'input_c[5]' is connected to logic 0. 
Warning: In design 'oadm_core_eq1011_APPROX_LEVEL3', a pin on submodule 'csa2' is connected to logic 1 or logic 0. (LINT-32)
   Pin 'input_c[4]' is connected to logic 0. 
Warning: In design 'oadm_core_eq1011_APPROX_LEVEL3', a pin on submodule 'csa2' is connected to logic 1 or logic 0. (LINT-32)
   Pin 'input_c[3]' is connected to logic 0. 
Warning: In design 'oadm_core_eq1011_APPROX_LEVEL3', a pin on submodule 'csa2' is connected to logic 1 or logic 0. (LINT-32)
   Pin 'input_c[2]' is connected to logic 0. 
Warning: In design 'oadm_core_eq1011_APPROX_LEVEL3', a pin on submodule 'csa2' is connected to logic 1 or logic 0. (LINT-32)
   Pin 'input_c[1]' is connected to logic 0. 
Warning: In design 'oadm_core_eq1011_APPROX_LEVEL3', a pin on submodule 'csa2' is connected to logic 1 or logic 0. (LINT-32)
   Pin 'input_c[0]' is connected to logic 0. 
Warning: In design 'oadm_core_eq1011_APPROX_LEVEL3', a pin on submodule 'division_scale' is connected to logic 1 or logic 0. (LINT-32)
   Pin 'y_fraction_msb[0]' is connected to logic 0. 
Warning: In design 'oadm_core_eq1011_APPROX_LEVEL3', the same net is connected to more than one pin on submodule 'csa1'. (LINT-33)
   Net 'plane3[27]' is connected to pins 'input_c[28]', 'input_c[27]''.
1
 
****************************************
Report : area
Design : oadm_dm_eq_l3
Version: U-2022.12-SP7
Date   : Sat Aug 15 02:44:41 2026
****************************************

Library(s) Used:

    tcbn65gplustc_ccs (File: /courses/ee6350/pdk2025/tcbn65gplus/TSMCHOME/digital/Front_End/timing_power_noise/CCS/tcbn65gplus_200a/tcbn65gplustc_ccs.db)

Number of ports:                          773
Number of nets:                          5473
Number of cells:                         4262
Number of combinational cells:           3630
Number of sequential cells:               592
Number of macros/black boxes:               0
Number of buf/inv:                       1112
Number of references:                       4

Combinational area:              10284.120092
Buf/Inv area:                     1262.520050
Noncombinational area:            4100.040045
Macro/Black Box area:                0.000000
Net Interconnect area:      undefined  (Wire load has zero net area)

Total cell area:                 14384.160137
Total area:                 undefined
1
Information: Propagating switching activity (medium effort zero delay simulation). (PWR-6)
Warning: Design has unannotated primary inputs. (PWR-414)
Warning: Design has unannotated sequential cell outputs. (PWR-415)
 
****************************************
Report : power
        -hier
        -analysis_effort medium
        -verbose
Design : oadm_dm_eq_l3
Version: U-2022.12-SP7
Date   : Sat Aug 15 02:44:42 2026
****************************************


Library(s) Used:

    tcbn65gplustc_ccs (File: /courses/ee6350/pdk2025/tcbn65gplus/TSMCHOME/digital/Front_End/timing_power_noise/CCS/tcbn65gplus_200a/tcbn65gplustc_ccs.db)


Operating Conditions: NCCOM   Library: tcbn65gplustc_ccs
Wire Load Model Mode: segmented

Design        Wire Load Model            Library
------------------------------------------------
oadm_dm_eq_l3          ZeroWireload      tcbn65gplustc_ccs
oadm_dm_eq1011_APPROX_LEVEL3
                       ZeroWireload      tcbn65gplustc_ccs
oadm_core_eq1011_APPROX_LEVEL3
                       ZeroWireload      tcbn65gplustc_ccs
csa3_WIDTH29_2         ZeroWireload      tcbn65gplustc_ccs
csa3_WIDTH29_1         ZeroWireload      tcbn65gplustc_ccs
csa3_WIDTH29_0         ZeroWireload      tcbn65gplustc_ccs
recip_scale_fixed_APPROX_LEVEL3_VALUE_WIDTH29
                       ZeroWireload      tcbn65gplustc_ccs


Global Operating Voltage = 1    
Power-specific unit information :
    Voltage Units = 1V
    Capacitance Units = 1.000000pf
    Time Units = 1ns
    Dynamic Power Units = 1mW    (derived from V,C,T units)
    Leakage Power Units = 1nW


--------------------------------------------------------------------------------
                                       Switch   Int      Leak     Total
Hierarchy                              Power    Power    Power    Power    %
--------------------------------------------------------------------------------
oadm_dm_eq_l3                             0.982    6.505 7.58e+04    7.563 100.0
  impl (oadm_dm_eq1011_APPROX_LEVEL3)     0.972    6.501 7.54e+04    7.549  99.8
    mantissa_core (oadm_core_eq1011_APPROX_LEVEL3)
                                          0.905    5.556 6.74e+04    6.528  86.3
      division_scale (recip_scale_fixed_APPROX_LEVEL3_VALUE_WIDTH29)
                                          0.272    0.883 1.28e+04    1.168  15.4
      csa2 (csa3_WIDTH29_0)            2.96e-02 6.95e-02  899.189    0.100   1.3
      csa1 (csa3_WIDTH29_1)            3.41e-02    0.102 1.58e+03    0.138   1.8
      csa0 (csa3_WIDTH29_2)            3.23e-02 8.57e-02 1.41e+03    0.119   1.6
1
 
****************************************
Report : constraint
        -all_violators
        -verbose
Design : oadm_dm_eq_l3
Version: U-2022.12-SP7
Date   : Sat Aug 15 02:44:42 2026
****************************************

This design has no violated constraints.

1
 
****************************************
Report : timing
        -path full
        -delay max
        -nworst 20
        -max_paths 20
Design : oadm_dm_eq_l3
Version: U-2022.12-SP7
Date   : Sat Aug 15 02:44:43 2026
****************************************

Operating Conditions: NCCOM   Library: tcbn65gplustc_ccs
Wire Load Model Mode: segmented

  Startpoint: impl/mantissa_core/x_s3_reg_0_
              (rising edge-triggered flip-flop clocked by clk)
  Endpoint: impl/mantissa_core/shared_s4_reg_28_
            (rising edge-triggered flip-flop clocked by clk)
  Path Group: clk
  Path Type: max

  Des/Clust/Port     Wire Load Model       Library
  ------------------------------------------------
  recip_scale_fixed_APPROX_LEVEL3_VALUE_WIDTH29
                     ZeroWireload          tcbn65gplustc_ccs
  oadm_core_eq1011_APPROX_LEVEL3
                     ZeroWireload          tcbn65gplustc_ccs
  oadm_dm_eq_l3      ZeroWireload          tcbn65gplustc_ccs
  oadm_dm_eq1011_APPROX_LEVEL3
                     ZeroWireload          tcbn65gplustc_ccs
  csa3_WIDTH29_1     ZeroWireload          tcbn65gplustc_ccs
  csa3_WIDTH29_0     ZeroWireload          tcbn65gplustc_ccs

  Point                                                   Incr       Path
  --------------------------------------------------------------------------
  clock clk (rise edge)                                   0.00       0.00
  clock network delay (ideal)                             0.00       0.00
  impl/mantissa_core/x_s3_reg_0_/CP (DFQD4)               0.00       0.00 r
  impl/mantissa_core/x_s3_reg_0_/Q (DFQD4)                0.09       0.09 f
  impl/mantissa_core/U921/ZN (NR2XD0)                     0.03       0.12 r
  impl/mantissa_core/U923/ZN (ND3D2)                      0.03       0.15 f
  impl/mantissa_core/U924/ZN (INR2XD1)                    0.03       0.18 r
  impl/mantissa_core/U927/ZN (ND3D2)                      0.04       0.22 f
  impl/mantissa_core/U540/ZN (NR4D2)                      0.04       0.26 r
  impl/mantissa_core/U533/ZN (CKND2D2)                    0.03       0.29 f
  impl/mantissa_core/U994/ZN (NR3D2)                      0.03       0.32 r
  impl/mantissa_core/U1000/ZN (CKND2D1)                   0.02       0.34 f
  impl/mantissa_core/U1001/Z (CKXOR2D1)                   0.04       0.39 f
  impl/mantissa_core/U698/ZN (MUX2ND0)                    0.04       0.43 r
  impl/mantissa_core/U228/S (FA1D0)                       0.07       0.50 f
  impl/mantissa_core/U34/ZN (CKND2D0)                     0.04       0.54 r
  impl/mantissa_core/U1569/ZN (OAI21D1)                   0.02       0.56 f
  impl/mantissa_core/U1570/ZN (AOI21D1)                   0.04       0.60 r
  impl/mantissa_core/U36/ZN (OAI21D0)                     0.03       0.63 f
  impl/mantissa_core/U764/ZN (AOI21D1)                    0.05       0.68 r
  impl/mantissa_core/U1573/ZN (OAI21D1)                   0.03       0.71 f
  impl/mantissa_core/U414/CO (FA1D1)                      0.05       0.75 f
  impl/mantissa_core/U1574/ZN (INVD1)                     0.01       0.77 r
  impl/mantissa_core/U41/ZN (OAI21D0)                     0.03       0.80 f
  impl/mantissa_core/U385/CO (FA1D1)                      0.05       0.85 f
  impl/mantissa_core/U370/CO (FA1D1)                      0.04       0.89 f
  impl/mantissa_core/U770/CO (FA1D0)                      0.06       0.95 f
  impl/mantissa_core/U185/CO (FA1D1)                      0.04       0.99 f
  impl/mantissa_core/U326/ZN (IOA21D1)                    0.02       1.01 r
  impl/mantissa_core/U721/ZN (IOA21D1)                    0.02       1.03 f
  impl/mantissa_core/U312/CO (FA1D1)                      0.04       1.07 f
  impl/mantissa_core/U5/CO (FA1D0)                        0.05       1.12 f
  impl/mantissa_core/U301/ZN (INVD0)                      0.02       1.14 r
  impl/mantissa_core/U1953/ZN (IOA21D1)                   0.05       1.19 r
  impl/mantissa_core/csa1/input_c[27] (csa3_WIDTH29_1)
                                                          0.00       1.19 r
  impl/mantissa_core/csa1/U85/Z (XOR3D2)                  0.10       1.29 r
  impl/mantissa_core/csa1/sum[27] (csa3_WIDTH29_1)        0.00       1.29 r
  impl/mantissa_core/csa2/input_a[27] (csa3_WIDTH29_0)
                                                          0.00       1.29 r
  impl/mantissa_core/csa2/U36/Z (CKXOR2D1)                0.05       1.34 f
  impl/mantissa_core/csa2/sum[27] (csa3_WIDTH29_0)        0.00       1.34 f
  impl/mantissa_core/U51/ZN (NR2D1)                       0.04       1.38 r
  impl/mantissa_core/U724/Z (OA21D1)                      0.04       1.42 r
  impl/mantissa_core/U1251/ZN (OAI21D1)                   0.02       1.44 f
  impl/mantissa_core/U292/ZN (XNR2D0)                     0.05       1.49 r
  impl/mantissa_core/shared_s4_reg_28_/D (DFQD1)          0.00       1.49 r
  data arrival time                                                  1.49

  clock clk (rise edge)                                   1.50       1.50
  clock network delay (ideal)                             0.00       1.50
  impl/mantissa_core/shared_s4_reg_28_/CP (DFQD1)         0.00       1.50 r
  library setup time                                     -0.01       1.49
  data required time                                                 1.49
  --------------------------------------------------------------------------
  data required time                                                 1.49
  data arrival time                                                 -1.49
  --------------------------------------------------------------------------
  slack (MET)                                                        0.00


  Startpoint: impl/mantissa_core/x_s3_reg_0_
              (rising edge-triggered flip-flop clocked by clk)
  Endpoint: impl/mantissa_core/shared_s4_reg_28_
            (rising edge-triggered flip-flop clocked by clk)
  Path Group: clk
  Path Type: max

  Des/Clust/Port     Wire Load Model       Library
  ------------------------------------------------
  recip_scale_fixed_APPROX_LEVEL3_VALUE_WIDTH29
                     ZeroWireload          tcbn65gplustc_ccs
  oadm_core_eq1011_APPROX_LEVEL3
                     ZeroWireload          tcbn65gplustc_ccs
  oadm_dm_eq_l3      ZeroWireload          tcbn65gplustc_ccs
  oadm_dm_eq1011_APPROX_LEVEL3
                     ZeroWireload          tcbn65gplustc_ccs
  csa3_WIDTH29_1     ZeroWireload          tcbn65gplustc_ccs
  csa3_WIDTH29_0     ZeroWireload          tcbn65gplustc_ccs

  Point                                                   Incr       Path
  --------------------------------------------------------------------------
  clock clk (rise edge)                                   0.00       0.00
  clock network delay (ideal)                             0.00       0.00
  impl/mantissa_core/x_s3_reg_0_/CP (DFQD4)               0.00       0.00 r
  impl/mantissa_core/x_s3_reg_0_/Q (DFQD4)                0.09       0.09 f
  impl/mantissa_core/U921/ZN (NR2XD0)                     0.03       0.12 r
  impl/mantissa_core/U923/ZN (ND3D2)                      0.03       0.15 f
  impl/mantissa_core/U924/ZN (INR2XD1)                    0.03       0.18 r
  impl/mantissa_core/U927/ZN (ND3D2)                      0.04       0.22 f
  impl/mantissa_core/U540/ZN (NR4D2)                      0.04       0.26 r
  impl/mantissa_core/U533/ZN (CKND2D2)                    0.03       0.29 f
  impl/mantissa_core/U994/ZN (NR3D2)                      0.03       0.32 r
  impl/mantissa_core/U1000/ZN (CKND2D1)                   0.02       0.34 f
  impl/mantissa_core/U1001/Z (CKXOR2D1)                   0.04       0.39 f
  impl/mantissa_core/U698/ZN (MUX2ND0)                    0.04       0.43 r
  impl/mantissa_core/U228/S (FA1D0)                       0.07       0.50 f
  impl/mantissa_core/U34/ZN (CKND2D0)                     0.04       0.54 r
  impl/mantissa_core/U1569/ZN (OAI21D1)                   0.02       0.56 f
  impl/mantissa_core/U1570/ZN (AOI21D1)                   0.04       0.60 r
  impl/mantissa_core/U36/ZN (OAI21D0)                     0.03       0.63 f
  impl/mantissa_core/U764/ZN (AOI21D1)                    0.05       0.68 r
  impl/mantissa_core/U1573/ZN (OAI21D1)                   0.03       0.71 f
  impl/mantissa_core/U414/CO (FA1D1)                      0.05       0.75 f
  impl/mantissa_core/U1574/ZN (INVD1)                     0.01       0.77 r
  impl/mantissa_core/U41/ZN (OAI21D0)                     0.03       0.80 f
  impl/mantissa_core/U385/CO (FA1D1)                      0.05       0.85 f
  impl/mantissa_core/U370/CO (FA1D1)                      0.04       0.89 f
  impl/mantissa_core/U770/CO (FA1D0)                      0.06       0.95 f
  impl/mantissa_core/U185/CO (FA1D1)                      0.04       0.99 f
  impl/mantissa_core/U326/ZN (IOA21D1)                    0.02       1.01 r
  impl/mantissa_core/U721/ZN (IOA21D1)                    0.02       1.03 f
  impl/mantissa_core/U312/CO (FA1D1)                      0.04       1.07 f
  impl/mantissa_core/U5/CO (FA1D0)                        0.05       1.12 f
  impl/mantissa_core/U301/ZN (INVD0)                      0.02       1.14 r
  impl/mantissa_core/U1953/ZN (IOA21D1)                   0.05       1.19 r
  impl/mantissa_core/csa1/input_c[27] (csa3_WIDTH29_1)
                                                          0.00       1.19 r
  impl/mantissa_core/csa1/U85/Z (XOR3D2)                  0.10       1.29 r
  impl/mantissa_core/csa1/sum[27] (csa3_WIDTH29_1)        0.00       1.29 r
  impl/mantissa_core/csa2/input_a[27] (csa3_WIDTH29_0)
                                                          0.00       1.29 r
  impl/mantissa_core/csa2/U36/Z (CKXOR2D1)                0.05       1.34 f
  impl/mantissa_core/csa2/sum[27] (csa3_WIDTH29_0)        0.00       1.34 f
  impl/mantissa_core/U51/ZN (NR2D1)                       0.04       1.38 r
  impl/mantissa_core/U724/Z (OA21D1)                      0.04       1.42 r
  impl/mantissa_core/U1251/ZN (OAI21D1)                   0.02       1.44 f
  impl/mantissa_core/U292/ZN (XNR2D0)                     0.05       1.49 r
  impl/mantissa_core/shared_s4_reg_28_/D (DFQD1)          0.00       1.49 r
  data arrival time                                                  1.49

  clock clk (rise edge)                                   1.50       1.50
  clock network delay (ideal)                             0.00       1.50
  impl/mantissa_core/shared_s4_reg_28_/CP (DFQD1)         0.00       1.50 r
  library setup time                                     -0.01       1.49
  data required time                                                 1.49
  --------------------------------------------------------------------------
  data required time                                                 1.49
  data arrival time                                                 -1.49
  --------------------------------------------------------------------------
  slack (MET)                                                        0.00


  Startpoint: impl/mantissa_core/x_s3_reg_0_
              (rising edge-triggered flip-flop clocked by clk)
  Endpoint: impl/mantissa_core/shared_s4_reg_28_
            (rising edge-triggered flip-flop clocked by clk)
  Path Group: clk
  Path Type: max

  Des/Clust/Port     Wire Load Model       Library
  ------------------------------------------------
  recip_scale_fixed_APPROX_LEVEL3_VALUE_WIDTH29
                     ZeroWireload          tcbn65gplustc_ccs
  oadm_core_eq1011_APPROX_LEVEL3
                     ZeroWireload          tcbn65gplustc_ccs
  oadm_dm_eq_l3      ZeroWireload          tcbn65gplustc_ccs
  oadm_dm_eq1011_APPROX_LEVEL3
                     ZeroWireload          tcbn65gplustc_ccs
  csa3_WIDTH29_1     ZeroWireload          tcbn65gplustc_ccs
  csa3_WIDTH29_0     ZeroWireload          tcbn65gplustc_ccs

  Point                                                   Incr       Path
  --------------------------------------------------------------------------
  clock clk (rise edge)                                   0.00       0.00
  clock network delay (ideal)                             0.00       0.00
  impl/mantissa_core/x_s3_reg_0_/CP (DFQD4)               0.00       0.00 r
  impl/mantissa_core/x_s3_reg_0_/Q (DFQD4)                0.09       0.09 f
  impl/mantissa_core/U921/ZN (NR2XD0)                     0.03       0.12 r
  impl/mantissa_core/U923/ZN (ND3D2)                      0.03       0.15 f
  impl/mantissa_core/U924/ZN (INR2XD1)                    0.03       0.18 r
  impl/mantissa_core/U927/ZN (ND3D2)                      0.04       0.22 f
  impl/mantissa_core/U540/ZN (NR4D2)                      0.04       0.26 r
  impl/mantissa_core/U533/ZN (CKND2D2)                    0.03       0.29 f
  impl/mantissa_core/U994/ZN (NR3D2)                      0.03       0.32 r
  impl/mantissa_core/U1000/ZN (CKND2D1)                   0.02       0.34 f
  impl/mantissa_core/U1001/Z (CKXOR2D1)                   0.04       0.39 f
  impl/mantissa_core/U698/ZN (MUX2ND0)                    0.04       0.43 r
  impl/mantissa_core/U228/S (FA1D0)                       0.07       0.50 f
  impl/mantissa_core/U34/ZN (CKND2D0)                     0.04       0.54 r
  impl/mantissa_core/U1569/ZN (OAI21D1)                   0.02       0.56 f
  impl/mantissa_core/U1570/ZN (AOI21D1)                   0.04       0.60 r
  impl/mantissa_core/U36/ZN (OAI21D0)                     0.03       0.63 f
  impl/mantissa_core/U764/ZN (AOI21D1)                    0.05       0.68 r
  impl/mantissa_core/U1573/ZN (OAI21D1)                   0.03       0.71 f
  impl/mantissa_core/U414/CO (FA1D1)                      0.05       0.75 f
  impl/mantissa_core/U1574/ZN (INVD1)                     0.01       0.77 r
  impl/mantissa_core/U41/ZN (OAI21D0)                     0.03       0.80 f
  impl/mantissa_core/U385/CO (FA1D1)                      0.05       0.85 f
  impl/mantissa_core/U370/CO (FA1D1)                      0.04       0.89 f
  impl/mantissa_core/U770/CO (FA1D0)                      0.06       0.95 f
  impl/mantissa_core/U185/CO (FA1D1)                      0.04       0.99 f
  impl/mantissa_core/U326/ZN (IOA21D1)                    0.02       1.01 r
  impl/mantissa_core/U721/ZN (IOA21D1)                    0.02       1.03 f
  impl/mantissa_core/U312/CO (FA1D1)                      0.04       1.07 f
  impl/mantissa_core/U5/CO (FA1D0)                        0.05       1.12 f
  impl/mantissa_core/U301/ZN (INVD0)                      0.02       1.14 r
  impl/mantissa_core/U1953/ZN (IOA21D1)                   0.05       1.19 r
  impl/mantissa_core/csa1/input_c[27] (csa3_WIDTH29_1)
                                                          0.00       1.19 r
  impl/mantissa_core/csa1/U85/Z (XOR3D2)                  0.10       1.29 r
  impl/mantissa_core/csa1/sum[27] (csa3_WIDTH29_1)        0.00       1.29 r
  impl/mantissa_core/csa2/input_a[27] (csa3_WIDTH29_0)
                                                          0.00       1.29 r
  impl/mantissa_core/csa2/U36/Z (CKXOR2D1)                0.05       1.34 f
  impl/mantissa_core/csa2/sum[27] (csa3_WIDTH29_0)        0.00       1.34 f
  impl/mantissa_core/U51/ZN (NR2D1)                       0.04       1.38 r
  impl/mantissa_core/U724/Z (OA21D1)                      0.04       1.42 r
  impl/mantissa_core/U1251/ZN (OAI21D1)                   0.02       1.44 f
  impl/mantissa_core/U292/ZN (XNR2D0)                     0.05       1.49 r
  impl/mantissa_core/shared_s4_reg_28_/D (DFQD1)          0.00       1.49 r
  data arrival time                                                  1.49

  clock clk (rise edge)                                   1.50       1.50
  clock network delay (ideal)                             0.00       1.50
  impl/mantissa_core/shared_s4_reg_28_/CP (DFQD1)         0.00       1.50 r
  library setup time                                     -0.01       1.49
  data required time                                                 1.49
  --------------------------------------------------------------------------
  data required time                                                 1.49
  data arrival time                                                 -1.49
  --------------------------------------------------------------------------
  slack (MET)                                                        0.00


  Startpoint: impl/mantissa_core/x_s3_reg_0_
              (rising edge-triggered flip-flop clocked by clk)
  Endpoint: impl/mantissa_core/shared_s4_reg_28_
            (rising edge-triggered flip-flop clocked by clk)
  Path Group: clk
  Path Type: max

  Des/Clust/Port     Wire Load Model       Library
  ------------------------------------------------
  recip_scale_fixed_APPROX_LEVEL3_VALUE_WIDTH29
                     ZeroWireload          tcbn65gplustc_ccs
  oadm_core_eq1011_APPROX_LEVEL3
                     ZeroWireload          tcbn65gplustc_ccs
  oadm_dm_eq_l3      ZeroWireload          tcbn65gplustc_ccs
  oadm_dm_eq1011_APPROX_LEVEL3
                     ZeroWireload          tcbn65gplustc_ccs
  csa3_WIDTH29_1     ZeroWireload          tcbn65gplustc_ccs
  csa3_WIDTH29_0     ZeroWireload          tcbn65gplustc_ccs

  Point                                                   Incr       Path
  --------------------------------------------------------------------------
  clock clk (rise edge)                                   0.00       0.00
  clock network delay (ideal)                             0.00       0.00
  impl/mantissa_core/x_s3_reg_0_/CP (DFQD4)               0.00       0.00 r
  impl/mantissa_core/x_s3_reg_0_/Q (DFQD4)                0.09       0.09 f
  impl/mantissa_core/U921/ZN (NR2XD0)                     0.03       0.12 r
  impl/mantissa_core/U923/ZN (ND3D2)                      0.03       0.15 f
  impl/mantissa_core/U924/ZN (INR2XD1)                    0.03       0.18 r
  impl/mantissa_core/U927/ZN (ND3D2)                      0.04       0.22 f
  impl/mantissa_core/U540/ZN (NR4D2)                      0.04       0.26 r
  impl/mantissa_core/U533/ZN (CKND2D2)                    0.03       0.29 f
  impl/mantissa_core/U994/ZN (NR3D2)                      0.03       0.32 r
  impl/mantissa_core/U1000/ZN (CKND2D1)                   0.02       0.34 f
  impl/mantissa_core/U1001/Z (CKXOR2D1)                   0.04       0.39 f
  impl/mantissa_core/U698/ZN (MUX2ND0)                    0.04       0.43 r
  impl/mantissa_core/U228/S (FA1D0)                       0.07       0.50 f
  impl/mantissa_core/U34/ZN (CKND2D0)                     0.04       0.54 r
  impl/mantissa_core/U1569/ZN (OAI21D1)                   0.02       0.56 f
  impl/mantissa_core/U1570/ZN (AOI21D1)                   0.04       0.60 r
  impl/mantissa_core/U36/ZN (OAI21D0)                     0.03       0.63 f
  impl/mantissa_core/U764/ZN (AOI21D1)                    0.05       0.68 r
  impl/mantissa_core/U1573/ZN (OAI21D1)                   0.03       0.71 f
  impl/mantissa_core/U414/CO (FA1D1)                      0.05       0.75 f
  impl/mantissa_core/U1574/ZN (INVD1)                     0.01       0.77 r
  impl/mantissa_core/U41/ZN (OAI21D0)                     0.03       0.80 f
  impl/mantissa_core/U385/CO (FA1D1)                      0.05       0.85 f
  impl/mantissa_core/U370/CO (FA1D1)                      0.04       0.89 f
  impl/mantissa_core/U770/CO (FA1D0)                      0.06       0.95 f
  impl/mantissa_core/U185/CO (FA1D1)                      0.04       0.99 f
  impl/mantissa_core/U326/ZN (IOA21D1)                    0.02       1.01 r
  impl/mantissa_core/U721/ZN (IOA21D1)                    0.02       1.03 f
  impl/mantissa_core/U312/CO (FA1D1)                      0.04       1.07 f
  impl/mantissa_core/U5/CO (FA1D0)                        0.05       1.12 f
  impl/mantissa_core/U301/ZN (INVD0)                      0.02       1.14 r
  impl/mantissa_core/U1953/ZN (IOA21D1)                   0.05       1.19 r
  impl/mantissa_core/csa1/input_c[27] (csa3_WIDTH29_1)
                                                          0.00       1.19 r
  impl/mantissa_core/csa1/U85/Z (XOR3D2)                  0.10       1.29 r
  impl/mantissa_core/csa1/sum[27] (csa3_WIDTH29_1)        0.00       1.29 r
  impl/mantissa_core/csa2/input_a[27] (csa3_WIDTH29_0)
                                                          0.00       1.29 r
  impl/mantissa_core/csa2/U36/Z (CKXOR2D1)                0.05       1.34 f
  impl/mantissa_core/csa2/sum[27] (csa3_WIDTH29_0)        0.00       1.34 f
  impl/mantissa_core/U51/ZN (NR2D1)                       0.04       1.38 r
  impl/mantissa_core/U724/Z (OA21D1)                      0.04       1.42 r
  impl/mantissa_core/U1251/ZN (OAI21D1)                   0.02       1.44 f
  impl/mantissa_core/U292/ZN (XNR2D0)                     0.05       1.49 r
  impl/mantissa_core/shared_s4_reg_28_/D (DFQD1)          0.00       1.49 r
  data arrival time                                                  1.49

  clock clk (rise edge)                                   1.50       1.50
  clock network delay (ideal)                             0.00       1.50
  impl/mantissa_core/shared_s4_reg_28_/CP (DFQD1)         0.00       1.50 r
  library setup time                                     -0.01       1.49
  data required time                                                 1.49
  --------------------------------------------------------------------------
  data required time                                                 1.49
  data arrival time                                                 -1.49
  --------------------------------------------------------------------------
  slack (MET)                                                        0.00


  Startpoint: impl/mantissa_core/x_s3_reg_0_
              (rising edge-triggered flip-flop clocked by clk)
  Endpoint: impl/mantissa_core/shared_s4_reg_28_
            (rising edge-triggered flip-flop clocked by clk)
  Path Group: clk
  Path Type: max

  Des/Clust/Port     Wire Load Model       Library
  ------------------------------------------------
  recip_scale_fixed_APPROX_LEVEL3_VALUE_WIDTH29
                     ZeroWireload          tcbn65gplustc_ccs
  oadm_core_eq1011_APPROX_LEVEL3
                     ZeroWireload          tcbn65gplustc_ccs
  oadm_dm_eq_l3      ZeroWireload          tcbn65gplustc_ccs
  oadm_dm_eq1011_APPROX_LEVEL3
                     ZeroWireload          tcbn65gplustc_ccs
  csa3_WIDTH29_1     ZeroWireload          tcbn65gplustc_ccs
  csa3_WIDTH29_0     ZeroWireload          tcbn65gplustc_ccs

  Point                                                   Incr       Path
  --------------------------------------------------------------------------
  clock clk (rise edge)                                   0.00       0.00
  clock network delay (ideal)                             0.00       0.00
  impl/mantissa_core/x_s3_reg_0_/CP (DFQD4)               0.00       0.00 r
  impl/mantissa_core/x_s3_reg_0_/Q (DFQD4)                0.09       0.09 f
  impl/mantissa_core/U921/ZN (NR2XD0)                     0.03       0.12 r
  impl/mantissa_core/U923/ZN (ND3D2)                      0.03       0.15 f
  impl/mantissa_core/U924/ZN (INR2XD1)                    0.03       0.18 r
  impl/mantissa_core/U927/ZN (ND3D2)                      0.04       0.22 f
  impl/mantissa_core/U540/ZN (NR4D2)                      0.04       0.26 r
  impl/mantissa_core/U533/ZN (CKND2D2)                    0.03       0.29 f
  impl/mantissa_core/U994/ZN (NR3D2)                      0.03       0.32 r
  impl/mantissa_core/U1000/ZN (CKND2D1)                   0.02       0.34 f
  impl/mantissa_core/U1001/Z (CKXOR2D1)                   0.04       0.39 f
  impl/mantissa_core/U698/ZN (MUX2ND0)                    0.04       0.43 r
  impl/mantissa_core/U228/S (FA1D0)                       0.07       0.50 f
  impl/mantissa_core/U34/ZN (CKND2D0)                     0.04       0.54 r
  impl/mantissa_core/U1569/ZN (OAI21D1)                   0.02       0.56 f
  impl/mantissa_core/U1570/ZN (AOI21D1)                   0.04       0.60 r
  impl/mantissa_core/U36/ZN (OAI21D0)                     0.03       0.63 f
  impl/mantissa_core/U764/ZN (AOI21D1)                    0.05       0.68 r
  impl/mantissa_core/U1573/ZN (OAI21D1)                   0.03       0.71 f
  impl/mantissa_core/U414/CO (FA1D1)                      0.05       0.75 f
  impl/mantissa_core/U1574/ZN (INVD1)                     0.01       0.77 r
  impl/mantissa_core/U41/ZN (OAI21D0)                     0.03       0.80 f
  impl/mantissa_core/U385/CO (FA1D1)                      0.05       0.85 f
  impl/mantissa_core/U370/CO (FA1D1)                      0.04       0.89 f
  impl/mantissa_core/U770/CO (FA1D0)                      0.06       0.95 f
  impl/mantissa_core/U185/CO (FA1D1)                      0.04       0.99 f
  impl/mantissa_core/U326/ZN (IOA21D1)                    0.02       1.01 r
  impl/mantissa_core/U721/ZN (IOA21D1)                    0.02       1.03 f
  impl/mantissa_core/U312/CO (FA1D1)                      0.04       1.07 f
  impl/mantissa_core/U5/CO (FA1D0)                        0.05       1.12 f
  impl/mantissa_core/U301/ZN (INVD0)                      0.02       1.14 r
  impl/mantissa_core/U1953/ZN (IOA21D1)                   0.05       1.19 r
  impl/mantissa_core/csa1/input_c[27] (csa3_WIDTH29_1)
                                                          0.00       1.19 r
  impl/mantissa_core/csa1/U85/Z (XOR3D2)                  0.10       1.29 r
  impl/mantissa_core/csa1/sum[27] (csa3_WIDTH29_1)        0.00       1.29 r
  impl/mantissa_core/csa2/input_a[27] (csa3_WIDTH29_0)
                                                          0.00       1.29 r
  impl/mantissa_core/csa2/U36/Z (CKXOR2D1)                0.05       1.34 f
  impl/mantissa_core/csa2/sum[27] (csa3_WIDTH29_0)        0.00       1.34 f
  impl/mantissa_core/U51/ZN (NR2D1)                       0.04       1.38 r
  impl/mantissa_core/U724/Z (OA21D1)                      0.04       1.42 r
  impl/mantissa_core/U1251/ZN (OAI21D1)                   0.02       1.44 f
  impl/mantissa_core/U292/ZN (XNR2D0)                     0.05       1.49 r
  impl/mantissa_core/shared_s4_reg_28_/D (DFQD1)          0.00       1.49 r
  data arrival time                                                  1.49

  clock clk (rise edge)                                   1.50       1.50
  clock network delay (ideal)                             0.00       1.50
  impl/mantissa_core/shared_s4_reg_28_/CP (DFQD1)         0.00       1.50 r
  library setup time                                     -0.01       1.49
  data required time                                                 1.49
  --------------------------------------------------------------------------
  data required time                                                 1.49
  data arrival time                                                 -1.49
  --------------------------------------------------------------------------
  slack (MET)                                                        0.00


  Startpoint: impl/mantissa_core/x_s3_reg_0_
              (rising edge-triggered flip-flop clocked by clk)
  Endpoint: impl/mantissa_core/shared_s4_reg_28_
            (rising edge-triggered flip-flop clocked by clk)
  Path Group: clk
  Path Type: max

  Des/Clust/Port     Wire Load Model       Library
  ------------------------------------------------
  recip_scale_fixed_APPROX_LEVEL3_VALUE_WIDTH29
                     ZeroWireload          tcbn65gplustc_ccs
  oadm_core_eq1011_APPROX_LEVEL3
                     ZeroWireload          tcbn65gplustc_ccs
  oadm_dm_eq_l3      ZeroWireload          tcbn65gplustc_ccs
  oadm_dm_eq1011_APPROX_LEVEL3
                     ZeroWireload          tcbn65gplustc_ccs
  csa3_WIDTH29_1     ZeroWireload          tcbn65gplustc_ccs
  csa3_WIDTH29_0     ZeroWireload          tcbn65gplustc_ccs

  Point                                                   Incr       Path
  --------------------------------------------------------------------------
  clock clk (rise edge)                                   0.00       0.00
  clock network delay (ideal)                             0.00       0.00
  impl/mantissa_core/x_s3_reg_0_/CP (DFQD4)               0.00       0.00 r
  impl/mantissa_core/x_s3_reg_0_/Q (DFQD4)                0.09       0.09 f
  impl/mantissa_core/U921/ZN (NR2XD0)                     0.03       0.12 r
  impl/mantissa_core/U923/ZN (ND3D2)                      0.03       0.15 f
  impl/mantissa_core/U924/ZN (INR2XD1)                    0.03       0.18 r
  impl/mantissa_core/U927/ZN (ND3D2)                      0.04       0.22 f
  impl/mantissa_core/U540/ZN (NR4D2)                      0.04       0.26 r
  impl/mantissa_core/U533/ZN (CKND2D2)                    0.03       0.29 f
  impl/mantissa_core/U994/ZN (NR3D2)                      0.03       0.32 r
  impl/mantissa_core/U1000/ZN (CKND2D1)                   0.02       0.34 f
  impl/mantissa_core/U1001/Z (CKXOR2D1)                   0.04       0.39 f
  impl/mantissa_core/U698/ZN (MUX2ND0)                    0.04       0.43 r
  impl/mantissa_core/U228/S (FA1D0)                       0.07       0.50 f
  impl/mantissa_core/U34/ZN (CKND2D0)                     0.04       0.54 r
  impl/mantissa_core/U1569/ZN (OAI21D1)                   0.02       0.56 f
  impl/mantissa_core/U1570/ZN (AOI21D1)                   0.04       0.60 r
  impl/mantissa_core/U36/ZN (OAI21D0)                     0.03       0.63 f
  impl/mantissa_core/U764/ZN (AOI21D1)                    0.05       0.68 r
  impl/mantissa_core/U1573/ZN (OAI21D1)                   0.03       0.71 f
  impl/mantissa_core/U414/CO (FA1D1)                      0.05       0.75 f
  impl/mantissa_core/U1574/ZN (INVD1)                     0.01       0.77 r
  impl/mantissa_core/U41/ZN (OAI21D0)                     0.03       0.80 f
  impl/mantissa_core/U385/CO (FA1D1)                      0.05       0.85 f
  impl/mantissa_core/U370/CO (FA1D1)                      0.04       0.89 f
  impl/mantissa_core/U770/CO (FA1D0)                      0.06       0.95 f
  impl/mantissa_core/U185/CO (FA1D1)                      0.04       0.99 f
  impl/mantissa_core/U326/ZN (IOA21D1)                    0.02       1.01 r
  impl/mantissa_core/U721/ZN (IOA21D1)                    0.02       1.03 f
  impl/mantissa_core/U312/CO (FA1D1)                      0.04       1.07 f
  impl/mantissa_core/U5/CO (FA1D0)                        0.05       1.12 f
  impl/mantissa_core/U301/ZN (INVD0)                      0.02       1.14 r
  impl/mantissa_core/U1953/ZN (IOA21D1)                   0.05       1.19 r
  impl/mantissa_core/csa1/input_c[27] (csa3_WIDTH29_1)
                                                          0.00       1.19 r
  impl/mantissa_core/csa1/U85/Z (XOR3D2)                  0.10       1.29 r
  impl/mantissa_core/csa1/sum[27] (csa3_WIDTH29_1)        0.00       1.29 r
  impl/mantissa_core/csa2/input_a[27] (csa3_WIDTH29_0)
                                                          0.00       1.29 r
  impl/mantissa_core/csa2/U36/Z (CKXOR2D1)                0.05       1.34 f
  impl/mantissa_core/csa2/sum[27] (csa3_WIDTH29_0)        0.00       1.34 f
  impl/mantissa_core/U51/ZN (NR2D1)                       0.04       1.38 r
  impl/mantissa_core/U724/Z (OA21D1)                      0.04       1.42 r
  impl/mantissa_core/U1251/ZN (OAI21D1)                   0.02       1.44 f
  impl/mantissa_core/U292/ZN (XNR2D0)                     0.05       1.49 r
  impl/mantissa_core/shared_s4_reg_28_/D (DFQD1)          0.00       1.49 r
  data arrival time                                                  1.49

  clock clk (rise edge)                                   1.50       1.50
  clock network delay (ideal)                             0.00       1.50
  impl/mantissa_core/shared_s4_reg_28_/CP (DFQD1)         0.00       1.50 r
  library setup time                                     -0.01       1.49
  data required time                                                 1.49
  --------------------------------------------------------------------------
  data required time                                                 1.49
  data arrival time                                                 -1.49
  --------------------------------------------------------------------------
  slack (MET)                                                        0.00


  Startpoint: impl/mantissa_core/x_s3_reg_0_
              (rising edge-triggered flip-flop clocked by clk)
  Endpoint: impl/mantissa_core/shared_s4_reg_28_
            (rising edge-triggered flip-flop clocked by clk)
  Path Group: clk
  Path Type: max

  Des/Clust/Port     Wire Load Model       Library
  ------------------------------------------------
  recip_scale_fixed_APPROX_LEVEL3_VALUE_WIDTH29
                     ZeroWireload          tcbn65gplustc_ccs
  oadm_core_eq1011_APPROX_LEVEL3
                     ZeroWireload          tcbn65gplustc_ccs
  oadm_dm_eq_l3      ZeroWireload          tcbn65gplustc_ccs
  oadm_dm_eq1011_APPROX_LEVEL3
                     ZeroWireload          tcbn65gplustc_ccs
  csa3_WIDTH29_1     ZeroWireload          tcbn65gplustc_ccs
  csa3_WIDTH29_0     ZeroWireload          tcbn65gplustc_ccs

  Point                                                   Incr       Path
  --------------------------------------------------------------------------
  clock clk (rise edge)                                   0.00       0.00
  clock network delay (ideal)                             0.00       0.00
  impl/mantissa_core/x_s3_reg_0_/CP (DFQD4)               0.00       0.00 r
  impl/mantissa_core/x_s3_reg_0_/Q (DFQD4)                0.09       0.09 f
  impl/mantissa_core/U921/ZN (NR2XD0)                     0.03       0.12 r
  impl/mantissa_core/U923/ZN (ND3D2)                      0.03       0.15 f
  impl/mantissa_core/U924/ZN (INR2XD1)                    0.03       0.18 r
  impl/mantissa_core/U927/ZN (ND3D2)                      0.04       0.22 f
  impl/mantissa_core/U540/ZN (NR4D2)                      0.04       0.26 r
  impl/mantissa_core/U533/ZN (CKND2D2)                    0.03       0.29 f
  impl/mantissa_core/U994/ZN (NR3D2)                      0.03       0.32 r
  impl/mantissa_core/U1000/ZN (CKND2D1)                   0.02       0.34 f
  impl/mantissa_core/U1001/Z (CKXOR2D1)                   0.04       0.39 f
  impl/mantissa_core/U698/ZN (MUX2ND0)                    0.04       0.43 r
  impl/mantissa_core/U228/S (FA1D0)                       0.07       0.50 f
  impl/mantissa_core/U34/ZN (CKND2D0)                     0.04       0.54 r
  impl/mantissa_core/U1569/ZN (OAI21D1)                   0.02       0.56 f
  impl/mantissa_core/U1570/ZN (AOI21D1)                   0.04       0.60 r
  impl/mantissa_core/U36/ZN (OAI21D0)                     0.03       0.63 f
  impl/mantissa_core/U764/ZN (AOI21D1)                    0.05       0.68 r
  impl/mantissa_core/U1573/ZN (OAI21D1)                   0.03       0.71 f
  impl/mantissa_core/U414/CO (FA1D1)                      0.05       0.75 f
  impl/mantissa_core/U1574/ZN (INVD1)                     0.01       0.77 r
  impl/mantissa_core/U41/ZN (OAI21D0)                     0.03       0.80 f
  impl/mantissa_core/U385/CO (FA1D1)                      0.05       0.85 f
  impl/mantissa_core/U370/CO (FA1D1)                      0.04       0.89 f
  impl/mantissa_core/U770/CO (FA1D0)                      0.06       0.95 f
  impl/mantissa_core/U185/CO (FA1D1)                      0.04       0.99 f
  impl/mantissa_core/U326/ZN (IOA21D1)                    0.02       1.01 r
  impl/mantissa_core/U721/ZN (IOA21D1)                    0.02       1.03 f
  impl/mantissa_core/U312/CO (FA1D1)                      0.04       1.07 f
  impl/mantissa_core/U5/CO (FA1D0)                        0.05       1.12 f
  impl/mantissa_core/U301/ZN (INVD0)                      0.02       1.14 r
  impl/mantissa_core/U1953/ZN (IOA21D1)                   0.05       1.19 r
  impl/mantissa_core/csa1/input_c[27] (csa3_WIDTH29_1)
                                                          0.00       1.19 r
  impl/mantissa_core/csa1/U85/Z (XOR3D2)                  0.10       1.29 r
  impl/mantissa_core/csa1/sum[27] (csa3_WIDTH29_1)        0.00       1.29 r
  impl/mantissa_core/csa2/input_a[27] (csa3_WIDTH29_0)
                                                          0.00       1.29 r
  impl/mantissa_core/csa2/U36/Z (CKXOR2D1)                0.05       1.34 f
  impl/mantissa_core/csa2/sum[27] (csa3_WIDTH29_0)        0.00       1.34 f
  impl/mantissa_core/U51/ZN (NR2D1)                       0.04       1.38 r
  impl/mantissa_core/U724/Z (OA21D1)                      0.04       1.42 r
  impl/mantissa_core/U1251/ZN (OAI21D1)                   0.02       1.44 f
  impl/mantissa_core/U292/ZN (XNR2D0)                     0.05       1.49 r
  impl/mantissa_core/shared_s4_reg_28_/D (DFQD1)          0.00       1.49 r
  data arrival time                                                  1.49

  clock clk (rise edge)                                   1.50       1.50
  clock network delay (ideal)                             0.00       1.50
  impl/mantissa_core/shared_s4_reg_28_/CP (DFQD1)         0.00       1.50 r
  library setup time                                     -0.01       1.49
  data required time                                                 1.49
  --------------------------------------------------------------------------
  data required time                                                 1.49
  data arrival time                                                 -1.49
  --------------------------------------------------------------------------
  slack (MET)                                                        0.00


  Startpoint: impl/mantissa_core/x_s3_reg_0_
              (rising edge-triggered flip-flop clocked by clk)
  Endpoint: impl/mantissa_core/shared_s4_reg_28_
            (rising edge-triggered flip-flop clocked by clk)
  Path Group: clk
  Path Type: max

  Des/Clust/Port     Wire Load Model       Library
  ------------------------------------------------
  recip_scale_fixed_APPROX_LEVEL3_VALUE_WIDTH29
                     ZeroWireload          tcbn65gplustc_ccs
  oadm_core_eq1011_APPROX_LEVEL3
                     ZeroWireload          tcbn65gplustc_ccs
  oadm_dm_eq_l3      ZeroWireload          tcbn65gplustc_ccs
  oadm_dm_eq1011_APPROX_LEVEL3
                     ZeroWireload          tcbn65gplustc_ccs
  csa3_WIDTH29_1     ZeroWireload          tcbn65gplustc_ccs
  csa3_WIDTH29_0     ZeroWireload          tcbn65gplustc_ccs

  Point                                                   Incr       Path
  --------------------------------------------------------------------------
  clock clk (rise edge)                                   0.00       0.00
  clock network delay (ideal)                             0.00       0.00
  impl/mantissa_core/x_s3_reg_0_/CP (DFQD4)               0.00       0.00 r
  impl/mantissa_core/x_s3_reg_0_/Q (DFQD4)                0.09       0.09 f
  impl/mantissa_core/U921/ZN (NR2XD0)                     0.03       0.12 r
  impl/mantissa_core/U923/ZN (ND3D2)                      0.03       0.15 f
  impl/mantissa_core/U924/ZN (INR2XD1)                    0.03       0.18 r
  impl/mantissa_core/U927/ZN (ND3D2)                      0.04       0.22 f
  impl/mantissa_core/U540/ZN (NR4D2)                      0.04       0.26 r
  impl/mantissa_core/U533/ZN (CKND2D2)                    0.03       0.29 f
  impl/mantissa_core/U994/ZN (NR3D2)                      0.03       0.32 r
  impl/mantissa_core/U1000/ZN (CKND2D1)                   0.02       0.34 f
  impl/mantissa_core/U1001/Z (CKXOR2D1)                   0.04       0.39 f
  impl/mantissa_core/U698/ZN (MUX2ND0)                    0.04       0.43 r
  impl/mantissa_core/U228/S (FA1D0)                       0.07       0.50 f
  impl/mantissa_core/U34/ZN (CKND2D0)                     0.04       0.54 r
  impl/mantissa_core/U1569/ZN (OAI21D1)                   0.02       0.56 f
  impl/mantissa_core/U1570/ZN (AOI21D1)                   0.04       0.60 r
  impl/mantissa_core/U36/ZN (OAI21D0)                     0.03       0.63 f
  impl/mantissa_core/U764/ZN (AOI21D1)                    0.05       0.68 r
  impl/mantissa_core/U1573/ZN (OAI21D1)                   0.03       0.71 f
  impl/mantissa_core/U414/CO (FA1D1)                      0.05       0.75 f
  impl/mantissa_core/U1574/ZN (INVD1)                     0.01       0.77 r
  impl/mantissa_core/U41/ZN (OAI21D0)                     0.03       0.80 f
  impl/mantissa_core/U385/CO (FA1D1)                      0.05       0.85 f
  impl/mantissa_core/U370/CO (FA1D1)                      0.04       0.89 f
  impl/mantissa_core/U770/CO (FA1D0)                      0.06       0.95 f
  impl/mantissa_core/U185/CO (FA1D1)                      0.04       0.99 f
  impl/mantissa_core/U326/ZN (IOA21D1)                    0.02       1.01 r
  impl/mantissa_core/U721/ZN (IOA21D1)                    0.02       1.03 f
  impl/mantissa_core/U312/CO (FA1D1)                      0.04       1.07 f
  impl/mantissa_core/U5/CO (FA1D0)                        0.05       1.12 f
  impl/mantissa_core/U301/ZN (INVD0)                      0.02       1.14 r
  impl/mantissa_core/U1953/ZN (IOA21D1)                   0.05       1.19 r
  impl/mantissa_core/csa1/input_c[27] (csa3_WIDTH29_1)
                                                          0.00       1.19 r
  impl/mantissa_core/csa1/U85/Z (XOR3D2)                  0.10       1.29 r
  impl/mantissa_core/csa1/sum[27] (csa3_WIDTH29_1)        0.00       1.29 r
  impl/mantissa_core/csa2/input_a[27] (csa3_WIDTH29_0)
                                                          0.00       1.29 r
  impl/mantissa_core/csa2/U36/Z (CKXOR2D1)                0.05       1.34 f
  impl/mantissa_core/csa2/sum[27] (csa3_WIDTH29_0)        0.00       1.34 f
  impl/mantissa_core/U51/ZN (NR2D1)                       0.04       1.38 r
  impl/mantissa_core/U724/Z (OA21D1)                      0.04       1.42 r
  impl/mantissa_core/U1251/ZN (OAI21D1)                   0.02       1.44 f
  impl/mantissa_core/U292/ZN (XNR2D0)                     0.05       1.49 r
  impl/mantissa_core/shared_s4_reg_28_/D (DFQD1)          0.00       1.49 r
  data arrival time                                                  1.49

  clock clk (rise edge)                                   1.50       1.50
  clock network delay (ideal)                             0.00       1.50
  impl/mantissa_core/shared_s4_reg_28_/CP (DFQD1)         0.00       1.50 r
  library setup time                                     -0.01       1.49
  data required time                                                 1.49
  --------------------------------------------------------------------------
  data required time                                                 1.49
  data arrival time                                                 -1.49
  --------------------------------------------------------------------------
  slack (MET)                                                        0.00


  Startpoint: impl/mantissa_core/x_s3_reg_0_
              (rising edge-triggered flip-flop clocked by clk)
  Endpoint: impl/mantissa_core/shared_s4_reg_28_
            (rising edge-triggered flip-flop clocked by clk)
  Path Group: clk
  Path Type: max

  Des/Clust/Port     Wire Load Model       Library
  ------------------------------------------------
  recip_scale_fixed_APPROX_LEVEL3_VALUE_WIDTH29
                     ZeroWireload          tcbn65gplustc_ccs
  oadm_core_eq1011_APPROX_LEVEL3
                     ZeroWireload          tcbn65gplustc_ccs
  oadm_dm_eq_l3      ZeroWireload          tcbn65gplustc_ccs
  oadm_dm_eq1011_APPROX_LEVEL3
                     ZeroWireload          tcbn65gplustc_ccs
  csa3_WIDTH29_1     ZeroWireload          tcbn65gplustc_ccs
  csa3_WIDTH29_0     ZeroWireload          tcbn65gplustc_ccs

  Point                                                   Incr       Path
  --------------------------------------------------------------------------
  clock clk (rise edge)                                   0.00       0.00
  clock network delay (ideal)                             0.00       0.00
  impl/mantissa_core/x_s3_reg_0_/CP (DFQD4)               0.00       0.00 r
  impl/mantissa_core/x_s3_reg_0_/Q (DFQD4)                0.09       0.09 f
  impl/mantissa_core/U921/ZN (NR2XD0)                     0.03       0.12 r
  impl/mantissa_core/U923/ZN (ND3D2)                      0.03       0.15 f
  impl/mantissa_core/U924/ZN (INR2XD1)                    0.03       0.18 r
  impl/mantissa_core/U927/ZN (ND3D2)                      0.04       0.22 f
  impl/mantissa_core/U540/ZN (NR4D2)                      0.04       0.26 r
  impl/mantissa_core/U533/ZN (CKND2D2)                    0.03       0.29 f
  impl/mantissa_core/U994/ZN (NR3D2)                      0.03       0.32 r
  impl/mantissa_core/U1000/ZN (CKND2D1)                   0.02       0.34 f
  impl/mantissa_core/U1001/Z (CKXOR2D1)                   0.04       0.39 f
  impl/mantissa_core/U698/ZN (MUX2ND0)                    0.04       0.43 r
  impl/mantissa_core/U228/S (FA1D0)                       0.07       0.50 f
  impl/mantissa_core/U34/ZN (CKND2D0)                     0.04       0.54 r
  impl/mantissa_core/U1569/ZN (OAI21D1)                   0.02       0.56 f
  impl/mantissa_core/U1570/ZN (AOI21D1)                   0.04       0.60 r
  impl/mantissa_core/U36/ZN (OAI21D0)                     0.03       0.63 f
  impl/mantissa_core/U764/ZN (AOI21D1)                    0.05       0.68 r
  impl/mantissa_core/U1573/ZN (OAI21D1)                   0.03       0.71 f
  impl/mantissa_core/U414/CO (FA1D1)                      0.05       0.75 f
  impl/mantissa_core/U1574/ZN (INVD1)                     0.01       0.77 r
  impl/mantissa_core/U41/ZN (OAI21D0)                     0.03       0.80 f
  impl/mantissa_core/U385/CO (FA1D1)                      0.05       0.85 f
  impl/mantissa_core/U370/CO (FA1D1)                      0.04       0.89 f
  impl/mantissa_core/U770/CO (FA1D0)                      0.06       0.95 f
  impl/mantissa_core/U185/CO (FA1D1)                      0.04       0.99 f
  impl/mantissa_core/U326/ZN (IOA21D1)                    0.02       1.01 r
  impl/mantissa_core/U721/ZN (IOA21D1)                    0.02       1.03 f
  impl/mantissa_core/U312/CO (FA1D1)                      0.04       1.07 f
  impl/mantissa_core/U5/CO (FA1D0)                        0.05       1.12 f
  impl/mantissa_core/U301/ZN (INVD0)                      0.02       1.14 r
  impl/mantissa_core/U1953/ZN (IOA21D1)                   0.05       1.19 r
  impl/mantissa_core/csa1/input_c[27] (csa3_WIDTH29_1)
                                                          0.00       1.19 r
  impl/mantissa_core/csa1/U85/Z (XOR3D2)                  0.10       1.29 r
  impl/mantissa_core/csa1/sum[27] (csa3_WIDTH29_1)        0.00       1.29 r
  impl/mantissa_core/csa2/input_a[27] (csa3_WIDTH29_0)
                                                          0.00       1.29 r
  impl/mantissa_core/csa2/U36/Z (CKXOR2D1)                0.05       1.34 f
  impl/mantissa_core/csa2/sum[27] (csa3_WIDTH29_0)        0.00       1.34 f
  impl/mantissa_core/U51/ZN (NR2D1)                       0.04       1.38 r
  impl/mantissa_core/U724/Z (OA21D1)                      0.04       1.42 r
  impl/mantissa_core/U1251/ZN (OAI21D1)                   0.02       1.44 f
  impl/mantissa_core/U292/ZN (XNR2D0)                     0.05       1.49 r
  impl/mantissa_core/shared_s4_reg_28_/D (DFQD1)          0.00       1.49 r
  data arrival time                                                  1.49

  clock clk (rise edge)                                   1.50       1.50
  clock network delay (ideal)                             0.00       1.50
  impl/mantissa_core/shared_s4_reg_28_/CP (DFQD1)         0.00       1.50 r
  library setup time                                     -0.01       1.49
  data required time                                                 1.49
  --------------------------------------------------------------------------
  data required time                                                 1.49
  data arrival time                                                 -1.49
  --------------------------------------------------------------------------
  slack (MET)                                                        0.00


  Startpoint: impl/mantissa_core/x_s3_reg_0_
              (rising edge-triggered flip-flop clocked by clk)
  Endpoint: impl/mantissa_core/shared_s4_reg_28_
            (rising edge-triggered flip-flop clocked by clk)
  Path Group: clk
  Path Type: max

  Des/Clust/Port     Wire Load Model       Library
  ------------------------------------------------
  recip_scale_fixed_APPROX_LEVEL3_VALUE_WIDTH29
                     ZeroWireload          tcbn65gplustc_ccs
  oadm_core_eq1011_APPROX_LEVEL3
                     ZeroWireload          tcbn65gplustc_ccs
  oadm_dm_eq_l3      ZeroWireload          tcbn65gplustc_ccs
  oadm_dm_eq1011_APPROX_LEVEL3
                     ZeroWireload          tcbn65gplustc_ccs
  csa3_WIDTH29_1     ZeroWireload          tcbn65gplustc_ccs
  csa3_WIDTH29_0     ZeroWireload          tcbn65gplustc_ccs

  Point                                                   Incr       Path
  --------------------------------------------------------------------------
  clock clk (rise edge)                                   0.00       0.00
  clock network delay (ideal)                             0.00       0.00
  impl/mantissa_core/x_s3_reg_0_/CP (DFQD4)               0.00       0.00 r
  impl/mantissa_core/x_s3_reg_0_/Q (DFQD4)                0.09       0.09 f
  impl/mantissa_core/U921/ZN (NR2XD0)                     0.03       0.12 r
  impl/mantissa_core/U923/ZN (ND3D2)                      0.03       0.15 f
  impl/mantissa_core/U924/ZN (INR2XD1)                    0.03       0.18 r
  impl/mantissa_core/U927/ZN (ND3D2)                      0.04       0.22 f
  impl/mantissa_core/U540/ZN (NR4D2)                      0.04       0.26 r
  impl/mantissa_core/U533/ZN (CKND2D2)                    0.03       0.29 f
  impl/mantissa_core/U994/ZN (NR3D2)                      0.03       0.32 r
  impl/mantissa_core/U1000/ZN (CKND2D1)                   0.02       0.34 f
  impl/mantissa_core/U1001/Z (CKXOR2D1)                   0.04       0.39 f
  impl/mantissa_core/U698/ZN (MUX2ND0)                    0.04       0.43 r
  impl/mantissa_core/U228/S (FA1D0)                       0.07       0.50 f
  impl/mantissa_core/U34/ZN (CKND2D0)                     0.04       0.54 r
  impl/mantissa_core/U1569/ZN (OAI21D1)                   0.02       0.56 f
  impl/mantissa_core/U1570/ZN (AOI21D1)                   0.04       0.60 r
  impl/mantissa_core/U36/ZN (OAI21D0)                     0.03       0.63 f
  impl/mantissa_core/U764/ZN (AOI21D1)                    0.05       0.68 r
  impl/mantissa_core/U1573/ZN (OAI21D1)                   0.03       0.71 f
  impl/mantissa_core/U414/CO (FA1D1)                      0.05       0.75 f
  impl/mantissa_core/U1574/ZN (INVD1)                     0.01       0.77 r
  impl/mantissa_core/U41/ZN (OAI21D0)                     0.03       0.80 f
  impl/mantissa_core/U385/CO (FA1D1)                      0.05       0.85 f
  impl/mantissa_core/U370/CO (FA1D1)                      0.04       0.89 f
  impl/mantissa_core/U770/CO (FA1D0)                      0.06       0.95 f
  impl/mantissa_core/U185/CO (FA1D1)                      0.04       0.99 f
  impl/mantissa_core/U326/ZN (IOA21D1)                    0.02       1.01 r
  impl/mantissa_core/U721/ZN (IOA21D1)                    0.02       1.03 f
  impl/mantissa_core/U312/CO (FA1D1)                      0.04       1.07 f
  impl/mantissa_core/U5/CO (FA1D0)                        0.05       1.12 f
  impl/mantissa_core/U301/ZN (INVD0)                      0.02       1.14 r
  impl/mantissa_core/U1953/ZN (IOA21D1)                   0.05       1.19 r
  impl/mantissa_core/csa1/input_c[27] (csa3_WIDTH29_1)
                                                          0.00       1.19 r
  impl/mantissa_core/csa1/U85/Z (XOR3D2)                  0.10       1.29 r
  impl/mantissa_core/csa1/sum[27] (csa3_WIDTH29_1)        0.00       1.29 r
  impl/mantissa_core/csa2/input_a[27] (csa3_WIDTH29_0)
                                                          0.00       1.29 r
  impl/mantissa_core/csa2/U36/Z (CKXOR2D1)                0.05       1.34 f
  impl/mantissa_core/csa2/sum[27] (csa3_WIDTH29_0)        0.00       1.34 f
  impl/mantissa_core/U51/ZN (NR2D1)                       0.04       1.38 r
  impl/mantissa_core/U724/Z (OA21D1)                      0.04       1.42 r
  impl/mantissa_core/U1251/ZN (OAI21D1)                   0.02       1.44 f
  impl/mantissa_core/U292/ZN (XNR2D0)                     0.05       1.49 r
  impl/mantissa_core/shared_s4_reg_28_/D (DFQD1)          0.00       1.49 r
  data arrival time                                                  1.49

  clock clk (rise edge)                                   1.50       1.50
  clock network delay (ideal)                             0.00       1.50
  impl/mantissa_core/shared_s4_reg_28_/CP (DFQD1)         0.00       1.50 r
  library setup time                                     -0.01       1.49
  data required time                                                 1.49
  --------------------------------------------------------------------------
  data required time                                                 1.49
  data arrival time                                                 -1.49
  --------------------------------------------------------------------------
  slack (MET)                                                        0.00


  Startpoint: impl/mantissa_core/x_s3_reg_0_
              (rising edge-triggered flip-flop clocked by clk)
  Endpoint: impl/mantissa_core/shared_s4_reg_28_
            (rising edge-triggered flip-flop clocked by clk)
  Path Group: clk
  Path Type: max

  Des/Clust/Port     Wire Load Model       Library
  ------------------------------------------------
  recip_scale_fixed_APPROX_LEVEL3_VALUE_WIDTH29
                     ZeroWireload          tcbn65gplustc_ccs
  oadm_core_eq1011_APPROX_LEVEL3
                     ZeroWireload          tcbn65gplustc_ccs
  oadm_dm_eq_l3      ZeroWireload          tcbn65gplustc_ccs
  oadm_dm_eq1011_APPROX_LEVEL3
                     ZeroWireload          tcbn65gplustc_ccs
  csa3_WIDTH29_1     ZeroWireload          tcbn65gplustc_ccs
  csa3_WIDTH29_0     ZeroWireload          tcbn65gplustc_ccs

  Point                                                   Incr       Path
  --------------------------------------------------------------------------
  clock clk (rise edge)                                   0.00       0.00
  clock network delay (ideal)                             0.00       0.00
  impl/mantissa_core/x_s3_reg_0_/CP (DFQD4)               0.00       0.00 r
  impl/mantissa_core/x_s3_reg_0_/Q (DFQD4)                0.09       0.09 f
  impl/mantissa_core/U921/ZN (NR2XD0)                     0.03       0.12 r
  impl/mantissa_core/U923/ZN (ND3D2)                      0.03       0.15 f
  impl/mantissa_core/U924/ZN (INR2XD1)                    0.03       0.18 r
  impl/mantissa_core/U927/ZN (ND3D2)                      0.04       0.22 f
  impl/mantissa_core/U540/ZN (NR4D2)                      0.04       0.26 r
  impl/mantissa_core/U533/ZN (CKND2D2)                    0.03       0.29 f
  impl/mantissa_core/U994/ZN (NR3D2)                      0.03       0.32 r
  impl/mantissa_core/U1000/ZN (CKND2D1)                   0.02       0.34 f
  impl/mantissa_core/U1001/Z (CKXOR2D1)                   0.04       0.39 f
  impl/mantissa_core/U698/ZN (MUX2ND0)                    0.04       0.43 r
  impl/mantissa_core/U228/S (FA1D0)                       0.07       0.50 f
  impl/mantissa_core/U34/ZN (CKND2D0)                     0.04       0.54 r
  impl/mantissa_core/U1569/ZN (OAI21D1)                   0.02       0.56 f
  impl/mantissa_core/U1570/ZN (AOI21D1)                   0.04       0.60 r
  impl/mantissa_core/U36/ZN (OAI21D0)                     0.03       0.63 f
  impl/mantissa_core/U764/ZN (AOI21D1)                    0.05       0.68 r
  impl/mantissa_core/U1573/ZN (OAI21D1)                   0.03       0.71 f
  impl/mantissa_core/U414/CO (FA1D1)                      0.05       0.75 f
  impl/mantissa_core/U1574/ZN (INVD1)                     0.01       0.77 r
  impl/mantissa_core/U41/ZN (OAI21D0)                     0.03       0.80 f
  impl/mantissa_core/U385/CO (FA1D1)                      0.05       0.85 f
  impl/mantissa_core/U370/CO (FA1D1)                      0.04       0.89 f
  impl/mantissa_core/U770/CO (FA1D0)                      0.06       0.95 f
  impl/mantissa_core/U185/CO (FA1D1)                      0.04       0.99 f
  impl/mantissa_core/U326/ZN (IOA21D1)                    0.02       1.01 r
  impl/mantissa_core/U721/ZN (IOA21D1)                    0.02       1.03 f
  impl/mantissa_core/U312/CO (FA1D1)                      0.04       1.07 f
  impl/mantissa_core/U5/CO (FA1D0)                        0.05       1.12 f
  impl/mantissa_core/U301/ZN (INVD0)                      0.02       1.14 r
  impl/mantissa_core/U1953/ZN (IOA21D1)                   0.05       1.19 r
  impl/mantissa_core/csa1/input_c[27] (csa3_WIDTH29_1)
                                                          0.00       1.19 r
  impl/mantissa_core/csa1/U85/Z (XOR3D2)                  0.10       1.29 r
  impl/mantissa_core/csa1/sum[27] (csa3_WIDTH29_1)        0.00       1.29 r
  impl/mantissa_core/csa2/input_a[27] (csa3_WIDTH29_0)
                                                          0.00       1.29 r
  impl/mantissa_core/csa2/U36/Z (CKXOR2D1)                0.05       1.34 f
  impl/mantissa_core/csa2/sum[27] (csa3_WIDTH29_0)        0.00       1.34 f
  impl/mantissa_core/U51/ZN (NR2D1)                       0.04       1.38 r
  impl/mantissa_core/U724/Z (OA21D1)                      0.04       1.42 r
  impl/mantissa_core/U1251/ZN (OAI21D1)                   0.02       1.44 f
  impl/mantissa_core/U292/ZN (XNR2D0)                     0.05       1.49 r
  impl/mantissa_core/shared_s4_reg_28_/D (DFQD1)          0.00       1.49 r
  data arrival time                                                  1.49

  clock clk (rise edge)                                   1.50       1.50
  clock network delay (ideal)                             0.00       1.50
  impl/mantissa_core/shared_s4_reg_28_/CP (DFQD1)         0.00       1.50 r
  library setup time                                     -0.01       1.49
  data required time                                                 1.49
  --------------------------------------------------------------------------
  data required time                                                 1.49
  data arrival time                                                 -1.49
  --------------------------------------------------------------------------
  slack (MET)                                                        0.00


  Startpoint: impl/mantissa_core/x_s3_reg_0_
              (rising edge-triggered flip-flop clocked by clk)
  Endpoint: impl/mantissa_core/shared_s4_reg_28_
            (rising edge-triggered flip-flop clocked by clk)
  Path Group: clk
  Path Type: max

  Des/Clust/Port     Wire Load Model       Library
  ------------------------------------------------
  recip_scale_fixed_APPROX_LEVEL3_VALUE_WIDTH29
                     ZeroWireload          tcbn65gplustc_ccs
  oadm_core_eq1011_APPROX_LEVEL3
                     ZeroWireload          tcbn65gplustc_ccs
  oadm_dm_eq_l3      ZeroWireload          tcbn65gplustc_ccs
  oadm_dm_eq1011_APPROX_LEVEL3
                     ZeroWireload          tcbn65gplustc_ccs
  csa3_WIDTH29_1     ZeroWireload          tcbn65gplustc_ccs
  csa3_WIDTH29_0     ZeroWireload          tcbn65gplustc_ccs

  Point                                                   Incr       Path
  --------------------------------------------------------------------------
  clock clk (rise edge)                                   0.00       0.00
  clock network delay (ideal)                             0.00       0.00
  impl/mantissa_core/x_s3_reg_0_/CP (DFQD4)               0.00       0.00 r
  impl/mantissa_core/x_s3_reg_0_/Q (DFQD4)                0.09       0.09 f
  impl/mantissa_core/U921/ZN (NR2XD0)                     0.03       0.12 r
  impl/mantissa_core/U923/ZN (ND3D2)                      0.03       0.15 f
  impl/mantissa_core/U924/ZN (INR2XD1)                    0.03       0.18 r
  impl/mantissa_core/U927/ZN (ND3D2)                      0.04       0.22 f
  impl/mantissa_core/U540/ZN (NR4D2)                      0.04       0.26 r
  impl/mantissa_core/U533/ZN (CKND2D2)                    0.03       0.29 f
  impl/mantissa_core/U994/ZN (NR3D2)                      0.03       0.32 r
  impl/mantissa_core/U1000/ZN (CKND2D1)                   0.02       0.34 f
  impl/mantissa_core/U1001/Z (CKXOR2D1)                   0.04       0.39 f
  impl/mantissa_core/U698/ZN (MUX2ND0)                    0.04       0.43 r
  impl/mantissa_core/U228/S (FA1D0)                       0.07       0.50 f
  impl/mantissa_core/U34/ZN (CKND2D0)                     0.04       0.54 r
  impl/mantissa_core/U1569/ZN (OAI21D1)                   0.02       0.56 f
  impl/mantissa_core/U1570/ZN (AOI21D1)                   0.04       0.60 r
  impl/mantissa_core/U36/ZN (OAI21D0)                     0.03       0.63 f
  impl/mantissa_core/U764/ZN (AOI21D1)                    0.05       0.68 r
  impl/mantissa_core/U1573/ZN (OAI21D1)                   0.03       0.71 f
  impl/mantissa_core/U414/CO (FA1D1)                      0.05       0.75 f
  impl/mantissa_core/U1574/ZN (INVD1)                     0.01       0.77 r
  impl/mantissa_core/U41/ZN (OAI21D0)                     0.03       0.80 f
  impl/mantissa_core/U385/CO (FA1D1)                      0.05       0.85 f
  impl/mantissa_core/U370/CO (FA1D1)                      0.04       0.89 f
  impl/mantissa_core/U770/CO (FA1D0)                      0.06       0.95 f
  impl/mantissa_core/U185/CO (FA1D1)                      0.04       0.99 f
  impl/mantissa_core/U326/ZN (IOA21D1)                    0.02       1.01 r
  impl/mantissa_core/U721/ZN (IOA21D1)                    0.02       1.03 f
  impl/mantissa_core/U312/CO (FA1D1)                      0.04       1.07 f
  impl/mantissa_core/U5/CO (FA1D0)                        0.05       1.12 f
  impl/mantissa_core/U301/ZN (INVD0)                      0.02       1.14 r
  impl/mantissa_core/U1953/ZN (IOA21D1)                   0.05       1.19 r
  impl/mantissa_core/csa1/input_c[27] (csa3_WIDTH29_1)
                                                          0.00       1.19 r
  impl/mantissa_core/csa1/U85/Z (XOR3D2)                  0.10       1.29 r
  impl/mantissa_core/csa1/sum[27] (csa3_WIDTH29_1)        0.00       1.29 r
  impl/mantissa_core/csa2/input_a[27] (csa3_WIDTH29_0)
                                                          0.00       1.29 r
  impl/mantissa_core/csa2/U36/Z (CKXOR2D1)                0.05       1.34 f
  impl/mantissa_core/csa2/sum[27] (csa3_WIDTH29_0)        0.00       1.34 f
  impl/mantissa_core/U51/ZN (NR2D1)                       0.04       1.38 r
  impl/mantissa_core/U724/Z (OA21D1)                      0.04       1.42 r
  impl/mantissa_core/U1251/ZN (OAI21D1)                   0.02       1.44 f
  impl/mantissa_core/U292/ZN (XNR2D0)                     0.05       1.49 r
  impl/mantissa_core/shared_s4_reg_28_/D (DFQD1)          0.00       1.49 r
  data arrival time                                                  1.49

  clock clk (rise edge)                                   1.50       1.50
  clock network delay (ideal)                             0.00       1.50
  impl/mantissa_core/shared_s4_reg_28_/CP (DFQD1)         0.00       1.50 r
  library setup time                                     -0.01       1.49
  data required time                                                 1.49
  --------------------------------------------------------------------------
  data required time                                                 1.49
  data arrival time                                                 -1.49
  --------------------------------------------------------------------------
  slack (MET)                                                        0.00


  Startpoint: impl/mantissa_core/x_s3_reg_0_
              (rising edge-triggered flip-flop clocked by clk)
  Endpoint: impl/mantissa_core/shared_s4_reg_28_
            (rising edge-triggered flip-flop clocked by clk)
  Path Group: clk
  Path Type: max

  Des/Clust/Port     Wire Load Model       Library
  ------------------------------------------------
  recip_scale_fixed_APPROX_LEVEL3_VALUE_WIDTH29
                     ZeroWireload          tcbn65gplustc_ccs
  oadm_core_eq1011_APPROX_LEVEL3
                     ZeroWireload          tcbn65gplustc_ccs
  oadm_dm_eq_l3      ZeroWireload          tcbn65gplustc_ccs
  oadm_dm_eq1011_APPROX_LEVEL3
                     ZeroWireload          tcbn65gplustc_ccs
  csa3_WIDTH29_1     ZeroWireload          tcbn65gplustc_ccs
  csa3_WIDTH29_0     ZeroWireload          tcbn65gplustc_ccs

  Point                                                   Incr       Path
  --------------------------------------------------------------------------
  clock clk (rise edge)                                   0.00       0.00
  clock network delay (ideal)                             0.00       0.00
  impl/mantissa_core/x_s3_reg_0_/CP (DFQD4)               0.00       0.00 r
  impl/mantissa_core/x_s3_reg_0_/Q (DFQD4)                0.09       0.09 f
  impl/mantissa_core/U921/ZN (NR2XD0)                     0.03       0.12 r
  impl/mantissa_core/U923/ZN (ND3D2)                      0.03       0.15 f
  impl/mantissa_core/U924/ZN (INR2XD1)                    0.03       0.18 r
  impl/mantissa_core/U927/ZN (ND3D2)                      0.04       0.22 f
  impl/mantissa_core/U540/ZN (NR4D2)                      0.04       0.26 r
  impl/mantissa_core/U533/ZN (CKND2D2)                    0.03       0.29 f
  impl/mantissa_core/U994/ZN (NR3D2)                      0.03       0.32 r
  impl/mantissa_core/U1000/ZN (CKND2D1)                   0.02       0.34 f
  impl/mantissa_core/U1001/Z (CKXOR2D1)                   0.04       0.39 f
  impl/mantissa_core/U698/ZN (MUX2ND0)                    0.04       0.43 r
  impl/mantissa_core/U228/S (FA1D0)                       0.07       0.50 f
  impl/mantissa_core/U34/ZN (CKND2D0)                     0.04       0.54 r
  impl/mantissa_core/U1569/ZN (OAI21D1)                   0.02       0.56 f
  impl/mantissa_core/U1570/ZN (AOI21D1)                   0.04       0.60 r
  impl/mantissa_core/U36/ZN (OAI21D0)                     0.03       0.63 f
  impl/mantissa_core/U764/ZN (AOI21D1)                    0.05       0.68 r
  impl/mantissa_core/U1573/ZN (OAI21D1)                   0.03       0.71 f
  impl/mantissa_core/U414/CO (FA1D1)                      0.05       0.75 f
  impl/mantissa_core/U1574/ZN (INVD1)                     0.01       0.77 r
  impl/mantissa_core/U41/ZN (OAI21D0)                     0.03       0.80 f
  impl/mantissa_core/U385/CO (FA1D1)                      0.05       0.85 f
  impl/mantissa_core/U370/CO (FA1D1)                      0.04       0.89 f
  impl/mantissa_core/U770/CO (FA1D0)                      0.06       0.95 f
  impl/mantissa_core/U185/CO (FA1D1)                      0.04       0.99 f
  impl/mantissa_core/U326/ZN (IOA21D1)                    0.02       1.01 r
  impl/mantissa_core/U721/ZN (IOA21D1)                    0.02       1.03 f
  impl/mantissa_core/U312/CO (FA1D1)                      0.04       1.07 f
  impl/mantissa_core/U5/CO (FA1D0)                        0.05       1.12 f
  impl/mantissa_core/U301/ZN (INVD0)                      0.02       1.14 r
  impl/mantissa_core/U1953/ZN (IOA21D1)                   0.05       1.19 r
  impl/mantissa_core/csa1/input_c[27] (csa3_WIDTH29_1)
                                                          0.00       1.19 r
  impl/mantissa_core/csa1/U85/Z (XOR3D2)                  0.10       1.29 r
  impl/mantissa_core/csa1/sum[27] (csa3_WIDTH29_1)        0.00       1.29 r
  impl/mantissa_core/csa2/input_a[27] (csa3_WIDTH29_0)
                                                          0.00       1.29 r
  impl/mantissa_core/csa2/U36/Z (CKXOR2D1)                0.05       1.34 f
  impl/mantissa_core/csa2/sum[27] (csa3_WIDTH29_0)        0.00       1.34 f
  impl/mantissa_core/U51/ZN (NR2D1)                       0.04       1.38 r
  impl/mantissa_core/U724/Z (OA21D1)                      0.04       1.42 r
  impl/mantissa_core/U1251/ZN (OAI21D1)                   0.02       1.44 f
  impl/mantissa_core/U292/ZN (XNR2D0)                     0.05       1.49 r
  impl/mantissa_core/shared_s4_reg_28_/D (DFQD1)          0.00       1.49 r
  data arrival time                                                  1.49

  clock clk (rise edge)                                   1.50       1.50
  clock network delay (ideal)                             0.00       1.50
  impl/mantissa_core/shared_s4_reg_28_/CP (DFQD1)         0.00       1.50 r
  library setup time                                     -0.01       1.49
  data required time                                                 1.49
  --------------------------------------------------------------------------
  data required time                                                 1.49
  data arrival time                                                 -1.49
  --------------------------------------------------------------------------
  slack (MET)                                                        0.00


  Startpoint: impl/mantissa_core/x_s3_reg_0_
              (rising edge-triggered flip-flop clocked by clk)
  Endpoint: impl/mantissa_core/shared_s4_reg_28_
            (rising edge-triggered flip-flop clocked by clk)
  Path Group: clk
  Path Type: max

  Des/Clust/Port     Wire Load Model       Library
  ------------------------------------------------
  recip_scale_fixed_APPROX_LEVEL3_VALUE_WIDTH29
                     ZeroWireload          tcbn65gplustc_ccs
  oadm_core_eq1011_APPROX_LEVEL3
                     ZeroWireload          tcbn65gplustc_ccs
  oadm_dm_eq_l3      ZeroWireload          tcbn65gplustc_ccs
  oadm_dm_eq1011_APPROX_LEVEL3
                     ZeroWireload          tcbn65gplustc_ccs
  csa3_WIDTH29_1     ZeroWireload          tcbn65gplustc_ccs
  csa3_WIDTH29_0     ZeroWireload          tcbn65gplustc_ccs

  Point                                                   Incr       Path
  --------------------------------------------------------------------------
  clock clk (rise edge)                                   0.00       0.00
  clock network delay (ideal)                             0.00       0.00
  impl/mantissa_core/x_s3_reg_0_/CP (DFQD4)               0.00       0.00 r
  impl/mantissa_core/x_s3_reg_0_/Q (DFQD4)                0.09       0.09 f
  impl/mantissa_core/U921/ZN (NR2XD0)                     0.03       0.12 r
  impl/mantissa_core/U923/ZN (ND3D2)                      0.03       0.15 f
  impl/mantissa_core/U924/ZN (INR2XD1)                    0.03       0.18 r
  impl/mantissa_core/U927/ZN (ND3D2)                      0.04       0.22 f
  impl/mantissa_core/U540/ZN (NR4D2)                      0.04       0.26 r
  impl/mantissa_core/U533/ZN (CKND2D2)                    0.03       0.29 f
  impl/mantissa_core/U994/ZN (NR3D2)                      0.03       0.32 r
  impl/mantissa_core/U1000/ZN (CKND2D1)                   0.02       0.34 f
  impl/mantissa_core/U1001/Z (CKXOR2D1)                   0.04       0.39 f
  impl/mantissa_core/U698/ZN (MUX2ND0)                    0.04       0.43 r
  impl/mantissa_core/U228/S (FA1D0)                       0.07       0.50 f
  impl/mantissa_core/U34/ZN (CKND2D0)                     0.04       0.54 r
  impl/mantissa_core/U1569/ZN (OAI21D1)                   0.02       0.56 f
  impl/mantissa_core/U1570/ZN (AOI21D1)                   0.04       0.60 r
  impl/mantissa_core/U36/ZN (OAI21D0)                     0.03       0.63 f
  impl/mantissa_core/U764/ZN (AOI21D1)                    0.05       0.68 r
  impl/mantissa_core/U1573/ZN (OAI21D1)                   0.03       0.71 f
  impl/mantissa_core/U414/CO (FA1D1)                      0.05       0.75 f
  impl/mantissa_core/U1574/ZN (INVD1)                     0.01       0.77 r
  impl/mantissa_core/U41/ZN (OAI21D0)                     0.03       0.80 f
  impl/mantissa_core/U385/CO (FA1D1)                      0.05       0.85 f
  impl/mantissa_core/U370/CO (FA1D1)                      0.04       0.89 f
  impl/mantissa_core/U770/CO (FA1D0)                      0.06       0.95 f
  impl/mantissa_core/U185/CO (FA1D1)                      0.04       0.99 f
  impl/mantissa_core/U326/ZN (IOA21D1)                    0.02       1.01 r
  impl/mantissa_core/U721/ZN (IOA21D1)                    0.02       1.03 f
  impl/mantissa_core/U312/CO (FA1D1)                      0.04       1.07 f
  impl/mantissa_core/U5/CO (FA1D0)                        0.05       1.12 f
  impl/mantissa_core/U301/ZN (INVD0)                      0.02       1.14 r
  impl/mantissa_core/U1953/ZN (IOA21D1)                   0.05       1.19 r
  impl/mantissa_core/csa1/input_c[27] (csa3_WIDTH29_1)
                                                          0.00       1.19 r
  impl/mantissa_core/csa1/U85/Z (XOR3D2)                  0.10       1.29 r
  impl/mantissa_core/csa1/sum[27] (csa3_WIDTH29_1)        0.00       1.29 r
  impl/mantissa_core/csa2/input_a[27] (csa3_WIDTH29_0)
                                                          0.00       1.29 r
  impl/mantissa_core/csa2/U36/Z (CKXOR2D1)                0.05       1.34 f
  impl/mantissa_core/csa2/sum[27] (csa3_WIDTH29_0)        0.00       1.34 f
  impl/mantissa_core/U51/ZN (NR2D1)                       0.04       1.38 r
  impl/mantissa_core/U724/Z (OA21D1)                      0.04       1.42 r
  impl/mantissa_core/U1251/ZN (OAI21D1)                   0.02       1.44 f
  impl/mantissa_core/U292/ZN (XNR2D0)                     0.05       1.49 r
  impl/mantissa_core/shared_s4_reg_28_/D (DFQD1)          0.00       1.49 r
  data arrival time                                                  1.49

  clock clk (rise edge)                                   1.50       1.50
  clock network delay (ideal)                             0.00       1.50
  impl/mantissa_core/shared_s4_reg_28_/CP (DFQD1)         0.00       1.50 r
  library setup time                                     -0.01       1.49
  data required time                                                 1.49
  --------------------------------------------------------------------------
  data required time                                                 1.49
  data arrival time                                                 -1.49
  --------------------------------------------------------------------------
  slack (MET)                                                        0.00


  Startpoint: impl/mantissa_core/x_s3_reg_0_
              (rising edge-triggered flip-flop clocked by clk)
  Endpoint: impl/mantissa_core/shared_s4_reg_28_
            (rising edge-triggered flip-flop clocked by clk)
  Path Group: clk
  Path Type: max

  Des/Clust/Port     Wire Load Model       Library
  ------------------------------------------------
  recip_scale_fixed_APPROX_LEVEL3_VALUE_WIDTH29
                     ZeroWireload          tcbn65gplustc_ccs
  oadm_core_eq1011_APPROX_LEVEL3
                     ZeroWireload          tcbn65gplustc_ccs
  oadm_dm_eq_l3      ZeroWireload          tcbn65gplustc_ccs
  oadm_dm_eq1011_APPROX_LEVEL3
                     ZeroWireload          tcbn65gplustc_ccs
  csa3_WIDTH29_1     ZeroWireload          tcbn65gplustc_ccs
  csa3_WIDTH29_0     ZeroWireload          tcbn65gplustc_ccs

  Point                                                   Incr       Path
  --------------------------------------------------------------------------
  clock clk (rise edge)                                   0.00       0.00
  clock network delay (ideal)                             0.00       0.00
  impl/mantissa_core/x_s3_reg_0_/CP (DFQD4)               0.00       0.00 r
  impl/mantissa_core/x_s3_reg_0_/Q (DFQD4)                0.09       0.09 f
  impl/mantissa_core/U921/ZN (NR2XD0)                     0.03       0.12 r
  impl/mantissa_core/U923/ZN (ND3D2)                      0.03       0.15 f
  impl/mantissa_core/U924/ZN (INR2XD1)                    0.03       0.18 r
  impl/mantissa_core/U927/ZN (ND3D2)                      0.04       0.22 f
  impl/mantissa_core/U540/ZN (NR4D2)                      0.04       0.26 r
  impl/mantissa_core/U533/ZN (CKND2D2)                    0.03       0.29 f
  impl/mantissa_core/U994/ZN (NR3D2)                      0.03       0.32 r
  impl/mantissa_core/U1000/ZN (CKND2D1)                   0.02       0.34 f
  impl/mantissa_core/U1001/Z (CKXOR2D1)                   0.04       0.39 f
  impl/mantissa_core/U698/ZN (MUX2ND0)                    0.04       0.43 r
  impl/mantissa_core/U228/S (FA1D0)                       0.07       0.50 f
  impl/mantissa_core/U34/ZN (CKND2D0)                     0.04       0.54 r
  impl/mantissa_core/U1569/ZN (OAI21D1)                   0.02       0.56 f
  impl/mantissa_core/U1570/ZN (AOI21D1)                   0.04       0.60 r
  impl/mantissa_core/U36/ZN (OAI21D0)                     0.03       0.63 f
  impl/mantissa_core/U764/ZN (AOI21D1)                    0.05       0.68 r
  impl/mantissa_core/U1573/ZN (OAI21D1)                   0.03       0.71 f
  impl/mantissa_core/U414/CO (FA1D1)                      0.05       0.75 f
  impl/mantissa_core/U1574/ZN (INVD1)                     0.01       0.77 r
  impl/mantissa_core/U41/ZN (OAI21D0)                     0.03       0.80 f
  impl/mantissa_core/U385/CO (FA1D1)                      0.05       0.85 f
  impl/mantissa_core/U370/CO (FA1D1)                      0.04       0.89 f
  impl/mantissa_core/U770/CO (FA1D0)                      0.06       0.95 f
  impl/mantissa_core/U185/CO (FA1D1)                      0.04       0.99 f
  impl/mantissa_core/U326/ZN (IOA21D1)                    0.02       1.01 r
  impl/mantissa_core/U721/ZN (IOA21D1)                    0.02       1.03 f
  impl/mantissa_core/U312/CO (FA1D1)                      0.04       1.07 f
  impl/mantissa_core/U5/CO (FA1D0)                        0.05       1.12 f
  impl/mantissa_core/U301/ZN (INVD0)                      0.02       1.14 r
  impl/mantissa_core/U1953/ZN (IOA21D1)                   0.05       1.19 r
  impl/mantissa_core/csa1/input_c[27] (csa3_WIDTH29_1)
                                                          0.00       1.19 r
  impl/mantissa_core/csa1/U85/Z (XOR3D2)                  0.10       1.29 r
  impl/mantissa_core/csa1/sum[27] (csa3_WIDTH29_1)        0.00       1.29 r
  impl/mantissa_core/csa2/input_a[27] (csa3_WIDTH29_0)
                                                          0.00       1.29 r
  impl/mantissa_core/csa2/U36/Z (CKXOR2D1)                0.05       1.34 f
  impl/mantissa_core/csa2/sum[27] (csa3_WIDTH29_0)        0.00       1.34 f
  impl/mantissa_core/U51/ZN (NR2D1)                       0.04       1.38 r
  impl/mantissa_core/U724/Z (OA21D1)                      0.04       1.42 r
  impl/mantissa_core/U1251/ZN (OAI21D1)                   0.02       1.44 f
  impl/mantissa_core/U292/ZN (XNR2D0)                     0.05       1.49 r
  impl/mantissa_core/shared_s4_reg_28_/D (DFQD1)          0.00       1.49 r
  data arrival time                                                  1.49

  clock clk (rise edge)                                   1.50       1.50
  clock network delay (ideal)                             0.00       1.50
  impl/mantissa_core/shared_s4_reg_28_/CP (DFQD1)         0.00       1.50 r
  library setup time                                     -0.01       1.49
  data required time                                                 1.49
  --------------------------------------------------------------------------
  data required time                                                 1.49
  data arrival time                                                 -1.49
  --------------------------------------------------------------------------
  slack (MET)                                                        0.00


  Startpoint: impl/mantissa_core/x_s3_reg_0_
              (rising edge-triggered flip-flop clocked by clk)
  Endpoint: impl/mantissa_core/shared_s4_reg_28_
            (rising edge-triggered flip-flop clocked by clk)
  Path Group: clk
  Path Type: max

  Des/Clust/Port     Wire Load Model       Library
  ------------------------------------------------
  recip_scale_fixed_APPROX_LEVEL3_VALUE_WIDTH29
                     ZeroWireload          tcbn65gplustc_ccs
  oadm_core_eq1011_APPROX_LEVEL3
                     ZeroWireload          tcbn65gplustc_ccs
  oadm_dm_eq_l3      ZeroWireload          tcbn65gplustc_ccs
  oadm_dm_eq1011_APPROX_LEVEL3
                     ZeroWireload          tcbn65gplustc_ccs
  csa3_WIDTH29_1     ZeroWireload          tcbn65gplustc_ccs
  csa3_WIDTH29_0     ZeroWireload          tcbn65gplustc_ccs

  Point                                                   Incr       Path
  --------------------------------------------------------------------------
  clock clk (rise edge)                                   0.00       0.00
  clock network delay (ideal)                             0.00       0.00
  impl/mantissa_core/x_s3_reg_0_/CP (DFQD4)               0.00       0.00 r
  impl/mantissa_core/x_s3_reg_0_/Q (DFQD4)                0.09       0.09 f
  impl/mantissa_core/U921/ZN (NR2XD0)                     0.03       0.12 r
  impl/mantissa_core/U923/ZN (ND3D2)                      0.03       0.15 f
  impl/mantissa_core/U924/ZN (INR2XD1)                    0.03       0.18 r
  impl/mantissa_core/U927/ZN (ND3D2)                      0.04       0.22 f
  impl/mantissa_core/U540/ZN (NR4D2)                      0.04       0.26 r
  impl/mantissa_core/U533/ZN (CKND2D2)                    0.03       0.29 f
  impl/mantissa_core/U994/ZN (NR3D2)                      0.03       0.32 r
  impl/mantissa_core/U1000/ZN (CKND2D1)                   0.02       0.34 f
  impl/mantissa_core/U1001/Z (CKXOR2D1)                   0.04       0.39 f
  impl/mantissa_core/U698/ZN (MUX2ND0)                    0.04       0.43 r
  impl/mantissa_core/U228/S (FA1D0)                       0.07       0.50 f
  impl/mantissa_core/U34/ZN (CKND2D0)                     0.04       0.54 r
  impl/mantissa_core/U1569/ZN (OAI21D1)                   0.02       0.56 f
  impl/mantissa_core/U1570/ZN (AOI21D1)                   0.04       0.60 r
  impl/mantissa_core/U36/ZN (OAI21D0)                     0.03       0.63 f
  impl/mantissa_core/U764/ZN (AOI21D1)                    0.05       0.68 r
  impl/mantissa_core/U1573/ZN (OAI21D1)                   0.03       0.71 f
  impl/mantissa_core/U414/CO (FA1D1)                      0.05       0.75 f
  impl/mantissa_core/U1574/ZN (INVD1)                     0.01       0.77 r
  impl/mantissa_core/U41/ZN (OAI21D0)                     0.03       0.80 f
  impl/mantissa_core/U385/CO (FA1D1)                      0.05       0.85 f
  impl/mantissa_core/U370/CO (FA1D1)                      0.04       0.89 f
  impl/mantissa_core/U770/CO (FA1D0)                      0.06       0.95 f
  impl/mantissa_core/U185/CO (FA1D1)                      0.04       0.99 f
  impl/mantissa_core/U326/ZN (IOA21D1)                    0.02       1.01 r
  impl/mantissa_core/U721/ZN (IOA21D1)                    0.02       1.03 f
  impl/mantissa_core/U312/CO (FA1D1)                      0.04       1.07 f
  impl/mantissa_core/U5/CO (FA1D0)                        0.05       1.12 f
  impl/mantissa_core/U301/ZN (INVD0)                      0.02       1.14 r
  impl/mantissa_core/U1953/ZN (IOA21D1)                   0.05       1.19 r
  impl/mantissa_core/csa1/input_c[27] (csa3_WIDTH29_1)
                                                          0.00       1.19 r
  impl/mantissa_core/csa1/U85/Z (XOR3D2)                  0.10       1.29 r
  impl/mantissa_core/csa1/sum[27] (csa3_WIDTH29_1)        0.00       1.29 r
  impl/mantissa_core/csa2/input_a[27] (csa3_WIDTH29_0)
                                                          0.00       1.29 r
  impl/mantissa_core/csa2/U36/Z (CKXOR2D1)                0.05       1.34 f
  impl/mantissa_core/csa2/sum[27] (csa3_WIDTH29_0)        0.00       1.34 f
  impl/mantissa_core/U51/ZN (NR2D1)                       0.04       1.38 r
  impl/mantissa_core/U724/Z (OA21D1)                      0.04       1.42 r
  impl/mantissa_core/U1251/ZN (OAI21D1)                   0.02       1.44 f
  impl/mantissa_core/U292/ZN (XNR2D0)                     0.05       1.49 r
  impl/mantissa_core/shared_s4_reg_28_/D (DFQD1)          0.00       1.49 r
  data arrival time                                                  1.49

  clock clk (rise edge)                                   1.50       1.50
  clock network delay (ideal)                             0.00       1.50
  impl/mantissa_core/shared_s4_reg_28_/CP (DFQD1)         0.00       1.50 r
  library setup time                                     -0.01       1.49
  data required time                                                 1.49
  --------------------------------------------------------------------------
  data required time                                                 1.49
  data arrival time                                                 -1.49
  --------------------------------------------------------------------------
  slack (MET)                                                        0.00


  Startpoint: impl/mantissa_core/x_s3_reg_0_
              (rising edge-triggered flip-flop clocked by clk)
  Endpoint: impl/mantissa_core/shared_s4_reg_28_
            (rising edge-triggered flip-flop clocked by clk)
  Path Group: clk
  Path Type: max

  Des/Clust/Port     Wire Load Model       Library
  ------------------------------------------------
  recip_scale_fixed_APPROX_LEVEL3_VALUE_WIDTH29
                     ZeroWireload          tcbn65gplustc_ccs
  oadm_core_eq1011_APPROX_LEVEL3
                     ZeroWireload          tcbn65gplustc_ccs
  oadm_dm_eq_l3      ZeroWireload          tcbn65gplustc_ccs
  oadm_dm_eq1011_APPROX_LEVEL3
                     ZeroWireload          tcbn65gplustc_ccs
  csa3_WIDTH29_1     ZeroWireload          tcbn65gplustc_ccs
  csa3_WIDTH29_0     ZeroWireload          tcbn65gplustc_ccs

  Point                                                   Incr       Path
  --------------------------------------------------------------------------
  clock clk (rise edge)                                   0.00       0.00
  clock network delay (ideal)                             0.00       0.00
  impl/mantissa_core/x_s3_reg_0_/CP (DFQD4)               0.00       0.00 r
  impl/mantissa_core/x_s3_reg_0_/Q (DFQD4)                0.09       0.09 f
  impl/mantissa_core/U921/ZN (NR2XD0)                     0.03       0.12 r
  impl/mantissa_core/U923/ZN (ND3D2)                      0.03       0.15 f
  impl/mantissa_core/U924/ZN (INR2XD1)                    0.03       0.18 r
  impl/mantissa_core/U927/ZN (ND3D2)                      0.04       0.22 f
  impl/mantissa_core/U540/ZN (NR4D2)                      0.04       0.26 r
  impl/mantissa_core/U533/ZN (CKND2D2)                    0.03       0.29 f
  impl/mantissa_core/U994/ZN (NR3D2)                      0.03       0.32 r
  impl/mantissa_core/U1000/ZN (CKND2D1)                   0.02       0.34 f
  impl/mantissa_core/U1001/Z (CKXOR2D1)                   0.04       0.39 f
  impl/mantissa_core/U698/ZN (MUX2ND0)                    0.04       0.43 r
  impl/mantissa_core/U228/S (FA1D0)                       0.07       0.50 f
  impl/mantissa_core/U34/ZN (CKND2D0)                     0.04       0.54 r
  impl/mantissa_core/U1569/ZN (OAI21D1)                   0.02       0.56 f
  impl/mantissa_core/U1570/ZN (AOI21D1)                   0.04       0.60 r
  impl/mantissa_core/U36/ZN (OAI21D0)                     0.03       0.63 f
  impl/mantissa_core/U764/ZN (AOI21D1)                    0.05       0.68 r
  impl/mantissa_core/U1573/ZN (OAI21D1)                   0.03       0.71 f
  impl/mantissa_core/U414/CO (FA1D1)                      0.05       0.75 f
  impl/mantissa_core/U1574/ZN (INVD1)                     0.01       0.77 r
  impl/mantissa_core/U41/ZN (OAI21D0)                     0.03       0.80 f
  impl/mantissa_core/U385/CO (FA1D1)                      0.05       0.85 f
  impl/mantissa_core/U370/CO (FA1D1)                      0.04       0.89 f
  impl/mantissa_core/U770/CO (FA1D0)                      0.06       0.95 f
  impl/mantissa_core/U185/CO (FA1D1)                      0.04       0.99 f
  impl/mantissa_core/U326/ZN (IOA21D1)                    0.02       1.01 r
  impl/mantissa_core/U721/ZN (IOA21D1)                    0.02       1.03 f
  impl/mantissa_core/U312/CO (FA1D1)                      0.04       1.07 f
  impl/mantissa_core/U5/CO (FA1D0)                        0.05       1.12 f
  impl/mantissa_core/U301/ZN (INVD0)                      0.02       1.14 r
  impl/mantissa_core/U1953/ZN (IOA21D1)                   0.05       1.19 r
  impl/mantissa_core/csa1/input_c[27] (csa3_WIDTH29_1)
                                                          0.00       1.19 r
  impl/mantissa_core/csa1/U85/Z (XOR3D2)                  0.10       1.29 r
  impl/mantissa_core/csa1/sum[27] (csa3_WIDTH29_1)        0.00       1.29 r
  impl/mantissa_core/csa2/input_a[27] (csa3_WIDTH29_0)
                                                          0.00       1.29 r
  impl/mantissa_core/csa2/U36/Z (CKXOR2D1)                0.05       1.34 f
  impl/mantissa_core/csa2/sum[27] (csa3_WIDTH29_0)        0.00       1.34 f
  impl/mantissa_core/U51/ZN (NR2D1)                       0.04       1.38 r
  impl/mantissa_core/U724/Z (OA21D1)                      0.04       1.42 r
  impl/mantissa_core/U1251/ZN (OAI21D1)                   0.02       1.44 f
  impl/mantissa_core/U292/ZN (XNR2D0)                     0.05       1.49 r
  impl/mantissa_core/shared_s4_reg_28_/D (DFQD1)          0.00       1.49 r
  data arrival time                                                  1.49

  clock clk (rise edge)                                   1.50       1.50
  clock network delay (ideal)                             0.00       1.50
  impl/mantissa_core/shared_s4_reg_28_/CP (DFQD1)         0.00       1.50 r
  library setup time                                     -0.01       1.49
  data required time                                                 1.49
  --------------------------------------------------------------------------
  data required time                                                 1.49
  data arrival time                                                 -1.49
  --------------------------------------------------------------------------
  slack (MET)                                                        0.00


  Startpoint: impl/mantissa_core/x_s3_reg_0_
              (rising edge-triggered flip-flop clocked by clk)
  Endpoint: impl/mantissa_core/shared_s4_reg_28_
            (rising edge-triggered flip-flop clocked by clk)
  Path Group: clk
  Path Type: max

  Des/Clust/Port     Wire Load Model       Library
  ------------------------------------------------
  recip_scale_fixed_APPROX_LEVEL3_VALUE_WIDTH29
                     ZeroWireload          tcbn65gplustc_ccs
  oadm_core_eq1011_APPROX_LEVEL3
                     ZeroWireload          tcbn65gplustc_ccs
  oadm_dm_eq_l3      ZeroWireload          tcbn65gplustc_ccs
  oadm_dm_eq1011_APPROX_LEVEL3
                     ZeroWireload          tcbn65gplustc_ccs
  csa3_WIDTH29_1     ZeroWireload          tcbn65gplustc_ccs
  csa3_WIDTH29_0     ZeroWireload          tcbn65gplustc_ccs

  Point                                                   Incr       Path
  --------------------------------------------------------------------------
  clock clk (rise edge)                                   0.00       0.00
  clock network delay (ideal)                             0.00       0.00
  impl/mantissa_core/x_s3_reg_0_/CP (DFQD4)               0.00       0.00 r
  impl/mantissa_core/x_s3_reg_0_/Q (DFQD4)                0.09       0.09 f
  impl/mantissa_core/U921/ZN (NR2XD0)                     0.03       0.12 r
  impl/mantissa_core/U923/ZN (ND3D2)                      0.03       0.15 f
  impl/mantissa_core/U924/ZN (INR2XD1)                    0.03       0.18 r
  impl/mantissa_core/U927/ZN (ND3D2)                      0.04       0.22 f
  impl/mantissa_core/U540/ZN (NR4D2)                      0.04       0.26 r
  impl/mantissa_core/U533/ZN (CKND2D2)                    0.03       0.29 f
  impl/mantissa_core/U994/ZN (NR3D2)                      0.03       0.32 r
  impl/mantissa_core/U1000/ZN (CKND2D1)                   0.02       0.34 f
  impl/mantissa_core/U1001/Z (CKXOR2D1)                   0.04       0.39 f
  impl/mantissa_core/U698/ZN (MUX2ND0)                    0.04       0.43 r
  impl/mantissa_core/U228/S (FA1D0)                       0.07       0.50 f
  impl/mantissa_core/U34/ZN (CKND2D0)                     0.04       0.54 r
  impl/mantissa_core/U1569/ZN (OAI21D1)                   0.02       0.56 f
  impl/mantissa_core/U1570/ZN (AOI21D1)                   0.04       0.60 r
  impl/mantissa_core/U36/ZN (OAI21D0)                     0.03       0.63 f
  impl/mantissa_core/U764/ZN (AOI21D1)                    0.05       0.68 r
  impl/mantissa_core/U1573/ZN (OAI21D1)                   0.03       0.71 f
  impl/mantissa_core/U414/CO (FA1D1)                      0.05       0.75 f
  impl/mantissa_core/U1574/ZN (INVD1)                     0.01       0.77 r
  impl/mantissa_core/U41/ZN (OAI21D0)                     0.03       0.80 f
  impl/mantissa_core/U385/CO (FA1D1)                      0.05       0.85 f
  impl/mantissa_core/U370/CO (FA1D1)                      0.04       0.89 f
  impl/mantissa_core/U770/CO (FA1D0)                      0.06       0.95 f
  impl/mantissa_core/U185/CO (FA1D1)                      0.04       0.99 f
  impl/mantissa_core/U326/ZN (IOA21D1)                    0.02       1.01 r
  impl/mantissa_core/U721/ZN (IOA21D1)                    0.02       1.03 f
  impl/mantissa_core/U312/CO (FA1D1)                      0.04       1.07 f
  impl/mantissa_core/U5/CO (FA1D0)                        0.05       1.12 f
  impl/mantissa_core/U301/ZN (INVD0)                      0.02       1.14 r
  impl/mantissa_core/U1953/ZN (IOA21D1)                   0.05       1.19 r
  impl/mantissa_core/csa1/input_c[27] (csa3_WIDTH29_1)
                                                          0.00       1.19 r
  impl/mantissa_core/csa1/U85/Z (XOR3D2)                  0.10       1.29 r
  impl/mantissa_core/csa1/sum[27] (csa3_WIDTH29_1)        0.00       1.29 r
  impl/mantissa_core/csa2/input_a[27] (csa3_WIDTH29_0)
                                                          0.00       1.29 r
  impl/mantissa_core/csa2/U36/Z (CKXOR2D1)                0.05       1.34 f
  impl/mantissa_core/csa2/sum[27] (csa3_WIDTH29_0)        0.00       1.34 f
  impl/mantissa_core/U51/ZN (NR2D1)                       0.04       1.38 r
  impl/mantissa_core/U724/Z (OA21D1)                      0.04       1.42 r
  impl/mantissa_core/U1251/ZN (OAI21D1)                   0.02       1.44 f
  impl/mantissa_core/U292/ZN (XNR2D0)                     0.05       1.49 r
  impl/mantissa_core/shared_s4_reg_28_/D (DFQD1)          0.00       1.49 r
  data arrival time                                                  1.49

  clock clk (rise edge)                                   1.50       1.50
  clock network delay (ideal)                             0.00       1.50
  impl/mantissa_core/shared_s4_reg_28_/CP (DFQD1)         0.00       1.50 r
  library setup time                                     -0.01       1.49
  data required time                                                 1.49
  --------------------------------------------------------------------------
  data required time                                                 1.49
  data arrival time                                                 -1.49
  --------------------------------------------------------------------------
  slack (MET)                                                        0.00


  Startpoint: impl/mantissa_core/x_s3_reg_0_
              (rising edge-triggered flip-flop clocked by clk)
  Endpoint: impl/mantissa_core/shared_s4_reg_28_
            (rising edge-triggered flip-flop clocked by clk)
  Path Group: clk
  Path Type: max

  Des/Clust/Port     Wire Load Model       Library
  ------------------------------------------------
  recip_scale_fixed_APPROX_LEVEL3_VALUE_WIDTH29
                     ZeroWireload          tcbn65gplustc_ccs
  oadm_core_eq1011_APPROX_LEVEL3
                     ZeroWireload          tcbn65gplustc_ccs
  oadm_dm_eq_l3      ZeroWireload          tcbn65gplustc_ccs
  oadm_dm_eq1011_APPROX_LEVEL3
                     ZeroWireload          tcbn65gplustc_ccs
  csa3_WIDTH29_1     ZeroWireload          tcbn65gplustc_ccs
  csa3_WIDTH29_0     ZeroWireload          tcbn65gplustc_ccs

  Point                                                   Incr       Path
  --------------------------------------------------------------------------
  clock clk (rise edge)                                   0.00       0.00
  clock network delay (ideal)                             0.00       0.00
  impl/mantissa_core/x_s3_reg_0_/CP (DFQD4)               0.00       0.00 r
  impl/mantissa_core/x_s3_reg_0_/Q (DFQD4)                0.09       0.09 f
  impl/mantissa_core/U921/ZN (NR2XD0)                     0.03       0.12 r
  impl/mantissa_core/U923/ZN (ND3D2)                      0.03       0.15 f
  impl/mantissa_core/U924/ZN (INR2XD1)                    0.03       0.18 r
  impl/mantissa_core/U927/ZN (ND3D2)                      0.04       0.22 f
  impl/mantissa_core/U540/ZN (NR4D2)                      0.04       0.26 r
  impl/mantissa_core/U533/ZN (CKND2D2)                    0.03       0.29 f
  impl/mantissa_core/U994/ZN (NR3D2)                      0.03       0.32 r
  impl/mantissa_core/U1000/ZN (CKND2D1)                   0.02       0.34 f
  impl/mantissa_core/U1001/Z (CKXOR2D1)                   0.04       0.39 f
  impl/mantissa_core/U698/ZN (MUX2ND0)                    0.04       0.43 r
  impl/mantissa_core/U228/S (FA1D0)                       0.07       0.50 f
  impl/mantissa_core/U34/ZN (CKND2D0)                     0.04       0.54 r
  impl/mantissa_core/U1569/ZN (OAI21D1)                   0.02       0.56 f
  impl/mantissa_core/U1570/ZN (AOI21D1)                   0.04       0.60 r
  impl/mantissa_core/U36/ZN (OAI21D0)                     0.03       0.63 f
  impl/mantissa_core/U764/ZN (AOI21D1)                    0.05       0.68 r
  impl/mantissa_core/U1573/ZN (OAI21D1)                   0.03       0.71 f
  impl/mantissa_core/U414/CO (FA1D1)                      0.05       0.75 f
  impl/mantissa_core/U1574/ZN (INVD1)                     0.01       0.77 r
  impl/mantissa_core/U41/ZN (OAI21D0)                     0.03       0.80 f
  impl/mantissa_core/U385/CO (FA1D1)                      0.05       0.85 f
  impl/mantissa_core/U370/CO (FA1D1)                      0.04       0.89 f
  impl/mantissa_core/U770/CO (FA1D0)                      0.06       0.95 f
  impl/mantissa_core/U185/CO (FA1D1)                      0.04       0.99 f
  impl/mantissa_core/U326/ZN (IOA21D1)                    0.02       1.01 r
  impl/mantissa_core/U721/ZN (IOA21D1)                    0.02       1.03 f
  impl/mantissa_core/U312/CO (FA1D1)                      0.04       1.07 f
  impl/mantissa_core/U5/CO (FA1D0)                        0.05       1.12 f
  impl/mantissa_core/U301/ZN (INVD0)                      0.02       1.14 r
  impl/mantissa_core/U1953/ZN (IOA21D1)                   0.05       1.19 r
  impl/mantissa_core/csa1/input_c[27] (csa3_WIDTH29_1)
                                                          0.00       1.19 r
  impl/mantissa_core/csa1/U85/Z (XOR3D2)                  0.10       1.29 r
  impl/mantissa_core/csa1/sum[27] (csa3_WIDTH29_1)        0.00       1.29 r
  impl/mantissa_core/csa2/input_a[27] (csa3_WIDTH29_0)
                                                          0.00       1.29 r
  impl/mantissa_core/csa2/U36/Z (CKXOR2D1)                0.05       1.34 f
  impl/mantissa_core/csa2/sum[27] (csa3_WIDTH29_0)        0.00       1.34 f
  impl/mantissa_core/U51/ZN (NR2D1)                       0.04       1.38 r
  impl/mantissa_core/U724/Z (OA21D1)                      0.04       1.42 r
  impl/mantissa_core/U1251/ZN (OAI21D1)                   0.02       1.44 f
  impl/mantissa_core/U292/ZN (XNR2D0)                     0.05       1.49 r
  impl/mantissa_core/shared_s4_reg_28_/D (DFQD1)          0.00       1.49 r
  data arrival time                                                  1.49

  clock clk (rise edge)                                   1.50       1.50
  clock network delay (ideal)                             0.00       1.50
  impl/mantissa_core/shared_s4_reg_28_/CP (DFQD1)         0.00       1.50 r
  library setup time                                     -0.01       1.49
  data required time                                                 1.49
  --------------------------------------------------------------------------
  data required time                                                 1.49
  data arrival time                                                 -1.49
  --------------------------------------------------------------------------
  slack (MET)                                                        0.00


  Startpoint: impl/mantissa_core/x_s3_reg_0_
              (rising edge-triggered flip-flop clocked by clk)
  Endpoint: impl/mantissa_core/shared_s4_reg_28_
            (rising edge-triggered flip-flop clocked by clk)
  Path Group: clk
  Path Type: max

  Des/Clust/Port     Wire Load Model       Library
  ------------------------------------------------
  recip_scale_fixed_APPROX_LEVEL3_VALUE_WIDTH29
                     ZeroWireload          tcbn65gplustc_ccs
  oadm_core_eq1011_APPROX_LEVEL3
                     ZeroWireload          tcbn65gplustc_ccs
  oadm_dm_eq_l3      ZeroWireload          tcbn65gplustc_ccs
  oadm_dm_eq1011_APPROX_LEVEL3
                     ZeroWireload          tcbn65gplustc_ccs
  csa3_WIDTH29_1     ZeroWireload          tcbn65gplustc_ccs
  csa3_WIDTH29_0     ZeroWireload          tcbn65gplustc_ccs

  Point                                                   Incr       Path
  --------------------------------------------------------------------------
  clock clk (rise edge)                                   0.00       0.00
  clock network delay (ideal)                             0.00       0.00
  impl/mantissa_core/x_s3_reg_0_/CP (DFQD4)               0.00       0.00 r
  impl/mantissa_core/x_s3_reg_0_/Q (DFQD4)                0.09       0.09 f
  impl/mantissa_core/U921/ZN (NR2XD0)                     0.03       0.12 r
  impl/mantissa_core/U923/ZN (ND3D2)                      0.03       0.15 f
  impl/mantissa_core/U924/ZN (INR2XD1)                    0.03       0.18 r
  impl/mantissa_core/U927/ZN (ND3D2)                      0.04       0.22 f
  impl/mantissa_core/U540/ZN (NR4D2)                      0.04       0.26 r
  impl/mantissa_core/U533/ZN (CKND2D2)                    0.03       0.29 f
  impl/mantissa_core/U994/ZN (NR3D2)                      0.03       0.32 r
  impl/mantissa_core/U1000/ZN (CKND2D1)                   0.02       0.34 f
  impl/mantissa_core/U1001/Z (CKXOR2D1)                   0.04       0.39 f
  impl/mantissa_core/U698/ZN (MUX2ND0)                    0.04       0.43 r
  impl/mantissa_core/U228/S (FA1D0)                       0.07       0.50 f
  impl/mantissa_core/U34/ZN (CKND2D0)                     0.04       0.54 r
  impl/mantissa_core/U1569/ZN (OAI21D1)                   0.02       0.56 f
  impl/mantissa_core/U1570/ZN (AOI21D1)                   0.04       0.60 r
  impl/mantissa_core/U36/ZN (OAI21D0)                     0.03       0.63 f
  impl/mantissa_core/U764/ZN (AOI21D1)                    0.05       0.68 r
  impl/mantissa_core/U1573/ZN (OAI21D1)                   0.03       0.71 f
  impl/mantissa_core/U414/CO (FA1D1)                      0.05       0.75 f
  impl/mantissa_core/U1574/ZN (INVD1)                     0.01       0.77 r
  impl/mantissa_core/U41/ZN (OAI21D0)                     0.03       0.80 f
  impl/mantissa_core/U385/CO (FA1D1)                      0.05       0.85 f
  impl/mantissa_core/U370/CO (FA1D1)                      0.04       0.89 f
  impl/mantissa_core/U770/CO (FA1D0)                      0.06       0.95 f
  impl/mantissa_core/U185/CO (FA1D1)                      0.04       0.99 f
  impl/mantissa_core/U326/ZN (IOA21D1)                    0.02       1.01 r
  impl/mantissa_core/U721/ZN (IOA21D1)                    0.02       1.03 f
  impl/mantissa_core/U312/CO (FA1D1)                      0.04       1.07 f
  impl/mantissa_core/U5/CO (FA1D0)                        0.05       1.12 f
  impl/mantissa_core/U301/ZN (INVD0)                      0.02       1.14 r
  impl/mantissa_core/U1953/ZN (IOA21D1)                   0.05       1.19 r
  impl/mantissa_core/csa1/input_c[27] (csa3_WIDTH29_1)
                                                          0.00       1.19 r
  impl/mantissa_core/csa1/U85/Z (XOR3D2)                  0.10       1.29 r
  impl/mantissa_core/csa1/sum[27] (csa3_WIDTH29_1)        0.00       1.29 r
  impl/mantissa_core/csa2/input_a[27] (csa3_WIDTH29_0)
                                                          0.00       1.29 r
  impl/mantissa_core/csa2/U36/Z (CKXOR2D1)                0.05       1.34 f
  impl/mantissa_core/csa2/sum[27] (csa3_WIDTH29_0)        0.00       1.34 f
  impl/mantissa_core/U51/ZN (NR2D1)                       0.04       1.38 r
  impl/mantissa_core/U724/Z (OA21D1)                      0.04       1.42 r
  impl/mantissa_core/U1251/ZN (OAI21D1)                   0.02       1.44 f
  impl/mantissa_core/U292/ZN (XNR2D0)                     0.05       1.49 r
  impl/mantissa_core/shared_s4_reg_28_/D (DFQD1)          0.00       1.49 r
  data arrival time                                                  1.49

  clock clk (rise edge)                                   1.50       1.50
  clock network delay (ideal)                             0.00       1.50
  impl/mantissa_core/shared_s4_reg_28_/CP (DFQD1)         0.00       1.50 r
  library setup time                                     -0.01       1.49
  data required time                                                 1.49
  --------------------------------------------------------------------------
  data required time                                                 1.49
  data arrival time                                                 -1.49
  --------------------------------------------------------------------------
  slack (MET)                                                        0.00


1
