 
****************************************
Report : timing
        -path full
        -delay max
        -nworst 10
        -max_paths 10
Design : oadm_fixed_l2_div_opt
Version: U-2022.12-SP7
Date   : Thu Sep  3 12:30:55 2026
****************************************

Operating Conditions: NCCOM   Library: tcbn65gplustc_ccs
Wire Load Model Mode: segmented

  Startpoint: y[22] (input port clocked by vclk)
  Endpoint: result[30] (output port clocked by vclk)
  Path Group: vclk
  Path Type: max

  Des/Clust/Port     Wire Load Model       Library
  ------------------------------------------------
  oadm_fixed_l2_div_opt ZeroWireload       tcbn65gplustc_ccs
  oadm_multilevel_opt_FIXED_LEVEL2 ZeroWireload tcbn65gplustc_ccs
  fp32_normal_finite_wrapper ZeroWireload  tcbn65gplustc_ccs
  oadm_multilevel_rounding_lut_0 ZeroWireload tcbn65gplustc_ccs
  oadm_fixed_plane_centered_LEVEL2_DW_mult_tc_0 ZeroWireload tcbn65gplustc_ccs
  oadm_fixed_plane_centered_LEVEL2 ZeroWireload tcbn65gplustc_ccs
  oadm_fixed_plane_centered_LEVEL2_DW01_sub_3 ZeroWireload tcbn65gplustc_ccs
  oadm_fixed_plane_centered_LEVEL2_DW01_sub_0 ZeroWireload tcbn65gplustc_ccs
  oadm_multilevel_opt_FIXED_LEVEL2_DW_mult_uns_0_DW_mult_uns_2 ZeroWireload tcbn65gplustc_ccs

  Point                                                                                                         Incr       Path
  --------------------------------------------------------------------------------------------------------------------------------
  clock vclk (rise edge)                                                                                        0.00       0.00
  clock network delay (ideal)                                                                                   0.00       0.00
  input external delay                                                                                          0.02       0.02 f
  y[22] (in)                                                                                                    0.00       0.02 f
  impl/y[22] (oadm_multilevel_opt_FIXED_LEVEL2)                                                                 0.00       0.02 f
  impl/fp_wrapper/y[22] (fp32_normal_finite_wrapper)                                                            0.00       0.02 f
  impl/fp_wrapper/U43/Z (CKBD1)                                                                                 0.13       0.15 f
  impl/fp_wrapper/fraction_y[22] (fp32_normal_finite_wrapper)                                                   0.00       0.15 f
  impl/fixed_centered_plane_plane/y_mantissa[22] (oadm_fixed_plane_centered_LEVEL2)                             0.00       0.15 f
  impl/fixed_centered_plane_plane/mult_31/b[3] (oadm_fixed_plane_centered_LEVEL2_DW_mult_tc_0)                  0.00       0.15 f
  impl/fixed_centered_plane_plane/mult_31/U218/ZN (INVD1)                                                       0.12       0.27 r
  impl/fixed_centered_plane_plane/mult_31/U214/ZN (INVD1)                                                       0.09       0.36 f
  impl/fixed_centered_plane_plane/mult_31/U256/ZN (IND2D0)                                                      0.16       0.52 f
  impl/fixed_centered_plane_plane/mult_31/U258/ZN (OAI22D0)                                                     0.09       0.62 r
  impl/fixed_centered_plane_plane/mult_31/U66/S (HA1D0)                                                         0.07       0.69 f
  impl/fixed_centered_plane_plane/mult_31/U220/ZN (CKND0)                                                       0.02       0.71 r
  impl/fixed_centered_plane_plane/mult_31/U216/ZN (MAOI222D0)                                                   0.04       0.75 f
  impl/fixed_centered_plane_plane/mult_31/U39/CO (FA1D0)                                                        0.07       0.81 f
  impl/fixed_centered_plane_plane/mult_31/U38/CO (FA1D0)                                                        0.06       0.87 f
  impl/fixed_centered_plane_plane/mult_31/U37/CO (FA1D0)                                                        0.06       0.92 f
  impl/fixed_centered_plane_plane/mult_31/U36/CO (FA1D0)                                                        0.06       0.98 f
  impl/fixed_centered_plane_plane/mult_31/U35/CO (FA1D0)                                                        0.06       1.03 f
  impl/fixed_centered_plane_plane/mult_31/U34/CO (FA1D0)                                                        0.06       1.09 f
  impl/fixed_centered_plane_plane/mult_31/U33/CO (FA1D0)                                                        0.06       1.14 f
  impl/fixed_centered_plane_plane/mult_31/U32/CO (FA1D0)                                                        0.06       1.20 f
  impl/fixed_centered_plane_plane/mult_31/U31/CO (FA1D0)                                                        0.06       1.25 f
  impl/fixed_centered_plane_plane/mult_31/U30/CO (FA1D0)                                                        0.06       1.31 f
  impl/fixed_centered_plane_plane/mult_31/U29/CO (FA1D0)                                                        0.06       1.37 f
  impl/fixed_centered_plane_plane/mult_31/U28/CO (FA1D0)                                                        0.06       1.42 f
  impl/fixed_centered_plane_plane/mult_31/U27/CO (FA1D0)                                                        0.06       1.48 f
  impl/fixed_centered_plane_plane/mult_31/U26/CO (FA1D0)                                                        0.06       1.53 f
  impl/fixed_centered_plane_plane/mult_31/U25/CO (FA1D0)                                                        0.06       1.59 f
  impl/fixed_centered_plane_plane/mult_31/U24/CO (FA1D0)                                                        0.06       1.64 f
  impl/fixed_centered_plane_plane/mult_31/U23/CO (FA1D0)                                                        0.06       1.70 f
  impl/fixed_centered_plane_plane/mult_31/U22/CO (FA1D0)                                                        0.06       1.75 f
  impl/fixed_centered_plane_plane/mult_31/U21/CO (FA1D0)                                                        0.06       1.81 f
  impl/fixed_centered_plane_plane/mult_31/U20/CO (FA1D0)                                                        0.06       1.86 f
  impl/fixed_centered_plane_plane/mult_31/U19/CO (FA1D0)                                                        0.06       1.92 f
  impl/fixed_centered_plane_plane/mult_31/U18/CO (FA1D0)                                                        0.05       1.97 f
  impl/fixed_centered_plane_plane/mult_31/U243/ZN (CKND0)                                                       0.07       2.04 r
  impl/fixed_centered_plane_plane/mult_31/product[26] (oadm_fixed_plane_centered_LEVEL2_DW_mult_tc_0)           0.00       2.04 r
  impl/fixed_centered_plane_plane/U8/S (FA1D0)                                                                  0.12       2.16 f
  impl/fixed_centered_plane_plane/sub_0_root_sub_67/A[22] (oadm_fixed_plane_centered_LEVEL2_DW01_sub_3)         0.00       2.16 f
  impl/fixed_centered_plane_plane/sub_0_root_sub_67/U2_22/CO (FA1D0)                                            0.10       2.26 f
  impl/fixed_centered_plane_plane/sub_0_root_sub_67/U2_23/S (FA1D0)                                             0.08       2.34 r
  impl/fixed_centered_plane_plane/sub_0_root_sub_67/DIFF[23] (oadm_fixed_plane_centered_LEVEL2_DW01_sub_3)      0.00       2.34 r
  impl/fixed_centered_plane_plane/sub_70/A[23] (oadm_fixed_plane_centered_LEVEL2_DW01_sub_0)                    0.00       2.34 r
  impl/fixed_centered_plane_plane/sub_70/U66/ZN (XNR2D1)                                                        0.06       2.40 r
  impl/fixed_centered_plane_plane/sub_70/DIFF[23] (oadm_fixed_plane_centered_LEVEL2_DW01_sub_0)                 0.00       2.40 r
  impl/fixed_centered_plane_plane/plane_exact[23] (oadm_fixed_plane_centered_LEVEL2)                            0.00       2.40 r
  impl/mult_67/a[23] (oadm_multilevel_opt_FIXED_LEVEL2_DW_mult_uns_0_DW_mult_uns_2)                             0.00       2.40 r
  impl/mult_67/U334/ZN (INVD1)                                                                                  0.02       2.42 f
  impl/mult_67/U412/ZN (NR2D0)                                                                                  0.05       2.47 r
  impl/mult_67/U66/S (CMPE42D1)                                                                                 0.19       2.65 f
  impl/mult_67/U32/CO (FA1D0)                                                                                   0.08       2.73 f
  impl/mult_67/U31/CO (FA1D0)                                                                                   0.06       2.79 f
  impl/mult_67/U30/CO (FA1D0)                                                                                   0.06       2.84 f
  impl/mult_67/U29/CO (FA1D0)                                                                                   0.06       2.90 f
  impl/mult_67/U28/CO (FA1D0)                                                                                   0.06       2.95 f
  impl/mult_67/U27/CO (FA1D0)                                                                                   0.06       3.01 f
  impl/mult_67/U26/CO (FA1D0)                                                                                   0.06       3.06 f
  impl/mult_67/U25/CO (FA1D0)                                                                                   0.05       3.12 f
  impl/mult_67/U330/ZN (XNR3D0)                                                                                 0.11       3.23 r
  impl/mult_67/U417/Z (XOR3D0)                                                                                  0.07       3.30 f
  impl/mult_67/product[31] (oadm_multilevel_opt_FIXED_LEVEL2_DW_mult_uns_0_DW_mult_uns_2)                       0.00       3.30 f
  impl/U56/ZN (INVD1)                                                                                           0.11       3.40 r
  impl/U55/ZN (ND3D1)                                                                                           0.17       3.58 f
  impl/U3/ZN (ND2D1)                                                                                            0.13       3.70 r
  impl/fp_wrapper/exponent_adjust[1] (fp32_normal_finite_wrapper)                                               0.00       3.70 r
  impl/fp_wrapper/U5/CO (FA1D0)                                                                                 0.10       3.81 r
  impl/fp_wrapper/U6/CO (FA1D0)                                                                                 0.05       3.86 r
  impl/fp_wrapper/U7/CO (FA1D0)                                                                                 0.05       3.91 r
  impl/fp_wrapper/U8/CO (FA1D0)                                                                                 0.05       3.96 r
  impl/fp_wrapper/U9/CO (FA1D0)                                                                                 0.05       4.01 r
  impl/fp_wrapper/U10/CO (FA1D0)                                                                                0.05       4.06 r
  impl/fp_wrapper/U42/Z (XOR3D1)                                                                                0.08       4.14 f
  impl/fp_wrapper/result[30] (fp32_normal_finite_wrapper)                                                       0.00       4.14 f
  impl/result[30] (oadm_multilevel_opt_FIXED_LEVEL2)                                                            0.00       4.14 f
  result[30] (out)                                                                                              0.00       4.14 f
  data arrival time                                                                                                        4.14

  clock vclk (rise edge)                                                                                       10.00      10.00
  clock network delay (ideal)                                                                                   0.00      10.00
  output external delay                                                                                        -0.02       9.98
  data required time                                                                                                       9.98
  --------------------------------------------------------------------------------------------------------------------------------
  data required time                                                                                                       9.98
  data arrival time                                                                                                       -4.14
  --------------------------------------------------------------------------------------------------------------------------------
  slack (MET)                                                                                                              5.84


  Startpoint: y[22] (input port clocked by vclk)
  Endpoint: result[30] (output port clocked by vclk)
  Path Group: vclk
  Path Type: max

  Des/Clust/Port     Wire Load Model       Library
  ------------------------------------------------
  oadm_fixed_l2_div_opt ZeroWireload       tcbn65gplustc_ccs
  oadm_multilevel_opt_FIXED_LEVEL2 ZeroWireload tcbn65gplustc_ccs
  fp32_normal_finite_wrapper ZeroWireload  tcbn65gplustc_ccs
  oadm_multilevel_rounding_lut_0 ZeroWireload tcbn65gplustc_ccs
  oadm_fixed_plane_centered_LEVEL2_DW_mult_tc_0 ZeroWireload tcbn65gplustc_ccs
  oadm_fixed_plane_centered_LEVEL2 ZeroWireload tcbn65gplustc_ccs
  oadm_fixed_plane_centered_LEVEL2_DW01_sub_3 ZeroWireload tcbn65gplustc_ccs
  oadm_fixed_plane_centered_LEVEL2_DW01_sub_0 ZeroWireload tcbn65gplustc_ccs
  oadm_multilevel_opt_FIXED_LEVEL2_DW_mult_uns_0_DW_mult_uns_2 ZeroWireload tcbn65gplustc_ccs

  Point                                                                                                         Incr       Path
  --------------------------------------------------------------------------------------------------------------------------------
  clock vclk (rise edge)                                                                                        0.00       0.00
  clock network delay (ideal)                                                                                   0.00       0.00
  input external delay                                                                                          0.02       0.02 f
  y[22] (in)                                                                                                    0.00       0.02 f
  impl/y[22] (oadm_multilevel_opt_FIXED_LEVEL2)                                                                 0.00       0.02 f
  impl/fp_wrapper/y[22] (fp32_normal_finite_wrapper)                                                            0.00       0.02 f
  impl/fp_wrapper/U43/Z (CKBD1)                                                                                 0.13       0.15 f
  impl/fp_wrapper/fraction_y[22] (fp32_normal_finite_wrapper)                                                   0.00       0.15 f
  impl/fixed_centered_plane_plane/y_mantissa[22] (oadm_fixed_plane_centered_LEVEL2)                             0.00       0.15 f
  impl/fixed_centered_plane_plane/mult_31/b[3] (oadm_fixed_plane_centered_LEVEL2_DW_mult_tc_0)                  0.00       0.15 f
  impl/fixed_centered_plane_plane/mult_31/U218/ZN (INVD1)                                                       0.12       0.27 r
  impl/fixed_centered_plane_plane/mult_31/U214/ZN (INVD1)                                                       0.09       0.36 f
  impl/fixed_centered_plane_plane/mult_31/U256/ZN (IND2D0)                                                      0.16       0.52 f
  impl/fixed_centered_plane_plane/mult_31/U258/ZN (OAI22D0)                                                     0.09       0.62 r
  impl/fixed_centered_plane_plane/mult_31/U66/S (HA1D0)                                                         0.07       0.69 f
  impl/fixed_centered_plane_plane/mult_31/U220/ZN (CKND0)                                                       0.02       0.71 r
  impl/fixed_centered_plane_plane/mult_31/U216/ZN (MAOI222D0)                                                   0.04       0.75 f
  impl/fixed_centered_plane_plane/mult_31/U39/CO (FA1D0)                                                        0.07       0.81 f
  impl/fixed_centered_plane_plane/mult_31/U38/CO (FA1D0)                                                        0.06       0.87 f
  impl/fixed_centered_plane_plane/mult_31/U37/CO (FA1D0)                                                        0.06       0.92 f
  impl/fixed_centered_plane_plane/mult_31/U36/CO (FA1D0)                                                        0.06       0.98 f
  impl/fixed_centered_plane_plane/mult_31/U35/CO (FA1D0)                                                        0.06       1.03 f
  impl/fixed_centered_plane_plane/mult_31/U34/CO (FA1D0)                                                        0.06       1.09 f
  impl/fixed_centered_plane_plane/mult_31/U33/CO (FA1D0)                                                        0.06       1.14 f
  impl/fixed_centered_plane_plane/mult_31/U32/CO (FA1D0)                                                        0.06       1.20 f
  impl/fixed_centered_plane_plane/mult_31/U31/CO (FA1D0)                                                        0.06       1.25 f
  impl/fixed_centered_plane_plane/mult_31/U30/CO (FA1D0)                                                        0.06       1.31 f
  impl/fixed_centered_plane_plane/mult_31/U29/CO (FA1D0)                                                        0.06       1.37 f
  impl/fixed_centered_plane_plane/mult_31/U28/CO (FA1D0)                                                        0.06       1.42 f
  impl/fixed_centered_plane_plane/mult_31/U27/CO (FA1D0)                                                        0.06       1.48 f
  impl/fixed_centered_plane_plane/mult_31/U26/CO (FA1D0)                                                        0.06       1.53 f
  impl/fixed_centered_plane_plane/mult_31/U25/CO (FA1D0)                                                        0.06       1.59 f
  impl/fixed_centered_plane_plane/mult_31/U24/CO (FA1D0)                                                        0.06       1.64 f
  impl/fixed_centered_plane_plane/mult_31/U23/CO (FA1D0)                                                        0.06       1.70 f
  impl/fixed_centered_plane_plane/mult_31/U22/CO (FA1D0)                                                        0.06       1.75 f
  impl/fixed_centered_plane_plane/mult_31/U21/CO (FA1D0)                                                        0.06       1.81 f
  impl/fixed_centered_plane_plane/mult_31/U20/CO (FA1D0)                                                        0.06       1.86 f
  impl/fixed_centered_plane_plane/mult_31/U19/CO (FA1D0)                                                        0.06       1.92 f
  impl/fixed_centered_plane_plane/mult_31/U18/CO (FA1D0)                                                        0.05       1.97 f
  impl/fixed_centered_plane_plane/mult_31/U243/ZN (CKND0)                                                       0.07       2.04 r
  impl/fixed_centered_plane_plane/mult_31/product[26] (oadm_fixed_plane_centered_LEVEL2_DW_mult_tc_0)           0.00       2.04 r
  impl/fixed_centered_plane_plane/U8/S (FA1D0)                                                                  0.12       2.16 f
  impl/fixed_centered_plane_plane/sub_0_root_sub_67/A[22] (oadm_fixed_plane_centered_LEVEL2_DW01_sub_3)         0.00       2.16 f
  impl/fixed_centered_plane_plane/sub_0_root_sub_67/U2_22/CO (FA1D0)                                            0.10       2.26 f
  impl/fixed_centered_plane_plane/sub_0_root_sub_67/U2_23/S (FA1D0)                                             0.08       2.34 r
  impl/fixed_centered_plane_plane/sub_0_root_sub_67/DIFF[23] (oadm_fixed_plane_centered_LEVEL2_DW01_sub_3)      0.00       2.34 r
  impl/fixed_centered_plane_plane/sub_70/A[23] (oadm_fixed_plane_centered_LEVEL2_DW01_sub_0)                    0.00       2.34 r
  impl/fixed_centered_plane_plane/sub_70/U66/ZN (XNR2D1)                                                        0.06       2.40 r
  impl/fixed_centered_plane_plane/sub_70/DIFF[23] (oadm_fixed_plane_centered_LEVEL2_DW01_sub_0)                 0.00       2.40 r
  impl/fixed_centered_plane_plane/plane_exact[23] (oadm_fixed_plane_centered_LEVEL2)                            0.00       2.40 r
  impl/mult_67/a[23] (oadm_multilevel_opt_FIXED_LEVEL2_DW_mult_uns_0_DW_mult_uns_2)                             0.00       2.40 r
  impl/mult_67/U334/ZN (INVD1)                                                                                  0.02       2.42 f
  impl/mult_67/U412/ZN (NR2D0)                                                                                  0.05       2.47 r
  impl/mult_67/U66/S (CMPE42D1)                                                                                 0.19       2.65 f
  impl/mult_67/U32/CO (FA1D0)                                                                                   0.08       2.73 f
  impl/mult_67/U31/CO (FA1D0)                                                                                   0.06       2.79 f
  impl/mult_67/U30/CO (FA1D0)                                                                                   0.06       2.84 f
  impl/mult_67/U29/CO (FA1D0)                                                                                   0.06       2.90 f
  impl/mult_67/U28/CO (FA1D0)                                                                                   0.06       2.95 f
  impl/mult_67/U27/CO (FA1D0)                                                                                   0.06       3.01 f
  impl/mult_67/U26/CO (FA1D0)                                                                                   0.06       3.06 f
  impl/mult_67/U25/CO (FA1D0)                                                                                   0.05       3.12 f
  impl/mult_67/U330/ZN (XNR3D0)                                                                                 0.11       3.23 r
  impl/mult_67/U417/Z (XOR3D0)                                                                                  0.07       3.30 f
  impl/mult_67/product[31] (oadm_multilevel_opt_FIXED_LEVEL2_DW_mult_uns_0_DW_mult_uns_2)                       0.00       3.30 f
  impl/U56/ZN (INVD1)                                                                                           0.11       3.40 r
  impl/U55/ZN (ND3D1)                                                                                           0.17       3.58 f
  impl/U3/ZN (ND2D1)                                                                                            0.13       3.70 r
  impl/fp_wrapper/exponent_adjust[1] (fp32_normal_finite_wrapper)                                               0.00       3.70 r
  impl/fp_wrapper/U5/CO (FA1D0)                                                                                 0.10       3.81 r
  impl/fp_wrapper/U6/CO (FA1D0)                                                                                 0.05       3.86 r
  impl/fp_wrapper/U7/CO (FA1D0)                                                                                 0.05       3.91 r
  impl/fp_wrapper/U8/CO (FA1D0)                                                                                 0.05       3.96 r
  impl/fp_wrapper/U9/CO (FA1D0)                                                                                 0.05       4.01 r
  impl/fp_wrapper/U10/CO (FA1D0)                                                                                0.05       4.06 r
  impl/fp_wrapper/U42/Z (XOR3D1)                                                                                0.08       4.14 f
  impl/fp_wrapper/result[30] (fp32_normal_finite_wrapper)                                                       0.00       4.14 f
  impl/result[30] (oadm_multilevel_opt_FIXED_LEVEL2)                                                            0.00       4.14 f
  result[30] (out)                                                                                              0.00       4.14 f
  data arrival time                                                                                                        4.14

  clock vclk (rise edge)                                                                                       10.00      10.00
  clock network delay (ideal)                                                                                   0.00      10.00
  output external delay                                                                                        -0.02       9.98
  data required time                                                                                                       9.98
  --------------------------------------------------------------------------------------------------------------------------------
  data required time                                                                                                       9.98
  data arrival time                                                                                                       -4.14
  --------------------------------------------------------------------------------------------------------------------------------
  slack (MET)                                                                                                              5.84


  Startpoint: y[22] (input port clocked by vclk)
  Endpoint: result[30] (output port clocked by vclk)
  Path Group: vclk
  Path Type: max

  Des/Clust/Port     Wire Load Model       Library
  ------------------------------------------------
  oadm_fixed_l2_div_opt ZeroWireload       tcbn65gplustc_ccs
  oadm_multilevel_opt_FIXED_LEVEL2 ZeroWireload tcbn65gplustc_ccs
  fp32_normal_finite_wrapper ZeroWireload  tcbn65gplustc_ccs
  oadm_multilevel_rounding_lut_0 ZeroWireload tcbn65gplustc_ccs
  oadm_fixed_plane_centered_LEVEL2_DW_mult_tc_0 ZeroWireload tcbn65gplustc_ccs
  oadm_fixed_plane_centered_LEVEL2 ZeroWireload tcbn65gplustc_ccs
  oadm_fixed_plane_centered_LEVEL2_DW01_sub_3 ZeroWireload tcbn65gplustc_ccs
  oadm_fixed_plane_centered_LEVEL2_DW01_sub_0 ZeroWireload tcbn65gplustc_ccs
  oadm_multilevel_opt_FIXED_LEVEL2_DW_mult_uns_0_DW_mult_uns_2 ZeroWireload tcbn65gplustc_ccs

  Point                                                                                                         Incr       Path
  --------------------------------------------------------------------------------------------------------------------------------
  clock vclk (rise edge)                                                                                        0.00       0.00
  clock network delay (ideal)                                                                                   0.00       0.00
  input external delay                                                                                          0.02       0.02 f
  y[22] (in)                                                                                                    0.00       0.02 f
  impl/y[22] (oadm_multilevel_opt_FIXED_LEVEL2)                                                                 0.00       0.02 f
  impl/fp_wrapper/y[22] (fp32_normal_finite_wrapper)                                                            0.00       0.02 f
  impl/fp_wrapper/U43/Z (CKBD1)                                                                                 0.13       0.15 f
  impl/fp_wrapper/fraction_y[22] (fp32_normal_finite_wrapper)                                                   0.00       0.15 f
  impl/fixed_centered_plane_plane/y_mantissa[22] (oadm_fixed_plane_centered_LEVEL2)                             0.00       0.15 f
  impl/fixed_centered_plane_plane/mult_31/b[3] (oadm_fixed_plane_centered_LEVEL2_DW_mult_tc_0)                  0.00       0.15 f
  impl/fixed_centered_plane_plane/mult_31/U218/ZN (INVD1)                                                       0.12       0.27 r
  impl/fixed_centered_plane_plane/mult_31/U214/ZN (INVD1)                                                       0.09       0.36 f
  impl/fixed_centered_plane_plane/mult_31/U256/ZN (IND2D0)                                                      0.16       0.52 f
  impl/fixed_centered_plane_plane/mult_31/U258/ZN (OAI22D0)                                                     0.09       0.62 r
  impl/fixed_centered_plane_plane/mult_31/U66/S (HA1D0)                                                         0.07       0.69 f
  impl/fixed_centered_plane_plane/mult_31/U220/ZN (CKND0)                                                       0.02       0.71 r
  impl/fixed_centered_plane_plane/mult_31/U216/ZN (MAOI222D0)                                                   0.04       0.75 f
  impl/fixed_centered_plane_plane/mult_31/U39/CO (FA1D0)                                                        0.07       0.81 f
  impl/fixed_centered_plane_plane/mult_31/U38/CO (FA1D0)                                                        0.06       0.87 f
  impl/fixed_centered_plane_plane/mult_31/U37/CO (FA1D0)                                                        0.06       0.92 f
  impl/fixed_centered_plane_plane/mult_31/U36/CO (FA1D0)                                                        0.06       0.98 f
  impl/fixed_centered_plane_plane/mult_31/U35/CO (FA1D0)                                                        0.06       1.03 f
  impl/fixed_centered_plane_plane/mult_31/U34/CO (FA1D0)                                                        0.06       1.09 f
  impl/fixed_centered_plane_plane/mult_31/U33/CO (FA1D0)                                                        0.06       1.14 f
  impl/fixed_centered_plane_plane/mult_31/U32/CO (FA1D0)                                                        0.06       1.20 f
  impl/fixed_centered_plane_plane/mult_31/U31/CO (FA1D0)                                                        0.06       1.25 f
  impl/fixed_centered_plane_plane/mult_31/U30/CO (FA1D0)                                                        0.06       1.31 f
  impl/fixed_centered_plane_plane/mult_31/U29/CO (FA1D0)                                                        0.06       1.37 f
  impl/fixed_centered_plane_plane/mult_31/U28/CO (FA1D0)                                                        0.06       1.42 f
  impl/fixed_centered_plane_plane/mult_31/U27/CO (FA1D0)                                                        0.06       1.48 f
  impl/fixed_centered_plane_plane/mult_31/U26/CO (FA1D0)                                                        0.06       1.53 f
  impl/fixed_centered_plane_plane/mult_31/U25/CO (FA1D0)                                                        0.06       1.59 f
  impl/fixed_centered_plane_plane/mult_31/U24/CO (FA1D0)                                                        0.06       1.64 f
  impl/fixed_centered_plane_plane/mult_31/U23/CO (FA1D0)                                                        0.06       1.70 f
  impl/fixed_centered_plane_plane/mult_31/U22/CO (FA1D0)                                                        0.06       1.75 f
  impl/fixed_centered_plane_plane/mult_31/U21/CO (FA1D0)                                                        0.06       1.81 f
  impl/fixed_centered_plane_plane/mult_31/U20/CO (FA1D0)                                                        0.06       1.86 f
  impl/fixed_centered_plane_plane/mult_31/U19/CO (FA1D0)                                                        0.06       1.92 f
  impl/fixed_centered_plane_plane/mult_31/U18/CO (FA1D0)                                                        0.05       1.97 f
  impl/fixed_centered_plane_plane/mult_31/U243/ZN (CKND0)                                                       0.07       2.04 r
  impl/fixed_centered_plane_plane/mult_31/product[26] (oadm_fixed_plane_centered_LEVEL2_DW_mult_tc_0)           0.00       2.04 r
  impl/fixed_centered_plane_plane/U8/S (FA1D0)                                                                  0.12       2.16 f
  impl/fixed_centered_plane_plane/sub_0_root_sub_67/A[22] (oadm_fixed_plane_centered_LEVEL2_DW01_sub_3)         0.00       2.16 f
  impl/fixed_centered_plane_plane/sub_0_root_sub_67/U2_22/CO (FA1D0)                                            0.10       2.26 f
  impl/fixed_centered_plane_plane/sub_0_root_sub_67/U2_23/S (FA1D0)                                             0.08       2.34 r
  impl/fixed_centered_plane_plane/sub_0_root_sub_67/DIFF[23] (oadm_fixed_plane_centered_LEVEL2_DW01_sub_3)      0.00       2.34 r
  impl/fixed_centered_plane_plane/sub_70/A[23] (oadm_fixed_plane_centered_LEVEL2_DW01_sub_0)                    0.00       2.34 r
  impl/fixed_centered_plane_plane/sub_70/U66/ZN (XNR2D1)                                                        0.06       2.40 r
  impl/fixed_centered_plane_plane/sub_70/DIFF[23] (oadm_fixed_plane_centered_LEVEL2_DW01_sub_0)                 0.00       2.40 r
  impl/fixed_centered_plane_plane/plane_exact[23] (oadm_fixed_plane_centered_LEVEL2)                            0.00       2.40 r
  impl/mult_67/a[23] (oadm_multilevel_opt_FIXED_LEVEL2_DW_mult_uns_0_DW_mult_uns_2)                             0.00       2.40 r
  impl/mult_67/U334/ZN (INVD1)                                                                                  0.02       2.42 f
  impl/mult_67/U412/ZN (NR2D0)                                                                                  0.05       2.47 r
  impl/mult_67/U66/S (CMPE42D1)                                                                                 0.19       2.65 f
  impl/mult_67/U32/CO (FA1D0)                                                                                   0.08       2.73 f
  impl/mult_67/U31/CO (FA1D0)                                                                                   0.06       2.79 f
  impl/mult_67/U30/CO (FA1D0)                                                                                   0.06       2.84 f
  impl/mult_67/U29/CO (FA1D0)                                                                                   0.06       2.90 f
  impl/mult_67/U28/CO (FA1D0)                                                                                   0.06       2.95 f
  impl/mult_67/U27/CO (FA1D0)                                                                                   0.06       3.01 f
  impl/mult_67/U26/CO (FA1D0)                                                                                   0.06       3.06 f
  impl/mult_67/U25/CO (FA1D0)                                                                                   0.05       3.12 f
  impl/mult_67/U330/ZN (XNR3D0)                                                                                 0.11       3.23 r
  impl/mult_67/U417/Z (XOR3D0)                                                                                  0.07       3.30 f
  impl/mult_67/product[31] (oadm_multilevel_opt_FIXED_LEVEL2_DW_mult_uns_0_DW_mult_uns_2)                       0.00       3.30 f
  impl/U56/ZN (INVD1)                                                                                           0.11       3.40 r
  impl/U55/ZN (ND3D1)                                                                                           0.17       3.58 f
  impl/U3/ZN (ND2D1)                                                                                            0.13       3.70 r
  impl/fp_wrapper/exponent_adjust[1] (fp32_normal_finite_wrapper)                                               0.00       3.70 r
  impl/fp_wrapper/U5/CO (FA1D0)                                                                                 0.10       3.81 r
  impl/fp_wrapper/U6/CO (FA1D0)                                                                                 0.05       3.86 r
  impl/fp_wrapper/U7/CO (FA1D0)                                                                                 0.05       3.91 r
  impl/fp_wrapper/U8/CO (FA1D0)                                                                                 0.05       3.96 r
  impl/fp_wrapper/U9/CO (FA1D0)                                                                                 0.05       4.01 r
  impl/fp_wrapper/U10/CO (FA1D0)                                                                                0.05       4.06 r
  impl/fp_wrapper/U42/Z (XOR3D1)                                                                                0.08       4.14 f
  impl/fp_wrapper/result[30] (fp32_normal_finite_wrapper)                                                       0.00       4.14 f
  impl/result[30] (oadm_multilevel_opt_FIXED_LEVEL2)                                                            0.00       4.14 f
  result[30] (out)                                                                                              0.00       4.14 f
  data arrival time                                                                                                        4.14

  clock vclk (rise edge)                                                                                       10.00      10.00
  clock network delay (ideal)                                                                                   0.00      10.00
  output external delay                                                                                        -0.02       9.98
  data required time                                                                                                       9.98
  --------------------------------------------------------------------------------------------------------------------------------
  data required time                                                                                                       9.98
  data arrival time                                                                                                       -4.14
  --------------------------------------------------------------------------------------------------------------------------------
  slack (MET)                                                                                                              5.84


  Startpoint: y[22] (input port clocked by vclk)
  Endpoint: result[30] (output port clocked by vclk)
  Path Group: vclk
  Path Type: max

  Des/Clust/Port     Wire Load Model       Library
  ------------------------------------------------
  oadm_fixed_l2_div_opt ZeroWireload       tcbn65gplustc_ccs
  oadm_multilevel_opt_FIXED_LEVEL2 ZeroWireload tcbn65gplustc_ccs
  fp32_normal_finite_wrapper ZeroWireload  tcbn65gplustc_ccs
  oadm_multilevel_rounding_lut_0 ZeroWireload tcbn65gplustc_ccs
  oadm_fixed_plane_centered_LEVEL2_DW_mult_tc_0 ZeroWireload tcbn65gplustc_ccs
  oadm_fixed_plane_centered_LEVEL2 ZeroWireload tcbn65gplustc_ccs
  oadm_fixed_plane_centered_LEVEL2_DW01_sub_3 ZeroWireload tcbn65gplustc_ccs
  oadm_fixed_plane_centered_LEVEL2_DW01_sub_0 ZeroWireload tcbn65gplustc_ccs
  oadm_multilevel_opt_FIXED_LEVEL2_DW_mult_uns_0_DW_mult_uns_2 ZeroWireload tcbn65gplustc_ccs

  Point                                                                                                         Incr       Path
  --------------------------------------------------------------------------------------------------------------------------------
  clock vclk (rise edge)                                                                                        0.00       0.00
  clock network delay (ideal)                                                                                   0.00       0.00
  input external delay                                                                                          0.02       0.02 f
  y[22] (in)                                                                                                    0.00       0.02 f
  impl/y[22] (oadm_multilevel_opt_FIXED_LEVEL2)                                                                 0.00       0.02 f
  impl/fp_wrapper/y[22] (fp32_normal_finite_wrapper)                                                            0.00       0.02 f
  impl/fp_wrapper/U43/Z (CKBD1)                                                                                 0.13       0.15 f
  impl/fp_wrapper/fraction_y[22] (fp32_normal_finite_wrapper)                                                   0.00       0.15 f
  impl/fixed_centered_plane_plane/y_mantissa[22] (oadm_fixed_plane_centered_LEVEL2)                             0.00       0.15 f
  impl/fixed_centered_plane_plane/mult_31/b[3] (oadm_fixed_plane_centered_LEVEL2_DW_mult_tc_0)                  0.00       0.15 f
  impl/fixed_centered_plane_plane/mult_31/U218/ZN (INVD1)                                                       0.12       0.27 r
  impl/fixed_centered_plane_plane/mult_31/U214/ZN (INVD1)                                                       0.09       0.36 f
  impl/fixed_centered_plane_plane/mult_31/U256/ZN (IND2D0)                                                      0.16       0.52 f
  impl/fixed_centered_plane_plane/mult_31/U258/ZN (OAI22D0)                                                     0.09       0.62 r
  impl/fixed_centered_plane_plane/mult_31/U66/S (HA1D0)                                                         0.07       0.69 f
  impl/fixed_centered_plane_plane/mult_31/U220/ZN (CKND0)                                                       0.02       0.71 r
  impl/fixed_centered_plane_plane/mult_31/U216/ZN (MAOI222D0)                                                   0.04       0.75 f
  impl/fixed_centered_plane_plane/mult_31/U39/CO (FA1D0)                                                        0.07       0.81 f
  impl/fixed_centered_plane_plane/mult_31/U38/CO (FA1D0)                                                        0.06       0.87 f
  impl/fixed_centered_plane_plane/mult_31/U37/CO (FA1D0)                                                        0.06       0.92 f
  impl/fixed_centered_plane_plane/mult_31/U36/CO (FA1D0)                                                        0.06       0.98 f
  impl/fixed_centered_plane_plane/mult_31/U35/CO (FA1D0)                                                        0.06       1.03 f
  impl/fixed_centered_plane_plane/mult_31/U34/CO (FA1D0)                                                        0.06       1.09 f
  impl/fixed_centered_plane_plane/mult_31/U33/CO (FA1D0)                                                        0.06       1.14 f
  impl/fixed_centered_plane_plane/mult_31/U32/CO (FA1D0)                                                        0.06       1.20 f
  impl/fixed_centered_plane_plane/mult_31/U31/CO (FA1D0)                                                        0.06       1.25 f
  impl/fixed_centered_plane_plane/mult_31/U30/CO (FA1D0)                                                        0.06       1.31 f
  impl/fixed_centered_plane_plane/mult_31/U29/CO (FA1D0)                                                        0.06       1.37 f
  impl/fixed_centered_plane_plane/mult_31/U28/CO (FA1D0)                                                        0.06       1.42 f
  impl/fixed_centered_plane_plane/mult_31/U27/CO (FA1D0)                                                        0.06       1.48 f
  impl/fixed_centered_plane_plane/mult_31/U26/CO (FA1D0)                                                        0.06       1.53 f
  impl/fixed_centered_plane_plane/mult_31/U25/CO (FA1D0)                                                        0.06       1.59 f
  impl/fixed_centered_plane_plane/mult_31/U24/CO (FA1D0)                                                        0.06       1.64 f
  impl/fixed_centered_plane_plane/mult_31/U23/CO (FA1D0)                                                        0.06       1.70 f
  impl/fixed_centered_plane_plane/mult_31/U22/CO (FA1D0)                                                        0.06       1.75 f
  impl/fixed_centered_plane_plane/mult_31/U21/CO (FA1D0)                                                        0.06       1.81 f
  impl/fixed_centered_plane_plane/mult_31/U20/CO (FA1D0)                                                        0.06       1.86 f
  impl/fixed_centered_plane_plane/mult_31/U19/CO (FA1D0)                                                        0.06       1.92 f
  impl/fixed_centered_plane_plane/mult_31/U18/CO (FA1D0)                                                        0.05       1.97 f
  impl/fixed_centered_plane_plane/mult_31/U243/ZN (CKND0)                                                       0.07       2.04 r
  impl/fixed_centered_plane_plane/mult_31/product[26] (oadm_fixed_plane_centered_LEVEL2_DW_mult_tc_0)           0.00       2.04 r
  impl/fixed_centered_plane_plane/U8/S (FA1D0)                                                                  0.12       2.16 f
  impl/fixed_centered_plane_plane/sub_0_root_sub_67/A[22] (oadm_fixed_plane_centered_LEVEL2_DW01_sub_3)         0.00       2.16 f
  impl/fixed_centered_plane_plane/sub_0_root_sub_67/U2_22/CO (FA1D0)                                            0.10       2.26 f
  impl/fixed_centered_plane_plane/sub_0_root_sub_67/U2_23/S (FA1D0)                                             0.08       2.34 r
  impl/fixed_centered_plane_plane/sub_0_root_sub_67/DIFF[23] (oadm_fixed_plane_centered_LEVEL2_DW01_sub_3)      0.00       2.34 r
  impl/fixed_centered_plane_plane/sub_70/A[23] (oadm_fixed_plane_centered_LEVEL2_DW01_sub_0)                    0.00       2.34 r
  impl/fixed_centered_plane_plane/sub_70/U66/ZN (XNR2D1)                                                        0.06       2.40 r
  impl/fixed_centered_plane_plane/sub_70/DIFF[23] (oadm_fixed_plane_centered_LEVEL2_DW01_sub_0)                 0.00       2.40 r
  impl/fixed_centered_plane_plane/plane_exact[23] (oadm_fixed_plane_centered_LEVEL2)                            0.00       2.40 r
  impl/mult_67/a[23] (oadm_multilevel_opt_FIXED_LEVEL2_DW_mult_uns_0_DW_mult_uns_2)                             0.00       2.40 r
  impl/mult_67/U334/ZN (INVD1)                                                                                  0.02       2.42 f
  impl/mult_67/U412/ZN (NR2D0)                                                                                  0.05       2.47 r
  impl/mult_67/U66/S (CMPE42D1)                                                                                 0.19       2.65 f
  impl/mult_67/U32/CO (FA1D0)                                                                                   0.08       2.73 f
  impl/mult_67/U31/CO (FA1D0)                                                                                   0.06       2.79 f
  impl/mult_67/U30/CO (FA1D0)                                                                                   0.06       2.84 f
  impl/mult_67/U29/CO (FA1D0)                                                                                   0.06       2.90 f
  impl/mult_67/U28/CO (FA1D0)                                                                                   0.06       2.95 f
  impl/mult_67/U27/CO (FA1D0)                                                                                   0.06       3.01 f
  impl/mult_67/U26/CO (FA1D0)                                                                                   0.06       3.06 f
  impl/mult_67/U25/CO (FA1D0)                                                                                   0.05       3.12 f
  impl/mult_67/U330/ZN (XNR3D0)                                                                                 0.11       3.23 r
  impl/mult_67/U417/Z (XOR3D0)                                                                                  0.07       3.30 f
  impl/mult_67/product[31] (oadm_multilevel_opt_FIXED_LEVEL2_DW_mult_uns_0_DW_mult_uns_2)                       0.00       3.30 f
  impl/U56/ZN (INVD1)                                                                                           0.11       3.40 r
  impl/U55/ZN (ND3D1)                                                                                           0.17       3.58 f
  impl/U3/ZN (ND2D1)                                                                                            0.13       3.70 r
  impl/fp_wrapper/exponent_adjust[1] (fp32_normal_finite_wrapper)                                               0.00       3.70 r
  impl/fp_wrapper/U5/CO (FA1D0)                                                                                 0.10       3.81 r
  impl/fp_wrapper/U6/CO (FA1D0)                                                                                 0.05       3.86 r
  impl/fp_wrapper/U7/CO (FA1D0)                                                                                 0.05       3.91 r
  impl/fp_wrapper/U8/CO (FA1D0)                                                                                 0.05       3.96 r
  impl/fp_wrapper/U9/CO (FA1D0)                                                                                 0.05       4.01 r
  impl/fp_wrapper/U10/CO (FA1D0)                                                                                0.05       4.06 r
  impl/fp_wrapper/U42/Z (XOR3D1)                                                                                0.08       4.14 f
  impl/fp_wrapper/result[30] (fp32_normal_finite_wrapper)                                                       0.00       4.14 f
  impl/result[30] (oadm_multilevel_opt_FIXED_LEVEL2)                                                            0.00       4.14 f
  result[30] (out)                                                                                              0.00       4.14 f
  data arrival time                                                                                                        4.14

  clock vclk (rise edge)                                                                                       10.00      10.00
  clock network delay (ideal)                                                                                   0.00      10.00
  output external delay                                                                                        -0.02       9.98
  data required time                                                                                                       9.98
  --------------------------------------------------------------------------------------------------------------------------------
  data required time                                                                                                       9.98
  data arrival time                                                                                                       -4.14
  --------------------------------------------------------------------------------------------------------------------------------
  slack (MET)                                                                                                              5.84


  Startpoint: y[22] (input port clocked by vclk)
  Endpoint: result[30] (output port clocked by vclk)
  Path Group: vclk
  Path Type: max

  Des/Clust/Port     Wire Load Model       Library
  ------------------------------------------------
  oadm_fixed_l2_div_opt ZeroWireload       tcbn65gplustc_ccs
  oadm_multilevel_opt_FIXED_LEVEL2 ZeroWireload tcbn65gplustc_ccs
  fp32_normal_finite_wrapper ZeroWireload  tcbn65gplustc_ccs
  oadm_multilevel_rounding_lut_0 ZeroWireload tcbn65gplustc_ccs
  oadm_fixed_plane_centered_LEVEL2_DW_mult_tc_0 ZeroWireload tcbn65gplustc_ccs
  oadm_fixed_plane_centered_LEVEL2 ZeroWireload tcbn65gplustc_ccs
  oadm_fixed_plane_centered_LEVEL2_DW01_sub_3 ZeroWireload tcbn65gplustc_ccs
  oadm_fixed_plane_centered_LEVEL2_DW01_sub_0 ZeroWireload tcbn65gplustc_ccs
  oadm_multilevel_opt_FIXED_LEVEL2_DW_mult_uns_0_DW_mult_uns_2 ZeroWireload tcbn65gplustc_ccs

  Point                                                                                                         Incr       Path
  --------------------------------------------------------------------------------------------------------------------------------
  clock vclk (rise edge)                                                                                        0.00       0.00
  clock network delay (ideal)                                                                                   0.00       0.00
  input external delay                                                                                          0.02       0.02 f
  y[22] (in)                                                                                                    0.00       0.02 f
  impl/y[22] (oadm_multilevel_opt_FIXED_LEVEL2)                                                                 0.00       0.02 f
  impl/fp_wrapper/y[22] (fp32_normal_finite_wrapper)                                                            0.00       0.02 f
  impl/fp_wrapper/U43/Z (CKBD1)                                                                                 0.13       0.15 f
  impl/fp_wrapper/fraction_y[22] (fp32_normal_finite_wrapper)                                                   0.00       0.15 f
  impl/fixed_centered_plane_plane/y_mantissa[22] (oadm_fixed_plane_centered_LEVEL2)                             0.00       0.15 f
  impl/fixed_centered_plane_plane/mult_31/b[3] (oadm_fixed_plane_centered_LEVEL2_DW_mult_tc_0)                  0.00       0.15 f
  impl/fixed_centered_plane_plane/mult_31/U218/ZN (INVD1)                                                       0.12       0.27 r
  impl/fixed_centered_plane_plane/mult_31/U214/ZN (INVD1)                                                       0.09       0.36 f
  impl/fixed_centered_plane_plane/mult_31/U256/ZN (IND2D0)                                                      0.16       0.52 f
  impl/fixed_centered_plane_plane/mult_31/U258/ZN (OAI22D0)                                                     0.09       0.62 r
  impl/fixed_centered_plane_plane/mult_31/U66/S (HA1D0)                                                         0.07       0.69 f
  impl/fixed_centered_plane_plane/mult_31/U220/ZN (CKND0)                                                       0.02       0.71 r
  impl/fixed_centered_plane_plane/mult_31/U216/ZN (MAOI222D0)                                                   0.04       0.75 f
  impl/fixed_centered_plane_plane/mult_31/U39/CO (FA1D0)                                                        0.07       0.81 f
  impl/fixed_centered_plane_plane/mult_31/U38/CO (FA1D0)                                                        0.06       0.87 f
  impl/fixed_centered_plane_plane/mult_31/U37/CO (FA1D0)                                                        0.06       0.92 f
  impl/fixed_centered_plane_plane/mult_31/U36/CO (FA1D0)                                                        0.06       0.98 f
  impl/fixed_centered_plane_plane/mult_31/U35/CO (FA1D0)                                                        0.06       1.03 f
  impl/fixed_centered_plane_plane/mult_31/U34/CO (FA1D0)                                                        0.06       1.09 f
  impl/fixed_centered_plane_plane/mult_31/U33/CO (FA1D0)                                                        0.06       1.14 f
  impl/fixed_centered_plane_plane/mult_31/U32/CO (FA1D0)                                                        0.06       1.20 f
  impl/fixed_centered_plane_plane/mult_31/U31/CO (FA1D0)                                                        0.06       1.25 f
  impl/fixed_centered_plane_plane/mult_31/U30/CO (FA1D0)                                                        0.06       1.31 f
  impl/fixed_centered_plane_plane/mult_31/U29/CO (FA1D0)                                                        0.06       1.37 f
  impl/fixed_centered_plane_plane/mult_31/U28/CO (FA1D0)                                                        0.06       1.42 f
  impl/fixed_centered_plane_plane/mult_31/U27/CO (FA1D0)                                                        0.06       1.48 f
  impl/fixed_centered_plane_plane/mult_31/U26/CO (FA1D0)                                                        0.06       1.53 f
  impl/fixed_centered_plane_plane/mult_31/U25/CO (FA1D0)                                                        0.06       1.59 f
  impl/fixed_centered_plane_plane/mult_31/U24/CO (FA1D0)                                                        0.06       1.64 f
  impl/fixed_centered_plane_plane/mult_31/U23/CO (FA1D0)                                                        0.06       1.70 f
  impl/fixed_centered_plane_plane/mult_31/U22/CO (FA1D0)                                                        0.06       1.75 f
  impl/fixed_centered_plane_plane/mult_31/U21/CO (FA1D0)                                                        0.06       1.81 f
  impl/fixed_centered_plane_plane/mult_31/U20/CO (FA1D0)                                                        0.06       1.86 f
  impl/fixed_centered_plane_plane/mult_31/U19/CO (FA1D0)                                                        0.06       1.92 f
  impl/fixed_centered_plane_plane/mult_31/U18/CO (FA1D0)                                                        0.05       1.97 f
  impl/fixed_centered_plane_plane/mult_31/U243/ZN (CKND0)                                                       0.07       2.04 r
  impl/fixed_centered_plane_plane/mult_31/product[26] (oadm_fixed_plane_centered_LEVEL2_DW_mult_tc_0)           0.00       2.04 r
  impl/fixed_centered_plane_plane/U8/S (FA1D0)                                                                  0.12       2.16 f
  impl/fixed_centered_plane_plane/sub_0_root_sub_67/A[22] (oadm_fixed_plane_centered_LEVEL2_DW01_sub_3)         0.00       2.16 f
  impl/fixed_centered_plane_plane/sub_0_root_sub_67/U2_22/CO (FA1D0)                                            0.10       2.26 f
  impl/fixed_centered_plane_plane/sub_0_root_sub_67/U2_23/S (FA1D0)                                             0.08       2.34 r
  impl/fixed_centered_plane_plane/sub_0_root_sub_67/DIFF[23] (oadm_fixed_plane_centered_LEVEL2_DW01_sub_3)      0.00       2.34 r
  impl/fixed_centered_plane_plane/sub_70/A[23] (oadm_fixed_plane_centered_LEVEL2_DW01_sub_0)                    0.00       2.34 r
  impl/fixed_centered_plane_plane/sub_70/U66/ZN (XNR2D1)                                                        0.06       2.40 r
  impl/fixed_centered_plane_plane/sub_70/DIFF[23] (oadm_fixed_plane_centered_LEVEL2_DW01_sub_0)                 0.00       2.40 r
  impl/fixed_centered_plane_plane/plane_exact[23] (oadm_fixed_plane_centered_LEVEL2)                            0.00       2.40 r
  impl/mult_67/a[23] (oadm_multilevel_opt_FIXED_LEVEL2_DW_mult_uns_0_DW_mult_uns_2)                             0.00       2.40 r
  impl/mult_67/U334/ZN (INVD1)                                                                                  0.02       2.42 f
  impl/mult_67/U412/ZN (NR2D0)                                                                                  0.05       2.47 r
  impl/mult_67/U66/S (CMPE42D1)                                                                                 0.19       2.65 f
  impl/mult_67/U32/CO (FA1D0)                                                                                   0.08       2.73 f
  impl/mult_67/U31/CO (FA1D0)                                                                                   0.06       2.79 f
  impl/mult_67/U30/CO (FA1D0)                                                                                   0.06       2.84 f
  impl/mult_67/U29/CO (FA1D0)                                                                                   0.06       2.90 f
  impl/mult_67/U28/CO (FA1D0)                                                                                   0.06       2.95 f
  impl/mult_67/U27/CO (FA1D0)                                                                                   0.06       3.01 f
  impl/mult_67/U26/CO (FA1D0)                                                                                   0.06       3.06 f
  impl/mult_67/U25/CO (FA1D0)                                                                                   0.05       3.12 f
  impl/mult_67/U330/ZN (XNR3D0)                                                                                 0.11       3.23 r
  impl/mult_67/U417/Z (XOR3D0)                                                                                  0.07       3.30 f
  impl/mult_67/product[31] (oadm_multilevel_opt_FIXED_LEVEL2_DW_mult_uns_0_DW_mult_uns_2)                       0.00       3.30 f
  impl/U56/ZN (INVD1)                                                                                           0.11       3.40 r
  impl/U55/ZN (ND3D1)                                                                                           0.17       3.58 f
  impl/U3/ZN (ND2D1)                                                                                            0.13       3.70 r
  impl/fp_wrapper/exponent_adjust[1] (fp32_normal_finite_wrapper)                                               0.00       3.70 r
  impl/fp_wrapper/U5/CO (FA1D0)                                                                                 0.10       3.81 r
  impl/fp_wrapper/U6/CO (FA1D0)                                                                                 0.05       3.86 r
  impl/fp_wrapper/U7/CO (FA1D0)                                                                                 0.05       3.91 r
  impl/fp_wrapper/U8/CO (FA1D0)                                                                                 0.05       3.96 r
  impl/fp_wrapper/U9/CO (FA1D0)                                                                                 0.05       4.01 r
  impl/fp_wrapper/U10/CO (FA1D0)                                                                                0.05       4.06 r
  impl/fp_wrapper/U42/Z (XOR3D1)                                                                                0.08       4.14 f
  impl/fp_wrapper/result[30] (fp32_normal_finite_wrapper)                                                       0.00       4.14 f
  impl/result[30] (oadm_multilevel_opt_FIXED_LEVEL2)                                                            0.00       4.14 f
  result[30] (out)                                                                                              0.00       4.14 f
  data arrival time                                                                                                        4.14

  clock vclk (rise edge)                                                                                       10.00      10.00
  clock network delay (ideal)                                                                                   0.00      10.00
  output external delay                                                                                        -0.02       9.98
  data required time                                                                                                       9.98
  --------------------------------------------------------------------------------------------------------------------------------
  data required time                                                                                                       9.98
  data arrival time                                                                                                       -4.14
  --------------------------------------------------------------------------------------------------------------------------------
  slack (MET)                                                                                                              5.84


  Startpoint: y[22] (input port clocked by vclk)
  Endpoint: result[30] (output port clocked by vclk)
  Path Group: vclk
  Path Type: max

  Des/Clust/Port     Wire Load Model       Library
  ------------------------------------------------
  oadm_fixed_l2_div_opt ZeroWireload       tcbn65gplustc_ccs
  oadm_multilevel_opt_FIXED_LEVEL2 ZeroWireload tcbn65gplustc_ccs
  fp32_normal_finite_wrapper ZeroWireload  tcbn65gplustc_ccs
  oadm_multilevel_rounding_lut_0 ZeroWireload tcbn65gplustc_ccs
  oadm_fixed_plane_centered_LEVEL2_DW_mult_tc_0 ZeroWireload tcbn65gplustc_ccs
  oadm_fixed_plane_centered_LEVEL2 ZeroWireload tcbn65gplustc_ccs
  oadm_fixed_plane_centered_LEVEL2_DW01_sub_3 ZeroWireload tcbn65gplustc_ccs
  oadm_fixed_plane_centered_LEVEL2_DW01_sub_0 ZeroWireload tcbn65gplustc_ccs
  oadm_multilevel_opt_FIXED_LEVEL2_DW_mult_uns_0_DW_mult_uns_2 ZeroWireload tcbn65gplustc_ccs

  Point                                                                                                         Incr       Path
  --------------------------------------------------------------------------------------------------------------------------------
  clock vclk (rise edge)                                                                                        0.00       0.00
  clock network delay (ideal)                                                                                   0.00       0.00
  input external delay                                                                                          0.02       0.02 f
  y[22] (in)                                                                                                    0.00       0.02 f
  impl/y[22] (oadm_multilevel_opt_FIXED_LEVEL2)                                                                 0.00       0.02 f
  impl/fp_wrapper/y[22] (fp32_normal_finite_wrapper)                                                            0.00       0.02 f
  impl/fp_wrapper/U43/Z (CKBD1)                                                                                 0.13       0.15 f
  impl/fp_wrapper/fraction_y[22] (fp32_normal_finite_wrapper)                                                   0.00       0.15 f
  impl/fixed_centered_plane_plane/y_mantissa[22] (oadm_fixed_plane_centered_LEVEL2)                             0.00       0.15 f
  impl/fixed_centered_plane_plane/mult_31/b[3] (oadm_fixed_plane_centered_LEVEL2_DW_mult_tc_0)                  0.00       0.15 f
  impl/fixed_centered_plane_plane/mult_31/U218/ZN (INVD1)                                                       0.12       0.27 r
  impl/fixed_centered_plane_plane/mult_31/U214/ZN (INVD1)                                                       0.09       0.36 f
  impl/fixed_centered_plane_plane/mult_31/U256/ZN (IND2D0)                                                      0.16       0.52 f
  impl/fixed_centered_plane_plane/mult_31/U258/ZN (OAI22D0)                                                     0.09       0.62 r
  impl/fixed_centered_plane_plane/mult_31/U66/S (HA1D0)                                                         0.07       0.69 f
  impl/fixed_centered_plane_plane/mult_31/U220/ZN (CKND0)                                                       0.02       0.71 r
  impl/fixed_centered_plane_plane/mult_31/U216/ZN (MAOI222D0)                                                   0.04       0.75 f
  impl/fixed_centered_plane_plane/mult_31/U39/CO (FA1D0)                                                        0.07       0.81 f
  impl/fixed_centered_plane_plane/mult_31/U38/CO (FA1D0)                                                        0.06       0.87 f
  impl/fixed_centered_plane_plane/mult_31/U37/CO (FA1D0)                                                        0.06       0.92 f
  impl/fixed_centered_plane_plane/mult_31/U36/CO (FA1D0)                                                        0.06       0.98 f
  impl/fixed_centered_plane_plane/mult_31/U35/CO (FA1D0)                                                        0.06       1.03 f
  impl/fixed_centered_plane_plane/mult_31/U34/CO (FA1D0)                                                        0.06       1.09 f
  impl/fixed_centered_plane_plane/mult_31/U33/CO (FA1D0)                                                        0.06       1.14 f
  impl/fixed_centered_plane_plane/mult_31/U32/CO (FA1D0)                                                        0.06       1.20 f
  impl/fixed_centered_plane_plane/mult_31/U31/CO (FA1D0)                                                        0.06       1.25 f
  impl/fixed_centered_plane_plane/mult_31/U30/CO (FA1D0)                                                        0.06       1.31 f
  impl/fixed_centered_plane_plane/mult_31/U29/CO (FA1D0)                                                        0.06       1.37 f
  impl/fixed_centered_plane_plane/mult_31/U28/CO (FA1D0)                                                        0.06       1.42 f
  impl/fixed_centered_plane_plane/mult_31/U27/CO (FA1D0)                                                        0.06       1.48 f
  impl/fixed_centered_plane_plane/mult_31/U26/CO (FA1D0)                                                        0.06       1.53 f
  impl/fixed_centered_plane_plane/mult_31/U25/CO (FA1D0)                                                        0.06       1.59 f
  impl/fixed_centered_plane_plane/mult_31/U24/CO (FA1D0)                                                        0.06       1.64 f
  impl/fixed_centered_plane_plane/mult_31/U23/CO (FA1D0)                                                        0.06       1.70 f
  impl/fixed_centered_plane_plane/mult_31/U22/CO (FA1D0)                                                        0.06       1.75 f
  impl/fixed_centered_plane_plane/mult_31/U21/CO (FA1D0)                                                        0.06       1.81 f
  impl/fixed_centered_plane_plane/mult_31/U20/CO (FA1D0)                                                        0.06       1.86 f
  impl/fixed_centered_plane_plane/mult_31/U19/CO (FA1D0)                                                        0.06       1.92 f
  impl/fixed_centered_plane_plane/mult_31/U18/CO (FA1D0)                                                        0.05       1.97 f
  impl/fixed_centered_plane_plane/mult_31/U243/ZN (CKND0)                                                       0.07       2.04 r
  impl/fixed_centered_plane_plane/mult_31/product[26] (oadm_fixed_plane_centered_LEVEL2_DW_mult_tc_0)           0.00       2.04 r
  impl/fixed_centered_plane_plane/U8/S (FA1D0)                                                                  0.12       2.16 f
  impl/fixed_centered_plane_plane/sub_0_root_sub_67/A[22] (oadm_fixed_plane_centered_LEVEL2_DW01_sub_3)         0.00       2.16 f
  impl/fixed_centered_plane_plane/sub_0_root_sub_67/U2_22/CO (FA1D0)                                            0.10       2.26 f
  impl/fixed_centered_plane_plane/sub_0_root_sub_67/U2_23/S (FA1D0)                                             0.08       2.34 r
  impl/fixed_centered_plane_plane/sub_0_root_sub_67/DIFF[23] (oadm_fixed_plane_centered_LEVEL2_DW01_sub_3)      0.00       2.34 r
  impl/fixed_centered_plane_plane/sub_70/A[23] (oadm_fixed_plane_centered_LEVEL2_DW01_sub_0)                    0.00       2.34 r
  impl/fixed_centered_plane_plane/sub_70/U66/ZN (XNR2D1)                                                        0.06       2.40 r
  impl/fixed_centered_plane_plane/sub_70/DIFF[23] (oadm_fixed_plane_centered_LEVEL2_DW01_sub_0)                 0.00       2.40 r
  impl/fixed_centered_plane_plane/plane_exact[23] (oadm_fixed_plane_centered_LEVEL2)                            0.00       2.40 r
  impl/mult_67/a[23] (oadm_multilevel_opt_FIXED_LEVEL2_DW_mult_uns_0_DW_mult_uns_2)                             0.00       2.40 r
  impl/mult_67/U334/ZN (INVD1)                                                                                  0.02       2.42 f
  impl/mult_67/U412/ZN (NR2D0)                                                                                  0.05       2.47 r
  impl/mult_67/U66/S (CMPE42D1)                                                                                 0.19       2.65 f
  impl/mult_67/U32/CO (FA1D0)                                                                                   0.08       2.73 f
  impl/mult_67/U31/CO (FA1D0)                                                                                   0.06       2.79 f
  impl/mult_67/U30/CO (FA1D0)                                                                                   0.06       2.84 f
  impl/mult_67/U29/CO (FA1D0)                                                                                   0.06       2.90 f
  impl/mult_67/U28/CO (FA1D0)                                                                                   0.06       2.95 f
  impl/mult_67/U27/CO (FA1D0)                                                                                   0.06       3.01 f
  impl/mult_67/U26/CO (FA1D0)                                                                                   0.06       3.06 f
  impl/mult_67/U25/CO (FA1D0)                                                                                   0.05       3.12 f
  impl/mult_67/U330/ZN (XNR3D0)                                                                                 0.11       3.23 r
  impl/mult_67/U417/Z (XOR3D0)                                                                                  0.07       3.30 f
  impl/mult_67/product[31] (oadm_multilevel_opt_FIXED_LEVEL2_DW_mult_uns_0_DW_mult_uns_2)                       0.00       3.30 f
  impl/U56/ZN (INVD1)                                                                                           0.11       3.40 r
  impl/U55/ZN (ND3D1)                                                                                           0.17       3.58 f
  impl/U3/ZN (ND2D1)                                                                                            0.13       3.70 r
  impl/fp_wrapper/exponent_adjust[1] (fp32_normal_finite_wrapper)                                               0.00       3.70 r
  impl/fp_wrapper/U5/CO (FA1D0)                                                                                 0.10       3.81 r
  impl/fp_wrapper/U6/CO (FA1D0)                                                                                 0.05       3.86 r
  impl/fp_wrapper/U7/CO (FA1D0)                                                                                 0.05       3.91 r
  impl/fp_wrapper/U8/CO (FA1D0)                                                                                 0.05       3.96 r
  impl/fp_wrapper/U9/CO (FA1D0)                                                                                 0.05       4.01 r
  impl/fp_wrapper/U10/CO (FA1D0)                                                                                0.05       4.06 r
  impl/fp_wrapper/U42/Z (XOR3D1)                                                                                0.08       4.14 f
  impl/fp_wrapper/result[30] (fp32_normal_finite_wrapper)                                                       0.00       4.14 f
  impl/result[30] (oadm_multilevel_opt_FIXED_LEVEL2)                                                            0.00       4.14 f
  result[30] (out)                                                                                              0.00       4.14 f
  data arrival time                                                                                                        4.14

  clock vclk (rise edge)                                                                                       10.00      10.00
  clock network delay (ideal)                                                                                   0.00      10.00
  output external delay                                                                                        -0.02       9.98
  data required time                                                                                                       9.98
  --------------------------------------------------------------------------------------------------------------------------------
  data required time                                                                                                       9.98
  data arrival time                                                                                                       -4.14
  --------------------------------------------------------------------------------------------------------------------------------
  slack (MET)                                                                                                              5.84


  Startpoint: y[22] (input port clocked by vclk)
  Endpoint: result[30] (output port clocked by vclk)
  Path Group: vclk
  Path Type: max

  Des/Clust/Port     Wire Load Model       Library
  ------------------------------------------------
  oadm_fixed_l2_div_opt ZeroWireload       tcbn65gplustc_ccs
  oadm_multilevel_opt_FIXED_LEVEL2 ZeroWireload tcbn65gplustc_ccs
  fp32_normal_finite_wrapper ZeroWireload  tcbn65gplustc_ccs
  oadm_multilevel_rounding_lut_0 ZeroWireload tcbn65gplustc_ccs
  oadm_fixed_plane_centered_LEVEL2_DW_mult_tc_0 ZeroWireload tcbn65gplustc_ccs
  oadm_fixed_plane_centered_LEVEL2 ZeroWireload tcbn65gplustc_ccs
  oadm_fixed_plane_centered_LEVEL2_DW01_sub_3 ZeroWireload tcbn65gplustc_ccs
  oadm_fixed_plane_centered_LEVEL2_DW01_sub_0 ZeroWireload tcbn65gplustc_ccs
  oadm_multilevel_opt_FIXED_LEVEL2_DW_mult_uns_0_DW_mult_uns_2 ZeroWireload tcbn65gplustc_ccs

  Point                                                                                                         Incr       Path
  --------------------------------------------------------------------------------------------------------------------------------
  clock vclk (rise edge)                                                                                        0.00       0.00
  clock network delay (ideal)                                                                                   0.00       0.00
  input external delay                                                                                          0.02       0.02 f
  y[22] (in)                                                                                                    0.00       0.02 f
  impl/y[22] (oadm_multilevel_opt_FIXED_LEVEL2)                                                                 0.00       0.02 f
  impl/fp_wrapper/y[22] (fp32_normal_finite_wrapper)                                                            0.00       0.02 f
  impl/fp_wrapper/U43/Z (CKBD1)                                                                                 0.13       0.15 f
  impl/fp_wrapper/fraction_y[22] (fp32_normal_finite_wrapper)                                                   0.00       0.15 f
  impl/fixed_centered_plane_plane/y_mantissa[22] (oadm_fixed_plane_centered_LEVEL2)                             0.00       0.15 f
  impl/fixed_centered_plane_plane/mult_31/b[3] (oadm_fixed_plane_centered_LEVEL2_DW_mult_tc_0)                  0.00       0.15 f
  impl/fixed_centered_plane_plane/mult_31/U218/ZN (INVD1)                                                       0.12       0.27 r
  impl/fixed_centered_plane_plane/mult_31/U214/ZN (INVD1)                                                       0.09       0.36 f
  impl/fixed_centered_plane_plane/mult_31/U256/ZN (IND2D0)                                                      0.16       0.52 f
  impl/fixed_centered_plane_plane/mult_31/U258/ZN (OAI22D0)                                                     0.09       0.62 r
  impl/fixed_centered_plane_plane/mult_31/U66/S (HA1D0)                                                         0.07       0.69 f
  impl/fixed_centered_plane_plane/mult_31/U220/ZN (CKND0)                                                       0.02       0.71 r
  impl/fixed_centered_plane_plane/mult_31/U216/ZN (MAOI222D0)                                                   0.04       0.75 f
  impl/fixed_centered_plane_plane/mult_31/U39/CO (FA1D0)                                                        0.07       0.81 f
  impl/fixed_centered_plane_plane/mult_31/U38/CO (FA1D0)                                                        0.06       0.87 f
  impl/fixed_centered_plane_plane/mult_31/U37/CO (FA1D0)                                                        0.06       0.92 f
  impl/fixed_centered_plane_plane/mult_31/U36/CO (FA1D0)                                                        0.06       0.98 f
  impl/fixed_centered_plane_plane/mult_31/U35/CO (FA1D0)                                                        0.06       1.03 f
  impl/fixed_centered_plane_plane/mult_31/U34/CO (FA1D0)                                                        0.06       1.09 f
  impl/fixed_centered_plane_plane/mult_31/U33/CO (FA1D0)                                                        0.06       1.14 f
  impl/fixed_centered_plane_plane/mult_31/U32/CO (FA1D0)                                                        0.06       1.20 f
  impl/fixed_centered_plane_plane/mult_31/U31/CO (FA1D0)                                                        0.06       1.25 f
  impl/fixed_centered_plane_plane/mult_31/U30/CO (FA1D0)                                                        0.06       1.31 f
  impl/fixed_centered_plane_plane/mult_31/U29/CO (FA1D0)                                                        0.06       1.37 f
  impl/fixed_centered_plane_plane/mult_31/U28/CO (FA1D0)                                                        0.06       1.42 f
  impl/fixed_centered_plane_plane/mult_31/U27/CO (FA1D0)                                                        0.06       1.48 f
  impl/fixed_centered_plane_plane/mult_31/U26/CO (FA1D0)                                                        0.06       1.53 f
  impl/fixed_centered_plane_plane/mult_31/U25/CO (FA1D0)                                                        0.06       1.59 f
  impl/fixed_centered_plane_plane/mult_31/U24/CO (FA1D0)                                                        0.06       1.64 f
  impl/fixed_centered_plane_plane/mult_31/U23/CO (FA1D0)                                                        0.06       1.70 f
  impl/fixed_centered_plane_plane/mult_31/U22/CO (FA1D0)                                                        0.06       1.75 f
  impl/fixed_centered_plane_plane/mult_31/U21/CO (FA1D0)                                                        0.06       1.81 f
  impl/fixed_centered_plane_plane/mult_31/U20/CO (FA1D0)                                                        0.06       1.86 f
  impl/fixed_centered_plane_plane/mult_31/U19/CO (FA1D0)                                                        0.06       1.92 f
  impl/fixed_centered_plane_plane/mult_31/U18/CO (FA1D0)                                                        0.05       1.97 f
  impl/fixed_centered_plane_plane/mult_31/U243/ZN (CKND0)                                                       0.07       2.04 r
  impl/fixed_centered_plane_plane/mult_31/product[26] (oadm_fixed_plane_centered_LEVEL2_DW_mult_tc_0)           0.00       2.04 r
  impl/fixed_centered_plane_plane/U8/S (FA1D0)                                                                  0.12       2.16 f
  impl/fixed_centered_plane_plane/sub_0_root_sub_67/A[22] (oadm_fixed_plane_centered_LEVEL2_DW01_sub_3)         0.00       2.16 f
  impl/fixed_centered_plane_plane/sub_0_root_sub_67/U2_22/CO (FA1D0)                                            0.10       2.26 f
  impl/fixed_centered_plane_plane/sub_0_root_sub_67/U2_23/S (FA1D0)                                             0.08       2.34 r
  impl/fixed_centered_plane_plane/sub_0_root_sub_67/DIFF[23] (oadm_fixed_plane_centered_LEVEL2_DW01_sub_3)      0.00       2.34 r
  impl/fixed_centered_plane_plane/sub_70/A[23] (oadm_fixed_plane_centered_LEVEL2_DW01_sub_0)                    0.00       2.34 r
  impl/fixed_centered_plane_plane/sub_70/U66/ZN (XNR2D1)                                                        0.06       2.40 r
  impl/fixed_centered_plane_plane/sub_70/DIFF[23] (oadm_fixed_plane_centered_LEVEL2_DW01_sub_0)                 0.00       2.40 r
  impl/fixed_centered_plane_plane/plane_exact[23] (oadm_fixed_plane_centered_LEVEL2)                            0.00       2.40 r
  impl/mult_67/a[23] (oadm_multilevel_opt_FIXED_LEVEL2_DW_mult_uns_0_DW_mult_uns_2)                             0.00       2.40 r
  impl/mult_67/U334/ZN (INVD1)                                                                                  0.02       2.42 f
  impl/mult_67/U412/ZN (NR2D0)                                                                                  0.05       2.47 r
  impl/mult_67/U66/S (CMPE42D1)                                                                                 0.19       2.65 f
  impl/mult_67/U32/CO (FA1D0)                                                                                   0.08       2.73 f
  impl/mult_67/U31/CO (FA1D0)                                                                                   0.06       2.79 f
  impl/mult_67/U30/CO (FA1D0)                                                                                   0.06       2.84 f
  impl/mult_67/U29/CO (FA1D0)                                                                                   0.06       2.90 f
  impl/mult_67/U28/CO (FA1D0)                                                                                   0.06       2.95 f
  impl/mult_67/U27/CO (FA1D0)                                                                                   0.06       3.01 f
  impl/mult_67/U26/CO (FA1D0)                                                                                   0.06       3.06 f
  impl/mult_67/U25/CO (FA1D0)                                                                                   0.05       3.12 f
  impl/mult_67/U330/ZN (XNR3D0)                                                                                 0.11       3.23 r
  impl/mult_67/U417/Z (XOR3D0)                                                                                  0.07       3.30 f
  impl/mult_67/product[31] (oadm_multilevel_opt_FIXED_LEVEL2_DW_mult_uns_0_DW_mult_uns_2)                       0.00       3.30 f
  impl/U56/ZN (INVD1)                                                                                           0.11       3.40 r
  impl/U55/ZN (ND3D1)                                                                                           0.17       3.58 f
  impl/U3/ZN (ND2D1)                                                                                            0.13       3.70 r
  impl/fp_wrapper/exponent_adjust[1] (fp32_normal_finite_wrapper)                                               0.00       3.70 r
  impl/fp_wrapper/U5/CO (FA1D0)                                                                                 0.10       3.81 r
  impl/fp_wrapper/U6/CO (FA1D0)                                                                                 0.05       3.86 r
  impl/fp_wrapper/U7/CO (FA1D0)                                                                                 0.05       3.91 r
  impl/fp_wrapper/U8/CO (FA1D0)                                                                                 0.05       3.96 r
  impl/fp_wrapper/U9/CO (FA1D0)                                                                                 0.05       4.01 r
  impl/fp_wrapper/U10/CO (FA1D0)                                                                                0.05       4.06 r
  impl/fp_wrapper/U42/Z (XOR3D1)                                                                                0.08       4.14 f
  impl/fp_wrapper/result[30] (fp32_normal_finite_wrapper)                                                       0.00       4.14 f
  impl/result[30] (oadm_multilevel_opt_FIXED_LEVEL2)                                                            0.00       4.14 f
  result[30] (out)                                                                                              0.00       4.14 f
  data arrival time                                                                                                        4.14

  clock vclk (rise edge)                                                                                       10.00      10.00
  clock network delay (ideal)                                                                                   0.00      10.00
  output external delay                                                                                        -0.02       9.98
  data required time                                                                                                       9.98
  --------------------------------------------------------------------------------------------------------------------------------
  data required time                                                                                                       9.98
  data arrival time                                                                                                       -4.14
  --------------------------------------------------------------------------------------------------------------------------------
  slack (MET)                                                                                                              5.84


  Startpoint: y[22] (input port clocked by vclk)
  Endpoint: result[30] (output port clocked by vclk)
  Path Group: vclk
  Path Type: max

  Des/Clust/Port     Wire Load Model       Library
  ------------------------------------------------
  oadm_fixed_l2_div_opt ZeroWireload       tcbn65gplustc_ccs
  oadm_multilevel_opt_FIXED_LEVEL2 ZeroWireload tcbn65gplustc_ccs
  fp32_normal_finite_wrapper ZeroWireload  tcbn65gplustc_ccs
  oadm_multilevel_rounding_lut_0 ZeroWireload tcbn65gplustc_ccs
  oadm_fixed_plane_centered_LEVEL2_DW_mult_tc_0 ZeroWireload tcbn65gplustc_ccs
  oadm_fixed_plane_centered_LEVEL2 ZeroWireload tcbn65gplustc_ccs
  oadm_fixed_plane_centered_LEVEL2_DW01_sub_3 ZeroWireload tcbn65gplustc_ccs
  oadm_fixed_plane_centered_LEVEL2_DW01_sub_0 ZeroWireload tcbn65gplustc_ccs
  oadm_multilevel_opt_FIXED_LEVEL2_DW_mult_uns_0_DW_mult_uns_2 ZeroWireload tcbn65gplustc_ccs

  Point                                                                                                         Incr       Path
  --------------------------------------------------------------------------------------------------------------------------------
  clock vclk (rise edge)                                                                                        0.00       0.00
  clock network delay (ideal)                                                                                   0.00       0.00
  input external delay                                                                                          0.02       0.02 f
  y[22] (in)                                                                                                    0.00       0.02 f
  impl/y[22] (oadm_multilevel_opt_FIXED_LEVEL2)                                                                 0.00       0.02 f
  impl/fp_wrapper/y[22] (fp32_normal_finite_wrapper)                                                            0.00       0.02 f
  impl/fp_wrapper/U43/Z (CKBD1)                                                                                 0.13       0.15 f
  impl/fp_wrapper/fraction_y[22] (fp32_normal_finite_wrapper)                                                   0.00       0.15 f
  impl/fixed_centered_plane_plane/y_mantissa[22] (oadm_fixed_plane_centered_LEVEL2)                             0.00       0.15 f
  impl/fixed_centered_plane_plane/mult_31/b[3] (oadm_fixed_plane_centered_LEVEL2_DW_mult_tc_0)                  0.00       0.15 f
  impl/fixed_centered_plane_plane/mult_31/U218/ZN (INVD1)                                                       0.12       0.27 r
  impl/fixed_centered_plane_plane/mult_31/U214/ZN (INVD1)                                                       0.09       0.36 f
  impl/fixed_centered_plane_plane/mult_31/U256/ZN (IND2D0)                                                      0.16       0.52 f
  impl/fixed_centered_plane_plane/mult_31/U258/ZN (OAI22D0)                                                     0.09       0.62 r
  impl/fixed_centered_plane_plane/mult_31/U66/S (HA1D0)                                                         0.07       0.69 f
  impl/fixed_centered_plane_plane/mult_31/U220/ZN (CKND0)                                                       0.02       0.71 r
  impl/fixed_centered_plane_plane/mult_31/U216/ZN (MAOI222D0)                                                   0.04       0.75 f
  impl/fixed_centered_plane_plane/mult_31/U39/CO (FA1D0)                                                        0.07       0.81 f
  impl/fixed_centered_plane_plane/mult_31/U38/CO (FA1D0)                                                        0.06       0.87 f
  impl/fixed_centered_plane_plane/mult_31/U37/CO (FA1D0)                                                        0.06       0.92 f
  impl/fixed_centered_plane_plane/mult_31/U36/CO (FA1D0)                                                        0.06       0.98 f
  impl/fixed_centered_plane_plane/mult_31/U35/CO (FA1D0)                                                        0.06       1.03 f
  impl/fixed_centered_plane_plane/mult_31/U34/CO (FA1D0)                                                        0.06       1.09 f
  impl/fixed_centered_plane_plane/mult_31/U33/CO (FA1D0)                                                        0.06       1.14 f
  impl/fixed_centered_plane_plane/mult_31/U32/CO (FA1D0)                                                        0.06       1.20 f
  impl/fixed_centered_plane_plane/mult_31/U31/CO (FA1D0)                                                        0.06       1.25 f
  impl/fixed_centered_plane_plane/mult_31/U30/CO (FA1D0)                                                        0.06       1.31 f
  impl/fixed_centered_plane_plane/mult_31/U29/CO (FA1D0)                                                        0.06       1.37 f
  impl/fixed_centered_plane_plane/mult_31/U28/CO (FA1D0)                                                        0.06       1.42 f
  impl/fixed_centered_plane_plane/mult_31/U27/CO (FA1D0)                                                        0.06       1.48 f
  impl/fixed_centered_plane_plane/mult_31/U26/CO (FA1D0)                                                        0.06       1.53 f
  impl/fixed_centered_plane_plane/mult_31/U25/CO (FA1D0)                                                        0.06       1.59 f
  impl/fixed_centered_plane_plane/mult_31/U24/CO (FA1D0)                                                        0.06       1.64 f
  impl/fixed_centered_plane_plane/mult_31/U23/CO (FA1D0)                                                        0.06       1.70 f
  impl/fixed_centered_plane_plane/mult_31/U22/CO (FA1D0)                                                        0.06       1.75 f
  impl/fixed_centered_plane_plane/mult_31/U21/CO (FA1D0)                                                        0.06       1.81 f
  impl/fixed_centered_plane_plane/mult_31/U20/CO (FA1D0)                                                        0.06       1.86 f
  impl/fixed_centered_plane_plane/mult_31/U19/CO (FA1D0)                                                        0.06       1.92 f
  impl/fixed_centered_plane_plane/mult_31/U18/CO (FA1D0)                                                        0.05       1.97 f
  impl/fixed_centered_plane_plane/mult_31/U243/ZN (CKND0)                                                       0.07       2.04 r
  impl/fixed_centered_plane_plane/mult_31/product[26] (oadm_fixed_plane_centered_LEVEL2_DW_mult_tc_0)           0.00       2.04 r
  impl/fixed_centered_plane_plane/U8/S (FA1D0)                                                                  0.12       2.16 f
  impl/fixed_centered_plane_plane/sub_0_root_sub_67/A[22] (oadm_fixed_plane_centered_LEVEL2_DW01_sub_3)         0.00       2.16 f
  impl/fixed_centered_plane_plane/sub_0_root_sub_67/U2_22/CO (FA1D0)                                            0.10       2.26 f
  impl/fixed_centered_plane_plane/sub_0_root_sub_67/U2_23/S (FA1D0)                                             0.08       2.34 r
  impl/fixed_centered_plane_plane/sub_0_root_sub_67/DIFF[23] (oadm_fixed_plane_centered_LEVEL2_DW01_sub_3)      0.00       2.34 r
  impl/fixed_centered_plane_plane/sub_70/A[23] (oadm_fixed_plane_centered_LEVEL2_DW01_sub_0)                    0.00       2.34 r
  impl/fixed_centered_plane_plane/sub_70/U66/ZN (XNR2D1)                                                        0.06       2.40 r
  impl/fixed_centered_plane_plane/sub_70/DIFF[23] (oadm_fixed_plane_centered_LEVEL2_DW01_sub_0)                 0.00       2.40 r
  impl/fixed_centered_plane_plane/plane_exact[23] (oadm_fixed_plane_centered_LEVEL2)                            0.00       2.40 r
  impl/mult_67/a[23] (oadm_multilevel_opt_FIXED_LEVEL2_DW_mult_uns_0_DW_mult_uns_2)                             0.00       2.40 r
  impl/mult_67/U334/ZN (INVD1)                                                                                  0.02       2.42 f
  impl/mult_67/U412/ZN (NR2D0)                                                                                  0.05       2.47 r
  impl/mult_67/U66/S (CMPE42D1)                                                                                 0.19       2.65 f
  impl/mult_67/U32/CO (FA1D0)                                                                                   0.08       2.73 f
  impl/mult_67/U31/CO (FA1D0)                                                                                   0.06       2.79 f
  impl/mult_67/U30/CO (FA1D0)                                                                                   0.06       2.84 f
  impl/mult_67/U29/CO (FA1D0)                                                                                   0.06       2.90 f
  impl/mult_67/U28/CO (FA1D0)                                                                                   0.06       2.95 f
  impl/mult_67/U27/CO (FA1D0)                                                                                   0.06       3.01 f
  impl/mult_67/U26/CO (FA1D0)                                                                                   0.06       3.06 f
  impl/mult_67/U25/CO (FA1D0)                                                                                   0.05       3.12 f
  impl/mult_67/U330/ZN (XNR3D0)                                                                                 0.11       3.23 r
  impl/mult_67/U417/Z (XOR3D0)                                                                                  0.07       3.30 f
  impl/mult_67/product[31] (oadm_multilevel_opt_FIXED_LEVEL2_DW_mult_uns_0_DW_mult_uns_2)                       0.00       3.30 f
  impl/U56/ZN (INVD1)                                                                                           0.11       3.40 r
  impl/U55/ZN (ND3D1)                                                                                           0.17       3.58 f
  impl/U3/ZN (ND2D1)                                                                                            0.13       3.70 r
  impl/fp_wrapper/exponent_adjust[1] (fp32_normal_finite_wrapper)                                               0.00       3.70 r
  impl/fp_wrapper/U5/CO (FA1D0)                                                                                 0.10       3.81 r
  impl/fp_wrapper/U6/CO (FA1D0)                                                                                 0.05       3.86 r
  impl/fp_wrapper/U7/CO (FA1D0)                                                                                 0.05       3.91 r
  impl/fp_wrapper/U8/CO (FA1D0)                                                                                 0.05       3.96 r
  impl/fp_wrapper/U9/CO (FA1D0)                                                                                 0.05       4.01 r
  impl/fp_wrapper/U10/CO (FA1D0)                                                                                0.05       4.06 r
  impl/fp_wrapper/U42/Z (XOR3D1)                                                                                0.08       4.14 f
  impl/fp_wrapper/result[30] (fp32_normal_finite_wrapper)                                                       0.00       4.14 f
  impl/result[30] (oadm_multilevel_opt_FIXED_LEVEL2)                                                            0.00       4.14 f
  result[30] (out)                                                                                              0.00       4.14 f
  data arrival time                                                                                                        4.14

  clock vclk (rise edge)                                                                                       10.00      10.00
  clock network delay (ideal)                                                                                   0.00      10.00
  output external delay                                                                                        -0.02       9.98
  data required time                                                                                                       9.98
  --------------------------------------------------------------------------------------------------------------------------------
  data required time                                                                                                       9.98
  data arrival time                                                                                                       -4.14
  --------------------------------------------------------------------------------------------------------------------------------
  slack (MET)                                                                                                              5.84


  Startpoint: y[22] (input port clocked by vclk)
  Endpoint: result[30] (output port clocked by vclk)
  Path Group: vclk
  Path Type: max

  Des/Clust/Port     Wire Load Model       Library
  ------------------------------------------------
  oadm_fixed_l2_div_opt ZeroWireload       tcbn65gplustc_ccs
  oadm_multilevel_opt_FIXED_LEVEL2 ZeroWireload tcbn65gplustc_ccs
  fp32_normal_finite_wrapper ZeroWireload  tcbn65gplustc_ccs
  oadm_multilevel_rounding_lut_0 ZeroWireload tcbn65gplustc_ccs
  oadm_fixed_plane_centered_LEVEL2_DW_mult_tc_0 ZeroWireload tcbn65gplustc_ccs
  oadm_fixed_plane_centered_LEVEL2 ZeroWireload tcbn65gplustc_ccs
  oadm_fixed_plane_centered_LEVEL2_DW01_sub_3 ZeroWireload tcbn65gplustc_ccs
  oadm_fixed_plane_centered_LEVEL2_DW01_sub_0 ZeroWireload tcbn65gplustc_ccs
  oadm_multilevel_opt_FIXED_LEVEL2_DW_mult_uns_0_DW_mult_uns_2 ZeroWireload tcbn65gplustc_ccs

  Point                                                                                                         Incr       Path
  --------------------------------------------------------------------------------------------------------------------------------
  clock vclk (rise edge)                                                                                        0.00       0.00
  clock network delay (ideal)                                                                                   0.00       0.00
  input external delay                                                                                          0.02       0.02 f
  y[22] (in)                                                                                                    0.00       0.02 f
  impl/y[22] (oadm_multilevel_opt_FIXED_LEVEL2)                                                                 0.00       0.02 f
  impl/fp_wrapper/y[22] (fp32_normal_finite_wrapper)                                                            0.00       0.02 f
  impl/fp_wrapper/U43/Z (CKBD1)                                                                                 0.13       0.15 f
  impl/fp_wrapper/fraction_y[22] (fp32_normal_finite_wrapper)                                                   0.00       0.15 f
  impl/fixed_centered_plane_plane/y_mantissa[22] (oadm_fixed_plane_centered_LEVEL2)                             0.00       0.15 f
  impl/fixed_centered_plane_plane/mult_31/b[3] (oadm_fixed_plane_centered_LEVEL2_DW_mult_tc_0)                  0.00       0.15 f
  impl/fixed_centered_plane_plane/mult_31/U218/ZN (INVD1)                                                       0.12       0.27 r
  impl/fixed_centered_plane_plane/mult_31/U214/ZN (INVD1)                                                       0.09       0.36 f
  impl/fixed_centered_plane_plane/mult_31/U256/ZN (IND2D0)                                                      0.16       0.52 f
  impl/fixed_centered_plane_plane/mult_31/U258/ZN (OAI22D0)                                                     0.09       0.62 r
  impl/fixed_centered_plane_plane/mult_31/U66/S (HA1D0)                                                         0.07       0.69 f
  impl/fixed_centered_plane_plane/mult_31/U220/ZN (CKND0)                                                       0.02       0.71 r
  impl/fixed_centered_plane_plane/mult_31/U216/ZN (MAOI222D0)                                                   0.04       0.75 f
  impl/fixed_centered_plane_plane/mult_31/U39/CO (FA1D0)                                                        0.07       0.81 f
  impl/fixed_centered_plane_plane/mult_31/U38/CO (FA1D0)                                                        0.06       0.87 f
  impl/fixed_centered_plane_plane/mult_31/U37/CO (FA1D0)                                                        0.06       0.92 f
  impl/fixed_centered_plane_plane/mult_31/U36/CO (FA1D0)                                                        0.06       0.98 f
  impl/fixed_centered_plane_plane/mult_31/U35/CO (FA1D0)                                                        0.06       1.03 f
  impl/fixed_centered_plane_plane/mult_31/U34/CO (FA1D0)                                                        0.06       1.09 f
  impl/fixed_centered_plane_plane/mult_31/U33/CO (FA1D0)                                                        0.06       1.14 f
  impl/fixed_centered_plane_plane/mult_31/U32/CO (FA1D0)                                                        0.06       1.20 f
  impl/fixed_centered_plane_plane/mult_31/U31/CO (FA1D0)                                                        0.06       1.25 f
  impl/fixed_centered_plane_plane/mult_31/U30/CO (FA1D0)                                                        0.06       1.31 f
  impl/fixed_centered_plane_plane/mult_31/U29/CO (FA1D0)                                                        0.06       1.37 f
  impl/fixed_centered_plane_plane/mult_31/U28/CO (FA1D0)                                                        0.06       1.42 f
  impl/fixed_centered_plane_plane/mult_31/U27/CO (FA1D0)                                                        0.06       1.48 f
  impl/fixed_centered_plane_plane/mult_31/U26/CO (FA1D0)                                                        0.06       1.53 f
  impl/fixed_centered_plane_plane/mult_31/U25/CO (FA1D0)                                                        0.06       1.59 f
  impl/fixed_centered_plane_plane/mult_31/U24/CO (FA1D0)                                                        0.06       1.64 f
  impl/fixed_centered_plane_plane/mult_31/U23/CO (FA1D0)                                                        0.06       1.70 f
  impl/fixed_centered_plane_plane/mult_31/U22/CO (FA1D0)                                                        0.06       1.75 f
  impl/fixed_centered_plane_plane/mult_31/U21/CO (FA1D0)                                                        0.06       1.81 f
  impl/fixed_centered_plane_plane/mult_31/U20/CO (FA1D0)                                                        0.06       1.86 f
  impl/fixed_centered_plane_plane/mult_31/U19/CO (FA1D0)                                                        0.06       1.92 f
  impl/fixed_centered_plane_plane/mult_31/U18/CO (FA1D0)                                                        0.05       1.97 f
  impl/fixed_centered_plane_plane/mult_31/U243/ZN (CKND0)                                                       0.07       2.04 r
  impl/fixed_centered_plane_plane/mult_31/product[26] (oadm_fixed_plane_centered_LEVEL2_DW_mult_tc_0)           0.00       2.04 r
  impl/fixed_centered_plane_plane/U8/S (FA1D0)                                                                  0.12       2.16 f
  impl/fixed_centered_plane_plane/sub_0_root_sub_67/A[22] (oadm_fixed_plane_centered_LEVEL2_DW01_sub_3)         0.00       2.16 f
  impl/fixed_centered_plane_plane/sub_0_root_sub_67/U2_22/CO (FA1D0)                                            0.10       2.26 f
  impl/fixed_centered_plane_plane/sub_0_root_sub_67/U2_23/S (FA1D0)                                             0.08       2.34 r
  impl/fixed_centered_plane_plane/sub_0_root_sub_67/DIFF[23] (oadm_fixed_plane_centered_LEVEL2_DW01_sub_3)      0.00       2.34 r
  impl/fixed_centered_plane_plane/sub_70/A[23] (oadm_fixed_plane_centered_LEVEL2_DW01_sub_0)                    0.00       2.34 r
  impl/fixed_centered_plane_plane/sub_70/U66/ZN (XNR2D1)                                                        0.06       2.40 r
  impl/fixed_centered_plane_plane/sub_70/DIFF[23] (oadm_fixed_plane_centered_LEVEL2_DW01_sub_0)                 0.00       2.40 r
  impl/fixed_centered_plane_plane/plane_exact[23] (oadm_fixed_plane_centered_LEVEL2)                            0.00       2.40 r
  impl/mult_67/a[23] (oadm_multilevel_opt_FIXED_LEVEL2_DW_mult_uns_0_DW_mult_uns_2)                             0.00       2.40 r
  impl/mult_67/U334/ZN (INVD1)                                                                                  0.02       2.42 f
  impl/mult_67/U412/ZN (NR2D0)                                                                                  0.05       2.47 r
  impl/mult_67/U66/S (CMPE42D1)                                                                                 0.19       2.65 f
  impl/mult_67/U32/CO (FA1D0)                                                                                   0.08       2.73 f
  impl/mult_67/U31/CO (FA1D0)                                                                                   0.06       2.79 f
  impl/mult_67/U30/CO (FA1D0)                                                                                   0.06       2.84 f
  impl/mult_67/U29/CO (FA1D0)                                                                                   0.06       2.90 f
  impl/mult_67/U28/CO (FA1D0)                                                                                   0.06       2.95 f
  impl/mult_67/U27/CO (FA1D0)                                                                                   0.06       3.01 f
  impl/mult_67/U26/CO (FA1D0)                                                                                   0.06       3.06 f
  impl/mult_67/U25/CO (FA1D0)                                                                                   0.05       3.12 f
  impl/mult_67/U330/ZN (XNR3D0)                                                                                 0.11       3.23 r
  impl/mult_67/U417/Z (XOR3D0)                                                                                  0.07       3.30 f
  impl/mult_67/product[31] (oadm_multilevel_opt_FIXED_LEVEL2_DW_mult_uns_0_DW_mult_uns_2)                       0.00       3.30 f
  impl/U56/ZN (INVD1)                                                                                           0.11       3.40 r
  impl/U55/ZN (ND3D1)                                                                                           0.17       3.58 f
  impl/U3/ZN (ND2D1)                                                                                            0.13       3.70 r
  impl/fp_wrapper/exponent_adjust[1] (fp32_normal_finite_wrapper)                                               0.00       3.70 r
  impl/fp_wrapper/U5/CO (FA1D0)                                                                                 0.10       3.81 r
  impl/fp_wrapper/U6/CO (FA1D0)                                                                                 0.05       3.86 r
  impl/fp_wrapper/U7/CO (FA1D0)                                                                                 0.05       3.91 r
  impl/fp_wrapper/U8/CO (FA1D0)                                                                                 0.05       3.96 r
  impl/fp_wrapper/U9/CO (FA1D0)                                                                                 0.05       4.01 r
  impl/fp_wrapper/U10/CO (FA1D0)                                                                                0.05       4.06 r
  impl/fp_wrapper/U42/Z (XOR3D1)                                                                                0.08       4.14 f
  impl/fp_wrapper/result[30] (fp32_normal_finite_wrapper)                                                       0.00       4.14 f
  impl/result[30] (oadm_multilevel_opt_FIXED_LEVEL2)                                                            0.00       4.14 f
  result[30] (out)                                                                                              0.00       4.14 f
  data arrival time                                                                                                        4.14

  clock vclk (rise edge)                                                                                       10.00      10.00
  clock network delay (ideal)                                                                                   0.00      10.00
  output external delay                                                                                        -0.02       9.98
  data required time                                                                                                       9.98
  --------------------------------------------------------------------------------------------------------------------------------
  data required time                                                                                                       9.98
  data arrival time                                                                                                       -4.14
  --------------------------------------------------------------------------------------------------------------------------------
  slack (MET)                                                                                                              5.84


  Startpoint: y[22] (input port clocked by vclk)
  Endpoint: result[30] (output port clocked by vclk)
  Path Group: vclk
  Path Type: max

  Des/Clust/Port     Wire Load Model       Library
  ------------------------------------------------
  oadm_fixed_l2_div_opt ZeroWireload       tcbn65gplustc_ccs
  oadm_multilevel_opt_FIXED_LEVEL2 ZeroWireload tcbn65gplustc_ccs
  fp32_normal_finite_wrapper ZeroWireload  tcbn65gplustc_ccs
  oadm_multilevel_rounding_lut_0 ZeroWireload tcbn65gplustc_ccs
  oadm_fixed_plane_centered_LEVEL2_DW_mult_tc_0 ZeroWireload tcbn65gplustc_ccs
  oadm_fixed_plane_centered_LEVEL2 ZeroWireload tcbn65gplustc_ccs
  oadm_fixed_plane_centered_LEVEL2_DW01_sub_3 ZeroWireload tcbn65gplustc_ccs
  oadm_fixed_plane_centered_LEVEL2_DW01_sub_0 ZeroWireload tcbn65gplustc_ccs
  oadm_multilevel_opt_FIXED_LEVEL2_DW_mult_uns_0_DW_mult_uns_2 ZeroWireload tcbn65gplustc_ccs

  Point                                                                                                         Incr       Path
  --------------------------------------------------------------------------------------------------------------------------------
  clock vclk (rise edge)                                                                                        0.00       0.00
  clock network delay (ideal)                                                                                   0.00       0.00
  input external delay                                                                                          0.02       0.02 f
  y[22] (in)                                                                                                    0.00       0.02 f
  impl/y[22] (oadm_multilevel_opt_FIXED_LEVEL2)                                                                 0.00       0.02 f
  impl/fp_wrapper/y[22] (fp32_normal_finite_wrapper)                                                            0.00       0.02 f
  impl/fp_wrapper/U43/Z (CKBD1)                                                                                 0.13       0.15 f
  impl/fp_wrapper/fraction_y[22] (fp32_normal_finite_wrapper)                                                   0.00       0.15 f
  impl/fixed_centered_plane_plane/y_mantissa[22] (oadm_fixed_plane_centered_LEVEL2)                             0.00       0.15 f
  impl/fixed_centered_plane_plane/mult_31/b[3] (oadm_fixed_plane_centered_LEVEL2_DW_mult_tc_0)                  0.00       0.15 f
  impl/fixed_centered_plane_plane/mult_31/U218/ZN (INVD1)                                                       0.12       0.27 r
  impl/fixed_centered_plane_plane/mult_31/U214/ZN (INVD1)                                                       0.09       0.36 f
  impl/fixed_centered_plane_plane/mult_31/U256/ZN (IND2D0)                                                      0.16       0.52 f
  impl/fixed_centered_plane_plane/mult_31/U258/ZN (OAI22D0)                                                     0.09       0.62 r
  impl/fixed_centered_plane_plane/mult_31/U66/S (HA1D0)                                                         0.07       0.69 f
  impl/fixed_centered_plane_plane/mult_31/U220/ZN (CKND0)                                                       0.02       0.71 r
  impl/fixed_centered_plane_plane/mult_31/U216/ZN (MAOI222D0)                                                   0.04       0.75 f
  impl/fixed_centered_plane_plane/mult_31/U39/CO (FA1D0)                                                        0.07       0.81 f
  impl/fixed_centered_plane_plane/mult_31/U38/CO (FA1D0)                                                        0.06       0.87 f
  impl/fixed_centered_plane_plane/mult_31/U37/CO (FA1D0)                                                        0.06       0.92 f
  impl/fixed_centered_plane_plane/mult_31/U36/CO (FA1D0)                                                        0.06       0.98 f
  impl/fixed_centered_plane_plane/mult_31/U35/CO (FA1D0)                                                        0.06       1.03 f
  impl/fixed_centered_plane_plane/mult_31/U34/CO (FA1D0)                                                        0.06       1.09 f
  impl/fixed_centered_plane_plane/mult_31/U33/CO (FA1D0)                                                        0.06       1.14 f
  impl/fixed_centered_plane_plane/mult_31/U32/CO (FA1D0)                                                        0.06       1.20 f
  impl/fixed_centered_plane_plane/mult_31/U31/CO (FA1D0)                                                        0.06       1.25 f
  impl/fixed_centered_plane_plane/mult_31/U30/CO (FA1D0)                                                        0.06       1.31 f
  impl/fixed_centered_plane_plane/mult_31/U29/CO (FA1D0)                                                        0.06       1.37 f
  impl/fixed_centered_plane_plane/mult_31/U28/CO (FA1D0)                                                        0.06       1.42 f
  impl/fixed_centered_plane_plane/mult_31/U27/CO (FA1D0)                                                        0.06       1.48 f
  impl/fixed_centered_plane_plane/mult_31/U26/CO (FA1D0)                                                        0.06       1.53 f
  impl/fixed_centered_plane_plane/mult_31/U25/CO (FA1D0)                                                        0.06       1.59 f
  impl/fixed_centered_plane_plane/mult_31/U24/CO (FA1D0)                                                        0.06       1.64 f
  impl/fixed_centered_plane_plane/mult_31/U23/CO (FA1D0)                                                        0.06       1.70 f
  impl/fixed_centered_plane_plane/mult_31/U22/CO (FA1D0)                                                        0.06       1.75 f
  impl/fixed_centered_plane_plane/mult_31/U21/CO (FA1D0)                                                        0.06       1.81 f
  impl/fixed_centered_plane_plane/mult_31/U20/CO (FA1D0)                                                        0.06       1.86 f
  impl/fixed_centered_plane_plane/mult_31/U19/CO (FA1D0)                                                        0.06       1.92 f
  impl/fixed_centered_plane_plane/mult_31/U18/CO (FA1D0)                                                        0.05       1.97 f
  impl/fixed_centered_plane_plane/mult_31/U243/ZN (CKND0)                                                       0.07       2.04 r
  impl/fixed_centered_plane_plane/mult_31/product[26] (oadm_fixed_plane_centered_LEVEL2_DW_mult_tc_0)           0.00       2.04 r
  impl/fixed_centered_plane_plane/U8/S (FA1D0)                                                                  0.12       2.16 f
  impl/fixed_centered_plane_plane/sub_0_root_sub_67/A[22] (oadm_fixed_plane_centered_LEVEL2_DW01_sub_3)         0.00       2.16 f
  impl/fixed_centered_plane_plane/sub_0_root_sub_67/U2_22/CO (FA1D0)                                            0.10       2.26 f
  impl/fixed_centered_plane_plane/sub_0_root_sub_67/U2_23/S (FA1D0)                                             0.08       2.34 r
  impl/fixed_centered_plane_plane/sub_0_root_sub_67/DIFF[23] (oadm_fixed_plane_centered_LEVEL2_DW01_sub_3)      0.00       2.34 r
  impl/fixed_centered_plane_plane/sub_70/A[23] (oadm_fixed_plane_centered_LEVEL2_DW01_sub_0)                    0.00       2.34 r
  impl/fixed_centered_plane_plane/sub_70/U66/ZN (XNR2D1)                                                        0.06       2.40 r
  impl/fixed_centered_plane_plane/sub_70/DIFF[23] (oadm_fixed_plane_centered_LEVEL2_DW01_sub_0)                 0.00       2.40 r
  impl/fixed_centered_plane_plane/plane_exact[23] (oadm_fixed_plane_centered_LEVEL2)                            0.00       2.40 r
  impl/mult_67/a[23] (oadm_multilevel_opt_FIXED_LEVEL2_DW_mult_uns_0_DW_mult_uns_2)                             0.00       2.40 r
  impl/mult_67/U334/ZN (INVD1)                                                                                  0.02       2.42 f
  impl/mult_67/U412/ZN (NR2D0)                                                                                  0.05       2.47 r
  impl/mult_67/U66/S (CMPE42D1)                                                                                 0.19       2.65 f
  impl/mult_67/U32/CO (FA1D0)                                                                                   0.08       2.73 f
  impl/mult_67/U31/CO (FA1D0)                                                                                   0.06       2.79 f
  impl/mult_67/U30/CO (FA1D0)                                                                                   0.06       2.84 f
  impl/mult_67/U29/CO (FA1D0)                                                                                   0.06       2.90 f
  impl/mult_67/U28/CO (FA1D0)                                                                                   0.06       2.95 f
  impl/mult_67/U27/CO (FA1D0)                                                                                   0.06       3.01 f
  impl/mult_67/U26/CO (FA1D0)                                                                                   0.06       3.06 f
  impl/mult_67/U25/CO (FA1D0)                                                                                   0.05       3.12 f
  impl/mult_67/U330/ZN (XNR3D0)                                                                                 0.11       3.23 r
  impl/mult_67/U417/Z (XOR3D0)                                                                                  0.07       3.30 f
  impl/mult_67/product[31] (oadm_multilevel_opt_FIXED_LEVEL2_DW_mult_uns_0_DW_mult_uns_2)                       0.00       3.30 f
  impl/U56/ZN (INVD1)                                                                                           0.11       3.40 r
  impl/U55/ZN (ND3D1)                                                                                           0.17       3.58 f
  impl/U3/ZN (ND2D1)                                                                                            0.13       3.70 r
  impl/fp_wrapper/exponent_adjust[1] (fp32_normal_finite_wrapper)                                               0.00       3.70 r
  impl/fp_wrapper/U5/CO (FA1D0)                                                                                 0.10       3.81 r
  impl/fp_wrapper/U6/CO (FA1D0)                                                                                 0.05       3.86 r
  impl/fp_wrapper/U7/CO (FA1D0)                                                                                 0.05       3.91 r
  impl/fp_wrapper/U8/CO (FA1D0)                                                                                 0.05       3.96 r
  impl/fp_wrapper/U9/CO (FA1D0)                                                                                 0.05       4.01 r
  impl/fp_wrapper/U10/CO (FA1D0)                                                                                0.05       4.06 r
  impl/fp_wrapper/U42/Z (XOR3D1)                                                                                0.08       4.14 f
  impl/fp_wrapper/result[30] (fp32_normal_finite_wrapper)                                                       0.00       4.14 f
  impl/result[30] (oadm_multilevel_opt_FIXED_LEVEL2)                                                            0.00       4.14 f
  result[30] (out)                                                                                              0.00       4.14 f
  data arrival time                                                                                                        4.14

  clock vclk (rise edge)                                                                                       10.00      10.00
  clock network delay (ideal)                                                                                   0.00      10.00
  output external delay                                                                                        -0.02       9.98
  data required time                                                                                                       9.98
  --------------------------------------------------------------------------------------------------------------------------------
  data required time                                                                                                       9.98
  data arrival time                                                                                                       -4.14
  --------------------------------------------------------------------------------------------------------------------------------
  slack (MET)                                                                                                              5.84


1
