3f58a000
3f959800
3fa4e800
3f4fc000
3f52f000
3f938000
3f58f000
3fc1c800
3faba000
3f5c1000
3f11b000
3fa20800
3f5cc000
3f788000
3f98e000
3f94e000
3f64e000
3f67c000
3f958800
3f40e000
3fbb3000
3f5e7000
3fa61800
3f8f7000
3f62f000
3f6c5000
3f96e000
3f995800
3f983800
3ff38800
3f840800
3f4b2000
3f911800
3f43e000
3fabe000
3f8cc800
3f77e000
3f511000
3f323000
3f1d5000
3f1bb000
3f134000
3f3a8000
3f8c4000
3f3ef000
3f35f000
3f412000
3f865000
3f8a1000
3f9b2800
3fd26800
3f1ab000
3f366000
3fa19000
3f824800
3fdc2800
3fd40000
3fbcd000
3f5a3000
3f533000
3f47d000
3f91c800
3f727000
3f632000
3f865000
3f40d000
3f546000
3fa48800
3f1a3000
3f788000
3f926000
3f8c4800
3f63f000
3f98b000
3fc55800
3f49a000
3f8db800
3f56d000
3f893000
3f558000
3f91b000
3f8bd000
3fa52000
3f1e8000
3f3d2000
3f44e000
3f247000
3f8b5800
3fb4a000
3f257000
3f6c6000
3fa04000
3f2c2000
3f86d000
3f24f000
3f4dc000
3f7d5000
3f793000
3f865000
3f63f000
3fa9b800
3f5bc000
3f998800
3f443000
3f9ff800
3f862800
3f386000
3f6d4000
3f21a000
3f72e000
3f72d000
3f8c9000
3fab8800
3fb36000
3f8d3000
3f925800
3f387000
3f466000
3faa8000
3f335000
3f886000
3f2d7000
3f9be800
3f841800
3f80d800
3f5f4000
3f8b7800
3f5ca000
3f4b4000
3fba8800
3f7c6000
3f1cc000
3f847000
3f44a000
3f71f000
3f933000
3fa14800
3f8d9800
3fb9d000
3f865000
3f77e000
3f69b000
3faa4800
3f71c000
3f48b000
3fb2e000
3f98d800
3f759000
3f565000
3f842800
3f2d3000
3f517000
3f382000
3f45e000
3fa59000
3fbf4000
3f829000
3f29b000
3f43c000
3f566000
3f5a2000
3f833000
3f1e0000
3f468000
3f345000
3f456000
3f41b000
3f963800
3f5cb000
3fe6e000
3f280000
3f5da000
3fa1b000
3fa16800
3f29f000
3f1ec000
3f8a1000
3fcd0000
3f40b000
3f484000
3f4c7000
3f21b000
3fcb3800
3f99d800
3fe64000
3fb60000
3f851000
3f7d5000
3f909800
3f093000
3fa68000
3f174000
3f85b000
3f171000
3f6fa000
3fe26000
3fd40800
3f6ae000
3fa20800
3f6b1000
3f9c1000
3f9b0000
3f6d6000
3fc31000
3f950000
3f605000
3f121000
3f88d000
3f2d7000
3f41f000
3fa28800
3f90f000
3f776000
3f833000
3f4c4000
3f0d6000
3f272000
3f952800
3f883000
3f04b000
3f8af000
3f5e1000
3f982000
3fa9e000
3fd7e000
3f6c4000
3f888000
3f898800
3f816000
3fb2c000
3f3d9000
3f7d7000
3fba4800
3f40d000
3f44c000
3f74f000
3fb32800
3fbe0000
3f19e000
3f884800
3f6a5000
3fa89800
3faf4000
3fa33800
3f74f000
3f9d8800
3f53a000
3f491000
3f898800
3fa7b000
3f210000
3fb87800
3f793000
3f6ed000
3f9a1800
3f23f000
3f622000
3f88a000
3f5a5000
3fb50000
3f820000
3f613000
3fadf000
3f814800
3f6f1000
3f6c2000
3fa6d800
3f4a3000
3f1d9000
3fdf1800
3fbda000
3fba0800
3f0f9000
3f8ff000
3f551000
3f87b800
3f21f000
3f7c6000
3f80d800
3f46b000
3f96d800
3f6ef000
3f4a1000
3f5b3000
3f88d800
3f32f000
3fa20000
3f573000
3fcaa000
3fc91800
3f9b4800
3f668000
3f077000
3f4dc000
3f490000
3f89e800
3f41a000
3f343000
3f353000
3fa02800
3f38e000
3f337000
3f9db800
3f82f800
3f4e2000
3f08f000
3f81e800
3f7b8000
3f865000
3fccb800
3f64c000
3fe90000
3f9ee800
3f807800
3f377000
3f7ee000
3f424000
3f65c000
3f6e7000
3f060000
3f6c7000
3f661000
3f910000
3f08d000
3f91f000
3f263000
3fa61800
3f837000
3f93b000
3f3ca000
3f801000
3f383000
3f86f000
3f8b5800
3fb0f800
3f453000
3fb20000
3f1cf000
3f277000
3f37d000
3fa53000
3f223000
3f5df000
3fb06000
3fa0f000
3f91b000
3f7a7000
3f13f000
3f1c7000
3f1d3000
3f715000
3f3ed000
3f82b800
3f6d6000
3fe2c800
3fbb7800
3f4f0000
3f622000
3fa87800
3f120000
3f7b4000
3f8de800
3f3d1000
3fb2e800
3f7d7000
3f39a000
3f3d9000
3fb8e800
3fae7800
3f229000
3f445000
3f925000
3f85a000
3f218000
3fa63000
3f50b000
3f42d000
3f276000
3f95a000
3f43f000
3f957000
3f8a1000
3f8f0000
3f5e8000
3f951800
3f1ae000
3f29f000
3f859800
3f54b000
3f949000
3f49f000
3fc71800
3fca0000
3fd07800
3f893000
3f89f000
3f63f000
3f4fe000
3fa46000
3f5f7000
3f82f800
3f8d9800
3f1b6000
3f604000
3f6c9000
3fb05000
3fabd000
3f4cf000
3f8e6000
3f344000
3f51d000
3fa51000
3f881000
3f513000
3f37e000
3f7e4000
3f60b000
3f515000
3f1b8000
3f41d000
3fa5c800
3f61d000
3f961800
3f68f000
3f36f000
3f78f000
3f8ab000
3f24a000
3f8c4000
3f8b9000
3f5cb000
3f815000
3fbdd800
3f19f000
3f1d1000
3f601000
3f5c4000
3f2ce000
3fba7000
3fb93800
3f70f000
3fbbe800
3f4bf000
3f8c1000
3f5c1000
3f2db000
3f4e5000
3f78a000
3f5d2000
3f213000
3fd6c000
3fb02800
3f16c000
3f1e8000
3faf1800
3f9ac000
3f7b6000
3f191000
3fcaf000
3f86b000
3f374000
3f9da800
3fd76000
3f25f000
3f4b1000
3f357000
3fbae800
3f940000
3f433000
3f218000
3f62e000
3f9bc800
3f6b6000
3fadb800
3f69a000
3f679000
3f927800
3f2ef000
3f74e000
3f86d000
3f49e000
3f8aa000
3f4c5000
3f646000
3fd78800
3fef1000
3f833000
3f95c800
3f599000
3f41a000
3f78a000
3f81e800
3f3d9000
3f298000
3f8e5000
3f5ba000
3f601000
3f164000
3f1e0000
3f485000
3f868000
3f8d9800
3fca1000
3f39c000
3f67d000
3fc63800
3fbdd800
3ff47800
3fcd6800
3f78a000
3f639000
3f689000
3f30d000
3f2ed000
3f674000
3f8e3800
3f4e2000
3f369000
3f5da000
3f82f800
3f7e8000
3f3c3000
3fb65000
3f984800
3f824800
3f71c000
3f782000
3f83d000
3f873800
3f946800
3f153000
3f75a000
3f622000
3f6e4000
3fa2d800
3f9d8000
3fa81000
3f6a0000
3fb61800
3f88a000
3f603000
3f7e8000
3f801000
3f8b5800
3faac800
3f455000
3f2d3000
3f2a5000
3f9be000
3fd9f800
3f893000
3f6f1000
3fcd7000
3f20d000
3f32a000
3f973000
3fa78800
3f567000
3f951000
3ff2a800
3fb2a000
3fa19800
3fa1a000
3f862800
3f9a7000
3f5ba000
3fb9a000
3f611000
3f65f000
3f67d000
3f807800
3f801000
3f762000
3f51d000
3f45d000
3f573000
3f618000
3f87c000
3f53b000
3f7e8000
3faf6800
3f782000
3f8bf000
3f841800
3f925800
3f618000
3f60e000
3f7ee000
3fd91800
3f8aa800
3f712000
3f652000
3f65e000
3faea000
3fbdb800
3fb04800
3f522000
3f71a000
3f9d8800
3fb43000
3f851000
3f257000
3fd45800
3f5d7000
3f88a000
3f4e5000
3f9e2800
3f727000
3f17f000
3f801000
3f4d8000
3fd31800
3f1b1000
3f59a000
3fc4f000
3f89e000
3f679000
3f837000
3f621000
3fa28000
3f2e9000
3f389000
3f69d000
3f8f6000
3f879000
3f58e000
3f465000
3f219000
3fbba000
3fbcc800
3f337000
3f8e1000
3fc51800
3f201000
3f5ed000
3f838000
3f68b000
3f857000
3fa8a000
3faf2000
3fcb6000
3f727000
3fbea000
3fb01000
3f97d800
3fa50800
3f97a800
3f480000
3f6b3000
3f89e800
3f12e000
3f627000
3f9b8000
3f862800
3f841800
3f2d9000
3f99d800
3f727000
3f726000
3fb1e800
3f7e8000
3fbfd800
3f525000
3f835000
3f4d6000
3fac5000
3f516000
3f7c6000
3f51d000
3f582000
3f862800
3fce2800
3f3bf000
3fad9000
3f481000
3fb4b000
3f912000
3f897000
3fb17800
3f72d000
3f72f000
3f26c000
3fdc2800
3f106000
3fbb9800
3f636000
3f5e6000
3f552000
3f519000
3f41d000
3f994800
3fd14000
3f9ed000
3f783000
3f895800
3f40f000
3f833000
3f87c000
3f50e000
3f4ca000
3f7e8000
3f54a000
3fc76800
3f8fa800
3f2e0000
3f475000
3f8a1000
3f8b5000
3f8c5000
3f611000
3f88d000
3f8f3800
3f3c5000
3f883000
3f6ee000
3fd9b000
3f465000
3f93b000
3f895800
3f559000
3fc88000
3f8e8000
3f194000
3f809000
3f908000
3fc62800
3f544000
3fb40000
3f3e3000
3f8e4800
3f8bf800
3f833000
3f87b800
3f6a2000
3f85e800
3f820000
3f7c6000
3f1e0000
3f657000
3f492000
3fd3b800
3f65d000
3f6c7000
3f933000
3f782000
3f6ea000
3f1ae000
3f6b6000
3f418000
3f893000
3f1b9000
3faef000
3f4dd000
3f474000
3fa59800
3fd27000
3f75a000
3f89e000
3f976000
3f1f9000
3f8af000
3fc8a000
3f1a4000
3fe5c800
3f8e9800
3f99c800
3f6c2000
3fc03000
3f1c1000
3f89e800
3f97e800
3f96a000
3f481000
3f680000
3f5d5000
3fa57000
3f688000
3f354000
3f992000
3fb0c000
3f79e000
3f975800
3f405000
3f698000
3f08e000
3f92d800
3fe5c000
3fb57800
3fb8a000
3f8b5800
3f281000
3fa25000
3f86f000
3f3fb000
3f9bd000
3fb89800
3f3af000
3f392000
3f274000
3f824800
3f126000
3fbb3000
3f9c9000
3f327000
3f788000
3f8bf800
3f9b9800
3fc48000
3f432000
3f551000
3f3bc000
3f71c000
3faff000
3f86d000
3f897000
3f8c9000
3f8a7000
3f52a000
3f31a000
3fc40800
3f6b3000
3f187000
3f49d000
3f57a000
3f091000
3fc8a800
3f956000
3f59c000
3f1d8000
3f9d5000
3f771000
3f43c000
3fb4b800
3f7b6000
3fc68000
3f2b1000
3f561000
3f8ad000
3f622000
3f34e000
3fbb2800
3f55f000
3f75a000
3f58d000
3f068000
3f2ab000
3f587000
3f8ab000
3f2d8000
3f27b000
3f98d800
3fba4000
3fdb3000
3f7e8000
3f8d2800
3f744000
3f85f800
3f560000
3f843000
3f491000
3f43d000
3f533000
3fb80800
3f3bd000
3f485000
3faa5000
3f7f2000
3f7b2000
3f838000
3f504000
3fb14800
3f1a1000
3fc7a800
3f42b000
3f850000
3f15a000
3f8ab000
3f7c6000
3f726000
3f359000
3fd15800
3fd45800
3fa44000
3f8c0000
3fb47000
3f5d7000
3f6c2000
3fc04000
3f2b6000
3f52e000
3f81e800
3f8c6800
3f75a000
3f65c000
3f563000
3f88a000
3f138000
3f8e0000
3f402000
3f87b800
3f884000
3f5ab000
3fba2800
3f4e4000
3fe18000
3f841800
3f24f000
3f833000
3fa85000
3f62e000
3f1d2000
3f1e6000
3f726000
3f7e4000
3f73a000
3f79f000
3fbe5000
3fa0c000
3fbaf000
3f845800
3f7b2000
3fbff000
3f552000
3f485000
3f788000
3f9e0000
3f838000
3f71c000
3f369000
3f9d4800
3f414000
3f883000
3f3ff000
3fde2800
3f73e000
3f38d000
3f8e1000
3faff800
3f60a000
3fb92000
3f964000
3fb4c800
3fa6a000
3f26d000
3f79f000
3f450000
3fa14000
3fc00800
3f9b5000
3fd10000
3f2c5000
3fb44800
3fad6000
3f897000
3f566000
3f8da800
3f033000
3f829000
3f7b6000
3f952000
3f127000
3f804000
3f8d5800
3f79e000
3f535000
3f80d800
3f74f000
3f833000
3f6b3000
3f08f000
3f409000
3f1ac000
3f86b800
3f425000
3f931800
3f8ef000
3f91d800
3f6bc000
3f4a5000
3f63d000
3f840800
3f8ef800
3f5fa000
3f55e000
3f205000
3f6c7000
3f8e2000
3f341000
3f895800
3f7b6000
3fa65000
3f272000
3fd66000
3f96d800
3f69a000
3f887800
3f141000
3fcd5800
3f9b6800
3f2dd000
3fc58000
3fa82800
3f35b000
3f63f000
3f10c000
3fc07800
3f326000
3f6a2000
3f70a000
3fa8c000
3fabf000
3f715000
3f63c000
3f0f3000
3f9f3000
3f517000
3f387000
3f093000
3f476000
3f79e000
3fa1d000
3f990000
3f840800
3fd0a000
3f8a7000
3fa3c000
3f59e000
3f5ea000
3f5ed000
3f9be000
3fa10800
3f2f1000
3f999800
3f99d800
3f6ae000
3f65c000
3fdac000
3f6fa000
3f6b6000
3f1cf000
3f8aa000
3f81e000
3f7c6000
3f437000
3fc5a000
3f88b800
3f257000
3f220000
3f5aa000
3f57d000
3f13f000
3fca1800
3f543000
3f8e7000
3f88f000
3fc15800
3f941800
3f251000
3fac2000
3f370000
3f224000
3fb5e800
3f67f000
3f864800
3f54f000
3f2c5000
3f2bf000
3f94d000
3f0e1000
3f3d7000
3f906000
3f5be000
3f22d000
3f7b6000
3f2c1000
3fa7a000
3f15f000
3f3bf000
3f9db800
3fb25800
3f582000
3f8af000
3f496000
3f8ea800
3fa0b000
3f820000
3f55e000
3fb44800
3f8fa800
3f743000
3f805000
3f493000
3f3c5000
3f46f000
3fc6a800
3f369000
3f851000
3f5f5000
3f895800
3f1dc000
3f048000
3fc72000
3f71c000
3f2d7000
3fa7d800
3f6db000
3f910000
3f28b000
3f82f800
3fd7e800
3f36b000
3f5a0000
3f373000
3f850000
3f8a7000
3fe4d000
3fbcf800
3f71c000
3f8bf000
3f5f5000
3f389000
3f4ae000
3f79b000
3f865000
3f70b000
3f86e000
3f8ef800
3f8e1000
3f655000
3f597000
3f4ee000
3f6e1000
3f665000
3f443000
3f8b5800
3f211000
3fa00000
3f811000
3f1a5000
3f49a000
3f5eb000
3fbba800
3f74e000
3f16f000
3fc8e000
3f42d000
3f8e1800
3f907000
3f905800
3f79b000
3fccb800
3f5eb000
3f761000
3fe34000
3f2e0000
3f2fd000
3fa9f800
3f5c6000
3f19a000
3fa5b800
3fded800
3f991800
3fa2a800
3fcd1800
3f9ee000
3f996000
3f975800
3f223000
3f5d2000
3f7f2000
3f605000
3f2d7000
3f57c000
3f435000
3f86d000
3f9b8000
3f859000
3f998000
3faaf000
3f9bb800
3f502000
3f571000
3f986800
3f454000
3f6b6000
3fd37800
3fab2000
3fa0d800
3f683000
3f19d000
3f743000
3fe2c000
3f49a000
3f816000
3fe8c000
3f600000
3fa6b000
3f173000
3f815000
3f75f000
3fbcd800
3fa65000
3f0b3000
3f858800
3f6b6000
3f3a0000
3f905000
3f974000
3f919800
3fbda000
3f7c6000
3f509000
3f8c4000
3fb70800
3f432000
3f92a800
3f626000
3fe74800
3f78b000
3fc1a800
3f838000
3f595000
3f80b000
3f935000
3f820000
3f445000
3fcc0800
3fb0f000
3f8d3000
3f989800
3f82f800
3f6ea000
3fa0b000
3f0dd000
3f827000
3f584000
3f630000
3f94d000
3f12b000
3f8d8000
3f7da000
3f898800
3fa89800
3f4be000
3f50e000
3fa12800
3f815000
3fbe7000
3fc02800
3f42a000
3f8f6800
3f4e7000
3f861800
3f824800
3fdb4800
3f8bf000
3f96f800
3f840800
3fb40000
3fb44000
3f9ad800
3ff47800
3fc06800
3f782000
3f2bb000
3f39f000
3f75e000
3f78a000
3f489000
3fd7e000
3f59c000
3f553000
3f815000
3fb30000
3fa48800
3f7c6000
3f8dc000
3f67a000
3f4b4000
3f870800
3f531000
3f8a6800
3f962000
3f2ee000
3f898800
3f82f000
3f43c000
3f824800
3f883000
3fa01000
3f637000
3f96b000
3fa69800
3f57b000
3f5ec000
3f762000
3f6d0000
3f7cd000
3faec800
3f37d000
3f940800
3f5e8000
3f884000
3f605000
3f86b000
3fc16000
3f39b000
3f69a000
3fa29800
3f985000
3f8c2000
3fdb2800
3f03a000
3f494000
3f887800
3f559000
3f9f8800
3f299000
3f70a000
3f87c000
3f82f800
3f57e000
3faad800
3f650000
3f898800
3f894800
3f9ff000
3fc04000
3f20d000
3fa2f000
3f602000
3fac1800
3f6e7000
3f870800
3f667000
3f544000
3fde4000
3fa34000
3f935800
3fcc5800
3f8ea800
3f837000
3f51f000
3fdb3000
3f696000
3f4f9000
3fb8e000
3fb16000
3f2e0000
3f37f000
3fb24000
3f840800
3f865000
3f912000
3f86d000
3f575000
3fb76000
3f677000
3f94d000
3fafc000
3f72e000
3f8f1800
3fd3c800
3f793000
3f1d3000
3fcbe000
3fab1800
3fc03800
3f32b000
3f8aa000
3f5b7000
3fc37000
3f82f800
3fc08000
3f2eb000
3f3ad000
3f435000
3fae4000
3fb8d000
3f89d000
3f856000
3f2c7000
3f373000
3f679000
3fa9b800
3fac4800
3f967000
3fad3800
3f935800
3f8c1000
3f837000
3fd9b800
3f9f0800
3f489000
3f771000
3f45b000
3f4e5000
3f71c000
3fb30000
3f488000
3f6b9000
3f851800
3f9d8800
3f639000
3f123000
3f7b6000
3f782000
3f8e1000
3f96d000
3fcdc800
3f865000
3f465000
3f120000
3f60f000
3fa62800
3f2d4000
3f410000
3f94e800
3f673000
3f986000
3fb10000
3f11a000
3f9b1000
3f3bd000
3f883000
3fbea000
3f4ea000
3f7d5000
3f950800
3f8e2800
3f84e000
3f2cc000
3f2d7000
3fbcf800
3f83d000
3f574000
3f417000
3f715000
3fc25000
3f0a9000
3f829000
3f1a4000
3f89e800
3f40c000
3f74e000
3f14d000
3f9d7800
3f83d000
3f6d7000
3f5c3000
3f605000
3fbc0000
3f8cc800
3fa24000
3f8b5800
3f73e000
3f5ad000
3f7e4000
3fb26800
3f599000
3f44b000
3f979800
3f80d800
3fbcd000
3f518000
3fa54000
3fcb9000
3f6c2000
3f6ed000
3f801000
3f63c000
3f0ad000
3f401000
3f3bb000
3f6f7000
3f9d0000
3f245000
3f6d0000
3f9a6800
3f657000
3f793000
3f6ca000
3fd30000
3fb13000
3f9c0000
3f8d8800
3f67b000
3f915000
3f833000
3f8fb800
3f938000
3f6d0000
3fc66800
3f6b3000
3f35b000
3f86b000
3fa4d000
3fae0000
3f12a000
3f4ea000
3f64a000
3f829000
3f718000
3f23e000
3fb02000
3f8cf800
3f92b800
3f493000
3f8f0800
3f8d8000
3fc9b800
3f8df800
3f3c4000
3f4c9000
3f3ad000
3f4e3000
3f838000
3f85e800
3f96d800
3f2d4000
3fcfd000
3f7c6000
3f77e000
3f814800
3fbc1000
3f407000
3f9be000
3fa88800
3f6d2000
3f47c000
3f8bc000
3f3d9000
3f8ef000
3f6d8000
3f875800
3f392000
3f8b8800
3f9fb800
3f6b9000
3fd43800
3f4fc000
3f919800
3f3d3000
3f51d000
3fa3b800
3f422000
3f6a6000
3f7c6000
3f39e000
3f38d000
3f1ca000
3f9e4000
3f883000
3f9cb000
3fd05800
3f850000
3f679000
3f574000
3f7b5000
3f79e000
3f9b2800
3fab8800
3f887800
3f459000
3faab000
3f997800
3fca1000
3f302000
3f11e000
3f4d9000
3f50a000
3fd89000
3f5d0000
3f0fe000
3f4e6000
3f8fe000
3f3ab000
3fb82000
3fa8d000
3f165000
3f897000
3f50e000
3fc28000
3f840800
3fced000
3f236000
3fed9000
3f7c6000
3fc31800
3f95f800
3f99b000
3f2f4000
3f7b2000
3f574000
3f897000
3f4d4000
3f4dd000
3f57f000
3f617000
3f1de000
3f948800
3f2db000
3f928800
3f7da000
3f4af000
3f49b000
3f86f000
3f6ae000
3f977000
3f23d000
3f833000
3fcc3000
3f4b1000
3f579000
3f7d5000
3f5e0000
3ffbb000
3fb07000
3f7da000
3f8b1800
3f62e000
3fcf3000
3f8fb000
3f10f000
3f928800
3f80b000
3fe14800
3fcf4800
3fa23800
3fdd0000
3f850000
3f859800
3f45e000
3f893000
3f762000
3fbe1000
3f807800
3fa0d800
3f672000
3f96e000
3fa39800
3f6cb000
3f33f000
3f6ba000
3f7e4000
3f09f000
3f7c6000
3fa16800
3f2fb000
3f269000
3f4b5000
3f8aa000
3f437000
3f7f9000
3fe26000
3f688000
3f893000
3f6e8000
3f983000
3f6b9000
3f8b5800
3f6d0000
3f4c0000
3f918000
3f63d000
3f883000
3f829000
3f70c000
3f837000
3f920800
3f591000
3f2f5000
3fcf7000
3f8c4000
3f7da000
3f6a2000
3f983800
3f909800
3fb0e800
3f97d800
3f907800
3f484000
3f2e7000
3f9f9000
3fa97800
3f9b6800
3f9d6800
3fcc2800
3f49e000
3faf6800
3f9ae000
3f82b800
3f3e9000
3f8e8000
3fa62000
3f335000
3f556000
3f352000
3f634000
3fcce000
3f5a1000
3f957800
3f9d4800
3f0a5000
3f5ff000
3f9d7800
3f660000
3f8bf000
3f7b8000
3f699000
3f96d000
3f211000
3fca0000
3f694000
3f7da000
3f978000
3f87e800
3f7b5000
3f8bf000
3f3e8000
3f771000
3f835000
3f5ae000
3f5c3000
3faaa800
3fdd5800
3f23e000
3f679000
3f0c9000
3f683000
3f9f9000
3f3bc000
3fafa000
3f8e6800
3f646000
3fb7b800
3f8c5000
3f6ed000
3f807800
3f842800
3f16c000
3f7d5000
3fb30800
3f760000
3f488000
3f9c9000
3fa6a000
3fb7f800
3f1dc000
3f91b800
3f760000
3f498000
3f305000
3fc9b800
3fa68800
3f895800
3fbd1800
3f8d5800
3f85e800
3f55d000
3f9c6800
3f3f4000
3f478000
3f898800
3fbae000
3f8dd000
3f828000
3f7e8000
3f4d1000
3f793000
3f62d000
3f53e000
3f6fc000
3fbe0800
3f313000
3f7fb000
3f360000
3fded000
3f81e800
3f70a000
3fa52800
3f3b6000
3f0ce000
3faf3800
3fe00800
3fba7800
3fad2000
3f851800
3fa47000
3f762000
3f1e0000
3fb65000
3f624000
3f878800
3f30e000
3f9d8000
3f63b000
3f4ff000
3f614000
3fb35800
3fbc9000
3f12d000
3fb38800
3f8e8800
3fbec800
3f95c000
3fa50800
3f6c7000
3f7c6000
3f469000
3f38f000
3f9ed800
3f2ae000
3f84e000
3f43d000
3f862800
3fb8f000
3f434000
3f80d800
3f118000
3f4a3000
3f7b5000
3f5d1000
3f608000
3f3a9000
3f960000
3f4e1000
3fc59800
3f1aa000
3fa14800
3f281000
3f838000
3f89e800
3f79b000
3f4bc000
3f994000
3f1b5000
3fae9000
3f524000
3fbab800
3f409000
3faa7000
3f4fd000
3fc13800
3f805000
3f81f000
3f2b3000
3fb65800
3f97b800
3f89e800
3fa64800
3f29d000
3f776000
3f929800
3f771000
3f6b4000
3f3b3000
3f82b800
3f77e000
3f5cb000
3f51b000
3fa2b800
3f1f7000
3f6d7000
3fc63800
3f5a5000
3f851000
3f71c000
3f82f800
3f279000
3f9da000
3f2fa000
3fc10800
3f066000
3f5c3000
3fa71000
3f1e8000
3f9aa000
3f384000
3f408000
3f54e000
3f5d9000
3f4bb000
3f81f000
3f5e8000
3f816000
3f8dd800
3f984000
3f990000
3f93d800
3facc800
3fd35000
3f569000
3fb10800
3f727000
3fb46800
3f905000
3f816000
3f89c000
3f24b000
3fc89000
3f8c9800
3fb00800
3fbf9800
3fa2b000
3f2f2000
3f66c000
3f3cf000
3fdfe800
3f478000
3f3bb000
3fb45800
3fee1800
3f98f000
3f240000
3fd49800
3f4c0000
3fde4800
3f81b000
3f842800
3f3fa000
3fd56800
3f79f000
3f9f1800
3f2bd000
3f24b000
3f80b000
3f8a1000
3fa28000
3fa03800
3f88d000
3f760000
3fbfd000
3f75a000
3f425000
3f448000
3fcd7800
3f87c000
3f80d800
3f417000
3f39f000
3f55e000
3f693000
3f8e3800
3f107000
3fa7e800
3f6fc000
3f315000
3ff64800
3f897000
3f7da000
3fd10800
3f12b000
3f60d000
3f345000
3f9de000
3f837000
3f0d2000
3f3b3000
3f793000
3f2ec000
3f6ed000
3faca800
3f18d000
3f46c000
3f526000
3f88d000
3fbcf000
3f42d000
3f99f800
3fb25000
3f729000
3fc0b800
3f7fb000
3f341000
3f744000
3f27a000
3f633000
3f1e0000
3f911800
3f924800
3f8ef000
3f5ba000
3f655000
3f793000
3f6ed000
3fc1a000
3f86d000
3fae5000
3f986800
3f771000
3f3cf000
3f6a9000
3faa8000
3f484000
3fbf8800
3f173000
3f837000
3f8e0000
3f273000
3f086000
3f399000
3f933800
3fb28000
3f36b000
3f60c000
3f6d6000
3fd54000
3fc24000
3f68b000
3f827000
3f4a0000
3f3a7000
3f387000
3f3b3000
3fae1800
3fd03000
3f463000
3fa58800
3f850000
3fa2c000
3f8c0000
3f4b9000
3f5d3000
3f5d0000
3f5e8000
3f5d4000
3fa55000
3f991800
3f8de000
3f328000
3f8e1000
3f8e1000
3fa8e800
3fa97800
3f715000
3fe48000
3f895800
3fae2800
3f916000
3fb82000
3f8f3000
3f551000
3f0e2000
3f401000
3fdc2800
3f865000
3f967800
3f4e1000
3faee000
3f7c6000
3fe5c000
3f4c1000
3f82d000
3f3c3000
3f098000
3f657000
3fcc8000
3f8d0000
3fee7800
3f259000
3f64c000
3f6b5000
3f915800
3f12e000
3f980800
3fe2f800
3f421000
3f2b9000
3f6c6000
3f8bf000
3f8ef800
3f80d800
3f6c2000
3f505000
3f505000
3f887800
3f80d800
3f69a000
3f807800
3f95e000
3f7c6000
3fbb3800
3f56e000
3feb6000
3f801000
3f85a000
3f39b000
3f6ed000
3f2af000
3f4e8000
3f696000
3f09d000
3f5cf000
3f79e000
3f59b000
3f7d7000
3f890000
3f86d000
3f73a000
3fe8c000
3f596000
3fd4d800
3f9d3000
3f741000
3fb69800
3f952000
3f694000
3f5ee000
3fb53800
3fc87000
3f79b000
3faaa800
3fabc800
3f949800
3f1da000
3f74e000
3f5d8000
3faaa800
3faf9800
3f387000
3f643000
3f7e0000
3fb18800
3fc38000
3fa70800
3f7a4000
3fb40000
3fc9d800
3f98b000
3fc5b800
3f865000
3f960800
3f7c6000
3f4a1000
3f9a1000
3f201000
3f8f3000
3f6cd000
3f3e2000
3f9c9800
3f7b8000
3f712000
3f636000
3f929800
3f68b000
3f74f000
3f243000
3f8e7000
3fc6e800
3fa1d800
3f556000
3fb01800
3f883000
3fac5800
3f19b000
3f918800
3f4c5000
3f8bf000
3fd57800
3f8ee800
3f2bf000
3f6d8000
3f975800
3fb04000
3f0d5000
3f950000
3f771000
3f39d000
3f850000
3f616000
3f89e800
3f87c000
3f423000
3f8ef800
3fc95000
3fc2c800
3f4d9000
3f407000
3f555000
3f6c7000
3f3d3000
3f56b000
3f932000
3f801000
3f473000
3f211000
3f5d7000
3f87b800
3f844000
3f4cc000
3f9b7800
3f367000
3fae8000
3f5ed000
3fe50800
3f97e000
3fda3800
3f2cf000
3fde1800
3f1f8000
3fc3c800
3f5d2000
3f295000
3fd0f000
3fbe6000
3f85b000
3f907000
3f566000
3f560000
3f992800
3f31f000
3f55f000
3f9fb000
3f3f2000
3f3fb000
3f36f000
3f281000
3f84e000
3fd70000
3fa03800
3f60a000
3f5d3000
3f9f2000
3f6a2000
3f80b000
3fb21800
3f574000
3f98f800
3f4ef000
3f523000
3f857000
3f5c5000
3f809000
3f8d1000
3f561000
3f8af800
3f29f000
3f9a9000
3f1d3000
3f8d8000
3f838000
3f8d0000
3f492000
3f108000
3f8c4000
3f872800
3f4c3000
3fcba800
3fcd1800
3f3fb000
3fcdb800
3f805000
3fd07000
3f6d0000
3f851000
3f44c000
3f651000
3f672000
3f679000
3f5dd000
3fadb800
3fa59000
3f870800
3f83d000
3fa20800
3f3c5000
3fda4000
3fd91800
3f6f6000
3f8e5800
3f801000
3fe6a000
3f349000
3f944000
3f815000
3f901800
3f4c0000
3f911800
3f8e1000
3f574000
3f81f000
3f73a000
3fbd2000
3fa5f800
3f9df800
3f8ab000
3f7d5000
3f46d000
3f5cb000
3fa2e000
3f247000
3f8aa000
3fc55000
3f9a9000
3f9a3000
3f5bc000
3f847000
3f4fa000
3fe12000
3fe25800
3f65f000
3ff4c000
3f3e1000
3fa11800
3f167000
3f156000
3fad6000
3f515000
3f8ed000
3fe2b000
3f907800
3f44e000
3f104000
3f231000
3f65c000
3f837000
3f913000
3f7fb000
3f391000
3fb2c000
3fbf8800
3f820000
3fba5800
3f374000
3f73a000
3f979000
3f88b000
3f8d9800
3f6ea000
3f348000
3fa17800
3f14a000
3f0b4000
3f693000
3f815000
3f5d2000
3f8d2000
3f605000
3f3cf000
3f559000
3f87c000
3fd79000
3f8bf000
3fba0800
3fcec000
3fcb4800
3fdb2000
3f638000
3f2f9000
3f62f000
3f771000
3f263000
3fa85000
3f62d000
3f4f9000
3f4d6000
3fa76000
3fbf3000
3f7d7000
3f513000
3f91b000
3f37d000
3fb44800
3f99a800
3f6e5000
3f7f2000
3fa7e000
3fd76000
3f814800
3f816000
3f8e4800
3f302000
3f4ea000
3f36c000
3f121000
3f1a9000
3fa18000
3f1ca000
3fd24000
3f86d000
3fcb8000
3f21f000
3f526000
3fd95000
3f1b8000
3f60c000
3fb35000
3f8ea000
3f842800
3f52b000
3fb44000
3f3f1000
3f6b9000
3fabb000
3f33d000
3f969000
3f0d7000
3f904800
3f622000
3f79e000
3f29f000
3f34e000
3fb66800
3fac7800
3f6a2000
3f7d5000
3f3fe000
3f037000
3f4b3000
3f374000
3f385000
3fb7e000
3f12b000
3f8e3800
3f726000
3f93d000
3f815000
3f9dd000
3fe65800
3f59e000
3f87b800
3f6b3000
3f7a3000
3f771000
3fb58800
3fb0e800
3f79f000
3f147000
3f613000
3f6ea000
3f5e6000
3f391000
3f386000
3f66b000
3f4da000
3fa6c800
3f925800
3fc1c800
3fa19800
3f4ba000
3f3b1000
3f9f3800
3f449000
3f37f000
3f58e000
3fabe000
3f8d1000
3f9fe000
3fdda000
3fc93800
3fb3f000
3f8f9000
3f816000
3fe22000
3f73e000
3f89e800
3f744000
3fa1e000
3fa7b000
3f81e000
3f75b000
3fc8f000
3f865000
3f48c000
3f898800
3f0ca000
3f44f000
3f319000
3f4a8000
3f98f800
3fc9b800
3f955000
3f469000
3fa99800
3fa87000
3f841800
3f897000
3f771000
3fb39800
3f8ab000
3fb35800
3f333000
3fcf1800
3fc72000
3f55d000
3f23e000
3f4b6000
3fc72000
3f6e7000
3f699000
3f704000
3f70b000
3f32b000
3f40e000
3f0f4000
3f2b9000
3f61a000
3f8ef000
3f6a5000
3f5d6000
3f771000
3f524000
3f7f2000
3f841800
3fae5800
3f6ae000
3fa21800
3f7c6000
3f8e3800
3f690000
3f9b2000
3f841800
3f70b000
3f840800
3f587000
3fa36000
3f937800
3fa5f800
3f9c3800
3f865000
3f1e8000
3f203000
3f549000
3f80b000
3f820000
3f07e000
3f6e9000
3f743000
3f4bf000
3f8cc800
3f40f000
3f383000
3f6b3000
3f924800
3fb78000
3f9c6800
3f712000
3f561000
3f89e800
3fab7800
3f662000
3f5c3000
3f580000
3f651000
3f46d000
3f6ce000
3f4ae000
3f86b000
3fb72000
3f509000
3fbb9800
3f6c7000
3fe27000
3f762000
3f841800
3f467000
3fca0000
3f887800
3fcd6000
3f782000
3f5ae000
3f5d6000
3f9d6000
3f379000
3fede000
3f2cf000
3fa76800
3f24b000
3f1dd000
3f9eb000
3f9ca800
3f967000
3f820000
3f91a000
3f8bf000
3f9e9800
3fa40000
3f93f800
3f7d5000
3f110000
3fb2b800
3f331000
3f776000
3f8f3000
3f5ea000
3f8a0000
3f183000
3fc0e000
3f5cd000
3fd4d000
3fa07000
3fb13000
3f300000
3fadb000
3fa5e000
3fb2c800
3f61c000
3f8e7000
3f8a3800
3faaf000
3f65e000
3f842800
3f167000
3fa88800
3f500000
3fbe2800
3f9c1000
3f46d000
3f52f000
3fac1000
3f6c4000
3fdde800
3f820000
3ff7c800
3f84e000
3f285000
3f3f9000
3fd4b800
3fbd6800
3f4eb000
3f90a800
3fa7c800
3f5d0000
3f290000
3f55e000
3f4f0000
3f924000
3f14f000
3f5f3000
3f8fa800
3f6c2000
3f2f7000
3f6ea000
3f656000
3f6e3000
3f8c1000
3fa08800
3f9ef800
3fa06800
3f81f000
3f8ed800
3f09f000
3f571000
3f8f5800
3f252000
3f6f2000
3f824800
3fc85800
3f905000
3f87e800
3fadf800
3f87c000
3f491000
3f90a000
3f7cd000
3f8de800
3f679000
3fcb8000
3f793000
3fba6800
3f613000
3fb51000
3f46b000
3f5b8000
3f9fa000
3f696000
3f744000
3f01c000
3f879000
3f73a000
3f5bf000
3f343000
3f19f000
3f686000
3f727000
3f2e7000
3fb30000
3f311000
3f900800
3fa56800
3f883000
3f805000
3fbc3800
3f93e800
3fbef000
3f1b5000
3f81e800
3f906000
3f949000
3fe05000
3f3f8000
3f7b6000
3f679000
3f31c000
3f9e4000
3f8d2800
3f9bf000
3fc0a000
3fa7c000
3f445000
3f88d000
3f387000
3f214000
3fa67000
3f87c000
3f218000
3fb65800
3f873800
3fc3f000
3f833000
3f744000
3f6d7000
3f542000
3fa23800
3f8ab000
3f431000
3f77e000
3f220000
3f0af000
3f884800
3f27b000
3f19f000
3f591000
3f968000
3f125000
3feec800
3f833000
3fb80000
3f8cb800
3fa33000
3f6a7000
3f513000
3f694000
3f670000
3f88d000
3f804800
3fb58800
3f86d000
3f8c9000
3f42a000
3fd4d000
3f9a6800
3f48c000
3f315000
3fa00000
3fa78800
3f90c800
3fa2f000
3f375000
3f4db000
3f865000
3fa2c800
3f52b000
3f5ea000
3f5ad000
3f13c000
3fa21000
3f712000
3fbef000
3f56d000
3faef000
3f85d800
3fb4b800
3f357000
3f815000
3f42d000
3f4bb000
3f341000
3f893000
3fb89800
3fc7f800
3f827000
3f960800
3f253000
3f571000
3f738000
3f5be000
3f634000
3fcd0000
3f561000
3fa20000
3fefb000
3fd1d000
3f481000
3f64b000
3f70a000
3f62a000
3f761000
3f3a8000
3f241000
3f5af000
3f57a000
3f658000
3f203000
3f4cf000
3f1eb000
3fb41800
3f973000
3f9d3000
3f88a000
3fd83800
3f689000
3f9b2000
3f5f2000
3fbf9000
3f60c000
3f9e2800
3f513000
3f9e6800
3f895800
3f9b3800
3f716000
3f2a3000
3faf6000
3f0b2000
3f473000
3f6a1000
3f121000
3f97b800
3f9d8800
3fbd8000
3fabf800
3f88b800
3fae3000
3f837000
3fa47000
3f623000
3f939000
3f73d000
3fe17000
3f65d000
3f841800
3f7fb000
3f5d3000
3f925800
3fa2b000
3fd1e800
3f2f1000
3f827000
3f6a2000
3fb45000
3fcb6000
3fa3c000
3f0be000
3fb9e800
3f837000
3f81f000
3f57c000
3f45d000
3fa10800
3f6fa000
3facd000
3f8be800
3f6b3000
3fba0800
3f688000
3f968800
3f813000
3f771000
3fd1d800
3fa03800
3f90e800
3f4f8000
3f6d8000
3f820000
3faa7800
3f865000
3f6ce000
3f89e000
3f827000
3f9a1800
3f6a2000
3f79b000
3f7e8000
3f3e7000
3f369000
3f862800
3fe23000
3f86f000
3f776000
3fd5d800
3f3d9000
3f9da800
3f86d000
3f5fe000
3f805000
3f373000
3f816000
3f343000
3fd37000
3f4b3000
3f410000
3f05b000
3f201000
3f776000
3f41f000
3fc75800
3fb88000
3fb17000
3f4c2000
3f9a3800
3f3c5000
3f4d8000
3f8df000
3face000
3f6b9000
3fa7d800
3f8ab000
3fb4e000
3f5ad000
3f870800
3f7b2000
3f88a000
3f911800
3f9c1000
3f54c000
3fb8f000
3fa9a800
3ff81000
3f8a6800
3fc18000
3fa54000
3f12b000
3f809000
3fb90800
3f462000
3f975000
3f9a6000
3f86b000
3f8d2800
3f46b000
3fb2b800
3f8f0000
3f72a000
3f7b6000
3f8d8000
3fa08800
3f75a000
3f915000
3f605000
3fb3e800
3fe5b800
3f5bc000
3f279000
3fd3b000
3f79f000
3f411000
3f9a1000
3f925000
3f74b000
3fec0800
3fcc5800
3f89e800
3f89d800
3f99f800
3f788000
3fee7000
3f929800
3f895800
3f64c000
3f559000
3f065000
3f261000
3fa55800
3fb8a800
3f770000
3f8c1800
3f1b5000
3f607000
3f511000
3f40c000
3f7a4000
3f523000
3fb69800
3f3f1000
3fdda000
3f5f3000
3f037000
3faba000
3f627000
3f8ef000
3fbcf000
3f485000
3f42b000
3f373000
3f4c3000
3f4cf000
3fac6000
3f052000
3fd1e000
3facd000
3fe25000
3f3fb000
3f3ab000
3f69f000
3f9fd000
3fae6800
3f399000
3fee2800
3f950000
3f122000
3f906000
3fbb7000
3f2c5000
3f8af000
3f726000
3fb67800
3f536000
3f833000
3f8e1000
3f816000
3f4f5000
3fb62800
3f509000
3f26f000
3f900800
3f8b5000
3f837000
3f66c000
3f938000
3f6fe000
3f67a000
3f858800
3f1a5000
3f578000
3fb49800
3f015000
3ff56000
3f361000
3f3d3000
3f63f000
3f984800
3f85e800
3f4c2000
3f1db000
3f996000
3f7c6000
3f5bf000
3fc6d800
3f9e6000
3f862800
3f62e000
3f79f000
3f5ec000
3fb71000
3f676000
3f8a6800
3f736000
3fd30800
3f82b800
3f8ae000
3f3da000
3f5c9000
3f837000
3f7d5000
3fc92800
3f805800
3f904800
3f1d1000
3f453000
3fa3c000
3fa6a000
3f6e9000
3f47d000
3fae2000
3f6e1000
3fceb000
3f84d000
3f3d3000
3f513000
3f3cc000
3fee7800
3f943800
3f9ac000
3fa09800
3f743000
3f231000
3f4f5000
3f195000
3fb37800
3f92a800
3fa89800
3f814800
3fb65800
3fd54800
3f21f000
3f655000
3f958000
3f5dd000
3faf1800
3f4bb000
3fa19800
3fbe0000
3f3c4000
3f8d8000
3fd91800
3f827000
3f8cf000
3f8c7000
3f3eb000
3f546000
3f3cf000
3f847000
3f5d2000
3f429000
3f897000
3f8f8000
3fc3d000
3f761000
3fd49000
3f3fa000
3f23f000
3fb10000
3f82f800
3f590000
3f6d9000
3fc40000
3fa08800
3f73a000
3f1de000
3fc64000
3f2df000
3fb31800
3f65e000
3fda1000
3f674000
3f54e000
3fd90800
3f5d1000
3f6d1000
3f967800
3f2b1000
3fc23000
3f328000
3f82f800
3fc7e800
3f2a9000
3f8b5000
3f966800
3f8ef800
3f9ac000
3f85b000
3f317000
3f862800
3fa26800
3f8db000
3f97c800
3fa8e800
3fafd800
3f841800
3f5c8000
3f7da000
3fd01800
3fd1d800
3f424000
3f0ee000
3f8cb800
3f3ea000
3f195000
3f788000
3f7ee000
3f883000
3f7b2000
3f5af000
3f4a9000
3f5dd000
3face800
3f776000
3f11d000
3f92a800
3f895800
3f235000
3f93f800
3f9f5000
3f65c000
3f147000
3f4ab000
3f87b800
3fb8e000
3f4cf000
3f5a0000
3f85e800
3f673000
3f41c000
3f7da000
3f607000
3f49b000
3fa7e800
3f9f3800
3f4e8000
3f81f000
3f3ef000
3f9e8000
3fb87000
3f584000
3f851800
3f8b5800
3f5f5000
3f2ed000
3f74e000
3fa12000
3fd97800
3fcaa000
3f9e1800
3f612000
3f337000
3fcb3800
3fb5a800
3f265000
3f71c000
3fb32000
3f3c0000
3f9e1000
3f781000
3f9f1800
3f761000
3f387000
3f67b000
3f6ae000
3f9c6000
3f3cf000
3f581000
3f994000
3f7e8000
3fd62800
3f79f000
3f622000
3fc6d000
3f8d3000
3fbde000
3f1e1000
3fb97800
3f898800
3f98f000
3f7c6000
3f628000
3f892000
3fb9a000
3f458000
3fe0a000
3ffa3000
3f97c800
3f9da800
3f5cf000
3f9c0800
3f7cd000
3f13d000
3f986000
3fa8a800
3fc01800
3fd53800
3fca3800
3fb2a800
3f17d000
3f73a000
3f740000
3f481000
3f8ef800
3f923000
3f8ca800
3f89e800
3fb60000
3f8fa800
3fa9f800
3f54d000
3f2cd000
3f8f6000
3f2e3000
3fa59000
3f8cf800
3f893000
3f62f000
3f949000
3fcb1000
3f92d800
3f5a7000
3fcf7000
3fa15000
3f68d000
3f71c000
3f8b5800
3f872000
3f9c5000
3f95c000
3f97a800
3f94d000
3f887800
3f8ef800
3fd8b800
3f427000
3f47a000
3f32b000
3f6c6000
3f833000
3fdd0800
3f029000
3f8aa000
3f7b2000
3f992000
3f7f9000
3f248000
3fd18800
3f887800
3f2e5000
3f59c000
3f8b5800
3ff08800
3f89e000
3f6ec000
3f6e2000
3f9ba800
3fa98800
3f1e3000
3f469000
3f761000
3f591000
3f174000
3f781000
3f472000
3f8ef000
3f57e000
3f7f2000
3f636000
3f223000
3f631000
3f6d0000
3f840800
3f827000
3f847000
3f87c000
3f940800
3fad7800
3f8ea800
3f3d9000
3fe43800
3f3b9000
3f2d3000
3f9c4000
3f3df000
3f622000
3f947800
3f3e9000
3f4fc000
3f24f000
3f9b2800
3f7c6000
3f980800
3fd90000
3f81f000
3f27f000
3f674000
3f384000
3fca0000
3f90b000
3f99f800
3f3cd000
3fa7c800
3f8ed800
3f7e8000
3f8e1000
3f509000
3fd29000
3f953000
3fa12000
3f413000
3f36d000
3f411000
3f79b000
3f8d8000
3f8b5800
3f95c000
3fa04000
3fbc8000
3f5f5000
3fbee800
3f8aa000
3fadb000
3f40b000
3f3a2000
3f61e000
3fa6b800
3f788000
3f1e7000
3f95d800
3fd05800
3f760000
3f3de000
3f805000
3fb5b800
3fd3f000
3f816000
3fc70800
3f824800
3f2ff000
3f6fc000
3faa5000
3fb14000
3f870800
3f4a7000
3f52b000
3f48f000
3f760000
3f7a4000
3f573000
3fb57000
3f4a6000
3fc40000
3f5f9000
3fccb800
3f95d000
3f3b1000
3f483000
3f6d0000
3fb27800
3f597000
3f97c800
3f362000
3fa6e800
3f8f3000
3f8e3800
3f3d5000
3f887800
3fdb4000
3f85b000
3f5dd000
3f273000
3fb06800
3f6fe000
3f664000
3f64d000
3f9d0000
3f40a000
3fbe7800
3fed3800
3f83d000
3f7b6000
3f30b000
3f8d8000
3f25f000
3f965000
3f79e000
3f7b6000
3f31f000
3f44e000
3f431000
3f6f1000
3f44e000
3fd2c000
3fb82800
3f7ee000
3f840800
3f967800
3fa12000
3f525000
3f91a800
3f87c000
3f296000
3fa31800
3f2ca000
3f3a5000
3f3fe000
3f79f000
3f901000
3fa7e000
3f8b7800
3f3c7000
3f903000
3f241000
3f44b000
3fa0e000
3f16b000
3f966800
3f0ff000
3fc80800
3fa46000
3f919800
3f6a5000
3fa14800
3f792000
3f3fc000
3f8b3000
3f841800
3f41e000
3f22a000
3fbb8800
3f387000
3f6e9000
3f69c000
3f8d4000
3f81b000
3f405000
3f865800
3fa07000
3f90c800
3fd36800
3f49c000
3f1cf000
3fcd7800
3f6f8000
3f7f9000
3f42c000
3f884800
3fdcb800
3f69a000
3f73e000
3fcab000
3fa44000
3f77e000
3f686000
3fb34000
3fc23800
3f776000
3f5fd000
3f79f000
3f776000
3f410000
3f15c000
3f595000
3f2bd000
3fa99800
3f865000
3f96b000
3f5f1000
3f972800
3f62d000
3f7da000
3fcdd800
3fdbe000
3f237000
3fa45000
3f8bc000
3f743000
3f4be000
3fa8c000
3f8cf000
3f85e800
3f38f000
3f478000
3f6c7000
3f8fc000
3f45a000
3f526000
3f6d8000
3f461000
3fad6000
3f7d5000
3f147000
3f3dd000
3f673000
3f9fb800
3f3e2000
3fa4e800
3fd92000
3f623000
3f4bb000
3f500000
3f1ab000
3f4ee000
3f8a1000
3f980800
3f90e800
3f3f9000
3f9e0000
3f81e800
3f833000
3f511000
3fa5d800
3fa3d000
3f46e000
3f805000
3f437000
3f4cb000
3f1c5000
3f7ee000
3f6d0000
3f63f000
3f98d800
3f955800
3fb0b800
3f8d8000
3fa1e800
3f5e5000
3f7e4000
3fdc9800
3f7da000
3f73a000
3f5ad000
3f8b7000
3f762000
3f9cd000
3f1f7000
3f2ef000
3f8a6800
3f88d000
3f8b5000
3f298000
3f850000
3f9df800
3f827000
3f896000
3f575000
3fa2b800
3f73e000
3f509000
3f814800
3f41a000
3f9d1800
3fde2000
3f8f1000
3f094000
3f8f3000
3f4da000
3f4f0000
3fc26000
3f374000
3fd61000
3f2d7000
3f549000
3f990800
3f443000
3fa5b800
3f430000
3f641000
3f851800
3fc18000
3f73e000
3f22d000
3f936000
3f6e9000
3f6ef000
3fa1c000
3f71c000
3f31f000
3f650000
3f906000
3f308000
3fcad800
3f8cc800
3fbf4800
3fe25800
3fb42800
3f8b4800
3f97a000
3f549000
3f31b000
3f386000
3fc67000
3fb07800
3f186000
3f245000
3f858800
3f82f800
3fc21000
3f879000
3f79f000
3f715000
3f98c800
3f841800
3f73a000
3f38b000
3f501000
3f8ac000
3ff08800
3f686000
3f59c000
3f5ad000
3f532000
3ff1c000
3fb75000
3f5e9000
3f895800
3f6b4000
3f865000
3f429000
3fd91800
3f52a000
3f97c000
3f793000
3fb1a000
3f3e4000
3f5b5000
3f4f6000
3f4fc000
3f38b000
3fb4b000
3f8ac800
3f824800
3f8ff000
3fa1b000
3f79b000
3fddd000
3f6ce000
3f5ad000
3f89c000
3f248000
3fd05800
3f47e000
3f65d000
3f05b000
3f45c000
3f5ca000
3f815000
3fe6f800
3f8b5800
3fe1d000
3fe04800
3f6e5000
3f762000
3f847000
3f2ac000
3f908000
3f853000
3f9a4800
3f43d000
3f5ba000
3f68b000
3f92e800
3fbae800
3f873800
3f996000
3fc7c000
3f847000
3f0fc000
3f86f000
3f5cc000
3fa79000
3f92d000
3fc16800
3fd32800
3f82b800
3f259000
3f6e7000
3f762000
3f97a800
3f86d000
3fb96800
3f7fb000
3fc68000
3f9c9000
3fbe1000
3f911000
3f423000
3f7ee000
3f646000
3f919000
3fa88000
3f3fd000
3f36e000
3f6b3000
3f135000
3fd00000
3fab6000
3f911800
3fb9f000
3f5a4000
3f88d000
3f8b7800
3f636000
3f5ec000
3f760000
3fa0d000
3f359000
3f158000
3f7f9000
3f74e000
3f19f000
3f40b000
3f98f000
3f946800
3f7e4000
3f69a000
3fb66800
3f88d000
3f980800
3f859800
3fdad000
3f85a000
3f0b6000
3fb68800
3fe91000
3fa67000
3f574000
3f243000
3f313000
3f951000
3f861800
3f87c000
3f850000
3f591000
3f699000
3f816000
3f889800
3fa29000
3f81e800
3f9df000
3f8c1800
3f815000
3fb72000
3f33d000
3f9d6800
3f761000
3f3a3000
3f5e1000
3fa52000
3f4ca000
3f3f6000
3f8b5800
3f52f000
3f63f000
3f1f3000
3f613000
3f622000
3f9ae800
3f9ac800
3f824800
3f857800
3f622000
3f50e000
3f801000
3f399000
3f681000
3f8c2800
3f385000
3fd3e800
3f327000
3f086000
3fb01800
3f972800
3f389000
3f977800
3f2d3000
3f159000
3fd97800
3f2c2000
3f303000
3fa39000
3f3bb000
3f938000
3f145000
3f79f000
3f86e000
3f694000
3f890000
3f72f000
3f4ed000
3fb4d800
3f69a000
3f912800
3f0fa000
3fa8b000
3f5ee000
3f91b000
3fe04000
3fdc2800
3f890800
3f7e6000
3fbd1800
3f069000
3fc42000
3f820000
3f8aa000
3f980800
3f679000
3f776000
3f859800
3f7d7000
3f873800
3f81e800
3fbcc000
3f966800
3fb04800
3f296000
3f8e7800
3fce6000
3f628000
3f801000
3f727000
3f9a3800
3fa04000
3f820000
3f56f000
3fb10000
3f6ae000
3f190000
3f820000
3f7e4000
3fc82000
3fc18000
3f47c000
3fa1e000
3fbe3800
3f25c000
3fc0c000
3f8aa000
3fb61800
3f696000
3f771000
3f4da000
3fbd8800
3fcf2000
3f9d3000
3f94e800
3fd60000
3f1f0000
3fbc8000
3f864000
3ff0e000
3f911800
3f865000
3f994000
3f7c6000
3f809000
3f153000
3f814800
3f181000
3f170000
3f671000
3f760000
3f6fe000
3f325000
3f8d9800
3fa95000
3f2b1000
3f841800
3f5a3000
3f771000
3f8cc800
3fb34000
3f17a000
3faf5000
3f53a000
3fb06800
3fa57000
3f65e000
3f968800
3f7f9000
3f611000
3f3e6000
3fc40000
3fa35800
3fe21800
3f27c000
3f571000
3f87c000
3f6fe000
3f7d5000
3f932000
3f964800
3f4e3000
3f298000
3f275000
3f9a4000
3f56d000
3f928800
3f90c800
3fc10000
3f94b000
3f3d3000
3fbe6000
3fad0800
3fa15800
3f90c800
3f866800
3f814800
3f0ca000
3fc54000
3fb82000
3faa7800
3fab6000
3f2b7000
3f5be000
3f265000
3fc8f000
3f898800
3f968000
3fbe3800
3f338000
3fa61800
3f782000
3fa3d000
3fc33800
3f73a000
3fa38800
3faf2800
3f267000
3fa88800
3f5f6000
3f75a000
3ff56000
3f788000
3f6d0000
3f92d000
3f89e000
3f896000
3f047000
3f478000
3f7a4000
3f771000
3f9e4000
3fb7b000
3fa38000
3f829000
3f8ef800
3fa23800
3f8d5000
3fc88000
3f6c5000
3f904800
3f83d000
3faf6800
3f99e800
3fda9000
3f367000
3fb76800
3fc04800
3f58d000
3f29d000
3f88d000
3f865000
3f33a000
3f75a000
3f78a000
3f4c0000
3f838000
3fac9000
3f7d7000
3fcc9000
3f37b000
3f862800
3f3fe000
3f2cf000
3f9cf800
3f584000
3f6fa000
3f941000
3f771000
3f6ac000
3f2b9000
3f8cd800
3f847000
3fa1f800
3f352000
3fb70000
3f2fd000
3f889000
3f7f2000
3f692000
3fb85000
3f25e000
3f622000
3fd03000
3fa6b000
3fa04800
3f117000
3f4ab000
3fccd000
3f2f8000
3f573000
3f493000
3f635000
3f8f9000
3f672000
3fa87800
3f86b000
3f80b000
3f621000
3f605000
3fb99000
3fa57000
3f8ea800
3fb02000
3f125000
3f7c6000
3f383000
3f395000
3f740000
3f9c7000
3f6c4000
3fba2800
3f8b9000
3f801000
3f6ef000
3faef800
3f80b000
3f1f3000
3f94d800
3f8ef000
3f5e6000
3ff5b000
3f4c1000
3f851000
3f696000
3f5f5000
3f84e000
3f6d6000
3f807800
3f65c000
3f48c000
3f3dc000
3f2ac000
3f1ff000
3f11f000
3f0b8000
3f018000
3f6d0000
3f500000
3f428000
3f2f8000
3f237000
3f157000
3f0e0000
3f040000
3f761000
3f591000
3f48b000
3f35b000
3f283000
3f1a3000
3f119000
3f079000
3f7d5000
3f605000
3f4d7000
3f3a7000
3f2bb000
3f1db000
3f141000
3f0a1000
3f00b000
3f696000
3f4e3000
3f40a000
3f2ed000
3f227000
3f155000
3f0da000
3f044000
3f70a000
3f557000
3f456000
3f339000
3f25f000
3f18d000
3f102000
3f06c000
3f79b000
3f5e8000
3f4b9000
3f39c000
3f2ab000
3f1d9000
3f13b000
3f0a5000
3f807800
3f65c000
3f505000
3f3e8000
3f2e3000
3f211000
3f163000
3f0cd000
3f02d000
3f6ed000
3f51d000
3f44b000
3f31b000
3f25d000
3f17d000
3f106000
3f066000
3f761000
3f591000
3f497000
3f367000
3f295000
3f1b5000
3f12e000
3f08e000
3f7f2000
3f622000
3f4fa000
3f3ca000
3f2e1000
3f201000
3f167000
3f0c7000
3f833000
3f696000
3f546000
3f416000
3f319000
3f239000
3f167000
3f0ef000
3f059000
3f727000
3f574000
3f479000
3f35c000
3f285000
3f1b3000
3f128000
3f092000
3f79b000
3f5e8000
3f4c5000
3f3a8000
3f2bd000
3f1eb000
3f150000
3f0ba000
3f816000
3f679000
3f528000
3f40b000
3f309000
3f237000
3f189000
3f0f3000
3f850000
3f6ed000
3f574000
3f457000
3f341000
3f26f000
3f18f000
3f11b000
3f07b000
3f77e000
3f5ae000
3f4ba000
3f38a000
3f2bb000
3f1db000
3f154000
3f0b4000
3f7f2000
3f622000
3f506000
3f3d6000
3f2f3000
3f213000
3f17c000
3f0dc000
3f841800
3f6b3000
3f569000
3f439000
3f33f000
3f25f000
3f1b5000
3f115000
3f87b800
3f727000
3f5b5000
3f485000
3f368000
3f297000
3f1c5000
3f13d000
3f0a7000
3f7b8000
3f605000
3f4e8000
3f3cb000
3f2e3000
3f211000
3f176000
3f0e0000
3f816000
3f679000
3f534000
3f417000
3f31b000
3f249000
3f19e000
3f108000
3f85e800
3f70a000
3f597000
3f47a000
3f367000
3f295000
3f1d7000
3f141000
3f898800
3f77e000
3f5e3000
3f4c6000
3f396000
3f2cd000
3f1ed000
3f169000
3f0c9000
3f807800
3f63f000
3f529000
3f3f9000
3f319000
3f239000
3f1a2000
3f102000
3f841800
3f6b3000
3f575000
3f445000
3f351000
3f271000
3f1ca000
3f12a000
3f88a000
3f744000
3f5d8000
3f4a8000
3f39d000
3f2bd000
3f203000
3f163000
3f8c4000
3f7b8000
3f605000
3f4f4000
3f3d7000
3f2f5000
3f223000
3f18b000
3f0f5000
3f824800
3f696000
3f557000
3f43a000
3f341000
3f26f000
3f1c4000
3f12e000
3f85e800
3f70a000
3f5a3000
3f486000
3f379000
3f2a7000
3f1ec000
3f156000
3f8a7000
3f79b000
3f606000
3f4e9000
3f3c5000
3f2f3000
3f225000
3f18f000
3f8e1000
3f807800
3f63f000
3f535000
3f405000
3f32b000
3f24b000
3f1b7000
3f117000
3f850000
3f6d0000
3f598000
3f468000
3f377000
3f297000
3f1f0000
3f150000
3f88a000
3f744000
3f5e4000
3f4b4000
3f3af000
3f2cf000
3f218000
3f178000
3f8d2800
3f7d5000
3f647000
3f517000
3f3fb000
3f31b000
3f251000
3f1b1000
3f11b000
3f824800
3f696000
3f563000
3f446000
3f353000
3f281000
3f1d9000
3f143000
3f86d000
3f727000
3f5c6000
3f4a9000
3f39f000
3f2cd000
3f212000
3f17c000
3f8a7000
3f79b000
3f612000
3f4f5000
3f3d7000
3f305000
3f23a000
3f1a4000
3f8ef800
3f816000
3f675000
3f558000
3f423000
3f351000
3f273000
3f1dd000
3f13d000
3f850000
3f6d0000
3f5a4000
3f474000
3f389000
3f2a9000
3f205000
3f165000
3f898800
3f761000
3f607000
3f4d7000
3f3d5000
3f2f5000
3f23e000
3f19e000
3f8d2800
3f7d5000
3f653000
3f523000
3f40d000
3f32d000
3f266000
3f1c6000
3f91b000
3f833000
3f6b6000
3f586000
3f459000
3f379000
3f2a7000
3f1ff000
3f169000
3f86d000
3f727000
3f5d2000
3f4b5000
3f3b1000
3f2df000
3f227000
3f191000
3f8b5800
3f7b8000
3f635000
3f518000
3f3fd000
3f32b000
3f260000
3f1ca000
3f8ef800
3f816000
3f681000
3f564000
3f435000
3f363000
3f288000
3f1f2000
3f938000
3f85e800
3f6e4000
3f5c7000
3f481000
3f3af000
3f2cf000
3f22b000
3f18b000
3f898800
3f761000
3f613000
3f4e3000
3f3e7000
3f307000
3f253000
3f1b3000
3f8e1000
3f7f2000
3f676000
3f546000
3f433000
3f353000
3f28c000
3f1ec000
3f91b000
3f833000
3f6c2000
3f592000
3f46b000
3f38b000
3f2b4000
3f214000
3f963800
3f87b800
3f725000
3f5f5000
3f4d8000
3f3d7000
3f305000
3f24d000
3f1b7000
3f8b5800
3f7b8000
3f641000
3f524000
3f40f000
3f33d000
3f275000
3f1df000
3f8fe000
3f824800
3f6a4000
3f587000
3f45b000
3f389000
3f2ae000
3f218000
3f938000
3f85e800
3f6f0000
3f5d3000
3f493000
3f3c1000
3f2d6000
3f240000
3f980800
3f8a7000
3f753000
3f636000
3f506000
3f40d000
3f32d000
3f279000
3f1d9000
3f8e1000
3f7f2000
3f682000
3f552000
3f445000
3f365000
3f2a1000
3f201000
3f929800
3f841800
3f6e5000
3f5b5000
3f491000
3f3b1000
3f2da000
3f23a000
3f963800
3f87b800
3f731000
3f601000
3f4c9000
3f3e9000
3f302000
3f262000
3f9ac000
3f8c4000
3f7d5000
3f664000
3f547000
3f435000
3f363000
3f29b000
3f205000
3f8fe000
3f824800
3f6b0000
3f593000
3f46d000
3f39b000
3f2c3000
3f22d000
3f946800
3f86d000
3f713000
3f5f6000
3f4b9000
3f3e7000
3f2fc000
3f266000
3f980800
3f8a7000
3f75f000
3f642000
3f4f1000
3f41f000
3f324000
3f28e000
3f9c9000
3f8ef800
3f807800
3f6a5000
3f575000
3f46b000
3f38b000
3f2c7000
3f227000
3f929800
3f841800
3f6f1000
3f5c1000
3f4a3000
3f3c3000
3f2ef000
3f24f000
3f985800
3f86d800
3f788000
3f618000
3f507000
3f3f7000
3f34f000
3f27f000
3f9cb800
3f8b3800
3f7e4000
3f674000
3f54b000
3f43b000
3f383000
3f2b3000
3f1f0000
3f908000
3f801800
3f6e7000
3f58e000
3f493000
3f394000
3f2f8000
3f235000
3f94e000
3f847800
3f743000
3f5ea000
3f4d7000
3f3d8000
3f32c000
3f269000
3f9a2800
3f89c000
3f7b6000
3f65d000
3f52f000
3f430000
3f371000
3f2ae000
3f9e8800
3f8e2000
3f809000
3f6b9000
3f573000
3f474000
3f3a5000
3f2e2000
3f212000
3f936800
3f81e800
3f72c000
3f5bc000
3f4cc000
3f3bc000
3f327000
3f257000
3f97c800
3f864800
3f788000
3f618000
3f510000
3f400000
3f35b000
3f28b000
3f9d1000
3f8b9000
3f7fb000
3f68b000
3f568000
3f458000
3f3a0000
3f2d0000
3fa17000
3f8ff000
3f82b800
3f6e7000
3f5ac000
3f49c000
3f39d000
3f304000
3f241000
3f953800
3f84d000
3f75a000
3f601000
3f4f4000
3f3f5000
3f349000
3f286000
3f999800
3f893000
3f7b6000
3f65d000
3f538000
3f439000
3f37d000
3f2ba000
3f9ee000
3f8e7800
3f814800
3f6d0000
3f590000
3f491000
3f3c2000
3f2ff000
3fa34000
3f92d800
3f842800
3f72c000
3f5d4000
3f4d5000
3f3c5000
3f333000
3f263000
3f982000
3f86a000
3f79f000
3f62f000
3f52d000
3f41d000
3f378000
3f2a8000
3f9c8000
3f8b0000
3f7fb000
3f68b000
3f571000
3f461000
3f3ac000
3f2dc000
3fa1c800
3f904800
3f837000
3f6fe000
3f5c9000
3f4b9000
3f3f1000
3f321000
3fa62800
3f94a800
3f865000
3f75a000
3f601000
3f4fd000
3f3fe000
3f355000
3f292000
3f99f000
3f898800
3f7cd000
3f674000
3f555000
3f456000
3f39a000
3f2d7000
3f9e5000
3f8de800
3f814800
3f6d0000
3f599000
3f49a000
3f3ce000
3f30b000
3fa39800
3f933000
3f84e000
3f743000
3f5f1000
3f4f2000
3f413000
3f350000
3fa7f800
3f979000
3f87c000
3f79f000
3f62f000
3f536000
3f426000
3f384000
3f2b4000
3f9cd800
3f8b5800
3f809000
3f6a2000
3f58e000
3f47e000
3f3c9000
3f2f9000
3fa13800
3f8fb800
3f837000
3f6fe000
3f5d2000
3f4c2000
3f3fd000
3f32d000
3fa68000
3f950000
3f870800
3f771000
3f62a000
3f51a000
3f442000
3f372000
3faae000
3f996000
3f88f800
3f7cd000
3f674000
3f55e000
3f45f000
3f3a6000
3f2e3000
3f9ea800
3f8e4000
3f820000
3f6e7000
3f5b6000
3f4b7000
3f3eb000
3f328000
3fa30800
3f92a000
3f84e000
3f743000
3f5fa000
3f4fb000
3f41f000
3f35c000
3fa85000
3f97e800
3f887800
3f7b6000
3f652000
3f553000
3f464000
3f3a1000
3facb000
3f9c4800
3f8ac800
3f809000
3f6a2000
3f597000
3f487000
3f3d5000
3f305000
3fa19000
3f901000
3f842800
3f715000
3f5ef000
3f4df000
3f41a000
3f34a000
3fa5f000
3f947000
3f870800
3f771000
3f633000
3f523000
3f44e000
3f37e000
3fab3800
3f99b800
3f8aa000
3f7e4000
3f68b000
3f57b000
3f493000
3f3c3000
3f300000
3f9e1800
3f8db000
3f820000
3f6e7000
3f5bf000
3f4c0000
3f3f7000
3f334000
3fa36000
3f92f800
3f859800
3f75a000
3f617000
3f518000
3f43c000
3f379000
3fa7c000
3f975800
3f887800
3f7b6000
3f65b000
3f55c000
3f470000
3f3ad000
3fad0800
3f9ca000
3f8c1000
3f814800
3f6b3000
3f5b4000
3f4b5000
3f3f2000
3f322000
3fa10000
3f8f8000
3f842800
3f715000
3f5f8000
3f4e8000
3f426000
3f356000
3fa64800
3f94c800
3f87c000
3f788000
3f650000
3f540000
3f46b000
3f39b000
3faaa800
3f992800
3f8aa000
3f7e4000
3f694000
3f584000
3f49f000
3f3cf000
3faff000
3f9e7000
3f8e3800
3f82b800
3f6ec000
3f5dc000
3f4dd000
3f414000
3f351000
3fa2d000
3f926800
3f859800
3f75a000
3f620000
3f521000
3f448000
3f385000
3fa81800
3f97b000
3f893000
3f7cd000
3f678000
3f579000
3f48d000
3f3ca000
3fac7800
3f9c1000
3f8c1000
3f814800
3f6bc000
3f5bd000
3f4c1000
3f3fe000
3fb1c000
3fa15800
3f8fa800
3f84e000
3f714000
3f615000
3f505000
3f443000
3f373000
3fa5b800
3f943800
3f87c000
3f788000
3f659000
3f549000
3f477000
3f3a7000
3fab0000
3f998000
3f8b5800
3f7fb000
3f6b1000
3f5a1000
3f4bc000
3f3ec000
3faf6000
3f9de000
3f8e3800
3f82b800
3f6f5000
3f5e5000
3f4f0000
3f420000
3fb4a800
3fa32800
3f91d000
3f865000
3f771000
3f63d000
3f53e000
3f465000
3f3a2000
3fa78800
3f972000
3f893000
3f7cd000
3f681000
3f582000
3f499000
3f3d6000
3facd000
3f9c6800
3f8cc800
3f820000
3f6d9000
3f5da000
3f4de000
3f41b000
3fb13000
3fa0c800
3f8fa800
3f84e000
3f71d000
3f61e000
3f512000
3f44f000
3fb67800
3fa61000
3f934000
3f887800
3f79f000
3f676000
3f566000
3f494000
3f3c4000
3faa7000
3f98f000
3f8b5800
3f7fb000
3f6ba000
3f5aa000
3f4c8000
3f3f8000
3fafb800
3f9e3800
3f8ef000
3f837000
3f712000
3f602000
3f50d000
3f43d000
3fb41800
3fa29800
3f91d000
3f865000
3f756000
3f646000
3f541000
3f471000
3fb96000
3fa7e000
3f977800
3f89e800
3f7e4000
3f69e000
3f59f000
3f4b6000
3f3f3000
3fac4000
3f9bd800
3f8cc800
3f820000
3f6e2000
3f5e3000
3f4ea000
3f427000
3fb18800
3fa12000
3f906000
3f859800
3f73a000
3f63b000
3f52f000
3f46c000
3fb5e800
3fa58000
3f934000
3f887800
3f77e000
3f67f000
3f563000
3f4a0000
3fbb3000
3faac800
3f994800
3f8c1000
3f809000
3f6d7000
3f5c7000
3f4e5000
3f415000
3faf2800
3f9da800
3f8ef000
3f837000
3f71b000
3f60b000
3f519000
3f449000
3fb47000
3fa2f000
3f928800
3f870800
3f773000
3f663000
3f55e000
3f48e000
3fb8d000
3fa75000
3f956800
3f89e800
3f7b7000
3f6a7000
3f592000
3f4c2000
3f3ff000
3fac5800
3f992000
3f8e3000
3f811000
3f6fe000
3f5d2000
3f513000
3f432000
3fb17800
3f9e4000
3f91b000
3f849000
3f74e000
3f622000
3f54f000
3f46e000
3fb78000
3fa44800
3f95e800
3f88c800
3f7b2000
3f686000
3f59c000
3f4bb000
3fbca000
3fa96800
3f996800
3f8c4800
3f801000
3f6d6000
3f5d8000
3f4f7000
3f407000
3faf7000
3f9af000
3f908000
3f828000
3f73a000
3f5fa000
3f544000
3f454000
3fb49000
3fa01000
3f940000
3f860000
3f78a000
3f64a000
3f580000
3f490000
3fba9800
3fa61800
3f983800
3f8a3800
3f7ee000
3f6ae000
3f5cd000
3f4dd000
3fbfb800
3fab3800
3f9bb800
3f8db800
3f81f000
3f6fe000
3f5d2000
3f519000
3f438000
3fb14000
3f9e0800
3f91f000
3f84d000
3f762000
3f636000
3f566000
3f485000
3fb66000
3fa32800
3f957000
3f885000
3f7b2000
3f686000
3f5a2000
3f4c1000
3fbc6800
3fa93000
3f99a800
3f8c8800
3f80b000
3f6ea000
3f5ef000
3f50e000
3fc18800
3fae5000
3f9d2800
3f900800
3f833000
3f73a000
3f5fa000
3f54a000
3f45a000
3fb45800
3f9fd800
3f944000
3f864000
3f79e000
3f65e000
3f597000
3f4a7000
3fb97800
3fa4f800
3f97c000
3f89c000
3f7ee000
3f6ae000
3f5d3000
3f4e3000
3fbf8000
3fab0000
3f9bf800
3f8df800
3f829000
3f712000
3f620000
3f530000
3fc4a000
3fb02000
3f9f7800
3f917800
3f845800
3f762000
3f636000
3f56c000
3f48b000
3fb62800
3fa2f000
3f95b000
3f889000
3f7c6000
3f69a000
3f5b9000
3f4d8000
3fbb4800
3fa81000
3f993000
3f8c1000
3f80b000
3f6ea000
3f5f5000
3f514000
3fc15000
3fae1800
3f9d6800
3f904800
3f83d000
3f74e000
3f642000
3f561000
3fc67000
3fb33800
3fa0e800
3f93c800
3f85c800
3f79e000
3f65e000
3f59d000
3f4ad000
3fb94000
3fa4c000
3f980000
3f8a0000
3f801000
3f6c2000
3f5ea000
3f4fa000
3fbe6000
3fa9e000
3f9b8000
3f8d8000
3f829000
3f712000
3f626000
3f536000
3fc46800
3fafe800
3f9fb800
3f91b800
3f85b000
3f776000
3f673000
3f583000
3fc98800
3fb50800
3fa1d000
3f953800
3f881800
3f7c6000
3f69a000
3f5bf000
3f4de000
3fbb1000
3fa7d800
3f997000
3f8c5000
3f815000
3f6fe000
3f60c000
3f52b000
3fc03000
3facf800
3f9cf000
3f8fd000
3f83d000
3f74e000
3f648000
3f567000
3fc63800
3fb30000
3fa12800
3f940800
3f86f000
3f7b2000
3f695000
3f5b4000
3fcb5800
3fb82000
3fa3a000
3f978800
3f898800
3f801000
3f6c2000
3f5f0000
3f500000
3fbe2800
3fa9a800
3f9bc000
3f8dc000
3f833000
3f726000
3f63d000
3f54d000
3fc34800
3faec800
3f9f4000
3f914000
3f85b000
3f776000
3f679000
3f589000
3fc95000
3fb4d000
3fa37800
3f957800
3f88d000
3f7da000
3f6c6000
3f5d6000
3f4f5000
3fb9f000
3fa6b800
3f98f800
3f8bd800
3f815000
3f6fe000
3f612000
3f531000
3fbff800
3facc000
3f9d3000
3f901000
3f847000
3f762000
3f65f000
3f57e000
3fc51800
3fb1e000
3fa0b000
3f939000
3f86f000
3f7b2000
3f69b000
3f5ba000
3fcb2000
3fb7e800
3fa4e800
3f97c800
3f8a1000
3f80b000
3f6e8000
3f607000
3f517000
3fbd0800
3fa88800
3f9b4800
3f8d4800
3f833000
3f726000
3f643000
3f553000
3fc31000
3fae9000
3f9f8000
3f918000
3f865000
3f78a000
3f690000
3f5a0000
3fc83000
3fb3b000
3fa30000
3f950000
3f88d000
3f7da000
3f6cc000
3f5dc000
3fce3800
3fb9b800
3fa73800
3f993800
3f8bf000
3f81f000
3f712000
3f629000
3f548000
3fbed800
3faba000
3f9cb800
3f8f9800
3f847000
3f762000
3f665000
3f584000
3fc4e000
3fb1a800
3fa0f000
3f93d000
3f879000
3f7c6000
3f6b2000
3f5d1000
3fca0000
3fb6c800
3fa47000
3f975000
3f8a1000
3f80b000
3f6ee000
3f60d000
3fd00800
3fbcd000
3fa8a800
3f9b8800
3f8d3000
3f83d000
3f73a000
3f65a000
3f56a000
3fc1f000
3fad7000
3f9f0800
3f910800
3f865000
3f78a000
3f696000
3f5a6000
3fc7f800
3fb37800
3fa34000
3f954000
3f897000
3f7ee000
3f6e3000
3f5f3000
3fcd1800
3fb89800
3fa6c000
3f98c000
3f8bf000
3f81f000
3f71f000
3f62f000
3fd32000
3fbea000
3faaf800
3f9cf800
3f8fd800
3f851000
3f776000
3f67c000
3f59b000
3fc3c000
3fb08800
3fa07800
3f935800
3f879000
3f7c6000
3f6b8000
3f5d7000
3fc9c800
3fb69000
3fa4b000
3f979000
3f8ab000
3f815000
3f705000
3f624000
3fcee800
3fbbb000
3fa83000
3f9b1000
3f8d3000
3f83d000
3f741000
3f660000
3fd4f000
3fc1b800
3fac6800
3f9f4800
3f914800
3f86f000
3f79e000
3f6ad000
3f5bd000
3fc6d800
3fb25800
3fa2c800
3f94c800
3f897000
3f7ee000
3f6e9000
3f5f9000
3fcce000
3fb86000
3fa70000
3f990000
3f8c9000
3f829000
3f736000
3f646000
3fd20000
3fbd8000
3faa8000
3f9c8000
3f8f1000
3f851000
3f772000
3f682000
3fd80800
3fc38800
3fb05000
3fa0b800
3f939800
3f883000
3f7da000
3f6cf000
3f5ee000
3fc8a800
3fb57000
3fa43800
3f971800
3f8ab000
3f815000
3f70b000
3f62a000
3fceb000
3fbb7800
3fa87000
3f9b5000
3f8dd000
3f847000
3f758000
3f677000
3fd3d000
3fc09800
3fabf000
3f9ed000
3f905000
3f86f000
3f794000
3f6b3000
3fd9d800
3fc6a000
3fb22000
3fa30800
3f950800
3f8a1000
3f801000
3f700000
3f610000
3fcbc000
3fb74000
3fa68800
3f988800
3f8c9000
3f829000
3f73c000
3f64c000
3fd1c800
3fbd4800
3faac000
3f9cc000
3f8fb000
3f85b000
3f789000
3f699000
3fd6e800
3fc26800
3fae4000
3fa04000
3f923000
3f883000
3f7c5000
3f6d5000
3f5f4000
3fc87000
3fb53800
3fa47800
3f975800
3f8b5000
3f81f000
3f722000
3f641000
3fcd9000
3fba5800
3fa7f800
3f9ad800
3f8dd000
3f847000
3f75e000
3f67d000
3fd51800
3fbe9800
3fadd000
3f9ed000
3f91b000
3f86e800
3f7c6000
3f6c7000
3fdb1800
3fc49800
3fb1d000
3fa2d000
3f949000
3f89c800
3f805000
3f70b000
3f5fb000
3fcb8000
3fb38000
3fa78800
3f978800
3f8d4800
3f81c800
3f760000
3f650000
3fd18000
3fb98000
3fab8800
3f9b8800
3f902800
3f84a800
3f7a4000
3f694000
3fd86800
3fc06800
3fb04000
3fa04000
3f93a800
3f882800
3f7f9000
3f6e9000
3fde6800
3fc66800
3fb44000
3fa44000
3f968800
3f8b0800
3f804000
3f72d000
3f62e000
3fcd5000
3fb6d000
3fa8f800
3f99f800
3f8e8800
3f83c000
3f782000
3f683000
3fd35000
3fbcd000
3facf800
3f9df800
3f916800
3f86a000
3f7c6000
3f6c7000
3fda3800
3fc3b800
3fb1b000
3fa2b000
3f94e800
3f8a2000
3f80d800
3f71c000
3fe03800
3fc9b800
3fb5b000
3fa6b000
3f97c800
3f8d0000
3f818000
3f760000
3f650000
3fd0a000
3fb8a000
3fab6800
3f9b6800
3f908000
3f850000
3f7b5000
3f6a5000
3fd6a000
3fbea000
3faf6800
3f9f6800
3f936000
3f87e000
3f7f9000
3f6e9000
3fdd8800
3fc58800
3fb42000
3fa42000
3f96e000
3f8b6000
3f827000
3f73e000
3fe38800
3fcb8800
3fb82000
3fa82000
3f992000
3f8e4000
3f837800
3f782000
3f683000
3fd27000
3fbbf000
3facd800
3f9dd800
3f91c000
3f86f800
3f7d7000
3f6d8000
3fd87000
3fc1f000
3fb0d800
3fa1d800
3f94a000
3f89d800
3f80d800
3f71c000
3fdf5800
3fc8d800
3fb59000
3fa69000
3f982000
3f8d5800
3f838000
3f771000
3fe55800
3fced800
3fb99000
3faa9000
3f9a9000
3f903800
3f84b800
3f7b5000
3f6a5000
3fd5c000
3fbdc000
3faf4800
3f9f4800
3f93b800
3f883800
3f805000
3f6fa000
3fdbc000
3fc3c000
3fb34800
3fa34800
3f969800
3f8b1800
3f827000
3f73e000
3fe2a800
3fcaa800
3fb80000
3fa80000
3f9a1800
3f8e9800
3f851800
3f793000
3fe8a800
3fd0a800
3fba2800
3fac0000
3f9d0000
3f917800
3f86b000
3f7d7000
3f6d8000
3fd79000
3fc11000
3fb0b800
3fa1b800
3f94f800
3f8a3000
3f816000
3f72d000
3fdd9000
3fc71000
3fb4b800
3fa5b800
3f97d800
3f8d1000
3f838000
3f771000
3fe47800
3fcdf800
3fb97000
3faa7000
3f9b5800
3f909000
3f862800
3f7c6000
3fea7800
3fd3f800
3fbbf800
3fae7000
3f9e7000
3f937000
3f87f000
3f805000
3f6fa000
3fdae000
3fc2e000
3fb32800
3fa32800
3f96f000
3f8b7000
3f82f800
3f74f000
3fe0e000
3fc8e000
3fb72800
3fa72800
3f99d000
3f8e5000
3f851800
3f793000
3fe7c800
3fcfc800
3fbbe000
3fabe000
3f9d5000
3f91d000
3f87c000
3f7e8000
3f6e9000
3fd5c800
3fbf4800
3fafe000
3fa0e000
3f94b000
3f89e800
3f816000
3f72d000
3fdcb000
3fc63000
3fb49800
3fa59800
3f983000
3f8d6800
3f840800
3f782000
3fe2b000
3fcc3000
3fb89800
3fa99800
3f9b1000
3f904800
3f862800
3f7c6000
3fe99800
3fd31800
3fbd5000
3fae5000
3f9e9000
3f93c800
3f88d000
3f80d800
3f70b000
3fd91800
3fc11800
3fb25000
3fa25000
3f96a800
3f8b2800
3f82f800
3f74f000
3fe00000
3fc80000
3fb70800
3fa70800
3f9a2800
3f8ea800
3f85a000
3f7a4000
3fe60000
3fce0000
3fbb0800
3fab0800
3f9d0800
3f918800
3f87c000
3f7e8000
3fece800
3fd4e800
3fbfc000
3fafc000
3fa08800
3f950800
3f8a4000
3f81e800
3f73e000
3fdae800
3fc46800
3fb3c000
3fa4c000
3f97e800
3f8d2000
3f840800
3f782000
3fe1d000
3fcb5000
3fb87800
3fa97800
3f9b6800
3f90a000
3f86b000
3f7d7000
3fe7d000
3fd15000
3fbc7800
3fad7800
3f9e4800
3f938000
3f88d000
3f80d800
3feeb800
3fd83800
3fc13000
3fb23000
3fa1c800
3f970000
3f8b8000
3f838000
3f760000
3fde3800
3fc63800
3fb63000
3fa63000
3f99e000
3f8e6000
3f85a000
3f7a4000
3fe52000
3fcd2000
3fbae800
3faae800
3f9d6000
3f91e000
3f884800
3f7f9000
3feb2000
3fd32000
3fbee800
3faee800
3fa04000
3f94c000
3f8a6800
3f81e800
3ff20800
3fda0800
3fc3a000
3fb3a000
3fa4a000
3f984000
3f8d7800
3f849000
3f793000
3fe00800
3fc98800
3fb7a000
3fa8a000
3f9b2000
3f905800
3f86b000
3f7d7000
3fe6f000
3fd07000
3fbc5800
3fad5800
3f9ea000
3f93d800
3f895800
3f816000
3fecf000
3fd67000
3fc05800
3fb15800
3fa18000
3f96b800
3f8b7800
3f838000
3ff3d800
3fdd5800
3fc51000
3fb61000
3fa61000
3f9a3800
3f8eb800
3f862800
3f7b5000
3fe35800
3fcb5800
3fba1000
3faa1000
3f9d1800
3f919800
3f884800
3f7f9000
3fea4000
3fd24000
3fbec800
3faec800
3fa09800
3f951800
3f8af000
3f827000
3ff04000
3fd84000
3fc2c800
3fb2c800
3fa37800
3f97f800
3f8d1000
3f849000
3ff72800
3fdf2800
3fc8a800
3fb78000
3fa88000
3f9b7800
3f90b000
3f873800
3f7e8000
3fe52800
3fcea800
3fbb8000
3fac8000
3f9e5800
3f939000
3f895800
3f816000
3fec1000
3fd59000
3fc03800
3fb13800
3fa1d800
3f971000
3f8c0000
3f840800
3ff21000
3fdb9000
3fc43800
3fb53800
3fa4b800
3f99f000
3f8e2000
3f862800
3ff8f800
3fe27800
3fca7800
3fb9f000
3fa9f000
3f9d7000
3f91f000
3f88d000
3f805000
3fe87800
3fd07800
3fbdf000
3fadf000
3fa05000
3f94d000
3f8af000
3f827000
3fef6000
3fd76000
3fc2a800
3fb2a800
3fa3d000
3f985000
3f8d9800
3f851800
3ff56000
3fdd6000
3fc6a800
3fb6a800
3fa6b000
3f9b3000
3f8fb800
3f873800
3f7e8000
3fe44800
3fcdc800
3fbb6000
3fac6000
3f9eb000
3f93e800
3f89e000
3f81e800
3fea4800
3fd3c800
3fbf6000
3fb06000
3fa19000
3f96c800
3f8c0000
3f840800
3ff13000
3fdab000
3fc41800
3fb51800
3fa51000
3f9a4800
3f8ea800
3f86b000
3ff73000
3fe0b000
3fc81800
3fb91800
3fa7f000
3f9d2800
3f90c800
3f88d000
3f805000
3f679000
3f4a9000
3f3ef000
3f2bf000
3f20d000
3f12d000
3f0c2000
3f022000
3f6ed000
3f51d000
3f43b000
3f30b000
3f245000
3f165000
3f0ea000
3f04a000
3f77e000
3f5ae000
3f49e000
3f36e000
3f291000
3f1b1000
3f123000
3f083000
3f7f2000
3f622000
3f4ea000
3f3ba000
3f2c9000
3f1e9000
3f117000
3f0ab000
3f015000
3f6b3000
3f500000
3f41d000
3f300000
3f235000
3f163000
3f0e4000
3f04e000
3f727000
3f574000
3f469000
3f34c000
3f26d000
3f19b000
3f10c000
3f076000
3f7b8000
3f605000
3f4cc000
3f3af000
3f2b9000
3f1e7000
3f145000
3f0af000
3f816000
3f679000
3f518000
3f3fb000
3f2f1000
3f21f000
3f13f000
3f0d7000
3f037000
3f70a000
3f53a000
3f45e000
3f32e000
3f26b000
3f18b000
3f110000
3f070000
3f77e000
3f5ae000
3f4aa000
3f37a000
3f2a3000
3f1c3000
3f138000
3f098000
3f807800
3f63f000
3f50d000
3f3dd000
3f2ef000
3f20f000
3f171000
3f0d1000
3f841800
3f6b3000
3f559000
3f429000
3f30c000
3f247000
3f175000
3f0f9000
3f063000
3f744000
3f591000
3f48c000
3f36f000
3f293000
3f1c1000
3f132000
3f09c000
3f7b8000
3f605000
3f4d8000
3f3bb000
3f2cb000
3f1f9000
3f15a000
3f0c4000
3f824800
3f696000
3f53b000
3f41e000
3f317000
3f245000
3f193000
3f0fd000
3f85e800
3f70a000
3f587000
3f46a000
3f33a000
3f27d000
3f19d000
3f125000
3f085000
3f79b000
3f5cb000
3f4cd000
3f39d000
3f2c9000
3f1e9000
3f15e000
3f0be000
3f807800
3f63f000
3f519000
3f3e9000
3f301000
3f221000
3f186000
3f0e6000
3f850000
3f6d0000
3f57c000
3f44c000
3f34d000
3f26d000
3f1bf000
3f11f000
3f88a000
3f744000
3f591000
3f498000
3f37b000
3f2a5000
3f1d3000
3f147000
3f0b1000
3f7d5000
3f622000
3f4fb000
3f3de000
3f2f1000
3f21f000
3f180000
3f0ea000
3f824800
3f696000
3f547000
3f42a000
3f329000
3f257000
3f1a8000
3f112000
3f86d000
3f727000
3f5aa000
3f48d000
3f375000
3f2a3000
3f1e1000
3f14b000
3f8a7000
3f79b000
3f5cb000
3f4d9000
3f3a9000
3f2db000
3f1fb000
3f173000
3f0d3000
3f816000
3f65c000
3f53c000
3f40c000
3f327000
3f247000
3f1ac000
3f10c000
3f850000
3f6d0000
3f588000
3f458000
3f35f000
3f27f000
3f1d4000
3f134000
3f898800
3f761000
3f5eb000
3f4bb000
3f3ab000
3f2cb000
3f20d000
3f16d000
3f0d7000
3f7d5000
3f622000
3f507000
3f3ea000
3f303000
3f231000
3f195000
3f0ff000
3f833000
3f6b3000
3f56a000
3f44d000
3f34f000
3f27d000
3f1ce000
3f138000
3f86d000
3f727000
3f5b6000
3f499000
3f387000
3f2b5000
3f1f6000
3f160000
3f8b5800
3f7b8000
3f619000
3f4fc000
3f3d3000
3f301000
3f22f000
3f199000
3f0f9000
3f816000
3f65c000
3f548000
3f418000
3f339000
3f259000
3f1c1000
3f121000
3f85e800
3f6ed000
3f5ab000
3f47b000
3f385000
3f2a5000
3f1fa000
3f15a000
3f898800
3f761000
3f5f7000
3f4c7000
3f3bd000
3f2dd000
3f222000
3f182000
3f8e1000
3f7f2000
3f65a000
3f52a000
3f409000
3f329000
3f257000
3f1bb000
3f125000
3f833000
3f6b3000
3f576000
3f459000
3f361000
3f28f000
3f1e3000
3f14d000
3f87b800
3f744000
3f5d9000
3f4bc000
3f3ad000
3f2db000
3f21c000
3f186000
3f8b5800
3f7b8000
3f625000
3f508000
3f3e5000
3f313000
3f244000
3f1ae000
3f8fe000
3f824800
3f688000
3f56b000
3f431000
3f35f000
3f27f000
3f1e7000
3f147000
3f85e800
3f6ed000
3f5b7000
3f487000
3f397000
3f2b7000
3f20f000
3f16f000
3f8a7000
3f77e000
3f61a000
3f4ea000
3f3e3000
3f303000
3f248000
3f1a8000
3f8e1000
3f7f2000
3f666000
3f536000
3f41b000
3f33b000
3f270000
3f1d0000
3f929800
3f841800
3f6c9000
3f599000
3f47c000
3f387000
3f2b5000
3f209000
3f173000
3f87b800
3f744000
3f5e5000
3f4c8000
3f3bf000
3f2ed000
3f231000
3f19b000
3f8c4000
3f7d5000
3f648000
3f52b000
3f40b000
3f339000
3f26a000
3f1d4000
3f8fe000
3f824800
3f694000
3f577000
3f443000
3f371000
3f292000
3f1fc000
3f946800
3f86d000
3f6f7000
3f5da000
3f4aa000
3f3bd000
3f2dd000
3f235000
3f195000
3f8a7000
3f77e000
3f626000
3f4f6000
3f3f5000
3f315000
3f25d000
3f1bd000
3f8ef800
3f807800
3f689000
3f559000
3f441000
3f361000
3f296000
3f1f6000
3f929800
3f841800
3f6d5000
3f5a5000
3f479000
3f399000
3f2be000
3f21e000
3f972000
3f88a000
3f761000
3f608000
3f4eb000
3f3e5000
3f313000
3f257000
3f1c1000
3f8c4000
3f7d5000
3f654000
3f537000
3f41d000
3f34b000
3f27f000
3f1e9000
3f90c800
3f833000
3f6b7000
3f59a000
3f469000
3f397000
3f2b8000
3f222000
3f946800
3f86d000
3f703000
3f5e6000
3f4a1000
3f3cf000
3f2e0000
3f24a000
3f98f000
3f8b5800
3f79b000
3f649000
3f519000
3f41b000
3f33b000
3f283000
3f1e3000
3f8ef800
3f807800
3f695000
3f565000
3f453000
3f373000
3f2ab000
3f20b000
3f938000
3f850000
3f6f8000
3f5c8000
3f49f000
3f3bf000
3f2e4000
3f244000
3f972000
3f88a000
3f744000
3f614000
3f4d7000
3f3f7000
3f30c000
3f26c000
3f1d6000
3f8d2800
3f7f2000
3f677000
3f55a000
3f443000
3f371000
3f2a5000
3f20f000
3f90c800
3f833000
3f6c3000
3f5a6000
3f47b000
3f3a9000
3f2cd000
3f237000
3f955000
3f87b800
3f726000
3f609000
3f4c7000
3f3f5000
3f306000
3f270000
3f98f000
3f8b5800
3f772000
3f655000
3f4ff000
3f42d000
3f32e000
3f298000
3f1f8000
3f8fe000
3f816000
3f6b8000
3f588000
3f479000
3f399000
3f2d1000
3f231000
3f938000
3f850000
3f704000
3f5d4000
3f4b1000
3f3d1000
3f2f9000
3f259000
3f997000
3f87f000
3f79f000
3f62f000
3f518000
3f408000
3f35c000
3f28c000
3f9dd000
3f8c5000
3f7fb000
3f68b000
3f55c000
3f44c000
3f34d000
3f2c0000
3f1fd000
3f919800
3f813000
3f6fe000
3f5a5000
3f4a4000
3f3a5000
3f305000
3f242000
3f95f800
3f859000
3f75a000
3f601000
3f4e8000
3f3e9000
3f339000
3f276000
3f9b4000
3f8ad800
3f7cd000
3f674000
3f540000
3f441000
3f37e000
3f2bb000
3f9fa000
3f8f3800
3f814800
3f6d0000
3f584000
3f485000
3f375000
3f2ef000
3f21f000
3f948000
3f830000
3f743000
3f5d3000
3f4dd000
3f3cd000
3f334000
3f264000
3f98e000
3f876000
3f79f000
3f62f000
3f521000
3f411000
3f368000
3f298000
3f9e2800
3f8ca800
3f809000
3f6a2000
3f579000
3f469000
3f3ad000
3f2dd000
3fa28800
3f910800
3f837000
3f6fe000
3f5a5000
3f4ad000
3f3ae000
3f311000
3f24e000
3f965000
3f85e800
3f771000
3f618000
3f505000
3f406000
3f356000
3f293000
3f9ab000
3f8a4800
3f7cd000
3f674000
3f549000
3f44a000
3f38a000
3f2c7000
3f9ff800
3f8f9000
3f820000
3f6e7000
3f5a1000
3f4a2000
3f3cf000
3f30c000
3fa45800
3f93f000
3f84e000
3f743000
3f5d3000
3f4e6000
3f3d6000
3f340000
3f270000
3f993800
3f87b800
3f7b6000
3f646000
3f53e000
3f42e000
3f385000
3f2b5000
3f9d9800
3f8c1800
3f809000
3f6a2000
3f582000
3f472000
3f3b9000
3f2e9000
3fa2e000
3f916000
3f842800
3f715000
3f5da000
3f4ca000
3f3fe000
3f32e000
3fa74000
3f95c000
3f855800
3f771000
3f618000
3f50e000
3f40f000
3f362000
3f29f000
3f9b0800
3f8aa000
3f7e4000
3f68b000
3f566000
3f467000
3f3a7000
3f2e4000
3f9f6800
3f8f0000
3f820000
3f6e7000
3f5aa000
3f4ab000
3f3db000
3f318000
3fa4b000
3f944800
3f859800
3f75a000
3f602000
3f503000
3f420000
3f35d000
3fa91000
3f98a800
3f872800
3f7b6000
3f646000
3f547000
3f437000
3f391000
3f2c1000
3f9df000
3f8c7000
3f814800
3f6b9000
3f59f000
3f48f000
3f3d6000
3f306000
3fa25000
3f90d000
3f842800
3f715000
3f5e3000
3f4d3000
3f40a000
3f33a000
3fa79800
3f961800
3f87c000
3f788000
3f63b000
3f52b000
3f44f000
3f37f000
3f2bc000
3f9a7800
3f8a1000
3f7e4000
3f68b000
3f56f000
3f470000
3f3b3000
3f2f0000
3f9fc000
3f8f5800
3f82b800
3f6fe000
3f5c7000
3f4c8000
3f3f8000
3f335000
3fa42000
3f93b800
3f859800
3f75a000
3f60b000
3f50c000
3f42c000
3f369000
3fa96800
3f990000
3f893000
3f7cd000
3f663000
3f564000
3f471000
3f3ae000
3f2de000
3f9d6000
3f8be000
3f814800
3f6b9000
3f5a8000
3f498000
3f3e2000
3f312000
3fa2a800
3f912800
3f84e000
3f72c000
3f600000
3f4f0000
3f427000
3f357000
3fa70800
3f958800
3f87c000
3f788000
3f644000
3f534000
3f45b000
3f38b000
3fac5000
3f9ad000
3f8b5800
3f7fb000
3f69c000
3f58c000
3f48d000
3f3d0000
3f30d000
3f9f3000
3f8ec800
3f82b800
3f6fe000
3f5d0000
3f4d1000
3f404000
3f341000
3fa47800
3f941000
3f865000
3f771000
3f628000
3f529000
3f449000
3f386000
3fa8d800
3f987000
3f893000
3f7cd000
3f66c000
3f56d000
3f47d000
3f3ba000
3fae2000
3f9db800
3f8cc800
3f820000
3f6c4000
3f5c5000
3f4b5000
3f3ff000
3f32f000
3fa21800
3f909800
3f84e000
3f72c000
3f609000
3f4f9000
3f433000
3f363000
3fa76000
3f95e000
3f887800
3f79f000
3f661000
3f551000
3f478000
3f3a8000
3fabc000
3f9a4000
3f8b5800
3f7fb000
3f6a5000
3f595000
3f4ac000
3f3dc000
3fb10800
3f9f8800
3f8ef000
3f837000
3f715000
3f5ed000
3f4ee000
3f421000
3f35e000
3fa3e800
3f938000
3f865000
3f771000
3f631000
3f532000
3f455000
3f392000
3fa93000
3f98c800
3f89e800
3f7e4000
3f689000
3f58a000
3f49a000
3f3d7000
3fad9000
3f9d2800
3f8cc800
3f820000
3f6cd000
3f5ce000
3f4ce000
3f40b000
3fb2d800
3fa27000
3f906000
3f859800
3f743000
3f626000
3f516000
3f450000
3f380000
3fa6d000
3f955000
3f887800
3f79f000
3f66a000
3f55a000
3f484000
3f3b4000
3fac1800
3f9a9800
3f8c1000
3f809000
3f6c2000
3f5b2000
3f4c9000
3f3f9000
3fb07800
3f9ef800
3f8ef000
3f837000
3f706000
3f5f6000
3f4fd000
3f42d000
3fb5c000
3fa44000
3f93d800
3f870800
3f788000
3f64e000
3f54f000
3f472000
3f3af000
3fa8a000
3f983800
3f89e800
3f7e4000
3f692000
3f593000
3f4a6000
3f3e3000
3fade800
3f9d8000
3f8d8000
3f82b800
3f6ea000
3f5eb000
3f4eb000
3f428000
3fb24800
3fa1e000
3f906000
3f859800
3f72e000
3f62f000
3f51f000
3f45c000
3fb79000
3fa72800
3f95a800
3f893000
3f7b6000
3f687000
3f577000
3f4a1000
3f3d1000
3fab8800
3f9a0800
3f8c1000
3f809000
3f6cb000
3f5bb000
3f4d5000
3f405000
3fb0d000
3f9f5000
3f8fa800
3f842800
3f723000
3f613000
3f51a000
3f44a000
3fb53000
3fa3b000
3f928800
3f870800
3f767000
3f657000
3f54e000
3f47e000
3f3bb000
3fa8f800
3f989000
3f8aa000
3f7fb000
3f6af000
3f5b0000
3f4c3000
3f400000
3fad5800
3f9cf000
3f8d8000
3f82b800
3f6f3000
3f5f4000
3f4f7000
3f434000
3fb2a000
3fa23800
3f911800
3f865000
3f74b000
3f64c000
3f53c000
3f479000
3fb70000
3fa69800
3f93f800
3f893000
3f78f000
3f690000
3f570000
3f4ad000
3f3dd000
3fabe000
3f9a6000
3f8cc800
3f814800
3f6e8000
3f5d8000
3f4f2000
3f422000
3fb04000
3f9ec000
3f8fa800
3f842800
3f72c000
3f61c000
3f526000
3f456000
3fb58800
3fa40800
3f934000
3f87c000
3f784000
3f674000
3f56b000
3f49b000
3fb9e800
3fa86800
3f962000
3f8aa000
3f7c8000
3f6b8000
3f5b9000
3f4cf000
3f40c000
3fada000
3f9a6800
3f8f1000
3f81f000
3f712000
3f5e6000
3f522000
3f441000
3fb2c000
3f9f8800
3f929000
3f857000
3f762000
3f636000
3f55e000
3f47d000
3fb8c800
3fa59000
3f96c800
3f89a800
3f7c6000
3f69a000
3f5ab000
3f4ca000
3fbde800
3faab000
3f9a4800
3f8d2800
3f80b000
3f6ea000
3f5aa000
3f506000
3f416000
3fb0b800
3f9c3800
3f916000
3f836000
3f74e000
3f60e000
3f553000
3f463000
3fb5d800
3fa15800
3f94e000
3f86e000
3f79e000
3f65e000
3f58f000
3f49f000
3fbbe000
3fa76000
3f991800
3f8b1800
3f801000
3f6c2000
3f5dc000
3f4ec000
3fc10000
3fac8000
3f9c9800
3f8e9800
3f817800
3f712000
3f5e6000
3f528000
3f447000
3fb28800
3f9f5000
3f92d000
3f85b000
3f776000
3f64a000
3f575000
3f494000
3fb7a800
3fa47000
3f965000
3f893000
3f7c6000
3f69a000
3f5b1000
3f4d0000
3fbdb000
3faa7800
3f9a8800
3f8d6800
3f815000
3f6fe000
3f5fe000
3f51d000
3fc2d000
3faf9800
3f9e0800
3f90e800
3f82e800
3f74e000
3f60e000
3f559000
3f469000
3fb5a000
3fa12000
3f952000
3f872000
3f7b2000
3f672000
3f5a6000
3f4b6000
3fbac000
3fa64000
3f98a000
3f8aa000
3f801000
3f6c2000
3f5e2000
3f4f2000
3fc0c800
3fac4800
3f9cd800
3f8ed800
3f833000
3f726000
3f62f000
3f53f000
3fc5e800
3fb16800
3f9e3000
3f925800
3f853800
3f776000
3f64a000
3f57b000
3f49a000
3fb77000
3fa43800
3f969000
3f897000
3f7da000
3f6ae000
3f5c8000
3f4e7000
3fbc9000
3fa95800
3f9a1000
3f8cf000
3f815000
3f6fe000
3f604000
3f523000
3fc29800
3faf6000
3f9e4800
3f912800
3f847000
3f762000
3f651000
3f570000
3fc7b800
3fb48000
3fa00000
3f94a800
3f86a800
3f7b2000
3f672000
3f5ac000
3f4bc000
3fba8800
3fa60800
3f98e000
3f8ae000
3f80b000
3f6d6000
3f5f9000
3f509000
3fbfa800
3fab2800
3f9c6000
3f8e6000
3f833000
3f726000
3f635000
3f545000
3fc5b000
3fb13000
3fa09800
3f929800
3f865000
3f78a000
3f682000
3f592000
3f4b1000
3fb65000
3fa31800
3f961800
3f88f800
3f7da000
3f6ae000
3f5ce000
3f4ed000
3fbc5800
3fa92000
3f9a5000
3f8d3000
3f81f000
3f712000
3f61b000
3f53a000
3fc17800
3fae4000
3f9dd000
3f90b000
3f847000
3f762000
3f657000
3f576000
3fc78000
3fb44800
3fa20800
3f94e800
3f879000
3f7c6000
3f6a4000
3f5c3000
3f4d3000
3fb96800
3fa4e800
3f986800
3f8a6800
3f80b000
3f6d6000
3f5ff000
3f50f000
3fbf7000
3faaf000
3f9ca000
3f8ea000
3f83d000
3f73a000
3f64c000
3f55c000
3fc49000
3fb01000
3fa02000
3f922000
3f865000
3f78a000
3f688000
3f598000
3fca9800
3fb61800
3fa45800
3f965800
3f897000
3f7ee000
3f6c2000
3f5e5000
3f504000
3fbb3800
3fa80000
3f99d800
3f8cb800
3f81f000
3f712000
3f621000
3f540000
3fc14000
3fae0800
3f9e1000
3f90f000
3f851000
3f776000
3f66e000
3f58d000
3fc66000
3fb32800
3fa19000
3f947000
3f879000
3f7c6000
3f6aa000
3f5c9000
3fcc6800
3fb93000
3fa5c800
3f98a800
3f8ab000
3f815000
3f6ea000
3f616000
3f526000
3fbe5000
3fa9d000
3f9c2800
3f8e2800
3f83d000
3f73a000
3f652000
3f562000
3fc45800
3fafd800
3fa06000
3f926000
3f86f000
3f79e000
3f69f000
3f5af000
3fc97800
3fb4f800
3fa3e000
3f95e000
3f897000
3f7ee000
3f6db000
3f5eb000
3fcf8000
3fbb0000
3fa81800
3f9a1800
3f8cf800
3f829000
3f726000
3f638000
3f557000
3fc02000
3face800
3f9d9800
3f907800
3f851000
3f776000
3f674000
3f593000
3fc62800
3fb2f000
3fa1d000
3f94b000
3f883000
3f7da000
3f6c1000
3f5e0000
3fcb4800
3fb81000
3fa55000
3f983000
3f8ab000
3f815000
3f6fd000
3f61c000
3fd15000
3fbe1800
3fa98800
3f9c6800
3f8e6800
3f847000
3f74e000
3f669000
3f579000
3fc33800
3faeb800
3f9fe800
3f91e800
3f86f000
3f79e000
3f6a5000
3f5b5000
3fc94000
3fb4c000
3fa42000
3f962000
3f8a1000
3f801000
3f6f2000
3f602000
3fce6000
3fb9e000
3fa7a000
3f99a000
3f8c9000
3f829000
3f72e000
3f63e000
3fd46800
3fbfe800
3facb000
3f9dd800
3f90b800
3f85b000
3f78a000
3f68b000
3f5aa000
3fc50800
3fb1d000
3fa15800
3f943800
3f883000
3f7da000
3f6c7000
3f5e6000
3fcb1000
3fb7d800
3fa59000
3f987000
3f8b5000
3f81f000
3f714000
3f633000
3fd03000
3fbcf800
3fa91000
3f9bf000
3f8dd000
3f847000
3f750000
3f66f000
3fd63800
3fc30000
3fae8000
3fa02800
3f922800
3f879000
3f7b2000
3f6bc000
3f5cc000
3fc82000
3fb3a000
3fa3a800
3f95a800
3f8a1000
3f801000
3f6f8000
3f608000
3fce2800
3fb9a800
3fa7e000
3f99e000
3f8d3000
3f833000
3f745000
3f655000
3fd34800
3fbec800
3fab6000
3f9d6000
3f8fb000
3f85b000
3f781000
3f691000
3f5b0000
3fc4d000
3fb19800
3fa19800
3f947800
3f88d000
3f7ee000
3f6de000
3f5fd000
3fc9f000
3fb6b800
3fa51800
3f97f800
3f8b5000
3f81f000
3f71a000
3f639000
3fcff800
3fbcc000
3fa95000
3f9c3000
3f8e7000
3f851000
3f767000
3f686000
3fd51800
3fc1e000
3facd000
3f9fb000
3f90f000
3f879000
3f7a3000
3f6c2000
3f5d2000
3fc7e800
3fb36800
3fa3e800
3f95e800
3f8ab000
3f80b000
3f70f000
3f61f000
3fcd0800
3fb88800
3fa76800
3f996800
3f8d3000
3f833000
3f74b000
3f65b000
3fd31000
3fbe9000
3faba000
3f9da000
3f905000
3f865000
3f798000
3f6a8000
3fd83000
3fc3b000
3faf2000
3fa12000
3f92d000
3f88d000
3f7ee000
3f6e4000
3f603000
3fc9b800
3fb68000
3fa55800
3f983800
3f8bf000
3f829000
3f731000
3f650000
3fced800
3fbba000
3fa8d800
3f9bb800
3f8e7000
3f851000
3f76d000
3f68c000
3fd69800
3fc01800
3faed000
3f9fd000
3f926800
3f87a000
3f7d7000
3f6d8000
3fdc9800
3fc61800
3fb2d000
3fa3d000
3f954800
3f8a8000
3f7e0000
3f71c000
3f60c000
3fcd0000
3fb50000
3fa88800
3f988800
3f8e0000
3f828000
3f771000
3f661000
3fd30000
3fbb0000
3fac8800
3f9c8800
3f90e000
3f856000
3f7b5000
3f6a5000
3fd9e800
3fc1e800
3fb14000
3fa14000
3f946000
3f88e000
3f805000
3f6fa000
3fdfe800
3fc7e800
3fb54000
3fa54000
3f964000
3f8bc000
3f80f800
3f73e000
3f63f000
3fced000
3fb85000
3fa9f800
3f9af800
3f8f4000
3f847800
3f793000
3f694000
3fd4d000
3fbe5000
3fadf800
3f9ef800
3f922000
3f875800
3f7d7000
3f6d8000
3fdbb800
3fc53800
3fb2b000
3fa3b000
3f95a000
3f8ad800
3f816000
3f72d000
3fe1b800
3fcb3800
3fb6b000
3fa7b000
3f97b000
3f8db800
3f823800
3f771000
3f661000
3fd22000
3fba2000
3fac6800
3f9c6800
3f913800
3f85b800
3f7c6000
3f6b6000
3fd82000
3fc02000
3fb06800
3fa06800
3f941800
3f889800
3f805000
3f6fa000
3fdf0800
3fc70800
3fb52000
3fa52000
3f979800
3f8c1800
3f82f800
3f74f000
3fe50800
3fcd0800
3fb68800
3fa92000
3f9a2000
3f8ef800
3f843000
3f793000
3f694000
3fd3f000
3fbd7000
3fadd800
3f9ed800
3f927800
3f87b000
3f7e8000
3f6e9000
3fd9f000
3fc37000
3fb1d800
3fa2d800
3f955800
3f8a9000
3f816000
3f72d000
3fe0d800
3fca5800
3fb69000
3fa79000
3f98d800
3f8e1000
3f840800
3f782000
3fe6d800
3fd05800
3fb85800
3fab9000
3f9b9000
3f90f000
3f857000
3f7c6000
3f6b6000
3fd74000
3fbf4000
3fb04800
3fa04800
3f947000
3f88f000
3f80d800
3f70b000
3fdd4000
3fc54000
3fb44800
3fa44800
3f975000
3f8bd000
3f82f800
3f74f000
3fe42800
3fcc2800
3fb90000
3fa90000
3f9ad000
3f8f5000
3f85a000
3f7a4000
3f6a5000
3fd22800
3fbba800
3fad0000
3f9e0000
3f923000
3f876800
3f7e8000
3f6e9000
3fd91000
3fc29000
3fb1b800
3fa2b800
3f95b000
3f8ae800
3f81e800
3f73e000
3fdf1000
3fc89000
3fb5b800
3fa6b800
3f989000
3f8dc800
3f840800
3f782000
3fe5f800
3fcf7800
3fba7000
3fab7000
3f9c1000
3f914800
3f86b000
3f7d7000
3f6c7000
3fd57800
3fbd7800
3faf7000
3f9f7000
3f942800
3f88a800
3f80d800
3f70b000
3fdc6000
3fc46000
3fb42800
3fa42800
3f97a800
3f8c2800
3f838000
3f760000
3fe26000
3fca6000
3fb82800
3fa82800
3f9a8800
3f8f0800
3f85a000
3f7a4000
3fe94800
3fd14800
3fbce000
3face000
3f9e0800
3f928800
3f87c000
3f7f9000
3f6fa000
3fd74800
3fc0c800
3fb0e000
3fa1e000
3f956800
3f8aa000
3f81e800
3f73e000
3fde3000
3fc7b000
3fb59800
3fa69800
3f98e800
3f8e2000
3f849000
3f793000
3fe43000
3fcdb000
3fb99800
3faa9800
3f9bc800
3f910000
3f86b000
3f7d7000
3feb1800
3fd49800
3fbe5000
3faf5000
3f9f4800
3f948000
3f890000
3f816000
3f71c000
3fda9800
3fc29800
3fb35000
3fa35000
3f976000
3f8be000
3f838000
3f760000
3fe18000
3fc98000
3fb80800
3fa80800
3f9ae000
3f8f6000
3f862800
3f7b5000
3fe78000
3fcf8000
3fbc0800
3fac0800
3f9dc000
3f924000
3f884800
3f7f9000
3fee6800
3fd66800
3fc0c000
3fb0c000
3fa1c000
3f95c000
3f8af800
3f827000
3f74f000
3fdc6800
3fc5e800
3fb4c000
3fa5c000
3f98a000
3f8dd800
3f849000
3f793000
3fe35000
3fccd000
3fb97800
3faa7800
3f9c2000
3f915800
3f873800
3f7e8000
3fe95000
3fd2d000
3fbd7800
3fae7800
3f9f0000
3f943800
3f895800
3f816000
3ff03800
3fd9b800
3fc23000
3fb33000
3fa33000
3f97b800
3f8c3800
3f840800
3f771000
3fdfb800
3fc7b800
3fb73000
3fa73000
3f9a9800
3f8f1800
3f862800
3f7b5000
3fe6a000
3fcea000
3fbbe800
3fabe800
3f9e1800
3f929800
3f88d000
3f805000
3feca000
3fd4a000
3fbfe800
3fafe800
3fa0f800
3f957800
3f8af000
3f827000
3ff38800
3fdb8800
3fc50800
3fb4a000
3fa5a000
3f98f800
3f8e3000
3f851800
3f7a4000
3fe18800
3fcb0800
3fb8a000
3fa9a000
3f9bd800
3f911000
3f873800
3f7e8000
3fe87000
3fd1f000
3fbd5800
3fae5800
3f9f5800
3f949000
3f89e000
3f81e800
3fee7000
3fd7f000
3fc15800
3fb25800
3fa23800
3f977000
3f8c0000
3f840800
3ff55800
3fded800
3fc6d800
3fb71000
3fa71000
3f9af000
3f8f7000
3f86b000
3f7c6000
3fe4d800
3fccd800
3fbb1000
3fab1000
3f9dd000
3f925000
3f88d000
3f805000
3febc000
3fd3c000
3fbfc800
3fafc800
3fa15000
3f95d000
3f8b7800
3f82f800
3ff1c000
3fd9c000
3fc3c800
3fb3c800
3fa43000
3f98b000
3f8d9800
3f851800
3f7a4000
3fe0a800
3fca2800
3fb88000
3fa98000
3f9c3000
3f916800
3f87c000
3f7f9000
3fe6a800
3fd02800
3fbc8000
3fad8000
3f9f1000
3f944800
3f89e000
3f81e800
3fed9000
3fd71000
3fc13800
3fb23800
3fa29000
3f97c800
3f8c8800
3f849000
3ff39000
3fdd1000
3fc53800
3fb63800
3fa57000
3f9aa800
3f8ea800
3f86b000
3f7c6000
3fe3f800
3fcbf800
3fbaf000
3faaf000
3f9e2800
3f92a800
3f895800
3f80d800
3fe9f800
3fd1f800
3fbef000
3faef000
3fa10800
3f958800
3f8b7800
3f82f800
3ff0e000
3fd8e000
3fc3a800
3fb3a800
3fa48800
3f990800
3f8e2000
3f85a000
3ff6e000
3fdee000
3fc7a800
3fb7a800
3fa76800
3f9be800
3f912000
3f87c000
3f7f9000
3fe5c800
3fcf4800
3fbc6000
3fad6000
3f9f6800
3f94a000
3f8a6800
3f827000
3febc800
3fd54800
3fc06000
3fb16000
3fa24800
3f978000
3f8c8800
3f849000
3ff2b000
3fdc3000
3fc51800
3fb61800
3fa5c800
3f9b0000
3f8f3000
3f873800
3ff8b000
3fe23000
3fc91800
3fba1800
3fa8a800
3f9de000
3f926000
3f895800
3f80d800
403d1000
447c6000
cb86d000
3fa7f800
39918000
44ef5000
4fbd3000
bc404000
438cc800
4e3b8000
b9155000
b900d800
c1a55800
2f097800
43934000
368fe000
b9576000
3ac0a800
480d2800
4d452000
bd911800
44e46000
ca5df000
bc90d000
4839c800
41898800
45a0c000
bfb81800
43b00000
cbcd4000
c1824800
3b005000
3c5ff000
c5918000
cc2b2800
c3dcb000
37a06000
4598b000
b71f0000
b1fd7000
c9fa3000
b7682000
b701f000
b1d87000
33655800
c3553000
377c6000
3e43a800
c849a000
bea25000
47d70000
c4fd7000
37d7c000
4c17b000
c3557000
c5fd7000
ba5a6000
c668b000
bd3e4000
481a5000
3e70f000
41015000
37e27000
463cf800
43893000
46b4b800
b8b26000
c6263000
b6c16000
b745f000
47715000
4237e800
460d4800
be9ab800
3c25f000
b6360000
ba63f000
3f985000
b474f000
ba93c000
c3eb6000
4c3d1800
33bf5000
3d180800
4d849000
cc99d800
bc9bd000
c0305000
40499000
4cddd000
43128000
432ac800
3dad7000
bf480800
364bb000
4a5d2000
39994000
b7eef000
bfba7000
c3e3f000
c6ed3000
b5fb6000
41927800
4b6e1000
48d5b000
3b1ff000
352d7000
be0c1000
b8a2e800
b893d000
44341000
cb0ef800
bfdcb000
3f9a7000
449d4800
c493d800
caf60000
c6ae5000
c6c01000
4ade5000
481c2800
b7a14000
c439d000
3d341000
3075a000
bc378000
c1137800
41862800
3adf2000
be09e800
ca8f8000
b7381000
b6adf000
47b31800
c236d000
47532000
c7b55000
3789a800
43a63800
ba46f000
b928e800
4234c800
40471000
435f0000
ca5e7000
44caf000
3c52b000
c5cf7000
3c820000
c268b000
c78df000
36f0a000
bd9e8000
cea97000
c088f000
c0bb8000
36c1b000
3ea5a000
44c5f000
38bab000
3cd00000
baa73000
387e4000
38dec000
4acc8000
3583d800
3a20f000
3287c000
4002b800
bf041800
c7d49000
b993b800
b7578000
45938000
bba91000
b4df2000
3fadd000
4b037000
be059800
b4ae1000
3a5b8000
36e41000
af8e7000
4d771000
b9368800
3ad10000
bcec2000
bceaf000
40a46000
c7d56000
32e69800
bd723000
47c2d800
3445f000
4386d000
4da2d000
433ac000
bc959000
3a763000
be083000
42a68000
ca22a800
406cf000
bb546000
3ea6b000
3f80d800
4229d000
ccdbc800
3ee32000
bb1b4800
cfce7000
44abf000
c26c4800
bd225000
4b771000
45816000
c5557800
c0026000
3c368000
385fb000
43033000
47946800
39a2a000
ca024800
bb320000
bc3d1000
b7e01000
378fe000
c68af000
49e08000
36e3a000
c2406000
bc686000
45610000
3b5de000
39248000
b69d4800
3a9e6000
3cfe4000
ba0c1000
bc205000
c0b2a000
3c9f0000
b201f000
c0eb3000
4316d800
bcf95000
b940b000
c5180000
baac2000
47981000
45cbd000
c00e9000
c0347000
39893000
bfa65800
b9423000
37dbe000
ba53e000
438ef800
bb604000
bdbec000
3c824800
b2434000
bed5d800
3c009000
beeac000
b6dde000
c370f000
cbaa0800
b2fc8000
4706f800
bbb1a000
bd51b000
38d02000
464a6000
4e978000
3a299000
c04e8000
ba2ba800
bb8f1000
ca241000
419b5800
4e051800
40e60800
3eeed000
beaf0800
bd2a7000
4717b000
badbe000
c362a000
b8e74000
c4ba5000
3cf1a000
4eb50000
501b2000
bb107000
485b1000
3c83f000
40aad000
3c8f8800
c9288000
3c33f000
bd2d7000
42605000
3c001000
41ff9000
b5442000
35224800
cde7e000
bb11a800
3873a000
be463000
c245a000
c286f000
3da95800
4d759000
af116800
3512d000
cb0a6000
48223000
3d196800
bfa87000
b9d4a000
bc3cd000
c5cd1800
479b0000
3dae7000
3b814800
3b01f000
42182000
45983800
d03d5000
b1b08000
bb08c000
38adf000
c5097800
395a4800
401bc000
c20b5800
47d2c000
427d7000
4178a000
bff1a000
bee86000
40262000
c6a58000
3e4d4000
39cb2000
3c1cb000
3f6a5000
b9e86000
bf07b800
44c84000
42850000
4aaed800
3d2fe800
3d3f9000
40385800
c386d000
c6ad1000
42bdd000
c77a4000
af1be000
ba5f3000
36ec2000
bc816000
3c1b6800
c977e000
44a85000
c0af1000
bc26f000
3313c000
b8fee000
c8290800
bebb4000
3c96e000
c22dc800
3de79000
36c66000
c0f0a000
39370000
c3eed000
c0e3b000
41b05000
b6009000
c4c99000
b96ea000
3d564000
4714a000
3f744000
c7a81000
beee9000
45abb000
b513d800
bea57000
c6da2000
44c3e000
c4c12000
c8db8000
bf0be000
3581b800
b6015000
c11ac800
b9b1a000
4799d800
4c601000
ba9ca000
c8a85000
3c307800
417da000
b7a92000
c2e26000
c508a000
37d67000
ccc48000
3e06f000
bd391000
4ee6f000
b6122800
b6efe000
453c0000
af15a800
41c6d000
cd48e800
cd59e000
3e90f800
b52f9000
bbed0000
c54e6000
3cc02000
3a510000
3789d800
c80ab000
3a134800
39b03000
4de35000
c48a5000
bf0f5000
be181000
40ac9000
47073000
c30fb000
3365d000
41230000
cc911800
ba11a000
3c7cd000
bbc37000
b953e000
41f23000
c3eb3000
367d5000
47744000
36b45000
316c7000
b68d2800
41905000
c2af5000
c102d000
bf238000
c2473800
4264b000
bd7b2000
4a28d800
c7a3a800
4a816000
43a0b800
bdd16000
b1033000
3277a000
3404f000
bd383800
42284000
4214b800
b2622000
3dde8000
3e33f000
c4a44000
bbfc6000
c6f4f000
3bcf8000
344cf000
43fda000
c0a2f000
3dad2000
c313c000
34024800
3b162000
b3b0c000
c0098800
3eccd000
c20d8800
3ad96000
baffb000
bc569800
3d119000
3d5a2000
c08bf000
3ef9e000
3d91b000
34840800
3d8df000
c2537000
31acb800
41d9e000
c7487000
be32f000
ce88d000
b8a84000
c0001000
47514000
41879000
4093f800
bf6b9000
c83ef000
c6b0d000
af127800
3c977000
ce47f000
4a280000
b935b000
cb528800
47015000
4534b000
bf3ad000
45ca9000
bc782000
c64d0800
bc229800
36e94000
c38b5800
b94e7000
b7625000
c6847000
436c6000
4bdbb000
bd706000
b69d4800
c2e72000
c2cf9000
3e089800
c0963000
c0340000
bb7d5000
449ad000
b68e1000
c02b5800
3cd9e000
c4e1f000
3f5a9800
c1d3a000
b616e800
3aad8800
c1d45800
3a84e800
c1b94000
bc265000
4fd84000
bba90800
45b65800
46d95000
b37b6000
bf37a000
cbc52000
3dbe8000
3bb22000
3ce79000
bb898000
c5c68800
cc47b000
3cd44000
c3106000
3f0f4000
ba160000
c85f3000
ce6a7000
42b8f800
43f15000
3e93b000
40a74000
3ec70000
bb4c4000
3cff9000
bcf8f800
48b83000
38b13000
3d23a000
c146a000
3c9e4800
43ec7000
310ef000
3827e800
3d3aa800
349e9000
3cb6c000
c0180800
bb716000
41795000
bfb5e800
3c11b000
af914000
4ac7a000
34ae0800
bfb3d800
4b7a4000
bc885800
47375000
b2065000
bd622000
3ae31000
b746a000
3309c000
bdb9e000
3eed0000
c5801000
b2e9a000
b3c74000
c9fd7000
33ad6000
c3fe4000
37648000
342b5800
bf6a7000
48e3d000
bb00b000
47e05000
b1f0b000
4a94b000
46317000
4251e000
48771000
b41b7000
47098800
3cc93000
b204a800
b5cee800
383bd000
c22b0000
b4595000
38b59800
b78f1000
394c2000
c442c000
b79ec000
45950000
b6535000
bfa8c800
3a123000
3894b800
be5b7000
c03d0000
37dd5000
c392b800
c7727000
49936000
c07fb000
3e997000
bcba4000
c0b95000
4c8a6800
c5532800
c8f0a000
b699b000
45827000
4618f800
bf005000
3e82c000
bbba5800
4311d000
bb557000
b7581800
3e9f8000
405cb000
b68ef000
bf0f5000
4e470000
bbe19000
448c4000
b863d800
3a0c3000
c7649000
bd8d3000
af1be000
c4118800
32d77000
4968a000
c6a20800
42c78000
40f43000
cbd85000
cc2b7000
c1d91000
3e4ce000
bfd00000
ba2d9000
cf49a000
c72dd000
b7fee000
4821d000
4a0b7800
44acb000
44eed000
44ce0800
bf597800
c1590000
b49b2800
4288e000
c5966000
3cb21000
c4c03000
bed70000
440e1000
d0240000
4ecf2000
321da000
c41d1000
b410c800
b5aa5000
422c2000
4040e000
babbc000
c1adf000
c2c23000
b99d9000
3e649000
baa64000
ce988800
babf9000
b98c5000
3ef4f000
49020000
c1f27000
be884800
47438800
4a837000
b4622000
c2b74000
c73a0000
3dc45800
4091b000
4816d000
4b922000
4bd3b000
3f00b000
b5e16800
c2218800
39a64000
4594d800
bba7b000
392da000
c3aa4800
3d376800
3af61000
bfa58000
3c2bc800
bfa25000
ba308000
35de7000
3a127000
3e8a6800
3f1f4800
b82b9800
3cdc2000
31335000
b49ba000
bbd05000
c9233000
3d1c4800
c263f000
4bbc8000
344c3000
3f992000
b8865000
b5a03800
3e489000
41047000
370d7000
3d586000
c2e6f000
41d91000
3391a000
43457000
b73eb000
c0020000
caaeb000
40afb000
cac12800
ba770000
31c84800
3b0de000
372f2000
47b5f000
39a57000
c1c7d000
b7c94000
cdc99000
4ab2a800
425a5000
c33ec000
4023f000
3e0db000
374ef000
472f6800
c284e000
3cb0e000
c3b0d800
b5038000
4b841800
c12ef000
43419000
c4dff000
be363000
4073e000
335b5000
b3e2e000
42d60800
3f831000
4770a000
c307d800
b387b800
b4a58000
428a6800
33c29000
c4a3f000
4441e800
3fa9f000
afce3000
c35ee000
38059800
3fd64000
3e537000
b7048000
be1a7000
3ebcc000
41aef000
ca10c800
ce841800
412cd000
46513800
43465000
bf3cc000
b61fd000
c8be9000
cbb88000
c2744000
c4da5000
ba86d000
37dc5000
c0424000
bb753000
bca7b000
43788000
ba317000
c5c0e000
b994b000
42cad000
458a1000
39990800
c22e8000
4e774000
4a25c800
3c574000
c219d000
c0883000
3d9a3000
412ed000
c6d70000
c2c5b000
c4151000
3d12d000
bd3b0000
334d9000
35983000
c947f800
c7815000
b4963800
3c3a6800
2fd50000
b70c1000
43d91800
4699d000
cbd84800
b76ea000
38a08000
4a172000
bd3c5000
3612e000
bc020000
c1143800
b2eae000
32dcb000
463b5000
bd038000
3b97a000
c55b6000
3d893000
bd897000
c2973800
427b8000
c6bd5000
bdbab000
378da800
b8d52000
3aa4e800
b4059800
ccb95800
3a92a800
bd9d9800
c0a72800
c2e72000
3de47000
b23e4000
404e8000
bf08a000
c0534000
3fd4f800
bf55e000
381f6800
c9679000
c786d000
499c9000
43555000
4709a000
bbb39800
c5b4d000
c2ee9000
c7140800
bff2c000
c1efa000
3b124800
b84cc000
32450000
be06f000
40050000
c68ae000
414e3800
bd015000
3d272800
36ba6000
402d7000
c3147800
377d5000
ba865000
b965f000
c0ec2000
47161000
34f9e000
b4334000
4baa9000
c7343800
3d88c000
bd6ed000
34132800
429b1000
ce589000
c4870800
b2157000
b2038000
be660000
41f2c000
be014800
4dbef000
35c7c000
b90a9000
42401000
3ca19000
b6883000
b9a05000
46e22000
38767000
c243c000
c0bac000
378a1000
ba2f1000
b09c0000
c1231000
bb1a7800
3e11a000
b8cc4000
3c016000
beb65800
c2c06000
c5029000
31f1b000
c7582000
b6c2d000
c58a7000
3aa6f000
3202b800
c84f1000
38f94800
bd682000
3a2b1000
b74dc000
c6024800
409f6000
358cc800
c51ba000
44a69800
c96b1800
b7841800
3728c800
be46e000
bc220000
c71a0000
41331000
bdbb9000
40401000
4f380800
b1549000
4d6fa000
c54a2000
47816000
42966000
475c1000
c941f000
33024800
469c5800
3f44d000
c99fc000
48b18800
b7e22000
41988800
b4c77000
b7e16000
44580000
b06ba000
36815000
42e00000
329b2000
4bf26000
3bf16000
30e41000
4520d000
3c201000
c5199800
37b92800
355cb000
38185800
47207000
3d051800
41159800
3b280000
b4f88000
4037e800
c06d0000
3c45c800
43a08000
49df4000
bdf5a000
b2ced000
33ec7000
43ef0000
3f9a2000
c6bd0000
36c96000
bd100800
b5d0b000
bb838000
bb10f000
43d80800
c6369000
b6ed0000
49f40000
3bdef000
b053f800
3f652000
b9e00000
3d51b000
4cba8000
42279000
ca15e800
4b87c000
b0abd000
bcab2000
3a841800
3d3cf800
c78e8800
3e041800
37042800
c4e18000
376a2000
bf8a0000
c9455000
37661000
bd87b800
3e2f5000
bc81e800
4af62000
cd129800
c3136000
400b7000
438ea800
be87d800
4334c000
49053000
cca90000
c93bb800
c24e9000
ba445000
b07c6000
c9c6d000
4960e000
c680b000
be452000
3a5ae000
48a7f000
bae72000
4308a800
475f4000
45058000
32554000
b59cc000
41862800
36f44000
c0d38000
b39d2800
41d66000
bde3e000
bdc5d000
b4186000
37041800
4c4fa000
c90e2800
c0099800
43c18000
3ac51000
c1abc000
cfb8e800
bea64000
bc40d000
4152c800
3b084800
bcd15000
3b377000
420fb000
c49a9800
b938f000
37afd000
43761000
331aa000
49356000
aefb8000
c27b5000
42001000
3ddf9000
36a75000
3d8b5800
b723e800
42930000
44580000
c5a2b000
c2386000
2f26e800
47d1f800
38fb6000
44dbc800
3fb0b000
af10a000
c6a19000
3681c800
3e24b800
39448000
3d0c9000
3270a000
b54cd000
ba267800
c49b4000
46771000
beb55000
35885000
4522f000
c37a4000
bacc9000
bd7d7000
4871c000
c0b25000
38e2e000
48e86000
495eb000
38c1b000
c9f5e000
b607c000
be865000
c09f0000
42bd5000
3ca95800
bd148000
c94d9000
417f2000
39984000
b5864000
be5f0000
c289e000
3a15b800
41a1d000
46962000
42cfd000
bd111800
c31da000
c0a15000
3f5ad000
c1816000
b379f000
be12f800
bbe0e000
3f77b000
48d91000
b9b43000
bc00d800
34b1a000
bc53a000
bb2cb000
3a187000
c1248000
c0ac1000
3e90f000
ba121800
c2782000
b420c000
45dd4000
b6ca5000
c9f27000
3a1f0000
47b62800
3ad05000
bee27000
45a56800
408c0000
c0c8f000
b6e86000
c5859800
43ec3000
45f9e000
44a20800
48227000
c05e8000
3c572000
4eef4000
c1897000
ca865000
438ae000
bf0c1000
33a5b800
afa94800
33168800
c6065000
3b7ee000
44fe4000
bf0aa000
b7ac7000
37010000
4a998000
ba91b000
3f6fe000
b63c2000
461e0800
bab5c000
46c02000
43577000
c37c6000
48f5a000
35383800
3c90c800
473e1800
47d91000
41dc1000
3fbf5000
49cac000
3114f800
cd72b000
ba275000
4e7a4000
45865000
426f6000
bfc30000
30ca2800
3bd87000
bd816000
36f50000
3af76000
30e3f000
36f26000
320bf000
c135b800
cd0f7000
c2150800
3e879000
488aa000
c1d6c000
3a88a800
c4130800
2e0a2000
34942000
402ca800
44873800
3acd9000
4068b800
40bcd000
3d4e3000
c682b800
4717d800
34a9e000
c9ac4800
cbc61000
302e9000
b790c800
3c3ae000
be2cb000
3cde2000
45307000
3b824800
3db89000
bf09e800
c0190000
408df800
c63a7000
b8241000
408b5800
bf005000
bde73800
3c041800
c0c5e800
4288d000
cc2c1800
461f1000
c15af000
35225000
b3a95000
c719a000
c50ab000
ca891800
362a3000
b71f5000
3b00b000
400e0000
3b644000
350e7000
c9f44000
3b1bc000
bc073800
4425f000
bfbf0000
4465f800
c6c8e000
b573a000
b8958800
bbb7a000
bc816000
454a1000
455c7000
34a57000
b9935000
cb1f8000
b95cb000
38bdd000
ca6fe000
4140a000
c9186000
2f3f9000
cacef000
429a8000
c99d0000
b959e000
b05d3000
cbd43000
3c2e7800
b4435000
371ae800
c2b1e800
b92c6000
405ff000
37220800
cb957000
b9c06000
3b405000
c3440000
b6405000
3d4c9000
3d64f000
bc085800
c121f000
bf90c800
b9862800
c202f800
3f410800
36bdf000
43dee000
3cb4f800
bc36a000
b4040800
b8065000
cd6ed000
b3865000
c0c59000
3e2ec800
bbd81000
c5f44000
41302000
c1ef8000
c75b9000
3e75a000
49473800
c0e36000
c01bf000
3dd42000
35ce5000
37137000
c78fb000
43d49000
4146a800
bcd2b000
4401e800
c8317000
c47b5000
3311c000
bdd0d000
c513a000
49161800
b6b95000
b4ac3000
34f9e000
383bf000
c59d0800
ba11a000
45bb3000
442d2000
bbe34000
40816000
492d3000
357d5000
32609000
bb0d5800
b5158800
c2337000
426c2000
43119000
c3c31000
3cae9000
c55fe000
47191800
b7142800
b1aaa800
32bab000
41ae0000
c22dc800
3f2dd000
46b13000
c09b1000
be3c3000
c7870800
bdbe8000
cb19d000
b34d4000
39ee8000
baae1000
39aac000
c4d31000
c567a000
b7419000
c3d57000
b6b4a000
aee85000
376a2000
c3c41000
bc782000
37e61000
3bd51000
3fe22000
bf2f7000
4b3ff000
40eb3000
c4760000
cb97f000
c2aa3000
bf1bb000
c51a5000
c049c000
379e7000
42ec7000
41ec7000
4744b000
35738800
bc024800
402f8000
31b70000
4371d000
451a1000
3a45d000
480f9800
c1a5f000
c86b9000
b0762000
47d60000
3df04000
389ac000
cca26000
3a950000
c30be000
c14fc000
3cf88000
b5b21000
c26c7000
bf54c000
c1b75800
3e47d000
42ee4000
c2a19800
3add2000
38ecc000
3caa0000
b8e1d000
c70d2800
bfe79000
4180b000
389b9000
cfc32000
4a037000
c1e72000
bfd57000
c0c68800
3c934000
b4587000
32f9f000
498e3800
4ab08800
be4b7000
3e00e800
bd524000
489a8800
4bc46800
c0af9000
cc63c000
3ecd6800
3d06b000
c3930800
4b5c1000
3d3b2000
33840800
b9571000
ba268000
3b6e9000
3fd2f000
cab63800
b3a2d000
3b21b800
b4ab8800
40ed0000
3dc4f800
3431e000
4d289000
45158800
46c58000
b0849000
badd5000
43237000
b4c4b000
b6284800
c6fb5000
35fda000
b7dc5000
c84ca000
c07e4000
4aa05800
3aab9000
b8172000
bb5c2000
44022000
3d40f000
3c9bc800
3f253800
c0c7c000
4ea41000
b7a35800
3e5de000
c1fb6000
42807800
3e85a000
4064a000
3e501000
b3038000
c5f7c800
3a237800
c8fb5000
4366b000
cc4c7000
beb1b000
4526c800
4c78a000
bca3f000
c5549000
45755800
34c0b000
af180800
b8934000
b08fc000
cac38000
c0995000
3eece000
478ab000
37cce000
398bf000
c7946800
3f1fe800
c4c63000
bfc71000
c9888000
40f92000
c88f1000
c63f8000
c5029000
c0246000
bc851800
43820000
43deb800
326ca000
3d3a2000
bb82c000
bb333000
ca015000
c60fa000
383cb000
bee72000
362b4800
3d80b000
3458a000
44bc6000
bf047000
3eb8b800
bb4bd000
b5dfa000
be3c4000
3887c000
3d4f2000
43084800
be4af000
b2ab9000
b9578000
47101000
c3921000
c60d9800
c2aca800
46c1a000
b69ec000
419cc000
c8f0a000
4b6a9000
45337000
c35f6000
bd0c9800
b6d05000
c310b800
cad9f000
45fb6000
c7866800
37016000
be25b000
bd3e7000
46b25800
c17b2000
329fc000
3cfcd000
bd281000
4d85e000
b9db5000
446b0000
426d2000
be814800
41b83000
42bdf000
40897000
44f2d000
b6f4e000
c02b3000
3e05e000
3da1c000
3e815000
3d065000
cdaa5000
4211d800
45fc6000
bddd3000
37c9a000
c0c26000
467b8000
363c3800
bc9b5800
3e00d800
40a5a000
42a1d800
43d0f000
3fbe3000
41f76000
b7445000
47e01000
b9cb2000
c7824800
c0d1d000
432e1000
bdd5f000
4bf0b000
bb78a000
3724b000
3dc17800
3a557000
c674f000
b3fee000
3b970000
c81bf000
b8b21800
b7466000
459de000
3999b000
bc18a000
b1929800
b9ca8800
3e4a3000
3f1b7000
4a86f000
439aa800
40dc9000
41dda000
b30bc000
4288a000
be3cd000
3aa72800
c1491800
39bb1000
c3ad6800
c6862800
3d629000
44c41000
3b1bb000
49b73000
b5f6a000
b48a6800
c0083000
3dd33000
bd18e800
b5a3f000
b7865000
40c72000
bf228000
c9b96000
3b88a000
bff61000
c08c7800
c3eb0000
4aed0000
4a596000
b34fd000
37b23000
ba0a8000
c61fb000
4b160000
baa1a800
3b59a000
35ec2000
43d91000
c5d70000
c469a000
ba363000
c3e06000
40f56000
3760e000
c9310000
bd60a000
3fa03800
bd0c9000
be9a6000
b680b000
34a29000
cb862800
b57b5000
42376000
3610d800
414f6000
bf07b800
3e683000
b0ebc000
3f01e800
430c1000
45d7a000
462ea000
c9033000
ce18f000
bc8c9000
4514c800
48497000
45f64000
3e6d2000
c7f43000
b3d91000
bc567000
3952a000
c57ee000
be134000
4b497800
be7b8000
bd71a000
35c02000
bb224000
b7801000
486ed000
c81e5000
c008f800
bc16a000
b4c09000
c8564000
43040800
454e0000
b8bb5000
388e7800
4298f000
c52e4000
35de9000
33598000
469cb800
4034a000
3e233000
bc217000
c1762000
bf92a800
c3bca800
47f0a000
39940800
be438000
47f3a000
bc46d000
3805b000
c8073800
cdd40000
3c0bd000
41501000
3b9d9000
3a8e3800
3cd36000
38af4800
c978a000
c741b000
b8b4a800
3839f000
4649f000
3e05e800
c8216800
3e824800
c8164000
be01f000
bb63f000
c6fe8000
c02fe800
b49bc800
47c00800
c98fd000
b843a800
3fd0a000
cc1ad800
35a0c800
4285a000
42375000
c236f000
445fd000
3f246000
3cb5d000
35eea000
bb5a0000
3d5fd000
40988800
3a849000
3bb5d000
3cf29000
2f99a800
35292000
c68d0000
b2bd7000
4ad1c000
4173e000
c8a43000
ceb83000
be53d000
c1a3c000
44dff000
3f5ea000
4687c000
3033b000
3ae79000
b7cff000
36712000
cd257800
3c7f2000
40ab7800
cc38e000
42cee000
b8199800
4aa1e000
4a65d000
3fe74000
3f054000
b07a4000
b368d000
46458000
befcd000
cb214800
42001000
460eb000
4bf9e000
3026f800
bd75a000
49814800
4b92b000
3e74e000
bdc41800
c5193000
c13bb000
c5f29000
3f02b800
3b229000
bf5ed800
3a2c5000
401f3000
45f76000
419c4800
c1445000
44740000
c10b7000
47684000
41683000
bb316000
c5a05800
3e24a000
b3f8a000
3e1fc000
43020000
49179000
4a622000
b705e800
42827000
374b2000
3d744000
bc7fb000
3325a000
b9cdf800
cad15000
34f61000
413c0800
3fd3f800
bdf4d000
4a463000
44f93000
3ebd1800
c2c3f000
3bf4e000
4424a800
373d9000
47f3e000
bd838000
47eb6000
39876000
45f7e000
bd18f000
3f059000
44597000
b7a38000
44027000
c3d79000
bb471000
c31cc000
4a39d800
2f46a000
48762000
b80c8000
baeb3000
c5009000
3b15e800
3f407000
bd848000
c1539000
396d0000
46879000
41042800
be062800
c85a6000
3fbf7000
47814800
40389800
bcc9a000
bc947000
3e5c9000
3b96a000
b3c4b800
c2c93000
ba967800
c84c7000
40029000
c6baf000
c795b000
b9db4000
b73eb000
45e5d000
3f807800
3f807800
3f744000
3f727000
3f727000
3f65c000
3f63f000
3f63f000
3f574000
3f557000
3f557000
3f48c000
3f4e6000
3f4e6000
3f461000
3f44e000
3f44e000
3f3c9000
3f3b6000
3f3b6000
3f331000
3f31e000
3f31e000
3f299000
3f2b5000
3f2b5000
3f253000
3f245000
3f245000
3f1e3000
3f1d5000
3f1d5000
3f173000
3f165000
3f165000
3f103000
3f130000
3f130000
3f0ea000
3f0e0000
3f0e0000
3f09a000
3f090000
3f090000
3f04a000
3f040000
3f040000
3eff4000
3f807800
3f807800
3f744000
3f727000
3f727000
3f65c000
3f63f000
3f63f000
3f574000
3f557000
3f557000
3f48c000
3f4e6000
3f4e6000
3f461000
3f44e000
3f44e000
3f3c9000
3f3b6000
3f3b6000
3f331000
3f31e000
3f31e000
3f299000
3f2b5000
3f2b5000
3f253000
3f245000
3f245000
3f1e3000
3f1d5000
3f1d5000
3f173000
3f165000
3f165000
3f103000
3f130000
3f130000
3f0ea000
3f0e0000
3f0e0000
3f09a000
3f090000
3f090000
3f04a000
3f040000
3f040000
3eff4000
3f86d000
3f86d000
3f807800
3f7f2000
3f7f2000
3f727000
3f70a000
3f70a000
3f63f000
3f622000
3f622000
3f557000
3f587000
3f587000
3f502000
3f4ef000
3f4ef000
3f46a000
3f457000
3f457000
3f3d2000
3f3bf000
3f3bf000
3f33a000
3f341000
3f341000
3f2df000
3f2d1000
3f2d1000
3f26f000
3f261000
3f261000
3f1ff000
3f1f1000
3f1f1000
3f18f000
3f1a7000
3f1a7000
3f161000
3f157000
3f157000
3f111000
3f107000
3f107000
3f0c1000
3f0b7000
3f0b7000
3f071000
3f87b800
3f87b800
3f816000
3f807800
3f807800
3f744000
3f727000
3f727000
3f65c000
3f63f000
3f63f000
3f574000
3f59e000
3f59e000
3f519000
3f506000
3f506000
3f481000
3f46e000
3f46e000
3f3e9000
3f3d6000
3f3d6000
3f351000
3f355000
3f355000
3f2f3000
3f2e5000
3f2e5000
3f283000
3f275000
3f275000
3f213000
3f205000
3f205000
3f1a3000
3f1b8000
3f1b8000
3f172000
3f168000
3f168000
3f122000
3f118000
3f118000
3f0d2000
3f0c8000
3f0c8000
3f082000
3f87b800
3f87b800
3f816000
3f807800
3f807800
3f744000
3f727000
3f727000
3f65c000
3f63f000
3f63f000
3f574000
3f59e000
3f59e000
3f519000
3f506000
3f506000
3f481000
3f46e000
3f46e000
3f3e9000
3f3d6000
3f3d6000
3f351000
3f355000
3f355000
3f2f3000
3f2e5000
3f2e5000
3f283000
3f275000
3f275000
3f213000
3f205000
3f205000
3f1a3000
3f1b8000
3f1b8000
3f172000
3f168000
3f168000
3f122000
3f118000
3f118000
3f0d2000
3f0c8000
3f0c8000
3f082000
3f8e1000
3f8e1000
3f87b800
3f86d000
3f86d000
3f807800
3f7f2000
3f7f2000
3f727000
3f70a000
3f70a000
3f63f000
3f63f000
3f63f000
3f5ba000
3f5a7000
3f5a7000
3f522000
3f50f000
3f50f000
3f48a000
3f477000
3f477000
3f3f2000
3f3e1000
3f3e1000
3f37f000
3f371000
3f371000
3f30f000
3f301000
3f301000
3f29f000
3f291000
3f291000
3f22f000
3f22f000
3f22f000
3f1e9000
3f1df000
3f1df000
3f199000
3f18f000
3f18f000
3f149000
3f13f000
3f13f000
3f0f9000
3f8ef800
3f8ef800
3f88a000
3f87b800
3f87b800
3f816000
3f807800
3f807800
3f744000
3f727000
3f727000
3f65c000
3f656000
3f656000
3f5d1000
3f5be000
3f5be000
3f539000
3f526000
3f526000
3f4a1000
3f48e000
3f48e000
3f409000
3f3f5000
3f3f5000
3f393000
3f385000
3f385000
3f323000
3f315000
3f315000
3f2b3000
3f2a5000
3f2a5000
3f243000
3f240000
3f240000
3f1fa000
3f1f0000
3f1f0000
3f1aa000
3f1a0000
3f1a0000
3f15a000
3f150000
3f150000
3f10a000
3f8ef800
3f8ef800
3f88a000
3f87b800
3f87b800
3f816000
3f807800
3f807800
3f744000
3f727000
3f727000
3f65c000
3f656000
3f656000
3f5d1000
3f5be000
3f5be000
3f539000
3f526000
3f526000
3f4a1000
3f48e000
3f48e000
3f409000
3f3f5000
3f3f5000
3f393000
3f385000
3f385000
3f323000
3f315000
3f315000
3f2b3000
3f2a5000
3f2a5000
3f243000
3f240000
3f240000
3f1fa000
3f1f0000
3f1f0000
3f1aa000
3f1a0000
3f1a0000
3f15a000
3f150000
3f150000
3f10a000
3f955000
3f955000
3f8ef800
3f8e1000
3f8e1000
3f87b800
3f86d000
3f86d000
3f807800
3f7f2000
3f7f2000
3f727000
3f6f7000
3f6f7000
3f672000
3f65f000
3f65f000
3f5da000
3f5c7000
3f5c7000
3f542000
3f52f000
3f52f000
3f4aa000
3f481000
3f481000
3f41f000
3f411000
3f411000
3f3af000
3f3a1000
3f3a1000
3f33f000
3f331000
3f331000
3f2cf000
3f2b7000
3f2b7000
3f271000
3f267000
3f267000
3f221000
3f217000
3f217000
3f1d1000
3f1c7000
3f1c7000
3f181000
3f963800
3f963800
3f8fe000
3f8ef800
3f8ef800
3f88a000
3f87b800
3f87b800
3f816000
3f807800
3f807800
3f744000
3f70e000
3f70e000
3f689000
3f676000
3f676000
3f5f1000
3f5de000
3f5de000
3f559000
3f546000
3f546000
3f4c1000
3f495000
3f495000
3f433000
3f425000
3f425000
3f3c3000
3f3b5000
3f3b5000
3f353000
3f345000
3f345000
3f2e3000
3f2c8000
3f2c8000
3f282000
3f278000
3f278000
3f232000
3f228000
3f228000
3f1e2000
3f1d8000
3f1d8000
3f192000
3f963800
3f963800
3f8fe000
3f8ef800
3f8ef800
3f88a000
3f87b800
3f87b800
3f816000
3f807800
3f807800
3f744000
3f70e000
3f70e000
3f689000
3f676000
3f676000
3f5f1000
3f5de000
3f5de000
3f559000
3f546000
3f546000
3f4c1000
3f495000
3f495000
3f433000
3f425000
3f425000
3f3c3000
3f3b5000
3f3b5000
3f353000
3f345000
3f345000
3f2e3000
3f2c8000
3f2c8000
3f282000
3f278000
3f278000
3f232000
3f228000
3f228000
3f1e2000
3f1d8000
3f1d8000
3f192000
3f9c9000
3f9c9000
3f963800
3f955000
3f955000
3f8ef800
3f8e1000
3f8e1000
3f87b800
3f86d000
3f86d000
3f807800
3f7af000
3f7af000
3f72a000
3f717000
3f717000
3f692000
3f67f000
3f67f000
3f5fa000
3f5e7000
3f5e7000
3f562000
3f521000
3f521000
3f4bf000
3f4b1000
3f4b1000
3f44f000
3f441000
3f441000
3f3df000
3f3d1000
3f3d1000
3f36f000
3f33f000
3f33f000
3f2f9000
3f2ef000
3f2ef000
3f2a9000
3f29f000
3f29f000
3f259000
3f24f000
3f24f000
3f209000
3fa00000
3fa00000
3f985800
3f974000
3f974000
3f8f9800
3f8e8000
3f8e8000
3f86d800
3f85c000
3f85c000
3f7c3000
3f809000
3f809000
3f771000
3f75a000
3f75a000
3f6b9000
3f6a2000
3f6a2000
3f601000
3f5ea000
3f5ea000
3f549000
3f55c000
3f55c000
3f4e5000
3f4d4000
3f4d4000
3f45d000
3f44c000
3f44c000
3f3d5000
3f3c4000
3f3c4000
3f34d000
3f383000
3f383000
3f328000
3f31b000
3f31b000
3f2c0000
3f2b3000
3f2b3000
3f258000
3f24b000
3f24b000
3f1f0000
3fa00000
3fa00000
3f985800
3f974000
3f974000
3f8f9800
3f8e8000
3f8e8000
3f86d800
3f85c000
3f85c000
3f7c3000
3f809000
3f809000
3f771000
3f75a000
3f75a000
3f6b9000
3f6a2000
3f6a2000
3f601000
3f5ea000
3f5ea000
3f549000
3f55c000
3f55c000
3f4e5000
3f4d4000
3f4d4000
3f45d000
3f44c000
3f44c000
3f3d5000
3f3c4000
3f3c4000
3f34d000
3f383000
3f383000
3f328000
3f31b000
3f31b000
3f2c0000
3f2b3000
3f2b3000
3f258000
3f24b000
3f24b000
3f1f0000
3fa65800
3fa65800
3f9eb000
3f9d9800
3f9d9800
3f95f000
3f94d800
3f94d800
3f8d3000
3f8c1800
3f8c1800
3f847000
3f859800
3f859800
3f809000
3f7fb000
3f7fb000
3f75a000
3f743000
3f743000
3f6a2000
3f68b000
3f68b000
3f5ea000
3f5e8000
3f5e8000
3f571000
3f560000
3f560000
3f4e9000
3f4d8000
3f4d8000
3f461000
3f450000
3f450000
3f3d9000
3f3fa000
3f3fa000
3f39f000
3f392000
3f392000
3f337000
3f32a000
3f32a000
3f2cf000
3f2c2000
3f2c2000
3f267000
3fa74000
3fa74000
3f9f9800
3f9e8000
3f9e8000
3f96d800
3f95c000
3f95c000
3f8e1800
3f8d0000
3f8d0000
3f855800
3f865000
3f865000
3f814800
3f809000
3f809000
3f771000
3f75a000
3f75a000
3f6b9000
3f6a2000
3f6a2000
3f601000
3f5fc000
3f5fc000
3f585000
3f574000
3f574000
3f4fd000
3f4ec000
3f4ec000
3f475000
3f464000
3f464000
3f3ed000
3f40b000
3f40b000
3f3b0000
3f3a3000
3f3a3000
3f348000
3f33b000
3f33b000
3f2e0000
3f2d3000
3f2d3000
3f278000
3fa74000
3fa74000
3f9f9800
3f9e8000
3f9e8000
3f96d800
3f95c000
3f95c000
3f8e1800
3f8d0000
3f8d0000
3f855800
3f865000
3f865000
3f814800
3f809000
3f809000
3f771000
3f75a000
3f75a000
3f6b9000
3f6a2000
3f6a2000
3f601000
3f5fc000
3f5fc000
3f585000
3f574000
3f574000
3f4fd000
3f4ec000
3f4ec000
3f475000
3f464000
3f464000
3f3ed000
3f40b000
3f40b000
3f3b0000
3f3a3000
3f3a3000
3f348000
3f33b000
3f33b000
3f2e0000
3f2d3000
3f2d3000
3f278000
3fad9800
3fad9800
3fa5f000
3fa4d800
3fa4d800
3f9d3000
3f9c1800
3f9c1800
3f947000
3f935800
3f935800
3f8bb000
3f8b5800
3f8b5800
3f865000
3f859800
3f859800
3f809000
3f7fb000
3f7fb000
3f75a000
3f743000
3f743000
3f6a2000
3f688000
3f688000
3f611000
3f600000
3f600000
3f589000
3f578000
3f578000
3f501000
3f4f0000
3f4f0000
3f479000
3f482000
3f482000
3f427000
3f41a000
3f41a000
3f3bf000
3f3b2000
3f3b2000
3f357000
3f34a000
3f34a000
3f2ef000
3fae8000
3fae8000
3fa6d800
3fa5c000
3fa5c000
3f9e1800
3f9d0000
3f9d0000
3f955800
3f944000
3f944000
3f8c9800
3f8c1000
3f8c1000
3f870800
3f865000
3f865000
3f814800
3f809000
3f809000
3f771000
3f75a000
3f75a000
3f6b9000
3f69c000
3f69c000
3f625000
3f614000
3f614000
3f59d000
3f58c000
3f58c000
3f515000
3f504000
3f504000
3f48d000
3f493000
3f493000
3f438000
3f42b000
3f42b000
3f3d0000
3f3c3000
3f3c3000
3f368000
3f35b000
3f35b000
3f300000
3fae8000
3fae8000
3fa6d800
3fa5c000
3fa5c000
3f9e1800
3f9d0000
3f9d0000
3f955800
3f944000
3f944000
3f8c9800
3f8c1000
3f8c1000
3f870800
3f865000
3f865000
3f814800
3f809000
3f809000
3f771000
3f75a000
3f75a000
3f6b9000
3f69c000
3f69c000
3f625000
3f614000
3f614000
3f59d000
3f58c000
3f58c000
3f515000
3f504000
3f504000
3f48d000
3f493000
3f493000
3f438000
3f42b000
3f42b000
3f3d0000
3f3c3000
3f3c3000
3f368000
3f35b000
3f35b000
3f300000
3fb4d800
3fb4d800
3fad3000
3fac1800
3fac1800
3fa47000
3fa35800
3fa35800
3f9bb000
3f9a9800
3f9a9800
3f92f000
3f911800
3f911800
3f8c1000
3f8b5800
3f8b5800
3f865000
3f859800
3f859800
3f809000
3f7fb000
3f7fb000
3f75a000
3f728000
3f728000
3f6b1000
3f6a0000
3f6a0000
3f629000
3f618000
3f618000
3f5a1000
3f590000
3f590000
3f519000
3f50a000
3f50a000
3f4af000
3f4a2000
3f4a2000
3f447000
3f43a000
3f43a000
3f3df000
3f3d2000
3f3d2000
3f377000
3fb5c000
3fb5c000
3fae1800
3fad0000
3fad0000
3fa55800
3fa44000
3fa44000
3f9c9800
3f9b8000
3f9b8000
3f93d800
3f91d000
3f91d000
3f8cc800
3f8c1000
3f8c1000
3f870800
3f865000
3f865000
3f814800
3f809000
3f809000
3f771000
3f73c000
3f73c000
3f6c5000
3f6b4000
3f6b4000
3f63d000
3f62c000
3f62c000
3f5b5000
3f5a4000
3f5a4000
3f52d000
3f51b000
3f51b000
3f4c0000
3f4b3000
3f4b3000
3f458000
3f44b000
3f44b000
3f3f0000
3f3e3000
3f3e3000
3f388000
3fb5c000
3fb5c000
3fae1800
3fad0000
3fad0000
3fa55800
3fa44000
3fa44000
3f9c9800
3f9b8000
3f9b8000
3f93d800
3f91d000
3f91d000
3f8cc800
3f8c1000
3f8c1000
3f870800
3f865000
3f865000
3f814800
3f809000
3f809000
3f771000
3f73c000
3f73c000
3f6c5000
3f6b4000
3f6b4000
3f63d000
3f62c000
3f62c000
3f5b5000
3f5a4000
3f5a4000
3f52d000
3f51b000
3f51b000
3f4c0000
3f4b3000
3f4b3000
3f458000
3f44b000
3f44b000
3f3f0000
3f3e3000
3f3e3000
3f388000
3fbc1800
3fbc1800
3fb47000
3fb35800
3fb35800
3fabb000
3faa9800
3faa9800
3fa2f000
3fa1d800
3fa1d800
3f9a3000
3f96d800
3f96d800
3f91d000
3f911800
3f911800
3f8c1000
3f8b5800
3f8b5800
3f865000
3f859800
3f859800
3f809000
3f7c8000
3f7c8000
3f751000
3f740000
3f740000
3f6c9000
3f6b8000
3f6b8000
3f641000
3f630000
3f630000
3f5b9000
3f592000
3f592000
3f537000
3f52a000
3f52a000
3f4cf000
3f4c2000
3f4c2000
3f467000
3f45a000
3f45a000
3f3ff000
3fbf9000
3fbf9000
3fb69800
3fb55000
3fb55000
3fac5800
3fab1000
3fab1000
3fa21800
3fa0d000
3fa0d000
3f97d800
3f9a7000
3f9a7000
3f945000
3f937000
3f937000
3f8d5000
3f8c7000
3f8c7000
3f865000
3f857000
3f857000
3f7ea000
3f801000
3f801000
3f776000
3f762000
3f762000
3f6d6000
3f6c2000
3f6c2000
3f636000
3f622000
3f622000
3f596000
3f5c7000
3f5c7000
3f55e000
3f54f000
3f54f000
3f4e6000
3f4d7000
3f4d7000
3f46e000
3f45f000
3f45f000
3f3f6000
3fbf9000
3fbf9000
3fb69800
3fb55000
3fb55000
3fac5800
3fab1000
3fab1000
3fa21800
3fa0d000
3fa0d000
3f97d800
3f9a7000
3f9a7000
3f945000
3f937000
3f937000
3f8d5000
3f8c7000
3f8c7000
3f865000
3f857000
3f857000
3f7ea000
3f801000
3f801000
3f776000
3f762000
3f762000
3f6d6000
3f6c2000
3f6c2000
3f636000
3f622000
3f622000
3f596000
3f5c7000
3f5c7000
3f55e000
3f54f000
3f54f000
3f4e6000
3f4d7000
3f4d7000
3f46e000
3f45f000
3f45f000
3f3f6000
3fc5e800
3fc5e800
3fbcf000
3fbba800
3fbba800
3fb2b000
3fb16800
3fb16800
3fa87000
3fa72800
3fa72800
3f9e3000
3f9f7800
3f9f7800
3f995800
3f987800
3f987800
3f925800
3f917800
3f917800
3f8b5800
3f8a7800
3f8a7800
3f845800
3f847000
3f847000
3f801000
3f7ee000
3f7ee000
3f762000
3f74e000
3f74e000
3f6c2000
3f6ae000
3f6ae000
3f622000
3f63e000
3f63e000
3f5d5000
3f5c6000
3f5c6000
3f55d000
3f54e000
3f54e000
3f4e5000
3f4d6000
3f4d6000
3f46d000
3fc6d000
3fc6d000
3fbdd800
3fbc9000
3fbc9000
3fb39800
3fb25000
3fb25000
3fa95800
3fa81000
3fa81000
3f9f1800
3fa03000
3fa03000
3f9a1000
3f993000
3f993000
3f931000
3f923000
3f923000
3f8c1000
3f8b3000
3f8b3000
3f851000
3f851000
3f851000
3f80b000
3f801000
3f801000
3f776000
3f762000
3f762000
3f6d6000
3f6c2000
3f6c2000
3f636000
3f64f000
3f64f000
3f5e6000
3f5d7000
3f5d7000
3f56e000
3f55f000
3f55f000
3f4f6000
3f4e7000
3f4e7000
3f47e000
3fc6d000
3fc6d000
3fbdd800
3fbc9000
3fbc9000
3fb39800
3fb25000
3fb25000
3fa95800
3fa81000
3fa81000
3f9f1800
3fa03000
3fa03000
3f9a1000
3f993000
3f993000
3f931000
3f923000
3f923000
3f8c1000
3f8b3000
3f8b3000
3f851000
3f851000
3f851000
3f80b000
3f801000
3f801000
3f776000
3f762000
3f762000
3f6d6000
3f6c2000
3f6c2000
3f636000
3f64f000
3f64f000
3f5e6000
3f5d7000
3f5d7000
3f56e000
3f55f000
3f55f000
3f4f6000
3f4e7000
3f4e7000
3f47e000
3fcd2800
3fcd2800
3fc43000
3fc2e800
3fc2e800
3fb9f000
3fb8a800
3fb8a800
3fafb000
3fae6800
3fae6800
3fa57000
3fa53800
3fa53800
3f9f1800
3f9e3800
3f9e3800
3f981800
3f973800
3f973800
3f911800
3f903800
3f903800
3f8a1800
3f897000
3f897000
3f851000
3f847000
3f847000
3f801000
3f7ee000
3f7ee000
3f762000
3f74e000
3f74e000
3f6c2000
3f6c6000
3f6c6000
3f65d000
3f64e000
3f64e000
3f5e5000
3f5d6000
3f5d6000
3f56d000
3f55e000
3f55e000
3f4f5000
3fce1000
3fce1000
3fc51800
3fc3d000
3fc3d000
3fbad800
3fb99000
3fb99000
3fb09800
3faf5000
3faf5000
3fa65800
3fa5f000
3fa5f000
3f9fd000
3f9ef000
3f9ef000
3f98d000
3f97f000
3f97f000
3f91d000
3f90f000
3f90f000
3f8ad000
3f8a1000
3f8a1000
3f85b000
3f851000
3f851000
3f80b000
3f801000
3f801000
3f776000
3f762000
3f762000
3f6d6000
3f6d7000
3f6d7000
3f66e000
3f65f000
3f65f000
3f5f6000
3f5e7000
3f5e7000
3f57e000
3f56f000
3f56f000
3f506000
3fce1000
3fce1000
3fc51800
3fc3d000
3fc3d000
3fbad800
3fb99000
3fb99000
3fb09800
3faf5000
3faf5000
3fa65800
3fa5f000
3fa5f000
3f9fd000
3f9ef000
3f9ef000
3f98d000
3f97f000
3f97f000
3f91d000
3f90f000
3f90f000
3f8ad000
3f8a1000
3f8a1000
3f85b000
3f851000
3f851000
3f80b000
3f801000
3f801000
3f776000
3f762000
3f762000
3f6d6000
3f6d7000
3f6d7000
3f66e000
3f65f000
3f65f000
3f5f6000
3f5e7000
3f5e7000
3f57e000
3f56f000
3f56f000
3f506000
3fd46800
3fd46800
3fcb7000
3fca2800
3fca2800
3fc13000
3fbfe800
3fbfe800
3fb6f000
3fb5a800
3fb5a800
3facb000
3faaf800
3faaf800
3fa4d800
3fa3f800
3fa3f800
3f9dd800
3f9cf800
3f9cf800
3f96d800
3f95f800
3f95f800
3f8fd800
3f8e7000
3f8e7000
3f8a1000
3f897000
3f897000
3f851000
3f847000
3f847000
3f801000
3f7ee000
3f7ee000
3f762000
3f74e000
3f74e000
3f6e5000
3f6d6000
3f6d6000
3f66d000
3f65e000
3f65e000
3f5f5000
3f5e6000
3f5e6000
3f57d000
3fd55000
3fd55000
3fcc5800
3fcb1000
3fcb1000
3fc21800
3fc0d000
3fc0d000
3fb7d800
3fb69000
3fb69000
3fad9800
3fabb000
3fabb000
3fa59000
3fa4b000
3fa4b000
3f9e9000
3f9db000
3f9db000
3f979000
3f96b000
3f96b000
3f909000
3f8f1000
3f8f1000
3f8ab000
3f8a1000
3f8a1000
3f85b000
3f851000
3f851000
3f80b000
3f801000
3f801000
3f776000
3f75f000
3f75f000
3f6f6000
3f6e7000
3f6e7000
3f67e000
3f66f000
3f66f000
3f606000
3f5f7000
3f5f7000
3f58e000
3fd55000
3fd55000
3fcc5800
3fcb1000
3fcb1000
3fc21800
3fc0d000
3fc0d000
3fb7d800
3fb69000
3fb69000
3fad9800
3fabb000
3fabb000
3fa59000
3fa4b000
3fa4b000
3f9e9000
3f9db000
3f9db000
3f979000
3f96b000
3f96b000
3f909000
3f8f1000
3f8f1000
3f8ab000
3f8a1000
3f8a1000
3f85b000
3f851000
3f851000
3f80b000
3f801000
3f801000
3f776000
3f75f000
3f75f000
3f6f6000
3f6e7000
3f6e7000
3f67e000
3f66f000
3f66f000
3f606000
3f5f7000
3f5f7000
3f58e000
3fdba800
3fdba800
3fd2b000
3fd16800
3fd16800
3fc87000
3fc72800
3fc72800
3fbe3000
3fbce800
3fbce800
3fb3f000
3fb0b800
3fb0b800
3faa9800
3fa9b800
3fa9b800
3fa39800
3fa2b800
3fa2b800
3f9c9800
3f9bb800
3f9bb800
3f959800
3f937000
3f937000
3f8f1000
3f8e7000
3f8e7000
3f8a1000
3f897000
3f897000
3f851000
3f847000
3f847000
3f801000
3f7d6000
3f7d6000
3f76d000
3f75e000
3f75e000
3f6f5000
3f6e6000
3f6e6000
3f67d000
3f66e000
3f66e000
3f605000
3fdf9800
3fdf9800
3fd51800
3fd39800
3fd39800
3fc91800
3fc79800
3fc79800
3fbd1800
3fbb9800
3fbb9800
3fb11800
3fb3d000
3fb3d000
3facd000
3fabd000
3fabd000
3fa4d000
3fa3d000
3fa3d000
3f9cd000
3f9bd000
3f9bd000
3f94d000
3f954800
3f954800
3f904000
3f8f8800
3f8f8800
3f8a8000
3f89c800
3f89c800
3f84c000
3f840800
3f840800
3f7e0000
3f805000
3f805000
3f793000
3f782000
3f782000
3f70b000
3f6fa000
3f6fa000
3f683000
3f672000
3f672000
3f5fb000
3fdf9800
3fdf9800
3fd51800
3fd39800
3fd39800
3fc91800
3fc79800
3fc79800
3fbd1800
3fbb9800
3fbb9800
3fb11800
3fb3d000
3fb3d000
3facd000
3fabd000
3fabd000
3fa4d000
3fa3d000
3fa3d000
3f9cd000
3f9bd000
3f9bd000
3f94d000
3f954800
3f954800
3f904000
3f8f8800
3f8f8800
3f8a8000
3f89c800
3f89c800
3f84c000
3f840800
3f840800
3f7e0000
3f805000
3f805000
3f793000
3f782000
3f782000
3f70b000
3f6fa000
3f6fa000
3f683000
3f672000
3f672000
3f5fb000
3fe5f000
3fe5f000
3fdb7000
3fd9f000
3fd9f000
3fcf7000
3fcdf000
3fcdf000
3fc37000
3fc1f000
3fc1f000
3fb77000
3fb8d800
3fb8d800
3fb1d800
3fb0d800
3fb0d800
3fa9d800
3fa8d800
3fa8d800
3fa1d800
3fa0d800
3fa0d800
3f99d800
3f99a800
3f99a800
3f94a000
3f93e800
3f93e800
3f8ee000
3f8e2800
3f8e2800
3f892000
3f886800
3f886800
3f836000
3f840800
3f840800
3f805000
3f7f9000
3f7f9000
3f782000
3f771000
3f771000
3f6fa000
3f6e9000
3f6e9000
3f672000
3fe6d800
3fe6d800
3fdc5800
3fdad800
3fdad800
3fd05800
3fced800
3fced800
3fc45800
3fc2d800
3fc2d800
3fb85800
3fb99000
3fb99000
3fb29000
3fb19000
3fb19000
3faa9000
3fa99000
3fa99000
3fa29000
3fa19000
3fa19000
3f9a9000
3f9a4800
3f9a4800
3f954000
3f948800
3f948800
3f8f8000
3f8ec800
3f8ec800
3f89c000
3f890800
3f890800
3f840000
3f849000
3f849000
3f80d800
3f805000
3f805000
3f793000
3f782000
3f782000
3f70b000
3f6fa000
3f6fa000
3f683000
3fe6d800
3fe6d800
3fdc5800
3fdad800
3fdad800
3fd05800
3fced800
3fced800
3fc45800
3fc2d800
3fc2d800
3fb85800
3fb99000
3fb99000
3fb29000
3fb19000
3fb19000
3faa9000
3fa99000
3fa99000
3fa29000
3fa19000
3fa19000
3f9a9000
3f9a4800
3f9a4800
3f954000
3f948800
3f948800
3f8f8000
3f8ec800
3f8ec800
3f89c000
3f890800
3f890800
3f840000
3f849000
3f849000
3f80d800
3f805000
3f805000
3f793000
3f782000
3f782000
3f70b000
3f6fa000
3f6fa000
3f683000
3fed3000
3fed3000
3fe2b000
3fe13000
3fe13000
3fd6b000
3fd53000
3fd53000
3fcab000
3fc93000
3fc93000
3fbeb000
3fbe9800
3fbe9800
3fb79800
3fb69800
3fb69800
3faf9800
3fae9800
3fae9800
3fa79800
3fa69800
3fa69800
3f9f9800
3f9ea800
3f9ea800
3f99a000
3f98e800
3f98e800
3f93e000
3f932800
3f932800
3f8e2000
3f8d6800
3f8d6800
3f886000
3f884800
3f884800
3f849000
3f840800
3f840800
3f805000
3f7f9000
3f7f9000
3f782000
3f771000
3f771000
3f6fa000
3fee1800
3fee1800
3fe39800
3fe21800
3fe21800
3fd79800
3fd61800
3fd61800
3fcb9800
3fca1800
3fca1800
3fbf9800
3fbf5000
3fbf5000
3fb85000
3fb75000
3fb75000
3fb05000
3faf5000
3faf5000
3fa85000
3fa75000
3fa75000
3fa05000
3f9f4800
3f9f4800
3f9a4000
3f998800
3f998800
3f948000
3f93c800
3f93c800
3f8ec000
3f8e0800
3f8e0800
3f890000
3f88d000
3f88d000
3f851800
3f849000
3f849000
3f80d800
3f805000
3f805000
3f793000
3f782000
3f782000
3f70b000
3fee1800
3fee1800
3fe39800
3fe21800
3fe21800
3fd79800
3fd61800
3fd61800
3fcb9800
3fca1800
3fca1800
3fbf9800
3fbf5000
3fbf5000
3fb85000
3fb75000
3fb75000
3fb05000
3faf5000
3faf5000
3fa85000
3fa75000
3fa75000
3fa05000
3f9f4800
3f9f4800
3f9a4000
3f998800
3f998800
3f948000
3f93c800
3f93c800
3f8ec000
3f8e0800
3f8e0800
3f890000
3f88d000
3f88d000
3f851800
3f849000
3f849000
3f80d800
3f805000
3f805000
3f793000
3f782000
3f782000
3f70b000
3ff47000
3ff47000
3fe9f000
3fe87000
3fe87000
3fddf000
3fdc7000
3fdc7000
3fd1f000
3fd07000
3fd07000
3fc5f000
3fc45800
3fc45800
3fbd5800
3fbc5800
3fbc5800
3fb55800
3fb45800
3fb45800
3fad5800
3fac5800
3fac5800
3fa55800
3fa3a800
3fa3a800
3f9ea000
3f9de800
3f9de800
3f98e000
3f982800
3f982800
3f932000
3f926800
3f926800
3f8d6000
3f8c8800
3f8c8800
3f88d000
3f884800
3f884800
3f849000
3f840800
3f840800
3f805000
3f7f9000
3f7f9000
3f782000
3ff55800
3ff55800
3fead800
3fe95800
3fe95800
3fded800
3fdd5800
3fdd5800
3fd2d800
3fd15800
3fd15800
3fc6d800
3fc51000
3fc51000
3fbe1000
3fbd1000
3fbd1000
3fb61000
3fb51000
3fb51000
3fae1000
3fad1000
3fad1000
3fa61000
3fa44800
3fa44800
3f9f4000
3f9e8800
3f9e8800
3f998000
3f98c800
3f98c800
3f93c000
3f930800
3f930800
3f8e0000
3f8d1000
3f8d1000
3f895800
3f88d000
3f88d000
3f851800
3f849000
3f849000
3f80d800
3f805000
3f805000
3f793000
3ff55800
3ff55800
3fead800
3fe95800
3fe95800
3fded800
3fdd5800
3fdd5800
3fd2d800
3fd15800
3fd15800
3fc6d800
3fc51000
3fc51000
3fbe1000
3fbd1000
3fbd1000
3fb61000
3fb51000
3fb51000
3fae1000
3fad1000
3fad1000
3fa61000
3fa44800
3fa44800
3f9f4000
3f9e8800
3f9e8800
3f998000
3f98c800
3f98c800
3f93c000
3f930800
3f930800
3f8e0000
3f8d1000
3f8d1000
3f895800
3f88d000
3f88d000
3f851800
3f849000
3f849000
3f80d800
3f805000
3f805000
3f793000
3ffbb000
3ffbb000
3ff13000
3fefb000
3fefb000
3fe53000
3fe3b000
3fe3b000
3fd93000
3fd7b000
3fd7b000
3fcd3000
3fca1800
3fca1800
3fc31800
3fc21800
3fc21800
3fbb1800
3fba1800
3fba1800
3fb31800
3fb21800
3fb21800
3fab1800
3fa8a800
3fa8a800
3fa3a000
3fa2e800
3fa2e800
3f9de000
3f9d2800
3f9d2800
3f982000
3f976800
3f976800
3f926000
3f90c800
3f90c800
3f8d1000
3f8c8800
3f8c8800
3f88d000
3f884800
3f884800
3f849000
3f840800
3f840800
3f805000
3f807800
3f807800
3f807800
3f807800
3f807800
3f807800
3f807800
3f807800
3f807800
3f807800
3f807800
3f807800
3f807800
3f807800
3f807800
3f807800
3f807800
3f807800
3f807800
3f807800
3f807800
3f807800
3f807800
3f807800
3f807800
3f807800
3f807800
3f807800
3f807800
3f807800
3f807800
3f807800
3f807800
3f807800
3f807800
3f807800
3f807800
3f807800
3f807800
3f807800
3f807800
3f807800
3f807800
3f807800
3f807800
3f807800
3f807800
3f807800
3f807800
3f807800
3f807800
3f807800
3f807800
3f807800
3f807800
3f807800
3f807800
3f807800
3f807800
3f807800
3f807800
3f807800
3f807800
3f807800
3f807800
3f807800
3f807800
3f807800
3f807800
3f807800
3f807800
3f807800
3f807800
3f807800
3f807800
3f807800
3f807800
3f807800
3f807800
3f807800
3f807800
3f807800
3f807800
3f807800
3f807800
3f807800
3f807800
3f807800
3f807800
3f807800
3f807800
3f807800
3f807800
3f807800
3f807800
3f807800
3f807800
3f807800
3f807800
3f807800
3f807800
3f807800
3f807800
3f807800
3f807800
3f807800
3f807800
3f807800
3f807800
3f807800
3f807800
3f807800
3f807800
3f807800
3f807800
3f807800
3f807800
3f807800
3f807800
3f807800
3f807800
3f807800
3f807800
3f807800
3f807800
3f807800
3f807800
3f807800
3f807800
3f807800
3f807800
3f807800
3f807800
3f807800
3f807800
3f807800
3f807800
3f807800
3f807800
3f807800
3f807800
3f807800
3f807800
3f807800
3f807800
3f807800
3f807800
3f807800
3f807800
3f807800
3f807800
3f807800
3f807800
3f807800
3f807800
3f807800
3f807800
3f807800
3f807800
3f807800
3f807800
3f807800
3f807800
3f807800
3f807800
3f807800
3f807800
3f807800
3f807800
3f807800
3f807800
3f807800
3f807800
3f807800
3f807800
3f807800
3f807800
3f807800
3f807800
3f807800
3f807800
3f807800
3f807800
3f807800
3f807800
3f807800
3f807800
3f807800
3f807800
3f807800
3f807800
3f807800
3f807800
3f807800
3f807800
3f807800
3f807800
3f807800
3f807800
3f807800
3f807800
3f807800
3f807800
3f807800
3f807800
3f807800
3f807800
3f807800
3f807800
3f807800
3f807800
3f807800
3f807800
3f807800
3f807800
3f807800
3f807800
3f807800
3f807800
3f807800
3f807800
3f807800
3f807800
3f807800
3f807800
3f807800
3f807800
3f807800
3f807800
3f807800
3f807800
3f807800
3f807800
3f807800
3f807800
3f807800
3f807800
3f807800
3f807800
3f807800
3f807800
3f807800
3f807800
3f807800
3f807800
3f807800
3f807800
3f807800
3f807800
3f807800
3f807800
3f807800
3f807800
3f807800
3f807800
3f807800
3f807800
3f807800
3f807800
3f807800
3f807800
3f807800
3f807800
3f807800
3f807800
3f807800
3f807800
3f807800
3f807800
3f807800
3f807800
3f807800
3f807800
3f807800
3f807800
3f807800
3f807800
3f807800
3f807800
3f807800
3f807800
3f807800
3f807800
3f807800
3f807800
3f807800
3f807800
3f807800
3f807800
3f807800
3f807800
3f807800
3f807800
3f807800
3f807800
3f807800
3f807800
3f807800
3f807800
3f807800
3f807800
3f807800
3f807800
3f807800
3f807800
3f807800
3f807800
3f807800
3f807800
3f807800
3f807800
3f807800
3f807800
3f807800
3f807800
3f807800
3f807800
3f807800
3f807800
3f807800
3f807800
3f807800
3f807800
3f807800
3f807800
3f807800
3f807800
3f807800
3f807800
3f807800
3f807800
3f807800
3f807800
3f807800
3f807800
3f807800
3f807800
3f807800
3f807800
3f807800
3f807800
3f807800
3f807800
3f807800
3f807800
3f807800
3f807800
3f807800
3f807800
3f807800
3f807800
3f807800
3f807800
3f807800
3f807800
3f807800
3f807800
3f807800
3f807800
3f807800
3f807800
3f807800
3f807800
3f807800
3f807800
3f807800
3f807800
3f807800
3f807800
3f807800
3f807800
3f807800
3f807800
3f807800
3f807800
3f807800
3f807800
3f807800
3f807800
3f807800
3f807800
3f807800
3f807800
3f807800
3f807800
3f807800
3f807800
3f807800
3f807800
3f807800
3f807800
3f807800
3f807800
3f807800
3f807800
3f807800
3f807800
3f807800
3f807800
3f807800
3f807800
3f807800
3f807800
3f807800
3f807800
3f807800
3f807800
3f807800
3f807800
3f807800
3f807800
3f807800
3f807800
3f807800
3f807800
3f807800
3f807800
3f807800
3f807800
3f807800
3f807800
3f807800
3f807800
3f807800
3f807800
3f807800
3f807800
3f807800
3f807800
3f807800
3f807800
3f807800
3f807800
3f807800
3f807800
3f807800
3f807800
3f807800
3f807800
3f807800
3f807800
3f807800
3f807800
3f807800
3f807800
3f807800
3f807800
3f807800
3f807800
3f807800
3f807800
3f807800
3f807800
3f807800
3f807800
3f807800
3f807800
3f807800
3f807800
3f807800
3f807800
3f807800
3f807800
3f807800
3f807800
3f807800
3f807800
3f807800
3f807800
3f807800
3f807800
3f807800
3f807800
3f807800
3f807800
3f807800
3f807800
3f807800
3f807800
3f807800
3f807800
3f807800
3f807800
3f807800
3f807800
3f807800
3f807800
3f807800
3f807800
3f807800
3f807800
3f807800
3f807800
3f807800
3f807800
3f807800
3f807800
3f807800
3f807800
3f807800
3f807800
3f807800
3f807800
3f807800
3f807800
3f807800
3f807800
3f807800
3f807800
3f807800
3f807800
3f807800
3f807800
3f807800
3f807800
3f807800
3f807800
3f807800
3f807800
3f807800
3f807800
3f807800
3f807800
3f807800
3f807800
3f807800
3f807800
3f807800
3f807800
3f807800
3f807800
3f807800
3f807800
3f807800
3f807800
3f807800
3f807800
3f807800
3f807800
3f807800
3f807800
3f807800
3f807800
3f807800
3f807800
3f807800
3f807800
3f807800
3f807800
3f807800
3f807800
3f807800
3f807800
3f807800
3f807800
3f807800
3f807800
3f807800
3f807800
3f807800
3f807800
3f807800
3f807800
3f807800
3f807800
3f807800
3f807800
3f807800
3f807800
3f807800
3f807800
3f807800
3f807800
3f807800
3f807800
3f807800
3f807800
3f807800
3f807800
3f807800
3f807800
3f807800
3f807800
3f807800
3f807800
3f807800
3f807800
3f807800
3f807800
3f807800
3f807800
3f807800
3f807800
3f807800
3f807800
3f807800
3f807800
3f807800
3f807800
3f807800
3f807800
3f807800
3f807800
3f807800
3f807800
3f807800
3f807800
3f807800
3f807800
3f807800
3f807800
3f807800
3f807800
3f807800
3f807800
3f807800
3f807800
3f807800
3f807800
3f807800
3f807800
3f807800
3f807800
3f807800
3f807800
3f807800
3f807800
3f807800
3f807800
3f807800
3f807800
3f807800
3f807800
3f807800
3f807800
3f807800
3f807800
3f807800
3f807800
3f807800
3f807800
3f807800
3f807800
3f807800
3f807800
3f807800
3f807800
3f807800
3f807800
3f807800
3f807800
3f807800
3f807800
3f807800
3f807800
3f807800
3f807800
3f807800
3f807800
3f807800
3f807800
3f807800
3f807800
3f807800
3f807800
3f807800
3f807800
3f807800
3f807800
3f807800
3f807800
3f807800
3f807800
3f807800
3f807800
3f807800
3f807800
3f807800
3f807800
3f807800
3f807800
3f807800
3f807800
3f807800
3f807800
3f807800
3f807800
3f807800
3f807800
3f807800
3f807800
3f807800
3f807800
3f807800
3f807800
3f807800
3f807800
3f807800
3f807800
3f807800
3f807800
3f807800
3f807800
3f807800
3f807800
3f807800
3f807800
3f807800
3f807800
3f807800
3f807800
3f807800
3f807800
3f807800
3f807800
3f807800
3f807800
3f807800
3f807800
3f807800
3f807800
3f807800
3f807800
3f807800
3f807800
3f807800
3f807800
3f807800
3f807800
3f807800
3f807800
3f807800
3f807800
3f807800
3f807800
3f807800
3f807800
3f807800
3f807800
3f807800
3f807800
3f807800
3f807800
3f807800
3f807800
3f807800
3f807800
3f807800
3f807800
3f807800
3f807800
3f807800
3f807800
3f807800
3f807800
3f807800
3f807800
3f807800
3f807800
3f807800
3f807800
3f807800
3f807800
3f807800
3f807800
3f807800
3f807800
3f807800
3f807800
3f807800
3f807800
3f807800
3f807800
3f807800
3f807800
3f807800
3f807800
3f807800
3f807800
3f807800
3f807800
3f807800
3f807800
3f807800
3f807800
3f807800
3f807800
3f807800
3f807800
3f807800
3f807800
3f807800
3f807800
3f807800
3f807800
3f807800
3f807800
3f807800
3f807800
3f807800
3f807800
3f807800
3f807800
3f807800
3f807800
3f807800
3f807800
3f807800
3f807800
3f807800
3f807800
3f807800
3f807800
3f807800
3f807800
3f807800
3f807800
3f807800
3f807800
3f807800
3f807800
3f807800
3f807800
3f807800
3f807800
3f807800
3f807800
3f807800
3f807800
3f807800
3f807800
3f807800
3f807800
3f807800
3f807800
3f807800
3f807800
3f807800
3f807800
3f807800
3f807800
3f807800
3f807800
3f807800
3f807800
3f807800
3f807800
3f807800
3f807800
3f807800
3f807800
3f807800
3f807800
3f807800
3f807800
3f807800
3f807800
3f807800
3f807800
3f807800
3f807800
3f807800
3f807800
3f807800
3f807800
3f807800
3f807800
3f807800
3f807800
3f807800
3f807800
3f807800
3f807800
3f807800
3f807800
3f807800
3f807800
3f807800
3f807800
3f807800
3f807800
3f807800
3f807800
3f807800
3f807800
3f807800
3f807800
3f807800
3f807800
3f807800
3f807800
3f807800
3f807800
3f807800
3f807800
3f807800
3f807800
3f807800
3f807800
3f807800
3f807800
3f807800
3f807800
3f807800
3f807800
3f807800
3f807800
3f807800
3f807800
3f807800
3f807800
3f807800
3f807800
3f807800
3f807800
3f807800
3f807800
3f807800
3f807800
3f807800
3f807800
3f807800
3f807800
3f807800
3f807800
3f807800
3f807800
3f807800
3f807800
3f807800
3f807800
3f807800
3f807800
3f807800
3f807800
3f807800
3f807800
3f807800
3f807800
3f807800
3f807800
3f807800
3f807800
3f807800
3f807800
3f807800
3f807800
3f807800
3f807800
3f807800
3f807800
3f807800
3f807800
3f807800
3f807800
3f807800
3f807800
3f807800
3f807800
3f807800
3f807800
3f807800
3f807800
3f807800
3f807800
3f807800
3f807800
3f807800
3f807800
3f807800
3f807800
3f807800
3f807800
3f807800
3f807800
3f807800
3f807800
3f807800
3f807800
3f807800
3f807800
3f807800
3f807800
3f807800
3f807800
3f807800
3f807800
3f807800
3f807800
3f807800
3f807800
3f807800
3f807800
3f807800
3f807800
3f807800
3f807800
3f807800
3f807800
3f807800
3f807800
3f807800
3f807800
3f807800
3f807800
3f807800
3f807800
3f807800
3f807800
3f807800
3f807800
3f807800
3f807800
3f807800
3f807800
3f807800
3f807800
3f807800
3f807800
3f807800
3f807800
3f807800
3f807800
3f807800
3f807800
3f807800
3f807800
3f807800
3f807800
3f807800
3f807800
3f807800
3f807800
3f807800
3f807800
3f807800
3f807800
3f807800
3f807800
3f807800
3f807800
3f807800
3f807800
3f807800
3f807800
3f807800
3f807800
3f807800
3f807800
3f807800
3f807800
3f807800
3f807800
3f807800
3f807800
3f807800
3f807800
3f807800
3f807800
3f807800
3f807800
3f807800
3f807800
3f807800
3f807800
3f807800
3f807800
3f807800
3f807800
3f807800
3f807800
3f807800
3f807800
3f807800
3f807800
3f807800
3f807800
3f807800
3f807800
3f807800
3f807800
3f807800
3f807800
3f807800
3f807800
3f807800
3f807800
3f807800
3f807800
3f807800
3f807800
3f807800
3f807800
3f807800
3f807800
3f807800
3f807800
3f807800
3f807800
3f807800
3f807800
3f807800
3f807800
3f807800
3f807800
3f807800
3f807800
3f807800
3f807800
3f807800
3f807800
3f807800
3f807800
3f807800
3f807800
3f807800
3f807800
3f807800
3f807800
3f807800
3f807800
3f807800
3f807800
3f807800
3f807800
3f807800
3f807800
3f807800
3f807800
3f807800
3f807800
3f807800
3f807800
3f807800
3f807800
3f807800
3f807800
3f807800
3f807800
3f807800
3f807800
3f807800
3f807800
3f807800
3f807800
3f807800
3f807800
3f807800
3f807800
3f807800
3f807800
3f807800
3f807800
3f807800
3f807800
3f807800
3f807800
3f807800
3f807800
3f807800
3f807800
3f807800
3f807800
3f807800
3f807800
3f807800
3f807800
3f807800
3f807800
3f807800
3f807800
3f807800
3f807800
3f807800
3f807800
3f807800
3f807800
3f807800
3f807800
3f807800
3f807800
3f807800
3f807800
3f807800
3f807800
3f807800
3f807800
3f807800
3f807800
3f807800
3f807800
3f807800
3f807800
3f807800
3f807800
3f807800
3f807800
3f807800
3f807800
3f807800
3f807800
3f807800
3f807800
3f807800
3f807800
3f807800
3f807800
3f807800
3f807800
3f807800
3f807800
3f807800
3f807800
3f807800
3f807800
3f807800
3f807800
3f807800
3f807800
3f807800
3f807800
3f807800
3f807800
3f807800
3f807800
3f807800
3f807800
3f807800
3f807800
3f807800
3f807800
3f807800
3f807800
3f807800
3f807800
3f807800
3f807800
3f807800
3f807800
3f807800
3f807800
3f807800
3f807800
3f807800
3f807800
3f807800
3f807800
3f807800
3f807800
3f807800
3f807800
3f807800
3f807800
3f807800
3f807800
3f807800
3f807800
3f807800
3f807800
3f807800
3f807800
3f807800
3f807800
3f807800
3f807800
3f807800
3f807800
3f807800
3f807800
3f807800
3f807800
3f807800
3f807800
3f807800
3f807800
3f807800
3f807800
3f807800
3f807800
3f807800
3f807800
3f807800
3f807800
3f807800
3f807800
3f807800
3f807800
3f807800
3f807800
3f807800
3f807800
3f807800
3f807800
3f807800
3f807800
3f807800
3f807800
3f807800
3f807800
3f807800
3f807800
3f807800
3f807800
3f807800
3f807800
3f807800
3f807800
3f807800
3f807800
3f807800
3f807800
3f807800
3f807800
3f807800
3f807800
3f807800
3f807800
3f807800
3f807800
3f807800
3f807800
3f807800
3f807800
3f807800
3f807800
3f807800
3f807800
3f807800
3f807800
3f807800
3f807800
3f807800
3f807800
3f807800
3f807800
3f807800
3f807800
3f807800
3f807800
3f807800
3f807800
3f807800
3f807800
3f807800
3f807800
3f807800
3f807800
3f807800
3f807800
3f807800
3f807800
3f807800
3f807800
3f807800
3f807800
3f807800
3f807800
3f807800
3f807800
3f807800
3f807800
3f807800
3f807800
3f807800
3f807800
3f807800
3f807800
3f807800
3f807800
3f807800
3f807800
3f807800
3f807800
3f807800
3f807800
3f807800
3f807800
3f807800
3f807800
3f807800
3f807800
3f807800
3f807800
3f807800
3f807800
3f807800
3f807800
3f807800
3f807800
3f807800
3f807800
3f807800
3f807800
3f807800
3f807800
3f807800
3f807800
3f807800
3f807800
3f807800
3f807800
3f807800
3f807800
3f807800
3f807800
3f807800
3f807800
3f807800
3f807800
3f807800
3f807800
3f807800
3f807800
3f807800
3f807800
3f807800
3f807800
3f807800
3f807800
3f807800
3f807800
3f807800
3f807800
3f807800
3f807800
3f807800
3f807800
3f807800
3f807800
3f807800
3f807800
3f807800
3f807800
3f807800
3f807800
3f807800
3f807800
3f807800
3f807800
3f807800
3f807800
3f807800
3f807800
3f807800
3f807800
3f807800
3f807800
3f807800
3f807800
3f807800
3f807800
3f807800
3f807800
3f807800
3f807800
3f807800
3f807800
3f807800
3f807800
3f807800
3f807800
3f807800
3f807800
3f807800
3f807800
3f807800
3f807800
3f807800
3f807800
3f807800
3f807800
3f807800
3f807800
3f807800
3f807800
3f807800
3f807800
3f807800
3f807800
3f807800
3f807800
3f807800
3f807800
3f807800
3f807800
3f807800
3f807800
3f807800
3f807800
3f807800
3f807800
3f807800
3f807800
3f807800
3f807800
3f807800
3f807800
3f807800
3f807800
3f807800
3f807800
3f807800
3f807800
3f807800
3f807800
3f807800
3f807800
3f807800
3f807800
3f807800
3f807800
3f807800
3f807800
3f807800
3f807800
3f807800
3f807800
3f807800
3f807800
3f807800
3f807800
3f807800
3f807800
3f807800
3f807800
3f807800
3f807800
3f807800
3f807800
3f807800
3f807800
3f807800
3f807800
3f807800
3f807800
3f807800
3f807800
3f807800
3f807800
3f807800
3f807800
3f807800
3f807800
3f807800
3f807800
3f807800
3f807800
3f807800
3f807800
3f807800
3f807800
3f807800
3f807800
3f807800
3f807800
3f807800
3f807800
3f807800
3f807800
3f807800
3f807800
3f807800
3f807800
3f807800
3f807800
3f807800
3f807800
3f807800
3f807800
3f807800
3f807800
3f807800
3f807800
3f807800
3f807800
3f807800
3f807800
3f807800
3f807800
3f807800
3f807800
3f807800
3f807800
3f807800
3f807800
3f807800
3f807800
3f807800
3f807800
3f807800
3f807800
3f807800
3f807800
3f807800
3f807800
3f807800
3f807800
3f807800
3f807800
3f807800
3f807800
3f807800
3f807800
3f807800
3f807800
3f807800
3f807800
3f807800
3f807800
3f807800
3f807800
3f807800
3f807800
3f807800
3f807800
3f807800
3f807800
3f807800
3f807800
3f807800
3f807800
3f807800
3f807800
3f807800
3f807800
3f807800
3f807800
3f807800
3f807800
3f807800
3f807800
3f807800
3f807800
3f807800
3f807800
3f807800
3f807800
3f807800
3f807800
3f807800
3f807800
3f807800
3f807800
3f807800
3f807800
3f807800
3f807800
3f807800
3f807800
3f807800
3f807800
3f807800
3f807800
3f807800
3f807800
3f807800
3f807800
3f807800
3f807800
3f807800
3f807800
3f807800
3f807800
3f807800
3f807800
3f807800
3f807800
3f807800
3f807800
3f807800
3f807800
3f807800
3f807800
3f807800
3f807800
3f807800
3f807800
3f807800
3f807800
3f807800
3f807800
3f807800
3f807800
3f807800
3f807800
3f807800
3f807800
3f807800
3f807800
3f807800
3f807800
3f807800
3f807800
3f807800
3f807800
3f807800
3f807800
3f807800
3f807800
3f807800
3f807800
3f807800
3f807800
3f807800
3f807800
3f807800
3f807800
3f807800
3f807800
3f807800
3f807800
3f807800
3f807800
3f807800
3f807800
3f807800
3f807800
3f807800
3f807800
3f807800
3f807800
3f807800
3f807800
3f807800
3f807800
3f807800
3f807800
3f807800
3f807800
3f807800
3f807800
3f807800
3f807800
3f807800
3f807800
3f807800
3f807800
3f807800
3f807800
3f807800
3f807800
3f807800
3f807800
3f807800
3f807800
3f807800
3f807800
3f807800
3f807800
3f807800
3f807800
3f807800
3f807800
3f807800
3f807800
3f807800
3f807800
3f807800
3f807800
3f807800
3f807800
3f807800
3f807800
3f807800
3f807800
3f807800
3f807800
3f807800
3f807800
3f807800
3f807800
3f807800
3f807800
3f807800
3f807800
3f807800
3f807800
3f807800
3f807800
3f807800
3f807800
3f807800
3f807800
3f807800
3f807800
3f807800
3f807800
3f807800
3f807800
3f807800
3f807800
3f807800
3f807800
3f807800
3f807800
3f807800
3f807800
3f807800
3f807800
3f807800
3f807800
3f807800
3f807800
3f807800
3f807800
3f807800
3f807800
3f807800
3f807800
3f807800
3f807800
3f807800
3f807800
3f807800
3f807800
3f807800
3f807800
3f807800
3f807800
3f807800
3f807800
3f807800
3f807800
3f807800
3f807800
3f807800
3f807800
3f807800
3f807800
3f807800
3f807800
3f807800
3f807800
3f807800
3f807800
3f807800
3f807800
3f807800
3f807800
3f807800
3f807800
3f807800
3f807800
3f807800
3f807800
3f807800
3f807800
3f807800
3f807800
3f807800
3f807800
3f807800
3f807800
3f807800
3f807800
3f807800
3f807800
3f807800
3f807800
3f807800
3f807800
3f807800
3f807800
3f807800
3f807800
3f807800
3f807800
3f807800
3f807800
3f807800
3f807800
3f807800
3f807800
3f807800
3f807800
3f807800
3f807800
3f807800
3f807800
3f807800
3f807800
3f807800
3f807800
3f807800
3f807800
3f807800
3f807800
3f807800
3f807800
3f807800
3f807800
3f807800
3f807800
3f807800
3f807800
3f807800
3f807800
3f807800
3f807800
3f807800
3f807800
3f807800
3f807800
3f807800
3f807800
3f807800
3f807800
3f807800
3f807800
3f807800
3f807800
3f807800
3f807800
3f807800
3f807800
3f807800
3f807800
3f807800
3f807800
3f807800
3f807800
3f807800
3f807800
3f807800
3f807800
3f807800
3f807800
3f807800
3f807800
3f807800
3f807800
3f807800
3f807800
3f807800
3f807800
3f807800
3f807800
3f807800
3f807800
3f807800
3f807800
3f807800
3f807800
3f807800
3f807800
3f807800
3f807800
3f807800
3f807800
3f807800
3f807800
3f807800
3f807800
3f807800
3f807800
3f807800
3f807800
3f807800
3f807800
3f807800
3f807800
3f807800
3f807800
3f807800
3f807800
3f807800
3f807800
3f807800
3f807800
3f807800
3f807800
3f807800
3f807800
3f807800
3f807800
3f807800
3f807800
3f807800
3f807800
3f807800
3f807800
3f807800
3f807800
3f807800
3f807800
3f807800
3f807800
3f807800
3f807800
3f807800
3f807800
3f807800
3f807800
3f807800
3f807800
3f807800
3f807800
3f807800
3f807800
3f807800
3f807800
3f807800
3f807800
3f807800
3f807800
3f807800
3f807800
3f807800
3f807800
3f807800
3f807800
3f807800
3f807800
3f807800
3f807800
3f807800
3f807800
3f807800
3f807800
3f807800
3f807800
3f807800
3f807800
3f807800
3f807800
3f807800
3f807800
3f807800
3f807800
3f807800
3f807800
3f807800
3f807800
3f807800
3f807800
3f807800
3f807800
3f807800
3f807800
3f807800
3f807800
3f807800
3f807800
3f807800
3f807800
3f807800
3f807800
3f807800
3f807800
3f807800
3f807800
3f807800
3f807800
3f807800
3f807800
3f807800
3f807800
3f807800
3f807800
3f807800
3f807800
3f807800
3f807800
3f807800
3f807800
3f807800
3f807800
3f807800
3f807800
3f807800
3f807800
3f807800
3f807800
3f807800
3f807800
3f807800
3f807800
3f807800
3f807800
3f807800
3f807800
3f807800
3f807800
3f807800
3f807800
3f807800
3f807800
3f807800
3f807800
3f807800
3f807800
3f807800
3f807800
3f807800
3f807800
3f807800
3f807800
3f807800
3f807800
3f807800
3f807800
3f807800
3f807800
3f807800
3f809000
3f809000
3f809000
3f809000
3f809000
3f809000
3f809000
3f809000
3f809000
3f809000
3f809000
3f809000
3f809000
3f809000
3f809000
3f809000
3f809000
3f809000
3f809000
3f809000
3f809000
3f809000
3f809000
3f809000
3f809000
3f809000
3f809000
3f809000
3f809000
3f809000
3f809000
3f809000
3f809000
3f809000
3f809000
3f809000
3f809000
3f809000
3f809000
3f809000
3f809000
3f809000
3f809000
3f809000
3f809000
3f809000
3f809000
3f809000
3f809000
3f809000
3f809000
3f809000
3f809000
3f809000
3f809000
3f809000
3f809000
3f809000
3f809000
3f809000
3f809000
3f809000
3f809000
3f809000
3f809000
3f809000
3f809000
3f809000
3f809000
3f809000
3f809000
3f809000
3f809000
3f809000
3f809000
3f809000
3f809000
3f809000
3f809000
3f809000
3f809000
3f809000
3f809000
3f809000
3f809000
3f809000
3f809000
3f809000
3f809000
3f809000
3f809000
3f809000
3f809000
3f809000
3f809000
3f809000
3f809000
3f809000
3f809000
3f809000
3f809000
3f809000
3f809000
3f809000
3f809000
3f809000
3f809000
3f809000
3f809000
3f809000
3f809000
3f809000
3f809000
3f809000
3f809000
3f809000
3f809000
3f809000
3f809000
3f809000
3f809000
3f809000
3f809000
3f809000
3f809000
3f809000
3f809000
3f809000
3f809000
3f809000
3f809000
3f809000
3f809000
3f809000
3f809000
3f809000
3f809000
3f809000
3f809000
3f809000
3f809000
3f809000
3f809000
3f809000
3f809000
3f809000
3f809000
3f809000
3f809000
3f809000
3f809000
3f809000
3f809000
3f809000
3f809000
3f809000
3f809000
3f809000
3f809000
3f809000
3f809000
3f809000
3f809000
3f809000
3f809000
3f809000
3f809000
3f809000
3f809000
3f809000
3f809000
3f809000
3f809000
3f809000
3f809000
3f809000
3f809000
3f809000
3f809000
3f809000
3f809000
3f809000
3f809000
3f809000
3f809000
3f809000
3f809000
3f809000
3f809000
3f809000
3f809000
3f809000
3f809000
3f809000
3f809000
3f809000
3f809000
3f809000
3f809000
3f809000
3f809000
3f809000
3f809000
3f809000
3f809000
3f809000
3f809000
3f809000
3f809000
3f809000
3f809000
3f809000
3f809000
3f809000
3f809000
3f809000
3f809000
3f809000
3f809000
3f809000
3f809000
3f809000
3f809000
3f809000
3f809000
3f809000
3f809000
3f809000
3f809000
3f809000
3f809000
3f809000
3f809000
3f809000
3f809000
3f809000
3f809000
3f809000
3f809000
3f809000
3f809000
3f809000
3f809000
3f809000
3f809000
3f809000
3f809000
3f809000
3f809000
3f809000
3f809000
3f809000
3f809000
3f809000
3f809000
3f809000
3f809000
3f809000
3f809000
3f809000
3f809000
3f809000
3f809000
3f809000
3f809000
3f809000
3f809000
3f809000
3f809000
3f809000
3f809000
3f809000
3f809000
3f809000
3f809000
3f809000
3f809000
3f809000
3f809000
3f809000
3f809000
3f809000
3f809000
3f809000
3f809000
3f809000
3f809000
3f809000
3f809000
3f809000
3f809000
3f809000
3f809000
3f809000
3f809000
3f809000
3f809000
3f809000
3f809000
3f809000
3f809000
3f809000
3f809000
3f809000
3f809000
3f809000
3f809000
3f809000
3f809000
3f809000
3f809000
3f809000
3f809000
3f809000
3f809000
3f809000
3f809000
3f809000
3f809000
3f809000
3f809000
3f809000
3f809000
3f809000
3f809000
3f809000
3f809000
3f809000
3f809000
3f809000
3f809000
3f809000
3f809000
3f809000
3f809000
3f809000
3f809000
3f809000
3f809000
3f809000
3f809000
3f809000
3f809000
3f809000
3f809000
3f809000
3f809000
3f809000
3f809000
3f809000
3f809000
3f809000
3f809000
3f809000
3f809000
3f809000
3f809000
3f809000
3f809000
3f809000
3f809000
3f809000
3f809000
3f809000
3f809000
3f809000
3f809000
3f809000
3f809000
3f809000
3f809000
3f809000
3f809000
3f809000
3f809000
3f809000
3f809000
3f809000
3f809000
3f809000
3f809000
3f809000
3f809000
3f809000
3f809000
3f809000
3f809000
3f809000
3f809000
3f809000
3f809000
3f809000
3f809000
3f809000
3f809000
3f809000
3f809000
3f809000
3f809000
3f809000
3f809000
3f809000
3f809000
3f809000
3f809000
3f809000
3f809000
3f809000
3f809000
3f809000
3f809000
3f809000
3f809000
3f809000
3f809000
3f809000
3f809000
3f809000
3f809000
3f809000
3f809000
3f809000
3f809000
3f809000
3f809000
3f809000
3f809000
3f809000
3f809000
3f809000
3f809000
3f809000
3f809000
3f809000
3f809000
3f809000
3f809000
3f809000
3f809000
3f809000
3f809000
3f809000
3f809000
3f809000
3f809000
3f809000
3f809000
3f809000
3f809000
3f809000
3f809000
3f809000
3f809000
3f809000
3f809000
3f809000
3f809000
3f809000
3f809000
3f809000
3f809000
3f809000
3f809000
3f809000
3f809000
3f809000
3f809000
3f809000
3f809000
3f809000
3f809000
3f809000
3f809000
3f809000
3f809000
3f809000
3f809000
3f809000
3f809000
3f809000
3f809000
3f809000
3f809000
3f809000
3f809000
3f809000
3f809000
3f809000
3f809000
3f809000
3f809000
3f809000
3f809000
3f809000
3f809000
3f809000
3f809000
3f809000
3f809000
3f809000
3f809000
3f809000
3f809000
3f809000
3f809000
3f809000
3f809000
3f809000
3f809000
3f809000
3f809000
3f809000
3f809000
3f809000
3f809000
3f809000
3f809000
3f809000
3f809000
3f809000
3f809000
3f809000
3f809000
3f809000
3f809000
3f809000
3f809000
3f809000
3f809000
3f809000
3f809000
3f809000
3f809000
3f809000
3f809000
3f809000
3f809000
3f809000
3f809000
3f809000
3f809000
3f809000
3f809000
3f809000
3f809000
3f809000
3f809000
3f809000
3f809000
3f809000
3f809000
3f809000
3f809000
3f809000
3f809000
3f809000
3f809000
3f809000
3f809000
3f809000
3f809000
3f809000
3f809000
3f809000
3f809000
3f809000
3f809000
3f809000
3f809000
3f809000
3f809000
3f809000
3f809000
3f809000
3f809000
3f809000
3f809000
3f809000
3f809000
3f809000
3f809000
3f809000
3f809000
3f809000
3f809000
3f809000
3f809000
3f809000
3f809000
3f809000
3f809000
3f809000
3f809000
3f809000
3f809000
3f809000
3f809000
3f809000
3f809000
3f809000
3f809000
3f809000
3f809000
3f809000
3f809000
3f809000
3f809000
3f809000
3f809000
3f809000
3f809000
3f809000
3f809000
3f809000
3f809000
3f809000
3f809000
3f809000
3f809000
3f809000
3f809000
3f809000
3f809000
3f809000
3f809000
3f809000
3f809000
3f809000
3f809000
3f809000
3f809000
3f809000
3f809000
3f809000
3f809000
3f809000
3f809000
3f809000
3f809000
3f809000
3f809000
3f809000
3f809000
3f809000
3f809000
3f809000
3f809000
3f809000
3f809000
3f809000
3f809000
3f809000
3f809000
3f809000
3f809000
3f809000
3f809000
3f809000
3f809000
3f809000
3f809000
3f809000
3f809000
3f809000
3f809000
3f809000
3f809000
3f809000
3f809000
3f809000
3f809000
3f809000
3f809000
3f809000
3f809000
3f809000
3f809000
3f809000
3f809000
3f809000
3f809000
3f809000
3f809000
3f809000
3f809000
3f809000
3f809000
3f809000
3f809000
3f809000
3f809000
3f809000
3f809000
3f809000
3f809000
3f809000
3f809000
3f809000
3f809000
3f809000
3f809000
3f809000
3f809000
3f809000
3f809000
3f809000
3f809000
3f809000
3f809000
3f809000
3f809000
3f809000
3f809000
3f809000
3f809000
3f809000
3f809000
3f809000
3f809000
3f809000
3f809000
3f809000
3f809000
3f809000
3f809000
3f809000
3f809000
3f809000
3f809000
3f809000
3f809000
3f809000
3f809000
3f809000
3f809000
3f809000
3f809000
3f809000
3f809000
3f809000
3f809000
3f809000
3f809000
3f809000
3f809000
3f809000
3f809000
3f809000
3f809000
3f809000
3f809000
3f809000
3f809000
3f809000
3f809000
3f809000
3f809000
3f809000
3f809000
3f809000
3f809000
3f809000
3f809000
3f809000
3f809000
3f809000
3f809000
3f809000
3f809000
3f809000
3f809000
3f809000
3f809000
3f809000
3f809000
3f809000
3f809000
3f809000
3f809000
3f809000
3f809000
3f809000
3f809000
3f809000
3f809000
3f809000
3f809000
3f809000
3f809000
3f809000
3f809000
3f809000
3f809000
3f809000
3f809000
3f809000
3f809000
3f809000
3f809000
3f809000
3f809000
3f809000
3f809000
3f809000
3f809000
3f809000
3f809000
3f809000
3f809000
3f809000
3f809000
3f809000
3f809000
3f809000
3f809000
3f809000
3f809000
3f809000
3f809000
3f809000
3f809000
3f809000
3f809000
3f809000
3f809000
3f809000
3f809000
3f809000
3f809000
3f809000
3f809000
3f809000
3f809000
3f809000
3f809000
3f809000
3f809000
3f809000
3f809000
3f809000
3f809000
3f809000
3f809000
3f809000
3f809000
3f809000
3f809000
3f809000
3f809000
3f809000
3f809000
3f809000
3f809000
3f809000
3f809000
3f809000
3f809000
3f809000
3f809000
3f809000
3f809000
3f809000
3f809000
3f809000
3f809000
3f809000
3f809000
3f809000
3f809000
3f809000
3f809000
3f809000
3f809000
3f809000
3f809000
3f809000
3f809000
3f809000
3f809000
3f809000
3f809000
3f809000
3f809000
3f809000
3f809000
3f809000
3f809000
3f809000
3f809000
3f809000
3f809000
3f809000
3f809000
3f809000
3f809000
3f809000
3f809000
3f809000
3f809000
3f809000
3f809000
3f809000
3f809000
3f809000
3f809000
3f809000
3f809000
3f809000
3f809000
3f809000
3f809000
3f809000
3f809000
3f809000
3f809000
3f809000
3f809000
3f809000
3f809000
3f809000
3f809000
3f809000
3f809000
3f809000
3f809000
3f809000
3f809000
3f809000
3f809000
3f809000
3f809000
3f809000
3f809000
3f809000
3f809000
3f809000
3f809000
3f809000
3f809000
3f809000
3f809000
3f809000
3f809000
3f809000
3f809000
3f809000
3f809000
3f809000
3f809000
3f809000
3f809000
3f809000
3f809000
3f809000
3f809000
3f809000
3f809000
3f809000
3f809000
3f809000
3f809000
3f809000
3f809000
3f809000
3f809000
3f809000
3f809000
3f809000
3f809000
3f809000
3f809000
3f809000
3f809000
3f809000
3f809000
3f809000
3f809000
3f809000
3f809000
3f809000
3f809000
3f809000
3f809000
3f809000
3f809000
3f809000
3f809000
3f809000
3f809000
3f809000
3f809000
3f809000
3f809000
3f809000
3f809000
3f809000
3f809000
3f809000
3f809000
3f809000
3f809000
3f809000
3f809000
3f809000
3f809000
3f809000
3f809000
3f809000
3f809000
3f809000
3f809000
3f809000
3f809000
3f809000
3f809000
3f809000
3f809000
3f809000
3f809000
3f809000
3f809000
3f809000
3f809000
3f809000
3f809000
3f809000
3f809000
3f809000
3f809000
3f809000
3f809000
3f809000
3f809000
3f809000
3f809000
3f809000
3f809000
3f809000
3f809000
3f809000
3f809000
3f809000
3f809000
3f809000
3f809000
3f809000
3f809000
3f809000
3f809000
3f809000
3f809000
3f809000
3f809000
3f809000
3f809000
3f809000
3f809000
3f809000
3f809000
3f809000
3f809000
3f809000
3f809000
3f809000
3f809000
3f809000
3f809000
3f809000
3f809000
3f809000
3f809000
3f809000
3f809000
3f809000
3f809000
3f809000
3f809000
3f809000
3f809000
3f809000
3f809000
3f809000
3f809000
3f809000
3f809000
3f809000
3f809000
3f809000
3f809000
3f809000
3f809000
3f809000
3f809000
3f809000
3f809000
3f809000
3f809000
3f809000
3f809000
3f809000
3f809000
3f809000
3f809000
3f809000
3f809000
3f809000
3f809000
3f809000
3f809000
3f809000
3f809000
3f809000
3f809000
3f809000
3f809000
3f809000
3f809000
3f809000
3f809000
3f809000
3f809000
3f809000
3f809000
3f809000
3f809000
3f809000
3f809000
3f809000
3f809000
3f809000
3f809000
3f809000
3f809000
3f809000
3f809000
3f809000
3f809000
3f809000
3f809000
3f809000
3f809000
3f809000
3f809000
3f809000
3f809000
3f809000
3f809000
3f809000
3f809000
3f809000
3f809000
3f809000
3f809000
3f809000
3f809000
3f809000
3f809000
3f809000
3f809000
3f809000
3f809000
3f809000
3f809000
3f809000
3f809000
3f809000
3f809000
3f809000
3f809000
3f809000
3f809000
3f809000
3f809000
3f809000
3f809000
3f809000
3f809000
3f809000
3f809000
3f809000
3f809000
3f809000
3f809000
3f809000
3f809000
3f809000
3f809000
3f809000
3f809000
3f809000
3f809000
3f809000
3f809000
3f809000
3f809000
3f809000
3f809000
3f809000
3f809000
3f809000
3f809000
3f809000
3f809000
3f809000
3f809000
3f809000
3f809000
3f809000
3f809000
3f809000
3f809000
3f809000
3f809000
3f809000
3f809000
3f809000
3f809000
3f809000
3f809000
3f809000
3f809000
3f809000
3f809000
3f809000
3f809000
3f809000
3f809000
3f809000
3f809000
3f809000
3f809000
3f809000
3f809000
3f809000
3f809000
3f809000
3f809000
3f809000
3f809000
3f809000
3f809000
3f809000
3f809000
3f809000
3f809000
3f809000
3f809000
3f809000
3f809000
3f809000
3f809000
3f809000
3f809000
3f809000
3f809000
3f809000
3f809000
3f809000
3f809000
3f809000
3f809000
3f809000
3f809000
3f809000
3f809000
3f809000
3f809000
3f809000
3f809000
3f809000
3f809000
3f809000
3f809000
3f809000
3f809000
3f809000
3f809000
3f809000
3f809000
3f809000
3f809000
3f809000
3f809000
3f809000
3f809000
3f809000
3f809000
3f809000
3f809000
3f809000
3f809000
3f809000
3f809000
3f809000
3f809000
3f809000
3f809000
3f809000
3f809000
3f809000
3f809000
3f809000
3f809000
3f809000
3f809000
3f809000
3f809000
3f809000
3f809000
3f809000
3f809000
3f809000
3f809000
3f809000
3f809000
3f809000
3f809000
3f809000
3f809000
3f809000
3f809000
3f809000
3f809000
3f809000
3f809000
3f809000
3f809000
3f809000
3f809000
3f809000
3f809000
3f809000
3f809000
3f809000
3f809000
3f809000
3f809000
3f809000
3f809000
3f809000
3f809000
3f809000
3f809000
3f809000
3f809000
3f809000
3f809000
3f809000
3f809000
3f809000
3f809000
3f809000
3f809000
3f809000
3f809000
3f809000
3f809000
3f809000
3f809000
3f809000
3f809000
3f809000
3f809000
3f809000
3f809000
3f809000
3f809000
3f809000
3f809000
3f809000
3f809000
3f809000
3f809000
3f809000
3f809000
3f809000
3f809000
3f809000
3f809000
3f809000
3f809000
3f809000
3f809000
3f809000
3f809000
3f809000
3f809000
3f809000
3f809000
3f809000
3f809000
3f809000
3f809000
3f809000
3f809000
3f809000
3f809000
3f809000
3f809000
3f809000
3f809000
3f809000
3f809000
3f809000
3f809000
3f809000
3f809000
3f809000
3f809000
3f809000
3f809000
3f809000
3f809000
3f809000
3f809000
3f809000
3f809000
3f809000
3f809000
3f809000
3f809000
3f809000
3f809000
3f809000
3f809000
3f809000
3f809000
3f809000
3f809000
3f809000
3f809000
3f809000
3f809000
3f809000
3f809000
3f809000
3f809000
3f809000
3f809000
3f809000
3f809000
3f809000
3f809000
3f809000
3f809000
3f809000
3f809000
3f809000
3f809000
3f809000
3f809000
3f809000
3f809000
3f809000
3f809000
3f809000
3f809000
3f809000
3f809000
3f809000
3f809000
3f809000
3f809000
3f809000
3f809000
3f809000
3f809000
3f809000
3f809000
3f809000
3f809000
3f809000
3f809000
3f809000
3f809000
3f809000
3f809000
3f809000
3f809000
3f809000
3f809000
3f809000
3f809000
3f809000
3f809000
3f809000
3f809000
3f809000
3f809000
3f809000
3f809000
3f809000
3f809000
3f809000
3f809000
3f809000
3f809000
3f809000
3f809000
3f809000
3f809000
3f809000
3f809000
3f809000
3f809000
3f809000
3f809000
3f809000
3f809000
3f809000
3f809000
3f809000
3f809000
3f809000
3f809000
3f809000
3f809000
3f809000
3f809000
3f809000
3f809000
3f809000
3f809000
3f809000
3f809000
3f809000
3f809000
3f809000
3f809000
3f809000
3f809000
3f809000
3f809000
3f809000
3f809000
3f809000
3f809000
3f809000
3f809000
3f809000
3f809000
3f809000
3f809000
3f809000
3f809000
3f809000
3f809000
3f809000
3f809000
3f809000
3f809000
3f809000
3f809000
3f809000
3f809000
3f809000
3f809000
3f809000
3f809000
3f809000
3f809000
3f809000
3f809000
3f809000
3f809000
3f809000
3f809000
3f809000
3f809000
3f809000
3f809000
3f809000
3f809000
3f809000
3f809000
3f809000
3f809000
3f809000
3f809000
3f809000
3f809000
3f809000
3f809000
3f809000
3f809000
3f809000
3f809000
3f809000
3f809000
3f809000
3f809000
3f809000
3f809000
3f809000
3f809000
3f809000
3f809000
3f809000
3f809000
3f809000
3f809000
3f809000
3f809000
3f809000
3f809000
3f809000
3f809000
3f809000
3f809000
3f809000
3f809000
3f809000
3f809000
3f809000
3f809000
3f809000
3f809000
3f809000
3f809000
3f809000
3f809000
3f809000
3f809000
3f809000
3f809000
3f809000
3f809000
3f809000
3f809000
3f809000
3f809000
3f809000
3f809000
3f809000
3f809000
3f809000
3f809000
3f809000
3f809000
3f809000
3f809000
3f809000
3f809000
3f809000
3f809000
3f809000
3f809000
3f809000
3f809000
3f809000
3f809000
3f809000
3f809000
3f809000
3f809000
3f809000
3f809000
3f809000
3f809000
3f809000
3f809000
3f809000
3f809000
3f809000
3f809000
3f809000
3f809000
3f809000
3f809000
3f809000
3f809000
3f809000
3f809000
3f809000
3f809000
3f809000
3f809000
3f809000
3f809000
3f809000
3f809000
3f809000
3f809000
3f809000
3f809000
3f809000
3f809000
3f809000
3f809000
3f809000
3f809000
3f809000
3f809000
3f809000
3f809000
3f809000
3f809000
3f809000
3f809000
3f809000
3f809000
3f809000
3f809000
3f809000
3f809000
3f809000
3f809000
3f809000
3f809000
3f809000
3f809000
3f809000
3f809000
3f809000
3f809000
3f809000
3f809000
3f809000
3f809000
3f809000
3f809000
3f809000
3f809000
3f809000
3f809000
3f809000
3f809000
3f809000
3f809000
3f809000
3f809000
3f809000
3f809000
3f809000
3f809000
3f809000
3f809000
3f809000
3f809000
3f809000
3f809000
3f809000
3f809000
3f809000
3f809000
3f809000
3f809000
3f809000
3f809000
3f809000
3f809000
3f809000
3f809000
3f809000
3f809000
3f809000
3f809000
3f809000
3f809000
3f809000
3f809000
3f809000
3f809000
3f809000
3f809000
3f809000
3f809000
3f809000
3f809000
3f809000
3f809000
3f809000
3f809000
3f809000
3f809000
3f809000
3f809000
3f809000
3f809000
3f809000
3f809000
3f809000
3f809000
3f809000
3f809000
3f809000
3f809000
3f809000
3f809000
3f809000
3f809000
3f809000
3f809000
3f809000
3f809000
3f809000
3f809000
3f809000
3f809000
3f809000
3f809000
3f809000
3f809000
3f809000
3f809000
3f809000
3f809000
3f809000
3f809000
3f809000
3f809000
3f809000
3f809000
3f809000
3f809000
3f809000
3f809000
3f809000
3f809000
3f809000
3f809000
3f809000
3f809000
3f809000
3f809000
3f809000
3f809000
3f809000
3f809000
3f809000
3f809000
3f809000
3f809000
3f809000
3f809000
3f809000
3f809000
3f809000
3f809000
3f809000
3f809000
3f809000
3f809000
3f809000
3f809000
3f809000
3f809000
3f809000
3f809000
3f809000
3f809000
3f809000
3f809000
3f809000
3f809000
3f809000
3f809000
3f809000
3f809000
3f809000
3f809000
3f809000
3f809000
3f809000
3f809000
3f809000
3f809000
3f809000
3f809000
3f809000
3f809000
3f809000
3f809000
3f809000
3f809000
3f809000
3f809000
3f809000
3f809000
3f809000
3f809000
3f809000
3f809000
3f809000
3f809000
3f809000
3f809000
3f809000
3f809000
3f809000
3f809000
3f809000
3f809000
3f809000
3f809000
3f809000
3f809000
3f809000
3f809000
3f809000
3f809000
3f809000
3f809000
3f809000
3f809000
3f809000
3f809000
3f809000
3f809000
3f809000
3f809000
3f809000
3f809000
3f809000
3f809000
3f809000
3f809000
3f809000
3f809000
3f809000
3f809000
3f809000
3f809000
3f809000
3f809000
3f809000
3f809000
3f809000
3f809000
3f809000
3f809000
3f809000
3f809000
3f809000
3f809000
3f809000
3f809000
3f809000
3f809000
3f809000
3f809000
3f809000
3f809000
3f809000
3f809000
3f809000
3f809000
3f809000
3f809000
3f809000
3f809000
3f809000
3f809000
3f809000
3f809000
3f809000
3f809000
3f809000
3f809000
3f809000
3f809000
3f809000
3f809000
3f809000
3f809000
3f809000
3f809000
3f809000
3f809000
3f809000
3f809000
3f809000
3f809000
3f809000
3f809000
3f809000
3f809000
3f809000
3f809000
3f809000
3f809000
3f809000
3f809000
3f809000
3f809000
3f809000
3f809000
3f809000
3f809000
3f809000
3f809000
3f809000
3f809000
3f809000
3f809000
3f809000
3f809000
3f809000
3f809000
3f809000
3f809000
3f809000
3f809000
3f809000
3f809000
3f809000
3f809000
3f809000
3f809000
3f809000
3f809000
3f809000
3f809000
3f809000
3f809000
3f809000
3f809000
3f809000
3f809000
3f809000
3f809000
3f809000
3f809000
3f809000
3f809000
3f809000
3f809000
3f809000
3f809000
3f809000
3f809000
3f809000
3f809000
3f809000
3f809000
3f809000
3f809000
3f809000
3f809000
3f809000
3f809000
3f809000
3f809000
3f809000
3f809000
3f809000
3f809000
3f809000
3f809000
3f809000
3f809000
3f809000
3f809000
3f809000
3f809000
3f809000
3f809000
3f809000
3f809000
3f809000
3f809000
3f809000
3f809000
3f809000
3f809000
3f809000
3f809000
3f809000
3f809000
3f809000
3f809000
3f809000
3f809000
3f809000
3f809000
3f809000
3f809000
3f809000
3f809000
3f809000
3f809000
3f809000
3f809000
3f809000
3f809000
3f809000
3f809000
3f809000
3f809000
3f809000
3f809000
3f809000
3f809000
3f809000
3f809000
3f809000
3f809000
3f809000
3f809000
3f809000
3f809000
3f809000
3f809000
3f801000
3f801000
3f801000
3f801000
3f801000
3f801000
3f801000
3f801000
3f801000
3f801000
3f801000
3f801000
3f801000
3f801000
3f801000
3f801000
3f801000
3f801000
3f801000
3f801000
3f801000
3f801000
3f801000
3f801000
3f801000
3f801000
3f801000
3f801000
3f801000
3f801000
3f801000
3f801000
3f801000
3f801000
3f801000
3f801000
3f801000
3f801000
3f801000
3f801000
3f801000
3f801000
3f801000
3f801000
3f801000
3f801000
3f801000
3f801000
3f801000
3f801000
3f801000
3f801000
3f801000
3f801000
3f801000
3f801000
3f801000
3f801000
3f801000
3f801000
3f801000
3f801000
3f801000
3f801000
3f801000
3f801000
3f801000
3f801000
3f801000
3f801000
3f801000
3f801000
3f801000
3f801000
3f801000
3f801000
3f801000
3f801000
3f801000
3f801000
3f801000
3f801000
3f801000
3f801000
3f801000
3f801000
3f801000
3f801000
3f801000
3f801000
3f801000
3f801000
3f801000
3f801000
3f801000
3f801000
3f801000
3f801000
3f801000
3f801000
3f801000
3f801000
3f801000
3f801000
3f801000
3f801000
3f801000
3f801000
3f801000
3f801000
3f801000
3f801000
3f801000
3f801000
3f801000
3f801000
3f801000
3f801000
3f801000
3f801000
3f801000
3f801000
3f801000
3f801000
3f801000
3f801000
3f801000
3f801000
3f801000
3f801000
3f801000
3f801000
3f801000
3f801000
3f801000
3f801000
3f801000
3f801000
3f801000
3f801000
3f801000
3f801000
3f801000
3f801000
3f801000
3f801000
3f801000
3f801000
3f801000
3f801000
3f801000
3f801000
3f801000
3f801000
3f801000
3f801000
3f801000
3f801000
3f801000
3f801000
3f801000
3f801000
3f801000
3f801000
3f801000
3f801000
3f801000
3f801000
3f801000
3f801000
3f801000
3f801000
3f801000
3f801000
3f801000
3f801000
3f801000
3f801000
3f801000
3f801000
3f801000
3f801000
3f801000
3f801000
3f801000
3f801000
3f801000
3f801000
3f801000
3f801000
3f801000
3f801000
3f801000
3f801000
3f801000
3f801000
3f801000
3f801000
3f801000
3f801000
3f801000
3f801000
3f801000
3f801000
3f801000
3f801000
3f801000
3f801000
3f801000
3f801000
3f801000
3f801000
3f801000
3f801000
3f801000
3f801000
3f801000
3f801000
3f801000
3f801000
3f801000
3f801000
3f801000
3f801000
3f801000
3f801000
3f801000
3f801000
3f801000
3f801000
3f801000
3f801000
3f801000
3f801000
3f801000
3f801000
3f801000
3f801000
3f801000
3f801000
3f801000
3f801000
3f801000
3f801000
3f801000
3f801000
3f801000
3f801000
3f801000
3f801000
3f801000
3f801000
3f801000
3f801000
3f801000
3f801000
3f801000
3f801000
3f801000
3f801000
3f801000
3f801000
3f801000
3f801000
3f801000
3f801000
3f801000
3f801000
3f801000
3f801000
3f801000
3f801000
3f801000
3f801000
3f801000
3f801000
3f801000
3f801000
3f801000
3f801000
3f801000
3f801000
3f801000
3f801000
3f801000
3f801000
3f801000
3f801000
3f801000
3f801000
3f801000
3f801000
3f801000
3f801000
3f801000
3f801000
3f801000
3f801000
3f801000
3f801000
3f801000
3f801000
3f801000
3f801000
3f801000
3f801000
3f801000
3f801000
3f801000
3f801000
3f801000
3f801000
3f801000
3f801000
3f801000
3f801000
3f801000
3f801000
3f801000
3f801000
3f801000
3f801000
3f801000
3f801000
3f801000
3f801000
3f801000
3f801000
3f801000
3f801000
3f801000
3f801000
3f801000
3f801000
3f801000
3f801000
3f801000
3f801000
3f801000
3f801000
3f801000
3f801000
3f801000
3f801000
3f801000
3f801000
3f801000
3f801000
3f801000
3f801000
3f801000
3f801000
3f801000
3f801000
3f801000
3f801000
3f801000
3f801000
3f801000
3f801000
3f801000
3f801000
3f801000
3f801000
3f801000
3f801000
3f801000
3f801000
3f801000
3f801000
3f801000
3f801000
3f801000
3f801000
3f801000
3f801000
3f801000
3f801000
3f801000
3f801000
3f801000
3f801000
3f801000
3f801000
3f801000
3f801000
3f801000
3f801000
3f801000
3f801000
3f801000
3f801000
3f801000
3f801000
3f801000
3f801000
3f801000
3f801000
3f801000
3f801000
3f801000
3f801000
3f801000
3f801000
3f801000
3f801000
3f801000
3f801000
3f801000
3f801000
3f801000
3f801000
3f801000
3f801000
3f801000
3f801000
3f801000
3f801000
3f801000
3f801000
3f801000
3f801000
3f801000
3f801000
3f801000
3f801000
3f801000
3f801000
3f801000
3f801000
3f801000
3f801000
3f801000
3f801000
3f801000
3f801000
3f801000
3f801000
3f801000
3f801000
3f801000
3f801000
3f801000
3f801000
3f801000
3f801000
3f801000
3f801000
3f801000
3f801000
3f801000
3f801000
3f801000
3f801000
3f801000
3f801000
3f801000
3f801000
3f801000
3f801000
3f801000
3f801000
3f801000
3f801000
3f801000
3f801000
3f801000
3f801000
3f801000
3f801000
3f801000
3f801000
3f801000
3f801000
3f801000
3f801000
3f801000
3f801000
3f801000
3f801000
3f801000
3f801000
3f801000
3f801000
3f801000
3f801000
3f801000
3f801000
3f801000
3f801000
3f801000
3f801000
3f801000
3f801000
3f801000
3f801000
3f801000
3f801000
3f801000
3f801000
3f801000
3f801000
3f801000
3f801000
3f801000
3f801000
3f801000
3f801000
3f801000
3f801000
3f801000
3f801000
3f801000
3f801000
3f801000
3f801000
3f801000
3f801000
3f801000
3f801000
3f801000
3f801000
3f801000
3f801000
3f801000
3f801000
3f801000
3f801000
3f801000
3f801000
3f801000
3f801000
3f801000
3f801000
3f801000
3f801000
3f801000
3f801000
3f801000
3f801000
3f801000
3f801000
3f801000
3f801000
3f801000
3f801000
3f801000
3f801000
3f801000
3f801000
3f801000
3f801000
3f801000
3f801000
3f801000
3f801000
3f801000
3f801000
3f801000
3f801000
3f801000
3f801000
3f801000
3f801000
3f801000
3f801000
3f801000
3f801000
3f801000
3f801000
3f801000
3f801000
3f801000
3f801000
3f801000
3f801000
3f801000
3f801000
3f801000
3f801000
3f801000
3f801000
3f801000
3f801000
3f801000
3f801000
3f801000
3f801000
3f801000
3f801000
3f801000
3f801000
3f801000
3f801000
3f801000
3f801000
3f801000
3f801000
3f801000
3f801000
3f801000
3f801000
3f801000
3f801000
3f801000
3f801000
3f801000
3f801000
3f801000
3f801000
3f801000
3f801000
3f801000
3f801000
3f801000
3f801000
3f801000
3f801000
3f801000
3f801000
3f801000
3f801000
3f801000
3f801000
3f801000
3f801000
3f801000
3f801000
3f801000
3f801000
3f801000
3f801000
3f801000
3f801000
3f801000
3f801000
3f801000
3f801000
3f801000
3f801000
3f801000
3f801000
3f801000
3f801000
3f801000
3f801000
3f801000
3f801000
3f801000
3f801000
3f801000
3f801000
3f801000
3f801000
3f801000
3f801000
3f801000
3f801000
3f801000
3f801000
3f801000
3f801000
3f801000
3f801000
3f801000
3f801000
3f801000
3f801000
3f801000
3f801000
3f801000
3f801000
3f801000
3f801000
3f801000
3f801000
3f801000
3f801000
3f801000
3f801000
3f801000
3f801000
3f801000
3f801000
3f801000
3f801000
3f801000
3f801000
3f801000
3f801000
3f801000
3f801000
3f801000
3f801000
3f801000
3f801000
3f801000
3f801000
3f801000
3f801000
3f801000
3f801000
3f801000
3f801000
3f801000
3f801000
3f801000
3f801000
3f801000
3f801000
3f801000
3f801000
3f801000
3f801000
3f801000
3f801000
3f801000
3f801000
3f801000
3f801000
3f801000
3f801000
3f801000
3f801000
3f801000
3f801000
3f801000
3f801000
3f801000
3f801000
3f801000
3f801000
3f801000
3f801000
3f801000
3f801000
3f801000
3f801000
3f801000
3f801000
3f801000
3f801000
3f801000
3f801000
3f801000
3f801000
3f801000
3f801000
3f801000
3f801000
3f801000
3f801000
3f801000
3f801000
3f801000
3f801000
3f801000
3f801000
3f801000
3f801000
3f801000
3f801000
3f801000
3f801000
3f801000
3f801000
3f801000
3f801000
3f801000
3f801000
3f801000
3f801000
3f801000
3f801000
3f801000
3f801000
3f801000
3f801000
3f801000
3f801000
3f801000
3f801000
3f801000
3f801000
3f801000
3f801000
3f801000
3f801000
3f801000
3f801000
3f801000
3f801000
3f801000
3f801000
3f801000
3f801000
3f801000
3f801000
3f801000
3f801000
3f801000
3f801000
3f801000
3f801000
3f801000
3f801000
3f801000
3f801000
3f801000
3f801000
3f801000
3f801000
3f801000
3f801000
3f801000
3f801000
3f801000
3f801000
3f801000
3f801000
3f801000
3f801000
3f801000
3f801000
3f801000
3f801000
3f801000
3f801000
3f801000
3f801000
3f801000
3f801000
3f801000
3f801000
3f801000
3f801000
3f801000
3f801000
3f801000
3f801000
3f801000
3f801000
3f801000
3f801000
3f801000
3f801000
3f801000
3f801000
3f801000
3f801000
3f801000
3f801000
3f801000
3f801000
3f801000
3f801000
3f801000
3f801000
3f801000
3f801000
3f801000
3f801000
3f801000
3f801000
3f801000
3f801000
3f801000
3f801000
3f801000
3f801000
3f801000
3f801000
3f801000
3f801000
3f801000
3f801000
3f801000
3f801000
3f801000
3f801000
3f801000
3f801000
3f801000
3f801000
3f801000
3f801000
3f801000
3f801000
3f801000
3f801000
3f801000
3f801000
3f801000
3f801000
3f801000
3f801000
3f801000
3f801000
3f801000
3f801000
3f801000
3f801000
3f801000
3f801000
3f801000
3f801000
3f801000
3f801000
3f801000
3f801000
3f801000
3f801000
3f801000
3f801000
3f801000
3f801000
3f801000
3f801000
3f801000
3f801000
3f801000
3f801000
3f801000
3f801000
3f801000
3f801000
3f801000
3f801000
3f801000
3f801000
3f801000
3f801000
3f801000
3f801000
3f801000
3f801000
3f801000
3f801000
3f801000
3f801000
3f801000
3f801000
3f801000
3f801000
3f801000
3f801000
3f801000
3f801000
3f801000
3f801000
3f801000
3f801000
3f801000
3f801000
3f801000
3f801000
3f801000
3f801000
3f801000
3f801000
3f801000
3f801000
3f801000
3f801000
3f801000
3f801000
3f801000
3f801000
3f801000
3f801000
3f801000
3f801000
3f801000
3f801000
3f801000
3f801000
3f801000
3f801000
3f801000
3f801000
3f801000
3f801000
3f801000
3f801000
3f801000
3f801000
3f801000
3f801000
3f801000
3f801000
3f801000
3f801000
3f801000
3f801000
3f801000
3f801000
3f801000
3f801000
3f801000
3f801000
3f801000
3f801000
3f801000
3f801000
3f801000
3f801000
3f801000
3f801000
3f801000
3f801000
3f801000
3f801000
3f801000
3f801000
3f801000
3f801000
3f801000
3f801000
3f801000
3f801000
3f801000
3f801000
3f801000
3f801000
3f801000
3f801000
3f801000
3f801000
3f801000
3f801000
3f801000
3f801000
3f801000
3f801000
3f801000
3f801000
3f801000
3f801000
3f801000
3f801000
3f801000
3f801000
3f801000
3f801000
3f801000
3f801000
3f801000
3f801000
3f801000
3f801000
3f801000
3f801000
3f801000
3f801000
3f801000
3f801000
3f801000
3f801000
3f801000
3f801000
3f801000
3f801000
3f801000
3f801000
3f801000
3f801000
3f801000
3f801000
3f801000
3f801000
3f801000
3f801000
3f801000
3f801000
3f801000
3f801000
3f801000
3f801000
3f801000
3f801000
3f801000
3f801000
3f801000
3f801000
3f801000
3f801000
3f801000
3f801000
3f801000
3f801000
3f801000
3f801000
3f801000
3f801000
3f801000
3f801000
3f801000
3f801000
3f801000
3f801000
3f801000
3f801000
3f801000
3f801000
3f801000
3f801000
3f801000
3f801000
3f801000
3f801000
3f801000
3f801000
3f801000
3f801000
3f801000
3f801000
3f801000
3f801000
3f801000
3f801000
3f801000
3f801000
3f801000
3f801000
3f801000
3f801000
3f801000
3f801000
3f801000
3f801000
3f801000
3f801000
3f801000
3f801000
3f801000
3f801000
3f801000
3f801000
3f801000
3f801000
3f801000
3f801000
3f801000
3f801000
3f801000
3f801000
3f801000
3f801000
3f801000
3f801000
3f801000
3f801000
3f801000
3f801000
3f801000
3f801000
3f801000
3f801000
3f801000
3f801000
3f801000
3f801000
3f801000
3f801000
3f801000
3f801000
3f801000
3f801000
3f801000
3f801000
3f801000
3f801000
3f801000
3f801000
3f801000
3f801000
3f801000
3f801000
3f801000
3f801000
3f801000
3f801000
3f801000
3f801000
3f801000
3f801000
3f801000
3f801000
3f801000
3f801000
3f801000
3f801000
3f801000
3f801000
3f801000
3f801000
3f801000
3f801000
3f801000
3f801000
3f801000
3f801000
3f801000
3f801000
3f801000
3f801000
3f801000
3f801000
3f801000
3f801000
3f801000
3f801000
3f801000
3f801000
3f801000
3f801000
3f801000
3f801000
3f801000
3f801000
3f801000
3f801000
3f801000
3f801000
3f801000
3f801000
3f801000
3f801000
3f801000
3f801000
3f801000
3f801000
3f801000
3f801000
3f801000
3f801000
3f801000
3f801000
3f801000
3f801000
3f801000
3f801000
3f801000
3f801000
3f801000
3f801000
3f801000
3f801000
3f801000
3f801000
3f801000
3f801000
3f801000
3f801000
3f801000
3f801000
3f801000
3f801000
3f801000
3f801000
3f801000
3f801000
3f801000
3f801000
3f801000
3f801000
3f801000
3f801000
3f801000
3f801000
3f801000
3f801000
3f801000
3f801000
3f801000
3f801000
3f801000
3f801000
3f801000
3f801000
3f801000
3f801000
3f801000
3f801000
3f801000
3f801000
3f801000
3f801000
3f801000
3f801000
3f801000
3f801000
3f801000
3f801000
3f801000
3f801000
3f801000
3f801000
3f801000
3f801000
3f801000
3f801000
3f801000
3f801000
3f801000
3f801000
3f801000
3f801000
3f801000
3f801000
3f801000
3f801000
3f801000
3f801000
3f801000
3f801000
3f801000
3f801000
3f801000
3f801000
3f801000
3f801000
3f801000
3f801000
3f801000
3f801000
3f801000
3f801000
3f801000
3f801000
3f801000
3f801000
3f801000
3f801000
3f801000
3f801000
3f801000
3f801000
3f801000
3f801000
3f801000
3f801000
3f801000
3f801000
3f801000
3f801000
3f801000
3f801000
3f801000
3f801000
3f801000
3f801000
3f801000
3f801000
3f801000
3f801000
3f801000
3f801000
3f801000
3f801000
3f801000
3f801000
3f801000
3f801000
3f801000
3f801000
3f801000
3f801000
3f801000
3f801000
3f801000
3f801000
3f801000
3f801000
3f801000
3f801000
3f801000
3f801000
3f801000
3f801000
3f801000
3f801000
3f801000
3f801000
3f801000
3f801000
3f801000
3f801000
3f801000
3f801000
3f801000
3f801000
3f801000
3f801000
3f801000
3f801000
3f801000
3f801000
3f801000
3f801000
3f801000
3f801000
3f801000
3f801000
3f801000
3f801000
3f801000
3f801000
3f801000
3f801000
3f801000
3f801000
3f801000
3f801000
3f801000
3f801000
3f801000
3f801000
3f801000
3f801000
3f801000
3f801000
3f801000
3f801000
3f801000
3f801000
3f801000
3f801000
3f801000
3f801000
3f801000
3f801000
3f801000
3f801000
3f801000
3f801000
3f801000
3f801000
3f801000
3f801000
3f801000
3f801000
3f801000
3f801000
3f801000
3f801000
3f801000
3f801000
3f801000
3f801000
3f801000
3f801000
3f801000
3f801000
3f801000
3f801000
3f801000
3f801000
3f801000
3f801000
3f801000
3f801000
3f801000
3f801000
3f801000
3f801000
3f801000
3f801000
3f801000
3f801000
3f801000
3f801000
3f801000
3f801000
3f801000
3f801000
3f801000
3f801000
3f801000
3f801000
3f801000
3f801000
3f801000
3f801000
3f801000
3f801000
3f801000
3f801000
3f801000
3f801000
3f801000
3f801000
3f801000
3f801000
3f801000
3f801000
3f801000
3f801000
3f801000
3f801000
3f801000
3f801000
3f801000
3f801000
3f801000
3f801000
3f801000
3f801000
3f801000
3f801000
3f801000
3f801000
3f801000
3f801000
3f801000
3f801000
3f801000
3f801000
3f801000
3f801000
3f801000
3f801000
3f801000
3f801000
3f801000
3f801000
3f801000
3f801000
3f801000
3f801000
3f801000
3f801000
3f801000
3f801000
3f801000
3f801000
3f801000
3f801000
3f801000
3f801000
3f801000
3f801000
3f801000
3f801000
3f801000
3f801000
3f801000
3f801000
3f801000
3f801000
3f801000
3f801000
3f801000
3f801000
3f801000
3f801000
3f801000
3f801000
3f801000
3f801000
3f801000
3f801000
3f801000
3f801000
3f801000
3f801000
3f801000
3f801000
3f801000
3f801000
3f801000
3f801000
3f801000
3f801000
3f801000
3f801000
3f801000
3f801000
3f801000
3f801000
3f801000
3f801000
3f801000
3f801000
3f801000
3f801000
3f801000
3f801000
3f801000
3f801000
3f801000
3f801000
3f801000
3f801000
3f801000
3f801000
3f801000
3f801000
3f801000
3f801000
3f801000
3f801000
3f801000
3f801000
3f801000
3f801000
3f801000
3f801000
3f801000
3f801000
3f801000
3f801000
3f801000
3f801000
3f801000
3f801000
3f801000
3f801000
3f801000
3f801000
3f801000
3f801000
3f801000
3f801000
3f801000
3f801000
3f801000
3f801000
3f801000
3f801000
3f801000
3f801000
3f801000
3f801000
3f801000
3f801000
3f801000
3f801000
3f801000
3f801000
3f801000
3f801000
3f801000
3f801000
3f801000
3f801000
3f801000
3f801000
3f801000
3f801000
3f801000
3f801000
3f801000
3f801000
3f801000
3f801000
3f801000
3f801000
3f801000
3f801000
3f801000
3f801000
3f801000
3f801000
3f801000
3f801000
3f801000
3f801000
3f801000
3f801000
3f801000
3f801000
3f801000
3f801000
3f801000
3f801000
3f801000
3f801000
3f801000
3f801000
3f801000
3f801000
3f801000
3f801000
3f801000
3f801000
3f801000
3f801000
3f801000
3f801000
3f801000
3f801000
3f801000
3f801000
3f801000
3f801000
3f801000
3f801000
3f801000
3f801000
3f801000
3f801000
3f801000
3f801000
3f801000
3f801000
3f801000
3f801000
3f801000
3f801000
3f801000
3f801000
3f801000
3f801000
3f801000
3f801000
3f801000
3f801000
3f801000
3f801000
3f801000
3f801000
3f801000
3f801000
3f801000
3f801000
3f801000
3f801000
3f801000
3f801000
3f801000
3f801000
3f801000
3f801000
3f801000
3f801000
3f801000
3f801000
3f801000
3f801000
3f801000
3f801000
3f801000
3f801000
3f801000
3f801000
3f801000
3f801000
3f801000
3f801000
3f801000
3f801000
3f801000
3f801000
3f801000
3f801000
3f801000
3f801000
3f801000
3f801000
3f801000
3f801000
3f801000
3f801000
3f801000
3f801000
3f801000
3f801000
3f801000
3f801000
3f801000
3f801000
3f801000
3f801000
3f801000
3f801000
3f801000
3f801000
3f801000
3f801000
3f801000
3f801000
3f801000
3f801000
3f801000
3f801000
3f801000
3f801000
3f801000
3f801000
3f801000
3f801000
3f801000
3f801000
3f801000
3f801000
3f801000
3f801000
3f801000
3f801000
3f801000
3f801000
3f801000
3f801000
3f801000
3f801000
3f801000
3f801000
3f801000
3f801000
3f801000
3f801000
3f801000
3f801000
3f801000
3f801000
3f801000
3f801000
3f801000
3f801000
3f801000
3f801000
3f801000
3f801000
3f801000
3f801000
3f801000
3f801000
3f801000
3f801000
3f801000
3f801000
3f801000
3f801000
3f801000
3f801000
3f801000
3f801000
3f801000
3f801000
3f801000
3f801000
3f801000
3f801000
3f801000
3f801000
3f801000
3f801000
3f801000
3f801000
3f801000
3f801000
3f801000
3f801000
3f801000
3f801000
3f801000
3f801000
3f801000
3f801000
3f801000
3f801000
3f801000
3f801000
3f801000
3f801000
3f801000
3f801000
3f801000
3f801000
3f801000
3f801000
3f801000
3f801000
3f801000
3f801000
3f801000
3f801000
3f801000
3f801000
3f801000
3f801000
3f801000
3f801000
3f801000
3f801000
3f801000
3f801000
3f801000
3f801000
3f801000
3f801000
3f801000
3f801000
3f801000
3f801000
3f801000
3f801000
3f801000
3f801000
3f801000
3f801000
3f801000
3f801000
3f801000
3f801000
3f801000
3f801000
3f801000
3f801000
3f801000
3f801000
3f801000
3f801000
3f801000
3f801000
3f801000
3f801000
3f801000
3f801000
3f801000
3f801000
3f801000
3f801000
3f801000
3f801000
3f801000
3f801000
3f801000
3f801000
3f801000
3f801000
3f801000
3f801000
3f801000
3f801000
3f801000
3f801000
3f801000
3f801000
3f801000
3f801000
3f801000
3f801000
3f801000
3f801000
3f801000
3f801000
3f801000
3f801000
3f801000
3f801000
3f801000
3f801000
3f801000
3f801000
3f801000
3f801000
3f801000
3f801000
3f801000
3f801000
3f801000
3f801000
3f801000
3f801000
3f801000
3f801000
3f801000
3f801000
3f801000
3f801000
3f801000
3f801000
3f801000
3f801000
3f801000
3f801000
3f801000
3f801000
3f801000
3f801000
3f801000
3f801000
3f801000
3f801000
3f801000
3f801000
3f801000
3f801000
3f801000
3f801000
3f801000
3f801000
3f801000
3f801000
3f801000
3f801000
3f801000
3f801000
3f801000
3f801000
3f801000
3f801000
3f801000
3f801000
3f801000
3f801000
3f801000
3f801000
3f801000
3f801000
3f801000
3f801000
3f801000
3f801000
3f801000
3f801000
3f801000
3f801000
3f801000
3f801000
3f801000
3f801000
3f801000
3f801000
3f801000
3f801000
3f801000
3f801000
3f801000
3f801000
3f801000
3f801000
3f801000
3f801000
3f801000
3f801000
3f801000
3f801000
3f801000
3f801000
3f801000
3f801000
3f801000
3f801000
3f801000
3f801000
3f801000
3f801000
3f801000
3f801000
3f801000
3f801000
3f801000
3f801000
3f801000
3f801000
3f801000
3f801000
3f801000
3f801000
3f801000
3f801000
3f801000
3f801000
3f801000
3f801000
3f801000
3f801000
3f801000
3f801000
3f801000
3f801000
3f801000
3f801000
3f801000
3f801000
3f801000
3f801000
3f801000
3f801000
3f801000
3f801000
3f801000
3f801000
3f801000
3f801000
3f801000
3f801000
3f801000
3f801000
3f801000
3f801000
3f801000
3f801000
3f801000
3f801000
3f801000
3f801000
3f801000
3f801000
3f801000
3f801000
3f805000
3f805000
3f805000
3f805000
3f805000
3f805000
3f805000
3f805000
3f805000
3f805000
3f805000
3f805000
3f805000
3f805000
3f805000
3f805000
3f805000
3f805000
3f805000
3f805000
3f805000
3f805000
3f805000
3f805000
3f805000
3f805000
3f805000
3f805000
3f805000
3f805000
3f805000
3f805000
3f805000
3f805000
3f805000
3f805000
3f805000
3f805000
3f805000
3f805000
3f805000
3f805000
3f805000
3f805000
3f805000
3f805000
3f805000
3f805000
3f805000
3f805000
3f805000
3f805000
3f805000
3f805000
3f805000
3f805000
3f805000
3f805000
3f805000
3f805000
3f805000
3f805000
3f805000
3f805000
3f805000
3f805000
3f805000
3f805000
3f805000
3f805000
3f805000
3f805000
3f805000
3f805000
3f805000
3f805000
3f805000
3f805000
3f805000
3f805000
3f805000
3f805000
3f805000
3f805000
3f805000
3f805000
3f805000
3f805000
3f805000
3f805000
3f805000
3f805000
3f805000
3f805000
3f805000
3f805000
3f805000
3f805000
3f805000
3f805000
3f805000
3f805000
3f805000
3f805000
3f805000
3f805000
3f805000
3f805000
3f805000
3f805000
3f805000
3f805000
3f805000
3f805000
3f805000
3f805000
3f805000
3f805000
3f805000
3f805000
3f805000
3f805000
3f805000
3f805000
3f805000
3f805000
3f805000
3f805000
3f805000
3f805000
3f805000
3f805000
3f805000
3f805000
3f805000
3f805000
3f805000
3f805000
3f805000
3f805000
3f805000
3f805000
3f805000
3f805000
3f805000
3f805000
3f805000
3f805000
3f805000
3f805000
3f805000
3f805000
3f805000
3f805000
3f805000
3f805000
3f805000
3f805000
3f805000
3f805000
3f805000
3f805000
3f805000
3f805000
3f805000
3f805000
3f805000
3f805000
3f805000
3f805000
3f805000
3f805000
3f805000
3f805000
3f805000
3f805000
3f805000
3f805000
3f805000
3f805000
3f805000
3f805000
3f805000
3f805000
3f805000
3f805000
3f805000
3f805000
3f805000
3f805000
3f805000
3f805000
3f805000
3f805000
3f805000
3f805000
3f805000
3f805000
3f805000
3f805000
3f805000
3f805000
3f805000
3f805000
3f805000
3f805000
3f805000
3f805000
3f805000
3f805000
3f805000
3f805000
3f805000
3f805000
3f805000
3f805000
3f805000
3f805000
3f805000
3f805000
3f805000
3f805000
3f805000
3f805000
3f805000
3f805000
3f805000
3f805000
3f805000
3f805000
3f805000
3f805000
3f805000
3f805000
3f805000
3f805000
3f805000
3f805000
3f805000
3f805000
3f805000
3f805000
3f805000
3f805000
3f805000
3f805000
3f805000
3f805000
3f805000
3f805000
3f805000
3f805000
3f805000
3f805000
3f805000
3f805000
3f805000
3f805000
3f805000
3f805000
3f805000
3f805000
3f805000
3f805000
3f805000
3f805000
3f805000
3f805000
3f805000
3f805000
3f805000
3f805000
3f805000
3f805000
3f805000
3f805000
3f805000
3f805000
3f805000
3f805000
3f805000
3f805000
3f805000
3f805000
3f805000
3f805000
3f805000
3f805000
3f805000
3f805000
3f805000
3f805000
3f805000
3f805000
3f805000
3f805000
3f805000
3f805000
3f805000
3f805000
3f805000
3f805000
3f805000
3f805000
3f805000
3f805000
3f805000
3f805000
3f805000
3f805000
3f805000
3f805000
3f805000
3f805000
3f805000
3f805000
3f805000
3f805000
3f805000
3f805000
3f805000
3f805000
3f805000
3f805000
3f805000
3f805000
3f805000
3f805000
3f805000
3f805000
3f805000
3f805000
3f805000
3f805000
3f805000
3f805000
3f805000
3f805000
3f805000
3f805000
3f805000
3f805000
3f805000
3f805000
3f805000
3f805000
3f805000
3f805000
3f805000
3f805000
3f805000
3f805000
3f805000
3f805000
3f805000
3f805000
3f805000
3f805000
3f805000
3f805000
3f805000
3f805000
3f805000
3f805000
3f805000
3f805000
3f805000
3f805000
3f805000
3f805000
3f805000
3f805000
3f805000
3f805000
3f805000
3f805000
3f805000
3f805000
3f805000
3f805000
3f805000
3f805000
3f805000
3f805000
3f805000
3f805000
3f805000
3f805000
3f805000
3f805000
3f805000
3f805000
3f805000
3f805000
3f805000
3f805000
3f805000
3f805000
3f805000
3f805000
3f805000
3f805000
3f805000
3f805000
3f805000
3f805000
3f805000
3f805000
3f805000
3f805000
3f805000
3f805000
3f805000
3f805000
3f805000
3f805000
3f805000
3f805000
3f805000
3f805000
3f805000
3f805000
3f805000
3f805000
3f805000
3f805000
3f805000
3f805000
3f805000
3f805000
3f805000
3f805000
3f805000
3f805000
3f805000
3f805000
3f805000
3f805000
3f805000
3f805000
3f805000
3f805000
3f805000
3f805000
3f805000
3f805000
3f805000
3f805000
3f805000
3f805000
3f805000
3f805000
3f805000
3f805000
3f805000
3f805000
3f805000
3f805000
3f805000
3f805000
3f805000
3f805000
3f805000
3f805000
3f805000
3f805000
3f805000
3f805000
3f805000
3f805000
3f805000
3f805000
3f805000
3f805000
3f805000
3f805000
3f805000
3f805000
3f805000
3f805000
3f805000
3f805000
3f805000
3f805000
3f805000
3f805000
3f805000
3f805000
3f805000
3f805000
3f805000
3f805000
3f805000
3f805000
3f805000
3f805000
3f805000
3f805000
3f805000
3f805000
3f805000
3f805000
3f805000
3f805000
3f805000
3f805000
3f805000
3f805000
3f805000
3f805000
3f805000
3f805000
3f805000
3f805000
3f805000
3f805000
3f805000
3f805000
3f805000
3f805000
3f805000
3f805000
3f805000
3f805000
3f805000
3f805000
3f805000
3f805000
3f805000
3f805000
3f805000
3f805000
3f805000
3f805000
3f805000
3f805000
3f805000
3f805000
3f805000
3f805000
3f805000
3f805000
3f805000
3f805000
3f805000
3f805000
3f805000
3f805000
3f805000
3f805000
3f805000
3f805000
3f805000
3f805000
3f805000
3f805000
3f805000
3f805000
3f805000
3f805000
3f805000
3f805000
3f805000
3f805000
3f805000
3f805000
3f805000
3f805000
3f805000
3f805000
3f805000
3f805000
3f805000
3f805000
3f805000
3f805000
3f805000
3f805000
3f805000
3f805000
3f805000
3f805000
3f805000
3f805000
3f805000
3f805000
3f805000
3f805000
3f805000
3f805000
3f805000
3f805000
3f805000
3f805000
3f805000
3f805000
3f805000
3f805000
3f805000
3f805000
3f805000
3f805000
3f805000
3f805000
3f805000
3f805000
3f805000
3f805000
3f805000
3f805000
3f805000
3f805000
3f805000
3f805000
3f805000
3f805000
3f805000
3f805000
3f805000
3f805000
3f805000
3f805000
3f805000
3f805000
3f805000
3f805000
3f805000
3f805000
3f805000
3f805000
3f805000
3f805000
3f805000
3f805000
3f805000
3f805000
3f805000
3f805000
3f805000
3f805000
3f805000
3f805000
3f805000
3f805000
3f805000
3f805000
3f805000
3f805000
3f805000
3f805000
3f805000
3f805000
3f805000
3f805000
3f805000
3f805000
3f805000
3f805000
3f805000
3f805000
3f805000
3f805000
3f805000
3f805000
3f805000
3f805000
3f805000
3f805000
3f805000
3f805000
3f805000
3f805000
3f805000
3f805000
3f805000
3f805000
3f805000
3f805000
3f805000
3f805000
3f805000
3f805000
3f805000
3f805000
3f805000
3f805000
3f805000
3f805000
3f805000
3f805000
3f805000
3f805000
3f805000
3f805000
3f805000
3f805000
3f805000
3f805000
3f805000
3f805000
3f805000
3f805000
3f805000
3f805000
3f805000
3f805000
3f805000
3f805000
3f805000
3f805000
3f805000
3f805000
3f805000
3f805000
3f805000
3f805000
3f805000
3f805000
3f805000
3f805000
3f805000
3f805000
3f805000
3f805000
3f805000
3f805000
3f805000
3f805000
3f805000
3f805000
3f805000
3f805000
3f805000
3f805000
3f805000
3f805000
3f805000
3f805000
3f805000
3f805000
3f805000
3f805000
3f805000
3f805000
3f805000
3f805000
3f805000
3f805000
3f805000
3f805000
3f805000
3f805000
3f805000
3f805000
3f805000
3f805000
3f805000
3f805000
3f805000
3f805000
3f805000
3f805000
3f805000
3f805000
3f805000
3f805000
3f805000
3f805000
3f805000
3f805000
3f805000
3f805000
3f805000
3f805000
3f805000
3f805000
3f805000
3f805000
3f805000
3f805000
3f805000
3f805000
3f805000
3f805000
3f805000
3f805000
3f805000
3f805000
3f805000
3f805000
3f805000
3f805000
3f805000
3f805000
3f805000
3f805000
3f805000
3f805000
3f805000
3f805000
3f805000
3f805000
3f805000
3f805000
3f805000
3f805000
3f805000
3f805000
3f805000
3f805000
3f805000
3f805000
3f805000
3f805000
3f805000
3f805000
3f805000
3f805000
3f805000
3f805000
3f805000
3f805000
3f805000
3f805000
3f805000
3f805000
3f805000
3f805000
3f805000
3f805000
3f805000
3f805000
3f805000
3f805000
3f805000
3f805000
3f805000
3f805000
3f805000
3f805000
3f805000
3f805000
3f805000
3f805000
3f805000
3f805000
3f805000
3f805000
3f805000
3f805000
3f805000
3f805000
3f805000
3f805000
3f805000
3f805000
3f805000
3f805000
3f805000
3f805000
3f805000
3f805000
3f805000
3f805000
3f805000
3f805000
3f805000
3f805000
3f805000
3f805000
3f805000
3f805000
3f805000
3f805000
3f805000
3f805000
3f805000
3f805000
3f805000
3f805000
3f805000
3f805000
3f805000
3f805000
3f805000
3f805000
3f805000
3f805000
3f805000
3f805000
3f805000
3f805000
3f805000
3f805000
3f805000
3f805000
3f805000
3f805000
3f805000
3f805000
3f805000
3f805000
3f805000
3f805000
3f805000
3f805000
3f805000
3f805000
3f805000
3f805000
3f805000
3f805000
3f805000
3f805000
3f805000
3f805000
3f805000
3f805000
3f805000
3f805000
3f805000
3f805000
3f805000
3f805000
3f805000
3f805000
3f805000
3f805000
3f805000
3f805000
3f805000
3f805000
3f805000
3f805000
3f805000
3f805000
3f805000
3f805000
3f805000
3f805000
3f805000
3f805000
3f805000
3f805000
3f805000
3f805000
3f805000
3f805000
3f805000
3f805000
3f805000
3f805000
3f805000
3f805000
3f805000
3f805000
3f805000
3f805000
3f805000
3f805000
3f805000
3f805000
3f805000
3f805000
3f805000
3f805000
3f805000
3f805000
3f805000
3f805000
3f805000
3f805000
3f805000
3f805000
3f805000
3f805000
3f805000
3f805000
3f805000
3f805000
3f805000
3f805000
3f805000
3f805000
3f805000
3f805000
3f805000
3f805000
3f805000
3f805000
3f805000
3f805000
3f805000
3f805000
3f805000
3f805000
3f805000
3f805000
3f805000
3f805000
3f805000
3f805000
3f805000
3f805000
3f805000
3f805000
3f805000
3f805000
3f805000
3f805000
3f805000
3f805000
3f805000
3f805000
3f805000
3f805000
3f805000
3f805000
3f805000
3f805000
3f805000
3f805000
3f805000
3f805000
3f805000
3f805000
3f805000
3f805000
3f805000
3f805000
3f805000
3f805000
3f805000
3f805000
3f805000
3f805000
3f805000
3f805000
3f805000
3f805000
3f805000
3f805000
3f805000
3f805000
3f805000
3f805000
3f805000
3f805000
3f805000
3f805000
3f805000
3f805000
3f805000
3f805000
3f805000
3f805000
3f805000
3f805000
3f805000
3f805000
3f805000
3f805000
3f805000
3f805000
3f805000
3f805000
3f805000
3f805000
3f805000
3f805000
3f805000
3f805000
3f805000
3f805000
3f805000
3f805000
3f805000
3f805000
3f805000
3f805000
3f805000
3f805000
3f805000
3f805000
3f805000
3f805000
3f805000
3f805000
3f805000
3f805000
3f805000
3f805000
3f805000
3f805000
3f805000
3f805000
3f805000
3f805000
3f805000
3f805000
3f805000
3f805000
3f805000
3f805000
3f805000
3f805000
3f805000
3f805000
3f805000
3f805000
3f805000
3f805000
3f805000
3f805000
3f805000
3f805000
3f805000
3f805000
3f805000
3f805000
3f805000
3f805000
3f805000
3f805000
3f805000
3f805000
3f805000
3f805000
3f805000
3f805000
3f805000
3f805000
3f805000
3f805000
3f805000
3f805000
3f805000
3f805000
3f805000
3f805000
3f805000
3f805000
3f805000
3f805000
3f805000
3f805000
3f805000
3f805000
3f805000
3f805000
3f805000
3f805000
3f805000
3f805000
3f805000
3f805000
3f805000
3f805000
3f805000
3f805000
3f805000
3f805000
3f805000
3f805000
3f805000
3f805000
3f805000
3f805000
3f805000
3f805000
3f805000
3f805000
3f805000
3f805000
3f805000
3f805000
3f805000
3f805000
3f805000
3f805000
3f805000
3f805000
3f805000
3f805000
3f805000
3f805000
3f805000
3f805000
3f805000
3f805000
3f805000
3f805000
3f805000
3f805000
3f805000
3f805000
3f805000
3f805000
3f805000
3f805000
3f805000
3f805000
3f805000
3f805000
3f805000
3f805000
3f805000
3f805000
3f805000
3f805000
3f805000
3f805000
3f805000
3f805000
3f805000
3f805000
3f805000
3f805000
3f805000
3f805000
3f805000
3f805000
3f805000
3f805000
3f805000
3f805000
3f805000
3f805000
3f805000
3f805000
3f805000
3f805000
3f805000
3f805000
3f805000
3f805000
3f805000
3f805000
3f805000
3f805000
3f805000
3f805000
3f805000
3f805000
3f805000
3f805000
3f805000
3f805000
3f805000
3f805000
3f805000
3f805000
3f805000
3f805000
3f805000
3f805000
3f805000
3f805000
3f805000
3f805000
3f805000
3f805000
3f805000
3f805000
3f805000
3f805000
3f805000
3f805000
3f805000
3f805000
3f805000
3f805000
3f805000
3f805000
3f805000
3f805000
3f805000
3f805000
3f805000
3f805000
3f805000
3f805000
3f805000
3f805000
3f805000
3f805000
3f805000
3f805000
3f805000
3f805000
3f805000
3f805000
3f805000
3f805000
3f805000
3f805000
3f805000
3f805000
3f805000
3f805000
3f805000
3f805000
3f805000
3f805000
3f805000
3f805000
3f805000
3f805000
3f805000
3f805000
3f805000
3f805000
3f805000
3f805000
3f805000
3f805000
3f805000
3f805000
3f805000
3f805000
3f805000
3f805000
3f805000
3f805000
3f805000
3f805000
3f805000
3f805000
3f805000
3f805000
3f805000
3f805000
3f805000
3f805000
3f805000
3f805000
3f805000
3f805000
3f805000
3f805000
3f805000
3f805000
3f805000
3f805000
3f805000
3f805000
3f805000
3f805000
3f805000
3f805000
3f805000
3f805000
3f805000
3f805000
3f805000
3f805000
3f805000
3f805000
3f805000
3f805000
3f805000
3f805000
3f805000
3f805000
3f805000
3f805000
3f805000
3f805000
3f805000
3f805000
3f805000
3f805000
3f805000
3f805000
3f805000
3f805000
3f805000
3f805000
3f805000
3f805000
3f805000
3f805000
3f805000
3f805000
3f805000
3f805000
3f805000
3f805000
3f805000
3f805000
3f805000
3f805000
3f805000
3f805000
3f805000
3f805000
3f805000
3f805000
3f805000
3f805000
3f805000
3f805000
3f805000
3f805000
3f805000
3f805000
3f805000
3f805000
3f805000
3f805000
3f805000
3f805000
3f805000
3f805000
3f805000
3f805000
3f805000
3f805000
3f805000
3f805000
3f805000
3f805000
3f805000
3f805000
3f805000
3f805000
3f805000
3f805000
3f805000
3f805000
3f805000
3f805000
3f805000
3f805000
3f805000
3f805000
3f805000
3f805000
3f805000
3f805000
3f805000
3f805000
3f805000
3f805000
3f805000
3f805000
3f805000
3f805000
3f805000
3f805000
3f805000
3f805000
3f805000
3f805000
3f805000
3f805000
3f805000
3f805000
3f805000
3f805000
3f805000
3f805000
3f805000
3f805000
3f805000
3f805000
3f805000
3f805000
3f805000
3f805000
3f805000
3f805000
3f805000
3f805000
3f805000
3f805000
3f805000
3f805000
3f805000
3f805000
3f805000
3f805000
3f805000
3f805000
3f805000
3f805000
3f805000
3f805000
3f805000
3f805000
3f805000
3f805000
3f805000
3f805000
3f805000
3f805000
3f805000
3f805000
3f805000
3f805000
3f805000
3f805000
3f805000
3f805000
3f805000
3f805000
3f805000
3f805000
3f805000
3f805000
3f805000
3f805000
3f805000
3f805000
3f805000
3f805000
3f805000
3f805000
3f805000
3f805000
3f805000
3f805000
3f805000
3f805000
3f805000
3f805000
3f805000
3f805000
3f805000
3f805000
3f805000
3f805000
3f805000
3f805000
3f805000
3f805000
3f805000
3f805000
3f805000
3f805000
3f805000
3f805000
3f805000
3f805000
3f805000
3f805000
3f805000
3f805000
3f805000
3f805000
3f805000
3f805000
3f805000
3f805000
3f805000
3f805000
3f805000
3f805000
3f805000
3f805000
3f805000
3f805000
3f805000
3f805000
3f805000
3f805000
3f805000
3f805000
3f805000
3f805000
3f805000
3f805000
3f805000
3f805000
3f805000
3f805000
3f805000
3f805000
3f805000
3f805000
3f805000
3f805000
3f805000
3f805000
3f805000
3f805000
3f805000
3f805000
3f805000
3f805000
3f805000
3f805000
3f805000
3f805000
3f805000
3f805000
3f805000
3f805000
3f805000
3f805000
3f805000
3f805000
3f805000
3f805000
3f805000
3f805000
3f805000
3f805000
3f805000
3f805000
3f805000
3f805000
3f805000
3f805000
3f805000
3f805000
3f805000
3f805000
3f805000
3f805000
3f805000
3f805000
3f805000
3f805000
3f805000
3f805000
3f805000
3f805000
3f805000
3f805000
3f805000
3f805000
3f805000
3f805000
3f805000
3f805000
3f805000
3f805000
3f805000
3f805000
3f805000
3f805000
3f805000
3f805000
3f805000
3f805000
3f805000
3f805000
3f805000
3f805000
3f805000
3f805000
3f805000
3f805000
3f805000
3f805000
3f805000
3f805000
3f805000
3f805000
3f805000
3f805000
3f805000
3f805000
3f805000
3f805000
3f805000
3f805000
3f805000
3f805000
3f805000
3f805000
3f805000
3f805000
3f805000
3f805000
3f805000
3f805000
3f805000
3f805000
3f805000
3f805000
3f805000
3f805000
3f805000
3f805000
3f805000
3f805000
3f805000
3f805000
3f805000
3f805000
3f805000
3f805000
3f805000
3f805000
3f805000
3f805000
3f805000
3f805000
3f805000
3f805000
3f805000
3f805000
3f805000
3f805000
3f805000
3f805000
3f805000
3f805000
3f805000
3f805000
3f805000
3f805000
3f805000
3f805000
3f805000
3f805000
3f805000
3f805000
3f805000
3f805000
3f805000
3f805000
3f805000
3f805000
3f805000
3f805000
3f805000
3f805000
3f805000
3f805000
3f805000
3f805000
3f805000
3f805000
3f805000
3f805000
3f805000
3f805000
3f805000
3f805000
3f805000
3f805000
3f805000
3f805000
3f805000
3f805000
3f805000
3f805000
3f805000
3f805000
3f805000
3f805000
3f805000
3f805000
3f805000
3f805000
3f805000
3f805000
3f805000
3f805000
3f805000
3f805000
3f805000
3f805000
3f805000
3f805000
3f805000
3f805000
3f805000
3f805000
3f805000
3f805000
3f805000
3f805000
3f805000
3f805000
3f805000
3f805000
3f805000
3f805000
3f805000
3f805000
3f805000
3f805000
3f805000
3f805000
3f805000
3f805000
3f805000
3f805000
3f805000
3f805000
3f805000
3f805000
3f805000
3f805000
3f805000
3f805000
3f805000
3f805000
3f805000
3f805000
3f805000
3f805000
3f805000
3f805000
3f805000
3f805000
3f805000
3f805000
3f805000
3f805000
3f805000
3f805000
3f805000
3f805000
3f805000
3f805000
3f805000
3f805000
3f805000
3f805000
3f805000
3f805000
3f805000
3f805000
3f805000
3f805000
3f805000
3f805000
3f805000
3f805000
3f805000
3f805000
3f805000
3f805000
3f805000
3f805000
3f805000
3f805000
3f805000
3f805000
3f805000
3f805000
3f805000
3f805000
3f805000
3f805000
3f805000
3f805000
3f805000
3f805000
3f805000
3f805000
3f805000
3f805000
3f805000
3f805000
3f805000
3f805000
3f805000
3f805000
3f805000
3f805000
3f805000
3f805000
3f805000
3f805000
3f805000
3f805000
3f805000
3f805000
3f805000
3f805000
3f805000
3f805000
3f805000
3f805000
3f805000
3f805000
3f805000
3f805000
3f805000
3f805000
3f805000
3f805000
3f805000
3f805000
3f805000
3f805000
3f805000
3f805000
3f805000
3f805000
3f805000
3f805000
3f805000
3f805000
3f805000
3f805000
3f805000
3f805000
3f805000
3f805000
3f805000
3f805000
3f805000
3f805000
3f805000
3f805000
3f805000
3f805000
3f805000
3f805000
3f805000
3f805000
3f805000
3f805000
3f805000
3f805000
3f805000
3f805000
3f805000
3f805000
3f805000
3f805000
3f805000
3f805000
3f805000
3f805000
3f805000
3f805000
3f805000
3f805000
3f805000
3f805000
3f805000
3f805000
3f805000
3f805000
3f805000
3f805000
3f805000
3f805000
3f805000
3f805000
3f805000
3f805000
3f805000
3f805000
3f805000
3f805000
3f805000
3f805000
3f805000
3f805000
3f805000
3f805000
3f805000
3f805000
3f805000
3f805000
3f805000
3f805000
3f805000
3f805000
3f805000
3f805000
3f805000
3f805000
3f805000
3f805000
3f805000
3f805000
3f805000
3f805000
3f805000
3f805000
3f805000
3f805000
3f805000
3f805000
3f805000
3f805000
3f805000
3f805000
3f805000
3f805000
3f805000
3f805000
3f805000
3f805000
3f805000
3f805000
3f805000
3f805000
3f805000
3f805000
3f805000
3f805000
3f805000
3f805000
3f805000
3f805000
3f805000
3f805000
3f805000
3f805000
3f805000
3f805000
3f805000
3f805000
3f805000
3f805000
3f805000
3f805000
3f805000
3f805000
3f805000
3f805000
3f805000
3f805000
3f805000
3f805000
3f805000
3f805000
3f805000
3f805000
3f805000
3f805000
3f805000
3f805000
3f805000
3f805000
3f805000
3f805000
3f805000
3f805000
3f805000
3f805000
3f805000
3f805000
3f805000
3f805000
3f805000
3f805000
3f805000
3f805000
3f805000
3f805000
3f805000
3f805000
3f805000
3f805000
3f805000
3f805000
3f805000
3f805000
3f805000
3f805000
3f805000
3f805000
3f805000
3f805000
3f805000
3f805000
3f805000
3f805000
3f805000
3f805000
3f805000
3f805000
3f805000
3f805000
3f805000
3f805000
3f805000
3f805000
3f805000
3f805000
3f805000
3f805000
3f805000
3f805000
3f805000
3f805000
3f805000
3f805000
3f805000
3f805000
3f805000
3f805000
3f805000
3f805000
3f805000
3f805000
3f805000
3f805000
3f805000
3f805000
3f805000
