3f56c200
3f919300
3fa48a80
3f4b4600
3f4de100
3f92b580
3f57e800
3fc20b80
3fac2900
3f579b00
3f0f8e00
3fa3e480
3f590e00
3f79a600
3f979800
3f939300
3f648a00
3f66d600
3f939300
3f424000
3fbdd480
3f615500
3fa2eb80
3f8e6800
3f615500
3f67d200
3f964680
3f979800
3f993180
3febb500
3f84a500
3f49cc00
3f90b400
3f455e00
3fac7c00
3f8f7780
3f7b4500
3f4c6c00
3f32d400
3f1ff600
3f1a3800
3f12d600
3f325200
3f8c3980
3f3a6d00
3f36c400
3f3c0c00
3f882c00
3f89d000
3f9ad080
3fd02600
3f186a00
3f369a00
3fa0d000
3f834f00
3fda8600
3fd33a80
3fbff000
3f57e800
3f4eb800
3f475600
3f91da00
3f766800
3f623e00
3f882c00
3f419800
3f4fde00
3fa5ad00
3f1d2c00
3f79a600
3f914700
3f8c1c00
3f697000
3f995b00
3fc54980
3f4af200
3f8f7780
3f579b00
3f8b6a00
3f53a400
3f938500
3f8c1c00
3fa3bb00
3f1f2400
3f359000
3f428800
3f26b000
3f8b6a00
3fb65f80
3f27ac00
3f6fec00
3f9ede00
3f2d9400
3f875c80
3f246400
3f48fa00
3f801100
3f793600
3f865e00
3f697000
3faa0d80
3f593a00
3f97bc00
3f440e00
3fa0f980
3f813380
3f3bb000
3f6dba00
3f20c800
3f6d1200
3f725200
3f8c1c00
3fac2900
3fb4ea00
3f8caf00
3f91da00
3f38e600
3f46ae00
3fad4b80
3f33d000
3f89d000
3f2f0e00
3f9a7700
3f84ee00
3f813300
3f5b5a00
3f8caf00
3f5b5a00
3f45c600
3fbb8f80
3f7ca800
3f1b5e00
3f84a500
3f3c0c00
3f737800
3f939300
3fa0f980
3f8dd500
3fbdab00
3f865e00
3f7b4500
3f665800
3faab380
3f712c00
3f48a600
3fb46d80
3f964680
3f6fb200
3f52fc00
3f85bd80
3f2e9000
3f4eb800
3f38e600
3f46d800
3fa55a00
3fc28800
3f82ec00
3f2b4800
3f453400
3f55fc00
3f5ab200
3f837f00
3f1a8c00
3f485200
3f352000
3f3fca00
3f433c00
3f952400
3f62f400
3fe10200
3f27ac00
3f5c7800
3fa07d00
3fa0a680
3f2bc600
3f1c8400
3f89d000
3fcbef00
3f41ec00
3f45c600
3f47d400
3f202000
3fca7980
3f990800
3fe00900
3fb78200
3f853800
3f801100
3f914700
3f03e800
3fa31400
3f152200
3f85cb00
3f171a00
3f6ee000
3fdd9a80
3fd3e080
3f6b6e00
3fa14c80
3f6a4800
3f9c4600
3f98b500
3f700600
3fc6bf00
3f930000
3f663200
3f0e1400
3f89d000
3f2d9400
3f431200
3f9e0e80
3f902100
3f793600
3f837f00
3f4de600
3f0b9e00
3f268600
3f95f380
3f881700
3efef400
3f8c1c00
3f5b5a00
3f96c300
3faa3700
3fd5a900
3f66ac00
3f893d00
3f89cb00
3f827f80
3fb44400
3f3f4c00
3f7dce00
3fbcdb80
3f429400
3f44e000
3f749e00
3fb51380
3fc09600
3f199000
3f8a9a80
3f692200
3fa62980
3fb1ac00
3f9fad80
3f749e00
3f9c4600
3f537a00
3f442700
3f89cb00
3fa55a00
3f1ff600
3fbac000
3f793600
3f732a00
3f993180
3f260800
3f65b000
3f88fb80
3f579b00
3faf1400
3f834f00
3f5fc800
3fa89800
3f827f80
3f6ee000
3f6ee000
3fa2eb80
3f4b4600
3f204a00
3fdb7f00
3fc09600
3fbb3c80
3f0d4200
3f8f8e00
3f54f400
3f882c00
3f1ff600
3f7dce00
3f813300
3f40f000
3f942b00
3f694c00
3f48fa00
3f57e800
3f8a9a80
3f33fa00
3fa1c900
3f537a00
3fcaa300
3fc88780
3f9aa700
3f63e200
3f029800
3f4c4200
3f482800
3f8af600
3f439000
3f352000
3f35c800
3f9d5600
3f2f1400
3f347800
3f9b9d00
3f837f00
3f4f0c00
3f041200
3f825900
3f7dce00
3f882c00
3fcbc580
3f623e00
3fe31d80
3f9c3000
3f81b000
3f37c000
3f800d00
3f42be00
3f6b0f00
3f6e4d00
3f007600
3f6b6e00
3f648a00
3f91e600
3f056200
3f90b400
3f282a00
3fa96780
3f84ee00
3f926280
3f3cd600
3f80a000
3f38bc00
3f86f100
3f8b6a00
3fb25200
3f46ae00
3fb3f100
3f1bdc00
3f263200
3f38bc00
3fa89800
3f224200
3f5c8000
3fb2a500
3f9e7c00
3f911680
3f7ca800
3f174400
3f19ba00
3f1ff600
3f718b00
3f372f00
3f841e80
3f700600
3fe00900
3fbc8880
3f4b4600
3f623e00
3fa48a80
3f113200
3f7dce00
3f8f7780
3f3ea400
3fb4c080
3f7dce00
3f39e200
3f372f00
3fba4380
3faf6700
3f24e200
3f463000
3f926d00
3f865e00
3f1fa200
3fa60000
3f4f6000
3f3dab00
3f26da00
3f939300
3f453400
3f954c00
3f89d000
3f8f8e00
3f5a0a00
3f930000
3f1b5e00
3f2b9c00
3f875c80
3f512e00
3f926d00
3f494e00
3fcb4900
3fc9aa00
3fd1ee80
3f8b6a00
3f8a6300
3f636400
3f4b4600
3fa55a00
3f5ecc00
3f837f00
3f8efb00
3f189400
3f5fb600
3f6c9400
3fb18280
3fac7c00
3f4f0c00
3f8efb00
3f354a00
3f4eb800
3fa77580
3f88aa00
3f4c6c00
3f379600
3f801100
3f5cd400
3f511f00
3f19ba00
3f43e400
3fa28100
3f5ecc00
3f95f380
3f650800
3f37ea00
3f727c00
3f8a6300
3f243a00
3f8c3980
3f885580
3f5ad900
3f81c600
3fbe7a80
3f167200
3f1d0200
3f5e1700
3f593800
3f2d1600
3fbea400
3fbb8f80
3f6bc200
3fbf2080
3f4dbc00
3f8ea800
3f5e1700
3f2de800
3f4aa300
3f7a5c00
3f5b5a00
3f1dfe00
3fd4b000
3fb27b80
3f130000
3f1f2400
3fb00d00
3f993180
3f7ce400
3f1c0600
3fcb1f80
3f878400
3f383e00
3fa1f280
3fd74800
3f272e00
3f4d1400
3f352000
3fbbe280
3f926d00
3f443800
3f1fa200
3f611800
3f995100
3f6a4800
3fa96780
3f6c9400
3f6cae00
3f914700
3f2e9000
3f76ea00
3f875c80
3f4bc400
3f8d0900
3f47d400
3f62f400
3fd48680
3fe8f380
3f837f00
3f942600
3f59b600
3f3c0c00
3f7a5c00
3f825900
3f409c00
3f292600
3f89f480
3f5a3400
3f5e1700
3f15ca00
3f1d0200
3f47fe00
3f881700
3f892500
3fcaf600
3f3a8a00
3f631000
3fca5000
3fbe7a80
3fed2a80
3fce5d80
3f7a5c00
3f636400
3f646000
3f328000
3f303400
3f663200
3f911680
3f48fa00
3f379600
3f5da600
3f837f00
3f7ef400
3f33f100
3fb7d500
3f967200
3f834f00
3f712c00
3f781000
3f841200
3f88aa00
3f938500
3f122e00
3f766800
3f67d100
3f6dba00
3fa43780
3f9de500
3fab3000
3f65da00
3fb7fe80
3f88fb80
3f5c8000
3f7ef400
3f80a000
3f8dd880
3fab3000
3f468400
3f2ee400
3f2c4400
3f99d780
3fd71e80
3f8a6300
3f6ee000
3fcf0380
3f233e00
3f32aa00
3f95df00
3fa48a80
3f554800
3f939300
3feb8b80
3fad7500
3f9e0e80
3f9d3f00
3f86f100
3f983880
3f5b5a00
3fbac000
3f5d7c00
3f62e600
3f67fc00
3f81b000
3f80a000
3f781000
3f593a00
3f45b200
3f545d00
3f5fb600
3f88aa00
3f518200
3f7ef400
3fa96780
3f781000
3f8b8900
3f84ee00
3f904700
3f5fb600
3f5ff200
3f800d00
3fd6f500
3f8c3980
3f737800
3f607000
3f692200
3faa3700
3fc0bf80
3fb18280
3f542200
3f725200
3f9c4600
3fb5e300
3f853800
3f250c00
3fd29480
3f5c8000
3f88fb80
3f505c00
3f9c3000
3f766800
3f154c00
3f80a000
3f48fa00
3fd26b00
3f196600
3f56c200
3fc69580
3f8af600
3f6cae00
3f84ee00
3f5ecc00
3f9ede00
3f303400
3f30b300
3f6b0f00
3f904700
3f878400
3f55fc00
3f47d400
3f23e600
3fbcb200
3fbf9d00
3f347800
3f8dd880
3fc4f680
3f1f7800
3f5ecc00
3f841200
3f67d100
3f806400
3fa55a00
3fb2ce80
3fce3400
3f766800
3fbf4a00
3fabd600
3f9cc280
3fa4b400
3f993180
3f494e00
3f6fec00
3f8c3980
3f0f6400
3f60ee00
3f9bc980
3f86f100
3f84ee00
3f2ee400
3f986200
3f766800
3f749e00
3faca580
3f7ef400
3fc2db00
3f512e00
3f84a500
3f48fa00
3facf880
3f4d9200
3f7dce00
3f4aa300
3f56c200
3f86f100
3fcd1180
3f3c2e00
3fb00d00
3f47aa00
3fb68900
3f938500
3f893d00
3fb2ce80
3f725200
3f737800
3f260800
3fda8600
3f0e9200
3fbc8880
3f66d600
3f623e00
3f4f8000
3f4fde00
3f41ec00
3f9ad080
3fcfd300
3f9de500
3f7a5c00
3f8a6300
3f414400
3f837f00
3f88aa00
3f4fb400
3f48fa00
3f7ef400
3f522a00
3fc9d380
3f92b580
3f300a00
3f46d800
3f89d000
3f8af600
3f87d900
3f5d7c00
3f88aa00
3f8efb00
3f3f7600
3f881700
3f700600
3fd74800
3f460600
3f926280
3f8c3980
3f535000
3fc80b00
3f8ea800
3f164800
3f81b000
3f914700
3fc7e180
3f527e00
3fb5b980
3f3ea400
3f8f7780
3f8caf00
3f841e80
3f882c00
3f697000
3f86f100
3f834f00
3f7ca800
3f1d0200
3f631000
3f428800
3fd36400
3f649300
3f6b6e00
3f938500
3f781000
3f712c00
3f1b5e00
3f6a4800
3f3b3200
3f8b6a00
3f191200
3fafe380
3f4c6c00
3f472c00
3fa14c80
3fd0cc00
3f766800
3f8af600
3f95f380
3f1dd400
3f8c1c00
3fc80b00
3f181600
3fe24e00
3f911680
3f979280
3f6ee000
3fc09600
3f18be00
3f8c3980
3f97bc00
3f967000
3f4a2000
3f636400
3f5d2800
3fa53080
3f66d600
3f2bd600
3f9a0100
3fb2f800
3f7b8200
3f979280
3f40f000
3f6cae00
3f04ba00
3f930000
3fe1a800
3fb70580
3fbae980
3f8dd880
3f29ce00
3f9ede00
3f86f100
3f3fca00
3f9a5400
3fb9f080
3f3b5c00
3f2f1400
3f282a00
3f834f00
3f122e00
3fb3f100
3f9ad080
3f337c00
3f79a600
3f887f00
3f9b4d00
3fc85e00
3f3c0c00
3f511f00
3f3d2a00
3f712c00
3fb10600
3f875c80
3f893d00
3f8c1c00
3f8a9a80
3f53ce00
3f325600
3fc5c600
3f6fec00
3f176e00
3f4b7000
3f586600
3f053800
3fcbc580
3f952400
3f593a00
3f1d5600
3f9ede00
3f76ea00
3f3f4a00
3fb65f80
3f7ce400
3fc90400
3f2af400
3f54a000
3f8b8900
3f67d100
3f359e00
3fbdd480
3f57e800
3f766800
3f554800
3f029800
3f2c6e00
3f57be00
3f8a6300
3f2d6a00
3f297a00
3f982b00
3fbb6600
3fd86a80
3f7ef400
3f8a4780
3f780700
3f878400
3f537a00
3f85cb00
3f4a7400
3f458800
3f4eb800
3fb94a80
3f3c2e00
3f47fe00
3fad2200
3f80e080
3f7ca800
3f841200
3f50b000
3fb2a500
3f179800
3fc73b80
3f429400
3f85bd80
3f128200
3f8a6300
3f7dce00
3f749e00
3f364600
3fd21800
3fd29480
3fa3e480
3f8d4200
3faf1400
3f5c5600
3f6ee000
3fc09600
3f2b9c00
3f4f8000
3f825900
3f8d4200
3f766800
3f6b0f00
3f535000
3f88fb80
3f12ac00
3f894e80
3f3c0c00
3f882c00
3f88aa00
3f57e800
3fbb3c80
3f4c4200
3fdd7100
3f84ee00
3f256000
3f841e80
3fa3bb00
3f62f400
3f19e400
3f1dfe00
3f749e00
3f801100
3f75c400
3f7b4500
3fbef700
3fa29880
3fbc0c00
3f7c3e00
3f7ca800
3fc32e00
3f4f8000
3f433c00
3f79a600
3f9d9200
3f841200
3f712c00
3f361c00
3f9cc280
3f38ce00
3f881700
3f41ec00
3fda0980
3f737800
3f393a00
3f8dd880
3fb12f80
3f5ff200
3fba6d00
3f940180
3fb68900
3fa3bb00
3f28d200
3f7b4500
3f3f4a00
3fa07d00
3fc06c80
3f995100
3fd0f580
3f2de800
3fb60c80
3fb08980
3f893d00
3f547600
3f89f480
3efc0000
3f82ec00
3f7ce400
3f96c300
3f0f1000
3f825900
3f8f7780
3f7b8200
3f510400
3f813300
3f749e00
3f837f00
3f6e4d00
3f041200
3f407200
3f1a3800
3f81b000
3f439000
3f91da00
3f91e600
3f90b400
3f66d600
3f4c1800
3f649300
3f84a500
3f8ea800
3f636400
3f581200
3f22c000
3f6b6e00
3f8f8e00
3f34f600
3f8a6300
3f7ce400
3fa21c00
3f268600
3fd48680
3f95f380
3f6c9400
3f83f500
3f11b000
3fcd1180
3f995100
3f2f8c00
3fc64280
3fab5980
3f369a00
3f607000
3f0d1800
3fc3d400
3f289800
3f697000
3f74c900
3fa8eb00
3fa6f900
3f718b00
3f623e00
3f0c4600
3f9d3f00
3f4de100
3f391000
3f03e800
3f421600
3f7b8200
3fa12300
3f986200
3f84a500
3fcf2d00
3f8a9a80
3fa40e00
3f56c200
3f5c7800
3f5c8000
3f995100
3fa12300
3f30b200
3f993180
3f986200
3f665800
3f6b0f00
3fd84100
3f6ee000
3f6a4800
3f1fa200
3f8d0900
3f837f00
3f7dce00
3f45b200
3fc8da80
3f83cb80
3f27ac00
3f1f4e00
3f590e00
3f579b00
3f174400
3fceb080
3f515800
3f8dd500
3f89d000
3fc3fd80
3f942600
3f275800
3fa6f900
3f36ee00
3f219a00
3fb7d500
3f67d100
3f88fb80
3f535000
3f2de800
3f2b9c00
3f94b900
3f095200
3f33f100
3f938500
3f5c7800
3f231400
3f7ce400
3f2dbe00
3faadd00
3f11b000
3f3c5800
3f9c6f80
3fb46d80
3f547600
3f8c1c00
3f4a9e00
3f902100
3f9de900
3f834f00
3f581200
3fb60c80
3f92b580
3f74c900
3f80a000
3f48a600
3f3cac00
3f47aa00
3fcacc80
3f361c00
3f853800
3f5c8000
3f8c3980
3f1ab600
3efdf800
3fc9fd00
3f712c00
3f2ee400
3fa7f200
3f682600
3f91e600
3f2aa000
3f837f00
3fd64f00
3f36c400
3f590e00
3f381400
3f85bd80
3f8a9a80
3fe03280
3fbdd480
3f712c00
3f8b8900
3f5c8000
3f38bc00
3f46ae00
3f7ce400
3f865e00
3f700600
3f820300
3f8ea800
3f8dd880
3f60c400
3f559c00
3f4d3e00
3f6ee000
3f65b000
3f3ea400
3f8b6a00
3f1f4e00
3fa40e00
3f82ec00
3f19e400
3f4af200
3f5d7c00
3fbe5100
3f76ea00
3f15f400
3fca5000
3f439000
3f8d4200
3f8daf00
3f8e2b80
3f7ce400
3fcc1880
3f5ecc00
3f79a600
3fddc400
3f300a00
3f315a00
3facf880
3f5b8400
3f19ba00
3fa91480
3fdc4e80
3f961d00
3f9fad80
3fcc1880
3f9ba000
3f986200
3f973f80
3f248e00
3f5b5a00
3f80e080
3f5e1700
3f2f0e00
3f547600
3f44e000
3f89cb00
3f995100
3f882c00
3f982b00
3fab5980
3f9ad080
3f4f8000
3f544c00
3f95df00
3f46ae00
3f6a4800
3fd43380
3fabac80
3fa21c00
3f63b800
3f1cd800
3f74c900
3fdf6300
3f428800
3f81c600
3fe3ed00
3f5ff200
3fa31400
3f15ca00
3f81c600
3f705a00
3fc09600
3fa62980
3f078400
3f86f100
3f6a4800
3f39e200
3f8f8e00
3f945480
3f911680
3fc09600
3f7dce00
3f4c6c00
3f8c3980
3fb92100
3f3c0c00
3f92b580
3f623e00
3fe37080
3f7a5c00
3fc52000
3f841200
3f583c00
3f813300
3f90ed00
3f834f00
3f453400
3fcb1f80
3fb22880
3f8caf00
3f993180
3f837f00
3f712c00
3f9fd700
3f0bf200
3f82ec00
3f56c200
3f623e00
3f926280
3f161e00
3f904700
3f7ef400
3f89cb00
3fa8c180
3f46ae00
3f527e00
3f9de900
3f81c600
3fbef700
3fc35780
3f433c00
3f8c3980
3f500800
3f86f100
3f834f00
3fda5c80
3f8b8900
3f979280
3f84a500
3fb5b980
3fb60c80
3f9bc980
3fed2a80
3fc0bf80
3f781000
3f2d6a00
3f3a0c00
3f76ea00
3f7a5c00
3f442700
3fd5a900
3f590e00
3f542200
3f81c600
3fb4ea00
3fa43780
3f7dce00
3f8e6800
3f66d600
3f4c9600
3f88fb80
3f527e00
3f8a6300
3f94b900
3f2eba00
3f89cb00
3f84a500
3f45b200
3f834f00
3f881700
3fa07d00
3f611800
3f967200
3fa31400
3f566e00
3f5da600
3f781000
3f718b00
3f7e8300
3fafba00
3f38bc00
3f939300
3f649300
3f82d280
3f663200
3f878400
3fc4cd00
3f3a0c00
3f6c9400
3fa1f280
3f979800
3f88d200
3fd7c480
3efca800
3f49a200
3f8a9a80
3f511f00
3f9cc300
3f2b9c00
3f74c900
3f89cb00
3f837f00
3f56c200
3fab5980
3f636400
3f89cb00
3f844800
3f9d3f00
3fc09600
3f1f7800
3fa21c00
3f62f400
3fa7c880
3f6e4d00
3f88fb80
3f65b000
3f4fde00
3fdbfb80
3f9ede00
3f8fa100
3fcb7280
3f902100
3f84ee00
3f4de100
3fd86a80
3f6e4d00
3f508600
3fbb3c80
3fb2a500
3f300a00
3f2d7500
3fad7500
3f84a500
3f882c00
3f91da00
3f875c80
3f559c00
3fb97400
3f626800
3f930000
3faa3700
3f6d1200
3f8f8e00
3fd4b000
3f793600
3f1ff600
3fcc9500
3fab8300
3fc0bf80
3f328000
3f8d0900
3f59e000
3fc38100
3f837f00
3fc0e900
3f2fe000
3f30b300
3f44e000
3fb0b300
3fba1a00
3f861080
3f882c00
3f2de800
3f381400
3f67fc00
3faa0d80
3fa7c880
3f942600
3fadf180
3f945480
3f8ea800
3f84ee00
3fd7ee00
3f9c6f80
3f497800
3f780700
3f468400
3f4f6000
3f712c00
3fad7500
3f49f600
3f6a4800
3f85cb00
3f9c4600
3f5fc800
3f11b000
3f7ce400
3f781000
3f8dd880
3f95df00
3fccbe80
3f865e00
3f45dc00
3f113200
3f611800
3fa60000
3f2e1200
3f421600
3f930000
3f65b000
3f967200
3fabd600
3f103600
3f998480
3f3c0400
3f881700
3fbf4a00
3f4f8000
3f801100
3f945480
3f89a180
3f868d00
3f2c6e00
3f2ee400
3fbdd480
3f841200
3f52be00
3f3a6d00
3f718b00
3fc28800
3f06b200
3f82ec00
3f181600
3f8c3980
3f42be00
3f76ea00
3f13a800
3f9bc980
3f841200
3f6ee000
3f5ad900
3f5c2c00
3fbd0500
3f8f7780
3fa19f80
3f8dd880
3f737800
3f579b00
3f801100
3fb3f100
3f569800
3f46d800
3f971600
3f813300
3fbdab00
3f4eb800
3fa50700
3fcc1880
3f6ee000
3f732a00
3f80a000
3f601c00
3f068800
3f401e00
3f3c0400
3f74c900
3f9e3800
3f248e00
3f718b00
3f9ad080
3f65b000
3f793600
3f6dba00
3fd07900
3fb34b00
3f9a7700
3f8d4200
3f63e200
3f91da00
3f837f00
3f914700
3f92b580
3f6cae00
3fc71200
3f65da00
3f36c400
3f878400
3fa15b00
3faeea80
3f0f8e00
3f4ee200
3f623e00
3f82ec00
3f6cbe00
3f21c400
3faa3700
3f8f7780
3f91da00
3f476500
3f8f7780
3f904700
3fc9d380
3f8a9a80
3f3dd200
3f4e6400
3f3bb000
3f4d1400
3f841200
3f868d00
3f95f380
3f2d1600
3fce8700
3f7ca800
3f7b4500
3f827f80
3fbd0500
3f3a0c00
3f9ba000
3fabac80
3f6fec00
3f421600
3f8d0900
3f3dd200
3f91e600
3f6c9400
3f881700
3f393a00
3f863a00
3f9cc300
3f6b0f00
3fd1c500
3f4c4200
3f911680
3f3d7e00
3f593a00
3fa55a00
3f431200
3f6b6e00
3f7dce00
3f3a3600
3f393a00
3f1a3800
3fa26f00
3f881700
3f9d9200
3fcf0380
3f85bd80
3f67fc00
3f5e1700
3f7b8200
3f7b8200
3f990800
3faec100
3f8a9a80
3f453400
3fad7500
3f970500
3fc95700
3f325600
3f100c00
3f4f6000
3f522a00
3fd7ee00
3f590e00
3f0c7000
3f503200
3f90b400
3f3b5c00
3fba6d00
3fa91480
3f12ac00
3f893d00
3f527e00
3fc3fd80
3f84a500
3fcd8e00
3f248e00
3fe7d100
3f7ca800
3fc6bf00
3f942600
3f982b00
3f2fb600
3f7ca800
3f5e1700
3f893d00
3f48fa00
3f4cea00
3f54ca00
3f5e2400
3f1e5200
3f916980
3f2de800
3f95f380
3f7ef400
3f4a4a00
3f458800
3f86f100
3f6b6e00
3f967200
3f25de00
3f841e80
3fcb4900
3f4bc400
3f559c00
3f801100
3f5fb600
3ff30080
3fb2a500
3f7ef400
3f8b8900
3f5ff200
3fcf5680
3f8efb00
3f0d9600
3f91da00
3f813300
3fdee680
3fce0a80
3fa14c80
3fda0980
3f85bd80
3f875c80
3f470200
3f8b6a00
3f781000
3fc1e200
3f81b000
3fa21c00
3f6a4800
3f967200
3fa3bb00
3f687a00
3f352000
3f6fec00
3f801100
3f05e000
3f7ca800
3f9e0e80
3f320200
3f280000
3f442700
3f8d0900
3f436600
3f800d00
3fdd9a80
3f6cae00
3f8b6a00
3f6a9c00
3f964680
3f6b0f00
3f8dd880
3f6cae00
3f4c4200
3f8dd880
3f611800
3f881700
3f82ec00
3f725200
3f84ee00
3f945480
3f5fb600
3f30b200
3fce8700
3f8ea800
3f7ef400
3f697000
3f94fa80
3f8e0200
3fb22880
3f9cc280
3f902100
3f45c600
3f305e00
3fa0d000
3fabd600
3f993180
3f9c1c80
3fcc6b80
3f490400
3fb08980
3f98be00
3f841e80
3f372f00
3f8ea800
3fa21c00
3f347800
3f547600
3f35f200
3f623e00
3fcf5680
3f57e800
3f94b900
3f9cc280
3f06dc00
3f5c8000
3f9e0e80
3f66d600
3f8b8900
3f7e8300
3f67fc00
3f95df00
3f236800
3fc9aa00
3f67fc00
3f7ef400
3f942b00
3f837880
3f7b8200
3f8b8900
3f38ce00
3f76ea00
3f84a500
3f615500
3f5b3000
3fab0680
3fdb2c00
3f233e00
3f67fc00
3f0a4e00
3f66d600
3f9d3f00
3f3e7a00
3fb0b300
3f911680
3f62f400
3fb18280
3f8d0900
3f732a00
3f81b000
3f85bd80
3f130000
3f801100
3fb49700
3f75c400
3f485200
3f9b2380
3fa3bb00
3fb94a80
3f1d2c00
3f914700
3f75c400
3f4b4600
3f2fe000
3fc92d80
3fa7c880
3f8a6300
3fbfc680
3f8f7780
3f868d00
3f511f00
3f9c6f80
3f38ce00
3f3f4a00
3f841e80
3fbd8180
3f8d4200
3f841200
3f7ef400
3f4eb800
3f793600
3f636400
3f51d600
3f6bc200
3fc13c00
3f322c00
3f80e080
3f2bd600
3fdba880
3f825900
3f74c900
3fa6f900
3f3dd200
3f097c00
3fb03680
3fdcf480
3fbd0500
3fafba00
3f85cb00
3fa7f200
3f781000
3f1d0200
3fb85180
3f623e00
3f820300
3f315a00
3f9de500
3f621400
3f4ee200
3f5ff200
3fb4ea00
3fbd5800
3f164800
3fae4480
3f8b1700
3fc1e200
3f94b900
3fa14c80
3f6b6e00
3f7ca800
3f442700
3f38bc00
3fa00080
3f2a7600
3f868d00
3f448c00
3f86f100
3fba1a00
3f3f4a00
3f813300
3f0f1000
3f476500
3f7b8200
3f5a3400
3f5ff200
3f3a6000
3f954c00
3f4de600
3fc83480
3f191200
3fa07d00
3f297a00
3f841200
3f8c3980
3f7ce400
3f4bee00
3f96c300
3f1bb200
3fb10600
3f500800
3fbbe280
3f424000
3faadd00
3f4ee200
3fc4a380
3f80a000
3f825900
3f2b1e00
3fb85180
3f954d80
3f8c3980
3fa2eb80
3f295000
3f793600
3f91e600
3f780700
3f6cae00
3f3bb000
3f841e80
3f7b4500
3f62f400
3f522a00
3fa21c00
3f1f2400
3f69ca00
3fc92d80
3f579b00
3f853800
3f712c00
3f837f00
3f29a400
3f9a0100
3f2fb600
3fc38100
3f017200
3f5ad900
3fa21c00
3f1f2400
3f9aa700
3f389200
3f426a00
3f56c200
3f5c8000
3f4d6800
3f825900
3f5b5a00
3f81c600
3f88fb80
3f970500
3f970500
3f92b580
3fad7500
3fd0f580
3f511f00
3fb25200
3f766800
3fb97400
3f8f8e00
3f827f80
3f8b6a00
3f26b000
3fc80b00
3f8d4200
3fb12f80
3fc3aa80
3fa3e480
3f308800
3f623e00
3f3d0000
3fda5c80
3f48a600
3f3c0400
3fb60c80
3fe6d800
3f993180
3f256000
3fd38d80
3f45c600
3fdca180
3f837f00
3f85bd80
3f411a00
3fd26b00
3f7b4500
3fa33e80
3f2bf000
3f231400
3f813300
3f89d000
3f9ede00
3f9de900
3f88aa00
3f75c400
3fc04300
3f766800
3f3dab00
3f468400
3fcfa980
3f88aa00
3f813300
3f42e800
3f3a0c00
3f55fc00
3f67fc00
3f911680
3f0dea00
3fa7f200
3f732a00
3f32aa00
3feec980
3f893d00
3f7ef400
3fd19b80
3f161e00
3f611800
3f352000
3f9c3000
3f84ee00
3f095200
3f3cac00
3f793600
3f2f0e00
3f732a00
3fafba00
3f1bdc00
3f47aa00
3f4f8000
3f88aa00
3fbdab00
3f429400
3f983880
3fb44400
3f780700
3fc11280
3f80e080
3f34cc00
3f780700
3f26b000
3f611800
3f1a8c00
3f945480
3f8f7780
3f91e600
3f5b5a00
3f649300
3f793600
3f732a00
3fc1e200
3f875c80
3fb0b300
3f967000
3f780700
3f3d5400
3f66d600
3faadd00
3f45c600
3fc01980
3f1a6200
3f84ee00
3f8efb00
3f28d200
3f050e00
3f3a0c00
3f930000
3fb49700
3f374200
3f5dfa00
3f700600
3fd36400
3fc28800
3f67d100
3f82ec00
3f446200
3f3bb000
3f391000
3f3bb000
3faeea80
3fd21800
3f40f000
3fa1ee00
3f85bd80
3fa4b400
3f8d4200
3f4ac800
3f5ad900
3f590e00
3f649300
3f58e400
3fa50700
3f961d00
3f8b1700
3f320200
3f8dd880
3f8dd880
3fab5980
3fabd600
3f718b00
3fdfb600
3f8a6300
3faf1400
3f90b400
3fba6d00
3f904700
3f510400
3f0b2000
3f42e800
3fda8600
3f882c00
3f95f380
3f500800
3fafe380
3f7ca800
3fe1a800
3f4b7000
3f868d00
3f3c5800
3f058c00
3f636400
3fcb9c00
3f8ea800
3fe8a080
3f27d600
3f648a00
3f682600
3f914700
3f11da00
3f96c300
3fdded80
3f41ec00
3f2d6a00
3f6dba00
3f8b8900
3f8ea800
3f813300
3f6ee000
3f4f3600
3f4c6c00
3f8a9a80
3f813300
3f6c9400
3f81b000
3f938500
3f7ca800
3fbc3580
3f55fc00
3fe46980
3f80a000
3f865e00
3f3a6000
3f6a1e00
3f2c9800
3f4fb400
3f6e4d00
3f04ba00
3f596200
3f7b8200
3f5ad900
3f7dce00
3f8b6a00
3f89cb00
3f75c400
3fe3ed00
3f564400
3fd2be00
3f9b0a00
3f75c400
3fb8a480
3f940180
3f67fc00
3f5c7800
3fb70580
3fc80b00
3f7ce400
3fab0680
3fa62980
3f939300
3f1c0600
3f6f8800
3f5d7c00
3fad9e80
3fb0b300
3f38e600
3f61ea00
3f834f00
3fb2f800
3fc6bf00
3fa2eb80
3f7a5c00
3fb5b980
3fcc6b80
3f995b00
3fc59c80
3f882c00
3f93d800
3f7ca800
3f442700
3f9a0100
3f1d8000
3f8b1700
3f67a800
3f359000
3f9c6f80
3f7e8300
3f737800
3f62f400
3f91e600
3f67fc00
3f749e00
3f268600
3f8dd500
3fc69580
3fa17600
3f522a00
3fab0680
3f881700
3faeea80
3f169c00
3f914700
3f47d400
3f8b8900
3fd38d80
3f8f8e00
3f2d9400
3f67d200
3f973f80
3fabd600
3f09d000
3f926280
3f780700
3f3d2a00
3f85bd80
3f62f400
3f8af600
3f88aa00
3f448c00
3f8ea800
3fc8b100
3fc30480
3f4a2000
3f419800
3f535000
3f6c9400
3f3d7e00
3f56c200
3f914700
3f80a000
3f46d800
3f1f4e00
3f5ad900
3f882c00
3f7d3700
3f4e8e00
3fa00080
3f2d7500
3fa89800
3f5caa00
3fdebd00
3f986200
3fd64f00
3f2e6600
3fd8bd80
3f1c0600
3fc69580
3f59b600
3f2af400
3fcfa980
3fc16580
3f85cb00
3f90b400
3f522a00
3f547600
3f979800
3f335200
3f557200
3f9ede00
3f401e00
3f419800
3f37ea00
3f2a2200
3f868d00
3fd57f80
3fa43780
3f5da600
3f5adc00
3f9ede00
3f692200
3f813300
3faca580
3f5e1700
3f993180
3f4e6400
3f520000
3f806400
3f5a3400
3f81b000
3f8e6800
3f54a000
3f8c1c00
3f2bc600
3f99d780
3f1bb200
3f904700
3f841200
3f8caf00
3f4a4a00
3f0d4200
3f8c3980
3f881700
3f4a9e00
3fce0a80
3fcc1880
3f409c00
3fceda00
3f80a000
3fd14880
3f6cae00
3f853800
3f460600
3f626800
3f6a4800
3f6cae00
3f5cfe00
3fb03680
3fa72280
3f88fb80
3f841200
3fa14c80
3f3f7600
3fd6f500
3fd6f500
3f6b1a00
3f8dd500
3f80a000
3fe1d180
3f2a3700
3f930000
3f81c600
3f902100
3f4d9200
3f945480
3f904700
3f5e1700
3f825900
3f75c400
3fc06c80
3fa74c00
3f9cc280
3f8a6300
3f801100
3f487c00
3f62f400
3f9ede00
3f268600
3f8d0900
3fc52000
3f9f3100
3f9ba000
3f593a00
3f84a500
3f4e8e00
3fdba880
3fdcf480
3f67d100
3fed0100
3f3e5000
3fa1f280
3f13d200
3f152200
3fae1b00
3f4c6c00
3f8f8e00
3fde1700
3f8c6300
3f3c0c00
3f0d6c00
3f207400
3f6b0f00
3f84ee00
3f91e600
3f80e080
3f39b800
3fb44400
3fc01980
3f834f00
3fbb8f80
3f383e00
3f75c400
3f96c300
3f893d00
3f8efb00
3f69ca00
3f34a200
3fa36800
3f132a00
3f06dc00
3f67fc00
3f81c600
3f59b600
3f8dd500
3f5f4a00
3f3d5400
3f535000
3f88aa00
3fd52c80
3f8b8900
3fbb3c80
3fcd8e00
3fcc4200
3fd71e80
3f61c000
3f30dc00
3f636400
3f76ea00
3f285400
3fa3bb00
3f649300
3f508600
3f4ee200
3faa8a00
3fc25e80
3f7dce00
3f4f3600
3f911680
3f38bc00
3fb60c80
3f9ad080
3f6ee000
3f80e080
3fa55a00
3fd74800
3f827f80
3f81c600
3f8efb00
3f305e00
3f4b4600
3f369a00
3f0e1400
3f19ba00
3fa55a00
3f1cae00
3fd2e780
3f875c80
3fcaa300
3f226c00
3f4fde00
3fd57f80
3f19ba00
3f5ff200
3fb4ea00
3f8a9a80
3f85bd80
3f51d600
3fb60c80
3f3f4c00
3f6b0f00
3fa89800
3f337c00
3f95a080
3f0af600
3f911680
3f67d100
3f7b8200
3f297a00
3f359e00
3fb7fe80
3fa7c880
3f697000
3f801100
3f411a00
3efbac00
3f4cc000
3f383e00
3f396400
3fb92100
3f115c00
3f911680
3f749e00
3f942600
3f81c600
3f9c9900
3fe1fb00
3f593800
3f8a9a80
3f6fec00
3f73a200
3f780700
3fafe380
3fb32180
3f7b4500
3f17c200
3f615500
3f712c00
3f5c7800
3f30b300
3f383e00
3f643600
3f4c1800
3fa48a80
3f904700
3fc20b80
3f9e7c00
3f4d9200
3f3c0400
3f9c6f80
3f3dab00
3f386800
3f55fc00
3fac7c00
3f8e6800
3f9ede00
3fdb0280
3fcb7280
3fb59000
3f8f8e00
3f827f80
3fde6a00
3f737800
3f8c3980
3f780700
3fa5ad00
3faadd00
3f837f00
3f7b4500
3fc85e00
3f865e00
3f4a4a00
3f89cb00
3f09a600
3f448c00
3f32aa00
3f4b9a00
3f97e580
3fc92d80
3f945480
3f482800
3fa9e400
3faa6080
3f84ee00
3f893d00
3f76ea00
3fb53d00
3f8a6300
3fb4ea00
3f347800
3fcd6480
3fc9fd00
3f511f00
3f21c400
3f4d3e00
3fc9fd00
3f6e4d00
3f67fc00
3f732a00
3f700600
3f34f600
3f426a00
3f0b9e00
3f2d1600
3f5e7800
3f91e600
3f6a4800
3f5b3000
3f780700
3f4c4200
3f80e080
3f84ee00
3fb0dc80
3f6dba00
3f9fad80
3f7dce00
3f911680
3f692200
3f998480
3f84ee00
3f700600
3f84a500
3f54a000
3fa07d00
3f914000
3fa14c80
3f9c9900
3f865e00
3f1cae00
3f211c00
3f511f00
3f813300
3f834f00
3f02ec00
3f6dba00
3f74c900
3f4dbc00
3f88d200
3f424000
3f38bc00
3f6fec00
3f914700
3fb8ce00
3f9afa00
3f737800
3f54a000
3f8c3980
3fae4480
3f697000
3f5ad900
3f55f000
3f636400
3f487c00
3f68ce00
3f46ae00
3f878400
3fb94a80
3f4c6c00
3fbc8880
3f6b6e00
3fdee680
3f781000
3f84ee00
3f478000
3fc9aa00
3f8a9a80
3fcdb780
3f781000
3f615500
3f5b5a00
3f9c4600
3f386800
3fe84d80
3f2ee400
3fa2eb80
3f270400
3f1c8400
3f9d9200
3f9a7700
3f95df00
3f834f00
3f914700
3f8b8900
3f9e0e80
3fa0c800
3f979280
3f801100
3f0f6400
3fb44400
3f342400
3f793600
3f90b400
3f5c5600
3f8af600
3f179800
3fc13c00
3f5a3400
3fd21800
3f9f8400
3fb27b80
3f30b200
3fae9780
3fa7c880
3fb44400
3f623e00
3f8dd500
3f8a6300
3fab5980
3f692200
3f85bd80
3f164800
3fa8c180
3f579b00
3fbecd80
3f995100
3f468400
3f535000
3faca580
3f66ac00
3fdad900
3f834f00
3fefec00
3f868d00
3f295000
3f372f00
3fd2e780
3fbe2780
3f505c00
3f911680
3fa2eb80
3f5a8800
3f287e00
3f4f8000
3f4b4600
3f938500
3f184000
3f615500
3f92b580
3f6ee000
3f30b200
3f712c00
3f697000
3f6ee000
3f8ea800
3f9c6f80
3f9de500
3f9f8400
3f825900
3f8f7780
3f05e000
3f511f00
3f911680
3f236800
3f700600
3f834f00
3fc7e180
3f8c1000
3f8a9a80
3faeea80
3f89cb00
3f442700
3f90b400
3f7e8300
3f8d4200
3f6cae00
3fcacc80
3f793600
3fbdfe00
3f611800
3fb6dc00
3f465a00
3f593a00
3f9cc300
3f692200
3f780700
3ef7bc00
3f878400
3f75c400
3f59b600
3f347800
3f18e800
3f640c00
3f766800
3f305e00
3fb49700
3f325600
3f8f8e00
3fa6cf80
3f881700
3f80a000
3fbef700
3f926d00
3fbf9d00
3f193c00
3f825900
3f938500
3f942600
3fdccb00
3f38ce00
3f7ce400
3f6cae00
3f320200
3f9d6880
3f8d0900
3f99e400
3fc3fd80
3fa7c880
3f3ea400
3f88aa00
3f393a00
3f1fcc00
3fa3bb00
3f88aa00
3f221800
3fb7fe80
3f881700
3fc7b800
3f837f00
3f780700
3f69ca00
3f4f8000
3fa14c80
3f8a6300
3f439000
3f7b4500
3f1f4e00
3f07ae00
3f893d00
3f29ce00
3f1cd800
3f56c200
3f952400
3f106000
3fe91d00
3f841e80
3fbc0c00
3f880280
3fa39180
3f6e4d00
3f4f3600
3f67fc00
3f63b800
3f89d000
3f841e80
3fafe380
3f875c80
3f8c1c00
3f43ba00
3fd21800
3f9ad080
3f49cc00
3f325600
3f9ba000
3fa48a80
3f904700
3fa6a600
3f381400
3f476500
3f882c00
3fa14c80
3f545d00
3f5c7800
3f57e800
3f128200
3fa29880
3f737800
3fbf9d00
3f559c00
3fafe380
3f808d80
3fb65f80
3f367000
3f81c600
3f443800
3f476500
3f354a00
3f84c480
3fb9f080
3fc78e80
3f82ec00
3f979280
3f253600
3f544c00
3f749e00
3f5b5a00
3f623e00
3fcbef00
3f54a000
3fa14c80
3fe9ec80
3fcfd300
3f49a200
3f61c000
3f74c900
3f614200
3f79a600
3f3b8600
3f263200
3f57e800
3f586600
3f663200
3f1ea600
3f4f0c00
3f214600
3fb8f780
3f96c300
3f9b0a00
3f88fb80
3fd6cb80
3f6b0f00
3f998480
3f5c7800
3fbff000
3f5da600
3f9cec00
3f500800
3f9d3f00
3f8a6300
3f99d780
3f766800
3f2c1a00
3fb06000
3f082c00
3f40e900
3f670000
3f0e1400
3f954d80
3f9c9900
3fc06c80
3fae9780
3f83cb80
3faf1400
3f84ee00
3fa15b00
3f5f7400
3f90c380
3f780700
3fdc2500
3f649300
3f84ee00
3f80e080
3f5ad900
3f904700
3f9ede00
3fd1c500
3f30b200
3f82ec00
3f697000
3fb63600
3fce3400
3fa33e80
3f07ae00
3fb32180
3f84ee00
3f825900
3f579400
3f472c00
3fa12300
3f6ee000
3faf6700
3f8dd880
3f6fec00
3fbc8880
3f66d600
3f945480
3f84ee00
3f76ea00
3fd07900
3fa43780
3f8ea800
3f4f6000
3f6c9400
3f834f00
3fa62980
3f882c00
3f6fec00
3f8af600
3f82ec00
3f98de80
3f697000
3f7ce400
3f7ef400
3f3ea400
3f361c00
3f86f100
3fdfb600
3f86f100
3f793600
3fd57f80
3f3dfc00
3f9e0e80
3f875c80
3f5d7c00
3f80a000
3f37c000
3f81c600
3f354a00
3fd38d80
3f4cc000
3f38ce00
3f014800
3f1d8000
3f793600
3f429400
3fc88780
3fb9c700
3fb2ce80
3f490400
3f9ad080
3f3f7600
3f4c4200
3f8ea800
3faf6700
3f6b0f00
3fab0680
3f8a6300
3fb6b280
3f5a3400
3f88fb80
3f7ca800
3f88fb80
3f945480
3f995100
3f52be00
3fbd8180
3fa9e400
3fefc280
3f8b8900
3fc4f680
3fa50700
3f0ee600
3f81b000
3fba4380
3f485200
3f952400
3f995100
3f878400
3f8d0900
3f47d400
3fb4c080
3f904700
3f766800
3f7ce400
3f904700
3f9c6f80
3f76ea00
3f902100
3f5c8000
3fb5b980
3fe10200
3f593a00
3f29a400
3fd2be00
3f7b4500
3f411a00
3f982b00
3f91e600
3f75c400
3fe60880
3fcb7280
3f8c3980
3f84c480
3f9aa700
3f79a600
3fe7fa80
3f91e600
3f8a6300
3f62e600
3f535000
3f021a00
3f25de00
3fa1ee00
3fbae980
3f793600
3f8c1c00
3f1e2800
3f5e7800
3f4c6c00
3f42be00
3f7a5c00
3f53f800
3fb7fe80
3f3f4c00
3fdb0280
3f615500
3efbac00
3fac2900
3f60ee00
3f91e600
3fbdab00
3f497800
3f3a6d00
3f386800
3f4dbc00
3f4bee00
3facf880
3eff9c00
3fd11f00
3faf6700
3fdc4e80
3f3a6d00
3f3b5c00
3f6a4800
3fa0a680
3fb0dc80
3f3a0c00
3fe82400
3f930000
3f0fe200
3f938500
3fbc5f00
3f2e1200
3f8af600
3f749e00
3fb7fe80
3f4fde00
3f841e80
3f8dd880
3f827f80
3f4c6c00
3fb7ab80
3f4c6c00
3f28fc00
3f8d8580
3f8af600
3f84ee00
3f663200
3f92b580
3f725200
3f62bc00
3f88fb80
3f1d2c00
3f561a00
3fb65f80
3ef71400
3fedfa00
3f371800
3f3d7e00
3f623e00
3f95ca00
3f868d00
3f46ae00
3f1dd400
3f986200
3f7ca800
3f5a3400
3fca2680
3f9f0780
3f86f100
3f611800
3f7b4500
3f5fb600
3fb92100
3f66d600
3f8b8900
3f749e00
3fd11f00
3f841e80
3f863a00
3f359000
3f58ba00
3f84ee00
3f801100
3fca2680
3f825900
3f911680
3f1d0200
3f45dc00
3fa07d00
3fa3bb00
3f6dba00
3f442700
3fa89800
3f6ee000
3fcd8e00
3f7e3000
3f3d5400
3f4de100
3f3e7a00
3fe8a080
3f95f380
3f993180
3fa24580
3f74c900
3f253600
3f4a2000
3f1c5a00
3fb51380
3f930000
3fa62980
3f827f80
3fb7fe80
3fd5d280
3f217000
3f65b000
3f920f80
3f5e1700
3fb18280
3f4ac800
3f9e0e80
3fbea400
3f3cd600
3f89a180
3fd6f500
3f82ec00
3f8dd500
3f8caf00
3f3ef800
3f4fde00
3f33f100
3f84a500
3f59b600
3f43e400
3f893d00
3f8bbd00
3fc3d400
3f781000
3fd2e780
3f40c600
3f239200
3fb25200
3f837f00
3f56c200
3f6ee000
3fc52000
3f9fad80
3f75c400
3f1e5200
3fc61900
3f2e3c00
3fb49700
3f692200
3fd91080
3f663200
3f4f8000
3fd5a900
3f5e1700
3f718b00
3f954c00
3f2af400
3fc5c600
3f32fe00
3f837f00
3fc78e80
3f2c6e00
3f8af600
3f954d80
3f8ea800
3f993180
3f85cb00
3f32aa00
3f86f100
3fa1c900
3f8dd500
3f954c00
3fab5980
3fb22880
3f84ee00
3f5b5a00
3f7ef400
3fd02600
3fd07900
3f42be00
3f0aa200
3f880280
3f416e00
3f15a000
3f79a600
3f800d00
3f881700
3f7ca800
3f5a3400
3f52be00
3f5e1700
3fad9e80
3f793600
3f10b400
3f90ed00
3f8a6300
3f22c000
3f979280
3fa36800
3f6b0f00
3f12ac00
3f49f600
3f882c00
3fba1a00
3f4bee00
3f56c200
3f868d00
3f65b000
3f38ce00
3f7ef400
3f5e7800
3f4ac800
3fa7f200
3f9c6f80
3f4c4200
3f825900
3f3ef800
3f9d3f00
3fbac000
3f547600
3f85cb00
3f8dd880
3f5c8000
3f300a00
3f76ea00
3fa05380
3fd8bd80
3fcaa300
3f9c6f80
3f5ea200
3f344e00
3fca7980
3fb78200
3f285400
3f712c00
3fb4c080
3f3c8200
3f9d3f00
3f7e8300
3fa33e80
3f781000
3f391000
3f67d100
3f6b6e00
3f9cec00
3f3d5400
3f571600
3f967000
3f7ef400
3fd5fc00
3f7b4500
3f67d100
3fc66c00
3f88fb80
3fc0e900
3f20c800
3fbbe280
3f89cb00
3f993180
3f7dce00
3f623e00
3f83f500
3fbac000
3f3fca00
3fdd4780
3ff1de00
3f954c00
3fa1f280
3f5ad900
3f99e400
3f7e8300
3f0f6400
3f954d80
3fabac80
3fc35780
3fd48680
3fc98080
3fb41a80
3f169c00
3f75c400
3f6f0a00
3f49a200
3f8ea800
3f8ff400
3f8dd880
3f8c3980
3fb7fe80
3f92b580
3fa48a80
3f56ec00
3f2dbe00
3f904700
3f2f8c00
3fa8eb00
3f8d4200
3f8b6a00
3f60c400
3f926d00
3fca5000
3f92b580
3f57e800
3fce3400
3fa07d00
3f65da00
3f712c00
3f8b6a00
3f88aa00
3f9c1c80
3f91e600
3f993180
3f930000
3f8a9a80
3f8ea800
3fd52c80
3f433c00
3f494e00
3f33d000
3f6b6e00
3f837f00
3fdaaf80
3efa5c00
3f8d0900
3f7ca800
3f982b00
3f800d00
3f229600
3fcffc80
3f8a9a80
3f2f8c00
3f56c200
3f8dd880
3fe97000
3f8af600
3f700600
3f6dba00
3f9c1c80
3fa9e400
3f1d8000
3f463000
3f79a600
3f559c00
3f152200
3f7e8300
3f428800
3f91e600
3f56c200
3f80e080
3f623e00
3f21c400
3f611800
3f6dba00
3f84a500
3f82ec00
3f84a500
3f893d00
3f939300
3fae4480
3f902100
3f3e5000
3fdfdf80
3f3bda00
3f2eba00
3f9ad080
3f3dfc00
3f62f400
3f926d00
3f372f00
3f4dbc00
3f22ea00
3f9c6f80
3f7ca800
3f993180
3fd50300
3f825900
3f29f800
3f663200
3f398e00
3fc95700
3f8d8580
3f982b00
3f3f4c00
3fa7c880
3f8f7780
3f7ef400
3f8a1e00
3f511f00
3fd36400
3f94d100
3f9e7c00
3f411a00
3f379600
3f42e800
3f7ce400
3f89a180
3f8dd880
3f94b900
3f9ede00
3fbf4a00
3f5e1700
3fc16580
3f8d0900
3fae9780
3f41ec00
3f3b8600
3f5ff200
3fa6a600
3f79a600
3f211c00
3f979280
3fcf0380
3f75c400
3f3e7a00
3f80a000
3fb7ab80
3fd1ee80
3f827f80
3fc80b00
3f834f00
3f313000
3f732a00
3fad2200
3fb2a500
3f88fb80
3f458800
3f54a000
3f433c00
3f75c400
3f7a5c00
3f569800
3fb72f00
3f4b9a00
3fc52000
3f5ecc00
3fcbc580
3f954c00
3f3b5c00
3f40e900
3f6cae00
3fb46d80
3f559c00
3f970500
3f374200
3fa93e00
3f90b400
3f911680
3f3d7e00
3f8a9a80
3fd9b680
3f85cb00
3f59e000
3f28fc00
3fb1ac00
3f6fec00
3f626800
3f636400
3f9e3800
3f3c0c00
3fc18f00
3fe6ae80
3f841200
3f7ce400
3f320200
3f904700
3f27d600
3f952400
3f7b8200
3f7ce400
3f332800
3f428800
3f3dab00
3f718b00
3f46ae00
3fd11f00
3fb99d80
3f800d00
3f84a500
3f954c00
3f9e7c00
3f4eb800
3f90b400
3f89cb00
3f297a00
3fa6cf80
3f2cc200
3f3ade00
3f429400
3f7b4500
3f8c3980
3fa55a00
3f8caf00
3f3ea400
3f8dd880
3f23bc00
3f3ea400
3fa00080
3f19e400
3f979280
3f0bc800
3fc78e80
3fa55a00
3f911680
3f692200
3fa53080
3f7b8200
3f38ce00
3f8b8900
3f84ee00
3f3c0c00
3f229600
3fbc8880
3f391000
3f6dba00
3f646000
3f89cb00
3f837f00
3f41ec00
3f878400
3fa46100
3f904700
3fd2e780
3f497800
3f196600
3fcfa980
3f6a4800
3f800d00
3f3f4a00
3f893d00
3fda3300
3f6c9400
3f737800
3fcbef00
3fa21c00
3f7b4500
3f6b6e00
3fb53d00
3fc25e80
3f793600
3f5c8000
3f7b4500
3f793600
3f421600
3f13a800
3f559c00
3f2bf000
3fa48a80
3f882c00
3f93d800
3f5b0600
3f967200
3f611800
3f7ef400
3fccbe80
3fdaaf80
3f217000
3fa3e480
3f8d0900
3f74c900
3f490400
3fa8eb00
3f892500
3f868d00
3f398e00
3f3f4a00
3f6b6e00
3f8f8e00
3f46ae00
3f525400
3f6c9400
3f472c00
3fae1b00
3f801100
3f12ac00
3f3fa000
3f67d100
3f9cc300
3f3ece00
3fa48a80
3fd79b00
3f615500
3f476500
3f579b00
3f1ae000
3f490400
3f8d0900
3f96c300
3f90b400
3f3fa000
3f9d9200
3f825900
3f841e80
3f4c6c00
3fa5ad00
3fa4dd80
3f421600
3f80a000
3f436600
3f476500
3f1efa00
3f800d00
3f718b00
3f697000
3f967200
3f91bc80
3fb1ff00
3f904700
3fa24580
3f5cd400
3f801100
3fd79b00
3f7ef400
3f75c400
3f5adc00
3f86b680
3f781000
3f9b7680
3f1cae00
3f308800
3f8b8900
3f88aa00
3f8af600
3f292600
3f85bd80
3f9cc280
3f82ec00
3f83cb80
3f559c00
3f9e0e80
3f737800
3f4c6c00
3f827f80
3f439000
3f9b0a00
3fd96380
3f8e6800
3f05b600
3f90b400
3f4f3600
3f4b4600
3fc28800
3f374200
3fd40a00
3f2e9000
3f569800
3f982b00
3f40e900
3fa2eb80
3f43ba00
3f62bc00
3f85cb00
3fc4f680
3f737800
3f209e00
3f939300
3f6dba00
3f694c00
3fa0f980
3f712c00
3f335200
3f636400
3f938500
3f255a00
3fca2680
3f8f7780
3fc32e00
3fdcf480
3fb5e300
3f8b8900
3f95ca00
3f520000
3f313000
3f2f1400
3fc61900
3fb1ac00
3f181600
3f265c00
3f7fcf00
3f837f00
3fc23500
3f878400
3f7b4500
3f718b00
3f98de80
3f84ee00
3f75c400
3f391000
3f4c6c00
3f8af600
3fe97000
3f6b6e00
3f590e00
3f5adc00
3f53a400
3feabc00
3fb97400
3f5ecc00
3f8a6300
3f6cae00
3f882c00
3f426a00
3fd6f500
3f53ce00
3f95df00
3f793600
3fb2f800
3f38ce00
3f5e1700
3f503200
3f4dbc00
3f391000
3fb68900
3f86b680
3f834f00
3f8f8e00
3fa07d00
3f7ce400
3fd8e700
3f6fec00
3f579b00
3f8b6a00
3f250c00
3fcf5680
3f494e00
3f649300
3f014800
3f3fca00
3f5c7800
3f81c600
3fe2f400
3f873300
3fdded80
3fdc2500
3f6ee000
3f781000
3f882c00
3f2aca00
3f8f8e00
3f865e00
3f995100
3f43ba00
3f5a3400
3f67d100
3f91da00
3fbbe280
3f881700
3f980f00
3fc76500
3f84a500
3f0b4a00
3f86f100
3f5c2c00
3fa79f00
3f938500
3fc54980
3fd3b700
3f841e80
3f27d600
3f6e4d00
3f781000
3f97e580
3f875c80
3fba9680
3f80e080
3fcaa300
3f9bf300
3fbea400
3f8efb00
3f3c5800
3f800d00
3f62f400
3f90b400
3fab8300
3f414400
3f374200
3f6fec00
3f0fb800
3fce3400
3fa6f900
3f945480
3fbc5f00
3f59e000
3f89d000
3f8caf00
3f66d600
3f5ea200
3f75c400
3fa00080
3f35c800
3f115c00
3f800d00
3f76ea00
3f167200
3f409c00
3f979280
3f938500
3f801100
3f6c9400
3fb87b00
3f88aa00
3f95df00
3f875c80
3fd6a200
3f865e00
3f080200
3fbb8f80
3fe46980
3fa65300
3f57be00
3f263200
3f322c00
3f939300
3f86f100
3f88aa00
3f85bd80
3f59e000
3f6b0f00
3f827f80
3f893d00
3f9fa200
3f825900
3f9cc280
3f8c1c00
3f81c600
3fb94a80
3f347800
3f9ad080
3f79a600
3f33f100
3f5a3400
3fa89800
3f48fa00
3f407200
3f8dd880
3f4eb800
3f697000
3f1f4e00
3f5fc800
3f67d100
3f982b00
3f98be00
3f834f00
3f865e00
3f67d100
3f4f8000
3f80a000
3f3a0c00
3f648a00
3f878600
3f38bc00
3fd14880
3f322c00
3f050e00
3fb12f80
3f94b900
3f393a00
3f95df00
3f2ee400
3f15a000
3fd8bd80
3f2d9400
3f31ae00
3fa50700
3f3c5800
3f92b580
3f118600
3f7b4500
3f820300
3f67fc00
3f8a6300
3f737800
3f4f3600
3fb6b280
3f6c9400
3f92b580
3f0c9a00
3fa3bb00
3f5ab200
3f911680
3fdb7f00
3fda8600
3f847180
3f834f00
3fbff000
3f01f000
3fc42700
3f834f00
3f8d0900
3f96c300
3f6cae00
3f793600
3f875c80
3f7dce00
3f881700
3f825900
3fbdab00
3f94b900
3fab0680
3f297a00
3f8f7780
3fd07900
3f623e00
3f80a000
3f766800
3f9a7d80
3f9ede00
3f834f00
3f551e00
3fb25200
3f6dba00
3f18e800
3f834f00
3f801100
3fc7b800
3fc4f680
3f3f4a00
3fa12300
3fbecd80
3f243a00
3fc42700
3f8d0900
3fb7fe80
3f6e4d00
3f780700
3f48fa00
3fbe2780
3fcde100
3f9ba000
3f930000
3fd40a00
3f1ed000
3fbf4a00
3f878400
3fea9280
3f945480
3f882c00
3f96c300
3f7dce00
3f81b000
3f14a400
3f827f80
3f167200
3f154c00
3f6b0f00
3f75c400
3f6fec00
3f33a600
3f8efb00
3fa99100
3f2c6e00
3f84ee00
3f5ad900
3f780700
3f8f7780
3fb53d00
3f13a800
3fb1ac00
3f537a00
3fb1ac00
3fa07d00
3f692200
3f938500
3f800d00
3f611800
3f401e00
3fc52000
3fa14c80
3fddc400
3f27d600
3f576a00
3f88aa00
3f6fec00
3f801100
3f914700
3f95f380
3f4d3e00
3f292600
3f297a00
3f982b00
3f55f000
3f95f380
3f904700
3fc2db00
3f939300
3f3da800
3fc16580
3faf9080
3fa53080
3f904700
3f810a00
3f827f80
3f09a600
3fc52000
3fb97400
3fad4b80
3fae1b00
3f2af400
3f590e00
3f25b400
3fcb9c00
3f89cb00
3f94b900
3fbecd80
3f335200
3fa96780
3f781000
3fa4dd80
3fc6e880
3f75c400
3fa14c80
3fb18280
3f265c00
3fabac80
3f5da600
3f766800
3fedfa00
3f79a600
3f6cae00
3f914000
3f8af600
3f83cb80
3eff4800
3f3f4a00
3f7a5c00
3f780700
3f9d3f00
3fb92100
3fa21c00
3f82ec00
3f8ea800
3fa14c80
3f8dd500
3fc88780
3f6c9400
3f911680
3f841200
3fa96780
3f993180
3fd77180
3f376c00
3fb99d80
3fc0bf80
3f554800
3f2bc600
3f88aa00
3f882c00
3f289800
3f766800
3f7a5c00
3f45c600
3f841200
3fad4b80
3f7dce00
3fceda00
3f2d7500
3f86f100
3f411a00
3f2cec00
3f9ba000
3f544c00
3f6ee000
3f930000
3f780700
3f672a00
3f2b9c00
3f8dd500
3f84a500
3fa31500
3f35f200
3fb0b300
3f313000
3f89d000
3f80e080
3f655c00
3fbc8880
3f256000
3f67d100
3fd21800
3fa81b80
3f9e0e80
3f0d4200
3f458800
3fce0a80
3f318400
3f569800
3f4b1c00
3f611800
3f8f8e00
3f65b000
3fa48a80
3f878400
3f813300
3f604600
3f663200
3fbac000
3fa07d00
3f902100
3faa3700
3f106000
3f7dce00
3f37c000
3f3ab400
3f749e00
3f9ba000
3f6b6e00
3fbb3c80
3f8b8900
3f80a000
3f6ee000
3fb27b80
3f813300
3f1cd800
3f945480
3f91e600
3f623e00
3fee7680
3f4d6800
3f853800
3f6e4d00
3f5c8000
3f868d00
3f700600
3f81b000
3f6b0f00
3f511f00
3f38ce00
3f1ede00
3f229600
3f157600
3f092800
3ef81000
3f718b00
3f579b00
3f3f4a00
3f255a00
3f25de00
3f18be00
3f0c7000
3efea000
3f79a600
3f5fb600
3f476500
3f2d7500
3f2a4c00
3f1d2c00
3f10de00
3f03be00
3f801100
3f663200
3f4de100
3f33f100
3f2d9400
3f207400
3f142600
3f070600
3ef57000
3f6e4d00
3f55fc00
3f3c0c00
3f23bb00
3f24e200
3f189400
3f0b7400
3efe4c00
3f74c900
3f5c7800
3f428800
3f2a3700
3f282a00
3f1bdc00
3f0ebc00
3f026e00
3f7ce400
3f649300
3f4aa300
3f325200
3f2c9800
3f204a00
3f132a00
3f06dc00
3f81b000
3f6b0f00
3f511f00
3f38ce00
3f2fe000
3f239200
3f167200
3f0a2400
3efa0800
3f732a00
3f593a00
3f40e900
3f26f900
3f280000
3f1ae000
3f0e9200
3f017200
3f79a600
3f5fb600
3f476500
3f2d7500
3f2b4800
3f1e2800
3f11da00
3f04ba00
3f80e080
3f67d100
3f4f8000
3f359000
3f2fb600
3f229600
3f164800
3f092800
3f841e80
3f6e4d00
3f55fc00
3f3c0c00
3f32fe00
3f25de00
3f199000
3f0c7000
3f002200
3f766800
3f5e1700
3f442700
3f2bd600
3f2a4c00
3f1dfe00
3f10de00
3f049000
3f7ce400
3f649300
3f4aa300
3f325200
3f2d9400
3f214600
3f142600
3f07d800
3f827f80
3f6cae00
3f52be00
3f3a6d00
3f320200
3f25b400
3f189400
3f0c4600
3f85bd80
3f732a00
3f593a00
3f40e900
3f354a00
3f28fc00
3f1bdc00
3f0f8e00
3f026e00
3f7b4500
3f615500
3f490400
3f2f1400
3f2d6a00
3f204a00
3f13fc00
3f06dc00
3f80e080
3f67d100
3f4f8000
3f359000
3f30b200
3f239200
3f174400
3f0a2400
3f84ee00
3f6fec00
3f579b00
3f3dab00
3f352000
3f280000
3f1bb200
3f0e9200
3f882c00
3f766800
3f5e1700
3f442700
3f2bd600
3f2b4800
3f1efa00
3f11da00
3f058c00
3f7e8300
3f663200
3f4c4200
3f33f100
3f2fb600
3f236800
3f164800
3f09fa00
3f827f80
3f6cae00
3f52be00
3f3a6d00
3f32fe00
3f26b000
3f199000
3f0d4200
3f868d00
3f74c900
3f5ad900
3f428800
3f376c00
3f2b1e00
3f1dfe00
3f11b000
3f89cb00
3f7b4500
3f615500
3f490400
3f2f1400
3f2e6600
3f214600
3f14f800
3f07d800
3f81b000
3f697000
3f511f00
3f372f00
3f32d400
3f25b400
3f196600
3f0c4600
3f84ee00
3f6fec00
3f579b00
3f3dab00
3f361c00
3f28fc00
3f1cae00
3f0f8e00
3f88fb80
3f780700
3f5fb600
3f45c600
3f3a8a00
3f2d6a00
3f211c00
3f13fc00
3f8c3980
3f7e8300
3f663200
3f4c4200
3f33f100
3f30b200
3f246400
3f174400
3f0af600
3f834f00
3f6e4d00
3f545d00
3f3c0c00
3f352000
3f28d200
3f1bb200
3f0f6400
3f868d00
3f74c900
3f5ad900
3f428800
3f386800
3f2c1a00
3f1efa00
3f12ac00
3f8a9a80
3f7ce400
3f62f400
3f4aa300
3f3cd600
3f308800
3f236800
3f171a00
3f8dd880
3f81b000
3f697000
3f511f00
3f372f00
3f33d000
3f26b000
3f1a6200
3f0d4200
3f85bd80
3f718b00
3f593a00
3f3f4a00
3f383e00
3f2b1e00
3f1ed000
3f11b000
3f88fb80
3f780700
3f5fb600
3f45c600
3f3b8600
3f2e6600
3f221800
3f14f800
3f8d0900
3f801100
3f67d100
3f4de100
3f3ff400
3f32d400
3f268600
3f196600
3f0d1800
3f834f00
3f6e4d00
3f545d00
3f3c0c00
3f361c00
3f29ce00
3f1cae00
3f106000
3f875c80
3f766800
3f5c7800
3f442700
3f3a8a00
3f2e3c00
3f211c00
3f14ce00
3f8a9a80
3f7ce400
3f62f400
3f4aa300
3f3dd200
3f318400
3f246400
3f181600
3f8ea800
3f827f80
3f6b0f00
3f52be00
3f424000
3f35f200
3f28d200
3f1c8400
3f0f6400
3f85bd80
3f718b00
3f593a00
3f3f4a00
3f393a00
3f2c1a00
3f1fcc00
3f12ac00
3f89cb00
3f79a600
3f615500
3f476500
3f3da800
3f308800
3f243a00
3f171a00
3f8d0900
3f801100
3f67d100
3f4de100
3f40f000
3f33d000
3f278200
3f1a6200
3f911680
3f841e80
3f6fec00
3f55fc00
3f455e00
3f383e00
3f2bf000
3f1ed000
3f128200
3f875c80
3f766800
3f5c7800
3f442700
3f3b8600
3f2f3800
3f221800
3f15ca00
3f8b6a00
3f7e8300
3f649300
3f4c4200
3f3ff400
3f33a600
3f268600
3f1a3800
3f8ea800
3f827f80
3f6b0f00
3f52be00
3f433c00
3f36ee00
3f29ce00
3f1d8000
3f92b580
3f868d00
3f732a00
3f5ad900
3f47aa00
3f3b5c00
3f2e3c00
3f21ee00
3f14ce00
3f89cb00
3f79a600
3f615500
3f476500
3f3ea400
3f318400
3f253600
3f181600
3f8dd880
3f80e080
3f697000
3f4f8000
3f431200
3f35f200
3f29a400
3f1c8400
3f911680
3f841e80
3f6fec00
3f55fc00
3f465a00
3f393a00
3f2cec00
3f1fcc00
3f952400
3f882c00
3f780700
3f5e1700
3f45c600
3f3da800
3f315a00
3f243a00
3f17ec00
3f8b6a00
3f7e8300
3f649300
3f4c4200
3f40f000
3f34a200
3f278200
3f1b3400
3f8f7780
3f834f00
3f6cae00
3f545d00
3f455e00
3f391000
3f2bf000
3f1fa200
3f92b580
3f868d00
3f732a00
3f5ad900
3f48a600
3f3c5800
3f2f3800
3f22ea00
3f96c300
3f8a9a80
3f7b4500
3f62f400
3f490400
3f40c600
3f33a600
3f275800
3f1a3800
3f8dd880
3f80e080
3f697000
3f4f8000
3f440e00
3f36ee00
3f2aa000
3f1d8000
3f91e600
3f84ee00
3f718b00
3f579b00
3f487c00
3f3b5c00
3f2f0e00
3f21ee00
3f952400
3f882c00
3f780700
3f5e1700
3f4bc400
3f3ea400
3f325600
3f253600
3f993180
3f8c3980
3f801100
3f663200
3f4de100
3f431200
3f36c400
3f29a400
3f1d5600
3f8f7780
3f834f00
3f6cae00
3f545d00
3f465a00
3f3a0c00
3f2cec00
3f209e00
3f938500
3f875c80
3f74c900
3f5c7800
3f4ac800
3f3e7a00
3f315a00
3f250c00
3f96c300
3f8a9a80
3f7b4500
3f62f400
3f4e1000
3f41c200
3f34a200
3f285400
3f9ad080
3f8ea800
3f81b000
3f6b0f00
3f511f00
3f463000
3f391000
3f2cc200
3f1fa200
3f91e600
3f84ee00
3f718b00
3f579b00
3f497800
3f3c5800
3f300a00
3f22ea00
3f95f380
3f88fb80
3f79a600
3f5fb600
3f4de600
3f40c600
3f347800
3f275800
3f993180
3f8c3980
3f801100
3f663200
3f512e00
3f440e00
3f37c000
3f2aa000
3f1e5200
3f904700
3f841e80
3f6e4d00
3f55fc00
3f487c00
3f3c2e00
3f2f0e00
3f22c000
3f938500
3f875c80
3f74c900
3f5c7800
3f4bc400
3f3f7600
3f325600
3f260800
3f979280
3f8b6a00
3f7ce400
3f649300
3f503200
3f43e400
3f36c400
3f2a7600
3f9ad080
3f8ea800
3f81b000
3f6b0f00
3f537a00
3f472c00
3f3a0c00
3f2dbe00
3f209e00
3f92b580
3f85bd80
3f732a00
3f593a00
3f4b9a00
3f3e7a00
3f322c00
3f250c00
3f95f380
3f88fb80
3f79a600
3f5fb600
3f4ee200
3f41c200
3f357400
3f285400
3f9a0100
3f8d0900
3f80e080
3f67d100
3f535000
3f463000
3f39e200
3f2cc200
3f9d3f00
3f904700
3f841e80
3f6e4d00
3f569800
3f497800
3f3d2a00
3f300a00
3f23bc00
3f945480
3f882c00
3f766800
3f5e1700
3f4de600
3f419800
3f347800
3f282a00
3f979280
3f8b6a00
3f7ce400
3f649300
3f512e00
3f44e000
3f37c000
3f2b7200
3f9ba000
3f8f7780
3f827f80
3f6cae00
3f559c00
3f494e00
3f3c2e00
3f2fe000
3f9ede00
3f92b580
3f85bd80
3f732a00
3f58e400
3f4c9600
3f3f7600
3f332800
3f260800
3f96c300
3f89cb00
3f7b4500
3f615500
3f510400
3f43e400
3f379600
3f2a7600
3f9a0100
3f8d0900
3f80e080
3f67d100
3f544c00
3f472c00
3f3ade00
3f2dbe00
3f9e0e80
3f911680
3f84ee00
3f6fec00
3f58ba00
3f4b9a00
3f3f4c00
3f322c00
3fa14c80
3f945480
3f882c00
3f766800
3f5e1700
3f4ee200
3f429400
3f357400
3f292600
3f986200
3f8c3980
3f7e8300
3f663200
3f535000
3f470200
3f39e200
3f2d9400
3f9ba000
3f8f7780
3f827f80
3f6cae00
3f569800
3f4a4a00
3f3d2a00
3f30dc00
3f9fad80
3f938500
3f868d00
3f74c900
3f5b0600
3f4eb800
3f419800
3f354a00
3fa2eb80
3f96c300
3f89cb00
3f7b4500
3f615500
3f520000
3f44e000
3f389200
3f2b7200
3f9ad080
3f8dd880
3f81b000
3f697000
3f566e00
3f494e00
3f3d0000
3f2fe000
3f9e0e80
3f911680
3f84ee00
3f6fec00
3f59b600
3f4c9600
3f404800
3f332800
3fa21c00
3f952400
3f88fb80
3f780700
3f5e2400
3f510400
3f44b600
3f379600
3fa55a00
3f986200
3f8c3980
3f7e8300
3f663200
3f544c00
3f47fe00
3f3ade00
3f2e9000
3f9c6f80
3f904700
3f834f00
3f6e4d00
3f58ba00
3f4c6c00
3f3f4c00
3f32fe00
3f9fad80
3f938500
3f868d00
3f74c900
3f5c0200
3f4fb400
3f429400
3f364600
3fa3bb00
3f979280
3f8a9a80
3f7ce400
3f607000
3f542200
3f470200
3f3ab400
3fa6f900
3f9ad080
3f8dd880
3f81b000
3f697000
3f576a00
3f4a4a00
3f3dfc00
3f30dc00
3f9ede00
3f91e600
3f85bd80
3f718b00
3f5bd800
3f4eb800
3f426a00
3f354a00
3fa21c00
3f952400
3f88fb80
3f780700
3f5f2000
3f520000
3f45b200
3f389200
3fa62980
3f993180
3f8d0900
3f801100
3f638e00
3f566e00
3f4a2000
3f3d0000
3f30b200
3f9c6f80
3f904700
3f834f00
3f6e4d00
3f59b600
3f4d6800
3f404800
3f33fa00
3fa07d00
3f945480
3f875c80
3f766800
3f5e2400
3f51d600
3f44b600
3f386800
3fa3bb00
3f979280
3f8a9a80
3f7ce400
3f616c00
3f551e00
3f47fe00
3f3bb000
3fa7c880
3f9ba000
3f8ea800
3f827f80
3f65da00
3f598c00
3f4c6c00
3f401e00
3f32fe00
3f9ede00
3f91e600
3f85bd80
3f718b00
3f5cd400
3f4fb400
3f436600
3f364600
3fa2eb80
3f95f380
3f89cb00
3f79a600
3f614200
3f542200
3f47d400
3f3ab400
3fa62980
3f993180
3f8d0900
3f801100
3f648a00
3f576a00
3f4b1c00
3f3dfc00
3faa3700
3f9d3f00
3f911680
3f841e80
3f68f800
3f5bd800
3f4f8a00
3f426a00
3f361c00
3fa07d00
3f945480
3f875c80
3f766800
3f5f2000
3f52d200
3f45b200
3f396400
3fa48a80
3f986200
3f8b6a00
3f7e8300
3f638e00
3f574000
3f4a2000
3f3dd200
3fa7c880
3f9ba000
3f8ea800
3f827f80
3f66d600
3f5a8800
3f4d6800
3f411a00
3fabd600
3f9fad80
3f92b580
3f868d00
3f6b4400
3f5ef600
3f51d600
3f458800
3f386800
3fa2eb80
3f95f380
3f89cb00
3f79a600
3f623e00
3f551e00
3f48d000
3f3bb000
3fa6f900
3f9a0100
3f8dd880
3f80e080
3f66ac00
3f598c00
3f4d3e00
3f401e00
3faa3700
3f9d3f00
3f911680
3f841e80
3f69f400
3f5cd400
3f508600
3f436600
3fae4480
3fa14c80
3f952400
3f882c00
3f780700
3f614200
3f54f400
3f47d400
3f3b8600
3fa48a80
3f986200
3f8b6a00
3f7e8300
3f648a00
3f583c00
3f4b1c00
3f3ece00
3fa89800
3f9c6f80
3f8f7780
3f834f00
3f68f800
3f5caa00
3f4f8a00
3f433c00
3fabd600
3f9fad80
3f92b580
3f868d00
3f6c4000
3f5ff200
3f52d200
3f468400
3fafe380
3fa3bb00
3f96c300
3f8a9a80
3f7b4500
3f646000
3f574000
3f4af200
3f3dd200
3fa6f900
3f9a0100
3f8dd880
3f80e080
3f67a800
3f5a8800
3f4e3a00
3f411a00
3fab0680
3f9e0e80
3f91e600
3f84ee00
3f6c1600
3f5ef600
3f52a800
3f458800
3fae4480
3fa14c80
3f952400
3f882c00
3f6f5e00
3f623e00
3f55f000
3f48d000
3fb25200
3fa55a00
3f993180
3f8c3980
3f801100
3f66ac00
3f5a5e00
3f4d3e00
3f40f000
3fa89800
3f9c6f80
3f8f7780
3f834f00
3f69f400
3f5da600
3f508600
3f443800
3faca580
3fa07d00
3f938500
3f875c80
3f6e6200
3f621400
3f54f400
3f48a600
3fafe380
3fa3bb00
3f96c300
3f8a9a80
3f71aa00
3f655c00
3f583c00
3f4bee00
3fb3f100
3fa7c880
3f9ad080
3f8ea800
3f81b000
3f69ca00
3f5caa00
3f505c00
3f433c00
3fab0680
3f9e0e80
3f91e600
3f84ee00
3f6d1200
3f5ff200
3f53a400
3f468400
3faf1400
3fa21c00
3f95f380
3f88fb80
3f718000
3f646000
3f581200
3f4af200
3fb25200
3fa55a00
3f993180
3f8c3980
3f74c800
3f67a800
3f5b5a00
3f4e3a00
3f41ec00
3faeea80
3f9de500
3f8bbd00
3f756f00
3f725200
3f611800
3f4eb800
3f3d7e00
3fb37480
3fa26f00
3f904700
3f7e8300
3f76ea00
3f65b000
3f535000
3f421600
3fb8ce00
3fa7c880
3f95a080
3f849b00
3f7ca800
3f6b6e00
3f590e00
3f47d400
3fbd5800
3fac5280
3f9a2a80
3f892500
3f80a000
3f700600
3f5da600
3f4c6c00
3f3a0c00
3fb1ac00
3f9f8400
3f8e7e80
3f78ad00
3f75c400
3f636400
3f522a00
3f3fca00
3fb63600
3fa40e00
3f930880
3f80e080
3f7a5c00
3f67fc00
3f56c200
3f446200
3fbb8f80
3fa96780
3f986200
3f863a00
3f800d00
3f6dba00
3f5c8000
3f4a2000
3fc01980
3fadf180
3f9cec00
3f8ac400
3f825900
3f725200
3f611800
3f4eb800
3f3d7e00
3fb34b00
3fa24580
3f901d80
3f7e3000
3f781000
3f66d600
3f547600
3f433c00
3fb7d500
3fa6cf80
3f94a780
3f83a200
3f7ca800
3f6b6e00
3f590e00
3f47d400
3fbd2e80
3fac2900
3f9a0100
3f88fb80
3f813300
3f712c00
3f5ecc00
3f4d9200
3fc1b880
3fb0b300
3f9e8b00
3f8d8580
3f837f00
3f75c400
3f636400
3f522a00
3f3fca00
3fb60c80
3fa3e480
3f92df00
3f80b700
3f7b8200
3f692200
3f57e800
3f458800
3fba9680
3fa86e80
3f976900
3f854100
3f800d00
3f6dba00
3f5c8000
3f4a2000
3fbff000
3fadc800
3f9cc280
3f8a9a80
3f82ec00
3f737800
3f623e00
3f4fde00
3fc47a00
3fb25200
3fa14c80
3f8f2480
3f7c3e00
3f781000
3f66d600
3f547600
3f433c00
3fb7ab80
3fa6a600
3f947e00
3f837880
3f7dce00
3f6c9400
3f5a3400
3f48fa00
3fbc3580
3fab3000
3f990800
3f880280
3f813300
3f712c00
3f5ecc00
3f4d9200
3fc18f00
3fb08980
3f9e6180
3f8d5c00
3f841200
3f76ea00
3f648a00
3f535000
3fc61900
3fb51380
3fa2eb80
3f91e600
3f7f7c00
3f7b8200
3f692200
3f57e800
3f458800
3fba6d00
3fa84500
3f973f80
3f851780
3f80a000
3f6ee000
3f5da600
3f4b4600
3fbef700
3faccf00
3f9bc980
3f89a180
3f82ec00
3f737800
3f623e00
3f4fde00
3fc45080
3fb22880
3fa12300
3f8efb00
3f85cb00
3f793600
3f67fc00
3f559c00
3fc8da80
3fb6b280
3fa5ad00
3f938500
3f827f80
3f7dce00
3f6c9400
3f5a3400
3f48fa00
3fbc0c00
3fab0680
3f98de80
3f87d900
3f81c600
3f725200
3f5ff200
3f4eb800
3fc09600
3faf9080
3f9d6880
3f8c6300
3f841200
3f76ea00
3f648a00
3f535000
3fc5ef80
3fb4ea00
3fa2c200
3f91bc80
3f86f100
3f7ca800
3f6a4800
3f590e00
3fca7980
3fb97400
3fa74c00
3f964680
3f841e80
3f80a000
3f6ee000
3f5da600
3f4b4600
3fbecd80
3faca580
3f9ba000
3f897800
3f837f00
3f749e00
3f636400
3f510400
3fc35780
3fb12f80
3fa02a00
3f8e0200
3f85cb00
3f793600
3f67fc00
3f559c00
3fc8b100
3fb68900
3fa58380
3f935b80
3f88aa00
3f7ef400
3f6dba00
3f5b5a00
3f4a2000
3fbb1300
3faa0d80
3f97e580
3f86e000
3f81c600
3f725200
3f5ff200
3f4eb800
3fc06c80
3faf6700
3f9d3f00
3f8c3980
3f84a500
3f781000
3f65b000
3f547600
3fc4f680
3fb3f100
3fa1c900
3f90c380
3f86f100
3f7ca800
3f6a4800
3f590e00
3fca5000
3fb94a80
3fa72280
3f961d00
3f89d000
3f813300
3f700600
3f5ecc00
3f4c6c00
3fbdd480
3fabac80
3f9aa700
3f887f00
3f837f00
3f749e00
3f636400
3f510400
3fc32e00
3fb10600
3fa00080
3f8dd880
3f865e00
3f7a5c00
3f692200
3f56c200
3fc7b800
3fb59000
3fa48a80
3f926280
3f88aa00
3f7ef400
3f6dba00
3f5b5a00
3fcd1180
3fbae980
3fa9e400
3f97bc00
3f8b8900
3f825900
3f737800
3f611800
3f4fde00
3fbf7380
3fae6e00
3f9c4600
3f8b4080
3f84a500
3f781000
3f65b000
3f547600
3fc4cd00
3fb3c780
3fa19f80
3f909a00
3f878400
3f7dce00
3f6b6e00
3f5a3400
3fc95700
3fb85180
3fa62980
3f952400
3f89d000
3f813300
3f700600
3f5ecc00
3fceb080
3fbdab00
3fab8300
3f9a7d80
3f8caf00
3f841200
3f75c400
3f648a00
3f522a00
3fc23500
3fb00d00
3f9f0780
3f8cdf80
3f865e00
3f7a5c00
3f692200
3f56c200
3fc78e80
3fb56680
3fa46100
3f923900
3f893d00
3f800d00
3f6ee000
3f5c8000
3fcc1880
3fb9f080
3fa8eb00
3f96c300
3f8b8900
3f825900
3f737800
3f611800
3fd17200
3fbf4a00
3fae4480
3f9c1c80
3f8b1700
3f853800
3f793600
3f66d600
3f559c00
3fc3d400
3fb2ce80
3fa0a680
3f8fa100
3f878400
3f7dce00
3f6b6e00
3f5a3400
3fc92d80
3fb82800
3fa60000
3f94fa80
3f8a6300
3f81c600
3f712c00
3f5ff200
3fcdb780
3fbcb200
3faa8a00
3f998480
3f8caf00
3f841200
3f75c400
3f648a00
3fd31100
3fc20b80
3fafe380
3f9ede00
3f8cb600
3f86f100
3f7b8200
3f6a4800
3f57e800
3fc69580
3fb46d80
3fa36800
3f914000
3f893d00
3f800d00
3f6ee000
3f5c8000
3fcbef00
3fb9c700
3fa8c180
3f969980
3f8c1c00
3f82ec00
3f749e00
3f623e00
3fd07900
3fbe5100
3fad4b80
3f9b2380
3f8e6800
3f853800
3f793600
3f66d600
3fd5d280
3fc3aa80
3fb2a500
3fa07d00
3f8f7780
3f881700
3f7ef400
3f6c9400
3f5b5a00
3fc83480
3fb72f00
3fa50700
3f940180
3f8a6300
3f81c600
3f712c00
3f5ff200
3fcd8e00
3fbc8880
3faa6080
3f995b00
3f8d4200
3f84a500
3f76ea00
3f65b000
3fd21800
3fc11280
3faeea80
3f9de500
3f8f8e00
3f86f100
3f7b8200
3f6a4800
3fd77180
3fc66c00
3fb44400
3fa33e80
3f911680
3f89d000
3f80a000
3f700600
3f5da600
3fcaf600
3fb8ce00
3fa7c880
3f95a080
3f8c1c00
3f82ec00
3f749e00
3f623e00
3fd04f80
3fbe2780
3fad2200
3f9afa00
3f8efb00
3f85cb00
3f7a5c00
3f67fc00
3fd4d980
3fc2b180
3fb1ac00
3f9f8400
3f914700
3f881700
3f7ef400
3f6c9400
3f5b5a00
3fc80b00
3fb70580
3fa4dd80
3f93d800
3f8af600
3f825900
3f725200
3f611800
3fcc9500
3fbb8f80
3fa96780
3f986200
3f8d4200
3f84a500
3f76ea00
3f65b000
3fd1ee80
3fc0e900
3faec100
3f9dbb80
3f902100
3f878400
3f7ca800
3f6b6e00
3fd67880
3fc57300
3fb34b00
3fa24580
3f926d00
3f89d000
3f80a000
3f700600
3f5da600
3fcacc80
3fb8a480
3fa79f00
3f957700
3f8caf00
3f837f00
3f75c400
3f636400
3fcf5680
3fbd2e80
3fac2900
3f9a0100
3f8efb00
3f85cb00
3f7a5c00
3f67fc00
3fd4b000
3fc28800
3fb18280
3f9f5a80
3f91da00
3f88aa00
3f800d00
3f6dba00
3fd93a00
3fc71200
3fb60c80
3fa3e480
3f942600
3f8af600
3f825900
3f725200
3f611800
3fcc6b80
3fbb6600
3fa93e00
3f983880
3f8dd500
3f853800
3f781000
3f66d600
3fd0f580
3fbff000
3fadc800
3f9cc280
3f902100
3f878400
3f7ca800
3f6b6e00
3fd64f00
3fc54980
3fb32180
3fa21c00
3f930000
3f8a6300
3f813300
3f712c00
3fdad900
3fc9d380
3fb7ab80
3fa6a600
3f954c00
3f8caf00
3f837f00
3f75c400
3f636400
3fcf2d00
3fbd0500
3fabff80
3f99d780
3f8f8e00
3f865e00
3f7b8200
3f692200
3fd3b700
3fc18f00
3fb08980
3f9e6180
3f91da00
3f88aa00
3f800d00
3f6dba00
3fd91080
3fc6e880
3fb5e300
3fa3bb00
3f94b900
3f8b8900
3f82ec00
3f737800
3fdd9a80
3fcb7280
3fba6d00
3fa84500
3f973f80
3f8dd500
3f853800
3f781000
3f66d600
3fd0cc00
3fbfc680
3fad9e80
3f9c9900
3f90b400
3f881700
3f7dce00
3f6c9400
3fd55600
3fc45080
3fb22880
3fa12300
3f930000
3f8a6300
3f813300
3f712c00
3fdaaf80
3fc9aa00
3fb78200
3fa67c80
3f95df00
3f8d4200
3f841200
3f76ea00
3fdf3980
3fce3400
3fbc0c00
3fab0680
3f98de80
3f8f8e00
3f865e00
3f7b8200
3f692200
3fd38d80
3fc16580
3fb06000
3f9e3800
3f926d00
3f893d00
3f80a000
3f6ee000
3fd81780
3fc5ef80
3fb4ea00
3fa2c200
3f94b900
3f8b8900
3f82ec00
3f737800
3fdd7100
3fcb4900
3fba4380
3fa81b80
3f979800
3f8e6800
3f85cb00
3f793600
3fe1fb00
3fcfd300
3fbecd80
3faca580
3f9ba000
3f90b400
3f881700
3f7dce00
3f6c9400
3fd52c80
3fc42700
3fb1ff00
3fa0f980
3f939300
3f8af600
3f81c600
3f725200
3fd9b680
3fc8b100
3fb68900
3fa58380
3f95df00
3f8d4200
3f841200
3f76ea00
3fdf1000
3fce0a80
3fbbe280
3faadd00
3f98be00
3f902100
3f86f100
3f7ca800
3fe39a00
3fd29480
3fc06c80
3faf6700
3f9d3f00
3f926d00
3f893d00
3f80a000
3f6ee000
3fd7ee00
3fc5c600
3fb4c080
3fa29880
3f954c00
3f8c1c00
3f837f00
3f749e00
3fdc7800
3fca5000
3fb94a80
3fa72280
3f979800
3f8e6800
3f85cb00
3f793600
3fe1d180
3fcfa980
3fbea400
3fac7c00
3f9a7700
3f914700
3f88aa00
3f7ef400
3f6dba00
3fd43380
3fc32e00
3fb10600
3fa00080
3f939300
3f8af600
3f81c600
3f725200
3fd98d00
3fc88780
3fb65f80
3fa55a00
3f967200
3f8dd500
3f84a500
3f781000
3fde1700
3fcd1180
3fbae980
3fa9e400
3f98be00
3f902100
3f86f100
3f7ca800
3fe37080
3fd26b00
3fc04300
3faf3d80
3f9b9d00
3f930000
3f89d000
3f813300
3f700600
3fd6f500
3fc4cd00
3fb3c780
3fa19f80
3f954c00
3f8c1c00
3f837f00
3f749e00
3fdc4e80
3fca2680
3fb92100
3fa6f900
3f982b00
3f8efb00
3f865e00
3f7a5c00
3fe0d880
3fceb080
3fbdab00
3fab8300
3f9a7700
3f914700
3f88aa00
3f7ef400
3fe63200
3fd40a00
3fc30480
3fb0dc80
3f9d5600
3f942600
3f8b8900
3f825900
3f737800
3fd89400
3fc78e80
3fb56680
3fa46100
3f967200
3f8dd500
3f84a500
3f781000
3fdded80
3fcce800
3fbac000
3fa9ba80
3f995100
3f90b400
3f878400
3f7dce00
3fe27780
3fd17200
3fbf4a00
3fae4480
3f9b9d00
3f930000
3f89d000
3f813300
3fe7d100
3fd6cb80
3fc4a380
3fb39e00
3f9e7c00
3f95df00
3f8caf00
3f841200
3f75c400
3fdb5580
3fc92d80
3fb82800
3fa60000
3f982b00
3f8efb00
3f865e00
3f7a5c00
3fe0af00
3fce8700
3fbd8180
3fab5980
3f9b0a00
3f91da00
3f893d00
3f800d00
3fe53900
3fd31100
3fc20b80
3fafe380
3f9d5600
3f942600
3f8b8900
3f825900
3fea9280
3fd86a80
3fc76500
3fb53d00
3fa43780
3f970500
3f8e6800
3f853800
3f793600
3fdcf480
3fcbef00
3fb9c700
3fa8c180
3f995100
3f90b400
3f878400
3f7dce00
3fe24e00
3fd14880
3fbf2080
3fae1b00
3f9c3000
3f939300
3f8a6300
3f81c600
3fe6d800
3fd5d280
3fc3aa80
3fb2a500
3f9e7c00
3f95df00
3f8caf00
3f841200
3fec3180
3fdb2c00
3fc90400
3fb7fe80
3fa5d680
3f98be00
3f8f8e00
3f86f100
3f7b8200
3fdfb600
3fcd8e00
3fbc8880
3faa6080
3f9b0a00
3f91da00
3f893d00
3f800d00
3fe50f80
3fd2e780
3fc1e200
3fafba00
3f9de900
3f94b900
3f8c1c00
3f82ec00
3fe99980
3fd77180
3fc66c00
3fb44400
3fa03500
3f970500
3f8e6800
3f853800
3feef300
3fdccb00
3fcbc580
3fb99d80
3fa89800
3f99e400
3f914700
3f881700
3f7ef400
3fe15500
3fd04f80
3fbe2780
3fad2200
3f9c3000
3f939300
3f8a6300
3f81c600
3fe6ae80
3fd5a900
3fc38100
3fb27b80
3f9f0f00
3f967200
3f8d4200
3f84a500
3feb3880
3fda3300
3fc80b00
3fb70580
3fa15b00
3f98be00
3f8f8e00
3f86f100
3ff09200
3fdf8c80
3fcd6480
3fbc5f00
3faa3700
3f9b9d00
3f926d00
3f89d000
3f80a000
3fe41680
3fd1ee80
3fc0e900
3faec100
3f9de900
3f94b900
3f8c1c00
3f82ec00
3fe97000
3fd74800
3fc64280
3fb41a80
3fa0c800
3f979800
3f8efb00
3f85cb00
3fedfa00
3fdbd200
3fcacc80
3fb8a480
3fa31400
3f99e400
3f914700
3f881700
3f7ef400
3fe12b80
3fd02600
3fbdfe00
3facf880
3f9cc300
3f942600
3f8af600
3f825900
3fe5b580
3fd4b000
3fc28800
3fb18280
3f9f0f00
3f967200
3f8d4200
3f84a500
3feb0f00
3fda0980
3fc7e180
3fb6dc00
3fa1ee00
3f995100
3f902100
3f878400
3fef9900
3fde9380
3fcc6b80
3fbb6600
3fa43a00
3f9b9d00
3f926d00
3f89d000
3f80a000
3f6cae00
3f52be00
3f3a6d00
3f207d00
3f236800
3f164800
3f09fa00
3ef9b400
3f732a00
3f593a00
3f40e900
3f26f900
3f26b000
3f199000
3f0d4200
3f002200
3f7b4500
3f615500
3f490400
3f2f1400
3f2b1e00
3f1dfe00
3f11b000
3f049000
3f80e080
3f67d100
3f4f8000
3f359000
3f2e6600
3f214600
3f14f800
3f07d800
3ef71400
3f6fec00
3f579b00
3f3dab00
3f255a00
3f25b400
3f196600
3f0c4600
3efff000
3f766800
3f5e1700
3f442700
3f2bd600
3f28fc00
3f1cae00
3f0f8e00
3f034000
3f7e8300
3f663200
3f4c4200
3f33f100
3f2d6a00
3f211c00
3f13fc00
3f07ae00
3f827f80
3f6cae00
3f52be00
3f3a6d00
3f30b200
3f246400
3f174400
3f0af600
3efbac00
3f74c900
3f5ad900
3f428800
3f289800
3f28d200
3f1bb200
3f0f6400
3f024400
3f7b4500
3f615500
3f490400
3f2f1400
3f2c1a00
3f1efa00
3f12ac00
3f058c00
3f81b000
3f697000
3f511f00
3f372f00
3f308800
3f236800
3f171a00
3f09fa00
3f84ee00
3f6fec00
3f579b00
3f3dab00
3f255a00
3f26b000
3f1a6200
3f0d4200
3f00f400
3f780700
3f5fb600
3f45c600
3f2d7500
3f2b1e00
3f1ed000
3f11b000
3f056200
3f7e8300
3f663200
3f4c4200
3f33f100
3f2e6600
3f221800
3f14f800
3f08aa00
3f834f00
3f6e4d00
3f545d00
3f3c0c00
3f32d400
3f268600
3f196600
3f0d1800
3f868d00
3f74c900
3f5ad900
3f428800
3f289800
3f29ce00
3f1cae00
3f106000
3f034000
3f7ce400
3f62f400
3f4aa300
3f30b300
3f2e3c00
3f211c00
3f14ce00
3f07ae00
3f81b000
3f697000
3f511f00
3f372f00
3f318400
3f246400
3f181600
3f0af600
3f85bd80
3f718b00
3f593a00
3f3f4a00
3f35f200
3f28d200
3f1c8400
3f0f6400
3f88fb80
3f780700
3f5fb600
3f45c600
3f2d7500
3f2c1a00
3f1fcc00
3f12ac00
3f065e00
3f801100
3f67d100
3f4de100
3f359000
3f308800
3f243a00
3f171a00
3f0acc00
3f834f00
3f6e4d00
3f545d00
3f3c0c00
3f33d000
3f278200
3f1a6200
3f0e1400
3f875c80
3f766800
3f5c7800
3f442700
3f383e00
3f2bf000
3f1ed000
3f128200
3f8a9a80
3f7ce400
3f62f400
3f4aa300
3f30b300
3f2f3800
3f221800
3f15ca00
3f08aa00
3f827f80
3f6b0f00
3f52be00
3f38ce00
3f33a600
3f268600
3f1a3800
3f0d1800
3f85bd80
3f718b00
3f593a00
3f3f4a00
3f36ee00
3f29ce00
3f1d8000
3f106000
3f89cb00
3f79a600
3f615500
3f476500
3f3b5c00
3f2e3c00
3f21ee00
3f14ce00
3f088000
3f801100
3f67d100
3f4de100
3f359000
3f318400
3f253600
3f181600
3f0bc800
3f841e80
3f6fec00
3f55fc00
3f3dab00
3f35f200
3f29a400
3f1c8400
3f103600
3f875c80
3f766800
3f5c7800
3f442700
3f393a00
3f2cec00
3f1fcc00
3f137e00
3f8b6a00
3f7e8300
3f649300
3f4c4200
3f3da800
3f315a00
3f243a00
3f17ec00
3f0acc00
3f827f80
3f6b0f00
3f52be00
3f38ce00
3f34a200
3f278200
3f1b3400
3f0e1400
3f868d00
3f732a00
3f5ad900
3f40e900
3f391000
3f2bf000
3f1fa200
3f128200
3f89cb00
3f79a600
3f615500
3f476500
3f3c5800
3f2f3800
3f22ea00
3f15ca00
3f8dd880
3f80e080
3f697000
3f4f8000
3f40c600
3f33a600
3f275800
3f1a3800
3f0dea00
3f841e80
3f6fec00
3f55fc00
3f3dab00
3f36ee00
3f2aa000
3f1d8000
3f113200
3f882c00
3f780700
3f5e1700
3f45c600
3f3b5c00
3f2f0e00
3f21ee00
3f15a000
3f8b6a00
3f7e8300
3f649300
3f4c4200
3f3ea400
3f325600
3f253600
3f18e800
3f8f7780
3f834f00
3f6cae00
3f545d00
3f431200
3f36c400
3f29a400
3f1d5600
3f103600
3f868d00
3f732a00
3f5ad900
3f40e900
3f3a0c00
3f2cec00
3f209e00
3f137e00
3f8a9a80
3f7b4500
3f62f400
3f490400
3f3e7a00
3f315a00
3f250c00
3f17ec00
3f8dd880
3f80e080
3f697000
3f4f8000
3f41c200
3f34a200
3f285400
3f1b3400
3f91e600
3f84ee00
3f718b00
3f579b00
3f3f4a00
3f391000
3f2cc200
3f1fa200
3f135400
3f882c00
3f780700
3f5e1700
3f45c600
3f3c5800
3f300a00
3f22ea00
3f169c00
3f8c3980
3f801100
3f663200
3f4de100
3f40c600
3f347800
3f275800
3f1b0a00
3f8f7780
3f834f00
3f6cae00
3f545d00
3f440e00
3f37c000
3f2aa000
3f1e5200
3f938500
3f875c80
3f74c900
3f5c7800
3f428800
3f3c2e00
3f2f0e00
3f22c000
3f15a000
3f8a9a80
3f7b4500
3f62f400
3f490400
3f3f7600
3f325600
3f260800
3f18e800
3f8ea800
3f81b000
3f6b0f00
3f511f00
3f43e400
3f36c400
3f2a7600
3f1d5600
3f91e600
3f84ee00
3f718b00
3f579b00
3f472c00
3f3a0c00
3f2dbe00
3f209e00
3f95f380
3f88fb80
3f79a600
3f5fb600
3f476500
3f3e7a00
3f322c00
3f250c00
3f18be00
3f8c3980
3f801100
3f663200
3f4de100
3f41c200
3f357400
3f285400
3f1c0600
3f904700
3f841e80
3f6e4d00
3f55fc00
3f463000
3f39e200
3f2cc200
3f207400
3f938500
3f875c80
3f74c900
3f5c7800
3f497800
3f3d2a00
3f300a00
3f23bc00
3f979280
3f8b6a00
3f7ce400
3f649300
3f4aa300
3f419800
3f347800
3f282a00
3f1b0a00
3f8ea800
3f81b000
3f6b0f00
3f511f00
3f44e000
3f37c000
3f2b7200
3f1e5200
3f92b580
3f85bd80
3f732a00
3f593a00
3f494e00
3f3c2e00
3f2fe000
3f22c000
3f95f380
3f88fb80
3f79a600
3f5fb600
3f4c9600
3f3f7600
3f332800
3f260800
3f19ba00
3f8d0900
3f80e080
3f67d100
3f4f8000
3f43e400
3f379600
3f2a7600
3f1e2800
3f904700
3f841e80
3f6e4d00
3f55fc00
3f472c00
3f3ade00
3f2dbe00
3f217000
3f945480
3f882c00
3f766800
3f5e1700
3f4b9a00
3f3f4c00
3f322c00
3f25de00
3f979280
3f8b6a00
3f7ce400
3f649300
3f4ee200
3f429400
3f357400
3f292600
3f1c0600
3f8f7780
3f827f80
3f6cae00
3f52be00
3f470200
3f39e200
3f2d9400
3f207400
3f92b580
3f85bd80
3f732a00
3f593a00
3f4a4a00
3f3d2a00
3f30dc00
3f23bc00
3f96c300
3f89cb00
3f7b4500
3f615500
3f4eb800
3f419800
3f354a00
3f282a00
3f9a0100
3f8d0900
3f80e080
3f67d100
3f520000
3f44e000
3f389200
3f2b7200
3f1f2400
3f911680
3f84ee00
3f6fec00
3f579b00
3f494e00
3f3d0000
3f2fe000
3f239200
3f945480
3f882c00
3f766800
3f5e1700
3f4c9600
3f404800
3f332800
3f26da00
3f986200
3f8c3980
3f7e8300
3f663200
3f510400
3f44b600
3f379600
3f2b4800
3f9ba000
3f8f7780
3f827f80
3f6cae00
3f544c00
3f47fe00
3f3ade00
3f2e9000
3f217000
3f938500
3f868d00
3f74c900
3f5ad900
3f4c6c00
3f3f4c00
3f32fe00
3f25de00
3f96c300
3f89cb00
3f7b4500
3f615500
3f4fb400
3f429400
3f364600
3f292600
3f9ad080
3f8dd880
3f81b000
3f697000
3f542200
3f470200
3f3ab400
3f2d9400
3f9e0e80
3f911680
3f84ee00
3f6fec00
3f579b00
3f4a4a00
3f3dfc00
3f30dc00
3f248e00
3f952400
3f88fb80
3f780700
3f5fb600
3f4eb800
3f426a00
3f354a00
3f28fc00
3f986200
3f8c3980
3f7e8300
3f663200
3f520000
3f45b200
3f389200
3f2c4400
3f9c6f80
3f904700
3f834f00
3f6e4d00
3f566e00
3f4a2000
3f3d0000
3f30b200
3f9fad80
3f938500
3f868d00
3f74c900
3f5ad900
3f4d6800
3f404800
3f33fa00
3f26da00
3f979280
3f8a9a80
3f7ce400
3f62f400
3f51d600
3f44b600
3f386800
3f2b4800
3f9ad080
3f8dd880
3f81b000
3f697000
3f551e00
3f47fe00
3f3bb000
3f2e9000
3f9ede00
3f91e600
3f85bd80
3f718b00
3f598c00
3f4c6c00
3f401e00
3f32fe00
3fa21c00
3f952400
3f88fb80
3f780700
3f5fb600
3f4fb400
3f436600
3f364600
3f29f800
3f993180
3f8d0900
3f801100
3f67d100
3f542200
3f47d400
3f3ab400
3f2e6600
3f9c6f80
3f904700
3f834f00
3f6e4d00
3f576a00
3f4b1c00
3f3dfc00
3f31ae00
3fa07d00
3f945480
3f875c80
3f766800
3f5bd800
3f4f8a00
3f426a00
3f361c00
3fa3bb00
3f979280
3f8a9a80
3f7ce400
3f62f400
3f52d200
3f45b200
3f396400
3f2c4400
3f9ba000
3f8ea800
3f827f80
3f6b0f00
3f574000
3f4a2000
3f3dd200
3f30b200
3f9ede00
3f91e600
3f85bd80
3f718b00
3f5a8800
3f4d6800
3f411a00
3f33fa00
3fa2eb80
3f95f380
3f89cb00
3f79a600
3f5ef600
3f51d600
3f458800
3f386800
3f2c1a00
3f993180
3f8d0900
3f801100
3f67d100
3f551e00
3f48d000
3f3bb000
3f2f6200
3f9d3f00
3f911680
3f841e80
3f6fec00
3f598c00
3f4d3e00
3f401e00
3f33d000
3fa07d00
3f945480
3f875c80
3f766800
3f5cd400
3f508600
3f436600
3f371800
3fa48a80
3f986200
3f8b6a00
3f7e8300
3f614200
3f54f400
3f47d400
3f3b8600
3f2e6600
3f9ba000
3f8ea800
3f827f80
3f6b0f00
3f583c00
3f4b1c00
3f3ece00
3f31ae00
3f9fad80
3f92b580
3f868d00
3f732a00
3f5caa00
3f4f8a00
3f433c00
3f361c00
3fa2eb80
3f95f380
3f89cb00
3f79a600
3f5ff200
3f52d200
3f468400
3f396400
3fa6f900
3f9a0100
3f8dd880
3f80e080
3f646000
3f574000
3f4af200
3f3dd200
3f318400
3f9d3f00
3f911680
3f841e80
3f6fec00
3f5a8800
3f4e3a00
3f411a00
3f34cc00
3fa14c80
3f952400
3f882c00
3f780700
3f5ef600
3f52a800
3f458800
3f393a00
3fa48a80
3f986200
3f8b6a00
3f7e8300
3f623e00
3f55f000
3f48d000
3f3c8200
3fa89800
3f9c6f80
3f8f7780
3f834f00
3f66ac00
3f5a5e00
3f4d3e00
3f40f000
3f33d000
3f9fad80
3f92b580
3f868d00
3f732a00
3f5da600
3f508600
3f443800
3f371800
3fa3bb00
3f96c300
3f8a9a80
3f7b4500
3f621400
3f54f400
3f48a600
3f3b8600
3fa6f900
3f9a0100
3f8dd880
3f80e080
3f655c00
3f583c00
3f4bee00
3f3ece00
3fab0680
3f9e0e80
3f91e600
3f84ee00
3f718b00
3f5caa00
3f505c00
3f433c00
3f36ee00
3fa14c80
3f952400
3f882c00
3f780700
3f5ff200
3f53a400
3f468400
3f3a3600
3fa55a00
3f993180
3f8c3980
3f801100
3f646000
3f581200
3f4af200
3f3ea400
3fa89800
3f9c6f80
3f8f7780
3f834f00
3f67a800
3f5b5a00
3f4e3a00
3f41ec00
3faca580
3fa07d00
3f938500
3f875c80
3f74c900
3f5fc800
3f52a800
3f465a00
3f393a00
3fa3bb00
3f96c300
3f8a9a80
3f7b4500
3f631000
3f55f000
3f49a200
3f3c8200
3fa7c880
3f9ad080
3f8ea800
3f81b000
3f677e00
3f5a5e00
3f4e1000
3f40f000
3fab0680
3f9e0e80
3f91e600
3f84ee00
3f6ac600
3f5da600
3f515800
3f443800
3faf1400
3fa21c00
3f95f380
3f88fb80
3f79a600
3f621400
3f55c600
3f48a600
3f3c5800
3fa55a00
3f993180
3f8c3980
3f801100
3f655c00
3f590e00
3f4bee00
3f3fa000
3fa96780
3f9d3f00
3f904700
3f841e80
3f69ca00
3f5d7c00
3f505c00
3f440e00
3faca580
3fa07d00
3f938500
3f875c80
3f6d1200
3f60c400
3f53a400
3f475600
3fb0b300
3fa48a80
3f979280
3f8b6a00
3f7ce400
3f653200
3f581200
3f4bc400
3f3ea400
3fa7c880
3f9ad080
3f8ea800
3f81b000
3f687a00
3f5b5a00
3f4f0c00
3f41ec00
3fabd600
3f9ede00
3f92b580
3f85bd80
3f6ce800
3f5fc800
3f537a00
3f465a00
3faf1400
3fa21c00
3f95f380
3f88fb80
3f703000
3f631000
3f56c200
3f49a200
3f3d5400
3fa62980
3f9a0100
3f8d0900
3f80e080
3f677e00
3f5b3000
3f4e1000
3f41c200
3fa96780
3f9d3f00
3f904700
3f841e80
3f6ac600
3f5e7800
3f515800
3f450a00
3fad7500
3fa14c80
3f945480
3f882c00
3f6f3400
3f62e600
3f55c600
3f497800
3fb0b300
3fa48a80
3f979280
3f8b6a00
3f727c00
3f662e00
3f590e00
3f4cc000
3f3fa000
3fa89800
3f9ba000
3f8f7780
3f827f80
3f6a9c00
3f5d7c00
3f512e00
3f440e00
3fabd600
3f9ede00
3f92b580
3f85bd80
3f6de400
3f60c400
3f547600
3f475600
3fafe380
3fa2eb80
3f96c300
3f89cb00
3f725200
3f653200
3f58e400
3f4bc400
3fb32180
3fa62980
3f9a0100
3f8d0900
3f759a00
3f687a00
3f5c2c00
3f4f0c00
3f42be00
3fb00d00
3f9f0780
3f8cdf80
3f77b400
3f737800
3f623e00
3f4fde00
3f3ea400
3fb49700
3fa39180
3f916980
3f806400
3f781000
3f66d600
3f547600
3f433c00
3fb9f080
3fa8eb00
3f96c300
3f85bd80
3f7dce00
3f6c9400
3f5a3400
3f48fa00
3fbe7a80
3fad7500
3f9b4d00
3f8a4780
3f813300
3f712c00
3f5ecc00
3f4d9200
3f3b3200
3fb2ce80
3fa0a680
3f8fa100
3f7af200
3f76ea00
3f648a00
3f535000
3f40f000
3fb75880
3fa53080
3f942b00
3f820300
3f7b8200
3f692200
3f57e800
3f458800
3fbcb200
3faa8a00
3f998480
3f875c80
3f80a000
3f6ee000
3f5da600
3f4b4600
3fc13c00
3faf1400
3f9e0e80
3f8be680
3f75c200
3f737800
3f623e00
3f4fde00
3f3ea400
3fb46d80
3fa36800
3f914000
3f803a80
3f793600
3f67fc00
3f559c00
3f446200
3fb8f780
3fa7f200
3f95ca00
3f84c480
3f7dce00
3f6c9400
3f5a3400
3f48fa00
3fbe5100
3fad4b80
3f9b2380
3f8a1e00
3f81c600
3f725200
3f5ff200
3f4eb800
3fc2db00
3fb1d580
3f9fad80
3f8ea800
3f790000
3f76ea00
3f648a00
3f535000
3f40f000
3fb72f00
3fa50700
3f940180
3f81d980
3f7ca800
3f6a4800
3f590e00
3f46ae00
3fbbb900
3fa99100
3f988b80
3f866380
3f80a000
3f6ee000
3f5da600
3f4b4600
3fc11280
3faeea80
3f9de500
3f8bbd00
3f837f00
3f749e00
3f636400
3f510400
3fc59c80
3fb37480
3fa26f00
3f904700
3f7e8300
3f793600
3f67fc00
3f559c00
3f446200
3fb8ce00
3fa7c880
3f95a080
3f849b00
3f7ef400
3f6dba00
3f5b5a00
3f4a2000
3fbd5800
3fac5280
3f9a2a80
3f892500
3f81c600
3f725200
3f5ff200
3f4eb800
3fc2b180
3fb1ac00
3f9f8400
3f8e7e80
3f84a500
3f781000
3f65b000
3f547600
3fc73b80
3fb63600
3fa40e00
3f930880
3f80e080
3f7ca800
3f6a4800
3f590e00
3f46ae00
3fbb8f80
3fa96780
3f986200
3f863a00
3f813300
3f700600
3f5ecc00
3f4c6c00
3fc01980
3fadf180
3f9cec00
3f8ac400
3f837f00
3f749e00
3f636400
3f510400
3fc57300
3fb34b00
3fa24580
3f901d80
3f865e00
3f7a5c00
3f692200
3f56c200
3f458800
3fb7d500
3fa6cf80
3f94a780
3f83a200
3f7ef400
3f6dba00
3f5b5a00
3f4a2000
3fbd2e80
3fac2900
3f9a0100
3f88fb80
3f825900
3f737800
3f611800
3f4fde00
3fc1b880
3fb0b300
3f9e8b00
3f8d8580
3f84a500
3f781000
3f65b000
3f547600
3fc71200
3fb60c80
3fa3e480
3f92df00
3f878400
3f7dce00
3f6b6e00
3f5a3400
3f47d400
3fba9680
3fa86e80
3f976900
3f854100
3f813300
3f700600
3f5ecc00
3f4c6c00
3fbff000
3fadc800
3f9cc280
3f8a9a80
3f841200
3f75c400
3f648a00
3f522a00
3fc47a00
3fb25200
3fa14c80
3f8f2480
3f865e00
3f7a5c00
3f692200
3f56c200
3fc9d380
3fb7ab80
3fa6a600
3f947e00
3f893d00
3f800d00
3f6ee000
3f5c8000
3f4b4600
3fbc3580
3fab3000
3f990800
3f880280
3f825900
3f737800
3f611800
3f4fde00
3fc18f00
3fb08980
3f9e6180
3f8d5c00
3f853800
3f793600
3f66d600
3f559c00
3fc61900
3fb51380
3fa2eb80
3f91e600
3f878400
3f7dce00
3f6b6e00
3f5a3400
3fcb7280
3fba6d00
3fa84500
3f973f80
3f8a6300
3f81c600
3f712c00
3f5ff200
3f4d9200
3fbef700
3faccf00
3f9bc980
3f89a180
3f841200
3f75c400
3f648a00
3f522a00
3fc45080
3fb22880
3fa12300
3f8efb00
3f86f100
3f7b8200
3f6a4800
3f57e800
3fc8da80
3fb6b280
3fa5ad00
3f938500
3f893d00
3f800d00
3f6ee000
3f5c8000
3fce3400
3fbc0c00
3fab0680
3f98de80
3f87d900
3f82ec00
3f749e00
3f623e00
3f510400
3fc09600
3faf9080
3f9d6880
3f8c6300
3f853800
3f793600
3f66d600
3f559c00
3fc5ef80
3fb4ea00
3fa2c200
3f91bc80
3f881700
3f7ef400
3f6c9400
3f5b5a00
3fca7980
3fb97400
3fa74c00
3f964680
3f8a6300
3f81c600
3f712c00
3f5ff200
3fcfd300
3fbecd80
3faca580
3f9ba000
3f897800
3f84a500
3f76ea00
3f65b000
3f535000
3fc35780
3fb12f80
3fa02a00
3f8e0200
3f86f100
3f7b8200
3f6a4800
3f57e800
3fc8b100
3fb68900
3fa58380
3f935b80
3f89d000
3f80a000
3f700600
3f5da600
3fcd3b00
3fbb1300
3faa0d80
3f97e580
3f8c1c00
3f82ec00
3f749e00
3f623e00
3fd29480
3fc06c80
3faf6700
3f9d3f00
3f8c3980
3f85cb00
3f7a5c00
3f67fc00
3f56c200
3fc4f680
3fb3f100
3fa1c900
3f90c380
3f881700
3f7ef400
3f6c9400
3f5b5a00
3fca5000
3fb94a80
3fa72280
3f961d00
3f8af600
3f825900
3f725200
3f611800
3fceda00
3fbdd480
3fabac80
3f9aa700
3f8d4200
3f84a500
3f76ea00
3f65b000
3fd43380
3fc32e00
3fb10600
3fa00080
3f8dd880
3f878400
3f7ca800
3f6b6e00
3f590e00
3fc7b800
3fb59000
3fa48a80
3f926280
3f89d000
3f80a000
3f700600
3f5da600
3fcd1180
3fbae980
3fa9e400
3f97bc00
3f8caf00
3f837f00
3f75c400
3f636400
3fd19b80
3fbf7380
3fae6e00
3f9c4600
3f8efb00
3f85cb00
3f7a5c00
3f67fc00
3f56c200
3fc4cd00
3fb3c780
3fa19f80
3f909a00
3f88aa00
3f800d00
3f6dba00
3f5c8000
3fc95700
3fb85180
3fa62980
3f952400
3f8af600
3f825900
3f725200
3f611800
3fceb080
3fbdab00
3fab8300
3f9a7d80
3f8dd500
3f853800
3f781000
3f66d600
3fd33a80
3fc23500
3fb00d00
3f9f0780
3f902100
3f878400
3f7ca800
3f6b6e00
3f590e00
3fc78e80
3fb56680
3fa46100
3f923900
3f8a6300
3f813300
3f712c00
3f5ecc00
3fcc1880
3fb9f080
3fa8eb00
3f96c300
3f8caf00
3f837f00
3f75c400
3f636400
3fd17200
3fbf4a00
3fae4480
3f9c1c80
3f8f8e00
3f865e00
3f7b8200
3f692200
3fd5fc00
3fc3d400
3fb2ce80
3fa0a680
3f91da00
3f88aa00
3f800d00
3f6dba00
3f5c8000
3fc92d80
3fb82800
3fa60000
3f94fa80
3f8b8900
3f82ec00
3f737800
3f623e00
3fcdb780
3fbcb200
3faa8a00
3f998480
3f8dd500
3f853800
3f781000
3f66d600
3fd31100
3fc20b80
3fafe380
3f9ede00
3f90b400
3f881700
3f7dce00
3f6c9400
3fd79b00
3fc69580
3fb46d80
3fa36800
3f930000
3f8a6300
3f813300
3f712c00
3f5ecc00
3fcbef00
3fb9c700
3fa8c180
3f969980
3f8d4200
3f841200
3f76ea00
3f648a00
3fd07900
3fbe5100
3fad4b80
3f9b2380
3f8f8e00
3f865e00
3f7b8200
3f692200
3fd5d280
3fc3aa80
3fb2a500
3fa07d00
3f926d00
3f893d00
3f80a000
3f6ee000
3fda5c80
3fc83480
3fb72f00
3fa50700
3f940180
3f8b8900
3f82ec00
3f737800
3f623e00
3fcd8e00
3fbc8880
3faa6080
3f995b00
3f8e6800
3f85cb00
3f793600
3f67fc00
3fd21800
3fc11280
3faeea80
3f9de500
3f90b400
3f881700
3f7dce00
3f6c9400
3fd77180
3fc66c00
3fb44400
3fa33e80
3f939300
3f8af600
3f81c600
3f725200
3fdbfb80
3fcaf600
3fb8ce00
3fa7c880
3f95a080
3f8d4200
3f841200
3f76ea00
3f648a00
3fd04f80
3fbe2780
3fad2200
3f9afa00
3f902100
3f86f100
3f7ca800
3f6a4800
3fd4d980
3fc2b180
3fb1ac00
3f9f8400
3f926d00
3f893d00
3f80a000
3f6ee000
3fda3300
3fc80b00
3fb70580
3fa4dd80
3f954c00
3f8c1c00
3f837f00
3f749e00
3fdebd00
3fcc9500
3fbb8f80
3fa96780
3f986200
3f8e6800
3f85cb00
3f793600
3f67fc00
3fd1ee80
3fc0e900
3faec100
3f9dbb80
3f914700
3f88aa00
3f7ef400
3f6dba00
3fd67880
3fc57300
3fb34b00
3fa24580
3f939300
3f8af600
3f81c600
3f725200
3fdbd200
3fcacc80
3fb8a480
3fa79f00
3f967200
3f8dd500
3f84a500
3f781000
3fe05c00
3fcf5680
3fbd2e80
3fac2900
3f9a0100
3f902100
3f86f100
3f7ca800
3f6a4800
3fd4b000
3fc28800
3fb18280
3f9f5a80
3f930000
3f89d000
3f813300
3f700600
3fd93a00
3fc71200
3fb60c80
3fa3e480
3f954c00
3f8c1c00
3f837f00
3f749e00
3fde9380
3fcc6b80
3fbb6600
3fa93e00
3f982b00
3f8efb00
3f865e00
3f7a5c00
3f692200
3fd0f580
3fbff000
3fadc800
3f9cc280
3f914700
3f88aa00
3f7ef400
3f6dba00
3fd64f00
3fc54980
3fb32180
3fa21c00
3f942600
3f8b8900
3f825900
3f737800
3fdad900
3fc9d380
3fb7ab80
3fa6a600
3f967200
3f8dd500
3f84a500
3f781000
3fe03280
3fcf2d00
3fbd0500
3fabff80
3f995100
3f90b400
3f878400
3f7dce00
3f6b6e00
3fd3b700
3fc18f00
3fb08980
3f9e6180
3f930000
3f89d000
3f813300
3f700600
3fd91080
3fc6e880
3fb5e300
3fa3bb00
3f95df00
3f8caf00
3f841200
3f75c400
3fdd9a80
3fcb7280
3fba6d00
3fa84500
3f982b00
3f8efb00
3f865e00
3f7a5c00
3fe2f400
3fd0cc00
3fbfc680
3fad9e80
3f9b0a00
3f91da00
3f893d00
3f800d00
3f6ee000
3fd55600
3fc45080
3fb22880
3fa12300
3f942600
3f8b8900
3f825900
3f737800
3fdaaf80
3fc9aa00
3fb78200
3fa67c80
3f970500
3f8e6800
3f853800
3f793600
3fdf3980
3fce3400
3fbc0c00
3fab0680
3f995100
3f90b400
3f878400
3f7dce00
3fe49300
3fd38d80
3fc16580
3fb06000
3f9c3000
3f939300
3f8a6300
3f81c600
3f712c00
3fd81780
3fc5ef80
3fb4ea00
3fa2c200
3f95df00
3f8caf00
3f841200
3f75c400
3fdd7100
3fcb4900
3fba4380
3fa81b80
3f98be00
3f8f8e00
3f86f100
3f7b8200
3fe1fb00
3fcfd300
3fbecd80
3faca580
3f9b0a00
3f91da00
3f893d00
3f800d00
3fe75480
3fd52c80
3fc42700
3fb1ff00
3fa0f980
3f94b900
3f8c1c00
3f82ec00
3f749e00
3fd9b680
3fc8b100
3fb68900
3fa58380
3f970500
3f8e6800
3f853800
3f793600
3fdf1000
3fce0a80
3fbbe280
3faadd00
3f99e400
3f914700
3f881700
3f7ef400
3fe39a00
3fd29480
3fc06c80
3faf6700
3f9c3000
3f939300
3f8a6300
3f81c600
3fe8f380
3fd7ee00
3fc5c600
3fb4c080
3fa29880
3f967200
3f8d4200
3f84a500
3f76ea00
3fdc7800
3fca5000
3fb94a80
3fa72280
3f98be00
3f8f8e00
3f86f100
3f7b8200
3fe1d180
3fcfa980
3fbea400
3fac7c00
3f9b9d00
3f926d00
3f89d000
3f80a000
3fe65b80
3fd43380
3fc32e00
3fb10600
3f9de900
3f94b900
3f8c1c00
3f82ec00
3febb500
3fd98d00
3fc88780
3fb65f80
3fa55a00
3f979800
3f8efb00
3f85cb00
3f7a5c00
3fde1700
3fcd1180
3fbae980
3fa9e400
3f99e400
3f914700
3f881700
3f7ef400
3fe37080
3fd26b00
3fc04300
3faf3d80
3f9cc300
3f942600
3f8af600
3f825900
3fe7fa80
3fd6f500
3fc4cd00
3fb3c780
3f9f0f00
3f967200
3f8d4200
3f84a500
3fed5400
3fdc4e80
3fca2680
3fb92100
3fa6f900
3f995100
3f902100
3f878400
3f7ca800
3fe0d880
3fceb080
3fbdab00
3fab8300
3f9b9d00
3f926d00
3f89d000
3f80a000
3fe63200
3fd40a00
3fc30480
3fb0dc80
3f9e7c00
3f954c00
3f8caf00
3f837f00
3feabc00
3fd89400
3fc78e80
3fb56680
3fa0c800
3f979800
3f8efb00
3f85cb00
3f7a5c00
3fdded80
3fcce800
3fbac000
3fa9ba80
3f9a7700
3f91da00
3f88aa00
3f800d00
3fe27780
3fd17200
3fbf4a00
3fae4480
3f9cc300
3f942600
3f8af600
3f825900
3fe7d100
3fd6cb80
3fc4a380
3fb39e00
3f9fa200
3f970500
3f8dd500
3f853800
3fec5b00
3fdb5580
3fc92d80
3fb82800
3fa1ee00
3f995100
3f902100
3f878400
3f7ca800
3fe0af00
3fce8700
3fbd8180
3fab5980
3f9c3000
3f930000
3f8a6300
3f813300
3fe53900
3fd31100
3fc20b80
3fafe380
3f9e7c00
3f954c00
3f8caf00
3f837f00
3fea9280
3fd86a80
3fc76500
3fb53d00
3fa15b00
3f982b00
3f8f8e00
3f865e00
3fef1c80
3fdcf480
3fcbef00
3fb9c700
3fa3a700
3f9a7700
3f91da00
3f88aa00
3f800d00
3fe24e00
3fd14880
3fbf2080
3fae1b00
3f9d5600
3f94b900
3f8b8900
3f82ec00
3fe6d800
3fd5d280
3fc3aa80
3fb2a500
3f9fa200
3f970500
3f8dd500
3f853800
3fec3180
3fdb2c00
3fc90400
3fb7fe80
3fa28100
3f99e400
3f90b400
3f881700
3ff0bb80
3fdfb600
3fcd8e00
3fbc8880
3fa4cd00
3f9c3000
3f930000
3f8a6300
3f813300
40372f00
447dce00
cb875c80
3fa2eb80
398f1000
44e9f400
4fbd5400
bc38ce00
438f7780
4e3e2780
b9145480
b9013300
c1a8c180
2f0a6300
43926d00
368f7780
b953ce00
3ac3fd80
480d4200
4d3fca00
bd945480
44e48a00
ca5c8000
bc90b400
483ae980
4189cb00
45a02000
bfba4380
43b3f100
cbc5c600
c1834f00
3b00a000
3c615500
c5938500
cc27c880
c3e2f400
37a12300
4596c300
b71ed000
b1fdce00
c9f1de00
b7697000
b7025900
b1d45d00
335f3980
c353e080
377ca800
3e476500
c8446200
bea48e00
47d32600
c4fdce00
37d2be00
4c170500
c3531100
c5fdce00
ba590e00
c667d100
bd38ce00
4818be00
3e74c900
4101c600
37e11800
463dd480
438b6a00
46b68900
b8b3c780
c6260800
b6c4cd00
b746d800
47718b00
42394a80
460caf00
be982b00
3c24b800
b6378200
ba623e00
3f979800
b4749e00
ba8fca80
c3ea4800
4c3ff000
33c09c00
3d16c300
4d853800
cc986200
bc9a5400
c02a3700
40492400
4cdcfe00
43109a00
432d9e80
3dae4480
bf4acc80
364ac800
4a590e00
39979800
b7e94c00
bfbb6600
c3e36400
c6ec9400
b5fce400
4192b580
4b718b00
48d45d00
3b229600
352ee400
be0ea800
b8a50700
b8909a00
44354a00
cb0ea800
bfe2f400
3f9d5600
44a19f80
c4939300
caf5c400
c6a3bb00
c6c19800
4adcd400
481bc980
b7a24200
c43b1300
3d34cc00
30766800
bc38ce00
c1114000
4186f100
3adda600
be0c3980
ca91e600
b7381400
b6ae3c00
47b51380
c237c000
47517200
c7b5f200
3785bd80
43a48a80
ba482800
b92bff80
42368900
4047d400
435fb600
ca5ad900
44c76500
3c54a000
c5ce8700
3c834f00
c267fc00
c78e6800
36f4c900
bd9d3f00
ceab7200
c084ee00
c0bcd600
36c24000
3ea7f200
44c0e900
38bbb900
3cd1d600
baa72280
38801100
38dda600
4acb9c00
35853800
3a209e00
3289cb00
40041e80
bf04ee00
c7d11f00
b9945480
b753e080
458ff400
bbab1e00
b4dda600
3faf8c00
4afbac00
be075c80
b4af6200
3a5b0600
36e2bc00
af8b9380
4d780700
b93b8f80
3acc4200
bceee000
bce77e00
40a55a00
c7d76a00
32e12b80
bd737800
47c30480
34495700
43875c80
4da07d00
43325200
bc95a000
3a781000
be081700
42a31400
ca1fa200
4066d800
bb51ac00
3ea21c00
3f813300
422b7200
ccd8bd80
3ee2f400
bb19ae00
cfc76500
44adbe00
c2653900
bd226f00
4b780700
4581c600
c553b700
bff96000
3c387b00
385ecc00
42fc0000
47938500
39a02000
ca034f00
bb33f100
bc3da800
b7de1700
378f7780
c68c1c00
49df9e00
36e0ee00
c23c0c00
bc6b6e00
455fb600
3b5b0600
39207d00
b69bf300
3a9b9d00
3d001100
ba0ea800
bc1f5a80
c0ad7500
3ca05380
b2025900
c0efec00
43142b00
bcf32400
b9409c00
c514a400
baad9400
4793fc00
45cb4900
c00efb00
c0363600
398b6a00
bfa14c80
b9448c00
37dbae00
ba54f400
438ea800
bb5b7f00
bdc01e00
3c834f00
b2440e00
bed57f80
3c01b000
beecae00
b6db5a00
c3712c00
cbaa6080
b2f59a00
47018680
bbb25600
bd502600
38c90400
46490400
4e986200
3a2b7200
c04c4200
ba2c2900
bb8b2000
ca279f00
419ad080
4e05cb00
40e17e80
3ef32a00
beb00d00
bd2aa000
47154c00
badb5a00
c362f400
b8e63200
c4b0b300
3cebec00
4eaf1400
501ba000
bb0daf00
48593800
3c853800
40aaa000
3c902100
c92b3000
3c352000
bd2e4480
425ecc00
3c00a000
42000d00
b544b600
351fa200
cde6d600
bb0e2b80
3875c400
be40f000
c247aa00
c286f100
3dac5280
4d6fb200
af111680
3511da00
cb0af600
481fa200
3d182b00
bfaa2200
b9d22a00
bc3d5400
c5cc1880
479c1c80
3dafb600
3b827f80
3b025900
4215df00
45993180
d03f2200
b1b05e00
bb039400
38a89800
c50a6300
39579b00
40199000
c20b6a00
47d2be00
427dce00
417a5c00
bff25200
bee92200
40260000
c6a6da00
3e48fa00
39c9cc00
3c1a0100
3f692200
b9eb6e00
bf0a9a80
44c7b800
4285bd80
4aafe380
3d2b0680
3d3ff400
40399d80
c3875c80
c6ad9400
42bdfc00
c77a5c00
af1ba000
ba615500
36eee000
bc81c600
3c193180
c97b4500
44aa2200
c0af3800
bc28fc00
3311da00
b9000d00
c8293e00
bebc8200
3c964680
c2303680
3decae00
36ca7980
c0f4c900
3930b300
c3f32a00
c0e21400
41b0dc00
b601b000
c4c90400
b9712c00
3d522a00
47152400
3f780700
c7a81b80
beeee000
45ad4000
b512b580
bea75800
c6d5fc00
44bc0c00
c4c18f00
c8d7e800
bf0caf00
3585bd80
b601c600
c11ad080
b9b2f800
47986200
4c5dd000
ba9a3800
c8a86e80
3c2b0680
417ef400
b7a92600
c2dfc800
c508fb80
37d45d00
ccc68400
3e06f100
bd39e200
4ee24e00
b611da00
b6efec00
453d0500
af14b900
41c66c00
cd4af600
cd561a00
3e914700
b530dc00
bbecae00
c5490400
3cc07200
3a50f580
378a6300
c80a6300
3a123900
39b18400
4de49300
c48a6300
bf0cb600
be1b3400
40ae3c00
4702a900
c30efb00
33649300
41203500
cc945480
ba0dc000
3c7e8300
bbc5b200
b94f8000
41ece800
c3efec00
36801100
47780700
36b63600
316b6e00
b68d0900
418f8e00
c2af8c00
c0f9f900
bf243780
c246e880
4267d100
bd7ca800
4a2a8a00
c7a03500
4a81c600
439fd700
bdcd9200
b1037f00
32793600
33fea000
bd399d80
42286e80
42130000
b267d100
3de49300
3e2d7500
c4a2c000
bbfca800
c6f49e00
3bcc4200
344f0c00
43fef400
c0a53600
3dadf180
c30fca80
34034f00
3b152400
b3a55a00
c009cb00
3ece6400
c20d4200
3ad96200
bb00e080
bc531100
3d0e6800
3d55fc00
c0897c00
3efb8200
3d938500
3484a500
3d8aa200
c2532600
31ad7500
41d61a00
c7476500
be346d80
ce89d000
b8a78200
c000a000
47505c00
41878400
40979280
bf6b0f00
c8409c00
c6b28000
af114700
3c95a000
ce48da80
4a281b80
b9369a00
cb52be00
4701c600
45352000
bf30b300
45c9f600
bc781000
c64c1880
bc214c80
36e7fc00
c38b6a00
b9500800
b7649300
c684a500
43672b00
4bdad900
bd6ac600
b69cc280
c2e5b000
c2caa300
3e093d00
c0942b00
c035b980
bb801100
44982b00
b6904700
c02bd600
3cd5fc00
c4e11800
3f581780
c1d37a00
b615df00
3aae6e00
c1d29480
3a865e00
c1b8e600
bc285400
4fd76a00
bba48a80
45b7fe80
46d7e800
b37ce400
bf392100
cbc60600
3dbfca00
3ba89800
3cecae00
bb858c00
c5c64280
cc40e900
3cd27e00
c3138500
3f0e1400
ba154c00
c85d5200
ce67a800
42ba4380
43f18b00
3e952400
40a82a00
3ec21600
bb45c600
3d000d00
bcf09200
48b8bc00
38b27b80
3d25d680
c1428800
3c9b9d00
43ee4d00
3111e600
3827f200
3d3d2e80
349c0600
3cb82800
c016c300
bb725200
41732400
bfba9680
3c0d1800
af8cc400
4ac21600
34b08980
bfb59000
4b7a5c00
bc88aa00
473ade00
b2065e00
bd67d100
3ae36400
b7428800
33054100
bdbb3200
3ef18b00
c580a000
b2ec9400
b3c85200
c9fdce00
33b08980
c4001100
375fb600
342bd600
bf6a4800
48e36400
bb013300
47e63200
b1f00600
4a91bc80
46339e00
424f6000
48780700
b41e2800
4709cb00
3ccb1c00
b2075c80
b5cf8000
383c0400
c21ede00
b4557f80
38b78200
b78e6800
394e3a00
c4436600
b7a07d00
45942600
b650da00
bfa8eb00
3a0f3a00
3894b900
be57e800
c03dab00
37dc8000
c38e5500
c7766800
49918600
c080e080
3e98de80
bcbb3200
c0ba0c00
4c8b8900
c553b700
c8f4c900
b69cae00
4582ec00
46179800
bf00a000
3e7b5800
bbbb8f80
43152400
bb5c7800
b7543380
3e9ede00
405a3400
b691e600
bf0cb600
4e48fa00
bbe07000
448c3980
b85e1700
3a095200
c7629200
bd88aa00
af1d3f00
c4114700
32d35000
49697000
c6a5d680
42c71200
40f4c900
cbd79b00
cc2d4000
c1dfb600
3e4e3a00
bfd1d600
ba2f0e00
cf446200
c72d9400
b8000d00
48241000
4a0caf00
44ad7500
44eee000
44cf5680
bf58bd80
c1593a00
b498be00
42841e80
c5954c00
3cb32800
c4c01e00
bed90e00
440dd880
d020c800
4ec90400
321b9d00
c41fcc00
b4104700
b5ac1a00
422c1a00
40426a00
babcb200
c1af3800
c2c3e400
b9a04a00
3e649300
baa99100
ce990800
babff400
b9880200
3ef49e00
49034f00
c1f66800
be893d00
4743aa80
4a84ee00
b465b000
c2b83e00
c739e200
3dc45080
40911680
4816c300
4b926d00
4bd18200
3f013300
b5db7f00
c21fad80
39a5de00
45942600
bba55a00
392f0e00
c3aab380
3d399d80
3af9a600
bfa4e200
3c2e9780
bf9f0f00
ba31ac00
35dc8000
3a0fca80
3e8a6300
3f1ede00
b82e4480
3cd90e00
3135c800
b49a0100
bbcf3600
c9258a00
3d1ad080
c2607000
4bbe2600
344b4900
3f973f80
b8865e00
b59fad80
3e442700
4104a500
3708d200
3d55fc00
c2e24e00
41dfb600
33914700
43450a00
b7404800
c0034f00
cab00a00
40b0dc80
cac16580
ba712c00
31c9fd00
3b0dd500
372f0e00
47b6ee00
39a1ee00
c1c76500
b7c8b100
cdc8fa00
4aaca580
42579b00
c3401e00
40239200
3e104700
374e6400
47296780
c2868d00
3cb2f800
c3ab0680
b5041200
4b84ee00
c1308800
43419800
c4dea200
be371800
406cd780
33579400
b3df9e00
42d36400
3f79a600
4774c900
c302a900
b3882c00
b4a6da00
42854100
33c54980
c4a39200
44420b80
3fabc600
afcd1400
c35da600
38075c80
3fd22a00
3e538d80
b6fce400
be1a0100
3ebd7e00
41afe380
ca104700
ce84ee00
41289800
464f8000
433dab00
bf3d7e00
b61ba000
c8bece00
cbbac000
c2780700
c4d79b00
ba875c80
37d7c480
c044cd00
bb6f0a00
bca97a00
4379a600
ba339e00
c5c16e00
b991bc80
42c58800
4589d000
39982b00
c22eba00
4e793600
4a284500
3c547600
c21a3800
c0881700
3d979800
412a3700
c6d57f80
c2c57300
c4137e00
3d100c00
bd325200
334e1000
35979800
c9498080
c781c600
b4952400
3c3dfe00
2fd2be00
b7080280
43d6f500
469cd800
cbd81780
b7712c00
389dd400
4a15f380
bd3cd600
360ea800
bc034f00
c1139300
b2edba00
32e2f400
463b8600
bd041200
3b961e00
c5590e00
3d8a6300
bd893d00
c2954c00
427e8300
c6bef800
bdbc0400
3789f480
b8d29480
3aa48a80
b4075c80
ccba9680
3a90ed00
bd9d6880
c0aa6080
c2ea4800
3de04600
b23e7a00
404fb400
bf08fb80
c052be00
3fd55600
bf581200
381e6180
c96cae00
c7875c80
499bf300
43511f00
470af600
bbb53d00
c5b5c800
c2edba00
c711bc80
bff32a00
c1eee000
3b114700
b84b9a00
3244cd00
be06f100
4005bd80
c6885600
414d1180
bd01c600
3d272280
36bcdb80
402e9000
c3109a00
37801100
ba865e00
b967d100
c0eb6e00
4715df00
34fb8200
b432fe00
4bad7500
c7360c80
3d839400
bd732a00
34109a00
42998480
ce57ee00
c488fb80
b2120400
b2041200
be60ee00
41f32a00
be027f80
4dc20b80
35c21600
b90af600
42435780
3c9f0f00
b6881700
b9a2c000
46e5b000
38703000
c245ef80
c0bf2080
37870600
ba315900
b09b7680
c1207400
bb193180
3e0f7780
b8cde600
3c01c600
beb85180
c2bc0c00
c502ec00
31ed1200
c7547600
b6c43800
c58a9a80
3aa8d200
32041e80
c84d9200
38f10e80
bd692200
3a2dc800
b748fa00
c6034f00
409fcc00
358f7780
c5186a00
44a89800
c9649300
b784ee00
37262980
be421600
bc21c900
c7179800
41342400
bdbc0400
40435780
4f3cb200
b1569800
4d6ee000
c54c4200
4781c600
42947a00
4758e400
c9429400
33034f00
46993180
3f44cd00
c99d3f00
48aca580
b7e7d100
41969980
b4c8d000
b7dff200
4456c200
b06fec00
3681c600
42dff200
32998480
4bf49e00
3bf66800
30df9e00
4521ee00
3c1ede00
c5179280
37ba4380
3562f400
3815f380
4720f200
3d05cb00
41145480
3b281b80
b4f9a600
403a1a00
c06cae00
3c49d380
439d3f00
49dda600
bdf66800
b2ca2000
33eb6e00
43f00600
3f9afa00
c6bdd200
36c46200
bd0d8580
b5cc6c00
bb841200
bb102100
43d5d280
c6371800
b6f18b00
49ef0a00
3bdbd800
b0524180
3f638e00
b9dda600
3d535000
4cb25200
4223bb00
ca15f380
4b89cb00
b0ad4000
bcaaca00
3a84ee00
3d3dd480
c78b1700
3e04ee00
3705bd80
c4dfb600
37697000
bf8af600
c945dc00
37648a00
bd882c00
3e310600
bc825900
4af81000
cd11e600
c311bc80
400c1c00
43902100
be893d00
43368900
49082c00
cca87e00
c93c8880
c24aa300
ba463000
b07ca800
c9c42700
495ff200
c6813300
be428800
3a57ee00
48a85400
bae5b000
4309d000
475b5a00
4500ca00
32536400
b59afa00
4186f100
36f80700
c0d1c500
b39e8b00
41d42200
bddf4a00
bdc6bf00
b415a000
3704ee00
4c490400
c90dd500
c004ee00
43b8ce00
3ac90400
c1a6f900
cfbb3c80
bea99100
bc413c00
4151ee80
3b093d00
bcd11f00
3b37ea00
420efb00
c498be00
b9398e00
37b13000
4379a600
331aa700
49354a00
aefe8300
c27b8200
4200a000
3dde1700
36a74c00
3d8b6a00
b720c800
4291da00
4456c200
c59ede00
c23bb000
2f26cf80
47d31100
38fce400
44d8bd80
3fb20200
af0e6800
c6a3e600
36837f00
3e215b00
39468400
3d0c1c00
3274c900
b547d400
ba265300
c498be00
4676ea00
beb6dc00
35834000
45221c00
c37a5c00
bacaa300
bd7dce00
48712c00
c0b35200
38e11800
48e40c00
495c8000
38c1e200
c9f6ea00
b608aa00
be865e00
c0a05380
42bd7e00
3ca99100
bd120400
c94c9500
4180e080
39970500
b5878400
be5cfe00
c2868800
3a154c00
419d3f00
46935b80
42cc6c00
bd145480
c31b9d00
c0a39200
3f56a200
c1827f80
b37b4500
be145480
bbe48a00
3f715600
48dfb600
b9b5e300
bc013300
34b39e00
bc537a00
bb2e3c00
3a1b8800
c126f900
c0adbe00
3e902100
ba114700
c2781000
b41daa00
45d8e400
b6ca7400
c9f66800
3a1e5200
47b82800
3ad20000
bee0ee00
45a6cf80
408d4200
c0ca2000
b6eb6e00
c5875c80
43ec9400
45f16180
44a3e480
48240e00
c05a0a00
3c547600
4ef00600
c1893d00
ca865e00
43863a00
bf0ea800
33a58380
afac5280
33142600
c6082c00
3b800d00
45001100
bf0d0900
b7ac4400
3704ee00
4a982b00
ba911680
3f6fec00
b6359000
461e0e80
bab64600
46c07200
43545d00
c37ca800
48f66800
35399d80
3c904700
47411280
47d9e000
41dc0200
3fc09c00
49cd3b00
31139300
cd6cbe00
ba274c00
4e7a5c00
45865e00
42700600
bfc4b600
30c98080
3bdad900
bd827f80
36f6ea00
3af93600
30e97000
36f49e00
320d0900
c12fe380
cd102100
c2111680
3e878400
488d0900
c1d4b000
3a89d000
c4114700
2e065e00
34937e00
402d4b80
44881700
3ace1000
40634700
40bd5400
3d55fc00
c6841e80
47193180
34abff80
c9aeea80
cbc0f000
302f9080
b7904700
3c3dfc00
be2f6700
3cdc7800
452bd600
3b834f00
3db91000
bf0c3980
c0167200
408a9a80
c63d0500
b823bc00
408dd880
bf00a000
bde22480
3c04ee00
c0c59c80
42856200
cc2f3d80
461ba000
c157e800
35248e00
b3ab4800
c7174400
c50a6300
ca8a6300
362ca580
b71d5600
3b013300
4009fa00
3b5ff200
350dd500
c9f80700
3b1c0600
bc081700
44293e00
bfc07200
44603280
c6c85e00
b575c400
b8942b00
bbb74200
bc81c600
4548fa00
455ad900
34a8eb00
b98fb800
cb200080
b95a3400
38bea400
ca6fec00
4140e900
c918b500
2f430480
caca2000
42986200
c99daa00
b956c200
b05adc00
cbd47600
3c30dc80
b4433c00
37182b00
c2b34b00
b92cf880
405b8400
371f0f00
cb94a780
b9c26a00
3b407200
c3460600
b6404800
3d4eda00
3d65b000
bc08aa00
c11ede00
bf904700
b986f100
c2037f00
3f416580
36bdfc00
43db5a00
3cb6b280
bc36ee00
b404a500
b8065e00
cd732a00
b3882c00
c0c78e80
3e312f80
bbd59c00
c5f80700
41305e00
c1f00600
c75c2c00
3e766800
4946e880
c0e6d600
c01c8400
3dcfde00
35cc4200
37126d00
c78efb00
43d11f00
414acc80
bccde100
44025900
c831d800
c47b8200
33115c00
bdcc6c00
c5115c00
49154c00
b6b9b800
b4a07d00
34fb8200
383ece00
c59a7700
ba103600
45b3f100
4430b300
bbe23e00
4081c600
492eba00
35801100
325e1700
bb0f7780
b5133200
c2344e00
426ee000
4310b400
c3c39000
3cb10600
c55ff200
47161d00
b70ff400
b1a62980
32bbb900
41ae1200
c22e9780
3f2f3800
46a6f900
c09dd400
be3d0500
c788fb80
bdc18f00
cb1cd800
b34c4200
39f00600
baaa3700
39ad2200
c4d10400
c5697000
b741e200
c3dc7800
b6b65f80
aee7fc00
37697000
c3bdab00
bc781000
37e21400
3bd11f00
3fe5b000
bf30b200
4b40f000
40efec00
c475c400
cb954c00
c2abf000
bf202a00
c5186200
c0497800
379d3f00
42eb6e00
41eb6e00
4746d800
356bb500
bc034f00
40308980
31b87b00
436c4000
45179800
3a455e00
480f7780
c1a4b800
c86b0f00
b0781000
47d22a00
3deb9800
38993180
cca33e80
3a926280
c30ea800
c1518200
3cf9a600
b5b42400
c26b6e00
bf522a00
c1b97400
3e442700
42f32a00
c29e7c00
3ad9b600
38edba00
3ca9ce00
b8dff200
c70d0900
bfe5b000
41813300
389c9900
cfc4f680
4a04ee00
c1ea4800
bfd35000
c0c9aa00
3c92d600
b4555600
32fb4500
49911680
4ab2ce80
be4c6c00
3df4c900
bd4d9200
48979280
4bc45080
c0aa3700
cc601c00
3ecc6b80
3d078400
c3930000
4b5a3400
3d3bda00
3384a500
b9576a00
ba263200
3b6dba00
3fd03200
cabb1300
b3a31400
3b1fad80
b4aec100
40ecae00
3dc4f680
3432aa00
4d28a800
45139300
46c64280
b0853800
bada3400
43258a00
b4c76500
b6286e80
c6fb8200
35fef400
b7de1700
c84de600
c0801100
4a9c6f80
3aa6f900
b8186200
bb590e00
43f9b400
3d413c00
3c993180
3f214c80
c0c21600
4ea4b400
b7a3e480
3e5a3300
c1fce400
4281b000
3e865e00
4067fc00
3e505c00
b3041200
c5efec00
3a22eb80
c8fb8200
43643600
cc4c4200
bea6f900
45248a80
4c7a5c00
bca39200
c5511f00
456d5400
34c1ec00
af16c300
b896c300
b08b4a00
cac46200
c0982b00
3ee8ce00
478a6300
37cbef00
39870600
c7938500
3f1e0e80
c4c65a00
bfc42700
c9893d00
40f2d000
c88b2000
c6401e00
c502ec00
c0255a00
bc865e00
43834f00
43d9b680
326fec00
3d3a8a00
bb7b5800
bb34c080
ca01c600
c6102100
383cd600
beea4800
362bd600
3d813300
34581200
44bd7e00
bf082c00
3ebb1300
bb4b4900
b5e36400
be404300
3889cb00
3d4e0a80
43093d00
be458800
b2ab9c00
b9547600
470cee00
c38e1400
c6092500
c2a7c880
46c3d400
b6a07d00
419b5e00
c8f4c900
4b658c00
45351380
c35da600
bd0d4200
b6caa300
c310b400
cad67880
45fce400
c7810a00
37027f80
be256000
bd3ef800
46b3c780
c17ca800
329fd700
3cfe8300
bd280000
4d81c600
b9d79400
446cae00
426dba00
be827f80
41b7c000
42be2600
40893d00
44f25200
b6f6ea00
c02d1600
3e01c600
3da1f280
3e81c600
3d082c00
cdaab380
4210b400
45fdce00
bddad900
37c28800
c0bc0c00
467e8300
363d2e80
bc9ad080
3e013300
40a58a00
429f0f00
43cde100
3fc13c00
41f93600
b73ea400
47de1700
b9c9cc00
c7834f00
c0d93a00
432f6200
bdd35000
4bf00600
bb7a5c00
37258a00
3dc1b880
3a559c00
c6749e00
b4000d00
3b95df00
c81c8400
b8b41a80
b7461900
459f5a80
39991200
bc188b80
b1926d00
b9c9d380
3e497800
3f17ec00
4a86f100
43995100
40dbd800
41d98c00
b308fe00
4288fb80
be3dab00
3aa72280
c1488780
39bc0400
c3ae4480
c686f100
3d611800
44c42700
3b1a2a80
49b76c00
b5f08400
b48b8900
c0081700
3dd1ac00
bd170500
b5a39200
b7882c00
40c28800
bf21ee00
c9b25200
3b844800
bff9a600
c08dd880
c3eb6e00
4aecae00
4a5da600
b34c6c00
37b1d800
ba075a00
c61c8400
4b154c00
baa26f00
3b56c200
35eee000
43dfb600
c5d64400
c46c9400
ba37d500
c3dff200
40f6ea00
37604600
c92bd600
bd5d4780
3f9de900
bd0c1c00
be9ad080
b6813300
34a33e00
cb86f100
b57b8200
4230b300
360dd880
414b4600
bf082c00
3e63b800
b0e6d600
3f025900
430ea800
45d47600
46310600
c9037f00
ce179280
bc8c1c00
45114000
4849fd00
45efdc00
3e6dba00
c7ed5400
b3d79b00
bc55d280
394fde00
c5800d00
be101d80
4b4aa300
be7e8300
bd6bec00
35c2b180
bb219a00
b780a000
48732a00
c81ba000
c0093d00
bc145000
b4c2be00
c852be00
4304a500
454eb080
b8becd80
388efb00
42967200
c52a3700
35de1700
33589000
469b4d00
402f1400
3e219a00
bc20a680
c1781000
bf92b580
c3bf7380
47f4c900
39939300
be3f4a00
47f5c400
bc468400
38014800
c8081700
cdd10400
3c082c00
414c6c00
3b9b0a00
3a911680
3ccf8000
38b06000
c97a5c00
c7419800
b8b65f80
383a6000
46476500
3e068d00
c81e0e80
3e834f00
c814fa80
bdf7b400
bb623e00
c6fef400
c02b0680
b49a5400
47c06c80
c9902100
b843aa80
3fcd9200
cc1bc980
359de900
4286f100
42381400
c2381400
445c5600
3f27f200
3cb61c00
35f12c00
bb590e00
3d5f7400
40970500
3a853800
3bb6c400
3cf80700
2f9ad080
35296780
c6882c00
b2bdd200
4acd9200
41737800
c8a63200
ceb8e600
be521800
c1a07d00
44dea200
3f5c7800
4689cb00
30347800
3aecae00
b7cee200
36737800
cd253080
3c80e080
40ae4480
cc38e600
42cf8000
b8182b00
4aa31400
4a649300
3fe21400
3f06f100
b07a5c00
b36b0f00
46463000
befe8300
cb253080
4200a000
460e6800
4bfb8200
3026f900
bd766800
49827f80
4b961e00
3e76ea00
bdc71200
c5170500
c13cb200
c5f80700
3f041e80
3b233e00
bf5c4e80
3a2e1200
401f5a80
45f93600
419ad080
c1463000
44749e00
c10c1c00
47692200
4167fc00
bb320200
c59c6f80
3e221c00
b3fa5c00
3e1e5200
43034f00
4914fa80
4a67d100
b7068d00
4282ec00
374cea00
3d780700
bc80e080
33258a00
b9ce0a80
cad35000
34f9a600
413ecd80
3fd29480
bdf5c400
4a488780
44f93600
3ebdd480
c2c7b800
3bf6ea00
44281b80
37372f00
47f37800
bd841200
47e62e00
3989cb00
45fb4500
bd1a0100
3f002200
4457e800
b7a43780
4402ec00
c3d59c00
bb442700
c31a7700
4a3e5100
2f428800
48781000
b80d4200
bae5da00
c501b000
3b15a080
3f432e00
bd7ce400
c1510400
39718b00
46878400
4105bd80
be06f100
c8598d00
3fbfa000
47827f80
403c5f00
bcc90400
bc903600
3e5bd800
3b96c300
b3c4a380
c2cacc80
ba961d00
c8476500
4002ec00
c6bb3200
c796c300
b9d98c00
b7404800
45e49300
3f81b000
3f81b000
3f780700
3f766800
3f766800
3f6b0f00
3f697000
3f697000
3f5e1700
3f5c7800
3f5c7800
3f511f00
3f4f8000
3f4f8000
3f442700
3f428800
3f428800
3f372f00
3f359000
3f359000
3f2a3700
3f289800
3f289800
3f1d3f00
3f2d4000
3f2d4000
3f278200
3f26b000
3f26b000
3f20f200
3f202000
3f202000
3f1a6200
3f199000
3f199000
3f13d200
3f130000
3f130000
3f0d4200
3f0c7000
3f0c7000
3f06b200
3f05e000
3f05e000
3f002200
3efea000
3efea000
3ef32400
3f81b000
3f81b000
3f780700
3f766800
3f766800
3f6b0f00
3f697000
3f697000
3f5e1700
3f5c7800
3f5c7800
3f511f00
3f4f8000
3f4f8000
3f442700
3f428800
3f428800
3f372f00
3f359000
3f359000
3f2a3700
3f289800
3f289800
3f1d3f00
3f2d4000
3f2d4000
3f278200
3f26b000
3f26b000
3f20f200
3f202000
3f202000
3f1a6200
3f199000
3f199000
3f13d200
3f130000
3f130000
3f0d4200
3f0c7000
3f0c7000
3f06b200
3f05e000
3f05e000
3f002200
3efea000
3efea000
3ef32400
3f875c80
3f875c80
3f81b000
3f80e080
3f80e080
3f766800
3f74c900
3f74c900
3f697000
3f67d100
3f67d100
3f5c7800
3f5ad900
3f5ad900
3f4f8000
3f4de100
3f4de100
3f428800
3f40e900
3f40e900
3f359000
3f33f100
3f33f100
3f289800
3f354a00
3f354a00
3f2f8c00
3f2eba00
3f2eba00
3f28fc00
3f282a00
3f282a00
3f226c00
3f219a00
3f219a00
3f1bdc00
3f1b0a00
3f1b0a00
3f154c00
3f147a00
3f147a00
3f0ebc00
3f0dea00
3f0dea00
3f082c00
3f075a00
3f075a00
3f019c00
3f882c00
3f882c00
3f827f80
3f81b000
3f81b000
3f780700
3f766800
3f766800
3f6b0f00
3f697000
3f697000
3f5e1700
3f5c7800
3f5c7800
3f511f00
3f4f8000
3f4f8000
3f442700
3f428800
3f428800
3f372f00
3f359000
3f359000
3f2a3700
3f367000
3f367000
3f30b200
3f2fe000
3f2fe000
3f2a2200
3f295000
3f295000
3f239200
3f22c000
3f22c000
3f1d0200
3f1c3000
3f1c3000
3f167200
3f15a000
3f15a000
3f0fe200
3f0f1000
3f0f1000
3f095200
3f088000
3f088000
3f02c200
3f882c00
3f882c00
3f827f80
3f81b000
3f81b000
3f780700
3f766800
3f766800
3f6b0f00
3f697000
3f697000
3f5e1700
3f5c7800
3f5c7800
3f511f00
3f4f8000
3f4f8000
3f442700
3f428800
3f428800
3f372f00
3f359000
3f359000
3f2a3700
3f367000
3f367000
3f30b200
3f2fe000
3f2fe000
3f2a2200
3f295000
3f295000
3f239200
3f22c000
3f22c000
3f1d0200
3f1c3000
3f1c3000
3f167200
3f15a000
3f15a000
3f0fe200
3f0f1000
3f0f1000
3f095200
3f088000
3f088000
3f02c200
3f8dd880
3f8dd880
3f882c00
3f875c80
3f875c80
3f81b000
3f80e080
3f80e080
3f766800
3f74c900
3f74c900
3f697000
3f67d100
3f67d100
3f5c7800
3f5ad900
3f5ad900
3f4f8000
3f4de100
3f4de100
3f428800
3f40e900
3f40e900
3f359000
3f3e7a00
3f3e7a00
3f38bc00
3f37ea00
3f37ea00
3f322c00
3f315a00
3f315a00
3f2b9c00
3f2aca00
3f2aca00
3f250c00
3f243a00
3f243a00
3f1e7c00
3f1daa00
3f1daa00
3f17ec00
3f171a00
3f171a00
3f115c00
3f108a00
3f108a00
3f0acc00
3f8ea800
3f8ea800
3f88fb80
3f882c00
3f882c00
3f827f80
3f81b000
3f81b000
3f780700
3f766800
3f766800
3f6b0f00
3f697000
3f697000
3f5e1700
3f5c7800
3f5c7800
3f511f00
3f4f8000
3f4f8000
3f442700
3f428800
3f428800
3f372f00
3f3fa000
3f3fa000
3f39e200
3f391000
3f391000
3f335200
3f328000
3f328000
3f2cc200
3f2bf000
3f2bf000
3f263200
3f256000
3f256000
3f1fa200
3f1ed000
3f1ed000
3f191200
3f184000
3f184000
3f128200
3f11b000
3f11b000
3f0bf200
3f8ea800
3f8ea800
3f88fb80
3f882c00
3f882c00
3f827f80
3f81b000
3f81b000
3f780700
3f766800
3f766800
3f6b0f00
3f697000
3f697000
3f5e1700
3f5c7800
3f5c7800
3f511f00
3f4f8000
3f4f8000
3f442700
3f428800
3f428800
3f372f00
3f3fa000
3f3fa000
3f39e200
3f391000
3f391000
3f335200
3f328000
3f328000
3f2cc200
3f2bf000
3f2bf000
3f263200
3f256000
3f256000
3f1fa200
3f1ed000
3f1ed000
3f191200
3f184000
3f184000
3f128200
3f11b000
3f11b000
3f0bf200
3f945480
3f945480
3f8ea800
3f8dd880
3f8dd880
3f882c00
3f875c80
3f875c80
3f81b000
3f80e080
3f80e080
3f766800
3f74c900
3f74c900
3f697000
3f67d100
3f67d100
3f5c7800
3f5ad900
3f5ad900
3f4f8000
3f4de100
3f4de100
3f428800
3f47aa00
3f47aa00
3f41ec00
3f411a00
3f411a00
3f3b5c00
3f3a8a00
3f3a8a00
3f34cc00
3f33fa00
3f33fa00
3f2e3c00
3f2d6a00
3f2d6a00
3f27ac00
3f26da00
3f26da00
3f211c00
3f204a00
3f204a00
3f1a8c00
3f19ba00
3f19ba00
3f13fc00
3f952400
3f952400
3f8f7780
3f8ea800
3f8ea800
3f88fb80
3f882c00
3f882c00
3f827f80
3f81b000
3f81b000
3f780700
3f766800
3f766800
3f6b0f00
3f697000
3f697000
3f5e1700
3f5c7800
3f5c7800
3f511f00
3f4f8000
3f4f8000
3f442700
3f48d000
3f48d000
3f431200
3f424000
3f424000
3f3c8200
3f3bb000
3f3bb000
3f35f200
3f352000
3f352000
3f2f6200
3f2e9000
3f2e9000
3f28d200
3f280000
3f280000
3f224200
3f217000
3f217000
3f1bb200
3f1ae000
3f1ae000
3f152200
3f952400
3f952400
3f8f7780
3f8ea800
3f8ea800
3f88fb80
3f882c00
3f882c00
3f827f80
3f81b000
3f81b000
3f780700
3f766800
3f766800
3f6b0f00
3f697000
3f697000
3f5e1700
3f5c7800
3f5c7800
3f511f00
3f4f8000
3f4f8000
3f442700
3f48d000
3f48d000
3f431200
3f424000
3f424000
3f3c8200
3f3bb000
3f3bb000
3f35f200
3f352000
3f352000
3f2f6200
3f2e9000
3f2e9000
3f28d200
3f280000
3f280000
3f224200
3f217000
3f217000
3f1bb200
3f1ae000
3f1ae000
3f152200
3f9ad080
3f9ad080
3f952400
3f945480
3f945480
3f8ea800
3f8dd880
3f8dd880
3f882c00
3f875c80
3f875c80
3f81b000
3f80e080
3f80e080
3f766800
3f74c900
3f74c900
3f697000
3f67d100
3f67d100
3f5c7800
3f5ad900
3f5ad900
3f4f8000
3f50da00
3f50da00
3f4b1c00
3f4a4a00
3f4a4a00
3f448c00
3f43ba00
3f43ba00
3f3dfc00
3f3d2a00
3f3d2a00
3f376c00
3f369a00
3f369a00
3f30dc00
3f300a00
3f300a00
3f2a4c00
3f297a00
3f297a00
3f23bc00
3f22ea00
3f22ea00
3f1d2c00
3f9ba000
3f9ba000
3f95f380
3f952400
3f952400
3f8f7780
3f8ea800
3f8ea800
3f88fb80
3f882c00
3f882c00
3f827f80
3f81b000
3f81b000
3f780700
3f766800
3f766800
3f6b0f00
3f697000
3f697000
3f5e1700
3f5c7800
3f5c7800
3f511f00
3f520000
3f520000
3f4c4200
3f4b7000
3f4b7000
3f45b200
3f44e000
3f44e000
3f3f2200
3f3e5000
3f3e5000
3f389200
3f37c000
3f37c000
3f320200
3f313000
3f313000
3f2b7200
3f2aa000
3f2aa000
3f24e200
3f241000
3f241000
3f1e5200
3f9ba000
3f9ba000
3f95f380
3f952400
3f952400
3f8f7780
3f8ea800
3f8ea800
3f88fb80
3f882c00
3f882c00
3f827f80
3f81b000
3f81b000
3f780700
3f766800
3f766800
3f6b0f00
3f697000
3f697000
3f5e1700
3f5c7800
3f5c7800
3f511f00
3f520000
3f520000
3f4c4200
3f4b7000
3f4b7000
3f45b200
3f44e000
3f44e000
3f3f2200
3f3e5000
3f3e5000
3f389200
3f37c000
3f37c000
3f320200
3f313000
3f313000
3f2b7200
3f2aa000
3f2aa000
3f24e200
3f241000
3f241000
3f1e5200
3fa14c80
3fa14c80
3f9ba000
3f9ad080
3f9ad080
3f952400
3f945480
3f945480
3f8ea800
3f8dd880
3f8dd880
3f882c00
3f875c80
3f875c80
3f81b000
3f80e080
3f80e080
3f766800
3f74c900
3f74c900
3f697000
3f67d100
3f67d100
3f5c7800
3f5a0a00
3f5a0a00
3f544c00
3f537a00
3f537a00
3f4dbc00
3f4cea00
3f4cea00
3f472c00
3f465a00
3f465a00
3f409c00
3f3fca00
3f3fca00
3f3a0c00
3f393a00
3f393a00
3f337c00
3f32aa00
3f32aa00
3f2cec00
3f2c1a00
3f2c1a00
3f265c00
3fa21c00
3fa21c00
3f9c6f80
3f9ba000
3f9ba000
3f95f380
3f952400
3f952400
3f8f7780
3f8ea800
3f8ea800
3f88fb80
3f882c00
3f882c00
3f827f80
3f81b000
3f81b000
3f780700
3f766800
3f766800
3f6b0f00
3f697000
3f697000
3f5e1700
3f5b3000
3f5b3000
3f557200
3f54a000
3f54a000
3f4ee200
3f4e1000
3f4e1000
3f485200
3f478000
3f478000
3f41c200
3f40f000
3f40f000
3f3b3200
3f3a6000
3f3a6000
3f34a200
3f33d000
3f33d000
3f2e1200
3f2d4000
3f2d4000
3f278200
3fa21c00
3fa21c00
3f9c6f80
3f9ba000
3f9ba000
3f95f380
3f952400
3f952400
3f8f7780
3f8ea800
3f8ea800
3f88fb80
3f882c00
3f882c00
3f827f80
3f81b000
3f81b000
3f780700
3f766800
3f766800
3f6b0f00
3f697000
3f697000
3f5e1700
3f5b3000
3f5b3000
3f557200
3f54a000
3f54a000
3f4ee200
3f4e1000
3f4e1000
3f485200
3f478000
3f478000
3f41c200
3f40f000
3f40f000
3f3b3200
3f3a6000
3f3a6000
3f34a200
3f33d000
3f33d000
3f2e1200
3f2d4000
3f2d4000
3f278200
3fa7c880
3fa7c880
3fa21c00
3fa14c80
3fa14c80
3f9ba000
3f9ad080
3f9ad080
3f952400
3f945480
3f945480
3f8ea800
3f8dd880
3f8dd880
3f882c00
3f875c80
3f875c80
3f81b000
3f80e080
3f80e080
3f766800
3f74c900
3f74c900
3f697000
3f633a00
3f633a00
3f5d7c00
3f5caa00
3f5caa00
3f56ec00
3f561a00
3f561a00
3f505c00
3f4f8a00
3f4f8a00
3f49cc00
3f48fa00
3f48fa00
3f433c00
3f426a00
3f426a00
3f3cac00
3f3bda00
3f3bda00
3f361c00
3f354a00
3f354a00
3f2f8c00
3fa89800
3fa89800
3fa2eb80
3fa21c00
3fa21c00
3f9c6f80
3f9ba000
3f9ba000
3f95f380
3f952400
3f952400
3f8f7780
3f8ea800
3f8ea800
3f88fb80
3f882c00
3f882c00
3f827f80
3f81b000
3f81b000
3f780700
3f766800
3f766800
3f6b0f00
3f646000
3f646000
3f5ea200
3f5dd000
3f5dd000
3f581200
3f574000
3f574000
3f518200
3f50b000
3f50b000
3f4af200
3f4a2000
3f4a2000
3f446200
3f439000
3f439000
3f3dd200
3f3d0000
3f3d0000
3f374200
3f367000
3f367000
3f30b200
3fa89800
3fa89800
3fa2eb80
3fa21c00
3fa21c00
3f9c6f80
3f9ba000
3f9ba000
3f95f380
3f952400
3f952400
3f8f7780
3f8ea800
3f8ea800
3f88fb80
3f882c00
3f882c00
3f827f80
3f81b000
3f81b000
3f780700
3f766800
3f766800
3f6b0f00
3f646000
3f646000
3f5ea200
3f5dd000
3f5dd000
3f581200
3f574000
3f574000
3f518200
3f50b000
3f50b000
3f4af200
3f4a2000
3f4a2000
3f446200
3f439000
3f439000
3f3dd200
3f3d0000
3f3d0000
3f374200
3f367000
3f367000
3f30b200
3fae4480
3fae4480
3fa89800
3fa7c880
3fa7c880
3fa21c00
3fa14c80
3fa14c80
3f9ba000
3f9ad080
3f9ad080
3f952400
3f945480
3f945480
3f8ea800
3f8dd880
3f8dd880
3f882c00
3f875c80
3f875c80
3f81b000
3f80e080
3f80e080
3f766800
3f6c6a00
3f6c6a00
3f66ac00
3f65da00
3f65da00
3f601c00
3f5f4a00
3f5f4a00
3f598c00
3f58ba00
3f58ba00
3f52fc00
3f522a00
3f522a00
3f4c6c00
3f4b9a00
3f4b9a00
3f45dc00
3f450a00
3f450a00
3f3f4c00
3f3e7a00
3f3e7a00
3f38bc00
3faf1400
3faf1400
3fa96780
3fa89800
3fa89800
3fa2eb80
3fa21c00
3fa21c00
3f9c6f80
3f9ba000
3f9ba000
3f95f380
3f952400
3f952400
3f8f7780
3f8ea800
3f8ea800
3f88fb80
3f882c00
3f882c00
3f827f80
3f81b000
3f81b000
3f780700
3f6d9000
3f6d9000
3f67d200
3f670000
3f670000
3f614200
3f607000
3f607000
3f5ab200
3f59e000
3f59e000
3f542200
3f535000
3f535000
3f4d9200
3f4cc000
3f4cc000
3f470200
3f463000
3f463000
3f407200
3f3fa000
3f3fa000
3f39e200
3faf1400
3faf1400
3fa96780
3fa89800
3fa89800
3fa2eb80
3fa21c00
3fa21c00
3f9c6f80
3f9ba000
3f9ba000
3f95f380
3f952400
3f952400
3f8f7780
3f8ea800
3f8ea800
3f88fb80
3f882c00
3f882c00
3f827f80
3f81b000
3f81b000
3f780700
3f6d9000
3f6d9000
3f67d200
3f670000
3f670000
3f614200
3f607000
3f607000
3f5ab200
3f59e000
3f59e000
3f542200
3f535000
3f535000
3f4d9200
3f4cc000
3f4cc000
3f470200
3f463000
3f463000
3f407200
3f3fa000
3f3fa000
3f39e200
3fb4c080
3fb4c080
3faf1400
3fae4480
3fae4480
3fa89800
3fa7c880
3fa7c880
3fa21c00
3fa14c80
3fa14c80
3f9ba000
3f9ad080
3f9ad080
3f952400
3f945480
3f945480
3f8ea800
3f8dd880
3f8dd880
3f882c00
3f875c80
3f875c80
3f81b000
3f759a00
3f759a00
3f6fdc00
3f6f0a00
3f6f0a00
3f694c00
3f687a00
3f687a00
3f62bc00
3f61ea00
3f61ea00
3f5c2c00
3f5b5a00
3f5b5a00
3f559c00
3f54ca00
3f54ca00
3f4f0c00
3f4e3a00
3f4e3a00
3f487c00
3f47aa00
3f47aa00
3f41ec00
3fbff000
3fbff000
3fb7fe80
3fb6dc00
3fb6dc00
3faeea80
3fadc800
3fadc800
3fa5d680
3fa4b400
3fa4b400
3f9cc280
3f9ba000
3f9ba000
3f93ae80
3f928c00
3f928c00
3f8a9a80
3f897800
3f897800
3f818680
3f806400
3f806400
3f70e500
3f80a000
3f80a000
3f793600
3f781000
3f781000
3f700600
3f6ee000
3f6ee000
3f66d600
3f65b000
3f65b000
3f5da600
3f5c8000
3f5c8000
3f547600
3f535000
3f535000
3f4b4600
3f4a2000
3f4a2000
3f421600
3f40f000
3f40f000
3f38e600
3fbff000
3fbff000
3fb7fe80
3fb6dc00
3fb6dc00
3faeea80
3fadc800
3fadc800
3fa5d680
3fa4b400
3fa4b400
3f9cc280
3f9ba000
3f9ba000
3f93ae80
3f928c00
3f928c00
3f8a9a80
3f897800
3f897800
3f818680
3f806400
3f806400
3f70e500
3f80a000
3f80a000
3f793600
3f781000
3f781000
3f700600
3f6ee000
3f6ee000
3f66d600
3f65b000
3f65b000
3f5da600
3f5c8000
3f5c8000
3f547600
3f535000
3f535000
3f4b4600
3f4a2000
3f4a2000
3f421600
3f40f000
3f40f000
3f38e600
3fc59c80
3fc59c80
3fbdab00
3fbc8880
3fbc8880
3fb49700
3fb37480
3fb37480
3fab8300
3faa6080
3faa6080
3fa26f00
3fa14c80
3fa14c80
3f995b00
3f983880
3f983880
3f904700
3f8f2480
3f8f2480
3f873300
3f861080
3f861080
3f7c3e00
3f84a500
3f84a500
3f80a000
3f800d00
3f800d00
3f781000
3f76ea00
3f76ea00
3f6ee000
3f6dba00
3f6dba00
3f65b000
3f648a00
3f648a00
3f5c8000
3f5b5a00
3f5b5a00
3f535000
3f522a00
3f522a00
3f4a2000
3f48fa00
3f48fa00
3f40f000
3fc66c00
3fc66c00
3fbe7a80
3fbd5800
3fbd5800
3fb56680
3fb44400
3fb44400
3fac5280
3fab3000
3fab3000
3fa33e80
3fa21c00
3fa21c00
3f9a2a80
3f990800
3f990800
3f911680
3f8ff400
3f8ff400
3f880280
3f86e000
3f86e000
3f7ddd00
3f853800
3f853800
3f813300
3f80a000
3f80a000
3f793600
3f781000
3f781000
3f700600
3f6ee000
3f6ee000
3f66d600
3f65b000
3f65b000
3f5da600
3f5c8000
3f5c8000
3f547600
3f535000
3f535000
3f4b4600
3f4a2000
3f4a2000
3f421600
3fc66c00
3fc66c00
3fbe7a80
3fbd5800
3fbd5800
3fb56680
3fb44400
3fb44400
3fac5280
3fab3000
3fab3000
3fa33e80
3fa21c00
3fa21c00
3f9a2a80
3f990800
3f990800
3f911680
3f8ff400
3f8ff400
3f880280
3f86e000
3f86e000
3f7ddd00
3f853800
3f853800
3f813300
3f80a000
3f80a000
3f793600
3f781000
3f781000
3f700600
3f6ee000
3f6ee000
3f66d600
3f65b000
3f65b000
3f5da600
3f5c8000
3f5c8000
3f547600
3f535000
3f535000
3f4b4600
3f4a2000
3f4a2000
3f421600
3fcc1880
3fcc1880
3fc42700
3fc30480
3fc30480
3fbb1300
3fb9f080
3fb9f080
3fb1ff00
3fb0dc80
3fb0dc80
3fa8eb00
3fa7c880
3fa7c880
3f9fd700
3f9eb480
3f9eb480
3f96c300
3f95a080
3f95a080
3f8daf00
3f8c8c80
3f8c8c80
3f849b00
3f893d00
3f893d00
3f853800
3f84a500
3f84a500
3f80a000
3f800d00
3f800d00
3f781000
3f76ea00
3f76ea00
3f6ee000
3f6dba00
3f6dba00
3f65b000
3f648a00
3f648a00
3f5c8000
3f5b5a00
3f5b5a00
3f535000
3f522a00
3f522a00
3f4a2000
3fcce800
3fcce800
3fc4f680
3fc3d400
3fc3d400
3fbbe280
3fbac000
3fbac000
3fb2ce80
3fb1ac00
3fb1ac00
3fa9ba80
3fa89800
3fa89800
3fa0a680
3f9f8400
3f9f8400
3f979280
3f967000
3f967000
3f8e7e80
3f8d5c00
3f8d5c00
3f856a80
3f89d000
3f89d000
3f85cb00
3f853800
3f853800
3f813300
3f80a000
3f80a000
3f793600
3f781000
3f781000
3f700600
3f6ee000
3f6ee000
3f66d600
3f65b000
3f65b000
3f5da600
3f5c8000
3f5c8000
3f547600
3f535000
3f535000
3f4b4600
3fcce800
3fcce800
3fc4f680
3fc3d400
3fc3d400
3fbbe280
3fbac000
3fbac000
3fb2ce80
3fb1ac00
3fb1ac00
3fa9ba80
3fa89800
3fa89800
3fa0a680
3f9f8400
3f9f8400
3f979280
3f967000
3f967000
3f8e7e80
3f8d5c00
3f8d5c00
3f856a80
3f89d000
3f89d000
3f85cb00
3f853800
3f853800
3f813300
3f80a000
3f80a000
3f793600
3f781000
3f781000
3f700600
3f6ee000
3f6ee000
3f66d600
3f65b000
3f65b000
3f5da600
3f5c8000
3f5c8000
3f547600
3f535000
3f535000
3f4b4600
3fd29480
3fd29480
3fcaa300
3fc98080
3fc98080
3fc18f00
3fc06c80
3fc06c80
3fb87b00
3fb75880
3fb75880
3faf6700
3fae4480
3fae4480
3fa65300
3fa53080
3fa53080
3f9d3f00
3f9c1c80
3f9c1c80
3f942b00
3f930880
3f930880
3f8b1700
3f8dd500
3f8dd500
3f89d000
3f893d00
3f893d00
3f853800
3f84a500
3f84a500
3f80a000
3f800d00
3f800d00
3f781000
3f76ea00
3f76ea00
3f6ee000
3f6dba00
3f6dba00
3f65b000
3f648a00
3f648a00
3f5c8000
3f5b5a00
3f5b5a00
3f535000
3fd36400
3fd36400
3fcb7280
3fca5000
3fca5000
3fc25e80
3fc13c00
3fc13c00
3fb94a80
3fb82800
3fb82800
3fb03680
3faf1400
3faf1400
3fa72280
3fa60000
3fa60000
3f9e0e80
3f9cec00
3f9cec00
3f94fa80
3f93d800
3f93d800
3f8be680
3f8e6800
3f8e6800
3f8a6300
3f89d000
3f89d000
3f85cb00
3f853800
3f853800
3f813300
3f80a000
3f80a000
3f793600
3f781000
3f781000
3f700600
3f6ee000
3f6ee000
3f66d600
3f65b000
3f65b000
3f5da600
3f5c8000
3f5c8000
3f547600
3fd36400
3fd36400
3fcb7280
3fca5000
3fca5000
3fc25e80
3fc13c00
3fc13c00
3fb94a80
3fb82800
3fb82800
3fb03680
3faf1400
3faf1400
3fa72280
3fa60000
3fa60000
3f9e0e80
3f9cec00
3f9cec00
3f94fa80
3f93d800
3f93d800
3f8be680
3f8e6800
3f8e6800
3f8a6300
3f89d000
3f89d000
3f85cb00
3f853800
3f853800
3f813300
3f80a000
3f80a000
3f793600
3f781000
3f781000
3f700600
3f6ee000
3f6ee000
3f66d600
3f65b000
3f65b000
3f5da600
3f5c8000
3f5c8000
3f547600
3fd91080
3fd91080
3fd11f00
3fcffc80
3fcffc80
3fc80b00
3fc6e880
3fc6e880
3fbef700
3fbdd480
3fbdd480
3fb5e300
3fb4c080
3fb4c080
3faccf00
3fabac80
3fabac80
3fa3bb00
3fa29880
3fa29880
3f9aa700
3f998480
3f998480
3f919300
3f926d00
3f926d00
3f8e6800
3f8dd500
3f8dd500
3f89d000
3f893d00
3f893d00
3f853800
3f84a500
3f84a500
3f80a000
3f800d00
3f800d00
3f781000
3f76ea00
3f76ea00
3f6ee000
3f6dba00
3f6dba00
3f65b000
3f648a00
3f648a00
3f5c8000
3fd9e000
3fd9e000
3fd1ee80
3fd0cc00
3fd0cc00
3fc8da80
3fc7b800
3fc7b800
3fbfc680
3fbea400
3fbea400
3fb6b280
3fb59000
3fb59000
3fad9e80
3fac7c00
3fac7c00
3fa48a80
3fa36800
3fa36800
3f9b7680
3f9a5400
3f9a5400
3f926280
3f930000
3f930000
3f8efb00
3f8e6800
3f8e6800
3f8a6300
3f89d000
3f89d000
3f85cb00
3f853800
3f853800
3f813300
3f80a000
3f80a000
3f793600
3f781000
3f781000
3f700600
3f6ee000
3f6ee000
3f66d600
3f65b000
3f65b000
3f5da600
3fd9e000
3fd9e000
3fd1ee80
3fd0cc00
3fd0cc00
3fc8da80
3fc7b800
3fc7b800
3fbfc680
3fbea400
3fbea400
3fb6b280
3fb59000
3fb59000
3fad9e80
3fac7c00
3fac7c00
3fa48a80
3fa36800
3fa36800
3f9b7680
3f9a5400
3f9a5400
3f926280
3f930000
3f930000
3f8efb00
3f8e6800
3f8e6800
3f8a6300
3f89d000
3f89d000
3f85cb00
3f853800
3f853800
3f813300
3f80a000
3f80a000
3f793600
3f781000
3f781000
3f700600
3f6ee000
3f6ee000
3f66d600
3f65b000
3f65b000
3f5da600
3fdf8c80
3fdf8c80
3fd79b00
3fd67880
3fd67880
3fce8700
3fcd6480
3fcd6480
3fc57300
3fc45080
3fc45080
3fbc5f00
3fbb3c80
3fbb3c80
3fb34b00
3fb22880
3fb22880
3faa3700
3fa91480
3fa91480
3fa12300
3fa00080
3fa00080
3f980f00
3f970500
3f970500
3f930000
3f926d00
3f926d00
3f8e6800
3f8dd500
3f8dd500
3f89d000
3f893d00
3f893d00
3f853800
3f84a500
3f84a500
3f80a000
3f800d00
3f800d00
3f781000
3f76ea00
3f76ea00
3f6ee000
3f6dba00
3f6dba00
3f65b000
3fe05c00
3fe05c00
3fd86a80
3fd74800
3fd74800
3fcf5680
3fce3400
3fce3400
3fc64280
3fc52000
3fc52000
3fbd2e80
3fbc0c00
3fbc0c00
3fb41a80
3fb2f800
3fb2f800
3fab0680
3fa9e400
3fa9e400
3fa1f280
3fa0d000
3fa0d000
3f98de80
3f979800
3f979800
3f939300
3f930000
3f930000
3f8efb00
3f8e6800
3f8e6800
3f8a6300
3f89d000
3f89d000
3f85cb00
3f853800
3f853800
3f813300
3f80a000
3f80a000
3f793600
3f781000
3f781000
3f700600
3f6ee000
3f6ee000
3f66d600
3fe05c00
3fe05c00
3fd86a80
3fd74800
3fd74800
3fcf5680
3fce3400
3fce3400
3fc64280
3fc52000
3fc52000
3fbd2e80
3fbc0c00
3fbc0c00
3fb41a80
3fb2f800
3fb2f800
3fab0680
3fa9e400
3fa9e400
3fa1f280
3fa0d000
3fa0d000
3f98de80
3f979800
3f979800
3f939300
3f930000
3f930000
3f8efb00
3f8e6800
3f8e6800
3f8a6300
3f89d000
3f89d000
3f85cb00
3f853800
3f853800
3f813300
3f80a000
3f80a000
3f793600
3f781000
3f781000
3f700600
3f6ee000
3f6ee000
3f66d600
3fe60880
3fe60880
3fde1700
3fdcf480
3fdcf480
3fd50300
3fd3e080
3fd3e080
3fcbef00
3fcacc80
3fcacc80
3fc2db00
3fc1b880
3fc1b880
3fb9c700
3fb8a480
3fb8a480
3fb0b300
3faf9080
3faf9080
3fa79f00
3fa67c80
3fa67c80
3f9e8b00
3f9b9d00
3f9b9d00
3f979800
3f970500
3f970500
3f930000
3f926d00
3f926d00
3f8e6800
3f8dd500
3f8dd500
3f89d000
3f893d00
3f893d00
3f853800
3f84a500
3f84a500
3f80a000
3f800d00
3f800d00
3f781000
3f76ea00
3f76ea00
3f6ee000
3fe6d800
3fe6d800
3fdee680
3fddc400
3fddc400
3fd5d280
3fd4b000
3fd4b000
3fccbe80
3fcb9c00
3fcb9c00
3fc3aa80
3fc28800
3fc28800
3fba9680
3fb97400
3fb97400
3fb18280
3fb06000
3fb06000
3fa86e80
3fa74c00
3fa74c00
3f9f5a80
3f9c3000
3f9c3000
3f982b00
3f979800
3f979800
3f939300
3f930000
3f930000
3f8efb00
3f8e6800
3f8e6800
3f8a6300
3f89d000
3f89d000
3f85cb00
3f853800
3f853800
3f813300
3f80a000
3f80a000
3f793600
3f781000
3f781000
3f700600
3fe6d800
3fe6d800
3fdee680
3fddc400
3fddc400
3fd5d280
3fd4b000
3fd4b000
3fccbe80
3fcb9c00
3fcb9c00
3fc3aa80
3fc28800
3fc28800
3fba9680
3fb97400
3fb97400
3fb18280
3fb06000
3fb06000
3fa86e80
3fa74c00
3fa74c00
3f9f5a80
3f9c3000
3f9c3000
3f982b00
3f979800
3f979800
3f939300
3f930000
3f930000
3f8efb00
3f8e6800
3f8e6800
3f8a6300
3f89d000
3f89d000
3f85cb00
3f853800
3f853800
3f813300
3f80a000
3f80a000
3f793600
3f781000
3f781000
3f700600
3fec8480
3fec8480
3fe49300
3fe37080
3fe37080
3fdb7f00
3fda5c80
3fda5c80
3fd26b00
3fd14880
3fd14880
3fc95700
3fc83480
3fc83480
3fc04300
3fbf2080
3fbf2080
3fb72f00
3fb60c80
3fb60c80
3fae1b00
3facf880
3facf880
3fa50700
3fa03500
3fa03500
3f9c3000
3f9b9d00
3f9b9d00
3f979800
3f970500
3f970500
3f930000
3f926d00
3f926d00
3f8e6800
3f8dd500
3f8dd500
3f89d000
3f893d00
3f893d00
3f853800
3f84a500
3f84a500
3f80a000
3f800d00
3f800d00
3f781000
3fed5400
3fed5400
3fe56280
3fe44000
3fe44000
3fdc4e80
3fdb2c00
3fdb2c00
3fd33a80
3fd21800
3fd21800
3fca2680
3fc90400
3fc90400
3fc11280
3fbff000
3fbff000
3fb7fe80
3fb6dc00
3fb6dc00
3faeea80
3fadc800
3fadc800
3fa5d680
3fa0c800
3fa0c800
3f9cc300
3f9c3000
3f9c3000
3f982b00
3f979800
3f979800
3f939300
3f930000
3f930000
3f8efb00
3f8e6800
3f8e6800
3f8a6300
3f89d000
3f89d000
3f85cb00
3f853800
3f853800
3f813300
3f80a000
3f80a000
3f793600
3fed5400
3fed5400
3fe56280
3fe44000
3fe44000
3fdc4e80
3fdb2c00
3fdb2c00
3fd33a80
3fd21800
3fd21800
3fca2680
3fc90400
3fc90400
3fc11280
3fbff000
3fbff000
3fb7fe80
3fb6dc00
3fb6dc00
3faeea80
3fadc800
3fadc800
3fa5d680
3fa0c800
3fa0c800
3f9cc300
3f9c3000
3f9c3000
3f982b00
3f979800
3f979800
3f939300
3f930000
3f930000
3f8efb00
3f8e6800
3f8e6800
3f8a6300
3f89d000
3f89d000
3f85cb00
3f853800
3f853800
3f813300
3f80a000
3f80a000
3f793600
3ff30080
3ff30080
3feb0f00
3fe9ec80
3fe9ec80
3fe1fb00
3fe0d880
3fe0d880
3fd8e700
3fd7c480
3fd7c480
3fcfd300
3fceb080
3fceb080
3fc6bf00
3fc59c80
3fc59c80
3fbdab00
3fbc8880
3fbc8880
3fb49700
3fb37480
3fb37480
3fab8300
3fa4cd00
3fa4cd00
3fa0c800
3fa03500
3fa03500
3f9c3000
3f9b9d00
3f9b9d00
3f979800
3f970500
3f970500
3f930000
3f926d00
3f926d00
3f8e6800
3f8dd500
3f8dd500
3f89d000
3f893d00
3f893d00
3f853800
3f84a500
3f84a500
3f80a000
3f81b000
3f81b000
3f81b000
3f81b000
3f81b000
3f81b000
3f81b000
3f81b000
3f81b000
3f81b000
3f81b000
3f81b000
3f81b000
3f81b000
3f81b000
3f81b000
3f81b000
3f81b000
3f81b000
3f81b000
3f81b000
3f81b000
3f81b000
3f81b000
3f81b000
3f81b000
3f81b000
3f81b000
3f81b000
3f81b000
3f81b000
3f81b000
3f81b000
3f81b000
3f81b000
3f81b000
3f81b000
3f81b000
3f81b000
3f81b000
3f81b000
3f81b000
3f81b000
3f81b000
3f81b000
3f81b000
3f81b000
3f81b000
3f81b000
3f81b000
3f81b000
3f81b000
3f81b000
3f81b000
3f81b000
3f81b000
3f81b000
3f81b000
3f81b000
3f81b000
3f81b000
3f81b000
3f81b000
3f81b000
3f81b000
3f81b000
3f81b000
3f81b000
3f81b000
3f81b000
3f81b000
3f81b000
3f81b000
3f81b000
3f81b000
3f81b000
3f81b000
3f81b000
3f81b000
3f81b000
3f81b000
3f81b000
3f81b000
3f81b000
3f81b000
3f81b000
3f81b000
3f81b000
3f81b000
3f81b000
3f81b000
3f81b000
3f81b000
3f81b000
3f81b000
3f81b000
3f81b000
3f81b000
3f81b000
3f81b000
3f81b000
3f81b000
3f81b000
3f81b000
3f81b000
3f81b000
3f81b000
3f81b000
3f81b000
3f81b000
3f81b000
3f81b000
3f81b000
3f81b000
3f81b000
3f81b000
3f81b000
3f81b000
3f81b000
3f81b000
3f81b000
3f81b000
3f81b000
3f81b000
3f81b000
3f81b000
3f81b000
3f81b000
3f81b000
3f81b000
3f81b000
3f81b000
3f81b000
3f81b000
3f81b000
3f81b000
3f81b000
3f81b000
3f81b000
3f81b000
3f81b000
3f81b000
3f81b000
3f81b000
3f81b000
3f81b000
3f81b000
3f81b000
3f81b000
3f81b000
3f81b000
3f81b000
3f81b000
3f81b000
3f81b000
3f81b000
3f81b000
3f81b000
3f81b000
3f81b000
3f81b000
3f81b000
3f81b000
3f81b000
3f81b000
3f81b000
3f81b000
3f81b000
3f81b000
3f81b000
3f81b000
3f81b000
3f81b000
3f81b000
3f81b000
3f81b000
3f81b000
3f81b000
3f81b000
3f81b000
3f81b000
3f81b000
3f81b000
3f81b000
3f81b000
3f81b000
3f81b000
3f81b000
3f81b000
3f81b000
3f81b000
3f81b000
3f81b000
3f81b000
3f81b000
3f81b000
3f81b000
3f81b000
3f81b000
3f81b000
3f81b000
3f81b000
3f81b000
3f81b000
3f81b000
3f81b000
3f81b000
3f81b000
3f81b000
3f81b000
3f81b000
3f81b000
3f81b000
3f81b000
3f81b000
3f81b000
3f81b000
3f81b000
3f81b000
3f81b000
3f81b000
3f81b000
3f81b000
3f81b000
3f81b000
3f81b000
3f81b000
3f81b000
3f81b000
3f81b000
3f81b000
3f81b000
3f81b000
3f81b000
3f81b000
3f81b000
3f81b000
3f81b000
3f81b000
3f81b000
3f81b000
3f81b000
3f81b000
3f81b000
3f81b000
3f81b000
3f81b000
3f81b000
3f81b000
3f81b000
3f81b000
3f81b000
3f81b000
3f81b000
3f81b000
3f81b000
3f81b000
3f81b000
3f81b000
3f81b000
3f81b000
3f81b000
3f81b000
3f81b000
3f81b000
3f81b000
3f81b000
3f81b000
3f81b000
3f81b000
3f81b000
3f81b000
3f81b000
3f81b000
3f81b000
3f81b000
3f81b000
3f81b000
3f81b000
3f81b000
3f81b000
3f81b000
3f81b000
3f81b000
3f81b000
3f81b000
3f81b000
3f81b000
3f81b000
3f81b000
3f81b000
3f81b000
3f81b000
3f81b000
3f81b000
3f81b000
3f81b000
3f81b000
3f81b000
3f81b000
3f81b000
3f81b000
3f81b000
3f81b000
3f81b000
3f81b000
3f81b000
3f81b000
3f81b000
3f81b000
3f81b000
3f81b000
3f81b000
3f81b000
3f81b000
3f81b000
3f81b000
3f81b000
3f81b000
3f81b000
3f81b000
3f81b000
3f81b000
3f81b000
3f81b000
3f81b000
3f81b000
3f81b000
3f81b000
3f81b000
3f81b000
3f81b000
3f81b000
3f81b000
3f81b000
3f81b000
3f81b000
3f81b000
3f81b000
3f81b000
3f81b000
3f81b000
3f81b000
3f81b000
3f81b000
3f81b000
3f81b000
3f81b000
3f81b000
3f81b000
3f81b000
3f81b000
3f81b000
3f81b000
3f81b000
3f81b000
3f81b000
3f81b000
3f81b000
3f81b000
3f81b000
3f81b000
3f81b000
3f81b000
3f81b000
3f81b000
3f81b000
3f81b000
3f81b000
3f81b000
3f81b000
3f81b000
3f81b000
3f81b000
3f81b000
3f81b000
3f81b000
3f81b000
3f81b000
3f81b000
3f81b000
3f81b000
3f81b000
3f81b000
3f81b000
3f81b000
3f81b000
3f81b000
3f81b000
3f81b000
3f81b000
3f81b000
3f81b000
3f81b000
3f81b000
3f81b000
3f81b000
3f81b000
3f81b000
3f81b000
3f81b000
3f81b000
3f81b000
3f81b000
3f81b000
3f81b000
3f81b000
3f81b000
3f81b000
3f81b000
3f81b000
3f81b000
3f81b000
3f81b000
3f81b000
3f81b000
3f81b000
3f81b000
3f81b000
3f81b000
3f81b000
3f81b000
3f81b000
3f81b000
3f81b000
3f81b000
3f81b000
3f81b000
3f81b000
3f81b000
3f81b000
3f81b000
3f81b000
3f81b000
3f81b000
3f81b000
3f81b000
3f81b000
3f81b000
3f81b000
3f81b000
3f81b000
3f81b000
3f81b000
3f81b000
3f81b000
3f81b000
3f81b000
3f81b000
3f81b000
3f81b000
3f81b000
3f81b000
3f81b000
3f81b000
3f81b000
3f81b000
3f81b000
3f81b000
3f81b000
3f81b000
3f81b000
3f81b000
3f81b000
3f81b000
3f81b000
3f81b000
3f81b000
3f81b000
3f81b000
3f81b000
3f81b000
3f81b000
3f81b000
3f81b000
3f81b000
3f81b000
3f81b000
3f81b000
3f81b000
3f81b000
3f81b000
3f81b000
3f81b000
3f81b000
3f81b000
3f81b000
3f81b000
3f81b000
3f81b000
3f81b000
3f81b000
3f81b000
3f81b000
3f81b000
3f81b000
3f81b000
3f81b000
3f81b000
3f81b000
3f81b000
3f81b000
3f81b000
3f81b000
3f81b000
3f81b000
3f81b000
3f81b000
3f81b000
3f81b000
3f81b000
3f81b000
3f81b000
3f81b000
3f81b000
3f81b000
3f81b000
3f81b000
3f81b000
3f81b000
3f81b000
3f81b000
3f81b000
3f81b000
3f81b000
3f81b000
3f81b000
3f81b000
3f81b000
3f81b000
3f81b000
3f81b000
3f81b000
3f81b000
3f81b000
3f81b000
3f81b000
3f81b000
3f81b000
3f81b000
3f81b000
3f81b000
3f81b000
3f81b000
3f81b000
3f81b000
3f81b000
3f81b000
3f81b000
3f81b000
3f81b000
3f81b000
3f81b000
3f81b000
3f81b000
3f81b000
3f81b000
3f81b000
3f81b000
3f81b000
3f81b000
3f81b000
3f81b000
3f81b000
3f81b000
3f81b000
3f81b000
3f81b000
3f81b000
3f81b000
3f81b000
3f81b000
3f81b000
3f81b000
3f81b000
3f81b000
3f81b000
3f81b000
3f81b000
3f81b000
3f81b000
3f81b000
3f81b000
3f81b000
3f81b000
3f81b000
3f81b000
3f81b000
3f81b000
3f81b000
3f81b000
3f81b000
3f81b000
3f81b000
3f81b000
3f81b000
3f81b000
3f81b000
3f81b000
3f81b000
3f81b000
3f81b000
3f81b000
3f81b000
3f81b000
3f81b000
3f81b000
3f81b000
3f81b000
3f81b000
3f81b000
3f81b000
3f81b000
3f81b000
3f81b000
3f81b000
3f81b000
3f81b000
3f81b000
3f81b000
3f81b000
3f81b000
3f81b000
3f81b000
3f81b000
3f81b000
3f81b000
3f81b000
3f81b000
3f81b000
3f81b000
3f81b000
3f81b000
3f81b000
3f81b000
3f81b000
3f81b000
3f81b000
3f81b000
3f81b000
3f81b000
3f81b000
3f81b000
3f81b000
3f81b000
3f81b000
3f81b000
3f81b000
3f81b000
3f81b000
3f81b000
3f81b000
3f81b000
3f81b000
3f81b000
3f81b000
3f81b000
3f81b000
3f81b000
3f81b000
3f81b000
3f81b000
3f81b000
3f81b000
3f81b000
3f81b000
3f81b000
3f81b000
3f81b000
3f81b000
3f81b000
3f81b000
3f81b000
3f81b000
3f81b000
3f81b000
3f81b000
3f81b000
3f81b000
3f81b000
3f81b000
3f81b000
3f81b000
3f81b000
3f81b000
3f81b000
3f81b000
3f81b000
3f81b000
3f81b000
3f81b000
3f81b000
3f81b000
3f81b000
3f81b000
3f81b000
3f81b000
3f81b000
3f81b000
3f81b000
3f81b000
3f81b000
3f81b000
3f81b000
3f81b000
3f81b000
3f81b000
3f81b000
3f81b000
3f81b000
3f81b000
3f81b000
3f81b000
3f81b000
3f81b000
3f81b000
3f81b000
3f81b000
3f81b000
3f81b000
3f81b000
3f81b000
3f81b000
3f81b000
3f81b000
3f81b000
3f81b000
3f81b000
3f81b000
3f81b000
3f81b000
3f81b000
3f81b000
3f81b000
3f81b000
3f81b000
3f81b000
3f81b000
3f81b000
3f81b000
3f81b000
3f81b000
3f81b000
3f81b000
3f81b000
3f81b000
3f81b000
3f81b000
3f81b000
3f81b000
3f81b000
3f81b000
3f81b000
3f81b000
3f81b000
3f81b000
3f81b000
3f81b000
3f81b000
3f81b000
3f81b000
3f81b000
3f81b000
3f81b000
3f81b000
3f81b000
3f81b000
3f81b000
3f81b000
3f81b000
3f81b000
3f81b000
3f81b000
3f81b000
3f81b000
3f81b000
3f81b000
3f81b000
3f81b000
3f81b000
3f81b000
3f81b000
3f81b000
3f81b000
3f81b000
3f81b000
3f81b000
3f81b000
3f81b000
3f81b000
3f81b000
3f81b000
3f81b000
3f81b000
3f81b000
3f81b000
3f81b000
3f81b000
3f81b000
3f81b000
3f81b000
3f81b000
3f81b000
3f81b000
3f81b000
3f81b000
3f81b000
3f81b000
3f81b000
3f81b000
3f81b000
3f81b000
3f81b000
3f81b000
3f81b000
3f81b000
3f81b000
3f81b000
3f81b000
3f81b000
3f81b000
3f81b000
3f81b000
3f81b000
3f81b000
3f81b000
3f81b000
3f81b000
3f81b000
3f81b000
3f81b000
3f81b000
3f81b000
3f81b000
3f81b000
3f81b000
3f81b000
3f81b000
3f81b000
3f81b000
3f81b000
3f81b000
3f81b000
3f81b000
3f81b000
3f81b000
3f81b000
3f81b000
3f81b000
3f81b000
3f81b000
3f81b000
3f81b000
3f81b000
3f81b000
3f81b000
3f81b000
3f81b000
3f81b000
3f81b000
3f81b000
3f81b000
3f81b000
3f81b000
3f81b000
3f81b000
3f81b000
3f81b000
3f81b000
3f81b000
3f81b000
3f81b000
3f81b000
3f81b000
3f81b000
3f81b000
3f81b000
3f81b000
3f81b000
3f81b000
3f81b000
3f81b000
3f81b000
3f81b000
3f81b000
3f81b000
3f81b000
3f81b000
3f81b000
3f81b000
3f81b000
3f81b000
3f81b000
3f81b000
3f81b000
3f81b000
3f81b000
3f81b000
3f81b000
3f81b000
3f81b000
3f81b000
3f81b000
3f81b000
3f81b000
3f81b000
3f81b000
3f81b000
3f81b000
3f81b000
3f81b000
3f81b000
3f81b000
3f81b000
3f81b000
3f81b000
3f81b000
3f81b000
3f81b000
3f81b000
3f81b000
3f81b000
3f81b000
3f81b000
3f81b000
3f81b000
3f81b000
3f81b000
3f81b000
3f81b000
3f81b000
3f81b000
3f81b000
3f81b000
3f81b000
3f81b000
3f81b000
3f81b000
3f81b000
3f81b000
3f81b000
3f81b000
3f81b000
3f81b000
3f81b000
3f81b000
3f81b000
3f81b000
3f81b000
3f81b000
3f81b000
3f81b000
3f81b000
3f81b000
3f81b000
3f81b000
3f81b000
3f81b000
3f81b000
3f81b000
3f81b000
3f81b000
3f81b000
3f81b000
3f81b000
3f81b000
3f81b000
3f81b000
3f81b000
3f81b000
3f81b000
3f81b000
3f81b000
3f81b000
3f81b000
3f81b000
3f81b000
3f81b000
3f81b000
3f81b000
3f81b000
3f81b000
3f81b000
3f81b000
3f81b000
3f81b000
3f81b000
3f81b000
3f81b000
3f81b000
3f81b000
3f81b000
3f81b000
3f81b000
3f81b000
3f81b000
3f81b000
3f81b000
3f81b000
3f81b000
3f81b000
3f81b000
3f81b000
3f81b000
3f81b000
3f81b000
3f81b000
3f81b000
3f81b000
3f81b000
3f81b000
3f81b000
3f81b000
3f81b000
3f81b000
3f81b000
3f81b000
3f81b000
3f81b000
3f81b000
3f81b000
3f81b000
3f81b000
3f81b000
3f81b000
3f81b000
3f81b000
3f81b000
3f81b000
3f81b000
3f81b000
3f81b000
3f81b000
3f81b000
3f81b000
3f81b000
3f81b000
3f81b000
3f81b000
3f81b000
3f81b000
3f81b000
3f81b000
3f81b000
3f81b000
3f81b000
3f81b000
3f81b000
3f81b000
3f81b000
3f81b000
3f81b000
3f81b000
3f81b000
3f81b000
3f81b000
3f81b000
3f81b000
3f81b000
3f81b000
3f81b000
3f81b000
3f81b000
3f81b000
3f81b000
3f81b000
3f81b000
3f81b000
3f81b000
3f81b000
3f81b000
3f81b000
3f81b000
3f81b000
3f81b000
3f81b000
3f81b000
3f81b000
3f81b000
3f81b000
3f81b000
3f81b000
3f81b000
3f81b000
3f81b000
3f81b000
3f81b000
3f81b000
3f81b000
3f81b000
3f81b000
3f81b000
3f81b000
3f81b000
3f81b000
3f81b000
3f81b000
3f81b000
3f81b000
3f81b000
3f81b000
3f81b000
3f81b000
3f81b000
3f81b000
3f81b000
3f81b000
3f81b000
3f81b000
3f81b000
3f81b000
3f81b000
3f81b000
3f81b000
3f81b000
3f81b000
3f81b000
3f81b000
3f81b000
3f81b000
3f81b000
3f81b000
3f81b000
3f81b000
3f81b000
3f81b000
3f81b000
3f81b000
3f81b000
3f81b000
3f81b000
3f81b000
3f81b000
3f81b000
3f81b000
3f81b000
3f81b000
3f81b000
3f81b000
3f81b000
3f81b000
3f81b000
3f81b000
3f81b000
3f81b000
3f81b000
3f81b000
3f81b000
3f81b000
3f81b000
3f81b000
3f81b000
3f81b000
3f81b000
3f81b000
3f81b000
3f81b000
3f81b000
3f81b000
3f81b000
3f81b000
3f81b000
3f81b000
3f81b000
3f81b000
3f81b000
3f81b000
3f81b000
3f81b000
3f81b000
3f81b000
3f81b000
3f81b000
3f81b000
3f81b000
3f81b000
3f81b000
3f81b000
3f81b000
3f81b000
3f81b000
3f81b000
3f81b000
3f81b000
3f81b000
3f81b000
3f81b000
3f81b000
3f81b000
3f81b000
3f81b000
3f81b000
3f81b000
3f81b000
3f81b000
3f81b000
3f81b000
3f81b000
3f81b000
3f81b000
3f81b000
3f81b000
3f81b000
3f81b000
3f81b000
3f81b000
3f81b000
3f81b000
3f81b000
3f81b000
3f81b000
3f81b000
3f81b000
3f81b000
3f81b000
3f81b000
3f81b000
3f81b000
3f81b000
3f81b000
3f81b000
3f81b000
3f81b000
3f81b000
3f81b000
3f81b000
3f81b000
3f81b000
3f81b000
3f81b000
3f81b000
3f81b000
3f81b000
3f81b000
3f81b000
3f81b000
3f81b000
3f81b000
3f81b000
3f81b000
3f81b000
3f81b000
3f81b000
3f81b000
3f81b000
3f81b000
3f81b000
3f81b000
3f81b000
3f81b000
3f81b000
3f81b000
3f81b000
3f81b000
3f81b000
3f81b000
3f81b000
3f81b000
3f81b000
3f81b000
3f81b000
3f81b000
3f81b000
3f81b000
3f81b000
3f81b000
3f81b000
3f81b000
3f81b000
3f81b000
3f81b000
3f81b000
3f81b000
3f81b000
3f81b000
3f81b000
3f81b000
3f81b000
3f81b000
3f81b000
3f81b000
3f81b000
3f81b000
3f81b000
3f81b000
3f81b000
3f81b000
3f81b000
3f81b000
3f81b000
3f81b000
3f81b000
3f81b000
3f81b000
3f81b000
3f81b000
3f81b000
3f81b000
3f81b000
3f81b000
3f81b000
3f81b000
3f81b000
3f81b000
3f81b000
3f81b000
3f81b000
3f81b000
3f81b000
3f81b000
3f81b000
3f81b000
3f81b000
3f81b000
3f81b000
3f81b000
3f81b000
3f81b000
3f81b000
3f81b000
3f81b000
3f81b000
3f81b000
3f81b000
3f81b000
3f81b000
3f81b000
3f81b000
3f81b000
3f81b000
3f81b000
3f81b000
3f81b000
3f81b000
3f81b000
3f81b000
3f81b000
3f81b000
3f81b000
3f81b000
3f81b000
3f81b000
3f81b000
3f81b000
3f81b000
3f81b000
3f81b000
3f81b000
3f81b000
3f81b000
3f81b000
3f81b000
3f81b000
3f81b000
3f81b000
3f81b000
3f81b000
3f81b000
3f81b000
3f81b000
3f81b000
3f81b000
3f81b000
3f81b000
3f81b000
3f81b000
3f81b000
3f81b000
3f81b000
3f81b000
3f81b000
3f81b000
3f81b000
3f81b000
3f81b000
3f81b000
3f81b000
3f81b000
3f81b000
3f81b000
3f81b000
3f81b000
3f81b000
3f81b000
3f81b000
3f81b000
3f81b000
3f81b000
3f81b000
3f81b000
3f81b000
3f81b000
3f81b000
3f81b000
3f81b000
3f81b000
3f81b000
3f81b000
3f81b000
3f81b000
3f81b000
3f81b000
3f81b000
3f81b000
3f81b000
3f81b000
3f81b000
3f81b000
3f81b000
3f81b000
3f81b000
3f81b000
3f81b000
3f81b000
3f81b000
3f81b000
3f81b000
3f81b000
3f81b000
3f81b000
3f81b000
3f81b000
3f81b000
3f81b000
3f81b000
3f81b000
3f81b000
3f81b000
3f81b000
3f81b000
3f81b000
3f81b000
3f81b000
3f81b000
3f81b000
3f81b000
3f81b000
3f81b000
3f81b000
3f81b000
3f81b000
3f81b000
3f81b000
3f81b000
3f81b000
3f81b000
3f81b000
3f81b000
3f81b000
3f81b000
3f81b000
3f81b000
3f81b000
3f81b000
3f81b000
3f81b000
3f81b000
3f81b000
3f81b000
3f81b000
3f81b000
3f81b000
3f81b000
3f81b000
3f81b000
3f81b000
3f81b000
3f81b000
3f81b000
3f81b000
3f81b000
3f81b000
3f81b000
3f81b000
3f81b000
3f81b000
3f81b000
3f81b000
3f81b000
3f81b000
3f81b000
3f81b000
3f81b000
3f81b000
3f81b000
3f81b000
3f81b000
3f81b000
3f81b000
3f81b000
3f81b000
3f81b000
3f81b000
3f81b000
3f81b000
3f81b000
3f81b000
3f81b000
3f81b000
3f81b000
3f81b000
3f81b000
3f81b000
3f81b000
3f81b000
3f81b000
3f81b000
3f81b000
3f81b000
3f81b000
3f81b000
3f81b000
3f81b000
3f81b000
3f81b000
3f81b000
3f81b000
3f81b000
3f81b000
3f81b000
3f81b000
3f81b000
3f81b000
3f81b000
3f81b000
3f81b000
3f81b000
3f81b000
3f81b000
3f81b000
3f81b000
3f81b000
3f81b000
3f81b000
3f81b000
3f81b000
3f81b000
3f81b000
3f81b000
3f81b000
3f81b000
3f81b000
3f81b000
3f81b000
3f81b000
3f81b000
3f81b000
3f81b000
3f81b000
3f81b000
3f81b000
3f81b000
3f81b000
3f81b000
3f81b000
3f81b000
3f81b000
3f81b000
3f81b000
3f81b000
3f81b000
3f81b000
3f81b000
3f81b000
3f81b000
3f81b000
3f81b000
3f81b000
3f81b000
3f81b000
3f81b000
3f81b000
3f81b000
3f81b000
3f81b000
3f81b000
3f81b000
3f81b000
3f81b000
3f81b000
3f81b000
3f81b000
3f81b000
3f81b000
3f81b000
3f81b000
3f81b000
3f81b000
3f81b000
3f81b000
3f81b000
3f81b000
3f81b000
3f81b000
3f81b000
3f81b000
3f81b000
3f81b000
3f81b000
3f81b000
3f81b000
3f81b000
3f81b000
3f81b000
3f81b000
3f81b000
3f81b000
3f81b000
3f81b000
3f81b000
3f81b000
3f81b000
3f81b000
3f81b000
3f81b000
3f81b000
3f81b000
3f81b000
3f81b000
3f81b000
3f81b000
3f81b000
3f81b000
3f81b000
3f81b000
3f81b000
3f81b000
3f81b000
3f81b000
3f81b000
3f81b000
3f81b000
3f81b000
3f81b000
3f81b000
3f81b000
3f81b000
3f81b000
3f81b000
3f81b000
3f81b000
3f81b000
3f81b000
3f81b000
3f81b000
3f81b000
3f81b000
3f81b000
3f81b000
3f81b000
3f81b000
3f81b000
3f81b000
3f81b000
3f81b000
3f81b000
3f81b000
3f81b000
3f81b000
3f81b000
3f81b000
3f81b000
3f81b000
3f81b000
3f81b000
3f81b000
3f81b000
3f81b000
3f81b000
3f81b000
3f81b000
3f81b000
3f81b000
3f81b000
3f81b000
3f81b000
3f81b000
3f81b000
3f81b000
3f81b000
3f81b000
3f81b000
3f81b000
3f81b000
3f81b000
3f81b000
3f81b000
3f81b000
3f81b000
3f81b000
3f81b000
3f81b000
3f81b000
3f81b000
3f81b000
3f81b000
3f81b000
3f81b000
3f81b000
3f81b000
3f81b000
3f81b000
3f81b000
3f81b000
3f81b000
3f81b000
3f81b000
3f81b000
3f81b000
3f81b000
3f81b000
3f81b000
3f81b000
3f81b000
3f81b000
3f81b000
3f81b000
3f81b000
3f81b000
3f81b000
3f81b000
3f81b000
3f81b000
3f81b000
3f81b000
3f81b000
3f81b000
3f81b000
3f81b000
3f81b000
3f81b000
3f81b000
3f81b000
3f81b000
3f81b000
3f81b000
3f81b000
3f81b000
3f81b000
3f81b000
3f81b000
3f81b000
3f81b000
3f81b000
3f81b000
3f81b000
3f81b000
3f81b000
3f81b000
3f81b000
3f81b000
3f81b000
3f81b000
3f81b000
3f81b000
3f81b000
3f81b000
3f81b000
3f81b000
3f81b000
3f81b000
3f81b000
3f81b000
3f81b000
3f81b000
3f81b000
3f81b000
3f81b000
3f81b000
3f81b000
3f81b000
3f81b000
3f81b000
3f81b000
3f81b000
3f81b000
3f81b000
3f81b000
3f81b000
3f81b000
3f81b000
3f81b000
3f81b000
3f81b000
3f81b000
3f81b000
3f81b000
3f81b000
3f81b000
3f81b000
3f81b000
3f81b000
3f81b000
3f81b000
3f81b000
3f81b000
3f81b000
3f81b000
3f81b000
3f81b000
3f81b000
3f81b000
3f81b000
3f81b000
3f81b000
3f81b000
3f81b000
3f81b000
3f81b000
3f81b000
3f81b000
3f81b000
3f81b000
3f81b000
3f81b000
3f81b000
3f81b000
3f81b000
3f81b000
3f81b000
3f81b000
3f81b000
3f81b000
3f81b000
3f81b000
3f81b000
3f81b000
3f81b000
3f81b000
3f81b000
3f81b000
3f81b000
3f81b000
3f81b000
3f81b000
3f81b000
3f81b000
3f81b000
3f81b000
3f81b000
3f81b000
3f81b000
3f81b000
3f81b000
3f81b000
3f81b000
3f81b000
3f81b000
3f81b000
3f81b000
3f81b000
3f81b000
3f81b000
3f81b000
3f81b000
3f81b000
3f81b000
3f81b000
3f81b000
3f81b000
3f81b000
3f81b000
3f81b000
3f81b000
3f81b000
3f81b000
3f81b000
3f81b000
3f81b000
3f81b000
3f81b000
3f81b000
3f81b000
3f81b000
3f81b000
3f81b000
3f81b000
3f81b000
3f81b000
3f81b000
3f81b000
3f81b000
3f81b000
3f81b000
3f81b000
3f81b000
3f81b000
3f81b000
3f81b000
3f81b000
3f81b000
3f81b000
3f81b000
3f81b000
3f81b000
3f81b000
3f81b000
3f81b000
3f81b000
3f81b000
3f81b000
3f81b000
3f81b000
3f81b000
3f81b000
3f81b000
3f81b000
3f81b000
3f81b000
3f81b000
3f81b000
3f81b000
3f81b000
3f81b000
3f81b000
3f81b000
3f81b000
3f81b000
3f81b000
3f81b000
3f81b000
3f81b000
3f81b000
3f81b000
3f81b000
3f81b000
3f81b000
3f81b000
3f81b000
3f81b000
3f81b000
3f81b000
3f81b000
3f81b000
3f81b000
3f81b000
3f81b000
3f81b000
3f81b000
3f81b000
3f81b000
3f81b000
3f81b000
3f81b000
3f81b000
3f81b000
3f81b000
3f81b000
3f81b000
3f81b000
3f81b000
3f81b000
3f81b000
3f81b000
3f81b000
3f81b000
3f81b000
3f81b000
3f81b000
3f81b000
3f81b000
3f81b000
3f81b000
3f81b000
3f81b000
3f81b000
3f81b000
3f81b000
3f81b000
3f81b000
3f81b000
3f81b000
3f81b000
3f81b000
3f81b000
3f81b000
3f81b000
3f81b000
3f81b000
3f81b000
3f81b000
3f81b000
3f81b000
3f81b000
3f81b000
3f81b000
3f81b000
3f81b000
3f81b000
3f81b000
3f81b000
3f81b000
3f81b000
3f81b000
3f81b000
3f81b000
3f81b000
3f81b000
3f81b000
3f81b000
3f81b000
3f81b000
3f81b000
3f81b000
3f81b000
3f81b000
3f81b000
3f81b000
3f81b000
3f81b000
3f81b000
3f81b000
3f81b000
3f81b000
3f81b000
3f81b000
3f81b000
3f81b000
3f81b000
3f81b000
3f81b000
3f81b000
3f81b000
3f81b000
3f81b000
3f81b000
3f81b000
3f81b000
3f81b000
3f81b000
3f81b000
3f81b000
3f81b000
3f81b000
3f81b000
3f81b000
3f81b000
3f81b000
3f81b000
3f81b000
3f81b000
3f81b000
3f81b000
3f81b000
3f81b000
3f81b000
3f81b000
3f81b000
3f81b000
3f81b000
3f81b000
3f81b000
3f81b000
3f81b000
3f81b000
3f81b000
3f81b000
3f81b000
3f81b000
3f81b000
3f81b000
3f81b000
3f81b000
3f81b000
3f81b000
3f81b000
3f81b000
3f81b000
3f81b000
3f81b000
3f81b000
3f81b000
3f81b000
3f81b000
3f81b000
3f81b000
3f81b000
3f81b000
3f81b000
3f81b000
3f81b000
3f81b000
3f81b000
3f81b000
3f81b000
3f81b000
3f81b000
3f81b000
3f81b000
3f81b000
3f81b000
3f81b000
3f81b000
3f81b000
3f81b000
3f81b000
3f81b000
3f81b000
3f81b000
3f81b000
3f81b000
3f81b000
3f81b000
3f81b000
3f81b000
3f81b000
3f81b000
3f81b000
3f81b000
3f81b000
3f81b000
3f81b000
3f81b000
3f81b000
3f81b000
3f81b000
3f81b000
3f81b000
3f81b000
3f81b000
3f81b000
3f81b000
3f81b000
3f81b000
3f81b000
3f81b000
3f81b000
3f81b000
3f81b000
3f81b000
3f81b000
3f81b000
3f81b000
3f81b000
3f81b000
3f81b000
3f81b000
3f81b000
3f81b000
3f81b000
3f81b000
3f81b000
3f81b000
3f81b000
3f81b000
3f81b000
3f81b000
3f81b000
3f81b000
3f81b000
3f81b000
3f81b000
3f81b000
3f81b000
3f81b000
3f81b000
3f81b000
3f81b000
3f81b000
3f81b000
3f81b000
3f81b000
3f81b000
3f81b000
3f81b000
3f81b000
3f81b000
3f81b000
3f81b000
3f81b000
3f81b000
3f81b000
3f81b000
3f81b000
3f81b000
3f81b000
3f81b000
3f81b000
3f81b000
3f81b000
3f81b000
3f81b000
3f81b000
3f81b000
3f81b000
3f81b000
3f81b000
3f81b000
3f81b000
3f81b000
3f81b000
3f81b000
3f81b000
3f81b000
3f81b000
3f81b000
3f81b000
3f81b000
3f81b000
3f81b000
3f81b000
3f81b000
3f81b000
3f81b000
3f81b000
3f81b000
3f81b000
3f81b000
3f81b000
3f81b000
3f81b000
3f81b000
3f81b000
3f81b000
3f81b000
3f81b000
3f81b000
3f81b000
3f81b000
3f81b000
3f81b000
3f81b000
3f81b000
3f81b000
3f81b000
3f81b000
3f81b000
3f81b000
3f81b000
3f81b000
3f81b000
3f81b000
3f81b000
3f81b000
3f81b000
3f81b000
3f81b000
3f81b000
3f81b000
3f81b000
3f81b000
3f81b000
3f81b000
3f81b000
3f81b000
3f81b000
3f81b000
3f81b000
3f81b000
3f81b000
3f81b000
3f81b000
3f81b000
3f81b000
3f81b000
3f81b000
3f81b000
3f81b000
3f81b000
3f81b000
3f81b000
3f81b000
3f81b000
3f81b000
3f81b000
3f81b000
3f81b000
3f81b000
3f81b000
3f81b000
3f81b000
3f81b000
3f81b000
3f81b000
3f81b000
3f81b000
3f81b000
3f81b000
3f81b000
3f81b000
3f81b000
3f81b000
3f81b000
3f81b000
3f81b000
3f81b000
3f81b000
3f81b000
3f81b000
3f81b000
3f81b000
3f81b000
3f81b000
3f81b000
3f81b000
3f81b000
3f81b000
3f81b000
3f81b000
3f81b000
3f81b000
3f81b000
3f81b000
3f81b000
3f81b000
3f81b000
3f81b000
3f81b000
3f81b000
3f81b000
3f81b000
3f81b000
3f81b000
3f81b000
3f81b000
3f81b000
3f81b000
3f81b000
3f81b000
3f81b000
3f81b000
3f81b000
3f81b000
3f81b000
3f81b000
3f81b000
3f81b000
3f81b000
3f81b000
3f81b000
3f81b000
3f81b000
3f81b000
3f81b000
3f81b000
3f81b000
3f81b000
3f81b000
3f81b000
3f81b000
3f81b000
3f81b000
3f81b000
3f81b000
3f81b000
3f81b000
3f81b000
3f81b000
3f81b000
3f81b000
3f81b000
3f81b000
3f81b000
3f81b000
3f81b000
3f81b000
3f81b000
3f81b000
3f81b000
3f81b000
3f81b000
3f81b000
3f81b000
3f81b000
3f81b000
3f81b000
3f81b000
3f81b000
3f81b000
3f81b000
3f81b000
3f81b000
3f81b000
3f81b000
3f81b000
3f81b000
3f81b000
3f81b000
3f81b000
3f81b000
3f81b000
3f81b000
3f81b000
3f81b000
3f81b000
3f81b000
3f81b000
3f81b000
3f81b000
3f81b000
3f81b000
3f81b000
3f81b000
3f81b000
3f81b000
3f81b000
3f81b000
3f81b000
3f81b000
3f81b000
3f81b000
3f81b000
3f81b000
3f81b000
3f81b000
3f81b000
3f81b000
3f81b000
3f81b000
3f81b000
3f81b000
3f81b000
3f81b000
3f81b000
3f81b000
3f81b000
3f81b000
3f81b000
3f81b000
3f81b000
3f81b000
3f81b000
3f81b000
3f81b000
3f81b000
3f81b000
3f81b000
3f81b000
3f81b000
3f81b000
3f81b000
3f81b000
3f81b000
3f81b000
3f81b000
3f81b000
3f81b000
3f81b000
3f81b000
3f81b000
3f81b000
3f81b000
3f81b000
3f81b000
3f81b000
3f81b000
3f81b000
3f81b000
3f81b000
3f81b000
3f81b000
3f81b000
3f81b000
3f81b000
3f81b000
3f81b000
3f81b000
3f81b000
3f81b000
3f81b000
3f81b000
3f81b000
3f81b000
3f81b000
3f81b000
3f81b000
3f81b000
3f81b000
3f81b000
3f81b000
3f81b000
3f81b000
3f81b000
3f81b000
3f81b000
3f81b000
3f81b000
3f81b000
3f81b000
3f81b000
3f81b000
3f81b000
3f81b000
3f81b000
3f81b000
3f81b000
3f81b000
3f81b000
3f81b000
3f81b000
3f81b000
3f81b000
3f81b000
3f81b000
3f81b000
3f81b000
3f81b000
3f81b000
3f81b000
3f81b000
3f81b000
3f81b000
3f81b000
3f81b000
3f81b000
3f81b000
3f81b000
3f81b000
3f81b000
3f81b000
3f81b000
3f81b000
3f81b000
3f81b000
3f81b000
3f81b000
3f81b000
3f81b000
3f81b000
3f81b000
3f81b000
3f81b000
3f81b000
3f81b000
3f81b000
3f81b000
3f81b000
3f81b000
3f81b000
3f81b000
3f81b000
3f81b000
3f81b000
3f81b000
3f81b000
3f81b000
3f81b000
3f81b000
3f81b000
3f81b000
3f81b000
3f81b000
3f81b000
3f81b000
3f81b000
3f81b000
3f81b000
3f81b000
3f81b000
3f81b000
3f81b000
3f81b000
3f81b000
3f81b000
3f81b000
3f81b000
3f81b000
3f81b000
3f81b000
3f81b000
3f81b000
3f81b000
3f81b000
3f81b000
3f81b000
3f81b000
3f81b000
3f81b000
3f81b000
3f81b000
3f81b000
3f81b000
3f81b000
3f81b000
3f81b000
3f81b000
3f81b000
3f81b000
3f81b000
3f81b000
3f81b000
3f81b000
3f81b000
3f81b000
3f81b000
3f81b000
3f81b000
3f81b000
3f81b000
3f81b000
3f81b000
3f81b000
3f81b000
3f81b000
3f81b000
3f81b000
3f81b000
3f81b000
3f81b000
3f81b000
3f81b000
3f81b000
3f81b000
3f81b000
3f81b000
3f81b000
3f81b000
3f81b000
3f81b000
3f81b000
3f81b000
3f81b000
3f81b000
3f81b000
3f81b000
3f81b000
3f81b000
3f81b000
3f81b000
3f81b000
3f81b000
3f81b000
3f81b000
3f81b000
3f81b000
3f81b000
3f81b000
3f81b000
3f81b000
3f81b000
3f81b000
3f81b000
3f81b000
3f81b000
3f81b000
3f81b000
3f81b000
3f81b000
3f81b000
3f81b000
3f81b000
3f81b000
3f81b000
3f81b000
3f81b000
3f81b000
3f81b000
3f81b000
3f81b000
3f81b000
3f81b000
3f81b000
3f81b000
3f81b000
3f81b000
3f81b000
3f81b000
3f81b000
3f81b000
3f81b000
3f81b000
3f81b000
3f81b000
3f81b000
3f81b000
3f81b000
3f81b000
3f81b000
3f81b000
3f81b000
3f81b000
3f81b000
3f81b000
3f81b000
3f81b000
3f81b000
3f81b000
3f81b000
3f81b000
3f81b000
3f81b000
3f81b000
3f81b000
3f81b000
3f81b000
3f81b000
3f81b000
3f81b000
3f81b000
3f81b000
3f81b000
3f81b000
3f81b000
3f81b000
3f81b000
3f81b000
3f81b000
3f81b000
3f81b000
3f81b000
3f81b000
3f81b000
3f81b000
3f81b000
3f81b000
3f81b000
3f81b000
3f81b000
3f81b000
3f81b000
3f81b000
3f81b000
3f81b000
3f81b000
3f81b000
3f81b000
3f81b000
3f81b000
3f81b000
3f81b000
3f81b000
3f81b000
3f81b000
3f81b000
3f81b000
3f81b000
3f81b000
3f81b000
3f81b000
3f81b000
3f81b000
3f81b000
3f81b000
3f81b000
3f81b000
3f81b000
3f81b000
3f81b000
3f81b000
3f81b000
3f81b000
3f81b000
3f81b000
3f81b000
3f81b000
3f81b000
3f81b000
3f81b000
3f81b000
3f81b000
3f81b000
3f81b000
3f81b000
3f81b000
3f81b000
3f81b000
3f81b000
3f81b000
3f81b000
3f81b000
3f81b000
3f81b000
3f81b000
3f81b000
3f81b000
3f81b000
3f81b000
3f81b000
3f81b000
3f81b000
3f81b000
3f81b000
3f81b000
3f81b000
3f81b000
3f81b000
3f81b000
3f81b000
3f81b000
3f81b000
3f81b000
3f81b000
3f81b000
3f81b000
3f81b000
3f81b000
3f81b000
3f81b000
3f81b000
3f81b000
3f81b000
3f81b000
3f81b000
3f81b000
3f81b000
3f81b000
3f81b000
3f81b000
3f81b000
3f81b000
3f81b000
3f81b000
3f81b000
3f81b000
3f81b000
3f81b000
3f81b000
3f81b000
3f81b000
3f81b000
3f81b000
3f81b000
3f81b000
3f81b000
3f81b000
3f81b000
3f81b000
3f81b000
3f81b000
3f81b000
3f81b000
3f81b000
3f81b000
3f81b000
3f81b000
3f81b000
3f81b000
3f81b000
3f81b000
3f81b000
3f81b000
3f81b000
3f81b000
3f81b000
3f81b000
3f81b000
3f81b000
3f81b000
3f81b000
3f81b000
3f81b000
3f81b000
3f81b000
3f81b000
3f81b000
3f81b000
3f81b000
3f81b000
3f81b000
3f81b000
3f81b000
3f81b000
3f81b000
3f81b000
3f81b000
3f81b000
3f81b000
3f81b000
3f81b000
3f81b000
3f81b000
3f81b000
3f81b000
3f81b000
3f81b000
3f81b000
3f81b000
3f81b000
3f81b000
3f81b000
3f81b000
3f81b000
3f81b000
3f81b000
3f81b000
3f81b000
3f81b000
3f81b000
3f81b000
3f81b000
3f81b000
3f81b000
3f81b000
3f81b000
3f81b000
3f81b000
3f81b000
3f81b000
3f81b000
3f81b000
3f81b000
3f81b000
3f81b000
3f81b000
3f81b000
3f81b000
3f81b000
3f81b000
3f81b000
3f81b000
3f81b000
3f81b000
3f81b000
3f81b000
3f81b000
3f81b000
3f81b000
3f81b000
3f81b000
3f81b000
3f81b000
3f81b000
3f81b000
3f81b000
3f81b000
3f81b000
3f81b000
3f81b000
3f81b000
3f81b000
3f81b000
3f81b000
3f81b000
3f81b000
3f81b000
3f81b000
3f81b000
3f81b000
3f81b000
3f81b000
3f81b000
3f81b000
3f81b000
3f81b000
3f81b000
3f81b000
3f81b000
3f81b000
3f81b000
3f81b000
3f81b000
3f81b000
3f81b000
3f81b000
3f81b000
3f81b000
3f81b000
3f81b000
3f81b000
3f81b000
3f81b000
3f81b000
3f81b000
3f81b000
3f81b000
3f81b000
3f81b000
3f81b000
3f81b000
3f81b000
3f81b000
3f81b000
3f81b000
3f81b000
3f81b000
3f81b000
3f81b000
3f81b000
3f81b000
3f81b000
3f81b000
3f81b000
3f81b000
3f81b000
3f81b000
3f81b000
3f81b000
3f81b000
3f81b000
3f81b000
3f81b000
3f81b000
3f81b000
3f81b000
3f81b000
3f81b000
3f81b000
3f81b000
3f81b000
3f81b000
3f81b000
3f81b000
3f81b000
3f81b000
3f81b000
3f81b000
3f81b000
3f81b000
3f81b000
3f81b000
3f81b000
3f81b000
3f81b000
3f81b000
3f81b000
3f81b000
3f81b000
3f81b000
3f81b000
3f81b000
3f81b000
3f81b000
3f81b000
3f81b000
3f81b000
3f81b000
3f81b000
3f81b000
3f81b000
3f81b000
3f81b000
3f81b000
3f81b000
3f81b000
3f81b000
3f81b000
3f81b000
3f81b000
3f81b000
3f81b000
3f81b000
3f81b000
3f81b000
3f81b000
3f81b000
3f81b000
3f81b000
3f81b000
3f81b000
3f81b000
3f81b000
3f81b000
3f81b000
3f81b000
3f81b000
3f81b000
3f81b000
3f81b000
3f81b000
3f81b000
3f81b000
3f81b000
3f81b000
3f81b000
3f81b000
3f81b000
3f81b000
3f81b000
3f81b000
3f81b000
3f81b000
3f81b000
3f81b000
3f81b000
3f81b000
3f81b000
3f81b000
3f81b000
3f81b000
3f81b000
3f81b000
3f81b000
3f81b000
3f81b000
3f81b000
3f81b000
3f81b000
3f81b000
3f81b000
3f81b000
3f81b000
3f81b000
3f81b000
3f81b000
3f81b000
3f81b000
3f81b000
3f81b000
3f81b000
3f81b000
3f81b000
3f81b000
3f81b000
3f81b000
3f81b000
3f81b000
3f81b000
3f81b000
3f81b000
3f81b000
3f81b000
3f81b000
3f81b000
3f81b000
3f81b000
3f81b000
3f81b000
3f81b000
3f81b000
3f81b000
3f81b000
3f81b000
3f81b000
3f81b000
3f81b000
3f81b000
3f81b000
3f81b000
3f81b000
3f81b000
3f81b000
3f81b000
3f81b000
3f81b000
3f81b000
3f81b000
3f81b000
3f81b000
3f81b000
3f81b000
3f81b000
3f81b000
3f81b000
3f81b000
3f81b000
3f81b000
3f81b000
3f81b000
3f81b000
3f81b000
3f81b000
3f81b000
3f81b000
3f81b000
3f81b000
3f81b000
3f81b000
3f81b000
3f81b000
3f81b000
3f81b000
3f81b000
3f81b000
3f81b000
3f81b000
3f81b000
3f81b000
3f81b000
3f81b000
3f81b000
3f81b000
3f81b000
3f81b000
3f81b000
3f81b000
3f81b000
3f81b000
3f81b000
3f81b000
3f81b000
3f81b000
3f81b000
3f81b000
3f81b000
3f81b000
3f81b000
3f81b000
3f81b000
3f81b000
3f81b000
3f81b000
3f81b000
3f81b000
3f81b000
3f81b000
3f81b000
3f81b000
3f81b000
3f81b000
3f81b000
3f81b000
3f81b000
3f81b000
3f81b000
3f81b000
3f81b000
3f81b000
3f81b000
3f81b000
3f81b000
3f81b000
3f81b000
3f81b000
3f81b000
3f81b000
3f81b000
3f81b000
3f81b000
3f81b000
3f81b000
3f81b000
3f81b000
3f81b000
3f81b000
3f81b000
3f81b000
3f81b000
3f81b000
3f81b000
3f81b000
3f81b000
3f81b000
3f81b000
3f81b000
3f81b000
3f81b000
3f81b000
3f81b000
3f81b000
3f81b000
3f81b000
3f81b000
3f81b000
3f81b000
3f81b000
3f81b000
3f81b000
3f81b000
3f81b000
3f81b000
3f81b000
3f81b000
3f81b000
3f81b000
3f81b000
3f81b000
3f81b000
3f81b000
3f81b000
3f81b000
3f81b000
3f81b000
3f81b000
3f81b000
3f81b000
3f81b000
3f81b000
3f81b000
3f81b000
3f81b000
3f81b000
3f81b000
3f81b000
3f81b000
3f81b000
3f81b000
3f81b000
3f81b000
3f81b000
3f81b000
3f81b000
3f81b000
3f81b000
3f81b000
3f81b000
3f81b000
3f81b000
3f81b000
3f81b000
3f81b000
3f81b000
3f81b000
3f81b000
3f81b000
3f81b000
3f81b000
3f81b000
3f81b000
3f81b000
3f81b000
3f81b000
3f81b000
3f81b000
3f81b000
3f81b000
3f81b000
3f81b000
3f81b000
3f81b000
3f81b000
3f81b000
3f81b000
3f81b000
3f81b000
3f81b000
3f81b000
3f81b000
3f81b000
3f81b000
3f81b000
3f81b000
3f81b000
3f81b000
3f81b000
3f81b000
3f81b000
3f81b000
3f81b000
3f81b000
3f81b000
3f81b000
3f81b000
3f81b000
3f81b000
3f81b000
3f81b000
3f81b000
3f81b000
3f81b000
3f81b000
3f81b000
3f81b000
3f81b000
3f81b000
3f81b000
3f81b000
3f81b000
3f81b000
3f81b000
3f81b000
3f81b000
3f81b000
3f81b000
3f81b000
3f81b000
3f81b000
3f81b000
3f81b000
3f81b000
3f81b000
3f81b000
3f81b000
3f81b000
3f81b000
3f81b000
3f81b000
3f81b000
3f81b000
3f81b000
3f81b000
3f81b000
3f81b000
3f81b000
3f81b000
3f81b000
3f81b000
3f81b000
3f81b000
3f81b000
3f81b000
3f81b000
3f81b000
3f81b000
3f81b000
3f81b000
3f81b000
3f81b000
3f81b000
3f81b000
3f81b000
3f81b000
3f81b000
3f81b000
3f81b000
3f81b000
3f81b000
3f81b000
3f81b000
3f81b000
3f81b000
3f81b000
3f81b000
3f81b000
3f81b000
3f81b000
3f81b000
3f81b000
3f81b000
3f81b000
3f81b000
3f81b000
3f81b000
3f81b000
3f81b000
3f81b000
3f81b000
3f81b000
3f81b000
3f81b000
3f81b000
3f81b000
3f81b000
3f81b000
3f81b000
3f81b000
3f81b000
3f81b000
3f81b000
3f81b000
3f81b000
3f81b000
3f81b000
3f81b000
3f81b000
3f81b000
3f81b000
3f81b000
3f81b000
3f81b000
3f81b000
3f81b000
3f81b000
3f81b000
3f81b000
3f81b000
3f81b000
3f81b000
3f81b000
3f81b000
3f81b000
3f81b000
3f81b000
3f81b000
3f81b000
3f81b000
3f81b000
3f81b000
3f81b000
3f81b000
3f81b000
3f81b000
3f81b000
3f81b000
3f81b000
3f81b000
3f81b000
3f81b000
3f81b000
3f81b000
3f81b000
3f81b000
3f81b000
3f81b000
3f81b000
3f81b000
3f81b000
3f81b000
3f81b000
3f81b000
3f81b000
3f81b000
3f81b000
3f81b000
3f81b000
3f81b000
3f81b000
3f81b000
3f81b000
3f81b000
3f81b000
3f81b000
3f81b000
3f81b000
3f81b000
3f81b000
3f81b000
3f81b000
3f81b000
3f81b000
3f81b000
3f81b000
3f81b000
3f81b000
3f81b000
3f81b000
3f81b000
3f81b000
3f81b000
3f81b000
3f81b000
3f81b000
3f81b000
3f81b000
3f81b000
3f81b000
3f81b000
3f81b000
3f81b000
3f81b000
3f81b000
3f81b000
3f81b000
3f81b000
3f81b000
3f81b000
3f81b000
3f81b000
3f81b000
3f81b000
3f81b000
3f81b000
3f81b000
3f81b000
3f81b000
3f81b000
3f81b000
3f81b000
3f81b000
3f81b000
3f81b000
3f81b000
3f81b000
3f81b000
3f81b000
3f81b000
3f81b000
3f81b000
3f81b000
3f81b000
3f81b000
3f81b000
3f81b000
3f81b000
3f81b000
3f81b000
3f81b000
3f81b000
3f81b000
3f81b000
3f81b000
3f81b000
3f81b000
3f81b000
3f81b000
3f81b000
3f81b000
3f81b000
3f81b000
3f81b000
3f81b000
3f81b000
3f81b000
3f81b000
3f81b000
3f81b000
3f81b000
3f81b000
3f81b000
3f81b000
3f81b000
3f81b000
3f81b000
3f81b000
3f81b000
3f81b000
3f81b000
3f81b000
3f81b000
3f81b000
3f81b000
3f81b000
3f81b000
3f81b000
3f81b000
3f81b000
3f81b000
3f81b000
3f81b000
3f81b000
3f81b000
3f81b000
3f81b000
3f81b000
3f81b000
3f81b000
3f81b000
3f81b000
3f81b000
3f81b000
3f81b000
3f81b000
3f81b000
3f81b000
3f81b000
3f81b000
3f81b000
3f81b000
3f81b000
3f81b000
3f81b000
3f81b000
3f81b000
3f81b000
3f81b000
3f81b000
3f81b000
3f81b000
3f81b000
3f81b000
3f81b000
3f81b000
3f81b000
3f81b000
3f81b000
3f81b000
3f81b000
3f81b000
3f81b000
3f81b000
3f81b000
3f81b000
3f81b000
3f81b000
3f81b000
3f81b000
3f81b000
3f81b000
3f81b000
3f81b000
3f81b000
3f81b000
3f81b000
3f81b000
3f81b000
3f81b000
3f81b000
3f81b000
3f81b000
3f81b000
3f81b000
3f81b000
3f81b000
3f81b000
3f81b000
3f81b000
3f81b000
3f81b000
3f81b000
3f81b000
3f81b000
3f81b000
3f81b000
3f81b000
3f81b000
3f81b000
3f81b000
3f81b000
3f81b000
3f81b000
3f81b000
3f81b000
3f81b000
3f81b000
3f81b000
3f81b000
3f81b000
3f81b000
3f81b000
3f81b000
3f81b000
3f81b000
3f81b000
3f81b000
3f81b000
3f81b000
3f81b000
3f81b000
3f81b000
3f81b000
3f81b000
3f81b000
3f81b000
3f81b000
3f81b000
3f81b000
3f81b000
3f81b000
3f81b000
3f81b000
3f81b000
3f81b000
3f81b000
3f81b000
3f81b000
3f81b000
3f81b000
3f81b000
3f81b000
3f81b000
3f81b000
3f81b000
3f81b000
3f81b000
3f81b000
3f81b000
3f81b000
3f81b000
3f81b000
3f81b000
3f81b000
3f81b000
3f81b000
3f81b000
3f81b000
3f81b000
3f81b000
3f81b000
3f81b000
3f81b000
3f81b000
3f81b000
3f81b000
3f81b000
3f81b000
3f81b000
3f81b000
3f81b000
3f81b000
3f81b000
3f81b000
3f81b000
3f81b000
3f81b000
3f81b000
3f81b000
3f81b000
3f81b000
3f81b000
3f81b000
3f81b000
3f81b000
3f81b000
3f81b000
3f81b000
3f81b000
3f81b000
3f81b000
3f81b000
3f81b000
3f81b000
3f81b000
3f81b000
3f81b000
3f81b000
3f81b000
3f81b000
3f81b000
3f81b000
3f81b000
3f81b000
3f81b000
3f81b000
3f81b000
3f81b000
3f81b000
3f81b000
3f81b000
3f81b000
3f81b000
3f81b000
3f81b000
3f81b000
3f81b000
3f81b000
3f81b000
3f81b000
3f81b000
3f81b000
3f81b000
3f81b000
3f81b000
3f81b000
3f81b000
3f81b000
3f81b000
3f81b000
3f81b000
3f81b000
3f81b000
3f81b000
3f81b000
3f81b000
3f81b000
3f81b000
3f81b000
3f81b000
3f81b000
3f81b000
3f81b000
3f81b000
3f81b000
3f81b000
3f81b000
3f81b000
3f81b000
3f81b000
3f81b000
3f81b000
3f81b000
3f81b000
3f81b000
3f81b000
3f81b000
3f81b000
3f81b000
3f81b000
3f81b000
3f81b000
3f81b000
3f81b000
3f81b000
3f81b000
3f81b000
3f81b000
3f81b000
3f81b000
3f81b000
3f81b000
3f81b000
3f81b000
3f81b000
3f81b000
3f81b000
3f81b000
3f81b000
3f81b000
3f81b000
3f81b000
3f81b000
3f81b000
3f81b000
3f81b000
3f81b000
3f81b000
3f81b000
3f81b000
3f81b000
3f81b000
3f81b000
3f81b000
3f81b000
3f81b000
3f81b000
3f81b000
3f81b000
3f81b000
3f81b000
3f81b000
3f81b000
3f81b000
3f81b000
3f81b000
3f81b000
3f81b000
3f81b000
3f81b000
3f81b000
3f81b000
3f81b000
3f81b000
3f81b000
3f81b000
3f81b000
3f81b000
3f81b000
3f81b000
3f81b000
3f81b000
3f81b000
3f81b000
3f81b000
3f81b000
3f81b000
3f81b000
3f81b000
3f81b000
3f81b000
3f81b000
3f81b000
3f81b000
3f81b000
3f81b000
3f81b000
3f81b000
3f81b000
3f81b000
3f81b000
3f81b000
3f81b000
3f81b000
3f81b000
3f81b000
3f81b000
3f81b000
3f81b000
3f81b000
3f81b000
3f81b000
3f81b000
3f81b000
3f81b000
3f81b000
3f81b000
3f81b000
3f81b000
3f81b000
3f81b000
3f81b000
3f81b000
3f81b000
3f81b000
3f81b000
3f81b000
3f81b000
3f81b000
3f81b000
3f81b000
3f81b000
3f81b000
3f81b000
3f81b000
3f81b000
3f81b000
3f81b000
3f81b000
3f81b000
3f81b000
3f81b000
3f81b000
3f81b000
3f81b000
3f81b000
3f81b000
3f81b000
3f81b000
3f81b000
3f81b000
3f81b000
3f81b000
3f81b000
3f81b000
3f81b000
3f81b000
3f81b000
3f81b000
3f81b000
3f81b000
3f81b000
3f81b000
3f81b000
3f81b000
3f81b000
3f81b000
3f81b000
3f81b000
3f81b000
3f81b000
3f81b000
3f81b000
3f81b000
3f81b000
3f81b000
3f81b000
3f81b000
3f81b000
3f81b000
3f81b000
3f81b000
3f81b000
3f81b000
3f81b000
3f81b000
3f81b000
3f81b000
3f81b000
3f81b000
3f81b000
3f81b000
3f81b000
3f81b000
3f81b000
3f81b000
3f81b000
3f81b000
3f81b000
3f81b000
3f81b000
3f81b000
3f81b000
3f81b000
3f81b000
3f81b000
3f81b000
3f81b000
3f81b000
3f81b000
3f81b000
3f81b000
3f81b000
3f81b000
3f81b000
3f81b000
3f81b000
3f81b000
3f81b000
3f81b000
3f81b000
3f81b000
3f81b000
3f81b000
3f81b000
3f81b000
3f81b000
3f81b000
3f81b000
3f81b000
3f81b000
3f81b000
3f81b000
3f81b000
3f81b000
3f81b000
3f81b000
3f81b000
3f81b000
3f81b000
3f81b000
3f81b000
3f81b000
3f81b000
3f81b000
3f81b000
3f81b000
3f81b000
3f81b000
3f81b000
3f81b000
3f81b000
3f81b000
3f81b000
3f81b000
3f81b000
3f81b000
3f81b000
3f81b000
3f81b000
3f81b000
3f81b000
3f81b000
3f81b000
3f81b000
3f81b000
3f81b000
3f81b000
3f81b000
3f81b000
3f81b000
3f81b000
3f81b000
3f81b000
3f81b000
3f81b000
3f81b000
3f81b000
3f81b000
3f81b000
3f81b000
3f81b000
3f81b000
3f81b000
3f81b000
3f81b000
3f81b000
3f81b000
3f81b000
3f81b000
3f81b000
3f81b000
3f81b000
3f81b000
3f81b000
3f81b000
3f81b000
3f81b000
3f81b000
3f81b000
3f81b000
3f81b000
3f81b000
3f81b000
3f81b000
3f81b000
3f81b000
3f81b000
3f81b000
3f81b000
3f81b000
3f81b000
3f81b000
3f81b000
3f81b000
3f81b000
3f81b000
3f81b000
3f81b000
3f81b000
3f81b000
3f81b000
3f81b000
3f81b000
3f81b000
3f81b000
3f81b000
3f81b000
3f81b000
3f81b000
3f81b000
3f81b000
3f81b000
3f81b000
3f81b000
3f81b000
3f81b000
3f81b000
3f81b000
3f81b000
3f81b000
3f81b000
3f81b000
3f81b000
3f81b000
3f81b000
3f81b000
3f81b000
3f81b000
3f81b000
3f81b000
3f81b000
3f81b000
3f81b000
3f81b000
3f81b000
3f81b000
3f81b000
3f81b000
3f81b000
3f81b000
3f81b000
3f81b000
3f81b000
3f81b000
3f81b000
3f81b000
3f81b000
3f81b000
3f81b000
3f81b000
3f81b000
3f81b000
3f81b000
3f81b000
3f81b000
3f81b000
3f81b000
3f81b000
3f81b000
3f81b000
3f81b000
3f81b000
3f81b000
3f81b000
3f81b000
3f81b000
3f81b000
3f81b000
3f81b000
3f81b000
3f81b000
3f81b000
3f81b000
3f81b000
3f81b000
3f81b000
3f81b000
3f81b000
3f81b000
3f81b000
3f80a000
3f80a000
3f80a000
3f80a000
3f80a000
3f80a000
3f80a000
3f80a000
3f80a000
3f80a000
3f80a000
3f80a000
3f80a000
3f80a000
3f80a000
3f80a000
3f80a000
3f80a000
3f80a000
3f80a000
3f80a000
3f80a000
3f80a000
3f80a000
3f80a000
3f80a000
3f80a000
3f80a000
3f80a000
3f80a000
3f80a000
3f80a000
3f80a000
3f80a000
3f80a000
3f80a000
3f80a000
3f80a000
3f80a000
3f80a000
3f80a000
3f80a000
3f80a000
3f80a000
3f80a000
3f80a000
3f80a000
3f80a000
3f80a000
3f80a000
3f80a000
3f80a000
3f80a000
3f80a000
3f80a000
3f80a000
3f80a000
3f80a000
3f80a000
3f80a000
3f80a000
3f80a000
3f80a000
3f80a000
3f80a000
3f80a000
3f80a000
3f80a000
3f80a000
3f80a000
3f80a000
3f80a000
3f80a000
3f80a000
3f80a000
3f80a000
3f80a000
3f80a000
3f80a000
3f80a000
3f80a000
3f80a000
3f80a000
3f80a000
3f80a000
3f80a000
3f80a000
3f80a000
3f80a000
3f80a000
3f80a000
3f80a000
3f80a000
3f80a000
3f80a000
3f80a000
3f80a000
3f80a000
3f80a000
3f80a000
3f80a000
3f80a000
3f80a000
3f80a000
3f80a000
3f80a000
3f80a000
3f80a000
3f80a000
3f80a000
3f80a000
3f80a000
3f80a000
3f80a000
3f80a000
3f80a000
3f80a000
3f80a000
3f80a000
3f80a000
3f80a000
3f80a000
3f80a000
3f80a000
3f80a000
3f80a000
3f80a000
3f80a000
3f80a000
3f80a000
3f80a000
3f80a000
3f80a000
3f80a000
3f80a000
3f80a000
3f80a000
3f80a000
3f80a000
3f80a000
3f80a000
3f80a000
3f80a000
3f80a000
3f80a000
3f80a000
3f80a000
3f80a000
3f80a000
3f80a000
3f80a000
3f80a000
3f80a000
3f80a000
3f80a000
3f80a000
3f80a000
3f80a000
3f80a000
3f80a000
3f80a000
3f80a000
3f80a000
3f80a000
3f80a000
3f80a000
3f80a000
3f80a000
3f80a000
3f80a000
3f80a000
3f80a000
3f80a000
3f80a000
3f80a000
3f80a000
3f80a000
3f80a000
3f80a000
3f80a000
3f80a000
3f80a000
3f80a000
3f80a000
3f80a000
3f80a000
3f80a000
3f80a000
3f80a000
3f80a000
3f80a000
3f80a000
3f80a000
3f80a000
3f80a000
3f80a000
3f80a000
3f80a000
3f80a000
3f80a000
3f80a000
3f80a000
3f80a000
3f80a000
3f80a000
3f80a000
3f80a000
3f80a000
3f80a000
3f80a000
3f80a000
3f80a000
3f80a000
3f80a000
3f80a000
3f80a000
3f80a000
3f80a000
3f80a000
3f80a000
3f80a000
3f80a000
3f80a000
3f80a000
3f80a000
3f80a000
3f80a000
3f80a000
3f80a000
3f80a000
3f80a000
3f80a000
3f80a000
3f80a000
3f80a000
3f80a000
3f80a000
3f80a000
3f80a000
3f80a000
3f80a000
3f80a000
3f80a000
3f80a000
3f80a000
3f80a000
3f80a000
3f80a000
3f80a000
3f80a000
3f80a000
3f80a000
3f80a000
3f80a000
3f80a000
3f80a000
3f80a000
3f80a000
3f80a000
3f80a000
3f80a000
3f80a000
3f80a000
3f80a000
3f80a000
3f80a000
3f80a000
3f80a000
3f80a000
3f80a000
3f80a000
3f80a000
3f80a000
3f80a000
3f80a000
3f80a000
3f80a000
3f80a000
3f80a000
3f80a000
3f80a000
3f80a000
3f80a000
3f80a000
3f80a000
3f80a000
3f80a000
3f80a000
3f80a000
3f80a000
3f80a000
3f80a000
3f80a000
3f80a000
3f80a000
3f80a000
3f80a000
3f80a000
3f80a000
3f80a000
3f80a000
3f80a000
3f80a000
3f80a000
3f80a000
3f80a000
3f80a000
3f80a000
3f80a000
3f80a000
3f80a000
3f80a000
3f80a000
3f80a000
3f80a000
3f80a000
3f80a000
3f80a000
3f80a000
3f80a000
3f80a000
3f80a000
3f80a000
3f80a000
3f80a000
3f80a000
3f80a000
3f80a000
3f80a000
3f80a000
3f80a000
3f80a000
3f80a000
3f80a000
3f80a000
3f80a000
3f80a000
3f80a000
3f80a000
3f80a000
3f80a000
3f80a000
3f80a000
3f80a000
3f80a000
3f80a000
3f80a000
3f80a000
3f80a000
3f80a000
3f80a000
3f80a000
3f80a000
3f80a000
3f80a000
3f80a000
3f80a000
3f80a000
3f80a000
3f80a000
3f80a000
3f80a000
3f80a000
3f80a000
3f80a000
3f80a000
3f80a000
3f80a000
3f80a000
3f80a000
3f80a000
3f80a000
3f80a000
3f80a000
3f80a000
3f80a000
3f80a000
3f80a000
3f80a000
3f80a000
3f80a000
3f80a000
3f80a000
3f80a000
3f80a000
3f80a000
3f80a000
3f80a000
3f80a000
3f80a000
3f80a000
3f80a000
3f80a000
3f80a000
3f80a000
3f80a000
3f80a000
3f80a000
3f80a000
3f80a000
3f80a000
3f80a000
3f80a000
3f80a000
3f80a000
3f80a000
3f80a000
3f80a000
3f80a000
3f80a000
3f80a000
3f80a000
3f80a000
3f80a000
3f80a000
3f80a000
3f80a000
3f80a000
3f80a000
3f80a000
3f80a000
3f80a000
3f80a000
3f80a000
3f80a000
3f80a000
3f80a000
3f80a000
3f80a000
3f80a000
3f80a000
3f80a000
3f80a000
3f80a000
3f80a000
3f80a000
3f80a000
3f80a000
3f80a000
3f80a000
3f80a000
3f80a000
3f80a000
3f80a000
3f80a000
3f80a000
3f80a000
3f80a000
3f80a000
3f80a000
3f80a000
3f80a000
3f80a000
3f80a000
3f80a000
3f80a000
3f80a000
3f80a000
3f80a000
3f80a000
3f80a000
3f80a000
3f80a000
3f80a000
3f80a000
3f80a000
3f80a000
3f80a000
3f80a000
3f80a000
3f80a000
3f80a000
3f80a000
3f80a000
3f80a000
3f80a000
3f80a000
3f80a000
3f80a000
3f80a000
3f80a000
3f80a000
3f80a000
3f80a000
3f80a000
3f80a000
3f80a000
3f80a000
3f80a000
3f80a000
3f80a000
3f80a000
3f80a000
3f80a000
3f80a000
3f80a000
3f80a000
3f80a000
3f80a000
3f80a000
3f80a000
3f80a000
3f80a000
3f80a000
3f80a000
3f80a000
3f80a000
3f80a000
3f80a000
3f80a000
3f80a000
3f80a000
3f80a000
3f80a000
3f80a000
3f80a000
3f80a000
3f80a000
3f80a000
3f80a000
3f80a000
3f80a000
3f80a000
3f80a000
3f80a000
3f80a000
3f80a000
3f80a000
3f80a000
3f80a000
3f80a000
3f80a000
3f80a000
3f80a000
3f80a000
3f80a000
3f80a000
3f80a000
3f80a000
3f80a000
3f80a000
3f80a000
3f80a000
3f80a000
3f80a000
3f80a000
3f80a000
3f80a000
3f80a000
3f80a000
3f80a000
3f80a000
3f80a000
3f80a000
3f80a000
3f80a000
3f80a000
3f80a000
3f80a000
3f80a000
3f80a000
3f80a000
3f80a000
3f80a000
3f80a000
3f80a000
3f80a000
3f80a000
3f80a000
3f80a000
3f80a000
3f80a000
3f80a000
3f80a000
3f80a000
3f80a000
3f80a000
3f80a000
3f80a000
3f80a000
3f80a000
3f80a000
3f80a000
3f80a000
3f80a000
3f80a000
3f80a000
3f80a000
3f80a000
3f80a000
3f80a000
3f80a000
3f80a000
3f80a000
3f80a000
3f80a000
3f80a000
3f80a000
3f80a000
3f80a000
3f80a000
3f80a000
3f80a000
3f80a000
3f80a000
3f80a000
3f80a000
3f80a000
3f80a000
3f80a000
3f80a000
3f80a000
3f80a000
3f80a000
3f80a000
3f80a000
3f80a000
3f80a000
3f80a000
3f80a000
3f80a000
3f80a000
3f80a000
3f80a000
3f80a000
3f80a000
3f80a000
3f80a000
3f80a000
3f80a000
3f80a000
3f80a000
3f80a000
3f80a000
3f80a000
3f80a000
3f80a000
3f80a000
3f80a000
3f80a000
3f80a000
3f80a000
3f80a000
3f80a000
3f80a000
3f80a000
3f80a000
3f80a000
3f80a000
3f80a000
3f80a000
3f80a000
3f80a000
3f80a000
3f80a000
3f80a000
3f80a000
3f80a000
3f80a000
3f80a000
3f80a000
3f80a000
3f80a000
3f80a000
3f80a000
3f80a000
3f80a000
3f80a000
3f80a000
3f80a000
3f80a000
3f80a000
3f80a000
3f80a000
3f80a000
3f80a000
3f80a000
3f80a000
3f80a000
3f80a000
3f80a000
3f80a000
3f80a000
3f80a000
3f80a000
3f80a000
3f80a000
3f80a000
3f80a000
3f80a000
3f80a000
3f80a000
3f80a000
3f80a000
3f80a000
3f80a000
3f80a000
3f80a000
3f80a000
3f80a000
3f80a000
3f80a000
3f80a000
3f80a000
3f80a000
3f80a000
3f80a000
3f80a000
3f80a000
3f80a000
3f80a000
3f80a000
3f80a000
3f80a000
3f80a000
3f80a000
3f80a000
3f80a000
3f80a000
3f80a000
3f80a000
3f80a000
3f80a000
3f80a000
3f80a000
3f80a000
3f80a000
3f80a000
3f80a000
3f80a000
3f80a000
3f80a000
3f80a000
3f80a000
3f80a000
3f80a000
3f80a000
3f80a000
3f80a000
3f80a000
3f80a000
3f80a000
3f80a000
3f80a000
3f80a000
3f80a000
3f80a000
3f80a000
3f80a000
3f80a000
3f80a000
3f80a000
3f80a000
3f80a000
3f80a000
3f80a000
3f80a000
3f80a000
3f80a000
3f80a000
3f80a000
3f80a000
3f80a000
3f80a000
3f80a000
3f80a000
3f80a000
3f80a000
3f80a000
3f80a000
3f80a000
3f80a000
3f80a000
3f80a000
3f80a000
3f80a000
3f80a000
3f80a000
3f80a000
3f80a000
3f80a000
3f80a000
3f80a000
3f80a000
3f80a000
3f80a000
3f80a000
3f80a000
3f80a000
3f80a000
3f80a000
3f80a000
3f80a000
3f80a000
3f80a000
3f80a000
3f80a000
3f80a000
3f80a000
3f80a000
3f80a000
3f80a000
3f80a000
3f80a000
3f80a000
3f80a000
3f80a000
3f80a000
3f80a000
3f80a000
3f80a000
3f80a000
3f80a000
3f80a000
3f80a000
3f80a000
3f80a000
3f80a000
3f80a000
3f80a000
3f80a000
3f80a000
3f80a000
3f80a000
3f80a000
3f80a000
3f80a000
3f80a000
3f80a000
3f80a000
3f80a000
3f80a000
3f80a000
3f80a000
3f80a000
3f80a000
3f80a000
3f80a000
3f80a000
3f80a000
3f80a000
3f80a000
3f80a000
3f80a000
3f80a000
3f80a000
3f80a000
3f80a000
3f80a000
3f80a000
3f80a000
3f80a000
3f80a000
3f80a000
3f80a000
3f80a000
3f80a000
3f80a000
3f80a000
3f80a000
3f80a000
3f80a000
3f80a000
3f80a000
3f80a000
3f80a000
3f80a000
3f80a000
3f80a000
3f80a000
3f80a000
3f80a000
3f80a000
3f80a000
3f80a000
3f80a000
3f80a000
3f80a000
3f80a000
3f80a000
3f80a000
3f80a000
3f80a000
3f80a000
3f80a000
3f80a000
3f80a000
3f80a000
3f80a000
3f80a000
3f80a000
3f80a000
3f80a000
3f80a000
3f80a000
3f80a000
3f80a000
3f80a000
3f80a000
3f80a000
3f80a000
3f80a000
3f80a000
3f80a000
3f80a000
3f80a000
3f80a000
3f80a000
3f80a000
3f80a000
3f80a000
3f80a000
3f80a000
3f80a000
3f80a000
3f80a000
3f80a000
3f80a000
3f80a000
3f80a000
3f80a000
3f80a000
3f80a000
3f80a000
3f80a000
3f80a000
3f80a000
3f80a000
3f80a000
3f80a000
3f80a000
3f80a000
3f80a000
3f80a000
3f80a000
3f80a000
3f80a000
3f80a000
3f80a000
3f80a000
3f80a000
3f80a000
3f80a000
3f80a000
3f80a000
3f80a000
3f80a000
3f80a000
3f80a000
3f80a000
3f80a000
3f80a000
3f80a000
3f80a000
3f80a000
3f80a000
3f80a000
3f80a000
3f80a000
3f80a000
3f80a000
3f80a000
3f80a000
3f80a000
3f80a000
3f80a000
3f80a000
3f80a000
3f80a000
3f80a000
3f80a000
3f80a000
3f80a000
3f80a000
3f80a000
3f80a000
3f80a000
3f80a000
3f80a000
3f80a000
3f80a000
3f80a000
3f80a000
3f80a000
3f80a000
3f80a000
3f80a000
3f80a000
3f80a000
3f80a000
3f80a000
3f80a000
3f80a000
3f80a000
3f80a000
3f80a000
3f80a000
3f80a000
3f80a000
3f80a000
3f80a000
3f80a000
3f80a000
3f80a000
3f80a000
3f80a000
3f80a000
3f80a000
3f80a000
3f80a000
3f80a000
3f80a000
3f80a000
3f80a000
3f80a000
3f80a000
3f80a000
3f80a000
3f80a000
3f80a000
3f80a000
3f80a000
3f80a000
3f80a000
3f80a000
3f80a000
3f80a000
3f80a000
3f80a000
3f80a000
3f80a000
3f80a000
3f80a000
3f80a000
3f80a000
3f80a000
3f80a000
3f80a000
3f80a000
3f80a000
3f80a000
3f80a000
3f80a000
3f80a000
3f80a000
3f80a000
3f80a000
3f80a000
3f80a000
3f80a000
3f80a000
3f80a000
3f80a000
3f80a000
3f80a000
3f80a000
3f80a000
3f80a000
3f80a000
3f80a000
3f80a000
3f80a000
3f80a000
3f80a000
3f80a000
3f80a000
3f80a000
3f80a000
3f80a000
3f80a000
3f80a000
3f80a000
3f80a000
3f80a000
3f80a000
3f80a000
3f80a000
3f80a000
3f80a000
3f80a000
3f80a000
3f80a000
3f80a000
3f80a000
3f80a000
3f80a000
3f80a000
3f80a000
3f80a000
3f80a000
3f80a000
3f80a000
3f80a000
3f80a000
3f80a000
3f80a000
3f80a000
3f80a000
3f80a000
3f80a000
3f80a000
3f80a000
3f80a000
3f80a000
3f80a000
3f80a000
3f80a000
3f80a000
3f80a000
3f80a000
3f80a000
3f80a000
3f80a000
3f80a000
3f80a000
3f80a000
3f80a000
3f80a000
3f80a000
3f80a000
3f80a000
3f80a000
3f80a000
3f80a000
3f80a000
3f80a000
3f80a000
3f80a000
3f80a000
3f80a000
3f80a000
3f80a000
3f80a000
3f80a000
3f80a000
3f80a000
3f80a000
3f80a000
3f80a000
3f80a000
3f80a000
3f80a000
3f80a000
3f80a000
3f80a000
3f80a000
3f80a000
3f80a000
3f80a000
3f80a000
3f80a000
3f80a000
3f80a000
3f80a000
3f80a000
3f80a000
3f80a000
3f80a000
3f80a000
3f80a000
3f80a000
3f80a000
3f80a000
3f80a000
3f80a000
3f80a000
3f80a000
3f80a000
3f80a000
3f80a000
3f80a000
3f80a000
3f80a000
3f80a000
3f80a000
3f80a000
3f80a000
3f80a000
3f80a000
3f80a000
3f80a000
3f80a000
3f80a000
3f80a000
3f80a000
3f80a000
3f80a000
3f80a000
3f80a000
3f80a000
3f80a000
3f80a000
3f80a000
3f80a000
3f80a000
3f80a000
3f80a000
3f80a000
3f80a000
3f80a000
3f80a000
3f80a000
3f80a000
3f80a000
3f80a000
3f80a000
3f80a000
3f80a000
3f80a000
3f80a000
3f80a000
3f80a000
3f80a000
3f80a000
3f80a000
3f80a000
3f80a000
3f80a000
3f80a000
3f80a000
3f80a000
3f80a000
3f80a000
3f80a000
3f80a000
3f80a000
3f80a000
3f80a000
3f80a000
3f80a000
3f80a000
3f80a000
3f80a000
3f80a000
3f80a000
3f80a000
3f80a000
3f80a000
3f80a000
3f80a000
3f80a000
3f80a000
3f80a000
3f80a000
3f80a000
3f80a000
3f80a000
3f80a000
3f80a000
3f80a000
3f80a000
3f80a000
3f80a000
3f80a000
3f80a000
3f80a000
3f80a000
3f80a000
3f80a000
3f80a000
3f80a000
3f80a000
3f80a000
3f80a000
3f80a000
3f80a000
3f80a000
3f80a000
3f80a000
3f80a000
3f80a000
3f80a000
3f80a000
3f80a000
3f80a000
3f80a000
3f80a000
3f80a000
3f80a000
3f80a000
3f80a000
3f80a000
3f80a000
3f80a000
3f80a000
3f80a000
3f80a000
3f80a000
3f80a000
3f80a000
3f80a000
3f80a000
3f80a000
3f80a000
3f80a000
3f80a000
3f80a000
3f80a000
3f80a000
3f80a000
3f80a000
3f80a000
3f80a000
3f80a000
3f80a000
3f80a000
3f80a000
3f80a000
3f80a000
3f80a000
3f80a000
3f80a000
3f80a000
3f80a000
3f80a000
3f80a000
3f80a000
3f80a000
3f80a000
3f80a000
3f80a000
3f80a000
3f80a000
3f80a000
3f80a000
3f80a000
3f80a000
3f80a000
3f80a000
3f80a000
3f80a000
3f80a000
3f80a000
3f80a000
3f80a000
3f80a000
3f80a000
3f80a000
3f80a000
3f80a000
3f80a000
3f80a000
3f80a000
3f80a000
3f80a000
3f80a000
3f80a000
3f80a000
3f80a000
3f80a000
3f80a000
3f80a000
3f80a000
3f80a000
3f80a000
3f80a000
3f80a000
3f80a000
3f80a000
3f80a000
3f80a000
3f80a000
3f80a000
3f80a000
3f80a000
3f80a000
3f80a000
3f80a000
3f80a000
3f80a000
3f80a000
3f80a000
3f80a000
3f80a000
3f80a000
3f80a000
3f80a000
3f80a000
3f80a000
3f80a000
3f80a000
3f80a000
3f80a000
3f80a000
3f80a000
3f80a000
3f80a000
3f80a000
3f80a000
3f80a000
3f80a000
3f80a000
3f80a000
3f80a000
3f80a000
3f80a000
3f80a000
3f80a000
3f80a000
3f80a000
3f80a000
3f80a000
3f80a000
3f80a000
3f80a000
3f80a000
3f80a000
3f80a000
3f80a000
3f80a000
3f80a000
3f80a000
3f80a000
3f80a000
3f80a000
3f80a000
3f80a000
3f80a000
3f80a000
3f80a000
3f80a000
3f80a000
3f80a000
3f80a000
3f80a000
3f80a000
3f80a000
3f80a000
3f80a000
3f80a000
3f80a000
3f80a000
3f80a000
3f80a000
3f80a000
3f80a000
3f80a000
3f80a000
3f80a000
3f80a000
3f80a000
3f80a000
3f80a000
3f80a000
3f80a000
3f80a000
3f80a000
3f80a000
3f80a000
3f80a000
3f80a000
3f80a000
3f80a000
3f80a000
3f80a000
3f80a000
3f80a000
3f80a000
3f80a000
3f80a000
3f80a000
3f80a000
3f80a000
3f80a000
3f80a000
3f80a000
3f80a000
3f80a000
3f80a000
3f80a000
3f80a000
3f80a000
3f80a000
3f80a000
3f80a000
3f80a000
3f80a000
3f80a000
3f80a000
3f80a000
3f80a000
3f80a000
3f80a000
3f80a000
3f80a000
3f80a000
3f80a000
3f80a000
3f80a000
3f80a000
3f80a000
3f80a000
3f80a000
3f80a000
3f80a000
3f80a000
3f80a000
3f80a000
3f80a000
3f80a000
3f80a000
3f80a000
3f80a000
3f80a000
3f80a000
3f80a000
3f80a000
3f80a000
3f80a000
3f80a000
3f80a000
3f80a000
3f80a000
3f80a000
3f80a000
3f80a000
3f80a000
3f80a000
3f80a000
3f80a000
3f80a000
3f80a000
3f80a000
3f80a000
3f80a000
3f80a000
3f80a000
3f80a000
3f80a000
3f80a000
3f80a000
3f80a000
3f80a000
3f80a000
3f80a000
3f80a000
3f80a000
3f80a000
3f80a000
3f80a000
3f80a000
3f80a000
3f80a000
3f80a000
3f80a000
3f80a000
3f80a000
3f80a000
3f80a000
3f80a000
3f80a000
3f80a000
3f80a000
3f80a000
3f80a000
3f80a000
3f80a000
3f80a000
3f80a000
3f80a000
3f80a000
3f80a000
3f80a000
3f80a000
3f80a000
3f80a000
3f80a000
3f80a000
3f80a000
3f80a000
3f80a000
3f80a000
3f80a000
3f80a000
3f80a000
3f80a000
3f80a000
3f80a000
3f80a000
3f80a000
3f80a000
3f80a000
3f80a000
3f80a000
3f80a000
3f80a000
3f80a000
3f80a000
3f80a000
3f80a000
3f80a000
3f80a000
3f80a000
3f80a000
3f80a000
3f80a000
3f80a000
3f80a000
3f80a000
3f80a000
3f80a000
3f80a000
3f80a000
3f80a000
3f80a000
3f80a000
3f80a000
3f80a000
3f80a000
3f80a000
3f80a000
3f80a000
3f80a000
3f80a000
3f80a000
3f80a000
3f80a000
3f80a000
3f80a000
3f80a000
3f80a000
3f80a000
3f80a000
3f80a000
3f80a000
3f80a000
3f80a000
3f80a000
3f80a000
3f80a000
3f80a000
3f80a000
3f80a000
3f80a000
3f80a000
3f80a000
3f80a000
3f80a000
3f80a000
3f80a000
3f80a000
3f80a000
3f80a000
3f80a000
3f80a000
3f80a000
3f80a000
3f80a000
3f80a000
3f80a000
3f80a000
3f80a000
3f80a000
3f80a000
3f80a000
3f80a000
3f80a000
3f80a000
3f80a000
3f80a000
3f80a000
3f80a000
3f80a000
3f80a000
3f80a000
3f80a000
3f80a000
3f80a000
3f80a000
3f80a000
3f80a000
3f80a000
3f80a000
3f80a000
3f80a000
3f80a000
3f80a000
3f80a000
3f80a000
3f80a000
3f80a000
3f80a000
3f80a000
3f80a000
3f80a000
3f80a000
3f80a000
3f80a000
3f80a000
3f80a000
3f80a000
3f80a000
3f80a000
3f80a000
3f80a000
3f80a000
3f80a000
3f80a000
3f80a000
3f80a000
3f80a000
3f80a000
3f80a000
3f80a000
3f80a000
3f80a000
3f80a000
3f80a000
3f80a000
3f80a000
3f80a000
3f80a000
3f80a000
3f80a000
3f80a000
3f80a000
3f80a000
3f80a000
3f80a000
3f80a000
3f80a000
3f80a000
3f80a000
3f80a000
3f80a000
3f80a000
3f80a000
3f80a000
3f80a000
3f80a000
3f80a000
3f80a000
3f80a000
3f80a000
3f80a000
3f80a000
3f80a000
3f80a000
3f80a000
3f80a000
3f80a000
3f80a000
3f80a000
3f80a000
3f80a000
3f80a000
3f80a000
3f80a000
3f80a000
3f80a000
3f80a000
3f80a000
3f80a000
3f80a000
3f80a000
3f80a000
3f80a000
3f80a000
3f80a000
3f80a000
3f80a000
3f80a000
3f80a000
3f80a000
3f80a000
3f80a000
3f80a000
3f80a000
3f80a000
3f80a000
3f80a000
3f80a000
3f80a000
3f80a000
3f80a000
3f80a000
3f80a000
3f80a000
3f80a000
3f80a000
3f80a000
3f80a000
3f80a000
3f80a000
3f80a000
3f80a000
3f80a000
3f80a000
3f80a000
3f80a000
3f80a000
3f80a000
3f80a000
3f80a000
3f80a000
3f80a000
3f80a000
3f80a000
3f80a000
3f80a000
3f80a000
3f80a000
3f80a000
3f80a000
3f80a000
3f80a000
3f80a000
3f80a000
3f80a000
3f80a000
3f80a000
3f80a000
3f80a000
3f80a000
3f80a000
3f80a000
3f80a000
3f80a000
3f80a000
3f80a000
3f80a000
3f80a000
3f80a000
3f80a000
3f80a000
3f80a000
3f80a000
3f80a000
3f80a000
3f80a000
3f80a000
3f80a000
3f80a000
3f80a000
3f80a000
3f80a000
3f80a000
3f80a000
3f80a000
3f80a000
3f80a000
3f80a000
3f80a000
3f80a000
3f80a000
3f80a000
3f80a000
3f80a000
3f80a000
3f80a000
3f80a000
3f80a000
3f80a000
3f80a000
3f80a000
3f80a000
3f80a000
3f80a000
3f80a000
3f80a000
3f80a000
3f80a000
3f80a000
3f80a000
3f80a000
3f80a000
3f80a000
3f80a000
3f80a000
3f80a000
3f80a000
3f80a000
3f80a000
3f80a000
3f80a000
3f80a000
3f80a000
3f80a000
3f80a000
3f80a000
3f80a000
3f80a000
3f80a000
3f80a000
3f80a000
3f80a000
3f80a000
3f80a000
3f80a000
3f80a000
3f80a000
3f80a000
3f80a000
3f80a000
3f80a000
3f80a000
3f80a000
3f80a000
3f80a000
3f80a000
3f80a000
3f80a000
3f80a000
3f80a000
3f80a000
3f80a000
3f80a000
3f80a000
3f80a000
3f80a000
3f80a000
3f80a000
3f80a000
3f80a000
3f80a000
3f80a000
3f80a000
3f80a000
3f80a000
3f80a000
3f80a000
3f80a000
3f80a000
3f80a000
3f80a000
3f80a000
3f80a000
3f80a000
3f80a000
3f80a000
3f80a000
3f80a000
3f80a000
3f80a000
3f80a000
3f80a000
3f80a000
3f80a000
3f80a000
3f80a000
3f80a000
3f80a000
3f80a000
3f80a000
3f80a000
3f80a000
3f80a000
3f80a000
3f80a000
3f80a000
3f80a000
3f80a000
3f80a000
3f80a000
3f80a000
3f80a000
3f80a000
3f80a000
3f80a000
3f80a000
3f80a000
3f80a000
3f80a000
3f80a000
3f80a000
3f80a000
3f80a000
3f80a000
3f80a000
3f80a000
3f80a000
3f80a000
3f80a000
3f80a000
3f80a000
3f80a000
3f80a000
3f80a000
3f80a000
3f80a000
3f80a000
3f80a000
3f80a000
3f80a000
3f80a000
3f80a000
3f80a000
3f80a000
3f80a000
3f80a000
3f80a000
3f80a000
3f80a000
3f80a000
3f80a000
3f80a000
3f80a000
3f80a000
3f80a000
3f80a000
3f80a000
3f80a000
3f80a000
3f80a000
3f80a000
3f80a000
3f80a000
3f80a000
3f80a000
3f80a000
3f80a000
3f80a000
3f80a000
3f80a000
3f80a000
3f80a000
3f80a000
3f80a000
3f80a000
3f80a000
3f80a000
3f80a000
3f80a000
3f80a000
3f80a000
3f80a000
3f80a000
3f80a000
3f80a000
3f80a000
3f80a000
3f80a000
3f80a000
3f80a000
3f80a000
3f80a000
3f80a000
3f80a000
3f80a000
3f80a000
3f80a000
3f80a000
3f80a000
3f80a000
3f80a000
3f80a000
3f80a000
3f80a000
3f80a000
3f80a000
3f80a000
3f80a000
3f80a000
3f80a000
3f80a000
3f80a000
3f80a000
3f80a000
3f80a000
3f80a000
3f80a000
3f80a000
3f80a000
3f80a000
3f80a000
3f80a000
3f80a000
3f80a000
3f80a000
3f80a000
3f80a000
3f80a000
3f80a000
3f80a000
3f80a000
3f80a000
3f80a000
3f80a000
3f80a000
3f80a000
3f80a000
3f80a000
3f80a000
3f80a000
3f80a000
3f80a000
3f80a000
3f80a000
3f80a000
3f80a000
3f80a000
3f80a000
3f80a000
3f80a000
3f80a000
3f80a000
3f80a000
3f80a000
3f80a000
3f80a000
3f80a000
3f80a000
3f80a000
3f80a000
3f80a000
3f80a000
3f80a000
3f80a000
3f80a000
3f80a000
3f80a000
3f80a000
3f80a000
3f80a000
3f80a000
3f80a000
3f80a000
3f80a000
3f80a000
3f80a000
3f80a000
3f80a000
3f80a000
3f80a000
3f80a000
3f80a000
3f80a000
3f80a000
3f80a000
3f80a000
3f80a000
3f80a000
3f80a000
3f80a000
3f80a000
3f80a000
3f80a000
3f80a000
3f80a000
3f80a000
3f80a000
3f80a000
3f80a000
3f80a000
3f80a000
3f80a000
3f80a000
3f80a000
3f80a000
3f80a000
3f80a000
3f80a000
3f80a000
3f80a000
3f80a000
3f80a000
3f80a000
3f80a000
3f80a000
3f80a000
3f80a000
3f80a000
3f80a000
3f80a000
3f80a000
3f80a000
3f80a000
3f80a000
3f80a000
3f80a000
3f80a000
3f80a000
3f80a000
3f80a000
3f80a000
3f80a000
3f80a000
3f80a000
3f80a000
3f80a000
3f80a000
3f80a000
3f80a000
3f80a000
3f80a000
3f80a000
3f80a000
3f80a000
3f80a000
3f80a000
3f80a000
3f80a000
3f80a000
3f80a000
3f80a000
3f80a000
3f80a000
3f80a000
3f80a000
3f80a000
3f80a000
3f80a000
3f80a000
3f80a000
3f80a000
3f80a000
3f80a000
3f80a000
3f80a000
3f80a000
3f80a000
3f80a000
3f80a000
3f80a000
3f80a000
3f80a000
3f80a000
3f80a000
3f80a000
3f80a000
3f80a000
3f80a000
3f80a000
3f80a000
3f80a000
3f80a000
3f80a000
3f80a000
3f80a000
3f80a000
3f80a000
3f80a000
3f80a000
3f80a000
3f80a000
3f80a000
3f80a000
3f80a000
3f80a000
3f80a000
3f80a000
3f80a000
3f80a000
3f80a000
3f80a000
3f80a000
3f80a000
3f80a000
3f80a000
3f80a000
3f80a000
3f80a000
3f80a000
3f80a000
3f80a000
3f80a000
3f80a000
3f80a000
3f80a000
3f80a000
3f80a000
3f80a000
3f80a000
3f80a000
3f80a000
3f80a000
3f80a000
3f80a000
3f80a000
3f80a000
3f80a000
3f80a000
3f80a000
3f80a000
3f80a000
3f80a000
3f80a000
3f80a000
3f80a000
3f80a000
3f80a000
3f80a000
3f80a000
3f80a000
3f80a000
3f80a000
3f80a000
3f80a000
3f80a000
3f80a000
3f80a000
3f80a000
3f80a000
3f80a000
3f80a000
3f80a000
3f80a000
3f80a000
3f80a000
3f80a000
3f80a000
3f80a000
3f80a000
3f80a000
3f80a000
3f80a000
3f80a000
3f80a000
3f80a000
3f80a000
3f80a000
3f80a000
3f80a000
3f80a000
3f80a000
3f80a000
3f80a000
3f80a000
3f80a000
3f80a000
3f80a000
3f80a000
3f80a000
3f80a000
3f80a000
3f80a000
3f80a000
3f80a000
3f80a000
3f80a000
3f80a000
3f80a000
3f80a000
3f80a000
3f80a000
3f80a000
3f80a000
3f80a000
3f80a000
3f80a000
3f80a000
3f80a000
3f80a000
3f80a000
3f80a000
3f80a000
3f80a000
3f80a000
3f80a000
3f80a000
3f80a000
3f80a000
3f80a000
3f80a000
3f80a000
3f80a000
3f80a000
3f80a000
3f80a000
3f80a000
3f80a000
3f80a000
3f80a000
3f80a000
3f80a000
3f80a000
3f80a000
3f80a000
3f80a000
3f80a000
3f80a000
3f80a000
3f80a000
3f80a000
3f80a000
3f80a000
3f80a000
3f80a000
3f80a000
3f80a000
3f80a000
3f80a000
3f80a000
3f80a000
3f80a000
3f80a000
3f80a000
3f80a000
3f80a000
3f80a000
3f80a000
3f80a000
3f80a000
3f80a000
3f80a000
3f80a000
3f80a000
3f80a000
3f80a000
3f80a000
3f80a000
3f80a000
3f80a000
3f80a000
3f80a000
3f80a000
3f80a000
3f80a000
3f80a000
3f80a000
3f80a000
3f80a000
3f80a000
3f80a000
3f80a000
3f80a000
3f80a000
3f80a000
3f80a000
3f80a000
3f80a000
3f80a000
3f80a000
3f80a000
3f80a000
3f80a000
3f80a000
3f80a000
3f80a000
3f80a000
3f80a000
3f80a000
3f80a000
3f80a000
3f80a000
3f80a000
3f80a000
3f80a000
3f80a000
3f80a000
3f80a000
3f80a000
3f80a000
3f80a000
3f80a000
3f80a000
3f80a000
3f80a000
3f80a000
3f80a000
3f80a000
3f80a000
3f80a000
3f80a000
3f80a000
3f80a000
3f80a000
3f80a000
3f80a000
3f80a000
3f80a000
3f80a000
3f80a000
3f80a000
3f80a000
3f80a000
3f80a000
3f80a000
3f80a000
3f80a000
3f80a000
3f80a000
3f80a000
3f80a000
3f80a000
3f80a000
3f80a000
3f80a000
3f80a000
3f80a000
3f80a000
3f80a000
3f80a000
3f80a000
3f80a000
3f80a000
3f80a000
3f80a000
3f80a000
3f80a000
3f80a000
3f80a000
3f80a000
3f80a000
3f80a000
3f80a000
3f80a000
3f80a000
3f80a000
3f80a000
3f80a000
3f80a000
3f80a000
3f80a000
3f80a000
3f80a000
3f80a000
3f80a000
3f80a000
3f80a000
3f80a000
3f80a000
3f80a000
3f80a000
3f80a000
3f80a000
3f80a000
3f80a000
3f80a000
3f80a000
3f80a000
3f80a000
3f80a000
3f80a000
3f80a000
3f80a000
3f80a000
3f80a000
3f80a000
3f80a000
3f80a000
3f80a000
3f80a000
3f80a000
3f80a000
3f80a000
3f80a000
3f80a000
3f80a000
3f80a000
3f80a000
3f80a000
3f80a000
3f80a000
3f80a000
3f80a000
3f80a000
3f80a000
3f80a000
3f80a000
3f80a000
3f80a000
3f80a000
3f80a000
3f80a000
3f80a000
3f80a000
3f80a000
3f80a000
3f80a000
3f80a000
3f80a000
3f80a000
3f80a000
3f80a000
3f80a000
3f80a000
3f80a000
3f80a000
3f80a000
3f80a000
3f80a000
3f80a000
3f80a000
3f80a000
3f80a000
3f80a000
3f80a000
3f80a000
3f80a000
3f80a000
3f80a000
3f80a000
3f80a000
3f80a000
3f80a000
3f80a000
3f80a000
3f80a000
3f80a000
3f80a000
3f80a000
3f80a000
3f80a000
3f80a000
3f80a000
3f80a000
3f80a000
3f80a000
3f80a000
3f80a000
3f80a000
3f80a000
3f80a000
3f80a000
3f80a000
3f80a000
3f80a000
3f80a000
3f80a000
3f80a000
3f80a000
3f80a000
3f80a000
3f80a000
3f80a000
3f80a000
3f80a000
3f80a000
3f80a000
3f80a000
3f80a000
3f80a000
3f80a000
3f80a000
3f80a000
3f80a000
3f80a000
3f80a000
3f80a000
3f80a000
3f80a000
3f80a000
3f80a000
3f80a000
3f80a000
3f80a000
3f80a000
3f80a000
3f80a000
3f80a000
3f80a000
3f80a000
3f80a000
3f80a000
3f80a000
3f80a000
3f80a000
3f80a000
3f80a000
3f80a000
3f80a000
3f80a000
3f80a000
3f80a000
3f80a000
3f80a000
3f80a000
3f80a000
3f80a000
3f80a000
3f80a000
3f80a000
3f80a000
3f80a000
3f80a000
3f80a000
3f80a000
3f80a000
3f80a000
3f80a000
3f80a000
3f80a000
3f80a000
3f80a000
3f80a000
3f80a000
3f80a000
3f80a000
3f80a000
3f80a000
3f80a000
3f80a000
3f80a000
3f80a000
3f80a000
3f80a000
3f80a000
3f80a000
3f80a000
3f80a000
3f80a000
3f80a000
3f80a000
3f80a000
3f80a000
3f80a000
3f80a000
3f80a000
3f80a000
3f80a000
3f80a000
3f80a000
3f80a000
3f80a000
3f80a000
3f80a000
3f80a000
3f80a000
3f80a000
3f80a000
3f80a000
3f80a000
3f80a000
3f80a000
3f80a000
3f80a000
3f80a000
3f80a000
3f80a000
3f80a000
3f80a000
3f80a000
3f80a000
3f80a000
3f80a000
3f80a000
3f80a000
3f80a000
3f80a000
3f80a000
3f80a000
3f80a000
3f80a000
3f80a000
3f80a000
3f80a000
3f80a000
3f80a000
3f80a000
3f80a000
3f80a000
3f80a000
3f80a000
3f80a000
3f80a000
3f80a000
3f80a000
3f80a000
3f80a000
3f80a000
3f80a000
3f80a000
3f80a000
3f80a000
3f80a000
3f80a000
3f80a000
3f80a000
3f80a000
3f80a000
3f80a000
3f80a000
3f80a000
3f80a000
3f80a000
3f80a000
3f80a000
3f80a000
3f80a000
3f80a000
3f80a000
3f80a000
3f80a000
3f80a000
3f80a000
3f80a000
3f80a000
3f80a000
3f80a000
3f80a000
3f80a000
3f80a000
3f80a000
3f80a000
3f80a000
3f80a000
3f80a000
3f80a000
3f80a000
3f80a000
3f80a000
3f80a000
3f80a000
3f80a000
3f80a000
3f80a000
3f80a000
3f80a000
3f80a000
3f80a000
3f80a000
3f80a000
3f80a000
3f80a000
3f80a000
3f80a000
3f80a000
3f80a000
3f80a000
3f80a000
3f80a000
3f80a000
3f80a000
3f80a000
3f80a000
3f80a000
3f80a000
3f80a000
3f80a000
3f80a000
3f80a000
3f80a000
3f80a000
3f80a000
3f80a000
3f80a000
3f80a000
3f80a000
3f80a000
3f80a000
3f80a000
3f80a000
3f80a000
3f80a000
3f80a000
3f80a000
3f80a000
3f80a000
3f80a000
3f80a000
3f80a000
3f80a000
3f80a000
3f80a000
3f80a000
3f80a000
3f80a000
3f80a000
3f80a000
3f80a000
3f80a000
3f80a000
3f80a000
3f80a000
3f80a000
3f80a000
3f80a000
3f80a000
3f80a000
3f80a000
3f80a000
3f80a000
3f80a000
3f80a000
3f80a000
3f80a000
3f80a000
3f80a000
3f80a000
3f80a000
3f80a000
3f80a000
3f80a000
3f80a000
3f80a000
3f80a000
3f80a000
3f80a000
3f80a000
3f80a000
3f80a000
3f80a000
3f80a000
3f80a000
3f80a000
3f80a000
3f80a000
3f80a000
3f80a000
3f80a000
3f80a000
3f80a000
3f80a000
3f80a000
3f80a000
3f80a000
3f80a000
3f80a000
3f80a000
3f80a000
3f80a000
3f80a000
3f80a000
3f80a000
3f80a000
3f80a000
3f80a000
3f80a000
3f80a000
3f80a000
3f80a000
3f80a000
3f80a000
3f80a000
3f80a000
3f80a000
3f80a000
3f80a000
3f80a000
3f80a000
3f80a000
3f80a000
3f80a000
3f80a000
3f80a000
3f80a000
3f80a000
3f80a000
3f80a000
3f80a000
3f80a000
3f80a000
3f80a000
3f80a000
3f80a000
3f80a000
3f80a000
3f80a000
3f80a000
3f80a000
3f80a000
3f80a000
3f80a000
3f80a000
3f80a000
3f80a000
3f80a000
3f80a000
3f80a000
3f80a000
3f80a000
3f80a000
3f80a000
3f80a000
3f80a000
3f80a000
3f80a000
3f80a000
3f80a000
3f80a000
3f80a000
3f80a000
3f80a000
3f80a000
3f80a000
3f80a000
3f80a000
3f80a000
3f80a000
3f80a000
3f80a000
3f80a000
3f80a000
3f80a000
3f80a000
3f80a000
3f80a000
3f80a000
3f80a000
3f80a000
3f80a000
3f80a000
3f80a000
3f80a000
3f80a000
3f80a000
3f80a000
3f80a000
3f80a000
3f80a000
3f80a000
3f80a000
3f80a000
3f80a000
3f80a000
3f80a000
3f80a000
3f80a000
3f80a000
3f80a000
3f80a000
3f80a000
3f80a000
3f80a000
3f80a000
3f80a000
3f80a000
3f80a000
3f80a000
3f80a000
3f80a000
3f80a000
3f80a000
3f80a000
3f80a000
3f80a000
3f80a000
3f80a000
3f80a000
3f80a000
3f80a000
3f80a000
3f80a000
3f80a000
3f80a000
3f80a000
3f80a000
3f80a000
3f80a000
3f80a000
3f80a000
3f80a000
3f80a000
3f80a000
3f80a000
3f80a000
3f80a000
3f80a000
3f80a000
3f80a000
3f80a000
3f80a000
3f80a000
3f80a000
3f80a000
3f80a000
3f80a000
3f80a000
3f80a000
3f80a000
3f80a000
3f80a000
3f80a000
3f80a000
3f80a000
3f80a000
3f80a000
3f80a000
3f80a000
3f80a000
3f80a000
3f80a000
3f80a000
3f80a000
3f80a000
3f80a000
3f80a000
3f80a000
3f80a000
3f80a000
3f80a000
3f80a000
3f80a000
3f80a000
3f80a000
3f80a000
3f80a000
3f80a000
3f80a000
3f80a000
3f80a000
3f80a000
3f80a000
3f80a000
3f80a000
3f80a000
3f80a000
3f80a000
3f80a000
3f80a000
3f80a000
3f80a000
3f80a000
3f80a000
3f80a000
3f80a000
3f80a000
3f80a000
3f80a000
3f80a000
3f80a000
3f80a000
3f80a000
3f80a000
3f80a000
3f80a000
3f80a000
3f80a000
3f80a000
3f80a000
3f80a000
3f80a000
3f80a000
3f80a000
3f80a000
3f80a000
3f80a000
3f80a000
3f80a000
3f80a000
3f80a000
3f80a000
3f80a000
3f80a000
3f80a000
3f80a000
3f80a000
3f80a000
3f80a000
3f80a000
3f80a000
3f80a000
3f80a000
3f80a000
3f80a000
3f80a000
3f80a000
3f80a000
3f80a000
3f80a000
3f80a000
3f80a000
3f80a000
3f80a000
3f80a000
3f80a000
3f80a000
3f80a000
3f80a000
3f80a000
3f80a000
3f80a000
3f80a000
3f80a000
3f80a000
3f80a000
3f80a000
3f80a000
3f80a000
3f80a000
3f80a000
3f80a000
3f80a000
3f80a000
3f80a000
3f80a000
3f80a000
3f80a000
3f80a000
3f80a000
3f80a000
3f80a000
3f80a000
3f80a000
3f80a000
3f80a000
3f80a000
3f80a000
3f80a000
3f80a000
3f80a000
3f80a000
3f80a000
3f80a000
3f80a000
3f80a000
3f80a000
3f80a000
3f80a000
3f80a000
3f80a000
3f80a000
3f80a000
3f80a000
3f80a000
3f80a000
3f80a000
3f80a000
3f80a000
3f80a000
3f80a000
3f80a000
3f80a000
3f80a000
3f80a000
3f80a000
3f80a000
3f80a000
3f80a000
3f80a000
3f80a000
3f80a000
3f80a000
3f80a000
3f80a000
3f80a000
3f80a000
3f80a000
3f80a000
3f80a000
3f80a000
3f80a000
3f80a000
3f80a000
3f80a000
3f80a000
3f80a000
3f80a000
3f80a000
3f80a000
3f80a000
3f80a000
3f80a000
3f80a000
3f80a000
3f80a000
3f80a000
3f80a000
3f80a000
3f80a000
3f80a000
3f80a000
3f80a000
3f80a000
3f80a000
3f80a000
3f80a000
3f80a000
3f80a000
3f80a000
3f80a000
3f80a000
3f80a000
3f80a000
3f80a000
3f80a000
3f80a000
3f80a000
3f80a000
3f80a000
3f80a000
3f80a000
3f80a000
3f80a000
3f80a000
3f80a000
3f80a000
3f80a000
3f80a000
3f80a000
3f80a000
3f80a000
3f80a000
3f80a000
3f80a000
3f80a000
3f80a000
3f80a000
3f80a000
3f80a000
3f80a000
3f80a000
3f80a000
3f80a000
3f80a000
3f80a000
3f80a000
3f80a000
3f80a000
3f80a000
3f80a000
3f80a000
3f80a000
3f80a000
3f80a000
3f80a000
3f80a000
3f80a000
3f80a000
3f80a000
3f80a000
3f80a000
3f80a000
3f80a000
3f80a000
3f80a000
3f80a000
3f80a000
3f80a000
3f80a000
3f80a000
3f80a000
3f80a000
3f80a000
3f80a000
3f80a000
3f80a000
3f80a000
3f80a000
3f80a000
3f80a000
3f80a000
3f80a000
3f80a000
3f80a000
3f80a000
3f80a000
3f80a000
3f80a000
3f80a000
3f80a000
3f80a000
3f80a000
3f80a000
3f80a000
3f80a000
3f80a000
3f80a000
3f80a000
3f80a000
3f80a000
3f80a000
3f80a000
3f80a000
3f80a000
3f80a000
3f80a000
3f80a000
3f80a000
3f80a000
3f80a000
3f80a000
3f80a000
3f80a000
3f80a000
3f80a000
3f80a000
3f80a000
3f80a000
3f80a000
3f80a000
3f80a000
3f80a000
3f80a000
3f80a000
3f80a000
3f80a000
3f80a000
3f80a000
3f80a000
3f80a000
3f80a000
3f80a000
3f80a000
3f80a000
3f80a000
3f80a000
3f80a000
3f80a000
3f80a000
3f80a000
3f80a000
3f80a000
3f80a000
3f80a000
3f80a000
3f80a000
3f80a000
3f80a000
3f80a000
3f80a000
3f80a000
3f80a000
3f80a000
3f80a000
3f80a000
3f80a000
3f80a000
3f80a000
3f80a000
3f80a000
3f80a000
3f80a000
3f80a000
3f80a000
3f80a000
3f80a000
3f80a000
3f80a000
3f80a000
3f80a000
3f80a000
3f80a000
3f80a000
3f80a000
3f80a000
3f80a000
3f80a000
3f80a000
3f80a000
3f80a000
3f80a000
3f80a000
3f80a000
3f80a000
3f80a000
3f80a000
3f80a000
3f80a000
3f80a000
3f80a000
3f80a000
3f80a000
3f80a000
3f80a000
3f80a000
3f80a000
3f80a000
3f80a000
3f80a000
3f80a000
3f80a000
3f80a000
3f80a000
3f80a000
3f80a000
3f80a000
3f80a000
3f80a000
3f80a000
3f80a000
3f80a000
3f80a000
3f80a000
3f80a000
3f80a000
3f80a000
3f80a000
3f80a000
3f80a000
3f80a000
3f80a000
3f80a000
3f80a000
3f80a000
3f80a000
3f80a000
3f80a000
3f80a000
3f80a000
3f80a000
3f80a000
3f80a000
3f80a000
3f80a000
3f80a000
3f80a000
3f80a000
3f80a000
3f80a000
3f80a000
3f80a000
3f80a000
3f80a000
3f80a000
3f80a000
3f80a000
3f80a000
3f80a000
3f80a000
3f80a000
3f80a000
3f80a000
3f80a000
3f80a000
3f80a000
3f80a000
3f80a000
3f80a000
3f80a000
3f80a000
3f80a000
3f80a000
3f80a000
3f80a000
3f80a000
3f80a000
3f80a000
3f80a000
3f80a000
3f80a000
3f80a000
3f80a000
3f80a000
3f80a000
3f80a000
3f80a000
3f80a000
3f80a000
3f80a000
3f80a000
3f80a000
3f80a000
3f80a000
3f80a000
3f80a000
3f80a000
3f80a000
3f80a000
3f80a000
3f80a000
3f80a000
3f80a000
3f80a000
3f80a000
3f80a000
3f80a000
3f80a000
3f80a000
3f80a000
3f80a000
3f80a000
3f80a000
3f80a000
3f80a000
3f80a000
3f80a000
3f80a000
3f80a000
3f80a000
3f80a000
3f80a000
3f80a000
3f80a000
3f80a000
3f80a000
3f80a000
3f80a000
3f80a000
3f80a000
3f80a000
3f80a000
3f80a000
3f80a000
3f80a000
3f80a000
3f80a000
3f80a000
3f80a000
3f80a000
3f80a000
3f80a000
3f80a000
3f80a000
3f80a000
3f80a000
3f80a000
3f80a000
3f80a000
3f80a000
3f80a000
3f80a000
3f80a000
3f80a000
3f80a000
3f80a000
3f80a000
3f80a000
3f80a000
3f80a000
3f80a000
3f80a000
3f80a000
3f80a000
3f80a000
3f80a000
3f80a000
3f80a000
3f80a000
3f80a000
3f80a000
3f80a000
3f80a000
3f80a000
3f80a000
3f80a000
3f80a000
3f80a000
3f80a000
3f80a000
3f80a000
3f80a000
3f80a000
3f80a000
3f80a000
3f80a000
3f80a000
3f80a000
3f80a000
3f80a000
3f80a000
3f80a000
3f80a000
3f80a000
3f80a000
3f80a000
3f80a000
3f80a000
3f80a000
3f80a000
3f80a000
3f80a000
3f80a000
3f80a000
3f80a000
3f80a000
3f80a000
3f80a000
3f80a000
3f80a000
3f80a000
3f80a000
3f80a000
3f80a000
3f80a000
3f80a000
3f80a000
3f80a000
3f80a000
3f80a000
3f80a000
3f80a000
3f80a000
3f80a000
3f80a000
3f80a000
3f80a000
3f80a000
3f80a000
3f80a000
3f80a000
3f80a000
3f80a000
3f80a000
3f80a000
3f80a000
3f80a000
3f80a000
3f80a000
3f80a000
3f80a000
3f80a000
3f80a000
3f80a000
3f80a000
3f80a000
3f80a000
3f80a000
3f80a000
3f80a000
3f80a000
3f80a000
3f80a000
3f80a000
3f80a000
3f80a000
3f80a000
3f80a000
3f80a000
3f80a000
3f80a000
3f80a000
3f80a000
3f80a000
3f80a000
3f80a000
3f80a000
3f80a000
3f80a000
3f80a000
3f80a000
3f80a000
3f80a000
3f80a000
3f80a000
3f80a000
3f80a000
3f80a000
3f80a000
3f80a000
3f80a000
3f80a000
3f80a000
3f80a000
3f80a000
3f80a000
3f80a000
3f80a000
3f80a000
3f80a000
3f80a000
3f80a000
3f80a000
3f80a000
3f80a000
3f80a000
3f80a000
3f80a000
3f80a000
3f80a000
3f80a000
3f80a000
3f80a000
3f80a000
3f80a000
3f80a000
3f80a000
3f80a000
3f80a000
3f80a000
3f80a000
3f80a000
3f80a000
3f80a000
3f80a000
3f80a000
3f80a000
3f80a000
3f80a000
3f80a000
3f80a000
3f80a000
3f80a000
3f80a000
3f80a000
3f80a000
3f80a000
3f80a000
3f80a000
3f80a000
3f80a000
3f80a000
3f80a000
3f80a000
3f80a000
3f80a000
3f80a000
3f80a000
3f80a000
3f80a000
3f80a000
3f80a000
3f80a000
3f80a000
3f80a000
3f80a000
3f80a000
3f80a000
3f80a000
3f80a000
3f80a000
3f80a000
3f80a000
3f80a000
3f80a000
3f80a000
3f80a000
3f80a000
3f80a000
3f80a000
3f80a000
3f80a000
3f80a000
3f80a000
3f80a000
3f80a000
3f80a000
3f80a000
3f80a000
3f80a000
3f80a000
3f80a000
3f80a000
3f80a000
3f80a000
3f80a000
3f80a000
3f80a000
3f80a000
3f80a000
3f80a000
3f80a000
3f80a000
3f80a000
3f80a000
3f80a000
3f80a000
3f80a000
3f80a000
3f80a000
3f80a000
3f80a000
3f80a000
3f80a000
3f80a000
3f80a000
3f80a000
3f80a000
3f80a000
3f80a000
3f80a000
3f80a000
3f80a000
3f80a000
3f80a000
3f80a000
3f80a000
3f80a000
3f80a000
3f80a000
3f80a000
3f80a000
3f80a000
3f80a000
3f80a000
3f80a000
3f80a000
3f80a000
3f80a000
3f80a000
3f80a000
3f80a000
3f80a000
3f80a000
3f80a000
3f80a000
3f80a000
3f80a000
3f80a000
3f80a000
3f80a000
3f80a000
3f80a000
3f80a000
3f80a000
3f80a000
3f80a000
3f80a000
3f80a000
3f80a000
3f80a000
3f80a000
3f80a000
3f80a000
3f80a000
3f80a000
3f80a000
3f80a000
3f80a000
3f80a000
3f80a000
3f80a000
3f80a000
3f80a000
3f80a000
3f80a000
3f80a000
3f80a000
3f80a000
3f80a000
3f80a000
3f80a000
3f80a000
3f80a000
3f80a000
3f80a000
3f80a000
3f80a000
3f80a000
3f80a000
3f80a000
3f80a000
3f80a000
3f80a000
3f80a000
3f80a000
3f80a000
3f80a000
3f80a000
3f80a000
3f80a000
3f80a000
3f80a000
3f80a000
3f80a000
3f80a000
3f80a000
3f80a000
3f80a000
3f80a000
3f80a000
3f80a000
3f80a000
3f80a000
3f80a000
3f80a000
3f80a000
3f80a000
3f80a000
3f80a000
3f80a000
3f80a000
3f80a000
3f80a000
3f80a000
3f80a000
3f80a000
3f80a000
3f80a000
3f80a000
3f80a000
3f80a000
3f80a000
3f80a000
3f80a000
3f80a000
3f80a000
3f80a000
3f80a000
3f80a000
3f80a000
3f80a000
3f80a000
3f80a000
3f80a000
3f80a000
3f80a000
3f80a000
3f80a000
3f80a000
3f80a000
3f80a000
3f80a000
3f80a000
3f80a000
3f80a000
3f80a000
3f80a000
3f80a000
3f80a000
3f80a000
3f80a000
3f80a000
3f80a000
3f80a000
3f80a000
3f80a000
3f80a000
3f80a000
3f80a000
3f80a000
3f80a000
3f80a000
3f80a000
3f80a000
3f80a000
3f80a000
3f80a000
3f80a000
3f80a000
3f80a000
3f80a000
3f80a000
3f80a000
3f80a000
3f80a000
3f80a000
3f80a000
3f80a000
3f80a000
3f80a000
3f80a000
3f80a000
3f80a000
3f80a000
3f80a000
3f80a000
3f80a000
3f80a000
3f80a000
3f80a000
3f80a000
3f80a000
3f80a000
3f80a000
3f80a000
3f80a000
3f80a000
3f80a000
3f80a000
3f80a000
3f80a000
3f80a000
3f80a000
3f80a000
3f80a000
3f80a000
3f80a000
3f80a000
3f80a000
3f80a000
3f80a000
3f80a000
3f80a000
3f80a000
3f80a000
3f80a000
3f80a000
3f80a000
3f80a000
3f80a000
3f80a000
3f80a000
3f80a000
3f80a000
3f80a000
3f80a000
3f80a000
3f80a000
3f80a000
3f80a000
3f80a000
3f80a000
3f80a000
3f80a000
3f80a000
3f80a000
3f80a000
3f80a000
3f80a000
3f80a000
3f80a000
3f80a000
3f80a000
3f80a000
3f80a000
3f80a000
3f80a000
3f80a000
3f80a000
3f80a000
3f80a000
3f80a000
3f80a000
3f80a000
3f80a000
3f80a000
3f80a000
3f80a000
3f80a000
3f80a000
3f80a000
3f80a000
3f80a000
3f80a000
3f80a000
3f80a000
3f80a000
3f80a000
3f80a000
3f80a000
3f80a000
3f80a000
3f80a000
3f80a000
3f80a000
3f80a000
3f80a000
3f80a000
3f80a000
3f80a000
3f80a000
3f80a000
3f80a000
3f80a000
3f80a000
3f80a000
3f80a000
3f80a000
3f80a000
3f80a000
3f80a000
3f80a000
3f80a000
3f80a000
3f80a000
3f80a000
3f80a000
3f80a000
3f80a000
3f80a000
3f80a000
3f80a000
3f80a000
3f80a000
3f80a000
3f80a000
3f80a000
3f80a000
3f80a000
3f80a000
3f80a000
3f80a000
3f80a000
3f80a000
3f80a000
3f80a000
3f80a000
3f80a000
3f80a000
3f80a000
3f80a000
3f80a000
3f80a000
3f80a000
3f80a000
3f80a000
3f80a000
3f80a000
3f80a000
3f80a000
3f80a000
3f80a000
3f80a000
3f80a000
3f80a000
3f80a000
3f80a000
3f80a000
3f80a000
3f80a000
3f80a000
3f80a000
3f80a000
3f80a000
3f80a000
3f80a000
3f80a000
3f80a000
3f80a000
3f80a000
3f80a000
3f80a000
3f80a000
3f80a000
3f80a000
3f80a000
3f80a000
3f80a000
3f80a000
3f80a000
3f80a000
3f80a000
3f80a000
3f80a000
3f80a000
3f80a000
3f80a000
3f80a000
3f80a000
3f80a000
3f80a000
3f80a000
3f80a000
3f80a000
3f80a000
3f80a000
3f80a000
3f80a000
3f80a000
3f80a000
3f80a000
3f80a000
3f80a000
3f80a000
3f80a000
