3f567800
3f916400
3fa46800
3f4ae800
3f4dc000
3f92c000
3f57a000
3fc22400
3fac1000
3f578000
3f0f7800
3fa3d800
3f58e800
3f79a000
3f97c000
3f93b400
3f645800
3f66a800
3f93b400
3f423000
3fbdd400
3f614000
3fa30000
3f8e8000
3f614000
3f67d000
3f962c00
3f97c000
3f994000
3febf000
3f84ac00
3f49a000
3f90d000
3f45b000
3fac6800
3f8f8000
3f7b4000
3f4c1000
3f332800
3f1fb800
3f1a3800
3f12a000
3f322000
3f8c4000
3f3a4000
3f371800
3f3be000
3f883000
3f89e000
3f9ae000
3fd04800
3f187800
3f36c800
3fa0b000
3f835000
3fdaa800
3fd35800
3fbffc00
3f57a000
3f4e6000
3f471800
3f91f800
3f766000
3f620800
3f883000
3f41c800
3f4f8800
3fa59c00
3f1cd800
3f79a000
3f916400
3f8c3000
3f696000
3f994800
3fc56000
3f4b2800
3f8f8000
3f578000
3f8b7000
3f539000
3f939000
3f8c3000
3fa3d000
3f1f0000
3f356000
3f426000
3f265800
3f8b7000
3fb65400
3f274800
3f6fe000
3f9ef000
3f2d9000
3f876000
3f249800
3f489800
3f801000
3f792800
3f866800
3f696000
3fa9f800
3f592000
3f979400
3f43c000
3fa0e800
3f810000
3f3bb000
3f6d9800
3f20d000
3f6d0800
3f723800
3f8c3000
3fac1c00
3fb4d800
3f8cc400
3f91f800
3f38d000
3f469800
3fad4400
3f341800
3f89e000
3f2eb000
3f9aa400
3f84f000
3f813400
3f5b1800
3f8cc400
3f5b1800
3f45a000
3fbba400
3f7ca000
3f1b6000
3f84ac00
3f3be000
3f736000
3f93b400
3fa0e000
3f8dec00
3fbdb400
3f866800
3f7b4000
3f666800
3faaa000
3f711000
3f489000
3fb46400
3f962000
3f6fb000
3f52c800
3f85c000
3f2e6800
3f4e6000
3f393000
3f46d000
3fa54000
3fc29400
3f82f000
3f2b2800
3f453000
3f55e000
3f5ae800
3f838400
3f1ac000
3f48b000
3f350000
3f3f5800
3f439800
3f953000
3f62e000
3fe13400
3f27c000
3f5c6000
3fa09000
3fa08800
3f2b7000
3f1ca000
3f89e000
3fcc0c00
3f423800
3f45a000
3f477000
3f203800
3fca9800
3f98ec00
3fe03c00
3fb79400
3f854000
3f801000
3f916400
3f03f800
3fa35000
3f152000
3f85d400
3f16e800
3f6ec000
3fddc800
3fd3fc00
3f6b4800
3fa16000
3f6a2000
3f9c3000
3f989000
3f6fe800
3fc6c800
3f932000
3f662000
3f0e2800
3f89e000
3f2dd800
3f430000
3f9e2000
3f903c00
3f792800
3f838400
3f4e2800
3f0b7000
3f26b000
3f960000
3f882400
3efef000
3f8c3000
3f5b5000
3f96d000
3faa2000
3fd5cc00
3f669000
3f894c00
3f89d000
3f828000
3fb43800
3f3fc000
3f7dc800
3fbce000
3f430000
3f44c000
3f748800
3fb51c00
3fc0a400
3f197000
3f8aa000
3f68f800
3fa64000
3fb1ac00
3f9fc000
3f748800
3f9c2400
3f538800
3f440000
3f89d000
3fa57000
3f200000
3fbabc00
3f792800
3f732000
3f994000
3f25d800
3f658000
3f890000
3f578000
3faf3000
3f835000
3f5fe800
3fa8b000
3f828000
3f6ec000
3f6ec000
3fa30000
3f4b5000
3f1ff800
3fdba800
3fc09800
3fbb4800
3f0d2800
3f8fa800
3f550800
3f883000
3f201800
3f7dc800
3f813400
3f408000
3f940400
3f693800
3f48d000
3f57a000
3f8aa000
3f33c000
3fa1b000
3f534000
3fcabc00
3fc8a800
3f9a8c00
3f63f800
3f029800
3f4c2000
3f480000
3f8b0800
3f439000
3f34e800
3f361000
3f9d8800
3f2ee000
3f343800
3f9bcc00
3f838400
3f4f2000
3f041800
3f825c00
3f7dc800
3f883000
3fcbe800
3f620800
3fe35000
3f9c6000
3f81b000
3f37f000
3f800c00
3f42d800
3f6b0000
3f6e4000
3f008000
3f6b4800
3f645800
3f91f000
3f054800
3f90d000
3f27f000
3fa96800
3f84f000
3f924400
3f3cf000
3f80a000
3f38f800
3f86fc00
3f8b7000
3fb24c00
3f46b000
3fb40000
3f1bd800
3f265800
3f385000
3fa89800
3f223800
3f5c4000
3fb2a800
3f9eb000
3f912000
3f7ca000
3f170800
3f19d800
3f1fa000
3f718000
3f370000
3f842000
3f6fe800
3fe03000
3fbc9400
3f4ae800
3f620800
3fa4a000
3f110000
3f7dc800
3f8f8000
3f3f1000
3fb4d000
3f7dc800
3f3a0800
3f370000
3fba4c00
3faf5400
3f249800
3f469800
3f928c00
3f866800
3f1fc000
3fa5e000
3f4f4800
3f3d8000
3f270800
3f93b400
3f457800
3f957000
3f89e000
3f8fa800
3f59d800
3f932000
3f1b3000
3f2b6800
3f876000
3f50f000
3f928c00
3f491000
3fcb5400
3fc9c400
3fd20400
3f8b7000
3f8a7400
3f633000
3f4ae800
3fa54800
3f5e9000
3f838400
3f8f1400
3f18b000
3f5fa000
3f6c7000
3fb17400
3fac7000
3f4f6800
3f8f1400
3f35b000
3f4e6000
3fa76c00
3f88b800
3f4c1000
3f37a000
3f801000
3f5cb800
3f510000
3f19c000
3f43e800
3fa2bc00
3f5ec800
3f960000
3f650800
3f378000
3f727800
3f8a7400
3f247800
3f8c4000
3f882c00
3f5ac000
3f81c800
3fbe9400
3f169800
3f1ce800
3f5e0000
3f592000
3f2d6000
3fbeac00
3fbb8800
3f6bc000
3fbf2c00
3f4e0800
3f8eb000
3f5e0000
3f2e3000
3f4a8000
3f7a5000
3f5b1800
3f1e3800
3fd4dc00
3fb27c00
3f132000
3f1f0000
3faff400
3f994000
3f7ce000
3f1bc800
3fcb3800
3f879000
3f389800
3fa1e800
3fd76400
3f271800
3f4d7000
3f353000
3fbbf800
3f928c00
3f447000
3f1fc000
3f60e000
3f997c00
3f6a2000
3fa98000
3f6c7000
3f6ca000
3f916400
3f2eb000
3f76d800
3f876000
3f4be000
3f8d1000
3f477000
3f62e000
3fd4ac00
3fe92800
3f838400
3f944800
3f59e000
3f3be000
3f7a5000
3f825c00
3f40a800
3f295800
3f89c400
3f5a4000
3f5e0000
3f15a000
3f1d0000
3f47e000
3f882400
3f88f400
3fcb0c00
3f3ad000
3f62f800
3fca5c00
3fbe9400
3fed6400
3fce7400
3f7a5000
3f633000
3f645800
3f328800
3f2ff000
3f662000
3f912000
3f489800
3f372800
3f5d6800
3f838400
3f7ef000
3f33c000
3fb7e400
3f969800
3f835000
3f711000
3f780000
3f841800
3f88b800
3f939000
3f123800
3f766000
3f67c000
3f6d9800
3fa42800
3f9dd000
3fab3000
3f65d800
3fb7f000
3f890000
3f5c4000
3f7ef000
3f80a000
3f8de000
3fab1400
3f46c000
3f2e7800
3f2bd000
3f99b400
3fd74400
3f8a7400
3f6ec000
3fcf1800
3f22f800
3f32d800
3f960400
3fa4a000
3f554800
3f93b400
3febc400
3fad9000
3f9e2000
3f9d5000
3f86fc00
3f981400
3f5b1800
3fbad400
3f5d6800
3f62f000
3f67d000
3f81b000
3f80a000
3f780000
3f592000
3f459000
3f544000
3f5fa000
3f88b800
3f516000
3f7ef000
3fa98000
3f780000
3f8b9c00
3f84f000
3f902400
3f5fa000
3f5fb800
3f800c00
3fd71800
3f8c4000
3f736000
3f605000
3f68f800
3faa5000
3fc0cc00
3fb17800
3f546800
3f723800
3f9c2400
3fb5f400
3f854000
3f251800
3fd2bc00
3f5c4000
3f890000
3f50b000
3f9c6000
3f766000
3f155800
3f80a000
3f489800
3fd28800
3f196800
3f567800
3fc6a800
3f8b0800
3f6ca000
3f84f000
3f5e9000
3f9ef000
3f2fc000
3f308000
3f6b0000
3f905000
3f879000
3f55e000
3f482000
3f23a800
3fbcbc00
3fbf9c00
3f343800
3f8de000
3fc51400
3f1fb800
3f5e9000
3f841800
3f67c000
3f803000
3fa57000
3fb2cc00
3fce4400
3f766000
3fbf5c00
3fabf000
3f9cb400
3fa49400
3f994000
3f498800
3f6fe000
3f8c4000
3f0f7000
3f611000
3f9bb400
3f86fc00
3f84f000
3f2ec000
3f987000
3f766000
3f748800
3facc000
3f7ef000
3fc2e800
3f512000
3f84ac00
3f489800
3face400
3f4d3800
3f7dc800
3f4a8000
3f567800
3f86fc00
3fcd3400
3f3c1000
3fb01400
3f475800
3fb68800
3f939000
3f894c00
3fb2c000
3f723800
3f736000
3f262000
3fdaa800
3f0e7000
3fbc9c00
3f66a800
3f620800
3f4f6000
3f4fc000
3f419000
3f9ae000
3fcff800
3f9dc800
3f7a5000
3f8a7400
3f415800
3f838400
3f88b800
3f4fa000
3f489800
3f7ef000
3f51d800
3fc9e400
3f92c000
3f300000
3f46a000
3f89e000
3f8b0800
3f87a800
3f5d6800
3f88b800
3f8f1400
3f3f8000
3f882400
3f6fe800
3fd76c00
3f45b800
3f924400
3f8c4000
3f530000
3fc82800
3f8eb000
3f166000
3f81b000
3f916400
3fc7f400
3f526800
3fb5b400
3f3ec800
3f8f8000
3f8cc400
3f842000
3f883000
3f696000
3f86fc00
3f835000
3f7ca000
3f1d0000
3f632800
3f426000
3fd38000
3f648000
3f6b4800
3f939000
3f780000
3f711000
3f1b3000
3f6a2000
3f3ab800
3f8b7000
3f192800
3fafcc00
3f4c4800
3f471000
3fa16000
3fd0ec00
3f766000
3f8b0800
3f95d400
3f1de800
3f8c3000
3fc83000
3f182000
3fe27800
3f912000
3f97a000
3f6ec000
3fc0b000
3f18e800
3f8c4000
3f97a400
3f965800
3f4a8800
3f635000
3f5d5800
3fa51400
3f66a800
3f2ba000
3f9a1000
3fb2fc00
3f7b7800
3f97a000
3f411800
3f6ca000
3f04b000
3f932000
3fe1d400
3fb71800
3fbae400
3f8de000
3f29a800
3f9ef000
3f86fc00
3f3f9000
3f9a3000
3fb9fc00
3f3b8800
3f2ee000
3f282000
3f835000
3f11f000
3fb41000
3f9ae000
3f334800
3f79a000
3f885400
3f9b3400
3fc86800
3f3be000
3f510000
3f3d9000
3f711000
3fb0f000
3f876000
3f894c00
3f8c3000
3f8aa000
3f53f800
3f32b000
3fc5d800
3f6fe000
3f175800
3f4bb800
3f589800
3f052800
3fcbd400
3f953000
3f592000
3f1d4000
3f9ed000
3f76d800
3f3f2000
3fb67000
3f7ce000
3fc91400
3f2b3000
3f549800
3f8b9c00
3f67c000
3f35f000
3fbdd800
3f582000
3f766000
3f551800
3f028000
3f2c2000
3f57d000
3f8a7400
3f2da000
3f295000
3f985400
3fbb7400
3fd89000
3f7ef000
3f8a2000
3f780000
3f879000
3f535800
3f85d400
3f4ab000
3f45e800
3f4e6000
3fb96000
3f3bf800
3f47e000
3fad2800
3f80e000
3f7ca000
3f841800
3f50c000
3fb29c00
3f17a800
3fc75c00
3f425800
3f85c000
3f129000
3f8a7400
3f7dc800
3f748800
3f362800
3fd23000
3fd2bc00
3fa3cc00
3f8d5800
3faf3000
3f5c7000
3f6ec000
3fc0b400
3f2bb000
3f4f6000
3f825c00
3f8d5800
3f766000
3f6b0000
3f530000
3f890000
3f128000
3f891c00
3f3be000
3f883000
3f88b800
3f57a000
3fbb5000
3f4c2000
3fdd9c00
3f84f000
3f255800
3f842000
3fa3d000
3f62e000
3f1a1000
3f1df000
3f748800
3f801000
3f75b000
3f7b4000
3fbf0c00
3fa28c00
3fbc1800
3f7bc800
3f7ca000
3fc33000
3f4f6000
3f42d000
3f79a000
3f9d7800
3f841800
3f711000
3f362000
3f9ca800
3f38a000
3f882400
3f426800
3fda3400
3f736000
3f392800
3f8de000
3fb12800
3f5fb800
3fba7800
3f93d400
3fb67c00
3fa3d000
3f288800
3f7b4000
3f3f2000
3fa06000
3fc08800
3f997c00
3fd11000
3f2da000
3fb61800
3fb08400
3f894c00
3f542800
3f89c800
3efbf000
3f82f000
3f7ce000
3f96d000
3f0f1800
3f825c00
3f8f8000
3f7b7800
3f50b000
3f813400
3f748800
3f838400
3f6e4000
3f041800
3f405800
3f1a2000
3f817c00
3f43d800
3f91f800
3f91f000
3f90d000
3f66c800
3f4c6800
3f648000
3f84ac00
3f8eb000
3f633000
3f585800
3f228000
3f6b4800
3f8fa800
3f34c800
3f8a7400
3f7ce000
3fa23000
3f26b000
3fd4a800
3f960000
3f6c7000
3f83c400
3f11a800
3fcd2c00
3f997c00
3f2f1000
3fc65800
3fab5400
3f365000
3f606800
3f0d2000
3fc3dc00
3f286000
3f696000
3f74c000
3fa8d000
3fa71000
3f718000
3f620800
3f0c3800
3f9d5000
3f4dc000
3f395000
3f03f800
3f41a800
3f7b7800
3fa10800
3f987000
3f84ac00
3fcf4c00
3f8aa000
3fa3f800
3f567800
3f5c6000
3f5c4000
3f997c00
3fa10c00
3f303800
3f991800
3f987000
3f665000
3f6b0000
3fd87000
3f6ec000
3f6a2000
3f1f6000
3f8d1000
3f838400
3f7dc800
3f45c000
3fc8e800
3f839800
3f274800
3f1f8000
3f58c800
3f578000
3f170800
3fcec000
3f512800
3f8dec00
3f89e000
3fc40c00
3f944800
3f26f000
3fa71000
3f370800
3f21a000
3fb7cc00
3f67c000
3f890000
3f530000
3f2da000
3f2bc800
3f94dc00
3f096800
3f33c000
3f939000
3f5c6000
3f230800
3f7ce000
3f2d6800
3faad800
3f11d800
3f3c1800
3f9c8000
3fb47000
3f542800
3f8c3000
3f4ad000
3f903c00
3f9e1c00
3f835000
3f585800
3fb60800
3f92c000
3f74c000
3f80a000
3f486000
3f3cd000
3f47a000
3fcad800
3f362000
3f854000
3f5c4000
3f8c4000
3f1ae000
3efe0000
3fca0c00
3f711000
3f2ea800
3fa7dc00
3f681000
3f91f000
3f2a4800
3f838400
3fd67000
3f36e800
3f58c800
3f37b800
3f85c000
3f8aa000
3fe06000
3fbde400
3f711000
3f8b9c00
3f5c4000
3f38e000
3f464800
3f7ce000
3f866800
3f6fe800
3f81d000
3f8eb000
3f8de000
3f60a800
3f555000
3f4d1800
3f6ec000
3f658000
3f3e3000
3f8b7000
3f1f6800
3fa40400
3f82f000
3f19c800
3f4b2800
3f5d9800
3fbe4c00
3f76d800
3f15d800
3fca6400
3f437800
3f8d5800
3f8d8800
3f8e0800
3f7ce000
3fcc3400
3f5e9000
3f79a000
3fddf400
3f300000
3f30e800
3facf400
3f5ba000
3f199000
3fa91400
3fdc7400
3f95f400
3f9fc000
3fcc3c00
3f9bb000
3f987000
3f972800
3f244000
3f5b1800
3f80e000
3f5e0000
3f2eb000
3f542800
3f453800
3f89d000
3f997c00
3f883000
3f985400
3fab3c00
3f9ae000
3f4f6000
3f542800
3f960400
3f46f800
3f6a2000
3fd44c00
3fab9c00
3fa20c00
3f63a800
3f1c8000
3f74c000
3fdf8c00
3f426000
3f81c800
3fe41c00
3f5fb800
3fa35000
3f15b800
3f81c800
3f706000
3fc0a000
3fa60c00
3f077800
3f86fc00
3f6a2000
3f39f000
3f8fa800
3f942c00
3f912000
3fc09800
3f7dc800
3f4c1000
3f8c4000
3fb91c00
3f3be000
3f92c000
3f620800
3fe39c00
3f7a5000
3fc52400
3f841800
3f584800
3f813400
3f90c800
3f835000
3f456000
3fcb4400
3fb21400
3f8cc400
3f994000
3f838400
3f711000
3f9fb800
3f0bc800
3f82f000
3f567800
3f620800
3f923400
3f15e000
3f905000
3f7ef000
3f89d000
3fa8a800
3f464800
3f52b000
3f9e1c00
3f81c800
3fbf1400
3fc36400
3f432000
3f8c1000
3f504000
3f86fc00
3f835000
3fda7c00
3f8b9c00
3f97a000
3f84ac00
3fb5b400
3fb60c00
3f9bb800
3fed6400
3fc0dc00
3f780000
3f2d1000
3f3a2800
3f76d800
3f7a5000
3f440000
3fd5cc00
3f58c800
3f542000
3f81c800
3fb4f400
3fa42000
3f7dc800
3f8e8000
3f66a800
3f4cc800
3f890000
3f528000
3f8a7400
3f94dc00
3f2ee800
3f89d000
3f84ac00
3f462000
3f835000
3f882400
3fa06800
3f60e000
3f969800
3fa35000
3f567000
3f5d6800
3f780000
3f718000
3f7e8000
3fafa400
3f391000
3f93b400
3f648000
3f829c00
3f662000
3f879000
3fc4d000
3f39f800
3f6c7000
3fa1d000
3f97c000
3f88a800
3fd7ec00
3efca000
3f499800
3f8aa000
3f510000
3f9cf400
3f2b2000
3f74c000
3f89d000
3f838400
3f567800
3fab4800
3f633000
3f89d000
3f841400
3f9d5000
3fc0b400
3f1f8800
3fa23000
3f62e000
3fa7e000
3f6e4000
3f890000
3f658000
3f4f8800
3fdc2000
3f9ef000
3f8f7400
3fcb9400
3f903c00
3f84f000
3f4dc000
3fd89000
3f6e4000
3f50a000
3fbb3c00
3fb29000
3f300000
3f2d4000
3fad9000
3f84ac00
3f883000
3f91f800
3f876000
3f555000
3fb96800
3f624800
3f932000
3faa5000
3f6d0800
3f8fa800
3fd4c800
3f792800
3f1fa000
3fccac00
3fab6400
3fc0d000
3f32a000
3f8d1000
3f59e800
3fc39c00
3f838400
3fc10000
3f2fc800
3f308000
3f453800
3fb0b800
3fba2800
3f85e400
3f883000
3f2db800
3f37b800
3f67d000
3fa9f800
3fa7e000
3f944800
3fadd800
3f946000
3f8eb000
3f84f000
3fd81000
3f9c8000
3f497800
3f780000
3f467800
3f4f7800
3f711000
3fad9000
3f4a3800
3f6a2000
3f85d400
3f9c2400
3f5fb800
3f117800
3f7ce000
3f780000
3f8de000
3f960400
3fcce000
3f866800
3f45b000
3f110000
3f60e000
3fa5e400
3f2e2000
3f425800
3f932000
3f658000
3f969800
3fabf000
3f101000
3f996400
3f3c2000
3f882400
3fbf5c00
3f4f6000
3f801000
3f946000
3f897000
3f869000
3f2c9800
3f2ea800
3fbde400
3f841800
3f52a000
3f3a4000
3f718000
3fc2a000
3f06a800
3f82f000
3f182000
3f8c4000
3f433800
3f76d800
3f138800
3f9ba800
3f841800
3f6ec000
3f5ac000
3f5c0800
3fbd1000
3f8f8000
3fa18400
3f8de000
3f736000
3f578000
3f801000
3fb3ec00
3f567800
3f46e800
3f96fc00
3f813400
3fbdbc00
3f4e8000
3fa4f000
3fcc3000
3f6ec000
3f732000
3f80a000
3f601000
3f068800
3f3fe800
3f3bd800
3f74c000
3f9e2800
3f248800
3f718000
3f9ae000
3f658000
3f792800
3f6d9800
3fd09c00
3fb35400
3f9aa400
3f8d5800
3f63e000
3f91f800
3f838400
3f916400
3f92c000
3f6ca000
3fc72800
3f65c000
3f365800
3f879000
3fa19400
3faedc00
3f0f9000
3f4ee800
3f620800
3f82f000
3f6cc800
3f21f000
3faa5000
3f8f8000
3f91f800
3f474000
3f8f8000
3f905000
3fc9ec00
3f8a7000
3f3e4000
3f4e8800
3f3bf800
3f4cf800
3f841800
3f869000
3f960000
3f2d4800
3fceac00
3f7ca000
3f7b4000
3f828000
3fbd1400
3f399000
3f9bb000
3faba800
3f6fe000
3f41a800
3f8d1000
3f3d9800
3f91f000
3f6c7000
3f882400
3f395800
3f860400
3f9cf400
3f6b0000
3fd1e800
3f4c2000
3f912000
3f3d4000
3f592000
3fa54c00
3f434800
3f6b4800
3f7dc800
3f3a6000
3f392800
3f1a5000
3fa26800
3f882400
3f9d8000
3fcf2800
3f85c000
3f67d000
3f5e0000
3f7b7800
3f7b7800
3f98e400
3faebc00
3f8aa000
3f450000
3fad7c00
3f972c00
3fc97c00
3f325000
3f0ff000
3f4fa800
3f525800
3fd80c00
3f58c800
3f0c7000
3f507800
3f90d000
3f3af800
3fba7000
3fa90400
3f12c800
3f894c00
3f52b000
3fc41000
3f84ac00
3fcdac00
3f247000
3fe80400
3f7ca000
3fc6c400
3f944800
3f985400
3f300800
3f7ca000
3f5e0000
3f894c00
3f489800
3f4ca800
3f54a000
3f5e1800
3f1e3000
3f914000
3f2e3000
3f960000
3f7ef000
3f4a0000
3f452000
3f86fc00
3f6b4800
3f969800
3f25b800
3f842000
3fcb6c00
3f4bc800
3f555000
3f801000
3f5fa000
3ff34000
3fb2ac00
3f7ef000
3f8b9c00
3f5fb800
3fcf7000
3f8f1400
3f0d9800
3f91f800
3f813400
3fdf0c00
3fce3000
3fa16000
3fda3000
3f85c000
3f876000
3f473800
3f8b7000
3f780000
3fc1ec00
3f81b000
3fa20c00
3f6a2000
3f969800
3fa3a400
3f688000
3f34b800
3f6fe000
3f801000
3f05d800
3f7ca000
3f9e2000
3f31f800
3f27e800
3f440000
3f8d1000
3f431000
3f800c00
3fddc800
3f6ca000
3f8b7000
3f6ab000
3f962400
3f6b0000
3f8de000
3f6ca000
3f4c2000
3f8dac00
3f60e000
3f882400
3f82f000
3f723800
3f84f000
3f946000
3f5fa000
3f306800
3fcea400
3f8eb000
3f7ef000
3f696000
3f94d000
3f8ddc00
3fb21800
3f9cb400
3f903c00
3f45a000
3f305800
3fa0c000
3fabcc00
3f994000
3f9bf800
3fcc8400
3f48e000
3fb08000
3f98e800
3f842000
3f370000
3f8eb000
3fa23000
3f342000
3f547800
3f364800
3f620800
3fcf6800
3f57a000
3f94dc00
3f9ca800
3f06c800
3f5c4000
3f9e2000
3f66a800
3f8b9c00
3f7e8000
3f67d000
3f960400
3f233000
3fc9c400
3f67d000
3f7ef000
3f940000
3f834800
3f7b7800
3f8b9c00
3f38a000
3f76d800
3f84ac00
3f614000
3f5b4800
3faae800
3fdb5000
3f237000
3f67d000
3f0a2800
3f66a800
3f9d5000
3f3e7800
3fb0a000
3f912000
3f62e000
3fb1a000
3f8d1000
3f732000
3f81b000
3f85c000
3f132000
3f801000
3fb48c00
3f75b000
3f483800
3f9afc00
3fa3d000
3fb95c00
3f1d2000
3f916400
3f75b000
3f4b9800
3f2ff800
3fc94800
3fa7b800
3f8a7400
3fbfd400
3f8f8000
3f869000
3f510000
3f9c8000
3f38a000
3f3f2000
3f83e800
3fbd8400
3f8d5800
3f841800
3f7ef000
3f4ef800
3f792800
3f633000
3f51b800
3f6bd800
3fc14800
3f321800
3f80e000
3f2ba000
3fdbd000
3f825c00
3f74c000
3fa6ec00
3f3dc800
3f097000
3fb02000
3fdd1c00
3fbd0400
3fafbc00
3f85d400
3fa7f000
3f780000
3f1d0000
3fb84c00
3f620800
3f81cc00
3f31a800
3f9dd000
3f623800
3f4ea000
3f5fb800
3fb4dc00
3fbd7000
3f160000
3fae6000
3f8aec00
3fc1e400
3f94dc00
3fa16000
3f6b4800
3f7ca000
3f440000
3f38c800
3f9ff000
3f2aa000
3f869000
3f44b000
3f86fc00
3fba3000
3f3f2000
3f813400
3f0f0000
3f474000
3f7b7800
3f59f000
3f5fb800
3f3a6800
3f957000
3f4de000
3fc84400
3f191000
3fa05c00
3f296800
3f841800
3f8c4000
3f7ce000
3f4be800
3f96d000
3f1b8800
3fb10800
3f4fe000
3fbbec00
3f42a800
3faac800
3f4ed000
3fc4a800
3f80a000
3f825c00
3f2b3800
3fb84800
3f952800
3f8c4000
3fa30000
3f297800
3f792800
3f91f000
3f780000
3f6ca000
3f3b6800
3f842000
3f7b4000
3f62e000
3f524000
3fa1fc00
3f1f1800
3f69e000
3fc93c00
3f578000
3f854000
3f711000
3f838400
3f294000
3f9a1000
3f2ff000
3fc39000
3f017000
3f5ac000
3fa23000
3f1f0000
3f9a9000
3f38c000
3f42e000
3f56f800
3f5c4000
3f4db000
3f825c00
3f5b1800
3f81c800
3f88c800
3f972c00
3f972c00
3f929800
3fad5c00
3fd11800
3f510000
3fb24400
3f766000
3fb97800
3f8fa800
3f828000
3f8b7000
3f268800
3fc82c00
3f8d5800
3fb12000
3fc3b400
3fa3d400
3f309000
3f622800
3f3d1000
3fda8c00
3f48d800
3f3bd800
3fb60000
3fe71000
3f991c00
3f254000
3fd3ac00
3f45a000
3fdcc400
3f838400
3f85c000
3f410800
3fd29000
3f7b4000
3fa33400
3f2c0800
3f233800
3f813400
3f89e000
3f9ef000
3f9e1c00
3f88b800
3f75b000
3fc05c00
3f766000
3f3d8000
3f469000
3fcfbc00
3f88b800
3f813400
3f434000
3f3a2800
3f55e000
3f67d000
3f912000
3f0dd800
3fa7d400
3f732000
3f324800
3fef0400
3f894c00
3f7ef000
3fd1b400
3f15e000
3f60e000
3f357800
3f9c6000
3f84f000
3f095000
3f3d1800
3f792800
3f2f5800
3f732000
3fafb400
3f1b9000
3f47d000
3f4f6000
3f88b800
3fbdc400
3f427000
3f981000
3fb45000
3f780000
3fc12c00
3f80e000
3f34c000
3f780000
3f26d000
3f60e000
3f1ac000
3f946000
3f8f5000
3f91f000
3f5b1800
3f648000
3f792800
3f732000
3fc1fc00
3f876000
3fb0bc00
3f964400
3f780000
3f3d0800
3f66e000
3faac000
3f45a000
3fc02c00
3f1a1000
3f84f000
3f8f1400
3f28b800
3f04f000
3f3a4000
3f932000
3fb49800
3f373000
3f5df800
3f6fe800
3fd38c00
3fc29c00
3f67c000
3f82f000
3f43f800
3f3c1000
3f38d800
3f3be000
3faed000
3fd22c00
3f408000
3fa22800
3f85c000
3fa4a800
3f8d5800
3f4a9000
3f5ac000
3f58c800
3f648000
3f58b000
3fa4e800
3f95f400
3f8af000
3f321000
3f8de000
3f8de000
3fab5000
3fabcc00
3f718000
3fdfe400
3f8a7400
3faf0400
3f90d000
3fba7000
3f905000
3f50b000
3f0b1000
3f42f800
3fdaa800
3f883000
3f960000
3f505800
3fafd400
3f7ca000
3fe1d400
3f4b5800
3f869000
3f3c4800
3f058000
3f633000
3fcbbc00
3f8eb000
3fe8d400
3f276800
3f645800
3f684000
3f916400
3f11b000
3f96d000
3fde1c00
3f41c000
3f2cf800
3f6d9800
3f8b9c00
3f8eb000
3f813400
3f6ec000
3f4ef800
3f4c1000
3f8aa000
3f813400
3f6c7000
3f81b000
3f936000
3f7ca000
3fbc4800
3f55e000
3fe4a000
3f80a000
3f866800
3f3a0800
3f6a2000
3f2c5800
3f4fd000
3f6e4000
3f04c800
3f594000
3f7b7800
3f5ac000
3f7dc800
3f8b7000
3f89d000
3f75b000
3fe41c00
3f562000
3fd2e000
3f9b3800
3f75b000
3fb8a000
3f93e400
3f67d000
3f5c6000
3fb70800
3fc82400
3f7ce000
3faae800
3fa64000
3f93b400
3f1c1000
3f6f9000
3f5db000
3fad9800
3fb0a400
3f38d000
3f620000
3f835000
3fb2f400
3fc6cc00
3fa30000
3f7a5000
3fb5b400
3fcc7c00
3f994800
3fc5b400
3f883000
3f93b400
3f7ca000
3f440000
3f9a1000
3f1da800
3f8ae800
3f679800
3f356000
3f9c8000
3f7e8000
3f736000
3f62e000
3f91f000
3f67d000
3f748800
3f262000
3f8dec00
3fc6b400
3fa15c00
3f51d800
3fab2000
3f882400
3faef400
3f16b800
3f916400
3f477000
3f8b9c00
3fd3b800
3f8fa800
3f2d4800
3f67b800
3f972800
3fabf000
3f09c800
3f923c00
3f780000
3f3d3000
3f85c000
3f62e000
3f8b0800
3f88b800
3f449800
3f8eb000
3fc8d400
3fc31800
3f49c000
3f41e000
3f533800
3f6c7000
3f3d4000
3f56e000
3f916400
3f80a000
3f468800
3f1f6800
3f5ac000
3f883000
3f7cc800
3f4ed800
3f9ff400
3f2d4000
3fa8b000
3f5cb000
3fdef000
3f987000
3fd67800
3f2e3000
3fd8ec00
3f1c4000
3fc6a400
3f599800
3f2ad000
3fcfc800
3fc16400
3f85d400
3f90d000
3f51d800
3f542800
3f97c000
3f32e000
3f558000
3f9ef000
3f406000
3f421000
3f378000
3f29b800
3f869000
3fd5a000
3fa43000
3f5d6800
3f5ad800
3f9ef000
3f68f800
3f813400
3facc000
3f5e0000
3f994000
3f4e5800
3f520800
3f803000
3f59f000
3f81b000
3f8e8000
3f549800
3f8c3000
3f2b7000
3f99bc00
3f1bb800
3f905000
3f841800
3f8cc400
3f4a7800
3f0d4000
3f8c4000
3f882400
3f4a7000
3fce1c00
3fcc3c00
3f40d800
3fcef000
3f80a000
3fd16000
3f6ca000
3f854000
3f464800
3f627800
3f6a2000
3f6ca000
3f5d2000
3fb03c00
3fa71400
3f890000
3f841800
3fa16000
3f3f8000
3fd71c00
3fd71800
3f6b2800
3f8dec00
3f80a000
3fe20000
3f2a0000
3f932000
3f81c800
3f903c00
3f4dd000
3f946000
3f905000
3f5e0000
3f825c00
3f75b000
3fc07800
3fa73c00
3f9ca000
3f8a7400
3f801000
3f488800
3f62e000
3f9ef000
3f265000
3f8d1000
3fc54000
3f9f2400
3f9bb000
3f592000
3f84ac00
3f4e7800
3fdbd800
3fdd2400
3f67c000
3fed3c00
3f3e1000
3fa1e000
3f13d800
3f14f000
3fae0000
3f4c1000
3f8fa800
3fde4400
3f8c3400
3f3be000
3f0d6000
3f20a800
3f6b0000
3f84f000
3f91f000
3f80e000
3f397000
3fb43800
3fc02c00
3f835000
3fbb9800
3f389800
3f75b000
3f96d000
3f894c00
3f8f1400
3f69c800
3f34d000
3fa35c00
3f131000
3f06e000
3f67d000
3f81c800
3f599800
3f8dec00
3f5f7000
3f3d0800
3f530000
3f88b800
3fd55000
3f8b9c00
3fbb4800
3fcdb400
3fcc5800
3fd74800
3f61e000
3f30e800
3f633000
3f76d800
3f27f800
3fa3d000
3f648000
3f50a000
3f4f1800
3faa8c00
3fc26400
3f7dc800
3f4f1000
3f912000
3f385000
3fb60800
3f9ae000
3f6ec000
3f80e000
3fa57000
3fd76400
3f828000
3f81c800
3f8f1400
3f30a000
3f4ae800
3f36b000
3f0e2800
3f19a800
3fa55400
3f1c9000
3fd30000
3f876000
3fcac800
3f225800
3f4f8800
3fd5a800
3f19c000
3f5fb800
3fb4e000
3f8a6c00
3f85c000
3f51d000
3fb60c00
3f3f0000
3f6b0000
3fa8b000
3f339000
3f958400
3f0ad800
3f912000
3f67c000
3f7b7800
3f299800
3f35f000
3fb80800
3fa7e000
3f696000
3f801000
3f416800
3efbb000
3f4d0000
3f389800
3f39c000
3fb93800
3f113800
3f912000
3f748800
3f944800
3f81c800
3f9c7800
3fe22800
3f595000
3f8aa000
3f6fe000
3f73a000
3f780000
3fb00000
3fb32400
3f7b4000
3f178000
3f614000
3f711000
3f5c6000
3f308000
3f385000
3f645000
3f4bf000
3fa4a000
3f902400
3fc22400
3f9eb000
3f4de800
3f3c5000
3f9c8000
3f3d8000
3f38a000
3f55e000
3fac6800
3f8e8000
3f9eb800
3fdb2800
3fcb8400
3fb58000
3f8fa800
3f828000
3fde9400
3f736000
3f8c4000
3f780000
3fa5a800
3faadc00
3f838400
3f7b4000
3fc88000
3f866800
3f4a9000
3f89d000
3f099000
3f446800
3f327800
3f4bc000
3f97c800
3fc94800
3f946000
3f487800
3fa9cc00
3faa5400
3f84f000
3f894c00
3f76d800
3fb53400
3f8a7400
3fb4dc00
3f340800
3fcd8400
3fca0c00
3f510000
3f21f000
3f4d9000
3fca0c00
3f6e4000
3f67d000
3f732000
3f6fe800
3f34f800
3f42c800
3f0ba000
3f2ce800
3f5e7000
3f91f000
3f6a2000
3f5b3000
3f780000
3f4c2000
3f80e000
3f84f000
3fb0dc00
3f6d9800
3f9fc000
3f7dc800
3f912000
3f68f800
3f995c00
3f84f000
3f6fe800
3f84ac00
3f546800
3fa09000
3f911c00
3fa16000
3f9c8400
3f866800
3f1cc000
3f20f800
3f510000
3f813400
3f835000
3f02f000
3f6d9800
3f74c000
3f4e0800
3f88a400
3f429000
3f38f800
3f6fe000
3f916400
3fb8e400
3f9ad400
3f736000
3f549800
3f8c4000
3fae4400
3f696000
3f5ac000
3f55e000
3f633000
3f48d000
3f68d800
3f464800
3f879000
3fb94c00
3f4c1000
3fbc9c00
3f6b4800
3fdf1000
3f780000
3f84f000
3f47b000
3fc9c400
3f8aa000
3fcdd000
3f780000
3f614000
3f5b1800
3f9c2800
3f381000
3fe88000
3f2ed800
3fa30000
3f269800
3f1c8800
3f9d7000
3f9aa400
3f960400
3f835000
3f916400
3f8b9c00
3f9e2000
3fa10000
3f97a000
3f801000
3f0f4000
3fb43c00
3f33e000
3f792800
3f90d000
3f5c5800
3f8b0800
3f177800
3fc15400
3f5a2800
3fd23c00
3f9f6000
3fb26c00
3f311000
3fae8c00
3fa7bc00
3fb43400
3f620800
3f8dec00
3f8a7400
3fab3c00
3f68f800
3f85c000
3f161800
3fa8b000
3f578000
3fbee400
3f997c00
3f463000
3f536800
3fac8c00
3f669000
3fdb0000
3f835000
3ff02800
3f869000
3f294800
3f370000
3fd31000
3fbe3c00
3f509800
3f912000
3fa30000
3f5a8000
3f28a800
3f4f6000
3f4ae800
3f939000
3f17f800
3f614000
3f92c000
3f6ec000
3f308000
3f711000
3f696000
3f6ec000
3f8eb000
3f9c8000
3f9dc400
3f9f6400
3f825c00
3f8f8000
3f05d800
3f510000
3f912000
3f239000
3f6fe800
3f835000
3fc80000
3f8be000
3f8aa000
3faee000
3f89d000
3f440000
3f90d000
3f7e8000
3f8d5800
3f6ca000
3fcae800
3f792800
3fbe0800
3f60e000
3fb6e000
3f461000
3f592000
3f9cf400
3f68f800
3f780000
3ef7c000
3f879000
3f75b000
3f59b000
3f34b000
3f18d800
3f640000
3f766000
3f305800
3fb49000
3f320800
3f8fa800
3fa6c000
3f882400
3f80a000
3fbef400
3f928c00
3fbfac00
3f194800
3f825c00
3f939000
3f944800
3fdcf400
3f38a000
3f7ce000
3f6ca000
3f324000
3f9d4c00
3f8d1000
3f9a1000
3fc40400
3fa7ac00
3f3e3000
3f88b800
3f38e000
3f1fe000
3fa3d000
3f88b800
3f220000
3fb80400
3f882400
3fc7c000
3f838400
3f780000
3f69e000
3f4f6000
3fa16000
3f8a7400
3f43a800
3f7b4000
3f1f8000
3f079800
3f894c00
3f296000
3f1c9800
3f56b000
3f953000
3f104800
3fe95000
3f842000
3fbc1400
3f87d000
3fa37c00
3f6e4000
3f4f1000
3f67d000
3f63c000
3f89e000
3f842000
3fb00000
3f876000
3f8c3000
3f43f800
3fd23c00
3f9ae000
3f49d000
3f323800
3f9bb000
3fa4a000
3f905000
3fa6a000
3f386000
3f474000
3f883000
3fa16000
3f544000
3f5c6000
3f57a000
3f126000
3fa28400
3f736000
3fbfac00
3f555000
3fafcc00
3f805800
3fb67000
3f361800
3f81c800
3f448800
3f474000
3f34d800
3f849400
3fb9fc00
3fc7ac00
3f82f000
3f97a000
3f253800
3f542800
3f748800
3f5b1800
3f620800
3fcc0c00
3f549800
3fa12c00
3fea2000
3fcff400
3f49b000
3f61c800
3f74c000
3f616800
3f79a000
3f3bd800
3f25f800
3f57a000
3f589800
3f662000
3f1eb800
3f4f6800
3f210000
3fb8fc00
3f96d000
3f9b3800
3f890000
3fd6ec00
3f6b0000
3f995c00
3f5c6000
3fc01000
3f5d6800
3f9cc400
3f4fc800
3f9d1c00
3f8a7400
3f99b800
3f766000
3f2bb000
3fb04800
3f081000
3f40c000
3f671800
3f0e2800
3f952800
3f9c7c00
3fc06c00
3faea000
3f839800
3faf0000
3f84f000
3fa19400
3f5f7800
3f909c00
3f780000
3fdc5400
3f648000
3f84f000
3f80e000
3f5ac000
3f902400
3f9ef000
3fd1e000
3f303800
3f82f000
3f696000
3fb63800
3fce4400
3fa31c00
3f07b000
3fb34000
3f84f000
3f825c00
3f57b000
3f477000
3fa10c00
3f6ec000
3faf6c00
3f8de000
3f6fe000
3fbc8800
3f66a800
3f942800
3f84f000
3f76d800
3fd09800
3fa43000
3f8e8400
3f4f6000
3f6c7000
3f835000
3fa64000
3f883000
3f6fe000
3f8b0800
3f82f000
3f98c000
3f696000
3f7ce000
3f7ef000
3f3e6800
3f362000
3f86fc00
3fdfdc00
3f86fc00
3f792800
3fd59c00
3f3da000
3f9e2000
3f876000
3f5d8000
3f80a000
3f37a800
3f81c800
3f34f000
3fd3a800
3f4d0000
3f38a000
3f013800
3f1da800
3f792800
3f42b800
3fc89c00
3fb9d800
3fb2c400
3f48e000
3f9ae000
3f3f8000
3f4c2000
3f8eb000
3faf7000
3f6b0000
3fab0400
3f8a7400
3fb6ac00
3f59f000
3f890000
3f7ca000
3f890000
3f946000
3f997c00
3f52a000
3fbd8800
3fa9c400
3ff00000
3f8b9c00
3fc4fc00
3fa4f000
3f0ef800
3f81b000
3fba5400
3f486800
3f950000
3f997c00
3f879000
3f8d1000
3f480800
3fb4c400
3f905000
3f766000
3f7ce000
3f905000
3f9c8000
3f76d800
3f903c00
3f5c4000
3fb5c400
3fe13000
3f592000
3f294000
3fd2dc00
3f7b4000
3f40d800
3f985400
3f91f000
3f75b000
3fe63c00
3fcb9400
3f8c4000
3f849000
3f9a9400
3f79a000
3fe83000
3f91f000
3f8a7400
3f630800
3f530000
3f020800
3f25e800
3fa22800
3fbae000
3f792800
3f8c3000
3f1de000
3f5e8800
3f4c1000
3f433800
3f7a5000
3f543000
3fb81400
3f3f6000
3fdb2800
3f614000
3efbb000
3fac1000
3f611000
3f91f000
3fbdc400
3f49a800
3f3a4000
3f38d000
3f4dd800
3f4bd000
3facdc00
3effa000
3fd13c00
3faf6c00
3fdc8000
3f3a4000
3f3af800
3f6a2000
3fa09400
3fb0e000
3f39e000
3fe85800
3f932000
3f0fd000
3f939000
3fbc7400
3f2da800
3f8b0800
3f748800
3fb80c00
3f4f8800
3f842000
3f8de000
3f828000
3f4c1000
3fb7bc00
3f4c1000
3f28a800
3f8d6000
3f8b0800
3f84f000
3f662000
3f92c000
3f723800
3f62a000
3f890000
3f1cf000
3f561800
3fb65800
3ef71000
3fee3400
3f36b000
3f3d4000
3f620800
3f95a400
3f869000
3f464800
3f1db800
3f987000
3f7ca000
3f59f000
3fca3400
3f9ef400
3f86fc00
3f60e000
3f7b4000
3f5fa000
3fb91800
3f66a800
3f8b9c00
3f748800
3fd14000
3f842000
3f860800
3f356000
3f589000
3f84f000
3f801000
3fca3c00
3f825c00
3f912000
3f1ce800
3f45f800
3fa09000
3fa3d000
3f6d9800
3f440000
3fa8b000
3f6ec000
3fcdb000
3f7dc000
3f3d6800
3f4dc000
3f3ef000
3fe8d400
3f960000
3f994000
3fa23800
3f74c000
3f250800
3f49c000
3f1c0800
3fb50800
3f932000
3fa64000
3f828000
3fb80400
3fd5ec00
3f21b000
3f658000
3f91e400
3f5e0000
3fb18400
3f4aa800
3f9e2000
3fbebc00
3f3d0800
3f897400
3fd71800
3f82f000
3f8dec00
3f8cc400
3f3ea800
3f4f8800
3f33c000
3f84ac00
3f599800
3f443000
3f894c00
3f8b9000
3fc3f000
3f780000
3fd30800
3f411000
3f239800
3fb24800
3f838400
3f567800
3f6ec000
3fc53400
3f9f9000
3f75b000
3f1e3000
3fc63000
3f2e8800
3fb48400
3f68f800
3fd93000
3f662000
3f4f6000
3fd5d000
3f5e0000
3f718000
3f957000
3f2b3000
3fc5d000
3f334800
3f838400
3fc7a800
3f2c0800
3f8b0800
3f953000
3f8eb000
3f994000
3f85d400
3f326000
3f86fc00
3fa1ac00
3f8dec00
3f957000
3fab5000
3fb22c00
3f84f000
3f5b1800
3f7ef000
3fd04000
3fd09800
3f42d800
3f0ab000
3f87d000
3f417800
3f15c800
3f79a000
3f800c00
3f882400
3f7ca000
3f59f000
3f52a000
3f5e0000
3fad8800
3f792800
3f108800
3f90cc00
3f8a7400
3f22c800
3f97a000
3fa36000
3f6b0000
3f129800
3f49c000
3f883000
3fba2c00
3f4bd000
3f567800
3f869000
3f658000
3f38a000
3f7ef000
3f5e8800
3f4af000
3fa7d400
3f9c8000
3f4c2000
3f825c00
3f3ed800
3f9d2000
3fbac000
3f542800
3f85d400
3f8de000
3f5c4000
3f2fe800
3f76d800
3fa03400
3fd8dc00
3fcabc00
3f9c8000
3f5ea800
3f343000
3fca9800
3fb77400
3f281000
3f711000
3fb4bc00
3f3cb000
3f9d5000
3f7e8000
3fa33400
3f780000
3f38d800
3f67c000
3f6b4800
3f9cd800
3f3d0800
3f572000
3f964800
3f7ef000
3fd61800
3f7b4000
3f67c000
3fc69000
3f88cc00
3fc0f000
3f207000
3fbbe000
3f89d000
3f991c00
3f7dc800
3f620800
3f83c000
3fbad400
3f3f5800
3fdd7000
3ff21c00
3f957000
3fa1e800
3f5ac000
3f9a1000
3f7e8000
3f0f8800
3f952400
3fabb000
3fc35800
3fd4a400
3fc9a400
3fb40800
3f168800
3f75b000
3f6f1800
3f49b000
3f8eb000
3f8fd000
3f8de000
3f8c4000
3fb7fc00
3f92c000
3fa4a000
3f573000
3f2dc800
3f905000
3f2f5800
3fa8ec00
3f8d5800
3f8b7000
3f60d800
3f928c00
3fca7000
3f92c000
3f57a000
3fce5800
3fa09000
3f65f000
3f711000
3f8b7000
3f88b800
3f9c0400
3f91b800
3f994000
3f932000
3f8aa000
3f8eb000
3fd55400
3f436800
3f49a000
3f338800
3f6b4800
3f838400
3fdad400
3efa5000
3f8d1000
3f7ca000
3f985400
3f800c00
3f22c000
3fd01c00
3f8aa000
3f2f7000
3f567800
3f8de000
3fe9a800
3f8b0800
3f6fe800
3f6d9800
3f9c0800
3fa9d400
3f1d7800
3f45f000
3f79a000
3f555000
3f152000
3f7e8000
3f426000
3f91f000
3f567800
3f80e000
3f620800
3f220800
3f60e000
3f6d9800
3f84ac00
3f82f000
3f84ac00
3f894c00
3f93b400
3fae3000
3f903c00
3f3e8800
3fe00c00
3f3bb800
3f2eb800
3f9aac00
3f3de800
3f62e000
3f928c00
3f370000
3f4d9000
3f231800
3f9c6000
3f7ca000
3f994000
3fd52c00
3f825c00
3f299800
3f662000
3f39f800
3fc97800
3f8d5c00
3f985400
3f3f4800
3fa7a800
3f8f8000
3f7ef000
3f89f000
3f510000
3fd37c00
3f94b800
3f9eb000
3f40f000
3f375800
3f435800
3f7ce000
3f897400
3f8de000
3f94dc00
3f9ef000
3fbf4800
3f5e0000
3fc17400
3f8d1000
3fae8c00
3f423800
3f3bf000
3f5fb800
3fa68c00
3f79a000
3f20c800
3f97a000
3fcf2800
3f75b000
3f3ea800
3f80a000
3fb7a800
3fd21000
3f828000
3fc82000
3f835000
3f30f800
3f732000
3fad2800
3fb2a000
3f890000
3f452000
3f54e000
3f42d000
3f75b000
3f7a5000
3f56a800
3fb73400
3f4ba800
3fc53400
3f5e9000
3fcbe800
3f957000
3f3b4000
3f40c000
3f6ca000
3fb47800
3f555000
3f972c00
3f37a800
3fa93400
3f90d000
3f912000
3f3d5800
3f8aa000
3fd9d800
3f85d400
3f59b800
3f28d800
3fb1a400
3f6fe000
3f626000
3f633000
3f9e2800
3f3be000
3fc19400
3fe6e400
3f841800
3f7ce000
3f31b000
3f905000
3f27b000
3f953000
3f7b7800
3f7ce000
3f32d800
3f426000
3f3d8000
3f718000
3f471000
3fd14800
3fb9a400
3f800c00
3f84ac00
3f957000
3f9eb000
3f4e6000
3f90d000
3f89d000
3f29c800
3fa6c800
3f2d0800
3f3a9800
3f42a000
3f7b4000
3f8c0c00
3fa57000
3f8cc400
3f3e9800
3f8db400
3f240000
3f3e3000
3f9fdc00
3f199800
3f97a000
3f0bd800
3fc7b000
3fa54800
3f912000
3f68f800
3fa52800
3f7b7800
3f38a000
3f8b9c00
3f84f000
3f3be000
3f229000
3fbc9800
3f38d800
3f6d9800
3f644000
3f89a000
3f838400
3f425000
3f879000
3fa45c00
3f905000
3fd30400
3f496000
3f199800
3fcfbc00
3f6a4000
3f800c00
3f3f2000
3f894c00
3fda5800
3f6c7000
3f736000
3fcc0400
3fa23000
3f7b4000
3f6b4800
3fb54000
3fc27c00
3f792800
3f5c4000
3f7b4000
3f792800
3f425800
3f13a000
3f555000
3f2c3800
3fa4a000
3f883000
3f93b000
3f5ae000
3f969800
3f60e000
3f7ef000
3fcce400
3fdad000
3f219800
3fa3c400
3f8d1000
3f74c000
3f48e000
3fa8d000
3f88f800
3f869000
3f395000
3f3f2000
3f6b4800
3f8fa800
3f46e000
3f526000
3f6c7000
3f472800
3fae0000
3f801000
3f129800
3f401800
3f67c000
3f9cf400
3f3f0000
3fa46800
3fd7bc00
3f614000
3f474000
3f578000
3f1ab800
3f48e000
3f8d1000
3f96d000
3f90d000
3f3f7000
3f9d7800
3f825c00
3f842000
3f4c1000
3fa59400
3fa4cc00
3f41a800
3f80a000
3f431000
3f474000
3f1ec800
3f800c00
3f718000
3f696000
3f969800
3f919000
3fb1f400
3f905000
3fa23000
3f5ce800
3f801000
3fd7c800
3f7ef000
3f75b000
3f5b0800
3f868400
3f780000
3f9b5400
3f1cd800
3f301800
3f8b9c00
3f88b800
3f8b0800
3f295800
3f85c000
3f9ca000
3f82f000
3f839400
3f555000
3f9e2000
3f736000
3f4c1000
3f828000
3f439000
3f9b3800
3fd99000
3f8e8000
3f05a000
3f90d000
3f4f7000
3f4ae800
3fc2a400
3f376000
3fd42c00
3f2e9800
3f56d800
3f985400
3f40c000
3fa30000
3f43e000
3f62e800
3f85d400
3fc4fc00
3f736000
3f20c800
3f93b400
3f6d9800
3f693800
3fa0d400
3f711000
3f32e000
3f633000
3f939000
3f252000
3fca4400
3f8f8000
3fc33800
3fdd2400
3fb5dc00
3f8b9c00
3f95a800
3f51d800
3f314000
3f2ee000
3fc63c00
3fb19c00
3f17f000
3f263000
3f7f6000
3f838400
3fc25400
3f879000
3f7b4000
3f718000
3f98c800
3f84f000
3f75b000
3f390800
3f4c1000
3f8b0800
3fe9a800
3f6b4800
3f58c800
3f5b0800
3f53c000
3feaf400
3fb97000
3f5e9000
3f8a7400
3f6ca000
3f883000
3f423800
3fd71800
3f53f800
3f960400
3f792800
3fb2e800
3f38a000
3f5e0000
3f504800
3f4d9000
3f390800
3fb68c00
3f868800
3f835000
3f8fa800
3fa09000
3f7ce000
3fd91400
3f6fe000
3f578000
3f8b7000
3f250000
3fcf7400
3f495800
3f648000
3f013800
3f3f5800
3f5c6000
3f81c800
3fe32000
3f870400
3fde1800
3fdc5000
3f6ec000
3f780000
3f883000
3f2ae000
3f8fa800
3f866800
3f997c00
3f436800
3f5a4000
3f67c000
3f91f800
3fbbf800
3f882400
3f97f000
3fc78000
3f84ac00
3f0b6000
3f86fc00
3f5c5000
3fa78800
3f939000
3fc55400
3fd3d000
3f842000
3f276800
3f6e4000
3f780000
3f97d000
3f876000
3fbaa800
3f80e000
3fcab000
3f9bd800
3fbec000
3f8ed800
3f3be000
3f800c00
3f62e000
3f90d000
3fab8800
3f41a000
3f377800
3f6fe000
3f0fc800
3fce5400
3fa71000
3f946000
3fbc5800
3f5a0000
3f89e000
3f8cc400
3f66a800
3f5ed800
3f75b000
3f9fe400
3f35f800
3f118000
3f800c00
3f76d800
3f169800
3f407800
3f97a000
3f939000
3f801000
3f6c7000
3fb87c00
3f88b800
3f960400
3f876000
3fd6cc00
3f866800
3f07f000
3fbb9400
3fe49800
3fa63800
3f57e800
3f261000
3f321800
3f93b400
3f86fc00
3f88b800
3f85c000
3f5a1800
3f6b0000
3f828000
3f894c00
3f9fd800
3f825c00
3f9ca400
3f8c3000
3f81c800
3fb94c00
3f34c800
3f9ae000
3f79a000
3f33c000
3f59f000
3fa89400
3f489800
3f40b800
3f8de000
3f4e6000
3f696000
3f1f3800
3f5fe800
3f67c000
3f985400
3f98e800
3f835000
3f866800
3f67c000
3f4f6000
3f80a000
3f3a4000
3f649000
3f875400
3f38b000
3fd16c00
3f324800
3f04f000
3fb11800
3f94dc00
3f38f800
3f960400
3f2e7800
3f156800
3fd8dc00
3f2d9000
3f31b800
3fa4f800
3f3c9000
3f92c000
3f118800
3f7b4000
3f81d000
3f67d000
3f8a7400
3f736000
3f4f4000
3fb6b000
3f6c7000
3f92c000
3f0c9000
3fa3d000
3f5a8800
3f912000
3fdbac00
3fdaa800
3f844000
3f835000
3fbfec00
3f01e800
3fc44000
3f835000
3f8d1000
3f96d000
3f6ca000
3f792800
3f876000
3f7dc800
3f882400
3f825c00
3fbdb800
3f94dc00
3fab2000
3f29c800
3f8f8000
3fd08c00
3f620800
3f80a000
3f766000
3f9a6800
3f9ef000
3f835000
3f551000
3fb24800
3f6d9800
3f18c000
3f835000
3f801000
3fc7d400
3fc4fc00
3f3f2000
3fa10000
3fbee800
3f246000
3fc43000
3f8d1000
3fb7f000
3f6e4000
3f780000
3f489800
3fbe4400
3fce0800
3f9bb000
3f932000
3fd43400
3f1ec000
3fbf4800
3f879000
3feac800
3f946000
3f883000
3f96d000
3f7dc800
3f81b000
3f147800
3f828000
3f166800
3f154000
3f6b0000
3f75b000
3f6fe000
3f333800
3f8f1400
3fa97800
3f2c6800
3f84f000
3f5ac000
3f780000
3f8f8000
3fb54000
3f13d000
3fb1b000
3f538800
3fb1a400
3fa09000
3f68f800
3f935c00
3f800c00
3f60e000
3f409000
3fc53400
3fa16000
3fddf000
3f27e000
3f579000
3f88b800
3f6fe000
3f801000
3f916400
3f960000
3f4d0000
3f294000
3f290800
3f985400
3f55f800
3f960000
3f905000
3fc2ec00
3f93b400
3f3d4800
3fc16400
3faf9800
3fa52c00
3f905000
3f80d400
3f828000
3f099000
3fc53c00
3fb98400
3fad5000
3fae2000
3f2b1800
3f58c800
3f25e000
3fcbac00
3f89d000
3f94dc00
3fbee800
3f337000
3fa96800
3f780000
3fa4cc00
3fc6f400
3f75b000
3fa16000
3fb18800
3f26a800
3faba800
3f5db800
3f766000
3fee3400
3f79a000
3f6ca000
3f912000
3f8b0800
3f839400
3eff3000
3f3f2000
3f7a5000
3f780000
3f9d5000
3fb92c00
3fa23000
3f82f000
3f8eb000
3fa16000
3f8dec00
3fc8a000
3f6c7000
3f912000
3f841800
3fa98000
3f994000
3fd79800
3f37c800
3fb9a000
3fc0d400
3f551800
3f2b5800
3f88b800
3f883000
3f286000
3f766000
3f7a5000
3f45a000
3f841800
3fad3c00
3f7dc800
3fceec00
3f2d4000
3f86fc00
3f416800
3f2d2800
3f9b7c00
3f541000
3f6ec000
3f932000
3f780000
3f673800
3f2be000
3f8dec00
3f84ac00
3fa30400
3f364800
3fb0d000
3f30e000
3f89e000
3f80e000
3f656000
3fbc9000
3f257000
3f67c000
3fd22c00
3fa80c00
3f9e2000
3f0d5800
3f452000
3fce2000
3f318000
3f56a800
3f4b7800
3f60e000
3f8fa800
3f658000
3fa4a000
3f879000
3f813400
3f606000
3f662000
3fbad000
3fa09000
3f903c00
3faa5000
3f104800
3f7dc800
3f37c000
3f3b2000
3f748800
3f9bb000
3f6b4800
3fbb5000
3f8b9c00
3f80a000
3f6ec000
3fb27800
3f813400
3f1cf800
3f946000
3f91f000
3f620800
3feeb000
3f4d9800
3f854000
3f6e4000
3f5c7800
3f869000
3f6fe800
3f81b000
3f6b0000
3f510000
3f38a000
3f1ea000
3f223000
3f153000
3f090000
3ef80000
3f718000
3f578000
3f3f2000
3f252000
3f257000
3f187000
3f0c4000
3efe8000
3f79a000
3f5fa000
3f474000
3f2d4000
3f29d800
3f1cd800
3f10a800
3f03a800
3f801000
3f662000
3f4dc000
3f33c000
3f2d1800
3f201800
3f13e800
3f06e800
3ef57000
3f6e4000
3f55e000
3f3be000
3f238000
3f248000
3f185000
3f0b5000
3efe4000
3f74c000
3f5c6000
3f426000
3f2a0000
3f27c000
3f1b9000
3f0e9000
3f026000
3f7ce000
3f648000
3f4a8000
3f322000
3f2c2800
3f1ff800
3f12f800
3f06c800
3f81b000
3f6b0000
3f510000
3f38a000
3f2f6800
3f233800
3f163800
3f0a0800
3efa1000
3f732000
3f592000
3f40c000
3f26c000
3f27a000
3f1aa000
3f0e7000
3f017000
3f79a000
3f5fa000
3f474000
3f2d4000
3f2ae000
3f1de000
3f11b000
3f04b000
3f80e000
3f67c000
3f4f6000
3f356000
3f2f4800
3f224800
3f161800
3f091800
3f842000
3f6e4000
3f55e000
3f3be000
3f328800
3f258800
3f195800
3f0c5800
3f002800
3f766000
3f5e0000
3f440000
3f2ba000
3f29f000
3f1dc000
3f10c000
3f049000
3f7ce000
3f648000
3f4a8000
3f322000
3f2d3000
3f210000
3f140000
3f07d000
3f828000
3f6ca000
3f52a000
3f3a4000
3f319800
3f256800
3f186800
3f0c3800
3f85c000
3f732000
3f592000
3f40c000
3f34d800
3f28a800
3f1ba800
3f0f7800
3f027800
3f7b4000
3f614000
3f48e000
3f2ee000
3f2d1000
3f201000
3f13e000
3f06e000
3f80e000
3f67c000
3f4f6000
3f356000
3f305000
3f235000
3f172000
3f0a2000
3f84f000
3f6fe000
3f578000
3f3d8000
3f34b800
3f27b800
3f1b8800
3f0e8800
3f883000
3f766000
3f5e0000
3f440000
3f2ba000
3f2af800
3f1ec800
3f11c800
3f059800
3f7e8000
3f662000
3f4c2000
3f33c000
3f2f6000
3f233000
3f163000
3f0a0000
3f828000
3f6ca000
3f52a000
3f3a4000
3f32a000
3f267000
3f197000
3f0d4000
3f869000
3f74c000
3f5ac000
3f426000
3f370800
3f2ad800
3f1dd800
3f11a800
3f89d000
3f7b4000
3f614000
3f48e000
3f2ee000
3f2e1800
3f211800
3f14e800
3f07e800
3f81b000
3f696000
3f510000
3f370000
3f328000
3f258000
3f195000
3f0c5000
3f84f000
3f6fe000
3f578000
3f3d8000
3f35c000
3f28c000
3f1c9000
3f0f9000
3f890000
3f780000
3f5fa000
3f45a000
3f3a2800
3f2d2800
3f20f800
3f13f800
3f8c4000
3f7e8000
3f662000
3f4c2000
3f33c000
3f306800
3f243800
3f173800
3f0b0800
3f835000
3f6e4000
3f544000
3f3be000
3f34d000
3f28a000
3f1ba000
3f0f7000
3f869000
3f74c000
3f5ac000
3f426000
3f381000
3f2be000
3f1ee000
3f12b000
3f8aa000
3f7ce000
3f62e000
3f4a8000
3f3c7800
3f304800
3f234800
3f171800
3f8de000
3f81b000
3f696000
3f510000
3f370000
3f338800
3f268800
3f1a5800
3f0d5800
3f85c000
3f718000
3f592000
3f3f2000
3f37f000
3f2af000
3f1ec000
3f11c000
3f890000
3f780000
3f5fa000
3f45a000
3f3b3000
3f2e3000
3f220000
3f150000
3f8d1000
3f801000
3f67c000
3f4dc000
3f3f9800
3f329800
3f266800
3f196800
3f0d3800
3f835000
3f6e4000
3f544000
3f3be000
3f35d800
3f29a800
3f1ca800
3f107800
3f876000
3f766000
3f5c6000
3f440000
3f3a4000
3f2e1000
3f211000
3f14e000
3f8aa000
3f7ce000
3f62e000
3f4a8000
3f3d8000
3f315000
3f245000
3f182000
3f8eb000
3f828000
3f6b0000
3f52a000
3f41e800
3f35b800
3f28b800
3f1c8800
3f0f8800
3f85c000
3f718000
3f592000
3f3f2000
3f38f800
3f2bf800
3f1fc800
3f12c800
3f89d000
3f79a000
3f614000
3f474000
3f3d6000
3f306000
3f243000
3f173000
3f8d1000
3f801000
3f67c000
3f4dc000
3f40a000
3f33a000
3f277000
3f1a7000
3f912000
3f842000
3f6fe000
3f55e000
3f450800
3f380800
3f2bd800
3f1ed800
3f12a800
3f876000
3f766000
3f5c6000
3f440000
3f3b4800
3f2f1800
3f221800
3f15e800
3f8b7000
3f7e8000
3f648000
3f4c2000
3f3fb000
3f338000
3f268000
3f1a5000
3f8eb000
3f828000
3f6b0000
3f52a000
3f42f000
3f36c000
3f29c000
3f1d9000
3f92c000
3f869000
3f732000
3f5ac000
3f475800
3f3b2800
3f2e2800
3f21f800
3f14f800
3f89d000
3f79a000
3f614000
3f474000
3f3e6800
3f316800
3f253800
3f183800
3f8de000
3f80e000
3f696000
3f4f6000
3f42d000
3f35d000
3f29a000
3f1ca000
3f912000
3f842000
3f6fe000
3f55e000
3f461000
3f391000
3f2ce000
3f1fe000
3f953000
3f883000
3f780000
3f5e0000
3f45a000
3f3d7800
3f314800
3f244800
3f181800
3f8b7000
3f7e8000
3f648000
3f4c2000
3f40b800
3f348800
3f278800
3f1b5800
3f8f8000
3f835000
3f6ca000
3f544000
3f452000
3f38f000
3f2bf000
3f1fc000
3f92c000
3f869000
3f732000
3f5ac000
3f486000
3f3c3000
3f2f3000
3f230000
3f96d000
3f8aa000
3f7b4000
3f62e000
3f48e000
3f409800
3f339800
3f276800
3f1a6800
3f8de000
3f80e000
3f696000
3f4f6000
3f43d800
3f36d800
3f2aa800
3f1da800
3f91f000
3f84f000
3f718000
3f578000
3f484000
3f3b4000
3f2f1000
3f221000
3f953000
3f883000
3f780000
3f5e0000
3f4b8000
3f3e8000
3f325000
3f255000
3f994000
3f8c4000
3f801000
3f662000
3f4dc000
3f42e800
3f36b800
3f29b800
3f1d8800
3f8f8000
3f835000
3f6ca000
3f544000
3f462800
3f39f800
3f2cf800
3f20c800
3f939000
3f876000
3f74c000
3f5c6000
3f4a9000
3f3e6000
3f316000
3f253000
3f96d000
3f8aa000
3f7b4000
3f62e000
3f4dd000
3f41a000
3f34a000
3f287000
3f9ae000
3f8eb000
3f81b000
3f6b0000
3f510000
3f460800
3f390800
3f2cd800
3f1fd800
3f91f000
3f84f000
3f718000
3f578000
3f494800
3f3c4800
3f301800
3f231800
3f960000
3f890000
3f79a000
3f5fa000
3f4db000
3f40b000
3f348000
3f278000
3f994000
3f8c4000
3f801000
3f662000
3f50f000
3f43f000
3f37c000
3f2ac000
3f1e9000
3f905000
3f842000
3f6e4000
3f55e000
3f485800
3f3c2800
3f2f2800
3f22f800
3f939000
3f876000
3f74c000
3f5c6000
3f4b9800
3f3f6800
3f326800
3f263800
3f97a000
3f8b7000
3f7ce000
3f648000
3f500000
3f43d000
3f36d000
3f2aa000
3f9ae000
3f8eb000
3f81b000
3f6b0000
3f534000
3f471000
3f3a1000
3f2de000
3f20e000
3f92c000
3f85c000
3f732000
3f592000
3f4b7800
3f3e7800
3f324800
3f254800
3f960000
3f890000
3f79a000
3f5fa000
3f4eb800
3f41b800
3f358800
3f288800
3f9a1000
3f8d1000
3f80e000
3f67c000
3f532000
3f462000
3f39f000
3f2cf000
3f9d5000
3f905000
3f842000
3f6e4000
3f566000
3f496000
3f3d3000
3f303000
3f240000
3f946000
3f883000
3f766000
3f5e0000
3f4dc800
3f419800
3f349800
3f286800
3f97a000
3f8b7000
3f7ce000
3f648000
3f510800
3f44d800
3f37d800
3f2ba800
3f9bb000
3f8f8000
3f828000
3f6ca000
3f557000
3f494000
3f3c4000
3f301000
3f9ef000
3f92c000
3f85c000
3f732000
3f58b000
3f4c8000
3f3f8000
3f335000
3f265000
3f96d000
3f89d000
3f7b4000
3f614000
3f50e800
3f43e800
3f37b800
3f2ab800
3f9a1000
3f8d1000
3f80e000
3f67c000
3f542800
3f472800
3f3af800
3f2df800
3f9e2000
3f912000
3f84f000
3f6fe000
3f589000
3f4b9000
3f3f6000
3f326000
3fa16000
3f946000
3f883000
3f766000
3f5e0000
3f4ed000
3f42a000
3f35a000
3f297000
3f987000
3f8c4000
3f7e8000
3f662000
3f533800
3f470800
3f3a0800
3f2dd800
3f9bb000
3f8f8000
3f828000
3f6ca000
3f567800
3f4a4800
3f3d4800
3f311800
3f9fc000
3f939000
3f869000
3f74c000
3f5ae000
3f4eb000
3f41b000
3f358000
3fa30000
3f96d000
3f89d000
3f7b4000
3f614000
3f51f000
3f44f000
3f38c000
3f2bc000
3f9ae000
3f8de000
3f81b000
3f696000
3f565800
3f495800
3f3d2800
3f302800
3f9e2000
3f912000
3f84f000
3f6fe000
3f599800
3f4c9800
3f406800
3f336800
3fa23000
3f953000
3f890000
3f780000
3f5e0000
3f510000
3f44d000
3f37d000
3fa57000
3f987000
3f8c4000
3f7e8000
3f662000
3f544000
3f481000
3f3b1000
3f2ee000
3f9c8000
3f905000
3f835000
3f6e4000
3f58a800
3f4c7800
3f3f7800
3f334800
3f9fc000
3f939000
3f869000
3f74c000
3f5be800
3f4fb800
3f42b800
3f368800
3fa3d000
3f97a000
3f8aa000
3f7ce000
3f605000
3f542000
3f472000
3f3af000
3fa71000
3f9ae000
3f8de000
3f81b000
3f696000
3f576000
3f4a6000
3f3e3000
3f313000
3f9ef000
3f91f000
3f85c000
3f718000
3f5bc800
3f4ec800
3f429800
3f359800
3fa23000
3f953000
3f890000
3f780000
3f5f0800
3f520800
3f45d800
3f38d800
3fa64000
3f994000
3f8d1000
3f801000
3f637000
3f567000
3f4a4000
3f3d4000
3f311000
3f9c8000
3f905000
3f835000
3f6e4000
3f59b000
3f4d8000
3f408000
3f345000
3fa09000
3f946000
3f876000
3f766000
3f5e1800
3f51e800
3f44e800
3f38b800
3fa3d000
3f97a000
3f8aa000
3f7ce000
3f615800
3f552800
3f482800
3f3bf800
3fa7e000
3f9bb000
3f8eb000
3f828000
3f65c000
3f599000
3f4c9000
3f406000
3f336000
3f9ef000
3f91f000
3f85c000
3f718000
3f5cd000
3f4fd000
3f43a000
3f36a000
3fa30000
3f960000
3f89d000
3f79a000
3f613800
3f543800
3f480800
3f3b0800
3fa64000
3f994000
3f8d1000
3f801000
3f647800
3f577800
3f4b4800
3f3e4800
3faa5000
3f9d5000
3f912000
3f842000
3f68e000
3f5be000
3f4fb000
3f42b000
3f368000
3fa09000
3f946000
3f876000
3f766000
3f5f2000
3f52f000
3f45f000
3f39c000
3fa4a000
3f987000
3f8b7000
3f7e8000
3f638800
3f575800
3f4a5800
3f3e2800
3fa7e000
3f9bb000
3f8eb000
3f828000
3f66c800
3f5a9800
3f4d9800
3f416800
3fabf000
3f9fc000
3f92c000
3f869000
3f6b3000
3f5f0000
3f520000
3f45d000
3f38d000
3fa30000
3f960000
3f89d000
3f79a000
3f624000
3f554000
3f491000
3f3c1000
3fa71000
3f9a1000
3f8de000
3f80e000
3f66a800
3f59a800
3f4d7800
3f407800
3faa5000
3f9d5000
3f912000
3f842000
3f69e800
3f5ce800
3f50b800
3f43b800
3fae6000
3fa16000
3f953000
3f883000
3f780000
3f615000
3f552000
3f482000
3f3bf000
3fa4a000
3f987000
3f8b7000
3f7e8000
3f649000
3f586000
3f4b6000
3f3f3000
3fa8b000
3f9c8000
3f8f8000
3f835000
3f68f800
3f5cc800
3f4fc800
3f439800
3fabf000
3f9fc000
3f92c000
3f869000
3f6c3800
3f600800
3f530800
3f46d800
3fb00000
3fa3d000
3f96d000
3f8aa000
3f7b4000
3f647000
3f577000
3f4b4000
3f3e4000
3fa71000
3f9a1000
3f8de000
3f80e000
3f67b000
3f5ab000
3f4e8000
3f418000
3fab2000
3f9e2000
3f91f000
3f84f000
3f6c1800
3f5f1800
3f52e800
3f45e800
3fae6000
3fa16000
3f953000
3f883000
3f6f5800
3f625800
3f562800
3f492800
3fb27000
3fa57000
3f994000
3f8c4000
3f801000
3f66c000
3f5a9000
3f4d9000
3f416000
3fa8b000
3f9c8000
3f8f8000
3f835000
3f6a0000
3f5dd000
3f50d000
3f44a000
3facc000
3fa09000
3f939000
3f876000
3f6e6800
3f623800
3f553800
3f490800
3fb00000
3fa3d000
3f96d000
3f8aa000
3f71a800
3f657800
3f587800
3f4c4800
3fb41000
3fa7e000
3f9ae000
3f8eb000
3f81b000
3f69e000
3f5ce000
3f50b000
3f43b000
3fab2000
3f9e2000
3f91f000
3f84f000
3f6d2000
3f602000
3f53f000
3f46f000
3faf3000
3fa23000
3f960000
3f890000
3f718800
3f648800
3f585800
3f4b5800
3fb27000
3fa57000
3f994000
3f8c4000
3f74c800
3f67c800
3f5b9800
3f4e9800
3f426800
3faef400
3f9dd800
3f8b9800
3f74f800
3f723800
3f60e000
3f4e6000
3f3d0800
3fb38400
3fa26800
3f902800
3f7e1800
3f76d800
3f658000
3f530000
3f41a800
3fb8e400
3fa7c800
3f958800
3f846c00
3f7ca000
3f6b4800
3f58c800
3f477000
3fbd7400
3fac5800
3f9a1800
3f88fc00
3f80a000
3f6fe800
3f5d6800
3f4c1000
3f399000
3fb1b800
3f9f7800
3f8e5c00
3f783800
3f75b000
3f633000
3f51d800
3f3f5800
3fb64800
3fa40800
3f92ec00
3f80ac00
3f7a5000
3f67d000
3f567800
3f43f800
3fbba800
3fa96800
3f984c00
3f860c00
3f800c00
3f6d9800
3f5c4000
3f49c000
3fc03800
3fadf800
3f9cdc00
3f8a9c00
3f825c00
3f723800
3f60e000
3f4e6000
3f3d0800
3fb35800
3fa23c00
3f8ffc00
3f7dc000
3f780000
3f66a800
3f542800
3f42d000
3fb7e800
3fa6cc00
3f948c00
3f837000
3f7ca000
3f6b4800
3f58c800
3f477000
3fbd4800
3fac2c00
3f99ec00
3f88d000
3f813400
3f711000
3f5e9000
3f4d3800
3fc1d800
3fb0bc00
3f9e7c00
3f8d6000
3f838400
3f75b000
3f633000
3f51d800
3f3f5800
3fb61c00
3fa3dc00
3f92c000
3f808000
3f7b7800
3f68f800
3f57a000
3f452000
3fbaac00
3fa86c00
3f975000
3f851000
3f800c00
3f6d9800
3f5c4000
3f49c000
3fc00c00
3fadcc00
3f9cb000
3f8a7000
3f82f000
3f736000
3f620800
3f4f8800
3fc49c00
3fb25c00
3fa14000
3f8f0000
3f7bc800
3f780000
3f66a800
3f542800
3f42d000
3fb7bc00
3fa6a000
3f946000
3f834400
3f7dc800
3f6c7000
3f59f000
3f489800
3fbc4c00
3fab3000
3f98f000
3f87d400
3f813400
3f711000
3f5e9000
3f4d3800
3fc1ac00
3fb09000
3f9e5000
3f8d3400
3f841800
3f76d800
3f645800
3f530000
3fc63c00
3fb52000
3fa2e000
3f91c400
3f7f0800
3f7b7800
3f68f800
3f57a000
3f452000
3fba8000
3fa84000
3f972400
3f84e400
3f80a000
3f6ec000
3f5d6800
3f4ae800
3fbf1000
3facd000
3f9bb400
3f897400
3f82f000
3f736000
3f620800
3f4f8800
3fc47000
3fb23000
3fa11400
3f8ed400
3f85d400
3f792800
3f67d000
3f555000
3fc90000
3fb6c000
3fa5a400
3f936400
3f824800
3f7dc800
3f6c7000
3f59f000
3f489800
3fbc2000
3fab0400
3f98c400
3f87a800
3f81c800
3f723800
3f5fb800
3f4e6000
3fc0b000
3faf9400
3f9d5400
3f8c3800
3f841800
3f76d800
3f645800
3f530000
3fc61000
3fb4f400
3fa2b400
3f919800
3f86fc00
3f7ca000
3f6a2000
3f58c800
3fcaa000
3fb98400
3fa74400
3f962800
3f83e800
3f80a000
3f6ec000
3f5d6800
3f4ae800
3fbee400
3faca400
3f9b8800
3f894800
3f838400
3f748800
3f633000
3f50b000
3fc37400
3fb13400
3fa01800
3f8dd800
3f85d400
3f792800
3f67d000
3f555000
3fc8d400
3fb69400
3fa57800
3f933800
3f88b800
3f7ef000
3f6d9800
3f5b1800
3f49c000
3fbb2400
3faa0800
3f97c800
3f86ac00
3f81c800
3f723800
3f5fb800
3f4e6000
3fc08400
3faf6800
3f9d2800
3f8c0c00
3f84ac00
3f780000
3f658000
3f542800
3fc51400
3fb3f800
3fa1b800
3f909c00
3f86fc00
3f7ca000
3f6a2000
3f58c800
3fca7400
3fb95800
3fa71800
3f95fc00
3f89e000
3f813400
3f6fe800
3f5e9000
3f4c1000
3fbde800
3faba800
3f9a8c00
3f884c00
3f838400
3f748800
3f633000
3f50b000
3fc34800
3fb10800
3f9fec00
3f8dac00
3f866800
3f7a5000
3f68f800
3f567800
3fc7d800
3fb59800
3fa47c00
3f923c00
3f88b800
3f7ef000
3f6d9800
3f5b1800
3fcd3800
3fbaf800
3fa9dc00
3f979c00
3f8b9c00
3f825c00
3f736000
3f60e000
3f4f8800
3fbf8800
3fae6c00
3f9c2c00
3f8b1000
3f84ac00
3f780000
3f658000
3f542800
3fc4e800
3fb3cc00
3fa18c00
3f907000
3f879000
3f7dc800
3f6b4800
3f59f000
3fc97800
3fb85c00
3fa61c00
3f950000
3f89e000
3f813400
3f6fe800
3f5e9000
3fced800
3fbdbc00
3fab7c00
3f9a6000
3f8cc400
3f841800
3f75b000
3f645800
3f51d800
3fc24c00
3fb00c00
3f9ef000
3f8cb000
3f866800
3f7a5000
3f68f800
3f567800
3fc7ac00
3fb56c00
3fa45000
3f921000
3f894c00
3f800c00
3f6ec000
3f5c4000
3fcc3c00
3fb9fc00
3fa8e000
3f96a000
3f8b9c00
3f825c00
3f736000
3f60e000
3fd19c00
3fbf5c00
3fae4000
3f9c0000
3f8ae400
3f854000
3f792800
3f66a800
3f555000
3fc3ec00
3fb2d000
3fa09000
3f8f7400
3f879000
3f7dc800
3f6b4800
3f59f000
3fc94c00
3fb83000
3fa5f000
3f94d400
3f8a7400
3f81c800
3f711000
3f5fb800
3fcddc00
3fbcc000
3faa8000
3f996400
3f8cc400
3f841800
3f75b000
3f645800
3fd33c00
3fc22000
3fafe000
3f9ec400
3f8c8400
3f86fc00
3f7b7800
3f6a2000
3f57a000
3fc6b000
3fb47000
3fa35400
3f911400
3f894c00
3f800c00
3f6ec000
3f5c4000
3fcc1000
3fb9d000
3fa8b400
3f967400
3f8c3000
3f82f000
3f748800
3f620800
3fd0a000
3fbe6000
3fad4400
3f9b0400
3f8e8000
3f854000
3f792800
3f66a800
3fd60000
3fc3c000
3fb2a400
3fa06400
3f8f4800
3f882400
3f7ef000
3f6c7000
3f5b1800
3fc85000
3fb73400
3fa4f400
3f93d800
3f8a7400
3f81c800
3f711000
3f5fb800
3fcdb000
3fbc9400
3faa5400
3f993800
3f8d5800
3f84ac00
3f76d800
3f658000
3fd24000
3fc12400
3faee400
3f9dc800
3f8fa800
3f86fc00
3f7b7800
3f6a2000
3fd7a000
3fc68400
3fb44400
3fa32800
3f90e800
3f89e000
3f80a000
3f6fe800
3f5d6800
3fcb1400
3fb8d400
3fa7b800
3f957800
3f8c3000
3f82f000
3f748800
3f620800
3fd07400
3fbe3400
3fad1800
3f9ad800
3f8f1400
3f85d400
3f7a5000
3f67d000
3fd50400
3fc2c400
3fb1a800
3f9f6800
3f916400
3f882400
3f7ef000
3f6c7000
3f5b1800
3fc82400
3fb70800
3fa4c800
3f93ac00
3f8b0800
3f825c00
3f723800
3f60e000
3fccb400
3fbb9800
3fa95800
3f983c00
3f8d5800
3f84ac00
3f76d800
3f658000
3fd21400
3fc0f800
3faeb800
3f9d9c00
3f903c00
3f879000
3f7ca000
3f6b4800
3fd6a400
3fc58800
3fb34800
3fa22c00
3f928c00
3f89e000
3f80a000
3f6fe800
3f5d6800
3fcae800
3fb8a800
3fa78c00
3f954c00
3f8cc400
3f838400
3f75b000
3f633000
3fcf7800
3fbd3800
3fac1c00
3f99dc00
3f8f1400
3f85d400
3f7a5000
3f67d000
3fd4d800
3fc29800
3fb17c00
3f9f3c00
3f91f800
3f88b800
3f800c00
3f6d9800
3fd96800
3fc72800
3fb60c00
3fa3cc00
3f944800
3f8b0800
3f825c00
3f723800
3f60e000
3fcc8800
3fbb6c00
3fa92c00
3f981000
3f8dec00
3f854000
3f780000
3f66a800
3fd11800
3fbffc00
3fadbc00
3f9ca000
3f903c00
3f879000
3f7ca000
3f6b4800
3fd67800
3fc55c00
3fb31c00
3fa20000
3f932000
3f8a7400
3f813400
3f711000
3fdb0800
3fc9ec00
3fb7ac00
3fa69000
3f957000
3f8cc400
3f838400
3f75b000
3f633000
3fcf4c00
3fbd0c00
3fabf000
3f99b000
3f8fa800
3f866800
3f7b7800
3f68f800
3fd3dc00
3fc19c00
3fb08000
3f9e4000
3f91f800
3f88b800
3f800c00
3f6d9800
3fd93c00
3fc6fc00
3fb5e000
3fa3a000
3f94dc00
3f8b9c00
3f82f000
3f736000
3fddcc00
3fcb8c00
3fba7000
3fa83000
3f971400
3f8dec00
3f854000
3f780000
3f66a800
3fd0ec00
3fbfd000
3fad9000
3f9c7400
3f90d000
3f882400
3f7dc800
3f6c7000
3fd57c00
3fc46000
3fb22000
3fa10400
3f932000
3f8a7400
3f813400
3f711000
3fdadc00
3fc9c000
3fb78000
3fa66400
3f960400
3f8d5800
3f841800
3f76d800
3fdf6c00
3fce5000
3fbc1000
3faaf400
3f98b400
3f8fa800
3f866800
3f7b7800
3f68f800
3fd3b000
3fc17000
3fb05400
3f9e1400
3f928c00
3f894c00
3f80a000
3f6ec000
3fd84000
3fc60000
3fb4e400
3fa2a400
3f94dc00
3f8b9c00
3f82f000
3f736000
3fdda000
3fcb6000
3fba4400
3fa80400
3f97c000
3f8e8000
3f85d400
3f792800
3fe23000
3fcff000
3fbed400
3fac9400
3f9b7800
3f90d000
3f882400
3f7dc800
3f6c7000
3fd55000
3fc43400
3fb1f400
3fa0d800
3f93b400
3f8b0800
3f81c800
3f723800
3fd9e000
3fc8c400
3fb68400
3fa56800
3f960400
3f8d5800
3f841800
3f76d800
3fdf4000
3fce2400
3fbbe400
3faac800
3f98e800
3f903c00
3f86fc00
3f7ca000
3fe3d000
3fd2b400
3fc07400
3faf5800
3f9d1800
3f928c00
3f894c00
3f80a000
3f6ec000
3fd81400
3fc5d400
3fb4b800
3fa27800
3f957000
3f8c3000
3f838400
3f748800
3fdca400
3fca6400
3fb94800
3fa70800
3f97c000
3f8e8000
3f85d400
3f792800
3fe20400
3fcfc400
3fbea800
3fac6800
3f9aa400
3f916400
3f88b800
3f7ef000
3f6d9800
3fd45400
3fc33800
3fb0f800
3f9fdc00
3f93b400
3f8b0800
3f81c800
3f723800
3fd9b400
3fc89800
3fb65800
3fa53c00
3f969800
3f8dec00
3f84ac00
3f780000
3fde4400
3fcd2800
3fbae800
3fa9cc00
3f98e800
3f903c00
3f86fc00
3f7ca000
3fe3a400
3fd28800
3fc04800
3faf2c00
3f9bcc00
3f932000
3f89e000
3f813400
3f6fe800
3fd71800
3fc4d800
3fb3bc00
3fa17c00
3f957000
3f8c3000
3f838400
3f748800
3fdc7800
3fca3800
3fb91c00
3fa6dc00
3f985400
3f8f1400
3f866800
3f7a5000
3fe10800
3fcec800
3fbdac00
3fab6c00
3f9aa400
3f916400
3f88b800
3f7ef000
3fe66800
3fd42800
3fc30c00
3fb0cc00
3f9d8800
3f944800
3f8b9c00
3f825c00
3f736000
3fd8b800
3fc79c00
3fb55c00
3fa44000
3f969800
3f8dec00
3f84ac00
3f780000
3fde1800
3fccfc00
3fbabc00
3fa9a000
3f997c00
3f90d000
3f879000
3f7dc800
3fe2a800
3fd18c00
3fbf4c00
3fae3000
3f9bcc00
3f932000
3f89e000
3f813400
3fe80800
3fd6ec00
3fc4ac00
3fb39000
3f9eb000
3f960400
3f8cc400
3f841800
3f75b000
3fdb7c00
3fc93c00
3fb82000
3fa5e000
3f985400
3f8f1400
3f866800
3f7a5000
3fe0dc00
3fce9c00
3fbd8000
3fab4000
3f9b3800
3f91f800
3f894c00
3f800c00
3fe56c00
3fd32c00
3fc21000
3fafd000
3f9d8800
3f944800
3f8b9c00
3f825c00
3feacc00
3fd88c00
3fc77000
3fb53000
3fa41400
3f972c00
3f8e8000
3f854000
3f792800
3fdd1c00
3fcc0000
3fb9c000
3fa8a400
3f997c00
3f90d000
3f879000
3f7dc800
3fe27c00
3fd16000
3fbf2000
3fae0400
3f9c6000
3f93b400
3f8a7400
3f81c800
3fe70c00
3fd5f000
3fc3b000
3fb29400
3f9eb000
3f960400
3f8cc400
3f841800
3fec6c00
3fdb5000
3fc91000
3fb7f400
3fa5b400
3f98e800
3f8fa800
3f86fc00
3f7b7800
3fdfe000
3fcda000
3fbc8400
3faa4400
3f9b3800
3f91f800
3f894c00
3f800c00
3fe54000
3fd30000
3fc1e400
3fafa400
3f9e1c00
3f94dc00
3f8c3000
3f82f000
3fe9d000
3fd79000
3fc67400
3fb43400
3fa06c00
3f972c00
3f8e8000
3f854000
3fef3000
3fdcf000
3fcbd400
3fb99400
3fa87800
3f9a1000
3f916400
3f882400
3f7ef000
3fe18000
3fd06400
3fbe2400
3fad0800
3f9c6000
3f93b400
3f8a7400
3f81c800
3fe6e000
3fd5c400
3fc38400
3fb26800
3f9f4400
3f969800
3f8d5800
3f84ac00
3feb7000
3fda5400
3fc81400
3fb6f800
3fa19400
3f98e800
3f8fa800
3f86fc00
3ff0d000
3fdfb400
3fcd7400
3fbc5800
3faa1800
3f9bcc00
3f928c00
3f89e000
3f80a000
3fe44400
3fd20400
3fc0e800
3faea800
3f9e1c00
3f94dc00
3f8c3000
3f82f000
3fe9a400
3fd76400
3fc64800
3fb40800
3fa10000
3f97c000
3f8f1400
3f85d400
3fee3400
3fdbf400
3fcad800
3fb89800
3fa35000
3f9a1000
3f916400
3f882400
3f7ef000
3fe15400
3fd03800
3fbdf800
3facdc00
3f9cf400
3f944800
3f8b0800
3f825c00
3fe5e400
3fd4c800
3fc28800
3fb16c00
3f9f4400
3f969800
3f8d5800
3f84ac00
3feb4400
3fda2800
3fc7e800
3fb6cc00
3fa22800
3f997c00
3f903c00
3f879000
3fefd400
3fdeb800
3fcc7800
3fbb5c00
3fa47800
3f9bcc00
3f928c00
3f89e000
3f80a000
3f6ca000
3f52a000
3f3a4000
3f204000
3f230000
3f160000
3f09d000
3ef9a000
3f732000
3f592000
3f40c000
3f26c000
3f264000
3f194000
3f0d1000
3f001000
3f7b4000
3f614000
3f48e000
3f2ee000
3f2aa800
3f1da800
3f117800
3f047800
3f80e000
3f67c000
3f4f6000
3f356000
3f2de800
3f20e800
3f14b800
3f07b800
3ef71000
3f6fe000
3f578000
3f3d8000
3f252000
3f255000
3f192000
3f0c2000
3effe000
3f766000
3f5e0000
3f440000
3f2ba000
3f289000
3f1c6000
3f0f6000
3f033000
3f7e8000
3f662000
3f4c2000
3f33c000
3f2cf800
3f20c800
3f13c800
3f079800
3f828000
3f6ca000
3f52a000
3f3a4000
3f303800
3f240800
3f170800
3f0ad800
3efbb000
3f74c000
3f5ac000
3f426000
3f286000
3f287000
3f1b7000
3f0f4000
3f024000
3f7b4000
3f614000
3f48e000
3f2ee000
3f2bb000
3f1eb000
3f128000
3f058000
3f81b000
3f696000
3f510000
3f370000
3f301800
3f231800
3f16e800
3f09e800
3f84f000
3f6fe000
3f578000
3f3d8000
3f252000
3f265800
3f1a2800
3f0d2800
3f00f800
3f780000
3f5fa000
3f45a000
3f2d4000
3f2ac000
3f1e9000
3f119000
3f056000
3f7e8000
3f662000
3f4c2000
3f33c000
3f2e0000
3f21d000
3f14d000
3f08a000
3f835000
3f6e4000
3f544000
3f3be000
3f326800
3f263800
3f193800
3f0d0800
3f869000
3f74c000
3f5ac000
3f426000
3f286000
3f297800
3f1c7800
3f104800
3f034800
3f7ce000
3f62e000
3f4a8000
3f308000
3f2de000
3f20e000
3f14b000
3f07b000
3f81b000
3f696000
3f510000
3f370000
3f312000
3f242000
3f17f000
3f0af000
3f85c000
3f718000
3f592000
3f3f2000
3f358800
3f288800
3f1c5800
3f0f5800
3f890000
3f780000
3f5fa000
3f45a000
3f2d4000
3f2bc800
3f1f9800
3f129800
3f066800
3f801000
3f67c000
3f4dc000
3f356000
3f303000
3f240000
3f170000
3f0ad000
3f835000
3f6e4000
3f544000
3f3be000
3f337000
3f274000
3f1a4000
3f0e1000
3f876000
3f766000
3f5c6000
3f440000
3f37d800
3f2ba800
3f1ea800
3f127800
3f8aa000
3f7ce000
3f62e000
3f4a8000
3f308000
3f2ee800
3f21e800
3f15b800
3f08b800
3f828000
3f6b0000
3f52a000
3f38a000
3f335000
3f265000
3f1a2000
3f0d2000
3f85c000
3f718000
3f592000
3f3f2000
3f369000
3f299000
3f1d6000
3f106000
3f89d000
3f79a000
3f614000
3f474000
3f3af800
3f2df800
3f21c800
3f14c800
3f089800
3f801000
3f67c000
3f4dc000
3f356000
3f313800
3f250800
3f180800
3f0bd800
3f842000
3f6fe000
3f55e000
3f3d8000
3f35a000
3f297000
3f1c7000
3f104000
3f876000
3f766000
3f5c6000
3f440000
3f38e000
3f2cb000
3f1fb000
3f138000
3f8b7000
3f7e8000
3f648000
3f4c2000
3f3d4800
3f311800
3f241800
3f17e800
3f0ae800
3f828000
3f6b0000
3f52a000
3f38a000
3f345800
3f275800
3f1b2800
3f0e2800
3f869000
3f732000
3f5ac000
3f40c000
3f38c000
3f2bc000
3f1f9000
3f129000
3f89d000
3f79a000
3f614000
3f474000
3f3c0000
3f2f0000
3f22d000
3f15d000
3f8de000
3f80e000
3f696000
3f4f6000
3f406800
3f336800
3f273800
3f1a3800
3f0e0800
3f842000
3f6fe000
3f55e000
3f3d8000
3f36a800
3f2a7800
3f1d7800
3f114800
3f883000
3f780000
3f5e0000
3f45a000
3f3b1000
3f2ee000
3f21e000
3f15b000
3f8b7000
3f7e8000
3f648000
3f4c2000
3f3e5000
3f322000
3f252000
3f18f000
3f8f8000
3f835000
3f6ca000
3f544000
3f42b800
3f368800
3f298800
3f1d5800
3f105800
3f869000
3f732000
3f5ac000
3f40c000
3f39c800
3f2cc800
3f209800
3f139800
3f8aa000
3f7b4000
3f62e000
3f48e000
3f3e3000
3f313000
3f250000
3f180000
3f8de000
3f80e000
3f696000
3f4f6000
3f417000
3f347000
3f284000
3f1b4000
3f91f000
3f84f000
3f718000
3f578000
3f3f2000
3f38d800
3f2ca800
3f1fa800
3f137800
3f883000
3f780000
3f5e0000
3f45a000
3f3c1800
3f2fe800
3f22e800
3f16b800
3f8c4000
3f801000
3f662000
3f4dc000
3f408000
3f345000
3f275000
3f1b2000
3f8f8000
3f835000
3f6ca000
3f544000
3f43c000
3f379000
3f2a9000
3f1e6000
3f939000
3f876000
3f74c000
3f5c6000
3f426000
3f3bf800
3f2ef800
3f22c800
3f15c800
3f8aa000
3f7b4000
3f62e000
3f48e000
3f3f3800
3f323800
3f260800
3f190800
3f8eb000
3f81b000
3f6b0000
3f510000
3f43a000
3f36a000
3f2a7000
3f1d7000
3f91f000
3f84f000
3f718000
3f578000
3f46e000
3f39e000
3f2db000
3f20b000
3f960000
3f890000
3f79a000
3f5fa000
3f474000
3f3e4800
3f321800
3f251800
3f18e800
3f8c4000
3f801000
3f662000
3f4dc000
3f418800
3f355800
3f285800
3f1c2800
3f905000
3f842000
3f6e4000
3f55e000
3f45f000
3f39c000
3f2cc000
3f209000
3f939000
3f876000
3f74c000
3f5c6000
3f493000
3f3d0000
3f300000
3f23d000
3f97a000
3f8b7000
3f7ce000
3f648000
3f4a8000
3f416800
3f346800
3f283800
3f1b3800
3f8eb000
3f81b000
3f6b0000
3f510000
3f44a800
3f37a800
3f2b7800
3f1e7800
3f92c000
3f85c000
3f732000
3f592000
3f491000
3f3c1000
3f2fe000
3f22e000
3f960000
3f890000
3f79a000
3f5fa000
3f4c5000
3f3f5000
3f332000
3f262000
3f19f000
3f8d1000
3f80e000
3f67c000
3f4f6000
3f43b800
3f378800
3f2a8800
3f1e5800
3f905000
3f842000
3f6e4000
3f55e000
3f46f800
3f3ac800
3f2dc800
3f219800
3f946000
3f883000
3f766000
3f5e0000
3f4b6000
3f3f3000
3f323000
3f260000
3f97a000
3f8b7000
3f7ce000
3f648000
3f4ea000
3f427000
3f357000
3f294000
3f1c4000
3f8f8000
3f828000
3f6ca000
3f52a000
3f46d800
3f39d800
3f2da800
3f20a800
3f92c000
3f85c000
3f732000
3f592000
3f4a1800
3f3d1800
3f30e800
3f23e800
3f96d000
3f89d000
3f7b4000
3f614000
3f4e8000
3f418000
3f355000
3f285000
3f9a1000
3f8d1000
3f80e000
3f67c000
3f51c000
3f44c000
3f389000
3f2b9000
3f1f6000
3f912000
3f84f000
3f6fe000
3f578000
3f492800
3f3cf800
3f2ff800
3f23c800
3f946000
3f883000
3f766000
3f5e0000
3f4c6800
3f403800
3f333800
3f270800
3f987000
3f8c4000
3f7e8000
3f662000
3f50d000
3f44a000
3f37a000
3f2b7000
3f9bb000
3f8f8000
3f828000
3f6ca000
3f541000
3f47e000
3f3ae000
3f2eb000
3f21b000
3f939000
3f869000
3f74c000
3f5ac000
3f4c4800
3f3f4800
3f331800
3f261800
3f96d000
3f89d000
3f7b4000
3f614000
3f4f8800
3f428800
3f365800
3f295800
3f9ae000
3f8de000
3f81b000
3f696000
3f53f000
3f46f000
3f3ac000
3f2dc000
3f9e2000
3f912000
3f84f000
3f6fe000
3f578000
3f4a3000
3f3e0000
3f310000
3f24d000
3f953000
3f890000
3f780000
3f5fa000
3f4e9800
3f426800
3f356800
3f293800
3f987000
3f8c4000
3f7e8000
3f662000
3f51d800
3f45a800
3f38a800
3f2c7800
3f9c8000
3f905000
3f835000
3f6e4000
3f564000
3f4a1000
3f3d1000
3f30e000
3f9fc000
3f939000
3f869000
3f74c000
3f5ac000
3f4d5000
3f405000
3f342000
3f272000
3f97a000
3f8aa000
3f7ce000
3f62e000
3f51b800
3f44b800
3f388800
3f2b8800
3f9ae000
3f8de000
3f81b000
3f696000
3f54f800
3f47f800
3f3bc800
3f2ec800
3f9ef000
3f91f000
3f85c000
3f718000
3f596000
3f4c6000
3f403000
3f333000
3fa23000
3f953000
3f890000
3f780000
3f5fa000
3f4fa000
3f437000
3f367000
3f2a4000
3f994000
3f8d1000
3f801000
3f67c000
3f540800
3f47d800
3f3ad800
3f2ea800
3f9c8000
3f905000
3f835000
3f6e4000
3f574800
3f4b1800
3f3e1800
3f31e800
3fa09000
3f946000
3f876000
3f766000
3f5bb000
3f4f8000
3f428000
3f365000
3fa3d000
3f97a000
3f8aa000
3f7ce000
3f62e000
3f52c000
3f45c000
3f399000
3f2c9000
3f9bb000
3f8eb000
3f828000
3f6b0000
3f572800
3f4a2800
3f3df800
3f30f800
3f9ef000
3f91f000
3f85c000
3f718000
3f5a6800
3f4d6800
3f413800
3f343800
3fa30000
3f960000
3f89d000
3f79a000
3f5ed000
3f51d000
3f45a000
3f38a000
3f2c7000
3f994000
3f8d1000
3f801000
3f67c000
3f551000
3f48e000
3f3be000
3f2fb000
3f9d5000
3f912000
3f842000
3f6fe000
3f597800
3f4d4800
3f404800
3f341800
3fa09000
3f946000
3f876000
3f766000
3f5cb800
3f508800
3f438800
3f375800
3fa4a000
3f987000
3f8b7000
3f7e8000
3f612000
3f54f000
3f47f000
3f3bc000
3f2ec000
3f9bb000
3f8eb000
3f828000
3f6b0000
3f583000
3f4b3000
3f3f0000
3f320000
3f9fc000
3f92c000
3f869000
3f732000
3f5c9800
3f4f9800
3f436800
3f366800
3fa30000
3f960000
3f89d000
3f79a000
3f5fd800
3f52d800
3f46a800
3f39a800
3fa71000
3f9a1000
3f8de000
3f80e000
3f644000
3f574000
3f4b1000
3f3e1000
3f31e000
3f9d5000
3f912000
3f842000
3f6fe000
3f5a8000
3f4e5000
3f415000
3f352000
3fa16000
3f953000
3f883000
3f780000
3f5ee800
3f52b800
3f45b800
3f398800
3fa4a000
3f987000
3f8b7000
3f7e8000
3f622800
3f55f800
3f48f800
3f3cc800
3fa8b000
3f9c8000
3f8f8000
3f835000
3f669000
3f5a6000
3f4d6000
3f413000
3f343000
3f9fc000
3f92c000
3f869000
3f732000
3f5da000
3f50a000
3f447000
3f377000
3fa3d000
3f96d000
3f8aa000
3f7b4000
3f620800
3f550800
3f48d800
3f3bd800
3fa71000
3f9a1000
3f8de000
3f80e000
3f654800
3f584800
3f4c1800
3f3f1800
3fab2000
3f9e2000
3f91f000
3f84f000
3f718000
3f5cb000
3f508000
3f438000
3f375000
3fa16000
3f953000
3f883000
3f780000
3f5ff000
3f53c000
3f46c000
3f3a9000
3fa57000
3f994000
3f8c4000
3f801000
3f645800
3f582800
3f4b2800
3f3ef800
3fa8b000
3f9c8000
3f8f8000
3f835000
3f679800
3f5b6800
3f4e6800
3f423800
3facc000
3fa09000
3f939000
3f876000
3f74c000
3f5fd000
3f52d000
3f46a000
3f39a000
3fa3d000
3f96d000
3f8aa000
3f7b4000
3f631000
3f561000
3f49e000
3f3ce000
3fa7e000
3f9ae000
3f8eb000
3f81b000
3f677800
3f5a7800
3f4e4800
3f414800
3fab2000
3f9e2000
3f91f000
3f84f000
3f6ab800
3f5db800
3f518800
3f448800
3faf3000
3fa23000
3f960000
3f890000
3f79a000
3f622000
3f55f000
3f48f000
3f3cc000
3fa57000
3f994000
3f8c4000
3f801000
3f656000
3f593000
3f4c3000
3f400000
3fa98000
3f9d5000
3f905000
3f842000
3f69c800
3f5d9800
3f509800
3f446800
3facc000
3fa09000
3f939000
3f876000
3f6d0800
3f60d800
3f53d800
3f47a800
3fb0d000
3fa4a000
3f97a000
3f8b7000
3f7ce000
3f654000
3f584000
3f4c1000
3f3f1000
3fa7e000
3f9ae000
3f8eb000
3f81b000
3f688000
3f5b8000
3f4f5000
3f425000
3fabf000
3f9ef000
3f92c000
3f85c000
3f6ce800
3f5fe800
3f53b800
3f46b800
3faf3000
3fa23000
3f960000
3f890000
3f702800
3f632800
3f56f800
3f49f800
3f3dc800
3fa64000
3f9a1000
3f8d1000
3f80e000
3f679000
3f5b6000
3f4e6000
3f423000
3fa98000
3f9d5000
3f905000
3f842000
3f6ad000
3f5ea000
3f51a000
3f457000
3fad9000
3fa16000
3f946000
3f883000
3f6f3800
3f630800
3f560800
3f49d800
3fb0d000
3fa4a000
3f97a000
3f8b7000
3f727800
3f664800
3f594800
3f4d1800
3f401800
3fa8b000
3f9bb000
3f8f8000
3f828000
3f6ab000
3f5db000
3f518000
3f448000
3fabf000
3f9ef000
3f92c000
3f85c000
3f6df000
3f60f000
3f54c000
3f47c000
3fb00000
3fa30000
3f96d000
3f89d000
3f725800
3f655800
3f592800
3f4c2800
3fb34000
3fa64000
3f9a1000
3f8d1000
3f759800
3f689800
3f5c6800
3f4f6800
3f433800
3fb01800
3f9efc00
3f8cbc00
3f774000
3f736000
3f620800
3f4f8800
3f3e3000
3fb4a800
3fa38c00
3f914c00
3f803000
3f780000
3f66a800
3f542800
3f42d000
3fba0800
3fa8ec00
3f96ac00
3f859000
3f7dc800
3f6c7000
3f59f000
3f489800
3fbe9800
3fad7c00
3f9b3c00
3f8a2000
3f813400
3f711000
3f5e9000
3f4d3800
3f3ab800
3fb2dc00
3fa09c00
3f8f8000
3f7a8000
3f76d800
3f645800
3f530000
3f408000
3fb76c00
3fa52c00
3f941000
3f81d000
3f7b7800
3f68f800
3f57a000
3f452000
3fbccc00
3faa8c00
3f997000
3f873000
3f80a000
3f6ec000
3f5d6800
3f4ae800
3fc15c00
3faf1c00
3f9e0000
3f8bc000
3f754800
3f736000
3f620800
3f4f8800
3f3e3000
3fb47c00
3fa36000
3f912000
3f800400
3f792800
3f67d000
3f555000
3f43f800
3fb90c00
3fa7f000
3f95b000
3f849400
3f7dc800
3f6c7000
3f59f000
3f489800
3fbe6c00
3fad5000
3f9b1000
3f89f400
3f81c800
3f723800
3f5fb800
3f4e6000
3fc2fc00
3fb1e000
3f9fa000
3f8e8400
3f788800
3f76d800
3f645800
3f530000
3f408000
3fb74000
3fa50000
3f93e400
3f81a400
3f7ca000
3f6a2000
3f58c800
3f464800
3fbbd000
3fa99000
3f987400
3f863400
3f80a000
3f6ec000
3f5d6800
3f4ae800
3fc13000
3faef000
3f9dd400
3f8b9400
3f838400
3f748800
3f633000
3f50b000
3fc5c000
3fb38000
3fa26400
3f902400
3f7e1000
3f792800
3f67d000
3f555000
3f43f800
3fb8e000
3fa7c400
3f958400
3f846800
3f7ef000
3f6d9800
3f5b1800
3f49c000
3fbd7000
3fac5400
3f9a1400
3f88f800
3f81c800
3f723800
3f5fb800
3f4e6000
3fc2d000
3fb1b400
3f9f7400
3f8e5800
3f84ac00
3f780000
3f658000
3f542800
3fc76000
3fb64400
3fa40400
3f92e800
3f80a800
3f7ca000
3f6a2000
3f58c800
3f464800
3fbba400
3fa96400
3f984800
3f860800
3f813400
3f6fe800
3f5e9000
3f4c1000
3fc03400
3fadf400
3f9cd800
3f8a9800
3f838400
3f748800
3f633000
3f50b000
3fc59400
3fb35400
3fa23800
3f8ff800
3f866800
3f7a5000
3f68f800
3f567800
3f452000
3fb7e400
3fa6c800
3f948800
3f836c00
3f7ef000
3f6d9800
3f5b1800
3f49c000
3fbd4400
3fac2800
3f99e800
3f88cc00
3f825c00
3f736000
3f60e000
3f4f8800
3fc1d400
3fb0b800
3f9e7800
3f8d5c00
3f84ac00
3f780000
3f658000
3f542800
3fc73400
3fb61800
3fa3d800
3f92bc00
3f879000
3f7dc800
3f6b4800
3f59f000
3f477000
3fbaa800
3fa86800
3f974c00
3f850c00
3f813400
3f6fe800
3f5e9000
3f4c1000
3fc00800
3fadc800
3f9cac00
3f8a6c00
3f841800
3f75b000
3f645800
3f51d800
3fc49800
3fb25800
3fa13c00
3f8efc00
3f866800
3f7a5000
3f68f800
3f567800
3fc9f800
3fb7b800
3fa69c00
3f945c00
3f894c00
3f800c00
3f6ec000
3f5c4000
3f4ae800
3fbc4800
3fab2c00
3f98ec00
3f87d000
3f825c00
3f736000
3f60e000
3f4f8800
3fc1a800
3fb08c00
3f9e4c00
3f8d3000
3f854000
3f792800
3f66a800
3f555000
3fc63800
3fb51c00
3fa2dc00
3f91c000
3f879000
3f7dc800
3f6b4800
3f59f000
3fcb9800
3fba7c00
3fa83c00
3f972000
3f8a7400
3f81c800
3f711000
3f5fb800
3f4d3800
3fbf0c00
3faccc00
3f9bb000
3f897000
3f841800
3f75b000
3f645800
3f51d800
3fc46c00
3fb22c00
3fa11000
3f8ed000
3f86fc00
3f7b7800
3f6a2000
3f57a000
3fc8fc00
3fb6bc00
3fa5a000
3f936000
3f894c00
3f800c00
3f6ec000
3f5c4000
3fce5c00
3fbc1c00
3fab0000
3f98c000
3f87a400
3f82f000
3f748800
3f620800
3f50b000
3fc0ac00
3faf9000
3f9d5000
3f8c3400
3f854000
3f792800
3f66a800
3f555000
3fc60c00
3fb4f000
3fa2b000
3f919400
3f882400
3f7ef000
3f6c7000
3f5b1800
3fca9c00
3fb98000
3fa74000
3f962400
3f8a7400
3f81c800
3f711000
3f5fb800
3fcffc00
3fbee000
3faca000
3f9b8400
3f894400
3f84ac00
3f76d800
3f658000
3f530000
3fc37000
3fb13000
3fa01400
3f8dd400
3f86fc00
3f7b7800
3f6a2000
3f57a000
3fc8d000
3fb69000
3fa57400
3f933400
3f89e000
3f80a000
3f6fe800
3f5d6800
3fcd6000
3fbb2000
3faa0400
3f97c400
3f8c3000
3f82f000
3f748800
3f620800
3fd2c000
3fc08000
3faf6400
3f9d2400
3f8c0800
3f85d400
3f7a5000
3f67d000
3f567800
3fc51000
3fb3f400
3fa1b400
3f909800
3f882400
3f7ef000
3f6c7000
3f5b1800
3fca7000
3fb95400
3fa71400
3f95f800
3f8b0800
3f825c00
3f723800
3f60e000
3fcf0000
3fbde400
3faba400
3f9a8800
3f8d5800
3f84ac00
3f76d800
3f658000
3fd46000
3fc34400
3fb10400
3f9fe800
3f8da800
3f879000
3f7ca000
3f6b4800
3f58c800
3fc7d400
3fb59400
3fa47800
3f923800
3f89e000
3f80a000
3f6fe800
3f5d6800
3fcd3400
3fbaf400
3fa9d800
3f979800
3f8cc400
3f838400
3f75b000
3f633000
3fd1c400
3fbf8400
3fae6800
3f9c2800
3f8f1400
3f85d400
3f7a5000
3f67d000
3f567800
3fc4e400
3fb3c800
3fa18800
3f906c00
3f88b800
3f800c00
3f6d9800
3f5c4000
3fc97400
3fb85800
3fa61800
3f94fc00
3f8b0800
3f825c00
3f723800
3f60e000
3fced400
3fbdb800
3fab7800
3f9a5c00
3f8dec00
3f854000
3f780000
3f66a800
3fd36400
3fc24800
3fb00800
3f9eec00
3f903c00
3f879000
3f7ca000
3f6b4800
3f58c800
3fc7a800
3fb56800
3fa44c00
3f920c00
3f8a7400
3f813400
3f711000
3f5e9000
3fcc3800
3fb9f800
3fa8dc00
3f969c00
3f8cc400
3f838400
3f75b000
3f633000
3fd19800
3fbf5800
3fae3c00
3f9bfc00
3f8fa800
3f866800
3f7b7800
3f68f800
3fd62800
3fc3e800
3fb2cc00
3fa08c00
3f91f800
3f88b800
3f800c00
3f6d9800
3f5c4000
3fc94800
3fb82c00
3fa5ec00
3f94d000
3f8b9c00
3f82f000
3f736000
3f620800
3fcdd800
3fbcbc00
3faa7c00
3f996000
3f8dec00
3f854000
3f780000
3f66a800
3fd33800
3fc21c00
3fafdc00
3f9ec000
3f90d000
3f882400
3f7dc800
3f6c7000
3fd7c800
3fc6ac00
3fb46c00
3fa35000
3f932000
3f8a7400
3f813400
3f711000
3f5e9000
3fcc0c00
3fb9cc00
3fa8b000
3f967000
3f8d5800
3f841800
3f76d800
3f645800
3fd09c00
3fbe5c00
3fad4000
3f9b0000
3f8fa800
3f866800
3f7b7800
3f68f800
3fd5fc00
3fc3bc00
3fb2a000
3fa06000
3f928c00
3f894c00
3f80a000
3f6ec000
3fda8c00
3fc84c00
3fb73000
3fa4f000
3f93d400
3f8b9c00
3f82f000
3f736000
3f620800
3fcdac00
3fbc9000
3faa5000
3f993400
3f8e8000
3f85d400
3f792800
3f67d000
3fd23c00
3fc12000
3faee000
3f9dc400
3f90d000
3f882400
3f7dc800
3f6c7000
3fd79c00
3fc68000
3fb44000
3fa32400
3f93b400
3f8b0800
3f81c800
3f723800
3fdc2c00
3fcb1000
3fb8d000
3fa7b400
3f957400
3f8d5800
3f841800
3f76d800
3f645800
3fd07000
3fbe3000
3fad1400
3f9ad400
3f903c00
3f86fc00
3f7ca000
3f6a2000
3fd50000
3fc2c000
3fb1a400
3f9f6400
3f928c00
3f894c00
3f80a000
3f6ec000
3fda6000
3fc82000
3fb70400
3fa4c400
3f957000
3f8c3000
3f838400
3f748800
3fdef000
3fccb000
3fbb9400
3fa95400
3f983800
3f8e8000
3f85d400
3f792800
3f67d000
3fd21000
3fc0f400
3faeb400
3f9d9800
3f916400
3f88b800
3f7ef000
3f6d9800
3fd6a000
3fc58400
3fb34400
3fa22800
3f93b400
3f8b0800
3f81c800
3f723800
3fdc0000
3fcae400
3fb8a400
3fa78800
3f969800
3f8dec00
3f84ac00
3f780000
3fe09000
3fcf7400
3fbd3400
3fac1800
3f99d800
3f903c00
3f86fc00
3f7ca000
3f6a2000
3fd4d400
3fc29400
3fb17800
3f9f3800
3f932000
3f89e000
3f813400
3f6fe800
3fd96400
3fc72400
3fb60800
3fa3c800
3f957000
3f8c3000
3f838400
3f748800
3fdec400
3fcc8400
3fbb6800
3fa92800
3f985400
3f8f1400
3f866800
3f7a5000
3f68f800
3fd11400
3fbff800
3fadb800
3f9c9c00
3f916400
3f88b800
3f7ef000
3f6d9800
3fd67400
3fc55800
3fb31800
3fa1fc00
3f944800
3f8b9c00
3f825c00
3f736000
3fdb0400
3fc9e800
3fb7a800
3fa68c00
3f969800
3f8dec00
3f84ac00
3f780000
3fe06400
3fcf4800
3fbd0800
3fabec00
3f997c00
3f90d000
3f879000
3f7dc800
3f6b4800
3fd3d800
3fc19800
3fb07c00
3f9e3c00
3f932000
3f89e000
3f813400
3f6fe800
3fd93800
3fc6f800
3fb5dc00
3fa39c00
3f960400
3f8cc400
3f841800
3f75b000
3fddc800
3fcb8800
3fba6c00
3fa82c00
3f985400
3f8f1400
3f866800
3f7a5000
3fe32800
3fd0e800
3fbfcc00
3fad8c00
3f9b3800
3f91f800
3f894c00
3f800c00
3f6ec000
3fd57800
3fc45c00
3fb21c00
3fa10000
3f944800
3f8b9c00
3f825c00
3f736000
3fdad800
3fc9bc00
3fb77c00
3fa66000
3f972c00
3f8e8000
3f854000
3f792800
3fdf6800
3fce4c00
3fbc0c00
3faaf000
3f997c00
3f90d000
3f879000
3f7dc800
3fe4c800
3fd3ac00
3fc16c00
3fb05000
3f9c6000
3f93b400
3f8a7400
3f81c800
3f711000
3fd83c00
3fc5fc00
3fb4e000
3fa2a000
3f960400
3f8cc400
3f841800
3f75b000
3fdd9c00
3fcb5c00
3fba4000
3fa80000
3f98e800
3f8fa800
3f86fc00
3f7b7800
3fe22c00
3fcfec00
3fbed000
3fac9000
3f9b3800
3f91f800
3f894c00
3f800c00
3fe78c00
3fd54c00
3fc43000
3fb1f000
3fa0d400
3f94dc00
3f8c3000
3f82f000
3f748800
3fd9dc00
3fc8c000
3fb68000
3fa56400
3f972c00
3f8e8000
3f854000
3f792800
3fdf3c00
3fce2000
3fbbe000
3faac400
3f9a1000
3f916400
3f882400
3f7ef000
3fe3cc00
3fd2b000
3fc07000
3faf5400
3f9c6000
3f93b400
3f8a7400
3f81c800
3fe92c00
3fd81000
3fc5d000
3fb4b400
3fa27400
3f969800
3f8d5800
3f84ac00
3f76d800
3fdca000
3fca6000
3fb94400
3fa70400
3f98e800
3f8fa800
3f86fc00
3f7b7800
3fe20000
3fcfc000
3fbea400
3fac6400
3f9bcc00
3f928c00
3f89e000
3f80a000
3fe69000
3fd45000
3fc33400
3fb0f400
3f9e1c00
3f94dc00
3f8c3000
3f82f000
3febf000
3fd9b000
3fc89400
3fb65400
3fa53800
3f97c000
3f8f1400
3f85d400
3f7a5000
3fde4000
3fcd2400
3fbae400
3fa9c800
3f9a1000
3f916400
3f882400
3f7ef000
3fe3a000
3fd28400
3fc04400
3faf2800
3f9cf400
3f944800
3f8b0800
3f825c00
3fe83000
3fd71400
3fc4d400
3fb3b800
3f9f4400
3f969800
3f8d5800
3f84ac00
3fed9000
3fdc7400
3fca3400
3fb91800
3fa6d800
3f997c00
3f903c00
3f879000
3f7ca000
3fe10400
3fcec400
3fbda800
3fab6800
3f9bcc00
3f928c00
3f89e000
3f80a000
3fe66400
3fd42400
3fc30800
3fb0c800
3f9eb000
3f957000
3f8cc400
3f838400
3feaf400
3fd8b400
3fc79800
3fb55800
3fa10000
3f97c000
3f8f1400
3f85d400
3f7a5000
3fde1400
3fccf800
3fbab800
3fa99c00
3f9aa400
3f91f800
3f88b800
3f800c00
3fe2a400
3fd18800
3fbf4800
3fae2c00
3f9cf400
3f944800
3f8b0800
3f825c00
3fe80400
3fd6e800
3fc4a800
3fb38c00
3f9fd800
3f972c00
3f8dec00
3f854000
3fec9400
3fdb7800
3fc93800
3fb81c00
3fa22800
3f997c00
3f903c00
3f879000
3f7ca000
3fe0d800
3fce9800
3fbd7c00
3fab3c00
3f9c6000
3f932000
3f8a7400
3f813400
3fe56800
3fd32800
3fc20c00
3fafcc00
3f9eb000
3f957000
3f8cc400
3f838400
3feac800
3fd88800
3fc76c00
3fb52c00
3fa19400
3f985400
3f8fa800
3f866800
3fef5800
3fdd1800
3fcbfc00
3fb9bc00
3fa3e400
3f9aa400
3f91f800
3f88b800
3f800c00
3fe27800
3fd15c00
3fbf1c00
3fae0000
3f9d8800
3f94dc00
3f8b9c00
3f82f000
3fe70800
3fd5ec00
3fc3ac00
3fb29000
3f9fd800
3f972c00
3f8dec00
3f854000
3fec6800
3fdb4c00
3fc90c00
3fb7f000
3fa2bc00
3f9a1000
3f90d000
3f882400
3ff0f800
3fdfdc00
3fcd9c00
3fbc8000
3fa50c00
3f9c6000
3f932000
3f8a7400
3f813400
40370000
447dc800
cb876000
3fa30000
398f0000
44e9e800
4fbd6800
bc38a000
438f8000
4e3e2400
b9146000
b9013400
c1a8c000
2f0a7400
43928c00
368f8000
b9539800
3ac40000
480d5800
4d3f5800
bd946000
44e45800
ca5c4000
bc90d000
483afc00
4189d000
45a02000
bfba3800
43b3f000
cbc5a000
c1835000
3b00a000
3c614000
c5939000
cc27e000
c3e2e000
37a11000
45969800
b71ec000
b1fdc800
c9f21c00
b7696000
b7025c00
b1d44000
335f6c00
c3540000
377ca000
3e476c00
c843f800
bea45800
47d2e800
c4fdc800
37d2a000
4c172c00
c3533400
c5fdc800
ba58c800
c667c000
bd38a000
4818e800
3e74c000
4101c800
37e0e000
463de400
438b7000
46b68400
b8b3b400
c6265000
b6c4d000
b7470000
47718000
42395800
460cc400
be985400
3c24d800
b6379400
ba620800
3f97c000
b4748800
ba8f9c00
c3ea2000
4c3fec00
33c0f000
3d16d000
4d854000
cc987000
bc9a3000
c02a5000
40490800
4cdd2000
43107800
432da000
3dae3400
bf4adc00
364aa800
4a58c800
3997c000
b7e93800
bfbb8000
c3e33000
c6ec7000
b5fce000
4192c000
4b718000
48d44000
3b223000
352ea800
be0eb000
b8a4fc00
b8907000
4434d800
cb0eb000
bfe2e000
3f9d1000
44a19400
c493b400
caf5b000
c6a38000
c6c1f800
4adce800
481bb000
b7a22000
c43b1c00
3d34c000
30766000
bc38e400
c1111c00
4186fc00
3add6800
be0c4000
ca91f000
b7383000
b6ae8800
47b51800
c2376000
47519c00
c7b5e800
37859000
43a4a000
ba486000
b92bfc00
42367c00
4047f000
435fa000
ca5ac000
44c74000
3c54e000
c5cea400
3c835000
c267d000
c78e8000
36f4c000
bd9d2000
ceab0000
c084c000
c0bd3800
36c26000
3ea7e800
44c0c000
38bbcc00
3cd21800
baa70400
38801000
38dd6800
4acbbc00
35854000
3a209800
3289d000
40042000
bf04f000
c7d10000
b9946000
b7540800
458fc800
bbaaa800
b4dd6800
3faf1000
4afbb000
be076000
b4af6800
3a5b2800
36e2e800
af8b6c00
4d780000
b93b9400
3acc2000
bceec000
bce79000
40a54800
c7d7a800
32e15c00
bd736000
47c31c00
34496400
43876000
4da09000
43322000
bc956800
3a780000
be082400
42a35000
ca1fd800
40670c00
bb518000
3ea23000
3f813400
422b4800
ccd8e400
3ee2e000
bb198400
cfc74000
44ad5000
c2657000
bd225800
4b780000
4581c800
c553d800
bff96000
3c387000
385e9000
42fbf000
47939000
39a05000
ca035000
bb340000
bc3dd800
b7de0000
378f8000
c68c3000
49dfc800
36e0f800
c23be000
bc6b4800
455fa000
3b5af800
39209000
b69bcc00
3a9bcc00
3d001000
ba0eb000
bc1f3400
c0ad9000
3ca04400
b2025c00
c0efe000
43140400
bcf32800
b9407800
c514c000
baad9000
47942800
45cb6400
c00f1400
c0363000
398b7000
bfa16000
b9449800
37dbd800
ba552000
438eb000
bb5bac00
bdc07800
3c835000
b2443800
bed59c00
3c01b000
beeca000
b6db1800
c3711000
cbaa4800
b2f59800
47015000
bbb2b000
bd505000
38c8e000
4648e000
4e987000
3a2b1800
c04c2000
ba2c0c00
bb8b2800
ca279c00
419ae000
4e05d400
40e1ac00
3ef32000
beaffc00
bd2af000
47157000
badb1800
c362e000
b8e62000
c4b08000
3cebe000
4eaf3000
501bb000
bb0d8800
48593800
3c854000
40aad800
3c903c00
c92b2800
3c34b800
bd2e3400
425e9000
3c00a000
42000c00
b544d000
351fd800
cde6a800
bb0e0000
3875b000
be408000
c2481800
c286fc00
3dac5400
4d6fb000
af112000
3511f800
cb0b0800
481fd800
3d185400
bfaa0000
b9d1d800
bc3cf000
c5cc3c00
479c0c00
3daf9000
3b828000
3b025c00
42160400
45994000
d03f1000
b1b08800
bb03a000
38a8b000
c50a7400
3957c000
4019a000
c20b7000
47d2a000
427dc800
417a5000
bff23800
bee8f800
4025e800
c6a6c000
3e489800
39c9a000
3c1a1000
3f68f800
b9eb4800
bf0aa000
44c7dc00
4285c000
4aafd800
3d2b2000
3d401000
4039b000
c3876000
c6ada800
42bdd000
c77a5000
af1bb000
ba614000
36eec000
bc81c800
3c194000
c97b4000
44a9e800
c0af7800
bc28a800
3311f800
b9000c00
c8292400
bebce000
3c962c00
c2304000
3deca000
36ca8400
c0f4c000
3930d000
c3f32000
c0e23800
41b13000
b601b000
c4c92000
b9711000
3d51d800
47153000
3f780000
c7a7fc00
beeec000
45ad0800
b5129800
bea73800
c6d5e000
44bbe000
c4c1a000
c8d7c000
bf0cc400
3585c000
b601c800
c11ae000
b9b2e800
47987000
4c5dd800
ba9a5000
c8a85400
3c2b2000
417ef000
b7a97000
c2dfd000
c5090000
37d44000
ccc69000
3e06fc00
bd397800
4ee27c00
b611f800
b6efe000
453d1000
af14dc00
41c69000
cd4b0800
cd55e800
3e916400
b530a000
bbeca000
c548e000
3cc08800
3a511000
378a7400
c80a7400
3a121c00
39b13800
4de48000
c48a7400
bf0c9000
be1ae000
40ade000
47027800
c30f1400
33648000
41206c00
cc946000
ba0dd000
3c7e8000
bbc5c000
b94f6000
41ece800
c3efe000
36801000
47780000
36b63800
316b4800
b68d1000
418fa800
c2afd000
c0f98800
bf242400
c2470400
4267c000
bd7ca000
4a2a7c00
c7a06c00
4a81c800
439fb400
bdcd3800
b1038400
32792800
33feb000
bd39a800
42285c00
42132000
b267c000
3de48000
3e2d9000
c4a2e000
bbfca000
c6f48800
3bcc2000
344f6800
43fef000
c0a4f000
3dade400
c30f9c00
34035000
3b153000
b3a52000
c009d000
3ecea000
c20d5800
3ad98800
bb00e000
bc533800
3d0e6800
3d55e000
c0895800
3efb7800
3d939000
3484ac00
3d8a9800
c2533000
31ad6400
41d5e800
c7474000
be345c00
ce89e000
b8a7a000
c000a000
47505000
41879000
4097a000
bf6b0000
c8410800
c6b28800
af116400
3c959800
ce48f000
4a280400
b9365000
cb52d800
4701c800
45356000
bf308000
45c9a800
bc780000
c64c3800
bc216000
36e7d000
c38b7000
b9504000
b7648000
c684ac00
43675c00
4bdac000
bd6ab800
b69ca800
c2e58000
c2ca8000
3e094c00
c0940800
c035b400
bb801000
44985400
b6905000
c02bbc00
3cd5e000
c4e0e000
3f583c00
c1d38800
b6160400
3aae6400
c1d2bc00
3a866800
c1b8e800
bc281000
4fd77800
bba4a000
45b80400
46d7a000
b37ce000
bf392800
cbc63000
3dc02000
3ba86000
3ceca000
bb858000
c5c66000
cc40c000
3cd26800
c3139000
3f0de000
ba157000
c85d6000
ce67c800
42ba5000
43f18000
3e953000
40a82000
3ec1a800
bb45a000
3d000c00
bcf0d000
48b89800
38b26c00
3d25cc00
c1426000
3c9bcc00
43ee4000
3111f000
3827d400
3d3d2800
349c2800
3cb83c00
c016d000
bb723800
41732800
bfba9c00
3c0d3800
af8ce000
4ac1a800
34b08c00
bfb58c00
4b7a5000
bc88b800
473ae000
b2066800
bd67c000
3ae33000
b7426000
33051000
bdbb9800
3ef18000
c580a000
b2ec7000
b3c88000
c9fdc800
33b08400
c4001000
375fe400
342bbc00
bf6a2000
48e33000
bb013400
47e62000
b1efe800
4a919400
4633a000
424f3000
48780000
b41df800
4709d000
3ccb7800
b2076000
b5cf9800
383bf000
c21ea000
b455a800
38b77c00
b78e8000
394e9800
c4438800
b7a07000
45940000
b650b000
bfa8cc00
3a0f3800
3894dc00
be57a000
c03dc800
37dc4000
c38e2400
c7766000
49917000
c080e000
3e98c400
bcbb8000
c0b9b000
4c8b9c00
c553d000
c8f4c000
b69c6000
4582f000
4617c000
bf00a000
3e7b4000
bbbb9800
43153000
bb5c6000
b7545c00
3e9ef000
4059f000
b691f000
bf0c9000
4e496000
bbe09800
448c4000
b85e4800
3a093800
c762b000
bd88b800
af1d3000
c4116400
32d30000
49696000
c6a5d000
42c73400
40f4c000
cbd78000
cc2cd800
c1dfa000
3e4e6800
bfd21800
ba2ec800
cf43f800
c72dc000
b8000c00
4823e000
4a0cc400
44ad6800
44eec000
44cf6c00
bf58dc00
c1592000
b498e800
4283ec00
c5957000
3cb2f000
c4c00000
bed94800
440de000
d0210000
4ec8e000
321bcc00
c41f8000
b4105000
b5abc800
422c5800
4042c800
babcc400
c1af1800
c2c44800
b99ff800
3e648000
baa99000
ce98f400
bac01000
b9880800
3ef48800
49035000
c1f66000
be894c00
4743c000
4a84f000
b4658000
c2b89800
c739f000
3dc46c00
40912000
4816d000
4b928c00
4bd16000
3f013400
b5dbb000
c21fc000
39a61800
45944800
bba57000
392f1000
c3aaa000
3d39a000
3af9a000
bfa51000
3c2e9400
bf9f4400
ba319800
35dc4000
3a0fa400
3e8a7400
3f1ec400
b82e4c00
3cd8c800
3135c800
b499e000
bbcef800
c9253000
3d1aa800
c2606800
4bbe9800
344b6c00
3f971400
b8866800
b59fc000
3e440000
4104ac00
3708a000
3d55e000
c2e27c00
41dfa000
33916400
4344e000
b740b000
c0035000
caafd000
40b0d400
cac18400
ba713000
31ca1000
3b0dec00
372f4000
47b69000
39a22800
c1c78400
b7c8d000
cdc8b800
4aacc000
42578000
c3407800
40239800
3e105000
374e5800
47298000
c2869000
3cb30400
c3ab2000
b5041800
4b84f000
c1301800
43415000
c4dec000
be36c800
406d1000
33576800
b3df9800
42d38800
3f793000
4774c000
c3027400
b3883000
b4a6c000
42850c00
33c55800
c4a39800
44422c00
3fab7000
afccf800
c35d6800
38076000
3fd1d800
3e53a800
b6fc7000
be1a1000
3ebdb800
41afcc00
ca105000
ce84f000
4128b000
464fa000
433d8000
bf3db800
b61bb000
c8be8800
cbbab800
c2780000
c4d78000
ba876000
37d7f000
c044dc00
bb6f0000
bca95000
4379a000
ba33a000
c5c19000
b9919400
42c52000
4589e000
39985400
c22f0000
4e792800
4a283c00
3c542800
c21a0800
c0882400
3d97c000
412a5000
c6d5a000
c2c59400
c4136800
3d100800
bd322000
334e1800
35977800
c9499400
c781c800
b4953000
3c3e0800
2fd2a000
b707d400
43d71800
469c8000
cbd83400
b7711000
389e0000
4a160000
bd3c7800
360e7800
bc035000
c113b400
b2ed9800
32e2e000
463b7800
bd041800
3b961000
c558c800
3d8a7400
bd894c00
c2957000
427e8000
c6bf6800
bdbc6800
3789c800
b8d2b800
3aa46800
b4076000
ccbaa400
3a90cc00
bd9d5000
c0aa6000
c2ea2000
3de03000
b23e9000
404fd000
bf090000
c052a000
3fd57000
bf585800
381e4000
c96ca000
c7876000
499bd800
43510000
470b0800
bbb53400
c5b62800
c2ed9800
c7119800
bff32000
c1eec000
3b116400
b84b7800
3244f000
be06fc00
4005c000
c6883000
414d3800
bd01c800
3d270800
36bcd400
402e9800
c3106c00
37801000
ba866800
b967c000
c0eb4800
47160400
34fb7800
b4331800
4bad7400
c7361400
3d83a000
bd732000
34107400
42996400
ce580c00
c4890000
b2121800
b2041800
be60c800
41f32000
be028000
4dc20c00
35c1a800
b90b0800
42435c00
3c9f4400
b6882400
b9a28000
46e58000
38702800
c2460000
c0bf2800
3786e800
ba316400
b09b5c00
c120a800
bb194000
3e0f5400
b8ce2800
3c01c800
beb84800
c2bbe000
c502f000
31ed2000
c7542800
b6c48800
c58aa000
3aa8a000
32042000
c84d7000
38f14c00
bd68f800
3a2dd000
b7489800
c6035000
409fb000
358f8000
c5189000
44a88c00
c964c800
b784f000
37264000
be41a800
bc21b000
c717c000
4133e000
bdbbc000
40435c00
4f3cb800
b156d800
4d6ec000
c54c5400
4781c800
42947000
4758c800
c942b800
33035000
46994000
3f44e400
c99d5000
48acc000
b7e7c000
41967000
b4c91000
b7dfb800
44567800
b06fe000
3681c800
42dfb800
32995c00
4bf48800
3bf66000
30df8000
4521c800
3c1ef000
c517a000
37ba5c00
3562e000
38160000
4720d800
3d05d400
41146000
3b280400
b4f9a000
403a1400
c06ca000
3c49e000
439d5000
49dd6800
bdf66000
b2c9c000
33eb4800
43efe800
3f9ae800
c6be1000
36c3f800
bd0d6000
b5cc1000
bb841800
bb103c00
43d60000
c6375800
b6f18000
49ef1800
3bdbc800
b0526800
3f63b800
b9dd6800
3d538000
4cb22000
4223d000
ca160000
4b89d000
b0ad2000
bcaaf800
3a84f000
3d3de400
c78aec00
3e04f000
3705c000
c4dfa000
37696000
bf8b0800
c945c800
37645800
bd883000
3e310800
bc825c00
4af80000
cd11f000
c3119c00
400c3000
43903c00
be894c00
43369000
49083000
cca8a800
c93ca400
c24a8000
ba469800
b07ca000
c9c40000
495fb800
c6813400
be426000
3a581400
48a85800
bae58000
4309e000
475b1800
4500c000
32538c00
b59ad800
4186fc00
36f80000
c0d1f000
b39e7c00
41d40800
bddf2800
bdc6d400
b415b000
3704f000
4c48e000
c90dec00
c004bc00
43b8a000
3ac91000
c1a71000
cfbb3800
bea99000
bc415000
41520c00
3b094c00
bcd10000
3b37e000
420f1400
c498e800
b9395000
37b0e000
4379a000
331a9000
49356800
aefe8000
c27b7800
4200a000
3dde0000
36a73000
3d8b7000
b7210000
4291f800
44567800
c59ef000
c23bb000
2f26b000
47d32800
38fce000
44d8e400
3fb1b000
af0e5000
c6a3a800
36838400
3e219400
39469000
3d0c3000
3274c000
b5477000
ba263400
c498e800
4676d800
beb6f000
35834800
45223000
c37a5000
baca8000
bd7dc800
48711000
c0b32800
38e0e000
48e40000
495c4000
38c20000
c9f6d800
b608b800
be866800
c0a04400
42bd5800
3ca97400
bd120000
c94cb400
4180e000
39972c00
b5879000
be5d0800
c2867000
3a157000
419d5000
46933400
42cc1000
bd146000
c31bcc00
c0a36800
3f56cc00
c1828000
b37b4000
be146000
bbe45800
3f715000
48dfa000
b9b5d800
bc013400
34b3ac00
bc538800
bb2df800
3a1b3800
c126f000
c0ad6800
3e903c00
ba116400
c2780000
b41de000
45d8b000
b6ca6800
c9f66000
3a1e9000
47b82400
3ad23800
bee11000
45a6c000
408d5800
c0ca2800
b6eb4800
c5876000
43ec7000
45f1a000
44a3d800
48240000
c059d800
3c542800
4eefe800
c1894c00
ca866800
43860800
bf0eb000
33a56800
afac5000
33144800
c6083000
3b800c00
45001000
bf0d1000
b7ac7800
3704f000
4a985400
ba912000
3f6fe000
b6356000
461e2000
bab68800
46c08800
43544000
c37ca000
48f66000
3539a800
3c905000
47411000
47da1800
41dc3000
3fc0f000
49cd4c00
3113b400
cd6cb000
ba273000
4e7a5000
45866800
426fe800
bfc51800
30c9a000
3bdac000
bd828000
36f6d800
3af92800
30e96000
36f48800
320d1000
c1300000
cd103c00
c210e800
3e879000
488d1000
c1d4dc00
3a89e000
c4116400
2e065000
34935000
402d3000
44882400
3ace1800
40637800
40bd8000
3d55e000
c6842000
47194000
34abf400
c9aef000
cbc08000
302f8400
b7905000
3c3e0000
be2f6400
3cdc6000
452bf000
3b835000
3db8f000
bf0c4000
c0168000
408a7000
c63d0800
b8240000
408de000
bf00a000
bde25400
3c04f000
c0c5c000
42854800
cc2f3800
461bb000
c157a000
35245800
b3aae000
c7175000
c50a7400
ca8a7400
362c9c00
b71d8800
3b013400
400a0000
3b5fd800
350dec00
c9f80000
3b1be000
bc082400
44294000
bfc0d000
44606400
c6c87c00
b575b000
b8940c00
bbb74800
bc81c800
4548d000
455ac000
34a8e400
b98fc800
cb1fec00
b959f000
38bee000
ca6fe000
41410800
c918a000
2f431000
cac9c000
42987000
c99d8000
b9567800
b05ad800
cbd49000
3c30e400
b442f000
37185400
c2b33c00
b92cdc00
405b5800
371f4400
cb948c00
b9c26800
3b402800
c3467800
b6402000
3d4eec00
3d658000
bc08b800
c11ef000
bf905000
b986fc00
c2038400
3f417c00
36bde800
43db1800
3cb6bc00
bc372000
b404ac00
b8066800
cd732000
b3883000
c0c7a000
3e313400
bbd55000
c5f80000
4130a000
c1efe800
c75c6800
3e766000
49470400
c0e6a800
c01c5800
3dcf8800
35cc1000
37128c00
c78f1400
43d10000
414ad800
bccdc000
44025c00
c8322000
c47b7800
33112000
bdcc1000
c5115000
49157000
b6b9a000
b4a04000
34fb7800
383ed000
c59aa400
ba101000
45b3c000
4430b000
bbe20800
4081c800
492eb800
35801000
325e0000
bb0f8000
b5130400
c2343000
426ec000
4310d000
c3c3a800
3cb10800
c55fb800
4715f400
b70fc400
b1a64000
32bbcc00
41ae5000
c22e8000
3f2f0000
46a6c000
c09da000
be3d1c00
c7890000
bdc19000
cb1c8000
b34c6400
39efe800
baaa5000
39ad1800
c4d0b000
c5696000
b741f800
c3dc6000
b6b65400
aee7d000
37696000
c3bd8000
bc780000
37e20800
3bd10000
3fe58000
bf308000
4b413000
40efe000
c475b000
cb955800
c2aba800
bf202000
c5187000
c0496000
379d5000
42eb4800
41eb4800
4746e800
356bf000
bc035000
40307400
31b88800
436c3800
4517a800
3a453800
480f8000
c1a4d800
c86b0000
b0780000
47d1d800
3deba000
38994000
cca32c00
3a923c00
c30eb000
c151c000
3cf9a000
b5b42800
c26b4800
bf51d800
c1b96c00
3e440000
42f32000
c29eb000
3ad99800
38ed9800
3caa0800
b8dfb800
c70d1000
bfe58000
41813400
389c8800
cfc50800
4a04f000
c1ea2000
bfd30000
c0c9b800
3c92a000
b4557c00
32fb4000
49912000
4ab2d000
be4c7800
3df45000
bd4d3800
4897a000
4bc47000
c0aa5000
cc601000
3ecc8c00
3d079000
c3932000
4b59f000
3d3c1800
3384ac00
b9579000
ba264000
3b6d9800
3fd00000
cabb1800
b3a30800
3b1fc000
b4aebc00
40eca000
3dc50c00
34330800
4d28f800
4513b400
46c65800
b0854000
bad9f000
43256000
b4c77400
b6285800
c6fb7800
35fef000
b7de0000
c84e1000
c0801000
4a9c8000
3aa71000
b8187000
bb58c800
43f9a000
3d415800
3c994000
3f216000
c0c1a800
4ea4a000
b7a3d000
3e5a5c00
c1fce000
4281b000
3e866800
4067d000
3e506800
b3041800
c5f02800
3a22c800
c8fb7800
43645000
cc4c5c00
bea6c000
4524a000
4c7a5000
bca39800
c5510000
456d9000
34c1d800
af16d000
b896d000
b08b6000
cac49000
c0985400
3ee8d800
478a7400
37cc1000
39871800
c7939000
3f1e2000
c4c64000
bfc40000
c9894c00
40f2d000
c88b2800
c6404800
c502f000
c0254800
bc866800
43835000
43d9e400
326fe000
3d3ab800
bb7b4000
bb34b400
ca01c800
c6103c00
383cc000
beea2000
362bc400
3d813400
34582800
44bdd000
bf083000
3ebb1400
bb4b6400
b5e33000
be404c00
3889d000
3d4e2800
43094c00
be452000
b2abe000
b9542800
470ce800
c38e2800
c608f400
c2a7e000
46c3e400
b6a07000
419b6000
c8f4c000
4b65bc00
45350c00
c35d6800
bd0d5800
b6ca8000
c310d000
cad6a000
45fce000
c780d400
37028000
be25a000
bd3f2000
46b3b800
c17ca000
329fc000
3cfe8000
bd284800
4d81b000
b9d76800
446ca000
426d9800
be828000
41b7c000
42bdf000
40894c00
44f23800
b6f6d800
c02ca000
3e01b000
3da1dc00
3e81c800
3d083000
cdaa9c00
4210d000
45fdc800
bddac000
37c26000
c0bbe000
467e8000
363d3c00
bc9ae000
3e013400
40a59000
429f4400
43cdc000
3fc14000
41f92800
b73e3000
47de0000
b9c9a000
c7835000
c0d92000
432f3800
bdd30000
4befe800
bb7a5000
37257800
3dc1d400
3a55b800
c6748800
b4000c00
3b960400
c81c5800
b8b42400
b7463800
459f4c00
3998f800
bc187400
b1928c00
b9c9f400
3e494800
3f181800
4a86fc00
43997c00
40dbf800
41d96000
b308e000
42890000
be3dbc00
3aa70800
c148a800
39bc5000
c3ae3800
c686fc00
3d60e000
44c43c00
3b1a0400
49b79800
b5f08000
b48b9c00
c0082400
3dd19800
bd172c00
b5a39800
b7883000
40c26000
bf222800
c9b27000
3b841800
bff9a000
c08de000
c3eb4800
4aeca000
4a5d6800
b34c1000
37b1f000
ba074000
c61cb800
4b157000
baa25c00
3b567800
35eec000
43dfa000
c5d65000
c46c7000
ba37dc00
c3dfb800
40f6d800
37607800
c92bf000
bd5d7000
3f9e1c00
bd0c3000
be9abc00
b6813400
34a32800
cb86fc00
b57b7800
4230d000
360db000
414ae800
bf083000
3e63a800
b0e6c800
3f025c00
430eb000
45d42800
46310c00
c9038400
ce17a000
bc8c3000
45111400
484a1400
45efd000
3e6d9800
c7ed8c00
b3d78000
bc55f000
394f8800
c5800c00
be0ff400
4b4ab800
be7e8000
bd6be000
35c2c000
bb21a000
b780a000
48732000
c81bb000
c0094c00
bc145000
b4c2c000
c852a000
4304ac00
454ec800
b8bed800
388f1400
42969800
c52a5000
35de0000
3358a000
469b2400
402f3000
3e21b800
bc208400
c1780000
bf92c000
c3bf7000
47f4c000
3993b400
be3f2000
47f5b000
bc463000
38013800
c8082400
cdd0d000
3c080000
414c1000
3b9b3800
3a912000
3ccf6000
38b05400
c97a5000
c7416800
b8b65000
383a3800
46474000
3e069000
c81e2000
3e835000
c814dc00
bdf74000
bb620800
c6fef000
c02b2000
b49a3400
47c08800
c9903c00
b843c800
3fcd3800
cc1bb800
359e1c00
4286fc00
42386000
c2387800
445c4000
3f27ec00
3cb65000
35f11000
bb58c800
3d5fa800
40972c00
3a854000
3bb67000
3cf80000
2f9ae000
35295400
c6884000
b2bd8000
4acd3800
41736000
c8a61000
ceb8a000
be524000
c1a09000
44dec000
3f5c6000
4689d000
30346800
3aeca000
b7cea000
36736000
cd251000
3c80e000
40ae4400
cc390000
42cf6000
b8185400
4aa2f000
4a648000
3fe1f000
3f06fc00
b07a5000
b36b0000
46462000
befe8000
cb252800
4200a000
460e8000
4bfb7800
3026e400
bd766000
49828000
4b95e000
3e76d800
bdc72000
c5172c00
c13cc000
c5f80000
3f042000
3b232800
bf5c7400
3a2da800
401f4400
45f92800
419aa800
c1463800
44748800
c10c3000
4768f800
4167d000
bb325800
c59c8000
3e223000
b3fa5000
3e1e6000
43035000
4914d400
4a67c000
b7069000
4282f000
374d3800
3d780000
bc80e000
33259000
b9ce2400
cad39800
34f9a000
413ed000
3fd2b400
bdf5b000
4a489800
44f92800
3ebdec00
c2c7c000
3bf6d800
44281c00
37370000
47f36000
bd841800
47e61800
3989d000
45fb4000
bd1a1000
3f002800
4457a000
b7a42400
4402f000
c3d55000
bb440000
c31aa400
4a3e5800
2f426000
48780000
b80d5800
bae5c000
c501b000
3b158800
3f433c00
bd7c7000
c150b000
39718000
46879000
4105c000
be06fc00
c859ac00
3fbf5800
47828000
403c6800
bcc8e000
bc905800
3e5bf800
3b96d000
b3c4c000
c2cae000
ba960400
c8474000
4002f000
c6bb2000
c796d000
b9d99000
b740b000
45e48000
3f81b000
3f81b000
3f780000
3f766000
3f766000
3f6b0000
3f696000
3f696000
3f5e0000
3f5c6000
3f5c6000
3f510000
3f4f6000
3f4f6000
3f440000
3f426000
3f426000
3f370000
3f356000
3f356000
3f2a0000
3f286000
3f286000
3f1d0000
3f2cc000
3f2cc000
3f271000
3f264000
3f264000
3f209000
3f1fc000
3f1fc000
3f1a1000
3f194000
3f194000
3f139000
3f12c000
3f12c000
3f0d1000
3f0c4000
3f0c4000
3f069000
3f05c000
3f05c000
3f001000
3efe8000
3efe8000
3ef32000
3f81b000
3f81b000
3f780000
3f766000
3f766000
3f6b0000
3f696000
3f696000
3f5e0000
3f5c6000
3f5c6000
3f510000
3f4f6000
3f4f6000
3f440000
3f426000
3f426000
3f370000
3f356000
3f356000
3f2a0000
3f286000
3f286000
3f1d0000
3f2cc000
3f2cc000
3f271000
3f264000
3f264000
3f209000
3f1fc000
3f1fc000
3f1a1000
3f194000
3f194000
3f139000
3f12c000
3f12c000
3f0d1000
3f0c4000
3f0c4000
3f069000
3f05c000
3f05c000
3f001000
3efe8000
3efe8000
3ef32000
3f876000
3f876000
3f81b000
3f80e000
3f80e000
3f766000
3f74c000
3f74c000
3f696000
3f67c000
3f67c000
3f5c6000
3f5ac000
3f5ac000
3f4f6000
3f4dc000
3f4dc000
3f426000
3f40c000
3f40c000
3f356000
3f33c000
3f33c000
3f286000
3f34d800
3f34d800
3f2f2800
3f2e5800
3f2e5800
3f28a800
3f27d800
3f27d800
3f222800
3f215800
3f215800
3f1ba800
3f1ad800
3f1ad800
3f152800
3f145800
3f145800
3f0ea800
3f0dd800
3f0dd800
3f082800
3f075800
3f075800
3f01a800
3f883000
3f883000
3f828000
3f81b000
3f81b000
3f780000
3f766000
3f766000
3f6b0000
3f696000
3f696000
3f5e0000
3f5c6000
3f5c6000
3f510000
3f4f6000
3f4f6000
3f440000
3f426000
3f426000
3f370000
3f356000
3f356000
3f2a0000
3f360000
3f360000
3f305000
3f2f8000
3f2f8000
3f29d000
3f290000
3f290000
3f235000
3f228000
3f228000
3f1cd000
3f1c0000
3f1c0000
3f165000
3f158000
3f158000
3f0fd000
3f0f0000
3f0f0000
3f095000
3f088000
3f088000
3f02d000
3f883000
3f883000
3f828000
3f81b000
3f81b000
3f780000
3f766000
3f766000
3f6b0000
3f696000
3f696000
3f5e0000
3f5c6000
3f5c6000
3f510000
3f4f6000
3f4f6000
3f440000
3f426000
3f426000
3f370000
3f356000
3f356000
3f2a0000
3f360000
3f360000
3f305000
3f2f8000
3f2f8000
3f29d000
3f290000
3f290000
3f235000
3f228000
3f228000
3f1cd000
3f1c0000
3f1c0000
3f165000
3f158000
3f158000
3f0fd000
3f0f0000
3f0f0000
3f095000
3f088000
3f088000
3f02d000
3f8de000
3f8de000
3f883000
3f876000
3f876000
3f81b000
3f80e000
3f80e000
3f766000
3f74c000
3f74c000
3f696000
3f67c000
3f67c000
3f5c6000
3f5ac000
3f5ac000
3f4f6000
3f4dc000
3f4dc000
3f426000
3f40c000
3f40c000
3f356000
3f3e1800
3f3e1800
3f386800
3f379800
3f379800
3f31e800
3f311800
3f311800
3f2b6800
3f2a9800
3f2a9800
3f24e800
3f241800
3f241800
3f1e6800
3f1d9800
3f1d9800
3f17e800
3f171800
3f171800
3f116800
3f109800
3f109800
3f0ae800
3f8eb000
3f8eb000
3f890000
3f883000
3f883000
3f828000
3f81b000
3f81b000
3f780000
3f766000
3f766000
3f6b0000
3f696000
3f696000
3f5e0000
3f5c6000
3f5c6000
3f510000
3f4f6000
3f4f6000
3f440000
3f426000
3f426000
3f370000
3f3f4000
3f3f4000
3f399000
3f38c000
3f38c000
3f331000
3f324000
3f324000
3f2c9000
3f2bc000
3f2bc000
3f261000
3f254000
3f254000
3f1f9000
3f1ec000
3f1ec000
3f191000
3f184000
3f184000
3f129000
3f11c000
3f11c000
3f0c1000
3f8eb000
3f8eb000
3f890000
3f883000
3f883000
3f828000
3f81b000
3f81b000
3f780000
3f766000
3f766000
3f6b0000
3f696000
3f696000
3f5e0000
3f5c6000
3f5c6000
3f510000
3f4f6000
3f4f6000
3f440000
3f426000
3f426000
3f370000
3f3f4000
3f3f4000
3f399000
3f38c000
3f38c000
3f331000
3f324000
3f324000
3f2c9000
3f2bc000
3f2bc000
3f261000
3f254000
3f254000
3f1f9000
3f1ec000
3f1ec000
3f191000
3f184000
3f184000
3f129000
3f11c000
3f11c000
3f0c1000
3f946000
3f946000
3f8eb000
3f8de000
3f8de000
3f883000
3f876000
3f876000
3f81b000
3f80e000
3f80e000
3f766000
3f74c000
3f74c000
3f696000
3f67c000
3f67c000
3f5c6000
3f5ac000
3f5ac000
3f4f6000
3f4dc000
3f4dc000
3f426000
3f475800
3f475800
3f41a800
3f40d800
3f40d800
3f3b2800
3f3a5800
3f3a5800
3f34a800
3f33d800
3f33d800
3f2e2800
3f2d5800
3f2d5800
3f27a800
3f26d800
3f26d800
3f212800
3f205800
3f205800
3f1aa800
3f19d800
3f19d800
3f142800
3f953000
3f953000
3f8f8000
3f8eb000
3f8eb000
3f890000
3f883000
3f883000
3f828000
3f81b000
3f81b000
3f780000
3f766000
3f766000
3f6b0000
3f696000
3f696000
3f5e0000
3f5c6000
3f5c6000
3f510000
3f4f6000
3f4f6000
3f440000
3f488000
3f488000
3f42d000
3f420000
3f420000
3f3c5000
3f3b8000
3f3b8000
3f35d000
3f350000
3f350000
3f2f5000
3f2e8000
3f2e8000
3f28d000
3f280000
3f280000
3f225000
3f218000
3f218000
3f1bd000
3f1b0000
3f1b0000
3f155000
3f953000
3f953000
3f8f8000
3f8eb000
3f8eb000
3f890000
3f883000
3f883000
3f828000
3f81b000
3f81b000
3f780000
3f766000
3f766000
3f6b0000
3f696000
3f696000
3f5e0000
3f5c6000
3f5c6000
3f510000
3f4f6000
3f4f6000
3f440000
3f488000
3f488000
3f42d000
3f420000
3f420000
3f3c5000
3f3b8000
3f3b8000
3f35d000
3f350000
3f350000
3f2f5000
3f2e8000
3f2e8000
3f28d000
3f280000
3f280000
3f225000
3f218000
3f218000
3f1bd000
3f1b0000
3f1b0000
3f155000
3f9ae000
3f9ae000
3f953000
3f946000
3f946000
3f8eb000
3f8de000
3f8de000
3f883000
3f876000
3f876000
3f81b000
3f80e000
3f80e000
3f766000
3f74c000
3f74c000
3f696000
3f67c000
3f67c000
3f5c6000
3f5ac000
3f5ac000
3f4f6000
3f509800
3f509800
3f4ae800
3f4a1800
3f4a1800
3f446800
3f439800
3f439800
3f3de800
3f3d1800
3f3d1800
3f376800
3f369800
3f369800
3f30e800
3f301800
3f301800
3f2a6800
3f299800
3f299800
3f23e800
3f231800
3f231800
3f1d6800
3f9bb000
3f9bb000
3f960000
3f953000
3f953000
3f8f8000
3f8eb000
3f8eb000
3f890000
3f883000
3f883000
3f828000
3f81b000
3f81b000
3f780000
3f766000
3f766000
3f6b0000
3f696000
3f696000
3f5e0000
3f5c6000
3f5c6000
3f510000
3f51c000
3f51c000
3f4c1000
3f4b4000
3f4b4000
3f459000
3f44c000
3f44c000
3f3f1000
3f3e4000
3f3e4000
3f389000
3f37c000
3f37c000
3f321000
3f314000
3f314000
3f2b9000
3f2ac000
3f2ac000
3f251000
3f244000
3f244000
3f1e9000
3f9bb000
3f9bb000
3f960000
3f953000
3f953000
3f8f8000
3f8eb000
3f8eb000
3f890000
3f883000
3f883000
3f828000
3f81b000
3f81b000
3f780000
3f766000
3f766000
3f6b0000
3f696000
3f696000
3f5e0000
3f5c6000
3f5c6000
3f510000
3f51c000
3f51c000
3f4c1000
3f4b4000
3f4b4000
3f459000
3f44c000
3f44c000
3f3f1000
3f3e4000
3f3e4000
3f389000
3f37c000
3f37c000
3f321000
3f314000
3f314000
3f2b9000
3f2ac000
3f2ac000
3f251000
3f244000
3f244000
3f1e9000
3fa16000
3fa16000
3f9bb000
3f9ae000
3f9ae000
3f953000
3f946000
3f946000
3f8eb000
3f8de000
3f8de000
3f883000
3f876000
3f876000
3f81b000
3f80e000
3f80e000
3f766000
3f74c000
3f74c000
3f696000
3f67c000
3f67c000
3f5c6000
3f59d800
3f59d800
3f542800
3f535800
3f535800
3f4da800
3f4cd800
3f4cd800
3f472800
3f465800
3f465800
3f40a800
3f3fd800
3f3fd800
3f3a2800
3f395800
3f395800
3f33a800
3f32d800
3f32d800
3f2d2800
3f2c5800
3f2c5800
3f26a800
3fa23000
3fa23000
3f9c8000
3f9bb000
3f9bb000
3f960000
3f953000
3f953000
3f8f8000
3f8eb000
3f8eb000
3f890000
3f883000
3f883000
3f828000
3f81b000
3f81b000
3f780000
3f766000
3f766000
3f6b0000
3f696000
3f696000
3f5e0000
3f5b0000
3f5b0000
3f555000
3f548000
3f548000
3f4ed000
3f4e0000
3f4e0000
3f485000
3f478000
3f478000
3f41d000
3f410000
3f410000
3f3b5000
3f3a8000
3f3a8000
3f34d000
3f340000
3f340000
3f2e5000
3f2d8000
3f2d8000
3f27d000
3fa23000
3fa23000
3f9c8000
3f9bb000
3f9bb000
3f960000
3f953000
3f953000
3f8f8000
3f8eb000
3f8eb000
3f890000
3f883000
3f883000
3f828000
3f81b000
3f81b000
3f780000
3f766000
3f766000
3f6b0000
3f696000
3f696000
3f5e0000
3f5b0000
3f5b0000
3f555000
3f548000
3f548000
3f4ed000
3f4e0000
3f4e0000
3f485000
3f478000
3f478000
3f41d000
3f410000
3f410000
3f3b5000
3f3a8000
3f3a8000
3f34d000
3f340000
3f340000
3f2e5000
3f2d8000
3f2d8000
3f27d000
3fa7e000
3fa7e000
3fa23000
3fa16000
3fa16000
3f9bb000
3f9ae000
3f9ae000
3f953000
3f946000
3f946000
3f8eb000
3f8de000
3f8de000
3f883000
3f876000
3f876000
3f81b000
3f80e000
3f80e000
3f766000
3f74c000
3f74c000
3f696000
3f631800
3f631800
3f5d6800
3f5c9800
3f5c9800
3f56e800
3f561800
3f561800
3f506800
3f4f9800
3f4f9800
3f49e800
3f491800
3f491800
3f436800
3f429800
3f429800
3f3ce800
3f3c1800
3f3c1800
3f366800
3f359800
3f359800
3f2fe800
3fa8b000
3fa8b000
3fa30000
3fa23000
3fa23000
3f9c8000
3f9bb000
3f9bb000
3f960000
3f953000
3f953000
3f8f8000
3f8eb000
3f8eb000
3f890000
3f883000
3f883000
3f828000
3f81b000
3f81b000
3f780000
3f766000
3f766000
3f6b0000
3f644000
3f644000
3f5e9000
3f5dc000
3f5dc000
3f581000
3f574000
3f574000
3f519000
3f50c000
3f50c000
3f4b1000
3f4a4000
3f4a4000
3f449000
3f43c000
3f43c000
3f3e1000
3f3d4000
3f3d4000
3f379000
3f36c000
3f36c000
3f311000
3fa8b000
3fa8b000
3fa30000
3fa23000
3fa23000
3f9c8000
3f9bb000
3f9bb000
3f960000
3f953000
3f953000
3f8f8000
3f8eb000
3f8eb000
3f890000
3f883000
3f883000
3f828000
3f81b000
3f81b000
3f780000
3f766000
3f766000
3f6b0000
3f644000
3f644000
3f5e9000
3f5dc000
3f5dc000
3f581000
3f574000
3f574000
3f519000
3f50c000
3f50c000
3f4b1000
3f4a4000
3f4a4000
3f449000
3f43c000
3f43c000
3f3e1000
3f3d4000
3f3d4000
3f379000
3f36c000
3f36c000
3f311000
3fae6000
3fae6000
3fa8b000
3fa7e000
3fa7e000
3fa23000
3fa16000
3fa16000
3f9bb000
3f9ae000
3f9ae000
3f953000
3f946000
3f946000
3f8eb000
3f8de000
3f8de000
3f883000
3f876000
3f876000
3f81b000
3f80e000
3f80e000
3f766000
3f6c5800
3f6c5800
3f66a800
3f65d800
3f65d800
3f602800
3f5f5800
3f5f5800
3f59a800
3f58d800
3f58d800
3f532800
3f525800
3f525800
3f4ca800
3f4bd800
3f4bd800
3f462800
3f455800
3f455800
3f3fa800
3f3ed800
3f3ed800
3f392800
3faf3000
3faf3000
3fa98000
3fa8b000
3fa8b000
3fa30000
3fa23000
3fa23000
3f9c8000
3f9bb000
3f9bb000
3f960000
3f953000
3f953000
3f8f8000
3f8eb000
3f8eb000
3f890000
3f883000
3f883000
3f828000
3f81b000
3f81b000
3f780000
3f6d8000
3f6d8000
3f67d000
3f670000
3f670000
3f615000
3f608000
3f608000
3f5ad000
3f5a0000
3f5a0000
3f545000
3f538000
3f538000
3f4dd000
3f4d0000
3f4d0000
3f475000
3f468000
3f468000
3f40d000
3f400000
3f400000
3f3a5000
3faf3000
3faf3000
3fa98000
3fa8b000
3fa8b000
3fa30000
3fa23000
3fa23000
3f9c8000
3f9bb000
3f9bb000
3f960000
3f953000
3f953000
3f8f8000
3f8eb000
3f8eb000
3f890000
3f883000
3f883000
3f828000
3f81b000
3f81b000
3f780000
3f6d8000
3f6d8000
3f67d000
3f670000
3f670000
3f615000
3f608000
3f608000
3f5ad000
3f5a0000
3f5a0000
3f545000
3f538000
3f538000
3f4dd000
3f4d0000
3f4d0000
3f475000
3f468000
3f468000
3f40d000
3f400000
3f400000
3f3a5000
3fb4e000
3fb4e000
3faf3000
3fae6000
3fae6000
3fa8b000
3fa7e000
3fa7e000
3fa23000
3fa16000
3fa16000
3f9bb000
3f9ae000
3f9ae000
3f953000
3f946000
3f946000
3f8eb000
3f8de000
3f8de000
3f883000
3f876000
3f876000
3f81b000
3f759800
3f759800
3f6fe800
3f6f1800
3f6f1800
3f696800
3f689800
3f689800
3f62e800
3f621800
3f621800
3f5c6800
3f5b9800
3f5b9800
3f55e800
3f551800
3f551800
3f4f6800
3f4e9800
3f4e9800
3f48e800
3f481800
3f481800
3f426800
3fc01000
3fc01000
3fb81400
3fb6f000
3fb6f000
3faef400
3fadd000
3fadd000
3fa5d400
3fa4b000
3fa4b000
3f9cb400
3f9b9000
3f9b9000
3f939400
3f927000
3f927000
3f8a7400
3f895000
3f895000
3f815400
3f803000
3f803000
3f706800
3f80a000
3f80a000
3f792800
3f780000
3f780000
3f6fe800
3f6ec000
3f6ec000
3f66a800
3f658000
3f658000
3f5d6800
3f5c4000
3f5c4000
3f542800
3f530000
3f530000
3f4ae800
3f49c000
3f49c000
3f41a800
3f408000
3f408000
3f386800
3fc01000
3fc01000
3fb81400
3fb6f000
3fb6f000
3faef400
3fadd000
3fadd000
3fa5d400
3fa4b000
3fa4b000
3f9cb400
3f9b9000
3f9b9000
3f939400
3f927000
3f927000
3f8a7400
3f895000
3f895000
3f815400
3f803000
3f803000
3f706800
3f80a000
3f80a000
3f792800
3f780000
3f780000
3f6fe800
3f6ec000
3f6ec000
3f66a800
3f658000
3f658000
3f5d6800
3f5c4000
3f5c4000
3f542800
3f530000
3f530000
3f4ae800
3f49c000
3f49c000
3f41a800
3f408000
3f408000
3f386800
3fc5c000
3fc5c000
3fbdc400
3fbca000
3fbca000
3fb4a400
3fb38000
3fb38000
3fab8400
3faa6000
3faa6000
3fa26400
3fa14000
3fa14000
3f994400
3f982000
3f982000
3f902400
3f8f0000
3f8f0000
3f870400
3f85e000
3f85e000
3f7bc800
3f84ac00
3f84ac00
3f80a000
3f800c00
3f800c00
3f780000
3f76d800
3f76d800
3f6ec000
3f6d9800
3f6d9800
3f658000
3f645800
3f645800
3f5c4000
3f5b1800
3f5b1800
3f530000
3f51d800
3f51d800
3f49c000
3f489800
3f489800
3f408000
3fc69000
3fc69000
3fbe9400
3fbd7000
3fbd7000
3fb57400
3fb45000
3fb45000
3fac5400
3fab3000
3fab3000
3fa33400
3fa21000
3fa21000
3f9a1400
3f98f000
3f98f000
3f90f400
3f8fd000
3f8fd000
3f87d400
3f86b000
3f86b000
3f7d6800
3f854000
3f854000
3f813400
3f80a000
3f80a000
3f792800
3f780000
3f780000
3f6fe800
3f6ec000
3f6ec000
3f66a800
3f658000
3f658000
3f5d6800
3f5c4000
3f5c4000
3f542800
3f530000
3f530000
3f4ae800
3f49c000
3f49c000
3f41a800
3fc69000
3fc69000
3fbe9400
3fbd7000
3fbd7000
3fb57400
3fb45000
3fb45000
3fac5400
3fab3000
3fab3000
3fa33400
3fa21000
3fa21000
3f9a1400
3f98f000
3f98f000
3f90f400
3f8fd000
3f8fd000
3f87d400
3f86b000
3f86b000
3f7d6800
3f854000
3f854000
3f813400
3f80a000
3f80a000
3f792800
3f780000
3f780000
3f6fe800
3f6ec000
3f6ec000
3f66a800
3f658000
3f658000
3f5d6800
3f5c4000
3f5c4000
3f542800
3f530000
3f530000
3f4ae800
3f49c000
3f49c000
3f41a800
3fcc4000
3fcc4000
3fc44400
3fc32000
3fc32000
3fbb2400
3fba0000
3fba0000
3fb20400
3fb0e000
3fb0e000
3fa8e400
3fa7c000
3fa7c000
3f9fc400
3f9ea000
3f9ea000
3f96a400
3f958000
3f958000
3f8d8400
3f8c6000
3f8c6000
3f846400
3f894c00
3f894c00
3f854000
3f84ac00
3f84ac00
3f80a000
3f800c00
3f800c00
3f780000
3f76d800
3f76d800
3f6ec000
3f6d9800
3f6d9800
3f658000
3f645800
3f645800
3f5c4000
3f5b1800
3f5b1800
3f530000
3f51d800
3f51d800
3f49c000
3fcd1000
3fcd1000
3fc51400
3fc3f000
3fc3f000
3fbbf400
3fbad000
3fbad000
3fb2d400
3fb1b000
3fb1b000
3fa9b400
3fa89000
3fa89000
3fa09400
3f9f7000
3f9f7000
3f977400
3f965000
3f965000
3f8e5400
3f8d3000
3f8d3000
3f853400
3f89e000
3f89e000
3f85d400
3f854000
3f854000
3f813400
3f80a000
3f80a000
3f792800
3f780000
3f780000
3f6fe800
3f6ec000
3f6ec000
3f66a800
3f658000
3f658000
3f5d6800
3f5c4000
3f5c4000
3f542800
3f530000
3f530000
3f4ae800
3fcd1000
3fcd1000
3fc51400
3fc3f000
3fc3f000
3fbbf400
3fbad000
3fbad000
3fb2d400
3fb1b000
3fb1b000
3fa9b400
3fa89000
3fa89000
3fa09400
3f9f7000
3f9f7000
3f977400
3f965000
3f965000
3f8e5400
3f8d3000
3f8d3000
3f853400
3f89e000
3f89e000
3f85d400
3f854000
3f854000
3f813400
3f80a000
3f80a000
3f792800
3f780000
3f780000
3f6fe800
3f6ec000
3f6ec000
3f66a800
3f658000
3f658000
3f5d6800
3f5c4000
3f5c4000
3f542800
3f530000
3f530000
3f4ae800
3fd2c000
3fd2c000
3fcac400
3fc9a000
3fc9a000
3fc1a400
3fc08000
3fc08000
3fb88400
3fb76000
3fb76000
3faf6400
3fae4000
3fae4000
3fa64400
3fa52000
3fa52000
3f9d2400
3f9c0000
3f9c0000
3f940400
3f92e000
3f92e000
3f8ae400
3f8dec00
3f8dec00
3f89e000
3f894c00
3f894c00
3f854000
3f84ac00
3f84ac00
3f80a000
3f800c00
3f800c00
3f780000
3f76d800
3f76d800
3f6ec000
3f6d9800
3f6d9800
3f658000
3f645800
3f645800
3f5c4000
3f5b1800
3f5b1800
3f530000
3fd39000
3fd39000
3fcb9400
3fca7000
3fca7000
3fc27400
3fc15000
3fc15000
3fb95400
3fb83000
3fb83000
3fb03400
3faf1000
3faf1000
3fa71400
3fa5f000
3fa5f000
3f9df400
3f9cd000
3f9cd000
3f94d400
3f93b000
3f93b000
3f8bb400
3f8e8000
3f8e8000
3f8a7400
3f89e000
3f89e000
3f85d400
3f854000
3f854000
3f813400
3f80a000
3f80a000
3f792800
3f780000
3f780000
3f6fe800
3f6ec000
3f6ec000
3f66a800
3f658000
3f658000
3f5d6800
3f5c4000
3f5c4000
3f542800
3fd39000
3fd39000
3fcb9400
3fca7000
3fca7000
3fc27400
3fc15000
3fc15000
3fb95400
3fb83000
3fb83000
3fb03400
3faf1000
3faf1000
3fa71400
3fa5f000
3fa5f000
3f9df400
3f9cd000
3f9cd000
3f94d400
3f93b000
3f93b000
3f8bb400
3f8e8000
3f8e8000
3f8a7400
3f89e000
3f89e000
3f85d400
3f854000
3f854000
3f813400
3f80a000
3f80a000
3f792800
3f780000
3f780000
3f6fe800
3f6ec000
3f6ec000
3f66a800
3f658000
3f658000
3f5d6800
3f5c4000
3f5c4000
3f542800
3fd94000
3fd94000
3fd14400
3fd02000
3fd02000
3fc82400
3fc70000
3fc70000
3fbf0400
3fbde000
3fbde000
3fb5e400
3fb4c000
3fb4c000
3facc400
3faba000
3faba000
3fa3a400
3fa28000
3fa28000
3f9a8400
3f996000
3f996000
3f916400
3f928c00
3f928c00
3f8e8000
3f8dec00
3f8dec00
3f89e000
3f894c00
3f894c00
3f854000
3f84ac00
3f84ac00
3f80a000
3f800c00
3f800c00
3f780000
3f76d800
3f76d800
3f6ec000
3f6d9800
3f6d9800
3f658000
3f645800
3f645800
3f5c4000
3fda1000
3fda1000
3fd21400
3fd0f000
3fd0f000
3fc8f400
3fc7d000
3fc7d000
3fbfd400
3fbeb000
3fbeb000
3fb6b400
3fb59000
3fb59000
3fad9400
3fac7000
3fac7000
3fa47400
3fa35000
3fa35000
3f9b5400
3f9a3000
3f9a3000
3f923400
3f932000
3f932000
3f8f1400
3f8e8000
3f8e8000
3f8a7400
3f89e000
3f89e000
3f85d400
3f854000
3f854000
3f813400
3f80a000
3f80a000
3f792800
3f780000
3f780000
3f6fe800
3f6ec000
3f6ec000
3f66a800
3f658000
3f658000
3f5d6800
3fda1000
3fda1000
3fd21400
3fd0f000
3fd0f000
3fc8f400
3fc7d000
3fc7d000
3fbfd400
3fbeb000
3fbeb000
3fb6b400
3fb59000
3fb59000
3fad9400
3fac7000
3fac7000
3fa47400
3fa35000
3fa35000
3f9b5400
3f9a3000
3f9a3000
3f923400
3f932000
3f932000
3f8f1400
3f8e8000
3f8e8000
3f8a7400
3f89e000
3f89e000
3f85d400
3f854000
3f854000
3f813400
3f80a000
3f80a000
3f792800
3f780000
3f780000
3f6fe800
3f6ec000
3f6ec000
3f66a800
3f658000
3f658000
3f5d6800
3fdfc000
3fdfc000
3fd7c400
3fd6a000
3fd6a000
3fcea400
3fcd8000
3fcd8000
3fc58400
3fc46000
3fc46000
3fbc6400
3fbb4000
3fbb4000
3fb34400
3fb22000
3fb22000
3faa2400
3fa90000
3fa90000
3fa10400
3f9fe000
3f9fe000
3f97e400
3f972c00
3f972c00
3f932000
3f928c00
3f928c00
3f8e8000
3f8dec00
3f8dec00
3f89e000
3f894c00
3f894c00
3f854000
3f84ac00
3f84ac00
3f80a000
3f800c00
3f800c00
3f780000
3f76d800
3f76d800
3f6ec000
3f6d9800
3f6d9800
3f658000
3fe09000
3fe09000
3fd89400
3fd77000
3fd77000
3fcf7400
3fce5000
3fce5000
3fc65400
3fc53000
3fc53000
3fbd3400
3fbc1000
3fbc1000
3fb41400
3fb2f000
3fb2f000
3faaf400
3fa9d000
3fa9d000
3fa1d400
3fa0b000
3fa0b000
3f98b400
3f97c000
3f97c000
3f93b400
3f932000
3f932000
3f8f1400
3f8e8000
3f8e8000
3f8a7400
3f89e000
3f89e000
3f85d400
3f854000
3f854000
3f813400
3f80a000
3f80a000
3f792800
3f780000
3f780000
3f6fe800
3f6ec000
3f6ec000
3f66a800
3fe09000
3fe09000
3fd89400
3fd77000
3fd77000
3fcf7400
3fce5000
3fce5000
3fc65400
3fc53000
3fc53000
3fbd3400
3fbc1000
3fbc1000
3fb41400
3fb2f000
3fb2f000
3faaf400
3fa9d000
3fa9d000
3fa1d400
3fa0b000
3fa0b000
3f98b400
3f97c000
3f97c000
3f93b400
3f932000
3f932000
3f8f1400
3f8e8000
3f8e8000
3f8a7400
3f89e000
3f89e000
3f85d400
3f854000
3f854000
3f813400
3f80a000
3f80a000
3f792800
3f780000
3f780000
3f6fe800
3f6ec000
3f6ec000
3f66a800
3fe64000
3fe64000
3fde4400
3fdd2000
3fdd2000
3fd52400
3fd40000
3fd40000
3fcc0400
3fcae000
3fcae000
3fc2e400
3fc1c000
3fc1c000
3fb9c400
3fb8a000
3fb8a000
3fb0a400
3faf8000
3faf8000
3fa78400
3fa66000
3fa66000
3f9e6400
3f9bcc00
3f9bcc00
3f97c000
3f972c00
3f972c00
3f932000
3f928c00
3f928c00
3f8e8000
3f8dec00
3f8dec00
3f89e000
3f894c00
3f894c00
3f854000
3f84ac00
3f84ac00
3f80a000
3f800c00
3f800c00
3f780000
3f76d800
3f76d800
3f6ec000
3fe71000
3fe71000
3fdf1400
3fddf000
3fddf000
3fd5f400
3fd4d000
3fd4d000
3fccd400
3fcbb000
3fcbb000
3fc3b400
3fc29000
3fc29000
3fba9400
3fb97000
3fb97000
3fb17400
3fb05000
3fb05000
3fa85400
3fa73000
3fa73000
3f9f3400
3f9c6000
3f9c6000
3f985400
3f97c000
3f97c000
3f93b400
3f932000
3f932000
3f8f1400
3f8e8000
3f8e8000
3f8a7400
3f89e000
3f89e000
3f85d400
3f854000
3f854000
3f813400
3f80a000
3f80a000
3f792800
3f780000
3f780000
3f6fe800
3fe71000
3fe71000
3fdf1400
3fddf000
3fddf000
3fd5f400
3fd4d000
3fd4d000
3fccd400
3fcbb000
3fcbb000
3fc3b400
3fc29000
3fc29000
3fba9400
3fb97000
3fb97000
3fb17400
3fb05000
3fb05000
3fa85400
3fa73000
3fa73000
3f9f3400
3f9c6000
3f9c6000
3f985400
3f97c000
3f97c000
3f93b400
3f932000
3f932000
3f8f1400
3f8e8000
3f8e8000
3f8a7400
3f89e000
3f89e000
3f85d400
3f854000
3f854000
3f813400
3f80a000
3f80a000
3f792800
3f780000
3f780000
3f6fe800
3fecc000
3fecc000
3fe4c400
3fe3a000
3fe3a000
3fdba400
3fda8000
3fda8000
3fd28400
3fd16000
3fd16000
3fc96400
3fc84000
3fc84000
3fc04400
3fbf2000
3fbf2000
3fb72400
3fb60000
3fb60000
3fae0400
3face000
3face000
3fa4e400
3fa06c00
3fa06c00
3f9c6000
3f9bcc00
3f9bcc00
3f97c000
3f972c00
3f972c00
3f932000
3f928c00
3f928c00
3f8e8000
3f8dec00
3f8dec00
3f89e000
3f894c00
3f894c00
3f854000
3f84ac00
3f84ac00
3f80a000
3f800c00
3f800c00
3f780000
3fed9000
3fed9000
3fe59400
3fe47000
3fe47000
3fdc7400
3fdb5000
3fdb5000
3fd35400
3fd23000
3fd23000
3fca3400
3fc91000
3fc91000
3fc11400
3fbff000
3fbff000
3fb7f400
3fb6d000
3fb6d000
3faed400
3fadb000
3fadb000
3fa5b400
3fa10000
3fa10000
3f9cf400
3f9c6000
3f9c6000
3f985400
3f97c000
3f97c000
3f93b400
3f932000
3f932000
3f8f1400
3f8e8000
3f8e8000
3f8a7400
3f89e000
3f89e000
3f85d400
3f854000
3f854000
3f813400
3f80a000
3f80a000
3f792800
3fed9000
3fed9000
3fe59400
3fe47000
3fe47000
3fdc7400
3fdb5000
3fdb5000
3fd35400
3fd23000
3fd23000
3fca3400
3fc91000
3fc91000
3fc11400
3fbff000
3fbff000
3fb7f400
3fb6d000
3fb6d000
3faed400
3fadb000
3fadb000
3fa5b400
3fa10000
3fa10000
3f9cf400
3f9c6000
3f9c6000
3f985400
3f97c000
3f97c000
3f93b400
3f932000
3f932000
3f8f1400
3f8e8000
3f8e8000
3f8a7400
3f89e000
3f89e000
3f85d400
3f854000
3f854000
3f813400
3f80a000
3f80a000
3f792800
3ff34000
3ff34000
3feb4400
3fea2000
3fea2000
3fe22400
3fe10000
3fe10000
3fd90400
3fd7e000
3fd7e000
3fcfe400
3fcec000
3fcec000
3fc6c400
3fc5a000
3fc5a000
3fbda400
3fbc8000
3fbc8000
3fb48400
3fb36000
3fb36000
3fab6400
3fa50c00
3fa50c00
3fa10000
3fa06c00
3fa06c00
3f9c6000
3f9bcc00
3f9bcc00
3f97c000
3f972c00
3f972c00
3f932000
3f928c00
3f928c00
3f8e8000
3f8dec00
3f8dec00
3f89e000
3f894c00
3f894c00
3f854000
3f84ac00
3f84ac00
3f80a000
3f81b000
3f81b000
3f81b000
3f81b000
3f81b000
3f81b000
3f81b000
3f81b000
3f81b000
3f81b000
3f81b000
3f81b000
3f81b000
3f81b000
3f81b000
3f81b000
3f81b000
3f81b000
3f81b000
3f81b000
3f81b000
3f81b000
3f81b000
3f81b000
3f81b000
3f81b000
3f81b000
3f81b000
3f81b000
3f81b000
3f81b000
3f81b000
3f81b000
3f81b000
3f81b000
3f81b000
3f81b000
3f81b000
3f81b000
3f81b000
3f81b000
3f81b000
3f81b000
3f81b000
3f81b000
3f81b000
3f81b000
3f81b000
3f81b000
3f81b000
3f81b000
3f81b000
3f81b000
3f81b000
3f81b000
3f81b000
3f81b000
3f81b000
3f81b000
3f81b000
3f81b000
3f81b000
3f81b000
3f81b000
3f81b000
3f81b000
3f81b000
3f81b000
3f81b000
3f81b000
3f81b000
3f81b000
3f81b000
3f81b000
3f81b000
3f81b000
3f81b000
3f81b000
3f81b000
3f81b000
3f81b000
3f81b000
3f81b000
3f81b000
3f81b000
3f81b000
3f81b000
3f81b000
3f81b000
3f81b000
3f81b000
3f81b000
3f81b000
3f81b000
3f81b000
3f81b000
3f81b000
3f81b000
3f81b000
3f81b000
3f81b000
3f81b000
3f81b000
3f81b000
3f81b000
3f81b000
3f81b000
3f81b000
3f81b000
3f81b000
3f81b000
3f81b000
3f81b000
3f81b000
3f81b000
3f81b000
3f81b000
3f81b000
3f81b000
3f81b000
3f81b000
3f81b000
3f81b000
3f81b000
3f81b000
3f81b000
3f81b000
3f81b000
3f81b000
3f81b000
3f81b000
3f81b000
3f81b000
3f81b000
3f81b000
3f81b000
3f81b000
3f81b000
3f81b000
3f81b000
3f81b000
3f81b000
3f81b000
3f81b000
3f81b000
3f81b000
3f81b000
3f81b000
3f81b000
3f81b000
3f81b000
3f81b000
3f81b000
3f81b000
3f81b000
3f81b000
3f81b000
3f81b000
3f81b000
3f81b000
3f81b000
3f81b000
3f81b000
3f81b000
3f81b000
3f81b000
3f81b000
3f81b000
3f81b000
3f81b000
3f81b000
3f81b000
3f81b000
3f81b000
3f81b000
3f81b000
3f81b000
3f81b000
3f81b000
3f81b000
3f81b000
3f81b000
3f81b000
3f81b000
3f81b000
3f81b000
3f81b000
3f81b000
3f81b000
3f81b000
3f81b000
3f81b000
3f81b000
3f81b000
3f81b000
3f81b000
3f81b000
3f81b000
3f81b000
3f81b000
3f81b000
3f81b000
3f81b000
3f81b000
3f81b000
3f81b000
3f81b000
3f81b000
3f81b000
3f81b000
3f81b000
3f81b000
3f81b000
3f81b000
3f81b000
3f81b000
3f81b000
3f81b000
3f81b000
3f81b000
3f81b000
3f81b000
3f81b000
3f81b000
3f81b000
3f81b000
3f81b000
3f81b000
3f81b000
3f81b000
3f81b000
3f81b000
3f81b000
3f81b000
3f81b000
3f81b000
3f81b000
3f81b000
3f81b000
3f81b000
3f81b000
3f81b000
3f81b000
3f81b000
3f81b000
3f81b000
3f81b000
3f81b000
3f81b000
3f81b000
3f81b000
3f81b000
3f81b000
3f81b000
3f81b000
3f81b000
3f81b000
3f81b000
3f81b000
3f81b000
3f81b000
3f81b000
3f81b000
3f81b000
3f81b000
3f81b000
3f81b000
3f81b000
3f81b000
3f81b000
3f81b000
3f81b000
3f81b000
3f81b000
3f81b000
3f81b000
3f81b000
3f81b000
3f81b000
3f81b000
3f81b000
3f81b000
3f81b000
3f81b000
3f81b000
3f81b000
3f81b000
3f81b000
3f81b000
3f81b000
3f81b000
3f81b000
3f81b000
3f81b000
3f81b000
3f81b000
3f81b000
3f81b000
3f81b000
3f81b000
3f81b000
3f81b000
3f81b000
3f81b000
3f81b000
3f81b000
3f81b000
3f81b000
3f81b000
3f81b000
3f81b000
3f81b000
3f81b000
3f81b000
3f81b000
3f81b000
3f81b000
3f81b000
3f81b000
3f81b000
3f81b000
3f81b000
3f81b000
3f81b000
3f81b000
3f81b000
3f81b000
3f81b000
3f81b000
3f81b000
3f81b000
3f81b000
3f81b000
3f81b000
3f81b000
3f81b000
3f81b000
3f81b000
3f81b000
3f81b000
3f81b000
3f81b000
3f81b000
3f81b000
3f81b000
3f81b000
3f81b000
3f81b000
3f81b000
3f81b000
3f81b000
3f81b000
3f81b000
3f81b000
3f81b000
3f81b000
3f81b000
3f81b000
3f81b000
3f81b000
3f81b000
3f81b000
3f81b000
3f81b000
3f81b000
3f81b000
3f81b000
3f81b000
3f81b000
3f81b000
3f81b000
3f81b000
3f81b000
3f81b000
3f81b000
3f81b000
3f81b000
3f81b000
3f81b000
3f81b000
3f81b000
3f81b000
3f81b000
3f81b000
3f81b000
3f81b000
3f81b000
3f81b000
3f81b000
3f81b000
3f81b000
3f81b000
3f81b000
3f81b000
3f81b000
3f81b000
3f81b000
3f81b000
3f81b000
3f81b000
3f81b000
3f81b000
3f81b000
3f81b000
3f81b000
3f81b000
3f81b000
3f81b000
3f81b000
3f81b000
3f81b000
3f81b000
3f81b000
3f81b000
3f81b000
3f81b000
3f81b000
3f81b000
3f81b000
3f81b000
3f81b000
3f81b000
3f81b000
3f81b000
3f81b000
3f81b000
3f81b000
3f81b000
3f81b000
3f81b000
3f81b000
3f81b000
3f81b000
3f81b000
3f81b000
3f81b000
3f81b000
3f81b000
3f81b000
3f81b000
3f81b000
3f81b000
3f81b000
3f81b000
3f81b000
3f81b000
3f81b000
3f81b000
3f81b000
3f81b000
3f81b000
3f81b000
3f81b000
3f81b000
3f81b000
3f81b000
3f81b000
3f81b000
3f81b000
3f81b000
3f81b000
3f81b000
3f81b000
3f81b000
3f81b000
3f81b000
3f81b000
3f81b000
3f81b000
3f81b000
3f81b000
3f81b000
3f81b000
3f81b000
3f81b000
3f81b000
3f81b000
3f81b000
3f81b000
3f81b000
3f81b000
3f81b000
3f81b000
3f81b000
3f81b000
3f81b000
3f81b000
3f81b000
3f81b000
3f81b000
3f81b000
3f81b000
3f81b000
3f81b000
3f81b000
3f81b000
3f81b000
3f81b000
3f81b000
3f81b000
3f81b000
3f81b000
3f81b000
3f81b000
3f81b000
3f81b000
3f81b000
3f81b000
3f81b000
3f81b000
3f81b000
3f81b000
3f81b000
3f81b000
3f81b000
3f81b000
3f81b000
3f81b000
3f81b000
3f81b000
3f81b000
3f81b000
3f81b000
3f81b000
3f81b000
3f81b000
3f81b000
3f81b000
3f81b000
3f81b000
3f81b000
3f81b000
3f81b000
3f81b000
3f81b000
3f81b000
3f81b000
3f81b000
3f81b000
3f81b000
3f81b000
3f81b000
3f81b000
3f81b000
3f81b000
3f81b000
3f81b000
3f81b000
3f81b000
3f81b000
3f81b000
3f81b000
3f81b000
3f81b000
3f81b000
3f81b000
3f81b000
3f81b000
3f81b000
3f81b000
3f81b000
3f81b000
3f81b000
3f81b000
3f81b000
3f81b000
3f81b000
3f81b000
3f81b000
3f81b000
3f81b000
3f81b000
3f81b000
3f81b000
3f81b000
3f81b000
3f81b000
3f81b000
3f81b000
3f81b000
3f81b000
3f81b000
3f81b000
3f81b000
3f81b000
3f81b000
3f81b000
3f81b000
3f81b000
3f81b000
3f81b000
3f81b000
3f81b000
3f81b000
3f81b000
3f81b000
3f81b000
3f81b000
3f81b000
3f81b000
3f81b000
3f81b000
3f81b000
3f81b000
3f81b000
3f81b000
3f81b000
3f81b000
3f81b000
3f81b000
3f81b000
3f81b000
3f81b000
3f81b000
3f81b000
3f81b000
3f81b000
3f81b000
3f81b000
3f81b000
3f81b000
3f81b000
3f81b000
3f81b000
3f81b000
3f81b000
3f81b000
3f81b000
3f81b000
3f81b000
3f81b000
3f81b000
3f81b000
3f81b000
3f81b000
3f81b000
3f81b000
3f81b000
3f81b000
3f81b000
3f81b000
3f81b000
3f81b000
3f81b000
3f81b000
3f81b000
3f81b000
3f81b000
3f81b000
3f81b000
3f81b000
3f81b000
3f81b000
3f81b000
3f81b000
3f81b000
3f81b000
3f81b000
3f81b000
3f81b000
3f81b000
3f81b000
3f81b000
3f81b000
3f81b000
3f81b000
3f81b000
3f81b000
3f81b000
3f81b000
3f81b000
3f81b000
3f81b000
3f81b000
3f81b000
3f81b000
3f81b000
3f81b000
3f81b000
3f81b000
3f81b000
3f81b000
3f81b000
3f81b000
3f81b000
3f81b000
3f81b000
3f81b000
3f81b000
3f81b000
3f81b000
3f81b000
3f81b000
3f81b000
3f81b000
3f81b000
3f81b000
3f81b000
3f81b000
3f81b000
3f81b000
3f81b000
3f81b000
3f81b000
3f81b000
3f81b000
3f81b000
3f81b000
3f81b000
3f81b000
3f81b000
3f81b000
3f81b000
3f81b000
3f81b000
3f81b000
3f81b000
3f81b000
3f81b000
3f81b000
3f81b000
3f81b000
3f81b000
3f81b000
3f81b000
3f81b000
3f81b000
3f81b000
3f81b000
3f81b000
3f81b000
3f81b000
3f81b000
3f81b000
3f81b000
3f81b000
3f81b000
3f81b000
3f81b000
3f81b000
3f81b000
3f81b000
3f81b000
3f81b000
3f81b000
3f81b000
3f81b000
3f81b000
3f81b000
3f81b000
3f81b000
3f81b000
3f81b000
3f81b000
3f81b000
3f81b000
3f81b000
3f81b000
3f81b000
3f81b000
3f81b000
3f81b000
3f81b000
3f81b000
3f81b000
3f81b000
3f81b000
3f81b000
3f81b000
3f81b000
3f81b000
3f81b000
3f81b000
3f81b000
3f81b000
3f81b000
3f81b000
3f81b000
3f81b000
3f81b000
3f81b000
3f81b000
3f81b000
3f81b000
3f81b000
3f81b000
3f81b000
3f81b000
3f81b000
3f81b000
3f81b000
3f81b000
3f81b000
3f81b000
3f81b000
3f81b000
3f81b000
3f81b000
3f81b000
3f81b000
3f81b000
3f81b000
3f81b000
3f81b000
3f81b000
3f81b000
3f81b000
3f81b000
3f81b000
3f81b000
3f81b000
3f81b000
3f81b000
3f81b000
3f81b000
3f81b000
3f81b000
3f81b000
3f81b000
3f81b000
3f81b000
3f81b000
3f81b000
3f81b000
3f81b000
3f81b000
3f81b000
3f81b000
3f81b000
3f81b000
3f81b000
3f81b000
3f81b000
3f81b000
3f81b000
3f81b000
3f81b000
3f81b000
3f81b000
3f81b000
3f81b000
3f81b000
3f81b000
3f81b000
3f81b000
3f81b000
3f81b000
3f81b000
3f81b000
3f81b000
3f81b000
3f81b000
3f81b000
3f81b000
3f81b000
3f81b000
3f81b000
3f81b000
3f81b000
3f81b000
3f81b000
3f81b000
3f81b000
3f81b000
3f81b000
3f81b000
3f81b000
3f81b000
3f81b000
3f81b000
3f81b000
3f81b000
3f81b000
3f81b000
3f81b000
3f81b000
3f81b000
3f81b000
3f81b000
3f81b000
3f81b000
3f81b000
3f81b000
3f81b000
3f81b000
3f81b000
3f81b000
3f81b000
3f81b000
3f81b000
3f81b000
3f81b000
3f81b000
3f81b000
3f81b000
3f81b000
3f81b000
3f81b000
3f81b000
3f81b000
3f81b000
3f81b000
3f81b000
3f81b000
3f81b000
3f81b000
3f81b000
3f81b000
3f81b000
3f81b000
3f81b000
3f81b000
3f81b000
3f81b000
3f81b000
3f81b000
3f81b000
3f81b000
3f81b000
3f81b000
3f81b000
3f81b000
3f81b000
3f81b000
3f81b000
3f81b000
3f81b000
3f81b000
3f81b000
3f81b000
3f81b000
3f81b000
3f81b000
3f81b000
3f81b000
3f81b000
3f81b000
3f81b000
3f81b000
3f81b000
3f81b000
3f81b000
3f81b000
3f81b000
3f81b000
3f81b000
3f81b000
3f81b000
3f81b000
3f81b000
3f81b000
3f81b000
3f81b000
3f81b000
3f81b000
3f81b000
3f81b000
3f81b000
3f81b000
3f81b000
3f81b000
3f81b000
3f81b000
3f81b000
3f81b000
3f81b000
3f81b000
3f81b000
3f81b000
3f81b000
3f81b000
3f81b000
3f81b000
3f81b000
3f81b000
3f81b000
3f81b000
3f81b000
3f81b000
3f81b000
3f81b000
3f81b000
3f81b000
3f81b000
3f81b000
3f81b000
3f81b000
3f81b000
3f81b000
3f81b000
3f81b000
3f81b000
3f81b000
3f81b000
3f81b000
3f81b000
3f81b000
3f81b000
3f81b000
3f81b000
3f81b000
3f81b000
3f81b000
3f81b000
3f81b000
3f81b000
3f81b000
3f81b000
3f81b000
3f81b000
3f81b000
3f81b000
3f81b000
3f81b000
3f81b000
3f81b000
3f81b000
3f81b000
3f81b000
3f81b000
3f81b000
3f81b000
3f81b000
3f81b000
3f81b000
3f81b000
3f81b000
3f81b000
3f81b000
3f81b000
3f81b000
3f81b000
3f81b000
3f81b000
3f81b000
3f81b000
3f81b000
3f81b000
3f81b000
3f81b000
3f81b000
3f81b000
3f81b000
3f81b000
3f81b000
3f81b000
3f81b000
3f81b000
3f81b000
3f81b000
3f81b000
3f81b000
3f81b000
3f81b000
3f81b000
3f81b000
3f81b000
3f81b000
3f81b000
3f81b000
3f81b000
3f81b000
3f81b000
3f81b000
3f81b000
3f81b000
3f81b000
3f81b000
3f81b000
3f81b000
3f81b000
3f81b000
3f81b000
3f81b000
3f81b000
3f81b000
3f81b000
3f81b000
3f81b000
3f81b000
3f81b000
3f81b000
3f81b000
3f81b000
3f81b000
3f81b000
3f81b000
3f81b000
3f81b000
3f81b000
3f81b000
3f81b000
3f81b000
3f81b000
3f81b000
3f81b000
3f81b000
3f81b000
3f81b000
3f81b000
3f81b000
3f81b000
3f81b000
3f81b000
3f81b000
3f81b000
3f81b000
3f81b000
3f81b000
3f81b000
3f81b000
3f81b000
3f81b000
3f81b000
3f81b000
3f81b000
3f81b000
3f81b000
3f81b000
3f81b000
3f81b000
3f81b000
3f81b000
3f81b000
3f81b000
3f81b000
3f81b000
3f81b000
3f81b000
3f81b000
3f81b000
3f81b000
3f81b000
3f81b000
3f81b000
3f81b000
3f81b000
3f81b000
3f81b000
3f81b000
3f81b000
3f81b000
3f81b000
3f81b000
3f81b000
3f81b000
3f81b000
3f81b000
3f81b000
3f81b000
3f81b000
3f81b000
3f81b000
3f81b000
3f81b000
3f81b000
3f81b000
3f81b000
3f81b000
3f81b000
3f81b000
3f81b000
3f81b000
3f81b000
3f81b000
3f81b000
3f81b000
3f81b000
3f81b000
3f81b000
3f81b000
3f81b000
3f81b000
3f81b000
3f81b000
3f81b000
3f81b000
3f81b000
3f81b000
3f81b000
3f81b000
3f81b000
3f81b000
3f81b000
3f81b000
3f81b000
3f81b000
3f81b000
3f81b000
3f81b000
3f81b000
3f81b000
3f81b000
3f81b000
3f81b000
3f81b000
3f81b000
3f81b000
3f81b000
3f81b000
3f81b000
3f81b000
3f81b000
3f81b000
3f81b000
3f81b000
3f81b000
3f81b000
3f81b000
3f81b000
3f81b000
3f81b000
3f81b000
3f81b000
3f81b000
3f81b000
3f81b000
3f81b000
3f81b000
3f81b000
3f81b000
3f81b000
3f81b000
3f81b000
3f81b000
3f81b000
3f81b000
3f81b000
3f81b000
3f81b000
3f81b000
3f81b000
3f81b000
3f81b000
3f81b000
3f81b000
3f81b000
3f81b000
3f81b000
3f81b000
3f81b000
3f81b000
3f81b000
3f81b000
3f81b000
3f81b000
3f81b000
3f81b000
3f81b000
3f81b000
3f81b000
3f81b000
3f81b000
3f81b000
3f81b000
3f81b000
3f81b000
3f81b000
3f81b000
3f81b000
3f81b000
3f81b000
3f81b000
3f81b000
3f81b000
3f81b000
3f81b000
3f81b000
3f81b000
3f81b000
3f81b000
3f81b000
3f81b000
3f81b000
3f81b000
3f81b000
3f81b000
3f81b000
3f81b000
3f81b000
3f81b000
3f81b000
3f81b000
3f81b000
3f81b000
3f81b000
3f81b000
3f81b000
3f81b000
3f81b000
3f81b000
3f81b000
3f81b000
3f81b000
3f81b000
3f81b000
3f81b000
3f81b000
3f81b000
3f81b000
3f81b000
3f81b000
3f81b000
3f81b000
3f81b000
3f81b000
3f81b000
3f81b000
3f81b000
3f81b000
3f81b000
3f81b000
3f81b000
3f81b000
3f81b000
3f81b000
3f81b000
3f81b000
3f81b000
3f81b000
3f81b000
3f81b000
3f81b000
3f81b000
3f81b000
3f81b000
3f81b000
3f81b000
3f81b000
3f81b000
3f81b000
3f81b000
3f81b000
3f81b000
3f81b000
3f81b000
3f81b000
3f81b000
3f81b000
3f81b000
3f81b000
3f81b000
3f81b000
3f81b000
3f81b000
3f81b000
3f81b000
3f81b000
3f81b000
3f81b000
3f81b000
3f81b000
3f81b000
3f81b000
3f81b000
3f81b000
3f81b000
3f81b000
3f81b000
3f81b000
3f81b000
3f81b000
3f81b000
3f81b000
3f81b000
3f81b000
3f81b000
3f81b000
3f81b000
3f81b000
3f81b000
3f81b000
3f81b000
3f81b000
3f81b000
3f81b000
3f81b000
3f81b000
3f81b000
3f81b000
3f81b000
3f81b000
3f81b000
3f81b000
3f81b000
3f81b000
3f81b000
3f81b000
3f81b000
3f81b000
3f81b000
3f81b000
3f81b000
3f81b000
3f81b000
3f81b000
3f81b000
3f81b000
3f81b000
3f81b000
3f81b000
3f81b000
3f81b000
3f81b000
3f81b000
3f81b000
3f81b000
3f81b000
3f81b000
3f81b000
3f81b000
3f81b000
3f81b000
3f81b000
3f81b000
3f81b000
3f81b000
3f81b000
3f81b000
3f81b000
3f81b000
3f81b000
3f81b000
3f81b000
3f81b000
3f81b000
3f81b000
3f81b000
3f81b000
3f81b000
3f81b000
3f81b000
3f81b000
3f81b000
3f81b000
3f81b000
3f81b000
3f81b000
3f81b000
3f81b000
3f81b000
3f81b000
3f81b000
3f81b000
3f81b000
3f81b000
3f81b000
3f81b000
3f81b000
3f81b000
3f81b000
3f81b000
3f81b000
3f81b000
3f81b000
3f81b000
3f81b000
3f81b000
3f81b000
3f81b000
3f81b000
3f81b000
3f81b000
3f81b000
3f81b000
3f81b000
3f81b000
3f81b000
3f81b000
3f81b000
3f81b000
3f81b000
3f81b000
3f81b000
3f81b000
3f81b000
3f81b000
3f81b000
3f81b000
3f81b000
3f81b000
3f81b000
3f81b000
3f81b000
3f81b000
3f81b000
3f81b000
3f81b000
3f81b000
3f81b000
3f81b000
3f81b000
3f81b000
3f81b000
3f81b000
3f81b000
3f81b000
3f81b000
3f81b000
3f81b000
3f81b000
3f81b000
3f81b000
3f81b000
3f81b000
3f81b000
3f81b000
3f81b000
3f81b000
3f81b000
3f81b000
3f81b000
3f81b000
3f81b000
3f81b000
3f81b000
3f81b000
3f81b000
3f81b000
3f81b000
3f81b000
3f81b000
3f81b000
3f81b000
3f81b000
3f81b000
3f81b000
3f81b000
3f81b000
3f81b000
3f81b000
3f81b000
3f81b000
3f81b000
3f81b000
3f81b000
3f81b000
3f81b000
3f81b000
3f81b000
3f81b000
3f81b000
3f81b000
3f81b000
3f81b000
3f81b000
3f81b000
3f81b000
3f81b000
3f81b000
3f81b000
3f81b000
3f81b000
3f81b000
3f81b000
3f81b000
3f81b000
3f81b000
3f81b000
3f81b000
3f81b000
3f81b000
3f81b000
3f81b000
3f81b000
3f81b000
3f81b000
3f81b000
3f81b000
3f81b000
3f81b000
3f81b000
3f81b000
3f81b000
3f81b000
3f81b000
3f81b000
3f81b000
3f81b000
3f81b000
3f81b000
3f81b000
3f81b000
3f81b000
3f81b000
3f81b000
3f81b000
3f81b000
3f81b000
3f81b000
3f81b000
3f81b000
3f81b000
3f81b000
3f81b000
3f81b000
3f81b000
3f81b000
3f81b000
3f81b000
3f81b000
3f81b000
3f81b000
3f81b000
3f81b000
3f81b000
3f81b000
3f81b000
3f81b000
3f81b000
3f81b000
3f81b000
3f81b000
3f81b000
3f81b000
3f81b000
3f81b000
3f81b000
3f81b000
3f81b000
3f81b000
3f81b000
3f81b000
3f81b000
3f81b000
3f81b000
3f81b000
3f81b000
3f81b000
3f81b000
3f81b000
3f81b000
3f81b000
3f81b000
3f81b000
3f81b000
3f81b000
3f81b000
3f81b000
3f81b000
3f81b000
3f81b000
3f81b000
3f81b000
3f81b000
3f81b000
3f81b000
3f81b000
3f81b000
3f81b000
3f81b000
3f81b000
3f81b000
3f81b000
3f81b000
3f81b000
3f81b000
3f81b000
3f81b000
3f81b000
3f81b000
3f81b000
3f81b000
3f81b000
3f81b000
3f81b000
3f81b000
3f81b000
3f81b000
3f81b000
3f81b000
3f81b000
3f81b000
3f81b000
3f81b000
3f81b000
3f81b000
3f81b000
3f81b000
3f81b000
3f81b000
3f81b000
3f81b000
3f81b000
3f81b000
3f81b000
3f81b000
3f81b000
3f81b000
3f81b000
3f81b000
3f81b000
3f81b000
3f81b000
3f81b000
3f81b000
3f81b000
3f81b000
3f81b000
3f81b000
3f81b000
3f81b000
3f81b000
3f81b000
3f81b000
3f81b000
3f81b000
3f81b000
3f81b000
3f81b000
3f81b000
3f81b000
3f81b000
3f81b000
3f81b000
3f81b000
3f81b000
3f81b000
3f81b000
3f81b000
3f81b000
3f81b000
3f81b000
3f81b000
3f81b000
3f81b000
3f81b000
3f81b000
3f81b000
3f81b000
3f81b000
3f81b000
3f81b000
3f81b000
3f81b000
3f81b000
3f81b000
3f81b000
3f81b000
3f81b000
3f81b000
3f81b000
3f81b000
3f81b000
3f81b000
3f81b000
3f81b000
3f81b000
3f81b000
3f81b000
3f81b000
3f81b000
3f81b000
3f81b000
3f81b000
3f81b000
3f81b000
3f81b000
3f81b000
3f81b000
3f81b000
3f81b000
3f81b000
3f81b000
3f81b000
3f81b000
3f81b000
3f81b000
3f81b000
3f81b000
3f81b000
3f81b000
3f81b000
3f81b000
3f81b000
3f81b000
3f81b000
3f81b000
3f81b000
3f81b000
3f81b000
3f81b000
3f81b000
3f81b000
3f81b000
3f81b000
3f81b000
3f81b000
3f81b000
3f81b000
3f81b000
3f81b000
3f81b000
3f81b000
3f81b000
3f81b000
3f81b000
3f81b000
3f81b000
3f81b000
3f81b000
3f81b000
3f81b000
3f81b000
3f81b000
3f81b000
3f81b000
3f81b000
3f81b000
3f81b000
3f81b000
3f81b000
3f81b000
3f81b000
3f81b000
3f81b000
3f81b000
3f81b000
3f81b000
3f81b000
3f81b000
3f81b000
3f81b000
3f81b000
3f81b000
3f81b000
3f81b000
3f81b000
3f81b000
3f81b000
3f81b000
3f81b000
3f81b000
3f81b000
3f81b000
3f81b000
3f81b000
3f81b000
3f81b000
3f81b000
3f81b000
3f81b000
3f81b000
3f81b000
3f81b000
3f81b000
3f81b000
3f81b000
3f81b000
3f81b000
3f81b000
3f81b000
3f81b000
3f81b000
3f81b000
3f81b000
3f81b000
3f81b000
3f81b000
3f81b000
3f81b000
3f81b000
3f81b000
3f81b000
3f81b000
3f81b000
3f81b000
3f81b000
3f81b000
3f81b000
3f81b000
3f81b000
3f81b000
3f81b000
3f81b000
3f81b000
3f81b000
3f81b000
3f81b000
3f81b000
3f81b000
3f81b000
3f81b000
3f81b000
3f81b000
3f81b000
3f81b000
3f81b000
3f81b000
3f81b000
3f81b000
3f81b000
3f81b000
3f81b000
3f81b000
3f81b000
3f81b000
3f81b000
3f81b000
3f81b000
3f81b000
3f81b000
3f81b000
3f81b000
3f81b000
3f81b000
3f81b000
3f81b000
3f81b000
3f81b000
3f81b000
3f81b000
3f81b000
3f81b000
3f81b000
3f81b000
3f81b000
3f81b000
3f81b000
3f81b000
3f81b000
3f81b000
3f81b000
3f81b000
3f81b000
3f81b000
3f81b000
3f81b000
3f81b000
3f81b000
3f81b000
3f81b000
3f81b000
3f81b000
3f81b000
3f81b000
3f81b000
3f81b000
3f81b000
3f81b000
3f81b000
3f81b000
3f81b000
3f81b000
3f81b000
3f81b000
3f81b000
3f81b000
3f81b000
3f81b000
3f81b000
3f81b000
3f81b000
3f81b000
3f81b000
3f81b000
3f81b000
3f81b000
3f81b000
3f81b000
3f81b000
3f81b000
3f81b000
3f81b000
3f81b000
3f81b000
3f81b000
3f81b000
3f81b000
3f81b000
3f81b000
3f81b000
3f81b000
3f81b000
3f81b000
3f81b000
3f81b000
3f81b000
3f81b000
3f81b000
3f81b000
3f81b000
3f81b000
3f81b000
3f81b000
3f81b000
3f81b000
3f81b000
3f81b000
3f81b000
3f81b000
3f81b000
3f81b000
3f81b000
3f81b000
3f81b000
3f81b000
3f81b000
3f81b000
3f81b000
3f81b000
3f81b000
3f81b000
3f81b000
3f81b000
3f81b000
3f81b000
3f81b000
3f81b000
3f81b000
3f81b000
3f81b000
3f81b000
3f81b000
3f81b000
3f81b000
3f81b000
3f81b000
3f81b000
3f81b000
3f81b000
3f81b000
3f81b000
3f81b000
3f81b000
3f81b000
3f81b000
3f81b000
3f81b000
3f81b000
3f81b000
3f81b000
3f81b000
3f81b000
3f81b000
3f81b000
3f81b000
3f81b000
3f81b000
3f81b000
3f81b000
3f81b000
3f81b000
3f81b000
3f81b000
3f81b000
3f81b000
3f81b000
3f81b000
3f81b000
3f81b000
3f81b000
3f81b000
3f81b000
3f81b000
3f81b000
3f81b000
3f81b000
3f81b000
3f81b000
3f81b000
3f81b000
3f81b000
3f81b000
3f81b000
3f81b000
3f81b000
3f81b000
3f81b000
3f81b000
3f81b000
3f81b000
3f81b000
3f81b000
3f81b000
3f81b000
3f81b000
3f81b000
3f81b000
3f81b000
3f81b000
3f81b000
3f81b000
3f81b000
3f81b000
3f81b000
3f81b000
3f81b000
3f81b000
3f81b000
3f81b000
3f81b000
3f81b000
3f81b000
3f81b000
3f81b000
3f81b000
3f81b000
3f81b000
3f81b000
3f81b000
3f81b000
3f81b000
3f81b000
3f81b000
3f81b000
3f81b000
3f81b000
3f81b000
3f81b000
3f81b000
3f81b000
3f81b000
3f81b000
3f81b000
3f81b000
3f81b000
3f81b000
3f81b000
3f81b000
3f81b000
3f81b000
3f81b000
3f81b000
3f81b000
3f81b000
3f81b000
3f81b000
3f81b000
3f81b000
3f81b000
3f81b000
3f81b000
3f81b000
3f81b000
3f81b000
3f81b000
3f81b000
3f81b000
3f81b000
3f81b000
3f81b000
3f81b000
3f81b000
3f81b000
3f81b000
3f81b000
3f81b000
3f81b000
3f81b000
3f81b000
3f81b000
3f81b000
3f81b000
3f81b000
3f81b000
3f81b000
3f81b000
3f81b000
3f81b000
3f81b000
3f81b000
3f81b000
3f81b000
3f81b000
3f81b000
3f81b000
3f81b000
3f81b000
3f81b000
3f81b000
3f81b000
3f81b000
3f81b000
3f81b000
3f81b000
3f81b000
3f81b000
3f81b000
3f81b000
3f81b000
3f81b000
3f81b000
3f81b000
3f81b000
3f81b000
3f81b000
3f81b000
3f81b000
3f81b000
3f81b000
3f81b000
3f81b000
3f81b000
3f81b000
3f81b000
3f81b000
3f81b000
3f81b000
3f81b000
3f81b000
3f81b000
3f81b000
3f81b000
3f81b000
3f81b000
3f81b000
3f81b000
3f81b000
3f81b000
3f81b000
3f81b000
3f81b000
3f81b000
3f81b000
3f81b000
3f81b000
3f81b000
3f81b000
3f81b000
3f81b000
3f81b000
3f81b000
3f81b000
3f81b000
3f81b000
3f81b000
3f81b000
3f81b000
3f81b000
3f81b000
3f81b000
3f81b000
3f81b000
3f81b000
3f81b000
3f81b000
3f81b000
3f81b000
3f81b000
3f81b000
3f81b000
3f81b000
3f81b000
3f81b000
3f81b000
3f81b000
3f81b000
3f81b000
3f81b000
3f81b000
3f81b000
3f81b000
3f81b000
3f81b000
3f81b000
3f81b000
3f81b000
3f81b000
3f81b000
3f81b000
3f81b000
3f81b000
3f81b000
3f81b000
3f81b000
3f81b000
3f81b000
3f81b000
3f81b000
3f81b000
3f81b000
3f81b000
3f81b000
3f81b000
3f81b000
3f81b000
3f81b000
3f81b000
3f81b000
3f81b000
3f81b000
3f81b000
3f81b000
3f81b000
3f81b000
3f81b000
3f81b000
3f81b000
3f81b000
3f81b000
3f81b000
3f81b000
3f81b000
3f81b000
3f81b000
3f81b000
3f81b000
3f81b000
3f81b000
3f81b000
3f81b000
3f81b000
3f81b000
3f81b000
3f81b000
3f81b000
3f81b000
3f81b000
3f81b000
3f81b000
3f81b000
3f81b000
3f81b000
3f81b000
3f81b000
3f81b000
3f81b000
3f81b000
3f81b000
3f81b000
3f81b000
3f81b000
3f81b000
3f81b000
3f81b000
3f81b000
3f81b000
3f81b000
3f81b000
3f81b000
3f81b000
3f81b000
3f81b000
3f81b000
3f81b000
3f81b000
3f81b000
3f81b000
3f81b000
3f81b000
3f81b000
3f81b000
3f81b000
3f81b000
3f81b000
3f81b000
3f81b000
3f81b000
3f81b000
3f81b000
3f81b000
3f81b000
3f81b000
3f81b000
3f81b000
3f81b000
3f81b000
3f81b000
3f81b000
3f81b000
3f81b000
3f81b000
3f81b000
3f81b000
3f81b000
3f81b000
3f81b000
3f81b000
3f81b000
3f81b000
3f81b000
3f81b000
3f81b000
3f81b000
3f81b000
3f81b000
3f81b000
3f81b000
3f81b000
3f81b000
3f81b000
3f81b000
3f81b000
3f81b000
3f81b000
3f81b000
3f81b000
3f81b000
3f81b000
3f81b000
3f81b000
3f81b000
3f81b000
3f81b000
3f81b000
3f81b000
3f81b000
3f81b000
3f81b000
3f81b000
3f81b000
3f81b000
3f81b000
3f81b000
3f81b000
3f81b000
3f81b000
3f81b000
3f81b000
3f81b000
3f81b000
3f81b000
3f81b000
3f81b000
3f81b000
3f81b000
3f81b000
3f81b000
3f81b000
3f81b000
3f81b000
3f81b000
3f81b000
3f81b000
3f81b000
3f81b000
3f81b000
3f81b000
3f81b000
3f81b000
3f81b000
3f81b000
3f81b000
3f81b000
3f81b000
3f81b000
3f81b000
3f81b000
3f81b000
3f81b000
3f81b000
3f81b000
3f81b000
3f81b000
3f81b000
3f81b000
3f81b000
3f81b000
3f81b000
3f81b000
3f81b000
3f81b000
3f81b000
3f81b000
3f81b000
3f81b000
3f81b000
3f81b000
3f81b000
3f81b000
3f81b000
3f81b000
3f81b000
3f81b000
3f81b000
3f81b000
3f81b000
3f81b000
3f81b000
3f81b000
3f81b000
3f81b000
3f81b000
3f81b000
3f81b000
3f81b000
3f81b000
3f81b000
3f81b000
3f81b000
3f81b000
3f81b000
3f81b000
3f81b000
3f81b000
3f81b000
3f81b000
3f81b000
3f81b000
3f81b000
3f81b000
3f81b000
3f81b000
3f81b000
3f81b000
3f81b000
3f81b000
3f81b000
3f81b000
3f81b000
3f81b000
3f81b000
3f81b000
3f81b000
3f81b000
3f81b000
3f81b000
3f81b000
3f81b000
3f81b000
3f81b000
3f81b000
3f81b000
3f81b000
3f81b000
3f81b000
3f81b000
3f81b000
3f81b000
3f81b000
3f81b000
3f81b000
3f81b000
3f81b000
3f81b000
3f81b000
3f81b000
3f81b000
3f81b000
3f81b000
3f81b000
3f81b000
3f81b000
3f81b000
3f81b000
3f81b000
3f81b000
3f81b000
3f81b000
3f81b000
3f81b000
3f81b000
3f81b000
3f81b000
3f81b000
3f81b000
3f81b000
3f81b000
3f81b000
3f81b000
3f81b000
3f81b000
3f81b000
3f81b000
3f81b000
3f81b000
3f81b000
3f81b000
3f81b000
3f81b000
3f81b000
3f81b000
3f81b000
3f81b000
3f81b000
3f81b000
3f81b000
3f81b000
3f81b000
3f81b000
3f81b000
3f81b000
3f81b000
3f81b000
3f81b000
3f81b000
3f81b000
3f81b000
3f81b000
3f81b000
3f81b000
3f81b000
3f81b000
3f81b000
3f81b000
3f81b000
3f81b000
3f81b000
3f81b000
3f81b000
3f81b000
3f81b000
3f81b000
3f81b000
3f81b000
3f81b000
3f81b000
3f81b000
3f81b000
3f81b000
3f81b000
3f81b000
3f81b000
3f81b000
3f81b000
3f81b000
3f81b000
3f81b000
3f81b000
3f81b000
3f81b000
3f81b000
3f81b000
3f81b000
3f81b000
3f81b000
3f81b000
3f81b000
3f81b000
3f81b000
3f81b000
3f81b000
3f81b000
3f81b000
3f81b000
3f81b000
3f81b000
3f81b000
3f81b000
3f81b000
3f81b000
3f81b000
3f81b000
3f81b000
3f81b000
3f81b000
3f81b000
3f81b000
3f81b000
3f81b000
3f81b000
3f81b000
3f81b000
3f81b000
3f81b000
3f81b000
3f81b000
3f81b000
3f81b000
3f81b000
3f81b000
3f81b000
3f81b000
3f81b000
3f81b000
3f81b000
3f81b000
3f81b000
3f81b000
3f81b000
3f81b000
3f81b000
3f81b000
3f81b000
3f81b000
3f81b000
3f81b000
3f81b000
3f81b000
3f81b000
3f81b000
3f81b000
3f81b000
3f81b000
3f81b000
3f81b000
3f81b000
3f81b000
3f81b000
3f81b000
3f81b000
3f81b000
3f81b000
3f81b000
3f81b000
3f81b000
3f81b000
3f81b000
3f81b000
3f81b000
3f81b000
3f81b000
3f81b000
3f81b000
3f81b000
3f81b000
3f81b000
3f81b000
3f81b000
3f81b000
3f81b000
3f81b000
3f81b000
3f81b000
3f81b000
3f81b000
3f81b000
3f81b000
3f81b000
3f81b000
3f81b000
3f81b000
3f81b000
3f81b000
3f81b000
3f81b000
3f81b000
3f81b000
3f81b000
3f81b000
3f81b000
3f81b000
3f81b000
3f81b000
3f81b000
3f81b000
3f81b000
3f81b000
3f81b000
3f81b000
3f81b000
3f81b000
3f81b000
3f81b000
3f81b000
3f81b000
3f81b000
3f81b000
3f81b000
3f81b000
3f81b000
3f81b000
3f81b000
3f81b000
3f81b000
3f81b000
3f81b000
3f81b000
3f81b000
3f81b000
3f81b000
3f81b000
3f81b000
3f81b000
3f81b000
3f81b000
3f81b000
3f81b000
3f81b000
3f81b000
3f81b000
3f81b000
3f81b000
3f81b000
3f81b000
3f81b000
3f81b000
3f81b000
3f81b000
3f81b000
3f81b000
3f81b000
3f81b000
3f81b000
3f81b000
3f81b000
3f81b000
3f81b000
3f81b000
3f81b000
3f81b000
3f81b000
3f81b000
3f81b000
3f81b000
3f81b000
3f81b000
3f81b000
3f81b000
3f81b000
3f81b000
3f81b000
3f81b000
3f81b000
3f81b000
3f81b000
3f81b000
3f81b000
3f81b000
3f81b000
3f81b000
3f81b000
3f81b000
3f81b000
3f81b000
3f81b000
3f81b000
3f81b000
3f81b000
3f81b000
3f81b000
3f81b000
3f81b000
3f81b000
3f81b000
3f81b000
3f81b000
3f81b000
3f81b000
3f81b000
3f81b000
3f81b000
3f81b000
3f81b000
3f81b000
3f81b000
3f81b000
3f81b000
3f81b000
3f81b000
3f81b000
3f81b000
3f81b000
3f81b000
3f81b000
3f81b000
3f81b000
3f81b000
3f81b000
3f81b000
3f81b000
3f81b000
3f81b000
3f81b000
3f81b000
3f81b000
3f81b000
3f81b000
3f81b000
3f81b000
3f81b000
3f81b000
3f81b000
3f81b000
3f81b000
3f81b000
3f81b000
3f81b000
3f81b000
3f81b000
3f81b000
3f81b000
3f81b000
3f81b000
3f81b000
3f81b000
3f81b000
3f81b000
3f81b000
3f81b000
3f81b000
3f81b000
3f81b000
3f81b000
3f81b000
3f81b000
3f81b000
3f81b000
3f81b000
3f81b000
3f81b000
3f81b000
3f81b000
3f81b000
3f81b000
3f81b000
3f81b000
3f81b000
3f81b000
3f81b000
3f81b000
3f81b000
3f81b000
3f81b000
3f81b000
3f81b000
3f81b000
3f81b000
3f81b000
3f81b000
3f81b000
3f81b000
3f81b000
3f81b000
3f81b000
3f81b000
3f81b000
3f81b000
3f81b000
3f81b000
3f81b000
3f81b000
3f81b000
3f81b000
3f81b000
3f81b000
3f81b000
3f81b000
3f81b000
3f81b000
3f81b000
3f81b000
3f81b000
3f81b000
3f81b000
3f81b000
3f81b000
3f81b000
3f81b000
3f81b000
3f81b000
3f81b000
3f81b000
3f81b000
3f81b000
3f81b000
3f81b000
3f81b000
3f81b000
3f81b000
3f81b000
3f81b000
3f81b000
3f81b000
3f81b000
3f81b000
3f81b000
3f81b000
3f81b000
3f81b000
3f81b000
3f81b000
3f81b000
3f81b000
3f81b000
3f81b000
3f81b000
3f81b000
3f81b000
3f81b000
3f81b000
3f81b000
3f81b000
3f81b000
3f81b000
3f81b000
3f81b000
3f81b000
3f81b000
3f81b000
3f81b000
3f81b000
3f81b000
3f81b000
3f81b000
3f81b000
3f81b000
3f81b000
3f81b000
3f81b000
3f81b000
3f81b000
3f81b000
3f81b000
3f81b000
3f81b000
3f81b000
3f81b000
3f81b000
3f81b000
3f81b000
3f81b000
3f81b000
3f81b000
3f81b000
3f81b000
3f81b000
3f81b000
3f81b000
3f81b000
3f81b000
3f81b000
3f81b000
3f81b000
3f81b000
3f81b000
3f81b000
3f81b000
3f81b000
3f81b000
3f81b000
3f81b000
3f81b000
3f81b000
3f81b000
3f81b000
3f81b000
3f81b000
3f81b000
3f81b000
3f81b000
3f81b000
3f81b000
3f81b000
3f81b000
3f81b000
3f81b000
3f81b000
3f81b000
3f81b000
3f81b000
3f81b000
3f81b000
3f81b000
3f81b000
3f81b000
3f81b000
3f81b000
3f81b000
3f81b000
3f81b000
3f81b000
3f81b000
3f81b000
3f81b000
3f81b000
3f81b000
3f81b000
3f81b000
3f81b000
3f81b000
3f81b000
3f81b000
3f81b000
3f81b000
3f81b000
3f81b000
3f81b000
3f81b000
3f81b000
3f81b000
3f81b000
3f81b000
3f81b000
3f81b000
3f81b000
3f81b000
3f81b000
3f81b000
3f81b000
3f81b000
3f81b000
3f81b000
3f81b000
3f81b000
3f81b000
3f81b000
3f81b000
3f81b000
3f81b000
3f81b000
3f81b000
3f81b000
3f81b000
3f81b000
3f81b000
3f81b000
3f81b000
3f81b000
3f81b000
3f81b000
3f81b000
3f81b000
3f81b000
3f81b000
3f81b000
3f81b000
3f81b000
3f81b000
3f81b000
3f81b000
3f81b000
3f81b000
3f81b000
3f81b000
3f81b000
3f81b000
3f81b000
3f81b000
3f81b000
3f81b000
3f81b000
3f81b000
3f81b000
3f81b000
3f81b000
3f81b000
3f81b000
3f81b000
3f81b000
3f81b000
3f81b000
3f81b000
3f81b000
3f81b000
3f81b000
3f81b000
3f81b000
3f81b000
3f81b000
3f81b000
3f81b000
3f81b000
3f81b000
3f81b000
3f81b000
3f81b000
3f81b000
3f81b000
3f81b000
3f81b000
3f81b000
3f81b000
3f81b000
3f81b000
3f81b000
3f81b000
3f81b000
3f81b000
3f81b000
3f81b000
3f81b000
3f81b000
3f81b000
3f81b000
3f81b000
3f81b000
3f81b000
3f81b000
3f81b000
3f81b000
3f81b000
3f81b000
3f81b000
3f81b000
3f81b000
3f81b000
3f81b000
3f81b000
3f81b000
3f81b000
3f81b000
3f81b000
3f81b000
3f81b000
3f81b000
3f81b000
3f81b000
3f81b000
3f81b000
3f81b000
3f81b000
3f81b000
3f81b000
3f81b000
3f81b000
3f81b000
3f81b000
3f81b000
3f81b000
3f81b000
3f81b000
3f81b000
3f81b000
3f81b000
3f81b000
3f81b000
3f81b000
3f81b000
3f81b000
3f81b000
3f81b000
3f81b000
3f81b000
3f81b000
3f81b000
3f81b000
3f81b000
3f81b000
3f81b000
3f81b000
3f81b000
3f81b000
3f81b000
3f81b000
3f81b000
3f81b000
3f81b000
3f81b000
3f81b000
3f81b000
3f81b000
3f81b000
3f81b000
3f81b000
3f81b000
3f81b000
3f81b000
3f81b000
3f81b000
3f81b000
3f81b000
3f81b000
3f81b000
3f81b000
3f81b000
3f81b000
3f81b000
3f81b000
3f81b000
3f81b000
3f81b000
3f81b000
3f81b000
3f81b000
3f81b000
3f81b000
3f81b000
3f81b000
3f81b000
3f81b000
3f81b000
3f81b000
3f81b000
3f81b000
3f81b000
3f81b000
3f81b000
3f81b000
3f81b000
3f81b000
3f81b000
3f81b000
3f81b000
3f81b000
3f81b000
3f81b000
3f81b000
3f81b000
3f81b000
3f81b000
3f81b000
3f81b000
3f81b000
3f81b000
3f81b000
3f81b000
3f81b000
3f81b000
3f81b000
3f81b000
3f81b000
3f81b000
3f81b000
3f81b000
3f81b000
3f81b000
3f81b000
3f81b000
3f81b000
3f81b000
3f81b000
3f81b000
3f81b000
3f81b000
3f81b000
3f81b000
3f81b000
3f81b000
3f81b000
3f81b000
3f81b000
3f81b000
3f81b000
3f81b000
3f81b000
3f81b000
3f81b000
3f81b000
3f81b000
3f81b000
3f81b000
3f81b000
3f81b000
3f81b000
3f81b000
3f81b000
3f81b000
3f81b000
3f81b000
3f81b000
3f81b000
3f81b000
3f81b000
3f81b000
3f81b000
3f81b000
3f81b000
3f81b000
3f81b000
3f81b000
3f81b000
3f81b000
3f81b000
3f81b000
3f81b000
3f81b000
3f81b000
3f81b000
3f81b000
3f81b000
3f81b000
3f81b000
3f81b000
3f81b000
3f81b000
3f81b000
3f81b000
3f81b000
3f81b000
3f81b000
3f81b000
3f81b000
3f81b000
3f81b000
3f81b000
3f81b000
3f81b000
3f81b000
3f81b000
3f81b000
3f81b000
3f81b000
3f81b000
3f81b000
3f81b000
3f81b000
3f81b000
3f81b000
3f81b000
3f81b000
3f81b000
3f81b000
3f81b000
3f81b000
3f81b000
3f81b000
3f81b000
3f81b000
3f81b000
3f81b000
3f81b000
3f81b000
3f81b000
3f81b000
3f81b000
3f81b000
3f81b000
3f81b000
3f81b000
3f81b000
3f81b000
3f81b000
3f81b000
3f81b000
3f81b000
3f81b000
3f81b000
3f81b000
3f81b000
3f81b000
3f81b000
3f81b000
3f81b000
3f81b000
3f81b000
3f81b000
3f81b000
3f81b000
3f81b000
3f81b000
3f81b000
3f81b000
3f81b000
3f81b000
3f81b000
3f81b000
3f81b000
3f81b000
3f81b000
3f81b000
3f81b000
3f81b000
3f81b000
3f81b000
3f81b000
3f81b000
3f81b000
3f81b000
3f81b000
3f81b000
3f81b000
3f81b000
3f81b000
3f81b000
3f81b000
3f81b000
3f81b000
3f81b000
3f81b000
3f81b000
3f81b000
3f81b000
3f81b000
3f81b000
3f81b000
3f81b000
3f81b000
3f81b000
3f81b000
3f81b000
3f81b000
3f81b000
3f81b000
3f81b000
3f81b000
3f81b000
3f81b000
3f81b000
3f81b000
3f81b000
3f81b000
3f81b000
3f81b000
3f81b000
3f81b000
3f81b000
3f81b000
3f81b000
3f81b000
3f81b000
3f81b000
3f81b000
3f81b000
3f81b000
3f81b000
3f81b000
3f81b000
3f81b000
3f81b000
3f81b000
3f81b000
3f81b000
3f81b000
3f81b000
3f81b000
3f81b000
3f81b000
3f81b000
3f81b000
3f81b000
3f81b000
3f81b000
3f81b000
3f81b000
3f81b000
3f81b000
3f81b000
3f81b000
3f81b000
3f81b000
3f81b000
3f81b000
3f81b000
3f81b000
3f81b000
3f81b000
3f81b000
3f81b000
3f81b000
3f81b000
3f81b000
3f81b000
3f81b000
3f81b000
3f81b000
3f81b000
3f81b000
3f81b000
3f81b000
3f81b000
3f81b000
3f81b000
3f81b000
3f81b000
3f81b000
3f81b000
3f81b000
3f81b000
3f81b000
3f81b000
3f81b000
3f81b000
3f81b000
3f81b000
3f81b000
3f81b000
3f81b000
3f81b000
3f81b000
3f81b000
3f81b000
3f81b000
3f81b000
3f81b000
3f81b000
3f81b000
3f81b000
3f81b000
3f81b000
3f81b000
3f81b000
3f81b000
3f81b000
3f81b000
3f81b000
3f81b000
3f81b000
3f81b000
3f81b000
3f81b000
3f81b000
3f81b000
3f81b000
3f81b000
3f81b000
3f81b000
3f81b000
3f81b000
3f81b000
3f81b000
3f81b000
3f81b000
3f81b000
3f81b000
3f81b000
3f81b000
3f81b000
3f81b000
3f81b000
3f81b000
3f81b000
3f81b000
3f81b000
3f81b000
3f81b000
3f81b000
3f81b000
3f81b000
3f81b000
3f81b000
3f81b000
3f81b000
3f81b000
3f81b000
3f81b000
3f81b000
3f81b000
3f81b000
3f81b000
3f81b000
3f81b000
3f81b000
3f81b000
3f81b000
3f81b000
3f81b000
3f81b000
3f81b000
3f81b000
3f81b000
3f81b000
3f81b000
3f81b000
3f81b000
3f81b000
3f81b000
3f81b000
3f81b000
3f81b000
3f81b000
3f81b000
3f81b000
3f81b000
3f81b000
3f81b000
3f81b000
3f81b000
3f81b000
3f81b000
3f81b000
3f81b000
3f81b000
3f81b000
3f81b000
3f81b000
3f81b000
3f81b000
3f81b000
3f81b000
3f81b000
3f81b000
3f81b000
3f81b000
3f81b000
3f81b000
3f81b000
3f81b000
3f81b000
3f81b000
3f81b000
3f81b000
3f81b000
3f81b000
3f81b000
3f81b000
3f81b000
3f81b000
3f81b000
3f81b000
3f81b000
3f81b000
3f81b000
3f81b000
3f81b000
3f81b000
3f81b000
3f81b000
3f81b000
3f81b000
3f81b000
3f81b000
3f81b000
3f81b000
3f81b000
3f81b000
3f81b000
3f81b000
3f81b000
3f81b000
3f81b000
3f81b000
3f81b000
3f81b000
3f81b000
3f81b000
3f81b000
3f81b000
3f81b000
3f81b000
3f81b000
3f81b000
3f81b000
3f81b000
3f81b000
3f81b000
3f81b000
3f81b000
3f81b000
3f81b000
3f81b000
3f81b000
3f81b000
3f81b000
3f81b000
3f81b000
3f81b000
3f81b000
3f81b000
3f81b000
3f81b000
3f81b000
3f81b000
3f81b000
3f81b000
3f81b000
3f81b000
3f81b000
3f81b000
3f81b000
3f81b000
3f81b000
3f81b000
3f81b000
3f81b000
3f81b000
3f81b000
3f81b000
3f81b000
3f81b000
3f81b000
3f81b000
3f81b000
3f81b000
3f81b000
3f81b000
3f81b000
3f81b000
3f81b000
3f81b000
3f81b000
3f81b000
3f81b000
3f81b000
3f81b000
3f81b000
3f81b000
3f81b000
3f81b000
3f81b000
3f81b000
3f81b000
3f81b000
3f81b000
3f81b000
3f81b000
3f81b000
3f81b000
3f81b000
3f81b000
3f81b000
3f81b000
3f81b000
3f81b000
3f81b000
3f81b000
3f81b000
3f81b000
3f81b000
3f81b000
3f81b000
3f81b000
3f81b000
3f81b000
3f81b000
3f81b000
3f81b000
3f81b000
3f81b000
3f81b000
3f81b000
3f81b000
3f81b000
3f81b000
3f81b000
3f81b000
3f81b000
3f81b000
3f81b000
3f81b000
3f81b000
3f81b000
3f81b000
3f81b000
3f81b000
3f81b000
3f81b000
3f81b000
3f81b000
3f81b000
3f81b000
3f81b000
3f81b000
3f81b000
3f81b000
3f81b000
3f81b000
3f81b000
3f81b000
3f81b000
3f81b000
3f81b000
3f81b000
3f81b000
3f81b000
3f81b000
3f81b000
3f81b000
3f81b000
3f81b000
3f81b000
3f81b000
3f81b000
3f81b000
3f81b000
3f81b000
3f81b000
3f81b000
3f81b000
3f81b000
3f81b000
3f81b000
3f81b000
3f81b000
3f81b000
3f81b000
3f81b000
3f81b000
3f81b000
3f81b000
3f81b000
3f81b000
3f81b000
3f81b000
3f81b000
3f81b000
3f81b000
3f81b000
3f81b000
3f81b000
3f81b000
3f81b000
3f81b000
3f81b000
3f81b000
3f81b000
3f81b000
3f81b000
3f81b000
3f81b000
3f81b000
3f81b000
3f81b000
3f81b000
3f81b000
3f81b000
3f81b000
3f81b000
3f81b000
3f81b000
3f81b000
3f81b000
3f81b000
3f81b000
3f81b000
3f81b000
3f81b000
3f81b000
3f81b000
3f81b000
3f81b000
3f81b000
3f81b000
3f81b000
3f81b000
3f81b000
3f81b000
3f81b000
3f81b000
3f81b000
3f81b000
3f81b000
3f81b000
3f81b000
3f81b000
3f81b000
3f81b000
3f81b000
3f81b000
3f81b000
3f81b000
3f81b000
3f81b000
3f81b000
3f81b000
3f81b000
3f81b000
3f81b000
3f81b000
3f81b000
3f81b000
3f81b000
3f81b000
3f81b000
3f81b000
3f81b000
3f81b000
3f81b000
3f81b000
3f81b000
3f81b000
3f81b000
3f81b000
3f81b000
3f81b000
3f81b000
3f81b000
3f81b000
3f81b000
3f81b000
3f81b000
3f81b000
3f81b000
3f81b000
3f81b000
3f81b000
3f81b000
3f81b000
3f81b000
3f81b000
3f81b000
3f81b000
3f81b000
3f81b000
3f81b000
3f81b000
3f81b000
3f81b000
3f81b000
3f81b000
3f81b000
3f81b000
3f81b000
3f81b000
3f81b000
3f81b000
3f81b000
3f81b000
3f81b000
3f81b000
3f81b000
3f81b000
3f81b000
3f81b000
3f81b000
3f81b000
3f81b000
3f81b000
3f81b000
3f81b000
3f81b000
3f81b000
3f81b000
3f81b000
3f81b000
3f81b000
3f81b000
3f81b000
3f81b000
3f81b000
3f81b000
3f81b000
3f81b000
3f81b000
3f81b000
3f81b000
3f81b000
3f81b000
3f81b000
3f81b000
3f81b000
3f81b000
3f81b000
3f81b000
3f81b000
3f81b000
3f81b000
3f81b000
3f81b000
3f81b000
3f81b000
3f81b000
3f81b000
3f81b000
3f81b000
3f81b000
3f81b000
3f81b000
3f81b000
3f81b000
3f81b000
3f81b000
3f81b000
3f81b000
3f81b000
3f81b000
3f81b000
3f81b000
3f81b000
3f81b000
3f81b000
3f81b000
3f81b000
3f81b000
3f81b000
3f81b000
3f81b000
3f81b000
3f81b000
3f81b000
3f81b000
3f81b000
3f81b000
3f81b000
3f81b000
3f81b000
3f81b000
3f81b000
3f81b000
3f81b000
3f81b000
3f81b000
3f81b000
3f81b000
3f81b000
3f81b000
3f81b000
3f81b000
3f81b000
3f81b000
3f81b000
3f81b000
3f81b000
3f81b000
3f81b000
3f81b000
3f81b000
3f81b000
3f81b000
3f81b000
3f81b000
3f81b000
3f81b000
3f81b000
3f81b000
3f81b000
3f81b000
3f81b000
3f81b000
3f81b000
3f81b000
3f81b000
3f81b000
3f81b000
3f81b000
3f81b000
3f81b000
3f81b000
3f81b000
3f81b000
3f81b000
3f81b000
3f81b000
3f81b000
3f81b000
3f81b000
3f81b000
3f81b000
3f81b000
3f81b000
3f81b000
3f81b000
3f81b000
3f81b000
3f81b000
3f81b000
3f81b000
3f81b000
3f81b000
3f81b000
3f81b000
3f81b000
3f81b000
3f81b000
3f81b000
3f81b000
3f81b000
3f81b000
3f81b000
3f81b000
3f81b000
3f81b000
3f81b000
3f81b000
3f81b000
3f81b000
3f81b000
3f81b000
3f81b000
3f81b000
3f81b000
3f81b000
3f81b000
3f81b000
3f81b000
3f81b000
3f81b000
3f81b000
3f81b000
3f81b000
3f81b000
3f81b000
3f81b000
3f81b000
3f81b000
3f81b000
3f81b000
3f81b000
3f81b000
3f81b000
3f81b000
3f81b000
3f81b000
3f81b000
3f81b000
3f81b000
3f81b000
3f81b000
3f81b000
3f81b000
3f81b000
3f81b000
3f81b000
3f81b000
3f81b000
3f81b000
3f81b000
3f81b000
3f81b000
3f81b000
3f81b000
3f81b000
3f81b000
3f81b000
3f81b000
3f81b000
3f81b000
3f81b000
3f81b000
3f81b000
3f81b000
3f81b000
3f81b000
3f81b000
3f81b000
3f81b000
3f81b000
3f81b000
3f81b000
3f81b000
3f81b000
3f81b000
3f81b000
3f81b000
3f81b000
3f81b000
3f81b000
3f81b000
3f81b000
3f81b000
3f81b000
3f81b000
3f81b000
3f81b000
3f81b000
3f81b000
3f81b000
3f81b000
3f81b000
3f81b000
3f81b000
3f81b000
3f81b000
3f81b000
3f81b000
3f81b000
3f80a000
3f80a000
3f80a000
3f80a000
3f80a000
3f80a000
3f80a000
3f80a000
3f80a000
3f80a000
3f80a000
3f80a000
3f80a000
3f80a000
3f80a000
3f80a000
3f80a000
3f80a000
3f80a000
3f80a000
3f80a000
3f80a000
3f80a000
3f80a000
3f80a000
3f80a000
3f80a000
3f80a000
3f80a000
3f80a000
3f80a000
3f80a000
3f80a000
3f80a000
3f80a000
3f80a000
3f80a000
3f80a000
3f80a000
3f80a000
3f80a000
3f80a000
3f80a000
3f80a000
3f80a000
3f80a000
3f80a000
3f80a000
3f80a000
3f80a000
3f80a000
3f80a000
3f80a000
3f80a000
3f80a000
3f80a000
3f80a000
3f80a000
3f80a000
3f80a000
3f80a000
3f80a000
3f80a000
3f80a000
3f80a000
3f80a000
3f80a000
3f80a000
3f80a000
3f80a000
3f80a000
3f80a000
3f80a000
3f80a000
3f80a000
3f80a000
3f80a000
3f80a000
3f80a000
3f80a000
3f80a000
3f80a000
3f80a000
3f80a000
3f80a000
3f80a000
3f80a000
3f80a000
3f80a000
3f80a000
3f80a000
3f80a000
3f80a000
3f80a000
3f80a000
3f80a000
3f80a000
3f80a000
3f80a000
3f80a000
3f80a000
3f80a000
3f80a000
3f80a000
3f80a000
3f80a000
3f80a000
3f80a000
3f80a000
3f80a000
3f80a000
3f80a000
3f80a000
3f80a000
3f80a000
3f80a000
3f80a000
3f80a000
3f80a000
3f80a000
3f80a000
3f80a000
3f80a000
3f80a000
3f80a000
3f80a000
3f80a000
3f80a000
3f80a000
3f80a000
3f80a000
3f80a000
3f80a000
3f80a000
3f80a000
3f80a000
3f80a000
3f80a000
3f80a000
3f80a000
3f80a000
3f80a000
3f80a000
3f80a000
3f80a000
3f80a000
3f80a000
3f80a000
3f80a000
3f80a000
3f80a000
3f80a000
3f80a000
3f80a000
3f80a000
3f80a000
3f80a000
3f80a000
3f80a000
3f80a000
3f80a000
3f80a000
3f80a000
3f80a000
3f80a000
3f80a000
3f80a000
3f80a000
3f80a000
3f80a000
3f80a000
3f80a000
3f80a000
3f80a000
3f80a000
3f80a000
3f80a000
3f80a000
3f80a000
3f80a000
3f80a000
3f80a000
3f80a000
3f80a000
3f80a000
3f80a000
3f80a000
3f80a000
3f80a000
3f80a000
3f80a000
3f80a000
3f80a000
3f80a000
3f80a000
3f80a000
3f80a000
3f80a000
3f80a000
3f80a000
3f80a000
3f80a000
3f80a000
3f80a000
3f80a000
3f80a000
3f80a000
3f80a000
3f80a000
3f80a000
3f80a000
3f80a000
3f80a000
3f80a000
3f80a000
3f80a000
3f80a000
3f80a000
3f80a000
3f80a000
3f80a000
3f80a000
3f80a000
3f80a000
3f80a000
3f80a000
3f80a000
3f80a000
3f80a000
3f80a000
3f80a000
3f80a000
3f80a000
3f80a000
3f80a000
3f80a000
3f80a000
3f80a000
3f80a000
3f80a000
3f80a000
3f80a000
3f80a000
3f80a000
3f80a000
3f80a000
3f80a000
3f80a000
3f80a000
3f80a000
3f80a000
3f80a000
3f80a000
3f80a000
3f80a000
3f80a000
3f80a000
3f80a000
3f80a000
3f80a000
3f80a000
3f80a000
3f80a000
3f80a000
3f80a000
3f80a000
3f80a000
3f80a000
3f80a000
3f80a000
3f80a000
3f80a000
3f80a000
3f80a000
3f80a000
3f80a000
3f80a000
3f80a000
3f80a000
3f80a000
3f80a000
3f80a000
3f80a000
3f80a000
3f80a000
3f80a000
3f80a000
3f80a000
3f80a000
3f80a000
3f80a000
3f80a000
3f80a000
3f80a000
3f80a000
3f80a000
3f80a000
3f80a000
3f80a000
3f80a000
3f80a000
3f80a000
3f80a000
3f80a000
3f80a000
3f80a000
3f80a000
3f80a000
3f80a000
3f80a000
3f80a000
3f80a000
3f80a000
3f80a000
3f80a000
3f80a000
3f80a000
3f80a000
3f80a000
3f80a000
3f80a000
3f80a000
3f80a000
3f80a000
3f80a000
3f80a000
3f80a000
3f80a000
3f80a000
3f80a000
3f80a000
3f80a000
3f80a000
3f80a000
3f80a000
3f80a000
3f80a000
3f80a000
3f80a000
3f80a000
3f80a000
3f80a000
3f80a000
3f80a000
3f80a000
3f80a000
3f80a000
3f80a000
3f80a000
3f80a000
3f80a000
3f80a000
3f80a000
3f80a000
3f80a000
3f80a000
3f80a000
3f80a000
3f80a000
3f80a000
3f80a000
3f80a000
3f80a000
3f80a000
3f80a000
3f80a000
3f80a000
3f80a000
3f80a000
3f80a000
3f80a000
3f80a000
3f80a000
3f80a000
3f80a000
3f80a000
3f80a000
3f80a000
3f80a000
3f80a000
3f80a000
3f80a000
3f80a000
3f80a000
3f80a000
3f80a000
3f80a000
3f80a000
3f80a000
3f80a000
3f80a000
3f80a000
3f80a000
3f80a000
3f80a000
3f80a000
3f80a000
3f80a000
3f80a000
3f80a000
3f80a000
3f80a000
3f80a000
3f80a000
3f80a000
3f80a000
3f80a000
3f80a000
3f80a000
3f80a000
3f80a000
3f80a000
3f80a000
3f80a000
3f80a000
3f80a000
3f80a000
3f80a000
3f80a000
3f80a000
3f80a000
3f80a000
3f80a000
3f80a000
3f80a000
3f80a000
3f80a000
3f80a000
3f80a000
3f80a000
3f80a000
3f80a000
3f80a000
3f80a000
3f80a000
3f80a000
3f80a000
3f80a000
3f80a000
3f80a000
3f80a000
3f80a000
3f80a000
3f80a000
3f80a000
3f80a000
3f80a000
3f80a000
3f80a000
3f80a000
3f80a000
3f80a000
3f80a000
3f80a000
3f80a000
3f80a000
3f80a000
3f80a000
3f80a000
3f80a000
3f80a000
3f80a000
3f80a000
3f80a000
3f80a000
3f80a000
3f80a000
3f80a000
3f80a000
3f80a000
3f80a000
3f80a000
3f80a000
3f80a000
3f80a000
3f80a000
3f80a000
3f80a000
3f80a000
3f80a000
3f80a000
3f80a000
3f80a000
3f80a000
3f80a000
3f80a000
3f80a000
3f80a000
3f80a000
3f80a000
3f80a000
3f80a000
3f80a000
3f80a000
3f80a000
3f80a000
3f80a000
3f80a000
3f80a000
3f80a000
3f80a000
3f80a000
3f80a000
3f80a000
3f80a000
3f80a000
3f80a000
3f80a000
3f80a000
3f80a000
3f80a000
3f80a000
3f80a000
3f80a000
3f80a000
3f80a000
3f80a000
3f80a000
3f80a000
3f80a000
3f80a000
3f80a000
3f80a000
3f80a000
3f80a000
3f80a000
3f80a000
3f80a000
3f80a000
3f80a000
3f80a000
3f80a000
3f80a000
3f80a000
3f80a000
3f80a000
3f80a000
3f80a000
3f80a000
3f80a000
3f80a000
3f80a000
3f80a000
3f80a000
3f80a000
3f80a000
3f80a000
3f80a000
3f80a000
3f80a000
3f80a000
3f80a000
3f80a000
3f80a000
3f80a000
3f80a000
3f80a000
3f80a000
3f80a000
3f80a000
3f80a000
3f80a000
3f80a000
3f80a000
3f80a000
3f80a000
3f80a000
3f80a000
3f80a000
3f80a000
3f80a000
3f80a000
3f80a000
3f80a000
3f80a000
3f80a000
3f80a000
3f80a000
3f80a000
3f80a000
3f80a000
3f80a000
3f80a000
3f80a000
3f80a000
3f80a000
3f80a000
3f80a000
3f80a000
3f80a000
3f80a000
3f80a000
3f80a000
3f80a000
3f80a000
3f80a000
3f80a000
3f80a000
3f80a000
3f80a000
3f80a000
3f80a000
3f80a000
3f80a000
3f80a000
3f80a000
3f80a000
3f80a000
3f80a000
3f80a000
3f80a000
3f80a000
3f80a000
3f80a000
3f80a000
3f80a000
3f80a000
3f80a000
3f80a000
3f80a000
3f80a000
3f80a000
3f80a000
3f80a000
3f80a000
3f80a000
3f80a000
3f80a000
3f80a000
3f80a000
3f80a000
3f80a000
3f80a000
3f80a000
3f80a000
3f80a000
3f80a000
3f80a000
3f80a000
3f80a000
3f80a000
3f80a000
3f80a000
3f80a000
3f80a000
3f80a000
3f80a000
3f80a000
3f80a000
3f80a000
3f80a000
3f80a000
3f80a000
3f80a000
3f80a000
3f80a000
3f80a000
3f80a000
3f80a000
3f80a000
3f80a000
3f80a000
3f80a000
3f80a000
3f80a000
3f80a000
3f80a000
3f80a000
3f80a000
3f80a000
3f80a000
3f80a000
3f80a000
3f80a000
3f80a000
3f80a000
3f80a000
3f80a000
3f80a000
3f80a000
3f80a000
3f80a000
3f80a000
3f80a000
3f80a000
3f80a000
3f80a000
3f80a000
3f80a000
3f80a000
3f80a000
3f80a000
3f80a000
3f80a000
3f80a000
3f80a000
3f80a000
3f80a000
3f80a000
3f80a000
3f80a000
3f80a000
3f80a000
3f80a000
3f80a000
3f80a000
3f80a000
3f80a000
3f80a000
3f80a000
3f80a000
3f80a000
3f80a000
3f80a000
3f80a000
3f80a000
3f80a000
3f80a000
3f80a000
3f80a000
3f80a000
3f80a000
3f80a000
3f80a000
3f80a000
3f80a000
3f80a000
3f80a000
3f80a000
3f80a000
3f80a000
3f80a000
3f80a000
3f80a000
3f80a000
3f80a000
3f80a000
3f80a000
3f80a000
3f80a000
3f80a000
3f80a000
3f80a000
3f80a000
3f80a000
3f80a000
3f80a000
3f80a000
3f80a000
3f80a000
3f80a000
3f80a000
3f80a000
3f80a000
3f80a000
3f80a000
3f80a000
3f80a000
3f80a000
3f80a000
3f80a000
3f80a000
3f80a000
3f80a000
3f80a000
3f80a000
3f80a000
3f80a000
3f80a000
3f80a000
3f80a000
3f80a000
3f80a000
3f80a000
3f80a000
3f80a000
3f80a000
3f80a000
3f80a000
3f80a000
3f80a000
3f80a000
3f80a000
3f80a000
3f80a000
3f80a000
3f80a000
3f80a000
3f80a000
3f80a000
3f80a000
3f80a000
3f80a000
3f80a000
3f80a000
3f80a000
3f80a000
3f80a000
3f80a000
3f80a000
3f80a000
3f80a000
3f80a000
3f80a000
3f80a000
3f80a000
3f80a000
3f80a000
3f80a000
3f80a000
3f80a000
3f80a000
3f80a000
3f80a000
3f80a000
3f80a000
3f80a000
3f80a000
3f80a000
3f80a000
3f80a000
3f80a000
3f80a000
3f80a000
3f80a000
3f80a000
3f80a000
3f80a000
3f80a000
3f80a000
3f80a000
3f80a000
3f80a000
3f80a000
3f80a000
3f80a000
3f80a000
3f80a000
3f80a000
3f80a000
3f80a000
3f80a000
3f80a000
3f80a000
3f80a000
3f80a000
3f80a000
3f80a000
3f80a000
3f80a000
3f80a000
3f80a000
3f80a000
3f80a000
3f80a000
3f80a000
3f80a000
3f80a000
3f80a000
3f80a000
3f80a000
3f80a000
3f80a000
3f80a000
3f80a000
3f80a000
3f80a000
3f80a000
3f80a000
3f80a000
3f80a000
3f80a000
3f80a000
3f80a000
3f80a000
3f80a000
3f80a000
3f80a000
3f80a000
3f80a000
3f80a000
3f80a000
3f80a000
3f80a000
3f80a000
3f80a000
3f80a000
3f80a000
3f80a000
3f80a000
3f80a000
3f80a000
3f80a000
3f80a000
3f80a000
3f80a000
3f80a000
3f80a000
3f80a000
3f80a000
3f80a000
3f80a000
3f80a000
3f80a000
3f80a000
3f80a000
3f80a000
3f80a000
3f80a000
3f80a000
3f80a000
3f80a000
3f80a000
3f80a000
3f80a000
3f80a000
3f80a000
3f80a000
3f80a000
3f80a000
3f80a000
3f80a000
3f80a000
3f80a000
3f80a000
3f80a000
3f80a000
3f80a000
3f80a000
3f80a000
3f80a000
3f80a000
3f80a000
3f80a000
3f80a000
3f80a000
3f80a000
3f80a000
3f80a000
3f80a000
3f80a000
3f80a000
3f80a000
3f80a000
3f80a000
3f80a000
3f80a000
3f80a000
3f80a000
3f80a000
3f80a000
3f80a000
3f80a000
3f80a000
3f80a000
3f80a000
3f80a000
3f80a000
3f80a000
3f80a000
3f80a000
3f80a000
3f80a000
3f80a000
3f80a000
3f80a000
3f80a000
3f80a000
3f80a000
3f80a000
3f80a000
3f80a000
3f80a000
3f80a000
3f80a000
3f80a000
3f80a000
3f80a000
3f80a000
3f80a000
3f80a000
3f80a000
3f80a000
3f80a000
3f80a000
3f80a000
3f80a000
3f80a000
3f80a000
3f80a000
3f80a000
3f80a000
3f80a000
3f80a000
3f80a000
3f80a000
3f80a000
3f80a000
3f80a000
3f80a000
3f80a000
3f80a000
3f80a000
3f80a000
3f80a000
3f80a000
3f80a000
3f80a000
3f80a000
3f80a000
3f80a000
3f80a000
3f80a000
3f80a000
3f80a000
3f80a000
3f80a000
3f80a000
3f80a000
3f80a000
3f80a000
3f80a000
3f80a000
3f80a000
3f80a000
3f80a000
3f80a000
3f80a000
3f80a000
3f80a000
3f80a000
3f80a000
3f80a000
3f80a000
3f80a000
3f80a000
3f80a000
3f80a000
3f80a000
3f80a000
3f80a000
3f80a000
3f80a000
3f80a000
3f80a000
3f80a000
3f80a000
3f80a000
3f80a000
3f80a000
3f80a000
3f80a000
3f80a000
3f80a000
3f80a000
3f80a000
3f80a000
3f80a000
3f80a000
3f80a000
3f80a000
3f80a000
3f80a000
3f80a000
3f80a000
3f80a000
3f80a000
3f80a000
3f80a000
3f80a000
3f80a000
3f80a000
3f80a000
3f80a000
3f80a000
3f80a000
3f80a000
3f80a000
3f80a000
3f80a000
3f80a000
3f80a000
3f80a000
3f80a000
3f80a000
3f80a000
3f80a000
3f80a000
3f80a000
3f80a000
3f80a000
3f80a000
3f80a000
3f80a000
3f80a000
3f80a000
3f80a000
3f80a000
3f80a000
3f80a000
3f80a000
3f80a000
3f80a000
3f80a000
3f80a000
3f80a000
3f80a000
3f80a000
3f80a000
3f80a000
3f80a000
3f80a000
3f80a000
3f80a000
3f80a000
3f80a000
3f80a000
3f80a000
3f80a000
3f80a000
3f80a000
3f80a000
3f80a000
3f80a000
3f80a000
3f80a000
3f80a000
3f80a000
3f80a000
3f80a000
3f80a000
3f80a000
3f80a000
3f80a000
3f80a000
3f80a000
3f80a000
3f80a000
3f80a000
3f80a000
3f80a000
3f80a000
3f80a000
3f80a000
3f80a000
3f80a000
3f80a000
3f80a000
3f80a000
3f80a000
3f80a000
3f80a000
3f80a000
3f80a000
3f80a000
3f80a000
3f80a000
3f80a000
3f80a000
3f80a000
3f80a000
3f80a000
3f80a000
3f80a000
3f80a000
3f80a000
3f80a000
3f80a000
3f80a000
3f80a000
3f80a000
3f80a000
3f80a000
3f80a000
3f80a000
3f80a000
3f80a000
3f80a000
3f80a000
3f80a000
3f80a000
3f80a000
3f80a000
3f80a000
3f80a000
3f80a000
3f80a000
3f80a000
3f80a000
3f80a000
3f80a000
3f80a000
3f80a000
3f80a000
3f80a000
3f80a000
3f80a000
3f80a000
3f80a000
3f80a000
3f80a000
3f80a000
3f80a000
3f80a000
3f80a000
3f80a000
3f80a000
3f80a000
3f80a000
3f80a000
3f80a000
3f80a000
3f80a000
3f80a000
3f80a000
3f80a000
3f80a000
3f80a000
3f80a000
3f80a000
3f80a000
3f80a000
3f80a000
3f80a000
3f80a000
3f80a000
3f80a000
3f80a000
3f80a000
3f80a000
3f80a000
3f80a000
3f80a000
3f80a000
3f80a000
3f80a000
3f80a000
3f80a000
3f80a000
3f80a000
3f80a000
3f80a000
3f80a000
3f80a000
3f80a000
3f80a000
3f80a000
3f80a000
3f80a000
3f80a000
3f80a000
3f80a000
3f80a000
3f80a000
3f80a000
3f80a000
3f80a000
3f80a000
3f80a000
3f80a000
3f80a000
3f80a000
3f80a000
3f80a000
3f80a000
3f80a000
3f80a000
3f80a000
3f80a000
3f80a000
3f80a000
3f80a000
3f80a000
3f80a000
3f80a000
3f80a000
3f80a000
3f80a000
3f80a000
3f80a000
3f80a000
3f80a000
3f80a000
3f80a000
3f80a000
3f80a000
3f80a000
3f80a000
3f80a000
3f80a000
3f80a000
3f80a000
3f80a000
3f80a000
3f80a000
3f80a000
3f80a000
3f80a000
3f80a000
3f80a000
3f80a000
3f80a000
3f80a000
3f80a000
3f80a000
3f80a000
3f80a000
3f80a000
3f80a000
3f80a000
3f80a000
3f80a000
3f80a000
3f80a000
3f80a000
3f80a000
3f80a000
3f80a000
3f80a000
3f80a000
3f80a000
3f80a000
3f80a000
3f80a000
3f80a000
3f80a000
3f80a000
3f80a000
3f80a000
3f80a000
3f80a000
3f80a000
3f80a000
3f80a000
3f80a000
3f80a000
3f80a000
3f80a000
3f80a000
3f80a000
3f80a000
3f80a000
3f80a000
3f80a000
3f80a000
3f80a000
3f80a000
3f80a000
3f80a000
3f80a000
3f80a000
3f80a000
3f80a000
3f80a000
3f80a000
3f80a000
3f80a000
3f80a000
3f80a000
3f80a000
3f80a000
3f80a000
3f80a000
3f80a000
3f80a000
3f80a000
3f80a000
3f80a000
3f80a000
3f80a000
3f80a000
3f80a000
3f80a000
3f80a000
3f80a000
3f80a000
3f80a000
3f80a000
3f80a000
3f80a000
3f80a000
3f80a000
3f80a000
3f80a000
3f80a000
3f80a000
3f80a000
3f80a000
3f80a000
3f80a000
3f80a000
3f80a000
3f80a000
3f80a000
3f80a000
3f80a000
3f80a000
3f80a000
3f80a000
3f80a000
3f80a000
3f80a000
3f80a000
3f80a000
3f80a000
3f80a000
3f80a000
3f80a000
3f80a000
3f80a000
3f80a000
3f80a000
3f80a000
3f80a000
3f80a000
3f80a000
3f80a000
3f80a000
3f80a000
3f80a000
3f80a000
3f80a000
3f80a000
3f80a000
3f80a000
3f80a000
3f80a000
3f80a000
3f80a000
3f80a000
3f80a000
3f80a000
3f80a000
3f80a000
3f80a000
3f80a000
3f80a000
3f80a000
3f80a000
3f80a000
3f80a000
3f80a000
3f80a000
3f80a000
3f80a000
3f80a000
3f80a000
3f80a000
3f80a000
3f80a000
3f80a000
3f80a000
3f80a000
3f80a000
3f80a000
3f80a000
3f80a000
3f80a000
3f80a000
3f80a000
3f80a000
3f80a000
3f80a000
3f80a000
3f80a000
3f80a000
3f80a000
3f80a000
3f80a000
3f80a000
3f80a000
3f80a000
3f80a000
3f80a000
3f80a000
3f80a000
3f80a000
3f80a000
3f80a000
3f80a000
3f80a000
3f80a000
3f80a000
3f80a000
3f80a000
3f80a000
3f80a000
3f80a000
3f80a000
3f80a000
3f80a000
3f80a000
3f80a000
3f80a000
3f80a000
3f80a000
3f80a000
3f80a000
3f80a000
3f80a000
3f80a000
3f80a000
3f80a000
3f80a000
3f80a000
3f80a000
3f80a000
3f80a000
3f80a000
3f80a000
3f80a000
3f80a000
3f80a000
3f80a000
3f80a000
3f80a000
3f80a000
3f80a000
3f80a000
3f80a000
3f80a000
3f80a000
3f80a000
3f80a000
3f80a000
3f80a000
3f80a000
3f80a000
3f80a000
3f80a000
3f80a000
3f80a000
3f80a000
3f80a000
3f80a000
3f80a000
3f80a000
3f80a000
3f80a000
3f80a000
3f80a000
3f80a000
3f80a000
3f80a000
3f80a000
3f80a000
3f80a000
3f80a000
3f80a000
3f80a000
3f80a000
3f80a000
3f80a000
3f80a000
3f80a000
3f80a000
3f80a000
3f80a000
3f80a000
3f80a000
3f80a000
3f80a000
3f80a000
3f80a000
3f80a000
3f80a000
3f80a000
3f80a000
3f80a000
3f80a000
3f80a000
3f80a000
3f80a000
3f80a000
3f80a000
3f80a000
3f80a000
3f80a000
3f80a000
3f80a000
3f80a000
3f80a000
3f80a000
3f80a000
3f80a000
3f80a000
3f80a000
3f80a000
3f80a000
3f80a000
3f80a000
3f80a000
3f80a000
3f80a000
3f80a000
3f80a000
3f80a000
3f80a000
3f80a000
3f80a000
3f80a000
3f80a000
3f80a000
3f80a000
3f80a000
3f80a000
3f80a000
3f80a000
3f80a000
3f80a000
3f80a000
3f80a000
3f80a000
3f80a000
3f80a000
3f80a000
3f80a000
3f80a000
3f80a000
3f80a000
3f80a000
3f80a000
3f80a000
3f80a000
3f80a000
3f80a000
3f80a000
3f80a000
3f80a000
3f80a000
3f80a000
3f80a000
3f80a000
3f80a000
3f80a000
3f80a000
3f80a000
3f80a000
3f80a000
3f80a000
3f80a000
3f80a000
3f80a000
3f80a000
3f80a000
3f80a000
3f80a000
3f80a000
3f80a000
3f80a000
3f80a000
3f80a000
3f80a000
3f80a000
3f80a000
3f80a000
3f80a000
3f80a000
3f80a000
3f80a000
3f80a000
3f80a000
3f80a000
3f80a000
3f80a000
3f80a000
3f80a000
3f80a000
3f80a000
3f80a000
3f80a000
3f80a000
3f80a000
3f80a000
3f80a000
3f80a000
3f80a000
3f80a000
3f80a000
3f80a000
3f80a000
3f80a000
3f80a000
3f80a000
3f80a000
3f80a000
3f80a000
3f80a000
3f80a000
3f80a000
3f80a000
3f80a000
3f80a000
3f80a000
3f80a000
3f80a000
3f80a000
3f80a000
3f80a000
3f80a000
3f80a000
3f80a000
3f80a000
3f80a000
3f80a000
3f80a000
3f80a000
3f80a000
3f80a000
3f80a000
3f80a000
3f80a000
3f80a000
3f80a000
3f80a000
3f80a000
3f80a000
3f80a000
3f80a000
3f80a000
3f80a000
3f80a000
3f80a000
3f80a000
3f80a000
3f80a000
3f80a000
3f80a000
3f80a000
3f80a000
3f80a000
3f80a000
3f80a000
3f80a000
3f80a000
3f80a000
3f80a000
3f80a000
3f80a000
3f80a000
3f80a000
3f80a000
3f80a000
3f80a000
3f80a000
3f80a000
3f80a000
3f80a000
3f80a000
3f80a000
3f80a000
3f80a000
3f80a000
3f80a000
3f80a000
3f80a000
3f80a000
3f80a000
3f80a000
3f80a000
3f80a000
3f80a000
3f80a000
3f80a000
3f80a000
3f80a000
3f80a000
3f80a000
3f80a000
3f80a000
3f80a000
3f80a000
3f80a000
3f80a000
3f80a000
3f80a000
3f80a000
3f80a000
3f80a000
3f80a000
3f80a000
3f80a000
3f80a000
3f80a000
3f80a000
3f80a000
3f80a000
3f80a000
3f80a000
3f80a000
3f80a000
3f80a000
3f80a000
3f80a000
3f80a000
3f80a000
3f80a000
3f80a000
3f80a000
3f80a000
3f80a000
3f80a000
3f80a000
3f80a000
3f80a000
3f80a000
3f80a000
3f80a000
3f80a000
3f80a000
3f80a000
3f80a000
3f80a000
3f80a000
3f80a000
3f80a000
3f80a000
3f80a000
3f80a000
3f80a000
3f80a000
3f80a000
3f80a000
3f80a000
3f80a000
3f80a000
3f80a000
3f80a000
3f80a000
3f80a000
3f80a000
3f80a000
3f80a000
3f80a000
3f80a000
3f80a000
3f80a000
3f80a000
3f80a000
3f80a000
3f80a000
3f80a000
3f80a000
3f80a000
3f80a000
3f80a000
3f80a000
3f80a000
3f80a000
3f80a000
3f80a000
3f80a000
3f80a000
3f80a000
3f80a000
3f80a000
3f80a000
3f80a000
3f80a000
3f80a000
3f80a000
3f80a000
3f80a000
3f80a000
3f80a000
3f80a000
3f80a000
3f80a000
3f80a000
3f80a000
3f80a000
3f80a000
3f80a000
3f80a000
3f80a000
3f80a000
3f80a000
3f80a000
3f80a000
3f80a000
3f80a000
3f80a000
3f80a000
3f80a000
3f80a000
3f80a000
3f80a000
3f80a000
3f80a000
3f80a000
3f80a000
3f80a000
3f80a000
3f80a000
3f80a000
3f80a000
3f80a000
3f80a000
3f80a000
3f80a000
3f80a000
3f80a000
3f80a000
3f80a000
3f80a000
3f80a000
3f80a000
3f80a000
3f80a000
3f80a000
3f80a000
3f80a000
3f80a000
3f80a000
3f80a000
3f80a000
3f80a000
3f80a000
3f80a000
3f80a000
3f80a000
3f80a000
3f80a000
3f80a000
3f80a000
3f80a000
3f80a000
3f80a000
3f80a000
3f80a000
3f80a000
3f80a000
3f80a000
3f80a000
3f80a000
3f80a000
3f80a000
3f80a000
3f80a000
3f80a000
3f80a000
3f80a000
3f80a000
3f80a000
3f80a000
3f80a000
3f80a000
3f80a000
3f80a000
3f80a000
3f80a000
3f80a000
3f80a000
3f80a000
3f80a000
3f80a000
3f80a000
3f80a000
3f80a000
3f80a000
3f80a000
3f80a000
3f80a000
3f80a000
3f80a000
3f80a000
3f80a000
3f80a000
3f80a000
3f80a000
3f80a000
3f80a000
3f80a000
3f80a000
3f80a000
3f80a000
3f80a000
3f80a000
3f80a000
3f80a000
3f80a000
3f80a000
3f80a000
3f80a000
3f80a000
3f80a000
3f80a000
3f80a000
3f80a000
3f80a000
3f80a000
3f80a000
3f80a000
3f80a000
3f80a000
3f80a000
3f80a000
3f80a000
3f80a000
3f80a000
3f80a000
3f80a000
3f80a000
3f80a000
3f80a000
3f80a000
3f80a000
3f80a000
3f80a000
3f80a000
3f80a000
3f80a000
3f80a000
3f80a000
3f80a000
3f80a000
3f80a000
3f80a000
3f80a000
3f80a000
3f80a000
3f80a000
3f80a000
3f80a000
3f80a000
3f80a000
3f80a000
3f80a000
3f80a000
3f80a000
3f80a000
3f80a000
3f80a000
3f80a000
3f80a000
3f80a000
3f80a000
3f80a000
3f80a000
3f80a000
3f80a000
3f80a000
3f80a000
3f80a000
3f80a000
3f80a000
3f80a000
3f80a000
3f80a000
3f80a000
3f80a000
3f80a000
3f80a000
3f80a000
3f80a000
3f80a000
3f80a000
3f80a000
3f80a000
3f80a000
3f80a000
3f80a000
3f80a000
3f80a000
3f80a000
3f80a000
3f80a000
3f80a000
3f80a000
3f80a000
3f80a000
3f80a000
3f80a000
3f80a000
3f80a000
3f80a000
3f80a000
3f80a000
3f80a000
3f80a000
3f80a000
3f80a000
3f80a000
3f80a000
3f80a000
3f80a000
3f80a000
3f80a000
3f80a000
3f80a000
3f80a000
3f80a000
3f80a000
3f80a000
3f80a000
3f80a000
3f80a000
3f80a000
3f80a000
3f80a000
3f80a000
3f80a000
3f80a000
3f80a000
3f80a000
3f80a000
3f80a000
3f80a000
3f80a000
3f80a000
3f80a000
3f80a000
3f80a000
3f80a000
3f80a000
3f80a000
3f80a000
3f80a000
3f80a000
3f80a000
3f80a000
3f80a000
3f80a000
3f80a000
3f80a000
3f80a000
3f80a000
3f80a000
3f80a000
3f80a000
3f80a000
3f80a000
3f80a000
3f80a000
3f80a000
3f80a000
3f80a000
3f80a000
3f80a000
3f80a000
3f80a000
3f80a000
3f80a000
3f80a000
3f80a000
3f80a000
3f80a000
3f80a000
3f80a000
3f80a000
3f80a000
3f80a000
3f80a000
3f80a000
3f80a000
3f80a000
3f80a000
3f80a000
3f80a000
3f80a000
3f80a000
3f80a000
3f80a000
3f80a000
3f80a000
3f80a000
3f80a000
3f80a000
3f80a000
3f80a000
3f80a000
3f80a000
3f80a000
3f80a000
3f80a000
3f80a000
3f80a000
3f80a000
3f80a000
3f80a000
3f80a000
3f80a000
3f80a000
3f80a000
3f80a000
3f80a000
3f80a000
3f80a000
3f80a000
3f80a000
3f80a000
3f80a000
3f80a000
3f80a000
3f80a000
3f80a000
3f80a000
3f80a000
3f80a000
3f80a000
3f80a000
3f80a000
3f80a000
3f80a000
3f80a000
3f80a000
3f80a000
3f80a000
3f80a000
3f80a000
3f80a000
3f80a000
3f80a000
3f80a000
3f80a000
3f80a000
3f80a000
3f80a000
3f80a000
3f80a000
3f80a000
3f80a000
3f80a000
3f80a000
3f80a000
3f80a000
3f80a000
3f80a000
3f80a000
3f80a000
3f80a000
3f80a000
3f80a000
3f80a000
3f80a000
3f80a000
3f80a000
3f80a000
3f80a000
3f80a000
3f80a000
3f80a000
3f80a000
3f80a000
3f80a000
3f80a000
3f80a000
3f80a000
3f80a000
3f80a000
3f80a000
3f80a000
3f80a000
3f80a000
3f80a000
3f80a000
3f80a000
3f80a000
3f80a000
3f80a000
3f80a000
3f80a000
3f80a000
3f80a000
3f80a000
3f80a000
3f80a000
3f80a000
3f80a000
3f80a000
3f80a000
3f80a000
3f80a000
3f80a000
3f80a000
3f80a000
3f80a000
3f80a000
3f80a000
3f80a000
3f80a000
3f80a000
3f80a000
3f80a000
3f80a000
3f80a000
3f80a000
3f80a000
3f80a000
3f80a000
3f80a000
3f80a000
3f80a000
3f80a000
3f80a000
3f80a000
3f80a000
3f80a000
3f80a000
3f80a000
3f80a000
3f80a000
3f80a000
3f80a000
3f80a000
3f80a000
3f80a000
3f80a000
3f80a000
3f80a000
3f80a000
3f80a000
3f80a000
3f80a000
3f80a000
3f80a000
3f80a000
3f80a000
3f80a000
3f80a000
3f80a000
3f80a000
3f80a000
3f80a000
3f80a000
3f80a000
3f80a000
3f80a000
3f80a000
3f80a000
3f80a000
3f80a000
3f80a000
3f80a000
3f80a000
3f80a000
3f80a000
3f80a000
3f80a000
3f80a000
3f80a000
3f80a000
3f80a000
3f80a000
3f80a000
3f80a000
3f80a000
3f80a000
3f80a000
3f80a000
3f80a000
3f80a000
3f80a000
3f80a000
3f80a000
3f80a000
3f80a000
3f80a000
3f80a000
3f80a000
3f80a000
3f80a000
3f80a000
3f80a000
3f80a000
3f80a000
3f80a000
3f80a000
3f80a000
3f80a000
3f80a000
3f80a000
3f80a000
3f80a000
3f80a000
3f80a000
3f80a000
3f80a000
3f80a000
3f80a000
3f80a000
3f80a000
3f80a000
3f80a000
3f80a000
3f80a000
3f80a000
3f80a000
3f80a000
3f80a000
3f80a000
3f80a000
3f80a000
3f80a000
3f80a000
3f80a000
3f80a000
3f80a000
3f80a000
3f80a000
3f80a000
3f80a000
3f80a000
3f80a000
3f80a000
3f80a000
3f80a000
3f80a000
3f80a000
3f80a000
3f80a000
3f80a000
3f80a000
3f80a000
3f80a000
3f80a000
3f80a000
3f80a000
3f80a000
3f80a000
3f80a000
3f80a000
3f80a000
3f80a000
3f80a000
3f80a000
3f80a000
3f80a000
3f80a000
3f80a000
3f80a000
3f80a000
3f80a000
3f80a000
3f80a000
3f80a000
3f80a000
3f80a000
3f80a000
3f80a000
3f80a000
3f80a000
3f80a000
3f80a000
3f80a000
3f80a000
3f80a000
3f80a000
3f80a000
3f80a000
3f80a000
3f80a000
3f80a000
3f80a000
3f80a000
3f80a000
3f80a000
3f80a000
3f80a000
3f80a000
3f80a000
3f80a000
3f80a000
3f80a000
3f80a000
3f80a000
3f80a000
3f80a000
3f80a000
3f80a000
3f80a000
3f80a000
3f80a000
3f80a000
3f80a000
3f80a000
3f80a000
3f80a000
3f80a000
3f80a000
3f80a000
3f80a000
3f80a000
3f80a000
3f80a000
3f80a000
3f80a000
3f80a000
3f80a000
3f80a000
3f80a000
3f80a000
3f80a000
3f80a000
3f80a000
3f80a000
3f80a000
3f80a000
3f80a000
3f80a000
3f80a000
3f80a000
3f80a000
3f80a000
3f80a000
3f80a000
3f80a000
3f80a000
3f80a000
3f80a000
3f80a000
3f80a000
3f80a000
3f80a000
3f80a000
3f80a000
3f80a000
3f80a000
3f80a000
3f80a000
3f80a000
3f80a000
3f80a000
3f80a000
3f80a000
3f80a000
3f80a000
3f80a000
3f80a000
3f80a000
3f80a000
3f80a000
3f80a000
3f80a000
3f80a000
3f80a000
3f80a000
3f80a000
3f80a000
3f80a000
3f80a000
3f80a000
3f80a000
3f80a000
3f80a000
3f80a000
3f80a000
3f80a000
3f80a000
3f80a000
3f80a000
3f80a000
3f80a000
3f80a000
3f80a000
3f80a000
3f80a000
3f80a000
3f80a000
3f80a000
3f80a000
3f80a000
3f80a000
3f80a000
3f80a000
3f80a000
3f80a000
3f80a000
3f80a000
3f80a000
3f80a000
3f80a000
3f80a000
3f80a000
3f80a000
3f80a000
3f80a000
3f80a000
3f80a000
3f80a000
3f80a000
3f80a000
3f80a000
3f80a000
3f80a000
3f80a000
3f80a000
3f80a000
3f80a000
3f80a000
3f80a000
3f80a000
3f80a000
3f80a000
3f80a000
3f80a000
3f80a000
3f80a000
3f80a000
3f80a000
3f80a000
3f80a000
3f80a000
3f80a000
3f80a000
3f80a000
3f80a000
3f80a000
3f80a000
3f80a000
3f80a000
3f80a000
3f80a000
3f80a000
3f80a000
3f80a000
3f80a000
3f80a000
3f80a000
3f80a000
3f80a000
3f80a000
3f80a000
3f80a000
3f80a000
3f80a000
3f80a000
3f80a000
3f80a000
3f80a000
3f80a000
3f80a000
3f80a000
3f80a000
3f80a000
3f80a000
3f80a000
3f80a000
3f80a000
3f80a000
3f80a000
3f80a000
3f80a000
3f80a000
3f80a000
3f80a000
3f80a000
3f80a000
3f80a000
3f80a000
3f80a000
3f80a000
3f80a000
3f80a000
3f80a000
3f80a000
3f80a000
3f80a000
3f80a000
3f80a000
3f80a000
3f80a000
3f80a000
3f80a000
3f80a000
3f80a000
3f80a000
3f80a000
3f80a000
3f80a000
3f80a000
3f80a000
3f80a000
3f80a000
3f80a000
3f80a000
3f80a000
3f80a000
3f80a000
3f80a000
3f80a000
3f80a000
3f80a000
3f80a000
3f80a000
3f80a000
3f80a000
3f80a000
3f80a000
3f80a000
3f80a000
3f80a000
3f80a000
3f80a000
3f80a000
3f80a000
3f80a000
3f80a000
3f80a000
3f80a000
3f80a000
3f80a000
3f80a000
3f80a000
3f80a000
3f80a000
3f80a000
3f80a000
3f80a000
3f80a000
3f80a000
3f80a000
3f80a000
3f80a000
3f80a000
3f80a000
3f80a000
3f80a000
3f80a000
3f80a000
3f80a000
3f80a000
3f80a000
3f80a000
3f80a000
3f80a000
3f80a000
3f80a000
3f80a000
3f80a000
3f80a000
3f80a000
3f80a000
3f80a000
3f80a000
3f80a000
3f80a000
3f80a000
3f80a000
3f80a000
3f80a000
3f80a000
3f80a000
3f80a000
3f80a000
3f80a000
3f80a000
3f80a000
3f80a000
3f80a000
3f80a000
3f80a000
3f80a000
3f80a000
3f80a000
3f80a000
3f80a000
3f80a000
3f80a000
3f80a000
3f80a000
3f80a000
3f80a000
3f80a000
3f80a000
3f80a000
3f80a000
3f80a000
3f80a000
3f80a000
3f80a000
3f80a000
3f80a000
3f80a000
3f80a000
3f80a000
3f80a000
3f80a000
3f80a000
3f80a000
3f80a000
3f80a000
3f80a000
3f80a000
3f80a000
3f80a000
3f80a000
3f80a000
3f80a000
3f80a000
3f80a000
3f80a000
3f80a000
3f80a000
3f80a000
3f80a000
3f80a000
3f80a000
3f80a000
3f80a000
3f80a000
3f80a000
3f80a000
3f80a000
3f80a000
3f80a000
3f80a000
3f80a000
3f80a000
3f80a000
3f80a000
3f80a000
3f80a000
3f80a000
3f80a000
3f80a000
3f80a000
3f80a000
3f80a000
3f80a000
3f80a000
3f80a000
3f80a000
3f80a000
3f80a000
3f80a000
3f80a000
3f80a000
3f80a000
3f80a000
3f80a000
3f80a000
3f80a000
3f80a000
3f80a000
3f80a000
3f80a000
3f80a000
3f80a000
3f80a000
3f80a000
3f80a000
3f80a000
3f80a000
3f80a000
3f80a000
3f80a000
3f80a000
3f80a000
3f80a000
3f80a000
3f80a000
3f80a000
3f80a000
3f80a000
3f80a000
3f80a000
3f80a000
3f80a000
3f80a000
3f80a000
3f80a000
3f80a000
3f80a000
3f80a000
3f80a000
3f80a000
3f80a000
3f80a000
3f80a000
3f80a000
3f80a000
3f80a000
3f80a000
3f80a000
3f80a000
3f80a000
3f80a000
3f80a000
3f80a000
3f80a000
3f80a000
3f80a000
3f80a000
3f80a000
3f80a000
3f80a000
3f80a000
3f80a000
3f80a000
3f80a000
3f80a000
3f80a000
3f80a000
3f80a000
3f80a000
3f80a000
3f80a000
3f80a000
3f80a000
3f80a000
3f80a000
3f80a000
3f80a000
3f80a000
3f80a000
3f80a000
3f80a000
3f80a000
3f80a000
3f80a000
3f80a000
3f80a000
3f80a000
3f80a000
3f80a000
3f80a000
3f80a000
3f80a000
3f80a000
3f80a000
3f80a000
3f80a000
3f80a000
3f80a000
3f80a000
3f80a000
3f80a000
3f80a000
3f80a000
3f80a000
3f80a000
3f80a000
3f80a000
3f80a000
3f80a000
3f80a000
3f80a000
3f80a000
3f80a000
3f80a000
3f80a000
3f80a000
3f80a000
3f80a000
3f80a000
3f80a000
3f80a000
3f80a000
3f80a000
3f80a000
3f80a000
3f80a000
3f80a000
3f80a000
3f80a000
3f80a000
3f80a000
3f80a000
3f80a000
3f80a000
3f80a000
3f80a000
3f80a000
3f80a000
3f80a000
3f80a000
3f80a000
3f80a000
3f80a000
3f80a000
3f80a000
3f80a000
3f80a000
3f80a000
3f80a000
3f80a000
3f80a000
3f80a000
3f80a000
3f80a000
3f80a000
3f80a000
3f80a000
3f80a000
3f80a000
3f80a000
3f80a000
3f80a000
3f80a000
3f80a000
3f80a000
3f80a000
3f80a000
3f80a000
3f80a000
3f80a000
3f80a000
3f80a000
3f80a000
3f80a000
3f80a000
3f80a000
3f80a000
3f80a000
3f80a000
3f80a000
3f80a000
3f80a000
3f80a000
3f80a000
3f80a000
3f80a000
3f80a000
3f80a000
3f80a000
3f80a000
3f80a000
3f80a000
3f80a000
3f80a000
3f80a000
3f80a000
3f80a000
3f80a000
3f80a000
3f80a000
3f80a000
3f80a000
3f80a000
3f80a000
3f80a000
3f80a000
3f80a000
3f80a000
3f80a000
3f80a000
3f80a000
3f80a000
3f80a000
3f80a000
3f80a000
3f80a000
3f80a000
3f80a000
3f80a000
3f80a000
3f80a000
3f80a000
3f80a000
3f80a000
3f80a000
3f80a000
3f80a000
3f80a000
3f80a000
3f80a000
3f80a000
3f80a000
3f80a000
3f80a000
3f80a000
3f80a000
3f80a000
3f80a000
3f80a000
3f80a000
3f80a000
3f80a000
3f80a000
3f80a000
3f80a000
3f80a000
3f80a000
3f80a000
3f80a000
3f80a000
3f80a000
3f80a000
3f80a000
3f80a000
3f80a000
3f80a000
3f80a000
3f80a000
3f80a000
3f80a000
3f80a000
3f80a000
3f80a000
3f80a000
3f80a000
3f80a000
3f80a000
3f80a000
3f80a000
3f80a000
3f80a000
3f80a000
3f80a000
3f80a000
3f80a000
3f80a000
3f80a000
3f80a000
3f80a000
3f80a000
3f80a000
3f80a000
3f80a000
3f80a000
3f80a000
3f80a000
3f80a000
3f80a000
3f80a000
3f80a000
3f80a000
3f80a000
3f80a000
3f80a000
3f80a000
3f80a000
3f80a000
3f80a000
3f80a000
3f80a000
3f80a000
3f80a000
3f80a000
3f80a000
3f80a000
3f80a000
3f80a000
3f80a000
3f80a000
3f80a000
3f80a000
3f80a000
3f80a000
3f80a000
3f80a000
3f80a000
3f80a000
3f80a000
3f80a000
3f80a000
3f80a000
3f80a000
3f80a000
3f80a000
3f80a000
3f80a000
3f80a000
3f80a000
3f80a000
3f80a000
3f80a000
3f80a000
3f80a000
3f80a000
3f80a000
3f80a000
3f80a000
3f80a000
3f80a000
3f80a000
3f80a000
3f80a000
3f80a000
3f80a000
3f80a000
3f80a000
3f80a000
3f80a000
3f80a000
3f80a000
3f80a000
3f80a000
3f80a000
3f80a000
3f80a000
3f80a000
3f80a000
3f80a000
3f80a000
3f80a000
3f80a000
3f80a000
3f80a000
3f80a000
3f80a000
3f80a000
3f80a000
3f80a000
3f80a000
3f80a000
3f80a000
3f80a000
3f80a000
3f80a000
3f80a000
3f80a000
3f80a000
3f80a000
3f80a000
3f80a000
3f80a000
3f80a000
3f80a000
3f80a000
3f80a000
3f80a000
3f80a000
3f80a000
3f80a000
3f80a000
3f80a000
3f80a000
3f80a000
3f80a000
3f80a000
3f80a000
3f80a000
3f80a000
3f80a000
3f80a000
3f80a000
3f80a000
3f80a000
3f80a000
3f80a000
3f80a000
3f80a000
3f80a000
3f80a000
3f80a000
3f80a000
3f80a000
3f80a000
3f80a000
3f80a000
3f80a000
3f80a000
3f80a000
3f80a000
3f80a000
3f80a000
3f80a000
3f80a000
3f80a000
3f80a000
3f80a000
3f80a000
3f80a000
3f80a000
3f80a000
3f80a000
3f80a000
3f80a000
3f80a000
3f80a000
3f80a000
3f80a000
3f80a000
3f80a000
3f80a000
3f80a000
3f80a000
3f80a000
3f80a000
3f80a000
3f80a000
3f80a000
3f80a000
3f80a000
3f80a000
3f80a000
3f80a000
3f80a000
3f80a000
3f80a000
3f80a000
3f80a000
3f80a000
3f80a000
3f80a000
3f80a000
3f80a000
3f80a000
3f80a000
3f80a000
3f80a000
3f80a000
3f80a000
3f80a000
3f80a000
3f80a000
3f80a000
3f80a000
3f80a000
3f80a000
3f80a000
3f80a000
3f80a000
3f80a000
3f80a000
3f80a000
3f80a000
3f80a000
3f80a000
3f80a000
3f80a000
3f80a000
3f80a000
3f80a000
3f80a000
3f80a000
3f80a000
3f80a000
3f80a000
3f80a000
3f80a000
3f80a000
3f80a000
3f80a000
3f80a000
3f80a000
3f80a000
3f80a000
3f80a000
3f80a000
3f80a000
3f80a000
3f80a000
3f80a000
3f80a000
3f80a000
3f80a000
3f80a000
3f80a000
3f80a000
3f80a000
3f80a000
3f80a000
3f80a000
3f80a000
3f80a000
3f80a000
3f80a000
3f80a000
3f80a000
3f80a000
3f80a000
3f80a000
3f80a000
3f80a000
3f80a000
3f80a000
3f80a000
3f80a000
3f80a000
3f80a000
3f80a000
3f80a000
3f80a000
3f80a000
3f80a000
3f80a000
3f80a000
3f80a000
3f80a000
3f80a000
3f80a000
3f80a000
3f80a000
3f80a000
3f80a000
3f80a000
3f80a000
3f80a000
3f80a000
3f80a000
3f80a000
3f80a000
3f80a000
3f80a000
3f80a000
3f80a000
3f80a000
3f80a000
3f80a000
3f80a000
3f80a000
3f80a000
3f80a000
3f80a000
3f80a000
3f80a000
3f80a000
3f80a000
3f80a000
3f80a000
3f80a000
3f80a000
3f80a000
3f80a000
3f80a000
3f80a000
3f80a000
3f80a000
3f80a000
3f80a000
3f80a000
3f80a000
3f80a000
3f80a000
3f80a000
3f80a000
3f80a000
3f80a000
3f80a000
3f80a000
3f80a000
3f80a000
3f80a000
3f80a000
3f80a000
3f80a000
3f80a000
3f80a000
3f80a000
3f80a000
3f80a000
3f80a000
3f80a000
3f80a000
3f80a000
3f80a000
3f80a000
3f80a000
3f80a000
3f80a000
3f80a000
3f80a000
3f80a000
3f80a000
3f80a000
3f80a000
3f80a000
3f80a000
3f80a000
3f80a000
3f80a000
3f80a000
3f80a000
3f80a000
3f80a000
3f80a000
3f80a000
3f80a000
3f80a000
3f80a000
3f80a000
3f80a000
3f80a000
3f80a000
3f80a000
3f80a000
3f80a000
3f80a000
3f80a000
3f80a000
3f80a000
3f80a000
3f80a000
3f80a000
3f80a000
3f80a000
3f80a000
3f80a000
3f80a000
3f80a000
3f80a000
3f80a000
3f80a000
3f80a000
3f80a000
3f80a000
3f80a000
3f80a000
3f80a000
3f80a000
3f80a000
3f80a000
3f80a000
3f80a000
3f80a000
3f80a000
3f80a000
3f80a000
3f80a000
3f80a000
3f80a000
3f80a000
3f80a000
3f80a000
3f80a000
3f80a000
3f80a000
3f80a000
3f80a000
3f80a000
3f80a000
3f80a000
3f80a000
3f80a000
3f80a000
3f80a000
3f80a000
3f80a000
3f80a000
3f80a000
3f80a000
3f80a000
3f80a000
3f80a000
3f80a000
3f80a000
3f80a000
3f80a000
3f80a000
3f80a000
3f80a000
3f80a000
3f80a000
3f80a000
3f80a000
3f80a000
3f80a000
3f80a000
3f80a000
3f80a000
3f80a000
3f80a000
3f80a000
3f80a000
3f80a000
3f80a000
3f80a000
3f80a000
3f80a000
3f80a000
3f80a000
3f80a000
3f80a000
3f80a000
3f80a000
3f80a000
3f80a000
3f80a000
3f80a000
3f80a000
3f80a000
3f80a000
3f80a000
3f80a000
3f80a000
3f80a000
3f80a000
3f80a000
3f80a000
3f80a000
3f80a000
3f80a000
3f80a000
3f80a000
3f80a000
3f80a000
3f80a000
3f80a000
3f80a000
3f80a000
3f80a000
3f80a000
3f80a000
3f80a000
3f80a000
3f80a000
3f80a000
3f80a000
3f80a000
3f80a000
3f80a000
3f80a000
3f80a000
3f80a000
3f80a000
3f80a000
3f80a000
3f80a000
3f80a000
3f80a000
3f80a000
3f80a000
3f80a000
3f80a000
3f80a000
3f80a000
3f80a000
3f80a000
3f80a000
3f80a000
3f80a000
3f80a000
3f80a000
3f80a000
3f80a000
3f80a000
3f80a000
3f80a000
3f80a000
3f80a000
3f80a000
3f80a000
3f80a000
3f80a000
3f80a000
3f80a000
3f80a000
3f80a000
3f80a000
3f80a000
3f80a000
3f80a000
3f80a000
3f80a000
3f80a000
3f80a000
3f80a000
3f80a000
3f80a000
3f80a000
3f80a000
3f80a000
3f80a000
3f80a000
3f80a000
3f80a000
3f80a000
3f80a000
3f80a000
3f80a000
3f80a000
3f80a000
3f80a000
3f80a000
3f80a000
3f80a000
3f80a000
3f80a000
3f80a000
3f80a000
3f80a000
3f80a000
3f80a000
3f80a000
3f80a000
3f80a000
3f80a000
3f80a000
3f80a000
3f80a000
3f80a000
3f80a000
3f80a000
3f80a000
3f80a000
3f80a000
3f80a000
3f80a000
3f80a000
3f80a000
3f80a000
3f80a000
3f80a000
3f80a000
3f80a000
3f80a000
3f80a000
3f80a000
3f80a000
3f80a000
3f80a000
3f80a000
3f80a000
3f80a000
3f80a000
3f80a000
3f80a000
3f80a000
3f80a000
3f80a000
3f80a000
3f80a000
3f80a000
3f80a000
3f80a000
3f80a000
3f80a000
3f80a000
3f80a000
3f80a000
3f80a000
3f80a000
3f80a000
3f80a000
3f80a000
3f80a000
3f80a000
3f80a000
3f80a000
3f80a000
3f80a000
3f80a000
3f80a000
3f80a000
3f80a000
3f80a000
3f80a000
3f80a000
3f80a000
3f80a000
3f80a000
3f80a000
3f80a000
3f80a000
3f80a000
3f80a000
3f80a000
3f80a000
3f80a000
3f80a000
3f80a000
3f80a000
3f80a000
3f80a000
3f80a000
3f80a000
3f80a000
3f80a000
3f80a000
3f80a000
3f80a000
3f80a000
3f80a000
3f80a000
3f80a000
3f80a000
3f80a000
3f80a000
3f80a000
3f80a000
3f80a000
3f80a000
3f80a000
3f80a000
3f80a000
3f80a000
3f80a000
3f80a000
3f80a000
3f80a000
3f80a000
3f80a000
3f80a000
3f80a000
3f80a000
3f80a000
3f80a000
3f80a000
3f80a000
3f80a000
3f80a000
3f80a000
3f80a000
3f80a000
3f80a000
3f80a000
3f80a000
3f80a000
3f80a000
3f80a000
3f80a000
3f80a000
3f80a000
3f80a000
3f80a000
3f80a000
3f80a000
3f80a000
3f80a000
3f80a000
3f80a000
3f80a000
3f80a000
3f80a000
3f80a000
3f80a000
3f80a000
3f80a000
3f80a000
3f80a000
3f80a000
3f80a000
3f80a000
3f80a000
3f80a000
3f80a000
3f80a000
3f80a000
3f80a000
3f80a000
3f80a000
3f80a000
3f80a000
3f80a000
3f80a000
3f80a000
3f80a000
3f80a000
3f80a000
3f80a000
3f80a000
3f80a000
3f80a000
3f80a000
3f80a000
3f80a000
3f80a000
3f80a000
3f80a000
3f80a000
3f80a000
3f80a000
3f80a000
3f80a000
3f80a000
3f80a000
3f80a000
3f80a000
3f80a000
3f80a000
3f80a000
3f80a000
3f80a000
3f80a000
3f80a000
3f80a000
3f80a000
3f80a000
3f80a000
3f80a000
3f80a000
3f80a000
3f80a000
3f80a000
3f80a000
3f80a000
3f80a000
3f80a000
3f80a000
3f80a000
3f80a000
3f80a000
3f80a000
3f80a000
3f80a000
3f80a000
3f80a000
3f80a000
3f80a000
3f80a000
3f80a000
3f80a000
3f80a000
3f80a000
3f80a000
3f80a000
3f80a000
3f80a000
3f80a000
3f80a000
3f80a000
3f80a000
3f80a000
3f80a000
3f80a000
3f80a000
3f80a000
3f80a000
3f80a000
3f80a000
3f80a000
3f80a000
3f80a000
3f80a000
3f80a000
3f80a000
3f80a000
3f80a000
3f80a000
3f80a000
3f80a000
3f80a000
3f80a000
3f80a000
3f80a000
3f80a000
3f80a000
3f80a000
3f80a000
3f80a000
3f80a000
3f80a000
3f80a000
3f80a000
3f80a000
3f80a000
3f80a000
3f80a000
3f80a000
3f80a000
3f80a000
3f80a000
3f80a000
3f80a000
3f80a000
3f80a000
3f80a000
3f80a000
3f80a000
3f80a000
3f80a000
3f80a000
3f80a000
3f80a000
3f80a000
3f80a000
3f80a000
3f80a000
3f80a000
3f80a000
3f80a000
3f80a000
3f80a000
3f80a000
3f80a000
3f80a000
3f80a000
3f80a000
3f80a000
3f80a000
3f80a000
3f80a000
3f80a000
3f80a000
3f80a000
3f80a000
3f80a000
3f80a000
3f80a000
3f80a000
3f80a000
3f80a000
3f80a000
3f80a000
3f80a000
3f80a000
3f80a000
3f80a000
3f80a000
3f80a000
3f80a000
3f80a000
3f80a000
3f80a000
3f80a000
3f80a000
3f80a000
3f80a000
3f80a000
3f80a000
3f80a000
3f80a000
3f80a000
3f80a000
3f80a000
3f80a000
3f80a000
3f80a000
3f80a000
3f80a000
3f80a000
3f80a000
3f80a000
3f80a000
3f80a000
3f80a000
3f80a000
3f80a000
3f80a000
3f80a000
3f80a000
3f80a000
3f80a000
3f80a000
3f80a000
3f80a000
3f80a000
3f80a000
3f80a000
3f80a000
3f80a000
3f80a000
3f80a000
3f80a000
3f80a000
3f80a000
3f80a000
3f80a000
3f80a000
3f80a000
3f80a000
3f80a000
3f80a000
3f80a000
3f80a000
3f80a000
3f80a000
3f80a000
3f80a000
3f80a000
3f80a000
3f80a000
3f80a000
3f80a000
3f80a000
3f80a000
3f80a000
3f80a000
3f80a000
3f80a000
3f80a000
3f80a000
3f80a000
3f80a000
3f80a000
3f80a000
3f80a000
3f80a000
3f80a000
3f80a000
3f80a000
3f80a000
3f80a000
3f80a000
3f80a000
3f80a000
3f80a000
3f80a000
3f80a000
3f80a000
3f80a000
3f80a000
3f80a000
3f80a000
3f80a000
3f80a000
3f80a000
3f80a000
3f80a000
3f80a000
3f80a000
3f80a000
3f80a000
3f80a000
3f80a000
3f80a000
3f80a000
3f80a000
3f80a000
3f80a000
3f80a000
3f80a000
3f80a000
3f80a000
3f80a000
3f80a000
3f80a000
3f80a000
3f80a000
3f80a000
3f80a000
3f80a000
3f80a000
3f80a000
3f80a000
3f80a000
3f80a000
3f80a000
3f80a000
3f80a000
3f80a000
3f80a000
3f80a000
3f80a000
3f80a000
3f80a000
3f80a000
3f80a000
3f80a000
3f80a000
3f80a000
3f80a000
3f80a000
3f80a000
3f80a000
3f80a000
3f80a000
3f80a000
3f80a000
3f80a000
3f80a000
3f80a000
3f80a000
3f80a000
3f80a000
3f80a000
3f80a000
3f80a000
3f80a000
3f80a000
3f80a000
3f80a000
3f80a000
3f80a000
3f80a000
3f80a000
3f80a000
3f80a000
3f80a000
3f80a000
3f80a000
3f80a000
3f80a000
3f80a000
3f80a000
3f80a000
3f80a000
3f80a000
3f80a000
3f80a000
3f80a000
3f80a000
3f80a000
3f80a000
3f80a000
3f80a000
3f80a000
3f80a000
3f80a000
3f80a000
3f80a000
3f80a000
3f80a000
3f80a000
3f80a000
3f80a000
3f80a000
3f80a000
3f80a000
3f80a000
3f80a000
3f80a000
3f80a000
3f80a000
3f80a000
3f80a000
3f80a000
3f80a000
3f80a000
3f80a000
3f80a000
3f80a000
3f80a000
3f80a000
3f80a000
3f80a000
3f80a000
3f80a000
3f80a000
3f80a000
3f80a000
3f80a000
3f80a000
3f80a000
