3f57c000
3f958000
3fa50000
3f4f2000
3f524000
3f948000
3f582000
3fc16000
3fab5000
3f5b0000
3f116000
3fa23000
3f5d2000
3f780000
3f98a000
3f94f000
3f64c000
3f678000
3f95d000
3f426000
3fbb9000
3f5e8000
3fa5e000
3f8f9000
3f63c000
3f6d0000
3f966000
3f999000
3f985000
3ff54000
3f832000
3f4b2000
3f90c000
3f42a000
3faaf000
3f8cf000
3f77e000
3f506000
3f31a000
3f1ec000
3f1ac000
3f12a000
3f3aa000
3f8cc000
3f3d8000
3f35a000
3f3fe000
3f85a000
3f8a6000
3f9ad000
3fd1b000
3f1a0000
3f362000
3fa19000
3f821000
3fdb6000
3fd38000
3fbe3000
3f58e000
3f52e000
3f48a000
3f920000
3f722000
3f62a000
3f865000
3f40a000
3f540000
3fa4c000
3f1bc000
3f77a000
3f927000
3f8c6000
3f652000
3f987000
3fc44000
3f49a000
3f8ea000
3f568000
3f899000
3f556000
3f921000
3f8c1000
3fa47000
3f1e8000
3f3d0000
3f43c000
3f248000
3f8b9000
3fb41000
3f258000
3f6de000
3f9f9000
3f2d2000
3f86b000
3f252000
3f4d4000
3f7d2000
3f786000
3f85c000
3f66e000
3fa8e000
3f5c8000
3f9a2000
3f456000
3f9ff000
3f867000
3f3b6000
3f6d6000
3f212000
3f73e000
3f71a000
3f8d0000
3faaf000
3fb2b000
3f8d3000
3f92c000
3f380000
3f470000
3fab8000
3f32a000
3f893000
3f2d8000
3f9b7000
3f83e000
3f80b000
3f5e4000
3f8bc000
3f5c0000
3f4ae000
3fba3000
3f7bc000
3f1be000
3f849000
3f44a000
3f726000
3f931000
3fa05000
3f8db000
3fbb9000
3f867000
3f77e000
3f6a0000
3fa94000
3f70c000
3f490000
3fb29000
3f987000
3f768000
3f56c000
3f839000
3f2de000
3f502000
3f37a000
3f46e000
3fa51000
3fc0d000
3f826000
3f2a6000
3f452000
3f560000
3f5a0000
3f832000
3f1cc000
3f452000
3f346000
3f456000
3f40a000
3f975000
3f602000
3fe76000
3f27e000
3f5d2000
3fa11000
3fa14000
3f2a0000
3f1dc000
3f8ad000
3fcbe000
3f3fa000
3f474000
3f4c0000
3f20a000
3fcb5000
3f996000
3fe6e000
3fb58000
3f84a000
3f7c8000
3f90b000
3f08a000
3fa76000
3f166000
3f85d000
3f16a000
3f6ec000
3fe28000
3fd3c000
3f6ae000
3fa19000
3f6b0000
3f9bd000
3f9a8000
3f6e6000
3fc43000
3f955000
3f63e000
3f112000
3f88f000
3f2d2000
3f434000
3fa2d000
3f91a000
3f782000
3f82f000
3f4c6000
3f0ca000
3f272000
3f953000
3f885000
3f048000
3f8b3000
3f5e8000
3f976000
3fa93000
3fd72000
3f6d6000
3f892000
3f89b000
3f813000
3fb23000
3f3ce000
3f7c4000
3fba8000
3f3fe000
3f456000
3f73c000
3fb2f000
3fbf1000
3f19c000
3f896000
3f69c000
3fa79000
3faf9000
3fa33000
3f744000
3f9da000
3f548000
3f47e000
3f893000
3fa6b000
3f206000
3fb89000
3f77c000
3f6d8000
3f99a000
3f24c000
3f644000
3f889000
3f5b4000
3fb62000
3f818000
3f60c000
3faef000
3f80d000
3f6f4000
3f6d4000
3fa72000
3f4b0000
3f1ec000
3fdec000
3fbe3000
3fb9a000
3f0f2000
3f8fb000
3f55c000
3f875000
3f20c000
3f7ca000
3f80b000
3f46a000
3f968000
3f700000
3f4a0000
3f5a6000
3f899000
3f33c000
3fa10000
3f57c000
3fca7000
3fc9d000
3f9ac000
3f65c000
3f072000
3f4d0000
3f48e000
3f8a8000
3f436000
3f34e000
3f346000
3fa0f000
3f39c000
3f332000
3f9df000
3f822000
3f4f6000
3f088000
3f81d000
3f7c8000
3f868000
3fcd9000
3f636000
3fe9d000
3f9fb000
3f805000
3f374000
3f7f2000
3f416000
3f68a000
3f6e4000
3f05a000
3f6bc000
3f65c000
3f917000
3f08c000
3f921000
3f26a000
3fa6c000
3f835000
3f930000
3f3bc000
3f802000
3f372000
3f865000
3f8ad000
3fb0b000
3f468000
3fb15000
3f1c4000
3f260000
3f37e000
3fa5e000
3f224000
3f5d6000
3fb08000
3fa14000
3f92c000
3f7b6000
3f168000
3f1b8000
3f1e6000
3f70a000
3f3ec000
3f823000
3f6e6000
3fe1a000
3fbb1000
3f4e6000
3f61e000
3fa8b000
3f116000
3f7c4000
3f8eb000
3f3c6000
3fb24000
3f7c4000
3f392000
3f3ce000
3fb8b000
3fadf000
3f234000
3f432000
3f927000
3f84a000
3f206000
3fa63000
3f508000
3f41a000
3f276000
3f95f000
3f438000
3f954000
3f8a7000
3f8f6000
3f5f2000
3f957000
3f1aa000
3f2a0000
3f85a000
3f554000
3f94f000
3f4ae000
3fc85000
3fc8a000
3fd0c000
3f886000
3f8a6000
3f63c000
3f4f4000
3fa48000
3f5f0000
3f82f000
3f8e0000
3f1a8000
3f600000
3f6ca000
3faf9000
3fab4000
3f4d0000
3f8ed000
3f342000
3f510000
3fa60000
3f88b000
3f508000
3f368000
3f7da000
3f610000
3f50c000
3f1ae000
3f43a000
3fa69000
3f624000
3f960000
3f698000
3f370000
3f7a0000
3f8b9000
3f24e000
3f8ca000
3f8b0000
3f5b8000
3f817000
3fbdd000
3f190000
3f1d2000
3f5ec000
3f5c6000
3f2ca000
3fbc7000
3fb8f000
3f71c000
3fbd5000
3f4c0000
3f8cf000
3f5c0000
3f2d6000
3f4ca000
3f78e000
3f5c8000
3f1fc000
3fd8d000
3fb07000
3f160000
3f1e8000
3faeb000
3f9c6000
3f7aa000
3f1b0000
3fcae000
3f86e000
3f36e000
3f9f8000
3fd72000
3f26c000
3f496000
3f344000
3fbaa000
3f943000
3f42c000
3f206000
3f62c000
3f9c1000
3f6ac000
3fae0000
3f6b0000
3f676000
3f929000
3f2e4000
3f758000
3f867000
3f4b6000
3f8ab000
3f4be000
3f652000
3fd71000
3fefd000
3f835000
3f95f000
3f59a000
3f40a000
3f798000
3f81a000
3f402000
3f296000
3f8e7000
3f5be000
3f60e000
3f15e000
3f1d6000
3f480000
3f878000
3f8dd000
3fca7000
3f392000
3f68c000
3fc79000
3fbdd000
3ff5d000
3fcd8000
3f78e000
3f636000
3f694000
3f320000
3f2e2000
3f66a000
3f8f5000
3f4da000
3f36a000
3f5d2000
3f82f000
3f7e0000
3f3c6000
3fb5a000
3f987000
3f821000
3f714000
3f774000
3f838000
3f882000
3f94d000
3f144000
3f748000
3f62a000
3f6e6000
3fa34000
3f9d5000
3fa8e000
3f6aa000
3fb54000
3f889000
3f5f2000
3f7d4000
3f803000
3f8bf000
3faa9000
3f450000
3f2d4000
3f2a6000
3f9b5000
3fd97000
3f89e000
3f6f4000
3fcdc000
3f21c000
3f31e000
3f972000
3fa72000
3f556000
3f953000
3ff3f000
3fb35000
3fa19000
3fa1e000
3f865000
3f99f000
3f5b0000
3fb94000
3f614000
3f664000
3f67a000
3f802000
3f803000
3f764000
3f55a000
3f458000
3f564000
3f62a000
3f87d000
3f53c000
3f7e0000
3fb0d000
3f774000
3f8c3000
3f83d000
3f918000
3f62a000
3f608000
3f7f2000
3fd80000
3f8b5000
3f71c000
3f65a000
3f67a000
3faef000
3fbf1000
3fafe000
3f52a000
3f720000
3f9da000
3fb3a000
3f84a000
3f254000
3fd5a000
3f5ce000
3f883000
3f4e8000
3f9e3000
3f722000
3f176000
3f803000
3f4d0000
3fd2a000
3f1a8000
3f586000
3fc5a000
3f8a1000
3f682000
3f835000
3f60e000
3fa28000
3f2ea000
3f388000
3f6a4000
3f8fc000
3f87f000
3f5a0000
3f460000
3f228000
3fbb5000
3fbd1000
3f332000
3f8d8000
3fc58000
3f20a000
3f5e6000
3f838000
3f68e000
3f85c000
3fa86000
3fb08000
3fcc2000
3f714000
3fbdd000
3fb03000
3f9a0000
3fa51000
3f97f000
3f47e000
3f6c6000
3f8a3000
3f120000
3f61e000
3f9b4000
3f865000
3f83e000
3f2e2000
3f9b3000
3f714000
3f72e000
3fb2b000
3f7d4000
3fc14000
3f520000
3f848000
3f4ce000
3fabe000
3f50a000
3f7ce000
3f514000
3f574000
3f852000
3fcee000
3f3b8000
3fada000
3f49a000
3fb4a000
3f91b000
3f8a4000
3fb0c000
3f71c000
3f736000
3f258000
3fdb6000
3f0fe000
3fbb3000
3f656000
3f60e000
3f546000
3f518000
3f436000
3f999000
3fd24000
3f9e0000
3f790000
3f898000
3f3fe000
3f82f000
3f87d000
3f50a000
3f4c2000
3f7d4000
3f538000
3fc80000
3f903000
3f2f6000
3f47e000
3f8ae000
3f8be000
3f8c8000
3f614000
3f88f000
3f8f1000
3f3f0000
3f88a000
3f6f2000
3fd90000
3f47a000
3f930000
3f8ae000
3f548000
3fc88000
3f8e5000
3f188000
3f802000
3f909000
3fc6f000
3f542000
3fb3d000
3f3da000
3f8ed000
3f8c5000
3f82f000
3f875000
3f69e000
3f86d000
3f81d000
3f7bc000
3f1d6000
3f64c000
3f48e000
3fd36000
3f666000
3f6bc000
3f935000
3f76c000
3f6f8000
3f1aa000
3f6ac000
3f41c000
3f895000
3f1ac000
3fae8000
3f4dc000
3f47a000
3fa5d000
3fd18000
3f74a000
3f8a1000
3f96c000
3f1ea000
3f8b3000
3fc95000
3f19a000
3fe52000
3f8f3000
3f995000
3f6d4000
3fc03000
3f1b0000
3f8b1000
3f978000
3f963000
3f46a000
3f68e000
3f5d0000
3fa53000
3f66e000
3f35e000
3f993000
3fb0d000
3f7aa000
3f973000
3f3fe000
3f6ae000
3f08a000
3f92e000
3fe58000
3fb50000
3fb89000
3f8cb000
3f290000
3fa24000
3f871000
3f3fe000
3f9c1000
3fb83000
3f3aa000
3f3a2000
3f27e000
3f821000
3f11a000
3fbd0000
3f9e4000
3f332000
3f77a000
3f8b9000
3f9b4000
3fc5b000
3f42e000
3f544000
3f3b2000
3f70c000
3faf7000
3f862000
3f896000
3f8d2000
3f8a7000
3f534000
3f31a000
3fc4c000
3f6ce000
3f186000
3f49c000
3f57c000
3f08e000
3fc98000
3f953000
3f59a000
3f1da000
3f9d5000
3f762000
3f428000
3fb42000
3f7ac000
3fc72000
3f2ae000
3f55c000
3f8b4000
3f646000
3f34a000
3fbb6000
3f56c000
3f74a000
3f594000
3f068000
3f2ac000
3f58e000
3f8b7000
3f2d2000
3f28c000
3f987000
3fb9b000
3fdaa000
3f7e0000
3f8c7000
3f746000
3f870000
3f562000
3f856000
3f490000
3f42a000
3f52e000
3fb7c000
3f3ba000
3f480000
3faa6000
3f7e6000
3f7bc000
3f838000
3f516000
3fb0f000
3f196000
3fc88000
3f432000
3f84d000
3f152000
3f8ae000
3f7ce000
3f73e000
3f358000
3fd16000
3fd5a000
3fa39000
3f8c5000
3fb53000
3f5d6000
3f6d4000
3fc08000
3f2ba000
3f522000
3f81a000
3f8d0000
3f754000
3f666000
3f552000
3f889000
3f130000
3f8e3000
3f3ec000
3f86f000
3f88d000
3f59e000
3fb9c000
3f4d8000
3fe16000
3f833000
3f254000
3f82f000
3fa8a000
3f62e000
3f1c0000
3f1e2000
3f72e000
3f7c4000
3f73e000
3f792000
3fbd7000
3fa0e000
3fba8000
3f855000
3f7b6000
3fc07000
3f546000
3f482000
3f77a000
3f9d8000
3f838000
3f70c000
3f350000
3f9cc000
3f41a000
3f88a000
3f3f2000
3fde1000
3f72c000
3f384000
3f8d7000
3fafa000
3f604000
3fb8c000
3f975000
3fb3f000
3fa63000
3f270000
3f792000
3f442000
3fa0f000
3fc02000
3f9ba000
3fd0c000
3f2be000
3fb40000
3fae8000
3f8a3000
3f556000
3f8d7000
3f032000
3f826000
3f7ac000
3f957000
3f11a000
3f81e000
3f8e8000
3f79a000
3f522000
3f80b000
3f744000
3f82f000
3f6c8000
3f088000
3f3fc000
3f1ac000
3f871000
3f41c000
3f933000
3f8ff000
3f91f000
3f6ca000
3f4a4000
3f642000
3f841000
3f8ef000
3f620000
3f56a000
3f216000
3f6bc000
3f8e9000
3f348000
3f898000
3f7ac000
3fa68000
3f272000
3fd58000
3f95f000
3f6b0000
3f889000
3f136000
3fcd1000
3f9bd000
3f2de000
3fc5a000
3fa8d000
3f35e000
3f648000
3f100000
3fc19000
3f332000
3f6a6000
3f70e000
3fa89000
3facc000
3f702000
3f626000
3f0ec000
3f9e6000
3f50c000
3f376000
3f08a000
3f474000
3f7aa000
3fa15000
3f98b000
3f832000
3fcfa000
3f8ae000
3fa38000
3f592000
3f5f0000
3f5dc000
3f9c3000
3fa0c000
3f2f2000
3f993000
3f9b1000
3f6ba000
3f65e000
3fdd2000
3f6ec000
3f6ac000
3f1e6000
3f8af000
3f834000
3f7ca000
3f454000
3fc68000
3f891000
3f258000
3f20a000
3f59e000
3f578000
3f168000
3fcbb000
3f548000
3f8f4000
3f899000
3fc29000
3f940000
3f252000
3fad1000
3f362000
3f21e000
3fb59000
3f664000
3f879000
3f53e000
3f2be000
3f2ba000
3f94b000
3f0d4000
3f3e4000
3f913000
3f5c4000
3f230000
3f7aa000
3f2c2000
3fa84000
3f152000
3f3c2000
3f9d1000
3fb28000
3f578000
3f8b3000
3f496000
3f8f2000
3fa16000
3f818000
3f56a000
3fb42000
3f906000
3f73e000
3f802000
3f4a6000
3f3bc000
3f47c000
3fc7f000
3f350000
3f853000
3f5e4000
3f8ae000
3f1ca000
3f044000
3fc7e000
3f708000
3f2d0000
3fa70000
3f6ec000
3f917000
3f28c000
3f822000
3fd72000
3f362000
3f594000
3f374000
3f84b000
3f8a4000
3fe4f000
3fbc5000
3f714000
3f8c4000
3f5e4000
3f380000
3f4a8000
3f79a000
3f866000
3f6fc000
3f872000
3f901000
3f8e3000
3f65c000
3f58c000
3f4ee000
3f6e4000
3f660000
3f444000
3f8b6000
3f200000
3fa1e000
3f829000
3f1a4000
3f49a000
3f5e8000
3fbb9000
3f752000
3f16c000
3fc99000
3f43e000
3f8e3000
3f8fc000
3f8f7000
3f78e000
3fcb7000
3f5e4000
3f762000
3fe3a000
3f2f6000
3f2fe000
3faa9000
3f5c6000
3f196000
3fa68000
3fddd000
3f98c000
3fa27000
3fce2000
3f9ec000
3f98d000
3f96f000
3f22e000
3f5c8000
3f7ee000
3f5f0000
3f2d8000
3f56a000
3f422000
3f885000
3f9c0000
3f86c000
3f994000
3faac000
3f9b3000
3f4f8000
3f574000
3f98d000
3f44e000
3f6ac000
3fd38000
3faa7000
3fa0e000
3f690000
3f1b6000
3f72e000
3fe22000
3f496000
3f80a000
3fe8e000
3f5fa000
3fa7c000
3f172000
3f814000
3f76c000
3fbea000
3fa64000
3f0ae000
3f869000
3f6ac000
3f38c000
3f912000
3f96f000
3f909000
3fbe3000
3f7ce000
3f4fe000
3f8be000
3fb71000
3f42e000
3f929000
3f622000
3fe6d000
3f798000
3fc25000
3f838000
3f59c000
3f80d000
3f928000
3f818000
3f440000
3fcd6000
3fb06000
3f8dd000
3f989000
3f822000
3f6f8000
3fa09000
3f0d2000
3f81a000
3f576000
3f62c000
3f95f000
3f156000
3f8e0000
3f7de000
3f891000
3fa82000
3f4b8000
3f516000
3fa25000
3f814000
3fbea000
3fc1b000
3f43a000
3f8ef000
3f4ec000
3f86f000
3f821000
3fdac000
3f8c6000
3f96f000
3f832000
3fb3d000
3fb43000
3f9ab000
3ff5d000
3fc09000
3f774000
3f2bc000
3f392000
3f768000
3f78e000
3f472000
3fd72000
3f590000
3f544000
3f814000
3fb2e000
3fa3c000
3f7ce000
3f8e4000
3f676000
3f4b6000
3f86f000
3f528000
3f8ab000
3f963000
3f2e6000
3f891000
3f844000
3f42a000
3f820000
3f88e000
3fa00000
3f622000
3f966000
3fa79000
3f586000
3f5e4000
3f774000
3f6d6000
3f7c2000
3fae5000
3f376000
3f943000
3f616000
3f88e000
3f62e000
3f86b000
3fc1f000
3f392000
3f6b0000
3fa2e000
3f980000
3f8ba000
3fdad000
3f038000
3f49c000
3f888000
3f54c000
3fa05000
3f29a000
3f6f6000
3f87f000
3f82f000
3f570000
3faa2000
3f64c000
3f899000
3f89b000
3f9fa000
3fc08000
3f1fe000
3fa27000
3f604000
3fac7000
3f6e6000
3f876000
3f662000
3f53e000
3fdd4000
3fa38000
3f934000
3fcd0000
3f8f2000
3f835000
3f514000
3fdaa000
3f6a2000
3f50a000
3fb8f000
3fb0d000
3f2f6000
3f392000
3fb2b000
3f83e000
3f865000
3f912000
3f867000
3f566000
3fb67000
3f680000
3f951000
3fb0d000
3f73e000
3f8f8000
3fd3e000
3f786000
3f1e6000
3fcc3000
3faaf000
3fbf8000
3f320000
3f8b1000
3f5bc000
3fc37000
3f82f000
3fbfe000
3f2ee000
3f3be000
3f422000
3faea000
3fb84000
3f898000
3f86b000
3f2d6000
3f374000
3f67a000
3fa8e000
3facc000
3f96d000
3face000
3f93f000
3f8c7000
3f835000
3fd8e000
3f9eb000
3f496000
3f760000
3f46a000
3f4f8000
3f708000
3fb3f000
3f486000
3f69c000
3f853000
3f9da000
3f644000
3f118000
3f7aa000
3f76c000
3f8d6000
3f96d000
3fce5000
3f85c000
3f466000
3f116000
3f60a000
3fa5e000
3f2de000
3f406000
3f953000
3f65a000
3f989000
3fb1c000
3f112000
3f9a7000
3f3b0000
3f88d000
3fbdd000
3f4e0000
3f7c8000
3f941000
3f8e5000
3f844000
3f2c6000
3f2d0000
3fbc5000
3f83f000
3f566000
3f412000
3f70e000
3fc1c000
3f0a4000
3f82b000
3f19a000
3f8a1000
3f3fe000
3f752000
3f148000
3f9cd000
3f83f000
3f6da000
3f5ba000
3f60c000
3fbba000
3f8d8000
3fa1d000
3f8ba000
3f72c000
3f59c000
3f7da000
3fb23000
3f59c000
3f466000
3f972000
3f802000
3fbc1000
3f51e000
3fa47000
3fcbc000
3f6d4000
3f6ea000
3f802000
3f646000
3f0a6000
3f402000
3f3ba000
3f71c000
3f9cf000
3f248000
3f6ea000
3f9a5000
3f656000
3f77c000
3f6cc000
3fd26000
3fb12000
3f9bc000
3f8d8000
3f684000
3f916000
3f82f000
3f904000
3f94c000
3f6ca000
3fc68000
3f6c4000
3f35c000
3f86b000
3fa5e000
3fad7000
3f11e000
3f4ec000
3f634000
3f82b000
3f722000
3f228000
3fb17000
3f8e6000
3f92b000
3f484000
3f8f1000
3f8dd000
3fc99000
3f8d9000
3f3ba000
3f4dc000
3f3a2000
3f4e0000
3f838000
3f859000
3f95f000
3f2ce000
3fd0f000
3f7bc000
3f77e000
3f811000
3fbb7000
3f40c000
3f9b9000
3fa92000
3f6e4000
3f47a000
3f8c4000
3f3da000
3f8f9000
3f6cc000
3f881000
3f386000
3f8be000
3fa0b000
3f6b2000
3fd39000
3f4e0000
3f909000
3f3d6000
3f556000
3fa44000
3f41a000
3f6aa000
3f7ce000
3f398000
3f384000
3f1bc000
3f9fa000
3f887000
3f9c9000
3fd15000
3f84b000
3f67a000
3f596000
3f7a4000
3f7a2000
3f9aa000
3facc000
3f889000
3f45e000
3faaa000
3f99d000
3fcac000
3f31a000
3f118000
3f4dc000
3f512000
3fd82000
3f5c2000
3f0f4000
3f4ea000
3f900000
3f3ac000
3fb84000
3fa81000
3f15a000
3f8a0000
3f516000
3fc30000
3f832000
3fcdc000
3f242000
3fee2000
3f7ac000
3fc3d000
3f963000
3f99a000
3f2ee000
3f7b6000
3f59a000
3f898000
3f4cc000
3f4f2000
3f584000
3f620000
3f1de000
3f945000
3f2d6000
3f93c000
3f7e0000
3f4c6000
3f496000
3f871000
3f6ae000
3f976000
3f24c000
3f82f000
3fcd3000
3f4ba000
3f56a000
3f7d2000
3f5e0000
3ffdb000
3fb0a000
3f7de000
3f8b7000
3f61a000
3fcf4000
3f904000
3f104000
3f920000
3f80d000
3fe04000
3fd09000
3fa1b000
3fdc5000
3f84b000
3f84f000
3f45a000
3f8a4000
3f774000
3fbff000
3f802000
3fa0e000
3f68c000
3f96a000
3fa34000
3f6d4000
3f340000
3f6d8000
3f7da000
3f09a000
3f7b4000
3fa15000
3f314000
3f278000
3f4b0000
3f8af000
3f44e000
3f7e4000
3fe28000
3f6a6000
3f886000
3f6ee000
3f97b000
3f6bc000
3f8be000
3f6d0000
3f4b4000
3f917000
3f628000
3f888000
3f82b000
3f712000
3f835000
3f929000
3f5c6000
3f2f6000
3fce4000
3f8d9000
3f7de000
3f690000
3f97f000
3f8fd000
3fb04000
3f9a0000
3f903000
3f474000
3f2fc000
3f9f9000
3faa4000
3f9af000
3f9dc000
3fcc3000
3f490000
3faf0000
3f9b6000
3f823000
3f3e6000
3f8e5000
3fa64000
3f336000
3f548000
3f34e000
3f62c000
3fcd8000
3f594000
3f959000
3f9cc000
3f0a2000
3f5ee000
3f9d7000
3f660000
3f8cc000
3f7aa000
3f67e000
3f96d000
3f222000
3fc8a000
3f68c000
3f7d0000
3f974000
3f87f000
3f7a4000
3f8c1000
3f3d8000
3f75c000
3f848000
3f5e6000
3f5c4000
3faa8000
3fdc6000
3f242000
3f67a000
3f0be000
3f67c000
3f9f2000
3f3e4000
3faf1000
3f8f1000
3f644000
3fb8f000
3f8c7000
3f6f2000
3f805000
3f839000
3f160000
3f7d2000
3fb29000
3f74c000
3f48c000
3f9d3000
3fa63000
3fb77000
3f1d6000
3f915000
3f750000
3f496000
3f2f6000
3fc91000
3fa6c000
3f898000
3fbe3000
3f8e8000
3f855000
3f550000
3f9c3000
3f3ea000
3f476000
3f8a3000
3fbb1000
3f8e3000
3f83d000
3f7e0000
3f4d4000
3f77c000
3f62a000
3f53e000
3f702000
3fbf8000
3f312000
3f7ee000
3f370000
3fde3000
3f812000
3f70e000
3fa5c000
3f3dc000
3f0c8000
3faec000
3fdf5000
3fbad000
3fade000
3f842000
3fa56000
3f766000
3f1d6000
3fb65000
3f620000
3f883000
3f306000
3f9d5000
3f630000
3f516000
3f60a000
3fb29000
3fbc7000
3f156000
3fb44000
3f8e3000
3fbf5000
3f958000
3fa51000
3f6bc000
3f7bc000
3f458000
3f37a000
3f9ed000
3f2aa000
3f844000
3f434000
3f865000
3fb8b000
3f420000
3f80b000
3f110000
3f494000
3f7aa000
3f5c2000
3f602000
3f392000
3f960000
3f4e0000
3fc64000
3f19a000
3fa16000
3f290000
3f82a000
3f8aa000
3f78c000
3f4c0000
3f98e000
3f1b2000
3faec000
3f526000
3fba7000
3f3fa000
3fa99000
3f4f8000
3fc1f000
3f802000
3f821000
3f2b4000
3fb5f000
3f975000
3f89f000
3fa63000
3f29a000
3f776000
3f935000
3f762000
3f6bc000
3f3ba000
3f823000
3f77e000
3f5ea000
3f52a000
3fa2c000
3f1f4000
3f6dc000
3fc70000
3f594000
3f84a000
3f70c000
3f822000
3f27a000
3f9da000
3f2f2000
3fc22000
3f062000
3f5ba000
3fa78000
3f1e8000
3f9a5000
3f380000
3f3fa000
3f55a000
3f5d0000
3f4bc000
3f821000
3f5d8000
3f80a000
3f8e1000
3f980000
3f993000
3f933000
3fac7000
3fd2a000
3f55c000
3fb05000
3f726000
3fb6c000
3f90f000
3f813000
3f8a7000
3f258000
3fc97000
3f8d4000
3faf6000
3fc0c000
3fa30000
3f302000
3f67a000
3f3bc000
3fe05000
3f476000
3f3ba000
3fb38000
3fefa000
3f98a000
3f24e000
3fd40000
3f4ba000
3fdd8000
3f832000
3f841000
3f414000
3fd4f000
3f792000
3fa10000
3f2c0000
3f236000
3f80d000
3f8a4000
3fa28000
3fa07000
3f895000
3f750000
3fbfc000
3f74a000
3f410000
3f462000
3fce0000
3f87d000
3f808000
3f406000
3f392000
3f558000
3f678000
3f8f3000
3f100000
3fa7d000
3f712000
3f316000
3ff7b000
3f899000
3f7de000
3fd10000
3f156000
3f608000
3f342000
3f9da000
3f82e000
3f0ca000
3f3aa000
3f784000
3f2e6000
3f702000
3fadc000
3f1aa000
3f46a000
3f51a000
3f893000
3fbce000
3f422000
3f9aa000
3fb1e000
3f74e000
3fc0b000
3f7f2000
3f33a000
3f732000
3f264000
3f61e000
3f1cc000
3f923000
3f91b000
3f8f7000
3f5b0000
3f63c000
3f784000
3f6fe000
3fc1a000
3f867000
3fae2000
3f996000
3f756000
3f3da000
3f6b0000
3faa5000
3f474000
3fbeb000
3f192000
3f832000
3f8e5000
3f284000
3f086000
3f398000
3f936000
3fb2c000
3f364000
3f612000
3f6e6000
3fd69000
3fc15000
3f690000
3f81a000
3f49c000
3f39e000
3f382000
3f3b0000
3fadc000
3fd0a000
3f462000
3fa6b000
3f84b000
3fa2f000
3f8c5000
3f4c6000
3f5e8000
3f5c2000
3f60e000
3f5de000
3fa55000
3f98c000
3f8d2000
3f314000
3f8e4000
3f8ec000
3fa9c000
3faa4000
3f712000
3fe4c000
3f898000
3fad9000
3f915000
3fb84000
3f8fb000
3f54a000
3f0dc000
3f426000
3fdb6000
3f869000
3f962000
3f4e4000
3fae5000
3f7b4000
3fe58000
3f4bc000
3f84b000
3f3b6000
3f094000
3f640000
3fccd000
3f8dd000
3fef1000
3f25a000
3f64a000
3f6b8000
3f91b000
3f126000
3f995000
3fe33000
3f41e000
3f2ba000
3f6cc000
3f8c8000
3f8fb000
3f80b000
3f6d4000
3f51a000
3f4fa000
3f88f000
3f802000
3f6b0000
3f805000
3f958000
3f7b4000
3fbac000
3f568000
3fec4000
3f803000
3f859000
3f39c000
3f6f8000
3f2ac000
3f4fa000
3f69e000
3f094000
3f5d4000
3f79a000
3f598000
3f7ce000
3f8a3000
3f885000
3f740000
3fe8e000
3f59a000
3fd41000
3f9d8000
3f74a000
3fb68000
3f948000
3f68c000
3f5da000
3fb56000
3fc79000
3f78c000
3faa8000
3fac7000
3f949000
3f1ce000
3f75a000
3f5d2000
3fabc000
3faf1000
3f380000
3f63a000
3f812000
3fb15000
3fc46000
3fa73000
3f798000
3fb3d000
3fca8000
3f987000
3fc4c000
3f862000
3f95a000
3f7b4000
3f49c000
3f99d000
3f1ee000
3f8f4000
3f6dc000
3f3e8000
3f9c5000
3f7b6000
3f71c000
3f632000
3f939000
3f688000
3f73c000
3f244000
3f8e7000
3fc76000
3fa0e000
3f546000
3fb0d000
3f888000
3fab5000
3f18e000
3f91f000
3f4be000
3f8cb000
3fd75000
3f8f4000
3f2c0000
3f6ea000
3f96f000
3fb08000
3f0ce000
3f94b000
3f756000
3f3cc000
3f84b000
3f622000
3f8a8000
3f87d000
3f442000
3f8fd000
3fc9e000
3fc1e000
3f4d0000
3f3f6000
3f554000
3f6c8000
3f3d6000
3f572000
3f937000
3f802000
3f48a000
3f200000
3f5c4000
3f875000
3f84e000
3f4ce000
3f9d8000
3f36e000
3fafe000
3f5f0000
3fe5b000
3f97d000
3fda1000
3f2e0000
3fde7000
3f1e2000
3fc53000
3f5d6000
3f2a2000
3fcfe000
3fbe9000
3f853000
3f90c000
3f55e000
3f550000
3f993000
3f320000
3f56a000
3f9f3000
3f3e6000
3f3ee000
3f370000
3f282000
3f84a000
3fd64000
3fa1c000
3f5f8000
3f5d8000
3f9ed000
3f686000
3f80d000
3fb30000
3f596000
3f98d000
3f4ea000
3f51e000
3f85c000
3f5ae000
3f805000
3f8d7000
3f55c000
3f8ba000
3f2a0000
3f9a0000
3f1c8000
3f8e1000
3f838000
3f8cf000
3f492000
3f0fe000
3f8bb000
3f87f000
3f4c4000
3fcc4000
3fce2000
3f3f0000
3fcde000
3f7f4000
3fd08000
3f6d0000
3f84a000
3f446000
3f654000
3f68c000
3f6a6000
3f5da000
3fae0000
3fa60000
3f865000
3f83f000
3fa19000
3f3f0000
3fd9e000
3fd80000
3f6fe000
3f8e5000
3f803000
3fe6d000
3f35a000
3f945000
3f817000
3f909000
3f4c2000
3f922000
3f8f5000
3f5b2000
3f81d000
3f750000
3fbea000
3fa64000
3f9e2000
3f8ab000
3f7d2000
3f482000
3f5f2000
3fa30000
3f252000
3f89c000
3fc5b000
3f9ca000
3f9a7000
3f5d0000
3f841000
3f4f6000
3fe18000
3fe2b000
3f66c000
3ff66000
3f3e6000
3fa14000
3f158000
3f14e000
3fad1000
3f512000
3f8f2000
3fe2c000
3f908000
3f44e000
3f0fc000
3f21a000
3f682000
3f82e000
3f918000
3f7ee000
3f396000
3fb23000
3fbeb000
3f81d000
3fba2000
3f36e000
3f73e000
3f971000
3f894000
3f8e0000
3f6f6000
3f344000
3fa1a000
3f146000
3f0ac000
3f678000
3f814000
3f5d6000
3f8db000
3f5fe000
3f3da000
3f548000
3f880000
3fd6e000
3f8c4000
3fb9a000
3fd03000
3fcbc000
3fdb0000
3f62e000
3f308000
3f62c000
3f75c000
3f264000
3fa8a000
3f63a000
3f50a000
3f4da000
3fa7e000
3fc01000
3f7ce000
3f514000
3f930000
3f37e000
3fb42000
3f99d000
3f6e8000
3f7e6000
3fa6d000
3fd72000
3f80d000
3f814000
3f8eb000
3f2fa000
3f4e0000
3f35c000
3f112000
3f1aa000
3fa2e000
3f1ca000
3fd24000
3f86a000
3fcd0000
3f224000
3f512000
3fd92000
3f1ae000
3f606000
3fb2f000
3f8ea000
3f83f000
3f520000
3fb43000
3f3fe000
3f6ac000
3fab3000
3f32c000
3f960000
3f0ce000
3f90a000
3f63a000
3f7aa000
3f288000
3f34a000
3fb62000
3fad1000
3f6a0000
3f7c8000
3f3ee000
3f034000
3f4b4000
3f36e000
3f37e000
3fb7b000
3f124000
3f8ec000
3f72e000
3f93a000
3f817000
3f9dd000
3fe64000
3f5a2000
3f893000
3f6aa000
3f7b4000
3f75a000
3fb67000
3fb11000
3f796000
3f16e000
3f614000
3f708000
3f5d2000
3f394000
3f374000
3f65e000
3f4da000
3fa5d000
3f918000
3fc16000
3fa29000
3f4ba000
3f3a6000
3f9ef000
3f444000
3f36e000
3f5a0000
3faaf000
3f8d7000
3fa07000
3fdcb000
3fc9c000
3fb33000
3f8f7000
3f813000
3fe1c000
3f734000
3f891000
3f732000
3fa32000
3fa8a000
3f834000
3f780000
3fca0000
3f865000
3f48a000
3f89d000
3f0c6000
3f44a000
3f324000
3f4aa000
3f987000
3fc91000
3f968000
3f464000
3fa90000
3fa90000
3f831000
3f896000
3f75c000
3fb35000
3f8b9000
3fb29000
3f334000
3fce3000
3fc7e000
3f550000
3f228000
3f4b6000
3fc7e000
3f6d2000
3f67e000
3f716000
3f6fc000
3f344000
3f3fe000
3f0ea000
3f2c8000
3f622000
3f900000
3f6a4000
3f5da000
3f762000
3f51a000
3f7ee000
3f83d000
3faeb000
3f6c2000
3fa18000
3f7be000
3f8e9000
3f68e000
3f9bd000
3f83e000
3f6fc000
3f832000
3f590000
3fa31000
3f929000
3fa65000
3f9c0000
3f864000
3f1da000
3f204000
3f564000
3f80d000
3f81d000
3f078000
3f6dc000
3f732000
3f4c0000
3f8cb000
3f3fe000
3f372000
3f6be000
3f925000
3fb74000
3f9ce000
3f716000
3f55c000
3f8a3000
3fabd000
3f67a000
3f5ba000
3f57e000
3f63a000
3f456000
3f6d6000
3f4a8000
3f85a000
3fb73000
3f4fe000
3fbb3000
3f6bc000
3fe1f000
3f764000
3f83d000
3f464000
3fc8a000
3f886000
3fcd8000
3f76c000
3f5c2000
3f5be000
3f9ca000
3f37a000
3fee5000
3f2e4000
3fa7b000
3f24c000
3f1d0000
3f9ed000
3f9d1000
3f965000
3f818000
3f921000
3f8bf000
3f9e3000
3fa4e000
3f952000
3f7c8000
3f108000
3fb27000
3f32e000
3f77a000
3f8fb000
3f5ee000
3f8a9000
3f180000
3fc07000
3f5cc000
3fd44000
3fa0d000
3fb08000
3f302000
3fad3000
3fa68000
3fb21000
3f618000
3f8f2000
3f8a9000
3faac000
3f67a000
3f841000
3f160000
3fa7c000
3f542000
3fbdf000
3f9c7000
3f486000
3f53c000
3fabc000
3f6d6000
3fdd4000
3f818000
3ff96000
3f84e000
3f290000
3f3fe000
3fd63000
3fbc8000
3f4f0000
3f90c000
3fa83000
3f5d6000
3f28e000
3f552000
3f4e6000
3f930000
3f174000
3f5f4000
3f903000
3f6d4000
3f304000
3f6f8000
3f674000
3f6e6000
3f8c5000
3fa0b000
3f9f0000
3fa06000
3f81d000
3f8f0000
3f09a000
3f564000
3f905000
3f23c000
3f6f6000
3f820000
3fc8b000
3f906000
3f894000
3fad8000
3f870000
3f47e000
3f910000
3f7c2000
3f8df000
3f67a000
3fca4000
3f786000
3fbc0000
3f60e000
3fb52000
3f47e000
3f5a6000
3fa08000
3f694000
3f74a000
3f01a000
3f87b000
3f73e000
3f5c4000
3f336000
3f1a0000
3f692000
3f714000
3f2fc000
3fb2c000
3f312000
3f8fc000
3fa5c000
3f888000
3f802000
3fbc5000
3f941000
3fbe5000
3f1aa000
3f81d000
3f916000
3f94a000
3fdfe000
3f3f0000
3f7ac000
3f6a2000
3f312000
3f9d7000
3f8db000
3f9c4000
3fc19000
3fa7a000
3f446000
3f88f000
3f388000
3f204000
3fa5e000
3f87d000
3f21e000
3fb65000
3f874000
3fc4f000
3f835000
3f732000
3f6dc000
3f536000
3fa1b000
3f8b7000
3f422000
3f76e000
3f20a000
3f0ac000
3f889000
3f27c000
3f1bc000
3f590000
3f95c000
3f120000
3fef4000
3f82f000
3fb9d000
3f8d1000
3fa30000
3f6c2000
3f514000
3f68c000
3f676000
3f88f000
3f822000
3fb67000
3f867000
3f8d4000
3f422000
3fd44000
3f9a5000
3f49a000
3f318000
3fa04000
3fa72000
3f907000
3fa46000
3f36e000
3f4d4000
3f866000
3fa21000
3f524000
3f5f6000
3f5a0000
3f136000
3fa20000
3f72c000
3fbe5000
3f55e000
3fae8000
3f865000
3fb42000
3f358000
3f814000
3f41a000
3f4a4000
3f342000
3f894000
3fb83000
3fc82000
3f81a000
3f965000
3f254000
3f574000
3f740000
3f5b4000
3f62c000
3fcbe000
3f55c000
3fa21000
3ff03000
3fd10000
3f494000
3f650000
3f71e000
3f620000
3f750000
3f39e000
3f24c000
3f5a2000
3f57c000
3f65c000
3f1f4000
3f4d0000
3f1fe000
3fb65000
3f96f000
3f9d8000
3f889000
3fd78000
3f69a000
3f9bd000
3f5de000
3fbff000
3f5fa000
3f9ee000
3f52a000
3f9ea000
3f898000
3f9a9000
3f738000
3f2a4000
3faef000
3f0b0000
3f46a000
3f6a4000
3f112000
3f975000
3f9cc000
3fbdd000
3fabc000
3f891000
3fadb000
3f82e000
3fa52000
3f628000
3f935000
3f758000
3fe1c000
3f65c000
3f83e000
3f7f2000
3f5e8000
3f918000
3fa2c000
3fd1a000
3f2f2000
3f826000
3f698000
3fb48000
3fcc2000
3fa3e000
3f0b6000
3fbb7000
3f82e000
3f821000
3f582000
3f458000
3fa0c000
3f6ec000
3fad2000
3f8ce000
3f6ba000
3fba7000
3f66e000
3f978000
3f830000
3f764000
3fd0d000
3fa1c000
3f900000
3f4f6000
3f6cc000
3f818000
3faae000
3f85a000
3f6e2000
3f8a1000
3f826000
3f997000
3f698000
3f79a000
3f7e0000
3f3ea000
3f350000
3f862000
3fe12000
3f873000
3f776000
3fd58000
3f3ee000
3f9d9000
3f86b000
3f602000
3f802000
3f36e000
3f814000
3f344000
3fd34000
3f4b4000
3f414000
3f05a000
3f1ee000
3f776000
3f416000
3fc7d000
3fb7f000
3fb11000
3f4b4000
3f9a3000
3f3f0000
3f4cc000
3f8e2000
3faca000
3f6c2000
3fa90000
3f8b8000
3fb4b000
3f5a2000
3f872000
3f7ac000
3f883000
3f91e000
3f9c7000
3f540000
3fbb2000
3fa99000
3ff9f000
3f8aa000
3fc25000
3fa47000
3f11c000
3f805000
3fb87000
3f47c000
3f96e000
3f99f000
3f85a000
3f8d1000
3f468000
3fb2d000
3f8fa000
3f742000
3f7ac000
3f8e6000
3fa0b000
3f764000
3f917000
3f5f4000
3fb3c000
3fe5e000
3f5d0000
3f27a000
3fd33000
3f796000
3f41a000
3f9a6000
3f914000
3f754000
3fecd000
3fcd0000
3f8a3000
3f8a5000
3f99c000
3f77a000
3fef7000
3f933000
3f898000
3f640000
3f548000
3f064000
3f260000
3fa65000
3fb7a000
3f77c000
3f8c4000
3f1ce000
3f604000
3f506000
3f3fe000
3f78c000
3f52c000
3fb65000
3f3e0000
3fdcb000
3f5f4000
3f034000
3fab5000
3f61e000
3f8f8000
3fbce000
3f484000
3f430000
3f36e000
3f4d8000
3f4cc000
3fac2000
3f04e000
3fd17000
3fad2000
3fe2e000
3f3e8000
3f3ac000
3f69e000
3fa00000
3faf0000
3f39a000
3feee000
3f955000
3f11e000
3f917000
3fbb2000
3f2c6000
3f8b3000
3f72a000
3fb60000
3f528000
3f82f000
3f8ee000
3f811000
3f4de000
3fb59000
3f4fe000
3f270000
3f8f3000
3f8c0000
3f833000
3f652000
3f93e000
3f70a000
3f68a000
3f875000
3f1c2000
3f564000
3fb46000
3f014000
3ff6c000
3f362000
3f3d6000
3f63c000
3f97e000
3f859000
3f4bc000
3f1dc000
3f98d000
3f7b4000
3f5b4000
3fc7c000
3f9e4000
3f862000
3f62c000
3f792000
3f5f4000
3fb6b000
3f672000
3f8aa000
3f73e000
3fd23000
3f829000
3f8b2000
3f3dc000
3f5d0000
3f835000
3f7d2000
3fc99000
3f81f000
3f90a000
3f1d2000
3f446000
3fa3a000
3fa63000
3f6dc000
3f46c000
3faf4000
3f6e4000
3fcf4000
3f858000
3f3c2000
3f508000
3f3c2000
3fef1000
3f949000
3f9c4000
3fa0b000
3f72c000
3f240000
3f4ec000
3f1b0000
3fb2f000
3f92a000
3fa79000
3f811000
3fb65000
3fd54000
3f226000
3f654000
3f955000
3f5e0000
3faf5000
3f4b8000
3fa19000
3fbde000
3f3c2000
3f8d6000
3fd80000
3f81a000
3f8d7000
3f8ca000
3f3fa000
3f540000
3f3d8000
3f841000
3f5d6000
3f416000
3f896000
3f8f6000
3fc40000
3f76c000
3fd3a000
3f3ea000
3f23c000
3fb0a000
3f822000
3f582000
3f6dc000
3fc45000
3fa04000
3f73e000
3f1de000
3fc52000
3f2da000
3fb27000
3f67a000
3fd98000
3f672000
3f542000
3fd8b000
3f5da000
3f6f0000
3f965000
3f2ae000
3fc37000
3f31e000
3f82f000
3fc73000
3f2aa000
3f8be000
3f95d000
3f8e5000
3f9c6000
3f85d000
3f318000
3f852000
3fa22000
3f8dc000
3f983000
3fa9c000
3faff000
3f83e000
3f5be000
3f7de000
3fcfe000
3fd0d000
3f416000
3f0e2000
3f8d1000
3f410000
3f186000
3f77a000
3f7f2000
3f877000
3f7bc000
3f5a4000
3f4ee000
3f5e0000
3fac8000
3f776000
3f114000
3f91e000
3f898000
3f230000
3f954000
3fa0e000
3f672000
3f144000
3f4b6000
3f875000
3fb86000
3f4cc000
3f594000
3f857000
3f65a000
3f41e000
3f7e0000
3f604000
3f49c000
3fa7d000
3f9ef000
3f4dc000
3f821000
3f3e6000
3f9dc000
3fb88000
3f57a000
3f853000
3f8c0000
3f5e4000
3f2f4000
3f752000
3fa11000
3fd90000
3fca7000
3f9d2000
3f616000
3f338000
3fcb5000
3fb4d000
3f26a000
3f70c000
3fb2f000
3f3bc000
3f9d9000
3f7ac000
3fa10000
3f76c000
3f382000
3f67a000
3f6ae000
3f9c3000
3f3da000
3f58a000
3f98e000
3f7d4000
3fd5e000
3f784000
3f656000
3fc77000
3f8d4000
3fbe4000
3f1f2000
3fb9b000
3f891000
3f98a000
3f7ce000
3f624000
3f89a000
3fb94000
3f458000
3fe01000
3ffc0000
3f983000
3f9f8000
3f5bc000
3f9c7000
3f7c2000
3f132000
3f981000
3fa90000
3fc07000
3fd4c000
3fcb8000
3fb20000
3f17c000
3f73e000
3f74a000
3f494000
3f8e7000
3f914000
3f8d2000
3f8a6000
3fb5f000
3f90a000
3faa9000
3f558000
3f2d8000
3f8fc000
3f2f2000
3fa62000
3f8d2000
3f892000
3f628000
3f94f000
3fcb8000
3f92a000
3f592000
3fd06000
3fa0d000
3f690000
3f70c000
3f8bb000
3f881000
3f9c0000
3f95a000
3f97f000
3f951000
3f889000
3f8f9000
3fd87000
3f422000
3f476000
3f32c000
3f6a8000
3f835000
3fdbf000
3f028000
3f8b7000
3f7bc000
3f98d000
3f7e4000
3f232000
3fd09000
3f889000
3f2ea000
3f590000
3f8c2000
3ff1e000
3f8a1000
3f6f0000
3f6e4000
3f9b7000
3fa8d000
3f1dc000
3f476000
3f750000
3f586000
3f166000
3f7ac000
3f45c000
3f8fa000
3f570000
3f7ee000
3f62e000
3f22a000
3f61c000
3f6d2000
3f83e000
3f81a000
3f849000
3f88a000
3f943000
3fad0000
3f8f2000
3f3da000
3fe43000
3f3b4000
3f2e4000
3f9c9000
3f3d2000
3f628000
3f94d000
3f3e6000
3f4fe000
3f238000
3f9b1000
3f7bc000
3f983000
3fd8e000
3f81d000
3f280000
3f680000
3f37e000
3fcac000
3f904000
3f9a3000
3f3f2000
3fa7c000
3f8f0000
3f7e0000
3f8e0000
3f500000
3fd2a000
3f94b000
3fa1a000
3f40e000
3f36a000
3f402000
3f78c000
3f8d6000
3f8b8000
3f958000
3f9f9000
3fbcb000
3f5e0000
3fbff000
3f8af000
3fad3000
3f3fa000
3f39a000
3f60a000
3fa64000
3f77a000
3f1f8000
3f963000
3fd15000
3f74c000
3f3da000
3f802000
3fb5a000
3fd32000
3f811000
3fc76000
3f813000
3f30e000
3f712000
3faa6000
3fb10000
3f875000
3f4a2000
3f534000
3f48c000
3f74c000
3f794000
3f57c000
3fb57000
3f4b4000
3fc45000
3f5f2000
3fcd9000
3f95c000
3f3aa000
3f480000
3f6c0000
3fb24000
3f58c000
3f979000
3f35e000
3fa7c000
3f8fb000
3f8f5000
3f3d0000
3f890000
3fda8000
3f85d000
3f5e4000
3f282000
3fb01000
3f6ea000
3f66e000
3f636000
3f9cf000
3f3f4000
3fbf5000
3fee5000
3f840000
3f7aa000
3f30c000
3f8e8000
3f270000
3f958000
3f7a2000
3f7ac000
3f320000
3f43c000
3f420000
3f700000
3f43a000
3fd48000
3fb81000
3f7f2000
3f83e000
3f965000
3fa1a000
3f518000
3f91b000
3f87d000
3f296000
3fa4c000
3f2c6000
3f3aa000
3f422000
3f796000
3f901000
3fa6d000
3f8bc000
3f3ea000
3f8f4000
3f246000
3f44c000
3fa15000
3f18c000
3f969000
3f0f2000
3fc88000
3fa48000
3f909000
3f69c000
3fa30000
3f7a0000
3f3f6000
3f8b8000
3f83d000
3f410000
3f22a000
3fbae000
3f382000
3f6dc000
3f6ae000
3f8ce000
3f832000
3f3f6000
3f874000
3fa1a000
3f913000
3fd30000
3f49e000
3f1bc000
3fce0000
3f706000
3f7f2000
3f418000
3f886000
3fdbc000
3f6b0000
3f72c000
3fcb5000
3fa35000
3f77e000
3f69e000
3fb36000
3fc27000
3f77a000
3f5ec000
3f796000
3f77a000
3f406000
3f150000
3f58a000
3f2ba000
3faa1000
3f865000
3f966000
3f5f8000
3f970000
3f618000
3f7e0000
3fcf4000
3fdb4000
3f222000
3fa46000
3f8c4000
3f73a000
3f4b0000
3fa89000
3f8cc000
3f85c000
3f38e000
3f476000
3f6bc000
3f8f9000
3f456000
3f536000
3f6cc000
3f472000
3fad1000
3f7c8000
3f144000
3f3d2000
3f676000
3fa0b000
3f3e0000
3fa50000
3fd86000
3f60c000
3f4a4000
3f532000
3f1a8000
3f4e6000
3f8bb000
3f991000
3f916000
3f3f6000
3f9d8000
3f812000
3f82f000
3f506000
3fa54000
3fa40000
3f46c000
3f802000
3f44e000
3f4c4000
3f1e0000
3f7f2000
3f6d6000
3f646000
3f993000
3f953000
3fb05000
3f8e4000
3fa1c000
3f5e4000
3f7c4000
3fdcd000
3f7e0000
3f750000
3f5ac000
3f8bc000
3f764000
3f9cf000
3f1e4000
3f2f0000
3f8aa000
3f891000
3f8b8000
3f296000
3f84d000
3f9e2000
3f81a000
3f8a2000
3f566000
3fa31000
3f72c000
3f4fe000
3f811000
3f436000
3f9d5000
3fde4000
3f8f1000
3f092000
3f8fb000
3f4de000
3f4e6000
3fc28000
3f368000
3fd54000
3f2e4000
3f554000
3f98b000
3f430000
3fa54000
3f428000
3f634000
3f850000
3fc25000
3f72c000
3f218000
3f935000
3f6dc000
3f700000
3fa20000
3f70c000
3f320000
3f64c000
3f914000
3f31e000
3fcac000
3f8e5000
3fc14000
3fe2b000
3fb3f000
3f8b9000
3f972000
3f54c000
3f308000
3f390000
3fc70000
3fafd000
3f182000
3f252000
3f863000
3f82c000
3fc26000
3f87b000
3f796000
3f702000
3f987000
3f83d000
3f740000
3f37e000
3f4f6000
3f8b1000
3ff1e000
3f69e000
3f590000
3f5ac000
3f53e000
3ff30000
3fb77000
3f5e2000
3f898000
3f6bc000
3f85a000
3f42a000
3fd80000
3f534000
3f97f000
3f786000
3fb0f000
3f3d2000
3f5b4000
3f508000
3f4fe000
3f37e000
3fb4d000
3f8ab000
3f820000
3f8fb000
3fa11000
3f79a000
3fde0000
3f6e2000
3f59c000
3f8a7000
3f24e000
3fcf3000
3f490000
3f65e000
3f05a000
3f45c000
3f5ca000
3f817000
3fe6a000
3f8b5000
3fe19000
3fe03000
3f6e8000
3f774000
3f866000
3f2ae000
3f909000
3f863000
3f99d000
3f452000
3f5be000
3f692000
3f92f000
3fbaa000
3f874000
3f98c000
3fc76000
3f841000
3f0ee000
3f878000
3f5ca000
3fa6d000
3f933000
3fc28000
3fd32000
3f828000
3f25a000
3f6d2000
3f774000
3f975000
3f86b000
3fb8e000
3f7ee000
3fc7f000
3f9c0000
3fbe3000
3f903000
3f426000
3f7f2000
3f64a000
3f924000
3fa8a000
3f3ee000
3f35e000
3f6ba000
3f126000
3fcf2000
3fabd000
3f91f000
3fb9b000
3f5a6000
3f88f000
3f8bc000
3f656000
3f5e4000
3f754000
3fa07000
3f356000
3f14c000
3f7e4000
3f762000
3f190000
3f402000
3f9a8000
3f951000
3f7da000
3f6b0000
3fb67000
3f895000
3f985000
3f85a000
3fdac000
3f859000
3f0b2000
3fb8f000
3fe91000
3fa61000
3f578000
3f254000
3f312000
3f953000
3f86f000
3f87d000
3f846000
3f590000
3f6a2000
3f813000
3f893000
3fa34000
3f81a000
3f9d3000
3f8c4000
3f814000
3fb73000
3f332000
3f9d1000
3f750000
3f396000
3f5d2000
3fa66000
3f4c2000
3f3e6000
3f8bd000
3f522000
3f64e000
3f1f6000
3f60c000
3f64a000
3f9b5000
3f9b3000
3f821000
3f866000
3f632000
3f504000
3f802000
3f398000
3f688000
3f8c7000
3f37a000
3fd35000
3f31a000
3f086000
3fafa000
3f979000
3f38a000
3f979000
3f2d4000
3f150000
3fd90000
3f2d2000
3f314000
3fa40000
3f3bc000
3f942000
3f138000
3f792000
3f872000
3f68c000
3f89d000
3f736000
3f4f0000
3fb4c000
3f6b0000
3f921000
3f0f2000
3fa92000
3f5f6000
3f930000
3fe06000
3fdb6000
3f893000
3f813000
3fbd1000
3f066000
3fc3a000
3f81d000
3f8ab000
3f999000
3f67a000
3f776000
3f85b000
3f7ce000
3f874000
3f81a000
3fbc4000
3f969000
3fb12000
3f296000
3f8ee000
3fcee000
3f624000
3f802000
3f72a000
3f99f000
3f9f9000
3f818000
3f56c000
3fb0a000
3f6c2000
3f18c000
3f81d000
3f7da000
3fc7f000
3fc25000
3f47a000
3fa23000
3fbe4000
3f246000
3fc1f000
3f8b1000
3fb54000
3f69e000
3f76a000
3f4d2000
3fbdb000
3fd0c000
3f9c8000
3f953000
3fd7b000
3f1ee000
3fbcb000
3f873000
3ff1b000
3f920000
3f865000
3f98e000
3f7ce000
3f805000
3f14c000
3f80d000
3f182000
3f170000
3f68e000
3f74c000
3f6fa000
3f326000
3f8e0000
3fa91000
3f2c0000
3f83e000
3f5a0000
3f758000
3f8dc000
3fb36000
3f16c000
3faf6000
3f548000
3fb01000
3fa5e000
3f67a000
3f964000
3f7e4000
3f60c000
3f3da000
3fc45000
3fa27000
3fe22000
3f27e000
3f576000
3f86a000
3f6fc000
3f7d2000
3f937000
3f961000
3f4f6000
3f296000
3f276000
3f9ac000
3f578000
3f93a000
3f909000
3fc1b000
3f94b000
3f3d4000
3fbe9000
3fad0000
3fa28000
3f917000
3f86f000
3f811000
3f0c6000
3fc55000
3fb78000
3faac000
3faba000
3f2b2000
3f5b0000
3f266000
3fc9a000
3f895000
3f96b000
3fbe4000
3f32c000
3fa6c000
3f76c000
3fa40000
3fc44000
3f73e000
3fa2c000
3faf8000
3f26a000
3fa92000
3f5f4000
3f74c000
3ff6c000
3f77a000
3f6c2000
3f921000
3f8a1000
3f8a2000
3f046000
3f476000
3f798000
3f762000
3f9db000
3fb75000
3fa2d000
3f82b000
3f8e5000
3fa1b000
3f8df000
3fc84000
3f6c6000
3f90a000
3f838000
3fb0d000
3f999000
3fda2000
3f362000
3fb78000
3fbf2000
3f594000
3f29e000
3f88f000
3f85a000
3f350000
3f74e000
3f78e000
3f4ba000
3f838000
3fabf000
3f7bc000
3fcd2000
3f38c000
3f865000
3f3ee000
3f2ca000
3f9d4000
3f58e000
3f6ec000
3f941000
3f75e000
3f6b2000
3f2b6000
3f8d5000
3f849000
3fa24000
3f34e000
3fb85000
3f2fe000
3f895000
3f7de000
3f69a000
3fba4000
3f25a000
3f622000
3fd0a000
3fa70000
3f9fa000
3f108000
3f4a6000
3fcd0000
3f30e000
3f57c000
3f47a000
3f620000
3f8f7000
3f66c000
3fa8b000
3f86e000
3f80b000
3f61a000
3f612000
3fb8e000
3fa5e000
3f8f2000
3fb17000
3f120000
3f7ca000
3f368000
3f38e000
3f748000
3f9bf000
3f6a6000
3fb9c000
3f8bc000
3f803000
3f6f2000
3fb04000
3f80d000
3f1e2000
3f947000
3f8f6000
3f60e000
3ff6f000
3f4c4000
3f853000
3f6b2000
3f5fc000
3f844000
3f6e6000
3f802000
3f642000
3f4d2000
3f3c4000
3f2c6000
3f200000
3f14a000
3f0ac000
3f018000
3f6ba000
3f532000
3f414000
3f306000
3f238000
3f17a000
3f0d4000
3f040000
3f750000
3f5ae000
3f47c000
3f35c000
3f284000
3f1bc000
3f10e000
3f078000
3f7c8000
3f60e000
3f4cc000
3f39c000
3f2bc000
3f1ec000
3f136000
3f0a0000
3f00a000
3f67e000
3f522000
3f3f4000
3f302000
3f228000
3f17a000
3f0d0000
3f042000
3f6f6000
3f582000
3f444000
3f342000
3f260000
3f1aa000
3f0f8000
3f06a000
3f78c000
3f5fe000
3f4ac000
3f398000
3f2ac000
3f1ec000
3f132000
3f0a2000
3f802000
3f65e000
3f4fc000
3f3d8000
3f2e4000
3f21c000
3f15a000
3f0c4000
3f02a000
3f6d8000
3f55a000
3f438000
3f32e000
3f25e000
3f19e000
3f0fe000
3f062000
3f750000
3f5ba000
3f488000
3f36e000
3f296000
3f1ce000
3f126000
3f08a000
3f7e6000
3f636000
3f4f0000
3f3c4000
3f2e2000
3f210000
3f160000
3f0c2000
3f82f000
3f696000
3f540000
3f404000
3f31a000
3f240000
3f18c000
3f0e8000
3f054000
3f714000
3f5aa000
3f468000
3f36a000
3f286000
3f1ce000
3f122000
3f08c000
3f78c000
3f60a000
3f4b8000
3f3aa000
3f2be000
3f1fe000
3f14a000
3f0b4000
3f811000
3f686000
3f520000
3f400000
3f30a000
3f240000
3f184000
3f0ec000
3f84d000
3f6e6000
3f570000
3f440000
3f342000
3f270000
3f1b0000
3f116000
3f074000
3f76e000
3f5e2000
3f4ac000
3f396000
3f2bc000
3f1f2000
3f150000
3f0ac000
3f7e6000
3f642000
3f4fc000
3f3d6000
3f2f4000
3f222000
3f178000
3f0d4000
3f83e000
3f6be000
3f564000
3f42c000
3f340000
3f264000
3f1b2000
3f10c000
3f87a000
3f71e000
3f5b4000
3f46c000
3f37c000
3f298000
3f1e0000
3f13a000
3f09e000
3f7aa000
3f632000
3f4dc000
3f3d2000
3f2e4000
3f222000
3f174000
3f0d6000
3f811000
3f692000
3f52c000
3f412000
3f31c000
3f252000
3f19c000
3f0fe000
3f85c000
3f70e000
3f594000
3f468000
3f368000
3f294000
3f1d6000
3f136000
3f898000
3f76e000
3f5e4000
3f4b8000
3f3a8000
3f2ce000
3f204000
3f168000
3f0be000
3f802000
3f66a000
3f520000
3f3fe000
3f31a000
3f246000
3f1a2000
3f0f6000
3f83e000
3f6ca000
3f570000
3f43e000
3f352000
3f276000
3f1ca000
3f11e000
3f889000
3f746000
3f5d8000
3f494000
3f39e000
3f2b8000
3f204000
3f156000
3f8c5000
3f7a6000
3f63e000
3f4e8000
3f3e4000
3f2f6000
3f234000
3f18c000
3f0e8000
3f820000
3f6ba000
3f550000
3f43a000
3f342000
3f276000
3f1c6000
3f120000
3f85c000
3f71a000
3f5a0000
3f47a000
3f37a000
3f2a6000
3f1ee000
3f148000
3f8a7000
3f796000
3f608000
3f4d0000
3f3c6000
3f2e8000
3f228000
3f180000
3f8e3000
3f802000
3f676000
3f52c000
3f410000
3f32c000
3f258000
3f1ba000
3f108000
3f848000
3f6d6000
3f598000
3f466000
3f37e000
3f2a8000
3f1ee000
3f148000
3f88c000
3f746000
3f5f0000
3f4ae000
3f3be000
3f2e0000
3f21e000
3f170000
3f8df000
3f7d2000
3f660000
3f50c000
3f412000
3f32a000
3f260000
3f1a8000
3f112000
3f813000
3f69e000
3f558000
3f446000
3f352000
3f290000
3f1d0000
3f13a000
3f866000
3f72a000
3f5c8000
3f4a4000
3f3a6000
3f2da000
3f212000
3f172000
3f8aa000
3f79a000
3f620000
3f4ec000
3f3e6000
3f312000
3f242000
3f19a000
3f8fd000
3f813000
3f690000
3f54a000
3f43a000
3f35c000
3f284000
3f1d0000
3f132000
3f842000
3f6d6000
3f59e000
3f472000
3f38a000
3f2b4000
3f200000
3f15a000
3f895000
3f762000
3f60e000
3f4d0000
3f3de000
3f2fe000
3f242000
3f192000
3f8d9000
3f7d2000
3f666000
3f518000
3f41e000
3f336000
3f272000
3f1ba000
3f92c000
3f82f000
3f6d6000
3f576000
3f472000
3f380000
3f2ae000
3f1f4000
3f15c000
3f860000
3f72a000
3f5ce000
3f4b0000
3f3b2000
3f2e6000
3f224000
3f184000
3f8b3000
3f7b6000
3f63e000
3f50e000
3f406000
3f330000
3f266000
3f1bc000
3f8f7000
3f813000
3f696000
3f556000
3f446000
3f368000
3f296000
3f1e4000
3f94a000
3f859000
3f706000
3f5b4000
3f49a000
3f3aa000
3f2d2000
3f224000
3f17c000
3f88f000
3f762000
3f614000
3f4dc000
3f3ea000
3f30a000
3f254000
3f1a4000
3f8e2000
3f7ee000
3f684000
3f53a000
3f43e000
3f354000
3f296000
3f1dc000
3f926000
3f82f000
3f6dc000
3f582000
3f47e000
3f38c000
3f2c6000
3f204000
3f979000
3f875000
3f74c000
3f5e0000
3f4d2000
3f3d2000
3f304000
3f248000
3f1a6000
3f8ad000
3f7b6000
3f644000
3f51a000
3f412000
3f33c000
3f278000
3f1ce000
3f900000
3f821000
3f6b4000
3f578000
3f466000
3f386000
3f2ba000
3f206000
3f944000
3f859000
3f70c000
3f5c0000
3f4a6000
3f3be000
3f2ea000
3f22e000
3f997000
3f89f000
3f77c000
3f632000
3f4fe000
3f40a000
3f328000
3f278000
3f1c6000
3f8dc000
3f7ee000
3f68a000
3f546000
3f44a000
3f360000
3f2a8000
3f1ee000
3f92f000
3f83d000
3f6fa000
3f5a4000
3f49e000
3f3aa000
3f2ea000
3f226000
3f973000
3f875000
3f752000
3f5ec000
3f4de000
3f3e2000
3f31a000
3f24e000
3f9c6000
3f8bb000
3f7d2000
3f662000
3f53c000
3f432000
3f35a000
3f29c000
3f1f0000
3f8fa000
3f821000
3f6ba000
3f584000
3f472000
3f392000
3f2cc000
3f218000
3f94d000
3f867000
3f72a000
3f5e2000
3f4c6000
3f3dc000
3f30e000
3f250000
3f991000
3f89f000
3f782000
3f62a000
3f506000
3f414000
3f33e000
3f278000
3f9e4000
3f8e5000
3f805000
3f6a8000
3f568000
3f46a000
3f37e000
3f2cc000
3f210000
3f929000
3f83d000
3f700000
3f5b0000
3f4aa000
3f3b6000
3f2fc000
3f238000
3f97f000
3f87c000
3f77a000
3f618000
3f50c000
3f410000
3f338000
3f27e000
3f9cb000
3f8b8000
3f7da000
3f668000
3f554000
3f448000
3f368000
3f2ae000
3f1fa000
3f8f6000
3f821000
3f6d2000
3f5a2000
3f490000
3f3c0000
3f2ea000
3f23a000
3f942000
3f85d000
3f732000
3f5f2000
3f4d8000
3f3f8000
3f31a000
3f26a000
3f99d000
3f8a7000
3f7aa000
3f658000
3f534000
3f442000
3f35c000
3f2aa000
3f9e9000
3f8e3000
3f805000
3f6a8000
3f57c000
3f47a000
3f38c000
3f2d8000
3f21a000
3f927000
3f83d000
3f71a000
3f5ce000
3f4ca000
3f3e4000
3f31a000
3f25a000
3f973000
3f879000
3f77a000
3f61e000
3f512000
3f41c000
3f34a000
3f28a000
3f9ce000
3f8c3000
3f7f2000
3f684000
3f56e000
3f466000
3f38c000
3f2ca000
3fa1a000
3f8ff000
3f829000
3f6d4000
3f5b6000
3f49e000
3f3cc000
3f2fc000
3f246000
3f945000
3f868000
3f74a000
3f60e000
3f4f2000
3f416000
3f33e000
3f286000
3f991000
3f8a4000
3f7aa000
3f65e000
3f53a000
3f44e000
3f36e000
3f2b6000
3f9ec000
3f8ee000
3f811000
3f6c4000
3f596000
3f498000
3f3b0000
3f2f6000
3fa38000
3f92a000
3f841000
3f714000
3f5de000
3f4d0000
3f3f0000
3f32c000
3f266000
3f976000
3f884000
3f792000
3f63a000
3f52c000
3f43a000
3f36e000
3f2a6000
3f9c2000
3f8c0000
3f7f2000
3f68a000
3f574000
3f472000
3f39e000
3f2d6000
3fa1d000
3f90a000
3f835000
3f6f0000
3f5d0000
3f4bc000
3f3e0000
3f316000
3fa69000
3f946000
3f865000
3f740000
3f614000
3f4f8000
3f422000
3f350000
3f292000
3f994000
3f8af000
3f7c2000
3f67a000
3f554000
3f46c000
3f392000
3f2d2000
3f9e0000
3f8eb000
3f811000
3f6ca000
3f59c000
3f4a4000
3f3c2000
3f302000
3fa3b000
3f935000
3f84d000
3f730000
3f5f8000
3f4ee000
3f404000
3f342000
3fa87000
3f971000
3f87d000
3f792000
3f640000
3f532000
3f446000
3f380000
3f2b2000
3f9c5000
3f8cb000
3f805000
3f6a6000
3f58e000
3f490000
3f3c2000
3f2f2000
3fa11000
3f907000
3f835000
3f6f6000
3f5d6000
3f4c8000
3f3f2000
3f322000
3fa6c000
3f951000
3f871000
3f75c000
3f632000
3f512000
3f434000
3f362000
3fab8000
3f98d000
3f8ac000
3f7c2000
3f680000
3f55a000
3f478000
3f3a4000
3f2de000
3f9e3000
3f8f6000
3f81d000
3f6e6000
3f5b6000
3f4c2000
3f3e6000
3f31e000
3fa2f000
3f932000
3f84d000
3f736000
3f5fe000
3f4fa000
3f416000
3f34e000
3fa8a000
3f97c000
3f889000
3f79c000
3f65a000
3f544000
3f458000
3f38e000
3fad6000
3f9b9000
3f8c8000
3f805000
3f6ac000
3f594000
3f49c000
3f3d4000
3f2fe000
3fa14000
3f912000
3f841000
3f712000
3f5f0000
3f4e6000
3f416000
3f33e000
3fa60000
3f94e000
3f871000
3f762000
3f638000
3f51e000
3f446000
3f36e000
3fac2000
3f995000
3f8b7000
3f7d8000
3f69c000
3f586000
3f494000
3f3b6000
3f302000
3f9d2000
3f8e5000
3f81b000
3f6e6000
3f5c4000
3f4d6000
3f3ec000
3f332000
3fa31000
3f933000
3f85b000
3f754000
3f620000
3f528000
3f436000
3f372000
3fa81000
3f973000
3f88f000
3f7ac000
3f668000
3f568000
3f46e000
3f3a2000
3fae0000
3f9c1000
3f8cf000
3f80d000
3f6c4000
3f5ba000
3f4b8000
3f3e6000
3f322000
3fa04000
3f901000
3f840000
3f712000
3f5fe000
3f4fa000
3f41e000
3f352000
3fa63000
3f94f000
3f880000
3f780000
3f65a000
3f54c000
3f468000
3f392000
3fab3000
3f98f000
3f8b4000
3f7d8000
3f6a2000
3f58c000
3f4a0000
3f3c2000
3fb12000
3f9dd000
3f8f4000
3f823000
3f6fe000
3f5de000
3f4ee000
3f40a000
3f34e000
3fa22000
3f92d000
3f858000
3f754000
3f626000
3f52e000
3f442000
3f37e000
3fa81000
3f97b000
3f898000
3f7c2000
3f682000
3f580000
3f48c000
3f3be000
3fad1000
3f9bb000
3f8cc000
3f80d000
3f6ca000
3f5c0000
3f4c4000
3f3ee000
3fb30000
3fa09000
3f90c000
3f844000
3f726000
3f618000
3f512000
3f43c000
3f36e000
3fa54000
3f949000
3f87d000
3f780000
3f660000
3f552000
3f474000
3f39e000
3fab3000
3f997000
3f8bd000
3f7ee000
3f6bc000
3f5a4000
3f4be000
3f3de000
3fb03000
3f9d7000
3f8f1000
3f823000
3f704000
3f5e4000
3f4f6000
3f40e000
3fb62000
3fa25000
3f931000
3f85a000
3f76a000
3f640000
3f546000
3f460000
3f39a000
3fa72000
3f975000
3f895000
3f7c2000
3f688000
3f586000
3f498000
3f3ca000
3fad1000
3f9c3000
3f8d5000
3f818000
3f6e4000
3f5d8000
3f4e2000
3f40a000
3fb21000
3fa03000
3f909000
3f844000
3f72c000
3f618000
3f51a000
3f43a000
3fb80000
3fa51000
3f949000
3f886000
3f796000
3f67a000
3f56a000
3f492000
3f3ba000
3faa4000
3f991000
3f8ba000
3f7ee000
3f6c2000
3f5aa000
3f4ca000
3f3ea000
3fb03000
3f9df000
3f8fa000
3f82e000
3f71e000
3f5fc000
3f514000
3f42a000
3fb53000
3fa1f000
3f92e000
3f85a000
3f766000
3f63c000
3f54c000
3f45a000
3fbb2000
3fa6d000
3f97d000
3f89e000
3f7d8000
3f6a2000
3f59e000
3f4b6000
3f3e6000
3fac2000
3f9bd000
3f8d2000
3f818000
3f6ea000
3f5de000
3f4ee000
3f416000
3fb21000
3fa0b000
3f912000
3f84f000
3f746000
3f630000
3f538000
3f456000
3fb71000
3fa4b000
3f946000
3f87b000
3f78e000
3f670000
3f570000
3f486000
3fbd0000
3faa4000
3f999000
3f8c3000
3f802000
3f6dc000
3f5c2000
3f4e8000
3f406000
3faf4000
3f9d9000
3f8f7000
3f82e000
3f724000
3f602000
3f520000
3f436000
3fb53000
3fa27000
3f937000
3f865000
3f780000
3f654000
3f56a000
3f476000
3fba3000
3fa67000
3f96b000
3f891000
3f7c8000
3f694000
3f5a2000
3f4a6000
3f3f2000
3fab5000
3f9b2000
3f8d3000
3f820000
3f702000
3f5fc000
3f4fe000
3f434000
3fb0d000
3f9fa000
3f90f000
3f850000
3f752000
3f644000
3f53e000
3f46c000
3fb74000
3fa50000
3f957000
3f88b000
3f7b6000
3f69e000
3f590000
3f4b4000
3fbcc000
3fa98000
3f993000
3f8bb000
3f803000
3f6e6000
3f5d0000
3f4e0000
3f40c000
3fae9000
3f9ce000
3f8fa000
3f836000
3f73e000
3f620000
3f532000
3f454000
3fb41000
3fa16000
3f936000
3f866000
3f78e000
3f668000
3f572000
3f48c000
3fba8000
3fa6c000
3f97e000
3f8a1000
3f7f2000
3f6c2000
3f5c4000
3f4d4000
3fc00000
3fab4000
3f9ba000
3f8d1000
3f821000
3f70a000
3f5fc000
3f504000
3f43a000
3fb07000
3f9fc000
3f912000
3f858000
3f766000
3f656000
3f556000
3f482000
3fb5f000
3fa44000
3f94e000
3f888000
3f7b6000
3f69e000
3f596000
3f4ba000
3fbc6000
3fa9a000
3f996000
3f8c3000
3f80d000
3f6f8000
3f5e8000
3f502000
3fc1e000
3fae2000
3f9d2000
3f8f3000
3f835000
3f73e000
3f620000
3f538000
3f45a000
3fb3b000
3fa18000
3f939000
3f86e000
3f7a2000
3f67a000
3f58a000
3f4a2000
3fb93000
3fa60000
3f975000
3f89e000
3f7f2000
3f6c2000
3f5ca000
3f4da000
3fbfa000
3fab6000
3f9bd000
3f8d9000
3f82b000
3f71c000
3f61c000
3f522000
3fc52000
3fafe000
3f9f9000
3f909000
3f855000
3f766000
3f656000
3f55c000
3f488000
3fb59000
3fa46000
3f951000
3f890000
3f7ca000
3f6b0000
3f5ae000
3f4d0000
3fbb1000
3fa8e000
3f98d000
3f8c0000
3f80d000
3f6f8000
3f5ee000
3f508000
3fc18000
3fae4000
3f9d5000
3f8fb000
3f83f000
3f752000
3f640000
3f550000
3fc70000
3fb2c000
3fa11000
3f930000
3f86b000
3f7a2000
3f67a000
3f590000
3f4a8000
3fb8d000
3fa62000
3f978000
3f8a6000
3f803000
3f6d4000
3f5e2000
3f4f0000
3fbe5000
3faaa000
3f9b4000
3f8d6000
3f82b000
3f71c000
3f622000
3f528000
3fc4c000
3fb00000
3f9fc000
3f911000
3f85d000
3f776000
3f674000
3f570000
3fca4000
3fb48000
3fa3a000
3f948000
3f88d000
3f7ca000
3f6b0000
3f5b4000
3f4d6000
3fbab000
3fa90000
3f990000
3f8c8000
3f817000
3f70a000
3f606000
3f51e000
3fc03000
3fad8000
3f9cc000
3f8f8000
3f83f000
3f752000
3f646000
3f556000
3fc6a000
3fb2e000
3fa14000
3f933000
3f871000
3f7ac000
3f698000
3f59e000
3fcc2000
3fb78000
3fa56000
3f96f000
3f8a3000
3f803000
3f6d4000
3f5e8000
3f4f6000
3fbdf000
3faac000
3f9b7000
3f8de000
3f835000
3f72e000
3f63a000
3f53e000
3fc37000
3faf4000
3f9f3000
3f90e000
3f85d000
3f776000
3f67a000
3f576000
3fc9e000
3fb4a000
3fa3b000
3f949000
3f88f000
3f7d0000
3f6cc000
3f5be000
3f4ec000
3fb96000
3fa84000
3f987000
3f8c5000
3f817000
3f70a000
3f60c000
3f524000
3fbf8000
3fad0000
3f9d0000
3f901000
3f84c000
3f774000
3f65a000
3f574000
3fc58000
3fb1c000
3fa10000
3f935000
3f878000
3f7bc000
3f69a000
3f5ac000
3fcc7000
3fb76000
3fa5c000
3f974000
3f8ae000
3f80b000
3f6ec000
3f5fc000
3f514000
3fbbf000
3fa92000
3f9ac000
3f8d8000
3f835000
3f73e000
3f63c000
3f54c000
3fc2e000
3faec000
3f9f8000
3f917000
3f86b000
3f798000
3f68e000
3f594000
3fc8e000
3fb38000
3fa38000
3f94b000
3f897000
3f7e0000
3f6ce000
3f5cc000
3fcfd000
3fb92000
3fa84000
3f98a000
3f8cd000
3f81d000
3f72c000
3f620000
3f542000
3fbdd000
3fac1000
3f9c4000
3f8fb000
3f849000
3f774000
3f660000
3f57a000
3fc4c000
3fb1b000
3fa10000
3f93a000
3f87f000
3f7ce000
3f6b2000
3f5c2000
3fcac000
3fb67000
3fa50000
3f96e000
3f8ab000
3f80b000
3f6f2000
3f5fa000
3fd1b000
3fbc1000
3fa9c000
3f9ad000
3f8e1000
3f83c000
3f750000
3f654000
3f562000
3fc13000
3fadd000
3f9ec000
3f911000
3f868000
3f798000
3f694000
3f59a000
3fc82000
3fb37000
3fa38000
3f950000
3f89e000
3f7f2000
3f6e6000
3f5e2000
3fce2000
3fb83000
3fa78000
3f984000
3f8ca000
3f81d000
3f726000
3f61a000
3fd51000
3fbdd000
3fac4000
3f9c3000
3f900000
3f850000
3f786000
3f678000
3f590000
3fc31000
3fb0c000
3fa04000
3f934000
3f87c000
3f7ce000
3f6b8000
3f5c8000
3fca0000
3fb66000
3fa50000
3f973000
3f8b2000
3f814000
3f70a000
3f610000
3fd00000
3fbb2000
3fa90000
3f9a7000
3f8de000
3f838000
3f74a000
3f648000
3fd6f000
3fc0c000
3fadc000
3f9ec000
3f916000
3f86f000
3f7aa000
3f6ac000
3f5b0000
3fc67000
3fb28000
3fa2c000
3f94a000
3f89b000
3f7f2000
3f6ec000
3f5e8000
3fcd6000
3fb82000
3fa78000
3f989000
3f8d1000
3f826000
3f73e000
3f630000
3fd36000
3fbce000
3fab8000
3f9bd000
3f8fd000
3f84a000
3f77e000
3f668000
3fda5000
3fc28000
3fb0b000
3fa04000
3f939000
3f883000
3f7e0000
3f6d0000
3f5de000
3fc85000
3fb57000
3fa44000
3f96d000
3f8af000
3f814000
3f710000
3f616000
3fcf4000
3fbb1000
3fa90000
3f9ac000
3f8e5000
3f841000
3f762000
3f65e000
3fd54000
3fbfd000
3fad0000
3f9e0000
3f911000
3f865000
3f7a2000
3f696000
3fdc3000
3fc5b000
3fb27000
3fa2c000
3f94f000
3f8a2000
3f802000
3f704000
3f5fe000
3fcbb000
3fb73000
3fa6c000
3f983000
3f8ce000
3f826000
3f744000
3f636000
3fd2a000
3fbcd000
3fab8000
3f9c2000
3f904000
3f853000
3f796000
3f67e000
3fd8a000
3fc19000
3faf8000
3f9f6000
3f930000
3f877000
3f7d6000
3f6b6000
3f5e4000
3fc79000
3fb56000
3fa44000
3f972000
3f8b6000
3f81d000
3f728000
3f62c000
3fcd9000
3fba2000
3fa84000
3f9a6000
3f8e2000
3f841000
3f768000
3f664000
3fd4b000
3fbf8000
3fad6000
3f9eb000
3f91f000
3f87a000
3f7bc000
3f6bc000
3fdb3000
3fc4c000
3fb1a000
3fa23000
3f94f000
3f8a2000
3f802000
3f6f6000
3f5fc000
3fca4000
3fb5e000
3fa6b000
3f986000
3f8d5000
3f833000
3f750000
3f64c000
3fd0c000
3fbb2000
3faaf000
3f9be000
3f905000
3f85b000
3f798000
3f68c000
3fd83000
3fc14000
3faff000
3fa01000
3f93f000
3f88c000
3f7f2000
3f6dc000
3fdeb000
3fc68000
3fb43000
3fa39000
3f96f000
3f8b4000
3f81e000
3f71a000
3f62c000
3fcc2000
3fb8f000
3fa83000
3f9aa000
3f8e9000
3f84f000
3f774000
3f67c000
3fd2a000
3fbe3000
3fac7000
3f9e2000
3f919000
3f877000
3f7bc000
3f6bc000
3fda1000
3fc45000
3fb17000
3fa25000
3f953000
3f8a8000
3f80b000
3f70c000
3fe09000
3fc99000
3fb5b000
3fa5d000
3f983000
3f8cf000
3f830000
3f750000
3f64c000
3fcfa000
3fbab000
3faac000
3f9c0000
3f909000
3f861000
3f7aa000
3f69c000
3fd62000
3fbff000
3faf0000
3f9f8000
3f939000
3f889000
3f7f2000
3f6dc000
3fdd9000
3fc61000
3fb40000
3fa3b000
3f973000
3f8ba000
3f826000
3f72c000
3fe41000
3fcb5000
3fb84000
3fa73000
3f9a1000
3f8e3000
3f84c000
3f774000
3f67c000
3fd18000
3fbdc000
3fac4000
3f9e4000
3f91d000
3f87d000
3f7ce000
3f6cc000
3fd80000
3fc30000
3fb08000
3fa1c000
3f94d000
3f8a5000
3f80b000
3f70c000
3fdf7000
3fc92000
3fb58000
3fa5f000
3f987000
3f8d6000
3f838000
3f75c000
3fe5f000
3fce6000
3fb9c000
3fa9d000
3f9b7000
3f903000
3f85e000
3f7aa000
3f69c000
3fd50000
3fbf8000
3faed000
3f9fa000
3f93d000
3f88f000
3f802000
3f6ec000
3fdb8000
3fc4c000
3fb31000
3fa32000
3f96d000
3f8b7000
3f826000
3f72c000
3fe2f000
3fcae000
3fb81000
3fa75000
3f9a7000
3f8e8000
3f853000
3f77c000
3fe97000
3fd02000
3fbc7000
3fab5000
3f9db000
3f917000
3f87a000
3f7ce000
3f6cc000
3fd6e000
3fc29000
3fb05000
3fa1e000
3f951000
3f8ab000
3f814000
3f71c000
3fdd6000
3fc7d000
3fb49000
3fa56000
3f981000
3f8d3000
3f838000
3f75c000
3fe4d000
3fcdf000
3fb99000
3fa99000
3f9bb000
3f904000
3f865000
3f7ac000
3feb5000
3fd2f000
3fbe3000
3fade000
3f9f1000
3f937000
3f88c000
3f802000
3f6ec000
3fda6000
3fc45000
3fb2e000
3fa34000
3f971000
3f8bd000
3f82f000
3f73c000
3fe0e000
3fc99000
3fb72000
3fa6c000
3f9a1000
3f8e5000
3f853000
3f77c000
3fe85000
3fcfb000
3fbc2000
3faaf000
3f9db000
3f916000
3f880000
3f7cc000
3f6dc000
3fd4d000
3fc14000
3faf6000
3fa15000
3f94b000
3f8a8000
3f814000
3f71c000
3fdc4000
3fc76000
3fb46000
3fa58000
3f985000
3f8d9000
3f841000
3f76c000
3fe2c000
3fcca000
3fb8a000
3fa90000
3f9b5000
3f901000
3f865000
3f7ac000
3fea9000
3fd2a000
3fbe3000
3fadc000
3f9fa000
3f942000
3f88f000
3f808000
3f704000
3fd80000
3fc22000
3fb1d000
3fa28000
3f96b000
3f8be000
3f82c000
3f744000
3fdfb000
3fc88000
3fb71000
3fa6f000
3f9a9000
3f8f3000
3f859000
3f794000
3fe67000
3fce0000
3fbb9000
3faab000
3f9dd000
3f91f000
3f87d000
3f7d4000
3fee2000
3fd46000
3fc0d000
3faf2000
3fa1b000
3f954000
3f8af000
3f81a000
3f734000
3fd9e000
3fc54000
3fb35000
3fa4d000
3f97f000
3f8db000
3f83e000
3f774000
3fe19000
3fcba000
3fb89000
3fa94000
3f9bd000
3f910000
3f86b000
3f7c4000
3fe85000
3fd12000
3fbd1000
3fad0000
3f9f1000
3f93c000
3f88f000
3f802000
3ff00000
3fd78000
3fc25000
3fb17000
3fa2f000
3f96c000
3f8c1000
3f835000
3f754000
3fdd7000
3fc70000
3fb5f000
3fa63000
3f9a0000
3f8ed000
3f859000
3f794000
3fe52000
3fcd6000
3fbb3000
3faaa000
3f9de000
3f922000
3f886000
3f7e4000
3febe000
3fd2e000
3fbfb000
3fae6000
3fa12000
3f94e000
3f8aa000
3f812000
3ff39000
3fd94000
3fc4f000
3fb2d000
3fa4c000
3f980000
3f8de000
3f847000
3f784000
3fdf5000
3fca2000
3fb77000
3fa88000
3f9b4000
3f90a000
3f86b000
3f7c4000
3fe70000
3fd08000
3fbcb000
3facf000
3f9f2000
3f93f000
3f898000
3f80a000
3fedc000
3fd60000
3fc13000
3fb0b000
3fa26000
3f96b000
3f8bc000
3f82a000
3ff57000
3fdc6000
3fc67000
3fb59000
3fa62000
3f9a1000
3f8f0000
3f862000
3f7a4000
3fe2e000
3fcbe000
3fba1000
3fa9e000
3f9d5000
3f91c000
3f886000
3f7e4000
3fea9000
3fd24000
3fbf5000
3fae5000
3fa13000
3f951000
3f8b3000
3f81a000
3ff15000
3fd7c000
3fc3d000
3fb21000
3fa47000
3f97d000
3f8d7000
3f83a000
3ff90000
3fde2000
3fc98000
3fb71000
3fa87000
3f9b5000
3f90d000
3f874000
3f7d4000
3fe4c000
3fcf0000
3fbb9000
3fac3000
3f9e9000
3f939000
3f898000
3f80a000
3fec7000
3fd56000
3fc0d000
3fb0a000
3fa27000
3f96e000
3f8c5000
3f832000
3ff33000
3fdae000
3fc55000
3fb46000
3fa5b000
3f99a000
3f8e9000
3f852000
3ffae000
3fe19000
3fcb4000
3fb9b000
3fa9d000
3f9d6000
3f91f000
3f88f000
3f7f4000
3fe85000
3fd0c000
3fbe3000
3fad9000
3fa0a000
3f94b000
3f8b3000
3f81a000
3ff00000
3fd72000
3fc37000
3fb20000
3fa48000
3f980000
3f8e0000
3f842000
3ff6c000
3fdca000
3fc7f000
3fb5c000
3fa7c000
3f9ac000
3f904000
3f862000
3f7d4000
3fe37000
3fce6000
3fbb3000
3fac2000
3f9ea000
3f93c000
3f8a1000
3f812000
3fea3000
3fd3e000
3fbfb000
3fafe000
3fa1e000
3f968000
3f8c5000
3f832000
3ff1e000
3fda4000
3fc4f000
3fb45000
3fa5c000
3f99d000
3f8f2000
3f85a000
3ff8a000
3fdfc000
3fc97000
3fb81000
3fa90000
3f9c9000
3f916000
3f88f000
3f7f4000
3f660000
3f4ea000
3f3d8000
3f2d6000
3f20e000
3f156000
3f0b6000
3f022000
3f6d8000
3f54a000
3f428000
3f316000
3f246000
3f186000
3f0de000
3f04a000
3f76e000
3f5c6000
3f490000
3f36c000
3f292000
3f1c8000
3f118000
3f082000
3f7e6000
3f626000
3f4e0000
3f3ac000
3f2ca000
3f1f8000
3f144000
3f0a0000
3f014000
3f69c000
3f53a000
3f408000
3f312000
3f236000
3f186000
3f0da000
3f04c000
3f714000
3f59a000
3f458000
3f352000
3f26e000
3f1b6000
3f102000
3f074000
3f7aa000
3f616000
3f4c0000
3f3a8000
3f2ba000
3f1f8000
3f13c000
3f0ac000
3f811000
3f676000
3f510000
3f3e8000
3f2f2000
3f220000
3f168000
3f0ce000
3f034000
3f6f6000
3f572000
3f44c000
3f33e000
3f26c000
3f1aa000
3f108000
3f06c000
3f76e000
3f5d2000
3f49c000
3f37e000
3f2a4000
3f1da000
3f130000
3f094000
3f802000
3f64e000
3f504000
3f3d4000
3f2f0000
3f21c000
3f16a000
3f0cc000
3f83e000
3f6ae000
3f554000
3f414000
3f324000
3f248000
3f198000
3f0f2000
3f05e000
3f732000
3f5c2000
3f47c000
3f37a000
3f294000
3f1da000
3f12c000
3f096000
3f7aa000
3f622000
3f4cc000
3f3ba000
3f2cc000
3f20a000
3f154000
3f0be000
3f820000
3f69e000
3f534000
3f410000
3f318000
3f24c000
3f18e000
3f0f6000
3f85c000
3f6fe000
3f584000
3f458000
3f350000
3f27e000
3f1bc000
3f120000
3f07e000
3f78c000
3f5fa000
3f4c0000
3f3a6000
3f2ca000
3f1fe000
3f15a000
3f0b6000
3f802000
3f65a000
3f510000
3f3e6000
3f302000
3f22e000
3f182000
3f0de000
3f84d000
3f6d6000
3f578000
3f43c000
3f34e000
3f270000
3f1bc000
3f116000
3f889000
3f736000
3f5ce000
3f488000
3f38c000
3f2a6000
3f1ec000
3f144000
3f0a8000
3f7c8000
3f64a000
3f4f0000
3f3e2000
3f2f2000
3f22e000
3f17e000
3f0e0000
3f820000
3f6aa000
3f540000
3f422000
3f32a000
3f25e000
3f1a6000
3f108000
3f86b000
3f726000
3f5a8000
3f478000
3f376000
3f2a0000
3f1e0000
3f140000
3f8a7000
3f78c000
3f606000
3f4cc000
3f3b8000
3f2dc000
3f210000
3f172000
3f0c8000
3f811000
3f682000
3f534000
3f40e000
3f328000
3f252000
3f1ac000
3f100000
3f84d000
3f6e2000
3f584000
3f44e000
3f360000
3f282000
3f1d4000
3f128000
3f898000
3f75e000
3f5ec000
3f4a4000
3f3ac000
3f2c4000
3f20e000
3f160000
3f0ca000
3f7c8000
3f656000
3f4fc000
3f3f4000
3f304000
3f240000
3f196000
3f0f2000
3f82f000
3f6d2000
3f564000
3f44a000
3f350000
3f282000
3f1d0000
3f12a000
3f86b000
3f732000
3f5b4000
3f48a000
3f388000
3f2b2000
3f1f8000
3f152000
3f8b6000
3f7ae000
3f61c000
3f4e0000
3f3d4000
3f2f4000
3f232000
3f19c000
3f0ea000
3f811000
3f68e000
3f540000
3f420000
3f33a000
3f264000
3f1c4000
3f112000
3f859000
3f6f2000
3f5ae000
3f478000
3f38e000
3f2b6000
3f1fa000
3f152000
3f89d000
3f762000
3f606000
3f4c0000
3f3ce000
3f2ee000
3f22a000
3f17a000
3f8f0000
3f7ee000
3f676000
3f51e000
3f422000
3f338000
3f266000
3f1ac000
3f11c000
3f824000
3f6ba000
3f56e000
3f458000
3f362000
3f29e000
3f1dc000
3f144000
3f877000
3f746000
3f5de000
3f4b6000
3f3b6000
3f2e8000
3f21e000
3f17c000
3f8bb000
3f7b6000
3f636000
3f4fe000
3f3f6000
3f320000
3f24e000
3f1a4000
3f90e000
3f821000
3f6a6000
3f55c000
3f44a000
3f35a000
3f28a000
3f1dc000
3f13c000
3f853000
3f6f2000
3f5b4000
3f484000
3f39a000
3f2c2000
3f20c000
3f164000
3f8a6000
3f77e000
3f624000
3f4e2000
3f3ee000
3f30c000
3f24e000
3f19c000
3f8ea000
3f7ee000
3f67c000
3f52a000
3f42e000
3f344000
3f27e000
3f1c4000
3f93d000
3f83d000
3f6ec000
3f588000
3f47a000
3f382000
3f2bc000
3f200000
3f166000
3f871000
3f746000
3f5e4000
3f4c2000
3f3c2000
3f2f4000
3f230000
3f18e000
3f8c4000
3f7d2000
3f654000
3f520000
3f416000
3f33e000
3f272000
3f1c6000
3f908000
3f821000
3f6ac000
3f568000
3f456000
3f376000
3f2a2000
3f1ee000
3f95b000
3f867000
3f71c000
3f5d2000
3f4a6000
3f3ba000
3f2e0000
3f230000
3f186000
3f8a0000
3f77e000
3f62a000
3f4ee000
3f3fa000
3f318000
3f260000
3f1ae000
3f8f3000
3f805000
3f69a000
3f54c000
3f44e000
3f362000
3f2a2000
3f1e6000
3f937000
3f83d000
3f6f2000
3f594000
3f48e000
3f39a000
3f2d2000
3f20e000
3f98a000
3f883000
3f762000
3f602000
3f4e4000
3f3e2000
3f312000
3f254000
3f1b0000
3f8be000
3f7d2000
3f65a000
3f52c000
3f422000
3f34a000
3f284000
3f1d8000
3f911000
3f82f000
3f6ca000
3f58a000
3f476000
3f394000
3f2c6000
3f210000
3f955000
3f867000
3f722000
3f5d2000
3f4b6000
3f3cc000
3f2f6000
3f238000
3f9a8000
3f8a9000
3f79a000
3f648000
3f510000
3f41a000
3f336000
3f284000
3f1d0000
3f8ed000
3f805000
3f6a0000
3f558000
3f45a000
3f36e000
3f2b4000
3f1f8000
3f940000
3f84b000
3f710000
3f5b6000
3f4ae000
3f3b8000
3f2f6000
3f230000
3f984000
3f883000
3f768000
3f5fe000
3f4ee000
3f3f0000
3f326000
3f258000
3f1c2000
3f8c7000
3f7ee000
3f678000
3f54e000
3f442000
3f368000
3f2a8000
3f1fa000
3f90b000
3f82f000
3f6d0000
3f596000
3f482000
3f3a0000
3f2d8000
3f222000
3f95e000
3f875000
3f740000
3f5f4000
3f4d6000
3f3ea000
3f31a000
3f25a000
3f9a2000
3f8ad000
3f798000
3f63c000
3f516000
3f422000
3f34a000
3f296000
3f1e2000
3f8f6000
3f813000
3f6be000
3f57a000
3f47a000
3f38c000
3f2d8000
3f21a000
3f93a000
3f84b000
3f716000
3f5c2000
3f4ba000
3f3c4000
3f308000
3f242000
3f992000
3f88b000
3f792000
3f62c000
3f51e000
3f41e000
3f344000
3f28a000
3f9de000
3f8c7000
3f7f2000
3f67c000
3f566000
3f456000
3f384000
3f2b4000
3f206000
3f909000
3f830000
3f6ea000
3f5b6000
3f4a2000
3f3ce000
3f2f6000
3f246000
3f955000
3f86c000
3f74a000
3f606000
3f4ea000
3f406000
3f326000
3f276000
3f9b0000
3f8b6000
3f7c2000
3f66c000
3f546000
3f450000
3f368000
3f2b6000
3f9fc000
3f8f2000
3f811000
3f6bc000
3f58e000
3f480000
3f3a8000
3f2e4000
3f226000
3f93a000
3f84c000
3f732000
3f5e2000
3f4dc000
3f3f2000
3f326000
3f266000
3f986000
3f888000
3f792000
3f632000
3f524000
3f42a000
3f356000
3f296000
3f9e1000
3f8d2000
3f805000
3f698000
3f580000
3f474000
3f398000
3f2d6000
3fa2d000
3f90e000
3f835000
3f6e8000
3f5bc000
3f4a8000
3f3da000
3f308000
3f252000
3f958000
3f877000
3f762000
3f622000
3f504000
3f424000
3f34a000
3f292000
3f9a4000
3f8b3000
3f7c2000
3f672000
3f54c000
3f45c000
3f37a000
3f2c2000
3f9ff000
3f8fd000
3f81d000
3f6d8000
3f5a8000
3f4a6000
3f3bc000
3f302000
3fa4b000
3f939000
3f84d000
3f732000
3f5e8000
3f4e2000
3f3fe000
3f338000
3f272000
3f989000
3f893000
3f7aa000
3f64e000
3f53e000
3f448000
3f37a000
3f2b2000
3f9d5000
3f8cf000
3f805000
3f69e000
3f586000
3f480000
3f3aa000
3f2e2000
3fa30000
3f919000
3f841000
3f704000
3f5e2000
3f4ca000
3f3ec000
3f322000
3fa7c000
3f955000
3f874000
3f762000
3f628000
3f50a000
3f430000
3f35c000
3f29e000
3f9a7000
3f8be000
3f7da000
3f68e000
3f566000
3f47a000
3f39e000
3f2de000
3f9f3000
3f8fa000
3f81d000
3f6de000
3f5ae000
3f4b2000
3f3ce000
3f30e000
3fa4e000
3f944000
3f859000
3f744000
3f60a000
3f4fc000
3f410000
3f34e000
3fa9a000
3f97d000
3f890000
3f7aa000
3f654000
3f544000
3f454000
3f38c000
3f2be000
3f9d8000
3f8da000
3f811000
3f6ba000
3f5a0000
3f49e000
3f3ce000
3f2fe000
3fa24000
3f916000
3f841000
3f70a000
3f5e8000
3f4d6000
3f3fe000
3f32e000
3fa7f000
3f960000
3f87d000
3f770000
3f644000
3f520000
3f440000
3f36e000
3f2ba000
3f99b000
3f8bb000
3f7da000
3f694000
3f56c000
3f486000
3f3b0000
3f2ea000
3f9f6000
3f905000
3f829000
3f6fa000
3f5c8000
3f4d0000
3f3f2000
3f32a000
3fa42000
3f941000
3f859000
3f74a000
3f610000
3f508000
3f422000
3f35a000
3fa9d000
3f98b000
3f895000
3f7b0000
3f66c000
3f552000
3f464000
3f3b0000
3f2da000
3f9cc000
3f8d7000
3f811000
3f6c0000
3f5a6000
3f4aa000
3f3e0000
3f30a000
3fa27000
3f921000
3f84d000
3f726000
3f602000
3f4f4000
3f422000
3f34a000
3fa73000
3f95d000
3f87d000
3f776000
3f64a000
3f52c000
3f452000
3f37a000
3fad6000
3f9a5000
3f8c4000
3f7ee000
3f6ae000
3f596000
3f4a6000
3f3c2000
3f30e000
3f9e6000
3f8f5000
3f828000
3f6fc000
3f5d6000
3f4e6000
3f3fa000
3f33e000
3fa45000
3f943000
3f868000
3f76a000
3f632000
3f538000
3f444000
3f37e000
3fa95000
3f983000
3f89c000
3f7c2000
3f67a000
3f578000
3f47c000
3f3ae000
3faf4000
3f9d1000
3f8dc000
3f818000
3f6d6000
3f5c8000
3f4ca000
3f3f4000
3f32e000
3fa18000
3f911000
3f84d000
3f728000
3f610000
3f50a000
3f42c000
3f35e000
3fa77000
3f95f000
3f88d000
3f796000
3f66c000
3f55c000
3f476000
3f39e000
3fac7000
3f99f000
3f8c1000
3f7ee000
3f6b4000
3f59c000
3f4ae000
3f3ce000
3fb26000
3f9ed000
3f901000
3f82e000
3f712000
3f5f0000
3f4fe000
3f418000
3f35a000
3fa36000
3f93d000
3f865000
3f76a000
3f638000
3f53e000
3f450000
3f38a000
3fa95000
3f98b000
3f8a5000
3f7d8000
3f694000
3f590000
3f49a000
3f3ca000
3fae5000
3f9cb000
3f8d9000
3f818000
3f6dc000
3f5d0000
3f4d2000
3f3fa000
3fb44000
3fa19000
3f919000
3f856000
3f73e000
3f62a000
3f522000
3f44a000
3f37a000
3fa68000
3f959000
3f88a000
3f796000
3f672000
3f562000
3f482000
3f3aa000
3fac7000
3f9a7000
3f8ca000
3f802000
3f6ce000
3f5b4000
3f4cc000
3f3ea000
3fb17000
3f9e7000
3f8fe000
3f82e000
3f716000
3f5f4000
3f504000
3f41a000
3fb76000
3fa35000
3f945000
3f86e000
3f780000
3f652000
3f556000
3f46e000
3f3a6000
3fa86000
3f985000
3f8a2000
3f7d8000
3f69a000
3f596000
3f4a6000
3f3d6000
3fae5000
3f9d3000
3f8e2000
3f823000
3f6f6000
3f5e8000
3f4f0000
3f416000
3fb35000
3fa13000
3f916000
3f84f000
3f73e000
3f628000
3f528000
3f446000
3fb94000
3fa68000
3f961000
3f893000
3f7ac000
3f68c000
3f57a000
3f4a0000
3f3c6000
3fab8000
3f9a1000
3f8c7000
3f802000
3f6d4000
3f5ba000
3f4d8000
3f3f6000
3fb17000
3f9ef000
3f907000
3f839000
3f730000
3f60c000
3f522000
3f436000
3fb67000
3fa2f000
3f93b000
3f865000
3f778000
3f64c000
3f55a000
3f466000
3f3b2000
3fa86000
3f98d000
3f8ab000
3f7ee000
3f6b4000
3f5ae000
3f4c4000
3f3f2000
3fad6000
3f9cd000
3f8df000
3f823000
3f6fc000
3f5ee000
3f4fc000
3f422000
3fb35000
3fa1b000
3f91f000
3f85a000
3f758000
3f640000
3f546000
3f462000
3fb85000
3fa5b000
3f953000
3f886000
3f7a0000
3f680000
3f57e000
3f4ac000
3f3d2000
3fab8000
3f9a9000
3f8d0000
3f80d000
3f6ee000
3f5d2000
3f4f6000
3f412000
3fb08000
3f9e9000
3f904000
3f839000
3f736000
3f612000
3f52e000
3f442000
3fb67000
3fa37000
3f944000
3f870000
3f792000
3f664000
3f578000
3f482000
3fbb7000
3fa77000
3f978000
3f89c000
3f7da000
3f6a4000
3f5b4000
3f4d0000
3f3fe000
3facb000
3f9c4000
3f8e2000
3f82c000
3f716000
3f60e000
3f50e000
3f442000
3fb23000
3fa0c000
3f91e000
3f85c000
3f766000
3f656000
3f54e000
3f47a000
3fb8a000
3fa62000
3f966000
3f897000
3f7ca000
3f6b0000
3f5a0000
3f4c2000
3fbe2000
3faaa000
3f9a2000
3f8c7000
3f80d000
3f6ee000
3f5d8000
3f4f0000
3f41a000
3faff000
3f9e0000
3f909000
3f842000
3f752000
3f632000
3f542000
3f462000
3fb57000
3fa28000
3f945000
3f872000
3f7a2000
3f67a000
3f582000
3f49a000
3fbbe000
3fa7e000
3f98d000
3f8ad000
3f803000
3f6d4000
3f5d4000
3f4e2000
3fc16000
3fac6000
3f9c9000
3f8dd000
3f829000
3f716000
3f60e000
3f514000
3f448000
3fb1d000
3fa0e000
3f921000
3f864000
3f77a000
3f668000
3f566000
3f490000
3fb75000
3fa56000
3f95d000
3f894000
3f7ca000
3f6b0000
3f5a6000
3f4c8000
3fbdc000
3faac000
3f9a5000
3f8cf000
3f817000
3f70a000
3f5f8000
3f510000
3fc34000
3faf4000
3f9e1000
3f900000
3f83f000
3f752000
3f632000
3f548000
3f468000
3fb51000
3fa2a000
3f948000
3f87a000
3f7b6000
3f68c000
3f59a000
3f4b0000
3fba9000
3fa72000
3f984000
3f8aa000
3f803000
3f6d4000
3f5da000
3f4e8000
3fc10000
3fac8000
3f9cc000
3f8e5000
3f835000
3f72e000
3f62c000
3f530000
3fc68000
3fb10000
3fa02000
3f918000
3f861000
3f77a000
3f668000
3f56c000
3f496000
3fb6f000
3fa58000
3f960000
3f89c000
3f7de000
3f6c2000
3f5be000
3f4de000
3fbc7000
3faa0000
3f99c000
3f8cc000
3f817000
3f70a000
3f5fe000
3f516000
3fc2e000
3faf6000
3f9e4000
3f907000
3f849000
3f764000
3f650000
3f55e000
3fc86000
3fb3c000
3fa1e000
3f93f000
3f877000
3f7b6000
3f68c000
3f5a0000
3f4b6000
3fba3000
3fa74000
3f987000
3f8b2000
3f80d000
3f6e6000
3f5f2000
3f4fe000
3fbfb000
3fabc000
3f9c3000
3f8e2000
3f835000
3f72e000
3f632000
3f536000
3fc62000
3fb12000
3fa0b000
3f91d000
3f867000
3f788000
3f684000
3f57e000
3f4ac000
3fb5a000
3fa4c000
3f957000
3f899000
3f7de000
3f6c2000
3f5c4000
3f4e4000
3fbc1000
3faa2000
3f99f000
3f8d4000
3f821000
3f71c000
3f616000
3f52c000
3fc19000
3faea000
3f9db000
3f904000
3f849000
3f764000
3f656000
3f564000
3fc80000
3fb40000
3fa23000
3f93f000
3f87b000
3f7be000
3f6a8000
3f5b8000
3f4cc000
3fb8e000
3fa68000
3f97e000
3f8af000
3f80d000
3f6e6000
3f5f8000
3f504000
3fbf5000
3fabe000
3f9c6000
3f8ea000
3f83f000
3f740000
3f64a000
3f54c000
3fc4d000
3fb06000
3fa02000
3f91a000
3f867000
3f788000
3f68a000
3f584000
3fcb4000
3fb5c000
3fa4a000
3f955000
3f899000
3f7e2000
3f6d4000
3f5dc000
3f4fa000
3fbac000
3fa96000
3f996000
3f8d1000
3f821000
3f71c000
3f61c000
3f532000
3fc10000
3fae3000
3f9e0000
3f90e000
3f857000
3f786000
3f66a000
3f582000
3fc70000
3fb2f000
3fa20000
3f942000
3f883000
3f7ce000
3f6aa000
3f5ba000
3fcdf000
3fb89000
3fa6c000
3f981000
3f8b9000
3f814000
3f708000
3f60c000
3f522000
3fbd7000
3faa5000
3f9bc000
3f8e5000
3f840000
3f750000
3f64c000
3f55a000
3fc46000
3faff000
3fa08000
3f924000
3f876000
3f7aa000
3f69e000
3f5a2000
3fca6000
3fb4b000
3fa48000
3f958000
3f8a2000
3f7f2000
3f6de000
3f5da000
3fd15000
3fba5000
3fa94000
3f997000
3f8d4000
3f828000
3f73e000
3f630000
3f550000
3fbf5000
3fad4000
3f9d4000
3f908000
3f854000
3f786000
3f670000
3f588000
3fc64000
3fb2e000
3fa20000
3f947000
3f88a000
3f7e0000
3f6c2000
3f5d0000
3fcc4000
3fb7a000
3fa60000
3f97b000
3f8b6000
3f814000
3f702000
3f608000
3fd33000
3fbd4000
3faac000
3f9bc000
3f8ea000
3f847000
3f762000
3f664000
3f570000
3fc2b000
3faf0000
3f9fc000
3f91e000
3f873000
3f7aa000
3f6a4000
3f5a8000
3fc9a000
3fb4a000
3fa48000
3f95d000
3f8a9000
3f802000
3f6f6000
3f5f0000
3fcfa000
3fb96000
3fa88000
3f991000
3f8d5000
3f826000
3f736000
3f628000
3fd69000
3fbf0000
3fad3000
3f9d4000
3f90d000
3f85b000
3f798000
3f688000
3f59e000
3fc49000
3fb1f000
3fa14000
3f941000
3f887000
3f7e0000
3f6c8000
3f5d6000
3fcb8000
3fb79000
3fa60000
3f980000
3f8bd000
3f81d000
3f71a000
3f61e000
3fd18000
3fbc5000
3faa0000
3f9b4000
3f8e9000
3f841000
3f75a000
3f656000
3fd87000
3fc1f000
3faef000
3f9fc000
3f923000
3f87a000
3f7bc000
3f6bc000
3f5be000
3fc7f000
3fb3b000
3fa3c000
3f957000
3f8a6000
3f802000
3f6fc000
3f5f6000
3fcee000
3fb95000
3fa88000
3f996000
3f8dc000
3f82f000
3f74e000
3f63e000
3fd4e000
3fbe1000
3fac8000
3f9ca000
3f908000
3f853000
3f78e000
3f676000
3f5a4000
3fc3d000
3fb1e000
3fa14000
3f946000
3f88e000
3f7f2000
3f6e0000
3f5ec000
3fc9d000
3fb6a000
3fa54000
3f97a000
3f8ba000
3f81d000
3f720000
3f624000
3fd0c000
3fbc4000
3faa0000
3f9b9000
3f8f0000
3f84a000
3f772000
3f66c000
3fd6c000
3fc10000
3fae0000
3f9ed000
3f91c000
3f86e000
3f7b2000
3f6c2000
3f5c4000
3fc73000
3fb3a000
3fa3c000
3f95c000
3f8ad000
3f80b000
3f714000
3f60c000
3fcd3000
3fb86000
3fa7c000
3f990000
3f8d9000
3f82f000
3f754000
3f644000
3fd42000
3fbe0000
3fac8000
3f9cf000
3f90f000
3f85c000
3f7a6000
3f68c000
3fda2000
3fc2c000
3fb08000
3fa03000
3f93b000
3f880000
3f7f2000
3f6e6000
3f5f2000
3fc91000
3fb69000
3fa54000
3f97f000
3f8c1000
3f826000
3f738000
3f63a000
3fcf1000
3fbb5000
3fa94000
3f9b3000
3f8ed000
3f84a000
3f778000
3f672000
3fd65000
3fc0d000
3fae7000
3f9f9000
3f92b000
3f884000
3f7ce000
3f6cc000
3fdcd000
3fc61000
3fb2b000
3fa31000
3f95b000
3f8a7000
3f80c000
3f708000
3f60c000
3fcbe000
3fb73000
3fa7c000
3f994000
3f8e1000
3f83d000
3f762000
3f65c000
3fd26000
3fbc7000
3fac0000
3f9cc000
3f911000
3f865000
3f7aa000
3f69c000
3fd9d000
3fc29000
3fb10000
3fa0f000
3f94b000
3f896000
3f802000
3f6ec000
3fe05000
3fc7d000
3fb54000
3fa47000
3f975000
3f8bb000
3f828000
3f72c000
3f63c000
3fcdc000
3fba4000
3fa94000
3f9b8000
3f8f5000
3f859000
3f786000
3f68c000
3fd44000
3fbf8000
3fad8000
3f9f0000
3f925000
3f881000
3f7ce000
3f6cc000
3fdbb000
3fc5a000
3fb28000
3fa33000
3f95f000
3f8b2000
3f814000
3f71c000
3fe23000
3fcae000
3fb6c000
3fa6d000
3f98b000
3f8db000
3f83a000
3f762000
3f65c000
3fd14000
3fbc0000
3fabd000
3f9ce000
3f915000
3f86b000
3f7bc000
3f6ac000
3fd7c000
3fc14000
3fb01000
3fa06000
3f945000
3f893000
3f802000
3f6ec000
3fdf3000
3fc76000
3fb51000
3fa49000
3f97f000
3f8c4000
3f82f000
3f73c000
3fe5b000
3fcca000
3fb8f000
3fa85000
3f9af000
3f8ef000
3f856000
3f786000
3f68c000
3fd32000
3fbf1000
3fad5000
3f9f2000
3f929000
3f887000
3f7e0000
3f6dc000
3fd9a000
3fc45000
3fb19000
3fa2a000
3f959000
3f8af000
3f814000
3f71c000
3fe11000
3fca7000
3fb69000
3fa6d000
3f993000
3f8e0000
3f841000
3f76c000
3fe79000
3fcf3000
3fbab000
3faae000
3f9c5000
3f90f000
3f868000
3f7bc000
3f6ac000
3fd6a000
3fc0d000
3fafe000
3fa08000
3f949000
3f899000
3f80b000
3f6fc000
3fdd2000
3fc61000
3fb42000
3fa40000
3f979000
3f8c1000
3f82f000
3f73c000
3fe49000
3fcc3000
3fb92000
3fa83000
3f9b3000
3f8f2000
3f85c000
3f78c000
3f69c000
3fd11000
3fbdc000
3fac6000
3f9e9000
3f923000
3f884000
3f7e0000
3f6dc000
3fd88000
3fc3e000
3fb16000
3fa2c000
3f95d000
3f8b5000
3f81d000
3f72c000
3fdf0000
3fc92000
3fb5a000
3fa64000
3f98d000
3f8dd000
3f841000
3f76c000
3fe67000
3fcf4000
3fbaa000
3faa7000
3f9c7000
3f90e000
3f86e000
3f7ce000
3f6bc000
3fd49000
3fbf8000
3faef000
3f9ff000
3f943000
3f896000
3f80b000
3f6fc000
3fdc0000
3fc5a000
3fb3f000
3fa42000
3f97d000
3f8c7000
3f838000
3f74c000
3fe28000
3fcae000
3fb83000
3fa7a000
3f9ad000
3f8ef000
3f85c000
3f78c000
3fe9f000
3fd10000
3fbd3000
3fabd000
3f9e7000
3f920000
3f88a000
3f7f2000
3f6ec000
3fd67000
3fc29000
3fb07000
3fa23000
3f957000
3f8b2000
3f81d000
3f72c000
3fdde000
3fc8b000
3fb57000
3fa66000
3f991000
3f8e3000
3f84a000
3f77c000
3fe46000
3fcdf000
3fb9b000
3fa9e000
3f9c1000
3f90b000
3f86e000
3f7bc000
3fec4000
3fd40000
3fbf5000
3faeb000
3fa07000
3f944000
3f89d000
3f811000
3f714000
3fd9b000
3fc38000
3fb2f000
3fa37000
3f978000
3f8c9000
3f835000
3f754000
3fe16000
3fc9e000
3fb83000
3fa7e000
3f9b6000
3f8fe000
3f862000
3f7a4000
3fe82000
3fcf6000
3fbcb000
3faba000
3f9ea000
3f92a000
3f886000
3f7e4000
3fefd000
3fd5c000
3fc1f000
3fb01000
3fa20000
3f958000
3f8ba000
3f823000
3f744000
3fdb9000
3fc6a000
3fb47000
3fa5c000
3f98c000
3f8e6000
3f847000
3f784000
3fe34000
3fcd0000
3fb9b000
3faa3000
3f9ca000
3f91b000
3f874000
3f7d4000
3fea0000
3fd28000
3fbe3000
3fadf000
3f9fe000
3f947000
3f898000
3f80a000
3ff1b000
3fd8e000
3fc37000
3fb29000
3fa36000
3f979000
3f8cc000
3f83e000
3f764000
3fdf2000
3fc86000
3fb71000
3fa72000
3f9ad000
3f8f8000
3f862000
3f7a4000
3fe6d000
3fcec000
3fbc5000
3fab9000
3f9eb000
3f92d000
3f88f000
3f7f4000
3fed9000
3fd44000
3fc0d000
3faf5000
3fa1f000
3f959000
3f8b3000
3f81a000
3ff54000
3fdaa000
3fc60000
3fb41000
3fa5b000
3f98d000
3f8e9000
3f850000
3f794000
3fe10000
3fcb8000
3fb89000
3fa97000
3f9c1000
3f915000
3f874000
3f7d4000
3fe8b000
3fd1e000
3fbdd000
3fade000
3f9ff000
3f94a000
3f8a1000
3f812000
3fef7000
3fd76000
3fc25000
3fb1a000
3fa33000
3f976000
3f8c5000
3f832000
3ff72000
3fddd000
3fc7c000
3fb6b000
3fa71000
3f9ae000
3f8fb000
3f86b000
3f7b4000
3fe49000
3fcd4000
3fbb3000
3faad000
3f9e2000
3f927000
3f88f000
3f7f4000
3fec4000
3fd3a000
3fc07000
3faf4000
3fa20000
3f95c000
3f8bc000
3f822000
3ff30000
3fd92000
3fc4f000
3fb30000
3fa54000
3f988000
3f8e0000
3f842000
3f794000
3fdfb000
3fcae000
3fb83000
3fa96000
3f9c2000
3f918000
3f87d000
3f7e4000
3fe67000
3fd06000
3fbcb000
3fad2000
3f9f6000
3f944000
3f8a1000
3f812000
3fee2000
3fd6c000
3fc1f000
3fb19000
3fa34000
3f979000
3f8ce000
3f83a000
3ff4e000
3fdc4000
3fc67000
3fb55000
3fa68000
3f9a5000
3f8f2000
3f86b000
3f7b4000
3fe34000
3fcca000
3fbad000
3faac000
3f9e3000
3f92a000
3f898000
3f802000
3fea0000
3fd22000
3fbf5000
3fae8000
3fa17000
3f956000
3f8bc000
3f822000
3ff1b000
3fd88000
3fc49000
3fb2f000
3fa55000
3f98b000
3f8e9000
3f84a000
3ff87000
3fde0000
3fc91000
3fb6b000
3fa89000
3f9b7000
3f912000
3f87d000
3f7e4000
3fe52000
3fcfc000
3fbc5000
3fad1000
3f9f7000
3f947000
3f8aa000
3f81a000
3febe000
3fd54000
3fc0d000
3fb0d000
3fa2b000
3f973000
3f8ce000
3f83a000
3ff39000
3fdba000
3fc61000
3fb54000
3fa69000
3f9a8000
3f8fb000
3f862000
3ffa5000
3fe12000
3fca9000
3fb90000
3fa9d000
3f9da000
3f924000
3f898000
3f802000
403c2000
447ce000
cb85e000
3fa87000
39910000
44f04000
4fbc2000
bc402000
438d6000
4e3b9000
b9160000
b9002000
c1a64000
2f0a1000
43933000
368fc000
b957e000
3ac13000
480d4000
4d452000
bd91d000
44e44000
ca5d6000
bc914000
48395000
41891000
45a06000
bfb72000
43b18000
cbcce000
c1820000
3aff4000
3c60a000
c591f000
cc2ae000
c3dfe000
37a08000
45999000
b71ee000
b1fce000
c9fc0000
b768a000
b7021000
b1d78000
3365f000
c3548000
377b4000
3e449000
c8496000
bea34000
47d7a000
c4fc4000
37d6e000
4c177000
c354c000
c5fce000
ba59a000
c6682000
bd3d2000
481a4000
3e728000
41014000
37e1e000
463c5000
43898000
46b49000
b8b1c000
c6266000
b6c1f000
b745c000
47712000
42376000
460d5000
be9b1000
3c24a000
b6358000
ba63c000
3f980000
b4744000
ba93b000
c3eac000
4c3d1000
33be6000
3d199000
4d83a000
cc9b1000
bc9c1000
c031c000
40494000
4cdda000
4311b000
432b8000
3dacd000
bf48c000
364b8000
4a5c4000
39996000
b7f00000
bfba7000
c3e3c000
c6ed4000
b5fac000
41928000
4b6f8000
48d54000
3b200000
352d0000
be0cb000
b8a32000
b893a000
44342000
cb0e7000
bfdea000
3f9c2000
449f4000
c493f000
caf50000
c6af6000
c6bf2000
4ade4000
481bc000
b7a16000
c4399000
3d33a000
3074a000
bc374000
c1129000
41852000
3adea000
be0a5000
ca901000
b7374000
b6ada000
47b32000
c236e000
47551000
c7b4c000
37897000
43a57000
ba46c000
b9297000
4233f000
40464000
435f6000
ca5d4000
44ca0000
3c534000
c5ce4000
3c818000
c2688000
c78e8000
36ef6000
bd9dc000
cea98000
c088c000
c0bae000
36c10000
3ea68000
44c4c000
38ba4000
3cd06000
baa72000
387d8000
38de4000
4accd000
35850000
3a20c000
3287a000
40029000
bf03e000
c7d64000
b9941000
b7574000
45936000
bba92000
b4dea000
3fade000
4b034000
be04f000
b4af0000
3a5b8000
36e34000
af8dc000
4d762000
b938f000
3ad06000
bced4000
bceb4000
40a48000
c7d62000
32e73000
bd72a000
47c22000
3446e000
43867000
4da22000
433b0000
bc950000
3a76e000
be08e000
42a76000
ca237000
406dc000
bb54a000
3ea70000
3f80b000
422ac000
ccdb5000
3ee30000
bb1c2000
cfce0000
44ac0000
c26d3000
bd220000
4b762000
45814000
c5549000
c0024000
3c359000
385f4000
43032000
4794d000
39a14000
ca021000
bb315000
bc3ce000
b7e0a000
37904000
c68b3000
49e00000
36e3e000
c23f0000
bc69e000
455fa000
3b5de000
3924a000
b69de000
3a9f4000
3cfd8000
ba0c3000
bc20a000
c0b35000
3c9f0000
b201d000
c0eba000
43168000
bcfa4000
b9402000
c5174000
baad2000
47972000
45ca8000
c00f1000
c0344000
39886000
bfa6d000
b9442000
37dbc000
ba546000
438e9000
bb606000
bdbde000
3c820000
b242e000
bed58000
3c005000
beeb8000
b6dce000
c3714000
cba9c000
b2fda000
47079000
bbb1a000
bd53c000
38cfa000
46498000
4e979000
3a29a000
c04dc000
ba2b7000
bb8e6000
ca252000
419af000
4e042000
40e61000
3eed8000
beae7000
bd2a6000
47181000
badb4000
c362c000
b8e68000
c4bb2000
3cf2a000
4eb62000
501b1000
bb0fc000
485b4000
3c851000
40aaa000
3c8fd000
c9298000
3c340000
bd2cd000
425fa000
3c002000
41ff2000
b5434000
3522b000
cde7a000
bb119000
38750000
be462000
c2446000
c2871000
3daa0000
4d768000
af105000
3513b000
cb0ad000
48228000
3d193000
bfa94000
b9d38000
bc3ce000
c5ce2000
479ae000
3daf0000
3b80d000
3b01d000
42187000
45985000
d03f4000
b1afe000
bb084000
38aef000
c50a1000
3959b000
401b0000
c20b1000
47d24000
427c4000
4178e000
bff20000
bee88000
40257000
c6a66000
3e4cc000
39cb2000
3c1c6000
3f69c000
b9e9e000
bf093000
44c8e000
4284d000
4aae6000
3d308000
3d3ec000
4037e000
c386b000
c6ad8000
42bda000
c7794000
af1b9000
ba5f4000
36ed4000
bc80a000
3c1af000
c976e000
44a88000
c0aea000
bc270000
33141000
b8ff2000
c828d000
bebaa000
3c966000
c22d8000
3de86000
36c79000
c0f0e000
39385000
c3eee000
c0e30000
41afe000
b6005000
c4c94000
b96ee000
3d55c000
4714f000
3f732000
c7a80000
beeec000
45ab8000
b5133000
bea66000
c6d92000
44c40000
c4c06000
c8dbe000
bf0c9000
3583c000
b6014000
c11a9000
b9b0f000
479b5000
4c604000
ba9bc000
c8a82000
3c317000
417e0000
b7a92000
c2e2a000
c5089000
37d5a000
ccc62000
3e065000
bd392000
4ee70000
b6128000
b6ef8000
453ba000
af15d000
41c77000
cd496000
cd5a6000
3e913000
b530a000
bbed0000
c54de000
3cbf2000
3a50c000
378a5000
c80b5000
3a12a000
39b04000
4de3e000
c48aa000
bf0e8000
be19e000
40aca000
47074000
c3108000
33666000
41238000
cc921000
ba10c000
3c7c2000
bbc54000
b9532000
41f30000
c3e9c000
367d2000
47732000
36b48000
316bc000
b68cf000
41911000
c2aee000
c1038000
bf238000
c2470000
42662000
bd7b6000
4a294000
c7a4d000
4a814000
43a10000
bdd0a000
b1035000
32786000
3404a000
bd37e000
42277000
4214f000
b262a000
3de02000
3e358000
c4a30000
bbfb4000
c6f44000
3bcda000
344d0000
43fd0000
c0a3a000
3dac9000
c313b000
34020000
3b154000
b3b24000
c008f000
3ecd0000
c20d8000
3ad98000
baff2000
bc565000
3d10e000
3d592000
c08b4000
3efaa000
3d921000
34832000
3d8d8000
c2546000
31ac1000
41da6000
c7478000
be324000
ce88f000
b8a6e000
c0002000
4750a000
4187b000
40951000
bf6c0000
c83e2000
c6b20000
af129000
3c978000
ce484000
4a275000
b935e000
cb526000
47017000
4533e000
bf3be000
45cc2000
bc774000
c64d3000
bc21f000
36e8c000
c38bd000
b94ec000
b7636000
c6848000
436ca000
4bdb6000
bd716000
b69cc000
c2e6c000
c2cf0000
3e093000
c095c000
c033d000
bb7d2000
449b3000
b68f5000
c02b1000
3cd8e000
c4e1a000
3f59b000
c1d48000
b616f000
3aad1000
c1d5a000
3a860000
c1b7a000
bc26a000
4fd8c000
bba9a000
45b65000
46d88000
b3798000
bf378000
cbc4e000
3dbda000
3bb2c000
3ce82000
bb894000
c5c6d000
cc478000
3cd42000
c3114000
3f0e8000
ba160000
c85f2000
ce694000
42b88000
43f12000
3e93f000
40a7e000
3ec6e000
bb4be000
3cff2000
bcfae000
48b82000
38b08000
3d23e000
c1458000
3c9f1000
43ed2000
310f7000
3827d000
3d3a7000
349d8000
3cb66000
c0193000
bb71c000
417a4000
bfb81000
3c112000
af90c000
4ac78000
34ae3000
bfb3b000
4b794000
bc88e000
473a8000
b2069000
bd642000
3ae2e000
b7458000
3309e000
bdb96000
3eeba000
c5803000
b2eb0000
b3c72000
c9fce000
33ae8000
c3fd8000
3764c000
342b1000
bf6a6000
48e3a000
bb00d000
47e16000
b1efc000
4a947000
4631a000
42522000
4876a000
b41d4000
47091000
3cc7a000
b205e000
b5cee000
383b2000
c22cc000
b4592000
38b57000
b78ff000
394a6000
c4422000
b79ed000
4594a000
b6538000
bfa8b000
3a118000
38949000
be5aa000
c03d3000
37dcc000
c392c000
c7726000
49932000
c07f2000
3e990000
bcb9a000
c0b96000
4c8aa000
c5532000
c8f1a000
b69b6000
45826000
4618d000
bf002000
3e82c000
bbba2000
4312c000
bb586000
b757f000
3e9f1000
405bc000
b6900000
bf0e8000
4e45a000
bbe10000
448c6000
b8645000
3a0c0000
c763e000
bd8c8000
af1bd000
c411f000
32d6e000
4968e000
c6a38000
42c80000
40f32000
cbd82000
cc2b8000
c1dba000
3e4d2000
bfd06000
ba2d0000
cf496000
c72d6000
b7ff2000
4822e000
4a0bc000
44ac2000
44ef0000
44ce4000
bf590000
c158c000
b49b7000
42892000
c5962000
3cb2e000
c4bf8000
bed7e000
440e3000
d024e000
4ecea000
321dc000
c41e6000
b4117000
b5aa6000
422be000
403fe000
baba7000
c1ae6000
c2c12000
b99ec000
3e648000
baa72000
ce984000
babec000
b98bc000
3ef3c000
49018000
c1f14000
be886000
47428000
4a832000
b4644000
c2b6e000
c738c000
3dc46000
40926000
4816d000
4b923000
4bd3c000
3f00b000
b5e1f000
c220b000
39a66000
45950000
bba6b000
392ea000
c3a94000
3d378000
3af62000
bfa5a000
3c2c5000
bfa36000
ba2ff000
35dd6000
3a11c000
3e8ab000
3f1ec000
b82b8000
3cdb4000
31350000
b49b0000
bbd1a000
c9234000
3d1d0000
c2648000
4bbbe000
344d3000
3f9a1000
b885c000
b59fd000
3e472000
41049000
370da000
3d576000
c2e70000
41dae000
33921000
43456000
b73de000
c0018000
caafc000
40af5000
cac17000
ba77e000
31c92000
3b0de000
372ea000
47b60000
39a68000
c1c85000
b7c9a000
cdcaa000
4ab3f000
425b6000
c33de000
4023c000
3e0e5000
374ea000
4730d000
c2844000
3cb00000
c3b21000
b502a000
4b837000
c12f0000
43426000
c4dfa000
be364000
40751000
335bc000
b3e36000
42d57000
3f840000
4771e000
c3085000
b3871000
b4a66000
428af000
33c3e000
c4a3c000
44425000
3faa0000
afce0000
c35e6000
3804f000
3fd5c000
3e534000
b7056000
be1a1000
3ebce000
41ae8000
ca109000
ce83e000
412d1000
46505000
43464000
bf3ce000
b6200000
c8bf2000
cbb83000
c273a000
c4db4000
ba86b000
37dc6000
c0437000
bb764000
bca8c000
4377a000
ba31a000
c5c04000
b9947000
42ca8000
458a6000
3998b000
c22e2000
4e780000
4a26c000
3c562000
c2198000
c0888000
3d9a9000
412f4000
c6d64000
c2c62000
c414e000
3d122000
bd3b6000
334de000
35980000
c948b000
c7814000
b4977000
3c3c0000
2fd42000
b70c0000
43d80000
469b6000
cbd80000
b76ee000
389f4000
4a182000
bd3c6000
3612e000
bc01d000
c1147000
b2ec2000
32e06000
463a8000
bd02a000
3b97a000
c55a0000
3d89e000
bd8a2000
c2977000
427aa000
c6bca000
bdba2000
378d7000
b8d48000
3aa50000
b4059000
ccb8d000
3a91e000
bd9d4000
c0a80000
c2e8c000
3de54000
b23d4000
404fa000
bf083000
c052c000
3fd4e000
bf56a000
381f8000
c967e000
c7862000
499c0000
43548000
470a6000
bbb35000
c5b4a000
c2edc000
c7133000
bff16000
c1eec000
3b125000
b84ca000
32459000
be065000
4004b000
c68a2000
414fd000
bd017000
3d26c000
36ba1000
402e4000
c3146000
377c8000
ba864000
b966c000
c0ec2000
4715d000
34fa2000
b4326000
4baba000
c7341000
3d884000
bd6f6000
34127000
429a7000
ce582000
c4871000
b214e000
b2038000
be66a000
41f20000
be00d000
4dbf5000
35c7a000
b90af000
4240d000
3ca1e000
b6888000
b9a16000
46e44000
38778000
c244c000
c0bce000
378a0000
ba2e2000
b09b8000
c121a000
bb19b000
3e10c000
b8cc6000
3c014000
beb5f000
c2bf0000
c502b000
31f24000
c7578000
b6c1a000
c589f000
3aa76000
32027000
c84f0000
38fb1000
bd684000
3a2ae000
b74d4000
c6021000
409f8000
358d6000
c51aa000
44a74000
c96c4000
b783e000
3727b000
be46c000
bc210000
c71a5000
4132e000
bdbbe000
4040d000
4f3a4000
b1554000
4d6ec000
c54aa000
4780a000
42966000
475c4000
c9416000
33020000
469c3000
3f43d000
c99f6000
48b21000
b7e52000
41994000
b4c74000
b7e0c000
44572000
b06d8000
36817000
42dfa000
329bd000
4bf3e000
3bf38000
30e48000
4520e000
3c1f7000
c5191000
37b91000
355fa000
3817f000
4720a000
3d042000
4114d000
3b275000
b4f80000
4037d000
c06d0000
3c473000
43a06000
49dec000
bdf42000
b2ce4000
33ebc000
43ef4000
3f99f000
c6bc2000
36c92000
bd0f3000
b5d00000
bb835000
bb11a000
43da5000
c635a000
b6eba000
49f4a000
3bdf0000
b0551000
3f644000
b9dee000
3d524000
4cbaa000
4227c000
ca15f000
4b870000
b0ac6000
bcaae000
3a83d000
3d3c5000
c78e3000
3e03e000
37039000
c4e1c000
37698000
bf8a9000
c9462000
3765c000
bd879000
3e308000
bc81d000
4af74000
cd133000
c312a000
400bd000
438f2000
be88b000
4334a000
4906a000
cca8e000
c93bd000
c24d0000
ba432000
b07b4000
c9c5c000
49608000
c680d000
be440000
3a5a6000
48a84000
bae6c000
43096000
475e4000
45056000
32569000
b59c2000
41865000
36f46000
c0d5a000
b39d2000
41d66000
bde46000
bdc61000
b417c000
3703e000
4c4f2000
c90e1000
c009d000
43c20000
3ac67000
c1ac7000
cfb8f000
bea72000
bc3fe000
41525000
3b086000
bcd0c000
3b36c000
42108000
c49ad000
b938e000
37afe000
43762000
331a5000
4934a000
aefb6000
c27aa000
42002000
3dde4000
36a73000
3d8b6000
b724b000
42931000
44572000
c5a2c000
c23b6000
2f26e000
47d22000
38fac000
44db5000
3fb0c000
af104000
c6a28000
36833000
3e25b000
39462000
3d0d3000
3270e000
b54c6000
ba267000
c49b9000
4675c000
beb4f000
3587e000
45227000
c3794000
bacbc000
bd7c4000
4870c000
c0b2c000
38e2c000
48e92000
495da000
38c1f000
c9f68000
b606a000
be867000
c09f0000
42bd0000
3ca93000
bd13c000
c94d9000
417e6000
39980000
b5873000
be5f0000
c289c000
3a15a000
41a22000
4695d000
42cf2000
bd120000
c31dc000
c0a28000
3f5ac000
c1811000
b3796000
be133000
bbe32000
3f78c000
48db6000
b9b3b000
bc00b000
34b0e000
bc548000
bb2c4000
3a1a4000
c124d000
c0ac2000
3e919000
ba121000
c2774000
b41f6000
45dde000
b6caa000
c9f14000
3a1fa000
47b61000
3ad0c000
bee1e000
45a5c000
408c5000
c0c9e000
b6e9e000
c5859000
43ec4000
45fbd000
44a23000
48230000
c05f2000
3c560000
4eef8000
c1898000
ca85c000
438b2000
bf0c7000
33a56000
afaa8000
3316f000
c6066000
3b7f2000
44fd8000
bf0b0000
b7ac2000
3702f000
4a994000
ba92e000
3f6f0000
b63b8000
461dd000
bab4e000
46bf2000
43568000
c37bc000
48f4e000
3537e000
3c919000
473e3000
47d90000
41dbe000
3fbe6000
49cb6000
31151000
cd73c000
ba273000
4e794000
4585c000
426fa000
bfc1e000
30ca9000
3bd84000
bd811000
36f5a000
3af7a000
30e4a000
36f2a000
320c5000
c136c000
cd0fb000
c214f000
3e86e000
488b1000
c1d8d000
3a896000
c4135000
2e09e000
3493a000
402c6000
44874000
3acde000
40694000
40bc8000
3d526000
c6829000
47181000
34aa8000
c9ac8000
cbc60000
302e1000
b7907000
3c3da000
be2d3000
3cdce000
4530d000
3b821000
3db86000
bf0a5000
c0186000
408d9000
c63aa000
b8246000
408bb000
bf002000
bde79000
3c033000
c0c68000
4288c000
cc2d4000
461f0000
c15a2000
35234000
b3a96000
c7190000
c50ae000
ca89d000
362b0000
b71f4000
3b00b000
400d6000
3b64a000
350f3000
c9f46000
3b1ba000
bc074000
44266000
bfbe2000
44667000
c6c91000
b5750000
b894e000
bbb62000
bc814000
454a0000
455b4000
34a72000
b9926000
cb1f8000
b95bc000
38bd0000
ca6ea000
4140f000
c9181000
2f414000
cace6000
429a0000
c99ce000
b9592000
b05d8000
cbd4e000
3c2e8000
b4446000
371b5000
c2b13000
b92c2000
40608000
3722d000
cb94e000
b9c24000
3b412000
c342e000
b63fe000
3d4d2000
3d64e000
bc08e000
c121c000
bf91d000
b9862000
c202f000
3f404000
36bd2000
43dde000
3cb4b000
bc368000
b4041000
b8068000
cd6d8000
b3862000
c0c68000
3e2f4000
bbd6e000
c5f46000
412fa000
c1efc000
c75b4000
3e74a000
49470000
c0e56000
c01bc000
3dd3c000
35ce8000
37137000
c78fb000
43d3c000
4147f000
bcd20000
44012000
c830e000
c47aa000
33110000
bdd02000
c5130000
49162000
b6b8e000
b4adc000
34fa2000
383e8000
c59dd000
ba112000
45bae000
442e8000
bbe2c000
40814000
492e4000
357c6000
325f4000
bb0e8000
b516a000
c2338000
426d4000
43126000
c3c22000
3caec000
c55f8000
4718c000
b7142000
b1ab3000
32ba4000
41ada000
c22d6000
3f2ee000
46b22000
c09ce000
be3c0000
c7871000
bdbef000
cb1b6000
b34df000
39eec000
baae0000
39ab8000
c4d1e000
c5686000
b740a000
c3d7e000
b6b41000
aee82000
3769e000
c3c38000
bc76c000
37e6c000
3bd44000
3fe44000
bf304000
4b3f4000
40eba000
c4750000
cb976000
c2aa0000
bf1d6000
c519c000
c049e000
379dd000
42ebc000
41ebc000
47466000
35754000
bc021000
402f0000
31b68000
4372c000
45196000
3a45a000
480e7000
c1a4a000
c86b4000
b0766000
47d58000
3df0e000
389c6000
cca28000
3a94b000
c30d7000
c1502000
3cf74000
b5b38000
c26bc000
bf53a000
c1b71000
3e46c000
42f06000
c2a29000
3add6000
38ece000
3ca9e000
b8e1c000
c70cb000
bfe60000
4180d000
389b7000
cfc3e000
4a02e000
c1e8c000
bfd46000
c0c76000
3c92a000
b4580000
32f86000
498ef000
4ab0c000
be4c2000
3e01f000
bd520000
489a5000
4bc4c000
c0b08000
cc646000
3ecdc000
3d06b000
c3932000
4b5b6000
3d39e000
33841000
b9576000
ba266000
3b6dc000
3fd34000
cab88000
b3a30000
3b20e000
b4acc000
40ed2000
3dc3f000
3431e000
4d28a000
4515d000
46c5a000
b0847000
badc6000
43246000
b4c61000
b6278000
c6fa4000
35fe0000
b7dc4000
c84ce000
c07da000
4aa07000
3aac2000
b8175000
bb5b4000
44022000
3d411000
3c9b7000
3f255000
c0c7a000
4ea40000
b7a34000
3e5da000
c1faa000
42802000
3e859000
40668000
3e502000
b3038000
c5f96000
3a23a000
c8fa4000
4365e000
cc4c3000
beb2e000
4525d000
4c798000
bca3c000
c553c000
45772000
34c22000
af18f000
b8949000
b08ee000
cac32000
c0991000
3eed6000
478b9000
37cd6000
398b4000
c794b000
3f1f0000
c4c6c000
bfc60000
c9892000
40fa2000
c88e6000
c63f2000
c502b000
c0248000
bc862000
43818000
43def000
326e0000
3d39e000
bb82c000
bb329000
ca017000
c60ff000
383c0000
bee8c000
362a9000
3d80b000
34590000
44bba000
bf066000
3eb8d000
bb4a8000
b5e20000
be3e3000
3887d000
3d4e0000
43086000
be4aa000
b2ab6000
b9566000
470f8000
c3912000
c60dd000
c2ad6000
46c29000
b69ed000
419be000
c8f0e000
4b6ac000
45333000
c35ea000
bd0d4000
b6cfc000
c3112000
cad9a000
45faa000
c786f000
37013000
be25e000
bd3e0000
46b1a000
c17b6000
329f8000
3cfc2000
bd282000
4d85e000
b9dbc000
446ba000
426d4000
be80d000
41b68000
42bde000
4089f000
44f1c000
b6f52000
c02b4000
3e05e000
3da18000
3e817000
3d065000
cdaa0000
4211f000
45fce000
bdde8000
37c96000
c0c1c000
467b6000
363bb000
bc9af000
3e00b000
40a5a000
42a27000
43cf0000
3fbef000
41f86000
b7446000
47e10000
b9cb2000
c7815000
c0d5e000
432ec000
bdd4e000
4befc000
bb788000
37254000
3dc19000
3a560000
c673c000
b3ff2000
3b96c000
c81bc000
b8b20000
b7470000
459de000
3999a000
bc184000
b192d000
b9cb2000
3e4aa000
3f1a6000
4a870000
439a5000
40dc8000
41de2000
b30b2000
4287c000
be3c1000
3aa6c000
c149d000
39ba6000
c3ace000
c6862000
3d620000
44c31000
3b1c3000
49b6e000
b5f7a000
b48aa000
c008c000
3dd30000
bd191000
b5a3c000
b7865000
40c5c000
bf22e000
c9bb2000
3b88a000
bff56000
c08d1000
c3eb0000
4aecc000
4a5c6000
b34f2000
37b14000
ba0a6000
c61e6000
4b160000
baa1c000
3b586000
35ed4000
43dbe000
c5d7a000
c46b0000
ba361000
c3e00000
40f60000
37604000
c931c000
bd601000
3fa07000
bd0cf000
be9a2000
b680d000
34a30000
cb862000
b57aa000
4238f000
36105000
414ec000
bf075000
3e690000
b0eca000
3f01d000
430cf000
45d68000
462ee000
c9034000
ce1a4000
bc8d6000
4514a000
48499000
45f76000
3e6d4000
c7f54000
b3d88000
bc560000
39516000
c57f2000
be131000
4b4a0000
be7b6000
bd72a000
35c14000
bb21e000
b7802000
486f2000
c81e0000
c0097000
bc15c000
b4c28000
c8556000
43032000
454e0000
b8bce000
388ef000
42995000
c52e5000
35de6000
3359e000
469d8000
40358000
3e220000
bc21b000
c1774000
bf929000
c3bcb000
47ef6000
39943000
be424000
47f40000
bc486000
3805a000
c8074000
cdd46000
3c0b8000
414f6000
3b9e4000
3a8ee000
3cd2a000
38aed000
c9788000
c741a000
b8b3e000
3839e000
46490000
3e053000
c8215000
3e821000
c815a000
be02c000
bb63c000
c6fd4000
c0308000
b49b2000
47c02000
c9903000
b843e000
3fcfe000
cc1ab000
35a19000
4286a000
4236e000
c236a000
44600000
3f25e000
3cb4e000
35ef8000
bb594000
3d5f4000
40989000
3a84a000
3bb5e000
3cf4e000
2f99d000
35285000
c68c4000
b2be6000
4ad10000
4172c000
c8a54000
ceb86000
be554000
c1a3a000
44dfa000
3f5f0000
4688a000
30336000
3ae72000
b7d16000
3671c000
cd258000
3c7ee000
40abd000
cc380000
42ce4000
b8197000
4aa20000
4a65c000
3fe7e000
3f066000
b0794000
b369c000
46466000
befc2000
cb230000
42002000
460e9000
4bfaa000
30261000
bd74a000
4980d000
4b956000
3e752000
bdc4e000
c5197000
c13b2000
c5f4e000
3f029000
3b230000
bf5dd000
3a2c6000
401f0000
45f76000
419d0000
c145e000
44748000
c10bd000
47686000
41680000
bb30e000
c5a07000
3e240000
b3f98000
3e1ee000
4301d000
49173000
4a65a000
b704f000
42826000
374b2000
3d732000
bc7f2000
3325a000
b9cdf000
cad1c000
34f62000
413cb000
3fd2f000
bdf56000
4a476000
44f86000
3ebcf000
c2c4f000
3bf62000
44254000
373ce000
47f2c000
bd835000
47ec6000
39888000
45f6e000
bd191000
3f054000
4458a000
b7a38000
4401a000
c3d6a000
bb460000
c31d4000
4a3c0000
2f458000
48764000
b80d2000
baec4000
c5005000
3b157000
3f41b000
bd856000
c1526000
396ee000
4687a000
41041000
be062000
c859e000
3fc02000
47811000
403a4000
bcc8c000
bc93c000
3e5c8000
3b96c000
b3c4f000
c2ca0000
ba960000
c84c0000
4002a000
c6ba4000
c795d000
b9dba000
b73de000
45e6c000
3f802000
3f802000
3f732000
3f714000
3f714000
3f642000
3f63a000
3f63a000
3f592000
3f57a000
3f57a000
3f4d2000
3f4dc000
3f4dc000
3f450000
3f43c000
3f43c000
3f3b0000
3f3a6000
3f3a6000
3f336000
3f326000
3f326000
3f2b6000
3f2b6000
3f2b6000
3f254000
3f246000
3f246000
3f1e4000
3f1e6000
3f1e6000
3f192000
3f186000
3f186000
3f132000
3f124000
3f124000
3f0de000
3f0d4000
3f0d4000
3f08e000
3f090000
3f090000
3f04a000
3f040000
3f040000
3eff4000
3f802000
3f802000
3f732000
3f714000
3f714000
3f642000
3f63a000
3f63a000
3f592000
3f57a000
3f57a000
3f4d2000
3f4dc000
3f4dc000
3f450000
3f43c000
3f43c000
3f3b0000
3f3a6000
3f3a6000
3f336000
3f326000
3f326000
3f2b6000
3f2b6000
3f2b6000
3f254000
3f246000
3f246000
3f1e4000
3f1e6000
3f1e6000
3f192000
3f186000
3f186000
3f132000
3f124000
3f124000
3f0de000
3f0d4000
3f0d4000
3f08e000
3f090000
3f090000
3f04a000
3f040000
3f040000
3eff4000
3f86b000
3f86b000
3f802000
3f7e6000
3f7e6000
3f714000
3f6fe000
3f6fe000
3f656000
3f63e000
3f63e000
3f596000
3f584000
3f584000
3f4f8000
3f4e4000
3f4e4000
3f458000
3f440000
3f440000
3f3d0000
3f3c0000
3f3c0000
3f350000
3f342000
3f342000
3f2e0000
3f2d2000
3f2d2000
3f270000
3f264000
3f264000
3f210000
3f204000
3f204000
3f1b0000
3f1a2000
3f1a2000
3f15c000
3f152000
3f152000
3f10c000
3f100000
3f100000
3f0ba000
3f0b0000
3f0b0000
3f06a000
3f87a000
3f87a000
3f811000
3f802000
3f802000
3f732000
3f71a000
3f71a000
3f672000
3f65a000
3f65a000
3f5b2000
3f59c000
3f59c000
3f510000
3f4fc000
3f4fc000
3f470000
3f456000
3f456000
3f3e6000
3f3d6000
3f3d6000
3f366000
3f356000
3f356000
3f2f4000
3f2e6000
3f2e6000
3f284000
3f276000
3f276000
3f222000
3f216000
3f216000
3f1c2000
3f1b4000
3f1b4000
3f16e000
3f164000
3f164000
3f11e000
3f110000
3f110000
3f0ca000
3f0c0000
3f0c0000
3f07a000
3f87a000
3f87a000
3f811000
3f802000
3f802000
3f732000
3f71a000
3f71a000
3f672000
3f65a000
3f65a000
3f5b2000
3f59c000
3f59c000
3f510000
3f4fc000
3f4fc000
3f470000
3f456000
3f456000
3f3e6000
3f3d6000
3f3d6000
3f366000
3f356000
3f356000
3f2f4000
3f2e6000
3f2e6000
3f284000
3f276000
3f276000
3f222000
3f216000
3f216000
3f1c2000
3f1b4000
3f1b4000
3f16e000
3f164000
3f164000
3f11e000
3f110000
3f110000
3f0ca000
3f0c0000
3f0c0000
3f07a000
3f8e3000
3f8e3000
3f87a000
3f86b000
3f86b000
3f802000
3f7de000
3f7de000
3f736000
3f71e000
3f71e000
3f676000
3f644000
3f644000
3f5b8000
3f5a4000
3f5a4000
3f518000
3f4f0000
3f4f0000
3f480000
3f470000
3f470000
3f400000
3f3e2000
3f3e2000
3f380000
3f372000
3f372000
3f310000
3f2f4000
3f2f4000
3f2a0000
3f294000
3f294000
3f240000
3f232000
3f232000
3f1ec000
3f1e2000
3f1e2000
3f19c000
3f180000
3f180000
3f13a000
3f130000
3f130000
3f0ea000
3f903000
3f903000
3f88c000
3f87b000
3f87b000
3f804000
3f805000
3f805000
3f746000
3f72a000
3f72a000
3f666000
3f674000
3f674000
3f5da000
3f5c4000
3f5c4000
3f52a000
3f51a000
3f51a000
3f49c000
3f48a000
3f48a000
3f40c000
3f40e000
3f40e000
3f39e000
3f38e000
3f38e000
3f31e000
3f326000
3f326000
3f2c4000
3f2b6000
3f2b6000
3f254000
3f24e000
3f24e000
3f1fa000
3f1ee000
3f1ee000
3f19a000
3f198000
3f198000
3f152000
3f148000
3f148000
3f102000
3f903000
3f903000
3f88c000
3f87b000
3f87b000
3f804000
3f805000
3f805000
3f746000
3f72a000
3f72a000
3f666000
3f674000
3f674000
3f5da000
3f5c4000
3f5c4000
3f52a000
3f51a000
3f51a000
3f49c000
3f48a000
3f48a000
3f40c000
3f40e000
3f40e000
3f39e000
3f38e000
3f38e000
3f31e000
3f326000
3f326000
3f2c4000
3f2b6000
3f2b6000
3f254000
3f24e000
3f24e000
3f1fa000
3f1ee000
3f1ee000
3f19a000
3f198000
3f198000
3f152000
3f148000
3f148000
3f102000
3f96c000
3f96c000
3f8f5000
3f8e4000
3f8e4000
3f86d000
3f867000
3f867000
3f805000
3f7ee000
3f7ee000
3f72a000
3f71c000
3f71c000
3f682000
3f66c000
3f66c000
3f5d2000
3f5b4000
3f5b4000
3f536000
3f524000
3f524000
3f4a6000
3f49a000
3f49a000
3f42a000
3f41a000
3f41a000
3f3aa000
3f3a4000
3f3a4000
3f342000
3f334000
3f334000
3f2d2000
3f2cc000
3f2cc000
3f278000
3f26c000
3f26c000
3f218000
3f208000
3f208000
3f1c2000
3f1b8000
3f1b8000
3f172000
3f97b000
3f97b000
3f904000
3f8f3000
3f8f3000
3f87c000
3f875000
3f875000
3f813000
3f805000
3f805000
3f746000
3f734000
3f734000
3f69a000
3f684000
3f684000
3f5ea000
3f5ca000
3f5ca000
3f54c000
3f53a000
3f53a000
3f4bc000
3f4ae000
3f4ae000
3f43e000
3f42e000
3f42e000
3f3be000
3f3b6000
3f3b6000
3f354000
3f346000
3f346000
3f2e4000
3f2de000
3f2de000
3f28a000
3f27e000
3f27e000
3f22a000
3f218000
3f218000
3f1d2000
3f1c8000
3f1c8000
3f182000
3f97b000
3f97b000
3f904000
3f8f3000
3f8f3000
3f87c000
3f875000
3f875000
3f813000
3f805000
3f805000
3f746000
3f734000
3f734000
3f69a000
3f684000
3f684000
3f5ea000
3f5ca000
3f5ca000
3f54c000
3f53a000
3f53a000
3f4bc000
3f4ae000
3f4ae000
3f43e000
3f42e000
3f42e000
3f3be000
3f3b6000
3f3b6000
3f354000
3f346000
3f346000
3f2e4000
3f2de000
3f2de000
3f28a000
3f27e000
3f27e000
3f22a000
3f218000
3f218000
3f1d2000
3f1c8000
3f1c8000
3f182000
3f9e4000
3f9e4000
3f96d000
3f95c000
3f95c000
3f8e5000
3f8d7000
3f8d7000
3f875000
3f867000
3f867000
3f805000
3f7dc000
3f7dc000
3f742000
3f72c000
3f72c000
3f692000
3f664000
3f664000
3f5e6000
3f5d4000
3f5d4000
3f556000
3f53a000
3f53a000
3f4ca000
3f4ba000
3f4ba000
3f44a000
3f434000
3f434000
3f3d2000
3f3c4000
3f3c4000
3f362000
3f35c000
3f35c000
3f308000
3f2fc000
3f2fc000
3f2a8000
3f288000
3f288000
3f242000
3f238000
3f238000
3f1f2000
3fa04000
3fa04000
3f97f000
3f96c000
3f96c000
3f8e7000
3f8e5000
3f8e5000
3f87c000
3f86d000
3f86d000
3f804000
3f805000
3f805000
3f762000
3f74a000
3f74a000
3f6a2000
3f690000
3f690000
3f604000
3f5f0000
3f5f0000
3f564000
3f566000
3f566000
3f4e8000
3f4d6000
3f4d6000
3f458000
3f456000
3f456000
3f3f4000
3f3e6000
3f3e6000
3f384000
3f368000
3f368000
3f314000
3f308000
3f308000
3f2b4000
3f2ae000
3f2ae000
3f25a000
3f24e000
3f24e000
3f1fa000
3fa04000
3fa04000
3f97f000
3f96c000
3f96c000
3f8e7000
3f8e5000
3f8e5000
3f87c000
3f86d000
3f86d000
3f804000
3f805000
3f805000
3f762000
3f74a000
3f74a000
3f6a2000
3f690000
3f690000
3f604000
3f5f0000
3f5f0000
3f564000
3f566000
3f566000
3f4e8000
3f4d6000
3f4d6000
3f458000
3f456000
3f456000
3f3f4000
3f3e6000
3f3e6000
3f384000
3f368000
3f368000
3f314000
3f308000
3f308000
3f2b4000
3f2ae000
3f2ae000
3f25a000
3f24e000
3f24e000
3f1fa000
3fa6d000
3fa6d000
3f9e8000
3f9d5000
3f9d5000
3f950000
3f947000
3f947000
3f8de000
3f8cf000
3f8cf000
3f866000
3f859000
3f859000
3f805000
3f7f2000
3f7f2000
3f74a000
3f72a000
3f72a000
3f69e000
3f68a000
3f68a000
3f5fe000
3f5f2000
3f5f2000
3f574000
3f562000
3f562000
3f4e4000
3f4d4000
3f4d4000
3f472000
3f464000
3f464000
3f402000
3f3e6000
3f3e6000
3f392000
3f386000
3f386000
3f332000
3f31e000
3f31e000
3f2ca000
3f2be000
3f2be000
3f26a000
3fa7c000
3fa7c000
3f9f7000
3f9e4000
3f9e4000
3f95f000
3f955000
3f955000
3f8ec000
3f8dd000
3f8dd000
3f874000
3f865000
3f865000
3f811000
3f805000
3f805000
3f762000
3f740000
3f740000
3f6b4000
3f6a0000
3f6a0000
3f614000
3f606000
3f606000
3f588000
3f576000
3f576000
3f4f8000
3f4e6000
3f4e6000
3f484000
3f476000
3f476000
3f414000
3f3f8000
3f3f8000
3f3a4000
3f398000
3f398000
3f344000
3f32e000
3f32e000
3f2da000
3f2ce000
3f2ce000
3f27a000
3fa7c000
3fa7c000
3f9f7000
3f9e4000
3f9e4000
3f95f000
3f955000
3f955000
3f8ec000
3f8dd000
3f8dd000
3f874000
3f865000
3f865000
3f811000
3f805000
3f805000
3f762000
3f740000
3f740000
3f6b4000
3f6a0000
3f6a0000
3f614000
3f606000
3f606000
3f588000
3f576000
3f576000
3f4f8000
3f4e6000
3f4e6000
3f484000
3f476000
3f476000
3f414000
3f3f8000
3f3f8000
3f3a4000
3f398000
3f398000
3f344000
3f32e000
3f32e000
3f2da000
3f2ce000
3f2ce000
3f27a000
3fae5000
3fae5000
3fa60000
3fa4d000
3fa4d000
3f9c8000
3f9b7000
3f9b7000
3f94e000
3f93f000
3f93f000
3f8d6000
3f8b9000
3f8b9000
3f865000
3f859000
3f859000
3f805000
3f7da000
3f7da000
3f74e000
3f73a000
3f73a000
3f6ae000
3f692000
3f692000
3f614000
3f602000
3f602000
3f584000
3f564000
3f564000
3f502000
3f4f4000
3f4f4000
3f492000
3f476000
3f476000
3f422000
3f416000
3f416000
3f3c2000
3f39e000
3f39e000
3f34a000
3f33e000
3f33e000
3f2ea000
3fafe000
3fafe000
3fa72000
3fa5e000
3fa5e000
3f9d2000
3f9c5000
3f9c5000
3f955000
3f945000
3f945000
3f8d5000
3f8d1000
3f8d1000
3f876000
3f869000
3f869000
3f80e000
3f802000
3f802000
3f76a000
3f754000
3f754000
3f6ba000
3f6ae000
3f6ae000
3f630000
3f61e000
3f61e000
3f5a0000
3f596000
3f596000
3f526000
3f516000
3f516000
3f4a6000
3f494000
3f494000
3f432000
3f424000
3f424000
3f3c2000
3f3b6000
3f3b6000
3f362000
3f356000
3f356000
3f302000
3fafe000
3fafe000
3fa72000
3fa5e000
3fa5e000
3f9d2000
3f9c5000
3f9c5000
3f955000
3f945000
3f945000
3f8d5000
3f8d1000
3f8d1000
3f876000
3f869000
3f869000
3f80e000
3f802000
3f802000
3f76a000
3f754000
3f754000
3f6ba000
3f6ae000
3f6ae000
3f630000
3f61e000
3f61e000
3f5a0000
3f596000
3f596000
3f526000
3f516000
3f516000
3f4a6000
3f494000
3f494000
3f432000
3f424000
3f424000
3f3c2000
3f3b6000
3f3b6000
3f362000
3f356000
3f356000
3f302000
3fb67000
3fb67000
3fadb000
3fac7000
3fac7000
3fa3b000
3fa27000
3fa27000
3f9b7000
3f9a7000
3f9a7000
3f937000
3f925000
3f925000
3f8ca000
3f8bd000
3f8bd000
3f862000
3f84f000
3f84f000
3f802000
3f7ee000
3f7ee000
3f754000
3f73a000
3f73a000
3f6bc000
3f6aa000
3f6aa000
3f62c000
3f614000
3f614000
3f5a4000
3f594000
3f594000
3f524000
3f512000
3f512000
3f4b0000
3f4a2000
3f4a2000
3f440000
3f426000
3f426000
3f3d2000
3f3c6000
3f3c6000
3f372000
3fb76000
3fb76000
3faea000
3fad6000
3fad6000
3fa4a000
3fa35000
3fa35000
3f9c5000
3f9b5000
3f9b5000
3f945000
3f931000
3f931000
3f8d6000
3f8c9000
3f8c9000
3f86e000
3f85a000
3f85a000
3f80d000
3f802000
3f802000
3f76a000
3f74e000
3f74e000
3f6d0000
3f6be000
3f6be000
3f640000
3f626000
3f626000
3f5b6000
3f5a6000
3f5a6000
3f536000
3f524000
3f524000
3f4c2000
3f4b4000
3f4b4000
3f452000
3f436000
3f436000
3f3e2000
3f3d6000
3f3d6000
3f382000
3fb76000
3fb76000
3faea000
3fad6000
3fad6000
3fa4a000
3fa35000
3fa35000
3f9c5000
3f9b5000
3f9b5000
3f945000
3f931000
3f931000
3f8d6000
3f8c9000
3f8c9000
3f86e000
3f85a000
3f85a000
3f80d000
3f802000
3f802000
3f76a000
3f74e000
3f74e000
3f6d0000
3f6be000
3f6be000
3f640000
3f626000
3f626000
3f5b6000
3f5a6000
3f5a6000
3f536000
3f524000
3f524000
3f4c2000
3f4b4000
3f4b4000
3f452000
3f436000
3f436000
3f3e2000
3f3d6000
3f3d6000
3f382000
3fbdf000
3fbdf000
3fb53000
3fb3f000
3fb3f000
3fab3000
3fa97000
3fa97000
3fa27000
3fa17000
3fa17000
3f9a7000
3f985000
3f985000
3f92a000
3f91d000
3f91d000
3f8c2000
3f8a7000
3f8a7000
3f85a000
3f84f000
3f84f000
3f802000
3f7da000
3f7da000
3f75c000
3f74a000
3f74a000
3f6cc000
3f6a4000
3f6a4000
3f634000
3f624000
3f624000
3f5b4000
3f5a2000
3f5a2000
3f540000
3f532000
3f532000
3f4d0000
3f4a6000
3f4a6000
3f452000
3f446000
3f446000
3f3f2000
3fbff000
3fbff000
3fb65000
3fb4f000
3fb4f000
3fab5000
3faae000
3faae000
3fa30000
3fa1e000
3fa1e000
3f9a0000
3f9a5000
3f9a5000
3f93c000
3f92d000
3f92d000
3f8c4000
3f8bc000
3f8bc000
3f868000
3f85c000
3f85c000
3f808000
3f803000
3f803000
3f77a000
3f766000
3f766000
3f6da000
3f6d4000
3f6d4000
3f656000
3f644000
3f644000
3f5c6000
3f5be000
3f5be000
3f54e000
3f53e000
3f53e000
3f4ce000
3f4ce000
3f4ce000
3f46c000
3f45e000
3f45e000
3f3fc000
3fbff000
3fbff000
3fb65000
3fb4f000
3fb4f000
3fab5000
3faae000
3faae000
3fa30000
3fa1e000
3fa1e000
3f9a0000
3f9a5000
3f9a5000
3f93c000
3f92d000
3f92d000
3f8c4000
3f8bc000
3f8bc000
3f868000
3f85c000
3f85c000
3f808000
3f803000
3f803000
3f77a000
3f766000
3f766000
3f6da000
3f6d4000
3f6d4000
3f656000
3f644000
3f644000
3f5c6000
3f5be000
3f5be000
3f54e000
3f53e000
3f53e000
3f4ce000
3f4ce000
3f4ce000
3f46c000
3f45e000
3f45e000
3f3fc000
3fc68000
3fc68000
3fbce000
3fbb8000
3fbb8000
3fb1e000
3fb10000
3fb10000
3fa92000
3fa80000
3fa80000
3fa02000
3f9f9000
3f9f9000
3f990000
3f981000
3f981000
3f918000
3f909000
3f909000
3f8b5000
3f8a9000
3f8a9000
3f855000
3f849000
3f849000
3f803000
3f7f2000
3f7f2000
3f766000
3f752000
3f752000
3f6d4000
3f6c2000
3f6c2000
3f644000
3f63c000
3f63c000
3f5cc000
3f5bc000
3f5bc000
3f54c000
3f53e000
3f53e000
3f4dc000
3f4ce000
3f4ce000
3f46c000
3fc77000
3fc77000
3fbdd000
3fbc7000
3fbc7000
3fb2d000
3fb1e000
3fb1e000
3faa0000
3fa8e000
3fa8e000
3fa10000
3fa05000
3fa05000
3f99c000
3f98d000
3f98d000
3f924000
3f914000
3f914000
3f8c0000
3f8b4000
3f8b4000
3f860000
3f853000
3f853000
3f80d000
3f803000
3f803000
3f77a000
3f764000
3f764000
3f6e6000
3f6d4000
3f6d4000
3f656000
3f64e000
3f64e000
3f5de000
3f5ce000
3f5ce000
3f55e000
3f54e000
3f54e000
3f4ec000
3f4de000
3f4de000
3f47c000
3fc77000
3fc77000
3fbdd000
3fbc7000
3fbc7000
3fb2d000
3fb1e000
3fb1e000
3faa0000
3fa8e000
3fa8e000
3fa10000
3fa05000
3fa05000
3f99c000
3f98d000
3f98d000
3f924000
3f914000
3f914000
3f8c0000
3f8b4000
3f8b4000
3f860000
3f853000
3f853000
3f80d000
3f803000
3f803000
3f77a000
3f764000
3f764000
3f6e6000
3f6d4000
3f6d4000
3f656000
3f64e000
3f64e000
3f5de000
3f5ce000
3f5ce000
3f55e000
3f54e000
3f54e000
3f4ec000
3f4de000
3f4de000
3f47c000
3fce0000
3fce0000
3fc46000
3fc30000
3fc30000
3fb96000
3fb80000
3fb80000
3fb02000
3faf0000
3faf0000
3fa72000
3fa59000
3fa59000
3f9f0000
3f9e1000
3f9e1000
3f978000
3f961000
3f961000
3f90d000
3f901000
3f901000
3f8ad000
3f899000
3f899000
3f853000
3f849000
3f849000
3f803000
3f7e2000
3f7e2000
3f764000
3f752000
3f752000
3f6d4000
3f6cc000
3f6cc000
3f65c000
3f64c000
3f64c000
3f5dc000
3f5be000
3f5be000
3f55c000
3f54e000
3f54e000
3f4ec000
3fd00000
3fd00000
3fc58000
3fc40000
3fc40000
3fb98000
3fb8e000
3fb8e000
3fb09000
3faf6000
3faf6000
3fa71000
3fa70000
3fa70000
3fa00000
3f9f0000
3f9f0000
3f980000
3f976000
3f976000
3f91b000
3f90e000
3f90e000
3f8b3000
3f8af000
3f8af000
3f862000
3f857000
3f857000
3f80a000
3f802000
3f802000
3f786000
3f774000
3f774000
3f6f6000
3f6da000
3f6da000
3f66a000
3f65a000
3f65a000
3f5ea000
3f5d6000
3f5d6000
3f574000
3f566000
3f566000
3f504000
3fd00000
3fd00000
3fc58000
3fc40000
3fc40000
3fb98000
3fb8e000
3fb8e000
3fb09000
3faf6000
3faf6000
3fa71000
3fa70000
3fa70000
3fa00000
3f9f0000
3f9f0000
3f980000
3f976000
3f976000
3f91b000
3f90e000
3f90e000
3f8b3000
3f8af000
3f8af000
3f862000
3f857000
3f857000
3f80a000
3f802000
3f802000
3f786000
3f774000
3f774000
3f6f6000
3f6da000
3f6da000
3f66a000
3f65a000
3f65a000
3f5ea000
3f5d6000
3f5d6000
3f574000
3f566000
3f566000
3f504000
3fd69000
3fd69000
3fcc1000
3fca9000
3fca9000
3fc01000
3fbf0000
3fbf0000
3fb6b000
3fb58000
3fb58000
3fad3000
3fac4000
3fac4000
3fa54000
3fa44000
3fa44000
3f9d4000
3f9c3000
3f9c3000
3f968000
3f95b000
3f95b000
3f900000
3f8f5000
3f8f5000
3f8a8000
3f89d000
3f89d000
3f850000
3f841000
3f841000
3f802000
3f7f2000
3f7f2000
3f774000
3f758000
3f758000
3f6e8000
3f6d8000
3f6d8000
3f668000
3f646000
3f646000
3f5e4000
3f5d6000
3f5d6000
3f574000
3fd78000
3fd78000
3fcd0000
3fcb8000
3fcb8000
3fc10000
3fbfe000
3fbfe000
3fb79000
3fb66000
3fb66000
3fae1000
3fad0000
3fad0000
3fa60000
3fa50000
3fa50000
3f9e0000
3f9ce000
3f9ce000
3f973000
3f966000
3f966000
3f90b000
3f8ff000
3f8ff000
3f8b2000
3f8a7000
3f8a7000
3f85a000
3f84a000
3f84a000
3f80b000
3f802000
3f802000
3f786000
3f76a000
3f76a000
3f6fa000
3f6ea000
3f6ea000
3f67a000
3f656000
3f656000
3f5f4000
3f5e6000
3f5e6000
3f584000
3fd78000
3fd78000
3fcd0000
3fcb8000
3fcb8000
3fc10000
3fbfe000
3fbfe000
3fb79000
3fb66000
3fb66000
3fae1000
3fad0000
3fad0000
3fa60000
3fa50000
3fa50000
3f9e0000
3f9ce000
3f9ce000
3f973000
3f966000
3f966000
3f90b000
3f8ff000
3f8ff000
3f8b2000
3f8a7000
3f8a7000
3f85a000
3f84a000
3f84a000
3f80b000
3f802000
3f802000
3f786000
3f76a000
3f76a000
3f6fa000
3f6ea000
3f6ea000
3f67a000
3f656000
3f656000
3f5f4000
3f5e6000
3f5e6000
3f584000
3fde1000
3fde1000
3fd39000
3fd21000
3fd21000
3fc79000
3fc60000
3fc60000
3fbdb000
3fbc8000
3fbc8000
3fb43000
3fb24000
3fb24000
3fab4000
3faa4000
3faa4000
3fa34000
3fa1b000
3fa1b000
3f9c0000
3f9b3000
3f9b3000
3f958000
3f945000
3f945000
3f8f8000
3f8ed000
3f8ed000
3f8a0000
3f889000
3f889000
3f84a000
3f841000
3f841000
3f802000
3f7e8000
3f7e8000
3f778000
3f768000
3f768000
3f6f8000
3f6c6000
3f6c6000
3f664000
3f656000
3f656000
3f5f4000
3fe01000
3fe01000
3fd4b000
3fd31000
3fd31000
3fc7b000
3fc76000
3fc76000
3fbe3000
3fbce000
3fbce000
3fb3b000
3fb3c000
3fb3c000
3fac5000
3fab4000
3fab4000
3fa3d000
3fa31000
3fa31000
3f9cf000
3f9c1000
3f9c1000
3f95f000
3f95b000
3f95b000
3f907000
3f8fb000
3f8fb000
3f8a7000
3f8a2000
3f8a2000
3f85c000
3f852000
3f852000
3f80c000
3f802000
3f802000
3f786000
3f774000
3f774000
3f6f6000
3f6ec000
3f6ec000
3f67c000
3f66c000
3f66c000
3f5fc000
3fe01000
3fe01000
3fd4b000
3fd31000
3fd31000
3fc7b000
3fc76000
3fc76000
3fbe3000
3fbce000
3fbce000
3fb3b000
3fb3c000
3fb3c000
3fac5000
3fab4000
3fab4000
3fa3d000
3fa31000
3fa31000
3f9cf000
3f9c1000
3f9c1000
3f95f000
3f95b000
3f95b000
3f907000
3f8fb000
3f8fb000
3f8a7000
3f8a2000
3f8a2000
3f85c000
3f852000
3f852000
3f80c000
3f802000
3f802000
3f786000
3f774000
3f774000
3f6f6000
3f6ec000
3f6ec000
3f67c000
3f66c000
3f66c000
3f5fc000
3fe6a000
3fe6a000
3fdb4000
3fd9a000
3fd9a000
3fce4000
3fcd8000
3fcd8000
3fc45000
3fc30000
3fc30000
3fb9d000
3fb90000
3fb90000
3fb19000
3fb08000
3fb08000
3fa91000
3fa7e000
3fa7e000
3fa1c000
3fa0e000
3fa0e000
3f9ac000
3f9a1000
3f9a1000
3f94d000
3f941000
3f941000
3f8ed000
3f8e1000
3f8e1000
3f89b000
3f891000
3f891000
3f84b000
3f841000
3f841000
3f802000
3f7f2000
3f7f2000
3f774000
3f75c000
3f75c000
3f6ec000
3f6dc000
3f6dc000
3f66c000
3fe79000
3fe79000
3fdc3000
3fda9000
3fda9000
3fcf3000
3fce6000
3fce6000
3fc53000
3fc3e000
3fc3e000
3fbab000
3fb9c000
3fb9c000
3fb25000
3fb14000
3fb14000
3fa9d000
3fa89000
3fa89000
3fa27000
3fa19000
3fa19000
3f9b7000
3f9ab000
3f9ab000
3f957000
3f94b000
3f94b000
3f8f7000
3f8ea000
3f8ea000
3f8a4000
3f89a000
3f89a000
3f854000
3f84a000
3f84a000
3f80b000
3f802000
3f802000
3f786000
3f76c000
3f76c000
3f6fc000
3f6ec000
3f6ec000
3f67c000
3fe79000
3fe79000
3fdc3000
3fda9000
3fda9000
3fcf3000
3fce6000
3fce6000
3fc53000
3fc3e000
3fc3e000
3fbab000
3fb9c000
3fb9c000
3fb25000
3fb14000
3fb14000
3fa9d000
3fa89000
3fa89000
3fa27000
3fa19000
3fa19000
3f9b7000
3f9ab000
3f9ab000
3f957000
3f94b000
3f94b000
3f8f7000
3f8ea000
3f8ea000
3f8a4000
3f89a000
3f89a000
3f854000
3f84a000
3f84a000
3f80b000
3f802000
3f802000
3f786000
3f76c000
3f76c000
3f6fc000
3f6ec000
3f6ec000
3f67c000
3fee2000
3fee2000
3fe2c000
3fe12000
3fe12000
3fd5c000
3fd48000
3fd48000
3fcb5000
3fca0000
3fca0000
3fc0d000
3fbf0000
3fbf0000
3fb79000
3fb68000
3fb68000
3faf1000
3fad6000
3fad6000
3fa74000
3fa66000
3fa66000
3fa04000
3f9f1000
3f9f1000
3f99d000
3f991000
3f991000
3f93d000
3f929000
3f929000
3f8e3000
3f8d9000
3f8d9000
3f893000
3f889000
3f889000
3f84a000
3f841000
3f841000
3f802000
3f7dc000
3f7dc000
3f76c000
3f75c000
3f75c000
3f6ec000
3fefa000
3fefa000
3fe3d000
3fe22000
3fe22000
3fd65000
3fd56000
3fd56000
3fcbc000
3fca6000
3fca6000
3fc0c000
3fc07000
3fc07000
3fb89000
3fb77000
3fb77000
3faf9000
3faeb000
3faeb000
3fa82000
3fa73000
3fa73000
3fa0a000
3fa07000
3fa07000
3f9ac000
3f99f000
3f99f000
3f944000
3f942000
3f942000
3f8f5000
3f8ea000
3f8ea000
3f89d000
3f88f000
3f88f000
3f850000
3f847000
3f847000
3f808000
3f7f4000
3f7f4000
3f784000
3f774000
3f774000
3f704000
3fefa000
3fefa000
3fe3d000
3fe22000
3fe22000
3fd65000
3fd56000
3fd56000
3fcbc000
3fca6000
3fca6000
3fc0c000
3fc07000
3fc07000
3fb89000
3fb77000
3fb77000
3faf9000
3faeb000
3faeb000
3fa82000
3fa73000
3fa73000
3fa0a000
3fa07000
3fa07000
3f9ac000
3f99f000
3f99f000
3f944000
3f942000
3f942000
3f8f5000
3f8ea000
3f8ea000
3f89d000
3f88f000
3f88f000
3f850000
3f847000
3f847000
3f808000
3f7f4000
3f7f4000
3f784000
3f774000
3f774000
3f704000
3ff63000
3ff63000
3fea6000
3fe8b000
3fe8b000
3fdce000
3fdb8000
3fdb8000
3fd1e000
3fd08000
3fd08000
3fc6e000
3fc5b000
3fc5b000
3fbdd000
3fbcb000
3fbcb000
3fb4d000
3fb38000
3fb38000
3facf000
3fac0000
3fac0000
3fa57000
3fa4d000
3fa4d000
3f9f2000
3f9e5000
3f9e5000
3f98a000
3f981000
3f981000
3f934000
3f929000
3f929000
3f8dc000
3f8ce000
3f8ce000
3f88f000
3f886000
3f886000
3f847000
3f832000
3f832000
3f7f4000
3f7e4000
3f7e4000
3f774000
3ff72000
3ff72000
3feb5000
3fe9a000
3fe9a000
3fddd000
3fdc6000
3fdc6000
3fd2c000
3fd16000
3fd16000
3fc7c000
3fc67000
3fc67000
3fbe9000
3fbd7000
3fbd7000
3fb59000
3fb43000
3fb43000
3fada000
3facb000
3facb000
3fa62000
3fa57000
3fa57000
3f9fc000
3f9ef000
3f9ef000
3f994000
3f98a000
3f98a000
3f93d000
3f932000
3f932000
3f8e5000
3f8d7000
3f8d7000
3f898000
3f88f000
3f88f000
3f850000
3f83a000
3f83a000
3f802000
3f7f4000
3f7f4000
3f784000
3ff72000
3ff72000
3feb5000
3fe9a000
3fe9a000
3fddd000
3fdc6000
3fdc6000
3fd2c000
3fd16000
3fd16000
3fc7c000
3fc67000
3fc67000
3fbe9000
3fbd7000
3fbd7000
3fb59000
3fb43000
3fb43000
3fada000
3facb000
3facb000
3fa62000
3fa57000
3fa57000
3f9fc000
3f9ef000
3f9ef000
3f994000
3f98a000
3f98a000
3f93d000
3f932000
3f932000
3f8e5000
3f8d7000
3f8d7000
3f898000
3f88f000
3f88f000
3f850000
3f83a000
3f83a000
3f802000
3f7f4000
3f7f4000
3f784000
3ffdb000
3ffdb000
3ff1e000
3ff03000
3ff03000
3fe46000
3fe28000
3fe28000
3fd8e000
3fd78000
3fd78000
3fcde000
3fcbb000
3fcbb000
3fc3d000
3fc2b000
3fc2b000
3fbad000
3fb90000
3fb90000
3fb27000
3fb18000
3fb18000
3faaf000
3fa9d000
3fa9d000
3fa42000
3fa35000
3fa35000
3f9da000
3f9c9000
3f9c9000
3f97c000
3f971000
3f971000
3f924000
3f916000
3f916000
3f8d7000
3f8ce000
3f8ce000
3f88f000
3f872000
3f872000
3f83a000
3f832000
3f832000
3f7f4000
3f802000
3f802000
3f802000
3f802000
3f802000
3f802000
3f802000
3f802000
3f802000
3f802000
3f802000
3f802000
3f802000
3f802000
3f802000
3f802000
3f802000
3f802000
3f802000
3f802000
3f802000
3f802000
3f802000
3f802000
3f802000
3f802000
3f802000
3f802000
3f802000
3f802000
3f802000
3f802000
3f802000
3f802000
3f802000
3f802000
3f802000
3f802000
3f802000
3f802000
3f802000
3f802000
3f802000
3f802000
3f802000
3f802000
3f802000
3f802000
3f802000
3f802000
3f802000
3f802000
3f802000
3f802000
3f802000
3f802000
3f802000
3f802000
3f802000
3f802000
3f802000
3f802000
3f802000
3f802000
3f802000
3f802000
3f802000
3f802000
3f802000
3f802000
3f802000
3f802000
3f802000
3f802000
3f802000
3f802000
3f802000
3f802000
3f802000
3f802000
3f802000
3f802000
3f802000
3f802000
3f802000
3f802000
3f802000
3f802000
3f802000
3f802000
3f802000
3f802000
3f802000
3f802000
3f802000
3f802000
3f802000
3f802000
3f802000
3f802000
3f802000
3f802000
3f802000
3f802000
3f802000
3f802000
3f802000
3f802000
3f802000
3f802000
3f802000
3f802000
3f802000
3f802000
3f802000
3f802000
3f802000
3f802000
3f802000
3f802000
3f802000
3f802000
3f802000
3f802000
3f802000
3f802000
3f802000
3f802000
3f802000
3f802000
3f802000
3f802000
3f802000
3f802000
3f802000
3f802000
3f802000
3f802000
3f802000
3f802000
3f802000
3f802000
3f802000
3f802000
3f802000
3f802000
3f802000
3f802000
3f802000
3f802000
3f802000
3f802000
3f802000
3f802000
3f802000
3f802000
3f802000
3f802000
3f802000
3f802000
3f802000
3f802000
3f802000
3f802000
3f802000
3f802000
3f802000
3f802000
3f802000
3f802000
3f802000
3f802000
3f802000
3f802000
3f802000
3f802000
3f802000
3f802000
3f802000
3f802000
3f802000
3f802000
3f802000
3f802000
3f802000
3f802000
3f802000
3f802000
3f802000
3f802000
3f802000
3f802000
3f802000
3f802000
3f802000
3f802000
3f802000
3f802000
3f802000
3f802000
3f802000
3f802000
3f802000
3f802000
3f802000
3f802000
3f802000
3f802000
3f802000
3f802000
3f802000
3f802000
3f802000
3f802000
3f802000
3f802000
3f802000
3f802000
3f802000
3f802000
3f802000
3f802000
3f802000
3f802000
3f802000
3f802000
3f802000
3f802000
3f802000
3f802000
3f802000
3f802000
3f802000
3f802000
3f802000
3f802000
3f802000
3f802000
3f802000
3f802000
3f802000
3f802000
3f802000
3f802000
3f802000
3f802000
3f802000
3f802000
3f802000
3f802000
3f802000
3f802000
3f802000
3f802000
3f802000
3f802000
3f802000
3f802000
3f802000
3f802000
3f802000
3f802000
3f802000
3f802000
3f802000
3f802000
3f802000
3f802000
3f802000
3f802000
3f802000
3f802000
3f802000
3f802000
3f802000
3f802000
3f802000
3f802000
3f802000
3f802000
3f802000
3f802000
3f802000
3f802000
3f802000
3f802000
3f802000
3f802000
3f802000
3f802000
3f802000
3f802000
3f802000
3f802000
3f802000
3f802000
3f802000
3f802000
3f802000
3f802000
3f802000
3f802000
3f802000
3f802000
3f802000
3f802000
3f802000
3f802000
3f802000
3f802000
3f802000
3f802000
3f802000
3f802000
3f802000
3f802000
3f802000
3f802000
3f802000
3f802000
3f802000
3f802000
3f802000
3f802000
3f802000
3f802000
3f802000
3f802000
3f802000
3f802000
3f802000
3f802000
3f802000
3f802000
3f802000
3f802000
3f802000
3f802000
3f802000
3f802000
3f802000
3f802000
3f802000
3f802000
3f802000
3f802000
3f802000
3f802000
3f802000
3f802000
3f802000
3f802000
3f802000
3f802000
3f802000
3f802000
3f802000
3f802000
3f802000
3f802000
3f802000
3f802000
3f802000
3f802000
3f802000
3f802000
3f802000
3f802000
3f802000
3f802000
3f802000
3f802000
3f802000
3f802000
3f802000
3f802000
3f802000
3f802000
3f802000
3f802000
3f802000
3f802000
3f802000
3f802000
3f802000
3f802000
3f802000
3f802000
3f802000
3f802000
3f802000
3f802000
3f802000
3f802000
3f802000
3f802000
3f802000
3f802000
3f802000
3f802000
3f802000
3f802000
3f802000
3f802000
3f802000
3f802000
3f802000
3f802000
3f802000
3f802000
3f802000
3f802000
3f802000
3f802000
3f802000
3f802000
3f802000
3f802000
3f802000
3f802000
3f802000
3f802000
3f802000
3f802000
3f802000
3f802000
3f802000
3f802000
3f802000
3f802000
3f802000
3f802000
3f802000
3f802000
3f802000
3f802000
3f802000
3f802000
3f802000
3f802000
3f802000
3f802000
3f802000
3f802000
3f802000
3f802000
3f802000
3f802000
3f802000
3f802000
3f802000
3f802000
3f802000
3f802000
3f802000
3f802000
3f802000
3f802000
3f802000
3f802000
3f802000
3f802000
3f802000
3f802000
3f802000
3f802000
3f802000
3f802000
3f802000
3f802000
3f802000
3f802000
3f802000
3f802000
3f802000
3f802000
3f802000
3f802000
3f802000
3f802000
3f802000
3f802000
3f802000
3f802000
3f802000
3f802000
3f802000
3f802000
3f802000
3f802000
3f802000
3f802000
3f802000
3f802000
3f802000
3f802000
3f802000
3f802000
3f802000
3f802000
3f802000
3f802000
3f802000
3f802000
3f802000
3f802000
3f802000
3f802000
3f802000
3f802000
3f802000
3f802000
3f802000
3f802000
3f802000
3f802000
3f802000
3f802000
3f802000
3f802000
3f802000
3f802000
3f802000
3f802000
3f802000
3f802000
3f802000
3f802000
3f802000
3f802000
3f802000
3f802000
3f802000
3f802000
3f802000
3f802000
3f802000
3f802000
3f802000
3f802000
3f802000
3f802000
3f802000
3f802000
3f802000
3f802000
3f802000
3f802000
3f802000
3f802000
3f802000
3f802000
3f802000
3f802000
3f802000
3f802000
3f802000
3f802000
3f802000
3f802000
3f802000
3f802000
3f802000
3f802000
3f802000
3f802000
3f802000
3f802000
3f802000
3f802000
3f802000
3f802000
3f802000
3f802000
3f802000
3f802000
3f802000
3f802000
3f802000
3f802000
3f802000
3f802000
3f802000
3f802000
3f802000
3f802000
3f802000
3f802000
3f802000
3f802000
3f802000
3f802000
3f802000
3f802000
3f802000
3f802000
3f802000
3f802000
3f802000
3f802000
3f802000
3f802000
3f802000
3f802000
3f802000
3f802000
3f802000
3f802000
3f802000
3f802000
3f802000
3f802000
3f802000
3f802000
3f802000
3f802000
3f802000
3f802000
3f802000
3f802000
3f802000
3f802000
3f802000
3f802000
3f802000
3f802000
3f802000
3f802000
3f802000
3f802000
3f802000
3f802000
3f802000
3f802000
3f802000
3f802000
3f802000
3f802000
3f802000
3f802000
3f802000
3f802000
3f802000
3f802000
3f802000
3f802000
3f802000
3f802000
3f802000
3f802000
3f802000
3f802000
3f802000
3f802000
3f802000
3f802000
3f802000
3f802000
3f802000
3f802000
3f802000
3f802000
3f802000
3f802000
3f802000
3f802000
3f802000
3f802000
3f802000
3f802000
3f802000
3f802000
3f802000
3f802000
3f802000
3f802000
3f802000
3f802000
3f802000
3f802000
3f802000
3f802000
3f802000
3f802000
3f802000
3f802000
3f802000
3f802000
3f802000
3f802000
3f802000
3f802000
3f802000
3f802000
3f802000
3f802000
3f802000
3f802000
3f802000
3f802000
3f802000
3f802000
3f802000
3f802000
3f802000
3f802000
3f802000
3f802000
3f802000
3f802000
3f802000
3f802000
3f802000
3f802000
3f802000
3f802000
3f802000
3f802000
3f802000
3f802000
3f802000
3f802000
3f802000
3f802000
3f802000
3f802000
3f802000
3f802000
3f802000
3f802000
3f802000
3f802000
3f802000
3f802000
3f802000
3f802000
3f802000
3f802000
3f802000
3f802000
3f802000
3f802000
3f802000
3f802000
3f802000
3f802000
3f802000
3f802000
3f802000
3f802000
3f802000
3f802000
3f802000
3f802000
3f802000
3f802000
3f802000
3f802000
3f802000
3f802000
3f802000
3f802000
3f802000
3f802000
3f802000
3f802000
3f802000
3f802000
3f802000
3f802000
3f802000
3f802000
3f802000
3f802000
3f802000
3f802000
3f802000
3f802000
3f802000
3f802000
3f802000
3f802000
3f802000
3f802000
3f802000
3f802000
3f802000
3f802000
3f802000
3f802000
3f802000
3f802000
3f802000
3f802000
3f802000
3f802000
3f802000
3f802000
3f802000
3f802000
3f802000
3f802000
3f802000
3f802000
3f802000
3f802000
3f802000
3f802000
3f802000
3f802000
3f802000
3f802000
3f802000
3f802000
3f802000
3f802000
3f802000
3f802000
3f802000
3f802000
3f802000
3f802000
3f802000
3f802000
3f802000
3f802000
3f802000
3f802000
3f802000
3f802000
3f802000
3f802000
3f802000
3f802000
3f802000
3f802000
3f802000
3f802000
3f802000
3f802000
3f802000
3f802000
3f802000
3f802000
3f802000
3f802000
3f802000
3f802000
3f802000
3f802000
3f802000
3f802000
3f802000
3f802000
3f802000
3f802000
3f802000
3f802000
3f802000
3f802000
3f802000
3f802000
3f802000
3f802000
3f802000
3f802000
3f802000
3f802000
3f802000
3f802000
3f802000
3f802000
3f802000
3f802000
3f802000
3f802000
3f802000
3f802000
3f802000
3f802000
3f802000
3f802000
3f802000
3f802000
3f802000
3f802000
3f802000
3f802000
3f802000
3f802000
3f802000
3f802000
3f802000
3f802000
3f802000
3f802000
3f802000
3f802000
3f802000
3f802000
3f802000
3f802000
3f802000
3f802000
3f802000
3f802000
3f802000
3f802000
3f802000
3f802000
3f802000
3f802000
3f802000
3f802000
3f802000
3f802000
3f802000
3f802000
3f802000
3f802000
3f802000
3f802000
3f802000
3f802000
3f802000
3f802000
3f802000
3f802000
3f802000
3f802000
3f802000
3f802000
3f802000
3f802000
3f802000
3f802000
3f802000
3f802000
3f802000
3f802000
3f802000
3f802000
3f802000
3f802000
3f802000
3f802000
3f802000
3f802000
3f802000
3f802000
3f802000
3f802000
3f802000
3f802000
3f802000
3f802000
3f802000
3f802000
3f802000
3f802000
3f802000
3f802000
3f802000
3f802000
3f802000
3f802000
3f802000
3f802000
3f802000
3f802000
3f802000
3f802000
3f802000
3f802000
3f802000
3f802000
3f802000
3f802000
3f802000
3f802000
3f802000
3f802000
3f802000
3f802000
3f802000
3f802000
3f802000
3f802000
3f802000
3f802000
3f802000
3f802000
3f802000
3f802000
3f802000
3f802000
3f802000
3f802000
3f802000
3f802000
3f802000
3f802000
3f802000
3f802000
3f802000
3f802000
3f802000
3f802000
3f802000
3f802000
3f802000
3f802000
3f802000
3f802000
3f802000
3f802000
3f802000
3f802000
3f802000
3f802000
3f802000
3f802000
3f802000
3f802000
3f802000
3f802000
3f802000
3f802000
3f802000
3f802000
3f802000
3f802000
3f802000
3f802000
3f802000
3f802000
3f802000
3f802000
3f802000
3f802000
3f802000
3f802000
3f802000
3f802000
3f802000
3f802000
3f802000
3f802000
3f802000
3f802000
3f802000
3f802000
3f805000
3f805000
3f805000
3f805000
3f805000
3f805000
3f805000
3f805000
3f805000
3f805000
3f805000
3f805000
3f805000
3f805000
3f805000
3f805000
3f805000
3f805000
3f805000
3f805000
3f805000
3f805000
3f805000
3f805000
3f805000
3f805000
3f805000
3f805000
3f805000
3f805000
3f805000
3f805000
3f805000
3f805000
3f805000
3f805000
3f805000
3f805000
3f805000
3f805000
3f805000
3f805000
3f805000
3f805000
3f805000
3f805000
3f805000
3f805000
3f805000
3f805000
3f805000
3f805000
3f805000
3f805000
3f805000
3f805000
3f805000
3f805000
3f805000
3f805000
3f805000
3f805000
3f805000
3f805000
3f805000
3f805000
3f805000
3f805000
3f805000
3f805000
3f805000
3f805000
3f805000
3f805000
3f805000
3f805000
3f805000
3f805000
3f805000
3f805000
3f805000
3f805000
3f805000
3f805000
3f805000
3f805000
3f805000
3f805000
3f805000
3f805000
3f805000
3f805000
3f805000
3f805000
3f805000
3f805000
3f805000
3f805000
3f805000
3f805000
3f805000
3f805000
3f805000
3f805000
3f805000
3f805000
3f805000
3f805000
3f805000
3f805000
3f805000
3f805000
3f805000
3f805000
3f805000
3f805000
3f805000
3f805000
3f805000
3f805000
3f805000
3f805000
3f805000
3f805000
3f805000
3f805000
3f805000
3f805000
3f805000
3f805000
3f805000
3f805000
3f805000
3f805000
3f805000
3f805000
3f805000
3f805000
3f805000
3f805000
3f805000
3f805000
3f805000
3f805000
3f805000
3f805000
3f805000
3f805000
3f805000
3f805000
3f805000
3f805000
3f805000
3f805000
3f805000
3f805000
3f805000
3f805000
3f805000
3f805000
3f805000
3f805000
3f805000
3f805000
3f805000
3f805000
3f805000
3f805000
3f805000
3f805000
3f805000
3f805000
3f805000
3f805000
3f805000
3f805000
3f805000
3f805000
3f805000
3f805000
3f805000
3f805000
3f805000
3f805000
3f805000
3f805000
3f805000
3f805000
3f805000
3f805000
3f805000
3f805000
3f805000
3f805000
3f805000
3f805000
3f805000
3f805000
3f805000
3f805000
3f805000
3f805000
3f805000
3f805000
3f805000
3f805000
3f805000
3f805000
3f805000
3f805000
3f805000
3f805000
3f805000
3f805000
3f805000
3f805000
3f805000
3f805000
3f805000
3f805000
3f805000
3f805000
3f805000
3f805000
3f805000
3f805000
3f805000
3f805000
3f805000
3f805000
3f805000
3f805000
3f805000
3f805000
3f805000
3f805000
3f805000
3f805000
3f805000
3f805000
3f805000
3f805000
3f805000
3f805000
3f805000
3f805000
3f805000
3f805000
3f805000
3f805000
3f805000
3f805000
3f805000
3f805000
3f805000
3f805000
3f805000
3f805000
3f805000
3f805000
3f805000
3f805000
3f805000
3f805000
3f805000
3f805000
3f805000
3f805000
3f805000
3f805000
3f805000
3f805000
3f805000
3f805000
3f805000
3f805000
3f805000
3f805000
3f805000
3f805000
3f805000
3f805000
3f805000
3f805000
3f805000
3f805000
3f805000
3f805000
3f805000
3f805000
3f805000
3f805000
3f805000
3f805000
3f805000
3f805000
3f805000
3f805000
3f805000
3f805000
3f805000
3f805000
3f805000
3f805000
3f805000
3f805000
3f805000
3f805000
3f805000
3f805000
3f805000
3f805000
3f805000
3f805000
3f805000
3f805000
3f805000
3f805000
3f805000
3f805000
3f805000
3f805000
3f805000
3f805000
3f805000
3f805000
3f805000
3f805000
3f805000
3f805000
3f805000
3f805000
3f805000
3f805000
3f805000
3f805000
3f805000
3f805000
3f805000
3f805000
3f805000
3f805000
3f805000
3f805000
3f805000
3f805000
3f805000
3f805000
3f805000
3f805000
3f805000
3f805000
3f805000
3f805000
3f805000
3f805000
3f805000
3f805000
3f805000
3f805000
3f805000
3f805000
3f805000
3f805000
3f805000
3f805000
3f805000
3f805000
3f805000
3f805000
3f805000
3f805000
3f805000
3f805000
3f805000
3f805000
3f805000
3f805000
3f805000
3f805000
3f805000
3f805000
3f805000
3f805000
3f805000
3f805000
3f805000
3f805000
3f805000
3f805000
3f805000
3f805000
3f805000
3f805000
3f805000
3f805000
3f805000
3f805000
3f805000
3f805000
3f805000
3f805000
3f805000
3f805000
3f805000
3f805000
3f805000
3f805000
3f805000
3f805000
3f805000
3f805000
3f805000
3f805000
3f805000
3f805000
3f805000
3f805000
3f805000
3f805000
3f805000
3f805000
3f805000
3f805000
3f805000
3f805000
3f805000
3f805000
3f805000
3f805000
3f805000
3f805000
3f805000
3f805000
3f805000
3f805000
3f805000
3f805000
3f805000
3f805000
3f805000
3f805000
3f805000
3f805000
3f805000
3f805000
3f805000
3f805000
3f805000
3f805000
3f805000
3f805000
3f805000
3f805000
3f805000
3f805000
3f805000
3f805000
3f805000
3f805000
3f805000
3f805000
3f805000
3f805000
3f805000
3f805000
3f805000
3f805000
3f805000
3f805000
3f805000
3f805000
3f805000
3f805000
3f805000
3f805000
3f805000
3f805000
3f805000
3f805000
3f805000
3f805000
3f805000
3f805000
3f805000
3f805000
3f805000
3f805000
3f805000
3f805000
3f805000
3f805000
3f805000
3f805000
3f805000
3f805000
3f805000
3f805000
3f805000
3f805000
3f805000
3f805000
3f805000
3f805000
3f805000
3f805000
3f805000
3f805000
3f805000
3f805000
3f805000
3f805000
3f805000
3f805000
3f805000
3f805000
3f805000
3f805000
3f805000
3f805000
3f805000
3f805000
3f805000
3f805000
3f805000
3f805000
3f805000
3f805000
3f805000
3f805000
3f805000
3f805000
3f805000
3f805000
3f805000
3f805000
3f805000
3f805000
3f805000
3f805000
3f805000
3f805000
3f805000
3f805000
3f805000
3f805000
3f805000
3f805000
3f805000
3f805000
3f805000
3f805000
3f805000
3f805000
3f805000
3f805000
3f805000
3f805000
3f805000
3f805000
3f805000
3f805000
3f805000
3f805000
3f805000
3f805000
3f805000
3f805000
3f805000
3f805000
3f805000
3f805000
3f805000
3f805000
3f805000
3f805000
3f805000
3f805000
3f805000
3f805000
3f805000
3f805000
3f805000
3f805000
3f805000
3f805000
3f805000
3f805000
3f805000
3f805000
3f805000
3f805000
3f805000
3f805000
3f805000
3f805000
3f805000
3f805000
3f805000
3f805000
3f805000
3f805000
3f805000
3f805000
3f805000
3f805000
3f805000
3f805000
3f805000
3f805000
3f805000
3f805000
3f805000
3f805000
3f805000
3f805000
3f805000
3f805000
3f805000
3f805000
3f805000
3f805000
3f805000
3f805000
3f805000
3f805000
3f805000
3f805000
3f805000
3f805000
3f805000
3f805000
3f805000
3f805000
3f805000
3f805000
3f805000
3f805000
3f805000
3f805000
3f805000
3f805000
3f805000
3f805000
3f805000
3f805000
3f805000
3f805000
3f805000
3f805000
3f805000
3f805000
3f805000
3f805000
3f805000
3f805000
3f805000
3f805000
3f805000
3f805000
3f805000
3f805000
3f805000
3f805000
3f805000
3f805000
3f805000
3f805000
3f805000
3f805000
3f805000
3f805000
3f805000
3f805000
3f805000
3f805000
3f805000
3f805000
3f805000
3f805000
3f805000
3f805000
3f805000
3f805000
3f805000
3f805000
3f805000
3f805000
3f805000
3f805000
3f805000
3f805000
3f805000
3f805000
3f805000
3f805000
3f805000
3f805000
3f805000
3f805000
3f805000
3f805000
3f805000
3f805000
3f805000
3f805000
3f805000
3f805000
3f805000
3f805000
3f805000
3f805000
3f805000
3f805000
3f805000
3f805000
3f805000
3f805000
3f805000
3f805000
3f805000
3f805000
3f805000
3f805000
3f805000
3f805000
3f805000
3f805000
3f805000
3f805000
3f805000
3f805000
3f805000
3f805000
3f805000
3f805000
3f805000
3f805000
3f805000
3f805000
3f805000
3f805000
3f805000
3f805000
3f805000
3f805000
3f805000
3f805000
3f805000
3f805000
3f805000
3f805000
3f805000
3f805000
3f805000
3f805000
3f805000
3f805000
3f805000
3f805000
3f805000
3f805000
3f805000
3f805000
3f805000
3f805000
3f805000
3f805000
3f805000
3f805000
3f805000
3f805000
3f805000
3f805000
3f805000
3f805000
3f805000
3f805000
3f805000
3f805000
3f805000
3f805000
3f805000
3f805000
3f805000
3f805000
3f805000
3f805000
3f805000
3f805000
3f805000
3f805000
3f805000
3f805000
3f805000
3f805000
3f805000
3f805000
3f805000
3f805000
3f805000
3f805000
3f805000
3f805000
3f805000
3f805000
3f805000
3f805000
3f805000
3f805000
3f805000
3f805000
3f805000
3f805000
3f805000
3f805000
3f805000
3f805000
3f805000
3f805000
3f805000
3f805000
3f805000
3f805000
3f805000
3f805000
3f805000
3f805000
3f805000
3f805000
3f805000
3f805000
3f805000
3f805000
3f805000
3f805000
3f805000
3f805000
3f805000
3f805000
3f805000
3f805000
3f805000
3f805000
3f805000
3f805000
3f805000
3f805000
3f805000
3f805000
3f805000
3f805000
3f805000
3f805000
3f805000
3f805000
3f805000
3f805000
3f805000
3f805000
3f805000
3f805000
3f805000
3f805000
3f805000
3f805000
3f805000
3f805000
3f805000
3f805000
3f805000
3f805000
3f805000
3f805000
3f805000
3f805000
3f805000
3f805000
3f805000
3f805000
3f805000
3f805000
3f805000
3f805000
3f805000
3f805000
3f805000
3f805000
3f805000
3f805000
3f805000
3f805000
3f805000
3f805000
3f805000
3f805000
3f805000
3f805000
3f805000
3f805000
3f805000
3f805000
3f805000
3f805000
3f805000
3f805000
3f805000
3f805000
3f805000
3f805000
3f805000
3f805000
3f805000
3f805000
3f805000
3f805000
3f805000
3f805000
3f805000
3f805000
3f805000
3f805000
3f805000
3f805000
3f805000
3f805000
3f805000
3f805000
3f805000
3f805000
3f805000
3f805000
3f805000
3f805000
3f805000
3f805000
3f805000
3f805000
3f805000
3f805000
3f805000
3f805000
3f805000
3f805000
3f805000
3f805000
3f805000
3f805000
3f805000
3f805000
3f805000
3f805000
3f805000
3f805000
3f805000
3f805000
3f805000
3f805000
3f805000
3f805000
3f805000
3f805000
3f805000
3f805000
3f805000
3f805000
3f805000
3f805000
3f805000
3f805000
3f805000
3f805000
3f805000
3f805000
3f805000
3f805000
3f805000
3f805000
3f805000
3f805000
3f805000
3f805000
3f805000
3f805000
3f805000
3f805000
3f805000
3f805000
3f805000
3f805000
3f805000
3f805000
3f805000
3f805000
3f805000
3f805000
3f805000
3f805000
3f805000
3f805000
3f805000
3f805000
3f805000
3f805000
3f805000
3f805000
3f805000
3f805000
3f805000
3f805000
3f805000
3f805000
3f805000
3f805000
3f805000
3f805000
3f805000
3f805000
3f805000
3f805000
3f805000
3f805000
3f805000
3f805000
3f805000
3f805000
3f805000
3f805000
3f805000
3f805000
3f805000
3f805000
3f805000
3f805000
3f805000
3f805000
3f805000
3f805000
3f805000
3f805000
3f805000
3f805000
3f805000
3f805000
3f805000
3f805000
3f805000
3f805000
3f805000
3f805000
3f805000
3f805000
3f805000
3f805000
3f805000
3f805000
3f805000
3f805000
3f805000
3f805000
3f805000
3f805000
3f805000
3f805000
3f805000
3f805000
3f805000
3f805000
3f805000
3f805000
3f805000
3f805000
3f805000
3f805000
3f805000
3f805000
3f805000
3f805000
3f805000
3f805000
3f805000
3f805000
3f805000
3f805000
3f805000
3f805000
3f805000
3f805000
3f805000
3f805000
3f805000
3f805000
3f805000
3f805000
3f805000
3f805000
3f805000
3f805000
3f805000
3f805000
3f805000
3f805000
3f805000
3f805000
3f805000
3f805000
3f805000
3f805000
3f805000
3f805000
3f805000
3f805000
3f805000
3f805000
3f805000
3f805000
3f805000
3f805000
3f805000
3f805000
3f805000
3f805000
3f805000
3f805000
3f805000
3f805000
3f805000
3f805000
3f805000
3f805000
3f805000
3f805000
3f805000
3f805000
3f805000
3f805000
3f805000
3f805000
3f805000
3f805000
3f805000
3f805000
3f805000
3f805000
3f805000
3f805000
3f805000
3f805000
3f805000
3f805000
3f805000
3f805000
3f805000
3f805000
3f805000
3f805000
3f805000
3f805000
3f805000
3f805000
3f805000
3f805000
3f805000
3f805000
3f805000
3f805000
3f805000
3f805000
3f805000
3f805000
3f805000
3f805000
3f805000
3f805000
3f805000
3f805000
3f805000
3f805000
3f805000
3f805000
3f805000
3f805000
3f805000
3f805000
3f805000
3f805000
3f805000
3f805000
3f805000
3f805000
3f805000
3f805000
3f805000
3f805000
3f805000
3f805000
3f805000
3f805000
3f805000
3f805000
3f805000
3f805000
3f805000
3f805000
3f805000
3f805000
3f805000
3f805000
3f805000
3f805000
3f805000
3f805000
3f805000
3f805000
3f805000
3f805000
3f805000
3f805000
3f805000
3f805000
3f805000
3f805000
3f805000
3f805000
3f805000
3f805000
3f805000
3f805000
3f805000
3f805000
3f805000
3f805000
3f805000
3f805000
3f805000
3f805000
3f805000
3f805000
3f805000
3f805000
3f805000
3f805000
3f805000
3f805000
3f805000
3f805000
3f805000
3f805000
3f805000
3f805000
3f805000
3f805000
3f805000
3f805000
3f805000
3f805000
3f805000
3f805000
3f805000
3f805000
3f805000
3f805000
3f805000
3f805000
3f805000
3f805000
3f805000
3f805000
3f805000
3f805000
3f805000
3f805000
3f805000
3f805000
3f805000
3f805000
3f805000
3f805000
3f805000
3f805000
3f805000
3f805000
3f805000
3f805000
3f805000
3f805000
3f805000
3f805000
3f805000
3f805000
3f805000
3f805000
3f805000
3f805000
3f805000
3f805000
3f805000
3f805000
3f805000
3f805000
3f805000
3f805000
3f805000
3f805000
3f805000
3f805000
3f805000
3f805000
3f805000
3f805000
3f805000
3f805000
3f805000
3f805000
3f805000
3f805000
3f805000
3f805000
3f805000
3f805000
3f805000
3f805000
3f805000
3f805000
3f805000
3f805000
3f805000
3f805000
3f805000
3f805000
3f805000
3f805000
3f805000
3f805000
3f805000
3f805000
3f805000
3f805000
3f805000
3f805000
3f805000
3f805000
3f805000
3f805000
3f805000
3f805000
3f805000
3f805000
3f805000
3f805000
3f805000
3f805000
3f805000
3f805000
3f805000
3f805000
3f805000
3f805000
3f805000
3f805000
3f805000
3f805000
3f805000
3f805000
3f805000
3f805000
3f805000
3f805000
3f805000
3f805000
3f805000
3f805000
3f805000
3f805000
3f805000
3f805000
3f805000
3f805000
3f805000
3f805000
3f805000
3f805000
3f805000
3f805000
3f805000
3f805000
3f805000
3f805000
3f805000
3f805000
3f805000
3f805000
3f805000
3f805000
3f805000
3f805000
3f805000
3f805000
3f805000
3f805000
3f805000
3f805000
3f805000
3f805000
3f805000
3f805000
3f805000
3f805000
3f805000
3f805000
3f805000
3f805000
3f805000
3f805000
3f805000
3f805000
3f805000
3f805000
3f805000
3f805000
3f805000
3f805000
3f805000
3f805000
3f805000
3f805000
3f805000
3f805000
3f805000
3f805000
3f805000
3f805000
3f805000
3f805000
3f805000
3f805000
3f805000
3f805000
3f805000
3f805000
3f805000
3f805000
3f805000
3f805000
3f805000
3f805000
3f805000
3f805000
3f805000
3f805000
3f805000
3f805000
3f805000
3f805000
3f805000
3f805000
3f805000
3f805000
3f805000
3f805000
3f805000
3f805000
3f805000
3f805000
3f805000
3f805000
3f805000
3f805000
3f805000
3f805000
3f805000
3f805000
3f805000
3f805000
3f805000
3f805000
3f805000
3f805000
3f805000
3f805000
3f805000
3f805000
3f805000
3f805000
3f805000
3f805000
3f805000
3f805000
3f805000
3f805000
3f805000
3f805000
3f805000
3f805000
3f805000
3f805000
3f805000
3f805000
3f805000
3f805000
3f805000
3f805000
3f805000
3f805000
3f805000
3f805000
3f805000
3f805000
3f805000
3f805000
3f805000
3f805000
3f805000
3f805000
3f805000
3f805000
3f805000
3f805000
3f805000
3f805000
3f805000
3f805000
3f805000
3f805000
3f805000
3f805000
3f805000
3f805000
3f805000
3f805000
3f805000
3f805000
3f805000
3f805000
3f805000
3f805000
3f805000
3f805000
3f805000
3f805000
3f805000
3f805000
3f805000
3f805000
3f805000
3f805000
3f805000
3f805000
3f805000
3f805000
3f805000
3f805000
3f805000
3f805000
3f805000
3f805000
3f805000
3f805000
3f805000
3f805000
3f805000
3f805000
3f805000
3f805000
3f805000
3f805000
3f805000
3f805000
3f805000
3f805000
3f805000
3f805000
3f805000
3f805000
3f805000
3f805000
3f805000
3f805000
3f805000
3f805000
3f805000
3f805000
3f805000
3f805000
3f805000
3f805000
3f805000
3f805000
3f805000
3f805000
3f805000
3f805000
3f805000
3f805000
3f805000
3f805000
3f805000
3f805000
3f805000
3f805000
3f805000
3f805000
3f805000
3f805000
3f805000
3f805000
3f805000
3f805000
3f805000
3f805000
3f805000
3f805000
3f805000
3f805000
3f805000
3f805000
3f805000
3f805000
3f805000
3f805000
3f805000
3f805000
3f805000
3f805000
3f805000
3f805000
3f805000
3f805000
3f805000
3f805000
3f805000
3f805000
3f805000
3f805000
3f805000
3f805000
3f805000
3f805000
3f805000
3f805000
3f805000
3f805000
3f805000
3f805000
3f805000
3f805000
3f805000
3f805000
3f805000
3f805000
3f805000
3f805000
3f805000
3f805000
3f805000
3f805000
3f805000
3f805000
3f805000
3f805000
3f805000
3f805000
3f805000
3f805000
3f805000
3f805000
3f805000
3f805000
3f805000
3f805000
3f805000
3f805000
3f805000
3f805000
3f805000
3f805000
3f805000
3f805000
3f805000
3f805000
3f805000
3f805000
3f805000
3f805000
3f805000
3f805000
3f805000
3f805000
3f805000
3f805000
3f805000
3f805000
3f805000
3f805000
3f805000
3f805000
3f805000
3f805000
3f805000
3f805000
3f805000
3f805000
3f805000
3f805000
3f805000
3f805000
3f805000
3f805000
3f805000
3f805000
3f805000
3f805000
3f805000
3f805000
3f805000
3f805000
3f805000
3f805000
3f805000
3f805000
3f805000
3f805000
3f805000
3f805000
3f805000
3f805000
3f805000
3f805000
3f805000
3f805000
3f805000
3f805000
3f805000
3f805000
3f805000
3f805000
3f805000
3f805000
3f805000
3f805000
3f805000
3f805000
3f805000
3f805000
3f805000
3f805000
3f805000
3f805000
3f805000
3f805000
3f805000
3f805000
3f805000
3f805000
3f805000
3f805000
3f805000
3f805000
3f805000
3f805000
3f805000
3f805000
3f805000
3f805000
3f805000
3f805000
3f805000
3f805000
3f805000
3f805000
3f805000
3f805000
3f805000
3f805000
3f805000
3f805000
3f805000
3f805000
3f805000
3f805000
3f805000
3f805000
3f805000
3f805000
3f805000
3f805000
3f805000
3f805000
3f805000
3f805000
3f805000
3f805000
3f805000
3f805000
3f805000
3f805000
3f805000
3f805000
3f805000
3f805000
3f805000
3f805000
3f805000
3f805000
3f805000
3f805000
3f805000
3f805000
3f805000
3f805000
3f805000
3f805000
3f805000
3f805000
3f805000
3f805000
3f805000
3f805000
3f805000
3f805000
3f805000
3f805000
3f805000
3f805000
3f805000
3f805000
3f805000
3f805000
3f805000
3f805000
3f805000
3f805000
3f805000
3f805000
3f805000
3f805000
3f805000
3f805000
3f805000
3f805000
3f805000
3f805000
3f805000
3f805000
3f805000
3f805000
3f805000
3f805000
3f805000
3f805000
3f805000
3f805000
3f805000
3f805000
3f805000
3f805000
3f805000
3f805000
3f805000
3f805000
3f805000
3f805000
3f805000
3f805000
3f805000
3f805000
3f805000
3f805000
3f805000
3f805000
3f805000
3f805000
3f805000
3f805000
3f805000
3f805000
3f805000
3f805000
3f805000
3f805000
3f805000
3f805000
3f805000
3f805000
3f805000
3f805000
3f805000
3f805000
3f805000
3f805000
3f805000
3f805000
3f805000
3f805000
3f805000
3f805000
3f805000
3f805000
3f805000
3f805000
3f805000
3f805000
3f805000
3f805000
3f805000
3f805000
3f805000
3f805000
3f805000
3f805000
3f805000
3f805000
3f805000
3f805000
3f805000
3f805000
3f805000
3f805000
3f805000
3f805000
3f805000
3f805000
3f805000
3f805000
3f805000
3f805000
3f805000
3f805000
3f805000
3f805000
3f805000
3f805000
3f805000
3f805000
3f805000
3f805000
3f805000
3f805000
3f805000
3f805000
3f805000
3f805000
3f805000
3f805000
3f805000
3f805000
3f805000
3f805000
3f805000
3f805000
3f805000
3f805000
3f805000
3f805000
3f805000
3f805000
3f805000
3f805000
3f805000
3f805000
3f805000
3f805000
3f805000
3f805000
3f805000
3f805000
3f805000
3f805000
3f805000
3f805000
3f805000
3f805000
3f805000
3f805000
3f805000
3f805000
3f805000
3f805000
3f805000
3f805000
3f805000
3f805000
3f805000
3f805000
3f805000
3f805000
3f805000
3f805000
3f805000
3f805000
3f805000
3f805000
3f805000
3f805000
3f805000
3f805000
3f805000
3f805000
3f805000
3f805000
3f805000
3f805000
3f805000
3f805000
3f805000
3f805000
3f805000
3f805000
3f805000
3f805000
3f805000
3f805000
3f805000
3f805000
3f805000
3f805000
3f805000
3f805000
3f805000
3f805000
3f805000
3f805000
3f805000
3f805000
3f805000
3f805000
3f805000
3f805000
3f805000
3f805000
3f805000
3f805000
3f805000
3f805000
3f805000
3f805000
3f805000
3f805000
3f805000
3f805000
3f805000
3f805000
3f805000
3f805000
3f805000
3f805000
3f805000
3f805000
3f805000
3f805000
3f805000
3f805000
3f805000
3f805000
3f805000
3f805000
3f805000
3f805000
3f805000
3f805000
3f805000
3f805000
3f805000
3f805000
3f805000
3f805000
3f805000
3f805000
3f805000
3f805000
3f805000
3f805000
3f805000
3f805000
3f805000
3f805000
3f805000
3f805000
3f805000
3f805000
3f805000
3f805000
3f805000
3f805000
3f805000
3f805000
3f805000
3f805000
3f805000
3f805000
3f805000
3f805000
3f805000
3f805000
3f805000
3f805000
3f805000
3f805000
3f805000
3f805000
3f805000
3f805000
3f805000
3f805000
3f802000
3f802000
3f802000
3f802000
3f802000
3f802000
3f802000
3f802000
3f802000
3f802000
3f802000
3f802000
3f802000
3f802000
3f802000
3f802000
3f802000
3f802000
3f802000
3f802000
3f802000
3f802000
3f802000
3f802000
3f802000
3f802000
3f802000
3f802000
3f802000
3f802000
3f802000
3f802000
3f802000
3f802000
3f802000
3f802000
3f802000
3f802000
3f802000
3f802000
3f802000
3f802000
3f802000
3f802000
3f802000
3f802000
3f802000
3f802000
3f802000
3f802000
3f802000
3f802000
3f802000
3f802000
3f802000
3f802000
3f802000
3f802000
3f802000
3f802000
3f802000
3f802000
3f802000
3f802000
3f802000
3f802000
3f802000
3f802000
3f802000
3f802000
3f802000
3f802000
3f802000
3f802000
3f802000
3f802000
3f802000
3f802000
3f802000
3f802000
3f802000
3f802000
3f802000
3f802000
3f802000
3f802000
3f802000
3f802000
3f802000
3f802000
3f802000
3f802000
3f802000
3f802000
3f802000
3f802000
3f802000
3f802000
3f802000
3f802000
3f802000
3f802000
3f802000
3f802000
3f802000
3f802000
3f802000
3f802000
3f802000
3f802000
3f802000
3f802000
3f802000
3f802000
3f802000
3f802000
3f802000
3f802000
3f802000
3f802000
3f802000
3f802000
3f802000
3f802000
3f802000
3f802000
3f802000
3f802000
3f802000
3f802000
3f802000
3f802000
3f802000
3f802000
3f802000
3f802000
3f802000
3f802000
3f802000
3f802000
3f802000
3f802000
3f802000
3f802000
3f802000
3f802000
3f802000
3f802000
3f802000
3f802000
3f802000
3f802000
3f802000
3f802000
3f802000
3f802000
3f802000
3f802000
3f802000
3f802000
3f802000
3f802000
3f802000
3f802000
3f802000
3f802000
3f802000
3f802000
3f802000
3f802000
3f802000
3f802000
3f802000
3f802000
3f802000
3f802000
3f802000
3f802000
3f802000
3f802000
3f802000
3f802000
3f802000
3f802000
3f802000
3f802000
3f802000
3f802000
3f802000
3f802000
3f802000
3f802000
3f802000
3f802000
3f802000
3f802000
3f802000
3f802000
3f802000
3f802000
3f802000
3f802000
3f802000
3f802000
3f802000
3f802000
3f802000
3f802000
3f802000
3f802000
3f802000
3f802000
3f802000
3f802000
3f802000
3f802000
3f802000
3f802000
3f802000
3f802000
3f802000
3f802000
3f802000
3f802000
3f802000
3f802000
3f802000
3f802000
3f802000
3f802000
3f802000
3f802000
3f802000
3f802000
3f802000
3f802000
3f802000
3f802000
3f802000
3f802000
3f802000
3f802000
3f802000
3f802000
3f802000
3f802000
3f802000
3f802000
3f802000
3f802000
3f802000
3f802000
3f802000
3f802000
3f802000
3f802000
3f802000
3f802000
3f802000
3f802000
3f802000
3f802000
3f802000
3f802000
3f802000
3f802000
3f802000
3f802000
3f802000
3f802000
3f802000
3f802000
3f802000
3f802000
3f802000
3f802000
3f802000
3f802000
3f802000
3f802000
3f802000
3f802000
3f802000
3f802000
3f802000
3f802000
3f802000
3f802000
3f802000
3f802000
3f802000
3f802000
3f802000
3f802000
3f802000
3f802000
3f802000
3f802000
3f802000
3f802000
3f802000
3f802000
3f802000
3f802000
3f802000
3f802000
3f802000
3f802000
3f802000
3f802000
3f802000
3f802000
3f802000
3f802000
3f802000
3f802000
3f802000
3f802000
3f802000
3f802000
3f802000
3f802000
3f802000
3f802000
3f802000
3f802000
3f802000
3f802000
3f802000
3f802000
3f802000
3f802000
3f802000
3f802000
3f802000
3f802000
3f802000
3f802000
3f802000
3f802000
3f802000
3f802000
3f802000
3f802000
3f802000
3f802000
3f802000
3f802000
3f802000
3f802000
3f802000
3f802000
3f802000
3f802000
3f802000
3f802000
3f802000
3f802000
3f802000
3f802000
3f802000
3f802000
3f802000
3f802000
3f802000
3f802000
3f802000
3f802000
3f802000
3f802000
3f802000
3f802000
3f802000
3f802000
3f802000
3f802000
3f802000
3f802000
3f802000
3f802000
3f802000
3f802000
3f802000
3f802000
3f802000
3f802000
3f802000
3f802000
3f802000
3f802000
3f802000
3f802000
3f802000
3f802000
3f802000
3f802000
3f802000
3f802000
3f802000
3f802000
3f802000
3f802000
3f802000
3f802000
3f802000
3f802000
3f802000
3f802000
3f802000
3f802000
3f802000
3f802000
3f802000
3f802000
3f802000
3f802000
3f802000
3f802000
3f802000
3f802000
3f802000
3f802000
3f802000
3f802000
3f802000
3f802000
3f802000
3f802000
3f802000
3f802000
3f802000
3f802000
3f802000
3f802000
3f802000
3f802000
3f802000
3f802000
3f802000
3f802000
3f802000
3f802000
3f802000
3f802000
3f802000
3f802000
3f802000
3f802000
3f802000
3f802000
3f802000
3f802000
3f802000
3f802000
3f802000
3f802000
3f802000
3f802000
3f802000
3f802000
3f802000
3f802000
3f802000
3f802000
3f802000
3f802000
3f802000
3f802000
3f802000
3f802000
3f802000
3f802000
3f802000
3f802000
3f802000
3f802000
3f802000
3f802000
3f802000
3f802000
3f802000
3f802000
3f802000
3f802000
3f802000
3f802000
3f802000
3f802000
3f802000
3f802000
3f802000
3f802000
3f802000
3f802000
3f802000
3f802000
3f802000
3f802000
3f802000
3f802000
3f802000
3f802000
3f802000
3f802000
3f802000
3f802000
3f802000
3f802000
3f802000
3f802000
3f802000
3f802000
3f802000
3f802000
3f802000
3f802000
3f802000
3f802000
3f802000
3f802000
3f802000
3f802000
3f802000
3f802000
3f802000
3f802000
3f802000
3f802000
3f802000
3f802000
3f802000
3f802000
3f802000
3f802000
3f802000
3f802000
3f802000
3f802000
3f802000
3f802000
3f802000
3f802000
3f802000
3f802000
3f802000
3f802000
3f802000
3f802000
3f802000
3f802000
3f802000
3f802000
3f802000
3f802000
3f802000
3f802000
3f802000
3f802000
3f802000
3f802000
3f802000
3f802000
3f802000
3f802000
3f802000
3f802000
3f802000
3f802000
3f802000
3f802000
3f802000
3f802000
3f802000
3f802000
3f802000
3f802000
3f802000
3f802000
3f802000
3f802000
3f802000
3f802000
3f802000
3f802000
3f802000
3f802000
3f802000
3f802000
3f802000
3f802000
3f802000
3f802000
3f802000
3f802000
3f802000
3f802000
3f802000
3f802000
3f802000
3f802000
3f802000
3f802000
3f802000
3f802000
3f802000
3f802000
3f802000
3f802000
3f802000
3f802000
3f802000
3f802000
3f802000
3f802000
3f802000
3f802000
3f802000
3f802000
3f802000
3f802000
3f802000
3f802000
3f802000
3f802000
3f802000
3f802000
3f802000
3f802000
3f802000
3f802000
3f802000
3f802000
3f802000
3f802000
3f802000
3f802000
3f802000
3f802000
3f802000
3f802000
3f802000
3f802000
3f802000
3f802000
3f802000
3f802000
3f802000
3f802000
3f802000
3f802000
3f802000
3f802000
3f802000
3f802000
3f802000
3f802000
3f802000
3f802000
3f802000
3f802000
3f802000
3f802000
3f802000
3f802000
3f802000
3f802000
3f802000
3f802000
3f802000
3f802000
3f802000
3f802000
3f802000
3f802000
3f802000
3f802000
3f802000
3f802000
3f802000
3f802000
3f802000
3f802000
3f802000
3f802000
3f802000
3f802000
3f802000
3f802000
3f802000
3f802000
3f802000
3f802000
3f802000
3f802000
3f802000
3f802000
3f802000
3f802000
3f802000
3f802000
3f802000
3f802000
3f802000
3f802000
3f802000
3f802000
3f802000
3f802000
3f802000
3f802000
3f802000
3f802000
3f802000
3f802000
3f802000
3f802000
3f802000
3f802000
3f802000
3f802000
3f802000
3f802000
3f802000
3f802000
3f802000
3f802000
3f802000
3f802000
3f802000
3f802000
3f802000
3f802000
3f802000
3f802000
3f802000
3f802000
3f802000
3f802000
3f802000
3f802000
3f802000
3f802000
3f802000
3f802000
3f802000
3f802000
3f802000
3f802000
3f802000
3f802000
3f802000
3f802000
3f802000
3f802000
3f802000
3f802000
3f802000
3f802000
3f802000
3f802000
3f802000
3f802000
3f802000
3f802000
3f802000
3f802000
3f802000
3f802000
3f802000
3f802000
3f802000
3f802000
3f802000
3f802000
3f802000
3f802000
3f802000
3f802000
3f802000
3f802000
3f802000
3f802000
3f802000
3f802000
3f802000
3f802000
3f802000
3f802000
3f802000
3f802000
3f802000
3f802000
3f802000
3f802000
3f802000
3f802000
3f802000
3f802000
3f802000
3f802000
3f802000
3f802000
3f802000
3f802000
3f802000
3f802000
3f802000
3f802000
3f802000
3f802000
3f802000
3f802000
3f802000
3f802000
3f802000
3f802000
3f802000
3f802000
3f802000
3f802000
3f802000
3f802000
3f802000
3f802000
3f802000
3f802000
3f802000
3f802000
3f802000
3f802000
3f802000
3f802000
3f802000
3f802000
3f802000
3f802000
3f802000
3f802000
3f802000
3f802000
3f802000
3f802000
3f802000
3f802000
3f802000
3f802000
3f802000
3f802000
3f802000
3f802000
3f802000
3f802000
3f802000
3f802000
3f802000
3f802000
3f802000
3f802000
3f802000
3f802000
3f802000
3f802000
3f802000
3f802000
3f802000
3f802000
3f802000
3f802000
3f802000
3f802000
3f802000
3f802000
3f802000
3f802000
3f802000
3f802000
3f802000
3f802000
3f802000
3f802000
3f802000
3f802000
3f802000
3f802000
3f802000
3f802000
3f802000
3f802000
3f802000
3f802000
3f802000
3f802000
3f802000
3f802000
3f802000
3f802000
3f802000
3f802000
3f802000
3f802000
3f802000
3f802000
3f802000
3f802000
3f802000
3f802000
3f802000
3f802000
3f802000
3f802000
3f802000
3f802000
3f802000
3f802000
3f802000
3f802000
3f802000
3f802000
3f802000
3f802000
3f802000
3f802000
3f802000
3f802000
3f802000
3f802000
3f802000
3f802000
3f802000
3f802000
3f802000
3f802000
3f802000
3f802000
3f802000
3f802000
3f802000
3f802000
3f802000
3f802000
3f802000
3f802000
3f802000
3f802000
3f802000
3f802000
3f802000
3f802000
3f802000
3f802000
3f802000
3f802000
3f802000
3f802000
3f802000
3f802000
3f802000
3f802000
3f802000
3f802000
3f802000
3f802000
3f802000
3f802000
3f802000
3f802000
3f802000
3f802000
3f802000
3f802000
3f802000
3f802000
3f802000
3f802000
3f802000
3f802000
3f802000
3f802000
3f802000
3f802000
3f802000
3f802000
3f802000
3f802000
3f802000
3f802000
3f802000
3f802000
3f802000
3f802000
3f802000
3f802000
3f802000
3f802000
3f802000
3f802000
3f802000
3f802000
3f802000
3f802000
3f802000
3f802000
3f802000
3f802000
3f802000
3f802000
3f802000
3f802000
3f802000
3f802000
3f802000
3f802000
3f802000
3f802000
3f802000
3f802000
3f802000
3f802000
3f802000
3f802000
3f802000
3f802000
3f802000
3f802000
3f802000
3f802000
3f802000
3f802000
3f802000
3f802000
3f802000
3f802000
3f802000
3f802000
3f802000
3f802000
3f802000
3f802000
3f802000
3f802000
3f802000
3f802000
3f802000
3f802000
3f802000
3f802000
3f802000
3f802000
3f802000
3f802000
3f802000
3f803000
3f803000
3f803000
3f803000
3f803000
3f803000
3f803000
3f803000
3f803000
3f803000
3f803000
3f803000
3f803000
3f803000
3f803000
3f803000
3f803000
3f803000
3f803000
3f803000
3f803000
3f803000
3f803000
3f803000
3f803000
3f803000
3f803000
3f803000
3f803000
3f803000
3f803000
3f803000
3f803000
3f803000
3f803000
3f803000
3f803000
3f803000
3f803000
3f803000
3f803000
3f803000
3f803000
3f803000
3f803000
3f803000
3f803000
3f803000
3f803000
3f803000
3f803000
3f803000
3f803000
3f803000
3f803000
3f803000
3f803000
3f803000
3f803000
3f803000
3f803000
3f803000
3f803000
3f803000
3f803000
3f803000
3f803000
3f803000
3f803000
3f803000
3f803000
3f803000
3f803000
3f803000
3f803000
3f803000
3f803000
3f803000
3f803000
3f803000
3f803000
3f803000
3f803000
3f803000
3f803000
3f803000
3f803000
3f803000
3f803000
3f803000
3f803000
3f803000
3f803000
3f803000
3f803000
3f803000
3f803000
3f803000
3f803000
3f803000
3f803000
3f803000
3f803000
3f803000
3f803000
3f803000
3f803000
3f803000
3f803000
3f803000
3f803000
3f803000
3f803000
3f803000
3f803000
3f803000
3f803000
3f803000
3f803000
3f803000
3f803000
3f803000
3f803000
3f803000
3f803000
3f803000
3f803000
3f803000
3f803000
3f803000
3f803000
3f803000
3f803000
3f803000
3f803000
3f803000
3f803000
3f803000
3f803000
3f803000
3f803000
3f803000
3f803000
3f803000
3f803000
3f803000
3f803000
3f803000
3f803000
3f803000
3f803000
3f803000
3f803000
3f803000
3f803000
3f803000
3f803000
3f803000
3f803000
3f803000
3f803000
3f803000
3f803000
3f803000
3f803000
3f803000
3f803000
3f803000
3f803000
3f803000
3f803000
3f803000
3f803000
3f803000
3f803000
3f803000
3f803000
3f803000
3f803000
3f803000
3f803000
3f803000
3f803000
3f803000
3f803000
3f803000
3f803000
3f803000
3f803000
3f803000
3f803000
3f803000
3f803000
3f803000
3f803000
3f803000
3f803000
3f803000
3f803000
3f803000
3f803000
3f803000
3f803000
3f803000
3f803000
3f803000
3f803000
3f803000
3f803000
3f803000
3f803000
3f803000
3f803000
3f803000
3f803000
3f803000
3f803000
3f803000
3f803000
3f803000
3f803000
3f803000
3f803000
3f803000
3f803000
3f803000
3f803000
3f803000
3f803000
3f803000
3f803000
3f803000
3f803000
3f803000
3f803000
3f803000
3f803000
3f803000
3f803000
3f803000
3f803000
3f803000
3f803000
3f803000
3f803000
3f803000
3f803000
3f803000
3f803000
3f803000
3f803000
3f803000
3f803000
3f803000
3f803000
3f803000
3f803000
3f803000
3f803000
3f803000
3f803000
3f803000
3f803000
3f803000
3f803000
3f803000
3f803000
3f803000
3f803000
3f803000
3f803000
3f803000
3f803000
3f803000
3f803000
3f803000
3f803000
3f803000
3f803000
3f803000
3f803000
3f803000
3f803000
3f803000
3f803000
3f803000
3f803000
3f803000
3f803000
3f803000
3f803000
3f803000
3f803000
3f803000
3f803000
3f803000
3f803000
3f803000
3f803000
3f803000
3f803000
3f803000
3f803000
3f803000
3f803000
3f803000
3f803000
3f803000
3f803000
3f803000
3f803000
3f803000
3f803000
3f803000
3f803000
3f803000
3f803000
3f803000
3f803000
3f803000
3f803000
3f803000
3f803000
3f803000
3f803000
3f803000
3f803000
3f803000
3f803000
3f803000
3f803000
3f803000
3f803000
3f803000
3f803000
3f803000
3f803000
3f803000
3f803000
3f803000
3f803000
3f803000
3f803000
3f803000
3f803000
3f803000
3f803000
3f803000
3f803000
3f803000
3f803000
3f803000
3f803000
3f803000
3f803000
3f803000
3f803000
3f803000
3f803000
3f803000
3f803000
3f803000
3f803000
3f803000
3f803000
3f803000
3f803000
3f803000
3f803000
3f803000
3f803000
3f803000
3f803000
3f803000
3f803000
3f803000
3f803000
3f803000
3f803000
3f803000
3f803000
3f803000
3f803000
3f803000
3f803000
3f803000
3f803000
3f803000
3f803000
3f803000
3f803000
3f803000
3f803000
3f803000
3f803000
3f803000
3f803000
3f803000
3f803000
3f803000
3f803000
3f803000
3f803000
3f803000
3f803000
3f803000
3f803000
3f803000
3f803000
3f803000
3f803000
3f803000
3f803000
3f803000
3f803000
3f803000
3f803000
3f803000
3f803000
3f803000
3f803000
3f803000
3f803000
3f803000
3f803000
3f803000
3f803000
3f803000
3f803000
3f803000
3f803000
3f803000
3f803000
3f803000
3f803000
3f803000
3f803000
3f803000
3f803000
3f803000
3f803000
3f803000
3f803000
3f803000
3f803000
3f803000
3f803000
3f803000
3f803000
3f803000
3f803000
3f803000
3f803000
3f803000
3f803000
3f803000
3f803000
3f803000
3f803000
3f803000
3f803000
3f803000
3f803000
3f803000
3f803000
3f803000
3f803000
3f803000
3f803000
3f803000
3f803000
3f803000
3f803000
3f803000
3f803000
3f803000
3f803000
3f803000
3f803000
3f803000
3f803000
3f803000
3f803000
3f803000
3f803000
3f803000
3f803000
3f803000
3f803000
3f803000
3f803000
3f803000
3f803000
3f803000
3f803000
3f803000
3f803000
3f803000
3f803000
3f803000
3f803000
3f803000
3f803000
3f803000
3f803000
3f803000
3f803000
3f803000
3f803000
3f803000
3f803000
3f803000
3f803000
3f803000
3f803000
3f803000
3f803000
3f803000
3f803000
3f803000
3f803000
3f803000
3f803000
3f803000
3f803000
3f803000
3f803000
3f803000
3f803000
3f803000
3f803000
3f803000
3f803000
3f803000
3f803000
3f803000
3f803000
3f803000
3f803000
3f803000
3f803000
3f803000
3f803000
3f803000
3f803000
3f803000
3f803000
3f803000
3f803000
3f803000
3f803000
3f803000
3f803000
3f803000
3f803000
3f803000
3f803000
3f803000
3f803000
3f803000
3f803000
3f803000
3f803000
3f803000
3f803000
3f803000
3f803000
3f803000
3f803000
3f803000
3f803000
3f803000
3f803000
3f803000
3f803000
3f803000
3f803000
3f803000
3f803000
3f803000
3f803000
3f803000
3f803000
3f803000
3f803000
3f803000
3f803000
3f803000
3f803000
3f803000
3f803000
3f803000
3f803000
3f803000
3f803000
3f803000
3f803000
3f803000
3f803000
3f803000
3f803000
3f803000
3f803000
3f803000
3f803000
3f803000
3f803000
3f803000
3f803000
3f803000
3f803000
3f803000
3f803000
3f803000
3f803000
3f803000
3f803000
3f803000
3f803000
3f803000
3f803000
3f803000
3f803000
3f803000
3f803000
3f803000
3f803000
3f803000
3f803000
3f803000
3f803000
3f803000
3f803000
3f803000
3f803000
3f803000
3f803000
3f803000
3f803000
3f803000
3f803000
3f803000
3f803000
3f803000
3f803000
3f803000
3f803000
3f803000
3f803000
3f803000
3f803000
3f803000
3f803000
3f803000
3f803000
3f803000
3f803000
3f803000
3f803000
3f803000
3f803000
3f803000
3f803000
3f803000
3f803000
3f803000
3f803000
3f803000
3f803000
3f803000
3f803000
3f803000
3f803000
3f803000
3f803000
3f803000
3f803000
3f803000
3f803000
3f803000
3f803000
3f803000
3f803000
3f803000
3f803000
3f803000
3f803000
3f803000
3f803000
3f803000
3f803000
3f803000
3f803000
3f803000
3f803000
3f803000
3f803000
3f803000
3f803000
3f803000
3f803000
3f803000
3f803000
3f803000
3f803000
3f803000
3f803000
3f803000
3f803000
3f803000
3f803000
3f803000
3f803000
3f803000
3f803000
3f803000
3f803000
3f803000
3f803000
3f803000
3f803000
3f803000
3f803000
3f803000
3f803000
3f803000
3f803000
3f803000
3f803000
3f803000
3f803000
3f803000
3f803000
3f803000
3f803000
3f803000
3f803000
3f803000
3f803000
3f803000
3f803000
3f803000
3f803000
3f803000
3f803000
3f803000
3f803000
3f803000
3f803000
3f803000
3f803000
3f803000
3f803000
3f803000
3f803000
3f803000
3f803000
3f803000
3f803000
3f803000
3f803000
3f803000
3f803000
3f803000
3f803000
3f803000
3f803000
3f803000
3f803000
3f803000
3f803000
3f803000
3f803000
3f803000
3f803000
3f803000
3f803000
3f803000
3f803000
3f803000
3f803000
3f803000
3f803000
3f803000
3f803000
3f803000
3f803000
3f803000
3f803000
3f803000
3f803000
3f803000
3f803000
3f803000
3f803000
3f803000
3f803000
3f803000
3f803000
3f803000
3f803000
3f803000
3f803000
3f803000
3f803000
3f803000
3f803000
3f803000
3f803000
3f803000
3f803000
3f803000
3f803000
3f803000
3f803000
3f803000
3f803000
3f803000
3f803000
3f803000
3f803000
3f803000
3f803000
3f803000
3f803000
3f803000
3f803000
3f803000
3f803000
3f803000
3f803000
3f803000
3f803000
3f803000
3f803000
3f803000
3f803000
3f803000
3f803000
3f803000
3f803000
3f803000
3f803000
3f803000
3f803000
3f803000
3f803000
3f803000
3f803000
3f803000
3f803000
3f803000
3f803000
3f803000
3f803000
3f803000
3f803000
3f803000
3f803000
3f803000
3f803000
3f803000
3f803000
3f803000
3f803000
3f803000
3f803000
3f803000
3f803000
3f803000
3f803000
3f803000
3f803000
3f803000
3f803000
3f803000
3f803000
3f803000
3f803000
3f803000
3f803000
3f803000
3f803000
3f803000
3f803000
3f803000
3f803000
3f803000
3f803000
3f803000
3f803000
3f803000
3f803000
3f803000
3f803000
3f803000
3f803000
3f803000
3f803000
3f803000
3f803000
3f803000
3f803000
3f803000
3f803000
3f803000
3f803000
3f803000
3f803000
3f803000
3f803000
3f803000
3f803000
3f803000
3f803000
3f803000
3f803000
3f803000
3f803000
3f803000
3f803000
3f803000
3f803000
3f803000
3f803000
3f803000
3f803000
3f803000
3f803000
3f803000
3f803000
3f803000
3f803000
3f803000
3f803000
3f803000
3f803000
3f803000
3f803000
3f803000
3f803000
3f803000
3f803000
3f803000
3f803000
3f803000
3f803000
3f803000
3f803000
3f803000
3f803000
3f803000
3f803000
3f803000
3f803000
3f803000
3f803000
3f803000
3f803000
3f803000
3f803000
3f803000
3f803000
3f803000
3f803000
3f803000
3f803000
3f803000
3f803000
3f803000
3f803000
3f803000
3f803000
3f803000
3f803000
3f803000
3f803000
3f803000
3f803000
3f803000
3f803000
3f803000
3f803000
3f803000
3f803000
3f803000
3f803000
3f803000
3f803000
3f803000
3f803000
3f803000
3f803000
3f803000
3f803000
3f803000
3f803000
3f803000
3f803000
3f803000
3f803000
3f803000
3f803000
3f803000
3f803000
3f803000
3f803000
3f803000
3f803000
3f803000
3f803000
3f803000
3f803000
3f803000
3f803000
3f803000
3f803000
3f803000
3f803000
3f803000
3f803000
3f803000
3f803000
3f803000
3f803000
3f803000
3f803000
3f803000
3f803000
3f803000
3f803000
3f803000
3f803000
3f803000
3f803000
3f803000
3f803000
3f803000
3f803000
3f803000
3f803000
3f803000
3f803000
3f803000
3f803000
3f803000
3f803000
3f803000
3f803000
3f803000
3f803000
3f803000
3f802000
3f802000
3f802000
3f802000
3f802000
3f802000
3f802000
3f802000
3f802000
3f802000
3f802000
3f802000
3f802000
3f802000
3f802000
3f802000
3f802000
3f802000
3f802000
3f802000
3f802000
3f802000
3f802000
3f802000
3f802000
3f802000
3f802000
3f802000
3f802000
3f802000
3f802000
3f802000
3f802000
3f802000
3f802000
3f802000
3f802000
3f802000
3f802000
3f802000
3f802000
3f802000
3f802000
3f802000
3f802000
3f802000
3f802000
3f802000
3f802000
3f802000
3f802000
3f802000
3f802000
3f802000
3f802000
3f802000
3f802000
3f802000
3f802000
3f802000
3f802000
3f802000
3f802000
3f802000
3f802000
3f802000
3f802000
3f802000
3f802000
3f802000
3f802000
3f802000
3f802000
3f802000
3f802000
3f802000
3f802000
3f802000
3f802000
3f802000
3f802000
3f802000
3f802000
3f802000
3f802000
3f802000
3f802000
3f802000
3f802000
3f802000
3f802000
3f802000
3f802000
3f802000
3f802000
3f802000
3f802000
3f802000
3f802000
3f802000
3f802000
3f802000
3f802000
3f802000
3f802000
3f802000
3f802000
3f802000
3f802000
3f802000
3f802000
3f802000
3f802000
3f802000
3f802000
3f802000
3f802000
3f802000
3f802000
3f802000
3f802000
3f802000
3f802000
3f802000
3f802000
3f802000
3f802000
3f802000
3f802000
3f802000
3f802000
3f802000
3f802000
3f802000
3f802000
3f802000
3f802000
3f802000
3f802000
3f802000
3f802000
3f802000
3f802000
3f802000
3f802000
3f802000
3f802000
3f802000
3f802000
3f802000
3f802000
3f802000
3f802000
3f802000
3f802000
3f802000
3f802000
3f802000
3f802000
3f802000
3f802000
3f802000
3f802000
3f802000
3f802000
3f802000
3f802000
3f802000
3f802000
3f802000
3f802000
3f802000
3f802000
3f802000
3f802000
3f802000
3f802000
3f802000
3f802000
3f802000
3f802000
3f802000
3f802000
3f802000
3f802000
3f802000
3f802000
3f802000
3f802000
3f802000
3f802000
3f802000
3f802000
3f802000
3f802000
3f802000
3f802000
3f802000
3f802000
3f802000
3f802000
3f802000
3f802000
3f802000
3f802000
3f802000
3f802000
3f802000
3f802000
3f802000
3f802000
3f802000
3f802000
3f802000
3f802000
3f802000
3f802000
3f802000
3f802000
3f802000
3f802000
3f802000
3f802000
3f802000
3f802000
3f802000
3f802000
3f802000
3f802000
3f802000
3f802000
3f802000
3f802000
3f802000
3f802000
3f802000
3f802000
3f802000
3f802000
3f802000
3f802000
3f802000
3f802000
3f802000
3f802000
3f802000
3f802000
3f802000
3f802000
3f802000
3f802000
3f802000
3f802000
3f802000
3f802000
3f802000
3f802000
3f802000
3f802000
3f802000
3f802000
3f802000
3f802000
3f802000
3f802000
3f802000
3f802000
3f802000
3f802000
3f802000
3f802000
3f802000
3f802000
3f802000
3f802000
3f802000
3f802000
3f802000
3f802000
3f802000
3f802000
3f802000
3f802000
3f802000
3f802000
3f802000
3f802000
3f802000
3f802000
3f802000
3f802000
3f802000
3f802000
3f802000
3f802000
3f802000
3f802000
3f802000
3f802000
3f802000
3f802000
3f802000
3f802000
3f802000
3f802000
3f802000
3f802000
3f802000
3f802000
3f802000
3f802000
3f802000
3f802000
3f802000
3f802000
3f802000
3f802000
3f802000
3f802000
3f802000
3f802000
3f802000
3f802000
3f802000
3f802000
3f802000
3f802000
3f802000
3f802000
3f802000
3f802000
3f802000
3f802000
3f802000
3f802000
3f802000
3f802000
3f802000
3f802000
3f802000
3f802000
3f802000
3f802000
3f802000
3f802000
3f802000
3f802000
3f802000
3f802000
3f802000
3f802000
3f802000
3f802000
3f802000
3f802000
3f802000
3f802000
3f802000
3f802000
3f802000
3f802000
3f802000
3f802000
3f802000
3f802000
3f802000
3f802000
3f802000
3f802000
3f802000
3f802000
3f802000
3f802000
3f802000
3f802000
3f802000
3f802000
3f802000
3f802000
3f802000
3f802000
3f802000
3f802000
3f802000
3f802000
3f802000
3f802000
3f802000
3f802000
3f802000
3f802000
3f802000
3f802000
3f802000
3f802000
3f802000
3f802000
3f802000
3f802000
3f802000
3f802000
3f802000
3f802000
3f802000
3f802000
3f802000
3f802000
3f802000
3f802000
3f802000
3f802000
3f802000
3f802000
3f802000
3f802000
3f802000
3f802000
3f802000
3f802000
3f802000
3f802000
3f802000
3f802000
3f802000
3f802000
3f802000
3f802000
3f802000
3f802000
3f802000
3f802000
3f802000
3f802000
3f802000
3f802000
3f802000
3f802000
3f802000
3f802000
3f802000
3f802000
3f802000
3f802000
3f802000
3f802000
3f802000
3f802000
3f802000
3f802000
3f802000
3f802000
3f802000
3f802000
3f802000
3f802000
3f802000
3f802000
3f802000
3f802000
3f802000
3f802000
3f802000
3f802000
3f802000
3f802000
3f802000
3f802000
3f802000
3f802000
3f802000
3f802000
3f802000
3f802000
3f802000
3f802000
3f802000
3f802000
3f802000
3f802000
3f802000
3f802000
3f802000
3f802000
3f802000
3f802000
3f802000
3f802000
3f802000
3f802000
3f802000
3f802000
3f802000
3f802000
3f802000
3f802000
3f802000
3f802000
3f802000
3f802000
3f802000
3f802000
3f802000
3f802000
3f802000
3f802000
3f802000
3f802000
3f802000
3f802000
3f802000
3f802000
3f802000
3f802000
3f802000
3f802000
3f802000
3f802000
3f802000
3f802000
3f802000
3f802000
3f802000
3f802000
3f802000
3f802000
3f802000
3f802000
3f802000
3f802000
3f802000
3f802000
3f802000
3f802000
3f802000
3f802000
3f802000
3f802000
3f802000
3f802000
3f802000
3f802000
3f802000
3f802000
3f802000
3f802000
3f802000
3f802000
3f802000
3f802000
3f802000
3f802000
3f802000
3f802000
3f802000
3f802000
3f802000
3f802000
3f802000
3f802000
3f802000
3f802000
3f802000
3f802000
3f802000
3f802000
3f802000
3f802000
3f802000
3f802000
3f802000
3f802000
3f802000
3f802000
3f802000
3f802000
3f802000
3f802000
3f802000
3f802000
3f802000
3f802000
3f802000
3f802000
3f802000
3f802000
3f802000
3f802000
3f802000
3f802000
3f802000
3f802000
3f802000
3f802000
3f802000
3f802000
3f802000
3f802000
3f802000
3f802000
3f802000
3f802000
3f802000
3f802000
3f802000
3f802000
3f802000
3f802000
3f802000
3f802000
3f802000
3f802000
3f802000
3f802000
3f802000
3f802000
3f802000
3f802000
3f802000
3f802000
3f802000
3f802000
3f802000
3f802000
3f802000
3f802000
3f802000
3f802000
3f802000
3f802000
3f802000
3f802000
3f802000
3f802000
3f802000
3f802000
3f802000
3f802000
3f802000
3f802000
3f802000
3f802000
3f802000
3f802000
3f802000
3f802000
3f802000
3f802000
3f802000
3f802000
3f802000
3f802000
3f802000
3f802000
3f802000
3f802000
3f802000
3f802000
3f802000
3f802000
3f802000
3f802000
3f802000
3f802000
3f802000
3f802000
3f802000
3f802000
3f802000
3f802000
3f802000
3f802000
3f802000
3f802000
3f802000
3f802000
3f802000
3f802000
3f802000
3f802000
3f802000
3f802000
3f802000
3f802000
3f802000
3f802000
3f802000
3f802000
3f802000
3f802000
3f802000
3f802000
3f802000
3f802000
3f802000
3f802000
3f802000
3f802000
3f802000
3f802000
3f802000
3f802000
3f802000
3f802000
3f802000
3f802000
3f802000
3f802000
3f802000
3f802000
3f802000
3f802000
3f802000
3f802000
3f802000
3f802000
3f802000
3f802000
3f802000
3f802000
3f802000
3f802000
3f802000
3f802000
3f802000
3f802000
3f802000
3f802000
3f802000
3f802000
3f802000
3f802000
3f802000
3f802000
3f802000
3f802000
3f802000
3f802000
3f802000
3f802000
3f802000
3f802000
3f802000
3f802000
3f802000
3f802000
3f802000
3f802000
3f802000
3f802000
3f802000
3f802000
3f802000
3f802000
3f802000
3f802000
3f802000
3f802000
3f802000
3f802000
3f802000
3f802000
3f802000
3f802000
3f802000
3f802000
3f802000
3f802000
3f802000
3f802000
3f802000
3f802000
3f802000
3f802000
3f802000
3f802000
3f802000
3f802000
3f802000
3f802000
3f802000
3f802000
3f802000
3f802000
3f802000
3f802000
3f802000
3f802000
3f802000
3f802000
3f802000
3f802000
3f802000
3f802000
3f802000
3f802000
3f802000
3f802000
3f802000
3f802000
3f802000
3f802000
3f802000
3f802000
3f802000
3f802000
3f802000
3f802000
3f802000
3f802000
3f802000
3f802000
3f802000
3f802000
3f802000
3f802000
3f802000
3f802000
3f802000
3f802000
3f802000
3f802000
3f802000
3f802000
3f802000
3f802000
3f802000
3f802000
3f802000
3f802000
3f802000
3f802000
3f802000
3f802000
3f802000
3f802000
3f802000
3f802000
3f802000
3f802000
3f802000
3f802000
3f802000
3f802000
3f802000
3f802000
3f802000
3f802000
3f802000
3f802000
3f802000
3f802000
3f802000
3f802000
3f802000
3f802000
3f802000
3f802000
3f802000
3f802000
3f802000
3f802000
3f802000
3f802000
3f802000
3f802000
3f802000
3f802000
3f802000
3f802000
3f802000
3f802000
3f802000
3f802000
3f802000
3f802000
3f802000
3f802000
3f802000
3f802000
3f802000
3f802000
3f802000
3f802000
3f802000
3f802000
3f802000
3f802000
3f802000
3f802000
3f802000
3f802000
3f802000
3f802000
3f802000
3f802000
3f802000
3f802000
3f802000
3f802000
3f802000
3f802000
3f802000
3f802000
3f802000
3f802000
3f802000
3f802000
3f802000
3f802000
3f802000
3f802000
3f802000
3f802000
3f802000
3f802000
3f802000
3f802000
3f802000
3f802000
3f802000
3f802000
3f802000
3f802000
3f802000
3f802000
3f802000
3f802000
3f802000
3f802000
3f802000
3f802000
3f802000
3f802000
3f802000
3f802000
3f802000
3f802000
3f802000
3f802000
3f802000
3f802000
3f802000
3f802000
3f802000
3f802000
3f802000
3f802000
3f802000
3f802000
3f802000
3f802000
3f802000
3f802000
3f802000
3f802000
3f802000
3f802000
3f802000
3f802000
3f802000
3f802000
3f802000
3f802000
3f802000
3f802000
3f802000
3f802000
3f802000
3f802000
3f802000
3f802000
3f802000
3f802000
3f802000
3f802000
3f802000
3f802000
3f802000
3f802000
3f802000
3f802000
3f802000
3f802000
3f802000
3f802000
3f802000
3f802000
3f802000
3f802000
3f802000
3f802000
3f802000
3f802000
3f802000
3f802000
3f802000
3f802000
3f802000
3f802000
3f802000
3f802000
3f802000
3f802000
3f802000
3f802000
3f802000
3f802000
3f802000
3f802000
3f802000
3f802000
3f802000
3f802000
3f802000
3f802000
3f802000
3f802000
3f802000
3f802000
3f802000
3f802000
3f802000
3f802000
3f802000
3f802000
3f802000
3f802000
3f802000
3f802000
3f802000
3f802000
3f802000
3f802000
3f802000
3f802000
3f802000
3f802000
3f802000
3f802000
3f802000
3f802000
3f802000
3f802000
3f802000
3f802000
3f802000
3f802000
3f802000
3f802000
3f802000
3f802000
3f802000
3f802000
3f802000
3f802000
3f802000
3f802000
3f802000
3f802000
3f802000
3f802000
3f802000
3f802000
3f802000
3f802000
3f802000
3f802000
3f802000
3f802000
3f802000
3f802000
3f802000
3f802000
3f802000
3f802000
3f802000
3f802000
3f802000
3f802000
3f802000
3f802000
3f802000
3f802000
3f802000
3f802000
3f802000
3f802000
3f802000
3f802000
3f802000
3f802000
3f802000
3f802000
3f802000
3f802000
3f802000
3f802000
3f802000
3f802000
3f802000
3f802000
3f802000
3f802000
3f802000
3f802000
3f802000
3f802000
3f802000
3f802000
3f802000
3f802000
3f802000
3f802000
3f802000
3f802000
3f802000
3f802000
3f802000
3f802000
3f802000
3f802000
3f802000
3f802000
3f802000
3f802000
3f802000
3f802000
3f802000
3f802000
3f802000
3f802000
3f802000
3f802000
3f802000
3f802000
3f802000
3f802000
3f802000
3f802000
3f802000
3f802000
3f802000
3f802000
3f802000
3f802000
3f802000
3f802000
3f802000
3f802000
3f802000
3f802000
3f802000
3f802000
3f802000
3f802000
3f802000
3f802000
3f802000
3f802000
3f802000
3f802000
3f802000
3f802000
3f802000
3f802000
3f802000
3f802000
3f802000
3f802000
3f802000
3f802000
3f802000
3f802000
3f802000
3f802000
3f802000
3f802000
3f802000
3f802000
3f802000
3f802000
3f802000
3f802000
3f802000
3f802000
3f802000
3f802000
3f802000
3f802000
3f802000
3f802000
3f802000
3f802000
3f802000
3f802000
3f802000
3f802000
3f802000
3f802000
3f802000
3f802000
3f802000
3f802000
3f802000
3f802000
3f802000
3f802000
3f802000
3f802000
3f802000
3f802000
3f802000
3f802000
3f802000
3f802000
3f802000
3f802000
3f802000
3f802000
3f802000
3f802000
3f802000
3f802000
3f802000
3f802000
3f802000
3f802000
3f802000
3f802000
3f802000
3f802000
3f802000
3f802000
3f802000
3f802000
3f802000
3f802000
3f802000
3f802000
3f802000
3f802000
3f802000
3f802000
3f802000
3f802000
3f802000
3f802000
3f802000
3f802000
3f802000
3f802000
3f802000
3f802000
3f802000
3f802000
3f802000
3f802000
3f802000
3f802000
3f802000
3f802000
3f802000
3f802000
3f802000
3f802000
3f802000
3f802000
3f802000
3f802000
3f802000
3f802000
3f802000
3f802000
3f802000
3f802000
3f802000
3f802000
3f802000
3f802000
3f802000
3f802000
3f802000
3f802000
3f802000
3f802000
3f802000
3f802000
3f802000
3f802000
3f802000
3f802000
3f802000
3f802000
3f802000
3f802000
3f802000
3f802000
3f802000
3f802000
3f802000
3f802000
3f802000
3f802000
3f802000
3f802000
3f802000
3f802000
3f802000
3f802000
3f802000
3f802000
3f802000
3f802000
3f802000
3f802000
3f802000
3f802000
3f802000
3f802000
3f802000
3f802000
3f802000
3f802000
3f802000
3f802000
3f802000
3f802000
3f802000
3f802000
3f802000
3f802000
3f802000
3f802000
3f802000
3f802000
3f802000
3f802000
3f802000
3f802000
3f802000
3f802000
3f802000
3f802000
3f802000
3f802000
3f802000
3f802000
3f802000
3f802000
3f802000
3f802000
3f802000
3f802000
3f802000
3f802000
3f802000
3f802000
3f802000
3f802000
3f802000
3f802000
3f802000
3f802000
3f802000
3f802000
3f802000
3f802000
3f802000
3f802000
3f802000
3f802000
3f802000
3f802000
3f802000
3f802000
3f802000
3f802000
3f802000
3f802000
3f802000
3f802000
3f802000
3f802000
3f802000
3f802000
3f802000
3f802000
3f802000
3f802000
3f802000
3f802000
3f802000
3f802000
3f802000
3f802000
3f802000
3f802000
3f802000
3f802000
3f802000
3f802000
3f802000
3f802000
3f802000
3f802000
3f802000
3f802000
3f802000
3f802000
3f802000
3f802000
3f802000
3f802000
3f802000
3f802000
3f802000
3f802000
3f802000
3f802000
3f802000
3f802000
3f802000
3f802000
3f802000
3f802000
3f802000
3f802000
3f802000
3f802000
3f802000
3f802000
3f802000
3f802000
3f802000
3f802000
3f802000
3f802000
3f802000
3f802000
3f802000
3f802000
3f802000
3f802000
3f802000
3f802000
3f802000
3f802000
3f802000
3f802000
3f802000
3f802000
3f802000
3f802000
3f802000
3f802000
3f802000
3f802000
3f802000
3f802000
3f802000
3f802000
3f802000
3f802000
3f802000
3f802000
3f802000
3f802000
3f802000
3f802000
3f802000
3f802000
3f802000
3f802000
3f802000
3f802000
3f802000
3f802000
3f802000
3f802000
3f802000
3f802000
3f802000
3f802000
3f802000
3f802000
3f802000
3f802000
3f802000
3f802000
3f802000
3f802000
3f802000
3f802000
3f802000
3f802000
3f802000
3f802000
3f802000
3f802000
3f802000
3f802000
3f802000
3f802000
3f802000
3f802000
3f802000
3f802000
3f802000
3f802000
3f802000
3f802000
3f802000
3f802000
3f802000
3f802000
3f802000
3f802000
3f802000
3f802000
3f802000
3f802000
3f802000
3f802000
3f802000
3f802000
3f802000
3f802000
3f802000
3f802000
3f802000
3f802000
3f802000
3f802000
3f802000
3f802000
3f802000
3f802000
3f802000
3f802000
3f802000
3f802000
3f802000
3f802000
3f802000
3f802000
3f802000
3f802000
3f802000
3f802000
3f802000
3f802000
3f802000
3f802000
3f802000
3f802000
3f802000
3f802000
3f802000
3f802000
3f802000
3f802000
3f802000
3f802000
3f802000
3f802000
3f802000
3f802000
3f802000
3f802000
3f802000
3f802000
3f802000
3f802000
3f802000
3f802000
3f802000
3f802000
3f802000
3f802000
3f802000
3f802000
3f802000
3f802000
3f802000
3f802000
3f802000
3f802000
3f802000
3f802000
3f802000
3f802000
3f802000
3f802000
3f802000
3f802000
3f802000
3f802000
3f802000
3f802000
3f802000
3f802000
3f802000
3f802000
3f802000
3f802000
3f802000
3f802000
3f802000
3f802000
3f802000
3f802000
3f802000
3f802000
3f802000
3f802000
3f802000
3f802000
3f802000
3f802000
3f802000
3f802000
3f802000
3f802000
3f802000
3f802000
3f802000
3f802000
3f802000
3f802000
3f802000
3f802000
3f802000
3f802000
3f802000
3f802000
3f802000
3f802000
3f802000
3f802000
3f802000
3f802000
3f802000
3f802000
3f802000
3f802000
3f802000
3f802000
3f802000
3f802000
3f802000
3f802000
3f802000
3f802000
3f802000
3f802000
3f802000
3f802000
3f802000
3f802000
3f802000
3f802000
3f802000
3f802000
3f802000
3f802000
3f802000
3f802000
3f802000
3f802000
3f802000
3f802000
3f802000
3f802000
3f802000
3f802000
3f802000
3f802000
3f802000
3f802000
3f802000
3f802000
3f802000
3f802000
3f802000
3f802000
3f802000
3f802000
3f802000
3f802000
3f802000
3f802000
3f802000
3f802000
3f802000
3f802000
3f802000
3f802000
3f802000
3f802000
3f802000
3f802000
3f802000
3f802000
3f802000
3f802000
3f802000
3f802000
3f802000
3f802000
3f802000
3f802000
3f802000
3f802000
3f802000
3f802000
3f802000
3f802000
3f802000
3f802000
3f802000
3f802000
3f802000
3f802000
3f802000
3f802000
3f802000
3f802000
3f802000
3f802000
3f802000
3f802000
3f802000
3f802000
3f802000
3f802000
3f802000
3f802000
3f802000
3f802000
3f802000
3f802000
3f802000
3f802000
3f802000
3f802000
3f802000
3f802000
3f802000
3f802000
3f802000
3f802000
3f802000
3f802000
3f802000
3f802000
3f802000
3f802000
3f802000
3f802000
3f802000
3f802000
3f802000
3f802000
3f802000
3f802000
3f802000
3f802000
3f802000
3f802000
3f802000
3f802000
3f802000
3f802000
3f802000
3f802000
3f802000
3f802000
3f802000
3f802000
3f802000
3f802000
3f802000
3f802000
3f802000
3f802000
3f802000
3f802000
3f802000
3f802000
3f802000
3f802000
3f802000
3f802000
3f802000
3f802000
3f802000
3f802000
3f802000
3f802000
3f802000
3f802000
3f802000
3f802000
3f802000
3f802000
3f802000
3f802000
3f802000
3f802000
3f802000
3f802000
3f802000
3f802000
3f802000
3f802000
3f802000
3f802000
3f802000
3f802000
3f802000
3f802000
3f802000
3f802000
3f802000
3f802000
3f802000
3f802000
3f802000
3f802000
3f802000
3f802000
3f802000
3f802000
3f802000
3f802000
3f802000
3f802000
3f802000
3f802000
3f802000
3f802000
3f802000
3f802000
3f802000
3f802000
3f802000
3f802000
3f802000
3f802000
3f802000
3f802000
3f802000
3f802000
3f802000
3f802000
3f802000
3f802000
3f802000
3f802000
3f802000
3f802000
3f802000
3f802000
3f802000
3f802000
3f802000
3f802000
3f802000
3f802000
3f802000
3f802000
3f802000
3f802000
3f802000
3f802000
3f802000
3f802000
3f802000
3f802000
3f802000
3f802000
3f802000
3f802000
3f802000
3f802000
3f802000
3f802000
3f802000
3f802000
3f802000
3f802000
3f802000
3f802000
3f802000
3f802000
3f802000
3f802000
3f802000
3f802000
3f802000
3f802000
3f802000
3f802000
3f802000
3f802000
3f802000
3f802000
3f802000
3f802000
3f802000
3f802000
3f802000
3f802000
3f802000
3f802000
3f802000
3f802000
3f802000
3f802000
3f802000
3f802000
3f802000
3f802000
3f802000
3f802000
3f802000
3f802000
3f802000
3f802000
3f802000
3f802000
3f802000
3f802000
3f802000
3f802000
3f802000
3f802000
3f802000
3f802000
3f802000
3f802000
3f802000
3f802000
3f802000
3f802000
3f802000
3f802000
3f802000
3f802000
3f802000
3f802000
3f802000
3f802000
3f802000
3f802000
3f802000
3f802000
3f802000
3f802000
3f802000
3f802000
3f802000
3f802000
3f802000
3f802000
3f802000
3f802000
3f802000
3f802000
3f802000
3f802000
3f802000
3f802000
3f802000
3f802000
3f802000
3f802000
3f802000
3f802000
3f802000
3f802000
3f802000
3f802000
3f802000
3f802000
3f802000
3f802000
3f802000
3f802000
3f802000
3f802000
3f802000
3f802000
3f802000
3f802000
3f802000
3f802000
3f802000
3f802000
3f802000
3f802000
3f802000
3f802000
3f802000
3f802000
3f802000
3f802000
3f802000
3f802000
3f802000
3f802000
3f802000
3f802000
3f802000
3f802000
3f802000
3f802000
3f802000
3f802000
3f802000
3f802000
3f802000
3f802000
3f802000
3f802000
3f802000
3f802000
3f802000
3f802000
3f802000
3f802000
3f802000
3f802000
3f802000
3f802000
3f802000
3f802000
3f802000
3f802000
3f802000
3f802000
3f802000
3f802000
3f802000
3f802000
3f802000
3f802000
3f802000
3f802000
3f802000
3f802000
3f802000
3f802000
3f802000
3f802000
3f802000
3f802000
3f802000
3f802000
3f802000
3f802000
3f802000
3f802000
3f802000
3f802000
3f802000
3f802000
3f802000
3f802000
3f802000
3f802000
3f802000
3f802000
3f802000
3f802000
3f802000
3f802000
3f802000
3f802000
3f802000
3f802000
3f802000
3f802000
3f802000
3f802000
3f802000
3f802000
3f802000
3f802000
3f802000
3f802000
3f802000
3f802000
3f802000
3f802000
3f802000
3f802000
3f802000
3f802000
3f802000
3f802000
3f802000
3f802000
3f802000
3f7f4000
3f7f4000
3f7f4000
3f7f4000
3f7f4000
3f7f4000
3f7f4000
3f7f4000
3f7f4000
3f7f4000
3f7f4000
3f7f4000
3f7f4000
3f7f4000
3f7f4000
3f7f4000
3f7f4000
3f7f4000
3f7f4000
3f7f4000
3f7f4000
3f7f4000
3f7f4000
3f7f4000
3f7f4000
3f7f4000
3f7f4000
3f7f4000
3f7f4000
3f7f4000
3f7f4000
3f7f4000
3f7f4000
3f7f4000
3f7f4000
3f7f4000
3f7f4000
3f7f4000
3f7f4000
3f7f4000
3f7f4000
3f7f4000
3f7f4000
3f7f4000
3f7f4000
3f7f4000
3f7f4000
3f7f4000
3f7f4000
3f7f4000
3f7f4000
3f7f4000
3f7f4000
3f7f4000
3f7f4000
3f7f4000
3f7f4000
3f7f4000
3f7f4000
3f7f4000
3f7f4000
3f7f4000
3f7f4000
3f7f4000
3f7f4000
3f7f4000
3f7f4000
3f7f4000
3f7f4000
3f7f4000
3f7f4000
3f7f4000
3f7f4000
3f7f4000
3f7f4000
3f7f4000
3f7f4000
3f7f4000
3f7f4000
3f7f4000
3f7f4000
3f7f4000
3f7f4000
3f7f4000
3f7f4000
3f7f4000
3f7f4000
3f7f4000
3f7f4000
3f7f4000
3f7f4000
3f7f4000
3f7f4000
3f7f4000
3f7f4000
3f7f4000
3f7f4000
3f7f4000
3f7f4000
3f7f4000
3f7f4000
3f7f4000
3f7f4000
3f7f4000
3f7f4000
3f7f4000
3f7f4000
3f7f4000
3f7f4000
3f7f4000
3f7f4000
3f7f4000
3f7f4000
3f7f4000
3f7f4000
3f7f4000
3f7f4000
3f7f4000
3f7f4000
3f7f4000
3f7f4000
3f7f4000
3f7f4000
3f7f4000
3f7f4000
3f7f4000
3f7f4000
3f7f4000
3f7f4000
3f7f4000
3f7f4000
3f7f4000
3f7f4000
3f7f4000
3f7f4000
3f7f4000
3f7f4000
3f7f4000
3f7f4000
3f7f4000
3f7f4000
3f7f4000
3f7f4000
3f7f4000
3f7f4000
3f7f4000
3f7f4000
3f7f4000
3f7f4000
3f7f4000
3f7f4000
3f7f4000
3f7f4000
3f7f4000
3f7f4000
3f7f4000
3f7f4000
3f7f4000
3f7f4000
3f7f4000
3f7f4000
3f7f4000
3f7f4000
3f7f4000
3f7f4000
3f7f4000
3f7f4000
3f7f4000
3f7f4000
3f7f4000
3f7f4000
3f7f4000
3f7f4000
3f7f4000
3f7f4000
3f7f4000
3f7f4000
3f7f4000
3f7f4000
3f7f4000
3f7f4000
3f7f4000
3f7f4000
3f7f4000
3f7f4000
3f7f4000
3f7f4000
3f7f4000
3f7f4000
3f7f4000
3f7f4000
3f7f4000
3f7f4000
3f7f4000
3f7f4000
3f7f4000
3f7f4000
3f7f4000
3f7f4000
3f7f4000
3f7f4000
3f7f4000
3f7f4000
3f7f4000
3f7f4000
3f7f4000
3f7f4000
3f7f4000
3f7f4000
3f7f4000
3f7f4000
3f7f4000
3f7f4000
3f7f4000
3f7f4000
3f7f4000
3f7f4000
3f7f4000
3f7f4000
3f7f4000
3f7f4000
3f7f4000
3f7f4000
3f7f4000
3f7f4000
3f7f4000
3f7f4000
3f7f4000
3f7f4000
3f7f4000
3f7f4000
3f7f4000
3f7f4000
3f7f4000
3f7f4000
3f7f4000
3f7f4000
3f7f4000
3f7f4000
3f7f4000
3f7f4000
3f7f4000
3f7f4000
3f7f4000
3f7f4000
3f7f4000
3f7f4000
3f7f4000
3f7f4000
3f7f4000
3f7f4000
3f7f4000
3f7f4000
3f7f4000
3f7f4000
3f7f4000
3f7f4000
3f7f4000
3f7f4000
3f7f4000
3f7f4000
3f7f4000
3f7f4000
3f7f4000
3f7f4000
3f7f4000
3f7f4000
3f7f4000
3f7f4000
3f7f4000
3f7f4000
3f7f4000
3f7f4000
3f7f4000
3f7f4000
3f7f4000
3f7f4000
3f7f4000
3f7f4000
3f7f4000
3f7f4000
3f7f4000
3f7f4000
3f7f4000
3f7f4000
3f7f4000
3f7f4000
3f7f4000
3f7f4000
3f7f4000
3f7f4000
3f7f4000
3f7f4000
3f7f4000
3f7f4000
3f7f4000
3f7f4000
3f7f4000
3f7f4000
3f7f4000
3f7f4000
3f7f4000
3f7f4000
3f7f4000
3f7f4000
3f7f4000
3f7f4000
3f7f4000
3f7f4000
3f7f4000
3f7f4000
3f7f4000
3f7f4000
3f7f4000
3f7f4000
3f7f4000
3f7f4000
3f7f4000
3f7f4000
3f7f4000
3f7f4000
3f7f4000
3f7f4000
3f7f4000
3f7f4000
3f7f4000
3f7f4000
3f7f4000
3f7f4000
3f7f4000
3f7f4000
3f7f4000
3f7f4000
3f7f4000
3f7f4000
3f7f4000
3f7f4000
3f7f4000
3f7f4000
3f7f4000
3f7f4000
3f7f4000
3f7f4000
3f7f4000
3f7f4000
3f7f4000
3f7f4000
3f7f4000
3f7f4000
3f7f4000
3f7f4000
3f7f4000
3f7f4000
3f7f4000
3f7f4000
3f7f4000
3f7f4000
3f7f4000
3f7f4000
3f7f4000
3f7f4000
3f7f4000
3f7f4000
3f7f4000
3f7f4000
3f7f4000
3f7f4000
3f7f4000
3f7f4000
3f7f4000
3f7f4000
3f7f4000
3f7f4000
3f7f4000
3f7f4000
3f7f4000
3f7f4000
3f7f4000
3f7f4000
3f7f4000
3f7f4000
3f7f4000
3f7f4000
3f7f4000
3f7f4000
3f7f4000
3f7f4000
3f7f4000
3f7f4000
3f7f4000
3f7f4000
3f7f4000
3f7f4000
3f7f4000
3f7f4000
3f7f4000
3f7f4000
3f7f4000
3f7f4000
3f7f4000
3f7f4000
3f7f4000
3f7f4000
3f7f4000
3f7f4000
3f7f4000
3f7f4000
3f7f4000
3f7f4000
3f7f4000
3f7f4000
3f7f4000
3f7f4000
3f7f4000
3f7f4000
3f7f4000
3f7f4000
3f7f4000
3f7f4000
3f7f4000
3f7f4000
3f7f4000
3f7f4000
3f7f4000
3f7f4000
3f7f4000
3f7f4000
3f7f4000
3f7f4000
3f7f4000
3f7f4000
3f7f4000
3f7f4000
3f7f4000
3f7f4000
3f7f4000
3f7f4000
3f7f4000
3f7f4000
3f7f4000
3f7f4000
3f7f4000
3f7f4000
3f7f4000
3f7f4000
3f7f4000
3f7f4000
3f7f4000
3f7f4000
3f7f4000
3f7f4000
3f7f4000
3f7f4000
3f7f4000
3f7f4000
3f7f4000
3f7f4000
3f7f4000
3f7f4000
3f7f4000
3f7f4000
3f7f4000
3f7f4000
3f7f4000
3f7f4000
3f7f4000
3f7f4000
3f7f4000
3f7f4000
3f7f4000
3f7f4000
3f7f4000
3f7f4000
3f7f4000
3f7f4000
3f7f4000
3f7f4000
3f7f4000
3f7f4000
3f7f4000
3f7f4000
3f7f4000
3f7f4000
3f7f4000
3f7f4000
3f7f4000
3f7f4000
3f7f4000
3f7f4000
3f7f4000
3f7f4000
3f7f4000
3f7f4000
3f7f4000
3f7f4000
3f7f4000
3f7f4000
3f7f4000
3f7f4000
3f7f4000
3f7f4000
3f7f4000
3f7f4000
3f7f4000
3f7f4000
3f7f4000
3f7f4000
3f7f4000
3f7f4000
3f7f4000
3f7f4000
3f7f4000
3f7f4000
3f7f4000
3f7f4000
3f7f4000
3f7f4000
3f7f4000
3f7f4000
3f7f4000
3f7f4000
3f7f4000
3f7f4000
3f7f4000
3f7f4000
3f7f4000
3f7f4000
3f7f4000
3f7f4000
3f7f4000
3f7f4000
3f7f4000
3f7f4000
3f7f4000
3f7f4000
3f7f4000
3f7f4000
3f7f4000
3f7f4000
3f7f4000
3f7f4000
3f7f4000
3f7f4000
3f7f4000
3f7f4000
3f7f4000
3f7f4000
3f7f4000
3f7f4000
3f7f4000
3f7f4000
3f7f4000
3f7f4000
3f7f4000
3f7f4000
3f7f4000
3f7f4000
3f7f4000
3f7f4000
3f7f4000
3f7f4000
3f7f4000
3f7f4000
3f7f4000
3f7f4000
3f7f4000
3f7f4000
3f7f4000
3f7f4000
3f7f4000
3f7f4000
3f7f4000
3f7f4000
3f7f4000
3f7f4000
3f7f4000
3f7f4000
3f7f4000
3f7f4000
3f7f4000
3f7f4000
3f7f4000
3f7f4000
3f7f4000
3f7f4000
3f7f4000
3f7f4000
3f7f4000
3f7f4000
3f7f4000
3f7f4000
3f7f4000
3f7f4000
3f7f4000
3f7f4000
3f7f4000
3f7f4000
3f7f4000
3f7f4000
3f7f4000
3f7f4000
3f7f4000
3f7f4000
3f7f4000
3f7f4000
3f7f4000
3f7f4000
3f7f4000
3f7f4000
3f7f4000
3f7f4000
3f7f4000
3f7f4000
3f7f4000
3f7f4000
3f7f4000
3f7f4000
3f7f4000
3f7f4000
3f7f4000
3f7f4000
3f7f4000
3f7f4000
3f7f4000
3f7f4000
3f7f4000
3f7f4000
3f7f4000
3f7f4000
3f7f4000
3f7f4000
3f7f4000
3f7f4000
3f7f4000
3f7f4000
3f7f4000
3f7f4000
3f7f4000
3f7f4000
3f7f4000
3f7f4000
3f7f4000
3f7f4000
3f7f4000
3f7f4000
3f7f4000
3f7f4000
3f7f4000
3f7f4000
3f7f4000
3f7f4000
3f7f4000
3f7f4000
3f7f4000
3f7f4000
3f7f4000
3f7f4000
3f7f4000
3f7f4000
3f7f4000
3f7f4000
3f7f4000
3f7f4000
3f7f4000
3f7f4000
3f7f4000
3f7f4000
3f7f4000
3f7f4000
3f7f4000
3f7f4000
3f7f4000
3f7f4000
3f7f4000
3f7f4000
3f7f4000
3f7f4000
3f7f4000
3f7f4000
3f7f4000
3f7f4000
3f7f4000
3f7f4000
3f7f4000
3f7f4000
3f7f4000
3f7f4000
3f7f4000
3f7f4000
3f7f4000
3f7f4000
3f7f4000
3f7f4000
3f7f4000
3f7f4000
3f7f4000
3f7f4000
3f7f4000
3f7f4000
3f7f4000
3f7f4000
3f7f4000
3f7f4000
3f7f4000
3f7f4000
3f7f4000
3f7f4000
3f7f4000
3f7f4000
3f7f4000
3f7f4000
3f7f4000
3f7f4000
3f7f4000
3f7f4000
3f7f4000
3f7f4000
3f7f4000
3f7f4000
3f7f4000
3f7f4000
3f7f4000
3f7f4000
3f7f4000
3f7f4000
3f7f4000
3f7f4000
3f7f4000
3f7f4000
3f7f4000
3f7f4000
3f7f4000
3f7f4000
3f7f4000
3f7f4000
3f7f4000
3f7f4000
3f7f4000
3f7f4000
3f7f4000
3f7f4000
3f7f4000
3f7f4000
3f7f4000
3f7f4000
3f7f4000
3f7f4000
3f7f4000
3f7f4000
3f7f4000
3f7f4000
3f7f4000
3f7f4000
3f7f4000
3f7f4000
3f7f4000
3f7f4000
3f7f4000
3f7f4000
3f7f4000
3f7f4000
3f7f4000
3f7f4000
3f7f4000
3f7f4000
3f7f4000
3f7f4000
3f7f4000
3f7f4000
3f7f4000
3f7f4000
3f7f4000
3f7f4000
3f7f4000
3f7f4000
3f7f4000
3f7f4000
3f7f4000
3f7f4000
3f7f4000
3f7f4000
3f7f4000
3f7f4000
3f7f4000
3f7f4000
3f7f4000
3f7f4000
3f7f4000
3f7f4000
3f7f4000
3f7f4000
3f7f4000
3f7f4000
3f7f4000
3f7f4000
3f7f4000
3f7f4000
3f7f4000
3f7f4000
3f7f4000
3f7f4000
3f7f4000
3f7f4000
3f7f4000
3f7f4000
3f7f4000
3f7f4000
3f7f4000
3f7f4000
3f7f4000
3f7f4000
3f7f4000
3f7f4000
3f7f4000
3f7f4000
3f7f4000
3f7f4000
3f7f4000
3f7f4000
3f7f4000
3f7f4000
3f7f4000
3f7f4000
3f7f4000
3f7f4000
3f7f4000
3f7f4000
3f7f4000
3f7f4000
3f7f4000
3f7f4000
3f7f4000
3f7f4000
3f7f4000
3f7f4000
3f7f4000
3f7f4000
3f7f4000
3f7f4000
3f7f4000
3f7f4000
3f7f4000
3f7f4000
3f7f4000
3f7f4000
3f7f4000
3f7f4000
3f7f4000
3f7f4000
3f7f4000
3f7f4000
3f7f4000
3f7f4000
3f7f4000
3f7f4000
3f7f4000
3f7f4000
3f7f4000
3f7f4000
3f7f4000
3f7f4000
3f7f4000
3f7f4000
3f7f4000
3f7f4000
3f7f4000
3f7f4000
3f7f4000
3f7f4000
3f7f4000
3f7f4000
3f7f4000
3f7f4000
3f7f4000
3f7f4000
3f7f4000
3f7f4000
3f7f4000
3f7f4000
3f7f4000
3f7f4000
3f7f4000
3f7f4000
3f7f4000
3f7f4000
3f7f4000
3f7f4000
3f7f4000
3f7f4000
3f7f4000
3f7f4000
3f7f4000
3f7f4000
3f7f4000
3f7f4000
3f7f4000
3f7f4000
3f7f4000
3f7f4000
3f7f4000
3f7f4000
3f7f4000
3f7f4000
3f7f4000
3f7f4000
3f7f4000
3f7f4000
3f7f4000
3f7f4000
3f7f4000
3f7f4000
3f7f4000
3f7f4000
3f7f4000
3f7f4000
3f7f4000
3f7f4000
3f7f4000
3f7f4000
3f7f4000
3f7f4000
3f7f4000
3f7f4000
3f7f4000
3f7f4000
3f7f4000
3f7f4000
3f7f4000
3f7f4000
3f7f4000
3f7f4000
3f7f4000
3f7f4000
3f7f4000
3f7f4000
3f7f4000
3f7f4000
3f7f4000
3f7f4000
3f7f4000
3f7f4000
3f7f4000
3f7f4000
3f7f4000
3f7f4000
3f7f4000
3f7f4000
3f7f4000
3f7f4000
3f7f4000
3f7f4000
3f7f4000
3f7f4000
3f7f4000
3f7f4000
3f7f4000
3f7f4000
3f7f4000
3f7f4000
3f7f4000
3f7f4000
3f7f4000
3f7f4000
3f7f4000
3f7f4000
3f7f4000
3f7f4000
3f7f4000
3f7f4000
3f7f4000
3f7f4000
3f7f4000
3f7f4000
3f7f4000
3f7f4000
3f7f4000
3f7f4000
3f7f4000
3f7f4000
3f7f4000
3f7f4000
3f7f4000
3f7f4000
3f7f4000
3f7f4000
3f7f4000
3f7f4000
3f7f4000
3f7f4000
3f7f4000
3f7f4000
3f7f4000
3f7f4000
3f7f4000
3f7f4000
3f7f4000
3f7f4000
3f7f4000
3f7f4000
3f7f4000
3f7f4000
3f7f4000
3f7f4000
3f7f4000
3f7f4000
3f7f4000
3f7f4000
3f7f4000
3f7f4000
3f7f4000
3f7f4000
3f7f4000
3f7f4000
3f7f4000
3f7f4000
3f7f4000
3f7f4000
3f7f4000
3f7f4000
3f7f4000
3f7f4000
3f7f4000
3f7f4000
3f7f4000
3f7f4000
3f7f4000
3f7f4000
3f7f4000
3f7f4000
3f7f4000
3f7f4000
3f7f4000
3f7f4000
3f7f4000
3f7f4000
3f7f4000
3f7f4000
3f7f4000
3f7f4000
3f7f4000
3f7f4000
3f7f4000
3f7f4000
3f7f4000
3f7f4000
3f7f4000
3f7f4000
3f7f4000
3f7f4000
3f7f4000
3f7f4000
