3f523000
3f9ae000
3fab7800
3f472000
3f57b800
3f955800
3f57b800
3fb68800
3fae3c00
3f62c800
3ef36000
3fa32c00
3f62c800
3f81fc00
3fa06800
3f9da400
3f62c800
3f685000
3f9ae000
3f419800
3fbc1000
3f6dd800
3fa32c00
3f955800
3f6dd800
3f78e800
3f981c00
3fa06800
3f9ae000
3fd4f400
3f878400
3f523000
3f981c00
3f3c1000
3fae3c00
3f8fd000
3f7e7000
3f472000
3f206800
3f155800
3f0a4800
3f04c000
3f419800
3f8d0c00
3f4ca800
3f25f000
3f4ca800
3f8a4800
3f8fd000
3f9ae000
3fc19800
3efe7000
3f2b7800
3fa5f000
3f84c000
3fcca800
3fc72000
3fb68800
3f57b800
3f4ca800
3f4ca800
3f981c00
3f7e7000
3f685000
3f8a4800
3f368800
3f4ca800
3fa5f000
3f155800
3f81fc00
3f9ae000
3f929400
3f736000
3f9ae000
3fb94c00
3f472000
3f8fd000
3f62c800
3f8d0c00
3f57b800
3f929400
3f929400
3fa06800
3f155800
3f472000
3f523000
3f25f000
3f8d0c00
3fb68800
3f25f000
3f78e800
3f9da400
3f206800
3f878400
3f0fd000
3f472000
3f84c000
3f81fc00
3f8a4800
3f736000
3fab7800
3f685000
3fa06800
3f4ca800
3fa06800
3f8a4800
3f368800
3f736000
3f0fd000
3f7e7000
3f78e800
3f929400
3fab7800
3fb68800
3f929400
3f9ae000
3f368800
3f472000
3fab7800
3f25f000
3f8fd000
3f310000
3fa32c00
3f878400
3f84c000
3f5d4000
3f929400
3f5d4000
3f57b800
3fb10000
3f81fc00
3f0a4800
3f878400
3f4ca800
3f78e800
3f9ae000
3fa32c00
3f955800
3fb68800
3f8a4800
3f7e7000
3f6dd800
3fab7800
3f78e800
3f4ca800
3fb3c400
3f9ae000
3f81fc00
3f5d4000
3f878400
3f25f000
3f4ca800
3f2b7800
3f472000
3fa8b400
3fbc1000
3f878400
3f206800
3f419800
3f62c800
3f5d4000
3f8a4800
3f04c000
3f419800
3f310000
3f368800
3f368800
3f955800
3f6dd800
3fcf6c00
3f1ae000
3f685000
3f9da400
3fa5f000
3f2b7800
3f0a4800
3f8fd000
3fbed400
3f368800
3f57b800
3f419800
3f0fd000
3fbc1000
3f9ae000
3fcca800
3fae3c00
3f8a4800
3f84c000
3f981c00
3ed23000
3fae3c00
3efe7000
3f8d0c00
3f0a4800
3f736000
3fcca800
3fc72000
3f6dd800
3fa06800
3f6dd800
3f9da400
3f9da400
3f78e800
3fc19800
3f9ae000
3f736000
3ee85000
3f8fd000
3f1ae000
3f419800
3f9da400
3f981c00
3f81fc00
3f878400
3f472000
3ef36000
3f155800
3f955800
3f8d0c00
3ebc1000
3f929400
3f685000
3f955800
3fab7800
3fc72000
3f736000
3f8fd000
3f8d0c00
3f84c000
3fb3c400
3f310000
3f81fc00
3fb68800
3f368800
3f472000
3f78e800
3fae3c00
3fb94c00
3f0a4800
3f8d0c00
3f6dd800
3fa32c00
3fab7800
3fa06800
3f78e800
3fa32c00
3f57b800
3f57b800
3f8d0c00
3fa32c00
3f0fd000
3fb68800
3f7e7000
3f7e7000
3f981c00
3f206800
3f685000
3f8a4800
3f685000
3fab7800
3f84c000
3f62c800
3fa5f000
3f84c000
3f736000
3f736000
3fa32c00
3f4ca800
3f155800
3fcca800
3fbc1000
3fb3c400
3ef36000
3f955800
3f57b800
3f8a4800
3f0a4800
3f84c000
3f84c000
3f3c1000
3f9ae000
3f78e800
3f523000
3f57b800
3f8d0c00
3f310000
3fa32c00
3f5d4000
3fbed400
3fb94c00
3f9da400
3f685000
3ed23000
3f57b800
3f4ca800
3f8fd000
3f419800
3f310000
3f25f000
3fa5f000
3f419800
3f368800
3fa5f000
3f878400
3f523000
3ec72000
3f84c000
3f81fc00
3f8a4800
3fbc1000
3f62c800
3fcf6c00
3fa5f000
3f84c000
3f2b7800
3f81fc00
3f3c1000
3f736000
3f78e800
3ec72000
3f6dd800
3f685000
3f929400
3edd4000
3f981c00
3f25f000
3fa32c00
3f878400
3f981c00
3f368800
3f84c000
3f2b7800
3f8a4800
3f8d0c00
3fae3c00
3f472000
3fa8b400
3f0a4800
3f0fd000
3f3c1000
3fa32c00
3f0fd000
3f5d4000
3fae3c00
3fa8b400
3f929400
3f81fc00
3f0a4800
3efe7000
3f1ae000
3f78e800
3f472000
3f878400
3f736000
3fcf6c00
3fb68800
3f472000
3f685000
3fa06800
3efe7000
3f81fc00
3f8fd000
3f2b7800
3fa8b400
3f81fc00
3f310000
3f4ca800
3fb3c400
3fb10000
3f1ae000
3f3c1000
3f9ae000
3f8a4800
3f0a4800
3fab7800
3f523000
3f4ca800
3f155800
3f9da400
3f3c1000
3f9da400
3f8fd000
3f981c00
3f62c800
3f9ae000
3f0fd000
3f25f000
3f8a4800
3f5d4000
3f9ae000
3f523000
3fc45c00
3fbed400
3fc9e400
3f8d0c00
3f8fd000
3f62c800
3f4ca800
3fa5f000
3f62c800
3f878400
3f955800
3efe7000
3f6dd800
3f736000
3fb3c400
3fab7800
3f472000
3f981c00
3f25f000
3f4ca800
3fa5f000
3f8d0c00
3f472000
3f310000
3f84c000
3f685000
3f5d4000
3f04c000
3f419800
3fab7800
3f685000
3f981c00
3f6dd800
3f3c1000
3f81fc00
3f8fd000
3f0a4800
3f8d0c00
3f8fd000
3f685000
3f84c000
3fb3c400
3ef36000
3f0fd000
3f6dd800
3f62c800
3f1ae000
3fb68800
3fb94c00
3f78e800
3fb68800
3f472000
3f8fd000
3f6dd800
3f1ae000
3f57b800
3f81fc00
3f5d4000
3f04c000
3fc19800
3fae3c00
3ef36000
3f155800
3fb3c400
3f981c00
3f81fc00
3f0fd000
3fbed400
3f8d0c00
3f25f000
3fa06800
3fcca800
3f1ae000
3f419800
3f2b7800
3fb10000
3f9ae000
3f3c1000
3f0a4800
3f62c800
3fa06800
3f6dd800
3fa5f000
3f736000
3f736000
3f981c00
3f206800
3f78e800
3f8a4800
3f4ca800
3f8fd000
3f419800
3f6dd800
3fc45c00
3fd4f400
3f878400
3f9ae000
3f5d4000
3f4ca800
3f81fc00
3f878400
3f3c1000
3f155800
3f955800
3f62c800
3f685000
3f04c000
3f0a4800
3f4ca800
3f8fd000
3f929400
3fbed400
3f310000
3f736000
3fc19800
3fb3c400
3fda7c00
3fc45c00
3f7e7000
3f685000
3f736000
3f25f000
3f2b7800
3f736000
3f8fd000
3f472000
3f3c1000
3f5d4000
3f878400
3f84c000
3f472000
3fae3c00
3f9da400
3f84c000
3f78e800
3f7e7000
3f8a4800
3f8fd000
3f929400
3ef36000
3f7e7000
3f736000
3f736000
3fa32c00
3f9da400
3fa5f000
3f6dd800
3fb68800
3f8a4800
3f5d4000
3f81fc00
3f84c000
3f8fd000
3fb10000
3f419800
3f310000
3f2b7800
3fa06800
3fc9e400
3f8fd000
3f736000
3fc45c00
3f1ae000
3f206800
3f9da400
3fa32c00
3f57b800
3f9ae000
3fd7b800
3fab7800
3f9da400
3f9ae000
3f8d0c00
3fa06800
3f5d4000
3fb10000
3f685000
3f6dd800
3f6dd800
3f84c000
3f84c000
3f7e7000
3f685000
3f4ca800
3f62c800
3f6dd800
3f8fd000
3f57b800
3f84c000
3fa5f000
3f7e7000
3f929400
3f878400
3f955800
3f6dd800
3f62c800
3f84c000
3fc9e400
3f8d0c00
3f78e800
3f6dd800
3f6dd800
3fa5f000
3fb94c00
3fb10000
3f523000
3f736000
3fa32c00
3fab7800
3f8a4800
3f155800
3fc19800
3f5d4000
3f8a4800
3f472000
3fa5f000
3f7e7000
3efe7000
3f84c000
3f472000
3fc72000
3f04c000
3f523000
3fbc1000
3f8fd000
3f78e800
3f878400
3f5d4000
3f9da400
3f368800
3f419800
3f736000
3f8fd000
3f8d0c00
3f62c800
3f419800
3f1ae000
3fb3c400
3fbc1000
3f368800
3f8fd000
3fb94c00
3f0a4800
3f62c800
3f8a4800
3f736000
3f8a4800
3fa32c00
3fae3c00
3fc72000
3f7e7000
3fb3c400
3fa8b400
3f9da400
3fab7800
3f981c00
3f419800
3f78e800
3f8d0c00
3ee85000
3f685000
3f9da400
3f8d0c00
3f878400
3f2b7800
3f981c00
3f7e7000
3f78e800
3fa8b400
3f84c000
3fbc1000
3f57b800
3f8a4800
3f419800
3fb10000
3f4ca800
3f81fc00
3f5d4000
3f523000
3f8a4800
3fbed400
3f3c1000
3fa8b400
3f4ca800
3fb3c400
3f955800
3f8fd000
3fb10000
3f78e800
3f78e800
3f155800
3fcca800
3efe7000
3fb10000
3f685000
3f685000
3f5d4000
3f57b800
3f472000
3f9ae000
3fc19800
3fa32c00
3f7e7000
3f8fd000
3f3c1000
3f878400
3f8fd000
3f57b800
3f472000
3f81fc00
3f523000
3fc19800
3f929400
3f25f000
3f4ca800
3f8fd000
3f8fd000
3f929400
3f685000
3f8d0c00
3f955800
3f3c1000
3f8fd000
3f78e800
3fc72000
3f4ca800
3f981c00
3f8d0c00
3f523000
3fbc1000
3f8fd000
3efe7000
3f84c000
3f9ae000
3fbed400
3f57b800
3fb3c400
3f368800
3f8fd000
3f929400
3f878400
3f8a4800
3f736000
3f8a4800
3f84c000
3f81fc00
3f0a4800
3f685000
3f523000
3fc72000
3f6dd800
3f736000
3f929400
3f7e7000
3f736000
3f0fd000
3f6dd800
3f368800
3f8d0c00
3f04c000
3fb3c400
3f523000
3f472000
3f9da400
3fc19800
3f7e7000
3f929400
3f9ae000
3f0a4800
3f929400
3fb68800
3f04c000
3fd23000
3f929400
3f981c00
3f736000
3fb3c400
3efe7000
3f8d0c00
3f9ae000
3f981c00
3f3c1000
3f6dd800
3f62c800
3fab7800
3f685000
3f419800
3f9ae000
3fab7800
3f81fc00
3f981c00
3f3c1000
3f736000
3edd4000
3f9ae000
3fd23000
3fab7800
3fb94c00
3f8d0c00
3f206800
3f9da400
3f8a4800
3f472000
3fa06800
3fb10000
3f310000
3f419800
3f1ae000
3f84c000
3f04c000
3fae3c00
3f981c00
3f310000
3f81fc00
3f8fd000
3f9da400
3fc19800
3f4ca800
3f5d4000
3f310000
3f78e800
3fb3c400
3f8a4800
3f8fd000
3f929400
3f8d0c00
3f523000
3f206800
3fbc1000
3f78e800
3f04c000
3f472000
3f57b800
3ed23000
3fc45c00
3f955800
3f685000
3f0fd000
3f9da400
3f78e800
3f523000
3fab7800
3f81fc00
3fc19800
3f155800
3f5d4000
3f929400
3f736000
3f25f000
3fb94c00
3f57b800
3f7e7000
3f62c800
3ed23000
3f2b7800
3f5d4000
3f8fd000
3f1ae000
3f25f000
3fa06800
3fb3c400
3fc72000
3f84c000
3f8fd000
3f7e7000
3f8d0c00
3f57b800
3f8a4800
3f419800
3f368800
3f4ca800
3fab7800
3f3c1000
3f4ca800
3fa5f000
3f81fc00
3f81fc00
3f878400
3f523000
3fb10000
3efe7000
3fb94c00
3f472000
3f878400
3efe7000
3f929400
3f81fc00
3f7e7000
3f310000
3fc72000
3fc19800
3fa5f000
3f955800
3fab7800
3f62c800
3f736000
3fb3c400
3f1ae000
3f5d4000
3f878400
3f929400
3f7e7000
3f78e800
3f523000
3f8a4800
3f04c000
3f929400
3f4ca800
3f8a4800
3f8fd000
3f57b800
3fae3c00
3f5d4000
3fcca800
3f878400
3f1ae000
3f878400
3fa06800
3f6dd800
3efe7000
3f0fd000
3f78e800
3f81fc00
3f78e800
3f81fc00
3fb3c400
3fa06800
3fb3c400
3f8a4800
3f81fc00
3fbed400
3f5d4000
3f419800
3f81fc00
3fa06800
3f8a4800
3f736000
3f310000
3fa06800
3f472000
3f8fd000
3f310000
3fc9e400
3f78e800
3f368800
3f8d0c00
3fae3c00
3f5d4000
3fb3c400
3f9da400
3fb68800
3fa06800
3f25f000
3f7e7000
3f4ca800
3fa32c00
3fb3c400
3fa32c00
3fc45c00
3f2b7800
3fae3c00
3fae3c00
3f8fd000
3f57b800
3f929400
3ec72000
3f878400
3f81fc00
3f955800
3ef36000
3f878400
3f929400
3f81fc00
3f4ca800
3f84c000
3f78e800
3f878400
3f78e800
3ec72000
3f3c1000
3f0a4800
3f8a4800
3f3c1000
3f9ae000
3f929400
3f981c00
3f736000
3f419800
3f736000
3f878400
3f8fd000
3f685000
3f523000
3f1ae000
3f6dd800
3f981c00
3f310000
3f8fd000
3f81fc00
3fa06800
3f155800
3fc72000
3f981c00
3f736000
3f8d0c00
3ef36000
3fc19800
3fa06800
3f310000
3fbc1000
3fa8b400
3f3c1000
3f685000
3ee85000
3fbc1000
3f3c1000
3f736000
3f7e7000
3fab7800
3fa32c00
3f78e800
3f62c800
3ee85000
3f9da400
3f5d4000
3f2b7800
3ed23000
3f419800
3f81fc00
3fa5f000
3f981c00
3f8a4800
3fc19800
3f8d0c00
3fa5f000
3f57b800
3f685000
3f5d4000
3fa32c00
3fa32c00
3f310000
3f9ae000
3f981c00
3f736000
3f736000
3fc45c00
3f736000
3f6dd800
3f155800
3f8fd000
3f8a4800
3f81fc00
3f419800
3fc19800
3f8d0c00
3f25f000
3f0a4800
3f5d4000
3f62c800
3f0a4800
3fc45c00
3f57b800
3f955800
3f8fd000
3fbc1000
3f9da400
3f25f000
3fa5f000
3f2b7800
3f0fd000
3fb68800
3f6dd800
3f8a4800
3f523000
3f2b7800
3f1ae000
3f9da400
3edd4000
3f472000
3f955800
3f685000
3f155800
3f81fc00
3f2b7800
3fa8b400
3ef36000
3f419800
3f9ae000
3fae3c00
3f523000
3f929400
3f472000
3f981c00
3fa8b400
3f84c000
3f523000
3fb3c400
3f955800
3f7e7000
3f84c000
3f523000
3f310000
3f472000
3fc45c00
3f310000
3f8a4800
3f5d4000
3f8d0c00
3f04c000
3ec72000
3fc19800
3f78e800
3f2b7800
3fa8b400
3f78e800
3f929400
3f25f000
3f878400
3fc72000
3f2b7800
3f57b800
3f3c1000
3f878400
3f8d0c00
3fcca800
3fb68800
3f78e800
3f929400
3f5d4000
3f310000
3f419800
3f81fc00
3f8a4800
3f736000
3f8a4800
3f8fd000
3f8d0c00
3f6dd800
3f57b800
3f523000
3f736000
3f685000
3f3c1000
3f8d0c00
3f0a4800
3fa32c00
3f878400
3f0a4800
3f472000
3f62c800
3fbc1000
3f7e7000
3f04c000
3fc19800
3f472000
3f955800
3f955800
3f929400
3f81fc00
3fc19800
3f5d4000
3f81fc00
3fcca800
3f25f000
3f368800
3fab7800
3f62c800
3f0fd000
3fa5f000
3fcf6c00
3f9da400
3f9da400
3fbc1000
3f9ae000
3f981c00
3f981c00
3f206800
3f5d4000
3f84c000
3f685000
3f310000
3f523000
3f3c1000
3f8a4800
3fa32c00
3f8a4800
3fa32c00
3fb10000
3f9ae000
3f5d4000
3f5d4000
3f9da400
3f3c1000
3f6dd800
3fc9e400
3fab7800
3fa06800
3f6dd800
3f155800
3f7e7000
3fcf6c00
3f523000
3f878400
3fd23000
3f62c800
3fae3c00
3efe7000
3f84c000
3f7e7000
3fb94c00
3fab7800
3edd4000
3f8a4800
3f6dd800
3f368800
3f955800
3f9ae000
3f929400
3fbc1000
3f81fc00
3f472000
3f8d0c00
3fb68800
3f4ca800
3f929400
3f62c800
3fd23000
3f7e7000
3fc19800
3f878400
3f5d4000
3f84c000
3f981c00
3f84c000
3f419800
3fbc1000
3fb68800
3f929400
3f981c00
3f878400
3f736000
3fa5f000
3ef36000
3f878400
3f57b800
3f62c800
3f9da400
3f0a4800
3f8fd000
3f84c000
3f8a4800
3fab7800
3f419800
3f523000
3fa5f000
3f84c000
3fb10000
3fbc1000
3f472000
3f929400
3f4ca800
3f8d0c00
3f878400
3fcca800
3f929400
3f955800
3f8a4800
3fb3c400
3fb10000
3f9ae000
3fda7c00
3fb3c400
3f7e7000
3f310000
3f310000
3f78e800
3f81fc00
3f523000
3fc72000
3f57b800
3f57b800
3f84c000
3fae3c00
3fa5f000
3f81fc00
3f955800
3f685000
3f472000
3f8a4800
3f57b800
3f8fd000
3f9da400
3f206800
3f8a4800
3f8a4800
3f368800
3f84c000
3f8fd000
3fa32c00
3f62c800
3f9da400
3fae3c00
3f5d4000
3f5d4000
3f7e7000
3f78e800
3f81fc00
3fb3c400
3f25f000
3f9ae000
3f6dd800
3f8d0c00
3f736000
3f8d0c00
3fbed400
3f368800
3f6dd800
3fa5f000
3fa06800
3f8fd000
3fc72000
3ebc1000
3f472000
3f8d0c00
3f62c800
3fa5f000
3f310000
3f7e7000
3f8d0c00
3f878400
3f57b800
3fab7800
3f685000
3f8a4800
3f8fd000
3f9da400
3fb3c400
3f0a4800
3fa06800
3f6dd800
3fa32c00
3f78e800
3f8d0c00
3f685000
3f4ca800
3fcca800
3f9da400
3f981c00
3fbed400
3f981c00
3f878400
3f57b800
3fc72000
3f78e800
3f523000
3fb68800
3fb3c400
3f25f000
3f419800
3fa8b400
3f878400
3f8a4800
3f9ae000
3f878400
3f57b800
3fb94c00
3f6dd800
3f9ae000
3fa8b400
3f7e7000
3f981c00
3fc9e400
3f81fc00
3f1ae000
3fc19800
3fb10000
3fb68800
3f25f000
3f8d0c00
3f5d4000
3fb68800
3f8a4800
3fb3c400
3f25f000
3f472000
3f3c1000
3fab7800
3fb10000
3f8fd000
3f8a4800
3f2b7800
3f3c1000
3f685000
3fab7800
3fa5f000
3f9ae000
3fb10000
3f929400
3f8fd000
3f878400
3fc9e400
3f9ae000
3f4ca800
3f7e7000
3f472000
3f523000
3f78e800
3fa8b400
3f419800
3f6dd800
3f8a4800
3fa32c00
3f6dd800
3f04c000
3f81fc00
3f7e7000
3f8fd000
3f9da400
3fbc1000
3f8d0c00
3f472000
3efe7000
3f62c800
3fab7800
3f206800
3f368800
3f9ae000
3f685000
3fa06800
3fa8b400
3efe7000
3fa06800
3f368800
3f8d0c00
3fb3c400
3f5d4000
3f81fc00
3f955800
3f929400
3f878400
3f1ae000
3f2b7800
3fb68800
3f8a4800
3f5d4000
3f4ca800
3f78e800
3fb68800
3edd4000
3f878400
3f04c000
3f8d0c00
3f310000
3f7e7000
3efe7000
3fa06800
3f8a4800
3f736000
3f685000
3f685000
3fb3c400
3f8fd000
3fa5f000
3f8fd000
3f78e800
3f62c800
3f84c000
3fb10000
3f62c800
3f419800
3f981c00
3f84c000
3fb3c400
3f57b800
3fa5f000
3fbed400
3f736000
3f7e7000
3f84c000
3f685000
3ed23000
3f419800
3f3c1000
3f78e800
3f9da400
3f155800
3f78e800
3f9ae000
3f685000
3f7e7000
3f736000
3fc19800
3fab7800
3fa5f000
3f929400
3f6dd800
3f981c00
3f878400
3f981c00
3f929400
3f78e800
3fbc1000
3f736000
3f3c1000
3f8d0c00
3fab7800
3fae3c00
3ef36000
3f523000
3f685000
3f878400
3f78e800
3f0a4800
3fa5f000
3f8fd000
3f9ae000
3f523000
3f8fd000
3f8fd000
3fbed400
3f8fd000
3f2b7800
3f4ca800
3f310000
3f523000
3f878400
3f8a4800
3f981c00
3f1ae000
3fbed400
3f81fc00
3f81fc00
3f84c000
3fb3c400
3f368800
3f9ae000
3fa8b400
3f78e800
3f3c1000
3f8d0c00
3f3c1000
3f929400
3f6dd800
3f8d0c00
3f2b7800
3f929400
3fa5f000
3f736000
3fc45c00
3f57b800
3f929400
3f419800
3f62c800
3fa32c00
3f3c1000
3f6dd800
3f81fc00
3f310000
3f368800
3f04c000
3fa06800
3f8d0c00
3f9da400
3fbed400
3f878400
3f685000
3f685000
3f7e7000
3f81fc00
3fa06800
3fab7800
3f8d0c00
3f4ca800
3fa5f000
3fa06800
3fb94c00
3f2b7800
3ef36000
3f472000
3f4ca800
3fc9e400
3f57b800
3ee85000
3f472000
3f981c00
3f419800
3fb3c400
3fab7800
3ef36000
3f8fd000
3f523000
3fb94c00
3f878400
3fbed400
3f1ae000
3fd4f400
3f81fc00
3fc19800
3f9da400
3fa06800
3f1ae000
3f81fc00
3f685000
3f8fd000
3f472000
3f57b800
3f5d4000
3f685000
3f155800
3f981c00
3f1ae000
3f955800
3f84c000
3f523000
3f419800
3f8a4800
3f6dd800
3f9da400
3f1ae000
3f878400
3fbc1000
3f4ca800
3f523000
3f81fc00
3f685000
3fda7c00
3fab7800
3f81fc00
3f929400
3f62c800
3fc19800
3f955800
3ee85000
3f981c00
3f84c000
3fcf6c00
3fbc1000
3fa06800
3fc9e400
3f878400
3f8a4800
3f3c1000
3f8d0c00
3f7e7000
3fb94c00
3f84c000
3fa06800
3f6dd800
3fa06800
3fa5f000
3f736000
3f3c1000
3f78e800
3f81fc00
3edd4000
3f81fc00
3f9da400
3f25f000
3f1ae000
3f523000
3f8fd000
3f4ca800
3f84c000
3fcca800
3f736000
3f8d0c00
3f736000
3f9da400
3f78e800
3f8fd000
3f78e800
3f5d4000
3f955800
3f62c800
3f8d0c00
3f878400
3f78e800
3f878400
3f955800
3f685000
3f310000
3fc19800
3f8fd000
3f84c000
3f736000
3f9ae000
3f929400
3fb3c400
3f9da400
3f981c00
3f57b800
3f25f000
3fa06800
3fa8b400
3f981c00
3fa32c00
3fc19800
3f57b800
3fae3c00
3fa32c00
3f878400
3f4ca800
3f8fd000
3fa06800
3f368800
3f57b800
3f25f000
3f62c800
3fc72000
3f57b800
3f9da400
3fa06800
3edd4000
3f5d4000
3f9ae000
3f685000
3f929400
3f81fc00
3f685000
3f9da400
3f1ae000
3fbed400
3f685000
3f81fc00
3f9ae000
3f8d0c00
3f81fc00
3f8fd000
3f472000
3f7e7000
3f8a4800
3f6dd800
3f5d4000
3fb10000
3fcca800
3f0fd000
3f685000
3ee85000
3f685000
3f9ae000
3f368800
3fb10000
3f929400
3f6dd800
3fab7800
3f8fd000
3f78e800
3f84c000
3f8a4800
3ef36000
3f81fc00
3fb3c400
3f78e800
3f472000
3fa32c00
3fa06800
3fae3c00
3f0fd000
3f981c00
3f7e7000
3f419800
3f25f000
3fbc1000
3fa8b400
3f8fd000
3fb94c00
3f929400
3f878400
3f5d4000
3f9ae000
3f472000
3f523000
3f8fd000
3fb94c00
3f929400
3f8a4800
3f84c000
3f4ca800
3f7e7000
3f62c800
3f57b800
3f736000
3fb94c00
3f2b7800
3f81fc00
3f3c1000
3fc9e400
3f878400
3f78e800
3fa5f000
3f3c1000
3edd4000
3fb10000
3fcca800
3fb94c00
3fa8b400
3f8d0c00
3fa32c00
3f7e7000
3f0a4800
3fb68800
3f62c800
3f8d0c00
3f206800
3f9da400
3f685000
3f57b800
3f62c800
3fb3c400
3fb10000
3f0a4800
3fab7800
3f929400
3fbed400
3f9da400
3fa06800
3f6dd800
3f81fc00
3f523000
3f310000
3f9da400
3f1ae000
3f878400
3f3c1000
3f8d0c00
3fae3c00
3f4ca800
3f84c000
3ef36000
3f523000
3f81fc00
3f5d4000
3f62c800
3f310000
3f9da400
3f523000
3fc19800
3f0a4800
3fa5f000
3f206800
3f878400
3f8fd000
3f81fc00
3f4ca800
3f981c00
3f0fd000
3fab7800
3f57b800
3fb3c400
3f310000
3fae3c00
3f57b800
3fbed400
3f84c000
3f878400
3f1ae000
3fb68800
3f9ae000
3f8d0c00
3fa06800
3f1ae000
3f7e7000
3f929400
3f7e7000
3f736000
3f3c1000
3f84c000
3f7e7000
3f6dd800
3f523000
3fa5f000
3f0fd000
3f736000
3fc19800
3f685000
3f8a4800
3f736000
3f878400
3f2b7800
3f9ae000
3f206800
3fb94c00
3ed23000
3f685000
3fa06800
3f155800
3f9ae000
3f2b7800
3f310000
3f523000
3f5d4000
3f472000
3f878400
3f5d4000
3f878400
3f929400
3fa06800
3fa06800
3f955800
3fb10000
3fc19800
3f62c800
3fb3c400
3f7e7000
3fb3c400
3f955800
3f84c000
3f8d0c00
3f1ae000
3fb94c00
3f955800
3fb10000
3fbed400
3fa5f000
3f25f000
3f6dd800
3f368800
3fc72000
3f419800
3f3c1000
3fb3c400
3fd23000
3f9ae000
3f1ae000
3fc72000
3f523000
3fcf6c00
3f878400
3f8a4800
3f419800
3fc19800
3f81fc00
3fa32c00
3f1ae000
3f0fd000
3f84c000
3f8fd000
3f9da400
3fa8b400
3f8fd000
3f7e7000
3fb3c400
3f7e7000
3f523000
3f419800
3fc72000
3f8fd000
3f878400
3f368800
3f310000
3f62c800
3f685000
3f929400
3ee85000
3fae3c00
3f7e7000
3f368800
3fda7c00
3f8d0c00
3f84c000
3fc72000
3f0a4800
3f62c800
3f25f000
3fa5f000
3f878400
3ee85000
3f2b7800
3f7e7000
3f1ae000
3f78e800
3fae3c00
3f0fd000
3f472000
3f5d4000
3f8d0c00
3fb10000
3f419800
3f9da400
3fab7800
3f7e7000
3fb3c400
3f84c000
3f310000
3f81fc00
3f155800
3f62c800
3f04c000
3f955800
3f955800
3f929400
3f5d4000
3f6dd800
3f81fc00
3f7e7000
3fb3c400
3f8a4800
3fa8b400
3fa06800
3f7e7000
3f419800
3f736000
3fae3c00
3f57b800
3fb68800
3f155800
3f878400
3f981c00
3f1ae000
3edd4000
3f310000
3f9ae000
3fb10000
3f368800
3f62c800
3f736000
3fc19800
3fb68800
3f736000
3f878400
3f419800
3f2b7800
3f3c1000
3f310000
3fb10000
3fc72000
3f3c1000
3fab7800
3f878400
3fa32c00
3f929400
3f523000
3f685000
3f57b800
3f6dd800
3f62c800
3fab7800
3f9da400
3f8fd000
3f2b7800
3f8d0c00
3f8d0c00
3fa8b400
3fa8b400
3f78e800
3fcf6c00
3f8fd000
3fb10000
3f981c00
3fb3c400
3f929400
3f523000
3ee85000
3f419800
3fcca800
3f8a4800
3f955800
3f4ca800
3fb10000
3f81fc00
3fd23000
3f523000
3f8a4800
3f368800
3edd4000
3f62c800
3fbc1000
3f8fd000
3fd7b800
3f25f000
3f685000
3f736000
3f981c00
3f04c000
3f981c00
3fcca800
3f472000
3f2b7800
3f6dd800
3f929400
3f8fd000
3f878400
3f736000
3f57b800
3f4ca800
3f8d0c00
3f84c000
3f6dd800
3f84c000
3f981c00
3f81fc00
3fb10000
3f62c800
3fcf6c00
3f84c000
3f8a4800
3f3c1000
3f78e800
3f2b7800
3f4ca800
3f78e800
3ed23000
3f62c800
3f7e7000
3f685000
3f81fc00
3f8d0c00
3f8a4800
3f7e7000
3fd23000
3f62c800
3fc45c00
3fa32c00
3f7e7000
3fb3c400
3f981c00
3f685000
3f685000
3fb10000
3fbc1000
3f81fc00
3fb10000
3fa32c00
3f9ae000
3f0a4800
3f7e7000
3f5d4000
3fab7800
3fb10000
3f368800
3f685000
3f878400
3fb10000
3fbed400
3fa06800
3f7e7000
3fb3c400
3fc45c00
3f9ae000
3fbc1000
3f8a4800
3f9ae000
3f81fc00
3f57b800
3f9ae000
3f04c000
3f955800
3f78e800
3f472000
3f9da400
3f84c000
3f78e800
3f6dd800
3f929400
3f685000
3f78e800
3f25f000
3f955800
3fb94c00
3fa32c00
3f4ca800
3fa8b400
3f8d0c00
3fa8b400
3efe7000
3f981c00
3f419800
3f929400
3fc19800
3f955800
3f2b7800
3f736000
3f981c00
3fa8b400
3edd4000
3f981c00
3f7e7000
3f3c1000
3f8a4800
3f6dd800
3f8fd000
3f8fd000
3f419800
3f8fd000
3fb94c00
3fb94c00
3f472000
3f368800
3f5d4000
3f6dd800
3f419800
3f57b800
3f9ae000
3f84c000
3f4ca800
3f0a4800
3f62c800
3f8a4800
3f8a4800
3f472000
3fa06800
3f419800
3fa5f000
3f685000
3fc9e400
3f981c00
3fc72000
3f2b7800
3fc72000
3f04c000
3fbed400
3f62c800
3f206800
3fc19800
3fbed400
3f8a4800
3f981c00
3f4ca800
3f523000
3fa06800
3f368800
3f57b800
3f9da400
3f368800
3f310000
3f3c1000
3f25f000
3f8a4800
3fc72000
3fa06800
3f5d4000
3f62c800
3f9da400
3f685000
3f84c000
3fa8b400
3f685000
3f9ae000
3f523000
3f523000
3f8a4800
3f57b800
3f84c000
3f955800
3f5d4000
3f929400
3f2b7800
3f9da400
3f04c000
3f8fd000
3f8a4800
3f955800
3f419800
3ee85000
3f8d0c00
3f8d0c00
3f523000
3fc45c00
3fbc1000
3f368800
3fc45c00
3f84c000
3fc45c00
3f78e800
3f8a4800
3f3c1000
3f6dd800
3f6dd800
3f736000
3f62c800
3fa8b400
3fa8b400
3f8a4800
3f878400
3fa06800
3f3c1000
3fc72000
3fc9e400
3f78e800
3f955800
3f84c000
3fcf6c00
3f3c1000
3f9ae000
3f84c000
3f981c00
3f4ca800
3f955800
3f8fd000
3f6dd800
3f878400
3f7e7000
3fb94c00
3fa5f000
3fa06800
3f8fd000
3f84c000
3f472000
3f6dd800
3f9da400
3f206800
3f8d0c00
3fb68800
3f9da400
3f9ae000
3f685000
3f878400
3f523000
3fc9e400
3fcca800
3f6dd800
3fd7b800
3f419800
3fa06800
3ef36000
3f0a4800
3fb10000
3f4ca800
3f955800
3fcca800
3f955800
3f4ca800
3ef36000
3f0a4800
3f78e800
3f878400
3f929400
3f81fc00
3f3c1000
3fb3c400
3fb68800
3f84c000
3fb3c400
3f25f000
3f78e800
3f955800
3f8fd000
3f955800
3f78e800
3f2b7800
3fa06800
3f04c000
3edd4000
3f685000
3f878400
3f62c800
3f955800
3f685000
3f419800
3f523000
3f8d0c00
3fc45c00
3f929400
3fb3c400
3fbed400
3fc19800
3fc72000
3f685000
3f25f000
3f62c800
3f7e7000
3f25f000
3fa06800
3f736000
3f523000
3f472000
3fa32c00
3fbed400
3f84c000
3f57b800
3f8fd000
3f3c1000
3fb3c400
3f9ae000
3f736000
3f84c000
3fa32c00
3fcca800
3f84c000
3f84c000
3f955800
3f206800
3f472000
3f310000
3ee85000
3f0a4800
3fa32c00
3f0fd000
3fc72000
3f8a4800
3fbc1000
3f155800
3f4ca800
3fc45c00
3f04c000
3f62c800
3fb3c400
3f929400
3f878400
3f57b800
3fb10000
3f472000
3f78e800
3fa5f000
3f25f000
3f9ae000
3ee85000
3f929400
3f736000
3f81fc00
3f155800
3f25f000
3fb10000
3fa5f000
3f736000
3f81fc00
3f368800
3ebc1000
3f472000
3f25f000
3f2b7800
3fae3c00
3efe7000
3f929400
3f78e800
3f9ae000
3f878400
3fa32c00
3fd23000
3f5d4000
3f8a4800
3f78e800
3f81fc00
3f7e7000
3fab7800
3fae3c00
3f81fc00
3f0a4800
3f685000
3f78e800
3f685000
3f419800
3f310000
3f6dd800
3f523000
3fa32c00
3f955800
3fb68800
3fa8b400
3f472000
3f2b7800
3f9ae000
3f4ca800
3f2b7800
3f62c800
3fae3c00
3f955800
3fa5f000
3fcca800
3fc45c00
3fb68800
3f955800
3f878400
3fcf6c00
3f78e800
3f8d0c00
3f81fc00
3fa32c00
3fa5f000
3f8a4800
3f81fc00
3fb94c00
3f8d0c00
3f472000
3f8d0c00
3ee85000
3f472000
3f2b7800
3f472000
3f9ae000
3fbc1000
3f955800
3f419800
3fab7800
3fab7800
3f878400
3f8fd000
3f78e800
3fb3c400
3f8fd000
3fb3c400
3f368800
3fc19800
3fc19800
3f5d4000
3f0a4800
3f472000
3fc19800
3f78e800
3f685000
3f78e800
3f736000
3f2b7800
3f368800
3ee85000
3f25f000
3f685000
3f929400
3f6dd800
3f62c800
3f81fc00
3f5d4000
3f81fc00
3f878400
3fab7800
3f736000
3f9da400
3f81fc00
3f8fd000
3f6dd800
3fa06800
3f878400
3f736000
3f878400
3f5d4000
3fa06800
3f955800
3fa06800
3f9da400
3f8d0c00
3f0a4800
3f155800
3f62c800
3f84c000
3f84c000
3ec72000
3f736000
3f7e7000
3f472000
3f929400
3f368800
3f2b7800
3f78e800
3f981c00
3fae3c00
3fa32c00
3f78e800
3f5d4000
3f8d0c00
3fab7800
3f736000
3f685000
3f5d4000
3f685000
3f3c1000
3f736000
3f419800
3f8d0c00
3fb3c400
3f472000
3fb10000
3f736000
3fcca800
3f7e7000
3f878400
3f419800
3fbed400
3f8d0c00
3fc19800
3f7e7000
3f6dd800
3f57b800
3fa06800
3f3c1000
3fd4f400
3f25f000
3fa06800
3f25f000
3f0a4800
3fa32c00
3fa32c00
3f9da400
3f84c000
3f9ae000
3f929400
3f9da400
3fab7800
3f981c00
3f81fc00
3efe7000
3fb10000
3f368800
3f7e7000
3f981c00
3f62c800
3f929400
3f0a4800
3fb68800
3f62c800
3fc19800
3fa5f000
3fb3c400
3f206800
3fae3c00
3fa5f000
3fb68800
3f62c800
3f955800
3f8fd000
3fb10000
3f6dd800
3f8a4800
3f0a4800
3fa8b400
3f685000
3fb3c400
3fa32c00
3f4ca800
3f523000
3fb10000
3f736000
3fc9e400
3f84c000
3fda7c00
3f8a4800
3f1ae000
3f4ca800
3fc19800
3fb3c400
3f4ca800
3f929400
3fa06800
3f62c800
3f155800
3f5d4000
3f472000
3f929400
3f0fd000
3f685000
3f929400
3f736000
3f2b7800
3f78e800
3f736000
3f736000
3f8fd000
3f9ae000
3fa32c00
3fa5f000
3f878400
3f929400
3edd4000
3f5d4000
3f929400
3f0fd000
3f736000
3f878400
3fb94c00
3f955800
3f8d0c00
3fab7800
3f8a4800
3f57b800
3f981c00
3f81fc00
3f929400
3f78e800
3fbed400
3f81fc00
3fb68800
3f62c800
3fb10000
3f523000
3f685000
3fa8b400
3f6dd800
3f7e7000
3ebc1000
3f8d0c00
3f7e7000
3f62c800
3f25f000
3f0a4800
3f736000
3f7e7000
3f25f000
3fb10000
3f310000
3f955800
3fa5f000
3f8d0c00
3f84c000
3fbc1000
3f981c00
3fb68800
3f04c000
3f84c000
3f955800
3f9ae000
3fcca800
3f472000
3f81fc00
3f736000
3f206800
3fa06800
3f8d0c00
3fa32c00
3fbed400
3fab7800
3f368800
3f8d0c00
3f3c1000
3f0fd000
3fa32c00
3f8d0c00
3f155800
3fb3c400
3f8fd000
3fc19800
3f8a4800
3f7e7000
3f736000
3f5d4000
3fa06800
3f8fd000
3f3c1000
3f81fc00
3f0a4800
3edd4000
3f8d0c00
3f2b7800
3f155800
3f62c800
3f955800
3ef36000
3fd4f400
3f878400
3fb68800
3f8fd000
3fa5f000
3f78e800
3f57b800
3f685000
3f6dd800
3f8fd000
3f878400
3fab7800
3f8a4800
3f929400
3f368800
3fc19800
3f9ae000
3f472000
3f2b7800
3f9ae000
3fa32c00
3f8fd000
3fa32c00
3f2b7800
3f57b800
3f8a4800
3fa06800
3f5d4000
3f685000
3f57b800
3efe7000
3fa5f000
3f78e800
3fb68800
3f57b800
3fb3c400
3f8a4800
3fab7800
3f3c1000
3f84c000
3f368800
3f57b800
3f368800
3f8fd000
3fb10000
3fb94c00
3f878400
3f981c00
3f155800
3f5d4000
3f78e800
3f57b800
3f62c800
3fbed400
3f5d4000
3fa5f000
3fd4f400
3fc19800
3f4ca800
3f685000
3f78e800
3f685000
3f7e7000
3f2b7800
3f1ae000
3f57b800
3f57b800
3f6dd800
3f0a4800
3f472000
3f1ae000
3fb3c400
3f981c00
3fa32c00
3f8a4800
3fc9e400
3f78e800
3fa06800
3f685000
3fb10000
3f5d4000
3fa5f000
3f57b800
3fa32c00
3f8fd000
3f9da400
3f7e7000
3f310000
3fb3c400
3edd4000
3f523000
3f736000
3ee85000
3f9ae000
3fa06800
3fbc1000
3fa5f000
3f8d0c00
3fb10000
3f878400
3fab7800
3f685000
3f981c00
3f7e7000
3fc9e400
3f736000
3f878400
3f84c000
3f685000
3f955800
3f9da400
3fc45c00
3f310000
3f878400
3f736000
3fb10000
3fc72000
3fa8b400
3edd4000
3fae3c00
3f878400
3f878400
3f57b800
3f3c1000
3fa32c00
3f736000
3fa8b400
3f8fd000
3f78e800
3fb94c00
3f685000
3f9da400
3f878400
3f7e7000
3fc45c00
3fa06800
3f955800
3f523000
3f6dd800
3f878400
3fa5f000
3f8a4800
3f78e800
3f929400
3f878400
3f9ae000
3f736000
3f81fc00
3f84c000
3f419800
3f310000
3f8d0c00
3fcf6c00
3f8d0c00
3f7e7000
3fc9e400
3f472000
3f9da400
3f8a4800
3f685000
3f84c000
3f310000
3f878400
3f3c1000
3fc72000
3f472000
3f4ca800
3ed23000
3f04c000
3f7e7000
3f3c1000
3fbed400
3fb10000
3fb3c400
3f57b800
3f9ae000
3f3c1000
3f57b800
3f8fd000
3fa5f000
3f736000
3fa8b400
3f8fd000
3fb3c400
3f57b800
3f8d0c00
3f81fc00
3f8a4800
3f955800
3fa32c00
3f62c800
3fb68800
3fb10000
3fd7b800
3f929400
3fbed400
3fa5f000
3ee85000
3f84c000
3fb10000
3f472000
3f9ae000
3fa32c00
3f8d0c00
3f8fd000
3f419800
3fb10000
3f929400
3f7e7000
3f81fc00
3f929400
3f9ae000
3f7e7000
3f981c00
3f5d4000
3fae3c00
3fcf6c00
3f685000
3f2b7800
3fc45c00
3f81fc00
3f419800
3fa06800
3f929400
3f7e7000
3fd23000
3fbed400
3f8d0c00
3f8d0c00
3f9ae000
3f81fc00
3fd23000
3f929400
3f8fd000
3f685000
3f523000
3ed23000
3f155800
3fae3c00
3fb94c00
3f7e7000
3f929400
3f155800
3f62c800
3f472000
3f310000
3f81fc00
3f523000
3fae3c00
3f3c1000
3fcca800
3f685000
3ebc1000
3fae3c00
3f685000
3f929400
3fb10000
3f419800
3f472000
3f25f000
3f4ca800
3f523000
3fb10000
3ec72000
3fc45c00
3fa8b400
3fc72000
3f472000
3f419800
3f6dd800
3fa32c00
3fa8b400
3f3c1000
3fd4f400
3f9ae000
3efe7000
3f955800
3fb10000
3f310000
3f8fd000
3f78e800
3fae3c00
3f4ca800
3f878400
3f8fd000
3f84c000
3f4ca800
3fae3c00
3f472000
3f25f000
3f929400
3f929400
3f878400
3f6dd800
3f929400
3f78e800
3f736000
3f8a4800
3f0fd000
3f57b800
3fb3c400
3ebc1000
3fda7c00
3f3c1000
3f419800
3f62c800
3f9da400
3f878400
3f472000
3f0fd000
3f981c00
3f81fc00
3f57b800
3fc45c00
3fa06800
3f8d0c00
3f62c800
3f81fc00
3f685000
3fb94c00
3f6dd800
3f929400
3f78e800
3fc19800
3f84c000
3f8fd000
3f472000
3f685000
3f878400
3f84c000
3fbed400
3f878400
3f929400
3f0fd000
3f419800
3f9da400
3fa06800
3f736000
3f523000
3fa5f000
3f736000
3fbed400
3f8a4800
3f368800
3f5d4000
3f310000
3fd7b800
3f955800
3f981c00
3fa06800
3f7e7000
3f1ae000
3f472000
3f155800
3fb3c400
3f9ae000
3fa32c00
3f84c000
3fb3c400
3fc9e400
3f0a4800
3f685000
3f9ae000
3f685000
3fae3c00
3f4ca800
3f9da400
3fb10000
3f310000
3f929400
3fc9e400
3f878400
3f955800
3f929400
3f419800
3f4ca800
3f419800
3f8a4800
3f62c800
3f368800
3f8fd000
3f929400
3fb68800
3f7e7000
3fc45c00
3f368800
3f0fd000
3fb10000
3f878400
3f57b800
3f736000
3fbc1000
3fa32c00
3f7e7000
3f155800
3fb94c00
3f1ae000
3fb68800
3f6dd800
3fc9e400
3f736000
3f5d4000
3fc45c00
3f6dd800
3f78e800
3f9da400
3f155800
3fbed400
3f206800
3f878400
3fbc1000
3f2b7800
3f8fd000
3f981c00
3f8fd000
3f981c00
3f8a4800
3f310000
3f8a4800
3fa5f000
3f955800
3f9da400
3fa8b400
3fab7800
3f878400
3f5d4000
3f81fc00
3fc45c00
3fc45c00
3f3c1000
3ee85000
3f8fd000
3f3c1000
3ef36000
3f7e7000
3f84c000
3f8d0c00
3f81fc00
3f57b800
3f62c800
3f685000
3fb10000
3f7e7000
3efe7000
3f955800
3f8fd000
3f0fd000
3f981c00
3fa06800
3f78e800
3efe7000
3f523000
3f8a4800
3fae3c00
3f523000
3f57b800
3f8a4800
3f685000
3f4ca800
3f84c000
3f62c800
3f472000
3fae3c00
3f9ae000
3f57b800
3f878400
3f419800
3fa06800
3fb68800
3f523000
3f8a4800
3f8fd000
3f5d4000
3f2b7800
3f78e800
3fa5f000
3fcca800
3fbed400
3f9da400
3f685000
3f310000
3fbc1000
3fb94c00
3f206800
3f78e800
3fb10000
3f368800
3f9ae000
3f81fc00
3fa32c00
3f7e7000
3f3c1000
3f736000
3f6dd800
3f9da400
3f419800
3f5d4000
3f9da400
3f81fc00
3fc9e400
3f81fc00
3f736000
3fb68800
3f929400
3fb94c00
3f1ae000
3fb68800
3f8d0c00
3f9ae000
3f81fc00
3f62c800
3f8d0c00
3fb10000
3f3c1000
3fcca800
3fda7c00
3f9da400
3fa06800
3f685000
3fa32c00
3f84c000
3ee85000
3f9da400
3fa32c00
3fbed400
3fc9e400
3fbc1000
3fb68800
3f04c000
3f7e7000
3f78e800
3f4ca800
3f8fd000
3f955800
3f8fd000
3f8fd000
3fb3c400
3f955800
3fa06800
3f523000
3f206800
3f8fd000
3f2b7800
3fa32c00
3f955800
3f8d0c00
3f685000
3f9ae000
3fbc1000
3f929400
3f57b800
3fbed400
3fa06800
3f736000
3f736000
3f8d0c00
3f8fd000
3fa06800
3f9ae000
3f981c00
3f9ae000
3f8d0c00
3f8fd000
3fc72000
3f3c1000
3f419800
3f310000
3f6dd800
3f878400
3fcca800
3ebc1000
3f8fd000
3f81fc00
3fa32c00
3f84c000
3f0fd000
3fc19800
3f8d0c00
3f25f000
3f57b800
3f8fd000
3fd4f400
3f8fd000
3f736000
3f736000
3f9da400
3fab7800
3f0fd000
3f4ca800
3f7e7000
3f523000
3efe7000
3f81fc00
3f523000
3f929400
3f57b800
3f84c000
3f62c800
3f0a4800
3f62c800
3f736000
3f8a4800
3f878400
3f878400
3f8fd000
3f9ae000
3fae3c00
3f981c00
3f310000
3fcf6c00
3f368800
3f206800
3fa06800
3f3c1000
3f6dd800
3f9ae000
3f4ca800
3f523000
3f0a4800
3f9ae000
3f81fc00
3f981c00
3fc45c00
3f878400
3f2b7800
3f736000
3f25f000
3fbc1000
3f955800
3fa06800
3f3c1000
3fae3c00
3f929400
3f84c000
3f929400
3f62c800
3fc72000
3f981c00
3fa8b400
3f472000
3f368800
3f368800
3f81fc00
3f929400
3f8fd000
3f9da400
3f9da400
3fbc1000
3f685000
3fb94c00
3f8fd000
3fae3c00
3f368800
3f2b7800
3f62c800
3fa8b400
3f7e7000
3f1ae000
3f981c00
3fbed400
3f78e800
3f368800
3f84c000
3fb3c400
3fc19800
3f878400
3fbc1000
3f878400
3f310000
3f7e7000
3fa5f000
3fae3c00
3f8a4800
3f419800
3f523000
3f419800
3f78e800
3f81fc00
3f57b800
3fb10000
3f4ca800
3fbc1000
3f5d4000
3fbc1000
3f9da400
3f3c1000
3f523000
3f78e800
3fab7800
3f57b800
3f9da400
3f25f000
3fa8b400
3f981c00
3f8fd000
3f3c1000
3f8d0c00
3fcca800
3f8a4800
3f685000
3f206800
3fb10000
3f78e800
3f6dd800
3f62c800
3f9da400
3f4ca800
3fbc1000
3fd4f400
3f8a4800
3f81fc00
3f368800
3f8fd000
3f206800
3f955800
3f81fc00
3f81fc00
3f368800
3f523000
3f4ca800
3f78e800
3f3c1000
3fc19800
3fb3c400
3f84c000
3f8a4800
3f9da400
3fa8b400
3f4ca800
3f981c00
3f8a4800
3f155800
3fa32c00
3f1ae000
3f3c1000
3f419800
3f81fc00
3f955800
3fa32c00
3f929400
3f3c1000
3f955800
3f0fd000
3f3c1000
3fa5f000
3f0fd000
3f981c00
3ee85000
3fb68800
3fa5f000
3f929400
3f6dd800
3fa32c00
3f7e7000
3f4ca800
3f929400
3f878400
3f4ca800
3f155800
3fb3c400
3f3c1000
3f736000
3f736000
3f8fd000
3f878400
3f310000
3f8d0c00
3fa06800
3f929400
3fc72000
3f4ca800
3efe7000
3fc72000
3f78e800
3f81fc00
3f523000
3f8d0c00
3fcca800
3f6dd800
3f78e800
3fc19800
3fa06800
3f81fc00
3f6dd800
3fae3c00
3fb3c400
3f7e7000
3f5d4000
3f81fc00
3f7e7000
3f368800
3efe7000
3f57b800
3f1ae000
3fa32c00
3f8a4800
3f9ae000
3f685000
3f9da400
3f62c800
3f81fc00
3fbed400
3fcca800
3f0fd000
3fab7800
3f8d0c00
3f78e800
3f57b800
3fab7800
3f929400
3f878400
3f3c1000
3f523000
3f6dd800
3f981c00
3f419800
3f57b800
3f6dd800
3f472000
3fb10000
3f84c000
3efe7000
3f310000
3f736000
3fa5f000
3f368800
3fab7800
3fc9e400
3f685000
3f57b800
3f685000
3f0fd000
3f57b800
3f8fd000
3f955800
3f981c00
3f419800
3fa06800
3f878400
3f878400
3f472000
3fa8b400
3fa5f000
3f419800
3f84c000
3f4ca800
3f57b800
3f155800
3f81fc00
3f78e800
3f736000
3fa06800
3f981c00
3fb10000
3f8fd000
3fa32c00
3f62c800
3f81fc00
3fc72000
3f81fc00
3f7e7000
3f5d4000
3f929400
3f7e7000
3fa32c00
3f04c000
3f368800
3f929400
3f8fd000
3f929400
3f155800
3f8a4800
3fa06800
3f878400
3f8fd000
3f57b800
3f9ae000
3f78e800
3f472000
3f84c000
3f419800
3fa5f000
3fc72000
3f955800
3edd4000
3f981c00
3f4ca800
3f472000
3fb68800
3f2b7800
3fc45c00
3f25f000
3f57b800
3fa06800
3f523000
3fa06800
3f3c1000
3f685000
3f8a4800
3fbed400
3f78e800
3f0a4800
3f9da400
3f6dd800
3f78e800
3fa8b400
3f78e800
3f368800
3f685000
3f929400
3f3c1000
3fbed400
3f8fd000
3fbc1000
3fcca800
3fb3c400
3f8fd000
3f9ae000
3f5d4000
3f25f000
3f419800
3fb68800
3fb10000
3f0a4800
3f1ae000
3f8a4800
3f878400
3fb3c400
3f8d0c00
3f81fc00
3f78e800
3f9ae000
3f878400
3f78e800
3f310000
3f472000
3f929400
3fd4f400
3f6dd800
3f57b800
3f5d4000
3f57b800
3fd7b800
3fb68800
3f5d4000
3f8fd000
3f736000
3f8a4800
3f419800
3fc9e400
3f523000
3fa06800
3f7e7000
3fb3c400
3f472000
3f685000
3f523000
3f523000
3f310000
3fb10000
3f8fd000
3f84c000
3f955800
3f9da400
3f81fc00
3fc72000
3f78e800
3f62c800
3f8d0c00
3f1ae000
3fc45c00
3f472000
3f6dd800
3ed23000
3f3c1000
3f685000
3f878400
3fd23000
3f8fd000
3fcca800
3fc9e400
3f736000
3f7e7000
3f8a4800
3f1ae000
3f981c00
3f8a4800
3fa06800
3f4ca800
3f62c800
3f6dd800
3f981c00
3fb10000
3f8d0c00
3f9ae000
3fb94c00
3f878400
3edd4000
3f8d0c00
3f5d4000
3fab7800
3f955800
3fbed400
3fc72000
3f878400
3f25f000
3f78e800
3f7e7000
3f981c00
3f8a4800
3fb10000
3f84c000
3fc19800
3fa06800
3fb10000
3f955800
3f368800
3f84c000
3f6dd800
3f981c00
3fa5f000
3f368800
3f25f000
3f78e800
3ee85000
3fc19800
3fa5f000
3f955800
3fbc1000
3f5d4000
3f8fd000
3f929400
3f6dd800
3f5d4000
3f7e7000
3fa5f000
3f2b7800
3ef36000
3f84c000
3f7e7000
3ef36000
3f419800
3f955800
3f955800
3f81fc00
3f6dd800
3fb3c400
3f8fd000
3f9da400
3f8a4800
3fc45c00
3f8a4800
3ee85000
3fb68800
3fd23000
3fab7800
3f57b800
3f206800
3f2b7800
3f9ae000
3f8d0c00
3f8d0c00
3f878400
3f5d4000
3f78e800
3f878400
3f8fd000
3fa8b400
3f878400
3fa32c00
3f929400
3f84c000
3fb3c400
3f206800
3f9ae000
3f81fc00
3f472000
3f5d4000
3fa5f000
3f472000
3f310000
3f8d0c00
3f4ca800
3f736000
3f0fd000
3f62c800
3f736000
3fa06800
3fa06800
3f878400
3f8d0c00
3f736000
3f5d4000
3f84c000
3f310000
3f736000
3f929400
3f310000
3fc19800
3f25f000
3edd4000
3fb3c400
3f9ae000
3f368800
3f9da400
3f310000
3f04c000
3fcca800
3f206800
3f25f000
3fa5f000
3f310000
3f929400
3ef36000
3f81fc00
3f8a4800
3f685000
3f929400
3f78e800
3f523000
3fb10000
3f6dd800
3f929400
3ef36000
3fa32c00
3f685000
3f8fd000
3fc9e400
3fcca800
3f8d0c00
3f878400
3fbc1000
3ec72000
3fb68800
3f84c000
3f8fd000
3f955800
3f78e800
3f81fc00
3f8a4800
3f84c000
3f8fd000
3f878400
3fb68800
3f9ae000
3fa8b400
3f155800
3f8fd000
3fc72000
3f62c800
3f84c000
3f7e7000
3f9ae000
3f9da400
3f878400
3f5d4000
3fb10000
3f736000
3f0a4800
3f878400
3f84c000
3fbc1000
3fbed400
3f523000
3fa5f000
3fb10000
3f0fd000
3fbc1000
3f8d0c00
3fb68800
3f78e800
3f7e7000
3f472000
3fb10000
3fbed400
3f9ae000
3f9ae000
3fc45c00
3f0fd000
3fbc1000
3f8d0c00
3fd7b800
3f955800
3f8a4800
3f981c00
3f84c000
3f84c000
3f04c000
3f878400
3f04c000
3f04c000
3f736000
3f7e7000
3f78e800
3f368800
3f955800
3fae3c00
3f206800
3f878400
3f685000
3f7e7000
3f8fd000
3fae3c00
3ef36000
3fab7800
3f57b800
3fb10000
3f9da400
3f6dd800
3f9ae000
3f84c000
3f62c800
3f310000
3fbc1000
3f9da400
3fcca800
3f1ae000
3f5d4000
3f8d0c00
3f78e800
3f81fc00
3f9ae000
3f955800
3f57b800
3f1ae000
3f2b7800
3fa32c00
3f5d4000
3f981c00
3f8fd000
3fb94c00
3f9ae000
3f419800
3fbed400
3fa8b400
3fa06800
3f8fd000
3f8d0c00
3f878400
3ee85000
3fb68800
3fb10000
3fa5f000
3fa5f000
3f1ae000
3f57b800
3f155800
3fc19800
3f8d0c00
3f9da400
3fb10000
3f2b7800
3fa32c00
3f7e7000
3fa5f000
3fc19800
3f78e800
3fa06800
3fab7800
3f0fd000
3fa8b400
3f62c800
3f7e7000
3fda7c00
3f7e7000
3f78e800
3f955800
3f8fd000
3f8fd000
3ec72000
3f523000
3f81fc00
3f81fc00
3f9da400
3fb10000
3fa06800
3f878400
3f8fd000
3fa06800
3f955800
3fbc1000
3f6dd800
3f929400
3f8a4800
3fa5f000
3f981c00
3fc72000
3f25f000
3fb3c400
3fb68800
3f62c800
3f2b7800
3f8d0c00
3f8a4800
3f3c1000
3f7e7000
3f81fc00
3f523000
3f8a4800
3fae3c00
3f81fc00
3fc45c00
3f419800
3f8d0c00
3f368800
3f1ae000
3fa06800
3f5d4000
3f736000
3f9ae000
3f7e7000
3f6dd800
3f1ae000
3f955800
3f8a4800
3fa32c00
3f25f000
3fae3c00
3f310000
3f8fd000
3f81fc00
3f736000
3fb3c400
3f155800
3f736000
3fc72000
3fa8b400
3f9da400
3edd4000
3f419800
3fc19800
3f2b7800
3f57b800
3f419800
3f62c800
3f955800
3f685000
3fa06800
3f8d0c00
3f878400
3f685000
3f6dd800
3fb10000
3f9da400
3f981c00
3fa5f000
3ef36000
3f81fc00
3f310000
3f2b7800
3f78e800
3f9ae000
3f6dd800
3fae3c00
3f929400
3f84c000
3f736000
3fae3c00
3f84c000
3f0a4800
3f929400
3f929400
3f685000
3fd7b800
3f4ca800
3f8a4800
3f78e800
3f685000
3f878400
3f736000
3f84c000
3f78e800
3f62c800
3f4ca800
3f368800
3f206800
3f0a4800
3ee85000
3ebc1000
3f7e7000
3f685000
3f523000
3f3c1000
3f25f000
3f0fd000
3ef36000
3ec72000
3f81fc00
3f6dd800
3f57b800
3f419800
3f2b7800
3f155800
3efe7000
3ed23000
3f84c000
3f736000
3f5d4000
3f472000
3f310000
3f1ae000
3f04c000
3edd4000
3ebc1000
3f78e800
3f62c800
3f4ca800
3f368800
3f206800
3f0a4800
3ee85000
3ec72000
3f7e7000
3f685000
3f523000
3f3c1000
3f25f000
3f0fd000
3ef36000
3ed23000
3f81fc00
3f6dd800
3f57b800
3f419800
3f2b7800
3f155800
3efe7000
3edd4000
3f84c000
3f736000
3f5d4000
3f472000
3f310000
3f1ae000
3f04c000
3ee85000
3ebc1000
3f7e7000
3f685000
3f523000
3f3c1000
3f25f000
3f0fd000
3efe7000
3ed23000
3f81fc00
3f6dd800
3f57b800
3f419800
3f2b7800
3f155800
3f04c000
3edd4000
3f84c000
3f736000
3f5d4000
3f472000
3f310000
3f1ae000
3f0a4800
3ee85000
3f878400
3f78e800
3f62c800
3f4ca800
3f368800
3f206800
3f0fd000
3ef36000
3ec72000
3f7e7000
3f685000
3f523000
3f3c1000
3f25f000
3f155800
3efe7000
3ed23000
3f81fc00
3f6dd800
3f57b800
3f419800
3f2b7800
3f1ae000
3f04c000
3edd4000
3f84c000
3f736000
3f5d4000
3f472000
3f310000
3f206800
3f0a4800
3ee85000
3f878400
3f78e800
3f62c800
3f4ca800
3f368800
3f25f000
3f0fd000
3ef36000
3ec72000
3f81fc00
3f6dd800
3f57b800
3f419800
3f310000
3f1ae000
3f04c000
3edd4000
3f84c000
3f736000
3f5d4000
3f472000
3f368800
3f206800
3f0a4800
3ee85000
3f878400
3f78e800
3f62c800
3f4ca800
3f3c1000
3f25f000
3f0fd000
3ef36000
3f8a4800
3f7e7000
3f685000
3f523000
3f419800
3f2b7800
3f155800
3efe7000
3ed23000
3f81fc00
3f6dd800
3f57b800
3f472000
3f310000
3f1ae000
3f04c000
3edd4000
3f84c000
3f736000
3f5d4000
3f4ca800
3f368800
3f206800
3f0a4800
3ee85000
3f878400
3f78e800
3f62c800
3f523000
3f3c1000
3f25f000
3f0fd000
3ef36000
3f8a4800
3f7e7000
3f685000
3f57b800
3f419800
3f2b7800
3f155800
3efe7000
3ed23000
3f84c000
3f736000
3f62c800
3f4ca800
3f368800
3f206800
3f0a4800
3ee85000
3f878400
3f78e800
3f685000
3f523000
3f3c1000
3f25f000
3f0fd000
3ef36000
3f8a4800
3f7e7000
3f6dd800
3f57b800
3f419800
3f2b7800
3f155800
3efe7000
3f8d0c00
3f81fc00
3f736000
3f5d4000
3f472000
3f310000
3f1ae000
3f04c000
3edd4000
3f84c000
3f78e800
3f62c800
3f4ca800
3f368800
3f206800
3f0a4800
3ee85000
3f878400
3f7e7000
3f685000
3f523000
3f3c1000
3f25f000
3f0fd000
3ef36000
3f8a4800
3f81fc00
3f6dd800
3f57b800
3f419800
3f2b7800
3f155800
3efe7000
3f8d0c00
3f84c000
3f736000
3f5d4000
3f472000
3f310000
3f1ae000
3f04c000
3edd4000
3f8a4800
3f7e7000
3f685000
3f523000
3f3c1000
3f25f000
3f0fd000
3ef36000
3f8d0c00
3f81fc00
3f6dd800
3f57b800
3f419800
3f2b7800
3f155800
3efe7000
3f8fd000
3f84c000
3f736000
3f5d4000
3f472000
3f310000
3f1ae000
3f04c000
3ee85000
3f878400
3f78e800
3f62c800
3f4ca800
3f368800
3f206800
3f0a4800
3ef36000
3f8a4800
3f7e7000
3f685000
3f523000
3f3c1000
3f25f000
3f0fd000
3efe7000
3f8d0c00
3f81fc00
3f6dd800
3f57b800
3f419800
3f2b7800
3f155800
3f04c000
3f8fd000
3f84c000
3f736000
3f5d4000
3f472000
3f310000
3f1ae000
3f0a4800
3ee85000
3f878400
3f78e800
3f62c800
3f4ca800
3f368800
3f206800
3f0fd000
3ef36000
3f8d0c00
3f81fc00
3f6dd800
3f57b800
3f419800
3f2b7800
3f1ae000
3f04c000
3f8fd000
3f84c000
3f736000
3f5d4000
3f472000
3f310000
3f206800
3f0a4800
3f929400
3f878400
3f78e800
3f62c800
3f4ca800
3f368800
3f25f000
3f0fd000
3ef36000
3f8a4800
3f7e7000
3f685000
3f523000
3f3c1000
3f2b7800
3f155800
3efe7000
3f8d0c00
3f81fc00
3f6dd800
3f57b800
3f419800
3f310000
3f1ae000
3f04c000
3f8fd000
3f84c000
3f736000
3f5d4000
3f472000
3f368800
3f206800
3f0a4800
3f929400
3f878400
3f78e800
3f62c800
3f4ca800
3f3c1000
3f25f000
3f0fd000
3ef36000
3f8a4800
3f7e7000
3f685000
3f523000
3f419800
3f2b7800
3f155800
3efe7000
3f8fd000
3f84c000
3f736000
3f5d4000
3f4ca800
3f368800
3f206800
3f0a4800
3f929400
3f878400
3f78e800
3f62c800
3f523000
3f3c1000
3f25f000
3f0fd000
3f955800
3f8a4800
3f7e7000
3f685000
3f57b800
3f419800
3f2b7800
3f155800
3efe7000
3f8d0c00
3f81fc00
3f6dd800
3f5d4000
3f472000
3f310000
3f1ae000
3f04c000
3f8fd000
3f84c000
3f736000
3f62c800
3f4ca800
3f368800
3f206800
3f0a4800
3f929400
3f878400
3f78e800
3f685000
3f523000
3f3c1000
3f25f000
3f0fd000
3f955800
3f8a4800
3f7e7000
3f6dd800
3f57b800
3f419800
3f2b7800
3f155800
3efe7000
3f8d0c00
3f81fc00
3f736000
3f5d4000
3f472000
3f310000
3f1ae000
3f04c000
3f929400
3f878400
3f7e7000
3f685000
3f523000
3f3c1000
3f25f000
3f0fd000
3f955800
3f8a4800
3f81fc00
3f6dd800
3f57b800
3f419800
3f2b7800
3f155800
3f981c00
3f8d0c00
3f84c000
3f736000
3f5d4000
3f472000
3f310000
3f1ae000
3f04c000
3f8fd000
3f878400
3f78e800
3f62c800
3f4ca800
3f368800
3f206800
3f0a4800
3f929400
3f8a4800
3f7e7000
3f685000
3f523000
3f3c1000
3f25f000
3f0fd000
3f955800
3f8d0c00
3f81fc00
3f6dd800
3f57b800
3f419800
3f2b7800
3f155800
3f981c00
3f8fd000
3f84c000
3f736000
3f5d4000
3f472000
3f310000
3f1ae000
3f04c000
3f929400
3f878400
3f78e800
3f62c800
3f4ca800
3f368800
3f206800
3f0a4800
3f981c00
3f8d0c00
3f81fc00
3f6dd800
3f57b800
3f419800
3f2b7800
3f155800
3f9ae000
3f8fd000
3f84c000
3f736000
3f5d4000
3f472000
3f310000
3f1ae000
3f0a4800
3f929400
3f878400
3f78e800
3f62c800
3f4ca800
3f368800
3f206800
3f0fd000
3f955800
3f8a4800
3f7e7000
3f685000
3f523000
3f3c1000
3f25f000
3f155800
3f981c00
3f8d0c00
3f81fc00
3f6dd800
3f57b800
3f419800
3f2b7800
3f1ae000
3f9ae000
3f8fd000
3f84c000
3f736000
3f5d4000
3f472000
3f310000
3f206800
3f0a4800
3f929400
3f878400
3f78e800
3f62c800
3f4ca800
3f368800
3f25f000
3f0fd000
3f955800
3f8a4800
3f7e7000
3f685000
3f523000
3f3c1000
3f2b7800
3f155800
3f9ae000
3f8fd000
3f84c000
3f736000
3f5d4000
3f472000
3f368800
3f206800
3f9da400
3f929400
3f878400
3f78e800
3f62c800
3f4ca800
3f3c1000
3f25f000
3f0fd000
3f955800
3f8a4800
3f7e7000
3f685000
3f523000
3f419800
3f2b7800
3f155800
3f981c00
3f8d0c00
3f81fc00
3f6dd800
3f57b800
3f472000
3f310000
3f1ae000
3f9ae000
3f8fd000
3f84c000
3f736000
3f5d4000
3f4ca800
3f368800
3f206800
3f9da400
3f929400
3f878400
3f78e800
3f62c800
3f523000
3f3c1000
3f25f000
3f0fd000
3f955800
3f8a4800
3f7e7000
3f685000
3f57b800
3f419800
3f2b7800
3f155800
3f981c00
3f8d0c00
3f81fc00
3f6dd800
3f5d4000
3f472000
3f310000
3f1ae000
3f9da400
3f929400
3f878400
3f78e800
3f685000
3f523000
3f3c1000
3f25f000
3fa06800
3f955800
3f8a4800
3f7e7000
3f6dd800
3f57b800
3f419800
3f2b7800
3f155800
3f981c00
3f8d0c00
3f81fc00
3f736000
3f5d4000
3f472000
3f310000
3f1ae000
3f9ae000
3f8fd000
3f84c000
3f78e800
3f62c800
3f4ca800
3f368800
3f206800
3f9da400
3f929400
3f878400
3f7e7000
3f685000
3f523000
3f3c1000
3f25f000
3fa06800
3f955800
3f8a4800
3f81fc00
3f6dd800
3f57b800
3f419800
3f2b7800
3f155800
3f981c00
3f8d0c00
3f84c000
3f736000
3f5d4000
3f472000
3f310000
3f1ae000
3f9ae000
3f8fd000
3f878400
3f78e800
3f62c800
3f4ca800
3f368800
3f206800
3fa06800
3f955800
3f8d0c00
3f81fc00
3f6dd800
3f57b800
3f419800
3f2b7800
3fa32c00
3f981c00
3f8fd000
3f84c000
3f736000
3f5d4000
3f472000
3f310000
3f1ae000
3f9ae000
3f929400
3f878400
3f78e800
3f62c800
3f4ca800
3f368800
3f206800
3f9da400
3f955800
3f8a4800
3f7e7000
3f685000
3f523000
3f3c1000
3f25f000
3fa06800
3f981c00
3f8d0c00
3f81fc00
3f6dd800
3f57b800
3f419800
3f2b7800
3fa32c00
3f9ae000
3f8fd000
3f84c000
3f736000
3f5d4000
3f472000
3f310000
3f1ae000
3f9da400
3f929400
3f878400
3f78e800
3f62c800
3f4ca800
3f368800
3f206800
3fa06800
3f955800
3f8a4800
3f7e7000
3f685000
3f523000
3f3c1000
3f25f000
3fa5f000
3f9ae000
3f8fd000
3f84c000
3f736000
3f5d4000
3f472000
3f310000
3f206800
3f9da400
3f929400
3f878400
3f78e800
3f62c800
3f4ca800
3f368800
3f25f000
3fa06800
3f955800
3f8a4800
3f7e7000
3f685000
3f523000
3f3c1000
3f2b7800
3fa32c00
3f981c00
3f8d0c00
3f81fc00
3f6dd800
3f57b800
3f419800
3f310000
3fa5f000
3f9ae000
3f8fd000
3f84c000
3f736000
3f5d4000
3f472000
3f368800
3f206800
3f9da400
3f929400
3f878400
3f78e800
3f62c800
3f4ca800
3f3c1000
3f25f000
3fa06800
3f955800
3f8a4800
3f7e7000
3f685000
3f523000
3f419800
3f2b7800
3fa32c00
3f981c00
3f8d0c00
3f81fc00
3f6dd800
3f57b800
3f472000
3f310000
3fa8b400
3f9da400
3f929400
3f878400
3f78e800
3f62c800
3f523000
3f3c1000
3f25f000
3fa06800
3f955800
3f8a4800
3f7e7000
3f685000
3f57b800
3f419800
3f2b7800
3fa32c00
3f981c00
3f8d0c00
3f81fc00
3f6dd800
3f5d4000
3f472000
3f310000
3fa5f000
3f9ae000
3f8fd000
3f84c000
3f736000
3f62c800
3f4ca800
3f368800
3fa8b400
3f9da400
3f929400
3f878400
3f78e800
3f685000
3f523000
3f3c1000
3f25f000
3fa06800
3f955800
3f8a4800
3f7e7000
3f6dd800
3f57b800
3f419800
3f2b7800
3fa32c00
3f981c00
3f8d0c00
3f81fc00
3f736000
3f5d4000
3f472000
3f310000
3fa5f000
3f9ae000
3f8fd000
3f84c000
3f78e800
3f62c800
3f4ca800
3f368800
3fab7800
3fa06800
3f955800
3f8a4800
3f81fc00
3f6dd800
3f57b800
3f419800
3f2b7800
3fa32c00
3f981c00
3f8d0c00
3f84c000
3f736000
3f5d4000
3f472000
3f310000
3fa5f000
3f9ae000
3f8fd000
3f878400
3f78e800
3f62c800
3f4ca800
3f368800
3fa8b400
3f9da400
3f929400
3f8a4800
3f7e7000
3f685000
3f523000
3f3c1000
3fab7800
3fa06800
3f955800
3f8d0c00
3f81fc00
3f6dd800
3f57b800
3f419800
3f2b7800
3fa32c00
3f981c00
3f8fd000
3f84c000
3f736000
3f5d4000
3f472000
3f310000
3fa5f000
3f9ae000
3f929400
3f878400
3f78e800
3f62c800
3f4ca800
3f368800
3fa8b400
3f9da400
3f955800
3f8a4800
3f7e7000
3f685000
3f523000
3f3c1000
3fae3c00
3fa32c00
3f9ae000
3f8fd000
3f84c000
3f736000
3f5d4000
3f472000
3f310000
3fa5f000
3f9da400
3f929400
3f878400
3f78e800
3f62c800
3f4ca800
3f368800
3fa8b400
3fa06800
3f955800
3f8a4800
3f7e7000
3f685000
3f523000
3f3c1000
3fab7800
3fa32c00
3f981c00
3f8d0c00
3f81fc00
3f6dd800
3f57b800
3f419800
3fae3c00
3fa5f000
3f9ae000
3f8fd000
3f84c000
3f736000
3f5d4000
3f472000
3f310000
3fa8b400
3f9da400
3f929400
3f878400
3f78e800
3f62c800
3f4ca800
3f368800
3fab7800
3fa06800
3f955800
3f8a4800
3f7e7000
3f685000
3f523000
3f3c1000
3fae3c00
3fa32c00
3f981c00
3f8d0c00
3f81fc00
3f6dd800
3f57b800
3f419800
3f310000
3fa8b400
3f9da400
3f929400
3f878400
3f78e800
3f62c800
3f4ca800
3f3c1000
3fab7800
3fa06800
3f955800
3f8a4800
3f7e7000
3f685000
3f523000
3f419800
3fae3c00
3fa32c00
3f981c00
3f8d0c00
3f81fc00
3f6dd800
3f57b800
3f472000
3fb10000
3fa5f000
3f9ae000
3f8fd000
3f84c000
3f736000
3f5d4000
3f4ca800
3f368800
3fa8b400
3f9da400
3f929400
3f878400
3f78e800
3f62c800
3f523000
3f3c1000
3fab7800
3fa06800
3f955800
3f8a4800
3f7e7000
3f685000
3f57b800
3f419800
3fae3c00
3fa32c00
3f981c00
3f8d0c00
3f81fc00
3f6dd800
3f5d4000
3f472000
3fb10000
3fa5f000
3f9ae000
3f8fd000
3f84c000
3f736000
3f62c800
3f4ca800
3f368800
3fab7800
3fa06800
3f955800
3f8a4800
3f7e7000
3f6dd800
3f57b800
3f419800
3fae3c00
3fa32c00
3f981c00
3f8d0c00
3f81fc00
3f736000
3f5d4000
3f472000
3fb10000
3fa5f000
3f9ae000
3f8fd000
3f84c000
3f78e800
3f62c800
3f4ca800
3fb3c400
3fa8b400
3f9da400
3f929400
3f878400
3f7e7000
3f685000
3f523000
3f3c1000
3fab7800
3fa06800
3f955800
3f8a4800
3f81fc00
3f6dd800
3f57b800
3f419800
3fae3c00
3fa32c00
3f981c00
3f8d0c00
3f84c000
3f736000
3f5d4000
3f472000
3fb10000
3fa5f000
3f9ae000
3f8fd000
3f878400
3f78e800
3f62c800
3f4ca800
3fb3c400
3fa8b400
3f9da400
3f929400
3f8a4800
3f7e7000
3f685000
3f523000
3f3c1000
3fae3c00
3fa32c00
3f981c00
3f8fd000
3f84c000
3f736000
3f5d4000
3f472000
3fb10000
3fa5f000
3f9ae000
3f929400
3f878400
3f78e800
3f62c800
3f4ca800
3fb3c400
3fa8b400
3f9da400
3f955800
3f8a4800
3f7e7000
3f685000
3f523000
3fb68800
3fab7800
3fa06800
3f981c00
3f8d0c00
3f81fc00
3f6dd800
3f57b800
3f419800
3fae3c00
3fa32c00
3f9ae000
3f8fd000
3f84c000
3f736000
3f5d4000
3f472000
3fb10000
3fa5f000
3f9da400
3f929400
3f878400
3f78e800
3f62c800
3f4ca800
3fb3c400
3fa8b400
3fa06800
3f955800
3f8a4800
3f7e7000
3f685000
3f523000
3fb68800
3fab7800
3fa32c00
3f981c00
3f8d0c00
3f81fc00
3f6dd800
3f57b800
3f419800
3fb10000
3fa8b400
3f9da400
3f929400
3f878400
3f78e800
3f62c800
3f4ca800
3fb3c400
3fab7800
3fa06800
3f955800
3f8a4800
3f7e7000
3f685000
3f523000
3fb68800
3fae3c00
3fa32c00
3f981c00
3f8d0c00
3f81fc00
3f6dd800
3f57b800
3fb94c00
3fb10000
3fa5f000
3f9ae000
3f8fd000
3f84c000
3f736000
3f5d4000
3f472000
3fb3c400
3fa8b400
3f9da400
3f929400
3f878400
3f78e800
3f62c800
3f4ca800
3fb68800
3fab7800
3fa06800
3f955800
3f8a4800
3f7e7000
3f685000
3f523000
3fb94c00
3fae3c00
3fa32c00
3f981c00
3f8d0c00
3f81fc00
3f6dd800
3f57b800
3f472000
3fb10000
3fa5f000
3f9ae000
3f8fd000
3f84c000
3f736000
3f5d4000
3f4ca800
3fb68800
3fab7800
3fa06800
3f955800
3f8a4800
3f7e7000
3f685000
3f57b800
3fb94c00
3fae3c00
3fa32c00
3f981c00
3f8d0c00
3f81fc00
3f6dd800
3f5d4000
3fbc1000
3fb10000
3fa5f000
3f9ae000
3f8fd000
3f84c000
3f736000
3f62c800
3f4ca800
3fb3c400
3fa8b400
3f9da400
3f929400
3f878400
3f78e800
3f685000
3f523000
3fb68800
3fab7800
3fa06800
3f955800
3f8a4800
3f7e7000
3f6dd800
3f57b800
3fb94c00
3fae3c00
3fa32c00
3f981c00
3f8d0c00
3f81fc00
3f736000
3f5d4000
3fbc1000
3fb10000
3fa5f000
3f9ae000
3f8fd000
3f84c000
3f78e800
3f62c800
3f4ca800
3fb3c400
3fa8b400
3f9da400
3f929400
3f878400
3f7e7000
3f685000
3f523000
3fb94c00
3fae3c00
3fa32c00
3f981c00
3f8d0c00
3f84c000
3f736000
3f5d4000
3fbc1000
3fb10000
3fa5f000
3f9ae000
3f8fd000
3f878400
3f78e800
3f62c800
3fbed400
3fb3c400
3fa8b400
3f9da400
3f929400
3f8a4800
3f7e7000
3f685000
3f523000
3fb68800
3fab7800
3fa06800
3f955800
3f8d0c00
3f81fc00
3f6dd800
3f57b800
3fb94c00
3fae3c00
3fa32c00
3f981c00
3f8fd000
3f84c000
3f736000
3f5d4000
3fbc1000
3fb10000
3fa5f000
3f9ae000
3f929400
3f878400
3f78e800
3f62c800
3fbed400
3fb3c400
3fa8b400
3f9da400
3f955800
3f8a4800
3f7e7000
3f685000
3f523000
3fb68800
3fab7800
3fa06800
3f981c00
3f8d0c00
3f81fc00
3f6dd800
3f57b800
3fbc1000
3fb10000
3fa5f000
3f9da400
3f929400
3f878400
3f78e800
3f62c800
3fbed400
3fb3c400
3fa8b400
3fa06800
3f955800
3f8a4800
3f7e7000
3f685000
3fc19800
3fb68800
3fab7800
3fa32c00
3f981c00
3f8d0c00
3f81fc00
3f6dd800
3f57b800
3fb94c00
3fae3c00
3fa5f000
3f9ae000
3f8fd000
3f84c000
3f736000
3f5d4000
3fbc1000
3fb10000
3fa8b400
3f9da400
3f929400
3f878400
3f78e800
3f62c800
3fbed400
3fb3c400
3fab7800
3fa06800
3f955800
3f8a4800
3f7e7000
3f685000
3fc19800
3fb68800
3fae3c00
3fa32c00
3f981c00
3f8d0c00
3f81fc00
3f6dd800
3f57b800
3fb94c00
3fb10000
3fa5f000
3f9ae000
3f8fd000
3f84c000
3f736000
3f5d4000
3fbed400
3fb68800
3fab7800
3fa06800
3f955800
3f8a4800
3f7e7000
3f685000
3fc19800
3fb94c00
3fae3c00
3fa32c00
3f981c00
3f8d0c00
3f81fc00
3f6dd800
3fc45c00
3fbc1000
3fb10000
3fa5f000
3f9ae000
3f8fd000
3f84c000
3f736000
3f5d4000
3fbed400
3fb3c400
3fa8b400
3f9da400
3f929400
3f878400
3f78e800
3f62c800
3fc19800
3fb68800
3fab7800
3fa06800
3f955800
3f8a4800
3f7e7000
3f685000
3fc45c00
3fb94c00
3fae3c00
3fa32c00
3f981c00
3f8d0c00
3f81fc00
3f6dd800
3f5d4000
3fbc1000
3fb10000
3fa5f000
3f9ae000
3f8fd000
3f84c000
3f736000
3f62c800
3fbed400
3fb3c400
3fa8b400
3f9da400
3f929400
3f878400
3f78e800
3f685000
3fc45c00
3fb94c00
3fae3c00
3fa32c00
3f981c00
3f8d0c00
3f81fc00
3f736000
3fc72000
3fbc1000
3fb10000
3fa5f000
3f9ae000
3f8fd000
3f84c000
3f78e800
3f62c800
3fbed400
3fb3c400
3fa8b400
3f9da400
3f929400
3f878400
3f7e7000
3f685000
3fc19800
3fb68800
3fab7800
3fa06800
3f955800
3f8a4800
3f81fc00
3f6dd800
3fc45c00
3fb94c00
3fae3c00
3fa32c00
3f981c00
3f8d0c00
3f84c000
3f736000
3fc72000
3fbc1000
3fb10000
3fa5f000
3f9ae000
3f8fd000
3f878400
3f78e800
3f62c800
3fbed400
3fb3c400
3fa8b400
3f9da400
3f929400
3f8a4800
3f7e7000
3f685000
3fc19800
3fb68800
3fab7800
3fa06800
3f955800
3f8d0c00
3f81fc00
3f6dd800
3fc72000
3fbc1000
3fb10000
3fa5f000
3f9ae000
3f929400
3f878400
3f78e800
3fc9e400
3fbed400
3fb3c400
3fa8b400
3f9da400
3f955800
3f8a4800
3f7e7000
3f685000
3fc19800
3fb68800
3fab7800
3fa06800
3f981c00
3f8d0c00
3f81fc00
3f6dd800
3fc45c00
3fb94c00
3fae3c00
3fa32c00
3f9ae000
3f8fd000
3f84c000
3f736000
3fc72000
3fbc1000
3fb10000
3fa5f000
3f9da400
3f929400
3f878400
3f78e800
3fc9e400
3fbed400
3fb3c400
3fa8b400
3fa06800
3f955800
3f8a4800
3f7e7000
3f685000
3fc19800
3fb68800
3fab7800
3fa32c00
3f981c00
3f8d0c00
3f81fc00
3f6dd800
3fc45c00
3fb94c00
3fae3c00
3fa5f000
3f9ae000
3f8fd000
3f84c000
3f736000
3fc9e400
3fbed400
3fb3c400
3fab7800
3fa06800
3f955800
3f8a4800
3f7e7000
3fcca800
3fc19800
3fb68800
3fae3c00
3fa32c00
3f981c00
3f8d0c00
3f81fc00
3f6dd800
3fc45c00
3fb94c00
3fb10000
3fa5f000
3f9ae000
3f8fd000
3f84c000
3f736000
3fc72000
3fbc1000
3fb3c400
3fa8b400
3f9da400
3f929400
3f878400
3f78e800
3fc9e400
3fbed400
3fb68800
3fab7800
3fa06800
3f955800
3f8a4800
3f7e7000
3fcca800
3fc19800
3fb94c00
3fae3c00
3fa32c00
3f981c00
3f8d0c00
3f81fc00
3f6dd800
3fc45c00
3fbc1000
3fb10000
3fa5f000
3f9ae000
3f8fd000
3f84c000
3f736000
3fc72000
3fbed400
3fb3c400
3fa8b400
3f9da400
3f929400
3f878400
3f78e800
3fcca800
3fc45c00
3fb94c00
3fae3c00
3fa32c00
3f981c00
3f8d0c00
3f81fc00
3fcf6c00
3fc72000
3fbc1000
3fb10000
3fa5f000
3f9ae000
3f8fd000
3f84c000
3f736000
3fc9e400
3fbed400
3fb3c400
3fa8b400
3f9da400
3f929400
3f878400
3f78e800
3fcca800
3fc19800
3fb68800
3fab7800
3fa06800
3f955800
3f8a4800
3f7e7000
3fcf6c00
3fc45c00
3fb94c00
3fae3c00
3fa32c00
3f981c00
3f8d0c00
3f81fc00
3f736000
3fc72000
3fbc1000
3fb10000
3fa5f000
3f9ae000
3f8fd000
3f84c000
3f78e800
3fc9e400
3fbed400
3fb3c400
3fa8b400
3f9da400
3f929400
3f878400
3f7e7000
3fcca800
3fc19800
3fb68800
3fab7800
3fa06800
3f955800
3f8a4800
3f81fc00
3fd23000
3fc72000
3fbc1000
3fb10000
3fa5f000
3f9ae000
3f8fd000
3f878400
3f78e800
3fc9e400
3fbed400
3fb3c400
3fa8b400
3f9da400
3f929400
3f8a4800
3f7e7000
3fcca800
3fc19800
3fb68800
3fab7800
3fa06800
3f955800
3f8d0c00
3f81fc00
3fcf6c00
3fc45c00
3fb94c00
3fae3c00
3fa32c00
3f981c00
3f8fd000
3f84c000
3fd23000
3fc72000
3fbc1000
3fb10000
3fa5f000
3f9ae000
3f929400
3f878400
3f78e800
3fc9e400
3fbed400
3fb3c400
3fa8b400
3f9da400
3f955800
3f8a4800
3f7e7000
3fcca800
3fc19800
3fb68800
3fab7800
3fa06800
3f981c00
3f8d0c00
3f81fc00
3fcf6c00
3fc45c00
3fb94c00
3fae3c00
3fa32c00
3f9ae000
3f8fd000
3f84c000
3fd4f400
3fc9e400
3fbed400
3fb3c400
3fa8b400
3fa06800
3f955800
3f8a4800
3f7e7000
3fcca800
3fc19800
3fb68800
3fab7800
3fa32c00
3f981c00
3f8d0c00
3f81fc00
3fcf6c00
3fc45c00
3fb94c00
3fae3c00
3fa5f000
3f9ae000
3f8fd000
3f84c000
3fd23000
3fc72000
3fbc1000
3fb10000
3fa8b400
3f9da400
3f929400
3f878400
3fd4f400
3fc9e400
3fbed400
3fb3c400
3fab7800
3fa06800
3f955800
3f8a4800
3f7e7000
3fcca800
3fc19800
3fb68800
3fae3c00
3fa32c00
3f981c00
3f8d0c00
3f81fc00
3fcf6c00
3fc45c00
3fb94c00
3fb10000
3fa5f000
3f9ae000
3f8fd000
3f84c000
3fd23000
3fc72000
3fbc1000
3fb3c400
3fa8b400
3f9da400
3f929400
3f878400
3fd7b800
3fcca800
3fc19800
3fb94c00
3fae3c00
3fa32c00
3f981c00
3f8d0c00
3f81fc00
3fcf6c00
3fc45c00
3fbc1000
3fb10000
3fa5f000
3f9ae000
3f8fd000
3f84c000
3fd23000
3fc72000
3fbed400
3fb3c400
3fa8b400
3f9da400
3f929400
3f878400
3fd4f400
3fc9e400
3fc19800
3fb68800
3fab7800
3fa06800
3f955800
3f8a4800
3fd7b800
3fcca800
3fc45c00
3fb94c00
3fae3c00
3fa32c00
3f981c00
3f8d0c00
3f81fc00
3fcf6c00
3fc72000
3fbc1000
3fb10000
3fa5f000
3f9ae000
3f8fd000
3f84c000
3fd23000
3fc9e400
3fbed400
3fb3c400
3fa8b400
3f9da400
3f929400
3f878400
3fd4f400
3fcca800
3fc19800
3fb68800
3fab7800
3fa06800
3f955800
3f8a4800
3fda7c00
3fd23000
3fc72000
3fbc1000
3fb10000
3fa5f000
3f9ae000
3f8fd000
3f84c000
3fd4f400
3fc9e400
3fbed400
3fb3c400
3fa8b400
3f9da400
3f929400
3f878400
3fd7b800
3fcca800
3fc19800
3fb68800
3fab7800
3fa06800
3f955800
3f8a4800
3fda7c00
3fcf6c00
3fc45c00
3fb94c00
3fae3c00
3fa32c00
3f981c00
3f8d0c00
3f84c000
3fd23000
3fc72000
3fbc1000
3fb10000
3fa5f000
3f9ae000
3f8fd000
3f878400
3fd4f400
3fc9e400
3fbed400
3fb3c400
3fa8b400
3f9da400
3f929400
3f8a4800
3fd7b800
3fcca800
3fc19800
3fb68800
3fab7800
3fa06800
3f955800
3f8d0c00
3fda7c00
3fcf6c00
3fc45c00
3fb94c00
3fae3c00
3fa32c00
3f981c00
3f8fd000
3f84c000
3f78e800
3f62c800
3f4ca800
3f368800
3f206800
3f0a4800
3ef36000
3ec72000
3f7e7000
3f685000
3f523000
3f3c1000
3f25f000
3f0fd000
3efe7000
3ed23000
3f81fc00
3f6dd800
3f57b800
3f419800
3f2b7800
3f155800
3f04c000
3edd4000
3f84c000
3f736000
3f5d4000
3f472000
3f310000
3f1ae000
3f0a4800
3ee85000
3ebc1000
3f78e800
3f62c800
3f4ca800
3f368800
3f206800
3f0fd000
3ef36000
3ec72000
3f7e7000
3f685000
3f523000
3f3c1000
3f25f000
3f155800
3efe7000
3ed23000
3f81fc00
3f6dd800
3f57b800
3f419800
3f2b7800
3f1ae000
3f04c000
3edd4000
3f84c000
3f736000
3f5d4000
3f472000
3f310000
3f206800
3f0a4800
3ee85000
3ebc1000
3f7e7000
3f685000
3f523000
3f3c1000
3f2b7800
3f155800
3efe7000
3ed23000
3f81fc00
3f6dd800
3f57b800
3f419800
3f310000
3f1ae000
3f04c000
3edd4000
3f84c000
3f736000
3f5d4000
3f472000
3f368800
3f206800
3f0a4800
3ee85000
3f878400
3f78e800
3f62c800
3f4ca800
3f3c1000
3f25f000
3f0fd000
3ef36000
3ec72000
3f7e7000
3f685000
3f523000
3f419800
3f2b7800
3f155800
3efe7000
3ed23000
3f81fc00
3f6dd800
3f57b800
3f472000
3f310000
3f1ae000
3f04c000
3edd4000
3f84c000
3f736000
3f5d4000
3f4ca800
3f368800
3f206800
3f0a4800
3ee85000
3f878400
3f78e800
3f62c800
3f523000
3f3c1000
3f25f000
3f0fd000
3ef36000
3ec72000
3f81fc00
3f6dd800
3f5d4000
3f472000
3f310000
3f1ae000
3f04c000
3edd4000
3f84c000
3f736000
3f62c800
3f4ca800
3f368800
3f206800
3f0a4800
3ee85000
3f878400
3f78e800
3f685000
3f523000
3f3c1000
3f25f000
3f0fd000
3ef36000
3f8a4800
3f7e7000
3f6dd800
3f57b800
3f419800
3f2b7800
3f155800
3efe7000
3ed23000
3f81fc00
3f736000
3f5d4000
3f472000
3f310000
3f1ae000
3f04c000
3edd4000
3f84c000
3f78e800
3f62c800
3f4ca800
3f368800
3f206800
3f0a4800
3ee85000
3f878400
3f7e7000
3f685000
3f523000
3f3c1000
3f25f000
3f0fd000
3ef36000
3f8a4800
3f81fc00
3f6dd800
3f57b800
3f419800
3f2b7800
3f155800
3efe7000
3ed23000
3f878400
3f78e800
3f62c800
3f4ca800
3f368800
3f206800
3f0a4800
3ee85000
3f8a4800
3f7e7000
3f685000
3f523000
3f3c1000
3f25f000
3f0fd000
3ef36000
3f8d0c00
3f81fc00
3f6dd800
3f57b800
3f419800
3f2b7800
3f155800
3efe7000
3edd4000
3f84c000
3f736000
3f5d4000
3f472000
3f310000
3f1ae000
3f04c000
3ee85000
3f878400
3f78e800
3f62c800
3f4ca800
3f368800
3f206800
3f0a4800
3ef36000
3f8a4800
3f7e7000
3f685000
3f523000
3f3c1000
3f25f000
3f0fd000
3efe7000
3f8d0c00
3f81fc00
3f6dd800
3f57b800
3f419800
3f2b7800
3f155800
3f04c000
3edd4000
3f84c000
3f736000
3f5d4000
3f472000
3f310000
3f1ae000
3f0a4800
3ee85000
3f8a4800
3f7e7000
3f685000
3f523000
3f3c1000
3f25f000
3f155800
3efe7000
3f8d0c00
3f81fc00
3f6dd800
3f57b800
3f419800
3f2b7800
3f1ae000
3f04c000
3f8fd000
3f84c000
3f736000
3f5d4000
3f472000
3f310000
3f206800
3f0a4800
3ee85000
3f878400
3f78e800
3f62c800
3f4ca800
3f368800
3f25f000
3f0fd000
3ef36000
3f8a4800
3f7e7000
3f685000
3f523000
3f3c1000
3f2b7800
3f155800
3efe7000
3f8d0c00
3f81fc00
3f6dd800
3f57b800
3f419800
3f310000
3f1ae000
3f04c000
3f8fd000
3f84c000
3f736000
3f5d4000
3f472000
3f368800
3f206800
3f0a4800
3ee85000
3f878400
3f78e800
3f62c800
3f4ca800
3f3c1000
3f25f000
3f0fd000
3ef36000
3f8d0c00
3f81fc00
3f6dd800
3f57b800
3f472000
3f310000
3f1ae000
3f04c000
3f8fd000
3f84c000
3f736000
3f5d4000
3f4ca800
3f368800
3f206800
3f0a4800
3f929400
3f878400
3f78e800
3f62c800
3f523000
3f3c1000
3f25f000
3f0fd000
3ef36000
3f8a4800
3f7e7000
3f685000
3f57b800
3f419800
3f2b7800
3f155800
3efe7000
3f8d0c00
3f81fc00
3f6dd800
3f5d4000
3f472000
3f310000
3f1ae000
3f04c000
3f8fd000
3f84c000
3f736000
3f62c800
3f4ca800
3f368800
3f206800
3f0a4800
3f929400
3f878400
3f78e800
3f685000
3f523000
3f3c1000
3f25f000
3f0fd000
3ef36000
3f8a4800
3f7e7000
3f6dd800
3f57b800
3f419800
3f2b7800
3f155800
3efe7000
3f8fd000
3f84c000
3f78e800
3f62c800
3f4ca800
3f368800
3f206800
3f0a4800
3f929400
3f878400
3f7e7000
3f685000
3f523000
3f3c1000
3f25f000
3f0fd000
3f955800
3f8a4800
3f81fc00
3f6dd800
3f57b800
3f419800
3f2b7800
3f155800
3efe7000
3f8d0c00
3f84c000
3f736000
3f5d4000
3f472000
3f310000
3f1ae000
3f04c000
3f8fd000
3f878400
3f78e800
3f62c800
3f4ca800
3f368800
3f206800
3f0a4800
3f929400
3f8a4800
3f7e7000
3f685000
3f523000
3f3c1000
3f25f000
3f0fd000
3f955800
3f8d0c00
3f81fc00
3f6dd800
3f57b800
3f419800
3f2b7800
3f155800
3efe7000
3f8fd000
3f84c000
3f736000
3f5d4000
3f472000
3f310000
3f1ae000
3f04c000
3f955800
3f8a4800
3f7e7000
3f685000
3f523000
3f3c1000
3f25f000
3f0fd000
3f981c00
3f8d0c00
3f81fc00
3f6dd800
3f57b800
3f419800
3f2b7800
3f155800
3f04c000
3f8fd000
3f84c000
3f736000
3f5d4000
3f472000
3f310000
3f1ae000
3f0a4800
3f929400
3f878400
3f78e800
3f62c800
3f4ca800
3f368800
3f206800
3f0fd000
3f955800
3f8a4800
3f7e7000
3f685000
3f523000
3f3c1000
3f25f000
3f155800
3f981c00
3f8d0c00
3f81fc00
3f6dd800
3f57b800
3f419800
3f2b7800
3f1ae000
3f04c000
3f8fd000
3f84c000
3f736000
3f5d4000
3f472000
3f310000
3f206800
3f0a4800
3f929400
3f878400
3f78e800
3f62c800
3f4ca800
3f368800
3f25f000
3f0fd000
3f981c00
3f8d0c00
3f81fc00
3f6dd800
3f57b800
3f419800
3f310000
3f1ae000
3f9ae000
3f8fd000
3f84c000
3f736000
3f5d4000
3f472000
3f368800
3f206800
3f0a4800
3f929400
3f878400
3f78e800
3f62c800
3f4ca800
3f3c1000
3f25f000
3f0fd000
3f955800
3f8a4800
3f7e7000
3f685000
3f523000
3f419800
3f2b7800
3f155800
3f981c00
3f8d0c00
3f81fc00
3f6dd800
3f57b800
3f472000
3f310000
3f1ae000
3f9ae000
3f8fd000
3f84c000
3f736000
3f5d4000
3f4ca800
3f368800
3f206800
3f0a4800
3f929400
3f878400
3f78e800
3f62c800
3f523000
3f3c1000
3f25f000
3f0fd000
3f955800
3f8a4800
3f7e7000
3f685000
3f57b800
3f419800
3f2b7800
3f155800
3f9ae000
3f8fd000
3f84c000
3f736000
3f62c800
3f4ca800
3f368800
3f206800
3f9da400
3f929400
3f878400
3f78e800
3f685000
3f523000
3f3c1000
3f25f000
3f0fd000
3f955800
3f8a4800
3f7e7000
3f6dd800
3f57b800
3f419800
3f2b7800
3f155800
3f981c00
3f8d0c00
3f81fc00
3f736000
3f5d4000
3f472000
3f310000
3f1ae000
3f9ae000
3f8fd000
3f84c000
3f78e800
3f62c800
3f4ca800
3f368800
3f206800
3f9da400
3f929400
3f878400
3f7e7000
3f685000
3f523000
3f3c1000
3f25f000
3f0fd000
3f955800
3f8a4800
3f81fc00
3f6dd800
3f57b800
3f419800
3f2b7800
3f155800
3f981c00
3f8d0c00
3f84c000
3f736000
3f5d4000
3f472000
3f310000
3f1ae000
3f9da400
3f929400
3f8a4800
3f7e7000
3f685000
3f523000
3f3c1000
3f25f000
3fa06800
3f955800
3f8d0c00
3f81fc00
3f6dd800
3f57b800
3f419800
3f2b7800
3f155800
3f981c00
3f8fd000
3f84c000
3f736000
3f5d4000
3f472000
3f310000
3f1ae000
3f9ae000
3f929400
3f878400
3f78e800
3f62c800
3f4ca800
3f368800
3f206800
3f9da400
3f955800
3f8a4800
3f7e7000
3f685000
3f523000
3f3c1000
3f25f000
3fa06800
3f981c00
3f8d0c00
3f81fc00
3f6dd800
3f57b800
3f419800
3f2b7800
3f155800
3f9ae000
3f8fd000
3f84c000
3f736000
3f5d4000
3f472000
3f310000
3f1ae000
3f9da400
3f929400
3f878400
3f78e800
3f62c800
3f4ca800
3f368800
3f206800
3fa32c00
3f981c00
3f8d0c00
3f81fc00
3f6dd800
3f57b800
3f419800
3f2b7800
3f1ae000
3f9ae000
3f8fd000
3f84c000
3f736000
3f5d4000
3f472000
3f310000
3f206800
3f9da400
3f929400
3f878400
3f78e800
3f62c800
3f4ca800
3f368800
3f25f000
3fa06800
3f955800
3f8a4800
3f7e7000
3f685000
3f523000
3f3c1000
3f2b7800
3fa32c00
3f981c00
3f8d0c00
3f81fc00
3f6dd800
3f57b800
3f419800
3f310000
3f1ae000
3f9ae000
3f8fd000
3f84c000
3f736000
3f5d4000
3f472000
3f368800
3f206800
3f9da400
3f929400
3f878400
3f78e800
3f62c800
3f4ca800
3f3c1000
3f25f000
3fa06800
3f955800
3f8a4800
3f7e7000
3f685000
3f523000
3f419800
3f2b7800
3fa5f000
3f9ae000
3f8fd000
3f84c000
3f736000
3f5d4000
3f4ca800
3f368800
3f206800
3f9da400
3f929400
3f878400
3f78e800
3f62c800
3f523000
3f3c1000
3f25f000
3fa06800
3f955800
3f8a4800
3f7e7000
3f685000
3f57b800
3f419800
3f2b7800
3fa32c00
3f981c00
3f8d0c00
3f81fc00
3f6dd800
3f5d4000
3f472000
3f310000
3fa5f000
3f9ae000
3f8fd000
3f84c000
3f736000
3f62c800
3f4ca800
3f368800
3f206800
3f9da400
3f929400
3f878400
3f78e800
3f685000
3f523000
3f3c1000
3f25f000
3fa06800
3f955800
3f8a4800
3f7e7000
3f6dd800
3f57b800
3f419800
3f2b7800
3fa32c00
3f981c00
3f8d0c00
3f81fc00
3f736000
3f5d4000
3f472000
3f310000
3fa8b400
3f9da400
3f929400
3f878400
3f7e7000
3f685000
3f523000
3f3c1000
3f25f000
3fa06800
3f955800
3f8a4800
3f81fc00
3f6dd800
3f57b800
3f419800
3f2b7800
3fa32c00
3f981c00
3f8d0c00
3f84c000
3f736000
3f5d4000
3f472000
3f310000
3fa5f000
3f9ae000
3f8fd000
3f878400
3f78e800
3f62c800
3f4ca800
3f368800
3fa8b400
3f9da400
3f929400
3f8a4800
3f7e7000
3f685000
3f523000
3f3c1000
3f25f000
3fa06800
3f955800
3f8d0c00
3f81fc00
3f6dd800
3f57b800
3f419800
3f2b7800
3fa32c00
3f981c00
3f8fd000
3f84c000
3f736000
3f5d4000
3f472000
3f310000
3fa5f000
3f9ae000
3f929400
3f878400
3f78e800
3f62c800
3f4ca800
3f368800
3fab7800
3fa06800
3f981c00
3f8d0c00
3f81fc00
3f6dd800
3f57b800
3f419800
3f2b7800
3fa32c00
3f9ae000
3f8fd000
3f84c000
3f736000
3f5d4000
3f472000
3f310000
3fa5f000
3f9da400
3f929400
3f878400
3f78e800
3f62c800
3f4ca800
3f368800
3fa8b400
3fa06800
3f955800
3f8a4800
3f7e7000
3f685000
3f523000
3f3c1000
3fab7800
3fa32c00
3f981c00
3f8d0c00
3f81fc00
3f6dd800
3f57b800
3f419800
3f2b7800
3fa5f000
3f9ae000
3f8fd000
3f84c000
3f736000
3f5d4000
3f472000
3f310000
3fa8b400
3f9da400
3f929400
3f878400
3f78e800
3f62c800
3f4ca800
3f368800
3fab7800
3fa06800
3f955800
3f8a4800
3f7e7000
3f685000
3f523000
3f3c1000
3f2b7800
3fa5f000
3f9ae000
3f8fd000
3f84c000
3f736000
3f5d4000
3f472000
3f368800
3fa8b400
3f9da400
3f929400
3f878400
3f78e800
3f62c800
3f4ca800
3f3c1000
3fab7800
3fa06800
3f955800
3f8a4800
3f7e7000
3f685000
3f523000
3f419800
3fae3c00
3fa32c00
3f981c00
3f8d0c00
3f81fc00
3f6dd800
3f57b800
3f472000
3f310000
3fa5f000
3f9ae000
3f8fd000
3f84c000
3f736000
3f5d4000
3f4ca800
3f368800
3fa8b400
3f9da400
3f929400
3f878400
3f78e800
3f62c800
3f523000
3f3c1000
3fab7800
3fa06800
3f955800
3f8a4800
3f7e7000
3f685000
3f57b800
3f419800
3fae3c00
3fa32c00
3f981c00
3f8d0c00
3f81fc00
3f6dd800
3f5d4000
3f472000
3f310000
3fa8b400
3f9da400
3f929400
3f878400
3f78e800
3f685000
3f523000
3f3c1000
3fab7800
3fa06800
3f955800
3f8a4800
3f7e7000
3f6dd800
3f57b800
3f419800
3fae3c00
3fa32c00
3f981c00
3f8d0c00
3f81fc00
3f736000
3f5d4000
3f472000
3fb10000
3fa5f000
3f9ae000
3f8fd000
3f84c000
3f78e800
3f62c800
3f4ca800
3f368800
3fa8b400
3f9da400
3f929400
3f878400
3f7e7000
3f685000
3f523000
3f3c1000
3fab7800
3fa06800
3f955800
3f8a4800
3f81fc00
3f6dd800
3f57b800
3f419800
3fae3c00
3fa32c00
3f981c00
3f8d0c00
3f84c000
3f736000
3f5d4000
3f472000
3fb10000
3fa5f000
3f9ae000
3f8fd000
3f878400
3f78e800
3f62c800
3f4ca800
3f368800
3fab7800
3fa06800
3f955800
3f8d0c00
3f81fc00
3f6dd800
3f57b800
3f419800
3fae3c00
3fa32c00
3f981c00
3f8fd000
3f84c000
3f736000
3f5d4000
3f472000
3fb10000
3fa5f000
3f9ae000
3f929400
3f878400
3f78e800
3f62c800
3f4ca800
3fb3c400
3fa8b400
3f9da400
3f955800
3f8a4800
3f7e7000
3f685000
3f523000
3f3c1000
3fab7800
3fa06800
3f981c00
3f8d0c00
3f81fc00
3f6dd800
3f57b800
3f419800
3fae3c00
3fa32c00
3f9ae000
3f8fd000
3f84c000
3f736000
3f5d4000
3f472000
3fb10000
3fa5f000
3f9da400
3f929400
3f878400
3f78e800
3f62c800
3f4ca800
3fb3c400
3fa8b400
3fa06800
3f955800
3f8a4800
3f7e7000
3f685000
3f523000
3f3c1000
3fae3c00
3fa5f000
3f9ae000
3f8fd000
3f84c000
3f736000
3f5d4000
3f472000
3fb10000
3fa8b400
3f9da400
3f929400
3f878400
3f78e800
3f62c800
3f4ca800
3fb3c400
3fab7800
3fa06800
3f955800
3f8a4800
3f7e7000
3f685000
3f523000
3fb68800
3fae3c00
3fa32c00
3f981c00
3f8d0c00
3f81fc00
3f6dd800
3f57b800
3f419800
3fb10000
3fa5f000
3f9ae000
3f8fd000
3f84c000
3f736000
3f5d4000
3f472000
3fb3c400
3fa8b400
3f9da400
3f929400
3f878400
3f78e800
3f62c800
3f4ca800
3fb68800
3fab7800
3fa06800
3f955800
3f8a4800
3f7e7000
3f685000
3f523000
3f419800
3fae3c00
3fa32c00
3f981c00
3f8d0c00
3f81fc00
3f6dd800
3f57b800
3f472000
3fb3c400
3fa8b400
3f9da400
3f929400
3f878400
3f78e800
3f62c800
3f523000
3fb68800
3fab7800
3fa06800
3f955800
3f8a4800
3f7e7000
3f685000
3f57b800
3fb94c00
3fae3c00
3fa32c00
3f981c00
3f8d0c00
3f81fc00
3f6dd800
3f5d4000
3f472000
3fb10000
3fa5f000
3f9ae000
3f8fd000
3f84c000
3f736000
3f62c800
3f4ca800
3fb3c400
3fa8b400
3f9da400
3f929400
3f878400
3f78e800
3f685000
3f523000
3fb68800
3fab7800
3fa06800
3f955800
3f8a4800
3f7e7000
3f6dd800
3f57b800
3fb94c00
3fae3c00
3fa32c00
3f981c00
3f8d0c00
3f81fc00
3f736000
3f5d4000
3f472000
3fb10000
3fa5f000
3f9ae000
3f8fd000
3f84c000
3f78e800
3f62c800
3f4ca800
3fb68800
3fab7800
3fa06800
3f955800
3f8a4800
3f81fc00
3f6dd800
3f57b800
3fb94c00
3fae3c00
3fa32c00
3f981c00
3f8d0c00
3f84c000
3f736000
3f5d4000
3fbc1000
3fb10000
3fa5f000
3f9ae000
3f8fd000
3f878400
3f78e800
3f62c800
3f4ca800
3fb3c400
3fa8b400
3f9da400
3f929400
3f8a4800
3f7e7000
3f685000
3f523000
3fb68800
3fab7800
3fa06800
3f955800
3f8d0c00
3f81fc00
3f6dd800
3f57b800
3fb94c00
3fae3c00
3fa32c00
3f981c00
3f8fd000
3f84c000
3f736000
3f5d4000
3fbc1000
3fb10000
3fa5f000
3f9ae000
3f929400
3f878400
3f78e800
3f62c800
3f4ca800
3fb3c400
3fa8b400
3f9da400
3f955800
3f8a4800
3f7e7000
3f685000
3f523000
3fb94c00
3fae3c00
3fa32c00
3f9ae000
3f8fd000
3f84c000
3f736000
3f5d4000
3fbc1000
3fb10000
3fa5f000
3f9da400
3f929400
3f878400
3f78e800
3f62c800
3fbed400
3fb3c400
3fa8b400
3fa06800
3f955800
3f8a4800
3f7e7000
3f685000
3f523000
3fb68800
3fab7800
3fa32c00
3f981c00
3f8d0c00
3f81fc00
3f6dd800
3f57b800
3fb94c00
3fae3c00
3fa5f000
3f9ae000
3f8fd000
3f84c000
3f736000
3f5d4000
3fbc1000
3fb10000
3fa8b400
3f9da400
3f929400
3f878400
3f78e800
3f62c800
3fbed400
3fb3c400
3fab7800
3fa06800
3f955800
3f8a4800
3f7e7000
3f685000
3f523000
3fb68800
3fae3c00
3fa32c00
3f981c00
3f8d0c00
3f81fc00
3f6dd800
3f57b800
3fbc1000
3fb3c400
3fa8b400
3f9da400
3f929400
3f878400
3f78e800
3f62c800
3fbed400
3fb68800
3fab7800
3fa06800
3f955800
3f8a4800
3f7e7000
3f685000
3fc19800
3fb94c00
3fae3c00
3fa32c00
3f981c00
3f8d0c00
3f81fc00
3f6dd800
3f57b800
3fbc1000
3fb10000
3fa5f000
3f9ae000
3f8fd000
3f84c000
3f736000
3f5d4000
3fbed400
3fb3c400
3fa8b400
3f9da400
3f929400
3f878400
3f78e800
3f62c800
3fc19800
3fb68800
3fab7800
3fa06800
3f955800
3f8a4800
3f7e7000
3f685000
3f57b800
3fb94c00
3fae3c00
3fa32c00
3f981c00
3f8d0c00
3f81fc00
3f6dd800
3f5d4000
3fbc1000
3fb10000
3fa5f000
3f9ae000
3f8fd000
3f84c000
3f736000
3f62c800
3fc19800
3fb68800
3fab7800
3fa06800
3f955800
3f8a4800
3f7e7000
3f6dd800
3fc45c00
3fb94c00
3fae3c00
3fa32c00
3f981c00
3f8d0c00
3f81fc00
3f736000
3f5d4000
3fbc1000
3fb10000
3fa5f000
3f9ae000
3f8fd000
3f84c000
3f78e800
3f62c800
3fbed400
3fb3c400
3fa8b400
3f9da400
3f929400
3f878400
3f7e7000
3f685000
3fc19800
3fb68800
3fab7800
3fa06800
3f955800
3f8a4800
3f81fc00
3f6dd800
3fc45c00
3fb94c00
3fae3c00
3fa32c00
3f981c00
3f8d0c00
3f84c000
3f736000
3f5d4000
3fbc1000
3fb10000
3fa5f000
3f9ae000
3f8fd000
3f878400
3f78e800
3f62c800
3fbed400
3fb3c400
3fa8b400
3f9da400
3f929400
3f8a4800
3f7e7000
3f685000
3fc45c00
3fb94c00
3fae3c00
3fa32c00
3f981c00
3f8fd000
3f84c000
3f736000
3fc72000
3fbc1000
3fb10000
3fa5f000
3f9ae000
3f929400
3f878400
3f78e800
3f62c800
3fbed400
3fb3c400
3fa8b400
3f9da400
3f955800
3f8a4800
3f7e7000
3f685000
3fc19800
3fb68800
3fab7800
3fa06800
3f981c00
3f8d0c00
3f81fc00
3f6dd800
3fc45c00
3fb94c00
3fae3c00
3fa32c00
3f9ae000
3f8fd000
3f84c000
3f736000
3fc72000
3fbc1000
3fb10000
3fa5f000
3f9da400
3f929400
3f878400
3f78e800
3f62c800
3fbed400
3fb3c400
3fa8b400
3fa06800
3f955800
3f8a4800
3f7e7000
3f685000
3fc19800
3fb68800
3fab7800
3fa32c00
3f981c00
3f8d0c00
3f81fc00
3f6dd800
3fc72000
3fbc1000
3fb10000
3fa8b400
3f9da400
3f929400
3f878400
3f78e800
3fc9e400
3fbed400
3fb3c400
3fab7800
3fa06800
3f955800
3f8a4800
3f7e7000
3f685000
3fc19800
3fb68800
3fae3c00
3fa32c00
3f981c00
3f8d0c00
3f81fc00
3f6dd800
3fc45c00
3fb94c00
3fb10000
3fa5f000
3f9ae000
3f8fd000
3f84c000
3f736000
3fc72000
3fbc1000
3fb3c400
3fa8b400
3f9da400
3f929400
3f878400
3f78e800
3fc9e400
3fbed400
3fb68800
3fab7800
3fa06800
3f955800
3f8a4800
3f7e7000
3f685000
3fc19800
3fb94c00
3fae3c00
3fa32c00
3f981c00
3f8d0c00
3f81fc00
3f6dd800
3fc45c00
3fbc1000
3fb10000
3fa5f000
3f9ae000
3f8fd000
3f84c000
3f736000
3fc9e400
3fc19800
3fb68800
3fab7800
3fa06800
3f955800
3f8a4800
3f7e7000
3fcca800
3fc45c00
3fb94c00
3fae3c00
3fa32c00
3f981c00
3f8d0c00
3f81fc00
3f6dd800
3fc72000
3fbc1000
3fb10000
3fa5f000
3f9ae000
3f8fd000
3f84c000
3f736000
3fc9e400
3fbed400
3fb3c400
3fa8b400
3f9da400
3f929400
3f878400
3f78e800
3fcca800
3fc19800
3fb68800
3fab7800
3fa06800
3f955800
3f8a4800
3f7e7000
3f6dd800
3fc45c00
3fb94c00
3fae3c00
3fa32c00
3f981c00
3f8d0c00
3f81fc00
3f736000
3fc72000
3fbc1000
3fb10000
3fa5f000
3f9ae000
3f8fd000
3f84c000
3f78e800
3fc9e400
3fbed400
3fb3c400
3fa8b400
3f9da400
3f929400
3f878400
3f7e7000
3fcf6c00
3fc45c00
3fb94c00
3fae3c00
3fa32c00
3f981c00
3f8d0c00
3f84c000
3f736000
3fc72000
3fbc1000
3fb10000
3fa5f000
3f9ae000
3f8fd000
3f878400
3f78e800
3fc9e400
3fbed400
3fb3c400
3fa8b400
3f9da400
3f929400
3f8a4800
3f7e7000
3fcca800
3fc19800
3fb68800
3fab7800
3fa06800
3f955800
3f8d0c00
3f81fc00
3fcf6c00
3fc45c00
3fb94c00
3fae3c00
3fa32c00
3f981c00
3f8fd000
3f84c000
3f736000
3fc72000
3fbc1000
3fb10000
3fa5f000
3f9ae000
3f929400
3f878400
3f78e800
3fc9e400
3fbed400
3fb3c400
3fa8b400
3f9da400
3f955800
3f8a4800
3f7e7000
3fcca800
3fc19800
3fb68800
3fab7800
3fa06800
3f981c00
3f8d0c00
3f81fc00
3fd23000
3fc72000
3fbc1000
3fb10000
3fa5f000
3f9da400
3f929400
3f878400
3f78e800
3fc9e400
3fbed400
3fb3c400
3fa8b400
3fa06800
3f955800
3f8a4800
3f7e7000
3fcca800
3fc19800
3fb68800
3fab7800
3fa32c00
3f981c00
3f8d0c00
3f81fc00
3fcf6c00
3fc45c00
3fb94c00
3fae3c00
3fa5f000
3f9ae000
3f8fd000
3f84c000
3fd23000
3fc72000
3fbc1000
3fb10000
3fa8b400
3f9da400
3f929400
3f878400
3f78e800
3fc9e400
3fbed400
3fb3c400
3fab7800
3fa06800
3f955800
3f8a4800
3f7e7000
3fcca800
3fc19800
3fb68800
3fae3c00
3fa32c00
3f981c00
3f8d0c00
3f81fc00
3fcf6c00
3fc45c00
3fb94c00
3fb10000
3fa5f000
3f9ae000
3f8fd000
3f84c000
3fd4f400
3fc9e400
3fbed400
3fb68800
3fab7800
3fa06800
3f955800
3f8a4800
3f7e7000
3fcca800
3fc19800
3fb94c00
3fae3c00
3fa32c00
3f981c00
3f8d0c00
3f81fc00
3fcf6c00
3fc45c00
3fbc1000
3fb10000
3fa5f000
3f9ae000
3f8fd000
3f84c000
3fd23000
3fc72000
3fbed400
3fb3c400
3fa8b400
3f9da400
3f929400
3f878400
3fd4f400
3fc9e400
3fc19800
3fb68800
3fab7800
3fa06800
3f955800
3f8a4800
3f7e7000
3fcca800
3fc45c00
3fb94c00
3fae3c00
3fa32c00
3f981c00
3f8d0c00
3f81fc00
3fcf6c00
3fc72000
3fbc1000
3fb10000
3fa5f000
3f9ae000
3f8fd000
3f84c000
3fd23000
3fc9e400
3fbed400
3fb3c400
3fa8b400
3f9da400
3f929400
3f878400
3fd7b800
3fcf6c00
3fc45c00
3fb94c00
3fae3c00
3fa32c00
3f981c00
3f8d0c00
3f81fc00
3fd23000
3fc72000
3fbc1000
3fb10000
3fa5f000
3f9ae000
3f8fd000
3f84c000
3fd4f400
3fc9e400
3fbed400
3fb3c400
3fa8b400
3f9da400
3f929400
3f878400
3fd7b800
3fcca800
3fc19800
3fb68800
3fab7800
3fa06800
3f955800
3f8a4800
3f81fc00
3fcf6c00
3fc45c00
3fb94c00
3fae3c00
3fa32c00
3f981c00
3f8d0c00
3f84c000
3fd23000
3fc72000
3fbc1000
3fb10000
3fa5f000
3f9ae000
3f8fd000
3f878400
3fd4f400
3fc9e400
3fbed400
3fb3c400
3fa8b400
3f9da400
3f929400
3f8a4800
3fd7b800
3fcca800
3fc19800
3fb68800
3fab7800
3fa06800
3f955800
3f8d0c00
3f81fc00
3fd23000
3fc72000
3fbc1000
3fb10000
3fa5f000
3f9ae000
3f929400
3f878400
3fd4f400
3fc9e400
3fbed400
3fb3c400
3fa8b400
3f9da400
3f955800
3f8a4800
3fd7b800
3fcca800
3fc19800
3fb68800
3fab7800
3fa06800
3f981c00
3f8d0c00
3fda7c00
3fcf6c00
3fc45c00
3fb94c00
3fae3c00
3fa32c00
3f9ae000
3f8fd000
3f84c000
3fd23000
3fc72000
3fbc1000
3fb10000
3fa5f000
3f9da400
3f929400
3f878400
3fd4f400
3fc9e400
3fbed400
3fb3c400
3fa8b400
3fa06800
3f955800
3f8a4800
3fd7b800
3fcca800
3fc19800
3fb68800
3fab7800
3fa32c00
3f981c00
3f8d0c00
3fda7c00
3fcf6c00
3fc45c00
3fb94c00
3fae3c00
3fa5f000
3f9ae000
3f8fd000
3f84c000
40472000
4481fc00
cb8a4800
3fa06800
39736000
44f8e800
4fb68800
bc472000
43929400
4e3c1000
b9155800
b904c000
c1a32c00
2f0fd000
439ae000
36929400
b95d4000
3abed400
48129400
4d3c1000
bd929400
44e2c800
ca5d4000
bc981c00
48310000
418a4800
458fd000
bfb94c00
43ae3c00
cbd7b800
c184c000
3b04c000
3c6dd800
c5929400
cc25f000
c3edd800
37a06800
45a06800
b70fd000
b201fc00
c9da7c00
b7736000
b7078400
b1e2c800
334ca800
c3445c00
3781fc00
3e419800
c83c1000
be9ae000
47dd4000
c501fc00
37e2c800
4c206800
c3445c00
c601fc00
ba57b800
c66dd800
bd472000
48206800
3e7e7000
41078400
37e2c800
46368800
438d0c00
46b3c400
b8b68800
c60fd000
b6bed400
b7419800
477e7000
42310000
46129400
bea06800
3c155800
b62e3c00
ba62c800
3fa06800
b478e800
ba981c00
c3edd800
4c3c1000
33b10000
3d155800
4d8a4800
cc981c00
bca06800
c025f000
404ca800
4ce2c800
43155800
4325f000
3db10000
bf419800
364ca800
4a5d4000
39a06800
b7f8e800
bfae3c00
c3e2c800
c6f36000
b601fc00
41955800
4b78e800
48dd4000
3b206800
352b7800
be0fd000
b8a32c00
b8981c00
44368800
cb0fd000
bfedd800
3f955800
44a06800
c49ae000
cafe7000
c6bc1000
c6b68800
4ae2c800
481da400
b7955800
c433c400
3d310000
307e7000
bc2e3c00
c1155800
418a4800
3add4000
be0d0c00
ca929400
b72b7800
b69ae000
47ae3c00
c23c1000
473ed400
c7b10000
378d0c00
43a06800
ba419800
b928b400
42368800
40419800
43685000
ca62c800
44d7b800
3c523000
c5c19800
3c84c000
c2685000
c7955800
36f8e800
bda06800
ceab7800
c08d0c00
c0ab7800
36bc1000
3ea5f000
44d23000
38b10000
3ccca800
baae3c00
3881fc00
38dd4000
4abc1000
358a4800
3a0fd000
328d0c00
40078400
bf078400
c7e2c800
b9955800
b7445c00
45981c00
bbab7800
b4dd4000
3fb10000
4abc1000
be0a4800
b4a5f000
3a5d4000
36e85000
af929400
4d81fc00
b9368800
3add4000
bcf36000
bcf36000
40a5f000
c7d7b800
32cf6c00
bd78e800
47b68800
34419800
43878400
4da06800
43419800
bc84c000
3a7e7000
be0fd000
42ae3c00
ca28b400
40523000
bb5d4000
3ea06800
3f84c000
4225f000
ccc9e400
3eedd800
bb232c00
cfd7b800
44b10000
c24f6c00
bd25f000
4b81fc00
4584c000
c5472000
bfbc1000
3c368800
385d4000
42c72000
47929400
398a4800
ca04c000
bb28b400
bc368800
b7e85000
37929400
c6929400
49e2c800
36e85000
c24ca800
bc6dd800
45685000
3b62c800
391da400
b6a32c00
3aa5f000
3d01fc00
ba0fd000
bc28b400
c0ab7800
3ca06800
b2078400
c0f8e800
431ae000
bd01fc00
b9419800
c4fe7000
baa06800
47736000
45bed400
c0155800
c033c400
398d0c00
bf9da400
b9419800
37dd4000
ba57b800
438fd000
bb49e400
bdb10000
3c878400
b23c1000
bec9e400
3c04c000
bef8e800
b6d7b800
c378e800
cbae3c00
b301fc00
470a4800
bba06800
bd3ed400
38d7b800
4657b800
4e981c00
3a25f000
c057b800
ba310000
bb5d4000
ca232c00
41981c00
4e0a4800
40cf6c00
3efe7000
beb10000
bd155800
471da400
bad7b800
c36dd800
b8f36000
c4c19800
3cfe7000
4eab7800
501ae000
bb155800
4862c800
3c8a4800
409ae000
3c955800
c928b400
3c3c1000
bd310000
4262c800
3c04c000
4201fc00
b5419800
3528b400
cdedd800
bb155800
387e7000
be3c1000
c2368800
c28a4800
3da8b400
4d81fc00
af129400
35181c00
cb129400
4828b400
3d206800
bfa06800
b9d23000
bc419800
c5bc1000
479ae000
3dab7800
3b84c000
3b078400
42206800
459ae000
d0419800
b1a06800
bad23000
38a5f000
c50fd000
39472000
4004c000
c20d0c00
47e2c800
4281fc00
417e7000
bff36000
beedd800
4028b400
c69ae000
3e472000
39d23000
3c181c00
3f6dd800
b9f36000
bf0a4800
44b68800
42878400
4aae3c00
3d28b400
3d368800
402e3c00
c3878400
c6a06800
42bc1000
c781fc00
af1ae000
ba685000
36f36000
bc878400
3c181c00
c981fc00
44a5f000
c0a06800
bc25f000
331ae000
b904c000
c82e3c00
beab7800
3c981c00
c225f000
3df36000
36c45c00
c0fe7000
392e3c00
c3fe7000
c0e85000
419ae000
b604c000
c4bc1000
b978e800
3d523000
47155800
3f81fc00
c7ae3c00
bef36000
45a5f000
b5155800
bea06800
c6e2c800
44cca800
c4b68800
c8e2c800
bf155800
358a4800
b604c000
c11ae000
b9b3c400
47981c00
4c685000
ba84c000
c8ae3c00
3c25f000
4181fc00
b7955800
c2e85000
c50a4800
37e2c800
ccc19800
3e0a4800
bd3c1000
4ecf6c00
b6181c00
b6f8e800
4533c400
af1ae000
41b68800
cd419800
cd62c800
3e981c00
b5310000
bbf8e800
c557b800
3cbc1000
3a445c00
378fd000
c80fd000
3a155800
39b10000
4dedd800
c48fd000
bf129400
be155800
40b10000
470d0c00
c3155800
336dd800
412b7800
cc929400
b9e85000
3c81fc00
bbc19800
b95d4000
41f8e800
c3f8e800
3684c000
4781fc00
36b10000
316dd800
b68fd000
41981c00
c29ae000
c10a4800
bf25f000
c23c1000
42736000
bd81fc00
4a28b400
c7a8b400
4a84c000
43a5f000
bdcca800
b1078400
327e7000
33c72000
bd310000
4228b400
421ae000
b2736000
3df36000
3e28b400
c48fd000
bc01fc00
c6f8e800
3bd7b800
34472000
4401fc00
c0a06800
3dae3c00
c3181c00
3404c000
3b155800
b3bc1000
c00a4800
3ecca800
c2129400
3add4000
bb04c000
bc445c00
3ce85000
3d62c800
c0685000
3efe7000
3d929400
34878400
3d5d4000
c257b800
31ae3c00
41e2c800
c757b800
be368800
ce8fd000
b8955800
c004c000
47523000
418d0c00
40955800
bf736000
c8310000
c6a5f000
af181c00
3c84c000
ce3c1000
4a2b7800
b93c1000
cb472000
4704c000
4525f000
bf472000
45d23000
bc7e7000
c63ed400
bc1da400
36edd800
c38d0c00
b94ca800
b76dd800
c68a4800
4354f400
4be85000
bd78e800
b6a06800
c2e85000
c2d7b800
3e0fd000
c09ae000
c033c400
bb84c000
44a06800
b68fd000
c02e3c00
3ce2c800
c4e2c800
3f49e400
c1d7b800
b61da400
3aae3c00
c1c19800
3a8a4800
c1b10000
bc206800
4fd7b800
bba32c00
45b3c400
46d7b800
b381fc00
bf33c400
cbc19800
3db10000
3bbc1000
3cf8e800
bb5d4000
c5b68800
cc523000
3cd7b800
c3129400
3efe7000
ba1da400
c862c800
ce6dd800
42b10000
43f8e800
3e955800
409ae000
3ebc1000
bb57b800
3d04c000
bcda7c00
48b68800
38b3c400
3d232c00
c1523000
3ca32c00
43f8e800
31129400
382e3c00
3d3c1000
3484c000
3cab7800
c0181c00
bb78e800
4181fc00
bfb3c400
3be85000
af685000
4abc1000
34ab7800
bfb10000
4b81fc00
bc8fd000
47368800
b20d0c00
bd736000
3ae85000
b7523000
330d0c00
bda5f000
3ef8e800
c584c000
b2edd800
b3c19800
ca04c000
33ae3c00
c404c000
374f6c00
342e3c00
bf6dd800
48e2c800
bb04c000
47edd800
b1f36000
4a9ae000
462e3c00
4257b800
487e7000
b4155800
470a4800
3cc19800
b20a4800
b5c45c00
38368800
c2368800
b4445c00
38b3c400
b7955800
39419800
c43c1000
b79da400
4584c000
b65d4000
bfae3c00
39e85000
389da400
be57b800
c0310000
37dd4000
c3981c00
c77e7000
497e7000
c084c000
3e9da400
bcab7800
c0bc1000
4c8fd000
c5472000
c8fe7000
b6955800
45878400
46206800
bf04c000
3e472000
bbb3c400
43155800
bb685000
b7445c00
3e9da400
405d4000
b6929400
bf129400
4e3c1000
bbe85000
448d0c00
b84ca800
39dd4000
c76dd800
bd523000
af1ae000
c4181c00
32d23000
49736000
c6a06800
42b94c00
40fe7000
cbe85000
cc310000
c1edd800
3e4ca800
bfcca800
ba2b7800
cf3c1000
c7206800
b804c000
481ae000
4a129400
44ae3c00
44f36000
44c45c00
bf4ca800
c162c800
b4a06800
428d0c00
c59da400
3cb10000
c4c19800
bed7b800
440d0c00
d02b7800
4ed7b800
3225f000
c41ae000
b40fd000
b5ab7800
42155800
40368800
bab3c400
c1ab7800
c2b68800
b9955800
3e6dd800
baa32c00
ce9ae000
bab68800
b95d4000
3ef8e800
4904c000
c1fe7000
be8fd000
47368800
4a878400
b4685000
c2a5f000
c7368800
3db68800
40929400
48155800
4b9ae000
4bd7b800
3f04c000
b5c72000
c21da400
398fd000
459da400
bba32c00
3925f000
c3ab7800
3d33c400
3b01fc00
bf955800
3c2b7800
bfa8b400
ba33c400
35dd4000
3a181c00
3e8fd000
3f232c00
b825f000
3cdd4000
312b7800
b49da400
bbd7b800
c925f000
3d232c00
c2685000
4bab7800
343c1000
3fa06800
b88d0c00
b5a06800
3e523000
41078400
37129400
3d62c800
c2cf6c00
41edd800
339ae000
43472000
b7310000
c004c000
cab10000
40b10000
cab3c400
ba7e7000
31bed400
3b155800
37206800
47bc1000
39ab7800
c1b94c00
b7b94c00
cdcca800
4aa8b400
4262c800
c3310000
400fd000
3e129400
37523000
4725f000
c2878400
3cab7800
c3a8b400
b50a4800
4b878400
c1368800
43472000
c4e2c800
be368800
4057b800
3362c800
b3e85000
42c45c00
3f8a4800
4778e800
c30d0c00
b38a4800
b49ae000
428fd000
33bc1000
c48fd000
4433c400
3fab7800
afd23000
c362c800
380a4800
3fd23000
3e472000
b70a4800
be181c00
3eb10000
41b3c400
ca0fd000
ce878400
4125f000
46419800
43523000
bf310000
b61ae000
c8c19800
cbb94c00
c27e7000
c4e85000
ba8a4800
37c45c00
c03c1000
bb7e7000
bca5f000
437e7000
ba2e3c00
c5bc1000
b99ae000
42c19800
458fd000
39a06800
c21ae000
4e7e7000
4a25f000
3c523000
c20a4800
c08d0c00
3da06800
4125f000
c6c72000
c2b68800
c3fe7000
3cf36000
bd472000
33523000
358a4800
c9419800
c784c000
b4955800
3c368800
2fe2c800
b7129400
43c9e400
46955800
cbcca800
b778e800
388a4800
4a155800
bd419800
36181c00
bc04c000
c11ae000
b2f36000
32edd800
46368800
bd078400
3b84c000
c557b800
3d8fd000
bd8fd000
c29da400
4281fc00
c6ab7800
bdab7800
37929400
b8c45c00
3aab7800
b40a4800
ccb3c400
3a955800
bd9da400
c0a32c00
c2edd800
3dedd800
b23c1000
404ca800
bf0a4800
c05d4000
3fc9e400
bf523000
38232c00
c978e800
c78a4800
49a06800
435d4000
47129400
bbb3c400
c5a06800
c2f36000
c7181c00
bff8e800
c1f36000
3b181c00
b84ca800
3233c400
be0a4800
40078400
c6685000
413c1000
bd078400
3d2b7800
36bc1000
4025f000
c3181c00
3784c000
ba8d0c00
b96dd800
c0f36000
471da400
3501fc00
b425f000
4ba8b400
c7310000
3d523000
bd78e800
34181c00
42a06800
ce49e400
c48a4800
b1f36000
b2078400
be6dd800
41fe7000
be078400
4dbed400
35bc1000
b90fd000
423ed400
3ca8b400
b68d0c00
b99ae000
46e85000
387e7000
c23c1000
c0b94c00
375d4000
ba28b400
b09da400
c10a4800
bb1ae000
3e155800
b8c72000
3c078400
beb68800
c2cca800
c5078400
31f8e800
c7523000
b6b68800
c58d0c00
3aa06800
32078400
c857b800
38da7c00
bd685000
3a25f000
b7472000
c6078400
408fd000
35929400
c504c000
44a5f000
c9523000
b7878400
37232c00
be419800
bc232c00
c7206800
41368800
bdc19800
403ed400
4f368800
b157b800
4d736000
c5445c00
47878400
4284c000
4762c800
c93c1000
33078400
46981c00
3f394c00
c99da400
48a8b400
b7f36000
419da400
b4c19800
b7e2c800
4457b800
b078e800
3684c000
42e2c800
32a06800
4bf8e800
3bfe7000
30edd800
45155800
3c1da400
c5181c00
37ae3c00
356dd800
38181c00
470fd000
3d0a4800
41129400
3b2b7800
b4fe7000
40394c00
c078e800
3c419800
439da400
49dd4000
bdfe7000
b2c72000
33edd800
43f36000
3f9ae000
c6b68800
36c19800
bd129400
b5c72000
bb878400
bb181c00
43c19800
c62b7800
b6fe7000
49f8e800
3be2c800
b0419800
3f685000
b9dd4000
3d523000
4cc19800
42206800
ca155800
4b8a4800
b0a5f000
bc955800
3a878400
3d368800
c7929400
3e078400
37078400
c4e85000
37736000
bf929400
c9472000
37685000
bd8a4800
3e25f000
bc878400
4afe7000
cd129400
c3155800
40129400
43955800
be8fd000
432e3c00
490a4800
cc955800
c9310000
c257b800
ba3c1000
b081fc00
c9d23000
4962c800
c6878400
be523000
3a49e400
489ae000
bae85000
430fd000
475d4000
44c72000
32419800
b5a06800
418d0c00
36fe7000
c0bed400
b39da400
41dd4000
bdedd800
bdbc1000
b3fe7000
37078400
4c57b800
c9129400
c00d0c00
43c72000
3ac19800
c1a32c00
cfb94c00
bea32c00
bc368800
41445c00
3b0fd000
bcdd4000
3b310000
42155800
c4a32c00
b93c1000
37b10000
437e7000
331ae000
492b7800
af01fc00
c281fc00
4204c000
3de85000
36ab7800
3d8d0c00
b72b7800
429ae000
4457b800
c59da400
c2368800
2f2b7800
47c9e400
3901fc00
44c9e400
3fb68800
aef36000
c69ae000
36878400
3e2b7800
39419800
3d129400
327e7000
b5419800
ba2b7800
c4a32c00
467e7000
beab7800
35472000
45206800
c381fc00
bad7b800
bd81fc00
48736000
c0b10000
38e2c800
48f36000
495d4000
38b3c400
c9f8e800
b60d0c00
be8a4800
c0a06800
42bc1000
3cae3c00
bcfe7000
c93ed400
4184c000
39a06800
b58d0c00
be62c800
c25d4000
3a1da400
419ae000
469ae000
42cca800
bd155800
c325f000
c09ae000
3f445c00
c184c000
b381fc00
be155800
bbe85000
3f81fc00
48e85000
b9b68800
bc04c000
34a8b400
bc57b800
bb2b7800
3a155800
c1232c00
c0ab7800
3e955800
ba181c00
c27e7000
b404c000
45e2c800
b6cca800
c9fe7000
3a0a4800
47b68800
3ad23000
bee85000
45a5f000
40955800
c0c72000
b6edd800
c58a4800
43f36000
45da7c00
44a32c00
48232c00
c062c800
3c523000
4ef36000
c18fd000
ca8a4800
438fd000
bf0fd000
33a8b400
afa5f000
331ae000
c60a4800
3b84c000
4504c000
bf0d0c00
b79ae000
37078400
4aa32c00
ba929400
3f78e800
b6472000
461da400
baa5f000
46bc1000
4362c800
c381fc00
48fe7000
35310000
3c8fd000
473c1000
47dd4000
41e2c800
3fb10000
49c45c00
311ae000
cd7e7000
ba2b7800
4e81fc00
458a4800
4278e800
bfb68800
30b94c00
3be2c800
bd84c000
36fe7000
3afe7000
30f36000
36fe7000
320d0c00
c12b7800
cd181c00
c21ae000
3e8d0c00
488d0c00
c1c19800
3a8fd000
c4181c00
2ddd4000
3484c000
40310000
448d0c00
3ad23000
40523000
40b68800
3d62c800
c6878400
47181c00
34ab7800
c9a5f000
cbbc1000
30310000
b78fd000
3c3c1000
be2b7800
3ce85000
4528b400
3b878400
3db68800
bf0d0c00
bffe7000
408fd000
c6394c00
b80fd000
408fd000
bf04c000
bdd23000
3c078400
c0b3c400
425d4000
cc2b7800
461ae000
c157b800
351ae000
b3ab7800
c6fe7000
c5129400
ca8fd000
362b7800
b725f000
3b04c000
3fdd4000
3b685000
35155800
c9fe7000
3b0fd000
bc0fd000
44232c00
bfb68800
444f6c00
c6b94c00
b578e800
b8981c00
bbb10000
bc878400
45523000
4562c800
34a5f000
b9685000
cb206800
b95d4000
38b68800
ca78e800
4133c400
c9181c00
2f394c00
cac72000
42981c00
c98fd000
b957b800
b062c800
cbd7b800
3c2b7800
b4472000
37206800
c2b3c400
b9310000
40685000
3728b400
cb981c00
b9c19800
3b472000
c3368800
b6419800
3d445c00
3d685000
bc0fd000
c11da400
bf929400
b98d0c00
c2078400
3f368800
36bc1000
43d7b800
3cae3c00
bc2b7800
b40a4800
b80d0c00
cd7e7000
b38a4800
c0bc1000
3e2b7800
bbd23000
c5fe7000
41206800
c1f36000
c75d4000
3e7e7000
493c1000
c0edd800
c00fd000
3dd23000
35d7b800
371ae000
c7955800
43e2c800
41445c00
bcdd4000
44078400
c8206800
c481fc00
3304c000
bdcca800
c4f36000
491da400
b6b68800
b4b68800
3501fc00
383c1000
c5a32c00
b9fe7000
45c72000
442b7800
bbe2c800
40878400
49206800
3581fc00
32685000
bb129400
b51da400
c2310000
42736000
43181c00
c3bc1000
3cab7800
c562c800
471da400
b71ae000
b1a32c00
32b10000
41a06800
c2310000
3f2b7800
46bc1000
c0955800
be310000
c78a4800
bdbc1000
cb155800
b33ed400
39f36000
baa5f000
39ab7800
c4d23000
c5736000
b7368800
c3e85000
b6b68800
aeedd800
37736000
c3cca800
bc7e7000
37edd800
3bdd4000
3fe85000
bf2b7800
4b368800
40f8e800
c47e7000
cb7e7000
c2a5f000
bf1da400
c5181c00
c04ca800
379da400
42edd800
41edd800
47419800
3554f400
bc078400
4033c400
31b10000
437e7000
44fe7000
3a472000
48129400
c1955800
c878e800
b07e7000
47d23000
3df8e800
38981c00
cca32c00
3a981c00
c30fd000
c14ca800
3cfe7000
b5ab7800
c26dd800
bf523000
c1b68800
3e523000
42f8e800
c2a8b400
3ae2c800
38f36000
3c955800
b8e2c800
c70d0c00
bfe85000
41878400
389da400
cfbc1000
4a078400
c1edd800
bfd23000
c0c19800
3c84c000
b4445c00
3301fc00
49929400
4aab7800
be4ca800
3e078400
bd4ca800
48981c00
4bb3c400
c0a5f000
cc685000
3ebed400
3d0d0c00
c39ae000
4b5d4000
3d2b7800
33878400
b95d4000
ba155800
3b736000
3fd7b800
cab68800
b3955800
3b206800
b4ab7800
40f8e800
3db94c00
34206800
4d155800
451ae000
46bc1000
b08a4800
bad7b800
431ae000
b4bed400
b62b7800
c701fc00
3604c000
b7e85000
c84ca800
c081fc00
4a9da400
3aa5f000
b8181c00
bb5d4000
43c72000
3d33c400
3c981c00
3f206800
c0bc1000
4ea5f000
b7a32c00
3e49e400
c201fc00
4284c000
3e8a4800
406dd800
3e523000
b3078400
c5da7c00
3a28b400
c901fc00
436dd800
cc3ed400
bebc1000
45232c00
4c81fc00
bc8fd000
c562c800
4557b800
34c19800
af155800
b8955800
b05d4000
cac19800
c0a06800
3ef36000
478fd000
37bc1000
39523000
c7929400
3f1da400
c4c72000
bfd7b800
c98fd000
4101fc00
c85d4000
c6368800
c5078400
c025f000
bc8d0c00
43878400
43c9e400
3278e800
3d2b7800
bb472000
bb368800
ca078400
c6181c00
383c1000
beedd800
362e3c00
3d878400
345d4000
44b10000
bf0a4800
3eb68800
bb3ed400
b5e2c800
be394c00
388a4800
3d419800
430fd000
be419800
b29ae000
b9523000
46e85000
c3685000
c6129400
c2a5f000
46bc1000
b69da400
418a4800
c8f8e800
4b523000
4533c400
c362c800
bd155800
b6d7b800
c3181c00
cac45c00
4601fc00
c78d0c00
3704c000
be0fd000
bd368800
46b3c400
c181fc00
32a06800
3d01fc00
bd0fd000
4d523000
b9e2c800
4478e800
42736000
be84c000
41b10000
42c19800
408fd000
44f36000
b6fe7000
c0310000
3dd23000
3da32c00
3e878400
3d0a4800
cdae3c00
42181c00
4601fc00
bde85000
37d23000
c0cca800
4684c000
3633c400
bc981c00
3e04c000
409ae000
42a8b400
43d7b800
3fbc1000
4201fc00
b7368800
47e85000
b9d23000
c7878400
c0e85000
4325f000
bdd23000
4bf8e800
bb7e7000
37155800
3db68800
3a57b800
c67e7000
b404c000
3ba06800
c80fd000
b8ae3c00
b7394c00
459da400
3984c000
bc1ae000
b19ae000
b9bc1000
3e4ca800
3efe7000
4a8d0c00
43a06800
40e2c800
41e85000
b2e85000
428d0c00
be33c400
3aab7800
c1394c00
39ab7800
c3ae3c00
c68d0c00
3d62c800
44b94c00
3b232c00
49ab7800
b601fc00
b48fd000
c00d0c00
3dd7b800
bd1da400
b58fd000
b78a4800
40d23000
bf0a4800
c9ae3c00
3b8d0c00
bffe7000
c08fd000
c3edd800
4af36000
4a62c800
b34ca800
37a5f000
b9dd4000
c604c000
4b1da400
baa32c00
3b523000
35f36000
43edd800
c5d7b800
c4736000
ba310000
c3e2c800
40f8e800
3762c800
c928b400
bd4ca800
3fa8b400
bd129400
be9ae000
b684c000
34955800
cb8d0c00
b581fc00
422b7800
36129400
414ca800
bf0a4800
3e6dd800
b0f36000
3f04c000
430fd000
45d23000
4628b400
c9078400
ce181c00
bc929400
451ae000
483ed400
45fe7000
3e736000
c7d7b800
b3e2c800
bc472000
39523000
c581fc00
be181c00
4b419800
be81fc00
bd7e7000
35b94c00
bb0fd000
b784c000
4878e800
c81ae000
c00fd000
bbfe7000
b4c19800
c85d4000
430a4800
45445c00
b8b68800
38955800
429da400
c528b400
35e85000
335d4000
46a32c00
402b7800
3e0a4800
bc28b400
c17e7000
bf929400
c3bc1000
47fe7000
399ae000
be523000
47fe7000
bc4ca800
37d23000
c80d0c00
cdd7b800
3c0fd000
41472000
3ba32c00
3a929400
3cdd4000
38b10000
c981fc00
c7419800
b8b68800
383c1000
4657b800
3e078400
c81da400
3e878400
c8181c00
be078400
bb685000
c704c000
c028b400
b4a06800
47b3c400
c9981c00
b8368800
3fc72000
cc1ae000
35a5f000
428d0c00
422b7800
c225f000
44685000
3f232c00
3ca5f000
35f36000
bb57b800
3d62c800
409da400
3a8a4800
3bb68800
3cfe7000
2f9ae000
352b7800
c65d4000
b2c19800
4acca800
4178e800
c8a06800
cebc1000
be419800
c19da400
44e2c800
3f685000
468d0c00
302b7800
3af36000
b7d7b800
3678e800
cd28b400
3c84c000
40ab7800
cc310000
42dd4000
b8206800
4a955800
4a736000
3fedd800
3f0d0c00
b081fc00
b3736000
46472000
bf04c000
cb232c00
4204c000
46155800
4c01fc00
3028b400
bd7e7000
4984c000
4b8a4800
3e7e7000
bdbed400
c5206800
c133c400
c5fe7000
3f078400
3b155800
bf4f6c00
3a310000
40232c00
45fe7000
41a32c00
c1472000
4478e800
c1129400
476dd800
41685000
bb1ae000
c59da400
3e206800
b401fc00
3e0a4800
4304c000
491da400
4a736000
b70a4800
42878400
37419800
3d81fc00
bc84c000
331ae000
b9c45c00
cad23000
34fe7000
41394c00
3fc72000
bdf8e800
4a3ed400
44fe7000
3eb10000
c2c19800
3bfe7000
44232c00
374ca800
47f8e800
bd8a4800
47f36000
398a4800
4601fc00
bd181c00
3ec72000
4457b800
b7a5f000
44078400
c3d23000
bb57b800
c325f000
4a394c00
2f523000
487e7000
b8155800
baf36000
c504c000
3b181c00
3f394c00
bd8a4800
c1523000
3978e800
468d0c00
41078400
be0d0c00
c84ca800
3fc72000
4784c000
40368800
bcd7b800
bc685000
3e62c800
3b955800
b3b68800
c2bed400
ba981c00
c857b800
40078400
c6b68800
c7981c00
b9dd4000
b7310000
45f36000
3f84c000
3f84c000
3f81fc00
3f7e7000
3f7e7000
3f78e800
3f736000
3f736000
3f6dd800
3f685000
3f685000
3f62c800
3f5d4000
3f5d4000
3f57b800
3f523000
3f523000
3f4ca800
3f472000
3f472000
3f419800
3f3c1000
3f3c1000
3f368800
3f310000
3f310000
3f2b7800
3f25f000
3f25f000
3f206800
3f1ae000
3f1ae000
3f155800
3f0fd000
3f0fd000
3f0a4800
3f04c000
3f04c000
3efe7000
3ef36000
3ef36000
3ee85000
3edd4000
3edd4000
3ed23000
3ec72000
3ec72000
3ebc1000
3f84c000
3f84c000
3f81fc00
3f7e7000
3f7e7000
3f78e800
3f736000
3f736000
3f6dd800
3f685000
3f685000
3f62c800
3f5d4000
3f5d4000
3f57b800
3f523000
3f523000
3f4ca800
3f472000
3f472000
3f419800
3f3c1000
3f3c1000
3f368800
3f310000
3f310000
3f2b7800
3f25f000
3f25f000
3f206800
3f1ae000
3f1ae000
3f155800
3f0fd000
3f0fd000
3f0a4800
3f04c000
3f04c000
3efe7000
3ef36000
3ef36000
3ee85000
3edd4000
3edd4000
3ed23000
3ec72000
3ec72000
3ebc1000
3f878400
3f878400
3f84c000
3f81fc00
3f81fc00
3f7e7000
3f78e800
3f78e800
3f736000
3f6dd800
3f6dd800
3f685000
3f62c800
3f62c800
3f5d4000
3f57b800
3f57b800
3f523000
3f4ca800
3f4ca800
3f472000
3f419800
3f419800
3f3c1000
3f368800
3f368800
3f310000
3f2b7800
3f2b7800
3f25f000
3f206800
3f206800
3f1ae000
3f155800
3f155800
3f0fd000
3f0a4800
3f0a4800
3f04c000
3efe7000
3efe7000
3ef36000
3ee85000
3ee85000
3edd4000
3ed23000
3ed23000
3ec72000
3f8a4800
3f8a4800
3f878400
3f84c000
3f84c000
3f81fc00
3f7e7000
3f7e7000
3f78e800
3f736000
3f736000
3f6dd800
3f685000
3f685000
3f62c800
3f5d4000
3f5d4000
3f57b800
3f523000
3f523000
3f4ca800
3f472000
3f472000
3f419800
3f3c1000
3f3c1000
3f368800
3f310000
3f310000
3f2b7800
3f25f000
3f25f000
3f206800
3f1ae000
3f1ae000
3f155800
3f0fd000
3f0fd000
3f0a4800
3f04c000
3f04c000
3efe7000
3ef36000
3ef36000
3ee85000
3edd4000
3edd4000
3ed23000
3f8a4800
3f8a4800
3f878400
3f84c000
3f84c000
3f81fc00
3f7e7000
3f7e7000
3f78e800
3f736000
3f736000
3f6dd800
3f685000
3f685000
3f62c800
3f5d4000
3f5d4000
3f57b800
3f523000
3f523000
3f4ca800
3f472000
3f472000
3f419800
3f3c1000
3f3c1000
3f368800
3f310000
3f310000
3f2b7800
3f25f000
3f25f000
3f206800
3f1ae000
3f1ae000
3f155800
3f0fd000
3f0fd000
3f0a4800
3f04c000
3f04c000
3efe7000
3ef36000
3ef36000
3ee85000
3edd4000
3edd4000
3ed23000
3f8d0c00
3f8d0c00
3f8a4800
3f878400
3f878400
3f84c000
3f81fc00
3f81fc00
3f7e7000
3f78e800
3f78e800
3f736000
3f6dd800
3f6dd800
3f685000
3f62c800
3f62c800
3f5d4000
3f57b800
3f57b800
3f523000
3f4ca800
3f4ca800
3f472000
3f419800
3f419800
3f3c1000
3f368800
3f368800
3f310000
3f2b7800
3f2b7800
3f25f000
3f206800
3f206800
3f1ae000
3f155800
3f155800
3f0fd000
3f0a4800
3f0a4800
3f04c000
3efe7000
3efe7000
3ef36000
3ee85000
3ee85000
3edd4000
3f8fd000
3f8fd000
3f8d0c00
3f8a4800
3f8a4800
3f878400
3f84c000
3f84c000
3f81fc00
3f7e7000
3f7e7000
3f78e800
3f736000
3f736000
3f6dd800
3f685000
3f685000
3f62c800
3f5d4000
3f5d4000
3f57b800
3f523000
3f523000
3f4ca800
3f472000
3f472000
3f419800
3f3c1000
3f3c1000
3f368800
3f310000
3f310000
3f2b7800
3f25f000
3f25f000
3f206800
3f1ae000
3f1ae000
3f155800
3f0fd000
3f0fd000
3f0a4800
3f04c000
3f04c000
3efe7000
3ef36000
3ef36000
3ee85000
3f8fd000
3f8fd000
3f8d0c00
3f8a4800
3f8a4800
3f878400
3f84c000
3f84c000
3f81fc00
3f7e7000
3f7e7000
3f78e800
3f736000
3f736000
3f6dd800
3f685000
3f685000
3f62c800
3f5d4000
3f5d4000
3f57b800
3f523000
3f523000
3f4ca800
3f472000
3f472000
3f419800
3f3c1000
3f3c1000
3f368800
3f310000
3f310000
3f2b7800
3f25f000
3f25f000
3f206800
3f1ae000
3f1ae000
3f155800
3f0fd000
3f0fd000
3f0a4800
3f04c000
3f04c000
3efe7000
3ef36000
3ef36000
3ee85000
3f929400
3f929400
3f8fd000
3f8d0c00
3f8d0c00
3f8a4800
3f878400
3f878400
3f84c000
3f81fc00
3f81fc00
3f7e7000
3f78e800
3f78e800
3f736000
3f6dd800
3f6dd800
3f685000
3f62c800
3f62c800
3f5d4000
3f57b800
3f57b800
3f523000
3f4ca800
3f4ca800
3f472000
3f419800
3f419800
3f3c1000
3f368800
3f368800
3f310000
3f2b7800
3f2b7800
3f25f000
3f206800
3f206800
3f1ae000
3f155800
3f155800
3f0fd000
3f0a4800
3f0a4800
3f04c000
3efe7000
3efe7000
3ef36000
3f955800
3f955800
3f929400
3f8fd000
3f8fd000
3f8d0c00
3f8a4800
3f8a4800
3f878400
3f84c000
3f84c000
3f81fc00
3f7e7000
3f7e7000
3f78e800
3f736000
3f736000
3f6dd800
3f685000
3f685000
3f62c800
3f5d4000
3f5d4000
3f57b800
3f523000
3f523000
3f4ca800
3f472000
3f472000
3f419800
3f3c1000
3f3c1000
3f368800
3f310000
3f310000
3f2b7800
3f25f000
3f25f000
3f206800
3f1ae000
3f1ae000
3f155800
3f0fd000
3f0fd000
3f0a4800
3f04c000
3f04c000
3efe7000
3f955800
3f955800
3f929400
3f8fd000
3f8fd000
3f8d0c00
3f8a4800
3f8a4800
3f878400
3f84c000
3f84c000
3f81fc00
3f7e7000
3f7e7000
3f78e800
3f736000
3f736000
3f6dd800
3f685000
3f685000
3f62c800
3f5d4000
3f5d4000
3f57b800
3f523000
3f523000
3f4ca800
3f472000
3f472000
3f419800
3f3c1000
3f3c1000
3f368800
3f310000
3f310000
3f2b7800
3f25f000
3f25f000
3f206800
3f1ae000
3f1ae000
3f155800
3f0fd000
3f0fd000
3f0a4800
3f04c000
3f04c000
3efe7000
3f981c00
3f981c00
3f955800
3f929400
3f929400
3f8fd000
3f8d0c00
3f8d0c00
3f8a4800
3f878400
3f878400
3f84c000
3f81fc00
3f81fc00
3f7e7000
3f78e800
3f78e800
3f736000
3f6dd800
3f6dd800
3f685000
3f62c800
3f62c800
3f5d4000
3f57b800
3f57b800
3f523000
3f4ca800
3f4ca800
3f472000
3f419800
3f419800
3f3c1000
3f368800
3f368800
3f310000
3f2b7800
3f2b7800
3f25f000
3f206800
3f206800
3f1ae000
3f155800
3f155800
3f0fd000
3f0a4800
3f0a4800
3f04c000
3f9ae000
3f9ae000
3f981c00
3f955800
3f955800
3f929400
3f8fd000
3f8fd000
3f8d0c00
3f8a4800
3f8a4800
3f878400
3f84c000
3f84c000
3f81fc00
3f7e7000
3f7e7000
3f78e800
3f736000
3f736000
3f6dd800
3f685000
3f685000
3f62c800
3f5d4000
3f5d4000
3f57b800
3f523000
3f523000
3f4ca800
3f472000
3f472000
3f419800
3f3c1000
3f3c1000
3f368800
3f310000
3f310000
3f2b7800
3f25f000
3f25f000
3f206800
3f1ae000
3f1ae000
3f155800
3f0fd000
3f0fd000
3f0a4800
3f9ae000
3f9ae000
3f981c00
3f955800
3f955800
3f929400
3f8fd000
3f8fd000
3f8d0c00
3f8a4800
3f8a4800
3f878400
3f84c000
3f84c000
3f81fc00
3f7e7000
3f7e7000
3f78e800
3f736000
3f736000
3f6dd800
3f685000
3f685000
3f62c800
3f5d4000
3f5d4000
3f57b800
3f523000
3f523000
3f4ca800
3f472000
3f472000
3f419800
3f3c1000
3f3c1000
3f368800
3f310000
3f310000
3f2b7800
3f25f000
3f25f000
3f206800
3f1ae000
3f1ae000
3f155800
3f0fd000
3f0fd000
3f0a4800
3f9da400
3f9da400
3f9ae000
3f981c00
3f981c00
3f955800
3f929400
3f929400
3f8fd000
3f8d0c00
3f8d0c00
3f8a4800
3f878400
3f878400
3f84c000
3f81fc00
3f81fc00
3f7e7000
3f78e800
3f78e800
3f736000
3f6dd800
3f6dd800
3f685000
3f62c800
3f62c800
3f5d4000
3f57b800
3f57b800
3f523000
3f4ca800
3f4ca800
3f472000
3f419800
3f419800
3f3c1000
3f368800
3f368800
3f310000
3f2b7800
3f2b7800
3f25f000
3f206800
3f206800
3f1ae000
3f155800
3f155800
3f0fd000
3fa06800
3fa06800
3f9da400
3f9ae000
3f9ae000
3f981c00
3f955800
3f955800
3f929400
3f8fd000
3f8fd000
3f8d0c00
3f8a4800
3f8a4800
3f878400
3f84c000
3f84c000
3f81fc00
3f7e7000
3f7e7000
3f78e800
3f736000
3f736000
3f6dd800
3f685000
3f685000
3f62c800
3f5d4000
3f5d4000
3f57b800
3f523000
3f523000
3f4ca800
3f472000
3f472000
3f419800
3f3c1000
3f3c1000
3f368800
3f310000
3f310000
3f2b7800
3f25f000
3f25f000
3f206800
3f1ae000
3f1ae000
3f155800
3fa06800
3fa06800
3f9da400
3f9ae000
3f9ae000
3f981c00
3f955800
3f955800
3f929400
3f8fd000
3f8fd000
3f8d0c00
3f8a4800
3f8a4800
3f878400
3f84c000
3f84c000
3f81fc00
3f7e7000
3f7e7000
3f78e800
3f736000
3f736000
3f6dd800
3f685000
3f685000
3f62c800
3f5d4000
3f5d4000
3f57b800
3f523000
3f523000
3f4ca800
3f472000
3f472000
3f419800
3f3c1000
3f3c1000
3f368800
3f310000
3f310000
3f2b7800
3f25f000
3f25f000
3f206800
3f1ae000
3f1ae000
3f155800
3fa32c00
3fa32c00
3fa06800
3f9da400
3f9da400
3f9ae000
3f981c00
3f981c00
3f955800
3f929400
3f929400
3f8fd000
3f8d0c00
3f8d0c00
3f8a4800
3f878400
3f878400
3f84c000
3f81fc00
3f81fc00
3f7e7000
3f78e800
3f78e800
3f736000
3f6dd800
3f6dd800
3f685000
3f62c800
3f62c800
3f5d4000
3f57b800
3f57b800
3f523000
3f4ca800
3f4ca800
3f472000
3f419800
3f419800
3f3c1000
3f368800
3f368800
3f310000
3f2b7800
3f2b7800
3f25f000
3f206800
3f206800
3f1ae000
3fa5f000
3fa5f000
3fa32c00
3fa06800
3fa06800
3f9da400
3f9ae000
3f9ae000
3f981c00
3f955800
3f955800
3f929400
3f8fd000
3f8fd000
3f8d0c00
3f8a4800
3f8a4800
3f878400
3f84c000
3f84c000
3f81fc00
3f7e7000
3f7e7000
3f78e800
3f736000
3f736000
3f6dd800
3f685000
3f685000
3f62c800
3f5d4000
3f5d4000
3f57b800
3f523000
3f523000
3f4ca800
3f472000
3f472000
3f419800
3f3c1000
3f3c1000
3f368800
3f310000
3f310000
3f2b7800
3f25f000
3f25f000
3f206800
3fa5f000
3fa5f000
3fa32c00
3fa06800
3fa06800
3f9da400
3f9ae000
3f9ae000
3f981c00
3f955800
3f955800
3f929400
3f8fd000
3f8fd000
3f8d0c00
3f8a4800
3f8a4800
3f878400
3f84c000
3f84c000
3f81fc00
3f7e7000
3f7e7000
3f78e800
3f736000
3f736000
3f6dd800
3f685000
3f685000
3f62c800
3f5d4000
3f5d4000
3f57b800
3f523000
3f523000
3f4ca800
3f472000
3f472000
3f419800
3f3c1000
3f3c1000
3f368800
3f310000
3f310000
3f2b7800
3f25f000
3f25f000
3f206800
3fa8b400
3fa8b400
3fa5f000
3fa32c00
3fa32c00
3fa06800
3f9da400
3f9da400
3f9ae000
3f981c00
3f981c00
3f955800
3f929400
3f929400
3f8fd000
3f8d0c00
3f8d0c00
3f8a4800
3f878400
3f878400
3f84c000
3f81fc00
3f81fc00
3f7e7000
3f78e800
3f78e800
3f736000
3f6dd800
3f6dd800
3f685000
3f62c800
3f62c800
3f5d4000
3f57b800
3f57b800
3f523000
3f4ca800
3f4ca800
3f472000
3f419800
3f419800
3f3c1000
3f368800
3f368800
3f310000
3f2b7800
3f2b7800
3f25f000
3fab7800
3fab7800
3fa8b400
3fa5f000
3fa5f000
3fa32c00
3fa06800
3fa06800
3f9da400
3f9ae000
3f9ae000
3f981c00
3f955800
3f955800
3f929400
3f8fd000
3f8fd000
3f8d0c00
3f8a4800
3f8a4800
3f878400
3f84c000
3f84c000
3f81fc00
3f7e7000
3f7e7000
3f78e800
3f736000
3f736000
3f6dd800
3f685000
3f685000
3f62c800
3f5d4000
3f5d4000
3f57b800
3f523000
3f523000
3f4ca800
3f472000
3f472000
3f419800
3f3c1000
3f3c1000
3f368800
3f310000
3f310000
3f2b7800
3fab7800
3fab7800
3fa8b400
3fa5f000
3fa5f000
3fa32c00
3fa06800
3fa06800
3f9da400
3f9ae000
3f9ae000
3f981c00
3f955800
3f955800
3f929400
3f8fd000
3f8fd000
3f8d0c00
3f8a4800
3f8a4800
3f878400
3f84c000
3f84c000
3f81fc00
3f7e7000
3f7e7000
3f78e800
3f736000
3f736000
3f6dd800
3f685000
3f685000
3f62c800
3f5d4000
3f5d4000
3f57b800
3f523000
3f523000
3f4ca800
3f472000
3f472000
3f419800
3f3c1000
3f3c1000
3f368800
3f310000
3f310000
3f2b7800
3fae3c00
3fae3c00
3fab7800
3fa8b400
3fa8b400
3fa5f000
3fa32c00
3fa32c00
3fa06800
3f9da400
3f9da400
3f9ae000
3f981c00
3f981c00
3f955800
3f929400
3f929400
3f8fd000
3f8d0c00
3f8d0c00
3f8a4800
3f878400
3f878400
3f84c000
3f81fc00
3f81fc00
3f7e7000
3f78e800
3f78e800
3f736000
3f6dd800
3f6dd800
3f685000
3f62c800
3f62c800
3f5d4000
3f57b800
3f57b800
3f523000
3f4ca800
3f4ca800
3f472000
3f419800
3f419800
3f3c1000
3f368800
3f368800
3f310000
3fb10000
3fb10000
3fae3c00
3fab7800
3fab7800
3fa8b400
3fa5f000
3fa5f000
3fa32c00
3fa06800
3fa06800
3f9da400
3f9ae000
3f9ae000
3f981c00
3f955800
3f955800
3f929400
3f8fd000
3f8fd000
3f8d0c00
3f8a4800
3f8a4800
3f878400
3f84c000
3f84c000
3f81fc00
3f7e7000
3f7e7000
3f78e800
3f736000
3f736000
3f6dd800
3f685000
3f685000
3f62c800
3f5d4000
3f5d4000
3f57b800
3f523000
3f523000
3f4ca800
3f472000
3f472000
3f419800
3f3c1000
3f3c1000
3f368800
3fb10000
3fb10000
3fae3c00
3fab7800
3fab7800
3fa8b400
3fa5f000
3fa5f000
3fa32c00
3fa06800
3fa06800
3f9da400
3f9ae000
3f9ae000
3f981c00
3f955800
3f955800
3f929400
3f8fd000
3f8fd000
3f8d0c00
3f8a4800
3f8a4800
3f878400
3f84c000
3f84c000
3f81fc00
3f7e7000
3f7e7000
3f78e800
3f736000
3f736000
3f6dd800
3f685000
3f685000
3f62c800
3f5d4000
3f5d4000
3f57b800
3f523000
3f523000
3f4ca800
3f472000
3f472000
3f419800
3f3c1000
3f3c1000
3f368800
3fb3c400
3fb3c400
3fb10000
3fae3c00
3fae3c00
3fab7800
3fa8b400
3fa8b400
3fa5f000
3fa32c00
3fa32c00
3fa06800
3f9da400
3f9da400
3f9ae000
3f981c00
3f981c00
3f955800
3f929400
3f929400
3f8fd000
3f8d0c00
3f8d0c00
3f8a4800
3f878400
3f878400
3f84c000
3f81fc00
3f81fc00
3f7e7000
3f78e800
3f78e800
3f736000
3f6dd800
3f6dd800
3f685000
3f62c800
3f62c800
3f5d4000
3f57b800
3f57b800
3f523000
3f4ca800
3f4ca800
3f472000
3f419800
3f419800
3f3c1000
3fb68800
3fb68800
3fb3c400
3fb10000
3fb10000
3fae3c00
3fab7800
3fab7800
3fa8b400
3fa5f000
3fa5f000
3fa32c00
3fa06800
3fa06800
3f9da400
3f9ae000
3f9ae000
3f981c00
3f955800
3f955800
3f929400
3f8fd000
3f8fd000
3f8d0c00
3f8a4800
3f8a4800
3f878400
3f84c000
3f84c000
3f81fc00
3f7e7000
3f7e7000
3f78e800
3f736000
3f736000
3f6dd800
3f685000
3f685000
3f62c800
3f5d4000
3f5d4000
3f57b800
3f523000
3f523000
3f4ca800
3f472000
3f472000
3f419800
3fb68800
3fb68800
3fb3c400
3fb10000
3fb10000
3fae3c00
3fab7800
3fab7800
3fa8b400
3fa5f000
3fa5f000
3fa32c00
3fa06800
3fa06800
3f9da400
3f9ae000
3f9ae000
3f981c00
3f955800
3f955800
3f929400
3f8fd000
3f8fd000
3f8d0c00
3f8a4800
3f8a4800
3f878400
3f84c000
3f84c000
3f81fc00
3f7e7000
3f7e7000
3f78e800
3f736000
3f736000
3f6dd800
3f685000
3f685000
3f62c800
3f5d4000
3f5d4000
3f57b800
3f523000
3f523000
3f4ca800
3f472000
3f472000
3f419800
3fb94c00
3fb94c00
3fb68800
3fb3c400
3fb3c400
3fb10000
3fae3c00
3fae3c00
3fab7800
3fa8b400
3fa8b400
3fa5f000
3fa32c00
3fa32c00
3fa06800
3f9da400
3f9da400
3f9ae000
3f981c00
3f981c00
3f955800
3f929400
3f929400
3f8fd000
3f8d0c00
3f8d0c00
3f8a4800
3f878400
3f878400
3f84c000
3f81fc00
3f81fc00
3f7e7000
3f78e800
3f78e800
3f736000
3f6dd800
3f6dd800
3f685000
3f62c800
3f62c800
3f5d4000
3f57b800
3f57b800
3f523000
3f4ca800
3f4ca800
3f472000
3fbc1000
3fbc1000
3fb94c00
3fb68800
3fb68800
3fb3c400
3fb10000
3fb10000
3fae3c00
3fab7800
3fab7800
3fa8b400
3fa5f000
3fa5f000
3fa32c00
3fa06800
3fa06800
3f9da400
3f9ae000
3f9ae000
3f981c00
3f955800
3f955800
3f929400
3f8fd000
3f8fd000
3f8d0c00
3f8a4800
3f8a4800
3f878400
3f84c000
3f84c000
3f81fc00
3f7e7000
3f7e7000
3f78e800
3f736000
3f736000
3f6dd800
3f685000
3f685000
3f62c800
3f5d4000
3f5d4000
3f57b800
3f523000
3f523000
3f4ca800
3fbc1000
3fbc1000
3fb94c00
3fb68800
3fb68800
3fb3c400
3fb10000
3fb10000
3fae3c00
3fab7800
3fab7800
3fa8b400
3fa5f000
3fa5f000
3fa32c00
3fa06800
3fa06800
3f9da400
3f9ae000
3f9ae000
3f981c00
3f955800
3f955800
3f929400
3f8fd000
3f8fd000
3f8d0c00
3f8a4800
3f8a4800
3f878400
3f84c000
3f84c000
3f81fc00
3f7e7000
3f7e7000
3f78e800
3f736000
3f736000
3f6dd800
3f685000
3f685000
3f62c800
3f5d4000
3f5d4000
3f57b800
3f523000
3f523000
3f4ca800
3fbed400
3fbed400
3fbc1000
3fb94c00
3fb94c00
3fb68800
3fb3c400
3fb3c400
3fb10000
3fae3c00
3fae3c00
3fab7800
3fa8b400
3fa8b400
3fa5f000
3fa32c00
3fa32c00
3fa06800
3f9da400
3f9da400
3f9ae000
3f981c00
3f981c00
3f955800
3f929400
3f929400
3f8fd000
3f8d0c00
3f8d0c00
3f8a4800
3f878400
3f878400
3f84c000
3f81fc00
3f81fc00
3f7e7000
3f78e800
3f78e800
3f736000
3f6dd800
3f6dd800
3f685000
3f62c800
3f62c800
3f5d4000
3f57b800
3f57b800
3f523000
3fc19800
3fc19800
3fbed400
3fbc1000
3fbc1000
3fb94c00
3fb68800
3fb68800
3fb3c400
3fb10000
3fb10000
3fae3c00
3fab7800
3fab7800
3fa8b400
3fa5f000
3fa5f000
3fa32c00
3fa06800
3fa06800
3f9da400
3f9ae000
3f9ae000
3f981c00
3f955800
3f955800
3f929400
3f8fd000
3f8fd000
3f8d0c00
3f8a4800
3f8a4800
3f878400
3f84c000
3f84c000
3f81fc00
3f7e7000
3f7e7000
3f78e800
3f736000
3f736000
3f6dd800
3f685000
3f685000
3f62c800
3f5d4000
3f5d4000
3f57b800
3fc19800
3fc19800
3fbed400
3fbc1000
3fbc1000
3fb94c00
3fb68800
3fb68800
3fb3c400
3fb10000
3fb10000
3fae3c00
3fab7800
3fab7800
3fa8b400
3fa5f000
3fa5f000
3fa32c00
3fa06800
3fa06800
3f9da400
3f9ae000
3f9ae000
3f981c00
3f955800
3f955800
3f929400
3f8fd000
3f8fd000
3f8d0c00
3f8a4800
3f8a4800
3f878400
3f84c000
3f84c000
3f81fc00
3f7e7000
3f7e7000
3f78e800
3f736000
3f736000
3f6dd800
3f685000
3f685000
3f62c800
3f5d4000
3f5d4000
3f57b800
3fc45c00
3fc45c00
3fc19800
3fbed400
3fbed400
3fbc1000
3fb94c00
3fb94c00
3fb68800
3fb3c400
3fb3c400
3fb10000
3fae3c00
3fae3c00
3fab7800
3fa8b400
3fa8b400
3fa5f000
3fa32c00
3fa32c00
3fa06800
3f9da400
3f9da400
3f9ae000
3f981c00
3f981c00
3f955800
3f929400
3f929400
3f8fd000
3f8d0c00
3f8d0c00
3f8a4800
3f878400
3f878400
3f84c000
3f81fc00
3f81fc00
3f7e7000
3f78e800
3f78e800
3f736000
3f6dd800
3f6dd800
3f685000
3f62c800
3f62c800
3f5d4000
3fc72000
3fc72000
3fc45c00
3fc19800
3fc19800
3fbed400
3fbc1000
3fbc1000
3fb94c00
3fb68800
3fb68800
3fb3c400
3fb10000
3fb10000
3fae3c00
3fab7800
3fab7800
3fa8b400
3fa5f000
3fa5f000
3fa32c00
3fa06800
3fa06800
3f9da400
3f9ae000
3f9ae000
3f981c00
3f955800
3f955800
3f929400
3f8fd000
3f8fd000
3f8d0c00
3f8a4800
3f8a4800
3f878400
3f84c000
3f84c000
3f81fc00
3f7e7000
3f7e7000
3f78e800
3f736000
3f736000
3f6dd800
3f685000
3f685000
3f62c800
3fc72000
3fc72000
3fc45c00
3fc19800
3fc19800
3fbed400
3fbc1000
3fbc1000
3fb94c00
3fb68800
3fb68800
3fb3c400
3fb10000
3fb10000
3fae3c00
3fab7800
3fab7800
3fa8b400
3fa5f000
3fa5f000
3fa32c00
3fa06800
3fa06800
3f9da400
3f9ae000
3f9ae000
3f981c00
3f955800
3f955800
3f929400
3f8fd000
3f8fd000
3f8d0c00
3f8a4800
3f8a4800
3f878400
3f84c000
3f84c000
3f81fc00
3f7e7000
3f7e7000
3f78e800
3f736000
3f736000
3f6dd800
3f685000
3f685000
3f62c800
3fc9e400
3fc9e400
3fc72000
3fc45c00
3fc45c00
3fc19800
3fbed400
3fbed400
3fbc1000
3fb94c00
3fb94c00
3fb68800
3fb3c400
3fb3c400
3fb10000
3fae3c00
3fae3c00
3fab7800
3fa8b400
3fa8b400
3fa5f000
3fa32c00
3fa32c00
3fa06800
3f9da400
3f9da400
3f9ae000
3f981c00
3f981c00
3f955800
3f929400
3f929400
3f8fd000
3f8d0c00
3f8d0c00
3f8a4800
3f878400
3f878400
3f84c000
3f81fc00
3f81fc00
3f7e7000
3f78e800
3f78e800
3f736000
3f6dd800
3f6dd800
3f685000
3fcca800
3fcca800
3fc9e400
3fc72000
3fc72000
3fc45c00
3fc19800
3fc19800
3fbed400
3fbc1000
3fbc1000
3fb94c00
3fb68800
3fb68800
3fb3c400
3fb10000
3fb10000
3fae3c00
3fab7800
3fab7800
3fa8b400
3fa5f000
3fa5f000
3fa32c00
3fa06800
3fa06800
3f9da400
3f9ae000
3f9ae000
3f981c00
3f955800
3f955800
3f929400
3f8fd000
3f8fd000
3f8d0c00
3f8a4800
3f8a4800
3f878400
3f84c000
3f84c000
3f81fc00
3f7e7000
3f7e7000
3f78e800
3f736000
3f736000
3f6dd800
3fcca800
3fcca800
3fc9e400
3fc72000
3fc72000
3fc45c00
3fc19800
3fc19800
3fbed400
3fbc1000
3fbc1000
3fb94c00
3fb68800
3fb68800
3fb3c400
3fb10000
3fb10000
3fae3c00
3fab7800
3fab7800
3fa8b400
3fa5f000
3fa5f000
3fa32c00
3fa06800
3fa06800
3f9da400
3f9ae000
3f9ae000
3f981c00
3f955800
3f955800
3f929400
3f8fd000
3f8fd000
3f8d0c00
3f8a4800
3f8a4800
3f878400
3f84c000
3f84c000
3f81fc00
3f7e7000
3f7e7000
3f78e800
3f736000
3f736000
3f6dd800
3fcf6c00
3fcf6c00
3fcca800
3fc9e400
3fc9e400
3fc72000
3fc45c00
3fc45c00
3fc19800
3fbed400
3fbed400
3fbc1000
3fb94c00
3fb94c00
3fb68800
3fb3c400
3fb3c400
3fb10000
3fae3c00
3fae3c00
3fab7800
3fa8b400
3fa8b400
3fa5f000
3fa32c00
3fa32c00
3fa06800
3f9da400
3f9da400
3f9ae000
3f981c00
3f981c00
3f955800
3f929400
3f929400
3f8fd000
3f8d0c00
3f8d0c00
3f8a4800
3f878400
3f878400
3f84c000
3f81fc00
3f81fc00
3f7e7000
3f78e800
3f78e800
3f736000
3fd23000
3fd23000
3fcf6c00
3fcca800
3fcca800
3fc9e400
3fc72000
3fc72000
3fc45c00
3fc19800
3fc19800
3fbed400
3fbc1000
3fbc1000
3fb94c00
3fb68800
3fb68800
3fb3c400
3fb10000
3fb10000
3fae3c00
3fab7800
3fab7800
3fa8b400
3fa5f000
3fa5f000
3fa32c00
3fa06800
3fa06800
3f9da400
3f9ae000
3f9ae000
3f981c00
3f955800
3f955800
3f929400
3f8fd000
3f8fd000
3f8d0c00
3f8a4800
3f8a4800
3f878400
3f84c000
3f84c000
3f81fc00
3f7e7000
3f7e7000
3f78e800
3fd23000
3fd23000
3fcf6c00
3fcca800
3fcca800
3fc9e400
3fc72000
3fc72000
3fc45c00
3fc19800
3fc19800
3fbed400
3fbc1000
3fbc1000
3fb94c00
3fb68800
3fb68800
3fb3c400
3fb10000
3fb10000
3fae3c00
3fab7800
3fab7800
3fa8b400
3fa5f000
3fa5f000
3fa32c00
3fa06800
3fa06800
3f9da400
3f9ae000
3f9ae000
3f981c00
3f955800
3f955800
3f929400
3f8fd000
3f8fd000
3f8d0c00
3f8a4800
3f8a4800
3f878400
3f84c000
3f84c000
3f81fc00
3f7e7000
3f7e7000
3f78e800
3fd4f400
3fd4f400
3fd23000
3fcf6c00
3fcf6c00
3fcca800
3fc9e400
3fc9e400
3fc72000
3fc45c00
3fc45c00
3fc19800
3fbed400
3fbed400
3fbc1000
3fb94c00
3fb94c00
3fb68800
3fb3c400
3fb3c400
3fb10000
3fae3c00
3fae3c00
3fab7800
3fa8b400
3fa8b400
3fa5f000
3fa32c00
3fa32c00
3fa06800
3f9da400
3f9da400
3f9ae000
3f981c00
3f981c00
3f955800
3f929400
3f929400
3f8fd000
3f8d0c00
3f8d0c00
3f8a4800
3f878400
3f878400
3f84c000
3f81fc00
3f81fc00
3f7e7000
3fd7b800
3fd7b800
3fd4f400
3fd23000
3fd23000
3fcf6c00
3fcca800
3fcca800
3fc9e400
3fc72000
3fc72000
3fc45c00
3fc19800
3fc19800
3fbed400
3fbc1000
3fbc1000
3fb94c00
3fb68800
3fb68800
3fb3c400
3fb10000
3fb10000
3fae3c00
3fab7800
3fab7800
3fa8b400
3fa5f000
3fa5f000
3fa32c00
3fa06800
3fa06800
3f9da400
3f9ae000
3f9ae000
3f981c00
3f955800
3f955800
3f929400
3f8fd000
3f8fd000
3f8d0c00
3f8a4800
3f8a4800
3f878400
3f84c000
3f84c000
3f81fc00
3fd7b800
3fd7b800
3fd4f400
3fd23000
3fd23000
3fcf6c00
3fcca800
3fcca800
3fc9e400
3fc72000
3fc72000
3fc45c00
3fc19800
3fc19800
3fbed400
3fbc1000
3fbc1000
3fb94c00
3fb68800
3fb68800
3fb3c400
3fb10000
3fb10000
3fae3c00
3fab7800
3fab7800
3fa8b400
3fa5f000
3fa5f000
3fa32c00
3fa06800
3fa06800
3f9da400
3f9ae000
3f9ae000
3f981c00
3f955800
3f955800
3f929400
3f8fd000
3f8fd000
3f8d0c00
3f8a4800
3f8a4800
3f878400
3f84c000
3f84c000
3f81fc00
3fda7c00
3fda7c00
3fd7b800
3fd4f400
3fd4f400
3fd23000
3fcf6c00
3fcf6c00
3fcca800
3fc9e400
3fc9e400
3fc72000
3fc45c00
3fc45c00
3fc19800
3fbed400
3fbed400
3fbc1000
3fb94c00
3fb94c00
3fb68800
3fb3c400
3fb3c400
3fb10000
3fae3c00
3fae3c00
3fab7800
3fa8b400
3fa8b400
3fa5f000
3fa32c00
3fa32c00
3fa06800
3f9da400
3f9da400
3f9ae000
3f981c00
3f981c00
3f955800
3f929400
3f929400
3f8fd000
3f8d0c00
3f8d0c00
3f8a4800
3f878400
3f878400
3f84c000
3f84c000
3f84c000
3f84c000
3f84c000
3f84c000
3f84c000
3f84c000
3f84c000
3f84c000
3f84c000
3f84c000
3f84c000
3f84c000
3f84c000
3f84c000
3f84c000
3f84c000
3f84c000
3f84c000
3f84c000
3f84c000
3f84c000
3f84c000
3f84c000
3f84c000
3f84c000
3f84c000
3f84c000
3f84c000
3f84c000
3f84c000
3f84c000
3f84c000
3f84c000
3f84c000
3f84c000
3f84c000
3f84c000
3f84c000
3f84c000
3f84c000
3f84c000
3f84c000
3f84c000
3f84c000
3f84c000
3f84c000
3f84c000
3f84c000
3f84c000
3f84c000
3f84c000
3f84c000
3f84c000
3f84c000
3f84c000
3f84c000
3f84c000
3f84c000
3f84c000
3f84c000
3f84c000
3f84c000
3f84c000
3f84c000
3f84c000
3f84c000
3f84c000
3f84c000
3f84c000
3f84c000
3f84c000
3f84c000
3f84c000
3f84c000
3f84c000
3f84c000
3f84c000
3f84c000
3f84c000
3f84c000
3f84c000
3f84c000
3f84c000
3f84c000
3f84c000
3f84c000
3f84c000
3f84c000
3f84c000
3f84c000
3f84c000
3f84c000
3f84c000
3f84c000
3f84c000
3f84c000
3f84c000
3f84c000
3f84c000
3f84c000
3f84c000
3f84c000
3f84c000
3f84c000
3f84c000
3f84c000
3f84c000
3f84c000
3f84c000
3f84c000
3f84c000
3f84c000
3f84c000
3f84c000
3f84c000
3f84c000
3f84c000
3f84c000
3f84c000
3f84c000
3f84c000
3f84c000
3f84c000
3f84c000
3f84c000
3f84c000
3f84c000
3f84c000
3f84c000
3f84c000
3f84c000
3f84c000
3f84c000
3f84c000
3f84c000
3f84c000
3f84c000
3f84c000
3f84c000
3f84c000
3f84c000
3f84c000
3f84c000
3f84c000
3f84c000
3f84c000
3f84c000
3f84c000
3f84c000
3f84c000
3f84c000
3f84c000
3f84c000
3f84c000
3f84c000
3f84c000
3f84c000
3f84c000
3f84c000
3f84c000
3f84c000
3f84c000
3f84c000
3f84c000
3f84c000
3f84c000
3f84c000
3f84c000
3f84c000
3f84c000
3f84c000
3f84c000
3f84c000
3f84c000
3f84c000
3f84c000
3f84c000
3f84c000
3f84c000
3f84c000
3f84c000
3f84c000
3f84c000
3f84c000
3f84c000
3f84c000
3f84c000
3f84c000
3f84c000
3f84c000
3f84c000
3f84c000
3f84c000
3f84c000
3f84c000
3f84c000
3f84c000
3f84c000
3f84c000
3f84c000
3f84c000
3f84c000
3f84c000
3f84c000
3f84c000
3f84c000
3f84c000
3f84c000
3f84c000
3f84c000
3f84c000
3f84c000
3f84c000
3f84c000
3f84c000
3f84c000
3f84c000
3f84c000
3f84c000
3f84c000
3f84c000
3f84c000
3f84c000
3f84c000
3f84c000
3f84c000
3f84c000
3f84c000
3f84c000
3f84c000
3f84c000
3f84c000
3f84c000
3f84c000
3f84c000
3f84c000
3f84c000
3f84c000
3f84c000
3f84c000
3f84c000
3f84c000
3f84c000
3f84c000
3f84c000
3f84c000
3f84c000
3f84c000
3f84c000
3f84c000
3f84c000
3f84c000
3f84c000
3f84c000
3f84c000
3f84c000
3f84c000
3f84c000
3f84c000
3f84c000
3f84c000
3f84c000
3f84c000
3f84c000
3f84c000
3f84c000
3f84c000
3f84c000
3f84c000
3f84c000
3f84c000
3f84c000
3f84c000
3f84c000
3f84c000
3f84c000
3f84c000
3f84c000
3f84c000
3f84c000
3f84c000
3f84c000
3f84c000
3f84c000
3f84c000
3f84c000
3f84c000
3f84c000
3f84c000
3f84c000
3f84c000
3f84c000
3f84c000
3f84c000
3f84c000
3f84c000
3f84c000
3f84c000
3f84c000
3f84c000
3f84c000
3f84c000
3f84c000
3f84c000
3f84c000
3f84c000
3f84c000
3f84c000
3f84c000
3f84c000
3f84c000
3f84c000
3f84c000
3f84c000
3f84c000
3f84c000
3f84c000
3f84c000
3f84c000
3f84c000
3f84c000
3f84c000
3f84c000
3f84c000
3f84c000
3f84c000
3f84c000
3f84c000
3f84c000
3f84c000
3f84c000
3f84c000
3f84c000
3f84c000
3f84c000
3f84c000
3f84c000
3f84c000
3f84c000
3f84c000
3f84c000
3f84c000
3f84c000
3f84c000
3f84c000
3f84c000
3f84c000
3f84c000
3f84c000
3f84c000
3f84c000
3f84c000
3f84c000
3f84c000
3f84c000
3f84c000
3f84c000
3f84c000
3f84c000
3f84c000
3f84c000
3f84c000
3f84c000
3f84c000
3f84c000
3f84c000
3f84c000
3f84c000
3f84c000
3f84c000
3f84c000
3f84c000
3f84c000
3f84c000
3f84c000
3f84c000
3f84c000
3f84c000
3f84c000
3f84c000
3f84c000
3f84c000
3f84c000
3f84c000
3f84c000
3f84c000
3f84c000
3f84c000
3f84c000
3f84c000
3f84c000
3f84c000
3f84c000
3f84c000
3f84c000
3f84c000
3f84c000
3f84c000
3f84c000
3f84c000
3f84c000
3f84c000
3f84c000
3f84c000
3f84c000
3f84c000
3f84c000
3f84c000
3f84c000
3f84c000
3f84c000
3f84c000
3f84c000
3f84c000
3f84c000
3f84c000
3f84c000
3f84c000
3f84c000
3f84c000
3f84c000
3f84c000
3f84c000
3f84c000
3f84c000
3f84c000
3f84c000
3f84c000
3f84c000
3f84c000
3f84c000
3f84c000
3f84c000
3f84c000
3f84c000
3f84c000
3f84c000
3f84c000
3f84c000
3f84c000
3f84c000
3f84c000
3f84c000
3f84c000
3f84c000
3f84c000
3f84c000
3f84c000
3f84c000
3f84c000
3f84c000
3f84c000
3f84c000
3f84c000
3f84c000
3f84c000
3f84c000
3f84c000
3f84c000
3f84c000
3f84c000
3f84c000
3f84c000
3f84c000
3f84c000
3f84c000
3f84c000
3f84c000
3f84c000
3f84c000
3f84c000
3f84c000
3f84c000
3f84c000
3f84c000
3f84c000
3f84c000
3f84c000
3f84c000
3f84c000
3f84c000
3f84c000
3f84c000
3f84c000
3f84c000
3f84c000
3f84c000
3f84c000
3f84c000
3f84c000
3f84c000
3f84c000
3f84c000
3f84c000
3f84c000
3f84c000
3f84c000
3f84c000
3f84c000
3f84c000
3f84c000
3f84c000
3f84c000
3f84c000
3f84c000
3f84c000
3f84c000
3f84c000
3f84c000
3f84c000
3f84c000
3f84c000
3f84c000
3f84c000
3f84c000
3f84c000
3f84c000
3f84c000
3f84c000
3f84c000
3f84c000
3f84c000
3f84c000
3f84c000
3f84c000
3f84c000
3f84c000
3f84c000
3f84c000
3f84c000
3f84c000
3f84c000
3f84c000
3f84c000
3f84c000
3f84c000
3f84c000
3f84c000
3f84c000
3f84c000
3f84c000
3f84c000
3f84c000
3f84c000
3f84c000
3f84c000
3f84c000
3f84c000
3f84c000
3f84c000
3f84c000
3f84c000
3f84c000
3f84c000
3f84c000
3f84c000
3f84c000
3f84c000
3f84c000
3f84c000
3f84c000
3f84c000
3f84c000
3f84c000
3f84c000
3f84c000
3f84c000
3f84c000
3f84c000
3f84c000
3f84c000
3f84c000
3f84c000
3f84c000
3f84c000
3f84c000
3f84c000
3f84c000
3f84c000
3f84c000
3f84c000
3f84c000
3f84c000
3f84c000
3f84c000
3f84c000
3f84c000
3f84c000
3f84c000
3f84c000
3f84c000
3f84c000
3f84c000
3f84c000
3f84c000
3f84c000
3f84c000
3f84c000
3f84c000
3f84c000
3f84c000
3f84c000
3f84c000
3f84c000
3f84c000
3f84c000
3f84c000
3f84c000
3f84c000
3f84c000
3f84c000
3f84c000
3f84c000
3f84c000
3f84c000
3f84c000
3f84c000
3f84c000
3f84c000
3f84c000
3f84c000
3f84c000
3f84c000
3f84c000
3f84c000
3f84c000
3f84c000
3f84c000
3f84c000
3f84c000
3f84c000
3f84c000
3f84c000
3f84c000
3f84c000
3f84c000
3f84c000
3f84c000
3f84c000
3f84c000
3f84c000
3f84c000
3f84c000
3f84c000
3f84c000
3f84c000
3f84c000
3f84c000
3f84c000
3f84c000
3f84c000
3f84c000
3f84c000
3f84c000
3f84c000
3f84c000
3f84c000
3f84c000
3f84c000
3f84c000
3f84c000
3f84c000
3f84c000
3f84c000
3f84c000
3f84c000
3f84c000
3f84c000
3f84c000
3f84c000
3f84c000
3f84c000
3f84c000
3f84c000
3f84c000
3f84c000
3f84c000
3f84c000
3f84c000
3f84c000
3f84c000
3f84c000
3f84c000
3f84c000
3f84c000
3f84c000
3f84c000
3f84c000
3f84c000
3f84c000
3f84c000
3f84c000
3f84c000
3f84c000
3f84c000
3f84c000
3f84c000
3f84c000
3f84c000
3f84c000
3f84c000
3f84c000
3f84c000
3f84c000
3f84c000
3f84c000
3f84c000
3f84c000
3f84c000
3f84c000
3f84c000
3f84c000
3f84c000
3f84c000
3f84c000
3f84c000
3f84c000
3f84c000
3f84c000
3f84c000
3f84c000
3f84c000
3f84c000
3f84c000
3f84c000
3f84c000
3f84c000
3f84c000
3f84c000
3f84c000
3f84c000
3f84c000
3f84c000
3f84c000
3f84c000
3f84c000
3f84c000
3f84c000
3f84c000
3f84c000
3f84c000
3f84c000
3f84c000
3f84c000
3f84c000
3f84c000
3f84c000
3f84c000
3f84c000
3f84c000
3f84c000
3f84c000
3f84c000
3f84c000
3f84c000
3f84c000
3f84c000
3f84c000
3f84c000
3f84c000
3f84c000
3f84c000
3f84c000
3f84c000
3f84c000
3f84c000
3f84c000
3f84c000
3f84c000
3f84c000
3f84c000
3f84c000
3f84c000
3f84c000
3f84c000
3f84c000
3f84c000
3f84c000
3f84c000
3f84c000
3f84c000
3f84c000
3f84c000
3f84c000
3f84c000
3f84c000
3f84c000
3f84c000
3f84c000
3f84c000
3f84c000
3f84c000
3f84c000
3f84c000
3f84c000
3f84c000
3f84c000
3f84c000
3f84c000
3f84c000
3f84c000
3f84c000
3f84c000
3f84c000
3f84c000
3f84c000
3f84c000
3f84c000
3f84c000
3f84c000
3f84c000
3f84c000
3f84c000
3f84c000
3f84c000
3f84c000
3f84c000
3f84c000
3f84c000
3f84c000
3f84c000
3f84c000
3f84c000
3f84c000
3f84c000
3f84c000
3f84c000
3f84c000
3f84c000
3f84c000
3f84c000
3f84c000
3f84c000
3f84c000
3f84c000
3f84c000
3f84c000
3f84c000
3f84c000
3f84c000
3f84c000
3f84c000
3f84c000
3f84c000
3f84c000
3f84c000
3f84c000
3f84c000
3f84c000
3f84c000
3f84c000
3f84c000
3f84c000
3f84c000
3f84c000
3f84c000
3f84c000
3f84c000
3f84c000
3f84c000
3f84c000
3f84c000
3f84c000
3f84c000
3f84c000
3f84c000
3f84c000
3f84c000
3f84c000
3f84c000
3f84c000
3f84c000
3f84c000
3f84c000
3f84c000
3f84c000
3f84c000
3f84c000
3f84c000
3f84c000
3f84c000
3f84c000
3f84c000
3f84c000
3f84c000
3f84c000
3f84c000
3f84c000
3f84c000
3f84c000
3f84c000
3f84c000
3f84c000
3f84c000
3f84c000
3f84c000
3f84c000
3f84c000
3f84c000
3f84c000
3f84c000
3f84c000
3f84c000
3f84c000
3f84c000
3f84c000
3f84c000
3f84c000
3f84c000
3f84c000
3f84c000
3f84c000
3f84c000
3f84c000
3f84c000
3f84c000
3f84c000
3f84c000
3f84c000
3f84c000
3f84c000
3f84c000
3f84c000
3f84c000
3f84c000
3f84c000
3f84c000
3f84c000
3f84c000
3f84c000
3f84c000
3f84c000
3f84c000
3f84c000
3f84c000
3f84c000
3f84c000
3f84c000
3f84c000
3f84c000
3f84c000
3f84c000
3f84c000
3f84c000
3f84c000
3f84c000
3f84c000
3f84c000
3f84c000
3f84c000
3f84c000
3f84c000
3f84c000
3f84c000
3f84c000
3f84c000
3f84c000
3f84c000
3f84c000
3f84c000
3f84c000
3f84c000
3f84c000
3f84c000
3f84c000
3f84c000
3f84c000
3f84c000
3f84c000
3f84c000
3f84c000
3f84c000
3f84c000
3f84c000
3f84c000
3f84c000
3f84c000
3f84c000
3f84c000
3f84c000
3f84c000
3f84c000
3f84c000
3f84c000
3f84c000
3f84c000
3f84c000
3f84c000
3f84c000
3f84c000
3f84c000
3f84c000
3f84c000
3f84c000
3f84c000
3f84c000
3f84c000
3f84c000
3f84c000
3f84c000
3f84c000
3f84c000
3f84c000
3f84c000
3f84c000
3f84c000
3f84c000
3f84c000
3f84c000
3f84c000
3f84c000
3f84c000
3f84c000
3f84c000
3f84c000
3f84c000
3f84c000
3f84c000
3f84c000
3f84c000
3f84c000
3f84c000
3f84c000
3f84c000
3f84c000
3f84c000
3f84c000
3f84c000
3f84c000
3f84c000
3f84c000
3f84c000
3f84c000
3f84c000
3f84c000
3f84c000
3f84c000
3f84c000
3f84c000
3f84c000
3f84c000
3f84c000
3f84c000
3f84c000
3f84c000
3f84c000
3f84c000
3f84c000
3f84c000
3f84c000
3f84c000
3f84c000
3f84c000
3f84c000
3f84c000
3f84c000
3f84c000
3f84c000
3f84c000
3f84c000
3f84c000
3f84c000
3f84c000
3f84c000
3f84c000
3f84c000
3f84c000
3f84c000
3f84c000
3f84c000
3f84c000
3f84c000
3f84c000
3f84c000
3f84c000
3f84c000
3f84c000
3f84c000
3f84c000
3f84c000
3f84c000
3f84c000
3f84c000
3f84c000
3f84c000
3f84c000
3f84c000
3f84c000
3f84c000
3f84c000
3f84c000
3f84c000
3f84c000
3f84c000
3f84c000
3f84c000
3f84c000
3f84c000
3f84c000
3f84c000
3f84c000
3f84c000
3f84c000
3f84c000
3f84c000
3f84c000
3f84c000
3f84c000
3f84c000
3f84c000
3f84c000
3f84c000
3f84c000
3f84c000
3f84c000
3f84c000
3f84c000
3f84c000
3f84c000
3f84c000
3f84c000
3f84c000
3f84c000
3f84c000
3f84c000
3f84c000
3f84c000
3f84c000
3f84c000
3f84c000
3f84c000
3f84c000
3f84c000
3f84c000
3f84c000
3f84c000
3f84c000
3f84c000
3f84c000
3f84c000
3f84c000
3f84c000
3f84c000
3f84c000
3f84c000
3f84c000
3f84c000
3f84c000
3f84c000
3f84c000
3f84c000
3f84c000
3f84c000
3f84c000
3f84c000
3f84c000
3f84c000
3f84c000
3f84c000
3f84c000
3f84c000
3f84c000
3f84c000
3f84c000
3f84c000
3f84c000
3f84c000
3f84c000
3f84c000
3f84c000
3f84c000
3f84c000
3f84c000
3f84c000
3f84c000
3f84c000
3f84c000
3f84c000
3f84c000
3f84c000
3f84c000
3f84c000
3f84c000
3f84c000
3f84c000
3f84c000
3f84c000
3f84c000
3f84c000
3f84c000
3f84c000
3f84c000
3f84c000
3f84c000
3f84c000
3f84c000
3f84c000
3f84c000
3f84c000
3f84c000
3f84c000
3f84c000
3f84c000
3f84c000
3f84c000
3f84c000
3f84c000
3f84c000
3f84c000
3f84c000
3f84c000
3f84c000
3f84c000
3f84c000
3f84c000
3f84c000
3f84c000
3f84c000
3f84c000
3f84c000
3f84c000
3f84c000
3f84c000
3f84c000
3f84c000
3f84c000
3f84c000
3f84c000
3f84c000
3f84c000
3f84c000
3f84c000
3f84c000
3f84c000
3f84c000
3f84c000
3f84c000
3f84c000
3f84c000
3f84c000
3f84c000
3f84c000
3f84c000
3f84c000
3f84c000
3f84c000
3f84c000
3f84c000
3f84c000
3f84c000
3f84c000
3f84c000
3f84c000
3f84c000
3f84c000
3f84c000
3f84c000
3f84c000
3f84c000
3f84c000
3f84c000
3f84c000
3f84c000
3f84c000
3f84c000
3f84c000
3f84c000
3f84c000
3f84c000
3f84c000
3f84c000
3f84c000
3f84c000
3f84c000
3f84c000
3f84c000
3f84c000
3f84c000
3f84c000
3f84c000
3f84c000
3f84c000
3f84c000
3f84c000
3f84c000
3f84c000
3f84c000
3f84c000
3f84c000
3f84c000
3f84c000
3f84c000
3f84c000
3f84c000
3f84c000
3f84c000
3f84c000
3f84c000
3f84c000
3f84c000
3f84c000
3f84c000
3f84c000
3f84c000
3f84c000
3f84c000
3f84c000
3f84c000
3f84c000
3f84c000
3f84c000
3f84c000
3f84c000
3f84c000
3f84c000
3f84c000
3f84c000
3f84c000
3f84c000
3f84c000
3f84c000
3f84c000
3f84c000
3f84c000
3f84c000
3f84c000
3f84c000
3f84c000
3f84c000
3f84c000
3f84c000
3f84c000
3f84c000
3f84c000
3f84c000
3f84c000
3f84c000
3f84c000
3f84c000
3f84c000
3f84c000
3f84c000
3f84c000
3f84c000
3f84c000
3f84c000
3f84c000
3f84c000
3f84c000
3f84c000
3f84c000
3f84c000
3f84c000
3f84c000
3f84c000
3f84c000
3f84c000
3f84c000
3f84c000
3f84c000
3f84c000
3f84c000
3f84c000
3f84c000
3f84c000
3f84c000
3f84c000
3f84c000
3f84c000
3f84c000
3f84c000
3f84c000
3f84c000
3f84c000
3f84c000
3f84c000
3f84c000
3f84c000
3f84c000
3f84c000
3f84c000
3f84c000
3f84c000
3f84c000
3f84c000
3f84c000
3f84c000
3f84c000
3f84c000
3f84c000
3f84c000
3f84c000
3f84c000
3f84c000
3f84c000
3f84c000
3f84c000
3f84c000
3f84c000
3f84c000
3f84c000
3f84c000
3f84c000
3f84c000
3f84c000
3f84c000
3f84c000
3f84c000
3f84c000
3f84c000
3f84c000
3f84c000
3f84c000
3f84c000
3f84c000
3f84c000
3f84c000
3f84c000
3f84c000
3f84c000
3f84c000
3f84c000
3f84c000
3f84c000
3f84c000
3f84c000
3f84c000
3f84c000
3f84c000
3f84c000
3f84c000
3f84c000
3f84c000
3f84c000
3f84c000
3f84c000
3f84c000
3f84c000
3f84c000
3f84c000
3f84c000
3f84c000
3f84c000
3f84c000
3f84c000
3f84c000
3f84c000
3f84c000
3f84c000
3f84c000
3f84c000
3f84c000
3f84c000
3f84c000
3f84c000
3f84c000
3f84c000
3f84c000
3f84c000
3f84c000
3f84c000
3f84c000
3f84c000
3f84c000
3f84c000
3f84c000
3f84c000
3f84c000
3f84c000
3f84c000
3f84c000
3f84c000
3f84c000
3f84c000
3f84c000
3f84c000
3f84c000
3f84c000
3f84c000
3f84c000
3f84c000
3f84c000
3f84c000
3f84c000
3f84c000
3f84c000
3f84c000
3f84c000
3f84c000
3f84c000
3f84c000
3f84c000
3f84c000
3f84c000
3f84c000
3f84c000
3f84c000
3f84c000
3f84c000
3f84c000
3f84c000
3f84c000
3f84c000
3f84c000
3f84c000
3f84c000
3f84c000
3f84c000
3f84c000
3f84c000
3f84c000
3f84c000
3f84c000
3f84c000
3f84c000
3f84c000
3f84c000
3f84c000
3f84c000
3f84c000
3f84c000
3f84c000
3f84c000
3f84c000
3f84c000
3f84c000
3f84c000
3f84c000
3f84c000
3f84c000
3f84c000
3f84c000
3f84c000
3f84c000
3f84c000
3f84c000
3f84c000
3f84c000
3f84c000
3f84c000
3f84c000
3f84c000
3f84c000
3f84c000
3f84c000
3f84c000
3f84c000
3f84c000
3f84c000
3f84c000
3f84c000
3f84c000
3f84c000
3f84c000
3f84c000
3f84c000
3f84c000
3f84c000
3f84c000
3f84c000
3f84c000
3f84c000
3f84c000
3f84c000
3f84c000
3f84c000
3f84c000
3f84c000
3f84c000
3f84c000
3f84c000
3f84c000
3f84c000
3f84c000
3f84c000
3f84c000
3f84c000
3f84c000
3f84c000
3f84c000
3f84c000
3f84c000
3f84c000
3f84c000
3f84c000
3f84c000
3f84c000
3f84c000
3f84c000
3f84c000
3f84c000
3f84c000
3f84c000
3f84c000
3f84c000
3f84c000
3f84c000
3f84c000
3f84c000
3f84c000
3f84c000
3f84c000
3f84c000
3f84c000
3f84c000
3f84c000
3f84c000
3f84c000
3f84c000
3f84c000
3f84c000
3f84c000
3f84c000
3f84c000
3f84c000
3f84c000
3f84c000
3f84c000
3f84c000
3f84c000
3f84c000
3f84c000
3f84c000
3f84c000
3f84c000
3f84c000
3f84c000
3f84c000
3f84c000
3f84c000
3f84c000
3f84c000
3f84c000
3f84c000
3f84c000
3f84c000
3f84c000
3f84c000
3f84c000
3f84c000
3f84c000
3f84c000
3f84c000
3f84c000
3f84c000
3f84c000
3f84c000
3f84c000
3f84c000
3f84c000
3f84c000
3f84c000
3f84c000
3f84c000
3f84c000
3f84c000
3f84c000
3f84c000
3f84c000
3f84c000
3f84c000
3f84c000
3f84c000
3f84c000
3f84c000
3f84c000
3f84c000
3f84c000
3f84c000
3f84c000
3f84c000
3f84c000
3f84c000
3f84c000
3f84c000
3f84c000
3f84c000
3f84c000
3f84c000
3f84c000
3f84c000
3f84c000
3f84c000
3f84c000
3f84c000
3f84c000
3f84c000
3f84c000
3f84c000
3f84c000
3f84c000
3f84c000
3f84c000
3f84c000
3f84c000
3f84c000
3f84c000
3f84c000
3f84c000
3f84c000
3f84c000
3f84c000
3f84c000
3f84c000
3f84c000
3f84c000
3f84c000
3f84c000
3f84c000
3f84c000
3f84c000
3f84c000
3f84c000
3f84c000
3f84c000
3f84c000
3f84c000
3f84c000
3f84c000
3f84c000
3f84c000
3f84c000
3f84c000
3f84c000
3f84c000
3f84c000
3f84c000
3f84c000
3f84c000
3f84c000
3f84c000
3f84c000
3f84c000
3f84c000
3f84c000
3f84c000
3f84c000
3f84c000
3f84c000
3f84c000
3f84c000
3f84c000
3f84c000
3f84c000
3f84c000
3f84c000
3f84c000
3f84c000
3f84c000
3f84c000
3f84c000
3f84c000
3f84c000
3f84c000
3f84c000
3f84c000
3f84c000
3f84c000
3f84c000
3f84c000
3f84c000
3f84c000
3f84c000
3f84c000
3f84c000
3f84c000
3f84c000
3f84c000
3f84c000
3f84c000
3f84c000
3f84c000
3f84c000
3f84c000
3f84c000
3f84c000
3f84c000
3f84c000
3f84c000
3f84c000
3f84c000
3f84c000
3f84c000
3f84c000
3f84c000
3f84c000
3f84c000
3f84c000
3f84c000
3f84c000
3f84c000
3f84c000
3f84c000
3f84c000
3f84c000
3f84c000
3f84c000
3f84c000
3f84c000
3f84c000
3f84c000
3f84c000
3f84c000
3f84c000
3f84c000
3f84c000
3f84c000
3f84c000
3f84c000
3f84c000
3f84c000
3f84c000
3f84c000
3f84c000
3f84c000
3f84c000
3f84c000
3f84c000
3f84c000
3f84c000
3f84c000
3f84c000
3f84c000
3f84c000
3f84c000
3f84c000
3f84c000
3f84c000
3f84c000
3f84c000
3f84c000
3f84c000
3f84c000
3f84c000
3f84c000
3f84c000
3f84c000
3f84c000
3f84c000
3f84c000
3f84c000
3f84c000
3f84c000
3f84c000
3f84c000
3f84c000
3f84c000
3f84c000
3f84c000
3f84c000
3f84c000
3f84c000
3f84c000
3f84c000
3f84c000
3f84c000
3f84c000
3f84c000
3f84c000
3f84c000
3f84c000
3f84c000
3f84c000
3f84c000
3f84c000
3f84c000
3f84c000
3f84c000
3f84c000
3f84c000
3f84c000
3f84c000
3f84c000
3f84c000
3f84c000
3f84c000
3f84c000
3f84c000
3f84c000
3f84c000
3f84c000
3f84c000
3f84c000
3f84c000
3f84c000
3f84c000
3f84c000
3f84c000
3f84c000
3f84c000
3f84c000
3f84c000
3f84c000
3f84c000
3f84c000
3f84c000
3f84c000
3f84c000
3f84c000
3f84c000
3f84c000
3f84c000
3f84c000
3f84c000
3f84c000
3f84c000
3f84c000
3f84c000
3f84c000
3f84c000
3f84c000
3f84c000
3f84c000
3f84c000
3f84c000
3f84c000
3f84c000
3f84c000
3f84c000
3f84c000
3f84c000
3f84c000
3f84c000
3f84c000
3f84c000
3f84c000
3f84c000
3f84c000
3f84c000
3f84c000
3f84c000
3f84c000
3f84c000
3f84c000
3f84c000
3f84c000
3f84c000
3f84c000
3f84c000
3f84c000
3f84c000
3f84c000
3f84c000
3f84c000
3f84c000
3f84c000
3f84c000
3f84c000
3f84c000
3f84c000
3f84c000
3f84c000
3f84c000
3f84c000
3f84c000
3f84c000
3f84c000
3f84c000
3f84c000
3f84c000
3f84c000
3f84c000
3f84c000
3f84c000
3f84c000
3f84c000
3f84c000
3f84c000
3f84c000
3f84c000
3f84c000
3f84c000
3f84c000
3f84c000
3f84c000
3f84c000
3f84c000
3f84c000
3f84c000
3f84c000
3f84c000
3f84c000
3f84c000
3f84c000
3f84c000
3f84c000
3f84c000
3f84c000
3f84c000
3f84c000
3f84c000
3f84c000
3f84c000
3f84c000
3f84c000
3f84c000
3f84c000
3f84c000
3f84c000
3f84c000
3f84c000
3f84c000
3f84c000
3f84c000
3f84c000
3f84c000
3f84c000
3f84c000
3f84c000
3f84c000
3f84c000
3f84c000
3f84c000
3f84c000
3f84c000
3f84c000
3f84c000
3f84c000
3f84c000
3f84c000
3f84c000
3f84c000
3f84c000
3f84c000
3f84c000
3f84c000
3f84c000
3f84c000
3f84c000
3f84c000
3f84c000
3f84c000
3f84c000
3f84c000
3f84c000
3f84c000
3f84c000
3f84c000
3f84c000
3f84c000
3f84c000
3f84c000
3f84c000
3f84c000
3f84c000
3f84c000
3f84c000
3f84c000
3f84c000
3f84c000
3f84c000
3f84c000
3f84c000
3f84c000
3f84c000
3f84c000
3f84c000
3f84c000
3f84c000
3f84c000
3f84c000
3f84c000
3f84c000
3f84c000
3f84c000
3f84c000
3f84c000
3f84c000
3f84c000
3f84c000
3f84c000
3f84c000
3f84c000
3f84c000
3f84c000
3f84c000
3f84c000
3f84c000
3f84c000
3f84c000
3f84c000
3f84c000
3f84c000
3f84c000
3f84c000
3f84c000
3f84c000
3f84c000
3f84c000
3f84c000
3f84c000
3f84c000
3f84c000
3f84c000
3f84c000
3f84c000
3f84c000
3f84c000
3f84c000
3f84c000
3f84c000
3f84c000
3f84c000
3f84c000
3f84c000
3f84c000
3f84c000
3f84c000
3f84c000
3f84c000
3f84c000
3f84c000
3f84c000
3f84c000
3f84c000
3f84c000
3f84c000
3f84c000
3f84c000
3f84c000
3f84c000
3f84c000
3f84c000
3f84c000
3f84c000
3f84c000
3f84c000
3f84c000
3f84c000
3f84c000
3f84c000
3f84c000
3f84c000
3f84c000
3f84c000
3f84c000
3f84c000
3f84c000
3f84c000
3f84c000
3f84c000
3f84c000
3f84c000
3f84c000
3f84c000
3f84c000
3f84c000
3f84c000
3f84c000
3f84c000
3f84c000
3f84c000
3f84c000
3f84c000
3f84c000
3f84c000
3f84c000
3f84c000
3f84c000
3f84c000
3f84c000
3f84c000
3f84c000
3f84c000
3f84c000
3f84c000
3f84c000
3f84c000
3f84c000
3f84c000
3f84c000
3f84c000
3f84c000
3f84c000
3f84c000
3f84c000
3f84c000
3f84c000
3f84c000
3f84c000
3f84c000
3f84c000
3f84c000
3f84c000
3f84c000
3f84c000
3f84c000
3f84c000
3f84c000
3f84c000
3f84c000
3f84c000
3f84c000
3f84c000
3f84c000
3f84c000
3f84c000
3f84c000
3f84c000
3f84c000
3f84c000
3f84c000
3f84c000
3f84c000
3f84c000
3f84c000
3f84c000
3f84c000
3f84c000
3f84c000
3f84c000
3f84c000
3f84c000
3f84c000
3f84c000
3f84c000
3f84c000
3f84c000
3f84c000
3f84c000
3f84c000
3f84c000
3f84c000
3f84c000
3f84c000
3f84c000
3f84c000
3f84c000
3f84c000
3f84c000
3f84c000
3f84c000
3f84c000
3f84c000
3f84c000
3f84c000
3f84c000
3f84c000
3f84c000
3f84c000
3f84c000
3f84c000
3f84c000
3f84c000
3f84c000
3f84c000
3f84c000
3f84c000
3f84c000
3f84c000
3f84c000
3f84c000
3f84c000
3f84c000
3f84c000
3f84c000
3f84c000
3f84c000
3f84c000
3f84c000
3f84c000
3f84c000
3f84c000
3f84c000
3f84c000
3f84c000
3f84c000
3f84c000
3f84c000
3f84c000
3f84c000
3f84c000
3f84c000
3f84c000
3f84c000
3f84c000
3f84c000
3f84c000
3f84c000
3f84c000
3f84c000
3f84c000
3f84c000
3f84c000
3f84c000
3f84c000
3f84c000
3f84c000
3f84c000
3f84c000
3f84c000
3f84c000
3f84c000
3f84c000
3f84c000
3f84c000
3f84c000
3f84c000
3f84c000
3f84c000
3f84c000
3f84c000
3f84c000
3f84c000
3f84c000
3f84c000
3f84c000
3f84c000
3f84c000
3f84c000
3f84c000
3f84c000
3f84c000
3f84c000
3f84c000
3f84c000
3f84c000
3f84c000
3f84c000
3f84c000
3f84c000
3f84c000
3f84c000
3f84c000
3f84c000
3f84c000
3f84c000
3f84c000
3f84c000
3f84c000
3f84c000
3f84c000
3f84c000
3f84c000
3f84c000
3f84c000
3f84c000
3f84c000
3f84c000
3f84c000
3f84c000
3f84c000
3f84c000
3f84c000
3f84c000
3f84c000
3f84c000
3f84c000
3f84c000
3f84c000
3f84c000
3f84c000
3f84c000
3f84c000
3f84c000
3f84c000
3f84c000
3f84c000
3f84c000
3f84c000
3f84c000
3f84c000
3f84c000
3f84c000
3f84c000
3f84c000
3f84c000
3f84c000
3f84c000
3f84c000
3f84c000
3f84c000
3f84c000
3f84c000
3f84c000
3f84c000
3f84c000
3f84c000
3f84c000
3f84c000
3f84c000
3f84c000
3f84c000
3f84c000
3f84c000
3f84c000
3f84c000
3f84c000
3f84c000
3f84c000
3f84c000
3f84c000
3f84c000
3f84c000
3f84c000
3f84c000
3f84c000
3f84c000
3f84c000
3f84c000
3f84c000
3f84c000
3f84c000
3f84c000
3f84c000
3f84c000
3f84c000
3f84c000
3f84c000
3f84c000
3f84c000
3f84c000
3f84c000
3f84c000
3f84c000
3f84c000
3f84c000
3f84c000
3f84c000
3f84c000
3f84c000
3f84c000
3f84c000
3f84c000
3f84c000
3f84c000
3f84c000
3f84c000
3f84c000
3f84c000
3f84c000
3f84c000
3f84c000
3f84c000
3f84c000
3f84c000
3f84c000
3f84c000
3f84c000
3f84c000
3f84c000
3f84c000
3f84c000
3f84c000
3f84c000
3f84c000
3f84c000
3f84c000
3f84c000
3f84c000
3f84c000
3f84c000
3f84c000
3f84c000
3f84c000
3f84c000
3f84c000
3f84c000
3f84c000
3f84c000
3f84c000
3f84c000
3f84c000
3f84c000
3f84c000
3f84c000
3f84c000
3f84c000
3f84c000
3f84c000
3f84c000
3f84c000
3f84c000
3f84c000
3f84c000
3f84c000
3f84c000
3f84c000
3f84c000
3f84c000
3f84c000
3f84c000
3f84c000
3f84c000
3f84c000
3f84c000
3f84c000
3f84c000
3f84c000
3f84c000
3f84c000
3f84c000
3f84c000
3f84c000
3f84c000
3f84c000
3f84c000
3f84c000
3f84c000
3f84c000
3f84c000
3f84c000
3f84c000
3f84c000
3f84c000
3f84c000
3f84c000
3f84c000
3f84c000
3f84c000
3f84c000
3f84c000
3f84c000
3f84c000
3f84c000
3f84c000
3f84c000
3f84c000
3f84c000
3f84c000
3f84c000
3f84c000
3f84c000
3f84c000
3f84c000
3f84c000
3f84c000
3f84c000
3f84c000
3f84c000
3f84c000
3f84c000
3f84c000
3f84c000
3f84c000
3f84c000
3f84c000
3f84c000
3f84c000
3f84c000
3f84c000
3f84c000
3f84c000
3f84c000
3f84c000
3f84c000
3f84c000
3f84c000
3f84c000
3f84c000
3f84c000
3f84c000
3f84c000
3f84c000
3f84c000
3f84c000
3f84c000
3f84c000
3f84c000
3f84c000
3f84c000
3f84c000
3f84c000
3f84c000
3f84c000
3f84c000
3f84c000
3f84c000
3f84c000
3f84c000
3f84c000
3f84c000
3f84c000
3f84c000
3f84c000
3f84c000
3f84c000
3f84c000
3f84c000
3f84c000
3f84c000
3f84c000
3f84c000
3f84c000
3f84c000
3f84c000
3f84c000
3f84c000
3f84c000
3f84c000
3f84c000
3f84c000
3f84c000
3f84c000
3f84c000
3f84c000
3f84c000
3f84c000
3f84c000
3f84c000
3f84c000
3f84c000
3f84c000
3f84c000
3f84c000
3f84c000
3f84c000
3f84c000
3f84c000
3f84c000
3f84c000
3f84c000
3f84c000
3f84c000
3f84c000
3f84c000
3f84c000
3f84c000
3f84c000
3f84c000
3f84c000
3f84c000
3f84c000
3f84c000
3f84c000
3f84c000
3f84c000
3f84c000
3f84c000
3f84c000
3f84c000
3f84c000
3f84c000
3f84c000
3f84c000
3f84c000
3f84c000
3f84c000
3f84c000
3f84c000
3f84c000
3f84c000
3f84c000
3f84c000
3f84c000
3f84c000
3f84c000
3f84c000
3f84c000
3f84c000
3f84c000
3f84c000
3f84c000
3f84c000
3f84c000
3f84c000
3f84c000
3f84c000
3f84c000
3f84c000
3f84c000
3f84c000
3f84c000
3f84c000
3f84c000
3f84c000
3f84c000
3f84c000
3f84c000
3f84c000
3f84c000
3f84c000
3f84c000
3f84c000
3f84c000
3f84c000
3f84c000
3f84c000
3f84c000
3f84c000
3f84c000
3f84c000
3f84c000
3f84c000
3f84c000
3f84c000
3f84c000
3f84c000
3f84c000
3f84c000
3f84c000
3f84c000
3f84c000
3f84c000
3f84c000
3f84c000
3f84c000
3f84c000
3f84c000
3f84c000
3f84c000
3f84c000
3f84c000
3f84c000
3f84c000
3f84c000
3f84c000
3f84c000
3f84c000
3f84c000
3f84c000
3f84c000
3f84c000
3f84c000
3f84c000
3f84c000
3f84c000
3f84c000
3f84c000
3f84c000
3f84c000
3f84c000
3f84c000
3f84c000
3f84c000
3f84c000
3f84c000
3f84c000
3f84c000
3f84c000
3f84c000
3f84c000
3f84c000
3f84c000
3f84c000
3f84c000
3f84c000
3f84c000
3f84c000
3f84c000
3f84c000
3f84c000
3f84c000
3f84c000
3f84c000
3f84c000
3f84c000
3f84c000
3f84c000
3f84c000
3f84c000
3f84c000
3f84c000
3f84c000
3f84c000
3f84c000
3f84c000
3f84c000
3f84c000
3f84c000
3f84c000
3f84c000
3f84c000
3f84c000
3f84c000
3f84c000
3f84c000
3f84c000
3f84c000
3f84c000
3f84c000
3f84c000
3f84c000
3f84c000
3f84c000
3f84c000
3f84c000
3f84c000
3f84c000
3f84c000
3f84c000
3f84c000
3f84c000
3f84c000
3f84c000
3f84c000
3f84c000
3f84c000
3f84c000
3f84c000
3f84c000
3f84c000
3f84c000
3f84c000
3f84c000
3f84c000
3f84c000
3f84c000
3f84c000
3f84c000
3f84c000
3f84c000
3f84c000
3f84c000
3f84c000
3f84c000
3f84c000
3f84c000
3f84c000
3f84c000
3f84c000
3f84c000
3f84c000
3f84c000
3f84c000
3f84c000
3f84c000
3f84c000
3f84c000
3f84c000
3f84c000
3f84c000
3f84c000
3f84c000
3f84c000
3f84c000
3f84c000
3f84c000
3f84c000
3f84c000
3f84c000
3f84c000
3f84c000
3f84c000
3f84c000
3f84c000
3f84c000
3f84c000
3f84c000
3f84c000
3f84c000
3f84c000
3f84c000
3f84c000
3f84c000
3f84c000
3f84c000
3f84c000
3f84c000
3f84c000
3f84c000
3f84c000
3f84c000
3f84c000
3f84c000
3f84c000
3f84c000
3f84c000
3f84c000
3f84c000
3f84c000
3f84c000
3f84c000
3f84c000
3f84c000
3f84c000
3f84c000
3f84c000
3f84c000
3f84c000
3f84c000
3f84c000
3f84c000
3f84c000
3f84c000
3f84c000
3f84c000
3f84c000
3f84c000
3f84c000
3f84c000
3f84c000
3f84c000
3f84c000
3f84c000
3f84c000
3f84c000
3f84c000
3f84c000
3f84c000
3f84c000
3f84c000
3f84c000
3f84c000
3f84c000
3f84c000
3f84c000
3f84c000
3f84c000
3f84c000
3f84c000
3f84c000
3f84c000
3f84c000
3f84c000
3f84c000
3f84c000
3f84c000
3f84c000
3f84c000
3f84c000
3f84c000
3f84c000
3f84c000
3f84c000
3f84c000
3f84c000
3f84c000
3f84c000
3f84c000
3f84c000
3f84c000
3f84c000
3f84c000
3f84c000
3f84c000
3f84c000
3f84c000
3f84c000
3f84c000
3f84c000
3f84c000
3f84c000
3f84c000
3f84c000
3f84c000
3f84c000
3f84c000
3f84c000
3f84c000
3f84c000
3f84c000
3f84c000
3f84c000
3f84c000
3f84c000
3f84c000
3f84c000
3f84c000
3f84c000
3f84c000
3f84c000
3f84c000
3f84c000
3f84c000
3f84c000
3f84c000
3f84c000
3f84c000
3f84c000
3f84c000
3f84c000
3f84c000
3f84c000
3f84c000
3f84c000
3f84c000
3f84c000
3f84c000
3f84c000
3f84c000
3f84c000
3f84c000
3f84c000
3f84c000
3f84c000
3f84c000
3f84c000
3f84c000
3f84c000
3f84c000
3f84c000
3f84c000
3f84c000
3f84c000
3f84c000
3f84c000
3f84c000
3f84c000
3f84c000
3f84c000
3f84c000
3f84c000
3f84c000
3f84c000
3f84c000
3f84c000
3f84c000
3f84c000
3f84c000
3f84c000
3f84c000
3f84c000
3f84c000
3f84c000
3f84c000
3f84c000
3f84c000
3f84c000
3f84c000
3f84c000
3f84c000
3f84c000
3f84c000
3f84c000
3f84c000
3f84c000
3f84c000
3f84c000
3f84c000
3f84c000
3f84c000
3f84c000
3f84c000
3f84c000
3f84c000
3f84c000
3f84c000
3f84c000
3f84c000
3f84c000
3f84c000
3f84c000
3f84c000
3f84c000
3f84c000
3f84c000
3f84c000
3f84c000
3f84c000
3f84c000
3f84c000
3f84c000
3f84c000
3f84c000
3f84c000
3f84c000
3f84c000
3f84c000
3f84c000
3f84c000
3f84c000
3f84c000
3f84c000
3f84c000
3f84c000
3f84c000
3f84c000
3f84c000
3f84c000
3f84c000
3f84c000
3f84c000
3f84c000
3f84c000
3f84c000
3f84c000
3f84c000
3f84c000
3f84c000
3f84c000
3f84c000
3f84c000
3f84c000
3f84c000
3f84c000
3f84c000
3f84c000
3f84c000
3f84c000
3f84c000
3f84c000
3f84c000
3f84c000
3f84c000
3f84c000
3f84c000
3f84c000
3f84c000
3f84c000
3f84c000
3f84c000
3f84c000
3f84c000
3f84c000
3f84c000
3f84c000
3f84c000
3f84c000
3f84c000
3f84c000
3f84c000
3f84c000
3f84c000
3f84c000
3f84c000
3f84c000
3f84c000
3f84c000
3f84c000
3f84c000
3f84c000
3f84c000
3f84c000
3f84c000
3f84c000
3f84c000
3f84c000
3f84c000
3f84c000
3f84c000
3f84c000
3f84c000
3f84c000
3f84c000
3f84c000
3f84c000
3f84c000
3f84c000
3f84c000
3f84c000
3f84c000
3f84c000
3f84c000
3f84c000
3f84c000
3f84c000
3f84c000
3f84c000
3f84c000
3f84c000
3f84c000
3f84c000
3f84c000
3f84c000
3f84c000
3f84c000
3f84c000
3f84c000
3f84c000
3f84c000
3f84c000
3f84c000
3f84c000
3f84c000
3f84c000
3f84c000
3f84c000
3f84c000
3f84c000
3f84c000
3f84c000
3f84c000
3f84c000
3f84c000
3f84c000
3f84c000
3f84c000
3f84c000
3f84c000
3f84c000
3f84c000
3f84c000
3f84c000
3f84c000
3f84c000
3f84c000
3f84c000
3f84c000
3f84c000
3f84c000
3f84c000
3f84c000
3f84c000
3f84c000
3f84c000
3f84c000
3f84c000
3f84c000
3f84c000
3f84c000
3f84c000
3f84c000
3f84c000
3f84c000
3f84c000
3f84c000
3f84c000
3f84c000
3f84c000
3f84c000
3f84c000
3f84c000
3f84c000
3f84c000
3f84c000
3f84c000
3f84c000
3f84c000
3f84c000
3f84c000
3f84c000
3f84c000
3f84c000
3f84c000
3f84c000
3f84c000
3f84c000
3f84c000
3f84c000
3f84c000
3f84c000
3f84c000
3f84c000
3f84c000
3f84c000
3f84c000
3f84c000
3f84c000
3f84c000
3f84c000
3f84c000
3f84c000
3f84c000
3f84c000
3f84c000
3f84c000
3f84c000
3f84c000
3f84c000
3f84c000
3f84c000
3f84c000
3f84c000
3f84c000
3f84c000
3f84c000
3f84c000
3f84c000
3f84c000
3f84c000
3f84c000
3f84c000
3f84c000
3f84c000
3f84c000
3f84c000
3f84c000
3f84c000
3f84c000
3f84c000
3f84c000
3f84c000
3f84c000
3f84c000
3f84c000
3f84c000
3f84c000
3f84c000
3f84c000
3f84c000
3f84c000
3f84c000
3f84c000
3f84c000
3f84c000
3f84c000
3f84c000
3f84c000
3f84c000
3f84c000
3f84c000
3f84c000
3f84c000
3f84c000
3f84c000
3f84c000
3f84c000
3f84c000
3f84c000
3f84c000
3f84c000
3f84c000
3f84c000
3f84c000
3f84c000
3f84c000
3f84c000
3f84c000
3f84c000
3f84c000
3f84c000
3f84c000
3f84c000
3f84c000
3f84c000
3f84c000
3f84c000
3f84c000
3f84c000
3f84c000
3f84c000
3f84c000
3f84c000
3f84c000
3f84c000
3f84c000
3f84c000
3f84c000
3f84c000
3f84c000
3f84c000
3f84c000
3f84c000
3f84c000
3f84c000
3f84c000
3f84c000
3f84c000
3f84c000
3f84c000
3f84c000
3f84c000
3f84c000
3f84c000
3f84c000
3f84c000
3f84c000
3f84c000
3f84c000
3f84c000
3f84c000
3f84c000
3f84c000
3f84c000
3f84c000
3f84c000
3f84c000
3f84c000
3f84c000
3f84c000
3f84c000
3f84c000
3f84c000
3f84c000
3f84c000
3f84c000
3f84c000
3f84c000
3f84c000
3f84c000
3f84c000
3f84c000
3f84c000
3f84c000
3f84c000
3f84c000
3f84c000
3f84c000
3f84c000
3f84c000
3f84c000
3f84c000
3f84c000
3f84c000
3f84c000
3f84c000
3f84c000
3f84c000
3f84c000
3f84c000
3f84c000
3f84c000
3f84c000
3f84c000
3f84c000
3f84c000
3f84c000
3f84c000
3f84c000
3f84c000
3f84c000
3f84c000
3f84c000
3f84c000
3f84c000
3f84c000
3f84c000
3f84c000
3f84c000
3f84c000
3f84c000
3f84c000
3f84c000
3f84c000
3f84c000
3f84c000
3f84c000
3f84c000
3f84c000
3f84c000
3f84c000
3f84c000
3f84c000
3f84c000
3f84c000
3f84c000
3f84c000
3f84c000
3f84c000
3f84c000
3f84c000
3f84c000
3f84c000
3f84c000
3f84c000
3f84c000
3f84c000
3f84c000
3f84c000
3f84c000
3f84c000
3f84c000
3f84c000
3f84c000
3f84c000
3f84c000
3f84c000
3f84c000
3f84c000
3f84c000
3f84c000
3f84c000
3f84c000
3f84c000
3f84c000
3f84c000
3f84c000
3f84c000
3f84c000
3f84c000
3f84c000
3f84c000
3f84c000
3f84c000
3f84c000
3f84c000
3f84c000
3f84c000
3f84c000
3f84c000
3f84c000
3f84c000
3f84c000
3f84c000
3f84c000
3f84c000
3f84c000
3f84c000
3f84c000
3f84c000
3f84c000
3f84c000
3f84c000
3f84c000
3f84c000
3f84c000
3f84c000
3f84c000
3f84c000
3f84c000
3f84c000
3f84c000
3f84c000
3f84c000
3f84c000
3f84c000
3f84c000
3f84c000
3f84c000
3f84c000
3f84c000
3f84c000
3f84c000
3f84c000
3f84c000
3f84c000
3f84c000
3f84c000
3f84c000
3f84c000
3f84c000
3f84c000
3f84c000
3f84c000
3f84c000
3f84c000
3f84c000
3f84c000
3f84c000
3f84c000
3f84c000
3f84c000
3f84c000
3f84c000
3f84c000
3f84c000
3f84c000
3f84c000
3f84c000
3f84c000
3f84c000
3f84c000
3f84c000
3f84c000
3f84c000
3f84c000
3f84c000
3f84c000
3f84c000
3f84c000
3f84c000
3f84c000
3f84c000
3f84c000
3f84c000
3f84c000
3f84c000
3f84c000
3f84c000
3f84c000
3f84c000
3f84c000
3f84c000
3f84c000
3f84c000
3f84c000
3f84c000
3f84c000
3f84c000
3f84c000
3f84c000
3f84c000
3f84c000
3f84c000
3f84c000
3f84c000
3f84c000
3f84c000
3f84c000
3f84c000
3f84c000
3f84c000
3f84c000
3f84c000
3f84c000
3f84c000
3f84c000
3f84c000
3f84c000
3f84c000
3f84c000
3f84c000
3f84c000
3f84c000
3f84c000
3f84c000
3f84c000
3f84c000
3f84c000
3f84c000
3f84c000
3f84c000
3f84c000
3f84c000
3f84c000
3f84c000
3f84c000
3f84c000
3f84c000
3f84c000
3f84c000
3f84c000
3f84c000
3f84c000
3f84c000
3f84c000
3f84c000
3f84c000
3f84c000
3f84c000
3f84c000
3f84c000
3f84c000
3f84c000
3f84c000
3f84c000
3f84c000
3f84c000
3f84c000
3f84c000
3f84c000
3f84c000
3f84c000
3f84c000
3f84c000
3f84c000
3f84c000
3f84c000
3f84c000
3f84c000
3f84c000
3f84c000
3f84c000
3f84c000
3f84c000
3f84c000
3f84c000
3f84c000
3f84c000
3f84c000
3f84c000
3f84c000
3f84c000
3f84c000
3f84c000
3f84c000
3f84c000
3f84c000
3f84c000
3f84c000
3f84c000
3f84c000
3f84c000
3f84c000
3f84c000
3f84c000
3f84c000
3f84c000
3f84c000
3f84c000
3f84c000
3f84c000
3f84c000
3f84c000
3f84c000
3f84c000
3f84c000
3f84c000
3f84c000
3f84c000
3f84c000
3f84c000
3f84c000
3f84c000
3f84c000
3f84c000
3f84c000
3f84c000
3f84c000
3f84c000
3f84c000
3f84c000
3f84c000
3f84c000
3f84c000
3f84c000
3f84c000
3f84c000
3f84c000
3f84c000
3f84c000
3f84c000
3f84c000
3f84c000
3f84c000
3f84c000
3f84c000
3f84c000
3f84c000
3f84c000
3f84c000
3f84c000
3f84c000
3f84c000
3f84c000
3f84c000
3f84c000
3f84c000
3f84c000
3f84c000
3f84c000
3f84c000
3f84c000
3f84c000
3f84c000
3f84c000
3f84c000
3f84c000
3f84c000
3f84c000
3f84c000
3f84c000
3f84c000
3f84c000
3f84c000
3f84c000
3f84c000
3f84c000
3f84c000
3f84c000
3f84c000
3f84c000
3f84c000
3f84c000
3f84c000
3f84c000
3f84c000
3f84c000
3f84c000
3f84c000
3f84c000
3f84c000
3f84c000
3f84c000
3f84c000
3f84c000
3f84c000
3f84c000
3f84c000
3f84c000
3f84c000
3f84c000
3f84c000
3f84c000
3f84c000
3f84c000
3f84c000
3f84c000
3f84c000
3f84c000
3f84c000
3f84c000
3f84c000
3f84c000
3f84c000
3f84c000
3f84c000
3f84c000
3f84c000
3f84c000
3f84c000
3f84c000
3f84c000
3f84c000
3f84c000
3f84c000
3f84c000
3f84c000
3f84c000
3f84c000
3f84c000
3f84c000
3f84c000
3f84c000
3f84c000
3f84c000
3f84c000
3f84c000
3f84c000
3f84c000
3f84c000
3f84c000
3f84c000
3f84c000
3f84c000
3f84c000
3f84c000
3f84c000
3f84c000
3f84c000
3f84c000
3f84c000
3f84c000
3f84c000
3f84c000
3f84c000
3f84c000
3f84c000
3f84c000
3f84c000
3f84c000
3f84c000
3f84c000
3f84c000
3f84c000
3f84c000
3f84c000
3f84c000
3f84c000
3f84c000
3f84c000
3f84c000
3f84c000
3f84c000
3f84c000
3f84c000
3f84c000
3f84c000
3f84c000
3f84c000
3f84c000
3f84c000
3f84c000
3f84c000
3f84c000
3f84c000
3f84c000
3f84c000
3f84c000
3f84c000
3f84c000
3f84c000
3f84c000
3f84c000
3f84c000
3f84c000
3f84c000
3f84c000
3f84c000
3f84c000
3f84c000
3f84c000
3f84c000
3f84c000
3f84c000
3f84c000
3f84c000
3f84c000
3f84c000
3f84c000
3f84c000
3f84c000
3f84c000
3f84c000
3f84c000
3f84c000
3f84c000
3f84c000
3f84c000
3f84c000
3f84c000
3f84c000
3f84c000
3f84c000
3f84c000
3f84c000
3f84c000
3f84c000
3f84c000
3f84c000
3f84c000
3f84c000
3f84c000
3f84c000
3f84c000
3f84c000
3f84c000
3f84c000
3f84c000
3f84c000
3f84c000
3f84c000
3f84c000
3f84c000
3f84c000
3f84c000
3f84c000
3f84c000
3f84c000
3f84c000
3f84c000
3f84c000
3f84c000
3f84c000
3f84c000
3f84c000
3f84c000
3f84c000
3f84c000
3f84c000
3f84c000
3f84c000
3f84c000
3f84c000
3f84c000
3f84c000
3f84c000
3f84c000
3f84c000
3f84c000
3f84c000
3f84c000
3f84c000
3f84c000
3f84c000
3f84c000
3f84c000
3f84c000
3f84c000
3f84c000
3f84c000
3f84c000
3f84c000
3f84c000
3f84c000
3f84c000
3f84c000
3f84c000
3f84c000
3f84c000
3f84c000
3f84c000
3f84c000
3f84c000
3f84c000
3f84c000
3f84c000
3f84c000
3f84c000
3f84c000
3f84c000
3f84c000
3f84c000
3f84c000
3f84c000
3f84c000
3f84c000
3f84c000
3f84c000
3f84c000
3f84c000
3f84c000
3f84c000
3f84c000
3f84c000
3f84c000
3f84c000
3f84c000
3f84c000
3f84c000
3f84c000
3f84c000
3f84c000
3f84c000
3f84c000
3f84c000
3f84c000
3f84c000
3f84c000
3f84c000
3f84c000
3f84c000
3f84c000
3f84c000
3f84c000
3f84c000
3f84c000
3f84c000
3f84c000
3f84c000
3f84c000
3f84c000
3f84c000
3f84c000
3f84c000
3f84c000
3f84c000
3f84c000
3f84c000
3f84c000
3f84c000
3f84c000
3f84c000
3f84c000
3f84c000
3f84c000
3f84c000
3f84c000
3f84c000
3f84c000
3f84c000
3f84c000
3f84c000
3f84c000
3f84c000
3f84c000
3f84c000
3f84c000
3f84c000
3f84c000
3f84c000
3f84c000
3f84c000
3f84c000
3f84c000
3f84c000
3f84c000
3f84c000
3f84c000
3f84c000
3f84c000
3f84c000
3f84c000
3f84c000
3f84c000
3f84c000
3f84c000
3f84c000
3f84c000
3f84c000
3f84c000
3f84c000
3f84c000
3f84c000
3f84c000
3f84c000
3f84c000
3f84c000
3f84c000
3f84c000
3f84c000
3f84c000
3f84c000
3f84c000
3f84c000
3f84c000
3f84c000
3f84c000
3f84c000
3f84c000
3f84c000
3f84c000
3f84c000
3f84c000
3f84c000
3f84c000
3f84c000
3f84c000
3f84c000
3f84c000
3f84c000
3f84c000
3f84c000
3f84c000
3f84c000
3f84c000
3f84c000
3f84c000
3f84c000
3f84c000
3f84c000
3f84c000
3f84c000
3f84c000
3f84c000
3f84c000
3f84c000
3f84c000
3f84c000
3f84c000
3f84c000
3f84c000
3f84c000
3f84c000
3f84c000
3f84c000
3f84c000
3f84c000
3f84c000
3f84c000
3f84c000
3f84c000
3f84c000
3f84c000
3f84c000
3f84c000
3f84c000
3f84c000
3f84c000
3f84c000
3f84c000
3f84c000
3f84c000
3f84c000
3f84c000
3f84c000
3f84c000
3f84c000
3f84c000
3f84c000
3f84c000
3f84c000
3f84c000
3f84c000
3f84c000
3f84c000
3f84c000
3f84c000
3f84c000
3f84c000
3f84c000
3f84c000
3f84c000
3f84c000
3f84c000
3f84c000
3f84c000
3f84c000
3f84c000
3f84c000
3f84c000
3f84c000
3f84c000
3f84c000
3f84c000
3f84c000
3f84c000
3f84c000
3f84c000
3f84c000
3f84c000
3f84c000
3f84c000
3f84c000
3f84c000
3f84c000
3f84c000
3f84c000
3f84c000
3f84c000
3f84c000
3f84c000
3f84c000
3f84c000
3f84c000
3f84c000
3f84c000
3f84c000
3f84c000
3f84c000
3f84c000
3f84c000
3f84c000
3f84c000
3f84c000
3f84c000
3f84c000
3f84c000
3f84c000
3f84c000
3f84c000
3f84c000
3f84c000
3f84c000
3f84c000
3f84c000
3f84c000
3f84c000
3f84c000
3f84c000
3f84c000
3f84c000
3f84c000
3f84c000
3f84c000
3f84c000
3f84c000
3f84c000
3f84c000
3f84c000
3f84c000
3f84c000
3f84c000
3f84c000
3f84c000
3f84c000
3f84c000
3f84c000
3f84c000
3f84c000
3f84c000
3f84c000
3f84c000
3f84c000
3f84c000
3f84c000
3f84c000
3f84c000
3f84c000
3f84c000
3f84c000
3f84c000
3f84c000
3f84c000
3f84c000
3f84c000
3f84c000
3f84c000
3f84c000
3f84c000
3f84c000
3f84c000
3f84c000
3f84c000
3f84c000
3f84c000
3f84c000
3f84c000
3f84c000
3f84c000
3f84c000
3f84c000
3f84c000
3f84c000
3f84c000
3f84c000
3f84c000
3f84c000
3f84c000
3f84c000
3f84c000
3f84c000
3f84c000
3f84c000
3f84c000
3f84c000
3f84c000
3f84c000
3f84c000
3f84c000
3f84c000
3f84c000
3f84c000
3f84c000
3f84c000
3f84c000
3f84c000
3f84c000
3f84c000
3f84c000
3f84c000
3f84c000
3f84c000
3f84c000
3f84c000
3f84c000
3f84c000
3f84c000
3f84c000
3f84c000
3f84c000
3f84c000
3f84c000
3f84c000
3f84c000
3f84c000
3f84c000
3f84c000
3f84c000
3f84c000
3f84c000
3f84c000
3f84c000
3f84c000
3f84c000
3f84c000
3f84c000
3f84c000
3f84c000
3f84c000
3f84c000
3f84c000
3f84c000
3f84c000
3f84c000
3f84c000
3f84c000
3f84c000
3f84c000
3f84c000
3f84c000
3f84c000
3f84c000
3f84c000
3f84c000
3f84c000
3f84c000
3f84c000
3f84c000
3f84c000
3f84c000
3f84c000
3f84c000
3f84c000
3f84c000
3f84c000
3f84c000
3f84c000
3f84c000
3f84c000
3f84c000
3f84c000
3f84c000
3f84c000
3f84c000
3f84c000
3f84c000
3f84c000
3f84c000
3f84c000
3f84c000
3f84c000
3f84c000
3f84c000
3f84c000
3f84c000
3f84c000
3f84c000
3f84c000
3f84c000
3f84c000
3f84c000
3f84c000
3f84c000
3f84c000
3f84c000
3f84c000
3f84c000
3f84c000
3f84c000
3f84c000
3f84c000
3f84c000
3f84c000
3f84c000
3f84c000
3f84c000
3f84c000
3f84c000
3f84c000
3f84c000
3f84c000
3f84c000
3f84c000
3f84c000
3f84c000
3f84c000
3f84c000
3f84c000
3f84c000
3f84c000
3f84c000
3f84c000
3f84c000
3f84c000
3f84c000
3f84c000
3f84c000
3f84c000
3f84c000
3f84c000
3f84c000
3f84c000
3f84c000
3f84c000
3f84c000
3f84c000
3f84c000
3f84c000
3f84c000
3f84c000
3f84c000
3f84c000
3f84c000
3f84c000
3f84c000
3f84c000
3f84c000
3f84c000
3f84c000
3f84c000
3f84c000
3f84c000
3f84c000
3f84c000
3f84c000
3f84c000
3f84c000
3f84c000
3f84c000
3f84c000
3f84c000
3f84c000
3f84c000
3f84c000
3f84c000
3f84c000
3f84c000
3f84c000
3f84c000
3f84c000
3f84c000
3f84c000
3f84c000
3f84c000
3f84c000
3f84c000
3f84c000
3f84c000
3f84c000
3f84c000
3f84c000
3f84c000
3f84c000
3f84c000
3f84c000
3f84c000
3f84c000
3f84c000
3f84c000
3f84c000
3f84c000
3f84c000
3f84c000
3f84c000
3f84c000
3f84c000
3f84c000
3f84c000
3f84c000
3f84c000
3f84c000
3f84c000
3f84c000
3f84c000
3f84c000
3f84c000
3f84c000
3f84c000
3f84c000
3f84c000
3f84c000
3f84c000
3f84c000
3f84c000
3f84c000
3f84c000
3f84c000
3f84c000
3f84c000
3f84c000
3f84c000
3f84c000
3f84c000
3f84c000
3f84c000
3f84c000
3f84c000
3f84c000
3f84c000
3f84c000
3f84c000
3f84c000
3f84c000
3f84c000
3f84c000
3f84c000
3f84c000
3f84c000
3f84c000
3f84c000
3f84c000
3f84c000
3f84c000
3f84c000
3f84c000
3f84c000
3f84c000
3f84c000
3f84c000
3f84c000
3f84c000
3f84c000
3f84c000
3f84c000
3f84c000
3f84c000
3f84c000
3f84c000
3f84c000
3f84c000
3f84c000
3f84c000
3f84c000
3f84c000
3f84c000
3f84c000
3f84c000
3f84c000
3f84c000
3f84c000
3f84c000
3f84c000
3f84c000
3f84c000
3f84c000
3f84c000
3f84c000
3f84c000
3f84c000
3f84c000
3f84c000
3f84c000
3f84c000
3f84c000
3f84c000
3f84c000
3f84c000
3f84c000
3f84c000
3f84c000
3f84c000
3f84c000
3f84c000
3f84c000
3f84c000
3f84c000
3f84c000
3f84c000
3f84c000
3f84c000
3f84c000
3f84c000
3f84c000
3f84c000
3f84c000
3f84c000
3f84c000
3f84c000
3f84c000
3f84c000
3f84c000
3f84c000
3f84c000
3f84c000
3f84c000
3f84c000
3f84c000
3f84c000
3f84c000
3f84c000
3f84c000
3f84c000
3f84c000
3f84c000
3f84c000
3f84c000
3f84c000
3f84c000
3f84c000
3f84c000
3f84c000
3f84c000
3f84c000
3f84c000
3f84c000
3f84c000
3f84c000
3f84c000
3f84c000
3f84c000
3f84c000
3f84c000
3f84c000
3f84c000
3f84c000
3f84c000
3f84c000
3f84c000
3f84c000
3f84c000
3f84c000
3f84c000
3f84c000
3f84c000
3f84c000
3f84c000
3f84c000
3f84c000
3f84c000
3f84c000
3f84c000
3f84c000
3f84c000
3f84c000
3f84c000
3f84c000
3f84c000
3f84c000
3f84c000
3f84c000
3f84c000
3f84c000
3f84c000
3f84c000
3f84c000
3f84c000
3f84c000
3f84c000
3f84c000
3f84c000
3f84c000
3f84c000
3f84c000
3f84c000
3f84c000
3f84c000
3f84c000
3f84c000
3f84c000
3f84c000
3f84c000
3f84c000
3f84c000
3f84c000
3f84c000
3f84c000
3f84c000
3f84c000
3f84c000
3f84c000
3f84c000
3f84c000
3f84c000
3f84c000
3f84c000
3f84c000
3f84c000
3f84c000
3f84c000
3f84c000
3f84c000
3f84c000
3f84c000
3f84c000
3f84c000
3f84c000
3f84c000
3f84c000
3f84c000
3f84c000
3f84c000
3f84c000
3f84c000
3f84c000
3f84c000
3f84c000
3f84c000
3f84c000
3f84c000
3f84c000
3f84c000
3f84c000
3f84c000
3f84c000
3f84c000
3f84c000
3f84c000
3f84c000
3f84c000
3f84c000
3f84c000
3f84c000
3f84c000
3f84c000
3f84c000
3f84c000
3f84c000
3f84c000
3f84c000
3f84c000
3f84c000
3f84c000
3f84c000
3f84c000
3f84c000
3f84c000
3f84c000
3f84c000
3f84c000
3f84c000
3f84c000
3f84c000
3f84c000
3f84c000
3f84c000
3f84c000
3f84c000
3f84c000
3f84c000
3f84c000
3f84c000
3f84c000
3f84c000
3f84c000
3f84c000
3f84c000
3f84c000
3f84c000
3f84c000
3f84c000
3f84c000
3f84c000
3f84c000
3f84c000
3f84c000
3f84c000
3f84c000
3f84c000
3f84c000
3f84c000
3f84c000
3f84c000
3f84c000
3f84c000
3f84c000
3f84c000
3f84c000
3f84c000
3f84c000
3f84c000
3f84c000
3f84c000
3f84c000
3f84c000
3f84c000
3f84c000
3f84c000
3f84c000
3f84c000
3f84c000
3f84c000
3f84c000
3f84c000
3f84c000
3f84c000
3f84c000
3f84c000
3f84c000
3f84c000
3f84c000
3f84c000
3f84c000
3f84c000
3f84c000
3f84c000
3f84c000
3f84c000
3f84c000
3f84c000
3f84c000
3f84c000
3f84c000
3f84c000
3f84c000
3f84c000
3f84c000
3f84c000
3f84c000
3f84c000
3f84c000
3f84c000
3f84c000
3f84c000
3f84c000
3f84c000
3f84c000
3f84c000
3f84c000
3f84c000
3f84c000
3f84c000
3f84c000
3f84c000
3f84c000
3f84c000
3f84c000
3f84c000
3f84c000
3f84c000
3f84c000
3f84c000
3f84c000
3f84c000
3f84c000
3f84c000
3f84c000
3f84c000
3f84c000
3f84c000
3f84c000
3f84c000
3f84c000
3f84c000
3f84c000
3f84c000
3f84c000
3f84c000
3f84c000
3f84c000
3f84c000
3f84c000
3f84c000
3f84c000
3f84c000
3f84c000
3f84c000
3f84c000
3f84c000
3f84c000
3f84c000
3f84c000
3f84c000
3f84c000
3f84c000
3f84c000
3f84c000
3f84c000
3f84c000
3f84c000
3f84c000
3f84c000
3f84c000
3f84c000
3f84c000
3f84c000
3f84c000
3f84c000
3f84c000
3f84c000
3f84c000
3f84c000
3f84c000
3f84c000
3f84c000
3f84c000
3f84c000
3f84c000
3f84c000
3f84c000
3f84c000
3f84c000
3f84c000
3f84c000
3f84c000
3f84c000
3f84c000
3f84c000
3f84c000
3f84c000
3f84c000
3f84c000
3f84c000
3f84c000
3f84c000
3f84c000
3f84c000
3f84c000
3f84c000
3f84c000
3f84c000
3f84c000
3f84c000
3f84c000
3f84c000
3f84c000
3f84c000
3f84c000
3f84c000
3f84c000
3f84c000
3f84c000
3f84c000
3f84c000
3f84c000
3f84c000
3f84c000
3f84c000
3f84c000
3f84c000
3f84c000
3f84c000
3f84c000
3f84c000
3f84c000
3f84c000
3f84c000
3f84c000
3f84c000
3f84c000
3f84c000
3f84c000
3f84c000
3f84c000
3f84c000
3f84c000
3f84c000
3f84c000
3f84c000
3f84c000
3f84c000
3f84c000
3f84c000
3f84c000
3f84c000
3f84c000
3f84c000
3f84c000
3f84c000
3f84c000
3f84c000
3f84c000
3f84c000
3f84c000
3f84c000
3f84c000
3f84c000
3f84c000
3f84c000
3f84c000
3f84c000
3f84c000
3f84c000
3f84c000
3f84c000
3f84c000
3f84c000
3f84c000
3f84c000
3f84c000
3f84c000
3f84c000
3f84c000
3f84c000
3f84c000
3f84c000
3f84c000
3f84c000
3f84c000
3f84c000
3f84c000
3f84c000
3f84c000
3f84c000
3f84c000
3f84c000
3f84c000
3f84c000
3f84c000
3f84c000
3f84c000
3f84c000
3f84c000
3f84c000
3f84c000
3f84c000
3f84c000
3f84c000
3f84c000
3f84c000
3f84c000
3f84c000
3f84c000
3f84c000
3f84c000
3f84c000
3f84c000
3f84c000
3f84c000
3f84c000
3f84c000
3f84c000
3f84c000
3f84c000
3f84c000
3f84c000
3f84c000
3f84c000
3f84c000
3f84c000
3f84c000
3f84c000
3f84c000
3f84c000
3f84c000
3f84c000
3f84c000
3f84c000
3f84c000
3f84c000
3f84c000
3f84c000
3f84c000
3f84c000
3f84c000
3f84c000
3f84c000
3f84c000
3f84c000
3f84c000
3f84c000
3f84c000
3f84c000
3f84c000
3f84c000
3f84c000
3f84c000
3f84c000
3f84c000
3f84c000
3f84c000
3f84c000
3f84c000
3f84c000
3f84c000
3f84c000
3f84c000
3f84c000
3f84c000
3f84c000
3f84c000
3f84c000
3f84c000
3f84c000
3f84c000
3f84c000
3f84c000
3f84c000
3f84c000
3f84c000
3f84c000
3f84c000
3f84c000
3f84c000
3f84c000
3f84c000
3f84c000
3f84c000
3f84c000
3f84c000
3f84c000
3f84c000
3f84c000
3f84c000
3f84c000
3f84c000
3f84c000
3f84c000
3f84c000
3f84c000
3f84c000
3f84c000
3f84c000
3f84c000
3f84c000
3f84c000
3f84c000
3f84c000
3f84c000
3f84c000
3f84c000
3f84c000
3f84c000
3f84c000
3f84c000
3f84c000
3f84c000
3f84c000
3f84c000
3f84c000
3f84c000
3f84c000
3f84c000
3f84c000
3f84c000
3f84c000
3f84c000
3f84c000
3f84c000
3f84c000
3f84c000
3f84c000
3f84c000
3f84c000
3f84c000
3f84c000
3f84c000
3f84c000
3f84c000
3f84c000
3f84c000
3f84c000
3f84c000
3f84c000
3f84c000
3f84c000
3f84c000
3f84c000
3f84c000
3f84c000
3f84c000
3f84c000
3f84c000
3f84c000
3f84c000
3f84c000
3f84c000
3f84c000
3f84c000
3f84c000
3f84c000
3f84c000
3f84c000
3f84c000
3f84c000
3f84c000
3f84c000
3f84c000
3f84c000
3f84c000
3f84c000
3f84c000
3f84c000
3f84c000
3f84c000
3f84c000
3f84c000
3f84c000
3f84c000
3f84c000
3f84c000
3f84c000
3f84c000
3f84c000
3f84c000
3f84c000
3f84c000
3f84c000
3f84c000
3f84c000
3f84c000
3f84c000
3f84c000
3f84c000
3f84c000
3f84c000
3f84c000
3f84c000
3f84c000
3f84c000
3f84c000
3f84c000
3f84c000
3f84c000
3f84c000
3f84c000
3f84c000
3f84c000
3f84c000
3f84c000
3f84c000
3f84c000
3f84c000
3f84c000
3f84c000
3f84c000
3f84c000
3f84c000
3f84c000
3f84c000
3f84c000
3f84c000
3f84c000
3f84c000
3f84c000
3f84c000
3f84c000
3f84c000
3f84c000
3f84c000
3f84c000
3f84c000
3f84c000
3f84c000
3f84c000
3f84c000
3f84c000
3f84c000
3f84c000
3f84c000
3f84c000
3f84c000
3f84c000
3f84c000
3f84c000
3f84c000
3f84c000
3f84c000
3f84c000
3f84c000
3f84c000
3f84c000
3f84c000
3f84c000
3f84c000
3f84c000
3f84c000
3f84c000
3f84c000
3f84c000
3f84c000
3f84c000
3f84c000
3f84c000
3f84c000
3f84c000
3f84c000
3f84c000
3f84c000
3f84c000
3f84c000
3f84c000
3f84c000
3f84c000
3f84c000
3f84c000
3f84c000
3f84c000
3f84c000
3f84c000
3f84c000
3f84c000
3f84c000
3f84c000
3f84c000
3f84c000
3f84c000
3f84c000
3f84c000
3f84c000
3f84c000
3f84c000
3f84c000
3f84c000
3f84c000
3f84c000
3f84c000
3f84c000
3f84c000
3f84c000
3f84c000
3f84c000
3f84c000
3f84c000
3f84c000
3f84c000
3f84c000
3f84c000
3f84c000
3f84c000
3f84c000
3f84c000
3f84c000
3f84c000
3f84c000
3f84c000
3f84c000
3f84c000
3f84c000
3f84c000
3f84c000
3f84c000
3f84c000
3f84c000
3f84c000
3f84c000
3f84c000
3f84c000
3f84c000
3f84c000
3f84c000
3f84c000
3f84c000
3f84c000
3f84c000
3f84c000
3f84c000
3f84c000
3f84c000
3f84c000
3f84c000
3f84c000
3f84c000
3f84c000
3f84c000
3f84c000
3f84c000
3f84c000
3f84c000
3f84c000
3f84c000
3f84c000
3f84c000
3f84c000
3f84c000
3f84c000
3f84c000
3f84c000
3f84c000
3f84c000
3f84c000
3f84c000
3f84c000
3f84c000
3f84c000
3f84c000
3f84c000
3f84c000
3f84c000
3f84c000
3f84c000
3f84c000
3f84c000
3f84c000
3f84c000
3f84c000
3f84c000
3f84c000
3f84c000
3f84c000
3f84c000
3f84c000
3f84c000
3f84c000
3f84c000
3f84c000
3f84c000
3f84c000
3f84c000
3f84c000
3f84c000
3f84c000
3f84c000
3f84c000
3f84c000
3f84c000
3f84c000
3f84c000
3f84c000
3f84c000
3f84c000
3f84c000
3f84c000
3f84c000
3f84c000
3f84c000
3f84c000
3f84c000
3f84c000
3f84c000
3f84c000
3f84c000
3f84c000
3f84c000
3f84c000
3f84c000
3f84c000
3f84c000
3f84c000
3f84c000
3f84c000
3f84c000
3f84c000
3f84c000
3f84c000
3f84c000
3f84c000
3f84c000
3f84c000
3f84c000
3f84c000
3f84c000
3f84c000
3f84c000
3f84c000
3f84c000
3f84c000
3f84c000
3f84c000
3f84c000
3f84c000
3f84c000
3f84c000
3f84c000
3f84c000
3f84c000
3f84c000
3f84c000
3f84c000
3f84c000
3f84c000
3f84c000
3f84c000
3f84c000
3f84c000
3f84c000
3f84c000
3f84c000
3f84c000
3f84c000
3f84c000
3f84c000
3f84c000
3f84c000
3f84c000
3f84c000
3f84c000
3f84c000
3f84c000
3f84c000
3f84c000
3f84c000
3f84c000
3f84c000
3f84c000
3f84c000
3f84c000
3f84c000
3f84c000
3f84c000
3f84c000
3f84c000
3f84c000
3f84c000
3f84c000
3f84c000
3f84c000
3f84c000
3f84c000
3f84c000
3f84c000
3f84c000
3f84c000
3f84c000
3f84c000
3f84c000
3f84c000
3f84c000
3f84c000
3f84c000
3f84c000
3f84c000
3f84c000
3f84c000
3f84c000
3f84c000
3f84c000
3f84c000
3f84c000
3f84c000
3f84c000
3f84c000
3f84c000
3f84c000
3f84c000
3f84c000
3f84c000
3f84c000
3f84c000
3f84c000
3f84c000
3f84c000
3f84c000
3f84c000
3f84c000
3f84c000
3f84c000
3f84c000
3f84c000
3f84c000
3f84c000
3f84c000
3f84c000
3f84c000
3f84c000
3f84c000
3f84c000
3f84c000
3f84c000
3f84c000
3f84c000
3f84c000
3f84c000
3f84c000
3f84c000
3f84c000
3f84c000
3f84c000
3f84c000
3f84c000
3f84c000
3f84c000
3f84c000
3f84c000
3f84c000
3f84c000
3f84c000
3f84c000
3f84c000
3f84c000
3f84c000
3f84c000
3f84c000
3f84c000
3f84c000
3f84c000
3f84c000
3f84c000
3f84c000
3f84c000
3f84c000
3f84c000
3f84c000
3f84c000
3f84c000
3f84c000
3f84c000
3f84c000
3f84c000
3f84c000
3f84c000
3f84c000
3f84c000
3f84c000
3f84c000
3f84c000
3f84c000
3f84c000
3f84c000
3f84c000
3f84c000
3f84c000
3f84c000
3f84c000
3f84c000
3f84c000
3f84c000
3f84c000
3f84c000
3f84c000
3f84c000
3f84c000
3f84c000
3f84c000
3f84c000
3f84c000
3f84c000
3f84c000
3f84c000
3f84c000
3f84c000
3f84c000
3f84c000
3f84c000
3f84c000
3f84c000
3f84c000
3f84c000
3f84c000
3f84c000
3f84c000
3f84c000
3f84c000
3f84c000
3f84c000
3f84c000
3f84c000
3f84c000
3f84c000
3f84c000
3f84c000
3f84c000
3f84c000
3f84c000
3f84c000
3f84c000
3f84c000
3f84c000
3f84c000
3f84c000
3f84c000
3f84c000
3f84c000
3f84c000
3f84c000
3f84c000
3f84c000
3f84c000
3f84c000
3f84c000
3f84c000
3f84c000
3f84c000
3f84c000
3f84c000
3f84c000
3f84c000
3f84c000
3f84c000
3f84c000
3f84c000
3f84c000
3f84c000
3f84c000
3f84c000
3f84c000
3f84c000
3f84c000
3f84c000
3f84c000
3f84c000
3f84c000
3f84c000
3f84c000
3f84c000
3f84c000
3f84c000
3f84c000
3f84c000
3f84c000
3f84c000
3f84c000
3f84c000
3f84c000
3f84c000
3f84c000
3f84c000
3f84c000
3f84c000
3f84c000
3f84c000
3f84c000
3f84c000
3f84c000
3f84c000
3f84c000
3f84c000
3f84c000
3f84c000
3f84c000
3f84c000
3f84c000
3f84c000
3f84c000
3f84c000
3f84c000
3f84c000
3f84c000
3f84c000
3f84c000
3f84c000
3f84c000
3f84c000
3f84c000
3f84c000
3f84c000
3f84c000
3f84c000
3f84c000
3f84c000
3f84c000
3f84c000
3f84c000
3f84c000
3f84c000
3f84c000
3f84c000
3f84c000
3f84c000
3f84c000
3f84c000
3f84c000
3f84c000
3f84c000
3f84c000
3f84c000
3f84c000
3f84c000
3f84c000
3f84c000
3f84c000
3f84c000
3f84c000
3f84c000
3f84c000
3f84c000
3f84c000
3f84c000
3f84c000
3f84c000
3f84c000
3f84c000
3f84c000
3f84c000
3f84c000
3f84c000
3f84c000
3f84c000
3f84c000
3f84c000
3f84c000
3f84c000
3f84c000
3f84c000
3f84c000
3f84c000
3f84c000
3f84c000
3f84c000
3f84c000
3f84c000
3f84c000
3f84c000
3f84c000
3f84c000
3f84c000
3f84c000
3f84c000
3f84c000
3f84c000
3f84c000
3f84c000
3f84c000
3f84c000
3f84c000
3f84c000
3f84c000
3f84c000
3f84c000
3f84c000
3f84c000
3f84c000
3f84c000
3f84c000
3f84c000
3f84c000
3f84c000
3f84c000
3f84c000
3f84c000
3f84c000
3f84c000
3f84c000
3f84c000
3f84c000
3f84c000
3f84c000
3f84c000
3f84c000
3f84c000
3f84c000
3f84c000
3f84c000
3f84c000
3f84c000
3f84c000
3f84c000
3f84c000
3f84c000
3f84c000
3f84c000
3f84c000
3f84c000
3f84c000
3f84c000
3f84c000
3f84c000
3f84c000
3f84c000
3f84c000
3f84c000
3f84c000
3f84c000
3f84c000
3f84c000
3f84c000
3f84c000
3f84c000
3f84c000
3f84c000
3f84c000
3f84c000
3f84c000
3f84c000
3f84c000
3f84c000
3f84c000
3f84c000
3f84c000
3f84c000
3f84c000
3f84c000
3f84c000
3f84c000
3f84c000
3f84c000
3f84c000
3f84c000
3f84c000
3f84c000
3f84c000
3f84c000
3f84c000
3f84c000
3f84c000
3f84c000
3f84c000
3f84c000
3f84c000
3f84c000
3f84c000
3f84c000
3f84c000
3f84c000
3f84c000
3f84c000
3f84c000
3f84c000
3f84c000
3f84c000
3f84c000
3f84c000
3f84c000
3f84c000
3f84c000
3f84c000
3f84c000
3f84c000
3f84c000
3f84c000
3f84c000
3f84c000
3f84c000
3f84c000
3f84c000
3f84c000
3f84c000
3f84c000
3f84c000
3f84c000
3f84c000
3f84c000
3f84c000
3f84c000
3f84c000
3f84c000
3f84c000
3f84c000
3f84c000
3f84c000
3f84c000
3f84c000
3f84c000
3f84c000
3f84c000
3f84c000
3f84c000
3f84c000
3f84c000
3f84c000
3f84c000
3f84c000
3f84c000
3f84c000
3f84c000
3f84c000
3f84c000
3f84c000
3f84c000
3f84c000
3f84c000
3f84c000
3f84c000
3f84c000
3f84c000
3f84c000
3f84c000
3f84c000
3f84c000
3f84c000
3f84c000
3f84c000
3f84c000
3f84c000
3f84c000
3f84c000
3f84c000
3f84c000
3f84c000
3f84c000
3f84c000
3f84c000
3f84c000
3f84c000
3f84c000
3f84c000
3f84c000
3f84c000
3f84c000
3f84c000
3f84c000
3f84c000
3f84c000
3f84c000
3f84c000
3f84c000
3f84c000
3f84c000
3f84c000
3f84c000
3f84c000
3f84c000
3f84c000
3f84c000
3f84c000
3f84c000
3f84c000
3f84c000
3f84c000
3f84c000
3f84c000
3f84c000
3f84c000
3f84c000
3f84c000
3f84c000
3f84c000
3f84c000
3f84c000
3f84c000
3f84c000
3f84c000
3f84c000
3f84c000
3f84c000
3f84c000
3f84c000
3f84c000
3f84c000
3f84c000
3f84c000
3f84c000
3f84c000
3f84c000
3f84c000
3f84c000
3f84c000
3f84c000
3f84c000
3f84c000
3f84c000
3f84c000
3f84c000
3f84c000
3f84c000
3f84c000
3f84c000
3f84c000
3f84c000
3f84c000
3f84c000
3f84c000
3f84c000
3f84c000
3f84c000
3f84c000
3f84c000
3f84c000
3f84c000
3f84c000
3f84c000
3f84c000
3f84c000
3f84c000
3f84c000
3f84c000
3f84c000
3f84c000
3f84c000
3f84c000
3f84c000
3f84c000
3f84c000
3f84c000
3f84c000
3f84c000
3f84c000
3f84c000
3f84c000
3f84c000
3f84c000
3f84c000
3f84c000
3f84c000
3f84c000
3f84c000
3f84c000
3f84c000
3f84c000
3f84c000
3f84c000
3f84c000
3f84c000
3f84c000
3f84c000
3f84c000
3f84c000
3f84c000
3f84c000
3f84c000
3f84c000
3f84c000
3f84c000
3f84c000
3f84c000
3f84c000
3f84c000
3f84c000
3f84c000
3f84c000
3f84c000
3f84c000
3f84c000
3f84c000
3f84c000
3f84c000
3f84c000
3f84c000
3f84c000
3f84c000
3f84c000
3f84c000
3f84c000
3f84c000
3f84c000
3f84c000
3f84c000
3f84c000
3f84c000
3f84c000
3f84c000
3f84c000
3f84c000
3f84c000
3f84c000
3f84c000
3f84c000
3f84c000
3f84c000
3f84c000
3f84c000
3f84c000
3f84c000
3f84c000
3f84c000
3f84c000
3f84c000
3f84c000
3f84c000
3f84c000
3f84c000
3f84c000
3f84c000
3f84c000
3f84c000
3f84c000
3f84c000
3f84c000
3f84c000
3f84c000
3f84c000
3f84c000
3f84c000
3f84c000
3f84c000
3f84c000
3f84c000
3f84c000
3f84c000
3f84c000
3f84c000
3f84c000
3f84c000
3f84c000
3f84c000
3f84c000
3f84c000
3f84c000
3f84c000
3f84c000
3f84c000
3f84c000
3f84c000
3f84c000
3f84c000
3f84c000
3f84c000
3f84c000
3f84c000
3f84c000
3f84c000
3f84c000
3f84c000
3f84c000
3f84c000
3f84c000
3f84c000
3f84c000
3f84c000
3f84c000
3f84c000
3f84c000
3f84c000
3f84c000
3f84c000
3f84c000
3f84c000
3f84c000
3f84c000
3f84c000
3f84c000
3f84c000
3f84c000
3f84c000
3f84c000
3f84c000
3f84c000
3f84c000
3f84c000
3f84c000
3f84c000
3f84c000
3f84c000
3f84c000
3f84c000
3f84c000
3f84c000
3f84c000
3f84c000
3f84c000
3f84c000
3f84c000
3f84c000
3f84c000
3f84c000
3f84c000
3f84c000
3f84c000
3f84c000
3f84c000
3f84c000
3f84c000
3f84c000
3f84c000
3f84c000
3f84c000
3f84c000
3f84c000
3f84c000
3f84c000
3f84c000
3f84c000
3f84c000
3f84c000
3f84c000
3f84c000
3f84c000
3f84c000
3f84c000
3f84c000
3f84c000
3f84c000
3f84c000
3f84c000
3f84c000
3f84c000
3f84c000
3f84c000
3f84c000
3f84c000
3f84c000
3f84c000
3f84c000
3f84c000
3f84c000
3f84c000
3f84c000
3f84c000
3f84c000
3f84c000
3f84c000
3f84c000
3f84c000
3f84c000
3f84c000
3f84c000
3f84c000
3f84c000
3f84c000
3f84c000
3f84c000
3f84c000
3f84c000
3f84c000
3f84c000
3f84c000
3f84c000
3f84c000
3f84c000
3f84c000
3f84c000
3f84c000
3f84c000
3f84c000
3f84c000
3f84c000
3f84c000
3f84c000
3f84c000
3f84c000
3f84c000
3f84c000
3f84c000
3f84c000
3f84c000
3f84c000
3f84c000
3f84c000
3f84c000
3f84c000
3f84c000
3f84c000
3f84c000
3f84c000
3f84c000
3f84c000
3f84c000
3f84c000
3f84c000
3f84c000
3f84c000
3f84c000
3f84c000
3f84c000
3f84c000
3f84c000
3f84c000
3f84c000
3f84c000
3f84c000
3f84c000
3f84c000
3f84c000
3f84c000
3f84c000
3f84c000
3f84c000
3f84c000
3f84c000
3f84c000
3f84c000
3f84c000
3f84c000
3f84c000
3f84c000
3f84c000
3f84c000
3f84c000
3f84c000
3f84c000
3f84c000
3f84c000
3f84c000
3f84c000
3f84c000
3f84c000
3f84c000
3f84c000
3f84c000
3f84c000
3f84c000
3f84c000
3f84c000
3f84c000
3f84c000
3f84c000
3f84c000
3f84c000
3f84c000
3f84c000
3f84c000
3f84c000
3f84c000
3f84c000
3f84c000
3f84c000
3f84c000
3f84c000
3f84c000
3f84c000
3f84c000
3f84c000
3f84c000
3f84c000
3f84c000
3f84c000
3f84c000
3f84c000
3f84c000
3f84c000
3f84c000
3f84c000
3f84c000
3f84c000
3f84c000
3f84c000
3f84c000
3f84c000
3f84c000
3f84c000
3f84c000
3f84c000
3f84c000
3f84c000
3f84c000
3f84c000
3f84c000
3f84c000
3f84c000
3f84c000
3f84c000
3f84c000
3f84c000
3f84c000
3f84c000
3f84c000
3f84c000
3f84c000
3f84c000
3f84c000
3f84c000
3f84c000
3f84c000
3f84c000
3f84c000
3f84c000
3f84c000
3f84c000
3f84c000
3f84c000
3f84c000
3f84c000
3f84c000
3f84c000
3f84c000
3f84c000
3f84c000
3f84c000
3f84c000
3f84c000
3f84c000
3f84c000
3f84c000
3f84c000
3f84c000
3f84c000
3f84c000
3f84c000
3f84c000
3f84c000
3f84c000
3f84c000
3f84c000
3f84c000
3f84c000
3f84c000
3f84c000
3f84c000
3f84c000
3f84c000
3f84c000
3f84c000
3f84c000
3f84c000
3f84c000
3f84c000
3f84c000
3f84c000
3f84c000
3f84c000
3f84c000
3f84c000
3f84c000
3f84c000
3f84c000
3f84c000
3f84c000
3f84c000
3f84c000
3f84c000
3f84c000
3f84c000
3f84c000
3f84c000
3f84c000
3f84c000
3f84c000
3f84c000
3f84c000
3f84c000
3f84c000
3f84c000
3f84c000
3f84c000
3f84c000
3f84c000
3f84c000
3f84c000
3f84c000
3f84c000
3f84c000
3f84c000
3f84c000
3f84c000
3f84c000
3f84c000
3f84c000
3f84c000
3f84c000
3f84c000
3f84c000
3f84c000
3f84c000
3f84c000
3f84c000
3f84c000
3f84c000
3f84c000
3f84c000
3f84c000
3f84c000
3f84c000
3f84c000
3f84c000
3f84c000
3f84c000
3f84c000
3f84c000
3f84c000
3f84c000
3f84c000
3f84c000
3f84c000
3f84c000
3f84c000
3f84c000
3f84c000
3f84c000
3f84c000
3f84c000
3f84c000
3f84c000
3f84c000
3f84c000
3f84c000
3f84c000
3f84c000
3f84c000
3f84c000
3f84c000
3f84c000
3f84c000
3f84c000
3f84c000
3f84c000
3f84c000
3f84c000
3f84c000
3f84c000
3f84c000
3f84c000
3f84c000
3f84c000
3f84c000
3f84c000
3f84c000
3f84c000
3f84c000
3f84c000
3f84c000
3f84c000
3f84c000
3f84c000
3f84c000
3f84c000
3f84c000
3f84c000
3f84c000
3f84c000
3f84c000
3f84c000
3f84c000
3f84c000
3f84c000
3f84c000
3f84c000
3f84c000
3f84c000
3f84c000
3f84c000
3f84c000
3f84c000
3f84c000
3f84c000
3f84c000
3f84c000
3f84c000
3f84c000
3f84c000
3f84c000
3f84c000
3f84c000
3f84c000
3f84c000
3f84c000
3f84c000
3f84c000
3f84c000
3f84c000
3f84c000
3f84c000
3f84c000
3f84c000
3f84c000
3f84c000
3f84c000
3f84c000
3f84c000
3f84c000
3f84c000
3f84c000
3f84c000
3f84c000
3f84c000
3f84c000
3f84c000
3f84c000
3f84c000
3f84c000
3f84c000
3f84c000
3f84c000
3f84c000
3f84c000
3f84c000
3f84c000
3f84c000
3f84c000
3f84c000
3f84c000
3f84c000
3f84c000
3f84c000
3f84c000
3f84c000
3f84c000
3f84c000
3f84c000
3f84c000
3f84c000
3f84c000
3f84c000
3f84c000
3f84c000
3f84c000
3f84c000
3f84c000
3f84c000
3f84c000
3f84c000
3f84c000
3f84c000
3f84c000
3f84c000
3f84c000
3f84c000
3f84c000
3f84c000
3f84c000
3f84c000
3f84c000
3f84c000
3f84c000
3f84c000
3f84c000
3f84c000
3f84c000
3f84c000
3f84c000
3f84c000
3f84c000
3f84c000
3f84c000
3f84c000
3f84c000
3f84c000
3f84c000
3f84c000
3f84c000
3f84c000
3f84c000
3f84c000
3f84c000
3f84c000
3f84c000
3f84c000
3f84c000
3f84c000
3f84c000
3f84c000
3f84c000
3f84c000
3f84c000
3f84c000
3f84c000
3f84c000
3f84c000
3f84c000
3f84c000
3f84c000
3f84c000
3f84c000
3f84c000
3f84c000
3f84c000
3f84c000
3f84c000
3f84c000
3f84c000
3f84c000
3f84c000
3f84c000
3f84c000
3f84c000
3f84c000
3f84c000
3f84c000
3f84c000
3f84c000
3f84c000
3f84c000
3f84c000
3f84c000
3f84c000
3f84c000
3f84c000
3f84c000
3f84c000
3f84c000
3f84c000
3f84c000
3f84c000
3f84c000
3f84c000
3f84c000
3f84c000
3f84c000
3f84c000
3f84c000
3f84c000
3f84c000
3f84c000
3f84c000
3f84c000
3f84c000
3f84c000
3f84c000
3f84c000
3f84c000
3f84c000
3f84c000
3f84c000
3f84c000
3f84c000
3f84c000
3f84c000
3f84c000
3f84c000
3f84c000
3f84c000
3f84c000
3f84c000
3f84c000
3f84c000
3f84c000
3f84c000
3f84c000
3f84c000
3f84c000
3f84c000
3f84c000
3f84c000
3f84c000
3f84c000
3f84c000
3f84c000
3f84c000
3f84c000
3f84c000
3f84c000
3f84c000
3f84c000
3f84c000
3f84c000
3f84c000
3f84c000
3f84c000
3f84c000
3f84c000
3f84c000
3f84c000
3f84c000
3f84c000
3f84c000
3f84c000
3f84c000
3f84c000
3f84c000
3f84c000
3f84c000
3f84c000
3f84c000
3f84c000
3f84c000
3f84c000
3f84c000
3f84c000
3f84c000
3f84c000
3f84c000
3f84c000
3f84c000
3f84c000
3f84c000
3f84c000
3f84c000
3f84c000
3f84c000
3f84c000
3f84c000
3f84c000
3f84c000
3f84c000
3f84c000
3f84c000
3f84c000
3f84c000
3f84c000
3f84c000
3f84c000
3f84c000
3f84c000
3f84c000
3f84c000
3f84c000
3f84c000
3f84c000
3f84c000
3f84c000
3f84c000
3f84c000
3f84c000
3f84c000
3f84c000
3f84c000
3f84c000
3f84c000
3f84c000
3f84c000
3f84c000
3f84c000
3f84c000
3f84c000
3f84c000
3f84c000
3f84c000
3f84c000
3f84c000
3f84c000
3f84c000
3f84c000
3f84c000
3f84c000
3f84c000
3f84c000
3f84c000
3f84c000
3f84c000
3f84c000
3f84c000
3f84c000
3f84c000
3f84c000
3f84c000
3f84c000
3f84c000
3f84c000
3f84c000
3f84c000
3f84c000
3f84c000
3f84c000
3f84c000
3f84c000
3f84c000
3f84c000
3f84c000
3f84c000
3f84c000
3f84c000
3f84c000
3f84c000
3f84c000
3f84c000
3f84c000
3f84c000
3f84c000
3f84c000
3f84c000
3f84c000
3f84c000
3f84c000
3f84c000
3f84c000
3f84c000
3f84c000
3f84c000
3f84c000
3f84c000
3f84c000
3f84c000
3f84c000
3f84c000
3f84c000
3f84c000
3f84c000
3f84c000
3f84c000
3f84c000
3f84c000
3f84c000
3f84c000
3f84c000
3f84c000
3f84c000
3f84c000
3f84c000
3f84c000
3f84c000
3f84c000
3f84c000
3f84c000
3f84c000
3f84c000
3f84c000
3f84c000
3f84c000
3f84c000
3f84c000
3f84c000
3f84c000
3f84c000
3f84c000
3f84c000
3f84c000
3f84c000
3f84c000
3f84c000
3f84c000
3f84c000
3f84c000
3f84c000
3f84c000
3f84c000
3f84c000
3f84c000
3f84c000
3f84c000
3f84c000
3f84c000
3f84c000
3f84c000
3f84c000
3f84c000
3f84c000
3f84c000
3f84c000
3f84c000
3f84c000
3f84c000
3f84c000
3f84c000
3f84c000
3f84c000
3f84c000
3f84c000
3f84c000
3f84c000
3f84c000
3f84c000
3f84c000
3f84c000
3f84c000
3f84c000
3f84c000
3f84c000
3f84c000
3f84c000
3f84c000
3f84c000
3f84c000
3f84c000
3f84c000
3f84c000
3f84c000
3f84c000
3f84c000
3f84c000
3f84c000
3f84c000
3f84c000
3f84c000
3f84c000
3f84c000
3f84c000
3f84c000
3f84c000
3f84c000
3f84c000
3f84c000
3f84c000
3f84c000
3f84c000
3f84c000
3f84c000
3f84c000
3f84c000
3f84c000
3f84c000
3f84c000
3f84c000
3f84c000
3f84c000
3f84c000
3f84c000
3f84c000
3f84c000
3f84c000
3f84c000
3f84c000
3f84c000
3f84c000
3f84c000
3f84c000
3f84c000
3f84c000
3f84c000
3f84c000
3f84c000
3f84c000
3f84c000
3f84c000
3f84c000
3f84c000
3f84c000
3f84c000
3f84c000
3f84c000
3f84c000
3f84c000
3f84c000
3f84c000
3f84c000
3f84c000
3f84c000
3f84c000
3f84c000
3f84c000
3f84c000
3f84c000
3f84c000
3f84c000
3f84c000
3f84c000
3f84c000
3f84c000
3f84c000
3f84c000
3f84c000
3f84c000
3f84c000
3f84c000
3f84c000
3f84c000
3f84c000
3f84c000
3f84c000
3f84c000
3f84c000
3f84c000
3f84c000
3f84c000
3f84c000
3f84c000
3f84c000
3f84c000
3f84c000
3f84c000
3f84c000
3f84c000
3f84c000
3f84c000
3f84c000
3f84c000
3f84c000
3f84c000
3f84c000
3f84c000
3f84c000
3f84c000
3f84c000
3f84c000
3f84c000
3f84c000
3f84c000
3f84c000
3f84c000
3f84c000
3f84c000
3f84c000
3f84c000
3f84c000
3f84c000
3f84c000
3f84c000
3f84c000
3f84c000
3f84c000
3f84c000
3f84c000
3f84c000
3f84c000
3f84c000
3f84c000
3f84c000
3f84c000
3f84c000
3f84c000
3f84c000
3f84c000
3f84c000
3f84c000
3f84c000
3f84c000
3f84c000
3f84c000
3f84c000
3f84c000
3f84c000
3f84c000
3f84c000
3f84c000
3f84c000
3f84c000
3f84c000
3f84c000
3f84c000
3f84c000
3f84c000
3f84c000
3f84c000
3f84c000
3f84c000
3f84c000
3f84c000
3f84c000
3f84c000
3f84c000
3f84c000
3f84c000
3f84c000
3f84c000
3f84c000
3f84c000
3f84c000
3f84c000
3f84c000
3f84c000
3f84c000
3f84c000
3f84c000
3f84c000
3f84c000
3f84c000
3f84c000
3f84c000
3f84c000
3f84c000
3f84c000
3f84c000
3f84c000
3f84c000
3f84c000
3f84c000
3f84c000
3f84c000
3f84c000
3f84c000
3f84c000
3f84c000
3f84c000
3f84c000
3f84c000
3f84c000
3f84c000
3f84c000
3f84c000
3f84c000
3f84c000
3f84c000
3f84c000
3f84c000
3f84c000
3f84c000
3f84c000
3f84c000
3f84c000
3f84c000
3f84c000
3f84c000
3f84c000
3f84c000
3f84c000
3f84c000
3f84c000
3f84c000
3f84c000
3f84c000
3f84c000
3f84c000
3f84c000
3f84c000
3f84c000
3f84c000
3f84c000
3f84c000
3f84c000
3f84c000
3f84c000
3f84c000
3f84c000
3f84c000
3f84c000
3f84c000
3f84c000
3f84c000
3f84c000
3f84c000
3f84c000
3f84c000
3f84c000
3f84c000
3f84c000
3f84c000
3f84c000
3f84c000
3f84c000
3f84c000
3f84c000
3f84c000
3f84c000
3f84c000
3f84c000
3f84c000
3f84c000
3f84c000
3f84c000
3f84c000
3f84c000
3f84c000
3f84c000
3f84c000
3f84c000
3f84c000
3f84c000
3f84c000
3f84c000
3f84c000
3f84c000
3f84c000
3f84c000
3f84c000
3f84c000
3f84c000
3f84c000
3f84c000
3f84c000
3f84c000
3f84c000
3f84c000
3f84c000
3f84c000
3f84c000
3f84c000
3f84c000
3f84c000
3f84c000
3f84c000
3f84c000
3f84c000
3f84c000
3f84c000
3f84c000
3f84c000
3f84c000
3f84c000
3f84c000
3f84c000
3f84c000
3f84c000
3f84c000
3f84c000
3f84c000
3f84c000
3f84c000
3f84c000
3f84c000
3f84c000
3f84c000
3f84c000
3f84c000
3f84c000
3f84c000
3f84c000
3f84c000
3f84c000
3f84c000
3f84c000
3f84c000
3f84c000
3f84c000
3f84c000
3f84c000
3f84c000
3f84c000
3f84c000
3f84c000
3f84c000
3f84c000
3f84c000
3f84c000
3f84c000
3f84c000
3f84c000
3f84c000
3f84c000
3f84c000
3f84c000
3f84c000
3f84c000
3f84c000
3f84c000
3f84c000
3f84c000
3f84c000
3f84c000
3f84c000
3f84c000
3f84c000
3f84c000
3f84c000
3f84c000
3f84c000
3f84c000
3f84c000
3f84c000
3f84c000
3f84c000
3f84c000
3f84c000
3f84c000
3f84c000
3f84c000
3f84c000
3f84c000
3f84c000
3f84c000
3f84c000
3f84c000
3f84c000
3f84c000
3f84c000
3f84c000
3f84c000
3f84c000
3f84c000
3f84c000
3f84c000
3f84c000
3f84c000
3f84c000
3f84c000
3f84c000
3f84c000
3f84c000
3f84c000
3f84c000
3f84c000
3f84c000
3f84c000
3f84c000
3f84c000
3f84c000
3f84c000
3f84c000
3f84c000
3f84c000
3f84c000
3f84c000
3f84c000
3f84c000
3f84c000
3f84c000
3f84c000
3f84c000
3f84c000
3f84c000
3f84c000
3f84c000
3f84c000
3f84c000
3f84c000
3f84c000
3f84c000
3f84c000
3f84c000
3f84c000
3f84c000
3f84c000
3f84c000
3f84c000
3f84c000
3f84c000
3f84c000
3f84c000
3f84c000
3f84c000
3f84c000
3f84c000
3f84c000
3f84c000
3f84c000
3f84c000
3f84c000
3f84c000
3f84c000
3f84c000
3f84c000
3f84c000
3f84c000
3f84c000
3f84c000
3f84c000
3f84c000
3f84c000
3f84c000
3f84c000
3f84c000
3f84c000
3f84c000
3f84c000
3f84c000
3f84c000
3f84c000
3f84c000
3f84c000
3f84c000
3f84c000
3f84c000
3f84c000
3f84c000
3f84c000
3f84c000
3f84c000
3f84c000
3f84c000
3f84c000
3f84c000
3f84c000
3f84c000
3f84c000
3f84c000
3f84c000
3f84c000
3f84c000
3f84c000
3f84c000
3f84c000
3f84c000
3f84c000
3f84c000
3f84c000
3f84c000
3f84c000
3f84c000
3f84c000
3f84c000
3f84c000
3f84c000
3f84c000
3f84c000
3f84c000
3f84c000
3f84c000
3f84c000
3f84c000
3f84c000
3f84c000
3f84c000
3f84c000
3f84c000
3f84c000
3f84c000
3f84c000
3f84c000
3f84c000
3f84c000
3f84c000
3f84c000
3f84c000
3f84c000
3f84c000
3f84c000
3f84c000
3f84c000
3f84c000
3f84c000
3f84c000
3f84c000
3f84c000
3f84c000
3f84c000
3f84c000
3f84c000
3f84c000
3f84c000
3f84c000
3f84c000
3f84c000
3f84c000
3f84c000
3f84c000
3f84c000
3f84c000
3f84c000
3f84c000
3f84c000
3f84c000
3f84c000
3f84c000
3f84c000
3f84c000
3f84c000
3f84c000
3f84c000
3f84c000
3f84c000
3f84c000
3f84c000
3f84c000
3f84c000
3f84c000
3f84c000
3f84c000
3f84c000
3f84c000
3f84c000
3f84c000
3f84c000
3f84c000
3f84c000
3f84c000
3f84c000
3f84c000
3f84c000
3f84c000
3f84c000
3f84c000
3f84c000
3f84c000
3f84c000
3f84c000
3f84c000
3f84c000
3f84c000
3f84c000
3f84c000
3f84c000
3f84c000
3f84c000
3f84c000
3f84c000
3f84c000
3f84c000
3f84c000
3f84c000
3f84c000
3f84c000
3f84c000
3f84c000
3f84c000
3f84c000
3f84c000
3f84c000
3f84c000
3f84c000
3f84c000
3f84c000
3f84c000
3f84c000
3f84c000
3f84c000
3f84c000
3f84c000
3f84c000
3f84c000
3f84c000
3f84c000
3f84c000
3f84c000
3f84c000
3f84c000
3f84c000
3f84c000
3f84c000
3f84c000
3f84c000
3f84c000
3f84c000
3f84c000
3f84c000
3f84c000
3f84c000
3f84c000
3f84c000
3f84c000
3f84c000
3f84c000
3f84c000
3f84c000
3f84c000
3f84c000
3f84c000
3f84c000
3f84c000
3f84c000
3f84c000
3f84c000
3f84c000
3f84c000
3f84c000
3f84c000
3f84c000
3f84c000
3f84c000
3f84c000
3f84c000
3f84c000
3f84c000
3f84c000
3f84c000
3f84c000
3f84c000
3f84c000
3f84c000
3f84c000
3f84c000
3f84c000
3f84c000
3f84c000
3f84c000
3f84c000
3f84c000
3f84c000
3f84c000
3f84c000
3f84c000
3f84c000
3f84c000
3f84c000
3f84c000
3f84c000
3f84c000
3f84c000
3f84c000
3f84c000
3f84c000
3f84c000
3f84c000
3f84c000
3f84c000
3f84c000
3f84c000
3f84c000
3f84c000
3f84c000
3f84c000
3f84c000
3f84c000
3f84c000
3f84c000
3f84c000
3f84c000
3f84c000
3f84c000
3f84c000
3f84c000
3f84c000
3f84c000
3f84c000
3f84c000
3f84c000
3f84c000
3f84c000
3f84c000
3f84c000
3f84c000
3f84c000
3f84c000
3f84c000
3f84c000
3f84c000
3f84c000
3f84c000
3f84c000
3f84c000
3f84c000
3f84c000
3f84c000
3f84c000
3f84c000
3f84c000
3f84c000
3f84c000
3f84c000
3f84c000
3f84c000
3f84c000
3f84c000
3f84c000
3f84c000
3f84c000
3f84c000
3f84c000
3f84c000
3f84c000
3f84c000
3f84c000
3f84c000
3f84c000
3f84c000
3f84c000
3f84c000
3f84c000
3f84c000
3f84c000
3f84c000
3f84c000
3f84c000
3f84c000
3f84c000
3f84c000
3f84c000
3f84c000
3f84c000
3f84c000
3f84c000
3f84c000
3f84c000
3f84c000
3f84c000
3f84c000
3f84c000
3f84c000
3f84c000
3f84c000
3f84c000
3f84c000
3f84c000
3f84c000
3f84c000
3f84c000
3f84c000
3f84c000
3f84c000
3f84c000
3f84c000
3f84c000
3f84c000
3f84c000
3f84c000
3f84c000
3f84c000
3f84c000
3f84c000
3f84c000
3f84c000
3f84c000
3f84c000
3f84c000
3f84c000
3f84c000
3f84c000
3f84c000
3f84c000
3f84c000
3f84c000
3f84c000
3f84c000
3f84c000
3f84c000
3f84c000
3f84c000
3f84c000
3f84c000
3f84c000
3f84c000
3f84c000
3f84c000
3f84c000
3f84c000
3f84c000
3f84c000
3f84c000
3f84c000
3f84c000
3f84c000
3f84c000
3f84c000
3f84c000
3f84c000
3f84c000
3f84c000
3f84c000
3f84c000
3f84c000
3f84c000
3f84c000
3f84c000
3f84c000
3f84c000
3f84c000
3f84c000
3f84c000
3f84c000
3f84c000
3f84c000
3f84c000
3f84c000
3f84c000
3f84c000
3f84c000
3f84c000
3f84c000
3f84c000
3f84c000
3f84c000
3f84c000
3f84c000
3f84c000
3f84c000
3f84c000
3f84c000
3f84c000
3f84c000
3f84c000
3f84c000
3f84c000
3f84c000
3f84c000
3f84c000
3f84c000
3f84c000
3f84c000
3f84c000
3f84c000
3f84c000
3f84c000
3f84c000
3f84c000
3f84c000
3f84c000
3f84c000
3f84c000
3f84c000
3f84c000
3f84c000
3f84c000
3f84c000
3f84c000
3f84c000
3f84c000
3f84c000
3f84c000
3f84c000
3f84c000
3f84c000
3f84c000
3f84c000
3f84c000
3f84c000
3f84c000
3f84c000
3f84c000
3f84c000
3f84c000
3f84c000
3f84c000
3f84c000
3f84c000
3f84c000
3f84c000
3f84c000
3f84c000
3f84c000
3f84c000
3f84c000
3f84c000
3f84c000
3f84c000
3f84c000
3f84c000
3f84c000
3f84c000
3f84c000
3f84c000
3f84c000
3f84c000
3f84c000
3f84c000
3f84c000
3f84c000
3f84c000
3f84c000
3f84c000
3f84c000
3f84c000
3f84c000
3f84c000
3f84c000
3f84c000
3f84c000
3f84c000
3f84c000
3f84c000
3f84c000
3f84c000
3f84c000
3f84c000
3f84c000
3f84c000
3f84c000
3f84c000
3f84c000
3f84c000
3f84c000
3f84c000
3f84c000
3f84c000
3f84c000
3f84c000
3f84c000
3f84c000
3f84c000
3f84c000
3f84c000
3f84c000
3f84c000
3f84c000
3f84c000
3f84c000
3f84c000
3f84c000
3f84c000
3f84c000
3f84c000
3f84c000
3f84c000
3f84c000
3f84c000
3f84c000
3f84c000
3f84c000
3f84c000
3f84c000
3f84c000
3f84c000
3f84c000
3f84c000
3f84c000
3f84c000
3f84c000
3f84c000
3f84c000
3f84c000
3f84c000
3f84c000
3f84c000
3f84c000
3f84c000
3f84c000
3f84c000
3f84c000
3f84c000
3f84c000
3f84c000
3f84c000
3f84c000
3f84c000
3f84c000
3f84c000
3f84c000
3f84c000
3f84c000
3f84c000
3f84c000
3f84c000
3f84c000
3f84c000
3f84c000
3f84c000
3f84c000
3f84c000
3f84c000
3f84c000
3f84c000
3f84c000
3f84c000
3f84c000
3f84c000
3f84c000
3f84c000
3f84c000
3f84c000
3f84c000
3f84c000
3f84c000
3f84c000
3f84c000
3f84c000
3f84c000
3f84c000
3f84c000
3f84c000
3f84c000
3f84c000
3f84c000
3f84c000
3f84c000
3f84c000
3f84c000
3f84c000
3f84c000
3f84c000
3f84c000
3f84c000
3f84c000
3f84c000
3f84c000
3f84c000
3f84c000
3f84c000
3f84c000
3f84c000
3f84c000
3f84c000
3f84c000
3f84c000
3f84c000
3f84c000
3f84c000
3f84c000
3f84c000
3f84c000
3f84c000
3f84c000
3f84c000
3f84c000
3f84c000
3f84c000
3f84c000
3f84c000
3f84c000
3f84c000
3f84c000
3f84c000
3f84c000
3f84c000
3f84c000
3f84c000
3f84c000
3f84c000
3f84c000
3f84c000
3f84c000
3f84c000
3f84c000
3f84c000
3f84c000
3f84c000
3f84c000
3f84c000
3f84c000
3f84c000
3f84c000
3f84c000
3f84c000
3f84c000
3f84c000
3f84c000
3f84c000
3f84c000
3f84c000
3f84c000
3f84c000
3f84c000
3f84c000
3f84c000
3f84c000
3f84c000
3f84c000
3f84c000
3f84c000
3f84c000
3f84c000
3f84c000
3f84c000
3f84c000
3f84c000
3f84c000
3f84c000
3f84c000
3f84c000
3f84c000
3f84c000
3f84c000
3f84c000
3f84c000
3f84c000
3f84c000
3f84c000
3f84c000
3f84c000
3f84c000
3f84c000
3f84c000
3f84c000
3f84c000
3f84c000
3f84c000
3f84c000
3f84c000
3f84c000
3f84c000
3f84c000
3f84c000
3f84c000
3f84c000
3f84c000
3f84c000
3f84c000
3f84c000
3f84c000
3f84c000
3f84c000
3f84c000
3f84c000
3f84c000
3f84c000
3f84c000
3f84c000
3f84c000
3f84c000
3f84c000
3f84c000
3f84c000
3f84c000
3f84c000
3f84c000
3f84c000
3f84c000
3f84c000
3f84c000
3f84c000
3f84c000
3f84c000
3f84c000
3f84c000
3f84c000
3f84c000
3f84c000
3f84c000
3f84c000
3f84c000
3f84c000
3f84c000
3f84c000
3f84c000
3f84c000
3f84c000
3f84c000
3f84c000
3f84c000
3f84c000
3f84c000
3f84c000
3f84c000
3f84c000
3f84c000
3f84c000
3f84c000
3f84c000
3f84c000
3f84c000
3f84c000
3f84c000
3f84c000
3f84c000
3f84c000
3f84c000
3f84c000
3f84c000
3f84c000
3f84c000
3f84c000
3f84c000
3f84c000
3f84c000
3f84c000
3f84c000
3f84c000
3f84c000
3f84c000
3f84c000
3f84c000
3f84c000
3f84c000
3f84c000
3f84c000
3f84c000
3f84c000
3f84c000
3f84c000
3f84c000
3f84c000
3f84c000
3f84c000
3f84c000
3f84c000
3f84c000
3f84c000
3f84c000
3f84c000
3f84c000
3f84c000
3f84c000
3f84c000
3f84c000
3f84c000
3f84c000
3f84c000
3f84c000
3f84c000
3f84c000
3f84c000
3f84c000
3f84c000
3f84c000
3f84c000
3f84c000
3f84c000
3f84c000
3f84c000
3f84c000
3f84c000
3f84c000
3f84c000
3f84c000
3f84c000
3f84c000
3f84c000
3f84c000
3f84c000
3f84c000
3f84c000
3f84c000
3f84c000
3f84c000
3f84c000
3f84c000
3f84c000
3f84c000
3f84c000
3f84c000
3f84c000
3f84c000
3f84c000
3f84c000
3f84c000
3f84c000
3f84c000
3f84c000
3f84c000
3f84c000
3f84c000
3f84c000
3f84c000
3f84c000
3f84c000
3f84c000
3f84c000
3f84c000
3f84c000
3f84c000
3f84c000
3f84c000
3f84c000
3f84c000
3f84c000
3f84c000
3f84c000
3f84c000
3f84c000
3f84c000
3f84c000
3f84c000
3f84c000
3f84c000
3f84c000
3f84c000
3f84c000
3f84c000
3f84c000
3f84c000
3f84c000
3f84c000
3f84c000
3f84c000
3f84c000
3f84c000
3f84c000
3f84c000
3f84c000
3f84c000
3f84c000
3f84c000
3f84c000
3f84c000
3f84c000
3f84c000
3f84c000
3f84c000
3f84c000
3f84c000
3f84c000
3f84c000
3f84c000
3f84c000
3f84c000
3f84c000
3f84c000
3f84c000
3f84c000
3f84c000
3f84c000
3f84c000
3f84c000
3f84c000
3f84c000
3f84c000
3f84c000
3f84c000
3f84c000
3f84c000
3f84c000
3f84c000
3f84c000
3f84c000
3f84c000
3f84c000
3f84c000
3f84c000
3f84c000
3f84c000
3f84c000
3f84c000
3f84c000
3f84c000
3f84c000
3f84c000
3f84c000
3f84c000
3f84c000
3f84c000
3f84c000
3f84c000
3f84c000
3f84c000
3f84c000
3f84c000
3f84c000
3f84c000
3f84c000
3f84c000
3f84c000
3f84c000
3f84c000
3f84c000
3f84c000
3f84c000
3f84c000
3f84c000
3f84c000
3f84c000
3f84c000
3f84c000
3f84c000
3f84c000
3f84c000
3f84c000
3f84c000
3f84c000
3f84c000
3f84c000
3f84c000
3f84c000
3f84c000
3f84c000
3f84c000
3f84c000
3f84c000
3f84c000
3f84c000
3f84c000
3f84c000
3f84c000
3f84c000
3f84c000
3f84c000
3f84c000
3f84c000
3f84c000
3f84c000
3f84c000
3f84c000
3f84c000
3f84c000
3f84c000
3f84c000
3f84c000
3f84c000
3f84c000
