3f582600
3f95d000
3fa4b000
3f4f9800
3f526000
3f92b300
3f58b800
3fc17c00
3fab9800
3f5bf000
3f116e00
3fa18000
3f5c8600
3f779000
3f98b300
3f948800
3f64b200
3f678c00
3f954a00
3f413e00
3fbb0000
3f5e1000
3fa5bb00
3f8f3a00
3f625000
3f6bae00
3f965800
3f991400
3f977500
3ff2a600
3f840700
3f4b1800
3f911f00
3f439e00
3fab9800
3f8cc800
3f776800
3f50bc00
3f328200
3f1da000
3f1bb200
3f132400
3f39f000
3f8b9000
3f3e3000
3f35ee00
3f405000
3f866800
3f89ec00
3f9aa100
3fd22300
3f1a8e00
3f35ee00
3fa18000
3f820c00
3fdba700
3fd3b900
3fbcba00
3f59dc00
3f530400
3f474e00
3f918000
3f72a600
3f62fc00
3f866800
3f403200
3f542800
3fa42800
3f1a9800
3f779000
3f924200
3f8c3200
3f646000
3f97f000
3fc4a800
3f495200
3f8d2600
3f56a000
3f891000
3f54f200
3f911d00
3f8bd100
3fa4f000
3f1e8c00
3f3c1000
3f449000
3f247200
3f8ac500
3fb4a000
3f253400
3f6be000
3fa02e00
3f2c3c00
3f860300
3f24d200
3f4d5000
3f7c2a00
3f78a800
3f862200
3f646000
3fa97800
3f5ae000
3f990000
3f438400
3f9f6000
3f85e000
3f38e800
3f6cae00
3f216600
3f71be00
3f726200
3f8c3200
3fab1000
3fb39000
3f8cf400
3f924200
3f382600
3f468c00
3faa0000
3f331400
3f886800
3f2cc800
3f9bbb00
3f83a200
3f809b00
3f5efe00
3f8b7100
3f5c2400
3f4af000
3fba5900
3f7c1400
3f1c4400
3f843d00
3f449000
3f71d000
3f930400
3fa0f800
3f8d5500
3fb98e00
3f862200
3f776800
3f696800
3faa0000
3f713e00
3f48d200
3fb28000
3f990000
3f74c600
3f55b400
3f83c000
3f2cc800
3f514e00
3f383600
3f45ca00
3fa53800
3fbf1b00
3f825800
3f29c000
3f438400
3f559000
3f597e00
3f831a00
3f1d6800
3f467800
3f345c00
3f455400
3f41e800
3f95df00
3f5c7200
3fe6c100
3f27ac00
3f5d0000
3fa0f900
3fa0f800
3f29c000
3f1e8c00
3f89ec00
3fcc9600
3f40c400
3f47c000
3f4c2c00
3f216600
3fcb0000
3f998800
3fe5f600
3fb59700
3f84ff00
3f7c2a00
3f905d00
3f08e000
3fa5f600
3f172200
3f856000
3f172200
3f6f8800
3fe1ff00
3fd3b900
3f6a6600
3fa1c400
3f6af800
3f9ba800
3f9b2000
3f6d3200
3fc2f800
3f94e900
3f5f9e00
3f116e00
3f88e000
3f2d6000
3f420000
3fa28f00
3f905d00
3f76f200
3f831a00
3f4b9a00
3f0cde00
3f271a00
3f951400
3f880700
3f045000
3f8adf00
3f5d4800
3f984000
3fa97800
3fd7b000
3f6bae00
3f886800
3f892f00
3f814100
3fb28000
3f3dea00
3f7d3800
3fb9f000
3f40c400
3f450800
3f74aa00
3fb26b00
3fbe5000
3f19fc00
3f886400
3f69d400
3fa81c00
3fae7400
3fa28f00
3f74aa00
3f9d4000
3f536e00
3f48d000
3f892f00
3fa75100
3f20d400
3fb85800
3f78a800
3f6de400
3f99d600
3f23b000
3f629600
3f886400
3f58c000
3fb4cc00
3f81a000
3f611200
3fada900
3f811800
3f6ef600
3f6c7000
3fa68600
3f4a5600
3f1da000
3fded300
3fbda800
3fb98e00
3f0f2600
3f8ffc00
3f54f200
3f879900
3f216600
3f7c5a00
3f809b00
3f467800
3f96e000
3f6df400
3f499400
3f5b0000
3f886400
3f32d800
3fa20800
3f567600
3fca3500
3fc89f00
3f9b2000
3f659e00
3f072a00
3f4d1000
3f48d200
3f89ec00
3f420000
3f339a00
3f355c00
3f9fe600
3f37d000
3f32d800
3f9d3f00
3f82e300
3f4e2000
3f084e00
3f81bf00
3f7af000
3f866800
3fcc9600
3f64b200
3fe85700
3f9ec300
3f807600
3f371200
3f7ea000
3f415600
3f65f600
3f6e0000
3f057400
3f6c1c00
3f65d600
3f911d00
3f084e00
3f91e100
3f25f600
3fa5bb00
3f833800
3f932800
3f3c3400
3f801200
3f383600
3f868300
3f8ac500
3fb06000
3f450800
3fb1a000
3f1cd600
3f271a00
3f376400
3fa4f000
3f21f800
3f5dda00
3fb00a00
3fa0a800
3f911d00
3f7a5e00
3f148800
3f1c4400
3f1cde00
3f702000
3f3e3000
3f82b000
3f6d3200
3fe1ff00
3fbb2400
3f4e7400
3f61d800
3fa81c00
3f120000
3f7af000
3f8df100
3f3d5800
3fb26b00
3f7d3800
3f395a00
3f3d2000
3fb7f800
3fae4000
3f222c00
3f443000
3f924200
3f857400
3f216600
3fa64800
3f506600
3f427000
3f271a00
3f954a00
3f439e00
3f954a00
3f89ec00
3f8ed900
3f5e0a00
3f94e900
3f1a8e00
3f29c000
3f855800
3f543000
3f948800
3f48d200
3fc73800
3fca3500
3fcfc200
3f891000
3f89ec00
3f638e00
3f4f9800
3fa42800
3f5efe00
3f82e300
3f8d7000
3f1b2000
3f603000
3f6c1c00
3fafd800
3fab9800
3f4cbe00
3f8e1700
3f343800
3f514e00
3fa4b000
3f880700
3f514e00
3f371200
3f7df000
3f605000
3f504000
3f1b2000
3f420000
3fa53400
3f611200
3f95df00
3f68a600
3f36a200
3f77ce00
3f8a4d00
3f24d200
3f8b9000
3f8b3000
3f5bf000
3f813500
3fbd8500
3f196a00
3f1cd600
3f603000
3f5bc400
3f2cce00
3fba5900
3fb8e000
3f703a00
3fbbef00
3f4b9a00
3f8c4000
3f5bf000
3f2df200
3f4e2000
3f789000
3f5cb600
3f20d400
3fd61a00
3faf3f00
3f169000
3f1e8c00
3faf5000
3f99d600
3f7ac000
3f191400
3fcb0000
3f869800
3f371200
3f9d0200
3fd6e500
3f25f600
3f4b0800
3f34ca00
3fba5900
3f93c600
3f430c00
3f216600
3f626a00
3f9b5a00
3f6af800
3facde00
3f696800
3f678c00
3f924200
3f2e8400
3f74aa00
3f860300
3f499400
3f8aa800
3f4c2c00
3f636000
3fd6e500
3feeaf00
3f831a00
3f95ab00
3f597e00
3f416000
3f789000
3f81bf00
3f3d7400
3f296200
3f8e6000
3f5b0200
3f5f2000
3f15fe00
3f1dfa00
3f481000
3f868300
3f8d5000
3fca3500
3f395a00
3f672200
3fc62800
3fbd8500
3ff37100
3fcd6100
3f789000
3f62fc00
3f67e400
3f30cc00
3f2e4c00
3f669000
3f8e6000
3f4de200
3f35e000
3f5d4800
3f82e300
3f7e5c00
3f3b0000
3fb66200
3f97f100
3f820c00
3f713e00
3f781600
3f837b00
3f874500
3f937e00
3f14da00
3f757000
3f613400
3f6dd200
3fa29000
3f9d4000
3fa81c00
3f696800
3fb63800
3f886400
3f602200
3f7e5c00
3f801200
3f8b3000
3faa8800
3f44c200
3f2cc800
3f29c000
3f9ba800
3fd94600
3f892a00
3f6ef600
3fcd6100
3f20a800
3f328200
3f96ce00
3fa75100
3f567600
3f94e900
3ff1db00
3fb26b00
3fa0f900
3fa1c400
3f860600
3f9a9800
3f5b0000
3fb98e00
3f605000
3f659e00
3f678c00
3f807600
3f801200
3f764a00
3f515800
3f45ca00
3f56a000
3f603000
3f87bc00
3f536e00
3f7e5c00
3faf3f00
3f781600
3f8b7000
3f83a200
3f921800
3f603000
3f60b400
3f7ea000
3fd87b00
3f8ac500
3f70fc00
3f64dc00
3f659e00
3fae7400
3fbd8500
3fafd800
3f51e000
3f713e00
3f9d4000
3fb40100
3f84ff00
3f256400
3fd3b900
3f5d4800
3f886400
3f4de200
3f9e0100
3f72a600
3f17b400
3f801200
3f4d5000
3fd2ee00
3f1a8e00
3f594a00
3fc4a800
3f89bb00
3f678c00
3f833800
3f61d800
3fa28f00
3f2e4c00
3f37d000
3f69c000
3f8f8700
3f874500
3f57b000
3f45e600
3f216a00
3fbb2400
3fbc9800
3f32d800
3f8d2600
3fc4a800
3f204200
3f5e6c00
3f837500
3f67a000
3f855800
3fa81c00
3faec800
3fcb0000
3f72a600
3fbe5000
3faf3f00
3f977500
3fa4b000
3f977500
3f479c00
3f6ab800
3f899800
3f129200
3f61d400
3f9b2000
3f860600
3f83a200
3f2d8a00
3f990b00
3f72a600
3f728000
3fb1a000
3f7e5c00
3fbfe600
3f51ea00
3f837b00
3f4d5000
3fac2000
3f514e00
3f7c5a00
3f515000
3f579400
3f860600
3fcd6100
3f3b2e00
3fada900
3f474e00
3fb41800
3f911d00
3f892a00
3fb17000
3f726200
3f72f400
3f268800
3fdba700
3f104a00
3fbb2400
3f635800
3f5ecc00
3f548000
3f512800
3f413e00
3f990b00
3fd08d00
3f9ed800
3f781600
3f892900
3f403200
3f831a00
3f87bc00
3f506600
3f4c2c00
3f7e5c00
3f542800
3fc70900
3f8f7000
3f2df200
3f468c00
3f89ec00
3f8b0f00
3f8c4000
3f605000
3f886800
3f8f3a00
3f3cb200
3f880700
3f6e6400
3fd94600
3f45ca00
3f932800
3f892f00
3f554c00
3fc7d400
3f8ebc00
3f18d800
3f809000
3f905d00
3fc63e00
3f543000
3fb39000
3f3dea00
3f8df100
3f8bd100
3f82d700
3f879900
3f69c000
3f85c100
3f81a000
3f7c1400
3f1dfa00
3f64dc00
3f48d000
3fd3b900
3f647000
3f6c1c00
3f92b300
3f781600
3f6eb600
3f1a8e00
3f6af800
3f415600
3f891000
3f1b2000
3faec800
3f4d5e00
3f474e00
3fa4f000
3fd22300
3f757000
3f89bb00
3f96e000
3f1f1e00
3f8adf00
3fc89f00
3f19fc00
3fe52b00
3f8df100
3f99d600
3f6c7000
3fbfe600
3f1bb200
3f89fa00
3f976800
3f965800
3f482e00
3f672200
3f5d4800
3fa53800
3f681e00
3f34a000
3f990b00
3fb00a00
3f795200
3f96aa00
3f3fa000
3f69c000
3f084e00
3f92a300
3fe52b00
3fb59700
3fb85800
3f8ac500
3f283c00
3fa1c400
3f868300
3f3ef800
3f9ba800
3fb7f800
3f3a7e00
3f38e000
3f271a00
3f820c00
3f120000
3fba5900
3f9b6c00
3f321600
3f779000
3f8bb800
3f9b2000
3fc49000
3f427000
3f548000
3f3ba200
3f713e00
3fafd800
3f860300
3f892a00
3f8c3200
3f89fa00
3f52ac00
3f31f000
3fc3dd00
3f6ab800
3f184600
3f495200
3f573800
3f08e000
3fc89f00
3f951400
3f59d000
3f1d6800
3f9cb800
3f76f200
3f438000
3fb4cc00
3f7ac000
3fc63e00
3f2b1800
3f55b400
3f8aae00
3f613400
3f34ca00
3fbb0000
3f554c00
3f757000
3f58bc00
3f060600
3f2a8200
3f57fa00
3f8a4d00
3f2d6000
3f277a00
3f98b300
3fb98e00
3fdadc00
3f7e5c00
3f8cc800
3f743c00
3f862200
3f55b400
3f843d00
3f48c000
3f439e00
3f530400
3fb7f800
3f3b2e00
3f481000
3faa7d00
3f7dc000
3f7ad600
3f837500
3f506600
3fb0e800
3f19fc00
3fc70900
3f420000
3f846d00
3f156c00
3f8a4d00
3f7c5a00
3f728000
3f351e00
3fd15800
3fd3b900
3fa3a000
3f8c0300
3fb40100
3f5d4800
3f6c7000
3fbfe600
3f2b1800
3f526000
3f81bf00
3f8c3200
3f757000
3f65f600
3f55de00
3f886400
3f132400
3f8dd800
3f3f4000
3f879900
3f886800
3f5a6e00
3fb98e00
3f4e2000
3fe13400
3f83a200
3f24d200
3f82d700
3fa81c00
3f625000
3f1cd600
3f1dfa00
3f728000
3f7df000
3f734200
3f79b000
3fbe5000
3fa07000
3fba5900
3f844800
3f7ad600
3fbfc800
3f548000
3f482e00
3f779000
3f9dc800
3f837500
3f713e00
3f35ee00
3f9d4000
3f405000
3f880700
3f403200
3fde0800
3f738600
3f382600
3f8d2600
3faf5000
3f602200
3fb8c300
3f95d000
3fb4a000
3fa68600
3f26b800
3f79b000
3f449000
3fa0f800
3fbfe600
3f9af900
3fd08d00
3f2c0600
3fb40100
3fad3000
3f892a00
3f55de00
3f8d5000
3f029a00
3f825800
3f7ac000
3f951400
3f120000
3f807300
3f8d2600
3f795200
3f530400
3f809b00
3f74aa00
3f831a00
3f6ad000
3f084e00
3f3fba00
3f1a8e00
3f866800
3f41e800
3f930400
3f8ee800
3f91e100
3f6aec00
3f49e400
3f636000
3f840700
3f8ebc00
3f5f8e00
3f554c00
3f20a800
3f6c1c00
3f8e0200
3f339a00
3f892900
3f7ac000
3fa5bb00
3f271a00
3fd61a00
3f96aa00
3f696800
3f880000
3f13b600
3fcd6100
3f9af900
3f2d8a00
3fc57300
3fa75100
3f351e00
3f635800
3f104a00
3fc05000
3f317000
3f69c000
3f6f7a00
3fa86800
3fab4800
3f702000
3f638e00
3f0e9400
3f9e9800
3f515000
3f383600
3f08e000
3f470a00
3f795200
3fa18000
3f990b00
3f840700
3fd08d00
3f89fa00
3fa3a000
3f59dc00
3f5e1000
3f5e6c00
3f9bbb00
3fa0f800
3f2e4c00
3f990000
3f990b00
3f6a2a00
3f65f600
3fda1100
3f6f8800
3f6af800
3f1cde00
3f8aa800
3f81f700
3f7c5a00
3f438400
3fc57300
3f888800
3f253400
3f216600
3f5a6e00
3f57b000
3f148800
3fc9e000
3f543000
3f8e1700
3f88c900
3fc17c00
3f93c600
3f253400
3fac1300
3f368000
3f21f800
3fb5b000
3f67a000
3f860300
3f54ba00
3f2c0600
3f2baa00
3f948800
3f0d7000
3f3d2000
3f908000
3f5bf000
3f228a00
3f7ac000
3f2c0600
3fa75100
3f156c00
3f3b2e00
3f9d0200
3fb1a000
3f582600
3f8adf00
3f48c000
3f8e9400
3fa04700
3f81a000
3f554c00
3fb41800
3f8f7000
3f735000
3f805200
3f481000
3f3ba200
3f468c00
3fc6b000
3f35ee00
3f84ff00
3f5efe00
3f892f00
3f1d6800
3f03be00
3fc70900
3f713e00
3f2d8a00
3fa75800
3f6d3200
3f911d00
3f283c00
3f82e300
3fd7b000
3f368000
3f594a00
3f36a200
3f846d00
3f89fa00
3fe46000
3fbcba00
3f713e00
3f8b7000
3f5efe00
3f383600
3f4a7600
3f78fe00
3f862200
3f701a00
3f866800
3f8ebc00
3f8d2600
3f64dc00
3f594a00
3f4ee200
3f6dd200
3f65d600
3f443000
3f8ac500
3f20d400
3f9f6300
3f813500
3f19fc00
3f495200
3f5e0a00
3fbb8800
3f74c600
3f169000
3fc89f00
3f42c200
3f8e1700
3f8ff800
3f8ff800
3f78fe00
3fcc9600
3f5e6c00
3f75d200
3fe2ca00
3f2df200
3f2f0e00
3fa9b200
3f5bc400
3f196a00
3fa5bb00
3fde0800
3f990000
3fa28f00
3fcc9600
3f9e9800
3f990b00
3f96e000
3f222c00
3f5cb600
3f7dc000
3f603000
3f2cc800
3f579400
3f430c00
3f86ce00
3f9b5a00
3f853800
3f991400
3fab1000
3f9b6c00
3f4f3000
3f567600
3f985200
3f44c200
3f6af800
3fd2ee00
3faa8800
3fa07000
3f67e400
3f19d600
3f735000
3fe1ff00
3f48d000
3f812d00
3fe85700
3f5f9000
3fa65700
3f172200
3f813500
3f74c600
3fbcba00
3fa64800
3f0a9600
3f856000
3f6af800
3f395a00
3f8ffc00
3f976800
3f911d00
3fbda800
3f7c5a00
3f502a00
3f8b9000
3fb6c000
3f427000
3f92b300
3f61d800
3fe6c100
3f78a800
3fc16000
3f837500
3f58bc00
3f807300
3f932800
3f81a000
3f439e00
3fcbcb00
3fb0e800
3f8cf400
3f984000
3f82e300
3f6eb600
3fa07000
3f0d7000
3f825100
3f579400
3f626a00
3f943800
3f130400
3f8d5000
3f7d1c00
3f892f00
3fa86800
3f4b9a00
3f502a00
3fa0a800
3f813500
3fbe5000
3fbfe600
3f42c200
3f8ee800
3f4de200
3f862200
3f820c00
3fdadc00
3f8b7000
3f96aa00
3f840700
3fb39000
3fb39000
3f9a1000
3ff37100
3fbfe600
3f781600
3f2b4400
3f395a00
3f75ce00
3f789000
3f47c000
3fd7b000
3f594a00
3f54f200
3f813500
3fb26b00
3fa42800
3f7c5a00
3f8db600
3f678c00
3f4a7600
3f86f000
3f52ac00
3f8a4d00
3f960c00
3f2e8400
3f892f00
3f831a00
3f439e00
3f820c00
3f880700
3f9fe800
3f638e00
3f966d00
3fa65700
3f573800
3f5e6c00
3f764a00
3f6c4e00
3f7bd000
3faec800
3f37a400
3f93c600
3f5e0800
3f880000
3f5f9e00
3f869800
3fc16000
3f39aa00
3f696800
3fa29000
3f97f100
3f8bb800
3fdadc00
3f032c00
3f48d200
3f888800
3f559000
3f9f2400
3f28fe00
3f6f7a00
3f877800
3f82e300
3f579400
3faa8800
3f64b200
3f892f00
3f891000
3f9f6300
3fbfe600
3f20d400
3fa28f00
3f603000
3fab4800
3f6e0000
3f86f000
3f666800
3f542800
3fde0800
3fa35a00
3f932800
3fcbcb00
3f8e9400
3f833800
3f515000
3fdadc00
3f692200
3f4fa400
3fb85800
3fb17000
3f2df200
3f36c000
3fb1a000
3f840700
3f866800
3f911f00
3f860300
3f570200
3fb74800
3f672200
3f948800
3faf3f00
3f71be00
3f8ed900
3fd3b900
3f78a800
3f1cde00
3fcbcb00
3fab1000
3fbfe600
3f328200
3f8aa800
3f5b0200
3fc31200
3f82e300
3fbfe600
3f2e4c00
3f39f000
3f430c00
3fada900
3fb8c300
3f899800
3f853800
3f2c0600
3f36a200
3f66fa00
3fa97800
3fac1300
3f966d00
3fad3000
3f92b300
3f8c4000
3f833800
3fd94600
3f9e9800
3f48d200
3f768000
3f45ca00
3f4e2000
3f713e00
3fb26b00
3f482e00
3f6b8a00
3f84e200
3f9d4000
3f635800
3f120000
3f7ac000
3f781600
3f8d2600
3f966d00
3fcd6100
3f862200
3f45ca00
3f120000
3f60b400
3fa5c000
3f2d6000
3f40c400
3f94e900
3f66fa00
3f985200
3fb0d500
3f116e00
3f9b2000
3f3b1000
3f880700
3fbe5000
3f4e2000
3f7c2a00
3f951400
3f8dd800
3f84d000
3f2c3c00
3f2d8a00
3fbcba00
3f837b00
3f56a000
3f405000
3f702000
3fc24700
3f0a0400
3f825800
3f19fc00
3f899800
3f40c400
3f74c600
3f14da00
3f9d4000
3f837b00
3f6d4000
3f5bf000
3f5f8e00
3fbb2400
3f8cc800
3fa20800
3f8b3000
3f738600
3f5ae000
3f7df000
3fb1f800
3f597e00
3f450800
3f976800
3f809b00
3fbcba00
3f512800
3fa4b000
3fcb0000
3f6c7000
3f6de400
3f801200
3f635800
3f0a9600
3f3fba00
3f3b2e00
3f6f1000
3f9cb800
3f244000
3f6c4e00
3f99d600
3f654400
3f78a800
3f6c1c00
3fd2ee00
3fb0d500
3f9bbb00
3f8d5500
3f672200
3f911f00
3f831a00
3f8fb800
3f92b300
3f6be000
3fc63e00
3f6a2a00
3f351e00
3f869800
3fa47200
3fadb800
3f120000
3f4e2000
3f64b200
3f825800
3f70fc00
3f23ae00
3fb00a00
3f8c5b00
3f92a300
3f48d000
3f8ebc00
3f8d5000
3fc96a00
3f8dd800
3f3c3400
3f4c9c00
3f3a7e00
3f4e2000
3f837500
3f853800
3f96aa00
3f2cce00
3fcfc200
3f7c1400
3f776800
3f811800
3fbbef00
3f403200
3f9b6c00
3fa81c00
3f6cf000
3f479c00
3f8b9000
3f3cb200
3f8ee800
3f6d4000
3f874500
3f38c800
3f8bb800
3f9f8500
3f6ad000
3fd3b900
3f4f3000
3f911d00
3f3cb200
3f515800
3fa3a000
3f41e800
3f69d400
3f7c5a00
3f395a00
3f382600
3f1c4400
3f9dcd00
3f880700
3f9c3000
3fcfc200
3f846d00
3f66fa00
3f57b000
3f7af000
3f795200
3f9b2000
3fab1000
3f888800
3f450800
3faa7d00
3f991400
3fca3500
3f303a00
3f116e00
3f4d5000
3f502a00
3fd87b00
3f5cb600
3f0fb800
3f4de200
3f8f9b00
3f3a6c00
3fb7d000
3fa86800
3f15fe00
3f892a00
3f502a00
3fc24700
3f840700
3fcef700
3f231c00
3fed1900
3f7c1400
3fc2f800
3f95ab00
3f997500
3f2f1600
3f7ad600
3f57b000
3f892a00
3f4cbe00
3f4c9c00
3f573800
3f611200
3f1dfa00
3f943800
3f2df200
3f92a000
3f7d1c00
3f4a5600
3f495200
3f868300
3f6a6600
3f972f00
3f23b000
3f82d700
3fcbcb00
3f4b1800
3f570200
3f7c2a00
3f5e1000
3ffa9400
3fb00a00
3f7d1c00
3f8b0f00
3f62fc00
3fcef700
3f8f3a00
3f104a00
3f924200
3f807300
3fe06900
3fcef700
3fa1c400
3fdc7200
3f846d00
3f855800
3f455400
3f892f00
3f764a00
3fbe5000
3f807600
3fa07000
3f672200
3f96ce00
3fa3a000
3f6bae00
3f339a00
3f6be000
3f7df000
3f097200
3f7c1400
3fa0f900
3f2fa800
3f268800
3f4af000
3f8aa800
3f42c200
3f7f8000
3fe1ff00
3f68b000
3f891000
3f6df400
3f97f000
3f6ad000
3f8b3000
3f6be000
3f4af000
3f919000
3f638e00
3f880700
3f825800
3f701a00
3f833800
3f91e800
3f594600
3f2f0e00
3fcef700
3f8c5b00
3f7d1c00
3f69c000
3f987800
3f908000
3fb0e800
3f977500
3f905d00
3f47c000
3f2e8400
3f9f6000
3fa97800
3f9b6c00
3f9d4000
3fcbcb00
3f48d000
3faec800
3f9a9800
3f82b000
3f3e3000
3f8ebc00
3fa5bb00
3f32d800
3f54f200
3f355c00
3f62fc00
3fcc9600
3f59dc00
3f954a00
3f9d4000
3f0a0400
3f602200
3f9d0200
3f654400
3f8b7000
3f7a9400
3f694200
3f966d00
3f216a00
3fca3500
3f68b000
3f7d1c00
3f976800
3f877800
3f7af000
3f8b7000
3f3e3000
3f76f200
3f837b00
3f5adc00
3f5bc400
3faa8800
3fdd3d00
3f23ae00
3f66fa00
3f0c4c00
3f678c00
3f9f6300
3f3bf000
3faf5000
3f8df100
3f636000
3fb72d00
3f8c5b00
3f6de400
3f807600
3f83c000
3f169000
3f7c2a00
3fb30800
3f75ce00
3f481000
3f9c3000
3fa68600
3fb7f800
3f1d6800
3f918000
3f75ce00
3f495200
3f2fa800
3fc96a00
3fa64800
3f892900
3fbcba00
3f8d2600
3f853800
3f559000
3f9c3700
3f3e3000
3f46b000
3f899800
3fba7800
3f8d5500
3f82b900
3f7e5c00
3f4cbe00
3f78a800
3f626a00
3f536e00
3f6eb600
3fbe5000
3f315400
3f7f0000
3f35b000
3fde0800
3f81bf00
3f6f7a00
3fa4b000
3f3b2e00
3f0c4c00
3faf5000
3fdf9e00
3fba7800
3facde00
3f84e200
3fa42500
3f764a00
3f1dfa00
3fb63800
3f61d800
3f877800
3f30cc00
3f9d4000
3f635800
3f4ee200
3f60b400
3fb30800
3fbcba00
3f130400
3fb33600
3f8e6000
3fbeb800
3f95ab00
3fa4f000
3f6c1c00
3f7c1400
3f45a000
3f383600
3f9e5000
3f2a8600
3f84d000
3f430c00
3f860600
3fb8c300
3f427000
3f809b00
3f116e00
3f49e000
3f7af000
3f5cb600
3f602200
3f39ec00
3f95ab00
3f4e2000
3fc57300
3f1a8e00
3fa0f800
3f283e00
3f837500
3f899800
3f78fe00
3f4bda00
3f990b00
3f1b2000
3fae7400
3f51ea00
3fba5900
3f40c400
3faa0000
3f4fa400
3fc0d800
3f805200
3f819600
3f2b1800
3fb63800
3f976800
3f899800
3fa5bb00
3f296200
3f770c00
3f91e800
3f768000
3f6ad000
3f3a6c00
3f82b000
3f776800
3f5c7200
3f512800
3fa29000
3f1f1e00
3f6c7000
3fc63e00
3f59d000
3f84ff00
3f713e00
3f82e300
3f277a00
3f9dcd00
3f2fa800
3fc0b100
3f060600
3f5bf000
3fa68600
3f1e8c00
3f9a1000
3f37a400
3f40c400
3f542800
3f5d4800
3f4b9a00
3f819600
3f5e6c00
3f812d00
3f8dd800
3f97f100
3f98b300
3f932800
3faca800
3fd2ee00
3f56a000
3fb0e800
3f72a600
3fb4cc00
3f8ffc00
3f814100
3f89fa00
3f247200
3fc89f00
3f8c9300
3fafd800
3fbf1b00
3fa29000
3f2f1600
3f666000
3f3c3400
3fdf9e00
3f470a00
3f3b2e00
3fb41800
3fede400
3f987800
3f244000
3fd48400
3f4c0000
3fde0800
3f819600
3f83c000
3f3fba00
3fd54f00
3f79b000
3f9e9800
3f2baa00
3f244000
3f807300
3f89ec00
3fa28f00
3f9fe600
3f886800
3f75ce00
3fbfe600
3f757000
3f416000
3f444600
3fcd6100
3f87bc00
3f809b00
3f415600
3f395a00
3f559000
3f694200
3f8e6000
3f104a00
3fa7e000
3f702000
3f309200
3ff5d200
3f892a00
3f7d1c00
3fd08d00
3f130400
3f602200
3f343800
3f9da000
3f833800
3f0cde00
3f3ba200
3f78a800
3f2e8400
3f6de400
3faca800
3f191400
3f45e600
3f526000
3f886800
3fbcba00
3f420000
3f998800
3fb26b00
3f724000
3fc0b100
3f7f0000
3f339a00
3f743c00
3f27ac00
3f62fc00
3f1d6800
3f910800
3f921800
3f8ee800
3f5b0000
3f658000
3f78a800
3f6de400
3fc17c00
3f860300
3fae7400
3f97f000
3f768000
3f3cb200
3f6a2a00
3faa8800
3f47c000
3fbf1b00
3f179000
3f833800
3f8db600
3f271a00
3f07bc00
3f395a00
3f930400
3fb1a000
3f36a200
3f605000
3f6d3200
3fd48400
3fc17c00
3f67a000
3f825100
3f49e400
3f3a7e00
3f382600
3f3b1000
3fae4000
3fcfc200
3f45e600
3fa53400
3f846d00
3fa29000
3f8c0300
3f4b1800
3f5bf000
3f5cb600
3f5e0800
3f5c8600
3fa53800
3f990000
3f8d5000
3f31f000
3f8d2600
3f8d2600
3fa86800
3fa97800
3f702000
3fe46000
3f892900
3fadb800
3f911f00
3fb7d000
3f8ebc00
3f54ba00
3f0e0200
3f407c00
3fdba700
3f866800
3f95df00
3f4de200
3faec800
3f7c1400
3fe52b00
3f4bda00
3f82d700
3f3bf000
3f08e000
3f654400
3fcbcb00
3f8d2600
3fede400
3f253400
3f642000
3f6aec00
3f911f00
3f129200
3f977500
3fe2ca00
3f413e00
3f2b4400
3f6c1c00
3f8b7000
3f8ebc00
3f809b00
3f6c7000
3f4fa400
3f502a00
3f888800
3f809b00
3f696800
3f807600
3f95d000
3f7c1400
3fbb2400
3f56a000
3feab800
3f801200
3f857400
3f38e800
3f6df400
3f2a8200
3f4e2000
3f692200
3f097200
3f5c8600
3f795200
3f58c000
3f7d3800
3f892f00
3f86ce00
3f734200
3fe85700
3f58bc00
3fd48400
3f9cde00
3f738600
3fb63800
3f94c000
3f68b000
3f5f2000
3fb4cc00
3fc7d400
3f78fe00
3faa8800
3fab4800
3f948800
3f1d6800
3f740400
3f5d4800
3faa8800
3faf5000
3f382600
3f635800
3f7dc000
3fb0e800
3fc31200
3fa68600
3f79cc00
3fb39000
3fc96a00
3f97f000
3fc57300
3f866800
3f95d000
3f7c1400
3f49e000
3f99d600
3f1fb000
3f8ee800
3f6c7000
3f3d2000
3f9c3700
3f7a9400
3f70fc00
3f636000
3f91e800
3f68b000
3f74aa00
3f23b000
3f8e7800
3fc63e00
3fa20800
3f554c00
3faf3f00
3f880700
3fac1300
3f196a00
3f918000
3f4c2c00
3f8b7000
3fd54f00
3f8ed900
3f2c0600
3f6c7000
3f96e000
3fb00a00
3f0cde00
3f94c000
3f768000
3f39aa00
3f846d00
3f614000
3f89ec00
3f87bc00
3f420000
3f8ebc00
3fc96a00
3fc24700
3f4d5000
3f403200
3f54f200
3f6c1c00
3f3cb200
3f567600
3f930400
3f801200
3f468c00
3f20d400
3f5d0000
3f879900
3f83c000
3f4c2c00
3f9b6c00
3f35b000
3fae7400
3f5e0a00
3fe46000
3f977500
3fda1100
3f2cc800
3fde0800
3f1f1e00
3fc3dd00
3f5c8600
3f28fe00
3fd08d00
3fbe3000
3f856000
3f905d00
3f567000
3f554c00
3f991400
3f315400
3f55b400
3f9f6300
3f3f0e00
3f403200
3f36a200
3f277a00
3f84d000
3fd6e500
3fa02e00
3f60b400
3f5c8600
3f9e9800
3f69d400
3f807300
3fb1a000
3f57b000
3f984000
3f4ee200
3f51ea00
3f855800
3f5c2400
3f809000
3f8d2700
3f55b400
3f8b0f00
3f29c000
3f9a1000
3f1cd600
3f8d5000
3f837500
3f8cf400
3f48c000
3f104a00
3f8b9000
3f874500
3f4bda00
3fcb0000
3fcc9600
3f3fa000
3fcd6100
3f805200
3fcfc200
3f6be000
3f84ff00
3f443000
3f64dc00
3f672200
3f678c00
3f5d4800
3fada900
3fa53800
3f86f000
3f837b00
3fa1c400
3f3cb200
3fda1100
3fd87b00
3f6eb600
3f8e1700
3f801200
3fe5f600
3f339000
3f942700
3f813500
3f8ffc00
3f4b9a00
3f910800
3f8df100
3f57b000
3f819600
3f734200
3fbcba00
3fa5c000
3f9dc800
3f8a4d00
3f7c2a00
3f468c00
3f5c7200
3fa28f00
3f247200
3f8aa800
3fc57300
3f9aa100
3f99d600
3f5ae000
3f843d00
3f4fa400
3fe06900
3fe1ff00
3f658000
3ff43c00
3f3d7400
3fa0f800
3f15fe00
3f156c00
3fad3000
3f514e00
3f8ed900
3fe1ff00
3f908000
3f449000
3f0fb800
3f228a00
3f65f600
3f833800
3f911d00
3f7f0000
3f38e800
3fb28000
3fbf1b00
3f81a000
3fb98e00
3f371200
3f734200
3f977500
3f88c900
3f8d7000
3f6df400
3f343800
3fa0f800
3f144800
3f0a9600
3f694200
3f813500
3f5c8600
3f8cf400
3f5f8e00
3f3cb200
3f554c00
3f87bc00
3fd6e500
3f8b7000
3fb98e00
3fce2c00
3fcb0000
3fdadc00
3f635800
3f2fa800
3f626a00
3f76f200
3f25f600
3fa81c00
3f625000
3f4fa400
3f4cbe00
3fa75100
3fbeb800
3f7d3800
3f512800
3f911d00
3f376400
3fb41800
3f990b00
3f6dd200
3f7dc000
3fa75100
3fd6e500
3f811800
3f812d00
3f8e1700
3f303a00
3f4e7400
3f35ee00
3f116e00
3f1a8e00
3fa0f900
3f1c4400
3fd22300
3f860300
3fcb0000
3f21f800
3f51e000
3fd94600
3f1b2000
3f602200
3fb30800
3f8e6000
3f83c000
3f52ac00
3fb39000
3f3e3600
3f6ad000
3fab4800
3f331400
3f965800
3f0cde00
3f905200
3f613400
3f795200
3f29f400
3f34ca00
3fb59700
3fac1300
3f69c000
3f7c2a00
3f3fa000
3f029a00
3f4b0800
3f371200
3f383600
3fb7f800
3f129200
3f8e6000
3f728000
3f93c600
3f813500
3f9d4000
3fe5f600
3f597e00
3f879900
3f6ab800
3f795200
3f768000
3fb4cc00
3fb00a00
3f79b000
3f148800
3f614000
3f6eb600
3f5e1000
3f37d000
3f37a400
3f666000
3f4d5e00
3fa68600
3f921800
3fc17c00
3fa16a00
3f4b9a00
3f3b1000
3f9e9800
3f438000
3f37a400
3f57b000
3fab9800
3f8d2700
3f9fe800
3fdd3d00
3fc89f00
3fb41800
3f8f9b00
3f814100
3fe1ff00
3f738600
3f899800
3f743c00
3fa1c400
3fa75100
3f81f700
3f757000
3fc89f00
3f862200
3f482e00
3f892f00
3f0c4c00
3f444600
3f315400
3f49e400
3f987800
3fc96a00
3f944900
3f467800
3fa97800
3fa86800
3f83a200
3f892a00
3f76f200
3fb39000
3f8a4d00
3fb30800
3f32d800
3fcef700
3fc70900
3f559000
3f23ae00
3f4b0800
3fc70900
3f6e0000
3f694200
3f702000
3f701a00
3f328200
3f40c400
3f0e9400
3f2b4400
3f611200
3f8ee800
3f69d400
3f5d4800
3f768000
3f526000
3f7dc000
3f83a200
3fada900
3f6aec00
3fa1c400
3f7c5a00
3f8e6000
3f68b000
3f9a9800
3f83a200
3f701a00
3f840700
3f57fa00
3fa35a00
3f932800
3fa5bb00
3f9ba800
3f862200
3f1dfa00
3f204200
3f537000
3f807300
3f81a000
3f072a00
3f6e6400
3f735000
3f4b9a00
3f8cc800
3f40c400
3f383600
3f6ab800
3f924200
3fb72d00
3f9c3000
3f70fc00
3f55b400
3f899800
3fab4800
3f658000
3f5bf000
3f57fa00
3f64b200
3f467800
3f6c7000
3f4a7600
3f869800
3fb6c000
3f502a00
3fbb2400
3f6c1c00
3fe1ff00
3f764a00
3f83a200
3f45e600
3fca3500
3f888800
3fcd6100
3f781600
3f5adc00
3f5d4800
3f9d4000
3f376400
3fed1900
3f2cce00
3fa75100
3f247200
3f1d6800
3f9e5000
3f9c7d00
3f960c00
3f81a000
3f918000
3f8bd100
3f9dcd00
3fa3b000
3f943800
3f7c2a00
3f10dc00
3fb28000
3f32d800
3f770c00
3f8f2600
3f5e0a00
3f89ec00
3f184600
3fc0b100
3f5c8600
3fd48400
3fa07000
3fb0e800
3f303a00
3fad3000
3fa5c000
3fb28000
3f614600
3f8e1700
3f8a4d00
3fab1000
3f659e00
3f83c000
3f169000
3fa7e000
3f4fc200
3fbd8500
3f9bbb00
3f45ca00
3f52ac00
3fac2000
3f6bae00
3fdd3d00
3f81a000
3ff76800
3f84d000
3f283e00
3f3f4000
3fd48400
3fbcba00
3f4e7400
3f905200
3fa75100
3f5c8600
3f28d000
3f559000
3f4e7400
3f91e800
3f154a00
3f5f2000
3f8f7000
3f6c7000
3f2f0e00
3f6eb600
3f658000
3f6dd200
3f8c4000
3fa02e00
3f9ed800
3f9fe800
3f819600
3f8ebc00
3f097200
3f56a000
3f8ebc00
3f24d200
3f6ef600
3f820c00
3fc7d400
3f908000
3f879900
3fadb800
3f877800
3f48d000
3f905d00
3f7bd000
3f8db600
3f678c00
3fcb0000
3f78a800
3fba5900
3f60b400
3fb4cc00
3f45ca00
3f5ae000
3f9f2400
3f694200
3f743c00
3f00e400
3f874500
3f734200
3f5bc400
3f343800
3f19fc00
3f67e400
3f72a600
3f2e8400
3fb28000
3f309200
3f8ffc00
3fa53800
3f880700
3f805200
3fbc1000
3f93c600
3fbe5000
3f1b2000
3f81bf00
3f908000
3f948800
3fdf9e00
3f3f4000
3f7ac000
3f678c00
3f315e00
3f9e5000
3f8c5b00
3f9bbb00
3fc05000
3fa75800
3f443000
3f886800
3f382600
3f20d400
3fa5bb00
3f87bc00
3f216600
3fb59700
3f872a00
3fc40800
3f831a00
3f743c00
3f6c7000
3f537000
3fa1c400
3f8a4d00
3f427a00
3f776800
3f216600
3f0a9600
3f884e00
3f277a00
3f19d600
3f58bc00
3f96aa00
3f120000
3fede400
3f82d700
3fb7f800
3f8cc800
3fa31800
3f69c000
3f512800
3f68b000
3f666000
3f88e000
3f807600
3fb4cc00
3f860300
3f8c3200
3f427a00
3fd48400
3f99d600
3f48d200
3f315400
3fa02e00
3fa75100
3f905200
3fa28f00
3f371200
3f4d1000
3f866800
3fa28f00
3f526000
3f5e1000
3f5a6e00
3f13b600
3fa20800
3f70fc00
3fbe5000
3f567000
3faec800
3f855800
3fb4cc00
3f351e00
3f813500
3f427a00
3f4af000
3f339a00
3f891000
3fb7f800
3fc7d400
3f825100
3f95df00
3f24d200
3f567600
3f72f400
3f5b9200
3f62fc00
3fcc9600
3f55b400
3fa18000
3feeaf00
3fd15800
3f481000
3f641a00
3f6f7a00
3f61d400
3f75d200
3f3a7e00
3f23b000
3f5b0000
3f573800
3f658000
3f1fb000
3f4cbe00
3f1e6200
3fb40100
3f96aa00
3f9cde00
3f886400
3fd7b000
3f68b000
3f9a9800
3f5f2000
3fbfe600
3f60b400
3f9dc800
3f506600
3f9e5000
3f892900
3f9b2000
3f713000
3f29c000
3faf5000
3f0a9600
3f46b000
3f696800
3f116e00
3f976800
3f9d4000
3fbd2000
3fac1300
3f888800
3fae4000
3f833800
3fa41100
3f61d400
3f932800
3f735000
3fe13400
3f647000
3f83a200
3f7f0000
3f5bf000
3f921800
3fa28f00
3fd15800
3f2e4c00
3f825100
3f69c000
3fb40100
3fcb0000
3fa3a000
3f0b2800
3fb98e00
3f833800
3f819600
3f573800
3f455400
3fa0f800
3f6f8800
3facde00
3f8b9000
3f6ab800
3fb9f000
3f681e00
3f965800
3f814100
3f76f200
3fd15800
3fa02e00
3f908000
3f4fa400
3f6d4000
3f81a000
3fa9b200
3f866800
3f6cf000
3f89bb00
3f825100
3f9a1000
3f69c000
3f78fe00
3f7e5c00
3f3e3600
3f35ee00
3f860600
3fe1ff00
3f868300
3f770c00
3fd54f00
3f3cb200
3f9d0200
3f860300
3f5f8e00
3f805200
3f36a200
3f812d00
3f339a00
3fd2ee00
3f4b0800
3f405000
3f057400
3f1fb000
3f770c00
3f415600
3fc70900
3fb7f800
3fb0e800
3f4c0000
3f99d600
3f3cb200
3f4d1000
3f8df100
3facde00
3f6ad000
3fa75100
3f8a4d00
3fb4a000
3f5a6e00
3f86f000
3f7ad600
3f886400
3f910800
3f9bbb00
3f548000
3fb8c300
3fa97800
3ff76800
3f8a4d00
3fc16000
3fa4b000
3f120000
3f809000
3fb8c300
3f45ca00
3f976800
3f9a3700
3f869800
3f8c5b00
3f467800
3fb26b00
3f8ebc00
3f724000
3f7ac000
3f8d5000
3fa02e00
3f753c00
3f911f00
3f602200
3fb33600
3fe52b00
3f5ae000
3f277a00
3fd3b900
3f79b000
3f407c00
3f99d600
3f91e800
3f74aa00
3feb8300
3fcbcb00
3f899800
3f899800
3f998800
3f779000
3fede400
3f91e800
3f892900
3f641a00
3f554c00
3f060600
3f25f600
3fa4d300
3fb85800
3f766000
3f8c3200
3f1b5a00
3f605000
3f50bc00
3f40c400
3f79cc00
3f51e000
3fb66200
3f3e7c00
3fdd3d00
3f5f2000
3f029a00
3fab9800
3f61d400
3f8ee800
3fbcba00
3f479c00
3f427000
3f37a400
3f4bda00
3f4c9c00
3fac2000
3f045000
3fd15800
3facde00
3fe1ff00
3f3f4000
3f3a6c00
3f69d400
3f9f6000
3fada900
3f38e800
3fede400
3f94e900
3f120000
3f908000
3fbb2400
3f2c0600
3f8b0f00
3f728000
3fb66200
3f530400
3f82d700
3f8d2600
3f814100
3f4f0600
3fb59700
3f502a00
3f26b800
3f8f7000
3f8b0f00
3f833800
3f669000
3f92b300
3f6f7800
3f672200
3f853800
3f1a9800
3f573800
3fb41800
3f00e400
3ff50700
3f35e000
3f3cb200
3f638e00
3f987800
3f853800
3f4c2c00
3f1d6800
3f990b00
3f7c1400
3f5b9200
3fc63e00
3f9dc800
3f860600
3f626a00
3f79b000
3f5e1000
3fb6c000
3f66fa00
3f8a4d00
3f72f400
3fd2ee00
3f82b000
3f8aa800
3f3d2000
3f5bc400
3f833800
3f7c2a00
3fc89f00
3f807300
3f905200
3f1cd600
3f44c200
3fa35a00
3fa68600
3f6e6400
3f46b000
3fada900
3f6dd200
3fce2c00
3f84d000
3f3cc600
3f504000
3f3cc600
3fede400
3f937e00
3f99d600
3f9fe800
3f735000
3f22ee00
3f4f0600
3f191400
3fb30800
3f92a300
3fa81c00
3f811800
3fb59700
3fd48400
3f21f800
3f64b200
3f954800
3f5d0000
3fae7400
3f4bda00
3fa0f900
3fbd8500
3f3ba200
3f8d5000
3fd87b00
3f825100
3f8cf400
3f8c3200
3f3e3600
3f542800
3f3c1000
3f843d00
3f5c8600
3f427a00
3f892a00
3f8f7000
3fc3dd00
3f75ce00
3fd48400
3f3fa000
3f23ae00
3fb0e800
3f82e300
3f58b800
3f6d4000
3fc3dd00
3f9fe800
3f734200
3f1dfa00
3fc57300
3f2df200
3fb30800
3f659e00
3fd94600
3f669000
3f548000
3fd87b00
3f5d0000
3f6cf000
3f966d00
3f2b1800
3fc1e800
3f328200
3f82e300
3fc70900
3f2a8200
3f8b0f00
3f95d000
3f8ebc00
3f99d600
3f856000
3f315400
3f860600
3fa20800
3f8db600
3f979000
3fa86800
3faf3f00
3f83a200
3f5c2400
3f7d1c00
3fcfc200
3fd15800
3f415600
3f0e9400
3f8cc800
3f3ef800
3f18d800
3f779000
3f7ea000
3f880700
3f7ad600
3f5a6e00
3f4b0000
3f5d0000
3faca800
3f770c00
3f116e00
3f921800
3f892900
3f231c00
3f943800
3f9f6300
3f65f600
3f144800
3f499400
3f879900
3fb8c300
3f4c9c00
3f59dc00
3f853800
3f66fa00
3f416000
3f7d1c00
3f605000
3f495200
3fa7e000
3f9e9800
3f4e2000
3f819600
3f3e3600
3f9e5000
3fb85800
3f582600
3f84e200
3f8b3000
3f5efe00
3f2e4c00
3f74c600
3fa0f800
3fd94600
3fca3500
3f9dcd00
3f605000
3f32d800
3fcb0000
3fb5b000
3f25f600
3f713e00
3fb28000
3f3ba200
3f9dcd00
3f779000
3f9e9800
3f75ce00
3f382600
3f67a000
3f6a6600
3f9c3000
3f3cb200
3f57fa00
3f998800
3f7e5c00
3fd61a00
3f79b000
3f613400
3fc70900
3f8cc800
3fbda800
3f1e6200
3fb96800
3f892f00
3f987800
3f7c5a00
3f61d800
3f891000
3fb98e00
3f455400
3fe06900
3ff9c900
3f979000
3f9d0200
3f5d0000
3f9bbb00
3f7bd000
3f132400
3f987800
3fa81c00
3fbfc800
3fd48400
3fca3500
3fb28000
3f17b400
3f734200
3f734200
3f481000
3f8ebc00
3f921800
3f8c5b00
3f899800
3fb5b000
3f8f7000
3fa9b200
3f542800
3f2cce00
3f8f8700
3f2e4c00
3fa5bb00
3f8cf400
3f891000
3f629600
3f948800
3fcb0000
3f92b300
3f5a6e00
3fcef700
3fa0f900
3f67e400
3f713e00
3f8ac500
3f874500
3f9c3000
3f95d000
3f977500
3f948800
3f888800
3f8ebc00
3fd87b00
3f41e800
3f479c00
3f321600
3f6c1c00
3f831a00
3fdc7200
3f020800
3f8aa800
3f7ad600
3f98b300
3f7f8000
3f244000
3fd15800
3f888800
3f2e4c00
3f594a00
3f8b3000
3ff04500
3f89bb00
3f6e6400
3f6dd200
3f9b2000
3fa8f000
3f1dfa00
3f45ca00
3f75d200
3f58b800
3f172200
3f779000
3f46b000
3f8ee800
3f579400
3f7dc000
3f62fc00
3f228a00
3f62fc00
3f6cae00
3f840700
3f825100
3f843d00
3f87a600
3f93c600
3fad3000
3f8e9400
3f3d5800
3fe39500
3f3b2e00
3f2d6000
3f9ba800
3f3d7400
3f625000
3f942700
3f3e3000
3f4fa400
3f24d200
3f9a9800
3f7c1400
3f977500
3fd87b00
3f819600
3f277a00
3f669000
3f383600
3fc96a00
3f908000
3f99d600
3f3cb200
3fa7e000
3f8ebc00
3f7e5c00
3f8dd800
3f504000
3fd22300
3f94c000
3fa0a800
3f407c00
3f36a200
3f415600
3f78fe00
3f8d5000
3f8b3000
3f95ab00
3fa02e00
3fbc9800
3f5f2000
3fbf1b00
3f8aa800
3fad3000
3f40c400
3f3a7e00
3f61d800
3fa64800
3f779000
3f1e6200
3f951400
3fcfc200
3f75ce00
3f3d5800
3f805200
3fb52800
3fd3b900
3f814100
3fc70900
3f820c00
3f2fd000
3f702000
3faa7d00
3fb0e800
3f86f000
3f4a7600
3f527200
3f48c000
3f75ce00
3f79cc00
3f573800
3fb4cc00
3f4a5600
3fc3dd00
3f5efe00
3fcc9600
3f95ab00
3f3a6c00
3f47c000
3f6be000
3fb26b00
3f594a00
3f979000
3f368000
3fa6d000
3f8f2600
3f8e6000
3f3cb200
3f888800
3fdadc00
3f856000
3f5d4800
3f277a00
3fafd800
3f6f1000
3f659e00
3f64b200
3f9cb800
3f405000
3fbe3000
3fec4e00
3f837b00
3f7ac000
3f309200
3f8d5000
3f25f600
3f95df00
3f795200
3f7ac000
3f315400
3f449000
3f427000
3f6f1000
3f44c200
3fd22300
3fb72d00
3f7ea000
3f840700
3f966d00
3fa0a800
3f51e000
3f918000
3f877800
3f296200
3fa28f00
3f2cce00
3f39aa00
3f3fba00
3f79b000
3f8ff800
3fa75100
3f8b7100
3f3cb200
3f8ff800
3f244000
3f44c200
3fa07000
3f16ce00
3f95df00
3f0fb800
3fc7d400
3fa42800
3f911d00
3f69d400
3fa0f900
3f78a800
3f3f4000
3f8b0f00
3f83a200
3f416000
3f228a00
3fbb2400
3f382600
3f6e6400
3f696800
3f8cc800
3f819600
3f403200
3f868300
3fa02e00
3f905200
3fd2ee00
3f499400
3f1c4400
3fcd6100
3f6eb600
3f7f8000
3f427000
3f884e00
3fdc7200
3f696800
3f738600
3fca3500
3fa42500
3f776800
3f68a600
3fb26b00
3fc24700
3f770c00
3f5f9000
3f79b000
3f770c00
3f40c400
3f156c00
3f594a00
3f2baa00
3fa8e700
3f866800
3f96e000
3f5ecc00
3f96ce00
3f626a00
3f7d1c00
3fcd6100
3fdba700
3f231c00
3fa42800
3f8b9000
3f735000
3f4af000
3fa86800
3f8cc800
3f853800
3f382600
3f46b000
3f6c1c00
3f8f9b00
3f455400
3f51ea00
3f6d4000
3f45ca00
3fad3000
3f7c2a00
3f144800
3f3dea00
3f669000
3f9f8500
3f3dea00
3fa4b000
3fd87b00
3f625000
3f4af000
3f4fc200
3f1a8e00
3f4e2000
3f89fa00
3f977500
3f90be00
3f3ef800
3f9dc800
3f81bf00
3f82d700
3f50bc00
3fa5c000
3fa3a000
3f467800
3f805200
3f42c200
3f4c0000
3f1c1c00
3f7ea000
3f6c4e00
3f646000
3f98b300
3f954800
3fb06000
3f8d5000
3fa18000
3f5e0a00
3f7df000
3fdc7200
3f7d1c00
3f734200
3f5a4000
3f8b3000
3f764a00
3f9c3000
3f1f1e00
3f2e4c00
3f8a4d00
3f886800
3f8b0f00
3f296200
3f846d00
3f9dc800
3f825100
3f891000
3f570200
3fa28f00
3f738600
3f502a00
3f811800
3f420000
3f9cde00
3fde0800
3f8ed900
3f08e000
3f8f2600
3f4d5000
3f4e7400
3fc24700
3f368000
3fd61a00
3f2d6000
3f542800
3f98b300
3f438000
3fa4f000
3f427a00
3f635800
3f84e200
3fc16000
3f738600
3f228a00
3f930400
3f6e6400
3f6df400
3fa18000
3f713e00
3f315400
3f64b200
3f908000
3f2f5000
3fca3500
3f8c5b00
3fbf1b00
3fe1ff00
3fb41800
3f8b0f00
3f976800
3f543000
3f315e00
3f37d000
3fc63e00
3fb06000
3f184600
3f247200
3f855800
3f82e300
3fc24700
3f874500
3f79b000
3f702000
3f987800
3f83a200
3f734200
3f382600
3f4f9800
3f8aae00
3ff04500
3f68a600
3f594a00
3f5a4000
3f52ac00
3ff11000
3fb74800
3f5dda00
3f892900
3f6ad000
3f866800
3f420000
3fd87b00
3f52ac00
3f979000
3f78a800
3fb17000
3f3d2000
3f5ae000
3f4ee200
3f4fa400
3f382600
3fb40100
3f8aa800
3f820c00
3f8ffc00
3fa0f900
3f78fe00
3fdd3d00
3f6cf000
3f5ae000
3f89fa00
3f244000
3fcfc200
3f481000
3f647000
3f057400
3f455400
3f5bf000
3f813500
3fe6c100
3f8b3000
3fe13400
3fdf9e00
3f6dd200
3f764a00
3f846d00
3f2a8600
3f905d00
3f856000
3f99d600
3f42c200
3f5b0200
3f67a000
3f92a300
3fba5900
3f872a00
3f990000
3fc70900
3f843d00
3f0f2600
3f868300
3f5c8600
3fa75800
3f92b300
3fc17c00
3fd2ee00
3f82b000
3f253400
3f6e0000
3f764a00
3f96e000
3f860300
3fb8c300
3f7f0000
3fc62800
3f9c3000
3fbe5000
3f908000
3f41e800
3f7ea000
3f636000
3f911f00
3fa81c00
3f3fa000
3f368000
3f6ab800
3f132400
3fcfc200
3fab4800
3f910800
3fb9f000
3f5a4000
3f88e000
3f8b7100
3f635800
3f5e0a00
3f75ce00
3fa07000
3f355c00
3f14da00
3f7f8000
3f74c600
3f196a00
3f407c00
3f984000
3f937e00
3f7df000
3f696800
3fb63800
3f886800
3f97f100
3f855800
3fdadc00
3f857400
3f0b2800
3fb66200
3fe85700
3fa64800
3f573800
3f247200
3f315400
3f94e900
3f862200
3f87bc00
3f846d00
3f58bc00
3f69c000
3f814100
3f886800
3fa22c00
3f81bf00
3f9dc800
3f8c3200
3f813500
3fb6c000
3f33a600
3f9d0200
3f75d200
3f38e000
3f5dda00
3fa4f000
3f4c2c00
3f3f0e00
3f8b3000
3f530400
3f646000
3f1f1e00
3f611200
3f613400
3f9a9800
3f9a9800
3f820c00
3f856000
3f613400
3f504000
3f801200
3f395a00
3f672200
3f8c4000
3f382600
3fd3b900
3f31f000
3f07bc00
3fafd800
3f96ce00
3f382600
3f972f00
3f2cc800
3f156c00
3fd94600
3f2c3c00
3f303a00
3fa31800
3f3ba200
3f92b300
3f13b600
3f79b000
3f866800
3f68b000
3f88c900
3f72f400
3f4ee200
3fb4a000
3f696800
3f911d00
3f0f2600
3fa81c00
3f5e0a00
3f911d00
3fdf9e00
3fdba700
3f888800
3f7dc000
3fbd2000
3f060600
3fc3dd00
3f81a000
3f8aa800
3f977500
3f678c00
3f770c00
3f855800
3f7d3800
3f872a00
3f81bf00
3fbbef00
3f960c00
3fb00a00
3f296200
3f8df100
3fce2c00
3f61d800
3f801200
3f72a600
3f998800
3fa02e00
3f81a000
3f567600
3fb0e800
3f6aec00
3f18d800
3f81a000
3f7df000
3fc7d400
3fc16000
3f47c000
3fa18000
3fbe5000
3f256400
3fc05000
3f8aa800
3fb63800
3f692200
3f768000
3f4d5000
3fbd8500
3fcef700
3f9d0200
3f94e900
3fd54f00
3f1f1e00
3fbc9800
3f862200
3ff04500
3f910800
3f866800
3f990b00
3f7c5a00
3f809000
3f14da00
3f811800
3f17b400
3f169000
3f669000
3f75ce00
3f6f1000
3f321600
3f8d7000
3fa8f000
3f2b1800
3f83a200
3f59d000
3f768000
3f8cc800
3fb26b00
3f172200
3faf3f00
3f536e00
3fafd800
3fa4f000
3f659e00
3f965800
3f7f8000
3f60b400
3f3e7c00
3fc3dd00
3fa28f00
3fe1ff00
3f27ac00
3f567600
3f87bc00
3f6f1000
3f7c2a00
3f930400
3f95df00
3f4d5e00
3f296200
3f26b800
3f99d600
3f567600
3f92a000
3f905200
3fc0b100
3f948800
3f3cb200
3fbe3000
3facde00
3fa0f900
3f905200
3f866800
3f811800
3f0c4c00
3fc4a800
3fb7f800
3faa7d00
3fab4800
3f2b1800
3f5b9200
3f25f600
3fc89f00
3f892f00
3f966d00
3fbe5000
3f331400
3fa5bb00
3f781600
3fa3a000
3fc31200
3f734200
3fa35a00
3fae7400
3f268800
3fa81c00
3f5ecc00
3f757000
3ff50700
3f779000
3f6be000
3f92a000
3f89bb00
3f891000
3f03be00
3f46b000
3f79cc00
3f768000
3f9dcd00
3fb72d00
3fa35a00
3f825800
3f8ebc00
3fa1c400
3f8d5500
3fc89f00
3f6c1c00
3f905200
3f837b00
3faf3f00
3f99d600
3fda1100
3f368000
3fb6c000
3fbfe600
3f58bc00
3f29c000
3f886800
3f866800
3f328000
3f757000
3f789000
3f4c0000
3f837500
3fac2000
3f7d3800
3fcc9600
3f36c000
3f860600
3f3fa000
3f2cce00
3f9cb800
3f57fa00
3f6f8800
3f93c600
3f768000
3f6a2a00
3f2baa00
3f8c9300
3f843d00
3fa18000
3f355c00
3fb66200
3f2fd000
3f886800
3f7dc000
3f68a600
3fb7f800
3f25f600
3f613400
3fcfc200
3fa64800
3fa02e00
3f10dc00
3f4a7600
3fcc9600
3f2fa800
3f573800
3f495200
3f62fc00
3f8f9b00
3f66fa00
3fa81c00
3f869800
3f807300
3f61d400
3f5f9e00
3fb98e00
3fa4f000
3f8e9400
3fb00a00
3f120000
3f7c5a00
3f37a400
3f395a00
3f738600
3f9c3700
3f6c1c00
3fb98e00
3f8b7000
3f801200
3f6ef600
3faec800
3f807300
3f1f1e00
3f944900
3f8ee800
3f5ecc00
3ff50700
3f4b9a00
3f84ff00
3f692200
3f5ecc00
3f84d000
3f6d3200
3f807600
3f65f600
3f496a00
3f3d2000
3f2a0000
3f1fe600
3f124200
3f0b2800
3f00e400
3f6c4e00
3f4fc200
3f416000
3f2e4000
3f22ee00
3f154a00
3f0e0200
3f03be00
3f75d200
3f594600
3f47c000
3f34a000
3f283c00
3f1a9800
3f116e00
3f072a00
3f7c2a00
3f5f9e00
3f4d1000
3f39f000
3f2b4400
3f1da000
3f13b600
3f097200
3f005200
3f692200
3f4e2c00
3f405000
3f2e4000
3f222c00
3f154a00
3f0d7000
3f03be00
3f6f7a00
3f561a00
3f449000
3f328000
3f25f600
3f191400
3f0fb800
3f060600
3f78fe00
3f5e0800
3f4af000
3f38e000
3f2a8200
3f1da000
3f13b600
3f0a0400
3f807600
3f65f600
3f4f3000
3f3e3000
3f2d8a00
3f20a800
3f15fe00
3f0c4c00
3f020800
3f6de400
3f515800
3f438000
3f306000
3f25f600
3f185200
3f104a00
3f060600
3f75d200
3f594600
3f48d000
3f35b000
3f28fe00
3f1b5a00
3f129200
3f084e00
3f7dc000
3f613400
3f4f3000
3f3c1000
3f2d8a00
3f1fe600
3f169000
3f0c4c00
3f82d700
3f692200
3f537000
3f405000
3f315400
3f23b000
3f16ce00
3f0e9400
3f04e200
3f72a600
3f57b000
3f46b000
3f34a000
3f283c00
3f1b5a00
3f120000
3f08e000
3f78fe00
3f5e0800
3f4c0000
3f39f000
3f2b4400
3f1e6200
3f14da00
3f0b2800
3f814100
3f678c00
3f526000
3f405000
3f2fd000
3f23b000
3f184600
3f0e9400
3f846d00
3f6de400
3f56a000
3f449000
3f339a00
3f26b800
3f191400
3f116e00
3f072a00
3f776800
3f5adc00
3f4af000
3f37d000
3f2b4400
3f1da000
3f14da00
3f0a9600
3f7dc000
3f613400
3f504000
3f3d2000
3f2f0e00
3f216a00
3f17b400
3f0d7000
3f83a200
3f6ab800
3f559000
3f427000
3f339a00
3f25f600
3f1b2000
3f10dc00
3f879900
3f72a600
3f5ae000
3f47c000
3f35b000
3f28fe00
3f1c1c00
3f13b600
3f0a0400
3f7a9400
3f5f9e00
3f4e2000
3f3c1000
3f2d8a00
3f216a00
3f172200
3f0d7000
3f814100
3f678c00
3f526000
3f405000
3f315400
3f247200
3f19fc00
3f104a00
3f853800
3f6f7a00
3f58c000
3f46b000
3f35e000
3f28fe00
3f1d6800
3f13b600
3f892f00
3f776800
3f5e1000
3f4c0000
3f38e000
3f2cc800
3f1f2400
3f169000
3f0c4c00
3f807600
3f646000
3f526000
3f3f4000
3f315400
3f23b000
3f19fc00
3f0fb800
3f83a200
3f6ab800
3f56a000
3f438000
3f345c00
3f26b800
3f1c4400
3f120000
3f886400
3f743c00
3f5d0000
3f49e000
3f38e800
3f2b4400
3f204200
3f15fe00
3f8b9000
3f7a9400
3f5f9e00
3f4f3000
3f3d2000
3f2f0e00
3f222c00
3f184600
3f0e9400
3f820c00
3f692200
3f548000
3f438000
3f339a00
3f26b800
3f1c4400
3f129200
3f853800
3f6f7a00
3f59d000
3f47c000
3f376400
3f2a8200
3f1e8c00
3f14da00
3f89fa00
3f78fe00
3f603000
3f4e2000
3f3bf000
3f2f0e00
3f228a00
3f18d800
3f8d2600
3f807600
3f646000
3f526000
3f3f4000
3f321600
3f247200
3f1b2000
3f10dc00
3f846d00
3f6c4e00
3f58c000
3f45a000
3f36a200
3f28fe00
3f1f1e00
3f14da00
3f886400
3f743c00
3f5e1000
3f4af000
3f3a6c00
3f2cc800
3f216600
3f172200
3f8c5b00
3f7c2a00
3f647000
3f515000
3f3ef800
3f315400
3f24d200
3f1a8e00
3f116e00
3f820c00
3f692200
3f559000
3f438000
3f351e00
3f283c00
3f1d6800
3f13b600
3f860300
3f72a600
3f5bf000
3f49e000
3f39aa00
3f2cc800
3f20d400
3f172200
3f89fa00
3f78fe00
3f614000
3f4f3000
3f3cb200
3f2fd000
3f23ae00
3f19fc00
3f8ebc00
3f814100
3f669000
3f559000
3f413e00
3f345c00
3f271a00
3f1d6800
3f132400
3f846d00
3f6c4e00
3f59d000
3f46b000
3f382600
3f2a8200
3f204200
3f15fe00
3f892f00
3f75d200
3f603000
3f4d1000
3f3cb200
3f2f0e00
3f23ae00
3f196a00
3f8c5b00
3f7c2a00
3f647000
3f515000
3f407c00
3f32d800
3f268800
3f1c4400
3f911d00
3f82d700
3f6ad000
3f57b000
3f450800
3f376400
3f2a8200
3f1fb000
3f15fe00
3f860300
3f72a600
3f5d0000
3f4af000
3f3a6c00
3f2d8a00
3f228a00
3f18d800
3f8ac500
3f7a9400
3f636000
3f515000
3f3ef800
3f321600
3f25f600
3f1c4400
3f8ebc00
3f814100
3f67a000
3f559000
3f42c200
3f35e000
3f283e00
3f1f1e00
3f92b300
3f853800
3f6e0000
3f5bf000
3f474e00
3f3a6c00
3f2cc800
3f228a00
3f184600
3f892f00
3f75d200
3f614000
3f4e2000
3f3e3600
3f309200
3f24d200
3f1a8e00
3f8d2600
3f7dc000
3f67a000
3f548000
3f42c200
3f351e00
3f28d000
3f1e8c00
3f911d00
3f82d700
3f6be000
3f58c000
3f45ca00
3f382600
3f2b1800
3f20d400
3f95df00
3f879900
3f724000
3f5f2000
3f4d1000
3f3cb200
3f2fd000
3f24d200
3f1b2000
3f8ac500
3f7a9400
3f636000
3f526000
3f407c00
3f339a00
3f271a00
3f1d6800
3f8f8700
3f820c00
3f69c000
3f57b000
3f450800
3f382600
3f2b1800
3f216600
3f92b300
3f853800
3f6f1000
3f5d0000
3f481000
3f3bf000
3f2d6000
3f23ae00
3f977500
3f89fa00
3f757000
3f636000
3f504000
3f407c00
3f32d800
3f27ac00
3f1d6800
3f8d2600
3f7dc000
3f67a000
3f548000
3f438400
3f35e000
3f29f400
3f1fb000
3f91e800
3f83a200
3f6e0000
3f5ae000
3f481000
3f3a6c00
3f2d6000
3f231c00
3f95df00
3f879900
3f735000
3f603000
3f4bda00
3f3e3600
3f303a00
3f25f600
3f99d600
3f8b9000
3f7c2a00
3f669000
3f548000
3f42c200
3f35e000
3f296200
3f1fb000
3f8f8700
3f820c00
3f6ad000
3f58c000
3f45ca00
3f39aa00
3f2c3c00
3f228a00
3f937e00
3f860300
3f713000
3f5f2000
3f4b1800
3f3e3600
3f2fa800
3f25f600
3f977500
3f89fa00
3f757000
3f647000
3f4e2000
3f413e00
3f328200
3f28d000
3f9b6c00
3f8ebc00
3f807600
3f69c000
3f56a000
3f45ca00
3f382600
3f2c3c00
3f21f800
3f91e800
3f83a200
3f6f1000
3f5bf000
3f499400
3f3bf000
3f2f1600
3f24d200
3f984000
3f86ce00
3f779000
3f603000
3f506600
3f3fba00
3f343800
3f27ac00
3f9c3700
3f8ac500
3f7df000
3f669000
3f543000
3f438400
3f37a400
3f2b1800
3f1f1e00
3f905200
3f7f5600
3f6e0000
3f57b000
3f48d200
3f39aa00
3f2f1600
3f231c00
3f951400
3f846d00
3f735000
3f5e1000
3f4d5e00
3f3d7400
3f31f000
3f268800
3f99d600
3f89fa00
3f7ac000
3f647000
3f52ac00
3f42c200
3f368000
3f2a8600
3f9e9800
3f8df100
3f809000
3f6ad000
3f567600
3f474e00
3f395a00
3f2df200
3f216600
3f937e00
3f820c00
3f724000
3f5ae000
3f4c9c00
3f3bf000
3f31f000
3f256400
3f977500
3f860300
3f779000
3f603000
3f506600
3f3fba00
3f355c00
3f28d000
3f9d0200
3f8b9000
3f7f0000
3f67a000
3f567600
3f45ca00
3f395a00
3f2cce00
3fa0f900
3f8f8700
3f82b000
3f6e0000
3f5a4000
3f499400
3f39aa00
3f2fa800
3f244000
3f951400
3f846d00
3f757000
3f5f2000
3f4ee200
3f3fba00
3f343800
3f283e00
3f990b00
3f892f00
3f7ac000
3f647000
3f536e00
3f438400
3f371200
3f2baa00
3f9e9800
3f8df100
3f811800
3f6be000
3f58bc00
3f48d200
3f3ba200
3f2fa800
3fa35a00
3f92b300
3f83c000
3f724000
3f5c8600
3f4d5e00
3f3cb200
3f331400
3f268800
3f984000
3f86ce00
3f79b000
3f625000
3f52ac00
3f420000
3f371200
3f2a8600
3f9c3700
3f8ac500
3f7f0000
3f67a000
3f567600
3f45ca00
3f39ec00
3f2d6000
3fa1c400
3f905200
3f833800
3f6f1000
3f5bc400
3f4b1800
3f3e7c00
3f31f000
3fa5bb00
3f944900
3f866800
3f757000
3f5f2000
3f4fa400
3f3fba00
3f34ca00
3f296200
3f99d600
3f892f00
3f7bd000
3f669000
3f54f200
3f450800
3f395a00
3f2d6000
3f9dcd00
3f8df100
3f811800
3f6be000
3f597e00
3f499400
3f3c3400
3f30cc00
3fa35a00
3f92b300
3f84d000
3f735000
3f5ecc00
3f4ee200
3f40c400
3f34ca00
3fa75100
3f977500
3f877800
3f79b000
3f625000
3f536e00
3f42c200
3f37a400
3f2b1800
3f9c3700
3f8ac500
3f809000
3f69c000
3f58bc00
3f481000
3f3c3400
3f2fa800
3fa0f900
3f8f8700
3f833800
3f6f1000
3f5c8600
3f4bda00
3f3f0e00
3f328200
3fa68600
3f951400
3f86f000
3f768000
3f61d400
3f512800
3f439e00
3f371200
3faa7d00
3f990b00
3f886400
3f7bd000
3f669000
3f55b400
3f45ca00
3f39ec00
3f2e8400
3f9e9800
3f8df100
3f81a000
3f6e0000
3f5b0200
3f4b1800
3f3e7c00
3f328200
3fa28f00
3f92b300
3f84d000
3f735000
3f5ecc00
3f4fa400
3f415600
3f355c00
3fa81c00
3f977500
3f888800
3f7ac000
3f64dc00
3f54f200
3f455400
3f39ec00
3fac1300
3f9c3700
3f8ac500
3f809000
3f69c000
3f58bc00
3f481000
3f3cc600
3f303a00
3fa0f900
3f8f8700
3f83c000
3f702000
3f5ecc00
3f4e2000
3f415600
3f34ca00
3fa5bb00
3f944900
3f86f000
3f768000
3f629600
3f51ea00
3f443000
3f37a400
3faa7d00
3f990b00
3f8aa800
3f7df000
3f67e400
3f573800
3f48c000
3f3c3400
3f303a00
3f9dcd00
3f8d2600
3f81a000
3f6e0000
3f5bc400
3f4bda00
3f3f0e00
3f331400
3fa35a00
3f92b300
3f855800
3f757000
3f611200
3f512800
3f430c00
3f37a400
3fa75100
3f96aa00
3f888800
3f7ac000
3f64dc00
3f55b400
3f467800
3f3a7e00
3facde00
3f9c3700
3f8c4000
3f811800
3f6a2a00
3f5b0200
3f4a7600
3f3f0e00
3f328200
3fa0f900
3f8f8700
3f83c000
3f702000
3f5ecc00
3f4e2000
3f41e800
3f355c00
3fa5bb00
3f944900
3f877800
3f779000
3f641a00
3f536e00
3f467800
3f39ec00
3faa7d00
3f990b00
3f8aa800
3f7df000
3f68a600
3f57fa00
3f495200
3f3cc600
3faf3f00
3f9dcd00
3f8e6000
3f82b000
3f6df400
3f5d4800
3f4d5e00
3f40c400
3f355c00
3fa28f00
3f91e800
3f855800
3f757000
3f61d400
3f51ea00
3f443000
3f383600
3fa75100
3f977500
3f891000
3f7bd000
3f672200
3f573800
3f482e00
3f3cc600
3fac1300
3f9b6c00
3f8c4000
3f811800
3f6aec00
3f5bc400
3f4b9a00
3f3fa000
3fb1a000
3fa0f900
3f8f7000
3f84d000
3f703a00
3f611200
3f506600
3f443000
3f37a400
3fa4f000
3f937e00
3f877800
3f779000
3f64dc00
3f543000
3f470a00
3f3a7e00
3faa7d00
3f990b00
3f8b3000
3f7f0000
3f6a2a00
3f597e00
3f4b0800
3f3e7c00
3faf3f00
3f9dcd00
3f8e6000
3f82b000
3f6eb600
3f5e0a00
3f4e7400
3f41e800
3fb40100
3fa28f00
3f921800
3f866800
3f768000
3f635800
3f536e00
3f45e600
3f3a7e00
3fa75100
3f96aa00
3f891000
3f7bd000
3f672200
3f57fa00
3f495200
3f3d5800
3fac1300
3f9c3700
3f8cc800
3f81a000
3f6d3200
3f5d4800
3f4d5000
3f41e800
3fb0d500
3fa02e00
3f8f7000
3f84d000
3f70fc00
3f611200
3f50bc00
3f44c200
3fb59700
3fa5bb00
3f932800
3f888800
3f79b000
3f672200
3f567600
3f48c000
3f3c3400
3fa9b200
3f984000
3f8b3000
3f7f0000
3f6aec00
3f5a4000
3f4c2c00
3f3fa000
3faf3f00
3f9dcd00
3f8ee800
3f833800
3f703a00
3f5f8e00
3f502a00
3f439e00
3fb33600
3fa1c400
3f921800
3f866800
3f74c600
3f641a00
3f539600
3f470a00
3fb8c300
3fa75100
3f96aa00
3f899800
3f7df000
3f696800
3f597e00
3f4b0800
3f3fa000
3fac1300
3f9b6c00
3f8cc800
3f81a000
3f6d3200
3f5e0a00
3f4e7400
3f427a00
3fb0d500
3fa0f900
3f908000
3f855800
3f728000
3f635800
3f527200
3f467800
3fb59700
3fa4f000
3f932800
3f888800
3f770c00
3f672200
3f55de00
3f49e400
3fba5900
3faa7d00
3f990b00
3f8c4000
3f809000
3f6c7000
3f5bc400
3f4de200
3f415600
3fae7400
3f9d0200
3f8ee800
3f833800
3f70fc00
3f605000
3f514e00
3f44c200
3fb40100
3fa28f00
3f92a000
3f86f000
3f764a00
3f659e00
3f554c00
3f48c000
3fb7f800
3fa68600
3f954800
3f899800
3f7ad600
3f6a2a00
3f58b800
3f4c2c00
3f403200
3fac1300
3f990b00
3f8dd800
3f809000
3f6f7800
3f5d4800
3f50bc00
3f430c00
3fb1a000
3f9dcd00
3f910800
3f844800
3f74c600
3f629600
3f54ba00
3f467800
3fb72d00
3fa42500
3f954800
3f888800
3f7ad600
3f68a600
3f594a00
3f4b9a00
3fbcba00
3fa8e700
3f990000
3f8bb800
3f801200
3f6d3200
3f5cb600
3f4f0600
3f403200
3faf3f00
3f9aa100
3f8ff800
3f822800
3f734200
3f5f8e00
3f539600
3f44c200
3fb4cc00
3fa02e00
3f93b000
3f85e000
3f789000
3f64dc00
3f579400
3f48c000
3fba5900
3fa5bb00
3f97f000
3f8a2000
3f7ea000
3f6aec00
3f5c2400
3f4d5000
3fbfe600
3fab4800
3f9b2000
3f8d5000
3f819600
3f6f7800
3f5d4800
3f514e00
3f430c00
3fb0d500
3f9dcd00
3f919000
3f84d000
3f764a00
3f635800
3f55de00
3f482e00
3fb66200
3fa28f00
3f94c000
3f880000
3f7ad600
3f68a600
3f59dc00
3f4b9a00
3fbbef00
3fa8e700
3f990000
3f8c4000
3f807300
3f6eb600
3f5e6c00
3f50bc00
3fc17c00
3fae7400
3f9cb800
3f8f7000
3f831a00
3f734200
3f5f8e00
3f542800
3f455400
3fb40100
3f9f6300
3f93b000
3f85e000
3f795200
3f659e00
3f594a00
3f4a7600
3fb98e00
3fa4f000
3f976800
3f899800
3f7ea000
3f6aec00
3f5cb600
3f4de200
3fbf1b00
3faa7d00
3f9ba800
3f8dd800
3f825800
3f70fc00
3f614600
3f527200
3fc4a800
3fb00a00
3f9ed800
3f910800
3f844800
3f764a00
3f635800
3f567000
3f48c000
3fb59700
3fa28f00
3f954800
3f888800
3f7c5a00
3f696800
3f5b0000
3f4d5000
3fbb2400
3fa81c00
3f990000
3f8bb800
3f807300
3f6eb600
3f5efe00
3f50bc00
3fc17c00
3fada900
3f9cb800
3f8ff800
3f837b00
3f74c600
3f638e00
3f55de00
3fc63e00
3fb33600
3fa07000
3f93b000
3f85e000
3f795200
3f659e00
3f594a00
3f4a7600
3fb8c300
3fa42500
3f976800
3f899800
3f801200
3f6c7000
3f5e6c00
3f4f9800
3fbe5000
3fa9b200
3f9b2000
3f8d5000
3f825800
3f70fc00
3f61d800
3f530400
3fc3dd00
3faf3f00
3f9f6000
3f919000
3f856000
3f770c00
3f66fa00
3f582600
3fc96a00
3fb4cc00
3fa1c400
3f94c000
3f880000
3f7c5a00
3f696800
3f5b9200
3f4de200
3fbb2400
3fa75100
3f990000
3f8c4000
3f813500
3f6f7800
3f602200
3f527200
3fbfe600
3facde00
3f9cb800
3f8f7000
3f837b00
3f74c600
3f642000
3f567000
3fc63e00
3fb26b00
3fa0f800
3f93b000
3f868300
3f7ad600
3f68b000
3f5b0000
3fcb0000
3fb7f800
3fa35a00
3f976800
3f899800
3f801200
3f6c7000
3f5e6c00
3f4f9800
3fbd8500
3fa8e700
3f9ba800
3f8dd800
3f831a00
3f728000
3f638e00
3f54ba00
3fc31200
3fae7400
3f9ed800
3f910800
3f856000
3f770c00
3f66fa00
3f582600
3fc96a00
3fb4cc00
3fa31800
3f954800
3f886800
3f7d1c00
3f6c1c00
3f5d4800
3f4f0600
3fb98e00
3fa68600
3f987800
3f8bb800
3f813500
3f6f7800
3f60b400
3f530400
3fbfe600
3fac1300
3f9cb800
3f8ff800
3f843d00
3f764a00
3f65d600
3f579400
3fc4a800
3fb1a000
3fa07000
3f932800
3f868300
3f7ad600
3f694200
3f5b9200
3fcb0000
3fb72d00
3fa4b000
3f976800
3f89ec00
3f807300
3f6dd200
3f602200
3f514e00
3fbcba00
3fa81c00
3f9b2000
3f8d5000
3f831a00
3f728000
3f642000
3f554c00
3fc31200
3fae7400
3f9f6000
3f919000
3f862200
3f789000
3f68b000
3f59dc00
3fc7d400
3fb33600
3fa29000
3f94c000
3f886800
3f7d1c00
3f6c1c00
3f5d4800
3fce2c00
3fb98e00
3fa6d000
3f990000
3f8b7000
3f819600
3f70fc00
3f626a00
3f542800
3fbe5000
3fab4800
3f9cb800
3f8f7000
3f843d00
3f764a00
3f65d600
3f582600
3fc4a800
3fb0d500
3fa07000
3f93b000
3f874500
3f7c5a00
3f6af800
3f5cb600
3fc96a00
3fb66200
3fa42800
3f976800
3f89ec00
3f807300
3f6e6400
3f60b400
3fcfc200
3fbcba00
3fa86800
3f9b2000
3f8cf400
3f837b00
3f734200
3f654400
3f567000
3fc17c00
3facde00
3f9ed800
3f910800
3f862200
3f789000
3f694200
3f5a6e00
3fc7d400
3fb33600
3fa31800
3f954800
3f892a00
3f7ea000
3f6dd200
3f5efe00
3fcc9600
3fb7f800
3fa64800
3f987800
3f8b7000
3f819600
3f71d000
3f62fc00
3fd2ee00
3fbe5000
3faa8800
3f9cb800
3f8ff800
3f84ff00
3f770c00
3f678c00
3f59dc00
3fc31200
3fb00a00
3fa07000
3f932800
3f874500
3f7c5a00
3f6af800
3f5d4800
3fc96a00
3fb66200
3fa4b000
3f976800
3f8a4d00
3f813500
3f701a00
3f61d800
3fce2c00
3fbb2400
3fa7e000
3f9b2000
3f8cf400
3f837b00
3f738600
3f65d600
3fd48400
3fc17c00
3fac2000
3f9f6000
3f919000
3f868300
3f795200
3f6a6600
3f5b9200
3fc63e00
3fb1a000
3fa29000
3f94c000
3f892a00
3f7ea000
3f6e6400
3f5f9000
3fcc9600
3fb7f800
3fa6d000
3f990000
3f8c3200
3f825800
3f72f400
3f642000
3fd15800
3fbcba00
3faa0000
3f9c3000
3f8ed900
3f84ff00
3f76f200
3f681e00
3fd7b000
3fc31200
3fb00a00
3fa07000
3f93b000
3f880700
3f7d1c00
3f6cae00
3f5efe00
3fc7d400
3fb4cc00
3fa42800
3f96e000
3f8a4d00
3f813500
3f70ac00
3f626a00
3fce2c00
3fbb2400
3fa86800
3f9b2000
3f8d5500
3f843d00
3f753c00
3f678c00
3fd3b900
3fbfe600
3fab9800
3f9ed800
3f8ffc00
3f868300
3f78a800
3f6af800
3fd94600
3fc63e00
3fb1a000
3fa31800
3f954800
3f89ec00
3f801200
3f6f8800
3f60b400
3fcb0000
3fb66200
3fa64800
3f987800
3f8c3200
3f825800
3f738600
3f64b200
3fd15800
3fbcba00
3faa8800
3f9cb800
3f8f3a00
3f856000
3f781600
3f694200
3fd61a00
3fc17c00
3fae4000
3fa07000
3f91e100
3f880700
3f7c1400
3f6d4000
3f5efe00
3fc7d400
3fb4cc00
3fa42800
3f976800
3f8b0f00
3f819600
3f71d000
3f642000
3fcd6100
3fb98e00
3fa7e000
3f9b2000
3f8d5500
3f843d00
3f75ce00
3f678c00
3fd48400
3fbe5000
3fad3000
3f9e5000
3f918000
3f86e400
3f7c1400
3f6c1c00
3fdadc00
3fc4a800
3fb17000
3fa29000
3f948800
3f89ec00
3f805200
3f701a00
3f5efe00
3fcb0000
3fb33600
3fa75800
3f976800
3f8d5500
3f81f700
3f75ce00
3f64b200
3fd15800
3fb98e00
3fab1000
3f9b2000
3f8ffc00
3f849e00
3f79cc00
3f68b000
3fd87b00
3fc0b100
3fafd800
3f9fe800
3f936500
3f880700
3f7f8000
3f6e6400
3fde0800
3fc63e00
3fb39000
3fa3a000
3f966d00
3f8b0f00
3f807300
3f726200
3f626a00
3fcd6100
3fb72d00
3fa86800
3f998800
3f8e7800
3f83dc00
3f781600
3f678c00
3fd2ee00
3fbcba00
3faca800
3f9dc800
3f911f00
3f868300
3f7c1400
3f6c1c00
3fda1100
3fc3dd00
3fb17000
3fa29000
3f94e900
3f89ec00
3f809b00
3f713e00
3fdf9e00
3fc96a00
3fb52800
3fa64800
3f979000
3f8cf400
3f819600
3f75ce00
3f64b200
3fd08d00
3fb8c300
3fab1000
3f9b2000
3f905d00
3f84ff00
3f7af000
3f69d400
3fd61a00
3fbe5000
3faec800
3f9ed800
3f936500
3f880700
3f7f8000
3f6e6400
3fdd3d00
3fc57300
3fb39000
3fa3a000
3f96ce00
3f8b7000
3f825100
3f738600
3fe2ca00
3fcb0000
3fb7d000
3fa7e000
3f990000
3f8e1700
3f837b00
3f781600
3f678c00
3fd22300
3fbbef00
3faca800
3f9dc800
3f918000
3f86e400
3f7d3800
3f6d4000
3fd87b00
3fc17c00
3fb06000
3fa18000
3f948800
3f89ec00
3f809b00
3f713e00
3fded300
3fc89f00
3fb52800
3fa64800
3f97f100
3f8d5500
3f837500
3f76f200
3fe52b00
3fcef700
3fb96800
3faa0000
3f9a1000
3f8ffc00
3f849e00
3f7af000
3f69d400
3fd54f00
3fbd8500
3faec800
3f9ed800
3f936500
3f880700
3f805200
3f6f8800
3fdba700
3fc3dd00
3fb30800
3fa31800
3f966d00
3f8b0f00
3f825100
3f738600
3fe1ff00
3fca3500
3fb7d000
3fa7e000
3f99d600
3f8e7800
3f84e200
3f78a800
3fe85700
3fd08d00
3fba5900
3fab9800
3f9cb800
3f918000
3f868300
3f7d3800
3f6d4000
3fd6e500
3fc0b100
3fb06000
3fa18000
3f94e900
3f8a4d00
3f812d00
3f726200
3fdd3d00
3fc70900
3fb4a000
3fa53800
3f979000
3f8cf400
3f837500
3f76f200
3fe46000
3fcd6100
3fb8e000
3faa0000
3f9af900
3f905d00
3f860600
3f7c1400
3fe9ed00
3fd3b900
3fbbef00
3fae4000
3f9e5000
3f936500
3f880700
3f805200
3f6f8800
3fdadc00
3fc31200
3fb30800
3fa31800
3f96ce00
3f8b7000
3f82e300
3f74aa00
3fe06900
3fc89f00
3fb6c000
3fa6d000
3f997500
3f8e1700
3f84e200
3f78a800
3fe78c00
3fcfc200
3fbb8800
3fab9800
3f9cde00
3f918000
3f87bc00
3f7e5c00
3f6e6400
3fd54f00
3fbf1b00
3fafd800
3fa07000
3f948800
3f89ec00
3f812d00
3f726200
3fdc7200
3fc63e00
3fb41800
3fa53800
3f97f100
3f8d5500
3f840700
3f781600
3fe1ff00
3fcbcb00
3fb85800
3fa97800
3f9af900
3f8ffc00
3f860600
3f7c1400
3fe92200
3fd2ee00
3fbd2000
3fae4000
3f9e6200
3f93c600
3f88e000
3f809b00
3f701a00
3fd87b00
3fc0b100
3fb1f800
3fa20800
3f966d00
3f8b0f00
3f82e300
3f74aa00
3fdf9e00
3fc7d400
3fb6c000
3fa6d000
3f99d600
3f8e7800
3f857400
3f79cc00
3fe52b00
3fcd6100
3fbb0000
3fab1000
3f9cde00
3f918000
3f87bc00
3f7e5c00
3fec4e00
3fd48400
3fbf4000
3faf5000
3fa04700
3f94e900
3f8a4d00
3f81bf00
3f738600
3fdadc00
3fc3dd00
3fb39000
3fa4b000
3f979000
3f8cf400
3f840700
3f781600
3fe13400
3fcb0000
3fb85800
3fa97800
3f9af900
3f905d00
3f869800
3f7d3800
3fe78c00
3fd15800
3fbc1000
3fad3000
3f9e0100
3f936500
3f88e000
3f809b00
3fede400
3fd7b000
3fc0d800
3fb1f800
3fa16a00
3f96ce00
3f8b7000
3f837500
3f75ce00
3fde0800
3fc63e00
3fb63800
3fa64800
3f997500
3f8e1700
3f857400
3f79cc00
3fe46000
3fcc9600
3fba7800
3faa8800
3f9d3f00
3f91e100
3f884e00
3f7f8000
3feab800
3fd2ee00
3fbeb800
3faec800
3f9fe600
3f948800
3f8a4d00
3f81bf00
3ff11000
3fd94600
3fc38000
3fb39000
3fa4b000
3f97f100
3f8d5500
3f849900
3f78a800
3fdf9e00
3fc96a00
3fb74800
3fa86800
3f9af900
3f905d00
3f869800
3f7d3800
3fe6c100
3fcfc200
3fbc1000
3fad3000
3f9e6200
3f93c600
3f892900
3f812d00
3fec4e00
3fd61a00
3fc05000
3fb17000
3fa10900
3f966d00
3f8b7100
3f837500
3ff37100
3fdd3d00
3fc51800
3fb5b000
3fa5c000
3f99d600
3f8e7800
3f860600
3f7af000
3fe2ca00
3fcb0000
3fb9f000
3faa0000
3f9cde00
3f918000
3f884e00
3f7f8000
3fe9ed00
3fd22300
3fbeb800
3faec800
3fa04700
3f94e900
3f8adf00
3f825100
3fef7a00
3fd7b000
3fc27000
3fb28000
3fa2ee00
3f979000
3f8d2700
3f849900
3ff69d00
3fded300
3fc89f00
3fb74800
3fa86800
3f9b5a00
3f905d00
3f872a00
3f7e5c00
3fe46000
3fce2c00
3fbb8800
3faca800
3f9e0100
3f936500
3f892900
3f812d00
3feb8300
3fd54f00
3fc05000
3fb0e800
3fa16a00
3f96ce00
3f8c0300
3f840700
3ff11000
3fdadc00
3fc40800
3fb52800
3fa47200
3f99d600
3f8e0200
3f860600
3ff83300
3fe1ff00
3fca3500
3fb9f000
3faa0000
3f9d3f00
3f91e100
3f88e000
3f805200
3fe78c00
3fcfc200
3fbda800
3fadb800
3f9fe600
3f948800
3f8adf00
3f825100
3feeaf00
3fd6e500
3fc27000
3fb28000
3fa34f00
3f97f100
3f8d7000
3f84e200
3ff50700
3fdd3d00
3fc6b000
3fb6c000
3fa65700
3f9af900
3f8fb800
3f872a00
3f7e5c00
3fe39500
3fcd6100
3fbb8800
3fac2000
3f9e6200
3f93c600
3f89bb00
3f81bf00
3fe9ed00
3fd3b900
3fbf4000
3fb06000
3fa10900
3f966d00
3f8c0300
3f840700
3ff04500
3fda1100
3fc40800
3fb52800
3fa4d300
3f99d600
3f8e9400
3f869800
3ff69d00
3fe06900
3fc7c000
3fb8e000
3fa77a00
3f9cde00
3f90dc00
3f88e000
3f805200
3f678c00
3f4b0000
3f3e3000
3f2b1000
3f20a800
3f130400
3f0bba00
3f017600
3f6de400
3f515800
3f427000
3f2f5000
3f247200
3f16ce00
3f0e9400
3f045000
3f776800
3f5adc00
3f48d000
3f35b000
3f28fe00
3f1b5a00
3f120000
3f07bc00
3f7dc000
3f613400
3f4e2000
3f3b0000
3f2c0600
3f1e6200
3f118000
3f0a9600
3f00e400
3f6ab800
3f4fc200
3f416000
3f2f5000
3f22ee00
3f160c00
3f0e0200
3f045000
3f72a600
3f57b000
3f45a000
3f339000
3f26b800
3f19d600
3f104a00
3f072a00
3f7a9400
3f5f9e00
3f4c0000
3f39f000
3f2b4400
3f1e6200
3f144800
3f0a9600
3f814100
3f678c00
3f515000
3f3f4000
3f2e4c00
3f222c00
3f148800
3f0cde00
3f029a00
3f6f7a00
3f52ee00
3f45a000
3f328000
3f26b800
3f191400
3f10dc00
3f069800
3f776800
3f5adc00
3f49e000
3f36c000
3f29c000
3f1c1c00
3f132400
3f08e000
3f807600
3f646000
3f504000
3f3d2000
3f2e4c00
3f20a800
3f172200
3f0cde00
3f83a200
3f6ab800
3f548000
3f416000
3f306000
3f247200
3f179000
3f0f2600
3f057400
3f743c00
3f594600
3f47c000
3f35b000
3f28fe00
3f1c1c00
3f132400
3f097200
3f7a9400
3f5f9e00
3f4d1000
3f3b0000
3f2c0600
3f1fe600
3f156c00
3f0bba00
3f820c00
3f692200
3f537000
3f416000
3f315400
3f247200
3f18d800
3f0fb800
3f853800
3f6f7a00
3f57b000
3f45a000
3f328000
3f277a00
3f19d600
3f120000
3f07bc00
3f78fe00
3f5c7200
3f4c0000
3f38e000
3f2c0600
3f1e6200
3f156c00
3f0b2800
3f807600
3f646000
3f515000
3f3e3000
3f2fd000
3f222c00
3f184600
3f0e0200
3f846d00
3f6c4e00
3f57b000
3f449000
3f345c00
3f26b800
3f1bb200
3f116e00
3f886400
3f743c00
3f594600
3f48d000
3f36c000
3f29c000
3f1da000
3f144800
3f0a9600
3f7c2a00
3f613400
3f4f3000
3f3d2000
3f2f0e00
3f222c00
3f17b400
3f0e0200
3f820c00
3f692200
3f537000
3f427000
3f321600
3f253400
3f1a8e00
3f10dc00
3f860300
3f72a600
3f59d000
3f47c000
3f36a200
3f29c000
3f1dfa00
3f144800
3f89fa00
3f78fe00
3f5c7200
3f4d1000
3f39f000
3f2d8a00
3f1fe600
3f172200
3f0cde00
3f814100
3f65f600
3f537000
3f405000
3f321600
3f247200
3f1a8e00
3f104a00
3f846d00
3f6c4e00
3f57b000
3f449000
3f351e00
3f277a00
3f1d6800
3f132400
3f892f00
3f75d200
3f5e1000
3f4af000
3f3a6c00
3f2cc800
3f20d400
3f169000
3f0cde00
3f7c2a00
3f613400
3f504000
3f3e3000
3f2fd000
3f22ee00
3f18d800
3f0fb800
3f82d700
3f6ab800
3f56a000
3f449000
3f345c00
3f277a00
3f1cd600
3f132400
3f860300
3f72a600
3f5ae000
3f48d000
3f382600
3f2b4400
3f1f1e00
3f156c00
3f8ac500
3f7a9400
3f614000
3f4f3000
3f3cb200
3f2fd000
3f231c00
3f196a00
3f0f2600
3f814100
3f65f600
3f548000
3f416000
3f32d800
3f253400
3f1bb200
3f116e00
3f853800
3f6de400
3f59d000
3f46b000
3f382600
3f2a8200
3f1fb000
3f156c00
3f892f00
3f75d200
3f5f2000
3f4c0000
3f3b2e00
3f2d8a00
3f21f800
3f17b400
3f8d2600
3f7dc000
3f658000
3f526000
3f3fba00
3f321600
3f253400
3f1bb200
3f120000
3f82d700
3f6ab800
3f56a000
3f449000
3f35e000
3f28fe00
3f1dfa00
3f144800
3f879900
3f743c00
3f5d0000
3f4af000
3f3a6c00
3f2d8a00
3f216600
3f184600
3f8ac500
3f7a9400
3f625000
3f504000
3f3d7400
3f309200
3f244000
3f1a8e00
3f8f8700
3f820c00
3f68b000
3f56a000
3f420000
3f35e000
3f283c00
3f1dfa00
3f13b600
3f853800
3f6de400
3f5ae000
3f47c000
3f38e800
3f2b4400
3f20d400
3f169000
3f89fa00
3f776800
3f614000
3f4e2000
3f3d7400
3f2fd000
3f244000
3f19fc00
3f8d2600
3f7dc000
3f669000
3f537000
3f413e00
3f339a00
3f271a00
3f1cd600
3f91e800
3f83a200
3f6be000
3f58c000
3f47c000
3f382600
3f2b4400
3f204200
3f169000
3f879900
3f743c00
3f5e1000
3f4c0000
3f3b2e00
3f2e4c00
3f231c00
3f196a00
3f8b9000
3f7c2a00
3f647000
3f526000
3f3fba00
3f339a00
3f268800
3f1cd600
3f8f8700
3f820c00
3f68b000
3f56a000
3f438400
3f36a200
3f296200
3f1fb000
3f937e00
3f860300
3f6f1000
3f5d0000
3f49e000
3f3b2e00
3f2d8a00
3f231c00
3f18d800
3f89fa00
3f776800
3f625000
3f4f3000
3f3ef800
3f315400
3f25f600
3f1bb200
3f8ebc00
3f807600
3f68b000
3f559000
3f438400
3f35e000
3f296200
3f1f1e00
3f91e800
3f83a200
3f6cf000
3f59d000
3f468c00
3f38e800
3f2baa00
3f216600
3f96aa00
3f886400
3f75d200
3f603000
3f4e2000
3f3d7400
3f315400
3f256400
3f1bb200
3f8b9000
3f7c2a00
3f658000
3f537000
3f413e00
3f345c00
3f27ac00
3f1dfa00
3f905200
3f82d700
3f6ad000
3f59d000
3f45ca00
3f38e800
3f2baa00
3f21f800
3f937e00
3f860300
3f702000
3f5e1000
3f499400
3f3cb200
3f2df200
3f244000
3f984000
3f8ac500
3f78fe00
3f647000
3f515000
3f413e00
3f339a00
3f283e00
3f1dfa00
3f8ebc00
3f807600
3f68b000
3f559000
3f444600
3f36a200
3f2a8600
3f204200
3f92b300
3f846d00
3f6f1000
3f5bf000
3f48d200
3f3b2e00
3f2e8400
3f244000
3f96aa00
3f886400
3f746000
3f614000
3f4c9c00
3f3ef800
3f30cc00
3f268800
3f1cd600
3f8c5b00
3f7dc000
3f67a000
3f559000
3f438400
3f36a200
3f29f400
3f20d400
3f905200
3f82d700
3f6be000
3f59d000
3f474e00
3f3a6c00
3f2cce00
3f231c00
3f944900
3f879900
3f724000
3f603000
3f4bda00
3f3ef800
3f303a00
3f268800
3f984000
3f8ac500
3f779000
3f658000
3f4ee200
3f420000
3f331400
3f296200
3f1f1e00
3f8f8700
3f814100
3f6be000
3f58c000
3f468c00
3f38e800
3f2cce00
3f228a00
3f92b300
3f846d00
3f702000
3f5d0000
3f4a5600
3f3cb200
3f2fa800
3f256400
3f990b00
3f879900
3f79b000
3f625000
3f512800
3f407c00
3f34ca00
3f283e00
3f9dcd00
3f8c5b00
3f7f0000
3f67a000
3f55b400
3f450800
3f351e00
3f2baa00
3f1fb000
3f911d00
3f814100
3f6f1000
3f58c000
3f4a5600
3f3a6c00
3f2fa800
3f244000
3f95df00
3f853800
3f757000
3f5f2000
3f4e2000
3f3ef800
3f331400
3f271a00
3f9b6c00
3f8ac500
3f7bd000
3f669000
3f536e00
3f444600
3f371200
3f2baa00
3f9f6300
3f8ebc00
3f811800
3f6be000
3f57fa00
3f481000
3f376400
3f2e8400
3f21f800
3f944900
3f82d700
3f735000
3f5bf000
3f4d5e00
3f3cb200
3f328200
3f25f600
3f990b00
3f879900
3f79b000
3f625000
3f51ea00
3f413e00
3f35ee00
3f296200
3f9dcd00
3f8c5b00
3f809000
3f69c000
3f573800
3f468c00
3f39ec00
3f2d6000
3fa28f00
3f911d00
3f833800
3f6f1000
3f58c000
3f4a5600
3f3b2e00
3f30cc00
3f24d200
3f95df00
3f860300
3f768000
3f603000
3f506600
3f407c00
3f34ca00
3f296200
3f9aa100
3f89fa00
3f7bd000
3f669000
3f543000
3f444600
3f383600
3f2c3c00
3f9f6300
3f8f8700
3f81a000
3f6e0000
3f597e00
3f4a5600
3f3c3400
3f303a00
3fa42500
3f937e00
3f84d000
3f735000
3f5bf000
3f4e2000
3f3d7400
3f33a600
3f271a00
3f990b00
3f879900
3f7ac000
3f636000
3f536e00
3f42c200
3f37a400
3f2b1800
3f9d0200
3f8b9000
3f809000
3f69c000
3f57fa00
3f474e00
3f3b1000
3f2e8400
3fa28f00
3f911d00
3f83c000
3f702000
3f5d4800
3f4c9c00
3f3f0e00
3f328200
3fa75100
3f95df00
3f853800
3f768000
3f603000
3f506600
3f413e00
3f35ee00
3f29f400
3f9aa100
3f8ac500
3f7df000
3f67a000
3f55b400
3f468c00
3f39ec00
3f2df200
3f9f6300
3f8ebc00
3f81a000
3f6e0000
3f5a4000
3f4a5600
3f3d5800
3f315e00
3fa42500
3f944900
3f855800
3f757000
3f5f8e00
3f4fa400
3f415600
3f355c00
3fa8e700
3f984000
3f86ce00
3f7ac000
3f636000
3f543000
3f438400
3f38c800
3f2c3c00
3f9dcd00
3f8c5b00
3f811800
3f6ad000
3f597e00
3f48d200
3f3cc600
3f303a00
3fa1c400
3f905200
3f83c000
3f702000
3f5e0a00
3f4d5e00
3f403200
3f33a600
3fa75100
3f95df00
3f877800
3f779000
3f635800
3f52ac00
3f443000
3f37a400
3f2baa00
3f99d600
3f89fa00
3f7df000
3f67a000
3f567600
3f474e00
3f3b1000
3f2f1600
3f9f6300
3f8ebc00
3f82b000
3f6f1000
3f5bc400
3f4c9c00
3f3f0e00
3f331400
3fa42500
3f937e00
3f855800
3f757000
3f605000
3f506600
3f41e800
3f368000
3fa8e700
3f990b00
3f891000
3f7bd000
3f659e00
3f55b400
3f467800
3f3a7e00
3f2df200
3f9d0200
3f8b9000
3f811800
3f6ad000
3f5a4000
3f499400
3f3dea00
3f315e00
3fa28f00
3f911d00
3f84d000
3f724000
3f5f8e00
3f4ee200
3f41e800
3f355c00
3fa68600
3f951400
3f877800
3f779000
3f635800
3f52ac00
3f455400
3f38c800
3fac1300
3f9aa100
3f8b3000
3f7f0000
3f696800
3f58bc00
3f48d200
3f3cc600
3f30cc00
3f9e9800
3f8ebc00
3f82b000
3f6f1000
3f5c8600
3f4c9c00
3f3fa000
3f343800
3fa42500
3f937e00
3f866800
3f768000
3f61d400
3f52ac00
3f443000
3f383600
3fa81c00
3f984000
3f891000
3f7bd000
3f666000
3f567600
3f470a00
3f3ba200
3fada900
3f9d0200
3f8cc800
3f81a000
3f6bae00
3f5bc400
3f4b1800
3f3fa000
3f331400
3fa1c400
3f905200
3f84d000
3f724000
3f605000
3f4fa400
3f430c00
3f368000
3fa75100
3f95df00
3f888800
3f79b000
3f659e00
3f54f200
3f470a00
3f3a7e00
3fab4800
3f99d600
3f8b3000
3f7f0000
3f696800
3f58bc00
3f49e400
3f3d5800
3fb0d500
3f9f6300
3f8ee800
3f833800
3f702000
3f5e0a00
3f4ee200
3f41e800
3f35ee00
3fa35a00
3f937e00
3f866800
3f768000
3f629600
3f52ac00
3f44c200
3f395a00
3fa8e700
3f984000
3f899800
3f7df000
3f67e400
3f57fa00
3f495200
3f3d5800
3facde00
3f9d0200
3f8cc800
3f81a000
3f6c7000
3f5c8600
3f4c2c00
3f40c400
3fb26b00
3fa1c400
3f908000
3f855800
3f735000
3f61d400
3f512800
3f44c200
3f383600
3fa68600
3f951400
3f888800
3f79b000
3f666000
3f55b400
3f479c00
3f3b1000
3fab4800
3f99d600
3f8c4000
3f809000
3f6bae00
3f5b0200
3f4c2c00
3f3fa000
3fb00a00
3f9e9800
3f8ee800
3f833800
3f6f7800
3f5ecc00
3f4f0600
3f427a00
3fb59700
3fa42500
3f937e00
3f86f000
3f779000
3f641a00
3f54f200
3f470a00
3f3b1000
3fa81c00
3f977500
3f899800
3f7df000
3f68a600
3f58bc00
3f49e400
3f3e7c00
3fada900
3f9d0200
3f8d5000
3f82b000
3f6df400
3f5e0a00
3f4e7400
3f427a00
3fb1a000
3fa1c400
3f908000
3f855800
3f71be00
3f629600
3f514e00
3f455400
3fb72d00
3fa68600
3f951400
3f891000
3f7ac000
3f67e400
3f573800
3f49e400
3f3d5800
3fab4800
3f99d600
3f8c4000
3f809000
3f6bae00
3f5b0200
3f4cbe00
3f403200
3fb00a00
3f9e9800
3f8f7000
3f83c000
3f71be00
3f611200
3f514e00
3f44c200
3fb4cc00
3fa35a00
3f92a000
3f86f000
3f758800
3f64dc00
3f542800
3f479c00
3f3c3400
3fa81c00
3f984000
3f8aa800
3f7f0000
3f6a2a00
3f5b0200
3f4c2c00
3f403200
3facde00
3f9c3700
3f8d5000
3f82b000
3f6eb600
3f5ecc00
3f4f0600
3f430c00
3fb26b00
3fa1c400
3f910800
3f866800
3f740400
3f641a00
3f530400
3f479c00
3fb66200
3fa5bb00
3f943800
3f891000
3f77ce00
3f68a600
3f567000
3f4a7600
3f3dea00
3fab4800
3f99d600
3f8cc800
3f811800
3f6df400
3f5d4800
3f4f0600
3f427a00
3fb00a00
3f9e9800
3f8f7000
3f83c000
3f71be00
3f611200
3f51e000
3f455400
3fb4cc00
3fa35a00
3f932800
3f877800
3f770c00
3f666000
3f567000
3f49e400
3fb98e00
3fa81c00
3f965800
3f8aa800
3f7b9800
3f6aec00
3f5b0200
3f4cbe00
3f40c400
3fada900
3f99d600
3f8e6000
3f81a000
3f70fc00
3f5ecc00
3f51e000
3f439e00
3fb26b00
3f9f6300
3f921800
3f855800
3f764a00
3f635800
3f554c00
3f479c00
3fb8c300
3fa5bb00
3f965800
3f891000
3f7c5a00
3f696800
3f5a6e00
3f4c2c00
3fbd8500
3faa7d00
3f998800
3f8cc800
3f807300
3f6eb600
3f5b0200
3f502a00
3f415600
3fb0d500
3f9c3700
3f910800
3f833800
3f74c600
3f611200
3f54ba00
3f45e600
3fb59700
3fa0f900
3f943800
3f866800
3f795200
3f659e00
3f58b800
3f49e400
3fbbef00
3fa75100
3f987800
3f8aa800
3f801200
3f6c7000
3f5d4800
3f4e7400
3fc0b100
3fac1300
3f9c3000
3f8e6000
3f811800
3f70fc00
3f5ecc00
3f51e000
3f443000
3fb26b00
3f9f6300
3f92a000
3f855800
3f770c00
3f64dc00
3f570200
3f48c000
3fb72d00
3fa42500
3f95d000
3f891000
3f7c5a00
3f696800
3f5a6e00
3f4cbe00
3fbd8500
3faa7d00
3f9a1000
3f8d5000
3f813500
3f6f7800
3f5f9000
3f514e00
3fc31200
3faf3f00
3f9d4000
3f908000
3f82b000
3f74c600
3f611200
3f554c00
3f467800
3fb59700
3fa0f900
3f94c000
3f86f000
3f7ad600
3f672200
3f59dc00
3f4b0800
3fba5900
3fa5bb00
3f97f000
3f8a2000
3f801200
3f6c7000
3f5dda00
3f4f0600
3fc0b100
3fac1300
3f9c3000
3f8e6000
3f831a00
3f728000
3f626a00
3f539600
3fc57300
3fb0d500
3f9dcd00
3f921800
3f84d000
3f770c00
3f64dc00
3f579400
3f495200
3fb72d00
3fa42500
3f965800
3f891000
3f7d1c00
3f6aec00
3f5c2400
3f4e7400
3fbcba00
3fa8e700
3f998800
3f8cc800
3f813500
3f6f7800
3f5f9000
3f51e000
3fc24700
3faf3f00
3f9dc800
3f910800
3f843d00
3f764a00
3f64b200
3f567000
3fc7d400
3fb40100
3f9f6300
3f943800
3f866800
3f7ad600
3f672200
3f5a6e00
3f4b9a00
3fba5900
3fa5bb00
3f987800
3f8aa800
3f807300
3f6d3200
3f5efe00
3f502a00
3fbf1b00
3faa7d00
3f9c3000
3f8e6000
3f831a00
3f728000
3f62fc00
3f542800
3fc57300
3fb0d500
3f9fe800
3f921800
3f862200
3f789000
3f678c00
3f58b800
3f4b0800
3fb66200
3fa28f00
3f95d000
3f891000
3f7d1c00
3f6aec00
3f5cb600
3f4e7400
3fbbef00
3fa8e700
3f9a1000
3f8cc800
3f819600
3f70fc00
3f614600
3f539600
3fc17c00
3fada900
3f9d4000
3f908000
3f843d00
3f764a00
3f654400
3f570200
3fc70900
3fb40100
3fa18000
3f94c000
3f874500
3f7c5a00
3f69d400
3f5c2400
3f4d5000
3fb8c300
3fa42500
3f97f000
3f8a2000
3f807300
3f6d3200
3f5f9000
3f50bc00
3fbf1b00
3faa7d00
3f9c3000
3f8e6000
3f837b00
3f734200
3f642000
3f554c00
3fc4a800
3fb00a00
3f9fe800
3f921800
3f862200
3f789000
3f681e00
3f594a00
3fca3500
3fb59700
3fa42800
3f965800
3f892a00
3f7ea000
3f6c7000
3f5dda00
3f502a00
3fbb2400
3fa75100
3f998800
3f8cc800
3f819600
3f70fc00
3f61d800
3f539600
3fc0b100
3fada900
3f9dc800
3f910800
3f84ff00
3f770c00
3f666800
3f58b800
3fc63e00
3fb26b00
3fa0f800
3f943800
3f874500
3f7c5a00
3f6a6600
3f5c2400
3fcbcb00
3fb8c300
3fa53800
3f987800
3f8a4d00
3f813500
3f6eb600
3f614600
3f527200
3fbe5000
3fa9b200
3f9ba800
3f8dd800
3f837b00
3f734200
3f64b200
3f55de00
3fc3dd00
3faf3f00
3f9fe800
3f921800
3f868300
3f795200
3f69d400
3f5b0000
3fc96a00
3fb4cc00
3fa3a000
3f95d000
3f892a00
3f7ea000
3f6d4000
3f5e6c00
3fcef700
3fba5900
3fa7e000
3f9a1000
3f8cc800
3f825800
3f728000
3f62fc00
3f554c00
3fbfe600
3fac1300
3f9d4000
3f908000
3f84ff00
3f770c00
3f66fa00
3f594a00
3fc57300
3fb26b00
3fa18000
3f94c000
3f880700
3f7d1c00
3f6b8a00
3f5dda00
3fcb0000
3fb7f800
3fa53800
3f97f000
3f8a4d00
3f813500
3f6f8800
3f614600
3fd15800
3fbd8500
3fa8f000
3f9c3000
3f8e6000
3f843d00
3f74c600
3f666800
3f579400
3fc31200
3fae7400
3f9fe800
3f921800
3f868300
3f795200
3f69d400
3f5b0000
3fc89f00
3fb40100
3fa3a000
3f95d000
3f89ec00
3f801200
3f6ef600
3f602200
3fce2c00
3fb98e00
3fa75800
3f998800
3f8c3200
3f825800
3f726200
3f638e00
3fd3b900
3fbf1b00
3fac1300
3f9dc800
3f908000
3f856000
3f789000
3f68b000
3f5a6e00
3fc4a800
3fb1a000
3fa0f800
3f943800
3f880700
3f7d1c00
3f6c1c00
3f5e6c00
3fcb0000
3fb72d00
3fa53800
3f987800
3f8b0f00
3f819600
3f70ac00
3f62fc00
3fcfc200
3fbcba00
3fa8f000
3f9ba800
3f8d5500
3f843d00
3f74aa00
3f66fa00
3fd61a00
3fc24700
3fada900
3f9fe800
3f921800
3f874500
3f7ad600
3f6b8a00
3f5cb600
3fc7d400
3fb33600
3fa3a000
3f95d000
3f89ec00
3f801200
3f6ef600
3f602200
3fcd6100
3fb8c300
3fa7e000
3f9a1000
3f8cf400
3f831a00
3f741800
3f654400
3fd2ee00
3fbe5000
3fab1000
3f9d4000
3f8f3a00
3f856000
3f778400
3f68b000
3f5b0000
3fc4a800
3fb0d500
3fa18000
3f94c000
3f886800
3f7ea000
3f6dd200
3f5f9000
3fc96a00
3fb66200
3fa4b000
3f97f000
3f8b0f00
3f819600
3f713e00
3f638e00
3fcfc200
3fbbef00
3fa8f000
3f9c3000
3f8e1700
3f84ff00
3f766000
3f681e00
3fd48400
3fc17c00
3faca800
3f9f6000
3f905d00
3f874500
3f79cc00
3f6c1c00
3f5d4800
3fc70900
3fb26b00
3fa3a000
3f95d000
3f8a4d00
3f807300
3f70ac00
3f61d800
3fcc9600
3fb7f800
3fa75800
3f998800
3f8cf400
3f831a00
3f74aa00
3f65d600
3fd2ee00
3fbe5000
3fab9800
3f9dc800
3f8ffc00
3f862200
3f793a00
3f6a6600
3fd7b000
3fc31200
3faec800
3fa0f800
3f924200
3f886800
3f7ea000
3f6dd200
3f602200
3fc96a00
3fb59700
3fa53800
3f987800
3f8b7000
3f825800
3f72f400
3f64b200
3fce2c00
3fbb2400
3fa8f000
3f9ba800
3f8e1700
3f84ff00
3f766000
3f68b000
3fd61a00
3fbfe600
3fae4000
3f9f6000
3f924200
3f87a600
3f7d3800
3f6d4000
3fdc7200
3fc63e00
3fb28000
3fa3a000
3f954a00
3f8a4d00
3f7dde00
3f713e00
3f602200
3fcc9600
3fb4cc00
3fa7e000
3f97f000
3f8e1700
3f82b900
3f76f200
3f65d600
3fd2ee00
3fbb2400
3fac2000
3f9c3000
3f90be00
3f856000
3f7af000
3f69d400
3fd94600
3fc17c00
3fb0e800
3fa0f800
3f942700
3f88c900
3f805200
3f6f8800
3fdf9e00
3fc7d400
3fb4a000
3fa4b000
3f95d000
3f8bd100
3f813500
3f738600
3f638e00
3fcef700
3fb7f800
3fa97800
3f9a9800
3f8f3a00
3f849e00
3f78a800
3f68b000
3fd48400
3fbe5000
3fadb800
3f9ed800
3f91e100
3f874500
3f7d3800
3f6d4000
3fdba700
3fc57300
3fb28000
3fa31800
3f954a00
3f8aae00
3f812d00
3f726200
3fe13400
3fcb0000
3fb63800
3fa75800
3f976800
3f8db600
3f825800
3f76f200
3f65d600
3fd22300
3fba5900
3fac2000
3f9c3000
3f911f00
3f85c100
3f7c1400
3f6af800
3fd7b000
3fbfe600
3fafd800
3f9fe800
3f93c600
3f886800
3f805200
3f6f8800
3fded300
3fc70900
3fb4a000
3fa4b000
3f979000
3f8c3200
3f82e300
3f74aa00
3fe46000
3fcc9600
3fb66200
3fa8f000
3f9a1000
3f8ed900
3f843d00
3f78a800
3f68b000
3fd3b900
3fbd8500
3fadb800
3f9e5000
3f924200
3f87a600
3f7e5c00
3f6e6400
3fd94600
3fc31200
3fb17000
3fa29000
3f954a00
3f8aae00
3f812d00
3f726200
3fe06900
3fca3500
3fb63800
3fa75800
3f98b300
3f8e1700
3f840700
3f781600
3fe6c100
3fcfc200
3fb7f800
3fab1000
3f9b2000
3f90be00
3f856000
3f7c1400
3f6af800
3fd6e500
3fbf1b00
3fafd800
3f9fe800
3f942700
3f88c900
3f809b00
3f701a00
3fdd3d00
3fc57300
3fb41800
3fa42800
3f972f00
3f8bd100
3f82e300
3f74aa00
3fe39500
3fcbcb00
3fb8e000
3fa8f000
3f9a9800
3f8f3a00
3f857400
3f79cc00
3f69d400
3fd22300
3fbbef00
3faca800
3f9dc800
3f91e100
3f874500
3f7e5c00
3f6e6400
3fd87b00
3fc24700
3fb17000
3fa29000
3f95ab00
3f8aae00
3f81bf00
3f738600
3fded300
3fc89f00
3fb52800
3fa64800
3f985200
3f8db600
3f840700
3f781600
3fe52b00
3fcef700
3fb9f000
3fab1000
3f9bbb00
3f911f00
3f869800
3f7d3800
3f6c1c00
3fd54f00
3fbd8500
3faf5000
3f9f6000
3f942700
3f88c900
3f809b00
3f701a00
3fdba700
3fc3dd00
3fb41800
3fa42800
3f979000
3f8c3200
3f837500
3f75ce00
3fe1ff00
3fca3500
3fb7d000
3fa7e000
3f9a3700
3f8ed900
3f857400
3f79cc00
3fe92200
3fd15800
3fbc9800
3faca800
3f9da000
3f924200
3f87a600
3f7f8000
3f6f8800
3fd6e500
3fc0b100
3fb06000
3fa18000
3f954a00
3f8aae00
3f81bf00
3f738600
3fde0800
3fc7d400
3fb52800
3fa64800
3f98b300
3f8e1700
3f849900
3f78a800
3fe39500
3fcd6100
3fb96800
3faa8800
3f9b5a00
3f90be00
3f869800
3f7d3800
3feab800
3fd48400
3fbe3000
3faf5000
3f9f2400
3f942700
3f88c900
3f812d00
3f713e00
3fda1100
3fc24700
3fb30800
3fa31800
3f972f00
3f8bd100
3f837500
3f75ce00
3fe13400
3fc96a00
3fb7d000
3fa7e000
3f9a9800
3f8f3a00
3f860600
3f7af000
3fe6c100
3fcef700
3fbb8800
3fab9800
3f9da000
3f924200
3f884e00
3f7f8000
3fede400
3fd61a00
3fc05000
3fb06000
3fa18000
3f95ab00
3f8b0f00
3f825100
3f74aa00
3fdba700
3fc57300
3fb4a000
3fa5c000
3f985200
3f8db600
3f849900
3f78a800
3fe2ca00
3fcc9600
3fb96800
3faa8800
3f9bbb00
3f911f00
3f872a00
3f7e5c00
3fe92200
3fd22300
3fbd2000
3fae4000
3f9ec300
3f942700
3f892900
3f812d00
3fef7a00
3fd94600
3fc1e800
3fb30800
3fa31800
3f979000
3f8c3200
3f840700
3f76f200
3fdf9e00
3fc7d400
3fb6c000
3fa6d000
3f9a3700
3f8ed900
3f860600
3f7af000
3fe5f600
3fce2c00
3fbb8800
3fab9800
3f9da000
3f924200
3f88e000
3f805200
3fec4e00
3fd48400
3fbfc800
3fafd800
3fa0a800
3f954a00
3f8adf00
3f825100
3ff2a600
3fdadc00
3fc4a800
3fb4a000
3fa5c000
3f98b300
3f8e1700
3f84e200
3f79cc00
3fe13400
3fcb0000
3fb85800
3fa97800
3f9bbb00
3f90be00
3f872a00
3f7e5c00
3fe78c00
3fd15800
3fbd2000
3fae4000
3f9f2400
3f948800
3f89bb00
3f81bf00
3fede400
3fd7b000
3fc16000
3fb1f800
3fa1cb00
3f972f00
3f8c0300
3f840700
3ff50700
3fde0800
3fc63e00
3fb6c000
3fa6d000
3f9a9800
3f8f3a00
3f869800
3f7c1400
3fe46000
3fcc9600
3fbb0000
3fab1000
3f9da000
3f924200
3f88e000
3f805200
3feb8300
3fd3b900
3fbfc800
3fafd800
3fa10900
3f95ab00
3f8b7100
3f82e300
3ff11000
3fd94600
3fc38000
3fb39000
3fa3b000
3f985200
3f8d7000
3f84e200
3f79cc00
3fe06900
3fca3500
3fb85800
3fa97800
3f9bbb00
3f911f00
3f87bc00
3f7f8000
3fe5f600
3fcfc200
3fbc9800
3fad3000
3f9ec300
3f942700
3f89bb00
3f81bf00
3fed1900
3fd6e500
3fc0d800
3fb1f800
3fa22c00
3f979000
3f8c9500
3f849900
3ff2a600
3fdc7200
3fc51800
3fb63800
3fa53400
3f9a3700
3f8e9400
3f869800
3f7c1400
3fe39500
3fcbcb00
3fbb0000
3fab1000
3f9e0100
3f92a300
3f892900
3f809b00
3fe92200
3fd15800
3fbeb800
3faec800
3fa0a800
3f954a00
3f8b7100
3f82e300
3ff04500
3fd87b00
3fc38000
3fb39000
3fa41100
3f98b300
3f8e0200
3f857400
3ff5d200
3fde0800
3fc7c000
3fb7d000
3fa71900
3f9bbb00
3f911f00
3f87bc00
3f7f8000
3fe52b00
3fcef700
3fbc1000
3fad3000
3f9f2400
3f948800
3f8a4d00
3f825100
3feb8300
3fd48400
3fc05000
3fb17000
3fa1cb00
3f972f00
3f8c9500
3f849900
3ff1db00
3fdba700
3fc51800
3fb63800
3fa53400
3f9a9800
3f8f2600
3f872a00
3ff83300
3fe1ff00
3fc8d000
3fb9f000
3fa83c00
3f9da000
3f924200
3f892900
3f809b00
403c1000
447c5a00
cb860300
3fa75100
39916e00
44eeb600
4fbcc600
bc3f4000
438cc800
4e3b8800
b9144900
b9009b00
c1a4f000
2f098b00
43930400
368f8700
b9573800
3ac05000
480cf400
4d44c200
bd910800
44e42000
ca5dda00
bc90be00
48398e00
41892f00
45a0d400
bfb7d000
43afd800
cbcd1000
c1820c00
3b005200
3c5f2000
c5911d00
cc2a7d00
c3dc7200
379fe800
45987800
b71f1e00
b1fd3800
c9f9c900
b767a000
b7019600
b1d7b000
33652b00
c3548400
377c1400
3e438000
c8495200
bea22c00
47d67600
c4fd3800
37d7b000
4c179000
c3554f00
c5fd3800
ba59dc00
c667a000
bd3d2000
481a3700
3e713000
41013500
37e26a00
463cba00
43891000
46b4a000
b8b28000
c6268800
b6c16000
b7455400
47702000
42372d00
460d5500
be9a9800
3c25f600
b6359700
ba638e00
3f97f100
b474aa00
ba93b000
c3eaf800
4c3d2000
33bf0e00
3d177500
4d849900
cc990b00
bc9ba800
c0300a00
40499400
4cdd4800
43121800
432a7d00
3dad3000
bf47d400
364bda00
4a5d4800
39991400
b7edf400
bfba5900
c3e38e00
c6ed4000
b5fac000
4191e800
4b6e0000
48d59000
3b1fe600
352d8a00
be0c4000
b8a29000
b893b000
44339a00
cb0ebc00
bfdc7200
3f9a9800
449d0200
c493c600
caf5ce00
c6ad3000
c6c03200
4ade0a00
481ba800
b7a16600
c4398e00
3d339a00
30757000
bc372d00
c1132800
41860600
3adefe00
be099800
ca8f8700
b737a400
b6adf200
47b26b00
c236a200
4752ee00
c7b51e00
37891000
43a5bb00
ba467800
b9281c00
4234a000
40467800
435f2000
ca5e1000
44c9e000
3c527200
c5cef700
3c81a000
c268b000
c78db600
36ef7a00
bd9e5000
cea8fe00
c0888800
c0bba200
36c15600
3ea53800
44c5a000
38ba5900
3ccf9800
baa6d000
387df000
38de6c00
4acbcb00
3583dc00
3a20d400
32877800
4002b000
bf03a200
c7d37000
b9937e00
b756e500
4593b000
bba8fe00
b4defe00
3fad8a00
4b029a00
be055800
b4adf200
3a5b0200
36e35800
af8dd800
4d768000
b9366200
3ad04000
bcec7000
bcea2a00
40a42800
c7d4ba00
32e5f600
bd71d000
47c24700
34457300
43860300
4da28f00
4339f000
bc956c00
3a75ce00
be080700
42a5f600
ca222c00
406c4e00
bb543000
3ea68600
3f809b00
4229c000
ccdba700
3ee36000
bb1b2000
cfce2000
44ab4400
c26b8300
bd220800
4b768000
45812d00
c5554f00
c0020800
3c363800
385f9000
43029a00
47937e00
39a28a00
ca020c00
bb31a000
bc3cc600
b7df2000
378f8700
c68adf00
49e05000
36e35800
c23f4000
bc68a600
45614000
3b5d4800
39242500
b69d4000
3a9e0100
3cfdf000
ba0c4000
bc1fe800
c0b26b00
3c9e5000
b2019600
c0eab800
4316e000
bcf89000
b9407c00
c517b400
baac3c00
4797b400
45cbcb00
c00e7800
c0341800
39891000
bfa5bb00
b9420000
37dbc400
ba536e00
438ebc00
bb5f9e00
bdbe7c00
3c820c00
b2427a00
bed54f00
3c009000
beead000
b6ddda00
c370ac00
cbaa0000
b2fb9800
4706f000
bbb1f000
bd515800
38d04000
4649e000
4e977500
3a28fe00
c04e2000
ba2b9800
bb8e9400
ca242500
419aa100
4e04e200
40e52b00
3eede400
beaec800
bd2a8600
47179000
badb9200
c3625000
b8e69000
c4b9f000
3cf0fc00
4eb4cc00
501aa100
bb0ff800
485b0200
3c83dc00
40aa8600
3c8f3a00
c9286800
3c339a00
bd2d3000
42602200
3c001200
41ff8000
b5439e00
3521cb00
cde78c00
bb119000
38734200
be45e600
c245e600
c2868300
3da8e700
4d74c600
af111d00
35124200
cb0a4d00
4821cb00
3d191400
bfa83c00
b9d42800
bc3bf000
c5cc9600
479a9800
3dae4c00
3b811800
3b019600
4217f100
45977500
d03d7400
b1b03a00
bb084e00
38ada900
c5098b00
395a1100
401bb200
c20ac500
47d26000
427d3800
41789000
bff13e00
bee81e00
4025c000
c6a56400
3e4cbe00
39cb1800
3c1c3700
3f69d400
b9e8a600
bf079900
44c7d400
42846d00
4aae4000
3d2f3f00
3d3f0e00
4037f800
c3860300
c6acce00
42bd7400
c779cc00
af1b6c00
ba5f2000
36ec7000
bc812d00
3c1b6c00
c9776800
44a83c00
c0af1600
bc26b800
3313c600
b8fea000
c828f000
bebb1000
3c965800
c22da900
3de78c00
36c62800
c0ef7a00
39366200
c3ede400
c0e35800
41b03a00
b6009000
c4c96a00
b96eb600
3d55de00
47144900
3f743c00
c7a7e000
beee6400
45ab4400
b5132800
bea53400
c6d9d000
44c38000
c4c0b100
c8db0200
bf0bd100
35814100
b6013500
c11aa100
b9b17000
47990b00
4c5f8e00
ba9c4400
c8a7e000
3c300a00
417d1c00
b7a96200
c2e1d400
c5086400
37d59000
ccc44600
3e068300
bd382600
4ee6c100
b611e100
b6ef1000
453b2400
af154a00
41c70900
cd489f00
cd597e00
3e90be00
b52f0e00
bbebe000
c54e2000
3cbfa000
3a508d00
3789ec00
c80a4d00
3a12a000
39afd000
4de36000
c48a4d00
bf0ee800
be185200
40ac0600
4706f000
c30f3a00
33647000
41228d00
cc910800
ba116e00
3c7bd000
bbc38400
b9537000
41f1be00
c3eab800
367c2a00
47743c00
36b40100
316c1c00
b68c5b00
418ffc00
c2af1600
c102b000
bf231800
c2470900
42647000
bd7ad600
4a28f000
c7a34f00
4a812d00
43a07000
bdd14e00
b1031a00
32778400
34045000
bd37f800
4227e000
42148800
b2613400
3dde0800
3e333600
c4a44000
bbfc1400
c6f4aa00
3bcf3000
344cbe00
43fd1c00
c0a2ee00
3daca800
c313b000
34020c00
3b15df00
b3b06000
c0092f00
3ecc2c00
c20d5500
3ad8bc00
baff0000
bc561a00
3d116e00
3d59d000
c08bba00
3ef95200
3d911d00
34840700
3d8d7000
c2536e00
31aca800
41d97e00
c747c000
be330800
ce88e000
b8a83e00
c0001200
47512800
41874500
40943800
bf6ad000
c83f0e00
c6b0cc00
af124200
3c972200
ce47d400
4a27e000
b9351e00
cb522300
47013500
4534ca00
bf39f000
45c99400
bc781600
c64c9600
bc21c400
36e8b000
c38ac500
b94de200
b7625000
c6843d00
436b8300
4bdae000
bd6f7800
b69d4000
c2e6fa00
c2cf3000
3e086800
c095d000
c0339000
bb7c2a00
449a9800
b68df100
c02b1000
3cd9d000
c4e1d800
3f5a1100
c1d36e00
b616ce00
3aad3000
c1d3b900
3a84ff00
c1b83600
bc25f600
4fd7fa00
bba8e700
45b59700
46d8b800
b37ac000
bf372d00
cbc4c200
3dbe7c00
3bb17000
3ce78c00
bb88e000
c5c63e00
cc46b000
3cd43000
c3108000
3f0f2600
ba15ab00
c85ecc00
ce6a2a00
42b8c300
43f02000
3e937e00
40a71a00
3ec67800
bb4c0000
3cff8000
bcf83300
48b82600
38b0e800
3d231800
c145a000
3c9e0100
43ebe000
310ee800
3827e000
3d3a7800
349dfa00
3cb66200
c0177500
bb713e00
41789000
bfb59700
3c116e00
af90dc00
4ac79c00
34ada900
bfb39000
4b79cc00
bc886800
47376400
b2062200
bd613400
3ae26a00
b745a000
33099800
bdb9ec00
3eec4e00
c5801200
b2e96800
b3c67800
c9fd3800
33ad3000
c3fdf000
37646000
342b1000
bf6a6600
48e38e00
bb007300
47df9e00
b1f01a00
4a94c000
4630d500
4251ea00
48768000
b41b5a00
47092f00
3cc95200
b2046d00
b5cef700
383b2e00
c22a0000
b4594600
38b52800
b78ed900
394c2c00
c441e800
b79e5000
4594da00
b652ac00
bfa8f000
3a120000
38948800
be5b9200
c03cba00
37dcb600
c392a000
c772a600
49932400
c07f0000
3e990000
bcb9ec00
c0b8e800
4c8a4d00
c552ee00
c8ef7a00
b699d600
45825100
4618b300
bf005200
3e820800
bbb98e00
43121800
bb561a00
b757b000
3e9f6300
405cb600
b68ee800
bf0ee800
4e470a00
bbe11200
448b9000
b8639500
3a0bba00
c7641a00
bd8cde00
af1b2000
c4118000
32d79400
4968b000
c6a1c400
42c70900
40f35000
cbd7b000
cc2b4400
c1d94600
3e4c2c00
bfcf9800
ba2d8a00
cf495200
c72d6000
b7fea000
48222c00
4a0b7100
44ac2000
44ee6400
44cd6100
bf594600
c158c000
b49af900
42888800
c5960c00
3cb21600
c4bfba00
bed67000
440d2600
d023b000
4ecf3000
321d3f00
c41cde00
b4105200
b5a9c000
422c3c00
4040c400
babb2400
c1ad8a00
c2c27a00
b99da000
3e647000
baa5bb00
ce97f000
babf0e00
b98bba00
3ef4aa00
4901a000
c1f2a600
be884e00
47431200
4a833800
b4629600
c2b71200
c7395a00
3dc3dd00
40911d00
4816aa00
4b91e100
4bd36e00
3f007300
b5e13400
c220f900
39a5f600
45948800
bba75100
392d6000
c3aa0000
3d36c000
3af5d200
bfa56400
3c2b4800
bfa1cb00
ba306000
35de6c00
3a121800
3e8a4d00
3f1f6000
b82b4800
3cdc2400
3133a600
b49ba800
bbcfa400
c922ee00
3d1c3000
c2635800
4bbcc600
344bcb00
3f990000
b8862200
b59f6300
3e47c000
41043d00
370d5000
3d57b000
c2e6c100
41d94600
33918000
43450800
b73f0e00
c001a000
caae4c00
40af5000
cac0b100
ba764a00
31c7d400
3b0db600
372f1600
47b51e00
39a53400
c1c7d400
b7c89f00
cdc8d200
4ab26b00
4258c000
c33e7c00
4023ae00
3e0d2600
374ee200
472f3f00
c284d000
3cb0d500
c3b00a00
b5037500
4b83a200
c12e4c00
43413e00
c4df8e00
be35e000
40737100
335b0200
b3e29600
42d61a00
3f82b000
476f7a00
c3077800
b3879900
b4a56400
428a2000
33c24700
c4a3ae00
44417c00
3fa9c000
afce2000
c35e6c00
38055800
3fd5de00
3e52ee00
b7044800
be19d600
3ebc3400
41aec800
ca105200
ce83a200
412c1300
46515800
4345a000
bf3c3400
b61f6300
c8be3600
cbb85800
c2743c00
c4d8c000
ba860300
37dba700
c0424700
bb740400
bca77a00
43779000
ba30d500
c5c03200
b994c000
42ca7600
4589ec00
3998b300
c22e8400
4e76f200
4a253800
3c570200
c219fc00
c0880700
3d99d600
412e7400
c6d6e500
c2c57300
c414da00
3d129200
bd39f000
334d5e00
35984600
c947d400
c7813500
b495df00
3c3a5900
2fd48000
b70bb800
43d87b00
4699d600
cbd7b000
b76eb600
38a04200
4a16aa00
bd3bf000
36132800
bc01a000
c1142700
b2eaec00
32dc7200
463b2e00
bd037500
3b972200
c55b0000
3d892a00
bd892a00
c2972f00
427a9400
c6bd5800
bdbb1000
378d5000
b8d48400
3aa4b000
b4055800
ccb8c300
3a921800
bd9d4000
c0a68600
c2e72200
3de41a00
b23d5800
404e2000
bf086400
c0526000
3fd48400
bf554c00
381ed800
c9678c00
c7860300
499c3000
43548000
47098b00
bbb39000
c5b4ca00
c2ee6400
c713b000
bff24000
c1ef8800
3b124200
b84c9c00
3244a800
be068300
40046d00
c68a9600
414e2c00
bd013500
3d26d000
36ba7800
402d6000
c314c000
377c2a00
ba862200
b9658000
c0ec1c00
4715ab00
34f95200
b4328200
4baa7d00
c7340100
3d884e00
bd6de400
34132800
429b2000
ce587b00
c486f000
b214da00
b2037500
be659e00
41f24000
be011800
4dbeb800
35c79c00
b90aae00
423fc800
3ca10900
b6880700
b9a0a800
46e29600
38758800
c243dd00
c0ba5900
37897200
ba2f3f00
b09ba800
c1228a00
bb19d600
3e110800
b8cb9a00
3c012d00
beb63800
c2bf4000
c5025800
31f0fc00
c7582600
b6c27a00
c589fa00
3aa6b800
3202b000
c84ee200
38f83300
bd678c00
3a2b4800
b74d5000
c6020c00
409f1e00
358cc800
c51b2000
44a64800
c96ab800
b783a200
37281c00
be467800
bc220800
c719d600
4132d800
bdbb2e00
403fc800
4f37f800
b1542800
4d6f8800
c54a3500
47812d00
4295fe00
475bc400
c9415600
33020c00
469c3700
3f44a800
c99f6300
48b0d500
b7e13400
4197f000
b4c70a00
b7e14600
44579400
b06be000
36813500
42df9000
329a9800
4bf28000
3bf13000
30e35800
4520d400
3c1f6300
c5190b00
37b8c300
355c7200
38184000
47204200
3d04e200
41151400
3b27e000
b4f79000
4037d000
c06be000
3c45a000
43a02e00
49defe00
bdf57000
b2ce7400
33ec1c00
43ee6400
3f998800
c6bcc600
36c95200
bd0f7000
b5d0bc00
bb837500
bb105d00
43d7b000
c6368000
b6ec4e00
49f34200
3bdecc00
b053b900
3f64dc00
b9df9000
3d514e00
4cb9f000
42275100
ca15df00
4b877800
b0ac0600
bcab1800
3a83a200
3d3cba00
c78e6000
3e03a200
3703c000
c4e03000
3769c000
bf89ec00
c9450800
3765d600
bd879900
3e2f1600
bc81bf00
4af64a00
cd11e800
c3132800
400b7000
438e9400
be87a600
43340100
49053800
cca8d000
c93bef00
c24e2000
ba443000
b07c1400
c9c5a000
4960b400
c6807300
be449000
3a5adc00
48a7ac00
bae6fa00
4308c900
475efe00
4504e200
32548400
b59cb800
41860600
36f43c00
c0d2ee00
b39cb800
41d5b400
bde35800
bdc57300
b4184600
3703a200
4c4f3000
c90e1700
c0099800
43c16000
3ac51800
c1ab4800
cfb8e000
bea5bb00
bc40b100
41522300
3b084e00
bcd04000
3b376400
420f3a00
c49a3700
b9382600
37afd000
4375d200
331a1000
4934ca00
aefa9400
c27af000
42001200
3ddf2000
36a75800
3d8ac500
b723b000
42930400
44579400
c5a28f00
c238e800
2f26d000
47d15800
38fac000
44dba700
3fb09200
af104a00
c6a16a00
3681f700
3e247200
39444600
3d0c3200
326f7a00
b54cbe00
ba264800
c49af900
4676f200
beb59700
3587bc00
45228f00
c379cc00
bacc0000
bd7d3800
48713e00
c0b21600
38e26a00
48e7e400
495e6c00
38c17c00
c9f5ce00
b607bc00
be862200
c09e5000
42bcb200
3ca97800
bd144800
c94d6100
417dc000
3997f100
b5862200
be5ecc00
c2897200
3a15ab00
41a1c400
4695d000
42cf9800
bd110800
c31d3f00
c0a16a00
3f5adc00
c1814100
b379b000
be12b300
bbe11200
3f770c00
48d94600
b9b41800
bc009b00
34b1a000
bc536e00
bb2cc800
3a185200
c1242800
c0ac0600
3e905d00
ba11e100
c2781600
b4204200
45dc8600
b6ca5600
c9f2a600
3a1f1e00
47b5b000
3acf9800
bee1d400
45a53800
408c0300
c0c8d200
b6e8a600
c5855800
43ec1c00
45f8fe00
44a18000
48220800
c05e0a00
3c570200
4eeef600
c1892a00
ca862200
438aa800
bf0c4000
33a53800
afa8e700
33166d00
c6066800
3b7ea000
44fdf000
bf0aa800
b7ac3c00
37014100
4a991400
ba911d00
3f6f1000
b63b0000
461dcd00
bab55c00
46bfa000
4356a000
c37c1400
48f57000
3537f800
3c905200
473e3000
47d8bc00
41dbc400
3fbf0e00
49ca3500
3114e900
cd71be00
ba275800
4e79cc00
45862200
426ef600
bfc30c00
30c96a00
3bd7b000
bd814100
36f4aa00
3af70c00
30e46000
36f28000
320b9000
c134cc00
cd0f3a00
c2154800
3e874500
488aa800
c1d61a00
3a88c900
c4130400
2e097200
3493b600
402ca800
44872a00
3acd5e00
40685700
40bc3400
3d4e2c00
c682b000
47177500
34a97800
c9ac1300
cbc5e600
302e4000
b7905200
3c3b2e00
be2c1300
3cde1000
45300a00
3b820c00
3db82600
bf099800
c018d800
408dd800
c639f000
b8244000
408b3000
bf005200
bde6c100
3c03a200
c0c57300
42884e00
cc2b9800
461e9800
c15b0000
35222c00
b3a8fe00
c7196a00
c50a4d00
ca892a00
362a0000
b71f2400
3b007300
400d7000
3b635800
350e1700
c9f43c00
3b1bb200
bc072a00
4425bb00
bfbf0e00
44652b00
c6c89f00
b5734200
b8954800
bbb71200
bc812d00
45499400
455bf000
34a4f000
b9932400
cb1f6000
b95cb600
38bd5800
ca6f1000
4140b100
c917f000
2f3f1b00
cacf0600
429aa100
c99cd600
b959dc00
b05c8600
cbd43000
3c2e7400
b442c200
371a9800
c2b1f800
b92c2000
405f8e00
3721cb00
cb94c000
b9c07c00
3b3fba00
c3443000
b63fba00
3d4c9600
3d64b200
bc086800
c121c400
bf905200
b9860600
c202e300
3f40b100
36bd7400
43defe00
3cb4cc00
bc368000
b4040700
b8062200
cd6de400
b3866800
c0c57300
3e2e7400
bbd79400
c5f43c00
41303a00
c1eef600
c75b0200
3e757000
49470900
c0e35800
c01bb200
3dd42800
35ce2000
37136500
c78f9b00
43d48000
4146b000
bcd26000
4401bf00
c8315e00
c47af000
33116e00
bdd0bc00
c5132400
49160c00
b6b8e800
b4ab1000
34f95200
383bf000
c59cde00
ba116e00
45b9f000
442ca800
bbe2fc00
40812d00
492d6000
357c2a00
32603000
bb0d2600
b5154800
c232d800
426c7000
43111f00
c3c27a00
3cae7400
c55f9000
47190000
b7143800
b1aa7d00
32ba5900
41adf200
c22db800
3f2d8a00
46b06000
c09b5a00
be3bef00
c786f000
bdbe3000
cb19d600
b34c9600
39edd200
baada900
39aa8800
c4d27200
c567a000
b7417c00
c3d61a00
b6b4a000
aee81e00
3769c000
c3c38000
bc781600
37e59e00
3bd48000
3fe29600
bf2f0e00
4b3fa000
40eab800
c475ce00
cb97b400
c2a9c000
bf1b6c00
c519d600
c0499400
379dcd00
42ec1c00
41ec1c00
47450800
3572a600
bc020c00
402f5000
31b66200
4370fc00
4519fc00
3a450800
480f8700
c1a5f600
c86ad000
b0764a00
47d5de00
3def7800
3899d600
cca20800
3a94c000
c30b9000
c14f0600
3cf79000
b5b1f000
c26c1c00
bf542800
c1b74800
3e46b000
42ee0000
c2a16a00
3adc8600
38ec1c00
3ca9f400
b8e14600
c70c5b00
bfe78c00
41807300
389b2000
cfc31200
4a033800
c1e72200
bfd54c00
c0c63e00
3c932400
b4587b00
32f9b000
498e6000
4ab00a00
be4b1800
3e009000
bd51e000
489aa100
4bc3dd00
c0af3f00
cc635800
3ecc9600
3d069800
c3930400
4b5b9200
3d3b1000
33840700
b9567600
ba268800
3b6e6400
3fd2ac00
cab66200
b3a28a00
3b20f900
b4ab1000
40ebe000
3dc4a800
3431f000
4d28d000
45154a00
46c57300
b0849900
badd4800
4323b000
b4c4a800
b627e000
c6faf000
35fd1c00
b7dbf000
c84c2c00
c07df000
4aa02e00
3aab4800
b816aa00
bb5c2400
44017600
3d40b100
3c9b6c00
3f24f000
c0c79c00
4ea42800
b7a31800
3e5d3d00
c1fac000
42807600
3e857400
4064dc00
3e4fa400
b3037500
c5f76800
3a231800
c8faf000
43666000
cc4c9600
beb06000
45268600
4c789000
bca3ae00
c5548000
45750700
34c07c00
af177500
b8932800
b08f2600
cac30c00
c0991400
3eec7000
478a4d00
37cc9600
398b2800
c7937e00
3f1f6300
c4c5ca00
bfc6b000
c9886800
40f89000
c88e9400
c63f0e00
c5025800
c0242800
bc84ff00
4381a000
43de0800
326cf000
3d39ec00
bb820800
bb330800
ca013500
c60f9b00
383bf000
bee72200
362b1000
3d807300
3457fa00
44bc3400
bf046d00
3eb85800
bb4bcb00
b5df8e00
be3bef00
38877800
3d4ef700
43084e00
be4b0800
b2abaa00
b9570200
470fb800
c3916e00
c60d5000
c2ac1300
46c17c00
b69e5000
419c4400
c8ef7a00
4b69ed00
45330800
c35efe00
bd0c9300
b6d04000
c310be00
cad94600
45fac000
c7866800
37014100
be25f600
bd3dea00
46b1f800
c17ad600
329f6000
3cfbd000
bd283e00
4d857400
b9db0200
446ad000
426cae00
be811800
41b7a400
42bd7400
40892a00
44f26200
b6f4c600
c02a8200
3e057400
3da18000
3e813500
3d066800
cdaa0000
4211e100
45fc5a00
bddbf000
37c8d000
c0c16000
467a9400
363bef00
bc9aa100
3e009b00
40a56400
42a16a00
43d04000
3fbe3000
41f70c00
b7443000
47df2000
b9cb1800
c7820c00
c0d15800
432d8a00
bdd5de00
4bf01a00
bb789000
3724d200
3dc17c00
3a54f200
c674aa00
b3fea000
3b96ce00
c81bb200
b8b1a000
b7463e00
459d4000
39996a00
bc17f000
b1924200
b9ca3500
3e499400
3f1b2000
4a868300
439a3700
40dc8600
41dd4800
b30b2800
42886400
be3cba00
3aa6d000
c1489f00
39bb1000
c3ad3000
c6860600
3d626a00
44c3dd00
3b1b2000
49b71200
b5f58800
b48a4d00
c0080700
3dd2ac00
bd18b300
b5a3ae00
b7866800
40c6b000
bf228a00
c9b8c300
3b888800
bff5d200
c08c5b00
c3ea6600
4aebe000
4a597e00
b34f9800
37b1f000
ba0a0400
c61f1e00
4b15ab00
baa18000
3b594a00
35ec7000
43d94600
c5d67600
c4696800
ba359700
c3e02200
40f53c00
37605000
c930d500
bd606900
3f9fe600
bd0c3200
be9a1000
b6807300
34a28a00
cb860600
b57af000
42372d00
36108000
414f0600
bf079900
3e67e400
b0eaec00
3f01bf00
430c4000
45d79400
462e7400
c9031a00
ce184000
bc8c3200
4514c000
48496a00
45f58800
3e6cae00
c7f37100
b3d8c000
bc561a00
39527200
c57ea000
be132800
4b496a00
be7a9400
bd70fc00
35bfe600
bb21f800
b7801200
486de400
c81dcd00
c008c900
bc169000
b4c07c00
c8559000
43040700
454d6100
b8bb2400
388e7800
4298b300
c52da900
35de1000
33597e00
469cb800
40340100
3e231c00
bc20f800
c1764a00
bf92b300
c3bc9800
47ef7a00
3993c600
be427000
47f34200
bc45ca00
38057400
c8072a00
cdd36e00
3c0bb800
414f9800
3b9d3f00
3a8e6000
3cd37000
38aec800
c9789000
c7413e00
b8b4a000
3839aa00
4648d000
3e053800
c820f900
3e820c00
c815d000
be01a000
bb638e00
c6fe5c00
c02f3f00
b49ba800
47bfe600
c98f9b00
b8431200
3fd02a00
cc1a1000
35a04700
4285c100
42371200
c2371200
445f8e00
3f242500
3cb55c00
35eeb600
bb594a00
3d5f8e00
40985200
3a849900
3bb51e00
3cf24000
2f990b00
3528f000
c68c4c00
b2bcb200
4ad14e00
41738600
c8a47200
ceb76400
be53b900
c1a35a00
44df8e00
3f5e1000
46879900
30339a00
3ae78c00
b7cee200
3670fc00
cd253800
3c7dc000
40ab4800
cc383600
42ce2000
b8197500
4aa1f800
4a647000
3fe66000
3f056000
b079cc00
b368b000
4645ca00
befbd000
cb20f900
42001200
460e7800
4bf95200
3026d000
bd757000
49811800
4b930400
3e74c600
bdc3dd00
c5191400
c13b2400
c5f24000
3f02b000
3b228a00
bf5e0800
3a2c0600
401ed800
45f70c00
419c3000
c1444600
44738600
c10b7000
47678c00
41681e00
bb315e00
c5a02e00
3e242500
b3f89000
3e1fb000
4301a000
49176800
4a613400
b7053800
42825100
374b0800
3d743c00
bc7f0000
33256400
b9cd6100
cad0bc00
34f5d200
413b8800
3fd3b900
bdf4aa00
4a463e00
44f8a800
3ebcba00
c2c40800
3bf4c600
44242500
373d2000
47f38600
bd837500
47eaec00
39879900
45f76800
bd184000
3f04e200
44594a00
b7a31800
44025100
c3d70200
bb46b000
c31c7d00
4a398e00
2f45a000
48764a00
b80c9300
baea2a00
c5009000
3b154800
3f40b100
bd844800
c1530400
396c4e00
46874500
4103c000
be060600
c85a1100
3fbef800
47811800
4038c300
bcc8d000
bc93b600
3e5c8600
3b96aa00
b3c4a800
c2c89f00
ba95d000
c84c0000
40025800
c6ba6c00
c7951400
b9db0200
b73f0e00
45e47000
3f807600
3f807600
3f743c00
3f72a600
3f72a600
3f65f600
3f646000
3f646000
3f57b000
3f561a00
3f561a00
3f496a00
3f4e2000
3f4e2000
3f45a000
3f449000
3f449000
3f3c1000
3f3b0000
3f3b0000
3f328000
3f317000
3f317000
3f28f000
3f2b4400
3f2b4400
3f253400
3f247200
3f247200
3f1e6200
3f1da000
3f1da000
3f179000
3f16ce00
3f16ce00
3f10be00
3f132400
3f132400
3f0e9400
3f0e0200
3f0e0200
3f097200
3f08e000
3f08e000
3f045000
3f03be00
3f03be00
3efe5c00
3f807600
3f807600
3f743c00
3f72a600
3f72a600
3f65f600
3f646000
3f646000
3f57b000
3f561a00
3f561a00
3f496a00
3f4e2000
3f4e2000
3f45a000
3f449000
3f449000
3f3c1000
3f3b0000
3f3b0000
3f328000
3f317000
3f317000
3f28f000
3f2b4400
3f2b4400
3f253400
3f247200
3f247200
3f1e6200
3f1da000
3f1da000
3f179000
3f16ce00
3f16ce00
3f10be00
3f132400
3f132400
3f0e9400
3f0e0200
3f0e0200
3f097200
3f08e000
3f08e000
3f045000
3f03be00
3f03be00
3efe5c00
3f860300
3f860300
3f807600
3f7dc000
3f7dc000
3f72a600
3f6f7a00
3f6f7a00
3f646000
3f613400
3f613400
3f561a00
3f57b000
3f57b000
3f4f3000
3f4e2000
3f4e2000
3f45a000
3f449000
3f449000
3f3c1000
3f3b0000
3f3b0000
3f328000
3f339a00
3f339a00
3f2d8a00
3f2cc800
3f2cc800
3f26b800
3f25f600
3f25f600
3f1fe600
3f1f2400
3f1f2400
3f191400
3f1a8e00
3f1a8e00
3f15fe00
3f156c00
3f156c00
3f10dc00
3f104a00
3f104a00
3f0bba00
3f0b2800
3f0b2800
3f069800
3f879900
3f879900
3f814100
3f807600
3f807600
3f743c00
3f72a600
3f72a600
3f65f600
3f646000
3f646000
3f57b000
3f59d000
3f59d000
3f515000
3f504000
3f504000
3f47c000
3f46b000
3f46b000
3f3e3000
3f3d2000
3f3d2000
3f34a000
3f351e00
3f351e00
3f2f0e00
3f2e4c00
3f2e4c00
3f283c00
3f277a00
3f277a00
3f216a00
3f20a800
3f20a800
3f1a9800
3f1bb200
3f1bb200
3f172200
3f169000
3f169000
3f120000
3f116e00
3f116e00
3f0cde00
3f0c4c00
3f0c4c00
3f07bc00
3f879900
3f879900
3f814100
3f807600
3f807600
3f743c00
3f72a600
3f72a600
3f65f600
3f646000
3f646000
3f57b000
3f59d000
3f59d000
3f515000
3f504000
3f504000
3f47c000
3f46b000
3f46b000
3f3e3000
3f3d2000
3f3d2000
3f34a000
3f351e00
3f351e00
3f2f0e00
3f2e4c00
3f2e4c00
3f283c00
3f277a00
3f277a00
3f216a00
3f20a800
3f20a800
3f1a9800
3f1bb200
3f1bb200
3f172200
3f169000
3f169000
3f120000
3f116e00
3f116e00
3f0cde00
3f0c4c00
3f0c4c00
3f07bc00
3f8d2600
3f8d2600
3f879900
3f860300
3f860300
3f807600
3f7dc000
3f7dc000
3f72a600
3f6f7a00
3f6f7a00
3f646000
3f636000
3f636000
3f5ae000
3f59d000
3f59d000
3f515000
3f504000
3f504000
3f47c000
3f46b000
3f46b000
3f3e3000
3f3d7400
3f3d7400
3f376400
3f36a200
3f36a200
3f309200
3f2fd000
3f2fd000
3f29c000
3f28fe00
3f28fe00
3f22ee00
3f231c00
3f231c00
3f1e8c00
3f1dfa00
3f1dfa00
3f196a00
3f18d800
3f18d800
3f144800
3f13b600
3f13b600
3f0f2600
3f8ebc00
3f8ebc00
3f886400
3f879900
3f879900
3f814100
3f807600
3f807600
3f743c00
3f72a600
3f72a600
3f65f600
3f658000
3f658000
3f5d0000
3f5bf000
3f5bf000
3f537000
3f526000
3f526000
3f49e000
3f48d000
3f48d000
3f405000
3f3ef800
3f3ef800
3f38e800
3f382600
3f382600
3f321600
3f315400
3f315400
3f2b4400
3f2a8200
3f2a8200
3f247200
3f244000
3f244000
3f1fb000
3f1f1e00
3f1f1e00
3f1a8e00
3f19fc00
3f19fc00
3f156c00
3f14da00
3f14da00
3f104a00
3f8ebc00
3f8ebc00
3f886400
3f879900
3f879900
3f814100
3f807600
3f807600
3f743c00
3f72a600
3f72a600
3f65f600
3f658000
3f658000
3f5d0000
3f5bf000
3f5bf000
3f537000
3f526000
3f526000
3f49e000
3f48d000
3f48d000
3f405000
3f3ef800
3f3ef800
3f38e800
3f382600
3f382600
3f321600
3f315400
3f315400
3f2b4400
3f2a8200
3f2a8200
3f247200
3f244000
3f244000
3f1fb000
3f1f1e00
3f1f1e00
3f1a8e00
3f19fc00
3f19fc00
3f156c00
3f14da00
3f14da00
3f104a00
3f944900
3f944900
3f8ebc00
3f8d2600
3f8d2600
3f879900
3f860300
3f860300
3f807600
3f7dc000
3f7dc000
3f72a600
3f6f1000
3f6f1000
3f669000
3f658000
3f658000
3f5d0000
3f5bf000
3f5bf000
3f537000
3f526000
3f526000
3f49e000
3f474e00
3f474e00
3f413e00
3f407c00
3f407c00
3f3a6c00
3f39aa00
3f39aa00
3f339a00
3f32d800
3f32d800
3f2cc800
3f2baa00
3f2baa00
3f271a00
3f268800
3f268800
3f21f800
3f216600
3f216600
3f1cd600
3f1c4400
3f1c4400
3f17b400
3f95df00
3f95df00
3f8f8700
3f8ebc00
3f8ebc00
3f886400
3f879900
3f879900
3f814100
3f807600
3f807600
3f743c00
3f713000
3f713000
3f68b000
3f67a000
3f67a000
3f5f2000
3f5e1000
3f5e1000
3f559000
3f548000
3f548000
3f4c0000
3f48d200
3f48d200
3f42c200
3f420000
3f420000
3f3bf000
3f3b2e00
3f3b2e00
3f351e00
3f345c00
3f345c00
3f2e4c00
3f2cce00
3f2cce00
3f283e00
3f27ac00
3f27ac00
3f231c00
3f228a00
3f228a00
3f1dfa00
3f1d6800
3f1d6800
3f18d800
3f95df00
3f95df00
3f8f8700
3f8ebc00
3f8ebc00
3f886400
3f879900
3f879900
3f814100
3f807600
3f807600
3f743c00
3f713000
3f713000
3f68b000
3f67a000
3f67a000
3f5f2000
3f5e1000
3f5e1000
3f559000
3f548000
3f548000
3f4c0000
3f48d200
3f48d200
3f42c200
3f420000
3f420000
3f3bf000
3f3b2e00
3f3b2e00
3f351e00
3f345c00
3f345c00
3f2e4c00
3f2cce00
3f2cce00
3f283e00
3f27ac00
3f27ac00
3f231c00
3f228a00
3f228a00
3f1dfa00
3f1d6800
3f1d6800
3f18d800
3f9b6c00
3f9b6c00
3f95df00
3f944900
3f944900
3f8ebc00
3f8d2600
3f8d2600
3f879900
3f860300
3f860300
3f807600
3f7ac000
3f7ac000
3f724000
3f713000
3f713000
3f68b000
3f67a000
3f67a000
3f5f2000
3f5e1000
3f5e1000
3f559000
3f512800
3f512800
3f4b1800
3f4a5600
3f4a5600
3f444600
3f438400
3f438400
3f3d7400
3f3cb200
3f3cb200
3f36a200
3f343800
3f343800
3f2fa800
3f2f1600
3f2f1600
3f2a8600
3f29f400
3f29f400
3f256400
3f24d200
3f24d200
3f204200
3fa02e00
3fa02e00
3f984000
3f977500
3f977500
3f8f8700
3f8ebc00
3f8ebc00
3f86ce00
3f860300
3f860300
3f7c2a00
3f809000
3f809000
3f768000
3f757000
3f757000
3f6ad000
3f69c000
3f69c000
3f5f2000
3f5e1000
3f5e1000
3f537000
3f55b400
3f55b400
3f4e2000
3f4d5e00
3f4d5e00
3f45ca00
3f450800
3f450800
3f3d7400
3f3cb200
3f3cb200
3f351e00
3f37a400
3f37a400
3f31f000
3f315e00
3f315e00
3f2baa00
3f2b1800
3f2b1800
3f256400
3f24d200
3f24d200
3f1f1e00
3fa02e00
3fa02e00
3f984000
3f977500
3f977500
3f8f8700
3f8ebc00
3f8ebc00
3f86ce00
3f860300
3f860300
3f7c2a00
3f809000
3f809000
3f768000
3f757000
3f757000
3f6ad000
3f69c000
3f69c000
3f5f2000
3f5e1000
3f5e1000
3f537000
3f55b400
3f55b400
3f4e2000
3f4d5e00
3f4d5e00
3f45ca00
3f450800
3f450800
3f3d7400
3f3cb200
3f3cb200
3f351e00
3f37a400
3f37a400
3f31f000
3f315e00
3f315e00
3f2baa00
3f2b1800
3f2b1800
3f256400
3f24d200
3f24d200
3f1f1e00
3fa5bb00
3fa5bb00
3f9e9800
3f9d0200
3f9d0200
3f95df00
3f944900
3f944900
3f8d2600
3f8b9000
3f8b9000
3f846d00
3f855800
3f855800
3f809000
3f7f0000
3f7f0000
3f757000
3f735000
3f735000
3f69c000
3f67a000
3f67a000
3f5e1000
3f5e0a00
3f5e0a00
3f567600
3f55b400
3f55b400
3f4e2000
3f4d5e00
3f4d5e00
3f45ca00
3f450800
3f450800
3f3d7400
3f3f0e00
3f3f0e00
3f395a00
3f38c800
3f38c800
3f331400
3f328200
3f328200
3f2cce00
3f2c3c00
3f2c3c00
3f268800
3fa75100
3fa75100
3f9f6300
3f9e9800
3f9e9800
3f96aa00
3f95df00
3f95df00
3f8df100
3f8d2600
3f8d2600
3f853800
3f866800
3f866800
3f811800
3f809000
3f809000
3f768000
3f757000
3f757000
3f6ad000
3f69c000
3f69c000
3f5f2000
3f5f8e00
3f5f8e00
3f57fa00
3f573800
3f573800
3f4fa400
3f4ee200
3f4ee200
3f474e00
3f468c00
3f468c00
3f3ef800
3f403200
3f403200
3f3a7e00
3f39ec00
3f39ec00
3f343800
3f33a600
3f33a600
3f2df200
3f2d6000
3f2d6000
3f27ac00
3fa75100
3fa75100
3f9f6300
3f9e9800
3f9e9800
3f96aa00
3f95df00
3f95df00
3f8df100
3f8d2600
3f8d2600
3f853800
3f866800
3f866800
3f811800
3f809000
3f809000
3f768000
3f757000
3f757000
3f6ad000
3f69c000
3f69c000
3f5f2000
3f5f8e00
3f5f8e00
3f57fa00
3f573800
3f573800
3f4fa400
3f4ee200
3f4ee200
3f474e00
3f468c00
3f468c00
3f3ef800
3f403200
3f403200
3f3a7e00
3f39ec00
3f39ec00
3f343800
3f33a600
3f33a600
3f2df200
3f2d6000
3f2d6000
3f27ac00
3facde00
3facde00
3fa5bb00
3fa42500
3fa42500
3f9d0200
3f9b6c00
3f9b6c00
3f944900
3f92b300
3f92b300
3f8b9000
3f8b3000
3f8b3000
3f866800
3f855800
3f855800
3f809000
3f7f0000
3f7f0000
3f757000
3f735000
3f735000
3f69c000
3f67e400
3f67e400
3f605000
3f5f8e00
3f5f8e00
3f57fa00
3f573800
3f573800
3f4fa400
3f4ee200
3f4ee200
3f474e00
3f479c00
3f479c00
3f41e800
3f415600
3f415600
3f3ba200
3f3b1000
3f3b1000
3f355c00
3f34ca00
3f34ca00
3f2f1600
3fae7400
3fae7400
3fa68600
3fa5bb00
3fa5bb00
3f9dcd00
3f9d0200
3f9d0200
3f951400
3f944900
3f944900
3f8c5b00
3f8c4000
3f8c4000
3f86f000
3f866800
3f866800
3f811800
3f809000
3f809000
3f768000
3f757000
3f757000
3f6ad000
3f696800
3f696800
3f61d400
3f611200
3f611200
3f597e00
3f58bc00
3f58bc00
3f512800
3f506600
3f506600
3f48d200
3f48c000
3f48c000
3f430c00
3f427a00
3f427a00
3f3cc600
3f3c3400
3f3c3400
3f368000
3f35ee00
3f35ee00
3f303a00
3fae7400
3fae7400
3fa68600
3fa5bb00
3fa5bb00
3f9dcd00
3f9d0200
3f9d0200
3f951400
3f944900
3f944900
3f8c5b00
3f8c4000
3f8c4000
3f86f000
3f866800
3f866800
3f811800
3f809000
3f809000
3f768000
3f757000
3f757000
3f6ad000
3f696800
3f696800
3f61d400
3f611200
3f611200
3f597e00
3f58bc00
3f58bc00
3f512800
3f506600
3f506600
3f48d200
3f48c000
3f48c000
3f430c00
3f427a00
3f427a00
3f3cc600
3f3c3400
3f3c3400
3f368000
3f35ee00
3f35ee00
3f303a00
3fb40100
3fb40100
3facde00
3fab4800
3fab4800
3fa42500
3fa28f00
3fa28f00
3f9b6c00
3f99d600
3f99d600
3f92b300
3f910800
3f910800
3f8c4000
3f8b3000
3f8b3000
3f866800
3f855800
3f855800
3f809000
3f7f0000
3f7f0000
3f757000
3f71be00
3f71be00
3f6a2a00
3f696800
3f696800
3f61d400
3f611200
3f611200
3f597e00
3f58bc00
3f58bc00
3f512800
3f502a00
3f502a00
3f4a7600
3f49e400
3f49e400
3f443000
3f439e00
3f439e00
3f3dea00
3f3d5800
3f3d5800
3f37a400
3fb59700
3fb59700
3fada900
3facde00
3facde00
3fa4f000
3fa42500
3fa42500
3f9c3700
3f9b6c00
3f9b6c00
3f937e00
3f921800
3f921800
3f8cc800
3f8c4000
3f8c4000
3f86f000
3f866800
3f866800
3f811800
3f809000
3f809000
3f768000
3f734200
3f734200
3f6bae00
3f6aec00
3f6aec00
3f635800
3f629600
3f629600
3f5b0200
3f5a4000
3f5a4000
3f52ac00
3f514e00
3f514e00
3f4b9a00
3f4b0800
3f4b0800
3f455400
3f44c200
3f44c200
3f3f0e00
3f3e7c00
3f3e7c00
3f38c800
3fb59700
3fb59700
3fada900
3facde00
3facde00
3fa4f000
3fa42500
3fa42500
3f9c3700
3f9b6c00
3f9b6c00
3f937e00
3f921800
3f921800
3f8cc800
3f8c4000
3f8c4000
3f86f000
3f866800
3f866800
3f811800
3f809000
3f809000
3f768000
3f734200
3f734200
3f6bae00
3f6aec00
3f6aec00
3f635800
3f629600
3f629600
3f5b0200
3f5a4000
3f5a4000
3f52ac00
3f514e00
3f514e00
3f4b9a00
3f4b0800
3f4b0800
3f455400
3f44c200
3f44c200
3f3f0e00
3f3e7c00
3f3e7c00
3f38c800
3fbb2400
3fbb2400
3fb40100
3fb26b00
3fb26b00
3fab4800
3fa9b200
3fa9b200
3fa28f00
3fa0f900
3fa0f900
3f99d600
3f96e000
3f96e000
3f921800
3f910800
3f910800
3f8c4000
3f8b3000
3f8b3000
3f866800
3f855800
3f855800
3f809000
3f7b9800
3f7b9800
3f740400
3f734200
3f734200
3f6bae00
3f6aec00
3f6aec00
3f635800
3f629600
3f629600
3f5b0200
3f58b800
3f58b800
3f530400
3f527200
3f527200
3f4cbe00
3f4c2c00
3f4c2c00
3f467800
3f45e600
3f45e600
3f403200
3fbfe600
3fbfe600
3fb66200
3fb59700
3fb59700
3fac1300
3fab4800
3fab4800
3fa1c400
3fa0f900
3fa0f900
3f977500
3f9a1000
3f9a1000
3f93b000
3f932800
3f932800
3f8cc800
3f8c4000
3f8c4000
3f85e000
3f855800
3f855800
3f7df000
3f801200
3f801200
3f770c00
3f764a00
3f764a00
3f6d3200
3f6c7000
3f6c7000
3f635800
3f629600
3f629600
3f597e00
3f5c2400
3f5c2400
3f554c00
3f54ba00
3f54ba00
3f4de200
3f4d5000
3f4d5000
3f467800
3f45e600
3f45e600
3f3f0e00
3fbfe600
3fbfe600
3fb66200
3fb59700
3fb59700
3fac1300
3fab4800
3fab4800
3fa1c400
3fa0f900
3fa0f900
3f977500
3f9a1000
3f9a1000
3f93b000
3f932800
3f932800
3f8cc800
3f8c4000
3f8c4000
3f85e000
3f855800
3f855800
3f7df000
3f801200
3f801200
3f770c00
3f764a00
3f764a00
3f6d3200
3f6c7000
3f6c7000
3f635800
3f629600
3f629600
3f597e00
3f5c2400
3f5c2400
3f554c00
3f54ba00
3f54ba00
3f4de200
3f4d5000
3f4d5000
3f467800
3f45e600
3f45e600
3f3f0e00
3fc57300
3fc57300
3fbcba00
3fbb2400
3fbb2400
3fb26b00
3fb0d500
3fb0d500
3fa81c00
3fa68600
3fa68600
3f9dcd00
3f9ed800
3f9ed800
3f990000
3f97f000
3f97f000
3f921800
3f910800
3f910800
3f8b3000
3f8a2000
3f8a2000
3f844800
3f843d00
3f843d00
3f801200
3f7ea000
3f7ea000
3f764a00
3f74c600
3f74c600
3f6c7000
3f6aec00
3f6aec00
3f629600
3f638e00
3f638e00
3f5cb600
3f5c2400
3f5c2400
3f554c00
3f54ba00
3f54ba00
3f4de200
3f4d5000
3f4d5000
3f467800
3fc70900
3fc70900
3fbd8500
3fbcba00
3fbcba00
3fb33600
3fb26b00
3fb26b00
3fa8e700
3fa81c00
3fa81c00
3f9e9800
3f9fe800
3f9fe800
3f998800
3f990000
3f990000
3f92a000
3f921800
3f921800
3f8bb800
3f8b3000
3f8b3000
3f84d000
3f84ff00
3f84ff00
3f807300
3f801200
3f801200
3f770c00
3f764a00
3f764a00
3f6d3200
3f6c7000
3f6c7000
3f635800
3f64b200
3f64b200
3f5dda00
3f5d4800
3f5d4800
3f567000
3f55de00
3f55de00
3f4f0600
3f4e7400
3f4e7400
3f479c00
3fc70900
3fc70900
3fbd8500
3fbcba00
3fbcba00
3fb33600
3fb26b00
3fb26b00
3fa8e700
3fa81c00
3fa81c00
3f9e9800
3f9fe800
3f9fe800
3f998800
3f990000
3f990000
3f92a000
3f921800
3f921800
3f8bb800
3f8b3000
3f8b3000
3f84d000
3f84ff00
3f84ff00
3f807300
3f801200
3f801200
3f770c00
3f764a00
3f764a00
3f6d3200
3f6c7000
3f6c7000
3f635800
3f64b200
3f64b200
3f5dda00
3f5d4800
3f5d4800
3f567000
3f55de00
3f55de00
3f4f0600
3f4e7400
3f4e7400
3f479c00
3fcc9600
3fcc9600
3fc3dd00
3fc24700
3fc24700
3fb98e00
3fb7f800
3fb7f800
3faf3f00
3fada900
3fada900
3fa4f000
3fa4b000
3fa4b000
3f9ed800
3f9dc800
3f9dc800
3f97f000
3f96e000
3f96e000
3f910800
3f8ff800
3f8ff800
3f8a2000
3f892a00
3f892a00
3f84ff00
3f843d00
3f843d00
3f801200
3f7ea000
3f7ea000
3f764a00
3f74c600
3f74c600
3f6c7000
3f6c1c00
3f6c1c00
3f654400
3f64b200
3f64b200
3f5dda00
3f5d4800
3f5d4800
3f567000
3f55de00
3f55de00
3f4f0600
3fce2c00
3fce2c00
3fc4a800
3fc3dd00
3fc3dd00
3fba5900
3fb98e00
3fb98e00
3fb00a00
3faf3f00
3faf3f00
3fa5bb00
3fa5c000
3fa5c000
3f9f6000
3f9ed800
3f9ed800
3f987800
3f97f000
3f97f000
3f919000
3f910800
3f910800
3f8aa800
3f89ec00
3f89ec00
3f856000
3f84ff00
3f84ff00
3f807300
3f801200
3f801200
3f770c00
3f764a00
3f764a00
3f6d3200
3f6d4000
3f6d4000
3f666800
3f65d600
3f65d600
3f5efe00
3f5e6c00
3f5e6c00
3f579400
3f570200
3f570200
3f502a00
3fce2c00
3fce2c00
3fc4a800
3fc3dd00
3fc3dd00
3fba5900
3fb98e00
3fb98e00
3fb00a00
3faf3f00
3faf3f00
3fa5bb00
3fa5c000
3fa5c000
3f9f6000
3f9ed800
3f9ed800
3f987800
3f97f000
3f97f000
3f919000
3f910800
3f910800
3f8aa800
3f89ec00
3f89ec00
3f856000
3f84ff00
3f84ff00
3f807300
3f801200
3f801200
3f770c00
3f764a00
3f764a00
3f6d3200
3f6d4000
3f6d4000
3f666800
3f65d600
3f65d600
3f5efe00
3f5e6c00
3f5e6c00
3f579400
3f570200
3f570200
3f502a00
3fd3b900
3fd3b900
3fcb0000
3fc96a00
3fc96a00
3fc0b100
3fbf1b00
3fbf1b00
3fb66200
3fb4cc00
3fb4cc00
3fac1300
3faa8800
3faa8800
3fa4b000
3fa3a000
3fa3a000
3f9dc800
3f9cb800
3f9cb800
3f96e000
3f95d000
3f95d000
3f8ff800
3f8e1700
3f8e1700
3f89ec00
3f892a00
3f892a00
3f84ff00
3f843d00
3f843d00
3f801200
3f7ea000
3f7ea000
3f764a00
3f74aa00
3f74aa00
3f6dd200
3f6d4000
3f6d4000
3f666800
3f65d600
3f65d600
3f5efe00
3f5e6c00
3f5e6c00
3f579400
3fd54f00
3fd54f00
3fcbcb00
3fcb0000
3fcb0000
3fc17c00
3fc0b100
3fc0b100
3fb72d00
3fb66200
3fb66200
3facde00
3fab9800
3fab9800
3fa53800
3fa4b000
3fa4b000
3f9e5000
3f9dc800
3f9dc800
3f976800
3f96e000
3f96e000
3f908000
3f8ed900
3f8ed900
3f8a4d00
3f89ec00
3f89ec00
3f856000
3f84ff00
3f84ff00
3f807300
3f801200
3f801200
3f770c00
3f75ce00
3f75ce00
3f6ef600
3f6e6400
3f6e6400
3f678c00
3f66fa00
3f66fa00
3f602200
3f5f9000
3f5f9000
3f58b800
3fd54f00
3fd54f00
3fcbcb00
3fcb0000
3fcb0000
3fc17c00
3fc0b100
3fc0b100
3fb72d00
3fb66200
3fb66200
3facde00
3fab9800
3fab9800
3fa53800
3fa4b000
3fa4b000
3f9e5000
3f9dc800
3f9dc800
3f976800
3f96e000
3f96e000
3f908000
3f8ed900
3f8ed900
3f8a4d00
3f89ec00
3f89ec00
3f856000
3f84ff00
3f84ff00
3f807300
3f801200
3f801200
3f770c00
3f75ce00
3f75ce00
3f6ef600
3f6e6400
3f6e6400
3f678c00
3f66fa00
3f66fa00
3f602200
3f5f9000
3f5f9000
3f58b800
3fdadc00
3fdadc00
3fd22300
3fd08d00
3fd08d00
3fc7d400
3fc63e00
3fc63e00
3fbd8500
3fbbef00
3fbbef00
3fb33600
3fb06000
3fb06000
3faa8800
3fa97800
3fa97800
3fa3a000
3fa29000
3fa29000
3f9cb800
3f9ba800
3f9ba800
3f95d000
3f930400
3f930400
3f8ed900
3f8e1700
3f8e1700
3f89ec00
3f892a00
3f892a00
3f84ff00
3f843d00
3f843d00
3f801200
3f7d3800
3f7d3800
3f766000
3f75ce00
3f75ce00
3f6ef600
3f6e6400
3f6e6400
3f678c00
3f66fa00
3f66fa00
3f602200
3fdf9e00
3fdf9e00
3fd48400
3fd3b900
3fd3b900
3fc89f00
3fc7d400
3fc7d400
3fbcba00
3fbbef00
3fbbef00
3fb0d500
3fb39000
3fb39000
3fac2000
3fab9800
3fab9800
3fa42800
3fa3a000
3fa3a000
3f9c3000
3f9ba800
3f9ba800
3f943800
3f954a00
3f954a00
3f8ffc00
3f8f9b00
3f8f9b00
3f8a4d00
3f89ec00
3f89ec00
3f849e00
3f843d00
3f843d00
3f7dde00
3f805200
3f805200
3f78a800
3f781600
3f781600
3f701a00
3f6f8800
3f6f8800
3f678c00
3f66fa00
3f66fa00
3f5efe00
3fdf9e00
3fdf9e00
3fd48400
3fd3b900
3fd3b900
3fc89f00
3fc7d400
3fc7d400
3fbcba00
3fbbef00
3fbbef00
3fb0d500
3fb39000
3fb39000
3fac2000
3fab9800
3fab9800
3fa42800
3fa3a000
3fa3a000
3f9c3000
3f9ba800
3f9ba800
3f943800
3f954a00
3f954a00
3f8ffc00
3f8f9b00
3f8f9b00
3f8a4d00
3f89ec00
3f89ec00
3f849e00
3f843d00
3f843d00
3f7dde00
3f805200
3f805200
3f78a800
3f781600
3f781600
3f701a00
3f6f8800
3f6f8800
3f678c00
3f66fa00
3f66fa00
3f5efe00
3fe52b00
3fe52b00
3fdadc00
3fd94600
3fd94600
3fcef700
3fcd6100
3fcd6100
3fc31200
3fc17c00
3fc17c00
3fb72d00
3fb85800
3fb85800
3fb17000
3fb06000
3fb06000
3fa97800
3fa86800
3fa86800
3fa18000
3fa07000
3fa07000
3f998800
3f997500
3f997500
3f948800
3f93c600
3f93c600
3f8ed900
3f8e1700
3f8e1700
3f892a00
3f886800
3f886800
3f837b00
3f840700
3f840700
3f805200
3f7f8000
3f7f8000
3f781600
3f76f200
3f76f200
3f6f8800
3f6e6400
3f6e6400
3f66fa00
3fe6c100
3fe6c100
3fdba700
3fdadc00
3fdadc00
3fcfc200
3fcef700
3fcef700
3fc3dd00
3fc31200
3fc31200
3fb7f800
3fb96800
3fb96800
3fb1f800
3fb17000
3fb17000
3faa0000
3fa97800
3fa97800
3fa20800
3fa18000
3fa18000
3f9a1000
3f9a3700
3f9a3700
3f94e900
3f948800
3f948800
3f8f3a00
3f8ed900
3f8ed900
3f898b00
3f892a00
3f892a00
3f83dc00
3f849900
3f849900
3f809b00
3f805200
3f805200
3f78a800
3f781600
3f781600
3f701a00
3f6f8800
3f6f8800
3f678c00
3fe6c100
3fe6c100
3fdba700
3fdadc00
3fdadc00
3fcfc200
3fcef700
3fcef700
3fc3dd00
3fc31200
3fc31200
3fb7f800
3fb96800
3fb96800
3fb1f800
3fb17000
3fb17000
3faa0000
3fa97800
3fa97800
3fa20800
3fa18000
3fa18000
3f9a1000
3f9a3700
3f9a3700
3f94e900
3f948800
3f948800
3f8f3a00
3f8ed900
3f8ed900
3f898b00
3f892a00
3f892a00
3f83dc00
3f849900
3f849900
3f809b00
3f805200
3f805200
3f78a800
3f781600
3f781600
3f701a00
3f6f8800
3f6f8800
3f678c00
3fec4e00
3fec4e00
3fe1ff00
3fe06900
3fe06900
3fd61a00
3fd48400
3fd48400
3fca3500
3fc89f00
3fc89f00
3fbe5000
3fbe3000
3fbe3000
3fb74800
3fb63800
3fb63800
3faf5000
3fae4000
3fae4000
3fa75800
3fa64800
3fa64800
3f9f6000
3f9e6200
3f9e6200
3f997500
3f98b300
3f98b300
3f93c600
3f930400
3f930400
3f8e1700
3f8d5500
3f8d5500
3f886800
3f884e00
3f884e00
3f849900
3f840700
3f840700
3f805200
3f7f8000
3f7f8000
3f781600
3f76f200
3f76f200
3f6f8800
3fede400
3fede400
3fe2ca00
3fe1ff00
3fe1ff00
3fd6e500
3fd61a00
3fd61a00
3fcb0000
3fca3500
3fca3500
3fbf1b00
3fbf4000
3fbf4000
3fb7d000
3fb74800
3fb74800
3fafd800
3faf5000
3faf5000
3fa7e000
3fa75800
3fa75800
3f9fe800
3f9f2400
3f9f2400
3f99d600
3f997500
3f997500
3f942700
3f93c600
3f93c600
3f8e7800
3f8e1700
3f8e1700
3f88c900
3f88e000
3f88e000
3f84e200
3f849900
3f849900
3f809b00
3f805200
3f805200
3f78a800
3f781600
3f781600
3f701a00
3fede400
3fede400
3fe2ca00
3fe1ff00
3fe1ff00
3fd6e500
3fd61a00
3fd61a00
3fcb0000
3fca3500
3fca3500
3fbf1b00
3fbf4000
3fbf4000
3fb7d000
3fb74800
3fb74800
3fafd800
3faf5000
3faf5000
3fa7e000
3fa75800
3fa75800
3f9fe800
3f9f2400
3f9f2400
3f99d600
3f997500
3f997500
3f942700
3f93c600
3f93c600
3f8e7800
3f8e1700
3f8e1700
3f88c900
3f88e000
3f88e000
3f84e200
3f849900
3f849900
3f809b00
3f805200
3f805200
3f78a800
3f781600
3f781600
3f701a00
3ff37100
3ff37100
3fe92200
3fe78c00
3fe78c00
3fdd3d00
3fdba700
3fdba700
3fd15800
3fcfc200
3fcfc200
3fc57300
3fc40800
3fc40800
3fbd2000
3fbc1000
3fbc1000
3fb52800
3fb41800
3fb41800
3fad3000
3fac2000
3fac2000
3fa53800
3fa34f00
3fa34f00
3f9e6200
3f9da000
3f9da000
3f98b300
3f97f100
3f97f100
3f930400
3f924200
3f924200
3f8d5500
3f8c9500
3f8c9500
3f88e000
3f884e00
3f884e00
3f849900
3f840700
3f840700
3f805200
3f7f8000
3f7f8000
3f781600
3ff50700
3ff50700
3fe9ed00
3fe92200
3fe92200
3fde0800
3fdd3d00
3fdd3d00
3fd22300
3fd15800
3fd15800
3fc63e00
3fc51800
3fc51800
3fbda800
3fbd2000
3fbd2000
3fb5b000
3fb52800
3fb52800
3fadb800
3fad3000
3fad3000
3fa5c000
3fa41100
3fa41100
3f9ec300
3f9e6200
3f9e6200
3f991400
3f98b300
3f98b300
3f936500
3f930400
3f930400
3f8db600
3f8d2700
3f8d2700
3f892900
3f88e000
3f88e000
3f84e200
3f849900
3f849900
3f809b00
3f805200
3f805200
3f78a800
3ff50700
3ff50700
3fe9ed00
3fe92200
3fe92200
3fde0800
3fdd3d00
3fdd3d00
3fd22300
3fd15800
3fd15800
3fc63e00
3fc51800
3fc51800
3fbda800
3fbd2000
3fbd2000
3fb5b000
3fb52800
3fb52800
3fadb800
3fad3000
3fad3000
3fa5c000
3fa41100
3fa41100
3f9ec300
3f9e6200
3f9e6200
3f991400
3f98b300
3f98b300
3f936500
3f930400
3f930400
3f8db600
3f8d2700
3f8d2700
3f892900
3f88e000
3f88e000
3f84e200
3f849900
3f849900
3f809b00
3f805200
3f805200
3f78a800
3ffa9400
3ffa9400
3ff04500
3feeaf00
3feeaf00
3fe46000
3fe2ca00
3fe2ca00
3fd87b00
3fd6e500
3fd6e500
3fcc9600
3fc9e000
3fc9e000
3fc2f800
3fc1e800
3fc1e800
3fbb0000
3fb9f000
3fb9f000
3fb30800
3fb1f800
3fb1f800
3fab1000
3fa83c00
3fa83c00
3fa34f00
3fa28d00
3fa28d00
3f9da000
3f9cde00
3f9cde00
3f97f100
3f972f00
3f972f00
3f924200
3f90dc00
3f90dc00
3f8d2700
3f8c9500
3f8c9500
3f88e000
3f884e00
3f884e00
3f849900
3f840700
3f840700
3f805200
3f807600
3f807600
3f807600
3f807600
3f807600
3f807600
3f807600
3f807600
3f807600
3f807600
3f807600
3f807600
3f807600
3f807600
3f807600
3f807600
3f807600
3f807600
3f807600
3f807600
3f807600
3f807600
3f807600
3f807600
3f807600
3f807600
3f807600
3f807600
3f807600
3f807600
3f807600
3f807600
3f807600
3f807600
3f807600
3f807600
3f807600
3f807600
3f807600
3f807600
3f807600
3f807600
3f807600
3f807600
3f807600
3f807600
3f807600
3f807600
3f807600
3f807600
3f807600
3f807600
3f807600
3f807600
3f807600
3f807600
3f807600
3f807600
3f807600
3f807600
3f807600
3f807600
3f807600
3f807600
3f807600
3f807600
3f807600
3f807600
3f807600
3f807600
3f807600
3f807600
3f807600
3f807600
3f807600
3f807600
3f807600
3f807600
3f807600
3f807600
3f807600
3f807600
3f807600
3f807600
3f807600
3f807600
3f807600
3f807600
3f807600
3f807600
3f807600
3f807600
3f807600
3f807600
3f807600
3f807600
3f807600
3f807600
3f807600
3f807600
3f807600
3f807600
3f807600
3f807600
3f807600
3f807600
3f807600
3f807600
3f807600
3f807600
3f807600
3f807600
3f807600
3f807600
3f807600
3f807600
3f807600
3f807600
3f807600
3f807600
3f807600
3f807600
3f807600
3f807600
3f807600
3f807600
3f807600
3f807600
3f807600
3f807600
3f807600
3f807600
3f807600
3f807600
3f807600
3f807600
3f807600
3f807600
3f807600
3f807600
3f807600
3f807600
3f807600
3f807600
3f807600
3f807600
3f807600
3f807600
3f807600
3f807600
3f807600
3f807600
3f807600
3f807600
3f807600
3f807600
3f807600
3f807600
3f807600
3f807600
3f807600
3f807600
3f807600
3f807600
3f807600
3f807600
3f807600
3f807600
3f807600
3f807600
3f807600
3f807600
3f807600
3f807600
3f807600
3f807600
3f807600
3f807600
3f807600
3f807600
3f807600
3f807600
3f807600
3f807600
3f807600
3f807600
3f807600
3f807600
3f807600
3f807600
3f807600
3f807600
3f807600
3f807600
3f807600
3f807600
3f807600
3f807600
3f807600
3f807600
3f807600
3f807600
3f807600
3f807600
3f807600
3f807600
3f807600
3f807600
3f807600
3f807600
3f807600
3f807600
3f807600
3f807600
3f807600
3f807600
3f807600
3f807600
3f807600
3f807600
3f807600
3f807600
3f807600
3f807600
3f807600
3f807600
3f807600
3f807600
3f807600
3f807600
3f807600
3f807600
3f807600
3f807600
3f807600
3f807600
3f807600
3f807600
3f807600
3f807600
3f807600
3f807600
3f807600
3f807600
3f807600
3f807600
3f807600
3f807600
3f807600
3f807600
3f807600
3f807600
3f807600
3f807600
3f807600
3f807600
3f807600
3f807600
3f807600
3f807600
3f807600
3f807600
3f807600
3f807600
3f807600
3f807600
3f807600
3f807600
3f807600
3f807600
3f807600
3f807600
3f807600
3f807600
3f807600
3f807600
3f807600
3f807600
3f807600
3f807600
3f807600
3f807600
3f807600
3f807600
3f807600
3f807600
3f807600
3f807600
3f807600
3f807600
3f807600
3f807600
3f807600
3f807600
3f807600
3f807600
3f807600
3f807600
3f807600
3f807600
3f807600
3f807600
3f807600
3f807600
3f807600
3f807600
3f807600
3f807600
3f807600
3f807600
3f807600
3f807600
3f807600
3f807600
3f807600
3f807600
3f807600
3f807600
3f807600
3f807600
3f807600
3f807600
3f807600
3f807600
3f807600
3f807600
3f807600
3f807600
3f807600
3f807600
3f807600
3f807600
3f807600
3f807600
3f807600
3f807600
3f807600
3f807600
3f807600
3f807600
3f807600
3f807600
3f807600
3f807600
3f807600
3f807600
3f807600
3f807600
3f807600
3f807600
3f807600
3f807600
3f807600
3f807600
3f807600
3f807600
3f807600
3f807600
3f807600
3f807600
3f807600
3f807600
3f807600
3f807600
3f807600
3f807600
3f807600
3f807600
3f807600
3f807600
3f807600
3f807600
3f807600
3f807600
3f807600
3f807600
3f807600
3f807600
3f807600
3f807600
3f807600
3f807600
3f807600
3f807600
3f807600
3f807600
3f807600
3f807600
3f807600
3f807600
3f807600
3f807600
3f807600
3f807600
3f807600
3f807600
3f807600
3f807600
3f807600
3f807600
3f807600
3f807600
3f807600
3f807600
3f807600
3f807600
3f807600
3f807600
3f807600
3f807600
3f807600
3f807600
3f807600
3f807600
3f807600
3f807600
3f807600
3f807600
3f807600
3f807600
3f807600
3f807600
3f807600
3f807600
3f807600
3f807600
3f807600
3f807600
3f807600
3f807600
3f807600
3f807600
3f807600
3f807600
3f807600
3f807600
3f807600
3f807600
3f807600
3f807600
3f807600
3f807600
3f807600
3f807600
3f807600
3f807600
3f807600
3f807600
3f807600
3f807600
3f807600
3f807600
3f807600
3f807600
3f807600
3f807600
3f807600
3f807600
3f807600
3f807600
3f807600
3f807600
3f807600
3f807600
3f807600
3f807600
3f807600
3f807600
3f807600
3f807600
3f807600
3f807600
3f807600
3f807600
3f807600
3f807600
3f807600
3f807600
3f807600
3f807600
3f807600
3f807600
3f807600
3f807600
3f807600
3f807600
3f807600
3f807600
3f807600
3f807600
3f807600
3f807600
3f807600
3f807600
3f807600
3f807600
3f807600
3f807600
3f807600
3f807600
3f807600
3f807600
3f807600
3f807600
3f807600
3f807600
3f807600
3f807600
3f807600
3f807600
3f807600
3f807600
3f807600
3f807600
3f807600
3f807600
3f807600
3f807600
3f807600
3f807600
3f807600
3f807600
3f807600
3f807600
3f807600
3f807600
3f807600
3f807600
3f807600
3f807600
3f807600
3f807600
3f807600
3f807600
3f807600
3f807600
3f807600
3f807600
3f807600
3f807600
3f807600
3f807600
3f807600
3f807600
3f807600
3f807600
3f807600
3f807600
3f807600
3f807600
3f807600
3f807600
3f807600
3f807600
3f807600
3f807600
3f807600
3f807600
3f807600
3f807600
3f807600
3f807600
3f807600
3f807600
3f807600
3f807600
3f807600
3f807600
3f807600
3f807600
3f807600
3f807600
3f807600
3f807600
3f807600
3f807600
3f807600
3f807600
3f807600
3f807600
3f807600
3f807600
3f807600
3f807600
3f807600
3f807600
3f807600
3f807600
3f807600
3f807600
3f807600
3f807600
3f807600
3f807600
3f807600
3f807600
3f807600
3f807600
3f807600
3f807600
3f807600
3f807600
3f807600
3f807600
3f807600
3f807600
3f807600
3f807600
3f807600
3f807600
3f807600
3f807600
3f807600
3f807600
3f807600
3f807600
3f807600
3f807600
3f807600
3f807600
3f807600
3f807600
3f807600
3f807600
3f807600
3f807600
3f807600
3f807600
3f807600
3f807600
3f807600
3f807600
3f807600
3f807600
3f807600
3f807600
3f807600
3f807600
3f807600
3f807600
3f807600
3f807600
3f807600
3f807600
3f807600
3f807600
3f807600
3f807600
3f807600
3f807600
3f807600
3f807600
3f807600
3f807600
3f807600
3f807600
3f807600
3f807600
3f807600
3f807600
3f807600
3f807600
3f807600
3f807600
3f807600
3f807600
3f807600
3f807600
3f807600
3f807600
3f807600
3f807600
3f807600
3f807600
3f807600
3f807600
3f807600
3f807600
3f807600
3f807600
3f807600
3f807600
3f807600
3f807600
3f807600
3f807600
3f807600
3f807600
3f807600
3f807600
3f807600
3f807600
3f807600
3f807600
3f807600
3f807600
3f807600
3f807600
3f807600
3f807600
3f807600
3f807600
3f807600
3f807600
3f807600
3f807600
3f807600
3f807600
3f807600
3f807600
3f807600
3f807600
3f807600
3f807600
3f807600
3f807600
3f807600
3f807600
3f807600
3f807600
3f807600
3f807600
3f807600
3f807600
3f807600
3f807600
3f807600
3f807600
3f807600
3f807600
3f807600
3f807600
3f807600
3f807600
3f807600
3f807600
3f807600
3f807600
3f807600
3f807600
3f807600
3f807600
3f807600
3f807600
3f807600
3f807600
3f807600
3f807600
3f807600
3f807600
3f807600
3f807600
3f807600
3f807600
3f807600
3f807600
3f807600
3f807600
3f807600
3f807600
3f807600
3f807600
3f807600
3f807600
3f807600
3f807600
3f807600
3f807600
3f807600
3f807600
3f807600
3f807600
3f807600
3f807600
3f807600
3f807600
3f807600
3f807600
3f807600
3f807600
3f807600
3f807600
3f807600
3f807600
3f807600
3f807600
3f807600
3f807600
3f807600
3f807600
3f807600
3f807600
3f807600
3f807600
3f807600
3f807600
3f807600
3f807600
3f807600
3f807600
3f807600
3f807600
3f807600
3f807600
3f807600
3f807600
3f807600
3f807600
3f807600
3f807600
3f807600
3f807600
3f807600
3f807600
3f807600
3f807600
3f807600
3f807600
3f807600
3f807600
3f807600
3f807600
3f807600
3f807600
3f807600
3f807600
3f807600
3f807600
3f807600
3f807600
3f807600
3f807600
3f807600
3f807600
3f807600
3f807600
3f807600
3f807600
3f807600
3f807600
3f807600
3f807600
3f807600
3f807600
3f807600
3f807600
3f807600
3f807600
3f807600
3f807600
3f807600
3f807600
3f807600
3f807600
3f807600
3f807600
3f807600
3f807600
3f807600
3f807600
3f807600
3f807600
3f807600
3f807600
3f807600
3f807600
3f807600
3f807600
3f807600
3f807600
3f807600
3f807600
3f807600
3f807600
3f807600
3f807600
3f807600
3f807600
3f807600
3f807600
3f807600
3f807600
3f807600
3f807600
3f807600
3f807600
3f807600
3f807600
3f807600
3f807600
3f807600
3f807600
3f807600
3f807600
3f807600
3f807600
3f807600
3f807600
3f807600
3f807600
3f807600
3f807600
3f807600
3f807600
3f807600
3f807600
3f807600
3f807600
3f807600
3f807600
3f807600
3f807600
3f807600
3f807600
3f807600
3f807600
3f807600
3f807600
3f807600
3f807600
3f807600
3f807600
3f807600
3f807600
3f807600
3f807600
3f807600
3f807600
3f807600
3f807600
3f807600
3f807600
3f807600
3f807600
3f807600
3f807600
3f807600
3f807600
3f807600
3f807600
3f807600
3f807600
3f807600
3f807600
3f807600
3f807600
3f807600
3f807600
3f807600
3f807600
3f807600
3f807600
3f807600
3f807600
3f807600
3f807600
3f807600
3f807600
3f807600
3f807600
3f807600
3f807600
3f807600
3f807600
3f807600
3f807600
3f807600
3f807600
3f807600
3f807600
3f807600
3f807600
3f807600
3f807600
3f807600
3f807600
3f807600
3f807600
3f807600
3f807600
3f807600
3f807600
3f807600
3f807600
3f807600
3f807600
3f807600
3f807600
3f807600
3f807600
3f807600
3f807600
3f807600
3f807600
3f807600
3f807600
3f807600
3f807600
3f807600
3f807600
3f807600
3f807600
3f807600
3f807600
3f807600
3f807600
3f807600
3f807600
3f807600
3f807600
3f807600
3f807600
3f807600
3f807600
3f807600
3f807600
3f807600
3f807600
3f807600
3f807600
3f807600
3f807600
3f807600
3f807600
3f807600
3f807600
3f807600
3f807600
3f807600
3f807600
3f807600
3f807600
3f807600
3f807600
3f807600
3f807600
3f807600
3f807600
3f807600
3f807600
3f807600
3f807600
3f807600
3f807600
3f807600
3f807600
3f807600
3f807600
3f807600
3f807600
3f807600
3f807600
3f807600
3f807600
3f807600
3f807600
3f807600
3f807600
3f807600
3f807600
3f807600
3f807600
3f807600
3f807600
3f807600
3f807600
3f807600
3f807600
3f807600
3f807600
3f807600
3f807600
3f807600
3f807600
3f807600
3f807600
3f807600
3f807600
3f807600
3f807600
3f807600
3f807600
3f807600
3f807600
3f807600
3f807600
3f807600
3f807600
3f807600
3f807600
3f807600
3f807600
3f807600
3f807600
3f807600
3f807600
3f807600
3f807600
3f807600
3f807600
3f807600
3f807600
3f807600
3f807600
3f807600
3f807600
3f807600
3f807600
3f807600
3f807600
3f807600
3f807600
3f807600
3f807600
3f807600
3f807600
3f807600
3f807600
3f807600
3f807600
3f807600
3f807600
3f807600
3f807600
3f807600
3f807600
3f807600
3f807600
3f807600
3f807600
3f807600
3f807600
3f807600
3f807600
3f807600
3f807600
3f807600
3f807600
3f807600
3f807600
3f807600
3f807600
3f807600
3f807600
3f807600
3f807600
3f807600
3f807600
3f807600
3f807600
3f807600
3f807600
3f807600
3f807600
3f807600
3f807600
3f807600
3f807600
3f807600
3f807600
3f807600
3f807600
3f807600
3f807600
3f807600
3f807600
3f807600
3f807600
3f807600
3f807600
3f807600
3f807600
3f807600
3f807600
3f807600
3f807600
3f807600
3f807600
3f807600
3f807600
3f807600
3f807600
3f807600
3f807600
3f807600
3f807600
3f807600
3f807600
3f807600
3f807600
3f807600
3f807600
3f807600
3f807600
3f807600
3f807600
3f807600
3f807600
3f807600
3f807600
3f807600
3f807600
3f807600
3f807600
3f807600
3f807600
3f807600
3f807600
3f807600
3f807600
3f807600
3f807600
3f807600
3f807600
3f807600
3f807600
3f807600
3f807600
3f807600
3f807600
3f807600
3f807600
3f807600
3f807600
3f807600
3f807600
3f807600
3f807600
3f807600
3f807600
3f807600
3f807600
3f807600
3f807600
3f807600
3f807600
3f807600
3f807600
3f807600
3f807600
3f807600
3f807600
3f807600
3f807600
3f807600
3f807600
3f807600
3f807600
3f807600
3f807600
3f807600
3f807600
3f807600
3f807600
3f807600
3f807600
3f807600
3f807600
3f807600
3f807600
3f807600
3f807600
3f807600
3f807600
3f807600
3f807600
3f807600
3f807600
3f807600
3f807600
3f807600
3f807600
3f807600
3f807600
3f807600
3f807600
3f807600
3f807600
3f807600
3f807600
3f807600
3f807600
3f807600
3f807600
3f807600
3f807600
3f807600
3f807600
3f807600
3f807600
3f807600
3f807600
3f807600
3f807600
3f807600
3f807600
3f807600
3f807600
3f807600
3f807600
3f807600
3f807600
3f807600
3f807600
3f807600
3f807600
3f807600
3f807600
3f807600
3f807600
3f807600
3f807600
3f807600
3f807600
3f807600
3f807600
3f807600
3f807600
3f807600
3f807600
3f807600
3f807600
3f807600
3f807600
3f807600
3f807600
3f807600
3f807600
3f807600
3f807600
3f807600
3f807600
3f807600
3f807600
3f807600
3f807600
3f807600
3f807600
3f807600
3f807600
3f807600
3f807600
3f807600
3f807600
3f807600
3f807600
3f807600
3f807600
3f807600
3f807600
3f807600
3f807600
3f807600
3f807600
3f807600
3f807600
3f807600
3f807600
3f807600
3f807600
3f807600
3f807600
3f807600
3f807600
3f807600
3f807600
3f807600
3f807600
3f807600
3f807600
3f807600
3f807600
3f807600
3f807600
3f807600
3f807600
3f807600
3f807600
3f807600
3f807600
3f807600
3f807600
3f807600
3f807600
3f807600
3f807600
3f807600
3f807600
3f807600
3f807600
3f807600
3f807600
3f807600
3f807600
3f807600
3f807600
3f807600
3f807600
3f807600
3f807600
3f807600
3f807600
3f807600
3f807600
3f807600
3f807600
3f807600
3f807600
3f807600
3f807600
3f807600
3f807600
3f807600
3f807600
3f807600
3f807600
3f807600
3f807600
3f807600
3f807600
3f807600
3f807600
3f807600
3f807600
3f807600
3f807600
3f807600
3f807600
3f807600
3f807600
3f807600
3f807600
3f807600
3f807600
3f807600
3f807600
3f807600
3f807600
3f807600
3f807600
3f807600
3f807600
3f807600
3f807600
3f807600
3f807600
3f807600
3f807600
3f807600
3f807600
3f807600
3f807600
3f807600
3f807600
3f807600
3f807600
3f807600
3f807600
3f807600
3f807600
3f807600
3f807600
3f807600
3f807600
3f807600
3f807600
3f807600
3f807600
3f807600
3f807600
3f807600
3f807600
3f807600
3f807600
3f807600
3f807600
3f807600
3f807600
3f807600
3f807600
3f807600
3f807600
3f807600
3f807600
3f807600
3f807600
3f807600
3f807600
3f807600
3f807600
3f807600
3f807600
3f807600
3f807600
3f807600
3f807600
3f807600
3f807600
3f807600
3f807600
3f807600
3f807600
3f807600
3f807600
3f807600
3f807600
3f807600
3f807600
3f807600
3f807600
3f807600
3f807600
3f807600
3f807600
3f807600
3f807600
3f807600
3f807600
3f807600
3f807600
3f807600
3f807600
3f807600
3f807600
3f807600
3f807600
3f807600
3f807600
3f807600
3f807600
3f807600
3f807600
3f807600
3f807600
3f807600
3f807600
3f807600
3f807600
3f807600
3f807600
3f807600
3f807600
3f807600
3f807600
3f807600
3f807600
3f807600
3f807600
3f807600
3f807600
3f807600
3f807600
3f807600
3f807600
3f807600
3f807600
3f807600
3f807600
3f807600
3f807600
3f807600
3f807600
3f807600
3f807600
3f807600
3f807600
3f807600
3f807600
3f807600
3f807600
3f807600
3f807600
3f807600
3f807600
3f807600
3f807600
3f807600
3f807600
3f807600
3f807600
3f807600
3f807600
3f807600
3f807600
3f807600
3f807600
3f807600
3f807600
3f807600
3f807600
3f807600
3f807600
3f807600
3f807600
3f807600
3f807600
3f807600
3f807600
3f807600
3f807600
3f807600
3f807600
3f807600
3f807600
3f807600
3f807600
3f807600
3f807600
3f807600
3f807600
3f807600
3f807600
3f807600
3f807600
3f807600
3f807600
3f807600
3f807600
3f807600
3f807600
3f807600
3f807600
3f807600
3f807600
3f807600
3f807600
3f807600
3f807600
3f807600
3f807600
3f807600
3f807600
3f807600
3f807600
3f807600
3f807600
3f807600
3f807600
3f807600
3f807600
3f807600
3f807600
3f807600
3f807600
3f807600
3f807600
3f807600
3f807600
3f807600
3f807600
3f807600
3f807600
3f807600
3f807600
3f807600
3f807600
3f807600
3f807600
3f807600
3f807600
3f807600
3f807600
3f807600
3f807600
3f807600
3f807600
3f807600
3f807600
3f807600
3f807600
3f807600
3f807600
3f807600
3f807600
3f807600
3f807600
3f807600
3f807600
3f807600
3f807600
3f807600
3f807600
3f807600
3f807600
3f807600
3f807600
3f807600
3f807600
3f807600
3f807600
3f807600
3f807600
3f807600
3f807600
3f807600
3f807600
3f807600
3f807600
3f807600
3f807600
3f807600
3f807600
3f807600
3f807600
3f807600
3f807600
3f807600
3f807600
3f807600
3f807600
3f807600
3f807600
3f807600
3f807600
3f807600
3f807600
3f807600
3f807600
3f807600
3f807600
3f807600
3f807600
3f807600
3f807600
3f807600
3f807600
3f807600
3f807600
3f807600
3f807600
3f807600
3f807600
3f807600
3f807600
3f807600
3f807600
3f807600
3f807600
3f807600
3f807600
3f807600
3f807600
3f807600
3f807600
3f807600
3f807600
3f807600
3f807600
3f807600
3f807600
3f807600
3f807600
3f807600
3f807600
3f807600
3f807600
3f807600
3f807600
3f807600
3f807600
3f807600
3f807600
3f807600
3f807600
3f807600
3f807600
3f807600
3f807600
3f807600
3f807600
3f807600
3f807600
3f807600
3f807600
3f807600
3f807600
3f807600
3f807600
3f807600
3f807600
3f807600
3f807600
3f807600
3f807600
3f807600
3f807600
3f807600
3f807600
3f807600
3f807600
3f807600
3f807600
3f807600
3f807600
3f807600
3f807600
3f807600
3f807600
3f807600
3f807600
3f807600
3f807600
3f807600
3f807600
3f807600
3f807600
3f807600
3f807600
3f807600
3f807600
3f807600
3f807600
3f807600
3f807600
3f807600
3f807600
3f807600
3f807600
3f807600
3f807600
3f807600
3f807600
3f807600
3f807600
3f807600
3f807600
3f807600
3f807600
3f807600
3f807600
3f807600
3f807600
3f807600
3f807600
3f807600
3f807600
3f807600
3f807600
3f807600
3f807600
3f807600
3f807600
3f807600
3f807600
3f807600
3f807600
3f807600
3f807600
3f807600
3f807600
3f807600
3f807600
3f807600
3f807600
3f807600
3f807600
3f807600
3f807600
3f807600
3f807600
3f807600
3f807600
3f807600
3f807600
3f807600
3f807600
3f807600
3f807600
3f807600
3f807600
3f807600
3f807600
3f807600
3f807600
3f807600
3f807600
3f807600
3f807600
3f807600
3f807600
3f807600
3f807600
3f807600
3f807600
3f807600
3f807600
3f807600
3f807600
3f807600
3f807600
3f807600
3f807600
3f807600
3f807600
3f807600
3f807600
3f807600
3f807600
3f807600
3f807600
3f807600
3f807600
3f807600
3f807600
3f807600
3f807600
3f807600
3f807600
3f807600
3f807600
3f807600
3f807600
3f807600
3f807600
3f807600
3f807600
3f807600
3f807600
3f807600
3f807600
3f807600
3f807600
3f807600
3f807600
3f807600
3f807600
3f807600
3f807600
3f807600
3f807600
3f807600
3f807600
3f807600
3f807600
3f807600
3f807600
3f807600
3f807600
3f807600
3f807600
3f807600
3f807600
3f807600
3f807600
3f807600
3f807600
3f807600
3f807600
3f807600
3f807600
3f807600
3f807600
3f807600
3f807600
3f807600
3f807600
3f807600
3f807600
3f807600
3f807600
3f807600
3f807600
3f807600
3f807600
3f807600
3f807600
3f807600
3f807600
3f807600
3f807600
3f807600
3f807600
3f807600
3f807600
3f807600
3f807600
3f807600
3f807600
3f807600
3f807600
3f807600
3f807600
3f807600
3f807600
3f807600
3f807600
3f807600
3f807600
3f807600
3f807600
3f807600
3f807600
3f807600
3f807600
3f807600
3f807600
3f807600
3f807600
3f807600
3f807600
3f807600
3f807600
3f807600
3f807600
3f807600
3f807600
3f807600
3f807600
3f807600
3f807600
3f807600
3f807600
3f807600
3f807600
3f807600
3f807600
3f807600
3f807600
3f807600
3f807600
3f807600
3f807600
3f807600
3f807600
3f807600
3f807600
3f807600
3f807600
3f807600
3f807600
3f807600
3f807600
3f807600
3f807600
3f807600
3f807600
3f807600
3f807600
3f807600
3f807600
3f807600
3f807600
3f807600
3f807600
3f807600
3f807600
3f807600
3f807600
3f807600
3f807600
3f807600
3f807600
3f807600
3f807600
3f807600
3f807600
3f807600
3f807600
3f807600
3f807600
3f807600
3f807600
3f807600
3f807600
3f807600
3f807600
3f807600
3f807600
3f807600
3f807600
3f807600
3f807600
3f807600
3f807600
3f807600
3f807600
3f807600
3f807600
3f807600
3f807600
3f807600
3f807600
3f807600
3f807600
3f807600
3f807600
3f807600
3f807600
3f807600
3f807600
3f807600
3f807600
3f807600
3f807600
3f807600
3f807600
3f807600
3f807600
3f807600
3f807600
3f807600
3f807600
3f807600
3f807600
3f809000
3f809000
3f809000
3f809000
3f809000
3f809000
3f809000
3f809000
3f809000
3f809000
3f809000
3f809000
3f809000
3f809000
3f809000
3f809000
3f809000
3f809000
3f809000
3f809000
3f809000
3f809000
3f809000
3f809000
3f809000
3f809000
3f809000
3f809000
3f809000
3f809000
3f809000
3f809000
3f809000
3f809000
3f809000
3f809000
3f809000
3f809000
3f809000
3f809000
3f809000
3f809000
3f809000
3f809000
3f809000
3f809000
3f809000
3f809000
3f809000
3f809000
3f809000
3f809000
3f809000
3f809000
3f809000
3f809000
3f809000
3f809000
3f809000
3f809000
3f809000
3f809000
3f809000
3f809000
3f809000
3f809000
3f809000
3f809000
3f809000
3f809000
3f809000
3f809000
3f809000
3f809000
3f809000
3f809000
3f809000
3f809000
3f809000
3f809000
3f809000
3f809000
3f809000
3f809000
3f809000
3f809000
3f809000
3f809000
3f809000
3f809000
3f809000
3f809000
3f809000
3f809000
3f809000
3f809000
3f809000
3f809000
3f809000
3f809000
3f809000
3f809000
3f809000
3f809000
3f809000
3f809000
3f809000
3f809000
3f809000
3f809000
3f809000
3f809000
3f809000
3f809000
3f809000
3f809000
3f809000
3f809000
3f809000
3f809000
3f809000
3f809000
3f809000
3f809000
3f809000
3f809000
3f809000
3f809000
3f809000
3f809000
3f809000
3f809000
3f809000
3f809000
3f809000
3f809000
3f809000
3f809000
3f809000
3f809000
3f809000
3f809000
3f809000
3f809000
3f809000
3f809000
3f809000
3f809000
3f809000
3f809000
3f809000
3f809000
3f809000
3f809000
3f809000
3f809000
3f809000
3f809000
3f809000
3f809000
3f809000
3f809000
3f809000
3f809000
3f809000
3f809000
3f809000
3f809000
3f809000
3f809000
3f809000
3f809000
3f809000
3f809000
3f809000
3f809000
3f809000
3f809000
3f809000
3f809000
3f809000
3f809000
3f809000
3f809000
3f809000
3f809000
3f809000
3f809000
3f809000
3f809000
3f809000
3f809000
3f809000
3f809000
3f809000
3f809000
3f809000
3f809000
3f809000
3f809000
3f809000
3f809000
3f809000
3f809000
3f809000
3f809000
3f809000
3f809000
3f809000
3f809000
3f809000
3f809000
3f809000
3f809000
3f809000
3f809000
3f809000
3f809000
3f809000
3f809000
3f809000
3f809000
3f809000
3f809000
3f809000
3f809000
3f809000
3f809000
3f809000
3f809000
3f809000
3f809000
3f809000
3f809000
3f809000
3f809000
3f809000
3f809000
3f809000
3f809000
3f809000
3f809000
3f809000
3f809000
3f809000
3f809000
3f809000
3f809000
3f809000
3f809000
3f809000
3f809000
3f809000
3f809000
3f809000
3f809000
3f809000
3f809000
3f809000
3f809000
3f809000
3f809000
3f809000
3f809000
3f809000
3f809000
3f809000
3f809000
3f809000
3f809000
3f809000
3f809000
3f809000
3f809000
3f809000
3f809000
3f809000
3f809000
3f809000
3f809000
3f809000
3f809000
3f809000
3f809000
3f809000
3f809000
3f809000
3f809000
3f809000
3f809000
3f809000
3f809000
3f809000
3f809000
3f809000
3f809000
3f809000
3f809000
3f809000
3f809000
3f809000
3f809000
3f809000
3f809000
3f809000
3f809000
3f809000
3f809000
3f809000
3f809000
3f809000
3f809000
3f809000
3f809000
3f809000
3f809000
3f809000
3f809000
3f809000
3f809000
3f809000
3f809000
3f809000
3f809000
3f809000
3f809000
3f809000
3f809000
3f809000
3f809000
3f809000
3f809000
3f809000
3f809000
3f809000
3f809000
3f809000
3f809000
3f809000
3f809000
3f809000
3f809000
3f809000
3f809000
3f809000
3f809000
3f809000
3f809000
3f809000
3f809000
3f809000
3f809000
3f809000
3f809000
3f809000
3f809000
3f809000
3f809000
3f809000
3f809000
3f809000
3f809000
3f809000
3f809000
3f809000
3f809000
3f809000
3f809000
3f809000
3f809000
3f809000
3f809000
3f809000
3f809000
3f809000
3f809000
3f809000
3f809000
3f809000
3f809000
3f809000
3f809000
3f809000
3f809000
3f809000
3f809000
3f809000
3f809000
3f809000
3f809000
3f809000
3f809000
3f809000
3f809000
3f809000
3f809000
3f809000
3f809000
3f809000
3f809000
3f809000
3f809000
3f809000
3f809000
3f809000
3f809000
3f809000
3f809000
3f809000
3f809000
3f809000
3f809000
3f809000
3f809000
3f809000
3f809000
3f809000
3f809000
3f809000
3f809000
3f809000
3f809000
3f809000
3f809000
3f809000
3f809000
3f809000
3f809000
3f809000
3f809000
3f809000
3f809000
3f809000
3f809000
3f809000
3f809000
3f809000
3f809000
3f809000
3f809000
3f809000
3f809000
3f809000
3f809000
3f809000
3f809000
3f809000
3f809000
3f809000
3f809000
3f809000
3f809000
3f809000
3f809000
3f809000
3f809000
3f809000
3f809000
3f809000
3f809000
3f809000
3f809000
3f809000
3f809000
3f809000
3f809000
3f809000
3f809000
3f809000
3f809000
3f809000
3f809000
3f809000
3f809000
3f809000
3f809000
3f809000
3f809000
3f809000
3f809000
3f809000
3f809000
3f809000
3f809000
3f809000
3f809000
3f809000
3f809000
3f809000
3f809000
3f809000
3f809000
3f809000
3f809000
3f809000
3f809000
3f809000
3f809000
3f809000
3f809000
3f809000
3f809000
3f809000
3f809000
3f809000
3f809000
3f809000
3f809000
3f809000
3f809000
3f809000
3f809000
3f809000
3f809000
3f809000
3f809000
3f809000
3f809000
3f809000
3f809000
3f809000
3f809000
3f809000
3f809000
3f809000
3f809000
3f809000
3f809000
3f809000
3f809000
3f809000
3f809000
3f809000
3f809000
3f809000
3f809000
3f809000
3f809000
3f809000
3f809000
3f809000
3f809000
3f809000
3f809000
3f809000
3f809000
3f809000
3f809000
3f809000
3f809000
3f809000
3f809000
3f809000
3f809000
3f809000
3f809000
3f809000
3f809000
3f809000
3f809000
3f809000
3f809000
3f809000
3f809000
3f809000
3f809000
3f809000
3f809000
3f809000
3f809000
3f809000
3f809000
3f809000
3f809000
3f809000
3f809000
3f809000
3f809000
3f809000
3f809000
3f809000
3f809000
3f809000
3f809000
3f809000
3f809000
3f809000
3f809000
3f809000
3f809000
3f809000
3f809000
3f809000
3f809000
3f809000
3f809000
3f809000
3f809000
3f809000
3f809000
3f809000
3f809000
3f809000
3f809000
3f809000
3f809000
3f809000
3f809000
3f809000
3f809000
3f809000
3f809000
3f809000
3f809000
3f809000
3f809000
3f809000
3f809000
3f809000
3f809000
3f809000
3f809000
3f809000
3f809000
3f809000
3f809000
3f809000
3f809000
3f809000
3f809000
3f809000
3f809000
3f809000
3f809000
3f809000
3f809000
3f809000
3f809000
3f809000
3f809000
3f809000
3f809000
3f809000
3f809000
3f809000
3f809000
3f809000
3f809000
3f809000
3f809000
3f809000
3f809000
3f809000
3f809000
3f809000
3f809000
3f809000
3f809000
3f809000
3f809000
3f809000
3f809000
3f809000
3f809000
3f809000
3f809000
3f809000
3f809000
3f809000
3f809000
3f809000
3f809000
3f809000
3f809000
3f809000
3f809000
3f809000
3f809000
3f809000
3f809000
3f809000
3f809000
3f809000
3f809000
3f809000
3f809000
3f809000
3f809000
3f809000
3f809000
3f809000
3f809000
3f809000
3f809000
3f809000
3f809000
3f809000
3f809000
3f809000
3f809000
3f809000
3f809000
3f809000
3f809000
3f809000
3f809000
3f809000
3f809000
3f809000
3f809000
3f809000
3f809000
3f809000
3f809000
3f809000
3f809000
3f809000
3f809000
3f809000
3f809000
3f809000
3f809000
3f809000
3f809000
3f809000
3f809000
3f809000
3f809000
3f809000
3f809000
3f809000
3f809000
3f809000
3f809000
3f809000
3f809000
3f809000
3f809000
3f809000
3f809000
3f809000
3f809000
3f809000
3f809000
3f809000
3f809000
3f809000
3f809000
3f809000
3f809000
3f809000
3f809000
3f809000
3f809000
3f809000
3f809000
3f809000
3f809000
3f809000
3f809000
3f809000
3f809000
3f809000
3f809000
3f809000
3f809000
3f809000
3f809000
3f809000
3f809000
3f809000
3f809000
3f809000
3f809000
3f809000
3f809000
3f809000
3f809000
3f809000
3f809000
3f809000
3f809000
3f809000
3f809000
3f809000
3f809000
3f809000
3f809000
3f809000
3f809000
3f809000
3f809000
3f809000
3f809000
3f809000
3f809000
3f809000
3f809000
3f809000
3f809000
3f809000
3f809000
3f809000
3f809000
3f809000
3f809000
3f809000
3f809000
3f809000
3f809000
3f809000
3f809000
3f809000
3f809000
3f809000
3f809000
3f809000
3f809000
3f809000
3f809000
3f809000
3f809000
3f809000
3f809000
3f809000
3f809000
3f809000
3f809000
3f809000
3f809000
3f809000
3f809000
3f809000
3f809000
3f809000
3f809000
3f809000
3f809000
3f809000
3f809000
3f809000
3f809000
3f809000
3f809000
3f809000
3f809000
3f809000
3f809000
3f809000
3f809000
3f809000
3f809000
3f809000
3f809000
3f809000
3f809000
3f809000
3f809000
3f809000
3f809000
3f809000
3f809000
3f809000
3f809000
3f809000
3f809000
3f809000
3f809000
3f809000
3f809000
3f809000
3f809000
3f809000
3f809000
3f809000
3f809000
3f809000
3f809000
3f809000
3f809000
3f809000
3f809000
3f809000
3f809000
3f809000
3f809000
3f809000
3f809000
3f809000
3f809000
3f809000
3f809000
3f809000
3f809000
3f809000
3f809000
3f809000
3f809000
3f809000
3f809000
3f809000
3f809000
3f809000
3f809000
3f809000
3f809000
3f809000
3f809000
3f809000
3f809000
3f809000
3f809000
3f809000
3f809000
3f809000
3f809000
3f809000
3f809000
3f809000
3f809000
3f809000
3f809000
3f809000
3f809000
3f809000
3f809000
3f809000
3f809000
3f809000
3f809000
3f809000
3f809000
3f809000
3f809000
3f809000
3f809000
3f809000
3f809000
3f809000
3f809000
3f809000
3f809000
3f809000
3f809000
3f809000
3f809000
3f809000
3f809000
3f809000
3f809000
3f809000
3f809000
3f809000
3f809000
3f809000
3f809000
3f809000
3f809000
3f809000
3f809000
3f809000
3f809000
3f809000
3f809000
3f809000
3f809000
3f809000
3f809000
3f809000
3f809000
3f809000
3f809000
3f809000
3f809000
3f809000
3f809000
3f809000
3f809000
3f809000
3f809000
3f809000
3f809000
3f809000
3f809000
3f809000
3f809000
3f809000
3f809000
3f809000
3f809000
3f809000
3f809000
3f809000
3f809000
3f809000
3f809000
3f809000
3f809000
3f809000
3f809000
3f809000
3f809000
3f809000
3f809000
3f809000
3f809000
3f809000
3f809000
3f809000
3f809000
3f809000
3f809000
3f809000
3f809000
3f809000
3f809000
3f809000
3f809000
3f809000
3f809000
3f809000
3f809000
3f809000
3f809000
3f809000
3f809000
3f809000
3f809000
3f809000
3f809000
3f809000
3f809000
3f809000
3f809000
3f809000
3f809000
3f809000
3f809000
3f809000
3f809000
3f809000
3f809000
3f809000
3f809000
3f809000
3f809000
3f809000
3f809000
3f809000
3f809000
3f809000
3f809000
3f809000
3f809000
3f809000
3f809000
3f809000
3f809000
3f809000
3f809000
3f809000
3f809000
3f809000
3f809000
3f809000
3f809000
3f809000
3f809000
3f809000
3f809000
3f809000
3f809000
3f809000
3f809000
3f809000
3f809000
3f809000
3f809000
3f809000
3f809000
3f809000
3f809000
3f809000
3f809000
3f809000
3f809000
3f809000
3f809000
3f809000
3f809000
3f809000
3f809000
3f809000
3f809000
3f809000
3f809000
3f809000
3f809000
3f809000
3f809000
3f809000
3f809000
3f809000
3f809000
3f809000
3f809000
3f809000
3f809000
3f809000
3f809000
3f809000
3f809000
3f809000
3f809000
3f809000
3f809000
3f809000
3f809000
3f809000
3f809000
3f809000
3f809000
3f809000
3f809000
3f809000
3f809000
3f809000
3f809000
3f809000
3f809000
3f809000
3f809000
3f809000
3f809000
3f809000
3f809000
3f809000
3f809000
3f809000
3f809000
3f809000
3f809000
3f809000
3f809000
3f809000
3f809000
3f809000
3f809000
3f809000
3f809000
3f809000
3f809000
3f809000
3f809000
3f809000
3f809000
3f809000
3f809000
3f809000
3f809000
3f809000
3f809000
3f809000
3f809000
3f809000
3f809000
3f809000
3f809000
3f809000
3f809000
3f809000
3f809000
3f809000
3f809000
3f809000
3f809000
3f809000
3f809000
3f809000
3f809000
3f809000
3f809000
3f809000
3f809000
3f809000
3f809000
3f809000
3f809000
3f809000
3f809000
3f809000
3f809000
3f809000
3f809000
3f809000
3f809000
3f809000
3f809000
3f809000
3f809000
3f809000
3f809000
3f809000
3f809000
3f809000
3f809000
3f809000
3f809000
3f809000
3f809000
3f809000
3f809000
3f809000
3f809000
3f809000
3f809000
3f809000
3f809000
3f809000
3f809000
3f809000
3f809000
3f809000
3f809000
3f809000
3f809000
3f809000
3f809000
3f809000
3f809000
3f809000
3f809000
3f809000
3f809000
3f809000
3f809000
3f809000
3f809000
3f809000
3f809000
3f809000
3f809000
3f809000
3f809000
3f809000
3f809000
3f809000
3f809000
3f809000
3f809000
3f809000
3f809000
3f809000
3f809000
3f809000
3f809000
3f809000
3f809000
3f809000
3f809000
3f809000
3f809000
3f809000
3f809000
3f809000
3f809000
3f809000
3f809000
3f809000
3f809000
3f809000
3f809000
3f809000
3f809000
3f809000
3f809000
3f809000
3f809000
3f809000
3f809000
3f809000
3f809000
3f809000
3f809000
3f809000
3f809000
3f809000
3f809000
3f809000
3f809000
3f809000
3f809000
3f809000
3f809000
3f809000
3f809000
3f809000
3f809000
3f809000
3f809000
3f809000
3f809000
3f809000
3f809000
3f809000
3f809000
3f809000
3f809000
3f809000
3f809000
3f809000
3f809000
3f809000
3f809000
3f809000
3f809000
3f809000
3f809000
3f809000
3f809000
3f809000
3f809000
3f809000
3f809000
3f809000
3f809000
3f809000
3f809000
3f809000
3f809000
3f809000
3f809000
3f809000
3f809000
3f809000
3f809000
3f809000
3f809000
3f809000
3f809000
3f809000
3f809000
3f809000
3f809000
3f809000
3f809000
3f809000
3f809000
3f809000
3f809000
3f809000
3f809000
3f809000
3f809000
3f809000
3f809000
3f809000
3f809000
3f809000
3f809000
3f809000
3f809000
3f809000
3f809000
3f809000
3f809000
3f809000
3f809000
3f809000
3f809000
3f809000
3f809000
3f809000
3f809000
3f809000
3f809000
3f809000
3f809000
3f809000
3f809000
3f809000
3f809000
3f809000
3f809000
3f809000
3f809000
3f809000
3f809000
3f809000
3f809000
3f809000
3f809000
3f809000
3f809000
3f809000
3f809000
3f809000
3f809000
3f809000
3f809000
3f809000
3f809000
3f809000
3f809000
3f809000
3f809000
3f809000
3f809000
3f809000
3f809000
3f809000
3f809000
3f809000
3f809000
3f809000
3f809000
3f809000
3f809000
3f809000
3f809000
3f809000
3f809000
3f809000
3f809000
3f809000
3f809000
3f809000
3f809000
3f809000
3f809000
3f809000
3f809000
3f809000
3f809000
3f809000
3f809000
3f809000
3f809000
3f809000
3f809000
3f809000
3f809000
3f809000
3f809000
3f809000
3f809000
3f809000
3f809000
3f809000
3f809000
3f809000
3f809000
3f809000
3f809000
3f809000
3f809000
3f809000
3f809000
3f809000
3f809000
3f809000
3f809000
3f809000
3f809000
3f809000
3f809000
3f809000
3f809000
3f809000
3f809000
3f809000
3f809000
3f809000
3f809000
3f809000
3f809000
3f809000
3f809000
3f809000
3f809000
3f809000
3f809000
3f809000
3f809000
3f809000
3f809000
3f809000
3f809000
3f809000
3f809000
3f809000
3f809000
3f809000
3f809000
3f809000
3f809000
3f809000
3f809000
3f809000
3f809000
3f809000
3f809000
3f809000
3f809000
3f809000
3f809000
3f809000
3f809000
3f809000
3f809000
3f809000
3f809000
3f809000
3f809000
3f809000
3f809000
3f809000
3f809000
3f809000
3f809000
3f809000
3f809000
3f809000
3f809000
3f809000
3f809000
3f809000
3f809000
3f809000
3f809000
3f809000
3f809000
3f809000
3f809000
3f809000
3f809000
3f809000
3f809000
3f809000
3f809000
3f809000
3f809000
3f809000
3f809000
3f809000
3f809000
3f809000
3f809000
3f809000
3f809000
3f809000
3f809000
3f809000
3f809000
3f809000
3f809000
3f809000
3f809000
3f809000
3f809000
3f809000
3f809000
3f809000
3f809000
3f809000
3f809000
3f809000
3f809000
3f809000
3f809000
3f809000
3f809000
3f809000
3f809000
3f809000
3f809000
3f809000
3f809000
3f809000
3f809000
3f809000
3f809000
3f809000
3f809000
3f809000
3f809000
3f809000
3f809000
3f809000
3f809000
3f809000
3f809000
3f809000
3f809000
3f809000
3f809000
3f809000
3f809000
3f809000
3f809000
3f809000
3f809000
3f809000
3f809000
3f809000
3f809000
3f809000
3f809000
3f809000
3f809000
3f809000
3f809000
3f809000
3f809000
3f809000
3f809000
3f809000
3f809000
3f809000
3f809000
3f809000
3f809000
3f809000
3f809000
3f809000
3f809000
3f809000
3f809000
3f809000
3f809000
3f809000
3f809000
3f809000
3f809000
3f809000
3f809000
3f809000
3f809000
3f809000
3f809000
3f809000
3f809000
3f809000
3f809000
3f809000
3f809000
3f809000
3f809000
3f809000
3f809000
3f809000
3f809000
3f809000
3f809000
3f809000
3f809000
3f809000
3f809000
3f809000
3f809000
3f809000
3f809000
3f809000
3f809000
3f809000
3f809000
3f809000
3f809000
3f809000
3f809000
3f809000
3f809000
3f809000
3f809000
3f809000
3f809000
3f809000
3f809000
3f809000
3f809000
3f809000
3f809000
3f809000
3f809000
3f809000
3f809000
3f809000
3f809000
3f809000
3f809000
3f809000
3f809000
3f809000
3f809000
3f809000
3f809000
3f809000
3f809000
3f809000
3f809000
3f809000
3f809000
3f809000
3f809000
3f809000
3f809000
3f809000
3f809000
3f809000
3f809000
3f809000
3f809000
3f809000
3f809000
3f809000
3f809000
3f809000
3f809000
3f809000
3f809000
3f809000
3f809000
3f809000
3f809000
3f809000
3f809000
3f809000
3f809000
3f809000
3f809000
3f809000
3f809000
3f809000
3f809000
3f809000
3f809000
3f809000
3f809000
3f809000
3f809000
3f809000
3f809000
3f809000
3f809000
3f809000
3f809000
3f809000
3f809000
3f809000
3f809000
3f809000
3f809000
3f809000
3f809000
3f809000
3f809000
3f809000
3f809000
3f809000
3f809000
3f809000
3f809000
3f809000
3f809000
3f809000
3f809000
3f809000
3f809000
3f809000
3f809000
3f809000
3f809000
3f809000
3f809000
3f809000
3f809000
3f809000
3f809000
3f809000
3f809000
3f809000
3f809000
3f809000
3f809000
3f809000
3f809000
3f809000
3f809000
3f809000
3f809000
3f809000
3f809000
3f809000
3f809000
3f809000
3f809000
3f809000
3f809000
3f809000
3f809000
3f809000
3f809000
3f809000
3f809000
3f809000
3f809000
3f809000
3f809000
3f809000
3f809000
3f809000
3f809000
3f809000
3f809000
3f809000
3f809000
3f809000
3f809000
3f809000
3f809000
3f809000
3f809000
3f809000
3f809000
3f809000
3f809000
3f809000
3f809000
3f809000
3f809000
3f809000
3f809000
3f809000
3f809000
3f809000
3f809000
3f809000
3f809000
3f809000
3f809000
3f809000
3f809000
3f809000
3f809000
3f809000
3f809000
3f809000
3f809000
3f809000
3f809000
3f809000
3f809000
3f809000
3f809000
3f809000
3f809000
3f809000
3f809000
3f809000
3f809000
3f809000
3f809000
3f809000
3f809000
3f809000
3f809000
3f809000
3f809000
3f809000
3f809000
3f809000
3f809000
3f809000
3f809000
3f809000
3f809000
3f809000
3f809000
3f809000
3f809000
3f809000
3f809000
3f809000
3f809000
3f809000
3f809000
3f809000
3f809000
3f809000
3f809000
3f809000
3f809000
3f809000
3f809000
3f809000
3f809000
3f809000
3f809000
3f809000
3f809000
3f809000
3f809000
3f809000
3f809000
3f809000
3f809000
3f809000
3f809000
3f809000
3f809000
3f809000
3f809000
3f809000
3f809000
3f809000
3f809000
3f809000
3f809000
3f809000
3f809000
3f809000
3f809000
3f809000
3f809000
3f809000
3f809000
3f809000
3f809000
3f809000
3f809000
3f809000
3f809000
3f809000
3f809000
3f809000
3f809000
3f809000
3f809000
3f809000
3f809000
3f809000
3f809000
3f809000
3f809000
3f809000
3f809000
3f809000
3f809000
3f809000
3f809000
3f809000
3f809000
3f809000
3f809000
3f809000
3f809000
3f809000
3f809000
3f809000
3f809000
3f809000
3f809000
3f809000
3f809000
3f809000
3f809000
3f809000
3f809000
3f809000
3f809000
3f809000
3f809000
3f809000
3f809000
3f809000
3f809000
3f809000
3f809000
3f809000
3f809000
3f809000
3f809000
3f809000
3f809000
3f809000
3f809000
3f809000
3f809000
3f809000
3f809000
3f809000
3f809000
3f809000
3f809000
3f809000
3f809000
3f809000
3f809000
3f809000
3f809000
3f809000
3f809000
3f809000
3f809000
3f809000
3f809000
3f809000
3f809000
3f809000
3f809000
3f809000
3f809000
3f809000
3f809000
3f809000
3f809000
3f809000
3f809000
3f809000
3f809000
3f809000
3f809000
3f809000
3f809000
3f809000
3f809000
3f809000
3f809000
3f809000
3f809000
3f809000
3f809000
3f809000
3f809000
3f809000
3f809000
3f809000
3f809000
3f809000
3f809000
3f809000
3f809000
3f809000
3f809000
3f809000
3f809000
3f809000
3f809000
3f809000
3f809000
3f809000
3f809000
3f809000
3f809000
3f809000
3f809000
3f809000
3f809000
3f809000
3f809000
3f809000
3f809000
3f809000
3f809000
3f809000
3f809000
3f809000
3f809000
3f809000
3f809000
3f809000
3f809000
3f809000
3f809000
3f809000
3f809000
3f809000
3f809000
3f809000
3f809000
3f809000
3f809000
3f809000
3f809000
3f809000
3f809000
3f809000
3f809000
3f809000
3f809000
3f809000
3f809000
3f809000
3f809000
3f809000
3f809000
3f809000
3f809000
3f809000
3f809000
3f809000
3f809000
3f809000
3f801200
3f801200
3f801200
3f801200
3f801200
3f801200
3f801200
3f801200
3f801200
3f801200
3f801200
3f801200
3f801200
3f801200
3f801200
3f801200
3f801200
3f801200
3f801200
3f801200
3f801200
3f801200
3f801200
3f801200
3f801200
3f801200
3f801200
3f801200
3f801200
3f801200
3f801200
3f801200
3f801200
3f801200
3f801200
3f801200
3f801200
3f801200
3f801200
3f801200
3f801200
3f801200
3f801200
3f801200
3f801200
3f801200
3f801200
3f801200
3f801200
3f801200
3f801200
3f801200
3f801200
3f801200
3f801200
3f801200
3f801200
3f801200
3f801200
3f801200
3f801200
3f801200
3f801200
3f801200
3f801200
3f801200
3f801200
3f801200
3f801200
3f801200
3f801200
3f801200
3f801200
3f801200
3f801200
3f801200
3f801200
3f801200
3f801200
3f801200
3f801200
3f801200
3f801200
3f801200
3f801200
3f801200
3f801200
3f801200
3f801200
3f801200
3f801200
3f801200
3f801200
3f801200
3f801200
3f801200
3f801200
3f801200
3f801200
3f801200
3f801200
3f801200
3f801200
3f801200
3f801200
3f801200
3f801200
3f801200
3f801200
3f801200
3f801200
3f801200
3f801200
3f801200
3f801200
3f801200
3f801200
3f801200
3f801200
3f801200
3f801200
3f801200
3f801200
3f801200
3f801200
3f801200
3f801200
3f801200
3f801200
3f801200
3f801200
3f801200
3f801200
3f801200
3f801200
3f801200
3f801200
3f801200
3f801200
3f801200
3f801200
3f801200
3f801200
3f801200
3f801200
3f801200
3f801200
3f801200
3f801200
3f801200
3f801200
3f801200
3f801200
3f801200
3f801200
3f801200
3f801200
3f801200
3f801200
3f801200
3f801200
3f801200
3f801200
3f801200
3f801200
3f801200
3f801200
3f801200
3f801200
3f801200
3f801200
3f801200
3f801200
3f801200
3f801200
3f801200
3f801200
3f801200
3f801200
3f801200
3f801200
3f801200
3f801200
3f801200
3f801200
3f801200
3f801200
3f801200
3f801200
3f801200
3f801200
3f801200
3f801200
3f801200
3f801200
3f801200
3f801200
3f801200
3f801200
3f801200
3f801200
3f801200
3f801200
3f801200
3f801200
3f801200
3f801200
3f801200
3f801200
3f801200
3f801200
3f801200
3f801200
3f801200
3f801200
3f801200
3f801200
3f801200
3f801200
3f801200
3f801200
3f801200
3f801200
3f801200
3f801200
3f801200
3f801200
3f801200
3f801200
3f801200
3f801200
3f801200
3f801200
3f801200
3f801200
3f801200
3f801200
3f801200
3f801200
3f801200
3f801200
3f801200
3f801200
3f801200
3f801200
3f801200
3f801200
3f801200
3f801200
3f801200
3f801200
3f801200
3f801200
3f801200
3f801200
3f801200
3f801200
3f801200
3f801200
3f801200
3f801200
3f801200
3f801200
3f801200
3f801200
3f801200
3f801200
3f801200
3f801200
3f801200
3f801200
3f801200
3f801200
3f801200
3f801200
3f801200
3f801200
3f801200
3f801200
3f801200
3f801200
3f801200
3f801200
3f801200
3f801200
3f801200
3f801200
3f801200
3f801200
3f801200
3f801200
3f801200
3f801200
3f801200
3f801200
3f801200
3f801200
3f801200
3f801200
3f801200
3f801200
3f801200
3f801200
3f801200
3f801200
3f801200
3f801200
3f801200
3f801200
3f801200
3f801200
3f801200
3f801200
3f801200
3f801200
3f801200
3f801200
3f801200
3f801200
3f801200
3f801200
3f801200
3f801200
3f801200
3f801200
3f801200
3f801200
3f801200
3f801200
3f801200
3f801200
3f801200
3f801200
3f801200
3f801200
3f801200
3f801200
3f801200
3f801200
3f801200
3f801200
3f801200
3f801200
3f801200
3f801200
3f801200
3f801200
3f801200
3f801200
3f801200
3f801200
3f801200
3f801200
3f801200
3f801200
3f801200
3f801200
3f801200
3f801200
3f801200
3f801200
3f801200
3f801200
3f801200
3f801200
3f801200
3f801200
3f801200
3f801200
3f801200
3f801200
3f801200
3f801200
3f801200
3f801200
3f801200
3f801200
3f801200
3f801200
3f801200
3f801200
3f801200
3f801200
3f801200
3f801200
3f801200
3f801200
3f801200
3f801200
3f801200
3f801200
3f801200
3f801200
3f801200
3f801200
3f801200
3f801200
3f801200
3f801200
3f801200
3f801200
3f801200
3f801200
3f801200
3f801200
3f801200
3f801200
3f801200
3f801200
3f801200
3f801200
3f801200
3f801200
3f801200
3f801200
3f801200
3f801200
3f801200
3f801200
3f801200
3f801200
3f801200
3f801200
3f801200
3f801200
3f801200
3f801200
3f801200
3f801200
3f801200
3f801200
3f801200
3f801200
3f801200
3f801200
3f801200
3f801200
3f801200
3f801200
3f801200
3f801200
3f801200
3f801200
3f801200
3f801200
3f801200
3f801200
3f801200
3f801200
3f801200
3f801200
3f801200
3f801200
3f801200
3f801200
3f801200
3f801200
3f801200
3f801200
3f801200
3f801200
3f801200
3f801200
3f801200
3f801200
3f801200
3f801200
3f801200
3f801200
3f801200
3f801200
3f801200
3f801200
3f801200
3f801200
3f801200
3f801200
3f801200
3f801200
3f801200
3f801200
3f801200
3f801200
3f801200
3f801200
3f801200
3f801200
3f801200
3f801200
3f801200
3f801200
3f801200
3f801200
3f801200
3f801200
3f801200
3f801200
3f801200
3f801200
3f801200
3f801200
3f801200
3f801200
3f801200
3f801200
3f801200
3f801200
3f801200
3f801200
3f801200
3f801200
3f801200
3f801200
3f801200
3f801200
3f801200
3f801200
3f801200
3f801200
3f801200
3f801200
3f801200
3f801200
3f801200
3f801200
3f801200
3f801200
3f801200
3f801200
3f801200
3f801200
3f801200
3f801200
3f801200
3f801200
3f801200
3f801200
3f801200
3f801200
3f801200
3f801200
3f801200
3f801200
3f801200
3f801200
3f801200
3f801200
3f801200
3f801200
3f801200
3f801200
3f801200
3f801200
3f801200
3f801200
3f801200
3f801200
3f801200
3f801200
3f801200
3f801200
3f801200
3f801200
3f801200
3f801200
3f801200
3f801200
3f801200
3f801200
3f801200
3f801200
3f801200
3f801200
3f801200
3f801200
3f801200
3f801200
3f801200
3f801200
3f801200
3f801200
3f801200
3f801200
3f801200
3f801200
3f801200
3f801200
3f801200
3f801200
3f801200
3f801200
3f801200
3f801200
3f801200
3f801200
3f801200
3f801200
3f801200
3f801200
3f801200
3f801200
3f801200
3f801200
3f801200
3f801200
3f801200
3f801200
3f801200
3f801200
3f801200
3f801200
3f801200
3f801200
3f801200
3f801200
3f801200
3f801200
3f801200
3f801200
3f801200
3f801200
3f801200
3f801200
3f801200
3f801200
3f801200
3f801200
3f801200
3f801200
3f801200
3f801200
3f801200
3f801200
3f801200
3f801200
3f801200
3f801200
3f801200
3f801200
3f801200
3f801200
3f801200
3f801200
3f801200
3f801200
3f801200
3f801200
3f801200
3f801200
3f801200
3f801200
3f801200
3f801200
3f801200
3f801200
3f801200
3f801200
3f801200
3f801200
3f801200
3f801200
3f801200
3f801200
3f801200
3f801200
3f801200
3f801200
3f801200
3f801200
3f801200
3f801200
3f801200
3f801200
3f801200
3f801200
3f801200
3f801200
3f801200
3f801200
3f801200
3f801200
3f801200
3f801200
3f801200
3f801200
3f801200
3f801200
3f801200
3f801200
3f801200
3f801200
3f801200
3f801200
3f801200
3f801200
3f801200
3f801200
3f801200
3f801200
3f801200
3f801200
3f801200
3f801200
3f801200
3f801200
3f801200
3f801200
3f801200
3f801200
3f801200
3f801200
3f801200
3f801200
3f801200
3f801200
3f801200
3f801200
3f801200
3f801200
3f801200
3f801200
3f801200
3f801200
3f801200
3f801200
3f801200
3f801200
3f801200
3f801200
3f801200
3f801200
3f801200
3f801200
3f801200
3f801200
3f801200
3f801200
3f801200
3f801200
3f801200
3f801200
3f801200
3f801200
3f801200
3f801200
3f801200
3f801200
3f801200
3f801200
3f801200
3f801200
3f801200
3f801200
3f801200
3f801200
3f801200
3f801200
3f801200
3f801200
3f801200
3f801200
3f801200
3f801200
3f801200
3f801200
3f801200
3f801200
3f801200
3f801200
3f801200
3f801200
3f801200
3f801200
3f801200
3f801200
3f801200
3f801200
3f801200
3f801200
3f801200
3f801200
3f801200
3f801200
3f801200
3f801200
3f801200
3f801200
3f801200
3f801200
3f801200
3f801200
3f801200
3f801200
3f801200
3f801200
3f801200
3f801200
3f801200
3f801200
3f801200
3f801200
3f801200
3f801200
3f801200
3f801200
3f801200
3f801200
3f801200
3f801200
3f801200
3f801200
3f801200
3f801200
3f801200
3f801200
3f801200
3f801200
3f801200
3f801200
3f801200
3f801200
3f801200
3f801200
3f801200
3f801200
3f801200
3f801200
3f801200
3f801200
3f801200
3f801200
3f801200
3f801200
3f801200
3f801200
3f801200
3f801200
3f801200
3f801200
3f801200
3f801200
3f801200
3f801200
3f801200
3f801200
3f801200
3f801200
3f801200
3f801200
3f801200
3f801200
3f801200
3f801200
3f801200
3f801200
3f801200
3f801200
3f801200
3f801200
3f801200
3f801200
3f801200
3f801200
3f801200
3f801200
3f801200
3f801200
3f801200
3f801200
3f801200
3f801200
3f801200
3f801200
3f801200
3f801200
3f801200
3f801200
3f801200
3f801200
3f801200
3f801200
3f801200
3f801200
3f801200
3f801200
3f801200
3f801200
3f801200
3f801200
3f801200
3f801200
3f801200
3f801200
3f801200
3f801200
3f801200
3f801200
3f801200
3f801200
3f801200
3f801200
3f801200
3f801200
3f801200
3f801200
3f801200
3f801200
3f801200
3f801200
3f801200
3f801200
3f801200
3f801200
3f801200
3f801200
3f801200
3f801200
3f801200
3f801200
3f801200
3f801200
3f801200
3f801200
3f801200
3f801200
3f801200
3f801200
3f801200
3f801200
3f801200
3f801200
3f801200
3f801200
3f801200
3f801200
3f801200
3f801200
3f801200
3f801200
3f801200
3f801200
3f801200
3f801200
3f801200
3f801200
3f801200
3f801200
3f801200
3f801200
3f801200
3f801200
3f801200
3f801200
3f801200
3f801200
3f801200
3f801200
3f801200
3f801200
3f801200
3f801200
3f801200
3f801200
3f801200
3f801200
3f801200
3f801200
3f801200
3f801200
3f801200
3f801200
3f801200
3f801200
3f801200
3f801200
3f801200
3f801200
3f801200
3f801200
3f801200
3f801200
3f801200
3f801200
3f801200
3f801200
3f801200
3f801200
3f801200
3f801200
3f801200
3f801200
3f801200
3f801200
3f801200
3f801200
3f801200
3f801200
3f801200
3f801200
3f801200
3f801200
3f801200
3f801200
3f801200
3f801200
3f801200
3f801200
3f801200
3f801200
3f801200
3f801200
3f801200
3f801200
3f801200
3f801200
3f801200
3f801200
3f801200
3f801200
3f801200
3f801200
3f801200
3f801200
3f801200
3f801200
3f801200
3f801200
3f801200
3f801200
3f801200
3f801200
3f801200
3f801200
3f801200
3f801200
3f801200
3f801200
3f801200
3f801200
3f801200
3f801200
3f801200
3f801200
3f801200
3f801200
3f801200
3f801200
3f801200
3f801200
3f801200
3f801200
3f801200
3f801200
3f801200
3f801200
3f801200
3f801200
3f801200
3f801200
3f801200
3f801200
3f801200
3f801200
3f801200
3f801200
3f801200
3f801200
3f801200
3f801200
3f801200
3f801200
3f801200
3f801200
3f801200
3f801200
3f801200
3f801200
3f801200
3f801200
3f801200
3f801200
3f801200
3f801200
3f801200
3f801200
3f801200
3f801200
3f801200
3f801200
3f801200
3f801200
3f801200
3f801200
3f801200
3f801200
3f801200
3f801200
3f801200
3f801200
3f801200
3f801200
3f801200
3f801200
3f801200
3f801200
3f801200
3f801200
3f801200
3f801200
3f801200
3f801200
3f801200
3f801200
3f801200
3f801200
3f801200
3f801200
3f801200
3f801200
3f801200
3f801200
3f801200
3f801200
3f801200
3f801200
3f801200
3f801200
3f801200
3f801200
3f801200
3f801200
3f801200
3f801200
3f801200
3f801200
3f801200
3f801200
3f801200
3f801200
3f801200
3f801200
3f801200
3f801200
3f801200
3f801200
3f801200
3f801200
3f801200
3f801200
3f801200
3f801200
3f801200
3f801200
3f801200
3f801200
3f801200
3f801200
3f801200
3f801200
3f801200
3f801200
3f801200
3f801200
3f801200
3f801200
3f801200
3f801200
3f801200
3f801200
3f801200
3f801200
3f801200
3f801200
3f801200
3f801200
3f801200
3f801200
3f801200
3f801200
3f801200
3f801200
3f801200
3f801200
3f801200
3f801200
3f801200
3f801200
3f801200
3f801200
3f801200
3f801200
3f801200
3f801200
3f801200
3f801200
3f801200
3f801200
3f801200
3f801200
3f801200
3f801200
3f801200
3f801200
3f801200
3f801200
3f801200
3f801200
3f801200
3f801200
3f801200
3f801200
3f801200
3f801200
3f801200
3f801200
3f801200
3f801200
3f801200
3f801200
3f801200
3f801200
3f801200
3f801200
3f801200
3f801200
3f801200
3f801200
3f801200
3f801200
3f801200
3f801200
3f801200
3f801200
3f801200
3f801200
3f801200
3f801200
3f801200
3f801200
3f801200
3f801200
3f801200
3f801200
3f801200
3f801200
3f801200
3f801200
3f801200
3f801200
3f801200
3f801200
3f801200
3f801200
3f801200
3f801200
3f801200
3f801200
3f801200
3f801200
3f801200
3f801200
3f801200
3f801200
3f801200
3f801200
3f801200
3f801200
3f801200
3f801200
3f801200
3f801200
3f801200
3f801200
3f801200
3f801200
3f801200
3f801200
3f801200
3f801200
3f801200
3f801200
3f801200
3f801200
3f801200
3f801200
3f801200
3f801200
3f801200
3f801200
3f801200
3f801200
3f801200
3f801200
3f801200
3f801200
3f801200
3f801200
3f801200
3f801200
3f801200
3f801200
3f801200
3f801200
3f801200
3f801200
3f801200
3f801200
3f801200
3f801200
3f801200
3f801200
3f801200
3f801200
3f801200
3f801200
3f801200
3f801200
3f801200
3f801200
3f801200
3f801200
3f801200
3f801200
3f801200
3f801200
3f801200
3f801200
3f801200
3f801200
3f801200
3f801200
3f801200
3f801200
3f801200
3f801200
3f801200
3f801200
3f801200
3f801200
3f801200
3f801200
3f801200
3f801200
3f801200
3f801200
3f801200
3f801200
3f801200
3f801200
3f801200
3f801200
3f801200
3f801200
3f801200
3f801200
3f801200
3f801200
3f801200
3f801200
3f801200
3f801200
3f801200
3f801200
3f801200
3f801200
3f801200
3f801200
3f801200
3f801200
3f801200
3f801200
3f801200
3f801200
3f801200
3f801200
3f801200
3f801200
3f801200
3f801200
3f801200
3f801200
3f801200
3f801200
3f801200
3f801200
3f801200
3f801200
3f801200
3f801200
3f801200
3f801200
3f801200
3f801200
3f801200
3f801200
3f801200
3f801200
3f801200
3f801200
3f801200
3f801200
3f801200
3f801200
3f801200
3f801200
3f801200
3f801200
3f801200
3f801200
3f801200
3f801200
3f801200
3f801200
3f801200
3f801200
3f801200
3f801200
3f801200
3f801200
3f801200
3f801200
3f801200
3f801200
3f801200
3f801200
3f801200
3f801200
3f801200
3f801200
3f801200
3f801200
3f801200
3f801200
3f801200
3f801200
3f801200
3f801200
3f801200
3f801200
3f801200
3f801200
3f801200
3f801200
3f801200
3f801200
3f801200
3f801200
3f801200
3f801200
3f801200
3f801200
3f801200
3f801200
3f801200
3f801200
3f801200
3f801200
3f801200
3f801200
3f801200
3f801200
3f801200
3f801200
3f801200
3f801200
3f801200
3f801200
3f801200
3f801200
3f801200
3f801200
3f801200
3f801200
3f801200
3f801200
3f801200
3f801200
3f801200
3f801200
3f801200
3f801200
3f801200
3f801200
3f801200
3f801200
3f801200
3f801200
3f801200
3f801200
3f801200
3f801200
3f801200
3f801200
3f801200
3f801200
3f801200
3f801200
3f801200
3f801200
3f801200
3f801200
3f801200
3f801200
3f801200
3f801200
3f801200
3f801200
3f801200
3f801200
3f801200
3f801200
3f801200
3f801200
3f801200
3f801200
3f801200
3f801200
3f801200
3f801200
3f801200
3f801200
3f801200
3f801200
3f801200
3f801200
3f801200
3f801200
3f801200
3f801200
3f801200
3f801200
3f801200
3f801200
3f801200
3f801200
3f801200
3f801200
3f801200
3f801200
3f801200
3f801200
3f801200
3f801200
3f801200
3f801200
3f801200
3f801200
3f801200
3f801200
3f801200
3f801200
3f801200
3f801200
3f801200
3f801200
3f801200
3f801200
3f801200
3f801200
3f801200
3f801200
3f801200
3f801200
3f801200
3f801200
3f801200
3f801200
3f801200
3f801200
3f801200
3f801200
3f801200
3f801200
3f801200
3f801200
3f801200
3f801200
3f801200
3f801200
3f801200
3f801200
3f801200
3f801200
3f801200
3f801200
3f801200
3f801200
3f801200
3f801200
3f801200
3f801200
3f801200
3f801200
3f801200
3f801200
3f801200
3f801200
3f801200
3f801200
3f801200
3f801200
3f801200
3f801200
3f801200
3f801200
3f801200
3f801200
3f801200
3f801200
3f801200
3f801200
3f801200
3f801200
3f801200
3f801200
3f801200
3f801200
3f801200
3f801200
3f801200
3f801200
3f801200
3f801200
3f801200
3f801200
3f801200
3f801200
3f801200
3f801200
3f801200
3f801200
3f801200
3f801200
3f801200
3f801200
3f801200
3f801200
3f801200
3f801200
3f801200
3f801200
3f801200
3f801200
3f801200
3f801200
3f801200
3f801200
3f801200
3f801200
3f801200
3f801200
3f801200
3f801200
3f801200
3f801200
3f801200
3f801200
3f801200
3f801200
3f801200
3f801200
3f801200
3f801200
3f801200
3f801200
3f801200
3f801200
3f801200
3f801200
3f801200
3f801200
3f801200
3f801200
3f801200
3f801200
3f801200
3f801200
3f801200
3f801200
3f801200
3f801200
3f801200
3f801200
3f801200
3f801200
3f801200
3f801200
3f801200
3f801200
3f801200
3f801200
3f801200
3f801200
3f801200
3f801200
3f801200
3f801200
3f801200
3f801200
3f801200
3f801200
3f801200
3f801200
3f801200
3f801200
3f801200
3f801200
3f801200
3f801200
3f801200
3f801200
3f801200
3f801200
3f801200
3f801200
3f801200
3f801200
3f801200
3f801200
3f801200
3f801200
3f801200
3f801200
3f801200
3f801200
3f801200
3f801200
3f801200
3f801200
3f801200
3f801200
3f801200
3f801200
3f801200
3f801200
3f801200
3f801200
3f801200
3f801200
3f801200
3f801200
3f801200
3f801200
3f801200
3f801200
3f801200
3f801200
3f801200
3f801200
3f801200
3f801200
3f801200
3f801200
3f801200
3f801200
3f801200
3f801200
3f801200
3f801200
3f801200
3f801200
3f801200
3f801200
3f801200
3f801200
3f801200
3f801200
3f801200
3f801200
3f801200
3f801200
3f801200
3f801200
3f801200
3f801200
3f801200
3f801200
3f801200
3f801200
3f801200
3f801200
3f801200
3f801200
3f801200
3f801200
3f801200
3f801200
3f801200
3f801200
3f801200
3f801200
3f801200
3f801200
3f801200
3f801200
3f801200
3f801200
3f801200
3f801200
3f801200
3f801200
3f801200
3f801200
3f801200
3f801200
3f801200
3f801200
3f801200
3f801200
3f801200
3f801200
3f801200
3f801200
3f801200
3f801200
3f801200
3f801200
3f801200
3f801200
3f801200
3f801200
3f801200
3f801200
3f801200
3f801200
3f801200
3f801200
3f801200
3f801200
3f801200
3f801200
3f801200
3f801200
3f801200
3f801200
3f801200
3f801200
3f801200
3f801200
3f801200
3f801200
3f801200
3f801200
3f801200
3f801200
3f801200
3f801200
3f801200
3f801200
3f801200
3f801200
3f801200
3f801200
3f801200
3f801200
3f801200
3f801200
3f801200
3f801200
3f801200
3f801200
3f801200
3f801200
3f801200
3f801200
3f801200
3f801200
3f801200
3f801200
3f801200
3f801200
3f801200
3f801200
3f801200
3f801200
3f801200
3f801200
3f801200
3f801200
3f801200
3f801200
3f801200
3f801200
3f801200
3f801200
3f801200
3f801200
3f801200
3f801200
3f801200
3f801200
3f801200
3f801200
3f801200
3f801200
3f801200
3f801200
3f801200
3f801200
3f801200
3f801200
3f801200
3f801200
3f801200
3f801200
3f801200
3f801200
3f801200
3f801200
3f801200
3f801200
3f801200
3f801200
3f801200
3f801200
3f801200
3f801200
3f801200
3f801200
3f801200
3f801200
3f801200
3f801200
3f801200
3f801200
3f801200
3f801200
3f801200
3f801200
3f801200
3f801200
3f801200
3f801200
3f801200
3f801200
3f801200
3f801200
3f801200
3f801200
3f801200
3f801200
3f801200
3f801200
3f801200
3f801200
3f801200
3f801200
3f801200
3f801200
3f801200
3f801200
3f801200
3f801200
3f801200
3f801200
3f801200
3f801200
3f801200
3f801200
3f801200
3f801200
3f801200
3f801200
3f801200
3f801200
3f801200
3f801200
3f801200
3f801200
3f801200
3f801200
3f801200
3f801200
3f801200
3f801200
3f801200
3f801200
3f801200
3f801200
3f801200
3f801200
3f801200
3f801200
3f801200
3f801200
3f801200
3f801200
3f801200
3f801200
3f801200
3f801200
3f801200
3f801200
3f801200
3f801200
3f801200
3f801200
3f801200
3f801200
3f801200
3f801200
3f801200
3f801200
3f801200
3f801200
3f801200
3f801200
3f801200
3f801200
3f801200
3f801200
3f801200
3f801200
3f801200
3f801200
3f801200
3f801200
3f801200
3f801200
3f801200
3f801200
3f801200
3f801200
3f801200
3f801200
3f801200
3f801200
3f801200
3f801200
3f801200
3f801200
3f801200
3f801200
3f801200
3f801200
3f801200
3f801200
3f801200
3f801200
3f801200
3f801200
3f801200
3f801200
3f801200
3f801200
3f801200
3f801200
3f801200
3f801200
3f801200
3f801200
3f801200
3f801200
3f801200
3f801200
3f801200
3f801200
3f801200
3f801200
3f801200
3f801200
3f801200
3f801200
3f801200
3f801200
3f801200
3f801200
3f801200
3f801200
3f801200
3f801200
3f801200
3f801200
3f801200
3f801200
3f801200
3f801200
3f801200
3f801200
3f801200
3f801200
3f801200
3f801200
3f801200
3f801200
3f801200
3f801200
3f801200
3f801200
3f801200
3f801200
3f801200
3f801200
3f801200
3f801200
3f801200
3f801200
3f801200
3f801200
3f801200
3f801200
3f801200
3f801200
3f801200
3f805200
3f805200
3f805200
3f805200
3f805200
3f805200
3f805200
3f805200
3f805200
3f805200
3f805200
3f805200
3f805200
3f805200
3f805200
3f805200
3f805200
3f805200
3f805200
3f805200
3f805200
3f805200
3f805200
3f805200
3f805200
3f805200
3f805200
3f805200
3f805200
3f805200
3f805200
3f805200
3f805200
3f805200
3f805200
3f805200
3f805200
3f805200
3f805200
3f805200
3f805200
3f805200
3f805200
3f805200
3f805200
3f805200
3f805200
3f805200
3f805200
3f805200
3f805200
3f805200
3f805200
3f805200
3f805200
3f805200
3f805200
3f805200
3f805200
3f805200
3f805200
3f805200
3f805200
3f805200
3f805200
3f805200
3f805200
3f805200
3f805200
3f805200
3f805200
3f805200
3f805200
3f805200
3f805200
3f805200
3f805200
3f805200
3f805200
3f805200
3f805200
3f805200
3f805200
3f805200
3f805200
3f805200
3f805200
3f805200
3f805200
3f805200
3f805200
3f805200
3f805200
3f805200
3f805200
3f805200
3f805200
3f805200
3f805200
3f805200
3f805200
3f805200
3f805200
3f805200
3f805200
3f805200
3f805200
3f805200
3f805200
3f805200
3f805200
3f805200
3f805200
3f805200
3f805200
3f805200
3f805200
3f805200
3f805200
3f805200
3f805200
3f805200
3f805200
3f805200
3f805200
3f805200
3f805200
3f805200
3f805200
3f805200
3f805200
3f805200
3f805200
3f805200
3f805200
3f805200
3f805200
3f805200
3f805200
3f805200
3f805200
3f805200
3f805200
3f805200
3f805200
3f805200
3f805200
3f805200
3f805200
3f805200
3f805200
3f805200
3f805200
3f805200
3f805200
3f805200
3f805200
3f805200
3f805200
3f805200
3f805200
3f805200
3f805200
3f805200
3f805200
3f805200
3f805200
3f805200
3f805200
3f805200
3f805200
3f805200
3f805200
3f805200
3f805200
3f805200
3f805200
3f805200
3f805200
3f805200
3f805200
3f805200
3f805200
3f805200
3f805200
3f805200
3f805200
3f805200
3f805200
3f805200
3f805200
3f805200
3f805200
3f805200
3f805200
3f805200
3f805200
3f805200
3f805200
3f805200
3f805200
3f805200
3f805200
3f805200
3f805200
3f805200
3f805200
3f805200
3f805200
3f805200
3f805200
3f805200
3f805200
3f805200
3f805200
3f805200
3f805200
3f805200
3f805200
3f805200
3f805200
3f805200
3f805200
3f805200
3f805200
3f805200
3f805200
3f805200
3f805200
3f805200
3f805200
3f805200
3f805200
3f805200
3f805200
3f805200
3f805200
3f805200
3f805200
3f805200
3f805200
3f805200
3f805200
3f805200
3f805200
3f805200
3f805200
3f805200
3f805200
3f805200
3f805200
3f805200
3f805200
3f805200
3f805200
3f805200
3f805200
3f805200
3f805200
3f805200
3f805200
3f805200
3f805200
3f805200
3f805200
3f805200
3f805200
3f805200
3f805200
3f805200
3f805200
3f805200
3f805200
3f805200
3f805200
3f805200
3f805200
3f805200
3f805200
3f805200
3f805200
3f805200
3f805200
3f805200
3f805200
3f805200
3f805200
3f805200
3f805200
3f805200
3f805200
3f805200
3f805200
3f805200
3f805200
3f805200
3f805200
3f805200
3f805200
3f805200
3f805200
3f805200
3f805200
3f805200
3f805200
3f805200
3f805200
3f805200
3f805200
3f805200
3f805200
3f805200
3f805200
3f805200
3f805200
3f805200
3f805200
3f805200
3f805200
3f805200
3f805200
3f805200
3f805200
3f805200
3f805200
3f805200
3f805200
3f805200
3f805200
3f805200
3f805200
3f805200
3f805200
3f805200
3f805200
3f805200
3f805200
3f805200
3f805200
3f805200
3f805200
3f805200
3f805200
3f805200
3f805200
3f805200
3f805200
3f805200
3f805200
3f805200
3f805200
3f805200
3f805200
3f805200
3f805200
3f805200
3f805200
3f805200
3f805200
3f805200
3f805200
3f805200
3f805200
3f805200
3f805200
3f805200
3f805200
3f805200
3f805200
3f805200
3f805200
3f805200
3f805200
3f805200
3f805200
3f805200
3f805200
3f805200
3f805200
3f805200
3f805200
3f805200
3f805200
3f805200
3f805200
3f805200
3f805200
3f805200
3f805200
3f805200
3f805200
3f805200
3f805200
3f805200
3f805200
3f805200
3f805200
3f805200
3f805200
3f805200
3f805200
3f805200
3f805200
3f805200
3f805200
3f805200
3f805200
3f805200
3f805200
3f805200
3f805200
3f805200
3f805200
3f805200
3f805200
3f805200
3f805200
3f805200
3f805200
3f805200
3f805200
3f805200
3f805200
3f805200
3f805200
3f805200
3f805200
3f805200
3f805200
3f805200
3f805200
3f805200
3f805200
3f805200
3f805200
3f805200
3f805200
3f805200
3f805200
3f805200
3f805200
3f805200
3f805200
3f805200
3f805200
3f805200
3f805200
3f805200
3f805200
3f805200
3f805200
3f805200
3f805200
3f805200
3f805200
3f805200
3f805200
3f805200
3f805200
3f805200
3f805200
3f805200
3f805200
3f805200
3f805200
3f805200
3f805200
3f805200
3f805200
3f805200
3f805200
3f805200
3f805200
3f805200
3f805200
3f805200
3f805200
3f805200
3f805200
3f805200
3f805200
3f805200
3f805200
3f805200
3f805200
3f805200
3f805200
3f805200
3f805200
3f805200
3f805200
3f805200
3f805200
3f805200
3f805200
3f805200
3f805200
3f805200
3f805200
3f805200
3f805200
3f805200
3f805200
3f805200
3f805200
3f805200
3f805200
3f805200
3f805200
3f805200
3f805200
3f805200
3f805200
3f805200
3f805200
3f805200
3f805200
3f805200
3f805200
3f805200
3f805200
3f805200
3f805200
3f805200
3f805200
3f805200
3f805200
3f805200
3f805200
3f805200
3f805200
3f805200
3f805200
3f805200
3f805200
3f805200
3f805200
3f805200
3f805200
3f805200
3f805200
3f805200
3f805200
3f805200
3f805200
3f805200
3f805200
3f805200
3f805200
3f805200
3f805200
3f805200
3f805200
3f805200
3f805200
3f805200
3f805200
3f805200
3f805200
3f805200
3f805200
3f805200
3f805200
3f805200
3f805200
3f805200
3f805200
3f805200
3f805200
3f805200
3f805200
3f805200
3f805200
3f805200
3f805200
3f805200
3f805200
3f805200
3f805200
3f805200
3f805200
3f805200
3f805200
3f805200
3f805200
3f805200
3f805200
3f805200
3f805200
3f805200
3f805200
3f805200
3f805200
3f805200
3f805200
3f805200
3f805200
3f805200
3f805200
3f805200
3f805200
3f805200
3f805200
3f805200
3f805200
3f805200
3f805200
3f805200
3f805200
3f805200
3f805200
3f805200
3f805200
3f805200
3f805200
3f805200
3f805200
3f805200
3f805200
3f805200
3f805200
3f805200
3f805200
3f805200
3f805200
3f805200
3f805200
3f805200
3f805200
3f805200
3f805200
3f805200
3f805200
3f805200
3f805200
3f805200
3f805200
3f805200
3f805200
3f805200
3f805200
3f805200
3f805200
3f805200
3f805200
3f805200
3f805200
3f805200
3f805200
3f805200
3f805200
3f805200
3f805200
3f805200
3f805200
3f805200
3f805200
3f805200
3f805200
3f805200
3f805200
3f805200
3f805200
3f805200
3f805200
3f805200
3f805200
3f805200
3f805200
3f805200
3f805200
3f805200
3f805200
3f805200
3f805200
3f805200
3f805200
3f805200
3f805200
3f805200
3f805200
3f805200
3f805200
3f805200
3f805200
3f805200
3f805200
3f805200
3f805200
3f805200
3f805200
3f805200
3f805200
3f805200
3f805200
3f805200
3f805200
3f805200
3f805200
3f805200
3f805200
3f805200
3f805200
3f805200
3f805200
3f805200
3f805200
3f805200
3f805200
3f805200
3f805200
3f805200
3f805200
3f805200
3f805200
3f805200
3f805200
3f805200
3f805200
3f805200
3f805200
3f805200
3f805200
3f805200
3f805200
3f805200
3f805200
3f805200
3f805200
3f805200
3f805200
3f805200
3f805200
3f805200
3f805200
3f805200
3f805200
3f805200
3f805200
3f805200
3f805200
3f805200
3f805200
3f805200
3f805200
3f805200
3f805200
3f805200
3f805200
3f805200
3f805200
3f805200
3f805200
3f805200
3f805200
3f805200
3f805200
3f805200
3f805200
3f805200
3f805200
3f805200
3f805200
3f805200
3f805200
3f805200
3f805200
3f805200
3f805200
3f805200
3f805200
3f805200
3f805200
3f805200
3f805200
3f805200
3f805200
3f805200
3f805200
3f805200
3f805200
3f805200
3f805200
3f805200
3f805200
3f805200
3f805200
3f805200
3f805200
3f805200
3f805200
3f805200
3f805200
3f805200
3f805200
3f805200
3f805200
3f805200
3f805200
3f805200
3f805200
3f805200
3f805200
3f805200
3f805200
3f805200
3f805200
3f805200
3f805200
3f805200
3f805200
3f805200
3f805200
3f805200
3f805200
3f805200
3f805200
3f805200
3f805200
3f805200
3f805200
3f805200
3f805200
3f805200
3f805200
3f805200
3f805200
3f805200
3f805200
3f805200
3f805200
3f805200
3f805200
3f805200
3f805200
3f805200
3f805200
3f805200
3f805200
3f805200
3f805200
3f805200
3f805200
3f805200
3f805200
3f805200
3f805200
3f805200
3f805200
3f805200
3f805200
3f805200
3f805200
3f805200
3f805200
3f805200
3f805200
3f805200
3f805200
3f805200
3f805200
3f805200
3f805200
3f805200
3f805200
3f805200
3f805200
3f805200
3f805200
3f805200
3f805200
3f805200
3f805200
3f805200
3f805200
3f805200
3f805200
3f805200
3f805200
3f805200
3f805200
3f805200
3f805200
3f805200
3f805200
3f805200
3f805200
3f805200
3f805200
3f805200
3f805200
3f805200
3f805200
3f805200
3f805200
3f805200
3f805200
3f805200
3f805200
3f805200
3f805200
3f805200
3f805200
3f805200
3f805200
3f805200
3f805200
3f805200
3f805200
3f805200
3f805200
3f805200
3f805200
3f805200
3f805200
3f805200
3f805200
3f805200
3f805200
3f805200
3f805200
3f805200
3f805200
3f805200
3f805200
3f805200
3f805200
3f805200
3f805200
3f805200
3f805200
3f805200
3f805200
3f805200
3f805200
3f805200
3f805200
3f805200
3f805200
3f805200
3f805200
3f805200
3f805200
3f805200
3f805200
3f805200
3f805200
3f805200
3f805200
3f805200
3f805200
3f805200
3f805200
3f805200
3f805200
3f805200
3f805200
3f805200
3f805200
3f805200
3f805200
3f805200
3f805200
3f805200
3f805200
3f805200
3f805200
3f805200
3f805200
3f805200
3f805200
3f805200
3f805200
3f805200
3f805200
3f805200
3f805200
3f805200
3f805200
3f805200
3f805200
3f805200
3f805200
3f805200
3f805200
3f805200
3f805200
3f805200
3f805200
3f805200
3f805200
3f805200
3f805200
3f805200
3f805200
3f805200
3f805200
3f805200
3f805200
3f805200
3f805200
3f805200
3f805200
3f805200
3f805200
3f805200
3f805200
3f805200
3f805200
3f805200
3f805200
3f805200
3f805200
3f805200
3f805200
3f805200
3f805200
3f805200
3f805200
3f805200
3f805200
3f805200
3f805200
3f805200
3f805200
3f805200
3f805200
3f805200
3f805200
3f805200
3f805200
3f805200
3f805200
3f805200
3f805200
3f805200
3f805200
3f805200
3f805200
3f805200
3f805200
3f805200
3f805200
3f805200
3f805200
3f805200
3f805200
3f805200
3f805200
3f805200
3f805200
3f805200
3f805200
3f805200
3f805200
3f805200
3f805200
3f805200
3f805200
3f805200
3f805200
3f805200
3f805200
3f805200
3f805200
3f805200
3f805200
3f805200
3f805200
3f805200
3f805200
3f805200
3f805200
3f805200
3f805200
3f805200
3f805200
3f805200
3f805200
3f805200
3f805200
3f805200
3f805200
3f805200
3f805200
3f805200
3f805200
3f805200
3f805200
3f805200
3f805200
3f805200
3f805200
3f805200
3f805200
3f805200
3f805200
3f805200
3f805200
3f805200
3f805200
3f805200
3f805200
3f805200
3f805200
3f805200
3f805200
3f805200
3f805200
3f805200
3f805200
3f805200
3f805200
3f805200
3f805200
3f805200
3f805200
3f805200
3f805200
3f805200
3f805200
3f805200
3f805200
3f805200
3f805200
3f805200
3f805200
3f805200
3f805200
3f805200
3f805200
3f805200
3f805200
3f805200
3f805200
3f805200
3f805200
3f805200
3f805200
3f805200
3f805200
3f805200
3f805200
3f805200
3f805200
3f805200
3f805200
3f805200
3f805200
3f805200
3f805200
3f805200
3f805200
3f805200
3f805200
3f805200
3f805200
3f805200
3f805200
3f805200
3f805200
3f805200
3f805200
3f805200
3f805200
3f805200
3f805200
3f805200
3f805200
3f805200
3f805200
3f805200
3f805200
3f805200
3f805200
3f805200
3f805200
3f805200
3f805200
3f805200
3f805200
3f805200
3f805200
3f805200
3f805200
3f805200
3f805200
3f805200
3f805200
3f805200
3f805200
3f805200
3f805200
3f805200
3f805200
3f805200
3f805200
3f805200
3f805200
3f805200
3f805200
3f805200
3f805200
3f805200
3f805200
3f805200
3f805200
3f805200
3f805200
3f805200
3f805200
3f805200
3f805200
3f805200
3f805200
3f805200
3f805200
3f805200
3f805200
3f805200
3f805200
3f805200
3f805200
3f805200
3f805200
3f805200
3f805200
3f805200
3f805200
3f805200
3f805200
3f805200
3f805200
3f805200
3f805200
3f805200
3f805200
3f805200
3f805200
3f805200
3f805200
3f805200
3f805200
3f805200
3f805200
3f805200
3f805200
3f805200
3f805200
3f805200
3f805200
3f805200
3f805200
3f805200
3f805200
3f805200
3f805200
3f805200
3f805200
3f805200
3f805200
3f805200
3f805200
3f805200
3f805200
3f805200
3f805200
3f805200
3f805200
3f805200
3f805200
3f805200
3f805200
3f805200
3f805200
3f805200
3f805200
3f805200
3f805200
3f805200
3f805200
3f805200
3f805200
3f805200
3f805200
3f805200
3f805200
3f805200
3f805200
3f805200
3f805200
3f805200
3f805200
3f805200
3f805200
3f805200
3f805200
3f805200
3f805200
3f805200
3f805200
3f805200
3f805200
3f805200
3f805200
3f805200
3f805200
3f805200
3f805200
3f805200
3f805200
3f805200
3f805200
3f805200
3f805200
3f805200
3f805200
3f805200
3f805200
3f805200
3f805200
3f805200
3f805200
3f805200
3f805200
3f805200
3f805200
3f805200
3f805200
3f805200
3f805200
3f805200
3f805200
3f805200
3f805200
3f805200
3f805200
3f805200
3f805200
3f805200
3f805200
3f805200
3f805200
3f805200
3f805200
3f805200
3f805200
3f805200
3f805200
3f805200
3f805200
3f805200
3f805200
3f805200
3f805200
3f805200
3f805200
3f805200
3f805200
3f805200
3f805200
3f805200
3f805200
3f805200
3f805200
3f805200
3f805200
3f805200
3f805200
3f805200
3f805200
3f805200
3f805200
3f805200
3f805200
3f805200
3f805200
3f805200
3f805200
3f805200
3f805200
3f805200
3f805200
3f805200
3f805200
3f805200
3f805200
3f805200
3f805200
3f805200
3f805200
3f805200
3f805200
3f805200
3f805200
3f805200
3f805200
3f805200
3f805200
3f805200
3f805200
3f805200
3f805200
3f805200
3f805200
3f805200
3f805200
3f805200
3f805200
3f805200
3f805200
3f805200
3f805200
3f805200
3f805200
3f805200
3f805200
3f805200
3f805200
3f805200
3f805200
3f805200
3f805200
3f805200
3f805200
3f805200
3f805200
3f805200
3f805200
3f805200
3f805200
3f805200
3f805200
3f805200
3f805200
3f805200
3f805200
3f805200
3f805200
3f805200
3f805200
3f805200
3f805200
3f805200
3f805200
3f805200
3f805200
3f805200
3f805200
3f805200
3f805200
3f805200
3f805200
3f805200
3f805200
3f805200
3f805200
3f805200
3f805200
3f805200
3f805200
3f805200
3f805200
3f805200
3f805200
3f805200
3f805200
3f805200
3f805200
3f805200
3f805200
3f805200
3f805200
3f805200
3f805200
3f805200
3f805200
3f805200
3f805200
3f805200
3f805200
3f805200
3f805200
3f805200
3f805200
3f805200
3f805200
3f805200
3f805200
3f805200
3f805200
3f805200
3f805200
3f805200
3f805200
3f805200
3f805200
3f805200
3f805200
3f805200
3f805200
3f805200
3f805200
3f805200
3f805200
3f805200
3f805200
3f805200
3f805200
3f805200
3f805200
3f805200
3f805200
3f805200
3f805200
3f805200
3f805200
3f805200
3f805200
3f805200
3f805200
3f805200
3f805200
3f805200
3f805200
3f805200
3f805200
3f805200
3f805200
3f805200
3f805200
3f805200
3f805200
3f805200
3f805200
3f805200
3f805200
3f805200
3f805200
3f805200
3f805200
3f805200
3f805200
3f805200
3f805200
3f805200
3f805200
3f805200
3f805200
3f805200
3f805200
3f805200
3f805200
3f805200
3f805200
3f805200
3f805200
3f805200
3f805200
3f805200
3f805200
3f805200
3f805200
3f805200
3f805200
3f805200
3f805200
3f805200
3f805200
3f805200
3f805200
3f805200
3f805200
3f805200
3f805200
3f805200
3f805200
3f805200
3f805200
3f805200
3f805200
3f805200
3f805200
3f805200
3f805200
3f805200
3f805200
3f805200
3f805200
3f805200
3f805200
3f805200
3f805200
3f805200
3f805200
3f805200
3f805200
3f805200
3f805200
3f805200
3f805200
3f805200
3f805200
3f805200
3f805200
3f805200
3f805200
3f805200
3f805200
3f805200
3f805200
3f805200
3f805200
3f805200
3f805200
3f805200
3f805200
3f805200
3f805200
3f805200
3f805200
3f805200
3f805200
3f805200
3f805200
3f805200
3f805200
3f805200
3f805200
3f805200
3f805200
3f805200
3f805200
3f805200
3f805200
3f805200
3f805200
3f805200
3f805200
3f805200
3f805200
3f805200
3f805200
3f805200
3f805200
3f805200
3f805200
3f805200
3f805200
3f805200
3f805200
3f805200
3f805200
3f805200
3f805200
3f805200
3f805200
3f805200
3f805200
3f805200
3f805200
3f805200
3f805200
3f805200
3f805200
3f805200
3f805200
3f805200
3f805200
3f805200
3f805200
3f805200
3f805200
3f805200
3f805200
3f805200
3f805200
3f805200
3f805200
3f805200
3f805200
3f805200
3f805200
3f805200
3f805200
3f805200
3f805200
3f805200
3f805200
3f805200
3f805200
3f805200
3f805200
3f805200
3f805200
3f805200
3f805200
3f805200
3f805200
3f805200
3f805200
3f805200
3f805200
3f805200
3f805200
3f805200
3f805200
3f805200
3f805200
3f805200
3f805200
3f805200
3f805200
3f805200
3f805200
3f805200
3f805200
3f805200
3f805200
3f805200
3f805200
3f805200
3f805200
3f805200
3f805200
3f805200
3f805200
3f805200
3f805200
3f805200
3f805200
3f805200
3f805200
3f805200
3f805200
3f805200
3f805200
3f805200
3f805200
3f805200
3f805200
3f805200
3f805200
3f805200
3f805200
3f805200
3f805200
3f805200
3f805200
3f805200
3f805200
3f805200
3f805200
3f805200
3f805200
3f805200
3f805200
3f805200
3f805200
3f805200
3f805200
3f805200
3f805200
3f805200
3f805200
3f805200
3f805200
3f805200
3f805200
3f805200
3f805200
3f805200
3f805200
3f805200
3f805200
3f805200
3f805200
3f805200
3f805200
3f805200
3f805200
3f805200
3f805200
3f805200
3f805200
3f805200
3f805200
3f805200
3f805200
3f805200
3f805200
3f805200
3f805200
3f805200
3f805200
3f805200
3f805200
3f805200
3f805200
3f805200
3f805200
3f805200
3f805200
3f805200
3f805200
3f805200
3f805200
3f805200
3f805200
3f805200
3f805200
3f805200
3f805200
3f805200
3f805200
3f805200
3f805200
3f805200
3f805200
3f805200
3f805200
3f805200
3f805200
3f805200
3f805200
3f805200
3f805200
3f805200
3f805200
3f805200
3f805200
3f805200
3f805200
3f805200
3f805200
3f805200
3f805200
3f805200
3f805200
3f805200
3f805200
3f805200
3f805200
3f805200
3f805200
3f805200
3f805200
3f805200
3f805200
3f805200
3f805200
3f805200
3f805200
3f805200
3f805200
3f805200
3f805200
3f805200
3f805200
3f805200
3f805200
3f805200
3f805200
3f805200
3f805200
3f805200
3f805200
3f805200
3f805200
3f805200
3f805200
3f805200
3f805200
3f805200
3f805200
3f805200
3f805200
3f805200
3f805200
3f805200
3f805200
3f805200
3f805200
3f805200
3f805200
3f805200
3f805200
3f805200
3f805200
3f805200
3f805200
3f805200
3f805200
3f805200
3f805200
3f805200
3f805200
3f805200
3f805200
3f805200
3f805200
3f805200
3f805200
3f805200
3f805200
3f805200
3f805200
3f805200
3f805200
3f805200
3f805200
3f805200
3f805200
3f805200
3f805200
3f805200
3f805200
3f805200
3f805200
3f805200
3f805200
3f805200
3f805200
3f805200
3f805200
3f805200
3f805200
3f805200
3f805200
3f805200
3f805200
3f805200
3f805200
3f805200
3f805200
3f805200
3f805200
3f805200
3f805200
3f805200
3f805200
3f805200
3f805200
3f805200
3f805200
3f805200
3f805200
3f805200
3f805200
3f805200
3f805200
3f805200
3f805200
3f805200
3f805200
3f805200
3f805200
3f805200
3f805200
3f805200
3f805200
3f805200
3f805200
3f805200
3f805200
3f805200
3f805200
3f805200
3f805200
3f805200
3f805200
3f805200
3f805200
3f805200
3f805200
3f805200
3f805200
3f805200
3f805200
3f805200
3f805200
3f805200
3f805200
3f805200
3f805200
3f805200
3f805200
3f805200
3f805200
3f805200
3f805200
3f805200
3f805200
3f805200
3f805200
3f805200
3f805200
3f805200
3f805200
3f805200
3f805200
3f805200
3f805200
3f805200
3f805200
3f805200
3f805200
3f805200
3f805200
3f805200
3f805200
3f805200
3f805200
3f805200
3f805200
3f805200
3f805200
3f805200
3f805200
3f805200
3f805200
3f805200
3f805200
3f805200
3f805200
3f805200
3f805200
3f805200
3f805200
3f805200
3f805200
3f805200
3f805200
3f805200
3f805200
3f805200
3f805200
3f805200
3f805200
3f805200
3f805200
3f805200
3f805200
3f805200
3f805200
3f805200
3f805200
3f805200
3f805200
3f805200
3f805200
3f805200
3f805200
3f805200
3f805200
3f805200
3f805200
3f805200
3f805200
3f805200
3f805200
3f805200
3f805200
3f805200
3f805200
3f805200
3f805200
3f805200
3f805200
3f805200
3f805200
3f805200
3f805200
3f805200
3f805200
3f805200
3f805200
3f805200
3f805200
3f805200
3f805200
3f805200
3f805200
3f805200
3f805200
3f805200
3f805200
3f805200
3f805200
3f805200
3f805200
3f805200
3f805200
3f805200
3f805200
3f805200
3f805200
3f805200
3f805200
3f805200
3f805200
3f805200
3f805200
