3f569800
3f914000
3fa40e00
3f4ac800
3f4ce800
3f928c00
3f57e800
3fc1e200
3fabd600
3f574800
3f0f1000
3fa36800
3f589000
3f790000
3f979800
3f935400
3f646000
3f665800
3f935400
3f424000
3fbd5800
3f605c00
3fa2c200
3f8e6800
3f605c00
3f67a800
3f95ca00
3f979800
3f990800
3feb6200
3f849000
3f497800
3f90b400
3f44e000
3fac7c00
3f8f4e00
3f7a4c00
3f4c1800
3f328000
3f1f7800
3f1a3800
3f125800
3f31ac00
3f8c1000
3f397400
3f367000
3f3c0c00
3f882c00
3f89d000
3f9a5400
3fd02600
3f184000
3f367000
3fa0d000
3f82fc00
3fda8600
3fd2be00
3fbff000
3f57e800
3f4eb800
3f46d800
3f91b000
3f766800
3f61c000
3f882c00
3f419800
3f4f6000
3fa55a00
3f1cd800
3f790000
3f910800
3f8c1c00
3f697000
3f990800
3fc52000
3f4ac800
3f8f4e00
3f574800
3f8b6a00
3f535000
3f933200
3f8c1c00
3fa36800
3f1ed000
3f359000
3f428800
3f26b000
3f8b6a00
3fb63600
3f275800
3f6fec00
3f9ede00
3f2d4000
3f86e000
3f241000
3f48d000
3f7f7c00
3f78b800
3f863400
3f697000
3fa9e400
3f589400
3f97bc00
3f439000
3fa0d000
3f810a00
3f3bb000
3f6d9000
3f20c800
3f6ce800
3f722800
3f8c1c00
3fabd600
3fb4ea00
3f8c7000
3f91b000
3f386800
3f463000
3fad2200
3f33d000
3f89d000
3f2e9000
3f9a3800
3f84ee00
3f80f400
3f5b3000
3f8c7000
3f5b3000
3f452000
3fbb6600
3f7ca800
3f1ae000
3f849000
3f3c0c00
3f737800
3f935400
3fa0d000
3f8dc000
3fbd5800
3f863400
3f7a4c00
3f665800
3faa8a00
3f70d800
3f482800
3fb44400
3f95ca00
3f6f8800
3f52a800
3f859400
3f2e9000
3f4eb800
3f386800
3f46d800
3fa55a00
3fc28800
3f82ec00
3f2b4800
3f44e000
3f55fc00
3f5a8800
3f834000
3f1a3800
3f482800
3f352000
3f3fa000
3f42e800
3f952400
3f62f400
3fe10200
3f275800
3f5c7800
3fa02a00
3fa02a00
3f2b4800
3f1c3000
3f89d000
3fcb9c00
3f419800
3f452000
3f478000
3f202000
3fca5000
3f990800
3fdfb600
3fb78200
3f853800
3f7f7c00
3f910800
3f03e800
3fa31400
3f14f800
3f858c00
3f16f000
3f6ee000
3fdd1e00
3fd36400
3f6af000
3fa0d000
3f6a4800
3f9c4600
3f986200
3f6f8800
3fc66c00
3f930000
3f658c00
3f0dc000
3f89d000
3f2d4000
3f42e800
3f9d9200
3f900c00
3f78b800
3f834000
3f4d6800
3f0b2000
3f260800
3f95ca00
3f87d800
3efea000
3f8c1c00
3f5b3000
3f967000
3fa9e400
3fd55600
3f665800
3f892800
3f897800
3f825600
3fb44400
3f3ef800
3f7d5000
3fbcb200
3f424000
3f44e000
3f742000
3fb4ea00
3fc09600
3f199000
3f8a1e00
3f68f800
3fa60000
3fb1ac00
3f9f8400
3f742000
3f9c4600
3f535000
3f43d400
3f897800
3fa55a00
3f1f7800
3fbac000
3f78b800
3f728400
3f990800
3f260800
3f65b000
3f88d200
3f574800
3faf1400
3f82fc00
3f5fc800
3fa89800
3f825600
3f6ee000
3f6ee000
3fa2c200
3f4ac800
3f202000
3fdb2c00
3fc09600
3fbac000
3f0d1800
3f8f6400
3f54a000
3f882c00
3f1f7800
3f7d5000
3f80f400
3f40f000
3f93d800
3f68f800
3f48d000
3f57e800
3f8a1e00
3f33d000
3fa17600
3f535000
3fca5000
3fc85e00
3f9a5400
3f63b800
3f029800
3f4b9c00
3f482800
3f8acc00
3f439000
3f352000
3f35c800
3f9d2c00
3f2f1400
3f347800
3f9b8800
3f834000
3f4eb800
3f03e800
3f824400
3f7d5000
3f882c00
3fcb9c00
3f61c000
3fe2f400
3f9c3000
3f81b000
3f37c000
3f7ff000
3f424000
3f6abc00
3f6d5400
3efff000
3f6af000
3f646000
3f91e600
3f053800
3f90b400
3f280000
3fa93e00
3f84ee00
3f91e600
3f3c5800
3f80a000
3f386800
3f86dc00
3f8b6a00
3fb25200
3f463000
3fb39e00
3f1b8800
3f260800
3f386800
3fa89800
3f221800
3f5c8000
3fb25200
3f9e7c00
3f909a00
3f7ca800
3f16f000
3f199000
3f1f7800
3f713800
3f36dc00
3f83a200
3f6f8800
3fdfb600
3fbc0c00
3f4ac800
3f61c000
3fa40e00
3f110800
3f7d5000
3f8f4e00
3f3e5000
3fb44400
3f7d5000
3f39b800
3f36dc00
3fba1a00
3faf1400
3f24b800
3f463000
3f925800
3f863400
3f1f7800
3fa60000
3f4f6000
3f3d5800
3f26b000
3f935400
3f44e000
3f954c00
3f89d000
3f8f6400
3f59e000
3f930000
3f1ae000
3f2b4800
3f86e000
3f50b000
3f925800
3f48d000
3fcaf600
3fc9aa00
3fd17200
3f8b6a00
3f8a2400
3f631000
3f4ac800
3fa55a00
3f5e7800
3f834000
3f8ebc00
3f184000
3f5f1000
3f6c4000
3fb10600
3fac7c00
3f4eb800
3f8ebc00
3f352000
3f4eb800
3fa74c00
3f888000
3f4c1800
3f371800
3f7f7c00
3f5c8000
3f50cc00
3f199000
3f439000
3fa26c00
3f5e7800
3f95ca00
3f650800
3f37c000
3f722800
3f8a2400
3f241000
3f8c1000
3f882c00
3f59e000
3f819c00
3fbdfe00
3f164800
3f1cd800
3f5dc400
3f593800
3f2c9800
3fbea400
3fbb6600
3f6b9800
3fbea400
3f4d6800
3f8ea800
3f5dc400
3f2de800
3f4a5000
3f7a0800
3f5b3000
3f1d8000
3fd4b000
3fb25200
3f130000
3f1ed000
3fafba00
3f990800
3f7ce400
3f1b8800
3fcaf600
3f878400
3f37c000
3fa17600
3fd74800
3f26b000
3f4cc000
3f352000
3fbb6600
3f925800
3f443800
3f1f7800
3f611800
3f993c00
3f6a4800
3fa93e00
3f6c4000
3f6c0800
3f910800
3f2e9000
3f76c000
3f86e000
3f4b7000
3f8cb600
3f478000
3f62f400
3fd40a00
3fe8ca00
3f834000
3f93fc00
3f593800
3f3c0c00
3f7a0800
3f824400
3f404800
3f28a800
3f897800
3f59e000
3f5dc400
3f15a000
3f1cd800
3f478000
3f87d800
3f88d200
3fcaf600
3f3a6000
3f631000
3fca5000
3fbdfe00
3fecae00
3fce3400
3f7a0800
3f631000
3f646000
3f328000
3f2fe000
3f658c00
3f909a00
3f48d000
3f371800
3f5d2800
3f834000
3f7ea000
3f32f800
3fb78200
3f964800
3f82fc00
3f70d800
3f781000
3f83e800
3f888000
3f933200
3f11b000
3f766800
3f66d800
3f6d9000
3fa40e00
3f9d9200
3fab3000
3f65b000
3fb78200
3f88d200
3f5c8000
3f7ea000
3f80a000
3f8d5c00
3fab3000
3f463000
3f2e9000
3f2bf000
3f99ae00
3fd6a200
3f8a2400
3f6ee000
3fceda00
3f22c000
3f328000
3f95a000
3fa40e00
3f554800
3f935400
3feb6200
3fad2200
3f9d9200
3f9cec00
3f86dc00
3f97bc00
3f5b3000
3fbac000
3f5d2800
3f626800
3f67a800
3f81b000
3f80a000
3f781000
3f589400
3f458800
3f536400
3f5f1000
3f888000
3f515800
3f7ea000
3fa93e00
3f781000
3f8b7400
3f84ee00
3f8ff400
3f5f1000
3f5fc800
3f7ff000
3fd6a200
3f8c1000
3f737800
3f607000
3f68f800
3fa9e400
3fc09600
3fb10600
3f53f800
3f722800
3f9c4600
3fb59000
3f853800
3f24b800
3fd21800
3f5c8000
3f88d200
3f500800
3f9c3000
3f766800
3f14f800
3f80a000
3f48d000
3fd21800
3f18e800
3f569800
3fc66c00
3f8acc00
3f6c0800
3f84ee00
3f5e7800
3f9ede00
3f2fe000
3f306000
3f6abc00
3f8ff400
3f878400
3f55fc00
3f478000
3f236800
3fbcb200
3fbf4a00
3f347800
3f8d5c00
3fc47a00
3f1f7800
3f5e7800
3f83e800
3f66d800
3f806400
3fa55a00
3fb25200
3fce3400
3f766800
3fbf4a00
3fabd600
3f9c4600
3fa4b400
3f990800
3f48d000
3f6fec00
3f8c1000
3f0f1000
3f607000
3f9ba000
3f86dc00
3f84ee00
3f2e9000
3f986200
3f766800
3f742000
3fac7c00
3f7ea000
3fc28800
3f50b000
3f849000
3f48d000
3fac7c00
3f4d6800
3f7d5000
3f4a5000
3f569800
3f86dc00
3fcce800
3f3bb000
3fafba00
3f478000
3fb63600
3f933200
3f892800
3fb25200
3f722800
3f737800
3f260800
3fda8600
3f0e6800
3fbc0c00
3f665800
3f61c000
3f4f8000
3f4f6000
3f419800
3f9a5400
3fcf8000
3f9d9200
3f7a0800
3f8a2400
3f40f000
3f834000
3f888000
3f4f6000
3f48d000
3f7ea000
3f520000
3fc9aa00
3f928c00
3f2fe000
3f46d800
3f89d000
3f8acc00
3f878600
3f5d2800
3f888000
3f8ebc00
3f3ef800
3f87d800
3f6f8800
3fd74800
3f458800
3f91e600
3f8c1000
3f535000
3fc7b800
3f8ea800
3f164800
3f81b000
3f910800
3fc7b800
3f520000
3fb59000
3f3e5000
3f8f4e00
3f8c7000
3f83a200
3f882c00
3f697000
3f86dc00
3f82fc00
3f7ca800
3f1cd800
3f631000
3f428800
3fd36400
3f644000
3f6af000
3f933200
3f781000
3f70d800
3f1ae000
3f6a4800
3f3b0800
3f8b6a00
3f18e800
3fafba00
3f4c1800
3f46d800
3fa0d000
3fd0cc00
3f766800
3f8acc00
3f95ca00
3f1d8000
3f8c1c00
3fc7b800
3f179800
3fe24e00
3f909a00
3f971600
3f6ee000
3fc09600
3f184000
3f8c1000
3f97bc00
3f967000
3f4a2000
3f631000
3f5d2800
3fa4b400
3f665800
3f2b3000
3f99ae00
3fb2f800
3f7b5800
3f971600
3f40f000
3f6c0800
3f049000
3f930000
3fe1a800
3fb6dc00
3fbac000
3f8d5c00
3f295000
3f9ede00
3f86dc00
3f3fa000
3f9a5400
3fb97400
3f3b0800
3f2f1400
3f280000
3f82fc00
3f11b000
3fb39e00
3f9a5400
3f332800
3f790000
3f882c00
3f9afa00
3fc85e00
3f3c0c00
3f50cc00
3f3d0000
3f70d800
3fb10600
3f86e000
3f892800
3f8c1c00
3f8a1e00
3f535000
3f31d800
3fc5c600
3f6fec00
3f16f000
3f4b7000
3f57e800
3f053800
3fcb9c00
3f952400
3f589400
3f1cd800
3f9ede00
3f76c000
3f3ea400
3fb63600
3f7ce400
3fc90400
3f2aa000
3f54a000
3f8b7400
3f66d800
3f352000
3fbd5800
3f57e800
3f766800
3f554800
3f029800
3f2bf000
3f574000
3f8a2400
3f2d4000
3f295000
3f97ec00
3fbb6600
3fd7ee00
3f7ea000
3f8a1e00
3f77b400
3f878400
3f535000
3f858c00
3f4a2000
3f458800
3f4eb800
3fb8ce00
3f3bb000
3f478000
3fad2200
3f806400
3f7ca800
3f83e800
3f50b000
3fb25200
3f179800
3fc71200
3f424000
3f859400
3f125800
3f8a2400
3f7d5000
3f742000
3f35c800
3fd21800
3fd21800
3fa36800
3f8d1800
3faf1400
3f5bd800
3f6ee000
3fc09600
3f2b4800
3f4f8000
3f824400
3f8d1800
3f766800
3f6abc00
3f535000
3f88d200
3f125800
3f88d200
3f3c0c00
3f882c00
3f888000
3f57e800
3fbac000
3f4b9c00
3fdd1e00
3f84ee00
3f256000
3f83a200
3fa36800
3f62f400
3f199000
3f1d8000
3f742000
3f7f7c00
3f757000
3f7a4c00
3fbea400
3fa21c00
3fbc0c00
3f7b9800
3f7ca800
3fc32e00
3f4f8000
3f42e800
3f790000
3f9d9200
3f83e800
3f70d800
3f35c800
3f9c4600
3f382800
3f87d800
3f419800
3fd9e000
3f737800
3f391000
3f8d5c00
3fb10600
3f5fc800
3fba1a00
3f93d800
3fb63600
3fa36800
3f28a800
3f7a4c00
3f3ea400
3fa02a00
3fbff000
3f993c00
3fd0cc00
3f2de800
3fb59000
3fb06000
3f892800
3f53f800
3f897800
3efc0000
3f82ec00
3f7ce400
3f967000
3f0f1000
3f824400
3f8f4e00
3f7b5800
3f50b000
3f80f400
3f742000
3f834000
3f6d5400
3f03e800
3f404800
3f1a3800
3f81b000
3f439000
3f91b000
3f91e600
3f90b400
3f665800
3f4c1800
3f644000
3f849000
3f8ea800
3f631000
3f57e800
3f22c000
3f6af000
3f8f6400
3f347800
3f8a2400
3f7ce400
3fa21c00
3f260800
3fd40a00
3f95ca00
3f6c4000
3f83a200
3f11b000
3fcce800
3f993c00
3f2f3800
3fc5c600
3fab3000
3f367000
3f607000
3f0d1800
3fc3d400
3f289800
3f697000
3f73d000
3fa89800
3fa6a600
3f713800
3f61c000
3f0bc800
3f9cec00
3f4ce800
3f391000
3f03e800
3f419800
3f7b5800
3fa0d000
3f986200
3f849000
3fceda00
3f8a1e00
3fa40e00
3f569800
3f5c7800
3f5c8000
3f993c00
3fa0d000
3f308800
3f990800
3f986200
3f665800
3f6abc00
3fd7ee00
3f6ee000
3f6a4800
3f1f7800
3f8cb600
3f834000
3f7d5000
3f458800
3fc85e00
3f83a200
3f275800
3f1ed000
3f589000
3f574800
3f16f000
3fce3400
3f515800
3f8dc000
3f89d000
3fc3d400
3f93fc00
3f275800
3fa6a600
3f367000
3f217000
3fb78200
3f66d800
3f88d200
3f535000
3f2de800
3f2b4800
3f94a400
3f092800
3f32f800
3f933200
3f5c7800
3f22c000
3f7ce400
3f2d4000
3faa8a00
3f11b000
3f3c5800
3f9c4600
3fb44400
3f53f800
3f8c1c00
3f4a2000
3f900c00
3f9dd400
3f82fc00
3f57e800
3fb59000
3f928c00
3f73d000
3f80a000
3f482800
3f3c5800
3f478000
3fca5000
3f35c800
3f853800
3f5c8000
3f8c1000
3f1a3800
3efd5000
3fc9aa00
3f70d800
3f2e9000
3fa7f200
3f67a800
3f91e600
3f2aa000
3f834000
3fd5fc00
3f367000
3f589000
3f37c000
3f859400
3f8a1e00
3fdfb600
3fbd5800
3f70d800
3f8b7400
3f5c8000
3f386800
3f463000
3f7ce400
3f863400
3f6f8800
3f81b000
3f8ea800
3f8d5c00
3f607000
3f554800
3f4cc000
3f6ee000
3f65b000
3f3e5000
3f8b6a00
3f1ed000
3fa40e00
3f82ec00
3f199000
3f4ac800
3f5d2800
3fbdfe00
3f76c000
3f15a000
3fca5000
3f439000
3f8d1800
3f8d5c00
3f8e0200
3f7ce400
3fcb9c00
3f5e7800
3f790000
3fddc400
3f2fe000
3f313000
3fac7c00
3f5b3000
3f199000
3fa89800
3fdbd200
3f95ca00
3f9f8400
3fcb9c00
3f9ba000
3f986200
3f971600
3f241000
3f5b3000
3f806400
3f5dc400
3f2e9000
3f53f800
3f44e000
3f897800
3f993c00
3f882c00
3f97ec00
3fab3000
3f9a5400
3f4f8000
3f53f800
3f95a000
3f463000
3f6a4800
3fd40a00
3fab3000
3fa21c00
3f63b800
3f1cd800
3f73d000
3fdf1000
3f428800
3f819c00
3fe39a00
3f5fc800
3fa31400
3f15a000
3f819c00
3f703000
3fc09600
3fa60000
3f073000
3f86dc00
3f6a4800
3f39b800
3f8f6400
3f93d800
3f909a00
3fc09600
3f7d5000
3f4c1800
3f8c1000
3fb8ce00
3f3c0c00
3f928c00
3f61c000
3fe2f400
3f7a0800
3fc52000
3f83e800
3f57e800
3f80f400
3f909a00
3f82fc00
3f44e000
3fcaf600
3fb1ac00
3f8c7000
3f990800
3f834000
3f70d800
3f9f8400
3f0bc800
3f82ec00
3f569800
3f61c000
3f91e600
3f15a000
3f8ff400
3f7ea000
3f897800
3fa89800
3f463000
3f520000
3f9dd400
3f819c00
3fbea400
3fc32e00
3f42e800
3f8c1000
3f500800
3f86dc00
3f82fc00
3fd9e000
3f8b7400
3f971600
3f849000
3fb59000
3fb59000
3f9ba000
3fecae00
3fc09600
3f781000
3f2d4000
3f39b800
3f76c000
3f7a0800
3f43d400
3fd55600
3f589000
3f53f800
3f819c00
3fb4ea00
3fa40e00
3f7d5000
3f8e6800
3f665800
3f4c1800
3f88d200
3f520000
3f8a2400
3f94a400
3f2e9000
3f897800
3f849000
3f458800
3f82fc00
3f87d800
3fa02a00
3f611800
3f964800
3fa31400
3f55f000
3f5d2800
3f781000
3f713800
3f7e3000
3fafba00
3f386800
3f935400
3f644000
3f825600
3f658c00
3f878400
3fc47a00
3f39b800
3f6c4000
3fa17600
3f979800
3f88d200
3fd74800
3efc0000
3f497800
3f8a1e00
3f50cc00
3f9c8400
3f2b4800
3f73d000
3f897800
3f834000
3f569800
3fab3000
3f631000
3f897800
3f844800
3f9cec00
3fc09600
3f1f7800
3fa21c00
3f62f400
3fa74c00
3f6d5400
3f88d200
3f65b000
3f4f6000
3fdbd200
3f9ede00
3f8f4e00
3fcaf600
3f900c00
3f84ee00
3f4ce800
3fd7ee00
3f6d5400
3f500800
3fbac000
3fb25200
3f2fe000
3f2c7c00
3fad2200
3f849000
3f882c00
3f91b000
3f86e000
3f554800
3fb97400
3f626800
3f930000
3fa9e400
3f6ce800
3f8f6400
3fd4b000
3f78b800
3f1f7800
3fcc4200
3fab3000
3fc09600
3f328000
3f8cb600
3f59e000
3fc32e00
3f834000
3fc09600
3f2fe000
3f306000
3f44e000
3fb06000
3fba1a00
3f859400
3f882c00
3f2de800
3f37c000
3f67a800
3fa9e400
3fa74c00
3f93fc00
3fadc800
3f93d800
3f8ea800
3f84ee00
3fd7ee00
3f9c4600
3f497800
3f77b400
3f463000
3f4f6000
3f70d800
3fad2200
3f497800
3f6a4800
3f858c00
3f9c4600
3f5fc800
3f11b000
3f7ce400
3f781000
3f8d5c00
3f95a000
3fcc4200
3f863400
3f458800
3f110800
3f611800
3fa60000
3f2de800
3f419800
3f930000
3f65b000
3f964800
3fabd600
3f0fb800
3f990800
3f3bb000
3f87d800
3fbf4a00
3f4f8000
3f7f7c00
3f93d800
3f897800
3f863a00
3f2bf000
3f2e9000
3fbd5800
3f83e800
3f521800
3f397400
3f713800
3fc28800
3f068800
3f82ec00
3f179800
3f8c1000
3f424000
3f76c000
3f13a800
3f9ba000
3f83e800
3f6ee000
3f59e000
3f5bd800
3fbcb200
3f8f4e00
3fa17600
3f8d5c00
3f737800
3f574800
3f7f7c00
3fb39e00
3f569800
3f46d800
3f971600
3f80f400
3fbd5800
3f4eb800
3fa4b400
3fcb9c00
3f6ee000
3f728400
3f80a000
3f5fc800
3f068800
3f3fa000
3f3bb000
3f73d000
3f9e3800
3f241000
3f713800
3f9a5400
3f65b000
3f78b800
3f6d9000
3fd02600
3fb2f800
3f9a3800
3f8d1800
3f63b800
3f91b000
3f834000
3f910800
3f928c00
3f6c0800
3fc71200
3f65b000
3f367000
3f878400
3fa11c00
3fae6e00
3f0f1000
3f4eb800
3f61c000
3f82ec00
3f6c4000
3f217000
3fa9e400
3f8f4e00
3f91b000
3f466c00
3f8f4e00
3f8ff400
3fc9aa00
3f8a1e00
3f3da800
3f4e1000
3f3bb000
3f4cc000
3f83e800
3f863a00
3f95ca00
3f2c9800
3fce3400
3f7ca800
3f7a4c00
3f825600
3fbcb200
3f39b800
3f9ba000
3fab3000
3f6fec00
3f419800
3f8cb600
3f3da800
3f91e600
3f6c4000
3f87d800
3f391000
3f863a00
3f9c8400
3f6abc00
3fd17200
3f4b9c00
3f909a00
3f3d0000
3f589400
3fa55a00
3f42e800
3f6af000
3f7d5000
3f39b800
3f391000
3f1a3800
3fa21c00
3f87d800
3f9d9200
3fceda00
3f859400
3f67a800
3f5dc400
3f7b5800
3f7b5800
3f990800
3fae6e00
3f8a1e00
3f44e000
3fad2200
3f96f000
3fc90400
3f31d800
3f0fb800
3f4f6000
3f520000
3fd7ee00
3f589000
3f0c7000
3f500800
3f90b400
3f3b0800
3fba1a00
3fa89800
3f125800
3f892800
3f520000
3fc3d400
3f849000
3fcd8e00
3f241000
3fe77e00
3f7ca800
3fc66c00
3f93fc00
3f97ec00
3f2f3800
3f7ca800
3f5dc400
3f892800
3f48d000
3f4cc000
3f54a000
3f5dd000
3f1e2800
3f914000
3f2de800
3f95ca00
3f7ea000
3f4a2000
3f458800
3f86dc00
3f6af000
3f964800
3f256000
3f83a200
3fcaf600
3f4b7000
3f554800
3f7f7c00
3f5f1000
3ff28400
3fb25200
3f7ea000
3f8b7400
3f5fc800
3fceda00
3f8ebc00
3f0d1800
3f91b000
3f80f400
3fde6a00
3fcd8e00
3fa0d000
3fd9e000
3f859400
3f86e000
3f46d800
3f8b6a00
3f781000
3fc1e200
3f81b000
3fa21c00
3f6a4800
3f964800
3fa36800
3f685000
3f352000
3f6fec00
3f7f7c00
3f05e000
3f7ca800
3f9d9200
3f31d800
3f280000
3f43d400
3f8cb600
3f42e800
3f7ff000
3fdd1e00
3f6c0800
3f8b6a00
3f6a4800
3f95ca00
3f6abc00
3f8d5c00
3f6c0800
3f4b9c00
3f8d5c00
3f611800
3f87d800
3f82ec00
3f722800
3f84ee00
3f93d800
3f5f1000
3f308800
3fce3400
3f8ea800
3f7ea000
3f697000
3f947e00
3f8e0200
3fb1ac00
3f9c4600
3f900c00
3f452000
3f2fe000
3fa0d000
3fabd600
3f990800
3f9ba000
3fcc4200
3f490400
3fb06000
3f989400
3f83a200
3f36dc00
3f8ea800
3fa21c00
3f347800
3f53f800
3f35c800
3f61c000
3fceda00
3f57e800
3f94a400
3f9c4600
3f068800
3f5c8000
3f9d9200
3f665800
3f8b7400
3f7e3000
3f67a800
3f95a000
3f236800
3fc9aa00
3f67a800
3f7ea000
3f93d800
3f82fc00
3f7b5800
3f8b7400
3f382800
3f76c000
3f849000
3f605c00
3f5b3000
3faa8a00
3fdb2c00
3f22c000
3f67a800
3f09d000
3f665800
3f9cec00
3f3e5000
3fb06000
3f909a00
3f62f400
3fb10600
3f8cb600
3f728400
3f81b000
3f859400
3f130000
3f7f7c00
3fb44400
3f757000
3f482800
3f9afa00
3fa36800
3fb8ce00
3f1cd800
3f910800
3f757000
3f4ac800
3f2fe000
3fc90400
3fa74c00
3f8a2400
3fbf4a00
3f8f4e00
3f863a00
3f50cc00
3f9c4600
3f382800
3f3ea400
3f83a200
3fbd5800
3f8d1800
3f83e800
3f7ea000
3f4eb800
3f78b800
3f631000
3f515800
3f6b9800
3fc13c00
3f31d800
3f806400
3f2b3000
3fdb2c00
3f824400
3f73d000
3fa6a600
3f3da800
3f092800
3fafba00
3fdc7800
3fbcb200
3fafba00
3f858c00
3fa7f200
3f781000
3f1cd800
3fb82800
3f61c000
3f81b000
3f313000
3f9d9200
3f61c000
3f4eb800
3f5fc800
3fb4ea00
3fbd5800
3f164800
3fadc800
3f8ac400
3fc1e200
3f94a400
3fa0d000
3f6af000
3f7ca800
3f43d400
3f386800
3f9f8400
3f29f800
3f863a00
3f443800
3f86dc00
3fba1a00
3f3ea400
3f80f400
3f0f1000
3f466c00
3f7b5800
3f59e000
3f5fc800
3f3a6000
3f954c00
3f4d6800
3fc7b800
3f18e800
3fa02a00
3f295000
3f83e800
3f8c1000
3f7ce400
3f4b7000
3f967000
3f1b8800
3fb10600
3f500800
3fbb6600
3f424000
3faa8a00
3f4eb800
3fc47a00
3f80a000
3f824400
3f2aa000
3fb82800
3f952400
3f8c1000
3fa2c200
3f295000
3f78b800
3f91e600
3f77b400
3f6c0800
3f3bb000
3f83a200
3f7a4c00
3f62f400
3f520000
3fa21c00
3f1ed000
3f69a000
3fc90400
3f574800
3f853800
3f70d800
3f834000
3f295000
3f99ae00
3f2f3800
3fc32e00
3f014800
3f59e000
3fa21c00
3f1ed000
3f9a5400
3f386800
3f424000
3f569800
3f5c8000
3f4d6800
3f824400
3f5b3000
3f819c00
3f88d200
3f96f000
3f96f000
3f928c00
3fad2200
3fd0cc00
3f50cc00
3fb25200
3f766800
3fb97400
3f8f6400
3f825600
3f8b6a00
3f26b000
3fc7b800
3f8d1800
3fb10600
3fc32e00
3fa36800
3f308800
3f61c000
3f3d0000
3fd9e000
3f482800
3f3bb000
3fb59000
3fe6d800
3f990800
3f256000
3fd36400
3f452000
3fdc7800
3f834000
3f859400
3f40f000
3fd21800
3f7a4c00
3fa2c200
3f2bf000
3f22c000
3f80f400
3f89d000
3f9ede00
3f9dd400
3f888000
3f757000
3fbff000
3f766800
3f3d5800
3f463000
3fcf8000
3f888000
3f80f400
3f42e800
3f39b800
3f55fc00
3f67a800
3f909a00
3f0dc000
3fa7f200
3f728400
3f328000
3feea000
3f892800
3f7ea000
3fd17200
3f15a000
3f611800
3f352000
3f9c3000
3f84ee00
3f092800
3f3c5800
3f78b800
3f2e9000
3f728400
3fafba00
3f1b8800
3f478000
3f4f8000
3f888000
3fbd5800
3f424000
3f97bc00
3fb44400
3f77b400
3fc09600
3f806400
3f347800
3f77b400
3f26b000
3f611800
3f1a3800
3f93d800
3f8f4e00
3f91e600
3f5b3000
3f644000
3f78b800
3f728400
3fc1e200
3f86e000
3fb06000
3f967000
3f77b400
3f3d0000
3f665800
3faa8a00
3f452000
3fbff000
3f1a3800
3f84ee00
3f8ebc00
3f28a800
3f049000
3f39b800
3f930000
3fb44400
3f371800
3f5dd000
3f6f8800
3fd36400
3fc28800
3f66d800
3f82ec00
3f443800
3f3bb000
3f391000
3f3bb000
3fae6e00
3fd21800
3f40f000
3fa1c400
3f859400
3fa4b400
3f8d1800
3f4ac800
3f59e000
3f589000
3f644000
3f589000
3fa4b400
3f95ca00
3f8ac400
3f31d800
3f8d5c00
3f8d5c00
3fab3000
3fabd600
3f713800
3fdfb600
3f8a2400
3faf1400
3f90b400
3fba1a00
3f8ff400
3f50b000
3f0b2000
3f42e800
3fda8600
3f882c00
3f95ca00
3f500800
3fafba00
3f7ca800
3fe1a800
3f4b7000
3f863a00
3f3c5800
3f053800
3f631000
3fcb9c00
3f8ea800
3fe82400
3f275800
3f646000
3f67a800
3f910800
3f11b000
3f967000
3fddc400
3f419800
3f2d4000
3f6d9000
3f8b7400
3f8ea800
3f80f400
3f6ee000
3f4eb800
3f4c1800
3f8a1e00
3f80f400
3f6c4000
3f81b000
3f933200
3f7ca800
3fbc0c00
3f55fc00
3fe44000
3f80a000
3f863400
3f3a6000
3f69a000
3f2c9800
3f4f6000
3f6d5400
3f049000
3f593800
3f7b5800
3f59e000
3f7d5000
3f8b6a00
3f897800
3f757000
3fe39a00
3f55f000
3fd2be00
3f9ae000
3f757000
3fb82800
3f93d800
3f67a800
3f5c7800
3fb6dc00
3fc7b800
3f7ce400
3faa8a00
3fa60000
3f935400
3f1b8800
3f6f8800
3f5d2800
3fad2200
3fb06000
3f386800
3f61c000
3f82fc00
3fb2f800
3fc66c00
3fa2c200
3f7a0800
3fb59000
3fcc4200
3f990800
3fc52000
3f882c00
3f93d800
3f7ca800
3f43d400
3f99ae00
3f1d8000
3f8ac400
3f67a800
3f359000
3f9c4600
3f7e3000
3f737800
3f62f400
3f91e600
3f67a800
3f742000
3f260800
3f8dc000
3fc66c00
3fa17600
3f520000
3faa8a00
3f87d800
3fae6e00
3f164800
3f910800
3f478000
3f8b7400
3fd36400
3f8f6400
3f2d4000
3f67a800
3f971600
3fabd600
3f09d000
3f91e600
3f77b400
3f3d0000
3f859400
3f62f400
3f8acc00
3f888000
3f443800
3f8ea800
3fc85e00
3fc28800
3f4a2000
3f419800
3f535000
3f6c4000
3f3d0000
3f569800
3f910800
3f80a000
3f46d800
3f1ed000
3f59e000
3f882c00
3f7ce400
3f4e1000
3f9f8400
3f2c7c00
3fa89800
3f5c8000
3fde6a00
3f986200
3fd5fc00
3f2de800
3fd89400
3f1b8800
3fc66c00
3f593800
3f2aa000
3fcf8000
3fc13c00
3f858c00
3f90b400
3f520000
3f53f800
3f979800
3f332800
3f554800
3f9ede00
3f3fa000
3f419800
3f37c000
3f29f800
3f863a00
3fd55600
3fa40e00
3f5d2800
3f5a8800
3f9ede00
3f68f800
3f80f400
3fac7c00
3f5dc400
3f990800
3f4e1000
3f520000
3f806400
3f59e000
3f81b000
3f8e6800
3f54a000
3f8c1c00
3f2b4800
3f99ae00
3f1b8800
3f8ff400
3f83e800
3f8c7000
3f4a2000
3f0d1800
3f8c1000
3f87d800
3f4a2000
3fcd8e00
3fcb9c00
3f404800
3fceda00
3f80a000
3fd0cc00
3f6c0800
3f853800
3f458800
3f626800
3f6a4800
3f6c0800
3f5c8000
3fafba00
3fa6a600
3f88d200
3f83e800
3fa0d000
3f3ef800
3fd6a200
3fd6a200
3f6af000
3f8dc000
3f80a000
3fe1a800
3f29e400
3f930000
3f819c00
3f900c00
3f4d6800
3f93d800
3f8ff400
3f5dc400
3f824400
3f757000
3fbff000
3fa74c00
3f9c4600
3f8a2400
3f7f7c00
3f482800
3f62f400
3f9ede00
3f260800
3f8cb600
3fc52000
3f9ede00
3f9ba000
3f589400
3f849000
3f4e1000
3fdb2c00
3fdc7800
3f66d800
3fecae00
3f3e5000
3fa17600
3f13a800
3f14f800
3fadc800
3f4c1800
3f8f6400
3fddc400
3f8c1000
3f3c0c00
3f0d1800
3f202000
3f6abc00
3f84ee00
3f91e600
3f806400
3f39b800
3fb44400
3fbff000
3f82fc00
3fbb6600
3f37c000
3f757000
3f967000
3f892800
3f8ebc00
3f69a000
3f347800
3fa36800
3f130000
3f068800
3f67a800
3f819c00
3f593800
3f8dc000
3f5f2000
3f3d0000
3f535000
3f888000
3fd4b000
3f8b7400
3fbac000
3fcd8e00
3fcc4200
3fd6a200
3f61c000
3f308800
3f631000
3f76c000
3f280000
3fa36800
3f644000
3f500800
3f4eb800
3faa8a00
3fc1e200
3f7d5000
3f4eb800
3f909a00
3f386800
3fb59000
3f9a5400
3f6ee000
3f806400
3fa55a00
3fd74800
3f825600
3f819c00
3f8ebc00
3f2fe000
3f4ac800
3f367000
3f0dc000
3f199000
3fa55a00
3f1c3000
3fd2be00
3f86e000
3fca5000
3f221800
3f4f6000
3fd55600
3f199000
3f5fc800
3fb4ea00
3f8a1e00
3f859400
3f515800
3fb59000
3f3ef800
3f6abc00
3fa89800
3f332800
3f952400
3f0a7800
3f909a00
3f66d800
3f7b5800
3f295000
3f352000
3fb78200
3fa74c00
3f697000
3f7f7c00
3f40f000
3efab000
3f4cc000
3f37c000
3f391000
3fb8ce00
3f110800
3f909a00
3f742000
3f93fc00
3f819c00
3f9c4600
3fe1a800
3f593800
3f8a1e00
3f6fec00
3f737800
3f77b400
3fafba00
3fb2f800
3f7a4c00
3f179800
3f605c00
3f70d800
3f5c7800
3f306000
3f37c000
3f63b800
3f4c1800
3fa40e00
3f8ff400
3fc1e200
3f9e7c00
3f4d6800
3f3bb000
3f9c4600
3f3d5800
3f386800
3f55fc00
3fac7c00
3f8e6800
3f9ede00
3fda8600
3fcaf600
3fb59000
3f8f6400
3f825600
3fde6a00
3f737800
3f8c1000
3f77b400
3fa55a00
3faa8a00
3f834000
3f7a4c00
3fc85e00
3f863400
3f4a2000
3f897800
3f092800
3f443800
3f328000
3f4b7000
3f97bc00
3fc90400
3f93d800
3f482800
3fa9e400
3fa9e400
3f84ee00
3f892800
3f76c000
3fb4ea00
3f8a2400
3fb4ea00
3f347800
3fcce800
3fc9aa00
3f50cc00
3f217000
3f4cc000
3fc9aa00
3f6d5400
3f67a800
3f728400
3f6f8800
3f347800
3f424000
3f0b2000
3f2c9800
3f5e7800
3f91e600
3f6a4800
3f5b3000
3f77b400
3f4b9c00
3f806400
3f84ee00
3fb06000
3f6d9000
3f9f8400
3f7d5000
3f909a00
3f68f800
3f990800
3f84ee00
3f6f8800
3f849000
3f54a000
3fa02a00
3f914000
3fa0d000
3f9c4600
3f863400
3f1c3000
3f20c800
3f50cc00
3f80f400
3f82fc00
3f029800
3f6d9000
3f73d000
3f4d6800
3f88d200
3f424000
3f386800
3f6fec00
3f910800
3fb8ce00
3f9afa00
3f737800
3f54a000
3f8c1000
3fadc800
3f697000
3f59e000
3f55f000
3f631000
3f482800
3f685000
3f463000
3f878400
3fb8ce00
3f4c1800
3fbc0c00
3f6af000
3fde6a00
3f781000
3f84ee00
3f478000
3fc9aa00
3f8a1e00
3fcd8e00
3f781000
3f605c00
3f5b3000
3f9c4600
3f386800
3fe82400
3f2e9000
3fa2c200
3f26b000
3f1c3000
3f9d9200
3f9a3800
3f95a000
3f82fc00
3f910800
3f8b7400
3f9d9200
3fa0c800
3f971600
3f7f7c00
3f0f1000
3fb44400
3f33d000
3f78b800
3f90b400
3f5bd800
3f8acc00
3f179800
3fc13c00
3f59e000
3fd21800
3f9f8400
3fb25200
3f308800
3fae6e00
3fa74c00
3fb44400
3f61c000
3f8dc000
3f8a2400
3fab3000
3f68f800
3f859400
3f164800
3fa89800
3f574800
3fbea400
3f993c00
3f463000
3f535000
3fac7c00
3f665800
3fda8600
3f82fc00
3fefec00
3f863a00
3f295000
3f36dc00
3fd2be00
3fbdfe00
3f500800
3f909a00
3fa2c200
3f5a8800
3f280000
3f4f8000
3f4ac800
3f933200
3f184000
3f605c00
3f928c00
3f6ee000
3f308800
3f70d800
3f697000
3f6ee000
3f8ea800
3f9c4600
3f9d9200
3f9f8400
3f824400
3f8f4e00
3f05e000
3f50cc00
3f909a00
3f236800
3f6f8800
3f82fc00
3fc7b800
3f8c1000
3f8a1e00
3fae6e00
3f897800
3f43d400
3f90b400
3f7e3000
3f8d1800
3f6c0800
3fca5000
3f78b800
3fbdfe00
3f611800
3fb6dc00
3f463000
3f589400
3f9c8400
3f68f800
3f77b400
3ef6c000
3f878400
3f757000
3f593800
3f347800
3f18e800
3f63b800
3f766800
3f2fe000
3fb44400
3f31d800
3f8f6400
3fa6a600
3f87d800
3f80a000
3fbea400
3f925800
3fbf4a00
3f18e800
3f824400
3f933200
3f93fc00
3fdc7800
3f382800
3f7ce400
3f6c0800
3f31d800
3f9cec00
3f8cb600
3f99e400
3fc3d400
3fa74c00
3f3e5000
3f888000
3f391000
3f1f7800
3fa36800
3f888000
3f221800
3fb78200
3f87d800
3fc7b800
3f834000
3f77b400
3f69a000
3f4f8000
3fa0d000
3f8a2400
3f439000
3f7a4c00
3f1ed000
3f073000
3f892800
3f295000
3f1cd800
3f569800
3f952400
3f106000
3fe8ca00
3f83a200
3fbc0c00
3f878600
3fa36800
3f6d5400
3f4eb800
3f67a800
3f63b800
3f89d000
3f83a200
3fafba00
3f86e000
3f8c1c00
3f439000
3fd21800
3f9a5400
3f497800
3f31d800
3f9ba000
3fa40e00
3f8ff400
3fa6a600
3f37c000
3f466c00
3f882c00
3fa0d000
3f536400
3f5c7800
3f57e800
3f125800
3fa21c00
3f737800
3fbf4a00
3f554800
3fafba00
3f806400
3fb63600
3f367000
3f819c00
3f443800
3f466c00
3f352000
3f844800
3fb97400
3fc71200
3f82ec00
3f971600
3f24b800
3f53f800
3f742000
3f5b3000
3f61c000
3fcb9c00
3f54a000
3fa0d000
3fe97000
3fcf8000
3f497800
3f61c000
3f73d000
3f611800
3f790000
3f3b0800
3f260800
3f57e800
3f57e800
3f658c00
3f1e2800
3f4eb800
3f20c800
3fb8ce00
3f967000
3f9ae000
3f88d200
3fd6a200
3f6abc00
3f990800
3f5c7800
3fbff000
3f5d2800
3f9cec00
3f500800
3f9cec00
3f8a2400
3f99ae00
3f766800
3f2bf000
3fb06000
3f07d800
3f3ff000
3f670000
3f0dc000
3f952400
3f9c4600
3fbff000
3fae6e00
3f83a200
3faf1400
3f84ee00
3fa11c00
3f5f2000
3f909a00
3f77b400
3fdbd200
3f644000
3f84ee00
3f806400
3f59e000
3f8ff400
3f9ede00
3fd17200
3f308800
3f82ec00
3f697000
3fb63600
3fce3400
3fa2c200
3f073000
3fb2f800
3f84ee00
3f824400
3f574000
3f46d800
3fa0d000
3f6ee000
3faf1400
3f8d5c00
3f6fec00
3fbc0c00
3f665800
3f93d800
3f84ee00
3f76c000
3fd02600
3fa40e00
3f8ea800
3f4f6000
3f6c4000
3f82fc00
3fa60000
3f882c00
3f6fec00
3f8acc00
3f82ec00
3f986200
3f697000
3f7ce400
3f7ea000
3f3e5000
3f35c800
3f86dc00
3fdfb600
3f86dc00
3f78b800
3fd55600
3f3da800
3f9d9200
3f86e000
3f5d2800
3f80a000
3f37c000
3f819c00
3f352000
3fd36400
3f4cc000
3f382800
3f014800
3f1d8000
3f78b800
3f424000
3fc85e00
3fb97400
3fb25200
3f490400
3f9a5400
3f3ef800
3f4b9c00
3f8ea800
3faf1400
3f6abc00
3faa8a00
3f8a2400
3fb63600
3f59e000
3f88d200
3f7ca800
3f88d200
3f93d800
3f993c00
3f521800
3fbd5800
3fa9e400
3fef4600
3f8b7400
3fc47a00
3fa4b400
3f0e6800
3f81b000
3fba1a00
3f482800
3f952400
3f993c00
3f878400
3f8cb600
3f478000
3fb44400
3f8ff400
3f766800
3f7ce400
3f8ff400
3f9c4600
3f76c000
3f900c00
3f5c8000
3fb59000
3fe10200
3f589400
3f295000
3fd2be00
3f7a4c00
3f40f000
3f97ec00
3f91e600
3f757000
3fe58c00
3fcaf600
3f8c1000
3f844800
3f9a5400
3f790000
3fe77e00
3f91e600
3f8a2400
3f626800
3f535000
3f01f000
3f256000
3fa1c400
3fbac000
3f78b800
3f8c1c00
3f1e2800
3f5e7800
3f4c1800
3f424000
3f7a0800
3f53f800
3fb78200
3f3ef800
3fda8600
3f605c00
3efab000
3fabd600
3f607000
3f91e600
3fbd5800
3f497800
3f397400
3f386800
3f4d6800
3f4b7000
3fac7c00
3efea000
3fd0cc00
3faf1400
3fdbd200
3f397400
3f3b0800
3f6a4800
3fa02a00
3fb06000
3f39b800
3fe82400
3f930000
3f0fb800
3f933200
3fbc0c00
3f2de800
3f8acc00
3f742000
3fb78200
3f4f6000
3f83a200
3f8d5c00
3f825600
3f4c1800
3fb78200
3f4c1800
3f28a800
3f8d5c00
3f8acc00
3f84ee00
3f658c00
3f928c00
3f722800
3f626800
3f88d200
3f1cd800
3f55f000
3fb63600
3ef6c000
3fedfa00
3f371800
3f3d0000
3f61c000
3f95ca00
3f863a00
3f463000
3f1d8000
3f986200
3f7ca800
3f59e000
3fc9aa00
3f9ede00
3f86dc00
3f611800
3f7a4c00
3f5f1000
3fb8ce00
3f665800
3f8b7400
3f742000
3fd0cc00
3f83a200
3f863a00
3f359000
3f589000
3f84ee00
3f7f7c00
3fc9aa00
3f824400
3f909a00
3f1cd800
3f458800
3fa02a00
3fa36800
3f6d9000
3f43d400
3fa89800
3f6ee000
3fcd8e00
3f7e3000
3f3d0000
3f4ce800
3f3e5000
3fe82400
3f95ca00
3f990800
3fa21c00
3f73d000
3f24b800
3f4a2000
3f1c3000
3fb4ea00
3f930000
3fa60000
3f825600
3fb78200
3fd55600
3f217000
3f65b000
3f91e600
3f5dc400
3fb10600
3f4ac800
3f9d9200
3fbea400
3f3c5800
3f897800
3fd6a200
3f82ec00
3f8dc000
3f8c7000
3f3ef800
3f4f6000
3f32f800
3f849000
3f593800
3f439000
3f892800
3f8b6a00
3fc3d400
3f781000
3fd2be00
3f404800
3f236800
3fb25200
3f834000
3f569800
3f6ee000
3fc52000
3f9f8400
3f757000
3f1e2800
3fc5c600
3f2de800
3fb44400
3f68f800
3fd89400
3f658c00
3f4f8000
3fd55600
3f5dc400
3f713800
3f954c00
3f2aa000
3fc5c600
3f328000
3f834000
3fc71200
3f2bf000
3f8acc00
3f952400
3f8ea800
3f990800
3f858c00
3f328000
3f86dc00
3fa17600
3f8dc000
3f954c00
3fab3000
3fb1ac00
3f84ee00
3f5b3000
3f7ea000
3fd02600
3fd02600
3f424000
3f0a7800
3f878600
3f40f000
3f15a000
3f790000
3f7ff000
3f87d800
3f7ca800
3f59e000
3f521800
3f5dc400
3fad2200
3f78b800
3f106000
3f909a00
3f8a2400
3f22c000
3f971600
3fa36800
3f6abc00
3f125800
3f497800
3f882c00
3fba1a00
3f4b7000
3f569800
3f863a00
3f65b000
3f382800
3f7ea000
3f5e7800
3f4ac800
3fa7f200
3f9c4600
3f4b9c00
3f824400
3f3ef800
3f9cec00
3fbac000
3f53f800
3f858c00
3f8d5c00
3f5c8000
3f2fe000
3f76c000
3fa02a00
3fd89400
3fca5000
3f9c4600
3f5e7800
3f33d000
3fca5000
3fb78200
3f280000
3f70d800
3fb44400
3f3c5800
3f9cec00
3f7e3000
3fa2c200
3f781000
3f391000
3f66d800
3f6af000
3f9cec00
3f3d0000
3f569800
3f967000
3f7ea000
3fd5fc00
3f7a4c00
3f66d800
3fc66c00
3f88d200
3fc09600
3f20c800
3fbb6600
3f897800
3f990800
3f7d5000
3f61c000
3f83a200
3fbac000
3f3fa000
3fdd1e00
3ff1de00
3f954c00
3fa17600
3f59e000
3f99e400
3f7e3000
3f0f1000
3f952400
3fab3000
3fc32e00
3fd40a00
3fc90400
3fb39e00
3f164800
3f757000
3f6ee000
3f497800
3f8ea800
3f8ff400
3f8d5c00
3f8c1000
3fb78200
3f928c00
3fa40e00
3f569800
3f2d4000
3f8ff400
3f2f3800
3fa89800
3f8d1800
3f8b6a00
3f607000
3f925800
3fca5000
3f928c00
3f57e800
3fce3400
3fa02a00
3f65b000
3f70d800
3f8b6a00
3f888000
3f9ba000
3f91e600
3f990800
3f930000
3f8a1e00
3f8ea800
3fd4b000
3f42e800
3f48d000
3f33d000
3f6af000
3f834000
3fda8600
3ef96000
3f8cb600
3f7ca800
3f97ec00
3f7ff000
3f221800
3fcf8000
3f8a1e00
3f2f3800
3f569800
3f8d5c00
3fe97000
3f8acc00
3f6f8800
3f6d9000
3f9ba000
3fa9e400
3f1d8000
3f463000
3f790000
3f554800
3f14f800
3f7e3000
3f428800
3f91e600
3f569800
3f806400
3f61c000
3f217000
3f611800
3f6d9000
3f849000
3f82ec00
3f849000
3f892800
3f935400
3fadc800
3f900c00
3f3e5000
3fdfb600
3f3bb000
3f2e9000
3f9a5400
3f3da800
3f62f400
3f925800
3f36dc00
3f4d6800
3f22c000
3f9c4600
3f7ca800
3f990800
3fd4b000
3f824400
3f29f800
3f658c00
3f391000
3fc90400
3f8d5c00
3f97ec00
3f3ef800
3fa74c00
3f8f4e00
3f7ea000
3f8a1e00
3f50cc00
3fd36400
3f947e00
3f9e7c00
3f40f000
3f371800
3f42e800
3f7ce400
3f897800
3f8d5c00
3f94a400
3f9ede00
3fbf4a00
3f5dc400
3fc13c00
3f8cb600
3fae6e00
3f419800
3f3b0800
3f5fc800
3fa6a600
3f790000
3f20c800
3f971600
3fceda00
3f757000
3f3e5000
3f80a000
3fb78200
3fd17200
3f825600
3fc7b800
3f82fc00
3f313000
3f728400
3fad2200
3fb25200
3f88d200
3f458800
3f54a000
3f42e800
3f757000
3f7a0800
3f569800
3fb6dc00
3f4b7000
3fc52000
3f5e7800
3fcb9c00
3f954c00
3f3b0800
3f3ff000
3f6c0800
3fb44400
3f554800
3f96f000
3f371800
3fa93e00
3f90b400
3f909a00
3f3d0000
3f8a1e00
3fd93a00
3f858c00
3f59e000
3f28a800
3fb1ac00
3f6fec00
3f626800
3f631000
3f9e3800
3f3c0c00
3fc13c00
3fe63200
3f83e800
3f7ce400
3f31d800
3f8ff400
3f275800
3f952400
3f7b5800
3f7ce400
3f332800
3f428800
3f3d5800
3f713800
3f463000
3fd0cc00
3fb97400
3f7ff000
3f849000
3f954c00
3f9e7c00
3f4eb800
3f90b400
3f897800
3f295000
3fa6a600
3f2c9800
3f3a6000
3f424000
3f7a4c00
3f8c1000
3fa55a00
3f8c7000
3f3e5000
3f8d5c00
3f236800
3f3e5000
3f9f8400
3f199000
3f971600
3f0bc800
3fc71200
3fa55a00
3f909a00
3f68f800
3fa4b400
3f7b5800
3f382800
3f8b7400
3f84ee00
3f3c0c00
3f221800
3fbc0c00
3f391000
3f6d9000
3f646000
3f897800
3f834000
3f419800
3f878400
3fa40e00
3f8ff400
3fd2be00
3f497800
3f18e800
3fcf8000
3f6a4800
3f7ff000
3f3ea400
3f892800
3fd9e000
3f6c4000
3f737800
3fcb9c00
3fa21c00
3f7a4c00
3f6af000
3fb4ea00
3fc1e200
3f78b800
3f5c8000
3f7a4c00
3f78b800
3f419800
3f13a800
3f554800
3f2bf000
3fa40e00
3f882c00
3f93d800
3f5a8800
3f964800
3f611800
3f7ea000
3fcc4200
3fda8600
3f217000
3fa36800
3f8cb600
3f73d000
3f490400
3fa89800
3f88d200
3f863a00
3f391000
3f3ea400
3f6af000
3f8f6400
3f463000
3f520000
3f6c4000
3f46d800
3fadc800
3f7f7c00
3f125800
3f3fa000
3f66d800
3f9c8400
3f3e5000
3fa40e00
3fd74800
3f605c00
3f466c00
3f574800
3f1ae000
3f490400
3f8cb600
3f967000
3f90b400
3f3fa000
3f9d9200
3f824400
3f83a200
3f4c1800
3fa55a00
3fa4b400
3f419800
3f80a000
3f42e800
3f466c00
3f1ed000
3f7ff000
3f713800
3f697000
3f964800
3f914000
3fb1ac00
3f8ff400
3fa21c00
3f5c8000
3f7f7c00
3fd74800
3f7ea000
3f757000
3f5a8800
3f863a00
3f781000
3f9afa00
3f1c3000
3f308800
3f8b7400
3f888000
3f8acc00
3f28a800
3f859400
3f9c4600
3f82ec00
3f83a200
3f554800
3f9d9200
3f737800
3f4c1800
3f825600
3f439000
3f9ae000
3fd93a00
3f8e6800
3f053800
3f90b400
3f4eb800
3f4ac800
3fc28800
3f371800
3fd40a00
3f2e9000
3f569800
3f97ec00
3f3ff000
3fa2c200
3f439000
3f626800
3f858c00
3fc47a00
3f737800
3f202000
3f935400
3f6d9000
3f68f800
3fa0d000
3f70d800
3f332800
3f631000
3f933200
3f24b400
3fc9aa00
3f8f4e00
3fc32e00
3fdc7800
3fb59000
3f8b7400
3f95ca00
3f520000
3f313000
3f2f1400
3fc5c600
3fb1ac00
3f179800
3f260800
3f7f7c00
3f834000
3fc1e200
3f878400
3f7a4c00
3f713800
3f986200
3f84ee00
3f757000
3f391000
3f4c1800
3f8acc00
3fe97000
3f6af000
3f589000
3f5a8800
3f535000
3feabc00
3fb97400
3f5e7800
3f8a2400
3f6c0800
3f882c00
3f424000
3fd6a200
3f535000
3f95a000
3f78b800
3fb2f800
3f382800
3f5dc400
3f500800
3f4d6800
3f391000
3fb63600
3f863a00
3f82fc00
3f8f6400
3fa02a00
3f7ce400
3fd89400
3f6fec00
3f574800
3f8b6a00
3f24b800
3fceda00
3f48d000
3f644000
3f014800
3f3fa000
3f5c7800
3f819c00
3fe2f400
3f86e000
3fddc400
3fdbd200
3f6ee000
3f781000
3f882c00
3f2aa000
3f8f6400
3f863400
3f993c00
3f439000
3f59e000
3f66d800
3f91b000
3fbb6600
3f87d800
3f97bc00
3fc71200
3f849000
3f0b2000
3f86dc00
3f5bd800
3fa74c00
3f933200
3fc52000
3fd36400
3f83a200
3f275800
3f6d5400
3f781000
3f97bc00
3f86e000
3fba1a00
3f806400
3fca5000
3f9ba000
3fbea400
3f8ea800
3f3c5800
3f7ff000
3f62f400
3f90b400
3fab3000
3f40f000
3f371800
3f6fec00
3f0fb800
3fce3400
3fa6a600
3f93d800
3fbc0c00
3f59e000
3f89d000
3f8c7000
3f665800
3f5e7800
3f757000
3f9f8400
3f35c800
3f110800
3f7ff000
3f76c000
3f164800
3f404800
3f971600
3f933200
3f7f7c00
3f6c4000
3fb82800
3f888000
3f95a000
3f86e000
3fd6a200
3f863400
3f07d800
3fbb6600
3fe44000
3fa60000
3f574000
3f260800
3f31d800
3f935400
3f86dc00
3f888000
3f859400
3f59e000
3f6abc00
3f825600
3f892800
3f9f7800
3f824400
3f9c4600
3f8c1c00
3f819c00
3fb8ce00
3f347800
3f9a5400
3f790000
3f32f800
3f59e000
3fa89800
3f48d000
3f404800
3f8d5c00
3f4eb800
3f697000
3f1ed000
3f5fc800
3f66d800
3f97ec00
3f989400
3f82fc00
3f863400
3f66d800
3f4f8000
3f80a000
3f39b800
3f646000
3f878600
3f386800
3fd0cc00
3f31d800
3f049000
3fb10600
3f94a400
3f391000
3f95a000
3f2e9000
3f15a000
3fd89400
3f2d4000
3f313000
3fa4b400
3f3c5800
3f928c00
3f110800
3f7a4c00
3f81b000
3f67a800
3f8a2400
3f737800
3f4eb800
3fb63600
3f6c4000
3f928c00
3f0c7000
3fa36800
3f5a8800
3f909a00
3fdb2c00
3fda8600
3f844800
3f82fc00
3fbff000
3f01f000
3fc3d400
3f82fc00
3f8cb600
3f967000
3f6c0800
3f78b800
3f86e000
3f7d5000
3f87d800
3f824400
3fbd5800
3f94a400
3faa8a00
3f295000
3f8f4e00
3fd02600
3f61c000
3f80a000
3f766800
3f9a5400
3f9ede00
3f82fc00
3f54a000
3fb25200
3f6d9000
3f18e800
3f82fc00
3f7f7c00
3fc7b800
3fc47a00
3f3ea400
3fa0d000
3fbea400
3f241000
3fc3d400
3f8cb600
3fb78200
3f6d5400
3f77b400
3f48d000
3fbdfe00
3fcd8e00
3f9ba000
3f930000
3fd40a00
3f1ed000
3fbf4a00
3f878400
3fea1600
3f93d800
3f882c00
3f967000
3f7d5000
3f81b000
3f145000
3f825600
3f164800
3f14f800
3f6abc00
3f757000
3f6fec00
3f332800
3f8ebc00
3fa93e00
3f2bf000
3f84ee00
3f59e000
3f77b400
3f8f4e00
3fb4ea00
3f13a800
3fb1ac00
3f535000
3fb1ac00
3fa02a00
3f68f800
3f933200
3f7ff000
3f611800
3f3fa000
3fc52000
3fa0d000
3fddc400
3f275800
3f574000
3f888000
3f6fec00
3f7f7c00
3f910800
3f95ca00
3f4cc000
3f28a800
3f295000
3f97ec00
3f55f000
3f95ca00
3f8ff400
3fc28800
3f935400
3f3da800
3fc13c00
3faf1400
3fa4b400
3f8ff400
3f810a00
3f825600
3f092800
3fc52000
3fb97400
3fad2200
3fadc800
3f2aa000
3f589000
3f256000
3fcb9c00
3f897800
3f94a400
3fbea400
3f332800
3fa93e00
3f781000
3fa4b400
3fc66c00
3f757000
3fa0d000
3fb10600
3f260800
3fab3000
3f5d2800
3f766800
3fedfa00
3f790000
3f6c0800
3f914000
3f8acc00
3f83a200
3efea000
3f3ea400
3f7a0800
3f77b400
3f9cec00
3fb8ce00
3fa21c00
3f82ec00
3f8ea800
3fa0d000
3f8dc000
3fc85e00
3f6c4000
3f909a00
3f83e800
3fa93e00
3f990800
3fd74800
3f371800
3fb97400
3fc09600
3f554800
3f2b4800
3f888000
3f882c00
3f289800
3f766800
3f7a0800
3f452000
3f83e800
3fad2200
3f7d5000
3fceda00
3f2c7c00
3f86dc00
3f40f000
3f2c9800
3f9ba000
3f53f800
3f6ee000
3f930000
3f77b400
3f670000
3f2b4800
3f8dc000
3f849000
3fa2c200
3f35c800
3fb06000
3f313000
3f89d000
3f806400
3f650800
3fbc0c00
3f256000
3f66d800
3fd21800
3fa7f200
3f9d9200
3f0d1800
3f458800
3fcd8e00
3f313000
3f569800
3f4ac800
3f611800
3f8f6400
3f65b000
3fa40e00
3f878400
3f80f400
3f5fc800
3f658c00
3fbac000
3fa02a00
3f900c00
3fa9e400
3f106000
3f7d5000
3f37c000
3f3a6000
3f742000
3f9ba000
3f6af000
3fbac000
3f8b7400
3f80a000
3f6ee000
3fb25200
3f80f400
3f1cd800
3f93d800
3f91e600
3f61c000
3fedfa00
3f4d6800
3f853800
3f6d5400
3f5c8000
3f863a00
3f6f8800
3f81b000
3f6abc00
3f50cc00
3f382800
3f1e3800
3f221800
3f14f800
3f092800
3ef81000
3f713800
3f574800
3f3ea400
3f24b400
3f256000
3f184000
3f0c7000
3efea000
3f790000
3f5f1000
3f466c00
3f2c7c00
3f29f800
3f1cd800
3f106000
3f034000
3f7f7c00
3f658c00
3f4ce800
3f32f800
3f2d4000
3f202000
3f13a800
3f068800
3ef57000
3f6d5400
3f55fc00
3f3c0c00
3f236800
3f24b800
3f184000
3f0b2000
3efd5000
3f73d000
3f5c7800
3f428800
3f29e400
3f280000
3f1b8800
3f0e6800
3f01f000
3f7ce400
3f644000
3f4a5000
3f31ac00
3f2c9800
3f202000
3f130000
3f068800
3f81b000
3f6abc00
3f50cc00
3f382800
3f2fe000
3f236800
3f164800
3f09d000
3ef96000
3f728400
3f589400
3f3ff000
3f260000
3f280000
3f1ae000
3f0e6800
3f014800
3f790000
3f5f1000
3f466c00
3f2c7c00
3f2b4800
3f1e2800
3f11b000
3f049000
3f806400
3f66d800
3f4f8000
3f359000
3f2f3800
3f221800
3f164800
3f092800
3f83a200
3f6d5400
3f55fc00
3f3c0c00
3f328000
3f256000
3f199000
3f0c7000
3efff000
3f766800
3f5dc400
3f43d400
3f2b3000
3f29f800
3f1d8000
3f106000
3f049000
3f7ce400
3f644000
3f4a5000
3f31ac00
3f2d4000
3f20c800
3f13a800
3f07d800
3f825600
3f6c0800
3f521800
3f397400
3f31d800
3f256000
3f184000
3f0bc800
3f859400
3f728400
3f589400
3f3ff000
3f352000
3f28a800
3f1b8800
3f0f1000
3f01f000
3f7a4c00
3f605c00
3f490400
3f2f1400
3f2d4000
3f202000
3f13a800
3f068800
3f806400
3f66d800
3f4f8000
3f359000
3f308800
3f236800
3f16f000
3f09d000
3f84ee00
3f6fec00
3f574800
3f3d5800
3f352000
3f280000
3f1b8800
3f0e6800
3f882c00
3f766800
3f5dc400
3f43d400
3f2b3000
3f2b4800
3f1ed000
3f11b000
3f053800
3f7e3000
3f658c00
3f4b9c00
3f32f800
3f2f3800
3f236800
3f164800
3f09d000
3f825600
3f6c0800
3f521800
3f397400
3f328000
3f26b000
3f199000
3f0d1800
3f863a00
3f73d000
3f59e000
3f428800
3f371800
3f2aa000
3f1d8000
3f11b000
3f897800
3f7a4c00
3f605c00
3f490400
3f2f1400
3f2de800
3f20c800
3f14f800
3f07d800
3f81b000
3f697000
3f50cc00
3f36dc00
3f328000
3f256000
3f18e800
3f0bc800
3f84ee00
3f6fec00
3f574800
3f3d5800
3f35c800
3f28a800
3f1c3000
3f0f1000
3f88d200
3f77b400
3f5f1000
3f452000
3f3a6000
3f2d4000
3f20c800
3f13a800
3f8c1000
3f7e3000
3f658c00
3f4b9c00
3f32f800
3f308800
3f241000
3f16f000
3f0a7800
3f82fc00
3f6d5400
3f536400
3f3c0c00
3f352000
3f28a800
3f1b8800
3f0f1000
3f863a00
3f73d000
3f59e000
3f428800
3f386800
3f2bf000
3f1ed000
3f125800
3f8a1e00
3f7ce400
3f62f400
3f4a5000
3f3c5800
3f308800
3f236800
3f16f000
3f8d5c00
3f81b000
3f697000
3f50cc00
3f36dc00
3f33d000
3f26b000
3f1a3800
3f0d1800
3f859400
3f713800
3f589400
3f3ea400
3f37c000
3f2aa000
3f1ed000
3f11b000
3f88d200
3f77b400
3f5f1000
3f452000
3f3b0800
3f2de800
3f221800
3f14f800
3f8cb600
3f7f7c00
3f66d800
3f4ce800
3f3fa000
3f328000
3f260800
3f18e800
3f0d1800
3f82fc00
3f6d5400
3f536400
3f3c0c00
3f35c800
3f295000
3f1c3000
3f106000
3f86e000
3f766800
3f5c7800
3f43d400
3f3a6000
3f2de800
3f20c800
3f145000
3f8a1e00
3f7ce400
3f62f400
3f4a5000
3f3da800
3f313000
3f241000
3f179800
3f8ea800
3f825600
3f6abc00
3f521800
3f424000
3f35c800
3f28a800
3f1c3000
3f0f1000
3f859400
3f713800
3f589400
3f3ea400
3f391000
3f2bf000
3f1f7800
3f125800
3f897800
3f790000
3f605c00
3f466c00
3f3da800
3f308800
3f241000
3f16f000
3f8cb600
3f7f7c00
3f66d800
3f4ce800
3f40f000
3f33d000
3f275800
3f1a3800
3f909a00
3f83a200
3f6fec00
3f55fc00
3f44e000
3f37c000
3f2bf000
3f1ed000
3f125800
3f86e000
3f766800
3f5c7800
3f43d400
3f3b0800
3f2f3800
3f221800
3f15a000
3f8b6a00
3f7e3000
3f644000
3f4b9c00
3f3fa000
3f332800
3f260800
3f1a3800
3f8ea800
3f825600
3f6abc00
3f521800
3f42e800
3f367000
3f295000
3f1d8000
3f928c00
3f863a00
3f728400
3f59e000
3f478000
3f3b0800
3f2de800
3f217000
3f145000
3f897800
3f790000
3f605c00
3f466c00
3f3e5000
3f313000
3f24b800
3f179800
3f8d5c00
3f806400
3f697000
3f4f8000
3f42e800
3f35c800
3f295000
3f1c3000
3f909a00
3f83a200
3f6fec00
3f55fc00
3f463000
3f391000
3f2c9800
3f1f7800
3f952400
3f882c00
3f77b400
3f5dc400
3f452000
3f3da800
3f313000
3f241000
3f179800
3f8b6a00
3f7e3000
3f644000
3f4b9c00
3f40f000
3f347800
3f275800
3f1ae000
3f8f4e00
3f82fc00
3f6c0800
3f536400
3f44e000
3f391000
3f2bf000
3f1f7800
3f928c00
3f863a00
3f728400
3f59e000
3f482800
3f3c5800
3f2f3800
3f22c000
3f967000
3f8a1e00
3f7a4c00
3f62f400
3f490400
3f404800
3f332800
3f275800
3f1a3800
3f8d5c00
3f806400
3f697000
3f4f8000
3f439000
3f367000
3f2aa000
3f1d8000
3f91e600
3f84ee00
3f713800
3f574800
3f482800
3f3b0800
3f2e9000
3f217000
3f952400
3f882c00
3f77b400
3f5dc400
3f4b7000
3f3e5000
3f31d800
3f24b800
3f990800
3f8c1000
3f7f7c00
3f658c00
3f4ce800
3f42e800
3f367000
3f295000
3f1cd800
3f8f4e00
3f82fc00
3f6c0800
3f536400
3f463000
3f39b800
3f2c9800
3f202000
3f933200
3f86e000
3f73d000
3f5c7800
3f4ac800
3f3e5000
3f313000
3f24b800
3f967000
3f8a1e00
3f7a4c00
3f62f400
3f4e1000
3f419800
3f347800
3f280000
3f9a5400
3f8ea800
3f81b000
3f6abc00
3f50cc00
3f463000
3f391000
3f2c9800
3f1f7800
3f91e600
3f84ee00
3f713800
3f574800
3f497800
3f3c5800
3f2fe000
3f22c000
3f95ca00
3f88d200
3f790000
3f5f1000
3f4d6800
3f404800
3f347800
3f275800
3f990800
3f8c1000
3f7f7c00
3f658c00
3f50b000
3f439000
3f37c000
3f2aa000
3f1e2800
3f8ff400
3f83a200
3f6d5400
3f55fc00
3f482800
3f3bb000
3f2e9000
3f22c000
3f933200
3f86e000
3f73d000
3f5c7800
3f4b7000
3f3ef800
3f31d800
3f260800
3f971600
3f8b6a00
3f7ce400
3f644000
3f500800
3f439000
3f367000
3f29f800
3f9a5400
3f8ea800
3f81b000
3f6abc00
3f535000
3f46d800
3f39b800
3f2d4000
3f202000
3f928c00
3f859400
3f728400
3f589400
3f4b7000
3f3e5000
3f31d800
3f24b800
3f95ca00
3f88d200
3f790000
3f5f1000
3f4eb800
3f419800
3f352000
3f280000
3f99ae00
3f8cb600
3f806400
3f66d800
3f535000
3f463000
3f39b800
3f2c9800
3f9cec00
3f8ff400
3f83a200
3f6d5400
3f569800
3f497800
3f3d0000
3f2fe000
3f236800
3f93d800
3f882c00
3f766800
3f5dc400
3f4d6800
3f419800
3f347800
3f280000
3f971600
3f8b6a00
3f7ce400
3f644000
3f50b000
3f44e000
3f37c000
3f2b4800
3f9ba000
3f8f4e00
3f825600
3f6c0800
3f554800
3f48d000
3f3bb000
3f2fe000
3f9ede00
3f928c00
3f859400
3f728400
3f589000
3f4c1800
3f3ef800
3f332800
3f260800
3f967000
3f897800
3f7a4c00
3f605c00
3f50b000
3f439000
3f371800
3f29f800
3f99ae00
3f8cb600
3f806400
3f66d800
3f53f800
3f46d800
3f3a6000
3f2d4000
3f9d9200
3f909a00
3f84ee00
3f6fec00
3f589000
3f4b7000
3f3ef800
3f31d800
3fa0d000
3f93d800
3f882c00
3f766800
3f5dc400
3f4eb800
3f424000
3f352000
3f28a800
3f986200
3f8c1000
3f7e3000
3f658c00
3f535000
3f46d800
3f39b800
3f2d4000
3f9ba000
3f8f4e00
3f825600
3f6c0800
3f569800
3f4a2000
3f3d0000
3f308800
3f9f8400
3f933200
3f863a00
3f73d000
3f5a8800
3f4eb800
3f419800
3f352000
3fa2c200
3f967000
3f897800
3f7a4c00
3f605c00
3f520000
3f44e000
3f386800
3f2b4800
3f9a5400
3f8d5c00
3f81b000
3f697000
3f55f000
3f48d000
3f3d0000
3f2fe000
3f9d9200
3f909a00
3f84ee00
3f6fec00
3f593800
3f4c1800
3f404800
3f332800
3fa21c00
3f952400
3f88d200
3f77b400
3f5dd000
3f50b000
3f443800
3f371800
3fa55a00
3f986200
3f8c1000
3f7e3000
3f658c00
3f53f800
3f478000
3f3a6000
3f2e9000
3f9c4600
3f8ff400
3f82fc00
3f6d5400
3f589000
3f4c1800
3f3ef800
3f328000
3f9f8400
3f933200
3f863a00
3f73d000
3f5bd800
3f4f6000
3f424000
3f35c800
3fa36800
3f971600
3f8a1e00
3f7ce400
3f607000
3f53f800
3f46d800
3f3a6000
3fa6a600
3f9a5400
3f8d5c00
3f81b000
3f697000
3f574000
3f4a2000
3f3da800
3f308800
3f9ede00
3f91e600
3f859400
3f713800
3f5bd800
3f4eb800
3f424000
3f352000
3fa21c00
3f952400
3f88d200
3f77b400
3f5f2000
3f520000
3f458800
3f386800
3fa60000
3f990800
3f8cb600
3f7f7c00
3f631000
3f55f000
3f4a2000
3f3d0000
3f308800
3f9c4600
3f8ff400
3f82fc00
3f6d5400
3f593800
3f4d6800
3f404800
3f33d000
3fa02a00
3f93d800
3f86e000
3f766800
3f5dd000
3f515800
3f443800
3f386800
3fa36800
3f971600
3f8a1e00
3f7ce400
3f611800
3f54a000
3f478000
3f3bb000
3fa74c00
3f9ba000
3f8ea800
3f825600
3f65b000
3f593800
3f4c1800
3f3fa000
3f328000
3f9ede00
3f91e600
3f859400
3f713800
3f5c8000
3f4f6000
3f42e800
3f35c800
3fa2c200
3f95ca00
3f897800
3f790000
3f611800
3f53f800
3f478000
3f3a6000
3fa60000
3f990800
3f8cb600
3f7f7c00
3f646000
3f574000
3f4ac800
3f3da800
3fa9e400
3f9cec00
3f909a00
3f83a200
3f68f800
3f5bd800
3f4f6000
3f424000
3f35c800
3fa02a00
3f93d800
3f86e000
3f766800
3f5f2000
3f52a800
3f458800
3f391000
3fa40e00
3f986200
3f8b6a00
3f7e3000
3f631000
3f574000
3f4a2000
3f3da800
3fa74c00
3f9ba000
3f8ea800
3f825600
3f665800
3f5a8800
3f4d6800
3f40f000
3fabd600
3f9f8400
3f928c00
3f863a00
3f6af000
3f5e7800
3f515800
3f458800
3f386800
3fa2c200
3f95ca00
3f897800
3f790000
3f61c000
3f54a000
3f48d000
3f3bb000
3fa6a600
3f99ae00
3f8d5c00
3f806400
3f665800
3f593800
3f4cc000
3f3fa000
3fa9e400
3f9cec00
3f909a00
3f83a200
3f69a000
3f5c8000
3f500800
3f42e800
3fadc800
3fa0d000
3f952400
3f882c00
3f77b400
3f611800
3f54a000
3f478000
3f3b0800
3fa40e00
3f986200
3f8b6a00
3f7e3000
3f646000
3f57e800
3f4ac800
3f3e5000
3fa89800
3f9c4600
3f8f4e00
3f82fc00
3f68f800
3f5c8000
3f4f6000
3f42e800
3fabd600
3f9f8400
3f928c00
3f863a00
3f6c4000
3f5fc800
3f52a800
3f463000
3fafba00
3fa36800
3f967000
3f8a1e00
3f7a4c00
3f646000
3f574000
3f4ac800
3f3da800
3fa6a600
3f99ae00
3f8d5c00
3f806400
3f67a800
3f5a8800
3f4e1000
3f40f000
3faa8a00
3f9d9200
3f91e600
3f84ee00
3f6b9800
3f5e7800
3f52a800
3f458800
3fadc800
3fa0d000
3f952400
3f882c00
3f6ee000
3f61c000
3f55f000
3f48d000
3fb25200
3fa55a00
3f990800
3f8c1000
3f7f7c00
3f665800
3f59e000
3f4cc000
3f40f000
3fa89800
3f9c4600
3f8f4e00
3f82fc00
3f69a000
3f5d2800
3f500800
3f443800
3fac7c00
3fa02a00
3f933200
3f86e000
3f6e3800
3f61c000
3f54a000
3f482800
3fafba00
3fa36800
3f967000
3f8a1e00
3f718000
3f650800
3f57e800
3f4b7000
3fb39e00
3fa74c00
3f9a5400
3f8ea800
3f81b000
3f69a000
3f5c8000
3f500800
3f42e800
3faa8a00
3f9d9200
3f91e600
3f84ee00
3f6ce800
3f5fc800
3f535000
3f463000
3faf1400
3fa21c00
3f95ca00
3f88d200
3f718000
3f646000
3f57e800
3f4ac800
3fb25200
3fa55a00
3f990800
3f8c1000
3f74c800
3f67a800
3f5b3000
3f4e1000
3f419800
3fae6e00
3f9d9200
3f8b6a00
3f751c00
3f722800
3f611800
3f4eb800
3f3d0000
3fb2f800
3fa21c00
3f8ff400
3f7e3000
3f76c000
3f65b000
3f535000
3f419800
3fb8ce00
3fa74c00
3f952400
3f844800
3f7ca800
3f6af000
3f589000
3f478000
3fbd5800
3fabd600
3f99ae00
3f88d200
3f80a000
3f6f8800
3f5d2800
3f4c1800
3f39b800
3fb1ac00
3f9f8400
3f8e0200
3f77b400
3f757000
3f631000
3f520000
3f3fa000
3fb63600
3fa40e00
3f928c00
3f806400
3f7a0800
3f67a800
3f569800
3f443800
3fbb6600
3fa93e00
3f986200
3f863a00
3f7ff000
3f6d9000
3f5c8000
3f4a2000
3fbff000
3fadc800
3f9cec00
3f8ac400
3f824400
3f722800
3f611800
3f4eb800
3f3d0000
3fb2f800
3fa21c00
3f8ff400
3f7e3000
3f781000
3f665800
3f53f800
3f42e800
3fb78200
3fa6a600
3f947e00
3f83a200
3f7ca800
3f6af000
3f589000
3f478000
3fbcb200
3fabd600
3f99ae00
3f88d200
3f80f400
3f70d800
3f5e7800
3f4d6800
3fc13c00
3fb06000
3f9e3800
3f8d5c00
3f834000
3f757000
3f631000
3f520000
3f3fa000
3fb59000
3fa36800
3f928c00
3f806400
3f7b5800
3f68f800
3f57e800
3f458800
3fba1a00
3fa7f200
3f971600
3f84ee00
3f7ff000
3f6d9000
3f5c8000
3f4a2000
3fbff000
3fadc800
3f9c4600
3f8a1e00
3f82ec00
3f737800
3f61c000
3f4f6000
3fc47a00
3fb25200
3fa0d000
3f8ea800
3f7b9800
3f781000
3f665800
3f53f800
3f42e800
3fb78200
3fa6a600
3f947e00
3f82fc00
3f7d5000
3f6c4000
3f59e000
3f48d000
3fbc0c00
3fab3000
3f990800
3f878600
3f80f400
3f70d800
3f5e7800
3f4d6800
3fc13c00
3fb06000
3f9e3800
3f8d5c00
3f83e800
3f76c000
3f646000
3f535000
3fc5c600
3fb4ea00
3fa2c200
3f91e600
3f7f7c00
3f7b5800
3f68f800
3f57e800
3f458800
3fba1a00
3fa7f200
3f971600
3f84ee00
3f80a000
3f6ee000
3f5d2800
3f4ac800
3fbea400
3fac7c00
3f9ba000
3f897800
3f82ec00
3f737800
3f61c000
3f4f6000
3fc3d400
3fb1ac00
3fa0d000
3f8ea800
3f858c00
3f78b800
3f67a800
3f554800
3fc85e00
3fb63600
3fa55a00
3f933200
3f825600
3f7d5000
3f6c4000
3f59e000
3f48d000
3fbc0c00
3faa8a00
3f986200
3f878600
3f819c00
3f722800
3f5fc800
3f4eb800
3fc09600
3faf1400
3f9cec00
3f8c1000
3f83e800
3f76c000
3f646000
3f535000
3fc5c600
3fb4ea00
3fa2c200
3f914000
3f86dc00
3f7ca800
3f6a4800
3f589000
3fca5000
3fb97400
3fa74c00
3f95ca00
3f83a200
3f80a000
3f6ee000
3f5d2800
3f4ac800
3fbea400
3fac7c00
3f9ba000
3f897800
3f834000
3f742000
3f631000
3f50b000
3fc32e00
3fb10600
3fa02a00
3f8e0200
3f858c00
3f78b800
3f67a800
3f554800
3fc85e00
3fb63600
3fa55a00
3f933200
3f888000
3f7ea000
3f6d9000
3f5b3000
3f4a2000
3fbac000
3fa9e400
3f97bc00
3f86e000
3f819c00
3f722800
3f5fc800
3f4eb800
3fbff000
3faf1400
3f9cec00
3f8c1000
3f849000
3f781000
3f65b000
3f53f800
3fc47a00
3fb39e00
3fa17600
3f909a00
3f86dc00
3f7ca800
3f6a4800
3f589000
3fca5000
3fb8ce00
3fa6a600
3f95ca00
3f89d000
3f80f400
3f6f8800
3f5e7800
3f4c1800
3fbd5800
3fab3000
3f9a5400
3f882c00
3f834000
3f742000
3f631000
3f50b000
3fc32e00
3fb10600
3f9f8400
3f8d5c00
3f863400
3f7a0800
3f68f800
3f569800
3fc7b800
3fb59000
3fa40e00
3f91e600
3f888000
3f7ea000
3f6d9000
3f5b3000
3fcce800
3fbac000
3fa9e400
3f97bc00
3f8b7400
3f824400
3f737800
3f611800
3f4f6000
3fbf4a00
3fae6e00
3f9c4600
3f8ac400
3f849000
3f781000
3f65b000
3f53f800
3fc47a00
3fb39e00
3fa17600
3f909a00
3f878400
3f7d5000
3f6af000
3f59e000
3fc90400
3fb82800
3fa60000
3f952400
3f89d000
3f80f400
3f6f8800
3f5e7800
3fce3400
3fbd5800
3fab3000
3f9a5400
3f8c7000
3f83e800
3f757000
3f646000
3f520000
3fc1e200
3fafba00
3f9ede00
3f8cb600
3f863400
3f7a0800
3f68f800
3f569800
3fc71200
3fb4ea00
3fa40e00
3f91e600
3f892800
3f7ff000
3f6ee000
3f5c8000
3fcb9c00
3fb97400
3fa89800
3f967000
3f8b7400
3f824400
3f737800
3f611800
3fd17200
3fbf4a00
3fadc800
3f9ba000
3f8ac400
3f853800
3f78b800
3f665800
3f554800
3fc3d400
3fb25200
3fa02a00
3f8f4e00
3f878400
3f7d5000
3f6af000
3f59e000
3fc90400
3fb82800
3fa60000
3f947e00
3f8a2400
3f819c00
3f70d800
3f5fc800
3fcd8e00
3fbcb200
3faa8a00
3f990800
3f8c7000
3f83e800
3f757000
3f646000
3fd2be00
3fc1e200
3fafba00
3f9ede00
3f8cb600
3f86dc00
3f7b5800
3f6a4800
3f57e800
3fc66c00
3fb44400
3fa36800
3f914000
3f892800
3f7ff000
3f6ee000
3f5c8000
3fcb9c00
3fb97400
3fa89800
3f967000
3f8c1c00
3f82ec00
3f742000
3f61c000
3fd02600
3fbdfe00
3fad2200
3f9afa00
3f8e6800
3f853800
3f78b800
3f665800
3fd55600
3fc32e00
3fb25200
3fa02a00
3f8f4e00
3f87d800
3f7ea000
3f6c4000
3f5b3000
3fc7b800
3fb6dc00
3fa4b400
3f93d800
3f8a2400
3f819c00
3f70d800
3f5fc800
3fcd8e00
3fbc0c00
3fa9e400
3f990800
3f8d1800
3f849000
3f76c000
3f65b000
3fd21800
3fc09600
3fae6e00
3f9d9200
3f8f6400
3f86dc00
3f7b5800
3f6a4800
3fd74800
3fc66c00
3fb44400
3fa2c200
3f909a00
3f89d000
3f80a000
3f6f8800
3f5d2800
3fcaf600
3fb8ce00
3fa74c00
3f952400
3f8c1c00
3f82ec00
3f742000
3f61c000
3fd02600
3fbdfe00
3fad2200
3f9afa00
3f8ebc00
3f858c00
3f7a0800
3f67a800
3fd4b000
3fc28800
3fb1ac00
3f9f8400
3f910800
3f87d800
3f7ea000
3f6c4000
3f5b3000
3fc7b800
3fb6dc00
3fa4b400
3f93d800
3f8acc00
3f824400
3f722800
3f611800
3fcc4200
3fbb6600
3fa93e00
3f986200
3f8d1800
3f849000
3f76c000
3f65b000
3fd17200
3fc09600
3fae6e00
3f9d9200
3f900c00
3f878400
3f7ca800
3f6af000
3fd5fc00
3fc52000
3fb2f800
3fa21c00
3f925800
3f89d000
3f80a000
3f6f8800
3f5d2800
3fca5000
3fb82800
3fa74c00
3f952400
3f8c7000
3f834000
3f757000
3f631000
3fceda00
3fbcb200
3fabd600
3f99ae00
3f8ebc00
3f858c00
3f7a0800
3f67a800
3fd4b000
3fc28800
3fb10600
3f9ede00
3f91b000
3f888000
3f7ff000
3f6d9000
3fd93a00
3fc71200
3fb59000
3fa36800
3f93fc00
3f8acc00
3f824400
3f722800
3f611800
3fcc4200
3fbb6600
3fa93e00
3f97bc00
3f8dc000
3f853800
3f781000
3f665800
3fd0cc00
3fbff000
3fadc800
3f9c4600
3f900c00
3f878400
3f7ca800
3f6af000
3fd5fc00
3fc52000
3fb2f800
3fa21c00
3f930000
3f8a2400
3f80f400
3f70d800
3fda8600
3fc9aa00
3fb78200
3fa6a600
3f954c00
3f8c7000
3f834000
3f757000
3f631000
3fceda00
3fbcb200
3fabd600
3f99ae00
3f8f6400
3f863400
3f7b5800
3f68f800
3fd36400
3fc13c00
3fb06000
3f9e3800
3f91b000
3f888000
3f7ff000
3f6d9000
3fd89400
3fc66c00
3fb59000
3fa36800
3f94a400
3f8b7400
3f82ec00
3f737800
3fdd1e00
3fcaf600
3fba1a00
3fa7f200
3f971600
3f8dc000
3f853800
3f781000
3f665800
3fd0cc00
3fbf4a00
3fad2200
3f9c4600
3f90b400
3f87d800
3f7d5000
3f6c4000
3fd55600
3fc3d400
3fb1ac00
3fa0d000
3f930000
3f8a2400
3f80f400
3f70d800
3fda8600
3fc9aa00
3fb78200
3fa60000
3f95a000
3f8d1800
3f83e800
3f76c000
3fdf1000
3fce3400
3fbc0c00
3faa8a00
3f986200
3f8f6400
3f863400
3f7b5800
3f68f800
3fd36400
3fc13c00
3fb06000
3f9e3800
3f925800
3f892800
3f80a000
3f6ee000
3fd7ee00
3fc5c600
3fb4ea00
3fa2c200
3f94a400
3f8b7400
3f82ec00
3f737800
3fdd1e00
3fcaf600
3fba1a00
3fa7f200
3f979800
3f8e6800
3f858c00
3f78b800
3fe1a800
3fcf8000
3fbea400
3fac7c00
3f9ba000
3f90b400
3f87d800
3f7d5000
3f6c4000
3fd4b000
3fc3d400
3fb1ac00
3fa0d000
3f935400
3f8acc00
3f819c00
3f722800
3fd93a00
3fc85e00
3fb63600
3fa55a00
3f95a000
3f8d1800
3f83e800
3f76c000
3fdf1000
3fcd8e00
3fbb6600
3faa8a00
3f989400
3f900c00
3f86dc00
3f7ca800
3fe39a00
3fd21800
3fbff000
3faf1400
3f9cec00
3f925800
3f892800
3f80a000
3f6ee000
3fd7ee00
3fc5c600
3fb44400
3fa21c00
3f954c00
3f8c1c00
3f834000
3f742000
3fdc7800
3fca5000
3fb8ce00
3fa6a600
3f979800
3f8e6800
3f858c00
3f78b800
3fe1a800
3fcf8000
3fbea400
3fac7c00
3f9a3800
3f910800
3f888000
3f7ea000
3f6d9000
3fd40a00
3fc32e00
3fb10600
3f9f8400
3f935400
3f8acc00
3f819c00
3f722800
3fd93a00
3fc85e00
3fb63600
3fa55a00
3f964800
3f8dc000
3f849000
3f781000
3fddc400
3fcce800
3fbac000
3fa9e400
3f989400
3f900c00
3f86dc00
3f7ca800
3fe2f400
3fd21800
3fbff000
3faf1400
3f9b8800
3f930000
3f89d000
3f80f400
3f6f8800
3fd6a200
3fc47a00
3fb39e00
3fa17600
3f954c00
3f8c1c00
3f834000
3f742000
3fdbd200
3fc9aa00
3fb8ce00
3fa6a600
3f97ec00
3f8ebc00
3f863400
3f7a0800
3fe05c00
3fce3400
3fbd5800
3fab3000
3f9a3800
3f910800
3f888000
3f7ea000
3fe63200
3fd40a00
3fc28800
3fb06000
3f9d2c00
3f93fc00
3f8b7400
3f824400
3f737800
3fd89400
3fc71200
3fb4ea00
3fa40e00
3f964800
3f8dc000
3f849000
3f781000
3fddc400
3fcce800
3fbac000
3fa93e00
3f993c00
3f90b400
3f878400
3f7d5000
3fe24e00
3fd17200
3fbf4a00
3fadc800
3f9b8800
3f930000
3f89d000
3f80f400
3fe77e00
3fd6a200
3fc47a00
3fb39e00
3f9e7c00
3f95a000
3f8c7000
3f83e800
3f757000
3fdb2c00
3fc90400
3fb82800
3fa60000
3f97ec00
3f8ebc00
3f863400
3f7a0800
3fe05c00
3fce3400
3fbd5800
3fab3000
3f9ae000
3f91b000
3f892800
3f7ff000
3fe4e600
3fd2be00
3fc1e200
3fafba00
3f9d2c00
3f93fc00
3f8b7400
3f824400
3fea1600
3fd7ee00
3fc71200
3fb4ea00
3fa40e00
3f96f000
3f8e6800
3f853800
3f78b800
3fdc7800
3fcb9c00
3fb97400
3fa89800
3f993c00
3f90b400
3f878400
3f7d5000
3fe24e00
3fd0cc00
3fbea400
3fadc800
3f9c3000
3f935400
3f8a2400
3f819c00
3fe6d800
3fd55600
3fc32e00
3fb25200
3f9e7c00
3f95a000
3f8c7000
3f83e800
3fec0800
3fdb2c00
3fc90400
3fb78200
3fa55a00
3f989400
3f8f6400
3f86dc00
3f7b5800
3fdfb600
3fcd8e00
3fbc0c00
3fa9e400
3f9ae000
3f91b000
3f892800
3f7ff000
3fe4e600
3fd2be00
3fc1e200
3fafba00
3f9dd400
3f94a400
3f8c1c00
3f82ec00
3fe97000
3fd74800
3fc66c00
3fb44400
3fa02000
3f96f000
3f8e6800
3f853800
3feea000
3fdc7800
3fcb9c00
3fb97400
3fa89800
3f99e400
3f910800
3f87d800
3f7ea000
3fe10200
3fd02600
3fbdfe00
3fad2200
3f9c3000
3f935400
3f8a2400
3f819c00
3fe63200
3fd55600
3fc32e00
3fb25200
3f9ed000
3f964800
3f8d1800
3f849000
3feabc00
3fd9e000
3fc7b800
3fb6dc00
3fa11c00
3f989400
3f8f6400
3f86dc00
3ff09200
3fdf1000
3fcce800
3fbc0c00
3fa9e400
3f9b8800
3f925800
3f89d000
3f80a000
3fe39a00
3fd17200
3fc09600
3fae6e00
3f9dd400
3f94a400
3f8c1c00
3f82ec00
3fe97000
3fd74800
3fc5c600
3fb39e00
3fa0c800
3f979800
3f8ebc00
3f858c00
3fedfa00
3fdbd200
3fca5000
3fb82800
3fa31400
3f99e400
3f910800
3f87d800
3f7ea000
3fe10200
3fd02600
3fbdfe00
3fac7c00
3f9c8400
3f93fc00
3f8acc00
3f824400
3fe58c00
3fd4b000
3fc28800
3fb10600
3f9ed000
3f964800
3f8d1800
3f849000
3feabc00
3fd9e000
3fc7b800
3fb6dc00
3fa1c400
3f993c00
3f900c00
3f878400
3fef4600
3fde6a00
3fcc4200
3fbb6600
3fa41000
3f9b8800
3f925800
3f89d000
3f80a000
3f6c0800
3f521800
3f397400
3f1f8400
3f236800
3f164800
3f09d000
3ef96000
3f728400
3f589400
3f3ff000
3f260000
3f26b000
3f199000
3f0d1800
3efff000
3f7a4c00
3f605c00
3f490400
3f2f1400
3f2aa000
3f1d8000
3f11b000
3f049000
3f806400
3f66d800
3f4f8000
3f359000
3f2de800
3f20c800
3f14f800
3f07d800
3ef6c000
3f6fec00
3f574800
3f3d5800
3f24b400
3f256000
3f18e800
3f0bc800
3efff000
3f766800
3f5dc400
3f43d400
3f2b3000
3f28a800
3f1c3000
3f0f1000
3f034000
3f7e3000
3f658c00
3f4b9c00
3f32f800
3f2d4000
3f20c800
3f13a800
3f073000
3f825600
3f6c0800
3f521800
3f397400
3f308800
3f241000
3f16f000
3f0a7800
3efab000
3f73d000
3f59e000
3f428800
3f289800
3f28a800
3f1b8800
3f0f1000
3f01f000
3f7a4c00
3f605c00
3f490400
3f2f1400
3f2bf000
3f1ed000
3f125800
3f053800
3f81b000
3f697000
3f50cc00
3f36dc00
3f308800
3f236800
3f16f000
3f09d000
3f84ee00
3f6fec00
3f574800
3f3d5800
3f24b400
3f26b000
3f1a3800
3f0d1800
3f00a000
3f77b400
3f5f1000
3f452000
3f2c7c00
3f2aa000
3f1ed000
3f11b000
3f053800
3f7e3000
3f658c00
3f4b9c00
3f32f800
3f2de800
3f221800
3f14f800
3f088000
3f82fc00
3f6d5400
3f536400
3f3c0c00
3f328000
3f260800
3f18e800
3f0d1800
3f863a00
3f73d000
3f59e000
3f428800
3f289800
3f295000
3f1c3000
3f106000
3f034000
3f7ce400
3f62f400
3f4a5000
3f306000
3f2de800
3f20c800
3f145000
3f073000
3f81b000
3f697000
3f50cc00
3f36dc00
3f313000
3f241000
3f179800
3f0a7800
3f859400
3f713800
3f589400
3f3ea400
3f35c800
3f28a800
3f1c3000
3f0f1000
3f88d200
3f77b400
3f5f1000
3f452000
3f2c7c00
3f2bf000
3f1f7800
3f125800
3f05e000
3f7f7c00
3f66d800
3f4ce800
3f359000
3f308800
3f241000
3f16f000
3f0a7800
3f82fc00
3f6d5400
3f536400
3f3c0c00
3f33d000
3f275800
3f1a3800
3f0dc000
3f86e000
3f766800
3f5c7800
3f43d400
3f37c000
3f2bf000
3f1ed000
3f125800
3f8a1e00
3f7ce400
3f62f400
3f4a5000
3f306000
3f2f3800
3f221800
3f15a000
3f088000
3f825600
3f6abc00
3f521800
3f382800
3f332800
3f260800
3f1a3800
3f0d1800
3f859400
3f713800
3f589400
3f3ea400
3f367000
3f295000
3f1d8000
3f106000
3f897800
3f790000
3f605c00
3f466c00
3f3b0800
3f2de800
3f217000
3f145000
3f088000
3f7f7c00
3f66d800
3f4ce800
3f359000
3f313000
3f24b800
3f179800
3f0bc800
3f83a200
3f6fec00
3f55fc00
3f3d5800
3f35c800
3f295000
3f1c3000
3f0fb800
3f86e000
3f766800
3f5c7800
3f43d400
3f391000
3f2c9800
3f1f7800
3f130000
3f8b6a00
3f7e3000
3f644000
3f4b9c00
3f3da800
3f313000
3f241000
3f179800
3f0a7800
3f825600
3f6abc00
3f521800
3f382800
3f347800
3f275800
3f1ae000
3f0dc000
3f863a00
3f728400
3f59e000
3f3ff000
3f391000
3f2bf000
3f1f7800
3f125800
3f897800
3f790000
3f605c00
3f466c00
3f3c5800
3f2f3800
3f22c000
3f15a000
3f8d5c00
3f806400
3f697000
3f4f8000
3f404800
3f332800
3f275800
3f1a3800
3f0dc000
3f83a200
3f6fec00
3f55fc00
3f3d5800
3f367000
3f2aa000
3f1d8000
3f110800
3f882c00
3f77b400
3f5dc400
3f452000
3f3b0800
3f2e9000
3f217000
3f15a000
3f8b6a00
3f7e3000
3f644000
3f4b9c00
3f3e5000
3f31d800
3f24b800
3f18e800
3f8f4e00
3f82fc00
3f6c0800
3f536400
3f42e800
3f367000
3f295000
3f1cd800
3f0fb800
3f863a00
3f728400
3f59e000
3f3ff000
3f39b800
3f2c9800
3f202000
3f130000
3f8a1e00
3f7a4c00
3f62f400
3f490400
3f3e5000
3f313000
3f24b800
3f179800
3f8d5c00
3f806400
3f697000
3f4f8000
3f419800
3f347800
3f280000
3f1ae000
3f91e600
3f84ee00
3f713800
3f574800
3f3ea400
3f391000
3f2c9800
3f1f7800
3f130000
3f882c00
3f77b400
3f5dc400
3f452000
3f3c5800
3f2fe000
3f22c000
3f164800
3f8c1000
3f7f7c00
3f658c00
3f4ce800
3f404800
3f347800
3f275800
3f1ae000
3f8f4e00
3f82fc00
3f6c0800
3f536400
3f439000
3f37c000
3f2aa000
3f1e2800
3f933200
3f86e000
3f73d000
3f5c7800
3f428800
3f3bb000
3f2e9000
3f22c000
3f15a000
3f8a1e00
3f7a4c00
3f62f400
3f490400
3f3ef800
3f31d800
3f260800
3f18e800
3f8ea800
3f81b000
3f6abc00
3f50cc00
3f439000
3f367000
3f29f800
3f1cd800
3f91e600
3f84ee00
3f713800
3f574800
3f46d800
3f39b800
3f2d4000
3f202000
3f95ca00
3f88d200
3f790000
3f5f1000
3f466c00
3f3e5000
3f31d800
3f24b800
3f184000
3f8c1000
3f7f7c00
3f658c00
3f4ce800
3f419800
3f352000
3f280000
3f1b8800
3f8ff400
3f83a200
3f6d5400
3f55fc00
3f463000
3f39b800
3f2c9800
3f202000
3f933200
3f86e000
3f73d000
3f5c7800
3f497800
3f3d0000
3f2fe000
3f236800
3f971600
3f8b6a00
3f7ce400
3f644000
3f4a5000
3f419800
3f347800
3f280000
3f1ae000
3f8ea800
3f81b000
3f6abc00
3f50cc00
3f44e000
3f37c000
3f2b4800
3f1e2800
3f928c00
3f859400
3f728400
3f589400
3f48d000
3f3bb000
3f2fe000
3f22c000
3f95ca00
3f88d200
3f790000
3f5f1000
3f4c1800
3f3ef800
3f332800
3f260800
3f199000
3f8cb600
3f806400
3f66d800
3f4f8000
3f439000
3f371800
3f29f800
3f1e2800
3f8ff400
3f83a200
3f6d5400
3f55fc00
3f46d800
3f3a6000
3f2d4000
3f217000
3f93d800
3f882c00
3f766800
3f5dc400
3f4b7000
3f3ef800
3f31d800
3f256000
3f971600
3f8b6a00
3f7ce400
3f644000
3f4eb800
3f424000
3f352000
3f28a800
3f1b8800
3f8f4e00
3f825600
3f6c0800
3f521800
3f46d800
3f39b800
3f2d4000
3f202000
3f928c00
3f859400
3f728400
3f589400
3f4a2000
3f3d0000
3f308800
3f236800
3f967000
3f897800
3f7a4c00
3f605c00
3f4eb800
3f419800
3f352000
3f280000
3f99ae00
3f8cb600
3f806400
3f66d800
3f520000
3f44e000
3f386800
3f2b4800
3f1ed000
3f909a00
3f84ee00
3f6fec00
3f574800
3f48d000
3f3d0000
3f2fe000
3f236800
3f93d800
3f882c00
3f766800
3f5dc400
3f4c1800
3f404800
3f332800
3f26b000
3f986200
3f8c1000
3f7e3000
3f658c00
3f50b000
3f443800
3f371800
3f2b4800
3f9ba000
3f8f4e00
3f825600
3f6c0800
3f53f800
3f478000
3f3a6000
3f2e9000
3f217000
3f933200
3f863a00
3f73d000
3f59e000
3f4c1800
3f3ef800
3f328000
3f256000
3f967000
3f897800
3f7a4c00
3f605c00
3f4f6000
3f424000
3f35c800
3f28a800
3f9a5400
3f8d5c00
3f81b000
3f697000
3f53f800
3f46d800
3f3a6000
3f2d4000
3f9d9200
3f909a00
3f84ee00
3f6fec00
3f574800
3f4a2000
3f3da800
3f308800
3f241000
3f952400
3f88d200
3f77b400
3f5f1000
3f4eb800
3f424000
3f352000
3f28a800
3f986200
3f8c1000
3f7e3000
3f658c00
3f520000
3f458800
3f386800
3f2bf000
3f9c4600
3f8ff400
3f82fc00
3f6d5400
3f55f000
3f4a2000
3f3d0000
3f308800
3f9f8400
3f933200
3f863a00
3f73d000
3f59e000
3f4d6800
3f404800
3f33d000
3f26b000
3f971600
3f8a1e00
3f7ce400
3f62f400
3f515800
3f443800
3f386800
3f2b4800
3f9a5400
3f8d5c00
3f81b000
3f697000
3f54a000
3f478000
3f3bb000
3f2e9000
3f9ede00
3f91e600
3f859400
3f713800
3f593800
3f4c1800
3f3fa000
3f328000
3fa21c00
3f952400
3f88d200
3f77b400
3f5f1000
3f4f6000
3f42e800
3f35c800
3f29f800
3f990800
3f8cb600
3f7f7c00
3f66d800
3f53f800
3f478000
3f3a6000
3f2de800
3f9c4600
3f8ff400
3f82fc00
3f6d5400
3f574000
3f4ac800
3f3da800
3f313000
3fa02a00
3f93d800
3f86e000
3f766800
3f5bd800
3f4f6000
3f424000
3f35c800
3fa36800
3f971600
3f8a1e00
3f7ce400
3f62f400
3f52a800
3f458800
3f391000
3f2bf000
3f9ba000
3f8ea800
3f825600
3f6abc00
3f574000
3f4a2000
3f3da800
3f308800
3f9ede00
3f91e600
3f859400
3f713800
3f5a8800
3f4d6800
3f40f000
3f33d000
3fa2c200
3f95ca00
3f897800
3f790000
3f5e7800
3f515800
3f458800
3f386800
3f2bf000
3f990800
3f8cb600
3f7f7c00
3f66d800
3f54a000
3f48d000
3f3bb000
3f2f3800
3f9cec00
3f909a00
3f83a200
3f6fec00
3f593800
3f4cc000
3f3fa000
3f33d000
3fa02a00
3f93d800
3f86e000
3f766800
3f5c8000
3f500800
3f42e800
3f371800
3fa40e00
3f986200
3f8b6a00
3f7e3000
3f611800
3f54a000
3f478000
3f3b0800
3f2de800
3f9ba000
3f8ea800
3f825600
3f6abc00
3f57e800
3f4ac800
3f3e5000
3f313000
3f9f8400
3f928c00
3f863a00
3f728400
3f5c8000
3f4f6000
3f42e800
3f35c800
3fa2c200
3f95ca00
3f897800
3f790000
3f5fc800
3f52a800
3f463000
3f391000
3fa6a600
3f99ae00
3f8d5c00
3f806400
3f646000
3f574000
3f4ac800
3f3da800
3f313000
3f9cec00
3f909a00
3f83a200
3f6fec00
3f5a8800
3f4e1000
3f40f000
3f347800
3fa0d000
3f952400
3f882c00
3f77b400
3f5e7800
3f52a800
3f458800
3f391000
3fa40e00
3f986200
3f8b6a00
3f7e3000
3f61c000
3f55f000
3f48d000
3f3c5800
3fa89800
3f9c4600
3f8f4e00
3f82fc00
3f665800
3f59e000
3f4cc000
3f40f000
3f33d000
3f9f8400
3f928c00
3f863a00
3f728400
3f5d2800
3f500800
3f443800
3f371800
3fa36800
3f967000
3f8a1e00
3f7a4c00
3f61c000
3f54a000
3f482800
3f3b0800
3fa6a600
3f99ae00
3f8d5c00
3f806400
3f650800
3f57e800
3f4b7000
3f3e5000
3faa8a00
3f9d9200
3f91e600
3f84ee00
3f713800
3f5c8000
3f500800
3f42e800
3f367000
3fa0d000
3f952400
3f882c00
3f77b400
3f5fc800
3f535000
3f463000
3f39b800
3fa55a00
3f990800
3f8c1000
3f7f7c00
3f646000
3f57e800
3f4ac800
3f3e5000
3fa89800
3f9c4600
3f8f4e00
3f82fc00
3f67a800
3f5b3000
3f4e1000
3f419800
3fac7c00
3fa02a00
3f933200
3f86e000
3f73d000
3f5fc800
3f52a800
3f463000
3f391000
3fa36800
3f967000
3f8a1e00
3f7a4c00
3f631000
3f55f000
3f497800
3f3c5800
3fa74c00
3f9a5400
3f8ea800
3f81b000
3f670000
3f59e000
3f4e1000
3f40f000
3faa8a00
3f9d9200
3f91e600
3f84ee00
3f6a4800
3f5d2800
3f515800
3f443800
3faf1400
3fa21c00
3f95ca00
3f88d200
3f790000
3f61c000
3f554800
3f482800
3f3c5800
3fa55a00
3f990800
3f8c1000
3f7f7c00
3f650800
3f589000
3f4b7000
3f3fa000
3fa93e00
3f9cec00
3f8ff400
3f83a200
3f69a000
3f5d2800
3f500800
3f439000
3fac7c00
3fa02a00
3f933200
3f86e000
3f6ce800
3f607000
3f535000
3f46d800
3fb06000
3fa40e00
3f971600
3f8b6a00
3f7ce400
3f650800
3f57e800
3f4b7000
3f3e5000
3fa74c00
3f9a5400
3f8ea800
3f81b000
3f685000
3f5b3000
3f4eb800
3f419800
3fabd600
3f9ede00
3f928c00
3f859400
3f6ce800
3f5fc800
3f535000
3f463000
3faf1400
3fa21c00
3f95ca00
3f88d200
3f703000
3f631000
3f569800
3f497800
3f3d0000
3fa60000
3f99ae00
3f8cb600
3f806400
3f670000
3f5b3000
3f4e1000
3f419800
3fa93e00
3f9cec00
3f8ff400
3f83a200
3f6a4800
3f5e7800
3f515800
3f44e000
3fad2200
3fa0d000
3f93d800
3f882c00
3f6ee000
3f626800
3f554800
3f497800
3fb06000
3fa40e00
3f971600
3f8b6a00
3f722800
3f65b000
3f589000
3f4cc000
3f3fa000
3fa89800
3f9ba000
3f8f4e00
3f825600
3f6a4800
3f5d2800
3f50b000
3f439000
3fabd600
3f9ede00
3f928c00
3f859400
3f6d9000
3f607000
3f53f800
3f46d800
3fafba00
3fa2c200
3f967000
3f897800
3f722800
3f650800
3f589000
3f4b7000
3fb2f800
3fa60000
3f99ae00
3f8cb600
3f757000
3f685000
3f5bd800
3f4eb800
3f424000
3fafba00
3f9ede00
3f8cb600
3f77b400
3f737800
3f61c000
3f4f6000
3f3e5000
3fb44400
3fa36800
3f914000
3f806400
3f781000
3f665800
3f53f800
3f42e800
3fb97400
3fa89800
3f967000
3f859400
3f7d5000
3f6c4000
3f59e000
3f48d000
3fbdfe00
3fad2200
3f9afa00
3f8a1e00
3f80f400
3f70d800
3f5e7800
3f4d6800
3f3b0800
3fb25200
3fa02a00
3f8f4e00
3f7a4c00
3f76c000
3f646000
3f535000
3f40f000
3fb6dc00
3fa4b400
3f93d800
3f81b000
3f7b5800
3f68f800
3f57e800
3f458800
3fbcb200
3faa8a00
3f990800
3f86e000
3f80a000
3f6ee000
3f5d2800
3f4ac800
3fc13c00
3faf1400
3f9d9200
3f8b6a00
3f751c00
3f737800
3f61c000
3f4f6000
3f3e5000
3fb44400
3fa36800
3f914000
3f7f7c00
3f78b800
3f67a800
3f554800
3f443800
3fb8ce00
3fa7f200
3f95ca00
3f844800
3f7d5000
3f6c4000
3f59e000
3f48d000
3fbdfe00
3fad2200
3f9afa00
3f8a1e00
3f819c00
3f722800
3f5fc800
3f4eb800
3fc28800
3fb1ac00
3f9f8400
3f8ea800
3f790000
3f76c000
3f646000
3f535000
3f40f000
3fb6dc00
3fa4b400
3f93d800
3f81b000
3f7ca800
3f6a4800
3f589000
3f463000
3fbb6600
3fa93e00
3f986200
3f863a00
3f80a000
3f6ee000
3f5d2800
3f4ac800
3fc09600
3fae6e00
3f9d9200
3f8b6a00
3f834000
3f742000
3f631000
3f50b000
3fc52000
3fb2f800
3fa21c00
3f8ff400
3f7e3000
3f78b800
3f67a800
3f554800
3f443800
3fb8ce00
3fa74c00
3f952400
3f844800
3f7ea000
3f6d9000
3f5b3000
3f4a2000
3fbd5800
3fabd600
3f99ae00
3f88d200
3f819c00
3f722800
3f5fc800
3f4eb800
3fc28800
3fb1ac00
3f9f8400
3f8e0200
3f849000
3f781000
3f65b000
3f53f800
3fc71200
3fb63600
3fa40e00
3f928c00
3f806400
3f7ca800
3f6a4800
3f589000
3f463000
3fbb6600
3fa93e00
3f986200
3f863a00
3f80f400
3f6f8800
3f5e7800
3f4c1800
3fbff000
3fadc800
3f9cec00
3f8ac400
3f834000
3f742000
3f631000
3f50b000
3fc52000
3fb2f800
3fa21c00
3f8ff400
3f863400
3f7a0800
3f68f800
3f569800
3f458800
3fb78200
3fa6a600
3f947e00
3f83a200
3f7ea000
3f6d9000
3f5b3000
3f4a2000
3fbcb200
3fabd600
3f99ae00
3f88d200
3f824400
3f737800
3f611800
3f4f6000
3fc13c00
3fb06000
3f9e3800
3f8d5c00
3f849000
3f781000
3f65b000
3f53f800
3fc71200
3fb59000
3fa36800
3f928c00
3f878400
3f7d5000
3f6af000
3f59e000
3f478000
3fba1a00
3fa7f200
3f971600
3f84ee00
3f80f400
3f6f8800
3f5e7800
3f4c1800
3fbff000
3fadc800
3f9c4600
3f8a1e00
3f83e800
3f757000
3f646000
3f520000
3fc47a00
3fb25200
3fa0d000
3f8ea800
3f863400
3f7a0800
3f68f800
3f569800
3fc9aa00
3fb78200
3fa6a600
3f947e00
3f892800
3f7ff000
3f6ee000
3f5c8000
3f4ac800
3fbc0c00
3fab3000
3f990800
3f878600
3f824400
3f737800
3f611800
3f4f6000
3fc13c00
3fb06000
3f9e3800
3f8d5c00
3f853800
3f78b800
3f665800
3f554800
3fc5c600
3fb4ea00
3fa2c200
3f91e600
3f878400
3f7d5000
3f6af000
3f59e000
3fcaf600
3fba1a00
3fa7f200
3f971600
3f8a2400
3f819c00
3f70d800
3f5fc800
3f4d6800
3fbea400
3fac7c00
3f9ba000
3f897800
3f83e800
3f757000
3f646000
3f520000
3fc3d400
3fb1ac00
3fa0d000
3f8ea800
3f86dc00
3f7b5800
3f6a4800
3f57e800
3fc85e00
3fb63600
3fa55a00
3f933200
3f892800
3f7ff000
3f6ee000
3f5c8000
3fce3400
3fbc0c00
3faa8a00
3f986200
3f878600
3f82ec00
3f742000
3f61c000
3f50b000
3fc09600
3faf1400
3f9cec00
3f8c1000
3f853800
3f78b800
3f665800
3f554800
3fc5c600
3fb4ea00
3fa2c200
3f914000
3f87d800
3f7ea000
3f6c4000
3f5b3000
3fca5000
3fb97400
3fa74c00
3f95ca00
3f8a2400
3f819c00
3f70d800
3f5fc800
3fcf8000
3fbea400
3fac7c00
3f9ba000
3f897800
3f849000
3f76c000
3f65b000
3f535000
3fc32e00
3fb10600
3fa02a00
3f8e0200
3f86dc00
3f7b5800
3f6a4800
3f57e800
3fc85e00
3fb63600
3fa55a00
3f933200
3f89d000
3f80a000
3f6f8800
3f5d2800
3fcce800
3fbac000
3fa9e400
3f97bc00
3f8c1c00
3f82ec00
3f742000
3f61c000
3fd21800
3fbff000
3faf1400
3f9cec00
3f8c1000
3f858c00
3f7a0800
3f67a800
3f569800
3fc47a00
3fb39e00
3fa17600
3f909a00
3f87d800
3f7ea000
3f6c4000
3f5b3000
3fca5000
3fb8ce00
3fa6a600
3f95ca00
3f8acc00
3f824400
3f722800
3f611800
3fceda00
3fbd5800
3fab3000
3f9a5400
3f8d1800
3f849000
3f76c000
3f65b000
3fd40a00
3fc32e00
3fb10600
3f9f8400
3f8d5c00
3f878400
3f7ca800
3f6af000
3f589000
3fc7b800
3fb59000
3fa40e00
3f91e600
3f89d000
3f80a000
3f6f8800
3f5d2800
3fcce800
3fbac000
3fa9e400
3f97bc00
3f8c7000
3f834000
3f757000
3f631000
3fd17200
3fbf4a00
3fae6e00
3f9c4600
3f8ebc00
3f858c00
3f7a0800
3f67a800
3f569800
3fc47a00
3fb39e00
3fa17600
3f909a00
3f888000
3f7ff000
3f6d9000
3f5c8000
3fc90400
3fb82800
3fa60000
3f952400
3f8acc00
3f824400
3f722800
3f611800
3fce3400
3fbd5800
3fab3000
3f9a5400
3f8dc000
3f853800
3f781000
3f665800
3fd2be00
3fc1e200
3fafba00
3f9ede00
3f900c00
3f878400
3f7ca800
3f6af000
3f589000
3fc71200
3fb4ea00
3fa40e00
3f91e600
3f8a2400
3f80f400
3f70d800
3f5e7800
3fcb9c00
3fb97400
3fa89800
3f967000
3f8c7000
3f834000
3f757000
3f631000
3fd17200
3fbf4a00
3fadc800
3f9ba000
3f8f6400
3f863400
3f7b5800
3f68f800
3fd5fc00
3fc3d400
3fb25200
3fa02a00
3f91b000
3f888000
3f7ff000
3f6d9000
3f5c8000
3fc90400
3fb82800
3fa60000
3f947e00
3f8b7400
3f82ec00
3f737800
3f61c000
3fcd8e00
3fbcb200
3faa8a00
3f990800
3f8dc000
3f853800
3f781000
3f665800
3fd2be00
3fc1e200
3fafba00
3f9ede00
3f90b400
3f87d800
3f7d5000
3f6c4000
3fd74800
3fc66c00
3fb44400
3fa36800
3f930000
3f8a2400
3f80f400
3f70d800
3f5e7800
3fcb9c00
3fb97400
3fa89800
3f967000
3f8d1800
3f83e800
3f76c000
3f646000
3fd02600
3fbdfe00
3fad2200
3f9afa00
3f8f6400
3f863400
3f7b5800
3f68f800
3fd55600
3fc32e00
3fb25200
3fa02a00
3f925800
3f892800
3f80a000
3f6ee000
3fd9e000
3fc7b800
3fb6dc00
3fa4b400
3f93d800
3f8b7400
3f82ec00
3f737800
3f61c000
3fcd8e00
3fbc0c00
3fa9e400
3f990800
3f8e6800
3f858c00
3f78b800
3f67a800
3fd21800
3fc09600
3fae6e00
3f9d9200
3f90b400
3f87d800
3f7d5000
3f6c4000
3fd74800
3fc66c00
3fb44400
3fa2c200
3f935400
3f8acc00
3f819c00
3f722800
3fdbd200
3fcaf600
3fb8ce00
3fa74c00
3f952400
3f8d1800
3f83e800
3f76c000
3f646000
3fd02600
3fbdfe00
3fad2200
3f9afa00
3f900c00
3f86dc00
3f7ca800
3f6a4800
3fd4b000
3fc28800
3fb1ac00
3f9f8400
3f925800
3f892800
3f80a000
3f6ee000
3fd9e000
3fc7b800
3fb6dc00
3fa4b400
3f954c00
3f8c1c00
3f834000
3f742000
3fde6a00
3fcc4200
3fbb6600
3fa93e00
3f986200
3f8e6800
3f858c00
3f78b800
3f67a800
3fd17200
3fc09600
3fae6e00
3f9d9200
3f910800
3f888000
3f7ea000
3f6d9000
3fd5fc00
3fc52000
3fb2f800
3fa21c00
3f935400
3f8acc00
3f819c00
3f722800
3fdbd200
3fca5000
3fb82800
3fa74c00
3f964800
3f8dc000
3f849000
3f781000
3fe05c00
3fceda00
3fbcb200
3fabd600
3f99ae00
3f900c00
3f86dc00
3f7ca800
3f6a4800
3fd4b000
3fc28800
3fb10600
3f9ede00
3f930000
3f89d000
3f80f400
3f6f8800
3fd93a00
3fc71200
3fb59000
3fa36800
3f954c00
3f8c1c00
3f834000
3f742000
3fde6a00
3fcc4200
3fbb6600
3fa93e00
3f97ec00
3f8ebc00
3f863400
3f7a0800
3f68f800
3fd0cc00
3fbff000
3fadc800
3f9c4600
3f910800
3f888000
3f7ea000
3f6d9000
3fd5fc00
3fc52000
3fb2f800
3fa21c00
3f93fc00
3f8b7400
3f824400
3f737800
3fda8600
3fc9aa00
3fb78200
3fa6a600
3f964800
3f8dc000
3f849000
3f781000
3fdfb600
3fceda00
3fbcb200
3fabd600
3f993c00
3f90b400
3f878400
3f7d5000
3f6af000
3fd36400
3fc13c00
3fb06000
3f9e3800
3f930000
3f89d000
3f80f400
3f6f8800
3fd89400
3fc66c00
3fb59000
3fa36800
3f95a000
3f8c7000
3f83e800
3f757000
3fdd1e00
3fcaf600
3fba1a00
3fa7f200
3f97ec00
3f8ebc00
3f863400
3f7a0800
3fe2f400
3fd0cc00
3fbf4a00
3fad2200
3f9ae000
3f91b000
3f892800
3f7ff000
3f6ee000
3fd55600
3fc3d400
3fb1ac00
3fa0d000
3f93fc00
3f8b7400
3f824400
3f737800
3fda8600
3fc9aa00
3fb78200
3fa60000
3f96f000
3f8e6800
3f853800
3f78b800
3fdf1000
3fce3400
3fbc0c00
3faa8a00
3f993c00
3f90b400
3f878400
3f7d5000
3fe44000
3fd36400
3fc13c00
3fb06000
3f9c3000
3f935400
3f8a2400
3f819c00
3f70d800
3fd7ee00
3fc5c600
3fb4ea00
3fa2c200
3f95a000
3f8c7000
3f83e800
3f757000
3fdd1e00
3fcaf600
3fba1a00
3fa7f200
3f989400
3f8f6400
3f86dc00
3f7b5800
3fe1a800
3fcf8000
3fbea400
3fac7c00
3f9ae000
3f91b000
3f892800
3f7ff000
3fe6d800
3fd4b000
3fc3d400
3fb1ac00
3fa0d000
3f94a400
3f8c1c00
3f82ec00
3f742000
3fd93a00
3fc85e00
3fb63600
3fa55a00
3f96f000
3f8e6800
3f853800
3f78b800
3fdf1000
3fcd8e00
3fbb6600
3faa8a00
3f99e400
3f910800
3f87d800
3f7ea000
3fe39a00
3fd21800
3fbff000
3faf1400
3f9c3000
3f935400
3f8a2400
3f819c00
3fe8ca00
3fd7ee00
3fc5c600
3fb44400
3fa21c00
3f964800
3f8d1800
3f849000
3f76c000
3fdc7800
3fca5000
3fb8ce00
3fa6a600
3f989400
3f8f6400
3f86dc00
3f7b5800
3fe1a800
3fcf8000
3fbea400
3fac7c00
3f9b8800
3f925800
3f89d000
3f80a000
3fe63200
3fd40a00
3fc32e00
3fb10600
3f9dd400
3f94a400
3f8c1c00
3f82ec00
3feb6200
3fd93a00
3fc85e00
3fb63600
3fa55a00
3f979800
3f8ebc00
3f858c00
3f7a0800
3fddc400
3fcce800
3fbac000
3fa9e400
3f99e400
3f910800
3f87d800
3f7ea000
3fe2f400
3fd21800
3fbff000
3faf1400
3f9c8400
3f93fc00
3f8acc00
3f824400
3fe77e00
3fd6a200
3fc47a00
3fb39e00
3f9ed000
3f964800
3f8d1800
3f849000
3fed5400
3fdbd200
3fc9aa00
3fb8ce00
3fa6a600
3f993c00
3f900c00
3f878400
3f7ca800
3fe05c00
3fce3400
3fbd5800
3fab3000
3f9b8800
3f925800
3f89d000
3f80a000
3fe63200
3fd40a00
3fc28800
3fb06000
3f9e7c00
3f954c00
3f8c7000
3f834000
3feabc00
3fd89400
3fc71200
3fb4ea00
3fa0c800
3f979800
3f8ebc00
3f858c00
3f7a0800
3fddc400
3fcce800
3fbac000
3fa93e00
3f9a3800
3f91b000
3f888000
3f7ff000
3fe24e00
3fd17200
3fbf4a00
3fadc800
3f9c8400
3f93fc00
3f8acc00
3f824400
3fe77e00
3fd6a200
3fc47a00
3fb39e00
3f9f7800
3f96f000
3f8dc000
3f853800
3fec0800
3fdb2c00
3fc90400
3fb82800
3fa1c400
3f993c00
3f900c00
3f878400
3f7ca800
3fe05c00
3fce3400
3fbd5800
3fab3000
3f9c3000
3f930000
3f8a2400
3f80f400
3fe4e600
3fd2be00
3fc1e200
3fafba00
3f9e7c00
3f954c00
3f8c7000
3f834000
3fea1600
3fd7ee00
3fc71200
3fb4ea00
3fa11c00
3f97ec00
3f8f6400
3f863400
3feea000
3fdc7800
3fcb9c00
3fb97400
3fa36800
3f9a3800
3f91b000
3f888000
3f7ff000
3fe24e00
3fd0cc00
3fbea400
3fadc800
3f9d2c00
3f94a400
3f8b7400
3f82ec00
3fe6d800
3fd55600
3fc32e00
3fb25200
3f9f7800
3f96f000
3f8dc000
3f853800
3fec0800
3fdb2c00
3fc90400
3fb78200
3fa26c00
3f99e400
3f90b400
3f87d800
3ff09200
3fdfb600
3fcd8e00
3fbc0c00
3fa4b800
3f9c3000
3f930000
3f8a2400
3f80f400
4036dc00
447d5000
cb86e000
3fa2c200
398f1000
44e9a000
4fbd0000
bc382800
438f4e00
4e3dfe00
b913d800
b900f400
c1a89800
2f0a2400
43925800
368f4e00
b9535000
3ac3d400
480d1800
4d3fa000
bd93d800
44e46000
ca5c8000
bc90b400
483ac000
41897800
45a02000
bfba1a00
43b39e00
cbc52000
c182fc00
3b00a000
3c605c00
c5933200
cc274c00
c3e2f400
37a0d000
45967000
b71ed000
b1fd5000
c9f1de00
b7697000
b7024400
b1d36400
335f1000
c3536400
377ca800
3e471200
c8443800
bea41000
47d2a800
c4fd5000
37d21800
4c16f000
c352be00
c5fd5000
ba589000
c666d800
bd382800
48189400
3e73d000
41019c00
37e11800
463d5800
438b6a00
46b63600
b8b39e00
c6260800
b6c47a00
b746d800
47713800
4238ce00
460c7000
be97ec00
3c24b800
b6378200
ba61c000
3f979800
b4742000
ba8f4e00
c3ea4800
4c3ff000
33c04800
3d167000
4d853800
cc986200
bc9a5400
c029e400
4048d000
4cdc8000
43109a00
432d2200
3dadc800
bf4a5000
364ac800
4a589000
39979800
b7e8f800
bfbb6600
c3e31000
c6ec4000
b5fce400
41928c00
4b713800
48d36400
3b221800
352e9000
be0ea800
b8a4b400
b8909a00
44352000
cb0ea800
bfe2f400
3f9cd800
44a17600
c4935400
caf57000
c6a36800
c6c19800
4adc8000
481ba000
b7a21800
c43ac000
3d347800
30766800
bc38ce00
c1114000
4186dc00
3add2800
be0c1000
ca91e600
b737c000
b6ade800
47b4ea00
c237c000
47517200
c7b5c800
37859400
43a40e00
ba482800
b92bd600
42363600
40478000
435f1000
ca59e000
44c66c00
3c54a000
c5ce3400
3c82fc00
c267a800
c78e6800
36f3d000
bd9cec00
ceab4800
c084ee00
c0bc5800
36c24000
3ea7f200
44bff000
38bb6600
3cd15800
baa6a600
387f7c00
38dd2800
4acb9c00
35853800
3a202000
32897800
4003a200
bf04ee00
c7d0cc00
b993d800
b7536400
458ff400
bbaaa000
b4dd2800
3faf3800
4afab000
be06e000
b4af3800
3a5a8800
36e26800
af8b6a00
4d77b400
b93b6600
3acb9c00
bceee000
bce70000
40a55a00
c7d74000
32e10200
bd737800
47c28800
34490400
4386e000
4da02a00
4331ac00
bc95a000
3a781000
be07d800
42a31400
ca1f7800
4066d800
bb515800
3ea21c00
3f80f400
422b4800
ccd89400
3ee2f400
bb19ae00
cfc66c00
44ad4000
c264e600
bd221c00
4b77b400
45819c00
c5536400
bff96000
3c382800
385e7800
42fc0000
47933200
39a02000
ca02fc00
bb339e00
bc3da800
b7ddc400
378f4e00
c68c1c00
49df2000
36e07000
c23c0c00
bc6af000
455f1000
3b5a8800
39202a00
b69ba000
3a9b8800
3cff7c00
ba0ea800
bc1ede00
c0ad2200
3ca02a00
b2024400
c0efec00
4313d800
bcf2d000
b9404800
c5145000
baad4000
4793a800
45caf600
c00ebc00
c0363600
398b6a00
bfa0d000
b9443800
37db3000
ba54a000
438ea800
bb5b2c00
bdbfa000
3c82fc00
b2439000
bed55600
3c01b000
beec0800
b6db3000
c370d800
cba9e400
b2f57000
47010a00
bbb1d800
bd502600
38c90400
46490400
4e986200
3a2b4800
c04b9c00
ba2bd600
bb8b2000
ca274c00
419a5400
4e058c00
40e10200
3ef28400
beafba00
bd2aa000
47154c00
badb3000
c362f400
b8e58c00
c4b06000
3ceb9800
4eaf1400
501ba000
bb0d5c00
48593800
3c853800
40aaa000
3c900c00
c92b3000
3c352000
bd2dc800
425e7800
3c00a000
41fff000
b5443800
351f7800
cde65800
bb0e0200
38757000
be40f000
c2478000
c286dc00
3dabd600
4d6f8800
af109a00
3511b000
cb0acc00
481f7800
3d17ec00
bfa9f800
b9d20000
bc3d0000
c5cb9c00
479ba000
3daf3800
3b825600
3b024400
4215a000
45990800
d03ef800
b1afe000
bb034000
38a89800
c50a2400
39574800
40199000
c20b6a00
47d21800
427d5000
417a0800
bff22800
bee8f800
40260000
c6a6b000
3e48d000
39c97800
3c19ae00
3f68f800
b9eaf000
bf0a1e00
44c7b800
42859400
4aafba00
3d2a8a00
3d3fa000
40397400
c386e000
c6ad4000
42bda800
c77a0800
af1ba000
ba605c00
36eee000
bc819c00
3c190800
c97a4c00
44a9f800
c0af3800
bc28a800
3311b000
b8fff000
c8293e00
bebc5800
3c95ca00
c22fba00
3dec0800
36ca5000
c0f3d000
39306000
c3f28400
c0e1c000
41b08800
b601b000
c4c90400
b970d800
3d520000
47152400
3f77b400
c7a7f200
beeee000
45ad4000
b5128c00
bea75800
c6d5fc00
44bc0c00
c4c13c00
c8d7e800
bf0c7000
35859400
b6019c00
c11a5400
b9b2f800
47986200
4c5dd000
ba9a3800
c8a7f200
3c2a8a00
417ea000
b7a8a800
c2dfc800
c508d200
37d36400
ccc63000
3e06dc00
bd39b800
4ee24e00
b611b000
b6efec00
453cb200
af14a400
41c66c00
cd4af600
cd55f000
3e910800
b5308800
bbec0800
c5490400
3cc04800
3a50cc00
378a2400
c80a2400
3a11e600
39b13000
4de44000
c48a2400
bf0cb600
be1ae000
40ade800
47025600
c30ebc00
33644000
41202000
cc93d800
ba0dc000
3c7e3000
bbc58800
b94f8000
41ece800
c3efec00
367f7c00
4777b400
36b63600
316af000
b68cb600
418f6400
c2af3800
c0f90000
bf240e00
c2466c00
4266d800
bd7ca800
4a2a8a00
c7a02000
4a819c00
439f8400
bdcd6800
b1034000
3278b800
33fea000
bd397400
4227f200
42130000
b266d800
3de44000
3e2d2200
c4a2c000
bbfca800
c6f42000
3bcb9c00
344eb800
43fea000
c0a4b800
3dadc800
c30f4e00
3402fc00
3b152400
b3a4b400
c0097800
3ece1000
c20d1800
3ad93800
bb006400
bc52be00
3d0e6800
3d55fc00
c0892800
3efb5800
3d933200
34849000
3d8a7800
c252a800
31ad2200
41d5f000
c7466c00
be344400
ce89d000
b8a75800
c000a000
47500800
41878400
40971600
bf6abc00
c8404800
c6b28000
af110800
3c95a000
ce485e00
4a27f200
b9367000
cb52be00
47019c00
45352000
bf306000
45c97800
bc781000
c64b9c00
bc20d000
36e7a800
c38b6a00
b9500800
b7644000
c6849000
4366d800
4bd9e000
bd6a4800
b69c4600
c2e5b000
c2ca5000
3e092800
c093d800
c0359000
bb7f7c00
4497ec00
b68ff400
c02bd600
3cd5fc00
c4e11800
3f57ee00
c1d35000
b615a000
3aae6e00
c1d21800
3a863400
c1b86800
bc280000
4fd74000
bba40e00
45b78200
46d7e800
b37ce400
bf38ce00
cbc58800
3dbfa000
3ba89800
3cec0800
bb853800
c5c5c600
cc3ff000
3cd20000
c3133200
3f0dc000
ba154c00
c85d2800
ce67a800
42ba1a00
43f13800
3e952400
40a80000
3ec19800
bb452000
3cfff000
bcf09200
48b86800
38b25200
3d255a00
c1428800
3c9b8800
43ed5400
3111e600
3827f200
3d3cb200
349b8800
3cb82800
c0167000
bb722800
4172d000
bfba1a00
3c0d1800
af8c7000
4ac19800
34b06000
bfb59000
4b7a0800
bc888000
473a6000
b2063400
bd66d800
3ae31000
b7428800
3304ee00
bdbb0800
3ef13800
c580a000
b2ec4000
b3c82800
c9fd5000
33b06000
c3ff7c00
375fb600
342bd600
bf6a4800
48e31000
bb00f400
47e58c00
b1ef8800
4a914000
46339e00
424f6000
4877b400
b41e2800
47097800
3ccac800
b206e000
b5cf8000
383bb000
c21e3800
b4555600
38b78200
b78e6800
394e1000
c442e800
b7a02a00
4593a800
b650b000
bfa89800
3a0f1000
3894a400
be57e800
c03d5800
37dc8000
c38e0200
c7766800
49910800
c0806400
3e986200
bcbb0800
c0b9b800
4c8b7400
c5536400
c8f3d000
b69c3000
4582ec00
46179800
bf00a000
3e7ab000
bbbb6600
43152400
bb5c7800
b7540a00
3e9ede00
4059e000
b691e600
bf0cb600
4e48d000
bbe07000
448c1000
b85dc400
3a092800
c7626800
bd888000
af1cec00
c4110800
32d35000
49697000
c6a55a00
42c71200
40f3d000
cbd74800
cc2d4000
c1df1000
3e4e1000
bfd15800
ba2e9000
cf443800
c72d4000
b7fff000
48241000
4a0c7000
44ad2200
44eee000
44ceda00
bf589400
c1589400
b4989400
4283a200
c5954c00
3cb32800
c4bfa000
bed89000
440d5c00
d020c800
4ec90400
321b8800
c41f7800
b40ff400
b5abf000
422bf000
40424000
babcb200
c1af3800
c2c39000
b9a02000
3e644000
baa93e00
ce990800
babfa000
b987d800
3ef42000
4902fc00
c1f66800
be892800
47432e00
4a84ee00
b465b000
c2b7c000
c739b800
3dc3d400
40909a00
48167000
4b925800
4bd15800
3f00f400
b5db2c00
c21f8400
39a56000
4593fc00
bba55a00
392e9000
c3aa8a00
3d397400
3af90000
bfa4b800
3c2e6e00
bf9ed000
ba31ac00
35dc8000
3a0f4e00
3e8a2400
3f1ede00
b82dc800
3cd89000
3135c800
b499ae00
bbceb800
c9256000
3d1a5400
c2607000
4bbda800
344af600
3f971600
b8863400
b59f8400
3e43d400
41049000
3708d200
3d55fc00
c2e24e00
41df1000
33910800
4344e000
b7404800
c002fc00
caafe000
40b06000
cac13c00
ba70d800
31c9aa00
3b0dc000
372e9000
47b67000
39a1c400
c1c71200
b7c85e00
cdc8d000
4aac7c00
42574800
c33fa000
40236800
3e0ff400
374e1000
47293e00
c2863a00
3cb2f800
c3aa8a00
b503e800
4b84ee00
c1308800
43419800
c4de7800
be371800
406cae00
33574000
b3df2000
42d36400
3f790000
4773d000
c3025600
b3882c00
b4a6b000
4284ee00
33c52000
c4a36800
4441e200
3fab4800
afccc000
c35d2800
3806e000
3fd20000
3e536400
b6fce400
be19ae00
3ebd0000
41afba00
ca0ff400
ce84ee00
41289800
464f8000
433d5800
bf3d0000
b61ba000
c8be5000
cbbac000
c277b400
c4d74800
ba86e000
37d74800
c0447a00
bb6ee000
bca95000
43790000
ba339e00
c5c0f000
b9914000
42c58800
4589d000
3997ec00
c22e9000
4e78b800
4a27f200
3c53f800
c21a3800
c087d800
3d979800
4129e400
c6d55600
c2c52000
c4130000
3d0fb800
bd31ac00
334e1000
35979800
c9490400
c7819c00
b4952400
3c3dfe00
2fd21800
b7078600
43d6a200
469cd800
cbd7ee00
b770d800
389d8000
4a15ca00
bd3c5800
360ea800
bc02fc00
c1135400
b2ed9000
32e2f400
463b0800
bd03e800
3b95a000
c5589000
3d8a2400
bd892800
c2954c00
427e3000
c6bef800
bdbbb000
37897800
b8d21800
3aa40e00
b406e000
ccba1a00
3a909a00
bd9cec00
c0a9e400
c2ea4800
3ddfc800
b23e5000
404f6000
bf08d200
c0521800
3fd55600
bf57e800
381e3800
c96c0800
c786e000
499ba000
4350cc00
470acc00
bbb4ea00
c5b5c800
c2ed9000
c7114000
bff28400
c1eee000
3b110800
b84b7000
32447a00
be06dc00
40059400
c687d800
414ce800
bd019c00
3d26a600
36bcb200
402e9000
c3109a00
377f7c00
ba863400
b966d800
c0eaf000
4715a000
34fb5800
b4328000
4bad2200
c7359000
3d834000
bd728400
34109a00
42990800
ce57ee00
c488d200
b211b000
b203e800
be607000
41f28400
be025600
4dc1e200
35c19800
b90acc00
42432e00
3c9ed000
b687d800
b9a2c000
46e5b000
38703000
c245c600
c0bea400
37868800
ba310600
b09afa00
c1202000
bb190800
3e0f4e00
b8cd6800
3c019c00
beb82800
c2bc0c00
c502ec00
31ece800
c753f800
b6c43800
c58a1e00
3aa8a800
3203a200
c84d6800
38f09200
bd68f800
3a2dc800
b748d000
c602fc00
409f7800
358f4e00
c5184000
44a89800
c9644000
b784ee00
37260000
be419800
bc217600
c7179800
4133d000
bdbbb000
40432e00
4f3cb200
b1569800
4d6ee000
c54c4200
47819c00
42945000
47589000
c9424000
3302fc00
46990800
3f447a00
c99cec00
48ac7c00
b7e6d800
41967000
b4c8d000
b7dfc800
44569800
b06fec00
36819c00
42dfc800
32990800
4bf42000
3bf66800
30df2000
45217000
3c1ede00
c5171600
37ba1a00
3562f400
3815ca00
4720c800
3d058c00
4113d800
3b27f200
b4f90000
403a1a00
c06c0800
3c49aa00
439cec00
49dd2800
bdf66800
b2ca2000
33eaf000
43ef8800
3f9afa00
c6bda800
36c43800
bd0d5c00
b5cc1800
bb83e800
bb100c00
43d55600
c6371800
b6f13800
49eee000
3bdbd800
b0521800
3f631000
b9dd2800
3d535000
4cb1ac00
42236800
ca15ca00
4b897800
b0ad4000
bcaaa000
3a84ee00
3d3d5800
c78ac400
3e04ee00
37059400
c4df1000
37697000
bf8acc00
c9458800
37646000
bd882c00
3e308800
bc824400
4af81000
cd11e600
c3114000
400c1c00
43900c00
be892800
43363600
49082c00
cca80000
c93c0c00
c24a5000
ba463000
b07ca800
c9c3d400
495fc800
c680f400
be428800
3a57ee00
48a80000
bae5b000
4309d000
475b3000
4500a000
32536400
b59afa00
4186dc00
36f7b400
c0d17200
b39e3800
41d3f800
bddf2000
bdc66c00
b415a000
3704ee00
4c490400
c90dc000
c004ee00
43b82800
3ac90400
c1a6a600
cfbac000
bea93e00
bc413c00
41517200
3b092800
bcd0cc00
3b37c000
420ebc00
c4989400
b9391000
37b13000
43790000
331a5400
49352000
aefe3000
c27b5800
4200a000
3dddc400
36a74c00
3d8b6a00
b720c800
4291b000
44569800
c59ede00
c23bb000
2f26a600
47d2be00
38fce400
44d89400
3fb1d800
af0e6800
c6a36800
36834000
3e211c00
39463000
3d0c1c00
3273d000
b5478000
ba260000
c4989400
4676c000
beb6dc00
35834000
45221c00
c37a0800
baca5000
bd7d5000
4870d800
c0b32800
38e11800
48e3b800
495c8000
38c1e200
c9f6c000
b6088000
be863400
c0a02a00
42bd0000
3ca93e00
bd11b000
c94c4200
41806400
3996f000
b5878400
be5c8000
c2868800
3a154c00
419cec00
46933200
42cc1800
bd13d800
c31b8800
c0a36800
3f56a200
c1825600
b37a4c00
be13d800
bbe46000
3f70d800
48df1000
b9b59000
bc00f400
34b39e00
bc535000
bb2de800
3a1b8800
c126a600
c0ad4000
3e900c00
ba110800
c2781000
b41d8000
45d89000
b6ca2000
c9f66800
3a1e2800
47b82800
3ad20000
bee07000
45a6a600
408d1800
c0ca2000
b6eaf000
c586e000
43ec4000
45f13800
44a36800
48240e00
c059e000
3c53f800
4eef8800
c1892800
ca863400
43863a00
bf0ea800
33a55a00
afabd600
3313fc00
c6082c00
3b7ff000
44ff7c00
bf0cb600
b7abf000
3704ee00
4a97ec00
ba909a00
3f6fec00
b6359000
461d9200
bab5c800
46c04800
43536400
c37ca800
48f66800
35397400
3c8ff400
47409600
47d9e000
41dbd800
3fc04800
49cce800
31135400
cd6c4000
ba274c00
4e7a0800
45863400
426f8800
bfc43800
30c90400
3bd9e000
bd825600
36f6c000
3af8b800
30e97000
36f42000
320cb600
c12fba00
cd100c00
c2109a00
3e878400
488cb600
c1d4b000
3a89d000
c4110800
2e05e000
34930000
402d2200
4487d800
3ace1000
4062f400
40bd0000
3d55fc00
c683a200
47190800
34abd600
c9ae6e00
cbc0f000
302f1400
b78ff400
3c3da800
be2f1400
3cdc7800
452bd600
3b82fc00
3db91000
bf0c1000
c0164800
408a1e00
c63cb200
b8236800
408d5c00
bf00a000
bde1a800
3c04ee00
c0c52000
42853800
cc2f1400
461ba000
c157e800
35241000
b3ab4800
c716f000
c50a2400
ca8a2400
362c7c00
b71d2c00
3b00f400
4009d000
3b5fc800
350dc000
c9f7b400
3b1b8800
bc07d800
44293e00
bfc04800
445fb600
c6c85e00
b5757000
b893d800
bbb71800
bc819c00
4548d000
4559e000
34a89800
b98fb800
cb1f8400
b959e000
38be5000
ca6fec00
41409600
c9186200
2f428800
caca2000
42986200
c99d8000
b9569800
b05a8800
cbd3f800
3c306000
b442e800
3717ec00
c2b2f800
b92c7c00
405b3000
371ed000
cb947e00
b9c24000
3b404800
c3458800
b6404800
3d4eda00
3d65b000
bc088000
c11ede00
bf8ff400
b986dc00
c2034000
3f413c00
36bda800
43db3000
3cb63600
bc367000
b4049000
b8063400
cd728400
b3882c00
c0c71200
3e310600
bbd54800
c5f7b400
412fe000
c1ef8800
c75bd800
3e766800
49466c00
c0e65800
c01c3000
3dcf6000
35cc1800
37125800
c78ebc00
43d0cc00
414a5000
bccce800
44024400
c831d800
c47b5800
33110800
bdcc1800
c5110800
49154c00
b6b9b800
b49f8400
34fb5800
383e5000
c59a3800
ba0fb800
45b2f800
44306000
bbe1c000
40819c00
492e9000
357f7c00
325dc400
bb0f4e00
b5133200
c233d000
426ee000
4310b400
c3c39000
3cb10600
c55fc800
4715ca00
b70ff400
b1a60000
32bb6600
41ade800
c22e6e00
3f2f3800
46a60000
c09d8000
be3cb200
c788d200
bdc13c00
cb1cd800
b34c4200
39ef8800
baa9e400
39ad2200
c4d0b000
c5697000
b741e200
c3dc7800
b6b63600
aee7a800
37697000
c3bd5800
bc781000
37e1c000
3bd0cc00
3fe5b000
bf308800
4b40f000
40efec00
c4757000
cb94f800
c2abf000
bf202a00
c5186200
c0497800
379cec00
42eaf000
41eaf000
4746d800
356b6200
bc02fc00
40306000
31b82800
436c4000
45179800
3a44e000
480f4e00
c1a4b800
c86abc00
b0781000
47d20000
3deb9800
38990800
cca2c200
3a91e600
c30ea800
c1515800
3cf90000
b5b3d000
c26af000
bf520000
c1b97400
3e43d400
42f28400
c29e7c00
3ad93800
38ed9000
3ca95000
b8dfc800
c70cb600
bfe5b000
4180f400
389c4600
cfc47a00
4a04ee00
c1ea4800
bfd35000
c0c9aa00
3c925800
b4555600
32fa4c00
49909a00
4ab25200
be4c1800
3df3d000
bd4d6800
48971600
4bc3d400
c0a9e400
cc5fc800
3ecc4200
3d078400
c3930000
4b59e000
3d3bb000
33849000
b9574000
ba260800
3b6d9000
3fd00800
cabac000
b3a2c000
3b1f8400
b4ae6e00
40ec0800
3dc47a00
34328000
4d28a800
45135400
46c5c600
b0853800
bad9e000
43256000
b4c71200
b627f200
c6fb5800
35fea000
b7ddc400
c84d6800
c07f7c00
4a9c4600
3aa6a600
b8186200
bb589000
43f96000
3d413c00
3c990800
3f20d000
c0c19800
4ea4b400
b7a36800
3e59e000
c1fce400
4281b000
3e863400
4067a800
3e500800
b303e800
c5efec00
3a22c200
c8fb5800
4363b800
cc4c4200
bea60000
45240e00
4c7a0800
bca36800
c550cc00
456d5400
34c19800
af167000
b8967000
b08b2000
cac43800
c097ec00
3ee85000
478a2400
37cb9c00
39868800
c7933200
3f1d9200
c4c63000
bfc3d400
c9892800
40f2d000
c88b2000
c63fa000
c502ec00
c0255a00
bc863400
4382fc00
43d93a00
326fec00
3d3a6000
bb7ab000
bb344400
ca019c00
c6100c00
383c5800
beea4800
362bd600
3d80f400
3457e800
44bd0000
bf082c00
3ebac000
bb4af600
b5e31000
be3ff000
38897800
3d4d8e00
43092800
be458800
b2ab4800
b953f800
470c7000
c38dc000
c608d200
c2a74c00
46c3d400
b6a02a00
419ae000
c8f3d000
4b658c00
4534ea00
c35d2800
bd0d1800
b6ca5000
c310b400
cad5fc00
45fce400
c7810a00
37025600
be256000
bd3ef800
46b39e00
c17ca800
329f8400
3cfe3000
bd280000
4d814800
b9d74000
446c0800
426d9000
be825600
41b7c000
42bda800
40892800
44f22800
b6f6c000
c02c9800
3e014800
3da17600
3e819c00
3d082c00
cdaa8a00
4210b400
45fd5000
bdd9e000
37c28800
c0bc0c00
467e3000
363cb200
bc9a5400
3e00f400
40a56000
429ed000
43cce800
3fc13c00
41f8b800
b73e5000
47ddc400
b9c97800
c782fc00
c0d89400
432f3800
bdd35000
4bef8800
bb7a0800
37256000
3dc13c00
3a554800
c6742000
b3fff000
3b95a000
c81c3000
b8b39e00
b745c600
459ede00
3998e800
bc186200
b1925800
b9c9aa00
3e497800
3f179800
4a86dc00
43993c00
40dbd800
41d93800
b3088000
4288d200
be3d5800
3aa6a600
c1485e00
39bbb000
c3adc800
c686dc00
3d611800
44c3d400
3b19ae00
49b71800
b5f03000
b48b7400
c007d800
3dd15800
bd16f000
b5a36800
b7882c00
40c28800
bf217000
c9b25200
3b844800
bff90000
c08d5c00
c3eaf000
4aec0800
4a5d2800
b34c1800
37b1d800
ba073000
c61c3000
4b154c00
baa21c00
3b569800
35eee000
43df1000
c5d5f000
c46c4000
ba378200
c3dfc800
40f6c000
375fc800
c92bd600
bd5d1e00
3f9dd400
bd0c1c00
be9a5400
b680f400
34a2c000
cb86dc00
b57b5800
42306000
360d5c00
414ac800
bf082c00
3e63b800
b0e65800
3f024400
430ea800
45d3f800
46310600
c9034000
ce171600
bc8c1c00
45114000
4849aa00
45ef8800
3e6d9000
c7ed5400
b3d74800
bc555600
394f6000
c57ff000
be0ff400
4b4a5000
be7e3000
bd6b9800
35c28800
bb217000
b780a000
48728400
c81ba000
c0092800
bc145000
b4c24000
c8521800
43049000
454e3400
b8bea400
388ebc00
42964800
c529e400
35ddc400
33589000
469afa00
402f1400
3e217000
bc202a00
c1781000
bf928c00
c3bf4a00
47f3d000
39935400
be3ea400
47f57000
bc463000
38014800
c807d800
cdd0b000
3c082c00
414c1800
3b9ae000
3a909a00
3ccf8000
38b06000
c97a0800
c7419800
b8b63600
383a6000
46466c00
3e063a00
c81d9200
3e82fc00
c8147e00
bdf7b400
bb61c000
c6fea000
c02a8a00
b49a5400
47bff000
c9900c00
b8432e00
3fcd6800
cc1ba000
359dd400
4286dc00
4237c000
c237c000
445bd800
3f27f200
3cb5c800
35f0d800
bb589000
3d5f2000
4096f000
3a853800
3bb67000
3cf7b400
2f9a5400
35293e00
c687d800
b2bda800
4acd6800
41737800
c8a60800
ceb86800
be521800
c1a02a00
44de7800
3f5c7800
46897800
30347800
3aec0800
b7ceb800
36737800
cd24b400
3c806400
40adc800
cc386800
42cf8000
b817ec00
4aa2c000
4a644000
3fe1c000
3f06dc00
b07a0800
b36abc00
46463000
befe3000
cb24b400
4200a000
460e6800
4bfb5800
3026a600
bd766800
49825600
4b95a000
3e76c000
bdc71200
c516f000
c13cb200
c5f7b400
3f03a200
3b22c000
bf5bd200
3a2de800
401ede00
45f8b800
419a5400
c1463000
44742000
c10c1c00
4768f800
4167a800
bb31d800
c59c4600
3e221c00
b3fa0800
3e1e2800
4302fc00
49147e00
4a66d800
b7063a00
4282ec00
374cc000
3d77b400
bc806400
33256000
b9cd8e00
cad35000
34f90000
413ea400
3fd21800
bdf57000
4a485e00
44f8b800
3ebd5800
c2c7b800
3bf6c000
4427f200
3736dc00
47f37800
bd83e800
47e5b000
39897800
45fa4c00
bd19ae00
3efff000
4457e800
b7a40e00
4402ec00
c3d54800
bb43d400
c31a3800
4a3dfe00
2f428800
48781000
b80d1800
bae5b000
c501b000
3b152400
3f432e00
bd7ce400
c150b000
39713800
46878400
41059400
be06dc00
c8593a00
3fbfa000
47825600
403c0c00
bcc90400
bc8fb800
3e5bd800
3b967000
b3c47a00
c2ca5000
ba95ca00
c8466c00
4002ec00
c6bb0800
c7967000
b9d93800
b7404800
45e44000
3f81b000
3f81b000
3f77b400
3f766800
3f766800
3f6abc00
3f697000
3f697000
3f5dc400
3f5c7800
3f5c7800
3f50cc00
3f4f8000
3f4f8000
3f43d400
3f428800
3f428800
3f36dc00
3f359000
3f359000
3f29e400
3f289800
3f289800
3f1cec00
3f2d4000
3f2d4000
3f275800
3f26b000
3f26b000
3f20c800
3f202000
3f202000
3f1a3800
3f199000
3f199000
3f13a800
3f130000
3f130000
3f0d1800
3f0c7000
3f0c7000
3f068800
3f05e000
3f05e000
3efff000
3efea000
3efea000
3ef2d000
3f81b000
3f81b000
3f77b400
3f766800
3f766800
3f6abc00
3f697000
3f697000
3f5dc400
3f5c7800
3f5c7800
3f50cc00
3f4f8000
3f4f8000
3f43d400
3f428800
3f428800
3f36dc00
3f359000
3f359000
3f29e400
3f289800
3f289800
3f1cec00
3f2d4000
3f2d4000
3f275800
3f26b000
3f26b000
3f20c800
3f202000
3f202000
3f1a3800
3f199000
3f199000
3f13a800
3f130000
3f130000
3f0d1800
3f0c7000
3f0c7000
3f068800
3f05e000
3f05e000
3efff000
3efea000
3efea000
3ef2d000
3f86e000
3f86e000
3f81b000
3f806400
3f806400
3f766800
3f73d000
3f73d000
3f697000
3f66d800
3f66d800
3f5c7800
3f59e000
3f59e000
3f4f8000
3f4ce800
3f4ce800
3f428800
3f3ff000
3f3ff000
3f359000
3f32f800
3f32f800
3f289800
3f352000
3f352000
3f2f3800
3f2e9000
3f2e9000
3f28a800
3f280000
3f280000
3f221800
3f217000
3f217000
3f1b8800
3f1ae000
3f1ae000
3f14f800
3f145000
3f145000
3f0e6800
3f0dc000
3f0dc000
3f07d800
3f073000
3f073000
3f014800
3f882c00
3f882c00
3f825600
3f81b000
3f81b000
3f77b400
3f766800
3f766800
3f6abc00
3f697000
3f697000
3f5dc400
3f5c7800
3f5c7800
3f50cc00
3f4f8000
3f4f8000
3f43d400
3f428800
3f428800
3f36dc00
3f359000
3f359000
3f29e400
3f367000
3f367000
3f308800
3f2fe000
3f2fe000
3f29f800
3f295000
3f295000
3f236800
3f22c000
3f22c000
3f1cd800
3f1c3000
3f1c3000
3f164800
3f15a000
3f15a000
3f0fb800
3f0f1000
3f0f1000
3f092800
3f088000
3f088000
3f029800
3f882c00
3f882c00
3f825600
3f81b000
3f81b000
3f77b400
3f766800
3f766800
3f6abc00
3f697000
3f697000
3f5dc400
3f5c7800
3f5c7800
3f50cc00
3f4f8000
3f4f8000
3f43d400
3f428800
3f428800
3f36dc00
3f359000
3f359000
3f29e400
3f367000
3f367000
3f308800
3f2fe000
3f2fe000
3f29f800
3f295000
3f295000
3f236800
3f22c000
3f22c000
3f1cd800
3f1c3000
3f1c3000
3f164800
3f15a000
3f15a000
3f0fb800
3f0f1000
3f0f1000
3f092800
3f088000
3f088000
3f029800
3f8d5c00
3f8d5c00
3f882c00
3f86e000
3f86e000
3f81b000
3f806400
3f806400
3f766800
3f73d000
3f73d000
3f697000
3f66d800
3f66d800
3f5c7800
3f59e000
3f59e000
3f4f8000
3f4ce800
3f4ce800
3f428800
3f3ff000
3f3ff000
3f359000
3f3e5000
3f3e5000
3f386800
3f37c000
3f37c000
3f31d800
3f313000
3f313000
3f2b4800
3f2aa000
3f2aa000
3f24b800
3f241000
3f241000
3f1e2800
3f1d8000
3f1d8000
3f179800
3f16f000
3f16f000
3f110800
3f106000
3f106000
3f0a7800
3f8ea800
3f8ea800
3f88d200
3f882c00
3f882c00
3f825600
3f81b000
3f81b000
3f77b400
3f766800
3f766800
3f6abc00
3f697000
3f697000
3f5dc400
3f5c7800
3f5c7800
3f50cc00
3f4f8000
3f4f8000
3f43d400
3f428800
3f428800
3f36dc00
3f3fa000
3f3fa000
3f39b800
3f391000
3f391000
3f332800
3f328000
3f328000
3f2c9800
3f2bf000
3f2bf000
3f260800
3f256000
3f256000
3f1f7800
3f1ed000
3f1ed000
3f18e800
3f184000
3f184000
3f125800
3f11b000
3f11b000
3f0bc800
3f8ea800
3f8ea800
3f88d200
3f882c00
3f882c00
3f825600
3f81b000
3f81b000
3f77b400
3f766800
3f766800
3f6abc00
3f697000
3f697000
3f5dc400
3f5c7800
3f5c7800
3f50cc00
3f4f8000
3f4f8000
3f43d400
3f428800
3f428800
3f36dc00
3f3fa000
3f3fa000
3f39b800
3f391000
3f391000
3f332800
3f328000
3f328000
3f2c9800
3f2bf000
3f2bf000
3f260800
3f256000
3f256000
3f1f7800
3f1ed000
3f1ed000
3f18e800
3f184000
3f184000
3f125800
3f11b000
3f11b000
3f0bc800
3f93d800
3f93d800
3f8ea800
3f8d5c00
3f8d5c00
3f882c00
3f86e000
3f86e000
3f81b000
3f806400
3f806400
3f766800
3f73d000
3f73d000
3f697000
3f66d800
3f66d800
3f5c7800
3f59e000
3f59e000
3f4f8000
3f4ce800
3f4ce800
3f428800
3f478000
3f478000
3f419800
3f40f000
3f40f000
3f3b0800
3f3a6000
3f3a6000
3f347800
3f33d000
3f33d000
3f2de800
3f2d4000
3f2d4000
3f275800
3f26b000
3f26b000
3f20c800
3f202000
3f202000
3f1a3800
3f199000
3f199000
3f13a800
3f952400
3f952400
3f8f4e00
3f8ea800
3f8ea800
3f88d200
3f882c00
3f882c00
3f825600
3f81b000
3f81b000
3f77b400
3f766800
3f766800
3f6abc00
3f697000
3f697000
3f5dc400
3f5c7800
3f5c7800
3f50cc00
3f4f8000
3f4f8000
3f43d400
3f48d000
3f48d000
3f42e800
3f424000
3f424000
3f3c5800
3f3bb000
3f3bb000
3f35c800
3f352000
3f352000
3f2f3800
3f2e9000
3f2e9000
3f28a800
3f280000
3f280000
3f221800
3f217000
3f217000
3f1b8800
3f1ae000
3f1ae000
3f14f800
3f952400
3f952400
3f8f4e00
3f8ea800
3f8ea800
3f88d200
3f882c00
3f882c00
3f825600
3f81b000
3f81b000
3f77b400
3f766800
3f766800
3f6abc00
3f697000
3f697000
3f5dc400
3f5c7800
3f5c7800
3f50cc00
3f4f8000
3f4f8000
3f43d400
3f48d000
3f48d000
3f42e800
3f424000
3f424000
3f3c5800
3f3bb000
3f3bb000
3f35c800
3f352000
3f352000
3f2f3800
3f2e9000
3f2e9000
3f28a800
3f280000
3f280000
3f221800
3f217000
3f217000
3f1b8800
3f1ae000
3f1ae000
3f14f800
3f9a5400
3f9a5400
3f952400
3f93d800
3f93d800
3f8ea800
3f8d5c00
3f8d5c00
3f882c00
3f86e000
3f86e000
3f81b000
3f806400
3f806400
3f766800
3f73d000
3f73d000
3f697000
3f66d800
3f66d800
3f5c7800
3f59e000
3f59e000
3f4f8000
3f50b000
3f50b000
3f4ac800
3f4a2000
3f4a2000
3f443800
3f439000
3f439000
3f3da800
3f3d0000
3f3d0000
3f371800
3f367000
3f367000
3f308800
3f2fe000
3f2fe000
3f29f800
3f295000
3f295000
3f236800
3f22c000
3f22c000
3f1cd800
3f9ba000
3f9ba000
3f95ca00
3f952400
3f952400
3f8f4e00
3f8ea800
3f8ea800
3f88d200
3f882c00
3f882c00
3f825600
3f81b000
3f81b000
3f77b400
3f766800
3f766800
3f6abc00
3f697000
3f697000
3f5dc400
3f5c7800
3f5c7800
3f50cc00
3f520000
3f520000
3f4c1800
3f4b7000
3f4b7000
3f458800
3f44e000
3f44e000
3f3ef800
3f3e5000
3f3e5000
3f386800
3f37c000
3f37c000
3f31d800
3f313000
3f313000
3f2b4800
3f2aa000
3f2aa000
3f24b800
3f241000
3f241000
3f1e2800
3f9ba000
3f9ba000
3f95ca00
3f952400
3f952400
3f8f4e00
3f8ea800
3f8ea800
3f88d200
3f882c00
3f882c00
3f825600
3f81b000
3f81b000
3f77b400
3f766800
3f766800
3f6abc00
3f697000
3f697000
3f5dc400
3f5c7800
3f5c7800
3f50cc00
3f520000
3f520000
3f4c1800
3f4b7000
3f4b7000
3f458800
3f44e000
3f44e000
3f3ef800
3f3e5000
3f3e5000
3f386800
3f37c000
3f37c000
3f31d800
3f313000
3f313000
3f2b4800
3f2aa000
3f2aa000
3f24b800
3f241000
3f241000
3f1e2800
3fa0d000
3fa0d000
3f9ba000
3f9a5400
3f9a5400
3f952400
3f93d800
3f93d800
3f8ea800
3f8d5c00
3f8d5c00
3f882c00
3f86e000
3f86e000
3f81b000
3f806400
3f806400
3f766800
3f73d000
3f73d000
3f697000
3f66d800
3f66d800
3f5c7800
3f59e000
3f59e000
3f53f800
3f535000
3f535000
3f4d6800
3f4cc000
3f4cc000
3f46d800
3f463000
3f463000
3f404800
3f3fa000
3f3fa000
3f39b800
3f391000
3f391000
3f332800
3f328000
3f328000
3f2c9800
3f2bf000
3f2bf000
3f260800
3fa21c00
3fa21c00
3f9c4600
3f9ba000
3f9ba000
3f95ca00
3f952400
3f952400
3f8f4e00
3f8ea800
3f8ea800
3f88d200
3f882c00
3f882c00
3f825600
3f81b000
3f81b000
3f77b400
3f766800
3f766800
3f6abc00
3f697000
3f697000
3f5dc400
3f5b3000
3f5b3000
3f554800
3f54a000
3f54a000
3f4eb800
3f4e1000
3f4e1000
3f482800
3f478000
3f478000
3f419800
3f40f000
3f40f000
3f3b0800
3f3a6000
3f3a6000
3f347800
3f33d000
3f33d000
3f2de800
3f2d4000
3f2d4000
3f275800
3fa21c00
3fa21c00
3f9c4600
3f9ba000
3f9ba000
3f95ca00
3f952400
3f952400
3f8f4e00
3f8ea800
3f8ea800
3f88d200
3f882c00
3f882c00
3f825600
3f81b000
3f81b000
3f77b400
3f766800
3f766800
3f6abc00
3f697000
3f697000
3f5dc400
3f5b3000
3f5b3000
3f554800
3f54a000
3f54a000
3f4eb800
3f4e1000
3f4e1000
3f482800
3f478000
3f478000
3f419800
3f40f000
3f40f000
3f3b0800
3f3a6000
3f3a6000
3f347800
3f33d000
3f33d000
3f2de800
3f2d4000
3f2d4000
3f275800
3fa74c00
3fa74c00
3fa21c00
3fa0d000
3fa0d000
3f9ba000
3f9a5400
3f9a5400
3f952400
3f93d800
3f93d800
3f8ea800
3f8d5c00
3f8d5c00
3f882c00
3f86e000
3f86e000
3f81b000
3f806400
3f806400
3f766800
3f73d000
3f73d000
3f697000
3f631000
3f631000
3f5d2800
3f5c8000
3f5c8000
3f569800
3f55f000
3f55f000
3f500800
3f4f6000
3f4f6000
3f497800
3f48d000
3f48d000
3f42e800
3f424000
3f424000
3f3c5800
3f3bb000
3f3bb000
3f35c800
3f352000
3f352000
3f2f3800
3fa89800
3fa89800
3fa2c200
3fa21c00
3fa21c00
3f9c4600
3f9ba000
3f9ba000
3f95ca00
3f952400
3f952400
3f8f4e00
3f8ea800
3f8ea800
3f88d200
3f882c00
3f882c00
3f825600
3f81b000
3f81b000
3f77b400
3f766800
3f766800
3f6abc00
3f646000
3f646000
3f5e7800
3f5dd000
3f5dd000
3f57e800
3f574000
3f574000
3f515800
3f50b000
3f50b000
3f4ac800
3f4a2000
3f4a2000
3f443800
3f439000
3f439000
3f3da800
3f3d0000
3f3d0000
3f371800
3f367000
3f367000
3f308800
3fa89800
3fa89800
3fa2c200
3fa21c00
3fa21c00
3f9c4600
3f9ba000
3f9ba000
3f95ca00
3f952400
3f952400
3f8f4e00
3f8ea800
3f8ea800
3f88d200
3f882c00
3f882c00
3f825600
3f81b000
3f81b000
3f77b400
3f766800
3f766800
3f6abc00
3f646000
3f646000
3f5e7800
3f5dd000
3f5dd000
3f57e800
3f574000
3f574000
3f515800
3f50b000
3f50b000
3f4ac800
3f4a2000
3f4a2000
3f443800
3f439000
3f439000
3f3da800
3f3d0000
3f3d0000
3f371800
3f367000
3f367000
3f308800
3fadc800
3fadc800
3fa89800
3fa74c00
3fa74c00
3fa21c00
3fa0d000
3fa0d000
3f9ba000
3f9a5400
3f9a5400
3f952400
3f93d800
3f93d800
3f8ea800
3f8d5c00
3f8d5c00
3f882c00
3f86e000
3f86e000
3f81b000
3f806400
3f806400
3f766800
3f6c4000
3f6c4000
3f665800
3f65b000
3f65b000
3f5fc800
3f5f2000
3f5f2000
3f593800
3f589000
3f589000
3f52a800
3f520000
3f520000
3f4c1800
3f4b7000
3f4b7000
3f458800
3f44e000
3f44e000
3f3ef800
3f3e5000
3f3e5000
3f386800
3faf1400
3faf1400
3fa93e00
3fa89800
3fa89800
3fa2c200
3fa21c00
3fa21c00
3f9c4600
3f9ba000
3f9ba000
3f95ca00
3f952400
3f952400
3f8f4e00
3f8ea800
3f8ea800
3f88d200
3f882c00
3f882c00
3f825600
3f81b000
3f81b000
3f77b400
3f6d9000
3f6d9000
3f67a800
3f670000
3f670000
3f611800
3f607000
3f607000
3f5a8800
3f59e000
3f59e000
3f53f800
3f535000
3f535000
3f4d6800
3f4cc000
3f4cc000
3f46d800
3f463000
3f463000
3f404800
3f3fa000
3f3fa000
3f39b800
3faf1400
3faf1400
3fa93e00
3fa89800
3fa89800
3fa2c200
3fa21c00
3fa21c00
3f9c4600
3f9ba000
3f9ba000
3f95ca00
3f952400
3f952400
3f8f4e00
3f8ea800
3f8ea800
3f88d200
3f882c00
3f882c00
3f825600
3f81b000
3f81b000
3f77b400
3f6d9000
3f6d9000
3f67a800
3f670000
3f670000
3f611800
3f607000
3f607000
3f5a8800
3f59e000
3f59e000
3f53f800
3f535000
3f535000
3f4d6800
3f4cc000
3f4cc000
3f46d800
3f463000
3f463000
3f404800
3f3fa000
3f3fa000
3f39b800
3fb44400
3fb44400
3faf1400
3fadc800
3fadc800
3fa89800
3fa74c00
3fa74c00
3fa21c00
3fa0d000
3fa0d000
3f9ba000
3f9a5400
3f9a5400
3f952400
3f93d800
3f93d800
3f8ea800
3f8d5c00
3f8d5c00
3f882c00
3f86e000
3f86e000
3f81b000
3f757000
3f757000
3f6f8800
3f6ee000
3f6ee000
3f68f800
3f685000
3f685000
3f626800
3f61c000
3f61c000
3f5bd800
3f5b3000
3f5b3000
3f554800
3f54a000
3f54a000
3f4eb800
3f4e1000
3f4e1000
3f482800
3f478000
3f478000
3f419800
3fbff000
3fbff000
3fb78200
3fb6dc00
3fb6dc00
3fae6e00
3fadc800
3fadc800
3fa55a00
3fa4b400
3fa4b400
3f9c4600
3f9ba000
3f9ba000
3f933200
3f928c00
3f928c00
3f8a1e00
3f897800
3f897800
3f810a00
3f806400
3f806400
3f6fec00
3f80a000
3f80a000
3f78b800
3f781000
3f781000
3f6f8800
3f6ee000
3f6ee000
3f665800
3f65b000
3f65b000
3f5d2800
3f5c8000
3f5c8000
3f53f800
3f535000
3f535000
3f4ac800
3f4a2000
3f4a2000
3f419800
3f40f000
3f40f000
3f386800
3fbff000
3fbff000
3fb78200
3fb6dc00
3fb6dc00
3fae6e00
3fadc800
3fadc800
3fa55a00
3fa4b400
3fa4b400
3f9c4600
3f9ba000
3f9ba000
3f933200
3f928c00
3f928c00
3f8a1e00
3f897800
3f897800
3f810a00
3f806400
3f806400
3f6fec00
3f80a000
3f80a000
3f78b800
3f781000
3f781000
3f6f8800
3f6ee000
3f6ee000
3f665800
3f65b000
3f65b000
3f5d2800
3f5c8000
3f5c8000
3f53f800
3f535000
3f535000
3f4ac800
3f4a2000
3f4a2000
3f419800
3f40f000
3f40f000
3f386800
3fc52000
3fc52000
3fbd5800
3fbc0c00
3fbc0c00
3fb44400
3fb2f800
3fb2f800
3fab3000
3fa9e400
3fa9e400
3fa21c00
3fa0d000
3fa0d000
3f990800
3f97bc00
3f97bc00
3f8ff400
3f8ea800
3f8ea800
3f86e000
3f859400
3f859400
3f7b9800
3f849000
3f849000
3f80a000
3f7ff000
3f7ff000
3f781000
3f76c000
3f76c000
3f6ee000
3f6d9000
3f6d9000
3f65b000
3f646000
3f646000
3f5c8000
3f5b3000
3f5b3000
3f535000
3f520000
3f520000
3f4a2000
3f48d000
3f48d000
3f40f000
3fc66c00
3fc66c00
3fbdfe00
3fbd5800
3fbd5800
3fb4ea00
3fb44400
3fb44400
3fabd600
3fab3000
3fab3000
3fa2c200
3fa21c00
3fa21c00
3f99ae00
3f990800
3f990800
3f909a00
3f8ff400
3f8ff400
3f878600
3f86e000
3f86e000
3f7ce400
3f853800
3f853800
3f80f400
3f80a000
3f80a000
3f78b800
3f781000
3f781000
3f6f8800
3f6ee000
3f6ee000
3f665800
3f65b000
3f65b000
3f5d2800
3f5c8000
3f5c8000
3f53f800
3f535000
3f535000
3f4ac800
3f4a2000
3f4a2000
3f419800
3fc66c00
3fc66c00
3fbdfe00
3fbd5800
3fbd5800
3fb4ea00
3fb44400
3fb44400
3fabd600
3fab3000
3fab3000
3fa2c200
3fa21c00
3fa21c00
3f99ae00
3f990800
3f990800
3f909a00
3f8ff400
3f8ff400
3f878600
3f86e000
3f86e000
3f7ce400
3f853800
3f853800
3f80f400
3f80a000
3f80a000
3f78b800
3f781000
3f781000
3f6f8800
3f6ee000
3f6ee000
3f665800
3f65b000
3f65b000
3f5d2800
3f5c8000
3f5c8000
3f53f800
3f535000
3f535000
3f4ac800
3f4a2000
3f4a2000
3f419800
3fcb9c00
3fcb9c00
3fc3d400
3fc28800
3fc28800
3fbac000
3fb97400
3fb97400
3fb1ac00
3fb06000
3fb06000
3fa89800
3fa74c00
3fa74c00
3f9f8400
3f9e3800
3f9e3800
3f967000
3f952400
3f952400
3f8d5c00
3f8c1000
3f8c1000
3f844800
3f892800
3f892800
3f853800
3f849000
3f849000
3f80a000
3f7ff000
3f7ff000
3f781000
3f76c000
3f76c000
3f6ee000
3f6d9000
3f6d9000
3f65b000
3f646000
3f646000
3f5c8000
3f5b3000
3f5b3000
3f535000
3f520000
3f520000
3f4a2000
3fcce800
3fcce800
3fc47a00
3fc3d400
3fc3d400
3fbb6600
3fbac000
3fbac000
3fb25200
3fb1ac00
3fb1ac00
3fa93e00
3fa89800
3fa89800
3fa02a00
3f9f8400
3f9f8400
3f971600
3f967000
3f967000
3f8e0200
3f8d5c00
3f8d5c00
3f84ee00
3f89d000
3f89d000
3f858c00
3f853800
3f853800
3f80f400
3f80a000
3f80a000
3f78b800
3f781000
3f781000
3f6f8800
3f6ee000
3f6ee000
3f665800
3f65b000
3f65b000
3f5d2800
3f5c8000
3f5c8000
3f53f800
3f535000
3f535000
3f4ac800
3fcce800
3fcce800
3fc47a00
3fc3d400
3fc3d400
3fbb6600
3fbac000
3fbac000
3fb25200
3fb1ac00
3fb1ac00
3fa93e00
3fa89800
3fa89800
3fa02a00
3f9f8400
3f9f8400
3f971600
3f967000
3f967000
3f8e0200
3f8d5c00
3f8d5c00
3f84ee00
3f89d000
3f89d000
3f858c00
3f853800
3f853800
3f80f400
3f80a000
3f80a000
3f78b800
3f781000
3f781000
3f6f8800
3f6ee000
3f6ee000
3f665800
3f65b000
3f65b000
3f5d2800
3f5c8000
3f5c8000
3f53f800
3f535000
3f535000
3f4ac800
3fd21800
3fd21800
3fca5000
3fc90400
3fc90400
3fc13c00
3fbff000
3fbff000
3fb82800
3fb6dc00
3fb6dc00
3faf1400
3fadc800
3fadc800
3fa60000
3fa4b400
3fa4b400
3f9cec00
3f9ba000
3f9ba000
3f93d800
3f928c00
3f928c00
3f8ac400
3f8dc000
3f8dc000
3f89d000
3f892800
3f892800
3f853800
3f849000
3f849000
3f80a000
3f7ff000
3f7ff000
3f781000
3f76c000
3f76c000
3f6ee000
3f6d9000
3f6d9000
3f65b000
3f646000
3f646000
3f5c8000
3f5b3000
3f5b3000
3f535000
3fd36400
3fd36400
3fcaf600
3fca5000
3fca5000
3fc1e200
3fc13c00
3fc13c00
3fb8ce00
3fb82800
3fb82800
3fafba00
3faf1400
3faf1400
3fa6a600
3fa60000
3fa60000
3f9d9200
3f9cec00
3f9cec00
3f947e00
3f93d800
3f93d800
3f8b6a00
3f8e6800
3f8e6800
3f8a2400
3f89d000
3f89d000
3f858c00
3f853800
3f853800
3f80f400
3f80a000
3f80a000
3f78b800
3f781000
3f781000
3f6f8800
3f6ee000
3f6ee000
3f665800
3f65b000
3f65b000
3f5d2800
3f5c8000
3f5c8000
3f53f800
3fd36400
3fd36400
3fcaf600
3fca5000
3fca5000
3fc1e200
3fc13c00
3fc13c00
3fb8ce00
3fb82800
3fb82800
3fafba00
3faf1400
3faf1400
3fa6a600
3fa60000
3fa60000
3f9d9200
3f9cec00
3f9cec00
3f947e00
3f93d800
3f93d800
3f8b6a00
3f8e6800
3f8e6800
3f8a2400
3f89d000
3f89d000
3f858c00
3f853800
3f853800
3f80f400
3f80a000
3f80a000
3f78b800
3f781000
3f781000
3f6f8800
3f6ee000
3f6ee000
3f665800
3f65b000
3f65b000
3f5d2800
3f5c8000
3f5c8000
3f53f800
3fd89400
3fd89400
3fd0cc00
3fcf8000
3fcf8000
3fc7b800
3fc66c00
3fc66c00
3fbea400
3fbd5800
3fbd5800
3fb59000
3fb44400
3fb44400
3fac7c00
3fab3000
3fab3000
3fa36800
3fa21c00
3fa21c00
3f9a5400
3f990800
3f990800
3f914000
3f925800
3f925800
3f8e6800
3f8dc000
3f8dc000
3f89d000
3f892800
3f892800
3f853800
3f849000
3f849000
3f80a000
3f7ff000
3f7ff000
3f781000
3f76c000
3f76c000
3f6ee000
3f6d9000
3f6d9000
3f65b000
3f646000
3f646000
3f5c8000
3fd9e000
3fd9e000
3fd17200
3fd0cc00
3fd0cc00
3fc85e00
3fc7b800
3fc7b800
3fbf4a00
3fbea400
3fbea400
3fb63600
3fb59000
3fb59000
3fad2200
3fac7c00
3fac7c00
3fa40e00
3fa36800
3fa36800
3f9afa00
3f9a5400
3f9a5400
3f91e600
3f930000
3f930000
3f8ebc00
3f8e6800
3f8e6800
3f8a2400
3f89d000
3f89d000
3f858c00
3f853800
3f853800
3f80f400
3f80a000
3f80a000
3f78b800
3f781000
3f781000
3f6f8800
3f6ee000
3f6ee000
3f665800
3f65b000
3f65b000
3f5d2800
3fd9e000
3fd9e000
3fd17200
3fd0cc00
3fd0cc00
3fc85e00
3fc7b800
3fc7b800
3fbf4a00
3fbea400
3fbea400
3fb63600
3fb59000
3fb59000
3fad2200
3fac7c00
3fac7c00
3fa40e00
3fa36800
3fa36800
3f9afa00
3f9a5400
3f9a5400
3f91e600
3f930000
3f930000
3f8ebc00
3f8e6800
3f8e6800
3f8a2400
3f89d000
3f89d000
3f858c00
3f853800
3f853800
3f80f400
3f80a000
3f80a000
3f78b800
3f781000
3f781000
3f6f8800
3f6ee000
3f6ee000
3f665800
3f65b000
3f65b000
3f5d2800
3fdf1000
3fdf1000
3fd74800
3fd5fc00
3fd5fc00
3fce3400
3fcce800
3fcce800
3fc52000
3fc3d400
3fc3d400
3fbc0c00
3fbac000
3fbac000
3fb2f800
3fb1ac00
3fb1ac00
3fa9e400
3fa89800
3fa89800
3fa0d000
3f9f8400
3f9f8400
3f97bc00
3f96f000
3f96f000
3f930000
3f925800
3f925800
3f8e6800
3f8dc000
3f8dc000
3f89d000
3f892800
3f892800
3f853800
3f849000
3f849000
3f80a000
3f7ff000
3f7ff000
3f781000
3f76c000
3f76c000
3f6ee000
3f6d9000
3f6d9000
3f65b000
3fe05c00
3fe05c00
3fd7ee00
3fd74800
3fd74800
3fceda00
3fce3400
3fce3400
3fc5c600
3fc52000
3fc52000
3fbcb200
3fbc0c00
3fbc0c00
3fb39e00
3fb2f800
3fb2f800
3faa8a00
3fa9e400
3fa9e400
3fa17600
3fa0d000
3fa0d000
3f986200
3f979800
3f979800
3f935400
3f930000
3f930000
3f8ebc00
3f8e6800
3f8e6800
3f8a2400
3f89d000
3f89d000
3f858c00
3f853800
3f853800
3f80f400
3f80a000
3f80a000
3f78b800
3f781000
3f781000
3f6f8800
3f6ee000
3f6ee000
3f665800
3fe05c00
3fe05c00
3fd7ee00
3fd74800
3fd74800
3fceda00
3fce3400
3fce3400
3fc5c600
3fc52000
3fc52000
3fbcb200
3fbc0c00
3fbc0c00
3fb39e00
3fb2f800
3fb2f800
3faa8a00
3fa9e400
3fa9e400
3fa17600
3fa0d000
3fa0d000
3f986200
3f979800
3f979800
3f935400
3f930000
3f930000
3f8ebc00
3f8e6800
3f8e6800
3f8a2400
3f89d000
3f89d000
3f858c00
3f853800
3f853800
3f80f400
3f80a000
3f80a000
3f78b800
3f781000
3f781000
3f6f8800
3f6ee000
3f6ee000
3f665800
3fe58c00
3fe58c00
3fddc400
3fdc7800
3fdc7800
3fd4b000
3fd36400
3fd36400
3fcb9c00
3fca5000
3fca5000
3fc28800
3fc13c00
3fc13c00
3fb97400
3fb82800
3fb82800
3fb06000
3faf1400
3faf1400
3fa74c00
3fa60000
3fa60000
3f9e3800
3f9b8800
3f9b8800
3f979800
3f96f000
3f96f000
3f930000
3f925800
3f925800
3f8e6800
3f8dc000
3f8dc000
3f89d000
3f892800
3f892800
3f853800
3f849000
3f849000
3f80a000
3f7ff000
3f7ff000
3f781000
3f76c000
3f76c000
3f6ee000
3fe6d800
3fe6d800
3fde6a00
3fddc400
3fddc400
3fd55600
3fd4b000
3fd4b000
3fcc4200
3fcb9c00
3fcb9c00
3fc32e00
3fc28800
3fc28800
3fba1a00
3fb97400
3fb97400
3fb10600
3fb06000
3fb06000
3fa7f200
3fa74c00
3fa74c00
3f9ede00
3f9c3000
3f9c3000
3f97ec00
3f979800
3f979800
3f935400
3f930000
3f930000
3f8ebc00
3f8e6800
3f8e6800
3f8a2400
3f89d000
3f89d000
3f858c00
3f853800
3f853800
3f80f400
3f80a000
3f80a000
3f78b800
3f781000
3f781000
3f6f8800
3fe6d800
3fe6d800
3fde6a00
3fddc400
3fddc400
3fd55600
3fd4b000
3fd4b000
3fcc4200
3fcb9c00
3fcb9c00
3fc32e00
3fc28800
3fc28800
3fba1a00
3fb97400
3fb97400
3fb10600
3fb06000
3fb06000
3fa7f200
3fa74c00
3fa74c00
3f9ede00
3f9c3000
3f9c3000
3f97ec00
3f979800
3f979800
3f935400
3f930000
3f930000
3f8ebc00
3f8e6800
3f8e6800
3f8a2400
3f89d000
3f89d000
3f858c00
3f853800
3f853800
3f80f400
3f80a000
3f80a000
3f78b800
3f781000
3f781000
3f6f8800
3fec0800
3fec0800
3fe44000
3fe2f400
3fe2f400
3fdb2c00
3fd9e000
3fd9e000
3fd21800
3fd0cc00
3fd0cc00
3fc90400
3fc7b800
3fc7b800
3fbff000
3fbea400
3fbea400
3fb6dc00
3fb59000
3fb59000
3fadc800
3fac7c00
3fac7c00
3fa4b400
3fa02000
3fa02000
3f9c3000
3f9b8800
3f9b8800
3f979800
3f96f000
3f96f000
3f930000
3f925800
3f925800
3f8e6800
3f8dc000
3f8dc000
3f89d000
3f892800
3f892800
3f853800
3f849000
3f849000
3f80a000
3f7ff000
3f7ff000
3f781000
3fed5400
3fed5400
3fe4e600
3fe44000
3fe44000
3fdbd200
3fdb2c00
3fdb2c00
3fd2be00
3fd21800
3fd21800
3fc9aa00
3fc90400
3fc90400
3fc09600
3fbff000
3fbff000
3fb78200
3fb6dc00
3fb6dc00
3fae6e00
3fadc800
3fadc800
3fa55a00
3fa0c800
3fa0c800
3f9c8400
3f9c3000
3f9c3000
3f97ec00
3f979800
3f979800
3f935400
3f930000
3f930000
3f8ebc00
3f8e6800
3f8e6800
3f8a2400
3f89d000
3f89d000
3f858c00
3f853800
3f853800
3f80f400
3f80a000
3f80a000
3f78b800
3fed5400
3fed5400
3fe4e600
3fe44000
3fe44000
3fdbd200
3fdb2c00
3fdb2c00
3fd2be00
3fd21800
3fd21800
3fc9aa00
3fc90400
3fc90400
3fc09600
3fbff000
3fbff000
3fb78200
3fb6dc00
3fb6dc00
3fae6e00
3fadc800
3fadc800
3fa55a00
3fa0c800
3fa0c800
3f9c8400
3f9c3000
3f9c3000
3f97ec00
3f979800
3f979800
3f935400
3f930000
3f930000
3f8ebc00
3f8e6800
3f8e6800
3f8a2400
3f89d000
3f89d000
3f858c00
3f853800
3f853800
3f80f400
3f80a000
3f80a000
3f78b800
3ff28400
3ff28400
3feabc00
3fe97000
3fe97000
3fe1a800
3fe05c00
3fe05c00
3fd89400
3fd74800
3fd74800
3fcf8000
3fce3400
3fce3400
3fc66c00
3fc52000
3fc52000
3fbd5800
3fbc0c00
3fbc0c00
3fb44400
3fb2f800
3fb2f800
3fab3000
3fa4b800
3fa4b800
3fa0c800
3fa02000
3fa02000
3f9c3000
3f9b8800
3f9b8800
3f979800
3f96f000
3f96f000
3f930000
3f925800
3f925800
3f8e6800
3f8dc000
3f8dc000
3f89d000
3f892800
3f892800
3f853800
3f849000
3f849000
3f80a000
3f81b000
3f81b000
3f81b000
3f81b000
3f81b000
3f81b000
3f81b000
3f81b000
3f81b000
3f81b000
3f81b000
3f81b000
3f81b000
3f81b000
3f81b000
3f81b000
3f81b000
3f81b000
3f81b000
3f81b000
3f81b000
3f81b000
3f81b000
3f81b000
3f81b000
3f81b000
3f81b000
3f81b000
3f81b000
3f81b000
3f81b000
3f81b000
3f81b000
3f81b000
3f81b000
3f81b000
3f81b000
3f81b000
3f81b000
3f81b000
3f81b000
3f81b000
3f81b000
3f81b000
3f81b000
3f81b000
3f81b000
3f81b000
3f81b000
3f81b000
3f81b000
3f81b000
3f81b000
3f81b000
3f81b000
3f81b000
3f81b000
3f81b000
3f81b000
3f81b000
3f81b000
3f81b000
3f81b000
3f81b000
3f81b000
3f81b000
3f81b000
3f81b000
3f81b000
3f81b000
3f81b000
3f81b000
3f81b000
3f81b000
3f81b000
3f81b000
3f81b000
3f81b000
3f81b000
3f81b000
3f81b000
3f81b000
3f81b000
3f81b000
3f81b000
3f81b000
3f81b000
3f81b000
3f81b000
3f81b000
3f81b000
3f81b000
3f81b000
3f81b000
3f81b000
3f81b000
3f81b000
3f81b000
3f81b000
3f81b000
3f81b000
3f81b000
3f81b000
3f81b000
3f81b000
3f81b000
3f81b000
3f81b000
3f81b000
3f81b000
3f81b000
3f81b000
3f81b000
3f81b000
3f81b000
3f81b000
3f81b000
3f81b000
3f81b000
3f81b000
3f81b000
3f81b000
3f81b000
3f81b000
3f81b000
3f81b000
3f81b000
3f81b000
3f81b000
3f81b000
3f81b000
3f81b000
3f81b000
3f81b000
3f81b000
3f81b000
3f81b000
3f81b000
3f81b000
3f81b000
3f81b000
3f81b000
3f81b000
3f81b000
3f81b000
3f81b000
3f81b000
3f81b000
3f81b000
3f81b000
3f81b000
3f81b000
3f81b000
3f81b000
3f81b000
3f81b000
3f81b000
3f81b000
3f81b000
3f81b000
3f81b000
3f81b000
3f81b000
3f81b000
3f81b000
3f81b000
3f81b000
3f81b000
3f81b000
3f81b000
3f81b000
3f81b000
3f81b000
3f81b000
3f81b000
3f81b000
3f81b000
3f81b000
3f81b000
3f81b000
3f81b000
3f81b000
3f81b000
3f81b000
3f81b000
3f81b000
3f81b000
3f81b000
3f81b000
3f81b000
3f81b000
3f81b000
3f81b000
3f81b000
3f81b000
3f81b000
3f81b000
3f81b000
3f81b000
3f81b000
3f81b000
3f81b000
3f81b000
3f81b000
3f81b000
3f81b000
3f81b000
3f81b000
3f81b000
3f81b000
3f81b000
3f81b000
3f81b000
3f81b000
3f81b000
3f81b000
3f81b000
3f81b000
3f81b000
3f81b000
3f81b000
3f81b000
3f81b000
3f81b000
3f81b000
3f81b000
3f81b000
3f81b000
3f81b000
3f81b000
3f81b000
3f81b000
3f81b000
3f81b000
3f81b000
3f81b000
3f81b000
3f81b000
3f81b000
3f81b000
3f81b000
3f81b000
3f81b000
3f81b000
3f81b000
3f81b000
3f81b000
3f81b000
3f81b000
3f81b000
3f81b000
3f81b000
3f81b000
3f81b000
3f81b000
3f81b000
3f81b000
3f81b000
3f81b000
3f81b000
3f81b000
3f81b000
3f81b000
3f81b000
3f81b000
3f81b000
3f81b000
3f81b000
3f81b000
3f81b000
3f81b000
3f81b000
3f81b000
3f81b000
3f81b000
3f81b000
3f81b000
3f81b000
3f81b000
3f81b000
3f81b000
3f81b000
3f81b000
3f81b000
3f81b000
3f81b000
3f81b000
3f81b000
3f81b000
3f81b000
3f81b000
3f81b000
3f81b000
3f81b000
3f81b000
3f81b000
3f81b000
3f81b000
3f81b000
3f81b000
3f81b000
3f81b000
3f81b000
3f81b000
3f81b000
3f81b000
3f81b000
3f81b000
3f81b000
3f81b000
3f81b000
3f81b000
3f81b000
3f81b000
3f81b000
3f81b000
3f81b000
3f81b000
3f81b000
3f81b000
3f81b000
3f81b000
3f81b000
3f81b000
3f81b000
3f81b000
3f81b000
3f81b000
3f81b000
3f81b000
3f81b000
3f81b000
3f81b000
3f81b000
3f81b000
3f81b000
3f81b000
3f81b000
3f81b000
3f81b000
3f81b000
3f81b000
3f81b000
3f81b000
3f81b000
3f81b000
3f81b000
3f81b000
3f81b000
3f81b000
3f81b000
3f81b000
3f81b000
3f81b000
3f81b000
3f81b000
3f81b000
3f81b000
3f81b000
3f81b000
3f81b000
3f81b000
3f81b000
3f81b000
3f81b000
3f81b000
3f81b000
3f81b000
3f81b000
3f81b000
3f81b000
3f81b000
3f81b000
3f81b000
3f81b000
3f81b000
3f81b000
3f81b000
3f81b000
3f81b000
3f81b000
3f81b000
3f81b000
3f81b000
3f81b000
3f81b000
3f81b000
3f81b000
3f81b000
3f81b000
3f81b000
3f81b000
3f81b000
3f81b000
3f81b000
3f81b000
3f81b000
3f81b000
3f81b000
3f81b000
3f81b000
3f81b000
3f81b000
3f81b000
3f81b000
3f81b000
3f81b000
3f81b000
3f81b000
3f81b000
3f81b000
3f81b000
3f81b000
3f81b000
3f81b000
3f81b000
3f81b000
3f81b000
3f81b000
3f81b000
3f81b000
3f81b000
3f81b000
3f81b000
3f81b000
3f81b000
3f81b000
3f81b000
3f81b000
3f81b000
3f81b000
3f81b000
3f81b000
3f81b000
3f81b000
3f81b000
3f81b000
3f81b000
3f81b000
3f81b000
3f81b000
3f81b000
3f81b000
3f81b000
3f81b000
3f81b000
3f81b000
3f81b000
3f81b000
3f81b000
3f81b000
3f81b000
3f81b000
3f81b000
3f81b000
3f81b000
3f81b000
3f81b000
3f81b000
3f81b000
3f81b000
3f81b000
3f81b000
3f81b000
3f81b000
3f81b000
3f81b000
3f81b000
3f81b000
3f81b000
3f81b000
3f81b000
3f81b000
3f81b000
3f81b000
3f81b000
3f81b000
3f81b000
3f81b000
3f81b000
3f81b000
3f81b000
3f81b000
3f81b000
3f81b000
3f81b000
3f81b000
3f81b000
3f81b000
3f81b000
3f81b000
3f81b000
3f81b000
3f81b000
3f81b000
3f81b000
3f81b000
3f81b000
3f81b000
3f81b000
3f81b000
3f81b000
3f81b000
3f81b000
3f81b000
3f81b000
3f81b000
3f81b000
3f81b000
3f81b000
3f81b000
3f81b000
3f81b000
3f81b000
3f81b000
3f81b000
3f81b000
3f81b000
3f81b000
3f81b000
3f81b000
3f81b000
3f81b000
3f81b000
3f81b000
3f81b000
3f81b000
3f81b000
3f81b000
3f81b000
3f81b000
3f81b000
3f81b000
3f81b000
3f81b000
3f81b000
3f81b000
3f81b000
3f81b000
3f81b000
3f81b000
3f81b000
3f81b000
3f81b000
3f81b000
3f81b000
3f81b000
3f81b000
3f81b000
3f81b000
3f81b000
3f81b000
3f81b000
3f81b000
3f81b000
3f81b000
3f81b000
3f81b000
3f81b000
3f81b000
3f81b000
3f81b000
3f81b000
3f81b000
3f81b000
3f81b000
3f81b000
3f81b000
3f81b000
3f81b000
3f81b000
3f81b000
3f81b000
3f81b000
3f81b000
3f81b000
3f81b000
3f81b000
3f81b000
3f81b000
3f81b000
3f81b000
3f81b000
3f81b000
3f81b000
3f81b000
3f81b000
3f81b000
3f81b000
3f81b000
3f81b000
3f81b000
3f81b000
3f81b000
3f81b000
3f81b000
3f81b000
3f81b000
3f81b000
3f81b000
3f81b000
3f81b000
3f81b000
3f81b000
3f81b000
3f81b000
3f81b000
3f81b000
3f81b000
3f81b000
3f81b000
3f81b000
3f81b000
3f81b000
3f81b000
3f81b000
3f81b000
3f81b000
3f81b000
3f81b000
3f81b000
3f81b000
3f81b000
3f81b000
3f81b000
3f81b000
3f81b000
3f81b000
3f81b000
3f81b000
3f81b000
3f81b000
3f81b000
3f81b000
3f81b000
3f81b000
3f81b000
3f81b000
3f81b000
3f81b000
3f81b000
3f81b000
3f81b000
3f81b000
3f81b000
3f81b000
3f81b000
3f81b000
3f81b000
3f81b000
3f81b000
3f81b000
3f81b000
3f81b000
3f81b000
3f81b000
3f81b000
3f81b000
3f81b000
3f81b000
3f81b000
3f81b000
3f81b000
3f81b000
3f81b000
3f81b000
3f81b000
3f81b000
3f81b000
3f81b000
3f81b000
3f81b000
3f81b000
3f81b000
3f81b000
3f81b000
3f81b000
3f81b000
3f81b000
3f81b000
3f81b000
3f81b000
3f81b000
3f81b000
3f81b000
3f81b000
3f81b000
3f81b000
3f81b000
3f81b000
3f81b000
3f81b000
3f81b000
3f81b000
3f81b000
3f81b000
3f81b000
3f81b000
3f81b000
3f81b000
3f81b000
3f81b000
3f81b000
3f81b000
3f81b000
3f81b000
3f81b000
3f81b000
3f81b000
3f81b000
3f81b000
3f81b000
3f81b000
3f81b000
3f81b000
3f81b000
3f81b000
3f81b000
3f81b000
3f81b000
3f81b000
3f81b000
3f81b000
3f81b000
3f81b000
3f81b000
3f81b000
3f81b000
3f81b000
3f81b000
3f81b000
3f81b000
3f81b000
3f81b000
3f81b000
3f81b000
3f81b000
3f81b000
3f81b000
3f81b000
3f81b000
3f81b000
3f81b000
3f81b000
3f81b000
3f81b000
3f81b000
3f81b000
3f81b000
3f81b000
3f81b000
3f81b000
3f81b000
3f81b000
3f81b000
3f81b000
3f81b000
3f81b000
3f81b000
3f81b000
3f81b000
3f81b000
3f81b000
3f81b000
3f81b000
3f81b000
3f81b000
3f81b000
3f81b000
3f81b000
3f81b000
3f81b000
3f81b000
3f81b000
3f81b000
3f81b000
3f81b000
3f81b000
3f81b000
3f81b000
3f81b000
3f81b000
3f81b000
3f81b000
3f81b000
3f81b000
3f81b000
3f81b000
3f81b000
3f81b000
3f81b000
3f81b000
3f81b000
3f81b000
3f81b000
3f81b000
3f81b000
3f81b000
3f81b000
3f81b000
3f81b000
3f81b000
3f81b000
3f81b000
3f81b000
3f81b000
3f81b000
3f81b000
3f81b000
3f81b000
3f81b000
3f81b000
3f81b000
3f81b000
3f81b000
3f81b000
3f81b000
3f81b000
3f81b000
3f81b000
3f81b000
3f81b000
3f81b000
3f81b000
3f81b000
3f81b000
3f81b000
3f81b000
3f81b000
3f81b000
3f81b000
3f81b000
3f81b000
3f81b000
3f81b000
3f81b000
3f81b000
3f81b000
3f81b000
3f81b000
3f81b000
3f81b000
3f81b000
3f81b000
3f81b000
3f81b000
3f81b000
3f81b000
3f81b000
3f81b000
3f81b000
3f81b000
3f81b000
3f81b000
3f81b000
3f81b000
3f81b000
3f81b000
3f81b000
3f81b000
3f81b000
3f81b000
3f81b000
3f81b000
3f81b000
3f81b000
3f81b000
3f81b000
3f81b000
3f81b000
3f81b000
3f81b000
3f81b000
3f81b000
3f81b000
3f81b000
3f81b000
3f81b000
3f81b000
3f81b000
3f81b000
3f81b000
3f81b000
3f81b000
3f81b000
3f81b000
3f81b000
3f81b000
3f81b000
3f81b000
3f81b000
3f81b000
3f81b000
3f81b000
3f81b000
3f81b000
3f81b000
3f81b000
3f81b000
3f81b000
3f81b000
3f81b000
3f81b000
3f81b000
3f81b000
3f81b000
3f81b000
3f81b000
3f81b000
3f81b000
3f81b000
3f81b000
3f81b000
3f81b000
3f81b000
3f81b000
3f81b000
3f81b000
3f81b000
3f81b000
3f81b000
3f81b000
3f81b000
3f81b000
3f81b000
3f81b000
3f81b000
3f81b000
3f81b000
3f81b000
3f81b000
3f81b000
3f81b000
3f81b000
3f81b000
3f81b000
3f81b000
3f81b000
3f81b000
3f81b000
3f81b000
3f81b000
3f81b000
3f81b000
3f81b000
3f81b000
3f81b000
3f81b000
3f81b000
3f81b000
3f81b000
3f81b000
3f81b000
3f81b000
3f81b000
3f81b000
3f81b000
3f81b000
3f81b000
3f81b000
3f81b000
3f81b000
3f81b000
3f81b000
3f81b000
3f81b000
3f81b000
3f81b000
3f81b000
3f81b000
3f81b000
3f81b000
3f81b000
3f81b000
3f81b000
3f81b000
3f81b000
3f81b000
3f81b000
3f81b000
3f81b000
3f81b000
3f81b000
3f81b000
3f81b000
3f81b000
3f81b000
3f81b000
3f81b000
3f81b000
3f81b000
3f81b000
3f81b000
3f81b000
3f81b000
3f81b000
3f81b000
3f81b000
3f81b000
3f81b000
3f81b000
3f81b000
3f81b000
3f81b000
3f81b000
3f81b000
3f81b000
3f81b000
3f81b000
3f81b000
3f81b000
3f81b000
3f81b000
3f81b000
3f81b000
3f81b000
3f81b000
3f81b000
3f81b000
3f81b000
3f81b000
3f81b000
3f81b000
3f81b000
3f81b000
3f81b000
3f81b000
3f81b000
3f81b000
3f81b000
3f81b000
3f81b000
3f81b000
3f81b000
3f81b000
3f81b000
3f81b000
3f81b000
3f81b000
3f81b000
3f81b000
3f81b000
3f81b000
3f81b000
3f81b000
3f81b000
3f81b000
3f81b000
3f81b000
3f81b000
3f81b000
3f81b000
3f81b000
3f81b000
3f81b000
3f81b000
3f81b000
3f81b000
3f81b000
3f81b000
3f81b000
3f81b000
3f81b000
3f81b000
3f81b000
3f81b000
3f81b000
3f81b000
3f81b000
3f81b000
3f81b000
3f81b000
3f81b000
3f81b000
3f81b000
3f81b000
3f81b000
3f81b000
3f81b000
3f81b000
3f81b000
3f81b000
3f81b000
3f81b000
3f81b000
3f81b000
3f81b000
3f81b000
3f81b000
3f81b000
3f81b000
3f81b000
3f81b000
3f81b000
3f81b000
3f81b000
3f81b000
3f81b000
3f81b000
3f81b000
3f81b000
3f81b000
3f81b000
3f81b000
3f81b000
3f81b000
3f81b000
3f81b000
3f81b000
3f81b000
3f81b000
3f81b000
3f81b000
3f81b000
3f81b000
3f81b000
3f81b000
3f81b000
3f81b000
3f81b000
3f81b000
3f81b000
3f81b000
3f81b000
3f81b000
3f81b000
3f81b000
3f81b000
3f81b000
3f81b000
3f81b000
3f81b000
3f81b000
3f81b000
3f81b000
3f81b000
3f81b000
3f81b000
3f81b000
3f81b000
3f81b000
3f81b000
3f81b000
3f81b000
3f81b000
3f81b000
3f81b000
3f81b000
3f81b000
3f81b000
3f81b000
3f81b000
3f81b000
3f81b000
3f81b000
3f81b000
3f81b000
3f81b000
3f81b000
3f81b000
3f81b000
3f81b000
3f81b000
3f81b000
3f81b000
3f81b000
3f81b000
3f81b000
3f81b000
3f81b000
3f81b000
3f81b000
3f81b000
3f81b000
3f81b000
3f81b000
3f81b000
3f81b000
3f81b000
3f81b000
3f81b000
3f81b000
3f81b000
3f81b000
3f81b000
3f81b000
3f81b000
3f81b000
3f81b000
3f81b000
3f81b000
3f81b000
3f81b000
3f81b000
3f81b000
3f81b000
3f81b000
3f81b000
3f81b000
3f81b000
3f81b000
3f81b000
3f81b000
3f81b000
3f81b000
3f81b000
3f81b000
3f81b000
3f81b000
3f81b000
3f81b000
3f81b000
3f81b000
3f81b000
3f81b000
3f81b000
3f81b000
3f81b000
3f81b000
3f81b000
3f81b000
3f81b000
3f81b000
3f81b000
3f81b000
3f81b000
3f81b000
3f81b000
3f81b000
3f81b000
3f81b000
3f81b000
3f81b000
3f81b000
3f81b000
3f81b000
3f81b000
3f81b000
3f81b000
3f81b000
3f81b000
3f81b000
3f81b000
3f81b000
3f81b000
3f81b000
3f81b000
3f81b000
3f81b000
3f81b000
3f81b000
3f81b000
3f81b000
3f81b000
3f81b000
3f81b000
3f81b000
3f81b000
3f81b000
3f81b000
3f81b000
3f81b000
3f81b000
3f81b000
3f81b000
3f81b000
3f81b000
3f81b000
3f81b000
3f81b000
3f81b000
3f81b000
3f81b000
3f81b000
3f81b000
3f81b000
3f81b000
3f81b000
3f81b000
3f81b000
3f81b000
3f81b000
3f81b000
3f81b000
3f81b000
3f81b000
3f81b000
3f81b000
3f81b000
3f81b000
3f81b000
3f81b000
3f81b000
3f81b000
3f81b000
3f81b000
3f81b000
3f81b000
3f81b000
3f81b000
3f81b000
3f81b000
3f81b000
3f81b000
3f81b000
3f81b000
3f81b000
3f81b000
3f81b000
3f81b000
3f81b000
3f81b000
3f81b000
3f81b000
3f81b000
3f81b000
3f81b000
3f81b000
3f81b000
3f81b000
3f81b000
3f81b000
3f81b000
3f81b000
3f81b000
3f81b000
3f81b000
3f81b000
3f81b000
3f81b000
3f81b000
3f81b000
3f81b000
3f81b000
3f81b000
3f81b000
3f81b000
3f81b000
3f81b000
3f81b000
3f81b000
3f81b000
3f81b000
3f81b000
3f81b000
3f81b000
3f81b000
3f81b000
3f81b000
3f81b000
3f81b000
3f81b000
3f81b000
3f81b000
3f81b000
3f81b000
3f81b000
3f81b000
3f81b000
3f81b000
3f81b000
3f81b000
3f81b000
3f81b000
3f81b000
3f81b000
3f81b000
3f81b000
3f81b000
3f81b000
3f81b000
3f81b000
3f81b000
3f81b000
3f81b000
3f81b000
3f81b000
3f81b000
3f81b000
3f81b000
3f81b000
3f81b000
3f81b000
3f81b000
3f81b000
3f81b000
3f81b000
3f81b000
3f81b000
3f81b000
3f81b000
3f81b000
3f81b000
3f81b000
3f81b000
3f81b000
3f81b000
3f81b000
3f81b000
3f81b000
3f81b000
3f81b000
3f81b000
3f81b000
3f81b000
3f81b000
3f81b000
3f81b000
3f81b000
3f81b000
3f81b000
3f81b000
3f81b000
3f81b000
3f81b000
3f81b000
3f81b000
3f81b000
3f81b000
3f81b000
3f81b000
3f81b000
3f81b000
3f81b000
3f81b000
3f81b000
3f81b000
3f81b000
3f81b000
3f81b000
3f81b000
3f81b000
3f81b000
3f81b000
3f81b000
3f81b000
3f81b000
3f81b000
3f81b000
3f81b000
3f81b000
3f81b000
3f81b000
3f81b000
3f81b000
3f81b000
3f81b000
3f81b000
3f81b000
3f81b000
3f81b000
3f81b000
3f81b000
3f81b000
3f81b000
3f81b000
3f81b000
3f81b000
3f81b000
3f81b000
3f81b000
3f81b000
3f81b000
3f81b000
3f81b000
3f81b000
3f81b000
3f81b000
3f81b000
3f81b000
3f81b000
3f81b000
3f81b000
3f81b000
3f81b000
3f81b000
3f81b000
3f81b000
3f81b000
3f81b000
3f81b000
3f81b000
3f81b000
3f81b000
3f81b000
3f81b000
3f81b000
3f81b000
3f81b000
3f81b000
3f81b000
3f81b000
3f81b000
3f81b000
3f81b000
3f81b000
3f81b000
3f81b000
3f81b000
3f81b000
3f81b000
3f81b000
3f81b000
3f81b000
3f81b000
3f81b000
3f81b000
3f81b000
3f81b000
3f81b000
3f81b000
3f81b000
3f81b000
3f81b000
3f81b000
3f81b000
3f81b000
3f81b000
3f81b000
3f81b000
3f81b000
3f81b000
3f81b000
3f81b000
3f81b000
3f81b000
3f81b000
3f81b000
3f81b000
3f81b000
3f81b000
3f81b000
3f81b000
3f81b000
3f81b000
3f81b000
3f81b000
3f81b000
3f81b000
3f81b000
3f81b000
3f81b000
3f81b000
3f81b000
3f81b000
3f81b000
3f81b000
3f81b000
3f81b000
3f81b000
3f81b000
3f81b000
3f81b000
3f81b000
3f81b000
3f81b000
3f81b000
3f81b000
3f81b000
3f81b000
3f81b000
3f81b000
3f81b000
3f81b000
3f81b000
3f81b000
3f81b000
3f81b000
3f81b000
3f81b000
3f81b000
3f81b000
3f81b000
3f81b000
3f81b000
3f81b000
3f81b000
3f81b000
3f81b000
3f81b000
3f81b000
3f81b000
3f81b000
3f81b000
3f81b000
3f81b000
3f81b000
3f81b000
3f81b000
3f81b000
3f81b000
3f81b000
3f81b000
3f81b000
3f81b000
3f81b000
3f81b000
3f81b000
3f81b000
3f81b000
3f81b000
3f81b000
3f81b000
3f81b000
3f81b000
3f81b000
3f81b000
3f81b000
3f81b000
3f81b000
3f81b000
3f81b000
3f81b000
3f81b000
3f81b000
3f81b000
3f81b000
3f81b000
3f81b000
3f81b000
3f81b000
3f81b000
3f81b000
3f81b000
3f81b000
3f81b000
3f81b000
3f81b000
3f81b000
3f81b000
3f81b000
3f81b000
3f81b000
3f81b000
3f81b000
3f81b000
3f81b000
3f81b000
3f81b000
3f81b000
3f81b000
3f81b000
3f81b000
3f81b000
3f81b000
3f81b000
3f81b000
3f81b000
3f81b000
3f81b000
3f81b000
3f81b000
3f81b000
3f81b000
3f81b000
3f81b000
3f81b000
3f81b000
3f81b000
3f81b000
3f81b000
3f81b000
3f81b000
3f81b000
3f81b000
3f81b000
3f81b000
3f81b000
3f81b000
3f81b000
3f81b000
3f81b000
3f81b000
3f81b000
3f81b000
3f81b000
3f81b000
3f81b000
3f81b000
3f81b000
3f81b000
3f81b000
3f81b000
3f81b000
3f81b000
3f81b000
3f81b000
3f81b000
3f81b000
3f81b000
3f81b000
3f81b000
3f81b000
3f81b000
3f81b000
3f81b000
3f81b000
3f81b000
3f81b000
3f81b000
3f81b000
3f81b000
3f81b000
3f81b000
3f81b000
3f81b000
3f81b000
3f81b000
3f81b000
3f81b000
3f81b000
3f81b000
3f81b000
3f81b000
3f81b000
3f81b000
3f81b000
3f81b000
3f81b000
3f81b000
3f81b000
3f81b000
3f81b000
3f81b000
3f81b000
3f81b000
3f81b000
3f81b000
3f81b000
3f81b000
3f81b000
3f81b000
3f81b000
3f81b000
3f81b000
3f81b000
3f81b000
3f81b000
3f81b000
3f81b000
3f81b000
3f81b000
3f81b000
3f81b000
3f81b000
3f81b000
3f81b000
3f81b000
3f81b000
3f81b000
3f81b000
3f81b000
3f81b000
3f81b000
3f81b000
3f81b000
3f81b000
3f81b000
3f81b000
3f81b000
3f81b000
3f81b000
3f81b000
3f81b000
3f81b000
3f81b000
3f81b000
3f81b000
3f81b000
3f81b000
3f81b000
3f81b000
3f81b000
3f81b000
3f81b000
3f81b000
3f81b000
3f81b000
3f81b000
3f81b000
3f81b000
3f81b000
3f81b000
3f81b000
3f81b000
3f81b000
3f81b000
3f81b000
3f81b000
3f81b000
3f81b000
3f81b000
3f81b000
3f81b000
3f81b000
3f81b000
3f81b000
3f81b000
3f81b000
3f81b000
3f81b000
3f81b000
3f81b000
3f81b000
3f81b000
3f81b000
3f81b000
3f81b000
3f81b000
3f81b000
3f81b000
3f81b000
3f81b000
3f81b000
3f81b000
3f81b000
3f81b000
3f81b000
3f81b000
3f81b000
3f81b000
3f81b000
3f81b000
3f81b000
3f81b000
3f81b000
3f81b000
3f81b000
3f81b000
3f81b000
3f81b000
3f81b000
3f81b000
3f81b000
3f81b000
3f81b000
3f81b000
3f81b000
3f81b000
3f81b000
3f81b000
3f81b000
3f81b000
3f81b000
3f81b000
3f81b000
3f81b000
3f81b000
3f81b000
3f81b000
3f81b000
3f81b000
3f81b000
3f81b000
3f81b000
3f81b000
3f81b000
3f81b000
3f81b000
3f81b000
3f81b000
3f81b000
3f81b000
3f81b000
3f81b000
3f81b000
3f81b000
3f81b000
3f81b000
3f81b000
3f81b000
3f81b000
3f81b000
3f81b000
3f81b000
3f81b000
3f81b000
3f81b000
3f81b000
3f81b000
3f81b000
3f81b000
3f81b000
3f81b000
3f81b000
3f81b000
3f81b000
3f81b000
3f81b000
3f81b000
3f81b000
3f81b000
3f81b000
3f81b000
3f81b000
3f81b000
3f81b000
3f81b000
3f81b000
3f81b000
3f81b000
3f81b000
3f81b000
3f81b000
3f81b000
3f81b000
3f81b000
3f81b000
3f81b000
3f81b000
3f81b000
3f81b000
3f81b000
3f81b000
3f81b000
3f81b000
3f81b000
3f81b000
3f81b000
3f81b000
3f81b000
3f81b000
3f81b000
3f81b000
3f81b000
3f81b000
3f81b000
3f81b000
3f81b000
3f81b000
3f81b000
3f81b000
3f81b000
3f81b000
3f81b000
3f81b000
3f81b000
3f81b000
3f81b000
3f81b000
3f81b000
3f81b000
3f81b000
3f81b000
3f81b000
3f81b000
3f81b000
3f81b000
3f81b000
3f81b000
3f81b000
3f81b000
3f81b000
3f81b000
3f81b000
3f81b000
3f81b000
3f81b000
3f81b000
3f81b000
3f81b000
3f81b000
3f81b000
3f81b000
3f81b000
3f81b000
3f81b000
3f81b000
3f81b000
3f81b000
3f81b000
3f81b000
3f81b000
3f81b000
3f81b000
3f81b000
3f81b000
3f81b000
3f81b000
3f81b000
3f81b000
3f81b000
3f81b000
3f81b000
3f81b000
3f81b000
3f81b000
3f81b000
3f81b000
3f81b000
3f81b000
3f81b000
3f81b000
3f81b000
3f81b000
3f81b000
3f81b000
3f81b000
3f81b000
3f81b000
3f81b000
3f81b000
3f81b000
3f81b000
3f81b000
3f81b000
3f81b000
3f81b000
3f81b000
3f81b000
3f81b000
3f81b000
3f81b000
3f81b000
3f81b000
3f81b000
3f81b000
3f81b000
3f81b000
3f81b000
3f81b000
3f81b000
3f81b000
3f81b000
3f81b000
3f81b000
3f81b000
3f81b000
3f81b000
3f81b000
3f81b000
3f81b000
3f81b000
3f81b000
3f81b000
3f81b000
3f81b000
3f81b000
3f81b000
3f81b000
3f81b000
3f81b000
3f81b000
3f81b000
3f81b000
3f81b000
3f81b000
3f81b000
3f81b000
3f81b000
3f81b000
3f81b000
3f81b000
3f81b000
3f81b000
3f81b000
3f81b000
3f81b000
3f81b000
3f81b000
3f81b000
3f81b000
3f81b000
3f81b000
3f81b000
3f81b000
3f81b000
3f81b000
3f81b000
3f81b000
3f81b000
3f81b000
3f81b000
3f81b000
3f81b000
3f81b000
3f81b000
3f81b000
3f81b000
3f81b000
3f81b000
3f81b000
3f81b000
3f81b000
3f81b000
3f81b000
3f81b000
3f81b000
3f81b000
3f81b000
3f81b000
3f81b000
3f81b000
3f81b000
3f81b000
3f81b000
3f81b000
3f81b000
3f81b000
3f81b000
3f81b000
3f81b000
3f81b000
3f81b000
3f81b000
3f81b000
3f81b000
3f81b000
3f81b000
3f81b000
3f81b000
3f81b000
3f81b000
3f81b000
3f81b000
3f81b000
3f81b000
3f81b000
3f81b000
3f81b000
3f81b000
3f81b000
3f81b000
3f81b000
3f81b000
3f81b000
3f81b000
3f81b000
3f81b000
3f81b000
3f81b000
3f81b000
3f81b000
3f81b000
3f81b000
3f81b000
3f81b000
3f81b000
3f81b000
3f81b000
3f81b000
3f81b000
3f81b000
3f81b000
3f81b000
3f81b000
3f81b000
3f81b000
3f81b000
3f81b000
3f81b000
3f81b000
3f81b000
3f81b000
3f81b000
3f81b000
3f81b000
3f81b000
3f81b000
3f81b000
3f81b000
3f81b000
3f81b000
3f81b000
3f81b000
3f81b000
3f81b000
3f81b000
3f81b000
3f81b000
3f81b000
3f81b000
3f81b000
3f81b000
3f81b000
3f81b000
3f81b000
3f81b000
3f81b000
3f81b000
3f81b000
3f81b000
3f81b000
3f81b000
3f81b000
3f81b000
3f81b000
3f81b000
3f81b000
3f81b000
3f81b000
3f81b000
3f81b000
3f81b000
3f81b000
3f81b000
3f81b000
3f81b000
3f81b000
3f81b000
3f81b000
3f81b000
3f81b000
3f81b000
3f81b000
3f81b000
3f81b000
3f81b000
3f81b000
3f81b000
3f81b000
3f81b000
3f81b000
3f81b000
3f81b000
3f81b000
3f81b000
3f81b000
3f81b000
3f81b000
3f81b000
3f81b000
3f81b000
3f81b000
3f81b000
3f81b000
3f81b000
3f81b000
3f81b000
3f81b000
3f81b000
3f81b000
3f81b000
3f81b000
3f81b000
3f81b000
3f81b000
3f81b000
3f81b000
3f81b000
3f81b000
3f81b000
3f81b000
3f81b000
3f81b000
3f81b000
3f81b000
3f81b000
3f81b000
3f81b000
3f81b000
3f81b000
3f81b000
3f81b000
3f81b000
3f81b000
3f81b000
3f81b000
3f81b000
3f81b000
3f81b000
3f81b000
3f81b000
3f81b000
3f81b000
3f81b000
3f81b000
3f81b000
3f81b000
3f81b000
3f81b000
3f81b000
3f81b000
3f81b000
3f81b000
3f81b000
3f81b000
3f81b000
3f81b000
3f81b000
3f81b000
3f81b000
3f81b000
3f81b000
3f81b000
3f81b000
3f81b000
3f81b000
3f81b000
3f81b000
3f81b000
3f81b000
3f81b000
3f81b000
3f81b000
3f81b000
3f81b000
3f81b000
3f81b000
3f81b000
3f81b000
3f81b000
3f81b000
3f81b000
3f81b000
3f81b000
3f81b000
3f81b000
3f81b000
3f81b000
3f81b000
3f81b000
3f81b000
3f81b000
3f81b000
3f81b000
3f81b000
3f81b000
3f81b000
3f81b000
3f81b000
3f81b000
3f81b000
3f81b000
3f81b000
3f81b000
3f81b000
3f81b000
3f81b000
3f81b000
3f81b000
3f81b000
3f81b000
3f81b000
3f81b000
3f81b000
3f81b000
3f81b000
3f81b000
3f81b000
3f81b000
3f81b000
3f81b000
3f81b000
3f81b000
3f81b000
3f81b000
3f81b000
3f81b000
3f81b000
3f81b000
3f81b000
3f81b000
3f81b000
3f81b000
3f81b000
3f81b000
3f81b000
3f81b000
3f81b000
3f81b000
3f81b000
3f81b000
3f81b000
3f81b000
3f81b000
3f81b000
3f81b000
3f81b000
3f81b000
3f81b000
3f81b000
3f81b000
3f81b000
3f81b000
3f81b000
3f81b000
3f81b000
3f81b000
3f81b000
3f81b000
3f81b000
3f81b000
3f81b000
3f81b000
3f81b000
3f81b000
3f81b000
3f81b000
3f81b000
3f81b000
3f81b000
3f81b000
3f81b000
3f81b000
3f81b000
3f81b000
3f81b000
3f81b000
3f81b000
3f81b000
3f81b000
3f81b000
3f81b000
3f81b000
3f81b000
3f81b000
3f81b000
3f81b000
3f81b000
3f81b000
3f81b000
3f81b000
3f81b000
3f81b000
3f81b000
3f81b000
3f81b000
3f81b000
3f81b000
3f81b000
3f81b000
3f81b000
3f81b000
3f81b000
3f81b000
3f81b000
3f81b000
3f81b000
3f81b000
3f81b000
3f81b000
3f81b000
3f81b000
3f81b000
3f81b000
3f81b000
3f81b000
3f81b000
3f81b000
3f81b000
3f81b000
3f81b000
3f81b000
3f81b000
3f81b000
3f81b000
3f81b000
3f81b000
3f81b000
3f81b000
3f81b000
3f81b000
3f81b000
3f81b000
3f81b000
3f81b000
3f81b000
3f81b000
3f81b000
3f81b000
3f81b000
3f81b000
3f81b000
3f81b000
3f81b000
3f81b000
3f81b000
3f81b000
3f81b000
3f81b000
3f81b000
3f81b000
3f81b000
3f81b000
3f81b000
3f81b000
3f81b000
3f81b000
3f81b000
3f81b000
3f81b000
3f81b000
3f81b000
3f81b000
3f81b000
3f81b000
3f81b000
3f81b000
3f81b000
3f81b000
3f81b000
3f81b000
3f81b000
3f81b000
3f81b000
3f81b000
3f81b000
3f81b000
3f81b000
3f81b000
3f81b000
3f81b000
3f81b000
3f81b000
3f81b000
3f81b000
3f81b000
3f81b000
3f81b000
3f81b000
3f81b000
3f81b000
3f81b000
3f81b000
3f81b000
3f81b000
3f81b000
3f81b000
3f81b000
3f81b000
3f81b000
3f81b000
3f81b000
3f81b000
3f81b000
3f81b000
3f81b000
3f81b000
3f81b000
3f81b000
3f81b000
3f81b000
3f81b000
3f81b000
3f81b000
3f81b000
3f81b000
3f81b000
3f81b000
3f81b000
3f81b000
3f81b000
3f81b000
3f81b000
3f81b000
3f81b000
3f81b000
3f81b000
3f81b000
3f81b000
3f81b000
3f81b000
3f81b000
3f81b000
3f81b000
3f81b000
3f81b000
3f81b000
3f81b000
3f81b000
3f81b000
3f81b000
3f81b000
3f81b000
3f81b000
3f81b000
3f81b000
3f81b000
3f81b000
3f81b000
3f81b000
3f81b000
3f81b000
3f81b000
3f81b000
3f81b000
3f81b000
3f81b000
3f81b000
3f81b000
3f81b000
3f81b000
3f81b000
3f81b000
3f81b000
3f81b000
3f81b000
3f81b000
3f81b000
3f81b000
3f81b000
3f81b000
3f81b000
3f81b000
3f81b000
3f81b000
3f81b000
3f81b000
3f81b000
3f81b000
3f81b000
3f81b000
3f81b000
3f81b000
3f81b000
3f81b000
3f81b000
3f81b000
3f81b000
3f81b000
3f81b000
3f81b000
3f81b000
3f81b000
3f81b000
3f81b000
3f81b000
3f81b000
3f81b000
3f81b000
3f81b000
3f81b000
3f81b000
3f81b000
3f81b000
3f81b000
3f81b000
3f81b000
3f81b000
3f81b000
3f81b000
3f81b000
3f81b000
3f81b000
3f81b000
3f81b000
3f81b000
3f81b000
3f81b000
3f81b000
3f81b000
3f81b000
3f81b000
3f81b000
3f81b000
3f81b000
3f81b000
3f81b000
3f81b000
3f81b000
3f81b000
3f81b000
3f81b000
3f81b000
3f81b000
3f81b000
3f81b000
3f81b000
3f81b000
3f81b000
3f81b000
3f81b000
3f81b000
3f81b000
3f81b000
3f81b000
3f81b000
3f81b000
3f81b000
3f81b000
3f81b000
3f81b000
3f81b000
3f81b000
3f81b000
3f81b000
3f81b000
3f81b000
3f81b000
3f81b000
3f81b000
3f81b000
3f81b000
3f81b000
3f81b000
3f81b000
3f81b000
3f81b000
3f81b000
3f81b000
3f81b000
3f81b000
3f81b000
3f81b000
3f81b000
3f81b000
3f81b000
3f81b000
3f81b000
3f81b000
3f81b000
3f81b000
3f81b000
3f81b000
3f81b000
3f81b000
3f81b000
3f81b000
3f81b000
3f81b000
3f81b000
3f81b000
3f81b000
3f81b000
3f81b000
3f81b000
3f81b000
3f81b000
3f81b000
3f81b000
3f81b000
3f81b000
3f81b000
3f81b000
3f81b000
3f81b000
3f81b000
3f81b000
3f81b000
3f81b000
3f81b000
3f81b000
3f81b000
3f81b000
3f81b000
3f81b000
3f81b000
3f81b000
3f81b000
3f81b000
3f81b000
3f81b000
3f81b000
3f81b000
3f81b000
3f81b000
3f81b000
3f81b000
3f81b000
3f81b000
3f81b000
3f81b000
3f81b000
3f81b000
3f81b000
3f81b000
3f81b000
3f81b000
3f81b000
3f81b000
3f81b000
3f81b000
3f81b000
3f81b000
3f81b000
3f81b000
3f81b000
3f81b000
3f81b000
3f81b000
3f81b000
3f81b000
3f81b000
3f81b000
3f81b000
3f81b000
3f81b000
3f81b000
3f81b000
3f81b000
3f81b000
3f81b000
3f81b000
3f81b000
3f81b000
3f81b000
3f81b000
3f81b000
3f81b000
3f81b000
3f81b000
3f81b000
3f81b000
3f81b000
3f81b000
3f81b000
3f81b000
3f81b000
3f81b000
3f81b000
3f81b000
3f81b000
3f81b000
3f81b000
3f81b000
3f81b000
3f81b000
3f81b000
3f81b000
3f81b000
3f81b000
3f81b000
3f81b000
3f81b000
3f81b000
3f81b000
3f81b000
3f81b000
3f81b000
3f81b000
3f81b000
3f81b000
3f81b000
3f81b000
3f81b000
3f81b000
3f81b000
3f81b000
3f81b000
3f81b000
3f81b000
3f81b000
3f81b000
3f81b000
3f81b000
3f81b000
3f81b000
3f81b000
3f81b000
3f81b000
3f81b000
3f81b000
3f81b000
3f81b000
3f81b000
3f81b000
3f81b000
3f81b000
3f81b000
3f81b000
3f81b000
3f81b000
3f81b000
3f81b000
3f81b000
3f81b000
3f81b000
3f81b000
3f81b000
3f81b000
3f81b000
3f81b000
3f81b000
3f81b000
3f81b000
3f81b000
3f81b000
3f81b000
3f81b000
3f81b000
3f81b000
3f81b000
3f81b000
3f81b000
3f81b000
3f81b000
3f81b000
3f81b000
3f81b000
3f81b000
3f81b000
3f81b000
3f81b000
3f81b000
3f81b000
3f81b000
3f81b000
3f81b000
3f81b000
3f81b000
3f81b000
3f81b000
3f81b000
3f81b000
3f81b000
3f81b000
3f81b000
3f81b000
3f81b000
3f81b000
3f81b000
3f81b000
3f81b000
3f81b000
3f81b000
3f81b000
3f81b000
3f81b000
3f81b000
3f81b000
3f81b000
3f81b000
3f81b000
3f81b000
3f81b000
3f81b000
3f81b000
3f81b000
3f81b000
3f81b000
3f81b000
3f81b000
3f81b000
3f81b000
3f81b000
3f81b000
3f81b000
3f81b000
3f81b000
3f81b000
3f81b000
3f81b000
3f81b000
3f81b000
3f81b000
3f81b000
3f81b000
3f81b000
3f81b000
3f81b000
3f81b000
3f81b000
3f81b000
3f81b000
3f81b000
3f81b000
3f81b000
3f81b000
3f81b000
3f81b000
3f81b000
3f81b000
3f81b000
3f81b000
3f81b000
3f81b000
3f81b000
3f81b000
3f81b000
3f81b000
3f81b000
3f81b000
3f81b000
3f81b000
3f81b000
3f81b000
3f81b000
3f81b000
3f81b000
3f81b000
3f81b000
3f81b000
3f81b000
3f81b000
3f81b000
3f81b000
3f81b000
3f81b000
3f81b000
3f81b000
3f81b000
3f81b000
3f81b000
3f81b000
3f81b000
3f81b000
3f81b000
3f81b000
3f81b000
3f81b000
3f81b000
3f81b000
3f81b000
3f81b000
3f81b000
3f81b000
3f81b000
3f81b000
3f81b000
3f81b000
3f81b000
3f81b000
3f81b000
3f81b000
3f81b000
3f81b000
3f81b000
3f81b000
3f81b000
3f81b000
3f81b000
3f81b000
3f81b000
3f81b000
3f81b000
3f81b000
3f81b000
3f81b000
3f81b000
3f81b000
3f81b000
3f81b000
3f81b000
3f81b000
3f81b000
3f81b000
3f81b000
3f81b000
3f81b000
3f81b000
3f81b000
3f81b000
3f81b000
3f81b000
3f81b000
3f81b000
3f81b000
3f81b000
3f81b000
3f81b000
3f81b000
3f81b000
3f81b000
3f81b000
3f81b000
3f81b000
3f81b000
3f81b000
3f81b000
3f81b000
3f81b000
3f81b000
3f81b000
3f81b000
3f81b000
3f81b000
3f81b000
3f81b000
3f81b000
3f81b000
3f81b000
3f81b000
3f81b000
3f81b000
3f81b000
3f81b000
3f81b000
3f81b000
3f81b000
3f81b000
3f81b000
3f81b000
3f81b000
3f81b000
3f81b000
3f81b000
3f81b000
3f81b000
3f81b000
3f81b000
3f81b000
3f81b000
3f81b000
3f81b000
3f81b000
3f81b000
3f81b000
3f81b000
3f81b000
3f81b000
3f81b000
3f81b000
3f81b000
3f81b000
3f81b000
3f81b000
3f81b000
3f81b000
3f81b000
3f81b000
3f81b000
3f81b000
3f81b000
3f81b000
3f81b000
3f81b000
3f81b000
3f81b000
3f81b000
3f81b000
3f81b000
3f81b000
3f81b000
3f81b000
3f81b000
3f81b000
3f81b000
3f81b000
3f81b000
3f81b000
3f81b000
3f81b000
3f81b000
3f81b000
3f81b000
3f81b000
3f81b000
3f81b000
3f81b000
3f81b000
3f81b000
3f81b000
3f81b000
3f81b000
3f81b000
3f81b000
3f81b000
3f81b000
3f81b000
3f81b000
3f81b000
3f81b000
3f81b000
3f81b000
3f81b000
3f81b000
3f81b000
3f81b000
3f81b000
3f81b000
3f81b000
3f81b000
3f81b000
3f81b000
3f81b000
3f81b000
3f81b000
3f81b000
3f81b000
3f81b000
3f81b000
3f81b000
3f81b000
3f81b000
3f81b000
3f81b000
3f81b000
3f81b000
3f81b000
3f81b000
3f81b000
3f81b000
3f81b000
3f81b000
3f81b000
3f81b000
3f81b000
3f81b000
3f81b000
3f81b000
3f81b000
3f81b000
3f81b000
3f81b000
3f81b000
3f81b000
3f81b000
3f81b000
3f81b000
3f81b000
3f81b000
3f81b000
3f81b000
3f81b000
3f81b000
3f81b000
3f81b000
3f81b000
3f81b000
3f81b000
3f81b000
3f81b000
3f81b000
3f81b000
3f81b000
3f81b000
3f81b000
3f81b000
3f81b000
3f81b000
3f81b000
3f81b000
3f81b000
3f81b000
3f81b000
3f81b000
3f81b000
3f81b000
3f81b000
3f81b000
3f81b000
3f81b000
3f81b000
3f81b000
3f81b000
3f81b000
3f81b000
3f81b000
3f81b000
3f81b000
3f81b000
3f81b000
3f81b000
3f81b000
3f81b000
3f81b000
3f81b000
3f81b000
3f81b000
3f81b000
3f81b000
3f81b000
3f81b000
3f81b000
3f81b000
3f81b000
3f81b000
3f81b000
3f81b000
3f81b000
3f81b000
3f81b000
3f81b000
3f81b000
3f81b000
3f81b000
3f81b000
3f81b000
3f81b000
3f81b000
3f81b000
3f81b000
3f81b000
3f81b000
3f81b000
3f81b000
3f81b000
3f81b000
3f81b000
3f81b000
3f81b000
3f81b000
3f81b000
3f81b000
3f81b000
3f81b000
3f81b000
3f81b000
3f81b000
3f81b000
3f81b000
3f81b000
3f81b000
3f81b000
3f81b000
3f81b000
3f81b000
3f81b000
3f81b000
3f81b000
3f81b000
3f81b000
3f81b000
3f81b000
3f81b000
3f81b000
3f81b000
3f81b000
3f81b000
3f81b000
3f81b000
3f81b000
3f81b000
3f81b000
3f81b000
3f81b000
3f81b000
3f81b000
3f81b000
3f81b000
3f81b000
3f81b000
3f81b000
3f81b000
3f81b000
3f81b000
3f81b000
3f81b000
3f81b000
3f81b000
3f81b000
3f81b000
3f81b000
3f81b000
3f81b000
3f81b000
3f81b000
3f81b000
3f81b000
3f81b000
3f81b000
3f81b000
3f81b000
3f81b000
3f81b000
3f81b000
3f81b000
3f81b000
3f81b000
3f81b000
3f81b000
3f81b000
3f81b000
3f81b000
3f81b000
3f81b000
3f81b000
3f81b000
3f81b000
3f81b000
3f81b000
3f81b000
3f81b000
3f81b000
3f81b000
3f81b000
3f81b000
3f81b000
3f81b000
3f81b000
3f81b000
3f81b000
3f81b000
3f81b000
3f81b000
3f81b000
3f81b000
3f81b000
3f81b000
3f81b000
3f81b000
3f81b000
3f81b000
3f81b000
3f81b000
3f81b000
3f81b000
3f81b000
3f81b000
3f81b000
3f81b000
3f81b000
3f81b000
3f81b000
3f81b000
3f81b000
3f81b000
3f81b000
3f81b000
3f81b000
3f81b000
3f81b000
3f81b000
3f81b000
3f81b000
3f81b000
3f81b000
3f81b000
3f81b000
3f81b000
3f81b000
3f81b000
3f81b000
3f81b000
3f81b000
3f81b000
3f81b000
3f81b000
3f81b000
3f81b000
3f81b000
3f81b000
3f81b000
3f81b000
3f81b000
3f81b000
3f81b000
3f81b000
3f81b000
3f81b000
3f81b000
3f81b000
3f81b000
3f81b000
3f81b000
3f81b000
3f81b000
3f81b000
3f81b000
3f81b000
3f81b000
3f81b000
3f81b000
3f81b000
3f81b000
3f81b000
3f81b000
3f81b000
3f81b000
3f81b000
3f81b000
3f81b000
3f81b000
3f81b000
3f81b000
3f81b000
3f81b000
3f81b000
3f81b000
3f81b000
3f81b000
3f81b000
3f81b000
3f81b000
3f81b000
3f81b000
3f81b000
3f81b000
3f81b000
3f81b000
3f81b000
3f81b000
3f81b000
3f81b000
3f81b000
3f81b000
3f81b000
3f81b000
3f81b000
3f81b000
3f81b000
3f81b000
3f81b000
3f81b000
3f81b000
3f81b000
3f81b000
3f81b000
3f81b000
3f81b000
3f81b000
3f81b000
3f81b000
3f81b000
3f81b000
3f81b000
3f81b000
3f81b000
3f81b000
3f81b000
3f81b000
3f81b000
3f81b000
3f81b000
3f81b000
3f81b000
3f81b000
3f81b000
3f81b000
3f81b000
3f81b000
3f81b000
3f81b000
3f81b000
3f81b000
3f81b000
3f81b000
3f81b000
3f81b000
3f81b000
3f81b000
3f81b000
3f81b000
3f81b000
3f81b000
3f81b000
3f81b000
3f81b000
3f81b000
3f81b000
3f81b000
3f81b000
3f81b000
3f81b000
3f81b000
3f81b000
3f81b000
3f81b000
3f81b000
3f81b000
3f81b000
3f81b000
3f81b000
3f81b000
3f81b000
3f81b000
3f81b000
3f81b000
3f81b000
3f81b000
3f81b000
3f81b000
3f81b000
3f81b000
3f81b000
3f81b000
3f81b000
3f81b000
3f81b000
3f81b000
3f81b000
3f81b000
3f81b000
3f81b000
3f81b000
3f81b000
3f81b000
3f81b000
3f81b000
3f81b000
3f81b000
3f81b000
3f81b000
3f81b000
3f81b000
3f81b000
3f81b000
3f81b000
3f81b000
3f81b000
3f81b000
3f81b000
3f81b000
3f81b000
3f81b000
3f81b000
3f81b000
3f81b000
3f81b000
3f81b000
3f81b000
3f81b000
3f81b000
3f81b000
3f81b000
3f81b000
3f81b000
3f81b000
3f81b000
3f81b000
3f81b000
3f81b000
3f81b000
3f81b000
3f81b000
3f81b000
3f81b000
3f81b000
3f81b000
3f81b000
3f81b000
3f81b000
3f81b000
3f81b000
3f81b000
3f81b000
3f81b000
3f81b000
3f81b000
3f81b000
3f81b000
3f81b000
3f81b000
3f81b000
3f81b000
3f81b000
3f81b000
3f81b000
3f81b000
3f81b000
3f81b000
3f81b000
3f81b000
3f81b000
3f81b000
3f81b000
3f81b000
3f81b000
3f81b000
3f81b000
3f81b000
3f81b000
3f81b000
3f81b000
3f81b000
3f81b000
3f81b000
3f81b000
3f81b000
3f81b000
3f81b000
3f81b000
3f81b000
3f81b000
3f81b000
3f81b000
3f81b000
3f81b000
3f81b000
3f81b000
3f81b000
3f81b000
3f81b000
3f81b000
3f81b000
3f81b000
3f81b000
3f81b000
3f81b000
3f81b000
3f81b000
3f81b000
3f81b000
3f81b000
3f81b000
3f81b000
3f81b000
3f81b000
3f81b000
3f81b000
3f81b000
3f81b000
3f81b000
3f81b000
3f81b000
3f81b000
3f81b000
3f81b000
3f81b000
3f81b000
3f81b000
3f81b000
3f81b000
3f81b000
3f81b000
3f81b000
3f81b000
3f81b000
3f81b000
3f81b000
3f81b000
3f81b000
3f81b000
3f81b000
3f81b000
3f81b000
3f81b000
3f81b000
3f81b000
3f81b000
3f81b000
3f81b000
3f81b000
3f81b000
3f81b000
3f81b000
3f81b000
3f81b000
3f81b000
3f81b000
3f81b000
3f81b000
3f81b000
3f81b000
3f81b000
3f81b000
3f81b000
3f81b000
3f81b000
3f81b000
3f81b000
3f81b000
3f81b000
3f81b000
3f81b000
3f81b000
3f81b000
3f81b000
3f81b000
3f81b000
3f81b000
3f81b000
3f81b000
3f81b000
3f81b000
3f81b000
3f81b000
3f81b000
3f81b000
3f81b000
3f81b000
3f81b000
3f81b000
3f81b000
3f81b000
3f81b000
3f81b000
3f81b000
3f81b000
3f81b000
3f81b000
3f81b000
3f81b000
3f81b000
3f81b000
3f81b000
3f81b000
3f81b000
3f81b000
3f81b000
3f81b000
3f81b000
3f81b000
3f81b000
3f81b000
3f81b000
3f81b000
3f81b000
3f81b000
3f81b000
3f81b000
3f81b000
3f81b000
3f81b000
3f81b000
3f81b000
3f81b000
3f81b000
3f81b000
3f81b000
3f81b000
3f81b000
3f81b000
3f81b000
3f81b000
3f81b000
3f81b000
3f81b000
3f81b000
3f81b000
3f81b000
3f81b000
3f81b000
3f81b000
3f81b000
3f81b000
3f81b000
3f81b000
3f81b000
3f81b000
3f81b000
3f81b000
3f81b000
3f81b000
3f81b000
3f81b000
3f81b000
3f81b000
3f81b000
3f81b000
3f81b000
3f81b000
3f81b000
3f81b000
3f81b000
3f81b000
3f81b000
3f81b000
3f81b000
3f81b000
3f81b000
3f81b000
3f81b000
3f81b000
3f81b000
3f81b000
3f81b000
3f81b000
3f81b000
3f81b000
3f81b000
3f81b000
3f81b000
3f81b000
3f81b000
3f81b000
3f81b000
3f81b000
3f81b000
3f81b000
3f81b000
3f81b000
3f81b000
3f81b000
3f81b000
3f81b000
3f81b000
3f81b000
3f81b000
3f81b000
3f81b000
3f81b000
3f81b000
3f81b000
3f81b000
3f81b000
3f81b000
3f81b000
3f81b000
3f81b000
3f81b000
3f81b000
3f81b000
3f81b000
3f81b000
3f81b000
3f81b000
3f81b000
3f81b000
3f81b000
3f81b000
3f81b000
3f81b000
3f81b000
3f81b000
3f81b000
3f81b000
3f81b000
3f81b000
3f81b000
3f81b000
3f81b000
3f81b000
3f81b000
3f81b000
3f81b000
3f81b000
3f81b000
3f81b000
3f81b000
3f81b000
3f81b000
3f81b000
3f81b000
3f81b000
3f81b000
3f81b000
3f81b000
3f81b000
3f81b000
3f81b000
3f81b000
3f81b000
3f81b000
3f81b000
3f81b000
3f81b000
3f81b000
3f81b000
3f81b000
3f81b000
3f81b000
3f81b000
3f81b000
3f81b000
3f81b000
3f81b000
3f81b000
3f81b000
3f81b000
3f81b000
3f81b000
3f81b000
3f81b000
3f81b000
3f81b000
3f81b000
3f81b000
3f81b000
3f81b000
3f81b000
3f81b000
3f81b000
3f81b000
3f81b000
3f81b000
3f81b000
3f81b000
3f81b000
3f81b000
3f81b000
3f81b000
3f81b000
3f81b000
3f81b000
3f81b000
3f81b000
3f81b000
3f81b000
3f81b000
3f81b000
3f81b000
3f81b000
3f81b000
3f81b000
3f81b000
3f81b000
3f81b000
3f81b000
3f81b000
3f81b000
3f81b000
3f81b000
3f81b000
3f81b000
3f81b000
3f81b000
3f81b000
3f81b000
3f81b000
3f81b000
3f81b000
3f81b000
3f81b000
3f81b000
3f81b000
3f81b000
3f81b000
3f81b000
3f81b000
3f81b000
3f81b000
3f81b000
3f81b000
3f81b000
3f81b000
3f81b000
3f81b000
3f81b000
3f81b000
3f81b000
3f81b000
3f81b000
3f81b000
3f81b000
3f81b000
3f81b000
3f81b000
3f81b000
3f81b000
3f81b000
3f81b000
3f81b000
3f81b000
3f81b000
3f81b000
3f81b000
3f81b000
3f81b000
3f81b000
3f81b000
3f81b000
3f81b000
3f81b000
3f81b000
3f81b000
3f81b000
3f81b000
3f81b000
3f81b000
3f81b000
3f81b000
3f81b000
3f81b000
3f81b000
3f81b000
3f81b000
3f81b000
3f81b000
3f81b000
3f81b000
3f81b000
3f81b000
3f81b000
3f81b000
3f81b000
3f81b000
3f81b000
3f81b000
3f81b000
3f81b000
3f81b000
3f81b000
3f81b000
3f81b000
3f81b000
3f81b000
3f81b000
3f81b000
3f81b000
3f81b000
3f81b000
3f81b000
3f81b000
3f81b000
3f81b000
3f81b000
3f81b000
3f81b000
3f81b000
3f81b000
3f81b000
3f81b000
3f81b000
3f81b000
3f81b000
3f81b000
3f81b000
3f81b000
3f81b000
3f81b000
3f81b000
3f81b000
3f81b000
3f81b000
3f81b000
3f81b000
3f81b000
3f81b000
3f81b000
3f81b000
3f81b000
3f81b000
3f81b000
3f81b000
3f81b000
3f81b000
3f81b000
3f81b000
3f81b000
3f81b000
3f81b000
3f81b000
3f81b000
3f81b000
3f81b000
3f81b000
3f81b000
3f81b000
3f81b000
3f81b000
3f81b000
3f81b000
3f81b000
3f81b000
3f81b000
3f81b000
3f81b000
3f81b000
3f81b000
3f81b000
3f81b000
3f81b000
3f81b000
3f81b000
3f81b000
3f81b000
3f81b000
3f81b000
3f81b000
3f81b000
3f81b000
3f81b000
3f81b000
3f81b000
3f81b000
3f81b000
3f81b000
3f81b000
3f81b000
3f81b000
3f81b000
3f81b000
3f81b000
3f81b000
3f81b000
3f81b000
3f81b000
3f81b000
3f81b000
3f81b000
3f81b000
3f81b000
3f81b000
3f81b000
3f81b000
3f81b000
3f81b000
3f81b000
3f81b000
3f81b000
3f81b000
3f81b000
3f81b000
3f81b000
3f81b000
3f81b000
3f81b000
3f81b000
3f81b000
3f81b000
3f81b000
3f81b000
3f81b000
3f81b000
3f81b000
3f81b000
3f81b000
3f81b000
3f81b000
3f81b000
3f81b000
3f81b000
3f81b000
3f81b000
3f81b000
3f81b000
3f81b000
3f81b000
3f81b000
3f81b000
3f81b000
3f81b000
3f81b000
3f81b000
3f81b000
3f81b000
3f81b000
3f81b000
3f81b000
3f81b000
3f81b000
3f81b000
3f81b000
3f81b000
3f81b000
3f81b000
3f81b000
3f81b000
3f81b000
3f81b000
3f81b000
3f81b000
3f81b000
3f81b000
3f81b000
3f80a000
3f80a000
3f80a000
3f80a000
3f80a000
3f80a000
3f80a000
3f80a000
3f80a000
3f80a000
3f80a000
3f80a000
3f80a000
3f80a000
3f80a000
3f80a000
3f80a000
3f80a000
3f80a000
3f80a000
3f80a000
3f80a000
3f80a000
3f80a000
3f80a000
3f80a000
3f80a000
3f80a000
3f80a000
3f80a000
3f80a000
3f80a000
3f80a000
3f80a000
3f80a000
3f80a000
3f80a000
3f80a000
3f80a000
3f80a000
3f80a000
3f80a000
3f80a000
3f80a000
3f80a000
3f80a000
3f80a000
3f80a000
3f80a000
3f80a000
3f80a000
3f80a000
3f80a000
3f80a000
3f80a000
3f80a000
3f80a000
3f80a000
3f80a000
3f80a000
3f80a000
3f80a000
3f80a000
3f80a000
3f80a000
3f80a000
3f80a000
3f80a000
3f80a000
3f80a000
3f80a000
3f80a000
3f80a000
3f80a000
3f80a000
3f80a000
3f80a000
3f80a000
3f80a000
3f80a000
3f80a000
3f80a000
3f80a000
3f80a000
3f80a000
3f80a000
3f80a000
3f80a000
3f80a000
3f80a000
3f80a000
3f80a000
3f80a000
3f80a000
3f80a000
3f80a000
3f80a000
3f80a000
3f80a000
3f80a000
3f80a000
3f80a000
3f80a000
3f80a000
3f80a000
3f80a000
3f80a000
3f80a000
3f80a000
3f80a000
3f80a000
3f80a000
3f80a000
3f80a000
3f80a000
3f80a000
3f80a000
3f80a000
3f80a000
3f80a000
3f80a000
3f80a000
3f80a000
3f80a000
3f80a000
3f80a000
3f80a000
3f80a000
3f80a000
3f80a000
3f80a000
3f80a000
3f80a000
3f80a000
3f80a000
3f80a000
3f80a000
3f80a000
3f80a000
3f80a000
3f80a000
3f80a000
3f80a000
3f80a000
3f80a000
3f80a000
3f80a000
3f80a000
3f80a000
3f80a000
3f80a000
3f80a000
3f80a000
3f80a000
3f80a000
3f80a000
3f80a000
3f80a000
3f80a000
3f80a000
3f80a000
3f80a000
3f80a000
3f80a000
3f80a000
3f80a000
3f80a000
3f80a000
3f80a000
3f80a000
3f80a000
3f80a000
3f80a000
3f80a000
3f80a000
3f80a000
3f80a000
3f80a000
3f80a000
3f80a000
3f80a000
3f80a000
3f80a000
3f80a000
3f80a000
3f80a000
3f80a000
3f80a000
3f80a000
3f80a000
3f80a000
3f80a000
3f80a000
3f80a000
3f80a000
3f80a000
3f80a000
3f80a000
3f80a000
3f80a000
3f80a000
3f80a000
3f80a000
3f80a000
3f80a000
3f80a000
3f80a000
3f80a000
3f80a000
3f80a000
3f80a000
3f80a000
3f80a000
3f80a000
3f80a000
3f80a000
3f80a000
3f80a000
3f80a000
3f80a000
3f80a000
3f80a000
3f80a000
3f80a000
3f80a000
3f80a000
3f80a000
3f80a000
3f80a000
3f80a000
3f80a000
3f80a000
3f80a000
3f80a000
3f80a000
3f80a000
3f80a000
3f80a000
3f80a000
3f80a000
3f80a000
3f80a000
3f80a000
3f80a000
3f80a000
3f80a000
3f80a000
3f80a000
3f80a000
3f80a000
3f80a000
3f80a000
3f80a000
3f80a000
3f80a000
3f80a000
3f80a000
3f80a000
3f80a000
3f80a000
3f80a000
3f80a000
3f80a000
3f80a000
3f80a000
3f80a000
3f80a000
3f80a000
3f80a000
3f80a000
3f80a000
3f80a000
3f80a000
3f80a000
3f80a000
3f80a000
3f80a000
3f80a000
3f80a000
3f80a000
3f80a000
3f80a000
3f80a000
3f80a000
3f80a000
3f80a000
3f80a000
3f80a000
3f80a000
3f80a000
3f80a000
3f80a000
3f80a000
3f80a000
3f80a000
3f80a000
3f80a000
3f80a000
3f80a000
3f80a000
3f80a000
3f80a000
3f80a000
3f80a000
3f80a000
3f80a000
3f80a000
3f80a000
3f80a000
3f80a000
3f80a000
3f80a000
3f80a000
3f80a000
3f80a000
3f80a000
3f80a000
3f80a000
3f80a000
3f80a000
3f80a000
3f80a000
3f80a000
3f80a000
3f80a000
3f80a000
3f80a000
3f80a000
3f80a000
3f80a000
3f80a000
3f80a000
3f80a000
3f80a000
3f80a000
3f80a000
3f80a000
3f80a000
3f80a000
3f80a000
3f80a000
3f80a000
3f80a000
3f80a000
3f80a000
3f80a000
3f80a000
3f80a000
3f80a000
3f80a000
3f80a000
3f80a000
3f80a000
3f80a000
3f80a000
3f80a000
3f80a000
3f80a000
3f80a000
3f80a000
3f80a000
3f80a000
3f80a000
3f80a000
3f80a000
3f80a000
3f80a000
3f80a000
3f80a000
3f80a000
3f80a000
3f80a000
3f80a000
3f80a000
3f80a000
3f80a000
3f80a000
3f80a000
3f80a000
3f80a000
3f80a000
3f80a000
3f80a000
3f80a000
3f80a000
3f80a000
3f80a000
3f80a000
3f80a000
3f80a000
3f80a000
3f80a000
3f80a000
3f80a000
3f80a000
3f80a000
3f80a000
3f80a000
3f80a000
3f80a000
3f80a000
3f80a000
3f80a000
3f80a000
3f80a000
3f80a000
3f80a000
3f80a000
3f80a000
3f80a000
3f80a000
3f80a000
3f80a000
3f80a000
3f80a000
3f80a000
3f80a000
3f80a000
3f80a000
3f80a000
3f80a000
3f80a000
3f80a000
3f80a000
3f80a000
3f80a000
3f80a000
3f80a000
3f80a000
3f80a000
3f80a000
3f80a000
3f80a000
3f80a000
3f80a000
3f80a000
3f80a000
3f80a000
3f80a000
3f80a000
3f80a000
3f80a000
3f80a000
3f80a000
3f80a000
3f80a000
3f80a000
3f80a000
3f80a000
3f80a000
3f80a000
3f80a000
3f80a000
3f80a000
3f80a000
3f80a000
3f80a000
3f80a000
3f80a000
3f80a000
3f80a000
3f80a000
3f80a000
3f80a000
3f80a000
3f80a000
3f80a000
3f80a000
3f80a000
3f80a000
3f80a000
3f80a000
3f80a000
3f80a000
3f80a000
3f80a000
3f80a000
3f80a000
3f80a000
3f80a000
3f80a000
3f80a000
3f80a000
3f80a000
3f80a000
3f80a000
3f80a000
3f80a000
3f80a000
3f80a000
3f80a000
3f80a000
3f80a000
3f80a000
3f80a000
3f80a000
3f80a000
3f80a000
3f80a000
3f80a000
3f80a000
3f80a000
3f80a000
3f80a000
3f80a000
3f80a000
3f80a000
3f80a000
3f80a000
3f80a000
3f80a000
3f80a000
3f80a000
3f80a000
3f80a000
3f80a000
3f80a000
3f80a000
3f80a000
3f80a000
3f80a000
3f80a000
3f80a000
3f80a000
3f80a000
3f80a000
3f80a000
3f80a000
3f80a000
3f80a000
3f80a000
3f80a000
3f80a000
3f80a000
3f80a000
3f80a000
3f80a000
3f80a000
3f80a000
3f80a000
3f80a000
3f80a000
3f80a000
3f80a000
3f80a000
3f80a000
3f80a000
3f80a000
3f80a000
3f80a000
3f80a000
3f80a000
3f80a000
3f80a000
3f80a000
3f80a000
3f80a000
3f80a000
3f80a000
3f80a000
3f80a000
3f80a000
3f80a000
3f80a000
3f80a000
3f80a000
3f80a000
3f80a000
3f80a000
3f80a000
3f80a000
3f80a000
3f80a000
3f80a000
3f80a000
3f80a000
3f80a000
3f80a000
3f80a000
3f80a000
3f80a000
3f80a000
3f80a000
3f80a000
3f80a000
3f80a000
3f80a000
3f80a000
3f80a000
3f80a000
3f80a000
3f80a000
3f80a000
3f80a000
3f80a000
3f80a000
3f80a000
3f80a000
3f80a000
3f80a000
3f80a000
3f80a000
3f80a000
3f80a000
3f80a000
3f80a000
3f80a000
3f80a000
3f80a000
3f80a000
3f80a000
3f80a000
3f80a000
3f80a000
3f80a000
3f80a000
3f80a000
3f80a000
3f80a000
3f80a000
3f80a000
3f80a000
3f80a000
3f80a000
3f80a000
3f80a000
3f80a000
3f80a000
3f80a000
3f80a000
3f80a000
3f80a000
3f80a000
3f80a000
3f80a000
3f80a000
3f80a000
3f80a000
3f80a000
3f80a000
3f80a000
3f80a000
3f80a000
3f80a000
3f80a000
3f80a000
3f80a000
3f80a000
3f80a000
3f80a000
3f80a000
3f80a000
3f80a000
3f80a000
3f80a000
3f80a000
3f80a000
3f80a000
3f80a000
3f80a000
3f80a000
3f80a000
3f80a000
3f80a000
3f80a000
3f80a000
3f80a000
3f80a000
3f80a000
3f80a000
3f80a000
3f80a000
3f80a000
3f80a000
3f80a000
3f80a000
3f80a000
3f80a000
3f80a000
3f80a000
3f80a000
3f80a000
3f80a000
3f80a000
3f80a000
3f80a000
3f80a000
3f80a000
3f80a000
3f80a000
3f80a000
3f80a000
3f80a000
3f80a000
3f80a000
3f80a000
3f80a000
3f80a000
3f80a000
3f80a000
3f80a000
3f80a000
3f80a000
3f80a000
3f80a000
3f80a000
3f80a000
3f80a000
3f80a000
3f80a000
3f80a000
3f80a000
3f80a000
3f80a000
3f80a000
3f80a000
3f80a000
3f80a000
3f80a000
3f80a000
3f80a000
3f80a000
3f80a000
3f80a000
3f80a000
3f80a000
3f80a000
3f80a000
3f80a000
3f80a000
3f80a000
3f80a000
3f80a000
3f80a000
3f80a000
3f80a000
3f80a000
3f80a000
3f80a000
3f80a000
3f80a000
3f80a000
3f80a000
3f80a000
3f80a000
3f80a000
3f80a000
3f80a000
3f80a000
3f80a000
3f80a000
3f80a000
3f80a000
3f80a000
3f80a000
3f80a000
3f80a000
3f80a000
3f80a000
3f80a000
3f80a000
3f80a000
3f80a000
3f80a000
3f80a000
3f80a000
3f80a000
3f80a000
3f80a000
3f80a000
3f80a000
3f80a000
3f80a000
3f80a000
3f80a000
3f80a000
3f80a000
3f80a000
3f80a000
3f80a000
3f80a000
3f80a000
3f80a000
3f80a000
3f80a000
3f80a000
3f80a000
3f80a000
3f80a000
3f80a000
3f80a000
3f80a000
3f80a000
3f80a000
3f80a000
3f80a000
3f80a000
3f80a000
3f80a000
3f80a000
3f80a000
3f80a000
3f80a000
3f80a000
3f80a000
3f80a000
3f80a000
3f80a000
3f80a000
3f80a000
3f80a000
3f80a000
3f80a000
3f80a000
3f80a000
3f80a000
3f80a000
3f80a000
3f80a000
3f80a000
3f80a000
3f80a000
3f80a000
3f80a000
3f80a000
3f80a000
3f80a000
3f80a000
3f80a000
3f80a000
3f80a000
3f80a000
3f80a000
3f80a000
3f80a000
3f80a000
3f80a000
3f80a000
3f80a000
3f80a000
3f80a000
3f80a000
3f80a000
3f80a000
3f80a000
3f80a000
3f80a000
3f80a000
3f80a000
3f80a000
3f80a000
3f80a000
3f80a000
3f80a000
3f80a000
3f80a000
3f80a000
3f80a000
3f80a000
3f80a000
3f80a000
3f80a000
3f80a000
3f80a000
3f80a000
3f80a000
3f80a000
3f80a000
3f80a000
3f80a000
3f80a000
3f80a000
3f80a000
3f80a000
3f80a000
3f80a000
3f80a000
3f80a000
3f80a000
3f80a000
3f80a000
3f80a000
3f80a000
3f80a000
3f80a000
3f80a000
3f80a000
3f80a000
3f80a000
3f80a000
3f80a000
3f80a000
3f80a000
3f80a000
3f80a000
3f80a000
3f80a000
3f80a000
3f80a000
3f80a000
3f80a000
3f80a000
3f80a000
3f80a000
3f80a000
3f80a000
3f80a000
3f80a000
3f80a000
3f80a000
3f80a000
3f80a000
3f80a000
3f80a000
3f80a000
3f80a000
3f80a000
3f80a000
3f80a000
3f80a000
3f80a000
3f80a000
3f80a000
3f80a000
3f80a000
3f80a000
3f80a000
3f80a000
3f80a000
3f80a000
3f80a000
3f80a000
3f80a000
3f80a000
3f80a000
3f80a000
3f80a000
3f80a000
3f80a000
3f80a000
3f80a000
3f80a000
3f80a000
3f80a000
3f80a000
3f80a000
3f80a000
3f80a000
3f80a000
3f80a000
3f80a000
3f80a000
3f80a000
3f80a000
3f80a000
3f80a000
3f80a000
3f80a000
3f80a000
3f80a000
3f80a000
3f80a000
3f80a000
3f80a000
3f80a000
3f80a000
3f80a000
3f80a000
3f80a000
3f80a000
3f80a000
3f80a000
3f80a000
3f80a000
3f80a000
3f80a000
3f80a000
3f80a000
3f80a000
3f80a000
3f80a000
3f80a000
3f80a000
3f80a000
3f80a000
3f80a000
3f80a000
3f80a000
3f80a000
3f80a000
3f80a000
3f80a000
3f80a000
3f80a000
3f80a000
3f80a000
3f80a000
3f80a000
3f80a000
3f80a000
3f80a000
3f80a000
3f80a000
3f80a000
3f80a000
3f80a000
3f80a000
3f80a000
3f80a000
3f80a000
3f80a000
3f80a000
3f80a000
3f80a000
3f80a000
3f80a000
3f80a000
3f80a000
3f80a000
3f80a000
3f80a000
3f80a000
3f80a000
3f80a000
3f80a000
3f80a000
3f80a000
3f80a000
3f80a000
3f80a000
3f80a000
3f80a000
3f80a000
3f80a000
3f80a000
3f80a000
3f80a000
3f80a000
3f80a000
3f80a000
3f80a000
3f80a000
3f80a000
3f80a000
3f80a000
3f80a000
3f80a000
3f80a000
3f80a000
3f80a000
3f80a000
3f80a000
3f80a000
3f80a000
3f80a000
3f80a000
3f80a000
3f80a000
3f80a000
3f80a000
3f80a000
3f80a000
3f80a000
3f80a000
3f80a000
3f80a000
3f80a000
3f80a000
3f80a000
3f80a000
3f80a000
3f80a000
3f80a000
3f80a000
3f80a000
3f80a000
3f80a000
3f80a000
3f80a000
3f80a000
3f80a000
3f80a000
3f80a000
3f80a000
3f80a000
3f80a000
3f80a000
3f80a000
3f80a000
3f80a000
3f80a000
3f80a000
3f80a000
3f80a000
3f80a000
3f80a000
3f80a000
3f80a000
3f80a000
3f80a000
3f80a000
3f80a000
3f80a000
3f80a000
3f80a000
3f80a000
3f80a000
3f80a000
3f80a000
3f80a000
3f80a000
3f80a000
3f80a000
3f80a000
3f80a000
3f80a000
3f80a000
3f80a000
3f80a000
3f80a000
3f80a000
3f80a000
3f80a000
3f80a000
3f80a000
3f80a000
3f80a000
3f80a000
3f80a000
3f80a000
3f80a000
3f80a000
3f80a000
3f80a000
3f80a000
3f80a000
3f80a000
3f80a000
3f80a000
3f80a000
3f80a000
3f80a000
3f80a000
3f80a000
3f80a000
3f80a000
3f80a000
3f80a000
3f80a000
3f80a000
3f80a000
3f80a000
3f80a000
3f80a000
3f80a000
3f80a000
3f80a000
3f80a000
3f80a000
3f80a000
3f80a000
3f80a000
3f80a000
3f80a000
3f80a000
3f80a000
3f80a000
3f80a000
3f80a000
3f80a000
3f80a000
3f80a000
3f80a000
3f80a000
3f80a000
3f80a000
3f80a000
3f80a000
3f80a000
3f80a000
3f80a000
3f80a000
3f80a000
3f80a000
3f80a000
3f80a000
3f80a000
3f80a000
3f80a000
3f80a000
3f80a000
3f80a000
3f80a000
3f80a000
3f80a000
3f80a000
3f80a000
3f80a000
3f80a000
3f80a000
3f80a000
3f80a000
3f80a000
3f80a000
3f80a000
3f80a000
3f80a000
3f80a000
3f80a000
3f80a000
3f80a000
3f80a000
3f80a000
3f80a000
3f80a000
3f80a000
3f80a000
3f80a000
3f80a000
3f80a000
3f80a000
3f80a000
3f80a000
3f80a000
3f80a000
3f80a000
3f80a000
3f80a000
3f80a000
3f80a000
3f80a000
3f80a000
3f80a000
3f80a000
3f80a000
3f80a000
3f80a000
3f80a000
3f80a000
3f80a000
3f80a000
3f80a000
3f80a000
3f80a000
3f80a000
3f80a000
3f80a000
3f80a000
3f80a000
3f80a000
3f80a000
3f80a000
3f80a000
3f80a000
3f80a000
3f80a000
3f80a000
3f80a000
3f80a000
3f80a000
3f80a000
3f80a000
3f80a000
3f80a000
3f80a000
3f80a000
3f80a000
3f80a000
3f80a000
3f80a000
3f80a000
3f80a000
3f80a000
3f80a000
3f80a000
3f80a000
3f80a000
3f80a000
3f80a000
3f80a000
3f80a000
3f80a000
3f80a000
3f80a000
3f80a000
3f80a000
3f80a000
3f80a000
3f80a000
3f80a000
3f80a000
3f80a000
3f80a000
3f80a000
3f80a000
3f80a000
3f80a000
3f80a000
3f80a000
3f80a000
3f80a000
3f80a000
3f80a000
3f80a000
3f80a000
3f80a000
3f80a000
3f80a000
3f80a000
3f80a000
3f80a000
3f80a000
3f80a000
3f80a000
3f80a000
3f80a000
3f80a000
3f80a000
3f80a000
3f80a000
3f80a000
3f80a000
3f80a000
3f80a000
3f80a000
3f80a000
3f80a000
3f80a000
3f80a000
3f80a000
3f80a000
3f80a000
3f80a000
3f80a000
3f80a000
3f80a000
3f80a000
3f80a000
3f80a000
3f80a000
3f80a000
3f80a000
3f80a000
3f80a000
3f80a000
3f80a000
3f80a000
3f80a000
3f80a000
3f80a000
3f80a000
3f80a000
3f80a000
3f80a000
3f80a000
3f80a000
3f80a000
3f80a000
3f80a000
3f80a000
3f80a000
3f80a000
3f80a000
3f80a000
3f80a000
3f80a000
3f80a000
3f80a000
3f80a000
3f80a000
3f80a000
3f80a000
3f80a000
3f80a000
3f80a000
3f80a000
3f80a000
3f80a000
3f80a000
3f80a000
3f80a000
3f80a000
3f80a000
3f80a000
3f80a000
3f80a000
3f80a000
3f80a000
3f80a000
3f80a000
3f80a000
3f80a000
3f80a000
3f80a000
3f80a000
3f80a000
3f80a000
3f80a000
3f80a000
3f80a000
3f80a000
3f80a000
3f80a000
3f80a000
3f80a000
3f80a000
3f80a000
3f80a000
3f80a000
3f80a000
3f80a000
3f80a000
3f80a000
3f80a000
3f80a000
3f80a000
3f80a000
3f80a000
3f80a000
3f80a000
3f80a000
3f80a000
3f80a000
3f80a000
3f80a000
3f80a000
3f80a000
3f80a000
3f80a000
3f80a000
3f80a000
3f80a000
3f80a000
3f80a000
3f80a000
3f80a000
3f80a000
3f80a000
3f80a000
3f80a000
3f80a000
3f80a000
3f80a000
3f80a000
3f80a000
3f80a000
3f80a000
3f80a000
3f80a000
3f80a000
3f80a000
3f80a000
3f80a000
3f80a000
3f80a000
3f80a000
3f80a000
3f80a000
3f80a000
3f80a000
3f80a000
3f80a000
3f80a000
3f80a000
3f80a000
3f80a000
3f80a000
3f80a000
3f80a000
3f80a000
3f80a000
3f80a000
3f80a000
3f80a000
3f80a000
3f80a000
3f80a000
3f80a000
3f80a000
3f80a000
3f80a000
3f80a000
3f80a000
3f80a000
3f80a000
3f80a000
3f80a000
3f80a000
3f80a000
3f80a000
3f80a000
3f80a000
3f80a000
3f80a000
3f80a000
3f80a000
3f80a000
3f80a000
3f80a000
3f80a000
3f80a000
3f80a000
3f80a000
3f80a000
3f80a000
3f80a000
3f80a000
3f80a000
3f80a000
3f80a000
3f80a000
3f80a000
3f80a000
3f80a000
3f80a000
3f80a000
3f80a000
3f80a000
3f80a000
3f80a000
3f80a000
3f80a000
3f80a000
3f80a000
3f80a000
3f80a000
3f80a000
3f80a000
3f80a000
3f80a000
3f80a000
3f80a000
3f80a000
3f80a000
3f80a000
3f80a000
3f80a000
3f80a000
3f80a000
3f80a000
3f80a000
3f80a000
3f80a000
3f80a000
3f80a000
3f80a000
3f80a000
3f80a000
3f80a000
3f80a000
3f80a000
3f80a000
3f80a000
3f80a000
3f80a000
3f80a000
3f80a000
3f80a000
3f80a000
3f80a000
3f80a000
3f80a000
3f80a000
3f80a000
3f80a000
3f80a000
3f80a000
3f80a000
3f80a000
3f80a000
3f80a000
3f80a000
3f80a000
3f80a000
3f80a000
3f80a000
3f80a000
3f80a000
3f80a000
3f80a000
3f80a000
3f80a000
3f80a000
3f80a000
3f80a000
3f80a000
3f80a000
3f80a000
3f80a000
3f80a000
3f80a000
3f80a000
3f80a000
3f80a000
3f80a000
3f80a000
3f80a000
3f80a000
3f80a000
3f80a000
3f80a000
3f80a000
3f80a000
3f80a000
3f80a000
3f80a000
3f80a000
3f80a000
3f80a000
3f80a000
3f80a000
3f80a000
3f80a000
3f80a000
3f80a000
3f80a000
3f80a000
3f80a000
3f80a000
3f80a000
3f80a000
3f80a000
3f80a000
3f80a000
3f80a000
3f80a000
3f80a000
3f80a000
3f80a000
3f80a000
3f80a000
3f80a000
3f80a000
3f80a000
3f80a000
3f80a000
3f80a000
3f80a000
3f80a000
3f80a000
3f80a000
3f80a000
3f80a000
3f80a000
3f80a000
3f80a000
3f80a000
3f80a000
3f80a000
3f80a000
3f80a000
3f80a000
3f80a000
3f80a000
3f80a000
3f80a000
3f80a000
3f80a000
3f80a000
3f80a000
3f80a000
3f80a000
3f80a000
3f80a000
3f80a000
3f80a000
3f80a000
3f80a000
3f80a000
3f80a000
3f80a000
3f80a000
3f80a000
3f80a000
3f80a000
3f80a000
3f80a000
3f80a000
3f80a000
3f80a000
3f80a000
3f80a000
3f80a000
3f80a000
3f80a000
3f80a000
3f80a000
3f80a000
3f80a000
3f80a000
3f80a000
3f80a000
3f80a000
3f80a000
3f80a000
3f80a000
3f80a000
3f80a000
3f80a000
3f80a000
3f80a000
3f80a000
3f80a000
3f80a000
3f80a000
3f80a000
3f80a000
3f80a000
3f80a000
3f80a000
3f80a000
3f80a000
3f80a000
3f80a000
3f80a000
3f80a000
3f80a000
3f80a000
3f80a000
3f80a000
3f80a000
3f80a000
3f80a000
3f80a000
3f80a000
3f80a000
3f80a000
3f80a000
3f80a000
3f80a000
3f80a000
3f80a000
3f80a000
3f80a000
3f80a000
3f80a000
3f80a000
3f80a000
3f80a000
3f80a000
3f80a000
3f80a000
3f80a000
3f80a000
3f80a000
3f80a000
3f80a000
3f80a000
3f80a000
3f80a000
3f80a000
3f80a000
3f80a000
3f80a000
3f80a000
3f80a000
3f80a000
3f80a000
3f80a000
3f80a000
3f80a000
3f80a000
3f80a000
3f80a000
3f80a000
3f80a000
3f80a000
3f80a000
3f80a000
3f80a000
3f80a000
3f80a000
3f80a000
3f80a000
3f80a000
3f80a000
3f80a000
3f80a000
3f80a000
3f80a000
3f80a000
3f80a000
3f80a000
3f80a000
3f80a000
3f80a000
3f80a000
3f80a000
3f80a000
3f80a000
3f80a000
3f80a000
3f80a000
3f80a000
3f80a000
3f80a000
3f80a000
3f80a000
3f80a000
3f80a000
3f80a000
3f80a000
3f80a000
3f80a000
3f80a000
3f80a000
3f80a000
3f80a000
3f80a000
3f80a000
3f80a000
3f80a000
3f80a000
3f80a000
3f80a000
3f80a000
3f80a000
3f80a000
3f80a000
3f80a000
3f80a000
3f80a000
3f80a000
3f80a000
3f80a000
3f80a000
3f80a000
3f80a000
3f80a000
3f80a000
3f80a000
3f80a000
3f80a000
3f80a000
3f80a000
3f80a000
3f80a000
3f80a000
3f80a000
3f80a000
3f80a000
3f80a000
3f80a000
3f80a000
3f80a000
3f80a000
3f80a000
3f80a000
3f80a000
3f80a000
3f80a000
3f80a000
3f80a000
3f80a000
3f80a000
3f80a000
3f80a000
3f80a000
3f80a000
3f80a000
3f80a000
3f80a000
3f80a000
3f80a000
3f80a000
3f80a000
3f80a000
3f80a000
3f80a000
3f80a000
3f80a000
3f80a000
3f80a000
3f80a000
3f80a000
3f80a000
3f80a000
3f80a000
3f80a000
3f80a000
3f80a000
3f80a000
3f80a000
3f80a000
3f80a000
3f80a000
3f80a000
3f80a000
3f80a000
3f80a000
3f80a000
3f80a000
3f80a000
3f80a000
3f80a000
3f80a000
3f80a000
3f80a000
3f80a000
3f80a000
3f80a000
3f80a000
3f80a000
3f80a000
3f80a000
3f80a000
3f80a000
3f80a000
3f80a000
3f80a000
3f80a000
3f80a000
3f80a000
3f80a000
3f80a000
3f80a000
3f80a000
3f80a000
3f80a000
3f80a000
3f80a000
3f80a000
3f80a000
3f80a000
3f80a000
3f80a000
3f80a000
3f80a000
3f80a000
3f80a000
3f80a000
3f80a000
3f80a000
3f80a000
3f80a000
3f80a000
3f80a000
3f80a000
3f80a000
3f80a000
3f80a000
3f80a000
3f80a000
3f80a000
3f80a000
3f80a000
3f80a000
3f80a000
3f80a000
3f80a000
3f80a000
3f80a000
3f80a000
3f80a000
3f80a000
3f80a000
3f80a000
3f80a000
3f80a000
3f80a000
3f80a000
3f80a000
3f80a000
3f80a000
3f80a000
3f80a000
3f80a000
3f80a000
3f80a000
3f80a000
3f80a000
3f80a000
3f80a000
3f80a000
3f80a000
3f80a000
3f80a000
3f80a000
3f80a000
3f80a000
3f80a000
3f80a000
3f80a000
3f80a000
3f80a000
3f80a000
3f80a000
3f80a000
3f80a000
3f80a000
3f80a000
3f80a000
3f80a000
3f80a000
3f80a000
3f80a000
3f80a000
3f80a000
3f80a000
3f80a000
3f80a000
3f80a000
3f80a000
3f80a000
3f80a000
3f80a000
3f80a000
3f80a000
3f80a000
3f80a000
3f80a000
3f80a000
3f80a000
3f80a000
3f80a000
3f80a000
3f80a000
3f80a000
3f80a000
3f80a000
3f80a000
3f80a000
3f80a000
3f80a000
3f80a000
3f80a000
3f80a000
3f80a000
3f80a000
3f80a000
3f80a000
3f80a000
3f80a000
3f80a000
3f80a000
3f80a000
3f80a000
3f80a000
3f80a000
3f80a000
3f80a000
3f80a000
3f80a000
3f80a000
3f80a000
3f80a000
3f80a000
3f80a000
3f80a000
3f80a000
3f80a000
3f80a000
3f80a000
3f80a000
3f80a000
3f80a000
3f80a000
3f80a000
3f80a000
3f80a000
3f80a000
3f80a000
3f80a000
3f80a000
3f80a000
3f80a000
3f80a000
3f80a000
3f80a000
3f80a000
3f80a000
3f80a000
3f80a000
3f80a000
3f80a000
3f80a000
3f80a000
3f80a000
3f80a000
3f80a000
3f80a000
3f80a000
3f80a000
3f80a000
3f80a000
3f80a000
3f80a000
3f80a000
3f80a000
3f80a000
3f80a000
3f80a000
3f80a000
3f80a000
3f80a000
3f80a000
3f80a000
3f80a000
3f80a000
3f80a000
3f80a000
3f80a000
3f80a000
3f80a000
3f80a000
3f80a000
3f80a000
3f80a000
3f80a000
3f80a000
3f80a000
3f80a000
3f80a000
3f80a000
3f80a000
3f80a000
3f80a000
3f80a000
3f80a000
3f80a000
3f80a000
3f80a000
3f80a000
3f80a000
3f80a000
3f80a000
3f80a000
3f80a000
3f80a000
3f80a000
3f80a000
3f80a000
3f80a000
3f80a000
3f80a000
3f80a000
3f80a000
3f80a000
3f80a000
3f80a000
3f80a000
3f80a000
3f80a000
3f80a000
3f80a000
3f80a000
3f80a000
3f80a000
3f80a000
3f80a000
3f80a000
3f80a000
3f80a000
3f80a000
3f80a000
3f80a000
3f80a000
3f80a000
3f80a000
3f80a000
3f80a000
3f80a000
3f80a000
3f80a000
3f80a000
3f80a000
3f80a000
3f80a000
3f80a000
3f80a000
3f80a000
3f80a000
3f80a000
3f80a000
3f80a000
3f80a000
3f80a000
3f80a000
3f80a000
3f80a000
3f80a000
3f80a000
3f80a000
3f80a000
3f80a000
3f80a000
3f80a000
3f80a000
3f80a000
3f80a000
3f80a000
3f80a000
3f80a000
3f80a000
3f80a000
3f80a000
3f80a000
3f80a000
3f80a000
3f80a000
3f80a000
3f80a000
3f80a000
3f80a000
3f80a000
3f80a000
3f80a000
3f80a000
3f80a000
3f80a000
3f80a000
3f80a000
3f80a000
3f80a000
3f80a000
3f80a000
3f80a000
3f80a000
3f80a000
3f80a000
3f80a000
3f80a000
3f80a000
3f80a000
3f80a000
3f80a000
3f80a000
3f80a000
3f80a000
3f80a000
3f80a000
3f80a000
3f80a000
3f80a000
3f80a000
3f80a000
3f80a000
3f80a000
3f80a000
3f80a000
3f80a000
3f80a000
3f80a000
3f80a000
3f80a000
3f80a000
3f80a000
3f80a000
3f80a000
3f80a000
3f80a000
3f80a000
3f80a000
3f80a000
3f80a000
3f80a000
3f80a000
3f80a000
3f80a000
3f80a000
3f80a000
3f80a000
3f80a000
3f80a000
3f80a000
3f80a000
3f80a000
3f80a000
3f80a000
3f80a000
3f80a000
3f80a000
3f80a000
3f80a000
3f80a000
3f80a000
3f80a000
3f80a000
3f80a000
3f80a000
3f80a000
3f80a000
3f80a000
3f80a000
3f80a000
3f80a000
3f80a000
3f80a000
3f80a000
3f80a000
3f80a000
3f80a000
3f80a000
3f80a000
3f80a000
3f80a000
3f80a000
3f80a000
3f80a000
3f80a000
3f80a000
3f80a000
3f80a000
3f80a000
3f80a000
3f80a000
3f80a000
3f80a000
3f80a000
3f80a000
3f80a000
3f80a000
3f80a000
3f80a000
3f80a000
3f80a000
3f80a000
3f80a000
3f80a000
3f80a000
3f80a000
3f80a000
3f80a000
3f80a000
3f80a000
3f80a000
3f80a000
3f80a000
3f80a000
3f80a000
3f80a000
3f80a000
3f80a000
3f80a000
3f80a000
3f80a000
3f80a000
3f80a000
3f80a000
3f80a000
3f80a000
3f80a000
3f80a000
3f80a000
3f80a000
3f80a000
3f80a000
3f80a000
3f80a000
3f80a000
3f80a000
3f80a000
3f80a000
3f80a000
3f80a000
3f80a000
3f80a000
3f80a000
3f80a000
3f80a000
3f80a000
3f80a000
3f80a000
3f80a000
3f80a000
3f80a000
3f80a000
3f80a000
3f80a000
3f80a000
3f80a000
3f80a000
3f80a000
3f80a000
3f80a000
3f80a000
3f80a000
3f80a000
3f80a000
3f80a000
3f80a000
3f80a000
3f80a000
3f80a000
3f80a000
3f80a000
3f80a000
3f80a000
3f80a000
3f80a000
3f80a000
3f80a000
3f80a000
3f80a000
3f80a000
3f80a000
3f80a000
3f80a000
3f80a000
3f80a000
3f80a000
3f80a000
3f80a000
3f80a000
3f80a000
3f80a000
3f80a000
3f80a000
3f80a000
3f80a000
3f80a000
3f80a000
3f80a000
3f80a000
3f80a000
3f80a000
3f80a000
3f80a000
3f80a000
3f80a000
3f80a000
3f80a000
3f80a000
3f80a000
3f80a000
3f80a000
3f80a000
3f80a000
3f80a000
3f80a000
3f80a000
3f80a000
3f80a000
3f80a000
3f80a000
3f80a000
3f80a000
3f80a000
3f80a000
3f80a000
3f80a000
3f80a000
3f80a000
3f80a000
3f80a000
3f80a000
3f80a000
3f80a000
3f80a000
3f80a000
3f80a000
3f80a000
3f80a000
3f80a000
3f80a000
3f80a000
3f80a000
3f80a000
3f80a000
3f80a000
3f80a000
3f80a000
3f80a000
3f80a000
3f80a000
3f80a000
3f80a000
3f80a000
3f80a000
3f80a000
3f80a000
3f80a000
3f80a000
3f80a000
3f80a000
3f80a000
3f80a000
3f80a000
3f80a000
3f80a000
3f80a000
3f80a000
3f80a000
3f80a000
3f80a000
3f80a000
3f80a000
3f80a000
3f80a000
3f80a000
3f80a000
3f80a000
3f80a000
3f80a000
3f80a000
3f80a000
3f80a000
3f80a000
3f80a000
3f80a000
3f80a000
3f80a000
3f80a000
3f80a000
3f80a000
3f80a000
3f80a000
3f80a000
3f80a000
3f80a000
3f80a000
3f80a000
3f80a000
3f80a000
3f80a000
3f80a000
3f80a000
3f80a000
3f80a000
3f80a000
3f80a000
3f80a000
3f80a000
3f80a000
3f80a000
3f80a000
3f80a000
3f80a000
3f80a000
3f80a000
3f80a000
3f80a000
3f80a000
3f80a000
3f80a000
3f80a000
3f80a000
3f80a000
3f80a000
3f80a000
3f80a000
3f80a000
3f80a000
3f80a000
3f80a000
3f80a000
3f80a000
3f80a000
3f80a000
3f80a000
3f80a000
3f80a000
3f80a000
3f80a000
3f80a000
3f80a000
3f80a000
3f80a000
3f80a000
3f80a000
3f80a000
3f80a000
3f80a000
3f80a000
3f80a000
3f80a000
3f80a000
3f80a000
3f80a000
3f80a000
3f80a000
3f80a000
3f80a000
3f80a000
3f80a000
3f80a000
3f80a000
3f80a000
3f80a000
3f80a000
3f80a000
3f80a000
3f80a000
3f80a000
3f80a000
3f80a000
3f80a000
3f80a000
3f80a000
3f80a000
3f80a000
3f80a000
3f80a000
3f80a000
3f80a000
3f80a000
3f80a000
3f80a000
3f80a000
3f80a000
3f80a000
3f80a000
3f80a000
3f80a000
3f80a000
3f80a000
3f80a000
3f80a000
3f80a000
3f80a000
3f80a000
3f80a000
3f80a000
3f80a000
3f80a000
3f80a000
3f80a000
3f80a000
3f80a000
3f80a000
3f80a000
3f80a000
3f80a000
3f80a000
3f80a000
3f80a000
3f80a000
3f80a000
3f80a000
3f80a000
3f80a000
3f80a000
3f80a000
3f80a000
3f80a000
3f80a000
3f80a000
3f80a000
3f80a000
3f80a000
3f80a000
3f80a000
3f80a000
3f80a000
3f80a000
3f80a000
3f80a000
3f80a000
3f80a000
3f80a000
3f80a000
3f80a000
3f80a000
3f80a000
3f80a000
3f80a000
3f80a000
3f80a000
3f80a000
3f80a000
3f80a000
3f80a000
3f80a000
3f80a000
3f80a000
3f80a000
3f80a000
3f80a000
3f80a000
3f80a000
3f80a000
3f80a000
3f80a000
3f80a000
3f80a000
3f80a000
3f80a000
3f80a000
3f80a000
3f80a000
3f80a000
3f80a000
3f80a000
3f80a000
3f80a000
3f80a000
3f80a000
3f80a000
3f80a000
3f80a000
3f80a000
3f80a000
3f80a000
3f80a000
3f80a000
3f80a000
3f80a000
3f80a000
3f80a000
3f80a000
3f80a000
3f80a000
3f80a000
3f80a000
3f80a000
3f80a000
3f80a000
3f80a000
3f80a000
3f80a000
3f80a000
3f80a000
3f80a000
3f80a000
3f80a000
3f80a000
3f80a000
3f80a000
3f80a000
3f80a000
3f80a000
3f80a000
3f80a000
3f80a000
3f80a000
3f80a000
3f80a000
3f80a000
3f80a000
3f80a000
3f80a000
3f80a000
3f80a000
3f80a000
3f80a000
3f80a000
3f80a000
3f80a000
3f80a000
3f80a000
3f80a000
3f80a000
3f80a000
3f80a000
3f80a000
3f80a000
3f80a000
3f80a000
3f80a000
3f80a000
3f80a000
3f80a000
3f80a000
3f80a000
3f80a000
3f80a000
3f80a000
3f80a000
3f80a000
3f80a000
3f80a000
3f80a000
3f80a000
3f80a000
3f80a000
3f80a000
3f80a000
3f80a000
3f80a000
3f80a000
3f80a000
3f80a000
3f80a000
3f80a000
3f80a000
3f80a000
3f80a000
3f80a000
3f80a000
3f80a000
3f80a000
3f80a000
3f80a000
3f80a000
3f80a000
3f80a000
3f80a000
3f80a000
3f80a000
3f80a000
3f80a000
3f80a000
3f80a000
3f80a000
3f80a000
3f80a000
3f80a000
3f80a000
3f80a000
3f80a000
3f80a000
3f80a000
3f80a000
3f80a000
3f80a000
3f80a000
3f80a000
3f80a000
3f80a000
3f80a000
3f80a000
3f80a000
3f80a000
3f80a000
3f80a000
3f80a000
3f80a000
3f80a000
3f80a000
3f80a000
3f80a000
3f80a000
3f80a000
3f80a000
3f80a000
3f80a000
3f80a000
3f80a000
3f80a000
3f80a000
3f80a000
3f80a000
3f80a000
3f80a000
3f80a000
3f80a000
3f80a000
3f80a000
3f80a000
3f80a000
3f80a000
3f80a000
3f80a000
3f80a000
3f80a000
3f80a000
3f80a000
3f80a000
3f80a000
3f80a000
3f80a000
3f80a000
3f80a000
3f80a000
3f80a000
3f80a000
3f80a000
3f80a000
3f80a000
3f80a000
3f80a000
3f80a000
3f80a000
3f80a000
3f80a000
3f80a000
3f80a000
3f80a000
3f80a000
3f80a000
3f80a000
3f80a000
3f80a000
3f80a000
3f80a000
3f80a000
3f80a000
3f80a000
3f80a000
3f80a000
3f80a000
3f80a000
3f80a000
3f80a000
3f80a000
3f80a000
3f80a000
3f80a000
3f80a000
3f80a000
3f80a000
3f80a000
3f80a000
3f80a000
3f80a000
3f80a000
3f80a000
3f80a000
3f80a000
3f80a000
3f80a000
3f80a000
3f80a000
3f80a000
3f80a000
3f80a000
3f80a000
3f80a000
3f80a000
3f80a000
3f80a000
3f80a000
3f80a000
3f80a000
3f80a000
3f80a000
3f80a000
3f80a000
3f80a000
3f80a000
3f80a000
3f80a000
3f80a000
3f80a000
3f80a000
3f80a000
3f80a000
3f80a000
3f80a000
3f80a000
3f80a000
3f80a000
3f80a000
3f80a000
3f80a000
3f80a000
3f80a000
3f80a000
3f80a000
3f80a000
3f80a000
3f80a000
3f80a000
3f80a000
3f80a000
3f80a000
3f80a000
3f80a000
3f80a000
3f80a000
3f80a000
3f80a000
3f80a000
3f80a000
3f80a000
3f80a000
3f80a000
3f80a000
3f80a000
3f80a000
3f80a000
3f80a000
3f80a000
3f80a000
3f80a000
3f80a000
3f80a000
3f80a000
3f80a000
3f80a000
3f80a000
3f80a000
3f80a000
3f80a000
3f80a000
3f80a000
3f80a000
3f80a000
3f80a000
3f80a000
3f80a000
3f80a000
3f80a000
3f80a000
3f80a000
3f80a000
3f80a000
3f80a000
3f80a000
3f80a000
3f80a000
3f80a000
3f80a000
3f80a000
3f80a000
3f80a000
3f80a000
3f80a000
3f80a000
3f80a000
3f80a000
3f80a000
3f80a000
3f80a000
3f80a000
3f80a000
3f80a000
3f80a000
3f80a000
3f80a000
3f80a000
3f80a000
3f80a000
3f80a000
3f80a000
3f80a000
3f80a000
3f80a000
3f80a000
3f80a000
3f80a000
3f80a000
3f80a000
3f80a000
3f80a000
3f80a000
3f80a000
3f80a000
3f80a000
3f80a000
3f80a000
3f80a000
3f80a000
3f80a000
3f80a000
3f80a000
3f80a000
3f80a000
3f80a000
3f80a000
3f80a000
3f80a000
3f80a000
3f80a000
3f80a000
3f80a000
3f80a000
3f80a000
3f80a000
3f80a000
3f80a000
3f80a000
3f80a000
3f80a000
3f80a000
3f80a000
3f80a000
3f80a000
3f80a000
3f80a000
3f80a000
3f80a000
3f80a000
3f80a000
3f80a000
3f80a000
3f80a000
3f80a000
3f80a000
3f80a000
3f80a000
3f80a000
3f80a000
3f80a000
3f80a000
3f80a000
3f80a000
3f80a000
3f80a000
3f80a000
3f80a000
3f80a000
3f80a000
3f80a000
3f80a000
3f80a000
3f80a000
3f80a000
3f80a000
3f80a000
3f80a000
3f80a000
3f80a000
3f80a000
3f80a000
3f80a000
3f80a000
3f80a000
3f80a000
3f80a000
3f80a000
3f80a000
3f80a000
3f80a000
3f80a000
3f80a000
3f80a000
3f80a000
3f80a000
3f80a000
3f80a000
3f80a000
3f80a000
3f80a000
3f80a000
3f80a000
3f80a000
3f80a000
3f80a000
3f80a000
3f80a000
3f80a000
3f80a000
3f80a000
3f80a000
3f80a000
3f80a000
3f80a000
3f80a000
3f80a000
3f80a000
3f80a000
3f80a000
3f80a000
3f80a000
3f80a000
3f80a000
3f80a000
3f80a000
3f80a000
3f80a000
3f80a000
3f80a000
3f80a000
3f80a000
3f80a000
3f80a000
3f80a000
3f80a000
3f80a000
3f80a000
3f80a000
3f80a000
3f80a000
3f80a000
3f80a000
3f80a000
3f80a000
3f80a000
3f80a000
3f80a000
3f80a000
3f80a000
3f80a000
3f80a000
3f80a000
3f80a000
3f80a000
3f80a000
3f80a000
3f80a000
3f80a000
3f80a000
3f80a000
3f80a000
3f80a000
3f80a000
3f80a000
3f80a000
3f80a000
3f80a000
3f80a000
3f80a000
3f80a000
3f80a000
3f80a000
3f80a000
3f80a000
3f80a000
3f80a000
3f80a000
3f80a000
3f80a000
3f80a000
3f80a000
3f80a000
3f80a000
3f80a000
3f80a000
3f80a000
3f80a000
3f80a000
3f80a000
3f80a000
3f80a000
3f80a000
3f80a000
3f80a000
3f80a000
3f80a000
3f80a000
3f80a000
3f80a000
3f80a000
3f80a000
3f80a000
3f80a000
3f80a000
3f80a000
3f80a000
3f80a000
3f80a000
3f80a000
3f80a000
3f80a000
3f80a000
3f80a000
3f80a000
3f80a000
3f80a000
3f80a000
3f80a000
3f80a000
3f80a000
3f80a000
3f80a000
3f80a000
3f80a000
3f80a000
3f80a000
3f80a000
3f80a000
3f80a000
3f80a000
3f80a000
3f80a000
3f80a000
3f80a000
3f80a000
3f80a000
3f80a000
3f80a000
3f80a000
3f80a000
3f80a000
3f80a000
3f80a000
3f80a000
3f80a000
3f80a000
3f80a000
3f80a000
3f80a000
3f80a000
3f80a000
3f80a000
3f80a000
3f80a000
3f80a000
3f80a000
3f80a000
3f80a000
3f80a000
3f80a000
3f80a000
3f80a000
3f80a000
3f80a000
3f80a000
3f80a000
3f80a000
3f80a000
3f80a000
3f80a000
3f80a000
3f80a000
3f80a000
3f80a000
3f80a000
3f80a000
3f80a000
3f80a000
3f80a000
3f80a000
3f80a000
3f80a000
3f80a000
3f80a000
3f80a000
3f80a000
3f80a000
3f80a000
3f80a000
3f80a000
3f80a000
3f80a000
3f80a000
3f80a000
3f80a000
3f80a000
3f80a000
3f80a000
3f80a000
3f80a000
3f80a000
3f80a000
3f80a000
3f80a000
3f80a000
3f80a000
3f80a000
3f80a000
3f80a000
3f80a000
3f80a000
3f80a000
3f80a000
3f80a000
3f80a000
3f80a000
3f80a000
3f80a000
3f80a000
3f80a000
3f80a000
3f80a000
3f80a000
3f80a000
3f80a000
3f80a000
3f80a000
3f80a000
3f80a000
3f80a000
3f80a000
3f80a000
3f80a000
3f80a000
3f80a000
3f80a000
3f80a000
3f80a000
3f80a000
3f80a000
3f80a000
3f80a000
3f80a000
3f80a000
3f80a000
3f80a000
3f80a000
3f80a000
3f80a000
3f80a000
3f80a000
3f80a000
3f80a000
3f80a000
3f80a000
3f80a000
3f80a000
3f80a000
3f80a000
3f80a000
3f80a000
3f80a000
3f80a000
3f80a000
3f80a000
3f80a000
3f80a000
3f80a000
3f80a000
3f80a000
3f80a000
3f80a000
3f80a000
3f80a000
3f80a000
3f80a000
3f80a000
3f80a000
3f80a000
3f80a000
3f80a000
3f80a000
3f80a000
3f80a000
3f80a000
3f80a000
3f80a000
3f80a000
3f80a000
3f80a000
3f80a000
3f80a000
3f80a000
3f80a000
3f80a000
3f80a000
3f80a000
3f80a000
3f80a000
3f80a000
3f80a000
3f80a000
3f80a000
3f80a000
3f80a000
3f80a000
3f80a000
3f80a000
3f80a000
3f80a000
3f80a000
3f80a000
3f80a000
3f80a000
3f80a000
3f80a000
3f80a000
3f80a000
3f80a000
3f80a000
3f80a000
3f80a000
3f80a000
3f80a000
3f80a000
3f80a000
3f80a000
3f80a000
3f80a000
3f80a000
3f80a000
3f80a000
3f80a000
3f80a000
3f80a000
3f80a000
3f80a000
3f80a000
3f80a000
3f80a000
3f80a000
3f80a000
3f80a000
3f80a000
3f80a000
3f80a000
3f80a000
3f80a000
3f80a000
3f80a000
3f80a000
3f80a000
3f80a000
3f80a000
3f80a000
3f80a000
3f80a000
3f80a000
3f80a000
3f80a000
3f80a000
3f80a000
3f80a000
3f80a000
3f80a000
3f80a000
3f80a000
3f80a000
3f80a000
3f80a000
3f80a000
3f80a000
3f80a000
3f80a000
3f80a000
3f80a000
3f80a000
3f80a000
3f80a000
3f80a000
3f80a000
3f80a000
3f80a000
3f80a000
3f80a000
3f80a000
3f80a000
3f80a000
3f80a000
3f80a000
3f80a000
3f80a000
3f80a000
3f80a000
3f80a000
3f80a000
3f80a000
3f80a000
3f80a000
3f80a000
3f80a000
3f80a000
3f80a000
3f80a000
3f80a000
3f80a000
3f80a000
3f80a000
3f80a000
3f80a000
3f80a000
3f80a000
3f80a000
3f80a000
3f80a000
3f80a000
3f80a000
3f80a000
3f80a000
3f80a000
3f80a000
3f80a000
3f80a000
3f80a000
3f80a000
3f80a000
3f80a000
3f80a000
3f80a000
3f80a000
3f80a000
3f80a000
3f80a000
3f80a000
3f80a000
3f80a000
3f80a000
3f80a000
3f80a000
3f80a000
3f80a000
3f80a000
3f80a000
3f80a000
3f80a000
3f80a000
3f80a000
3f80a000
3f80a000
3f80a000
3f80a000
3f80a000
3f80a000
3f80a000
3f80a000
3f80a000
3f80a000
3f80a000
3f80a000
3f80a000
3f80a000
3f80a000
3f80a000
3f80a000
3f80a000
3f80a000
3f80a000
3f80a000
3f80a000
3f80a000
3f80a000
3f80a000
3f80a000
3f80a000
3f80a000
3f80a000
3f80a000
3f80a000
3f80a000
3f80a000
3f80a000
3f80a000
3f80a000
3f80a000
3f80a000
3f80a000
3f80a000
3f80a000
3f80a000
3f80a000
3f80a000
3f80a000
3f80a000
3f80a000
3f80a000
3f80a000
3f80a000
3f80a000
3f80a000
3f80a000
3f80a000
3f80a000
3f80a000
3f80a000
3f80a000
3f80a000
3f80a000
3f80a000
3f80a000
3f80a000
3f80a000
3f80a000
3f80a000
3f80a000
3f80a000
3f80a000
3f80a000
3f80a000
3f80a000
3f80a000
3f80a000
3f80a000
3f80a000
3f80a000
3f80a000
3f80a000
3f80a000
3f80a000
3f80a000
3f80a000
3f80a000
3f80a000
3f80a000
3f80a000
3f80a000
3f80a000
3f80a000
3f80a000
3f80a000
3f80a000
3f80a000
3f80a000
3f80a000
3f80a000
3f80a000
3f80a000
3f80a000
3f80a000
3f80a000
3f80a000
3f80a000
3f80a000
3f80a000
3f80a000
3f80a000
3f80a000
3f80a000
3f80a000
3f80a000
3f80a000
3f80a000
3f80a000
3f80a000
3f80a000
3f80a000
3f80a000
3f80a000
3f80a000
3f80a000
3f80a000
3f80a000
3f80a000
3f80a000
3f80a000
3f80a000
3f80a000
3f80a000
3f80a000
3f80a000
3f80a000
3f80a000
3f80a000
3f80a000
3f80a000
3f80a000
3f80a000
3f80a000
3f80a000
3f80a000
3f80a000
3f80a000
3f80a000
3f80a000
3f80a000
3f80a000
3f80a000
3f80a000
3f80a000
3f80a000
3f80a000
3f80a000
3f80a000
3f80a000
3f80a000
3f80a000
3f80a000
3f80a000
3f80a000
3f80a000
3f80a000
3f80a000
3f80a000
3f80a000
3f80a000
3f80a000
3f80a000
3f80a000
3f80a000
3f80a000
3f80a000
3f80a000
3f80a000
3f80a000
3f80a000
3f80a000
3f80a000
3f80a000
3f80a000
3f80a000
3f80a000
3f80a000
3f80a000
3f80a000
3f80a000
3f80a000
3f80a000
3f80a000
3f80a000
3f80a000
3f80a000
3f80a000
3f80a000
3f80a000
3f80a000
3f80a000
3f80a000
3f80a000
3f80a000
3f80a000
3f80a000
3f80a000
3f80a000
3f80a000
3f80a000
3f80a000
3f80a000
3f80a000
3f80a000
3f80a000
3f80a000
3f80a000
3f80a000
3f80a000
3f80a000
3f80a000
3f80a000
3f80a000
3f80a000
3f80a000
3f80a000
3f80a000
3f80a000
3f80a000
3f80a000
3f80a000
3f80a000
3f80a000
3f80a000
3f80a000
3f80a000
3f80a000
3f80a000
3f80a000
3f80a000
3f80a000
3f80a000
3f80a000
3f80a000
3f80a000
3f80a000
3f80a000
3f80a000
3f80a000
3f80a000
3f80a000
3f80a000
3f80a000
3f80a000
3f80a000
3f80a000
3f80a000
3f80a000
3f80a000
3f80a000
3f80a000
3f80a000
3f80a000
3f80a000
3f80a000
3f80a000
3f80a000
3f80a000
3f80a000
3f80a000
3f80a000
3f80a000
3f80a000
3f80a000
3f80a000
3f80a000
3f80a000
3f80a000
3f80a000
3f80a000
3f80a000
3f80a000
3f80a000
3f80a000
3f80a000
3f80a000
3f80a000
3f80a000
3f80a000
3f80a000
3f80a000
3f80a000
3f80a000
3f80a000
3f80a000
3f80a000
3f80a000
3f80a000
3f80a000
3f80a000
3f80a000
3f80a000
3f80a000
3f80a000
3f80a000
3f80a000
3f80a000
3f80a000
3f80a000
3f80a000
3f80a000
3f80a000
3f80a000
3f80a000
3f80a000
3f80a000
3f80a000
3f80a000
3f80a000
3f80a000
3f80a000
3f80a000
3f80a000
3f80a000
3f80a000
3f80a000
3f80a000
3f80a000
3f80a000
3f80a000
3f80a000
3f80a000
3f80a000
3f80a000
3f80a000
3f80a000
3f80a000
3f80a000
3f80a000
3f80a000
3f80a000
3f80a000
3f80a000
3f80a000
3f80a000
3f80a000
3f80a000
3f80a000
3f80a000
3f80a000
3f80a000
3f80a000
3f80a000
3f80a000
3f80a000
3f80a000
3f80a000
3f80a000
3f80a000
3f80a000
3f80a000
3f80a000
3f80a000
3f80a000
3f80a000
3f80a000
3f80a000
3f80a000
3f80a000
3f80a000
3f80a000
3f80a000
3f80a000
3f80a000
3f80a000
3f80a000
3f80a000
3f80a000
3f80a000
3f80a000
3f80a000
3f80a000
3f80a000
3f80a000
3f80a000
3f80a000
3f80a000
3f80a000
3f80a000
3f80a000
3f80a000
3f80a000
3f80a000
3f80a000
3f80a000
3f80a000
3f80a000
3f80a000
3f80a000
3f80a000
3f80a000
3f80a000
3f80a000
3f80a000
3f80a000
3f80a000
3f80a000
3f80a000
3f80a000
3f80a000
3f80a000
3f80a000
3f80a000
3f80a000
3f80a000
3f80a000
3f80a000
3f80a000
3f80a000
3f80a000
3f80a000
3f80a000
3f80a000
3f80a000
3f80a000
3f80a000
3f80a000
3f80a000
3f80a000
3f80a000
3f80a000
3f80a000
3f80a000
3f80a000
3f80a000
3f80a000
3f80a000
3f80a000
3f80a000
3f80a000
3f80a000
3f80a000
3f80a000
3f80a000
3f80a000
3f80a000
3f80a000
3f80a000
3f80a000
3f80a000
3f80a000
3f80a000
3f80a000
3f80a000
3f80a000
3f80a000
3f80a000
3f80a000
3f80a000
3f80a000
3f80a000
3f80a000
3f80a000
3f80a000
3f80a000
3f80a000
3f80a000
3f80a000
3f80a000
3f80a000
3f80a000
3f80a000
3f80a000
3f80a000
3f80a000
3f80a000
3f80a000
3f80a000
3f80a000
3f80a000
3f80a000
3f80a000
3f80a000
3f80a000
3f80a000
3f80a000
3f80a000
3f80a000
3f80a000
3f80a000
3f80a000
3f80a000
3f80a000
3f80a000
3f80a000
3f80a000
3f80a000
3f80a000
3f80a000
3f80a000
3f80a000
3f80a000
3f80a000
3f80a000
3f80a000
3f80a000
3f80a000
3f80a000
3f80a000
3f80a000
3f80a000
3f80a000
3f80a000
3f80a000
3f80a000
3f80a000
3f80a000
3f80a000
3f80a000
3f80a000
3f80a000
3f80a000
3f80a000
3f80a000
3f80a000
3f80a000
3f80a000
3f80a000
3f80a000
3f80a000
3f80a000
3f80a000
3f80a000
3f80a000
3f80a000
3f80a000
3f80a000
3f80a000
3f80a000
3f80a000
3f80a000
3f80a000
3f80a000
3f80a000
3f80a000
3f80a000
3f80a000
3f80a000
3f80a000
3f80a000
3f80a000
3f80a000
3f80a000
3f80a000
3f80a000
3f80a000
3f80a000
3f80a000
3f80a000
3f80a000
3f80a000
3f80a000
3f80a000
3f80a000
3f80a000
3f80a000
3f80a000
3f80a000
3f80a000
3f80a000
3f80a000
3f80a000
3f80a000
3f80a000
3f80a000
3f80a000
3f80a000
3f80a000
3f80a000
3f80a000
3f80a000
3f80a000
3f80a000
3f80a000
3f80a000
3f80a000
3f80a000
3f80a000
3f80a000
3f80a000
3f80a000
3f80a000
3f80a000
3f80a000
3f80a000
3f80a000
3f80a000
3f80a000
3f80a000
3f80a000
3f80a000
3f80a000
3f80a000
3f80a000
3f80a000
3f80a000
3f80a000
3f80a000
3f80a000
3f80a000
3f80a000
3f80a000
3f80a000
3f80a000
3f80a000
3f80a000
3f80a000
3f80a000
3f80a000
3f80a000
3f80a000
3f80a000
3f80a000
3f80a000
3f80a000
3f80a000
3f80a000
3f80a000
3f80a000
3f80a000
3f80a000
3f80a000
3f80a000
3f80a000
3f80a000
3f80a000
3f80a000
3f80a000
3f80a000
3f80a000
3f80a000
3f80a000
3f80a000
3f80a000
3f80a000
3f80a000
3f80a000
3f80a000
3f80a000
