3fc71b843fec70a0
3fdf29ca3fbfca3d
3ff557783fbe3b0b
3fcb865e3ffa506a
3f97c2a33fb82307
3f988a213f83c665
3fc28f4c3fe6446f
3fd2d3d73f8bd329
3ff612983fb88110
3f9f80403fba7a9c
3f8739053fee7f76
3fcd69ea3fa2ebe5
3fa9a7b63fc4a766
3fb4677f3fbad797
3ff728c93fcf46c6
3feca4a53fcb7de8
3fcf41da3fe8bf1b
3fd7258d3fee575b
3fe5fdb73fc420bd
3fa2744b3fd64675
3ff4a0da3fa76058
3f8cc53b3fa1f1e7
3fb4e5713f8be80b
3fe19b363fc903c8
3fa802543fbd751f
3fb8366e3fc7f11b
3fc63fe23fa9af75
3ff28e0b3fca7050
3fb813323f9bf535
3ff6a74b3f8082fa
3ffbff083ff494b8
3fa0b45f3fca7f8f
3feefbc33fd2fb0c
3fb8e2123ff17499
3feefe513fb25ab2
3fbf03e33faef2e6
3f972afa3f9cb18e
3fced36b3ffc8906
3fafc6443ffb2b3f
3f87f84f3fda5bb5
3f91bb843fef8fde
3f82740f3fe3d7e6
3f864e9d3fb8ba4d
3f92ff943f85c9ef
3f80eeed3fad3f76
3fb1cacd3ff9d8be
3f8418f23fb07217
3fbcfd843fb4334f
3fd905213fc99d6d
3fb4ea9c3f954eac
3fe210033f8acec2
3f9347b23ff4795b
3fa9daba3fee3a5d
3fe80da93fb80785
3f9a5eb63f98940d
3ffa0f0b3f92214c
3ff1e7df3f924dce
3fe3f2d83f99bcf0
3fcc62d03ff02667
3fd0ad4a3ffce0ca
3f9bb4ae3fc66e77
3ff653f43fd8d8f1
3f8ad7113f928038
3fd09e9d3feb830e
3fac6d423fa4c49d
3faf0d703fe9c1ff
3fd21e783ffdb6d6
3fd929243fa979d1
3f81d0f63fd50e7c
3fa5db9c3fabea86
3fe881fe3fcb6054
3fe4f1943fd0fb40
3f86fd903f96edcc
3fc03cc23fa28d6e
3fdd5d0d3f90dba4
3fb55a4e3fe6f29a
3faa4fd23f99f1ef
3f8a94cc3fa537db
3fb468053fa85289
3faa68a03fcc9b03
3fb2c4cc3f9ca3b5
3fe97c973fd5d546
3fbf75203f95034a
3f8ca7c63fe2411e
3f8799513fb74912
3f809ca23fa899c1
3f85034c3fcf620a
3f934c1f3f87fc10
3ff6c8383faf9e09
3f83c43f3fcb6aad
3f9986cc3fa5133d
3fb631ab3f92ba2c
3f9a4ad03fe46168
3f8f1bb63f8821ab
3fa112c23ff9d367
3fcab5d83ffbfc18
3f94532e3f962104
3fe4dfe23febb823
3fdf70613fd54afd
3f8dbefd3f9dd3c2
3feb078c3fb23181
3fa061e03fba7ea7
3fe131cc3fbb9ec0
3f96ca313fc37c3c
3fcfbf5d3fa65250
3fc1d1b23fb8c8c8
3fa252763fde5e03
3fd6bfc33fe7db1c
3f9615203fee6de3
3fb969bd3fc24b6b
3fe19b8e3feea2a7
3fdb7ffd3fc7046b
3fe156393fa9e048
3ffe098a3fb6ac8a
3fe2cd393fcd393d
3ff0ea9d3fd2b761
3f9c52b33fd99b55
3fa347a53fd2c6cd
3fda1d6f3fa3698b
3fad3c823ff7d437
3fef1cf53fdf0715
3f885e873fc9d457
3ffd49ae3fd06dd3
3f89ea433f85c4e3
3fe295c83fe1f029
3fde58b03ffff953
3ffb51a83fe69f75
3fc9ca393feaabcf
3f9056053fb6d3ae
3fca6ea03f8bb57f
3fe8cd5a3fec524a
3f9252803fefc8ae
3fc75ca33fc0f092
3f92364b3fbed3cf
3fd613023fe26c13
3ffea32c3fdd952d
3fdd169a3fb0c098
3fed93173fd62d19
3fe392c53f9b6cc7
3fcab07c3fc0e78a
3f93e54c3f98c1a9
3fbb225f3fcde160
3fe91d603fb00d3e
3fec3e313ffaf3d8
3fa4fec53fd1d6c0
3fee5f7f3fabd2a1
3fdb0a443fb82ea7
3fbc331e3fc31e74
3fa349ec3fc3acd2
3fba9e0b3fb5f16b
3f9322913fd9c1df
3fc2cc093fee1d18
3fb0777b3ff54255
3fa695a13fd65c57
3fe8fb943fb49804
3fe91bc63f9b67b0
3fdfb24d3fdb24a5
3f9370fe3fdd9a3e
3fa68b183fd82eae
3f8d460e3fa97291
3fbd917f3fde875d
3fd4fd723fcf4bf4
3f9c9aad3ffebb5b
3fbcadb33ff3e0f1
3f9875f53fd89513
3fc3f0183ffc1dc2
3fb9c6b53ff5416f
3f9be22c3f832c16
3f8afc013f9e517c
3fed0eae3f835f6e
3f9cb3123feef1da
3f97d55d3fafc4dd
3fbabdc93f9412bc
3fe54db13fb6cceb
3f8831f33fcdd26d
3f98d44d3ff67274
3fd2ff053fc2bfa7
3fe1bcfb3f8d988d
3fb594bf3ff1c0e2
3f8423763faac26d
3fc7d2bb3ff9ee7b
3f99259f3ff34cd9
3fdb94943f8a147f
3fcf53113fad91fc
3fe9335b3f810181
3fc57af83f8bec97
3fdef2883fd606b8
3f8cdfab3f8e7f71
3ffb66f63fde7ba9
3f8942a03fff3639
3fffbe113fc3dba4
3f8e79943ff124db
3fcc84b73fc33d8e
3f85d7423fe263ee
3fe438a33ff461cb
3fedbdfb3f862047
3ff6daeb3f95382b
3fd2350a3fe57f5d
3fbe6e6a3f975f0d
3fdb45123fefef97
3fccf0923fa849a7
3fde1e533fb85c77
3fcc24d93fdb6092
3ff87a2a3fa2e5c6
3fe32b133fc3e96f
3f8d62c93f9f99ba
3f8f7af23ffb94ac
3ff74c0e3fe724fe
3fa94af53ff98104
3fa269ad3fd5639e
3fa461783f8108ac
3fde3a1a3fc383eb
3fdc9d413fe367d9
3fd6526c3fd18432
3fb9c0fa3fe8a8c9
3f80a46b3fe919f9
3fa098cc3ff5b666
3fb1abdb3f98a148
3fd996a63fcc94d6
3f83df3d3ffcf001
3ff929db3fe5fc90
3fb0f8a63fcb530c
3fa73f913f8d92b2
3fee7e463fb4cd98
3feddc493f8dc92a
3fb27eb33fc00d05
3fe6ba533fd74053
3f9122873f8722a0
3f9dd35b3f9c345b
3ff2c96e3faee38c
3fbc17723ffec96e
3ffaf0503ffd0040
3fe996303fa01a00
3fbc68053ffa9b95
3fa04ee93fd02a52
3feb8b7c3ff60230
3fd0c9c63f95903d
3fe18b813f97487b
3f8a9ac93fe6a8af
3fa40a6d3f99f438
3fe143ac3ff68cc7
3fbec6653f913e24
3fd7b97b3f9dcf80
3fac89d53f879e44
3ff150cb3ffc9bfc
3fe1f9813fb7e02c
3fb1fce43fd692cd
3f8ce2163fb3a074
3f9536483f8b251a
3fbd85e23f91358e
3f967b1d3fefa258
3ff34eea3fa986ee
3feb0b0a3ff222df
3f84bc743f8ed28a
3fae97a83f91f38a
3f8d351e3fdbdc79
3fc3a7fa3fdbc1b3
3f8a50993f81cba4
3fa034763fbb5eb2
3fbcac113f848c0c
3fbf38ee3fbd8ad0
3fbbba133fd5b97b
3fb396ac3f837396
3fb207583fb1c5ce
3fdda0d53fed83df
3fc91f0e3fd9e110
3fb02abb3f87191a
3faca9d93fd9d8db
3f83249b3fd4907f
3ff008ac3f8ac67e
3ff65aed3fa6c693
3fd909da3f9643f9
3f85e0363feec469
3febecd33fd10521
3fb375f73fd7d3d6
3f9bde6b3f939663
3f9bde0c3ff63682
3fc8e84f3fcbd71f
3fee2e023fedb5b9
3fc6ce533ffe6345
3fd7afb73fb70189
3fb5988f3fc15c76
3fa0c7583fcba37f
3fd4c6ed3ff8c103
3fa12dd43f96b64a
3f9229db3fd1b486
3fdeecdc3fb04f84
3fa249063fc10c04
3fe5a9113f916bec
3fd364063f864bb3
3fd1a59d3fada0bf
3fbb2c003fd0c7ad
3f853fd33ffba042
3f873f7e3fa9d3a3
3fa0afb73fcc602b
3feec7053fdce8d7
3fa601c23fda7cfa
3f93f43e3fd13ed3
3fae7a5d3ff66b7b
3ff62f973fc4ea37
3f8919b33fbdadef
3f9156093fcf8530
3ff9ba793fca46b4
3ff727f43ff24a47
3fb02c9d3fdae658
3f8769243ffca988
3fe7f38e3fe4c167
3fdf769c3fe28e2f
3fb1b8073fa9f4e6
3fd707953f86e7ca
3fddf6323ff8a7a5
3ff1417b3f845f4f
3ff49e043fc482e6
3f97061c3f97f952
3faa759d3fee5814
3fd30afe3fd4df4c
3fab0acc3fe21af4
3f8ea78a3f9d989d
3fac65283fb93bf1
3f8616123ffff92e
3fe31c903ff6f46e
3fe27e913ffb64a8
3faa3aa53f9672ec
3f819f4f3ff2a53a
3fe582013fc9fcc2
3f8c27b43fd79016
3fc3e1243f968943
3fa98cfd3fa5d754
3fc4708c3fab3927
3fa87ec23fe5248a
3fd8cbeb3fd8f740
3fadcbdf3ff1511e
3fdbc04b3fd01322
3f9dd11b3f91aa38
3fe380363fa5a42d
3fa874963fd9e309
3fc2d90e3f8c6246
3f917b763fede227
3f9f166f3ff42c37
3f8aa9343fc07e73
3fc2854f3f96c048
3f93d31c3fe88e4d
3fcc2a3b3fec935c
3fd494ff3f9abbb7
3ffd59ea3fc9237a
3f95642a3f82d5ea
3fdeb09c3fe22538
3f831e773fdfcaef
3f97ee0c3ff8243c
3f825c803fd3a3fb
3fabd8ec3fb67531
3f891d3e3fb8c26b
3fb416f83fb1405b
3fc608f93fd5f1d5
3ffeeb513f90184f
3fdc040b3f9789af
3fc58ccb3ff4dd5a
3fc8e4003fe32e44
3fb3b7ae3f8897a3
3f82f9e13fe5d565
3fdd97113fe0602c
3fa995793f985535
3fbafe253ffc40e4
3fc314a13f8cb860
3ff662073ff9465d
3fa930223fea03c1
3f8485d03fb39aea
3fdcd35d3f99de2a
3ff38ec83fb3a6ab
3f8746fa3fd4a179
3fbd806d3ff79adf
3ff8a2303fd950da
3fffc10c3ff5f994
3f9a89043ff5e94e
3ff4509a3fbc9af2
3fa70f3c3fcd4ebd
3f86f4b53fb11c9b
3fa16e5e3ff6153c
3fe49b793fc30ca0
3fb5a9583fed0acc
3ffd0eee3fd91fa2
3fd8d8063fc8ef6e
3ff5e9163fdb98bb
3fa732533fc0f872
3fe28cdc3fc2367f
3f88bb8f3fe1ef14
3f8ff9d73fd70c98
3fb2d4ed3fab1ac8
3fa0871f3fc102d1
3fe009e13fc11046
3f9cdb2c3fc59c49
3fff29b53fa32e6f
3fe170b23f8fa249
3ffc54e93f9b7bec
3fbd25213fb13638
3fe635533fd5b969
3fcfc04a3fe934f8
3fcc92bb3ffb2f70
3fdadb773faa10cd
3fc9809b3fe767be
3fe96f9b3fe4270d
3ffa2c0a3fe18fe1
3f96717d3ff8b708
3f98b0d93fae2ab5
3fd807be3fea231a
3ff093b03faf4469
3fe0758d3fa8775f
3fbf9dd43fef54fc
3ff4a22f3fdb8c53
3fb456933fff749d
3fc5013f3ff17562
3fd0884c3fa111d1
3fe3971d3fd55a38
3fcf9ec03ffdf9d0
3fa20c8a3fe34f37
3fa843ed3faaf92b
3fad54ef3fc58254
3f87061c3fa62477
3f9200033ff1111b
3fa76c4e3fdb8a10
3fffa6053fc43b31
3fb3430b3fcb4c04
3facc2eb3f93bc9b
3fb72c033fc9a91d
3f8ab7ed3fc1194f
3fbd5ccc3fc14cec
3fd14cdf3fc09f25
3fa33c6a3ffc726a
3f9300e83f868a03
3fc06c443fb124c8
3f98468f3fb1f08d
3fc3e0023fc18282
3fc818443f878916
3f979f573ffc015f
3f8d12ae3fe6daad
3f9c78b53fb3602f
3facceae3fc82cd3
3faaedd63ffb9a56
3fe703bc3f9dabe7
3ffb7ca73faeea58
3fba857d3fc5da0a
3fe2b8143f99dcd2
3fbb7e8d3feb3186
3fb294543fa20213
3f8c989b3fa30b17
3faae81b3ffa1dab
3f8e3d613fb17be6
3fc5abf53fcbbaaa
3fcd0b773fee9ce9
3f9f1afd3ffe07a1
3fdb3b1e3f81f3a2
3fd889043f9dd28e
3f940a153ffc8e0c
3f8c202c3fe24bc3
3fff853f3fbb8981
3f9df00e3f808f24
3fa646973faaad12
3f85edc43fdcd02a
3fe7154d3f9246dc
3fed5a973fe14361
3fb3764e3ffabc66
3fc535713f9e1a6e
3ffd0c873f971a31
3f93a7e53fe2c554
3fbe97313ff0dd73
3fa268983fe69b1e
3fc9c15d3f8a5988
3fe679a03fc7ac61
3fb215743fea4beb
3f9aba833ff5358b
3fe1476a3ffdd665
3fef58ff3fc45b08
3fe1ff323ff596c7
3fbaff743f895a5a
3fc86bba3fda79ba
3f839e013f91fecc
3fe7e2563fcabebe
3fa2300b3fee56a9
3fd7ea493fe08d3e
3f9ac42b3f93e006
3fb0ac073fde1c62
3fbc465e3fae1d9f
3fc62dfa3ff81c49
3fa9a6443fbd85ca
3fe6b6d33f896ec5
3ffba3573f864297
3fc983d53fc440e8
3fea70463fc8d25e
3fba80db3fdb4dca
3f86c2d23fb2325a
3fd5ff3a3fdb1c6f
3ff2551e3feff066
3fa744bc3fdf856e
3fa3371f3ff6dbcf
3fd00e603fbb2b5d
3fb401523fd2e846
3fa5c14a3fbc7a96
3f866d8e3fe54188
3f9231353fed136d
3fa202613fcff3fb
3fec60f93fdf9363
3fcfe18f3fbbcd4d
3febabf03f9594ca
3fb062153ff3c503
3fb1d5c33fc390c1
3ffb56183fa12ebe
3fc874183f87a9f6
3ffc4e0d3f83cdaa
3ff283af3f97677e
3fc2bf653fc84b64
3fcced163fe6e440
3fb527c73fc74dd7
3f9fc2643fe5a2c4
3f8e29553fd0ff80
3fa179053fb3898f
3fb38c5f3fa0ba59
3fcdf3123ffebb2f
3f89c15b3fc0cd54
3fc2b8303fe1ce2b
3fedde803fe825fc
3fe1738d3fe38eba
3f885ab63fb949c7
3fcbc5723f8f5221
3fee4c613fc8cead
3f9ffe263f9dc5bc
3ff138ab3ffff29f
3fe4be333fecab3f
3fd86a7c3fd25b5a
3fecf8733fde779e
3f9e3aca3f88ae3a
3f8f8fb53ff6f274
3face3123fb4b882
3f82aca13f93b379
3fde80513fefba86
3fd345873fa6b9dc
3fce09e83fa87b8a
3fc8a6ae3f98501f
3fb7f28d3fc88bbc
3fff8df23fb453c1
3f8bd9313f825c7f
3fde3fe43ffe0f18
3ffac6053ffc0a51
3fcddee63fcdeb11
3fb5733d3fa63118
3ff9c5c53fbb4507
3fb479e13feae712
3f8506ca3fc5ef3b
3f8254503fc421a0
3fdefe113fb7b8ef
3fec09363f8babe1
3fee28673fdd9e88
3fddd7fa3fedb859
3ff70e623f9aa28e
3f877c1a3fd691e6
3fa7e3363ff0f9cf
3ff230b33fcd9ec5
3fb8cb1e3f8d8055
3faf5f0a3fd1b4c5
3fead2203fc93a21
3ffacc7f3f83a7e0
3fbd3d613f87a7f9
3fa9610a3f86ed28
3fa309bf3f812fdb
3fee0e8d3fe31bd0
3fdc948d3fb7b1b6
3fc12d953fe2d16a
3fc9afb93f8bd26f
3fafa1f93fc7071a
3fb838493fcd08a5
3fd00f713fe6d6d5
3f8a964d3f8addca
3fce12a13fce58fb
3fc86c953fd0447a
3f842c0f3f9e3a94
3fa096ba3fcf6905
3f950ec03fb2e163
3fa9113f3fbfbd67
3ff45bf93fe6296f
3fa6f0a93fc98317
3fec9e403fee548b
3fb12c943f808e65
3ff212283ffaf6ba
3fddba4b3fcad1ac
3f9b24b93f97b819
3fc75e953faf3b4a
3fa9ca5a3fbf8bbc
3fcd31933fea67b2
3fd9b8253fda325a
3ff04a133f8e766f
3fa377673f96d953
3fc84be43fd47b56
3fae12603fc223f5
3fc5c66c3fdaca54
3fbbd7f33f892f39
3fe4af6b3f991dd9
3fe993ee3faafe60
3fbdef783fe62644
3fdb219f3fe8c15e
3fe11d113fb7b675
3fc34a833f8bed86
3fd8aab63fd07141
3f9972ba3fedc82b
3fde95723f85e61f
3fc8bfce3fe8b288
3f9f85c13f969b2f
3fbe02a73fec47ad
3ffcef823fccc06f
3f8abc343f9220c2
3f9140c43ff5d8b5
3fcff1b43fcf7bad
3fc86ffe3ff9ea4a
3ff06fa43f925ec4
3f910a7e3ff0508c
3fcf2bf23ff42a84
3fe796693f96f8f4
3ff296883fe06538
3f9045ab3f9e5427
3fab3ea73fa733c7
3fdef3c03ffc0bc8
3faa6ac93f86d80d
3f8428c03fc2a69f
3f8364c83fb6358c
3f9d187f3fac6203
3fa7fc7b3f956b70
3fd458ff3fc88337
3fa0b9083fbc8b68
3fb8c91f3fee0ae8
3f89449e3fd84800
3fdf134e3f995537
3ff9b8a03fa9a33e
3f91f3043fcfd817
3f9dd3913f8e9eda
3fd076153f87c05e
3fa162c53fffd7a5
3fc4a24e3fe2c7e7
3fecdc0a3fe62c07
3fa9397b3fba5b04
3fc0de253fb815c3
3fb862883f8cd456
3fde4b7f3fa15e25
3ffd553a3f9f67bf
3f84dfaf3f8c2cc1
3fd7b4c53f91f6b3
3fbf2cb13f8b9a10
3fc0fb133f9f6943
3ff164573fbbfacb
3fbb94db3f9ee39a
3fb514da3fe8f26b
3f8b9ff53f976ce3
3fb7b21e3faaa8c7
3f8ed1d53ff890bc
3fbca61d3fd585be
3fca8d573fa7c9fb
3fee88fa3fe3826e
3f850d5b3f81f8d3
3f94b60f3fdacf64
3f9e48e23f825514
3f84cd443f8c2fcd
3fcbec4c3fd65b70
3fbb056a3f86877e
3ffd39803fffd088
3fe8771e3f9a557b
3faa41f23fcfb75e
3fe075aa3fd9df0a
3fc79e2e3ff8c7c9
3ff0152f3fb3b8d8
3fc92be13ff6aaf1
3fd196443fd4fc08
3f9c0d463fbfed15
3fc3b0cb3fe89230
3ffb675f3ff0a39a
3fda89ba3f87e6a2
3f9c89a63fd53897
3fc77dfe3f9301ca
3f979c163fc0da32
3fe4ec1d3fa2e880
3fb571c33f9fbe8a
3fd088543fc144ea
3ff36f203fb0613f
3fe6599a3ff3f980
3fdef1cd3fea66c5
3f9ceb023ff03b10
3ffa33643f92be93
3f84655e3feb2b03
3fce57ff3f8d9b81
3fc30d803fda9d9c
3fc019863fdb92ac
3f9b80553fbbb907
3fa6a9eb3fcb7ab7
3f92d6193fc015f4
3fbe5d913f9f75e4
3fdcfa5a3f86e5e4
3fdc75a33fb2e482
3fdb9b3d3fe1a526
3ff6d24f3fe53710
3fa9b20e3fe1e6e0
3fd648833fd13b19
3ff970ff3feb6f06
3fa857d33fce6a80
3fc156b43ff21535
3ff70e973ff9ca51
3fc53d623feea56e
3ff2ff5d3f9b6cbf
3fbf31103faa51c3
3f9a3d323fe186dc
3f9c77bb3fc89697
3fd187fe3fc197a3
3fd728e03fc56964
3fcc56473fbaa490
3fafdf083fc7db0d
3fcee3e93fc011bb
3febc5f33fd252b3
3fa67d7c3fdf3edd
3fd4e12a3fc746b6
3fd4ccae3fe3d7b4
3fef37ad3f8d51d7
3f9781c03fc27364
3fc42bcf3fabd852
3faaad5c3f9da80d
3fc59ba93fed9c5c
3fd86ab13f8a9c5d
3fa053a13f90bf07
3f9441073ff80d7b
3fb6b0d63fb675e5
3ffc645a3fdf28f0
3feab9713f979efc
3fa9b65d3fcc523e
3fea55033fa73fe0
3fab39f23fe7c7a9
3fa7282e3f961376
3fef6ebd3fda60fe
3f86f9163f8361b4
3f9f75c03f97bd6e
3fa7fc523fb7fcb6
3fe37bbe3fd85974
3fa2576e3fa0981e
3fe5fb2b3fe9dc04
3f9241853fed6cdc
3fbb95fd3fd1406b
3f919f583fb94b89
3ff4c5423f94cf73
3fa914ab3fbcaadb
3fe0ea953ff367fc
3faa3fd43f943461
3feff50f3ff75956
3fc67c963fd4434d
3f884c533fe13392
3fe5940a3ff9a1c4
3fc2284c3fffb23e
3faca7683fa0799a
3f95f8323ff6f7e8
3ffc13c53fb9141f
3fa3a8bd3fcb8629
3fa2b2fc3fd09a7a
3fab37533f840c76
3fe7d1a13f8da42a
3fa2905c3faa4c20
3ff84ffb3fe66b22
3fce69303fafa855
3f9759b83ff34520
3ff6ccd93fe238d1
3fcacdb23f80ed29
3f922a813ff37ef9
3ffe45d73f8e45d7
3fb175e53f9e6b3c
3fa421933f898ddf
3fc157513fd1e236
3fcc8e8d3f88c03c
3f992cf33ffc21ac
3fa7671e3f9ab258
3fc5f7a63fa7f035
3fc23cc13fa68b97
3fbf86383ff5f938
3fb281f03fc4d538
3fbd2ceb3fdb1f95
3feca2ce3fb7b758
3fdd6ee73ff4f72c
3f84eff13fba049e
3fb91d813f9b6af5
3fd307f63f99aeb7
3fd5110b3fda56bc
3fb1c0b73f962c78
3fad89363fe78573
3f97ec443fa53a61
3f8409163ff78dee
3ffaad1a3fda4349
3ff9d2af3f8b85a4
3fc3e9bb3f8adc88
3ff6586c3fabfad3
3fabcef73f9cfe9e
3f91346b3fdceeb7
3fabb6233f874f36
3fcf6fc93fc4142f
3f98da823fcb1236
3fe0127a3fb84537
3fd6fd0a3f95d1dc
3fab478e3febe2fe
3f8a51c93fbe8642
3f969fa13fe54780
3f971fe13f9593b2
3f80e3523fe16e9e
3fbe58023f803704
3f9f18813f8078f2
3f935d033fd30533
3fa93a073faf93d6
3fc341663fb35885
3fcffa153fab79fa
3ffadf173fa23d97
3f8c17983fb897df
3f96d3b43fb5734e
3fb8eea93ffb2fea
3fe889753ff61d75
3ffcf9de3fb8ca80
3f94277f3f8d316e
3fde92bd3fcfdc23
3fd9b2db3fc56a67
3f8e94683f83950b
3fb7f1ea3fde9099
3fb054893ffd73fc
3fe6b48f3f96074f
3f8d74693f99f79e
3f8bc83e3fea7982
3fb90fc93feb2d57
3fbb84ef3fde3ed9
3f8392a23ff5c56a
3ffa6afc3f9ff8f2
3faac6f53f92eaed
3f9154083fabc12b
3f8e976a3fe7dd92
3fc4ed173fa0d46d
3fe354813fecaf31
3f85e3723faf1d12
3fc54e903f8cc987
3fbb0dc83fbf4488
3ff1d1233f9be096
3fa612ad3ff8c76a
3fad7ab03fcf4ee6
3fec01ed3fd9723e
3f89e35d3f9a812e
3fb00c2c3ff95931
3feda4b93fa23246
3fbc52043fe084d4
3fa177e03fa98b39
3fa515283fc390a1
3f803e3b3ff4b03f
3f8ad0373fcfbb4d
3fb4003c3fd5449d
3fd32e7f3fc2b625
3fa6811c3ff5c81a
3f90cab63fdb131a
3fff11d73fd6616c
3fd5d83a3f93d03d
3fef45893f8c120d
3fecd1113fee89fb
3fc124b53fb0e826
3f95bf333f9c4cf6
3fea5ec83fdebc5b
3fa7d7293fc835ee
3fe6c0ae3fdda926
3fb664993fe81f4b
3fbb6b233ff5a6c4
3fd01d343ffc34ff
3fc3410d3f88b431
3f9733703fced730
3fa210253fcf9693
3fc275423f92b38e
3f8bc0803f8cc416
3fd2315c3fd6777f
3fee72243fe87c39
3fb0c85f3fd888f3
3fe93a2d3fa9edc1
3f93f8723ff57b2f
3fd02fa53f853dd0
3f9918ec3fc97b3f
3f8959663f84f8d7
3f90c01c3ff7554f
3fdc4ba03fcbcccd
3fd98ce93fdc5783
3fd062093fdb7eb2
3f991fc23fd8b9f2
3ff87f4b3f98949e
3fdefcfe3f851776
3fe28ee03fb1f30e
3ffce90d3fe6e234
3fbfd8c63f87cfa0
3fb84b333fd511e1
3fc3932c3fd38c9d
3fc53fb13f83c0cc
3f9ed9913fec6b16
3f92e3ed3fb241dc
3ff1787a3fee9efb
3ff2ebad3fdc5422
3fb74e6c3fbff086
3f909eb83f9f2620
3fca3d723ff25edd
3f8e0d1e3f854373
3f8464793fe6f913
3fd2d0713fbd2198
3f80d28e3facc1c3
3f961ae53f8e61b1
3fe1d6dd3fd310f6
3fd0efd23ff448b9
3fcb188b3f8cf587
3f892c4c3fabe494
3ff1c01b3f892818
3f9262003f8efbac
3f9550863fe7ea1b
3f9ddb8f3f9aa330
3faea4e73f84046a
3f999c193fad78fd
3f9a79093ffc66b7
3f90740e3fe9edb3
3fcbe9e63fd6722a
3fae96343fb00d45
3fc25a453fcc15c3
3fa450623fa90e6e
3fd161da3f8d33db
3fca1c413fa1faf7
3fdab20f3f963f22
3fc758b93fbf5d09
3fc349633fc7596c
3ffced893fa88195
3f9bbbf23fbb6162
3fc48e813ffa6407
3fa10bb23fa7e374
3fd659073fae98c2
3fe8e9b33fe22615
3fe7f93f3ff5907e
3fa0782e3fe22748
3fd596313faeb316
3f8e8c083fbc5db0
3fd4f6283fc72fba
3fbf2b6a3ffff885
3feaac523f87de5e
3fe962733ff5c0b0
3f9d54c23fdad749
3f9f325c3f90a89f
3fe3276d3fa62e69
3fcb35b63fe86f53
3fd8919b3f9604fc
3fe23dc73fbf02f1
3ff93a493fb1e946
3fb715ed3f8d6e97
3f8971213fd23159
3fa3bf2a3fa86fa2
3f8a84c03fb4dde0
3fe2a3f43fb4d298
3fc9894a3f86d1c6
3ff42f743fc9ab1b
3ff19eeb3f949801
3f8c3ab23fd0c5d0
3fcd2c523f92b239
3fdee18f3fa39311
3fd127ce3fc2720f
3fc49c263febb01c
3fc94ecd3fb6df5c
3f8122283ffb47bd
3fdf63563fdb526f
3fb6b6613fbae975
3fb786cb3f9d24a1
3f8deb403ff737f3
3fe269143fdf6309
3facb8503f9b61d4
3fcc054a3fd151ca
3fc27ae43fecf111
3feb6c513fea2556
3ff19a523ffcad11
3fdf95bd3fdab9bf
3f9966863fa6815b
3f874dc03ffc6d79
3f9f6c093fd44be6
3f8c3cdd3fe8c778
3fc3c2883fb9c898
3fb59c4b3fef4a22
3fe89aff3fca3584
3fb604a53fa246ce
3fe632b23fca093a
3fb5a0673fc472f8
3fbb01aa3fed6536
3f98164e3fab3a0e
3fef90c23fe8ee5b
3f9a98173f8acf2d
3fc591ac3fdf8378
3fbf1e2b3fe40237
3f883f063fd8f9f8
3fe675443ff9c174
3ffd89d63fe3415c
3f95d7e73fd476d0
3ff3a8743fe20ffa
3fb2e3523fb6b981
3fad67d43f852e36
3fa0cc7e3ff5a43a
3fed997f3f8e0988
3fa8d5ca3f8f6c22
3fc16e4c3fd3abd0
3fc3c0e73fb7684b
3f8bbd413ff15c50
3fe8c2eb3f911a63
3ff329143fc8050d
3f8287573fc0cd8e
3fe1347b3f92e350
3fd2f6cc3f9fe39e
3f906d863fcb9042
3fb3e1463fc9833a
3f8c22143ff81764
3ff326833fa1d9e8
3f82c32c3fbada83
3fab73e73fbb146c
3f95357c3f9e695a
3ff2ee103fb87951
3fb2f6b83f844aa0
3fa3b3833fae4d8c
3fd5b8003ff0bbf1
3f87b74c3ff2efd6
3fb018393f8ec5dd
3f9103803fb2f35c
3fae83883ff2cda5
3f89ec533fff515e
3fc442853ffbb925
3fd6ebaa3fdb20fb
3fe054d03fb25108
3fae47263f927373
3ff8c0bd3ff120b3
3fe5426c3f8d0dce
3f9050613f853471
3fde0dd33faec532
3fd160e63ff68b37
3fa0253e3fb84f90
3fd361ea3ff37556
3feef5453fc351e4
3fd9913d3fadd321
3f83d71f3fc00a5c
3fcb55c43faa8786
3f9fc0583f83d999
3fb6e6d93fc6caf8
3f832be23f9219db
3fde97613f804dc3
3fe45bbb3ff4c8b8
3fe933f63ffd3b63
3f8627333fd9770e
3fb8dc1c3faacbaa
3fe038953fdbc659
3fcb7bc63fce1541
3faaafe13fdd1e16
3ff528873f9e297d
3fc72c1b3fbafb15
3f831a843fcb6dc4
3f9e6f023ffb261d
3fc8a8ee3feb83ff
3f8ef6613fa9901b
3f83832a3fdf5219
3fffe9413fa029cc
3fa3f1643fc5f8ff
3fd80b8c3fc143c1
3fe9c98d3fd90857
3fe82d363f9980ba
3ffc31493fdad881
3f82a29e3fca7f84
3fb17ffd3f83f600
3fa565223fe8b65c
3f96ff003fed7c13
3ff5356f3fad3081
3f9f6c803fb05284
3fa3bace3f9a7add
3fc0a22c3fe898ab
3f8c468b3fd0ed89
3fa36a4f3ff37652
3ffc00893fd9724d
3f8d63e33ffeff1f
3f8dd4513fbe254c
3fbceea03fa66a01
3f900c4b3fa8ce67
3f9398083fe7296f
3fa03be63fa4f6b2
3f89cece3fcc739d
3fd099cd3f9ed161
3f956dc13fff72e0
3f95dec33fcb2c60
3fb2b2633f912908
3fd937d73f9c7525
3fd2acb13ff955a0
3ffcd2af3fe8f3d3
3fb41a9c3fe5e65c
3ffe0a193fe34cda
3ff8c2b63fc577a8
3fbe9d863fbc2d12
3fbf0e6f3fe4fc36
3fe9e6773fa668a5
3fbc34413fa701a7
3fb423ce3fbd1275
3fe620873fe60cb3
3f9a1f5e3fc34745
3faae9e63fe812b5
3fa66e503fd5c36c
3ffd0f7d3fa297b0
3fa0de8d3fe2db70
3fcfcd3a3fc724fa
3fd772503ff794c0
3faa68103f9daa84
3f9acceb3ffbae2b
3f84782e3ffef67f
3ff57af13f9db842
3fe163183fef1796
3f8f2e6c3fd32969
3fe760d33fb1264c
3fb468253fc1c5bc
3faa2b233f962f8d
3f87e6553fcd606a
3fff4f093ffa069d
3ff273ef3f908eb2
3fa75dd33febb100
3fc315013fe61a35
3f8d25f83fc5aad4
3f957dbd3f90b3c9
3f955d853f8ab742
3ff39f943f8806e1
3fd8a2023f93ad51
3ff016253ffece9e
3fdc0e553fc9bc1d
3fd77bf53ff787fc
3fa846913fea3c98
3fc2e6583ff54f1c
3f96c54d3f9a78b1
3fd72f863fcd5fc7
3fea51d03ff9d5ff
3fc2e4603fb86201
3f912ce63f818b52
3f8f9dbc3f8058c3
3fafd84a3fc30634
3fd57ed73ffb9656
3fa30a583fca7516
3fd5f34f3fe510d3
3fd3ee8a3feb3188
3fc1e23c3ffb57d0
3f8d85d43f81a5bd
3f99fac23ff41287
3fc9982b3f9f9bd7
3fe12ecc3fdd529a
3f8b164a3fe78bd3
3fb5c7383fe692f9
3fb9ce363fd5f7b0
3ffdb3103fadb100
3fc234463fcbadb2
3f898b213fe92d43
3fed6aab3f974e8f
3fa112b53fd337c2
3fe0a6553fca13ec
3fc83b3a3fb24190
3fc392453faec9fe
3f8d087f3f919ca4
3fe41afa3f8f88b0
3fc327063fe10a94
3f91c5da3f971a63
3fe9a0423f83419c
3f9a40b63fe1431a
3f8515b83fc23161
3fd4cdfc3f9ff700
3fb856bf3fd6bfe1
3f886bc03fe302f7
3fc4e0833f97d738
3ff8c3b53f8f0fae
3fdf96ef3fbbe04c
3fafdb073f8aaefb
3fd668233f85653f
3fa648723f862108
3fac61a43f9099bb
3fc32c5e3fa62b17
3f8625da3fd34b16
3fcd6bb23fee4b45
3f91875c3f92dcaf
3f9ded443fb4ce0d
3f8855243fc95575
3fcfe7253ff60124
3fb9f3cb3ff3d840
3fa60ab83f9cc294
3ff2b21c3fc7b333
3fa159323f99c09d
3ff839c53fcff905
3ffcf76b3fbd0dbd
3fb185413f92f00e
3f87360f3fa78332
3fa72ef83fc7cfe0
3fe541f03fc0b166
3fb7a37b3fee8d72
3fe774b73ffbd7f7
3ffc978f3f993c19
3fe6ce803fad29df
3fcfd8923fa5c02c
3fb322c43fc50e0a
3f800e1b3fd49741
3fa991143fb262d6
3ff9b6153f8d64a6
3f934db53fbb7ac1
3ff88b033ff62d50
3ff99e733f89ccff
3fc6209c3fe37c88
3ffdd3003fc19448
3f8b048a3fec86ad
3fd75d5b3fd5148a
3fbe6a363fc542d3
3fe8c8973f9c17fa
3ff077723fb997e6
3f850c363ff5ecac
3fe7132b3fdc8332
3fe3add13ff7dd01
3fa4def73fe39c41
3fdb94863fc1b665
3fda62cc3fb9bb61
3fa1c5573f8efacb
3ff673aa3fa61d0a
3fd601a43fd9fea9
3fcab21d3ff81200
3f994aaf3f8ccbea
3ff152793fa9a02e
3f8c775d3fb8673a
3fa7afe43f929b1e
3fca668d3fe53289
3ffeb7fc3f8d66b4
3fdf13e83fe5f57d
3ffda8cd3fa7793a
3fe720f63fe18364
3fb337e83fd3c1a0
3fcaddac3fc9fd69
3fcc3a053fb2ad68
3fbae9893fb84009
3fb021e63fe663d3
3fd2ae7a3f83119d
3ffc2df63fb7bea0
3fd920033fc4aca9
3fb6a5a83f99fa94
3ff71c613ff28e5c
3fca43423fd8900e
3fe4afba3fb692bc
3f8185653fea42c8
3ffaa3403ff6f02b
3fc455673fe9521a
3fcf1f003fea48ce
3fe0aa413fbf84c3
3f8293083fdf0cd5
3fbbff273fa95cda
3fc1ffe93fc3eb53
3f9689653f8c3220
3fef410d3fb6d46c
3fca314f3ffd4ac8
3fb82c513fe149d3
3ff330623fc0d6d9
3fdbc5f33fd9f9bf
3fc3d3723f830418
3fea025d3f9b3ffb
3fa03d853fd273b6
3fc900ec3fb4debf
3fb870483fe4e3db
3fe1d6aa3fd64c9c
3f95b2f73f9353ae
3ffee5dd3f953838
3fdacb803fc7b514
3fb3c5af3f98f38e
3ffdaf813ff68277
3feabb033fa7354b
3fe20dc03fa1882f
3fc3c59c3fa237d2
3ffcc70d3f835be5
3fc8d7b03f851aab
3fe6ea793fee635b
3f88fa943fcb7bff
3fa7a39e3fe7af39
3fdfe6423fe8c575
3fc8ed413fce08c1
3f8a0a1e3fb1eb5b
3fede49c3f8d170f
3fc132c43fe40586
3fae81753fd1ec38
3fd31cd23fd11b92
3fcd40b13f93269d
3fe1fbb23fb051e9
3fd913f03fdcfe40
3ff378eb3fdb8247
3fd62d083feddbd1
3fb50dfb3fe4129f
3fb701103fae4699
3fae73d33fd347e5
3fe147623fd04b72
3fee82ac3fcb3d9f
3fa56eb43ff2a2d1
3f9a55f83f90972a
3fe4c7ff3fdd159b
3fbeb8893ff92b4e
3f8e61ef3f8c6424
3fd0701f3fc3318e
3fd4adf23faa8e05
3fdaa48e3ff60755
3fffe3f53fd9bcdd
3ffe99453fc202f5
3fb023fd3fd1b2e0
3fcb722e3feaee46
3fd17a173fd9130f
3f917a7d3f9c5225
3fb202af3fb5a1c5
3ff946dd3fb74194
3fb2fec03ff850f3
3ff521f43fd4b31a
3f890ffe3f9c1661
3fca668b3fbd493d
3f89cfe63f9bc13c
3ff5e5a73fe911c8
3ffed50e3fa8a4fc
3f9d56763fd94b69
3fc6e6353fd81d6b
3feff5da3fbc4168
3ffd4af43fd5805b
3fc2faa83fb20c49
3feae1ca3f89771c
3f8234153ffc0351
3fa7c89d3fd47de0
3fb8847b3fad000d
3f9838ff3fb7fdb6
3ff5df5c3fc45686
3f80d8d33fc29db3
3f80431c3f89a6a6
3fb4d7e53faa1604
3fe5ed263fe098bf
3fc19cc73fe6754c
3fe721873faee08a
3fe1bdaf3ffbb3c0
3f9281563f8886a4
3fc9da6f3fbbf687
3facb3603f8ae358
3fc560b93f8360e4
3f97326d3ff10301
3fbfd3df3f97aecc
3f8eff493fa2e91e
3fb798d43f888056
3fb0fd883fbdd428
3fb081113fa7fa06
3fd495693fec0047
3fd18f133ffc595e
3ff992063f902eb8
3fa624c63f82f462
3fd7eea23fbbad61
3fd8ac1a3f872f56
3ffcd1013fe13dad
3fadda673fa9fa6f
3f9307613fb4c2ad
3fef2aa03f8c4885
3f8878053f95a59f
3fb2b83a3fdb05da
3feebd4a3fa5ecb1
3ffe3eca3fb839ed
3f9a3f3e3fe144f3
3f8a43443fbfbb58
3fbfcb2e3f890c09
3ff3c52b3fec1c2d
3fa8ff5a3fa0afb3
3ffd73b73fdff788
3f97bebf3f903ff3
3fc4da2a3feab07d
3ffe75da3fb2060d
3faf76e13fc13b17
3fe569e33fc52d49
3fb5825f3f83016a
3fb97d1e3fc2d254
3ff45b323fdac1a0
3ffe81723f9a5eae
3fe855b33fef2351
3f82fc523fd32156
3fedbc0c3f95963a
3ffff5fa3fbf8b8e
3fdd25bb3f94aa19
3fa4cab63fec4724
3fb63ec93fa85e30
3fb3c1133fd1a2fd
3fd13b153f8906a6
3fe8bddd3fe391f9
3fd20cad3f8cc5ca
3f97f98d3fdda87e
3f8c00353fbf5f0e
3fb981183ff3bed2
3fcc76fa3f96cc5c
3fd27f443f92bbdc
3fc0365b3fb3aea7
3fa276613f9a0932
3f91bb0f3fd7d443
3f8de1903fc5d857
3fceeb093fe4289d
3febe47e3fb219b8
3fb6b2de3f87b774
3fe371eb3fc106a8
3ffb01c33fba56ec
3fafd75c3f988b35
3fba70603faa24e7
3faed16f3faaa61f
3ff40f203f90a87e
3fab3c8d3f8a4647
3fa988df3fd7387f
3fae8fe13fb56a8b
3fa57b093fd5b3e1
3fb1535b3fdbeb78
3fe060aa3fee33c2
3fbb8ffb3f8589d5
3fb724533fea1bc5
3fdfcb663ff39b68
3fed4a813fe4d05b
3fe1f8073fb76754
3fb16ef03fc7e203
3f81b9763fe3a469
3fa29b073fa62b8d
3feee2373ff69f27
3f9e353a3f8f51e2
3ff6f4d13fd160d9
3fdb89093f880bb5
3fdc98143fd20bd3
3f9e5cd13fcc4e08
3f826ee93fe507fd
3fc696b53fe279ec
3fedcc043fb75da6
3f9e140b3fe99738
3fb30ce63feee0aa
3fe416693fc47240
3fda489c3ff28b7f
3fed1f9a3fc716bc
3fba2bf13f86aba6
3f84d2453fe9a7d0
3fd80d603fb3ced8
3fa819f63fe6c61f
3fd127dd3fc4cc2a
3fd704ed3f91e823
3f8120b83fa18bd8
3f86ee0d3f88144a
3fa63e4d3f8fc8e5
3fd1d3503fbc7423
3fbfbc853fb9da44
3fa3ce873ff2ee6f
3f8f25cc3fd3a6eb
3fd8a75c3f937eb9
3fcd47e13fc7e47c
3f9a33e23fb800af
3f8a55173fb75e77
3fad2f973fb80444
3fd465533f8c9282
3f85fe2b3ff6f119
3fd087a93fcc78df
3f923d2d3ff33ed5
3faeee4b3fa1d7c5
3fbfd3023ffe8737
3fce51333fd77d27
3f87a7d73fe93c67
3fdf3df83fb69404
3fccafda3fc64621
3fd0c6f73fe09400
3f96edd43fafb0da
3fab8c913fc32f78
3fde287b3f98f63d
3fb6ef5a3fa5ebdb
3fe238703fb3a49d
3fba1d893fabb332
3fea66d93ff684fe
3f9af3473fb5fe13
3fad63c13faff560
3fe5649d3fa51352
3fa976823fc7f71c
3fabbfe23fdd5b8c
3fc72ef23fa98c03
3ff68f623ff59ea7
3fd576103f911cde
3fa04b123fc499ec
3fe231c83fb007a2
3feb06693f94ef42
3fc68d753fd6a48b
3f882f1c3f92b111
3fda81c63fda8a67
3fb2a2083fc818c9
3f87620f3ff9d27a
3f9980123fcca1dd
3f998d1b3fd12b7b
3f97d0ea3fa0cb30
3fc6deea3fa22408
3f9593cd3fe8eac4
3f8ee19e3f99ac53
3fb8089b3f99fb71
3fcc7da83fe4f319
3fee1ff23ff54e3b
3fd12d9e3fe2ccb5
3fe134703f890c11
3fcbe0a93f9336d3
3ffc77623fcf9264
3fe64b613fd04d3c
3fb67cd13fc9b1c2
3ffb47bc3fdd84a1
3fdf39123fda5485
3fffba443fe2e1f7
3f965e1e3f810ff3
3fa9e8223fb7ccc0
3fe2aed93f92a479
3fb248933fc1444c
3f892cde3fc1a432
3ff817e33fec77ca
3ffab1e83fc1d7f7
3feae7c23fad89e2
3f8c53e33ff5656b
3fad7f153fd6996e
3fdc3f8b3ff7697d
3fd06ef33fcccefc
3fbd5bb03fc8571a
3f9e0c8f3ff859aa
3fb346ea3f8134c3
3faead923f9d808c
3fec034a3fceacee
3f83c4ed3fa8a457
3fa3b1e43f9219b3
3fbe5f2b3fac91bd
3fe408273f912995
3fc7d9683fb4347d
3fbad9343ffddbd9
3fb33ede3fdf654f
3fb1b6513ff3f4ee
3fa540c53fcd97e0
3fe677de3fe0b45f
3f9905603f932cfd
3fa854843f8f150f
3fa5a3903ff44e29
3fd9aad53f85383f
3febadb33fef510f
3f903db53f95d751
3fae53e73fade89e
3fd78c313f93aaaf
3fc1b56f3fff56d3
3fb6b8563f965b56
3fd1659a3f9ed3b3
3f9c41ba3fa8ee7d
3fc76c413ffeffd8
3fa3537d3f95ddef
3f97fe153fcc82e5
3fbc73c03fa88091
3fe7c8ed3ff9c3c0
3fe3008d3fd6ac8e
3fa7c6723fe8e082
3fd1cc693fbf964f
3ff36fa13fc2b404
3fa7a60b3fb66429
3fe407ab3f8a7c72
3f8f96663fb1ccf4
3fa1d00b3f8e9671
3f96e98c3fcb16bb
3f83851d3f9d054b
3fd3d7123fa5b997
3fb116a03feaa33c
3fcec9623fe158e0
3fd54c193fd808fa
3faabd213febbc18
3f9ddc713fda9610
3f9674833ff68e2b
3fc0a52f3f9a0ecb
3fd787da3fcad532
3fc8994e3fa4287e
3fdbe78e3f867d3d
3f9e2b123f9974a6
3fcedd1c3fe424aa
3f81ec2f3f98cf15
3ff3cc253ff85e4e
3fc9c09b3fce3311
3fdd304d3fb7381b
3fd9bd7d3fa1c08d
3fae0f123fa33b23
3f9ca7583fca7ce6
3fc1573a3f91a23e
3fe9e16b3fc2caf6
3fcdaca13f81b954
3f9c4f983fe11d24
3f8680953fec7398
3fbba4ef3fe9c1a0
3fb7ff353fe0f627
3ffb8ab43f9537c2
3fdbfbba3ffed1d9
3f8ac85a3ff6f2dc
3fbb67f03fe8b558
3ffb05a13fdfaa7a
3f8d2d833fc15561
3fe64e5c3fa08f4f
3fe0c2963fabfd2c
3f9372a13ffbc908
3fd42d4f3fc567ed
3fb8c09f3fe1f04e
3fe1521d3f944414
3fff0b593ff8949e
3fe3752c3f8d2426
3f9092973fe1d7c4
3ffbe5c93f877faf
3fef79b63ff343e9
3fff5a303fa7214e
3fe861a43fc6963f
3ff6e7c93fcd2498
3fada7303ffcd7a5
3fc6c62b3fca5b87
3f822be93f99a937
3fdcbd743fcdf9f9
3fc678fc3ff74a35
3f9d70353fc2ef89
3fa663e03fc5d2eb
3fb1f4733fc99424
3f8cdeaf3fe34067
3fd51f103fb897f3
3faaa5343ffa9325
3fbae76a3fa1815b
3fdcab5a3fdeb177
3f9aee273fc152af
3fc085b43ff4c098
3fcbf0de3fc04646
3fd2f63c3fe53d3d
3ff7fac93fd12133
3f8f63c63fdee29c
3f8926e03f861997
3fd54c533f856dd9
3fab5e153fd70260
3fc634363fec739c
3f9296243f9440fb
3f8fe2ec3fa553f0
3fff2d173f80bac8
3fcd68733f9572ed
3fc6aff43fc836ba
3fe965863fd66904
3fdd44183ffa7edf
3fefe14e3f941be2
3fdee1bc3fc57f53
3f8b61273ff60d75
3fee3baa3fd0d072
3fca75223fc9a151
3ffe129b3f91e845
3fd7cac43f845d70
3fbd71803f969797
3ff174fd3f8cc043
3f9972593f94cf3f
3fbd0ae43fb677e6
3fb38e363fe8e95e
3fa5d2ec3f996bc5
3fd267a93fda2960
3feb155b3f9d34f2
3f8113243f817a3d
3fcfc3d23fa5c17d
3fc353fc3fd760ea
3ffd4f523fd73256
3fdf112d3faf32d7
3fbad6053fc90777
3f89b9593fc3bc1f
3f96c00e3fa263e4
3fa79cc03fa915b1
3f858ed03ff737bd
3ff0da733ff4a49c
3faa5feb3f873c6e
3f9bfa793fe0508c
3f93c4463fe1e75a
3f955fdd3fbc5743
3fb88e863faad49e
3f944e1a3fc1a72f
3ff2a4d23ff3ed71
3feded473f869626
3f9300863fa1b4d4
3fbff5123fb3c7ff
3fbe48ab3fcc26cf
3fd48c1c3fb39dcb
3fac54d13fbb53c1
3fb62c363fa74503
3fb071cc3fbe031f
3f80880b3fa2bd2e
3fd227413fb90009
3fdd0d4b3ff92764
3fd6c6913fc92d24
3fc899143fc46381
3fd472b53fe1eb0f
3faf6abd3fab8f20
3fb6aecd3f9f0fe7
3f8733b83f9d5e84
3f8da26c3fcea8b9
3fe785ab3f8f76f6
3fac95d13f9c5f85
3fc063203fc27f53
3fa0c9e83fb0fea2
3fdf017b3fbcade8
3fc7ddc53fb15cb5
3ff56ddc3fb2ede3
3fc0ed0f3f9f6a75
3fed64da3fd2d52c
3f8470873faa02ce
3f9befd13fe2d3f8
3fcc1a233fa4e8a7
3fdbe4b13fa55f6c
3fa77a933f8accad
3fe52c5d3fba1d10
3fea68c63f9397b3
3f817d2d3fa5355f
3fe596b73fa8cfba
3ff1fa943fc704a0
3fb6232b3fb38675
3f88eb9a3fb73379
3fa044503f909adf
3fae9f003f86771e
3f8c97d13fc83400
3fafac443fd2144d
3fb13daa3ffafce8
3fd101423fecf443
3ffdf35c3f9e9426
3fcb1bd03fef3a9b
3ff58ee53fd257b5
3fd5b1863faedce0
3f83f0643ff30fdd
3fdc30003ffc9356
3fbfe0353f9c2ec8
3fc9fa363fe07759
3fd464a03fc1b6eb
3f86e5553f892b4e
3fdecd893ff4e6ed
3ff6f9053fd1c5f6
3f8aa4933fda6354
3fe12a9c3f8f8c96
3fe275893ff86d19
3fcef1183fd062fc
3fde56f13fbc638b
3fc1da503fb6a322
3ff9d2073ffe5259
3fdfa2db3fccf91e
3f8373c33fb17c61
3fe86af03ff1f6e3
3fe0c24f3fd9c6a7
3f893bef3f9e03b0
3fb7468a3fd51cef
3ffdc4183fbe594b
3ff8c8453f90dcfc
3fa0e1aa3ff955fb
3fced07b3fe4d3e4
3f819f7b3fecfb93
3fe6daa83ffdac3e
3fae2d203f8c17f3
3fa3871e3fdc1d18
3ff6998e3fb4590b
3fb21b673f9fd9fd
3fa2edaf3fb60fdd
3fbf81e63f843564
3fa090703f92f783
3f8aa0213f945f81
3f9d00a43f9dc9ea
3fb8dccc3fb376c4
3f94c4333ffcfc9e
3f92f86e3f94b490
3ff1bf503fadd7b6
3febffe03ff51d77
3fa3e0293fd0c7f6
3fe88f593fbd6c5e
3fb70d883f8d5285
3fca6e143f8d2267
3f9062ed3fea5af0
3fef6f523fd263f3
3fe07ae43fea37d5
3fbb3b3c3feef8bf
3fa1ec6c3febf9ec
3fdf00863f8e46f0
3fdd73bd3faa6073
3ffd7bc93fece73c
3fe02bb03f9790f9
3facf20e3f9b8c11
3f92b3563f8ccf0f
3f9956fe3fb895ed
3fb9cd523f9874cf
3f863e673fb4eb01
3f94d4ba3fbefcb0
3fcd3f933fbe1121
3fee4ec53fa3d723
3fde75733fc83862
3fe167be3fdb4882
3fe0fd403fe22649
3fb9d4fa3fe77563
3feb62fa3ff20771
3fc642c23fe0941c
3fa77cdf3fca213e
3fbf1c703fcc9574
3fe6ed2c3f9af280
3f99bcc53fdd3a67
3fb3b1253fb489f4
3f87e4993fbd5af1
3ff36e463f8c13e4
3ffa250f3ff7a713
3f9325043f9ce745
3fd5405e3fa5a199
3fa1f6943fda430f
3f864a343ff439d1
3ffbfb1e3fb8c297
3ff69df53f8d47e9
3ff32e7d3fa7a65d
3fcfcfae3f993232
3ffca6013ff376bd
3fc48ce33f987695
3fc4f1623fccff7d
3f92f85a3fed1e53
3ff0896b3fa92f20
3fc9c9203fe46c9b
3fc9621b3fbd9319
3fad937a3ffacf6c
3fce8a053fa80d4f
3fbd33483fd5eef3
3f9ebf503fc10789
3fd06f9c3fed4c4d
3ff70b803fb1a4c5
3fc8c9553f88c796
3f80074a3fdcf086
3fbe2d8b3f876336
3fc96bfa3fb51a9d
3ff9fa1e3fa70cc8
3ff25a7a3fcf10ba
3faeab8f3f876818
3fe268f03ff52caa
3fe0b6663fe4e916
3f82abb63fa9f7bb
3fa312423fe3fede
3fcb2d1a3fa4b2a3
3fa285123ff3518b
3fb6c99b3fb0fe37
3faecd7d3fe442c3
3fede7aa3fe232ca
3fc427ba3f8835c2
3f8331153fad72db
3fe3a2f03fe23289
3f888f733ff0f010
3f87954a3fac7a1b
3fe65acf3feb231b
3fd4e3fa3ff69d05
3fca321d3fe7ee64
3fa3ee703fe1aafd
3ff7deec3fd3c1c3
3faadc8e3fd39b9a
3ff0dd8c3f9b6628
3f90a97e3fef1854
3fe9bdca3fb92b9d
3f95862d3fe2a314
3ffe98703ff8f7c5
3fb0a04b3fa394e6
3f895f7c3f8d976d
3fa97dca3fd42595
3fa1a0d13f87216c
3f89889b3fe21738
3fd222803f9a4690
3fa4cd213fc8c016
3fde337f3f998208
3fbb1a963ff9d2f3
3fec69583fb2f6d4
3fa8b0983fcfca76
3ffb71823fa6f5bb
3fe187593fe1c485
3fcea1ef3fcbbad7
3f9f84fa3fee6657
3ff7064f3fae1855
3fd791243fb6c495
3fbbc0113fae01ce
3fb3a5353f8a746c
3fa10b0c3ff32feb
3fcb01b03fd27a21
3f997ffb3f85c59d
3fa2038b3fa97a49
3f9ef2e13face9d2
3f938e693fc9acb3
3fbb96273fb85a30
3f9711363f9c9064
3f8467843f981c3a
3fb23d673fd950fd
3feb6d3d3fb9d935
3f91bd9d3fe9ee56
3fbeee073fcda06b
3ff4ee323f9d44b5
3f98916e3fb39def
3fdc677b3fd471e9
3feb9e5d3ff9a826
3ff9a9873ff4733b
3f8475d83fcab323
3fa1d65e3f83af3b
3fa81cf23ff57c01
3fe69a353f982909
3f84b01e3ffbeadb
3f96b29c3fafc3e4
3fa9bae53f814b77
3f8c4fdb3fe28500
3fca9ab33fa85f19
3faa5dd13fed497d
3fbe9e4b3ffd1b5d
3fbb45ff3fe00053
3fc948263fe99f8c
3fbae8043fea3a80
3fc8ecdc3fc56e44
3fd888d93ff97a27
3ff46e7b3ff27645
3fd3039d3fbe92f4
3ff60c823fcfef9e
3feec68b3fc7a7a0
3fc388f23faaf1c6
3ff94c553fb90a83
3fe377553f8a9154
3f9c889f3fbba92e
3ff131873fafcc5e
3f8bf7c33f93ee5c
3fe257613f9e76a7
3fde8f743fc448e2
3f9a9f1a3f991621
3fa2c2f13f9638cc
3f8ff0fb3fdddad2
3fd1deff3f851e78
3ff04c853fda1dc5
3ff1f4cc3fb057c2
3ff0cc7a3f9fa1f8
3fd46e813fa74c36
3f9e67233fe62d80
3fb1f4233fc407c3
3fa6170d3fe27d10
3fe2b7133f819ec8
3fb347753fe6e2a6
3f99352b3fd19833
3ff744af3fb0ec0f
3ff0d1133f80f47b
3fc46b563fa50f46
3f9072333fe09572
3ff092283f91994d
3f93570a3fb93ced
3ffe28eb3f93c053
3fe249fb3fdda4dd
3fac3a9b3fa7c79d
3fa1f9c83fd6e867
3fe281553f88af29
3fa1d8fe3fa6afd1
3fc8bdda3f9f682f
3f9f38b73fedeb06
3f9dc7de3ff5b41c
3fcfa2df3fce66c5
3fdb3d6c3fcb4b07
3faaff9b3f86e3fd
3ffd52723fca4e27
3fd43f713fc61079
3fe5ec2b3fef4c07
3fcdc5903f89429c
3fa6c8293faea361
3f844cae3faf3158
3faae8ef3fdc87aa
3ffcc1a63f9db866
3ff9174e3feb26a4
3ff03b113fef1560
3fb815723ff47505
3fa7c73c3fe7940d
3f8b43c63fa7c39a
3fdbe7273ff11fcf
3fb52f603fa26d99
3f875f753ff02f12
3ff59fc03fbbd8fd
3f9d21c23fa7eda6
3f8930e63fc62af3
3ffe69ad3f83fe7e
3fcf49913fc0af1b
3fccd65c3fce7f75
3ff65f353f9738e0
3f82d42b3fdfd6fa
3fc5e86f3fe12ef1
3fb14f3b3ffb8393
3fff98f73fcfb403
3fb78ea33fb391e0
3f88cebd3ff71829
3fb9c6e43ffdf3bd
3ff73f403ffe4ac7
3fab2c6b3ffab6f0
3f8e0a283f9890df
3fdd68483fa317e4
3f8264193fd840c0
3fb053053fe32afa
3f906e8f3fb012a7
3fd6d9013fc883f1
3fc767f63f87d364
3f9e5e2a3fd04941
3fe303753fbc57c6
3fc82c403f909ef1
3f9a8da03fa14866
3fceef833f89a577
3facff303fad8d9e
3f9c76ae3fdeee7d
3f8838ac3f8f0965
3f9e3a423ff26567
3fd83e303ff4c8ef
3f9c20913ffe6241
3fb9b7b93fa2ad82
3fcdf8b13fb47723
3fbed5dc3faafe59
3fc17c1c3fe219ad
3f9e20143fb1d83a
3ff0f6e53ff79940
3f8db60b3f97af31
3fcf42323f895157
3f9add7c3f93ee80
3fc55a3e3f91843f
3fe5f1d23fbfcdab
3fa919823fb0ae8d
3f93c0cd3fc77387
3fba63123fcbdaaa
3ffa03c13fbc6f74
3f842ea13faa1f2f
3fd8da4b3f915220
3f805c4d3fd7763a
3fb394f83faf1e7a
3ff8f5cf3fdf0681
3f9328183fe0bca0
3f8002113ff19e78
3face5a43fee3ebd
3ff6f3fa3fd62682
3fdc20903f9e032e
3f9ca1a93fdb0cda
3fb3ea7c3fccebcc
3fcbfceb3fda45a8
3fdff1a63f85617b
3fdb3f843f91d8ba
3faa4bec3fbbd037
3ffdff863ff9db0e
3fca48513fffd434
3fb661833ffae644
3f9506383fcffb4d
3facad603fec4599
3fff64c53fbc66b4
3fff5ffe3f9dc4a2
3fc2e1c13ffa55c2
3ffaef0d3fc00889
3f9b8b303f969550
3fcea87e3fa26ab7
3ff63ed13fe045b9
3f9eb8623fc6058e
3fa67c9c3fbf6b89
3fdb51f73ffeaa60
3f87a2f63f9ae6fd
3fa6dea13fc05f37
3ff011f63fbabaaa
3fdf2db03fbb5fe6
3fc2e2f23fb0437e
3fa0c3033fe7837e
3f97df383f88fe0d
3f93319c3f84d7aa
3fd933a33fa43869
3fdbce9f3fa53c8a
3fb178833fbc3098
3ff1d0cc3f878de2
3ff361f33fe2992c
3fedb71b3faf698a
3feb948f3fcf6f35
3fe60ae43fa0177e
3fa8d61b3f9639df
3fd0456e3ffa626a
3f8651fa3ff20aae
3fa983c33fdf7b6b
3ffa6ae93f92e191
3fb0459a3fa8cedd
3faa886d3f915f0c
3fbd29fa3febee7f
3feef0083faf2e75
3ffbe2f43fff32a1
3ff962733f8b691f
3fa54c7e3fcf3f4b
3fa4bc693f9ec13e
3f9fac663fd9614b
3f8462183ff657e6
3fdb88ac3ff5396b
3fdb72fc3f89e7d0
3fa8f2343f98a1db
3ffc5c503f87473b
3f8179a83fc81673
3fce9a573fe7fc10
3fbe6faa3fcf31bf
3ff38b853fd6f088
3f84ac5e3fe7b526
3f9cbf703f822968
3fec1eaf3f858a9b
3f9cf2a43fcef78c
3f831dcf3fc4d9e4
3fcf42373fe0a940
3fd8db273fc50108
3f9406b23f840326
3fe8a5c43fe763df
3fc415e33fd4d65e
3f9fceac3fc2f1de
3fc8a32a3ff60b9f
3fb11f733fa6bfcd
3ffe2b9a3ffdfd87
3fca14793fdc6391
3f993eb23f99d27e
3fd2b72d3fb4f27a
3ff240683ff6ef8c
3fcfbb083f8efe95
3f8f11c73fabc8f4
3fed809d3f807d88
3fca3ecd3fcaee26
3ff7d9a13fedd5d7
3f8f42423fc5fa7b
3fba01223fc793df
3f8d24023fd3eb6d
3fb2908c3fdcbbc7
3f9029083f9dfbc1
3f89a7453ffe406a
3faaba183fc596cd
3fcf077c3fd4e974
3f8cf3813fa5205a
3fe101ee3fe4c5f0
3fa6bbd23f9ae908
3fa6a4723f9cda4b
3fc987883fd3b7a2
3ff956063f89658d
3fa8eb833fc6d721
3fe8c6f73f8c5dff
3ff7e1d23fc94ce4
3fd87a353fe20ae8
3fef90d13fa88f8e
3fc627a43fabb463
3fe7e4553ffd12d1
3f9c88343fb48b93
3fdf38123f9eff4a
3fdf06703f8f4f1f
3f84348d3f888365
3ffdadf23fbe44a7
3fad75403f8054f9
3fef2e243fceadcf
3f9477b43ff12ce0
3fbef9343fc66f53
3fbe0d9b3fdc6773
3fd9c3853fa21725
3fef70a43faf2573
3f9c15033fd90080
3fba1f723fd16b3f
3fa172563f9f9d28
3fe12a903fa36a4c
3ff1b96d3f9d9294
3faf37d73f8635db
3fe211723fe8fc16
3feab39e3fa7f844
3ff800ba3f9d84ed
3fc029803fa2afb0
3fdcc38f3f8fe626
3fb7b1883fafceeb
3fd100a83fb3bf6e
3ff7bd183ffb0001
3f9075be3fb762af
3fb433b63f963487
3f9bd1653ff97594
3fd07a613fba0715
3fb5368d3fc37df2
3f8bf08a3fbb831e
3fb8c6393f97bff3
3f9ccf543f9f4a7c
3fc556c43fd1a8ea
3f9b699e3faf38d7
3f97b2a93f83b5df
3fd73c013fed192f
3fe5c2803ff06481
3f82d97e3fcb7a90
3fe4ebca3fcdbacb
3fd234373f87a79c
3fdf9a493fb17dd2
3fcbc6b53ff41464
3fb9486c3f862c0d
3fd6e4e83fc90ae7
3fc075ed3f8fae1f
3f95d8d33ff9e83d
3ff158c53fd45d16
3fc67f2c3ff8f85d
3fd5d8143fc25f77
3fdb77f93f82ebec
3ff642493fdc9bda
3f8b8edd3fcf2623
3fb3fafb3fc02f8b
3fc36e6c3fa69694
3fbeee843f8a3d47
3f87eafc3ff5a1ba
3fd266aa3fb50573
3fa9bd4b3fb0a5fd
3fa4da8e3fdf4e42
3f9880a33f9395f3
3f93460d3fa719de
3fee69fa3fdc6186
3ffd42933fefe046
3fa9d0ba3fddd121
3f93c3903f8358ae
3fcff9033f83f2b2
3fdd9bd43f92b11d
3fc1dad53ff101a5
3fb4fd3f3ff0dfae
3fa97d3a3fcb85b5
3fd7a4703fe9d175
3f96d61b3fcbb213
3fb612153fd9c0ff
3fe082583fc3d6ef
3fd30c543fd3b79b
3f977e983fc18e01
3f9912fa3ff41fdc
3f9b24ed3fb41b1e
3f998dd83f91d055
3fc2055f3fbb2a40
3fbbd9bb3feaa592
3fc4846b3f9f9ee1
3f84212f3fb92c96
3fb01a4b3f806845
3fb4dc053fcf4c74
3fe643573f8028b0
3fb443a23f98f9cb
3fe4465a3f867879
3f90329a3fd5f93d
3fe0b3c73f819942
3f9e16a33fff72e4
3feef8473f9b755d
3fab60b63fc647fb
3f9264563fdc5690
3fe7352c3f8ef2a5
3ffe29763fab5f92
3fdd2d183fd4e957
3ff525323fd9263b
3fd33d9c3ffcfe89
3fc1fe213fe85228
3ff463c33fcc7199
3f8609d33fc1680d
3fb227fa3fd5dbe2
3fb9f69f3f95cd27
3fb2f80c3fef4be3
3fbea2e73ffe1678
3f8ae8f23fc153a1
3f8318453fc81141
3fb5b7e63faf237d
3ff1d0ab3f909cb4
3fc5d3913f9caabf
3fdadec63ff9c80f
3fb1e6143fcde93c
3fbca9e93f984a74
3fdb35d23ff07b89
3fc579cd3fc4a9c8
3fba59bb3f853489
3f8107743f9865e4
3fb4ba0c3f97229d
3fa9db113fd1565c
3fafb4d13fd573c0
3fc0eec83fb8ebbe
3fce56333ff071f0
3faadcda3faab1e5
3ff8d9273fe03940
3fad25c23fcff7a3
3ff255903fde9aca
3f88a9443fcdebe0
3fd0161d3fadeb7b
3f93316f3ff0f135
3fbaaab03fa8644d
3fe91d603fe379bd
3fe478d03fcf72ec
3fb3f1953fe485b8
3f8a6fea3ff58e5a
3f9e73453f91d135
3fe57bec3fd8e164
3fa025f73fc90b02
3ffad3ae3f9d4769
3fd62def3f853d63
3fb197303feda0ff
3ff4a6b83f982361
3ffd7ffa3ffd668b
3ff7e2de3f982999
3fb026a33fbec7c6
3fd9bf5e3fd19ee1
3fb5ecea3fec7043
3fb99c4d3fcf7906
3fc0b3893fd44c98
3f8f3ba83f9dfb3c
3fbad6893fd77f77
3fca16dd3f958b5d
3fd80a463fa74380
3fbe02fc3fb58f7d
3fcbddba3fc54ab1
3fbe05563f97d6d4
3fa62e4d3fdf50db
3fe991813f895162
3ff06c883f8ed793
3fbd61123fcaf0ef
3fe578b43fce28bd
3fc00ddf3fc06036
3ff5e6403f884ec5
3f8654473fbd365c
3feb716f3fcb1f4a
3fc2a2a73fc0573e
3ff1da013fd6b69d
3fb884b43fe7b5f8
3fbaeb5b3fa3e172
3fae0d803f9c74f9
3f88f10b3f9fd944
3fd905883fd61863
3fd573413fdf31b0
3fe5fcee3f9a595f
3fdb16a73fa92fc9
3fe3dee13fb8850e
3fdfea603fcef5f4
3f9821d63f9af91a
3fab8cd93fdb0d51
3f868ea33f9ab750
3fa886f83f8420a8
3f8c47af3fd9e922
3fbe560b3fb06145
3fcc73963f84fe0a
3fc340993f9fffbd
3fbf29733f9ff2ee
3fa4d3123fbef74a
3fdfbd023fd8c61f
3fa7e99e3fced267
3fe5a4303f829dc1
3fe8ca863f834475
3f97c3fa3fa82c35
3ff9b09a3f81ba7d
3f965b5e3fca0405
3fd37bfa3fa8be76
3f8f74853ff4fe56
3f8434743fe3e400
3ffe0ec13fbc29ad
3fd0e8433ffe15c4
3ff789523fdd7982
3fefeb1b3f87d884
3fd30f8f3fbbeb1c
3f93e2e53fbfdb10
3f88c7633ff2f299
3f9fcbad3ffbc278
3f8c95ee3f9b666d
3fb72d613fb373ba
3fa999cb3f956566
3fbb378c3fbcf9d0
3f9275583fca733d
3ff25cc13fae7459
3fd8a3433f918114
3fab098b3fa9049b
3fdfff843f9ace31
3fb3e7b83ffa4e66
3fc39ee03fcd654b
3faa15ac3f904f63
3fe453c93fd535cb
3ffb7dd53fe2cd5f
3fb910fb3fc6b60e
3fa816173fef3d9c
3fcbe2ce3fa1354b
3f88cddf3febdc68
3f88dd4d3ffa8b66
3fdb84143ff1520e
3fd122473fcf74ae
3fabb11a3fc68357
3ff2c5773fdbf83e
3fbc97503fd7820e
3f9376f93fc7534a
3fc586b03fed3f35
3fee346d3fe0d221
3feb81353f8c6faf
3fdc583f3fc9aa35
3fd9e4d03f96cfe7
3fd549943f8326b4
3feee7de3f96a39f
3fe59edf3f8608db
3fbc022c3fd47aec
3f9fb54f3fe7ccd5
3fc770ae3fe11daa
3fed05d53ff67b69
3f85052e3fcdecaf
3fae17873f84999e
3f94ad073fa78e69
3fb2330b3fdbf8ae
3fb705c63fe43986
3fc3bd2e3f95e509
3ff487da3fa3ce27
3fec29973fefc0e9
3fa403703fc95511
3f93668c3f80d200
3f8a60b73fc014e6
3fe93ee13fa6ce5e
3fbc8d203f9da8b3
3fd7f2ef3fe7ee2e
3f8d3c9c3f8e01b1
3fbcec693f90add8
3ffd70953f978e89
3fb1d3e53fb0f251
3febf2c73fe93315
3ff5fa853fdc54d9
3faa605b3ff7cf17
3fc2c8ba3ff17341
3fa4f49b3fe78cb5
3f8f255b3ffbec28
3f8d2fa03fea83c5
3fc528573f9b73d0
3f8c6e513fe5daf6
3ff9e38d3f989c7b
3f90c2ad3f8981dd
3fd0a3233f82ca04
3f915d4e3fe59c19
3fc2b75c3fedd829
3fe3da8f3f8659c9
3f92e6e03ff15713
3fccb9ae3fe9b669
3ff041a73fac53dd
3fcedff53fb95db9
3fb359893fae93e9
3fac1f083fd16870
3fe270373fa1c377
3f943e773fc6f37b
3fa430c43fb32aca
3fbf52083f8f8a8f
3fa244bc3fe821bf
3fc89e4c3fabb2ab
3f8301c33fee3f44
3fa85fbd3f95d193
3f86979a3f9775a4
3fd9ddf23fde0320
3f9ffe743ff0ab1a
3fb0da0e3ff929d2
3fd51d1a3f962fc1
3fb5c9643f86c558
3fa84f803fb84802
3f8a74483f8c2b33
3fb5e7b93ff27c82
3f838cfe3ffeffc8
3fb8959d3fe813dc
3fb3d4593ffa0d0b
3fb4e0593ffa859e
3fc0999f3f865319
3f85243f3fe90537
3fbc16be3fa98c13
3fce94d33fd9af7d
3fffcc973fdd4bf7
3fcd2f2a3fcb4ccd
3fe04b103fb64657
3ff8096f3f8ac835
3fb6a8703fd61958
3fa7d9b03f9ce9d0
3f846b053f90b72d
3fbe8be83fc1c1c9
3fabe3a63fb23108
3fbf48203f86f6ec
3fd6461d3f9bf804
3fb6f7a13fbbd971
3f82df0c3fdd8525
3f971e233facceb1
3fd063e73fde8603
3f9aa9693fb2a424
3f8512f33fb8710a
3fa476f43fe58fd2
3fbc63fd3fd136b1
3fa255133fca0d69
3fbc429c3f91ce4e
3fc72dde3faf1a09
3fd243a23f8be50d
3ff65b703fc24b6d
3fbd2eea3feef31d
3fb234343ff47ff7
3faae8e93f89ae39
3f8d2a883fb80222
3fac27a73ff09816
3fa068223fbce5f9
3fee6a173fb26cfa
3ffe84673fe6513f
3feef3843fbe1645
3ff595653f8e49de
3ff4b1c03f9b99bc
3ffc13813fb4e0c0
3fefd0633fd5efdd
3f94a2963f9342bb
3ff509653f8b7ae9
3ff2fa833ffec147
3fbe24323fb1a30c
3f809e903f872848
3fc4a36a3f9a9a45
3fc9415b3f99f1cd
3fe02cec3fdbc335
3f9d9b203fa2debe
3fd03e3a3f84a7ac
3fd8b2fe3fce0b5e
3fb87b973feb5c72
3f90f5d13f863496
3f8497873ff1117b
3f9ff2603fcfb44d
3f9380113fd4da3c
3fb204883fe13598
3fcf49a43fae32bc
3fdf23e93f8e85b0
3f99a9393f8264f2
3fb9d0393fef84e1
3fefb8e93fb5959b
3fdc4b613fa78dec
3f9343823f8f82b8
3fde437c3fcfb0ad
3fefad2f3ff8fda4
3feff47e3fab47cc
3fd1894e3fc08fd1
3ff716ae3fb1d14e
3f873a333fc1c1b7
3fe023f03f8b5ead
3ff5a1173f9d647e
3f9904983fb8afbf
3f9ef4a43ff88c85
3fbcd9f03fed88ff
3ff54e663f9da6b1
3fa138233faeb002
3fde69e43ff433f3
3f9f83913fa9a8db
3fe21ee83ff1c7ff
3f9f8ad53fe2cdf4
3fb917173ff6cb75
3f8a06a53ff77a55
3f913af43fd816c5
3fb22a9b3fca24ac
3fb5deda3fa1c140
3fd595e83fe9c345
3fb218d73fce5760
3fa0e0683fa746b6
3f99e40f3fbb74f2
3f9b073e3f9cab60
3f9569a43f91b83c
3fd6dd873f9dcf8f
3fc242ca3fd32ef6
3fb200973f8d2562
3fcd22d03fd092a7
3fbfb6183fac96ae
3fd21f033fe78b4c
3fe6b4b23fbd5117
3f87a8a03f832ccc
3fe36a063ff2c87a
3ffbf3ef3ff43697
3fa342b13fc1bff3
3fb119853f8bf95e
3fcbd2d03fb19e81
3fa98a7e3f820e8c
3fcb4b383fa7d45c
3fd91e633fcf2757
3f9601ba3ff38b0a
3f8d9d673fe116ee
3fa0857a3fbfaff5
3fc2a0e63fc19291
3faa48373fa802cc
3f86c9163ffc10d1
3feacef13ffbe782
3fa163783faaeb4e
3fbb2e733feb7ca2
3fc907353fb71769
3fb625393ff2933f
3fad2c513ff1f697
3f89a3a73f956629
3fe945a23fccfb15
3fc15fc73f87a2c4
3fe5c8933fbbefd4
3fc2e0183fcec71f
3fad44663fcfa8c2
3fb7b5373faa254c
3fd074643f9b80a8
3f93e7823fa338d3
3f9625853faf4ee0
3fac3f143fcc290e
3fd805e13ff299ee
3fba6a5e3ff0b527
3fbb82903fca5184
3fc298583ff59d34
3ffeb4613ff24bae
3fe6529b3fa16688
3fca7a6d3ff8934a
3fce2aad3f8d7fe4
3fecf69f3fff5336
3ff7307e3f8cb17d
3fcceeeb3fd4385b
3f9c62e83f98fd23
3fb26e783fe6a36a
3fe18c6a3f8fd14c
3fbaa7473faf9ced
3fed37de3f94af5f
3fe8de443ff07d74
3f80d9e73f956a6f
3fcfd1543ff01ca0
3fda1f0b3fb200a9
3f8e9a7d3fc6932b
3ffdce233f886d13
3f9948a73fe13e50
3fad13aa3f84a411
3f81f5623fc99f19
3f930b3f3fef32ae
3fe42a3e3fb86604
3ff5a4823fc8d366
3ffa8d7d3fd5ab15
3fb3c6d13fb10b32
3ff0cbe53fd3cc2b
3fe036753fcd936f
3fb9de5b3f965650
3ffb23803fc336ec
3fbe4af13fa32177
3f8313013f8529cc
3f8448153feaf577
3feb3c3a3fa9f1b2
3f90306c3fcea4a4
3fc7ee743fce6e66
3fff8bd33fe3ad99
3fb39e9c3fce5ff0
3fedbe393fdbf384
3f8910553fe79bdd
3fd1cb153f8be19f
3faf7f0c3fcb119b
3fe3438f3f894e06
3fec29c93fbc5f5a
3ff4bb4d3fb15ef7
3fb0c5833fffbe09
3fe44d3d3fa9c350
3fd698d53fa5eb0a
3ff954bd3fb360ff
3fc594043fe0d0ac
3fdaa0783fc3d876
3fe375483fd25176
3ffc40ec3fbd7afa
3fc4b88d3fd9e972
3fa8d9cd3fa3af03
3f85220c3fe3af91
3fe13c923fac5145
3f846b713f9f43e9
3fcec0513f8b980e
3fecad123fc1c38f
3f962f863fc0c3f3
3fb3abea3fd9d54d
3ff8274c3fb997df
3fb2d9013fc0a964
3ff22c7b3f8cee3b
3fbe29073fbcc72e
3ffe906d3f82101b
3fb163243fabb009
3f972a7f3fe55657
3f8ccfe13fbbe006
3fdd57533f84abd7
3fd0c1023f8d3062
3fb900643fe5a345
3fa63d833f930abc
3fab207a3f8265f2
3fb0039b3fccff65
3fa165ae3ff4bf76
3f9eb43d3fbec859
3fc532113ff4b6f9
3faf98f73f996a14
3f81629a3fdbb72f
3f8f6a543fa40751
3fbf347c3faa1b65
3fc108c53fd11a64
3f9205323fd5713b
3fcd361c3fdb4159
3f90f1f83fa05b36
3fd6e8ce3fe661c9
3fbce45f3fac70ff
3fa3ef553f82438e
3fe34e293fb71f1e
3fe56ff53fb729c6
3fdd20583fdadd44
3fa4688a3f934c2d
3f8544793ff7939c
3f9e3bac3fbd6d32
3fada04b3f9a3778
3f9ea47b3ff6fbb4
3fd679cb3fe58268
3f8d83b63f8b0919
3fd5e5c63f88d49a
3fd450f13fbc5ec6
3fa6910a3f9bd3d5
3fe3b6413fa8b736
3fbe18703fb4c539
3f8c442f3fb37a90
3ff3ad933fd7b912
3fa5e2563fa85c3e
3fe292d73fcc74d7
3f843c813f929870
3fe16cef3f8e1346
3fe8b90b3fefed86
3fe20b8b3f9a7052
3fc852813fe401dd
3fdce50a3f9cfd80
3f980c853fc38ad0
3f98a6fc3fb2b102
3ff4f2963fc30c2a
3fd59eab3fea84e4
3f8e35553f95495d
3f8264713fff92a7
3fce5ffb3fc21179
3fc1f4e03fcbc642
3fb0ef503fcd891f
3faaabce3ff208e7
3f8da07a3febc4be
3fb4afd83fc61fb4
3f817db83f89c800
3f9bb38c3fe2f3d5
3feab9363fa8a74d
3f8ddf7a3fccd34c
3fea9c9d3fd098e4
3fd9fe6b3fa82b3c
3fd678693fc9efb6
3fe973af3fe94942
3ffbdf5d3fab8979
3fe7f69e3fc84198
3fdd3ce93f95217a
3f9374a33ff335ee
3febba133fe86d32
3fb946f73fa3e357
3ff7dd0a3fd5611a
3ff3ae163f8bea46
3f87b0873fb5f676
3fb737e43fbb4cf1
3f8e0e673f9cec64
3faad3f73ff5f2c1
3fdaec8e3fb1cf0b
3f93549a3f85ec20
3ff57cfa3fc984e6
3ff6fe573fa38db4
3ff2308c3fb9a5e6
3fc2d70b3ffc3c12
3fce1c163fc0b7b4
3f8e80783fc58094
3f98c6fb3ff22747
3fb834b93f8eb5dc
3ff275ec3fe4c8fb
3f9078dc3fe408d5
3fdcae983f9b5ae7
3ff45fe03fe72370
3ffcaa763fa44519
3fcc886c3fc78231
3f81d2de3f882e1a
3fbecb7d3fcd968f
3f97f5e13fb7ff13
3fbd605b3f963ac4
3fd3031d3fc2aa64
3fab97d43fe18fe1
3f85a2bf3f8ac609
3f9e759e3ffba2fc
3f83851d3ff24e0a
3fef192c3fe02c6f
3f82c0623fc708fb
3f8582043fdbd79d
3fac62a33fcbcc29
3fa478fa3f8ccecd
3f8715db3fedd939
3ffe43943f88f506
3f89985d3f867b65
3fe144fc3f9b42ab
3fcfe90a3fbc9c38
3fdc48ae3fad93e4
3f96b4de3fa3c811
3fa4fbd63fc93c92
3fe6f5663ffc08ab
3fb8a1233fcc5a4b
3ff8d06d3fe8a2df
3fa0ee1b3f9d9c66
3fbf08f23f8677a2
3f99beda3f925d05
3fd743083fc3ce6a
3fb3fcdf3fec3841
3fe330f53f8968e7
3fb870f93f99c723
3faa9d383fd8ca19
3f9708e53fda6362
3fa0b7e43f80c5a2
3fb843143f8d4d4f
3f9f3d663f8da4b9
3fc87fae3f9c74ca
3fb05d503ff6cc4f
3f954c523fbaa9a9
3fb3ea363fab76f1
3fba66b33f934969
3f83888d3fa0800d
3fa3f25e3fbb637b
3fd1e1c33ff5c7ef
3f8689d73fe91b63
3fd882dd3fabd0bb
3fd0ab9f3fdc01d9
3fdd6b903f9562ba
3fc0b9f03fe6fa81
3ffc1ca93fb9c561
3fc3cd0e3fba8459
3fc5ea8f3f8c96ce
3f8df36f3fc7e813
3fd60c603fd4ae4b
3fb730c93ff19064
3f8d7b833fb27dfb
3f8748b33fc07b90
3fc411973fb7c8bd
3fd678763f95e063
3fd63d8b3f89e0d9
3ffecee23ffa8a58
3fb83c633f9d3b0a
3f9791be3fea33c1
3fa706363fc75e92
3fdb18253fe6e474
3fc344563fe48ce4
3fd17c493fec244d
3fe11c013f8d9961
3fad67173fcfc254
3fea2f2b3fb9e45a
3fff0b703f88a12c
3fe3a6823f8b90b5
3facef6d3fdb7254
3fb78d3f3fcda746
3f8ffb0e3f98f8c2
3fbde63a3fd6391d
3f86ec1e3f8cc241
3fb33d5e3ff6ed45
3f8b5f983fd8ba43
3fd2c7a03ff66684
3fbb76023fde15cd
3f9aeb9e3fac9fa3
3f971ce23ff2b9bd
3fbfe4473fefa8b6
3f86820a3fd70d13
3fe0516e3f9d038a
3fac1c843f92a533
3ff762873fc97108
3f8af4b13f812c43
3ff405063f91b2e3
3f98ebf33fa7d6b0
3fe6ab3d3fbd6803
3f9def2b3fb5e251
3fc07f3f3f80d8de
3fdbbd6b3ffa82ab
3feda5e23fbfb928
3f9f11013fc15411
3fe52eb03fb9f2dd
3ff70d6b3fe61c7b
3fd778213fb25ac4
3f9a95033fa23a5d
3f8489253fc7d28c
3ffe40da3fba55e4
3f82bdc43ff0a3f1
3f8ef9333fb7fd10
3fbdfce53fcfd0a8
3f8ff1623ffb0ef6
3fd71a213fb694b3
3fd95a163fb1586d
3ffa80073fa96736
3fc1d5cb3f902a6c
3fc72a103fbaab0e
3ff4b3d93fb47159
3fbdfa623fb94bf3
3ffe6cfc3fc55f76
3fb550913fcdfd58
3fd0d79d3fb59ea8
3f9fe9713fa61be5
3fe74f763f83f115
3fa4cdca3fb799f0
3f8e47513f8a91b1
3fa81fad3fa97029
3fa6c8463fbf98a0
3fc70be03faf5ed8
3fa923363f8506e9
3ff2ba4f3f94d535
3f8376b03fc0c3e7
3fe6d9653fe29444
3fa4cfea3fb43206
3fdeefbb3f9e2592
3ffd500d3f9f2fcb
3ff2fb723fbda5cb
3f8850223ff97a94
3fbf52793f825557
3fb5163f3fb1c6fd
3fc54f323fc2951c
3fb6a7ba3fd85f4c
3fb69c643fecf900
3fd967793fad06bf
3fef64eb3fff57a9
3fc9a1c53f9528c8
3fa8f4833f9925b9
3f88ff983f941e8b
3ff18a0f3fa66b3e
3fdde43b3ff4d45c
3fe148433fbe7a0d
3fa12b343f9d1b8b
3ff21a503ffbf5f9
3fe8ebf23f8e3923
3fc59df13f9cadc9
3fc550723faf61b1
3faccbed3fd41108
3fe39a6d3ff50062
3fb984753fb75d9b
3fb48ad33f87b8dc
3fbed00e3fb6da6d
3f9b095f3fa73b33
3ff56f3d3fe31db1
3fec36683fe82cb5
3fd3fd093fb0e091
3fa4ca423fb430c6
3f96a0a53f9aaf41
3fe55c763fe7c992
3f97e7f83fcbcd01
3fa0686b3fe2b982
3ff8d51a3fed6d32
3fffe7fb3f912ae4
3fd5c28a3fca3ee2
3fcadec33fd14c5c
3ff805673f95e153
3f90d4533fc2d606
3fbe9e6f3f9b968a
3f8c44ea3f85c34b
3fb435983fceacf5
3fea51f33feab8dd
3f9b46293fd91149
3fed87db3feba861
3f8ceadf3fc7709c
3ff7ed223f96a18e
3fb8a6153fe8287f
3f8dec8f3fbbc71f
3f819faa3ff7ac84
3f9bba873ff9e6e8
3fca16bf3fd10572
3fad53f03fe5c95e
3fe8a4ed3f95ec0e
3fccef6d3f8e996c
3fec95e43fab2876
3f8a8c063fae76e6
3fb94b1d3f9a60da
3fa6939b3fdf167b
3f8643c23fa895ba
3fa3a6003f9333fa
3fc2e7933f9047d7
3faf9b773fbe7b87
3fccde2b3f9b195f
3fd2133b3fc10fb5
3feee5bd3fa950e3
3fc21b003fe40372
3fb4196d3fabe81e
3fcd9bae3fd1af21
3f9b84be3f92f1b1
3fbecf203fa7f29c
3fec3c3f3fc1dfbd
3f90eb5f3fae875a
3fe737993f9ed3b5
3ffdeab83fbfe8f6
3ffbc0993f8043e7
3ff96f003fe683f3
3ffa988e3fa5d92f
3fe202f73fb09700
3f8f36003ffae19d
3fa54b033fa59caf
3fce9eac3f8fb2bf
3fad14e13fde5fd1
3fd4a6473fb4436d
3ffee4023fd31965
3ffc226b3ff0e554
3f98667f3f8a8fa2
3fb338e93fe7f3d3
3fd8848e3f9b8acb
3fa9ae193f97f027
3f9f75253fa7ac51
3fb8ebf13fbc5940
3fb592453fa361e0
3fa381b03f8225d5
3fdd32e63fe6b1c7
3fe49c633fc9b0bc
3fdfe3de3fff9b0a
3fce495d3f93bc28
3ff4989e3f8830a7
3fa4959c3fbec533
3f84890e3fcab1a2
3fef57d53f91fc77
3fb63ba93fbbb9a6
3f97d8033fc8d857
3ff27de43fc9ea5e
3fa39de33f8f3ff5
3fdd06003fe78f0b
3ff6cf463f85647a
3fd8837d3f872d84
3fb720573faadb07
3fcbd4853fbcff47
3fc398653fa3f205
3fa48cec3faa0fff
3ff7ee733f841af1
3f9a29323f86c2d9
3ffaa0f03fe94a55
3fbdd9dc3fd47944
3fc563193fed5371
3f8189513ff6f400
3f991b493fec5b2e
3ffc01b43fc27b50
3ffdb4053fb03861
3fd9296a3fe0d3a3
3fe62fd33fd2ef36
3f840abc3fd8a0c7
3fb77b703fd16c51
3fce0a963ffc1ce8
3fbf17473ffecf41
3fecac953ff26686
3fbacc7a3fe2bbf6
3fc0e6e13f87c486
3fa8444c3fe2e6bf
3ff553a23f8e07eb
3f8ff23c3fa4107d
3f8304c93ffe849e
3ff68fc23fb8f957
3fbcbfd03fd57908
3fbd06c03fa96be0
3fc798c43f879628
3fb3509e3fe51a66
3f8f23a93fbc4648
3fb665033ffe57a2
3fb143ad3fdda894
3fa412873fcd69df
3ffefc783fbd331d
3f84bd253ffddf08
3fed45be3f91ebbb
3fc90df43f95141f
3fe3ccf03f80f1ae
3f83999c3fb05c35
3f8da2b93fc1f63d
3fd241ef3fe65977
3fd028643fa75408
3fcf58c23f982079
3f9822723fd21229
3ffab2cd3f866da6
3fe353243fc3a6fd
3f88b2a43fefed46
3fb823f73fa2a2c9
3fcbaeb53f8b0c93
3f85aeab3fc6cace
3fe316793fd12852
3fc21e3f3fcd58cb
3fcebbd33f914b6a
3fcaffb83ff59d10
3f8ab73d3f871ef9
3f92cfee3f8398ae
3f83cc463f8223ae
3fc0366e3feef960
3fc86f9d3f8d9b92
3fca42623ff81bbe
3f8728bb3fcf31ab
3fc5ee873fb00a96
3fd54f813fc31e05
3fb21ba03fae3848
3f9fb0333fb12384
3f9de3aa3f885d44
3fcd62463fda56f4
3fb0a0363fc23e3d
3fa7353c3f9e0010
3f861d873fdc4dc5
3fafa4903fd03a8c
3fef4efb3faa4308
3f8166433ffe253c
3ffde7b63f839659
3f8acfa13fc2d927
3f96a8ad3fcb1a03
3fe30cf63ffeb71a
3fd9ab693fb725ae
3f9ac3ad3f9490c8
3fcc59f83fff9306
3f8da9273fe5a0cb
3fac90b73f90fadb
3ff104743ff516b9
3fcb88ae3fedbc38
3ff884373f9f6758
3fcee8a73fa7f456
3ff983933fee9364
3fe1f34a3ffdd14c
3faa351f3faf9bcf
3f925bdc3fa8278a
3ff823073fae223f
3fd424633febcd10
3ffd23bf3feae60f
3fdab7423fe55aee
3fe6a7cc3f8c787f
3fa761c83fa4ab2f
3fca78fe3fba4141
3f894a443fb9daf1
3fa819773fc3ffb8
3fa9634b3fa5d293
3f9c75633f9e4f5b
3feabe8d3f952078
3fe1b2843fde098a
3fa848643f9545ce
3f8d96513fe6bf65
3fada82a3fe16766
3fafe9773f896ec1
3fb7da293f8dc7e4
3fe25e1b3ff3a0f0
3f87211f3faed8f8
3fb2c3b03f82a22d
3fd56fa13fe50de5
3fdc90d93f88a569
3fc467d83fbc64c1
3fa79af93fe3a777
3f909fc03fb1dbc2
3fbc86c73ffffb85
3ffcdd7a3f8784e2
3fb6c1d53f9d7de4
3f9e78a23f816172
3fcb00593fa23eb0
3fa803643fb118c1
3f8d2d0d3fdc6684
3fcff2933fffe2ca
3f8155c53fd6a77a
3ff3c8213faeeade
3ffc789d3fdcc54e
3fbeed3d3f91a39d
3fad3f963fac14ca
3fdca24f3f9b2a21
3ffe0f653f995b61
3fa285ce3ffe02ea
3fcbc87f3fe3c94f
3fda37583fbb3946
3f93b1413faab493
3fd4d9dc3f9b5850
3fa31ea43fcd189a
3fa9dd173f86544c
3fcb89ed3f89f7c4
3fad4af63fec5499
3fcae5c23fb7a0b1
3ff0fe103f8ee663
3ffd2ed83ff9fdf7
3ff4e1e13fdd24c1
3feacb5b3fd5c76b
3f93ccf03fc54392
3fd273973ffd8e5f
3f8b443a3fbc5043
3fdd87283fd64fb3
3fab7a883fc62efc
3fb648d23ff0ee6e
3fdee6bb3fcfd7ce
3fceecc43fb8f9ff
3fd00b433f8852c9
3fd9651c3fe1a4c0
3febdaa13f8e1bd3
3fb479fd3ff13089
3f979ac03fec01ca
3fea2aab3faa9dc6
3fff576d3ffaea54
3fca50ce3fefec23
3fd1a6133fe116f9
3fe1a9683f93f2e5
3fe131593fb4f412
3fc1a0f93fcbc862
3f8c23813fe3b052
3fdefcf43f901404
3fab73793ffbdf79
3fff35de3fb783d9
3fc278943fd7608c
3ffba8733f943428
3fa5c41a3fb711c4
3f9a8e023fba3005
3fe6721a3f88b6fa
3f9083263fa72644
3f97522e3fa28ecd
3ff270a63fceef93
3fa6a50a3ff833c9
3ff40a473fa023bf
3fad80d93ff874ca
3fea2f733fe5c6e3
3fddeaf23f8edd5b
3f85c5d73fc81cd2
3fd799933fc52c65
3fc975de3facec3a
3f9feeca3f8f8596
3f9d9a573f80a648
3fcf45d23fc61ae1
3f8e0c3a3fcd76b0
3fff34a33ff4801b
3fe5e2ae3fb55925
3fec78633fd52627
3fe44cb13fc029f0
3fd965f93fa4cb9e
3fd2d1713f998a71
3f860f1d3f827203
3fc878173fe9b988
3fcbcb3a3fcdd44a
3ff08c1d3f943e24
3fe8cc0e3f8e4938
3fabe7433fe2b237
3f8c5a8e3ffb5982
3fcf52603fbcbd77
3fa724783fdeb18a
3f97748e3ffd8da0
3fa301ea3fa94dbb
3fdde1c63fde592d
3fdf17d73fd2ded0
3fd598603fd99e37
3fc3c7eb3fe5f203
3f8176e43f9fd086
3f938c653faa2784
3ff548403fb69bc0
3fca6d023fd1151f
3f83146f3fe7e63a
3fc50f3c3fad40c6
3ff6ee113fe5c7ac
3f97e47b3fedc579
3fbc6f083fa122e3
3fc427df3f9c14fd
3f8897433f974f0a
3f89d67c3fedf72a
3f9ea3f23fc707d7
3f9e1ee33f965dbe
3fcb7c9b3f8da514
3fa4edab3fcdce16
3fd293283ff7c04e
3f918ac93f8bb610
3fda05393ff2f2c9
3f90a0d93fbeb503
3fd44a0a3fd68d74
3fb79f863fd110fa
3fb2f1193fe2034a
3ff584b53fbba8be
3faa67d03f89f357
3f8aec363faca96a
3fc64ab43fc31beb
3f9d1d383fd3c1c6
3fdec4363fb44415
3fecf9663fa4b1d9
3fd3b2273ffaa6e5
3fed28913fe4b366
3fb4cf7e3fa53dc5
3fd715b13ff72c72
3f95fd7a3fda0db8
3fc726ae3fd0af1b
3fe681de3fb701d5
3ffc75473f954931
3fe5bbab3f9154a2
3fb049af3f8ff44e
3fb572253fce5c25
3f9855143fd929b4
3fdb14953f8aa718
3ffdf7633fb360ee
3f8ae3363fd47e7a
3fe5cf2c3ff39998
3fe6a8bb3fa5ed9f
3faceb733feba92b
3fb6f1f93f94c139
3f9d6eb83fa0493f
3fc8b1273f9ff78c
3fd9db6b3fe1d073
3f95151d3fcf4ce1
3f9e9bf73faff25f
3fd2d6e13fe5a927
3fca61133fa69dd2
3f937b903fc78056
3fb2b4da3fd32222
3fde28b93fbadfc6
3ffb1ea93ffd33af
3ffa0ae03f96edee
3facf3c93fb1f4f6
3f8dbb9a3f9ed5ad
3fc8bdcc3f80c680
3fcccf223fb9b046
3feeadf53fa0345b
3f82ae563fd267bb
3ff347573fa82868
3f9d8e2f3f932eb1
3fc45dc33fa5aa5b
3fdbf6ba3fdea9ff
3fcbd0b93fe60329
3fcae3293fbc1b54
3fc9bf753f8b6e25
3fc4332f3ffdeb71
3ff5da063f8c4175
3fffa01a3f818c87
3fe4071a3fc0b530
3fc5bc2d3f9e6f30
3f99f99c3fb222c9
3ff4890d3fc8c2ab
3fb4ee063fb77c47
3f93279c3fff1891
3fde64993fbbc3ab
3fc38e783f94f356
3ffff2f73faa1ae3
3ff428ff3f93e644
3fd0d4463f832d90
3ffd72de3fb699ab
3f8bb8bf3feb7114
3fc1edbf3fcb18ee
3fbf35343fc876c3
3facc2223fdb1288
3f9e3fda3f8e713a
3fc8d1c13fb091e8
3fa4c2ae3f95b92c
3fb4ffbb3fa73d20
3feac89e3fa5220a
3fb80e843fa3c936
3fab3f373f802c4d
3fbed4953fe4df76
3f9de74b3fe8da18
3fa775973f9560ee
3f9127b23fd5e687
3fc1c2943f9520f8
3fec8dc43fd6f271
3fbb74fd3faf5639
3fb977cf3fd1d7cc
3fe0faa43fc1af90
3fd846c83f888cc0
3fa6cafe3f91530d
3fce799f3ff215c4
3fda3e113f8647a4
3fbcf3333f9688f4
3fbcaf643fcf0920
3fef600c3ffd0061
3f92e9c63f862f87
3fed28f53fdf1c1b
3fd0c2ab3fab3232
3fde48b33fbe22d6
3fbbf3163f9e34c1
3fe5c24a3fc52412
3fac923c3fa11000
3f95e6d03f85cfc6
3fe4ccf43f8763be
3fafcf3b3fe7a930
3fbaddec3fef5fd4
3f8f343e3fcd86ff
3fdeacfe3ff1022d
3fc5be1c3fc0f59a
3ff647ba3f8fbb30
3f81c62d3ffccb94
3fb07c913fa2fad8
3fd0fe073fd41e21
3ffc9e583fd37c52
3ff0a9743ff1b90b
3f9eafcd3ff79530
3fe631ad3f8d15c4
3fae1e833fa3c73b
3f969d163fdc733d
3fd04aec3ff5d9eb
3fb2ff473fa320fd
3ff6fb733f82e967
3ff6dffc3fe4732e
3fd3c0c53fe20502
3fdd43283fee6d75
3fc9c07e3fa6e54b
3fe1a4df3fab1fad
3f9171643febd99e
3f9ac4f43fc6bd9f
3f82eb933f88174f
3fd208153ff8c32c
3f8e518d3ff11f00
3f9d5de33fa01ca0
3f89a5ce3fb14b8b
3fbb03933fa78f61
3fc191063fe61776
3f98e12b3f99793d
3fd279cf3fedb90f
3fa33acd3fffffdf
3fd7cd853ff3d909
3fd4a7af3fe5e064
3ff6f1a73fef82a6
3ff875743ff4fbd8
3fd3e97b3fcc5ea2
3feeae103fdfaf41
3ff57b343fd45abb
3ff360dc3fb4a136
3ffccd5d3fe14a47
3faf67223fed4fb0
3ff4b61d3f8947b9
3f9b550a3fd42180
3f9bb83c3fe49368
3fe237d63fb9405a
3f9f19593fd7ee63
3f96602a3faa4206
3fe130563fc272b0
3f883a513fb7e4c8
3fa29fb33fc8add4
3f9f13783ff86355
3fc1883c3fa0ceb2
3fe2d18a3fe6dc13
3fb971b53f9c81bf
3fe18f073f85bb24
3fd4c6823fd123e0
3f854dbe3fcba8bb
3fac4f4c3fbee016
3fb704363ffe4c8f
3fd42cd53f861cd6
3fcc5fca3fb58e37
3ff35b813fca6db2
3fa332633fdb498b
3ff9df8e3fbe64a3
3fa435073f93f299
3fe05d903fe2dd3c
3fcccae03fb89757
3f84d63b3fa31419
3ffba9f73f991c31
3fc00eda3fa60f49
3ffb3c753fc7585a
3f9c04013fcfa98c
3f9307e93fce9222
3fbd80db3ffb4324
3f86d2863f8a510d
3fcaafe43fb7fb50
3fbc1a733fad3933
3ff2f9f03fcfcd4f
3fb6b9a13f92addc
3ffa9ecd3faa1c78
3f995d713fb02206
3fe2497d3f979331
3fb8c62c3faabb1f
3fe44b113fa9c64e
3fb5a18a3ff19907
3fb8b3753ffdd647
3fd5a48d3ff2ed4e
3feb3c7b3fb5eb89
3fa3fe1e3fa9e143
3f836cbf3fd3856b
3fb916d33f9eeba3
3fdbe7453f863b5b
3fe7e3bb3ff16a06
3fadd0aa3fead10f
3fe716453fe70075
3febb62d3fa6ee88
3fe777633f8cad40
3f8cf7f63f8b72bc
3fe6b98d3f94a2e4
3f9100843f8f08b1
3f918f193fd34055
3f9db4c03fa764d1
3fc2fa7d3f92a16b
3fe2c3343fa443c7
3fb1df003fa81b9c
3fc6c90b3ffad4d2
3fbcfe3f3fe45e60
3fc9e4823fff0536
3feed7393ff8370e
3ff9843c3fffb479
3fb35c413fd5bcf7
3fdb07c73f9b3f31
3fad23243fdac57b
3fe1d11a3f9343e6
3fca1b3c3fe8ddca
3fd7ac7a3f86fdca
3ff9cc7b3fd549e8
3f9c774b3fd69256
3f92e1493fbba884
3fa451673fb24717
3fcba93a3f924b10
3fd5dd393ffbf2f6
3ffb60493fd42115
3fb519c23ffe22a0
3fd522dc3fa3880e
3ffd189e3fe16f3a
3fb3632c3fa01edc
3f9be0a13fd21690
3fb003313fa5a01e
3ff9cfaa3f92d2f6
3fcd2c973fc47f36
3fa977933fc33fdc
3f91de6a3fdd267a
3fe5ad153fa7ff1c
3fa144963fad39c3
3fb427623fc890f7
3fd6eaa13ff031af
3fc61c303fa23909
3f82319d3faea901
3ff319423fa387fc
3ff48bda3f834ad1
3fd184323fcb9565
3fa799f13fabaaa5
3f8c88753fcbb738
3fb333713fa17e25
3f90a4fc3fddc254
3fa576b63f8d2274
3fcacbe93fcfbbf4
3fb646913fba1927
3f8d9cc93fcb735a
3f802a763fa8c498
3f87c5783fb26248
3f9f762b3faaed1b
3fbc25a03ff59135
3fd83c4e3f82724d
3fde42bd3f9b4514
3fc2099e3fc38e36
3ff12f963fea6f90
3ff2bcc33fcea2ce
3ffb78f73fc7b104
3fc9a3703ff5aec9
3fe8b7023fcce06e
3faf0d463fa59131
3fa90d483ffe87a7
3fcb2d793f9e5868
3fa9f5bb3ffac416
3f93997d3fca940f
3fa8ba0e3fde5601
3fb228173fb76fcf
3fd01f8e3fb9d96a
3fbc02803f909cd5
3fffbaa33fea01b5
3fa1b3f43fd91151
3fc447f03faffeac
3fa418123ffe2139
3fc5094f3fffe338
3fee2f383fbdb9f5
3f8108ca3fd90044
3fb611c63f9b9f73
3f8d1f713ffbd5af
3fcf9e183f849ff7
3fda0e463faaeabc
3fa192c63f8ec8a4
3fe262943ff74b4b
3fc9cb813f9edaea
3fdb170e3fe0b929
3f88bbc23fb6270c
3fe8f47d3fd599f8
3f9eb9173f9a2947
3f87ea0d3fb359d4
3f9438523fe9a07d
3fd585bc3f92c8a5
3f955c0c3fcfb662
3fe408f43ff582b4
3fb026bc3fc0d4d2
3fc67fe13fb426eb
3fe210553fddd8dc
3fbad62d3ff894b9
3fe6a0963fdad07f
3fc188ea3f99367f
3f99bb5c3f87dc21
3ff23fd83f93299a
3fa4d22b3fd0e127
3f9b0eb73ffe343c
3ffca8fd3f9deaaa
3fb808b13fc4d562
3fe7226c3fe81dc1
3f812b5d3fab6ecc
3ffb6b563fec79a6
3ff403a43f8e4185
3fc74fb23fd93c9d
3fe2d18c3feea5ba
3fef920c3f971feb
3fb898103f90f3a3
3f90c8be3f952847
3fc67ce83fd974ca
3fda03673f9c7dc4
3fcab7cf3f85a4a8
3fc16dc53fc8296d
3fdb18783ffb8218
3fb107fc3fb6a4c5
3fc6156d3fcd62ce
3fb33d0c3feef8cf
3f8c19d93ff067b1
3fd423793ffa1dc3
3fa9957f3ffb4f3e
3fadaec93f8261e8
3fad9cc73fa5fe1c
3fd83be73fb8a02d
3faa7e873fc3f349
3ffa943c3fd41440
3fd5efe33ff1ed24
3fd69d973fd897f1
3fd406843f83513a
3ffd07ad3f947a8b
3f9dfeb83ff7663f
3ff03f3e3fbb610b
3fa370423f95359f
3fafd7fa3fb88458
3f89a3753fad11ae
3ff2d2e63fb86d33
3fc895d43fb6e0a4
3f860f193f8044a0
3f9422b73fcd7597
3f9420613fbe5091
3fe1b8383ff49a16
3feda5c93fd3ef08
3fb2e83b3fe7c79c
3fb04c0d3fd6667b
3fea713d3ffcf22c
3fa790913fd73907
3ffeac333fbcc694
3f8109853f832765
3f891d6e3fed6fda
3fbd9a423fff8686
3f9c68553fad178a
3ff35dca3fc2dfac
3fae9c603febb3df
3ff5cfba3fbeb56a
3ff526d63f91556c
3f9b063c3fb06ce3
3f8deb6a3fb20e8c
3f8004493f9ba66e
3f899f3e3fe31dd0
3f9575f13fb9c7cd
3fac020a3f9e21ac
3f9efb723f84ceba
3ff0e3593fd48050
3f9ab52a3fce43eb
3fd6f6a53fae25e5
3ff8d6423ff52ec7
3f9cdf383f997da9
3fce37c73ffc29e5
3fe759a93fb344ec
3fd8e5493fa9b5ed
3fc0176d3ff74a21
3fe522063fe57554
3f94790d3fc11226
3f91024e3fb68607
3f8967cf3fde9474
3fc7a5883fc80a93
3f9241b83f9daf06
3f835dae3f93ff51
3fe8a3a63fc246d3
3fdbc9693fbc0c20
3feb8c103fabd478
3fb756763fa5e63d
3fd945fe3fac27d5
3fb7c3af3fd3e120
3fae095c3fb0b0d6
3fe042f83f82b76a
3fd3b1d83fd56905
3fd413d03fde5e37
3fbbe5753fdb5e26
3fccbbec3fbb7360
3fcff5733fd75c95
3fe0d34a3fb7319c
3f9b03f93ffa5172
3f85593d3fc3b3fb
3ff5d1ca3fe20722
3fd8a5553fca50fa
3fdda1de3fcb7369
3fa315043ff6612a
3f8cfc9b3f87b050
3fe3f0933fb8572a
3fff9d943ffb316c
3fce6ff63fbf6970
3fc42a263fea00f7
3fa357143f803eb4
3fe6b32f3ff2aa7c
3fcab39f3ff80e7c
3faa7dad3fa9d4f2
3fa64e703fda55f2
3ff808533fca3cf0
3fe596123f84ed63
3fe521293fcda240
3f828ba73ff3c11f
3ffedcc83fe2ea83
3fb8550c3fe5a236
3fc587f23ff48b95
3fcd65d53f8799b9
3fa69bca3fe94a38
3febb0503f8d8eee
3f9d28d53fe7712e
3fbdb3213fe3b3a0
3ffd7b793fd46b0c
3f821d4c3fabbe13
3fb6dfb53f8d4fa4
3faedb8f3fe5805f
3fbf3dc73fd705ac
3ff372103feafde2
3ffa08183fa5d4a0
3fedfe6e3ff9f107
3f9d6edb3ff8467b
3ffc122a3fdb0996
3feb1e0c3ffc3285
3fb53c2e3fc1edb9
3ff2b0203fbfc1f0
3fe9e6cb3ff7ba17
3f86349f3fc1e5c6
3fe45c0c3ffe131b
3fbbc1f03fa5c301
3f84b0e73fbe130f
3fdc590c3f8b3b39
3faf01273f9e3ecd
3fee1d243f9ec3ea
3fe8a87b3f83bc89
3fede1b83fa954d2
3fe73fd03fd4121c
3fd210cc3fb2c39a
3fa5578e3fc722ef
3fa0b2053fe8a855
3f8720ff3fbb5294
3fc9c5653f81a1f9
3ff3b6693fb14e89
3f88b5b23fe582f1
3f8e571a3fdcebb8
3fc527fa3fbcfe72
3ff279333feda7a6
3fc783b53f836144
3fce65f93fc268db
3fb468e73fb97013
3fa399a73fae051b
3fc53dd93fa63bdd
3f9d675c3f996131
3fcf06ac3fd9ba25
3f9f3b1a3fdd5180
3fc6a8413ff4d699
3fe5569e3fd3799f
3ff6a5e43f82979e
3fc5ae573fd81c61
3fc116a43fe4c544
3fbbb14e3fdb4cfc
3fb4a3a83fda2ddf
3ff9e1bf3f831320
3ff084453fa8febf
3fc2c2773fe0085f
3ff282803fe1428b
3f9e79243facdb74
3fbfa1443fb7cad1
3f9b93143fcc0d9c
3ff0f5243f8ea29a
3fb7b13d3fde5861
3fec53033fc7a47b
3fe34fb93fea9c0f
3ff65da83fb258ff
3f827c3d3fb06484
3f89f6263fa07e49
3fb1ee593fdaf9bc
3fa222913fc80c0f
3f9fc67f3fddc628
3fdd58c33f9d9858
3fc59e783fb6589c
3f866dbb3f841c64
3febf1c33fd16b8f
3fba66853f94123d
3f99d31e3f9de44b
3fe3bf4d3f83dbd6
3f9b26c63fa7fae5
3f9ac2883fb53393
3fa2e1ad3f960829
3f94edbf3fe63233
3fe8580c3f8fdc7b
3fab88553fda0291
3fa588453fb804cb
3f81b15b3ff7a1cc
3fc60b303fffec6f
3f935a8e3fab18d8
3fc927e53fc7349f
3ffc5d3d3f8c06ea
3fc764db3fb7f5a7
3ff3e5e53f8ac6c0
3fee67ec3f8864c7
3fd77e7e3fe762cc
3fd5bc023fdd9cbe
3fa7d4083f9f77dc
3f9ec8fe3fed7e7b
3fe5be1d3fcb0f8c
3fe309c93fd96037
3fff48fd3fd4fe75
3f95fd0a3fc2eccf
3fb497193fd21e8f
3fab14b33fbc913f
3fea4fd13fcca805
3fc91b3e3f8ab0e1
3ff2209c3fe52ba0
3fd2ab1a3fb0c3f7
3fda2b0b3f8c544f
3fdfdeeb3fd85a0f
3f8e6de33ffde9e4
3fd03f783fc52e41
3fba63a33fd8912d
3fe8488c3fb2a35d
3fac17033f965d3c
3ff29ed33f9fc793
3ffaf6643f9850f2
3fb078013fad64ab
3f8192a73fc88d2b
3fa032213fad0520
3fd42add3fdc7497
3fc1e90b3fa4a891
3f88c0cc3f81060e
3fcdee4e3f8ed7d3
3fb824673fb973d8
3ffa3eec3fa04bc1
3fd464d43fae2752
3fc4d9f33f849d1a
3fc4bbeb3faede8d
3fc037a43ffcc6c0
3fc93b603fcab432
3fa526c83fb96192
3fdf41143fc3ea8f
3fc002e43f92d495
3fb8bfe93ff6608d
3fab22943ff05193
3f90d1e93f9cebbe
3f8f73df3ff91540
3fe100743f8b9e5c
3fb5b5953f87a189
3fbd102c3fa64530
3ffc17e13fae8af9
3fb863583fd85faa
3ff037b33fe05572
3ff93d9f3fe4a49c
3fc89d413fdfeffd
3fbf5e553fdc9ad3
3ff1dada3ffb8073
3fe03d5a3fb39c48
3fa954943fefcfd6
3f94bac43ffe6cd7
3ff986d73ffa4917
3fd202793fdbe7ce
3f973a4d3ffc7561
3f9da9c93fd1859f
3f9b52d13f8071e0
3f9c06a33f869c6d
3faa77c03facff48
3fcb6ef63fdd484e
3fe5ee973fa17463
3fd438813fc66f27
3fe90e213fc464d0
3fb22ac63fabbae6
3fe3c8583f858164
3ff7b3383fed7d82
3f8473d13ff37e3c
3fe6bc743f9f72c7
3ffb7d2c3f8ab37b
3fecd2133fb65aea
3fb90c393fdc0a0f
3f90997e3fdf6404
3f9954503fdd5419
3fead0f73fc9c158
3fe1442a3fd6316f
3ffa4a173fec7cfc
3f91c21c3f8c1335
3fbd49433fdf2b8d
3f9c69493fab4239
3f9cdc9d3f9b5ad7
3fe5184b3fd6b01c
3ffbcc923fc54d0e
3ff1d77a3fee3f55
3fdcd6c93fb3af35
3fe6af843fd2afbe
3fd2a3273fd01cab
3fe6792d3fa191e3
3faff5b33ff90155
3fa869083f89d39d
3f847c063f8aae88
3f8000c63fb1f3ba
3fdce0663ffe92a2
3fc93a2b3f9bf4f4
3fc10fea3ff2ab1a
3fb34de23ff04967
3fb783463fa8f2a0
3fce9c3d3ffae0a9
3f859eba3f953308
3f8f456b3fe62956
3fbb19023fd5d29b
3f8a56cf3f9b2a1c
3fe983023fc0ade3
3ff297673fc88b87
3f9896133f96df39
3fe013643fd628f6
3f8463933f95e94d
3f8a346c3faa72e7
3fdfbf913fdfdf73
3fac427b3feeef57
3fb811623fcb4927
3fcd48223fbbeb49
3f9e51803fdc8b4f
3fe259793f89ceab
3fa322063febda25
3f800b493ff10528
3fff57c13fba784f
3fe38ce13fc0b973
3f93e9ee3fcc002a
3fefa4ab3fca9ecd
3f8593a53fc5feba
3f83d9043fe17c43
3ffc3b383f95f01e
3f9a96b43fe4326a
3f9f8e923fe65f2a
3fd45e7d3fa65478
3faea60c3fee1e1a
3f9b1be53f869b8e
3f8d09833ff47a99
3fa1bcb43fa6b70e
3fc289a93fb88a15
3fe6d67c3ffc6cd0
3ff065ee3fdf1cc8
3fde04763feabf95
3fae4da03fd7f5a2
3fe7c8683fa4c576
3fca60d83fdc9da5
3faf09bd3f9a5fe1
3f88599d3ff34ea1
3fac96ab3f821646
3fa95e823fc29197
3f935df83f8048e1
3fe95f8c3f8521a8
3ffa99aa3f9206b2
3fc5aad33fb87e36
3fa0b7f13f9e117b
3fff212a3fad0e2c
3f83ed283ff9b284
3fd66ff03f8cda2d
3faa97b73fa89200
3fbc5c263fae9bd1
3f9a008f3f80fe7a
3f84df903f929c6e
3fcceb823fd3e0ee
3fb173963faa8391
3fe8155d3febd730
3ff8d2f83feb693a
3ff1b9b83fee3ea4
3fdc35d93f9687ac
3feb1cff3fc8daae
3fb8ab9a3f85cf87
3fa922e33ffeae63
3fa644533f9516a2
3ffd70d13f9d2171
3fcbf6813fe61d44
3fd312773fd3cbdc
3f933dd23f9b6885
3fc709633fa6533d
3fb6b1603f9257da
3fb994233fb72e9e
3fac8a983fcd1e79
3fea3a293faa4c2a
3fca11623fdb9b35
3f8892b13fe41e6e
3faddf003fab9430
3fac7b843fae9ce7
3fd992eb3f8b8602
3ffad6203fa5c5a3
3f95409c3fbf6ae2
3fee51a23fbce41d
3fc705eb3f861a29
3f9efc693ff5a92e
3ff2c98b3fa0d167
3fb658293fa8305e
3fff36323fb4a391
3f91aa0e3f9ed8a8
3fb60fb53fbded2f
3fc94bb03ffa4470
3fc291223f832a39
3fd44f063f82fd61
3fafbf413f8fc85c
3fe4c7413fc444db
3fdd06c13f832f8d
3f9039fb3fe861b1
3ffa88993faaa0d3
3fe75f543fdb9766
3ffdf0c13f863807
3fbcb5113fa5a763
3faa8a353fa2463c
3fa18e263f876eee
3fd8f4513fdb4175
3fa07eb43fa0f9fc
3f85dadd3fe5dfdb
3fbc87b83fbba248
3f8debda3fee6bf9
3f8ce4de3feee150
3f9280223fa1da88
3fe9bdf63ff371ad
3fadf8ed3fb92b8c
3f87c6613fc2fafc
3ff9cb363fe0fcef
3ff08d833fb64d2a
3f9911083fe4abb2
3f87670a3f83d4a1
3f8e95903fa75720
3faa211f3fb1e852
3fb2d1af3fa1fe40
3fda9d693f9cfb7b
3f9620cc3ffe3620
3fd097383f981227
3fb1ab873fd67a42
3fe5b17c3fa7f7c3
3fa667283f80d233
3fc4285f3fd99f59
3fd9edb03fb9af1a
3ff6a6113ff71fc7
3fc78b6d3fe37ab1
3fbc09423ffd3f94
3fe1cb4e3f93985f
3fb782233f90b290
3ff0658b3f885dc1
3f9a69733feb2d46
3fb8b9133fdbf1a3
3fffc9d23ff13333
3fb13fa33fbd76c2
3f97b48f3f992dc9
3fe076c23fc38ff5
3fabe66e3f922bd5
3f9e4bea3fc33cf1
3f9ea3033fef1082
3f81014e3fc6578a
3ff0b4f53fc7412c
3fb1b64e3fd3dbd6
3fbc6e523fa3045f
3f9e55173f8cedd0
3fe114d23f9595e4
3feebd043fcd617a
3f8f52263fc16741
3ffe58f73fabfb51
3fc5e3723f92ab3b
3fc249663f99e9da
3f9723403f853896
3fc51cc23fbb26aa
3fac3f053fab507c
3f84140a3ff189bf
3fd345e23f89418f
3fcd03083f8fd7c3
3fc5cf203f94c514
3fc633833f94a822
3fa1aa6e3ff130b4
3fd27e213ff55596
3fa0f6fd3ff61610
3ff74b3a3f9d13a3
3f94cd9e3f8a4c2f
3feaa5343fc73717
3fc7a8cd3f868c32
3fa4e4193febeabf
3fc3651a3f96bbcc
3feca3cd3ff43043
3fd898a33fa9e84d
3ff4346c3f9f42c6
3fc3ca4e3fcdde4c
3fb656e03f8f6603
3fcd84253f96b6ab
3fa7a8333fff4800
3fd16fe93f9e3f00
3fb7830a3fd2a343
3faece5d3fb6936d
3ffda85b3f83079c
3fa6e2ef3facbac3
3fa57b2f3fb34f07
3fc479293fac446b
3ff7dcf43fe58f30
3fcea7db3fbf8efe
3f8174d43ff925dd
3f9451073fbe6cfe
3fe4fbe03fea4740
3fa4a9733fabc8f8
3fb532da3f93b3ff
3fd535b43f955fc0
3fbcfd923f942a75
3fce31363fca26df
3f9f67ee3f8fb89f
3fbdf00e3f9641df
3ff0f6e73fd9ea70
3fe1db953f90fb35
3fd655383fe830af
3fa8c2bc3f95717f
3fd9c4623fd369b4
3fb1f1d83f808be8
3faf0faa3f92cc70
3febc72e3f8af924
3fb383f83ffb6bef
3fe5d1353fa085d9
3fd6751c3f8f9ef8
3fa5b01a3fc30290
3f834b513fc6424f
3fce79a63fc0e168
3fbe478e3fb6728d
3f870f593fbfa78e
3fafd7a53fb71c4a
3fc9275c3fcf39cc
3f93911f3fb98392
3fe86b983fe20f2e
3fe8d8383fadf349
3fef8fa73ff203c2
3ffb92133f9d8c29
3f8951fc3fbe0433
3feebc523fe3d316
3fb5ca753ff29372
3fa789333ff76eb0
3fe300c63fb933e8
3fa269c23fc0be6b
3fe548903ff564ab
3fedbda13fcded7e
3fad05d63fb49d00
3fbb08b93fcc0f1d
3fa895863ffab796
3ff5b8323fde2dda
3fc8cb873fc198c3
3fd374c33fa747e4
3fb1856a3ffa3e64
3fbdd17e3f837740
3f8cf85f3fccb159
3fed6f813fdd6a75
3f8ffbd93f902729
3fb8d58e3fcadaa2
3fe397b33f9cd766
3f9a20763feecda4
3f80631d3f91bc0c
3fff497d3f9d978e
3fdcd05e3fa985bb
3fb0c21c3f8d8977
3f8fdb613ffc5cda
3fc8cd653ffc356e
3ff3e46c3f984c97
3f9cf0553fe2f08e
3fb382403fd58a8e
3fbd729b3ff12091
3fd9c5143ff55190
3fef4bb73fd5ca81
3fe6f3103ffed85c
3fb38d283f886baf
3fecac093fe0bacc
3fdc24723fdbae12
3fbaa5a33fd3c583
3f82b3743f94c296
3fd0e5a53f9023d8
3fa6a9123f80ef06
3ffd418d3fe274cc
3fb323bd3f810841
3f87f9273fed2eee
3fc36ccc3fc65790
3fa06cfa3fe0ca2b
3fb894053ffe79d6
3fdfa5143feacd62
3fb355633f93409a
3fddb6de3ff0c6bd
3fcbb32a3f8c2c85
3fe480c53fd1393f
3fc5957b3fc576c2
3fdcd99a3fec2001
3fdf77dc3fa29d22
3fcfca0d3fcea6f4
3f99da873ff7715e
3fa7e4323f904e6c
3fbfe1553fab0d6d
3fc03a0c3fdb5987
3fff2a123f84afa8
3fb536103fe37cb0
3fcd23f03fc5c484
3f8c64713f991ba9
3fb1f73a3fcbd70a
3fbfaf0c3fb98c40
3fc110e63fd076cf
3f8000003f800000
3f8000003f8f8000
3f8000003f9f0000
3f8000003fae8000
3f8000003fbe0000
3f8000003fcd8000
3f8000003fdd0000
3f8000003fec8000
3f8000003ffc0000
3f8080003f8b8000
3f8080003f9b0000
3f8080003faa8000
3f8080003fba0000
3f8080003fc98000
3f8080003fd90000
3f8080003fe88000
3f8080003ff80000
3f8100003f878000
3f8100003f970000
3f8100003fa68000
3f8100003fb60000
3f8100003fc58000
3f8100003fd50000
3f8100003fe48000
3f8100003ff40000
3f8180003f838000
3f8180003f930000
3f8180003fa28000
3f8180003fb20000
3f8180003fc18000
3f8180003fd10000
3f8180003fe08000
3f8180003ff00000
3f8180003fff8000
3f8200003f8f0000
3f8200003f9e8000
3f8200003fae0000
3f8200003fbd8000
3f8200003fcd0000
3f8200003fdc8000
3f8200003fec0000
3f8200003ffb8000
3f8280003f8b0000
3f8280003f9a8000
3f8280003faa0000
3f8280003fb98000
3f8280003fc90000
3f8280003fd88000
3f8280003fe80000
3f8280003ff78000
3f8300003f870000
3f8300003f968000
3f8300003fa60000
3f8300003fb58000
3f8300003fc50000
3f8300003fd48000
3f8300003fe40000
3f8300003ff38000
3f8380003f830000
3f8380003f928000
3f8380003fa20000
3f8380003fb18000
3f8380003fc10000
3f8380003fd08000
3f8380003fe00000
3f8380003fef8000
3f8380003fff0000
3f8400003f8e8000
3f8400003f9e0000
3f8400003fad8000
3f8400003fbd0000
3f8400003fcc8000
3f8400003fdc0000
3f8400003feb8000
3f8400003ffb0000
3f8480003f8a8000
3f8480003f9a0000
3f8480003fa98000
3f8480003fb90000
3f8480003fc88000
3f8480003fd80000
3f8480003fe78000
3f8480003ff70000
3f8500003f868000
3f8500003f960000
3f8500003fa58000
3f8500003fb50000
3f8500003fc48000
3f8500003fd40000
3f8500003fe38000
3f8500003ff30000
3f8580003f828000
3f8580003f920000
3f8580003fa18000
3f8580003fb10000
3f8580003fc08000
3f8580003fd00000
3f8580003fdf8000
3f8580003fef0000
3f8580003ffe8000
3f8600003f8e0000
3f8600003f9d8000
3f8600003fad0000
3f8600003fbc8000
3f8600003fcc0000
3f8600003fdb8000
3f8600003feb0000
3f8600003ffa8000
3f8680003f8a0000
3f8680003f998000
3f8680003fa90000
3f8680003fb88000
3f8680003fc80000
3f8680003fd78000
3f8680003fe70000
3f8680003ff68000
3f8700003f860000
3f8700003f958000
3f8700003fa50000
3f8700003fb48000
3f8700003fc40000
3f8700003fd38000
3f8700003fe30000
3f8700003ff28000
3f8780003f820000
3f8780003f918000
3f8780003fa10000
3f8780003fb08000
3f8780003fc00000
3f8780003fcf8000
3f8780003fdf0000
3f8780003fee8000
3f8780003ffe0000
3f8800003f8d8000
3f8800003f9d0000
3f8800003fac8000
3f8800003fbc0000
3f8800003fcb8000
3f8800003fdb0000
3f8800003fea8000
3f8800003ffa0000
3f8880003f898000
3f8880003f990000
3f8880003fa88000
3f8880003fb80000
3f8880003fc78000
3f8880003fd70000
3f8880003fe68000
3f8880003ff60000
3f8900003f858000
3f8900003f950000
3f8900003fa48000
3f8900003fb40000
3f8900003fc38000
3f8900003fd30000
3f8900003fe28000
3f8900003ff20000
3f8980003f818000
3f8980003f910000
3f8980003fa08000
3f8980003fb00000
3f8980003fbf8000
3f8980003fcf0000
3f8980003fde8000
3f8980003fee0000
3f8980003ffd8000
3f8a00003f8d0000
3f8a00003f9c8000
3f8a00003fac0000
3f8a00003fbb8000
3f8a00003fcb0000
3f8a00003fda8000
3f8a00003fea0000
3f8a00003ff98000
3f8a80003f890000
3f8a80003f988000
3f8a80003fa80000
3f8a80003fb78000
3f8a80003fc70000
3f8a80003fd68000
3f8a80003fe60000
3f8a80003ff58000
3f8b00003f850000
3f8b00003f948000
3f8b00003fa40000
3f8b00003fb38000
3f8b00003fc30000
3f8b00003fd28000
3f8b00003fe20000
3f8b00003ff18000
3f8b80003f810000
3f8b80003f908000
3f8b80003fa00000
3f8b80003faf8000
3f8b80003fbf0000
3f8b80003fce8000
3f8b80003fde0000
3f8b80003fed8000
3f8b80003ffd0000
3f8c00003f8c8000
3f8c00003f9c0000
3f8c00003fab8000
3f8c00003fbb0000
3f8c00003fca8000
3f8c00003fda0000
3f8c00003fe98000
3f8c00003ff90000
3f8c80003f888000
3f8c80003f980000
3f8c80003fa78000
3f8c80003fb70000
3f8c80003fc68000
3f8c80003fd60000
3f8c80003fe58000
3f8c80003ff50000
3f8d00003f848000
3f8d00003f940000
3f8d00003fa38000
3f8d00003fb30000
3f8d00003fc28000
3f8d00003fd20000
3f8d00003fe18000
3f8d00003ff10000
3f8d80003f808000
3f8d80003f900000
3f8d80003f9f8000
3f8d80003faf0000
3f8d80003fbe8000
3f8d80003fce0000
3f8d80003fdd8000
3f8d80003fed0000
3f8d80003ffc8000
3f8e00003f8c0000
3f8e00003f9b8000
3f8e00003fab0000
3f8e00003fba8000
3f8e00003fca0000
3f8e00003fd98000
3f8e00003fe90000
3f8e00003ff88000
3f8e80003f880000
3f8e80003f978000
3f8e80003fa70000
3f8e80003fb68000
3f8e80003fc60000
3f8e80003fd58000
3f8e80003fe50000
3f8e80003ff48000
3f8f00003f840000
3f8f00003f938000
3f8f00003fa30000
3f8f00003fb28000
3f8f00003fc20000
3f8f00003fd18000
3f8f00003fe10000
3f8f00003ff08000
3f8f80003f800000
3f8f80003f8f8000
3f8f80003f9f0000
3f8f80003fae8000
3f8f80003fbe0000
3f8f80003fcd8000
3f8f80003fdd0000
3f8f80003fec8000
3f8f80003ffc0000
3f9000003f8b8000
3f9000003f9b0000
3f9000003faa8000
3f9000003fba0000
3f9000003fc98000
3f9000003fd90000
3f9000003fe88000
3f9000003ff80000
3f9080003f878000
3f9080003f970000
3f9080003fa68000
3f9080003fb60000
3f9080003fc58000
3f9080003fd50000
3f9080003fe48000
3f9080003ff40000
3f9100003f838000
3f9100003f930000
3f9100003fa28000
3f9100003fb20000
3f9100003fc18000
3f9100003fd10000
3f9100003fe08000
3f9100003ff00000
3f9100003fff8000
3f9180003f8f0000
3f9180003f9e8000
3f9180003fae0000
3f9180003fbd8000
3f9180003fcd0000
3f9180003fdc8000
3f9180003fec0000
3f9180003ffb8000
3f9200003f8b0000
3f9200003f9a8000
3f9200003faa0000
3f9200003fb98000
3f9200003fc90000
3f9200003fd88000
3f9200003fe80000
3f9200003ff78000
3f9280003f870000
3f9280003f968000
3f9280003fa60000
3f9280003fb58000
3f9280003fc50000
3f9280003fd48000
3f9280003fe40000
3f9280003ff38000
3f9300003f830000
3f9300003f928000
3f9300003fa20000
3f9300003fb18000
3f9300003fc10000
3f9300003fd08000
3f9300003fe00000
3f9300003fef8000
3f9300003fff0000
3f9380003f8e8000
3f9380003f9e0000
3f9380003fad8000
3f9380003fbd0000
3f9380003fcc8000
3f9380003fdc0000
3f9380003feb8000
3f9380003ffb0000
3f9400003f8a8000
3f9400003f9a0000
3f9400003fa98000
3f9400003fb90000
3f9400003fc88000
3f9400003fd80000
3f9400003fe78000
3f9400003ff70000
3f9480003f868000
3f9480003f960000
3f9480003fa58000
3f9480003fb50000
3f9480003fc48000
3f9480003fd40000
3f9480003fe38000
3f9480003ff30000
3f9500003f828000
3f9500003f920000
3f9500003fa18000
3f9500003fb10000
3f9500003fc08000
3f9500003fd00000
3f9500003fdf8000
3f9500003fef0000
3f9500003ffe8000
3f9580003f8e0000
3f9580003f9d8000
3f9580003fad0000
3f9580003fbc8000
3f9580003fcc0000
3f9580003fdb8000
3f9580003feb0000
3f9580003ffa8000
3f9600003f8a0000
3f9600003f998000
3f9600003fa90000
3f9600003fb88000
3f9600003fc80000
3f9600003fd78000
3f9600003fe70000
3f9600003ff68000
3f9680003f860000
3f9680003f958000
3f9680003fa50000
3f9680003fb48000
3f9680003fc40000
3f9680003fd38000
3f9680003fe30000
3f9680003ff28000
3f9700003f820000
3f9700003f918000
3f9700003fa10000
3f9700003fb08000
3f9700003fc00000
3f9700003fcf8000
3f9700003fdf0000
3f9700003fee8000
3f9700003ffe0000
3f9780003f8d8000
3f9780003f9d0000
3f9780003fac8000
3f9780003fbc0000
3f9780003fcb8000
3f9780003fdb0000
3f9780003fea8000
3f9780003ffa0000
3f9800003f898000
3f9800003f990000
3f9800003fa88000
3f9800003fb80000
3f9800003fc78000
3f9800003fd70000
3f9800003fe68000
3f9800003ff60000
3f9880003f858000
3f9880003f950000
3f9880003fa48000
3f9880003fb40000
3f9880003fc38000
3f9880003fd30000
3f9880003fe28000
3f9880003ff20000
3f9900003f818000
3f9900003f910000
3f9900003fa08000
3f9900003fb00000
3f9900003fbf8000
3f9900003fcf0000
3f9900003fde8000
3f9900003fee0000
3f9900003ffd8000
3f9980003f8d0000
3f9980003f9c8000
3f9980003fac0000
3f9980003fbb8000
3f9980003fcb0000
3f9980003fda8000
3f9980003fea0000
3f9980003ff98000
3f9a00003f890000
3f9a00003f988000
3f9a00003fa80000
3f9a00003fb78000
3f9a00003fc70000
3f9a00003fd68000
3f9a00003fe60000
3f9a00003ff58000
3f9a80003f850000
3f9a80003f948000
3f9a80003fa40000
3f9a80003fb38000
3f9a80003fc30000
3f9a80003fd28000
3f9a80003fe20000
3f9a80003ff18000
3f9b00003f810000
3f9b00003f908000
3f9b00003fa00000
3f9b00003faf8000
3f9b00003fbf0000
3f9b00003fce8000
3f9b00003fde0000
3f9b00003fed8000
3f9b00003ffd0000
3f9b80003f8c8000
3f9b80003f9c0000
3f9b80003fab8000
3f9b80003fbb0000
3f9b80003fca8000
3f9b80003fda0000
3f9b80003fe98000
3f9b80003ff90000
3f9c00003f888000
3f9c00003f980000
3f9c00003fa78000
3f9c00003fb70000
3f9c00003fc68000
3f9c00003fd60000
3f9c00003fe58000
3f9c00003ff50000
3f9c80003f848000
3f9c80003f940000
3f9c80003fa38000
3f9c80003fb30000
3f9c80003fc28000
3f9c80003fd20000
3f9c80003fe18000
3f9c80003ff10000
3f9d00003f808000
3f9d00003f900000
3f9d00003f9f8000
3f9d00003faf0000
3f9d00003fbe8000
3f9d00003fce0000
3f9d00003fdd8000
3f9d00003fed0000
3f9d00003ffc8000
3f9d80003f8c0000
3f9d80003f9b8000
3f9d80003fab0000
3f9d80003fba8000
3f9d80003fca0000
3f9d80003fd98000
3f9d80003fe90000
3f9d80003ff88000
3f9e00003f880000
3f9e00003f978000
3f9e00003fa70000
3f9e00003fb68000
3f9e00003fc60000
3f9e00003fd58000
3f9e00003fe50000
3f9e00003ff48000
3f9e80003f840000
3f9e80003f938000
3f9e80003fa30000
3f9e80003fb28000
3f9e80003fc20000
3f9e80003fd18000
3f9e80003fe10000
3f9e80003ff08000
3f9f00003f800000
3f9f00003f8f8000
3f9f00003f9f0000
3f9f00003fae8000
3f9f00003fbe0000
3f9f00003fcd8000
3f9f00003fdd0000
3f9f00003fec8000
3f9f00003ffc0000
3f9f80003f8b8000
3f9f80003f9b0000
3f9f80003faa8000
3f9f80003fba0000
3f9f80003fc98000
3f9f80003fd90000
3f9f80003fe88000
3f9f80003ff80000
3fa000003f878000
3fa000003f970000
3fa000003fa68000
3fa000003fb60000
3fa000003fc58000
3fa000003fd50000
3fa000003fe48000
3fa000003ff40000
3fa080003f838000
3fa080003f930000
3fa080003fa28000
3fa080003fb20000
3fa080003fc18000
3fa080003fd10000
3fa080003fe08000
3fa080003ff00000
3fa080003fff8000
3fa100003f8f0000
3fa100003f9e8000
3fa100003fae0000
3fa100003fbd8000
3fa100003fcd0000
3fa100003fdc8000
3fa100003fec0000
3fa100003ffb8000
3fa180003f8b0000
3fa180003f9a8000
3fa180003faa0000
3fa180003fb98000
3fa180003fc90000
3fa180003fd88000
3fa180003fe80000
3fa180003ff78000
3fa200003f870000
3fa200003f968000
3fa200003fa60000
3fa200003fb58000
3fa200003fc50000
3fa200003fd48000
3fa200003fe40000
3fa200003ff38000
3fa280003f830000
3fa280003f928000
3fa280003fa20000
3fa280003fb18000
3fa280003fc10000
3fa280003fd08000
3fa280003fe00000
3fa280003fef8000
3fa280003fff0000
3fa300003f8e8000
3fa300003f9e0000
3fa300003fad8000
3fa300003fbd0000
3fa300003fcc8000
3fa300003fdc0000
3fa300003feb8000
3fa300003ffb0000
3fa380003f8a8000
3fa380003f9a0000
3fa380003fa98000
3fa380003fb90000
3fa380003fc88000
3fa380003fd80000
3fa380003fe78000
3fa380003ff70000
3fa400003f868000
3fa400003f960000
3fa400003fa58000
3fa400003fb50000
3fa400003fc48000
3fa400003fd40000
3fa400003fe38000
3fa400003ff30000
3fa480003f828000
3fa480003f920000
3fa480003fa18000
3fa480003fb10000
3fa480003fc08000
3fa480003fd00000
3fa480003fdf8000
3fa480003fef0000
3fa480003ffe8000
3fa500003f8e0000
3fa500003f9d8000
3fa500003fad0000
3fa500003fbc8000
3fa500003fcc0000
3fa500003fdb8000
3fa500003feb0000
3fa500003ffa8000
3fa580003f8a0000
3fa580003f998000
3fa580003fa90000
3fa580003fb88000
3fa580003fc80000
3fa580003fd78000
3fa580003fe70000
3fa580003ff68000
3fa600003f860000
3fa600003f958000
3fa600003fa50000
3fa600003fb48000
3fa600003fc40000
3fa600003fd38000
3fa600003fe30000
3fa600003ff28000
3fa680003f820000
3fa680003f918000
3fa680003fa10000
3fa680003fb08000
3fa680003fc00000
3fa680003fcf8000
3fa680003fdf0000
3fa680003fee8000
3fa680003ffe0000
3fa700003f8d8000
3fa700003f9d0000
3fa700003fac8000
3fa700003fbc0000
3fa700003fcb8000
3fa700003fdb0000
3fa700003fea8000
3fa700003ffa0000
3fa780003f898000
3fa780003f990000
3fa780003fa88000
3fa780003fb80000
3fa780003fc78000
3fa780003fd70000
3fa780003fe68000
3fa780003ff60000
3fa800003f858000
3fa800003f950000
3fa800003fa48000
3fa800003fb40000
3fa800003fc38000
3fa800003fd30000
3fa800003fe28000
3fa800003ff20000
3fa880003f818000
3fa880003f910000
3fa880003fa08000
3fa880003fb00000
3fa880003fbf8000
3fa880003fcf0000
3fa880003fde8000
3fa880003fee0000
3fa880003ffd8000
3fa900003f8d0000
3fa900003f9c8000
3fa900003fac0000
3fa900003fbb8000
3fa900003fcb0000
3fa900003fda8000
3fa900003fea0000
3fa900003ff98000
3fa980003f890000
3fa980003f988000
3fa980003fa80000
3fa980003fb78000
3fa980003fc70000
3fa980003fd68000
3fa980003fe60000
3fa980003ff58000
3faa00003f850000
3faa00003f948000
3faa00003fa40000
3faa00003fb38000
3faa00003fc30000
3faa00003fd28000
3faa00003fe20000
3faa00003ff18000
3faa80003f810000
3faa80003f908000
3faa80003fa00000
3faa80003faf8000
3faa80003fbf0000
3faa80003fce8000
3faa80003fde0000
3faa80003fed8000
3faa80003ffd0000
3fab00003f8c8000
3fab00003f9c0000
3fab00003fab8000
3fab00003fbb0000
3fab00003fca8000
3fab00003fda0000
3fab00003fe98000
3fab00003ff90000
3fab80003f888000
3fab80003f980000
3fab80003fa78000
3fab80003fb70000
3fab80003fc68000
3fab80003fd60000
3fab80003fe58000
3fab80003ff50000
3fac00003f848000
3fac00003f940000
3fac00003fa38000
3fac00003fb30000
3fac00003fc28000
3fac00003fd20000
3fac00003fe18000
3fac00003ff10000
3fac80003f808000
3fac80003f900000
3fac80003f9f8000
3fac80003faf0000
3fac80003fbe8000
3fac80003fce0000
3fac80003fdd8000
3fac80003fed0000
3fac80003ffc8000
3fad00003f8c0000
3fad00003f9b8000
3fad00003fab0000
3fad00003fba8000
3fad00003fca0000
3fad00003fd98000
3fad00003fe90000
3fad00003ff88000
3fad80003f880000
3fad80003f978000
3fad80003fa70000
3fad80003fb68000
3fad80003fc60000
3fad80003fd58000
3fad80003fe50000
3fad80003ff48000
3fae00003f840000
3fae00003f938000
3fae00003fa30000
3fae00003fb28000
3fae00003fc20000
3fae00003fd18000
3fae00003fe10000
3fae00003ff08000
3fae80003f800000
3fae80003f8f8000
3fae80003f9f0000
3fae80003fae8000
3fae80003fbe0000
3fae80003fcd8000
3fae80003fdd0000
3fae80003fec8000
3fae80003ffc0000
3faf00003f8b8000
3faf00003f9b0000
3faf00003faa8000
3faf00003fba0000
3faf00003fc98000
3faf00003fd90000
3faf00003fe88000
3faf00003ff80000
3faf80003f878000
3faf80003f970000
3faf80003fa68000
3faf80003fb60000
3faf80003fc58000
3faf80003fd50000
3faf80003fe48000
3faf80003ff40000
3fb000003f838000
3fb000003f930000
3fb000003fa28000
3fb000003fb20000
3fb000003fc18000
3fb000003fd10000
3fb000003fe08000
3fb000003ff00000
3fb000003fff8000
3fb080003f8f0000
3fb080003f9e8000
3fb080003fae0000
3fb080003fbd8000
3fb080003fcd0000
3fb080003fdc8000
3fb080003fec0000
3fb080003ffb8000
3fb100003f8b0000
3fb100003f9a8000
3fb100003faa0000
3fb100003fb98000
3fb100003fc90000
3fb100003fd88000
3fb100003fe80000
3fb100003ff78000
3fb180003f870000
3fb180003f968000
3fb180003fa60000
3fb180003fb58000
3fb180003fc50000
3fb180003fd48000
3fb180003fe40000
3fb180003ff38000
3fb200003f830000
3fb200003f928000
3fb200003fa20000
3fb200003fb18000
3fb200003fc10000
3fb200003fd08000
3fb200003fe00000
3fb200003fef8000
3fb200003fff0000
3fb280003f8e8000
3fb280003f9e0000
3fb280003fad8000
3fb280003fbd0000
3fb280003fcc8000
3fb280003fdc0000
3fb280003feb8000
3fb280003ffb0000
3fb300003f8a8000
3fb300003f9a0000
3fb300003fa98000
3fb300003fb90000
3fb300003fc88000
3fb300003fd80000
3fb300003fe78000
3fb300003ff70000
3fb380003f868000
3fb380003f960000
3fb380003fa58000
3fb380003fb50000
3fb380003fc48000
3fb380003fd40000
3fb380003fe38000
3fb380003ff30000
3fb400003f828000
3fb400003f920000
3fb400003fa18000
3fb400003fb10000
3fb400003fc08000
3fb400003fd00000
3fb400003fdf8000
3fb400003fef0000
3fb400003ffe8000
3fb480003f8e0000
3fb480003f9d8000
3fb480003fad0000
3fb480003fbc8000
3fb480003fcc0000
3fb480003fdb8000
3fb480003feb0000
3fb480003ffa8000
3fb500003f8a0000
3fb500003f998000
3fb500003fa90000
3fb500003fb88000
3fb500003fc80000
3fb500003fd78000
3fb500003fe70000
3fb500003ff68000
3fb580003f860000
3fb580003f958000
3fb580003fa50000
3fb580003fb48000
3fb580003fc40000
3fb580003fd38000
3fb580003fe30000
3fb580003ff28000
3fb600003f820000
3fb600003f918000
3fb600003fa10000
3fb600003fb08000
3fb600003fc00000
3fb600003fcf8000
3fb600003fdf0000
3fb600003fee8000
3fb600003ffe0000
3fb680003f8d8000
3fb680003f9d0000
3fb680003fac8000
3fb680003fbc0000
3fb680003fcb8000
3fb680003fdb0000
3fb680003fea8000
3fb680003ffa0000
3fb700003f898000
3fb700003f990000
3fb700003fa88000
3fb700003fb80000
3fb700003fc78000
3fb700003fd70000
3fb700003fe68000
3fb700003ff60000
3fb780003f858000
3fb780003f950000
3fb780003fa48000
3fb780003fb40000
3fb780003fc38000
3fb780003fd30000
3fb780003fe28000
3fb780003ff20000
3fb800003f818000
3fb800003f910000
3fb800003fa08000
3fb800003fb00000
3fb800003fbf8000
3fb800003fcf0000
3fb800003fde8000
3fb800003fee0000
3fb800003ffd8000
3fb880003f8d0000
3fb880003f9c8000
3fb880003fac0000
3fb880003fbb8000
3fb880003fcb0000
3fb880003fda8000
3fb880003fea0000
3fb880003ff98000
3fb900003f890000
3fb900003f988000
3fb900003fa80000
3fb900003fb78000
3fb900003fc70000
3fb900003fd68000
3fb900003fe60000
3fb900003ff58000
3fb980003f850000
3fb980003f948000
3fb980003fa40000
3fb980003fb38000
3fb980003fc30000
3fb980003fd28000
3fb980003fe20000
3fb980003ff18000
3fba00003f810000
3fba00003f908000
3fba00003fa00000
3fba00003faf8000
3fba00003fbf0000
3fba00003fce8000
3fba00003fde0000
3fba00003fed8000
3fba00003ffd0000
3fba80003f8c8000
3fba80003f9c0000
3fba80003fab8000
3fba80003fbb0000
3fba80003fca8000
3fba80003fda0000
3fba80003fe98000
3fba80003ff90000
3fbb00003f888000
3fbb00003f980000
3fbb00003fa78000
3fbb00003fb70000
3fbb00003fc68000
3fbb00003fd60000
3fbb00003fe58000
3fbb00003ff50000
3fbb80003f848000
3fbb80003f940000
3fbb80003fa38000
3fbb80003fb30000
3fbb80003fc28000
3fbb80003fd20000
3fbb80003fe18000
3fbb80003ff10000
3fbc00003f808000
3fbc00003f900000
3fbc00003f9f8000
3fbc00003faf0000
3fbc00003fbe8000
3fbc00003fce0000
3fbc00003fdd8000
3fbc00003fed0000
3fbc00003ffc8000
3fbc80003f8c0000
3fbc80003f9b8000
3fbc80003fab0000
3fbc80003fba8000
3fbc80003fca0000
3fbc80003fd98000
3fbc80003fe90000
3fbc80003ff88000
3fbd00003f880000
3fbd00003f978000
3fbd00003fa70000
3fbd00003fb68000
3fbd00003fc60000
3fbd00003fd58000
3fbd00003fe50000
3fbd00003ff48000
3fbd80003f840000
3fbd80003f938000
3fbd80003fa30000
3fbd80003fb28000
3fbd80003fc20000
3fbd80003fd18000
3fbd80003fe10000
3fbd80003ff08000
3fbe00003f800000
3fbe00003f8f8000
3fbe00003f9f0000
3fbe00003fae8000
3fbe00003fbe0000
3fbe00003fcd8000
3fbe00003fdd0000
3fbe00003fec8000
3fbe00003ffc0000
3fbe80003f8b8000
3fbe80003f9b0000
3fbe80003faa8000
3fbe80003fba0000
3fbe80003fc98000
3fbe80003fd90000
3fbe80003fe88000
3fbe80003ff80000
3fbf00003f878000
3fbf00003f970000
3fbf00003fa68000
3fbf00003fb60000
3fbf00003fc58000
3fbf00003fd50000
3fbf00003fe48000
3fbf00003ff40000
3fbf80003f838000
3fbf80003f930000
3fbf80003fa28000
3fbf80003fb20000
3fbf80003fc18000
3fbf80003fd10000
3fbf80003fe08000
3fbf80003ff00000
3fbf80003fff8000
3fc000003f8f0000
3fc000003f9e8000
3fc000003fae0000
3fc000003fbd8000
3fc000003fcd0000
3fc000003fdc8000
3fc000003fec0000
3fc000003ffb8000
3fc080003f8b0000
3fc080003f9a8000
3fc080003faa0000
3fc080003fb98000
3fc080003fc90000
3fc080003fd88000
3fc080003fe80000
3fc080003ff78000
3fc100003f870000
3fc100003f968000
3fc100003fa60000
3fc100003fb58000
3fc100003fc50000
3fc100003fd48000
3fc100003fe40000
3fc100003ff38000
3fc180003f830000
3fc180003f928000
3fc180003fa20000
3fc180003fb18000
3fc180003fc10000
3fc180003fd08000
3fc180003fe00000
3fc180003fef8000
3fc180003fff0000
3fc200003f8e8000
3fc200003f9e0000
3fc200003fad8000
3fc200003fbd0000
3fc200003fcc8000
3fc200003fdc0000
3fc200003feb8000
3fc200003ffb0000
3fc280003f8a8000
3fc280003f9a0000
3fc280003fa98000
3fc280003fb90000
3fc280003fc88000
3fc280003fd80000
3fc280003fe78000
3fc280003ff70000
3fc300003f868000
3fc300003f960000
3fc300003fa58000
3fc300003fb50000
3fc300003fc48000
3fc300003fd40000
3fc300003fe38000
3fc300003ff30000
3fc380003f828000
3fc380003f920000
3fc380003fa18000
3fc380003fb10000
3fc380003fc08000
3fc380003fd00000
3fc380003fdf8000
3fc380003fef0000
3fc380003ffe8000
3fc400003f8e0000
3fc400003f9d8000
3fc400003fad0000
3fc400003fbc8000
3fc400003fcc0000
3fc400003fdb8000
3fc400003feb0000
3fc400003ffa8000
3fc480003f8a0000
3fc480003f998000
3fc480003fa90000
3fc480003fb88000
3fc480003fc80000
3fc480003fd78000
3fc480003fe70000
3fc480003ff68000
3fc500003f860000
3fc500003f958000
3fc500003fa50000
3fc500003fb48000
3fc500003fc40000
3fc500003fd38000
3fc500003fe30000
3fc500003ff28000
3fc580003f820000
3fc580003f918000
3fc580003fa10000
3fc580003fb08000
3fc580003fc00000
3fc580003fcf8000
3fc580003fdf0000
3fc580003fee8000
3fc580003ffe0000
3fc600003f8d8000
3fc600003f9d0000
3fc600003fac8000
3fc600003fbc0000
3fc600003fcb8000
3fc600003fdb0000
3fc600003fea8000
3fc600003ffa0000
3fc680003f898000
3fc680003f990000
3fc680003fa88000
3fc680003fb80000
3fc680003fc78000
3fc680003fd70000
3fc680003fe68000
3fc680003ff60000
3fc700003f858000
3fc700003f950000
3fc700003fa48000
3fc700003fb40000
3fc700003fc38000
3fc700003fd30000
3fc700003fe28000
3fc700003ff20000
3fc780003f818000
3fc780003f910000
3fc780003fa08000
3fc780003fb00000
3fc780003fbf8000
3fc780003fcf0000
3fc780003fde8000
3fc780003fee0000
3fc780003ffd8000
3fc800003f8d0000
3fc800003f9c8000
3fc800003fac0000
3fc800003fbb8000
3fc800003fcb0000
3fc800003fda8000
3fc800003fea0000
3fc800003ff98000
3fc880003f890000
3fc880003f988000
3fc880003fa80000
3fc880003fb78000
3fc880003fc70000
3fc880003fd68000
3fc880003fe60000
3fc880003ff58000
3fc900003f850000
3fc900003f948000
3fc900003fa40000
3fc900003fb38000
3fc900003fc30000
3fc900003fd28000
3fc900003fe20000
3fc900003ff18000
3fc980003f810000
3fc980003f908000
3fc980003fa00000
3fc980003faf8000
3fc980003fbf0000
3fc980003fce8000
3fc980003fde0000
3fc980003fed8000
3fc980003ffd0000
3fca00003f8c8000
3fca00003f9c0000
3fca00003fab8000
3fca00003fbb0000
3fca00003fca8000
3fca00003fda0000
3fca00003fe98000
3fca00003ff90000
3fca80003f888000
3fca80003f980000
3fca80003fa78000
3fca80003fb70000
3fca80003fc68000
3fca80003fd60000
3fca80003fe58000
3fca80003ff50000
3fcb00003f848000
3fcb00003f940000
3fcb00003fa38000
3fcb00003fb30000
3fcb00003fc28000
3fcb00003fd20000
3fcb00003fe18000
3fcb00003ff10000
3fcb80003f808000
3fcb80003f900000
3fcb80003f9f8000
3fcb80003faf0000
3fcb80003fbe8000
3fcb80003fce0000
3fcb80003fdd8000
3fcb80003fed0000
3fcb80003ffc8000
3fcc00003f8c0000
3fcc00003f9b8000
3fcc00003fab0000
3fcc00003fba8000
3fcc00003fca0000
3fcc00003fd98000
3fcc00003fe90000
3fcc00003ff88000
3fcc80003f880000
3fcc80003f978000
3fcc80003fa70000
3fcc80003fb68000
3fcc80003fc60000
3fcc80003fd58000
3fcc80003fe50000
3fcc80003ff48000
3fcd00003f840000
3fcd00003f938000
3fcd00003fa30000
3fcd00003fb28000
3fcd00003fc20000
3fcd00003fd18000
3fcd00003fe10000
3fcd00003ff08000
3fcd80003f800000
3fcd80003f8f8000
3fcd80003f9f0000
3fcd80003fae8000
3fcd80003fbe0000
3fcd80003fcd8000
3fcd80003fdd0000
3fcd80003fec8000
3fcd80003ffc0000
3fce00003f8b8000
3fce00003f9b0000
3fce00003faa8000
3fce00003fba0000
3fce00003fc98000
3fce00003fd90000
3fce00003fe88000
3fce00003ff80000
3fce80003f878000
3fce80003f970000
3fce80003fa68000
3fce80003fb60000
3fce80003fc58000
3fce80003fd50000
3fce80003fe48000
3fce80003ff40000
3fcf00003f838000
3fcf00003f930000
3fcf00003fa28000
3fcf00003fb20000
3fcf00003fc18000
3fcf00003fd10000
3fcf00003fe08000
3fcf00003ff00000
3fcf00003fff8000
3fcf80003f8f0000
3fcf80003f9e8000
3fcf80003fae0000
3fcf80003fbd8000
3fcf80003fcd0000
3fcf80003fdc8000
3fcf80003fec0000
3fcf80003ffb8000
3fd000003f8b0000
3fd000003f9a8000
3fd000003faa0000
3fd000003fb98000
3fd000003fc90000
3fd000003fd88000
3fd000003fe80000
3fd000003ff78000
3fd080003f870000
3fd080003f968000
3fd080003fa60000
3fd080003fb58000
3fd080003fc50000
3fd080003fd48000
3fd080003fe40000
3fd080003ff38000
3fd100003f830000
3fd100003f928000
3fd100003fa20000
3fd100003fb18000
3fd100003fc10000
3fd100003fd08000
3fd100003fe00000
3fd100003fef8000
3fd100003fff0000
3fd180003f8e8000
3fd180003f9e0000
3fd180003fad8000
3fd180003fbd0000
3fd180003fcc8000
3fd180003fdc0000
3fd180003feb8000
3fd180003ffb0000
3fd200003f8a8000
3fd200003f9a0000
3fd200003fa98000
3fd200003fb90000
3fd200003fc88000
3fd200003fd80000
3fd200003fe78000
3fd200003ff70000
3fd280003f868000
3fd280003f960000
3fd280003fa58000
3fd280003fb50000
3fd280003fc48000
3fd280003fd40000
3fd280003fe38000
3fd280003ff30000
3fd300003f828000
3fd300003f920000
3fd300003fa18000
3fd300003fb10000
3fd300003fc08000
3fd300003fd00000
3fd300003fdf8000
3fd300003fef0000
3fd300003ffe8000
3fd380003f8e0000
3fd380003f9d8000
3fd380003fad0000
3fd380003fbc8000
3fd380003fcc0000
3fd380003fdb8000
3fd380003feb0000
3fd380003ffa8000
3fd400003f8a0000
3fd400003f998000
3fd400003fa90000
3fd400003fb88000
3fd400003fc80000
3fd400003fd78000
3fd400003fe70000
3fd400003ff68000
3fd480003f860000
3fd480003f958000
3fd480003fa50000
3fd480003fb48000
3fd480003fc40000
3fd480003fd38000
3fd480003fe30000
3fd480003ff28000
3fd500003f820000
3fd500003f918000
3fd500003fa10000
3fd500003fb08000
3fd500003fc00000
3fd500003fcf8000
3fd500003fdf0000
3fd500003fee8000
3fd500003ffe0000
3fd580003f8d8000
3fd580003f9d0000
3fd580003fac8000
3fd580003fbc0000
3fd580003fcb8000
3fd580003fdb0000
3fd580003fea8000
3fd580003ffa0000
3fd600003f898000
3fd600003f990000
3fd600003fa88000
3fd600003fb80000
3fd600003fc78000
3fd600003fd70000
3fd600003fe68000
3fd600003ff60000
3fd680003f858000
3fd680003f950000
3fd680003fa48000
3fd680003fb40000
3fd680003fc38000
3fd680003fd30000
3fd680003fe28000
3fd680003ff20000
3fd700003f818000
3fd700003f910000
3fd700003fa08000
3fd700003fb00000
3fd700003fbf8000
3fd700003fcf0000
3fd700003fde8000
3fd700003fee0000
3fd700003ffd8000
3fd780003f8d0000
3fd780003f9c8000
3fd780003fac0000
3fd780003fbb8000
3fd780003fcb0000
3fd780003fda8000
3fd780003fea0000
3fd780003ff98000
3fd800003f890000
3fd800003f988000
3fd800003fa80000
3fd800003fb78000
3fd800003fc70000
3fd800003fd68000
3fd800003fe60000
3fd800003ff58000
3fd880003f850000
3fd880003f948000
3fd880003fa40000
3fd880003fb38000
3fd880003fc30000
3fd880003fd28000
3fd880003fe20000
3fd880003ff18000
3fd900003f810000
3fd900003f908000
3fd900003fa00000
3fd900003faf8000
3fd900003fbf0000
3fd900003fce8000
3fd900003fde0000
3fd900003fed8000
3fd900003ffd0000
3fd980003f8c8000
3fd980003f9c0000
3fd980003fab8000
3fd980003fbb0000
3fd980003fca8000
3fd980003fda0000
3fd980003fe98000
3fd980003ff90000
3fda00003f888000
3fda00003f980000
3fda00003fa78000
3fda00003fb70000
3fda00003fc68000
3fda00003fd60000
3fda00003fe58000
3fda00003ff50000
3fda80003f848000
3fda80003f940000
3fda80003fa38000
3fda80003fb30000
3fda80003fc28000
3fda80003fd20000
3fda80003fe18000
3fda80003ff10000
3fdb00003f808000
3fdb00003f900000
3fdb00003f9f8000
3fdb00003faf0000
3fdb00003fbe8000
3fdb00003fce0000
3fdb00003fdd8000
3fdb00003fed0000
3fdb00003ffc8000
3fdb80003f8c0000
3fdb80003f9b8000
3fdb80003fab0000
3fdb80003fba8000
3fdb80003fca0000
3fdb80003fd98000
3fdb80003fe90000
3fdb80003ff88000
3fdc00003f880000
3fdc00003f978000
3fdc00003fa70000
3fdc00003fb68000
3fdc00003fc60000
3fdc00003fd58000
3fdc00003fe50000
3fdc00003ff48000
3fdc80003f840000
3fdc80003f938000
3fdc80003fa30000
3fdc80003fb28000
3fdc80003fc20000
3fdc80003fd18000
3fdc80003fe10000
3fdc80003ff08000
3fdd00003f800000
3fdd00003f8f8000
3fdd00003f9f0000
3fdd00003fae8000
3fdd00003fbe0000
3fdd00003fcd8000
3fdd00003fdd0000
3fdd00003fec8000
3fdd00003ffc0000
3fdd80003f8b8000
3fdd80003f9b0000
3fdd80003faa8000
3fdd80003fba0000
3fdd80003fc98000
3fdd80003fd90000
3fdd80003fe88000
3fdd80003ff80000
3fde00003f878000
3fde00003f970000
3fde00003fa68000
3fde00003fb60000
3fde00003fc58000
3fde00003fd50000
3fde00003fe48000
3fde00003ff40000
3fde80003f838000
3fde80003f930000
3fde80003fa28000
3fde80003fb20000
3fde80003fc18000
3fde80003fd10000
3fde80003fe08000
3fde80003ff00000
3fde80003fff8000
3fdf00003f8f0000
3fdf00003f9e8000
3fdf00003fae0000
3fdf00003fbd8000
3fdf00003fcd0000
3fdf00003fdc8000
3fdf00003fec0000
3fdf00003ffb8000
3fdf80003f8b0000
3fdf80003f9a8000
3fdf80003faa0000
3fdf80003fb98000
3fdf80003fc90000
3fdf80003fd88000
3fdf80003fe80000
3fdf80003ff78000
3fe000003f870000
3fe000003f968000
3fe000003fa60000
3fe000003fb58000
3fe000003fc50000
3fe000003fd48000
3fe000003fe40000
3fe000003ff38000
3fe080003f830000
3fe080003f928000
3fe080003fa20000
3fe080003fb18000
3fe080003fc10000
3fe080003fd08000
3fe080003fe00000
3fe080003fef8000
3fe080003fff0000
3fe100003f8e8000
3fe100003f9e0000
3fe100003fad8000
3fe100003fbd0000
3fe100003fcc8000
3fe100003fdc0000
3fe100003feb8000
3fe100003ffb0000
3fe180003f8a8000
3fe180003f9a0000
3fe180003fa98000
3fe180003fb90000
3fe180003fc88000
3fe180003fd80000
3fe180003fe78000
3fe180003ff70000
3fe200003f868000
3fe200003f960000
3fe200003fa58000
3fe200003fb50000
3fe200003fc48000
3fe200003fd40000
3fe200003fe38000
3fe200003ff30000
3fe280003f828000
3fe280003f920000
3fe280003fa18000
3fe280003fb10000
3fe280003fc08000
3fe280003fd00000
3fe280003fdf8000
3fe280003fef0000
3fe280003ffe8000
3fe300003f8e0000
3fe300003f9d8000
3fe300003fad0000
3fe300003fbc8000
3fe300003fcc0000
3fe300003fdb8000
3fe300003feb0000
3fe300003ffa8000
3fe380003f8a0000
3fe380003f998000
3fe380003fa90000
3fe380003fb88000
3fe380003fc80000
3fe380003fd78000
3fe380003fe70000
3fe380003ff68000
3fe400003f860000
3fe400003f958000
3fe400003fa50000
3fe400003fb48000
3fe400003fc40000
3fe400003fd38000
3fe400003fe30000
3fe400003ff28000
3fe480003f820000
3fe480003f918000
3fe480003fa10000
3fe480003fb08000
3fe480003fc00000
3fe480003fcf8000
3fe480003fdf0000
3fe480003fee8000
3fe480003ffe0000
3fe500003f8d8000
3fe500003f9d0000
3fe500003fac8000
3fe500003fbc0000
3fe500003fcb8000
3fe500003fdb0000
3fe500003fea8000
3fe500003ffa0000
3fe580003f898000
3fe580003f990000
3fe580003fa88000
3fe580003fb80000
3fe580003fc78000
3fe580003fd70000
3fe580003fe68000
3fe580003ff60000
3fe600003f858000
3fe600003f950000
3fe600003fa48000
3fe600003fb40000
3fe600003fc38000
3fe600003fd30000
3fe600003fe28000
3fe600003ff20000
3fe680003f818000
3fe680003f910000
3fe680003fa08000
3fe680003fb00000
3fe680003fbf8000
3fe680003fcf0000
3fe680003fde8000
3fe680003fee0000
3fe680003ffd8000
3fe700003f8d0000
3fe700003f9c8000
3fe700003fac0000
3fe700003fbb8000
3fe700003fcb0000
3fe700003fda8000
3fe700003fea0000
3fe700003ff98000
3fe780003f890000
3fe780003f988000
3fe780003fa80000
3fe780003fb78000
3fe780003fc70000
3fe780003fd68000
3fe780003fe60000
3fe780003ff58000
3fe800003f850000
3fe800003f948000
3fe800003fa40000
3fe800003fb38000
3fe800003fc30000
3fe800003fd28000
3fe800003fe20000
3fe800003ff18000
3fe880003f810000
3fe880003f908000
3fe880003fa00000
3fe880003faf8000
3fe880003fbf0000
3fe880003fce8000
3fe880003fde0000
3fe880003fed8000
3fe880003ffd0000
3fe900003f8c8000
3fe900003f9c0000
3fe900003fab8000
3fe900003fbb0000
3fe900003fca8000
3fe900003fda0000
3fe900003fe98000
3fe900003ff90000
3fe980003f888000
3fe980003f980000
3fe980003fa78000
3fe980003fb70000
3fe980003fc68000
3fe980003fd60000
3fe980003fe58000
3fe980003ff50000
3fea00003f848000
3fea00003f940000
3fea00003fa38000
3fea00003fb30000
3fea00003fc28000
3fea00003fd20000
3fea00003fe18000
3fea00003ff10000
3fea80003f808000
3fea80003f900000
3fea80003f9f8000
3fea80003faf0000
3fea80003fbe8000
3fea80003fce0000
3fea80003fdd8000
3fea80003fed0000
3fea80003ffc8000
3feb00003f8c0000
3feb00003f9b8000
3feb00003fab0000
3feb00003fba8000
3feb00003fca0000
3feb00003fd98000
3feb00003fe90000
3feb00003ff88000
3feb80003f880000
3feb80003f978000
3feb80003fa70000
3feb80003fb68000
3feb80003fc60000
3feb80003fd58000
3feb80003fe50000
3feb80003ff48000
3fec00003f840000
3fec00003f938000
3fec00003fa30000
3fec00003fb28000
3fec00003fc20000
3fec00003fd18000
3fec00003fe10000
3fec00003ff08000
3fec80003f800000
3fec80003f8f8000
3fec80003f9f0000
3fec80003fae8000
3fec80003fbe0000
3fec80003fcd8000
3fec80003fdd0000
3fec80003fec8000
3fec80003ffc0000
3fed00003f8b8000
3fed00003f9b0000
3fed00003faa8000
3fed00003fba0000
3fed00003fc98000
3fed00003fd90000
3fed00003fe88000
3fed00003ff80000
3fed80003f878000
3fed80003f970000
3fed80003fa68000
3fed80003fb60000
3fed80003fc58000
3fed80003fd50000
3fed80003fe48000
3fed80003ff40000
3fee00003f838000
3fee00003f930000
3fee00003fa28000
3fee00003fb20000
3fee00003fc18000
3fee00003fd10000
3fee00003fe08000
3fee00003ff00000
3fee00003fff8000
3fee80003f8f0000
3fee80003f9e8000
3fee80003fae0000
3fee80003fbd8000
3fee80003fcd0000
3fee80003fdc8000
3fee80003fec0000
3fee80003ffb8000
3fef00003f8b0000
3fef00003f9a8000
3fef00003faa0000
3fef00003fb98000
3fef00003fc90000
3fef00003fd88000
3fef00003fe80000
3fef00003ff78000
3fef80003f870000
3fef80003f968000
3fef80003fa60000
3fef80003fb58000
3fef80003fc50000
3fef80003fd48000
3fef80003fe40000
3fef80003ff38000
3ff000003f830000
3ff000003f928000
3ff000003fa20000
3ff000003fb18000
3ff000003fc10000
3ff000003fd08000
3ff000003fe00000
3ff000003fef8000
3ff000003fff0000
3ff080003f8e8000
3ff080003f9e0000
3ff080003fad8000
3ff080003fbd0000
3ff080003fcc8000
3ff080003fdc0000
3ff080003feb8000
3ff080003ffb0000
3ff100003f8a8000
3ff100003f9a0000
3ff100003fa98000
3ff100003fb90000
3ff100003fc88000
3ff100003fd80000
3ff100003fe78000
3ff100003ff70000
3ff180003f868000
3ff180003f960000
3ff180003fa58000
3ff180003fb50000
3ff180003fc48000
3ff180003fd40000
3ff180003fe38000
3ff180003ff30000
3ff200003f828000
3ff200003f920000
3ff200003fa18000
3ff200003fb10000
3ff200003fc08000
3ff200003fd00000
3ff200003fdf8000
3ff200003fef0000
3ff200003ffe8000
3ff280003f8e0000
3ff280003f9d8000
3ff280003fad0000
3ff280003fbc8000
3ff280003fcc0000
3ff280003fdb8000
3ff280003feb0000
3ff280003ffa8000
3ff300003f8a0000
3ff300003f998000
3ff300003fa90000
3ff300003fb88000
3ff300003fc80000
3ff300003fd78000
3ff300003fe70000
3ff300003ff68000
3ff380003f860000
3ff380003f958000
3ff380003fa50000
3ff380003fb48000
3ff380003fc40000
3ff380003fd38000
3ff380003fe30000
3ff380003ff28000
3ff400003f820000
3ff400003f918000
3ff400003fa10000
3ff400003fb08000
3ff400003fc00000
3ff400003fcf8000
3ff400003fdf0000
3ff400003fee8000
3ff400003ffe0000
3ff480003f8d8000
3ff480003f9d0000
3ff480003fac8000
3ff480003fbc0000
3ff480003fcb8000
3ff480003fdb0000
3ff480003fea8000
3ff480003ffa0000
3ff500003f898000
3ff500003f990000
3ff500003fa88000
3ff500003fb80000
3ff500003fc78000
3ff500003fd70000
3ff500003fe68000
3ff500003ff60000
3ff580003f858000
3ff580003f950000
3ff580003fa48000
3ff580003fb40000
3ff580003fc38000
3ff580003fd30000
3ff580003fe28000
3ff580003ff20000
3ff600003f818000
3ff600003f910000
3ff600003fa08000
3ff600003fb00000
3ff600003fbf8000
3ff600003fcf0000
3ff600003fde8000
3ff600003fee0000
3ff600003ffd8000
3ff680003f8d0000
3ff680003f9c8000
3ff680003fac0000
3ff680003fbb8000
3ff680003fcb0000
3ff680003fda8000
3ff680003fea0000
3ff680003ff98000
3ff700003f890000
3ff700003f988000
3ff700003fa80000
3ff700003fb78000
3ff700003fc70000
3ff700003fd68000
3ff700003fe60000
3ff700003ff58000
3ff780003f850000
3ff780003f948000
3ff780003fa40000
3ff780003fb38000
3ff780003fc30000
3ff780003fd28000
3ff780003fe20000
3ff780003ff18000
3ff800003f810000
3ff800003f908000
3ff800003fa00000
3ff800003faf8000
3ff800003fbf0000
3ff800003fce8000
3ff800003fde0000
3ff800003fed8000
3ff800003ffd0000
3ff880003f8c8000
3ff880003f9c0000
3ff880003fab8000
3ff880003fbb0000
3ff880003fca8000
3ff880003fda0000
3ff880003fe98000
3ff880003ff90000
3ff900003f888000
3ff900003f980000
3ff900003fa78000
3ff900003fb70000
3ff900003fc68000
3ff900003fd60000
3ff900003fe58000
3ff900003ff50000
3ff980003f848000
3ff980003f940000
3ff980003fa38000
3ff980003fb30000
3ff980003fc28000
3ff980003fd20000
3ff980003fe18000
3ff980003ff10000
3ffa00003f808000
3ffa00003f900000
3ffa00003f9f8000
3ffa00003faf0000
3ffa00003fbe8000
3ffa00003fce0000
3ffa00003fdd8000
3ffa00003fed0000
3ffa00003ffc8000
3ffa80003f8c0000
3ffa80003f9b8000
3ffa80003fab0000
3ffa80003fba8000
3ffa80003fca0000
3ffa80003fd98000
3ffa80003fe90000
3ffa80003ff88000
3ffb00003f880000
3ffb00003f978000
3ffb00003fa70000
3ffb00003fb68000
3ffb00003fc60000
3ffb00003fd58000
3ffb00003fe50000
3ffb00003ff48000
3ffb80003f840000
3ffb80003f938000
3ffb80003fa30000
3ffb80003fb28000
3ffb80003fc20000
3ffb80003fd18000
3ffb80003fe10000
3ffb80003ff08000
3ffc00003f800000
3ffc00003f8f8000
3ffc00003f9f0000
3ffc00003fae8000
3ffc00003fbe0000
3ffc00003fcd8000
3ffc00003fdd0000
3ffc00003fec8000
3ffc00003ffc0000
3ffc80003f8b8000
3ffc80003f9b0000
3ffc80003faa8000
3ffc80003fba0000
3ffc80003fc98000
3ffc80003fd90000
3ffc80003fe88000
3ffc80003ff80000
3ffd00003f878000
3ffd00003f970000
3ffd00003fa68000
3ffd00003fb60000
3ffd00003fc58000
3ffd00003fd50000
3ffd00003fe48000
3ffd00003ff40000
3ffd80003f838000
3ffd80003f930000
3ffd80003fa28000
3ffd80003fb20000
3ffd80003fc18000
3ffd80003fd10000
3ffd80003fe08000
3ffd80003ff00000
3ffd80003fff8000
3ffe00003f8f0000
3ffe00003f9e8000
3ffe00003fae0000
3ffe00003fbd8000
3ffe00003fcd0000
3ffe00003fdc8000
3ffe00003fec0000
3ffe00003ffb8000
3ffe80003f8b0000
3ffe80003f9a8000
3ffe80003faa0000
3ffe80003fb98000
3ffe80003fc90000
3ffe80003fd88000
3ffe80003fe80000
3ffe80003ff78000
3fff00003f870000
3fff00003f968000
3fff00003fa60000
3fff00003fb58000
3fff00003fc50000
3fff00003fd48000
3fff00003fe40000
3fff00003ff38000
3fff80003f830000
3fff80003f928000
3fff80003fa20000
3fff80003fb18000
3fff80003fc10000
3fff80003fd08000
3fff80003fe00000
3fff80003fef8000
3fff80003fff0000
3f807fff3f8effff
3f807fff3f9e7fff
3f807fff3fadffff
3f807fff3fbd7fff
3f807fff3fccffff
3f807fff3fdc7fff
3f807fff3febffff
3f807fff3ffb7fff
3f80ffff3f8affff
3f80ffff3f9a7fff
3f80ffff3fa9ffff
3f80ffff3fb97fff
3f80ffff3fc8ffff
3f80ffff3fd87fff
3f80ffff3fe7ffff
3f80ffff3ff77fff
3f817fff3f86ffff
3f817fff3f967fff
3f817fff3fa5ffff
3f817fff3fb57fff
3f817fff3fc4ffff
3f817fff3fd47fff
3f817fff3fe3ffff
3f817fff3ff37fff
3f81ffff3f82ffff
3f81ffff3f927fff
3f81ffff3fa1ffff
3f81ffff3fb17fff
3f81ffff3fc0ffff
3f81ffff3fd07fff
3f81ffff3fdfffff
3f81ffff3fef7fff
3f81ffff3ffeffff
3f827fff3f8e7fff
3f827fff3f9dffff
3f827fff3fad7fff
3f827fff3fbcffff
3f827fff3fcc7fff
3f827fff3fdbffff
3f827fff3feb7fff
3f827fff3ffaffff
3f82ffff3f8a7fff
3f82ffff3f99ffff
3f82ffff3fa97fff
3f82ffff3fb8ffff
3f82ffff3fc87fff
3f82ffff3fd7ffff
3f82ffff3fe77fff
3f82ffff3ff6ffff
3f837fff3f867fff
3f837fff3f95ffff
3f837fff3fa57fff
3f837fff3fb4ffff
3f837fff3fc47fff
3f837fff3fd3ffff
3f837fff3fe37fff
3f837fff3ff2ffff
3f83ffff3f827fff
3f83ffff3f91ffff
3f83ffff3fa17fff
3f83ffff3fb0ffff
3f83ffff3fc07fff
3f83ffff3fcfffff
3f83ffff3fdf7fff
3f83ffff3feeffff
3f83ffff3ffe7fff
3f847fff3f8dffff
3f847fff3f9d7fff
3f847fff3facffff
3f847fff3fbc7fff
3f847fff3fcbffff
3f847fff3fdb7fff
3f847fff3feaffff
3f847fff3ffa7fff
3f84ffff3f89ffff
3f84ffff3f997fff
3f84ffff3fa8ffff
3f84ffff3fb87fff
3f84ffff3fc7ffff
3f84ffff3fd77fff
3f84ffff3fe6ffff
3f84ffff3ff67fff
3f857fff3f85ffff
3f857fff3f957fff
3f857fff3fa4ffff
3f857fff3fb47fff
3f857fff3fc3ffff
3f857fff3fd37fff
3f857fff3fe2ffff
3f857fff3ff27fff
3f85ffff3f81ffff
3f85ffff3f917fff
3f85ffff3fa0ffff
3f85ffff3fb07fff
3f85ffff3fbfffff
3f85ffff3fcf7fff
3f85ffff3fdeffff
3f85ffff3fee7fff
3f85ffff3ffdffff
3f867fff3f8d7fff
3f867fff3f9cffff
3f867fff3fac7fff
3f867fff3fbbffff
3f867fff3fcb7fff
3f867fff3fdaffff
3f867fff3fea7fff
3f867fff3ff9ffff
3f86ffff3f897fff
3f86ffff3f98ffff
3f86ffff3fa87fff
3f86ffff3fb7ffff
3f86ffff3fc77fff
3f86ffff3fd6ffff
3f86ffff3fe67fff
3f86ffff3ff5ffff
3f877fff3f857fff
3f877fff3f94ffff
3f877fff3fa47fff
3f877fff3fb3ffff
3f877fff3fc37fff
3f877fff3fd2ffff
3f877fff3fe27fff
3f877fff3ff1ffff
3f87ffff3f817fff
3f87ffff3f90ffff
3f87ffff3fa07fff
3f87ffff3fafffff
3f87ffff3fbf7fff
3f87ffff3fceffff
3f87ffff3fde7fff
3f87ffff3fedffff
3f87ffff3ffd7fff
3f887fff3f8cffff
3f887fff3f9c7fff
3f887fff3fabffff
3f887fff3fbb7fff
3f887fff3fcaffff
3f887fff3fda7fff
3f887fff3fe9ffff
3f887fff3ff97fff
3f88ffff3f88ffff
3f88ffff3f987fff
3f88ffff3fa7ffff
3f88ffff3fb77fff
3f88ffff3fc6ffff
3f88ffff3fd67fff
3f88ffff3fe5ffff
3f88ffff3ff57fff
3f897fff3f84ffff
3f897fff3f947fff
3f897fff3fa3ffff
3f897fff3fb37fff
3f897fff3fc2ffff
3f897fff3fd27fff
3f897fff3fe1ffff
3f897fff3ff17fff
3f89ffff3f80ffff
3f89ffff3f907fff
3f89ffff3f9fffff
3f89ffff3faf7fff
3f89ffff3fbeffff
3f89ffff3fce7fff
3f89ffff3fddffff
3f89ffff3fed7fff
3f89ffff3ffcffff
3f8a7fff3f8c7fff
3f8a7fff3f9bffff
3f8a7fff3fab7fff
3f8a7fff3fbaffff
3f8a7fff3fca7fff
3f8a7fff3fd9ffff
3f8a7fff3fe97fff
3f8a7fff3ff8ffff
3f8affff3f887fff
3f8affff3f97ffff
3f8affff3fa77fff
3f8affff3fb6ffff
3f8affff3fc67fff
3f8affff3fd5ffff
3f8affff3fe57fff
3f8affff3ff4ffff
3f8b7fff3f847fff
3f8b7fff3f93ffff
3f8b7fff3fa37fff
3f8b7fff3fb2ffff
3f8b7fff3fc27fff
3f8b7fff3fd1ffff
3f8b7fff3fe17fff
3f8b7fff3ff0ffff
3f8bffff3f807fff
3f8bffff3f8fffff
3f8bffff3f9f7fff
3f8bffff3faeffff
3f8bffff3fbe7fff
3f8bffff3fcdffff
3f8bffff3fdd7fff
3f8bffff3fecffff
3f8bffff3ffc7fff
3f8c7fff3f8bffff
3f8c7fff3f9b7fff
3f8c7fff3faaffff
3f8c7fff3fba7fff
3f8c7fff3fc9ffff
3f8c7fff3fd97fff
3f8c7fff3fe8ffff
3f8c7fff3ff87fff
3f8cffff3f87ffff
3f8cffff3f977fff
3f8cffff3fa6ffff
3f8cffff3fb67fff
3f8cffff3fc5ffff
3f8cffff3fd57fff
3f8cffff3fe4ffff
3f8cffff3ff47fff
3f8d7fff3f83ffff
3f8d7fff3f937fff
3f8d7fff3fa2ffff
3f8d7fff3fb27fff
3f8d7fff3fc1ffff
3f8d7fff3fd17fff
3f8d7fff3fe0ffff
3f8d7fff3ff07fff
3f8d7fff3fffffff
3f8dffff3f8f7fff
3f8dffff3f9effff
3f8dffff3fae7fff
3f8dffff3fbdffff
3f8dffff3fcd7fff
3f8dffff3fdcffff
3f8dffff3fec7fff
3f8dffff3ffbffff
3f8e7fff3f8b7fff
3f8e7fff3f9affff
3f8e7fff3faa7fff
3f8e7fff3fb9ffff
3f8e7fff3fc97fff
3f8e7fff3fd8ffff
3f8e7fff3fe87fff
3f8e7fff3ff7ffff
3f8effff3f877fff
3f8effff3f96ffff
3f8effff3fa67fff
3f8effff3fb5ffff
3f8effff3fc57fff
3f8effff3fd4ffff
3f8effff3fe47fff
3f8effff3ff3ffff
3f8f7fff3f837fff
3f8f7fff3f92ffff
3f8f7fff3fa27fff
3f8f7fff3fb1ffff
3f8f7fff3fc17fff
3f8f7fff3fd0ffff
3f8f7fff3fe07fff
3f8f7fff3fefffff
3f8f7fff3fff7fff
3f8fffff3f8effff
3f8fffff3f9e7fff
3f8fffff3fadffff
3f8fffff3fbd7fff
3f8fffff3fccffff
3f8fffff3fdc7fff
3f8fffff3febffff
3f8fffff3ffb7fff
3f907fff3f8affff
3f907fff3f9a7fff
3f907fff3fa9ffff
3f907fff3fb97fff
3f907fff3fc8ffff
3f907fff3fd87fff
3f907fff3fe7ffff
3f907fff3ff77fff
3f90ffff3f86ffff
3f90ffff3f967fff
3f90ffff3fa5ffff
3f90ffff3fb57fff
3f90ffff3fc4ffff
3f90ffff3fd47fff
3f90ffff3fe3ffff
3f90ffff3ff37fff
3f917fff3f82ffff
3f917fff3f927fff
3f917fff3fa1ffff
3f917fff3fb17fff
3f917fff3fc0ffff
3f917fff3fd07fff
3f917fff3fdfffff
3f917fff3fef7fff
3f917fff3ffeffff
3f91ffff3f8e7fff
3f91ffff3f9dffff
3f91ffff3fad7fff
3f91ffff3fbcffff
3f91ffff3fcc7fff
3f91ffff3fdbffff
3f91ffff3feb7fff
3f91ffff3ffaffff
3f927fff3f8a7fff
3f927fff3f99ffff
3f927fff3fa97fff
3f927fff3fb8ffff
3f927fff3fc87fff
3f927fff3fd7ffff
3f927fff3fe77fff
3f927fff3ff6ffff
3f92ffff3f867fff
3f92ffff3f95ffff
3f92ffff3fa57fff
3f92ffff3fb4ffff
3f92ffff3fc47fff
3f92ffff3fd3ffff
3f92ffff3fe37fff
3f92ffff3ff2ffff
3f937fff3f827fff
3f937fff3f91ffff
3f937fff3fa17fff
3f937fff3fb0ffff
3f937fff3fc07fff
3f937fff3fcfffff
3f937fff3fdf7fff
3f937fff3feeffff
3f937fff3ffe7fff
3f93ffff3f8dffff
3f93ffff3f9d7fff
3f93ffff3facffff
3f93ffff3fbc7fff
3f93ffff3fcbffff
3f93ffff3fdb7fff
3f93ffff3feaffff
3f93ffff3ffa7fff
3f947fff3f89ffff
3f947fff3f997fff
3f947fff3fa8ffff
3f947fff3fb87fff
3f947fff3fc7ffff
3f947fff3fd77fff
3f947fff3fe6ffff
3f947fff3ff67fff
3f94ffff3f85ffff
3f94ffff3f957fff
3f94ffff3fa4ffff
3f94ffff3fb47fff
3f94ffff3fc3ffff
3f94ffff3fd37fff
3f94ffff3fe2ffff
3f94ffff3ff27fff
3f957fff3f81ffff
3f957fff3f917fff
3f957fff3fa0ffff
3f957fff3fb07fff
3f957fff3fbfffff
3f957fff3fcf7fff
3f957fff3fdeffff
3f957fff3fee7fff
3f957fff3ffdffff
3f95ffff3f8d7fff
3f95ffff3f9cffff
3f95ffff3fac7fff
3f95ffff3fbbffff
3f95ffff3fcb7fff
3f95ffff3fdaffff
3f95ffff3fea7fff
3f95ffff3ff9ffff
3f967fff3f897fff
3f967fff3f98ffff
3f967fff3fa87fff
3f967fff3fb7ffff
3f967fff3fc77fff
3f967fff3fd6ffff
3f967fff3fe67fff
3f967fff3ff5ffff
3f96ffff3f857fff
3f96ffff3f94ffff
3f96ffff3fa47fff
3f96ffff3fb3ffff
3f96ffff3fc37fff
3f96ffff3fd2ffff
3f96ffff3fe27fff
3f96ffff3ff1ffff
3f977fff3f817fff
3f977fff3f90ffff
3f977fff3fa07fff
3f977fff3fafffff
3f977fff3fbf7fff
3f977fff3fceffff
3f977fff3fde7fff
3f977fff3fedffff
3f977fff3ffd7fff
3f97ffff3f8cffff
3f97ffff3f9c7fff
3f97ffff3fabffff
3f97ffff3fbb7fff
3f97ffff3fcaffff
3f97ffff3fda7fff
3f97ffff3fe9ffff
3f97ffff3ff97fff
3f987fff3f88ffff
3f987fff3f987fff
3f987fff3fa7ffff
3f987fff3fb77fff
3f987fff3fc6ffff
3f987fff3fd67fff
3f987fff3fe5ffff
3f987fff3ff57fff
3f98ffff3f84ffff
3f98ffff3f947fff
3f98ffff3fa3ffff
3f98ffff3fb37fff
3f98ffff3fc2ffff
3f98ffff3fd27fff
3f98ffff3fe1ffff
3f98ffff3ff17fff
3f997fff3f80ffff
3f997fff3f907fff
3f997fff3f9fffff
3f997fff3faf7fff
3f997fff3fbeffff
3f997fff3fce7fff
3f997fff3fddffff
3f997fff3fed7fff
3f997fff3ffcffff
3f99ffff3f8c7fff
3f99ffff3f9bffff
3f99ffff3fab7fff
3f99ffff3fbaffff
3f99ffff3fca7fff
3f99ffff3fd9ffff
3f99ffff3fe97fff
3f99ffff3ff8ffff
3f9a7fff3f887fff
3f9a7fff3f97ffff
3f9a7fff3fa77fff
3f9a7fff3fb6ffff
3f9a7fff3fc67fff
3f9a7fff3fd5ffff
3f9a7fff3fe57fff
3f9a7fff3ff4ffff
3f9affff3f847fff
3f9affff3f93ffff
3f9affff3fa37fff
3f9affff3fb2ffff
3f9affff3fc27fff
3f9affff3fd1ffff
3f9affff3fe17fff
3f9affff3ff0ffff
3f9b7fff3f807fff
3f9b7fff3f8fffff
3f9b7fff3f9f7fff
3f9b7fff3faeffff
3f9b7fff3fbe7fff
3f9b7fff3fcdffff
3f9b7fff3fdd7fff
3f9b7fff3fecffff
3f9b7fff3ffc7fff
3f9bffff3f8bffff
3f9bffff3f9b7fff
3f9bffff3faaffff
3f9bffff3fba7fff
3f9bffff3fc9ffff
3f9bffff3fd97fff
3f9bffff3fe8ffff
3f9bffff3ff87fff
3f9c7fff3f87ffff
3f9c7fff3f977fff
3f9c7fff3fa6ffff
3f9c7fff3fb67fff
3f9c7fff3fc5ffff
3f9c7fff3fd57fff
3f9c7fff3fe4ffff
3f9c7fff3ff47fff
3f9cffff3f83ffff
3f9cffff3f937fff
3f9cffff3fa2ffff
3f9cffff3fb27fff
3f9cffff3fc1ffff
3f9cffff3fd17fff
3f9cffff3fe0ffff
3f9cffff3ff07fff
3f9cffff3fffffff
3f9d7fff3f8f7fff
3f9d7fff3f9effff
3f9d7fff3fae7fff
3f9d7fff3fbdffff
3f9d7fff3fcd7fff
3f9d7fff3fdcffff
3f9d7fff3fec7fff
3f9d7fff3ffbffff
3f9dffff3f8b7fff
3f9dffff3f9affff
3f9dffff3faa7fff
3f9dffff3fb9ffff
3f9dffff3fc97fff
3f9dffff3fd8ffff
3f9dffff3fe87fff
3f9dffff3ff7ffff
3f9e7fff3f877fff
3f9e7fff3f96ffff
3f9e7fff3fa67fff
3f9e7fff3fb5ffff
3f9e7fff3fc57fff
3f9e7fff3fd4ffff
3f9e7fff3fe47fff
3f9e7fff3ff3ffff
3f9effff3f837fff
3f9effff3f92ffff
3f9effff3fa27fff
3f9effff3fb1ffff
3f9effff3fc17fff
3f9effff3fd0ffff
3f9effff3fe07fff
3f9effff3fefffff
3f9effff3fff7fff
3f9f7fff3f8effff
3f9f7fff3f9e7fff
3f9f7fff3fadffff
3f9f7fff3fbd7fff
3f9f7fff3fccffff
3f9f7fff3fdc7fff
3f9f7fff3febffff
3f9f7fff3ffb7fff
3f9fffff3f8affff
3f9fffff3f9a7fff
3f9fffff3fa9ffff
3f9fffff3fb97fff
3f9fffff3fc8ffff
3f9fffff3fd87fff
3f9fffff3fe7ffff
3f9fffff3ff77fff
3fa07fff3f86ffff
3fa07fff3f967fff
3fa07fff3fa5ffff
3fa07fff3fb57fff
3fa07fff3fc4ffff
3fa07fff3fd47fff
3fa07fff3fe3ffff
3fa07fff3ff37fff
3fa0ffff3f82ffff
3fa0ffff3f927fff
3fa0ffff3fa1ffff
3fa0ffff3fb17fff
3fa0ffff3fc0ffff
3fa0ffff3fd07fff
3fa0ffff3fdfffff
3fa0ffff3fef7fff
3fa0ffff3ffeffff
3fa17fff3f8e7fff
3fa17fff3f9dffff
3fa17fff3fad7fff
3fa17fff3fbcffff
3fa17fff3fcc7fff
3fa17fff3fdbffff
3fa17fff3feb7fff
3fa17fff3ffaffff
3fa1ffff3f8a7fff
3fa1ffff3f99ffff
3fa1ffff3fa97fff
3fa1ffff3fb8ffff
3fa1ffff3fc87fff
3fa1ffff3fd7ffff
3fa1ffff3fe77fff
3fa1ffff3ff6ffff
3fa27fff3f867fff
3fa27fff3f95ffff
3fa27fff3fa57fff
3fa27fff3fb4ffff
3fa27fff3fc47fff
3fa27fff3fd3ffff
3fa27fff3fe37fff
3fa27fff3ff2ffff
3fa2ffff3f827fff
3fa2ffff3f91ffff
3fa2ffff3fa17fff
3fa2ffff3fb0ffff
3fa2ffff3fc07fff
3fa2ffff3fcfffff
3fa2ffff3fdf7fff
3fa2ffff3feeffff
3fa2ffff3ffe7fff
3fa37fff3f8dffff
3fa37fff3f9d7fff
3fa37fff3facffff
3fa37fff3fbc7fff
3fa37fff3fcbffff
3fa37fff3fdb7fff
3fa37fff3feaffff
3fa37fff3ffa7fff
3fa3ffff3f89ffff
3fa3ffff3f997fff
3fa3ffff3fa8ffff
3fa3ffff3fb87fff
3fa3ffff3fc7ffff
3fa3ffff3fd77fff
3fa3ffff3fe6ffff
3fa3ffff3ff67fff
3fa47fff3f85ffff
3fa47fff3f957fff
3fa47fff3fa4ffff
3fa47fff3fb47fff
3fa47fff3fc3ffff
3fa47fff3fd37fff
3fa47fff3fe2ffff
3fa47fff3ff27fff
3fa4ffff3f81ffff
3fa4ffff3f917fff
3fa4ffff3fa0ffff
3fa4ffff3fb07fff
3fa4ffff3fbfffff
3fa4ffff3fcf7fff
3fa4ffff3fdeffff
3fa4ffff3fee7fff
3fa4ffff3ffdffff
3fa57fff3f8d7fff
3fa57fff3f9cffff
3fa57fff3fac7fff
3fa57fff3fbbffff
3fa57fff3fcb7fff
3fa57fff3fdaffff
3fa57fff3fea7fff
3fa57fff3ff9ffff
3fa5ffff3f897fff
3fa5ffff3f98ffff
3fa5ffff3fa87fff
3fa5ffff3fb7ffff
3fa5ffff3fc77fff
3fa5ffff3fd6ffff
3fa5ffff3fe67fff
3fa5ffff3ff5ffff
3fa67fff3f857fff
3fa67fff3f94ffff
3fa67fff3fa47fff
3fa67fff3fb3ffff
3fa67fff3fc37fff
3fa67fff3fd2ffff
3fa67fff3fe27fff
3fa67fff3ff1ffff
3fa6ffff3f817fff
3fa6ffff3f90ffff
3fa6ffff3fa07fff
3fa6ffff3fafffff
3fa6ffff3fbf7fff
3fa6ffff3fceffff
3fa6ffff3fde7fff
3fa6ffff3fedffff
3fa6ffff3ffd7fff
3fa77fff3f8cffff
3fa77fff3f9c7fff
3fa77fff3fabffff
3fa77fff3fbb7fff
3fa77fff3fcaffff
3fa77fff3fda7fff
3fa77fff3fe9ffff
3fa77fff3ff97fff
3fa7ffff3f88ffff
3fa7ffff3f987fff
3fa7ffff3fa7ffff
3fa7ffff3fb77fff
3fa7ffff3fc6ffff
3fa7ffff3fd67fff
3fa7ffff3fe5ffff
3fa7ffff3ff57fff
3fa87fff3f84ffff
3fa87fff3f947fff
3fa87fff3fa3ffff
3fa87fff3fb37fff
3fa87fff3fc2ffff
3fa87fff3fd27fff
3fa87fff3fe1ffff
3fa87fff3ff17fff
3fa8ffff3f80ffff
3fa8ffff3f907fff
3fa8ffff3f9fffff
3fa8ffff3faf7fff
3fa8ffff3fbeffff
3fa8ffff3fce7fff
3fa8ffff3fddffff
3fa8ffff3fed7fff
3fa8ffff3ffcffff
3fa97fff3f8c7fff
3fa97fff3f9bffff
3fa97fff3fab7fff
3fa97fff3fbaffff
3fa97fff3fca7fff
3fa97fff3fd9ffff
3fa97fff3fe97fff
3fa97fff3ff8ffff
3fa9ffff3f887fff
3fa9ffff3f97ffff
3fa9ffff3fa77fff
3fa9ffff3fb6ffff
3fa9ffff3fc67fff
3fa9ffff3fd5ffff
3fa9ffff3fe57fff
3fa9ffff3ff4ffff
3faa7fff3f847fff
3faa7fff3f93ffff
3faa7fff3fa37fff
3faa7fff3fb2ffff
3faa7fff3fc27fff
3faa7fff3fd1ffff
3faa7fff3fe17fff
3faa7fff3ff0ffff
3faaffff3f807fff
3faaffff3f8fffff
3faaffff3f9f7fff
3faaffff3faeffff
3faaffff3fbe7fff
3faaffff3fcdffff
3faaffff3fdd7fff
3faaffff3fecffff
3faaffff3ffc7fff
3fab7fff3f8bffff
3fab7fff3f9b7fff
3fab7fff3faaffff
3fab7fff3fba7fff
3fab7fff3fc9ffff
3fab7fff3fd97fff
3fab7fff3fe8ffff
3fab7fff3ff87fff
3fabffff3f87ffff
3fabffff3f977fff
3fabffff3fa6ffff
3fabffff3fb67fff
3fabffff3fc5ffff
3fabffff3fd57fff
3fabffff3fe4ffff
3fabffff3ff47fff
3fac7fff3f83ffff
3fac7fff3f937fff
3fac7fff3fa2ffff
3fac7fff3fb27fff
3fac7fff3fc1ffff
3fac7fff3fd17fff
3fac7fff3fe0ffff
3fac7fff3ff07fff
3fac7fff3fffffff
3facffff3f8f7fff
3facffff3f9effff
3facffff3fae7fff
3facffff3fbdffff
3facffff3fcd7fff
3facffff3fdcffff
3facffff3fec7fff
3facffff3ffbffff
3fad7fff3f8b7fff
3fad7fff3f9affff
3fad7fff3faa7fff
3fad7fff3fb9ffff
3fad7fff3fc97fff
3fad7fff3fd8ffff
3fad7fff3fe87fff
3fad7fff3ff7ffff
3fadffff3f877fff
3fadffff3f96ffff
3fadffff3fa67fff
3fadffff3fb5ffff
3fadffff3fc57fff
3fadffff3fd4ffff
3fadffff3fe47fff
3fadffff3ff3ffff
3fae7fff3f837fff
3fae7fff3f92ffff
3fae7fff3fa27fff
3fae7fff3fb1ffff
3fae7fff3fc17fff
3fae7fff3fd0ffff
3fae7fff3fe07fff
3fae7fff3fefffff
3fae7fff3fff7fff
3faeffff3f8effff
3faeffff3f9e7fff
3faeffff3fadffff
3faeffff3fbd7fff
3faeffff3fccffff
3faeffff3fdc7fff
3faeffff3febffff
3faeffff3ffb7fff
3faf7fff3f8affff
3faf7fff3f9a7fff
3faf7fff3fa9ffff
3faf7fff3fb97fff
3faf7fff3fc8ffff
3faf7fff3fd87fff
3faf7fff3fe7ffff
3faf7fff3ff77fff
3fafffff3f86ffff
3fafffff3f967fff
3fafffff3fa5ffff
3fafffff3fb57fff
3fafffff3fc4ffff
3fafffff3fd47fff
3fafffff3fe3ffff
3fafffff3ff37fff
3fb07fff3f82ffff
3fb07fff3f927fff
3fb07fff3fa1ffff
3fb07fff3fb17fff
3fb07fff3fc0ffff
3fb07fff3fd07fff
3fb07fff3fdfffff
3fb07fff3fef7fff
3fb07fff3ffeffff
3fb0ffff3f8e7fff
3fb0ffff3f9dffff
3fb0ffff3fad7fff
3fb0ffff3fbcffff
3fb0ffff3fcc7fff
3fb0ffff3fdbffff
3fb0ffff3feb7fff
3fb0ffff3ffaffff
3fb17fff3f8a7fff
3fb17fff3f99ffff
3fb17fff3fa97fff
3fb17fff3fb8ffff
3fb17fff3fc87fff
3fb17fff3fd7ffff
3fb17fff3fe77fff
3fb17fff3ff6ffff
3fb1ffff3f867fff
3fb1ffff3f95ffff
3fb1ffff3fa57fff
3fb1ffff3fb4ffff
3fb1ffff3fc47fff
3fb1ffff3fd3ffff
3fb1ffff3fe37fff
3fb1ffff3ff2ffff
3fb27fff3f827fff
3fb27fff3f91ffff
3fb27fff3fa17fff
3fb27fff3fb0ffff
3fb27fff3fc07fff
3fb27fff3fcfffff
3fb27fff3fdf7fff
3fb27fff3feeffff
3fb27fff3ffe7fff
3fb2ffff3f8dffff
3fb2ffff3f9d7fff
3fb2ffff3facffff
3fb2ffff3fbc7fff
3fb2ffff3fcbffff
3fb2ffff3fdb7fff
3fb2ffff3feaffff
3fb2ffff3ffa7fff
3fb37fff3f89ffff
3fb37fff3f997fff
3fb37fff3fa8ffff
3fb37fff3fb87fff
3fb37fff3fc7ffff
3fb37fff3fd77fff
3fb37fff3fe6ffff
3fb37fff3ff67fff
3fb3ffff3f85ffff
3fb3ffff3f957fff
3fb3ffff3fa4ffff
3fb3ffff3fb47fff
3fb3ffff3fc3ffff
3fb3ffff3fd37fff
3fb3ffff3fe2ffff
3fb3ffff3ff27fff
3fb47fff3f81ffff
3fb47fff3f917fff
3fb47fff3fa0ffff
3fb47fff3fb07fff
3fb47fff3fbfffff
3fb47fff3fcf7fff
3fb47fff3fdeffff
3fb47fff3fee7fff
3fb47fff3ffdffff
3fb4ffff3f8d7fff
3fb4ffff3f9cffff
3fb4ffff3fac7fff
3fb4ffff3fbbffff
3fb4ffff3fcb7fff
3fb4ffff3fdaffff
3fb4ffff3fea7fff
3fb4ffff3ff9ffff
3fb57fff3f897fff
3fb57fff3f98ffff
3fb57fff3fa87fff
3fb57fff3fb7ffff
3fb57fff3fc77fff
3fb57fff3fd6ffff
3fb57fff3fe67fff
3fb57fff3ff5ffff
3fb5ffff3f857fff
3fb5ffff3f94ffff
3fb5ffff3fa47fff
3fb5ffff3fb3ffff
3fb5ffff3fc37fff
3fb5ffff3fd2ffff
3fb5ffff3fe27fff
3fb5ffff3ff1ffff
3fb67fff3f817fff
3fb67fff3f90ffff
3fb67fff3fa07fff
3fb67fff3fafffff
3fb67fff3fbf7fff
3fb67fff3fceffff
3fb67fff3fde7fff
3fb67fff3fedffff
3fb67fff3ffd7fff
3fb6ffff3f8cffff
3fb6ffff3f9c7fff
3fb6ffff3fabffff
3fb6ffff3fbb7fff
3fb6ffff3fcaffff
3fb6ffff3fda7fff
3fb6ffff3fe9ffff
3fb6ffff3ff97fff
3fb77fff3f88ffff
3fb77fff3f987fff
3fb77fff3fa7ffff
3fb77fff3fb77fff
3fb77fff3fc6ffff
3fb77fff3fd67fff
3fb77fff3fe5ffff
3fb77fff3ff57fff
3fb7ffff3f84ffff
3fb7ffff3f947fff
3fb7ffff3fa3ffff
3fb7ffff3fb37fff
3fb7ffff3fc2ffff
3fb7ffff3fd27fff
3fb7ffff3fe1ffff
3fb7ffff3ff17fff
3fb87fff3f80ffff
3fb87fff3f907fff
3fb87fff3f9fffff
3fb87fff3faf7fff
3fb87fff3fbeffff
3fb87fff3fce7fff
3fb87fff3fddffff
3fb87fff3fed7fff
3fb87fff3ffcffff
3fb8ffff3f8c7fff
3fb8ffff3f9bffff
3fb8ffff3fab7fff
3fb8ffff3fbaffff
3fb8ffff3fca7fff
3fb8ffff3fd9ffff
3fb8ffff3fe97fff
3fb8ffff3ff8ffff
3fb97fff3f887fff
3fb97fff3f97ffff
3fb97fff3fa77fff
3fb97fff3fb6ffff
3fb97fff3fc67fff
3fb97fff3fd5ffff
3fb97fff3fe57fff
3fb97fff3ff4ffff
3fb9ffff3f847fff
3fb9ffff3f93ffff
3fb9ffff3fa37fff
3fb9ffff3fb2ffff
3fb9ffff3fc27fff
3fb9ffff3fd1ffff
3fb9ffff3fe17fff
3fb9ffff3ff0ffff
3fba7fff3f807fff
3fba7fff3f8fffff
3fba7fff3f9f7fff
3fba7fff3faeffff
3fba7fff3fbe7fff
3fba7fff3fcdffff
3fba7fff3fdd7fff
3fba7fff3fecffff
3fba7fff3ffc7fff
3fbaffff3f8bffff
3fbaffff3f9b7fff
3fbaffff3faaffff
3fbaffff3fba7fff
3fbaffff3fc9ffff
3fbaffff3fd97fff
3fbaffff3fe8ffff
3fbaffff3ff87fff
3fbb7fff3f87ffff
3fbb7fff3f977fff
3fbb7fff3fa6ffff
3fbb7fff3fb67fff
3fbb7fff3fc5ffff
3fbb7fff3fd57fff
3fbb7fff3fe4ffff
3fbb7fff3ff47fff
3fbbffff3f83ffff
3fbbffff3f937fff
3fbbffff3fa2ffff
3fbbffff3fb27fff
3fbbffff3fc1ffff
3fbbffff3fd17fff
3fbbffff3fe0ffff
3fbbffff3ff07fff
3fbbffff3fffffff
3fbc7fff3f8f7fff
3fbc7fff3f9effff
3fbc7fff3fae7fff
3fbc7fff3fbdffff
3fbc7fff3fcd7fff
3fbc7fff3fdcffff
3fbc7fff3fec7fff
3fbc7fff3ffbffff
3fbcffff3f8b7fff
3fbcffff3f9affff
3fbcffff3faa7fff
3fbcffff3fb9ffff
3fbcffff3fc97fff
3fbcffff3fd8ffff
3fbcffff3fe87fff
3fbcffff3ff7ffff
3fbd7fff3f877fff
3fbd7fff3f96ffff
3fbd7fff3fa67fff
3fbd7fff3fb5ffff
3fbd7fff3fc57fff
3fbd7fff3fd4ffff
3fbd7fff3fe47fff
3fbd7fff3ff3ffff
3fbdffff3f837fff
3fbdffff3f92ffff
3fbdffff3fa27fff
3fbdffff3fb1ffff
3fbdffff3fc17fff
3fbdffff3fd0ffff
3fbdffff3fe07fff
3fbdffff3fefffff
3fbdffff3fff7fff
3fbe7fff3f8effff
3fbe7fff3f9e7fff
3fbe7fff3fadffff
3fbe7fff3fbd7fff
3fbe7fff3fccffff
3fbe7fff3fdc7fff
3fbe7fff3febffff
3fbe7fff3ffb7fff
3fbeffff3f8affff
3fbeffff3f9a7fff
3fbeffff3fa9ffff
3fbeffff3fb97fff
3fbeffff3fc8ffff
3fbeffff3fd87fff
3fbeffff3fe7ffff
3fbeffff3ff77fff
3fbf7fff3f86ffff
3fbf7fff3f967fff
3fbf7fff3fa5ffff
3fbf7fff3fb57fff
3fbf7fff3fc4ffff
3fbf7fff3fd47fff
3fbf7fff3fe3ffff
3fbf7fff3ff37fff
3fbfffff3f82ffff
3fbfffff3f927fff
3fbfffff3fa1ffff
3fbfffff3fb17fff
3fbfffff3fc0ffff
3fbfffff3fd07fff
3fbfffff3fdfffff
3fbfffff3fef7fff
3fbfffff3ffeffff
3fc07fff3f8e7fff
3fc07fff3f9dffff
3fc07fff3fad7fff
3fc07fff3fbcffff
3fc07fff3fcc7fff
3fc07fff3fdbffff
3fc07fff3feb7fff
3fc07fff3ffaffff
3fc0ffff3f8a7fff
3fc0ffff3f99ffff
3fc0ffff3fa97fff
3fc0ffff3fb8ffff
3fc0ffff3fc87fff
3fc0ffff3fd7ffff
3fc0ffff3fe77fff
3fc0ffff3ff6ffff
3fc17fff3f867fff
3fc17fff3f95ffff
3fc17fff3fa57fff
3fc17fff3fb4ffff
3fc17fff3fc47fff
3fc17fff3fd3ffff
3fc17fff3fe37fff
3fc17fff3ff2ffff
3fc1ffff3f827fff
3fc1ffff3f91ffff
3fc1ffff3fa17fff
3fc1ffff3fb0ffff
3fc1ffff3fc07fff
3fc1ffff3fcfffff
3fc1ffff3fdf7fff
3fc1ffff3feeffff
3fc1ffff3ffe7fff
3fc27fff3f8dffff
3fc27fff3f9d7fff
3fc27fff3facffff
3fc27fff3fbc7fff
3fc27fff3fcbffff
3fc27fff3fdb7fff
3fc27fff3feaffff
3fc27fff3ffa7fff
3fc2ffff3f89ffff
3fc2ffff3f997fff
3fc2ffff3fa8ffff
3fc2ffff3fb87fff
3fc2ffff3fc7ffff
3fc2ffff3fd77fff
3fc2ffff3fe6ffff
3fc2ffff3ff67fff
3fc37fff3f85ffff
3fc37fff3f957fff
3fc37fff3fa4ffff
3fc37fff3fb47fff
3fc37fff3fc3ffff
3fc37fff3fd37fff
3fc37fff3fe2ffff
3fc37fff3ff27fff
3fc3ffff3f81ffff
3fc3ffff3f917fff
3fc3ffff3fa0ffff
3fc3ffff3fb07fff
3fc3ffff3fbfffff
3fc3ffff3fcf7fff
3fc3ffff3fdeffff
3fc3ffff3fee7fff
3fc3ffff3ffdffff
3fc47fff3f8d7fff
3fc47fff3f9cffff
3fc47fff3fac7fff
3fc47fff3fbbffff
3fc47fff3fcb7fff
3fc47fff3fdaffff
3fc47fff3fea7fff
3fc47fff3ff9ffff
3fc4ffff3f897fff
3fc4ffff3f98ffff
3fc4ffff3fa87fff
3fc4ffff3fb7ffff
3fc4ffff3fc77fff
3fc4ffff3fd6ffff
3fc4ffff3fe67fff
3fc4ffff3ff5ffff
3fc57fff3f857fff
3fc57fff3f94ffff
3fc57fff3fa47fff
3fc57fff3fb3ffff
3fc57fff3fc37fff
3fc57fff3fd2ffff
3fc57fff3fe27fff
3fc57fff3ff1ffff
3fc5ffff3f817fff
3fc5ffff3f90ffff
3fc5ffff3fa07fff
3fc5ffff3fafffff
3fc5ffff3fbf7fff
3fc5ffff3fceffff
3fc5ffff3fde7fff
3fc5ffff3fedffff
3fc5ffff3ffd7fff
3fc67fff3f8cffff
3fc67fff3f9c7fff
3fc67fff3fabffff
3fc67fff3fbb7fff
3fc67fff3fcaffff
3fc67fff3fda7fff
3fc67fff3fe9ffff
3fc67fff3ff97fff
3fc6ffff3f88ffff
3fc6ffff3f987fff
3fc6ffff3fa7ffff
3fc6ffff3fb77fff
3fc6ffff3fc6ffff
3fc6ffff3fd67fff
3fc6ffff3fe5ffff
3fc6ffff3ff57fff
3fc77fff3f84ffff
3fc77fff3f947fff
3fc77fff3fa3ffff
3fc77fff3fb37fff
3fc77fff3fc2ffff
3fc77fff3fd27fff
3fc77fff3fe1ffff
3fc77fff3ff17fff
3fc7ffff3f80ffff
3fc7ffff3f907fff
3fc7ffff3f9fffff
3fc7ffff3faf7fff
3fc7ffff3fbeffff
3fc7ffff3fce7fff
3fc7ffff3fddffff
3fc7ffff3fed7fff
3fc7ffff3ffcffff
3fc87fff3f8c7fff
3fc87fff3f9bffff
3fc87fff3fab7fff
3fc87fff3fbaffff
3fc87fff3fca7fff
3fc87fff3fd9ffff
3fc87fff3fe97fff
3fc87fff3ff8ffff
3fc8ffff3f887fff
3fc8ffff3f97ffff
3fc8ffff3fa77fff
3fc8ffff3fb6ffff
3fc8ffff3fc67fff
3fc8ffff3fd5ffff
3fc8ffff3fe57fff
3fc8ffff3ff4ffff
3fc97fff3f847fff
3fc97fff3f93ffff
3fc97fff3fa37fff
3fc97fff3fb2ffff
3fc97fff3fc27fff
3fc97fff3fd1ffff
3fc97fff3fe17fff
3fc97fff3ff0ffff
3fc9ffff3f807fff
3fc9ffff3f8fffff
3fc9ffff3f9f7fff
3fc9ffff3faeffff
3fc9ffff3fbe7fff
3fc9ffff3fcdffff
3fc9ffff3fdd7fff
3fc9ffff3fecffff
3fc9ffff3ffc7fff
3fca7fff3f8bffff
3fca7fff3f9b7fff
3fca7fff3faaffff
3fca7fff3fba7fff
3fca7fff3fc9ffff
3fca7fff3fd97fff
3fca7fff3fe8ffff
3fca7fff3ff87fff
3fcaffff3f87ffff
3fcaffff3f977fff
3fcaffff3fa6ffff
3fcaffff3fb67fff
3fcaffff3fc5ffff
3fcaffff3fd57fff
3fcaffff3fe4ffff
3fcaffff3ff47fff
3fcb7fff3f83ffff
3fcb7fff3f937fff
3fcb7fff3fa2ffff
3fcb7fff3fb27fff
3fcb7fff3fc1ffff
3fcb7fff3fd17fff
3fcb7fff3fe0ffff
3fcb7fff3ff07fff
3fcb7fff3fffffff
3fcbffff3f8f7fff
3fcbffff3f9effff
3fcbffff3fae7fff
3fcbffff3fbdffff
3fcbffff3fcd7fff
3fcbffff3fdcffff
3fcbffff3fec7fff
3fcbffff3ffbffff
3fcc7fff3f8b7fff
3fcc7fff3f9affff
3fcc7fff3faa7fff
3fcc7fff3fb9ffff
3fcc7fff3fc97fff
3fcc7fff3fd8ffff
3fcc7fff3fe87fff
3fcc7fff3ff7ffff
3fccffff3f877fff
3fccffff3f96ffff
3fccffff3fa67fff
3fccffff3fb5ffff
3fccffff3fc57fff
3fccffff3fd4ffff
3fccffff3fe47fff
3fccffff3ff3ffff
3fcd7fff3f837fff
3fcd7fff3f92ffff
3fcd7fff3fa27fff
3fcd7fff3fb1ffff
3fcd7fff3fc17fff
3fcd7fff3fd0ffff
3fcd7fff3fe07fff
3fcd7fff3fefffff
3fcd7fff3fff7fff
3fcdffff3f8effff
3fcdffff3f9e7fff
3fcdffff3fadffff
3fcdffff3fbd7fff
3fcdffff3fccffff
3fcdffff3fdc7fff
3fcdffff3febffff
3fcdffff3ffb7fff
3fce7fff3f8affff
3fce7fff3f9a7fff
3fce7fff3fa9ffff
3fce7fff3fb97fff
3fce7fff3fc8ffff
3fce7fff3fd87fff
3fce7fff3fe7ffff
3fce7fff3ff77fff
3fceffff3f86ffff
3fceffff3f967fff
3fceffff3fa5ffff
3fceffff3fb57fff
3fceffff3fc4ffff
3fceffff3fd47fff
3fceffff3fe3ffff
3fceffff3ff37fff
3fcf7fff3f82ffff
3fcf7fff3f927fff
3fcf7fff3fa1ffff
3fcf7fff3fb17fff
3fcf7fff3fc0ffff
3fcf7fff3fd07fff
3fcf7fff3fdfffff
3fcf7fff3fef7fff
3fcf7fff3ffeffff
3fcfffff3f8e7fff
3fcfffff3f9dffff
3fcfffff3fad7fff
3fcfffff3fbcffff
3fcfffff3fcc7fff
3fcfffff3fdbffff
3fcfffff3feb7fff
3fcfffff3ffaffff
3fd07fff3f8a7fff
3fd07fff3f99ffff
3fd07fff3fa97fff
3fd07fff3fb8ffff
3fd07fff3fc87fff
3fd07fff3fd7ffff
3fd07fff3fe77fff
3fd07fff3ff6ffff
3fd0ffff3f867fff
3fd0ffff3f95ffff
3fd0ffff3fa57fff
3fd0ffff3fb4ffff
3fd0ffff3fc47fff
3fd0ffff3fd3ffff
3fd0ffff3fe37fff
3fd0ffff3ff2ffff
3fd17fff3f827fff
3fd17fff3f91ffff
3fd17fff3fa17fff
3fd17fff3fb0ffff
3fd17fff3fc07fff
3fd17fff3fcfffff
3fd17fff3fdf7fff
3fd17fff3feeffff
3fd17fff3ffe7fff
3fd1ffff3f8dffff
3fd1ffff3f9d7fff
3fd1ffff3facffff
3fd1ffff3fbc7fff
3fd1ffff3fcbffff
3fd1ffff3fdb7fff
3fd1ffff3feaffff
3fd1ffff3ffa7fff
3fd27fff3f89ffff
3fd27fff3f997fff
3fd27fff3fa8ffff
3fd27fff3fb87fff
3fd27fff3fc7ffff
3fd27fff3fd77fff
3fd27fff3fe6ffff
3fd27fff3ff67fff
3fd2ffff3f85ffff
3fd2ffff3f957fff
3fd2ffff3fa4ffff
3fd2ffff3fb47fff
3fd2ffff3fc3ffff
3fd2ffff3fd37fff
3fd2ffff3fe2ffff
3fd2ffff3ff27fff
3fd37fff3f81ffff
3fd37fff3f917fff
3fd37fff3fa0ffff
3fd37fff3fb07fff
3fd37fff3fbfffff
3fd37fff3fcf7fff
3fd37fff3fdeffff
3fd37fff3fee7fff
3fd37fff3ffdffff
3fd3ffff3f8d7fff
3fd3ffff3f9cffff
3fd3ffff3fac7fff
3fd3ffff3fbbffff
3fd3ffff3fcb7fff
3fd3ffff3fdaffff
3fd3ffff3fea7fff
3fd3ffff3ff9ffff
3fd47fff3f897fff
3fd47fff3f98ffff
3fd47fff3fa87fff
3fd47fff3fb7ffff
3fd47fff3fc77fff
3fd47fff3fd6ffff
3fd47fff3fe67fff
3fd47fff3ff5ffff
3fd4ffff3f857fff
3fd4ffff3f94ffff
3fd4ffff3fa47fff
3fd4ffff3fb3ffff
3fd4ffff3fc37fff
3fd4ffff3fd2ffff
3fd4ffff3fe27fff
3fd4ffff3ff1ffff
3fd57fff3f817fff
3fd57fff3f90ffff
3fd57fff3fa07fff
3fd57fff3fafffff
3fd57fff3fbf7fff
3fd57fff3fceffff
3fd57fff3fde7fff
3fd57fff3fedffff
3fd57fff3ffd7fff
3fd5ffff3f8cffff
3fd5ffff3f9c7fff
3fd5ffff3fabffff
3fd5ffff3fbb7fff
3fd5ffff3fcaffff
3fd5ffff3fda7fff
3fd5ffff3fe9ffff
3fd5ffff3ff97fff
3fd67fff3f88ffff
3fd67fff3f987fff
3fd67fff3fa7ffff
3fd67fff3fb77fff
3fd67fff3fc6ffff
3fd67fff3fd67fff
3fd67fff3fe5ffff
3fd67fff3ff57fff
3fd6ffff3f84ffff
3fd6ffff3f947fff
3fd6ffff3fa3ffff
3fd6ffff3fb37fff
3fd6ffff3fc2ffff
3fd6ffff3fd27fff
3fd6ffff3fe1ffff
3fd6ffff3ff17fff
3fd77fff3f80ffff
3fd77fff3f907fff
3fd77fff3f9fffff
3fd77fff3faf7fff
3fd77fff3fbeffff
3fd77fff3fce7fff
3fd77fff3fddffff
3fd77fff3fed7fff
3fd77fff3ffcffff
3fd7ffff3f8c7fff
3fd7ffff3f9bffff
3fd7ffff3fab7fff
3fd7ffff3fbaffff
3fd7ffff3fca7fff
3fd7ffff3fd9ffff
3fd7ffff3fe97fff
3fd7ffff3ff8ffff
3fd87fff3f887fff
3fd87fff3f97ffff
3fd87fff3fa77fff
3fd87fff3fb6ffff
3fd87fff3fc67fff
3fd87fff3fd5ffff
3fd87fff3fe57fff
3fd87fff3ff4ffff
3fd8ffff3f847fff
3fd8ffff3f93ffff
3fd8ffff3fa37fff
3fd8ffff3fb2ffff
3fd8ffff3fc27fff
3fd8ffff3fd1ffff
3fd8ffff3fe17fff
3fd8ffff3ff0ffff
3fd97fff3f807fff
3fd97fff3f8fffff
3fd97fff3f9f7fff
3fd97fff3faeffff
3fd97fff3fbe7fff
3fd97fff3fcdffff
3fd97fff3fdd7fff
3fd97fff3fecffff
3fd97fff3ffc7fff
3fd9ffff3f8bffff
3fd9ffff3f9b7fff
3fd9ffff3faaffff
3fd9ffff3fba7fff
3fd9ffff3fc9ffff
3fd9ffff3fd97fff
3fd9ffff3fe8ffff
3fd9ffff3ff87fff
3fda7fff3f87ffff
3fda7fff3f977fff
3fda7fff3fa6ffff
3fda7fff3fb67fff
3fda7fff3fc5ffff
3fda7fff3fd57fff
3fda7fff3fe4ffff
3fda7fff3ff47fff
3fdaffff3f83ffff
3fdaffff3f937fff
3fdaffff3fa2ffff
3fdaffff3fb27fff
3fdaffff3fc1ffff
3fdaffff3fd17fff
3fdaffff3fe0ffff
3fdaffff3ff07fff
3fdaffff3fffffff
3fdb7fff3f8f7fff
3fdb7fff3f9effff
3fdb7fff3fae7fff
3fdb7fff3fbdffff
3fdb7fff3fcd7fff
3fdb7fff3fdcffff
3fdb7fff3fec7fff
3fdb7fff3ffbffff
3fdbffff3f8b7fff
3fdbffff3f9affff
3fdbffff3faa7fff
3fdbffff3fb9ffff
3fdbffff3fc97fff
3fdbffff3fd8ffff
3fdbffff3fe87fff
3fdbffff3ff7ffff
3fdc7fff3f877fff
3fdc7fff3f96ffff
3fdc7fff3fa67fff
3fdc7fff3fb5ffff
3fdc7fff3fc57fff
3fdc7fff3fd4ffff
3fdc7fff3fe47fff
3fdc7fff3ff3ffff
3fdcffff3f837fff
3fdcffff3f92ffff
3fdcffff3fa27fff
3fdcffff3fb1ffff
3fdcffff3fc17fff
3fdcffff3fd0ffff
3fdcffff3fe07fff
3fdcffff3fefffff
3fdcffff3fff7fff
3fdd7fff3f8effff
3fdd7fff3f9e7fff
3fdd7fff3fadffff
3fdd7fff3fbd7fff
3fdd7fff3fccffff
3fdd7fff3fdc7fff
3fdd7fff3febffff
3fdd7fff3ffb7fff
3fddffff3f8affff
3fddffff3f9a7fff
3fddffff3fa9ffff
3fddffff3fb97fff
3fddffff3fc8ffff
3fddffff3fd87fff
3fddffff3fe7ffff
3fddffff3ff77fff
3fde7fff3f86ffff
3fde7fff3f967fff
3fde7fff3fa5ffff
3fde7fff3fb57fff
3fde7fff3fc4ffff
3fde7fff3fd47fff
3fde7fff3fe3ffff
3fde7fff3ff37fff
3fdeffff3f82ffff
3fdeffff3f927fff
3fdeffff3fa1ffff
3fdeffff3fb17fff
3fdeffff3fc0ffff
3fdeffff3fd07fff
3fdeffff3fdfffff
3fdeffff3fef7fff
3fdeffff3ffeffff
3fdf7fff3f8e7fff
3fdf7fff3f9dffff
3fdf7fff3fad7fff
3fdf7fff3fbcffff
3fdf7fff3fcc7fff
3fdf7fff3fdbffff
3fdf7fff3feb7fff
3fdf7fff3ffaffff
3fdfffff3f8a7fff
3fdfffff3f99ffff
3fdfffff3fa97fff
3fdfffff3fb8ffff
3fdfffff3fc87fff
3fdfffff3fd7ffff
3fdfffff3fe77fff
3fdfffff3ff6ffff
3fe07fff3f867fff
3fe07fff3f95ffff
3fe07fff3fa57fff
3fe07fff3fb4ffff
3fe07fff3fc47fff
3fe07fff3fd3ffff
3fe07fff3fe37fff
3fe07fff3ff2ffff
3fe0ffff3f827fff
3fe0ffff3f91ffff
3fe0ffff3fa17fff
3fe0ffff3fb0ffff
3fe0ffff3fc07fff
3fe0ffff3fcfffff
3fe0ffff3fdf7fff
3fe0ffff3feeffff
3fe0ffff3ffe7fff
3fe17fff3f8dffff
3fe17fff3f9d7fff
3fe17fff3facffff
3fe17fff3fbc7fff
3fe17fff3fcbffff
3fe17fff3fdb7fff
3fe17fff3feaffff
3fe17fff3ffa7fff
3fe1ffff3f89ffff
3fe1ffff3f997fff
3fe1ffff3fa8ffff
3fe1ffff3fb87fff
3fe1ffff3fc7ffff
3fe1ffff3fd77fff
3fe1ffff3fe6ffff
3fe1ffff3ff67fff
3fe27fff3f85ffff
3fe27fff3f957fff
3fe27fff3fa4ffff
3fe27fff3fb47fff
3fe27fff3fc3ffff
3fe27fff3fd37fff
3fe27fff3fe2ffff
3fe27fff3ff27fff
3fe2ffff3f81ffff
3fe2ffff3f917fff
3fe2ffff3fa0ffff
3fe2ffff3fb07fff
3fe2ffff3fbfffff
3fe2ffff3fcf7fff
3fe2ffff3fdeffff
3fe2ffff3fee7fff
3fe2ffff3ffdffff
3fe37fff3f8d7fff
3fe37fff3f9cffff
3fe37fff3fac7fff
3fe37fff3fbbffff
3fe37fff3fcb7fff
3fe37fff3fdaffff
3fe37fff3fea7fff
3fe37fff3ff9ffff
3fe3ffff3f897fff
3fe3ffff3f98ffff
3fe3ffff3fa87fff
3fe3ffff3fb7ffff
3fe3ffff3fc77fff
3fe3ffff3fd6ffff
3fe3ffff3fe67fff
3fe3ffff3ff5ffff
3fe47fff3f857fff
3fe47fff3f94ffff
3fe47fff3fa47fff
3fe47fff3fb3ffff
3fe47fff3fc37fff
3fe47fff3fd2ffff
3fe47fff3fe27fff
3fe47fff3ff1ffff
3fe4ffff3f817fff
3fe4ffff3f90ffff
3fe4ffff3fa07fff
3fe4ffff3fafffff
3fe4ffff3fbf7fff
3fe4ffff3fceffff
3fe4ffff3fde7fff
3fe4ffff3fedffff
3fe4ffff3ffd7fff
3fe57fff3f8cffff
3fe57fff3f9c7fff
3fe57fff3fabffff
3fe57fff3fbb7fff
3fe57fff3fcaffff
3fe57fff3fda7fff
3fe57fff3fe9ffff
3fe57fff3ff97fff
3fe5ffff3f88ffff
3fe5ffff3f987fff
3fe5ffff3fa7ffff
3fe5ffff3fb77fff
3fe5ffff3fc6ffff
3fe5ffff3fd67fff
3fe5ffff3fe5ffff
3fe5ffff3ff57fff
3fe67fff3f84ffff
3fe67fff3f947fff
3fe67fff3fa3ffff
3fe67fff3fb37fff
3fe67fff3fc2ffff
3fe67fff3fd27fff
3fe67fff3fe1ffff
3fe67fff3ff17fff
3fe6ffff3f80ffff
3fe6ffff3f907fff
3fe6ffff3f9fffff
3fe6ffff3faf7fff
3fe6ffff3fbeffff
3fe6ffff3fce7fff
3fe6ffff3fddffff
3fe6ffff3fed7fff
3fe6ffff3ffcffff
3fe77fff3f8c7fff
3fe77fff3f9bffff
3fe77fff3fab7fff
3fe77fff3fbaffff
3fe77fff3fca7fff
3fe77fff3fd9ffff
3fe77fff3fe97fff
3fe77fff3ff8ffff
3fe7ffff3f887fff
3fe7ffff3f97ffff
3fe7ffff3fa77fff
3fe7ffff3fb6ffff
3fe7ffff3fc67fff
3fe7ffff3fd5ffff
3fe7ffff3fe57fff
3fe7ffff3ff4ffff
3fe87fff3f847fff
3fe87fff3f93ffff
3fe87fff3fa37fff
3fe87fff3fb2ffff
3fe87fff3fc27fff
3fe87fff3fd1ffff
3fe87fff3fe17fff
3fe87fff3ff0ffff
3fe8ffff3f807fff
3fe8ffff3f8fffff
3fe8ffff3f9f7fff
3fe8ffff3faeffff
3fe8ffff3fbe7fff
3fe8ffff3fcdffff
3fe8ffff3fdd7fff
3fe8ffff3fecffff
3fe8ffff3ffc7fff
3fe97fff3f8bffff
3fe97fff3f9b7fff
3fe97fff3faaffff
3fe97fff3fba7fff
3fe97fff3fc9ffff
3fe97fff3fd97fff
3fe97fff3fe8ffff
3fe97fff3ff87fff
3fe9ffff3f87ffff
3fe9ffff3f977fff
3fe9ffff3fa6ffff
3fe9ffff3fb67fff
3fe9ffff3fc5ffff
3fe9ffff3fd57fff
3fe9ffff3fe4ffff
3fe9ffff3ff47fff
3fea7fff3f83ffff
3fea7fff3f937fff
3fea7fff3fa2ffff
3fea7fff3fb27fff
3fea7fff3fc1ffff
3fea7fff3fd17fff
3fea7fff3fe0ffff
3fea7fff3ff07fff
3fea7fff3fffffff
3feaffff3f8f7fff
3feaffff3f9effff
3feaffff3fae7fff
3feaffff3fbdffff
3feaffff3fcd7fff
3feaffff3fdcffff
3feaffff3fec7fff
3feaffff3ffbffff
3feb7fff3f8b7fff
3feb7fff3f9affff
3feb7fff3faa7fff
3feb7fff3fb9ffff
3feb7fff3fc97fff
3feb7fff3fd8ffff
3feb7fff3fe87fff
3feb7fff3ff7ffff
3febffff3f877fff
3febffff3f96ffff
3febffff3fa67fff
3febffff3fb5ffff
3febffff3fc57fff
3febffff3fd4ffff
3febffff3fe47fff
3febffff3ff3ffff
3fec7fff3f837fff
3fec7fff3f92ffff
3fec7fff3fa27fff
3fec7fff3fb1ffff
3fec7fff3fc17fff
3fec7fff3fd0ffff
3fec7fff3fe07fff
3fec7fff3fefffff
3fec7fff3fff7fff
3fecffff3f8effff
3fecffff3f9e7fff
3fecffff3fadffff
3fecffff3fbd7fff
3fecffff3fccffff
3fecffff3fdc7fff
3fecffff3febffff
3fecffff3ffb7fff
3fed7fff3f8affff
3fed7fff3f9a7fff
3fed7fff3fa9ffff
3fed7fff3fb97fff
3fed7fff3fc8ffff
3fed7fff3fd87fff
3fed7fff3fe7ffff
3fed7fff3ff77fff
3fedffff3f86ffff
3fedffff3f967fff
3fedffff3fa5ffff
3fedffff3fb57fff
3fedffff3fc4ffff
3fedffff3fd47fff
3fedffff3fe3ffff
3fedffff3ff37fff
3fee7fff3f82ffff
3fee7fff3f927fff
3fee7fff3fa1ffff
3fee7fff3fb17fff
3fee7fff3fc0ffff
3fee7fff3fd07fff
3fee7fff3fdfffff
3fee7fff3fef7fff
3fee7fff3ffeffff
3feeffff3f8e7fff
3feeffff3f9dffff
3feeffff3fad7fff
3feeffff3fbcffff
3feeffff3fcc7fff
3feeffff3fdbffff
3feeffff3feb7fff
3feeffff3ffaffff
3fef7fff3f8a7fff
3fef7fff3f99ffff
3fef7fff3fa97fff
3fef7fff3fb8ffff
3fef7fff3fc87fff
3fef7fff3fd7ffff
3fef7fff3fe77fff
3fef7fff3ff6ffff
3fefffff3f867fff
3fefffff3f95ffff
3fefffff3fa57fff
3fefffff3fb4ffff
3fefffff3fc47fff
3fefffff3fd3ffff
3fefffff3fe37fff
3fefffff3ff2ffff
3ff07fff3f827fff
3ff07fff3f91ffff
3ff07fff3fa17fff
3ff07fff3fb0ffff
3ff07fff3fc07fff
3ff07fff3fcfffff
3ff07fff3fdf7fff
3ff07fff3feeffff
3ff07fff3ffe7fff
3ff0ffff3f8dffff
3ff0ffff3f9d7fff
3ff0ffff3facffff
3ff0ffff3fbc7fff
3ff0ffff3fcbffff
3ff0ffff3fdb7fff
3ff0ffff3feaffff
3ff0ffff3ffa7fff
3ff17fff3f89ffff
3ff17fff3f997fff
3ff17fff3fa8ffff
3ff17fff3fb87fff
3ff17fff3fc7ffff
3ff17fff3fd77fff
3ff17fff3fe6ffff
3ff17fff3ff67fff
3ff1ffff3f85ffff
3ff1ffff3f957fff
3ff1ffff3fa4ffff
3ff1ffff3fb47fff
3ff1ffff3fc3ffff
3ff1ffff3fd37fff
3ff1ffff3fe2ffff
3ff1ffff3ff27fff
3ff27fff3f81ffff
3ff27fff3f917fff
3ff27fff3fa0ffff
3ff27fff3fb07fff
3ff27fff3fbfffff
3ff27fff3fcf7fff
3ff27fff3fdeffff
3ff27fff3fee7fff
3ff27fff3ffdffff
3ff2ffff3f8d7fff
3ff2ffff3f9cffff
3ff2ffff3fac7fff
3ff2ffff3fbbffff
3ff2ffff3fcb7fff
3ff2ffff3fdaffff
3ff2ffff3fea7fff
3ff2ffff3ff9ffff
3ff37fff3f897fff
3ff37fff3f98ffff
3ff37fff3fa87fff
3ff37fff3fb7ffff
3ff37fff3fc77fff
3ff37fff3fd6ffff
3ff37fff3fe67fff
3ff37fff3ff5ffff
3ff3ffff3f857fff
3ff3ffff3f94ffff
3ff3ffff3fa47fff
3ff3ffff3fb3ffff
3ff3ffff3fc37fff
3ff3ffff3fd2ffff
3ff3ffff3fe27fff
3ff3ffff3ff1ffff
3ff47fff3f817fff
3ff47fff3f90ffff
3ff47fff3fa07fff
3ff47fff3fafffff
3ff47fff3fbf7fff
3ff47fff3fceffff
3ff47fff3fde7fff
3ff47fff3fedffff
3ff47fff3ffd7fff
3ff4ffff3f8cffff
3ff4ffff3f9c7fff
3ff4ffff3fabffff
3ff4ffff3fbb7fff
3ff4ffff3fcaffff
3ff4ffff3fda7fff
3ff4ffff3fe9ffff
3ff4ffff3ff97fff
3ff57fff3f88ffff
3ff57fff3f987fff
3ff57fff3fa7ffff
3ff57fff3fb77fff
3ff57fff3fc6ffff
3ff57fff3fd67fff
3ff57fff3fe5ffff
3ff57fff3ff57fff
3ff5ffff3f84ffff
3ff5ffff3f947fff
3ff5ffff3fa3ffff
3ff5ffff3fb37fff
3ff5ffff3fc2ffff
3ff5ffff3fd27fff
3ff5ffff3fe1ffff
3ff5ffff3ff17fff
3ff67fff3f80ffff
3ff67fff3f907fff
3ff67fff3f9fffff
3ff67fff3faf7fff
3ff67fff3fbeffff
3ff67fff3fce7fff
3ff67fff3fddffff
3ff67fff3fed7fff
3ff67fff3ffcffff
3ff6ffff3f8c7fff
3ff6ffff3f9bffff
3ff6ffff3fab7fff
3ff6ffff3fbaffff
3ff6ffff3fca7fff
3ff6ffff3fd9ffff
3ff6ffff3fe97fff
3ff6ffff3ff8ffff
3ff77fff3f887fff
3ff77fff3f97ffff
3ff77fff3fa77fff
3ff77fff3fb6ffff
3ff77fff3fc67fff
3ff77fff3fd5ffff
3ff77fff3fe57fff
3ff77fff3ff4ffff
3ff7ffff3f847fff
3ff7ffff3f93ffff
3ff7ffff3fa37fff
3ff7ffff3fb2ffff
3ff7ffff3fc27fff
3ff7ffff3fd1ffff
3ff7ffff3fe17fff
3ff7ffff3ff0ffff
3ff87fff3f807fff
3ff87fff3f8fffff
3ff87fff3f9f7fff
3ff87fff3faeffff
3ff87fff3fbe7fff
3ff87fff3fcdffff
3ff87fff3fdd7fff
3ff87fff3fecffff
3ff87fff3ffc7fff
3ff8ffff3f8bffff
3ff8ffff3f9b7fff
3ff8ffff3faaffff
3ff8ffff3fba7fff
3ff8ffff3fc9ffff
3ff8ffff3fd97fff
3ff8ffff3fe8ffff
3ff8ffff3ff87fff
3ff97fff3f87ffff
3ff97fff3f977fff
3ff97fff3fa6ffff
3ff97fff3fb67fff
3ff97fff3fc5ffff
3ff97fff3fd57fff
3ff97fff3fe4ffff
3ff97fff3ff47fff
3ff9ffff3f83ffff
3ff9ffff3f937fff
3ff9ffff3fa2ffff
3ff9ffff3fb27fff
3ff9ffff3fc1ffff
3ff9ffff3fd17fff
3ff9ffff3fe0ffff
3ff9ffff3ff07fff
3ff9ffff3fffffff
3ffa7fff3f8f7fff
3ffa7fff3f9effff
3ffa7fff3fae7fff
3ffa7fff3fbdffff
3ffa7fff3fcd7fff
3ffa7fff3fdcffff
3ffa7fff3fec7fff
3ffa7fff3ffbffff
3ffaffff3f8b7fff
3ffaffff3f9affff
3ffaffff3faa7fff
3ffaffff3fb9ffff
3ffaffff3fc97fff
3ffaffff3fd8ffff
3ffaffff3fe87fff
3ffaffff3ff7ffff
3ffb7fff3f877fff
3ffb7fff3f96ffff
3ffb7fff3fa67fff
3ffb7fff3fb5ffff
3ffb7fff3fc57fff
3ffb7fff3fd4ffff
3ffb7fff3fe47fff
3ffb7fff3ff3ffff
3ffbffff3f837fff
3ffbffff3f92ffff
3ffbffff3fa27fff
3ffbffff3fb1ffff
3ffbffff3fc17fff
3ffbffff3fd0ffff
3ffbffff3fe07fff
3ffbffff3fefffff
3ffbffff3fff7fff
3ffc7fff3f8effff
3ffc7fff3f9e7fff
3ffc7fff3fadffff
3ffc7fff3fbd7fff
3ffc7fff3fccffff
3ffc7fff3fdc7fff
3ffc7fff3febffff
3ffc7fff3ffb7fff
3ffcffff3f8affff
3ffcffff3f9a7fff
3ffcffff3fa9ffff
3ffcffff3fb97fff
3ffcffff3fc8ffff
3ffcffff3fd87fff
3ffcffff3fe7ffff
3ffcffff3ff77fff
3ffd7fff3f86ffff
3ffd7fff3f967fff
3ffd7fff3fa5ffff
3ffd7fff3fb57fff
3ffd7fff3fc4ffff
3ffd7fff3fd47fff
3ffd7fff3fe3ffff
3ffd7fff3ff37fff
3ffdffff3f82ffff
3ffdffff3f927fff
3ffdffff3fa1ffff
3ffdffff3fb17fff
3ffdffff3fc0ffff
3ffdffff3fd07fff
3ffdffff3fdfffff
3ffdffff3fef7fff
3ffdffff3ffeffff
3ffe7fff3f8e7fff
3ffe7fff3f9dffff
3ffe7fff3fad7fff
3ffe7fff3fbcffff
3ffe7fff3fcc7fff
3ffe7fff3fdbffff
3ffe7fff3feb7fff
3ffe7fff3ffaffff
3ffeffff3f8a7fff
3ffeffff3f99ffff
3ffeffff3fa97fff
3ffeffff3fb8ffff
3ffeffff3fc87fff
3ffeffff3fd7ffff
3ffeffff3fe77fff
3ffeffff3ff6ffff
3fff7fff3f867fff
3fff7fff3f95ffff
3fff7fff3fa57fff
3fff7fff3fb4ffff
3fff7fff3fc47fff
3fff7fff3fd3ffff
3fff7fff3fe37fff
3fff7fff3ff2ffff
3fffffff3f827fff
3fffffff3f91ffff
3fffffff3fa17fff
3fffffff3fb0ffff
3fffffff3fc07fff
3fffffff3fcfffff
3fffffff3fdf7fff
3fffffff3feeffff
3fffffff3ffe7fff
c2822bfac1b1b6d4
48570f05435aa289
c51623e2390fe7b9
c2aa44a4c2813956
c2882749c870e0db
3d37482d37c37876
c8273a07b7e303ed
bc8a784c3fb8f54b
c33850a0bf278db5
45fa483b372be6f5
b81d12c33e862321
bc7600b642f50a70
4845d621c618648f
b7eb8accc85af72f
3cee957f38cfd051
b71c63e6c00b0eae
3b23b498c1427ac6
3e7d533443285627
bfea5b75b754715a
c641be3db87ad8eb
c13fcb7f4328744a
bfcb3a46ba646113
43cc3829b8eca7ad
c1f1b68344d5d50d
c34ced6bba8d0393
429bb85c4091bc9f
4814eeb041ec5c60
c2ff384a42b2765e
bb5ede85b7200304
44980498b83e2513
c386cb054184aa60
42f182d34771e461
3f92b37042a74be2
3f3368b5b91d3e69
c3bc9cd3370dd9f6
4709bbaec29dc1a8
b8525e8bc0289f69
3fe44c1939be5b15
3c10dd5dc468d28e
b7e2afd345650d3c
c3ffe2fd3981b5db
bc9b612744ab1bd4
3f4ad9ccc7c71ad2
381a290cc5b75544
ba68317ec681dae5
c5ef2cea421051f0
3bfb72b943ffb06d
c2fd7f56c425f38a
c0c70f7137fc46c3
bf0b5ee43fdae4ac
c7a11e7cbf4068bc
c87553d542f8a784
3a1c8cb941baa3d8
43fc8b2937558f19
3ce71391b90b5bcf
c1e6d4ee3b69ff1d
4146f8b6c66967a8
47a33997c0b4b4c1
3902f863bb30d2f9
c4f7efd9bc4d4ddf
431db5b044267785
bb589fddb9d62a40
be5216ccc5eedc49
40d8fe913a13de2c
be35fdc5ba29f1b8
41eb6dfa3aa7529b
c0fe7db147b726e8
c62684e73f7e9438
bafe5e4443a899ae
3d309b5fc5649306
bfb4e402b7bf6651
bad184adb81265f5
42e1f5f03c4ccbcd
40eba85ec1c25bf6
399d58cc3cf3140d
b84528a4418b031c
37e1852abcfca2fe
387dd9c93855d3d6
38f22cf6c3fd7572
3eda480ac3bdb399
be62754b39f62986
c6ff2494ba2d0efe
bb369d66c6f408de
381ac69a3a806ac9
487bb1183a733925
479fcbc9ba8344f7
b7e062eb3ab83da2
b9b2756a3900e288
c7a32732c6cf63b9
473a329639d71786
bec66278bb2ed439
46cb500543186240
be6c8581c02f620e
3cf64f41bd1dc8a0
3f234db8484d1c66
46dccc3a3bff904d
39f34f7e3fcb5601
37351081bec1de48
b7c080fe3784ef9a
bccfe72c38698463
485d0dcac0efef9e
39b9739cc33d1dd4
46a8c2ae44938ff0
439ba33037a6f07f
c38ff081ba2c2325
bd006009c14d4142
3b8fcb7645d30165
3b36b85bbca694c3
be4d8ae645212742
b7d44f353eb8b16b
c787766ec2c0c56c
c71e9f673b8eeb97
c404c82b4398c8da
3c04fb9f3bd94cb2
3e46098b391f9656
45f78143c0d63243
45e46620ba6e130a
c0804c73393bbee9
41b997d1ba77b116
c5b72f76ba533600
47d1c9d23f2cee00
388ec1e6c061947e
bcdd19693819cded
3a1c036d3c5eb12e
b8228e54c72ac8e9
c241e7214587f2bc
bf4b70fc3db175d3
bdffdaa5bbf43f3c
434e1b0e47edc09c
4435c4ddc5a886c8
43b2cd93b89ea699
b9261a134168c8e2
3a2b87a3c2fb7c20
4357ac803b1ae307
408c857bbdc4ea05
c757cad9bf8172de
c41d2f973bde6913
bbc15479c3b4b122
c33f85ffbf14de50
bcb4021c41e84f1a
3850ae53be9d0152
4779f7f544b10ff9
39aecae238e01ddd
4393916c3fa95a2b
c41faec23938f264
450a1cc23fafc53b
c03ca0b3c364a055
40671085ba0f4d04
43b6cf9146b4b46a
42578ca8bf6df1b9
c4f14c183cd9299a
be036f5ec68cc9b3
41def9efc3b4fa34
470283dbb7c528e4
b8c0411937b49c17
3eb7a4afbd7a1457
382ca64040e41bec
37d2db1c38a2bc07
c4094a64beb21090
3ecd993b458d6d8d
b93bc197bbe68547
3af47f03bfbbbc85
b9363ff6c038891a
3acbc072416abe00
c7dbc2cabc89e986
3b627b85455a1f7f
c09379f1c5ea3b8a
37b95af744af32cd
c3242ddac2a19dd2
468f6a93c70b8a0a
c0209f2237bf1cd0
3a2d7df5c0168860
38e1ee60c1063a1c
40d64b203aba48f4
ba0182e33dc4ce94
3d4e62ddc7ed8aaa
c0028e12bfc0c331
4303ee5e377e071c
c1ba68024333a471
b71ded8a41e635c4
b7b9dd0abcd8e489
37bff8f14057d3f5
38441cc8c8317f1f
c7a8cca9b9af0f4d
bbe634b3421f045d
be146e17c2b6404f
3c4737ffbed712b8
44bc19b2c74df2fb
3bdad6a03aaa8c72
44bdfc52bc626e84
b8f08c5ec585bdbc
bed8fcb040e4fec4
c056d4e9b80d7270
37f780ce431f3f80
441b248a40142855
c834368bba0ef1b3
c807fa37c4393dff
ba0320593ce1d6ee
37daf41f3ce28469
395063f0bac3cae6
c07f2a83bd43db32
47fa51b6bd4452d8
b977806eb885d0ae
3ea4749ac2c6f86c
392bcbb73a03a463
41eab17241e92813
4591f37442da45e4
c86e01553b0ba771
c69ac898c72e9c64
376982f0bbbf976c
c7989bd1373d7e19
4204d38d3cc5076d
3bee4df2b9008c05
405c1f30c2aeaf59
c528510eb92f6a46
c16ee16ebb6c9c59
436cba7ebd8ed333
41024208c07ee12c
bc7a41e3bfb0515a
3ccb5bf043e9c5b4
4381148a3ffb22b0
419e20173988a431
b79ee0e4bd7a8e9a
421ea12ab79c5b4e
3dc2251dc20cec3d
bf2d5f83426b5b50
3aa3ea2cc23a2781
3818ecef4007049f
be743e27376027ff
463df6793bd8ebb2
b9b727dfc24edf13
c6018e91432d4567
3f430a25c2562369
411ba9263b315901
c0aff7f7c4ca4d46
372bb1bd3d8524b9
bae98a6243bd8a9c
3a72c5273f4324d2
c23ba90ac4bd37eb
3bbee1bbc12ecd8c
c070d9e543bfd9ea
bbbd56383a876916
be4ae80ec123c919
385eeec0c5db30ea
ba88c4e1391491cb
4557486e41b7e2cd
3bbf87e2be43d9f9
c09dcde846d1c9af
bf94014c39fa559c
c11a727f45e424bc
4417e6ba3bff9438
3ee31998388f18e7
43f2c911c359f43b
beecfb273e28faba
3abd871640b16a4a
3f274c6fbf00657a
bf293c37455dc822
3c3bf7fc43dad0cd
3b38ed81c05efffb
c29d203bbe8dbe9c
b96919d03d8556eb
c0370c0e41f6a043
3b08b5ce3e06f485
37af9f40c4e6ef98
bcf8cf063d95830d
bd22d86cc0a2cf0c
c11c1ae041aa471c
bbd30e9b447418e1
465db973c26bfe38
47f17334bbb62e44
3bbf0381c840e710
c1c75631ba3c5c0b
c3307ef146fdd026
4154536cc380c680
b79a838abe3e7403
4103067a3a276b85
48363d02391a728a
c087a8f4c5cc1cda
468aac00c5ac6518
bcfdf950423d340b
400b59e7c3f9f99e
c2c5d0da3819e0c5
42b3379340947023
c7fdfb20b9743a96
3bf6c5443a89972a
b9019fb7b98ba0c2
c6f1228047b17a5c
462af88fc87e762a
3fe5c2a43841820c
3dc3b731c2648d30
c498e74540ac16c5
be20766644b2f53d
3e8a7e07b93de11e
b938512fbbc29dc0
c83c3c2ab90461d9
483af640379a70e4
c0c84ae8453203e5
c5b1d5acbccf2e42
bce1d3e3bfd93b98
46a524f54577123e
baf7d727bddcef3c
c456eed43aa21425
3709e53a3a4315f3
3aec61bbbd2f7c09
3fd066573ceec561
c353394ac6d3da24
3f6b8fa03cec1cf3
38acfceac2e1271f
3cfe32134748d102
47d8d937b96f704b
c3d1cde9483801c2
b755394bbe5f44f1
4742a978c87acc0c
bdbf58fe3af8fd94
bb4fc33d38440732
be482e4bc017e0d2
c6bcc796b8c38760
3722a819c78f213a
b8de5339c3408c0f
48697ba8bcd7407a
c17fb271b8c98f99
bdf9b97ec050bde9
4592869cc55de20c
c045c42945ee6637
c18e3d8f44c00131
3ed61624b88536ef
424203a73a213c36
ba148be5bbd97bbd
c0bfec38c4be9397
395cf8d13dd91157
c168a94ebec3e59b
3fb85b12399b054a
c820ab3e37579b48
3a257abbc7f0a127
43886a63c7fe5455
bfb37affc683a4c9
c06b036b3adab5c1
bbee23c6c20cdb64
bb14008aba74b8e9
4497157ec20b9f60
c58844e3bd26a48a
3df157653af4f16a
3fc269353dc88944
425b6e5ec1e86332
c54dfe6d45e272a7
c0e6f7b0c0328d65
4392ad4cbc615aa0
bb46195abc775085
bd200e83c2ca3836
bd26e842c0881c4f
c56087c8c575e1ae
3848cca2bddbed2d
b8a78e72391c814c
c5cb1980c081c415
c486763dc1817f5f
4867afaa3d2a826a
b73a8fbfb9878dea
3a2acc203c6494f8
3c490a1c3b8c06d1
c50f1cbb4108104c
429f9f5ebb6bef3d
431a77563fd01eb8
48790f8ec07f641e
b736ad994796ad10
418ffc8cc6a48e6e
bbc61ff6c4563fb2
41740378c4725ae3
37a782953b0a619f
45899101bb8e4f9d
428d15a93d56f833
42a9afbac17743b4
b9074e3d3c4fdbe1
3861056e44c36233
3d44445ac3c5a3d6
4671b1d3bdb707b0
c1b6be05427948e4
bac63113bda9dcae
40c3fa73be10136e
3d07b9113e95879d
3b7ecd13442340ba
c715d7a8459e7714
3d3d9e8e4383de7a
bf09b3ce3a939418
3a3df9f1b8d5429b
be2e23eabbfc314a
bdae8d95472eeede
465c3fc4c10c8815
b9c042ce3fce3a03
b9d2cb48bbfb2406
c22ee1d3ba966abf
b88872f1b88f152e
40f8d261b8bd0531
bed95d4a3f692e78
c50f8c4dbed51d3e
bbc3db10462a11a6
44916457c55f369f
431c471dbbb81846
bd8f73e0b83b2c2e
c25e6e0f3d14fc21
44a8c685bb443462
b7f0caa6385b0627
38241650421f6765
3bdab967c55841d5
be36205f3c97512e
bb7631da41322917
419d91603981e5a8
45b5a26838cf64eb
3f962f44c476c8e9
42f02d6eb9b7be70
c0b7dbdfc404afce
c6577a8fc459e9c0
3aa8a32dc27d3607
c3b6660b404e8fa7
458ec9fcc0057a33
bf927ff1c72f4d5f
c52ac27137dca7c4
45db17a3475056cd
430bba85c540ea74
47f748eb38890d58
39726e7dc2d40481
3c2cbb86c4b88277
c4de7602bf183620
3773ba96c7d00a3b
c4489a89c200412f
47f2056cba1ab682
c5a5e17137c2db0e
bff74eacc0daf977
bc90c6ae46d26aa4
4430e1e3c7bed02a
3e131767b8370144
b7296805b9e29e9f
3a71aedb3f946bbc
b767a0b3bf5686a6
bfd588f03744d6fb
b941950dbea9d789
3a0d5ed73fcdfb8b
48163ba639a970dd
3f62e72fba519376
46c4adcac7301aa3
b880664f39d62a64
4588e359444ac8d0
434088573bb62e23
445aef94c0c16382
baa9feb3c6bc36a6
3afe0fba39476cfd
c63b5654392479d7
378ecafdbcfaf0d3
37b96f183abcc867
3caa5fb9c05d0599
3a16731bc0361347
483b00e545c57aec
c2808c5b3e0cee98
bc953227c597fc6c
c10881e0b90f1987
bbde551ac49ebd17
38668f3446794cd7
ba19cbed430b1893
3ddc9da33bc29706
3d2afd9db9f87561
b9c0227c383b5503
385a8efab8aba62b
41d868eabf0b1aa0
c212b4ffbf230cf2
3fc86547c1ccfe3b
43df8b5c39295728
c7f7fec93fc0c8db
45e2d1163ae06036
c1eb8ae0bdbb912a
bfc915f441765c0f
b8cf8d67474afef4
b95e2a60c66510a1
b7853bafc2ffbeaa
c5d721f84816c4af
3de2b0573b2dc10d
45e609d843460c61
bb02756d48130529
378498a73917a574
bb368716bc802a5f
c61cbb0740f48435
3df67bedc17a3535
41735a11b9febfb1
b80e9c67bbb039c4
393f58ba446f3f41
bd4f4c85b8d142e9
3b881d92ba5593c5
3de6df6b3fab586a
47dab82ac43db9c9
3c0e44a9478c3b1a
bca6c14bc10ea4ca
b985fd46453fc904
b7972672370d8517
c2b8b20ac3665bf9
41e6abe2bf50fbaa
beb92bc3c35a17dd
3f26f61fc3a750da
c4e0f15348069f40
3b8b46003df57feb
429c5efd44b8ba90
3b8191c1ba6d93a7
4457a89644dc6c12
beb206b7c09cc75d
377be3634274888b
3c07fbcf3df480c9
bf30752a3c55cab2
b8ebde19c6af5044
43a5bdaa4142d2ff
46003e45be251fb9
bafc4e2e3c357ecb
4670c2c8b7603e77
c09e3c9f477133d1
c7df6446475ff9d5
bfaac31cb7d091f2
44cdb74f42c18946
bf3fba9abe24fe99
b8aeb4d938bdaa18
423b49f4b97bdf05
409f6a77b96544a7
b7e7fa17484a0c6a
3a0d96183cef576a
476701b3b894b59e
c2ea7af8b833eecd
bd90763b43cbcc9a
45f6f125ba161f4b
454346913dc13fde
c62c55f1c074b5d7
c50cc1d7453ffd69
bf990566b940e9c3
3ef4e45bc1fc4a44
c2dd80193c0a7189
b9bb5a9a3d148bae
bae8f54cc37e334b
471134d6c30557d3
3d388854c3643930
3d9210e2c5a52756
bf54d9fb384d97dd
c77d7ff7c389c72f
439447e8372d8535
403732bac2424b44
3a553891c32ea40b
c7e39a7e447b5980
bd13e16e39b6822c
3ee5dd4a405610d3
3f50aa6dbe32989e
bb6a6f8d3aa7ee59
b911c1993d13c928
bcea31ceb7c1810c
ba2e542f431c2816
bb7799343ab96ced
3f1b039141b7798f
454e653abfea3958
4070ca68408d42b8
43310e67c0d667bd
b7f55098415036ef
c2e1f411c7a7c0a1
3cdeb752ba85ec2c
38660c7d3d5c7bac
42a1938ac0608795
b70a06963a54c653
c83313abb7d4fc13
be30ad1c4205bf67
43dcfdbf3d9b3d8b
c145989db9e9d90b
bc2c4f214830f4a8
3adce14fbb1a5879
47b05456bb653040
bf36ea04c0f5aea3
c1015c96c4b9029b
37106e01399eb718
3a8401d7be762e8d
bd53ec8e3708b4c1
c590150738b93865
bda90f77c04c4a46
483b88afc4a53f14
47000230476652a1
39f74586bf53ceab
43b6ff13bad120a7
c6bfda2a37d1541b
3ed559763b94b5c0
c5af9c9fc13a1c55
c333f338c41bec84
449681a4436516ad
c7c11d68c8782f09
42147258c63aa68b
b960a1e2bbe1da1a
c2fc0bdc45808c46
4419b3e43ad5554c
3ff4ce2f46b1d504
3b4e672b3da1751a
460751cec42f5cbc
ba73235dbd44dce7
c11ebf3abcabe94c
383ed50c46aa3699
39f5c620413b983a
397d27d53baea2b6
bb198e5cc5f83f71
43c330a44689f51c
379d6fc4b703bf5c
bcd9c55840e6a3bb
c5bf62f2c3c34f6d
3ae25382ba9d20d6
be919d2bc1ffff3f
b7904061477e0b35
c6466dbcbafd5cd6
37d0359242994974
3b67f207bb25a407
c675509fba7bc946
3ce0a005bfd2d210
c522a73abd5f464c
b954081646ca2d98
be88c82640996075
c3c8a8acc862058a
b70705323f2f4a42
3946985f45b89dfe
39b71c73bb7c681e
3d0377f83d8e83d2
c84b5189424bfb77
b74acdf543dc401d
3832a2f8c3e5b121
41e452f5b76730ab
39de545c45a38bf4
3c39ffc5b7bb8e82
3871bedf4087dd98
b877cf1fc3b9cf1d
c656d452466a1d4d
434ee3a839e8249a
3e4d2cddc2cc3327
4083cdce381560f8
37ed72ecc57ccb69
48540a483d375952
435851903c9c6196
4722e51244461205
c5b34dfbbcba5158
bb0984fd465f90be
bf9a8638b810bd94
38bdb8083b714ef8
b8a050944619afd7
3872a46dc216ad87
381ec75c3f5877f9
40016f4abd3fc846
3b63df8cc6861988
b96f5ec0c02984d1
3e587ea4c640d377
c03f716ec67025b7
402da91fbb64bd2c
40469e77c8209a27
4706479240e7559c
b7a4b64740c75e63
4879cd2dc83ddc6c
3b0b073140741161
bb7d1352c25a1cff
b9d67c1a3afa3ead
bd403bbb3c82ac25
bfc72b1ac7671ccc
c05b99c93c3f1623
460b1436be13d52b
c408ff88b9ed54f7
432de6a8c22e7918
bf4cd5ccc02bccdf
37320437b9f5c613
3f0ebf15bdc4eadd
4477b35a3764af1e
c37a9b0e3d9882a1
438eff67ba17f643
3a02caefc2d76803
c1682f35bb64fb31
4676cd673fce8928
466acc27c6ea5e76
bd80d459be7a6988
395fa1a6bd1a1e74
3b3d1f2f37a51891
3f03fc12c31b4a3c
37600ff2bf858108
423a183f43165327
c2515d7ac173b220
3f35fc08c8211583
c144bccd41b00ce2
c73ef409b875b51c
413d594fc4d7085e
be957a53b988fd16
bc68727843827770
bc83e7ddc1f00bc3
c63c06dd3e53838b
388b1fd4ba7c3b7b
b7c2a1cc48201710
45710677c0d4f0cd
3954a96645fc26de
c81d9b1dbe2d6900
c1479c463a1cdbc6
bc4d7b88b9037901
40a096363f291f4d
c4108f2b37aba7f7
450506cbb847911b
c284fe33401a7104
c3b5866ac4e2c0b6
c83bcffd47e659a3
c30dc9c848503189
c7476341377c476c
c7246d4d3f72f801
b85df9963fdeddac
c68c7257bddc4a7c
c5fb7a5abb66f4ff
42e4a8d63daa47a0
bf5b5e18b9eb1bcf
c2760d5bbd192e59
c7fc7c1848157fb8
420e7b23c0280247
b76e899c4244ce66
c0c62ba6bdb9c9f4
3f7354ffb94fff39
3e12dc8240d2a0e3
439e0dd3be533c4b
463d2011c6e02c99
bc0f21f1b7804737
c87b92dc37c39697
46961ccf373a0d16
377a866044cb7139
c384885d3ed68d83
bb9750594705e43a
3c09266bc5ce5ffb
43a741de40f820e0
3b391e363a761816
40d1dcfcc58f9416
4595f55dc35bb88a
463bf0e6c2f7dcb1
37035c3ebcd43750
c01b1510c12e731c
bf46da8144187ba2
46414e05b7230680
402ae3bcc4e4c607
4209600cc7fa9ff2
c5e67989c6712f07
40b718133735eaff
c701a6c54489ef7d
46f1f8a5c7e2c1b2
c65b1320be905808
4833847e3d2f3233
3b47fa9dc65f3035
bbb38762387a2a14
c3a4f8d43be3283b
3fd2d42941891391
c09862f9bf85516e
c2ae92a2ba1464cc
437a5e90375b906e
4626d5fe39c9b112
3fdddab4405ce067
be62d8cd480051c8
be35aa793b90a5d1
bea36b69c47ab27d
467496ae40524160
b93dafb03d11ef32
be9c570fc4e59c65
3e690f1aba30252e
c2e5c1bcc520154c
389520033d1ba76e
3e20ed45bdf76b3e
3e564b46419f15ef
c476f3534441da3b
bc7afec441b6ef55
3950f39342f0322a
3c4c2f3341b37e35
4161d87242508e7d
c2593d70c2afddfc
3c42f7bec391dace
3d54b3353ff7ee41
b79fbb8fc5e1bbc8
bcda14fe47b46551
371f858abac224e0
c1842bde37cff712
41696a8343bea3d3
bd33115c3a49564d
c83b9057bbfe8b6f
bad531bac6054cd5
3fe6a7c23fbfa6f1
3f5caecdc6521ff5
39bc0614c3975f8e
468acbc447b12e3b
43d34a20424ca767
39508b0541bc01fc
3d95ac153fb12496
c577c4fa42094cf3
c1810b84bf17a85a
b870f94fc453173e
c31ee906bf4de984
b7ba86953ffa002d
bbb399553b31510a
46103ba0bad3f674
c6e48dc1c5a76a97
c7c69f8d3c83064c
bbbe311d40c4c44f
386e30624618a2ff
ba6a581ebed3fbe4
bb268e46c373bdbc
bf8c5893b7459d35
3c7ba64f4241d1d2
bbd3f7fc3987479a
bd560680450849d7
459b28d1b744555c
42b717a737829a85
bfa1b0f5bcbc2d24
40370fefbc76da1b
4117904b406c7fe5
bdb09f9dbf1e9fdf
b8a9f9fec0d1d88a
3f31fa363780f523
c7bec4b944b807d2
43456e0b460f6015
3b35583db702d2d6
3bfcba9dc6761d50
45906987398cbd35
4705c3e3c543d838
46969ed342c6c826
c2ba23343d551c2a
bb0f5bbc3c497463
417d9460408426f9
392777094543b1c3
3833e37ac3ca9784
41e607fb3e8a48e5
42c4992042be1a1d
470f689c3f187ad7
c247d2aa3ebb35c8
37159396c30dc8e2
3d923d04c861fc46
3e4d9eb73b3db8a1
3beba51d479aff69
3f171bcfb9ec371f
c24410f3bd81ca2c
c108fa01c0cdc08d
b7a5baf4474d0b51
be4cb6853a6b16ce
383df4703fb6e5cf
c1526abbc0fb2724
40f7583d421699ac
37c6c8cac03eb12a
b8b297e73a14c87e
c72f0eb7c7eefe37
417c89013f3962fd
c19efe55370c58dd
480e90dfb90a846e
c7b9ef6ac6097fcc
42640b393b8c2f38
44145c62403f47cf
40af9510c0ee22df
3aa16b03c4018e9e
4115272ab7c84bde
447a4d9db82e06b2
3a0a960db7118205
40a021d1bb3bd7a3
3d8d9518c2869d22
bf63a299c70477a5
3b6963ddba99e27e
c1ba594145c1947b
3b105886bddb08d4
c0265297bc2c1b37
b9d87fe23f1ca612
40ac0064ba65d302
b9546c4b3f3726f5
3b499cfb37fd6e06
c659f96ac049568e
bb7dca4cc154a9cb
c72ad76c44794a1e
465bed213762730d
43d144783921b0c2
bb4bc3cebe725f34
c4875e4641e19f6c
42d6b625c1c9b575
39e9f04a3bc13cac
c73abdc3c588fd26
c7711f7d4010cee4
c24b241d3f03cdd3
3e89859fb9ec9219
c58bee8ec7f322d6
b8081c933a3a6fd2
3aad47b846d738bf
bd091aafc6e7b328
c56c17313b97922d
c5d300a33dd16466
391a2229c402fc9d
bfe29b05c31a56e0
38917880482fff17
bbc81c8f443721a8
c2f0f283be8eb751
c7806bfac054d921
45fe3030b9972e8b
bc41fd63444fa669
399cab1c407afa35
469dc0163c04d6ec
3f8ffa7ec1c2f470
37dab359413ecab3
40237b5dc3a13101
b9737b0937d249dc
38cdef5ac55e06e7
380b60c3449ff566
461f5ae63f5a9181
b7ff88d23a795aa3
390c88103ced00f0
c1ce50833bf1ae5c
3c6e28173e5d8fdc
38d2478ebac325a2
3fea4771bcc6fbc5
c48e506cc191117c
483b386bc0fdf41e
be3797943ffb7735
b74922dabf363302
3ae593cbc18a7605
b7f5823bbcbe3896
37ae74f1c32753ad
c554146438138008
3c453170412d1f4a
3d533561bf2c1598
4847a3b6c718771b
47c5a920c4590a73
c3b07f68c545e9e5
3728fd31c463a15c
46b24daa45dc934c
be9993ca3f1008e8
be0a73df3d28d4bc
467c8e81461890c0
bcbf3ba33ce474f9
3e655aca45b84d0e
42854463b8932df9
c214e0003a0d2a69
c2d402cab8aebc39
4517ca02413645e0
40f12148395f788b
436f2bf8c72b975e
40339cb4b9fde8a9
3d657962b9f6dee6
42cd9aedbb32fea7
3f27c2eabeb1cdcf
c76d7ca344fd08ca
ba69243cbeccf6c4
3e23f80dc54cb04c
3ac66e1c4800cd0c
3a5b4513bbd03bfb
3f17f1153e92c1bb
4200deb1baed34a2
c0d35e40bf02f2c5
374cb63db9caa80b
c56dc11cc7b60cce
3e7e621d472f854f
401db2a43f6794ed
3adbaa64b73d6bfa
bf813cf3c783c9b1
bad905de3fcfb200
bf970cfb45a86c11
c6dc6a07456f07bb
43fe05e23c5940ca
b8c5b7afc34a5c32
3ca31162c7eaea90
c6cff181ba9b4e7f
c2d4a2c33b17b713
c688b593c87e2f4d
388bbe09ba95e5e2
3ccd52f048336fa7
4558905e42333974
467ba5d1b7956826
c0ade2763ba4a9af
b891919945f91c4e
376bfb27c4e518b0
c2adab7f43c016d5
c6acf5e9c436d9e5
c53808a746b7a445
c5fc6631b7a9e92c
b8472427c1fe3457
41e751d7c855e034
bcf898fdba25c360
44fe4e2f47c9c69e
3ed67f73c7c9fb79
3a8888d3c058ed28
43475e713bdf16c4
bc3bd619c341e0c8
4269f8f9bf98735a
4169d570c01e6685
bc817990c470242a
4243eb24c78f6901
b852ac47472d622d
459f5626c3fbba5e
3dac00edc20f7bd5
c0465623c1af26d3
b8b94fa43f687faa
ba6544bfbde3a294
b8f79eaf39ae297d
bb01dcc637ad1b9c
bcc605793742a8fa
383e072645c93fb8
c7d225e93ff92502
3837a151c0f12f7a
c09dd2e13a9231cd
ba0ef21ebed9100c
37b1ebdf452e7ec0
4024d2b4b74b7909
b7fe62f5be81992d
3d4b5405bf608873
bbc0704fc1101fcb
bbca3eb343fb5af0
c2947eb53c122f83
3f0ed83a3de41e2b
3c38db5b46275b39
bd18af14377b3487
bf570ac3ba25146f
40f028a9b70282c1
b8048bd740004b2f
3e3dddd84690ba51
c240974c43777e8f
415ed510c4b0e572
c26b15a33ac30d4f
45105b29434e4e71
3a14d6abbbca2cdd
bbf89925bb254da5
c7e61633b81ed3a9
373d5e1fc5633f0f
c7e76d92b9f779b3
45754935bf9bc42a
c5f92ac8bdf790fa
c28c68a0bf6f64ff
442b016e3c47a1db
c3ad972739e57f9b
b70cd503c38a96b9
c1a23d69ba8514b1
3b5bdb283b8f0c03
c72d9fd13d0b378d
433dd1563a08829f
bf0caa2f469d97de
bce1a90fbabc4858
b8b61353436a1e3f
3dd1e60fc56eed58
c5c28c34c0e76d61
b916fb1b4822f4b9
bb4b73f7c449e33f
454638bb41e33079
b7e60683c4bdee49
c752097bbadd3630
bb1a5ae2bea26fb4
b7aeffcfc6432786
c20d935bbc6001a2
bd37d4b5c09300e7
c0258dab3a8aea31
b840e8afc0050faa
bc88ca97c69cc6dc
b8a0c014c007a7e5
c00fcaddb864a7ec
c2ffa928c576c4f9
452318dd438cbaf6
c2ead728c733c053
bcb79b6a473de119
4575d06c44abbf34
46b054b8c5be8522
42f96b4546200840
bda95248b98760c5
42cf4d75386e3323
42299aa5c3b13ae7
3acb51d4c77b44ce
39eb08c4457eecc2
4555b26440e46e67
c3c20926c3a28c73
c030c47238ef7ec0
b7c59df8c07aaf79
3745657cb9b03182
b9cbdfde4379310b
3c730248c06d6b3e
c35edf2147c35f75
c45ba211c000e4de
be2d184337731611
39009ee2c18b9d0a
c73fcc49bcc89aa4
3fafa1ea4349be20
b75faf014686eedd
3dbfd71c3dd604b2
385561dcbdf4a1e4
3b388a1d3d606068
45067a6537b8d80f
45b2396643080b48
45ad80dabb142848
c6bb3ef3bab15665
b81442dc46dcfaba
be235a2840f4d96f
3f1e1b98441a1e90
4058c3c74293406b
48497092c0353679
bf85fd94c101c321
be39ac14c6b4ef62
c2222fcf3cb8d92f
3ea47de946b47479
c66dcc93465ba081
c823d1933e537bcc
b7e00d94bff98161
3911a055bb097e14
b71d4f33b8644a7a
3ee9013ac1e62a49
48505b203cd80689
c49a9b923706a82a
c7468b2e43ade0f9
38ed477a3859f09a
c67fe11ec264d1fb
c4ed0bab45de1d4d
bd568904b9988490
40a3d68b371beb8e
482128debaf426d9
46407680bc834f8d
bc0fccac39328bf7
40bd70acc5f7a4b1
38f64297c7fafa6c
c703a5d83caadad7
c54d823fbb6a3b10
c34c14b23c4b1caf
41011c56c2298f2d
b76d28e6bc8bb58f
c5991685bc695e94
b7e49e633c7cd233
3e6ce0803adcd7fb
c6deaea8befffc51
c582dddbbff972e8
39df313f47055700
37de803ac1b632e3
bbec95f6b9e1505c
bd17f807c59ebda2
c65698034500ae14
bc45943c4821f730
c2a90332c04a2529
39adea48bb420c44
bf632f5041136aad
3b1220f7c6769dbf
370ec7e83f8a1083
46185e21393ca093
c1e7ba583850ec9d
c747e0ba46b9b3b2
c20f815ebdbd8b5a
3cf878f141a013ca
3ab34bddb885b834
48752887b82a3c14
464613abc7181403
42d87835c610f3cb
38ee5ec73711df75
c27a69e1c6ebafa6
c107a71543a69093
b79e3284bbdd06da
39dabc3d37413eb0
be74ddf0394a4251
3b14ecbcc14d35df
be0cbee4c5cc1434
3d935b783999eb0c
3aca7a90472818ec
c725dceabd6abf97
b793d25c4816c74a
c566391b426b29c5
c75544c0c4d5e357
469a4b3f483102f2
b870a86ec138c006
438f08c34583e368
befc0e6a47446ebb
bf699e59bc4bc008
4142880e3c6756b6
c12926093b0558dd
46a249e7c3de2e72
b775448bc7bc5c33
417c3a45391ae940
bab4c9c5c1381070
be6ec1a0b90b3b4c
be0cd047bdcb1152
37066cbcc76e1254
47093642bfd8863e
376160bb405c7b76
c6fbe82dc8427402
beaacc04c4dcd917
39d86d233c44660a
3816edb0451fc081
3dca4656c7fce165
3f733d86c4bbffb3
426d55d2bd432382
bfede376b8f69a0d
c140252f42082e92
b7875e72c17d9137
bd3f9598b7978559
bcf512b038fb84b7
ba871a9a3f2a860e
c579a083477ce5f2
c7633d4bbe7155f7
3d95ea91bc56620d
3f638b2545ff6248
42b4ad4c3946251c
c6520780bc72b554
bb4843bbc2043a1a
45df317fbb6870cf
b8ff9a59427133ee
3bce9156bcc49ca5
c5cad36f44a38897
c49b961cc152844e
3b7799df3e3b3bd7
be8c1c3c40f254f0
455f6856bb8bf171
45890de3438aa399
bff60f8dc5cf2c10
b7e746ef41db4882
c335124a44509017
4082fedcbd7228c6
c1fa9668c756ed1b
bba2a33cb9807be1
43d613643cb72e08
c1c460e0be7291fc
3dbc5a35c0259011
407ac853bccb9fef
398d8194b85e16fb
39e300643a058e5d
3e053d38bc04d814
bb3111554736c2c7
40b1ff17c21a37c7
bbc022173f59c633
bf3c5a63bf41bdc1
c283aa8db91967ae
3d74c931c32e1d70
be6fd82a41ee9950
b8c3319fc38d08bb
bb317a6a3e5641ff
400db7b0c451e2fa
3c01b8ed41572114
c44e47d542a0b760
bb09e73939ccfe62
37dfca2038c40a77
3beb8122c14e90c5
4576693cc27e06f0
391e6a99c47d6bb7
43a67b333d400633
bb27bc1143d33805
c7055dee3c8d5fab
3ba018f740ffd65b
446d6fd83c27863a
bbb913fcc06345e6
3ebc4fdcbf55c550
c0594b7bba28ee9a
bff85cf3bee28e90
452b7d8dc3d9af73
bac53b4243582c93
3ead6c06b8a6b645
44d555d8406763da
40fdaed73a80da85
bf4dc447ba2256ce
c850093cbfa42b31
c0a753b43fc0aeac
bbca4bb2bef1f000
c7575e12b7e6ea74
455c5842c34d6f59
485b1f34bd517cb0
c5caf19dc1ba3413
3e3a214dbeaa564b
b7eb47ecc3b64d8d
b7cf6fbb479c8fe4
38e206584540e254
3eb37bedb82b4e8d
385275983c533a99
c83c0b50c2be88f6
3db77f64be29ad95
38251bf0bff5de05
3ba26be7441e2e37
42786475374fca7b
bf94c74644817b67
442854e64434df36
bc83150445b37a76
483cb1d0419997c0
3f2d6d8ac3f40f1a
c0a9d342b96240f7
c816ef77c4335605
c66a28fb426ead0d
40af24e837378142
3cd7e2e147163427
3d96f06c408479f5
417fcc4239acbd41
c0bdab4fb85fe5d1
c7bcc000c55b1547
bfb638debf743b63
43f9b290399d3f85
396b9bf847cac393
47386ac7b9410297
3c709a20c1b8060c
c87941cdb97fc00e
435e50cc3d5412ef
3d587dbc3a679647
3c3b4cccbbf691c1
b957e90ac80882be
b9077bbfbca0a893
c389544045880db1
37d8691a40616e40
c245dfe9c6cc6c29
b9044010c7945064
bf40d0adc7cb096e
39a286994714a430
c3be09ee42051ba9
47784db2b9dd66a3
c7ddc380453ecc19
40dea0a541d2367a
40b6668637a8c66c
43db722ac181a714
40ec7f2f45dc3b62
46e18dcdc24400b6
b7049ae2c8755522
bb04e4d9c5e514ff
ba7d7c0bb9bc3c30
487574a0436865f2
bdad5642c257aae0
4574afab448620dc
c6accc59c56a3f06
4203cd1e441fc207
442d19c8bd2a3b9e
c73aac10bf9dfae5
bd5eb988c82738a6
c2c7f0ba38948b4e
c441188937f9edf2
37e832a8472bc46b
bf1fb3f2470d54b5
38a47f6b3bde33ff
ba5772dc3b9fd1c4
4419d00a46b1b5cf
463d71aa40892fa9
c395784cc793fb33
c31af737c4d683c8
c135abe341a844c4
c512ed334475d890
c6c7b25ac5b472e7
3e6c41f2b7a24d22
3ca4acb5c3fef3a4
b8b9fcddb7aa3215
c468a9fb44e861b9
c1f4e60943870cf3
379273d03b0e0d64
bd4761953c00bcf8
3d013ecc39f2a6a1
c4dbc80438220c07
3f2573f238856ca1
c052d64c3e768eca
3d0be976475ac290
3a845a67c648ddf1
c412cb673c74fa5c
3e5c7e38b8cbefb7
43ef22ecb8decb6b
3edc33df4825e2b0
3b7fed7ec3cd76dc
43d9f37d48587376
c18a5850c0f98688
3d2f59ee41441d52
3759f13541c2b532
4196f815b71d1b30
ba0aaf84be634173
37f49f07bb671d2e
c1c0ab30bd14c68d
39382252b8f7fb14
c2ec8aadbe0346fb
4457d276bd093bbd
bd5368d1475d57df
40c92243c7ada607
3e21ae1fc1e224a5
c4e8e6cb47e68971
c3201371bd4b6c90
4797bcc441b0ecce
374fcc2a421f41f5
420fcfaec7f99335
4652e68ebaa961e8
3fd1c4dac5f35a25
beb0df4cc56e9a3f
c2221238372e5054
c8440b1fc6828f6e
c54270a13ba42a49
b76be360c79c80d9
42cc58cfb77c542e
4726ae0f440a2bf4
470a7f20bce16d4f
4051f3aac676ce4e
3731e60fc64d4582
c43490ef37d94fcd
c148f1adc4939172
b816a11d4344a093
3b69049043c099ab
bef56f7b3bb128fd
3f7ec982c5bd48b8
40a90d213fc16ce4
39f93ecb42443511
46c46417baa9c3e7
be25b25643da05da
4015d45f444614a8
c6bf1fd542faf1ce
b99c1d7142d07603
be7bfaf9c09dd8c6
46481fe148601e08
bb60e1743ed28a3b
c02d957b3e89be5c
bc1482483c02ee3d
bff122bc45e6a45b
ba69300937e424dc
be542ff3be8d78ff
b89f8262c157fe17
bc5b2cacb7fcd22d
3b528af73e152c19
41aa3172c4ef4708
baed86da46660508
39d55ec7c14b2f3b
c5058e99370fc2d7
bb37e63f472f72ec
3deb30f3bc98d280
c4ce9b53c6172d3b
3f4a447dc2f04954
4116d3ecba9df5e6
39aa7d9937f75d9f
c159b4253ee81592
c0bf27ec38df19c8
4725be82482d3cce
46583e973c8bb4a2
c0c0231f3f573e24
428980e8c1e1d6c8
c3d04689c57b78ca
bba0925cc547f66b
3f6cc17e47cdec22
c66608793e4dde09
c194b45bbd33ac52
c1fde990c0223205
43169f0bc5b75525
bbfd8430b77af9f5
c32c9d223a78673f
4466d6cabf6b5430
3700ff7f4362824d
bc4c53f63dfa2ab9
3f0ab36cb9703b2a
46767c113cd231e8
b91c6fdd41d81c3d
3a810c1cc53e7cbc
3946cfbb43cb5a83
be246905c55d6dbd
c3719ba23d44406c
38845269bde945a6
c504cdbabeb5a431
bc5aab40b7a06506
3fd1c2bcc36c3f88
b86c4a28b76ad182
c29bfcaab8e49040
380fa9904211c00e
379e403144b56586
402cd63bc49b8810
38617f8ac2bf89b5
be18cb633b59605d
40c60c3d3dd6e9c3
3dddeec63a41e7dc
412b2319bce1c3b4
38d2c8883b9afef9
bf4575833962bc2d
c0df6461b93b5c20
3c5d1305c4bfe73d
39b307b8c7869499
b84df9bac50da6df
b9a852c7b777655d
c7f9cf164538f0e4
c49038f0c4d4fd7b
4682efe53f3b1252
3b084b39b9deb854
b7c9fe44390989bf
c32fd2f53b2641cc
c37ab02a45288145
47805cd3bbd479d3
b959b3be45870915
ba511440bfe0d10d
bcbee805418ce02a
3bdec87b41a6f4ec
be4095c838eac71d
c71937b941297acd
3d56a57fc58e4cac
3d01696eb899c204
3ef61260c7af378e
b7543f2247ea2bb8
b827d125c037ac47
3c0b4df9b7b6146d
3c6a59b6bf7233e2
b7336d57bec7110b
411677f444b56aaf
c6c54f23c65d3e3e
3a126fb6ba55d7ac
c83251d1bc6ebf5f
3c9347493b1f9928
3de13249b8ebccfd
451192fab8f57ad7
478b074dc451de37
43c016a7c41ca286
bda71b3f380b0490
c0a48f973fd0a064
3c34619e4412825a
45e647be4279406c
bb66202db8f98b21
c1abea76b9dda9c7
b8f66e5cc300f34f
3c9463c7c0120f9f
39fae8fd3937b0e9
b950fc06c7128115
c1b9c578bdc3d2b2
bd93a53fb7f585e0
c11fb788c64e5d80
c6a065b0be0f1b80
c21d4c863ff37fe3
4528ab10bc37aace
3946c975c84e7f0c
c5d0bbb7bd79cd8c
c2bc669ec448ab46
b81d9fd8bf004b18
4656bdb8b9295f02
3bd27e9f40b567de
3d2ed159b99e6c46
ba3a89f93865d55a
44ae298f47342881
381f21ecc1e3f695
3d697fadba7cc8b4
37c64c1eb7ef6eab
c07730a13e2d8967
bd071ab1be2ef004
4517398d41a12eea
bb76579338428997
bbab563ac046afb1
bdd21b20c4635793
42256a6444f849a1
3a60b87bc0fdb0b7
461bddd8be8d01e7
bfddd35a3f75ccbe
c048260bbe479db4
3d446dc64422db91
4765f525b71633e3
c3361047b8b2fbf6
47cb8d23c55fec9d
46c4f299c66c240f
bd7633153c1ecc6e
41029eb843e3e956
3967f956c489500a
b9adf9f3c632a7e6
463949173c26af8b
c6d70ecabb9cd6c9
372d9492b859ab02
394106be3abe17b8
41d0fcccc3fd019f
c520c6a8bc05e41e
c44be510b8042198
3ab6b1afb9846a31
45b2c2fdb8c84670
415cdf9742090dbf
4079c67742ed7e23
bcf839a038d8ac57
c4cc09d3b8ee9ef5
432fd0cc45701830
386fcd1a4468a9e8
3e38508ec45bd9dd
3c1acab7c16dcea7
bee6429cc2f77f51
3aa252d03a45db6f
47e4301bbc9ec6a6
ba13848245e7e9c7
bab47476bf0fee35
3a59200dc5219a4b
bf2d79c8bdbb1392
37de1ce539910edd
b9b1adbcc4fe1a1f
c629a15cb87fac48
3f6509dd39c4215a
c3e1ee51bc9298a9
b7f4ee0c46ec95d5
b8d6cd933d78688a
c18e0e8bbdddd6e1
3a6f8028c51bc753
3b695567c4b28a71
46f5f9febf7aa87b
3c508f1345d27183
b70dab9e3ea415b2
46b452e3bde19daa
442a1478c32c4fd6
c3246431b8035e70
3db48479428606af
3bb8dd54c31c75d7
b8541e693c77647f
c6003b50c17b533d
c1ca861ec4062a0a
3ea5dbb541884731
47adec4548066517
c7c7a90b467e69c0
c7dc6c58b8ac78a7
3e5b0059c62cd303
466db80d47896265
bba7e75e392ba97b
440f48bb410f0b05
bbf72dfcbced23c9
b940b5d1b856fe33
be2f8f88bf57ed93
39e650b8c660f5df
c77eda9e4102d05b
427331dc47bee2dc
c0f4e2b437797ccb
443cb8224051cd0d
c6677567399142ee
4484b0abc53d8382
433c386e3d91bd21
c758b22cba5e9019
3b9791dbbe6c1e87
bd14c2a63733da60
3cf884e53700b517
3721967c41d51410
b79f90cc48055fd2
39ba3778c0a005b4
b70e67e645fd706d
c2b09c8537677a4c
427a15c8c151ec43
3f3b81f43fca476d
c15117b9b940a4ba
3fda03ea47884a8d
3d8bbd61437ecbef
c79fb7433f89b1b3
3732339b378f5978
c5a294304051bd66
bb045dac3aab755d
c46695243a57495e
44be09684342e9e5
c28ba31e39791ec0
452df435be6829c7
be4c0c8b38c834c8
415ac848c0aacf75
bfe4ff4c42da8670
4638093b42361b70
c36497a9bf03248a
ba1a2dd6c7265e73
bdaba7a9bfecdd5e
4080b50bc47af611
bbf49b58402fefaf
45488f8dbac61e32
44f6048dbe5bd059
389e48413fd7d9a2
4745f826c7d9a980
b969a504c2af0509
b9dc2962bbdb5156
3cb586ed47d6957b
4034d75b3af5a34d
bf2774e13f9f850f
c56bcaa9c6233d72
c1e3f52b460f8be3
ba4279d543dc060a
3869097fb99dfc05
3e2b932645215e11
3c65e63f3e8efa44
c4f4d57bc1656424
37cae76cb8fe9376
ba2823c046fa2c68
41cd9ec4c7f4ed89
3f0907e137741fea
3f8f7287bb7be78c
c24fa5743bbb79a6
c6b4251f43852be2
4365e5e33c17b08b
3d46d1fec62054dc
c1129233beef3ced
c2932315391c78cc
47fbb8a13c09980b
c5ec79e0c029c817
47504ab1c36f487f
b870d8c33ada42e5
3d16ba5dc5b94421
bcf2d1363956660b
c267676e37085bcb
c4a12c73be25a95d
41455f50b93bc122
b7130f71bf92b6dd
c324d0e8447c98fd
3aaca291bce8bace
46f778753fb2f3fc
c240be834044c16c
39565bf1462c9e67
3e3b716b40be1c30
bb274d093d7d191b
4680f6a838753e42
bfa78df345437059
451dacb7402b4516
3ad5dd6037e6d3d1
bc33cda73d329156
432084b840e0c9e7
c2984ebabf4dbd0d
b8d568b1b7c6cff8
426bac1e3cf8e6a5
bf4699cf47cf9c47
42829c68c1c3d6d8
3f00193d40750daf
385a7e7c3a2d733b
c24ded06c34b862a
c2a935cfc52188a1
47f00346b9b55a33
b9e69a1fb74afd61
c5524038bed5de0e
42267344c3bf9c35
b793b0bbbf3b5cb2
bb094d9439b50ffb
4494a1313d97b1ab
3e5a197247958a69
44b3b7bbc7943c90
c6ea487fc8698337
4618b1b944ebf3f2
c17b2119be469a04
c38fab98bf30d476
b9f4a746b9a4f92f
45d4f572435bf64c
bac2ee8c42fc8bbf
45a609fe3d3d032c
c1a0f1c3474a6606
c6105f433e0eef70
4185853fc01f5f54
411352003d587304
3bc886febd7077c5
c6e8942dba77255e
c04b7cde4451a084
bf9387b1c7e4c294
bccc3b0cbe87448e
b9b5a70dbed9c09b
c16cda9b3a77b5ef
b7c203b14343dd4a
40f434b844cf59d6
4389b874bae173c7
414cb01fc81305d1
375068ccbf864831
40c622093aa1be06
3d8bd7044368546f
3ec6aa6fc2272624
3875c64fc656de48
bfd67d35458770f2
bc9f5975bdc9bc79
37194cbd377d5b99
47d883163ccdcba9
bc7b5665b85077fb
c1396728bfd79d95
4228487e3fc2061e
3782600fc3ef4faf
3f9880023c8f2db6
c1d581794311ed2b
c26dc8eec7365a36
bed355143d0630be
bb329fadc0f441b0
486591adc42a90b8
43f0d9debce50c66
c65380f2c86f5b4b
c5dd63ecc091fd08
c164fc54c5bb2b69
c3a92e88b96de811
3abc19acc442a2aa
39ffb92dc4ec730c
45529af9c4c59014
c2290194c3cd1982
beefd0424148af75
bb17230b44ec925c
39ac27b9c1a4bb36
c40917ddc2b1246f
c42107a7447c9da3
c53cf4503b00266a
bec27870c2b6a955
468b6f60c611459a
c0a5abe63f9622a1
c4d3cac440666158
c3aace03b838d904
43c0cf1638df3373
b8c48afd44f247fc
bc22b1d1c3eacf9c
b982a1783ef171c3
c69d4a8e3ffd4c53
4577afdf39d38fcc
38d5d01bbda9ebcb
bf4f402ac37469f4
3a4ee59443de54d5
bb857207b71b2f2b
3e32153bb7d4b5d2
bccd1e0537df7884
b7d966433d193df1
4549c4acc0e61b84
445ba83042e4f91c
b9bfd571c1dabcf3
40bacfecb706b694
4075757ec28c7d2e
437d2625434a095b
c25caa0744c849e7
bbc623d73ca53d56
3a47c272c34603c5
3c917ad947647bbd
c375dfd7376adcbf
3e649ab6c8694e5d
bd3b5324ba8131b7
b7cb1cf8c1345841
bc4824aaba77b2cc
c71a406e479217c1
44b3bc4945c57dae
3835c73dc6c431de
4767f23547e47a42
bd325bb7b9a2d138
3fcea30d3975ab96
444b75a43d9504b6
c252838938cd3340
c69dca9d38023605
435523dcc6416b65
c7d9d6efc23ba708
c1e7136ab9131842
43ba7e133d404bd8
b855be89b9662dfd
c47f2ecd3c051c95
38931abcc42ef4a1
3a775c60bd94fcc8
3bc4659041efa184
47c3581bc1c404ef
b7d25c20393780c3
c7ecfd32bc1667df
409ac635c19db405
c5b8571247c2d483
39652fdc43188f3b
43969e24c7edead4
ba57cfa34257f0f6
448a02153b94fcf1
c72996043e89b9c6
c0e1e042405291a0
3a8e5c86bdf21a6f
b82614c642db437a
c7165bc23e34f1a8
3afee5733777aa49
47f1c9934216b222
bde3282d449a137a
bf7369b0c65a633e
c0e7f137bdc1a4a2
453d58f1bf8bc685
3796f24a412d4428
bb34a63ec7540cb8
be6b27b4b73fdd09
babe56e4ba069958
399bbf3b3af41c94
c36cfc0d46bb877d
c05280123e5af8be
4127134ac112c668
3b7d22afb72c8819
4304bf113a8d1e7d
3ef57edb44d465f7
3a0465e2bb2e4122
c1480884b8d2ffc5
3f1684b0c240156e
b881b561bff7cf41
c1f95aaf396cc076
c7a2d2e33944ce28
c0448687c3b46276
c14671dcbf74a62f
43737e554745ec9a
423a2d63472795bd
439402ef46341402
3de9601e44ab5f57
c64c09853c52b05e
c01b0b46384d82af
b7fd63543eb45ea4
4119e60948535722
3f0638ad382bd238
3713361a388d5b1b
422af409b987eb6d
be998eeebf978cec
47ca2d59bf2db9fa
4140e5acc2bcfc1a
c3e47eba47ff074a
c175221039f7de1a
c33abb9d428728c3
b9d9857144b3f96b
c54978f6bd06e621
4674e443bc590fe4
bd4d5cdc4486dc0f
bac32285ba70202c
c7c3343b3b22d6de
39777afb4344bcf4
4666f113435b0959
bd302841ba762a8a
43b540eec0fd4ae3
412e4f2d3c477c20
be4b3ed5be9da273
422a620f44f0cef4
bdc265b2c7505f5e
3cc3b9e0c0e650ac
43bf3d8145db1b5a
c5f3ac2dc4ccb278
41e8d85646e0ed08
bc8e4e58c04895bc
3a9ad2ca3d21c40d
37bc28eb479de2b1
bae6cbd6c52f06ac
c48c38fa3d7eaf1b
b792a5cb4445a3e5
c54c750db9f9b034
c1636f42bf6ff30a
c390dde93a5f42b6
479230c2b84be930
c35c784244845430
43af1fb2c1896546
45ba72f3405513d0
bd207502bd38acca
4021aa3239172a7c
371b4411465dfa93
b882c64ebd10e75b
3c1e3fc8c3c15846
b746ae0ec0523977
48735bbbbabc89cd
371685a63a172b57
c2d04e36c19be310
44a65e04b7e7f665
c002db0bbca20207
bb776c7f42ce98b9
480ef65b3ce0e5fe
c7248ec9bc37835b
41aefc7a41406c36
be6ac598bedfe23d
b8f8576c47fe9ca3
3919d490c5286778
43a4d5093cd4c957
c1bcb8d4423fde0c
43c983f9b81e9bca
bed8d4cfbc584c36
c2694ef1bbd1607d
c5d13a2eb95690f0
b763800dc6af3e86
382d25acba355a5b
c7310d85bd30e52e
c68246f4ba5fbc86
44cc14ff45d5f029
c4f0fca2469c650e
be6cc38738c582f4
c858ab3f46949db1
c39ab9453d21824a
3d242ffb3da1db09
c211a112c6640670
3bf8b755bc0fcc86
c2853be0c7c6740d
41d4feee412b265b
3dca8e6e3751592e
bd697328bb3ee19c
c5a980ad43db41cd
3cdf39b137ea1164
c2edae5741591088
43cc88ac3be1fa83
4453bfeb4269a016
3e2f0c63c27c4c71
43240529bd03f55a
3fb66161410ef0cc
3b58299bc6de786e
c1961870c2f1a921
c2a7e0d4bf256316
c6d8dbb0bd37ee6b
430e7c02381f0c1a
be15235e468f8ff1
3c67ac1f396364ab
3b3b74c1436c1cb1
bd00468bbf076897
bba066b83ea14825
3c185ed4486baf92
40ec7cc0c693d637
483da8c5bce71d41
3816dd61429c906e
c2716976c0a44299
b96c1482b90f7ba2
c15e83c042e87a0f
486f77b83d9a90bd
4166c8193bed1a6e
414ad69742099a56
c47c47f741247a4a
bf5251d2c2db4bce
3dc00ad839155f7a
3984eace41b3a5cc
4768fab63ef46b0a
42f45a64c4ee06ca
4233ef2039c2adf5
41a3185e47990a05
c8063ee5c18bdd89
3dbaa041c01c42bb
4585708745fee016
4846ca02436a9b45
375aa176bf2b38aa
c17b3f6dbcf76307
bdc6ec0a396c7d48
3e04bcccc22b833f
42744c21bec706e8
c5e85254bb1ebf69
b7078868c72f8db2
c54f2ad4bc57020c
bdf12562455be347
bcb2811f414167ae
3d200875b7a04493
bb4154d7bfa64deb
3fe7d86940193601
42c66887c4bec384
3a449cfeb86e9d8e
c20f8483c81aacba
42d9dbf53bcd7c1c
4531586a43acfcec
bf78f39440ed0d2c
c87d95a23f9512d9
429559744247582e
c5a5bc45bda4d1fe
c6e027eec61a3c13
bc0000cb3ea44e90
4393a846c67eab57
c039e3cfc15772ea
bc2f2f96c0151660
37d10cfdc3888af7
baef4c5c3798585a
bb4324d24027deaa
4190ac07b8b531d8
c0518d1cbfcd0bc9
479ee4ddc0590d6d
c234f01f3a1ac45b
bcb21c644250b695
3fbacd7fc7fa386e
c52c4736bebfdf56
3f8000003f800000
3f8000003f800001
3f8000003f87ffff
3f8000003f880000
3f8000003f880001
3f8000003f8fffff
3f8000003f900000
3f8000003f900001
3f8000003f97ffff
3f8000003f980000
3f8000003f980001
3f8000003f9fffff
3f8000003fa00000
3f8000003fa00001
3f8000003fa7ffff
3f8000003fa80000
3f8000003fa80001
3f8000003fafffff
3f8000003fb00000
3f8000003fb00001
3f8000003fb7ffff
3f8000003fb80000
3f8000003fb80001
3f8000003fbfffff
3f8000003fc00000
3f8000003fc00001
3f8000003fc7ffff
3f8000003fc80000
3f8000003fc80001
3f8000003fcfffff
3f8000003fd00000
3f8000003fd00001
3f8000003fd7ffff
3f8000003fd80000
3f8000003fd80001
3f8000003fdfffff
3f8000003fe00000
3f8000003fe00001
3f8000003fe7ffff
3f8000003fe80000
3f8000003fe80001
3f8000003fefffff
3f8000003ff00000
3f8000003ff00001
3f8000003ff7ffff
3f8000003ff80000
3f8000003ff80001
3f8000003fffffff
3f8000013f800000
3f8000013f800001
3f8000013f87ffff
3f8000013f880000
3f8000013f880001
3f8000013f8fffff
3f8000013f900000
3f8000013f900001
3f8000013f97ffff
3f8000013f980000
3f8000013f980001
3f8000013f9fffff
3f8000013fa00000
3f8000013fa00001
3f8000013fa7ffff
3f8000013fa80000
3f8000013fa80001
3f8000013fafffff
3f8000013fb00000
3f8000013fb00001
3f8000013fb7ffff
3f8000013fb80000
3f8000013fb80001
3f8000013fbfffff
3f8000013fc00000
3f8000013fc00001
3f8000013fc7ffff
3f8000013fc80000
3f8000013fc80001
3f8000013fcfffff
3f8000013fd00000
3f8000013fd00001
3f8000013fd7ffff
3f8000013fd80000
3f8000013fd80001
3f8000013fdfffff
3f8000013fe00000
3f8000013fe00001
3f8000013fe7ffff
3f8000013fe80000
3f8000013fe80001
3f8000013fefffff
3f8000013ff00000
3f8000013ff00001
3f8000013ff7ffff
3f8000013ff80000
3f8000013ff80001
3f8000013fffffff
3f87ffff3f800000
3f87ffff3f800001
3f87ffff3f87ffff
3f87ffff3f880000
3f87ffff3f880001
3f87ffff3f8fffff
3f87ffff3f900000
3f87ffff3f900001
3f87ffff3f97ffff
3f87ffff3f980000
3f87ffff3f980001
3f87ffff3f9fffff
3f87ffff3fa00000
3f87ffff3fa00001
3f87ffff3fa7ffff
3f87ffff3fa80000
3f87ffff3fa80001
3f87ffff3fafffff
3f87ffff3fb00000
3f87ffff3fb00001
3f87ffff3fb7ffff
3f87ffff3fb80000
3f87ffff3fb80001
3f87ffff3fbfffff
3f87ffff3fc00000
3f87ffff3fc00001
3f87ffff3fc7ffff
3f87ffff3fc80000
3f87ffff3fc80001
3f87ffff3fcfffff
3f87ffff3fd00000
3f87ffff3fd00001
3f87ffff3fd7ffff
3f87ffff3fd80000
3f87ffff3fd80001
3f87ffff3fdfffff
3f87ffff3fe00000
3f87ffff3fe00001
3f87ffff3fe7ffff
3f87ffff3fe80000
3f87ffff3fe80001
3f87ffff3fefffff
3f87ffff3ff00000
3f87ffff3ff00001
3f87ffff3ff7ffff
3f87ffff3ff80000
3f87ffff3ff80001
3f87ffff3fffffff
3f8800003f800000
3f8800003f800001
3f8800003f87ffff
3f8800003f880000
3f8800003f880001
3f8800003f8fffff
3f8800003f900000
3f8800003f900001
3f8800003f97ffff
3f8800003f980000
3f8800003f980001
3f8800003f9fffff
3f8800003fa00000
3f8800003fa00001
3f8800003fa7ffff
3f8800003fa80000
3f8800003fa80001
3f8800003fafffff
3f8800003fb00000
3f8800003fb00001
3f8800003fb7ffff
3f8800003fb80000
3f8800003fb80001
3f8800003fbfffff
3f8800003fc00000
3f8800003fc00001
3f8800003fc7ffff
3f8800003fc80000
3f8800003fc80001
3f8800003fcfffff
3f8800003fd00000
3f8800003fd00001
3f8800003fd7ffff
3f8800003fd80000
3f8800003fd80001
3f8800003fdfffff
3f8800003fe00000
3f8800003fe00001
3f8800003fe7ffff
3f8800003fe80000
3f8800003fe80001
3f8800003fefffff
3f8800003ff00000
3f8800003ff00001
3f8800003ff7ffff
3f8800003ff80000
3f8800003ff80001
3f8800003fffffff
3f8800013f800000
3f8800013f800001
3f8800013f87ffff
3f8800013f880000
3f8800013f880001
3f8800013f8fffff
3f8800013f900000
3f8800013f900001
3f8800013f97ffff
3f8800013f980000
3f8800013f980001
3f8800013f9fffff
3f8800013fa00000
3f8800013fa00001
3f8800013fa7ffff
3f8800013fa80000
3f8800013fa80001
3f8800013fafffff
3f8800013fb00000
3f8800013fb00001
3f8800013fb7ffff
3f8800013fb80000
3f8800013fb80001
3f8800013fbfffff
3f8800013fc00000
3f8800013fc00001
3f8800013fc7ffff
3f8800013fc80000
3f8800013fc80001
3f8800013fcfffff
3f8800013fd00000
3f8800013fd00001
3f8800013fd7ffff
3f8800013fd80000
3f8800013fd80001
3f8800013fdfffff
3f8800013fe00000
3f8800013fe00001
3f8800013fe7ffff
3f8800013fe80000
3f8800013fe80001
3f8800013fefffff
3f8800013ff00000
3f8800013ff00001
3f8800013ff7ffff
3f8800013ff80000
3f8800013ff80001
3f8800013fffffff
3f8fffff3f800000
3f8fffff3f800001
3f8fffff3f87ffff
3f8fffff3f880000
3f8fffff3f880001
3f8fffff3f8fffff
3f8fffff3f900000
3f8fffff3f900001
3f8fffff3f97ffff
3f8fffff3f980000
3f8fffff3f980001
3f8fffff3f9fffff
3f8fffff3fa00000
3f8fffff3fa00001
3f8fffff3fa7ffff
3f8fffff3fa80000
3f8fffff3fa80001
3f8fffff3fafffff
3f8fffff3fb00000
3f8fffff3fb00001
3f8fffff3fb7ffff
3f8fffff3fb80000
3f8fffff3fb80001
3f8fffff3fbfffff
3f8fffff3fc00000
3f8fffff3fc00001
3f8fffff3fc7ffff
3f8fffff3fc80000
3f8fffff3fc80001
3f8fffff3fcfffff
3f8fffff3fd00000
3f8fffff3fd00001
3f8fffff3fd7ffff
3f8fffff3fd80000
3f8fffff3fd80001
3f8fffff3fdfffff
3f8fffff3fe00000
3f8fffff3fe00001
3f8fffff3fe7ffff
3f8fffff3fe80000
3f8fffff3fe80001
3f8fffff3fefffff
3f8fffff3ff00000
3f8fffff3ff00001
3f8fffff3ff7ffff
3f8fffff3ff80000
3f8fffff3ff80001
3f8fffff3fffffff
3f9000003f800000
3f9000003f800001
3f9000003f87ffff
3f9000003f880000
3f9000003f880001
3f9000003f8fffff
3f9000003f900000
3f9000003f900001
3f9000003f97ffff
3f9000003f980000
3f9000003f980001
3f9000003f9fffff
3f9000003fa00000
3f9000003fa00001
3f9000003fa7ffff
3f9000003fa80000
3f9000003fa80001
3f9000003fafffff
3f9000003fb00000
3f9000003fb00001
3f9000003fb7ffff
3f9000003fb80000
3f9000003fb80001
3f9000003fbfffff
3f9000003fc00000
3f9000003fc00001
3f9000003fc7ffff
3f9000003fc80000
3f9000003fc80001
3f9000003fcfffff
3f9000003fd00000
3f9000003fd00001
3f9000003fd7ffff
3f9000003fd80000
3f9000003fd80001
3f9000003fdfffff
3f9000003fe00000
3f9000003fe00001
3f9000003fe7ffff
3f9000003fe80000
3f9000003fe80001
3f9000003fefffff
3f9000003ff00000
3f9000003ff00001
3f9000003ff7ffff
3f9000003ff80000
3f9000003ff80001
3f9000003fffffff
3f9000013f800000
3f9000013f800001
3f9000013f87ffff
3f9000013f880000
3f9000013f880001
3f9000013f8fffff
3f9000013f900000
3f9000013f900001
3f9000013f97ffff
3f9000013f980000
3f9000013f980001
3f9000013f9fffff
3f9000013fa00000
3f9000013fa00001
3f9000013fa7ffff
3f9000013fa80000
3f9000013fa80001
3f9000013fafffff
3f9000013fb00000
3f9000013fb00001
3f9000013fb7ffff
3f9000013fb80000
3f9000013fb80001
3f9000013fbfffff
3f9000013fc00000
3f9000013fc00001
3f9000013fc7ffff
3f9000013fc80000
3f9000013fc80001
3f9000013fcfffff
3f9000013fd00000
3f9000013fd00001
3f9000013fd7ffff
3f9000013fd80000
3f9000013fd80001
3f9000013fdfffff
3f9000013fe00000
3f9000013fe00001
3f9000013fe7ffff
3f9000013fe80000
3f9000013fe80001
3f9000013fefffff
3f9000013ff00000
3f9000013ff00001
3f9000013ff7ffff
3f9000013ff80000
3f9000013ff80001
3f9000013fffffff
3f97ffff3f800000
3f97ffff3f800001
3f97ffff3f87ffff
3f97ffff3f880000
3f97ffff3f880001
3f97ffff3f8fffff
3f97ffff3f900000
3f97ffff3f900001
3f97ffff3f97ffff
3f97ffff3f980000
3f97ffff3f980001
3f97ffff3f9fffff
3f97ffff3fa00000
3f97ffff3fa00001
3f97ffff3fa7ffff
3f97ffff3fa80000
3f97ffff3fa80001
3f97ffff3fafffff
3f97ffff3fb00000
3f97ffff3fb00001
3f97ffff3fb7ffff
3f97ffff3fb80000
3f97ffff3fb80001
3f97ffff3fbfffff
3f97ffff3fc00000
3f97ffff3fc00001
3f97ffff3fc7ffff
3f97ffff3fc80000
3f97ffff3fc80001
3f97ffff3fcfffff
3f97ffff3fd00000
3f97ffff3fd00001
3f97ffff3fd7ffff
3f97ffff3fd80000
3f97ffff3fd80001
3f97ffff3fdfffff
3f97ffff3fe00000
3f97ffff3fe00001
3f97ffff3fe7ffff
3f97ffff3fe80000
3f97ffff3fe80001
3f97ffff3fefffff
3f97ffff3ff00000
3f97ffff3ff00001
3f97ffff3ff7ffff
3f97ffff3ff80000
3f97ffff3ff80001
3f97ffff3fffffff
3f9800003f800000
3f9800003f800001
3f9800003f87ffff
3f9800003f880000
3f9800003f880001
3f9800003f8fffff
3f9800003f900000
3f9800003f900001
3f9800003f97ffff
3f9800003f980000
3f9800003f980001
3f9800003f9fffff
3f9800003fa00000
3f9800003fa00001
3f9800003fa7ffff
3f9800003fa80000
3f9800003fa80001
3f9800003fafffff
3f9800003fb00000
3f9800003fb00001
3f9800003fb7ffff
3f9800003fb80000
3f9800003fb80001
3f9800003fbfffff
3f9800003fc00000
3f9800003fc00001
3f9800003fc7ffff
3f9800003fc80000
3f9800003fc80001
3f9800003fcfffff
3f9800003fd00000
3f9800003fd00001
3f9800003fd7ffff
3f9800003fd80000
3f9800003fd80001
3f9800003fdfffff
3f9800003fe00000
3f9800003fe00001
3f9800003fe7ffff
3f9800003fe80000
3f9800003fe80001
3f9800003fefffff
3f9800003ff00000
3f9800003ff00001
3f9800003ff7ffff
3f9800003ff80000
3f9800003ff80001
3f9800003fffffff
3f9800013f800000
3f9800013f800001
3f9800013f87ffff
3f9800013f880000
3f9800013f880001
3f9800013f8fffff
3f9800013f900000
3f9800013f900001
3f9800013f97ffff
3f9800013f980000
3f9800013f980001
3f9800013f9fffff
3f9800013fa00000
3f9800013fa00001
3f9800013fa7ffff
3f9800013fa80000
3f9800013fa80001
3f9800013fafffff
3f9800013fb00000
3f9800013fb00001
3f9800013fb7ffff
3f9800013fb80000
3f9800013fb80001
3f9800013fbfffff
3f9800013fc00000
3f9800013fc00001
3f9800013fc7ffff
3f9800013fc80000
3f9800013fc80001
3f9800013fcfffff
3f9800013fd00000
3f9800013fd00001
3f9800013fd7ffff
3f9800013fd80000
3f9800013fd80001
3f9800013fdfffff
3f9800013fe00000
3f9800013fe00001
3f9800013fe7ffff
3f9800013fe80000
3f9800013fe80001
3f9800013fefffff
3f9800013ff00000
3f9800013ff00001
3f9800013ff7ffff
3f9800013ff80000
3f9800013ff80001
3f9800013fffffff
3f9fffff3f800000
3f9fffff3f800001
3f9fffff3f87ffff
3f9fffff3f880000
3f9fffff3f880001
3f9fffff3f8fffff
3f9fffff3f900000
3f9fffff3f900001
3f9fffff3f97ffff
3f9fffff3f980000
3f9fffff3f980001
3f9fffff3f9fffff
3f9fffff3fa00000
3f9fffff3fa00001
3f9fffff3fa7ffff
3f9fffff3fa80000
3f9fffff3fa80001
3f9fffff3fafffff
3f9fffff3fb00000
3f9fffff3fb00001
3f9fffff3fb7ffff
3f9fffff3fb80000
3f9fffff3fb80001
3f9fffff3fbfffff
3f9fffff3fc00000
3f9fffff3fc00001
3f9fffff3fc7ffff
3f9fffff3fc80000
3f9fffff3fc80001
3f9fffff3fcfffff
3f9fffff3fd00000
3f9fffff3fd00001
3f9fffff3fd7ffff
3f9fffff3fd80000
3f9fffff3fd80001
3f9fffff3fdfffff
3f9fffff3fe00000
3f9fffff3fe00001
3f9fffff3fe7ffff
3f9fffff3fe80000
3f9fffff3fe80001
3f9fffff3fefffff
3f9fffff3ff00000
3f9fffff3ff00001
3f9fffff3ff7ffff
3f9fffff3ff80000
3f9fffff3ff80001
3f9fffff3fffffff
3fa000003f800000
3fa000003f800001
3fa000003f87ffff
3fa000003f880000
3fa000003f880001
3fa000003f8fffff
3fa000003f900000
3fa000003f900001
3fa000003f97ffff
3fa000003f980000
3fa000003f980001
3fa000003f9fffff
3fa000003fa00000
3fa000003fa00001
3fa000003fa7ffff
3fa000003fa80000
3fa000003fa80001
3fa000003fafffff
3fa000003fb00000
3fa000003fb00001
3fa000003fb7ffff
3fa000003fb80000
3fa000003fb80001
3fa000003fbfffff
3fa000003fc00000
3fa000003fc00001
3fa000003fc7ffff
3fa000003fc80000
3fa000003fc80001
3fa000003fcfffff
3fa000003fd00000
3fa000003fd00001
3fa000003fd7ffff
3fa000003fd80000
3fa000003fd80001
3fa000003fdfffff
3fa000003fe00000
3fa000003fe00001
3fa000003fe7ffff
3fa000003fe80000
3fa000003fe80001
3fa000003fefffff
3fa000003ff00000
3fa000003ff00001
3fa000003ff7ffff
3fa000003ff80000
3fa000003ff80001
3fa000003fffffff
3fa000013f800000
3fa000013f800001
3fa000013f87ffff
3fa000013f880000
3fa000013f880001
3fa000013f8fffff
3fa000013f900000
3fa000013f900001
3fa000013f97ffff
3fa000013f980000
3fa000013f980001
3fa000013f9fffff
3fa000013fa00000
3fa000013fa00001
3fa000013fa7ffff
3fa000013fa80000
3fa000013fa80001
3fa000013fafffff
3fa000013fb00000
3fa000013fb00001
3fa000013fb7ffff
3fa000013fb80000
3fa000013fb80001
3fa000013fbfffff
3fa000013fc00000
3fa000013fc00001
3fa000013fc7ffff
3fa000013fc80000
3fa000013fc80001
3fa000013fcfffff
3fa000013fd00000
3fa000013fd00001
3fa000013fd7ffff
3fa000013fd80000
3fa000013fd80001
3fa000013fdfffff
3fa000013fe00000
3fa000013fe00001
3fa000013fe7ffff
3fa000013fe80000
3fa000013fe80001
3fa000013fefffff
3fa000013ff00000
3fa000013ff00001
3fa000013ff7ffff
3fa000013ff80000
3fa000013ff80001
3fa000013fffffff
3fa7ffff3f800000
3fa7ffff3f800001
3fa7ffff3f87ffff
3fa7ffff3f880000
3fa7ffff3f880001
3fa7ffff3f8fffff
3fa7ffff3f900000
3fa7ffff3f900001
3fa7ffff3f97ffff
3fa7ffff3f980000
3fa7ffff3f980001
3fa7ffff3f9fffff
3fa7ffff3fa00000
3fa7ffff3fa00001
3fa7ffff3fa7ffff
3fa7ffff3fa80000
3fa7ffff3fa80001
3fa7ffff3fafffff
3fa7ffff3fb00000
3fa7ffff3fb00001
3fa7ffff3fb7ffff
3fa7ffff3fb80000
3fa7ffff3fb80001
3fa7ffff3fbfffff
3fa7ffff3fc00000
3fa7ffff3fc00001
3fa7ffff3fc7ffff
3fa7ffff3fc80000
3fa7ffff3fc80001
3fa7ffff3fcfffff
3fa7ffff3fd00000
3fa7ffff3fd00001
3fa7ffff3fd7ffff
3fa7ffff3fd80000
3fa7ffff3fd80001
3fa7ffff3fdfffff
3fa7ffff3fe00000
3fa7ffff3fe00001
3fa7ffff3fe7ffff
3fa7ffff3fe80000
3fa7ffff3fe80001
3fa7ffff3fefffff
3fa7ffff3ff00000
3fa7ffff3ff00001
3fa7ffff3ff7ffff
3fa7ffff3ff80000
3fa7ffff3ff80001
3fa7ffff3fffffff
3fa800003f800000
3fa800003f800001
3fa800003f87ffff
3fa800003f880000
3fa800003f880001
3fa800003f8fffff
3fa800003f900000
3fa800003f900001
3fa800003f97ffff
3fa800003f980000
3fa800003f980001
3fa800003f9fffff
3fa800003fa00000
3fa800003fa00001
3fa800003fa7ffff
3fa800003fa80000
3fa800003fa80001
3fa800003fafffff
3fa800003fb00000
3fa800003fb00001
3fa800003fb7ffff
3fa800003fb80000
3fa800003fb80001
3fa800003fbfffff
3fa800003fc00000
3fa800003fc00001
3fa800003fc7ffff
3fa800003fc80000
3fa800003fc80001
3fa800003fcfffff
3fa800003fd00000
3fa800003fd00001
3fa800003fd7ffff
3fa800003fd80000
3fa800003fd80001
3fa800003fdfffff
3fa800003fe00000
3fa800003fe00001
3fa800003fe7ffff
3fa800003fe80000
3fa800003fe80001
3fa800003fefffff
3fa800003ff00000
3fa800003ff00001
3fa800003ff7ffff
3fa800003ff80000
3fa800003ff80001
3fa800003fffffff
3fa800013f800000
3fa800013f800001
3fa800013f87ffff
3fa800013f880000
3fa800013f880001
3fa800013f8fffff
3fa800013f900000
3fa800013f900001
3fa800013f97ffff
3fa800013f980000
3fa800013f980001
3fa800013f9fffff
3fa800013fa00000
3fa800013fa00001
3fa800013fa7ffff
3fa800013fa80000
3fa800013fa80001
3fa800013fafffff
3fa800013fb00000
3fa800013fb00001
3fa800013fb7ffff
3fa800013fb80000
3fa800013fb80001
3fa800013fbfffff
3fa800013fc00000
3fa800013fc00001
3fa800013fc7ffff
3fa800013fc80000
3fa800013fc80001
3fa800013fcfffff
3fa800013fd00000
3fa800013fd00001
3fa800013fd7ffff
3fa800013fd80000
3fa800013fd80001
3fa800013fdfffff
3fa800013fe00000
3fa800013fe00001
3fa800013fe7ffff
3fa800013fe80000
3fa800013fe80001
3fa800013fefffff
3fa800013ff00000
3fa800013ff00001
3fa800013ff7ffff
3fa800013ff80000
3fa800013ff80001
3fa800013fffffff
3fafffff3f800000
3fafffff3f800001
3fafffff3f87ffff
3fafffff3f880000
3fafffff3f880001
3fafffff3f8fffff
3fafffff3f900000
3fafffff3f900001
3fafffff3f97ffff
3fafffff3f980000
3fafffff3f980001
3fafffff3f9fffff
3fafffff3fa00000
3fafffff3fa00001
3fafffff3fa7ffff
3fafffff3fa80000
3fafffff3fa80001
3fafffff3fafffff
3fafffff3fb00000
3fafffff3fb00001
3fafffff3fb7ffff
3fafffff3fb80000
3fafffff3fb80001
3fafffff3fbfffff
3fafffff3fc00000
3fafffff3fc00001
3fafffff3fc7ffff
3fafffff3fc80000
3fafffff3fc80001
3fafffff3fcfffff
3fafffff3fd00000
3fafffff3fd00001
3fafffff3fd7ffff
3fafffff3fd80000
3fafffff3fd80001
3fafffff3fdfffff
3fafffff3fe00000
3fafffff3fe00001
3fafffff3fe7ffff
3fafffff3fe80000
3fafffff3fe80001
3fafffff3fefffff
3fafffff3ff00000
3fafffff3ff00001
3fafffff3ff7ffff
3fafffff3ff80000
3fafffff3ff80001
3fafffff3fffffff
3fb000003f800000
3fb000003f800001
3fb000003f87ffff
3fb000003f880000
3fb000003f880001
3fb000003f8fffff
3fb000003f900000
3fb000003f900001
3fb000003f97ffff
3fb000003f980000
3fb000003f980001
3fb000003f9fffff
3fb000003fa00000
3fb000003fa00001
3fb000003fa7ffff
3fb000003fa80000
3fb000003fa80001
3fb000003fafffff
3fb000003fb00000
3fb000003fb00001
3fb000003fb7ffff
3fb000003fb80000
3fb000003fb80001
3fb000003fbfffff
3fb000003fc00000
3fb000003fc00001
3fb000003fc7ffff
3fb000003fc80000
3fb000003fc80001
3fb000003fcfffff
3fb000003fd00000
3fb000003fd00001
3fb000003fd7ffff
3fb000003fd80000
3fb000003fd80001
3fb000003fdfffff
3fb000003fe00000
3fb000003fe00001
3fb000003fe7ffff
3fb000003fe80000
3fb000003fe80001
3fb000003fefffff
3fb000003ff00000
3fb000003ff00001
3fb000003ff7ffff
3fb000003ff80000
3fb000003ff80001
3fb000003fffffff
3fb000013f800000
3fb000013f800001
3fb000013f87ffff
3fb000013f880000
3fb000013f880001
3fb000013f8fffff
3fb000013f900000
3fb000013f900001
3fb000013f97ffff
3fb000013f980000
3fb000013f980001
3fb000013f9fffff
3fb000013fa00000
3fb000013fa00001
3fb000013fa7ffff
3fb000013fa80000
3fb000013fa80001
3fb000013fafffff
3fb000013fb00000
3fb000013fb00001
3fb000013fb7ffff
3fb000013fb80000
3fb000013fb80001
3fb000013fbfffff
3fb000013fc00000
3fb000013fc00001
3fb000013fc7ffff
3fb000013fc80000
3fb000013fc80001
3fb000013fcfffff
3fb000013fd00000
3fb000013fd00001
3fb000013fd7ffff
3fb000013fd80000
3fb000013fd80001
3fb000013fdfffff
3fb000013fe00000
3fb000013fe00001
3fb000013fe7ffff
3fb000013fe80000
3fb000013fe80001
3fb000013fefffff
3fb000013ff00000
3fb000013ff00001
3fb000013ff7ffff
3fb000013ff80000
3fb000013ff80001
3fb000013fffffff
3fb7ffff3f800000
3fb7ffff3f800001
3fb7ffff3f87ffff
3fb7ffff3f880000
3fb7ffff3f880001
3fb7ffff3f8fffff
3fb7ffff3f900000
3fb7ffff3f900001
3fb7ffff3f97ffff
3fb7ffff3f980000
3fb7ffff3f980001
3fb7ffff3f9fffff
3fb7ffff3fa00000
3fb7ffff3fa00001
3fb7ffff3fa7ffff
3fb7ffff3fa80000
3fb7ffff3fa80001
3fb7ffff3fafffff
3fb7ffff3fb00000
3fb7ffff3fb00001
3fb7ffff3fb7ffff
3fb7ffff3fb80000
3fb7ffff3fb80001
3fb7ffff3fbfffff
3fb7ffff3fc00000
3fb7ffff3fc00001
3fb7ffff3fc7ffff
3fb7ffff3fc80000
3fb7ffff3fc80001
3fb7ffff3fcfffff
3fb7ffff3fd00000
3fb7ffff3fd00001
3fb7ffff3fd7ffff
3fb7ffff3fd80000
3fb7ffff3fd80001
3fb7ffff3fdfffff
3fb7ffff3fe00000
3fb7ffff3fe00001
3fb7ffff3fe7ffff
3fb7ffff3fe80000
3fb7ffff3fe80001
3fb7ffff3fefffff
3fb7ffff3ff00000
3fb7ffff3ff00001
3fb7ffff3ff7ffff
3fb7ffff3ff80000
3fb7ffff3ff80001
3fb7ffff3fffffff
3fb800003f800000
3fb800003f800001
3fb800003f87ffff
3fb800003f880000
3fb800003f880001
3fb800003f8fffff
3fb800003f900000
3fb800003f900001
3fb800003f97ffff
3fb800003f980000
3fb800003f980001
3fb800003f9fffff
3fb800003fa00000
3fb800003fa00001
3fb800003fa7ffff
3fb800003fa80000
3fb800003fa80001
3fb800003fafffff
3fb800003fb00000
3fb800003fb00001
3fb800003fb7ffff
3fb800003fb80000
3fb800003fb80001
3fb800003fbfffff
3fb800003fc00000
3fb800003fc00001
3fb800003fc7ffff
3fb800003fc80000
3fb800003fc80001
3fb800003fcfffff
3fb800003fd00000
3fb800003fd00001
3fb800003fd7ffff
3fb800003fd80000
3fb800003fd80001
3fb800003fdfffff
3fb800003fe00000
3fb800003fe00001
3fb800003fe7ffff
3fb800003fe80000
3fb800003fe80001
3fb800003fefffff
3fb800003ff00000
3fb800003ff00001
3fb800003ff7ffff
3fb800003ff80000
3fb800003ff80001
3fb800003fffffff
3fb800013f800000
3fb800013f800001
3fb800013f87ffff
3fb800013f880000
3fb800013f880001
3fb800013f8fffff
3fb800013f900000
3fb800013f900001
3fb800013f97ffff
3fb800013f980000
3fb800013f980001
3fb800013f9fffff
3fb800013fa00000
3fb800013fa00001
3fb800013fa7ffff
3fb800013fa80000
3fb800013fa80001
3fb800013fafffff
3fb800013fb00000
3fb800013fb00001
3fb800013fb7ffff
3fb800013fb80000
3fb800013fb80001
3fb800013fbfffff
3fb800013fc00000
3fb800013fc00001
3fb800013fc7ffff
3fb800013fc80000
3fb800013fc80001
3fb800013fcfffff
3fb800013fd00000
3fb800013fd00001
3fb800013fd7ffff
3fb800013fd80000
3fb800013fd80001
3fb800013fdfffff
3fb800013fe00000
3fb800013fe00001
3fb800013fe7ffff
3fb800013fe80000
3fb800013fe80001
3fb800013fefffff
3fb800013ff00000
3fb800013ff00001
3fb800013ff7ffff
3fb800013ff80000
3fb800013ff80001
3fb800013fffffff
3fbfffff3f800000
3fbfffff3f800001
3fbfffff3f87ffff
3fbfffff3f880000
3fbfffff3f880001
3fbfffff3f8fffff
3fbfffff3f900000
3fbfffff3f900001
3fbfffff3f97ffff
3fbfffff3f980000
3fbfffff3f980001
3fbfffff3f9fffff
3fbfffff3fa00000
3fbfffff3fa00001
3fbfffff3fa7ffff
3fbfffff3fa80000
3fbfffff3fa80001
3fbfffff3fafffff
3fbfffff3fb00000
3fbfffff3fb00001
3fbfffff3fb7ffff
3fbfffff3fb80000
3fbfffff3fb80001
3fbfffff3fbfffff
3fbfffff3fc00000
3fbfffff3fc00001
3fbfffff3fc7ffff
3fbfffff3fc80000
3fbfffff3fc80001
3fbfffff3fcfffff
3fbfffff3fd00000
3fbfffff3fd00001
3fbfffff3fd7ffff
3fbfffff3fd80000
3fbfffff3fd80001
3fbfffff3fdfffff
3fbfffff3fe00000
3fbfffff3fe00001
3fbfffff3fe7ffff
3fbfffff3fe80000
3fbfffff3fe80001
3fbfffff3fefffff
3fbfffff3ff00000
3fbfffff3ff00001
3fbfffff3ff7ffff
3fbfffff3ff80000
3fbfffff3ff80001
3fbfffff3fffffff
3fc000003f800000
3fc000003f800001
3fc000003f87ffff
3fc000003f880000
3fc000003f880001
3fc000003f8fffff
3fc000003f900000
3fc000003f900001
3fc000003f97ffff
3fc000003f980000
3fc000003f980001
3fc000003f9fffff
3fc000003fa00000
3fc000003fa00001
3fc000003fa7ffff
3fc000003fa80000
3fc000003fa80001
3fc000003fafffff
3fc000003fb00000
3fc000003fb00001
3fc000003fb7ffff
3fc000003fb80000
3fc000003fb80001
3fc000003fbfffff
3fc000003fc00000
3fc000003fc00001
3fc000003fc7ffff
3fc000003fc80000
3fc000003fc80001
3fc000003fcfffff
3fc000003fd00000
3fc000003fd00001
3fc000003fd7ffff
3fc000003fd80000
3fc000003fd80001
3fc000003fdfffff
3fc000003fe00000
3fc000003fe00001
3fc000003fe7ffff
3fc000003fe80000
3fc000003fe80001
3fc000003fefffff
3fc000003ff00000
3fc000003ff00001
3fc000003ff7ffff
3fc000003ff80000
3fc000003ff80001
3fc000003fffffff
3fc000013f800000
3fc000013f800001
3fc000013f87ffff
3fc000013f880000
3fc000013f880001
3fc000013f8fffff
3fc000013f900000
3fc000013f900001
3fc000013f97ffff
3fc000013f980000
3fc000013f980001
3fc000013f9fffff
3fc000013fa00000
3fc000013fa00001
3fc000013fa7ffff
3fc000013fa80000
3fc000013fa80001
3fc000013fafffff
3fc000013fb00000
3fc000013fb00001
3fc000013fb7ffff
3fc000013fb80000
3fc000013fb80001
3fc000013fbfffff
3fc000013fc00000
3fc000013fc00001
3fc000013fc7ffff
3fc000013fc80000
3fc000013fc80001
3fc000013fcfffff
3fc000013fd00000
3fc000013fd00001
3fc000013fd7ffff
3fc000013fd80000
3fc000013fd80001
3fc000013fdfffff
3fc000013fe00000
3fc000013fe00001
3fc000013fe7ffff
3fc000013fe80000
3fc000013fe80001
3fc000013fefffff
3fc000013ff00000
3fc000013ff00001
3fc000013ff7ffff
3fc000013ff80000
3fc000013ff80001
3fc000013fffffff
3fc7ffff3f800000
3fc7ffff3f800001
3fc7ffff3f87ffff
3fc7ffff3f880000
3fc7ffff3f880001
3fc7ffff3f8fffff
3fc7ffff3f900000
3fc7ffff3f900001
3fc7ffff3f97ffff
3fc7ffff3f980000
3fc7ffff3f980001
3fc7ffff3f9fffff
3fc7ffff3fa00000
3fc7ffff3fa00001
3fc7ffff3fa7ffff
3fc7ffff3fa80000
3fc7ffff3fa80001
3fc7ffff3fafffff
3fc7ffff3fb00000
3fc7ffff3fb00001
3fc7ffff3fb7ffff
3fc7ffff3fb80000
3fc7ffff3fb80001
3fc7ffff3fbfffff
3fc7ffff3fc00000
3fc7ffff3fc00001
3fc7ffff3fc7ffff
3fc7ffff3fc80000
3fc7ffff3fc80001
3fc7ffff3fcfffff
3fc7ffff3fd00000
3fc7ffff3fd00001
3fc7ffff3fd7ffff
3fc7ffff3fd80000
3fc7ffff3fd80001
3fc7ffff3fdfffff
3fc7ffff3fe00000
3fc7ffff3fe00001
3fc7ffff3fe7ffff
3fc7ffff3fe80000
3fc7ffff3fe80001
3fc7ffff3fefffff
3fc7ffff3ff00000
3fc7ffff3ff00001
3fc7ffff3ff7ffff
3fc7ffff3ff80000
3fc7ffff3ff80001
3fc7ffff3fffffff
3fc800003f800000
3fc800003f800001
3fc800003f87ffff
3fc800003f880000
3fc800003f880001
3fc800003f8fffff
3fc800003f900000
3fc800003f900001
3fc800003f97ffff
3fc800003f980000
3fc800003f980001
3fc800003f9fffff
3fc800003fa00000
3fc800003fa00001
3fc800003fa7ffff
3fc800003fa80000
3fc800003fa80001
3fc800003fafffff
3fc800003fb00000
3fc800003fb00001
3fc800003fb7ffff
3fc800003fb80000
3fc800003fb80001
3fc800003fbfffff
3fc800003fc00000
3fc800003fc00001
3fc800003fc7ffff
3fc800003fc80000
3fc800003fc80001
3fc800003fcfffff
3fc800003fd00000
3fc800003fd00001
3fc800003fd7ffff
3fc800003fd80000
3fc800003fd80001
3fc800003fdfffff
3fc800003fe00000
3fc800003fe00001
3fc800003fe7ffff
3fc800003fe80000
3fc800003fe80001
3fc800003fefffff
3fc800003ff00000
3fc800003ff00001
3fc800003ff7ffff
3fc800003ff80000
3fc800003ff80001
3fc800003fffffff
3fc800013f800000
3fc800013f800001
3fc800013f87ffff
3fc800013f880000
3fc800013f880001
3fc800013f8fffff
3fc800013f900000
3fc800013f900001
3fc800013f97ffff
3fc800013f980000
3fc800013f980001
3fc800013f9fffff
3fc800013fa00000
3fc800013fa00001
3fc800013fa7ffff
3fc800013fa80000
3fc800013fa80001
3fc800013fafffff
3fc800013fb00000
3fc800013fb00001
3fc800013fb7ffff
3fc800013fb80000
3fc800013fb80001
3fc800013fbfffff
3fc800013fc00000
3fc800013fc00001
3fc800013fc7ffff
3fc800013fc80000
3fc800013fc80001
3fc800013fcfffff
3fc800013fd00000
3fc800013fd00001
3fc800013fd7ffff
3fc800013fd80000
3fc800013fd80001
3fc800013fdfffff
3fc800013fe00000
3fc800013fe00001
3fc800013fe7ffff
3fc800013fe80000
3fc800013fe80001
3fc800013fefffff
3fc800013ff00000
3fc800013ff00001
3fc800013ff7ffff
3fc800013ff80000
3fc800013ff80001
3fc800013fffffff
3fcfffff3f800000
3fcfffff3f800001
3fcfffff3f87ffff
3fcfffff3f880000
3fcfffff3f880001
3fcfffff3f8fffff
3fcfffff3f900000
3fcfffff3f900001
3fcfffff3f97ffff
3fcfffff3f980000
3fcfffff3f980001
3fcfffff3f9fffff
3fcfffff3fa00000
3fcfffff3fa00001
3fcfffff3fa7ffff
3fcfffff3fa80000
3fcfffff3fa80001
3fcfffff3fafffff
3fcfffff3fb00000
3fcfffff3fb00001
3fcfffff3fb7ffff
3fcfffff3fb80000
3fcfffff3fb80001
3fcfffff3fbfffff
3fcfffff3fc00000
3fcfffff3fc00001
3fcfffff3fc7ffff
3fcfffff3fc80000
3fcfffff3fc80001
3fcfffff3fcfffff
3fcfffff3fd00000
3fcfffff3fd00001
3fcfffff3fd7ffff
3fcfffff3fd80000
3fcfffff3fd80001
3fcfffff3fdfffff
3fcfffff3fe00000
3fcfffff3fe00001
3fcfffff3fe7ffff
3fcfffff3fe80000
3fcfffff3fe80001
3fcfffff3fefffff
3fcfffff3ff00000
3fcfffff3ff00001
3fcfffff3ff7ffff
3fcfffff3ff80000
3fcfffff3ff80001
3fcfffff3fffffff
3fd000003f800000
3fd000003f800001
3fd000003f87ffff
3fd000003f880000
3fd000003f880001
3fd000003f8fffff
3fd000003f900000
3fd000003f900001
3fd000003f97ffff
3fd000003f980000
3fd000003f980001
3fd000003f9fffff
3fd000003fa00000
3fd000003fa00001
3fd000003fa7ffff
3fd000003fa80000
3fd000003fa80001
3fd000003fafffff
3fd000003fb00000
3fd000003fb00001
3fd000003fb7ffff
3fd000003fb80000
3fd000003fb80001
3fd000003fbfffff
3fd000003fc00000
3fd000003fc00001
3fd000003fc7ffff
3fd000003fc80000
3fd000003fc80001
3fd000003fcfffff
3fd000003fd00000
3fd000003fd00001
3fd000003fd7ffff
3fd000003fd80000
3fd000003fd80001
3fd000003fdfffff
3fd000003fe00000
3fd000003fe00001
3fd000003fe7ffff
3fd000003fe80000
3fd000003fe80001
3fd000003fefffff
3fd000003ff00000
3fd000003ff00001
3fd000003ff7ffff
3fd000003ff80000
3fd000003ff80001
3fd000003fffffff
3fd000013f800000
3fd000013f800001
3fd000013f87ffff
3fd000013f880000
3fd000013f880001
3fd000013f8fffff
3fd000013f900000
3fd000013f900001
3fd000013f97ffff
3fd000013f980000
3fd000013f980001
3fd000013f9fffff
3fd000013fa00000
3fd000013fa00001
3fd000013fa7ffff
3fd000013fa80000
3fd000013fa80001
3fd000013fafffff
3fd000013fb00000
3fd000013fb00001
3fd000013fb7ffff
3fd000013fb80000
3fd000013fb80001
3fd000013fbfffff
3fd000013fc00000
3fd000013fc00001
3fd000013fc7ffff
3fd000013fc80000
3fd000013fc80001
3fd000013fcfffff
3fd000013fd00000
3fd000013fd00001
3fd000013fd7ffff
3fd000013fd80000
3fd000013fd80001
3fd000013fdfffff
3fd000013fe00000
3fd000013fe00001
3fd000013fe7ffff
3fd000013fe80000
3fd000013fe80001
3fd000013fefffff
3fd000013ff00000
3fd000013ff00001
3fd000013ff7ffff
3fd000013ff80000
3fd000013ff80001
3fd000013fffffff
3fd7ffff3f800000
3fd7ffff3f800001
3fd7ffff3f87ffff
3fd7ffff3f880000
3fd7ffff3f880001
3fd7ffff3f8fffff
3fd7ffff3f900000
3fd7ffff3f900001
3fd7ffff3f97ffff
3fd7ffff3f980000
3fd7ffff3f980001
3fd7ffff3f9fffff
3fd7ffff3fa00000
3fd7ffff3fa00001
3fd7ffff3fa7ffff
3fd7ffff3fa80000
3fd7ffff3fa80001
3fd7ffff3fafffff
3fd7ffff3fb00000
3fd7ffff3fb00001
3fd7ffff3fb7ffff
3fd7ffff3fb80000
3fd7ffff3fb80001
3fd7ffff3fbfffff
3fd7ffff3fc00000
3fd7ffff3fc00001
3fd7ffff3fc7ffff
3fd7ffff3fc80000
3fd7ffff3fc80001
3fd7ffff3fcfffff
3fd7ffff3fd00000
3fd7ffff3fd00001
3fd7ffff3fd7ffff
3fd7ffff3fd80000
3fd7ffff3fd80001
3fd7ffff3fdfffff
3fd7ffff3fe00000
3fd7ffff3fe00001
3fd7ffff3fe7ffff
3fd7ffff3fe80000
3fd7ffff3fe80001
3fd7ffff3fefffff
3fd7ffff3ff00000
3fd7ffff3ff00001
3fd7ffff3ff7ffff
3fd7ffff3ff80000
3fd7ffff3ff80001
3fd7ffff3fffffff
3fd800003f800000
3fd800003f800001
3fd800003f87ffff
3fd800003f880000
3fd800003f880001
3fd800003f8fffff
3fd800003f900000
3fd800003f900001
3fd800003f97ffff
3fd800003f980000
3fd800003f980001
3fd800003f9fffff
3fd800003fa00000
3fd800003fa00001
3fd800003fa7ffff
3fd800003fa80000
3fd800003fa80001
3fd800003fafffff
3fd800003fb00000
3fd800003fb00001
3fd800003fb7ffff
3fd800003fb80000
3fd800003fb80001
3fd800003fbfffff
3fd800003fc00000
3fd800003fc00001
3fd800003fc7ffff
3fd800003fc80000
3fd800003fc80001
3fd800003fcfffff
3fd800003fd00000
3fd800003fd00001
3fd800003fd7ffff
3fd800003fd80000
3fd800003fd80001
3fd800003fdfffff
3fd800003fe00000
3fd800003fe00001
3fd800003fe7ffff
3fd800003fe80000
3fd800003fe80001
3fd800003fefffff
3fd800003ff00000
3fd800003ff00001
3fd800003ff7ffff
3fd800003ff80000
3fd800003ff80001
3fd800003fffffff
3fd800013f800000
3fd800013f800001
3fd800013f87ffff
3fd800013f880000
3fd800013f880001
3fd800013f8fffff
3fd800013f900000
3fd800013f900001
3fd800013f97ffff
3fd800013f980000
3fd800013f980001
3fd800013f9fffff
3fd800013fa00000
3fd800013fa00001
3fd800013fa7ffff
3fd800013fa80000
3fd800013fa80001
3fd800013fafffff
3fd800013fb00000
3fd800013fb00001
3fd800013fb7ffff
3fd800013fb80000
3fd800013fb80001
3fd800013fbfffff
3fd800013fc00000
3fd800013fc00001
3fd800013fc7ffff
3fd800013fc80000
3fd800013fc80001
3fd800013fcfffff
3fd800013fd00000
3fd800013fd00001
3fd800013fd7ffff
3fd800013fd80000
3fd800013fd80001
3fd800013fdfffff
3fd800013fe00000
3fd800013fe00001
3fd800013fe7ffff
3fd800013fe80000
3fd800013fe80001
3fd800013fefffff
3fd800013ff00000
3fd800013ff00001
3fd800013ff7ffff
3fd800013ff80000
3fd800013ff80001
3fd800013fffffff
3fdfffff3f800000
3fdfffff3f800001
3fdfffff3f87ffff
3fdfffff3f880000
3fdfffff3f880001
3fdfffff3f8fffff
3fdfffff3f900000
3fdfffff3f900001
3fdfffff3f97ffff
3fdfffff3f980000
3fdfffff3f980001
3fdfffff3f9fffff
3fdfffff3fa00000
3fdfffff3fa00001
3fdfffff3fa7ffff
3fdfffff3fa80000
3fdfffff3fa80001
3fdfffff3fafffff
3fdfffff3fb00000
3fdfffff3fb00001
3fdfffff3fb7ffff
3fdfffff3fb80000
3fdfffff3fb80001
3fdfffff3fbfffff
3fdfffff3fc00000
3fdfffff3fc00001
3fdfffff3fc7ffff
3fdfffff3fc80000
3fdfffff3fc80001
3fdfffff3fcfffff
3fdfffff3fd00000
3fdfffff3fd00001
3fdfffff3fd7ffff
3fdfffff3fd80000
3fdfffff3fd80001
3fdfffff3fdfffff
3fdfffff3fe00000
3fdfffff3fe00001
3fdfffff3fe7ffff
3fdfffff3fe80000
3fdfffff3fe80001
3fdfffff3fefffff
3fdfffff3ff00000
3fdfffff3ff00001
3fdfffff3ff7ffff
3fdfffff3ff80000
3fdfffff3ff80001
3fdfffff3fffffff
3fe000003f800000
3fe000003f800001
3fe000003f87ffff
3fe000003f880000
3fe000003f880001
3fe000003f8fffff
3fe000003f900000
3fe000003f900001
3fe000003f97ffff
3fe000003f980000
3fe000003f980001
3fe000003f9fffff
3fe000003fa00000
3fe000003fa00001
3fe000003fa7ffff
3fe000003fa80000
3fe000003fa80001
3fe000003fafffff
3fe000003fb00000
3fe000003fb00001
3fe000003fb7ffff
3fe000003fb80000
3fe000003fb80001
3fe000003fbfffff
3fe000003fc00000
3fe000003fc00001
3fe000003fc7ffff
3fe000003fc80000
3fe000003fc80001
3fe000003fcfffff
3fe000003fd00000
3fe000003fd00001
3fe000003fd7ffff
3fe000003fd80000
3fe000003fd80001
3fe000003fdfffff
3fe000003fe00000
3fe000003fe00001
3fe000003fe7ffff
3fe000003fe80000
3fe000003fe80001
3fe000003fefffff
3fe000003ff00000
3fe000003ff00001
3fe000003ff7ffff
3fe000003ff80000
3fe000003ff80001
3fe000003fffffff
3fe000013f800000
3fe000013f800001
3fe000013f87ffff
3fe000013f880000
3fe000013f880001
3fe000013f8fffff
3fe000013f900000
3fe000013f900001
3fe000013f97ffff
3fe000013f980000
3fe000013f980001
3fe000013f9fffff
3fe000013fa00000
3fe000013fa00001
3fe000013fa7ffff
3fe000013fa80000
3fe000013fa80001
3fe000013fafffff
3fe000013fb00000
3fe000013fb00001
3fe000013fb7ffff
3fe000013fb80000
3fe000013fb80001
3fe000013fbfffff
3fe000013fc00000
3fe000013fc00001
3fe000013fc7ffff
3fe000013fc80000
3fe000013fc80001
3fe000013fcfffff
3fe000013fd00000
3fe000013fd00001
3fe000013fd7ffff
3fe000013fd80000
3fe000013fd80001
3fe000013fdfffff
3fe000013fe00000
3fe000013fe00001
3fe000013fe7ffff
3fe000013fe80000
3fe000013fe80001
3fe000013fefffff
3fe000013ff00000
3fe000013ff00001
3fe000013ff7ffff
3fe000013ff80000
3fe000013ff80001
3fe000013fffffff
3fe7ffff3f800000
3fe7ffff3f800001
3fe7ffff3f87ffff
3fe7ffff3f880000
3fe7ffff3f880001
3fe7ffff3f8fffff
3fe7ffff3f900000
3fe7ffff3f900001
3fe7ffff3f97ffff
3fe7ffff3f980000
3fe7ffff3f980001
3fe7ffff3f9fffff
3fe7ffff3fa00000
3fe7ffff3fa00001
3fe7ffff3fa7ffff
3fe7ffff3fa80000
3fe7ffff3fa80001
3fe7ffff3fafffff
3fe7ffff3fb00000
3fe7ffff3fb00001
3fe7ffff3fb7ffff
3fe7ffff3fb80000
3fe7ffff3fb80001
3fe7ffff3fbfffff
3fe7ffff3fc00000
3fe7ffff3fc00001
3fe7ffff3fc7ffff
3fe7ffff3fc80000
3fe7ffff3fc80001
3fe7ffff3fcfffff
3fe7ffff3fd00000
3fe7ffff3fd00001
3fe7ffff3fd7ffff
3fe7ffff3fd80000
3fe7ffff3fd80001
3fe7ffff3fdfffff
3fe7ffff3fe00000
3fe7ffff3fe00001
3fe7ffff3fe7ffff
3fe7ffff3fe80000
3fe7ffff3fe80001
3fe7ffff3fefffff
3fe7ffff3ff00000
3fe7ffff3ff00001
3fe7ffff3ff7ffff
3fe7ffff3ff80000
3fe7ffff3ff80001
3fe7ffff3fffffff
3fe800003f800000
3fe800003f800001
3fe800003f87ffff
3fe800003f880000
3fe800003f880001
3fe800003f8fffff
3fe800003f900000
3fe800003f900001
3fe800003f97ffff
3fe800003f980000
3fe800003f980001
3fe800003f9fffff
3fe800003fa00000
3fe800003fa00001
3fe800003fa7ffff
3fe800003fa80000
3fe800003fa80001
3fe800003fafffff
3fe800003fb00000
3fe800003fb00001
3fe800003fb7ffff
3fe800003fb80000
3fe800003fb80001
3fe800003fbfffff
3fe800003fc00000
3fe800003fc00001
3fe800003fc7ffff
3fe800003fc80000
3fe800003fc80001
3fe800003fcfffff
3fe800003fd00000
3fe800003fd00001
3fe800003fd7ffff
3fe800003fd80000
3fe800003fd80001
3fe800003fdfffff
3fe800003fe00000
3fe800003fe00001
3fe800003fe7ffff
3fe800003fe80000
3fe800003fe80001
3fe800003fefffff
3fe800003ff00000
3fe800003ff00001
3fe800003ff7ffff
3fe800003ff80000
3fe800003ff80001
3fe800003fffffff
3fe800013f800000
3fe800013f800001
3fe800013f87ffff
3fe800013f880000
3fe800013f880001
3fe800013f8fffff
3fe800013f900000
3fe800013f900001
3fe800013f97ffff
3fe800013f980000
3fe800013f980001
3fe800013f9fffff
3fe800013fa00000
3fe800013fa00001
3fe800013fa7ffff
3fe800013fa80000
3fe800013fa80001
3fe800013fafffff
3fe800013fb00000
3fe800013fb00001
3fe800013fb7ffff
3fe800013fb80000
3fe800013fb80001
3fe800013fbfffff
3fe800013fc00000
3fe800013fc00001
3fe800013fc7ffff
3fe800013fc80000
3fe800013fc80001
3fe800013fcfffff
3fe800013fd00000
3fe800013fd00001
3fe800013fd7ffff
3fe800013fd80000
3fe800013fd80001
3fe800013fdfffff
3fe800013fe00000
3fe800013fe00001
3fe800013fe7ffff
3fe800013fe80000
3fe800013fe80001
3fe800013fefffff
3fe800013ff00000
3fe800013ff00001
3fe800013ff7ffff
3fe800013ff80000
3fe800013ff80001
3fe800013fffffff
3fefffff3f800000
3fefffff3f800001
3fefffff3f87ffff
3fefffff3f880000
3fefffff3f880001
3fefffff3f8fffff
3fefffff3f900000
3fefffff3f900001
3fefffff3f97ffff
3fefffff3f980000
3fefffff3f980001
3fefffff3f9fffff
3fefffff3fa00000
3fefffff3fa00001
3fefffff3fa7ffff
3fefffff3fa80000
3fefffff3fa80001
3fefffff3fafffff
3fefffff3fb00000
3fefffff3fb00001
3fefffff3fb7ffff
3fefffff3fb80000
3fefffff3fb80001
3fefffff3fbfffff
3fefffff3fc00000
3fefffff3fc00001
3fefffff3fc7ffff
3fefffff3fc80000
3fefffff3fc80001
3fefffff3fcfffff
3fefffff3fd00000
3fefffff3fd00001
3fefffff3fd7ffff
3fefffff3fd80000
3fefffff3fd80001
3fefffff3fdfffff
3fefffff3fe00000
3fefffff3fe00001
3fefffff3fe7ffff
3fefffff3fe80000
3fefffff3fe80001
3fefffff3fefffff
3fefffff3ff00000
3fefffff3ff00001
3fefffff3ff7ffff
3fefffff3ff80000
3fefffff3ff80001
3fefffff3fffffff
3ff000003f800000
3ff000003f800001
3ff000003f87ffff
3ff000003f880000
3ff000003f880001
3ff000003f8fffff
3ff000003f900000
3ff000003f900001
3ff000003f97ffff
3ff000003f980000
3ff000003f980001
3ff000003f9fffff
3ff000003fa00000
3ff000003fa00001
3ff000003fa7ffff
3ff000003fa80000
3ff000003fa80001
3ff000003fafffff
3ff000003fb00000
3ff000003fb00001
3ff000003fb7ffff
3ff000003fb80000
3ff000003fb80001
3ff000003fbfffff
3ff000003fc00000
3ff000003fc00001
3ff000003fc7ffff
3ff000003fc80000
3ff000003fc80001
3ff000003fcfffff
3ff000003fd00000
3ff000003fd00001
3ff000003fd7ffff
3ff000003fd80000
3ff000003fd80001
3ff000003fdfffff
3ff000003fe00000
3ff000003fe00001
3ff000003fe7ffff
3ff000003fe80000
3ff000003fe80001
3ff000003fefffff
3ff000003ff00000
3ff000003ff00001
3ff000003ff7ffff
3ff000003ff80000
3ff000003ff80001
3ff000003fffffff
3ff000013f800000
3ff000013f800001
3ff000013f87ffff
3ff000013f880000
3ff000013f880001
3ff000013f8fffff
3ff000013f900000
3ff000013f900001
3ff000013f97ffff
3ff000013f980000
3ff000013f980001
3ff000013f9fffff
3ff000013fa00000
3ff000013fa00001
3ff000013fa7ffff
3ff000013fa80000
3ff000013fa80001
3ff000013fafffff
3ff000013fb00000
3ff000013fb00001
3ff000013fb7ffff
3ff000013fb80000
3ff000013fb80001
3ff000013fbfffff
3ff000013fc00000
3ff000013fc00001
3ff000013fc7ffff
3ff000013fc80000
3ff000013fc80001
3ff000013fcfffff
3ff000013fd00000
3ff000013fd00001
3ff000013fd7ffff
3ff000013fd80000
3ff000013fd80001
3ff000013fdfffff
3ff000013fe00000
3ff000013fe00001
3ff000013fe7ffff
3ff000013fe80000
3ff000013fe80001
3ff000013fefffff
3ff000013ff00000
3ff000013ff00001
3ff000013ff7ffff
3ff000013ff80000
3ff000013ff80001
3ff000013fffffff
3ff7ffff3f800000
3ff7ffff3f800001
3ff7ffff3f87ffff
3ff7ffff3f880000
3ff7ffff3f880001
3ff7ffff3f8fffff
3ff7ffff3f900000
3ff7ffff3f900001
3ff7ffff3f97ffff
3ff7ffff3f980000
3ff7ffff3f980001
3ff7ffff3f9fffff
3ff7ffff3fa00000
3ff7ffff3fa00001
3ff7ffff3fa7ffff
3ff7ffff3fa80000
3ff7ffff3fa80001
3ff7ffff3fafffff
3ff7ffff3fb00000
3ff7ffff3fb00001
3ff7ffff3fb7ffff
3ff7ffff3fb80000
3ff7ffff3fb80001
3ff7ffff3fbfffff
3ff7ffff3fc00000
3ff7ffff3fc00001
3ff7ffff3fc7ffff
3ff7ffff3fc80000
3ff7ffff3fc80001
3ff7ffff3fcfffff
3ff7ffff3fd00000
3ff7ffff3fd00001
3ff7ffff3fd7ffff
3ff7ffff3fd80000
3ff7ffff3fd80001
3ff7ffff3fdfffff
3ff7ffff3fe00000
3ff7ffff3fe00001
3ff7ffff3fe7ffff
3ff7ffff3fe80000
3ff7ffff3fe80001
3ff7ffff3fefffff
3ff7ffff3ff00000
3ff7ffff3ff00001
3ff7ffff3ff7ffff
3ff7ffff3ff80000
3ff7ffff3ff80001
3ff7ffff3fffffff
3ff800003f800000
3ff800003f800001
3ff800003f87ffff
3ff800003f880000
3ff800003f880001
3ff800003f8fffff
3ff800003f900000
3ff800003f900001
3ff800003f97ffff
3ff800003f980000
3ff800003f980001
3ff800003f9fffff
3ff800003fa00000
3ff800003fa00001
3ff800003fa7ffff
3ff800003fa80000
3ff800003fa80001
3ff800003fafffff
3ff800003fb00000
3ff800003fb00001
3ff800003fb7ffff
3ff800003fb80000
3ff800003fb80001
3ff800003fbfffff
3ff800003fc00000
3ff800003fc00001
3ff800003fc7ffff
3ff800003fc80000
3ff800003fc80001
3ff800003fcfffff
3ff800003fd00000
3ff800003fd00001
3ff800003fd7ffff
3ff800003fd80000
3ff800003fd80001
3ff800003fdfffff
3ff800003fe00000
3ff800003fe00001
3ff800003fe7ffff
3ff800003fe80000
3ff800003fe80001
3ff800003fefffff
3ff800003ff00000
3ff800003ff00001
3ff800003ff7ffff
3ff800003ff80000
3ff800003ff80001
3ff800003fffffff
3ff800013f800000
3ff800013f800001
3ff800013f87ffff
3ff800013f880000
3ff800013f880001
3ff800013f8fffff
3ff800013f900000
3ff800013f900001
3ff800013f97ffff
3ff800013f980000
3ff800013f980001
3ff800013f9fffff
3ff800013fa00000
3ff800013fa00001
3ff800013fa7ffff
3ff800013fa80000
3ff800013fa80001
3ff800013fafffff
3ff800013fb00000
3ff800013fb00001
3ff800013fb7ffff
3ff800013fb80000
3ff800013fb80001
3ff800013fbfffff
3ff800013fc00000
3ff800013fc00001
3ff800013fc7ffff
3ff800013fc80000
3ff800013fc80001
3ff800013fcfffff
3ff800013fd00000
3ff800013fd00001
3ff800013fd7ffff
3ff800013fd80000
3ff800013fd80001
3ff800013fdfffff
3ff800013fe00000
3ff800013fe00001
3ff800013fe7ffff
3ff800013fe80000
3ff800013fe80001
3ff800013fefffff
3ff800013ff00000
3ff800013ff00001
3ff800013ff7ffff
3ff800013ff80000
3ff800013ff80001
3ff800013fffffff
3fffffff3f800000
3fffffff3f800001
3fffffff3f87ffff
3fffffff3f880000
3fffffff3f880001
3fffffff3f8fffff
3fffffff3f900000
3fffffff3f900001
3fffffff3f97ffff
3fffffff3f980000
3fffffff3f980001
3fffffff3f9fffff
3fffffff3fa00000
3fffffff3fa00001
3fffffff3fa7ffff
3fffffff3fa80000
3fffffff3fa80001
3fffffff3fafffff
3fffffff3fb00000
3fffffff3fb00001
3fffffff3fb7ffff
3fffffff3fb80000
3fffffff3fb80001
3fffffff3fbfffff
3fffffff3fc00000
3fffffff3fc00001
3fffffff3fc7ffff
3fffffff3fc80000
3fffffff3fc80001
3fffffff3fcfffff
3fffffff3fd00000
3fffffff3fd00001
3fffffff3fd7ffff
3fffffff3fd80000
3fffffff3fd80001
3fffffff3fdfffff
3fffffff3fe00000
3fffffff3fe00001
3fffffff3fe7ffff
3fffffff3fe80000
3fffffff3fe80001
3fffffff3fefffff
3fffffff3ff00000
3fffffff3ff00001
3fffffff3ff7ffff
3fffffff3ff80000
3fffffff3ff80001
3fffffff3fffffff
3f8000003f800000
3f8003e53f8003e5
3f8007ca3f8007ca
3f800baf3f800baf
3f800f943f800f94
3f8013793f801379
3f80175e3f80175e
3f801b433f801b43
3f801f283f801f28
3f80230d3f80230d
3f8026f23f8026f2
3f802ad73f802ad7
3f802ebc3f802ebc
3f8032a13f8032a1
3f8036863f803686
3f803a6b3f803a6b
3f803e503f803e50
3f8042353f804235
3f80461a3f80461a
3f8049ff3f8049ff
3f804de43f804de4
3f8051c93f8051c9
3f8055ae3f8055ae
3f8059933f805993
3f805d783f805d78
3f80615d3f80615d
3f8065423f806542
3f8069273f806927
3f806d0c3f806d0c
3f8070f13f8070f1
3f8074d63f8074d6
3f8078bb3f8078bb
3f807ca03f807ca0
3f8080853f808085
3f80846a3f80846a
3f80884f3f80884f
3f808c343f808c34
3f8090193f809019
3f8093fe3f8093fe
3f8097e33f8097e3
3f809bc83f809bc8
3f809fad3f809fad
3f80a3923f80a392
3f80a7773f80a777
3f80ab5c3f80ab5c
3f80af413f80af41
3f80b3263f80b326
3f80b70b3f80b70b
3f80baf03f80baf0
3f80bed53f80bed5
3f80c2ba3f80c2ba
3f80c69f3f80c69f
3f80ca843f80ca84
3f80ce693f80ce69
3f80d24e3f80d24e
3f80d6333f80d633
3f80da183f80da18
3f80ddfd3f80ddfd
3f80e1e23f80e1e2
3f80e5c73f80e5c7
3f80e9ac3f80e9ac
3f80ed913f80ed91
3f80f1763f80f176
3f80f55b3f80f55b
3f80f9403f80f940
3f80fd253f80fd25
3f81010a3f81010a
3f8104ef3f8104ef
3f8108d43f8108d4
3f810cb93f810cb9
3f81109e3f81109e
3f8114833f811483
3f8118683f811868
3f811c4d3f811c4d
3f8120323f812032
3f8124173f812417
3f8127fc3f8127fc
3f812be13f812be1
3f812fc63f812fc6
3f8133ab3f8133ab
3f8137903f813790
3f813b753f813b75
3f813f5a3f813f5a
3f81433f3f81433f
3f8147243f814724
3f814b093f814b09
3f814eee3f814eee
3f8152d33f8152d3
3f8156b83f8156b8
3f815a9d3f815a9d
3f815e823f815e82
3f8162673f816267
3f81664c3f81664c
3f816a313f816a31
3f816e163f816e16
3f8171fb3f8171fb
3f8175e03f8175e0
3f8179c53f8179c5
3f817daa3f817daa
3f81818f3f81818f
3f8185743f818574
3f8189593f818959
3f818d3e3f818d3e
3f8191233f819123
3f8195083f819508
3f8198ed3f8198ed
3f819cd23f819cd2
3f81a0b73f81a0b7
3f81a49c3f81a49c
3f81a8813f81a881
3f81ac663f81ac66
3f81b04b3f81b04b
3f81b4303f81b430
3f81b8153f81b815
3f81bbfa3f81bbfa
3f81bfdf3f81bfdf
3f81c3c43f81c3c4
3f81c7a93f81c7a9
3f81cb8e3f81cb8e
3f81cf733f81cf73
3f81d3583f81d358
3f81d73d3f81d73d
3f81db223f81db22
3f81df073f81df07
3f81e2ec3f81e2ec
3f81e6d13f81e6d1
3f81eab63f81eab6
3f81ee9b3f81ee9b
3f81f2803f81f280
3f81f6653f81f665
3f81fa4a3f81fa4a
3f81fe2f3f81fe2f
3f8202143f820214
3f8205f93f8205f9
3f8209de3f8209de
3f820dc33f820dc3
3f8211a83f8211a8
3f82158d3f82158d
3f8219723f821972
3f821d573f821d57
3f82213c3f82213c
3f8225213f822521
3f8229063f822906
3f822ceb3f822ceb
3f8230d03f8230d0
3f8234b53f8234b5
3f82389a3f82389a
3f823c7f3f823c7f
3f8240643f824064
3f8244493f824449
3f82482e3f82482e
3f824c133f824c13
3f824ff83f824ff8
3f8253dd3f8253dd
3f8257c23f8257c2
3f825ba73f825ba7
3f825f8c3f825f8c
3f8263713f826371
3f8267563f826756
3f826b3b3f826b3b
3f826f203f826f20
3f8273053f827305
3f8276ea3f8276ea
3f827acf3f827acf
3f827eb43f827eb4
3f8282993f828299
3f82867e3f82867e
3f828a633f828a63
3f828e483f828e48
3f82922d3f82922d
3f8296123f829612
3f8299f73f8299f7
3f829ddc3f829ddc
3f82a1c13f82a1c1
3f82a5a63f82a5a6
3f82a98b3f82a98b
3f82ad703f82ad70
3f82b1553f82b155
3f82b53a3f82b53a
3f82b91f3f82b91f
3f82bd043f82bd04
3f82c0e93f82c0e9
3f82c4ce3f82c4ce
3f82c8b33f82c8b3
3f82cc983f82cc98
3f82d07d3f82d07d
3f82d4623f82d462
3f82d8473f82d847
3f82dc2c3f82dc2c
3f82e0113f82e011
3f82e3f63f82e3f6
3f82e7db3f82e7db
3f82ebc03f82ebc0
3f82efa53f82efa5
3f82f38a3f82f38a
3f82f76f3f82f76f
3f82fb543f82fb54
3f82ff393f82ff39
3f83031e3f83031e
3f8307033f830703
3f830ae83f830ae8
3f830ecd3f830ecd
3f8312b23f8312b2
3f8316973f831697
3f831a7c3f831a7c
3f831e613f831e61
3f8322463f832246
3f83262b3f83262b
3f832a103f832a10
3f832df53f832df5
3f8331da3f8331da
3f8335bf3f8335bf
3f8339a43f8339a4
3f833d893f833d89
3f83416e3f83416e
3f8345533f834553
3f8349383f834938
3f834d1d3f834d1d
3f8351023f835102
3f8354e73f8354e7
3f8358cc3f8358cc
3f835cb13f835cb1
3f8360963f836096
3f83647b3f83647b
3f8368603f836860
3f836c453f836c45
3f83702a3f83702a
3f83740f3f83740f
3f8377f43f8377f4
3f837bd93f837bd9
3f837fbe3f837fbe
3f8383a33f8383a3
3f8387883f838788
3f838b6d3f838b6d
3f838f523f838f52
3f8393373f839337
3f83971c3f83971c
3f839b013f839b01
3f839ee63f839ee6
3f83a2cb3f83a2cb
3f83a6b03f83a6b0
3f83aa953f83aa95
3f83ae7a3f83ae7a
3f83b25f3f83b25f
3f83b6443f83b644
3f83ba293f83ba29
3f83be0e3f83be0e
3f83c1f33f83c1f3
3f83c5d83f83c5d8
3f83c9bd3f83c9bd
3f83cda23f83cda2
3f83d1873f83d187
3f83d56c3f83d56c
3f83d9513f83d951
3f83dd363f83dd36
3f83e11b3f83e11b
3f83e5003f83e500
3f83e8e53f83e8e5
3f83ecca3f83ecca
3f83f0af3f83f0af
3f83f4943f83f494
3f83f8793f83f879
3f83fc5e3f83fc5e
3f8400433f840043
3f8404283f840428
3f84080d3f84080d
3f840bf23f840bf2
3f840fd73f840fd7
3f8413bc3f8413bc
3f8417a13f8417a1
3f841b863f841b86
3f841f6b3f841f6b
3f8423503f842350
3f8427353f842735
3f842b1a3f842b1a
3f842eff3f842eff
3f8432e43f8432e4
3f8436c93f8436c9
3f843aae3f843aae
3f843e933f843e93
3f8442783f844278
3f84465d3f84465d
3f844a423f844a42
3f844e273f844e27
3f84520c3f84520c
3f8455f13f8455f1
3f8459d63f8459d6
3f845dbb3f845dbb
3f8461a03f8461a0
3f8465853f846585
3f84696a3f84696a
3f846d4f3f846d4f
3f8471343f847134
3f8475193f847519
3f8478fe3f8478fe
3f847ce33f847ce3
3f8480c83f8480c8
3f8484ad3f8484ad
3f8488923f848892
3f848c773f848c77
3f84905c3f84905c
3f8494413f849441
3f8498263f849826
3f849c0b3f849c0b
3f849ff03f849ff0
3f84a3d53f84a3d5
3f84a7ba3f84a7ba
3f84ab9f3f84ab9f
3f84af843f84af84
3f84b3693f84b369
3f84b74e3f84b74e
3f84bb333f84bb33
3f84bf183f84bf18
3f84c2fd3f84c2fd
3f84c6e23f84c6e2
3f84cac73f84cac7
3f84ceac3f84ceac
3f84d2913f84d291
3f84d6763f84d676
3f84da5b3f84da5b
3f84de403f84de40
3f84e2253f84e225
3f84e60a3f84e60a
3f84e9ef3f84e9ef
3f84edd43f84edd4
3f84f1b93f84f1b9
3f84f59e3f84f59e
3f84f9833f84f983
3f84fd683f84fd68
3f85014d3f85014d
3f8505323f850532
3f8509173f850917
3f850cfc3f850cfc
3f8510e13f8510e1
3f8514c63f8514c6
3f8518ab3f8518ab
3f851c903f851c90
3f8520753f852075
3f85245a3f85245a
3f85283f3f85283f
3f852c243f852c24
3f8530093f853009
3f8533ee3f8533ee
3f8537d33f8537d3
3f853bb83f853bb8
3f853f9d3f853f9d
3f8543823f854382
3f8547673f854767
3f854b4c3f854b4c
3f854f313f854f31
3f8553163f855316
3f8556fb3f8556fb
3f855ae03f855ae0
3f855ec53f855ec5
3f8562aa3f8562aa
3f85668f3f85668f
3f856a743f856a74
3f856e593f856e59
3f85723e3f85723e
3f8576233f857623
3f857a083f857a08
3f857ded3f857ded
3f8581d23f8581d2
3f8585b73f8585b7
3f85899c3f85899c
3f858d813f858d81
3f8591663f859166
3f85954b3f85954b
3f8599303f859930
3f859d153f859d15
3f85a0fa3f85a0fa
3f85a4df3f85a4df
3f85a8c43f85a8c4
3f85aca93f85aca9
3f85b08e3f85b08e
3f85b4733f85b473
3f85b8583f85b858
3f85bc3d3f85bc3d
3f85c0223f85c022
3f85c4073f85c407
3f85c7ec3f85c7ec
3f85cbd13f85cbd1
3f85cfb63f85cfb6
3f85d39b3f85d39b
3f85d7803f85d780
3f85db653f85db65
3f85df4a3f85df4a
3f85e32f3f85e32f
3f85e7143f85e714
3f85eaf93f85eaf9
3f85eede3f85eede
3f85f2c33f85f2c3
3f85f6a83f85f6a8
3f85fa8d3f85fa8d
3f85fe723f85fe72
3f8602573f860257
3f86063c3f86063c
3f860a213f860a21
3f860e063f860e06
3f8611eb3f8611eb
3f8615d03f8615d0
3f8619b53f8619b5
3f861d9a3f861d9a
3f86217f3f86217f
3f8625643f862564
3f8629493f862949
3f862d2e3f862d2e
3f8631133f863113
3f8634f83f8634f8
3f8638dd3f8638dd
3f863cc23f863cc2
3f8640a73f8640a7
3f86448c3f86448c
3f8648713f864871
3f864c563f864c56
3f86503b3f86503b
3f8654203f865420
3f8658053f865805
3f865bea3f865bea
3f865fcf3f865fcf
3f8663b43f8663b4
3f8667993f866799
3f866b7e3f866b7e
3f866f633f866f63
3f8673483f867348
3f86772d3f86772d
3f867b123f867b12
3f867ef73f867ef7
3f8682dc3f8682dc
3f8686c13f8686c1
3f868aa63f868aa6
3f868e8b3f868e8b
3f8692703f869270
3f8696553f869655
3f869a3a3f869a3a
3f869e1f3f869e1f
3f86a2043f86a204
3f86a5e93f86a5e9
3f86a9ce3f86a9ce
3f86adb33f86adb3
3f86b1983f86b198
3f86b57d3f86b57d
3f86b9623f86b962
3f86bd473f86bd47
3f86c12c3f86c12c
3f86c5113f86c511
3f86c8f63f86c8f6
3f86ccdb3f86ccdb
3f86d0c03f86d0c0
3f86d4a53f86d4a5
3f86d88a3f86d88a
3f86dc6f3f86dc6f
3f86e0543f86e054
3f86e4393f86e439
3f86e81e3f86e81e
3f86ec033f86ec03
3f86efe83f86efe8
3f86f3cd3f86f3cd
3f86f7b23f86f7b2
3f86fb973f86fb97
3f86ff7c3f86ff7c
3f8703613f870361
3f8707463f870746
3f870b2b3f870b2b
3f870f103f870f10
3f8712f53f8712f5
3f8716da3f8716da
3f871abf3f871abf
3f871ea43f871ea4
3f8722893f872289
3f87266e3f87266e
3f872a533f872a53
3f872e383f872e38
3f87321d3f87321d
3f8736023f873602
3f8739e73f8739e7
3f873dcc3f873dcc
3f8741b13f8741b1
3f8745963f874596
3f87497b3f87497b
3f874d603f874d60
3f8751453f875145
3f87552a3f87552a
3f87590f3f87590f
3f875cf43f875cf4
3f8760d93f8760d9
3f8764be3f8764be
3f8768a33f8768a3
3f876c883f876c88
3f87706d3f87706d
3f8774523f877452
3f8778373f877837
3f877c1c3f877c1c
3f8780013f878001
3f8783e63f8783e6
3f8787cb3f8787cb
3f878bb03f878bb0
3f878f953f878f95
3f87937a3f87937a
3f87975f3f87975f
3f879b443f879b44
3f879f293f879f29
3f87a30e3f87a30e
3f87a6f33f87a6f3
3f87aad83f87aad8
3f87aebd3f87aebd
3f87b2a23f87b2a2
3f87b6873f87b687
3f87ba6c3f87ba6c
3f87be513f87be51
3f87c2363f87c236
3f87c61b3f87c61b
3f87ca003f87ca00
3f87cde53f87cde5
3f87d1ca3f87d1ca
3f87d5af3f87d5af
3f87d9943f87d994
3f87dd793f87dd79
3f87e15e3f87e15e
3f87e5433f87e543
3f87e9283f87e928
3f87ed0d3f87ed0d
3f87f0f23f87f0f2
3f87f4d73f87f4d7
3f87f8bc3f87f8bc
3f87fca13f87fca1
3f8800863f880086
3f88046b3f88046b
3f8808503f880850
3f880c353f880c35
3f88101a3f88101a
3f8813ff3f8813ff
3f8817e43f8817e4
3f881bc93f881bc9
3f881fae3f881fae
3f8823933f882393
3f8827783f882778
3f882b5d3f882b5d
3f882f423f882f42
3f8833273f883327
3f88370c3f88370c
3f883af13f883af1
3f883ed63f883ed6
3f8842bb3f8842bb
3f8846a03f8846a0
3f884a853f884a85
3f884e6a3f884e6a
3f88524f3f88524f
3f8856343f885634
3f885a193f885a19
3f885dfe3f885dfe
3f8861e33f8861e3
3f8865c83f8865c8
3f8869ad3f8869ad
3f886d923f886d92
3f8871773f887177
3f88755c3f88755c
3f8879413f887941
3f887d263f887d26
3f88810b3f88810b
3f8884f03f8884f0
3f8888d53f8888d5
3f888cba3f888cba
3f88909f3f88909f
3f8894843f889484
3f8898693f889869
3f889c4e3f889c4e
3f88a0333f88a033
3f88a4183f88a418
3f88a7fd3f88a7fd
3f88abe23f88abe2
3f88afc73f88afc7
3f88b3ac3f88b3ac
3f88b7913f88b791
3f88bb763f88bb76
3f88bf5b3f88bf5b
3f88c3403f88c340
3f88c7253f88c725
3f88cb0a3f88cb0a
3f88ceef3f88ceef
3f88d2d43f88d2d4
3f88d6b93f88d6b9
3f88da9e3f88da9e
3f88de833f88de83
3f88e2683f88e268
3f88e64d3f88e64d
3f88ea323f88ea32
3f88ee173f88ee17
3f88f1fc3f88f1fc
3f88f5e13f88f5e1
3f88f9c63f88f9c6
3f88fdab3f88fdab
3f8901903f890190
3f8905753f890575
3f89095a3f89095a
3f890d3f3f890d3f
3f8911243f891124
3f8915093f891509
3f8918ee3f8918ee
3f891cd33f891cd3
3f8920b83f8920b8
3f89249d3f89249d
3f8928823f892882
3f892c673f892c67
3f89304c3f89304c
3f8934313f893431
3f8938163f893816
3f893bfb3f893bfb
3f893fe03f893fe0
3f8943c53f8943c5
3f8947aa3f8947aa
3f894b8f3f894b8f
3f894f743f894f74
3f8953593f895359
3f89573e3f89573e
3f895b233f895b23
3f895f083f895f08
3f8962ed3f8962ed
3f8966d23f8966d2
3f896ab73f896ab7
3f896e9c3f896e9c
3f8972813f897281
3f8976663f897666
3f897a4b3f897a4b
3f897e303f897e30
3f8982153f898215
3f8985fa3f8985fa
3f8989df3f8989df
3f898dc43f898dc4
3f8991a93f8991a9
3f89958e3f89958e
3f8999733f899973
3f899d583f899d58
3f89a13d3f89a13d
3f89a5223f89a522
3f89a9073f89a907
3f89acec3f89acec
3f89b0d13f89b0d1
3f89b4b63f89b4b6
3f89b89b3f89b89b
3f89bc803f89bc80
3f89c0653f89c065
3f89c44a3f89c44a
3f89c82f3f89c82f
3f89cc143f89cc14
3f89cff93f89cff9
3f89d3de3f89d3de
3f89d7c33f89d7c3
3f89dba83f89dba8
3f89df8d3f89df8d
3f89e3723f89e372
3f89e7573f89e757
3f89eb3c3f89eb3c
3f89ef213f89ef21
3f89f3063f89f306
3f89f6eb3f89f6eb
3f89fad03f89fad0
3f89feb53f89feb5
3f8a029a3f8a029a
3f8a067f3f8a067f
3f8a0a643f8a0a64
3f8a0e493f8a0e49
3f8a122e3f8a122e
3f8a16133f8a1613
3f8a19f83f8a19f8
3f8a1ddd3f8a1ddd
3f8a21c23f8a21c2
3f8a25a73f8a25a7
3f8a298c3f8a298c
3f8a2d713f8a2d71
3f8a31563f8a3156
3f8a353b3f8a353b
3f8a39203f8a3920
3f8a3d053f8a3d05
3f8a40ea3f8a40ea
3f8a44cf3f8a44cf
3f8a48b43f8a48b4
3f8a4c993f8a4c99
3f8a507e3f8a507e
3f8a54633f8a5463
3f8a58483f8a5848
3f8a5c2d3f8a5c2d
3f8a60123f8a6012
3f8a63f73f8a63f7
3f8a67dc3f8a67dc
3f8a6bc13f8a6bc1
3f8a6fa63f8a6fa6
3f8a738b3f8a738b
3f8a77703f8a7770
3f8a7b553f8a7b55
3f8a7f3a3f8a7f3a
3f8a831f3f8a831f
3f8a87043f8a8704
3f8a8ae93f8a8ae9
3f8a8ece3f8a8ece
3f8a92b33f8a92b3
3f8a96983f8a9698
3f8a9a7d3f8a9a7d
3f8a9e623f8a9e62
3f8aa2473f8aa247
3f8aa62c3f8aa62c
3f8aaa113f8aaa11
3f8aadf63f8aadf6
3f8ab1db3f8ab1db
3f8ab5c03f8ab5c0
3f8ab9a53f8ab9a5
3f8abd8a3f8abd8a
3f8ac16f3f8ac16f
3f8ac5543f8ac554
3f8ac9393f8ac939
3f8acd1e3f8acd1e
3f8ad1033f8ad103
3f8ad4e83f8ad4e8
3f8ad8cd3f8ad8cd
3f8adcb23f8adcb2
3f8ae0973f8ae097
3f8ae47c3f8ae47c
3f8ae8613f8ae861
3f8aec463f8aec46
3f8af02b3f8af02b
3f8af4103f8af410
3f8af7f53f8af7f5
3f8afbda3f8afbda
3f8affbf3f8affbf
3f8b03a43f8b03a4
3f8b07893f8b0789
3f8b0b6e3f8b0b6e
3f8b0f533f8b0f53
3f8b13383f8b1338
3f8b171d3f8b171d
3f8b1b023f8b1b02
3f8b1ee73f8b1ee7
3f8b22cc3f8b22cc
3f8b26b13f8b26b1
3f8b2a963f8b2a96
3f8b2e7b3f8b2e7b
3f8b32603f8b3260
3f8b36453f8b3645
3f8b3a2a3f8b3a2a
3f8b3e0f3f8b3e0f
3f8b41f43f8b41f4
3f8b45d93f8b45d9
3f8b49be3f8b49be
3f8b4da33f8b4da3
3f8b51883f8b5188
3f8b556d3f8b556d
3f8b59523f8b5952
3f8b5d373f8b5d37
3f8b611c3f8b611c
3f8b65013f8b6501
3f8b68e63f8b68e6
3f8b6ccb3f8b6ccb
3f8b70b03f8b70b0
3f8b74953f8b7495
3f8b787a3f8b787a
3f8b7c5f3f8b7c5f
3f8b80443f8b8044
3f8b84293f8b8429
3f8b880e3f8b880e
3f8b8bf33f8b8bf3
3f8b8fd83f8b8fd8
3f8b93bd3f8b93bd
3f8b97a23f8b97a2
3f8b9b873f8b9b87
3f8b9f6c3f8b9f6c
3f8ba3513f8ba351
3f8ba7363f8ba736
3f8bab1b3f8bab1b
3f8baf003f8baf00
3f8bb2e53f8bb2e5
3f8bb6ca3f8bb6ca
3f8bbaaf3f8bbaaf
3f8bbe943f8bbe94
3f8bc2793f8bc279
3f8bc65e3f8bc65e
3f8bca433f8bca43
3f8bce283f8bce28
3f8bd20d3f8bd20d
3f8bd5f23f8bd5f2
3f8bd9d73f8bd9d7
3f8bddbc3f8bddbc
3f8be1a13f8be1a1
3f8be5863f8be586
3f8be96b3f8be96b
3f8bed503f8bed50
3f8bf1353f8bf135
3f8bf51a3f8bf51a
3f8bf8ff3f8bf8ff
3f8bfce43f8bfce4
3f8c00c93f8c00c9
3f8c04ae3f8c04ae
3f8c08933f8c0893
3f8c0c783f8c0c78
3f8c105d3f8c105d
3f8c14423f8c1442
3f8c18273f8c1827
3f8c1c0c3f8c1c0c
3f8c1ff13f8c1ff1
3f8c23d63f8c23d6
3f8c27bb3f8c27bb
3f8c2ba03f8c2ba0
3f8c2f853f8c2f85
3f8c336a3f8c336a
3f8c374f3f8c374f
3f8c3b343f8c3b34
3f8c3f193f8c3f19
3f8c42fe3f8c42fe
3f8c46e33f8c46e3
3f8c4ac83f8c4ac8
3f8c4ead3f8c4ead
3f8c52923f8c5292
3f8c56773f8c5677
3f8c5a5c3f8c5a5c
3f8c5e413f8c5e41
3f8c62263f8c6226
3f8c660b3f8c660b
3f8c69f03f8c69f0
3f8c6dd53f8c6dd5
3f8c71ba3f8c71ba
3f8c759f3f8c759f
3f8c79843f8c7984
3f8c7d693f8c7d69
3f8c814e3f8c814e
3f8c85333f8c8533
3f8c89183f8c8918
3f8c8cfd3f8c8cfd
3f8c90e23f8c90e2
3f8c94c73f8c94c7
3f8c98ac3f8c98ac
3f8c9c913f8c9c91
3f8ca0763f8ca076
3f8ca45b3f8ca45b
3f8ca8403f8ca840
3f8cac253f8cac25
3f8cb00a3f8cb00a
3f8cb3ef3f8cb3ef
3f8cb7d43f8cb7d4
3f8cbbb93f8cbbb9
3f8cbf9e3f8cbf9e
3f8cc3833f8cc383
3f8cc7683f8cc768
3f8ccb4d3f8ccb4d
3f8ccf323f8ccf32
3f8cd3173f8cd317
3f8cd6fc3f8cd6fc
3f8cdae13f8cdae1
3f8cdec63f8cdec6
3f8ce2ab3f8ce2ab
3f8ce6903f8ce690
3f8cea753f8cea75
3f8cee5a3f8cee5a
3f8cf23f3f8cf23f
3f8cf6243f8cf624
3f8cfa093f8cfa09
3f8cfdee3f8cfdee
3f8d01d33f8d01d3
3f8d05b83f8d05b8
3f8d099d3f8d099d
3f8d0d823f8d0d82
3f8d11673f8d1167
3f8d154c3f8d154c
3f8d19313f8d1931
3f8d1d163f8d1d16
3f8d20fb3f8d20fb
3f8d24e03f8d24e0
3f8d28c53f8d28c5
3f8d2caa3f8d2caa
3f8d308f3f8d308f
3f8d34743f8d3474
3f8d38593f8d3859
3f8d3c3e3f8d3c3e
3f8d40233f8d4023
3f8d44083f8d4408
3f8d47ed3f8d47ed
3f8d4bd23f8d4bd2
3f8d4fb73f8d4fb7
3f8d539c3f8d539c
3f8d57813f8d5781
3f8d5b663f8d5b66
3f8d5f4b3f8d5f4b
3f8d63303f8d6330
3f8d67153f8d6715
3f8d6afa3f8d6afa
3f8d6edf3f8d6edf
3f8d72c43f8d72c4
3f8d76a93f8d76a9
3f8d7a8e3f8d7a8e
3f8d7e733f8d7e73
3f8d82583f8d8258
3f8d863d3f8d863d
3f8d8a223f8d8a22
3f8d8e073f8d8e07
3f8d91ec3f8d91ec
3f8d95d13f8d95d1
3f8d99b63f8d99b6
3f8d9d9b3f8d9d9b
3f8da1803f8da180
3f8da5653f8da565
3f8da94a3f8da94a
3f8dad2f3f8dad2f
3f8db1143f8db114
3f8db4f93f8db4f9
3f8db8de3f8db8de
3f8dbcc33f8dbcc3
3f8dc0a83f8dc0a8
3f8dc48d3f8dc48d
3f8dc8723f8dc872
3f8dcc573f8dcc57
3f8dd03c3f8dd03c
3f8dd4213f8dd421
3f8dd8063f8dd806
3f8ddbeb3f8ddbeb
3f8ddfd03f8ddfd0
3f8de3b53f8de3b5
3f8de79a3f8de79a
3f8deb7f3f8deb7f
3f8def643f8def64
3f8df3493f8df349
3f8df72e3f8df72e
3f8dfb133f8dfb13
3f8dfef83f8dfef8
3f8e02dd3f8e02dd
3f8e06c23f8e06c2
3f8e0aa73f8e0aa7
3f8e0e8c3f8e0e8c
3f8e12713f8e1271
3f8e16563f8e1656
3f8e1a3b3f8e1a3b
3f8e1e203f8e1e20
3f8e22053f8e2205
3f8e25ea3f8e25ea
3f8e29cf3f8e29cf
3f8e2db43f8e2db4
3f8e31993f8e3199
3f8e357e3f8e357e
3f8e39633f8e3963
3f8e3d483f8e3d48
3f8e412d3f8e412d
3f8e45123f8e4512
3f8e48f73f8e48f7
3f8e4cdc3f8e4cdc
3f8e50c13f8e50c1
3f8e54a63f8e54a6
3f8e588b3f8e588b
3f8e5c703f8e5c70
3f8e60553f8e6055
3f8e643a3f8e643a
3f8e681f3f8e681f
3f8e6c043f8e6c04
3f8e6fe93f8e6fe9
3f8e73ce3f8e73ce
3f8e77b33f8e77b3
3f8e7b983f8e7b98
3f8e7f7d3f8e7f7d
3f8e83623f8e8362
3f8e87473f8e8747
3f8e8b2c3f8e8b2c
3f8e8f113f8e8f11
3f8e92f63f8e92f6
3f8e96db3f8e96db
3f8e9ac03f8e9ac0
3f8e9ea53f8e9ea5
3f8ea28a3f8ea28a
3f8ea66f3f8ea66f
3f8eaa543f8eaa54
3f8eae393f8eae39
3f8eb21e3f8eb21e
3f8eb6033f8eb603
3f8eb9e83f8eb9e8
3f8ebdcd3f8ebdcd
3f8ec1b23f8ec1b2
3f8ec5973f8ec597
3f8ec97c3f8ec97c
3f8ecd613f8ecd61
3f8ed1463f8ed146
3f8ed52b3f8ed52b
3f8ed9103f8ed910
3f8edcf53f8edcf5
3f8ee0da3f8ee0da
3f8ee4bf3f8ee4bf
3f8ee8a43f8ee8a4
3f8eec893f8eec89
3f8ef06e3f8ef06e
3f8ef4533f8ef453
3f8ef8383f8ef838
3f8efc1d3f8efc1d
3f8f00023f8f0002
3f8f03e73f8f03e7
3f8f07cc3f8f07cc
3f8f0bb13f8f0bb1
3f8f0f963f8f0f96
3f8f137b3f8f137b
3f8f17603f8f1760
3f8f1b453f8f1b45
3f8f1f2a3f8f1f2a
3f8f230f3f8f230f
3f8f26f43f8f26f4
3f8f2ad93f8f2ad9
3f8f2ebe3f8f2ebe
3f8f32a33f8f32a3
3f8f36883f8f3688
3f8f3a6d3f8f3a6d
3f8f3e523f8f3e52
3f8f42373f8f4237
3f8f461c3f8f461c
3f8f4a013f8f4a01
3f8f4de63f8f4de6
3f8f51cb3f8f51cb
3f8f55b03f8f55b0
3f8f59953f8f5995
3f8f5d7a3f8f5d7a
3f8f615f3f8f615f
3f8f65443f8f6544
3f8f69293f8f6929
3f8f6d0e3f8f6d0e
3f8f70f33f8f70f3
3f8f74d83f8f74d8
3f8f78bd3f8f78bd
3f8f7ca23f8f7ca2
3f8f80873f8f8087
3f8f846c3f8f846c
3f8f88513f8f8851
3f8f8c363f8f8c36
3f8f901b3f8f901b
3f8f94003f8f9400
3f8f97e53f8f97e5
3f8f9bca3f8f9bca
3f8f9faf3f8f9faf
3f8fa3943f8fa394
3f8fa7793f8fa779
3f8fab5e3f8fab5e
3f8faf433f8faf43
3f8fb3283f8fb328
3f8fb70d3f8fb70d
3f8fbaf23f8fbaf2
3f8fbed73f8fbed7
3f8fc2bc3f8fc2bc
3f8fc6a13f8fc6a1
3f8fca863f8fca86
3f8fce6b3f8fce6b
3f8fd2503f8fd250
3f8fd6353f8fd635
3f8fda1a3f8fda1a
3f8fddff3f8fddff
3f8fe1e43f8fe1e4
3f8fe5c93f8fe5c9
3f8fe9ae3f8fe9ae
3f8fed933f8fed93
3f8ff1783f8ff178
3f8ff55d3f8ff55d
3f8ff9423f8ff942
3f8ffd273f8ffd27
3f90010c3f90010c
3f9004f13f9004f1
3f9008d63f9008d6
3f900cbb3f900cbb
3f9010a03f9010a0
3f9014853f901485
3f90186a3f90186a
3f901c4f3f901c4f
3f9020343f902034
3f9024193f902419
3f9027fe3f9027fe
3f902be33f902be3
3f902fc83f902fc8
3f9033ad3f9033ad
3f9037923f903792
3f903b773f903b77
3f903f5c3f903f5c
3f9043413f904341
3f9047263f904726
3f904b0b3f904b0b
3f904ef03f904ef0
3f9052d53f9052d5
3f9056ba3f9056ba
3f905a9f3f905a9f
3f905e843f905e84
3f9062693f906269
3f90664e3f90664e
3f906a333f906a33
3f906e183f906e18
3f9071fd3f9071fd
3f9075e23f9075e2
3f9079c73f9079c7
3f907dac3f907dac
3f9081913f908191
3f9085763f908576
3f90895b3f90895b
3f908d403f908d40
3f9091253f909125
3f90950a3f90950a
3f9098ef3f9098ef
3f909cd43f909cd4
3f90a0b93f90a0b9
3f90a49e3f90a49e
3f90a8833f90a883
3f90ac683f90ac68
3f90b04d3f90b04d
3f90b4323f90b432
3f90b8173f90b817
3f90bbfc3f90bbfc
3f90bfe13f90bfe1
3f90c3c63f90c3c6
3f90c7ab3f90c7ab
3f90cb903f90cb90
3f90cf753f90cf75
3f90d35a3f90d35a
3f90d73f3f90d73f
3f90db243f90db24
3f90df093f90df09
3f90e2ee3f90e2ee
3f90e6d33f90e6d3
3f90eab83f90eab8
3f90ee9d3f90ee9d
3f90f2823f90f282
3f90f6673f90f667
3f90fa4c3f90fa4c
3f90fe313f90fe31
3f9102163f910216
3f9105fb3f9105fb
3f9109e03f9109e0
3f910dc53f910dc5
3f9111aa3f9111aa
3f91158f3f91158f
3f9119743f911974
3f911d593f911d59
3f91213e3f91213e
3f9125233f912523
3f9129083f912908
3f912ced3f912ced
3f9130d23f9130d2
3f9134b73f9134b7
3f91389c3f91389c
3f913c813f913c81
3f9140663f914066
3f91444b3f91444b
3f9148303f914830
3f914c153f914c15
3f914ffa3f914ffa
3f9153df3f9153df
3f9157c43f9157c4
3f915ba93f915ba9
3f915f8e3f915f8e
3f9163733f916373
3f9167583f916758
3f916b3d3f916b3d
3f916f223f916f22
3f9173073f917307
3f9176ec3f9176ec
3f917ad13f917ad1
3f917eb63f917eb6
3f91829b3f91829b
3f9186803f918680
3f918a653f918a65
3f918e4a3f918e4a
3f91922f3f91922f
3f9196143f919614
3f9199f93f9199f9
3f919dde3f919dde
3f91a1c33f91a1c3
3f91a5a83f91a5a8
3f91a98d3f91a98d
3f91ad723f91ad72
3f91b1573f91b157
3f91b53c3f91b53c
3f91b9213f91b921
3f91bd063f91bd06
3f91c0eb3f91c0eb
3f91c4d03f91c4d0
3f91c8b53f91c8b5
3f91cc9a3f91cc9a
3f91d07f3f91d07f
3f91d4643f91d464
3f91d8493f91d849
3f91dc2e3f91dc2e
3f91e0133f91e013
3f91e3f83f91e3f8
3f91e7dd3f91e7dd
3f91ebc23f91ebc2
3f91efa73f91efa7
3f91f38c3f91f38c
3f91f7713f91f771
3f91fb563f91fb56
3f91ff3b3f91ff3b
3f9203203f920320
3f9207053f920705
3f920aea3f920aea
3f920ecf3f920ecf
3f9212b43f9212b4
3f9216993f921699
3f921a7e3f921a7e
3f921e633f921e63
3f9222483f922248
3f92262d3f92262d
3f922a123f922a12
3f922df73f922df7
3f9231dc3f9231dc
3f9235c13f9235c1
3f9239a63f9239a6
3f923d8b3f923d8b
3f9241703f924170
3f9245553f924555
3f92493a3f92493a
3f924d1f3f924d1f
3f9251043f925104
3f9254e93f9254e9
3f9258ce3f9258ce
3f925cb33f925cb3
3f9260983f926098
3f92647d3f92647d
3f9268623f926862
3f926c473f926c47
3f92702c3f92702c
3f9274113f927411
3f9277f63f9277f6
3f927bdb3f927bdb
3f927fc03f927fc0
3f9283a53f9283a5
3f92878a3f92878a
3f928b6f3f928b6f
3f928f543f928f54
3f9293393f929339
3f92971e3f92971e
3f929b033f929b03
3f929ee83f929ee8
3f92a2cd3f92a2cd
3f92a6b23f92a6b2
3f92aa973f92aa97
3f92ae7c3f92ae7c
3f92b2613f92b261
3f92b6463f92b646
3f92ba2b3f92ba2b
3f92be103f92be10
3f92c1f53f92c1f5
3f92c5da3f92c5da
3f92c9bf3f92c9bf
3f92cda43f92cda4
3f92d1893f92d189
3f92d56e3f92d56e
3f92d9533f92d953
3f92dd383f92dd38
3f92e11d3f92e11d
3f92e5023f92e502
3f92e8e73f92e8e7
3f92eccc3f92eccc
3f92f0b13f92f0b1
3f92f4963f92f496
3f92f87b3f92f87b
3f92fc603f92fc60
3f9300453f930045
3f93042a3f93042a
3f93080f3f93080f
3f930bf43f930bf4
3f930fd93f930fd9
3f9313be3f9313be
3f9317a33f9317a3
3f931b883f931b88
3f931f6d3f931f6d
3f9323523f932352
3f9327373f932737
3f932b1c3f932b1c
3f932f013f932f01
3f9332e63f9332e6
3f9336cb3f9336cb
3f933ab03f933ab0
3f933e953f933e95
3f93427a3f93427a
3f93465f3f93465f
3f934a443f934a44
3f934e293f934e29
3f93520e3f93520e
3f9355f33f9355f3
3f9359d83f9359d8
3f935dbd3f935dbd
3f9361a23f9361a2
3f9365873f936587
3f93696c3f93696c
3f936d513f936d51
3f9371363f937136
3f93751b3f93751b
3f9379003f937900
3f937ce53f937ce5
3f9380ca3f9380ca
3f9384af3f9384af
3f9388943f938894
3f938c793f938c79
3f93905e3f93905e
3f9394433f939443
3f9398283f939828
3f939c0d3f939c0d
3f939ff23f939ff2
3f93a3d73f93a3d7
3f93a7bc3f93a7bc
3f93aba13f93aba1
3f93af863f93af86
3f93b36b3f93b36b
3f93b7503f93b750
3f93bb353f93bb35
3f93bf1a3f93bf1a
3f93c2ff3f93c2ff
3f93c6e43f93c6e4
3f93cac93f93cac9
3f93ceae3f93ceae
3f93d2933f93d293
3f93d6783f93d678
3f93da5d3f93da5d
3f93de423f93de42
3f93e2273f93e227
3f93e60c3f93e60c
3f93e9f13f93e9f1
3f93edd63f93edd6
3f93f1bb3f93f1bb
3f93f5a03f93f5a0
3f93f9853f93f985
3f93fd6a3f93fd6a
3f94014f3f94014f
3f9405343f940534
3f9409193f940919
3f940cfe3f940cfe
3f9410e33f9410e3
3f9414c83f9414c8
3f9418ad3f9418ad
3f941c923f941c92
3f9420773f942077
3f94245c3f94245c
3f9428413f942841
3f942c263f942c26
3f94300b3f94300b
3f9433f03f9433f0
3f9437d53f9437d5
3f943bba3f943bba
3f943f9f3f943f9f
3f9443843f944384
3f9447693f944769
3f944b4e3f944b4e
3f944f333f944f33
3f9453183f945318
3f9456fd3f9456fd
3f945ae23f945ae2
3f945ec73f945ec7
3f9462ac3f9462ac
3f9466913f946691
3f946a763f946a76
3f946e5b3f946e5b
3f9472403f947240
3f9476253f947625
3f947a0a3f947a0a
3f947def3f947def
3f9481d43f9481d4
3f9485b93f9485b9
3f94899e3f94899e
3f948d833f948d83
3f9491683f949168
3f94954d3f94954d
3f9499323f949932
3f949d173f949d17
3f94a0fc3f94a0fc
3f94a4e13f94a4e1
3f94a8c63f94a8c6
3f94acab3f94acab
3f94b0903f94b090
3f94b4753f94b475
3f94b85a3f94b85a
3f94bc3f3f94bc3f
3f94c0243f94c024
3f94c4093f94c409
3f94c7ee3f94c7ee
3f94cbd33f94cbd3
3f94cfb83f94cfb8
3f94d39d3f94d39d
3f94d7823f94d782
3f94db673f94db67
3f94df4c3f94df4c
3f94e3313f94e331
3f94e7163f94e716
3f94eafb3f94eafb
3f94eee03f94eee0
3f94f2c53f94f2c5
3f94f6aa3f94f6aa
3f94fa8f3f94fa8f
3f94fe743f94fe74
3f9502593f950259
3f95063e3f95063e
3f950a233f950a23
3f950e083f950e08
3f9511ed3f9511ed
3f9515d23f9515d2
3f9519b73f9519b7
3f951d9c3f951d9c
3f9521813f952181
3f9525663f952566
3f95294b3f95294b
3f952d303f952d30
3f9531153f953115
3f9534fa3f9534fa
3f9538df3f9538df
3f953cc43f953cc4
3f9540a93f9540a9
3f95448e3f95448e
3f9548733f954873
3f954c583f954c58
3f95503d3f95503d
3f9554223f955422
3f9558073f955807
3f955bec3f955bec
3f955fd13f955fd1
3f9563b63f9563b6
3f95679b3f95679b
3f956b803f956b80
3f956f653f956f65
3f95734a3f95734a
3f95772f3f95772f
3f957b143f957b14
3f957ef93f957ef9
3f9582de3f9582de
3f9586c33f9586c3
3f958aa83f958aa8
3f958e8d3f958e8d
3f9592723f959272
3f9596573f959657
3f959a3c3f959a3c
3f959e213f959e21
3f95a2063f95a206
3f95a5eb3f95a5eb
3f95a9d03f95a9d0
3f95adb53f95adb5
3f95b19a3f95b19a
3f95b57f3f95b57f
3f95b9643f95b964
3f95bd493f95bd49
3f95c12e3f95c12e
3f95c5133f95c513
3f95c8f83f95c8f8
3f95ccdd3f95ccdd
3f95d0c23f95d0c2
3f95d4a73f95d4a7
3f95d88c3f95d88c
3f95dc713f95dc71
3f95e0563f95e056
3f95e43b3f95e43b
3f95e8203f95e820
3f95ec053f95ec05
3f95efea3f95efea
3f95f3cf3f95f3cf
3f95f7b43f95f7b4
3f95fb993f95fb99
3f95ff7e3f95ff7e
3f9603633f960363
3f9607483f960748
3f960b2d3f960b2d
3f960f123f960f12
3f9612f73f9612f7
3f9616dc3f9616dc
3f961ac13f961ac1
3f961ea63f961ea6
3f96228b3f96228b
3f9626703f962670
3f962a553f962a55
3f962e3a3f962e3a
3f96321f3f96321f
3f9636043f963604
3f9639e93f9639e9
3f963dce3f963dce
3f9641b33f9641b3
3f9645983f964598
3f96497d3f96497d
3f964d623f964d62
3f9651473f965147
3f96552c3f96552c
3f9659113f965911
3f965cf63f965cf6
3f9660db3f9660db
3f9664c03f9664c0
3f9668a53f9668a5
3f966c8a3f966c8a
3f96706f3f96706f
3f9674543f967454
3f9678393f967839
3f967c1e3f967c1e
3f9680033f968003
3f9683e83f9683e8
3f9687cd3f9687cd
3f968bb23f968bb2
3f968f973f968f97
3f96937c3f96937c
3f9697613f969761
3f969b463f969b46
3f969f2b3f969f2b
3f96a3103f96a310
3f96a6f53f96a6f5
3f96aada3f96aada
3f96aebf3f96aebf
3f96b2a43f96b2a4
3f96b6893f96b689
3f96ba6e3f96ba6e
3f96be533f96be53
3f96c2383f96c238
3f96c61d3f96c61d
3f96ca023f96ca02
3f96cde73f96cde7
3f96d1cc3f96d1cc
3f96d5b13f96d5b1
3f96d9963f96d996
3f96dd7b3f96dd7b
3f96e1603f96e160
3f96e5453f96e545
3f96e92a3f96e92a
3f96ed0f3f96ed0f
3f96f0f43f96f0f4
3f96f4d93f96f4d9
3f96f8be3f96f8be
3f96fca33f96fca3
3f9700883f970088
3f97046d3f97046d
3f9708523f970852
3f970c373f970c37
3f97101c3f97101c
3f9714013f971401
3f9717e63f9717e6
3f971bcb3f971bcb
3f971fb03f971fb0
3f9723953f972395
3f97277a3f97277a
3f972b5f3f972b5f
3f972f443f972f44
3f9733293f973329
3f97370e3f97370e
3f973af33f973af3
3f973ed83f973ed8
3f9742bd3f9742bd
3f9746a23f9746a2
3f974a873f974a87
3f974e6c3f974e6c
3f9752513f975251
3f9756363f975636
3f975a1b3f975a1b
3f975e003f975e00
3f9761e53f9761e5
3f9765ca3f9765ca
3f9769af3f9769af
3f976d943f976d94
3f9771793f977179
3f97755e3f97755e
3f9779433f977943
3f977d283f977d28
3f97810d3f97810d
3f9784f23f9784f2
3f9788d73f9788d7
3f978cbc3f978cbc
3f9790a13f9790a1
3f9794863f979486
3f97986b3f97986b
3f979c503f979c50
3f97a0353f97a035
3f97a41a3f97a41a
3f97a7ff3f97a7ff
3f97abe43f97abe4
3f97afc93f97afc9
3f97b3ae3f97b3ae
3f97b7933f97b793
3f97bb783f97bb78
3f97bf5d3f97bf5d
3f97c3423f97c342
3f97c7273f97c727
3f97cb0c3f97cb0c
3f97cef13f97cef1
3f97d2d63f97d2d6
3f97d6bb3f97d6bb
3f97daa03f97daa0
3f97de853f97de85
3f97e26a3f97e26a
3f97e64f3f97e64f
3f97ea343f97ea34
3f97ee193f97ee19
3f97f1fe3f97f1fe
3f97f5e33f97f5e3
3f97f9c83f97f9c8
3f97fdad3f97fdad
3f9801923f980192
3f9805773f980577
3f98095c3f98095c
3f980d413f980d41
3f9811263f981126
3f98150b3f98150b
3f9818f03f9818f0
3f981cd53f981cd5
3f9820ba3f9820ba
3f98249f3f98249f
3f9828843f982884
3f982c693f982c69
3f98304e3f98304e
3f9834333f983433
3f9838183f983818
3f983bfd3f983bfd
3f983fe23f983fe2
3f9843c73f9843c7
3f9847ac3f9847ac
3f984b913f984b91
3f984f763f984f76
3f98535b3f98535b
3f9857403f985740
3f985b253f985b25
3f985f0a3f985f0a
3f9862ef3f9862ef
3f9866d43f9866d4
3f986ab93f986ab9
3f986e9e3f986e9e
3f9872833f987283
3f9876683f987668
3f987a4d3f987a4d
3f987e323f987e32
3f9882173f988217
3f9885fc3f9885fc
3f9889e13f9889e1
3f988dc63f988dc6
3f9891ab3f9891ab
3f9895903f989590
3f9899753f989975
3f989d5a3f989d5a
3f98a13f3f98a13f
3f98a5243f98a524
3f98a9093f98a909
3f98acee3f98acee
3f98b0d33f98b0d3
3f98b4b83f98b4b8
3f98b89d3f98b89d
3f98bc823f98bc82
3f98c0673f98c067
3f98c44c3f98c44c
3f98c8313f98c831
3f98cc163f98cc16
3f98cffb3f98cffb
3f98d3e03f98d3e0
3f98d7c53f98d7c5
3f98dbaa3f98dbaa
3f98df8f3f98df8f
3f98e3743f98e374
3f98e7593f98e759
3f98eb3e3f98eb3e
3f98ef233f98ef23
3f98f3083f98f308
3f98f6ed3f98f6ed
3f98fad23f98fad2
3f98feb73f98feb7
3f99029c3f99029c
3f9906813f990681
3f990a663f990a66
3f990e4b3f990e4b
3f9912303f991230
3f9916153f991615
3f9919fa3f9919fa
3f991ddf3f991ddf
3f9921c43f9921c4
3f9925a93f9925a9
3f99298e3f99298e
3f992d733f992d73
3f9931583f993158
3f99353d3f99353d
3f9939223f993922
3f993d073f993d07
3f9940ec3f9940ec
3f9944d13f9944d1
3f9948b63f9948b6
3f994c9b3f994c9b
3f9950803f995080
3f9954653f995465
3f99584a3f99584a
3f995c2f3f995c2f
3f9960143f996014
3f9963f93f9963f9
3f9967de3f9967de
3f996bc33f996bc3
3f996fa83f996fa8
3f99738d3f99738d
3f9977723f997772
3f997b573f997b57
3f997f3c3f997f3c
3f9983213f998321
3f9987063f998706
3f998aeb3f998aeb
3f998ed03f998ed0
3f9992b53f9992b5
3f99969a3f99969a
3f999a7f3f999a7f
3f999e643f999e64
3f99a2493f99a249
3f99a62e3f99a62e
3f99aa133f99aa13
3f99adf83f99adf8
3f99b1dd3f99b1dd
3f99b5c23f99b5c2
3f99b9a73f99b9a7
3f99bd8c3f99bd8c
3f99c1713f99c171
3f99c5563f99c556
3f99c93b3f99c93b
3f99cd203f99cd20
3f99d1053f99d105
3f99d4ea3f99d4ea
3f99d8cf3f99d8cf
3f99dcb43f99dcb4
3f99e0993f99e099
3f99e47e3f99e47e
3f99e8633f99e863
3f99ec483f99ec48
3f99f02d3f99f02d
3f99f4123f99f412
3f99f7f73f99f7f7
3f99fbdc3f99fbdc
3f99ffc13f99ffc1
3f9a03a63f9a03a6
3f9a078b3f9a078b
3f9a0b703f9a0b70
3f9a0f553f9a0f55
3f9a133a3f9a133a
3f9a171f3f9a171f
3f9a1b043f9a1b04
3f9a1ee93f9a1ee9
3f9a22ce3f9a22ce
3f9a26b33f9a26b3
3f9a2a983f9a2a98
3f9a2e7d3f9a2e7d
3f9a32623f9a3262
3f9a36473f9a3647
3f9a3a2c3f9a3a2c
3f9a3e113f9a3e11
3f9a41f63f9a41f6
3f9a45db3f9a45db
3f9a49c03f9a49c0
3f9a4da53f9a4da5
3f9a518a3f9a518a
3f9a556f3f9a556f
3f9a59543f9a5954
3f9a5d393f9a5d39
3f9a611e3f9a611e
3f9a65033f9a6503
3f9a68e83f9a68e8
3f9a6ccd3f9a6ccd
3f9a70b23f9a70b2
3f9a74973f9a7497
3f9a787c3f9a787c
3f9a7c613f9a7c61
3f9a80463f9a8046
3f9a842b3f9a842b
3f9a88103f9a8810
3f9a8bf53f9a8bf5
3f9a8fda3f9a8fda
3f9a93bf3f9a93bf
3f9a97a43f9a97a4
3f9a9b893f9a9b89
3f9a9f6e3f9a9f6e
3f9aa3533f9aa353
3f9aa7383f9aa738
3f9aab1d3f9aab1d
3f9aaf023f9aaf02
3f9ab2e73f9ab2e7
3f9ab6cc3f9ab6cc
3f9abab13f9abab1
3f9abe963f9abe96
3f9ac27b3f9ac27b
3f9ac6603f9ac660
3f9aca453f9aca45
3f9ace2a3f9ace2a
3f9ad20f3f9ad20f
3f9ad5f43f9ad5f4
3f9ad9d93f9ad9d9
3f9addbe3f9addbe
3f9ae1a33f9ae1a3
3f9ae5883f9ae588
3f9ae96d3f9ae96d
3f9aed523f9aed52
3f9af1373f9af137
3f9af51c3f9af51c
3f9af9013f9af901
3f9afce63f9afce6
3f9b00cb3f9b00cb
3f9b04b03f9b04b0
3f9b08953f9b0895
3f9b0c7a3f9b0c7a
3f9b105f3f9b105f
3f9b14443f9b1444
3f9b18293f9b1829
3f9b1c0e3f9b1c0e
3f9b1ff33f9b1ff3
3f9b23d83f9b23d8
3f9b27bd3f9b27bd
3f9b2ba23f9b2ba2
3f9b2f873f9b2f87
3f9b336c3f9b336c
3f9b37513f9b3751
3f9b3b363f9b3b36
3f9b3f1b3f9b3f1b
3f9b43003f9b4300
3f9b46e53f9b46e5
3f9b4aca3f9b4aca
3f9b4eaf3f9b4eaf
3f9b52943f9b5294
3f9b56793f9b5679
3f9b5a5e3f9b5a5e
3f9b5e433f9b5e43
3f9b62283f9b6228
3f9b660d3f9b660d
3f9b69f23f9b69f2
3f9b6dd73f9b6dd7
3f9b71bc3f9b71bc
3f9b75a13f9b75a1
3f9b79863f9b7986
3f9b7d6b3f9b7d6b
3f9b81503f9b8150
3f9b85353f9b8535
3f9b891a3f9b891a
3f9b8cff3f9b8cff
3f9b90e43f9b90e4
3f9b94c93f9b94c9
3f9b98ae3f9b98ae
3f9b9c933f9b9c93
3f9ba0783f9ba078
3f9ba45d3f9ba45d
3f9ba8423f9ba842
3f9bac273f9bac27
3f9bb00c3f9bb00c
3f9bb3f13f9bb3f1
3f9bb7d63f9bb7d6
3f9bbbbb3f9bbbbb
3f9bbfa03f9bbfa0
3f9bc3853f9bc385
3f9bc76a3f9bc76a
3f9bcb4f3f9bcb4f
3f9bcf343f9bcf34
3f9bd3193f9bd319
3f9bd6fe3f9bd6fe
3f9bdae33f9bdae3
3f9bdec83f9bdec8
3f9be2ad3f9be2ad
3f9be6923f9be692
3f9bea773f9bea77
3f9bee5c3f9bee5c
3f9bf2413f9bf241
3f9bf6263f9bf626
3f9bfa0b3f9bfa0b
3f9bfdf03f9bfdf0
3f9c01d53f9c01d5
3f9c05ba3f9c05ba
3f9c099f3f9c099f
3f9c0d843f9c0d84
3f9c11693f9c1169
3f9c154e3f9c154e
3f9c19333f9c1933
3f9c1d183f9c1d18
3f9c20fd3f9c20fd
3f9c24e23f9c24e2
3f9c28c73f9c28c7
3f9c2cac3f9c2cac
3f9c30913f9c3091
3f9c34763f9c3476
3f9c385b3f9c385b
3f9c3c403f9c3c40
3f9c40253f9c4025
3f9c440a3f9c440a
3f9c47ef3f9c47ef
3f9c4bd43f9c4bd4
3f9c4fb93f9c4fb9
3f9c539e3f9c539e
3f9c57833f9c5783
3f9c5b683f9c5b68
3f9c5f4d3f9c5f4d
3f9c63323f9c6332
3f9c67173f9c6717
3f9c6afc3f9c6afc
3f9c6ee13f9c6ee1
3f9c72c63f9c72c6
3f9c76ab3f9c76ab
3f9c7a903f9c7a90
3f9c7e753f9c7e75
3f9c825a3f9c825a
3f9c863f3f9c863f
3f9c8a243f9c8a24
3f9c8e093f9c8e09
3f9c91ee3f9c91ee
3f9c95d33f9c95d3
3f9c99b83f9c99b8
3f9c9d9d3f9c9d9d
3f9ca1823f9ca182
3f9ca5673f9ca567
3f9ca94c3f9ca94c
3f9cad313f9cad31
3f9cb1163f9cb116
3f9cb4fb3f9cb4fb
3f9cb8e03f9cb8e0
3f9cbcc53f9cbcc5
3f9cc0aa3f9cc0aa
3f9cc48f3f9cc48f
3f9cc8743f9cc874
3f9ccc593f9ccc59
3f9cd03e3f9cd03e
3f9cd4233f9cd423
3f9cd8083f9cd808
3f9cdbed3f9cdbed
3f9cdfd23f9cdfd2
3f9ce3b73f9ce3b7
3f9ce79c3f9ce79c
3f9ceb813f9ceb81
3f9cef663f9cef66
3f9cf34b3f9cf34b
3f9cf7303f9cf730
3f9cfb153f9cfb15
3f9cfefa3f9cfefa
3f9d02df3f9d02df
3f9d06c43f9d06c4
3f9d0aa93f9d0aa9
3f9d0e8e3f9d0e8e
3f9d12733f9d1273
3f9d16583f9d1658
3f9d1a3d3f9d1a3d
3f9d1e223f9d1e22
3f9d22073f9d2207
3f9d25ec3f9d25ec
3f9d29d13f9d29d1
3f9d2db63f9d2db6
3f9d319b3f9d319b
3f9d35803f9d3580
3f9d39653f9d3965
3f9d3d4a3f9d3d4a
3f9d412f3f9d412f
3f9d45143f9d4514
3f9d48f93f9d48f9
3f9d4cde3f9d4cde
3f9d50c33f9d50c3
3f9d54a83f9d54a8
3f9d588d3f9d588d
3f9d5c723f9d5c72
3f9d60573f9d6057
3f9d643c3f9d643c
3f9d68213f9d6821
3f9d6c063f9d6c06
3f9d6feb3f9d6feb
3f9d73d03f9d73d0
3f9d77b53f9d77b5
3f9d7b9a3f9d7b9a
3f9d7f7f3f9d7f7f
3f9d83643f9d8364
3f9d87493f9d8749
3f9d8b2e3f9d8b2e
3f9d8f133f9d8f13
3f9d92f83f9d92f8
3f9d96dd3f9d96dd
3f9d9ac23f9d9ac2
3f9d9ea73f9d9ea7
3f9da28c3f9da28c
3f9da6713f9da671
3f9daa563f9daa56
3f9dae3b3f9dae3b
3f9db2203f9db220
3f9db6053f9db605
3f9db9ea3f9db9ea
3f9dbdcf3f9dbdcf
3f9dc1b43f9dc1b4
3f9dc5993f9dc599
3f9dc97e3f9dc97e
3f9dcd633f9dcd63
3f9dd1483f9dd148
3f9dd52d3f9dd52d
3f9dd9123f9dd912
3f9ddcf73f9ddcf7
3f9de0dc3f9de0dc
3f9de4c13f9de4c1
3f9de8a63f9de8a6
3f9dec8b3f9dec8b
3f9df0703f9df070
3f9df4553f9df455
3f9df83a3f9df83a
3f9dfc1f3f9dfc1f
3f9e00043f9e0004
3f9e03e93f9e03e9
3f9e07ce3f9e07ce
3f9e0bb33f9e0bb3
3f9e0f983f9e0f98
3f9e137d3f9e137d
3f9e17623f9e1762
3f9e1b473f9e1b47
3f9e1f2c3f9e1f2c
3f9e23113f9e2311
3f9e26f63f9e26f6
3f9e2adb3f9e2adb
3f9e2ec03f9e2ec0
3f9e32a53f9e32a5
3f9e368a3f9e368a
3f9e3a6f3f9e3a6f
3f9e3e543f9e3e54
3f9e42393f9e4239
3f9e461e3f9e461e
3f9e4a033f9e4a03
3f9e4de83f9e4de8
3f9e51cd3f9e51cd
3f9e55b23f9e55b2
3f9e59973f9e5997
3f9e5d7c3f9e5d7c
3f9e61613f9e6161
3f9e65463f9e6546
3f9e692b3f9e692b
3f9e6d103f9e6d10
3f9e70f53f9e70f5
3f9e74da3f9e74da
3f9e78bf3f9e78bf
3f9e7ca43f9e7ca4
3f9e80893f9e8089
3f9e846e3f9e846e
3f9e88533f9e8853
3f9e8c383f9e8c38
3f9e901d3f9e901d
3f9e94023f9e9402
3f9e97e73f9e97e7
3f9e9bcc3f9e9bcc
3f9e9fb13f9e9fb1
3f9ea3963f9ea396
3f9ea77b3f9ea77b
3f9eab603f9eab60
3f9eaf453f9eaf45
3f9eb32a3f9eb32a
3f9eb70f3f9eb70f
3f9ebaf43f9ebaf4
3f9ebed93f9ebed9
3f9ec2be3f9ec2be
3f9ec6a33f9ec6a3
3f9eca883f9eca88
3f9ece6d3f9ece6d
3f9ed2523f9ed252
3f9ed6373f9ed637
3f9eda1c3f9eda1c
3f9ede013f9ede01
3f9ee1e63f9ee1e6
3f9ee5cb3f9ee5cb
3f9ee9b03f9ee9b0
3f9eed953f9eed95
3f9ef17a3f9ef17a
3f9ef55f3f9ef55f
3f9ef9443f9ef944
3f9efd293f9efd29
3f9f010e3f9f010e
3f9f04f33f9f04f3
3f9f08d83f9f08d8
3f9f0cbd3f9f0cbd
3f9f10a23f9f10a2
3f9f14873f9f1487
3f9f186c3f9f186c
3f9f1c513f9f1c51
3f9f20363f9f2036
3f9f241b3f9f241b
3f9f28003f9f2800
3f9f2be53f9f2be5
3f9f2fca3f9f2fca
3f9f33af3f9f33af
3f9f37943f9f3794
3f9f3b793f9f3b79
3f9f3f5e3f9f3f5e
3f9f43433f9f4343
3f9f47283f9f4728
3f9f4b0d3f9f4b0d
3f9f4ef23f9f4ef2
3f9f52d73f9f52d7
3f9f56bc3f9f56bc
3f9f5aa13f9f5aa1
3f9f5e863f9f5e86
3f9f626b3f9f626b
3f9f66503f9f6650
3f9f6a353f9f6a35
3f9f6e1a3f9f6e1a
3f9f71ff3f9f71ff
3f9f75e43f9f75e4
3f9f79c93f9f79c9
3f9f7dae3f9f7dae
3f9f81933f9f8193
3f9f85783f9f8578
3f9f895d3f9f895d
3f9f8d423f9f8d42
3f9f91273f9f9127
3f9f950c3f9f950c
3f9f98f13f9f98f1
3f9f9cd63f9f9cd6
3f9fa0bb3f9fa0bb
3f9fa4a03f9fa4a0
3f9fa8853f9fa885
3f9fac6a3f9fac6a
3f9fb04f3f9fb04f
3f9fb4343f9fb434
3f9fb8193f9fb819
3f9fbbfe3f9fbbfe
3f9fbfe33f9fbfe3
3f9fc3c83f9fc3c8
3f9fc7ad3f9fc7ad
3f9fcb923f9fcb92
3f9fcf773f9fcf77
3f9fd35c3f9fd35c
3f9fd7413f9fd741
3f9fdb263f9fdb26
3f9fdf0b3f9fdf0b
3f9fe2f03f9fe2f0
3f9fe6d53f9fe6d5
3f9feaba3f9feaba
3f9fee9f3f9fee9f
3f9ff2843f9ff284
3f9ff6693f9ff669
3f9ffa4e3f9ffa4e
3f9ffe333f9ffe33
3fa002183fa00218
3fa005fd3fa005fd
3fa009e23fa009e2
3fa00dc73fa00dc7
3fa011ac3fa011ac
3fa015913fa01591
3fa019763fa01976
3fa01d5b3fa01d5b
3fa021403fa02140
3fa025253fa02525
3fa0290a3fa0290a
3fa02cef3fa02cef
3fa030d43fa030d4
3fa034b93fa034b9
3fa0389e3fa0389e
3fa03c833fa03c83
3fa040683fa04068
3fa0444d3fa0444d
3fa048323fa04832
3fa04c173fa04c17
3fa04ffc3fa04ffc
3fa053e13fa053e1
3fa057c63fa057c6
3fa05bab3fa05bab
3fa05f903fa05f90
3fa063753fa06375
3fa0675a3fa0675a
3fa06b3f3fa06b3f
3fa06f243fa06f24
3fa073093fa07309
3fa076ee3fa076ee
3fa07ad33fa07ad3
3fa07eb83fa07eb8
3fa0829d3fa0829d
3fa086823fa08682
3fa08a673fa08a67
3fa08e4c3fa08e4c
3fa092313fa09231
3fa096163fa09616
3fa099fb3fa099fb
3fa09de03fa09de0
3fa0a1c53fa0a1c5
3fa0a5aa3fa0a5aa
3fa0a98f3fa0a98f
3fa0ad743fa0ad74
3fa0b1593fa0b159
3fa0b53e3fa0b53e
3fa0b9233fa0b923
3fa0bd083fa0bd08
3fa0c0ed3fa0c0ed
3fa0c4d23fa0c4d2
3fa0c8b73fa0c8b7
3fa0cc9c3fa0cc9c
3fa0d0813fa0d081
3fa0d4663fa0d466
3fa0d84b3fa0d84b
3fa0dc303fa0dc30
3fa0e0153fa0e015
3fa0e3fa3fa0e3fa
3fa0e7df3fa0e7df
3fa0ebc43fa0ebc4
3fa0efa93fa0efa9
3fa0f38e3fa0f38e
3fa0f7733fa0f773
3fa0fb583fa0fb58
3fa0ff3d3fa0ff3d
3fa103223fa10322
3fa107073fa10707
3fa10aec3fa10aec
3fa10ed13fa10ed1
3fa112b63fa112b6
3fa1169b3fa1169b
3fa11a803fa11a80
3fa11e653fa11e65
3fa1224a3fa1224a
3fa1262f3fa1262f
3fa12a143fa12a14
3fa12df93fa12df9
3fa131de3fa131de
3fa135c33fa135c3
3fa139a83fa139a8
3fa13d8d3fa13d8d
3fa141723fa14172
3fa145573fa14557
3fa1493c3fa1493c
3fa14d213fa14d21
3fa151063fa15106
3fa154eb3fa154eb
3fa158d03fa158d0
3fa15cb53fa15cb5
3fa1609a3fa1609a
3fa1647f3fa1647f
3fa168643fa16864
3fa16c493fa16c49
3fa1702e3fa1702e
3fa174133fa17413
3fa177f83fa177f8
3fa17bdd3fa17bdd
3fa17fc23fa17fc2
3fa183a73fa183a7
3fa1878c3fa1878c
3fa18b713fa18b71
3fa18f563fa18f56
3fa1933b3fa1933b
3fa197203fa19720
3fa19b053fa19b05
3fa19eea3fa19eea
3fa1a2cf3fa1a2cf
3fa1a6b43fa1a6b4
3fa1aa993fa1aa99
3fa1ae7e3fa1ae7e
3fa1b2633fa1b263
3fa1b6483fa1b648
3fa1ba2d3fa1ba2d
3fa1be123fa1be12
3fa1c1f73fa1c1f7
3fa1c5dc3fa1c5dc
3fa1c9c13fa1c9c1
3fa1cda63fa1cda6
3fa1d18b3fa1d18b
3fa1d5703fa1d570
3fa1d9553fa1d955
3fa1dd3a3fa1dd3a
3fa1e11f3fa1e11f
3fa1e5043fa1e504
3fa1e8e93fa1e8e9
3fa1ecce3fa1ecce
3fa1f0b33fa1f0b3
3fa1f4983fa1f498
3fa1f87d3fa1f87d
3fa1fc623fa1fc62
3fa200473fa20047
3fa2042c3fa2042c
3fa208113fa20811
3fa20bf63fa20bf6
3fa20fdb3fa20fdb
3fa213c03fa213c0
3fa217a53fa217a5
3fa21b8a3fa21b8a
3fa21f6f3fa21f6f
3fa223543fa22354
3fa227393fa22739
3fa22b1e3fa22b1e
3fa22f033fa22f03
3fa232e83fa232e8
3fa236cd3fa236cd
3fa23ab23fa23ab2
3fa23e973fa23e97
3fa2427c3fa2427c
3fa246613fa24661
3fa24a463fa24a46
3fa24e2b3fa24e2b
3fa252103fa25210
3fa255f53fa255f5
3fa259da3fa259da
3fa25dbf3fa25dbf
3fa261a43fa261a4
3fa265893fa26589
3fa2696e3fa2696e
3fa26d533fa26d53
3fa271383fa27138
3fa2751d3fa2751d
3fa279023fa27902
3fa27ce73fa27ce7
3fa280cc3fa280cc
3fa284b13fa284b1
3fa288963fa28896
3fa28c7b3fa28c7b
3fa290603fa29060
3fa294453fa29445
3fa2982a3fa2982a
3fa29c0f3fa29c0f
3fa29ff43fa29ff4
3fa2a3d93fa2a3d9
3fa2a7be3fa2a7be
3fa2aba33fa2aba3
3fa2af883fa2af88
3fa2b36d3fa2b36d
3fa2b7523fa2b752
3fa2bb373fa2bb37
3fa2bf1c3fa2bf1c
3fa2c3013fa2c301
3fa2c6e63fa2c6e6
3fa2cacb3fa2cacb
3fa2ceb03fa2ceb0
3fa2d2953fa2d295
3fa2d67a3fa2d67a
3fa2da5f3fa2da5f
3fa2de443fa2de44
3fa2e2293fa2e229
3fa2e60e3fa2e60e
3fa2e9f33fa2e9f3
3fa2edd83fa2edd8
3fa2f1bd3fa2f1bd
3fa2f5a23fa2f5a2
3fa2f9873fa2f987
3fa2fd6c3fa2fd6c
3fa301513fa30151
3fa305363fa30536
3fa3091b3fa3091b
3fa30d003fa30d00
3fa310e53fa310e5
3fa314ca3fa314ca
3fa318af3fa318af
3fa31c943fa31c94
3fa320793fa32079
3fa3245e3fa3245e
3fa328433fa32843
3fa32c283fa32c28
3fa3300d3fa3300d
3fa333f23fa333f2
3fa337d73fa337d7
3fa33bbc3fa33bbc
3fa33fa13fa33fa1
3fa343863fa34386
3fa3476b3fa3476b
3fa34b503fa34b50
3fa34f353fa34f35
3fa3531a3fa3531a
3fa356ff3fa356ff
3fa35ae43fa35ae4
3fa35ec93fa35ec9
3fa362ae3fa362ae
3fa366933fa36693
3fa36a783fa36a78
3fa36e5d3fa36e5d
3fa372423fa37242
3fa376273fa37627
3fa37a0c3fa37a0c
3fa37df13fa37df1
3fa381d63fa381d6
3fa385bb3fa385bb
3fa389a03fa389a0
3fa38d853fa38d85
3fa3916a3fa3916a
3fa3954f3fa3954f
3fa399343fa39934
3fa39d193fa39d19
3fa3a0fe3fa3a0fe
3fa3a4e33fa3a4e3
3fa3a8c83fa3a8c8
3fa3acad3fa3acad
3fa3b0923fa3b092
3fa3b4773fa3b477
3fa3b85c3fa3b85c
3fa3bc413fa3bc41
3fa3c0263fa3c026
3fa3c40b3fa3c40b
3fa3c7f03fa3c7f0
3fa3cbd53fa3cbd5
3fa3cfba3fa3cfba
3fa3d39f3fa3d39f
3fa3d7843fa3d784
3fa3db693fa3db69
3fa3df4e3fa3df4e
3fa3e3333fa3e333
3fa3e7183fa3e718
3fa3eafd3fa3eafd
3fa3eee23fa3eee2
3fa3f2c73fa3f2c7
3fa3f6ac3fa3f6ac
3fa3fa913fa3fa91
3fa3fe763fa3fe76
3fa4025b3fa4025b
3fa406403fa40640
3fa40a253fa40a25
3fa40e0a3fa40e0a
3fa411ef3fa411ef
3fa415d43fa415d4
3fa419b93fa419b9
3fa41d9e3fa41d9e
3fa421833fa42183
3fa425683fa42568
3fa4294d3fa4294d
3fa42d323fa42d32
3fa431173fa43117
3fa434fc3fa434fc
3fa438e13fa438e1
3fa43cc63fa43cc6
3fa440ab3fa440ab
3fa444903fa44490
3fa448753fa44875
3fa44c5a3fa44c5a
3fa4503f3fa4503f
3fa454243fa45424
3fa458093fa45809
3fa45bee3fa45bee
3fa45fd33fa45fd3
3fa463b83fa463b8
3fa4679d3fa4679d
3fa46b823fa46b82
3fa46f673fa46f67
3fa4734c3fa4734c
3fa477313fa47731
3fa47b163fa47b16
3fa47efb3fa47efb
3fa482e03fa482e0
3fa486c53fa486c5
3fa48aaa3fa48aaa
3fa48e8f3fa48e8f
3fa492743fa49274
3fa496593fa49659
3fa49a3e3fa49a3e
3fa49e233fa49e23
3fa4a2083fa4a208
3fa4a5ed3fa4a5ed
3fa4a9d23fa4a9d2
3fa4adb73fa4adb7
3fa4b19c3fa4b19c
3fa4b5813fa4b581
3fa4b9663fa4b966
3fa4bd4b3fa4bd4b
3fa4c1303fa4c130
3fa4c5153fa4c515
3fa4c8fa3fa4c8fa
3fa4ccdf3fa4ccdf
3fa4d0c43fa4d0c4
3fa4d4a93fa4d4a9
3fa4d88e3fa4d88e
3fa4dc733fa4dc73
3fa4e0583fa4e058
3fa4e43d3fa4e43d
3fa4e8223fa4e822
3fa4ec073fa4ec07
3fa4efec3fa4efec
3fa4f3d13fa4f3d1
3fa4f7b63fa4f7b6
3fa4fb9b3fa4fb9b
3fa4ff803fa4ff80
3fa503653fa50365
3fa5074a3fa5074a
3fa50b2f3fa50b2f
3fa50f143fa50f14
3fa512f93fa512f9
3fa516de3fa516de
3fa51ac33fa51ac3
3fa51ea83fa51ea8
3fa5228d3fa5228d
3fa526723fa52672
3fa52a573fa52a57
3fa52e3c3fa52e3c
3fa532213fa53221
3fa536063fa53606
3fa539eb3fa539eb
3fa53dd03fa53dd0
3fa541b53fa541b5
3fa5459a3fa5459a
3fa5497f3fa5497f
3fa54d643fa54d64
3fa551493fa55149
3fa5552e3fa5552e
3fa559133fa55913
3fa55cf83fa55cf8
3fa560dd3fa560dd
3fa564c23fa564c2
3fa568a73fa568a7
3fa56c8c3fa56c8c
3fa570713fa57071
3fa574563fa57456
3fa5783b3fa5783b
3fa57c203fa57c20
3fa580053fa58005
3fa583ea3fa583ea
3fa587cf3fa587cf
3fa58bb43fa58bb4
3fa58f993fa58f99
3fa5937e3fa5937e
3fa597633fa59763
3fa59b483fa59b48
3fa59f2d3fa59f2d
3fa5a3123fa5a312
3fa5a6f73fa5a6f7
3fa5aadc3fa5aadc
3fa5aec13fa5aec1
3fa5b2a63fa5b2a6
3fa5b68b3fa5b68b
3fa5ba703fa5ba70
3fa5be553fa5be55
3fa5c23a3fa5c23a
3fa5c61f3fa5c61f
3fa5ca043fa5ca04
3fa5cde93fa5cde9
3fa5d1ce3fa5d1ce
3fa5d5b33fa5d5b3
3fa5d9983fa5d998
3fa5dd7d3fa5dd7d
3fa5e1623fa5e162
3fa5e5473fa5e547
3fa5e92c3fa5e92c
3fa5ed113fa5ed11
3fa5f0f63fa5f0f6
3fa5f4db3fa5f4db
3fa5f8c03fa5f8c0
3fa5fca53fa5fca5
3fa6008a3fa6008a
3fa6046f3fa6046f
3fa608543fa60854
3fa60c393fa60c39
3fa6101e3fa6101e
3fa614033fa61403
3fa617e83fa617e8
3fa61bcd3fa61bcd
3fa61fb23fa61fb2
3fa623973fa62397
3fa6277c3fa6277c
3fa62b613fa62b61
3fa62f463fa62f46
3fa6332b3fa6332b
3fa637103fa63710
3fa63af53fa63af5
3fa63eda3fa63eda
3fa642bf3fa642bf
3fa646a43fa646a4
3fa64a893fa64a89
3fa64e6e3fa64e6e
3fa652533fa65253
3fa656383fa65638
3fa65a1d3fa65a1d
3fa65e023fa65e02
3fa661e73fa661e7
3fa665cc3fa665cc
3fa669b13fa669b1
3fa66d963fa66d96
3fa6717b3fa6717b
3fa675603fa67560
3fa679453fa67945
3fa67d2a3fa67d2a
3fa6810f3fa6810f
3fa684f43fa684f4
3fa688d93fa688d9
3fa68cbe3fa68cbe
3fa690a33fa690a3
3fa694883fa69488
3fa6986d3fa6986d
3fa69c523fa69c52
3fa6a0373fa6a037
3fa6a41c3fa6a41c
3fa6a8013fa6a801
3fa6abe63fa6abe6
3fa6afcb3fa6afcb
3fa6b3b03fa6b3b0
3fa6b7953fa6b795
3fa6bb7a3fa6bb7a
3fa6bf5f3fa6bf5f
3fa6c3443fa6c344
3fa6c7293fa6c729
3fa6cb0e3fa6cb0e
3fa6cef33fa6cef3
3fa6d2d83fa6d2d8
3fa6d6bd3fa6d6bd
3fa6daa23fa6daa2
3fa6de873fa6de87
3fa6e26c3fa6e26c
3fa6e6513fa6e651
3fa6ea363fa6ea36
3fa6ee1b3fa6ee1b
3fa6f2003fa6f200
3fa6f5e53fa6f5e5
3fa6f9ca3fa6f9ca
3fa6fdaf3fa6fdaf
3fa701943fa70194
3fa705793fa70579
3fa7095e3fa7095e
3fa70d433fa70d43
3fa711283fa71128
3fa7150d3fa7150d
3fa718f23fa718f2
3fa71cd73fa71cd7
3fa720bc3fa720bc
3fa724a13fa724a1
3fa728863fa72886
3fa72c6b3fa72c6b
3fa730503fa73050
3fa734353fa73435
3fa7381a3fa7381a
3fa73bff3fa73bff
3fa73fe43fa73fe4
3fa743c93fa743c9
3fa747ae3fa747ae
3fa74b933fa74b93
3fa74f783fa74f78
3fa7535d3fa7535d
3fa757423fa75742
3fa75b273fa75b27
3fa75f0c3fa75f0c
3fa762f13fa762f1
3fa766d63fa766d6
3fa76abb3fa76abb
3fa76ea03fa76ea0
3fa772853fa77285
3fa7766a3fa7766a
3fa77a4f3fa77a4f
3fa77e343fa77e34
3fa782193fa78219
3fa785fe3fa785fe
3fa789e33fa789e3
3fa78dc83fa78dc8
3fa791ad3fa791ad
3fa795923fa79592
3fa799773fa79977
3fa79d5c3fa79d5c
3fa7a1413fa7a141
3fa7a5263fa7a526
3fa7a90b3fa7a90b
3fa7acf03fa7acf0
3fa7b0d53fa7b0d5
3fa7b4ba3fa7b4ba
3fa7b89f3fa7b89f
3fa7bc843fa7bc84
3fa7c0693fa7c069
3fa7c44e3fa7c44e
3fa7c8333fa7c833
3fa7cc183fa7cc18
3fa7cffd3fa7cffd
3fa7d3e23fa7d3e2
3fa7d7c73fa7d7c7
3fa7dbac3fa7dbac
3fa7df913fa7df91
3fa7e3763fa7e376
3fa7e75b3fa7e75b
3fa7eb403fa7eb40
3fa7ef253fa7ef25
3fa7f30a3fa7f30a
3fa7f6ef3fa7f6ef
3fa7fad43fa7fad4
3fa7feb93fa7feb9
3fa8029e3fa8029e
3fa806833fa80683
3fa80a683fa80a68
3fa80e4d3fa80e4d
3fa812323fa81232
3fa816173fa81617
3fa819fc3fa819fc
3fa81de13fa81de1
3fa821c63fa821c6
3fa825ab3fa825ab
3fa829903fa82990
3fa82d753fa82d75
3fa8315a3fa8315a
3fa8353f3fa8353f
3fa839243fa83924
3fa83d093fa83d09
3fa840ee3fa840ee
3fa844d33fa844d3
3fa848b83fa848b8
3fa84c9d3fa84c9d
3fa850823fa85082
3fa854673fa85467
3fa8584c3fa8584c
3fa85c313fa85c31
3fa860163fa86016
3fa863fb3fa863fb
3fa867e03fa867e0
3fa86bc53fa86bc5
3fa86faa3fa86faa
3fa8738f3fa8738f
3fa877743fa87774
3fa87b593fa87b59
3fa87f3e3fa87f3e
3fa883233fa88323
3fa887083fa88708
3fa88aed3fa88aed
3fa88ed23fa88ed2
3fa892b73fa892b7
3fa8969c3fa8969c
3fa89a813fa89a81
3fa89e663fa89e66
3fa8a24b3fa8a24b
3fa8a6303fa8a630
3fa8aa153fa8aa15
3fa8adfa3fa8adfa
3fa8b1df3fa8b1df
3fa8b5c43fa8b5c4
3fa8b9a93fa8b9a9
3fa8bd8e3fa8bd8e
3fa8c1733fa8c173
3fa8c5583fa8c558
3fa8c93d3fa8c93d
3fa8cd223fa8cd22
3fa8d1073fa8d107
3fa8d4ec3fa8d4ec
3fa8d8d13fa8d8d1
3fa8dcb63fa8dcb6
3fa8e09b3fa8e09b
3fa8e4803fa8e480
3fa8e8653fa8e865
3fa8ec4a3fa8ec4a
3fa8f02f3fa8f02f
3fa8f4143fa8f414
3fa8f7f93fa8f7f9
3fa8fbde3fa8fbde
3fa8ffc33fa8ffc3
3fa903a83fa903a8
3fa9078d3fa9078d
3fa90b723fa90b72
3fa90f573fa90f57
3fa9133c3fa9133c
3fa917213fa91721
3fa91b063fa91b06
3fa91eeb3fa91eeb
3fa922d03fa922d0
3fa926b53fa926b5
3fa92a9a3fa92a9a
3fa92e7f3fa92e7f
3fa932643fa93264
3fa936493fa93649
3fa93a2e3fa93a2e
3fa93e133fa93e13
3fa941f83fa941f8
3fa945dd3fa945dd
3fa949c23fa949c2
3fa94da73fa94da7
3fa9518c3fa9518c
3fa955713fa95571
3fa959563fa95956
3fa95d3b3fa95d3b
3fa961203fa96120
3fa965053fa96505
3fa968ea3fa968ea
3fa96ccf3fa96ccf
3fa970b43fa970b4
3fa974993fa97499
3fa9787e3fa9787e
3fa97c633fa97c63
3fa980483fa98048
3fa9842d3fa9842d
3fa988123fa98812
3fa98bf73fa98bf7
3fa98fdc3fa98fdc
3fa993c13fa993c1
3fa997a63fa997a6
3fa99b8b3fa99b8b
3fa99f703fa99f70
3fa9a3553fa9a355
3fa9a73a3fa9a73a
3fa9ab1f3fa9ab1f
3fa9af043fa9af04
3fa9b2e93fa9b2e9
3fa9b6ce3fa9b6ce
3fa9bab33fa9bab3
3fa9be983fa9be98
3fa9c27d3fa9c27d
3fa9c6623fa9c662
3fa9ca473fa9ca47
3fa9ce2c3fa9ce2c
3fa9d2113fa9d211
3fa9d5f63fa9d5f6
3fa9d9db3fa9d9db
3fa9ddc03fa9ddc0
3fa9e1a53fa9e1a5
3fa9e58a3fa9e58a
3fa9e96f3fa9e96f
3fa9ed543fa9ed54
3fa9f1393fa9f139
3fa9f51e3fa9f51e
3fa9f9033fa9f903
3fa9fce83fa9fce8
3faa00cd3faa00cd
3faa04b23faa04b2
3faa08973faa0897
3faa0c7c3faa0c7c
3faa10613faa1061
3faa14463faa1446
3faa182b3faa182b
3faa1c103faa1c10
3faa1ff53faa1ff5
3faa23da3faa23da
3faa27bf3faa27bf
3faa2ba43faa2ba4
3faa2f893faa2f89
3faa336e3faa336e
3faa37533faa3753
3faa3b383faa3b38
3faa3f1d3faa3f1d
3faa43023faa4302
3faa46e73faa46e7
3faa4acc3faa4acc
3faa4eb13faa4eb1
3faa52963faa5296
3faa567b3faa567b
3faa5a603faa5a60
3faa5e453faa5e45
3faa622a3faa622a
3faa660f3faa660f
3faa69f43faa69f4
3faa6dd93faa6dd9
3faa71be3faa71be
3faa75a33faa75a3
3faa79883faa7988
3faa7d6d3faa7d6d
3faa81523faa8152
3faa85373faa8537
3faa891c3faa891c
3faa8d013faa8d01
3faa90e63faa90e6
3faa94cb3faa94cb
3faa98b03faa98b0
3faa9c953faa9c95
3faaa07a3faaa07a
3faaa45f3faaa45f
3faaa8443faaa844
3faaac293faaac29
3faab00e3faab00e
3faab3f33faab3f3
3faab7d83faab7d8
3faabbbd3faabbbd
3faabfa23faabfa2
3faac3873faac387
3faac76c3faac76c
3faacb513faacb51
3faacf363faacf36
3faad31b3faad31b
3faad7003faad700
3faadae53faadae5
3faadeca3faadeca
3faae2af3faae2af
3faae6943faae694
3faaea793faaea79
3faaee5e3faaee5e
3faaf2433faaf243
3faaf6283faaf628
3faafa0d3faafa0d
3faafdf23faafdf2
3fab01d73fab01d7
3fab05bc3fab05bc
3fab09a13fab09a1
3fab0d863fab0d86
3fab116b3fab116b
3fab15503fab1550
3fab19353fab1935
3fab1d1a3fab1d1a
3fab20ff3fab20ff
3fab24e43fab24e4
3fab28c93fab28c9
3fab2cae3fab2cae
3fab30933fab3093
3fab34783fab3478
3fab385d3fab385d
3fab3c423fab3c42
3fab40273fab4027
3fab440c3fab440c
3fab47f13fab47f1
3fab4bd63fab4bd6
3fab4fbb3fab4fbb
3fab53a03fab53a0
3fab57853fab5785
3fab5b6a3fab5b6a
3fab5f4f3fab5f4f
3fab63343fab6334
3fab67193fab6719
3fab6afe3fab6afe
3fab6ee33fab6ee3
3fab72c83fab72c8
3fab76ad3fab76ad
3fab7a923fab7a92
3fab7e773fab7e77
3fab825c3fab825c
3fab86413fab8641
3fab8a263fab8a26
3fab8e0b3fab8e0b
3fab91f03fab91f0
3fab95d53fab95d5
3fab99ba3fab99ba
3fab9d9f3fab9d9f
3faba1843faba184
3faba5693faba569
3faba94e3faba94e
3fabad333fabad33
3fabb1183fabb118
3fabb4fd3fabb4fd
3fabb8e23fabb8e2
3fabbcc73fabbcc7
3fabc0ac3fabc0ac
3fabc4913fabc491
3fabc8763fabc876
3fabcc5b3fabcc5b
3fabd0403fabd040
3fabd4253fabd425
3fabd80a3fabd80a
3fabdbef3fabdbef
3fabdfd43fabdfd4
3fabe3b93fabe3b9
3fabe79e3fabe79e
3fabeb833fabeb83
3fabef683fabef68
3fabf34d3fabf34d
3fabf7323fabf732
3fabfb173fabfb17
3fabfefc3fabfefc
3fac02e13fac02e1
3fac06c63fac06c6
3fac0aab3fac0aab
3fac0e903fac0e90
3fac12753fac1275
3fac165a3fac165a
3fac1a3f3fac1a3f
3fac1e243fac1e24
3fac22093fac2209
3fac25ee3fac25ee
3fac29d33fac29d3
3fac2db83fac2db8
3fac319d3fac319d
3fac35823fac3582
3fac39673fac3967
3fac3d4c3fac3d4c
3fac41313fac4131
3fac45163fac4516
3fac48fb3fac48fb
3fac4ce03fac4ce0
3fac50c53fac50c5
3fac54aa3fac54aa
3fac588f3fac588f
3fac5c743fac5c74
3fac60593fac6059
3fac643e3fac643e
3fac68233fac6823
3fac6c083fac6c08
3fac6fed3fac6fed
3fac73d23fac73d2
3fac77b73fac77b7
3fac7b9c3fac7b9c
3fac7f813fac7f81
3fac83663fac8366
3fac874b3fac874b
3fac8b303fac8b30
3fac8f153fac8f15
3fac92fa3fac92fa
3fac96df3fac96df
3fac9ac43fac9ac4
3fac9ea93fac9ea9
3faca28e3faca28e
3faca6733faca673
3facaa583facaa58
3facae3d3facae3d
3facb2223facb222
3facb6073facb607
3facb9ec3facb9ec
3facbdd13facbdd1
3facc1b63facc1b6
3facc59b3facc59b
3facc9803facc980
3faccd653faccd65
3facd14a3facd14a
3facd52f3facd52f
3facd9143facd914
3facdcf93facdcf9
3face0de3face0de
3face4c33face4c3
3face8a83face8a8
3facec8d3facec8d
3facf0723facf072
3facf4573facf457
3facf83c3facf83c
3facfc213facfc21
3fad00063fad0006
3fad03eb3fad03eb
3fad07d03fad07d0
3fad0bb53fad0bb5
3fad0f9a3fad0f9a
3fad137f3fad137f
3fad17643fad1764
3fad1b493fad1b49
3fad1f2e3fad1f2e
3fad23133fad2313
3fad26f83fad26f8
3fad2add3fad2add
3fad2ec23fad2ec2
3fad32a73fad32a7
3fad368c3fad368c
3fad3a713fad3a71
3fad3e563fad3e56
3fad423b3fad423b
3fad46203fad4620
3fad4a053fad4a05
3fad4dea3fad4dea
3fad51cf3fad51cf
3fad55b43fad55b4
3fad59993fad5999
3fad5d7e3fad5d7e
3fad61633fad6163
3fad65483fad6548
3fad692d3fad692d
3fad6d123fad6d12
3fad70f73fad70f7
3fad74dc3fad74dc
3fad78c13fad78c1
3fad7ca63fad7ca6
3fad808b3fad808b
3fad84703fad8470
3fad88553fad8855
3fad8c3a3fad8c3a
3fad901f3fad901f
3fad94043fad9404
3fad97e93fad97e9
3fad9bce3fad9bce
3fad9fb33fad9fb3
3fada3983fada398
3fada77d3fada77d
3fadab623fadab62
3fadaf473fadaf47
3fadb32c3fadb32c
3fadb7113fadb711
3fadbaf63fadbaf6
3fadbedb3fadbedb
3fadc2c03fadc2c0
3fadc6a53fadc6a5
3fadca8a3fadca8a
3fadce6f3fadce6f
3fadd2543fadd254
3fadd6393fadd639
3fadda1e3fadda1e
3fadde033fadde03
3fade1e83fade1e8
3fade5cd3fade5cd
3fade9b23fade9b2
3faded973faded97
3fadf17c3fadf17c
3fadf5613fadf561
3fadf9463fadf946
3fadfd2b3fadfd2b
3fae01103fae0110
3fae04f53fae04f5
3fae08da3fae08da
3fae0cbf3fae0cbf
3fae10a43fae10a4
3fae14893fae1489
3fae186e3fae186e
3fae1c533fae1c53
3fae20383fae2038
3fae241d3fae241d
3fae28023fae2802
3fae2be73fae2be7
3fae2fcc3fae2fcc
3fae33b13fae33b1
3fae37963fae3796
3fae3b7b3fae3b7b
3fae3f603fae3f60
3fae43453fae4345
3fae472a3fae472a
3fae4b0f3fae4b0f
3fae4ef43fae4ef4
3fae52d93fae52d9
3fae56be3fae56be
3fae5aa33fae5aa3
3fae5e883fae5e88
3fae626d3fae626d
3fae66523fae6652
3fae6a373fae6a37
3fae6e1c3fae6e1c
3fae72013fae7201
3fae75e63fae75e6
3fae79cb3fae79cb
3fae7db03fae7db0
3fae81953fae8195
3fae857a3fae857a
3fae895f3fae895f
3fae8d443fae8d44
3fae91293fae9129
3fae950e3fae950e
3fae98f33fae98f3
3fae9cd83fae9cd8
3faea0bd3faea0bd
3faea4a23faea4a2
3faea8873faea887
3faeac6c3faeac6c
3faeb0513faeb051
3faeb4363faeb436
3faeb81b3faeb81b
3faebc003faebc00
3faebfe53faebfe5
3faec3ca3faec3ca
3faec7af3faec7af
3faecb943faecb94
3faecf793faecf79
3faed35e3faed35e
3faed7433faed743
3faedb283faedb28
3faedf0d3faedf0d
3faee2f23faee2f2
3faee6d73faee6d7
3faeeabc3faeeabc
3faeeea13faeeea1
3faef2863faef286
3faef66b3faef66b
3faefa503faefa50
3faefe353faefe35
3faf021a3faf021a
3faf05ff3faf05ff
3faf09e43faf09e4
3faf0dc93faf0dc9
3faf11ae3faf11ae
3faf15933faf1593
3faf19783faf1978
3faf1d5d3faf1d5d
3faf21423faf2142
3faf25273faf2527
3faf290c3faf290c
3faf2cf13faf2cf1
3faf30d63faf30d6
3faf34bb3faf34bb
3faf38a03faf38a0
3faf3c853faf3c85
3faf406a3faf406a
3faf444f3faf444f
3faf48343faf4834
3faf4c193faf4c19
3faf4ffe3faf4ffe
3faf53e33faf53e3
3faf57c83faf57c8
3faf5bad3faf5bad
3faf5f923faf5f92
3faf63773faf6377
3faf675c3faf675c
3faf6b413faf6b41
3faf6f263faf6f26
3faf730b3faf730b
3faf76f03faf76f0
3faf7ad53faf7ad5
3faf7eba3faf7eba
3faf829f3faf829f
3faf86843faf8684
3faf8a693faf8a69
3faf8e4e3faf8e4e
3faf92333faf9233
3faf96183faf9618
3faf99fd3faf99fd
3faf9de23faf9de2
3fafa1c73fafa1c7
3fafa5ac3fafa5ac
3fafa9913fafa991
3fafad763fafad76
3fafb15b3fafb15b
3fafb5403fafb540
3fafb9253fafb925
3fafbd0a3fafbd0a
3fafc0ef3fafc0ef
3fafc4d43fafc4d4
3fafc8b93fafc8b9
3fafcc9e3fafcc9e
3fafd0833fafd083
3fafd4683fafd468
3fafd84d3fafd84d
3fafdc323fafdc32
3fafe0173fafe017
3fafe3fc3fafe3fc
3fafe7e13fafe7e1
3fafebc63fafebc6
3fafefab3fafefab
3faff3903faff390
3faff7753faff775
3faffb5a3faffb5a
3fafff3f3fafff3f
3fb003243fb00324
3fb007093fb00709
3fb00aee3fb00aee
3fb00ed33fb00ed3
3fb012b83fb012b8
3fb0169d3fb0169d
3fb01a823fb01a82
3fb01e673fb01e67
3fb0224c3fb0224c
3fb026313fb02631
3fb02a163fb02a16
3fb02dfb3fb02dfb
3fb031e03fb031e0
3fb035c53fb035c5
3fb039aa3fb039aa
3fb03d8f3fb03d8f
3fb041743fb04174
3fb045593fb04559
3fb0493e3fb0493e
3fb04d233fb04d23
3fb051083fb05108
3fb054ed3fb054ed
3fb058d23fb058d2
3fb05cb73fb05cb7
3fb0609c3fb0609c
3fb064813fb06481
3fb068663fb06866
3fb06c4b3fb06c4b
3fb070303fb07030
3fb074153fb07415
3fb077fa3fb077fa
3fb07bdf3fb07bdf
3fb07fc43fb07fc4
3fb083a93fb083a9
3fb0878e3fb0878e
3fb08b733fb08b73
3fb08f583fb08f58
3fb0933d3fb0933d
3fb097223fb09722
3fb09b073fb09b07
3fb09eec3fb09eec
3fb0a2d13fb0a2d1
3fb0a6b63fb0a6b6
3fb0aa9b3fb0aa9b
3fb0ae803fb0ae80
3fb0b2653fb0b265
3fb0b64a3fb0b64a
3fb0ba2f3fb0ba2f
3fb0be143fb0be14
3fb0c1f93fb0c1f9
3fb0c5de3fb0c5de
3fb0c9c33fb0c9c3
3fb0cda83fb0cda8
3fb0d18d3fb0d18d
3fb0d5723fb0d572
3fb0d9573fb0d957
3fb0dd3c3fb0dd3c
3fb0e1213fb0e121
3fb0e5063fb0e506
3fb0e8eb3fb0e8eb
3fb0ecd03fb0ecd0
3fb0f0b53fb0f0b5
3fb0f49a3fb0f49a
3fb0f87f3fb0f87f
3fb0fc643fb0fc64
3fb100493fb10049
3fb1042e3fb1042e
3fb108133fb10813
3fb10bf83fb10bf8
3fb10fdd3fb10fdd
3fb113c23fb113c2
3fb117a73fb117a7
3fb11b8c3fb11b8c
3fb11f713fb11f71
3fb123563fb12356
3fb1273b3fb1273b
3fb12b203fb12b20
3fb12f053fb12f05
3fb132ea3fb132ea
3fb136cf3fb136cf
3fb13ab43fb13ab4
3fb13e993fb13e99
3fb1427e3fb1427e
3fb146633fb14663
3fb14a483fb14a48
3fb14e2d3fb14e2d
3fb152123fb15212
3fb155f73fb155f7
3fb159dc3fb159dc
3fb15dc13fb15dc1
3fb161a63fb161a6
3fb1658b3fb1658b
3fb169703fb16970
3fb16d553fb16d55
3fb1713a3fb1713a
3fb1751f3fb1751f
3fb179043fb17904
3fb17ce93fb17ce9
3fb180ce3fb180ce
3fb184b33fb184b3
3fb188983fb18898
3fb18c7d3fb18c7d
3fb190623fb19062
3fb194473fb19447
3fb1982c3fb1982c
3fb19c113fb19c11
3fb19ff63fb19ff6
3fb1a3db3fb1a3db
3fb1a7c03fb1a7c0
3fb1aba53fb1aba5
3fb1af8a3fb1af8a
3fb1b36f3fb1b36f
3fb1b7543fb1b754
3fb1bb393fb1bb39
3fb1bf1e3fb1bf1e
3fb1c3033fb1c303
3fb1c6e83fb1c6e8
3fb1cacd3fb1cacd
3fb1ceb23fb1ceb2
3fb1d2973fb1d297
3fb1d67c3fb1d67c
3fb1da613fb1da61
3fb1de463fb1de46
3fb1e22b3fb1e22b
3fb1e6103fb1e610
3fb1e9f53fb1e9f5
3fb1edda3fb1edda
3fb1f1bf3fb1f1bf
3fb1f5a43fb1f5a4
3fb1f9893fb1f989
3fb1fd6e3fb1fd6e
3fb201533fb20153
3fb205383fb20538
3fb2091d3fb2091d
3fb20d023fb20d02
3fb210e73fb210e7
3fb214cc3fb214cc
3fb218b13fb218b1
3fb21c963fb21c96
3fb2207b3fb2207b
3fb224603fb22460
3fb228453fb22845
3fb22c2a3fb22c2a
3fb2300f3fb2300f
3fb233f43fb233f4
3fb237d93fb237d9
3fb23bbe3fb23bbe
3fb23fa33fb23fa3
3fb243883fb24388
3fb2476d3fb2476d
3fb24b523fb24b52
3fb24f373fb24f37
3fb2531c3fb2531c
3fb257013fb25701
3fb25ae63fb25ae6
3fb25ecb3fb25ecb
3fb262b03fb262b0
3fb266953fb26695
3fb26a7a3fb26a7a
3fb26e5f3fb26e5f
3fb272443fb27244
3fb276293fb27629
3fb27a0e3fb27a0e
3fb27df33fb27df3
3fb281d83fb281d8
3fb285bd3fb285bd
3fb289a23fb289a2
3fb28d873fb28d87
3fb2916c3fb2916c
3fb295513fb29551
3fb299363fb29936
3fb29d1b3fb29d1b
3fb2a1003fb2a100
3fb2a4e53fb2a4e5
3fb2a8ca3fb2a8ca
3fb2acaf3fb2acaf
3fb2b0943fb2b094
3fb2b4793fb2b479
3fb2b85e3fb2b85e
3fb2bc433fb2bc43
3fb2c0283fb2c028
3fb2c40d3fb2c40d
3fb2c7f23fb2c7f2
3fb2cbd73fb2cbd7
3fb2cfbc3fb2cfbc
3fb2d3a13fb2d3a1
3fb2d7863fb2d786
3fb2db6b3fb2db6b
3fb2df503fb2df50
3fb2e3353fb2e335
3fb2e71a3fb2e71a
3fb2eaff3fb2eaff
3fb2eee43fb2eee4
3fb2f2c93fb2f2c9
3fb2f6ae3fb2f6ae
3fb2fa933fb2fa93
3fb2fe783fb2fe78
3fb3025d3fb3025d
3fb306423fb30642
3fb30a273fb30a27
3fb30e0c3fb30e0c
3fb311f13fb311f1
3fb315d63fb315d6
3fb319bb3fb319bb
3fb31da03fb31da0
3fb321853fb32185
3fb3256a3fb3256a
3fb3294f3fb3294f
3fb32d343fb32d34
3fb331193fb33119
3fb334fe3fb334fe
3fb338e33fb338e3
3fb33cc83fb33cc8
3fb340ad3fb340ad
3fb344923fb34492
3fb348773fb34877
3fb34c5c3fb34c5c
3fb350413fb35041
3fb354263fb35426
3fb3580b3fb3580b
3fb35bf03fb35bf0
3fb35fd53fb35fd5
3fb363ba3fb363ba
3fb3679f3fb3679f
3fb36b843fb36b84
3fb36f693fb36f69
3fb3734e3fb3734e
3fb377333fb37733
3fb37b183fb37b18
3fb37efd3fb37efd
3fb382e23fb382e2
3fb386c73fb386c7
3fb38aac3fb38aac
3fb38e913fb38e91
3fb392763fb39276
3fb3965b3fb3965b
3fb39a403fb39a40
3fb39e253fb39e25
3fb3a20a3fb3a20a
3fb3a5ef3fb3a5ef
3fb3a9d43fb3a9d4
3fb3adb93fb3adb9
3fb3b19e3fb3b19e
3fb3b5833fb3b583
3fb3b9683fb3b968
3fb3bd4d3fb3bd4d
3fb3c1323fb3c132
3fb3c5173fb3c517
3fb3c8fc3fb3c8fc
3fb3cce13fb3cce1
3fb3d0c63fb3d0c6
3fb3d4ab3fb3d4ab
3fb3d8903fb3d890
3fb3dc753fb3dc75
3fb3e05a3fb3e05a
3fb3e43f3fb3e43f
3fb3e8243fb3e824
3fb3ec093fb3ec09
3fb3efee3fb3efee
3fb3f3d33fb3f3d3
3fb3f7b83fb3f7b8
3fb3fb9d3fb3fb9d
3fb3ff823fb3ff82
3fb403673fb40367
3fb4074c3fb4074c
3fb40b313fb40b31
3fb40f163fb40f16
3fb412fb3fb412fb
3fb416e03fb416e0
3fb41ac53fb41ac5
3fb41eaa3fb41eaa
3fb4228f3fb4228f
3fb426743fb42674
3fb42a593fb42a59
3fb42e3e3fb42e3e
3fb432233fb43223
3fb436083fb43608
3fb439ed3fb439ed
3fb43dd23fb43dd2
3fb441b73fb441b7
3fb4459c3fb4459c
3fb449813fb44981
3fb44d663fb44d66
3fb4514b3fb4514b
3fb455303fb45530
3fb459153fb45915
3fb45cfa3fb45cfa
3fb460df3fb460df
3fb464c43fb464c4
3fb468a93fb468a9
3fb46c8e3fb46c8e
3fb470733fb47073
3fb474583fb47458
3fb4783d3fb4783d
3fb47c223fb47c22
3fb480073fb48007
3fb483ec3fb483ec
3fb487d13fb487d1
3fb48bb63fb48bb6
3fb48f9b3fb48f9b
3fb493803fb49380
3fb497653fb49765
3fb49b4a3fb49b4a
3fb49f2f3fb49f2f
3fb4a3143fb4a314
3fb4a6f93fb4a6f9
3fb4aade3fb4aade
3fb4aec33fb4aec3
3fb4b2a83fb4b2a8
3fb4b68d3fb4b68d
3fb4ba723fb4ba72
3fb4be573fb4be57
3fb4c23c3fb4c23c
3fb4c6213fb4c621
3fb4ca063fb4ca06
3fb4cdeb3fb4cdeb
3fb4d1d03fb4d1d0
3fb4d5b53fb4d5b5
3fb4d99a3fb4d99a
3fb4dd7f3fb4dd7f
3fb4e1643fb4e164
3fb4e5493fb4e549
3fb4e92e3fb4e92e
3fb4ed133fb4ed13
3fb4f0f83fb4f0f8
3fb4f4dd3fb4f4dd
3fb4f8c23fb4f8c2
3fb4fca73fb4fca7
3fb5008c3fb5008c
3fb504713fb50471
3fb508563fb50856
3fb50c3b3fb50c3b
3fb510203fb51020
3fb514053fb51405
3fb517ea3fb517ea
3fb51bcf3fb51bcf
3fb51fb43fb51fb4
3fb523993fb52399
3fb5277e3fb5277e
3fb52b633fb52b63
3fb52f483fb52f48
3fb5332d3fb5332d
3fb537123fb53712
3fb53af73fb53af7
3fb53edc3fb53edc
3fb542c13fb542c1
3fb546a63fb546a6
3fb54a8b3fb54a8b
3fb54e703fb54e70
3fb552553fb55255
3fb5563a3fb5563a
3fb55a1f3fb55a1f
3fb55e043fb55e04
3fb561e93fb561e9
3fb565ce3fb565ce
3fb569b33fb569b3
3fb56d983fb56d98
3fb5717d3fb5717d
3fb575623fb57562
3fb579473fb57947
3fb57d2c3fb57d2c
3fb581113fb58111
3fb584f63fb584f6
3fb588db3fb588db
3fb58cc03fb58cc0
3fb590a53fb590a5
3fb5948a3fb5948a
3fb5986f3fb5986f
3fb59c543fb59c54
3fb5a0393fb5a039
3fb5a41e3fb5a41e
3fb5a8033fb5a803
3fb5abe83fb5abe8
3fb5afcd3fb5afcd
3fb5b3b23fb5b3b2
3fb5b7973fb5b797
3fb5bb7c3fb5bb7c
3fb5bf613fb5bf61
3fb5c3463fb5c346
3fb5c72b3fb5c72b
3fb5cb103fb5cb10
3fb5cef53fb5cef5
3fb5d2da3fb5d2da
3fb5d6bf3fb5d6bf
3fb5daa43fb5daa4
3fb5de893fb5de89
3fb5e26e3fb5e26e
3fb5e6533fb5e653
3fb5ea383fb5ea38
3fb5ee1d3fb5ee1d
3fb5f2023fb5f202
3fb5f5e73fb5f5e7
3fb5f9cc3fb5f9cc
3fb5fdb13fb5fdb1
3fb601963fb60196
3fb6057b3fb6057b
3fb609603fb60960
3fb60d453fb60d45
3fb6112a3fb6112a
3fb6150f3fb6150f
3fb618f43fb618f4
3fb61cd93fb61cd9
3fb620be3fb620be
3fb624a33fb624a3
3fb628883fb62888
3fb62c6d3fb62c6d
3fb630523fb63052
3fb634373fb63437
3fb6381c3fb6381c
3fb63c013fb63c01
3fb63fe63fb63fe6
3fb643cb3fb643cb
3fb647b03fb647b0
3fb64b953fb64b95
3fb64f7a3fb64f7a
3fb6535f3fb6535f
3fb657443fb65744
3fb65b293fb65b29
3fb65f0e3fb65f0e
3fb662f33fb662f3
3fb666d83fb666d8
3fb66abd3fb66abd
3fb66ea23fb66ea2
3fb672873fb67287
3fb6766c3fb6766c
3fb67a513fb67a51
3fb67e363fb67e36
3fb6821b3fb6821b
3fb686003fb68600
3fb689e53fb689e5
3fb68dca3fb68dca
3fb691af3fb691af
3fb695943fb69594
3fb699793fb69979
3fb69d5e3fb69d5e
3fb6a1433fb6a143
3fb6a5283fb6a528
3fb6a90d3fb6a90d
3fb6acf23fb6acf2
3fb6b0d73fb6b0d7
3fb6b4bc3fb6b4bc
3fb6b8a13fb6b8a1
3fb6bc863fb6bc86
3fb6c06b3fb6c06b
3fb6c4503fb6c450
3fb6c8353fb6c835
3fb6cc1a3fb6cc1a
3fb6cfff3fb6cfff
3fb6d3e43fb6d3e4
3fb6d7c93fb6d7c9
3fb6dbae3fb6dbae
3fb6df933fb6df93
3fb6e3783fb6e378
3fb6e75d3fb6e75d
3fb6eb423fb6eb42
3fb6ef273fb6ef27
3fb6f30c3fb6f30c
3fb6f6f13fb6f6f1
3fb6fad63fb6fad6
3fb6febb3fb6febb
3fb702a03fb702a0
3fb706853fb70685
3fb70a6a3fb70a6a
3fb70e4f3fb70e4f
3fb712343fb71234
3fb716193fb71619
3fb719fe3fb719fe
3fb71de33fb71de3
3fb721c83fb721c8
3fb725ad3fb725ad
3fb729923fb72992
3fb72d773fb72d77
3fb7315c3fb7315c
3fb735413fb73541
3fb739263fb73926
3fb73d0b3fb73d0b
3fb740f03fb740f0
3fb744d53fb744d5
3fb748ba3fb748ba
3fb74c9f3fb74c9f
3fb750843fb75084
3fb754693fb75469
3fb7584e3fb7584e
3fb75c333fb75c33
3fb760183fb76018
3fb763fd3fb763fd
3fb767e23fb767e2
3fb76bc73fb76bc7
3fb76fac3fb76fac
3fb773913fb77391
3fb777763fb77776
3fb77b5b3fb77b5b
3fb77f403fb77f40
3fb783253fb78325
3fb7870a3fb7870a
3fb78aef3fb78aef
3fb78ed43fb78ed4
3fb792b93fb792b9
3fb7969e3fb7969e
3fb79a833fb79a83
3fb79e683fb79e68
3fb7a24d3fb7a24d
3fb7a6323fb7a632
3fb7aa173fb7aa17
3fb7adfc3fb7adfc
3fb7b1e13fb7b1e1
3fb7b5c63fb7b5c6
3fb7b9ab3fb7b9ab
3fb7bd903fb7bd90
3fb7c1753fb7c175
3fb7c55a3fb7c55a
3fb7c93f3fb7c93f
3fb7cd243fb7cd24
3fb7d1093fb7d109
3fb7d4ee3fb7d4ee
3fb7d8d33fb7d8d3
3fb7dcb83fb7dcb8
3fb7e09d3fb7e09d
3fb7e4823fb7e482
3fb7e8673fb7e867
3fb7ec4c3fb7ec4c
3fb7f0313fb7f031
3fb7f4163fb7f416
3fb7f7fb3fb7f7fb
3fb7fbe03fb7fbe0
3fb7ffc53fb7ffc5
3fb803aa3fb803aa
3fb8078f3fb8078f
3fb80b743fb80b74
3fb80f593fb80f59
3fb8133e3fb8133e
3fb817233fb81723
3fb81b083fb81b08
3fb81eed3fb81eed
3fb822d23fb822d2
3fb826b73fb826b7
3fb82a9c3fb82a9c
3fb82e813fb82e81
3fb832663fb83266
3fb8364b3fb8364b
3fb83a303fb83a30
3fb83e153fb83e15
3fb841fa3fb841fa
3fb845df3fb845df
3fb849c43fb849c4
3fb84da93fb84da9
3fb8518e3fb8518e
3fb855733fb85573
3fb859583fb85958
3fb85d3d3fb85d3d
3fb861223fb86122
3fb865073fb86507
3fb868ec3fb868ec
3fb86cd13fb86cd1
3fb870b63fb870b6
3fb8749b3fb8749b
3fb878803fb87880
3fb87c653fb87c65
3fb8804a3fb8804a
3fb8842f3fb8842f
3fb888143fb88814
3fb88bf93fb88bf9
3fb88fde3fb88fde
3fb893c33fb893c3
3fb897a83fb897a8
3fb89b8d3fb89b8d
3fb89f723fb89f72
3fb8a3573fb8a357
3fb8a73c3fb8a73c
3fb8ab213fb8ab21
3fb8af063fb8af06
3fb8b2eb3fb8b2eb
3fb8b6d03fb8b6d0
3fb8bab53fb8bab5
3fb8be9a3fb8be9a
3fb8c27f3fb8c27f
3fb8c6643fb8c664
3fb8ca493fb8ca49
3fb8ce2e3fb8ce2e
3fb8d2133fb8d213
3fb8d5f83fb8d5f8
3fb8d9dd3fb8d9dd
3fb8ddc23fb8ddc2
3fb8e1a73fb8e1a7
3fb8e58c3fb8e58c
3fb8e9713fb8e971
3fb8ed563fb8ed56
3fb8f13b3fb8f13b
3fb8f5203fb8f520
3fb8f9053fb8f905
3fb8fcea3fb8fcea
3fb900cf3fb900cf
3fb904b43fb904b4
3fb908993fb90899
3fb90c7e3fb90c7e
3fb910633fb91063
3fb914483fb91448
3fb9182d3fb9182d
3fb91c123fb91c12
3fb91ff73fb91ff7
3fb923dc3fb923dc
3fb927c13fb927c1
3fb92ba63fb92ba6
3fb92f8b3fb92f8b
3fb933703fb93370
3fb937553fb93755
3fb93b3a3fb93b3a
3fb93f1f3fb93f1f
3fb943043fb94304
3fb946e93fb946e9
3fb94ace3fb94ace
3fb94eb33fb94eb3
3fb952983fb95298
3fb9567d3fb9567d
3fb95a623fb95a62
3fb95e473fb95e47
3fb9622c3fb9622c
3fb966113fb96611
3fb969f63fb969f6
3fb96ddb3fb96ddb
3fb971c03fb971c0
3fb975a53fb975a5
3fb9798a3fb9798a
3fb97d6f3fb97d6f
3fb981543fb98154
3fb985393fb98539
3fb9891e3fb9891e
3fb98d033fb98d03
3fb990e83fb990e8
3fb994cd3fb994cd
3fb998b23fb998b2
3fb99c973fb99c97
3fb9a07c3fb9a07c
3fb9a4613fb9a461
3fb9a8463fb9a846
3fb9ac2b3fb9ac2b
3fb9b0103fb9b010
3fb9b3f53fb9b3f5
3fb9b7da3fb9b7da
3fb9bbbf3fb9bbbf
3fb9bfa43fb9bfa4
3fb9c3893fb9c389
3fb9c76e3fb9c76e
3fb9cb533fb9cb53
3fb9cf383fb9cf38
3fb9d31d3fb9d31d
3fb9d7023fb9d702
3fb9dae73fb9dae7
3fb9decc3fb9decc
3fb9e2b13fb9e2b1
3fb9e6963fb9e696
3fb9ea7b3fb9ea7b
3fb9ee603fb9ee60
3fb9f2453fb9f245
3fb9f62a3fb9f62a
3fb9fa0f3fb9fa0f
3fb9fdf43fb9fdf4
3fba01d93fba01d9
3fba05be3fba05be
3fba09a33fba09a3
3fba0d883fba0d88
3fba116d3fba116d
3fba15523fba1552
3fba19373fba1937
3fba1d1c3fba1d1c
3fba21013fba2101
3fba24e63fba24e6
3fba28cb3fba28cb
3fba2cb03fba2cb0
3fba30953fba3095
3fba347a3fba347a
3fba385f3fba385f
3fba3c443fba3c44
3fba40293fba4029
3fba440e3fba440e
3fba47f33fba47f3
3fba4bd83fba4bd8
3fba4fbd3fba4fbd
3fba53a23fba53a2
3fba57873fba5787
3fba5b6c3fba5b6c
3fba5f513fba5f51
3fba63363fba6336
3fba671b3fba671b
3fba6b003fba6b00
3fba6ee53fba6ee5
3fba72ca3fba72ca
3fba76af3fba76af
3fba7a943fba7a94
3fba7e793fba7e79
3fba825e3fba825e
3fba86433fba8643
3fba8a283fba8a28
3fba8e0d3fba8e0d
3fba91f23fba91f2
3fba95d73fba95d7
3fba99bc3fba99bc
3fba9da13fba9da1
3fbaa1863fbaa186
3fbaa56b3fbaa56b
3fbaa9503fbaa950
3fbaad353fbaad35
3fbab11a3fbab11a
3fbab4ff3fbab4ff
3fbab8e43fbab8e4
3fbabcc93fbabcc9
3fbac0ae3fbac0ae
3fbac4933fbac493
3fbac8783fbac878
3fbacc5d3fbacc5d
3fbad0423fbad042
3fbad4273fbad427
3fbad80c3fbad80c
3fbadbf13fbadbf1
3fbadfd63fbadfd6
3fbae3bb3fbae3bb
3fbae7a03fbae7a0
3fbaeb853fbaeb85
3fbaef6a3fbaef6a
3fbaf34f3fbaf34f
3fbaf7343fbaf734
3fbafb193fbafb19
3fbafefe3fbafefe
3fbb02e33fbb02e3
3fbb06c83fbb06c8
3fbb0aad3fbb0aad
3fbb0e923fbb0e92
3fbb12773fbb1277
3fbb165c3fbb165c
3fbb1a413fbb1a41
3fbb1e263fbb1e26
3fbb220b3fbb220b
3fbb25f03fbb25f0
3fbb29d53fbb29d5
3fbb2dba3fbb2dba
3fbb319f3fbb319f
3fbb35843fbb3584
3fbb39693fbb3969
3fbb3d4e3fbb3d4e
3fbb41333fbb4133
3fbb45183fbb4518
3fbb48fd3fbb48fd
3fbb4ce23fbb4ce2
3fbb50c73fbb50c7
3fbb54ac3fbb54ac
3fbb58913fbb5891
3fbb5c763fbb5c76
3fbb605b3fbb605b
3fbb64403fbb6440
3fbb68253fbb6825
3fbb6c0a3fbb6c0a
3fbb6fef3fbb6fef
3fbb73d43fbb73d4
3fbb77b93fbb77b9
3fbb7b9e3fbb7b9e
3fbb7f833fbb7f83
3fbb83683fbb8368
3fbb874d3fbb874d
3fbb8b323fbb8b32
3fbb8f173fbb8f17
3fbb92fc3fbb92fc
3fbb96e13fbb96e1
3fbb9ac63fbb9ac6
3fbb9eab3fbb9eab
3fbba2903fbba290
3fbba6753fbba675
3fbbaa5a3fbbaa5a
3fbbae3f3fbbae3f
3fbbb2243fbbb224
3fbbb6093fbbb609
3fbbb9ee3fbbb9ee
3fbbbdd33fbbbdd3
3fbbc1b83fbbc1b8
3fbbc59d3fbbc59d
3fbbc9823fbbc982
3fbbcd673fbbcd67
3fbbd14c3fbbd14c
3fbbd5313fbbd531
3fbbd9163fbbd916
3fbbdcfb3fbbdcfb
3fbbe0e03fbbe0e0
3fbbe4c53fbbe4c5
3fbbe8aa3fbbe8aa
3fbbec8f3fbbec8f
3fbbf0743fbbf074
3fbbf4593fbbf459
3fbbf83e3fbbf83e
3fbbfc233fbbfc23
3fbc00083fbc0008
3fbc03ed3fbc03ed
3fbc07d23fbc07d2
3fbc0bb73fbc0bb7
3fbc0f9c3fbc0f9c
3fbc13813fbc1381
3fbc17663fbc1766
3fbc1b4b3fbc1b4b
3fbc1f303fbc1f30
3fbc23153fbc2315
3fbc26fa3fbc26fa
3fbc2adf3fbc2adf
3fbc2ec43fbc2ec4
3fbc32a93fbc32a9
3fbc368e3fbc368e
3fbc3a733fbc3a73
3fbc3e583fbc3e58
3fbc423d3fbc423d
3fbc46223fbc4622
3fbc4a073fbc4a07
3fbc4dec3fbc4dec
3fbc51d13fbc51d1
3fbc55b63fbc55b6
3fbc599b3fbc599b
3fbc5d803fbc5d80
3fbc61653fbc6165
3fbc654a3fbc654a
3fbc692f3fbc692f
3fbc6d143fbc6d14
3fbc70f93fbc70f9
3fbc74de3fbc74de
3fbc78c33fbc78c3
3fbc7ca83fbc7ca8
3fbc808d3fbc808d
3fbc84723fbc8472
3fbc88573fbc8857
3fbc8c3c3fbc8c3c
3fbc90213fbc9021
3fbc94063fbc9406
3fbc97eb3fbc97eb
3fbc9bd03fbc9bd0
3fbc9fb53fbc9fb5
3fbca39a3fbca39a
3fbca77f3fbca77f
3fbcab643fbcab64
3fbcaf493fbcaf49
3fbcb32e3fbcb32e
3fbcb7133fbcb713
3fbcbaf83fbcbaf8
3fbcbedd3fbcbedd
3fbcc2c23fbcc2c2
3fbcc6a73fbcc6a7
3fbcca8c3fbcca8c
3fbcce713fbcce71
3fbcd2563fbcd256
3fbcd63b3fbcd63b
3fbcda203fbcda20
3fbcde053fbcde05
3fbce1ea3fbce1ea
3fbce5cf3fbce5cf
3fbce9b43fbce9b4
3fbced993fbced99
3fbcf17e3fbcf17e
3fbcf5633fbcf563
3fbcf9483fbcf948
3fbcfd2d3fbcfd2d
3fbd01123fbd0112
3fbd04f73fbd04f7
3fbd08dc3fbd08dc
3fbd0cc13fbd0cc1
3fbd10a63fbd10a6
3fbd148b3fbd148b
3fbd18703fbd1870
3fbd1c553fbd1c55
3fbd203a3fbd203a
3fbd241f3fbd241f
3fbd28043fbd2804
3fbd2be93fbd2be9
3fbd2fce3fbd2fce
3fbd33b33fbd33b3
3fbd37983fbd3798
3fbd3b7d3fbd3b7d
3fbd3f623fbd3f62
3fbd43473fbd4347
3fbd472c3fbd472c
3fbd4b113fbd4b11
3fbd4ef63fbd4ef6
3fbd52db3fbd52db
3fbd56c03fbd56c0
3fbd5aa53fbd5aa5
3fbd5e8a3fbd5e8a
3fbd626f3fbd626f
3fbd66543fbd6654
3fbd6a393fbd6a39
3fbd6e1e3fbd6e1e
3fbd72033fbd7203
3fbd75e83fbd75e8
3fbd79cd3fbd79cd
3fbd7db23fbd7db2
3fbd81973fbd8197
3fbd857c3fbd857c
3fbd89613fbd8961
3fbd8d463fbd8d46
3fbd912b3fbd912b
3fbd95103fbd9510
3fbd98f53fbd98f5
3fbd9cda3fbd9cda
3fbda0bf3fbda0bf
3fbda4a43fbda4a4
3fbda8893fbda889
3fbdac6e3fbdac6e
3fbdb0533fbdb053
3fbdb4383fbdb438
3fbdb81d3fbdb81d
3fbdbc023fbdbc02
3fbdbfe73fbdbfe7
3fbdc3cc3fbdc3cc
3fbdc7b13fbdc7b1
3fbdcb963fbdcb96
3fbdcf7b3fbdcf7b
3fbdd3603fbdd360
3fbdd7453fbdd745
3fbddb2a3fbddb2a
3fbddf0f3fbddf0f
3fbde2f43fbde2f4
3fbde6d93fbde6d9
3fbdeabe3fbdeabe
3fbdeea33fbdeea3
3fbdf2883fbdf288
3fbdf66d3fbdf66d
3fbdfa523fbdfa52
3fbdfe373fbdfe37
3fbe021c3fbe021c
3fbe06013fbe0601
3fbe09e63fbe09e6
3fbe0dcb3fbe0dcb
3fbe11b03fbe11b0
3fbe15953fbe1595
3fbe197a3fbe197a
3fbe1d5f3fbe1d5f
3fbe21443fbe2144
3fbe25293fbe2529
3fbe290e3fbe290e
3fbe2cf33fbe2cf3
3fbe30d83fbe30d8
3fbe34bd3fbe34bd
3fbe38a23fbe38a2
3fbe3c873fbe3c87
3fbe406c3fbe406c
3fbe44513fbe4451
3fbe48363fbe4836
3fbe4c1b3fbe4c1b
3fbe50003fbe5000
3fbe53e53fbe53e5
3fbe57ca3fbe57ca
3fbe5baf3fbe5baf
3fbe5f943fbe5f94
3fbe63793fbe6379
3fbe675e3fbe675e
3fbe6b433fbe6b43
3fbe6f283fbe6f28
3fbe730d3fbe730d
3fbe76f23fbe76f2
3fbe7ad73fbe7ad7
3fbe7ebc3fbe7ebc
3fbe82a13fbe82a1
3fbe86863fbe8686
3fbe8a6b3fbe8a6b
3fbe8e503fbe8e50
3fbe92353fbe9235
3fbe961a3fbe961a
3fbe99ff3fbe99ff
3fbe9de43fbe9de4
3fbea1c93fbea1c9
3fbea5ae3fbea5ae
3fbea9933fbea993
3fbead783fbead78
3fbeb15d3fbeb15d
3fbeb5423fbeb542
3fbeb9273fbeb927
3fbebd0c3fbebd0c
3fbec0f13fbec0f1
3fbec4d63fbec4d6
3fbec8bb3fbec8bb
3fbecca03fbecca0
3fbed0853fbed085
3fbed46a3fbed46a
3fbed84f3fbed84f
3fbedc343fbedc34
3fbee0193fbee019
3fbee3fe3fbee3fe
3fbee7e33fbee7e3
3fbeebc83fbeebc8
3fbeefad3fbeefad
3fbef3923fbef392
3fbef7773fbef777
3fbefb5c3fbefb5c
3fbeff413fbeff41
3fbf03263fbf0326
3fbf070b3fbf070b
3fbf0af03fbf0af0
3fbf0ed53fbf0ed5
3fbf12ba3fbf12ba
3fbf169f3fbf169f
3fbf1a843fbf1a84
3fbf1e693fbf1e69
3fbf224e3fbf224e
3fbf26333fbf2633
3fbf2a183fbf2a18
3fbf2dfd3fbf2dfd
3fbf31e23fbf31e2
3fbf35c73fbf35c7
3fbf39ac3fbf39ac
3fbf3d913fbf3d91
3fbf41763fbf4176
3fbf455b3fbf455b
3fbf49403fbf4940
3fbf4d253fbf4d25
3fbf510a3fbf510a
3fbf54ef3fbf54ef
3fbf58d43fbf58d4
3fbf5cb93fbf5cb9
3fbf609e3fbf609e
3fbf64833fbf6483
3fbf68683fbf6868
3fbf6c4d3fbf6c4d
3fbf70323fbf7032
3fbf74173fbf7417
3fbf77fc3fbf77fc
3fbf7be13fbf7be1
3fbf7fc63fbf7fc6
3fbf83ab3fbf83ab
3fbf87903fbf8790
3fbf8b753fbf8b75
3fbf8f5a3fbf8f5a
3fbf933f3fbf933f
3fbf97243fbf9724
3fbf9b093fbf9b09
3fbf9eee3fbf9eee
3fbfa2d33fbfa2d3
3fbfa6b83fbfa6b8
3fbfaa9d3fbfaa9d
3fbfae823fbfae82
3fbfb2673fbfb267
3fbfb64c3fbfb64c
3fbfba313fbfba31
3fbfbe163fbfbe16
3fbfc1fb3fbfc1fb
3fbfc5e03fbfc5e0
3fbfc9c53fbfc9c5
3fbfcdaa3fbfcdaa
3fbfd18f3fbfd18f
3fbfd5743fbfd574
3fbfd9593fbfd959
3fbfdd3e3fbfdd3e
3fbfe1233fbfe123
3fbfe5083fbfe508
3fbfe8ed3fbfe8ed
3fbfecd23fbfecd2
3fbff0b73fbff0b7
3fbff49c3fbff49c
3fbff8813fbff881
3fbffc663fbffc66
3fc0004b3fc0004b
3fc004303fc00430
3fc008153fc00815
3fc00bfa3fc00bfa
3fc00fdf3fc00fdf
3fc013c43fc013c4
3fc017a93fc017a9
3fc01b8e3fc01b8e
3fc01f733fc01f73
3fc023583fc02358
3fc0273d3fc0273d
3fc02b223fc02b22
3fc02f073fc02f07
3fc032ec3fc032ec
3fc036d13fc036d1
3fc03ab63fc03ab6
3fc03e9b3fc03e9b
3fc042803fc04280
3fc046653fc04665
3fc04a4a3fc04a4a
3fc04e2f3fc04e2f
3fc052143fc05214
3fc055f93fc055f9
3fc059de3fc059de
3fc05dc33fc05dc3
3fc061a83fc061a8
3fc0658d3fc0658d
3fc069723fc06972
3fc06d573fc06d57
3fc0713c3fc0713c
3fc075213fc07521
3fc079063fc07906
3fc07ceb3fc07ceb
3fc080d03fc080d0
3fc084b53fc084b5
3fc0889a3fc0889a
3fc08c7f3fc08c7f
3fc090643fc09064
3fc094493fc09449
3fc0982e3fc0982e
3fc09c133fc09c13
3fc09ff83fc09ff8
3fc0a3dd3fc0a3dd
3fc0a7c23fc0a7c2
3fc0aba73fc0aba7
3fc0af8c3fc0af8c
3fc0b3713fc0b371
3fc0b7563fc0b756
3fc0bb3b3fc0bb3b
3fc0bf203fc0bf20
3fc0c3053fc0c305
3fc0c6ea3fc0c6ea
3fc0cacf3fc0cacf
3fc0ceb43fc0ceb4
3fc0d2993fc0d299
3fc0d67e3fc0d67e
3fc0da633fc0da63
3fc0de483fc0de48
3fc0e22d3fc0e22d
3fc0e6123fc0e612
3fc0e9f73fc0e9f7
3fc0eddc3fc0eddc
3fc0f1c13fc0f1c1
3fc0f5a63fc0f5a6
3fc0f98b3fc0f98b
3fc0fd703fc0fd70
3fc101553fc10155
3fc1053a3fc1053a
3fc1091f3fc1091f
3fc10d043fc10d04
3fc110e93fc110e9
3fc114ce3fc114ce
3fc118b33fc118b3
3fc11c983fc11c98
3fc1207d3fc1207d
3fc124623fc12462
3fc128473fc12847
3fc12c2c3fc12c2c
3fc130113fc13011
3fc133f63fc133f6
3fc137db3fc137db
3fc13bc03fc13bc0
3fc13fa53fc13fa5
3fc1438a3fc1438a
3fc1476f3fc1476f
3fc14b543fc14b54
3fc14f393fc14f39
3fc1531e3fc1531e
3fc157033fc15703
3fc15ae83fc15ae8
3fc15ecd3fc15ecd
3fc162b23fc162b2
3fc166973fc16697
3fc16a7c3fc16a7c
3fc16e613fc16e61
3fc172463fc17246
3fc1762b3fc1762b
3fc17a103fc17a10
3fc17df53fc17df5
3fc181da3fc181da
3fc185bf3fc185bf
3fc189a43fc189a4
3fc18d893fc18d89
3fc1916e3fc1916e
3fc195533fc19553
3fc199383fc19938
3fc19d1d3fc19d1d
3fc1a1023fc1a102
3fc1a4e73fc1a4e7
3fc1a8cc3fc1a8cc
3fc1acb13fc1acb1
3fc1b0963fc1b096
3fc1b47b3fc1b47b
3fc1b8603fc1b860
3fc1bc453fc1bc45
3fc1c02a3fc1c02a
3fc1c40f3fc1c40f
3fc1c7f43fc1c7f4
3fc1cbd93fc1cbd9
3fc1cfbe3fc1cfbe
3fc1d3a33fc1d3a3
3fc1d7883fc1d788
3fc1db6d3fc1db6d
3fc1df523fc1df52
3fc1e3373fc1e337
3fc1e71c3fc1e71c
3fc1eb013fc1eb01
3fc1eee63fc1eee6
3fc1f2cb3fc1f2cb
3fc1f6b03fc1f6b0
3fc1fa953fc1fa95
3fc1fe7a3fc1fe7a
3fc2025f3fc2025f
3fc206443fc20644
3fc20a293fc20a29
3fc20e0e3fc20e0e
3fc211f33fc211f3
3fc215d83fc215d8
3fc219bd3fc219bd
3fc21da23fc21da2
3fc221873fc22187
3fc2256c3fc2256c
3fc229513fc22951
3fc22d363fc22d36
3fc2311b3fc2311b
3fc235003fc23500
3fc238e53fc238e5
3fc23cca3fc23cca
3fc240af3fc240af
3fc244943fc24494
3fc248793fc24879
3fc24c5e3fc24c5e
3fc250433fc25043
3fc254283fc25428
3fc2580d3fc2580d
3fc25bf23fc25bf2
3fc25fd73fc25fd7
3fc263bc3fc263bc
3fc267a13fc267a1
3fc26b863fc26b86
3fc26f6b3fc26f6b
3fc273503fc27350
3fc277353fc27735
3fc27b1a3fc27b1a
3fc27eff3fc27eff
3fc282e43fc282e4
3fc286c93fc286c9
3fc28aae3fc28aae
3fc28e933fc28e93
3fc292783fc29278
3fc2965d3fc2965d
3fc29a423fc29a42
3fc29e273fc29e27
3fc2a20c3fc2a20c
3fc2a5f13fc2a5f1
3fc2a9d63fc2a9d6
3fc2adbb3fc2adbb
3fc2b1a03fc2b1a0
3fc2b5853fc2b585
3fc2b96a3fc2b96a
3fc2bd4f3fc2bd4f
3fc2c1343fc2c134
3fc2c5193fc2c519
3fc2c8fe3fc2c8fe
3fc2cce33fc2cce3
3fc2d0c83fc2d0c8
3fc2d4ad3fc2d4ad
3fc2d8923fc2d892
3fc2dc773fc2dc77
3fc2e05c3fc2e05c
3fc2e4413fc2e441
3fc2e8263fc2e826
3fc2ec0b3fc2ec0b
3fc2eff03fc2eff0
3fc2f3d53fc2f3d5
3fc2f7ba3fc2f7ba
3fc2fb9f3fc2fb9f
3fc2ff843fc2ff84
3fc303693fc30369
3fc3074e3fc3074e
3fc30b333fc30b33
3fc30f183fc30f18
3fc312fd3fc312fd
3fc316e23fc316e2
3fc31ac73fc31ac7
3fc31eac3fc31eac
3fc322913fc32291
3fc326763fc32676
3fc32a5b3fc32a5b
3fc32e403fc32e40
3fc332253fc33225
3fc3360a3fc3360a
3fc339ef3fc339ef
3fc33dd43fc33dd4
3fc341b93fc341b9
3fc3459e3fc3459e
3fc349833fc34983
3fc34d683fc34d68
3fc3514d3fc3514d
3fc355323fc35532
3fc359173fc35917
3fc35cfc3fc35cfc
3fc360e13fc360e1
3fc364c63fc364c6
3fc368ab3fc368ab
3fc36c903fc36c90
3fc370753fc37075
3fc3745a3fc3745a
3fc3783f3fc3783f
3fc37c243fc37c24
3fc380093fc38009
3fc383ee3fc383ee
3fc387d33fc387d3
3fc38bb83fc38bb8
3fc38f9d3fc38f9d
3fc393823fc39382
3fc397673fc39767
3fc39b4c3fc39b4c
3fc39f313fc39f31
3fc3a3163fc3a316
3fc3a6fb3fc3a6fb
3fc3aae03fc3aae0
3fc3aec53fc3aec5
3fc3b2aa3fc3b2aa
3fc3b68f3fc3b68f
3fc3ba743fc3ba74
3fc3be593fc3be59
3fc3c23e3fc3c23e
3fc3c6233fc3c623
3fc3ca083fc3ca08
3fc3cded3fc3cded
3fc3d1d23fc3d1d2
3fc3d5b73fc3d5b7
3fc3d99c3fc3d99c
3fc3dd813fc3dd81
3fc3e1663fc3e166
3fc3e54b3fc3e54b
3fc3e9303fc3e930
3fc3ed153fc3ed15
3fc3f0fa3fc3f0fa
3fc3f4df3fc3f4df
3fc3f8c43fc3f8c4
3fc3fca93fc3fca9
3fc4008e3fc4008e
3fc404733fc40473
3fc408583fc40858
3fc40c3d3fc40c3d
3fc410223fc41022
3fc414073fc41407
3fc417ec3fc417ec
3fc41bd13fc41bd1
3fc41fb63fc41fb6
3fc4239b3fc4239b
3fc427803fc42780
3fc42b653fc42b65
3fc42f4a3fc42f4a
3fc4332f3fc4332f
3fc437143fc43714
3fc43af93fc43af9
3fc43ede3fc43ede
3fc442c33fc442c3
3fc446a83fc446a8
3fc44a8d3fc44a8d
3fc44e723fc44e72
3fc452573fc45257
3fc4563c3fc4563c
3fc45a213fc45a21
3fc45e063fc45e06
3fc461eb3fc461eb
3fc465d03fc465d0
3fc469b53fc469b5
3fc46d9a3fc46d9a
3fc4717f3fc4717f
3fc475643fc47564
3fc479493fc47949
3fc47d2e3fc47d2e
3fc481133fc48113
3fc484f83fc484f8
3fc488dd3fc488dd
3fc48cc23fc48cc2
3fc490a73fc490a7
3fc4948c3fc4948c
3fc498713fc49871
3fc49c563fc49c56
3fc4a03b3fc4a03b
3fc4a4203fc4a420
3fc4a8053fc4a805
3fc4abea3fc4abea
3fc4afcf3fc4afcf
3fc4b3b43fc4b3b4
3fc4b7993fc4b799
3fc4bb7e3fc4bb7e
3fc4bf633fc4bf63
3fc4c3483fc4c348
3fc4c72d3fc4c72d
3fc4cb123fc4cb12
3fc4cef73fc4cef7
3fc4d2dc3fc4d2dc
3fc4d6c13fc4d6c1
3fc4daa63fc4daa6
3fc4de8b3fc4de8b
3fc4e2703fc4e270
3fc4e6553fc4e655
3fc4ea3a3fc4ea3a
3fc4ee1f3fc4ee1f
3fc4f2043fc4f204
3fc4f5e93fc4f5e9
3fc4f9ce3fc4f9ce
3fc4fdb33fc4fdb3
3fc501983fc50198
3fc5057d3fc5057d
3fc509623fc50962
3fc50d473fc50d47
3fc5112c3fc5112c
3fc515113fc51511
3fc518f63fc518f6
3fc51cdb3fc51cdb
3fc520c03fc520c0
3fc524a53fc524a5
3fc5288a3fc5288a
3fc52c6f3fc52c6f
3fc530543fc53054
3fc534393fc53439
3fc5381e3fc5381e
3fc53c033fc53c03
3fc53fe83fc53fe8
3fc543cd3fc543cd
3fc547b23fc547b2
3fc54b973fc54b97
3fc54f7c3fc54f7c
3fc553613fc55361
3fc557463fc55746
3fc55b2b3fc55b2b
3fc55f103fc55f10
3fc562f53fc562f5
3fc566da3fc566da
3fc56abf3fc56abf
3fc56ea43fc56ea4
3fc572893fc57289
3fc5766e3fc5766e
3fc57a533fc57a53
3fc57e383fc57e38
3fc5821d3fc5821d
3fc586023fc58602
3fc589e73fc589e7
3fc58dcc3fc58dcc
3fc591b13fc591b1
3fc595963fc59596
3fc5997b3fc5997b
3fc59d603fc59d60
3fc5a1453fc5a145
3fc5a52a3fc5a52a
3fc5a90f3fc5a90f
3fc5acf43fc5acf4
3fc5b0d93fc5b0d9
3fc5b4be3fc5b4be
3fc5b8a33fc5b8a3
3fc5bc883fc5bc88
3fc5c06d3fc5c06d
3fc5c4523fc5c452
3fc5c8373fc5c837
3fc5cc1c3fc5cc1c
3fc5d0013fc5d001
3fc5d3e63fc5d3e6
3fc5d7cb3fc5d7cb
3fc5dbb03fc5dbb0
3fc5df953fc5df95
3fc5e37a3fc5e37a
3fc5e75f3fc5e75f
3fc5eb443fc5eb44
3fc5ef293fc5ef29
3fc5f30e3fc5f30e
3fc5f6f33fc5f6f3
3fc5fad83fc5fad8
3fc5febd3fc5febd
3fc602a23fc602a2
3fc606873fc60687
3fc60a6c3fc60a6c
3fc60e513fc60e51
3fc612363fc61236
3fc6161b3fc6161b
3fc61a003fc61a00
3fc61de53fc61de5
3fc621ca3fc621ca
3fc625af3fc625af
3fc629943fc62994
3fc62d793fc62d79
3fc6315e3fc6315e
3fc635433fc63543
3fc639283fc63928
3fc63d0d3fc63d0d
3fc640f23fc640f2
3fc644d73fc644d7
3fc648bc3fc648bc
3fc64ca13fc64ca1
3fc650863fc65086
3fc6546b3fc6546b
3fc658503fc65850
3fc65c353fc65c35
3fc6601a3fc6601a
3fc663ff3fc663ff
3fc667e43fc667e4
3fc66bc93fc66bc9
3fc66fae3fc66fae
3fc673933fc67393
3fc677783fc67778
3fc67b5d3fc67b5d
3fc67f423fc67f42
3fc683273fc68327
3fc6870c3fc6870c
3fc68af13fc68af1
3fc68ed63fc68ed6
3fc692bb3fc692bb
3fc696a03fc696a0
3fc69a853fc69a85
3fc69e6a3fc69e6a
3fc6a24f3fc6a24f
3fc6a6343fc6a634
3fc6aa193fc6aa19
3fc6adfe3fc6adfe
3fc6b1e33fc6b1e3
3fc6b5c83fc6b5c8
3fc6b9ad3fc6b9ad
3fc6bd923fc6bd92
3fc6c1773fc6c177
3fc6c55c3fc6c55c
3fc6c9413fc6c941
3fc6cd263fc6cd26
3fc6d10b3fc6d10b
3fc6d4f03fc6d4f0
3fc6d8d53fc6d8d5
3fc6dcba3fc6dcba
3fc6e09f3fc6e09f
3fc6e4843fc6e484
3fc6e8693fc6e869
3fc6ec4e3fc6ec4e
3fc6f0333fc6f033
3fc6f4183fc6f418
3fc6f7fd3fc6f7fd
3fc6fbe23fc6fbe2
3fc6ffc73fc6ffc7
3fc703ac3fc703ac
3fc707913fc70791
3fc70b763fc70b76
3fc70f5b3fc70f5b
3fc713403fc71340
3fc717253fc71725
3fc71b0a3fc71b0a
3fc71eef3fc71eef
3fc722d43fc722d4
3fc726b93fc726b9
3fc72a9e3fc72a9e
3fc72e833fc72e83
3fc732683fc73268
3fc7364d3fc7364d
3fc73a323fc73a32
3fc73e173fc73e17
3fc741fc3fc741fc
3fc745e13fc745e1
3fc749c63fc749c6
3fc74dab3fc74dab
3fc751903fc75190
3fc755753fc75575
3fc7595a3fc7595a
3fc75d3f3fc75d3f
3fc761243fc76124
3fc765093fc76509
3fc768ee3fc768ee
3fc76cd33fc76cd3
3fc770b83fc770b8
3fc7749d3fc7749d
3fc778823fc77882
3fc77c673fc77c67
3fc7804c3fc7804c
3fc784313fc78431
3fc788163fc78816
3fc78bfb3fc78bfb
3fc78fe03fc78fe0
3fc793c53fc793c5
3fc797aa3fc797aa
3fc79b8f3fc79b8f
3fc79f743fc79f74
3fc7a3593fc7a359
3fc7a73e3fc7a73e
3fc7ab233fc7ab23
3fc7af083fc7af08
3fc7b2ed3fc7b2ed
3fc7b6d23fc7b6d2
3fc7bab73fc7bab7
3fc7be9c3fc7be9c
3fc7c2813fc7c281
3fc7c6663fc7c666
3fc7ca4b3fc7ca4b
3fc7ce303fc7ce30
3fc7d2153fc7d215
3fc7d5fa3fc7d5fa
3fc7d9df3fc7d9df
3fc7ddc43fc7ddc4
3fc7e1a93fc7e1a9
3fc7e58e3fc7e58e
3fc7e9733fc7e973
3fc7ed583fc7ed58
3fc7f13d3fc7f13d
3fc7f5223fc7f522
3fc7f9073fc7f907
3fc7fcec3fc7fcec
3fc800d13fc800d1
3fc804b63fc804b6
3fc8089b3fc8089b
3fc80c803fc80c80
3fc810653fc81065
3fc8144a3fc8144a
3fc8182f3fc8182f
3fc81c143fc81c14
3fc81ff93fc81ff9
3fc823de3fc823de
3fc827c33fc827c3
3fc82ba83fc82ba8
3fc82f8d3fc82f8d
3fc833723fc83372
3fc837573fc83757
3fc83b3c3fc83b3c
3fc83f213fc83f21
3fc843063fc84306
3fc846eb3fc846eb
3fc84ad03fc84ad0
3fc84eb53fc84eb5
3fc8529a3fc8529a
3fc8567f3fc8567f
3fc85a643fc85a64
3fc85e493fc85e49
3fc8622e3fc8622e
3fc866133fc86613
3fc869f83fc869f8
3fc86ddd3fc86ddd
3fc871c23fc871c2
3fc875a73fc875a7
3fc8798c3fc8798c
3fc87d713fc87d71
3fc881563fc88156
3fc8853b3fc8853b
3fc889203fc88920
3fc88d053fc88d05
3fc890ea3fc890ea
3fc894cf3fc894cf
3fc898b43fc898b4
3fc89c993fc89c99
3fc8a07e3fc8a07e
3fc8a4633fc8a463
3fc8a8483fc8a848
3fc8ac2d3fc8ac2d
3fc8b0123fc8b012
3fc8b3f73fc8b3f7
3fc8b7dc3fc8b7dc
3fc8bbc13fc8bbc1
3fc8bfa63fc8bfa6
3fc8c38b3fc8c38b
3fc8c7703fc8c770
3fc8cb553fc8cb55
3fc8cf3a3fc8cf3a
3fc8d31f3fc8d31f
3fc8d7043fc8d704
3fc8dae93fc8dae9
3fc8dece3fc8dece
3fc8e2b33fc8e2b3
3fc8e6983fc8e698
3fc8ea7d3fc8ea7d
3fc8ee623fc8ee62
3fc8f2473fc8f247
3fc8f62c3fc8f62c
3fc8fa113fc8fa11
3fc8fdf63fc8fdf6
3fc901db3fc901db
3fc905c03fc905c0
3fc909a53fc909a5
3fc90d8a3fc90d8a
3fc9116f3fc9116f
3fc915543fc91554
3fc919393fc91939
3fc91d1e3fc91d1e
3fc921033fc92103
3fc924e83fc924e8
3fc928cd3fc928cd
3fc92cb23fc92cb2
3fc930973fc93097
3fc9347c3fc9347c
3fc938613fc93861
3fc93c463fc93c46
3fc9402b3fc9402b
3fc944103fc94410
3fc947f53fc947f5
3fc94bda3fc94bda
3fc94fbf3fc94fbf
3fc953a43fc953a4
3fc957893fc95789
3fc95b6e3fc95b6e
3fc95f533fc95f53
3fc963383fc96338
3fc9671d3fc9671d
3fc96b023fc96b02
3fc96ee73fc96ee7
3fc972cc3fc972cc
3fc976b13fc976b1
3fc97a963fc97a96
3fc97e7b3fc97e7b
3fc982603fc98260
3fc986453fc98645
3fc98a2a3fc98a2a
3fc98e0f3fc98e0f
3fc991f43fc991f4
3fc995d93fc995d9
3fc999be3fc999be
3fc99da33fc99da3
3fc9a1883fc9a188
3fc9a56d3fc9a56d
3fc9a9523fc9a952
3fc9ad373fc9ad37
3fc9b11c3fc9b11c
3fc9b5013fc9b501
3fc9b8e63fc9b8e6
3fc9bccb3fc9bccb
3fc9c0b03fc9c0b0
3fc9c4953fc9c495
3fc9c87a3fc9c87a
3fc9cc5f3fc9cc5f
3fc9d0443fc9d044
3fc9d4293fc9d429
3fc9d80e3fc9d80e
3fc9dbf33fc9dbf3
3fc9dfd83fc9dfd8
3fc9e3bd3fc9e3bd
3fc9e7a23fc9e7a2
3fc9eb873fc9eb87
3fc9ef6c3fc9ef6c
3fc9f3513fc9f351
3fc9f7363fc9f736
3fc9fb1b3fc9fb1b
3fc9ff003fc9ff00
3fca02e53fca02e5
3fca06ca3fca06ca
3fca0aaf3fca0aaf
3fca0e943fca0e94
3fca12793fca1279
3fca165e3fca165e
3fca1a433fca1a43
3fca1e283fca1e28
3fca220d3fca220d
3fca25f23fca25f2
3fca29d73fca29d7
3fca2dbc3fca2dbc
3fca31a13fca31a1
3fca35863fca3586
3fca396b3fca396b
3fca3d503fca3d50
3fca41353fca4135
3fca451a3fca451a
3fca48ff3fca48ff
3fca4ce43fca4ce4
3fca50c93fca50c9
3fca54ae3fca54ae
3fca58933fca5893
3fca5c783fca5c78
3fca605d3fca605d
3fca64423fca6442
3fca68273fca6827
3fca6c0c3fca6c0c
3fca6ff13fca6ff1
3fca73d63fca73d6
3fca77bb3fca77bb
3fca7ba03fca7ba0
3fca7f853fca7f85
3fca836a3fca836a
3fca874f3fca874f
3fca8b343fca8b34
3fca8f193fca8f19
3fca92fe3fca92fe
3fca96e33fca96e3
3fca9ac83fca9ac8
3fca9ead3fca9ead
3fcaa2923fcaa292
3fcaa6773fcaa677
3fcaaa5c3fcaaa5c
3fcaae413fcaae41
3fcab2263fcab226
3fcab60b3fcab60b
3fcab9f03fcab9f0
3fcabdd53fcabdd5
3fcac1ba3fcac1ba
3fcac59f3fcac59f
3fcac9843fcac984
3fcacd693fcacd69
3fcad14e3fcad14e
3fcad5333fcad533
3fcad9183fcad918
3fcadcfd3fcadcfd
3fcae0e23fcae0e2
3fcae4c73fcae4c7
3fcae8ac3fcae8ac
3fcaec913fcaec91
3fcaf0763fcaf076
3fcaf45b3fcaf45b
3fcaf8403fcaf840
3fcafc253fcafc25
3fcb000a3fcb000a
3fcb03ef3fcb03ef
3fcb07d43fcb07d4
3fcb0bb93fcb0bb9
3fcb0f9e3fcb0f9e
3fcb13833fcb1383
3fcb17683fcb1768
3fcb1b4d3fcb1b4d
3fcb1f323fcb1f32
3fcb23173fcb2317
3fcb26fc3fcb26fc
3fcb2ae13fcb2ae1
3fcb2ec63fcb2ec6
3fcb32ab3fcb32ab
3fcb36903fcb3690
3fcb3a753fcb3a75
3fcb3e5a3fcb3e5a
3fcb423f3fcb423f
3fcb46243fcb4624
3fcb4a093fcb4a09
3fcb4dee3fcb4dee
3fcb51d33fcb51d3
3fcb55b83fcb55b8
3fcb599d3fcb599d
3fcb5d823fcb5d82
3fcb61673fcb6167
3fcb654c3fcb654c
3fcb69313fcb6931
3fcb6d163fcb6d16
3fcb70fb3fcb70fb
3fcb74e03fcb74e0
3fcb78c53fcb78c5
3fcb7caa3fcb7caa
3fcb808f3fcb808f
3fcb84743fcb8474
3fcb88593fcb8859
3fcb8c3e3fcb8c3e
3fcb90233fcb9023
3fcb94083fcb9408
3fcb97ed3fcb97ed
3fcb9bd23fcb9bd2
3fcb9fb73fcb9fb7
3fcba39c3fcba39c
3fcba7813fcba781
3fcbab663fcbab66
3fcbaf4b3fcbaf4b
3fcbb3303fcbb330
3fcbb7153fcbb715
3fcbbafa3fcbbafa
3fcbbedf3fcbbedf
3fcbc2c43fcbc2c4
3fcbc6a93fcbc6a9
3fcbca8e3fcbca8e
3fcbce733fcbce73
3fcbd2583fcbd258
3fcbd63d3fcbd63d
3fcbda223fcbda22
3fcbde073fcbde07
3fcbe1ec3fcbe1ec
3fcbe5d13fcbe5d1
3fcbe9b63fcbe9b6
3fcbed9b3fcbed9b
3fcbf1803fcbf180
3fcbf5653fcbf565
3fcbf94a3fcbf94a
3fcbfd2f3fcbfd2f
3fcc01143fcc0114
3fcc04f93fcc04f9
3fcc08de3fcc08de
3fcc0cc33fcc0cc3
3fcc10a83fcc10a8
3fcc148d3fcc148d
3fcc18723fcc1872
3fcc1c573fcc1c57
3fcc203c3fcc203c
3fcc24213fcc2421
3fcc28063fcc2806
3fcc2beb3fcc2beb
3fcc2fd03fcc2fd0
3fcc33b53fcc33b5
3fcc379a3fcc379a
3fcc3b7f3fcc3b7f
3fcc3f643fcc3f64
3fcc43493fcc4349
3fcc472e3fcc472e
3fcc4b133fcc4b13
3fcc4ef83fcc4ef8
3fcc52dd3fcc52dd
3fcc56c23fcc56c2
3fcc5aa73fcc5aa7
3fcc5e8c3fcc5e8c
3fcc62713fcc6271
3fcc66563fcc6656
3fcc6a3b3fcc6a3b
3fcc6e203fcc6e20
3fcc72053fcc7205
3fcc75ea3fcc75ea
3fcc79cf3fcc79cf
3fcc7db43fcc7db4
3fcc81993fcc8199
3fcc857e3fcc857e
3fcc89633fcc8963
3fcc8d483fcc8d48
3fcc912d3fcc912d
3fcc95123fcc9512
3fcc98f73fcc98f7
3fcc9cdc3fcc9cdc
3fcca0c13fcca0c1
3fcca4a63fcca4a6
3fcca88b3fcca88b
3fccac703fccac70
3fccb0553fccb055
3fccb43a3fccb43a
3fccb81f3fccb81f
3fccbc043fccbc04
3fccbfe93fccbfe9
3fccc3ce3fccc3ce
3fccc7b33fccc7b3
3fcccb983fcccb98
3fcccf7d3fcccf7d
3fccd3623fccd362
3fccd7473fccd747
3fccdb2c3fccdb2c
3fccdf113fccdf11
3fcce2f63fcce2f6
3fcce6db3fcce6db
3fcceac03fcceac0
3fcceea53fcceea5
3fccf28a3fccf28a
3fccf66f3fccf66f
3fccfa543fccfa54
3fccfe393fccfe39
3fcd021e3fcd021e
3fcd06033fcd0603
3fcd09e83fcd09e8
3fcd0dcd3fcd0dcd
3fcd11b23fcd11b2
3fcd15973fcd1597
3fcd197c3fcd197c
3fcd1d613fcd1d61
3fcd21463fcd2146
3fcd252b3fcd252b
3fcd29103fcd2910
3fcd2cf53fcd2cf5
3fcd30da3fcd30da
3fcd34bf3fcd34bf
3fcd38a43fcd38a4
3fcd3c893fcd3c89
3fcd406e3fcd406e
3fcd44533fcd4453
3fcd48383fcd4838
3fcd4c1d3fcd4c1d
3fcd50023fcd5002
3fcd53e73fcd53e7
3fcd57cc3fcd57cc
3fcd5bb13fcd5bb1
3fcd5f963fcd5f96
3fcd637b3fcd637b
3fcd67603fcd6760
3fcd6b453fcd6b45
3fcd6f2a3fcd6f2a
3fcd730f3fcd730f
3fcd76f43fcd76f4
3fcd7ad93fcd7ad9
3fcd7ebe3fcd7ebe
3fcd82a33fcd82a3
3fcd86883fcd8688
3fcd8a6d3fcd8a6d
3fcd8e523fcd8e52
3fcd92373fcd9237
3fcd961c3fcd961c
3fcd9a013fcd9a01
3fcd9de63fcd9de6
3fcda1cb3fcda1cb
3fcda5b03fcda5b0
3fcda9953fcda995
3fcdad7a3fcdad7a
3fcdb15f3fcdb15f
3fcdb5443fcdb544
3fcdb9293fcdb929
3fcdbd0e3fcdbd0e
3fcdc0f33fcdc0f3
3fcdc4d83fcdc4d8
3fcdc8bd3fcdc8bd
3fcdcca23fcdcca2
3fcdd0873fcdd087
3fcdd46c3fcdd46c
3fcdd8513fcdd851
3fcddc363fcddc36
3fcde01b3fcde01b
3fcde4003fcde400
3fcde7e53fcde7e5
3fcdebca3fcdebca
3fcdefaf3fcdefaf
3fcdf3943fcdf394
3fcdf7793fcdf779
3fcdfb5e3fcdfb5e
3fcdff433fcdff43
3fce03283fce0328
3fce070d3fce070d
3fce0af23fce0af2
3fce0ed73fce0ed7
3fce12bc3fce12bc
3fce16a13fce16a1
3fce1a863fce1a86
3fce1e6b3fce1e6b
3fce22503fce2250
3fce26353fce2635
3fce2a1a3fce2a1a
3fce2dff3fce2dff
3fce31e43fce31e4
3fce35c93fce35c9
3fce39ae3fce39ae
3fce3d933fce3d93
3fce41783fce4178
3fce455d3fce455d
3fce49423fce4942
3fce4d273fce4d27
3fce510c3fce510c
3fce54f13fce54f1
3fce58d63fce58d6
3fce5cbb3fce5cbb
3fce60a03fce60a0
3fce64853fce6485
3fce686a3fce686a
3fce6c4f3fce6c4f
3fce70343fce7034
3fce74193fce7419
3fce77fe3fce77fe
3fce7be33fce7be3
3fce7fc83fce7fc8
3fce83ad3fce83ad
3fce87923fce8792
3fce8b773fce8b77
3fce8f5c3fce8f5c
3fce93413fce9341
3fce97263fce9726
3fce9b0b3fce9b0b
3fce9ef03fce9ef0
3fcea2d53fcea2d5
3fcea6ba3fcea6ba
3fceaa9f3fceaa9f
3fceae843fceae84
3fceb2693fceb269
3fceb64e3fceb64e
3fceba333fceba33
3fcebe183fcebe18
3fcec1fd3fcec1fd
3fcec5e23fcec5e2
3fcec9c73fcec9c7
3fcecdac3fcecdac
3fced1913fced191
3fced5763fced576
3fced95b3fced95b
3fcedd403fcedd40
3fcee1253fcee125
3fcee50a3fcee50a
3fcee8ef3fcee8ef
3fceecd43fceecd4
3fcef0b93fcef0b9
3fcef49e3fcef49e
3fcef8833fcef883
3fcefc683fcefc68
3fcf004d3fcf004d
3fcf04323fcf0432
3fcf08173fcf0817
3fcf0bfc3fcf0bfc
3fcf0fe13fcf0fe1
3fcf13c63fcf13c6
3fcf17ab3fcf17ab
3fcf1b903fcf1b90
3fcf1f753fcf1f75
3fcf235a3fcf235a
3fcf273f3fcf273f
3fcf2b243fcf2b24
3fcf2f093fcf2f09
3fcf32ee3fcf32ee
3fcf36d33fcf36d3
3fcf3ab83fcf3ab8
3fcf3e9d3fcf3e9d
3fcf42823fcf4282
3fcf46673fcf4667
3fcf4a4c3fcf4a4c
3fcf4e313fcf4e31
3fcf52163fcf5216
3fcf55fb3fcf55fb
3fcf59e03fcf59e0
3fcf5dc53fcf5dc5
3fcf61aa3fcf61aa
3fcf658f3fcf658f
3fcf69743fcf6974
3fcf6d593fcf6d59
3fcf713e3fcf713e
3fcf75233fcf7523
3fcf79083fcf7908
3fcf7ced3fcf7ced
3fcf80d23fcf80d2
3fcf84b73fcf84b7
3fcf889c3fcf889c
3fcf8c813fcf8c81
3fcf90663fcf9066
3fcf944b3fcf944b
3fcf98303fcf9830
3fcf9c153fcf9c15
3fcf9ffa3fcf9ffa
3fcfa3df3fcfa3df
3fcfa7c43fcfa7c4
3fcfaba93fcfaba9
3fcfaf8e3fcfaf8e
3fcfb3733fcfb373
3fcfb7583fcfb758
3fcfbb3d3fcfbb3d
3fcfbf223fcfbf22
3fcfc3073fcfc307
3fcfc6ec3fcfc6ec
3fcfcad13fcfcad1
3fcfceb63fcfceb6
3fcfd29b3fcfd29b
3fcfd6803fcfd680
3fcfda653fcfda65
3fcfde4a3fcfde4a
3fcfe22f3fcfe22f
3fcfe6143fcfe614
3fcfe9f93fcfe9f9
3fcfedde3fcfedde
3fcff1c33fcff1c3
3fcff5a83fcff5a8
3fcff98d3fcff98d
3fcffd723fcffd72
3fd001573fd00157
3fd0053c3fd0053c
3fd009213fd00921
3fd00d063fd00d06
3fd010eb3fd010eb
3fd014d03fd014d0
3fd018b53fd018b5
3fd01c9a3fd01c9a
3fd0207f3fd0207f
3fd024643fd02464
3fd028493fd02849
3fd02c2e3fd02c2e
3fd030133fd03013
3fd033f83fd033f8
3fd037dd3fd037dd
3fd03bc23fd03bc2
3fd03fa73fd03fa7
3fd0438c3fd0438c
3fd047713fd04771
3fd04b563fd04b56
3fd04f3b3fd04f3b
3fd053203fd05320
3fd057053fd05705
3fd05aea3fd05aea
3fd05ecf3fd05ecf
3fd062b43fd062b4
3fd066993fd06699
3fd06a7e3fd06a7e
3fd06e633fd06e63
3fd072483fd07248
3fd0762d3fd0762d
3fd07a123fd07a12
3fd07df73fd07df7
3fd081dc3fd081dc
3fd085c13fd085c1
3fd089a63fd089a6
3fd08d8b3fd08d8b
3fd091703fd09170
3fd095553fd09555
3fd0993a3fd0993a
3fd09d1f3fd09d1f
3fd0a1043fd0a104
3fd0a4e93fd0a4e9
3fd0a8ce3fd0a8ce
3fd0acb33fd0acb3
3fd0b0983fd0b098
3fd0b47d3fd0b47d
3fd0b8623fd0b862
3fd0bc473fd0bc47
3fd0c02c3fd0c02c
3fd0c4113fd0c411
3fd0c7f63fd0c7f6
3fd0cbdb3fd0cbdb
3fd0cfc03fd0cfc0
3fd0d3a53fd0d3a5
3fd0d78a3fd0d78a
3fd0db6f3fd0db6f
3fd0df543fd0df54
3fd0e3393fd0e339
3fd0e71e3fd0e71e
3fd0eb033fd0eb03
3fd0eee83fd0eee8
3fd0f2cd3fd0f2cd
3fd0f6b23fd0f6b2
3fd0fa973fd0fa97
3fd0fe7c3fd0fe7c
3fd102613fd10261
3fd106463fd10646
3fd10a2b3fd10a2b
3fd10e103fd10e10
3fd111f53fd111f5
3fd115da3fd115da
3fd119bf3fd119bf
3fd11da43fd11da4
3fd121893fd12189
3fd1256e3fd1256e
3fd129533fd12953
3fd12d383fd12d38
3fd1311d3fd1311d
3fd135023fd13502
3fd138e73fd138e7
3fd13ccc3fd13ccc
3fd140b13fd140b1
3fd144963fd14496
3fd1487b3fd1487b
3fd14c603fd14c60
3fd150453fd15045
3fd1542a3fd1542a
3fd1580f3fd1580f
3fd15bf43fd15bf4
3fd15fd93fd15fd9
3fd163be3fd163be
3fd167a33fd167a3
3fd16b883fd16b88
3fd16f6d3fd16f6d
3fd173523fd17352
3fd177373fd17737
3fd17b1c3fd17b1c
3fd17f013fd17f01
3fd182e63fd182e6
3fd186cb3fd186cb
3fd18ab03fd18ab0
3fd18e953fd18e95
3fd1927a3fd1927a
3fd1965f3fd1965f
3fd19a443fd19a44
3fd19e293fd19e29
3fd1a20e3fd1a20e
3fd1a5f33fd1a5f3
3fd1a9d83fd1a9d8
3fd1adbd3fd1adbd
3fd1b1a23fd1b1a2
3fd1b5873fd1b587
3fd1b96c3fd1b96c
3fd1bd513fd1bd51
3fd1c1363fd1c136
3fd1c51b3fd1c51b
3fd1c9003fd1c900
3fd1cce53fd1cce5
3fd1d0ca3fd1d0ca
3fd1d4af3fd1d4af
3fd1d8943fd1d894
3fd1dc793fd1dc79
3fd1e05e3fd1e05e
3fd1e4433fd1e443
3fd1e8283fd1e828
3fd1ec0d3fd1ec0d
3fd1eff23fd1eff2
3fd1f3d73fd1f3d7
3fd1f7bc3fd1f7bc
3fd1fba13fd1fba1
3fd1ff863fd1ff86
3fd2036b3fd2036b
3fd207503fd20750
3fd20b353fd20b35
3fd20f1a3fd20f1a
3fd212ff3fd212ff
3fd216e43fd216e4
3fd21ac93fd21ac9
3fd21eae3fd21eae
3fd222933fd22293
3fd226783fd22678
3fd22a5d3fd22a5d
3fd22e423fd22e42
3fd232273fd23227
3fd2360c3fd2360c
3fd239f13fd239f1
3fd23dd63fd23dd6
3fd241bb3fd241bb
3fd245a03fd245a0
3fd249853fd24985
3fd24d6a3fd24d6a
3fd2514f3fd2514f
3fd255343fd25534
3fd259193fd25919
3fd25cfe3fd25cfe
3fd260e33fd260e3
3fd264c83fd264c8
3fd268ad3fd268ad
3fd26c923fd26c92
3fd270773fd27077
3fd2745c3fd2745c
3fd278413fd27841
3fd27c263fd27c26
3fd2800b3fd2800b
3fd283f03fd283f0
3fd287d53fd287d5
3fd28bba3fd28bba
3fd28f9f3fd28f9f
3fd293843fd29384
3fd297693fd29769
3fd29b4e3fd29b4e
3fd29f333fd29f33
3fd2a3183fd2a318
3fd2a6fd3fd2a6fd
3fd2aae23fd2aae2
3fd2aec73fd2aec7
3fd2b2ac3fd2b2ac
3fd2b6913fd2b691
3fd2ba763fd2ba76
3fd2be5b3fd2be5b
3fd2c2403fd2c240
3fd2c6253fd2c625
3fd2ca0a3fd2ca0a
3fd2cdef3fd2cdef
3fd2d1d43fd2d1d4
3fd2d5b93fd2d5b9
3fd2d99e3fd2d99e
3fd2dd833fd2dd83
3fd2e1683fd2e168
3fd2e54d3fd2e54d
3fd2e9323fd2e932
3fd2ed173fd2ed17
3fd2f0fc3fd2f0fc
3fd2f4e13fd2f4e1
3fd2f8c63fd2f8c6
3fd2fcab3fd2fcab
3fd300903fd30090
3fd304753fd30475
3fd3085a3fd3085a
3fd30c3f3fd30c3f
3fd310243fd31024
3fd314093fd31409
3fd317ee3fd317ee
3fd31bd33fd31bd3
3fd31fb83fd31fb8
3fd3239d3fd3239d
3fd327823fd32782
3fd32b673fd32b67
3fd32f4c3fd32f4c
3fd333313fd33331
3fd337163fd33716
3fd33afb3fd33afb
3fd33ee03fd33ee0
3fd342c53fd342c5
3fd346aa3fd346aa
3fd34a8f3fd34a8f
3fd34e743fd34e74
3fd352593fd35259
3fd3563e3fd3563e
3fd35a233fd35a23
3fd35e083fd35e08
3fd361ed3fd361ed
3fd365d23fd365d2
3fd369b73fd369b7
3fd36d9c3fd36d9c
3fd371813fd37181
3fd375663fd37566
3fd3794b3fd3794b
3fd37d303fd37d30
3fd381153fd38115
3fd384fa3fd384fa
3fd388df3fd388df
3fd38cc43fd38cc4
3fd390a93fd390a9
3fd3948e3fd3948e
3fd398733fd39873
3fd39c583fd39c58
3fd3a03d3fd3a03d
3fd3a4223fd3a422
3fd3a8073fd3a807
3fd3abec3fd3abec
3fd3afd13fd3afd1
3fd3b3b63fd3b3b6
3fd3b79b3fd3b79b
3fd3bb803fd3bb80
3fd3bf653fd3bf65
3fd3c34a3fd3c34a
3fd3c72f3fd3c72f
3fd3cb143fd3cb14
3fd3cef93fd3cef9
3fd3d2de3fd3d2de
3fd3d6c33fd3d6c3
3fd3daa83fd3daa8
3fd3de8d3fd3de8d
3fd3e2723fd3e272
3fd3e6573fd3e657
3fd3ea3c3fd3ea3c
3fd3ee213fd3ee21
3fd3f2063fd3f206
3fd3f5eb3fd3f5eb
3fd3f9d03fd3f9d0
3fd3fdb53fd3fdb5
3fd4019a3fd4019a
3fd4057f3fd4057f
3fd409643fd40964
3fd40d493fd40d49
3fd4112e3fd4112e
3fd415133fd41513
3fd418f83fd418f8
3fd41cdd3fd41cdd
3fd420c23fd420c2
3fd424a73fd424a7
3fd4288c3fd4288c
3fd42c713fd42c71
3fd430563fd43056
3fd4343b3fd4343b
3fd438203fd43820
3fd43c053fd43c05
3fd43fea3fd43fea
3fd443cf3fd443cf
3fd447b43fd447b4
3fd44b993fd44b99
3fd44f7e3fd44f7e
3fd453633fd45363
3fd457483fd45748
3fd45b2d3fd45b2d
3fd45f123fd45f12
3fd462f73fd462f7
3fd466dc3fd466dc
3fd46ac13fd46ac1
3fd46ea63fd46ea6
3fd4728b3fd4728b
3fd476703fd47670
3fd47a553fd47a55
3fd47e3a3fd47e3a
3fd4821f3fd4821f
3fd486043fd48604
3fd489e93fd489e9
3fd48dce3fd48dce
3fd491b33fd491b3
3fd495983fd49598
3fd4997d3fd4997d
3fd49d623fd49d62
3fd4a1473fd4a147
3fd4a52c3fd4a52c
3fd4a9113fd4a911
3fd4acf63fd4acf6
3fd4b0db3fd4b0db
3fd4b4c03fd4b4c0
3fd4b8a53fd4b8a5
3fd4bc8a3fd4bc8a
3fd4c06f3fd4c06f
3fd4c4543fd4c454
3fd4c8393fd4c839
3fd4cc1e3fd4cc1e
3fd4d0033fd4d003
3fd4d3e83fd4d3e8
3fd4d7cd3fd4d7cd
3fd4dbb23fd4dbb2
3fd4df973fd4df97
3fd4e37c3fd4e37c
3fd4e7613fd4e761
3fd4eb463fd4eb46
3fd4ef2b3fd4ef2b
3fd4f3103fd4f310
3fd4f6f53fd4f6f5
3fd4fada3fd4fada
3fd4febf3fd4febf
3fd502a43fd502a4
3fd506893fd50689
3fd50a6e3fd50a6e
3fd50e533fd50e53
3fd512383fd51238
3fd5161d3fd5161d
3fd51a023fd51a02
3fd51de73fd51de7
3fd521cc3fd521cc
3fd525b13fd525b1
3fd529963fd52996
3fd52d7b3fd52d7b
3fd531603fd53160
3fd535453fd53545
3fd5392a3fd5392a
3fd53d0f3fd53d0f
3fd540f43fd540f4
3fd544d93fd544d9
3fd548be3fd548be
3fd54ca33fd54ca3
3fd550883fd55088
3fd5546d3fd5546d
3fd558523fd55852
3fd55c373fd55c37
3fd5601c3fd5601c
3fd564013fd56401
3fd567e63fd567e6
3fd56bcb3fd56bcb
3fd56fb03fd56fb0
3fd573953fd57395
3fd5777a3fd5777a
3fd57b5f3fd57b5f
3fd57f443fd57f44
3fd583293fd58329
3fd5870e3fd5870e
3fd58af33fd58af3
3fd58ed83fd58ed8
3fd592bd3fd592bd
3fd596a23fd596a2
3fd59a873fd59a87
3fd59e6c3fd59e6c
3fd5a2513fd5a251
3fd5a6363fd5a636
3fd5aa1b3fd5aa1b
3fd5ae003fd5ae00
3fd5b1e53fd5b1e5
3fd5b5ca3fd5b5ca
3fd5b9af3fd5b9af
3fd5bd943fd5bd94
3fd5c1793fd5c179
3fd5c55e3fd5c55e
3fd5c9433fd5c943
3fd5cd283fd5cd28
3fd5d10d3fd5d10d
3fd5d4f23fd5d4f2
3fd5d8d73fd5d8d7
3fd5dcbc3fd5dcbc
3fd5e0a13fd5e0a1
3fd5e4863fd5e486
3fd5e86b3fd5e86b
3fd5ec503fd5ec50
3fd5f0353fd5f035
3fd5f41a3fd5f41a
3fd5f7ff3fd5f7ff
3fd5fbe43fd5fbe4
3fd5ffc93fd5ffc9
3fd603ae3fd603ae
3fd607933fd60793
3fd60b783fd60b78
3fd60f5d3fd60f5d
3fd613423fd61342
3fd617273fd61727
3fd61b0c3fd61b0c
3fd61ef13fd61ef1
3fd622d63fd622d6
3fd626bb3fd626bb
3fd62aa03fd62aa0
3fd62e853fd62e85
3fd6326a3fd6326a
3fd6364f3fd6364f
3fd63a343fd63a34
3fd63e193fd63e19
3fd641fe3fd641fe
3fd645e33fd645e3
3fd649c83fd649c8
3fd64dad3fd64dad
3fd651923fd65192
3fd655773fd65577
3fd6595c3fd6595c
3fd65d413fd65d41
3fd661263fd66126
3fd6650b3fd6650b
3fd668f03fd668f0
3fd66cd53fd66cd5
3fd670ba3fd670ba
3fd6749f3fd6749f
3fd678843fd67884
3fd67c693fd67c69
3fd6804e3fd6804e
3fd684333fd68433
3fd688183fd68818
3fd68bfd3fd68bfd
3fd68fe23fd68fe2
3fd693c73fd693c7
3fd697ac3fd697ac
3fd69b913fd69b91
3fd69f763fd69f76
3fd6a35b3fd6a35b
3fd6a7403fd6a740
3fd6ab253fd6ab25
3fd6af0a3fd6af0a
3fd6b2ef3fd6b2ef
3fd6b6d43fd6b6d4
3fd6bab93fd6bab9
3fd6be9e3fd6be9e
3fd6c2833fd6c283
3fd6c6683fd6c668
3fd6ca4d3fd6ca4d
3fd6ce323fd6ce32
3fd6d2173fd6d217
3fd6d5fc3fd6d5fc
3fd6d9e13fd6d9e1
3fd6ddc63fd6ddc6
3fd6e1ab3fd6e1ab
3fd6e5903fd6e590
3fd6e9753fd6e975
3fd6ed5a3fd6ed5a
3fd6f13f3fd6f13f
3fd6f5243fd6f524
3fd6f9093fd6f909
3fd6fcee3fd6fcee
3fd700d33fd700d3
3fd704b83fd704b8
3fd7089d3fd7089d
3fd70c823fd70c82
3fd710673fd71067
3fd7144c3fd7144c
3fd718313fd71831
3fd71c163fd71c16
3fd71ffb3fd71ffb
3fd723e03fd723e0
3fd727c53fd727c5
3fd72baa3fd72baa
3fd72f8f3fd72f8f
3fd733743fd73374
3fd737593fd73759
3fd73b3e3fd73b3e
3fd73f233fd73f23
3fd743083fd74308
3fd746ed3fd746ed
3fd74ad23fd74ad2
3fd74eb73fd74eb7
3fd7529c3fd7529c
3fd756813fd75681
3fd75a663fd75a66
3fd75e4b3fd75e4b
3fd762303fd76230
3fd766153fd76615
3fd769fa3fd769fa
3fd76ddf3fd76ddf
3fd771c43fd771c4
3fd775a93fd775a9
3fd7798e3fd7798e
3fd77d733fd77d73
3fd781583fd78158
3fd7853d3fd7853d
3fd789223fd78922
3fd78d073fd78d07
3fd790ec3fd790ec
3fd794d13fd794d1
3fd798b63fd798b6
3fd79c9b3fd79c9b
3fd7a0803fd7a080
3fd7a4653fd7a465
3fd7a84a3fd7a84a
3fd7ac2f3fd7ac2f
3fd7b0143fd7b014
3fd7b3f93fd7b3f9
3fd7b7de3fd7b7de
3fd7bbc33fd7bbc3
3fd7bfa83fd7bfa8
3fd7c38d3fd7c38d
3fd7c7723fd7c772
3fd7cb573fd7cb57
3fd7cf3c3fd7cf3c
3fd7d3213fd7d321
3fd7d7063fd7d706
3fd7daeb3fd7daeb
3fd7ded03fd7ded0
3fd7e2b53fd7e2b5
3fd7e69a3fd7e69a
3fd7ea7f3fd7ea7f
3fd7ee643fd7ee64
3fd7f2493fd7f249
3fd7f62e3fd7f62e
3fd7fa133fd7fa13
3fd7fdf83fd7fdf8
3fd801dd3fd801dd
3fd805c23fd805c2
3fd809a73fd809a7
3fd80d8c3fd80d8c
3fd811713fd81171
3fd815563fd81556
3fd8193b3fd8193b
3fd81d203fd81d20
3fd821053fd82105
3fd824ea3fd824ea
3fd828cf3fd828cf
3fd82cb43fd82cb4
3fd830993fd83099
3fd8347e3fd8347e
3fd838633fd83863
3fd83c483fd83c48
3fd8402d3fd8402d
3fd844123fd84412
3fd847f73fd847f7
3fd84bdc3fd84bdc
3fd84fc13fd84fc1
3fd853a63fd853a6
3fd8578b3fd8578b
3fd85b703fd85b70
3fd85f553fd85f55
3fd8633a3fd8633a
3fd8671f3fd8671f
3fd86b043fd86b04
3fd86ee93fd86ee9
3fd872ce3fd872ce
3fd876b33fd876b3
3fd87a983fd87a98
3fd87e7d3fd87e7d
3fd882623fd88262
3fd886473fd88647
3fd88a2c3fd88a2c
3fd88e113fd88e11
3fd891f63fd891f6
3fd895db3fd895db
3fd899c03fd899c0
3fd89da53fd89da5
3fd8a18a3fd8a18a
3fd8a56f3fd8a56f
3fd8a9543fd8a954
3fd8ad393fd8ad39
3fd8b11e3fd8b11e
3fd8b5033fd8b503
3fd8b8e83fd8b8e8
3fd8bccd3fd8bccd
3fd8c0b23fd8c0b2
3fd8c4973fd8c497
3fd8c87c3fd8c87c
3fd8cc613fd8cc61
3fd8d0463fd8d046
3fd8d42b3fd8d42b
3fd8d8103fd8d810
3fd8dbf53fd8dbf5
3fd8dfda3fd8dfda
3fd8e3bf3fd8e3bf
3fd8e7a43fd8e7a4
3fd8eb893fd8eb89
3fd8ef6e3fd8ef6e
3fd8f3533fd8f353
3fd8f7383fd8f738
3fd8fb1d3fd8fb1d
3fd8ff023fd8ff02
3fd902e73fd902e7
3fd906cc3fd906cc
3fd90ab13fd90ab1
3fd90e963fd90e96
3fd9127b3fd9127b
3fd916603fd91660
3fd91a453fd91a45
3fd91e2a3fd91e2a
3fd9220f3fd9220f
3fd925f43fd925f4
3fd929d93fd929d9
3fd92dbe3fd92dbe
3fd931a33fd931a3
3fd935883fd93588
3fd9396d3fd9396d
3fd93d523fd93d52
3fd941373fd94137
3fd9451c3fd9451c
3fd949013fd94901
3fd94ce63fd94ce6
3fd950cb3fd950cb
3fd954b03fd954b0
3fd958953fd95895
3fd95c7a3fd95c7a
3fd9605f3fd9605f
3fd964443fd96444
3fd968293fd96829
3fd96c0e3fd96c0e
3fd96ff33fd96ff3
3fd973d83fd973d8
3fd977bd3fd977bd
3fd97ba23fd97ba2
3fd97f873fd97f87
3fd9836c3fd9836c
3fd987513fd98751
3fd98b363fd98b36
3fd98f1b3fd98f1b
3fd993003fd99300
3fd996e53fd996e5
3fd99aca3fd99aca
3fd99eaf3fd99eaf
3fd9a2943fd9a294
3fd9a6793fd9a679
3fd9aa5e3fd9aa5e
3fd9ae433fd9ae43
3fd9b2283fd9b228
3fd9b60d3fd9b60d
3fd9b9f23fd9b9f2
3fd9bdd73fd9bdd7
3fd9c1bc3fd9c1bc
3fd9c5a13fd9c5a1
3fd9c9863fd9c986
3fd9cd6b3fd9cd6b
3fd9d1503fd9d150
3fd9d5353fd9d535
3fd9d91a3fd9d91a
3fd9dcff3fd9dcff
3fd9e0e43fd9e0e4
3fd9e4c93fd9e4c9
3fd9e8ae3fd9e8ae
3fd9ec933fd9ec93
3fd9f0783fd9f078
3fd9f45d3fd9f45d
3fd9f8423fd9f842
3fd9fc273fd9fc27
3fda000c3fda000c
3fda03f13fda03f1
3fda07d63fda07d6
3fda0bbb3fda0bbb
3fda0fa03fda0fa0
3fda13853fda1385
3fda176a3fda176a
3fda1b4f3fda1b4f
3fda1f343fda1f34
3fda23193fda2319
3fda26fe3fda26fe
3fda2ae33fda2ae3
3fda2ec83fda2ec8
3fda32ad3fda32ad
3fda36923fda3692
3fda3a773fda3a77
3fda3e5c3fda3e5c
3fda42413fda4241
3fda46263fda4626
3fda4a0b3fda4a0b
3fda4df03fda4df0
3fda51d53fda51d5
3fda55ba3fda55ba
3fda599f3fda599f
3fda5d843fda5d84
3fda61693fda6169
3fda654e3fda654e
3fda69333fda6933
3fda6d183fda6d18
3fda70fd3fda70fd
3fda74e23fda74e2
3fda78c73fda78c7
3fda7cac3fda7cac
3fda80913fda8091
3fda84763fda8476
3fda885b3fda885b
3fda8c403fda8c40
3fda90253fda9025
3fda940a3fda940a
3fda97ef3fda97ef
3fda9bd43fda9bd4
3fda9fb93fda9fb9
3fdaa39e3fdaa39e
3fdaa7833fdaa783
3fdaab683fdaab68
3fdaaf4d3fdaaf4d
3fdab3323fdab332
3fdab7173fdab717
3fdabafc3fdabafc
3fdabee13fdabee1
3fdac2c63fdac2c6
3fdac6ab3fdac6ab
3fdaca903fdaca90
3fdace753fdace75
3fdad25a3fdad25a
3fdad63f3fdad63f
3fdada243fdada24
3fdade093fdade09
3fdae1ee3fdae1ee
3fdae5d33fdae5d3
3fdae9b83fdae9b8
3fdaed9d3fdaed9d
3fdaf1823fdaf182
3fdaf5673fdaf567
3fdaf94c3fdaf94c
3fdafd313fdafd31
3fdb01163fdb0116
3fdb04fb3fdb04fb
3fdb08e03fdb08e0
3fdb0cc53fdb0cc5
3fdb10aa3fdb10aa
3fdb148f3fdb148f
3fdb18743fdb1874
3fdb1c593fdb1c59
3fdb203e3fdb203e
3fdb24233fdb2423
3fdb28083fdb2808
3fdb2bed3fdb2bed
3fdb2fd23fdb2fd2
3fdb33b73fdb33b7
3fdb379c3fdb379c
3fdb3b813fdb3b81
3fdb3f663fdb3f66
3fdb434b3fdb434b
3fdb47303fdb4730
3fdb4b153fdb4b15
3fdb4efa3fdb4efa
3fdb52df3fdb52df
3fdb56c43fdb56c4
3fdb5aa93fdb5aa9
3fdb5e8e3fdb5e8e
3fdb62733fdb6273
3fdb66583fdb6658
3fdb6a3d3fdb6a3d
3fdb6e223fdb6e22
3fdb72073fdb7207
3fdb75ec3fdb75ec
3fdb79d13fdb79d1
3fdb7db63fdb7db6
3fdb819b3fdb819b
3fdb85803fdb8580
3fdb89653fdb8965
3fdb8d4a3fdb8d4a
3fdb912f3fdb912f
3fdb95143fdb9514
3fdb98f93fdb98f9
3fdb9cde3fdb9cde
3fdba0c33fdba0c3
3fdba4a83fdba4a8
3fdba88d3fdba88d
3fdbac723fdbac72
3fdbb0573fdbb057
3fdbb43c3fdbb43c
3fdbb8213fdbb821
3fdbbc063fdbbc06
3fdbbfeb3fdbbfeb
3fdbc3d03fdbc3d0
3fdbc7b53fdbc7b5
3fdbcb9a3fdbcb9a
3fdbcf7f3fdbcf7f
3fdbd3643fdbd364
3fdbd7493fdbd749
3fdbdb2e3fdbdb2e
3fdbdf133fdbdf13
3fdbe2f83fdbe2f8
3fdbe6dd3fdbe6dd
3fdbeac23fdbeac2
3fdbeea73fdbeea7
3fdbf28c3fdbf28c
3fdbf6713fdbf671
3fdbfa563fdbfa56
3fdbfe3b3fdbfe3b
3fdc02203fdc0220
3fdc06053fdc0605
3fdc09ea3fdc09ea
3fdc0dcf3fdc0dcf
3fdc11b43fdc11b4
3fdc15993fdc1599
3fdc197e3fdc197e
3fdc1d633fdc1d63
3fdc21483fdc2148
3fdc252d3fdc252d
3fdc29123fdc2912
3fdc2cf73fdc2cf7
3fdc30dc3fdc30dc
3fdc34c13fdc34c1
3fdc38a63fdc38a6
3fdc3c8b3fdc3c8b
3fdc40703fdc4070
3fdc44553fdc4455
3fdc483a3fdc483a
3fdc4c1f3fdc4c1f
3fdc50043fdc5004
3fdc53e93fdc53e9
3fdc57ce3fdc57ce
3fdc5bb33fdc5bb3
3fdc5f983fdc5f98
3fdc637d3fdc637d
3fdc67623fdc6762
3fdc6b473fdc6b47
3fdc6f2c3fdc6f2c
3fdc73113fdc7311
3fdc76f63fdc76f6
3fdc7adb3fdc7adb
3fdc7ec03fdc7ec0
3fdc82a53fdc82a5
3fdc868a3fdc868a
3fdc8a6f3fdc8a6f
3fdc8e543fdc8e54
3fdc92393fdc9239
3fdc961e3fdc961e
3fdc9a033fdc9a03
3fdc9de83fdc9de8
3fdca1cd3fdca1cd
3fdca5b23fdca5b2
3fdca9973fdca997
3fdcad7c3fdcad7c
3fdcb1613fdcb161
3fdcb5463fdcb546
3fdcb92b3fdcb92b
3fdcbd103fdcbd10
3fdcc0f53fdcc0f5
3fdcc4da3fdcc4da
3fdcc8bf3fdcc8bf
3fdccca43fdccca4
3fdcd0893fdcd089
3fdcd46e3fdcd46e
3fdcd8533fdcd853
3fdcdc383fdcdc38
3fdce01d3fdce01d
3fdce4023fdce402
3fdce7e73fdce7e7
3fdcebcc3fdcebcc
3fdcefb13fdcefb1
3fdcf3963fdcf396
3fdcf77b3fdcf77b
3fdcfb603fdcfb60
3fdcff453fdcff45
3fdd032a3fdd032a
3fdd070f3fdd070f
3fdd0af43fdd0af4
3fdd0ed93fdd0ed9
3fdd12be3fdd12be
3fdd16a33fdd16a3
3fdd1a883fdd1a88
3fdd1e6d3fdd1e6d
3fdd22523fdd2252
3fdd26373fdd2637
3fdd2a1c3fdd2a1c
3fdd2e013fdd2e01
3fdd31e63fdd31e6
3fdd35cb3fdd35cb
3fdd39b03fdd39b0
3fdd3d953fdd3d95
3fdd417a3fdd417a
3fdd455f3fdd455f
3fdd49443fdd4944
3fdd4d293fdd4d29
3fdd510e3fdd510e
3fdd54f33fdd54f3
3fdd58d83fdd58d8
3fdd5cbd3fdd5cbd
3fdd60a23fdd60a2
3fdd64873fdd6487
3fdd686c3fdd686c
3fdd6c513fdd6c51
3fdd70363fdd7036
3fdd741b3fdd741b
3fdd78003fdd7800
3fdd7be53fdd7be5
3fdd7fca3fdd7fca
3fdd83af3fdd83af
3fdd87943fdd8794
3fdd8b793fdd8b79
3fdd8f5e3fdd8f5e
3fdd93433fdd9343
3fdd97283fdd9728
3fdd9b0d3fdd9b0d
3fdd9ef23fdd9ef2
3fdda2d73fdda2d7
3fdda6bc3fdda6bc
3fddaaa13fddaaa1
3fddae863fddae86
3fddb26b3fddb26b
3fddb6503fddb650
3fddba353fddba35
3fddbe1a3fddbe1a
3fddc1ff3fddc1ff
3fddc5e43fddc5e4
3fddc9c93fddc9c9
3fddcdae3fddcdae
3fddd1933fddd193
3fddd5783fddd578
3fddd95d3fddd95d
3fdddd423fdddd42
3fdde1273fdde127
3fdde50c3fdde50c
3fdde8f13fdde8f1
3fddecd63fddecd6
3fddf0bb3fddf0bb
3fddf4a03fddf4a0
3fddf8853fddf885
3fddfc6a3fddfc6a
3fde004f3fde004f
3fde04343fde0434
3fde08193fde0819
3fde0bfe3fde0bfe
3fde0fe33fde0fe3
3fde13c83fde13c8
3fde17ad3fde17ad
3fde1b923fde1b92
3fde1f773fde1f77
3fde235c3fde235c
3fde27413fde2741
3fde2b263fde2b26
3fde2f0b3fde2f0b
3fde32f03fde32f0
3fde36d53fde36d5
3fde3aba3fde3aba
3fde3e9f3fde3e9f
3fde42843fde4284
3fde46693fde4669
3fde4a4e3fde4a4e
3fde4e333fde4e33
3fde52183fde5218
3fde55fd3fde55fd
3fde59e23fde59e2
3fde5dc73fde5dc7
3fde61ac3fde61ac
3fde65913fde6591
3fde69763fde6976
3fde6d5b3fde6d5b
3fde71403fde7140
3fde75253fde7525
3fde790a3fde790a
3fde7cef3fde7cef
3fde80d43fde80d4
3fde84b93fde84b9
3fde889e3fde889e
3fde8c833fde8c83
3fde90683fde9068
3fde944d3fde944d
3fde98323fde9832
3fde9c173fde9c17
3fde9ffc3fde9ffc
3fdea3e13fdea3e1
3fdea7c63fdea7c6
3fdeabab3fdeabab
3fdeaf903fdeaf90
3fdeb3753fdeb375
3fdeb75a3fdeb75a
3fdebb3f3fdebb3f
3fdebf243fdebf24
3fdec3093fdec309
3fdec6ee3fdec6ee
3fdecad33fdecad3
3fdeceb83fdeceb8
3fded29d3fded29d
3fded6823fded682
3fdeda673fdeda67
3fdede4c3fdede4c
3fdee2313fdee231
3fdee6163fdee616
3fdee9fb3fdee9fb
3fdeede03fdeede0
3fdef1c53fdef1c5
3fdef5aa3fdef5aa
3fdef98f3fdef98f
3fdefd743fdefd74
3fdf01593fdf0159
3fdf053e3fdf053e
3fdf09233fdf0923
3fdf0d083fdf0d08
3fdf10ed3fdf10ed
3fdf14d23fdf14d2
3fdf18b73fdf18b7
3fdf1c9c3fdf1c9c
3fdf20813fdf2081
3fdf24663fdf2466
3fdf284b3fdf284b
3fdf2c303fdf2c30
3fdf30153fdf3015
3fdf33fa3fdf33fa
3fdf37df3fdf37df
3fdf3bc43fdf3bc4
3fdf3fa93fdf3fa9
3fdf438e3fdf438e
3fdf47733fdf4773
3fdf4b583fdf4b58
3fdf4f3d3fdf4f3d
3fdf53223fdf5322
3fdf57073fdf5707
3fdf5aec3fdf5aec
3fdf5ed13fdf5ed1
3fdf62b63fdf62b6
3fdf669b3fdf669b
3fdf6a803fdf6a80
3fdf6e653fdf6e65
3fdf724a3fdf724a
3fdf762f3fdf762f
3fdf7a143fdf7a14
3fdf7df93fdf7df9
3fdf81de3fdf81de
3fdf85c33fdf85c3
3fdf89a83fdf89a8
3fdf8d8d3fdf8d8d
3fdf91723fdf9172
3fdf95573fdf9557
3fdf993c3fdf993c
3fdf9d213fdf9d21
3fdfa1063fdfa106
3fdfa4eb3fdfa4eb
3fdfa8d03fdfa8d0
3fdfacb53fdfacb5
3fdfb09a3fdfb09a
3fdfb47f3fdfb47f
3fdfb8643fdfb864
3fdfbc493fdfbc49
3fdfc02e3fdfc02e
3fdfc4133fdfc413
3fdfc7f83fdfc7f8
3fdfcbdd3fdfcbdd
3fdfcfc23fdfcfc2
3fdfd3a73fdfd3a7
3fdfd78c3fdfd78c
3fdfdb713fdfdb71
3fdfdf563fdfdf56
3fdfe33b3fdfe33b
3fdfe7203fdfe720
3fdfeb053fdfeb05
3fdfeeea3fdfeeea
3fdff2cf3fdff2cf
3fdff6b43fdff6b4
3fdffa993fdffa99
3fdffe7e3fdffe7e
3fe002633fe00263
3fe006483fe00648
3fe00a2d3fe00a2d
3fe00e123fe00e12
3fe011f73fe011f7
3fe015dc3fe015dc
3fe019c13fe019c1
3fe01da63fe01da6
3fe0218b3fe0218b
3fe025703fe02570
3fe029553fe02955
3fe02d3a3fe02d3a
3fe0311f3fe0311f
3fe035043fe03504
3fe038e93fe038e9
3fe03cce3fe03cce
3fe040b33fe040b3
3fe044983fe04498
3fe0487d3fe0487d
3fe04c623fe04c62
3fe050473fe05047
3fe0542c3fe0542c
3fe058113fe05811
3fe05bf63fe05bf6
3fe05fdb3fe05fdb
3fe063c03fe063c0
3fe067a53fe067a5
3fe06b8a3fe06b8a
3fe06f6f3fe06f6f
3fe073543fe07354
3fe077393fe07739
3fe07b1e3fe07b1e
3fe07f033fe07f03
3fe082e83fe082e8
3fe086cd3fe086cd
3fe08ab23fe08ab2
3fe08e973fe08e97
3fe0927c3fe0927c
3fe096613fe09661
3fe09a463fe09a46
3fe09e2b3fe09e2b
3fe0a2103fe0a210
3fe0a5f53fe0a5f5
3fe0a9da3fe0a9da
3fe0adbf3fe0adbf
3fe0b1a43fe0b1a4
3fe0b5893fe0b589
3fe0b96e3fe0b96e
3fe0bd533fe0bd53
3fe0c1383fe0c138
3fe0c51d3fe0c51d
3fe0c9023fe0c902
3fe0cce73fe0cce7
3fe0d0cc3fe0d0cc
3fe0d4b13fe0d4b1
3fe0d8963fe0d896
3fe0dc7b3fe0dc7b
3fe0e0603fe0e060
3fe0e4453fe0e445
3fe0e82a3fe0e82a
3fe0ec0f3fe0ec0f
3fe0eff43fe0eff4
3fe0f3d93fe0f3d9
3fe0f7be3fe0f7be
3fe0fba33fe0fba3
3fe0ff883fe0ff88
3fe1036d3fe1036d
3fe107523fe10752
3fe10b373fe10b37
3fe10f1c3fe10f1c
3fe113013fe11301
3fe116e63fe116e6
3fe11acb3fe11acb
3fe11eb03fe11eb0
3fe122953fe12295
3fe1267a3fe1267a
3fe12a5f3fe12a5f
3fe12e443fe12e44
3fe132293fe13229
3fe1360e3fe1360e
3fe139f33fe139f3
3fe13dd83fe13dd8
3fe141bd3fe141bd
3fe145a23fe145a2
3fe149873fe14987
3fe14d6c3fe14d6c
3fe151513fe15151
3fe155363fe15536
3fe1591b3fe1591b
3fe15d003fe15d00
3fe160e53fe160e5
3fe164ca3fe164ca
3fe168af3fe168af
3fe16c943fe16c94
3fe170793fe17079
3fe1745e3fe1745e
3fe178433fe17843
3fe17c283fe17c28
3fe1800d3fe1800d
3fe183f23fe183f2
3fe187d73fe187d7
3fe18bbc3fe18bbc
3fe18fa13fe18fa1
3fe193863fe19386
3fe1976b3fe1976b
3fe19b503fe19b50
3fe19f353fe19f35
3fe1a31a3fe1a31a
3fe1a6ff3fe1a6ff
3fe1aae43fe1aae4
3fe1aec93fe1aec9
3fe1b2ae3fe1b2ae
3fe1b6933fe1b693
3fe1ba783fe1ba78
3fe1be5d3fe1be5d
3fe1c2423fe1c242
3fe1c6273fe1c627
3fe1ca0c3fe1ca0c
3fe1cdf13fe1cdf1
3fe1d1d63fe1d1d6
3fe1d5bb3fe1d5bb
3fe1d9a03fe1d9a0
3fe1dd853fe1dd85
3fe1e16a3fe1e16a
3fe1e54f3fe1e54f
3fe1e9343fe1e934
3fe1ed193fe1ed19
3fe1f0fe3fe1f0fe
3fe1f4e33fe1f4e3
3fe1f8c83fe1f8c8
3fe1fcad3fe1fcad
3fe200923fe20092
3fe204773fe20477
3fe2085c3fe2085c
3fe20c413fe20c41
3fe210263fe21026
3fe2140b3fe2140b
3fe217f03fe217f0
3fe21bd53fe21bd5
3fe21fba3fe21fba
3fe2239f3fe2239f
3fe227843fe22784
3fe22b693fe22b69
3fe22f4e3fe22f4e
3fe233333fe23333
3fe237183fe23718
3fe23afd3fe23afd
3fe23ee23fe23ee2
3fe242c73fe242c7
3fe246ac3fe246ac
3fe24a913fe24a91
3fe24e763fe24e76
3fe2525b3fe2525b
3fe256403fe25640
3fe25a253fe25a25
3fe25e0a3fe25e0a
3fe261ef3fe261ef
3fe265d43fe265d4
3fe269b93fe269b9
3fe26d9e3fe26d9e
3fe271833fe27183
3fe275683fe27568
3fe2794d3fe2794d
3fe27d323fe27d32
3fe281173fe28117
3fe284fc3fe284fc
3fe288e13fe288e1
3fe28cc63fe28cc6
3fe290ab3fe290ab
3fe294903fe29490
3fe298753fe29875
3fe29c5a3fe29c5a
3fe2a03f3fe2a03f
3fe2a4243fe2a424
3fe2a8093fe2a809
3fe2abee3fe2abee
3fe2afd33fe2afd3
3fe2b3b83fe2b3b8
3fe2b79d3fe2b79d
3fe2bb823fe2bb82
3fe2bf673fe2bf67
3fe2c34c3fe2c34c
3fe2c7313fe2c731
3fe2cb163fe2cb16
3fe2cefb3fe2cefb
3fe2d2e03fe2d2e0
3fe2d6c53fe2d6c5
3fe2daaa3fe2daaa
3fe2de8f3fe2de8f
3fe2e2743fe2e274
3fe2e6593fe2e659
3fe2ea3e3fe2ea3e
3fe2ee233fe2ee23
3fe2f2083fe2f208
3fe2f5ed3fe2f5ed
3fe2f9d23fe2f9d2
3fe2fdb73fe2fdb7
3fe3019c3fe3019c
3fe305813fe30581
3fe309663fe30966
3fe30d4b3fe30d4b
3fe311303fe31130
3fe315153fe31515
3fe318fa3fe318fa
3fe31cdf3fe31cdf
3fe320c43fe320c4
3fe324a93fe324a9
3fe3288e3fe3288e
3fe32c733fe32c73
3fe330583fe33058
3fe3343d3fe3343d
3fe338223fe33822
3fe33c073fe33c07
3fe33fec3fe33fec
3fe343d13fe343d1
3fe347b63fe347b6
3fe34b9b3fe34b9b
3fe34f803fe34f80
3fe353653fe35365
3fe3574a3fe3574a
3fe35b2f3fe35b2f
3fe35f143fe35f14
3fe362f93fe362f9
3fe366de3fe366de
3fe36ac33fe36ac3
3fe36ea83fe36ea8
3fe3728d3fe3728d
3fe376723fe37672
3fe37a573fe37a57
3fe37e3c3fe37e3c
3fe382213fe38221
3fe386063fe38606
3fe389eb3fe389eb
3fe38dd03fe38dd0
3fe391b53fe391b5
3fe3959a3fe3959a
3fe3997f3fe3997f
3fe39d643fe39d64
3fe3a1493fe3a149
3fe3a52e3fe3a52e
3fe3a9133fe3a913
3fe3acf83fe3acf8
3fe3b0dd3fe3b0dd
3fe3b4c23fe3b4c2
3fe3b8a73fe3b8a7
3fe3bc8c3fe3bc8c
3fe3c0713fe3c071
3fe3c4563fe3c456
3fe3c83b3fe3c83b
3fe3cc203fe3cc20
3fe3d0053fe3d005
3fe3d3ea3fe3d3ea
3fe3d7cf3fe3d7cf
3fe3dbb43fe3dbb4
3fe3df993fe3df99
3fe3e37e3fe3e37e
3fe3e7633fe3e763
3fe3eb483fe3eb48
3fe3ef2d3fe3ef2d
3fe3f3123fe3f312
3fe3f6f73fe3f6f7
3fe3fadc3fe3fadc
3fe3fec13fe3fec1
3fe402a63fe402a6
3fe4068b3fe4068b
3fe40a703fe40a70
3fe40e553fe40e55
3fe4123a3fe4123a
3fe4161f3fe4161f
3fe41a043fe41a04
3fe41de93fe41de9
3fe421ce3fe421ce
3fe425b33fe425b3
3fe429983fe42998
3fe42d7d3fe42d7d
3fe431623fe43162
3fe435473fe43547
3fe4392c3fe4392c
3fe43d113fe43d11
3fe440f63fe440f6
3fe444db3fe444db
3fe448c03fe448c0
3fe44ca53fe44ca5
3fe4508a3fe4508a
3fe4546f3fe4546f
3fe458543fe45854
3fe45c393fe45c39
3fe4601e3fe4601e
3fe464033fe46403
3fe467e83fe467e8
3fe46bcd3fe46bcd
3fe46fb23fe46fb2
3fe473973fe47397
3fe4777c3fe4777c
3fe47b613fe47b61
3fe47f463fe47f46
3fe4832b3fe4832b
3fe487103fe48710
3fe48af53fe48af5
3fe48eda3fe48eda
3fe492bf3fe492bf
3fe496a43fe496a4
3fe49a893fe49a89
3fe49e6e3fe49e6e
3fe4a2533fe4a253
3fe4a6383fe4a638
3fe4aa1d3fe4aa1d
3fe4ae023fe4ae02
3fe4b1e73fe4b1e7
3fe4b5cc3fe4b5cc
3fe4b9b13fe4b9b1
3fe4bd963fe4bd96
3fe4c17b3fe4c17b
3fe4c5603fe4c560
3fe4c9453fe4c945
3fe4cd2a3fe4cd2a
3fe4d10f3fe4d10f
3fe4d4f43fe4d4f4
3fe4d8d93fe4d8d9
3fe4dcbe3fe4dcbe
3fe4e0a33fe4e0a3
3fe4e4883fe4e488
3fe4e86d3fe4e86d
3fe4ec523fe4ec52
3fe4f0373fe4f037
3fe4f41c3fe4f41c
3fe4f8013fe4f801
3fe4fbe63fe4fbe6
3fe4ffcb3fe4ffcb
3fe503b03fe503b0
3fe507953fe50795
3fe50b7a3fe50b7a
3fe50f5f3fe50f5f
3fe513443fe51344
3fe517293fe51729
3fe51b0e3fe51b0e
3fe51ef33fe51ef3
3fe522d83fe522d8
3fe526bd3fe526bd
3fe52aa23fe52aa2
3fe52e873fe52e87
3fe5326c3fe5326c
3fe536513fe53651
3fe53a363fe53a36
3fe53e1b3fe53e1b
3fe542003fe54200
3fe545e53fe545e5
3fe549ca3fe549ca
3fe54daf3fe54daf
3fe551943fe55194
3fe555793fe55579
3fe5595e3fe5595e
3fe55d433fe55d43
3fe561283fe56128
3fe5650d3fe5650d
3fe568f23fe568f2
3fe56cd73fe56cd7
3fe570bc3fe570bc
3fe574a13fe574a1
3fe578863fe57886
3fe57c6b3fe57c6b
3fe580503fe58050
3fe584353fe58435
3fe5881a3fe5881a
3fe58bff3fe58bff
3fe58fe43fe58fe4
3fe593c93fe593c9
3fe597ae3fe597ae
3fe59b933fe59b93
3fe59f783fe59f78
3fe5a35d3fe5a35d
3fe5a7423fe5a742
3fe5ab273fe5ab27
3fe5af0c3fe5af0c
3fe5b2f13fe5b2f1
3fe5b6d63fe5b6d6
3fe5babb3fe5babb
3fe5bea03fe5bea0
3fe5c2853fe5c285
3fe5c66a3fe5c66a
3fe5ca4f3fe5ca4f
3fe5ce343fe5ce34
3fe5d2193fe5d219
3fe5d5fe3fe5d5fe
3fe5d9e33fe5d9e3
3fe5ddc83fe5ddc8
3fe5e1ad3fe5e1ad
3fe5e5923fe5e592
3fe5e9773fe5e977
3fe5ed5c3fe5ed5c
3fe5f1413fe5f141
3fe5f5263fe5f526
3fe5f90b3fe5f90b
3fe5fcf03fe5fcf0
3fe600d53fe600d5
3fe604ba3fe604ba
3fe6089f3fe6089f
3fe60c843fe60c84
3fe610693fe61069
3fe6144e3fe6144e
3fe618333fe61833
3fe61c183fe61c18
3fe61ffd3fe61ffd
3fe623e23fe623e2
3fe627c73fe627c7
3fe62bac3fe62bac
3fe62f913fe62f91
3fe633763fe63376
3fe6375b3fe6375b
3fe63b403fe63b40
3fe63f253fe63f25
3fe6430a3fe6430a
3fe646ef3fe646ef
3fe64ad43fe64ad4
3fe64eb93fe64eb9
3fe6529e3fe6529e
3fe656833fe65683
3fe65a683fe65a68
3fe65e4d3fe65e4d
3fe662323fe66232
3fe666173fe66617
3fe669fc3fe669fc
3fe66de13fe66de1
3fe671c63fe671c6
3fe675ab3fe675ab
3fe679903fe67990
3fe67d753fe67d75
3fe6815a3fe6815a
3fe6853f3fe6853f
3fe689243fe68924
3fe68d093fe68d09
3fe690ee3fe690ee
3fe694d33fe694d3
3fe698b83fe698b8
3fe69c9d3fe69c9d
3fe6a0823fe6a082
3fe6a4673fe6a467
3fe6a84c3fe6a84c
3fe6ac313fe6ac31
3fe6b0163fe6b016
3fe6b3fb3fe6b3fb
3fe6b7e03fe6b7e0
3fe6bbc53fe6bbc5
3fe6bfaa3fe6bfaa
3fe6c38f3fe6c38f
3fe6c7743fe6c774
3fe6cb593fe6cb59
3fe6cf3e3fe6cf3e
3fe6d3233fe6d323
3fe6d7083fe6d708
3fe6daed3fe6daed
3fe6ded23fe6ded2
3fe6e2b73fe6e2b7
3fe6e69c3fe6e69c
3fe6ea813fe6ea81
3fe6ee663fe6ee66
3fe6f24b3fe6f24b
3fe6f6303fe6f630
3fe6fa153fe6fa15
3fe6fdfa3fe6fdfa
3fe701df3fe701df
3fe705c43fe705c4
3fe709a93fe709a9
3fe70d8e3fe70d8e
3fe711733fe71173
3fe715583fe71558
3fe7193d3fe7193d
3fe71d223fe71d22
3fe721073fe72107
3fe724ec3fe724ec
3fe728d13fe728d1
3fe72cb63fe72cb6
3fe7309b3fe7309b
3fe734803fe73480
3fe738653fe73865
3fe73c4a3fe73c4a
3fe7402f3fe7402f
3fe744143fe74414
3fe747f93fe747f9
3fe74bde3fe74bde
3fe74fc33fe74fc3
3fe753a83fe753a8
3fe7578d3fe7578d
3fe75b723fe75b72
3fe75f573fe75f57
3fe7633c3fe7633c
3fe767213fe76721
3fe76b063fe76b06
3fe76eeb3fe76eeb
3fe772d03fe772d0
3fe776b53fe776b5
3fe77a9a3fe77a9a
3fe77e7f3fe77e7f
3fe782643fe78264
3fe786493fe78649
3fe78a2e3fe78a2e
3fe78e133fe78e13
3fe791f83fe791f8
3fe795dd3fe795dd
3fe799c23fe799c2
3fe79da73fe79da7
3fe7a18c3fe7a18c
3fe7a5713fe7a571
3fe7a9563fe7a956
3fe7ad3b3fe7ad3b
3fe7b1203fe7b120
3fe7b5053fe7b505
3fe7b8ea3fe7b8ea
3fe7bccf3fe7bccf
3fe7c0b43fe7c0b4
3fe7c4993fe7c499
3fe7c87e3fe7c87e
3fe7cc633fe7cc63
3fe7d0483fe7d048
3fe7d42d3fe7d42d
3fe7d8123fe7d812
3fe7dbf73fe7dbf7
3fe7dfdc3fe7dfdc
3fe7e3c13fe7e3c1
3fe7e7a63fe7e7a6
3fe7eb8b3fe7eb8b
3fe7ef703fe7ef70
3fe7f3553fe7f355
3fe7f73a3fe7f73a
3fe7fb1f3fe7fb1f
3fe7ff043fe7ff04
3fe802e93fe802e9
3fe806ce3fe806ce
3fe80ab33fe80ab3
3fe80e983fe80e98
3fe8127d3fe8127d
3fe816623fe81662
3fe81a473fe81a47
3fe81e2c3fe81e2c
3fe822113fe82211
3fe825f63fe825f6
3fe829db3fe829db
3fe82dc03fe82dc0
3fe831a53fe831a5
3fe8358a3fe8358a
3fe8396f3fe8396f
3fe83d543fe83d54
3fe841393fe84139
3fe8451e3fe8451e
3fe849033fe84903
3fe84ce83fe84ce8
3fe850cd3fe850cd
3fe854b23fe854b2
3fe858973fe85897
3fe85c7c3fe85c7c
3fe860613fe86061
3fe864463fe86446
3fe8682b3fe8682b
3fe86c103fe86c10
3fe86ff53fe86ff5
3fe873da3fe873da
3fe877bf3fe877bf
3fe87ba43fe87ba4
3fe87f893fe87f89
3fe8836e3fe8836e
3fe887533fe88753
3fe88b383fe88b38
3fe88f1d3fe88f1d
3fe893023fe89302
3fe896e73fe896e7
3fe89acc3fe89acc
3fe89eb13fe89eb1
3fe8a2963fe8a296
3fe8a67b3fe8a67b
3fe8aa603fe8aa60
3fe8ae453fe8ae45
3fe8b22a3fe8b22a
3fe8b60f3fe8b60f
3fe8b9f43fe8b9f4
3fe8bdd93fe8bdd9
3fe8c1be3fe8c1be
3fe8c5a33fe8c5a3
3fe8c9883fe8c988
3fe8cd6d3fe8cd6d
3fe8d1523fe8d152
3fe8d5373fe8d537
3fe8d91c3fe8d91c
3fe8dd013fe8dd01
3fe8e0e63fe8e0e6
3fe8e4cb3fe8e4cb
3fe8e8b03fe8e8b0
3fe8ec953fe8ec95
3fe8f07a3fe8f07a
3fe8f45f3fe8f45f
3fe8f8443fe8f844
3fe8fc293fe8fc29
3fe9000e3fe9000e
3fe903f33fe903f3
3fe907d83fe907d8
3fe90bbd3fe90bbd
3fe90fa23fe90fa2
3fe913873fe91387
3fe9176c3fe9176c
3fe91b513fe91b51
3fe91f363fe91f36
3fe9231b3fe9231b
3fe927003fe92700
3fe92ae53fe92ae5
3fe92eca3fe92eca
3fe932af3fe932af
3fe936943fe93694
3fe93a793fe93a79
3fe93e5e3fe93e5e
3fe942433fe94243
3fe946283fe94628
3fe94a0d3fe94a0d
3fe94df23fe94df2
3fe951d73fe951d7
3fe955bc3fe955bc
3fe959a13fe959a1
3fe95d863fe95d86
3fe9616b3fe9616b
3fe965503fe96550
3fe969353fe96935
3fe96d1a3fe96d1a
3fe970ff3fe970ff
3fe974e43fe974e4
3fe978c93fe978c9
3fe97cae3fe97cae
3fe980933fe98093
3fe984783fe98478
3fe9885d3fe9885d
3fe98c423fe98c42
3fe990273fe99027
3fe9940c3fe9940c
3fe997f13fe997f1
3fe99bd63fe99bd6
3fe99fbb3fe99fbb
3fe9a3a03fe9a3a0
3fe9a7853fe9a785
3fe9ab6a3fe9ab6a
3fe9af4f3fe9af4f
3fe9b3343fe9b334
3fe9b7193fe9b719
3fe9bafe3fe9bafe
3fe9bee33fe9bee3
3fe9c2c83fe9c2c8
3fe9c6ad3fe9c6ad
3fe9ca923fe9ca92
3fe9ce773fe9ce77
3fe9d25c3fe9d25c
3fe9d6413fe9d641
3fe9da263fe9da26
3fe9de0b3fe9de0b
3fe9e1f03fe9e1f0
3fe9e5d53fe9e5d5
3fe9e9ba3fe9e9ba
3fe9ed9f3fe9ed9f
3fe9f1843fe9f184
3fe9f5693fe9f569
3fe9f94e3fe9f94e
3fe9fd333fe9fd33
3fea01183fea0118
3fea04fd3fea04fd
3fea08e23fea08e2
3fea0cc73fea0cc7
3fea10ac3fea10ac
3fea14913fea1491
3fea18763fea1876
3fea1c5b3fea1c5b
3fea20403fea2040
3fea24253fea2425
3fea280a3fea280a
3fea2bef3fea2bef
3fea2fd43fea2fd4
3fea33b93fea33b9
3fea379e3fea379e
3fea3b833fea3b83
3fea3f683fea3f68
3fea434d3fea434d
3fea47323fea4732
3fea4b173fea4b17
3fea4efc3fea4efc
3fea52e13fea52e1
3fea56c63fea56c6
3fea5aab3fea5aab
3fea5e903fea5e90
3fea62753fea6275
3fea665a3fea665a
3fea6a3f3fea6a3f
3fea6e243fea6e24
3fea72093fea7209
3fea75ee3fea75ee
3fea79d33fea79d3
3fea7db83fea7db8
3fea819d3fea819d
3fea85823fea8582
3fea89673fea8967
3fea8d4c3fea8d4c
3fea91313fea9131
3fea95163fea9516
3fea98fb3fea98fb
3fea9ce03fea9ce0
3feaa0c53feaa0c5
3feaa4aa3feaa4aa
3feaa88f3feaa88f
3feaac743feaac74
3feab0593feab059
3feab43e3feab43e
3feab8233feab823
3feabc083feabc08
3feabfed3feabfed
3feac3d23feac3d2
3feac7b73feac7b7
3feacb9c3feacb9c
3feacf813feacf81
3fead3663fead366
3fead74b3fead74b
3feadb303feadb30
3feadf153feadf15
3feae2fa3feae2fa
3feae6df3feae6df
3feaeac43feaeac4
3feaeea93feaeea9
3feaf28e3feaf28e
3feaf6733feaf673
3feafa583feafa58
3feafe3d3feafe3d
3feb02223feb0222
3feb06073feb0607
3feb09ec3feb09ec
3feb0dd13feb0dd1
3feb11b63feb11b6
3feb159b3feb159b
3feb19803feb1980
3feb1d653feb1d65
3feb214a3feb214a
3feb252f3feb252f
3feb29143feb2914
3feb2cf93feb2cf9
3feb30de3feb30de
3feb34c33feb34c3
3feb38a83feb38a8
3feb3c8d3feb3c8d
3feb40723feb4072
3feb44573feb4457
3feb483c3feb483c
3feb4c213feb4c21
3feb50063feb5006
3feb53eb3feb53eb
3feb57d03feb57d0
3feb5bb53feb5bb5
3feb5f9a3feb5f9a
3feb637f3feb637f
3feb67643feb6764
3feb6b493feb6b49
3feb6f2e3feb6f2e
3feb73133feb7313
3feb76f83feb76f8
3feb7add3feb7add
3feb7ec23feb7ec2
3feb82a73feb82a7
3feb868c3feb868c
3feb8a713feb8a71
3feb8e563feb8e56
3feb923b3feb923b
3feb96203feb9620
3feb9a053feb9a05
3feb9dea3feb9dea
3feba1cf3feba1cf
3feba5b43feba5b4
3feba9993feba999
3febad7e3febad7e
3febb1633febb163
3febb5483febb548
3febb92d3febb92d
3febbd123febbd12
3febc0f73febc0f7
3febc4dc3febc4dc
3febc8c13febc8c1
3febcca63febcca6
3febd08b3febd08b
3febd4703febd470
3febd8553febd855
3febdc3a3febdc3a
3febe01f3febe01f
3febe4043febe404
3febe7e93febe7e9
3febebce3febebce
3febefb33febefb3
3febf3983febf398
3febf77d3febf77d
3febfb623febfb62
3febff473febff47
3fec032c3fec032c
3fec07113fec0711
3fec0af63fec0af6
3fec0edb3fec0edb
3fec12c03fec12c0
3fec16a53fec16a5
3fec1a8a3fec1a8a
3fec1e6f3fec1e6f
3fec22543fec2254
3fec26393fec2639
3fec2a1e3fec2a1e
3fec2e033fec2e03
3fec31e83fec31e8
3fec35cd3fec35cd
3fec39b23fec39b2
3fec3d973fec3d97
3fec417c3fec417c
3fec45613fec4561
3fec49463fec4946
3fec4d2b3fec4d2b
3fec51103fec5110
3fec54f53fec54f5
3fec58da3fec58da
3fec5cbf3fec5cbf
3fec60a43fec60a4
3fec64893fec6489
3fec686e3fec686e
3fec6c533fec6c53
3fec70383fec7038
3fec741d3fec741d
3fec78023fec7802
3fec7be73fec7be7
3fec7fcc3fec7fcc
3fec83b13fec83b1
3fec87963fec8796
3fec8b7b3fec8b7b
3fec8f603fec8f60
3fec93453fec9345
3fec972a3fec972a
3fec9b0f3fec9b0f
3fec9ef43fec9ef4
3feca2d93feca2d9
3feca6be3feca6be
3fecaaa33fecaaa3
3fecae883fecae88
3fecb26d3fecb26d
3fecb6523fecb652
3fecba373fecba37
3fecbe1c3fecbe1c
3fecc2013fecc201
3fecc5e63fecc5e6
3fecc9cb3fecc9cb
3feccdb03feccdb0
3fecd1953fecd195
3fecd57a3fecd57a
3fecd95f3fecd95f
3fecdd443fecdd44
3fece1293fece129
3fece50e3fece50e
3fece8f33fece8f3
3fececd83fececd8
3fecf0bd3fecf0bd
3fecf4a23fecf4a2
3fecf8873fecf887
3fecfc6c3fecfc6c
3fed00513fed0051
3fed04363fed0436
3fed081b3fed081b
3fed0c003fed0c00
3fed0fe53fed0fe5
3fed13ca3fed13ca
3fed17af3fed17af
3fed1b943fed1b94
3fed1f793fed1f79
3fed235e3fed235e
3fed27433fed2743
3fed2b283fed2b28
3fed2f0d3fed2f0d
3fed32f23fed32f2
3fed36d73fed36d7
3fed3abc3fed3abc
3fed3ea13fed3ea1
3fed42863fed4286
3fed466b3fed466b
3fed4a503fed4a50
3fed4e353fed4e35
3fed521a3fed521a
3fed55ff3fed55ff
3fed59e43fed59e4
3fed5dc93fed5dc9
3fed61ae3fed61ae
3fed65933fed6593
3fed69783fed6978
3fed6d5d3fed6d5d
3fed71423fed7142
3fed75273fed7527
3fed790c3fed790c
3fed7cf13fed7cf1
3fed80d63fed80d6
3fed84bb3fed84bb
3fed88a03fed88a0
3fed8c853fed8c85
3fed906a3fed906a
3fed944f3fed944f
3fed98343fed9834
3fed9c193fed9c19
3fed9ffe3fed9ffe
3feda3e33feda3e3
3feda7c83feda7c8
3fedabad3fedabad
3fedaf923fedaf92
3fedb3773fedb377
3fedb75c3fedb75c
3fedbb413fedbb41
3fedbf263fedbf26
3fedc30b3fedc30b
3fedc6f03fedc6f0
3fedcad53fedcad5
3fedceba3fedceba
3fedd29f3fedd29f
3fedd6843fedd684
3fedda693fedda69
3fedde4e3fedde4e
3fede2333fede233
3fede6183fede618
3fede9fd3fede9fd
3fedede23fedede2
3fedf1c73fedf1c7
3fedf5ac3fedf5ac
3fedf9913fedf991
3fedfd763fedfd76
3fee015b3fee015b
3fee05403fee0540
3fee09253fee0925
3fee0d0a3fee0d0a
3fee10ef3fee10ef
3fee14d43fee14d4
3fee18b93fee18b9
3fee1c9e3fee1c9e
3fee20833fee2083
3fee24683fee2468
3fee284d3fee284d
3fee2c323fee2c32
3fee30173fee3017
3fee33fc3fee33fc
3fee37e13fee37e1
3fee3bc63fee3bc6
3fee3fab3fee3fab
3fee43903fee4390
3fee47753fee4775
3fee4b5a3fee4b5a
3fee4f3f3fee4f3f
3fee53243fee5324
3fee57093fee5709
3fee5aee3fee5aee
3fee5ed33fee5ed3
3fee62b83fee62b8
3fee669d3fee669d
3fee6a823fee6a82
3fee6e673fee6e67
3fee724c3fee724c
3fee76313fee7631
3fee7a163fee7a16
3fee7dfb3fee7dfb
3fee81e03fee81e0
3fee85c53fee85c5
3fee89aa3fee89aa
3fee8d8f3fee8d8f
3fee91743fee9174
3fee95593fee9559
3fee993e3fee993e
3fee9d233fee9d23
3feea1083feea108
3feea4ed3feea4ed
3feea8d23feea8d2
3feeacb73feeacb7
3feeb09c3feeb09c
3feeb4813feeb481
3feeb8663feeb866
3feebc4b3feebc4b
3feec0303feec030
3feec4153feec415
3feec7fa3feec7fa
3feecbdf3feecbdf
3feecfc43feecfc4
3feed3a93feed3a9
3feed78e3feed78e
3feedb733feedb73
3feedf583feedf58
3feee33d3feee33d
3feee7223feee722
3feeeb073feeeb07
3feeeeec3feeeeec
3feef2d13feef2d1
3feef6b63feef6b6
3feefa9b3feefa9b
3feefe803feefe80
3fef02653fef0265
3fef064a3fef064a
3fef0a2f3fef0a2f
3fef0e143fef0e14
3fef11f93fef11f9
3fef15de3fef15de
3fef19c33fef19c3
3fef1da83fef1da8
3fef218d3fef218d
3fef25723fef2572
3fef29573fef2957
3fef2d3c3fef2d3c
3fef31213fef3121
3fef35063fef3506
3fef38eb3fef38eb
3fef3cd03fef3cd0
3fef40b53fef40b5
3fef449a3fef449a
3fef487f3fef487f
3fef4c643fef4c64
3fef50493fef5049
3fef542e3fef542e
3fef58133fef5813
3fef5bf83fef5bf8
3fef5fdd3fef5fdd
3fef63c23fef63c2
3fef67a73fef67a7
3fef6b8c3fef6b8c
3fef6f713fef6f71
3fef73563fef7356
3fef773b3fef773b
3fef7b203fef7b20
3fef7f053fef7f05
3fef82ea3fef82ea
3fef86cf3fef86cf
3fef8ab43fef8ab4
3fef8e993fef8e99
3fef927e3fef927e
3fef96633fef9663
3fef9a483fef9a48
3fef9e2d3fef9e2d
3fefa2123fefa212
3fefa5f73fefa5f7
3fefa9dc3fefa9dc
3fefadc13fefadc1
3fefb1a63fefb1a6
3fefb58b3fefb58b
3fefb9703fefb970
3fefbd553fefbd55
3fefc13a3fefc13a
3fefc51f3fefc51f
3fefc9043fefc904
3fefcce93fefcce9
3fefd0ce3fefd0ce
3fefd4b33fefd4b3
3fefd8983fefd898
3fefdc7d3fefdc7d
3fefe0623fefe062
3fefe4473fefe447
3fefe82c3fefe82c
3fefec113fefec11
3fefeff63fefeff6
3feff3db3feff3db
3feff7c03feff7c0
3feffba53feffba5
3fefff8a3fefff8a
3ff0036f3ff0036f
3ff007543ff00754
3ff00b393ff00b39
3ff00f1e3ff00f1e
3ff013033ff01303
3ff016e83ff016e8
3ff01acd3ff01acd
3ff01eb23ff01eb2
3ff022973ff02297
3ff0267c3ff0267c
3ff02a613ff02a61
3ff02e463ff02e46
3ff0322b3ff0322b
3ff036103ff03610
3ff039f53ff039f5
3ff03dda3ff03dda
3ff041bf3ff041bf
3ff045a43ff045a4
3ff049893ff04989
3ff04d6e3ff04d6e
3ff051533ff05153
3ff055383ff05538
3ff0591d3ff0591d
3ff05d023ff05d02
3ff060e73ff060e7
3ff064cc3ff064cc
3ff068b13ff068b1
3ff06c963ff06c96
3ff0707b3ff0707b
3ff074603ff07460
3ff078453ff07845
3ff07c2a3ff07c2a
3ff0800f3ff0800f
3ff083f43ff083f4
3ff087d93ff087d9
3ff08bbe3ff08bbe
3ff08fa33ff08fa3
3ff093883ff09388
3ff0976d3ff0976d
3ff09b523ff09b52
3ff09f373ff09f37
3ff0a31c3ff0a31c
3ff0a7013ff0a701
3ff0aae63ff0aae6
3ff0aecb3ff0aecb
3ff0b2b03ff0b2b0
3ff0b6953ff0b695
3ff0ba7a3ff0ba7a
3ff0be5f3ff0be5f
3ff0c2443ff0c244
3ff0c6293ff0c629
3ff0ca0e3ff0ca0e
3ff0cdf33ff0cdf3
3ff0d1d83ff0d1d8
3ff0d5bd3ff0d5bd
3ff0d9a23ff0d9a2
3ff0dd873ff0dd87
3ff0e16c3ff0e16c
3ff0e5513ff0e551
3ff0e9363ff0e936
3ff0ed1b3ff0ed1b
3ff0f1003ff0f100
3ff0f4e53ff0f4e5
3ff0f8ca3ff0f8ca
3ff0fcaf3ff0fcaf
3ff100943ff10094
3ff104793ff10479
3ff1085e3ff1085e
3ff10c433ff10c43
3ff110283ff11028
3ff1140d3ff1140d
3ff117f23ff117f2
3ff11bd73ff11bd7
3ff11fbc3ff11fbc
3ff123a13ff123a1
3ff127863ff12786
3ff12b6b3ff12b6b
3ff12f503ff12f50
3ff133353ff13335
3ff1371a3ff1371a
3ff13aff3ff13aff
3ff13ee43ff13ee4
3ff142c93ff142c9
3ff146ae3ff146ae
3ff14a933ff14a93
3ff14e783ff14e78
3ff1525d3ff1525d
3ff156423ff15642
3ff15a273ff15a27
3ff15e0c3ff15e0c
3ff161f13ff161f1
3ff165d63ff165d6
3ff169bb3ff169bb
3ff16da03ff16da0
3ff171853ff17185
3ff1756a3ff1756a
3ff1794f3ff1794f
3ff17d343ff17d34
3ff181193ff18119
3ff184fe3ff184fe
3ff188e33ff188e3
3ff18cc83ff18cc8
3ff190ad3ff190ad
3ff194923ff19492
3ff198773ff19877
3ff19c5c3ff19c5c
3ff1a0413ff1a041
3ff1a4263ff1a426
3ff1a80b3ff1a80b
3ff1abf03ff1abf0
3ff1afd53ff1afd5
3ff1b3ba3ff1b3ba
3ff1b79f3ff1b79f
3ff1bb843ff1bb84
3ff1bf693ff1bf69
3ff1c34e3ff1c34e
3ff1c7333ff1c733
3ff1cb183ff1cb18
3ff1cefd3ff1cefd
3ff1d2e23ff1d2e2
3ff1d6c73ff1d6c7
3ff1daac3ff1daac
3ff1de913ff1de91
3ff1e2763ff1e276
3ff1e65b3ff1e65b
3ff1ea403ff1ea40
3ff1ee253ff1ee25
3ff1f20a3ff1f20a
3ff1f5ef3ff1f5ef
3ff1f9d43ff1f9d4
3ff1fdb93ff1fdb9
3ff2019e3ff2019e
3ff205833ff20583
3ff209683ff20968
3ff20d4d3ff20d4d
3ff211323ff21132
3ff215173ff21517
3ff218fc3ff218fc
3ff21ce13ff21ce1
3ff220c63ff220c6
3ff224ab3ff224ab
3ff228903ff22890
3ff22c753ff22c75
3ff2305a3ff2305a
3ff2343f3ff2343f
3ff238243ff23824
3ff23c093ff23c09
3ff23fee3ff23fee
3ff243d33ff243d3
3ff247b83ff247b8
3ff24b9d3ff24b9d
3ff24f823ff24f82
3ff253673ff25367
3ff2574c3ff2574c
3ff25b313ff25b31
3ff25f163ff25f16
3ff262fb3ff262fb
3ff266e03ff266e0
3ff26ac53ff26ac5
3ff26eaa3ff26eaa
3ff2728f3ff2728f
3ff276743ff27674
3ff27a593ff27a59
3ff27e3e3ff27e3e
3ff282233ff28223
3ff286083ff28608
3ff289ed3ff289ed
3ff28dd23ff28dd2
3ff291b73ff291b7
3ff2959c3ff2959c
3ff299813ff29981
3ff29d663ff29d66
3ff2a14b3ff2a14b
3ff2a5303ff2a530
3ff2a9153ff2a915
3ff2acfa3ff2acfa
3ff2b0df3ff2b0df
3ff2b4c43ff2b4c4
3ff2b8a93ff2b8a9
3ff2bc8e3ff2bc8e
3ff2c0733ff2c073
3ff2c4583ff2c458
3ff2c83d3ff2c83d
3ff2cc223ff2cc22
3ff2d0073ff2d007
3ff2d3ec3ff2d3ec
3ff2d7d13ff2d7d1
3ff2dbb63ff2dbb6
3ff2df9b3ff2df9b
3ff2e3803ff2e380
3ff2e7653ff2e765
3ff2eb4a3ff2eb4a
3ff2ef2f3ff2ef2f
3ff2f3143ff2f314
3ff2f6f93ff2f6f9
3ff2fade3ff2fade
3ff2fec33ff2fec3
3ff302a83ff302a8
3ff3068d3ff3068d
3ff30a723ff30a72
3ff30e573ff30e57
3ff3123c3ff3123c
3ff316213ff31621
3ff31a063ff31a06
3ff31deb3ff31deb
3ff321d03ff321d0
3ff325b53ff325b5
3ff3299a3ff3299a
3ff32d7f3ff32d7f
3ff331643ff33164
3ff335493ff33549
3ff3392e3ff3392e
3ff33d133ff33d13
3ff340f83ff340f8
3ff344dd3ff344dd
3ff348c23ff348c2
3ff34ca73ff34ca7
3ff3508c3ff3508c
3ff354713ff35471
3ff358563ff35856
3ff35c3b3ff35c3b
3ff360203ff36020
3ff364053ff36405
3ff367ea3ff367ea
3ff36bcf3ff36bcf
3ff36fb43ff36fb4
3ff373993ff37399
3ff3777e3ff3777e
3ff37b633ff37b63
3ff37f483ff37f48
3ff3832d3ff3832d
3ff387123ff38712
3ff38af73ff38af7
3ff38edc3ff38edc
3ff392c13ff392c1
3ff396a63ff396a6
3ff39a8b3ff39a8b
3ff39e703ff39e70
3ff3a2553ff3a255
3ff3a63a3ff3a63a
3ff3aa1f3ff3aa1f
3ff3ae043ff3ae04
3ff3b1e93ff3b1e9
3ff3b5ce3ff3b5ce
3ff3b9b33ff3b9b3
3ff3bd983ff3bd98
3ff3c17d3ff3c17d
3ff3c5623ff3c562
3ff3c9473ff3c947
3ff3cd2c3ff3cd2c
3ff3d1113ff3d111
3ff3d4f63ff3d4f6
3ff3d8db3ff3d8db
3ff3dcc03ff3dcc0
3ff3e0a53ff3e0a5
3ff3e48a3ff3e48a
3ff3e86f3ff3e86f
3ff3ec543ff3ec54
3ff3f0393ff3f039
3ff3f41e3ff3f41e
3ff3f8033ff3f803
3ff3fbe83ff3fbe8
3ff3ffcd3ff3ffcd
3ff403b23ff403b2
3ff407973ff40797
3ff40b7c3ff40b7c
3ff40f613ff40f61
3ff413463ff41346
3ff4172b3ff4172b
3ff41b103ff41b10
3ff41ef53ff41ef5
3ff422da3ff422da
3ff426bf3ff426bf
3ff42aa43ff42aa4
3ff42e893ff42e89
3ff4326e3ff4326e
3ff436533ff43653
3ff43a383ff43a38
3ff43e1d3ff43e1d
3ff442023ff44202
3ff445e73ff445e7
3ff449cc3ff449cc
3ff44db13ff44db1
3ff451963ff45196
3ff4557b3ff4557b
3ff459603ff45960
3ff45d453ff45d45
3ff4612a3ff4612a
3ff4650f3ff4650f
3ff468f43ff468f4
3ff46cd93ff46cd9
3ff470be3ff470be
3ff474a33ff474a3
3ff478883ff47888
3ff47c6d3ff47c6d
3ff480523ff48052
3ff484373ff48437
3ff4881c3ff4881c
3ff48c013ff48c01
3ff48fe63ff48fe6
3ff493cb3ff493cb
3ff497b03ff497b0
3ff49b953ff49b95
3ff49f7a3ff49f7a
3ff4a35f3ff4a35f
3ff4a7443ff4a744
3ff4ab293ff4ab29
3ff4af0e3ff4af0e
3ff4b2f33ff4b2f3
3ff4b6d83ff4b6d8
3ff4babd3ff4babd
3ff4bea23ff4bea2
3ff4c2873ff4c287
3ff4c66c3ff4c66c
3ff4ca513ff4ca51
3ff4ce363ff4ce36
3ff4d21b3ff4d21b
3ff4d6003ff4d600
3ff4d9e53ff4d9e5
3ff4ddca3ff4ddca
3ff4e1af3ff4e1af
3ff4e5943ff4e594
3ff4e9793ff4e979
3ff4ed5e3ff4ed5e
3ff4f1433ff4f143
3ff4f5283ff4f528
3ff4f90d3ff4f90d
3ff4fcf23ff4fcf2
3ff500d73ff500d7
3ff504bc3ff504bc
3ff508a13ff508a1
3ff50c863ff50c86
3ff5106b3ff5106b
3ff514503ff51450
3ff518353ff51835
3ff51c1a3ff51c1a
3ff51fff3ff51fff
3ff523e43ff523e4
3ff527c93ff527c9
3ff52bae3ff52bae
3ff52f933ff52f93
3ff533783ff53378
3ff5375d3ff5375d
3ff53b423ff53b42
3ff53f273ff53f27
3ff5430c3ff5430c
3ff546f13ff546f1
3ff54ad63ff54ad6
3ff54ebb3ff54ebb
3ff552a03ff552a0
3ff556853ff55685
3ff55a6a3ff55a6a
3ff55e4f3ff55e4f
3ff562343ff56234
3ff566193ff56619
3ff569fe3ff569fe
3ff56de33ff56de3
3ff571c83ff571c8
3ff575ad3ff575ad
3ff579923ff57992
3ff57d773ff57d77
3ff5815c3ff5815c
3ff585413ff58541
3ff589263ff58926
3ff58d0b3ff58d0b
3ff590f03ff590f0
3ff594d53ff594d5
3ff598ba3ff598ba
3ff59c9f3ff59c9f
3ff5a0843ff5a084
3ff5a4693ff5a469
3ff5a84e3ff5a84e
3ff5ac333ff5ac33
3ff5b0183ff5b018
3ff5b3fd3ff5b3fd
3ff5b7e23ff5b7e2
3ff5bbc73ff5bbc7
3ff5bfac3ff5bfac
3ff5c3913ff5c391
3ff5c7763ff5c776
3ff5cb5b3ff5cb5b
3ff5cf403ff5cf40
3ff5d3253ff5d325
3ff5d70a3ff5d70a
3ff5daef3ff5daef
3ff5ded43ff5ded4
3ff5e2b93ff5e2b9
3ff5e69e3ff5e69e
3ff5ea833ff5ea83
3ff5ee683ff5ee68
3ff5f24d3ff5f24d
3ff5f6323ff5f632
3ff5fa173ff5fa17
3ff5fdfc3ff5fdfc
3ff601e13ff601e1
3ff605c63ff605c6
3ff609ab3ff609ab
3ff60d903ff60d90
3ff611753ff61175
3ff6155a3ff6155a
3ff6193f3ff6193f
3ff61d243ff61d24
3ff621093ff62109
3ff624ee3ff624ee
3ff628d33ff628d3
3ff62cb83ff62cb8
3ff6309d3ff6309d
3ff634823ff63482
3ff638673ff63867
3ff63c4c3ff63c4c
3ff640313ff64031
3ff644163ff64416
3ff647fb3ff647fb
3ff64be03ff64be0
3ff64fc53ff64fc5
3ff653aa3ff653aa
3ff6578f3ff6578f
3ff65b743ff65b74
3ff65f593ff65f59
3ff6633e3ff6633e
3ff667233ff66723
3ff66b083ff66b08
3ff66eed3ff66eed
3ff672d23ff672d2
3ff676b73ff676b7
3ff67a9c3ff67a9c
3ff67e813ff67e81
3ff682663ff68266
3ff6864b3ff6864b
3ff68a303ff68a30
3ff68e153ff68e15
3ff691fa3ff691fa
3ff695df3ff695df
3ff699c43ff699c4
3ff69da93ff69da9
3ff6a18e3ff6a18e
3ff6a5733ff6a573
3ff6a9583ff6a958
3ff6ad3d3ff6ad3d
3ff6b1223ff6b122
3ff6b5073ff6b507
3ff6b8ec3ff6b8ec
3ff6bcd13ff6bcd1
3ff6c0b63ff6c0b6
3ff6c49b3ff6c49b
3ff6c8803ff6c880
3ff6cc653ff6cc65
3ff6d04a3ff6d04a
3ff6d42f3ff6d42f
3ff6d8143ff6d814
3ff6dbf93ff6dbf9
3ff6dfde3ff6dfde
3ff6e3c33ff6e3c3
3ff6e7a83ff6e7a8
3ff6eb8d3ff6eb8d
3ff6ef723ff6ef72
3ff6f3573ff6f357
3ff6f73c3ff6f73c
3ff6fb213ff6fb21
3ff6ff063ff6ff06
3ff702eb3ff702eb
3ff706d03ff706d0
3ff70ab53ff70ab5
3ff70e9a3ff70e9a
3ff7127f3ff7127f
3ff716643ff71664
3ff71a493ff71a49
3ff71e2e3ff71e2e
3ff722133ff72213
3ff725f83ff725f8
3ff729dd3ff729dd
3ff72dc23ff72dc2
3ff731a73ff731a7
3ff7358c3ff7358c
3ff739713ff73971
3ff73d563ff73d56
3ff7413b3ff7413b
3ff745203ff74520
3ff749053ff74905
3ff74cea3ff74cea
3ff750cf3ff750cf
3ff754b43ff754b4
3ff758993ff75899
3ff75c7e3ff75c7e
3ff760633ff76063
3ff764483ff76448
3ff7682d3ff7682d
3ff76c123ff76c12
3ff76ff73ff76ff7
3ff773dc3ff773dc
3ff777c13ff777c1
3ff77ba63ff77ba6
3ff77f8b3ff77f8b
3ff783703ff78370
3ff787553ff78755
3ff78b3a3ff78b3a
3ff78f1f3ff78f1f
3ff793043ff79304
3ff796e93ff796e9
3ff79ace3ff79ace
3ff79eb33ff79eb3
3ff7a2983ff7a298
3ff7a67d3ff7a67d
3ff7aa623ff7aa62
3ff7ae473ff7ae47
3ff7b22c3ff7b22c
3ff7b6113ff7b611
3ff7b9f63ff7b9f6
3ff7bddb3ff7bddb
3ff7c1c03ff7c1c0
3ff7c5a53ff7c5a5
3ff7c98a3ff7c98a
3ff7cd6f3ff7cd6f
3ff7d1543ff7d154
3ff7d5393ff7d539
3ff7d91e3ff7d91e
3ff7dd033ff7dd03
3ff7e0e83ff7e0e8
3ff7e4cd3ff7e4cd
3ff7e8b23ff7e8b2
3ff7ec973ff7ec97
3ff7f07c3ff7f07c
3ff7f4613ff7f461
3ff7f8463ff7f846
3ff7fc2b3ff7fc2b
3ff800103ff80010
3ff803f53ff803f5
3ff807da3ff807da
3ff80bbf3ff80bbf
3ff80fa43ff80fa4
3ff813893ff81389
3ff8176e3ff8176e
3ff81b533ff81b53
3ff81f383ff81f38
3ff8231d3ff8231d
3ff827023ff82702
3ff82ae73ff82ae7
3ff82ecc3ff82ecc
3ff832b13ff832b1
3ff836963ff83696
3ff83a7b3ff83a7b
3ff83e603ff83e60
3ff842453ff84245
3ff8462a3ff8462a
3ff84a0f3ff84a0f
3ff84df43ff84df4
3ff851d93ff851d9
3ff855be3ff855be
3ff859a33ff859a3
3ff85d883ff85d88
3ff8616d3ff8616d
3ff865523ff86552
3ff869373ff86937
3ff86d1c3ff86d1c
3ff871013ff87101
3ff874e63ff874e6
3ff878cb3ff878cb
3ff87cb03ff87cb0
3ff880953ff88095
3ff8847a3ff8847a
3ff8885f3ff8885f
3ff88c443ff88c44
3ff890293ff89029
3ff8940e3ff8940e
3ff897f33ff897f3
3ff89bd83ff89bd8
3ff89fbd3ff89fbd
3ff8a3a23ff8a3a2
3ff8a7873ff8a787
3ff8ab6c3ff8ab6c
3ff8af513ff8af51
3ff8b3363ff8b336
3ff8b71b3ff8b71b
3ff8bb003ff8bb00
3ff8bee53ff8bee5
3ff8c2ca3ff8c2ca
3ff8c6af3ff8c6af
3ff8ca943ff8ca94
3ff8ce793ff8ce79
3ff8d25e3ff8d25e
3ff8d6433ff8d643
3ff8da283ff8da28
3ff8de0d3ff8de0d
3ff8e1f23ff8e1f2
3ff8e5d73ff8e5d7
3ff8e9bc3ff8e9bc
3ff8eda13ff8eda1
3ff8f1863ff8f186
3ff8f56b3ff8f56b
3ff8f9503ff8f950
3ff8fd353ff8fd35
3ff9011a3ff9011a
3ff904ff3ff904ff
3ff908e43ff908e4
3ff90cc93ff90cc9
3ff910ae3ff910ae
3ff914933ff91493
3ff918783ff91878
3ff91c5d3ff91c5d
3ff920423ff92042
3ff924273ff92427
3ff9280c3ff9280c
3ff92bf13ff92bf1
3ff92fd63ff92fd6
3ff933bb3ff933bb
3ff937a03ff937a0
3ff93b853ff93b85
3ff93f6a3ff93f6a
3ff9434f3ff9434f
3ff947343ff94734
3ff94b193ff94b19
3ff94efe3ff94efe
3ff952e33ff952e3
3ff956c83ff956c8
3ff95aad3ff95aad
3ff95e923ff95e92
3ff962773ff96277
3ff9665c3ff9665c
3ff96a413ff96a41
3ff96e263ff96e26
3ff9720b3ff9720b
3ff975f03ff975f0
3ff979d53ff979d5
3ff97dba3ff97dba
3ff9819f3ff9819f
3ff985843ff98584
3ff989693ff98969
3ff98d4e3ff98d4e
3ff991333ff99133
3ff995183ff99518
3ff998fd3ff998fd
3ff99ce23ff99ce2
3ff9a0c73ff9a0c7
3ff9a4ac3ff9a4ac
3ff9a8913ff9a891
3ff9ac763ff9ac76
3ff9b05b3ff9b05b
3ff9b4403ff9b440
3ff9b8253ff9b825
3ff9bc0a3ff9bc0a
3ff9bfef3ff9bfef
3ff9c3d43ff9c3d4
3ff9c7b93ff9c7b9
3ff9cb9e3ff9cb9e
3ff9cf833ff9cf83
3ff9d3683ff9d368
3ff9d74d3ff9d74d
3ff9db323ff9db32
3ff9df173ff9df17
3ff9e2fc3ff9e2fc
3ff9e6e13ff9e6e1
3ff9eac63ff9eac6
3ff9eeab3ff9eeab
3ff9f2903ff9f290
3ff9f6753ff9f675
3ff9fa5a3ff9fa5a
3ff9fe3f3ff9fe3f
3ffa02243ffa0224
3ffa06093ffa0609
3ffa09ee3ffa09ee
3ffa0dd33ffa0dd3
3ffa11b83ffa11b8
3ffa159d3ffa159d
3ffa19823ffa1982
3ffa1d673ffa1d67
3ffa214c3ffa214c
3ffa25313ffa2531
3ffa29163ffa2916
3ffa2cfb3ffa2cfb
3ffa30e03ffa30e0
3ffa34c53ffa34c5
3ffa38aa3ffa38aa
3ffa3c8f3ffa3c8f
3ffa40743ffa4074
3ffa44593ffa4459
3ffa483e3ffa483e
3ffa4c233ffa4c23
3ffa50083ffa5008
3ffa53ed3ffa53ed
3ffa57d23ffa57d2
3ffa5bb73ffa5bb7
3ffa5f9c3ffa5f9c
3ffa63813ffa6381
3ffa67663ffa6766
3ffa6b4b3ffa6b4b
3ffa6f303ffa6f30
3ffa73153ffa7315
3ffa76fa3ffa76fa
3ffa7adf3ffa7adf
3ffa7ec43ffa7ec4
3ffa82a93ffa82a9
3ffa868e3ffa868e
3ffa8a733ffa8a73
3ffa8e583ffa8e58
3ffa923d3ffa923d
3ffa96223ffa9622
3ffa9a073ffa9a07
3ffa9dec3ffa9dec
3ffaa1d13ffaa1d1
3ffaa5b63ffaa5b6
3ffaa99b3ffaa99b
3ffaad803ffaad80
3ffab1653ffab165
3ffab54a3ffab54a
3ffab92f3ffab92f
3ffabd143ffabd14
3ffac0f93ffac0f9
3ffac4de3ffac4de
3ffac8c33ffac8c3
3ffacca83ffacca8
3ffad08d3ffad08d
3ffad4723ffad472
3ffad8573ffad857
3ffadc3c3ffadc3c
3ffae0213ffae021
3ffae4063ffae406
3ffae7eb3ffae7eb
3ffaebd03ffaebd0
3ffaefb53ffaefb5
3ffaf39a3ffaf39a
3ffaf77f3ffaf77f
3ffafb643ffafb64
3ffaff493ffaff49
3ffb032e3ffb032e
3ffb07133ffb0713
3ffb0af83ffb0af8
3ffb0edd3ffb0edd
3ffb12c23ffb12c2
3ffb16a73ffb16a7
3ffb1a8c3ffb1a8c
3ffb1e713ffb1e71
3ffb22563ffb2256
3ffb263b3ffb263b
3ffb2a203ffb2a20
3ffb2e053ffb2e05
3ffb31ea3ffb31ea
3ffb35cf3ffb35cf
3ffb39b43ffb39b4
3ffb3d993ffb3d99
3ffb417e3ffb417e
3ffb45633ffb4563
3ffb49483ffb4948
3ffb4d2d3ffb4d2d
3ffb51123ffb5112
3ffb54f73ffb54f7
3ffb58dc3ffb58dc
3ffb5cc13ffb5cc1
3ffb60a63ffb60a6
3ffb648b3ffb648b
3ffb68703ffb6870
3ffb6c553ffb6c55
3ffb703a3ffb703a
3ffb741f3ffb741f
3ffb78043ffb7804
3ffb7be93ffb7be9
3ffb7fce3ffb7fce
3ffb83b33ffb83b3
3ffb87983ffb8798
3ffb8b7d3ffb8b7d
3ffb8f623ffb8f62
3ffb93473ffb9347
3ffb972c3ffb972c
3ffb9b113ffb9b11
3ffb9ef63ffb9ef6
3ffba2db3ffba2db
3ffba6c03ffba6c0
3ffbaaa53ffbaaa5
3ffbae8a3ffbae8a
3ffbb26f3ffbb26f
3ffbb6543ffbb654
3ffbba393ffbba39
3ffbbe1e3ffbbe1e
3ffbc2033ffbc203
3ffbc5e83ffbc5e8
3ffbc9cd3ffbc9cd
3ffbcdb23ffbcdb2
3ffbd1973ffbd197
3ffbd57c3ffbd57c
3ffbd9613ffbd961
3ffbdd463ffbdd46
3ffbe12b3ffbe12b
3ffbe5103ffbe510
3ffbe8f53ffbe8f5
3ffbecda3ffbecda
3ffbf0bf3ffbf0bf
3ffbf4a43ffbf4a4
3ffbf8893ffbf889
3ffbfc6e3ffbfc6e
3ffc00533ffc0053
3ffc04383ffc0438
3ffc081d3ffc081d
3ffc0c023ffc0c02
3ffc0fe73ffc0fe7
3ffc13cc3ffc13cc
3ffc17b13ffc17b1
3ffc1b963ffc1b96
3ffc1f7b3ffc1f7b
3ffc23603ffc2360
3ffc27453ffc2745
3ffc2b2a3ffc2b2a
3ffc2f0f3ffc2f0f
3ffc32f43ffc32f4
3ffc36d93ffc36d9
3ffc3abe3ffc3abe
3ffc3ea33ffc3ea3
3ffc42883ffc4288
3ffc466d3ffc466d
3ffc4a523ffc4a52
3ffc4e373ffc4e37
3ffc521c3ffc521c
3ffc56013ffc5601
3ffc59e63ffc59e6
3ffc5dcb3ffc5dcb
3ffc61b03ffc61b0
3ffc65953ffc6595
3ffc697a3ffc697a
3ffc6d5f3ffc6d5f
3ffc71443ffc7144
3ffc75293ffc7529
3ffc790e3ffc790e
3ffc7cf33ffc7cf3
3ffc80d83ffc80d8
3ffc84bd3ffc84bd
3ffc88a23ffc88a2
3ffc8c873ffc8c87
3ffc906c3ffc906c
3ffc94513ffc9451
3ffc98363ffc9836
3ffc9c1b3ffc9c1b
3ffca0003ffca000
3ffca3e53ffca3e5
3ffca7ca3ffca7ca
3ffcabaf3ffcabaf
3ffcaf943ffcaf94
3ffcb3793ffcb379
3ffcb75e3ffcb75e
3ffcbb433ffcbb43
3ffcbf283ffcbf28
3ffcc30d3ffcc30d
3ffcc6f23ffcc6f2
3ffccad73ffccad7
3ffccebc3ffccebc
3ffcd2a13ffcd2a1
3ffcd6863ffcd686
3ffcda6b3ffcda6b
3ffcde503ffcde50
3ffce2353ffce235
3ffce61a3ffce61a
3ffce9ff3ffce9ff
3ffcede43ffcede4
3ffcf1c93ffcf1c9
3ffcf5ae3ffcf5ae
3ffcf9933ffcf993
3ffcfd783ffcfd78
3ffd015d3ffd015d
3ffd05423ffd0542
3ffd09273ffd0927
3ffd0d0c3ffd0d0c
3ffd10f13ffd10f1
3ffd14d63ffd14d6
3ffd18bb3ffd18bb
3ffd1ca03ffd1ca0
3ffd20853ffd2085
3ffd246a3ffd246a
3ffd284f3ffd284f
3ffd2c343ffd2c34
3ffd30193ffd3019
3ffd33fe3ffd33fe
3ffd37e33ffd37e3
3ffd3bc83ffd3bc8
3ffd3fad3ffd3fad
3ffd43923ffd4392
3ffd47773ffd4777
3ffd4b5c3ffd4b5c
3ffd4f413ffd4f41
3ffd53263ffd5326
3ffd570b3ffd570b
3ffd5af03ffd5af0
3ffd5ed53ffd5ed5
3ffd62ba3ffd62ba
3ffd669f3ffd669f
3ffd6a843ffd6a84
3ffd6e693ffd6e69
3ffd724e3ffd724e
3ffd76333ffd7633
3ffd7a183ffd7a18
3ffd7dfd3ffd7dfd
3ffd81e23ffd81e2
3ffd85c73ffd85c7
3ffd89ac3ffd89ac
3ffd8d913ffd8d91
3ffd91763ffd9176
3ffd955b3ffd955b
3ffd99403ffd9940
3ffd9d253ffd9d25
3ffda10a3ffda10a
3ffda4ef3ffda4ef
3ffda8d43ffda8d4
3ffdacb93ffdacb9
3ffdb09e3ffdb09e
3ffdb4833ffdb483
3ffdb8683ffdb868
3ffdbc4d3ffdbc4d
3ffdc0323ffdc032
3ffdc4173ffdc417
3ffdc7fc3ffdc7fc
3ffdcbe13ffdcbe1
3ffdcfc63ffdcfc6
3ffdd3ab3ffdd3ab
3ffdd7903ffdd790
3ffddb753ffddb75
3ffddf5a3ffddf5a
3ffde33f3ffde33f
3ffde7243ffde724
3ffdeb093ffdeb09
3ffdeeee3ffdeeee
3ffdf2d33ffdf2d3
3ffdf6b83ffdf6b8
3ffdfa9d3ffdfa9d
3ffdfe823ffdfe82
3ffe02673ffe0267
3ffe064c3ffe064c
3ffe0a313ffe0a31
3ffe0e163ffe0e16
3ffe11fb3ffe11fb
3ffe15e03ffe15e0
3ffe19c53ffe19c5
3ffe1daa3ffe1daa
3ffe218f3ffe218f
3ffe25743ffe2574
3ffe29593ffe2959
3ffe2d3e3ffe2d3e
3ffe31233ffe3123
3ffe35083ffe3508
3ffe38ed3ffe38ed
3ffe3cd23ffe3cd2
3ffe40b73ffe40b7
3ffe449c3ffe449c
3ffe48813ffe4881
3ffe4c663ffe4c66
3ffe504b3ffe504b
3ffe54303ffe5430
3ffe58153ffe5815
3ffe5bfa3ffe5bfa
3ffe5fdf3ffe5fdf
3ffe63c43ffe63c4
3ffe67a93ffe67a9
3ffe6b8e3ffe6b8e
3ffe6f733ffe6f73
3ffe73583ffe7358
3ffe773d3ffe773d
3ffe7b223ffe7b22
3ffe7f073ffe7f07
3ffe82ec3ffe82ec
3ffe86d13ffe86d1
3ffe8ab63ffe8ab6
3ffe8e9b3ffe8e9b
3ffe92803ffe9280
3ffe96653ffe9665
3ffe9a4a3ffe9a4a
3ffe9e2f3ffe9e2f
3ffea2143ffea214
3ffea5f93ffea5f9
3ffea9de3ffea9de
3ffeadc33ffeadc3
3ffeb1a83ffeb1a8
3ffeb58d3ffeb58d
3ffeb9723ffeb972
3ffebd573ffebd57
3ffec13c3ffec13c
3ffec5213ffec521
3ffec9063ffec906
3ffecceb3ffecceb
3ffed0d03ffed0d0
3ffed4b53ffed4b5
3ffed89a3ffed89a
3ffedc7f3ffedc7f
3ffee0643ffee064
3ffee4493ffee449
3ffee82e3ffee82e
3ffeec133ffeec13
3ffeeff83ffeeff8
3ffef3dd3ffef3dd
3ffef7c23ffef7c2
3ffefba73ffefba7
3ffeff8c3ffeff8c
3fff03713fff0371
3fff07563fff0756
3fff0b3b3fff0b3b
3fff0f203fff0f20
3fff13053fff1305
3fff16ea3fff16ea
3fff1acf3fff1acf
3fff1eb43fff1eb4
3fff22993fff2299
3fff267e3fff267e
3fff2a633fff2a63
3fff2e483fff2e48
3fff322d3fff322d
3fff36123fff3612
3fff39f73fff39f7
3fff3ddc3fff3ddc
3fff41c13fff41c1
3fff45a63fff45a6
3fff498b3fff498b
3fff4d703fff4d70
3fff51553fff5155
3fff553a3fff553a
3fff591f3fff591f
3fff5d043fff5d04
3fff60e93fff60e9
3fff64ce3fff64ce
3fff68b33fff68b3
3fff6c983fff6c98
3fff707d3fff707d
3fff74623fff7462
3fff78473fff7847
3fff7c2c3fff7c2c
3fff80113fff8011
3fff83f63fff83f6
3fff87db3fff87db
3fff8bc03fff8bc0
3fff8fa53fff8fa5
3fff938a3fff938a
3fff976f3fff976f
3fff9b543fff9b54
3fff9f393fff9f39
3fffa31e3fffa31e
3fffa7033fffa703
3fffaae83fffaae8
3fffaecd3fffaecd
3fffb2b23fffb2b2
3fffb6973fffb697
3fffba7c3fffba7c
3fffbe613fffbe61
3fffc2463fffc246
3fffc62b3fffc62b
3fffca103fffca10
3fffcdf53fffcdf5
3fffd1da3fffd1da
3fffd5bf3fffd5bf
3fffd9a43fffd9a4
3fffdd893fffdd89
3fffe16e3fffe16e
3fffe5533fffe553
3fffe9383fffe938
3fffed1d3fffed1d
3ffff1023ffff102
3ffff4e73ffff4e7
3ffff8cc3ffff8cc
3ffffcb13ffffcb1
