 
****************************************
Report : timing
        -path full
        -delay max
        -max_paths 20
Design : oadm_fixed_l0_opt
Version: U-2022.12-SP7
Date   : Fri Aug 21 21:23:00 2026
****************************************

Operating Conditions: NCCOM   Library: tcbn65gplustc_ccs
Wire Load Model Mode: segmented

  Startpoint: divide_mode
              (input port clocked by vclk)
  Endpoint: result[1] (output port clocked by vclk)
  Path Group: vclk
  Path Type: max

  Des/Clust/Port     Wire Load Model       Library
  ------------------------------------------------
  oadm_fixed_l0_opt  ZeroWireload          tcbn65gplustc_ccs

  Point                                    Incr       Path
  -----------------------------------------------------------
  clock vclk (rise edge)                   0.00       0.00
  clock network delay (ideal)              0.00       0.00
  input external delay                     0.02       0.02 r
  divide_mode (in)                         0.00       0.02 r
  U183/ZN (CKND0)                          0.13       0.16 f
  U185/ZN (INVD1)                          0.24       0.40 r
  U657/Z (XOR2D0)                          0.12       0.51 f
  DP_OP_97J1_124_6249_U28/CO (FA1D0)       0.06       0.57 f
  DP_OP_97J1_124_6249_U27/CO (FA1D0)       0.06       0.63 f
  DP_OP_97J1_124_6249_U26/CO (FA1D0)       0.06       0.68 f
  DP_OP_97J1_124_6249_U25/CO (FA1D0)       0.06       0.74 f
  DP_OP_97J1_124_6249_U24/CO (FA1D0)       0.06       0.79 f
  DP_OP_97J1_124_6249_U23/CO (FA1D0)       0.06       0.85 f
  DP_OP_97J1_124_6249_U22/CO (FA1D0)       0.06       0.91 f
  DP_OP_97J1_124_6249_U21/S (FA1D0)        0.10       1.00 r
  U269/Z (XOR2D0)                          0.07       1.08 r
  U192/Z (CKXOR2D0)                        0.06       1.14 f
  U286/ZN (MAOI222D0)                      0.08       1.22 r
  U287/ZN (OAI21D0)                        0.04       1.26 f
  U288/ZN (IOA21D0)                        0.04       1.30 r
  U291/ZN (CKND2D0)                        0.03       1.32 f
  U331/ZN (MAOI22D1)                       0.03       1.36 r
  U329/ZN (MAOI22D1)                       0.03       1.38 f
  U304/ZN (MAOI222D0)                      0.07       1.46 r
  U320/ZN (MAOI22D1)                       0.04       1.50 f
  U312/ZN (MAOI222D0)                      0.08       1.58 r
  U313/ZN (OAI21D0)                        0.04       1.62 f
  U314/ZN (IOA21D0)                        0.04       1.65 r
  U316/ZN (CKND2D0)                        0.03       1.68 f
  U307/ZN (MAOI22D1)                       0.03       1.71 r
  U328/ZN (AOI21D0)                        0.04       1.75 f
  U218/ZN (MAOI222D0)                      0.08       1.83 r
  U295/ZN (MAOI22D0)                       0.05       1.88 f
  U334/ZN (MAOI222D0)                      0.09       1.97 r
  U335/ZN (OAI21D0)                        0.04       2.01 f
  U336/ZN (IOA21D0)                        0.04       2.05 r
  U338/ZN (CKND2D0)                        0.03       2.07 f
  U281/ZN (MAOI22D1)                       0.03       2.10 r
  U350/ZN (AOI21D0)                        0.04       2.14 f
  U351/ZN (MAOI222D0)                      0.08       2.22 r
  U258/ZN (MAOI22D1)                       0.04       2.26 f
  U356/ZN (MAOI222D0)                      0.07       2.33 r
  U210/ZN (MAOI22D0)                       0.05       2.38 f
  U365/ZN (OAI21D0)                        0.04       2.42 r
  U212/ZN (IOA21D0)                        0.03       2.45 f
  U234/ZN (OAI22D0)                        0.06       2.51 r
  U236/ZN (MAOI222D0)                      0.06       2.57 f
  U381/ZN (MOAI22D0)                       0.06       2.63 r
  U382/Z (XOR2D0)                          0.06       2.68 f
  U383/ZN (CKND2D0)                        0.03       2.71 r
  U384/Z (XOR2D0)                          0.08       2.80 r
  U385/ZN (INVD0)                          0.02       2.82 f
  U394/ZN (NR3D0)                          0.05       2.87 r
  U395/ZN (INVD0)                          0.02       2.89 f
  U398/ZN (CKND2D0)                        0.13       3.02 r
  U662/Z (XOR2D0)                          0.07       3.10 f
  DP_OP_86J1_126_4690_U11/CO (FA1D0)       0.06       3.15 f
  DP_OP_86J1_126_4690_U10/CO (FA1D0)       0.06       3.21 f
  DP_OP_86J1_126_4690_U9/CO (FA1D0)        0.06       3.27 f
  DP_OP_86J1_126_4690_U8/CO (FA1D0)        0.06       3.32 f
  DP_OP_86J1_126_4690_U7/CO (FA1D0)        0.06       3.38 f
  DP_OP_86J1_126_4690_U6/CO (FA1D0)        0.06       3.43 f
  DP_OP_86J1_126_4690_U5/CO (FA1D0)        0.06       3.49 f
  DP_OP_86J1_126_4690_U4/CO (FA1D0)        0.06       3.54 f
  DP_OP_86J1_126_4690_U3/S (FA1D0)         0.07       3.61 r
  U418/ZN (AOI21D0)                        0.03       3.64 f
  U436/Z (AO31D0)                          0.06       3.70 f
  U437/ZN (AOI21D0)                        0.08       3.78 r
  U438/ZN (INVD0)                          0.05       3.83 f
  U194/ZN (NR3D0)                          0.05       3.88 r
  U193/ZN (CKND0)                          0.04       3.92 f
  U457/ZN (NR2D0)                          0.17       4.09 r
  U464/ZN (INVD0)                          0.07       4.16 f
  U475/ZN (OAI222D0)                       0.11       4.27 r
  result[1] (out)                          0.00       4.27 r
  data arrival time                                   4.27

  clock vclk (rise edge)                  10.00      10.00
  clock network delay (ideal)              0.00      10.00
  output external delay                   -0.02       9.98
  data required time                                  9.98
  -----------------------------------------------------------
  data required time                                  9.98
  data arrival time                                  -4.27
  -----------------------------------------------------------
  slack (MET)                                         5.71


  Startpoint: divide_mode
              (input port clocked by vclk)
  Endpoint: result[21] (output port clocked by vclk)
  Path Group: vclk
  Path Type: max

  Des/Clust/Port     Wire Load Model       Library
  ------------------------------------------------
  oadm_fixed_l0_opt  ZeroWireload          tcbn65gplustc_ccs

  Point                                    Incr       Path
  -----------------------------------------------------------
  clock vclk (rise edge)                   0.00       0.00
  clock network delay (ideal)              0.00       0.00
  input external delay                     0.02       0.02 r
  divide_mode (in)                         0.00       0.02 r
  U183/ZN (CKND0)                          0.13       0.16 f
  U185/ZN (INVD1)                          0.24       0.40 r
  U657/Z (XOR2D0)                          0.12       0.51 f
  DP_OP_97J1_124_6249_U28/CO (FA1D0)       0.06       0.57 f
  DP_OP_97J1_124_6249_U27/CO (FA1D0)       0.06       0.63 f
  DP_OP_97J1_124_6249_U26/CO (FA1D0)       0.06       0.68 f
  DP_OP_97J1_124_6249_U25/CO (FA1D0)       0.06       0.74 f
  DP_OP_97J1_124_6249_U24/CO (FA1D0)       0.06       0.79 f
  DP_OP_97J1_124_6249_U23/CO (FA1D0)       0.06       0.85 f
  DP_OP_97J1_124_6249_U22/CO (FA1D0)       0.06       0.91 f
  DP_OP_97J1_124_6249_U21/S (FA1D0)        0.10       1.00 r
  U269/Z (XOR2D0)                          0.07       1.08 r
  U192/Z (CKXOR2D0)                        0.06       1.14 f
  U286/ZN (MAOI222D0)                      0.08       1.22 r
  U287/ZN (OAI21D0)                        0.04       1.26 f
  U288/ZN (IOA21D0)                        0.04       1.30 r
  U291/ZN (CKND2D0)                        0.03       1.32 f
  U331/ZN (MAOI22D1)                       0.03       1.36 r
  U329/ZN (MAOI22D1)                       0.03       1.38 f
  U304/ZN (MAOI222D0)                      0.07       1.46 r
  U320/ZN (MAOI22D1)                       0.04       1.50 f
  U312/ZN (MAOI222D0)                      0.08       1.58 r
  U313/ZN (OAI21D0)                        0.04       1.62 f
  U314/ZN (IOA21D0)                        0.04       1.65 r
  U316/ZN (CKND2D0)                        0.03       1.68 f
  U307/ZN (MAOI22D1)                       0.03       1.71 r
  U328/ZN (AOI21D0)                        0.04       1.75 f
  U218/ZN (MAOI222D0)                      0.08       1.83 r
  U295/ZN (MAOI22D0)                       0.05       1.88 f
  U334/ZN (MAOI222D0)                      0.09       1.97 r
  U335/ZN (OAI21D0)                        0.04       2.01 f
  U336/ZN (IOA21D0)                        0.04       2.05 r
  U338/ZN (CKND2D0)                        0.03       2.07 f
  U281/ZN (MAOI22D1)                       0.03       2.10 r
  U350/ZN (AOI21D0)                        0.04       2.14 f
  U351/ZN (MAOI222D0)                      0.08       2.22 r
  U258/ZN (MAOI22D1)                       0.04       2.26 f
  U356/ZN (MAOI222D0)                      0.07       2.33 r
  U210/ZN (MAOI22D0)                       0.05       2.38 f
  U365/ZN (OAI21D0)                        0.04       2.42 r
  U212/ZN (IOA21D0)                        0.03       2.45 f
  U234/ZN (OAI22D0)                        0.06       2.51 r
  U236/ZN (MAOI222D0)                      0.06       2.57 f
  U381/ZN (MOAI22D0)                       0.06       2.63 r
  U382/Z (XOR2D0)                          0.06       2.68 f
  U383/ZN (CKND2D0)                        0.03       2.71 r
  U384/Z (XOR2D0)                          0.08       2.80 r
  U385/ZN (INVD0)                          0.02       2.82 f
  U394/ZN (NR3D0)                          0.05       2.87 r
  U395/ZN (INVD0)                          0.02       2.89 f
  U398/ZN (CKND2D0)                        0.13       3.02 r
  U662/Z (XOR2D0)                          0.07       3.10 f
  DP_OP_86J1_126_4690_U11/CO (FA1D0)       0.06       3.15 f
  DP_OP_86J1_126_4690_U10/CO (FA1D0)       0.06       3.21 f
  DP_OP_86J1_126_4690_U9/CO (FA1D0)        0.06       3.27 f
  DP_OP_86J1_126_4690_U8/CO (FA1D0)        0.06       3.32 f
  DP_OP_86J1_126_4690_U7/CO (FA1D0)        0.06       3.38 f
  DP_OP_86J1_126_4690_U6/CO (FA1D0)        0.06       3.43 f
  DP_OP_86J1_126_4690_U5/CO (FA1D0)        0.06       3.49 f
  DP_OP_86J1_126_4690_U4/CO (FA1D0)        0.06       3.54 f
  DP_OP_86J1_126_4690_U3/S (FA1D0)         0.07       3.61 r
  U418/ZN (AOI21D0)                        0.03       3.64 f
  U436/Z (AO31D0)                          0.06       3.70 f
  U437/ZN (AOI21D0)                        0.08       3.78 r
  U438/ZN (INVD0)                          0.05       3.83 f
  U194/ZN (NR3D0)                          0.05       3.88 r
  U193/ZN (CKND0)                          0.04       3.92 f
  U446/ZN (NR2D0)                          0.18       4.10 r
  U447/ZN (INVD0)                          0.06       4.16 f
  U459/ZN (OAI222D0)                       0.11       4.27 r
  result[21] (out)                         0.00       4.27 r
  data arrival time                                   4.27

  clock vclk (rise edge)                  10.00      10.00
  clock network delay (ideal)              0.00      10.00
  output external delay                   -0.02       9.98
  data required time                                  9.98
  -----------------------------------------------------------
  data required time                                  9.98
  data arrival time                                  -4.27
  -----------------------------------------------------------
  slack (MET)                                         5.71


  Startpoint: divide_mode
              (input port clocked by vclk)
  Endpoint: result[0] (output port clocked by vclk)
  Path Group: vclk
  Path Type: max

  Des/Clust/Port     Wire Load Model       Library
  ------------------------------------------------
  oadm_fixed_l0_opt  ZeroWireload          tcbn65gplustc_ccs

  Point                                    Incr       Path
  -----------------------------------------------------------
  clock vclk (rise edge)                   0.00       0.00
  clock network delay (ideal)              0.00       0.00
  input external delay                     0.02       0.02 r
  divide_mode (in)                         0.00       0.02 r
  U183/ZN (CKND0)                          0.13       0.16 f
  U185/ZN (INVD1)                          0.24       0.40 r
  U657/Z (XOR2D0)                          0.12       0.51 f
  DP_OP_97J1_124_6249_U28/CO (FA1D0)       0.06       0.57 f
  DP_OP_97J1_124_6249_U27/CO (FA1D0)       0.06       0.63 f
  DP_OP_97J1_124_6249_U26/CO (FA1D0)       0.06       0.68 f
  DP_OP_97J1_124_6249_U25/CO (FA1D0)       0.06       0.74 f
  DP_OP_97J1_124_6249_U24/CO (FA1D0)       0.06       0.79 f
  DP_OP_97J1_124_6249_U23/CO (FA1D0)       0.06       0.85 f
  DP_OP_97J1_124_6249_U22/CO (FA1D0)       0.06       0.91 f
  DP_OP_97J1_124_6249_U21/S (FA1D0)        0.10       1.00 r
  U269/Z (XOR2D0)                          0.07       1.08 r
  U192/Z (CKXOR2D0)                        0.06       1.14 f
  U286/ZN (MAOI222D0)                      0.08       1.22 r
  U287/ZN (OAI21D0)                        0.04       1.26 f
  U288/ZN (IOA21D0)                        0.04       1.30 r
  U291/ZN (CKND2D0)                        0.03       1.32 f
  U331/ZN (MAOI22D1)                       0.03       1.36 r
  U329/ZN (MAOI22D1)                       0.03       1.38 f
  U304/ZN (MAOI222D0)                      0.07       1.46 r
  U320/ZN (MAOI22D1)                       0.04       1.50 f
  U312/ZN (MAOI222D0)                      0.08       1.58 r
  U313/ZN (OAI21D0)                        0.04       1.62 f
  U314/ZN (IOA21D0)                        0.04       1.65 r
  U316/ZN (CKND2D0)                        0.03       1.68 f
  U307/ZN (MAOI22D1)                       0.03       1.71 r
  U328/ZN (AOI21D0)                        0.04       1.75 f
  U218/ZN (MAOI222D0)                      0.08       1.83 r
  U295/ZN (MAOI22D0)                       0.05       1.88 f
  U334/ZN (MAOI222D0)                      0.09       1.97 r
  U335/ZN (OAI21D0)                        0.04       2.01 f
  U336/ZN (IOA21D0)                        0.04       2.05 r
  U338/ZN (CKND2D0)                        0.03       2.07 f
  U281/ZN (MAOI22D1)                       0.03       2.10 r
  U350/ZN (AOI21D0)                        0.04       2.14 f
  U351/ZN (MAOI222D0)                      0.08       2.22 r
  U258/ZN (MAOI22D1)                       0.04       2.26 f
  U356/ZN (MAOI222D0)                      0.07       2.33 r
  U210/ZN (MAOI22D0)                       0.05       2.38 f
  U365/ZN (OAI21D0)                        0.04       2.42 r
  U212/ZN (IOA21D0)                        0.03       2.45 f
  U234/ZN (OAI22D0)                        0.06       2.51 r
  U236/ZN (MAOI222D0)                      0.06       2.57 f
  U381/ZN (MOAI22D0)                       0.06       2.63 r
  U382/Z (XOR2D0)                          0.06       2.68 f
  U383/ZN (CKND2D0)                        0.03       2.71 r
  U384/Z (XOR2D0)                          0.08       2.80 r
  U385/ZN (INVD0)                          0.02       2.82 f
  U394/ZN (NR3D0)                          0.05       2.87 r
  U395/ZN (INVD0)                          0.02       2.89 f
  U398/ZN (CKND2D0)                        0.13       3.02 r
  U662/Z (XOR2D0)                          0.07       3.10 f
  DP_OP_86J1_126_4690_U11/CO (FA1D0)       0.06       3.15 f
  DP_OP_86J1_126_4690_U10/CO (FA1D0)       0.06       3.21 f
  DP_OP_86J1_126_4690_U9/CO (FA1D0)        0.06       3.27 f
  DP_OP_86J1_126_4690_U8/CO (FA1D0)        0.06       3.32 f
  DP_OP_86J1_126_4690_U7/CO (FA1D0)        0.06       3.38 f
  DP_OP_86J1_126_4690_U6/CO (FA1D0)        0.06       3.43 f
  DP_OP_86J1_126_4690_U5/CO (FA1D0)        0.06       3.49 f
  DP_OP_86J1_126_4690_U4/CO (FA1D0)        0.06       3.54 f
  DP_OP_86J1_126_4690_U3/S (FA1D0)         0.07       3.61 r
  U418/ZN (AOI21D0)                        0.03       3.64 f
  U436/Z (AO31D0)                          0.06       3.70 f
  U437/ZN (AOI21D0)                        0.08       3.78 r
  U438/ZN (INVD0)                          0.05       3.83 f
  U194/ZN (NR3D0)                          0.05       3.88 r
  U193/ZN (CKND0)                          0.04       3.92 f
  U446/ZN (NR2D0)                          0.18       4.10 r
  U447/ZN (INVD0)                          0.06       4.16 f
  U611/ZN (OAI22D0)                        0.10       4.26 r
  result[0] (out)                          0.00       4.26 r
  data arrival time                                   4.26

  clock vclk (rise edge)                  10.00      10.00
  clock network delay (ideal)              0.00      10.00
  output external delay                   -0.02       9.98
  data required time                                  9.98
  -----------------------------------------------------------
  data required time                                  9.98
  data arrival time                                  -4.26
  -----------------------------------------------------------
  slack (MET)                                         5.72


  Startpoint: divide_mode
              (input port clocked by vclk)
  Endpoint: result[20] (output port clocked by vclk)
  Path Group: vclk
  Path Type: max

  Des/Clust/Port     Wire Load Model       Library
  ------------------------------------------------
  oadm_fixed_l0_opt  ZeroWireload          tcbn65gplustc_ccs

  Point                                    Incr       Path
  -----------------------------------------------------------
  clock vclk (rise edge)                   0.00       0.00
  clock network delay (ideal)              0.00       0.00
  input external delay                     0.02       0.02 r
  divide_mode (in)                         0.00       0.02 r
  U183/ZN (CKND0)                          0.13       0.16 f
  U185/ZN (INVD1)                          0.24       0.40 r
  U657/Z (XOR2D0)                          0.12       0.51 f
  DP_OP_97J1_124_6249_U28/CO (FA1D0)       0.06       0.57 f
  DP_OP_97J1_124_6249_U27/CO (FA1D0)       0.06       0.63 f
  DP_OP_97J1_124_6249_U26/CO (FA1D0)       0.06       0.68 f
  DP_OP_97J1_124_6249_U25/CO (FA1D0)       0.06       0.74 f
  DP_OP_97J1_124_6249_U24/CO (FA1D0)       0.06       0.79 f
  DP_OP_97J1_124_6249_U23/CO (FA1D0)       0.06       0.85 f
  DP_OP_97J1_124_6249_U22/CO (FA1D0)       0.06       0.91 f
  DP_OP_97J1_124_6249_U21/S (FA1D0)        0.10       1.00 r
  U269/Z (XOR2D0)                          0.07       1.08 r
  U192/Z (CKXOR2D0)                        0.06       1.14 f
  U286/ZN (MAOI222D0)                      0.08       1.22 r
  U287/ZN (OAI21D0)                        0.04       1.26 f
  U288/ZN (IOA21D0)                        0.04       1.30 r
  U291/ZN (CKND2D0)                        0.03       1.32 f
  U331/ZN (MAOI22D1)                       0.03       1.36 r
  U329/ZN (MAOI22D1)                       0.03       1.38 f
  U304/ZN (MAOI222D0)                      0.07       1.46 r
  U320/ZN (MAOI22D1)                       0.04       1.50 f
  U312/ZN (MAOI222D0)                      0.08       1.58 r
  U313/ZN (OAI21D0)                        0.04       1.62 f
  U314/ZN (IOA21D0)                        0.04       1.65 r
  U316/ZN (CKND2D0)                        0.03       1.68 f
  U307/ZN (MAOI22D1)                       0.03       1.71 r
  U328/ZN (AOI21D0)                        0.04       1.75 f
  U218/ZN (MAOI222D0)                      0.08       1.83 r
  U295/ZN (MAOI22D0)                       0.05       1.88 f
  U334/ZN (MAOI222D0)                      0.09       1.97 r
  U335/ZN (OAI21D0)                        0.04       2.01 f
  U336/ZN (IOA21D0)                        0.04       2.05 r
  U338/ZN (CKND2D0)                        0.03       2.07 f
  U281/ZN (MAOI22D1)                       0.03       2.10 r
  U350/ZN (AOI21D0)                        0.04       2.14 f
  U351/ZN (MAOI222D0)                      0.08       2.22 r
  U258/ZN (MAOI22D1)                       0.04       2.26 f
  U356/ZN (MAOI222D0)                      0.07       2.33 r
  U210/ZN (MAOI22D0)                       0.05       2.38 f
  U365/ZN (OAI21D0)                        0.04       2.42 r
  U212/ZN (IOA21D0)                        0.03       2.45 f
  U234/ZN (OAI22D0)                        0.06       2.51 r
  U236/ZN (MAOI222D0)                      0.06       2.57 f
  U381/ZN (MOAI22D0)                       0.06       2.63 r
  U382/Z (XOR2D0)                          0.06       2.68 f
  U383/ZN (CKND2D0)                        0.03       2.71 r
  U384/Z (XOR2D0)                          0.08       2.80 r
  U385/ZN (INVD0)                          0.02       2.82 f
  U394/ZN (NR3D0)                          0.05       2.87 r
  U395/ZN (INVD0)                          0.02       2.89 f
  U398/ZN (CKND2D0)                        0.13       3.02 r
  U662/Z (XOR2D0)                          0.07       3.10 f
  DP_OP_86J1_126_4690_U11/CO (FA1D0)       0.06       3.15 f
  DP_OP_86J1_126_4690_U10/CO (FA1D0)       0.06       3.21 f
  DP_OP_86J1_126_4690_U9/CO (FA1D0)        0.06       3.27 f
  DP_OP_86J1_126_4690_U8/CO (FA1D0)        0.06       3.32 f
  DP_OP_86J1_126_4690_U7/CO (FA1D0)        0.06       3.38 f
  DP_OP_86J1_126_4690_U6/CO (FA1D0)        0.06       3.43 f
  DP_OP_86J1_126_4690_U5/CO (FA1D0)        0.06       3.49 f
  DP_OP_86J1_126_4690_U4/CO (FA1D0)        0.06       3.54 f
  DP_OP_86J1_126_4690_U3/S (FA1D0)         0.07       3.61 r
  U418/ZN (AOI21D0)                        0.03       3.64 f
  U436/Z (AO31D0)                          0.06       3.70 f
  U437/ZN (AOI21D0)                        0.08       3.78 r
  U438/ZN (INVD0)                          0.05       3.83 f
  U194/ZN (NR3D0)                          0.05       3.88 r
  U193/ZN (CKND0)                          0.04       3.92 f
  U457/ZN (NR2D0)                          0.17       4.09 r
  U464/ZN (INVD0)                          0.07       4.16 f
  U584/ZN (OAI211D0)                       0.09       4.26 r
  result[20] (out)                         0.00       4.26 r
  data arrival time                                   4.26

  clock vclk (rise edge)                  10.00      10.00
  clock network delay (ideal)              0.00      10.00
  output external delay                   -0.02       9.98
  data required time                                  9.98
  -----------------------------------------------------------
  data required time                                  9.98
  data arrival time                                  -4.26
  -----------------------------------------------------------
  slack (MET)                                         5.72


  Startpoint: divide_mode
              (input port clocked by vclk)
  Endpoint: result[14] (output port clocked by vclk)
  Path Group: vclk
  Path Type: max

  Des/Clust/Port     Wire Load Model       Library
  ------------------------------------------------
  oadm_fixed_l0_opt  ZeroWireload          tcbn65gplustc_ccs

  Point                                    Incr       Path
  -----------------------------------------------------------
  clock vclk (rise edge)                   0.00       0.00
  clock network delay (ideal)              0.00       0.00
  input external delay                     0.02       0.02 r
  divide_mode (in)                         0.00       0.02 r
  U183/ZN (CKND0)                          0.13       0.16 f
  U185/ZN (INVD1)                          0.24       0.40 r
  U657/Z (XOR2D0)                          0.12       0.51 f
  DP_OP_97J1_124_6249_U28/CO (FA1D0)       0.06       0.57 f
  DP_OP_97J1_124_6249_U27/CO (FA1D0)       0.06       0.63 f
  DP_OP_97J1_124_6249_U26/CO (FA1D0)       0.06       0.68 f
  DP_OP_97J1_124_6249_U25/CO (FA1D0)       0.06       0.74 f
  DP_OP_97J1_124_6249_U24/CO (FA1D0)       0.06       0.79 f
  DP_OP_97J1_124_6249_U23/CO (FA1D0)       0.06       0.85 f
  DP_OP_97J1_124_6249_U22/CO (FA1D0)       0.06       0.91 f
  DP_OP_97J1_124_6249_U21/S (FA1D0)        0.10       1.00 r
  U269/Z (XOR2D0)                          0.07       1.08 r
  U192/Z (CKXOR2D0)                        0.06       1.14 f
  U286/ZN (MAOI222D0)                      0.08       1.22 r
  U287/ZN (OAI21D0)                        0.04       1.26 f
  U288/ZN (IOA21D0)                        0.04       1.30 r
  U291/ZN (CKND2D0)                        0.03       1.32 f
  U331/ZN (MAOI22D1)                       0.03       1.36 r
  U329/ZN (MAOI22D1)                       0.03       1.38 f
  U304/ZN (MAOI222D0)                      0.07       1.46 r
  U320/ZN (MAOI22D1)                       0.04       1.50 f
  U312/ZN (MAOI222D0)                      0.08       1.58 r
  U313/ZN (OAI21D0)                        0.04       1.62 f
  U314/ZN (IOA21D0)                        0.04       1.65 r
  U316/ZN (CKND2D0)                        0.03       1.68 f
  U307/ZN (MAOI22D1)                       0.03       1.71 r
  U328/ZN (AOI21D0)                        0.04       1.75 f
  U218/ZN (MAOI222D0)                      0.08       1.83 r
  U295/ZN (MAOI22D0)                       0.05       1.88 f
  U334/ZN (MAOI222D0)                      0.09       1.97 r
  U335/ZN (OAI21D0)                        0.04       2.01 f
  U336/ZN (IOA21D0)                        0.04       2.05 r
  U338/ZN (CKND2D0)                        0.03       2.07 f
  U281/ZN (MAOI22D1)                       0.03       2.10 r
  U350/ZN (AOI21D0)                        0.04       2.14 f
  U351/ZN (MAOI222D0)                      0.08       2.22 r
  U258/ZN (MAOI22D1)                       0.04       2.26 f
  U356/ZN (MAOI222D0)                      0.07       2.33 r
  U210/ZN (MAOI22D0)                       0.05       2.38 f
  U365/ZN (OAI21D0)                        0.04       2.42 r
  U212/ZN (IOA21D0)                        0.03       2.45 f
  U234/ZN (OAI22D0)                        0.06       2.51 r
  U236/ZN (MAOI222D0)                      0.06       2.57 f
  U381/ZN (MOAI22D0)                       0.06       2.63 r
  U382/Z (XOR2D0)                          0.06       2.68 f
  U383/ZN (CKND2D0)                        0.03       2.71 r
  U384/Z (XOR2D0)                          0.08       2.80 r
  U385/ZN (INVD0)                          0.02       2.82 f
  U394/ZN (NR3D0)                          0.05       2.87 r
  U395/ZN (INVD0)                          0.02       2.89 f
  U398/ZN (CKND2D0)                        0.13       3.02 r
  U662/Z (XOR2D0)                          0.07       3.10 f
  DP_OP_86J1_126_4690_U11/CO (FA1D0)       0.06       3.15 f
  DP_OP_86J1_126_4690_U10/CO (FA1D0)       0.06       3.21 f
  DP_OP_86J1_126_4690_U9/CO (FA1D0)        0.06       3.27 f
  DP_OP_86J1_126_4690_U8/CO (FA1D0)        0.06       3.32 f
  DP_OP_86J1_126_4690_U7/CO (FA1D0)        0.06       3.38 f
  DP_OP_86J1_126_4690_U6/CO (FA1D0)        0.06       3.43 f
  DP_OP_86J1_126_4690_U5/CO (FA1D0)        0.06       3.49 f
  DP_OP_86J1_126_4690_U4/CO (FA1D0)        0.06       3.54 f
  DP_OP_86J1_126_4690_U3/S (FA1D0)         0.07       3.61 r
  U418/ZN (AOI21D0)                        0.03       3.64 f
  U436/Z (AO31D0)                          0.06       3.70 f
  U437/ZN (AOI21D0)                        0.08       3.78 r
  U438/ZN (INVD0)                          0.05       3.83 f
  U194/ZN (NR3D0)                          0.05       3.88 r
  U193/ZN (CKND0)                          0.04       3.92 f
  U457/ZN (NR2D0)                          0.17       4.09 r
  U464/ZN (INVD0)                          0.07       4.16 f
  U581/ZN (OAI211D0)                       0.09       4.26 r
  result[14] (out)                         0.00       4.26 r
  data arrival time                                   4.26

  clock vclk (rise edge)                  10.00      10.00
  clock network delay (ideal)              0.00      10.00
  output external delay                   -0.02       9.98
  data required time                                  9.98
  -----------------------------------------------------------
  data required time                                  9.98
  data arrival time                                  -4.26
  -----------------------------------------------------------
  slack (MET)                                         5.72


  Startpoint: divide_mode
              (input port clocked by vclk)
  Endpoint: result[9] (output port clocked by vclk)
  Path Group: vclk
  Path Type: max

  Des/Clust/Port     Wire Load Model       Library
  ------------------------------------------------
  oadm_fixed_l0_opt  ZeroWireload          tcbn65gplustc_ccs

  Point                                    Incr       Path
  -----------------------------------------------------------
  clock vclk (rise edge)                   0.00       0.00
  clock network delay (ideal)              0.00       0.00
  input external delay                     0.02       0.02 r
  divide_mode (in)                         0.00       0.02 r
  U183/ZN (CKND0)                          0.13       0.16 f
  U185/ZN (INVD1)                          0.24       0.40 r
  U657/Z (XOR2D0)                          0.12       0.51 f
  DP_OP_97J1_124_6249_U28/CO (FA1D0)       0.06       0.57 f
  DP_OP_97J1_124_6249_U27/CO (FA1D0)       0.06       0.63 f
  DP_OP_97J1_124_6249_U26/CO (FA1D0)       0.06       0.68 f
  DP_OP_97J1_124_6249_U25/CO (FA1D0)       0.06       0.74 f
  DP_OP_97J1_124_6249_U24/CO (FA1D0)       0.06       0.79 f
  DP_OP_97J1_124_6249_U23/CO (FA1D0)       0.06       0.85 f
  DP_OP_97J1_124_6249_U22/CO (FA1D0)       0.06       0.91 f
  DP_OP_97J1_124_6249_U21/S (FA1D0)        0.10       1.00 r
  U269/Z (XOR2D0)                          0.07       1.08 r
  U192/Z (CKXOR2D0)                        0.06       1.14 f
  U286/ZN (MAOI222D0)                      0.08       1.22 r
  U287/ZN (OAI21D0)                        0.04       1.26 f
  U288/ZN (IOA21D0)                        0.04       1.30 r
  U291/ZN (CKND2D0)                        0.03       1.32 f
  U331/ZN (MAOI22D1)                       0.03       1.36 r
  U329/ZN (MAOI22D1)                       0.03       1.38 f
  U304/ZN (MAOI222D0)                      0.07       1.46 r
  U320/ZN (MAOI22D1)                       0.04       1.50 f
  U312/ZN (MAOI222D0)                      0.08       1.58 r
  U313/ZN (OAI21D0)                        0.04       1.62 f
  U314/ZN (IOA21D0)                        0.04       1.65 r
  U316/ZN (CKND2D0)                        0.03       1.68 f
  U307/ZN (MAOI22D1)                       0.03       1.71 r
  U328/ZN (AOI21D0)                        0.04       1.75 f
  U218/ZN (MAOI222D0)                      0.08       1.83 r
  U295/ZN (MAOI22D0)                       0.05       1.88 f
  U334/ZN (MAOI222D0)                      0.09       1.97 r
  U335/ZN (OAI21D0)                        0.04       2.01 f
  U336/ZN (IOA21D0)                        0.04       2.05 r
  U338/ZN (CKND2D0)                        0.03       2.07 f
  U281/ZN (MAOI22D1)                       0.03       2.10 r
  U350/ZN (AOI21D0)                        0.04       2.14 f
  U351/ZN (MAOI222D0)                      0.08       2.22 r
  U258/ZN (MAOI22D1)                       0.04       2.26 f
  U356/ZN (MAOI222D0)                      0.07       2.33 r
  U210/ZN (MAOI22D0)                       0.05       2.38 f
  U365/ZN (OAI21D0)                        0.04       2.42 r
  U212/ZN (IOA21D0)                        0.03       2.45 f
  U234/ZN (OAI22D0)                        0.06       2.51 r
  U236/ZN (MAOI222D0)                      0.06       2.57 f
  U381/ZN (MOAI22D0)                       0.06       2.63 r
  U382/Z (XOR2D0)                          0.06       2.68 f
  U383/ZN (CKND2D0)                        0.03       2.71 r
  U384/Z (XOR2D0)                          0.08       2.80 r
  U385/ZN (INVD0)                          0.02       2.82 f
  U394/ZN (NR3D0)                          0.05       2.87 r
  U395/ZN (INVD0)                          0.02       2.89 f
  U398/ZN (CKND2D0)                        0.13       3.02 r
  U662/Z (XOR2D0)                          0.07       3.10 f
  DP_OP_86J1_126_4690_U11/CO (FA1D0)       0.06       3.15 f
  DP_OP_86J1_126_4690_U10/CO (FA1D0)       0.06       3.21 f
  DP_OP_86J1_126_4690_U9/CO (FA1D0)        0.06       3.27 f
  DP_OP_86J1_126_4690_U8/CO (FA1D0)        0.06       3.32 f
  DP_OP_86J1_126_4690_U7/CO (FA1D0)        0.06       3.38 f
  DP_OP_86J1_126_4690_U6/CO (FA1D0)        0.06       3.43 f
  DP_OP_86J1_126_4690_U5/CO (FA1D0)        0.06       3.49 f
  DP_OP_86J1_126_4690_U4/CO (FA1D0)        0.06       3.54 f
  DP_OP_86J1_126_4690_U3/S (FA1D0)         0.07       3.61 r
  U418/ZN (AOI21D0)                        0.03       3.64 f
  U436/Z (AO31D0)                          0.06       3.70 f
  U437/ZN (AOI21D0)                        0.08       3.78 r
  U438/ZN (INVD0)                          0.05       3.83 f
  U194/ZN (NR3D0)                          0.05       3.88 r
  U193/ZN (CKND0)                          0.04       3.92 f
  U457/ZN (NR2D0)                          0.17       4.09 r
  U464/ZN (INVD0)                          0.07       4.16 f
  U578/ZN (OAI211D0)                       0.09       4.26 r
  result[9] (out)                          0.00       4.26 r
  data arrival time                                   4.26

  clock vclk (rise edge)                  10.00      10.00
  clock network delay (ideal)              0.00      10.00
  output external delay                   -0.02       9.98
  data required time                                  9.98
  -----------------------------------------------------------
  data required time                                  9.98
  data arrival time                                  -4.26
  -----------------------------------------------------------
  slack (MET)                                         5.72


  Startpoint: divide_mode
              (input port clocked by vclk)
  Endpoint: result[5] (output port clocked by vclk)
  Path Group: vclk
  Path Type: max

  Des/Clust/Port     Wire Load Model       Library
  ------------------------------------------------
  oadm_fixed_l0_opt  ZeroWireload          tcbn65gplustc_ccs

  Point                                    Incr       Path
  -----------------------------------------------------------
  clock vclk (rise edge)                   0.00       0.00
  clock network delay (ideal)              0.00       0.00
  input external delay                     0.02       0.02 r
  divide_mode (in)                         0.00       0.02 r
  U183/ZN (CKND0)                          0.13       0.16 f
  U185/ZN (INVD1)                          0.24       0.40 r
  U657/Z (XOR2D0)                          0.12       0.51 f
  DP_OP_97J1_124_6249_U28/CO (FA1D0)       0.06       0.57 f
  DP_OP_97J1_124_6249_U27/CO (FA1D0)       0.06       0.63 f
  DP_OP_97J1_124_6249_U26/CO (FA1D0)       0.06       0.68 f
  DP_OP_97J1_124_6249_U25/CO (FA1D0)       0.06       0.74 f
  DP_OP_97J1_124_6249_U24/CO (FA1D0)       0.06       0.79 f
  DP_OP_97J1_124_6249_U23/CO (FA1D0)       0.06       0.85 f
  DP_OP_97J1_124_6249_U22/CO (FA1D0)       0.06       0.91 f
  DP_OP_97J1_124_6249_U21/S (FA1D0)        0.10       1.00 r
  U269/Z (XOR2D0)                          0.07       1.08 r
  U192/Z (CKXOR2D0)                        0.06       1.14 f
  U286/ZN (MAOI222D0)                      0.08       1.22 r
  U287/ZN (OAI21D0)                        0.04       1.26 f
  U288/ZN (IOA21D0)                        0.04       1.30 r
  U291/ZN (CKND2D0)                        0.03       1.32 f
  U331/ZN (MAOI22D1)                       0.03       1.36 r
  U329/ZN (MAOI22D1)                       0.03       1.38 f
  U304/ZN (MAOI222D0)                      0.07       1.46 r
  U320/ZN (MAOI22D1)                       0.04       1.50 f
  U312/ZN (MAOI222D0)                      0.08       1.58 r
  U313/ZN (OAI21D0)                        0.04       1.62 f
  U314/ZN (IOA21D0)                        0.04       1.65 r
  U316/ZN (CKND2D0)                        0.03       1.68 f
  U307/ZN (MAOI22D1)                       0.03       1.71 r
  U328/ZN (AOI21D0)                        0.04       1.75 f
  U218/ZN (MAOI222D0)                      0.08       1.83 r
  U295/ZN (MAOI22D0)                       0.05       1.88 f
  U334/ZN (MAOI222D0)                      0.09       1.97 r
  U335/ZN (OAI21D0)                        0.04       2.01 f
  U336/ZN (IOA21D0)                        0.04       2.05 r
  U338/ZN (CKND2D0)                        0.03       2.07 f
  U281/ZN (MAOI22D1)                       0.03       2.10 r
  U350/ZN (AOI21D0)                        0.04       2.14 f
  U351/ZN (MAOI222D0)                      0.08       2.22 r
  U258/ZN (MAOI22D1)                       0.04       2.26 f
  U356/ZN (MAOI222D0)                      0.07       2.33 r
  U210/ZN (MAOI22D0)                       0.05       2.38 f
  U365/ZN (OAI21D0)                        0.04       2.42 r
  U212/ZN (IOA21D0)                        0.03       2.45 f
  U234/ZN (OAI22D0)                        0.06       2.51 r
  U236/ZN (MAOI222D0)                      0.06       2.57 f
  U381/ZN (MOAI22D0)                       0.06       2.63 r
  U382/Z (XOR2D0)                          0.06       2.68 f
  U383/ZN (CKND2D0)                        0.03       2.71 r
  U384/Z (XOR2D0)                          0.08       2.80 r
  U385/ZN (INVD0)                          0.02       2.82 f
  U394/ZN (NR3D0)                          0.05       2.87 r
  U395/ZN (INVD0)                          0.02       2.89 f
  U398/ZN (CKND2D0)                        0.13       3.02 r
  U662/Z (XOR2D0)                          0.07       3.10 f
  DP_OP_86J1_126_4690_U11/CO (FA1D0)       0.06       3.15 f
  DP_OP_86J1_126_4690_U10/CO (FA1D0)       0.06       3.21 f
  DP_OP_86J1_126_4690_U9/CO (FA1D0)        0.06       3.27 f
  DP_OP_86J1_126_4690_U8/CO (FA1D0)        0.06       3.32 f
  DP_OP_86J1_126_4690_U7/CO (FA1D0)        0.06       3.38 f
  DP_OP_86J1_126_4690_U6/CO (FA1D0)        0.06       3.43 f
  DP_OP_86J1_126_4690_U5/CO (FA1D0)        0.06       3.49 f
  DP_OP_86J1_126_4690_U4/CO (FA1D0)        0.06       3.54 f
  DP_OP_86J1_126_4690_U3/S (FA1D0)         0.07       3.61 r
  U418/ZN (AOI21D0)                        0.03       3.64 f
  U436/Z (AO31D0)                          0.06       3.70 f
  U437/ZN (AOI21D0)                        0.08       3.78 r
  U438/ZN (INVD0)                          0.05       3.83 f
  U194/ZN (NR3D0)                          0.05       3.88 r
  U193/ZN (CKND0)                          0.04       3.92 f
  U457/ZN (NR2D0)                          0.17       4.09 r
  U464/ZN (INVD0)                          0.07       4.16 f
  U587/ZN (OAI211D0)                       0.09       4.26 r
  result[5] (out)                          0.00       4.26 r
  data arrival time                                   4.26

  clock vclk (rise edge)                  10.00      10.00
  clock network delay (ideal)              0.00      10.00
  output external delay                   -0.02       9.98
  data required time                                  9.98
  -----------------------------------------------------------
  data required time                                  9.98
  data arrival time                                  -4.26
  -----------------------------------------------------------
  slack (MET)                                         5.72


  Startpoint: divide_mode
              (input port clocked by vclk)
  Endpoint: result[15] (output port clocked by vclk)
  Path Group: vclk
  Path Type: max

  Des/Clust/Port     Wire Load Model       Library
  ------------------------------------------------
  oadm_fixed_l0_opt  ZeroWireload          tcbn65gplustc_ccs

  Point                                    Incr       Path
  -----------------------------------------------------------
  clock vclk (rise edge)                   0.00       0.00
  clock network delay (ideal)              0.00       0.00
  input external delay                     0.02       0.02 r
  divide_mode (in)                         0.00       0.02 r
  U183/ZN (CKND0)                          0.13       0.16 f
  U185/ZN (INVD1)                          0.24       0.40 r
  U657/Z (XOR2D0)                          0.12       0.51 f
  DP_OP_97J1_124_6249_U28/CO (FA1D0)       0.06       0.57 f
  DP_OP_97J1_124_6249_U27/CO (FA1D0)       0.06       0.63 f
  DP_OP_97J1_124_6249_U26/CO (FA1D0)       0.06       0.68 f
  DP_OP_97J1_124_6249_U25/CO (FA1D0)       0.06       0.74 f
  DP_OP_97J1_124_6249_U24/CO (FA1D0)       0.06       0.79 f
  DP_OP_97J1_124_6249_U23/CO (FA1D0)       0.06       0.85 f
  DP_OP_97J1_124_6249_U22/CO (FA1D0)       0.06       0.91 f
  DP_OP_97J1_124_6249_U21/S (FA1D0)        0.10       1.00 r
  U269/Z (XOR2D0)                          0.07       1.08 r
  U192/Z (CKXOR2D0)                        0.06       1.14 f
  U286/ZN (MAOI222D0)                      0.08       1.22 r
  U287/ZN (OAI21D0)                        0.04       1.26 f
  U288/ZN (IOA21D0)                        0.04       1.30 r
  U291/ZN (CKND2D0)                        0.03       1.32 f
  U331/ZN (MAOI22D1)                       0.03       1.36 r
  U329/ZN (MAOI22D1)                       0.03       1.38 f
  U304/ZN (MAOI222D0)                      0.07       1.46 r
  U320/ZN (MAOI22D1)                       0.04       1.50 f
  U312/ZN (MAOI222D0)                      0.08       1.58 r
  U313/ZN (OAI21D0)                        0.04       1.62 f
  U314/ZN (IOA21D0)                        0.04       1.65 r
  U316/ZN (CKND2D0)                        0.03       1.68 f
  U307/ZN (MAOI22D1)                       0.03       1.71 r
  U328/ZN (AOI21D0)                        0.04       1.75 f
  U218/ZN (MAOI222D0)                      0.08       1.83 r
  U295/ZN (MAOI22D0)                       0.05       1.88 f
  U334/ZN (MAOI222D0)                      0.09       1.97 r
  U335/ZN (OAI21D0)                        0.04       2.01 f
  U336/ZN (IOA21D0)                        0.04       2.05 r
  U338/ZN (CKND2D0)                        0.03       2.07 f
  U281/ZN (MAOI22D1)                       0.03       2.10 r
  U350/ZN (AOI21D0)                        0.04       2.14 f
  U351/ZN (MAOI222D0)                      0.08       2.22 r
  U258/ZN (MAOI22D1)                       0.04       2.26 f
  U356/ZN (MAOI222D0)                      0.07       2.33 r
  U210/ZN (MAOI22D0)                       0.05       2.38 f
  U365/ZN (OAI21D0)                        0.04       2.42 r
  U212/ZN (IOA21D0)                        0.03       2.45 f
  U234/ZN (OAI22D0)                        0.06       2.51 r
  U236/ZN (MAOI222D0)                      0.06       2.57 f
  U381/ZN (MOAI22D0)                       0.06       2.63 r
  U382/Z (XOR2D0)                          0.06       2.68 f
  U383/ZN (CKND2D0)                        0.03       2.71 r
  U384/Z (XOR2D0)                          0.08       2.80 r
  U385/ZN (INVD0)                          0.02       2.82 f
  U394/ZN (NR3D0)                          0.05       2.87 r
  U395/ZN (INVD0)                          0.02       2.89 f
  U398/ZN (CKND2D0)                        0.13       3.02 r
  U662/Z (XOR2D0)                          0.07       3.10 f
  DP_OP_86J1_126_4690_U11/CO (FA1D0)       0.06       3.15 f
  DP_OP_86J1_126_4690_U10/CO (FA1D0)       0.06       3.21 f
  DP_OP_86J1_126_4690_U9/CO (FA1D0)        0.06       3.27 f
  DP_OP_86J1_126_4690_U8/CO (FA1D0)        0.06       3.32 f
  DP_OP_86J1_126_4690_U7/CO (FA1D0)        0.06       3.38 f
  DP_OP_86J1_126_4690_U6/CO (FA1D0)        0.06       3.43 f
  DP_OP_86J1_126_4690_U5/CO (FA1D0)        0.06       3.49 f
  DP_OP_86J1_126_4690_U4/CO (FA1D0)        0.06       3.54 f
  DP_OP_86J1_126_4690_U3/S (FA1D0)         0.07       3.61 r
  U418/ZN (AOI21D0)                        0.03       3.64 f
  U436/Z (AO31D0)                          0.06       3.70 f
  U437/ZN (AOI21D0)                        0.08       3.78 r
  U438/ZN (INVD0)                          0.05       3.83 f
  U194/ZN (NR3D0)                          0.05       3.88 r
  U193/ZN (CKND0)                          0.04       3.92 f
  U446/ZN (NR2D0)                          0.18       4.10 r
  U447/ZN (INVD0)                          0.06       4.16 f
  U551/ZN (OAI211D0)                       0.09       4.25 r
  result[15] (out)                         0.00       4.25 r
  data arrival time                                   4.25

  clock vclk (rise edge)                  10.00      10.00
  clock network delay (ideal)              0.00      10.00
  output external delay                   -0.02       9.98
  data required time                                  9.98
  -----------------------------------------------------------
  data required time                                  9.98
  data arrival time                                  -4.25
  -----------------------------------------------------------
  slack (MET)                                         5.73


  Startpoint: divide_mode
              (input port clocked by vclk)
  Endpoint: result[10] (output port clocked by vclk)
  Path Group: vclk
  Path Type: max

  Des/Clust/Port     Wire Load Model       Library
  ------------------------------------------------
  oadm_fixed_l0_opt  ZeroWireload          tcbn65gplustc_ccs

  Point                                    Incr       Path
  -----------------------------------------------------------
  clock vclk (rise edge)                   0.00       0.00
  clock network delay (ideal)              0.00       0.00
  input external delay                     0.02       0.02 r
  divide_mode (in)                         0.00       0.02 r
  U183/ZN (CKND0)                          0.13       0.16 f
  U185/ZN (INVD1)                          0.24       0.40 r
  U657/Z (XOR2D0)                          0.12       0.51 f
  DP_OP_97J1_124_6249_U28/CO (FA1D0)       0.06       0.57 f
  DP_OP_97J1_124_6249_U27/CO (FA1D0)       0.06       0.63 f
  DP_OP_97J1_124_6249_U26/CO (FA1D0)       0.06       0.68 f
  DP_OP_97J1_124_6249_U25/CO (FA1D0)       0.06       0.74 f
  DP_OP_97J1_124_6249_U24/CO (FA1D0)       0.06       0.79 f
  DP_OP_97J1_124_6249_U23/CO (FA1D0)       0.06       0.85 f
  DP_OP_97J1_124_6249_U22/CO (FA1D0)       0.06       0.91 f
  DP_OP_97J1_124_6249_U21/S (FA1D0)        0.10       1.00 r
  U269/Z (XOR2D0)                          0.07       1.08 r
  U192/Z (CKXOR2D0)                        0.06       1.14 f
  U286/ZN (MAOI222D0)                      0.08       1.22 r
  U287/ZN (OAI21D0)                        0.04       1.26 f
  U288/ZN (IOA21D0)                        0.04       1.30 r
  U291/ZN (CKND2D0)                        0.03       1.32 f
  U331/ZN (MAOI22D1)                       0.03       1.36 r
  U329/ZN (MAOI22D1)                       0.03       1.38 f
  U304/ZN (MAOI222D0)                      0.07       1.46 r
  U320/ZN (MAOI22D1)                       0.04       1.50 f
  U312/ZN (MAOI222D0)                      0.08       1.58 r
  U313/ZN (OAI21D0)                        0.04       1.62 f
  U314/ZN (IOA21D0)                        0.04       1.65 r
  U316/ZN (CKND2D0)                        0.03       1.68 f
  U307/ZN (MAOI22D1)                       0.03       1.71 r
  U328/ZN (AOI21D0)                        0.04       1.75 f
  U218/ZN (MAOI222D0)                      0.08       1.83 r
  U295/ZN (MAOI22D0)                       0.05       1.88 f
  U334/ZN (MAOI222D0)                      0.09       1.97 r
  U335/ZN (OAI21D0)                        0.04       2.01 f
  U336/ZN (IOA21D0)                        0.04       2.05 r
  U338/ZN (CKND2D0)                        0.03       2.07 f
  U281/ZN (MAOI22D1)                       0.03       2.10 r
  U350/ZN (AOI21D0)                        0.04       2.14 f
  U351/ZN (MAOI222D0)                      0.08       2.22 r
  U258/ZN (MAOI22D1)                       0.04       2.26 f
  U356/ZN (MAOI222D0)                      0.07       2.33 r
  U210/ZN (MAOI22D0)                       0.05       2.38 f
  U365/ZN (OAI21D0)                        0.04       2.42 r
  U212/ZN (IOA21D0)                        0.03       2.45 f
  U234/ZN (OAI22D0)                        0.06       2.51 r
  U236/ZN (MAOI222D0)                      0.06       2.57 f
  U381/ZN (MOAI22D0)                       0.06       2.63 r
  U382/Z (XOR2D0)                          0.06       2.68 f
  U383/ZN (CKND2D0)                        0.03       2.71 r
  U384/Z (XOR2D0)                          0.08       2.80 r
  U385/ZN (INVD0)                          0.02       2.82 f
  U394/ZN (NR3D0)                          0.05       2.87 r
  U395/ZN (INVD0)                          0.02       2.89 f
  U398/ZN (CKND2D0)                        0.13       3.02 r
  U662/Z (XOR2D0)                          0.07       3.10 f
  DP_OP_86J1_126_4690_U11/CO (FA1D0)       0.06       3.15 f
  DP_OP_86J1_126_4690_U10/CO (FA1D0)       0.06       3.21 f
  DP_OP_86J1_126_4690_U9/CO (FA1D0)        0.06       3.27 f
  DP_OP_86J1_126_4690_U8/CO (FA1D0)        0.06       3.32 f
  DP_OP_86J1_126_4690_U7/CO (FA1D0)        0.06       3.38 f
  DP_OP_86J1_126_4690_U6/CO (FA1D0)        0.06       3.43 f
  DP_OP_86J1_126_4690_U5/CO (FA1D0)        0.06       3.49 f
  DP_OP_86J1_126_4690_U4/CO (FA1D0)        0.06       3.54 f
  DP_OP_86J1_126_4690_U3/S (FA1D0)         0.07       3.61 r
  U418/ZN (AOI21D0)                        0.03       3.64 f
  U436/Z (AO31D0)                          0.06       3.70 f
  U437/ZN (AOI21D0)                        0.08       3.78 r
  U438/ZN (INVD0)                          0.05       3.83 f
  U194/ZN (NR3D0)                          0.05       3.88 r
  U193/ZN (CKND0)                          0.04       3.92 f
  U446/ZN (NR2D0)                          0.18       4.10 r
  U447/ZN (INVD0)                          0.06       4.16 f
  U535/ZN (OAI211D0)                       0.09       4.25 r
  result[10] (out)                         0.00       4.25 r
  data arrival time                                   4.25

  clock vclk (rise edge)                  10.00      10.00
  clock network delay (ideal)              0.00      10.00
  output external delay                   -0.02       9.98
  data required time                                  9.98
  -----------------------------------------------------------
  data required time                                  9.98
  data arrival time                                  -4.25
  -----------------------------------------------------------
  slack (MET)                                         5.73


  Startpoint: divide_mode
              (input port clocked by vclk)
  Endpoint: result[6] (output port clocked by vclk)
  Path Group: vclk
  Path Type: max

  Des/Clust/Port     Wire Load Model       Library
  ------------------------------------------------
  oadm_fixed_l0_opt  ZeroWireload          tcbn65gplustc_ccs

  Point                                    Incr       Path
  -----------------------------------------------------------
  clock vclk (rise edge)                   0.00       0.00
  clock network delay (ideal)              0.00       0.00
  input external delay                     0.02       0.02 r
  divide_mode (in)                         0.00       0.02 r
  U183/ZN (CKND0)                          0.13       0.16 f
  U185/ZN (INVD1)                          0.24       0.40 r
  U657/Z (XOR2D0)                          0.12       0.51 f
  DP_OP_97J1_124_6249_U28/CO (FA1D0)       0.06       0.57 f
  DP_OP_97J1_124_6249_U27/CO (FA1D0)       0.06       0.63 f
  DP_OP_97J1_124_6249_U26/CO (FA1D0)       0.06       0.68 f
  DP_OP_97J1_124_6249_U25/CO (FA1D0)       0.06       0.74 f
  DP_OP_97J1_124_6249_U24/CO (FA1D0)       0.06       0.79 f
  DP_OP_97J1_124_6249_U23/CO (FA1D0)       0.06       0.85 f
  DP_OP_97J1_124_6249_U22/CO (FA1D0)       0.06       0.91 f
  DP_OP_97J1_124_6249_U21/S (FA1D0)        0.10       1.00 r
  U269/Z (XOR2D0)                          0.07       1.08 r
  U192/Z (CKXOR2D0)                        0.06       1.14 f
  U286/ZN (MAOI222D0)                      0.08       1.22 r
  U287/ZN (OAI21D0)                        0.04       1.26 f
  U288/ZN (IOA21D0)                        0.04       1.30 r
  U291/ZN (CKND2D0)                        0.03       1.32 f
  U331/ZN (MAOI22D1)                       0.03       1.36 r
  U329/ZN (MAOI22D1)                       0.03       1.38 f
  U304/ZN (MAOI222D0)                      0.07       1.46 r
  U320/ZN (MAOI22D1)                       0.04       1.50 f
  U312/ZN (MAOI222D0)                      0.08       1.58 r
  U313/ZN (OAI21D0)                        0.04       1.62 f
  U314/ZN (IOA21D0)                        0.04       1.65 r
  U316/ZN (CKND2D0)                        0.03       1.68 f
  U307/ZN (MAOI22D1)                       0.03       1.71 r
  U328/ZN (AOI21D0)                        0.04       1.75 f
  U218/ZN (MAOI222D0)                      0.08       1.83 r
  U295/ZN (MAOI22D0)                       0.05       1.88 f
  U334/ZN (MAOI222D0)                      0.09       1.97 r
  U335/ZN (OAI21D0)                        0.04       2.01 f
  U336/ZN (IOA21D0)                        0.04       2.05 r
  U338/ZN (CKND2D0)                        0.03       2.07 f
  U281/ZN (MAOI22D1)                       0.03       2.10 r
  U350/ZN (AOI21D0)                        0.04       2.14 f
  U351/ZN (MAOI222D0)                      0.08       2.22 r
  U258/ZN (MAOI22D1)                       0.04       2.26 f
  U356/ZN (MAOI222D0)                      0.07       2.33 r
  U210/ZN (MAOI22D0)                       0.05       2.38 f
  U365/ZN (OAI21D0)                        0.04       2.42 r
  U212/ZN (IOA21D0)                        0.03       2.45 f
  U234/ZN (OAI22D0)                        0.06       2.51 r
  U236/ZN (MAOI222D0)                      0.06       2.57 f
  U381/ZN (MOAI22D0)                       0.06       2.63 r
  U382/Z (XOR2D0)                          0.06       2.68 f
  U383/ZN (CKND2D0)                        0.03       2.71 r
  U384/Z (XOR2D0)                          0.08       2.80 r
  U385/ZN (INVD0)                          0.02       2.82 f
  U394/ZN (NR3D0)                          0.05       2.87 r
  U395/ZN (INVD0)                          0.02       2.89 f
  U398/ZN (CKND2D0)                        0.13       3.02 r
  U662/Z (XOR2D0)                          0.07       3.10 f
  DP_OP_86J1_126_4690_U11/CO (FA1D0)       0.06       3.15 f
  DP_OP_86J1_126_4690_U10/CO (FA1D0)       0.06       3.21 f
  DP_OP_86J1_126_4690_U9/CO (FA1D0)        0.06       3.27 f
  DP_OP_86J1_126_4690_U8/CO (FA1D0)        0.06       3.32 f
  DP_OP_86J1_126_4690_U7/CO (FA1D0)        0.06       3.38 f
  DP_OP_86J1_126_4690_U6/CO (FA1D0)        0.06       3.43 f
  DP_OP_86J1_126_4690_U5/CO (FA1D0)        0.06       3.49 f
  DP_OP_86J1_126_4690_U4/CO (FA1D0)        0.06       3.54 f
  DP_OP_86J1_126_4690_U3/S (FA1D0)         0.07       3.61 r
  U418/ZN (AOI21D0)                        0.03       3.64 f
  U436/Z (AO31D0)                          0.06       3.70 f
  U437/ZN (AOI21D0)                        0.08       3.78 r
  U438/ZN (INVD0)                          0.05       3.83 f
  U194/ZN (NR3D0)                          0.05       3.88 r
  U193/ZN (CKND0)                          0.04       3.92 f
  U446/ZN (NR2D0)                          0.18       4.10 r
  U447/ZN (INVD0)                          0.06       4.16 f
  U545/ZN (OAI211D0)                       0.09       4.25 r
  result[6] (out)                          0.00       4.25 r
  data arrival time                                   4.25

  clock vclk (rise edge)                  10.00      10.00
  clock network delay (ideal)              0.00      10.00
  output external delay                   -0.02       9.98
  data required time                                  9.98
  -----------------------------------------------------------
  data required time                                  9.98
  data arrival time                                  -4.25
  -----------------------------------------------------------
  slack (MET)                                         5.73


  Startpoint: divide_mode
              (input port clocked by vclk)
  Endpoint: result[22] (output port clocked by vclk)
  Path Group: vclk
  Path Type: max

  Des/Clust/Port     Wire Load Model       Library
  ------------------------------------------------
  oadm_fixed_l0_opt  ZeroWireload          tcbn65gplustc_ccs

  Point                                    Incr       Path
  -----------------------------------------------------------
  clock vclk (rise edge)                   0.00       0.00
  clock network delay (ideal)              0.00       0.00
  input external delay                     0.02       0.02 r
  divide_mode (in)                         0.00       0.02 r
  U183/ZN (CKND0)                          0.13       0.16 f
  U185/ZN (INVD1)                          0.24       0.40 r
  U657/Z (XOR2D0)                          0.12       0.51 f
  DP_OP_97J1_124_6249_U28/CO (FA1D0)       0.06       0.57 f
  DP_OP_97J1_124_6249_U27/CO (FA1D0)       0.06       0.63 f
  DP_OP_97J1_124_6249_U26/CO (FA1D0)       0.06       0.68 f
  DP_OP_97J1_124_6249_U25/CO (FA1D0)       0.06       0.74 f
  DP_OP_97J1_124_6249_U24/CO (FA1D0)       0.06       0.79 f
  DP_OP_97J1_124_6249_U23/CO (FA1D0)       0.06       0.85 f
  DP_OP_97J1_124_6249_U22/CO (FA1D0)       0.06       0.91 f
  DP_OP_97J1_124_6249_U21/S (FA1D0)        0.10       1.00 r
  U269/Z (XOR2D0)                          0.07       1.08 r
  U192/Z (CKXOR2D0)                        0.06       1.14 f
  U286/ZN (MAOI222D0)                      0.08       1.22 r
  U287/ZN (OAI21D0)                        0.04       1.26 f
  U288/ZN (IOA21D0)                        0.04       1.30 r
  U291/ZN (CKND2D0)                        0.03       1.32 f
  U331/ZN (MAOI22D1)                       0.03       1.36 r
  U329/ZN (MAOI22D1)                       0.03       1.38 f
  U304/ZN (MAOI222D0)                      0.07       1.46 r
  U320/ZN (MAOI22D1)                       0.04       1.50 f
  U312/ZN (MAOI222D0)                      0.08       1.58 r
  U313/ZN (OAI21D0)                        0.04       1.62 f
  U314/ZN (IOA21D0)                        0.04       1.65 r
  U316/ZN (CKND2D0)                        0.03       1.68 f
  U307/ZN (MAOI22D1)                       0.03       1.71 r
  U328/ZN (AOI21D0)                        0.04       1.75 f
  U218/ZN (MAOI222D0)                      0.08       1.83 r
  U295/ZN (MAOI22D0)                       0.05       1.88 f
  U334/ZN (MAOI222D0)                      0.09       1.97 r
  U335/ZN (OAI21D0)                        0.04       2.01 f
  U336/ZN (IOA21D0)                        0.04       2.05 r
  U338/ZN (CKND2D0)                        0.03       2.07 f
  U281/ZN (MAOI22D1)                       0.03       2.10 r
  U350/ZN (AOI21D0)                        0.04       2.14 f
  U351/ZN (MAOI222D0)                      0.08       2.22 r
  U258/ZN (MAOI22D1)                       0.04       2.26 f
  U356/ZN (MAOI222D0)                      0.07       2.33 r
  U210/ZN (MAOI22D0)                       0.05       2.38 f
  U365/ZN (OAI21D0)                        0.04       2.42 r
  U212/ZN (IOA21D0)                        0.03       2.45 f
  U234/ZN (OAI22D0)                        0.06       2.51 r
  U236/ZN (MAOI222D0)                      0.06       2.57 f
  U381/ZN (MOAI22D0)                       0.06       2.63 r
  U382/Z (XOR2D0)                          0.06       2.68 f
  U383/ZN (CKND2D0)                        0.03       2.71 r
  U384/Z (XOR2D0)                          0.08       2.80 r
  U385/ZN (INVD0)                          0.02       2.82 f
  U394/ZN (NR3D0)                          0.05       2.87 r
  U395/ZN (INVD0)                          0.02       2.89 f
  U398/ZN (CKND2D0)                        0.13       3.02 r
  U662/Z (XOR2D0)                          0.07       3.10 f
  DP_OP_86J1_126_4690_U11/CO (FA1D0)       0.06       3.15 f
  DP_OP_86J1_126_4690_U10/CO (FA1D0)       0.06       3.21 f
  DP_OP_86J1_126_4690_U9/CO (FA1D0)        0.06       3.27 f
  DP_OP_86J1_126_4690_U8/CO (FA1D0)        0.06       3.32 f
  DP_OP_86J1_126_4690_U7/CO (FA1D0)        0.06       3.38 f
  DP_OP_86J1_126_4690_U6/CO (FA1D0)        0.06       3.43 f
  DP_OP_86J1_126_4690_U5/CO (FA1D0)        0.06       3.49 f
  DP_OP_86J1_126_4690_U4/CO (FA1D0)        0.06       3.54 f
  DP_OP_86J1_126_4690_U3/S (FA1D0)         0.07       3.61 r
  U418/ZN (AOI21D0)                        0.03       3.64 f
  U436/Z (AO31D0)                          0.06       3.70 f
  U437/ZN (AOI21D0)                        0.08       3.78 r
  U438/ZN (INVD0)                          0.05       3.83 f
  U194/ZN (NR3D0)                          0.05       3.88 r
  U193/ZN (CKND0)                          0.04       3.92 f
  U457/ZN (NR2D0)                          0.17       4.09 r
  U464/ZN (INVD0)                          0.07       4.16 f
  U610/ZN (OAI21D0)                        0.09       4.25 r
  result[22] (out)                         0.00       4.25 r
  data arrival time                                   4.25

  clock vclk (rise edge)                  10.00      10.00
  clock network delay (ideal)              0.00      10.00
  output external delay                   -0.02       9.98
  data required time                                  9.98
  -----------------------------------------------------------
  data required time                                  9.98
  data arrival time                                  -4.25
  -----------------------------------------------------------
  slack (MET)                                         5.73


  Startpoint: divide_mode
              (input port clocked by vclk)
  Endpoint: result[17] (output port clocked by vclk)
  Path Group: vclk
  Path Type: max

  Des/Clust/Port     Wire Load Model       Library
  ------------------------------------------------
  oadm_fixed_l0_opt  ZeroWireload          tcbn65gplustc_ccs

  Point                                    Incr       Path
  -----------------------------------------------------------
  clock vclk (rise edge)                   0.00       0.00
  clock network delay (ideal)              0.00       0.00
  input external delay                     0.02       0.02 r
  divide_mode (in)                         0.00       0.02 r
  U183/ZN (CKND0)                          0.13       0.16 f
  U185/ZN (INVD1)                          0.24       0.40 r
  U657/Z (XOR2D0)                          0.12       0.51 f
  DP_OP_97J1_124_6249_U28/CO (FA1D0)       0.06       0.57 f
  DP_OP_97J1_124_6249_U27/CO (FA1D0)       0.06       0.63 f
  DP_OP_97J1_124_6249_U26/CO (FA1D0)       0.06       0.68 f
  DP_OP_97J1_124_6249_U25/CO (FA1D0)       0.06       0.74 f
  DP_OP_97J1_124_6249_U24/CO (FA1D0)       0.06       0.79 f
  DP_OP_97J1_124_6249_U23/CO (FA1D0)       0.06       0.85 f
  DP_OP_97J1_124_6249_U22/CO (FA1D0)       0.06       0.91 f
  DP_OP_97J1_124_6249_U21/S (FA1D0)        0.10       1.00 r
  U269/Z (XOR2D0)                          0.07       1.08 r
  U192/Z (CKXOR2D0)                        0.06       1.14 f
  U286/ZN (MAOI222D0)                      0.08       1.22 r
  U287/ZN (OAI21D0)                        0.04       1.26 f
  U288/ZN (IOA21D0)                        0.04       1.30 r
  U291/ZN (CKND2D0)                        0.03       1.32 f
  U331/ZN (MAOI22D1)                       0.03       1.36 r
  U329/ZN (MAOI22D1)                       0.03       1.38 f
  U304/ZN (MAOI222D0)                      0.07       1.46 r
  U320/ZN (MAOI22D1)                       0.04       1.50 f
  U312/ZN (MAOI222D0)                      0.08       1.58 r
  U313/ZN (OAI21D0)                        0.04       1.62 f
  U314/ZN (IOA21D0)                        0.04       1.65 r
  U316/ZN (CKND2D0)                        0.03       1.68 f
  U307/ZN (MAOI22D1)                       0.03       1.71 r
  U328/ZN (AOI21D0)                        0.04       1.75 f
  U218/ZN (MAOI222D0)                      0.08       1.83 r
  U295/ZN (MAOI22D0)                       0.05       1.88 f
  U334/ZN (MAOI222D0)                      0.09       1.97 r
  U335/ZN (OAI21D0)                        0.04       2.01 f
  U336/ZN (IOA21D0)                        0.04       2.05 r
  U338/ZN (CKND2D0)                        0.03       2.07 f
  U281/ZN (MAOI22D1)                       0.03       2.10 r
  U350/ZN (AOI21D0)                        0.04       2.14 f
  U351/ZN (MAOI222D0)                      0.08       2.22 r
  U258/ZN (MAOI22D1)                       0.04       2.26 f
  U356/ZN (MAOI222D0)                      0.07       2.33 r
  U210/ZN (MAOI22D0)                       0.05       2.38 f
  U365/ZN (OAI21D0)                        0.04       2.42 r
  U212/ZN (IOA21D0)                        0.03       2.45 f
  U234/ZN (OAI22D0)                        0.06       2.51 r
  U236/ZN (MAOI222D0)                      0.06       2.57 f
  U381/ZN (MOAI22D0)                       0.06       2.63 r
  U382/Z (XOR2D0)                          0.06       2.68 f
  U383/ZN (CKND2D0)                        0.03       2.71 r
  U384/Z (XOR2D0)                          0.08       2.80 r
  U385/ZN (INVD0)                          0.02       2.82 f
  U394/ZN (NR3D0)                          0.05       2.87 r
  U395/ZN (INVD0)                          0.02       2.89 f
  U398/ZN (CKND2D0)                        0.13       3.02 r
  U662/Z (XOR2D0)                          0.07       3.10 f
  DP_OP_86J1_126_4690_U11/CO (FA1D0)       0.06       3.15 f
  DP_OP_86J1_126_4690_U10/CO (FA1D0)       0.06       3.21 f
  DP_OP_86J1_126_4690_U9/CO (FA1D0)        0.06       3.27 f
  DP_OP_86J1_126_4690_U8/CO (FA1D0)        0.06       3.32 f
  DP_OP_86J1_126_4690_U7/CO (FA1D0)        0.06       3.38 f
  DP_OP_86J1_126_4690_U6/CO (FA1D0)        0.06       3.43 f
  DP_OP_86J1_126_4690_U5/CO (FA1D0)        0.06       3.49 f
  DP_OP_86J1_126_4690_U4/CO (FA1D0)        0.06       3.54 f
  DP_OP_86J1_126_4690_U3/S (FA1D0)         0.07       3.61 r
  U418/ZN (AOI21D0)                        0.03       3.64 f
  U436/Z (AO31D0)                          0.06       3.70 f
  U437/ZN (AOI21D0)                        0.08       3.78 r
  U438/ZN (INVD0)                          0.05       3.83 f
  U194/ZN (NR3D0)                          0.05       3.88 r
  U193/ZN (CKND0)                          0.04       3.92 f
  U440/ZN (NR2D0)                          0.18       4.10 r
  U441/ZN (INVD0)                          0.05       4.15 f
  U566/ZN (OAI211D0)                       0.09       4.24 r
  result[17] (out)                         0.00       4.24 r
  data arrival time                                   4.24

  clock vclk (rise edge)                  10.00      10.00
  clock network delay (ideal)              0.00      10.00
  output external delay                   -0.02       9.98
  data required time                                  9.98
  -----------------------------------------------------------
  data required time                                  9.98
  data arrival time                                  -4.24
  -----------------------------------------------------------
  slack (MET)                                         5.74


  Startpoint: divide_mode
              (input port clocked by vclk)
  Endpoint: result[12] (output port clocked by vclk)
  Path Group: vclk
  Path Type: max

  Des/Clust/Port     Wire Load Model       Library
  ------------------------------------------------
  oadm_fixed_l0_opt  ZeroWireload          tcbn65gplustc_ccs

  Point                                    Incr       Path
  -----------------------------------------------------------
  clock vclk (rise edge)                   0.00       0.00
  clock network delay (ideal)              0.00       0.00
  input external delay                     0.02       0.02 r
  divide_mode (in)                         0.00       0.02 r
  U183/ZN (CKND0)                          0.13       0.16 f
  U185/ZN (INVD1)                          0.24       0.40 r
  U657/Z (XOR2D0)                          0.12       0.51 f
  DP_OP_97J1_124_6249_U28/CO (FA1D0)       0.06       0.57 f
  DP_OP_97J1_124_6249_U27/CO (FA1D0)       0.06       0.63 f
  DP_OP_97J1_124_6249_U26/CO (FA1D0)       0.06       0.68 f
  DP_OP_97J1_124_6249_U25/CO (FA1D0)       0.06       0.74 f
  DP_OP_97J1_124_6249_U24/CO (FA1D0)       0.06       0.79 f
  DP_OP_97J1_124_6249_U23/CO (FA1D0)       0.06       0.85 f
  DP_OP_97J1_124_6249_U22/CO (FA1D0)       0.06       0.91 f
  DP_OP_97J1_124_6249_U21/S (FA1D0)        0.10       1.00 r
  U269/Z (XOR2D0)                          0.07       1.08 r
  U192/Z (CKXOR2D0)                        0.06       1.14 f
  U286/ZN (MAOI222D0)                      0.08       1.22 r
  U287/ZN (OAI21D0)                        0.04       1.26 f
  U288/ZN (IOA21D0)                        0.04       1.30 r
  U291/ZN (CKND2D0)                        0.03       1.32 f
  U331/ZN (MAOI22D1)                       0.03       1.36 r
  U329/ZN (MAOI22D1)                       0.03       1.38 f
  U304/ZN (MAOI222D0)                      0.07       1.46 r
  U320/ZN (MAOI22D1)                       0.04       1.50 f
  U312/ZN (MAOI222D0)                      0.08       1.58 r
  U313/ZN (OAI21D0)                        0.04       1.62 f
  U314/ZN (IOA21D0)                        0.04       1.65 r
  U316/ZN (CKND2D0)                        0.03       1.68 f
  U307/ZN (MAOI22D1)                       0.03       1.71 r
  U328/ZN (AOI21D0)                        0.04       1.75 f
  U218/ZN (MAOI222D0)                      0.08       1.83 r
  U295/ZN (MAOI22D0)                       0.05       1.88 f
  U334/ZN (MAOI222D0)                      0.09       1.97 r
  U335/ZN (OAI21D0)                        0.04       2.01 f
  U336/ZN (IOA21D0)                        0.04       2.05 r
  U338/ZN (CKND2D0)                        0.03       2.07 f
  U281/ZN (MAOI22D1)                       0.03       2.10 r
  U350/ZN (AOI21D0)                        0.04       2.14 f
  U351/ZN (MAOI222D0)                      0.08       2.22 r
  U258/ZN (MAOI22D1)                       0.04       2.26 f
  U356/ZN (MAOI222D0)                      0.07       2.33 r
  U210/ZN (MAOI22D0)                       0.05       2.38 f
  U365/ZN (OAI21D0)                        0.04       2.42 r
  U212/ZN (IOA21D0)                        0.03       2.45 f
  U234/ZN (OAI22D0)                        0.06       2.51 r
  U236/ZN (MAOI222D0)                      0.06       2.57 f
  U381/ZN (MOAI22D0)                       0.06       2.63 r
  U382/Z (XOR2D0)                          0.06       2.68 f
  U383/ZN (CKND2D0)                        0.03       2.71 r
  U384/Z (XOR2D0)                          0.08       2.80 r
  U385/ZN (INVD0)                          0.02       2.82 f
  U394/ZN (NR3D0)                          0.05       2.87 r
  U395/ZN (INVD0)                          0.02       2.89 f
  U398/ZN (CKND2D0)                        0.13       3.02 r
  U662/Z (XOR2D0)                          0.07       3.10 f
  DP_OP_86J1_126_4690_U11/CO (FA1D0)       0.06       3.15 f
  DP_OP_86J1_126_4690_U10/CO (FA1D0)       0.06       3.21 f
  DP_OP_86J1_126_4690_U9/CO (FA1D0)        0.06       3.27 f
  DP_OP_86J1_126_4690_U8/CO (FA1D0)        0.06       3.32 f
  DP_OP_86J1_126_4690_U7/CO (FA1D0)        0.06       3.38 f
  DP_OP_86J1_126_4690_U6/CO (FA1D0)        0.06       3.43 f
  DP_OP_86J1_126_4690_U5/CO (FA1D0)        0.06       3.49 f
  DP_OP_86J1_126_4690_U4/CO (FA1D0)        0.06       3.54 f
  DP_OP_86J1_126_4690_U3/S (FA1D0)         0.07       3.61 r
  U418/ZN (AOI21D0)                        0.03       3.64 f
  U436/Z (AO31D0)                          0.06       3.70 f
  U437/ZN (AOI21D0)                        0.08       3.78 r
  U438/ZN (INVD0)                          0.05       3.83 f
  U194/ZN (NR3D0)                          0.05       3.88 r
  U193/ZN (CKND0)                          0.04       3.92 f
  U440/ZN (NR2D0)                          0.18       4.10 r
  U441/ZN (INVD0)                          0.05       4.15 f
  U572/ZN (OAI211D0)                       0.09       4.24 r
  result[12] (out)                         0.00       4.24 r
  data arrival time                                   4.24

  clock vclk (rise edge)                  10.00      10.00
  clock network delay (ideal)              0.00      10.00
  output external delay                   -0.02       9.98
  data required time                                  9.98
  -----------------------------------------------------------
  data required time                                  9.98
  data arrival time                                  -4.24
  -----------------------------------------------------------
  slack (MET)                                         5.74


  Startpoint: divide_mode
              (input port clocked by vclk)
  Endpoint: result[8] (output port clocked by vclk)
  Path Group: vclk
  Path Type: max

  Des/Clust/Port     Wire Load Model       Library
  ------------------------------------------------
  oadm_fixed_l0_opt  ZeroWireload          tcbn65gplustc_ccs

  Point                                    Incr       Path
  -----------------------------------------------------------
  clock vclk (rise edge)                   0.00       0.00
  clock network delay (ideal)              0.00       0.00
  input external delay                     0.02       0.02 r
  divide_mode (in)                         0.00       0.02 r
  U183/ZN (CKND0)                          0.13       0.16 f
  U185/ZN (INVD1)                          0.24       0.40 r
  U657/Z (XOR2D0)                          0.12       0.51 f
  DP_OP_97J1_124_6249_U28/CO (FA1D0)       0.06       0.57 f
  DP_OP_97J1_124_6249_U27/CO (FA1D0)       0.06       0.63 f
  DP_OP_97J1_124_6249_U26/CO (FA1D0)       0.06       0.68 f
  DP_OP_97J1_124_6249_U25/CO (FA1D0)       0.06       0.74 f
  DP_OP_97J1_124_6249_U24/CO (FA1D0)       0.06       0.79 f
  DP_OP_97J1_124_6249_U23/CO (FA1D0)       0.06       0.85 f
  DP_OP_97J1_124_6249_U22/CO (FA1D0)       0.06       0.91 f
  DP_OP_97J1_124_6249_U21/S (FA1D0)        0.10       1.00 r
  U269/Z (XOR2D0)                          0.07       1.08 r
  U192/Z (CKXOR2D0)                        0.06       1.14 f
  U286/ZN (MAOI222D0)                      0.08       1.22 r
  U287/ZN (OAI21D0)                        0.04       1.26 f
  U288/ZN (IOA21D0)                        0.04       1.30 r
  U291/ZN (CKND2D0)                        0.03       1.32 f
  U331/ZN (MAOI22D1)                       0.03       1.36 r
  U329/ZN (MAOI22D1)                       0.03       1.38 f
  U304/ZN (MAOI222D0)                      0.07       1.46 r
  U320/ZN (MAOI22D1)                       0.04       1.50 f
  U312/ZN (MAOI222D0)                      0.08       1.58 r
  U313/ZN (OAI21D0)                        0.04       1.62 f
  U314/ZN (IOA21D0)                        0.04       1.65 r
  U316/ZN (CKND2D0)                        0.03       1.68 f
  U307/ZN (MAOI22D1)                       0.03       1.71 r
  U328/ZN (AOI21D0)                        0.04       1.75 f
  U218/ZN (MAOI222D0)                      0.08       1.83 r
  U295/ZN (MAOI22D0)                       0.05       1.88 f
  U334/ZN (MAOI222D0)                      0.09       1.97 r
  U335/ZN (OAI21D0)                        0.04       2.01 f
  U336/ZN (IOA21D0)                        0.04       2.05 r
  U338/ZN (CKND2D0)                        0.03       2.07 f
  U281/ZN (MAOI22D1)                       0.03       2.10 r
  U350/ZN (AOI21D0)                        0.04       2.14 f
  U351/ZN (MAOI222D0)                      0.08       2.22 r
  U258/ZN (MAOI22D1)                       0.04       2.26 f
  U356/ZN (MAOI222D0)                      0.07       2.33 r
  U210/ZN (MAOI22D0)                       0.05       2.38 f
  U365/ZN (OAI21D0)                        0.04       2.42 r
  U212/ZN (IOA21D0)                        0.03       2.45 f
  U234/ZN (OAI22D0)                        0.06       2.51 r
  U236/ZN (MAOI222D0)                      0.06       2.57 f
  U381/ZN (MOAI22D0)                       0.06       2.63 r
  U382/Z (XOR2D0)                          0.06       2.68 f
  U383/ZN (CKND2D0)                        0.03       2.71 r
  U384/Z (XOR2D0)                          0.08       2.80 r
  U385/ZN (INVD0)                          0.02       2.82 f
  U394/ZN (NR3D0)                          0.05       2.87 r
  U395/ZN (INVD0)                          0.02       2.89 f
  U398/ZN (CKND2D0)                        0.13       3.02 r
  U662/Z (XOR2D0)                          0.07       3.10 f
  DP_OP_86J1_126_4690_U11/CO (FA1D0)       0.06       3.15 f
  DP_OP_86J1_126_4690_U10/CO (FA1D0)       0.06       3.21 f
  DP_OP_86J1_126_4690_U9/CO (FA1D0)        0.06       3.27 f
  DP_OP_86J1_126_4690_U8/CO (FA1D0)        0.06       3.32 f
  DP_OP_86J1_126_4690_U7/CO (FA1D0)        0.06       3.38 f
  DP_OP_86J1_126_4690_U6/CO (FA1D0)        0.06       3.43 f
  DP_OP_86J1_126_4690_U5/CO (FA1D0)        0.06       3.49 f
  DP_OP_86J1_126_4690_U4/CO (FA1D0)        0.06       3.54 f
  DP_OP_86J1_126_4690_U3/S (FA1D0)         0.07       3.61 r
  U418/ZN (AOI21D0)                        0.03       3.64 f
  U436/Z (AO31D0)                          0.06       3.70 f
  U437/ZN (AOI21D0)                        0.08       3.78 r
  U438/ZN (INVD0)                          0.05       3.83 f
  U194/ZN (NR3D0)                          0.05       3.88 r
  U193/ZN (CKND0)                          0.04       3.92 f
  U440/ZN (NR2D0)                          0.18       4.10 r
  U441/ZN (INVD0)                          0.05       4.15 f
  U569/ZN (OAI211D0)                       0.09       4.24 r
  result[8] (out)                          0.00       4.24 r
  data arrival time                                   4.24

  clock vclk (rise edge)                  10.00      10.00
  clock network delay (ideal)              0.00      10.00
  output external delay                   -0.02       9.98
  data required time                                  9.98
  -----------------------------------------------------------
  data required time                                  9.98
  data arrival time                                  -4.24
  -----------------------------------------------------------
  slack (MET)                                         5.74


  Startpoint: divide_mode
              (input port clocked by vclk)
  Endpoint: result[3] (output port clocked by vclk)
  Path Group: vclk
  Path Type: max

  Des/Clust/Port     Wire Load Model       Library
  ------------------------------------------------
  oadm_fixed_l0_opt  ZeroWireload          tcbn65gplustc_ccs

  Point                                    Incr       Path
  -----------------------------------------------------------
  clock vclk (rise edge)                   0.00       0.00
  clock network delay (ideal)              0.00       0.00
  input external delay                     0.02       0.02 r
  divide_mode (in)                         0.00       0.02 r
  U183/ZN (CKND0)                          0.13       0.16 f
  U185/ZN (INVD1)                          0.24       0.40 r
  U657/Z (XOR2D0)                          0.12       0.51 f
  DP_OP_97J1_124_6249_U28/CO (FA1D0)       0.06       0.57 f
  DP_OP_97J1_124_6249_U27/CO (FA1D0)       0.06       0.63 f
  DP_OP_97J1_124_6249_U26/CO (FA1D0)       0.06       0.68 f
  DP_OP_97J1_124_6249_U25/CO (FA1D0)       0.06       0.74 f
  DP_OP_97J1_124_6249_U24/CO (FA1D0)       0.06       0.79 f
  DP_OP_97J1_124_6249_U23/CO (FA1D0)       0.06       0.85 f
  DP_OP_97J1_124_6249_U22/CO (FA1D0)       0.06       0.91 f
  DP_OP_97J1_124_6249_U21/S (FA1D0)        0.10       1.00 r
  U269/Z (XOR2D0)                          0.07       1.08 r
  U192/Z (CKXOR2D0)                        0.06       1.14 f
  U286/ZN (MAOI222D0)                      0.08       1.22 r
  U287/ZN (OAI21D0)                        0.04       1.26 f
  U288/ZN (IOA21D0)                        0.04       1.30 r
  U291/ZN (CKND2D0)                        0.03       1.32 f
  U331/ZN (MAOI22D1)                       0.03       1.36 r
  U329/ZN (MAOI22D1)                       0.03       1.38 f
  U304/ZN (MAOI222D0)                      0.07       1.46 r
  U320/ZN (MAOI22D1)                       0.04       1.50 f
  U312/ZN (MAOI222D0)                      0.08       1.58 r
  U313/ZN (OAI21D0)                        0.04       1.62 f
  U314/ZN (IOA21D0)                        0.04       1.65 r
  U316/ZN (CKND2D0)                        0.03       1.68 f
  U307/ZN (MAOI22D1)                       0.03       1.71 r
  U328/ZN (AOI21D0)                        0.04       1.75 f
  U218/ZN (MAOI222D0)                      0.08       1.83 r
  U295/ZN (MAOI22D0)                       0.05       1.88 f
  U334/ZN (MAOI222D0)                      0.09       1.97 r
  U335/ZN (OAI21D0)                        0.04       2.01 f
  U336/ZN (IOA21D0)                        0.04       2.05 r
  U338/ZN (CKND2D0)                        0.03       2.07 f
  U281/ZN (MAOI22D1)                       0.03       2.10 r
  U350/ZN (AOI21D0)                        0.04       2.14 f
  U351/ZN (MAOI222D0)                      0.08       2.22 r
  U258/ZN (MAOI22D1)                       0.04       2.26 f
  U356/ZN (MAOI222D0)                      0.07       2.33 r
  U210/ZN (MAOI22D0)                       0.05       2.38 f
  U365/ZN (OAI21D0)                        0.04       2.42 r
  U212/ZN (IOA21D0)                        0.03       2.45 f
  U234/ZN (OAI22D0)                        0.06       2.51 r
  U236/ZN (MAOI222D0)                      0.06       2.57 f
  U381/ZN (MOAI22D0)                       0.06       2.63 r
  U382/Z (XOR2D0)                          0.06       2.68 f
  U383/ZN (CKND2D0)                        0.03       2.71 r
  U384/Z (XOR2D0)                          0.08       2.80 r
  U385/ZN (INVD0)                          0.02       2.82 f
  U394/ZN (NR3D0)                          0.05       2.87 r
  U395/ZN (INVD0)                          0.02       2.89 f
  U398/ZN (CKND2D0)                        0.13       3.02 r
  U662/Z (XOR2D0)                          0.07       3.10 f
  DP_OP_86J1_126_4690_U11/CO (FA1D0)       0.06       3.15 f
  DP_OP_86J1_126_4690_U10/CO (FA1D0)       0.06       3.21 f
  DP_OP_86J1_126_4690_U9/CO (FA1D0)        0.06       3.27 f
  DP_OP_86J1_126_4690_U8/CO (FA1D0)        0.06       3.32 f
  DP_OP_86J1_126_4690_U7/CO (FA1D0)        0.06       3.38 f
  DP_OP_86J1_126_4690_U6/CO (FA1D0)        0.06       3.43 f
  DP_OP_86J1_126_4690_U5/CO (FA1D0)        0.06       3.49 f
  DP_OP_86J1_126_4690_U4/CO (FA1D0)        0.06       3.54 f
  DP_OP_86J1_126_4690_U3/S (FA1D0)         0.07       3.61 r
  U418/ZN (AOI21D0)                        0.03       3.64 f
  U436/Z (AO31D0)                          0.06       3.70 f
  U437/ZN (AOI21D0)                        0.08       3.78 r
  U438/ZN (INVD0)                          0.05       3.83 f
  U194/ZN (NR3D0)                          0.05       3.88 r
  U193/ZN (CKND0)                          0.04       3.92 f
  U440/ZN (NR2D0)                          0.18       4.10 r
  U441/ZN (INVD0)                          0.05       4.15 f
  U575/ZN (OAI211D0)                       0.09       4.24 r
  result[3] (out)                          0.00       4.24 r
  data arrival time                                   4.24

  clock vclk (rise edge)                  10.00      10.00
  clock network delay (ideal)              0.00      10.00
  output external delay                   -0.02       9.98
  data required time                                  9.98
  -----------------------------------------------------------
  data required time                                  9.98
  data arrival time                                  -4.24
  -----------------------------------------------------------
  slack (MET)                                         5.74


  Startpoint: divide_mode
              (input port clocked by vclk)
  Endpoint: result[16] (output port clocked by vclk)
  Path Group: vclk
  Path Type: max

  Des/Clust/Port     Wire Load Model       Library
  ------------------------------------------------
  oadm_fixed_l0_opt  ZeroWireload          tcbn65gplustc_ccs

  Point                                    Incr       Path
  -----------------------------------------------------------
  clock vclk (rise edge)                   0.00       0.00
  clock network delay (ideal)              0.00       0.00
  input external delay                     0.02       0.02 r
  divide_mode (in)                         0.00       0.02 r
  U183/ZN (CKND0)                          0.13       0.16 f
  U185/ZN (INVD1)                          0.24       0.40 r
  U657/Z (XOR2D0)                          0.12       0.51 f
  DP_OP_97J1_124_6249_U28/CO (FA1D0)       0.06       0.57 f
  DP_OP_97J1_124_6249_U27/CO (FA1D0)       0.06       0.63 f
  DP_OP_97J1_124_6249_U26/CO (FA1D0)       0.06       0.68 f
  DP_OP_97J1_124_6249_U25/CO (FA1D0)       0.06       0.74 f
  DP_OP_97J1_124_6249_U24/CO (FA1D0)       0.06       0.79 f
  DP_OP_97J1_124_6249_U23/CO (FA1D0)       0.06       0.85 f
  DP_OP_97J1_124_6249_U22/CO (FA1D0)       0.06       0.91 f
  DP_OP_97J1_124_6249_U21/S (FA1D0)        0.10       1.00 r
  U269/Z (XOR2D0)                          0.07       1.08 r
  U192/Z (CKXOR2D0)                        0.06       1.14 f
  U286/ZN (MAOI222D0)                      0.08       1.22 r
  U287/ZN (OAI21D0)                        0.04       1.26 f
  U288/ZN (IOA21D0)                        0.04       1.30 r
  U291/ZN (CKND2D0)                        0.03       1.32 f
  U331/ZN (MAOI22D1)                       0.03       1.36 r
  U329/ZN (MAOI22D1)                       0.03       1.38 f
  U304/ZN (MAOI222D0)                      0.07       1.46 r
  U320/ZN (MAOI22D1)                       0.04       1.50 f
  U312/ZN (MAOI222D0)                      0.08       1.58 r
  U313/ZN (OAI21D0)                        0.04       1.62 f
  U314/ZN (IOA21D0)                        0.04       1.65 r
  U316/ZN (CKND2D0)                        0.03       1.68 f
  U307/ZN (MAOI22D1)                       0.03       1.71 r
  U328/ZN (AOI21D0)                        0.04       1.75 f
  U218/ZN (MAOI222D0)                      0.08       1.83 r
  U295/ZN (MAOI22D0)                       0.05       1.88 f
  U334/ZN (MAOI222D0)                      0.09       1.97 r
  U335/ZN (OAI21D0)                        0.04       2.01 f
  U336/ZN (IOA21D0)                        0.04       2.05 r
  U338/ZN (CKND2D0)                        0.03       2.07 f
  U281/ZN (MAOI22D1)                       0.03       2.10 r
  U350/ZN (AOI21D0)                        0.04       2.14 f
  U351/ZN (MAOI222D0)                      0.08       2.22 r
  U258/ZN (MAOI22D1)                       0.04       2.26 f
  U356/ZN (MAOI222D0)                      0.07       2.33 r
  U210/ZN (MAOI22D0)                       0.05       2.38 f
  U365/ZN (OAI21D0)                        0.04       2.42 r
  U212/ZN (IOA21D0)                        0.03       2.45 f
  U234/ZN (OAI22D0)                        0.06       2.51 r
  U236/ZN (MAOI222D0)                      0.06       2.57 f
  U381/ZN (MOAI22D0)                       0.06       2.63 r
  U382/Z (XOR2D0)                          0.06       2.68 f
  U383/ZN (CKND2D0)                        0.03       2.71 r
  U384/Z (XOR2D0)                          0.08       2.80 r
  U385/ZN (INVD0)                          0.02       2.82 f
  U394/ZN (NR3D0)                          0.05       2.87 r
  U395/ZN (INVD0)                          0.02       2.89 f
  U398/ZN (CKND2D0)                        0.13       3.02 r
  U662/Z (XOR2D0)                          0.07       3.10 f
  DP_OP_86J1_126_4690_U11/CO (FA1D0)       0.06       3.15 f
  DP_OP_86J1_126_4690_U10/CO (FA1D0)       0.06       3.21 f
  DP_OP_86J1_126_4690_U9/CO (FA1D0)        0.06       3.27 f
  DP_OP_86J1_126_4690_U8/CO (FA1D0)        0.06       3.32 f
  DP_OP_86J1_126_4690_U7/CO (FA1D0)        0.06       3.38 f
  DP_OP_86J1_126_4690_U6/CO (FA1D0)        0.06       3.43 f
  DP_OP_86J1_126_4690_U5/CO (FA1D0)        0.06       3.49 f
  DP_OP_86J1_126_4690_U4/CO (FA1D0)        0.06       3.54 f
  DP_OP_86J1_126_4690_U3/S (FA1D0)         0.07       3.61 r
  U418/ZN (AOI21D0)                        0.03       3.64 f
  U436/Z (AO31D0)                          0.06       3.70 f
  U437/ZN (AOI21D0)                        0.08       3.78 r
  U438/ZN (INVD0)                          0.05       3.83 f
  U194/ZN (NR3D0)                          0.05       3.88 r
  U193/ZN (CKND0)                          0.04       3.92 f
  U457/ZN (NR2D0)                          0.17       4.09 r
  U552/ZN (AOI22D0)                        0.06       4.15 f
  U554/ZN (OAI211D0)                       0.06       4.21 r
  result[16] (out)                         0.00       4.21 r
  data arrival time                                   4.21

  clock vclk (rise edge)                  10.00      10.00
  clock network delay (ideal)              0.00      10.00
  output external delay                   -0.02       9.98
  data required time                                  9.98
  -----------------------------------------------------------
  data required time                                  9.98
  data arrival time                                  -4.21
  -----------------------------------------------------------
  slack (MET)                                         5.77


  Startpoint: divide_mode
              (input port clocked by vclk)
  Endpoint: result[11] (output port clocked by vclk)
  Path Group: vclk
  Path Type: max

  Des/Clust/Port     Wire Load Model       Library
  ------------------------------------------------
  oadm_fixed_l0_opt  ZeroWireload          tcbn65gplustc_ccs

  Point                                    Incr       Path
  -----------------------------------------------------------
  clock vclk (rise edge)                   0.00       0.00
  clock network delay (ideal)              0.00       0.00
  input external delay                     0.02       0.02 r
  divide_mode (in)                         0.00       0.02 r
  U183/ZN (CKND0)                          0.13       0.16 f
  U185/ZN (INVD1)                          0.24       0.40 r
  U657/Z (XOR2D0)                          0.12       0.51 f
  DP_OP_97J1_124_6249_U28/CO (FA1D0)       0.06       0.57 f
  DP_OP_97J1_124_6249_U27/CO (FA1D0)       0.06       0.63 f
  DP_OP_97J1_124_6249_U26/CO (FA1D0)       0.06       0.68 f
  DP_OP_97J1_124_6249_U25/CO (FA1D0)       0.06       0.74 f
  DP_OP_97J1_124_6249_U24/CO (FA1D0)       0.06       0.79 f
  DP_OP_97J1_124_6249_U23/CO (FA1D0)       0.06       0.85 f
  DP_OP_97J1_124_6249_U22/CO (FA1D0)       0.06       0.91 f
  DP_OP_97J1_124_6249_U21/S (FA1D0)        0.10       1.00 r
  U269/Z (XOR2D0)                          0.07       1.08 r
  U192/Z (CKXOR2D0)                        0.06       1.14 f
  U286/ZN (MAOI222D0)                      0.08       1.22 r
  U287/ZN (OAI21D0)                        0.04       1.26 f
  U288/ZN (IOA21D0)                        0.04       1.30 r
  U291/ZN (CKND2D0)                        0.03       1.32 f
  U331/ZN (MAOI22D1)                       0.03       1.36 r
  U329/ZN (MAOI22D1)                       0.03       1.38 f
  U304/ZN (MAOI222D0)                      0.07       1.46 r
  U320/ZN (MAOI22D1)                       0.04       1.50 f
  U312/ZN (MAOI222D0)                      0.08       1.58 r
  U313/ZN (OAI21D0)                        0.04       1.62 f
  U314/ZN (IOA21D0)                        0.04       1.65 r
  U316/ZN (CKND2D0)                        0.03       1.68 f
  U307/ZN (MAOI22D1)                       0.03       1.71 r
  U328/ZN (AOI21D0)                        0.04       1.75 f
  U218/ZN (MAOI222D0)                      0.08       1.83 r
  U295/ZN (MAOI22D0)                       0.05       1.88 f
  U334/ZN (MAOI222D0)                      0.09       1.97 r
  U335/ZN (OAI21D0)                        0.04       2.01 f
  U336/ZN (IOA21D0)                        0.04       2.05 r
  U338/ZN (CKND2D0)                        0.03       2.07 f
  U281/ZN (MAOI22D1)                       0.03       2.10 r
  U350/ZN (AOI21D0)                        0.04       2.14 f
  U351/ZN (MAOI222D0)                      0.08       2.22 r
  U258/ZN (MAOI22D1)                       0.04       2.26 f
  U356/ZN (MAOI222D0)                      0.07       2.33 r
  U210/ZN (MAOI22D0)                       0.05       2.38 f
  U365/ZN (OAI21D0)                        0.04       2.42 r
  U212/ZN (IOA21D0)                        0.03       2.45 f
  U234/ZN (OAI22D0)                        0.06       2.51 r
  U236/ZN (MAOI222D0)                      0.06       2.57 f
  U381/ZN (MOAI22D0)                       0.06       2.63 r
  U382/Z (XOR2D0)                          0.06       2.68 f
  U383/ZN (CKND2D0)                        0.03       2.71 r
  U384/Z (XOR2D0)                          0.08       2.80 r
  U385/ZN (INVD0)                          0.02       2.82 f
  U394/ZN (NR3D0)                          0.05       2.87 r
  U395/ZN (INVD0)                          0.02       2.89 f
  U398/ZN (CKND2D0)                        0.13       3.02 r
  U662/Z (XOR2D0)                          0.07       3.10 f
  DP_OP_86J1_126_4690_U11/CO (FA1D0)       0.06       3.15 f
  DP_OP_86J1_126_4690_U10/CO (FA1D0)       0.06       3.21 f
  DP_OP_86J1_126_4690_U9/CO (FA1D0)        0.06       3.27 f
  DP_OP_86J1_126_4690_U8/CO (FA1D0)        0.06       3.32 f
  DP_OP_86J1_126_4690_U7/CO (FA1D0)        0.06       3.38 f
  DP_OP_86J1_126_4690_U6/CO (FA1D0)        0.06       3.43 f
  DP_OP_86J1_126_4690_U5/CO (FA1D0)        0.06       3.49 f
  DP_OP_86J1_126_4690_U4/CO (FA1D0)        0.06       3.54 f
  DP_OP_86J1_126_4690_U3/S (FA1D0)         0.07       3.61 r
  U418/ZN (AOI21D0)                        0.03       3.64 f
  U436/Z (AO31D0)                          0.06       3.70 f
  U437/ZN (AOI21D0)                        0.08       3.78 r
  U438/ZN (INVD0)                          0.05       3.83 f
  U194/ZN (NR3D0)                          0.05       3.88 r
  U193/ZN (CKND0)                          0.04       3.92 f
  U457/ZN (NR2D0)                          0.17       4.09 r
  U561/ZN (AOI22D0)                        0.06       4.15 f
  U563/ZN (OAI211D0)                       0.06       4.21 r
  result[11] (out)                         0.00       4.21 r
  data arrival time                                   4.21

  clock vclk (rise edge)                  10.00      10.00
  clock network delay (ideal)              0.00      10.00
  output external delay                   -0.02       9.98
  data required time                                  9.98
  -----------------------------------------------------------
  data required time                                  9.98
  data arrival time                                  -4.21
  -----------------------------------------------------------
  slack (MET)                                         5.77


  Startpoint: divide_mode
              (input port clocked by vclk)
  Endpoint: result[7] (output port clocked by vclk)
  Path Group: vclk
  Path Type: max

  Des/Clust/Port     Wire Load Model       Library
  ------------------------------------------------
  oadm_fixed_l0_opt  ZeroWireload          tcbn65gplustc_ccs

  Point                                    Incr       Path
  -----------------------------------------------------------
  clock vclk (rise edge)                   0.00       0.00
  clock network delay (ideal)              0.00       0.00
  input external delay                     0.02       0.02 r
  divide_mode (in)                         0.00       0.02 r
  U183/ZN (CKND0)                          0.13       0.16 f
  U185/ZN (INVD1)                          0.24       0.40 r
  U657/Z (XOR2D0)                          0.12       0.51 f
  DP_OP_97J1_124_6249_U28/CO (FA1D0)       0.06       0.57 f
  DP_OP_97J1_124_6249_U27/CO (FA1D0)       0.06       0.63 f
  DP_OP_97J1_124_6249_U26/CO (FA1D0)       0.06       0.68 f
  DP_OP_97J1_124_6249_U25/CO (FA1D0)       0.06       0.74 f
  DP_OP_97J1_124_6249_U24/CO (FA1D0)       0.06       0.79 f
  DP_OP_97J1_124_6249_U23/CO (FA1D0)       0.06       0.85 f
  DP_OP_97J1_124_6249_U22/CO (FA1D0)       0.06       0.91 f
  DP_OP_97J1_124_6249_U21/S (FA1D0)        0.10       1.00 r
  U269/Z (XOR2D0)                          0.07       1.08 r
  U192/Z (CKXOR2D0)                        0.06       1.14 f
  U286/ZN (MAOI222D0)                      0.08       1.22 r
  U287/ZN (OAI21D0)                        0.04       1.26 f
  U288/ZN (IOA21D0)                        0.04       1.30 r
  U291/ZN (CKND2D0)                        0.03       1.32 f
  U331/ZN (MAOI22D1)                       0.03       1.36 r
  U329/ZN (MAOI22D1)                       0.03       1.38 f
  U304/ZN (MAOI222D0)                      0.07       1.46 r
  U320/ZN (MAOI22D1)                       0.04       1.50 f
  U312/ZN (MAOI222D0)                      0.08       1.58 r
  U313/ZN (OAI21D0)                        0.04       1.62 f
  U314/ZN (IOA21D0)                        0.04       1.65 r
  U316/ZN (CKND2D0)                        0.03       1.68 f
  U307/ZN (MAOI22D1)                       0.03       1.71 r
  U328/ZN (AOI21D0)                        0.04       1.75 f
  U218/ZN (MAOI222D0)                      0.08       1.83 r
  U295/ZN (MAOI22D0)                       0.05       1.88 f
  U334/ZN (MAOI222D0)                      0.09       1.97 r
  U335/ZN (OAI21D0)                        0.04       2.01 f
  U336/ZN (IOA21D0)                        0.04       2.05 r
  U338/ZN (CKND2D0)                        0.03       2.07 f
  U281/ZN (MAOI22D1)                       0.03       2.10 r
  U350/ZN (AOI21D0)                        0.04       2.14 f
  U351/ZN (MAOI222D0)                      0.08       2.22 r
  U258/ZN (MAOI22D1)                       0.04       2.26 f
  U356/ZN (MAOI222D0)                      0.07       2.33 r
  U210/ZN (MAOI22D0)                       0.05       2.38 f
  U365/ZN (OAI21D0)                        0.04       2.42 r
  U212/ZN (IOA21D0)                        0.03       2.45 f
  U234/ZN (OAI22D0)                        0.06       2.51 r
  U236/ZN (MAOI222D0)                      0.06       2.57 f
  U381/ZN (MOAI22D0)                       0.06       2.63 r
  U382/Z (XOR2D0)                          0.06       2.68 f
  U383/ZN (CKND2D0)                        0.03       2.71 r
  U384/Z (XOR2D0)                          0.08       2.80 r
  U385/ZN (INVD0)                          0.02       2.82 f
  U394/ZN (NR3D0)                          0.05       2.87 r
  U395/ZN (INVD0)                          0.02       2.89 f
  U398/ZN (CKND2D0)                        0.13       3.02 r
  U662/Z (XOR2D0)                          0.07       3.10 f
  DP_OP_86J1_126_4690_U11/CO (FA1D0)       0.06       3.15 f
  DP_OP_86J1_126_4690_U10/CO (FA1D0)       0.06       3.21 f
  DP_OP_86J1_126_4690_U9/CO (FA1D0)        0.06       3.27 f
  DP_OP_86J1_126_4690_U8/CO (FA1D0)        0.06       3.32 f
  DP_OP_86J1_126_4690_U7/CO (FA1D0)        0.06       3.38 f
  DP_OP_86J1_126_4690_U6/CO (FA1D0)        0.06       3.43 f
  DP_OP_86J1_126_4690_U5/CO (FA1D0)        0.06       3.49 f
  DP_OP_86J1_126_4690_U4/CO (FA1D0)        0.06       3.54 f
  DP_OP_86J1_126_4690_U3/S (FA1D0)         0.07       3.61 r
  U418/ZN (AOI21D0)                        0.03       3.64 f
  U436/Z (AO31D0)                          0.06       3.70 f
  U437/ZN (AOI21D0)                        0.08       3.78 r
  U438/ZN (INVD0)                          0.05       3.83 f
  U194/ZN (NR3D0)                          0.05       3.88 r
  U193/ZN (CKND0)                          0.04       3.92 f
  U457/ZN (NR2D0)                          0.17       4.09 r
  U558/ZN (AOI22D0)                        0.06       4.15 f
  U560/ZN (OAI211D0)                       0.06       4.21 r
  result[7] (out)                          0.00       4.21 r
  data arrival time                                   4.21

  clock vclk (rise edge)                  10.00      10.00
  clock network delay (ideal)              0.00      10.00
  output external delay                   -0.02       9.98
  data required time                                  9.98
  -----------------------------------------------------------
  data required time                                  9.98
  data arrival time                                  -4.21
  -----------------------------------------------------------
  slack (MET)                                         5.77


  Startpoint: divide_mode
              (input port clocked by vclk)
  Endpoint: result[2] (output port clocked by vclk)
  Path Group: vclk
  Path Type: max

  Des/Clust/Port     Wire Load Model       Library
  ------------------------------------------------
  oadm_fixed_l0_opt  ZeroWireload          tcbn65gplustc_ccs

  Point                                    Incr       Path
  -----------------------------------------------------------
  clock vclk (rise edge)                   0.00       0.00
  clock network delay (ideal)              0.00       0.00
  input external delay                     0.02       0.02 r
  divide_mode (in)                         0.00       0.02 r
  U183/ZN (CKND0)                          0.13       0.16 f
  U185/ZN (INVD1)                          0.24       0.40 r
  U657/Z (XOR2D0)                          0.12       0.51 f
  DP_OP_97J1_124_6249_U28/CO (FA1D0)       0.06       0.57 f
  DP_OP_97J1_124_6249_U27/CO (FA1D0)       0.06       0.63 f
  DP_OP_97J1_124_6249_U26/CO (FA1D0)       0.06       0.68 f
  DP_OP_97J1_124_6249_U25/CO (FA1D0)       0.06       0.74 f
  DP_OP_97J1_124_6249_U24/CO (FA1D0)       0.06       0.79 f
  DP_OP_97J1_124_6249_U23/CO (FA1D0)       0.06       0.85 f
  DP_OP_97J1_124_6249_U22/CO (FA1D0)       0.06       0.91 f
  DP_OP_97J1_124_6249_U21/S (FA1D0)        0.10       1.00 r
  U269/Z (XOR2D0)                          0.07       1.08 r
  U192/Z (CKXOR2D0)                        0.06       1.14 f
  U286/ZN (MAOI222D0)                      0.08       1.22 r
  U287/ZN (OAI21D0)                        0.04       1.26 f
  U288/ZN (IOA21D0)                        0.04       1.30 r
  U291/ZN (CKND2D0)                        0.03       1.32 f
  U331/ZN (MAOI22D1)                       0.03       1.36 r
  U329/ZN (MAOI22D1)                       0.03       1.38 f
  U304/ZN (MAOI222D0)                      0.07       1.46 r
  U320/ZN (MAOI22D1)                       0.04       1.50 f
  U312/ZN (MAOI222D0)                      0.08       1.58 r
  U313/ZN (OAI21D0)                        0.04       1.62 f
  U314/ZN (IOA21D0)                        0.04       1.65 r
  U316/ZN (CKND2D0)                        0.03       1.68 f
  U307/ZN (MAOI22D1)                       0.03       1.71 r
  U328/ZN (AOI21D0)                        0.04       1.75 f
  U218/ZN (MAOI222D0)                      0.08       1.83 r
  U295/ZN (MAOI22D0)                       0.05       1.88 f
  U334/ZN (MAOI222D0)                      0.09       1.97 r
  U335/ZN (OAI21D0)                        0.04       2.01 f
  U336/ZN (IOA21D0)                        0.04       2.05 r
  U338/ZN (CKND2D0)                        0.03       2.07 f
  U281/ZN (MAOI22D1)                       0.03       2.10 r
  U350/ZN (AOI21D0)                        0.04       2.14 f
  U351/ZN (MAOI222D0)                      0.08       2.22 r
  U258/ZN (MAOI22D1)                       0.04       2.26 f
  U356/ZN (MAOI222D0)                      0.07       2.33 r
  U210/ZN (MAOI22D0)                       0.05       2.38 f
  U365/ZN (OAI21D0)                        0.04       2.42 r
  U212/ZN (IOA21D0)                        0.03       2.45 f
  U234/ZN (OAI22D0)                        0.06       2.51 r
  U236/ZN (MAOI222D0)                      0.06       2.57 f
  U381/ZN (MOAI22D0)                       0.06       2.63 r
  U382/Z (XOR2D0)                          0.06       2.68 f
  U383/ZN (CKND2D0)                        0.03       2.71 r
  U384/Z (XOR2D0)                          0.08       2.80 r
  U385/ZN (INVD0)                          0.02       2.82 f
  U394/ZN (NR3D0)                          0.05       2.87 r
  U395/ZN (INVD0)                          0.02       2.89 f
  U398/ZN (CKND2D0)                        0.13       3.02 r
  U662/Z (XOR2D0)                          0.07       3.10 f
  DP_OP_86J1_126_4690_U11/CO (FA1D0)       0.06       3.15 f
  DP_OP_86J1_126_4690_U10/CO (FA1D0)       0.06       3.21 f
  DP_OP_86J1_126_4690_U9/CO (FA1D0)        0.06       3.27 f
  DP_OP_86J1_126_4690_U8/CO (FA1D0)        0.06       3.32 f
  DP_OP_86J1_126_4690_U7/CO (FA1D0)        0.06       3.38 f
  DP_OP_86J1_126_4690_U6/CO (FA1D0)        0.06       3.43 f
  DP_OP_86J1_126_4690_U5/CO (FA1D0)        0.06       3.49 f
  DP_OP_86J1_126_4690_U4/CO (FA1D0)        0.06       3.54 f
  DP_OP_86J1_126_4690_U3/S (FA1D0)         0.07       3.61 r
  U418/ZN (AOI21D0)                        0.03       3.64 f
  U436/Z (AO31D0)                          0.06       3.70 f
  U437/ZN (AOI21D0)                        0.08       3.78 r
  U438/ZN (INVD0)                          0.05       3.83 f
  U194/ZN (NR3D0)                          0.05       3.88 r
  U193/ZN (CKND0)                          0.04       3.92 f
  U457/ZN (NR2D0)                          0.17       4.09 r
  U555/ZN (AOI22D0)                        0.06       4.15 f
  U557/ZN (OAI211D0)                       0.06       4.21 r
  result[2] (out)                          0.00       4.21 r
  data arrival time                                   4.21

  clock vclk (rise edge)                  10.00      10.00
  clock network delay (ideal)              0.00      10.00
  output external delay                   -0.02       9.98
  data required time                                  9.98
  -----------------------------------------------------------
  data required time                                  9.98
  data arrival time                                  -4.21
  -----------------------------------------------------------
  slack (MET)                                         5.77


  Startpoint: divide_mode
              (input port clocked by vclk)
  Endpoint: result[4] (output port clocked by vclk)
  Path Group: vclk
  Path Type: max

  Des/Clust/Port     Wire Load Model       Library
  ------------------------------------------------
  oadm_fixed_l0_opt  ZeroWireload          tcbn65gplustc_ccs

  Point                                    Incr       Path
  -----------------------------------------------------------
  clock vclk (rise edge)                   0.00       0.00
  clock network delay (ideal)              0.00       0.00
  input external delay                     0.02       0.02 r
  divide_mode (in)                         0.00       0.02 r
  U183/ZN (CKND0)                          0.13       0.16 f
  U185/ZN (INVD1)                          0.24       0.40 r
  U657/Z (XOR2D0)                          0.12       0.51 f
  DP_OP_97J1_124_6249_U28/CO (FA1D0)       0.06       0.57 f
  DP_OP_97J1_124_6249_U27/CO (FA1D0)       0.06       0.63 f
  DP_OP_97J1_124_6249_U26/CO (FA1D0)       0.06       0.68 f
  DP_OP_97J1_124_6249_U25/CO (FA1D0)       0.06       0.74 f
  DP_OP_97J1_124_6249_U24/CO (FA1D0)       0.06       0.79 f
  DP_OP_97J1_124_6249_U23/CO (FA1D0)       0.06       0.85 f
  DP_OP_97J1_124_6249_U22/CO (FA1D0)       0.06       0.91 f
  DP_OP_97J1_124_6249_U21/S (FA1D0)        0.10       1.00 r
  U269/Z (XOR2D0)                          0.07       1.08 r
  U192/Z (CKXOR2D0)                        0.06       1.14 f
  U286/ZN (MAOI222D0)                      0.08       1.22 r
  U287/ZN (OAI21D0)                        0.04       1.26 f
  U288/ZN (IOA21D0)                        0.04       1.30 r
  U291/ZN (CKND2D0)                        0.03       1.32 f
  U331/ZN (MAOI22D1)                       0.03       1.36 r
  U329/ZN (MAOI22D1)                       0.03       1.38 f
  U304/ZN (MAOI222D0)                      0.07       1.46 r
  U320/ZN (MAOI22D1)                       0.04       1.50 f
  U312/ZN (MAOI222D0)                      0.08       1.58 r
  U313/ZN (OAI21D0)                        0.04       1.62 f
  U314/ZN (IOA21D0)                        0.04       1.65 r
  U316/ZN (CKND2D0)                        0.03       1.68 f
  U307/ZN (MAOI22D1)                       0.03       1.71 r
  U328/ZN (AOI21D0)                        0.04       1.75 f
  U218/ZN (MAOI222D0)                      0.08       1.83 r
  U295/ZN (MAOI22D0)                       0.05       1.88 f
  U334/ZN (MAOI222D0)                      0.09       1.97 r
  U335/ZN (OAI21D0)                        0.04       2.01 f
  U336/ZN (IOA21D0)                        0.04       2.05 r
  U338/ZN (CKND2D0)                        0.03       2.07 f
  U281/ZN (MAOI22D1)                       0.03       2.10 r
  U350/ZN (AOI21D0)                        0.04       2.14 f
  U351/ZN (MAOI222D0)                      0.08       2.22 r
  U258/ZN (MAOI22D1)                       0.04       2.26 f
  U356/ZN (MAOI222D0)                      0.07       2.33 r
  U210/ZN (MAOI22D0)                       0.05       2.38 f
  U365/ZN (OAI21D0)                        0.04       2.42 r
  U212/ZN (IOA21D0)                        0.03       2.45 f
  U234/ZN (OAI22D0)                        0.06       2.51 r
  U236/ZN (MAOI222D0)                      0.06       2.57 f
  U381/ZN (MOAI22D0)                       0.06       2.63 r
  U382/Z (XOR2D0)                          0.06       2.68 f
  U383/ZN (CKND2D0)                        0.03       2.71 r
  U384/Z (XOR2D0)                          0.08       2.80 r
  U385/ZN (INVD0)                          0.02       2.82 f
  U394/ZN (NR3D0)                          0.05       2.87 r
  U395/ZN (INVD0)                          0.02       2.89 f
  U398/ZN (CKND2D0)                        0.13       3.02 r
  U662/Z (XOR2D0)                          0.07       3.10 f
  DP_OP_86J1_126_4690_U11/CO (FA1D0)       0.06       3.15 f
  DP_OP_86J1_126_4690_U10/CO (FA1D0)       0.06       3.21 f
  DP_OP_86J1_126_4690_U9/CO (FA1D0)        0.06       3.27 f
  DP_OP_86J1_126_4690_U8/CO (FA1D0)        0.06       3.32 f
  DP_OP_86J1_126_4690_U7/CO (FA1D0)        0.06       3.38 f
  DP_OP_86J1_126_4690_U6/CO (FA1D0)        0.06       3.43 f
  DP_OP_86J1_126_4690_U5/CO (FA1D0)        0.06       3.49 f
  DP_OP_86J1_126_4690_U4/CO (FA1D0)        0.06       3.54 f
  DP_OP_86J1_126_4690_U3/S (FA1D0)         0.07       3.61 r
  U418/ZN (AOI21D0)                        0.03       3.64 f
  U436/Z (AO31D0)                          0.06       3.70 f
  U437/ZN (AOI21D0)                        0.08       3.78 r
  U438/ZN (INVD0)                          0.05       3.83 f
  U194/ZN (NR3D0)                          0.05       3.88 r
  U193/ZN (CKND0)                          0.04       3.92 f
  U457/ZN (NR2D0)                          0.17       4.09 r
  U522/ZN (AOI22D0)                        0.05       4.15 f
  U523/ZN (CKND2D0)                        0.07       4.21 r
  result[4] (out)                          0.00       4.21 r
  data arrival time                                   4.21

  clock vclk (rise edge)                  10.00      10.00
  clock network delay (ideal)              0.00      10.00
  output external delay                   -0.02       9.98
  data required time                                  9.98
  -----------------------------------------------------------
  data required time                                  9.98
  data arrival time                                  -4.21
  -----------------------------------------------------------
  slack (MET)                                         5.77


1
