40385000
3f57c000
4026f800
3f958000
4036c000
3fa50000
40471800
3f4f2000
3fda6000
3f524000
3f9cb000
3f948000
402f1800
3f582000
3fe59000
3fc16000
4031a800
3fab5000
3fe84000
3f5b0000
3ffc8000
3f116000
40029000
3fa23000
40022000
3f5d2000
40038800
3f780000
4048a000
3f98a000
403bf000
3f94f000
403c7000
3f64c000
4048c800
3f678000
40302000
3f95d000
40082000
3f426000
401ff800
3fbb9000
3fb18000
3f5e8000
3fc4d000
3fa5e000
40318800
3f8f9000
3ff97000
3f63c000
400fc800
3f6d0000
40037000
3f966000
403fe000
3f999000
3fe02000
3f985000
3ff76000
3ff54000
40704000
3f832000
3ffe1000
3f4b2000
40444000
3f90c000
402e1000
3f42a000
40267000
3faaf000
40025800
3f8cf000
3fb94000
3f77e000
404b9000
3f506000
402c5000
3f31a000
3fe75000
3f1ec000
40085000
3f1ac000
3fe7c000
3f12a000
3fc1e000
3f3aa000
3f98b000
3f8cc000
3fae8000
3f3d8000
402d0800
3f35a000
3fb68000
3f3fe000
4004f800
3f85a000
402b3000
3f8a6000
3fd2c000
3f9ad000
3ff53000
3fd1b000
400cd000
3f1a0000
401de000
3f362000
40279000
3fa19000
3fb81000
3f821000
400f6800
3fdb6000
400a1000
3fd38000
40087000
3fbe3000
40404000
3f58e000
404dc800
3f52e000
3ff13000
3f48a000
40507800
3f920000
3f9ea000
3f722000
403fe800
3f62a000
3fddd000
3f865000
40200800
3f40a000
40509000
3f540000
40100000
3fa4c000
3fd7e000
3f1bc000
3fddd000
3f77a000
4038d000
3f927000
403a0000
3f8c6000
3f9e2000
3f652000
3ff41000
3f987000
3ffa6000
3fc44000
40236800
3f49a000
3fcc7000
3f8ea000
3fb32000
3f568000
3feda000
3f899000
40082800
3f556000
3fda7000
3f921000
4042c000
3f8c1000
3fdfd000
3fa47000
3ff8d000
3f1e8000
3fc24000
3f3d0000
3fa93000
3f43c000
3fd89000
3f248000
3f9c2000
3f8b9000
40290800
3fb41000
3fd13000
3f258000
3fc68000
3f6de000
3fd0d000
3f9f9000
4009f000
3f2d2000
3f990000
3f86b000
401d7000
3f252000
4046e800
3f4d4000
3fae9000
3f7d2000
40524000
3f786000
403a7800
3f85c000
3fade000
3f66e000
40244800
3fa8e000
3fea0000
3f5c8000
40254000
3f9a2000
3fe5d000
3f456000
40070000
3f9ff000
400b7800
3f867000
400d6000
3f3b6000
4041f800
3f6d6000
400c4000
3f212000
400cf800
3f73e000
40524000
3f71a000
402b1000
3f8d0000
40155800
3faaf000
40357800
3fb2b000
4035f000
3f8d3000
40459800
3f92c000
4004f000
3f380000
40065800
3f470000
400b9800
3fab8000
4027c000
3f32a000
4050e000
3f893000
3fd6e000
3f2d8000
404ea000
3f9b7000
3f8f7000
3f83e000
40476000
3f80b000
405de000
3f5e4000
40627800
3f8bc000
40389000
3f5c0000
3fcdf000
3f4ae000
3fdca000
3fba3000
4056c800
3f7bc000
40093800
3f1be000
40160000
3f849000
3fda5000
3f44a000
403dc000
3f726000
405c1000
3f931000
4018e000
3fa05000
40470800
3f8db000
400a4000
3fbb9000
40185800
3f867000
3fafc000
3f77e000
40167000
3f6a0000
40210800
3fa94000
40676000
3f70c000
40068800
3f490000
401fb000
3fb29000
401e3000
3f987000
40100800
3f768000
3ff99000
3f56c000
40044000
3f839000
3ffab000
3f2de000
40355800
3f502000
40293000
3f37a000
400b8000
3f46e000
4023f000
3fa51000
400dd000
3fc0d000
403f8800
3f826000
3fff7000
3f2a6000
400cd000
3f452000
3fbb5000
3f560000
40249000
3f5a0000
402c5800
3f832000
401b7800
3f1cc000
40336000
3f452000
4000f800
3f346000
4040e800
3f456000
4031e800
3f40a000
3f9fe000
3f975000
3fab6000
3f602000
3ff43000
3fe76000
4011b000
3f27e000
3fcfc000
3f5d2000
3fd87000
3fa11000
40239800
3fa14000
3fdb2000
3f2a0000
4012d800
3f1dc000
401fd000
3f8ad000
3ff99000
3fcbe000
402b2800
3f3fa000
3fb09000
3f474000
40427000
3f4c0000
40120800
3f20a000
3fed7000
3fcb5000
400c7800
3f996000
3fec5000
3fe6e000
3fd75000
3fb58000
403a7800
3f84a000
3f9c3000
3f7c8000
405a8000
3f90b000
40093000
3f08a000
40434000
3fa76000
40069800
3f166000
401c4000
3f85d000
3fec2000
3f16a000
405a3000
3f6ec000
3ff9a000
3fe28000
400ff000
3fd3c000
403ca800
3f6ae000
3fe18000
3fa19000
404d4000
3f6b0000
40069800
3f9bd000
40205800
3f9a8000
402f4800
3f6e6000
401dc000
3fc43000
402da800
3f955000
3fb00000
3f63e000
400ce000
3f112000
405fd000
3f88f000
40253000
3f2d2000
40077800
3f434000
3fa64000
3fa2d000
402a0800
3f91a000
40440800
3f782000
402f8000
3f82f000
40287800
3f4c6000
3fea8000
3f0ca000
4019d800
3f272000
3fd38000
3f953000
402db800
3f885000
4001c800
3f048000
405fb000
3f8b3000
400c6800
3f5e8000
3fb93000
3f976000
40284000
3fa93000
40032800
3fd72000
40061000
3f6d6000
40420800
3f892000
3f9a0000
3f89b000
3fc06000
3f813000
40257000
3fb23000
403b4800
3f3ce000
40780000
3f7c4000
40127000
3fba8000
40386800
3f3fe000
40028000
3f456000
4062c800
3f73c000
3ff36000
3fb2f000
40057000
3fbf1000
3ff97000
3f19c000
3fc55000
3f896000
40591800
3f69c000
3fd8e000
3fa79000
40049800
3faf9000
3fb6a000
3fa33000
406e5000
3f744000
4021a000
3f9da000
4014b000
3f548000
3fc53000
3f47e000
3fa30000
3f893000
3fd7b000
3fa6b000
400cd800
3f206000
40214000
3fb89000
405f2800
3f77c000
3f93b000
3f6d8000
3fc6b000
3f99a000
3ff28000
3f24c000
4027b000
3f644000
3f8c4000
3f889000
3feb5000
3f5b4000
3fc34000
3fb62000
400d9800
3f818000
401c6800
3f60c000
3fb84000
3faef000
3ff74000
3f80d000
404d6000
3f6f4000
402b3000
3f6d4000
3fbad000
3fa72000
40128800
3f4b0000
3fda3000
3f1ec000
40023000
3fdec000
40205000
3fbe3000
3fffc000
3fb9a000
3ff8e000
3f0f2000
4040d000
3f8fb000
40171800
3f55c000
3fb35000
3f875000
4015c000
3f20c000
401f6000
3f7ca000
405d2000
3f80b000
40456000
3f46a000
401a7800
3f968000
40092000
3f700000
3fff6000
3f4a0000
404e4800
3f5a6000
3fbdd000
3f899000
3fef8000
3f33c000
40199800
3fa10000
3ff56000
3f57c000
40026000
3fca7000
3fde3000
3fc9d000
400e2000
3f9ac000
4018d000
3f65c000
40033000
3f072000
3fb37000
3f4d0000
40005800
3f48e000
404d5000
3f8a8000
400e2000
3f436000
3ff13000
3f34e000
40281000
3f346000
403d3000
3fa0f000
3fcb8000
3f39c000
3fec4000
3f332000
40455800
3f9df000
406a7000
3f822000
4016b800
3f4f6000
4005a800
3f088000
404ea000
3f81d000
4045e800
3f7c8000
3feb2000
3f868000
3fe27000
3fcd9000
40570000
3f636000
3ff9d000
3fe9d000
403ba000
3f9fb000
3fb35000
3f805000
401ec800
3f374000
402f8000
3f7f2000
4017d000
3f416000
3faf1000
3f68a000
3ff9f000
3f6e4000
40064800
3f05a000
405b0800
3f6bc000
405e9800
3f65c000
3fc88000
3f917000
3ff51000
3f08c000
4034a800
3f921000
3fec9000
3f26a000
3fe5d000
3fa6c000
3fdb3000
3f835000
4003b000
3f930000
40171000
3f3bc000
40371800
3f802000
4023d000
3f372000
4032e000
3f865000
3fb35000
3f8ad000
40130800
3fb0b000
400f2800
3f468000
3fd5b000
3fb15000
40072000
3f1c4000
40187000
3f260000
3fd07000
3f37e000
3fe4a000
3fa5e000
4005f800
3f224000
403cd800
3f5d6000
40004800
3fb08000
40478000
3fa14000
3f985000
3f92c000
40450000
3f7b6000
3fe5e000
3f168000
40131000
3f1b8000
3fd77000
3f1e6000
3ff49000
3f70a000
3fc63000
3f3ec000
3ffa2000
3f823000
40258800
3f6e6000
400fd800
3fe1a000
40028000
3fbb1000
403c9800
3f4e6000
40323000
3f61e000
3fbf7000
3fa8b000
3fe9e000
3f116000
40426800
3f7c4000
3fc9f000
3f8eb000
4037e800
3f3c6000
3fd6c000
3fb24000
40704000
3f7c4000
401b4000
3f392000
3fb9b000
3f3ce000
40043000
3fb8b000
402aa800
3fadf000
3fe0f000
3f234000
40373800
3f432000
40532000
3f927000
40751800
3f84a000
40143000
3f206000
40341800
3fa63000
40067800
3f508000
3fba7000
3f41a000
401b7800
3f276000
402e7000
3f95f000
40287000
3f438000
40575800
3f954000
40299000
3f8a7000
40528800
3f8f6000
3ffbe000
3f5f2000
402bf800
3f957000
3ff08000
3f1aa000
3ff1a000
3f2a0000
3fef5000
3f85a000
3ff24000
3f554000
40298000
3f94f000
3ff19000
3f4ae000
40235000
3fc85000
3ffd3000
3fc8a000
40195000
3fd0c000
40038800
3f886000
40403800
3f8a6000
403d3800
3f63c000
4048d800
3f4f4000
40118000
3fa48000
40363800
3f5f0000
40507000
3f82f000
405cb800
3f8e0000
40121800
3f1a8000
3fcfe000
3f600000
40465000
3f6ca000
40251800
3faf9000
4013c800
3fab4000
4032f000
3f4d0000
4051b000
3f8ed000
40344000
3f342000
403a4000
3f510000
40035800
3fa60000
403db000
3f88b000
404d5000
3f508000
40105000
3f368000
3fe07000
3f7da000
4005e800
3f610000
3fb04000
3f50c000
400a1000
3f1ae000
400fa000
3f43a000
40443800
3fa69000
400ec000
3f624000
3fc6f000
3f960000
40107000
3f698000
3fd18000
3f370000
400f6000
3f7a0000
401d5800
3f8b9000
40215800
3f24e000
3f9af000
3f8ca000
40054800
3f8b0000
3fd38000
3f5b8000
4013a800
3f817000
3fd44000
3fbdd000
40157000
3f190000
3ffee000
3f1d2000
3fdba000
3f5ec000
40071800
3f5c6000
40277800
3f2ca000
400e7000
3fbc7000
402b5800
3fb8f000
400fe800
3f71c000
4007d800
3fbd5000
402c7000
3f4c0000
3fe26000
3f8cf000
3fb3a000
3f5c0000
4026d000
3f2d6000
3fc5f000
3f4ca000
401d0800
3f78e000
403f5000
3f5c8000
401e6000
3f1fc000
3fde4000
3fd8d000
40053000
3fb07000
40128800
3f160000
3ff8d000
3f1e8000
403b0800
3faeb000
3f9e7000
3f9c6000
3fddd000
3f7aa000
3fe61000
3f1b0000
40047800
3fcae000
40515800
3f86e000
402fb000
3f36e000
3ff4b000
3f9f8000
40160800
3fd72000
40026800
3f26c000
40332800
3f496000
40124800
3f344000
3fda0000
3fbaa000
4033a000
3f943000
40239000
3f42c000
40143000
3f206000
405f7000
3f62c000
4037f000
3f9c1000
40583000
3f6ac000
3fc85000
3fae0000
402b2000
3f6b0000
3f954000
3f676000
40372000
3f929000
40178800
3f2e4000
403cf800
3f758000
3fb22000
3f867000
40199800
3f4b6000
40006000
3f8ab000
4040b000
3f4be000
3ffae000
3f652000
3ff7a000
3fd71000
40042800
3fefd000
401ab000
3f835000
4037a800
3f95f000
401fe000
3f59a000
3fbb8000
3f40a000
40371800
3f798000
40630800
3f81a000
40124000
3f402000
401d6800
3f296000
4018d000
3f8e7000
40145800
3f5be000
3ff3d000
3f60e000
3ff12000
3f15e000
40080800
3f1d6000
4003e000
3f480000
404e5800
3f878000
4017e000
3f8dd000
40099000
3fca7000
4027c000
3f392000
40077000
3f68c000
401ec000
3fc79000
3fd44000
3fbdd000
4001c800
3ff5d000
400f8000
3fcd8000
40185800
3f78e000
40382800
3f636000
400d7000
3f694000
400f1000
3f320000
3fe88000
3f2e2000
3fe24000
3f66a000
3fe0d000
3f8f5000
404c2800
3f4da000
3fcee000
3f36a000
402b3000
3f5d2000
4057b000
3f82f000
40484800
3f7e0000
3fc5d000
3f3c6000
3fe3f000
3fb5a000
403ac800
3f987000
3fc3f000
3f821000
40713800
3f714000
40532800
3f774000
40320800
3f838000
404d7000
3f882000
3fa90000
3f94d000
400a3800
3f144000
3ff36000
3f748000
3f963000
3f62a000
404ff800
3f6e6000
40098800
3fa34000
4007e800
3f9d5000
3feee000
3fa8e000
400fb800
3f6aa000
40344000
3fb54000
3f8e6000
3f889000
405d0800
3f5f2000
40770800
3f7d4000
4024d800
3f803000
3fec1000
3f8bf000
4036b800
3faa9000
40256000
3f450000
3fcdf000
3f2d4000
3fc83000
3f2a6000
401f8000
3f9b5000
4000d000
3fd97000
404e3800
3f89e000
404d6000
3f6f4000
40156000
3fcdc000
3fe31000
3f21c000
401d5800
3f31e000
4042c800
3f972000
3fcbf000
3fa72000
400fd000
3f556000
40389000
3f953000
4000b800
3ff3f000
3fc8a000
3fb35000
3fb22000
3fa19000
3fa53000
3fa1e000
40541000
3f865000
401e1000
3f99f000
402b1000
3f5b0000
3fdb9000
3fb94000
4008c800
3f614000
40141800
3f664000
403bb000
3f67a000
3f95d000
3f802000
40266800
3f803000
40235000
3f764000
3fa44000
3f55a000
40025000
3f458000
3fd06000
3f564000
3ffd8000
3f62a000
405c2000
3f87d000
40031000
3f53c000
405c3800
3f7e0000
3fb1d000
3fb0d000
406d5800
3f774000
402f2800
3f8c3000
3fb81000
3f83d000
4008c800
3f918000
3ffd8000
3f62a000
403c3000
3f608000
4039a000
3f7f2000
40061000
3fd80000
3fc03000
3f8b5000
40267000
3f71c000
4004b800
3f65a000
40289800
3f67a000
3fc96000
3faef000
40090800
3fbf1000
401b8000
3fafe000
402aa800
3f52a000
40475800
3f720000
4021a000
3f9da000
3fd53000
3fb3a000
40305800
3f84a000
400e6000
3f254000
3fe83000
3fd5a000
40361800
3f5ce000
3fbba000
3f883000
402fe000
3f4e8000
4049a000
3f9e3000
3f9ea000
3f722000
400b7800
3f176000
4027f800
3f803000
40436800
3f4d0000
40097800
3fd2a000
40088000
3f1a8000
40464800
3f586000
40081800
3fc5a000
40548000
3f8a1000
3fb35000
3f682000
3fe07000
3f835000
405b5800
3f60e000
3fb33000
3fa28000
3fc93000
3f2ea000
3fbb7000
3f388000
3fd41000
3f6a4000
3fc3a000
3f8fc000
40267000
3f87f000
3feca000
3f5a0000
402be000
3f460000
3fe89000
3f228000
4005f800
3fbb5000
40253000
3fbd1000
3fec4000
3f332000
3faf1000
3f8d8000
3fdcb000
3fc58000
40216000
3f20a000
402dc800
3f5e6000
4054f800
3f838000
3ff6f000
3f68e000
400ac000
3f85c000
3fca8000
3fa86000
400c8800
3fb08000
401dc800
3fcc2000
3f919000
3f714000
3ff4f000
3fbdd000
3fd08000
3fb03000
3ff05000
3f9a0000
4030f800
3fa51000
3fe80000
3f97f000
4024d800
3f47e000
3fa52000
3f6c6000
3ff47000
3f8a3000
400a5000
3f120000
401d4000
3f61e000
40048000
3f9b4000
40541000
3f865000
3f86f000
3f83e000
3ffd9000
3f2e2000
3fa1e000
3f9b3000
3f919000
3f714000
402a8800
3f72e000
3fc51000
3fb2b000
407cd800
3f7d4000
400c5000
3fc14000
400a2000
3f520000
403ec800
3f848000
4041a800
3f4ce000
40288000
3fabe000
40420800
3f50a000
402dd000
3f7ce000
3fe9e000
3f514000
40319000
3f574000
406c6000
3f852000
3fe75000
3fcee000
40029000
3f3b8000
3fe5e000
3fada000
3fe3d000
3f49a000
4010f800
3fb4a000
3fe25000
3f91b000
401d6800
3f8a4000
4027c000
3fb0c000
405b3800
3f71c000
404bc000
3f736000
40132800
3f258000
400f6800
3fdb6000
3ff3e000
3f0fe000
3fe40000
3fbb3000
4026e800
3f656000
40252800
3f60e000
3fe3b000
3f546000
40046000
3f518000
3fdc0000
3f436000
3fed0000
3f999000
3fe7c000
3fd24000
4019d800
3f9e0000
40417000
3f790000
405cf800
3f898000
40155800
3f3fe000
402f8000
3f82f000
40658000
3f87d000
4007e800
3f50a000
40372800
3f4c2000
40713800
3f7d4000
40381000
3f538000
40136000
3fc80000
3ffef000
3f903000
40082800
3f2f6000
3ff52000
3f47e000
401e3000
3f8ae000
40264000
3f8be000
4014f000
3f8c8000
4008c800
3f614000
401b7800
3f88f000
4041b800
3f8f1000
40116800
3f3f0000
40259800
3f88a000
403cc800
3f6f2000
40043800
3fd90000
3fe63000
3f47a000
4003b000
3f930000
3fd1b000
3f8ae000
40374800
3f548000
3fea4000
3fc88000
3fb4c000
3f8e5000
40102800
3f188000
40021800
3f802000
405c5000
3f909000
400ac800
3fc6f000
40076000
3f542000
40197000
3fb3d000
401b1800
3f3da000
3fc4f000
3f8ed000
404c5800
3f8c5000
3f8a2000
3f82f000
3fbcd000
3f875000
3ff02000
3f69e000
40406800
3f86d000
3fcb7000
3f81d000
40515800
3f7bc000
40080800
3f1d6000
40198800
3f64c000
3fd2f000
3f48e000
400dc800
3fd36000
3ff99000
3f666000
40556800
3f6bc000
3fc5e000
3f935000
40679000
3f76c000
4024c000
3f6f8000
3ff08000
3f1aa000
405fb000
3f6ac000
40424800
3f41c000
3fd89000
3f895000
400ff000
3f1ac000
4036f000
3fae8000
40020800
3f4dc000
40043000
3f47a000
3fb1a000
3fa5d000
3ffff000
3fd18000
3fd89000
3f74a000
405fc000
3f8a1000
400d6000
3f96c000
40101800
3f1ea000
405a1000
3f8b3000
3fcb7000
3fc95000
400b4000
3f19a000
400d8000
3fe52000
3fdc2000
3f8f3000
3fb0c000
3f995000
401e3000
3f6d4000
3fda1000
3fc03000
40176000
3f1b0000
3fca3000
3f8b1000
40013800
3f978000
3ffcf000
3f963000
4037b800
3f46a000
4008f000
3f68e000
40226800
3f5d0000
40298800
3fa53000
4053a000
3f66e000
3fc12000
3f35e000
3fe15000
3f993000
3ffdb000
3fb0d000
40364000
3f7aa000
3fd0a000
3f973000
401ce800
3f3fe000
3fc3e000
3f6ae000
40001800
3f08a000
4055c800
3f92e000
4007f000
3fe58000
3fd3a000
3fb50000
40252800
3fb89000
3fd19000
3f8cb000
3ffae000
3f290000
3fb59000
3fa24000
401f6000
3f871000
3ff27000
3f3fe000
4021d000
3f9c1000
3ffa8000
3fb83000
401db800
3f3aa000
3fce0000
3f3a2000
4006e800
3f27e000
3fb0f000
3f821000
3fe20000
3f11a000
3fbfa000
3fbd0000
3fa09000
3f9e4000
3ff39000
3f332000
3fe85000
3f77a000
40090000
3f8b9000
400ae800
3f9b4000
401f1000
3fc5b000
3fca8000
3f42e000
3fd56000
3f544000
40354000
3f3b2000
405fe000
3f70c000
4035f800
3faf7000
3fa45000
3f862000
40342800
3f896000
4027d000
3f8d2000
3f92a000
3f8a7000
401f8000
3f534000
402ef000
3f31a000
40078000
3fc4c000
3fa9a000
3f6ce000
3fff8000
3f186000
402aa000
3f49c000
4022e000
3f57c000
3ffc2000
3f08e000
401c0000
3fc98000
3fc34000
3f953000
3fc32000
3f59a000
4000e000
3f1da000
3ff63000
3f9d5000
40524000
3f762000
3fb73000
3f428000
3fd8e000
3fb42000
400c2800
3f7ac000
4012c800
3fc72000
4021a000
3f2ae000
400c7800
3f55c000
4048e800
3f8b4000
3fa5f000
3f646000
402c1000
3f34a000
4016e000
3fbb6000
40257000
3f56c000
3fd5f000
3f74a000
3ffcb000
3f594000
3ff54000
3f068000
3fe06000
3f2ac000
40168000
3f58e000
40209800
3f8b7000
401fa800
3f2d2000
3ff80000
3f28c000
40562000
3f987000
3ff5f000
3fb9b000
40035000
3fdaa000
405c3800
3f7e0000
40053800
3f8c7000
3fb6e000
3f746000
404bc000
3f870000
40033000
3f562000
40477800
3f856000
4025c000
3f490000
4033d800
3f42a000
404dc800
3f52e000
3fd08000
3fb7c000
3ff47000
3f3ba000
4003e000
3f480000
3fde6000
3faa6000
3f990000
3f7e6000
40305800
3f7bc000
40589800
3f838000
40154800
3f516000
401a9800
3fb0f000
400d6800
3f196000
3fd95000
3fc88000
3ff1a000
3f432000
3f8e6000
3f84d000
400bb000
3f152000
402f3800
3f8ae000
403b5000
3f7ce000
4032e000
3f73e000
4001d000
3f358000
40140800
3fd16000
3fe83000
3fd5a000
401ce800
3fa39000
40636000
3f8c5000
3fcac000
3fb53000
4019e000
3f5d6000
40217000
3f6d4000
3fcad000
3fc08000
40125000
3f2ba000
3fcc1000
3f522000
40612800
3f81a000
4050f800
3f8d0000
40094800
3f754000
3fb48000
3f666000
403fe000
3f552000
3f94c000
3f889000
3fee9000
3f130000
401bf000
3f8e3000
3fad7000
3f3ec000
3fa7a000
3f86f000
403a3000
3f88d000
40470800
3f59e000
3fdf4000
3fb9c000
3fb83000
3f4d8000
4001c000
3fe16000
3fa36000
3f833000
40073000
3f254000
3fbe0000
3f82f000
3fb4d000
3fa8a000
3fd00000
3f62e000
40185800
3f1c0000
4003d800
3f1e2000
402a8800
3f72e000
3ff10000
3f7c4000
401b7800
3f73e000
3fd9e000
3f792000
3fe7e000
3fbd7000
3fffa000
3fa0e000
40007800
3fba8000
40154000
3f855000
40185800
3f7b6000
40263000
3fc07000
3fe3b000
3f546000
40405000
3f482000
3fd35000
3f77a000
40124000
3f9d8000
404db800
3f838000
405e0000
3f70c000
400dd800
3f350000
40119800
3f9cc000
3fd1a000
3f41a000
40259800
3f88a000
403ee800
3f3f2000
3ff84000
3fde1000
405ff000
3f72c000
40066000
3f384000
3fb48000
3f8d7000
4013f000
3fafa000
4038d000
3f604000
3ffe9000
3fb8c000
40299800
3f975000
402d0800
3fb3f000
3fcae000
3fa63000
3fe23000
3f270000
3fd74000
3f792000
3fc36000
3f442000
401fa000
3fa0f000
3fd3c000
3fc02000
40407800
3f9ba000
400c0000
3fd0c000
3fe52000
3f2be000
3feb7000
3fb40000
400e3800
3fae8000
401f0800
3f8a3000
4034d000
3f556000
400fa800
3f8d7000
3ffea000
3f032000
403f8800
3f826000
4004f800
3f7ac000
3fe1d000
3f957000
4008d000
3f11a000
4045e800
3f81e000
3fd17000
3f8e8000
40277800
3f79a000
4033c800
3f522000
4057b000
3f80b000
406e5000
3f744000
403eb000
3f82f000
3fc7b000
3f6c8000
4005a800
3f088000
40048000
3f3fc000
3fff3000
3f1ac000
400db000
3f871000
4029e000
3f41c000
4037e800
3f933000
3fe7a000
3f8ff000
40365800
3f91f000
400b4800
3f6ca000
402de000
3f4a4000
3fcc5000
3f642000
40598000
3f841000
3fa72000
3f8ef000
402c8000
3f620000
402b0800
3f56a000
3fe6e000
3f216000
4060a800
3f6bc000
40616000
3f8e9000
3ff82000
3f348000
40575800
3f898000
3ffe7000
3f7ac000
3fb51000
3fa68000
4019d800
3f272000
40041000
3fd58000
3fbce000
3f95f000
401fc000
3f6b0000
400c2000
3f889000
4003b000
3f136000
40042800
3fcd1000
403eb800
3f9bd000
3fc3f000
3f2de000
4000e800
3fc5a000
40035000
3fa8d000
3fe5f000
3f35e000
400d5000
3f648000
40086000
3f100000
40198000
3fc19000
3fbe4000
3f332000
3ffb2000
3f6a6000
3fb94000
3f70e000
402ec800
3fa89000
3fb8a000
3facc000
3fdf2000
3f702000
40488000
3f626000
40005800
3f0ec000
3fc4e000
3f9e6000
3fcaa000
3f50c000
40257000
3f376000
40093000
3f08a000
40411800
3f474000
4037f000
3f7aa000
401c6000
3fa15000
3fc80000
3f98b000
406a7000
3f832000
3ffdd000
3fcfa000
3f969000
3f8ae000
40178000
3fa38000
4049b000
3f592000
3fe76000
3f5f0000
40491800
3f5dc000
40364000
3f9c3000
40136000
3fa0c000
3fc58000
3f2f2000
40078000
3f993000
3fa42000
3f9b1000
400d8000
3f6ba000
3f965000
3f65e000
3fdfc000
3fdd2000
405a3000
3f6ec000
40673000
3f6ac000
3fe49000
3f1e6000
3ff5c000
3f8af000
40409800
3f834000
40241000
3f7ca000
40137800
3f454000
40181000
3fc68000
40115800
3f891000
3fd13000
3f258000
401ba000
3f20a000
40387000
3f59e000
3fbca000
3f578000
3fe5e000
3f168000
40206800
3fcbb000
3ffc3000
3f548000
4023a800
3f8f4000
40466000
3f899000
400b6800
3fc29000
40577800
3f940000
3fce9000
3f252000
3fb62000
3fad1000
40165000
3f362000
400ba800
3f21e000
40267000
3fb59000
3fdc6000
3f664000
3fc57000
3f879000
402ed800
3f53e000
3fe52000
3f2be000
401b7000
3f2ba000
40568000
3f94b000
400c8800
3f0d4000
3fd25000
3f3e4000
3ff54000
3f913000
3fbe4000
3f5c4000
40056000
3f230000
3fce1000
3f7aa000
3fdba000
3f2c2000
40014800
3fa84000
40154800
3f152000
3fedc000
3f3c2000
3fcaa000
3f9d1000
4004f000
3fb28000
404d3000
3f578000
40655000
3f8b3000
4021c800
3f496000
40624800
3f8f2000
403fb800
3fa16000
400c2800
3f818000
402b0800
3f56a000
4017e000
3fb42000
3ff6b000
3f906000
4005b000
3f73e000
404f8800
3f802000
3fec1000
3f4a6000
401ad800
3f3bc000
400ad800
3f47c000
40210800
3fc7f000
400dd800
3f350000
4021b800
3f853000
40505800
3f5e4000
3fd1b000
3f8ae000
4017c000
3f1ca000
4003d000
3f044000
40171800
3fc7e000
40532800
3f708000
3fed6000
3f2d0000
40208000
3fa70000
40085800
3f6ec000
3fc88000
3f917000
3fd99000
3f28c000
4079f000
3f822000
4008b800
3fd72000
401a1800
3f362000
40300000
3f594000
3fda7000
3f374000
3fa8a000
3f84b000
3fa1d000
3f8a4000
4001d800
3fe4f000
3ff98000
3fbc5000
406f4800
3f714000
402d8800
3f8c4000
40505800
3f5e4000
401a5800
3f380000
403a7800
3f4a8000
3fb5b000
3f79a000
402d0000
3f866000
40648800
3f6fc000
400c3000
3f872000
3f92e000
3f901000
3f908000
3f8e3000
40062800
3f65c000
4051c800
3f58c000
40016000
3f4ee000
403f6000
3f6e4000
4042a000
3f660000
403e3000
3f444000
3f8f7000
3f8b6000
4012a000
3f200000
3ffb0000
3fa1e000
40434000
3f829000
3ffc5000
3f1a4000
40236800
3f49a000
401ab800
3f5e8000
402bb000
3fbb9000
401ab000
3f752000
3ffad000
3f16c000
400c9000
3fc99000
40055000
3f43e000
4031a800
3f8e3000
400bd000
3f8fc000
40056000
3f8f7000
3fa12000
3f78e000
40003000
3fcb7000
402c1800
3f5e4000
3fac3000
3f762000
3feff000
3fe3a000
40082800
3f2f6000
3fcac000
3f2fe000
40048000
3faa9000
401a9800
3f5c6000
3ff2a000
3f196000
3fe89000
3fa68000
400b4800
3fddd000
40239800
3f98c000
3fbdc000
3fa27000
3fdfb000
3fce2000
3faef000
3f9ec000
3fc30000
3f98d000
3ffe4000
3f96f000
3fde3000
3f22e000
403f5000
3f5c8000
3fa64000
3f7ee000
3fde4000
3f5f0000
3fd6e000
3f2d8000
4047d800
3f56a000
40307800
3f422000
3fcba000
3f885000
403cf800
3f9c0000
3fc1c000
3f86c000
40496800
3f994000
403ad000
3faac000
3fcae000
3f9b3000
3fb15000
3f4f8000
40028800
3f574000
402c8000
3f98d000
402af800
3f44e000
40637000
3f6ac000
40176000
3fd38000
401c4000
3faa7000
40063800
3fa0e000
400a7000
3f690000
3fd52000
3f1b6000
3fec7000
3f72e000
4009e000
3fe22000
3fd83000
3f496000
406f4800
3f80a000
40060000
3fe8e000
40306000
3f5fa000
403fc000
3fa7c000
4000d000
3f172000
4033b800
3f814000
40130800
3f76c000
400e2000
3fbea000
402e5000
3fa64000
40000000
3f0ae000
40476800
3f869000
405bf000
3f6ac000
40122000
3f38c000
40260000
3f912000
401e5000
3f96f000
3fb42000
3f909000
40205000
3fbe3000
40364000
3f7ce000
40449000
3f4fe000
3fa87000
3f8be000
401ff000
3fb71000
3fca8000
3f42e000
3fbfb000
3f929000
40359000
3f622000
400c8800
3fe6d000
40487000
3f798000
4025e000
3fc25000
404be800
3f838000
40143800
3f59c000
401f6000
3f80d000
400eb000
3f928000
40066800
3f818000
401ee000
3f440000
3fd81000
3fcd6000
40350000
3fb06000
4026f800
3f8dd000
3fdae000
3f989000
406a7000
3f822000
402b4000
3f6f8000
4022e000
3fa09000
3fed6000
3f0d2000
40713800
3f81a000
40334000
3f576000
403e0000
3f62c000
40282800
3f95f000
3fe43000
3f156000
3ff84000
3f8e0000
4013a800
3f7de000
3fa54000
3f891000
402ac800
3fa82000
40487800
3f4b8000
40228800
3f516000
4036f800
3fa25000
403a7800
3f814000
3fc8b000
3fbea000
400e6800
3fc1b000
4003d000
3f43a000
400e1800
3f8ef000
4024b000
3f4ec000
403ce800
3f86f000
3fac3000
3f821000
4014b000
3fdac000
402a4800
3f8c6000
3fd5e000
3f96f000
40742000
3f832000
40197000
3fb3d000
400ec000
3fb43000
3ff80000
3f9ab000
4001c800
3ff5d000
3fd12000
3fc09000
4056c800
3f774000
3fd90000
3f2bc000
40177800
3f392000
404af800
3f768000
4021b800
3f78e000
3fc03000
3f472000
40032800
3fd72000
402ca000
3f590000
400ef800
3f544000
402cf800
3f814000
3fed0000
3fb2e000
401b4800
3fa3c000
403b5000
3f7ce000
4050d800
3f8e4000
40470800
3f676000
4021f800
3f4b6000
3ffa3000
3f86f000
40104800
3f528000
40377800
3f8ab000
403d8000
3f963000
401cb800
3f2e6000
3fae9000
3f891000
4045c800
3f844000
4039a000
3f42a000
3f9c3000
3f820000
401f1800
3f88e000
400d9000
3fa00000
40526800
3f622000
40590800
3f966000
40418000
3fa79000
40104000
3f586000
403a6000
3f5e4000
40320800
3f774000
3fb22000
3f6d6000
3ffd0000
3f7c2000
4032d800
3fae5000
402d4800
3f376000
404bc000
3f943000
3fa81000
3f616000
4015d800
3f88e000
3fa70000
3f62e000
405ff000
3f86b000
40278000
3fc1f000
4005c800
3f392000
4027e000
3f6b0000
40303800
3fa2e000
40537800
3f980000
40078000
3f8ba000
3ffbe000
3fdad000
4000d000
3f038000
400b0800
3f49c000
3ffa1000
3f888000
3fdaa000
3f54c000
403c6800
3fa05000
3fc2f000
3f29a000
3f8a2000
3f6f6000
3ff08000
3f87f000
40493000
3f82f000
402e3000
3f570000
401dd000
3faa2000
405da000
3f64c000
3f9c4000
3f899000
40139000
3f89b000
3fba9000
3f9fa000
3fcad000
3fc08000
400ee800
3f1fe000
3fe2b000
3fa27000
3fb53000
3f604000
3fc3b000
3fac7000
4002d000
3f6e6000
3fe6f000
3f876000
40446000
3f662000
404ec000
3f53e000
400ce000
3fdd4000
3fa9b000
3fa38000
401dd800
3f934000
3fe53000
3fcd0000
405e8800
3f8f2000
3fe5b000
3f835000
3fcfe000
3f514000
40035000
3fdaa000
3f9f7000
3f6a2000
40192000
3f50a000
401a4000
3fb8f000
40376800
3fb0d000
40082800
3f2f6000
3fcf1000
3f392000
3fcda000
3fb2b000
40610800
3f83e000
3fd35000
3f865000
405d2800
3f912000
3fab0000
3f867000
40340800
3f566000
40319800
3fb67000
4004d800
3f680000
40310800
3f951000
3fba6000
3fb0d000
400cf800
3f73e000
4050b800
3f8f8000
40198800
3fd3e000
40598000
3f786000
3fd77000
3f1e6000
400ac000
3fcc3000
403ee800
3faaf000
40009000
3fbf8000
40180800
3f320000
3ff04000
3f8b1000
4012c800
3f5bc000
3fe12000
3fc37000
404ea000
3f82f000
3fe74000
3fbfe000
40031800
3f2ee000
3fd1f000
3f3be000
40307800
3f422000
3ff08000
3faea000
3ff0b000
3fb84000
4006d800
3f898000
3fc44000
3f86b000
3ff4f000
3f2d6000
3fda7000
3f374000
40386800
3f67a000
40244800
3fa8e000
3fc13000
3facc000
402bd800
3f96d000
40373000
3face000
3fd11000
3f93f000
3ff86000
3f8c7000
3fe85000
3f835000
4009e800
3fd8e000
3fb98000
3f9eb000
400eb000
3f496000
3ff79000
3f760000
400a0000
3f46a000
40184800
3f4f8000
40515800
3f708000
3fc3a000
3fb3f000
40281800
3f486000
4054b800
3f69c000
40541000
3f853000
4021a000
3f9da000
400a5000
3f644000
3fe5f000
3f118000
3fd35000
3f7aa000
4065b000
3f76c000
3fb15000
3f8d6000
4049b000
3f96d000
3fea1000
3fce5000
40356800
3f85c000
3ffd0000
3f466000
3fe9e000
3f116000
402f9800
3f60a000
402a4000
3fa5e000
40108800
3f2de000
40275800
3f406000
402f5800
3f953000
404f0800
3f65a000
40391800
3f989000
3fc40000
3fb1c000
3ff1c000
3f112000
4017d000
3f9a7000
4017b800
3f3b0000
4020b800
3f88d000
3ff4f000
3fbdd000
3fa31000
3f4e0000
3f8f7000
3f7c8000
3fbac000
3f941000
401a6000
3f8e5000
400ab800
3f844000
401ac800
3f2c6000
3fed6000
3f2d0000
3ff98000
3fbc5000
40202800
3f83f000
3fdeb000
3f566000
3fc69000
3f412000
3ffa1000
3f70e000
3fe96000
3fc1c000
40008800
3f0a4000
4026b000
3f82b000
400b4000
3f19a000
3fdc8000
3f8a1000
403e3000
3f3fe000
402dd800
3f752000
3ff73000
3f148000
401f6000
3f9cd000
401e9800
3f83f000
4036a000
3f6da000
3fce7000
3f5ba000
40030800
3f60c000
40048800
3fbba000
3febf000
3f8d8000
401eb800
3fa1d000
3ff9d000
3f8ba000
4061d000
3f72c000
3fdb2000
3f59c000
3fed9000
3f7da000
40145800
3fb23000
40041800
3f59c000
40145000
3f466000
40041800
3f972000
406c6000
3f802000
3ff29000
3fbc1000
3ff63000
3f51e000
401c0000
3fa47000
4008a800
3fcbc000
40265000
3f6d4000
3f9c4000
3f6ea000
403a7800
3f802000
400bd000
3f646000
40041000
3f0a6000
3ff53000
3f402000
3ffb5000
3f3ba000
3fbdf000
3f71c000
3ffbf000
3f9cf000
4007c800
3f248000
3faad000
3f6ea000
3fdd4000
3f9a5000
40369800
3f656000
4064c800
3f77c000
40393800
3f6cc000
3ff25000
3fd26000
3feaa000
3fb12000
404c8800
3f9bc000
403bb000
3f8d8000
400fa800
3f684000
40598800
3f916000
403eb000
3f82f000
40623800
3f904000
3f983000
3f94c000
3ff30000
3f6ca000
40018000
3fc68000
4006c800
3f6c4000
3fcff000
3f35c000
40659000
3f86b000
403d6800
3fa5e000
401ee000
3fad7000
4006c800
3f11e000
40116800
3f4ec000
40553000
3f634000
4026b000
3f82b000
40146800
3f722000
4019d800
3f228000
3fb56000
3fb17000
3fd67000
3f8e6000
403ea800
3f92b000
3fad2000
3f484000
3fbaf000
3f8f1000
40004000
3f8dd000
4001c800
3fc99000
400ca800
3f8d9000
4038a000
3f3ba000
401cd800
3f4dc000
4028b800
3f3a2000
4004e800
3f4e0000
404a1800
3f838000
3fb0f000
3f859000
3fbce000
3f95f000
401e0800
3f2ce000
3fe2e000
3fd0f000
405c3800
3f7bc000
3fa8a000
3f77e000
3fec4000
3f811000
3ff85000
3fbb7000
40415000
3f40c000
3fd69000
3f9b9000
4001e000
3fa92000
3fce0000
3f6e4000
40465800
3f47a000
3fbee000
3f8c4000
3ff21000
3f3da000
3ff82000
3f8f9000
4061a000
3f6cc000
403e9800
3f881000
40182000
3f386000
401ce800
3f8be000
4038e800
3fa0b000
3feed000
3f6b2000
3ff75000
3fd39000
3fc76000
3f4e0000
3fb42000
3f909000
3fef5000
3f3d6000
3fa20000
3f556000
4008b000
3fa44000
4022a800
3f41a000
40361000
3f6aa000
40349000
3f7ce000
401cd000
3f398000
40066000
3f384000
4010e800
3f1bc000
3fe88000
3f9fa000
402a7800
3f887000
4000d800
3f9c9000
3fe6b000
3fd15000
3fbe0000
3f84b000
40386800
3f67a000
3f9a5000
3f596000
406c6000
3f7a4000
40228000
3f7a2000
401ec800
3f9aa000
40094000
3facc000
3fdf2000
3f889000
3ff78000
3f45e000
3fdba000
3faaa000
40317000
3f99d000
3fd03000
3fcac000
4009f800
3f31a000
3ff89000
3f118000
402b0000
3f4dc000
4020e800
3f512000
4012e800
3fd82000
405a2000
3f5c2000
40056000
3f0f4000
402a4800
3f4ea000
405b7800
3f900000
3fd63000
3f3ac000
40107800
3fb84000
40168000
3fa81000
4010f800
3f15a000
4023e800
3f8a0000
40228800
3f516000
4002b800
3fc30000
40780000
3f832000
3ffbb000
3fcdc000
3ffe3000
3f242000
40052000
3fee2000
4063f000
3f7ac000
40273000
3fc3d000
40344800
3f963000
4045e800
3f99a000
402b0800
3f2ee000
401d0800
3f7b6000
3f9c9000
3f59a000
4030e800
3f898000
403fe800
3f4cc000
3fef9000
3f4f2000
40007000
3f584000
400bc000
3f620000
3ff9e000
3f1de000
4019e000
3f945000
4026d000
3f2d6000
3feb7000
3f93c000
403f8800
3f7e0000
3fe9b000
3f4c6000
4037c000
3f496000
40192000
3f871000
403ca800
3f6ae000
404a8800
3f976000
3ff91000
3f24c000
3f908000
3f82f000
3fdea000
3fcd3000
40106000
3f4ba000
40376800
3f56a000
3fa9d000
3f7d2000
3fb9b000
3f5e0000
40007800
3ffdb000
3ff02000
3fb0a000
401b7800
3f7de000
4043a800
3f8b7000
4058b000
3f61a000
400b0800
3fcf4000
402bb800
3f904000
40065800
3f104000
40427000
3f920000
401f6000
3f80d000
4010d000
3fe04000
3fdf1000
3fd09000
3fdee000
3fa1b000
4004a800
3fdc5000
3fb22000
3f84b000
40072000
3f84f000
40230800
3f45a000
3fc68000
3f8a4000
4033b800
3f774000
4010d000
3fbff000
3f82b000
3f802000
40063800
3fa0e000
40249000
3f68c000
40556800
3f96a000
40190000
3fa34000
4012c800
3f6d4000
3fd21000
3f340000
3fbf0000
3f6d8000
3fddd000
3f7da000
40011000
3f09a000
40659800
3f7b4000
3fb48000
3fa15000
40087800
3f314000
4001d000
3f278000
3fdc4000
3f4b0000
3ff5c000
3f8af000
3fe05000
3f44e000
40669000
3f7e4000
3ff9a000
3fe28000
3fb9e000
3f6a6000
40066800
3f886000
40181000
3f6ee000
4014f000
3f97b000
3ffc9000
3f6bc000
3feed000
3f8be000
40038800
3f6d0000
3fa2d000
3f4b4000
40189000
3f917000
4057d800
3f628000
4028d800
3f888000
4019e800
3f82b000
403b1800
3f712000
3feaf000
3f835000
3fe38000
3f929000
3fa6c000
3f5c6000
3fe40000
3f2f6000
4001c800
3fce4000
3fd2c000
3f8d9000
40121800
3f7de000
3fdce000
3f690000
40247000
3f97f000
400a5000
3f8fd000
402b2000
3fb04000
3ff05000
3f9a0000
40436800
3f903000
3fb09000
3f474000
4009a800
3f2fc000
40037800
3f9f9000
400df000
3faa4000
3fb54000
3f9af000
40273800
3f9dc000
40072800
3fcc3000
3fa75000
3f490000
40171000
3faf0000
403c3000
3f9b6000
3fffe000
3f823000
3fc3b000
3f3e6000
3fb4c000
3f8e5000
3fb77000
3fa64000
3fdc1000
3f336000
40107800
3f548000
402dc000
3f34e000
4041a800
3f62c000
401cd000
3fcd8000
403e4800
3f594000
4049d000
3f959000
40119800
3f9cc000
3ffa0000
3f0a2000
40596800
3f5ee000
3fe9e000
3f9d7000
4030c000
3f660000
40208800
3f8cc000
3f908000
3f7aa000
40549800
3f67e000
4049b000
3f96d000
3fec6000
3f222000
3ffd3000
3fc8a000
405be000
3f68c000
40286000
3f7d0000
4023b800
3f974000
4009e800
3f87f000
40780000
3f7a4000
40326800
3f8c1000
3fb62000
3f3d8000
405b5800
3f75c000
403ec800
3f848000
3faa3000
3f5e6000
40190800
3f5c4000
403c8000
3faa8000
400c4800
3fdc6000
401c7800
3f242000
40386800
3f67a000
3fef8000
3f0be000
40644800
3f67c000
3fbf5000
3f9f2000
400ce800
3f3e4000
402dc800
3faf1000
3fdec000
3f8f1000
3fe7a000
3f644000
3fc67000
3fb8f000
3fb76000
3f8c7000
3fa0c000
3f6f2000
3fc19000
3f805000
40016000
3f839000
40128800
3f160000
3fa9d000
3f7d2000
4023d000
3fb29000
4061e000
3f74c000
40050800
3f48c000
402c1800
3f9d3000
3fcae000
3fa63000
3fdfc000
3fb77000
40047000
3f1d6000
40451800
3f915000
404db800
3f750000
402e9800
3f496000
4014a800
3f2f6000
3ff87000
3fc91000
40137800
3fa6c000
406a1800
3f898000
4004d800
3fbe3000
3fd17000
3f8e8000
3fa10000
3f855000
3fdd4000
3f550000
3fdd0000
3f9c3000
3fbda000
3f3ea000
3fdd3000
3f476000
4018c800
3f8a3000
40187000
3fbb1000
402e4000
3f8e3000
40417000
3f83d000
40467800
3f7e0000
4027c000
3f4d4000
405f2800
3f77c000
402e0800
3f62a000
40048000
3f53e000
4018d800
3f702000
400b2000
3fbf8000
4004c800
3f312000
3ffd0000
3f7ee000
3fc8a000
3f370000
4005b800
3fde3000
40723000
3f812000
3fb48000
3f70e000
400a0000
3fa5c000
4009e800
3f3dc000
40007000
3f0c8000
40354000
3faec000
40084800
3fdf5000
401f5000
3fbad000
3ff8c000
3fade000
40704000
3f842000
3fea2000
3fa56000
401d0800
3f766000
40080800
3f1d6000
401f4800
3fb65000
4033e000
3f620000
40152000
3f883000
4029b800
3f306000
4007e800
3f9d5000
401e1800
3f630000
3feff000
3f516000
40419800
3f60a000
402b9800
3fb29000
3fd5d000
3fbc7000
3fdda000
3f156000
3fc9b000
3fb44000
400ee000
3f8e3000
40234000
3fbf5000
4044b800
3f958000
3fb8c000
3fa51000
40592800
3f6bc000
40484800
3f7bc000
3face000
3f458000
40113800
3f37a000
4002d000
3f9ed000
401a7800
3f2aa000
3ffb9000
3f844000
401bd800
3f434000
40524000
3f865000
3fd19000
3fb8b000
3fb27000
3f420000
40493000
3f80b000
40004000
3f110000
3fb6a000
3f494000
40541000
3f7aa000
404c9800
3f5c2000
40372000
3f602000
400fe800
3f392000
404c7800
3f960000
400ce800
3f4e0000
40123000
3fc64000
40076800
3f19a000
40293000
3fa16000
40043800
3f290000
40770800
3f82a000
3fe13000
3f8aa000
3f97f000
3f78c000
400cb800
3f4c0000
3faaf000
3f98e000
3ff36000
3f1b2000
3ffe3000
3faec000
4000d800
3f526000
40056000
3fba7000
4036b800
3f3fa000
40250000
3fa99000
40089000
3f4f8000
40239800
3fc1f000
40467800
3f802000
40241000
3f821000
40146800
3f2b4000
4028b800
3fb5f000
4019a000
3f975000
3fff7000
3f89f000
3fc25000
3fa63000
40198000
3f29a000
40276800
3f776000
3fa02000
3f935000
3fd74000
3f762000
3fd56000
3f6bc000
3fe84000
3f3ba000
40072000
3f823000
3fb94000
3f77e000
3f9de000
3f5ea000
4017b000
3f52a000
402aa000
3fa2c000
4004c000
3f1f4000
4018c800
3f6dc000
40168000
3fc70000
3fd5e000
3f594000
40371800
3f84a000
40658000
3f70c000
406e5000
3f822000
3fd1b000
3f27a000
3fa5b000
3f9da000
40219800
3f2f2000
40095000
3fc22000
40023800
3f062000
3fce7000
3f5ba000
3fab9000
3fa78000
3ff8d000
3f1e8000
40054800
3f9a5000
401e2000
3f380000
403c8000
3f3fa000
40248800
3f55a000
4037c800
3f5d0000
402ad000
3f4bc000
401ab000
3f821000
40530000
3f5d8000
40678800
3f80a000
401d8000
3f8e1000
4047d800
3f980000
4039e000
3f993000
40024000
3f933000
4034c800
3fac7000
3ff64000
3fd2a000
3fe52000
3f55c000
4025c000
3fb05000
3fa0e000
3f726000
400c6000
3fb6c000
402ae000
3f90f000
3fb94000
3f813000
3fbf0000
3f8a7000
3ff80000
3f258000
3fda6000
3fc97000
404d5800
3f8d4000
40265000
3faf6000
40161000
3fc0c000
400b0800
3fa30000
400ec000
3f302000
40082800
3f67a000
40134800
3f3bc000
3fe4e000
3fe05000
40219800
3f476000
3ffb5000
3f3ba000
402aa000
3fb38000
3ff10000
3fefa000
3ffe0000
3f98a000
3ffd0000
3f24e000
40088000
3fd40000
3fd5d000
3f4ba000
4012c000
3fdd8000
40441800
3f832000
3fe1c000
3f841000
40074800
3f414000
3ff19000
3fd4f000
3fd20000
3f792000
3ff9d000
3fa10000
4013d000
3f2c0000
40171800
3f236000
40273000
3f80d000
402e7000
3f8a4000
3fb33000
3fa28000
40487800
3fa07000
4024c000
3f895000
4056c800
3f750000
3fdcb000
3fbfc000
3fe31000
3f74a000
3fb5e000
3f410000
4012d000
3f462000
401b4000
3fce0000
40658000
3f87d000
40613800
3f808000
40303800
3f406000
40177800
3f392000
3fb69000
3f558000
404f2800
3f678000
3fe65000
3f8f3000
3ffe9000
3f100000
4033d800
3fa7d000
3fce2000
3f712000
3fd54000
3f316000
4002d800
3ff7b000
401c4000
3f899000
4024d800
3f7de000
4011e000
3fd10000
3fe43000
3f156000
402de800
3f608000
402e7800
3f342000
404ee000
3f9da000
4000a800
3f82e000
4003f800
3f0ca000
4037a800
3f3aa000
40761000
3f784000
4027c800
3f2e6000
3fa9c000
3f702000
400d9000
3fadc000
3fdcc000
3f1aa000
401cb800
3f46a000
3fc6d000
3f51a000
40280000
3f893000
3fd33000
3fbce000
40014800
3f422000
40279800
3f9aa000
3fe26000
3fb1e000
3fc31000
3f74e000
3fddc000
3fc0b000
3fe9a000
3f7f2000
4007e800
3f33a000
3f990000
3f732000
40164800
3f264000
404ec800
3f61e000
401b7800
3f1cc000
3feb9000
3f923000
4010f800
3f91b000
3ffda000
3f8f7000
402b1000
3f5b0000
3fdc2000
3f63c000
40688000
3f784000
3fa78000
3f6fe000
3fded000
3fc1a000
3fb22000
3f867000
3fe06000
3fae2000
402bc000
3f996000
3fe9d000
3f756000
3fe5e000
3f3da000
40143800
3f6b0000
40386800
3faa5000
3fb09000
3f474000
3ff62000
3fbeb000
3fd85000
3f192000
3ff66000
3f832000
4058f000
3f8e5000
40013800
3f284000
3ff21000
3f086000
40209800
3f398000
404e8800
3f936000
40086800
3fb2c000
40062000
3f364000
400f7800
3f612000
402da800
3f6e6000
3fe94000
3fd69000
3ff9b000
3fc15000
3ff9b000
3f690000
40770800
3f81a000
404a0800
3f49c000
40329800
3f39e000
3ff28000
3f382000
401f4800
3f3b0000
403c0000
3fadc000
401d0800
3fd0a000
403e6000
3f462000
403c7000
3fa6b000
3fb6e000
3f84b000
40033800
3fa2f000
40582000
3f8c5000
3ff5e000
3f4c6000
3ff93000
3f5e8000
405a2000
3f5c2000
3fa39000
3f60e000
3ffa5000
3f5de000
402f4800
3fa55000
40239800
3f98c000
4005f000
3f8d2000
40112000
3f314000
3fa19000
3f8e4000
3f989000
3f8ec000
400bc800
3fa9c000
400df000
3faa4000
4002d000
3f712000
3fffa000
3fe4c000
40575800
3f898000
4022a800
3fad9000
403ec800
3f915000
40107800
3fb84000
3fc62000
3f8fb000
404c1800
3f54a000
3ffec000
3f0dc000
4013f000
3f426000
400f6800
3fdb6000
3fe86000
3f869000
3fc1f000
3f962000
402e4000
3f4e4000
40235000
3fae5000
407ae800
3f7b4000
4007f000
3fe58000
40063800
3f4bc000
3fcbe000
3f84b000
40077800
3f3b6000
3fff2000
3f094000
40528800
3f640000
3febc000
3fccd000
3fc8c000
3f8dd000
4005a800
3fef1000
3fcae000
3f25a000
403ac000
3f64a000
401a3800
3f6b8000
404c0000
3f91b000
3fefa000
3f126000
3f9fc000
3f995000
3ff6c000
3fe33000
3ffc4000
3f41e000
3fc9c000
3f2ba000
40363000
3f6cc000
40270800
3f8c8000
3f99a000
3f8fb000
40524000
3f80b000
40231000
3f6d4000
3ff2b000
3f51a000
40411000
3f4fa000
3fe6d000
3f88f000
407be000
3f802000
402e6000
3f6b0000
3fb81000
3f805000
40145800
3f958000
40697800
3f7b4000
3fe6a000
3fbac000
3fc01000
3f568000
3feec000
3fec4000
40202800
3f803000
4065a000
3f859000
3fdd9000
3f39c000
40115800
3f6f8000
3fea0000
3f2ac000
4019d800
3f4fa000
3fb22000
3f69e000
4008a800
3f094000
40039000
3f5d4000
402c5800
3f79a000
3fb5c000
3f598000
40493000
3f7ce000
3fc90000
3f8a3000
3fcba000
3f885000
40268000
3f740000
40060000
3fe8e000
4002a800
3f59a000
3fff3000
3fd41000
4042d000
3f9d8000
403f9000
3f74a000
401da000
3fb68000
40050000
3f948000
40654000
3f68c000
3fdcd000
3f5da000
400a3000
3fb56000
3ffa2000
3fc79000
3f8d5000
3f78c000
403c8000
3faa8000
3fae8000
3fac7000
40410000
3f949000
400c0000
3f1ce000
4013c000
3f75a000
4023f800
3f5d2000
400a1800
3fabc000
4023f800
3faf1000
4004f000
3f380000
4018b000
3f63a000
3fc9a000
3f812000
400fe800
3fb15000
4014b800
3fc46000
3fb88000
3fa73000
404db800
3f798000
40197000
3fb3d000
4018e000
3fca8000
3ff41000
3f987000
3ff6f000
3fc4c000
3ffba000
3f862000
4012c800
3f95a000
40732800
3f7b4000
3fcf2000
3f49c000
3fd43000
3f99d000
40178800
3f1ee000
4017f800
3f8f4000
400a9000
3f6dc000
3fcc4000
3f3e8000
3fda6000
3f9c5000
3fc2c000
3f7b6000
40219000
3f71c000
3fd50000
3f632000
3f9ba000
3f939000
4047f000
3f688000
40578800
3f73c000
3fcfa000
3f244000
40378000
3f8e7000
3fded000
3fc76000
401b2800
3fa0e000
40426800
3f546000
3fc2f000
3fb0d000
4028d800
3f888000
3fd84000
3fab5000
4011b800
3f18e000
40486000
3f91f000
4040b000
3f4be000
40222800
3f8cb000
3fdff000
3fd75000
40545800
3f8f4000
3fe1f000
3f2c0000
4006d800
3f6ea000
3ffe4000
3f96f000
3fce0000
3fb08000
4001f000
3f0ce000
40153000
3f94b000
3fe9d000
3f756000
400fb800
3f3cc000
3fafc000
3f84b000
3fc10000
3f622000
404d5000
3f8a8000
406d0000
3f87d000
4012a000
3f442000
3f976000
3f8fd000
3fd57000
3fc9e000
3ffdc000
3fc1e000
40366000
3f4d0000
40297800
3f3f6000
4006b800
3f554000
40449000
3f6c8000
3fef5000
3f3d6000
401b1000
3f572000
402b5000
3f937000
402ea800
3f802000
3fe50000
3f48a000
4012a000
3f200000
3fdb6000
3f5c4000
3fae9000
3f875000
400e8800
3f84e000
402bb800
3f4ce000
3ff51000
3f9d8000
3fc01000
3f36e000
3fb0c000
3fafe000
40126800
3f5f0000
3fe75000
3fe5b000
3fd71000
3f97d000
3ff01000
3fda1000
3ff0e000
3f2e0000
3fe2c000
3fde7000
401e0000
3f1e2000
4010c800
3fc53000
40050000
3f5d6000
3ffc9000
3f2a2000
4000e000
3fcfe000
402a6800
3fbe9000
4037f000
3f853000
40509800
3f90c000
4050b000
3f55e000
402fc000
3f550000
40436000
3f993000
3fcb4000
3f320000
4014d000
3f56a000
3fd8b000
3f9f3000
40272800
3f3e6000
403d3800
3f3ee000
3fd18000
3f370000
3fce0000
3f282000
3ff90000
3f84a000
40082000
3fd64000
3ff19000
3fa1c000
4054f000
3f5f8000
400ea000
3f5d8000
3fe09000
3f9ed000
404e5000
3f686000
40179000
3f80d000
3fc29000
3fb30000
3f9a5000
3f596000
3fd5a000
3f98d000
400ac000
3f4ea000
40127000
3f51e000
400ac000
3f85c000
40423000
3f5ae000
3fe31000
3f805000
4059f000
3f8d7000
400c7800
3f55c000
4052e800
3f8ba000
3fdb2000
3f2a0000
400d7800
3f9a0000
400a7000
3f1c8000
3ff58000
3f8e1000
404f8800
3f838000
40395000
3f8cf000
40202800
3f492000
4004d800
3f0fe000
3fb48000
3f8bb000
40421800
3f87f000
3ffcc000
3f4c4000
401a1000
3fcc4000
3fdfb000
3fce2000
4024d000
3f3f0000
4011a800
3fcde000
407ae800
3f7f4000
40137000
3fd08000
40038800
3f6d0000
40320800
3f84a000
4027b800
3f446000
40165000
3f654000
401fb000
3f68c000
3fb04000
3f6a6000
401d0000
3f5da000
3fec9000
3fae0000
400da800
3fa60000
40072000
3f865000
401d0800
3f83f000
3fe18000
3fa19000
40116800
3f3f0000
3ffad000
3fd9e000
40061000
3fd80000
4015d800
3f6fe000
40393000
3f8e5000
40108800
3f803000
4002e800
3fe6d000
3fc73000
3f35a000
403b2800
3f945000
40121800
3f817000
404a5000
3f909000
4026d800
3f4c2000
3fee5000
3f922000
3fd52000
3f8f5000
3faa1000
3f5b2000
40364000
3f81d000
403a7800
3f750000
400a8800
3fbea000
40115000
3fa64000
4023f800
3f9e2000
40341800
3f8ab000
3fb81000
3f7d2000
40130000
3f482000
3fa26000
3f5f2000
3fae7000
3fa30000
3feeb000
3f252000
40038800
3f89c000
3fd3d000
3fc5b000
3ff3e000
3f9ca000
3fee3000
3f9a7000
3ff50000
3f5d0000
403d0000
3f841000
40072000
3f4f6000
3fe9e000
3fe18000
3feee000
3fe2b000
3fc77000
3f66c000
3ffc8000
3ff66000
3fee2000
3f3e6000
400b3800
3fa14000
40092800
3f158000
3feb6000
3f14e000
403b4800
3fad1000
404f7800
3f512000
40562800
3f8f2000
3ffd9000
3fe2c000
401af800
3f908000
3fdcf000
3f44e000
40015000
3f0fc000
401c9800
3f21a000
3faa9000
3f682000
4000a800
3f82e000
3fc60000
3f918000
400a0000
3f7ee000
3fe7e000
3f396000
40257000
3fb23000
3ff62000
3fbeb000
3fe31000
3f81d000
4006d000
3fba2000
402fb000
3f36e000
401d0800
3f73e000
3fc0a000
3f971000
403e8800
3f894000
405e9800
3f8e0000
400fd800
3f6f6000
401da000
3f344000
40007800
3fa1a000
3ffb2000
3f146000
40059000
3f0ac000
404f2800
3f678000
402a0000
3f814000
40050000
3f5d6000
40500000
3f8db000
401eb000
3f5fe000
3fe5e000
3f3da000
40374800
3f548000
40515800
3f880000
40013000
3fd6e000
402d8800
3f8c4000
3fffc000
3fb9a000
3fdb4000
3fd03000
400c4000
3fcbc000
3ff12000
3fdb0000
401c8800
3f62e000
40104000
3f308000
402fb800
3f62c000
4064b800
3f75c000
3fd67000
3f264000
3fb4d000
3fa8a000
3fc25000
3f63a000
40192000
3f50a000
4023c800
3f4da000
3fe44000
3fa7e000
401c1800
3fc01000
405d2000
3f7ce000
40018000
3f514000
3f93d000
3f930000
3fd07000
3f37e000
4017e000
3fb42000
3fe7c000
3f99d000
4042e000
3f6e8000
3f9d4000
3f7e6000
3fd51000
3fa6d000
40160800
3fd72000
3ff46000
3f80d000
4056c800
3f814000
40538000
3f8eb000
4024d800
3f2fa000
40375800
3f4e0000
4014c000
3f35c000
400ce000
3f112000
40019000
3f1aa000
3ff00000
3fa2e000
3ffc0000
3f1ca000
4014a000
3fd24000
3f9b5000
3f86a000
3fd44000
3fcd0000
40026000
3f224000
40349000
3f512000
3fef0000
3fd92000
400a1000
3f1ae000
403a8000
3f606000
40223000
3fb2f000
40159800
3f8ea000
3ff4f000
3f83f000
400d4800
3f520000
400ec000
3fb43000
3fe64000
3f3fe000
3fe69000
3f6ac000
3fd64000
3fab3000
40139800
3f32c000
40065000
3f960000
3ff54000
3f0ce000
3fc4d000
3f90a000
3f9f3000
3f63a000
403d0000
3f7aa000
40161000
3f288000
402c1000
3f34a000
3ffb0000
3fb62000
3fbeb000
3fad1000
3ff2e000
3f6a0000
3f97f000
3f7c8000
402be000
3f3ee000
4002d800
3f034000
40279000
3f4b4000
402fb000
3f36e000
4030a800
3f37e000
3fca3000
3fb7b000
3ff39000
3f124000
3ff99000
3f8ec000
402f6800
3f72e000
405ce800
3f93a000
40234800
3f817000
40200000
3f9dd000
40067000
3fe64000
4018e800
3f5a2000
3fccd000
3f893000
3f956000
3f6aa000
40102800
3f7b4000
3fef5000
3f75a000
3fc95000
3fb67000
40025000
3fb11000
4005b000
3f796000
3fe21000
3f16e000
3fcc3000
3f614000
40356800
3f708000
3fd79000
3f5d2000
3fc07000
3f394000
40137000
3f374000
401a6000
3f65e000
40009800
3f4da000
3fd68000
3fa5d000
4008c800
3f918000
3fe59000
3fc16000
403b4000
3fa29000
40306800
3f4ba000
402a6800
3f3a6000
3fb72000
3f9ef000
3fcbf000
3f444000
40223000
3f36e000
3feca000
3f5a0000
40267000
3faaf000
40653000
3f8d7000
40315000
3fa07000
4008b800
3fdcb000
40149000
3fc9c000
40321800
3fb33000
4047d000
3f8f7000
3fab0000
3f813000
4005d000
3fe1c000
40713800
3f734000
40044000
3f891000
3f880000
3f732000
3fed4000
3fa32000
3ff1a000
3fa8a000
40409800
3f834000
3fc83000
3f780000
3fd7a000
3fca0000
402ea000
3f865000
4029b800
3f48a000
3f97c000
3f89d000
3ff9d000
3f0c6000
40011000
3f44a000
3ff4c000
3f324000
401d1800
3f4aa000
400d4000
3f987000
3ff87000
3fc91000
3f9c9000
3f968000
402d8000
3f464000
4029e000
3fa90000
40104800
3fa90000
3fa5a000
3f831000
40342800
3f896000
40687800
3f75c000
40205800
3fb35000
401d5800
3f8b9000
402b9800
3fb29000
3fccd000
3f334000
3ff4e000
3fce3000
40171800
3fc7e000
3fdd4000
3f550000
4019d800
3f228000
402ec800
3f4b6000
40171800
3fc7e000
3fdc8000
3f6d2000
40549800
3f67e000
3fd32000
3f716000
40558800
3f6fc000
400d4800
3f344000
4032a000
3f3fe000
4005e800
3f0ea000
3ff62000
3f2c8000
400d4000
3f622000
3fe4e000
3f900000
4042c000
3f6a4000
40102000
3f5da000
3fd20000
3f762000
3fe0d000
3f51a000
3fbe0000
3f7ee000
3fa9d000
3f83d000
40040000
3faeb000
40209800
3f6c2000
3fc59000
3fa18000
40278800
3f7be000
4000e800
3f8e9000
403e5800
3f68e000
402aa800
3f9bd000
3f8b3000
3f83e000
40576800
3f6fc000
40704000
3f832000
3ff6f000
3f590000
3fc1a000
3fa31000
400d3000
3f929000
3face000
3fa65000
40052800
3f9c0000
40304000
3f864000
400f2000
3f1da000
3ff99000
3f204000
3ff09000
3f564000
4012e000
3f80d000
3fe07000
3f81d000
4004b000
3f078000
40665800
3f6dc000
3fd74000
3f732000
402c7000
3f4c0000
40107000
3f8cb000
402cd800
3f3fe000
4023d000
3f372000
3fa0a000
3f6be000
403a8000
3f925000
3fccd000
3fb74000
40282000
3f9ce000
401d0800
3f716000
400c7800
3f55c000
3ff47000
3f8a3000
3ffd8000
3fabd000
3fbc4000
3f67a000
3fce7000
3f5ba000
4009b800
3f57e000
404d1800
3f63a000
402f4800
3f456000
40144800
3f6d6000
403a7800
3f4a8000
40713800
3f85a000
40116000
3fb73000
40449000
3f4fe000
3fe40000
3fbb3000
406be800
3f6bc000
4007d800
3fe1f000
4029d000
3f764000
3fba7000
3f83d000
4020b000
3f464000
3ffd3000
3fc8a000
3fff9000
3f886000
4009d800
3fcd8000
405a7000
3f76c000
3f95f000
3f5c2000
40432800
3f5be000
40186800
3f9ca000
3fdd1000
3f37a000
40072800
3fee5000
40074000
3f2e4000
3fb3c000
3fa7b000
3fcbf000
3f24c000
400a2000
3f1d0000
4024b000
3f9ed000
40404800
3f9d1000
4050f000
3f965000
3ff8b000
3f818000
40469000
3f921000
40346000
3f8bf000
3fda2000
3f9e3000
40402000
3fa4e000
3ff39000
3f952000
3f891000
3f7c8000
3ff2d000
3f108000
401be800
3fb27000
3fe98000
3f32e000
4020f000
3f77a000
40633000
3f8fb000
4010e800
3f5ee000
404b9000
3f8a9000
3ff8b000
3f180000
3fe48000
3fc07000
400b6800
3f5cc000
3ff47000
3fd44000
402e1000
3fa0d000
40297000
3fb08000
40306000
3f302000
40175000
3fad3000
400aa800
3fa68000
402ef800
3fb21000
402d2000
3f618000
4026e800
3f8f2000
403af800
3f8a9000
403ad000
3faac000
4026f800
3f67a000
3fd74000
3f841000
3fed3000
3f160000
40181000
3fa7c000
3fa55000
3f542000
3fe0e000
3fbdf000
4032e000
3f9c7000
3fe24000
3f486000
40188800
3f53c000
40341000
3fabc000
40061000
3f6d6000
40053000
3fdd4000
400c2800
3f818000
4001e000
3ff96000
3fee0000
3f84e000
4007d000
3f290000
3fcdb000
3f3fe000
3fe57000
3fd63000
3fe6d000
3fbc8000
40265000
3f4f0000
3fbfd000
3f90c000
3faf0000
3fa83000
400d2000
3f5d6000
401a2800
3f28e000
3feb9000
3f552000
403c9800
3f4e6000
3fd26000
3f930000
3fde4000
3f174000
3fb8a000
3f5f4000
3ffef000
3f903000
401e3000
3f6d4000
3ff44000
3f304000
40302000
3f6f8000
3fb4c000
3f674000
40412000
3f6e6000
3ffde000
3f8c5000
3fa68000
3fa0b000
40231000
3f9f0000
40248000
3fa06000
403d0000
3f81d000
3fbd7000
3f8f0000
40011000
3f09a000
3fea6000
3f564000
3fd15000
3f905000
4018a800
3f23c000
40404800
3f6f6000
3f9a1000
3f820000
3fe3b000
3fc8b000
401c8800
3f906000
3fca5000
3f894000
4015c000
3fad8000
40066800
3f870000
3fc53000
3f47e000
404cf800
3f910000
3fd9e000
3f7c2000
40350800
3f8df000
3f978000
3f67a000
3ffb6000
3fca4000
40598000
3f786000
4008c000
3fbc0000
4032f800
3f60e000
4006b800
3fb52000
3fe8f000
3f47e000
3fd4b000
3f5a6000
403aa800
3fa08000
40439800
3f694000
3fa69000
3f74a000
40026800
3f01a000
401d0800
3f87b000
4019e800
3f73e000
400dd800
3f5c4000
40219000
3f336000
40021800
3f1a0000
400bf000
3f692000
3f8b3000
3f714000
4009a800
3f2fc000
401a5800
3fb2c000
3fe1e000
3f312000
403f1000
3f8fc000
400f2800
3fa5c000
4028d800
3f888000
4054f800
3f802000
40287000
3fbc5000
40355000
3f941000
40016800
3fbe5000
400c3800
3f1aa000
4055e000
3f81d000
3fed0000
3f916000
404e6800
3f94a000
4004c000
3fdfe000
3fc02000
3f3f0000
40066800
3f7ac000
3fae0000
3f6a2000
40238800
3f312000
40179000
3f9d7000
3f99c000
3f8db000
40414000
3f9c4000
401d6800
3fc19000
402fc000
3fa7a000
403ff000
3f446000
401b7800
3f88f000
3fdc0000
3f388000
40107800
3f204000
3fcd6000
3fa5e000
40586000
3f87d000
4000e000
3f21e000
4005e000
3fb65000
405d1800
3f874000
40225000
3fc4f000
401f6000
3f835000
3f8a2000
3f732000
4018c800
3f6dc000
3fd93000
3f536000
3fdee000
3fa1b000
40209800
3f8b7000
40172800
3f422000
3f908000
3f76e000
401ba000
3f20a000
3ff8f000
3f0ac000
40524000
3f889000
3fcb6000
3f27c000
3fe50000
3f1bc000
40091000
3f590000
3fb4b000
3f95c000
3ffb7000
3f120000
4007b000
3fef4000
3f908000
3f82f000
40091000
3fb9d000
4018a800
3f8d1000
40155800
3fa30000
3fc03000
3f6c2000
40018000
3f514000
40636000
3f68c000
40136000
3f676000
4061b000
3f88f000
3fc5d000
3f822000
3fc95000
3fb67000
3fafc000
3f867000
40249000
3f8d4000
4025e800
3f422000
3ff47000
3fd44000
3fdd4000
3f9a5000
40103000
3f49a000
40015000
3f318000
3fa0b000
3fa04000
3fcbf000
3fa72000
3fb00000
3f907000
3ff52000
3fa46000
4029e800
3f36e000
3fd9e000
3f4d4000
3ff0a000
3f866000
3fd70000
3fa21000
3fa4a000
3f524000
3fefa000
3f5f6000
4048d800
3f5a0000
3ff56000
3f136000
40110800
3fa20000
4033b800
3f72c000
40016800
3fbe5000
402d4800
3f55e000
4036f000
3fae8000
400e7800
3f865000
3fd8e000
3fb42000
3fdc9000
3f358000
40320800
3f814000
402d1800
3f41a000
3fc59000
3f4a4000
3fcbc000
3f342000
400cd800
3f894000
3ffa8000
3fb83000
3fe67000
3fc82000
4078f800
3f81a000
3fe30000
3f965000
400ac800
3f254000
40028800
3f574000
4045a800
3f740000
402e7000
3f5b4000
4041a800
3f62c000
3ff99000
3fcbe000
400c7800
3f55c000
4029e800
3fa21000
40083800
3ff03000
3ff81000
3fd10000
4013d800
3f494000
40135000
3f650000
3faaf000
3f71e000
401ed000
3f620000
3f93b000
3f750000
402cd000
3f39e000
3febf000
3f24c000
404aa800
3f5a2000
4022e000
3f57c000
3fd02000
3f65c000
400f8000
3f1f4000
4032f000
3f4d0000
3fe27000
3f1fe000
400a4800
3fb65000
3fc5a000
3f96f000
4042d000
3f9d8000
3f8c4000
3f889000
400ae000
3fd78000
3fc79000
3f69a000
402aa800
3f9bd000
3fdf7000
3f5de000
3fc0d000
3fbff000
4056c000
3f5fa000
40318000
3f9ee000
3ff18000
3f52a000
40265000
3f9ea000
405ed800
3f898000
40164000
3f9a9000
3fc44000
3f738000
3fce8000
3f2a4000
40395800
3faef000
3ff4e000
3f0b0000
3fcc5000
3f46a000
40197000
3f6a4000
400ce000
3f112000
4019a000
3f975000
4016d800
3f9cc000
4025d800
3fbdd000
3fda1000
3fabc000
40115800
3f891000
402c5800
3fadb000
40094800
3f82e000
40446800
3fa52000
4011c000
3f628000
4013c000
3f935000
3fcf9000
3f758000
3fedd000
3fe1c000
3febd000
3f65c000
3f9a1000
3f83e000
3fdf2000
3f7f2000
3ff93000
3f5e8000
4008c800
3f918000
3fb0d000
3fa2c000
400c9800
3fd1a000
3fc58000
3f2f2000
404be800
3f826000
3fe7e000
3f698000
40099800
3fb48000
401dc800
3fcc2000
4033a000
3fa3e000
40050800
3f0b6000
3fc39000
3fbb7000
3ffb9000
3f82e000
40160000
3f821000
401a5800
3f582000
4028a000
3f458000
40136000
3fa0c000
406ed000
3f6ec000
3feb6000
3fad2000
3fca1000
3f8ce000
3f9e6000
3f6ba000
401d0800
3fba7000
4053a000
3f66e000
4027f800
3f978000
3fc70000
3f830000
406e5000
3f764000
40016800
3fd0d000
3ff19000
3fa1c000
40077800
3f900000
400f4000
3f4f6000
405a2000
3f6cc000
4004f800
3f818000
3fbf1000
3faae000
4007d800
3f85a000
3fcb8000
3f6e2000
405a2000
3f8a1000
4056c800
3f826000
4011b000
3f997000
3fe7e000
3f698000
3fb5b000
3f79a000
404f8800
3f7e0000
3ff0e000
3f3ea000
400dd800
3f350000
40668800
3f862000
40116800
3fe12000
4028e800
3f873000
4025c800
3f776000
40112000
3fd58000
3fdb4000
3f3ee000
3fe74000
3f9d9000
3f92a000
3f86b000
4011b000
3f602000
4056c800
3f802000
40041800
3f36e000
405a6800
3f814000
3fdb0000
3f344000
40118000
3fd34000
40279000
3f4b4000
3fcf2000
3f414000
3ffa6000
3f05a000
40178800
3f1ee000
4025c800
3f776000
401b9800
3f416000
4007c800
3fc7d000
3fe37000
3fb7f000
401e6000
3fb11000
3fbcb000
3f4b4000
3fdfe000
3f9a3000
40116800
3f3f0000
3fb11000
3f4cc000
3fbc4000
3f8e2000
3fdb4000
3faca000
40026800
3f6c2000
3ff85000
3fa90000
401ef800
3f8b8000
401de000
3fb4b000
402d8800
3f5a2000
3ff1f000
3f872000
40285000
3f7ac000
3fb22000
3f883000
3ff95000
3f91e000
4032e000
3f9c7000
3fc56000
3f540000
400f5800
3fbb2000
403d7800
3fa99000
3ffcb000
3ff9f000
4060a800
3f8aa000
4021f800
3fc25000
401c0000
3fa47000
400c5800
3f11c000
3fd5f000
3f805000
3fe72000
3fb87000
4016a800
3f47c000
4015c800
3f96e000
40526000
3f99f000
406d5800
3f85a000
3fa50000
3f8d1000
40225000
3f468000
40038000
3fb2d000
3fc8a000
3f8fa000
3fd0c000
3f742000
4007d800
3f7ac000
3fe7c000
3f8e6000
3fa68000
3fa0b000
40477800
3f764000
4033e000
3f917000
405ed800
3f5f4000
3fee3000
3fb3c000
40026000
3fe5e000
3ff50000
3f5d0000
3fd1b000
3f27a000
40085000
3fd33000
4005b000
3f796000
3fed5000
3f41a000
403ee800
3f9a6000
3fb79000
3f914000
40485000
3f754000
40008800
3fecd000
3fe53000
3fcd0000
3ff47000
3f8a3000
4015c800
3f8a5000
3ff99000
3f99c000
3fdb3000
3f77a000
40001800
3fef7000
3fa26000
3f933000
40647800
3f898000
401d6000
3f640000
40374800
3f548000
3ff95000
3f064000
400dc800
3f260000
403ff000
3fa65000
402ef000
3fb7a000
403ec800
3f77c000
403d8000
3f8c4000
3fe02000
3f1ce000
40162800
3f604000
404b9000
3f506000
403e3000
3f3fe000
40602000
3f78c000
40251000
3f52c000
3fcbc000
3fb65000
40151800
3f3e0000
4008b800
3fdcb000
3fb8a000
3f5f4000
4002d800
3f034000
4031a800
3fab5000
401d4000
3f61e000
3ffae000
3f8f8000
3fd33000
3fbce000
4020e000
3f484000
3fd31000
3f430000
40357800
3f36e000
4019b800
3f4d8000
40042000
3f4cc000
403c4000
3fac2000
40034800
3f04e000
40072000
3fd17000
3feb6000
3fad2000
3fe42000
3fe2e000
3fb51000
3f3e8000
3fd63000
3f3ac000
403d8000
3f69e000
40086800
3fa00000
3ff73000
3faf0000
3ffad000
3f39a000
4003a000
3feee000
402da800
3f955000
3fff6000
3f11e000
3fea4000
3f917000
3fddb000
3fbb2000
3fcf0000
3f2c6000
403a1000
3f8b3000
401c4000
3f72a000
3feb1000
3fb60000
40423800
3f528000
3f92a000
3f82f000
3f965000
3f8ee000
3f85e000
3f811000
40338800
3f4de000
3fdda000
3fb59000
40449000
3f4fe000
3fdbb000
3f270000
40081800
3f8f3000
40230000
3f8c0000
3ff3a000
3f833000
3fdd9000
3f652000
3fa7f000
3f93e000
402f5800
3f70a000
4005f000
3f68a000
3fcf7000
3f875000
3fe7c000
3f1c2000
400f2800
3f564000
401f7000
3fb46000
4000e800
3f014000
40025000
3ff6c000
3fd29000
3f362000
3fef5000
3f3d6000
40624800
3f63c000
401be800
3f97e000
3fb35000
3f859000
404bf800
3f4bc000
3ffdd000
3f1dc000
3fc30000
3f98d000
40678800
3f7b4000
403cb800
3f5b4000
401ad000
3fc7c000
40072000
3f9e4000
40686800
3f862000
405f7000
3f62c000
3fe9a000
3f792000
3fc0e000
3f5f4000
40296000
3fb6b000
40438800
3f672000
40682800
3f8aa000
4043e800
3f73e000
3ffd1000
3fd23000
3fd74000
3f829000
40138000
3f8b2000
3fc74000
3f3dc000
4000b000
3f5d0000
3fdb3000
3f835000
3fc19000
3f7d2000
4008f800
3fc99000
40442800
3f81f000
3fc4d000
3f90a000
3ffee000
3f1d2000
4018f800
3f446000
3fbc7000
3fa3a000
3fcae000
3fa63000
40575800
3f6dc000
3fb8c000
3f46c000
3fb5c000
3faf4000
403f6000
3f6e4000
3feb2000
3fcf4000
4010c000
3f858000
4014d800
3f3c2000
3fc80000
3f508000
403c0000
3f3c2000
4005a800
3fef1000
3fe0a000
3f949000
3fa0b000
3f9c4000
40014000
3fa0b000
3fe9b000
3f72c000
3ff39000
3f240000
404ee000
3f4ec000
3fd8f000
3f1b0000
40261800
3fb2f000
40596800
3f92a000
3fd8e000
3fa79000
3fe9a000
3f811000
4005e000
3fb65000
40189000
3fd54000
4021b000
3f226000
4034e800
3f654000
40200000
3f955000
3fc49000
3f5e0000
40012000
3faf5000
40035800
3f4b8000
3fb22000
3fa19000
3fda9000
3fbde000
40203000
3f3c2000
40112800
3f8d6000
40061000
3fd80000
40770800
3f81a000
4053a000
3f8d7000
40439800
3f8ca000
3fe38000
3f3fa000
40509000
3f540000
3fcd5000
3f3d8000
4039a000
3f841000
40050000
3f5d6000
402b6800
3f416000
40342800
3f896000
4014d000
3f8f6000
3fde6000
3fc40000
403fa000
3f76c000
40030000
3fd3a000
402a3000
3f3ea000
400bf800
3f23c000
401c2800
3fb0a000
4079f000
3f822000
403d6000
3f582000
40386000
3f6dc000
4001d000
3fc45000
401ee800
3fa04000
4019e800
3f73e000
3ff9e000
3f1de000
3ffb9000
3fc52000
40287000
3f2da000
40372800
3fb27000
4023b800
3f67a000
4011f000
3fd98000
3fed4000
3f672000
3fe11000
3f542000
3ff5d000
3fd8b000
3fbd1000
3f5da000
3fc05000
3f6f0000
4043c000
3f965000
4021a000
3f2ae000
40193000
3fc37000
40286800
3f31e000
40524000
3f82f000
3ff65000
3fc73000
3fd12000
3f2aa000
40264000
3f8be000
4007c000
3f95d000
3fb26000
3f8e5000
3f9e7000
3f9c6000
4020f000
3f85d000
3fe48000
3f318000
40742000
3f852000
4022b000
3fa22000
40454800
3f8dc000
402bb800
3f983000
400bc800
3fa9c000
3ffc8000
3faff000
3f891000
3f83e000
4036e000
3f5be000
40234800
3f7de000
400b6800
3fcfe000
40016800
3fd0d000
4017d000
3f416000
4009f800
3f0e2000
4018a800
3f8d1000
40119800
3f410000
40160800
3f186000
3fd89000
3f77a000
40406000
3f7f2000
4037f000
3f877000
40356800
3f7bc000
402f3800
3f5a4000
3fa1c000
3f4ee000
3fc49000
3f5e0000
402f0000
3fac8000
4025c800
3f776000
3fedd000
3f114000
4005e800
3f91e000
405cf800
3f898000
400c9000
3f230000
3fee1000
3f954000
3ff06000
3fa0e000
3fa19000
3f672000
3fff1000
3f144000
3ff71000
3f4b6000
3fba7000
3f875000
3fe0d000
3fb86000
40042000
3f4cc000
404b8000
3f594000
3f9ec000
3f857000
404f0800
3f65a000
3fd77000
3f41e000
40320800
3f7e0000
40162800
3f604000
401dd000
3f49c000
4033d800
3fa7d000
3fb72000
3f9ef000
3fba9000
3f4dc000
40179000
3f821000
40023800
3f3e6000
401cf800
3f9dc000
40180800
3fb88000
404f0000
3f57a000
40541000
3f853000
3fe95000
3f8c0000
40505800
3f5e4000
3fff4000
3f2f4000
40227800
3f752000
40253800
3fa11000
40138000
3fd90000
40026000
3fca7000
3fc65000
3f9d2000
40127800
3f616000
40019000
3f338000
3fed7000
3fcb5000
4031d800
3fb4d000
3fe60000
3f26a000
405a4000
3f70c000
40150000
3fb2f000
401ea000
3f3bc000
3fd3b000
3f9d9000
3fc5d000
3f7ac000
3ff9d000
3fa10000
403fa000
3f76c000
3ff28000
3f382000
3fd8f000
3f67a000
403ca800
3f6ae000
4003b800
3f9c3000
3fe5e000
3f3da000
40136000
3f58a000
40220800
3f98e000
4078f800
3f7d4000
40134800
3fd5e000
3fef7000
3f784000
3faef000
3f656000
3fc95000
3fc77000
40142800
3f8d4000
4015b800
3fbe4000
3fd66000
3f1f2000
40204800
3fb9b000
3fb5b000
3f891000
3ffe0000
3f98a000
403eb000
3f7ce000
40374000
3f624000
40151000
3f89a000
3fdb9000
3fb94000
4042a800
3f458000
4006c800
3fe01000
40017000
3ffc0000
402bb800
3f983000
3ff4b000
3f9f8000
3fd62000
3f5bc000
403f8000
3f9c7000
40016000
3f7c2000
40135800
3f132000
4022e000
3f981000
3fe2b000
3fa90000
402a1800
3fc07000
400cd000
3fd4c000
3fd5f000
3fcb8000
4034c000
3fb20000
40004800
3f17c000
4019e800
3f73e000
4015f800
3f74a000
4013d800
3f494000
3fb02000
3f8e7000
400a4000
3f914000
3fc01000
3f8d2000
3fec3000
3f8a6000
4017a000
3fb5f000
3febb000
3f90a000
3fac6000
3faa9000
402a2000
3f558000
400f0800
3f2d8000
3fc3a000
3f8fc000
3ff29000
3f2f2000
3fe1e000
3fa62000
40463000
3f8d2000
40007000
3f892000
4017d800
3f628000
40298000
3f94f000
3fe6e000
3fcb8000
3fbd3000
3f92a000
4043c000
3f592000
3fe5a000
3fd06000
3fddb000
3fa0d000
4018a800
3f690000
406d0000
3f70c000
3f99e000
3f8bb000
404f3000
3f881000
400bc800
3f9c0000
40256800
3f95a000
3fe80000
3f97f000
40310800
3f951000
3fd9e000
3f889000
3f9be000
3f8f9000
3ff1e000
3fd87000
401eb800
3f422000
402e6800
3f476000
3fe61000
3f32c000
40521000
3f6a8000
40147000
3f835000
400a3800
3fdbf000
3fffb000
3f028000
3fdfc000
3f8b7000
402cf800
3f7bc000
4050b000
3f98d000
4062b000
3f7e4000
40194000
3f232000
3ffee000
3fd09000
3fdf2000
3f889000
4001a800
3f2ea000
4047e000
3f590000
3fe3d000
3f8c2000
3ffb4000
3ff1e000
405c0000
3f8a1000
403b0800
3f6f0000
404e3800
3f6e4000
40031000
3f9b7000
40172800
3fa8d000
4005f000
3f1dc000
3fefa000
3f476000
3f8b3000
3f750000
404c5800
3f586000
40069800
3f166000
3fc5d000
3f7ac000
3fbec000
3f45c000
3ff56000
3f8fa000
402e3000
3f570000
3fb6e000
3f7ee000
40436800
3f62e000
40235000
3f22a000
404cf800
3f61c000
403e7800
3f6d2000
4066a800
3f83e000
406d5800
3f81a000
40290800
3f849000
40500800
3f88a000
404bc000
3f943000
402ba000
3fad0000
405e8800
3f8f2000
4022a800
3f3da000
40035800
3fe43000
40012000
3f3b4000
400ad800
3f2e4000
40242800
3f9c9000
40064800
3f3d2000
3fc88000
3f628000
402b3000
3f94d000
3fc3b000
3f3e6000
3ffe9000
3f4fe000
401ad000
3f238000
3ff24000
3f9b1000
404be800
3f7bc000
3fe2c000
3f983000
3feb1000
3fd8e000
402dd000
3f81d000
3fd45000
3f280000
40004000
3f680000
40367000
3f37e000
3fdf4000
3fcac000
40110800
3f904000
4040a800
3f9a3000
400c4000
3f3f2000
4039a000
3fa7c000
3fbd7000
3f8f0000
40467800
3f7e0000
40136000
3f8e0000
3fa92000
3f500000
4016c800
3fd2a000
3ffa5000
3f94b000
40440000
3fa1a000
3ffd7000
3f40e000
3fee3000
3f36a000
403a1800
3f402000
3f919000
3f78c000
40112800
3f8d6000
3fff5000
3f8b8000
4044b800
3f958000
3fd0d000
3f9f9000
4026d000
3fbcb000
3fd3c000
3f5e0000
40060800
3fbff000
3ff5c000
3f8af000
40175000
3fad3000
402b2800
3f3fa000
4036b000
3f39a000
404a3000
3f60a000
40270000
3fa64000
3fd89000
3f77a000
3fd92000
3f1f8000
3fe5a000
3f963000
3fe6b000
3fd15000
405a6000
3f74c000
401ee000
3f3da000
40515800
3f802000
40193000
3fb5a000
3ffe2000
3fd32000
3f990000
3f811000
4005b000
3fc76000
3fa38000
3f813000
3ff03000
3f30e000
3fce2000
3f712000
3fde6000
3faa6000
40117800
3fb10000
3fe9b000
3f875000
40424000
3f4a2000
40285000
3f534000
40491000
3f48c000
40678000
3f74c000
4078f800
3f794000
4015a800
3f57c000
40054800
3fb57000
40140800
3f4b4000
4001d000
3fc45000
4037e800
3f5f2000
3fe27000
3fcd9000
40501800
3f95c000
40032800
3f3aa000
3fd6c000
3f480000
3fe54000
3f6c0000
3fe91000
3fb24000
4051c800
3f58c000
4050d000
3f979000
40348000
3f35e000
40085000
3fa7c000
405f7000
3f8fb000
3fe0d000
3f8f5000
3fffe000
3f3d0000
3fe41000
3f890000
400ed000
3fda8000
401dd000
3f85d000
40017800
3f5e4000
3ffc1000
3f282000
40162800
3fb01000
3fdb3000
3f6ea000
400d6000
3f66e000
40497800
3f636000
3ffbf000
3f9cf000
3fb23000
3f3f4000
401b7000
3fbf5000
3ffb1000
3fee5000
4026a000
3f840000
3fe07000
3f7aa000
3fdf4000
3f30c000
3fe24000
3f8e8000
3ffa6000
3f270000
3fb71000
3f958000
40241000
3f7a2000
4004f800
3f7ac000
3fe0d000
3f320000
3fa93000
3f43c000
3fbcf000
3f420000
3fd45000
3f700000
4034d000
3f43a000
3fdcc000
3fd48000
40071000
3fb81000
40147000
3f7f2000
405d4800
3f83e000
4043c000
3f965000
40440000
3fa1a000
40414000
3f518000
4039b800
3f91b000
3fe31000
3f87d000
40287800
3f296000
3ffbd000
3fa4c000
4025d800
3f2c6000
3fe97000
3f3aa000
40127000
3f422000
3fffe000
3f796000
40172000
3f901000
3fd51000
3fa6d000
4069f800
3f8bc000
40094000
3f3ea000
4006d000
3f8f4000
4023a000
3f246000
40453000
3f44c000
40306800
3fa15000
3fdc2000
3f18c000
3fddc000
3f969000
400af000
3f0f2000
3fd70000
3fc88000
40118000
3fa48000
3fb42000
3f909000
405af800
3f69c000
3ff97000
3fa30000
40409800
3f7a0000
3fc2a000
3f3f6000
4041e800
3f8b8000
3fbf3000
3f83d000
3fbe0000
3f410000
40077800
3f22a000
3ff44000
3fbae000
3ff28000
3f382000
405b1800
3f6dc000
40048000
3f6ae000
400bf000
3f8ce000
40441800
3f832000
40350800
3f3f6000
4044c000
3f874000
3fe82000
3fa1a000
3fa28000
3f913000
400ba000
3fd30000
4005e000
3f49e000
401a8000
3f1bc000
401b4000
3fce0000
400da000
3f706000
40524000
3f7f2000
3fadb000
3f418000
40684800
3f886000
40083000
3fdbc000
40298000
3f6b0000
40532800
3f72c000
400dc000
3fcb5000
3fd05000
3fa35000
3fa8a000
3f77e000
4028a800
3f69e000
40058800
3fb36000
3fd34000
3fc27000
40179000
3f77a000
40579800
3f5ec000
3ffd0000
3f796000
401f6000
3f77a000
40275800
3f406000
40042000
3f150000
404ff800
3f58a000
40268000
3f2ba000
3fb12000
3faa1000
3fe07000
3f865000
401c0800
3f966000
40024000
3f5f8000
404ff800
3f970000
40495800
3f618000
40356800
3f7e0000
3fda3000
3fcf4000
40132000
3fdb4000
40184800
3f222000
40304000
3fa46000
3fbee000
3f8c4000
3ffcf000
3f73a000
3fba5000
3f4b0000
402ec800
3fa89000
400ef000
3f8cc000
3f86f000
3f85c000
3fee9000
3f38e000
3fdd3000
3f476000
40574800
3f6bc000
40445000
3f8f9000
40216800
3f456000
4013d800
3f536000
40674000
3f6cc000
400d0000
3f472000
403b4800
3fad1000
3f84d000
3f7c8000
3fff1000
3f144000
403cf800
3f3d2000
3fd3f000
3f676000
4038e800
3fa0b000
40207000
3f3e0000
4036c000
3fa50000
400b7800
3fd86000
3fd6a000
3f60c000
3fc59000
3f4a4000
3f9c5000
3f532000
3ff47000
3f1a8000
3fd8b000
3f4e6000
3fd56000
3f8bb000
3fa44000
3f991000
40478800
3f916000
3ff92000
3f3f6000
40124000
3f9d8000
406e5000
3f812000
3fbba000
3f82f000
404b9000
3f506000
40225000
3fa54000
400f5800
3fa40000
403a1800
3f46c000
404db800
3f802000
3fe05000
3f44e000
3fcf6000
3f4c4000
3feef000
3f1e0000
401c4000
3f7f2000
3fb48000
3f6d6000
3f976000
3f646000
4030a800
3f993000
40219000
3f953000
401db800
3fb05000
3fed4000
3f8e4000
40128800
3fa1c000
40179800
3f5e4000
3ff10000
3f7c4000
3fe49000
3fdcd000
40305800
3f7e0000
4038c800
3f750000
4020b800
3f5ac000
4015b800
3f8bc000
402eb000
3f764000
4020e800
3f9cf000
40182000
3f1e4000
3fcbd000
3f2f0000
40592800
3f8aa000
402b4000
3f891000
40300000
3f8b8000
401d6800
3f296000
3f94c000
3f84d000
4023f800
3f9e2000
407ae800
3f81a000
401a4800
3f8a2000
40340800
3f566000
3fa3e000
3fa31000
405a5000
3f72c000
40449000
3f4fe000
3fe1c000
3f811000
400e2000
3f436000
40449000
3f9d5000
3fed8000
3fde4000
40384800
3f8f1000
3ff81000
3f092000
40615000
3f8fb000
40256800
3f4de000
403c9800
3f4e6000
3fd99000
3fc28000
4017e000
3f368000
40021800
3fd54000
400e7000
3f2e4000
40288000
3f554000
40528000
3f98b000
3faf0000
3f430000
3fc9d000
3fa54000
401c8000
3f428000
40213800
3f634000
405f1800
3f850000
4021f800
3fc25000
40677000
3f72c000
4018e000
3f218000
40587000
3f935000
40683800
3f6dc000
40092000
3f700000
40359000
3fa20000
4061c000
3f70c000
3fcb4000
3f320000
40634000
3f64c000
3ff28000
3f914000
3fc56000
3f31e000
3ff03000
3fcac000
3fd8f000
3f8e5000
40138000
3fc14000
3feee000
3fe2b000
401d3800
3fb3f000
40402800
3f8b9000
4012a800
3f972000
4000f800
3f54c000
4011c800
3f308000
3fc68000
3f390000
3fcbf000
3fc70000
4028b800
3fafd000
3ff4c000
3f182000
3ff54000
3f252000
40117800
3f863000
40611800
3f82c000
3fccf000
3fc26000
401d0800
3f87b000
4002d000
3f796000
3fdf2000
3f702000
40007000
3f987000
3fbcd000
3f83d000
40304000
3f740000
4009d800
3f37e000
403d9000
3f4f6000
403d9000
3f8b1000
3ffb4000
3ff1e000
40270800
3f69e000
402ca000
3f590000
4020b800
3f5ac000
401a1800
3f53e000
40003000
3ff30000
401e5000
3fb77000
402a6800
3f5e2000
40557800
3f898000
3fd56000
3f6bc000
40094800
3f85a000
3ff85000
3f42a000
40061000
3fd80000
401f8000
3f534000
40385000
3f97f000
40507000
3f786000
402bd800
3fb0f000
3fb3a000
3f3d2000
3fac8000
3f5b4000
40179000
3f508000
3ffe9000
3f4fe000
4009d800
3f37e000
40082800
3fb4d000
400cc800
3f8ab000
3f8b3000
3f820000
4040d000
3f8fb000
3fd87000
3fa11000
3fbcd000
3f79a000
3fe99000
3fde0000
3fcb8000
3f6e2000
3fdb2000
3f59c000
3fbf0000
3f8a7000
4005b000
3f24e000
40025000
3fcf3000
40125800
3f490000
3fee9000
3f65e000
3ffa6000
3f05a000
40462800
3f45c000
3fc5c000
3f5ca000
401d0800
3f817000
400a8000
3fe6a000
400f0000
3f8b5000
4003c800
3fe19000
3ffe5000
3fe03000
4042e000
3f6e8000
4038c800
3f774000
3fd0c000
3f866000
4012e800
3f2ae000
40367800
3f909000
40415000
3f863000
40543000
3f99d000
3fe31000
3f452000
40145800
3f5be000
3ffc7000
3f692000
403b4800
3f92f000
3fda0000
3fbaa000
40595800
3f874000
4010f800
3f98c000
3fefc000
3fc76000
403d0000
3f841000
400cf800
3f0ee000
4020c800
3f878000
401db800
3f5ca000
40222000
3fa6d000
3fcae000
3f933000
40174000
3fc28000
40153800
3fd32000
3fef9000
3f828000
3fcae000
3f25a000
3fd9e000
3f6d2000
40371800
3f774000
3ff88000
3f975000
3f8a2000
3f86b000
3fe48000
3fb8e000
4005b000
3f7ee000
401d2000
3fc7f000
4010f000
3f9c0000
3fcb5000
3fbe3000
40060800
3f903000
403e0000
3f426000
401f6000
3f7f2000
3fefe000
3f64a000
402ad000
3f924000
3fdc0000
3fa8a000
4031a800
3f3ee000
40213800
3f35e000
3fb0f000
3f6ba000
400bd000
3f126000
3ff5f000
3fcf2000
3fc02000
3fabd000
3ff69000
3f91f000
402c0000
3fb9b000
401c0800
3f5a6000
4052b000
3f88f000
405eb800
3f8bc000
402f0800
3f656000
4024d000
3f5e4000
406d5800
3f754000
401d4800
3fa07000
401e8800
3f356000
4013b800
3f14c000
40742000
3f7e4000
40349000
3f762000
40157000
3f190000
40010800
3f402000
3f9c5000
3f9a8000
3fa48000
3f951000
3fe5b000
3f7da000
40300000
3f6b0000
4010b800
3fb67000
4024c000
3f895000
40334000
3f985000
3fef5000
3f85a000
3fed3000
3fdac000
4065a000
3f859000
3ffbf000
3f0b2000
400fa800
3fb8f000
40080800
3fe91000
4028a000
3fa61000
401fc000
3f578000
3ffcc000
3f254000
4004c800
3f312000
40389000
3f953000
403ce800
3f86f000
40676000
3f87d000
3f9ff000
3f846000
40254800
3f590000
3fd19000
3f6a2000
3fbe0000
3f813000
40404800
3f893000
40421000
3fa34000
40612800
3f81a000
401ab000
3f9d3000
403d8000
3f8c4000
402b4800
3f814000
40116000
3fb73000
402b0000
3f332000
3fb50000
3f9d1000
3f8f7000
3f750000
3fb1d000
3f396000
405b1800
3f5d2000
3ff4c000
3fa66000
40372800
3f4c2000
40288000
3f3e6000
3ff19000
3f8bd000
404a0000
3f522000
3f9be000
3f64e000
40014000
3f1f6000
401c6800
3f60c000
3fa83000
3f64a000
402fa000
3f9b5000
403df000
3f9b3000
3fb35000
3f821000
403c1000
3f866000
3f9ab000
3f632000
3fb87000
3f504000
4042e800
3f802000
40209800
3f398000
4012a800
3f688000
40167000
3f8c7000
40086800
3f37a000
3ff36000
3fd35000
40167800
3f31a000
3ff21000
3f086000
403a1000
3fafa000
402af000
3f979000
3febd000
3f38a000
403d6000
3f979000
3fcdf000
3f2d4000
3fe77000
3f150000
40138000
3fd90000
4009f000
3f2d2000
400fa800
3f314000
400a3000
3fa40000
40226800
3f3bc000
3fa37000
3f942000
40073800
3f138000
3fd20000
3f792000
400c3000
3f872000
40636000
3f68c000
40523000
3f89d000
404bc000
3f736000
4012e800
3f4f0000
4014c000
3fb4c000
402e6000
3f6b0000
3fd3b000
3f921000
4001d800
3f0f2000
3fb01000
3fa92000
4000d000
3f5f6000
3f93d000
3f930000
3ff39000
3fe06000
400f6800
3fdb6000
400e5800
3f893000
3fc72000
3f813000
402d0000
3fbd1000
40003000
3f066000
3feb8000
3fc3a000
3fe07000
3f81d000
40006000
3f8ab000
3f9b4000
3f999000
3f978000
3f67a000
40290800
3f776000
3fec9000
3f85b000
4055e000
3f7ce000
40649800
3f874000
40612800
3f81a000
4001a800
3fbc4000
40387000
3f969000
3fc07000
3fb12000
40287800
3f296000
3fc27000
3f8ee000
401bd800
3fcee000
40374000
3f624000
402ea800
3f802000
3fb35000
3f72a000
4001c000
3f99f000
3fd0d000
3f9f9000
4004f800
3f818000
400a6000
3f56c000
401c2800
3fb0a000
402d9800
3f6c2000
3ff3b000
3f18c000
3fe85000
3f81d000
3feaf000
3f7da000
3fed0000
3fc7f000
4021f800
3fc25000
3fdfd000
3f47a000
402f8000
3fa23000
3fd1a000
3fbe4000
40181000
3f246000
4017e000
3fc1f000
3ff04000
3f8b1000
40344000
3fb54000
3fb48000
3f69e000
40072000
3f76a000
40452800
3f4d2000
3fc7a000
3fbdb000
3fd88000
3fd0c000
3fc45000
3f9c8000
402f5800
3f953000
3fe3c000
3fd7b000
40034000
3f1ee000
4026d000
3fbcb000
40468000
3f873000
40053800
3ff1b000
3ff3d000
3f920000
3fd89000
3f865000
3faaf000
3f98e000
4039a000
3f7ce000
3fc8d000
3f805000
3fef5000
3f14c000
400a0000
3f80d000
4003b000
3f182000
4002c800
3f170000
3fb89000
3f68e000
405e2000
3f74c000
3ffb6000
3f6fa000
3fcde000
3f326000
405ad800
3f8e0000
402b6800
3fa91000
40090800
3f2c0000
3f8b3000
3f83e000
3fba8000
3f5a0000
3fec9000
3f758000
3fe0f000
3f8dc000
40058800
3fb36000
4015a800
3f16c000
3ff87000
3faf6000
4014b000
3f548000
40162800
3fb01000
3fa71000
3fa5e000
4026f800
3f67a000
401d9800
3f964000
406e5000
3f7e4000
40314800
3f60c000
403a9000
3f3da000
4001d000
3fc45000
3fcf2000
3fa27000
40004000
3fe22000
400e1800
3f27e000
401e3000
3f576000
40713800
3f86a000
40038800
3f6fc000
3fb5b000
3f7d2000
402b5000
3f937000
3fc47000
3f961000
3ff25000
3f4f6000
40141800
3f296000
3fc8c000
3f276000
403b6800
3f9ac000
40128800
3f578000
3ff0f000
3f93a000
3fadc000
3f909000
4003a000
3fc1b000
403f5000
3f94b000
3fd95000
3f3d4000
402a6800
3fbe9000
3fe1f000
3fad0000
3fe95000
3fa28000
3f9e0000
3f917000
4010b000
3f86f000
3fe70000
3f811000
3ff9d000
3f0c6000
3fe34000
3fc55000
3fe61000
3fb78000
3fe51000
3faac000
3fe64000
3faba000
40183000
3f2b2000
4049d000
3f5b0000
401a8000
3f266000
40184800
3fc9a000
3fa0c000
3f895000
4036c000
3f96b000
3fd1a000
3fbe4000
40176000
3f32c000
3fe5d000
3fa6c000
4061f000
3f76c000
400f5800
3fa40000
40187000
3fc44000
401d0800
3f73e000
3fccb000
3fa2c000
3ff1b000
3faf8000
40273000
3f26a000
4001e000
3fa92000
4016e000
3f5f4000
3ff8e000
3f74c000
40025000
3ff6c000
3fe07000
3f77a000
3fe80000
3f6c2000
40047800
3f921000
405de000
3f8a1000
401a4800
3f8a2000
3ffc8000
3f046000
3fdd3000
3f476000
40515800
3f798000
3fdc8000
3f762000
3fd11000
3f9db000
3ff95000
3fb75000
3fdad000
3fa2d000
40234800
3f82b000
3fb26000
3f8e5000
3fdee000
3fa1b000
404c6000
3f8df000
3ffe3000
3fc84000
4042d000
3f6c6000
3fc4d000
3f90a000
4033b800
3f838000
3fb1d000
3fb0d000
3fc93000
3f999000
3ffec000
3fda2000
40306800
3f362000
400fd000
3fb78000
3ff09000
3fbf2000
3ffcb000
3f594000
3fcbe000
3f29e000
401b7800
3f88f000
4007d800
3f85a000
3fcac000
3f350000
3ffba000
3f74e000
40234800
3f78e000
3fd5d000
3f4ba000
404db800
3f838000
401d9000
3fabf000
40630800
3f7bc000
401aa800
3fcd2000
3fcc9000
3f38c000
40541000
3f865000
402be000
3f3ee000
4021f000
3f2ca000
4024e000
3f9d4000
3ff41000
3f58e000
405c1000
3f6ec000
403e8800
3f941000
3ff4d000
3f75e000
4015b800
3f6b2000
4024e000
3f2b6000
40557000
3f8d5000
40179000
3f849000
400a6000
3fa24000
402dc000
3f34e000
3fc2e000
3fb85000
3fe05000
3f2fe000
404d6000
3f895000
3fa27000
3f7de000
4011f000
3f69a000
400b2800
3fba4000
400fe000
3f25a000
3f91b000
3f622000
401d0800
3fd0a000
4011f800
3fa70000
3fc37000
3f9fa000
400d6800
3f108000
4045c000
3f4a6000
40111000
3fcd0000
400a9000
3f30e000
4015a800
3f57c000
4032e800
3f47a000
40509800
3f620000
4047d000
3f8f7000
40653000
3f66c000
3fbf7000
3fa8b000
404f8800
3f86e000
403d0000
3f80b000
401a2000
3f61a000
3f974000
3f612000
3feaf000
3fb8e000
3fa71000
3fa5e000
40606800
3f8f2000
3fb56000
3fb17000
3ffb7000
3f120000
40179000
3f7ca000
400c8800
3f368000
40376800
3f38e000
404ca800
3f748000
3fceb000
3f9bf000
40504000
3f6a6000
3fdf4000
3fb9c000
403ae800
3f8bc000
40185800
3f803000
404ba000
3f6f2000
400e0800
3fb04000
40273000
3f80d000
40146800
3f1e2000
3fbd1000
3f947000
40003000
3f8f6000
40252800
3f60e000
40045800
3ff6f000
40214000
3f4c4000
401e9800
3f853000
3fa87000
3f6b2000
400d3000
3f5fc000
400ab800
3f844000
401d6800
3f6e6000
3f809000
3f802000
3f908000
3f642000
3fa09000
3f4d2000
3faf9000
3f3c4000
3fbfa000
3f2c6000
3fcea000
3f200000
3fdeb000
3f14a000
3fedb000
3f0ac000
3ffdc000
3f018000
3f8c4000
3f6ba000
3f9c5000
3f532000
3fab5000
3f414000
3fbb6000
3f306000
3fca6000
3f238000
3fda7000
3f17a000
3fe97000
3f0d4000
3ff98000
3f040000
3f891000
3f750000
3f994000
3f5ae000
3fa86000
3f47c000
3fb89000
3f35c000
3fc7b000
3f284000
3fd7e000
3f1bc000
3fe70000
3f10e000
3ff73000
3f078000
3f84d000
3f7c8000
3f950000
3f60e000
3fa42000
3f4cc000
3fb45000
3f39c000
3fc37000
3f2bc000
3fd3a000
3f1ec000
3fe2c000
3f136000
3ff2f000
3f0a0000
40017000
3f00a000
3f92a000
3f67e000
3fa1e000
3f522000
3fb23000
3f3f4000
3fc17000
3f302000
3fd1c000
3f228000
3fe10000
3f17a000
3ff15000
3f0d0000
40004800
3f042000
3f8e6000
3f6f6000
3f9da000
3f582000
3fadf000
3f444000
3fbd3000
3f342000
3fcd8000
3f260000
3fdcc000
3f1aa000
3fed1000
3f0f8000
3ffc5000
3f06a000
3f8b3000
3f78c000
3f9a9000
3f5fe000
3fab0000
3f4ac000
3fba6000
3f398000
3fcad000
3f2ac000
3fda3000
3f1ec000
3feaa000
3f132000
3ffa0000
3f0a2000
3f86f000
3f802000
3f965000
3f65e000
3fa6c000
3f4fc000
3fb62000
3f3d8000
3fc69000
3f2e4000
3fd5f000
3f21c000
3fe66000
3f15a000
3ff65000
3f0c4000
40036000
3f02a000
3f93b000
3f6d8000
3fa44000
3f55a000
3fb3c000
3f438000
3fc45000
3f32e000
3fd3d000
3f25e000
3fe46000
3f19e000
3ff3e000
3f0fe000
40023800
3f062000
3f8f7000
3f750000
3fa00000
3f5ba000
3faf8000
3f488000
3fc01000
3f36e000
3fcf9000
3f296000
3fe02000
3f1ce000
3fefa000
3f126000
40001800
3f08a000
3f8c4000
3f7e6000
3f9cf000
3f636000
3fac9000
3f4f0000
3fbd4000
3f3c4000
3fcce000
3f2e2000
3fdd9000
3f210000
3fed3000
3f160000
3ffde000
3f0c2000
3f880000
3f82f000
3f98b000
3f696000
3fa85000
3f540000
3fb90000
3f404000
3fc8a000
3f31a000
3fd95000
3f240000
3fe94000
3f18c000
3ff9f000
3f0e8000
4004c800
3f054000
3f95d000
3f714000
3fa59000
3f5aa000
3fb66000
3f468000
3fc62000
3f36a000
3fd6f000
3f286000
3fe6b000
3f1ce000
3ff78000
3f122000
4003a000
3f08c000
3f919000
3f78c000
3fa15000
3f60a000
3fb22000
3f4b8000
3fc1e000
3f3aa000
3fd2b000
3f2be000
3fe27000
3f1fe000
3ff34000
3f14a000
40018000
3f0b4000
3f8e6000
3f811000
3f9e4000
3f686000
3faf3000
3f520000
3fbf1000
3f400000
3fd00000
3f30a000
3fdfe000
3f240000
3ff0d000
3f184000
40005800
3f0ec000
3f8a2000
3f84d000
3f9a0000
3f6e6000
3faaf000
3f570000
3fbad000
3f440000
3fcbc000
3f342000
3fdbb000
3f270000
3feca000
3f1b0000
3ffc8000
3f116000
4006b800
3f074000
3f96e000
3f76e000
3fa7f000
3f5e2000
3fb7f000
3f4ac000
3fc90000
3f396000
3fd90000
3f2bc000
3fea1000
3f1f2000
3ffa1000
3f150000
40059000
3f0ac000
3f92a000
3f7e6000
3fa3b000
3f642000
3fb3b000
3f4fc000
3fc4c000
3f3d6000
3fd4c000
3f2f4000
3fe5d000
3f222000
3ff5d000
3f178000
40037000
3f0d4000
3f8f7000
3f83e000
3fa0a000
3f6be000
3fb0c000
3f564000
3fc1f000
3f42c000
3fd21000
3f340000
3fe34000
3f264000
3ff36000
3f1b2000
40024800
3f10c000
3f8b3000
3f87a000
3f9c6000
3f71e000
3fac8000
3f5b4000
3fbdb000
3f46c000
3fcda000
3f37c000
3fded000
3f298000
3feef000
3f1e0000
40001000
3f13a000
40082000
3f09e000
3f990000
3f7aa000
3fa94000
3f632000
3fba9000
3f4dc000
3fcad000
3f3d2000
3fdc2000
3f2e4000
3fec6000
3f222000
3ffdb000
3f174000
4006f800
3f0d6000
3f94c000
3f811000
3fa50000
3f692000
3fb65000
3f52c000
3fc69000
3f412000
3fd7e000
3f31c000
3fe82000
3f252000
3ff97000
3f19c000
4004d800
3f0fe000
3f919000
3f85c000
3fa1f000
3f70e000
3fb36000
3f594000
3fc3c000
3f468000
3fd53000
3f368000
3fe59000
3f294000
3ff70000
3f1d6000
4003b000
3f136000
3f8d5000
3f898000
3f9db000
3f76e000
3faf2000
3f5e4000
3fbf1000
3f4b8000
3fd08000
3f3a8000
3fe0e000
3f2ce000
3ff25000
3f204000
40015800
3f168000
400a1000
3f0be000
3f9a1000
3f802000
3faba000
3f66a000
3fbc2000
3f520000
3fcdb000
3f3fe000
3fde3000
3f31a000
3fefc000
3f246000
40002000
3f1a2000
4008e800
3f0f6000
3f95d000
3f83e000
3fa76000
3f6ca000
3fb7e000
3f570000
3fc97000
3f43e000
3fd9f000
3f352000
3feb8000
3f276000
3ffc0000
3f1ca000
4006c800
3f11e000
3f92a000
3f889000
3fa45000
3f746000
3fb4f000
3f5d8000
3fc6a000
3f494000
3fd74000
3f39e000
3fe8f000
3f2b8000
3ff99000
3f204000
4005a000
3f156000
3f8e6000
3f8c5000
3fa01000
3f7a6000
3fb00000
3f63e000
3fc1b000
3f4e8000
3fd25000
3f3e4000
3fe40000
3f2f6000
3ff4a000
3f234000
40032800
3f18c000
400b7800
3f0e8000
3f9c3000
3f820000
3facf000
3f6ba000
3fbec000
3f550000
3fcf8000
3f43a000
3fe15000
3f342000
3ff21000
3f276000
4001f000
3f1c6000
400a5000
3f120000
3f97f000
3f85c000
3fa8b000
3f71a000
3fba8000
3f5a0000
3fcb4000
3f47a000
3fdd1000
3f37a000
3fedd000
3f2a6000
3fffa000
3f1ee000
40083000
3f148000
3f94c000
3f8a7000
3fa5a000
3f796000
3fb79000
3f608000
3fc87000
3f4d0000
3fda6000
3f3c6000
3feb4000
3f2e8000
3ffd3000
3f228000
40070800
3f180000
3f908000
3f8e3000
3fa07000
3f802000
3fb26000
3f676000
3fc34000
3f52c000
3fd53000
3f410000
3fe61000
3f32c000
3ff80000
3f258000
40047000
3f1ba000
400d6800
3f108000
3f9db000
3f848000
3fafc000
3f6d6000
3fc0a000
3f598000
3fd2b000
3f466000
3fe39000
3f37e000
3ff5a000
3f2a8000
40034000
3f1ee000
400c4800
3f148000
3f98f000
3f88c000
3fab0000
3f746000
3fbbe000
3f5f0000
3fcdf000
3f4ae000
3fded000
3f3be000
3ff0e000
3f2e0000
4000e000
3f21e000
4009e800
3f170000
3f954000
3f8df000
3fa77000
3f7d2000
3fb87000
3f660000
3fcaa000
3f50c000
3fdba000
3f412000
3fedd000
3f32a000
3ffed000
3f260000
40088000
3f1a8000
40116800
3f112000
3fa38000
3f813000
3fb48000
3f69e000
3fc6b000
3f558000
3fd7b000
3f446000
3fe9e000
3f352000
3ffae000
3f290000
40068800
3f1d0000
400f0800
3f13a000
3f9fd000
3f866000
3fb0f000
3f72a000
3fc34000
3f5c8000
3fd46000
3f4a4000
3fe6b000
3f3a6000
3ff7d000
3f2da000
40051000
3f212000
400da000
3f172000
3f9b1000
3f8aa000
3fac3000
3f79a000
3fbe8000
3f620000
3fcfa000
3f4ec000
3fe1f000
3f3e6000
3ff31000
3f312000
4002b000
3f242000
400b4000
3f19a000
3f976000
3f8fd000
3fa8a000
3f813000
3fbb1000
3f690000
3fcc5000
3f54a000
3fdec000
3f43a000
3ff00000
3f35c000
40013800
3f284000
400a2000
3f1d0000
40135800
3f132000
3fa47000
3f842000
3fb6e000
3f6d6000
3fc82000
3f59e000
3fda9000
3f472000
3febd000
3f38a000
3ffe4000
3f2b4000
4007c000
3f200000
4010f800
3f15a000
3fa0c000
3f895000
3fb35000
3f762000
3fc4b000
3f60e000
3fd74000
3f4d0000
3fe8a000
3f3de000
3ffb3000
3f2fe000
40064800
3f242000
400f9000
3f192000
3f9c0000
3f8d9000
3fae9000
3f7d2000
3fbff000
3f666000
3fd28000
3f518000
3fe3e000
3f41e000
3ff67000
3f336000
4003e800
3f272000
400d3000
3f1ba000
3f985000
3f92c000
3fab0000
3f82f000
3fbc8000
3f6d6000
3fcf3000
3f576000
3fe0b000
3f472000
3ff36000
3f380000
40029800
3f2ae000
400bf000
3f1f4000
4014b000
3f15c000
3fa69000
3f860000
3fb81000
3f72a000
3fcac000
3f5ce000
3fdc4000
3f4b0000
3feef000
3f3b2000
40003800
3f2e6000
40099000
3f224000
40125000
3f184000
3fa2e000
3f8b3000
3fb48000
3f7b6000
3fc75000
3f63e000
3fd8f000
3f50e000
3febc000
3f406000
3ffd6000
3f330000
40081800
3f266000
4010e800
3f1bc000
3f9e2000
3f8f7000
3fafc000
3f813000
3fc29000
3f696000
3fd43000
3f556000
3fe70000
3f446000
3ff8a000
3f368000
4005b800
3f296000
400e8800
3f1e4000
3f9a7000
3f94a000
3fac3000
3f859000
3fbf2000
3f706000
3fd0e000
3f5b4000
3fe3d000
3f49a000
3ff5a000
3f3aa000
40044800
3f2d2000
400d2800
3f224000
4016a000
3f17c000
3fa78000
3f88f000
3fba7000
3f762000
3fcc3000
3f614000
3fdf2000
3f4dc000
3ff0e000
3f3ea000
4001e800
3f30a000
400ac800
3f254000
40144000
3f1a4000
3fa3d000
3f8e2000
3fb6e000
3f7ee000
3fc8c000
3f684000
3fdbd000
3f53a000
3fedb000
3f43e000
40006000
3f354000
40095000
3f296000
4012d800
3f1dc000
3f9f1000
3f926000
3fb22000
3f82f000
3fc40000
3f6dc000
3fd71000
3f582000
3fe8f000
3f47e000
3ffc0000
3f38c000
4006f000
3f2c6000
40107800
3f204000
3f9b6000
3f979000
3fae9000
3f875000
3fc09000
3f74c000
3fd3c000
3f5e0000
3fe59000
3f4d2000
3ff8c000
3f3d2000
40056000
3f304000
400ef800
3f248000
4017f800
3f1a6000
3fa9a000
3f8ad000
3fbba000
3f7b6000
3fced000
3f644000
3fe0d000
3f51a000
3ff40000
3f412000
40030000
3f33c000
400c9800
3f278000
40159800
3f1ce000
3fa5f000
3f900000
3fb81000
3f821000
3fcb6000
3f6b4000
3fdd8000
3f578000
3ff0d000
3f466000
40017800
3f386000
400b2000
3f2ba000
40143000
3f206000
3fa13000
3f944000
3fb35000
3f859000
3fc6a000
3f70c000
3fd8c000
3f5c0000
3fec1000
3f4a6000
3ffe3000
3f3be000
4008c000
3f2ea000
4011d000
3f22e000
3f9d8000
3f997000
3fafc000
3f89f000
3fc33000
3f77c000
3fd50000
3f632000
3fe87000
3f4fe000
3ffab000
3f40a000
40071000
3f328000
40103000
3f278000
4019e800
3f1c6000
3faa9000
3f8dc000
3fbe0000
3f7ee000
3fd04000
3f68a000
3fe3b000
3f546000
3ff5f000
3f44a000
4004b000
3f360000
400dd000
3f2a8000
40178800
3f1ee000
3fa6e000
3f92f000
3fba7000
3f83d000
3fccd000
3f6fa000
3fe06000
3f5a4000
3ff2c000
3f49e000
40032800
3f3aa000
400c5800
3f2ea000
40162000
3f226000
3fa22000
3f973000
3fb5b000
3f875000
3fc81000
3f752000
3fdba000
3f5ec000
3fee0000
3f4de000
4000c800
3f3e2000
4009f800
3f31a000
4013c000
3f24e000
3f9e7000
3f9c6000
3fb22000
3f8bb000
3fc3f000
3f7d2000
3fd7a000
3f662000
3fea2000
3f53c000
3ffdd000
3f432000
40082800
3f35a000
40120000
3f29c000
401b4000
3f1f0000
3facb000
3f8fa000
3fbf3000
3f821000
3fd2e000
3f6ba000
3fe56000
3f584000
3ff91000
3f472000
4005c800
3f392000
400fa000
3f2cc000
4018e000
3f218000
3fa90000
3f94d000
3fbba000
3f867000
3fcf7000
3f72a000
3fe21000
3f5e2000
3ff5e000
3f4c6000
40044000
3f3dc000
400e2800
3f30e000
40177800
3f250000
3fa44000
3f991000
3fb6e000
3f89f000
3fcab000
3f782000
3fdd5000
3f62a000
3ff12000
3f506000
4001e000
3f414000
400bc800
3f33e000
40151800
3f278000
3fa09000
3f9e4000
3fb26000
3f8e5000
3fc65000
3f805000
3fd91000
3f6a8000
3fed0000
3f568000
3fffc000
3f46a000
4009d800
3f37e000
40133800
3f2cc000
401d3000
3f210000
3fada000
3f929000
3fc19000
3f83d000
3fd45000
3f700000
3fe84000
3f5b0000
3ffb0000
3f4aa000
40077800
3f3b6000
4010d800
3f2fc000
401ad000
3f238000
3fa9e000
3f97f000
3fbdf000
3f87c000
3fd0b000
3f77a000
3fe4c000
3f618000
3ff78000
3f50c000
4005c800
3f410000
400f2800
3f338000
40193000
3f27e000
3fa4a000
3f9cb000
3fb8b000
3f8b8000
3fcb7000
3f7da000
3fdf8000
3f668000
3ff24000
3f554000
40032800
3f448000
400c8800
3f368000
40169000
3f2ae000
40206800
3f1fa000
3fb57000
3f8f6000
3fc85000
3f821000
3fdc8000
3f6d2000
3fef6000
3f5a2000
4001c800
3f490000
400b3800
3f3c0000
40155000
3f2ea000
401ec000
3f23a000
3fb03000
3f942000
3fc31000
3f85d000
3fd74000
3f732000
3fea2000
3f5f2000
3ffe5000
3f4d8000
40089800
3f3f8000
4012b000
3f31a000
401c2000
3f26a000
3fac0000
3f99d000
3fbf0000
3f8a7000
3fd35000
3f7aa000
3fe65000
3f658000
3ffaa000
3f534000
4006d000
3f442000
4010f800
3f35c000
401a7800
3f2aa000
3fa6c000
3f9e9000
3fb9c000
3f8e3000
3fce1000
3f805000
3fe11000
3f6a8000
3ff56000
3f57c000
40043000
3f47a000
400e5800
3f38c000
40183000
3f2d8000
40225800
3f21a000
3fb64000
3f927000
3fcab000
3f83d000
3fddd000
3f71a000
3ff24000
3f5ce000
4002b000
3f4ca000
400ce800
3f3e4000
40167800
3f31a000
4020b000
3f25a000
3fb10000
3f973000
3fc57000
3f879000
3fd89000
3f77a000
3fed0000
3f61e000
40001000
3f512000
400a4800
3f41c000
4013d800
3f34a000
401e1000
3f28a000
3facd000
3f9ce000
3fc16000
3f8c3000
3fd4a000
3f7f2000
3fe93000
3f684000
3ffc7000
3f56e000
40088000
3f466000
40122000
3f38c000
401c6800
3f2ca000
3fa79000
3fa1a000
3fbc2000
3f8ff000
3fcf6000
3f829000
3fe3f000
3f6d4000
3ff73000
3f5b6000
4005e000
3f49e000
400fb800
3f3cc000
401a0000
3f2fc000
4023a000
3f246000
3fb86000
3f945000
3fcbc000
3f868000
3fe07000
3f74a000
3ff3d000
3f60e000
40044000
3f4f2000
400df000
3f416000
40184800
3f33e000
4021f800
3f286000
3fb32000
3f991000
3fc68000
3f8a4000
3fdb3000
3f7aa000
3fee9000
3f65e000
4001a000
3f53a000
400b5000
3f44e000
4015a800
3f36e000
401f5800
3f2b6000
3faef000
3f9ec000
3fc27000
3f8ee000
3fd74000
3f811000
3feac000
3f6c4000
3fff9000
3f596000
40098800
3f498000
4013f000
3f3b0000
401db000
3f2f6000
3fa9b000
3fa38000
3fbd3000
3f92a000
3fd20000
3f841000
3fe58000
3f714000
3ffa5000
3f5de000
40070000
3f4d0000
40116800
3f3f0000
401b2800
3f32c000
40259000
3f266000
3fb93000
3f976000
3fce2000
3f884000
3fe1c000
3f792000
3ff6b000
3f63a000
40052800
3f52c000
400fa000
3f43a000
40197000
3f36e000
4023e800
3f2a6000
3fb3f000
3f9c2000
3fc8e000
3f8c0000
3fdc8000
3f7f2000
3ff17000
3f68a000
40028800
3f574000
400d0000
3f472000
4016d000
3f39e000
40214800
3f2d6000
3fafc000
3fa1d000
3fc4d000
3f90a000
3fd89000
3f835000
3feda000
3f6f0000
4000b000
3f5d0000
400b3800
3f4bc000
40151800
3f3e0000
401fa000
3f316000
3faa8000
3fa69000
3fbf9000
3f946000
3fd35000
3f865000
3fe86000
3f740000
3ffc1000
3f614000
40089000
3f4f8000
40127000
3f422000
401cf800
3f350000
4026d800
3f292000
3fbb5000
3f994000
3fcf3000
3f8af000
3fe46000
3f7c2000
3ff84000
3f67a000
4006b800
3f554000
4010a800
3f46c000
401b4000
3f392000
40253000
3f2d2000
3fb61000
3f9e0000
3fc9f000
3f8eb000
3fdf2000
3f811000
3ff30000
3f6ca000
40041800
3f59c000
400e0800
3f4a4000
4018a000
3f3c2000
40229000
3f302000
3fb1e000
3fa3b000
3fc5e000
3f935000
3fdb3000
3f84d000
3fef3000
3f730000
40024000
3f5f8000
400c4000
3f4ee000
4016e800
3f404000
4020e800
3f342000
3faca000
3fa87000
3fc0a000
3f971000
3fd5f000
3f87d000
3fe9a000
3f792000
3ffef000
3f640000
40097800
3f532000
40142000
3f446000
401e2000
3f380000
4028c800
3f2b2000
3fbc2000
3f9c5000
3fd19000
3f8cb000
3fe5b000
3f805000
3ffb2000
3f6a6000
4007a000
3f58e000
40125800
3f490000
401c6800
3f3c2000
40272000
3f2f2000
3fb6e000
3fa11000
3fcc5000
3f907000
3fe07000
3f835000
3ff5e000
3f6f6000
40050000
3f5d6000
400fb800
3f4c8000
4019c800
3f3f2000
40248000
3f322000
3fb2b000
3fa6c000
3fc84000
3f951000
3fdc8000
3f871000
3ff21000
3f75c000
40032800
3f632000
400df000
3f512000
40181000
3f434000
4022d800
3f362000
3fad7000
3fab8000
3fc30000
3f98d000
3fd6b000
3f8ac000
3fec4000
3f7c2000
40004000
3f680000
400b0800
3f55a000
40152800
3f478000
401ff000
3f3a4000
402a1000
3f2de000
3fbe4000
3f9e3000
3fd2a000
3f8f6000
3fe85000
3f81d000
3ffcb000
3f6e6000
40093000
3f5b6000
40136000
3f4c2000
401e3800
3f3e6000
40286800
3f31e000
3fb90000
3fa2f000
3fcd6000
3f932000
3fe31000
3f84d000
3ff77000
3f736000
40069000
3f5fe000
4010c000
3f4fa000
401b9800
3f416000
4025c800
3f34e000
3fb4d000
3fa8a000
3fc95000
3f97c000
3fdf2000
3f889000
3ff3a000
3f79c000
4004b800
3f65a000
400ef800
3f544000
4019e000
3f458000
40242000
3f38e000
3faf9000
3fad6000
3fc34000
3f9b9000
3fd91000
3f8c8000
3fed9000
3f805000
4001b000
3f6ac000
400bf000
3f594000
4016d800
3f49c000
40211800
3f3d4000
402c0000
3f2fe000
3fbf1000
3fa14000
3fd50000
3f912000
3fe9a000
3f841000
3fff9000
3f712000
400a1800
3f5f0000
40151000
3f4e6000
401f6000
3f416000
402a5800
3f33e000
3fb9d000
3fa60000
3fcfc000
3f94e000
3fe46000
3f871000
3ffa5000
3f762000
40077800
3f638000
40127000
3f51e000
401cc000
3f446000
4027b800
3f36e000
3fb51000
3fac2000
3fcb2000
3f995000
3fdfc000
3f8b7000
3ff5d000
3f7d8000
40053800
3f69c000
40104000
3f586000
401a9000
3f494000
40259800
3f3b6000
40306000
3f302000
3fc65000
3f9d2000
3fdaf000
3f8e5000
3ff10000
3f81b000
4002d000
3f6e6000
400dd800
3f5c4000
40182800
3f4d6000
40233000
3f3ec000
402d8000
3f332000
3fc1a000
3fa31000
3fd66000
3f933000
3fec9000
3f85b000
4000a800
3f754000
400bc000
3f620000
40162000
3f528000
40213800
3f436000
402b9800
3f372000
3fbbe000
3fa81000
3fd0a000
3f973000
3fe6d000
3f88f000
3ffb9000
3f7ac000
4008e000
3f668000
40134000
3f568000
401e5800
3f46e000
4028b800
3f3a2000
3fb73000
3fae0000
3fcc1000
3f9c1000
3fe26000
3f8cf000
3ff74000
3f80d000
4006c800
3f6c4000
40113800
3f5ba000
401c6000
3f4b8000
40272800
3f3e6000
40325000
3f322000
3fc70000
3fa04000
3fdd5000
3f901000
3ff23000
3f840000
40044000
3f712000
400eb000
3f5fe000
4019d800
3f4fa000
40244800
3f41e000
402f7000
3f352000
3fc25000
3fa63000
3fd8c000
3f94f000
3fedc000
3f880000
40021800
3f780000
400c9800
3f65a000
4017d000
3f54c000
40225000
3f468000
402d8800
3f392000
3fbc9000
3fab3000
3fd30000
3f98f000
3fe80000
3f8b4000
3ffe7000
3f7d8000
4009b800
3f6a2000
4014f000
3f58c000
401f7000
3f4a0000
402aa800
3f3c2000
3fb7e000
3fb12000
3fce7000
3f9dd000
3fe39000
3f8f4000
3ffa2000
3f823000
4007a000
3f6fe000
4012e800
3f5de000
401db000
3f4ee000
4028f800
3f40a000
40338800
3f34e000
3fc92000
3fa22000
3fde4000
3f92d000
3ff4d000
3f858000
4004f800
3f754000
40104000
3f626000
401ad000
3f52e000
40261800
3f442000
4030a800
3f37e000
3fc47000
3fa81000
3fd9b000
3f97b000
3ff06000
3f898000
4002d000
3f7c2000
400e2800
3f682000
4018c800
3f580000
40242000
3f48c000
402ec000
3f3be000
3fbeb000
3fad1000
3fd3f000
3f9bb000
3feaa000
3f8cc000
3fffe000
3f80d000
400b4800
3f6ca000
4015e800
3f5c0000
40214000
3f4c4000
402be000
3f3ee000
3fba0000
3fb30000
3fcf6000
3fa09000
3fe63000
3f90c000
3ffb9000
3f844000
40093000
3f726000
4013f800
3f618000
401f6000
3f512000
402a1000
3f43c000
40357800
3f36e000
3fc9d000
3fa54000
3fe0a000
3f949000
3ff60000
3f87d000
40066800
3f780000
40111800
3f660000
401c8000
3f552000
40273000
3f474000
40329800
3f39e000
3fc52000
3fab3000
3fdc1000
3f997000
3ff19000
3f8bd000
40044000
3f7ee000
400f0000
3f6bc000
401a7800
3f5a4000
40253800
3f4be000
4030b000
3f3de000
3fbf6000
3fb03000
3fd65000
3f9d7000
3febd000
3f8f1000
40016000
3f823000
400c2000
3f704000
40179800
3f5e4000
40225800
3f4f6000
402dd000
3f40e000
3fbab000
3fb62000
3fd1c000
3fa25000
3fe76000
3f931000
3ffe7000
3f85a000
400a0000
3f76a000
40158800
3f640000
40205800
3f546000
402be000
3f460000
4036b000
3f39a000
3fcbf000
3fa72000
3fe19000
3f975000
3ff8a000
3f895000
40072000
3f7c2000
4012a800
3f688000
401d7800
3f586000
40290000
3f498000
4033d000
3f3ca000
3fc74000
3fad1000
3fdd0000
3f9c3000
3ff43000
3f8d5000
4004f800
3f818000
40109000
3f6e4000
401b7000
3f5d8000
40270800
3f4e2000
4031e800
3f40a000
3fc18000
3fb21000
3fd74000
3fa03000
3fee7000
3f909000
40021800
3f844000
400db000
3f72c000
40189000
3f618000
40242800
3f51a000
402f0800
3f43a000
3fbcd000
3fb80000
3fd2b000
3fa51000
3fea0000
3f949000
3fff9000
3f886000
400b7000
3f796000
40166000
3f67a000
40220800
3f56a000
402cf800
3f492000
4038a000
3f3ba000
3fcca000
3faa4000
3fe3f000
3f991000
3ff9d000
3f8ba000
40089000
3f7ee000
40138000
3f6c2000
401f2800
3f5aa000
402a1800
3f4ca000
4035c000
3f3ea000
3fc7f000
3fb03000
3fdf6000
3f9df000
3ff56000
3f8fa000
40066800
3f82e000
40116800
3f71e000
401d2000
3f5fc000
40282000
3f514000
4033d800
3f42a000
3fc23000
3fb53000
3fd9a000
3fa1f000
3fefa000
3f92e000
40038800
3f85a000
400e8800
3f766000
401a4000
3f63c000
40254000
3f54c000
4030f800
3f45a000
3fbd8000
3fbb2000
3fd51000
3fa6d000
3feaa000
3f97d000
40011800
3f89e000
400c2800
3f7d8000
4017f000
3f6a2000
40230000
3f59e000
402ec800
3f4b6000
4039d800
3f3e6000
3fcec000
3fac2000
3fe4e000
3f9bd000
3ffc7000
3f8d2000
40094800
3f818000
40151000
3f6ea000
40202000
3f5de000
402be800
3f4ee000
4036f800
3f416000
3fca1000
3fb21000
3fe05000
3fa0b000
3ff80000
3f912000
40072000
3f84f000
4012f800
3f746000
401e1800
3f630000
4029f000
3f538000
40351000
3f456000
3fc45000
3fb71000
3fda9000
3fa4b000
3ff24000
3f946000
40044000
3f87b000
40101800
3f78e000
401b3800
3f670000
40271000
3f570000
40323000
3f486000
3fbfa000
3fbd0000
3fd53000
3faa4000
3fed0000
3f999000
4001b000
3f8c3000
400d9800
3f802000
4018c800
3f6dc000
4024b000
3f5c2000
402fe000
3f4e8000
403bc800
3f406000
3fcf7000
3faf4000
3fe74000
3f9d9000
3ffda000
3f8f7000
400ab800
3f82e000
4015e800
3f724000
4021d000
3f602000
402d0000
3f520000
4038e800
3f436000
3fcac000
3fb53000
3fe2b000
3fa27000
3ff93000
3f937000
40089000
3f865000
4013d000
3f780000
401fc800
3f654000
402b0800
3f56a000
40370000
3f476000
3fc50000
3fba3000
3fdcf000
3fa67000
3ff37000
3f96b000
4005b000
3f891000
4010f000
3f7c8000
401ce800
3f694000
40282800
3f5a2000
40342000
3f4a6000
403ee800
3f3f2000
3fd84000
3fab5000
3feec000
3f9b2000
40036800
3f8d3000
400ea800
3f820000
401ab000
3f702000
4025f000
3f5fc000
4031f800
3f4fe000
403d3800
3f434000
3fd20000
3fb0d000
3fe88000
3f9fa000
40004800
3f90f000
400b8800
3f850000
40179000
3f752000
4022d000
3f644000
402ed800
3f53e000
403a1800
3f46c000
3fccd000
3fb74000
3fe37000
3fa50000
3ffba000
3f957000
40092000
3f88b000
40153800
3f7b6000
40208800
3f69e000
402ca000
3f590000
4037f000
3f4b4000
3fc69000
3fbcc000
3fdd3000
3fa98000
3ff56000
3f993000
40060000
3f8bb000
40121800
3f803000
401d6800
3f6e6000
40298000
3f5d0000
40353800
3f4e0000
40415000
3f40c000
3fd8d000
3fae9000
3ff12000
3f9ce000
4003f000
3f8fa000
40101800
3f836000
401b7800
3f73e000
4027a000
3f620000
40330000
3f532000
403f2800
3f454000
3fd29000
3fb41000
3feae000
3fa16000
4000d000
3f936000
400cf800
3f866000
40185800
3f78e000
40248000
3f668000
402fe000
3f572000
403c0800
3f48c000
3fcd6000
3fba8000
3fe5d000
3fa6c000
3ffcb000
3f97e000
400a9000
3f8a1000
40160000
3f7f2000
40223800
3f6c2000
402da800
3f5c4000
4039e000
3f4d4000
3fc72000
3fc00000
3fdf9000
3fab4000
3ff67000
3f9ba000
40077000
3f8d1000
4012e000
3f821000
401f1800
3f70a000
402ad000
3f5fc000
40370800
3f504000
40427800
3f43a000
3fdaf000
3fb07000
3ff1f000
3f9fc000
40054000
3f912000
4010c000
3f858000
401d0800
3f766000
40288800
3f656000
4034d000
3f556000
40405000
3f482000
3fd4b000
3fb5f000
3febb000
3fa44000
40022000
3f94e000
400da000
3f888000
4019e800
3f7b6000
40256800
3f69e000
4031b000
3f596000
403d3000
3f4ba000
3fcf8000
3fbc6000
3fe6a000
3fa9a000
3fff5000
3f996000
400b3800
3f8c3000
40179000
3f80d000
40232000
3f6f8000
402f7800
3f5e8000
403b0800
3f502000
3fc94000
3fc1e000
3fe06000
3fae2000
3ff91000
3f9d2000
40081800
3f8f3000
40147000
3f835000
40202800
3f73e000
402c8000
3f620000
40381000
3f538000
40446800
3f45a000
3fdb8000
3fb3b000
3ff45000
3fa18000
4005c800
3f939000
40123000
3f86e000
401dd000
3f7a2000
402a3800
3f67a000
4035d800
3f58a000
40424000
3f4a2000
3fd54000
3fb93000
3fee1000
3fa60000
4002a800
3f975000
400f1000
3f89e000
401ab000
3f7f2000
40271800
3f6c2000
4032b800
3f5ca000
403f2000
3f4da000
3fd01000
3fbfa000
3fe90000
3fab6000
40003000
3f9bd000
400ca800
3f8d9000
40185800
3f82b000
4024d000
3f71c000
40308000
3f61c000
403cf800
3f522000
3fc9d000
3fc52000
3fe2c000
3fafe000
3ffa2000
3f9f9000
40098800
3f909000
40154000
3f855000
4021b800
3f766000
402d6800
3f656000
4039e000
3f55c000
40459000
3f488000
3fdda000
3fb59000
3ff52000
3fa46000
40071800
3f951000
4012d800
3f890000
401f6000
3f7ca000
402b2000
3f6b0000
4037a800
3f5ae000
40436800
3f4d0000
3fd76000
3fbb1000
3feee000
3fa8e000
4003f800
3f98d000
400fb800
3f8c0000
401c4000
3f80d000
40280000
3f6f8000
40348800
3f5ee000
40404800
3f508000
3fd23000
3fc18000
3fe9d000
3fae4000
40018000
3f9d5000
400d5000
3f8fb000
4019e800
3f83f000
4025b800
3f752000
40325000
3f640000
403e2000
3f550000
3fcbf000
3fc70000
3fe39000
3fb2c000
3ffcc000
3fa11000
400a1800
3f930000
4016b000
3f86b000
40228000
3f7a2000
402f1800
3f67a000
403ae800
3f590000
40478000
3f4a8000
3fde3000
3fb8d000
3ff78000
3fa62000
4007a000
3f978000
40144800
3f8a6000
40202800
3f803000
402cd000
3f6d4000
4038b000
3f5e2000
40455800
3f4f0000
3fd7f000
3fbe5000
3ff14000
3faaa000
40048000
3f9b4000
40112800
3f8d6000
401d0800
3f82b000
4029b000
3f71c000
40359000
3f622000
40423800
3f528000
3fd2c000
3fc4c000
3fec3000
3fb00000
40020800
3f9fc000
400ec000
3f911000
401ab000
3f85d000
40276800
3f776000
40335800
3f674000
40401000
3f570000
3fcc8000
3fca4000
3fe5f000
3fb48000
3ffd6000
3fa3a000
400b6800
3f948000
40175800
3f88d000
40241000
3f7ca000
40300000
3f6b0000
403cb800
3f5b4000
4048a800
3f4d6000
3fe05000
3fbab000
3ff85000
3fa90000
4008f000
3f990000
4014f000
3f8c8000
4021b800
3f817000
402db800
3f70a000
403a8000
3f606000
40468000
3f51e000
3fda1000
3fc03000
3ff21000
3fad8000
4005d000
3f9cc000
4011d000
3f8f8000
401e9800
3f83f000
402a9800
3f752000
40376000
3f646000
40436000
3f556000
3fd4e000
3fc6a000
3fed0000
3fb2e000
40035800
3fa14000
400f6800
3f933000
401c4000
3f871000
40285000
3f7ac000
40352800
3f698000
40413800
3f59e000
3fcea000
3fcc2000
3fe61000
3fb78000
3fffc000
3fa56000
400bf000
3f96f000
4018c800
3f8a3000
4024d800
3f803000
4031b000
3f6d4000
403dc000
3f5e8000
404a9800
3f4f6000
3fe0e000
3fbdf000
3ffab000
3faac000
40097800
3f9b7000
40166000
3f8de000
40228000
3f835000
402f6800
3f72e000
403b8800
3f63a000
40487000
3f53e000
3fdaa000
3fc37000
3ff47000
3faf4000
40065800
3f9f3000
40134000
3f90e000
401f6000
3f85d000
402c4800
3f776000
40386800
3f67a000
40455000
3f576000
3fd57000
3fc9e000
3fef6000
3fb4a000
4003e000
3fa3b000
4010d800
3f949000
401d0800
3f88f000
402a0000
3f7d0000
40363000
3f6cc000
40432800
3f5be000
404ee000
3f4ec000
3fe83000
3fb96000
40004800
3fa84000
400d4000
3f987000
40197000
3f8c5000
40266800
3f817000
40329800
3f70a000
403f9000
3f60c000
404bc000
3f524000
3fe37000
3fbf8000
3ffbd000
3fad0000
400af000
3f9d0000
40172000
3f901000
40242800
3f84c000
40305800
3f774000
403d6000
3f65a000
40499000
3f574000
3fdcb000
3fc58000
3ff51000
3fb1c000
40079000
3fa10000
4013c000
3f935000
4020c800
3f878000
402cf800
3f7bc000
403a0000
3f69a000
40463000
3f5ac000
3fd70000
3fcc7000
3fef8000
3fb76000
4004d800
3fa5c000
40111800
3f974000
401e3000
3f8ae000
402a7000
3f80b000
40378800
3f6ec000
40443000
3f5fc000
40514800
3f514000
3fe99000
3fbbf000
4001e000
3fa92000
400e2000
3f9ac000
401b3800
3f8d8000
40277800
3f835000
40349000
3f73e000
4040d000
3f63c000
404de800
3f54c000
3fe3e000
3fc2e000
3ffe3000
3faec000
400b6800
3f9f8000
40189000
3f917000
4024e000
3f86b000
40320800
3f798000
403e5800
3f68e000
404b8000
3f594000
3fdd2000
3fc8e000
3ff77000
3fb38000
40080800
3fa38000
40153000
3f94b000
40218000
3f897000
402ea800
3f7e0000
403af800
3f6ce000
40482000
3f5cc000
3fd77000
3fcfd000
3ff1e000
3fb92000
40055000
3fa84000
40128800
3f98a000
401ee800
3f8cd000
402c2000
3f81d000
4038c800
3f72c000
40460000
3f620000
40526000
3f542000
3febb000
3fbdd000
40023800
3fac1000
400f7000
3f9c4000
401bd000
3f8fb000
40290800
3f849000
40356800
3f774000
4042a000
3f660000
404f0000
3f57a000
3fe60000
3fc4c000
3ffee000
3fb1b000
400cb800
3fa10000
40192800
3f93a000
40267000
3f87f000
4032e000
3f7ce000
40402800
3f6b2000
404c9800
3f5c2000
3fdf4000
3fcac000
3ff82000
3fb67000
40095800
3fa50000
4015c800
3f96e000
40231000
3f8ab000
402f8000
3f80b000
403cc800
3f6f2000
40493800
3f5fa000
3fd99000
3fd1b000
3ff29000
3fbc1000
4006a000
3fa9c000
40132000
3f9ad000
40207800
3f8e1000
402d2000
3f83c000
403a7800
3f750000
4046f800
3f654000
40545000
3f562000
3fec2000
3fc13000
40036800
3fadd000
400fe800
3f9ec000
401d4000
3f911000
4029c000
3f868000
40371800
3f798000
40439800
3f694000
4050f000
3f59a000
3fe67000
3fc82000
4000a000
3fb37000
400d3000
3fa38000
401a9800
3f950000
40272800
3f89e000
40349000
3f7f2000
40412000
3f6e6000
404e8800
3f5e2000
3fdfb000
3fce2000
3ffa8000
3fb83000
4009d000
3fa78000
40173800
3f984000
4023c800
3f8ca000
40313000
3f81d000
403dc000
3f726000
404b2800
3f61a000
3fda0000
3fd51000
3ff4f000
3fbdd000
40071800
3fac4000
40149000
3f9c3000
40213800
3f900000
402eb000
3f850000
403b5000
3f786000
4048c800
3f678000
40556800
3f590000
3fee4000
3fc31000
4003c000
3fb0c000
40113800
3fa04000
401dd800
3f934000
402b5000
3f87c000
4037f000
3f7ce000
40456800
3f6b8000
40520800
3f5c8000
3fe89000
3fca0000
4000f800
3fb66000
400e8000
3fa50000
401b3000
3f973000
4028b800
3f8b2000
40356800
3f814000
4042f000
3f70a000
404fa000
3f610000
3fe1d000
3fd00000
3ffb3000
3fbb2000
400b2000
3fa90000
4017d000
3f9a7000
40255800
3f8de000
40320800
3f838000
403f9000
3f74a000
404c4000
3f648000
3fdc2000
3fd6f000
3ff5a000
3fc0c000
40086800
3fadc000
40151000
3f9ec000
4022a800
3f916000
402f6800
3f86f000
403d0000
3f7aa000
4049c000
3f6ac000
40575800
3f5b0000
3feeb000
3fc67000
4004f000
3fb28000
4011b000
3fa2c000
401f4800
3f94a000
402c0800
3f89b000
4039a000
3f7f2000
40466000
3f6ec000
4053f800
3f5e8000
3fe90000
3fcd6000
40022800
3fb82000
400ef800
3fa78000
401ca000
3f989000
40297000
3f8d1000
40371800
3f826000
4043e800
3f73e000
40519000
3f630000
3fe24000
3fd36000
3ffd9000
3fbce000
400b9800
3fab8000
40194000
3f9bd000
40261000
3f8fd000
4033b800
3f84a000
40408800
3f77e000
404e3000
3f668000
3fdc9000
3fda5000
3ff80000
3fc28000
4008a800
3fb0b000
40166000
3fa04000
40234000
3f939000
4030f800
3f883000
403dd800
3f7e0000
404b9000
3f6d0000
40587000
3f5de000
3ff0d000
3fc85000
40054800
3fb57000
40130000
3fa44000
401fe000
3f96d000
402d9800
3f8af000
403a7800
3f814000
40483000
3f710000
40551000
3f616000
3feb2000
3fcf4000
40028000
3fbb1000
40104800
3fa90000
401d3800
3f9ac000
402b0000
3f8e5000
4037f000
3f841000
4045b800
3f762000
4052a800
3f65e000
3fe46000
3fd54000
3ffe4000
3fbfd000
400ce800
3fad0000
4019d800
3f9e0000
4027a000
3f911000
40349000
3f865000
40425800
3f7a2000
404f4800
3f696000
3fdeb000
3fdc3000
3ff80000
3fc5b000
4009d800
3fb27000
4016d800
3fa2c000
4024b000
3f94f000
4031b000
3f8a2000
403f8800
3f802000
404c8800
3f704000
405a6000
3f5fe000
3ff14000
3fcbb000
40067800
3fb73000
40137800
3fa6c000
40215000
3f983000
402e5000
3f8ce000
403c2800
3f826000
40492800
3f744000
40570000
3f636000
3feb9000
3fd2a000
4003b000
3fbcd000
4010c000
3fab8000
401ea800
3f9c2000
402bb800
3f904000
4039a000
3f853000
4046b000
3f796000
40549800
3f67e000
3fe4d000
3fd8a000
40005000
3fc19000
400d6000
3faf8000
401b4800
3f9f6000
40285800
3f930000
40364000
3f877000
40435000
3f7d6000
40513800
3f6b6000
405de000
3f5e4000
3ffa2000
3fc79000
400a3000
3fb56000
40182800
3fa44000
40254800
3f972000
40334000
3f8b6000
40406000
3f81d000
404e5800
3f728000
405b7800
3f62c000
3ff36000
3fcd9000
4006d000
3fba2000
4014c800
3fa84000
4021e800
3f9a6000
402fe000
3f8e2000
403d0000
3f841000
404af800
3f768000
40581800
3f664000
3feda000
3fd4b000
4003f000
3fbf8000
4011f800
3fad6000
401f1800
3f9eb000
402d2000
3f91f000
403a4000
3f87a000
40484800
3f7bc000
40556800
3f6bc000
3fe66000
3fdb3000
40005000
3fc4c000
400e5800
3fb1a000
401b7800
3fa23000
40298000
3f94f000
4036a000
3f8a2000
4044a800
3f802000
40524000
3f6f6000
40604800
3f5fc000
3ffb6000
3fca4000
400bc800
3fb5e000
4018f800
3fa6b000
40271000
3f986000
40344000
3f8d5000
40425800
3f833000
404f8800
3f750000
405da000
3f64c000
3ff42000
3fd0c000
40082800
3fbb2000
40155800
3faaf000
40237000
3f9be000
4030a000
3f905000
403eb800
3f85b000
404be800
3f798000
405a0000
3f68c000
3fedf000
3fd83000
40052000
3fc14000
40126000
3faff000
40208800
3fa01000
402dc800
3f93f000
403bf000
3f88c000
40493000
3f7f2000
40575800
3f6dc000
3fe6b000
3fdeb000
40018000
3fc68000
400ec000
3fb43000
401ce800
3fa39000
402a2800
3f96f000
40385000
3f8b4000
4045e800
3f81e000
40541000
3f71a000
40615000
3f62c000
3ffd8000
3fcc2000
400c1000
3fb8f000
401a4800
3fa83000
40279800
3f9aa000
4035d000
3f8e9000
40432000
3f84f000
40515800
3f774000
405ea800
3f67c000
3ff64000
3fd2a000
40087000
3fbe3000
4016a800
3fac7000
4023f800
3f9e2000
40323000
3f919000
403f8000
3f877000
404db800
3f7bc000
405b0800
3f6bc000
3ff01000
3fda1000
40056800
3fc45000
4013b000
3fb17000
40211000
3fa25000
402f5800
3f953000
403cb800
3f8a8000
404b0000
3f80b000
40586000
3f70c000
3fe8d000
3fe09000
4001c800
3fc99000
40101000
3fb5b000
401d7000
3fa5d000
402bb800
3f983000
40395000
3f8cf000
40479800
3f830000
4054f800
3f750000
40634000
3f64c000
3ffdd000
3fcfa000
400d4000
3fbab000
401ab000
3faac000
40290800
3f9c0000
40367800
3f909000
4044d000
3f861000
40524000
3f7aa000
40609800
3f69c000
3ff69000
3fd62000
4009a000
3fbff000
40171000
3faf0000
40256800
3f9f8000
4032d800
3f939000
40413000
3f889000
404ea000
3f7f2000
405cf800
3f6dc000
3ff06000
3fdd9000
40069800
3fc61000
40141800
3fb40000
40228000
3fa3b000
40300000
3f973000
403e6800
3f8ba000
404be800
3f826000
405a5000
3f72c000
3fe92000
3fe41000
4002f800
3fcb5000
40107800
3fb84000
401ee000
3fa73000
402c7800
3f9a1000
403ae000
3f8e3000
40486000
3f84c000
4056c800
3f774000
40644800
3f67c000
3ffff000
3fd18000
400d8800
3fbdc000
401c0000
3fac4000
40299000
3f9e4000
40380800
3f91d000
40459800
3f87d000
40541000
3f7ce000
4061a000
3f6cc000
3ff8b000
3fd80000
4009e800
3fc30000
40186000
3fb08000
4025f000
3fa1c000
40346800
3f94d000
4041f800
3f8a5000
40507000
3f80b000
405e0000
3f70c000
3ff28000
3fdf7000
4006e000
3fc92000
40156800
3fb58000
40230800
3fa5f000
40319000
3f987000
403f3000
3f8d6000
404db800
3f838000
405b5800
3f75c000
3feb4000
3fe5f000
40034000
3fce6000
4011c800
3fb9c000
401f6000
3fa9d000
402de800
3f9b7000
403b8800
3f903000
404a1000
3f85e000
4057b000
3f7aa000
40663800
3f69c000
40002000
3fd50000
400eb800
3fbf8000
401c6800
3faed000
402b0000
3f9fa000
4038b000
3f93d000
40474800
3f88f000
4054f800
3f802000
40639000
3f6ec000
3ff90000
3fdb8000
400b1800
3fc4c000
4018c800
3fb31000
40276000
3fa32000
40351000
3f96d000
4043a800
3f8b7000
40515800
3f826000
405ff000
3f72c000
3ff2d000
3fe2f000
40081000
3fcae000
4015d000
3fb81000
40247800
3fa75000
40323800
3f9a7000
4040e000
3f8e8000
404ea000
3f853000
405d4800
3f77c000
3feb9000
3fe97000
40047000
3fd02000
40120800
3fbc7000
4020b000
3fab5000
402e7000
3f9db000
403d1800
3f917000
404ad800
3f87a000
40598000
3f7ce000
40674000
3f6cc000
40013000
3fd6e000
400f0000
3fc29000
401db800
3fb05000
402b8800
3fa1e000
403a4000
3f951000
40481000
3f8ab000
4056c800
3f814000
40649800
3f71c000
3ffb2000
3fdd6000
400b6000
3fc7d000
401a1800
3fb49000
4027e800
3fa56000
4036a000
3f981000
40447000
3f8d3000
40532800
3f838000
4060f800
3f75c000
3ff4f000
3fe4d000
40085800
3fcdf000
40172000
3fb99000
40250000
3fa99000
4033c800
3f9bb000
4041a800
3f904000
40507000
3f865000
405e5000
3f7ac000
3fedb000
3feb5000
40047000
3fd2f000
40133800
3fbe3000
40211800
3fade000
402fe000
3f9f1000
403dc000
3f937000
404c8800
3f88c000
405a6800
3f802000
40693000
3f6ec000
40015800
3fda6000
40103000
3fc45000
401e2000
3fb2e000
402cf800
3fa34000
403ae800
3f971000
4049c000
3f8bd000
4057b000
3f82f000
40668800
3f73c000
3ffb7000
3fe0e000
400c9000
3fc99000
401a8000
3fb72000
40295800
3fa6c000
40374800
3f9a1000
40462000
3f8e5000
40541000
3f853000
4062e800
3f77c000
3ff54000
3fe85000
40098800
3fcfb000
40178800
3fbc2000
40267000
3faaf000
40347000
3f9db000
40435800
3f916000
40515800
3f880000
40604000
3f7cc000
406dd800
3f6dc000
40058000
3fd4d000
40138000
3fc14000
40226800
3faf6000
40306800
3fa15000
403f5000
3f94b000
404d5000
3f8a8000
405c3800
3f814000
406a3800
3f71c000
40026800
3fdc4000
40107800
3fc76000
401f7000
3fb46000
402d8000
3fa58000
403c7800
3f985000
404a8800
3f8d9000
40598000
3f841000
40679000
3f76c000
3ffd9000
3fe2c000
400cd800
3fcca000
401bd000
3fb8a000
4029e000
3fa90000
4038d800
3f9b5000
4046e800
3f901000
4055e000
3f865000
4063f000
3f7ac000
3ff6d000
3fea9000
40097800
3fd2a000
40188000
3fbe3000
40269000
3fadc000
40359800
3f9fa000
4043a800
3f942000
4052b000
3f88f000
40613800
3f808000
40704000
3f704000
40061000
3fd80000
40151800
3fc22000
40232800
3fb1d000
40323000
3fa28000
40404000
3f96b000
404f4800
3f8be000
405d5800
3f82c000
406c6000
3f744000
4002b800
3fdfb000
4011d000
3fc88000
401ff000
3fb71000
402f0800
3fa6f000
403d2800
3f9a9000
404c4000
3f8f3000
405a6000
3f859000
40697800
3f794000
3ffdb000
3fe67000
400df000
3fce0000
401c1000
3fbb9000
402b2800
3faab000
40394800
3f9dd000
40486000
3f91f000
40568000
3f87d000
40659800
3f7d4000
3ff70000
3fee2000
400aa800
3fd46000
4018d800
3fc0d000
40280000
3faf2000
40363000
3fa1b000
40455800
3f954000
4053e000
3f8af000
40630800
3f81a000
40713800
3f734000
40072000
3fd9e000
40155000
3fc54000
40247800
3fb35000
4032a800
3fa4d000
4041d000
3f97f000
40500000
3f8db000
405f2800
3f83e000
406d5800
3f774000
4003c800
3fe19000
40120800
3fcba000
40214000
3fb89000
402f8000
3fa94000
403eb800
3f9bd000
404cf800
3f910000
405c3000
3f86b000
406a7000
3f7c4000
3fffd000
3fe85000
400e2800
3fd12000
401d6000
3fbd1000
402ba000
3fad0000
403ad800
3f9f1000
40491800
3f93c000
40585000
3f88f000
40669000
3f802000
3ff92000
3ff00000
400ae000
3fd78000
401a2800
3fc25000
40287800
3fb17000
4037c000
3fa2f000
40464800
3f96c000
40559000
3f8c1000
4063e000
3f835000
40732800
3f754000
40073800
3fdd7000
40168000
3fc70000
4024d000
3fb5f000
40341800
3fa63000
40426800
3f9a0000
4051b000
3f8ed000
40600000
3f859000
406f4800
3f794000
4003e000
3fe52000
40133800
3fcd6000
40219800
3fbb3000
4030f000
3faaa000
403f5000
3f9de000
404ea800
3f922000
405d0800
3f886000
406c6000
3f7e4000
40000000
3febe000
400f5800
3fd2e000
401db800
3fbfb000
402d1000
3fae6000
403b7000
3fa12000
404ac800
3f94e000
40592800
3f8aa000
40688000
3f812000
3ff95000
3ff39000
400c1000
3fd94000
401a8000
3fc4f000
4029e800
3fb2d000
40387000
3fa4c000
4047d800
3f980000
40564800
3f8de000
4065b000
3f847000
40742000
3f784000
40084800
3fdf5000
4016b800
3fca2000
40262000
3fb77000
40349000
3fa88000
4043f800
3f9b4000
40526800
3f90a000
4061d000
3f86b000
40704000
3f7c4000
4004f000
3fe70000
40137000
3fd08000
4022e800
3fbcb000
40316800
3facf000
4040e000
3f9f2000
404f6000
3f93f000
405ed800
3f898000
406d5800
3f80a000
40011000
3fedc000
400f9000
3fd60000
401f0800
3fc13000
402d8800
3fb0b000
403d0000
3fa26000
404b8000
3f96b000
405af800
3f8bc000
40697800
3f82a000
3ffb7000
3ff57000
400c4800
3fdc6000
401bd000
3fc67000
402a5800
3fb59000
4039e000
3fa62000
40487000
3f9a1000
4057f800
3f8f0000
40668800
3f862000
40761000
3f7a4000
40086000
3fe2e000
4017e800
3fcbe000
40267800
3fba1000
40360000
3fa9e000
40449000
3f9d5000
40541800
3f91c000
4062a800
3f886000
40723000
3f7e4000
40050800
3fea9000
4014a000
3fd24000
40234000
3fbf5000
4032d800
3fae5000
40417800
3fa13000
40511000
3f951000
405fb000
3f8b3000
406f4800
3f81a000
40012800
3ff15000
4010c000
3fd7c000
401f6000
3fc3d000
402ef800
3fb21000
403d9800
3fa47000
404d3000
3f97d000
405bd000
3f8d7000
406b6800
3f83a000
3ffba000
3ff90000
400d7800
3fde2000
401c0000
3fc98000
402ba800
3fb71000
403a5800
3fa87000
404a0000
3f9b5000
4058b000
3f90d000
40685800
3f874000
40770800
3f7d4000
40097000
3fe4c000
40182000
3fcf0000
4027c800
3fbb9000
40367800
3fac3000
40462000
3f9e9000
4054d000
3f939000
40647800
3f898000
40732800
3f80a000
40061800
3fec7000
4014d800
3fd56000
40249000
3fc0d000
40335000
3fb0a000
40430800
3fa27000
4051c800
3f96e000
40618000
3f8c5000
40704000
3f832000
40023800
3ff33000
4010f800
3fdae000
4020b000
3fc55000
402f7000
3fb46000
403f2800
3fa5b000
404de800
3f99a000
405da000
3f8e9000
406c6000
3f852000
3ffdc000
3ffae000
400d6800
3fe19000
401d3000
3fcb4000
402c0000
3fb9b000
403bc800
3fa9d000
404a9800
3f9d6000
405a6000
3f91f000
40693000
3f88f000
4078f800
3f7f4000
40098800
3fe85000
40195000
3fd0c000
40282000
3fbe3000
4037e800
3fad9000
4046b800
3fa0a000
40568000
3f94b000
40655000
3f8b3000
40751800
3f81a000
40063000
3ff00000
40160800
3fd72000
4024e800
3fc37000
4034c000
3fb20000
4043a000
3fa48000
40537800
3f980000
40625800
3f8e0000
40723000
3f842000
40025000
3ff6c000
40122800
3fdca000
40210800
3fc7f000
4030e000
3fb5c000
403fc000
3fa7c000
404f9800
3f9ac000
405e7800
3f904000
406e5000
3f862000
407cd800
3f7d4000
400e7800
3fe37000
401d6800
3fce6000
402d5000
3fbb3000
403c4000
3fac2000
404c2800
3f9ea000
405b1800
3f93c000
406b0000
3f8a1000
4079f000
3f812000
400a9800
3fea3000
40198800
3fd3e000
40297000
3fbfb000
40386000
3fafe000
40484800
3fa1e000
40573800
3f968000
40672000
3f8c5000
40761000
3f832000
40074000
3ff1e000
40164000
3fda4000
40263800
3fc4f000
40353800
3fb45000
40453000
3fa5c000
40543000
3f99d000
40642800
3f8f2000
40732800
3f85a000
40036000
3ff8a000
40126000
3fdfc000
40225800
3fc97000
40315800
3fb81000
40415000
3fa90000
40505000
3f9c9000
40604800
3f916000
406ed000
3f88f000
407ec800
3f7f4000
3f8f7000
3f660000
3f9f8000
3f4ea000
3fae8000
3f3d8000
3fbe9000
3f2d6000
3fcd9000
3f20e000
3fdda000
3f156000
3feca000
3f0b6000
3ffcb000
3f022000
3f8b3000
3f6d8000
3f9b4000
3f54a000
3faa4000
3f428000
3fba5000
3f316000
3fc95000
3f246000
3fd96000
3f186000
3fe86000
3f0de000
3ff87000
3f04a000
3f880000
3f76e000
3f983000
3f5c6000
3fa75000
3f490000
3fb78000
3f36c000
3fc6a000
3f292000
3fd6d000
3f1c8000
3fe5f000
3f118000
3ff62000
3f082000
3f83c000
3f7e6000
3f93f000
3f626000
3fa31000
3f4e0000
3fb34000
3f3ac000
3fc26000
3f2ca000
3fd29000
3f1f8000
3fe28000
3f144000
3ff2b000
3f0a0000
4000e800
3f014000
3f919000
3f69c000
3fa0d000
3f53a000
3fb12000
3f408000
3fc06000
3f312000
3fd0b000
3f236000
3fdff000
3f186000
3ff04000
3f0da000
3fff8000
3f04c000
3f8d5000
3f714000
3f9c9000
3f59a000
3face000
3f458000
3fbc2000
3f352000
3fcc7000
3f26e000
3fdbb000
3f1b6000
3fec0000
3f102000
3ffb4000
3f074000
3f8a2000
3f7aa000
3f998000
3f616000
3fa9f000
3f4c0000
3fb95000
3f3a8000
3fc9c000
3f2ba000
3fd92000
3f1f8000
3fe99000
3f13c000
3ff8f000
3f0ac000
3f85e000
3f811000
3f954000
3f676000
3fa5b000
3f510000
3fb51000
3f3e8000
3fc58000
3f2f2000
3fd57000
3f220000
3fe5e000
3f168000
3ff54000
3f0ce000
4002d800
3f034000
3f92a000
3f6f6000
3fa33000
3f572000
3fb2b000
3f44c000
3fc34000
3f33e000
3fd2c000
3f26c000
3fe35000
3f1aa000
3ff2d000
3f108000
4001b000
3f06c000
3f8e6000
3f76e000
3f9ef000
3f5d2000
3fae7000
3f49c000
3fbf0000
3f37e000
3fce8000
3f2a4000
3fdf1000
3f1da000
3fee9000
3f130000
3fff2000
3f094000
3f8b3000
3f802000
3f9be000
3f64e000
3fab8000
3f504000
3fbc3000
3f3d4000
3fcbd000
3f2f0000
3fdc8000
3f21c000
3fec2000
3f16a000
3ffcd000
3f0cc000
3f86f000
3f83e000
3f97a000
3f6ae000
3fa74000
3f554000
3fb7f000
3f414000
3fc7e000
3f324000
3fd89000
3f248000
3fe83000
3f198000
3ff8e000
3f0f2000
40044000
3f05e000
3f94c000
3f732000
3fa48000
3f5c2000
3fb55000
3f47c000
3fc51000
3f37a000
3fd5e000
3f294000
3fe5a000
3f1da000
3ff67000
3f12c000
40031800
3f096000
3f908000
3f7aa000
3fa04000
3f622000
3fb11000
3f4cc000
3fc0d000
3f3ba000
3fd1a000
3f2cc000
3fe16000
3f20a000
3ff23000
3f154000
4000f800
3f0be000
3f8d5000
3f820000
3f9d3000
3f69e000
3fae2000
3f534000
3fbe0000
3f410000
3fcef000
3f318000
3fded000
3f24c000
3fefc000
3f18e000
3fffa000
3f0f6000
3f891000
3f85c000
3f98f000
3f6fe000
3fa9e000
3f584000
3fb9d000
3f458000
3fcac000
3f350000
3fdaa000
3f27e000
3feb9000
3f1bc000
3ffb7000
3f120000
40063000
3f07e000
3f95d000
3f78c000
3fa6e000
3f5fa000
3fb6e000
3f4c0000
3fc7f000
3f3a6000
3fd7f000
3f2ca000
3fe90000
3f1fe000
3ff90000
3f15a000
40050800
3f0b6000
3f919000
3f802000
3fa2a000
3f65a000
3fb2a000
3f510000
3fc3b000
3f3e6000
3fd3b000
3f302000
3fe4c000
3f22e000
3ff4c000
3f182000
4002e800
3f0de000
3f8e6000
3f84d000
3f9f9000
3f6d6000
3fafb000
3f578000
3fc0e000
3f43c000
3fd10000
3f34e000
3fe23000
3f270000
3ff25000
3f1bc000
4001c000
3f116000
3f8a2000
3f889000
3f9b5000
3f736000
3fab4000
3f5ce000
3fbc7000
3f488000
3fcc9000
3f38c000
3fddc000
3f2a6000
3fede000
3f1ec000
3fff1000
3f144000
40079800
3f0a8000
3f97f000
3f7c8000
3fa83000
3f64a000
3fb98000
3f4f0000
3fc9c000
3f3e2000
3fdb1000
3f2f2000
3feb5000
3f22e000
3ffca000
3f17e000
40067000
3f0e0000
3f93b000
3f820000
3fa3f000
3f6aa000
3fb54000
3f540000
3fc58000
3f422000
3fd6d000
3f32a000
3fe71000
3f25e000
3ff86000
3f1a6000
40045000
3f108000
3f908000
3f86b000
3fa0e000
3f726000
3fb25000
3f5a8000
3fc2b000
3f478000
3fd42000
3f376000
3fe48000
3f2a0000
3ff5f000
3f1e0000
40032800
3f140000
3f8c4000
3f8a7000
3f9c3000
3f78c000
3fada000
3f606000
3fbe0000
3f4cc000
3fcf7000
3f3b8000
3fdfd000
3f2dc000
3ff14000
3f210000
4000d000
3f172000
40098800
3f0c8000
3f990000
3f811000
3faa9000
3f682000
3fbb1000
3f534000
3fcca000
3f40e000
3fdd2000
3f328000
3feeb000
3f252000
3fff3000
3f1ac000
40086000
3f100000
3f94c000
3f84d000
3fa65000
3f6e2000
3fb6d000
3f584000
3fc86000
3f44e000
3fd8e000
3f360000
3fea7000
3f282000
3ffaf000
3f1d4000
40064000
3f128000
3f919000
3f898000
3fa34000
3f75e000
3fb3e000
3f5ec000
3fc59000
3f4a4000
3fd63000
3f3ac000
3fe7e000
3f2c4000
3ff88000
3f20e000
40051800
3f160000
400d1000
3f0ca000
3f9e5000
3f7c8000
3faef000
3f656000
3fc0a000
3f4fc000
3fd14000
3f3f4000
3fe2f000
3f304000
3ff39000
3f240000
4002a000
3f196000
400af000
3f0f2000
3f9b2000
3f82f000
3fabe000
3f6d2000
3fbdb000
3f564000
3fce7000
3f44a000
3fe04000
3f350000
3ff10000
3f282000
40016800
3f1d0000
4009c800
3f12a000
3f96e000
3f86b000
3fa7a000
3f732000
3fb97000
3f5b4000
3fca3000
3f48a000
3fdc0000
3f388000
3fecc000
3f2b2000
3ffe9000
3f1f8000
4007a800
3f152000
3f93b000
3f8b6000
3fa49000
3f7ae000
3fb68000
3f61c000
3fc76000
3f4e0000
3fd95000
3f3d4000
3fea3000
3f2f4000
3ffc2000
3f232000
40060800
3f19c000
400f0000
3f0ea000
3f9f6000
3f811000
3fb15000
3f68e000
3fc23000
3f540000
3fd42000
3f420000
3fe50000
3f33a000
3ff6f000
3f264000
4003e800
3f1c4000
400ce000
3f112000
3f9c8000
3f859000
3fae9000
3f6f2000
3fbf7000
3f5ae000
3fd18000
3f478000
3fe26000
3f38e000
3ff47000
3f2b6000
4002a800
3f1fa000
400bb000
3f152000
3f97c000
3f89d000
3fa9d000
3f762000
3fbab000
3f606000
3fccc000
3f4c0000
3fdda000
3f3ce000
3fefb000
3f2ee000
40004800
3f22a000
40095000
3f17a000
3f941000
3f8f0000
3fa64000
3f7ee000
3fb74000
3f676000
3fc97000
3f51e000
3fda7000
3f422000
3feca000
3f338000
3ffe7000
3f266000
40085000
3f1ac000
4010d000
3f11c000
3fa25000
3f824000
3fb35000
3f6ba000
3fc58000
3f56e000
3fd68000
3f458000
3fe8b000
3f362000
3ff9b000
3f29e000
4005f000
3f1dc000
400e7000
3f144000
3f9ea000
3f877000
3fafc000
3f746000
3fc21000
3f5de000
3fd33000
3f4b6000
3fe58000
3f3b6000
3ff6a000
3f2e8000
40047800
3f21e000
400d0800
3f17c000
3f99e000
3f8bb000
3fab0000
3f7b6000
3fbd5000
3f636000
3fce7000
3f4fe000
3fe0c000
3f3f6000
3ff1e000
3f320000
40021800
3f24e000
400aa800
3f1a4000
3f963000
3f90e000
3fa77000
3f821000
3fb9e000
3f6a6000
3fcb2000
3f55c000
3fdd9000
3f44a000
3fef6000
3f35a000
4000e800
3f28a000
40098800
3f1dc000
4012c000
3f13c000
3fa34000
3f853000
3fb5b000
3f6f2000
3fc6f000
3f5b4000
3fd96000
3f484000
3feaa000
3f39a000
3ffd1000
3f2c2000
40072800
3f20c000
40106000
3f164000
3f9f9000
3f8a6000
3fb22000
3f77e000
3fc38000
3f624000
3fd61000
3f4e2000
3fe77000
3f3ee000
3ffa0000
3f30c000
4005b000
3f24e000
400ef800
3f19c000
3f9ad000
3f8ea000
3fad6000
3f7ee000
3fbec000
3f67c000
3fd15000
3f52a000
3fe2b000
3f42e000
3ff54000
3f344000
40035000
3f27e000
400c9800
3f1c4000
3f972000
3f93d000
3fa9d000
3f83d000
3fbb5000
3f6ec000
3fce0000
3f588000
3fdfd000
3f47a000
3ff28000
3f382000
40020000
3f2bc000
400b5800
3f200000
40141800
3f166000
3fa56000
3f871000
3fb6e000
3f746000
3fc99000
3f5e4000
3fdb1000
3f4c2000
3fedc000
3f3c2000
3fff4000
3f2f4000
4008f800
3f230000
4011b800
3f18e000
3fa1b000
3f8c4000
3fb35000
3f7d2000
3fc62000
3f654000
3fd7c000
3f520000
3fea9000
3f416000
3ffc3000
3f33e000
40078000
3f272000
40105000
3f1c6000
3f9cf000
3f908000
3fae9000
3f821000
3fc16000
3f6ac000
3fd30000
3f568000
3fe5d000
3f456000
3ff77000
3f376000
40052000
3f2a2000
400df000
3f1ee000
3f994000
3f95b000
3fab0000
3f867000
3fbdf000
3f71c000
3fcfc000
3f5d2000
3fe2b000
3f4a6000
3ff47000
3f3ba000
4003b000
3f2e0000
400c9000
3f230000
40160800
3f186000
3fa65000
3f8a0000
3fb94000
3f77e000
3fcb0000
3f62a000
3fddf000
3f4ee000
3fefb000
3f3fa000
40015000
3f318000
400a3000
3f260000
4013a800
3f1ae000
3fa2a000
3f8f3000
3fb5b000
3f805000
3fc79000
3f69a000
3fdaa000
3f54c000
3fec8000
3f44e000
3fff9000
3f362000
4008b800
3f2a2000
40124000
3f1e6000
3f9de000
3f937000
3fb0f000
3f83d000
3fc2d000
3f6f2000
3fd5e000
3f594000
3fe7c000
3f48e000
3ffad000
3f39a000
40065800
3f2d2000
400fe000
3f20e000
3f9a3000
3f98a000
3fad6000
3f883000
3fbf3000
3f762000
3fd26000
3f602000
3fe46000
3f4e4000
3ff79000
3f3e2000
4004c800
3f312000
400e6000
3f254000
40176000
3f1b0000
3fa87000
3f8be000
3fba7000
3f7d2000
3fcda000
3f65a000
3fdfa000
3f52c000
3ff2d000
3f422000
40026800
3f34a000
400c0000
3f284000
40150000
3f1d8000
3fa4c000
3f911000
3fb6e000
3f82f000
3fca3000
3f6ca000
3fdc5000
3f58a000
3fefa000
3f476000
4000e000
3f394000
400a8800
3f2c6000
40139800
3f210000
3fa00000
3f955000
3fb22000
3f867000
3fc57000
3f722000
3fd79000
3f5d2000
3feae000
3f4b6000
3ffd0000
3f3cc000
40082800
3f2f6000
40113800
3f238000
3f9c5000
3f9a8000
3fae2000
3f8a9000
3fc19000
3f79a000
3fd3d000
3f648000
3fe74000
3f510000
3ff98000
3f41a000
40067800
3f336000
400f9800
3f284000
40195000
3f1d0000
3fa96000
3f8ed000
3fbcd000
3f805000
3fcf1000
3f6a0000
3fe28000
3f558000
3ff4c000
3f45a000
40041800
3f36e000
400d3800
3f2b4000
4016f000
3f1f8000
3fa5b000
3f940000
3fb94000
3f84b000
3fcba000
3f710000
3fdf3000
3f5b6000
3ff19000
3f4ae000
40029000
3f3b8000
400bc000
3f2f6000
40158800
3f230000
3fa0f000
3f984000
3fb48000
3f883000
3fc6e000
3f768000
3fda7000
3f5fe000
3fecd000
3f4ee000
40003000
3f3f0000
40096000
3f326000
40132800
3f258000
401c1000
3f1c2000
3fb04000
3f8c7000
3fc2c000
3f7ee000
3fd67000
3f678000
3fe8f000
3f54e000
3ffca000
3f442000
40079000
3f368000
40116800
3f2a8000
401aa800
3f1fa000
3fab8000
3f90b000
3fbe0000
3f82f000
3fd1b000
3f6d0000
3fe43000
3f596000
3ff7e000
3f482000
40053000
3f3a0000
400f0800
3f2d8000
40184800
3f222000
3fa7d000
3f95e000
3fba7000
3f875000
3fce4000
3f740000
3fe0e000
3f5f4000
3ff4b000
3f4d6000
4003a800
3f3ea000
400d9000
3f31a000
4016e000
3f25a000
3fa31000
3f9a2000
3fb5b000
3f8ad000
3fc98000
3f798000
3fdc2000
3f63c000
3feff000
3f516000
40014800
3f422000
400b3000
3f34a000
40141800
3f296000
401e0000
3f1e2000
3fb13000
3f8f6000
3fc52000
3f813000
3fd7e000
3f6be000
3febd000
3f57a000
3ffe9000
3f47a000
40094000
3f38c000
4012a000
3f2d8000
401c9800
3f21a000
3fac7000
3f93a000
3fc06000
3f84b000
3fd32000
3f716000
3fe71000
3f5c2000
3ff9d000
3f4ba000
4006e000
3f3c4000
40104000
3f308000
401a3800
3f242000
3fa89000
3f992000
3fbca000
3f88b000
3fcf6000
3f792000
3fe37000
3f62c000
3ff63000
3f51e000
40052000
3f41e000
400e8000
3f344000
40188800
3f28a000
3fa35000
3f9de000
3fb76000
3f8c7000
3fca2000
3f7f2000
3fde3000
3f67c000
3ff0f000
3f566000
40028000
3f456000
400c5800
3f384000
40166000
3f2b4000
401fc000
3f206000
3fb42000
3f909000
3fc70000
3f830000
3fdb3000
3f6ea000
3fee1000
3f5b6000
40012000
3f4a2000
400a9000
3f3ce000
4014a800
3f2f6000
401e1800
3f246000
3faee000
3f955000
3fc1c000
3f86c000
3fd5f000
3f74a000
3fe8d000
3f606000
3ffd0000
3f4ea000
4007f000
3f406000
40120800
3f326000
401b7800
3f276000
3faab000
3f9b0000
3fbdb000
3f8b6000
3fd20000
3f7c2000
3fe50000
3f66c000
3ff95000
3f546000
40062800
3f450000
40105000
3f368000
4019d000
3f2b6000
3fa57000
3f9fc000
3fb87000
3f8f2000
3fccc000
3f811000
3fdfc000
3f6bc000
3ff41000
3f58e000
4003e000
3f480000
400e0800
3f3a8000
40178800
3f2e4000
4021b000
3f226000
3fb4f000
3f93a000
3fc96000
3f84c000
3fdc8000
3f732000
3ff0f000
3f5e2000
40020800
3f4dc000
400c4000
3f3f2000
4015d000
3f326000
40200800
3f266000
3fafb000
3f986000
3fc42000
3f888000
3fd74000
3f792000
3febb000
3f632000
3ffed000
3f524000
4009a000
3f42a000
40133000
3f356000
401d6800
3f296000
3fab8000
3f9e1000
3fc01000
3f8d2000
3fd35000
3f805000
3fe7e000
3f698000
3ffb2000
3f580000
4007d800
3f474000
40117800
3f398000
401bc000
3f2d6000
3fa64000
3fa2d000
3fbad000
3f90e000
3fce1000
3f835000
3fe2a000
3f6e8000
3ff65000
3f5bc000
40057000
3f4a8000
400f1000
3f3da000
40195800
3f308000
4022f800
3f252000
3fb71000
3f958000
3fca7000
3f877000
3fdf2000
3f762000
3ff28000
3f622000
40039800
3f504000
400d4800
3f424000
4017a000
3f34a000
40215000
3f292000
3fb1d000
3f9a4000
3fc53000
3f8b3000
3fd9e000
3f7c2000
3fed4000
3f672000
4000f800
3f54c000
400aa800
3f45c000
40150000
3f37a000
401eb000
3f2c2000
3fada000
3f9ff000
3fc12000
3f8fd000
3fd5f000
3f81d000
3fe97000
3f6d8000
3ffe4000
3f5a8000
4008e000
3f4a6000
40134800
3f3bc000
401d0800
3f302000
3fa86000
3fa4b000
3fbbe000
3f939000
3fd0b000
3f84d000
3fe46000
3f732000
3ff93000
3f5e8000
40065800
3f4e2000
4010c000
3f3fe000
401a8000
3f338000
4024e800
3f272000
3fb7e000
3f989000
3fccd000
3f893000
3fe07000
3f7aa000
3ff56000
3f64e000
40048000
3f53e000
400ef800
3f448000
4018c800
3f37a000
40234000
3f2b2000
3fb2a000
3f9d5000
3fc79000
3f8cf000
3fdb3000
3f805000
3ff02000
3f69e000
4001e000
3f586000
400c5800
3f480000
40162800
3f3aa000
4020a000
3f2e2000
3fae7000
3fa30000
3fc38000
3f919000
3fd74000
3f841000
3fec5000
3f704000
40000800
3f5e2000
400a9000
3f4ca000
40147000
3f3ec000
401ef800
3f322000
3fa93000
3fa7c000
3fbe4000
3f955000
3fd1f000
3f874000
3fe70000
3f762000
3ffac000
3f628000
4007e800
3f50a000
4011c800
3f430000
401c5000
3f35c000
40263000
3f29e000
3fba0000
3f9a7000
3fcde000
3f8be000
3fe31000
3f7da000
3ff6f000
3f68e000
40061000
3f566000
40100000
3f47a000
401a9800
3f39e000
40248800
3f2de000
3fb4c000
3f9f3000
3fc8a000
3f8fa000
3fddd000
3f81d000
3ff1b000
3f6de000
40037000
3f5ae000
400d6000
3f4b2000
4017f800
3f3ce000
4021e800
3f30e000
3fb09000
3fa4e000
3fc49000
3f944000
3fd9e000
3f859000
3fede000
3f744000
40019800
3f60a000
400b9800
3f4fc000
40164000
3f410000
40204000
3f34e000
3fab5000
3fa9a000
3fbf0000
3f97d000
3fd45000
3f890000
3fe85000
3f7aa000
3ffda000
3f654000
4008d000
3f544000
40137800
3f454000
401d7800
3f38c000
40282000
3f2be000
3fbad000
3f9d8000
3fd04000
3f8da000
3fe46000
3f811000
3ff9d000
3f6ba000
4006f800
3f5a0000
4011b000
3f49e000
401bc000
3f3ce000
40267800
3f2fe000
3fb59000
3fa24000
3fcb0000
3f916000
3fdf2000
3f841000
3ff49000
3f70a000
40045800
3f5e8000
400f1000
3f4d6000
40192000
3f3fe000
4023d800
3f32e000
3fb16000
3fa7f000
3fc6f000
3f960000
3fdb3000
3f87d000
3ff0c000
3f770000
40028000
3f644000
400d4800
3f520000
40176800
3f440000
40223000
3f36e000
402c0800
3f2ba000
3fc12000
3f99b000
3fd56000
3f8bb000
3feaf000
3f7da000
3fff3000
3f694000
400a6000
3f56c000
40148000
3f486000
401f4800
3f3b0000
40296800
3f2ea000
3fbcf000
3f9f6000
3fd15000
3f905000
3fe70000
3f829000
3ffb6000
3f6fa000
40088800
3f5c8000
4012b800
3f4d0000
401d9000
3f3f2000
4027c000
3f32a000
3fb7b000
3fa42000
3fcc1000
3f941000
3fe1c000
3f859000
3ff62000
3f74a000
4005e800
3f610000
40101800
3f508000
401af000
3f422000
40252000
3f35a000
3fb38000
3fa9d000
3fc80000
3f98b000
3fddd000
3f895000
3ff25000
3f7b0000
40041000
3f66c000
400e5000
3f552000
40193800
3f464000
40231000
3f3b0000
402df800
3f2da000
3fc1f000
3f9cc000
3fd7c000
3f8d7000
3fec4000
3f811000
40010800
3f6c0000
400b4800
3f5a6000
40163000
3f4aa000
40207000
3f3e0000
402b5800
3f30a000
3fbdc000
3fa27000
3fd3b000
3f921000
3fe85000
3f84d000
3ffe4000
3f726000
40097000
3f602000
40146800
3f4f4000
401eb800
3f422000
4029b000
3f34a000
3fb88000
3fa73000
3fce7000
3f95d000
3fe31000
3f87d000
3ff90000
3f776000
4006d000
3f64a000
4011c800
3f52c000
401c1800
3f452000
40271000
3f37a000
3fb3a000
3fad6000
3fc9b000
3f9a5000
3fde5000
3f8c4000
3ff46000
3f7ee000
40048000
3f6ae000
400f8800
3f596000
401a5000
3f4a6000
40255800
3f3c2000
402fa800
3f30e000
3fc4e000
3f9e6000
3fd98000
3f8f5000
3fef9000
3f828000
40021800
3f6fc000
400d2000
3f5d6000
40177000
3f4e6000
40227800
3f3fa000
402cc800
3f33e000
3fc03000
3fa45000
3fd4f000
3f943000
3feb2000
3f868000
3fffe000
3f76a000
400b0800
3f632000
40156800
3f538000
40208000
3f444000
402ae000
3f37e000
3fba7000
3fa95000
3fcf3000
3f983000
3fe56000
3f89c000
3ffa2000
3f7c2000
40082800
3f67a000
40128800
3f578000
401da000
3f47c000
40280000
3f3ae000
3fb5c000
3faf4000
3fcaa000
3f9d1000
3fe0f000
3f8dc000
3ff5d000
3f818000
40061000
3f6d6000
4010d800
3f5c8000
401c0000
3f4ca000
40267000
3f3f4000
40319800
3f32e000
3fc59000
3fa18000
3fdbe000
3f911000
3ff0c000
3f84d000
40038800
3f728000
400df800
3f610000
40192000
3f50a000
40239000
3f42c000
402eb800
3f35e000
3fc0e000
3fa77000
3fd75000
3f95f000
3fec5000
3f88d000
40016000
3f796000
400be000
3f66c000
40171800
3f55c000
40219800
3f476000
402cd000
3f39e000
3fbb2000
3fac7000
3fd19000
3f99f000
3fe69000
3f8c1000
3ffd0000
3f7ee000
40090000
3f6b4000
40143800
3f59c000
401eb800
3f4ae000
4029f000
3f3ce000
3fb67000
3fb26000
3fcd0000
3f9ed000
3fe22000
3f901000
3ff8b000
3f82e000
40072000
3f712000
40126800
3f5f0000
401cf800
3f4fe000
40284000
3f418000
4032d000
3f35a000
3fc7b000
3fa36000
3fdcd000
3f93d000
3ff36000
3f865000
40044000
3f76a000
400f8800
3f638000
401a1800
3f53e000
40256000
3f450000
402ff000
3f38a000
3fc30000
3fa95000
3fd84000
3f98b000
3feef000
3f8a5000
40021800
3f7d8000
400d7000
3f694000
40181000
3f590000
40236800
3f49a000
402e0800
3f3ca000
3fbd4000
3fae5000
3fd28000
3f9cb000
3fe93000
3f8d9000
3ffe7000
3f818000
400a9000
3f6dc000
40153000
3f5d0000
40208800
3f4d2000
402b2800
3f3fa000
3fb89000
3fb44000
3fcdf000
3fa19000
3fe4c000
3f919000
3ffa5000
3f856000
40089000
3f73e000
40134000
3f62a000
401ea800
3f522000
40295800
3f44a000
4034c000
3f37a000
3fc86000
3fa68000
3fdf3000
3f959000
3ff49000
3f88a000
4005b000
3f796000
40106000
3f672000
401bc800
3f562000
40267800
3f482000
4031e000
3f3aa000
3fc3b000
3fac7000
3fdaa000
3f9a7000
3ff02000
3f8ca000
40038800
3f802000
400e4800
3f6ce000
4019c000
3f5b4000
40248000
3f4cc000
402ff800
3f3ea000
3fbdf000
3fb17000
3fd4e000
3f9e7000
3fea6000
3f8fe000
4000a800
3f82e000
400b6800
3f716000
4016e000
3f5f4000
4021a000
3f504000
402d1800
3f41a000
3fb94000
3fb76000
3fd05000
3fa35000
3fe5e000
3f945000
3ffcf000
3f86e000
40094800
3f780000
4014d000
3f652000
401fa000
3f556000
402b2800
3f46e000
4035f800
3f3a6000
3fca8000
3fa86000
3fe02000
3f985000
3ff73000
3f8a2000
40066800
3f7d8000
4011f000
3f69a000
401cc000
3f596000
40284800
3f4a6000
40331800
3f3d6000
3fc5d000
3fae5000
3fdb9000
3f9d3000
3ff2c000
3f8e2000
40044000
3f823000
400fd800
3f6f6000
401ab800
3f5e8000
40265000
3f4f0000
40313000
3f416000
3fc01000
3fb35000
3fd5d000
3fa13000
3fed0000
3f916000
40016000
3f84f000
400cf800
3f73e000
4017d800
3f628000
40237000
3f528000
402e5000
3f446000
3fbb6000
3fb94000
3fd0f000
3fa68000
3fe84000
3f961000
3ffe2000
3f893000
400ab800
3f7ac000
4015a800
3f68c000
40215000
3f57a000
402c4000
3f4a0000
4037e800
3f3c6000
3fcb3000
3fab8000
3fe28000
3f9a1000
3ff86000
3f8c7000
4007d800
3f802000
4012c800
3f6d4000
401e7000
3f5ba000
40296000
3f4d8000
40350800
3f3f6000
3fc68000
3fb17000
3fddf000
3f9ef000
3ff3f000
3f907000
4005b000
3f839000
4010b000
3f730000
401c6800
3f60c000
40276800
3f522000
40332000
3f436000
3fc0c000
3fb67000
3fd83000
3fa2f000
3fee3000
3f93b000
4002d000
3f865000
400dd000
3f778000
40198800
3f64c000
40248800
3f55a000
40304000
3f466000
403b0800
3f3b2000
3fd31000
3fa86000
3fe93000
3f98d000
40006000
3f8ab000
400b7000
3f7ee000
40173800
3f6b4000
40224800
3f5ae000
402e1000
3f4c4000
40392000
3f3f2000
3fcd5000
3fad6000
3fe37000
3f9cd000
3ffb0000
3f8df000
40089000
3f823000
40145800
3f6fc000
401f6800
3f5ee000
402b3000
3f4fc000
40364000
3f422000
3fc8a000
3fb35000
3fdee000
3fa1b000
3ff69000
3f91f000
40066800
3f85a000
40124000
3f758000
401d6000
3f640000
40293800
3f546000
40345800
3f462000
3fc2e000
3fb85000
3fd92000
3fa5b000
3ff0d000
3f953000
40038800
3f886000
400f6000
3f7a0000
401a8000
3f680000
40265800
3f57e000
40312000
3f4ac000
403cf800
3f3d2000
3fd3c000
3fab8000
3feb9000
3f9a9000
4000f800
3f8d0000
400ce000
3f80d000
40181000
3f6ee000
4023f800
3f5d2000
402f2800
3f4f6000
403b1000
3f412000
3fce0000
3fb08000
3fe5d000
3f9e9000
3ffc3000
3f904000
400a0000
3f839000
40153000
3f736000
40211800
3f612000
402c4800
3f52e000
40383000
3f442000
3fc95000
3fb67000
3fe14000
3fa37000
3ff7c000
3f944000
4007d800
3f870000
40131800
3f792000
401f1000
3f664000
402a5000
3f578000
40364800
3f482000
3fc39000
3fbb7000
3fdb8000
3fa77000
3ff20000
3f978000
4004f800
3f89c000
40103800
3f7da000
401c3000
3f6a4000
4026f800
3f5b4000
4032f000
3f4d0000
403e3000
3f3fe000
3fd6b000
3facb000
3fed3000
3f9c4000
4002a000
3f8e2000
400de000
3f82c000
4019e800
3f716000
40252800
3f60e000
40313000
3f50e000
403c7000
3f442000
3fd07000
3fb23000
3fe6f000
3fa0c000
3fff0000
3f91e000
400ac000
3f85c000
4016c800
3f766000
40220800
3f656000
402e1000
3f54e000
40395000
3f47a000
3fcb4000
3fb8a000
3fe1e000
3fa62000
3ffa1000
3f966000
40085800
3f897000
40147000
3f7ca000
401fc000
3f6b0000
402bd800
3f5a0000
40372800
3f4c2000
3fc50000
3fbe2000
3fdba000
3faaa000
3ff3d000
3f9a2000
40053800
3f8c7000
40115000
3f80d000
401d0800
3f6ee000
40292000
3f5d8000
40347000
3f4f0000
40408800
3f41a000
3fd74000
3faff000
3fef9000
3f9e0000
40032800
3f909000
400f5000
3f842000
401ab000
3f752000
4026d800
3f632000
40323800
3f542000
403e6000
3f462000
3fd10000
3fb57000
3fe95000
3fa28000
40000800
3f945000
400c3000
3f872000
40179000
3f7a2000
4023b800
3f67a000
402f1800
3f582000
403b4000
3f49a000
3fcbd000
3fbbe000
3fe44000
3fa7e000
3ffb2000
3f98d000
4009c800
3f8ad000
40153800
3f803000
40217000
3f6d4000
402ce000
3f5d4000
40391800
3f4e2000
3fc59000
3fc16000
3fde0000
3fac6000
3ff4e000
3f9c9000
4006a800
3f8dd000
40126000
3f829000
401e9800
3f716000
402a0800
3f60e000
40364000
3f514000
4041b000
3f448000
3fd96000
3fb1d000
3ff06000
3fa0e000
40047800
3f921000
400ff800
3f864000
401c4000
3f77a000
4027c000
3f668000
40340800
3f566000
403f8800
3f490000
3fd32000
3fb75000
3fea2000
3fa56000
40015800
3f95d000
400cd800
3f894000
40192000
3f7ca000
4024a000
3f6b0000
4030e800
3f5a6000
403c6800
3f4c8000
3fcdf000
3fbdc000
3fe51000
3faac000
3ffdc000
3f9a5000
400a7000
3f8cf000
4016c800
3f817000
40225800
3f70a000
402eb000
3f5f8000
403a4000
3f510000
3fc7b000
3fc34000
3fded000
3faf4000
3ff78000
3f9e1000
40077800
3f900000
4013d000
3f83f000
401f6000
3f752000
402bb800
3f632000
40374800
3f548000
4043a000
3f468000
3fd9f000
3fb51000
3ff2c000
3fa2a000
40050000
3f948000
40116800
3f87a000
401d0800
3f7b6000
40297000
3f68c000
40351000
3f59a000
40417800
3f4b0000
3fd3b000
3fba9000
3fec8000
3fa72000
4001e000
3f984000
400e4800
3f8aa000
4019e800
3f803000
40265000
3f6d4000
4031f000
3f5da000
403e5800
3f4e8000
3fce8000
3fc10000
3fe77000
3fac8000
3ffed000
3f9cc000
400be000
3f8e5000
40179000
3f835000
40240800
3f72e000
402fb800
3f62c000
403c3000
3f530000
3fc84000
3fc68000
3fe13000
3fb10000
3ff8a000
3fa02000
4008c800
3f918000
40147800
3f861000
4020f000
3f77a000
402ca000
3f668000
40391800
3f56c000
4044c800
3f496000
3fdc1000
3fb6f000
3ff39000
3fa58000
40065000
3f960000
40121000
3f89c000
401e9800
3f7de000
402a5800
3f6c2000
4036e000
3f5be000
4042a000
3f4de000
3fd5d000
3fbc7000
3fed5000
3faa0000
40033000
3f99c000
400ef000
3f8cc000
401b7800
3f817000
40273800
3f70a000
4033c000
3f5fe000
403f8000
3f516000
3fd0a000
3fc2e000
3fe84000
3faf6000
4000b800
3f9e4000
400c8800
3f907000
40192000
3f849000
4024f000
3f764000
40318800
3f650000
403d5800
3f55e000
3fca6000
3fc86000
3fe1d000
3fb3c000
3ffb0000
3fa1e000
40095000
3f93f000
4015e800
3f877000
4021b800
3f7b6000
402e5000
3f68c000
403a2000
3f5a0000
4046b800
3f4b6000
3fdca000
3fba3000
3ff5f000
3fa74000
4006d800
3f987000
40138000
3f8b2000
401f6000
3f80d000
402c0800
3f6e6000
4037e800
3f5f2000
40449000
3f4fe000
3fd66000
3fbfb000
3fefb000
3fabc000
4003b800
3f9c3000
40106000
3f8e2000
401c4000
3f835000
4028e800
3f72e000
4034c800
3f632000
40417000
3f536000
3fd13000
3fc62000
3feaa000
3fb12000
40014000
3fa0b000
400df800
3f91d000
4019e800
3f867000
4026a000
3f788000
40329000
3f684000
403f4800
3f57e000
404b0000
3f4ac000
3fe3f000
3fb5a000
3ffbd000
3fa4c000
400aa000
3f957000
40169000
3f899000
40234800
3f7de000
402f3800
3f6c2000
403bf000
3f5c4000
4047e000
3f4e4000
3fdec000
3fbc1000
3ff6c000
3faa2000
40082800
3f99f000
40142800
3f8d4000
4020f000
3f821000
402cf000
3f71c000
4039b800
3f616000
4045b800
3f52c000
3fd88000
3fc19000
3ff08000
3faea000
40050800
3f9db000
40110800
3f904000
401dd000
3f849000
4029d000
3f764000
40369800
3f656000
40429800
3f564000
3fd35000
3fc80000
3feb7000
3fb40000
40029000
3fa23000
400ea000
3f93f000
401b7800
3f87b000
40278800
3f7be000
40346000
3f6a8000
40401800
3f5b8000
404cf000
3f4cc000
3fe48000
3fb8e000
3ffe3000
3fa68000
400b2800
3f97e000
40180000
3f8af000
40241000
3f80d000
4030e800
3f6e6000
403cf800
3f5f8000
4049d000
3f504000
3fdf5000
3fbf5000
3ff92000
3fabe000
4008b000
3f9c6000
40159800
3f8ea000
4021b800
3f83f000
402ea000
3f740000
403ac000
3f64a000
4047a800
3f54c000
3fd91000
3fc4d000
3ff2e000
3fb06000
40059000
3fa02000
40127800
3f91a000
401e9800
3f867000
402b8000
3f788000
4037a000
3f68a000
40448800
3f584000
3fd3e000
3fcb4000
3fedd000
3fb5c000
40031800
3fa4a000
40101000
3f955000
401c4000
3f899000
40293800
3f7e2000
4034f000
3f6d4000
4041e800
3f5dc000
404e1800
3f4fa000
3fe6a000
3fbac000
3fff0000
3fa96000
400c7800
3f996000
4018a800
3f8d1000
4025a000
3f821000
4031d000
3f71c000
403ec800
3f61c000
404af800
3f532000
3fe1c000
3fc10000
3ffa2000
3fae3000
400a1800
3f9e0000
40164800
3f90e000
40235000
3f857000
402f8000
3f786000
403c8800
3f66a000
4048b800
3f582000
3fdb0000
3fc70000
3ff36000
3fb2f000
4006b800
3fa20000
4012e800
3f942000
401ff000
3f883000
402c2000
3f7ce000
40392800
3f6aa000
40455800
3f5ba000
3fd55000
3fcdf000
3fedd000
3fb89000
40040000
3fa6c000
40104000
3f981000
401d5800
3f8b9000
402a0000
3f814000
40371800
3f708000
40435800
3f60c000
40507000
3f522000
3fe7e000
3fbd7000
40010800
3faa5000
400d4800
3f9bc000
401a6000
3f8e5000
4026a000
3f840000
4033b800
3f750000
403ff800
3f64c000
404d1000
3f55a000
3fe23000
3fc46000
3ffc8000
3faff000
400a9000
3fa08000
4017b800
3f924000
40240800
3f876000
40313000
3f7aa000
403d8000
3f69e000
404aa800
3f5a2000
3fdb7000
3fca6000
3ff5c000
3fb4b000
40073000
3fa48000
40145800
3f958000
4020a800
3f8a2000
402dd000
3f7f2000
403a2000
3f6de000
40474800
3f5da000
3fd5c000
3fd15000
3ff03000
3fba5000
40047800
3fa94000
4011b000
3f997000
401e5800
3f8d4000
402b9000
3f828000
4037f000
3f73e000
40452800
3f630000
40518800
3f550000
3fea0000
3fbf5000
40016000
3fad4000
400e9800
3f9d4000
401af800
3f908000
40283000
3f854000
40349000
3f786000
4041c800
3f670000
404e2800
3f588000
3fe45000
3fc64000
3ffd3000
3fb2e000
400be000
3fa20000
40185000
3f947000
40259800
3f88a000
40320800
3f7e0000
403f5000
3f6c2000
404bc000
3f5d0000
3fdd9000
3fcc4000
3ff67000
3fb7a000
40088000
3fa60000
4014f000
3f97b000
40223800
3f8b6000
402ea800
3f814000
403bf000
3f702000
40486000
3f608000
3fd7e000
3fd33000
3ff0e000
3fbd4000
4005c800
3faac000
40127000
3f9bc000
401fc800
3f8ea000
402c4800
3f847000
4039a000
3f762000
40462000
3f664000
40537800
3f570000
3fea7000
3fc2b000
40029000
3faf0000
400f1000
3f9fc000
401c6800
3f91e000
4028e800
3f873000
40364000
3f7aa000
4042c000
3f6a4000
40501800
3f5a8000
3fe4c000
3fc9a000
3fff9000
3fb4a000
400c5800
3fa48000
4019c000
3f95d000
40265000
3f8a9000
4033b800
3f802000
40404800
3f6f6000
404db000
3f5f0000
3fde0000
3fcfa000
3ff8d000
3fb96000
4008f800
3fa88000
40166000
3f991000
4022f000
3f8d5000
40305800
3f826000
403ce800
3f736000
404a5000
3f628000
3fd85000
3fd69000
3ff34000
3fbf0000
40064800
3fad3000
4013c000
3f9d4000
40206000
3f90d000
402dd800
3f85b000
403a7800
3f798000
4047f000
3f688000
40549000
3f59e000
3fec9000
3fc49000
4002e800
3fb1f000
40106000
3fa14000
401d0000
3f941000
402a7800
3f887000
40371800
3f7e0000
40449000
3f6c8000
40513000
3f5d6000
3fe6e000
3fcb8000
40002000
3fb79000
400da800
3fa60000
401a5800
3f980000
4027e000
3f8bd000
40349000
3f81d000
40421800
3f71a000
404ec800
3f61e000
3fe02000
3fd18000
3ff98000
3fbc5000
400a4800
3faa0000
4016f800
3f9b4000
40248000
3f8e9000
40313000
3f841000
403eb800
3f75a000
404b6800
3f656000
3fda7000
3fd87000
3ff3c000
3fc1f000
40077800
3faef000
40143800
3f9fc000
4021d000
3f923000
402e9000
3f87a000
403c2800
3f7bc000
4048e800
3f6bc000
40568000
3f5be000
3fed0000
3fc7f000
40041800
3fb3b000
4010d800
3fa3c000
401e7000
3f957000
402b3000
3f8a6000
4038c800
3f802000
40458800
3f6fc000
40532000
3f5f6000
3fe75000
3fcee000
40015000
3fb95000
400e2000
3fa88000
401bc800
3f996000
40289800
3f8dc000
40364000
3f82f000
40431000
3f74e000
4050b800
3f63e000
3fe09000
3fd4e000
3ffbe000
3fbe1000
400ac000
3fac8000
40186800
3f9ca000
40253800
3f908000
4032e000
3f853000
403fb000
3f78e000
404d5800
3f676000
405a0000
3f5a4000
3ff5e000
3fc3d000
4007d000
3fb1e000
40158800
3fa14000
40226800
3f946000
40302000
3f88e000
403d0000
3f7f2000
404ab800
3f6e0000
40579800
3f5ec000
3fef2000
3fc9d000
40047000
3fb6a000
40122800
3fa54000
401f0800
3f97a000
402cc000
3f8ba000
4039a000
3f81d000
40475800
3f720000
40543800
3f624000
3fe97000
3fd0c000
4001a800
3fbc4000
400f7000
3faa0000
401c6000
3f9b9000
402a2800
3f8f0000
40371800
3f84a000
4044e000
3f772000
4051d000
3f66c000
3fe2b000
3fd6c000
3ffc9000
3fc10000
400c1000
3fae0000
40190000
3f9ed000
4026c800
3f91c000
4033b800
3f86e000
40418000
3f7b2000
404e2800
3f6c2000
405bf000
3f5c4000
3ff65000
3fc73000
40090000
3fb3a000
40160000
3fa3c000
4023d800
3f95c000
4030d800
3f8ad000
403eb000
3f80b000
404bb000
3f714000
40598800
3f60c000
3fef9000
3fcd3000
4005a000
3fb86000
4012a000
3fa7c000
40207800
3f990000
402d7800
3f8d9000
403b5000
3f82f000
40485000
3f754000
40562800
3f644000
3fe9e000
3fd42000
4002d800
3fbe0000
400fe800
3fac8000
401dd000
3f9cf000
402ae000
3f90f000
4038c800
3f85c000
4045d800
3f7a6000
4053c000
3f68c000
3fe32000
3fda2000
3ffef000
3fc2c000
400c8800
3fb08000
401a7000
3fa03000
40278000
3f93b000
40356800
3f880000
40421000
3f7f2000
404ff800
3f6e6000
405d0800
3f5f2000
3ff87000
3fc91000
40095800
3fb69000
40175000
3fa54000
40247000
3f97f000
40326800
3f8c1000
403f8800
3f826000
404d8000
3f738000
405aa000
3f63a000
3ff1b000
3fcf1000
4005f800
3fbb5000
4013f000
3fa94000
40211000
3f9b3000
402f0800
3f8ed000
403c2800
3f84a000
404a2000
3f778000
40574000
3f672000
3febd000
3fd65000
40030800
3fc0d000
40111000
3fae7000
401e3000
3f9f9000
402c3800
3f92b000
40395800
3f884000
40476000
3f7ce000
40548000
3f6cc000
3fe49000
3fdcd000
3ffed000
3fc61000
400d7000
3fb2b000
401a9000
3fa31000
40289800
3f95b000
40363000
3f8a7000
40443800
3f80c000
40515800
3f708000
405f6000
3f60c000
3ff99000
3fcbe000
400ae000
3fb73000
40181000
3fa7c000
40262800
3f994000
40335800
3f8e1000
40417000
3f83d000
404ea000
3f762000
405cb800
3f65c000
3ff25000
3fd26000
40074000
3fbc7000
40147000
3fac0000
40228800
3f9cc000
402fb800
3f911000
403dd000
3f865000
404b0000
3f7aa000
40591800
3f69c000
3fec2000
3fd9d000
40043800
3fc29000
40117800
3fb10000
401fa000
3fa0f000
402ce000
3f94b000
403b0800
3f896000
40484800
3f802000
40567000
3f6ec000
3fe4e000
3fe05000
40009800
3fc7d000
400dd800
3fb54000
401c0000
3fa47000
40299800
3f975000
4037c000
3f8bb000
40450000
3f828000
40532800
3f72c000
40606800
3f63c000
3ffbb000
3fcdc000
400b2800
3fba4000
40196000
3fa94000
4026b000
3f9b8000
4034e800
3f8f5000
40423800
3f859000
40507000
3f786000
405dc000
3f68c000
3ff47000
3fd44000
40078800
3fbf8000
4015c000
3fad8000
40231000
3f9f0000
40314800
3f925000
403e9800
3f881000
404cd000
3f7ce000
405a2000
3f6cc000
3fee4000
3fdbb000
40048000
3fc5a000
4012c800
3fb28000
40202800
3fa33000
402e7000
3f95f000
403bd000
3f8b2000
404a1800
3f814000
40577800
3f71c000
3fe70000
3fe23000
4000e000
3fcae000
400f2800
3fb6c000
401cc000
3fa6d000
402b0800
3f98b000
40386800
3f8db000
4046b000
3f83a000
40541000
3f762000
40625800
3f65c000
3ffc0000
3fd14000
400c5800
3fbc0000
4019c800
3fabd000
40282000
3f9ce000
40359000
3f915000
4043e800
3f86b000
40515800
3f7bc000
405fb000
3f6ac000
3ff4c000
3fd7c000
4008b800
3fc14000
40162800
3fb01000
40248000
3fa06000
4031f000
3f945000
40404800
3f893000
404db800
3f802000
405c1000
3f6ec000
3fee9000
3fdf3000
4005b000
3fc76000
40133000
3fb51000
40219800
3fa49000
402f1800
3f97f000
403d8000
3f8c4000
404b0000
3f82f000
40596800
3f73c000
3fe75000
3fe5b000
40021000
3fcca000
400fa800
3fb8f000
401e1000
3fa85000
402b9000
3f9af000
4039f800
3f8ef000
40477800
3f856000
4055e000
3f786000
40636000
3f68c000
3ffe2000
3fd32000
400ca000
3fbf1000
401b1800
3fad5000
4028a800
3f9f2000
40372000
3f929000
4044b000
3f887000
40532800
3f7e0000
4060b800
3f6dc000
3ff6e000
3fd9a000
40090000
3fc45000
40177800
3fb19000
40250800
3fa2a000
40338000
3f959000
40411000
3f8af000
404f8800
3f814000
405d1800
3f71c000
3ff0b000
3fe11000
4005f800
3fca7000
40148000
3fb69000
40222000
3fa6d000
4030a800
3f993000
403e4800
3f8e0000
404cd000
3f841000
405a7000
3f76c000
3fe97000
3fe79000
40025000
3fcf3000
4010d800
3fbab000
401e7800
3faae000
402d0000
3f9c5000
403aa000
3f90f000
40492800
3f868000
4056c800
3f7bc000
40655000
3f6ac000
3ffe7000
3fd6a000
400dd000
3fc0d000
401b8000
3fafe000
402a1800
3fa08000
4037c800
3f949000
40466000
3f899000
40541000
3f80b000
4062a800
3f6fc000
3ff73000
3fdd2000
400a3000
3fc61000
4017e000
3fb42000
40267800
3fa40000
40342800
3f979000
4042c000
3f8c1000
40507000
3f82f000
405f0800
3f73c000
3ff10000
3fe49000
40072800
3fcc3000
4014e800
3fb92000
40239000
3fa83000
40315000
3f9b3000
403ff800
3f8f2000
404db800
3f85c000
405c6000
3f78c000
4069f800
3f69c000
40036000
3fd11000
40112000
3fbdc000
401fc800
3fac6000
402d8800
3f9e9000
403c3000
3f923000
4049f000
3f884000
40589800
3f7e0000
40665800
3f6dc000
40004800
3fd88000
400e1800
3fc3e000
401cd000
3fb16000
402aa000
3fa2c000
40395800
3f95d000
40472800
3f8b5000
4055e000
3f81d000
4063b000
3f72c000
3ff95000
3fdf0000
400a7800
3fc92000
40193000
3fb5a000
40270000
3fa64000
4035b800
3f98d000
40438800
3f8dd000
40524000
3f841000
40601000
3f76c000
3ff32000
3fe67000
40077000
3fcf4000
40163800
3fbaa000
40241800
3faa7000
4032e000
3f9c7000
4040c000
3f90e000
404f8800
3f86e000
405d2000
3f7ce000
406be800
3f6bc000
40038800
3fd49000
40125000
3fbf8000
40203000
3faef000
402ef800
3f9ff000
403cd800
3f943000
404ba000
3f896000
40598000
3f80b000
40684800
3f6fc000
40007000
3fdc0000
400f4800
3fc5a000
401d3800
3fb3f000
402c1000
3fa42000
403a0000
3f97d000
4048d800
3f8c7000
4056c800
3f838000
4065a000
3f74c000
3ff9a000
3fe28000
400ba800
3fcae000
40199800
3fb83000
40287000
3fa7a000
40366000
3f9ad000
40453800
3f8ef000
40532800
3f85c000
40620000
3f78c000
3ff37000
3fe9f000
4008a000
3fd10000
4016a000
3fbd3000
40258800
3fabd000
40338800
3f9e7000
40427000
3f920000
40500800
3f88a000
405ef000
3f7f2000
406cf000
3f6ec000
40049800
3fd67000
40129800
3fc29000
40218000
3fb07000
402f8000
3fa23000
403e6800
3f957000
404c6800
3f8b2000
405b5000
3f81d000
40695000
3f72c000
40018000
3fdde000
400f9000
3fc8b000
401e8800
3fb57000
402c9800
3fa66000
403b9000
3f991000
4049a000
3f8e3000
40589800
3f84a000
4066a800
3f77c000
3ffbc000
3fe46000
400bf000
3fcdf000
401ae800
3fb9b000
4028f800
3fa9e000
4037f000
3f9c1000
40460000
3f90b000
4054f800
3f86e000
40630800
3f7bc000
3ff4e000
3fec4000
40088000
3fd40000
40178800
3fbf5000
40259800
3faeb000
4034a000
3fa07000
40432800
3f944000
40523000
3f89d000
40604000
3f811000
406f4800
3f714000
40051800
3fd9b000
40142000
3fc38000
40223000
3fb2f000
40313800
3fa37000
403f4800
3f978000
404e5000
3f8c9000
405c6000
3f835000
406b6800
3f754000
4001c000
3fe16000
4010d800
3fc9e000
401ef800
3fb83000
402e1000
3fa7e000
403c3000
3f9b6000
404b4800
3f8fe000
40596800
3f862000
40688000
3f7a4000
3ffbc000
3fe82000
400cf800
3fcf6000
401b1800
3fbcb000
402a3000
3faba000
40385000
3f9ea000
40476800
3f92a000
40558800
3f886000
4064a000
3f7e4000
3ff51000
3fefd000
4009b000
3fd5c000
4017e000
3fc1f000
40270800
3fb01000
40359000
3fa20000
4044b800
3f958000
4052e800
3f8ba000
40621000
3f823000
40704000
3f744000
40062800
3fdb9000
40145800
3fc6a000
40238000
3fb47000
4031b000
3fa5c000
4040d800
3f98c000
404f0800
3f8e6000
405e3000
3f847000
406c6000
3f784000
4002d000
3fe34000
40111000
3fcd0000
40204800
3fb9b000
402e8800
3faa3000
403dc000
3f9ca000
404c0000
3f91b000
405b3800
3f874000
40697800
3f7d4000
3ffde000
3fea0000
400d3000
3fd28000
401c6800
3fbe3000
402aa800
3fadf000
4039e000
3f9fe000
40482000
3f947000
40575800
3f898000
40659800
3f80a000
3ff73000
3ff1b000
4009e800
3fd8e000
40193000
3fc37000
4027b800
3fb29000
40370000
3fa36000
40455000
3f979000
40549800
3f8cc000
4062e800
3f83e000
40723000
3f764000
40064000
3fdf2000
40158800
3fc86000
4023d800
3fb71000
40332000
3fa72000
40417000
3f9ad000
4050b800
3f8f8000
405f0800
3f862000
406e5000
3f7a4000
4002e800
3fe6d000
40124000
3fcec000
4020a000
3fbc5000
402ff800
3fab9000
403e5800
3f9eb000
404db000
3f92d000
405c1000
3f88f000
406b6800
3f7f4000
3ffe1000
3fed9000
400e6000
3fd44000
401cc000
3fc0d000
402c1800
3faf5000
403a7800
3fa1f000
4049d000
3f959000
40583000
3f8b3000
40678800
3f81a000
3ff76000
3ff54000
400b1800
3fdaa000
4019a000
3fc60000
40290800
3fb41000
40377800
3fa5b000
4046e000
3f98d000
40555000
3f8e9000
4064b800
3f850000
40732800
3f794000
40075000
3fe10000
4015c000
3fcb8000
40252800
3fb89000
40339800
3fa97000
40430000
3f9c1000
40517000
3f915000
4060d800
3f874000
406f4800
3f7d4000
4003f800
3fe8b000
40127800
3fd1e000
4021f000
3fbdd000
40307000
3fade000
403fe800
3f9ff000
404e6800
3f94a000
405de000
3f8a1000
406c6000
3f812000
40001800
3fef7000
400e9800
3fd76000
401e1000
3fc25000
402c9000
3fb1a000
403c0800
3fa33000
404a8800
3f976000
405a0000
3f8c5000
40688000
3f832000
3ff98000
3ff72000
400b4800
3fddd000
401ad000
3fc7c000
40296000
3fb6b000
4038e800
3fa71000
40477800
3f9ae000
40570000
3f8fb000
40659000
3f86b000
40751800
3f7b4000
40076800
3fe49000
4016f000
3fcd4000
40258000
3fbb3000
40350800
3faad000
40439800
3f9e2000
40532000
3f927000
4061b000
3f88f000
40713800
3f7f4000
40041000
3fec4000
4013a800
3fd3a000
40224800
3fc07000
4031e000
3faf4000
40408000
3fa20000
40501800
3f95c000
405eb800
3f8bc000
406e5000
3f822000
40003000
3ff30000
400fc800
3fd92000
401e6800
3fc4f000
402e0000
3fb30000
403ca000
3fa54000
404c3800
3f988000
405ad800
3f8e0000
406a7000
3f842000
4078f800
3f794000
400c5800
3fdfb000
401b0800
3fcae000
402ab000
3fb83000
40396000
3fa96000
40490800
3f9c2000
4057b800
3f918000
40676000
3f87d000
40761000
3f7e4000
40087800
3fe67000
40172800
3fd06000
4026d000
3fbcb000
40358000
3fad2000
40452800
3f9f6000
4053d800
3f944000
40638000
3f8a1000
40723000
3f812000
40052000
3fee2000
4013e000
3fd6c000
40239800
3fc1f000
40325800
3fb19000
40421000
3fa34000
4050d000
3f979000
40608800
3f8ce000
406f4800
3f83a000
40014000
3ff4e000
40100000
3fdc4000
401fb800
3fc67000
402e7800
3fb55000
403e3000
3fa68000
404cf000
3f9a5000
405ca800
3f8f2000
406b3000
3f86b000
407ae800
3f7b4000
400c7000
3fe34000
401c3800
3fcca000
402b0800
3fbad000
403ad000
3faac000
4049a000
3f9e3000
40596800
3f92a000
40683800
3f898000
40780000
3f802000
40089000
3fea0000
40185800
3fd22000
40272800
3fbf5000
4036f000
3fae8000
4045c000
3fa17000
40558800
3f956000
40645800
3f8bc000
40742000
3f822000
40053800
3ff1b000
40151000
3fd88000
4023f000
3fc49000
4033c800
3fb2f000
4042a800
3fa55000
40528000
3f98b000
40616000
3f8e9000
40713800
3f84a000
40015800
3ff87000
40113000
3fde0000
40201000
3fc91000
402fe800
3fb6b000
403ec800
3fa89000
404ea000
3f9b7000
405d2800
3f912000
406d0000
3f87d000
407be000
3f7e4000
400d8000
3fe52000
401c7000
3fcfc000
402c5800
3fbc5000
403b4800
3fad1000
404b3000
3f9f7000
405a2000
3f947000
406a0800
3f8aa000
4078f800
3f81a000
4009a000
3febe000
40189000
3fd54000
40287800
3fc0d000
40376800
3fb0d000
40475000
3fa2b000
40564000
3f973000
40662800
3f8ce000
40751800
3f83a000
40064800
3ff39000
40154800
3fdba000
40254000
3fc61000
40344000
3fb54000
40443800
3fa69000
40533800
3f9a8000
40633000
3f8fb000
40723000
3f862000
40026800
3ffa5000
40116800
3fe12000
40216000
3fca9000
40306000
3fb90000
40405800
3fa9d000
404ee000
3f9da000
405ed800
3f924000
406dd800
3f898000
407dd000
3f802000
44b4b000
403c2000
4c37f000
447ce000
bea8d000
cb85e000
45aca000
3fa87000
4b804000
39910000
358c2000
44f04000
4094d800
4fbc2000
bcc7a000
bc402000
42f17000
438d6000
3da7c800
4e3b9000
b7259000
b9160000
bfec6000
b9002000
ceeb5000
c1a64000
40c8f800
2f0a1000
36412000
43933000
37aa7000
368fc000
bcf84000
b957e000
4226d800
3ac13000
37c2b000
480d4000
3f3d6800
4d452000
c4fc1000
bd91d000
3ab5b000
44e44000
bd3cd800
ca5d6000
c7495800
bc914000
3e61e000
48395000
43b0f000
41891000
4a894000
45a06000
c6325000
bfb72000
330bb000
43b18000
bd62f000
cbcce000
c58b3000
c1820000
4ae3a800
3aff4000
42bfb000
3c60a000
b8dd1000
c591f000
bb503000
cc2ae000
ca292000
c3dfe000
390a9000
37a08000
3a2a2000
45999000
c1034000
b71ee000
bdcb0000
b1fce000
be017000
c9fc0000
c1d04000
b768a000
c79dd000
b7021000
be5d8000
b1d78000
416b4000
3365f000
c8876800
c3548000
407ae800
377b4000
47a3f000
3e449000
b944c800
c8496000
bf6e1000
bea34000
47728000
47d7a000
cbee5000
c4fc4000
3c63f000
37d6e000
3bd2a000
4c177000
b67c5000
c354c000
bdd24000
c5fce000
c8351000
ba59a000
c8e67000
c6682000
b4b3a000
bd3d2000
41c6b000
481a4000
47ccf000
3e728000
35b56800
41014000
44c44000
37e1e000
3b798000
463c5000
38f06000
43898000
3d1a1800
46b49000
c9367000
b8b1c000
c6259000
c6266000
bf278000
b6c1f000
c31d7000
b745c000
38072000
47712000
336f8000
42376000
3fb44000
460d5000
c3330000
be9b1000
3715e800
3c24a000
ba575000
b6358000
b55e8800
ba63c000
31537800
3f980000
bd704000
b4744000
c321b000
ba93b000
b8da1000
c3eac000
41ad0000
4c3d1000
42ae4800
33be6000
331b4000
3d199000
436f4800
4d83a000
c2a42000
cc9b1000
b321d000
bc9c1000
b332e000
c031c000
4f04a800
40494000
419d0000
4cdda000
3a875800
4311b000
4a727000
432b8000
3f220000
3dacd000
ba97b000
bf48c000
48035800
364b8000
435bf000
4a5c4000
3a41a000
39996000
b6892000
b7f00000
afc71000
bfba7000
b5bd3800
c3e3c000
c9cf1000
c6ed4000
bd894800
b5fac000
4bc23000
41928000
3bca5000
4b6f8000
3e412000
48d54000
3ecea000
3b200000
41ed6000
352d0000
b86d6000
be0cb000
c401c800
b8a32000
b7192800
b893a000
4acbc000
44342000
c3302000
cb0e7000
c81de000
bfdea000
38613000
3f9c2000
37f77000
449f4000
c74f6000
c493f000
c0d4f800
caf50000
ba3c7000
c6af6000
bcb35800
c6bf2000
40979800
4ade4000
478d4800
481bc000
b97b6000
b7a16000
b584c800
c4399000
3707e800
3d33a000
3fd89000
3074a000
c84cd000
bc374000
bd8d3000
c1129000
3a742000
41852000
4bbf7000
3adea000
ca6ef000
be0a5000
bcdd5000
ca901000
bb173800
b7374000
bda87000
b6ada000
3f021000
47b32000
bed7d000
c236e000
475a0000
47551000
c088c000
c7b4c000
40085800
37897000
42de6000
43a57000
bf23f000
ba46c000
b7807000
b9297000
4cad0800
4233f000
33193800
40464000
43c36000
435f6000
bde5e000
ca5d4000
453dc000
44ca0000
44285000
3c534000
bb01c800
c5ce4000
4b00a800
3c818000
c247f000
c2688000
c24d3800
c78e8000
45108000
36ef6000
c61cf800
bd9dc000
bf494000
cea98000
b107a000
c088c000
bcb39000
c0bae000
399a0800
36c10000
31058000
3ea68000
433fd000
44c4c000
44e2f000
38ba4000
35a8d800
3cd06000
bb332000
baa72000
3a038800
387d8000
3cba6000
38de4000
44ebc000
4accd000
41416000
35850000
47072800
3a20c000
3cfe4000
3287a000
464f6000
40029000
ce1c3000
bf03e000
b8709000
c7d64000
bacc1000
b9941000
ba6ce000
b7574000
3c1c4800
45936000
b846a000
bba92000
c5bf7000
b4dea000
4043f000
3fade000
3b02d800
4b034000
c582d000
be04f000
b98dd800
b4af0000
351ce000
3a5b8000
38a13800
36e34000
c1082800
af8dc000
41e70000
4d762000
be8fa800
b938f000
4153b000
3ad06000
bba7f000
bced4000
cc973800
bceb4000
37118000
40a48000
c1a7c800
c7d62000
3efab000
32e73000
c0414000
bd72a000
38ed3000
47c22000
3b9a3800
3446e000
44b48000
43867000
42c92000
4da22000
4cc46000
433b0000
b7677000
bc950000
35416000
3a76e000
b49f1800
be08e000
3e434000
42a76000
c5c05000
ca237000
32811000
406dc000
c1ff1000
bb54a000
33b05000
3ea70000
4455e000
3f80b000
48f88000
422ac000
c401e000
ccdb5000
4e528000
3ee30000
b3aea000
bb1c2000
bf61c000
cfce0000
3f4c6000
44ac0000
b56fd000
c26d3000
c3963000
bd220000
3ee70000
4b762000
3d5c3800
45814000
c1838800
c5549000
c201e000
c0024000
3cacc800
3c359000
41399800
385f4000
43fea000
43032000
3ba90000
4794d000
359b0800
39a14000
ba419000
ca021000
c055b000
bb315000
c21f8800
bc3ce000
bd6e5000
b7e0a000
38a17000
37904000
b6565000
c68b3000
42a04000
49e00000
3c940800
36e3e000
c9afd000
c23f0000
c223c800
bc69e000
3cd7d000
455fa000
460ac000
3b5de000
3532f000
3924a000
bf2cd000
b69de000
3a391800
3a9f4000
478ab800
3cfd8000
bd81b000
ba0c3000
c4b42000
bc20a000
b6c8a000
c0b35000
40016000
3c9f0000
bebeb000
b201d000
b41e6000
c0eba000
479a7800
43168000
ba926000
bcfa4000
c8010800
b9402000
ba115800
c5174000
c789f000
baad2000
40973800
47972000
37ff5000
45ca8000
c7ce1000
c00f1000
bd9ba800
c0344000
3c038800
39886000
bea82000
bfa6d000
c512a000
b9442000
40a00000
37dbc000
bc205800
ba546000
41ade000
438e9000
b7739000
bb606000
c2b0b000
bdbde000
398f7000
3c820000
bd1e1000
b242e000
bb112000
bed58000
3e4e1000
3c005000
c3506000
beeb8000
c0c9f000
b6dce000
c94bb000
c3714000
c42c2000
cba9c000
c4903800
b2fda000
3c92e800
47079000
caaef000
bbb1a000
c5552000
bd53c000
3665d000
38cfa000
3bac1000
46498000
41dc5000
4e979000
46d88000
3a29a000
ccba9000
c04dc000
bfbb8800
ba2b7000
c487f000
bb8e6000
bb6ce000
ca252000
43d02000
419af000
41f23000
4e042000
37046800
40e61000
330d5000
3eed8000
cf274800
beae7000
cf297000
bd2a6000
38ad6800
47181000
c0ae7000
badb4000
c5cd8000
c362c000
c35f8000
b8e68000
b84cf000
c4bb2000
358c3000
3cf2a000
41c34000
4eb62000
40611000
501b1000
c68bd000
bb0fc000
43101000
485b4000
3d3fa000
3c851000
4ca00000
40aaa000
39553000
3c8fd000
bf882000
c9298000
31d21000
3c340000
b8a20000
bd2cd000
3d427000
425fa000
4aaea800
3c002000
3cd98000
41ff2000
bc181000
b5434000
44c75000
3522b000
c1ca8800
cde7a000
cc970000
bb119000
363a7800
38750000
d03e6000
be462000
b939e000
c2446000
b41f6000
c2871000
3eed5000
3daa0000
40100800
4d768000
bf368000
af105000
3ca78000
3513b000
c5c49000
cb0ad000
3ac91000
48228000
3ecb4000
3d193000
cb7dc000
bfa94000
c6b81000
b9d38000
c6d6b000
bc3ce000
b7dfb000
c5ce2000
3cf52000
479ae000
367c6000
3daf0000
460e5000
3b80d000
37bb5000
3b01d000
40b19000
42187000
39e02000
45985000
c0071800
d03f4000
c29b6800
b1afe000
cc07b000
bb084000
46b84000
38aef000
bbc8f800
c50a1000
3e82c800
3959b000
360dc800
401b0000
c7252000
c20b1000
43319000
47d24000
39669000
427c4000
3e185800
4178e000
c4c75800
bff20000
cbb5f000
bee88000
41a0b000
40257000
c080e800
c6a66000
383fe800
3e4cc000
407e1000
39cb2000
3e319000
3c1c6000
4b573800
3f69c000
b6abe800
b9e9e000
b24cd000
bf093000
46ce1000
44c8e000
46880000
4284d000
461a3000
4aae6000
31457000
3d308000
37183800
3d3ec000
385d2000
4037e000
c6990000
c386b000
be92a000
c6ad8000
437bd000
42bda000
c978f800
c7794000
bf569000
af1b9000
c8b8a000
ba5f4000
40a65000
36ed4000
c6678800
bc80a000
33354000
3c1af000
c1990000
c976e000
406d3000
44a88000
c4a3e000
c0aea000
b5dbb000
bc270000
3dac1800
33141000
c1979000
b8ff2000
c4ad1800
c828d000
c4b1e000
bebaa000
39037000
3c966000
bf5c7000
c22d8000
3c1e4000
3de86000
4022a800
36c79000
cd394000
c0f0e000
4142e000
39385000
ba1e8000
c3eee000
b39e1800
c0e30000
3aac0000
41afe000
c56d9000
b6005000
c7f1e000
c4c94000
ba1b7800
b96ee000
364ee000
3d55c000
3d4d4000
4714f000
31990000
3f732000
ba37f000
c7a80000
bec66000
beeec000
446f8000
45ab8000
c2824000
b5133000
ca7e7000
bea66000
bf619000
c6d92000
36520000
44c40000
c0012800
c4c06000
c0815800
c8dbe000
b0ce5000
bf0c9000
3acd3000
3583c000
c1b8c800
b6014000
bb580000
c11a9000
bd2bd800
b9b0f000
3b9fa000
479b5000
3f133000
4c604000
c490e800
ba9bc000
bd2c6000
c8a82000
453df000
3c317000
4b371800
417e0000
bda6d800
b7a92000
c4934000
c2e2a000
c614c000
c5089000
47493000
37d5a000
bd92d000
ccc62000
4db2e000
3e065000
c8d20000
bd392000
4104f000
4ee70000
bcc93800
b6128000
c178a000
b6ef8000
44848800
453ba000
bfc63000
af15d000
46c95000
41c77000
c2926800
cd496000
bdfb6000
cd5a6000
41534000
3e913000
c3ed5000
b530a000
cc838800
bbed0000
b6d37000
c54de000
31960000
3cbf2000
3a8c0000
3a50c000
3741f800
378a5000
b7a3d800
c80b5000
38802800
3a12a000
3a62f000
39b04000
42475000
4de3e000
ba393800
c48aa000
ce876000
bf0e8000
b2d74000
be19e000
4a57f000
40aca000
3f893000
47074000
c5a53800
c3108000
41f99000
33666000
34c65800
41238000
bff11000
cc921000
b50b6000
ba10c000
33089000
3c7c2000
bd937800
bbc54000
bad69000
b9532000
4e90b000
41f30000
c10d5000
c3e9c000
42b0f000
367d2000
3a990000
47732000
41099800
36b48000
3f60a800
316bc000
bda74000
b68cf000
3a27a000
41911000
b7a58000
c2aee000
b28d1800
c1038000
b1925800
bf238000
c16bf000
c2470000
41baf000
42662000
c2202800
bd7b6000
3d93f000
4a294000
c83a1800
c7a4d000
41467800
4a814000
402c7000
43a10000
c1c20800
bdd0a000
c0a41000
b1035000
40478800
32786000
3b055000
3404a000
ce7d6000
bd37e000
3999a000
42277000
49b2b800
4214f000
c3963000
b262a000
311cd000
3de02000
38372000
3e358000
c7958800
c4a30000
bff13800
bbfb4000
bbf23000
c6f44000
3444e000
3bcda000
3e32f000
344d0000
36aa0000
43fd0000
b663b000
c0a3a000
3e1a7000
3dac9000
cca1b000
c313b000
441c3000
34020000
3e397000
3b154000
bf47e000
b3b24000
af278000
c008f000
46a62000
3ecd0000
c1bbb000
c20d8000
429e5000
3ad98000
c359e000
baff2000
cd6bd000
bc565000
3a05d000
3d10e000
47e19000
3d592000
b6709000
c08b4000
49b9a000
3efaa000
3fda7000
3d921000
3a704000
34832000
3a816800
3d8d8000
bc132000
c2546000
40215800
31ac1000
457b6000
41da6000
c4a60000
c7478000
b7b31000
be324000
be52b000
ce88f000
c895b000
b8a6e000
cfc2e800
c0002000
380af000
4750a000
481b7800
4187b000
3df65000
40951000
b2010800
bf6c0000
bc382800
c83e2000
ba8f1000
c6b20000
c0b72000
af129000
37843800
3c978000
c0864800
ce484000
3ba47800
4a275000
c1e5f000
b935e000
c090e800
cb526000
4393a800
47017000
4724d000
4533e000
cad1f000
bf3be000
3966f000
45cc2000
c1713800
bc774000
bf6f9000
c64d3000
b759a000
bc21f000
3ee72000
36e8c000
ca97a000
c38bd000
c124b000
b94ec000
c3bd5000
b7636000
b82aa800
c6848000
4b882000
436ca000
3b497000
4bdb6000
c30b6800
bd716000
be119800
b69cc000
ccdf9000
c2e6c000
b7524000
c2cf0000
3fc04800
3e093000
be113800
c095c000
b6997000
c033d000
b6a77000
bb7d2000
35315000
449b3000
bdd52000
b68f5000
b6b35800
c02b1000
415ef000
3cd8e000
c5bd1800
c4e1a000
41851800
3f59b000
c494b000
c1d48000
b9c7e000
b616f000
4b138800
3aad1000
b7e83000
c1d5a000
36469000
3a860000
c38d7000
c1b7a000
b1e60000
bc26a000
4094f000
4fd8c000
c0b7f000
bba9a000
4205e000
45b65000
3bb42800
46d88000
c4ee2000
b3798000
b6850800
bf378000
c39e2800
cbc4e000
40af0000
3dbda000
463bc000
3bb2c000
31335000
3ce82000
b97f2000
bb894000
b4e19000
c5c6d000
bed18000
cc478000
3e876000
3cd42000
cd728000
c3114000
4ee75000
3f0e8000
b9cc7800
ba160000
bf155000
c85f2000
bf1ce800
ce694000
3af7a000
42b88000
477f9000
43f12000
47da3000
3e93f000
4886e800
40a7e000
50bbd800
3ec6e000
c8d87000
bb4be000
35c59000
3cff2000
c8fdc000
bcfae000
3f800800
48b82000
47297000
38b08000
39827000
3d23e000
cab9d000
c1458000
383ad800
3c9f1000
3e543000
43ed2000
3f7da000
310f7000
3bb3d800
3827d000
35aca800
3d3a7000
41950000
349d8000
4ad21000
3cb66000
af220000
c0193000
be43d800
bb71c000
4a126000
417a4000
b60b7800
bfb81000
41116800
3c112000
bf8fd800
af90c000
41c49800
4ac78000
3afa2000
34ae3000
b715a800
bfb3b000
41713800
4b794000
bd387000
bc88e000
430e0800
473a8000
c0a82000
b2069000
bfa3b000
bd642000
4cb16800
3ae2e000
b6b9d000
b7458000
3f8f1000
3309e000
b5b50000
bdb96000
3b12a000
3eeba000
cb21b800
c5803000
bbae6000
b2eb0000
bc9ff800
b3c72000
b9cea000
c9fce000
400e3800
33ae8000
b487d800
c3fd8000
397fa000
3764c000
3cb35800
342b1000
cd448000
bf6a6000
3dbb8800
48e3a000
c1a41000
bb00d000
39198000
47e16000
bdea2800
b1efc000
46185000
4a947000
40845800
4631a000
4bfbf000
42522000
4302d000
4876a000
c1f00000
b41d4000
382e9000
47091000
34b2e800
3cc7a000
bf409000
b205e000
bb0e8800
b5cee000
38060800
383b2000
bdc22000
c22cc000
c26f0000
b4592000
3a1e8800
38b57000
c522d000
b78ff000
47342000
394a6000
bc1af000
c4422000
c8f8d000
b79ed000
48734000
4594a000
b9003000
b6538000
d138a800
bfa8b000
3c054800
3a118000
3e585000
38949000
b551e800
be5aa000
ba43f000
c03d3000
47b46800
37dcc000
bd241800
c392c000
c4a0e000
c7726000
3e7d4000
49932000
c5ec4000
c07f2000
4008f000
3e990000
b1ab2000
bcb9a000
bd5af000
c0b96000
3c5ce800
4c8aa000
c1953800
c5532000
be28b000
c8f1a000
bd5bb000
b69b6000
3d4f8800
45826000
46c6e000
4618d000
cdd6c800
bf002000
3c7ba000
3e82c000
b706d000
bbba2000
33752000
4312c000
c29fe000
bb586000
b76a0000
b757f000
45db5000
3e9f1000
44472800
405bc000
c7e4e000
b6900000
c3876000
bf0e8000
4036c000
4e45a000
c69f8800
bbe10000
389f7000
448c6000
c06d1000
b8645000
3ef6d000
3a0c0000
c51bd000
c763e000
b3898800
bd8c8000
c0739000
af1bd000
c6c86000
c411f000
3fd1a800
32d6e000
46d54000
4968e000
bbf3f000
c6a38000
35d35000
42c80000
4054a000
40f32000
bc41d000
cbd82000
bdd01000
cc2b8000
c3200000
c1dba000
49208800
3e4d2000
d0a8d800
bfd06000
cbe6d000
ba2d0000
bf44c800
cf496000
c71bc000
c72d6000
b8c06000
b7ff2000
44f1e000
4822e000
41e27800
4a0bc000
41183800
44ac2000
39c9e000
44ef0000
4013d000
44ce4000
d0938000
bf590000
c2bb9000
c158c000
ba372800
b49b7000
3f0fd800
42892000
b9458000
c5962000
3f70b000
3cb2e000
c2831000
c4bf8000
cda65800
bed7e000
34108000
440e3000
c0c02000
d024e000
3e5b5000
4ecea000
3cc71800
321dc000
c2de0000
c41e6000
c31e0000
b4117000
c25dc000
b5aa6000
45229800
422be000
3632a000
403fe000
c6eb4000
baba7000
c9803800
c1ae6000
c9b54800
c2c12000
b45a3000
b99ec000
41d3d000
3e648000
c3ec8000
baa72000
bdf6f000
ce984000
c5983800
babec000
ca868800
b98bc000
4cd96800
3ef3c000
38821800
49018000
cc0b3000
c1f14000
cf558800
be886000
45780000
47428000
45f66000
4a832000
c22e3000
b4644000
b4afb000
c2b6e000
c0122000
c738c000
41e23000
3dc46000
409f1000
40926000
3d4aa000
4816d000
3b56c000
4b923000
40831000
4bd3c000
40beb000
3f00b000
c6e31000
b5e1f000
ba4cc000
c220b000
43a00800
39a66000
4748f800
45950000
b6d7b000
bba6b000
440c5800
392ea000
b9210800
c3a94000
488fd000
3d378000
3635b000
3af62000
bc9b2800
bfa5a000
4085b000
3c2c5000
c93a4800
bfa36000
beb29800
ba2ff000
3cc3a800
35dd6000
3e8f7800
3a11c000
44377800
3e8ab000
45951000
3f1ec000
c05cd000
b82b8000
3dcd7000
3cdb4000
3e0cb000
31350000
c51a1800
b49b0000
b272b000
bbd1a000
b9d70000
c9234000
45adb800
3d1d0000
b80d5000
c2648000
44ba5000
4bbbe000
415ea000
344d3000
402c7800
3f9a1000
c6356800
b885c000
bddf2000
b59fd000
4ec03000
3e472000
46a90800
41049000
3b99a800
370da000
3dcf3000
3d576000
c804f000
c2e70000
41194000
41dae000
3d469000
33921000
42fe3000
43456000
b8367800
b73de000
b778b000
c0018000
c16e8000
caafc000
4d158000
40af5000
c4cbe000
cac17000
bd125000
ba77e000
3f0e1000
31c92000
39c1c800
3b0de000
3f1e5800
372ea000
3758e000
47b60000
3f3e3000
39a68000
b5dfe000
c1c85000
c2e4c000
b7c9a000
bd6ed000
cdcaa000
3abb1000
4ab3f000
3cee1000
425b6000
bd30b000
c33de000
420bf800
4023c000
3d5af000
3e0e5000
3a0ac000
374ea000
3731d000
4730d000
cd094800
c2844000
49dd9000
3cb00000
b2b8f000
c3b21000
c2f32800
b502a000
3f9ee000
4b837000
cccbd000
c12f0000
49e96000
43426000
c09b9000
c4dfa000
b7e1d000
be364000
42834800
40751000
3effd000
335bc000
bc8e0800
b3e36000
40f97000
42d57000
46125000
3f840000
46aaf000
4771e000
c1922000
c3085000
baa56000
b3871000
c680e800
b4a66000
3a180000
428af000
440e1800
33c3e000
b98bf800
c4a3c000
4046a000
44425000
425b2000
3faa0000
bf84e800
afce0000
b93c1000
c35e6000
38872000
3804f000
42cee000
3fd5c000
43918000
3e534000
b893c000
b7056000
b34ef000
be1a1000
4fa35000
3ebce000
4136f000
41ae8000
b92dc000
ca109000
c19a1000
ce83e000
4e474000
412d1000
3e7af000
46505000
44de6000
43464000
c2235000
bf3ce000
bf231000
b6200000
b96a3000
c8bf2000
bd2ab000
cbb83000
b19d9000
c273a000
bc6b5000
c4db4000
c094c000
ba86b000
46eb6000
37dc6000
b68c0000
c0437000
c80d0800
bb764000
b9780000
bca8c000
3ce07000
4377a000
b9845800
ba31a000
bb9ab000
c5c04000
b9185000
b9947000
33c78000
42ca8000
472b3000
458a6000
3d528000
3998b000
cc262800
c22e2000
3e424800
4e780000
3d840000
4a26c000
3a40d800
3c562000
c6eeb000
c2198000
c528d800
c0888000
36308800
3d9a9000
4d46e000
412f4000
c8082000
c6d64000
c1d13000
c2c62000
b8fe0000
c414e000
4e04c000
3d122000
b2c6e000
bd3b6000
42121000
334de000
4478b000
35980000
c18bf800
c948b000
c42cf800
c7814000
bd9da000
b4977000
4388c000
3c3c0000
4147e000
2fd42000
c08fb800
b70c0000
42061000
43d80000
48552000
469b6000
c016a000
cbd80000
c11d0800
b76ee000
3a991800
389f4000
43233000
4a182000
c1da6000
bd3c6000
39a28800
3612e000
c44e1000
bc01d000
b1c82000
c1147000
beb27800
b2ec2000
3d2da000
32e06000
46081000
463a8000
b2f8f800
bd02a000
36824000
3b97a000
be42f800
c55a0000
3b4e3800
3d89e000
b420a800
bd8a2000
bd35d800
c2977000
46a25000
427aa000
c9b99800
c6bca000
beb44800
bdba2000
370fa800
378d7000
bcf86000
b8d48000
3536c000
3aa50000
bb646000
b4059000
bdf4c000
ccb8d000
3e05e800
3a91e000
bd0e9800
bd9d4000
cfedb000
c0a80000
cca7d000
c2e8c000
49881800
3de54000
bc15c000
b23d4000
4d19d800
404fa000
be2d6000
bf083000
bbb65000
c052c000
4d166800
3fd4e000
ba2b0800
bf56a000
44a56800
381f8000
bb99c000
c967e000
bca45000
c7862000
3c10f000
499c0000
46d80000
43548000
3ad30800
470a6000
cb205800
bbb35000
bab1d800
c5b4a000
b7dcf800
c2edc000
be8f6800
c7133000
be684000
bff16000
cceb1000
c1eec000
39ba8000
3b125000
c402b000
b84ca000
43473000
32459000
b6b2e000
be065000
3e2d6000
4004b000
bd6ec000
c68a2000
40577000
414fd000
b1a1b800
bd017000
4da95800
3d26c000
462e4800
36ba1000
400e7000
402e4000
b2a26800
c3146000
4784d000
377c8000
bb304000
ba864000
c5c77000
b966c000
ccce2800
c0ec2000
40d83000
4715d000
3c9c4000
34fa2000
c515d000
b4326000
41fbe000
4baba000
be7b8000
c7341000
4f87b000
3d884000
b3a30000
bd6f6000
45903000
34127000
4817d000
429a7000
be92e800
ce582000
bcdf2000
c4871000
bf0dd800
b214e000
bcd32800
b2038000
c702a000
be66a000
4b760000
41f20000
cc844000
be00d000
3e272800
4dbf5000
3ac65800
35c7a000
cac11000
b90af000
37a0a800
4240d000
4d484800
3ca1e000
c728d800
b6888000
bb66e000
b9a16000
3fae3000
46e44000
400dd000
38778000
c28b1800
c244c000
c2108800
c0bce000
4172f000
378a0000
ca5b7000
ba2e2000
c00ec800
b09b8000
ca1c9800
c121a000
c0412000
bb19b000
42882000
3e10c000
b8a87800
b8cc6000
38cbe800
3c014000
b328b800
beb5f000
b32fd000
c2bf0000
b496c800
c502b000
3e95e800
31f24000
c84d3000
c7578000
b9ad1800
b6c1a000
bbb48000
c589f000
39721000
3aa76000
3d725000
32027000
b802d000
c84f0000
3700e800
38fb1000
bd329000
bd684000
3d58e000
3a2ae000
c046e800
b74d4000
bf29d000
c6021000
3d7e9000
409f8000
42f17000
358d6000
b515d000
c51aa000
3a0b5000
44a74000
b874e000
c96c4000
b884d000
b783e000
45564000
3727b000
c63a1800
be46c000
c6999800
bc210000
bdb3e800
c71a5000
48e98000
4132e000
b66b0000
bdbbe000
37a0a800
4040d000
408ec000
4f3a4000
bd288000
b1554000
425fd000
4d6ec000
c5952800
c54aa000
44713800
4780a000
42835000
42966000
4105a800
475c4000
be1b9800
c9416000
3b17f000
33020000
3ca96000
469c3000
3775e000
3f43d000
c4bcf000
c99f6000
3dca1000
48b21000
c62cb000
b7e52000
38262800
41994000
bca73000
b4c74000
c3c35800
b7e0c000
472fe000
44572000
c1bf0000
b06d8000
40202800
36817000
47b06000
42dfa000
3d2aa800
329bd000
42b64000
4bf3e000
3a444000
3bf38000
3e856000
30e48000
3ef88000
4520e000
3e537000
3c1f7000
bb332000
c5191000
38c8a000
37b91000
43a6e000
355fa000
3929e000
3817f000
39003000
4720a000
48f61000
3d042000
4933a000
4114d000
4aa47800
3b275000
c487d800
b4f80000
4aa48000
4037d000
cd038800
c06d0000
499c7800
3c473000
37b37000
43a06000
3bc12000
49dec000
c66b2000
bdf42000
c2c7e000
b2ce4000
3fea0800
33ebc000
46be8800
43ef4000
47f6b000
3f99f000
b9a55800
c6bc2000
38c14800
36c92000
b1881800
bd0f3000
bdc65000
b5d00000
bd620000
bb835000
cbaa0800
bb11a000
44dc9000
43da5000
b6252000
c635a000
bb0c4000
b6eba000
4495f800
49f4a000
438a1800
3bdf0000
be6af000
b0551000
3c208000
3f644000
b6cbe000
b9dee000
3921d000
3d524000
3d41e000
4cbaa000
493e6000
4227c000
c1497000
ca15f000
42021800
4b870000
bf7ff000
b0ac6000
bf9c1800
bcaae000
43bf3000
3a83d000
43798000
3d3c5000
c90ee000
c78e3000
4106f000
3e03e000
4582d000
37039000
bf6a4000
c4e1c000
45e7e000
37698000
cd4b9000
bf8a9000
c7070000
c9462000
385ad800
3765c000
b49c6000
bd879000
300ca800
3e308000
c1524000
bc81d000
45b05800
4af74000
bc226000
cd133000
cb869000
c312a000
31c9c000
400bd000
49642800
438f2000
cb4e4800
be88b000
377f9000
4334a000
3846c000
4906a000
c39a2800
cca8e000
c3458000
c93bd000
b5c87000
c24d0000
c7373800
ba432000
c1713800
b07b4000
c42f4000
c9c5c000
413c3000
49608000
c0228000
c680d000
c3ab9000
be440000
34815800
3a5a6000
428c0000
48a84000
b4e17000
bae6c000
39cba000
43096000
465de000
475e4000
45fe7000
45056000
41694000
32569000
ba1ea800
b59c2000
36507000
41865000
433ba000
36f46000
cbd74000
c0d5a000
c4f91000
b39d2000
43861000
41d66000
b583f000
bde46000
c1030000
bdc61000
c20d0800
b417c000
371a1000
3703e000
3fe09000
4c4f2000
babc8800
c90e1000
ce909000
c009d000
40542000
43c20000
3f1bd000
3ac67000
b3bb2000
c1ac7000
c1238800
cfb8f000
cdec8000
bea72000
c9747000
bc3fe000
3087b800
41525000
49e66800
3b086000
c5304000
bcd0c000
34090000
3b36c000
31a53800
42108000
b8417000
c49ad000
bcee9000
b938e000
44605000
37afe000
37b0f000
43762000
42854800
331a5000
4517a000
4934a000
c02d6000
aefb6000
c8541000
c27aa000
4cb20800
42002000
4f566000
3dde4000
3a2d5800
36a73000
4993b000
3d8b6000
c6c1e000
b724b000
3c399800
42931000
3e2fe000
44572000
bcb0d000
c5a2c000
cb0d6000
c23b6000
3fb4d000
2f26e000
3b185800
47d22000
3c821800
38fac000
3801e000
44db5000
3c5f4000
3fb0c000
befab000
af104000
c7689000
c6a28000
38425800
36833000
4fbf2800
3e25b000
4412d000
39462000
36a63000
3d0d3000
3dbba000
3270e000
c647b000
b54c6000
c4b26800
ba267000
c0357800
c49b9000
3964b800
4675c000
c3cd5000
beb4f000
39863000
3587e000
3562b000
45227000
b6713800
c3794000
ba348000
bacbc000
cd761000
bd7c4000
46568000
4870c000
ba7a8000
c0b2c000
45e33000
38e2c000
3c8bf000
48e92000
43474800
495da000
3dcf9000
38c1f000
c1caf800
c9f68000
bbf13800
b606a000
b91e9800
be867000
cb016000
c09f0000
467fe000
42bd0000
3a354800
3ca93000
c0053000
bd13c000
c1736000
c94d9000
4994c000
417e6000
4647d800
39980000
ba468000
b5873000
c813c000
be5f0000
be770000
c289c000
49d1e800
3a15a000
35a2d000
41a22000
4119c000
4695d000
40ba1000
42cf2000
be73d000
bd120000
bdc71800
c31dc000
b275b000
c0a28000
346d3000
3f5ac000
ba8a2000
c1811000
c2fd0000
b3796000
c3566000
be133000
bba39800
bbe32000
3f0e9800
3f78c000
3c1dc000
48db6000
c126c000
b9b3b000
c0def000
bc00b000
3cd85000
34b0e000
ba14b000
bc548000
c4e7e000
bb2c4000
3dda0000
3a1a4000
c781a800
c124d000
b55ba000
c0ac2000
312ba800
3e919000
bdbde000
ba121000
c8751800
c2774000
be1cd000
b41f6000
417a5000
45dde000
bf8a6000
b6caa000
c413b000
c9f14000
3d206800
3a1fa000
411b6800
47b61000
3ca4e000
3ad0c000
be9d4000
bee1e000
3b0f2800
45a5c000
3f5be000
408c5000
c991b000
c0c9e000
bea70800
b6e9e000
b7e1c000
c5859000
45c11000
43ec4000
3bfed000
45fbd000
3a029000
44a23000
4885e000
48230000
c0fbe000
c05f2000
3b3f1800
3c560000
3fc20800
4eef8000
c930e800
c1898000
c633b800
ca85c000
48138000
438b2000
bd786000
bf0c7000
3c27e800
33a56000
bffd7000
afaa8000
3eaa2800
3316f000
b770a000
c6066000
352dd000
3b7f2000
4b8c2800
44fd8000
bc730000
bf0b0000
b89eb000
b7ac2000
40498000
3702f000
3a496800
4a994000
c4961000
ba92e000
48eda000
3f6f0000
c2b84000
b63b8000
4a620000
461dd000
c3a5c800
bab4e000
3a960000
46bf2000
4cd30000
43568000
c95a6800
c37bc000
387ba000
48f4e000
447d6000
3537e000
3e9bc000
3c919000
3bac0800
473e3000
39a54800
47d90000
4da19000
41dbe000
3fae4800
3fbe6000
3e197800
49cb6000
41ba4000
31151000
c10b7800
cd73c000
bead5800
ba273000
4278f800
4e794000
4138c800
4585c000
3843c800
426fa000
b8b49000
bfc1e000
41e5d000
30ca9000
3629e000
3bd84000
c992a000
bd811000
38beb800
36f5a000
499dd000
3af7a000
4119a000
30e4a000
47992000
36f2a000
413c6000
320c5000
c646d000
c136c000
c1d70000
cd0fb000
cda4b000
c214f000
43371800
3e86e000
38f04000
488b1000
c5de4000
c1d8d000
474ba000
3a896000
c9ad0000
c4135000
3ffe1000
2e09e000
416d8000
3493a000
34ba9000
402c6000
4c5ef800
44874000
40921000
3acde000
4a807000
40694000
4c9df800
40bc8000
46a42000
3d526000
c1e70000
c6829000
47656000
47181000
46119800
34aa8000
bbe77000
c9ac8000
bcbca000
cbc60000
3f9bc000
302e1000
c6b00000
b7907000
350f1000
3c3da000
b6864800
be2d3000
4b54f000
3cdce000
474b8000
4530d000
4bac3000
3b821000
48817800
3db86000
c36ef000
bf0a5000
ca0c7000
c0186000
4d0ca800
408d9000
b6963800
c63aa000
c123a000
b8246000
30f71000
408bb000
c9d32800
bf002000
c6016800
bde79000
33236000
3c033000
b9c84000
c0c68000
37751000
4288c000
bd8b6800
cc2d4000
382c9000
461f0000
bf4aa800
c15a2000
44ee1000
35234000
c14f9000
b3a96000
c10bd800
c7190000
b7af3800
c50ae000
bd4ff800
ca89d000
478e9800
362b0000
bfccf000
b71f4000
4cb7f000
3b00b000
4306f800
400d6000
3f06d000
3b64a000
39a54800
350f3000
b9394000
c9f46000
38f64000
3b1ba000
b3dd1800
bc074000
3f5f2000
44266000
b2b26000
bfbe2000
41732000
44667000
c1e78000
c6c91000
c5371800
b5750000
c9088800
b894e000
c08ec000
bbb62000
cd515800
bc814000
40ff6000
454a0000
49d0e000
455b4000
3a011000
34a72000
ca8bd000
b9926000
c18b6800
cb1f8000
c6472800
b95bc000
44a4a000
38bd0000
b9ddd000
ca6ea000
4f483000
4140f000
c179d000
c9181000
3f8fe800
2f414000
bac9a000
cace6000
4bb43000
429a0000
c4742000
c99ce000
c749b000
b9592000
be0ea000
b05d8000
bc996000
cbd4e000
46671000
3c2e8000
bbe70000
b4446000
3fafa000
371b5000
bb2a2800
c2b13000
c5bc4000
b92c2000
41002800
40608000
3cbf8800
3722d000
c2022000
cb94e000
c28d4800
b9c24000
44e7d000
3b412000
ca3b5000
c342e000
bcff3000
b63fe000
3f9aa800
3d4d2000
4f2fd800
3d64e000
bab87000
bc08e000
bf3a5000
c121c000
b8974000
bf91d000
c6596800
b9862000
b2d07000
c202f000
3d6b1000
3f404000
3a864800
36bd2000
34d87000
43dde000
39f5c000
3cb4b000
c71f7000
bc368000
c1d5e000
b4041000
bba9c000
b8068000
bc95d000
cd6d8000
c2fba000
b3862000
bb0c4800
c0c68000
4b747000
3e2f4000
c2be5000
bbd6e000
bc394000
c5f46000
3224d800
412fa000
c0c58800
c1efc000
ba26f800
c75b4000
4fe07000
3e74a000
436bf000
49470000
c0a20800
c0e56000
c4f25000
c01bc000
49ccf000
3dd3c000
417a2000
35ce8000
47bdc000
37137000
c5391000
c78fb000
3f502000
43d3c000
42a10800
4147f000
c957c000
bcd20000
33f80000
44012000
be277000
c830e000
c4541000
c47aa000
3ae31000
33110000
bac81000
bdd02000
b9023000
c5130000
43caa800
49162000
bb845800
b6b8e000
c0411000
b4adc000
3d9dd000
34fa2000
440e6800
383e8000
c1394800
c59dd000
b6f1c000
ba112000
443bd000
45bae000
34891000
442e8000
c3c1a800
bbe2c000
30589800
40814000
3c0ad800
492e4000
3aa38000
357c6000
3ce0e000
325f4000
c5517000
bb0e8000
bba8e000
b516a000
ba019000
c2338000
3f265000
426d4000
38a79000
43126000
be972800
c3c22000
34fe3000
3caec000
b92eb000
c55f8000
3aa39800
4718c000
c1a58800
b7142000
c1bc9000
b1ab3000
3de2f000
32ba4000
31a2e800
41ada000
cdb3d000
c22d6000
49efb000
3f2ee000
463f5000
46b22000
b56d4000
c09ce000
b1587000
be3c0000
bee46000
c7871000
c924e000
bdbef000
c3d52000
cb1b6000
bf664000
b34df000
3ab78800
39eec000
bed0e000
baae0000
3e10c000
39ab8000
b7b06800
c4d1e000
c8cb4000
c5686000
c36ee000
b740a000
b61b6000
c3d7e000
c7290800
b6b41000
bfc2b000
aee82000
38f02000
3769e000
b446f000
c3c38000
bc5e3000
bc76c000
368be000
37e6c000
46556000
3bd44000
4daaf000
3fe44000
b4f44000
bf304000
45267000
4b3f4000
38381000
40eba000
b74f8800
c4750000
be8b7800
cb976000
cc648000
c2aa0000
c86ba000
bf1d6000
b6369000
c519c000
c105e000
c049e000
40ce7000
379dd000
48e0a800
42ebc000
34e0a800
41ebc000
3c145000
47466000
3c776000
35754000
bd29d000
bc021000
33b39000
402f0000
40ee5000
31b68000
400db000
4372c000
360d6800
45196000
48007800
3a45a000
45346000
480e7000
c295e800
c1a4a000
c1f19000
c86b4000
c2202800
b0766000
43cb4000
47d58000
4793a000
3df0e000
379e7000
389c6000
c00e0800
cca28000
3d153000
3a94b000
b757c000
c30d7000
b3273800
c1502000
4c764000
3cf74000
ba8de000
b5b38000
b8664800
c26bc000
b039c000
bf53a000
bf27c000
c1b71000
3bb8c000
3e46c000
473f2000
42f06000
b43b4000
c2a29000
3c850000
3add6000
42baf800
38ece000
47a0a800
3ca9e000
bbde7800
b8e1c000
c52bc000
c70cb000
bfd47800
bfe60000
3f1c4000
4180d000
41f95000
389b7000
bf06e800
cfc3e000
3c7e7000
4a02e000
cdb19000
c1e8c000
cdb59800
bfd46000
ba18a800
c0c76000
4567c000
3c92a000
be78b000
b4580000
40723000
32f86000
42f15000
498ef000
4303c000
4ab0c000
b0136000
be4c2000
34902800
3e01f000
c64ea000
bd520000
41a74000
489a5000
3cd2c000
4bc4c000
b4bce000
c0b08000
bf0bd000
cc646000
43ecd000
3ecdc000
43e77000
3d06b000
b6522800
c3932000
3e3e6800
4b5b6000
49251800
3d39e000
3d598000
33841000
c31e3000
b9576000
be0f4800
ba266000
425ed800
3b6dc000
357aa000
3fd34000
c50d9000
cab88000
c0856000
b3a30000
3a4a9000
3b20e000
c0094000
b4acc000
3d7e0000
40ed2000
31fd4000
3dc3f000
3f30a000
3431e000
3f292000
4d28a000
39b02000
4515d000
4100e800
46c5a000
bf61f000
b0847000
b6d03800
badc6000
3ff65000
43246000
c0116000
b4c61000
c0a2d800
b6278000
c6f04000
c6fa4000
42ab4800
35fe0000
b6360000
b7dc4000
c51ee800
c84ce000
c7e5b000
c07da000
3ba8e000
4aa07000
40bda000
3aac2000
bf619000
b8175000
b54d7000
bb5b4000
47fcb000
44022000
4654d000
3d411000
40b08000
3c9b7000
50366000
3f255000
cec65800
c0c7a000
41148000
4ea40000
c513d800
b7a34000
4e7f1000
3e5da000
b5607000
c1faa000
45a07000
42802000
3965a000
3e859000
32214000
40668000
3e13c000
3e502000
c0ca1800
b3038000
c901e000
c5f96000
4ab55000
3a23a000
b8ee5000
c8fa4000
451a6000
4365e000
c0839000
cc4c3000
ca445000
beb2e000
41568000
4525d000
423c2800
4c798000
ba8bf800
bca3c000
b4d02000
c553c000
34798000
45772000
3986a000
34c22000
c0268000
af18f000
baea0000
b8949000
bd8cf800
b08ee000
ba9f9800
cac32000
c44d1000
c0991000
3f944800
3eed6000
3b1d5800
478b9000
47e90000
37cd6000
418a9800
398b4000
c7ab4000
c794b000
2f487000
3f1f0000
c684d800
c4c6c000
b631a000
bfc60000
bf420800
c9892000
4890e000
40fa2000
bc87f000
c88e6000
c41d9000
c63f2000
b7a02800
c502b000
c2918000
c0248000
c3431000
bc862000
49038800
43818000
42eaa000
43def000
41c90000
326e0000
3e1e6000
3d39e000
c57ba000
bb82c000
bca7b800
bb329000
c09b7800
ca017000
c3d36000
c60ff000
39057000
383c0000
cfa7d000
bee8c000
3ca00800
362a9000
363d0000
3d80b000
45181000
34590000
3bad1000
44bba000
bf50c000
bf066000
4c167800
3eb8d000
c87f5000
bb4a8000
bea7a000
b5e20000
b28fa000
be3e3000
43d89000
3887d000
3b7fa000
3d4e0000
46db2800
43086000
b1494000
be4aa000
c1a4e000
b2ab6000
ca445800
b9566000
37035800
470f8000
bb8ce000
c3912000
be97e000
c60dd000
cabc3000
c2ad6000
4007d000
46c29000
c3f8d000
b69ed000
40893800
419be000
bc348000
c8f0e000
44871000
4b6ac000
469c9000
45333000
cb434800
c35ea000
b3cd5800
bd0d4000
c35a2000
b6cfc000
b6cb2800
c3112000
b9f6e000
cad9a000
4350b000
45faa000
bb10b000
c786f000
3728a000
37013000
c8225000
be25e000
b81ca800
bd3e0000
472c9000
46b1a000
c313a800
c17b6000
40109000
329f8000
3f8b7000
3cfc2000
b925e000
bd282000
3f765000
4d85e000
c57fd000
b9dbc000
45d2e000
446ba000
33403800
426d4000
b9fa2000
be80d000
448c8800
41b68000
4274d000
42bde000
31258800
4089f000
3fe49800
44f1c000
c7a0f000
b6f52000
c4c72000
c02b4000
3ff65000
3e05e000
33140800
3da18000
46234800
3e817000
4855f000
3d065000
c22a7000
cdaa0000
31b65800
4211f000
44af8000
45fce000
c6793000
bdde8000
37583000
37c96000
b5430000
c0c1c000
42afc000
467b6000
467f4000
363bb000
ccd02000
bc9af000
4fd5e000
3e00b000
4b8c4800
40a5a000
40430800
42a27000
43465000
43cf0000
341d1000
3fbef000
49b64000
41f86000
be3ff000
b7446000
43769000
47e10000
c97e1000
b9cb2000
c4a14000
c7815000
c2268000
c0d5e000
3ef98000
432ec000
b9bc6000
bdd4e000
41e0c800
4befc000
c526a000
bb788000
48039800
37254000
3bd88000
3dc19000
391a3800
3a560000
bc64a800
c673c000
bb947000
b3ff2000
46464800
3b96c000
bef25000
c81bc000
c9ebd000
b8b20000
b75b0000
b7470000
3bfa6000
459de000
417d6000
3999a000
c181e000
bc184000
bf4db000
b192d000
c5e31000
b9cb2000
3afb0000
3e4aa000
2f17f800
3f1a6000
452dc800
4a870000
354cf000
439a5000
419c2800
40dc8000
42800800
41de2000
bbf48000
b30b2000
3caaf000
4287c000
c5729000
be3c1000
4a295800
3aa6c000
bc5e3000
c149d000
3caa6800
39ba6000
cd18e000
c3ace000
c1578800
c6862000
4f460000
3d620000
46fc1000
44c31000
47a76800
3b1c3000
3d9d3800
49b6e000
bf8f5000
b5f7a000
bf6be800
b48aa000
caa25800
c008c000
46880800
3dd30000
c0bb9000
bd191000
c08bf800
b5a3c000
bbddd000
b7865000
473ec000
40c5c000
c91f6800
bf22e000
c0bd8000
c9bb2000
420aa000
3b88a000
cd1ec000
bff56000
c0c29000
c08d1000
c5be6800
c3eb0000
3c75c000
4aecc000
3d284800
4a5c6000
be3a1000
b34f2000
4094e800
37b14000
b8f5f000
ba0a6000
c71bd800
c61e6000
3fcc7800
4b160000
b70d6000
baa1c000
43464800
3b586000
3eb35000
35ed4000
33224000
43dbe000
b6941800
c5d7a000
b5334000
c46b0000
b5826800
ba361000
c6b57000
c3e00000
47c3f800
40f60000
3c236000
37604000
b8440000
c931c000
c386c800
bd601000
47487800
3fa07000
c7acb000
bd0cf000
b9005000
be9a2000
be1ab000
b680d000
4481c800
34a30000
bb60e800
cb862000
c7507000
b57aa000
383de000
4238f000
398f8800
36105000
3741d800
414ec000
cf30f000
bf075000
4b0a7000
3e690000
bf8b4800
b0eca000
4fcea000
3f01d000
37626000
430cf000
39c61800
45d68000
426dc000
462ee000
bba91800
c9034000
bf20d000
ce1a4000
ca215000
bc8d6000
4a9f4800
4514a000
3b856000
48499000
418c5000
45f76000
32403800
3e6d4000
c1055000
c7f54000
bd495000
b3d88000
b88f9000
bc560000
3e37f000
39516000
ca160000
c57f2000
b196e000
be131000
448b1000
4b4a0000
c2be0000
be7b6000
ce0c3000
bd72a000
3d08b800
35c14000
cc0ba800
bb21e000
bd356800
b7802000
40a0c000
486f2000
c6361000
c81e0000
c1b94800
c0097000
b9072000
bc15c000
bb8ec800
b4c28000
c5d43000
c8556000
32f61000
43032000
4a8df000
454e0000
c3095800
b8bce000
464fe000
388ef000
3f2ef800
42995000
c54e6000
c52e5000
394c1000
35de6000
4315c800
3359e000
36301000
469d8000
35484000
40358000
35149000
3e220000
caad2800
bc21b000
bf33b800
c1774000
c2bfb000
bf929000
b32ab800
c3bcb000
3e12a000
47ef6000
444bc000
39943000
b5b4d000
be424000
3aa4e000
47f40000
c1e24000
bc486000
38fa6000
3805a000
bbe67800
c8074000
c1795000
cdd46000
448a8000
3c0b8000
413d9000
414f6000
4b3bd000
3b9e4000
49f41000
3a8ee000
4a515000
3cd2a000
431c6800
38aed000
c3284000
c9788000
b8f98000
c741a000
b732d000
b8b3e000
49fdb000
3839e000
37b44000
46490000
30234000
3e053000
bc348000
c8215000
3eb5b000
3e821000
c7893000
c815a000
c48de000
be02c000
cc642800
bb63c000
bbed5800
c6fd4000
c6457000
c0308000
bf188800
b49b2000
42d3c000
47c02000
c34fc000
c9903000
c2580000
b843e000
35b78800
3fcfe000
c3780000
cc1ab000
3d3df800
35a19000
4a45a800
4286a000
3829e800
4236e000
c533c800
c236a000
3e080000
44600000
3d7a4000
3f25e000
47a04000
3cb4e000
459e4000
35ef8000
be300000
bb594000
4a241800
3d5f4000
4b429800
40989000
494be800
3a84a000
3d5f3000
3bb5e000
38431000
3cf4e000
3fe7c000
2f99d000
409e1000
35285000
c28b9000
c68c4000
bc61f000
b2be6000
3fc74800
4ad10000
4154f800
4172c000
be7cc000
c8a54000
c0691000
ceb86000
c8646000
be554000
c5bc7000
c1a3a000
469b9000
44dfa000
3ae76000
3f5f0000
39bf2000
4688a000
3e067800
30336000
36130000
3ae72000
c06ff000
b7d16000
38233000
3671c000
c3b36000
cd258000
31b22000
3c7ee000
44fd8000
40abd000
bd169000
cc380000
3d257000
42ce4000
bec7a800
b8197000
457a5000
4aa20000
43ebd000
4a65c000
43836800
3fe7e000
3dcca800
3f066000
c1770800
b0794000
beca1000
b369c000
41088000
46466000
c48ce000
befc2000
bc797000
cb230000
3bb71800
42002000
3ebf2000
460e9000
3faf8000
4bfaa000
3e9c1800
30261000
b2f62000
bd74a000
44f46000
4980d000
41643000
4b956000
4b2a9800
3e752000
cc132800
bdc4e000
b7b68000
c5197000
cf7b3000
c13b2000
c1431000
c5f4e000
3b4f6000
3f029000
4901c800
3b230000
b88b4800
bf5dd000
4acf0000
3a2c6000
438e6800
401f0000
35a5c800
45f76000
392db800
419d0000
ca115000
c145e000
354ca800
44748000
c4c9c000
c10bd000
40344000
47686000
4740f000
41680000
c12cf800
bb30e000
c0a8e000
c5a07000
414b4000
3e240000
c2bc2800
b3f98000
450df000
3e1ee000
42589000
4301d000
449b3000
49173000
3bb13000
4a65a000
c527c000
b704f000
364db800
42826000
3f2d2800
374b2000
3c880000
3d732000
baca2000
bc7f2000
450c4800
3325a000
c8085800
b9cdf000
c5ab6000
cad1c000
3b381000
34f62000
439b1800
413cb000
33047000
3fd2f000
c4ca1000
bdf56000
46907800
4a476000
3dd5e000
44f86000
43d98000
3ebcf000
c6225000
c2c4f000
42b49000
3bf62000
3760b000
44254000
3bb9b000
373ce000
46de1000
47f2c000
c863e000
bd835000
3c884800
47ec6000
49c42000
39888000
4a12a000
45f6e000
be63f000
bd191000
4c04c800
3f054000
4c35d800
4458a000
b7125800
b7a38000
3ef32800
4401a000
b7b76800
c3d6a000
c0b1a000
bb460000
c1be8800
c31d4000
418ff000
4a3c0000
3eb9d000
2f458000
422eb000
48764000
c3cf2800
b80d2000
be86c800
baec4000
b548d000
c5005000
3b7ba000
3b157000
408ad000
3f41b000
c813c000
bd856000
b3372800
c1526000
4aad1000
396ee000
3f2e9000
4687a000
496f7000
41041000
c0e68800
be062000
c8941800
c859e000
45690000
3fc02000
43d4a000
47811000
4d879000
403a4000
bb24f000
bcc8c000
ca92c000
bc93c000
421c2800
3e5c8000
3ccd2000
3b96c000
bbdf7000
b3c4f000
b30ea800
c2ca0000
bbffd000
ba960000
baccc000
c84c0000
40a85000
4002a000
c886a000
c6ba4000
bcd9f000
c795d000
bf913800
b9dba000
c8367800
b73de000
4480e800
45e6c000
3f809000
3f802000
3f809000
3f802000
3f880000
3f732000
3f891000
3f714000
3f891000
3f714000
3f908000
3f642000
3f90a000
3f63a000
3f90a000
3f63a000
3f981000
3f592000
3f992000
3f57a000
3f992000
3f57a000
3fa09000
3f4d2000
3fa0b000
3f4dc000
3fa0b000
3f4dc000
3fa82000
3f450000
3fa93000
3f43c000
3fa93000
3f43c000
3fb0a000
3f3b0000
3fb0c000
3f3a6000
3fb0c000
3f3a6000
3fb83000
3f336000
3fb94000
3f326000
3fb94000
3f326000
3fc0b000
3f2b6000
3fc0d000
3f2b6000
3fc0d000
3f2b6000
3fc84000
3f254000
3fc95000
3f246000
3fc95000
3f246000
3fd0c000
3f1e4000
3fd0e000
3f1e6000
3fd0e000
3f1e6000
3fd85000
3f192000
3fd96000
3f186000
3fd96000
3f186000
3fe0d000
3f132000
3fe0f000
3f124000
3fe0f000
3f124000
3fe86000
3f0de000
3fe97000
3f0d4000
3fe97000
3f0d4000
3ff0e000
3f08e000
3ff10000
3f090000
3ff10000
3f090000
3ff87000
3f04a000
3ff98000
3f040000
3ff98000
3f040000
40007800
3eff4000
3f809000
3f802000
3f809000
3f802000
3f880000
3f732000
3f891000
3f714000
3f891000
3f714000
3f908000
3f642000
3f90a000
3f63a000
3f90a000
3f63a000
3f981000
3f592000
3f992000
3f57a000
3f992000
3f57a000
3fa09000
3f4d2000
3fa0b000
3f4dc000
3fa0b000
3f4dc000
3fa82000
3f450000
3fa93000
3f43c000
3fa93000
3f43c000
3fb0a000
3f3b0000
3fb0c000
3f3a6000
3fb0c000
3f3a6000
3fb83000
3f336000
3fb94000
3f326000
3fb94000
3f326000
3fc0b000
3f2b6000
3fc0d000
3f2b6000
3fc0d000
3f2b6000
3fc84000
3f254000
3fc95000
3f246000
3fc95000
3f246000
3fd0c000
3f1e4000
3fd0e000
3f1e6000
3fd0e000
3f1e6000
3fd85000
3f192000
3fd96000
3f186000
3fd96000
3f186000
3fe0d000
3f132000
3fe0f000
3f124000
3fe0f000
3f124000
3fe86000
3f0de000
3fe97000
3f0d4000
3fe97000
3f0d4000
3ff0e000
3f08e000
3ff10000
3f090000
3ff10000
3f090000
3ff87000
3f04a000
3ff98000
3f040000
3ff98000
3f040000
40007800
3eff4000
3f880000
3f86b000
3f880000
3f86b000
3f8f7000
3f802000
3f908000
3f7e6000
3f908000
3f7e6000
3f97f000
3f714000
3f98f000
3f6fe000
3f98f000
3f6fe000
3fa06000
3f656000
3fa17000
3f63e000
3fa17000
3f63e000
3fa8e000
3f596000
3fa9e000
3f584000
3fa9e000
3f584000
3fb15000
3f4f8000
3fb26000
3f4e4000
3fb26000
3f4e4000
3fb9d000
3f458000
3fbad000
3f440000
3fbad000
3f440000
3fc24000
3f3d0000
3fc35000
3f3c0000
3fc35000
3f3c0000
3fcac000
3f350000
3fcbc000
3f342000
3fcbc000
3f342000
3fd33000
3f2e0000
3fd44000
3f2d2000
3fd44000
3f2d2000
3fdbb000
3f270000
3fdcb000
3f264000
3fdcb000
3f264000
3fe42000
3f210000
3fe53000
3f204000
3fe53000
3f204000
3feca000
3f1b0000
3feda000
3f1a2000
3feda000
3f1a2000
3ff51000
3f15c000
3ff62000
3f152000
3ff62000
3f152000
3ffd9000
3f10c000
3ffe9000
3f100000
3ffe9000
3f100000
40030000
3f0ba000
40038800
3f0b0000
40038800
3f0b0000
40074000
3f06a000
3f891000
3f87a000
3f891000
3f87a000
3f908000
3f811000
3f919000
3f802000
3f919000
3f802000
3f990000
3f732000
3f9a2000
3f71a000
3f9a2000
3f71a000
3fa19000
3f672000
3fa2a000
3f65a000
3fa2a000
3f65a000
3faa1000
3f5b2000
3fab3000
3f59c000
3fab3000
3f59c000
3fb2a000
3f510000
3fb3b000
3f4fc000
3fb3b000
3f4fc000
3fbb2000
3f470000
3fbc4000
3f456000
3fbc4000
3f456000
3fc3b000
3f3e6000
3fc4c000
3f3d6000
3fc4c000
3f3d6000
3fcc3000
3f366000
3fcd5000
3f356000
3fcd5000
3f356000
3fd4c000
3f2f4000
3fd5d000
3f2e6000
3fd5d000
3f2e6000
3fdd4000
3f284000
3fde6000
3f276000
3fde6000
3f276000
3fe5d000
3f222000
3fe6e000
3f216000
3fe6e000
3f216000
3fee5000
3f1c2000
3fef7000
3f1b4000
3fef7000
3f1b4000
3ff6e000
3f16e000
3ff7f000
3f164000
3ff7f000
3f164000
3fff6000
3f11e000
40004000
3f110000
40004000
3f110000
4003f800
3f0ca000
40048000
3f0c0000
40048000
3f0c0000
40083800
3f07a000
3f891000
3f87a000
3f891000
3f87a000
3f908000
3f811000
3f919000
3f802000
3f919000
3f802000
3f990000
3f732000
3f9a2000
3f71a000
3f9a2000
3f71a000
3fa19000
3f672000
3fa2a000
3f65a000
3fa2a000
3f65a000
3faa1000
3f5b2000
3fab3000
3f59c000
3fab3000
3f59c000
3fb2a000
3f510000
3fb3b000
3f4fc000
3fb3b000
3f4fc000
3fbb2000
3f470000
3fbc4000
3f456000
3fbc4000
3f456000
3fc3b000
3f3e6000
3fc4c000
3f3d6000
3fc4c000
3f3d6000
3fcc3000
3f366000
3fcd5000
3f356000
3fcd5000
3f356000
3fd4c000
3f2f4000
3fd5d000
3f2e6000
3fd5d000
3f2e6000
3fdd4000
3f284000
3fde6000
3f276000
3fde6000
3f276000
3fe5d000
3f222000
3fe6e000
3f216000
3fe6e000
3f216000
3fee5000
3f1c2000
3fef7000
3f1b4000
3fef7000
3f1b4000
3ff6e000
3f16e000
3ff7f000
3f164000
3ff7f000
3f164000
3fff6000
3f11e000
40004000
3f110000
40004000
3f110000
4003f800
3f0ca000
40048000
3f0c0000
40048000
3f0c0000
40083800
3f07a000
3f908000
3f8e3000
3f908000
3f8e3000
3f97f000
3f87a000
3f990000
3f86b000
3f990000
3f86b000
3fa07000
3f802000
3fa27000
3f7de000
3fa27000
3f7de000
3fa9e000
3f736000
3faaf000
3f71e000
3faaf000
3f71e000
3fb26000
3f676000
3fb46000
3f644000
3fb46000
3f644000
3fbbd000
3f5b8000
3fbce000
3f5a4000
3fbce000
3f5a4000
3fc45000
3f518000
3fc65000
3f4f0000
3fc65000
3f4f0000
3fcdc000
3f480000
3fced000
3f470000
3fced000
3f470000
3fd64000
3f400000
3fd84000
3f3e2000
3fd84000
3f3e2000
3fdfb000
3f380000
3fe0c000
3f372000
3fe0c000
3f372000
3fe83000
3f310000
3fea3000
3f2f4000
3fea3000
3f2f4000
3ff1a000
3f2a0000
3ff2b000
3f294000
3ff2b000
3f294000
3ffa2000
3f240000
3ffc2000
3f232000
3ffc2000
3f232000
4001c800
3f1ec000
40025000
3f1e2000
40025000
3f1e2000
40060800
3f19c000
40070800
3f180000
40070800
3f180000
400ac000
3f13a000
400b4800
3f130000
400b4800
3f130000
400f0000
3f0ea000
3f90a000
3f903000
3f90a000
3f903000
3f98f000
3f88c000
3f9a2000
3f87b000
3f9a2000
3f87b000
3fa27000
3f804000
3fa2b000
3f805000
3fa2b000
3f805000
3fab0000
3f746000
3fac3000
3f72a000
3fac3000
3f72a000
3fb48000
3f666000
3fb4c000
3f674000
3fb4c000
3f674000
3fbd1000
3f5da000
3fbe4000
3f5c4000
3fbe4000
3f5c4000
3fc69000
3f52a000
3fc6d000
3f51a000
3fc6d000
3f51a000
3fcf2000
3f49c000
3fd05000
3f48a000
3fd05000
3f48a000
3fd8a000
3f40c000
3fd8e000
3f40e000
3fd8e000
3f40e000
3fe13000
3f39e000
3fe26000
3f38e000
3fe26000
3f38e000
3feab000
3f31e000
3feaf000
3f326000
3feaf000
3f326000
3ff34000
3f2c4000
3ff47000
3f2b6000
3ff47000
3f2b6000
3ffcc000
3f254000
3ffd0000
3f24e000
3ffd0000
3f24e000
4002a800
3f1fa000
40034000
3f1ee000
40034000
3f1ee000
40076800
3f19a000
40078800
3f198000
40078800
3f198000
400bb000
3f152000
400c4800
3f148000
400c4800
3f148000
40107000
3f102000
3f90a000
3f903000
3f90a000
3f903000
3f98f000
3f88c000
3f9a2000
3f87b000
3f9a2000
3f87b000
3fa27000
3f804000
3fa2b000
3f805000
3fa2b000
3f805000
3fab0000
3f746000
3fac3000
3f72a000
3fac3000
3f72a000
3fb48000
3f666000
3fb4c000
3f674000
3fb4c000
3f674000
3fbd1000
3f5da000
3fbe4000
3f5c4000
3fbe4000
3f5c4000
3fc69000
3f52a000
3fc6d000
3f51a000
3fc6d000
3f51a000
3fcf2000
3f49c000
3fd05000
3f48a000
3fd05000
3f48a000
3fd8a000
3f40c000
3fd8e000
3f40e000
3fd8e000
3f40e000
3fe13000
3f39e000
3fe26000
3f38e000
3fe26000
3f38e000
3feab000
3f31e000
3feaf000
3f326000
3feaf000
3f326000
3ff34000
3f2c4000
3ff47000
3f2b6000
3ff47000
3f2b6000
3ffcc000
3f254000
3ffd0000
3f24e000
3ffd0000
3f24e000
4002a800
3f1fa000
40034000
3f1ee000
40034000
3f1ee000
40076800
3f19a000
40078800
3f198000
40078800
3f198000
400bb000
3f152000
400c4800
3f148000
400c4800
3f148000
40107000
3f102000
3f981000
3f96c000
3f981000
3f96c000
3fa06000
3f8f5000
3fa19000
3f8e4000
3fa19000
3f8e4000
3fa9e000
3f86d000
3fab0000
3f867000
3fab0000
3f867000
3fb35000
3f805000
3fb48000
3f7ee000
3fb48000
3f7ee000
3fbcd000
3f72a000
3fbdf000
3f71c000
3fbdf000
3f71c000
3fc64000
3f682000
3fc77000
3f66c000
3fc77000
3f66c000
3fcfc000
3f5d2000
3fd0e000
3f5b4000
3fd0e000
3f5b4000
3fd93000
3f536000
3fda6000
3f524000
3fda6000
3f524000
3fe2b000
3f4a6000
3fe3d000
3f49a000
3fe3d000
3f49a000
3fec2000
3f42a000
3fed5000
3f41a000
3fed5000
3f41a000
3ff5a000
3f3aa000
3ff6c000
3f3a4000
3ff6c000
3f3a4000
3fff1000
3f342000
40002000
3f334000
40002000
3f334000
40044800
3f2d2000
4004d800
3f2cc000
4004d800
3f2cc000
40090000
3f278000
40099800
3f26c000
40099800
3f26c000
400dc000
3f218000
400e5000
3f208000
400e5000
3f208000
40127800
3f1c2000
40131000
3f1b8000
40131000
3f1b8000
40173800
3f172000
3f992000
3f97b000
3f992000
3f97b000
3fa17000
3f904000
3fa2a000
3f8f3000
3fa2a000
3f8f3000
3faaf000
3f87c000
3fac3000
3f875000
3fac3000
3f875000
3fb48000
3f813000
3fb5b000
3f805000
3fb5b000
3f805000
3fbe0000
3f746000
3fbf4000
3f734000
3fbf4000
3f734000
3fc79000
3f69a000
3fc8c000
3f684000
3fc8c000
3f684000
3fd11000
3f5ea000
3fd25000
3f5ca000
3fd25000
3f5ca000
3fdaa000
3f54c000
3fdbd000
3f53a000
3fdbd000
3f53a000
3fe42000
3f4bc000
3fe56000
3f4ae000
3fe56000
3f4ae000
3fedb000
3f43e000
3feee000
3f42e000
3feee000
3f42e000
3ff73000
3f3be000
3ff87000
3f3b6000
3ff87000
3f3b6000
40006000
3f354000
4000f800
3f346000
4000f800
3f346000
40052000
3f2e4000
4005c000
3f2de000
4005c000
3f2de000
4009e800
3f28a000
400a8000
3f27e000
400a8000
3f27e000
400ea800
3f22a000
400f4800
3f218000
400f4800
3f218000
40137000
3f1d2000
40140800
3f1c8000
40140800
3f1c8000
40183000
3f182000
3f992000
3f97b000
3f992000
3f97b000
3fa17000
3f904000
3fa2a000
3f8f3000
3fa2a000
3f8f3000
3faaf000
3f87c000
3fac3000
3f875000
3fac3000
3f875000
3fb48000
3f813000
3fb5b000
3f805000
3fb5b000
3f805000
3fbe0000
3f746000
3fbf4000
3f734000
3fbf4000
3f734000
3fc79000
3f69a000
3fc8c000
3f684000
3fc8c000
3f684000
3fd11000
3f5ea000
3fd25000
3f5ca000
3fd25000
3f5ca000
3fdaa000
3f54c000
3fdbd000
3f53a000
3fdbd000
3f53a000
3fe42000
3f4bc000
3fe56000
3f4ae000
3fe56000
3f4ae000
3fedb000
3f43e000
3feee000
3f42e000
3feee000
3f42e000
3ff73000
3f3be000
3ff87000
3f3b6000
3ff87000
3f3b6000
40006000
3f354000
4000f800
3f346000
4000f800
3f346000
40052000
3f2e4000
4005c000
3f2de000
4005c000
3f2de000
4009e800
3f28a000
400a8000
3f27e000
400a8000
3f27e000
400ea800
3f22a000
400f4800
3f218000
400f4800
3f218000
40137000
3f1d2000
40140800
3f1c8000
40140800
3f1c8000
40183000
3f182000
3fa09000
3f9e4000
3fa09000
3f9e4000
3fa8e000
3f96d000
3faa1000
3f95c000
3faa1000
3f95c000
3fb26000
3f8e5000
3fb48000
3f8d7000
3fb48000
3f8d7000
3fbcd000
3f875000
3fbe0000
3f867000
3fbe0000
3f867000
3fc65000
3f805000
3fc87000
3f7dc000
3fc87000
3f7dc000
3fd0c000
3f742000
3fd1f000
3f72c000
3fd1f000
3f72c000
3fda4000
3f692000
3fdc6000
3f664000
3fdc6000
3f664000
3fe4b000
3f5e6000
3fe5e000
3f5d4000
3fe5e000
3f5d4000
3fee3000
3f556000
3ff05000
3f53a000
3ff05000
3f53a000
3ff8a000
3f4ca000
3ff9d000
3f4ba000
3ff9d000
3f4ba000
40011000
3f44a000
40022000
3f434000
40022000
3f434000
40064800
3f3d2000
4006e000
3f3c4000
4006e000
3f3c4000
400b0800
3f362000
400c1800
3f35c000
400c1800
3f35c000
40104000
3f308000
4010d800
3f2fc000
4010d800
3f2fc000
40150000
3f2a8000
40161000
3f288000
40161000
3f288000
401a3800
3f242000
401ad000
3f238000
401ad000
3f238000
401ef800
3f1f2000
3fa0b000
3fa04000
3fa0b000
3fa04000
3fa9e000
3f97f000
3fab3000
3f96c000
3fab3000
3f96c000
3fb46000
3f8e7000
3fb4c000
3f8e5000
3fb4c000
3f8e5000
3fbdf000
3f87c000
3fbf4000
3f86d000
3fbf4000
3f86d000
3fc87000
3f804000
3fc8d000
3f805000
3fc8d000
3f805000
3fd20000
3f762000
3fd35000
3f74a000
3fd35000
3f74a000
3fdc8000
3f6a2000
3fdce000
3f690000
3fdce000
3f690000
3fe61000
3f604000
3fe76000
3f5f0000
3fe76000
3f5f0000
3ff09000
3f564000
3ff0f000
3f566000
3ff0f000
3f566000
3ffa2000
3f4e8000
3ffb7000
3f4d6000
3ffb7000
3f4d6000
40025000
3f458000
40028000
3f456000
40028000
3f456000
40071800
3f3f4000
4007c000
3f3e6000
4007c000
3f3e6000
400c5800
3f384000
400c8800
3f368000
400c8800
3f368000
40112000
3f314000
4011c800
3f308000
4011c800
3f308000
40166000
3f2b4000
40169000
3f2ae000
40169000
3f2ae000
401b2800
3f25a000
401bd000
3f24e000
401bd000
3f24e000
40206800
3f1fa000
3fa0b000
3fa04000
3fa0b000
3fa04000
3fa9e000
3f97f000
3fab3000
3f96c000
3fab3000
3f96c000
3fb46000
3f8e7000
3fb4c000
3f8e5000
3fb4c000
3f8e5000
3fbdf000
3f87c000
3fbf4000
3f86d000
3fbf4000
3f86d000
3fc87000
3f804000
3fc8d000
3f805000
3fc8d000
3f805000
3fd20000
3f762000
3fd35000
3f74a000
3fd35000
3f74a000
3fdc8000
3f6a2000
3fdce000
3f690000
3fdce000
3f690000
3fe61000
3f604000
3fe76000
3f5f0000
3fe76000
3f5f0000
3ff09000
3f564000
3ff0f000
3f566000
3ff0f000
3f566000
3ffa2000
3f4e8000
3ffb7000
3f4d6000
3ffb7000
3f4d6000
40025000
3f458000
40028000
3f456000
40028000
3f456000
40071800
3f3f4000
4007c000
3f3e6000
4007c000
3f3e6000
400c5800
3f384000
400c8800
3f368000
400c8800
3f368000
40112000
3f314000
4011c800
3f308000
4011c800
3f308000
40166000
3f2b4000
40169000
3f2ae000
40169000
3f2ae000
401b2800
3f25a000
401bd000
3f24e000
401bd000
3f24e000
40206800
3f1fa000
3fa82000
3fa6d000
3fa82000
3fa6d000
3fb15000
3f9e8000
3fb2a000
3f9d5000
3fb2a000
3f9d5000
3fbbd000
3f950000
3fbd1000
3f947000
3fbd1000
3f947000
3fc64000
3f8de000
3fc79000
3f8cf000
3fc79000
3f8cf000
3fd0c000
3f866000
3fd20000
3f859000
3fd20000
3f859000
3fdb3000
3f805000
3fdc8000
3f7f2000
3fdc8000
3f7f2000
3fe5b000
3f74a000
3fe6f000
3f72a000
3fe6f000
3f72a000
3ff02000
3f69e000
3ff17000
3f68a000
3ff17000
3f68a000
3ffaa000
3f5fe000
3ffbe000
3f5f2000
3ffbe000
3f5f2000
40028800
3f574000
40033000
3f562000
40033000
3f562000
4007c800
3f4e4000
40086800
3f4d4000
40086800
3f4d4000
400d0000
3f472000
400da800
3f464000
400da800
3f464000
40124000
3f402000
4012e000
3f3e6000
4012e000
3f3e6000
40177800
3f392000
40182000
3f386000
40182000
3f386000
401cb800
3f332000
401d5800
3f31e000
401d5800
3f31e000
4021f000
3f2ca000
40229800
3f2be000
40229800
3f2be000
40273000
3f26a000
3fa93000
3fa7c000
3fa93000
3fa7c000
3fb26000
3f9f7000
3fb3b000
3f9e4000
3fb3b000
3f9e4000
3fbce000
3f95f000
3fbe4000
3f955000
3fbe4000
3f955000
3fc77000
3f8ec000
3fc8c000
3f8dd000
3fc8c000
3f8dd000
3fd1f000
3f874000
3fd35000
3f865000
3fd35000
3f865000
3fdc8000
3f811000
3fddd000
3f805000
3fddd000
3f805000
3fe70000
3f762000
3fe86000
3f740000
3fe86000
3f740000
3ff19000
3f6b4000
3ff2e000
3f6a0000
3ff2e000
3f6a0000
3ffc1000
3f614000
3ffd7000
3f606000
3ffd7000
3f606000
40035000
3f588000
4003f800
3f576000
4003f800
3f576000
40089000
3f4f8000
40094000
3f4e6000
40094000
3f4e6000
400dd800
3f484000
400e8000
3f476000
400e8000
3f476000
40131800
3f414000
4013c800
3f3f8000
4013c800
3f3f8000
40186000
3f3a4000
40190800
3f398000
40190800
3f398000
401da000
3f344000
401e5000
3f32e000
401e5000
3f32e000
4022e800
3f2da000
40239000
3f2ce000
40239000
3f2ce000
40282800
3f27a000
3fa93000
3fa7c000
3fa93000
3fa7c000
3fb26000
3f9f7000
3fb3b000
3f9e4000
3fb3b000
3f9e4000
3fbce000
3f95f000
3fbe4000
3f955000
3fbe4000
3f955000
3fc77000
3f8ec000
3fc8c000
3f8dd000
3fc8c000
3f8dd000
3fd1f000
3f874000
3fd35000
3f865000
3fd35000
3f865000
3fdc8000
3f811000
3fddd000
3f805000
3fddd000
3f805000
3fe70000
3f762000
3fe86000
3f740000
3fe86000
3f740000
3ff19000
3f6b4000
3ff2e000
3f6a0000
3ff2e000
3f6a0000
3ffc1000
3f614000
3ffd7000
3f606000
3ffd7000
3f606000
40035000
3f588000
4003f800
3f576000
4003f800
3f576000
40089000
3f4f8000
40094000
3f4e6000
40094000
3f4e6000
400dd800
3f484000
400e8000
3f476000
400e8000
3f476000
40131800
3f414000
4013c800
3f3f8000
4013c800
3f3f8000
40186000
3f3a4000
40190800
3f398000
40190800
3f398000
401da000
3f344000
401e5000
3f32e000
401e5000
3f32e000
4022e800
3f2da000
40239000
3f2ce000
40239000
3f2ce000
40282800
3f27a000
3fb0a000
3fae5000
3fb0a000
3fae5000
3fb9d000
3fa60000
3fbb2000
3fa4d000
3fbb2000
3fa4d000
3fc45000
3f9c8000
3fc69000
3f9b7000
3fc69000
3f9b7000
3fcfc000
3f94e000
3fd11000
3f93f000
3fd11000
3f93f000
3fda4000
3f8d6000
3fdc8000
3f8b9000
3fdc8000
3f8b9000
3fe5b000
3f865000
3fe70000
3f859000
3fe70000
3f859000
3ff03000
3f805000
3ff27000
3f7da000
3ff27000
3f7da000
3ffba000
3f74e000
3ffcf000
3f73a000
3ffcf000
3f73a000
40031000
3f6ae000
40043000
3f692000
40043000
3f692000
4008c800
3f614000
40097000
3f602000
40097000
3f602000
400e0800
3f584000
400f2800
3f564000
400f2800
3f564000
4013c000
3f502000
40146800
3f4f4000
40146800
3f4f4000
40190000
3f492000
401a2000
3f476000
401a2000
3f476000
401eb800
3f422000
401f6000
3f416000
401f6000
3f416000
4023f800
3f3c2000
40251800
3f39e000
40251800
3f39e000
4029b000
3f34a000
402a5800
3f33e000
402a5800
3f33e000
402ef000
3f2ea000
3fb0c000
3fafe000
3fb0c000
3fafe000
3fbad000
3fa72000
3fbc4000
3fa5e000
3fbc4000
3fa5e000
3fc65000
3f9d2000
3fc6d000
3f9c5000
3fc6d000
3f9c5000
3fd0e000
3f955000
3fd25000
3f945000
3fd25000
3f945000
3fdc6000
3f8d5000
3fdce000
3f8d1000
3fdce000
3f8d1000
3fe6f000
3f876000
3fe86000
3f869000
3fe86000
3f869000
3ff27000
3f80e000
3ff2f000
3f802000
3ff2f000
3f802000
3ffd0000
3f76a000
3ffe7000
3f754000
3ffe7000
3f754000
40044000
3f6ba000
40048000
3f6ae000
40048000
3f6ae000
40098800
3f630000
400a4000
3f61e000
400a4000
3f61e000
400f4800
3f5a0000
400f8800
3f596000
400f8800
3f596000
40149000
3f526000
40154800
3f516000
40154800
3f516000
401a5000
3f4a6000
401a9000
3f494000
401a9000
3f494000
401f9800
3f432000
40205000
3f424000
40205000
3f424000
40255800
3f3c2000
40259800
3f3b6000
40259800
3f3b6000
402aa000
3f362000
402b5800
3f356000
402b5800
3f356000
40306000
3f302000
3fb0c000
3fafe000
3fb0c000
3fafe000
3fbad000
3fa72000
3fbc4000
3fa5e000
3fbc4000
3fa5e000
3fc65000
3f9d2000
3fc6d000
3f9c5000
3fc6d000
3f9c5000
3fd0e000
3f955000
3fd25000
3f945000
3fd25000
3f945000
3fdc6000
3f8d5000
3fdce000
3f8d1000
3fdce000
3f8d1000
3fe6f000
3f876000
3fe86000
3f869000
3fe86000
3f869000
3ff27000
3f80e000
3ff2f000
3f802000
3ff2f000
3f802000
3ffd0000
3f76a000
3ffe7000
3f754000
3ffe7000
3f754000
40044000
3f6ba000
40048000
3f6ae000
40048000
3f6ae000
40098800
3f630000
400a4000
3f61e000
400a4000
3f61e000
400f4800
3f5a0000
400f8800
3f596000
400f8800
3f596000
40149000
3f526000
40154800
3f516000
40154800
3f516000
401a5000
3f4a6000
401a9000
3f494000
401a9000
3f494000
401f9800
3f432000
40205000
3f424000
40205000
3f424000
40255800
3f3c2000
40259800
3f3b6000
40259800
3f3b6000
402aa000
3f362000
402b5800
3f356000
402b5800
3f356000
40306000
3f302000
3fb83000
3fb67000
3fb83000
3fb67000
3fc24000
3fadb000
3fc3b000
3fac7000
3fc3b000
3fac7000
3fcdc000
3fa3b000
3fcf2000
3fa27000
3fcf2000
3fa27000
3fd93000
3f9b7000
3fdaa000
3f9a7000
3fdaa000
3f9a7000
3fe4b000
3f937000
3fe61000
3f925000
3fe61000
3f925000
3ff02000
3f8ca000
3ff19000
3f8bd000
3ff19000
3f8bd000
3ffba000
3f862000
3ffd0000
3f84f000
3ffd0000
3f84f000
40038800
3f802000
40044000
3f7ee000
40044000
3f7ee000
40094800
3f754000
4009f800
3f73a000
4009f800
3f73a000
400f0000
3f6bc000
400fb800
3f6aa000
400fb800
3f6aa000
4014c000
3f62c000
40157000
3f614000
40157000
3f614000
401a7800
3f5a4000
401b3000
3f594000
401b3000
3f594000
40203800
3f524000
4020e800
3f512000
4020e800
3f512000
4025f000
3f4b0000
4026a800
3f4a2000
4026a800
3f4a2000
402bb000
3f440000
402c6000
3f426000
402c6000
3f426000
40316800
3f3d2000
40322000
3f3c6000
40322000
3f3c6000
40372800
3f372000
3fb94000
3fb76000
3fb94000
3fb76000
3fc35000
3faea000
3fc4c000
3fad6000
3fc4c000
3fad6000
3fced000
3fa4a000
3fd05000
3fa35000
3fd05000
3fa35000
3fda6000
3f9c5000
3fdbd000
3f9b5000
3fdbd000
3f9b5000
3fe5e000
3f945000
3fe76000
3f931000
3fe76000
3f931000
3ff17000
3f8d6000
3ff2e000
3f8c9000
3ff2e000
3f8c9000
3ffcf000
3f86e000
3ffe7000
3f85a000
3ffe7000
3f85a000
40044000
3f80d000
4004f800
3f802000
4004f800
3f802000
400a0000
3f76a000
400ac000
3f74e000
400ac000
3f74e000
400fc800
3f6d0000
40108000
3f6be000
40108000
3f6be000
40158800
3f640000
40164800
3f626000
40164800
3f626000
401b5000
3f5b6000
401c0800
3f5a6000
401c0800
3f5a6000
40211000
3f536000
4021d000
3f524000
4021d000
3f524000
4026d800
3f4c2000
40279000
3f4b4000
40279000
3f4b4000
402c9800
3f452000
402d5800
3f436000
402d5800
3f436000
40326000
3f3e2000
40331800
3f3d6000
40331800
3f3d6000
40382000
3f382000
3fb94000
3fb76000
3fb94000
3fb76000
3fc35000
3faea000
3fc4c000
3fad6000
3fc4c000
3fad6000
3fced000
3fa4a000
3fd05000
3fa35000
3fd05000
3fa35000
3fda6000
3f9c5000
3fdbd000
3f9b5000
3fdbd000
3f9b5000
3fe5e000
3f945000
3fe76000
3f931000
3fe76000
3f931000
3ff17000
3f8d6000
3ff2e000
3f8c9000
3ff2e000
3f8c9000
3ffcf000
3f86e000
3ffe7000
3f85a000
3ffe7000
3f85a000
40044000
3f80d000
4004f800
3f802000
4004f800
3f802000
400a0000
3f76a000
400ac000
3f74e000
400ac000
3f74e000
400fc800
3f6d0000
40108000
3f6be000
40108000
3f6be000
40158800
3f640000
40164800
3f626000
40164800
3f626000
401b5000
3f5b6000
401c0800
3f5a6000
401c0800
3f5a6000
40211000
3f536000
4021d000
3f524000
4021d000
3f524000
4026d800
3f4c2000
40279000
3f4b4000
40279000
3f4b4000
402c9800
3f452000
402d5800
3f436000
402d5800
3f436000
40326000
3f3e2000
40331800
3f3d6000
40331800
3f3d6000
40382000
3f382000
3fc0b000
3fbdf000
3fc0b000
3fbdf000
3fcac000
3fb53000
3fcc3000
3fb3f000
3fcc3000
3fb3f000
3fd64000
3fab3000
3fd8a000
3fa97000
3fd8a000
3fa97000
3fe2b000
3fa27000
3fe42000
3fa17000
3fe42000
3fa17000
3fee3000
3f9a7000
3ff09000
3f985000
3ff09000
3f985000
3ffaa000
3f92a000
3ffc1000
3f91d000
3ffc1000
3f91d000
40031000
3f8c2000
40044000
3f8a7000
40044000
3f8a7000
40094800
3f85a000
400a0000
3f84f000
400a0000
3f84f000
400f0800
3f802000
40103800
3f7da000
40103800
3f7da000
40154000
3f75c000
4015f800
3f74a000
4015f800
3f74a000
401b0000
3f6cc000
401c3000
3f6a4000
401c3000
3f6a4000
40213800
3f634000
4021f000
3f624000
4021f000
3f624000
4026f800
3f5b4000
40282800
3f5a2000
40282800
3f5a2000
402d3000
3f540000
402de800
3f532000
402de800
3f532000
4032f000
3f4d0000
40342000
3f4a6000
40342000
3f4a6000
40392800
3f452000
4039e000
3f446000
4039e000
3f446000
403ee800
3f3f2000
3fc0d000
3fbff000
3fc0d000
3fbff000
3fcbc000
3fb65000
3fcd5000
3fb4f000
3fcd5000
3fb4f000
3fd84000
3fab5000
3fd8e000
3faae000
3fd8e000
3faae000
3fe3d000
3fa30000
3fe56000
3fa1e000
3fe56000
3fa1e000
3ff05000
3f9a0000
3ff0f000
3f9a5000
3ff0f000
3f9a5000
3ffbe000
3f93c000
3ffd7000
3f92d000
3ffd7000
3f92d000
40043000
3f8c4000
40048000
3f8bc000
40048000
3f8bc000
4009f800
3f868000
400ac000
3f85c000
400ac000
3f85c000
40103800
3f808000
40108800
3f803000
40108800
3f803000
40160000
3f77a000
4016c800
3f766000
4016c800
3f766000
401c4000
3f6da000
401c9000
3f6d4000
401c9000
3f6d4000
40220800
3f656000
4022d000
3f644000
4022d000
3f644000
40284800
3f5c6000
40289800
3f5be000
40289800
3f5be000
402e1000
3f54e000
402ed800
3f53e000
402ed800
3f53e000
40345000
3f4ce000
4034a000
3f4ce000
4034a000
3f4ce000
403a1800
3f46c000
403ae000
3f45e000
403ae000
3f45e000
40405800
3f3fc000
3fc0d000
3fbff000
3fc0d000
3fbff000
3fcbc000
3fb65000
3fcd5000
3fb4f000
3fcd5000
3fb4f000
3fd84000
3fab5000
3fd8e000
3faae000
3fd8e000
3faae000
3fe3d000
3fa30000
3fe56000
3fa1e000
3fe56000
3fa1e000
3ff05000
3f9a0000
3ff0f000
3f9a5000
3ff0f000
3f9a5000
3ffbe000
3f93c000
3ffd7000
3f92d000
3ffd7000
3f92d000
40043000
3f8c4000
40048000
3f8bc000
40048000
3f8bc000
4009f800
3f868000
400ac000
3f85c000
400ac000
3f85c000
40103800
3f808000
40108800
3f803000
40108800
3f803000
40160000
3f77a000
4016c800
3f766000
4016c800
3f766000
401c4000
3f6da000
401c9000
3f6d4000
401c9000
3f6d4000
40220800
3f656000
4022d000
3f644000
4022d000
3f644000
40284800
3f5c6000
40289800
3f5be000
40289800
3f5be000
402e1000
3f54e000
402ed800
3f53e000
402ed800
3f53e000
40345000
3f4ce000
4034a000
3f4ce000
4034a000
3f4ce000
403a1800
3f46c000
403ae000
3f45e000
403ae000
3f45e000
40405800
3f3fc000
3fc84000
3fc68000
3fc84000
3fc68000
3fd33000
3fbce000
3fd4c000
3fbb8000
3fd4c000
3fbb8000
3fdfb000
3fb1e000
3fe13000
3fb10000
3fe13000
3fb10000
3fec2000
3fa92000
3fedb000
3fa80000
3fedb000
3fa80000
3ff8a000
3fa02000
3ffa2000
3f9f9000
3ffa2000
3f9f9000
40028800
3f990000
40035000
3f981000
40035000
3f981000
4008c800
3f918000
40098800
3f909000
40098800
3f909000
400f0000
3f8b5000
400fc800
3f8a9000
400fc800
3f8a9000
40154000
3f855000
40160000
3f849000
40160000
3f849000
401b7800
3f803000
401c4000
3f7f2000
401c4000
3f7f2000
4021b800
3f766000
40227800
3f752000
40227800
3f752000
4027f000
3f6d4000
4028b800
3f6c2000
4028b800
3f6c2000
402e3000
3f644000
402ef000
3f63c000
402ef000
3f63c000
40346800
3f5cc000
40353000
3f5bc000
40353000
3f5bc000
403aa800
3f54c000
403b6800
3f53e000
403b6800
3f53e000
4040e000
3f4dc000
4041a800
3f4ce000
4041a800
3f4ce000
40472000
3f46c000
3fc95000
3fc77000
3fc95000
3fc77000
3fd44000
3fbdd000
3fd5d000
3fbc7000
3fd5d000
3fbc7000
3fe0c000
3fb2d000
3fe26000
3fb1e000
3fe26000
3fb1e000
3fed5000
3faa0000
3feee000
3fa8e000
3feee000
3fa8e000
3ff9d000
3fa10000
3ffb7000
3fa05000
3ffb7000
3fa05000
40033000
3f99c000
4003f800
3f98d000
4003f800
3f98d000
40097000
3f924000
400a4000
3f914000
400a4000
3f914000
400fb800
3f8c0000
40108000
3f8b4000
40108000
3f8b4000
4015f800
3f860000
4016c800
3f853000
4016c800
3f853000
401c4000
3f80d000
401d0800
3f803000
401d0800
3f803000
40228000
3f77a000
40235000
3f764000
40235000
3f764000
4028c800
3f6e6000
40299000
3f6d4000
40299000
3f6d4000
402f0800
3f656000
402fd800
3f64e000
402fd800
3f64e000
40355000
3f5de000
40361800
3f5ce000
40361800
3f5ce000
403b9000
3f55e000
403c6000
3f54e000
403c6000
3f54e000
4041d800
3f4ec000
4042a000
3f4de000
4042a000
3f4de000
40481800
3f47c000
3fc95000
3fc77000
3fc95000
3fc77000
3fd44000
3fbdd000
3fd5d000
3fbc7000
3fd5d000
3fbc7000
3fe0c000
3fb2d000
3fe26000
3fb1e000
3fe26000
3fb1e000
3fed5000
3faa0000
3feee000
3fa8e000
3feee000
3fa8e000
3ff9d000
3fa10000
3ffb7000
3fa05000
3ffb7000
3fa05000
40033000
3f99c000
4003f800
3f98d000
4003f800
3f98d000
40097000
3f924000
400a4000
3f914000
400a4000
3f914000
400fb800
3f8c0000
40108000
3f8b4000
40108000
3f8b4000
4015f800
3f860000
4016c800
3f853000
4016c800
3f853000
401c4000
3f80d000
401d0800
3f803000
401d0800
3f803000
40228000
3f77a000
40235000
3f764000
40235000
3f764000
4028c800
3f6e6000
40299000
3f6d4000
40299000
3f6d4000
402f0800
3f656000
402fd800
3f64e000
402fd800
3f64e000
40355000
3f5de000
40361800
3f5ce000
40361800
3f5ce000
403b9000
3f55e000
403c6000
3f54e000
403c6000
3f54e000
4041d800
3f4ec000
4042a000
3f4de000
4042a000
3f4de000
40481800
3f47c000
3fd0c000
3fce0000
3fd0c000
3fce0000
3fdbb000
3fc46000
3fdd4000
3fc30000
3fdd4000
3fc30000
3fe83000
3fb96000
3feab000
3fb80000
3feab000
3fb80000
3ff5a000
3fb02000
3ff73000
3faf0000
3ff73000
3faf0000
40011000
3fa72000
40025000
3fa59000
40025000
3fa59000
4007c800
3f9f0000
40089000
3f9e1000
40089000
3f9e1000
400e0800
3f978000
400f4800
3f961000
400f4800
3f961000
4014c000
3f90d000
40158800
3f901000
40158800
3f901000
401b0000
3f8ad000
401c4000
3f899000
401c4000
3f899000
4021b800
3f853000
40228000
3f849000
40228000
3f849000
4027f800
3f803000
40293800
3f7e2000
40293800
3f7e2000
402eb000
3f764000
402f7800
3f752000
402f7800
3f752000
4034f000
3f6d4000
40363000
3f6cc000
40363000
3f6cc000
403ba800
3f65c000
403c7000
3f64c000
403c7000
3f64c000
4041e800
3f5dc000
40432800
3f5be000
40432800
3f5be000
4048a000
3f55c000
40496800
3f54e000
40496800
3f54e000
404ee000
3f4ec000
3fd0e000
3fd00000
3fd0e000
3fd00000
3fdcb000
3fc58000
3fde6000
3fc40000
3fde6000
3fc40000
3fea3000
3fb98000
3feaf000
3fb8e000
3feaf000
3fb8e000
3ff6c000
3fb09000
3ff87000
3faf6000
3ff87000
3faf6000
40022000
3fa71000
40028000
3fa70000
40028000
3fa70000
40086800
3fa00000
40094000
3f9f0000
40094000
3f9f0000
400f2800
3f980000
400f8800
3f976000
400f8800
3f976000
40157000
3f91b000
40164800
3f90e000
40164800
3f90e000
401c3000
3f8b3000
401c9000
3f8af000
401c9000
3f8af000
40227800
3f862000
40235000
3f857000
40235000
3f857000
40293800
3f80a000
40299800
3f802000
40299800
3f802000
402f8000
3f786000
40305800
3f774000
40305800
3f774000
40364000
3f6f6000
4036a000
3f6da000
4036a000
3f6da000
403c8800
3f66a000
403d6000
3f65a000
403d6000
3f65a000
40434800
3f5ea000
4043a800
3f5d6000
4043a800
3f5d6000
40499000
3f574000
404a6800
3f566000
404a6800
3f566000
40505000
3f504000
3fd0e000
3fd00000
3fd0e000
3fd00000
3fdcb000
3fc58000
3fde6000
3fc40000
3fde6000
3fc40000
3fea3000
3fb98000
3feaf000
3fb8e000
3feaf000
3fb8e000
3ff6c000
3fb09000
3ff87000
3faf6000
3ff87000
3faf6000
40022000
3fa71000
40028000
3fa70000
40028000
3fa70000
40086800
3fa00000
40094000
3f9f0000
40094000
3f9f0000
400f2800
3f980000
400f8800
3f976000
400f8800
3f976000
40157000
3f91b000
40164800
3f90e000
40164800
3f90e000
401c3000
3f8b3000
401c9000
3f8af000
401c9000
3f8af000
40227800
3f862000
40235000
3f857000
40235000
3f857000
40293800
3f80a000
40299800
3f802000
40299800
3f802000
402f8000
3f786000
40305800
3f774000
40305800
3f774000
40364000
3f6f6000
4036a000
3f6da000
4036a000
3f6da000
403c8800
3f66a000
403d6000
3f65a000
403d6000
3f65a000
40434800
3f5ea000
4043a800
3f5d6000
4043a800
3f5d6000
40499000
3f574000
404a6800
3f566000
404a6800
3f566000
40505000
3f504000
3fd85000
3fd69000
3fd85000
3fd69000
3fe42000
3fcc1000
3fe5d000
3fca9000
3fe5d000
3fca9000
3ff1a000
3fc01000
3ff34000
3fbf0000
3ff34000
3fbf0000
3fff1000
3fb6b000
40006000
3fb58000
40006000
3fb58000
40064800
3fad3000
40071800
3fac4000
40071800
3fac4000
400d0000
3fa54000
400dd800
3fa44000
400dd800
3fa44000
4013c000
3f9d4000
40149000
3f9c3000
40149000
3f9c3000
401a7800
3f968000
401b5000
3f95b000
401b5000
3f95b000
40213800
3f900000
40220800
3f8f5000
40220800
3f8f5000
4027f000
3f8a8000
4028c800
3f89d000
4028c800
3f89d000
402eb000
3f850000
402f8000
3f841000
402f8000
3f841000
40356800
3f802000
40364000
3f7f2000
40364000
3f7f2000
403c2800
3f774000
403cf800
3f758000
403cf800
3f758000
4042e000
3f6e8000
4043b800
3f6d8000
4043b800
3f6d8000
4049a000
3f668000
404a7000
3f646000
404a7000
3f646000
40505800
3f5e4000
40513000
3f5d6000
40513000
3f5d6000
40571800
3f574000
3fd96000
3fd78000
3fd96000
3fd78000
3fe53000
3fcd0000
3fe6e000
3fcb8000
3fe6e000
3fcb8000
3ff2b000
3fc10000
3ff47000
3fbfe000
3ff47000
3fbfe000
40002000
3fb79000
4000f800
3fb66000
4000f800
3fb66000
4006e000
3fae1000
4007c000
3fad0000
4007c000
3fad0000
400da800
3fa60000
400e8000
3fa50000
400e8000
3fa50000
40146800
3f9e0000
40154800
3f9ce000
40154800
3f9ce000
401b3000
3f973000
401c0800
3f966000
401c0800
3f966000
4021f000
3f90b000
4022d000
3f8ff000
4022d000
3f8ff000
4028b800
3f8b2000
40299000
3f8a7000
40299000
3f8a7000
402f7800
3f85a000
40305800
3f84a000
40305800
3f84a000
40364000
3f80b000
40371800
3f802000
40371800
3f802000
403d0000
3f786000
403de000
3f76a000
403de000
3f76a000
4043c800
3f6fa000
4044a000
3f6ea000
4044a000
3f6ea000
404a8800
3f67a000
404b6800
3f656000
404b6800
3f656000
40515000
3f5f4000
40522800
3f5e6000
40522800
3f5e6000
40581000
3f584000
3fd96000
3fd78000
3fd96000
3fd78000
3fe53000
3fcd0000
3fe6e000
3fcb8000
3fe6e000
3fcb8000
3ff2b000
3fc10000
3ff47000
3fbfe000
3ff47000
3fbfe000
40002000
3fb79000
4000f800
3fb66000
4000f800
3fb66000
4006e000
3fae1000
4007c000
3fad0000
4007c000
3fad0000
400da800
3fa60000
400e8000
3fa50000
400e8000
3fa50000
40146800
3f9e0000
40154800
3f9ce000
40154800
3f9ce000
401b3000
3f973000
401c0800
3f966000
401c0800
3f966000
4021f000
3f90b000
4022d000
3f8ff000
4022d000
3f8ff000
4028b800
3f8b2000
40299000
3f8a7000
40299000
3f8a7000
402f7800
3f85a000
40305800
3f84a000
40305800
3f84a000
40364000
3f80b000
40371800
3f802000
40371800
3f802000
403d0000
3f786000
403de000
3f76a000
403de000
3f76a000
4043c800
3f6fa000
4044a000
3f6ea000
4044a000
3f6ea000
404a8800
3f67a000
404b6800
3f656000
404b6800
3f656000
40515000
3f5f4000
40522800
3f5e6000
40522800
3f5e6000
40581000
3f584000
3fe0d000
3fde1000
3fe0d000
3fde1000
3feca000
3fd39000
3fee5000
3fd21000
3fee5000
3fd21000
3ffa2000
3fc79000
3ffcc000
3fc60000
3ffcc000
3fc60000
40044800
3fbdb000
40052000
3fbc8000
40052000
3fbc8000
400b0800
3fb43000
400c5800
3fb24000
400c5800
3fb24000
40124000
3fab4000
40131800
3faa4000
40131800
3faa4000
40190000
3fa34000
401a5000
3fa1b000
401a5000
3fa1b000
40203800
3f9c0000
40211000
3f9b3000
40211000
3f9b3000
4026f800
3f958000
40284800
3f945000
40284800
3f945000
402e3000
3f8f8000
402f0800
3f8ed000
402f0800
3f8ed000
4034f000
3f8a0000
40364000
3f889000
40364000
3f889000
403c2800
3f84a000
403d0000
3f841000
403d0000
3f841000
4042e800
3f802000
40443800
3f7e8000
40443800
3f7e8000
404a2000
3f778000
404af800
3f768000
404af800
3f768000
4050e000
3f6f8000
40523000
3f6c6000
40523000
3f6c6000
40581800
3f664000
4058f000
3f656000
4058f000
3f656000
405ed800
3f5f4000
3fe0f000
3fe01000
3fe0f000
3fe01000
3feda000
3fd4b000
3fef7000
3fd31000
3fef7000
3fd31000
3ffc2000
3fc7b000
3ffd0000
3fc76000
3ffd0000
3fc76000
4004d800
3fbe3000
4005c000
3fbce000
4005c000
3fbce000
400c1800
3fb3b000
400c8800
3fb3c000
400c8800
3fb3c000
4012e000
3fac5000
4013c800
3fab4000
4013c800
3fab4000
401a2000
3fa3d000
401a9000
3fa31000
401a9000
3fa31000
4020e800
3f9cf000
4021d000
3f9c1000
4021d000
3f9c1000
40282800
3f95f000
40289800
3f95b000
40289800
3f95b000
402ef000
3f907000
402fd800
3f8fb000
402fd800
3f8fb000
40363000
3f8a7000
4036a000
3f8a2000
4036a000
3f8a2000
403cf800
3f85c000
403de000
3f852000
403de000
3f852000
40443800
3f80c000
4044a800
3f802000
4044a800
3f802000
404b0000
3f786000
404be800
3f774000
404be800
3f774000
40524000
3f6f6000
4052b000
3f6ec000
4052b000
3f6ec000
40590800
3f67c000
4059f000
3f66c000
4059f000
3f66c000
40604800
3f5fc000
3fe0f000
3fe01000
3fe0f000
3fe01000
3feda000
3fd4b000
3fef7000
3fd31000
3fef7000
3fd31000
3ffc2000
3fc7b000
3ffd0000
3fc76000
3ffd0000
3fc76000
4004d800
3fbe3000
4005c000
3fbce000
4005c000
3fbce000
400c1800
3fb3b000
400c8800
3fb3c000
400c8800
3fb3c000
4012e000
3fac5000
4013c800
3fab4000
4013c800
3fab4000
401a2000
3fa3d000
401a9000
3fa31000
401a9000
3fa31000
4020e800
3f9cf000
4021d000
3f9c1000
4021d000
3f9c1000
40282800
3f95f000
40289800
3f95b000
40289800
3f95b000
402ef000
3f907000
402fd800
3f8fb000
402fd800
3f8fb000
40363000
3f8a7000
4036a000
3f8a2000
4036a000
3f8a2000
403cf800
3f85c000
403de000
3f852000
403de000
3f852000
40443800
3f80c000
4044a800
3f802000
4044a800
3f802000
404b0000
3f786000
404be800
3f774000
404be800
3f774000
40524000
3f6f6000
4052b000
3f6ec000
4052b000
3f6ec000
40590800
3f67c000
4059f000
3f66c000
4059f000
3f66c000
40604800
3f5fc000
3fe86000
3fe6a000
3fe86000
3fe6a000
3ff51000
3fdb4000
3ff6e000
3fd9a000
3ff6e000
3fd9a000
4001c800
3fce4000
4002a800
3fcd8000
4002a800
3fcd8000
40090000
3fc45000
4009e800
3fc30000
4009e800
3fc30000
40104000
3fb9d000
40112000
3fb90000
40112000
3fb90000
40177800
3fb19000
40186000
3fb08000
40186000
3fb08000
401eb800
3fa91000
401f9800
3fa7e000
401f9800
3fa7e000
4025f000
3fa1c000
4026d800
3fa0e000
4026d800
3fa0e000
402d3000
3f9ac000
402e1000
3f9a1000
402e1000
3f9a1000
40346800
3f94d000
40355000
3f941000
40355000
3f941000
403ba800
3f8ed000
403c8800
3f8e1000
403c8800
3f8e1000
4042e000
3f89b000
4043c800
3f891000
4043c800
3f891000
404a2000
3f84b000
404b0000
3f841000
404b0000
3f841000
40515800
3f802000
40524000
3f7f2000
40524000
3f7f2000
40589800
3f774000
40597800
3f75c000
40597800
3f75c000
405fd000
3f6ec000
4060b800
3f6dc000
4060b800
3f6dc000
40671000
3f66c000
3fe97000
3fe79000
3fe97000
3fe79000
3ff62000
3fdc3000
3ff7f000
3fda9000
3ff7f000
3fda9000
40025000
3fcf3000
40034000
3fce6000
40034000
3fce6000
40099800
3fc53000
400a8000
3fc3e000
400a8000
3fc3e000
4010d800
3fbab000
4011c800
3fb9c000
4011c800
3fb9c000
40182000
3fb25000
40190800
3fb14000
40190800
3fb14000
401f6000
3fa9d000
40205000
3fa89000
40205000
3fa89000
4026a800
3fa27000
40279000
3fa19000
40279000
3fa19000
402de800
3f9b7000
402ed800
3f9ab000
402ed800
3f9ab000
40353000
3f957000
40361800
3f94b000
40361800
3f94b000
403c7000
3f8f7000
403d6000
3f8ea000
403d6000
3f8ea000
4043b800
3f8a4000
4044a000
3f89a000
4044a000
3f89a000
404af800
3f854000
404be800
3f84a000
404be800
3f84a000
40524000
3f80b000
40532800
3f802000
40532800
3f802000
40598000
3f786000
405a7000
3f76c000
405a7000
3f76c000
4060c800
3f6fc000
4061b000
3f6ec000
4061b000
3f6ec000
40680800
3f67c000
3fe97000
3fe79000
3fe97000
3fe79000
3ff62000
3fdc3000
3ff7f000
3fda9000
3ff7f000
3fda9000
40025000
3fcf3000
40034000
3fce6000
40034000
3fce6000
40099800
3fc53000
400a8000
3fc3e000
400a8000
3fc3e000
4010d800
3fbab000
4011c800
3fb9c000
4011c800
3fb9c000
40182000
3fb25000
40190800
3fb14000
40190800
3fb14000
401f6000
3fa9d000
40205000
3fa89000
40205000
3fa89000
4026a800
3fa27000
40279000
3fa19000
40279000
3fa19000
402de800
3f9b7000
402ed800
3f9ab000
402ed800
3f9ab000
40353000
3f957000
40361800
3f94b000
40361800
3f94b000
403c7000
3f8f7000
403d6000
3f8ea000
403d6000
3f8ea000
4043b800
3f8a4000
4044a000
3f89a000
4044a000
3f89a000
404af800
3f854000
404be800
3f84a000
404be800
3f84a000
40524000
3f80b000
40532800
3f802000
40532800
3f802000
40598000
3f786000
405a7000
3f76c000
405a7000
3f76c000
4060c800
3f6fc000
4061b000
3f6ec000
4061b000
3f6ec000
40680800
3f67c000
3ff0e000
3fee2000
3ff0e000
3fee2000
3ffd9000
3fe2c000
3fff6000
3fe12000
3fff6000
3fe12000
40060800
3fd5c000
40076800
3fd48000
40076800
3fd48000
400dc000
3fcb5000
400ea800
3fca0000
400ea800
3fca0000
40150000
3fc0d000
40166000
3fbf0000
40166000
3fbf0000
401cb800
3fb79000
401da000
3fb68000
401da000
3fb68000
4023f800
3faf1000
40255800
3fad6000
40255800
3fad6000
402bb000
3fa74000
402c9800
3fa66000
402c9800
3fa66000
4032f000
3fa04000
40345000
3f9f1000
40345000
3f9f1000
403aa800
3f99d000
403b9000
3f991000
403b9000
3f991000
4041e800
3f93d000
40434800
3f929000
40434800
3f929000
4049a000
3f8e3000
404a8800
3f8d9000
404a8800
3f8d9000
4050e000
3f893000
40524000
3f889000
40524000
3f889000
40589800
3f84a000
40598000
3f841000
40598000
3f841000
405fd800
3f802000
40613800
3f7dc000
40613800
3f7dc000
40679000
3f76c000
40687800
3f75c000
40687800
3f75c000
406ed000
3f6ec000
3ff10000
3fefa000
3ff10000
3fefa000
3ffe9000
3fe3d000
40004000
3fe22000
40004000
3fe22000
40070800
3fd65000
40078800
3fd56000
40078800
3fd56000
400e5000
3fcbc000
400f4800
3fca6000
400f4800
3fca6000
40161000
3fc0c000
40169000
3fc07000
40169000
3fc07000
401d5800
3fb89000
401e5000
3fb77000
401e5000
3fb77000
40251800
3faf9000
40259800
3faeb000
40259800
3faeb000
402c6000
3fa82000
402d5800
3fa73000
402d5800
3fa73000
40342000
3fa0a000
4034a000
3fa07000
4034a000
3fa07000
403b6800
3f9ac000
403c6000
3f99f000
403c6000
3f99f000
40432800
3f944000
4043a800
3f942000
4043a800
3f942000
404a7000
3f8f5000
404b6800
3f8ea000
404b6800
3f8ea000
40523000
3f89d000
4052b000
3f88f000
4052b000
3f88f000
40597800
3f850000
405a7000
3f847000
405a7000
3f847000
40613800
3f808000
4061b800
3f7f4000
4061b800
3f7f4000
40688000
3f784000
40697800
3f774000
40697800
3f774000
40704000
3f704000
3ff10000
3fefa000
3ff10000
3fefa000
3ffe9000
3fe3d000
40004000
3fe22000
40004000
3fe22000
40070800
3fd65000
40078800
3fd56000
40078800
3fd56000
400e5000
3fcbc000
400f4800
3fca6000
400f4800
3fca6000
40161000
3fc0c000
40169000
3fc07000
40169000
3fc07000
401d5800
3fb89000
401e5000
3fb77000
401e5000
3fb77000
40251800
3faf9000
40259800
3faeb000
40259800
3faeb000
402c6000
3fa82000
402d5800
3fa73000
402d5800
3fa73000
40342000
3fa0a000
4034a000
3fa07000
4034a000
3fa07000
403b6800
3f9ac000
403c6000
3f99f000
403c6000
3f99f000
40432800
3f944000
4043a800
3f942000
4043a800
3f942000
404a7000
3f8f5000
404b6800
3f8ea000
404b6800
3f8ea000
40523000
3f89d000
4052b000
3f88f000
4052b000
3f88f000
40597800
3f850000
405a7000
3f847000
405a7000
3f847000
40613800
3f808000
4061b800
3f7f4000
4061b800
3f7f4000
40688000
3f784000
40697800
3f774000
40697800
3f774000
40704000
3f704000
3ff87000
3ff63000
3ff87000
3ff63000
40030000
3fea6000
4003f800
3fe8b000
4003f800
3fe8b000
400ac000
3fdce000
400bb000
3fdb8000
400bb000
3fdb8000
40127800
3fd1e000
40137000
3fd08000
40137000
3fd08000
401a3800
3fc6e000
401b2800
3fc5b000
401b2800
3fc5b000
4021f000
3fbdd000
4022e800
3fbcb000
4022e800
3fbcb000
4029b000
3fb4d000
402aa000
3fb38000
402aa000
3fb38000
40316800
3facf000
40326000
3fac0000
40326000
3fac0000
40392800
3fa57000
403a1800
3fa4d000
403a1800
3fa4d000
4040e000
3f9f2000
4041d800
3f9e5000
4041d800
3f9e5000
4048a000
3f98a000
40499000
3f981000
40499000
3f981000
40505800
3f934000
40515000
3f929000
40515000
3f929000
40581800
3f8dc000
40590800
3f8ce000
40590800
3f8ce000
405fd000
3f88f000
4060c800
3f886000
4060c800
3f886000
40679000
3f847000
40688000
3f832000
40688000
3f832000
406f4800
3f7f4000
40704000
3f7e4000
40704000
3f7e4000
40770800
3f774000
3ff98000
3ff72000
3ff98000
3ff72000
40038800
3feb5000
40048000
3fe9a000
40048000
3fe9a000
400b4800
3fddd000
400c4800
3fdc6000
400c4800
3fdc6000
40131000
3fd2c000
40140800
3fd16000
40140800
3fd16000
401ad000
3fc7c000
401bd000
3fc67000
401bd000
3fc67000
40229800
3fbe9000
40239000
3fbd7000
40239000
3fbd7000
402a5800
3fb59000
402b5800
3fb43000
402b5800
3fb43000
40322000
3fada000
40331800
3facb000
40331800
3facb000
4039e000
3fa62000
403ae000
3fa57000
403ae000
3fa57000
4041a800
3f9fc000
4042a000
3f9ef000
4042a000
3f9ef000
40496800
3f994000
404a6800
3f98a000
404a6800
3f98a000
40513000
3f93d000
40522800
3f932000
40522800
3f932000
4058f000
3f8e5000
4059f000
3f8d7000
4059f000
3f8d7000
4060b800
3f898000
4061b000
3f88f000
4061b000
3f88f000
40687800
3f850000
40697800
3f83a000
40697800
3f83a000
40704000
3f802000
40713800
3f7f4000
40713800
3f7f4000
40780000
3f784000
3ff98000
3ff72000
3ff98000
3ff72000
40038800
3feb5000
40048000
3fe9a000
40048000
3fe9a000
400b4800
3fddd000
400c4800
3fdc6000
400c4800
3fdc6000
40131000
3fd2c000
40140800
3fd16000
40140800
3fd16000
401ad000
3fc7c000
401bd000
3fc67000
401bd000
3fc67000
40229800
3fbe9000
40239000
3fbd7000
40239000
3fbd7000
402a5800
3fb59000
402b5800
3fb43000
402b5800
3fb43000
40322000
3fada000
40331800
3facb000
40331800
3facb000
4039e000
3fa62000
403ae000
3fa57000
403ae000
3fa57000
4041a800
3f9fc000
4042a000
3f9ef000
4042a000
3f9ef000
40496800
3f994000
404a6800
3f98a000
404a6800
3f98a000
40513000
3f93d000
40522800
3f932000
40522800
3f932000
4058f000
3f8e5000
4059f000
3f8d7000
4059f000
3f8d7000
4060b800
3f898000
4061b000
3f88f000
4061b000
3f88f000
40687800
3f850000
40697800
3f83a000
40697800
3f83a000
40704000
3f802000
40713800
3f7f4000
40713800
3f7f4000
40780000
3f784000
40007800
3ffdb000
40007800
3ffdb000
40074000
3ff1e000
40083800
3ff03000
40083800
3ff03000
400f0000
3fe46000
40107000
3fe28000
40107000
3fe28000
40173800
3fd8e000
40183000
3fd78000
40183000
3fd78000
401ef800
3fcde000
40206800
3fcbb000
40206800
3fcbb000
40273000
3fc3d000
40282800
3fc2b000
40282800
3fc2b000
402ef000
3fbad000
40306000
3fb90000
40306000
3fb90000
40372800
3fb27000
40382000
3fb18000
40382000
3fb18000
403ee800
3faaf000
40405800
3fa9d000
40405800
3fa9d000
40472000
3fa42000
40481800
3fa35000
40481800
3fa35000
404ee000
3f9da000
40505000
3f9c9000
40505000
3f9c9000
40571800
3f97c000
40581000
3f971000
40581000
3f971000
405ed800
3f924000
40604800
3f916000
40604800
3f916000
40671000
3f8d7000
40680800
3f8ce000
40680800
3f8ce000
406ed000
3f88f000
40704000
3f872000
40704000
3f872000
40770800
3f83a000
40780000
3f832000
40780000
3f832000
407ec800
3f7f4000
3f809000
3f802000
3f809000
3f802000
3f809000
3f802000
3f809000
3f802000
3f809000
3f802000
3f809000
3f802000
3f809000
3f802000
3f809000
3f802000
3f809000
3f802000
3f809000
3f802000
3f809000
3f802000
3f809000
3f802000
3f809000
3f802000
3f809000
3f802000
3f809000
3f802000
3f809000
3f802000
3f809000
3f802000
3f809000
3f802000
3f809000
3f802000
3f809000
3f802000
3f809000
3f802000
3f809000
3f802000
3f809000
3f802000
3f809000
3f802000
3f809000
3f802000
3f809000
3f802000
3f809000
3f802000
3f809000
3f802000
3f809000
3f802000
3f809000
3f802000
3f809000
3f802000
3f809000
3f802000
3f809000
3f802000
3f809000
3f802000
3f809000
3f802000
3f809000
3f802000
3f809000
3f802000
3f809000
3f802000
3f809000
3f802000
3f809000
3f802000
3f809000
3f802000
3f809000
3f802000
3f809000
3f802000
3f809000
3f802000
3f809000
3f802000
3f809000
3f802000
3f809000
3f802000
3f809000
3f802000
3f809000
3f802000
3f809000
3f802000
3f809000
3f802000
3f809000
3f802000
3f809000
3f802000
3f809000
3f802000
3f809000
3f802000
3f809000
3f802000
3f809000
3f802000
3f809000
3f802000
3f809000
3f802000
3f809000
3f802000
3f809000
3f802000
3f809000
3f802000
3f809000
3f802000
3f809000
3f802000
3f809000
3f802000
3f809000
3f802000
3f82b000
3f802000
3f82b000
3f802000
3f82b000
3f802000
3f82b000
3f802000
3f82b000
3f802000
3f82b000
3f802000
3f82b000
3f802000
3f82b000
3f802000
3f82b000
3f802000
3f82b000
3f802000
3f82b000
3f802000
3f82b000
3f802000
3f82b000
3f802000
3f82b000
3f802000
3f82b000
3f802000
3f82b000
3f802000
3f82b000
3f802000
3f82b000
3f802000
3f82b000
3f802000
3f82b000
3f802000
3f82b000
3f802000
3f82b000
3f802000
3f82b000
3f802000
3f82b000
3f802000
3f82b000
3f802000
3f82b000
3f802000
3f82b000
3f802000
3f82b000
3f802000
3f82b000
3f802000
3f82b000
3f802000
3f82b000
3f802000
3f82b000
3f802000
3f82b000
3f802000
3f82b000
3f802000
3f82b000
3f802000
3f82b000
3f802000
3f82b000
3f802000
3f82b000
3f802000
3f82b000
3f802000
3f82b000
3f802000
3f82b000
3f802000
3f82b000
3f802000
3f82b000
3f802000
3f82b000
3f802000
3f82b000
3f802000
3f82b000
3f802000
3f82b000
3f802000
3f82b000
3f802000
3f82b000
3f802000
3f82b000
3f802000
3f82b000
3f802000
3f82b000
3f802000
3f82b000
3f802000
3f82b000
3f802000
3f82b000
3f802000
3f82b000
3f802000
3f82b000
3f802000
3f82b000
3f802000
3f82b000
3f802000
3f82b000
3f802000
3f82b000
3f802000
3f82b000
3f802000
3f82b000
3f802000
3f82b000
3f802000
3f82b000
3f802000
3f82b000
3f802000
3f84d000
3f802000
3f84d000
3f802000
3f84d000
3f802000
3f84d000
3f802000
3f84d000
3f802000
3f84d000
3f802000
3f84d000
3f802000
3f84d000
3f802000
3f84d000
3f802000
3f84d000
3f802000
3f84d000
3f802000
3f84d000
3f802000
3f84d000
3f802000
3f84d000
3f802000
3f84d000
3f802000
3f84d000
3f802000
3f84d000
3f802000
3f84d000
3f802000
3f84d000
3f802000
3f84d000
3f802000
3f84d000
3f802000
3f84d000
3f802000
3f84d000
3f802000
3f84d000
3f802000
3f84d000
3f802000
3f84d000
3f802000
3f84d000
3f802000
3f84d000
3f802000
3f84d000
3f802000
3f84d000
3f802000
3f84d000
3f802000
3f84d000
3f802000
3f84d000
3f802000
3f84d000
3f802000
3f84d000
3f802000
3f84d000
3f802000
3f84d000
3f802000
3f84d000
3f802000
3f84d000
3f802000
3f84d000
3f802000
3f84d000
3f802000
3f84d000
3f802000
3f84d000
3f802000
3f84d000
3f802000
3f84d000
3f802000
3f84d000
3f802000
3f84d000
3f802000
3f84d000
3f802000
3f84d000
3f802000
3f84d000
3f802000
3f84d000
3f802000
3f84d000
3f802000
3f84d000
3f802000
3f84d000
3f802000
3f84d000
3f802000
3f84d000
3f802000
3f84d000
3f802000
3f84d000
3f802000
3f84d000
3f802000
3f84d000
3f802000
3f84d000
3f802000
3f84d000
3f802000
3f84d000
3f802000
3f84d000
3f802000
3f84d000
3f802000
3f84d000
3f802000
3f86f000
3f802000
3f86f000
3f802000
3f86f000
3f802000
3f86f000
3f802000
3f86f000
3f802000
3f86f000
3f802000
3f86f000
3f802000
3f86f000
3f802000
3f86f000
3f802000
3f86f000
3f802000
3f86f000
3f802000
3f86f000
3f802000
3f86f000
3f802000
3f86f000
3f802000
3f86f000
3f802000
3f86f000
3f802000
3f86f000
3f802000
3f86f000
3f802000
3f86f000
3f802000
3f86f000
3f802000
3f86f000
3f802000
3f86f000
3f802000
3f86f000
3f802000
3f86f000
3f802000
3f86f000
3f802000
3f86f000
3f802000
3f86f000
3f802000
3f86f000
3f802000
3f86f000
3f802000
3f86f000
3f802000
3f86f000
3f802000
3f86f000
3f802000
3f86f000
3f802000
3f86f000
3f802000
3f86f000
3f802000
3f86f000
3f802000
3f86f000
3f802000
3f86f000
3f802000
3f86f000
3f802000
3f86f000
3f802000
3f86f000
3f802000
3f86f000
3f802000
3f86f000
3f802000
3f86f000
3f802000
3f86f000
3f802000
3f86f000
3f802000
3f86f000
3f802000
3f86f000
3f802000
3f86f000
3f802000
3f86f000
3f802000
3f86f000
3f802000
3f86f000
3f802000
3f86f000
3f802000
3f86f000
3f802000
3f86f000
3f802000
3f86f000
3f802000
3f86f000
3f802000
3f86f000
3f802000
3f86f000
3f802000
3f86f000
3f802000
3f86f000
3f802000
3f86f000
3f802000
3f86f000
3f802000
3f86f000
3f802000
3f86f000
3f802000
3f891000
3f802000
3f891000
3f802000
3f891000
3f802000
3f891000
3f802000
3f891000
3f802000
3f891000
3f802000
3f891000
3f802000
3f891000
3f802000
3f891000
3f802000
3f891000
3f802000
3f891000
3f802000
3f891000
3f802000
3f891000
3f802000
3f891000
3f802000
3f891000
3f802000
3f891000
3f802000
3f891000
3f802000
3f891000
3f802000
3f891000
3f802000
3f891000
3f802000
3f891000
3f802000
3f891000
3f802000
3f891000
3f802000
3f891000
3f802000
3f891000
3f802000
3f891000
3f802000
3f891000
3f802000
3f891000
3f802000
3f891000
3f802000
3f891000
3f802000
3f891000
3f802000
3f891000
3f802000
3f891000
3f802000
3f891000
3f802000
3f891000
3f802000
3f891000
3f802000
3f891000
3f802000
3f891000
3f802000
3f891000
3f802000
3f891000
3f802000
3f891000
3f802000
3f891000
3f802000
3f891000
3f802000
3f891000
3f802000
3f891000
3f802000
3f891000
3f802000
3f891000
3f802000
3f891000
3f802000
3f891000
3f802000
3f891000
3f802000
3f891000
3f802000
3f891000
3f802000
3f891000
3f802000
3f891000
3f802000
3f891000
3f802000
3f891000
3f802000
3f891000
3f802000
3f891000
3f802000
3f891000
3f802000
3f891000
3f802000
3f891000
3f802000
3f891000
3f802000
3f891000
3f802000
3f891000
3f802000
3f891000
3f802000
3f891000
3f802000
3f8b3000
3f802000
3f8b3000
3f802000
3f8b3000
3f802000
3f8b3000
3f802000
3f8b3000
3f802000
3f8b3000
3f802000
3f8b3000
3f802000
3f8b3000
3f802000
3f8b3000
3f802000
3f8b3000
3f802000
3f8b3000
3f802000
3f8b3000
3f802000
3f8b3000
3f802000
3f8b3000
3f802000
3f8b3000
3f802000
3f8b3000
3f802000
3f8b3000
3f802000
3f8b3000
3f802000
3f8b3000
3f802000
3f8b3000
3f802000
3f8b3000
3f802000
3f8b3000
3f802000
3f8b3000
3f802000
3f8b3000
3f802000
3f8b3000
3f802000
3f8b3000
3f802000
3f8b3000
3f802000
3f8b3000
3f802000
3f8b3000
3f802000
3f8b3000
3f802000
3f8b3000
3f802000
3f8b3000
3f802000
3f8b3000
3f802000
3f8b3000
3f802000
3f8b3000
3f802000
3f8b3000
3f802000
3f8b3000
3f802000
3f8b3000
3f802000
3f8b3000
3f802000
3f8b3000
3f802000
3f8b3000
3f802000
3f8b3000
3f802000
3f8b3000
3f802000
3f8b3000
3f802000
3f8b3000
3f802000
3f8b3000
3f802000
3f8b3000
3f802000
3f8b3000
3f802000
3f8b3000
3f802000
3f8b3000
3f802000
3f8b3000
3f802000
3f8b3000
3f802000
3f8b3000
3f802000
3f8b3000
3f802000
3f8b3000
3f802000
3f8b3000
3f802000
3f8b3000
3f802000
3f8b3000
3f802000
3f8b3000
3f802000
3f8b3000
3f802000
3f8b3000
3f802000
3f8b3000
3f802000
3f8b3000
3f802000
3f8b3000
3f802000
3f8b3000
3f802000
3f8b3000
3f802000
3f8d5000
3f802000
3f8d5000
3f802000
3f8d5000
3f802000
3f8d5000
3f802000
3f8d5000
3f802000
3f8d5000
3f802000
3f8d5000
3f802000
3f8d5000
3f802000
3f8d5000
3f802000
3f8d5000
3f802000
3f8d5000
3f802000
3f8d5000
3f802000
3f8d5000
3f802000
3f8d5000
3f802000
3f8d5000
3f802000
3f8d5000
3f802000
3f8d5000
3f802000
3f8d5000
3f802000
3f8d5000
3f802000
3f8d5000
3f802000
3f8d5000
3f802000
3f8d5000
3f802000
3f8d5000
3f802000
3f8d5000
3f802000
3f8d5000
3f802000
3f8d5000
3f802000
3f8d5000
3f802000
3f8d5000
3f802000
3f8d5000
3f802000
3f8d5000
3f802000
3f8d5000
3f802000
3f8d5000
3f802000
3f8d5000
3f802000
3f8d5000
3f802000
3f8d5000
3f802000
3f8d5000
3f802000
3f8d5000
3f802000
3f8d5000
3f802000
3f8d5000
3f802000
3f8d5000
3f802000
3f8d5000
3f802000
3f8d5000
3f802000
3f8d5000
3f802000
3f8d5000
3f802000
3f8d5000
3f802000
3f8d5000
3f802000
3f8d5000
3f802000
3f8d5000
3f802000
3f8d5000
3f802000
3f8d5000
3f802000
3f8d5000
3f802000
3f8d5000
3f802000
3f8d5000
3f802000
3f8d5000
3f802000
3f8d5000
3f802000
3f8d5000
3f802000
3f8d5000
3f802000
3f8d5000
3f802000
3f8d5000
3f802000
3f8d5000
3f802000
3f8d5000
3f802000
3f8d5000
3f802000
3f8d5000
3f802000
3f8d5000
3f802000
3f8d5000
3f802000
3f8d5000
3f802000
3f8f7000
3f802000
3f8f7000
3f802000
3f8f7000
3f802000
3f8f7000
3f802000
3f8f7000
3f802000
3f8f7000
3f802000
3f8f7000
3f802000
3f8f7000
3f802000
3f8f7000
3f802000
3f8f7000
3f802000
3f8f7000
3f802000
3f8f7000
3f802000
3f8f7000
3f802000
3f8f7000
3f802000
3f8f7000
3f802000
3f8f7000
3f802000
3f8f7000
3f802000
3f8f7000
3f802000
3f8f7000
3f802000
3f8f7000
3f802000
3f8f7000
3f802000
3f8f7000
3f802000
3f8f7000
3f802000
3f8f7000
3f802000
3f8f7000
3f802000
3f8f7000
3f802000
3f8f7000
3f802000
3f8f7000
3f802000
3f8f7000
3f802000
3f8f7000
3f802000
3f8f7000
3f802000
3f8f7000
3f802000
3f8f7000
3f802000
3f8f7000
3f802000
3f8f7000
3f802000
3f8f7000
3f802000
3f8f7000
3f802000
3f8f7000
3f802000
3f8f7000
3f802000
3f8f7000
3f802000
3f8f7000
3f802000
3f8f7000
3f802000
3f8f7000
3f802000
3f8f7000
3f802000
3f8f7000
3f802000
3f8f7000
3f802000
3f8f7000
3f802000
3f8f7000
3f802000
3f8f7000
3f802000
3f8f7000
3f802000
3f8f7000
3f802000
3f8f7000
3f802000
3f8f7000
3f802000
3f8f7000
3f802000
3f8f7000
3f802000
3f8f7000
3f802000
3f8f7000
3f802000
3f8f7000
3f802000
3f8f7000
3f802000
3f8f7000
3f802000
3f8f7000
3f802000
3f8f7000
3f802000
3f8f7000
3f802000
3f8f7000
3f802000
3f8f7000
3f802000
3f919000
3f802000
3f919000
3f802000
3f919000
3f802000
3f919000
3f802000
3f919000
3f802000
3f919000
3f802000
3f919000
3f802000
3f919000
3f802000
3f919000
3f802000
3f919000
3f802000
3f919000
3f802000
3f919000
3f802000
3f919000
3f802000
3f919000
3f802000
3f919000
3f802000
3f919000
3f802000
3f919000
3f802000
3f919000
3f802000
3f919000
3f802000
3f919000
3f802000
3f919000
3f802000
3f919000
3f802000
3f919000
3f802000
3f919000
3f802000
3f919000
3f802000
3f919000
3f802000
3f919000
3f802000
3f919000
3f802000
3f919000
3f802000
3f919000
3f802000
3f919000
3f802000
3f919000
3f802000
3f919000
3f802000
3f919000
3f802000
3f919000
3f802000
3f919000
3f802000
3f919000
3f802000
3f919000
3f802000
3f919000
3f802000
3f919000
3f802000
3f919000
3f802000
3f919000
3f802000
3f919000
3f802000
3f919000
3f802000
3f919000
3f802000
3f919000
3f802000
3f919000
3f802000
3f919000
3f802000
3f919000
3f802000
3f919000
3f802000
3f919000
3f802000
3f919000
3f802000
3f919000
3f802000
3f919000
3f802000
3f919000
3f802000
3f919000
3f802000
3f919000
3f802000
3f919000
3f802000
3f919000
3f802000
3f919000
3f802000
3f919000
3f802000
3f919000
3f802000
3f919000
3f802000
3f919000
3f802000
3f919000
3f802000
3f919000
3f802000
3f93b000
3f802000
3f93b000
3f802000
3f93b000
3f802000
3f93b000
3f802000
3f93b000
3f802000
3f93b000
3f802000
3f93b000
3f802000
3f93b000
3f802000
3f93b000
3f802000
3f93b000
3f802000
3f93b000
3f802000
3f93b000
3f802000
3f93b000
3f802000
3f93b000
3f802000
3f93b000
3f802000
3f93b000
3f802000
3f93b000
3f802000
3f93b000
3f802000
3f93b000
3f802000
3f93b000
3f802000
3f93b000
3f802000
3f93b000
3f802000
3f93b000
3f802000
3f93b000
3f802000
3f93b000
3f802000
3f93b000
3f802000
3f93b000
3f802000
3f93b000
3f802000
3f93b000
3f802000
3f93b000
3f802000
3f93b000
3f802000
3f93b000
3f802000
3f93b000
3f802000
3f93b000
3f802000
3f93b000
3f802000
3f93b000
3f802000
3f93b000
3f802000
3f93b000
3f802000
3f93b000
3f802000
3f93b000
3f802000
3f93b000
3f802000
3f93b000
3f802000
3f93b000
3f802000
3f93b000
3f802000
3f93b000
3f802000
3f93b000
3f802000
3f93b000
3f802000
3f93b000
3f802000
3f93b000
3f802000
3f93b000
3f802000
3f93b000
3f802000
3f93b000
3f802000
3f93b000
3f802000
3f93b000
3f802000
3f93b000
3f802000
3f93b000
3f802000
3f93b000
3f802000
3f93b000
3f802000
3f93b000
3f802000
3f93b000
3f802000
3f93b000
3f802000
3f93b000
3f802000
3f93b000
3f802000
3f93b000
3f802000
3f93b000
3f802000
3f93b000
3f802000
3f95d000
3f802000
3f95d000
3f802000
3f95d000
3f802000
3f95d000
3f802000
3f95d000
3f802000
3f95d000
3f802000
3f95d000
3f802000
3f95d000
3f802000
3f95d000
3f802000
3f95d000
3f802000
3f95d000
3f802000
3f95d000
3f802000
3f95d000
3f802000
3f95d000
3f802000
3f95d000
3f802000
3f95d000
3f802000
3f95d000
3f802000
3f95d000
3f802000
3f95d000
3f802000
3f95d000
3f802000
3f95d000
3f802000
3f95d000
3f802000
3f95d000
3f802000
3f95d000
3f802000
3f95d000
3f802000
3f95d000
3f802000
3f95d000
3f802000
3f95d000
3f802000
3f95d000
3f802000
3f95d000
3f802000
3f95d000
3f802000
3f95d000
3f802000
3f95d000
3f802000
3f95d000
3f802000
3f95d000
3f802000
3f95d000
3f802000
3f95d000
3f802000
3f95d000
3f802000
3f95d000
3f802000
3f95d000
3f802000
3f95d000
3f802000
3f95d000
3f802000
3f95d000
3f802000
3f95d000
3f802000
3f95d000
3f802000
3f95d000
3f802000
3f95d000
3f802000
3f95d000
3f802000
3f95d000
3f802000
3f95d000
3f802000
3f95d000
3f802000
3f95d000
3f802000
3f95d000
3f802000
3f95d000
3f802000
3f95d000
3f802000
3f95d000
3f802000
3f95d000
3f802000
3f95d000
3f802000
3f95d000
3f802000
3f95d000
3f802000
3f95d000
3f802000
3f95d000
3f802000
3f95d000
3f802000
3f95d000
3f802000
3f95d000
3f802000
3f95d000
3f802000
3f97f000
3f802000
3f97f000
3f802000
3f97f000
3f802000
3f97f000
3f802000
3f97f000
3f802000
3f97f000
3f802000
3f97f000
3f802000
3f97f000
3f802000
3f97f000
3f802000
3f97f000
3f802000
3f97f000
3f802000
3f97f000
3f802000
3f97f000
3f802000
3f97f000
3f802000
3f97f000
3f802000
3f97f000
3f802000
3f97f000
3f802000
3f97f000
3f802000
3f97f000
3f802000
3f97f000
3f802000
3f97f000
3f802000
3f97f000
3f802000
3f97f000
3f802000
3f97f000
3f802000
3f97f000
3f802000
3f97f000
3f802000
3f97f000
3f802000
3f97f000
3f802000
3f97f000
3f802000
3f97f000
3f802000
3f97f000
3f802000
3f97f000
3f802000
3f97f000
3f802000
3f97f000
3f802000
3f97f000
3f802000
3f97f000
3f802000
3f97f000
3f802000
3f97f000
3f802000
3f97f000
3f802000
3f97f000
3f802000
3f97f000
3f802000
3f97f000
3f802000
3f97f000
3f802000
3f97f000
3f802000
3f97f000
3f802000
3f97f000
3f802000
3f97f000
3f802000
3f97f000
3f802000
3f97f000
3f802000
3f97f000
3f802000
3f97f000
3f802000
3f97f000
3f802000
3f97f000
3f802000
3f97f000
3f802000
3f97f000
3f802000
3f97f000
3f802000
3f97f000
3f802000
3f97f000
3f802000
3f97f000
3f802000
3f97f000
3f802000
3f97f000
3f802000
3f97f000
3f802000
3f97f000
3f802000
3f97f000
3f802000
3f97f000
3f802000
3f9a1000
3f802000
3f9a1000
3f802000
3f9a1000
3f802000
3f9a1000
3f802000
3f9a1000
3f802000
3f9a1000
3f802000
3f9a1000
3f802000
3f9a1000
3f802000
3f9a1000
3f802000
3f9a1000
3f802000
3f9a1000
3f802000
3f9a1000
3f802000
3f9a1000
3f802000
3f9a1000
3f802000
3f9a1000
3f802000
3f9a1000
3f802000
3f9a1000
3f802000
3f9a1000
3f802000
3f9a1000
3f802000
3f9a1000
3f802000
3f9a1000
3f802000
3f9a1000
3f802000
3f9a1000
3f802000
3f9a1000
3f802000
3f9a1000
3f802000
3f9a1000
3f802000
3f9a1000
3f802000
3f9a1000
3f802000
3f9a1000
3f802000
3f9a1000
3f802000
3f9a1000
3f802000
3f9a1000
3f802000
3f9a1000
3f802000
3f9a1000
3f802000
3f9a1000
3f802000
3f9a1000
3f802000
3f9a1000
3f802000
3f9a1000
3f802000
3f9a1000
3f802000
3f9a1000
3f802000
3f9a1000
3f802000
3f9a1000
3f802000
3f9a1000
3f802000
3f9a1000
3f802000
3f9a1000
3f802000
3f9a1000
3f802000
3f9a1000
3f802000
3f9a1000
3f802000
3f9a1000
3f802000
3f9a1000
3f802000
3f9a1000
3f802000
3f9a1000
3f802000
3f9a1000
3f802000
3f9a1000
3f802000
3f9a1000
3f802000
3f9a1000
3f802000
3f9a1000
3f802000
3f9a1000
3f802000
3f9a1000
3f802000
3f9a1000
3f802000
3f9a1000
3f802000
3f9a1000
3f802000
3f9a1000
3f802000
3f9a1000
3f802000
3f9a1000
3f802000
3f9a1000
3f802000
3f9c3000
3f802000
3f9c3000
3f802000
3f9c3000
3f802000
3f9c3000
3f802000
3f9c3000
3f802000
3f9c3000
3f802000
3f9c3000
3f802000
3f9c3000
3f802000
3f9c3000
3f802000
3f9c3000
3f802000
3f9c3000
3f802000
3f9c3000
3f802000
3f9c3000
3f802000
3f9c3000
3f802000
3f9c3000
3f802000
3f9c3000
3f802000
3f9c3000
3f802000
3f9c3000
3f802000
3f9c3000
3f802000
3f9c3000
3f802000
3f9c3000
3f802000
3f9c3000
3f802000
3f9c3000
3f802000
3f9c3000
3f802000
3f9c3000
3f802000
3f9c3000
3f802000
3f9c3000
3f802000
3f9c3000
3f802000
3f9c3000
3f802000
3f9c3000
3f802000
3f9c3000
3f802000
3f9c3000
3f802000
3f9c3000
3f802000
3f9c3000
3f802000
3f9c3000
3f802000
3f9c3000
3f802000
3f9c3000
3f802000
3f9c3000
3f802000
3f9c3000
3f802000
3f9c3000
3f802000
3f9c3000
3f802000
3f9c3000
3f802000
3f9c3000
3f802000
3f9c3000
3f802000
3f9c3000
3f802000
3f9c3000
3f802000
3f9c3000
3f802000
3f9c3000
3f802000
3f9c3000
3f802000
3f9c3000
3f802000
3f9c3000
3f802000
3f9c3000
3f802000
3f9c3000
3f802000
3f9c3000
3f802000
3f9c3000
3f802000
3f9c3000
3f802000
3f9c3000
3f802000
3f9c3000
3f802000
3f9c3000
3f802000
3f9c3000
3f802000
3f9c3000
3f802000
3f9c3000
3f802000
3f9c3000
3f802000
3f9c3000
3f802000
3f9c3000
3f802000
3f9c3000
3f802000
3f9e5000
3f802000
3f9e5000
3f802000
3f9e5000
3f802000
3f9e5000
3f802000
3f9e5000
3f802000
3f9e5000
3f802000
3f9e5000
3f802000
3f9e5000
3f802000
3f9e5000
3f802000
3f9e5000
3f802000
3f9e5000
3f802000
3f9e5000
3f802000
3f9e5000
3f802000
3f9e5000
3f802000
3f9e5000
3f802000
3f9e5000
3f802000
3f9e5000
3f802000
3f9e5000
3f802000
3f9e5000
3f802000
3f9e5000
3f802000
3f9e5000
3f802000
3f9e5000
3f802000
3f9e5000
3f802000
3f9e5000
3f802000
3f9e5000
3f802000
3f9e5000
3f802000
3f9e5000
3f802000
3f9e5000
3f802000
3f9e5000
3f802000
3f9e5000
3f802000
3f9e5000
3f802000
3f9e5000
3f802000
3f9e5000
3f802000
3f9e5000
3f802000
3f9e5000
3f802000
3f9e5000
3f802000
3f9e5000
3f802000
3f9e5000
3f802000
3f9e5000
3f802000
3f9e5000
3f802000
3f9e5000
3f802000
3f9e5000
3f802000
3f9e5000
3f802000
3f9e5000
3f802000
3f9e5000
3f802000
3f9e5000
3f802000
3f9e5000
3f802000
3f9e5000
3f802000
3f9e5000
3f802000
3f9e5000
3f802000
3f9e5000
3f802000
3f9e5000
3f802000
3f9e5000
3f802000
3f9e5000
3f802000
3f9e5000
3f802000
3f9e5000
3f802000
3f9e5000
3f802000
3f9e5000
3f802000
3f9e5000
3f802000
3f9e5000
3f802000
3f9e5000
3f802000
3f9e5000
3f802000
3f9e5000
3f802000
3f9e5000
3f802000
3f9e5000
3f802000
3fa07000
3f802000
3fa07000
3f802000
3fa07000
3f802000
3fa07000
3f802000
3fa07000
3f802000
3fa07000
3f802000
3fa07000
3f802000
3fa07000
3f802000
3fa07000
3f802000
3fa07000
3f802000
3fa07000
3f802000
3fa07000
3f802000
3fa07000
3f802000
3fa07000
3f802000
3fa07000
3f802000
3fa07000
3f802000
3fa07000
3f802000
3fa07000
3f802000
3fa07000
3f802000
3fa07000
3f802000
3fa07000
3f802000
3fa07000
3f802000
3fa07000
3f802000
3fa07000
3f802000
3fa07000
3f802000
3fa07000
3f802000
3fa07000
3f802000
3fa07000
3f802000
3fa07000
3f802000
3fa07000
3f802000
3fa07000
3f802000
3fa07000
3f802000
3fa07000
3f802000
3fa07000
3f802000
3fa07000
3f802000
3fa07000
3f802000
3fa07000
3f802000
3fa07000
3f802000
3fa07000
3f802000
3fa07000
3f802000
3fa07000
3f802000
3fa07000
3f802000
3fa07000
3f802000
3fa07000
3f802000
3fa07000
3f802000
3fa07000
3f802000
3fa07000
3f802000
3fa07000
3f802000
3fa07000
3f802000
3fa07000
3f802000
3fa07000
3f802000
3fa07000
3f802000
3fa07000
3f802000
3fa07000
3f802000
3fa07000
3f802000
3fa07000
3f802000
3fa07000
3f802000
3fa07000
3f802000
3fa07000
3f802000
3fa07000
3f802000
3fa07000
3f802000
3fa07000
3f802000
3fa07000
3f802000
3fa07000
3f802000
3fa07000
3f802000
3fa07000
3f802000
3fa2b000
3f805000
3fa2b000
3f805000
3fa2b000
3f805000
3fa2b000
3f805000
3fa2b000
3f805000
3fa2b000
3f805000
3fa2b000
3f805000
3fa2b000
3f805000
3fa2b000
3f805000
3fa2b000
3f805000
3fa2b000
3f805000
3fa2b000
3f805000
3fa2b000
3f805000
3fa2b000
3f805000
3fa2b000
3f805000
3fa2b000
3f805000
3fa2b000
3f805000
3fa2b000
3f805000
3fa2b000
3f805000
3fa2b000
3f805000
3fa2b000
3f805000
3fa2b000
3f805000
3fa2b000
3f805000
3fa2b000
3f805000
3fa2b000
3f805000
3fa2b000
3f805000
3fa2b000
3f805000
3fa2b000
3f805000
3fa2b000
3f805000
3fa2b000
3f805000
3fa2b000
3f805000
3fa2b000
3f805000
3fa2b000
3f805000
3fa2b000
3f805000
3fa2b000
3f805000
3fa2b000
3f805000
3fa2b000
3f805000
3fa2b000
3f805000
3fa2b000
3f805000
3fa2b000
3f805000
3fa2b000
3f805000
3fa2b000
3f805000
3fa2b000
3f805000
3fa2b000
3f805000
3fa2b000
3f805000
3fa2b000
3f805000
3fa2b000
3f805000
3fa2b000
3f805000
3fa2b000
3f805000
3fa2b000
3f805000
3fa2b000
3f805000
3fa2b000
3f805000
3fa2b000
3f805000
3fa2b000
3f805000
3fa2b000
3f805000
3fa2b000
3f805000
3fa2b000
3f805000
3fa2b000
3f805000
3fa2b000
3f805000
3fa2b000
3f805000
3fa2b000
3f805000
3fa2b000
3f805000
3fa2b000
3f805000
3fa2b000
3f805000
3fa2b000
3f805000
3fa2b000
3f805000
3fa51000
3f805000
3fa51000
3f805000
3fa51000
3f805000
3fa51000
3f805000
3fa51000
3f805000
3fa51000
3f805000
3fa51000
3f805000
3fa51000
3f805000
3fa51000
3f805000
3fa51000
3f805000
3fa51000
3f805000
3fa51000
3f805000
3fa51000
3f805000
3fa51000
3f805000
3fa51000
3f805000
3fa51000
3f805000
3fa51000
3f805000
3fa51000
3f805000
3fa51000
3f805000
3fa51000
3f805000
3fa51000
3f805000
3fa51000
3f805000
3fa51000
3f805000
3fa51000
3f805000
3fa51000
3f805000
3fa51000
3f805000
3fa51000
3f805000
3fa51000
3f805000
3fa51000
3f805000
3fa51000
3f805000
3fa51000
3f805000
3fa51000
3f805000
3fa51000
3f805000
3fa51000
3f805000
3fa51000
3f805000
3fa51000
3f805000
3fa51000
3f805000
3fa51000
3f805000
3fa51000
3f805000
3fa51000
3f805000
3fa51000
3f805000
3fa51000
3f805000
3fa51000
3f805000
3fa51000
3f805000
3fa51000
3f805000
3fa51000
3f805000
3fa51000
3f805000
3fa51000
3f805000
3fa51000
3f805000
3fa51000
3f805000
3fa51000
3f805000
3fa51000
3f805000
3fa51000
3f805000
3fa51000
3f805000
3fa51000
3f805000
3fa51000
3f805000
3fa51000
3f805000
3fa51000
3f805000
3fa51000
3f805000
3fa51000
3f805000
3fa51000
3f805000
3fa51000
3f805000
3fa51000
3f805000
3fa51000
3f805000
3fa51000
3f805000
3fa51000
3f805000
3fa77000
3f805000
3fa77000
3f805000
3fa77000
3f805000
3fa77000
3f805000
3fa77000
3f805000
3fa77000
3f805000
3fa77000
3f805000
3fa77000
3f805000
3fa77000
3f805000
3fa77000
3f805000
3fa77000
3f805000
3fa77000
3f805000
3fa77000
3f805000
3fa77000
3f805000
3fa77000
3f805000
3fa77000
3f805000
3fa77000
3f805000
3fa77000
3f805000
3fa77000
3f805000
3fa77000
3f805000
3fa77000
3f805000
3fa77000
3f805000
3fa77000
3f805000
3fa77000
3f805000
3fa77000
3f805000
3fa77000
3f805000
3fa77000
3f805000
3fa77000
3f805000
3fa77000
3f805000
3fa77000
3f805000
3fa77000
3f805000
3fa77000
3f805000
3fa77000
3f805000
3fa77000
3f805000
3fa77000
3f805000
3fa77000
3f805000
3fa77000
3f805000
3fa77000
3f805000
3fa77000
3f805000
3fa77000
3f805000
3fa77000
3f805000
3fa77000
3f805000
3fa77000
3f805000
3fa77000
3f805000
3fa77000
3f805000
3fa77000
3f805000
3fa77000
3f805000
3fa77000
3f805000
3fa77000
3f805000
3fa77000
3f805000
3fa77000
3f805000
3fa77000
3f805000
3fa77000
3f805000
3fa77000
3f805000
3fa77000
3f805000
3fa77000
3f805000
3fa77000
3f805000
3fa77000
3f805000
3fa77000
3f805000
3fa77000
3f805000
3fa77000
3f805000
3fa77000
3f805000
3fa77000
3f805000
3fa77000
3f805000
3fa77000
3f805000
3fa9d000
3f805000
3fa9d000
3f805000
3fa9d000
3f805000
3fa9d000
3f805000
3fa9d000
3f805000
3fa9d000
3f805000
3fa9d000
3f805000
3fa9d000
3f805000
3fa9d000
3f805000
3fa9d000
3f805000
3fa9d000
3f805000
3fa9d000
3f805000
3fa9d000
3f805000
3fa9d000
3f805000
3fa9d000
3f805000
3fa9d000
3f805000
3fa9d000
3f805000
3fa9d000
3f805000
3fa9d000
3f805000
3fa9d000
3f805000
3fa9d000
3f805000
3fa9d000
3f805000
3fa9d000
3f805000
3fa9d000
3f805000
3fa9d000
3f805000
3fa9d000
3f805000
3fa9d000
3f805000
3fa9d000
3f805000
3fa9d000
3f805000
3fa9d000
3f805000
3fa9d000
3f805000
3fa9d000
3f805000
3fa9d000
3f805000
3fa9d000
3f805000
3fa9d000
3f805000
3fa9d000
3f805000
3fa9d000
3f805000
3fa9d000
3f805000
3fa9d000
3f805000
3fa9d000
3f805000
3fa9d000
3f805000
3fa9d000
3f805000
3fa9d000
3f805000
3fa9d000
3f805000
3fa9d000
3f805000
3fa9d000
3f805000
3fa9d000
3f805000
3fa9d000
3f805000
3fa9d000
3f805000
3fa9d000
3f805000
3fa9d000
3f805000
3fa9d000
3f805000
3fa9d000
3f805000
3fa9d000
3f805000
3fa9d000
3f805000
3fa9d000
3f805000
3fa9d000
3f805000
3fa9d000
3f805000
3fa9d000
3f805000
3fa9d000
3f805000
3fa9d000
3f805000
3fa9d000
3f805000
3fa9d000
3f805000
3fa9d000
3f805000
3fa9d000
3f805000
3fa9d000
3f805000
3fac3000
3f805000
3fac3000
3f805000
3fac3000
3f805000
3fac3000
3f805000
3fac3000
3f805000
3fac3000
3f805000
3fac3000
3f805000
3fac3000
3f805000
3fac3000
3f805000
3fac3000
3f805000
3fac3000
3f805000
3fac3000
3f805000
3fac3000
3f805000
3fac3000
3f805000
3fac3000
3f805000
3fac3000
3f805000
3fac3000
3f805000
3fac3000
3f805000
3fac3000
3f805000
3fac3000
3f805000
3fac3000
3f805000
3fac3000
3f805000
3fac3000
3f805000
3fac3000
3f805000
3fac3000
3f805000
3fac3000
3f805000
3fac3000
3f805000
3fac3000
3f805000
3fac3000
3f805000
3fac3000
3f805000
3fac3000
3f805000
3fac3000
3f805000
3fac3000
3f805000
3fac3000
3f805000
3fac3000
3f805000
3fac3000
3f805000
3fac3000
3f805000
3fac3000
3f805000
3fac3000
3f805000
3fac3000
3f805000
3fac3000
3f805000
3fac3000
3f805000
3fac3000
3f805000
3fac3000
3f805000
3fac3000
3f805000
3fac3000
3f805000
3fac3000
3f805000
3fac3000
3f805000
3fac3000
3f805000
3fac3000
3f805000
3fac3000
3f805000
3fac3000
3f805000
3fac3000
3f805000
3fac3000
3f805000
3fac3000
3f805000
3fac3000
3f805000
3fac3000
3f805000
3fac3000
3f805000
3fac3000
3f805000
3fac3000
3f805000
3fac3000
3f805000
3fac3000
3f805000
3fac3000
3f805000
3fac3000
3f805000
3fac3000
3f805000
3fac3000
3f805000
3fae9000
3f805000
3fae9000
3f805000
3fae9000
3f805000
3fae9000
3f805000
3fae9000
3f805000
3fae9000
3f805000
3fae9000
3f805000
3fae9000
3f805000
3fae9000
3f805000
3fae9000
3f805000
3fae9000
3f805000
3fae9000
3f805000
3fae9000
3f805000
3fae9000
3f805000
3fae9000
3f805000
3fae9000
3f805000
3fae9000
3f805000
3fae9000
3f805000
3fae9000
3f805000
3fae9000
3f805000
3fae9000
3f805000
3fae9000
3f805000
3fae9000
3f805000
3fae9000
3f805000
3fae9000
3f805000
3fae9000
3f805000
3fae9000
3f805000
3fae9000
3f805000
3fae9000
3f805000
3fae9000
3f805000
3fae9000
3f805000
3fae9000
3f805000
3fae9000
3f805000
3fae9000
3f805000
3fae9000
3f805000
3fae9000
3f805000
3fae9000
3f805000
3fae9000
3f805000
3fae9000
3f805000
3fae9000
3f805000
3fae9000
3f805000
3fae9000
3f805000
3fae9000
3f805000
3fae9000
3f805000
3fae9000
3f805000
3fae9000
3f805000
3fae9000
3f805000
3fae9000
3f805000
3fae9000
3f805000
3fae9000
3f805000
3fae9000
3f805000
3fae9000
3f805000
3fae9000
3f805000
3fae9000
3f805000
3fae9000
3f805000
3fae9000
3f805000
3fae9000
3f805000
3fae9000
3f805000
3fae9000
3f805000
3fae9000
3f805000
3fae9000
3f805000
3fae9000
3f805000
3fae9000
3f805000
3fae9000
3f805000
3fae9000
3f805000
3fae9000
3f805000
3fb0f000
3f805000
3fb0f000
3f805000
3fb0f000
3f805000
3fb0f000
3f805000
3fb0f000
3f805000
3fb0f000
3f805000
3fb0f000
3f805000
3fb0f000
3f805000
3fb0f000
3f805000
3fb0f000
3f805000
3fb0f000
3f805000
3fb0f000
3f805000
3fb0f000
3f805000
3fb0f000
3f805000
3fb0f000
3f805000
3fb0f000
3f805000
3fb0f000
3f805000
3fb0f000
3f805000
3fb0f000
3f805000
3fb0f000
3f805000
3fb0f000
3f805000
3fb0f000
3f805000
3fb0f000
3f805000
3fb0f000
3f805000
3fb0f000
3f805000
3fb0f000
3f805000
3fb0f000
3f805000
3fb0f000
3f805000
3fb0f000
3f805000
3fb0f000
3f805000
3fb0f000
3f805000
3fb0f000
3f805000
3fb0f000
3f805000
3fb0f000
3f805000
3fb0f000
3f805000
3fb0f000
3f805000
3fb0f000
3f805000
3fb0f000
3f805000
3fb0f000
3f805000
3fb0f000
3f805000
3fb0f000
3f805000
3fb0f000
3f805000
3fb0f000
3f805000
3fb0f000
3f805000
3fb0f000
3f805000
3fb0f000
3f805000
3fb0f000
3f805000
3fb0f000
3f805000
3fb0f000
3f805000
3fb0f000
3f805000
3fb0f000
3f805000
3fb0f000
3f805000
3fb0f000
3f805000
3fb0f000
3f805000
3fb0f000
3f805000
3fb0f000
3f805000
3fb0f000
3f805000
3fb0f000
3f805000
3fb0f000
3f805000
3fb0f000
3f805000
3fb0f000
3f805000
3fb0f000
3f805000
3fb0f000
3f805000
3fb0f000
3f805000
3fb0f000
3f805000
3fb35000
3f805000
3fb35000
3f805000
3fb35000
3f805000
3fb35000
3f805000
3fb35000
3f805000
3fb35000
3f805000
3fb35000
3f805000
3fb35000
3f805000
3fb35000
3f805000
3fb35000
3f805000
3fb35000
3f805000
3fb35000
3f805000
3fb35000
3f805000
3fb35000
3f805000
3fb35000
3f805000
3fb35000
3f805000
3fb35000
3f805000
3fb35000
3f805000
3fb35000
3f805000
3fb35000
3f805000
3fb35000
3f805000
3fb35000
3f805000
3fb35000
3f805000
3fb35000
3f805000
3fb35000
3f805000
3fb35000
3f805000
3fb35000
3f805000
3fb35000
3f805000
3fb35000
3f805000
3fb35000
3f805000
3fb35000
3f805000
3fb35000
3f805000
3fb35000
3f805000
3fb35000
3f805000
3fb35000
3f805000
3fb35000
3f805000
3fb35000
3f805000
3fb35000
3f805000
3fb35000
3f805000
3fb35000
3f805000
3fb35000
3f805000
3fb35000
3f805000
3fb35000
3f805000
3fb35000
3f805000
3fb35000
3f805000
3fb35000
3f805000
3fb35000
3f805000
3fb35000
3f805000
3fb35000
3f805000
3fb35000
3f805000
3fb35000
3f805000
3fb35000
3f805000
3fb35000
3f805000
3fb35000
3f805000
3fb35000
3f805000
3fb35000
3f805000
3fb35000
3f805000
3fb35000
3f805000
3fb35000
3f805000
3fb35000
3f805000
3fb35000
3f805000
3fb35000
3f805000
3fb35000
3f805000
3fb35000
3f805000
3fb35000
3f805000
3fb35000
3f805000
3fb5b000
3f805000
3fb5b000
3f805000
3fb5b000
3f805000
3fb5b000
3f805000
3fb5b000
3f805000
3fb5b000
3f805000
3fb5b000
3f805000
3fb5b000
3f805000
3fb5b000
3f805000
3fb5b000
3f805000
3fb5b000
3f805000
3fb5b000
3f805000
3fb5b000
3f805000
3fb5b000
3f805000
3fb5b000
3f805000
3fb5b000
3f805000
3fb5b000
3f805000
3fb5b000
3f805000
3fb5b000
3f805000
3fb5b000
3f805000
3fb5b000
3f805000
3fb5b000
3f805000
3fb5b000
3f805000
3fb5b000
3f805000
3fb5b000
3f805000
3fb5b000
3f805000
3fb5b000
3f805000
3fb5b000
3f805000
3fb5b000
3f805000
3fb5b000
3f805000
3fb5b000
3f805000
3fb5b000
3f805000
3fb5b000
3f805000
3fb5b000
3f805000
3fb5b000
3f805000
3fb5b000
3f805000
3fb5b000
3f805000
3fb5b000
3f805000
3fb5b000
3f805000
3fb5b000
3f805000
3fb5b000
3f805000
3fb5b000
3f805000
3fb5b000
3f805000
3fb5b000
3f805000
3fb5b000
3f805000
3fb5b000
3f805000
3fb5b000
3f805000
3fb5b000
3f805000
3fb5b000
3f805000
3fb5b000
3f805000
3fb5b000
3f805000
3fb5b000
3f805000
3fb5b000
3f805000
3fb5b000
3f805000
3fb5b000
3f805000
3fb5b000
3f805000
3fb5b000
3f805000
3fb5b000
3f805000
3fb5b000
3f805000
3fb5b000
3f805000
3fb5b000
3f805000
3fb5b000
3f805000
3fb5b000
3f805000
3fb5b000
3f805000
3fb5b000
3f805000
3fb5b000
3f805000
3fb81000
3f805000
3fb81000
3f805000
3fb81000
3f805000
3fb81000
3f805000
3fb81000
3f805000
3fb81000
3f805000
3fb81000
3f805000
3fb81000
3f805000
3fb81000
3f805000
3fb81000
3f805000
3fb81000
3f805000
3fb81000
3f805000
3fb81000
3f805000
3fb81000
3f805000
3fb81000
3f805000
3fb81000
3f805000
3fb81000
3f805000
3fb81000
3f805000
3fb81000
3f805000
3fb81000
3f805000
3fb81000
3f805000
3fb81000
3f805000
3fb81000
3f805000
3fb81000
3f805000
3fb81000
3f805000
3fb81000
3f805000
3fb81000
3f805000
3fb81000
3f805000
3fb81000
3f805000
3fb81000
3f805000
3fb81000
3f805000
3fb81000
3f805000
3fb81000
3f805000
3fb81000
3f805000
3fb81000
3f805000
3fb81000
3f805000
3fb81000
3f805000
3fb81000
3f805000
3fb81000
3f805000
3fb81000
3f805000
3fb81000
3f805000
3fb81000
3f805000
3fb81000
3f805000
3fb81000
3f805000
3fb81000
3f805000
3fb81000
3f805000
3fb81000
3f805000
3fb81000
3f805000
3fb81000
3f805000
3fb81000
3f805000
3fb81000
3f805000
3fb81000
3f805000
3fb81000
3f805000
3fb81000
3f805000
3fb81000
3f805000
3fb81000
3f805000
3fb81000
3f805000
3fb81000
3f805000
3fb81000
3f805000
3fb81000
3f805000
3fb81000
3f805000
3fb81000
3f805000
3fb81000
3f805000
3fb81000
3f805000
3fb81000
3f805000
3fb81000
3f805000
3fba7000
3f805000
3fba7000
3f805000
3fba7000
3f805000
3fba7000
3f805000
3fba7000
3f805000
3fba7000
3f805000
3fba7000
3f805000
3fba7000
3f805000
3fba7000
3f805000
3fba7000
3f805000
3fba7000
3f805000
3fba7000
3f805000
3fba7000
3f805000
3fba7000
3f805000
3fba7000
3f805000
3fba7000
3f805000
3fba7000
3f805000
3fba7000
3f805000
3fba7000
3f805000
3fba7000
3f805000
3fba7000
3f805000
3fba7000
3f805000
3fba7000
3f805000
3fba7000
3f805000
3fba7000
3f805000
3fba7000
3f805000
3fba7000
3f805000
3fba7000
3f805000
3fba7000
3f805000
3fba7000
3f805000
3fba7000
3f805000
3fba7000
3f805000
3fba7000
3f805000
3fba7000
3f805000
3fba7000
3f805000
3fba7000
3f805000
3fba7000
3f805000
3fba7000
3f805000
3fba7000
3f805000
3fba7000
3f805000
3fba7000
3f805000
3fba7000
3f805000
3fba7000
3f805000
3fba7000
3f805000
3fba7000
3f805000
3fba7000
3f805000
3fba7000
3f805000
3fba7000
3f805000
3fba7000
3f805000
3fba7000
3f805000
3fba7000
3f805000
3fba7000
3f805000
3fba7000
3f805000
3fba7000
3f805000
3fba7000
3f805000
3fba7000
3f805000
3fba7000
3f805000
3fba7000
3f805000
3fba7000
3f805000
3fba7000
3f805000
3fba7000
3f805000
3fba7000
3f805000
3fba7000
3f805000
3fba7000
3f805000
3fba7000
3f805000
3fbcd000
3f805000
3fbcd000
3f805000
3fbcd000
3f805000
3fbcd000
3f805000
3fbcd000
3f805000
3fbcd000
3f805000
3fbcd000
3f805000
3fbcd000
3f805000
3fbcd000
3f805000
3fbcd000
3f805000
3fbcd000
3f805000
3fbcd000
3f805000
3fbcd000
3f805000
3fbcd000
3f805000
3fbcd000
3f805000
3fbcd000
3f805000
3fbcd000
3f805000
3fbcd000
3f805000
3fbcd000
3f805000
3fbcd000
3f805000
3fbcd000
3f805000
3fbcd000
3f805000
3fbcd000
3f805000
3fbcd000
3f805000
3fbcd000
3f805000
3fbcd000
3f805000
3fbcd000
3f805000
3fbcd000
3f805000
3fbcd000
3f805000
3fbcd000
3f805000
3fbcd000
3f805000
3fbcd000
3f805000
3fbcd000
3f805000
3fbcd000
3f805000
3fbcd000
3f805000
3fbcd000
3f805000
3fbcd000
3f805000
3fbcd000
3f805000
3fbcd000
3f805000
3fbcd000
3f805000
3fbcd000
3f805000
3fbcd000
3f805000
3fbcd000
3f805000
3fbcd000
3f805000
3fbcd000
3f805000
3fbcd000
3f805000
3fbcd000
3f805000
3fbcd000
3f805000
3fbcd000
3f805000
3fbcd000
3f805000
3fbcd000
3f805000
3fbcd000
3f805000
3fbcd000
3f805000
3fbcd000
3f805000
3fbcd000
3f805000
3fbcd000
3f805000
3fbcd000
3f805000
3fbcd000
3f805000
3fbcd000
3f805000
3fbcd000
3f805000
3fbcd000
3f805000
3fbcd000
3f805000
3fbcd000
3f805000
3fbcd000
3f805000
3fbcd000
3f805000
3fbcd000
3f805000
3fbf3000
3f805000
3fbf3000
3f805000
3fbf3000
3f805000
3fbf3000
3f805000
3fbf3000
3f805000
3fbf3000
3f805000
3fbf3000
3f805000
3fbf3000
3f805000
3fbf3000
3f805000
3fbf3000
3f805000
3fbf3000
3f805000
3fbf3000
3f805000
3fbf3000
3f805000
3fbf3000
3f805000
3fbf3000
3f805000
3fbf3000
3f805000
3fbf3000
3f805000
3fbf3000
3f805000
3fbf3000
3f805000
3fbf3000
3f805000
3fbf3000
3f805000
3fbf3000
3f805000
3fbf3000
3f805000
3fbf3000
3f805000
3fbf3000
3f805000
3fbf3000
3f805000
3fbf3000
3f805000
3fbf3000
3f805000
3fbf3000
3f805000
3fbf3000
3f805000
3fbf3000
3f805000
3fbf3000
3f805000
3fbf3000
3f805000
3fbf3000
3f805000
3fbf3000
3f805000
3fbf3000
3f805000
3fbf3000
3f805000
3fbf3000
3f805000
3fbf3000
3f805000
3fbf3000
3f805000
3fbf3000
3f805000
3fbf3000
3f805000
3fbf3000
3f805000
3fbf3000
3f805000
3fbf3000
3f805000
3fbf3000
3f805000
3fbf3000
3f805000
3fbf3000
3f805000
3fbf3000
3f805000
3fbf3000
3f805000
3fbf3000
3f805000
3fbf3000
3f805000
3fbf3000
3f805000
3fbf3000
3f805000
3fbf3000
3f805000
3fbf3000
3f805000
3fbf3000
3f805000
3fbf3000
3f805000
3fbf3000
3f805000
3fbf3000
3f805000
3fbf3000
3f805000
3fbf3000
3f805000
3fbf3000
3f805000
3fbf3000
3f805000
3fbf3000
3f805000
3fbf3000
3f805000
3fc19000
3f805000
3fc19000
3f805000
3fc19000
3f805000
3fc19000
3f805000
3fc19000
3f805000
3fc19000
3f805000
3fc19000
3f805000
3fc19000
3f805000
3fc19000
3f805000
3fc19000
3f805000
3fc19000
3f805000
3fc19000
3f805000
3fc19000
3f805000
3fc19000
3f805000
3fc19000
3f805000
3fc19000
3f805000
3fc19000
3f805000
3fc19000
3f805000
3fc19000
3f805000
3fc19000
3f805000
3fc19000
3f805000
3fc19000
3f805000
3fc19000
3f805000
3fc19000
3f805000
3fc19000
3f805000
3fc19000
3f805000
3fc19000
3f805000
3fc19000
3f805000
3fc19000
3f805000
3fc19000
3f805000
3fc19000
3f805000
3fc19000
3f805000
3fc19000
3f805000
3fc19000
3f805000
3fc19000
3f805000
3fc19000
3f805000
3fc19000
3f805000
3fc19000
3f805000
3fc19000
3f805000
3fc19000
3f805000
3fc19000
3f805000
3fc19000
3f805000
3fc19000
3f805000
3fc19000
3f805000
3fc19000
3f805000
3fc19000
3f805000
3fc19000
3f805000
3fc19000
3f805000
3fc19000
3f805000
3fc19000
3f805000
3fc19000
3f805000
3fc19000
3f805000
3fc19000
3f805000
3fc19000
3f805000
3fc19000
3f805000
3fc19000
3f805000
3fc19000
3f805000
3fc19000
3f805000
3fc19000
3f805000
3fc19000
3f805000
3fc19000
3f805000
3fc19000
3f805000
3fc19000
3f805000
3fc19000
3f805000
3fc19000
3f805000
3fc3f000
3f805000
3fc3f000
3f805000
3fc3f000
3f805000
3fc3f000
3f805000
3fc3f000
3f805000
3fc3f000
3f805000
3fc3f000
3f805000
3fc3f000
3f805000
3fc3f000
3f805000
3fc3f000
3f805000
3fc3f000
3f805000
3fc3f000
3f805000
3fc3f000
3f805000
3fc3f000
3f805000
3fc3f000
3f805000
3fc3f000
3f805000
3fc3f000
3f805000
3fc3f000
3f805000
3fc3f000
3f805000
3fc3f000
3f805000
3fc3f000
3f805000
3fc3f000
3f805000
3fc3f000
3f805000
3fc3f000
3f805000
3fc3f000
3f805000
3fc3f000
3f805000
3fc3f000
3f805000
3fc3f000
3f805000
3fc3f000
3f805000
3fc3f000
3f805000
3fc3f000
3f805000
3fc3f000
3f805000
3fc3f000
3f805000
3fc3f000
3f805000
3fc3f000
3f805000
3fc3f000
3f805000
3fc3f000
3f805000
3fc3f000
3f805000
3fc3f000
3f805000
3fc3f000
3f805000
3fc3f000
3f805000
3fc3f000
3f805000
3fc3f000
3f805000
3fc3f000
3f805000
3fc3f000
3f805000
3fc3f000
3f805000
3fc3f000
3f805000
3fc3f000
3f805000
3fc3f000
3f805000
3fc3f000
3f805000
3fc3f000
3f805000
3fc3f000
3f805000
3fc3f000
3f805000
3fc3f000
3f805000
3fc3f000
3f805000
3fc3f000
3f805000
3fc3f000
3f805000
3fc3f000
3f805000
3fc3f000
3f805000
3fc3f000
3f805000
3fc3f000
3f805000
3fc3f000
3f805000
3fc3f000
3f805000
3fc3f000
3f805000
3fc3f000
3f805000
3fc3f000
3f805000
3fc65000
3f805000
3fc65000
3f805000
3fc65000
3f805000
3fc65000
3f805000
3fc65000
3f805000
3fc65000
3f805000
3fc65000
3f805000
3fc65000
3f805000
3fc65000
3f805000
3fc65000
3f805000
3fc65000
3f805000
3fc65000
3f805000
3fc65000
3f805000
3fc65000
3f805000
3fc65000
3f805000
3fc65000
3f805000
3fc65000
3f805000
3fc65000
3f805000
3fc65000
3f805000
3fc65000
3f805000
3fc65000
3f805000
3fc65000
3f805000
3fc65000
3f805000
3fc65000
3f805000
3fc65000
3f805000
3fc65000
3f805000
3fc65000
3f805000
3fc65000
3f805000
3fc65000
3f805000
3fc65000
3f805000
3fc65000
3f805000
3fc65000
3f805000
3fc65000
3f805000
3fc65000
3f805000
3fc65000
3f805000
3fc65000
3f805000
3fc65000
3f805000
3fc65000
3f805000
3fc65000
3f805000
3fc65000
3f805000
3fc65000
3f805000
3fc65000
3f805000
3fc65000
3f805000
3fc65000
3f805000
3fc65000
3f805000
3fc65000
3f805000
3fc65000
3f805000
3fc65000
3f805000
3fc65000
3f805000
3fc65000
3f805000
3fc65000
3f805000
3fc65000
3f805000
3fc65000
3f805000
3fc65000
3f805000
3fc65000
3f805000
3fc65000
3f805000
3fc65000
3f805000
3fc65000
3f805000
3fc65000
3f805000
3fc65000
3f805000
3fc65000
3f805000
3fc65000
3f805000
3fc65000
3f805000
3fc65000
3f805000
3fc65000
3f805000
3fc65000
3f805000
3fc8d000
3f805000
3fc8d000
3f805000
3fc8d000
3f805000
3fc8d000
3f805000
3fc8d000
3f805000
3fc8d000
3f805000
3fc8d000
3f805000
3fc8d000
3f805000
3fc8d000
3f805000
3fc8d000
3f805000
3fc8d000
3f805000
3fc8d000
3f805000
3fc8d000
3f805000
3fc8d000
3f805000
3fc8d000
3f805000
3fc8d000
3f805000
3fc8d000
3f805000
3fc8d000
3f805000
3fc8d000
3f805000
3fc8d000
3f805000
3fc8d000
3f805000
3fc8d000
3f805000
3fc8d000
3f805000
3fc8d000
3f805000
3fc8d000
3f805000
3fc8d000
3f805000
3fc8d000
3f805000
3fc8d000
3f805000
3fc8d000
3f805000
3fc8d000
3f805000
3fc8d000
3f805000
3fc8d000
3f805000
3fc8d000
3f805000
3fc8d000
3f805000
3fc8d000
3f805000
3fc8d000
3f805000
3fc8d000
3f805000
3fc8d000
3f805000
3fc8d000
3f805000
3fc8d000
3f805000
3fc8d000
3f805000
3fc8d000
3f805000
3fc8d000
3f805000
3fc8d000
3f805000
3fc8d000
3f805000
3fc8d000
3f805000
3fc8d000
3f805000
3fc8d000
3f805000
3fc8d000
3f805000
3fc8d000
3f805000
3fc8d000
3f805000
3fc8d000
3f805000
3fc8d000
3f805000
3fc8d000
3f805000
3fc8d000
3f805000
3fc8d000
3f805000
3fc8d000
3f805000
3fc8d000
3f805000
3fc8d000
3f805000
3fc8d000
3f805000
3fc8d000
3f805000
3fc8d000
3f805000
3fc8d000
3f805000
3fc8d000
3f805000
3fc8d000
3f805000
3fc8d000
3f805000
3fcb7000
3f805000
3fcb7000
3f805000
3fcb7000
3f805000
3fcb7000
3f805000
3fcb7000
3f805000
3fcb7000
3f805000
3fcb7000
3f805000
3fcb7000
3f805000
3fcb7000
3f805000
3fcb7000
3f805000
3fcb7000
3f805000
3fcb7000
3f805000
3fcb7000
3f805000
3fcb7000
3f805000
3fcb7000
3f805000
3fcb7000
3f805000
3fcb7000
3f805000
3fcb7000
3f805000
3fcb7000
3f805000
3fcb7000
3f805000
3fcb7000
3f805000
3fcb7000
3f805000
3fcb7000
3f805000
3fcb7000
3f805000
3fcb7000
3f805000
3fcb7000
3f805000
3fcb7000
3f805000
3fcb7000
3f805000
3fcb7000
3f805000
3fcb7000
3f805000
3fcb7000
3f805000
3fcb7000
3f805000
3fcb7000
3f805000
3fcb7000
3f805000
3fcb7000
3f805000
3fcb7000
3f805000
3fcb7000
3f805000
3fcb7000
3f805000
3fcb7000
3f805000
3fcb7000
3f805000
3fcb7000
3f805000
3fcb7000
3f805000
3fcb7000
3f805000
3fcb7000
3f805000
3fcb7000
3f805000
3fcb7000
3f805000
3fcb7000
3f805000
3fcb7000
3f805000
3fcb7000
3f805000
3fcb7000
3f805000
3fcb7000
3f805000
3fcb7000
3f805000
3fcb7000
3f805000
3fcb7000
3f805000
3fcb7000
3f805000
3fcb7000
3f805000
3fcb7000
3f805000
3fcb7000
3f805000
3fcb7000
3f805000
3fcb7000
3f805000
3fcb7000
3f805000
3fcb7000
3f805000
3fcb7000
3f805000
3fcb7000
3f805000
3fcb7000
3f805000
3fce1000
3f805000
3fce1000
3f805000
3fce1000
3f805000
3fce1000
3f805000
3fce1000
3f805000
3fce1000
3f805000
3fce1000
3f805000
3fce1000
3f805000
3fce1000
3f805000
3fce1000
3f805000
3fce1000
3f805000
3fce1000
3f805000
3fce1000
3f805000
3fce1000
3f805000
3fce1000
3f805000
3fce1000
3f805000
3fce1000
3f805000
3fce1000
3f805000
3fce1000
3f805000
3fce1000
3f805000
3fce1000
3f805000
3fce1000
3f805000
3fce1000
3f805000
3fce1000
3f805000
3fce1000
3f805000
3fce1000
3f805000
3fce1000
3f805000
3fce1000
3f805000
3fce1000
3f805000
3fce1000
3f805000
3fce1000
3f805000
3fce1000
3f805000
3fce1000
3f805000
3fce1000
3f805000
3fce1000
3f805000
3fce1000
3f805000
3fce1000
3f805000
3fce1000
3f805000
3fce1000
3f805000
3fce1000
3f805000
3fce1000
3f805000
3fce1000
3f805000
3fce1000
3f805000
3fce1000
3f805000
3fce1000
3f805000
3fce1000
3f805000
3fce1000
3f805000
3fce1000
3f805000
3fce1000
3f805000
3fce1000
3f805000
3fce1000
3f805000
3fce1000
3f805000
3fce1000
3f805000
3fce1000
3f805000
3fce1000
3f805000
3fce1000
3f805000
3fce1000
3f805000
3fce1000
3f805000
3fce1000
3f805000
3fce1000
3f805000
3fce1000
3f805000
3fce1000
3f805000
3fce1000
3f805000
3fce1000
3f805000
3fce1000
3f805000
3fce1000
3f805000
3fd0b000
3f805000
3fd0b000
3f805000
3fd0b000
3f805000
3fd0b000
3f805000
3fd0b000
3f805000
3fd0b000
3f805000
3fd0b000
3f805000
3fd0b000
3f805000
3fd0b000
3f805000
3fd0b000
3f805000
3fd0b000
3f805000
3fd0b000
3f805000
3fd0b000
3f805000
3fd0b000
3f805000
3fd0b000
3f805000
3fd0b000
3f805000
3fd0b000
3f805000
3fd0b000
3f805000
3fd0b000
3f805000
3fd0b000
3f805000
3fd0b000
3f805000
3fd0b000
3f805000
3fd0b000
3f805000
3fd0b000
3f805000
3fd0b000
3f805000
3fd0b000
3f805000
3fd0b000
3f805000
3fd0b000
3f805000
3fd0b000
3f805000
3fd0b000
3f805000
3fd0b000
3f805000
3fd0b000
3f805000
3fd0b000
3f805000
3fd0b000
3f805000
3fd0b000
3f805000
3fd0b000
3f805000
3fd0b000
3f805000
3fd0b000
3f805000
3fd0b000
3f805000
3fd0b000
3f805000
3fd0b000
3f805000
3fd0b000
3f805000
3fd0b000
3f805000
3fd0b000
3f805000
3fd0b000
3f805000
3fd0b000
3f805000
3fd0b000
3f805000
3fd0b000
3f805000
3fd0b000
3f805000
3fd0b000
3f805000
3fd0b000
3f805000
3fd0b000
3f805000
3fd0b000
3f805000
3fd0b000
3f805000
3fd0b000
3f805000
3fd0b000
3f805000
3fd0b000
3f805000
3fd0b000
3f805000
3fd0b000
3f805000
3fd0b000
3f805000
3fd0b000
3f805000
3fd0b000
3f805000
3fd0b000
3f805000
3fd0b000
3f805000
3fd0b000
3f805000
3fd0b000
3f805000
3fd35000
3f805000
3fd35000
3f805000
3fd35000
3f805000
3fd35000
3f805000
3fd35000
3f805000
3fd35000
3f805000
3fd35000
3f805000
3fd35000
3f805000
3fd35000
3f805000
3fd35000
3f805000
3fd35000
3f805000
3fd35000
3f805000
3fd35000
3f805000
3fd35000
3f805000
3fd35000
3f805000
3fd35000
3f805000
3fd35000
3f805000
3fd35000
3f805000
3fd35000
3f805000
3fd35000
3f805000
3fd35000
3f805000
3fd35000
3f805000
3fd35000
3f805000
3fd35000
3f805000
3fd35000
3f805000
3fd35000
3f805000
3fd35000
3f805000
3fd35000
3f805000
3fd35000
3f805000
3fd35000
3f805000
3fd35000
3f805000
3fd35000
3f805000
3fd35000
3f805000
3fd35000
3f805000
3fd35000
3f805000
3fd35000
3f805000
3fd35000
3f805000
3fd35000
3f805000
3fd35000
3f805000
3fd35000
3f805000
3fd35000
3f805000
3fd35000
3f805000
3fd35000
3f805000
3fd35000
3f805000
3fd35000
3f805000
3fd35000
3f805000
3fd35000
3f805000
3fd35000
3f805000
3fd35000
3f805000
3fd35000
3f805000
3fd35000
3f805000
3fd35000
3f805000
3fd35000
3f805000
3fd35000
3f805000
3fd35000
3f805000
3fd35000
3f805000
3fd35000
3f805000
3fd35000
3f805000
3fd35000
3f805000
3fd35000
3f805000
3fd35000
3f805000
3fd35000
3f805000
3fd35000
3f805000
3fd35000
3f805000
3fd35000
3f805000
3fd35000
3f805000
3fd5f000
3f805000
3fd5f000
3f805000
3fd5f000
3f805000
3fd5f000
3f805000
3fd5f000
3f805000
3fd5f000
3f805000
3fd5f000
3f805000
3fd5f000
3f805000
3fd5f000
3f805000
3fd5f000
3f805000
3fd5f000
3f805000
3fd5f000
3f805000
3fd5f000
3f805000
3fd5f000
3f805000
3fd5f000
3f805000
3fd5f000
3f805000
3fd5f000
3f805000
3fd5f000
3f805000
3fd5f000
3f805000
3fd5f000
3f805000
3fd5f000
3f805000
3fd5f000
3f805000
3fd5f000
3f805000
3fd5f000
3f805000
3fd5f000
3f805000
3fd5f000
3f805000
3fd5f000
3f805000
3fd5f000
3f805000
3fd5f000
3f805000
3fd5f000
3f805000
3fd5f000
3f805000
3fd5f000
3f805000
3fd5f000
3f805000
3fd5f000
3f805000
3fd5f000
3f805000
3fd5f000
3f805000
3fd5f000
3f805000
3fd5f000
3f805000
3fd5f000
3f805000
3fd5f000
3f805000
3fd5f000
3f805000
3fd5f000
3f805000
3fd5f000
3f805000
3fd5f000
3f805000
3fd5f000
3f805000
3fd5f000
3f805000
3fd5f000
3f805000
3fd5f000
3f805000
3fd5f000
3f805000
3fd5f000
3f805000
3fd5f000
3f805000
3fd5f000
3f805000
3fd5f000
3f805000
3fd5f000
3f805000
3fd5f000
3f805000
3fd5f000
3f805000
3fd5f000
3f805000
3fd5f000
3f805000
3fd5f000
3f805000
3fd5f000
3f805000
3fd5f000
3f805000
3fd5f000
3f805000
3fd5f000
3f805000
3fd5f000
3f805000
3fd5f000
3f805000
3fd89000
3f805000
3fd89000
3f805000
3fd89000
3f805000
3fd89000
3f805000
3fd89000
3f805000
3fd89000
3f805000
3fd89000
3f805000
3fd89000
3f805000
3fd89000
3f805000
3fd89000
3f805000
3fd89000
3f805000
3fd89000
3f805000
3fd89000
3f805000
3fd89000
3f805000
3fd89000
3f805000
3fd89000
3f805000
3fd89000
3f805000
3fd89000
3f805000
3fd89000
3f805000
3fd89000
3f805000
3fd89000
3f805000
3fd89000
3f805000
3fd89000
3f805000
3fd89000
3f805000
3fd89000
3f805000
3fd89000
3f805000
3fd89000
3f805000
3fd89000
3f805000
3fd89000
3f805000
3fd89000
3f805000
3fd89000
3f805000
3fd89000
3f805000
3fd89000
3f805000
3fd89000
3f805000
3fd89000
3f805000
3fd89000
3f805000
3fd89000
3f805000
3fd89000
3f805000
3fd89000
3f805000
3fd89000
3f805000
3fd89000
3f805000
3fd89000
3f805000
3fd89000
3f805000
3fd89000
3f805000
3fd89000
3f805000
3fd89000
3f805000
3fd89000
3f805000
3fd89000
3f805000
3fd89000
3f805000
3fd89000
3f805000
3fd89000
3f805000
3fd89000
3f805000
3fd89000
3f805000
3fd89000
3f805000
3fd89000
3f805000
3fd89000
3f805000
3fd89000
3f805000
3fd89000
3f805000
3fd89000
3f805000
3fd89000
3f805000
3fd89000
3f805000
3fd89000
3f805000
3fd89000
3f805000
3fd89000
3f805000
3fd89000
3f805000
3fd89000
3f805000
3fdb3000
3f805000
3fdb3000
3f805000
3fdb3000
3f805000
3fdb3000
3f805000
3fdb3000
3f805000
3fdb3000
3f805000
3fdb3000
3f805000
3fdb3000
3f805000
3fdb3000
3f805000
3fdb3000
3f805000
3fdb3000
3f805000
3fdb3000
3f805000
3fdb3000
3f805000
3fdb3000
3f805000
3fdb3000
3f805000
3fdb3000
3f805000
3fdb3000
3f805000
3fdb3000
3f805000
3fdb3000
3f805000
3fdb3000
3f805000
3fdb3000
3f805000
3fdb3000
3f805000
3fdb3000
3f805000
3fdb3000
3f805000
3fdb3000
3f805000
3fdb3000
3f805000
3fdb3000
3f805000
3fdb3000
3f805000
3fdb3000
3f805000
3fdb3000
3f805000
3fdb3000
3f805000
3fdb3000
3f805000
3fdb3000
3f805000
3fdb3000
3f805000
3fdb3000
3f805000
3fdb3000
3f805000
3fdb3000
3f805000
3fdb3000
3f805000
3fdb3000
3f805000
3fdb3000
3f805000
3fdb3000
3f805000
3fdb3000
3f805000
3fdb3000
3f805000
3fdb3000
3f805000
3fdb3000
3f805000
3fdb3000
3f805000
3fdb3000
3f805000
3fdb3000
3f805000
3fdb3000
3f805000
3fdb3000
3f805000
3fdb3000
3f805000
3fdb3000
3f805000
3fdb3000
3f805000
3fdb3000
3f805000
3fdb3000
3f805000
3fdb3000
3f805000
3fdb3000
3f805000
3fdb3000
3f805000
3fdb3000
3f805000
3fdb3000
3f805000
3fdb3000
3f805000
3fdb3000
3f805000
3fdb3000
3f805000
3fdb3000
3f805000
3fdb3000
3f805000
3fdb3000
3f805000
3fddd000
3f805000
3fddd000
3f805000
3fddd000
3f805000
3fddd000
3f805000
3fddd000
3f805000
3fddd000
3f805000
3fddd000
3f805000
3fddd000
3f805000
3fddd000
3f805000
3fddd000
3f805000
3fddd000
3f805000
3fddd000
3f805000
3fddd000
3f805000
3fddd000
3f805000
3fddd000
3f805000
3fddd000
3f805000
3fddd000
3f805000
3fddd000
3f805000
3fddd000
3f805000
3fddd000
3f805000
3fddd000
3f805000
3fddd000
3f805000
3fddd000
3f805000
3fddd000
3f805000
3fddd000
3f805000
3fddd000
3f805000
3fddd000
3f805000
3fddd000
3f805000
3fddd000
3f805000
3fddd000
3f805000
3fddd000
3f805000
3fddd000
3f805000
3fddd000
3f805000
3fddd000
3f805000
3fddd000
3f805000
3fddd000
3f805000
3fddd000
3f805000
3fddd000
3f805000
3fddd000
3f805000
3fddd000
3f805000
3fddd000
3f805000
3fddd000
3f805000
3fddd000
3f805000
3fddd000
3f805000
3fddd000
3f805000
3fddd000
3f805000
3fddd000
3f805000
3fddd000
3f805000
3fddd000
3f805000
3fddd000
3f805000
3fddd000
3f805000
3fddd000
3f805000
3fddd000
3f805000
3fddd000
3f805000
3fddd000
3f805000
3fddd000
3f805000
3fddd000
3f805000
3fddd000
3f805000
3fddd000
3f805000
3fddd000
3f805000
3fddd000
3f805000
3fddd000
3f805000
3fddd000
3f805000
3fddd000
3f805000
3fddd000
3f805000
3fddd000
3f805000
3fe07000
3f805000
3fe07000
3f805000
3fe07000
3f805000
3fe07000
3f805000
3fe07000
3f805000
3fe07000
3f805000
3fe07000
3f805000
3fe07000
3f805000
3fe07000
3f805000
3fe07000
3f805000
3fe07000
3f805000
3fe07000
3f805000
3fe07000
3f805000
3fe07000
3f805000
3fe07000
3f805000
3fe07000
3f805000
3fe07000
3f805000
3fe07000
3f805000
3fe07000
3f805000
3fe07000
3f805000
3fe07000
3f805000
3fe07000
3f805000
3fe07000
3f805000
3fe07000
3f805000
3fe07000
3f805000
3fe07000
3f805000
3fe07000
3f805000
3fe07000
3f805000
3fe07000
3f805000
3fe07000
3f805000
3fe07000
3f805000
3fe07000
3f805000
3fe07000
3f805000
3fe07000
3f805000
3fe07000
3f805000
3fe07000
3f805000
3fe07000
3f805000
3fe07000
3f805000
3fe07000
3f805000
3fe07000
3f805000
3fe07000
3f805000
3fe07000
3f805000
3fe07000
3f805000
3fe07000
3f805000
3fe07000
3f805000
3fe07000
3f805000
3fe07000
3f805000
3fe07000
3f805000
3fe07000
3f805000
3fe07000
3f805000
3fe07000
3f805000
3fe07000
3f805000
3fe07000
3f805000
3fe07000
3f805000
3fe07000
3f805000
3fe07000
3f805000
3fe07000
3f805000
3fe07000
3f805000
3fe07000
3f805000
3fe07000
3f805000
3fe07000
3f805000
3fe07000
3f805000
3fe07000
3f805000
3fe07000
3f805000
3fe07000
3f805000
3fe31000
3f805000
3fe31000
3f805000
3fe31000
3f805000
3fe31000
3f805000
3fe31000
3f805000
3fe31000
3f805000
3fe31000
3f805000
3fe31000
3f805000
3fe31000
3f805000
3fe31000
3f805000
3fe31000
3f805000
3fe31000
3f805000
3fe31000
3f805000
3fe31000
3f805000
3fe31000
3f805000
3fe31000
3f805000
3fe31000
3f805000
3fe31000
3f805000
3fe31000
3f805000
3fe31000
3f805000
3fe31000
3f805000
3fe31000
3f805000
3fe31000
3f805000
3fe31000
3f805000
3fe31000
3f805000
3fe31000
3f805000
3fe31000
3f805000
3fe31000
3f805000
3fe31000
3f805000
3fe31000
3f805000
3fe31000
3f805000
3fe31000
3f805000
3fe31000
3f805000
3fe31000
3f805000
3fe31000
3f805000
3fe31000
3f805000
3fe31000
3f805000
3fe31000
3f805000
3fe31000
3f805000
3fe31000
3f805000
3fe31000
3f805000
3fe31000
3f805000
3fe31000
3f805000
3fe31000
3f805000
3fe31000
3f805000
3fe31000
3f805000
3fe31000
3f805000
3fe31000
3f805000
3fe31000
3f805000
3fe31000
3f805000
3fe31000
3f805000
3fe31000
3f805000
3fe31000
3f805000
3fe31000
3f805000
3fe31000
3f805000
3fe31000
3f805000
3fe31000
3f805000
3fe31000
3f805000
3fe31000
3f805000
3fe31000
3f805000
3fe31000
3f805000
3fe31000
3f805000
3fe31000
3f805000
3fe31000
3f805000
3fe31000
3f805000
3fe31000
3f805000
3fe5b000
3f805000
3fe5b000
3f805000
3fe5b000
3f805000
3fe5b000
3f805000
3fe5b000
3f805000
3fe5b000
3f805000
3fe5b000
3f805000
3fe5b000
3f805000
3fe5b000
3f805000
3fe5b000
3f805000
3fe5b000
3f805000
3fe5b000
3f805000
3fe5b000
3f805000
3fe5b000
3f805000
3fe5b000
3f805000
3fe5b000
3f805000
3fe5b000
3f805000
3fe5b000
3f805000
3fe5b000
3f805000
3fe5b000
3f805000
3fe5b000
3f805000
3fe5b000
3f805000
3fe5b000
3f805000
3fe5b000
3f805000
3fe5b000
3f805000
3fe5b000
3f805000
3fe5b000
3f805000
3fe5b000
3f805000
3fe5b000
3f805000
3fe5b000
3f805000
3fe5b000
3f805000
3fe5b000
3f805000
3fe5b000
3f805000
3fe5b000
3f805000
3fe5b000
3f805000
3fe5b000
3f805000
3fe5b000
3f805000
3fe5b000
3f805000
3fe5b000
3f805000
3fe5b000
3f805000
3fe5b000
3f805000
3fe5b000
3f805000
3fe5b000
3f805000
3fe5b000
3f805000
3fe5b000
3f805000
3fe5b000
3f805000
3fe5b000
3f805000
3fe5b000
3f805000
3fe5b000
3f805000
3fe5b000
3f805000
3fe5b000
3f805000
3fe5b000
3f805000
3fe5b000
3f805000
3fe5b000
3f805000
3fe5b000
3f805000
3fe5b000
3f805000
3fe5b000
3f805000
3fe5b000
3f805000
3fe5b000
3f805000
3fe5b000
3f805000
3fe5b000
3f805000
3fe5b000
3f805000
3fe5b000
3f805000
3fe5b000
3f805000
3fe5b000
3f805000
3fe5b000
3f805000
3fe85000
3f805000
3fe85000
3f805000
3fe85000
3f805000
3fe85000
3f805000
3fe85000
3f805000
3fe85000
3f805000
3fe85000
3f805000
3fe85000
3f805000
3fe85000
3f805000
3fe85000
3f805000
3fe85000
3f805000
3fe85000
3f805000
3fe85000
3f805000
3fe85000
3f805000
3fe85000
3f805000
3fe85000
3f805000
3fe85000
3f805000
3fe85000
3f805000
3fe85000
3f805000
3fe85000
3f805000
3fe85000
3f805000
3fe85000
3f805000
3fe85000
3f805000
3fe85000
3f805000
3fe85000
3f805000
3fe85000
3f805000
3fe85000
3f805000
3fe85000
3f805000
3fe85000
3f805000
3fe85000
3f805000
3fe85000
3f805000
3fe85000
3f805000
3fe85000
3f805000
3fe85000
3f805000
3fe85000
3f805000
3fe85000
3f805000
3fe85000
3f805000
3fe85000
3f805000
3fe85000
3f805000
3fe85000
3f805000
3fe85000
3f805000
3fe85000
3f805000
3fe85000
3f805000
3fe85000
3f805000
3fe85000
3f805000
3fe85000
3f805000
3fe85000
3f805000
3fe85000
3f805000
3fe85000
3f805000
3fe85000
3f805000
3fe85000
3f805000
3fe85000
3f805000
3fe85000
3f805000
3fe85000
3f805000
3fe85000
3f805000
3fe85000
3f805000
3fe85000
3f805000
3fe85000
3f805000
3fe85000
3f805000
3fe85000
3f805000
3fe85000
3f805000
3fe85000
3f805000
3fe85000
3f805000
3fe85000
3f805000
3fe85000
3f805000
3feaf000
3f805000
3feaf000
3f805000
3feaf000
3f805000
3feaf000
3f805000
3feaf000
3f805000
3feaf000
3f805000
3feaf000
3f805000
3feaf000
3f805000
3feaf000
3f805000
3feaf000
3f805000
3feaf000
3f805000
3feaf000
3f805000
3feaf000
3f805000
3feaf000
3f805000
3feaf000
3f805000
3feaf000
3f805000
3feaf000
3f805000
3feaf000
3f805000
3feaf000
3f805000
3feaf000
3f805000
3feaf000
3f805000
3feaf000
3f805000
3feaf000
3f805000
3feaf000
3f805000
3feaf000
3f805000
3feaf000
3f805000
3feaf000
3f805000
3feaf000
3f805000
3feaf000
3f805000
3feaf000
3f805000
3feaf000
3f805000
3feaf000
3f805000
3feaf000
3f805000
3feaf000
3f805000
3feaf000
3f805000
3feaf000
3f805000
3feaf000
3f805000
3feaf000
3f805000
3feaf000
3f805000
3feaf000
3f805000
3feaf000
3f805000
3feaf000
3f805000
3feaf000
3f805000
3feaf000
3f805000
3feaf000
3f805000
3feaf000
3f805000
3feaf000
3f805000
3feaf000
3f805000
3feaf000
3f805000
3feaf000
3f805000
3feaf000
3f805000
3feaf000
3f805000
3feaf000
3f805000
3feaf000
3f805000
3feaf000
3f805000
3feaf000
3f805000
3feaf000
3f805000
3feaf000
3f805000
3feaf000
3f805000
3feaf000
3f805000
3feaf000
3f805000
3feaf000
3f805000
3feaf000
3f805000
3feaf000
3f805000
3feaf000
3f805000
3feaf000
3f805000
3fed9000
3f805000
3fed9000
3f805000
3fed9000
3f805000
3fed9000
3f805000
3fed9000
3f805000
3fed9000
3f805000
3fed9000
3f805000
3fed9000
3f805000
3fed9000
3f805000
3fed9000
3f805000
3fed9000
3f805000
3fed9000
3f805000
3fed9000
3f805000
3fed9000
3f805000
3fed9000
3f805000
3fed9000
3f805000
3fed9000
3f805000
3fed9000
3f805000
3fed9000
3f805000
3fed9000
3f805000
3fed9000
3f805000
3fed9000
3f805000
3fed9000
3f805000
3fed9000
3f805000
3fed9000
3f805000
3fed9000
3f805000
3fed9000
3f805000
3fed9000
3f805000
3fed9000
3f805000
3fed9000
3f805000
3fed9000
3f805000
3fed9000
3f805000
3fed9000
3f805000
3fed9000
3f805000
3fed9000
3f805000
3fed9000
3f805000
3fed9000
3f805000
3fed9000
3f805000
3fed9000
3f805000
3fed9000
3f805000
3fed9000
3f805000
3fed9000
3f805000
3fed9000
3f805000
3fed9000
3f805000
3fed9000
3f805000
3fed9000
3f805000
3fed9000
3f805000
3fed9000
3f805000
3fed9000
3f805000
3fed9000
3f805000
3fed9000
3f805000
3fed9000
3f805000
3fed9000
3f805000
3fed9000
3f805000
3fed9000
3f805000
3fed9000
3f805000
3fed9000
3f805000
3fed9000
3f805000
3fed9000
3f805000
3fed9000
3f805000
3fed9000
3f805000
3fed9000
3f805000
3fed9000
3f805000
3fed9000
3f805000
3fed9000
3f805000
3fed9000
3f805000
3ff03000
3f805000
3ff03000
3f805000
3ff03000
3f805000
3ff03000
3f805000
3ff03000
3f805000
3ff03000
3f805000
3ff03000
3f805000
3ff03000
3f805000
3ff03000
3f805000
3ff03000
3f805000
3ff03000
3f805000
3ff03000
3f805000
3ff03000
3f805000
3ff03000
3f805000
3ff03000
3f805000
3ff03000
3f805000
3ff03000
3f805000
3ff03000
3f805000
3ff03000
3f805000
3ff03000
3f805000
3ff03000
3f805000
3ff03000
3f805000
3ff03000
3f805000
3ff03000
3f805000
3ff03000
3f805000
3ff03000
3f805000
3ff03000
3f805000
3ff03000
3f805000
3ff03000
3f805000
3ff03000
3f805000
3ff03000
3f805000
3ff03000
3f805000
3ff03000
3f805000
3ff03000
3f805000
3ff03000
3f805000
3ff03000
3f805000
3ff03000
3f805000
3ff03000
3f805000
3ff03000
3f805000
3ff03000
3f805000
3ff03000
3f805000
3ff03000
3f805000
3ff03000
3f805000
3ff03000
3f805000
3ff03000
3f805000
3ff03000
3f805000
3ff03000
3f805000
3ff03000
3f805000
3ff03000
3f805000
3ff03000
3f805000
3ff03000
3f805000
3ff03000
3f805000
3ff03000
3f805000
3ff03000
3f805000
3ff03000
3f805000
3ff03000
3f805000
3ff03000
3f805000
3ff03000
3f805000
3ff03000
3f805000
3ff03000
3f805000
3ff03000
3f805000
3ff03000
3f805000
3ff03000
3f805000
3ff03000
3f805000
3ff03000
3f805000
3ff03000
3f805000
3ff2f000
3f802000
3ff2f000
3f802000
3ff2f000
3f802000
3ff2f000
3f802000
3ff2f000
3f802000
3ff2f000
3f802000
3ff2f000
3f802000
3ff2f000
3f802000
3ff2f000
3f802000
3ff2f000
3f802000
3ff2f000
3f802000
3ff2f000
3f802000
3ff2f000
3f802000
3ff2f000
3f802000
3ff2f000
3f802000
3ff2f000
3f802000
3ff2f000
3f802000
3ff2f000
3f802000
3ff2f000
3f802000
3ff2f000
3f802000
3ff2f000
3f802000
3ff2f000
3f802000
3ff2f000
3f802000
3ff2f000
3f802000
3ff2f000
3f802000
3ff2f000
3f802000
3ff2f000
3f802000
3ff2f000
3f802000
3ff2f000
3f802000
3ff2f000
3f802000
3ff2f000
3f802000
3ff2f000
3f802000
3ff2f000
3f802000
3ff2f000
3f802000
3ff2f000
3f802000
3ff2f000
3f802000
3ff2f000
3f802000
3ff2f000
3f802000
3ff2f000
3f802000
3ff2f000
3f802000
3ff2f000
3f802000
3ff2f000
3f802000
3ff2f000
3f802000
3ff2f000
3f802000
3ff2f000
3f802000
3ff2f000
3f802000
3ff2f000
3f802000
3ff2f000
3f802000
3ff2f000
3f802000
3ff2f000
3f802000
3ff2f000
3f802000
3ff2f000
3f802000
3ff2f000
3f802000
3ff2f000
3f802000
3ff2f000
3f802000
3ff2f000
3f802000
3ff2f000
3f802000
3ff2f000
3f802000
3ff2f000
3f802000
3ff2f000
3f802000
3ff2f000
3f802000
3ff2f000
3f802000
3ff2f000
3f802000
3ff2f000
3f802000
3ff2f000
3f802000
3ff5d000
3f802000
3ff5d000
3f802000
3ff5d000
3f802000
3ff5d000
3f802000
3ff5d000
3f802000
3ff5d000
3f802000
3ff5d000
3f802000
3ff5d000
3f802000
3ff5d000
3f802000
3ff5d000
3f802000
3ff5d000
3f802000
3ff5d000
3f802000
3ff5d000
3f802000
3ff5d000
3f802000
3ff5d000
3f802000
3ff5d000
3f802000
3ff5d000
3f802000
3ff5d000
3f802000
3ff5d000
3f802000
3ff5d000
3f802000
3ff5d000
3f802000
3ff5d000
3f802000
3ff5d000
3f802000
3ff5d000
3f802000
3ff5d000
3f802000
3ff5d000
3f802000
3ff5d000
3f802000
3ff5d000
3f802000
3ff5d000
3f802000
3ff5d000
3f802000
3ff5d000
3f802000
3ff5d000
3f802000
3ff5d000
3f802000
3ff5d000
3f802000
3ff5d000
3f802000
3ff5d000
3f802000
3ff5d000
3f802000
3ff5d000
3f802000
3ff5d000
3f802000
3ff5d000
3f802000
3ff5d000
3f802000
3ff5d000
3f802000
3ff5d000
3f802000
3ff5d000
3f802000
3ff5d000
3f802000
3ff5d000
3f802000
3ff5d000
3f802000
3ff5d000
3f802000
3ff5d000
3f802000
3ff5d000
3f802000
3ff5d000
3f802000
3ff5d000
3f802000
3ff5d000
3f802000
3ff5d000
3f802000
3ff5d000
3f802000
3ff5d000
3f802000
3ff5d000
3f802000
3ff5d000
3f802000
3ff5d000
3f802000
3ff5d000
3f802000
3ff5d000
3f802000
3ff5d000
3f802000
3ff5d000
3f802000
3ff5d000
3f802000
3ff5d000
3f802000
3ff5d000
3f802000
3ff8b000
3f802000
3ff8b000
3f802000
3ff8b000
3f802000
3ff8b000
3f802000
3ff8b000
3f802000
3ff8b000
3f802000
3ff8b000
3f802000
3ff8b000
3f802000
3ff8b000
3f802000
3ff8b000
3f802000
3ff8b000
3f802000
3ff8b000
3f802000
3ff8b000
3f802000
3ff8b000
3f802000
3ff8b000
3f802000
3ff8b000
3f802000
3ff8b000
3f802000
3ff8b000
3f802000
3ff8b000
3f802000
3ff8b000
3f802000
3ff8b000
3f802000
3ff8b000
3f802000
3ff8b000
3f802000
3ff8b000
3f802000
3ff8b000
3f802000
3ff8b000
3f802000
3ff8b000
3f802000
3ff8b000
3f802000
3ff8b000
3f802000
3ff8b000
3f802000
3ff8b000
3f802000
3ff8b000
3f802000
3ff8b000
3f802000
3ff8b000
3f802000
3ff8b000
3f802000
3ff8b000
3f802000
3ff8b000
3f802000
3ff8b000
3f802000
3ff8b000
3f802000
3ff8b000
3f802000
3ff8b000
3f802000
3ff8b000
3f802000
3ff8b000
3f802000
3ff8b000
3f802000
3ff8b000
3f802000
3ff8b000
3f802000
3ff8b000
3f802000
3ff8b000
3f802000
3ff8b000
3f802000
3ff8b000
3f802000
3ff8b000
3f802000
3ff8b000
3f802000
3ff8b000
3f802000
3ff8b000
3f802000
3ff8b000
3f802000
3ff8b000
3f802000
3ff8b000
3f802000
3ff8b000
3f802000
3ff8b000
3f802000
3ff8b000
3f802000
3ff8b000
3f802000
3ff8b000
3f802000
3ff8b000
3f802000
3ff8b000
3f802000
3ff8b000
3f802000
3ff8b000
3f802000
3ffb9000
3f802000
3ffb9000
3f802000
3ffb9000
3f802000
3ffb9000
3f802000
3ffb9000
3f802000
3ffb9000
3f802000
3ffb9000
3f802000
3ffb9000
3f802000
3ffb9000
3f802000
3ffb9000
3f802000
3ffb9000
3f802000
3ffb9000
3f802000
3ffb9000
3f802000
3ffb9000
3f802000
3ffb9000
3f802000
3ffb9000
3f802000
3ffb9000
3f802000
3ffb9000
3f802000
3ffb9000
3f802000
3ffb9000
3f802000
3ffb9000
3f802000
3ffb9000
3f802000
3ffb9000
3f802000
3ffb9000
3f802000
3ffb9000
3f802000
3ffb9000
3f802000
3ffb9000
3f802000
3ffb9000
3f802000
3ffb9000
3f802000
3ffb9000
3f802000
3ffb9000
3f802000
3ffb9000
3f802000
3ffb9000
3f802000
3ffb9000
3f802000
3ffb9000
3f802000
3ffb9000
3f802000
3ffb9000
3f802000
3ffb9000
3f802000
3ffb9000
3f802000
3ffb9000
3f802000
3ffb9000
3f802000
3ffb9000
3f802000
3ffb9000
3f802000
3ffb9000
3f802000
3ffb9000
3f802000
3ffb9000
3f802000
3ffb9000
3f802000
3ffb9000
3f802000
3ffb9000
3f802000
3ffb9000
3f802000
3ffb9000
3f802000
3ffb9000
3f802000
3ffb9000
3f802000
3ffb9000
3f802000
3ffb9000
3f802000
3ffb9000
3f802000
3ffb9000
3f802000
3ffb9000
3f802000
3ffb9000
3f802000
3ffb9000
3f802000
3ffb9000
3f802000
3ffb9000
3f802000
3ffb9000
3f802000
3ffb9000
3f802000
3ffb9000
3f802000
3ffb9000
3f802000
3ffe7000
3f802000
3ffe7000
3f802000
3ffe7000
3f802000
3ffe7000
3f802000
3ffe7000
3f802000
3ffe7000
3f802000
3ffe7000
3f802000
3ffe7000
3f802000
3ffe7000
3f802000
3ffe7000
3f802000
3ffe7000
3f802000
3ffe7000
3f802000
3ffe7000
3f802000
3ffe7000
3f802000
3ffe7000
3f802000
3ffe7000
3f802000
3ffe7000
3f802000
3ffe7000
3f802000
3ffe7000
3f802000
3ffe7000
3f802000
3ffe7000
3f802000
3ffe7000
3f802000
3ffe7000
3f802000
3ffe7000
3f802000
3ffe7000
3f802000
3ffe7000
3f802000
3ffe7000
3f802000
3ffe7000
3f802000
3ffe7000
3f802000
3ffe7000
3f802000
3ffe7000
3f802000
3ffe7000
3f802000
3ffe7000
3f802000
3ffe7000
3f802000
3ffe7000
3f802000
3ffe7000
3f802000
3ffe7000
3f802000
3ffe7000
3f802000
3ffe7000
3f802000
3ffe7000
3f802000
3ffe7000
3f802000
3ffe7000
3f802000
3ffe7000
3f802000
3ffe7000
3f802000
3ffe7000
3f802000
3ffe7000
3f802000
3ffe7000
3f802000
3ffe7000
3f802000
3ffe7000
3f802000
3ffe7000
3f802000
3ffe7000
3f802000
3ffe7000
3f802000
3ffe7000
3f802000
3ffe7000
3f802000
3ffe7000
3f802000
3ffe7000
3f802000
3ffe7000
3f802000
3ffe7000
3f802000
3ffe7000
3f802000
3ffe7000
3f802000
3ffe7000
3f802000
3ffe7000
3f802000
3ffe7000
3f802000
3ffe7000
3f802000
3ffe7000
3f802000
4000a800
3f802000
4000a800
3f802000
4000a800
3f802000
4000a800
3f802000
4000a800
3f802000
4000a800
3f802000
4000a800
3f802000
4000a800
3f802000
4000a800
3f802000
4000a800
3f802000
4000a800
3f802000
4000a800
3f802000
4000a800
3f802000
4000a800
3f802000
4000a800
3f802000
4000a800
3f802000
4000a800
3f802000
4000a800
3f802000
4000a800
3f802000
4000a800
3f802000
4000a800
3f802000
4000a800
3f802000
4000a800
3f802000
4000a800
3f802000
4000a800
3f802000
4000a800
3f802000
4000a800
3f802000
4000a800
3f802000
4000a800
3f802000
4000a800
3f802000
4000a800
3f802000
4000a800
3f802000
4000a800
3f802000
4000a800
3f802000
4000a800
3f802000
4000a800
3f802000
4000a800
3f802000
4000a800
3f802000
4000a800
3f802000
4000a800
3f802000
4000a800
3f802000
4000a800
3f802000
4000a800
3f802000
4000a800
3f802000
4000a800
3f802000
4000a800
3f802000
4000a800
3f802000
4000a800
3f802000
4000a800
3f802000
4000a800
3f802000
4000a800
3f802000
4000a800
3f802000
4000a800
3f802000
4000a800
3f802000
4000a800
3f802000
4000a800
3f802000
4000a800
3f802000
4000a800
3f802000
4000a800
3f802000
4000a800
3f802000
4000a800
3f802000
4000a800
3f802000
4000a800
3f802000
4000a800
3f802000
4000a800
3f802000
4000a800
3f802000
40021800
3f802000
40021800
3f802000
40021800
3f802000
40021800
3f802000
40021800
3f802000
40021800
3f802000
40021800
3f802000
40021800
3f802000
40021800
3f802000
40021800
3f802000
40021800
3f802000
40021800
3f802000
40021800
3f802000
40021800
3f802000
40021800
3f802000
40021800
3f802000
40021800
3f802000
40021800
3f802000
40021800
3f802000
40021800
3f802000
40021800
3f802000
40021800
3f802000
40021800
3f802000
40021800
3f802000
40021800
3f802000
40021800
3f802000
40021800
3f802000
40021800
3f802000
40021800
3f802000
40021800
3f802000
40021800
3f802000
40021800
3f802000
40021800
3f802000
40021800
3f802000
40021800
3f802000
40021800
3f802000
40021800
3f802000
40021800
3f802000
40021800
3f802000
40021800
3f802000
40021800
3f802000
40021800
3f802000
40021800
3f802000
40021800
3f802000
40021800
3f802000
40021800
3f802000
40021800
3f802000
40021800
3f802000
40021800
3f802000
40021800
3f802000
40021800
3f802000
40021800
3f802000
40021800
3f802000
40021800
3f802000
40021800
3f802000
40021800
3f802000
40021800
3f802000
40021800
3f802000
40021800
3f802000
40021800
3f802000
40021800
3f802000
40021800
3f802000
40021800
3f802000
40021800
3f802000
40021800
3f802000
40021800
3f802000
40038800
3f802000
40038800
3f802000
40038800
3f802000
40038800
3f802000
40038800
3f802000
40038800
3f802000
40038800
3f802000
40038800
3f802000
40038800
3f802000
40038800
3f802000
40038800
3f802000
40038800
3f802000
40038800
3f802000
40038800
3f802000
40038800
3f802000
40038800
3f802000
40038800
3f802000
40038800
3f802000
40038800
3f802000
40038800
3f802000
40038800
3f802000
40038800
3f802000
40038800
3f802000
40038800
3f802000
40038800
3f802000
40038800
3f802000
40038800
3f802000
40038800
3f802000
40038800
3f802000
40038800
3f802000
40038800
3f802000
40038800
3f802000
40038800
3f802000
40038800
3f802000
40038800
3f802000
40038800
3f802000
40038800
3f802000
40038800
3f802000
40038800
3f802000
40038800
3f802000
40038800
3f802000
40038800
3f802000
40038800
3f802000
40038800
3f802000
40038800
3f802000
40038800
3f802000
40038800
3f802000
40038800
3f802000
40038800
3f802000
40038800
3f802000
40038800
3f802000
40038800
3f802000
40038800
3f802000
40038800
3f802000
40038800
3f802000
40038800
3f802000
40038800
3f802000
40038800
3f802000
40038800
3f802000
40038800
3f802000
40038800
3f802000
40038800
3f802000
40038800
3f802000
40038800
3f802000
40038800
3f802000
40038800
3f802000
4004f800
3f802000
4004f800
3f802000
4004f800
3f802000
4004f800
3f802000
4004f800
3f802000
4004f800
3f802000
4004f800
3f802000
4004f800
3f802000
4004f800
3f802000
4004f800
3f802000
4004f800
3f802000
4004f800
3f802000
4004f800
3f802000
4004f800
3f802000
4004f800
3f802000
4004f800
3f802000
4004f800
3f802000
4004f800
3f802000
4004f800
3f802000
4004f800
3f802000
4004f800
3f802000
4004f800
3f802000
4004f800
3f802000
4004f800
3f802000
4004f800
3f802000
4004f800
3f802000
4004f800
3f802000
4004f800
3f802000
4004f800
3f802000
4004f800
3f802000
4004f800
3f802000
4004f800
3f802000
4004f800
3f802000
4004f800
3f802000
4004f800
3f802000
4004f800
3f802000
4004f800
3f802000
4004f800
3f802000
4004f800
3f802000
4004f800
3f802000
4004f800
3f802000
4004f800
3f802000
4004f800
3f802000
4004f800
3f802000
4004f800
3f802000
4004f800
3f802000
4004f800
3f802000
4004f800
3f802000
4004f800
3f802000
4004f800
3f802000
4004f800
3f802000
4004f800
3f802000
4004f800
3f802000
4004f800
3f802000
4004f800
3f802000
4004f800
3f802000
4004f800
3f802000
4004f800
3f802000
4004f800
3f802000
4004f800
3f802000
4004f800
3f802000
4004f800
3f802000
4004f800
3f802000
4004f800
3f802000
4004f800
3f802000
40066800
3f802000
40066800
3f802000
40066800
3f802000
40066800
3f802000
40066800
3f802000
40066800
3f802000
40066800
3f802000
40066800
3f802000
40066800
3f802000
40066800
3f802000
40066800
3f802000
40066800
3f802000
40066800
3f802000
40066800
3f802000
40066800
3f802000
40066800
3f802000
40066800
3f802000
40066800
3f802000
40066800
3f802000
40066800
3f802000
40066800
3f802000
40066800
3f802000
40066800
3f802000
40066800
3f802000
40066800
3f802000
40066800
3f802000
40066800
3f802000
40066800
3f802000
40066800
3f802000
40066800
3f802000
40066800
3f802000
40066800
3f802000
40066800
3f802000
40066800
3f802000
40066800
3f802000
40066800
3f802000
40066800
3f802000
40066800
3f802000
40066800
3f802000
40066800
3f802000
40066800
3f802000
40066800
3f802000
40066800
3f802000
40066800
3f802000
40066800
3f802000
40066800
3f802000
40066800
3f802000
40066800
3f802000
40066800
3f802000
40066800
3f802000
40066800
3f802000
40066800
3f802000
40066800
3f802000
40066800
3f802000
40066800
3f802000
40066800
3f802000
40066800
3f802000
40066800
3f802000
40066800
3f802000
40066800
3f802000
40066800
3f802000
40066800
3f802000
40066800
3f802000
40066800
3f802000
40066800
3f802000
40066800
3f802000
4007d800
3f802000
4007d800
3f802000
4007d800
3f802000
4007d800
3f802000
4007d800
3f802000
4007d800
3f802000
4007d800
3f802000
4007d800
3f802000
4007d800
3f802000
4007d800
3f802000
4007d800
3f802000
4007d800
3f802000
4007d800
3f802000
4007d800
3f802000
4007d800
3f802000
4007d800
3f802000
4007d800
3f802000
4007d800
3f802000
4007d800
3f802000
4007d800
3f802000
4007d800
3f802000
4007d800
3f802000
4007d800
3f802000
4007d800
3f802000
4007d800
3f802000
4007d800
3f802000
4007d800
3f802000
4007d800
3f802000
4007d800
3f802000
4007d800
3f802000
4007d800
3f802000
4007d800
3f802000
4007d800
3f802000
4007d800
3f802000
4007d800
3f802000
4007d800
3f802000
4007d800
3f802000
4007d800
3f802000
4007d800
3f802000
4007d800
3f802000
4007d800
3f802000
4007d800
3f802000
4007d800
3f802000
4007d800
3f802000
4007d800
3f802000
4007d800
3f802000
4007d800
3f802000
4007d800
3f802000
4007d800
3f802000
4007d800
3f802000
4007d800
3f802000
4007d800
3f802000
4007d800
3f802000
4007d800
3f802000
4007d800
3f802000
4007d800
3f802000
4007d800
3f802000
4007d800
3f802000
4007d800
3f802000
4007d800
3f802000
4007d800
3f802000
4007d800
3f802000
4007d800
3f802000
4007d800
3f802000
4007d800
3f802000
4007d800
3f802000
40094800
3f802000
40094800
3f802000
40094800
3f802000
40094800
3f802000
40094800
3f802000
40094800
3f802000
40094800
3f802000
40094800
3f802000
40094800
3f802000
40094800
3f802000
40094800
3f802000
40094800
3f802000
40094800
3f802000
40094800
3f802000
40094800
3f802000
40094800
3f802000
40094800
3f802000
40094800
3f802000
40094800
3f802000
40094800
3f802000
40094800
3f802000
40094800
3f802000
40094800
3f802000
40094800
3f802000
40094800
3f802000
40094800
3f802000
40094800
3f802000
40094800
3f802000
40094800
3f802000
40094800
3f802000
40094800
3f802000
40094800
3f802000
40094800
3f802000
40094800
3f802000
40094800
3f802000
40094800
3f802000
40094800
3f802000
40094800
3f802000
40094800
3f802000
40094800
3f802000
40094800
3f802000
40094800
3f802000
40094800
3f802000
40094800
3f802000
40094800
3f802000
40094800
3f802000
40094800
3f802000
40094800
3f802000
40094800
3f802000
40094800
3f802000
40094800
3f802000
40094800
3f802000
40094800
3f802000
40094800
3f802000
40094800
3f802000
40094800
3f802000
40094800
3f802000
40094800
3f802000
40094800
3f802000
40094800
3f802000
40094800
3f802000
40094800
3f802000
40094800
3f802000
40094800
3f802000
40094800
3f802000
400ab800
3f802000
400ab800
3f802000
400ab800
3f802000
400ab800
3f802000
400ab800
3f802000
400ab800
3f802000
400ab800
3f802000
400ab800
3f802000
400ab800
3f802000
400ab800
3f802000
400ab800
3f802000
400ab800
3f802000
400ab800
3f802000
400ab800
3f802000
400ab800
3f802000
400ab800
3f802000
400ab800
3f802000
400ab800
3f802000
400ab800
3f802000
400ab800
3f802000
400ab800
3f802000
400ab800
3f802000
400ab800
3f802000
400ab800
3f802000
400ab800
3f802000
400ab800
3f802000
400ab800
3f802000
400ab800
3f802000
400ab800
3f802000
400ab800
3f802000
400ab800
3f802000
400ab800
3f802000
400ab800
3f802000
400ab800
3f802000
400ab800
3f802000
400ab800
3f802000
400ab800
3f802000
400ab800
3f802000
400ab800
3f802000
400ab800
3f802000
400ab800
3f802000
400ab800
3f802000
400ab800
3f802000
400ab800
3f802000
400ab800
3f802000
400ab800
3f802000
400ab800
3f802000
400ab800
3f802000
400ab800
3f802000
400ab800
3f802000
400ab800
3f802000
400ab800
3f802000
400ab800
3f802000
400ab800
3f802000
400ab800
3f802000
400ab800
3f802000
400ab800
3f802000
400ab800
3f802000
400ab800
3f802000
400ab800
3f802000
400ab800
3f802000
400ab800
3f802000
400ab800
3f802000
400ab800
3f802000
400ab800
3f802000
400ab800
3f802000
400c2800
3f802000
400c2800
3f802000
400c2800
3f802000
400c2800
3f802000
400c2800
3f802000
400c2800
3f802000
400c2800
3f802000
400c2800
3f802000
400c2800
3f802000
400c2800
3f802000
400c2800
3f802000
400c2800
3f802000
400c2800
3f802000
400c2800
3f802000
400c2800
3f802000
400c2800
3f802000
400c2800
3f802000
400c2800
3f802000
400c2800
3f802000
400c2800
3f802000
400c2800
3f802000
400c2800
3f802000
400c2800
3f802000
400c2800
3f802000
400c2800
3f802000
400c2800
3f802000
400c2800
3f802000
400c2800
3f802000
400c2800
3f802000
400c2800
3f802000
400c2800
3f802000
400c2800
3f802000
400c2800
3f802000
400c2800
3f802000
400c2800
3f802000
400c2800
3f802000
400c2800
3f802000
400c2800
3f802000
400c2800
3f802000
400c2800
3f802000
400c2800
3f802000
400c2800
3f802000
400c2800
3f802000
400c2800
3f802000
400c2800
3f802000
400c2800
3f802000
400c2800
3f802000
400c2800
3f802000
400c2800
3f802000
400c2800
3f802000
400c2800
3f802000
400c2800
3f802000
400c2800
3f802000
400c2800
3f802000
400c2800
3f802000
400c2800
3f802000
400c2800
3f802000
400c2800
3f802000
400c2800
3f802000
400c2800
3f802000
400c2800
3f802000
400c2800
3f802000
400c2800
3f802000
400c2800
3f802000
400c2800
3f802000
400c2800
3f802000
400d9800
3f802000
400d9800
3f802000
400d9800
3f802000
400d9800
3f802000
400d9800
3f802000
400d9800
3f802000
400d9800
3f802000
400d9800
3f802000
400d9800
3f802000
400d9800
3f802000
400d9800
3f802000
400d9800
3f802000
400d9800
3f802000
400d9800
3f802000
400d9800
3f802000
400d9800
3f802000
400d9800
3f802000
400d9800
3f802000
400d9800
3f802000
400d9800
3f802000
400d9800
3f802000
400d9800
3f802000
400d9800
3f802000
400d9800
3f802000
400d9800
3f802000
400d9800
3f802000
400d9800
3f802000
400d9800
3f802000
400d9800
3f802000
400d9800
3f802000
400d9800
3f802000
400d9800
3f802000
400d9800
3f802000
400d9800
3f802000
400d9800
3f802000
400d9800
3f802000
400d9800
3f802000
400d9800
3f802000
400d9800
3f802000
400d9800
3f802000
400d9800
3f802000
400d9800
3f802000
400d9800
3f802000
400d9800
3f802000
400d9800
3f802000
400d9800
3f802000
400d9800
3f802000
400d9800
3f802000
400d9800
3f802000
400d9800
3f802000
400d9800
3f802000
400d9800
3f802000
400d9800
3f802000
400d9800
3f802000
400d9800
3f802000
400d9800
3f802000
400d9800
3f802000
400d9800
3f802000
400d9800
3f802000
400d9800
3f802000
400d9800
3f802000
400d9800
3f802000
400d9800
3f802000
400d9800
3f802000
400d9800
3f802000
400d9800
3f802000
400f0800
3f802000
400f0800
3f802000
400f0800
3f802000
400f0800
3f802000
400f0800
3f802000
400f0800
3f802000
400f0800
3f802000
400f0800
3f802000
400f0800
3f802000
400f0800
3f802000
400f0800
3f802000
400f0800
3f802000
400f0800
3f802000
400f0800
3f802000
400f0800
3f802000
400f0800
3f802000
400f0800
3f802000
400f0800
3f802000
400f0800
3f802000
400f0800
3f802000
400f0800
3f802000
400f0800
3f802000
400f0800
3f802000
400f0800
3f802000
400f0800
3f802000
400f0800
3f802000
400f0800
3f802000
400f0800
3f802000
400f0800
3f802000
400f0800
3f802000
400f0800
3f802000
400f0800
3f802000
400f0800
3f802000
400f0800
3f802000
400f0800
3f802000
400f0800
3f802000
400f0800
3f802000
400f0800
3f802000
400f0800
3f802000
400f0800
3f802000
400f0800
3f802000
400f0800
3f802000
400f0800
3f802000
400f0800
3f802000
400f0800
3f802000
400f0800
3f802000
400f0800
3f802000
400f0800
3f802000
400f0800
3f802000
400f0800
3f802000
400f0800
3f802000
400f0800
3f802000
400f0800
3f802000
400f0800
3f802000
400f0800
3f802000
400f0800
3f802000
400f0800
3f802000
400f0800
3f802000
400f0800
3f802000
400f0800
3f802000
400f0800
3f802000
400f0800
3f802000
400f0800
3f802000
400f0800
3f802000
400f0800
3f802000
40108800
3f803000
40108800
3f803000
40108800
3f803000
40108800
3f803000
40108800
3f803000
40108800
3f803000
40108800
3f803000
40108800
3f803000
40108800
3f803000
40108800
3f803000
40108800
3f803000
40108800
3f803000
40108800
3f803000
40108800
3f803000
40108800
3f803000
40108800
3f803000
40108800
3f803000
40108800
3f803000
40108800
3f803000
40108800
3f803000
40108800
3f803000
40108800
3f803000
40108800
3f803000
40108800
3f803000
40108800
3f803000
40108800
3f803000
40108800
3f803000
40108800
3f803000
40108800
3f803000
40108800
3f803000
40108800
3f803000
40108800
3f803000
40108800
3f803000
40108800
3f803000
40108800
3f803000
40108800
3f803000
40108800
3f803000
40108800
3f803000
40108800
3f803000
40108800
3f803000
40108800
3f803000
40108800
3f803000
40108800
3f803000
40108800
3f803000
40108800
3f803000
40108800
3f803000
40108800
3f803000
40108800
3f803000
40108800
3f803000
40108800
3f803000
40108800
3f803000
40108800
3f803000
40108800
3f803000
40108800
3f803000
40108800
3f803000
40108800
3f803000
40108800
3f803000
40108800
3f803000
40108800
3f803000
40108800
3f803000
40108800
3f803000
40108800
3f803000
40108800
3f803000
40108800
3f803000
40108800
3f803000
40108800
3f803000
40121800
3f803000
40121800
3f803000
40121800
3f803000
40121800
3f803000
40121800
3f803000
40121800
3f803000
40121800
3f803000
40121800
3f803000
40121800
3f803000
40121800
3f803000
40121800
3f803000
40121800
3f803000
40121800
3f803000
40121800
3f803000
40121800
3f803000
40121800
3f803000
40121800
3f803000
40121800
3f803000
40121800
3f803000
40121800
3f803000
40121800
3f803000
40121800
3f803000
40121800
3f803000
40121800
3f803000
40121800
3f803000
40121800
3f803000
40121800
3f803000
40121800
3f803000
40121800
3f803000
40121800
3f803000
40121800
3f803000
40121800
3f803000
40121800
3f803000
40121800
3f803000
40121800
3f803000
40121800
3f803000
40121800
3f803000
40121800
3f803000
40121800
3f803000
40121800
3f803000
40121800
3f803000
40121800
3f803000
40121800
3f803000
40121800
3f803000
40121800
3f803000
40121800
3f803000
40121800
3f803000
40121800
3f803000
40121800
3f803000
40121800
3f803000
40121800
3f803000
40121800
3f803000
40121800
3f803000
40121800
3f803000
40121800
3f803000
40121800
3f803000
40121800
3f803000
40121800
3f803000
40121800
3f803000
40121800
3f803000
40121800
3f803000
40121800
3f803000
40121800
3f803000
40121800
3f803000
40121800
3f803000
40121800
3f803000
4013a800
3f803000
4013a800
3f803000
4013a800
3f803000
4013a800
3f803000
4013a800
3f803000
4013a800
3f803000
4013a800
3f803000
4013a800
3f803000
4013a800
3f803000
4013a800
3f803000
4013a800
3f803000
4013a800
3f803000
4013a800
3f803000
4013a800
3f803000
4013a800
3f803000
4013a800
3f803000
4013a800
3f803000
4013a800
3f803000
4013a800
3f803000
4013a800
3f803000
4013a800
3f803000
4013a800
3f803000
4013a800
3f803000
4013a800
3f803000
4013a800
3f803000
4013a800
3f803000
4013a800
3f803000
4013a800
3f803000
4013a800
3f803000
4013a800
3f803000
4013a800
3f803000
4013a800
3f803000
4013a800
3f803000
4013a800
3f803000
4013a800
3f803000
4013a800
3f803000
4013a800
3f803000
4013a800
3f803000
4013a800
3f803000
4013a800
3f803000
4013a800
3f803000
4013a800
3f803000
4013a800
3f803000
4013a800
3f803000
4013a800
3f803000
4013a800
3f803000
4013a800
3f803000
4013a800
3f803000
4013a800
3f803000
4013a800
3f803000
4013a800
3f803000
4013a800
3f803000
4013a800
3f803000
4013a800
3f803000
4013a800
3f803000
4013a800
3f803000
4013a800
3f803000
4013a800
3f803000
4013a800
3f803000
4013a800
3f803000
4013a800
3f803000
4013a800
3f803000
4013a800
3f803000
4013a800
3f803000
4013a800
3f803000
4013a800
3f803000
40153800
3f803000
40153800
3f803000
40153800
3f803000
40153800
3f803000
40153800
3f803000
40153800
3f803000
40153800
3f803000
40153800
3f803000
40153800
3f803000
40153800
3f803000
40153800
3f803000
40153800
3f803000
40153800
3f803000
40153800
3f803000
40153800
3f803000
40153800
3f803000
40153800
3f803000
40153800
3f803000
40153800
3f803000
40153800
3f803000
40153800
3f803000
40153800
3f803000
40153800
3f803000
40153800
3f803000
40153800
3f803000
40153800
3f803000
40153800
3f803000
40153800
3f803000
40153800
3f803000
40153800
3f803000
40153800
3f803000
40153800
3f803000
40153800
3f803000
40153800
3f803000
40153800
3f803000
40153800
3f803000
40153800
3f803000
40153800
3f803000
40153800
3f803000
40153800
3f803000
40153800
3f803000
40153800
3f803000
40153800
3f803000
40153800
3f803000
40153800
3f803000
40153800
3f803000
40153800
3f803000
40153800
3f803000
40153800
3f803000
40153800
3f803000
40153800
3f803000
40153800
3f803000
40153800
3f803000
40153800
3f803000
40153800
3f803000
40153800
3f803000
40153800
3f803000
40153800
3f803000
40153800
3f803000
40153800
3f803000
40153800
3f803000
40153800
3f803000
40153800
3f803000
40153800
3f803000
40153800
3f803000
4016c800
3f803000
4016c800
3f803000
4016c800
3f803000
4016c800
3f803000
4016c800
3f803000
4016c800
3f803000
4016c800
3f803000
4016c800
3f803000
4016c800
3f803000
4016c800
3f803000
4016c800
3f803000
4016c800
3f803000
4016c800
3f803000
4016c800
3f803000
4016c800
3f803000
4016c800
3f803000
4016c800
3f803000
4016c800
3f803000
4016c800
3f803000
4016c800
3f803000
4016c800
3f803000
4016c800
3f803000
4016c800
3f803000
4016c800
3f803000
4016c800
3f803000
4016c800
3f803000
4016c800
3f803000
4016c800
3f803000
4016c800
3f803000
4016c800
3f803000
4016c800
3f803000
4016c800
3f803000
4016c800
3f803000
4016c800
3f803000
4016c800
3f803000
4016c800
3f803000
4016c800
3f803000
4016c800
3f803000
4016c800
3f803000
4016c800
3f803000
4016c800
3f803000
4016c800
3f803000
4016c800
3f803000
4016c800
3f803000
4016c800
3f803000
4016c800
3f803000
4016c800
3f803000
4016c800
3f803000
4016c800
3f803000
4016c800
3f803000
4016c800
3f803000
4016c800
3f803000
4016c800
3f803000
4016c800
3f803000
4016c800
3f803000
4016c800
3f803000
4016c800
3f803000
4016c800
3f803000
4016c800
3f803000
4016c800
3f803000
4016c800
3f803000
4016c800
3f803000
4016c800
3f803000
4016c800
3f803000
4016c800
3f803000
4016c800
3f803000
40185800
3f803000
40185800
3f803000
40185800
3f803000
40185800
3f803000
40185800
3f803000
40185800
3f803000
40185800
3f803000
40185800
3f803000
40185800
3f803000
40185800
3f803000
40185800
3f803000
40185800
3f803000
40185800
3f803000
40185800
3f803000
40185800
3f803000
40185800
3f803000
40185800
3f803000
40185800
3f803000
40185800
3f803000
40185800
3f803000
40185800
3f803000
40185800
3f803000
40185800
3f803000
40185800
3f803000
40185800
3f803000
40185800
3f803000
40185800
3f803000
40185800
3f803000
40185800
3f803000
40185800
3f803000
40185800
3f803000
40185800
3f803000
40185800
3f803000
40185800
3f803000
40185800
3f803000
40185800
3f803000
40185800
3f803000
40185800
3f803000
40185800
3f803000
40185800
3f803000
40185800
3f803000
40185800
3f803000
40185800
3f803000
40185800
3f803000
40185800
3f803000
40185800
3f803000
40185800
3f803000
40185800
3f803000
40185800
3f803000
40185800
3f803000
40185800
3f803000
40185800
3f803000
40185800
3f803000
40185800
3f803000
40185800
3f803000
40185800
3f803000
40185800
3f803000
40185800
3f803000
40185800
3f803000
40185800
3f803000
40185800
3f803000
40185800
3f803000
40185800
3f803000
40185800
3f803000
40185800
3f803000
40185800
3f803000
4019e800
3f803000
4019e800
3f803000
4019e800
3f803000
4019e800
3f803000
4019e800
3f803000
4019e800
3f803000
4019e800
3f803000
4019e800
3f803000
4019e800
3f803000
4019e800
3f803000
4019e800
3f803000
4019e800
3f803000
4019e800
3f803000
4019e800
3f803000
4019e800
3f803000
4019e800
3f803000
4019e800
3f803000
4019e800
3f803000
4019e800
3f803000
4019e800
3f803000
4019e800
3f803000
4019e800
3f803000
4019e800
3f803000
4019e800
3f803000
4019e800
3f803000
4019e800
3f803000
4019e800
3f803000
4019e800
3f803000
4019e800
3f803000
4019e800
3f803000
4019e800
3f803000
4019e800
3f803000
4019e800
3f803000
4019e800
3f803000
4019e800
3f803000
4019e800
3f803000
4019e800
3f803000
4019e800
3f803000
4019e800
3f803000
4019e800
3f803000
4019e800
3f803000
4019e800
3f803000
4019e800
3f803000
4019e800
3f803000
4019e800
3f803000
4019e800
3f803000
4019e800
3f803000
4019e800
3f803000
4019e800
3f803000
4019e800
3f803000
4019e800
3f803000
4019e800
3f803000
4019e800
3f803000
4019e800
3f803000
4019e800
3f803000
4019e800
3f803000
4019e800
3f803000
4019e800
3f803000
4019e800
3f803000
4019e800
3f803000
4019e800
3f803000
4019e800
3f803000
4019e800
3f803000
4019e800
3f803000
4019e800
3f803000
4019e800
3f803000
401b7800
3f803000
401b7800
3f803000
401b7800
3f803000
401b7800
3f803000
401b7800
3f803000
401b7800
3f803000
401b7800
3f803000
401b7800
3f803000
401b7800
3f803000
401b7800
3f803000
401b7800
3f803000
401b7800
3f803000
401b7800
3f803000
401b7800
3f803000
401b7800
3f803000
401b7800
3f803000
401b7800
3f803000
401b7800
3f803000
401b7800
3f803000
401b7800
3f803000
401b7800
3f803000
401b7800
3f803000
401b7800
3f803000
401b7800
3f803000
401b7800
3f803000
401b7800
3f803000
401b7800
3f803000
401b7800
3f803000
401b7800
3f803000
401b7800
3f803000
401b7800
3f803000
401b7800
3f803000
401b7800
3f803000
401b7800
3f803000
401b7800
3f803000
401b7800
3f803000
401b7800
3f803000
401b7800
3f803000
401b7800
3f803000
401b7800
3f803000
401b7800
3f803000
401b7800
3f803000
401b7800
3f803000
401b7800
3f803000
401b7800
3f803000
401b7800
3f803000
401b7800
3f803000
401b7800
3f803000
401b7800
3f803000
401b7800
3f803000
401b7800
3f803000
401b7800
3f803000
401b7800
3f803000
401b7800
3f803000
401b7800
3f803000
401b7800
3f803000
401b7800
3f803000
401b7800
3f803000
401b7800
3f803000
401b7800
3f803000
401b7800
3f803000
401b7800
3f803000
401b7800
3f803000
401b7800
3f803000
401b7800
3f803000
401d0800
3f803000
401d0800
3f803000
401d0800
3f803000
401d0800
3f803000
401d0800
3f803000
401d0800
3f803000
401d0800
3f803000
401d0800
3f803000
401d0800
3f803000
401d0800
3f803000
401d0800
3f803000
401d0800
3f803000
401d0800
3f803000
401d0800
3f803000
401d0800
3f803000
401d0800
3f803000
401d0800
3f803000
401d0800
3f803000
401d0800
3f803000
401d0800
3f803000
401d0800
3f803000
401d0800
3f803000
401d0800
3f803000
401d0800
3f803000
401d0800
3f803000
401d0800
3f803000
401d0800
3f803000
401d0800
3f803000
401d0800
3f803000
401d0800
3f803000
401d0800
3f803000
401d0800
3f803000
401d0800
3f803000
401d0800
3f803000
401d0800
3f803000
401d0800
3f803000
401d0800
3f803000
401d0800
3f803000
401d0800
3f803000
401d0800
3f803000
401d0800
3f803000
401d0800
3f803000
401d0800
3f803000
401d0800
3f803000
401d0800
3f803000
401d0800
3f803000
401d0800
3f803000
401d0800
3f803000
401d0800
3f803000
401d0800
3f803000
401d0800
3f803000
401d0800
3f803000
401d0800
3f803000
401d0800
3f803000
401d0800
3f803000
401d0800
3f803000
401d0800
3f803000
401d0800
3f803000
401d0800
3f803000
401d0800
3f803000
401d0800
3f803000
401d0800
3f803000
401d0800
3f803000
401d0800
3f803000
401d0800
3f803000
401d0800
3f803000
401e9800
3f803000
401e9800
3f803000
401e9800
3f803000
401e9800
3f803000
401e9800
3f803000
401e9800
3f803000
401e9800
3f803000
401e9800
3f803000
401e9800
3f803000
401e9800
3f803000
401e9800
3f803000
401e9800
3f803000
401e9800
3f803000
401e9800
3f803000
401e9800
3f803000
401e9800
3f803000
401e9800
3f803000
401e9800
3f803000
401e9800
3f803000
401e9800
3f803000
401e9800
3f803000
401e9800
3f803000
401e9800
3f803000
401e9800
3f803000
401e9800
3f803000
401e9800
3f803000
401e9800
3f803000
401e9800
3f803000
401e9800
3f803000
401e9800
3f803000
401e9800
3f803000
401e9800
3f803000
401e9800
3f803000
401e9800
3f803000
401e9800
3f803000
401e9800
3f803000
401e9800
3f803000
401e9800
3f803000
401e9800
3f803000
401e9800
3f803000
401e9800
3f803000
401e9800
3f803000
401e9800
3f803000
401e9800
3f803000
401e9800
3f803000
401e9800
3f803000
401e9800
3f803000
401e9800
3f803000
401e9800
3f803000
401e9800
3f803000
401e9800
3f803000
401e9800
3f803000
401e9800
3f803000
401e9800
3f803000
401e9800
3f803000
401e9800
3f803000
401e9800
3f803000
401e9800
3f803000
401e9800
3f803000
401e9800
3f803000
401e9800
3f803000
401e9800
3f803000
401e9800
3f803000
401e9800
3f803000
401e9800
3f803000
401e9800
3f803000
40202800
3f803000
40202800
3f803000
40202800
3f803000
40202800
3f803000
40202800
3f803000
40202800
3f803000
40202800
3f803000
40202800
3f803000
40202800
3f803000
40202800
3f803000
40202800
3f803000
40202800
3f803000
40202800
3f803000
40202800
3f803000
40202800
3f803000
40202800
3f803000
40202800
3f803000
40202800
3f803000
40202800
3f803000
40202800
3f803000
40202800
3f803000
40202800
3f803000
40202800
3f803000
40202800
3f803000
40202800
3f803000
40202800
3f803000
40202800
3f803000
40202800
3f803000
40202800
3f803000
40202800
3f803000
40202800
3f803000
40202800
3f803000
40202800
3f803000
40202800
3f803000
40202800
3f803000
40202800
3f803000
40202800
3f803000
40202800
3f803000
40202800
3f803000
40202800
3f803000
40202800
3f803000
40202800
3f803000
40202800
3f803000
40202800
3f803000
40202800
3f803000
40202800
3f803000
40202800
3f803000
40202800
3f803000
40202800
3f803000
40202800
3f803000
40202800
3f803000
40202800
3f803000
40202800
3f803000
40202800
3f803000
40202800
3f803000
40202800
3f803000
40202800
3f803000
40202800
3f803000
40202800
3f803000
40202800
3f803000
40202800
3f803000
40202800
3f803000
40202800
3f803000
40202800
3f803000
40202800
3f803000
4021b800
3f803000
4021b800
3f803000
4021b800
3f803000
4021b800
3f803000
4021b800
3f803000
4021b800
3f803000
4021b800
3f803000
4021b800
3f803000
4021b800
3f803000
4021b800
3f803000
4021b800
3f803000
4021b800
3f803000
4021b800
3f803000
4021b800
3f803000
4021b800
3f803000
4021b800
3f803000
4021b800
3f803000
4021b800
3f803000
4021b800
3f803000
4021b800
3f803000
4021b800
3f803000
4021b800
3f803000
4021b800
3f803000
4021b800
3f803000
4021b800
3f803000
4021b800
3f803000
4021b800
3f803000
4021b800
3f803000
4021b800
3f803000
4021b800
3f803000
4021b800
3f803000
4021b800
3f803000
4021b800
3f803000
4021b800
3f803000
4021b800
3f803000
4021b800
3f803000
4021b800
3f803000
4021b800
3f803000
4021b800
3f803000
4021b800
3f803000
4021b800
3f803000
4021b800
3f803000
4021b800
3f803000
4021b800
3f803000
4021b800
3f803000
4021b800
3f803000
4021b800
3f803000
4021b800
3f803000
4021b800
3f803000
4021b800
3f803000
4021b800
3f803000
4021b800
3f803000
4021b800
3f803000
4021b800
3f803000
4021b800
3f803000
4021b800
3f803000
4021b800
3f803000
4021b800
3f803000
4021b800
3f803000
4021b800
3f803000
4021b800
3f803000
4021b800
3f803000
4021b800
3f803000
4021b800
3f803000
4021b800
3f803000
4021b800
3f803000
40234800
3f803000
40234800
3f803000
40234800
3f803000
40234800
3f803000
40234800
3f803000
40234800
3f803000
40234800
3f803000
40234800
3f803000
40234800
3f803000
40234800
3f803000
40234800
3f803000
40234800
3f803000
40234800
3f803000
40234800
3f803000
40234800
3f803000
40234800
3f803000
40234800
3f803000
40234800
3f803000
40234800
3f803000
40234800
3f803000
40234800
3f803000
40234800
3f803000
40234800
3f803000
40234800
3f803000
40234800
3f803000
40234800
3f803000
40234800
3f803000
40234800
3f803000
40234800
3f803000
40234800
3f803000
40234800
3f803000
40234800
3f803000
40234800
3f803000
40234800
3f803000
40234800
3f803000
40234800
3f803000
40234800
3f803000
40234800
3f803000
40234800
3f803000
40234800
3f803000
40234800
3f803000
40234800
3f803000
40234800
3f803000
40234800
3f803000
40234800
3f803000
40234800
3f803000
40234800
3f803000
40234800
3f803000
40234800
3f803000
40234800
3f803000
40234800
3f803000
40234800
3f803000
40234800
3f803000
40234800
3f803000
40234800
3f803000
40234800
3f803000
40234800
3f803000
40234800
3f803000
40234800
3f803000
40234800
3f803000
40234800
3f803000
40234800
3f803000
40234800
3f803000
40234800
3f803000
40234800
3f803000
40234800
3f803000
4024d800
3f803000
4024d800
3f803000
4024d800
3f803000
4024d800
3f803000
4024d800
3f803000
4024d800
3f803000
4024d800
3f803000
4024d800
3f803000
4024d800
3f803000
4024d800
3f803000
4024d800
3f803000
4024d800
3f803000
4024d800
3f803000
4024d800
3f803000
4024d800
3f803000
4024d800
3f803000
4024d800
3f803000
4024d800
3f803000
4024d800
3f803000
4024d800
3f803000
4024d800
3f803000
4024d800
3f803000
4024d800
3f803000
4024d800
3f803000
4024d800
3f803000
4024d800
3f803000
4024d800
3f803000
4024d800
3f803000
4024d800
3f803000
4024d800
3f803000
4024d800
3f803000
4024d800
3f803000
4024d800
3f803000
4024d800
3f803000
4024d800
3f803000
4024d800
3f803000
4024d800
3f803000
4024d800
3f803000
4024d800
3f803000
4024d800
3f803000
4024d800
3f803000
4024d800
3f803000
4024d800
3f803000
4024d800
3f803000
4024d800
3f803000
4024d800
3f803000
4024d800
3f803000
4024d800
3f803000
4024d800
3f803000
4024d800
3f803000
4024d800
3f803000
4024d800
3f803000
4024d800
3f803000
4024d800
3f803000
4024d800
3f803000
4024d800
3f803000
4024d800
3f803000
4024d800
3f803000
4024d800
3f803000
4024d800
3f803000
4024d800
3f803000
4024d800
3f803000
4024d800
3f803000
4024d800
3f803000
4024d800
3f803000
4024d800
3f803000
40266800
3f803000
40266800
3f803000
40266800
3f803000
40266800
3f803000
40266800
3f803000
40266800
3f803000
40266800
3f803000
40266800
3f803000
40266800
3f803000
40266800
3f803000
40266800
3f803000
40266800
3f803000
40266800
3f803000
40266800
3f803000
40266800
3f803000
40266800
3f803000
40266800
3f803000
40266800
3f803000
40266800
3f803000
40266800
3f803000
40266800
3f803000
40266800
3f803000
40266800
3f803000
40266800
3f803000
40266800
3f803000
40266800
3f803000
40266800
3f803000
40266800
3f803000
40266800
3f803000
40266800
3f803000
40266800
3f803000
40266800
3f803000
40266800
3f803000
40266800
3f803000
40266800
3f803000
40266800
3f803000
40266800
3f803000
40266800
3f803000
40266800
3f803000
40266800
3f803000
40266800
3f803000
40266800
3f803000
40266800
3f803000
40266800
3f803000
40266800
3f803000
40266800
3f803000
40266800
3f803000
40266800
3f803000
40266800
3f803000
40266800
3f803000
40266800
3f803000
40266800
3f803000
40266800
3f803000
40266800
3f803000
40266800
3f803000
40266800
3f803000
40266800
3f803000
40266800
3f803000
40266800
3f803000
40266800
3f803000
40266800
3f803000
40266800
3f803000
40266800
3f803000
40266800
3f803000
40266800
3f803000
4027f800
3f803000
4027f800
3f803000
4027f800
3f803000
4027f800
3f803000
4027f800
3f803000
4027f800
3f803000
4027f800
3f803000
4027f800
3f803000
4027f800
3f803000
4027f800
3f803000
4027f800
3f803000
4027f800
3f803000
4027f800
3f803000
4027f800
3f803000
4027f800
3f803000
4027f800
3f803000
4027f800
3f803000
4027f800
3f803000
4027f800
3f803000
4027f800
3f803000
4027f800
3f803000
4027f800
3f803000
4027f800
3f803000
4027f800
3f803000
4027f800
3f803000
4027f800
3f803000
4027f800
3f803000
4027f800
3f803000
4027f800
3f803000
4027f800
3f803000
4027f800
3f803000
4027f800
3f803000
4027f800
3f803000
4027f800
3f803000
4027f800
3f803000
4027f800
3f803000
4027f800
3f803000
4027f800
3f803000
4027f800
3f803000
4027f800
3f803000
4027f800
3f803000
4027f800
3f803000
4027f800
3f803000
4027f800
3f803000
4027f800
3f803000
4027f800
3f803000
4027f800
3f803000
4027f800
3f803000
4027f800
3f803000
4027f800
3f803000
4027f800
3f803000
4027f800
3f803000
4027f800
3f803000
4027f800
3f803000
4027f800
3f803000
4027f800
3f803000
4027f800
3f803000
4027f800
3f803000
4027f800
3f803000
4027f800
3f803000
4027f800
3f803000
4027f800
3f803000
4027f800
3f803000
4027f800
3f803000
4027f800
3f803000
4027f800
3f803000
40299800
3f802000
40299800
3f802000
40299800
3f802000
40299800
3f802000
40299800
3f802000
40299800
3f802000
40299800
3f802000
40299800
3f802000
40299800
3f802000
40299800
3f802000
40299800
3f802000
40299800
3f802000
40299800
3f802000
40299800
3f802000
40299800
3f802000
40299800
3f802000
40299800
3f802000
40299800
3f802000
40299800
3f802000
40299800
3f802000
40299800
3f802000
40299800
3f802000
40299800
3f802000
40299800
3f802000
40299800
3f802000
40299800
3f802000
40299800
3f802000
40299800
3f802000
40299800
3f802000
40299800
3f802000
40299800
3f802000
40299800
3f802000
40299800
3f802000
40299800
3f802000
40299800
3f802000
40299800
3f802000
40299800
3f802000
40299800
3f802000
40299800
3f802000
40299800
3f802000
40299800
3f802000
40299800
3f802000
40299800
3f802000
40299800
3f802000
40299800
3f802000
40299800
3f802000
40299800
3f802000
40299800
3f802000
40299800
3f802000
40299800
3f802000
40299800
3f802000
40299800
3f802000
40299800
3f802000
40299800
3f802000
40299800
3f802000
40299800
3f802000
40299800
3f802000
40299800
3f802000
40299800
3f802000
40299800
3f802000
40299800
3f802000
40299800
3f802000
40299800
3f802000
40299800
3f802000
40299800
3f802000
40299800
3f802000
402b4800
3f802000
402b4800
3f802000
402b4800
3f802000
402b4800
3f802000
402b4800
3f802000
402b4800
3f802000
402b4800
3f802000
402b4800
3f802000
402b4800
3f802000
402b4800
3f802000
402b4800
3f802000
402b4800
3f802000
402b4800
3f802000
402b4800
3f802000
402b4800
3f802000
402b4800
3f802000
402b4800
3f802000
402b4800
3f802000
402b4800
3f802000
402b4800
3f802000
402b4800
3f802000
402b4800
3f802000
402b4800
3f802000
402b4800
3f802000
402b4800
3f802000
402b4800
3f802000
402b4800
3f802000
402b4800
3f802000
402b4800
3f802000
402b4800
3f802000
402b4800
3f802000
402b4800
3f802000
402b4800
3f802000
402b4800
3f802000
402b4800
3f802000
402b4800
3f802000
402b4800
3f802000
402b4800
3f802000
402b4800
3f802000
402b4800
3f802000
402b4800
3f802000
402b4800
3f802000
402b4800
3f802000
402b4800
3f802000
402b4800
3f802000
402b4800
3f802000
402b4800
3f802000
402b4800
3f802000
402b4800
3f802000
402b4800
3f802000
402b4800
3f802000
402b4800
3f802000
402b4800
3f802000
402b4800
3f802000
402b4800
3f802000
402b4800
3f802000
402b4800
3f802000
402b4800
3f802000
402b4800
3f802000
402b4800
3f802000
402b4800
3f802000
402b4800
3f802000
402b4800
3f802000
402b4800
3f802000
402b4800
3f802000
402b4800
3f802000
402cf800
3f802000
402cf800
3f802000
402cf800
3f802000
402cf800
3f802000
402cf800
3f802000
402cf800
3f802000
402cf800
3f802000
402cf800
3f802000
402cf800
3f802000
402cf800
3f802000
402cf800
3f802000
402cf800
3f802000
402cf800
3f802000
402cf800
3f802000
402cf800
3f802000
402cf800
3f802000
402cf800
3f802000
402cf800
3f802000
402cf800
3f802000
402cf800
3f802000
402cf800
3f802000
402cf800
3f802000
402cf800
3f802000
402cf800
3f802000
402cf800
3f802000
402cf800
3f802000
402cf800
3f802000
402cf800
3f802000
402cf800
3f802000
402cf800
3f802000
402cf800
3f802000
402cf800
3f802000
402cf800
3f802000
402cf800
3f802000
402cf800
3f802000
402cf800
3f802000
402cf800
3f802000
402cf800
3f802000
402cf800
3f802000
402cf800
3f802000
402cf800
3f802000
402cf800
3f802000
402cf800
3f802000
402cf800
3f802000
402cf800
3f802000
402cf800
3f802000
402cf800
3f802000
402cf800
3f802000
402cf800
3f802000
402cf800
3f802000
402cf800
3f802000
402cf800
3f802000
402cf800
3f802000
402cf800
3f802000
402cf800
3f802000
402cf800
3f802000
402cf800
3f802000
402cf800
3f802000
402cf800
3f802000
402cf800
3f802000
402cf800
3f802000
402cf800
3f802000
402cf800
3f802000
402cf800
3f802000
402cf800
3f802000
402ea800
3f802000
402ea800
3f802000
402ea800
3f802000
402ea800
3f802000
402ea800
3f802000
402ea800
3f802000
402ea800
3f802000
402ea800
3f802000
402ea800
3f802000
402ea800
3f802000
402ea800
3f802000
402ea800
3f802000
402ea800
3f802000
402ea800
3f802000
402ea800
3f802000
402ea800
3f802000
402ea800
3f802000
402ea800
3f802000
402ea800
3f802000
402ea800
3f802000
402ea800
3f802000
402ea800
3f802000
402ea800
3f802000
402ea800
3f802000
402ea800
3f802000
402ea800
3f802000
402ea800
3f802000
402ea800
3f802000
402ea800
3f802000
402ea800
3f802000
402ea800
3f802000
402ea800
3f802000
402ea800
3f802000
402ea800
3f802000
402ea800
3f802000
402ea800
3f802000
402ea800
3f802000
402ea800
3f802000
402ea800
3f802000
402ea800
3f802000
402ea800
3f802000
402ea800
3f802000
402ea800
3f802000
402ea800
3f802000
402ea800
3f802000
402ea800
3f802000
402ea800
3f802000
402ea800
3f802000
402ea800
3f802000
402ea800
3f802000
402ea800
3f802000
402ea800
3f802000
402ea800
3f802000
402ea800
3f802000
402ea800
3f802000
402ea800
3f802000
402ea800
3f802000
402ea800
3f802000
402ea800
3f802000
402ea800
3f802000
402ea800
3f802000
402ea800
3f802000
402ea800
3f802000
402ea800
3f802000
402ea800
3f802000
402ea800
3f802000
40305800
3f802000
40305800
3f802000
40305800
3f802000
40305800
3f802000
40305800
3f802000
40305800
3f802000
40305800
3f802000
40305800
3f802000
40305800
3f802000
40305800
3f802000
40305800
3f802000
40305800
3f802000
40305800
3f802000
40305800
3f802000
40305800
3f802000
40305800
3f802000
40305800
3f802000
40305800
3f802000
40305800
3f802000
40305800
3f802000
40305800
3f802000
40305800
3f802000
40305800
3f802000
40305800
3f802000
40305800
3f802000
40305800
3f802000
40305800
3f802000
40305800
3f802000
40305800
3f802000
40305800
3f802000
40305800
3f802000
40305800
3f802000
40305800
3f802000
40305800
3f802000
40305800
3f802000
40305800
3f802000
40305800
3f802000
40305800
3f802000
40305800
3f802000
40305800
3f802000
40305800
3f802000
40305800
3f802000
40305800
3f802000
40305800
3f802000
40305800
3f802000
40305800
3f802000
40305800
3f802000
40305800
3f802000
40305800
3f802000
40305800
3f802000
40305800
3f802000
40305800
3f802000
40305800
3f802000
40305800
3f802000
40305800
3f802000
40305800
3f802000
40305800
3f802000
40305800
3f802000
40305800
3f802000
40305800
3f802000
40305800
3f802000
40305800
3f802000
40305800
3f802000
40305800
3f802000
40305800
3f802000
40305800
3f802000
40320800
3f802000
40320800
3f802000
40320800
3f802000
40320800
3f802000
40320800
3f802000
40320800
3f802000
40320800
3f802000
40320800
3f802000
40320800
3f802000
40320800
3f802000
40320800
3f802000
40320800
3f802000
40320800
3f802000
40320800
3f802000
40320800
3f802000
40320800
3f802000
40320800
3f802000
40320800
3f802000
40320800
3f802000
40320800
3f802000
40320800
3f802000
40320800
3f802000
40320800
3f802000
40320800
3f802000
40320800
3f802000
40320800
3f802000
40320800
3f802000
40320800
3f802000
40320800
3f802000
40320800
3f802000
40320800
3f802000
40320800
3f802000
40320800
3f802000
40320800
3f802000
40320800
3f802000
40320800
3f802000
40320800
3f802000
40320800
3f802000
40320800
3f802000
40320800
3f802000
40320800
3f802000
40320800
3f802000
40320800
3f802000
40320800
3f802000
40320800
3f802000
40320800
3f802000
40320800
3f802000
40320800
3f802000
40320800
3f802000
40320800
3f802000
40320800
3f802000
40320800
3f802000
40320800
3f802000
40320800
3f802000
40320800
3f802000
40320800
3f802000
40320800
3f802000
40320800
3f802000
40320800
3f802000
40320800
3f802000
40320800
3f802000
40320800
3f802000
40320800
3f802000
40320800
3f802000
40320800
3f802000
40320800
3f802000
4033b800
3f802000
4033b800
3f802000
4033b800
3f802000
4033b800
3f802000
4033b800
3f802000
4033b800
3f802000
4033b800
3f802000
4033b800
3f802000
4033b800
3f802000
4033b800
3f802000
4033b800
3f802000
4033b800
3f802000
4033b800
3f802000
4033b800
3f802000
4033b800
3f802000
4033b800
3f802000
4033b800
3f802000
4033b800
3f802000
4033b800
3f802000
4033b800
3f802000
4033b800
3f802000
4033b800
3f802000
4033b800
3f802000
4033b800
3f802000
4033b800
3f802000
4033b800
3f802000
4033b800
3f802000
4033b800
3f802000
4033b800
3f802000
4033b800
3f802000
4033b800
3f802000
4033b800
3f802000
4033b800
3f802000
4033b800
3f802000
4033b800
3f802000
4033b800
3f802000
4033b800
3f802000
4033b800
3f802000
4033b800
3f802000
4033b800
3f802000
4033b800
3f802000
4033b800
3f802000
4033b800
3f802000
4033b800
3f802000
4033b800
3f802000
4033b800
3f802000
4033b800
3f802000
4033b800
3f802000
4033b800
3f802000
4033b800
3f802000
4033b800
3f802000
4033b800
3f802000
4033b800
3f802000
4033b800
3f802000
4033b800
3f802000
4033b800
3f802000
4033b800
3f802000
4033b800
3f802000
4033b800
3f802000
4033b800
3f802000
4033b800
3f802000
4033b800
3f802000
4033b800
3f802000
4033b800
3f802000
4033b800
3f802000
40356800
3f802000
40356800
3f802000
40356800
3f802000
40356800
3f802000
40356800
3f802000
40356800
3f802000
40356800
3f802000
40356800
3f802000
40356800
3f802000
40356800
3f802000
40356800
3f802000
40356800
3f802000
40356800
3f802000
40356800
3f802000
40356800
3f802000
40356800
3f802000
40356800
3f802000
40356800
3f802000
40356800
3f802000
40356800
3f802000
40356800
3f802000
40356800
3f802000
40356800
3f802000
40356800
3f802000
40356800
3f802000
40356800
3f802000
40356800
3f802000
40356800
3f802000
40356800
3f802000
40356800
3f802000
40356800
3f802000
40356800
3f802000
40356800
3f802000
40356800
3f802000
40356800
3f802000
40356800
3f802000
40356800
3f802000
40356800
3f802000
40356800
3f802000
40356800
3f802000
40356800
3f802000
40356800
3f802000
40356800
3f802000
40356800
3f802000
40356800
3f802000
40356800
3f802000
40356800
3f802000
40356800
3f802000
40356800
3f802000
40356800
3f802000
40356800
3f802000
40356800
3f802000
40356800
3f802000
40356800
3f802000
40356800
3f802000
40356800
3f802000
40356800
3f802000
40356800
3f802000
40356800
3f802000
40356800
3f802000
40356800
3f802000
40356800
3f802000
40356800
3f802000
40356800
3f802000
40356800
3f802000
40356800
3f802000
40371800
3f802000
40371800
3f802000
40371800
3f802000
40371800
3f802000
40371800
3f802000
40371800
3f802000
40371800
3f802000
40371800
3f802000
40371800
3f802000
40371800
3f802000
40371800
3f802000
40371800
3f802000
40371800
3f802000
40371800
3f802000
40371800
3f802000
40371800
3f802000
40371800
3f802000
40371800
3f802000
40371800
3f802000
40371800
3f802000
40371800
3f802000
40371800
3f802000
40371800
3f802000
40371800
3f802000
40371800
3f802000
40371800
3f802000
40371800
3f802000
40371800
3f802000
40371800
3f802000
40371800
3f802000
40371800
3f802000
40371800
3f802000
40371800
3f802000
40371800
3f802000
40371800
3f802000
40371800
3f802000
40371800
3f802000
40371800
3f802000
40371800
3f802000
40371800
3f802000
40371800
3f802000
40371800
3f802000
40371800
3f802000
40371800
3f802000
40371800
3f802000
40371800
3f802000
40371800
3f802000
40371800
3f802000
40371800
3f802000
40371800
3f802000
40371800
3f802000
40371800
3f802000
40371800
3f802000
40371800
3f802000
40371800
3f802000
40371800
3f802000
40371800
3f802000
40371800
3f802000
40371800
3f802000
40371800
3f802000
40371800
3f802000
40371800
3f802000
40371800
3f802000
40371800
3f802000
40371800
3f802000
40371800
3f802000
4038c800
3f802000
4038c800
3f802000
4038c800
3f802000
4038c800
3f802000
4038c800
3f802000
4038c800
3f802000
4038c800
3f802000
4038c800
3f802000
4038c800
3f802000
4038c800
3f802000
4038c800
3f802000
4038c800
3f802000
4038c800
3f802000
4038c800
3f802000
4038c800
3f802000
4038c800
3f802000
4038c800
3f802000
4038c800
3f802000
4038c800
3f802000
4038c800
3f802000
4038c800
3f802000
4038c800
3f802000
4038c800
3f802000
4038c800
3f802000
4038c800
3f802000
4038c800
3f802000
4038c800
3f802000
4038c800
3f802000
4038c800
3f802000
4038c800
3f802000
4038c800
3f802000
4038c800
3f802000
4038c800
3f802000
4038c800
3f802000
4038c800
3f802000
4038c800
3f802000
4038c800
3f802000
4038c800
3f802000
4038c800
3f802000
4038c800
3f802000
4038c800
3f802000
4038c800
3f802000
4038c800
3f802000
4038c800
3f802000
4038c800
3f802000
4038c800
3f802000
4038c800
3f802000
4038c800
3f802000
4038c800
3f802000
4038c800
3f802000
4038c800
3f802000
4038c800
3f802000
4038c800
3f802000
4038c800
3f802000
4038c800
3f802000
4038c800
3f802000
4038c800
3f802000
4038c800
3f802000
4038c800
3f802000
4038c800
3f802000
4038c800
3f802000
4038c800
3f802000
4038c800
3f802000
4038c800
3f802000
4038c800
3f802000
403a7800
3f802000
403a7800
3f802000
403a7800
3f802000
403a7800
3f802000
403a7800
3f802000
403a7800
3f802000
403a7800
3f802000
403a7800
3f802000
403a7800
3f802000
403a7800
3f802000
403a7800
3f802000
403a7800
3f802000
403a7800
3f802000
403a7800
3f802000
403a7800
3f802000
403a7800
3f802000
403a7800
3f802000
403a7800
3f802000
403a7800
3f802000
403a7800
3f802000
403a7800
3f802000
403a7800
3f802000
403a7800
3f802000
403a7800
3f802000
403a7800
3f802000
403a7800
3f802000
403a7800
3f802000
403a7800
3f802000
403a7800
3f802000
403a7800
3f802000
403a7800
3f802000
403a7800
3f802000
403a7800
3f802000
403a7800
3f802000
403a7800
3f802000
403a7800
3f802000
403a7800
3f802000
403a7800
3f802000
403a7800
3f802000
403a7800
3f802000
403a7800
3f802000
403a7800
3f802000
403a7800
3f802000
403a7800
3f802000
403a7800
3f802000
403a7800
3f802000
403a7800
3f802000
403a7800
3f802000
403a7800
3f802000
403a7800
3f802000
403a7800
3f802000
403a7800
3f802000
403a7800
3f802000
403a7800
3f802000
403a7800
3f802000
403a7800
3f802000
403a7800
3f802000
403a7800
3f802000
403a7800
3f802000
403a7800
3f802000
403a7800
3f802000
403a7800
3f802000
403a7800
3f802000
403a7800
3f802000
403a7800
3f802000
403a7800
3f802000
403c2800
3f802000
403c2800
3f802000
403c2800
3f802000
403c2800
3f802000
403c2800
3f802000
403c2800
3f802000
403c2800
3f802000
403c2800
3f802000
403c2800
3f802000
403c2800
3f802000
403c2800
3f802000
403c2800
3f802000
403c2800
3f802000
403c2800
3f802000
403c2800
3f802000
403c2800
3f802000
403c2800
3f802000
403c2800
3f802000
403c2800
3f802000
403c2800
3f802000
403c2800
3f802000
403c2800
3f802000
403c2800
3f802000
403c2800
3f802000
403c2800
3f802000
403c2800
3f802000
403c2800
3f802000
403c2800
3f802000
403c2800
3f802000
403c2800
3f802000
403c2800
3f802000
403c2800
3f802000
403c2800
3f802000
403c2800
3f802000
403c2800
3f802000
403c2800
3f802000
403c2800
3f802000
403c2800
3f802000
403c2800
3f802000
403c2800
3f802000
403c2800
3f802000
403c2800
3f802000
403c2800
3f802000
403c2800
3f802000
403c2800
3f802000
403c2800
3f802000
403c2800
3f802000
403c2800
3f802000
403c2800
3f802000
403c2800
3f802000
403c2800
3f802000
403c2800
3f802000
403c2800
3f802000
403c2800
3f802000
403c2800
3f802000
403c2800
3f802000
403c2800
3f802000
403c2800
3f802000
403c2800
3f802000
403c2800
3f802000
403c2800
3f802000
403c2800
3f802000
403c2800
3f802000
403c2800
3f802000
403c2800
3f802000
403c2800
3f802000
403dd800
3f802000
403dd800
3f802000
403dd800
3f802000
403dd800
3f802000
403dd800
3f802000
403dd800
3f802000
403dd800
3f802000
403dd800
3f802000
403dd800
3f802000
403dd800
3f802000
403dd800
3f802000
403dd800
3f802000
403dd800
3f802000
403dd800
3f802000
403dd800
3f802000
403dd800
3f802000
403dd800
3f802000
403dd800
3f802000
403dd800
3f802000
403dd800
3f802000
403dd800
3f802000
403dd800
3f802000
403dd800
3f802000
403dd800
3f802000
403dd800
3f802000
403dd800
3f802000
403dd800
3f802000
403dd800
3f802000
403dd800
3f802000
403dd800
3f802000
403dd800
3f802000
403dd800
3f802000
403dd800
3f802000
403dd800
3f802000
403dd800
3f802000
403dd800
3f802000
403dd800
3f802000
403dd800
3f802000
403dd800
3f802000
403dd800
3f802000
403dd800
3f802000
403dd800
3f802000
403dd800
3f802000
403dd800
3f802000
403dd800
3f802000
403dd800
3f802000
403dd800
3f802000
403dd800
3f802000
403dd800
3f802000
403dd800
3f802000
403dd800
3f802000
403dd800
3f802000
403dd800
3f802000
403dd800
3f802000
403dd800
3f802000
403dd800
3f802000
403dd800
3f802000
403dd800
3f802000
403dd800
3f802000
403dd800
3f802000
403dd800
3f802000
403dd800
3f802000
403dd800
3f802000
403dd800
3f802000
403dd800
3f802000
403dd800
3f802000
403f8800
3f802000
403f8800
3f802000
403f8800
3f802000
403f8800
3f802000
403f8800
3f802000
403f8800
3f802000
403f8800
3f802000
403f8800
3f802000
403f8800
3f802000
403f8800
3f802000
403f8800
3f802000
403f8800
3f802000
403f8800
3f802000
403f8800
3f802000
403f8800
3f802000
403f8800
3f802000
403f8800
3f802000
403f8800
3f802000
403f8800
3f802000
403f8800
3f802000
403f8800
3f802000
403f8800
3f802000
403f8800
3f802000
403f8800
3f802000
403f8800
3f802000
403f8800
3f802000
403f8800
3f802000
403f8800
3f802000
403f8800
3f802000
403f8800
3f802000
403f8800
3f802000
403f8800
3f802000
403f8800
3f802000
403f8800
3f802000
403f8800
3f802000
403f8800
3f802000
403f8800
3f802000
403f8800
3f802000
403f8800
3f802000
403f8800
3f802000
403f8800
3f802000
403f8800
3f802000
403f8800
3f802000
403f8800
3f802000
403f8800
3f802000
403f8800
3f802000
403f8800
3f802000
403f8800
3f802000
403f8800
3f802000
403f8800
3f802000
403f8800
3f802000
403f8800
3f802000
403f8800
3f802000
403f8800
3f802000
403f8800
3f802000
403f8800
3f802000
403f8800
3f802000
403f8800
3f802000
403f8800
3f802000
403f8800
3f802000
403f8800
3f802000
403f8800
3f802000
403f8800
3f802000
403f8800
3f802000
403f8800
3f802000
40413800
3f802000
40413800
3f802000
40413800
3f802000
40413800
3f802000
40413800
3f802000
40413800
3f802000
40413800
3f802000
40413800
3f802000
40413800
3f802000
40413800
3f802000
40413800
3f802000
40413800
3f802000
40413800
3f802000
40413800
3f802000
40413800
3f802000
40413800
3f802000
40413800
3f802000
40413800
3f802000
40413800
3f802000
40413800
3f802000
40413800
3f802000
40413800
3f802000
40413800
3f802000
40413800
3f802000
40413800
3f802000
40413800
3f802000
40413800
3f802000
40413800
3f802000
40413800
3f802000
40413800
3f802000
40413800
3f802000
40413800
3f802000
40413800
3f802000
40413800
3f802000
40413800
3f802000
40413800
3f802000
40413800
3f802000
40413800
3f802000
40413800
3f802000
40413800
3f802000
40413800
3f802000
40413800
3f802000
40413800
3f802000
40413800
3f802000
40413800
3f802000
40413800
3f802000
40413800
3f802000
40413800
3f802000
40413800
3f802000
40413800
3f802000
40413800
3f802000
40413800
3f802000
40413800
3f802000
40413800
3f802000
40413800
3f802000
40413800
3f802000
40413800
3f802000
40413800
3f802000
40413800
3f802000
40413800
3f802000
40413800
3f802000
40413800
3f802000
40413800
3f802000
40413800
3f802000
40413800
3f802000
40413800
3f802000
4042e800
3f802000
4042e800
3f802000
4042e800
3f802000
4042e800
3f802000
4042e800
3f802000
4042e800
3f802000
4042e800
3f802000
4042e800
3f802000
4042e800
3f802000
4042e800
3f802000
4042e800
3f802000
4042e800
3f802000
4042e800
3f802000
4042e800
3f802000
4042e800
3f802000
4042e800
3f802000
4042e800
3f802000
4042e800
3f802000
4042e800
3f802000
4042e800
3f802000
4042e800
3f802000
4042e800
3f802000
4042e800
3f802000
4042e800
3f802000
4042e800
3f802000
4042e800
3f802000
4042e800
3f802000
4042e800
3f802000
4042e800
3f802000
4042e800
3f802000
4042e800
3f802000
4042e800
3f802000
4042e800
3f802000
4042e800
3f802000
4042e800
3f802000
4042e800
3f802000
4042e800
3f802000
4042e800
3f802000
4042e800
3f802000
4042e800
3f802000
4042e800
3f802000
4042e800
3f802000
4042e800
3f802000
4042e800
3f802000
4042e800
3f802000
4042e800
3f802000
4042e800
3f802000
4042e800
3f802000
4042e800
3f802000
4042e800
3f802000
4042e800
3f802000
4042e800
3f802000
4042e800
3f802000
4042e800
3f802000
4042e800
3f802000
4042e800
3f802000
4042e800
3f802000
4042e800
3f802000
4042e800
3f802000
4042e800
3f802000
4042e800
3f802000
4042e800
3f802000
4042e800
3f802000
4042e800
3f802000
4042e800
3f802000
4042e800
3f802000
4044a800
3f802000
4044a800
3f802000
4044a800
3f802000
4044a800
3f802000
4044a800
3f802000
4044a800
3f802000
4044a800
3f802000
4044a800
3f802000
4044a800
3f802000
4044a800
3f802000
4044a800
3f802000
4044a800
3f802000
4044a800
3f802000
4044a800
3f802000
4044a800
3f802000
4044a800
3f802000
4044a800
3f802000
4044a800
3f802000
4044a800
3f802000
4044a800
3f802000
4044a800
3f802000
4044a800
3f802000
4044a800
3f802000
4044a800
3f802000
4044a800
3f802000
4044a800
3f802000
4044a800
3f802000
4044a800
3f802000
4044a800
3f802000
4044a800
3f802000
4044a800
3f802000
4044a800
3f802000
4044a800
3f802000
4044a800
3f802000
4044a800
3f802000
4044a800
3f802000
4044a800
3f802000
4044a800
3f802000
4044a800
3f802000
4044a800
3f802000
4044a800
3f802000
4044a800
3f802000
4044a800
3f802000
4044a800
3f802000
4044a800
3f802000
4044a800
3f802000
4044a800
3f802000
4044a800
3f802000
4044a800
3f802000
4044a800
3f802000
4044a800
3f802000
4044a800
3f802000
4044a800
3f802000
4044a800
3f802000
4044a800
3f802000
4044a800
3f802000
4044a800
3f802000
4044a800
3f802000
4044a800
3f802000
4044a800
3f802000
4044a800
3f802000
4044a800
3f802000
4044a800
3f802000
4044a800
3f802000
4044a800
3f802000
4044a800
3f802000
40467800
3f802000
40467800
3f802000
40467800
3f802000
40467800
3f802000
40467800
3f802000
40467800
3f802000
40467800
3f802000
40467800
3f802000
40467800
3f802000
40467800
3f802000
40467800
3f802000
40467800
3f802000
40467800
3f802000
40467800
3f802000
40467800
3f802000
40467800
3f802000
40467800
3f802000
40467800
3f802000
40467800
3f802000
40467800
3f802000
40467800
3f802000
40467800
3f802000
40467800
3f802000
40467800
3f802000
40467800
3f802000
40467800
3f802000
40467800
3f802000
40467800
3f802000
40467800
3f802000
40467800
3f802000
40467800
3f802000
40467800
3f802000
40467800
3f802000
40467800
3f802000
40467800
3f802000
40467800
3f802000
40467800
3f802000
40467800
3f802000
40467800
3f802000
40467800
3f802000
40467800
3f802000
40467800
3f802000
40467800
3f802000
40467800
3f802000
40467800
3f802000
40467800
3f802000
40467800
3f802000
40467800
3f802000
40467800
3f802000
40467800
3f802000
40467800
3f802000
40467800
3f802000
40467800
3f802000
40467800
3f802000
40467800
3f802000
40467800
3f802000
40467800
3f802000
40467800
3f802000
40467800
3f802000
40467800
3f802000
40467800
3f802000
40467800
3f802000
40467800
3f802000
40467800
3f802000
40467800
3f802000
40484800
3f802000
40484800
3f802000
40484800
3f802000
40484800
3f802000
40484800
3f802000
40484800
3f802000
40484800
3f802000
40484800
3f802000
40484800
3f802000
40484800
3f802000
40484800
3f802000
40484800
3f802000
40484800
3f802000
40484800
3f802000
40484800
3f802000
40484800
3f802000
40484800
3f802000
40484800
3f802000
40484800
3f802000
40484800
3f802000
40484800
3f802000
40484800
3f802000
40484800
3f802000
40484800
3f802000
40484800
3f802000
40484800
3f802000
40484800
3f802000
40484800
3f802000
40484800
3f802000
40484800
3f802000
40484800
3f802000
40484800
3f802000
40484800
3f802000
40484800
3f802000
40484800
3f802000
40484800
3f802000
40484800
3f802000
40484800
3f802000
40484800
3f802000
40484800
3f802000
40484800
3f802000
40484800
3f802000
40484800
3f802000
40484800
3f802000
40484800
3f802000
40484800
3f802000
40484800
3f802000
40484800
3f802000
40484800
3f802000
40484800
3f802000
40484800
3f802000
40484800
3f802000
40484800
3f802000
40484800
3f802000
40484800
3f802000
40484800
3f802000
40484800
3f802000
40484800
3f802000
40484800
3f802000
40484800
3f802000
40484800
3f802000
40484800
3f802000
40484800
3f802000
40484800
3f802000
40484800
3f802000
40484800
3f802000
404a1800
3f802000
404a1800
3f802000
404a1800
3f802000
404a1800
3f802000
404a1800
3f802000
404a1800
3f802000
404a1800
3f802000
404a1800
3f802000
404a1800
3f802000
404a1800
3f802000
404a1800
3f802000
404a1800
3f802000
404a1800
3f802000
404a1800
3f802000
404a1800
3f802000
404a1800
3f802000
404a1800
3f802000
404a1800
3f802000
404a1800
3f802000
404a1800
3f802000
404a1800
3f802000
404a1800
3f802000
404a1800
3f802000
404a1800
3f802000
404a1800
3f802000
404a1800
3f802000
404a1800
3f802000
404a1800
3f802000
404a1800
3f802000
404a1800
3f802000
404a1800
3f802000
404a1800
3f802000
404a1800
3f802000
404a1800
3f802000
404a1800
3f802000
404a1800
3f802000
404a1800
3f802000
404a1800
3f802000
404a1800
3f802000
404a1800
3f802000
404a1800
3f802000
404a1800
3f802000
404a1800
3f802000
404a1800
3f802000
404a1800
3f802000
404a1800
3f802000
404a1800
3f802000
404a1800
3f802000
404a1800
3f802000
404a1800
3f802000
404a1800
3f802000
404a1800
3f802000
404a1800
3f802000
404a1800
3f802000
404a1800
3f802000
404a1800
3f802000
404a1800
3f802000
404a1800
3f802000
404a1800
3f802000
404a1800
3f802000
404a1800
3f802000
404a1800
3f802000
404a1800
3f802000
404a1800
3f802000
404a1800
3f802000
404a1800
3f802000
404be800
3f802000
404be800
3f802000
404be800
3f802000
404be800
3f802000
404be800
3f802000
404be800
3f802000
404be800
3f802000
404be800
3f802000
404be800
3f802000
404be800
3f802000
404be800
3f802000
404be800
3f802000
404be800
3f802000
404be800
3f802000
404be800
3f802000
404be800
3f802000
404be800
3f802000
404be800
3f802000
404be800
3f802000
404be800
3f802000
404be800
3f802000
404be800
3f802000
404be800
3f802000
404be800
3f802000
404be800
3f802000
404be800
3f802000
404be800
3f802000
404be800
3f802000
404be800
3f802000
404be800
3f802000
404be800
3f802000
404be800
3f802000
404be800
3f802000
404be800
3f802000
404be800
3f802000
404be800
3f802000
404be800
3f802000
404be800
3f802000
404be800
3f802000
404be800
3f802000
404be800
3f802000
404be800
3f802000
404be800
3f802000
404be800
3f802000
404be800
3f802000
404be800
3f802000
404be800
3f802000
404be800
3f802000
404be800
3f802000
404be800
3f802000
404be800
3f802000
404be800
3f802000
404be800
3f802000
404be800
3f802000
404be800
3f802000
404be800
3f802000
404be800
3f802000
404be800
3f802000
404be800
3f802000
404be800
3f802000
404be800
3f802000
404be800
3f802000
404be800
3f802000
404be800
3f802000
404be800
3f802000
404be800
3f802000
404db800
3f802000
404db800
3f802000
404db800
3f802000
404db800
3f802000
404db800
3f802000
404db800
3f802000
404db800
3f802000
404db800
3f802000
404db800
3f802000
404db800
3f802000
404db800
3f802000
404db800
3f802000
404db800
3f802000
404db800
3f802000
404db800
3f802000
404db800
3f802000
404db800
3f802000
404db800
3f802000
404db800
3f802000
404db800
3f802000
404db800
3f802000
404db800
3f802000
404db800
3f802000
404db800
3f802000
404db800
3f802000
404db800
3f802000
404db800
3f802000
404db800
3f802000
404db800
3f802000
404db800
3f802000
404db800
3f802000
404db800
3f802000
404db800
3f802000
404db800
3f802000
404db800
3f802000
404db800
3f802000
404db800
3f802000
404db800
3f802000
404db800
3f802000
404db800
3f802000
404db800
3f802000
404db800
3f802000
404db800
3f802000
404db800
3f802000
404db800
3f802000
404db800
3f802000
404db800
3f802000
404db800
3f802000
404db800
3f802000
404db800
3f802000
404db800
3f802000
404db800
3f802000
404db800
3f802000
404db800
3f802000
404db800
3f802000
404db800
3f802000
404db800
3f802000
404db800
3f802000
404db800
3f802000
404db800
3f802000
404db800
3f802000
404db800
3f802000
404db800
3f802000
404db800
3f802000
404db800
3f802000
404f8800
3f802000
404f8800
3f802000
404f8800
3f802000
404f8800
3f802000
404f8800
3f802000
404f8800
3f802000
404f8800
3f802000
404f8800
3f802000
404f8800
3f802000
404f8800
3f802000
404f8800
3f802000
404f8800
3f802000
404f8800
3f802000
404f8800
3f802000
404f8800
3f802000
404f8800
3f802000
404f8800
3f802000
404f8800
3f802000
404f8800
3f802000
404f8800
3f802000
404f8800
3f802000
404f8800
3f802000
404f8800
3f802000
404f8800
3f802000
404f8800
3f802000
404f8800
3f802000
404f8800
3f802000
404f8800
3f802000
404f8800
3f802000
404f8800
3f802000
404f8800
3f802000
404f8800
3f802000
404f8800
3f802000
404f8800
3f802000
404f8800
3f802000
404f8800
3f802000
404f8800
3f802000
404f8800
3f802000
404f8800
3f802000
404f8800
3f802000
404f8800
3f802000
404f8800
3f802000
404f8800
3f802000
404f8800
3f802000
404f8800
3f802000
404f8800
3f802000
404f8800
3f802000
404f8800
3f802000
404f8800
3f802000
404f8800
3f802000
404f8800
3f802000
404f8800
3f802000
404f8800
3f802000
404f8800
3f802000
404f8800
3f802000
404f8800
3f802000
404f8800
3f802000
404f8800
3f802000
404f8800
3f802000
404f8800
3f802000
404f8800
3f802000
404f8800
3f802000
404f8800
3f802000
404f8800
3f802000
404f8800
3f802000
404f8800
3f802000
40515800
3f802000
40515800
3f802000
40515800
3f802000
40515800
3f802000
40515800
3f802000
40515800
3f802000
40515800
3f802000
40515800
3f802000
40515800
3f802000
40515800
3f802000
40515800
3f802000
40515800
3f802000
40515800
3f802000
40515800
3f802000
40515800
3f802000
40515800
3f802000
40515800
3f802000
40515800
3f802000
40515800
3f802000
40515800
3f802000
40515800
3f802000
40515800
3f802000
40515800
3f802000
40515800
3f802000
40515800
3f802000
40515800
3f802000
40515800
3f802000
40515800
3f802000
40515800
3f802000
40515800
3f802000
40515800
3f802000
40515800
3f802000
40515800
3f802000
40515800
3f802000
40515800
3f802000
40515800
3f802000
40515800
3f802000
40515800
3f802000
40515800
3f802000
40515800
3f802000
40515800
3f802000
40515800
3f802000
40515800
3f802000
40515800
3f802000
40515800
3f802000
40515800
3f802000
40515800
3f802000
40515800
3f802000
40515800
3f802000
40515800
3f802000
40515800
3f802000
40515800
3f802000
40515800
3f802000
40515800
3f802000
40515800
3f802000
40515800
3f802000
40515800
3f802000
40515800
3f802000
40515800
3f802000
40515800
3f802000
40515800
3f802000
40515800
3f802000
40515800
3f802000
40515800
3f802000
40515800
3f802000
40515800
3f802000
40532800
3f802000
40532800
3f802000
40532800
3f802000
40532800
3f802000
40532800
3f802000
40532800
3f802000
40532800
3f802000
40532800
3f802000
40532800
3f802000
40532800
3f802000
40532800
3f802000
40532800
3f802000
40532800
3f802000
40532800
3f802000
40532800
3f802000
40532800
3f802000
40532800
3f802000
40532800
3f802000
40532800
3f802000
40532800
3f802000
40532800
3f802000
40532800
3f802000
40532800
3f802000
40532800
3f802000
40532800
3f802000
40532800
3f802000
40532800
3f802000
40532800
3f802000
40532800
3f802000
40532800
3f802000
40532800
3f802000
40532800
3f802000
40532800
3f802000
40532800
3f802000
40532800
3f802000
40532800
3f802000
40532800
3f802000
40532800
3f802000
40532800
3f802000
40532800
3f802000
40532800
3f802000
40532800
3f802000
40532800
3f802000
40532800
3f802000
40532800
3f802000
40532800
3f802000
40532800
3f802000
40532800
3f802000
40532800
3f802000
40532800
3f802000
40532800
3f802000
40532800
3f802000
40532800
3f802000
40532800
3f802000
40532800
3f802000
40532800
3f802000
40532800
3f802000
40532800
3f802000
40532800
3f802000
40532800
3f802000
40532800
3f802000
40532800
3f802000
40532800
3f802000
40532800
3f802000
40532800
3f802000
4054f800
3f802000
4054f800
3f802000
4054f800
3f802000
4054f800
3f802000
4054f800
3f802000
4054f800
3f802000
4054f800
3f802000
4054f800
3f802000
4054f800
3f802000
4054f800
3f802000
4054f800
3f802000
4054f800
3f802000
4054f800
3f802000
4054f800
3f802000
4054f800
3f802000
4054f800
3f802000
4054f800
3f802000
4054f800
3f802000
4054f800
3f802000
4054f800
3f802000
4054f800
3f802000
4054f800
3f802000
4054f800
3f802000
4054f800
3f802000
4054f800
3f802000
4054f800
3f802000
4054f800
3f802000
4054f800
3f802000
4054f800
3f802000
4054f800
3f802000
4054f800
3f802000
4054f800
3f802000
4054f800
3f802000
4054f800
3f802000
4054f800
3f802000
4054f800
3f802000
4054f800
3f802000
4054f800
3f802000
4054f800
3f802000
4054f800
3f802000
4054f800
3f802000
4054f800
3f802000
4054f800
3f802000
4054f800
3f802000
4054f800
3f802000
4054f800
3f802000
4054f800
3f802000
4054f800
3f802000
4054f800
3f802000
4054f800
3f802000
4054f800
3f802000
4054f800
3f802000
4054f800
3f802000
4054f800
3f802000
4054f800
3f802000
4054f800
3f802000
4054f800
3f802000
4054f800
3f802000
4054f800
3f802000
4054f800
3f802000
4054f800
3f802000
4054f800
3f802000
4054f800
3f802000
4054f800
3f802000
4054f800
3f802000
4054f800
3f802000
4056c800
3f802000
4056c800
3f802000
4056c800
3f802000
4056c800
3f802000
4056c800
3f802000
4056c800
3f802000
4056c800
3f802000
4056c800
3f802000
4056c800
3f802000
4056c800
3f802000
4056c800
3f802000
4056c800
3f802000
4056c800
3f802000
4056c800
3f802000
4056c800
3f802000
4056c800
3f802000
4056c800
3f802000
4056c800
3f802000
4056c800
3f802000
4056c800
3f802000
4056c800
3f802000
4056c800
3f802000
4056c800
3f802000
4056c800
3f802000
4056c800
3f802000
4056c800
3f802000
4056c800
3f802000
4056c800
3f802000
4056c800
3f802000
4056c800
3f802000
4056c800
3f802000
4056c800
3f802000
4056c800
3f802000
4056c800
3f802000
4056c800
3f802000
4056c800
3f802000
4056c800
3f802000
4056c800
3f802000
4056c800
3f802000
4056c800
3f802000
4056c800
3f802000
4056c800
3f802000
4056c800
3f802000
4056c800
3f802000
4056c800
3f802000
4056c800
3f802000
4056c800
3f802000
4056c800
3f802000
4056c800
3f802000
4056c800
3f802000
4056c800
3f802000
4056c800
3f802000
4056c800
3f802000
4056c800
3f802000
4056c800
3f802000
4056c800
3f802000
4056c800
3f802000
4056c800
3f802000
4056c800
3f802000
4056c800
3f802000
4056c800
3f802000
4056c800
3f802000
4056c800
3f802000
4056c800
3f802000
4056c800
3f802000
4056c800
3f802000
40589800
3f802000
40589800
3f802000
40589800
3f802000
40589800
3f802000
40589800
3f802000
40589800
3f802000
40589800
3f802000
40589800
3f802000
40589800
3f802000
40589800
3f802000
40589800
3f802000
40589800
3f802000
40589800
3f802000
40589800
3f802000
40589800
3f802000
40589800
3f802000
40589800
3f802000
40589800
3f802000
40589800
3f802000
40589800
3f802000
40589800
3f802000
40589800
3f802000
40589800
3f802000
40589800
3f802000
40589800
3f802000
40589800
3f802000
40589800
3f802000
40589800
3f802000
40589800
3f802000
40589800
3f802000
40589800
3f802000
40589800
3f802000
40589800
3f802000
40589800
3f802000
40589800
3f802000
40589800
3f802000
40589800
3f802000
40589800
3f802000
40589800
3f802000
40589800
3f802000
40589800
3f802000
40589800
3f802000
40589800
3f802000
40589800
3f802000
40589800
3f802000
40589800
3f802000
40589800
3f802000
40589800
3f802000
40589800
3f802000
40589800
3f802000
40589800
3f802000
40589800
3f802000
40589800
3f802000
40589800
3f802000
40589800
3f802000
40589800
3f802000
40589800
3f802000
40589800
3f802000
40589800
3f802000
40589800
3f802000
40589800
3f802000
40589800
3f802000
40589800
3f802000
40589800
3f802000
40589800
3f802000
40589800
3f802000
405a6800
3f802000
405a6800
3f802000
405a6800
3f802000
405a6800
3f802000
405a6800
3f802000
405a6800
3f802000
405a6800
3f802000
405a6800
3f802000
405a6800
3f802000
405a6800
3f802000
405a6800
3f802000
405a6800
3f802000
405a6800
3f802000
405a6800
3f802000
405a6800
3f802000
405a6800
3f802000
405a6800
3f802000
405a6800
3f802000
405a6800
3f802000
405a6800
3f802000
405a6800
3f802000
405a6800
3f802000
405a6800
3f802000
405a6800
3f802000
405a6800
3f802000
405a6800
3f802000
405a6800
3f802000
405a6800
3f802000
405a6800
3f802000
405a6800
3f802000
405a6800
3f802000
405a6800
3f802000
405a6800
3f802000
405a6800
3f802000
405a6800
3f802000
405a6800
3f802000
405a6800
3f802000
405a6800
3f802000
405a6800
3f802000
405a6800
3f802000
405a6800
3f802000
405a6800
3f802000
405a6800
3f802000
405a6800
3f802000
405a6800
3f802000
405a6800
3f802000
405a6800
3f802000
405a6800
3f802000
405a6800
3f802000
405a6800
3f802000
405a6800
3f802000
405a6800
3f802000
405a6800
3f802000
405a6800
3f802000
405a6800
3f802000
405a6800
3f802000
405a6800
3f802000
405a6800
3f802000
405a6800
3f802000
405a6800
3f802000
405a6800
3f802000
405a6800
3f802000
405a6800
3f802000
405a6800
3f802000
405a6800
3f802000
405c3800
3f802000
405c3800
3f802000
405c3800
3f802000
405c3800
3f802000
405c3800
3f802000
405c3800
3f802000
405c3800
3f802000
405c3800
3f802000
405c3800
3f802000
405c3800
3f802000
405c3800
3f802000
405c3800
3f802000
405c3800
3f802000
405c3800
3f802000
405c3800
3f802000
405c3800
3f802000
405c3800
3f802000
405c3800
3f802000
405c3800
3f802000
405c3800
3f802000
405c3800
3f802000
405c3800
3f802000
405c3800
3f802000
405c3800
3f802000
405c3800
3f802000
405c3800
3f802000
405c3800
3f802000
405c3800
3f802000
405c3800
3f802000
405c3800
3f802000
405c3800
3f802000
405c3800
3f802000
405c3800
3f802000
405c3800
3f802000
405c3800
3f802000
405c3800
3f802000
405c3800
3f802000
405c3800
3f802000
405c3800
3f802000
405c3800
3f802000
405c3800
3f802000
405c3800
3f802000
405c3800
3f802000
405c3800
3f802000
405c3800
3f802000
405c3800
3f802000
405c3800
3f802000
405c3800
3f802000
405c3800
3f802000
405c3800
3f802000
405c3800
3f802000
405c3800
3f802000
405c3800
3f802000
405c3800
3f802000
405c3800
3f802000
405c3800
3f802000
405c3800
3f802000
405c3800
3f802000
405c3800
3f802000
405c3800
3f802000
405c3800
3f802000
405c3800
3f802000
405c3800
3f802000
405c3800
3f802000
405c3800
3f802000
405c3800
3f802000
405e0800
3f802000
405e0800
3f802000
405e0800
3f802000
405e0800
3f802000
405e0800
3f802000
405e0800
3f802000
405e0800
3f802000
405e0800
3f802000
405e0800
3f802000
405e0800
3f802000
405e0800
3f802000
405e0800
3f802000
405e0800
3f802000
405e0800
3f802000
405e0800
3f802000
405e0800
3f802000
405e0800
3f802000
405e0800
3f802000
405e0800
3f802000
405e0800
3f802000
405e0800
3f802000
405e0800
3f802000
405e0800
3f802000
405e0800
3f802000
405e0800
3f802000
405e0800
3f802000
405e0800
3f802000
405e0800
3f802000
405e0800
3f802000
405e0800
3f802000
405e0800
3f802000
405e0800
3f802000
405e0800
3f802000
405e0800
3f802000
405e0800
3f802000
405e0800
3f802000
405e0800
3f802000
405e0800
3f802000
405e0800
3f802000
405e0800
3f802000
405e0800
3f802000
405e0800
3f802000
405e0800
3f802000
405e0800
3f802000
405e0800
3f802000
405e0800
3f802000
405e0800
3f802000
405e0800
3f802000
405e0800
3f802000
405e0800
3f802000
405e0800
3f802000
405e0800
3f802000
405e0800
3f802000
405e0800
3f802000
405e0800
3f802000
405e0800
3f802000
405e0800
3f802000
405e0800
3f802000
405e0800
3f802000
405e0800
3f802000
405e0800
3f802000
405e0800
3f802000
405e0800
3f802000
405e0800
3f802000
405e0800
3f802000
405e0800
3f802000
405fd800
3f802000
405fd800
3f802000
405fd800
3f802000
405fd800
3f802000
405fd800
3f802000
405fd800
3f802000
405fd800
3f802000
405fd800
3f802000
405fd800
3f802000
405fd800
3f802000
405fd800
3f802000
405fd800
3f802000
405fd800
3f802000
405fd800
3f802000
405fd800
3f802000
405fd800
3f802000
405fd800
3f802000
405fd800
3f802000
405fd800
3f802000
405fd800
3f802000
405fd800
3f802000
405fd800
3f802000
405fd800
3f802000
405fd800
3f802000
405fd800
3f802000
405fd800
3f802000
405fd800
3f802000
405fd800
3f802000
405fd800
3f802000
405fd800
3f802000
405fd800
3f802000
405fd800
3f802000
405fd800
3f802000
405fd800
3f802000
405fd800
3f802000
405fd800
3f802000
405fd800
3f802000
405fd800
3f802000
405fd800
3f802000
405fd800
3f802000
405fd800
3f802000
405fd800
3f802000
405fd800
3f802000
405fd800
3f802000
405fd800
3f802000
405fd800
3f802000
405fd800
3f802000
405fd800
3f802000
405fd800
3f802000
405fd800
3f802000
405fd800
3f802000
405fd800
3f802000
405fd800
3f802000
405fd800
3f802000
405fd800
3f802000
405fd800
3f802000
405fd800
3f802000
405fd800
3f802000
405fd800
3f802000
405fd800
3f802000
405fd800
3f802000
405fd800
3f802000
405fd800
3f802000
405fd800
3f802000
405fd800
3f802000
405fd800
3f802000
4061b800
3f7f4000
4061b800
3f7f4000
4061b800
3f7f4000
4061b800
3f7f4000
4061b800
3f7f4000
4061b800
3f7f4000
4061b800
3f7f4000
4061b800
3f7f4000
4061b800
3f7f4000
4061b800
3f7f4000
4061b800
3f7f4000
4061b800
3f7f4000
4061b800
3f7f4000
4061b800
3f7f4000
4061b800
3f7f4000
4061b800
3f7f4000
4061b800
3f7f4000
4061b800
3f7f4000
4061b800
3f7f4000
4061b800
3f7f4000
4061b800
3f7f4000
4061b800
3f7f4000
4061b800
3f7f4000
4061b800
3f7f4000
4061b800
3f7f4000
4061b800
3f7f4000
4061b800
3f7f4000
4061b800
3f7f4000
4061b800
3f7f4000
4061b800
3f7f4000
4061b800
3f7f4000
4061b800
3f7f4000
4061b800
3f7f4000
4061b800
3f7f4000
4061b800
3f7f4000
4061b800
3f7f4000
4061b800
3f7f4000
4061b800
3f7f4000
4061b800
3f7f4000
4061b800
3f7f4000
4061b800
3f7f4000
4061b800
3f7f4000
4061b800
3f7f4000
4061b800
3f7f4000
4061b800
3f7f4000
4061b800
3f7f4000
4061b800
3f7f4000
4061b800
3f7f4000
4061b800
3f7f4000
4061b800
3f7f4000
4061b800
3f7f4000
4061b800
3f7f4000
4061b800
3f7f4000
4061b800
3f7f4000
4061b800
3f7f4000
4061b800
3f7f4000
4061b800
3f7f4000
4061b800
3f7f4000
4061b800
3f7f4000
4061b800
3f7f4000
4061b800
3f7f4000
4061b800
3f7f4000
4061b800
3f7f4000
4061b800
3f7f4000
4061b800
3f7f4000
4063a800
3f7f4000
4063a800
3f7f4000
4063a800
3f7f4000
4063a800
3f7f4000
4063a800
3f7f4000
4063a800
3f7f4000
4063a800
3f7f4000
4063a800
3f7f4000
4063a800
3f7f4000
4063a800
3f7f4000
4063a800
3f7f4000
4063a800
3f7f4000
4063a800
3f7f4000
4063a800
3f7f4000
4063a800
3f7f4000
4063a800
3f7f4000
4063a800
3f7f4000
4063a800
3f7f4000
4063a800
3f7f4000
4063a800
3f7f4000
4063a800
3f7f4000
4063a800
3f7f4000
4063a800
3f7f4000
4063a800
3f7f4000
4063a800
3f7f4000
4063a800
3f7f4000
4063a800
3f7f4000
4063a800
3f7f4000
4063a800
3f7f4000
4063a800
3f7f4000
4063a800
3f7f4000
4063a800
3f7f4000
4063a800
3f7f4000
4063a800
3f7f4000
4063a800
3f7f4000
4063a800
3f7f4000
4063a800
3f7f4000
4063a800
3f7f4000
4063a800
3f7f4000
4063a800
3f7f4000
4063a800
3f7f4000
4063a800
3f7f4000
4063a800
3f7f4000
4063a800
3f7f4000
4063a800
3f7f4000
4063a800
3f7f4000
4063a800
3f7f4000
4063a800
3f7f4000
4063a800
3f7f4000
4063a800
3f7f4000
4063a800
3f7f4000
4063a800
3f7f4000
4063a800
3f7f4000
4063a800
3f7f4000
4063a800
3f7f4000
4063a800
3f7f4000
4063a800
3f7f4000
4063a800
3f7f4000
4063a800
3f7f4000
4063a800
3f7f4000
4063a800
3f7f4000
4063a800
3f7f4000
4063a800
3f7f4000
4063a800
3f7f4000
4063a800
3f7f4000
4063a800
3f7f4000
40659800
3f7f4000
40659800
3f7f4000
40659800
3f7f4000
40659800
3f7f4000
40659800
3f7f4000
40659800
3f7f4000
40659800
3f7f4000
40659800
3f7f4000
40659800
3f7f4000
40659800
3f7f4000
40659800
3f7f4000
40659800
3f7f4000
40659800
3f7f4000
40659800
3f7f4000
40659800
3f7f4000
40659800
3f7f4000
40659800
3f7f4000
40659800
3f7f4000
40659800
3f7f4000
40659800
3f7f4000
40659800
3f7f4000
40659800
3f7f4000
40659800
3f7f4000
40659800
3f7f4000
40659800
3f7f4000
40659800
3f7f4000
40659800
3f7f4000
40659800
3f7f4000
40659800
3f7f4000
40659800
3f7f4000
40659800
3f7f4000
40659800
3f7f4000
40659800
3f7f4000
40659800
3f7f4000
40659800
3f7f4000
40659800
3f7f4000
40659800
3f7f4000
40659800
3f7f4000
40659800
3f7f4000
40659800
3f7f4000
40659800
3f7f4000
40659800
3f7f4000
40659800
3f7f4000
40659800
3f7f4000
40659800
3f7f4000
40659800
3f7f4000
40659800
3f7f4000
40659800
3f7f4000
40659800
3f7f4000
40659800
3f7f4000
40659800
3f7f4000
40659800
3f7f4000
40659800
3f7f4000
40659800
3f7f4000
40659800
3f7f4000
40659800
3f7f4000
40659800
3f7f4000
40659800
3f7f4000
40659800
3f7f4000
40659800
3f7f4000
40659800
3f7f4000
40659800
3f7f4000
40659800
3f7f4000
40659800
3f7f4000
40659800
3f7f4000
40659800
3f7f4000
40678800
3f7f4000
40678800
3f7f4000
40678800
3f7f4000
40678800
3f7f4000
40678800
3f7f4000
40678800
3f7f4000
40678800
3f7f4000
40678800
3f7f4000
40678800
3f7f4000
40678800
3f7f4000
40678800
3f7f4000
40678800
3f7f4000
40678800
3f7f4000
40678800
3f7f4000
40678800
3f7f4000
40678800
3f7f4000
40678800
3f7f4000
40678800
3f7f4000
40678800
3f7f4000
40678800
3f7f4000
40678800
3f7f4000
40678800
3f7f4000
40678800
3f7f4000
40678800
3f7f4000
40678800
3f7f4000
40678800
3f7f4000
40678800
3f7f4000
40678800
3f7f4000
40678800
3f7f4000
40678800
3f7f4000
40678800
3f7f4000
40678800
3f7f4000
40678800
3f7f4000
40678800
3f7f4000
40678800
3f7f4000
40678800
3f7f4000
40678800
3f7f4000
40678800
3f7f4000
40678800
3f7f4000
40678800
3f7f4000
40678800
3f7f4000
40678800
3f7f4000
40678800
3f7f4000
40678800
3f7f4000
40678800
3f7f4000
40678800
3f7f4000
40678800
3f7f4000
40678800
3f7f4000
40678800
3f7f4000
40678800
3f7f4000
40678800
3f7f4000
40678800
3f7f4000
40678800
3f7f4000
40678800
3f7f4000
40678800
3f7f4000
40678800
3f7f4000
40678800
3f7f4000
40678800
3f7f4000
40678800
3f7f4000
40678800
3f7f4000
40678800
3f7f4000
40678800
3f7f4000
40678800
3f7f4000
40678800
3f7f4000
40678800
3f7f4000
40678800
3f7f4000
40697800
3f7f4000
40697800
3f7f4000
40697800
3f7f4000
40697800
3f7f4000
40697800
3f7f4000
40697800
3f7f4000
40697800
3f7f4000
40697800
3f7f4000
40697800
3f7f4000
40697800
3f7f4000
40697800
3f7f4000
40697800
3f7f4000
40697800
3f7f4000
40697800
3f7f4000
40697800
3f7f4000
40697800
3f7f4000
40697800
3f7f4000
40697800
3f7f4000
40697800
3f7f4000
40697800
3f7f4000
40697800
3f7f4000
40697800
3f7f4000
40697800
3f7f4000
40697800
3f7f4000
40697800
3f7f4000
40697800
3f7f4000
40697800
3f7f4000
40697800
3f7f4000
40697800
3f7f4000
40697800
3f7f4000
40697800
3f7f4000
40697800
3f7f4000
40697800
3f7f4000
40697800
3f7f4000
40697800
3f7f4000
40697800
3f7f4000
40697800
3f7f4000
40697800
3f7f4000
40697800
3f7f4000
40697800
3f7f4000
40697800
3f7f4000
40697800
3f7f4000
40697800
3f7f4000
40697800
3f7f4000
40697800
3f7f4000
40697800
3f7f4000
40697800
3f7f4000
40697800
3f7f4000
40697800
3f7f4000
40697800
3f7f4000
40697800
3f7f4000
40697800
3f7f4000
40697800
3f7f4000
40697800
3f7f4000
40697800
3f7f4000
40697800
3f7f4000
40697800
3f7f4000
40697800
3f7f4000
40697800
3f7f4000
40697800
3f7f4000
40697800
3f7f4000
40697800
3f7f4000
40697800
3f7f4000
40697800
3f7f4000
40697800
3f7f4000
406b6800
3f7f4000
406b6800
3f7f4000
406b6800
3f7f4000
406b6800
3f7f4000
406b6800
3f7f4000
406b6800
3f7f4000
406b6800
3f7f4000
406b6800
3f7f4000
406b6800
3f7f4000
406b6800
3f7f4000
406b6800
3f7f4000
406b6800
3f7f4000
406b6800
3f7f4000
406b6800
3f7f4000
406b6800
3f7f4000
406b6800
3f7f4000
406b6800
3f7f4000
406b6800
3f7f4000
406b6800
3f7f4000
406b6800
3f7f4000
406b6800
3f7f4000
406b6800
3f7f4000
406b6800
3f7f4000
406b6800
3f7f4000
406b6800
3f7f4000
406b6800
3f7f4000
406b6800
3f7f4000
406b6800
3f7f4000
406b6800
3f7f4000
406b6800
3f7f4000
406b6800
3f7f4000
406b6800
3f7f4000
406b6800
3f7f4000
406b6800
3f7f4000
406b6800
3f7f4000
406b6800
3f7f4000
406b6800
3f7f4000
406b6800
3f7f4000
406b6800
3f7f4000
406b6800
3f7f4000
406b6800
3f7f4000
406b6800
3f7f4000
406b6800
3f7f4000
406b6800
3f7f4000
406b6800
3f7f4000
406b6800
3f7f4000
406b6800
3f7f4000
406b6800
3f7f4000
406b6800
3f7f4000
406b6800
3f7f4000
406b6800
3f7f4000
406b6800
3f7f4000
406b6800
3f7f4000
406b6800
3f7f4000
406b6800
3f7f4000
406b6800
3f7f4000
406b6800
3f7f4000
406b6800
3f7f4000
406b6800
3f7f4000
406b6800
3f7f4000
406b6800
3f7f4000
406b6800
3f7f4000
406b6800
3f7f4000
406b6800
3f7f4000
406b6800
3f7f4000
406b6800
3f7f4000
406d5800
3f7f4000
406d5800
3f7f4000
406d5800
3f7f4000
406d5800
3f7f4000
406d5800
3f7f4000
406d5800
3f7f4000
406d5800
3f7f4000
406d5800
3f7f4000
406d5800
3f7f4000
406d5800
3f7f4000
406d5800
3f7f4000
406d5800
3f7f4000
406d5800
3f7f4000
406d5800
3f7f4000
406d5800
3f7f4000
406d5800
3f7f4000
406d5800
3f7f4000
406d5800
3f7f4000
406d5800
3f7f4000
406d5800
3f7f4000
406d5800
3f7f4000
406d5800
3f7f4000
406d5800
3f7f4000
406d5800
3f7f4000
406d5800
3f7f4000
406d5800
3f7f4000
406d5800
3f7f4000
406d5800
3f7f4000
406d5800
3f7f4000
406d5800
3f7f4000
406d5800
3f7f4000
406d5800
3f7f4000
406d5800
3f7f4000
406d5800
3f7f4000
406d5800
3f7f4000
406d5800
3f7f4000
406d5800
3f7f4000
406d5800
3f7f4000
406d5800
3f7f4000
406d5800
3f7f4000
406d5800
3f7f4000
406d5800
3f7f4000
406d5800
3f7f4000
406d5800
3f7f4000
406d5800
3f7f4000
406d5800
3f7f4000
406d5800
3f7f4000
406d5800
3f7f4000
406d5800
3f7f4000
406d5800
3f7f4000
406d5800
3f7f4000
406d5800
3f7f4000
406d5800
3f7f4000
406d5800
3f7f4000
406d5800
3f7f4000
406d5800
3f7f4000
406d5800
3f7f4000
406d5800
3f7f4000
406d5800
3f7f4000
406d5800
3f7f4000
406d5800
3f7f4000
406d5800
3f7f4000
406d5800
3f7f4000
406d5800
3f7f4000
406d5800
3f7f4000
406d5800
3f7f4000
406f4800
3f7f4000
406f4800
3f7f4000
406f4800
3f7f4000
406f4800
3f7f4000
406f4800
3f7f4000
406f4800
3f7f4000
406f4800
3f7f4000
406f4800
3f7f4000
406f4800
3f7f4000
406f4800
3f7f4000
406f4800
3f7f4000
406f4800
3f7f4000
406f4800
3f7f4000
406f4800
3f7f4000
406f4800
3f7f4000
406f4800
3f7f4000
406f4800
3f7f4000
406f4800
3f7f4000
406f4800
3f7f4000
406f4800
3f7f4000
406f4800
3f7f4000
406f4800
3f7f4000
406f4800
3f7f4000
406f4800
3f7f4000
406f4800
3f7f4000
406f4800
3f7f4000
406f4800
3f7f4000
406f4800
3f7f4000
406f4800
3f7f4000
406f4800
3f7f4000
406f4800
3f7f4000
406f4800
3f7f4000
406f4800
3f7f4000
406f4800
3f7f4000
406f4800
3f7f4000
406f4800
3f7f4000
406f4800
3f7f4000
406f4800
3f7f4000
406f4800
3f7f4000
406f4800
3f7f4000
406f4800
3f7f4000
406f4800
3f7f4000
406f4800
3f7f4000
406f4800
3f7f4000
406f4800
3f7f4000
406f4800
3f7f4000
406f4800
3f7f4000
406f4800
3f7f4000
406f4800
3f7f4000
406f4800
3f7f4000
406f4800
3f7f4000
406f4800
3f7f4000
406f4800
3f7f4000
406f4800
3f7f4000
406f4800
3f7f4000
406f4800
3f7f4000
406f4800
3f7f4000
406f4800
3f7f4000
406f4800
3f7f4000
406f4800
3f7f4000
406f4800
3f7f4000
406f4800
3f7f4000
406f4800
3f7f4000
406f4800
3f7f4000
406f4800
3f7f4000
40713800
3f7f4000
40713800
3f7f4000
40713800
3f7f4000
40713800
3f7f4000
40713800
3f7f4000
40713800
3f7f4000
40713800
3f7f4000
40713800
3f7f4000
40713800
3f7f4000
40713800
3f7f4000
40713800
3f7f4000
40713800
3f7f4000
40713800
3f7f4000
40713800
3f7f4000
40713800
3f7f4000
40713800
3f7f4000
40713800
3f7f4000
40713800
3f7f4000
40713800
3f7f4000
40713800
3f7f4000
40713800
3f7f4000
40713800
3f7f4000
40713800
3f7f4000
40713800
3f7f4000
40713800
3f7f4000
40713800
3f7f4000
40713800
3f7f4000
40713800
3f7f4000
40713800
3f7f4000
40713800
3f7f4000
40713800
3f7f4000
40713800
3f7f4000
40713800
3f7f4000
40713800
3f7f4000
40713800
3f7f4000
40713800
3f7f4000
40713800
3f7f4000
40713800
3f7f4000
40713800
3f7f4000
40713800
3f7f4000
40713800
3f7f4000
40713800
3f7f4000
40713800
3f7f4000
40713800
3f7f4000
40713800
3f7f4000
40713800
3f7f4000
40713800
3f7f4000
40713800
3f7f4000
40713800
3f7f4000
40713800
3f7f4000
40713800
3f7f4000
40713800
3f7f4000
40713800
3f7f4000
40713800
3f7f4000
40713800
3f7f4000
40713800
3f7f4000
40713800
3f7f4000
40713800
3f7f4000
40713800
3f7f4000
40713800
3f7f4000
40713800
3f7f4000
40713800
3f7f4000
40713800
3f7f4000
40713800
3f7f4000
40713800
3f7f4000
40713800
3f7f4000
40732800
3f7f4000
40732800
3f7f4000
40732800
3f7f4000
40732800
3f7f4000
40732800
3f7f4000
40732800
3f7f4000
40732800
3f7f4000
40732800
3f7f4000
40732800
3f7f4000
40732800
3f7f4000
40732800
3f7f4000
40732800
3f7f4000
40732800
3f7f4000
40732800
3f7f4000
40732800
3f7f4000
40732800
3f7f4000
40732800
3f7f4000
40732800
3f7f4000
40732800
3f7f4000
40732800
3f7f4000
40732800
3f7f4000
40732800
3f7f4000
40732800
3f7f4000
40732800
3f7f4000
40732800
3f7f4000
40732800
3f7f4000
40732800
3f7f4000
40732800
3f7f4000
40732800
3f7f4000
40732800
3f7f4000
40732800
3f7f4000
40732800
3f7f4000
40732800
3f7f4000
40732800
3f7f4000
40732800
3f7f4000
40732800
3f7f4000
40732800
3f7f4000
40732800
3f7f4000
40732800
3f7f4000
40732800
3f7f4000
40732800
3f7f4000
40732800
3f7f4000
40732800
3f7f4000
40732800
3f7f4000
40732800
3f7f4000
40732800
3f7f4000
40732800
3f7f4000
40732800
3f7f4000
40732800
3f7f4000
40732800
3f7f4000
40732800
3f7f4000
40732800
3f7f4000
40732800
3f7f4000
40732800
3f7f4000
40732800
3f7f4000
40732800
3f7f4000
40732800
3f7f4000
40732800
3f7f4000
40732800
3f7f4000
40732800
3f7f4000
40732800
3f7f4000
40732800
3f7f4000
40732800
3f7f4000
40732800
3f7f4000
40732800
3f7f4000
40732800
3f7f4000
40751800
3f7f4000
40751800
3f7f4000
40751800
3f7f4000
40751800
3f7f4000
40751800
3f7f4000
40751800
3f7f4000
40751800
3f7f4000
40751800
3f7f4000
40751800
3f7f4000
40751800
3f7f4000
40751800
3f7f4000
40751800
3f7f4000
40751800
3f7f4000
40751800
3f7f4000
40751800
3f7f4000
40751800
3f7f4000
40751800
3f7f4000
40751800
3f7f4000
40751800
3f7f4000
40751800
3f7f4000
40751800
3f7f4000
40751800
3f7f4000
40751800
3f7f4000
40751800
3f7f4000
40751800
3f7f4000
40751800
3f7f4000
40751800
3f7f4000
40751800
3f7f4000
40751800
3f7f4000
40751800
3f7f4000
40751800
3f7f4000
40751800
3f7f4000
40751800
3f7f4000
40751800
3f7f4000
40751800
3f7f4000
40751800
3f7f4000
40751800
3f7f4000
40751800
3f7f4000
40751800
3f7f4000
40751800
3f7f4000
40751800
3f7f4000
40751800
3f7f4000
40751800
3f7f4000
40751800
3f7f4000
40751800
3f7f4000
40751800
3f7f4000
40751800
3f7f4000
40751800
3f7f4000
40751800
3f7f4000
40751800
3f7f4000
40751800
3f7f4000
40751800
3f7f4000
40751800
3f7f4000
40751800
3f7f4000
40751800
3f7f4000
40751800
3f7f4000
40751800
3f7f4000
40751800
3f7f4000
40751800
3f7f4000
40751800
3f7f4000
40751800
3f7f4000
40751800
3f7f4000
40751800
3f7f4000
40751800
3f7f4000
40751800
3f7f4000
40751800
3f7f4000
40770800
3f7f4000
40770800
3f7f4000
40770800
3f7f4000
40770800
3f7f4000
40770800
3f7f4000
40770800
3f7f4000
40770800
3f7f4000
40770800
3f7f4000
40770800
3f7f4000
40770800
3f7f4000
40770800
3f7f4000
40770800
3f7f4000
40770800
3f7f4000
40770800
3f7f4000
40770800
3f7f4000
40770800
3f7f4000
40770800
3f7f4000
40770800
3f7f4000
40770800
3f7f4000
40770800
3f7f4000
40770800
3f7f4000
40770800
3f7f4000
40770800
3f7f4000
40770800
3f7f4000
40770800
3f7f4000
40770800
3f7f4000
40770800
3f7f4000
40770800
3f7f4000
40770800
3f7f4000
40770800
3f7f4000
40770800
3f7f4000
40770800
3f7f4000
40770800
3f7f4000
40770800
3f7f4000
40770800
3f7f4000
40770800
3f7f4000
40770800
3f7f4000
40770800
3f7f4000
40770800
3f7f4000
40770800
3f7f4000
40770800
3f7f4000
40770800
3f7f4000
40770800
3f7f4000
40770800
3f7f4000
40770800
3f7f4000
40770800
3f7f4000
40770800
3f7f4000
40770800
3f7f4000
40770800
3f7f4000
40770800
3f7f4000
40770800
3f7f4000
40770800
3f7f4000
40770800
3f7f4000
40770800
3f7f4000
40770800
3f7f4000
40770800
3f7f4000
40770800
3f7f4000
40770800
3f7f4000
40770800
3f7f4000
40770800
3f7f4000
40770800
3f7f4000
40770800
3f7f4000
40770800
3f7f4000
40770800
3f7f4000
40770800
3f7f4000
4078f800
3f7f4000
4078f800
3f7f4000
4078f800
3f7f4000
4078f800
3f7f4000
4078f800
3f7f4000
4078f800
3f7f4000
4078f800
3f7f4000
4078f800
3f7f4000
4078f800
3f7f4000
4078f800
3f7f4000
4078f800
3f7f4000
4078f800
3f7f4000
4078f800
3f7f4000
4078f800
3f7f4000
4078f800
3f7f4000
4078f800
3f7f4000
4078f800
3f7f4000
4078f800
3f7f4000
4078f800
3f7f4000
4078f800
3f7f4000
4078f800
3f7f4000
4078f800
3f7f4000
4078f800
3f7f4000
4078f800
3f7f4000
4078f800
3f7f4000
4078f800
3f7f4000
4078f800
3f7f4000
4078f800
3f7f4000
4078f800
3f7f4000
4078f800
3f7f4000
4078f800
3f7f4000
4078f800
3f7f4000
4078f800
3f7f4000
4078f800
3f7f4000
4078f800
3f7f4000
4078f800
3f7f4000
4078f800
3f7f4000
4078f800
3f7f4000
4078f800
3f7f4000
4078f800
3f7f4000
4078f800
3f7f4000
4078f800
3f7f4000
4078f800
3f7f4000
4078f800
3f7f4000
4078f800
3f7f4000
4078f800
3f7f4000
4078f800
3f7f4000
4078f800
3f7f4000
4078f800
3f7f4000
4078f800
3f7f4000
4078f800
3f7f4000
4078f800
3f7f4000
4078f800
3f7f4000
4078f800
3f7f4000
4078f800
3f7f4000
4078f800
3f7f4000
4078f800
3f7f4000
4078f800
3f7f4000
4078f800
3f7f4000
4078f800
3f7f4000
4078f800
3f7f4000
4078f800
3f7f4000
4078f800
3f7f4000
4078f800
3f7f4000
4078f800
3f7f4000
4078f800
3f7f4000
407ae800
3f7f4000
407ae800
3f7f4000
407ae800
3f7f4000
407ae800
3f7f4000
407ae800
3f7f4000
407ae800
3f7f4000
407ae800
3f7f4000
407ae800
3f7f4000
407ae800
3f7f4000
407ae800
3f7f4000
407ae800
3f7f4000
407ae800
3f7f4000
407ae800
3f7f4000
407ae800
3f7f4000
407ae800
3f7f4000
407ae800
3f7f4000
407ae800
3f7f4000
407ae800
3f7f4000
407ae800
3f7f4000
407ae800
3f7f4000
407ae800
3f7f4000
407ae800
3f7f4000
407ae800
3f7f4000
407ae800
3f7f4000
407ae800
3f7f4000
407ae800
3f7f4000
407ae800
3f7f4000
407ae800
3f7f4000
407ae800
3f7f4000
407ae800
3f7f4000
407ae800
3f7f4000
407ae800
3f7f4000
407ae800
3f7f4000
407ae800
3f7f4000
407ae800
3f7f4000
407ae800
3f7f4000
407ae800
3f7f4000
407ae800
3f7f4000
407ae800
3f7f4000
407ae800
3f7f4000
407ae800
3f7f4000
407ae800
3f7f4000
407ae800
3f7f4000
407ae800
3f7f4000
407ae800
3f7f4000
407ae800
3f7f4000
407ae800
3f7f4000
407ae800
3f7f4000
407ae800
3f7f4000
407ae800
3f7f4000
407ae800
3f7f4000
407ae800
3f7f4000
407ae800
3f7f4000
407ae800
3f7f4000
407ae800
3f7f4000
407ae800
3f7f4000
407ae800
3f7f4000
407ae800
3f7f4000
407ae800
3f7f4000
407ae800
3f7f4000
407ae800
3f7f4000
407ae800
3f7f4000
407ae800
3f7f4000
407ae800
3f7f4000
407ae800
3f7f4000
407ae800
3f7f4000
407cd800
3f7f4000
407cd800
3f7f4000
407cd800
3f7f4000
407cd800
3f7f4000
407cd800
3f7f4000
407cd800
3f7f4000
407cd800
3f7f4000
407cd800
3f7f4000
407cd800
3f7f4000
407cd800
3f7f4000
407cd800
3f7f4000
407cd800
3f7f4000
407cd800
3f7f4000
407cd800
3f7f4000
407cd800
3f7f4000
407cd800
3f7f4000
407cd800
3f7f4000
407cd800
3f7f4000
407cd800
3f7f4000
407cd800
3f7f4000
407cd800
3f7f4000
407cd800
3f7f4000
407cd800
3f7f4000
407cd800
3f7f4000
407cd800
3f7f4000
407cd800
3f7f4000
407cd800
3f7f4000
407cd800
3f7f4000
407cd800
3f7f4000
407cd800
3f7f4000
407cd800
3f7f4000
407cd800
3f7f4000
407cd800
3f7f4000
407cd800
3f7f4000
407cd800
3f7f4000
407cd800
3f7f4000
407cd800
3f7f4000
407cd800
3f7f4000
407cd800
3f7f4000
407cd800
3f7f4000
407cd800
3f7f4000
407cd800
3f7f4000
407cd800
3f7f4000
407cd800
3f7f4000
407cd800
3f7f4000
407cd800
3f7f4000
407cd800
3f7f4000
407cd800
3f7f4000
407cd800
3f7f4000
407cd800
3f7f4000
407cd800
3f7f4000
407cd800
3f7f4000
407cd800
3f7f4000
407cd800
3f7f4000
407cd800
3f7f4000
407cd800
3f7f4000
407cd800
3f7f4000
407cd800
3f7f4000
407cd800
3f7f4000
407cd800
3f7f4000
407cd800
3f7f4000
407cd800
3f7f4000
407cd800
3f7f4000
407cd800
3f7f4000
407cd800
3f7f4000
407cd800
3f7f4000
407ec800
3f7f4000
407ec800
3f7f4000
407ec800
3f7f4000
407ec800
3f7f4000
407ec800
3f7f4000
407ec800
3f7f4000
407ec800
3f7f4000
407ec800
3f7f4000
407ec800
3f7f4000
407ec800
3f7f4000
407ec800
3f7f4000
407ec800
3f7f4000
407ec800
3f7f4000
407ec800
3f7f4000
407ec800
3f7f4000
407ec800
3f7f4000
407ec800
3f7f4000
407ec800
3f7f4000
407ec800
3f7f4000
407ec800
3f7f4000
407ec800
3f7f4000
407ec800
3f7f4000
407ec800
3f7f4000
407ec800
3f7f4000
407ec800
3f7f4000
407ec800
3f7f4000
407ec800
3f7f4000
407ec800
3f7f4000
407ec800
3f7f4000
407ec800
3f7f4000
407ec800
3f7f4000
407ec800
3f7f4000
407ec800
3f7f4000
407ec800
3f7f4000
407ec800
3f7f4000
407ec800
3f7f4000
407ec800
3f7f4000
407ec800
3f7f4000
407ec800
3f7f4000
407ec800
3f7f4000
407ec800
3f7f4000
407ec800
3f7f4000
407ec800
3f7f4000
407ec800
3f7f4000
407ec800
3f7f4000
407ec800
3f7f4000
407ec800
3f7f4000
407ec800
3f7f4000
407ec800
3f7f4000
407ec800
3f7f4000
407ec800
3f7f4000
407ec800
3f7f4000
407ec800
3f7f4000
407ec800
3f7f4000
407ec800
3f7f4000
407ec800
3f7f4000
407ec800
3f7f4000
407ec800
3f7f4000
407ec800
3f7f4000
407ec800
3f7f4000
407ec800
3f7f4000
407ec800
3f7f4000
407ec800
3f7f4000
407ec800
3f7f4000
407ec800
3f7f4000
3f809000
3f802000
3f86f000
3f750000
3f891000
3f714000
3f908000
3f642000
3f94e000
3f5da000
3f992000
3f57a000
3fa09000
3f4d2000
3fa4f000
3f48c000
3fa93000
3f43c000
3fb0a000
3f3b0000
3fb3f000
3f376000
3fb94000
3f326000
3fc0b000
3f2b6000
3fc1e000
3f2a8000
3fc95000
3f246000
3fd0c000
3f1e4000
3fd1f000
3f1da000
3fd96000
3f186000
3fe0d000
3f132000
3fe0f000
3f124000
3fe97000
3f0d4000
3ff0e000
3f08e000
3ff10000
3f090000
3ff98000
3f040000
3f809000
3f802000
3f86f000
3f750000
3f891000
3f714000
3f908000
3f642000
3f94e000
3f5da000
3f992000
3f57a000
3fa09000
3f4d2000
3fa4f000
3f48c000
3fa93000
3f43c000
3fb0a000
3f3b0000
3fb3f000
3f376000
3fb94000
3f326000
3fc0b000
3f2b6000
3fc1e000
3f2a8000
3fc95000
3f246000
3fd0c000
3f1e4000
3fd1f000
3f1da000
3fd96000
3f186000
3fe0d000
3f132000
3fe0f000
3f124000
3fe97000
3f0d4000
3ff0e000
3f08e000
3ff10000
3f090000
3ff98000
3f040000
3f809000
3f802000
3f86f000
3f750000
3f891000
3f714000
3f908000
3f642000
3f94e000
3f5da000
3f992000
3f57a000
3fa09000
3f4d2000
3fa4f000
3f48c000
3fa93000
3f43c000
3fb0a000
3f3b0000
3fb3f000
3f376000
3fb94000
3f326000
3fc0b000
3f2b6000
3fc1e000
3f2a8000
3fc95000
3f246000
3fd0c000
3f1e4000
3fd1f000
3f1da000
3fd96000
3f186000
3fe0d000
3f132000
3fe0f000
3f124000
3fe97000
3f0d4000
3ff0e000
3f08e000
3ff10000
3f090000
3ff98000
3f040000
3f809000
3f802000
3f86f000
3f750000
3f891000
3f714000
3f908000
3f642000
3f94e000
3f5da000
3f992000
3f57a000
3fa09000
3f4d2000
3fa4f000
3f48c000
3fa93000
3f43c000
3fb0a000
3f3b0000
3fb3f000
3f376000
3fb94000
3f326000
3fc0b000
3f2b6000
3fc1e000
3f2a8000
3fc95000
3f246000
3fd0c000
3f1e4000
3fd1f000
3f1da000
3fd96000
3f186000
3fe0d000
3f132000
3fe0f000
3f124000
3fe97000
3f0d4000
3ff0e000
3f08e000
3ff10000
3f090000
3ff98000
3f040000
3f809000
3f802000
3f86f000
3f750000
3f891000
3f714000
3f908000
3f642000
3f94e000
3f5da000
3f992000
3f57a000
3fa09000
3f4d2000
3fa4f000
3f48c000
3fa93000
3f43c000
3fb0a000
3f3b0000
3fb3f000
3f376000
3fb94000
3f326000
3fc0b000
3f2b6000
3fc1e000
3f2a8000
3fc95000
3f246000
3fd0c000
3f1e4000
3fd1f000
3f1da000
3fd96000
3f186000
3fe0d000
3f132000
3fe0f000
3f124000
3fe97000
3f0d4000
3ff0e000
3f08e000
3ff10000
3f090000
3ff98000
3f040000
3f809000
3f802000
3f86f000
3f750000
3f891000
3f714000
3f908000
3f642000
3f94e000
3f5da000
3f992000
3f57a000
3fa09000
3f4d2000
3fa4f000
3f48c000
3fa93000
3f43c000
3fb0a000
3f3b0000
3fb3f000
3f376000
3fb94000
3f326000
3fc0b000
3f2b6000
3fc1e000
3f2a8000
3fc95000
3f246000
3fd0c000
3f1e4000
3fd1f000
3f1da000
3fd96000
3f186000
3fe0d000
3f132000
3fe0f000
3f124000
3fe97000
3f0d4000
3ff0e000
3f08e000
3ff10000
3f090000
3ff98000
3f040000
3f809000
3f802000
3f86f000
3f750000
3f891000
3f714000
3f908000
3f642000
3f94e000
3f5da000
3f992000
3f57a000
3fa09000
3f4d2000
3fa4f000
3f48c000
3fa93000
3f43c000
3fb0a000
3f3b0000
3fb3f000
3f376000
3fb94000
3f326000
3fc0b000
3f2b6000
3fc1e000
3f2a8000
3fc95000
3f246000
3fd0c000
3f1e4000
3fd1f000
3f1da000
3fd96000
3f186000
3fe0d000
3f132000
3fe0f000
3f124000
3fe97000
3f0d4000
3ff0e000
3f08e000
3ff10000
3f090000
3ff98000
3f040000
3f809000
3f802000
3f86f000
3f750000
3f891000
3f714000
3f908000
3f642000
3f94e000
3f5da000
3f992000
3f57a000
3fa09000
3f4d2000
3fa4f000
3f48c000
3fa93000
3f43c000
3fb0a000
3f3b0000
3fb3f000
3f376000
3fb94000
3f326000
3fc0b000
3f2b6000
3fc1e000
3f2a8000
3fc95000
3f246000
3fd0c000
3f1e4000
3fd1f000
3f1da000
3fd96000
3f186000
3fe0d000
3f132000
3fe0f000
3f124000
3fe97000
3f0d4000
3ff0e000
3f08e000
3ff10000
3f090000
3ff98000
3f040000
3f809000
3f802000
3f86f000
3f750000
3f891000
3f714000
3f908000
3f642000
3f94e000
3f5da000
3f992000
3f57a000
3fa09000
3f4d2000
3fa4f000
3f48c000
3fa93000
3f43c000
3fb0a000
3f3b0000
3fb3f000
3f376000
3fb94000
3f326000
3fc0b000
3f2b6000
3fc1e000
3f2a8000
3fc95000
3f246000
3fd0c000
3f1e4000
3fd1f000
3f1da000
3fd96000
3f186000
3fe0d000
3f132000
3fe0f000
3f124000
3fe97000
3f0d4000
3ff0e000
3f08e000
3ff10000
3f090000
3ff98000
3f040000
3f809000
3f802000
3f86f000
3f750000
3f891000
3f714000
3f908000
3f642000
3f94e000
3f5da000
3f992000
3f57a000
3fa09000
3f4d2000
3fa4f000
3f48c000
3fa93000
3f43c000
3fb0a000
3f3b0000
3fb3f000
3f376000
3fb94000
3f326000
3fc0b000
3f2b6000
3fc1e000
3f2a8000
3fc95000
3f246000
3fd0c000
3f1e4000
3fd1f000
3f1da000
3fd96000
3f186000
3fe0d000
3f132000
3fe0f000
3f124000
3fe97000
3f0d4000
3ff0e000
3f08e000
3ff10000
3f090000
3ff98000
3f040000
3f809000
3f802000
3f86f000
3f750000
3f891000
3f714000
3f908000
3f642000
3f94e000
3f5da000
3f992000
3f57a000
3fa09000
3f4d2000
3fa4f000
3f48c000
3fa93000
3f43c000
3fb0a000
3f3b0000
3fb3f000
3f376000
3fb94000
3f326000
3fc0b000
3f2b6000
3fc1e000
3f2a8000
3fc95000
3f246000
3fd0c000
3f1e4000
3fd1f000
3f1da000
3fd96000
3f186000
3fe0d000
3f132000
3fe0f000
3f124000
3fe97000
3f0d4000
3ff0e000
3f08e000
3ff10000
3f090000
3ff98000
3f040000
3f809000
3f802000
3f86f000
3f750000
3f891000
3f714000
3f908000
3f642000
3f94e000
3f5da000
3f992000
3f57a000
3fa09000
3f4d2000
3fa4f000
3f48c000
3fa93000
3f43c000
3fb0a000
3f3b0000
3fb3f000
3f376000
3fb94000
3f326000
3fc0b000
3f2b6000
3fc1e000
3f2a8000
3fc95000
3f246000
3fd0c000
3f1e4000
3fd1f000
3f1da000
3fd96000
3f186000
3fe0d000
3f132000
3fe0f000
3f124000
3fe97000
3f0d4000
3ff0e000
3f08e000
3ff10000
3f090000
3ff98000
3f040000
3f81a000
3f811000
3f880000
3f76e000
3f8a2000
3f732000
3f919000
3f660000
3f961000
3f5f6000
3f9a5000
3f596000
3fa1c000
3f4ee000
3fa64000
3f4a4000
3faa8000
3f454000
3fb1f000
3f3c8000
3fb56000
3f38c000
3fbab000
3f33c000
3fc22000
3f2cc000
3fc37000
3f2bc000
3fcae000
3f25a000
3fd25000
3f1f8000
3fd3a000
3f1ec000
3fdb1000
3f198000
3fe28000
3f144000
3fe2c000
3f136000
3feb4000
3f0e6000
3ff2b000
3f0a0000
3ff2f000
3f0a0000
3ffb7000
3f050000
3f81a000
3f811000
3f880000
3f76e000
3f8a2000
3f732000
3f919000
3f660000
3f961000
3f5f6000
3f9a5000
3f596000
3fa1c000
3f4ee000
3fa64000
3f4a4000
3faa8000
3f454000
3fb1f000
3f3c8000
3fb56000
3f38c000
3fbab000
3f33c000
3fc22000
3f2cc000
3fc37000
3f2bc000
3fcae000
3f25a000
3fd25000
3f1f8000
3fd3a000
3f1ec000
3fdb1000
3f198000
3fe28000
3f144000
3fe2c000
3f136000
3feb4000
3f0e6000
3ff2b000
3f0a0000
3ff2f000
3f0a0000
3ffb7000
3f050000
3f83c000
3f82f000
3f8a2000
3f7aa000
3f8c4000
3f76e000
3f93b000
3f69c000
3f987000
3f62e000
3f9cb000
3f5ce000
3fa42000
3f526000
3fa8e000
3f4d4000
3fad2000
3f484000
3fb49000
3f3f8000
3fb84000
3f3b8000
3fbd9000
3f368000
3fc50000
3f2f8000
3fc69000
3f2e4000
3fce0000
3f282000
3fd57000
3f220000
3fd70000
3f210000
3fde7000
3f1bc000
3fe5e000
3f168000
3fe66000
3f15a000
3feee000
3f10a000
3ff65000
3f0c4000
3ff6d000
3f0c0000
3fff5000
3f070000
3f84d000
3f83e000
3f8b3000
3f7c8000
3f8d5000
3f78c000
3f94c000
3f6ba000
3f99a000
3f64a000
3f9de000
3f5ea000
3fa55000
3f542000
3faa3000
3f4ec000
3fae7000
3f49c000
3fb5e000
3f410000
3fb9b000
3f3ce000
3fbf0000
3f37e000
3fc67000
3f30e000
3fc82000
3f2f8000
3fcf9000
3f296000
3fd70000
3f234000
3fd8b000
3f222000
3fe02000
3f1ce000
3fe79000
3f17a000
3fe83000
3f16c000
3ff0b000
3f11c000
3ff82000
3f0d6000
3ff8c000
3f0d0000
4000a000
3f080000
3f84d000
3f83e000
3f8b3000
3f7c8000
3f8d5000
3f78c000
3f94c000
3f6ba000
3f99a000
3f64a000
3f9de000
3f5ea000
3fa55000
3f542000
3faa3000
3f4ec000
3fae7000
3f49c000
3fb5e000
3f410000
3fb9b000
3f3ce000
3fbf0000
3f37e000
3fc67000
3f30e000
3fc82000
3f2f8000
3fcf9000
3f296000
3fd70000
3f234000
3fd8b000
3f222000
3fe02000
3f1ce000
3fe79000
3f17a000
3fe83000
3f16c000
3ff0b000
3f11c000
3ff82000
3f0d6000
3ff8c000
3f0d0000
4000a000
3f080000
3f86f000
3f85c000
3f8d5000
3f802000
3f8f7000
3f7c8000
3f96e000
3f6f6000
3f9c0000
3f682000
3fa04000
3f622000
3fa7b000
3f57a000
3facd000
3f51c000
3fb11000
3f4cc000
3fb88000
3f440000
3fbc9000
3f3fa000
3fc1e000
3f3aa000
3fc95000
3f33a000
3fcb4000
3f320000
3fd2b000
3f2be000
3fda2000
3f25c000
3fdc1000
3f246000
3fe38000
3f1f2000
3feaf000
3f19e000
3febd000
3f190000
3ff45000
3f140000
3ffbc000
3f0fa000
3ffca000
3f0f0000
40029000
3f0a0000
3f880000
3f86b000
3f8e6000
3f811000
3f908000
3f7e6000
3f97f000
3f714000
3f9d3000
3f69e000
3fa17000
3f63e000
3fa8e000
3f596000
3fae2000
3f534000
3fb26000
3f4e4000
3fb9d000
3f458000
3fbe0000
3f410000
3fc35000
3f3c0000
3fcac000
3f350000
3fccd000
3f334000
3fd44000
3f2d2000
3fdbb000
3f270000
3fddc000
3f258000
3fe53000
3f204000
3feca000
3f1b0000
3feda000
3f1a2000
3ff62000
3f152000
3ffd9000
3f10c000
3ffe9000
3f100000
40038800
3f0b0000
3f880000
3f86b000
3f8e6000
3f811000
3f908000
3f7e6000
3f97f000
3f714000
3f9d3000
3f69e000
3fa17000
3f63e000
3fa8e000
3f596000
3fae2000
3f534000
3fb26000
3f4e4000
3fb9d000
3f458000
3fbe0000
3f410000
3fc35000
3f3c0000
3fcac000
3f350000
3fccd000
3f334000
3fd44000
3f2d2000
3fdbb000
3f270000
3fddc000
3f258000
3fe53000
3f204000
3feca000
3f1b0000
3feda000
3f1a2000
3ff62000
3f152000
3ffd9000
3f10c000
3ffe9000
3f100000
40038800
3f0b0000
3f880000
3f86b000
3f8e6000
3f811000
3f908000
3f7e6000
3f97f000
3f714000
3f9d3000
3f69e000
3fa17000
3f63e000
3fa8e000
3f596000
3fae2000
3f534000
3fb26000
3f4e4000
3fb9d000
3f458000
3fbe0000
3f410000
3fc35000
3f3c0000
3fcac000
3f350000
3fccd000
3f334000
3fd44000
3f2d2000
3fdbb000
3f270000
3fddc000
3f258000
3fe53000
3f204000
3feca000
3f1b0000
3feda000
3f1a2000
3ff62000
3f152000
3ffd9000
3f10c000
3ffe9000
3f100000
40038800
3f0b0000
3f880000
3f86b000
3f8e6000
3f811000
3f908000
3f7e6000
3f97f000
3f714000
3f9d3000
3f69e000
3fa17000
3f63e000
3fa8e000
3f596000
3fae2000
3f534000
3fb26000
3f4e4000
3fb9d000
3f458000
3fbe0000
3f410000
3fc35000
3f3c0000
3fcac000
3f350000
3fccd000
3f334000
3fd44000
3f2d2000
3fdbb000
3f270000
3fddc000
3f258000
3fe53000
3f204000
3feca000
3f1b0000
3feda000
3f1a2000
3ff62000
3f152000
3ffd9000
3f10c000
3ffe9000
3f100000
40038800
3f0b0000
3f880000
3f86b000
3f8e6000
3f811000
3f908000
3f7e6000
3f97f000
3f714000
3f9d3000
3f69e000
3fa17000
3f63e000
3fa8e000
3f596000
3fae2000
3f534000
3fb26000
3f4e4000
3fb9d000
3f458000
3fbe0000
3f410000
3fc35000
3f3c0000
3fcac000
3f350000
3fccd000
3f334000
3fd44000
3f2d2000
3fdbb000
3f270000
3fddc000
3f258000
3fe53000
3f204000
3feca000
3f1b0000
3feda000
3f1a2000
3ff62000
3f152000
3ffd9000
3f10c000
3ffe9000
3f100000
40038800
3f0b0000
3f880000
3f86b000
3f8e6000
3f811000
3f908000
3f7e6000
3f97f000
3f714000
3f9d3000
3f69e000
3fa17000
3f63e000
3fa8e000
3f596000
3fae2000
3f534000
3fb26000
3f4e4000
3fb9d000
3f458000
3fbe0000
3f410000
3fc35000
3f3c0000
3fcac000
3f350000
3fccd000
3f334000
3fd44000
3f2d2000
3fdbb000
3f270000
3fddc000
3f258000
3fe53000
3f204000
3feca000
3f1b0000
3feda000
3f1a2000
3ff62000
3f152000
3ffd9000
3f10c000
3ffe9000
3f100000
40038800
3f0b0000
3f880000
3f86b000
3f8e6000
3f811000
3f908000
3f7e6000
3f97f000
3f714000
3f9d3000
3f69e000
3fa17000
3f63e000
3fa8e000
3f596000
3fae2000
3f534000
3fb26000
3f4e4000
3fb9d000
3f458000
3fbe0000
3f410000
3fc35000
3f3c0000
3fcac000
3f350000
3fccd000
3f334000
3fd44000
3f2d2000
3fdbb000
3f270000
3fddc000
3f258000
3fe53000
3f204000
3feca000
3f1b0000
3feda000
3f1a2000
3ff62000
3f152000
3ffd9000
3f10c000
3ffe9000
3f100000
40038800
3f0b0000
3f880000
3f86b000
3f8e6000
3f811000
3f908000
3f7e6000
3f97f000
3f714000
3f9d3000
3f69e000
3fa17000
3f63e000
3fa8e000
3f596000
3fae2000
3f534000
3fb26000
3f4e4000
3fb9d000
3f458000
3fbe0000
3f410000
3fc35000
3f3c0000
3fcac000
3f350000
3fccd000
3f334000
3fd44000
3f2d2000
3fdbb000
3f270000
3fddc000
3f258000
3fe53000
3f204000
3feca000
3f1b0000
3feda000
3f1a2000
3ff62000
3f152000
3ffd9000
3f10c000
3ffe9000
3f100000
40038800
3f0b0000
3f891000
3f87a000
3f8f7000
3f820000
3f919000
3f802000
3f990000
3f732000
3f9e6000
3f6ba000
3fa2a000
3f65a000
3faa1000
3f5b2000
3faf7000
3f54c000
3fb3b000
3f4fc000
3fbb2000
3f470000
3fbf7000
3f426000
3fc4c000
3f3d6000
3fcc3000
3f366000
3fce6000
3f348000
3fd5d000
3f2e6000
3fdd4000
3f284000
3fdf7000
3f26a000
3fe6e000
3f216000
3fee5000
3f1c2000
3fef7000
3f1b4000
3ff7f000
3f164000
3fff6000
3f11e000
40004000
3f110000
40048000
3f0c0000
3f891000
3f87a000
3f8f7000
3f820000
3f919000
3f802000
3f990000
3f732000
3f9e6000
3f6ba000
3fa2a000
3f65a000
3faa1000
3f5b2000
3faf7000
3f54c000
3fb3b000
3f4fc000
3fbb2000
3f470000
3fbf7000
3f426000
3fc4c000
3f3d6000
3fcc3000
3f366000
3fce6000
3f348000
3fd5d000
3f2e6000
3fdd4000
3f284000
3fdf7000
3f26a000
3fe6e000
3f216000
3fee5000
3f1c2000
3fef7000
3f1b4000
3ff7f000
3f164000
3fff6000
3f11e000
40004000
3f110000
40048000
3f0c0000
3f891000
3f87a000
3f8f7000
3f820000
3f919000
3f802000
3f990000
3f732000
3f9e6000
3f6ba000
3fa2a000
3f65a000
3faa1000
3f5b2000
3faf7000
3f54c000
3fb3b000
3f4fc000
3fbb2000
3f470000
3fbf7000
3f426000
3fc4c000
3f3d6000
3fcc3000
3f366000
3fce6000
3f348000
3fd5d000
3f2e6000
3fdd4000
3f284000
3fdf7000
3f26a000
3fe6e000
3f216000
3fee5000
3f1c2000
3fef7000
3f1b4000
3ff7f000
3f164000
3fff6000
3f11e000
40004000
3f110000
40048000
3f0c0000
3f891000
3f87a000
3f8f7000
3f820000
3f919000
3f802000
3f990000
3f732000
3f9e6000
3f6ba000
3fa2a000
3f65a000
3faa1000
3f5b2000
3faf7000
3f54c000
3fb3b000
3f4fc000
3fbb2000
3f470000
3fbf7000
3f426000
3fc4c000
3f3d6000
3fcc3000
3f366000
3fce6000
3f348000
3fd5d000
3f2e6000
3fdd4000
3f284000
3fdf7000
3f26a000
3fe6e000
3f216000
3fee5000
3f1c2000
3fef7000
3f1b4000
3ff7f000
3f164000
3fff6000
3f11e000
40004000
3f110000
40048000
3f0c0000
3f891000
3f87a000
3f8f7000
3f820000
3f919000
3f802000
3f990000
3f732000
3f9e6000
3f6ba000
3fa2a000
3f65a000
3faa1000
3f5b2000
3faf7000
3f54c000
3fb3b000
3f4fc000
3fbb2000
3f470000
3fbf7000
3f426000
3fc4c000
3f3d6000
3fcc3000
3f366000
3fce6000
3f348000
3fd5d000
3f2e6000
3fdd4000
3f284000
3fdf7000
3f26a000
3fe6e000
3f216000
3fee5000
3f1c2000
3fef7000
3f1b4000
3ff7f000
3f164000
3fff6000
3f11e000
40004000
3f110000
40048000
3f0c0000
3f891000
3f87a000
3f8f7000
3f820000
3f919000
3f802000
3f990000
3f732000
3f9e6000
3f6ba000
3fa2a000
3f65a000
3faa1000
3f5b2000
3faf7000
3f54c000
3fb3b000
3f4fc000
3fbb2000
3f470000
3fbf7000
3f426000
3fc4c000
3f3d6000
3fcc3000
3f366000
3fce6000
3f348000
3fd5d000
3f2e6000
3fdd4000
3f284000
3fdf7000
3f26a000
3fe6e000
3f216000
3fee5000
3f1c2000
3fef7000
3f1b4000
3ff7f000
3f164000
3fff6000
3f11e000
40004000
3f110000
40048000
3f0c0000
3f891000
3f87a000
3f8f7000
3f820000
3f919000
3f802000
3f990000
3f732000
3f9e6000
3f6ba000
3fa2a000
3f65a000
3faa1000
3f5b2000
3faf7000
3f54c000
3fb3b000
3f4fc000
3fbb2000
3f470000
3fbf7000
3f426000
3fc4c000
3f3d6000
3fcc3000
3f366000
3fce6000
3f348000
3fd5d000
3f2e6000
3fdd4000
3f284000
3fdf7000
3f26a000
3fe6e000
3f216000
3fee5000
3f1c2000
3fef7000
3f1b4000
3ff7f000
3f164000
3fff6000
3f11e000
40004000
3f110000
40048000
3f0c0000
3f891000
3f87a000
3f8f7000
3f820000
3f919000
3f802000
3f990000
3f732000
3f9e6000
3f6ba000
3fa2a000
3f65a000
3faa1000
3f5b2000
3faf7000
3f54c000
3fb3b000
3f4fc000
3fbb2000
3f470000
3fbf7000
3f426000
3fc4c000
3f3d6000
3fcc3000
3f366000
3fce6000
3f348000
3fd5d000
3f2e6000
3fdd4000
3f284000
3fdf7000
3f26a000
3fe6e000
3f216000
3fee5000
3f1c2000
3fef7000
3f1b4000
3ff7f000
3f164000
3fff6000
3f11e000
40004000
3f110000
40048000
3f0c0000
3f891000
3f87a000
3f8f7000
3f820000
3f919000
3f802000
3f990000
3f732000
3f9e6000
3f6ba000
3fa2a000
3f65a000
3faa1000
3f5b2000
3faf7000
3f54c000
3fb3b000
3f4fc000
3fbb2000
3f470000
3fbf7000
3f426000
3fc4c000
3f3d6000
3fcc3000
3f366000
3fce6000
3f348000
3fd5d000
3f2e6000
3fdd4000
3f284000
3fdf7000
3f26a000
3fe6e000
3f216000
3fee5000
3f1c2000
3fef7000
3f1b4000
3ff7f000
3f164000
3fff6000
3f11e000
40004000
3f110000
40048000
3f0c0000
3f891000
3f87a000
3f8f7000
3f820000
3f919000
3f802000
3f990000
3f732000
3f9e6000
3f6ba000
3fa2a000
3f65a000
3faa1000
3f5b2000
3faf7000
3f54c000
3fb3b000
3f4fc000
3fbb2000
3f470000
3fbf7000
3f426000
3fc4c000
3f3d6000
3fcc3000
3f366000
3fce6000
3f348000
3fd5d000
3f2e6000
3fdd4000
3f284000
3fdf7000
3f26a000
3fe6e000
3f216000
3fee5000
3f1c2000
3fef7000
3f1b4000
3ff7f000
3f164000
3fff6000
3f11e000
40004000
3f110000
40048000
3f0c0000
3f891000
3f87a000
3f8f7000
3f820000
3f919000
3f802000
3f990000
3f732000
3f9e6000
3f6ba000
3fa2a000
3f65a000
3faa1000
3f5b2000
3faf7000
3f54c000
3fb3b000
3f4fc000
3fbb2000
3f470000
3fbf7000
3f426000
3fc4c000
3f3d6000
3fcc3000
3f366000
3fce6000
3f348000
3fd5d000
3f2e6000
3fdd4000
3f284000
3fdf7000
3f26a000
3fe6e000
3f216000
3fee5000
3f1c2000
3fef7000
3f1b4000
3ff7f000
3f164000
3fff6000
3f11e000
40004000
3f110000
40048000
3f0c0000
3f891000
3f87a000
3f8f7000
3f820000
3f919000
3f802000
3f990000
3f732000
3f9e6000
3f6ba000
3fa2a000
3f65a000
3faa1000
3f5b2000
3faf7000
3f54c000
3fb3b000
3f4fc000
3fbb2000
3f470000
3fbf7000
3f426000
3fc4c000
3f3d6000
3fcc3000
3f366000
3fce6000
3f348000
3fd5d000
3f2e6000
3fdd4000
3f284000
3fdf7000
3f26a000
3fe6e000
3f216000
3fee5000
3f1c2000
3fef7000
3f1b4000
3ff7f000
3f164000
3fff6000
3f11e000
40004000
3f110000
40048000
3f0c0000
3f8a2000
3f889000
3f908000
3f82f000
3f92a000
3f811000
3f9a1000
3f750000
3f9f9000
3f6d6000
3fa3d000
3f676000
3fab4000
3f5ce000
3fb0c000
3f564000
3fb50000
3f514000
3fbc7000
3f488000
3fc0e000
3f43c000
3fc63000
3f3ec000
3fcda000
3f37c000
3fcff000
3f35c000
3fd76000
3f2fa000
3fded000
3f298000
3fe12000
3f27c000
3fe89000
3f228000
3ff00000
3f1d4000
3ff14000
3f1c6000
3ff9c000
3f176000
40009800
3f130000
40013800
3f120000
40057800
3f0d0000
3f8a2000
3f889000
3f908000
3f82f000
3f92a000
3f811000
3f9a1000
3f750000
3f9f9000
3f6d6000
3fa3d000
3f676000
3fab4000
3f5ce000
3fb0c000
3f564000
3fb50000
3f514000
3fbc7000
3f488000
3fc0e000
3f43c000
3fc63000
3f3ec000
3fcda000
3f37c000
3fcff000
3f35c000
3fd76000
3f2fa000
3fded000
3f298000
3fe12000
3f27c000
3fe89000
3f228000
3ff00000
3f1d4000
3ff14000
3f1c6000
3ff9c000
3f176000
40009800
3f130000
40013800
3f120000
40057800
3f0d0000
3f8c4000
3f8a7000
3f92a000
3f84d000
3f94c000
3f82f000
3f9c3000
3f78c000
3fa1f000
3f70e000
3fa63000
3f6ae000
3fada000
3f606000
3fb36000
3f594000
3fb7a000
3f544000
3fbf1000
3f4b8000
3fc3c000
3f468000
3fc91000
3f418000
3fd08000
3f3a8000
3fd31000
3f384000
3fda8000
3f322000
3fe1f000
3f2c0000
3fe48000
3f2a0000
3febf000
3f24c000
3ff36000
3f1f8000
3ff4e000
3f1ea000
3ffd6000
3f19a000
40026800
3f154000
40032800
3f140000
40076800
3f0f0000
3f8d5000
3f8b6000
3f93b000
3f85c000
3f95d000
3f83e000
3f9d4000
3f7aa000
3fa32000
3f72a000
3fa76000
3f6ca000
3faed000
3f622000
3fb4b000
3f5ac000
3fb8f000
3f55c000
3fc06000
3f4d0000
3fc53000
3f47e000
3fca8000
3f42e000
3fd1f000
3f3be000
3fd4a000
3f398000
3fdc1000
3f336000
3fe38000
3f2d4000
3fe63000
3f2b2000
3feda000
3f25e000
3ff51000
3f20a000
3ff6b000
3f1fc000
3fff3000
3f1ac000
40035000
3f166000
40042000
3f150000
40086000
3f100000
3f8d5000
3f8b6000
3f93b000
3f85c000
3f95d000
3f83e000
3f9d4000
3f7aa000
3fa32000
3f72a000
3fa76000
3f6ca000
3faed000
3f622000
3fb4b000
3f5ac000
3fb8f000
3f55c000
3fc06000
3f4d0000
3fc53000
3f47e000
3fca8000
3f42e000
3fd1f000
3f3be000
3fd4a000
3f398000
3fdc1000
3f336000
3fe38000
3f2d4000
3fe63000
3f2b2000
3feda000
3f25e000
3ff51000
3f20a000
3ff6b000
3f1fc000
3fff3000
3f1ac000
40035000
3f166000
40042000
3f150000
40086000
3f100000
3f8f7000
3f8d4000
3f95d000
3f87a000
3f97f000
3f85c000
3f9f6000
3f7e6000
3fa58000
3f762000
3fa9c000
3f702000
3fb13000
3f65a000
3fb75000
3f5dc000
3fbb9000
3f58c000
3fc30000
3f500000
3fc81000
3f4aa000
3fcd6000
3f45a000
3fd4d000
3f3ea000
3fd7c000
3f3c0000
3fdf3000
3f35e000
3fe6a000
3f2fc000
3fe99000
3f2d6000
3ff10000
3f282000
3ff87000
3f22e000
3ffa5000
3f220000
40016800
3f1d0000
40052000
3f18a000
40061000
3f170000
400a5000
3f120000
3f908000
3f8e3000
3f96e000
3f889000
3f990000
3f86b000
3fa07000
3f802000
3fa6b000
3f77e000
3faaf000
3f71e000
3fb26000
3f676000
3fb8a000
3f5f4000
3fbce000
3f5a4000
3fc45000
3f518000
3fc98000
3f4c0000
3fced000
3f470000
3fd64000
3f400000
3fd95000
3f3d4000
3fe0c000
3f372000
3fe83000
3f310000
3feb4000
3f2e8000
3ff2b000
3f294000
3ffa2000
3f240000
3ffc2000
3f232000
40025000
3f1e2000
40060800
3f19c000
40070800
3f180000
400b4800
3f130000
3f908000
3f8e3000
3f96e000
3f889000
3f990000
3f86b000
3fa07000
3f802000
3fa6b000
3f77e000
3faaf000
3f71e000
3fb26000
3f676000
3fb8a000
3f5f4000
3fbce000
3f5a4000
3fc45000
3f518000
3fc98000
3f4c0000
3fced000
3f470000
3fd64000
3f400000
3fd95000
3f3d4000
3fe0c000
3f372000
3fe83000
3f310000
3feb4000
3f2e8000
3ff2b000
3f294000
3ffa2000
3f240000
3ffc2000
3f232000
40025000
3f1e2000
40060800
3f19c000
40070800
3f180000
400b4800
3f130000
3f908000
3f8e3000
3f96e000
3f889000
3f990000
3f86b000
3fa07000
3f802000
3fa6b000
3f77e000
3faaf000
3f71e000
3fb26000
3f676000
3fb8a000
3f5f4000
3fbce000
3f5a4000
3fc45000
3f518000
3fc98000
3f4c0000
3fced000
3f470000
3fd64000
3f400000
3fd95000
3f3d4000
3fe0c000
3f372000
3fe83000
3f310000
3feb4000
3f2e8000
3ff2b000
3f294000
3ffa2000
3f240000
3ffc2000
3f232000
40025000
3f1e2000
40060800
3f19c000
40070800
3f180000
400b4800
3f130000
3f908000
3f8e3000
3f96e000
3f889000
3f990000
3f86b000
3fa07000
3f802000
3fa6b000
3f77e000
3faaf000
3f71e000
3fb26000
3f676000
3fb8a000
3f5f4000
3fbce000
3f5a4000
3fc45000
3f518000
3fc98000
3f4c0000
3fced000
3f470000
3fd64000
3f400000
3fd95000
3f3d4000
3fe0c000
3f372000
3fe83000
3f310000
3feb4000
3f2e8000
3ff2b000
3f294000
3ffa2000
3f240000
3ffc2000
3f232000
40025000
3f1e2000
40060800
3f19c000
40070800
3f180000
400b4800
3f130000
3f908000
3f8e3000
3f96e000
3f889000
3f990000
3f86b000
3fa07000
3f802000
3fa6b000
3f77e000
3faaf000
3f71e000
3fb26000
3f676000
3fb8a000
3f5f4000
3fbce000
3f5a4000
3fc45000
3f518000
3fc98000
3f4c0000
3fced000
3f470000
3fd64000
3f400000
3fd95000
3f3d4000
3fe0c000
3f372000
3fe83000
3f310000
3feb4000
3f2e8000
3ff2b000
3f294000
3ffa2000
3f240000
3ffc2000
3f232000
40025000
3f1e2000
40060800
3f19c000
40070800
3f180000
400b4800
3f130000
3f908000
3f8e3000
3f96e000
3f889000
3f990000
3f86b000
3fa07000
3f802000
3fa6b000
3f77e000
3faaf000
3f71e000
3fb26000
3f676000
3fb8a000
3f5f4000
3fbce000
3f5a4000
3fc45000
3f518000
3fc98000
3f4c0000
3fced000
3f470000
3fd64000
3f400000
3fd95000
3f3d4000
3fe0c000
3f372000
3fe83000
3f310000
3feb4000
3f2e8000
3ff2b000
3f294000
3ffa2000
3f240000
3ffc2000
3f232000
40025000
3f1e2000
40060800
3f19c000
40070800
3f180000
400b4800
3f130000
3f908000
3f8e3000
3f96e000
3f889000
3f990000
3f86b000
3fa07000
3f802000
3fa6b000
3f77e000
3faaf000
3f71e000
3fb26000
3f676000
3fb8a000
3f5f4000
3fbce000
3f5a4000
3fc45000
3f518000
3fc98000
3f4c0000
3fced000
3f470000
3fd64000
3f400000
3fd95000
3f3d4000
3fe0c000
3f372000
3fe83000
3f310000
3feb4000
3f2e8000
3ff2b000
3f294000
3ffa2000
3f240000
3ffc2000
3f232000
40025000
3f1e2000
40060800
3f19c000
40070800
3f180000
400b4800
3f130000
3f908000
3f8e3000
3f96e000
3f889000
3f990000
3f86b000
3fa07000
3f802000
3fa6b000
3f77e000
3faaf000
3f71e000
3fb26000
3f676000
3fb8a000
3f5f4000
3fbce000
3f5a4000
3fc45000
3f518000
3fc98000
3f4c0000
3fced000
3f470000
3fd64000
3f400000
3fd95000
3f3d4000
3fe0c000
3f372000
3fe83000
3f310000
3feb4000
3f2e8000
3ff2b000
3f294000
3ffa2000
3f240000
3ffc2000
3f232000
40025000
3f1e2000
40060800
3f19c000
40070800
3f180000
400b4800
3f130000
3f90a000
3f903000
3f97c000
3f89d000
3f9a2000
3f87b000
3fa27000
3f804000
3fa77000
3f79a000
3fac3000
3f72a000
3fb48000
3f666000
3fb98000
3f61c000
3fbe4000
3f5c4000
3fc69000
3f52a000
3fca6000
3f4e4000
3fd05000
3f48a000
3fd8a000
3f40c000
3fda1000
3f3fe000
3fe26000
3f38e000
3feab000
3f31e000
3fec2000
3f318000
3ff47000
3f2b6000
3ffcc000
3f254000
3ffd0000
3f24e000
40034000
3f1ee000
40076800
3f19a000
40078800
3f198000
400c4800
3f148000
3f90a000
3f903000
3f97c000
3f89d000
3f9a2000
3f87b000
3fa27000
3f804000
3fa77000
3f79a000
3fac3000
3f72a000
3fb48000
3f666000
3fb98000
3f61c000
3fbe4000
3f5c4000
3fc69000
3f52a000
3fca6000
3f4e4000
3fd05000
3f48a000
3fd8a000
3f40c000
3fda1000
3f3fe000
3fe26000
3f38e000
3feab000
3f31e000
3fec2000
3f318000
3ff47000
3f2b6000
3ffcc000
3f254000
3ffd0000
3f24e000
40034000
3f1ee000
40076800
3f19a000
40078800
3f198000
400c4800
3f148000
3f90a000
3f903000
3f97c000
3f89d000
3f9a2000
3f87b000
3fa27000
3f804000
3fa77000
3f79a000
3fac3000
3f72a000
3fb48000
3f666000
3fb98000
3f61c000
3fbe4000
3f5c4000
3fc69000
3f52a000
3fca6000
3f4e4000
3fd05000
3f48a000
3fd8a000
3f40c000
3fda1000
3f3fe000
3fe26000
3f38e000
3feab000
3f31e000
3fec2000
3f318000
3ff47000
3f2b6000
3ffcc000
3f254000
3ffd0000
3f24e000
40034000
3f1ee000
40076800
3f19a000
40078800
3f198000
400c4800
3f148000
3f90a000
3f903000
3f97c000
3f89d000
3f9a2000
3f87b000
3fa27000
3f804000
3fa77000
3f79a000
3fac3000
3f72a000
3fb48000
3f666000
3fb98000
3f61c000
3fbe4000
3f5c4000
3fc69000
3f52a000
3fca6000
3f4e4000
3fd05000
3f48a000
3fd8a000
3f40c000
3fda1000
3f3fe000
3fe26000
3f38e000
3feab000
3f31e000
3fec2000
3f318000
3ff47000
3f2b6000
3ffcc000
3f254000
3ffd0000
3f24e000
40034000
3f1ee000
40076800
3f19a000
40078800
3f198000
400c4800
3f148000
3f90a000
3f903000
3f97c000
3f89d000
3f9a2000
3f87b000
3fa27000
3f804000
3fa77000
3f79a000
3fac3000
3f72a000
3fb48000
3f666000
3fb98000
3f61c000
3fbe4000
3f5c4000
3fc69000
3f52a000
3fca6000
3f4e4000
3fd05000
3f48a000
3fd8a000
3f40c000
3fda1000
3f3fe000
3fe26000
3f38e000
3feab000
3f31e000
3fec2000
3f318000
3ff47000
3f2b6000
3ffcc000
3f254000
3ffd0000
3f24e000
40034000
3f1ee000
40076800
3f19a000
40078800
3f198000
400c4800
3f148000
3f90a000
3f903000
3f97c000
3f89d000
3f9a2000
3f87b000
3fa27000
3f804000
3fa77000
3f79a000
3fac3000
3f72a000
3fb48000
3f666000
3fb98000
3f61c000
3fbe4000
3f5c4000
3fc69000
3f52a000
3fca6000
3f4e4000
3fd05000
3f48a000
3fd8a000
3f40c000
3fda1000
3f3fe000
3fe26000
3f38e000
3feab000
3f31e000
3fec2000
3f318000
3ff47000
3f2b6000
3ffcc000
3f254000
3ffd0000
3f24e000
40034000
3f1ee000
40076800
3f19a000
40078800
3f198000
400c4800
3f148000
3f90a000
3f903000
3f97c000
3f89d000
3f9a2000
3f87b000
3fa27000
3f804000
3fa77000
3f79a000
3fac3000
3f72a000
3fb48000
3f666000
3fb98000
3f61c000
3fbe4000
3f5c4000
3fc69000
3f52a000
3fca6000
3f4e4000
3fd05000
3f48a000
3fd8a000
3f40c000
3fda1000
3f3fe000
3fe26000
3f38e000
3feab000
3f31e000
3fec2000
3f318000
3ff47000
3f2b6000
3ffcc000
3f254000
3ffd0000
3f24e000
40034000
3f1ee000
40076800
3f19a000
40078800
3f198000
400c4800
3f148000
3f90a000
3f903000
3f97c000
3f89d000
3f9a2000
3f87b000
3fa27000
3f804000
3fa77000
3f79a000
3fac3000
3f72a000
3fb48000
3f666000
3fb98000
3f61c000
3fbe4000
3f5c4000
3fc69000
3f52a000
3fca6000
3f4e4000
3fd05000
3f48a000
3fd8a000
3f40c000
3fda1000
3f3fe000
3fe26000
3f38e000
3feab000
3f31e000
3fec2000
3f318000
3ff47000
3f2b6000
3ffcc000
3f254000
3ffd0000
3f24e000
40034000
3f1ee000
40076800
3f19a000
40078800
3f198000
400c4800
3f148000
3f90a000
3f903000
3f97c000
3f89d000
3f9a2000
3f87b000
3fa27000
3f804000
3fa77000
3f79a000
3fac3000
3f72a000
3fb48000
3f666000
3fb98000
3f61c000
3fbe4000
3f5c4000
3fc69000
3f52a000
3fca6000
3f4e4000
3fd05000
3f48a000
3fd8a000
3f40c000
3fda1000
3f3fe000
3fe26000
3f38e000
3feab000
3f31e000
3fec2000
3f318000
3ff47000
3f2b6000
3ffcc000
3f254000
3ffd0000
3f24e000
40034000
3f1ee000
40076800
3f19a000
40078800
3f198000
400c4800
3f148000
3f90a000
3f903000
3f97c000
3f89d000
3f9a2000
3f87b000
3fa27000
3f804000
3fa77000
3f79a000
3fac3000
3f72a000
3fb48000
3f666000
3fb98000
3f61c000
3fbe4000
3f5c4000
3fc69000
3f52a000
3fca6000
3f4e4000
3fd05000
3f48a000
3fd8a000
3f40c000
3fda1000
3f3fe000
3fe26000
3f38e000
3feab000
3f31e000
3fec2000
3f318000
3ff47000
3f2b6000
3ffcc000
3f254000
3ffd0000
3f24e000
40034000
3f1ee000
40076800
3f19a000
40078800
3f198000
400c4800
3f148000
3f90a000
3f903000
3f97c000
3f89d000
3f9a2000
3f87b000
3fa27000
3f804000
3fa77000
3f79a000
3fac3000
3f72a000
3fb48000
3f666000
3fb98000
3f61c000
3fbe4000
3f5c4000
3fc69000
3f52a000
3fca6000
3f4e4000
3fd05000
3f48a000
3fd8a000
3f40c000
3fda1000
3f3fe000
3fe26000
3f38e000
3feab000
3f31e000
3fec2000
3f318000
3ff47000
3f2b6000
3ffcc000
3f254000
3ffd0000
3f24e000
40034000
3f1ee000
40076800
3f19a000
40078800
3f198000
400c4800
3f148000
3f90a000
3f903000
3f97c000
3f89d000
3f9a2000
3f87b000
3fa27000
3f804000
3fa77000
3f79a000
3fac3000
3f72a000
3fb48000
3f666000
3fb98000
3f61c000
3fbe4000
3f5c4000
3fc69000
3f52a000
3fca6000
3f4e4000
3fd05000
3f48a000
3fd8a000
3f40c000
3fda1000
3f3fe000
3fe26000
3f38e000
3feab000
3f31e000
3fec2000
3f318000
3ff47000
3f2b6000
3ffcc000
3f254000
3ffd0000
3f24e000
40034000
3f1ee000
40076800
3f19a000
40078800
3f198000
400c4800
3f148000
3f91b000
3f912000
3f98d000
3f8ac000
3f9b3000
3f88a000
3fa38000
3f813000
3fa8a000
3f7b6000
3fad6000
3f746000
3fb5b000
3f682000
3fbad000
3f634000
3fbf9000
3f5dc000
3fc7e000
3f542000
3fcbd000
3f4fa000
3fd1c000
3f4a0000
3fda1000
3f422000
3fdba000
3f412000
3fe3f000
3f3a2000
3fec4000
3f332000
3fedd000
3f32a000
3ff62000
3f2c8000
3ffe7000
3f266000
3ffed000
3f260000
40042800
3f200000
40085000
3f1ac000
40088000
3f1a8000
400d4000
3f158000
3f91b000
3f912000
3f98d000
3f8ac000
3f9b3000
3f88a000
3fa38000
3f813000
3fa8a000
3f7b6000
3fad6000
3f746000
3fb5b000
3f682000
3fbad000
3f634000
3fbf9000
3f5dc000
3fc7e000
3f542000
3fcbd000
3f4fa000
3fd1c000
3f4a0000
3fda1000
3f422000
3fdba000
3f412000
3fe3f000
3f3a2000
3fec4000
3f332000
3fedd000
3f32a000
3ff62000
3f2c8000
3ffe7000
3f266000
3ffed000
3f260000
40042800
3f200000
40085000
3f1ac000
40088000
3f1a8000
400d4000
3f158000
3f93d000
3f930000
3f9af000
3f8ca000
3f9d5000
3f8a8000
3fa5a000
3f831000
3fab0000
3f7ee000
3fafc000
3f77e000
3fb81000
3f6ba000
3fbd7000
3f664000
3fc23000
3f60c000
3fca8000
3f572000
3fceb000
3f526000
3fd4a000
3f4cc000
3fdcf000
3f44e000
3fdec000
3f43a000
3fe71000
3f3ca000
3fef6000
3f35a000
3ff13000
3f34e000
3ff98000
3f2ec000
4000e800
3f28a000
40013800
3f284000
4005f800
3f224000
400a2000
3f1d0000
400a7000
3f1c8000
400f3000
3f178000
3f94e000
3f93f000
3f9c0000
3f8d9000
3f9e6000
3f8b7000
3fa6b000
3f840000
3fac3000
3f805000
3fb0f000
3f79a000
3fb94000
3f6d6000
3fbec000
3f67c000
3fc38000
3f624000
3fcbd000
3f58a000
3fd02000
3f53c000
3fd61000
3f4e2000
3fde6000
3f464000
3fe05000
3f44e000
3fe8a000
3f3de000
3ff0f000
3f36e000
3ff2e000
3f360000
3ffb3000
3f2fe000
4001c000
3f29c000
40022000
3f296000
4006e000
3f236000
400b0800
3f1e2000
400b6800
3f1d8000
40102800
3f188000
3f94e000
3f93f000
3f9c0000
3f8d9000
3f9e6000
3f8b7000
3fa6b000
3f840000
3fac3000
3f805000
3fb0f000
3f79a000
3fb94000
3f6d6000
3fbec000
3f67c000
3fc38000
3f624000
3fcbd000
3f58a000
3fd02000
3f53c000
3fd61000
3f4e2000
3fde6000
3f464000
3fe05000
3f44e000
3fe8a000
3f3de000
3ff0f000
3f36e000
3ff2e000
3f360000
3ffb3000
3f2fe000
4001c000
3f29c000
40022000
3f296000
4006e000
3f236000
400b0800
3f1e2000
400b6800
3f1d8000
40102800
3f188000
3f970000
3f95d000
3f9e2000
3f8f7000
3fa08000
3f8d5000
3fa8d000
3f85e000
3fae9000
3f821000
3fb35000
3f7d2000
3fbba000
3f70e000
3fc16000
3f6ac000
3fc62000
3f654000
3fce7000
3f5ba000
3fd30000
3f568000
3fd8f000
3f50e000
3fe14000
3f490000
3fe37000
3f476000
3febc000
3f406000
3ff41000
3f396000
3ff64000
3f384000
3ffe9000
3f322000
40037000
3f2c0000
4003f000
3f2ba000
4008b000
3f25a000
400cd800
3f206000
400d5800
3f1f8000
40121800
3f1a8000
3f981000
3f96c000
3f9f3000
3f906000
3fa19000
3f8e4000
3fa9e000
3f86d000
3fafc000
3f82f000
3fb48000
3f7ee000
3fbcd000
3f72a000
3fc2b000
3f6c4000
3fc77000
3f66c000
3fcfc000
3f5d2000
3fd47000
3f57e000
3fda6000
3f524000
3fe2b000
3f4a6000
3fe50000
3f48a000
3fed5000
3f41a000
3ff5a000
3f3aa000
3ff7f000
3f396000
40002000
3f334000
40044800
3f2d2000
4004d800
3f2cc000
40099800
3f26c000
400dc000
3f218000
400e5000
3f208000
40131000
3f1b8000
3f981000
3f96c000
3f9f3000
3f906000
3fa19000
3f8e4000
3fa9e000
3f86d000
3fafc000
3f82f000
3fb48000
3f7ee000
3fbcd000
3f72a000
3fc2b000
3f6c4000
3fc77000
3f66c000
3fcfc000
3f5d2000
3fd47000
3f57e000
3fda6000
3f524000
3fe2b000
3f4a6000
3fe50000
3f48a000
3fed5000
3f41a000
3ff5a000
3f3aa000
3ff7f000
3f396000
40002000
3f334000
40044800
3f2d2000
4004d800
3f2cc000
40099800
3f26c000
400dc000
3f218000
400e5000
3f208000
40131000
3f1b8000
3f981000
3f96c000
3f9f3000
3f906000
3fa19000
3f8e4000
3fa9e000
3f86d000
3fafc000
3f82f000
3fb48000
3f7ee000
3fbcd000
3f72a000
3fc2b000
3f6c4000
3fc77000
3f66c000
3fcfc000
3f5d2000
3fd47000
3f57e000
3fda6000
3f524000
3fe2b000
3f4a6000
3fe50000
3f48a000
3fed5000
3f41a000
3ff5a000
3f3aa000
3ff7f000
3f396000
40002000
3f334000
40044800
3f2d2000
4004d800
3f2cc000
40099800
3f26c000
400dc000
3f218000
400e5000
3f208000
40131000
3f1b8000
3f981000
3f96c000
3f9f3000
3f906000
3fa19000
3f8e4000
3fa9e000
3f86d000
3fafc000
3f82f000
3fb48000
3f7ee000
3fbcd000
3f72a000
3fc2b000
3f6c4000
3fc77000
3f66c000
3fcfc000
3f5d2000
3fd47000
3f57e000
3fda6000
3f524000
3fe2b000
3f4a6000
3fe50000
3f48a000
3fed5000
3f41a000
3ff5a000
3f3aa000
3ff7f000
3f396000
40002000
3f334000
40044800
3f2d2000
4004d800
3f2cc000
40099800
3f26c000
400dc000
3f218000
400e5000
3f208000
40131000
3f1b8000
3f981000
3f96c000
3f9f3000
3f906000
3fa19000
3f8e4000
3fa9e000
3f86d000
3fafc000
3f82f000
3fb48000
3f7ee000
3fbcd000
3f72a000
3fc2b000
3f6c4000
3fc77000
3f66c000
3fcfc000
3f5d2000
3fd47000
3f57e000
3fda6000
3f524000
3fe2b000
3f4a6000
3fe50000
3f48a000
3fed5000
3f41a000
3ff5a000
3f3aa000
3ff7f000
3f396000
40002000
3f334000
40044800
3f2d2000
4004d800
3f2cc000
40099800
3f26c000
400dc000
3f218000
400e5000
3f208000
40131000
3f1b8000
3f981000
3f96c000
3f9f3000
3f906000
3fa19000
3f8e4000
3fa9e000
3f86d000
3fafc000
3f82f000
3fb48000
3f7ee000
3fbcd000
3f72a000
3fc2b000
3f6c4000
3fc77000
3f66c000
3fcfc000
3f5d2000
3fd47000
3f57e000
3fda6000
3f524000
3fe2b000
3f4a6000
3fe50000
3f48a000
3fed5000
3f41a000
3ff5a000
3f3aa000
3ff7f000
3f396000
40002000
3f334000
40044800
3f2d2000
4004d800
3f2cc000
40099800
3f26c000
400dc000
3f218000
400e5000
3f208000
40131000
3f1b8000
3f981000
3f96c000
3f9f3000
3f906000
3fa19000
3f8e4000
3fa9e000
3f86d000
3fafc000
3f82f000
3fb48000
3f7ee000
3fbcd000
3f72a000
3fc2b000
3f6c4000
3fc77000
3f66c000
3fcfc000
3f5d2000
3fd47000
3f57e000
3fda6000
3f524000
3fe2b000
3f4a6000
3fe50000
3f48a000
3fed5000
3f41a000
3ff5a000
3f3aa000
3ff7f000
3f396000
40002000
3f334000
40044800
3f2d2000
4004d800
3f2cc000
40099800
3f26c000
400dc000
3f218000
400e5000
3f208000
40131000
3f1b8000
3f981000
3f96c000
3f9f3000
3f906000
3fa19000
3f8e4000
3fa9e000
3f86d000
3fafc000
3f82f000
3fb48000
3f7ee000
3fbcd000
3f72a000
3fc2b000
3f6c4000
3fc77000
3f66c000
3fcfc000
3f5d2000
3fd47000
3f57e000
3fda6000
3f524000
3fe2b000
3f4a6000
3fe50000
3f48a000
3fed5000
3f41a000
3ff5a000
3f3aa000
3ff7f000
3f396000
40002000
3f334000
40044800
3f2d2000
4004d800
3f2cc000
40099800
3f26c000
400dc000
3f218000
400e5000
3f208000
40131000
3f1b8000
3f992000
3f97b000
3fa04000
3f915000
3fa2a000
3f8f3000
3faaf000
3f87c000
3fb0f000
3f83d000
3fb5b000
3f805000
3fbe0000
3f746000
3fc40000
3f6dc000
3fc8c000
3f684000
3fd11000
3f5ea000
3fd5e000
3f594000
3fdbd000
3f53a000
3fe42000
3f4bc000
3fe69000
3f49e000
3feee000
3f42e000
3ff73000
3f3be000
3ff9a000
3f3a8000
4000f800
3f346000
40052000
3f2e4000
4005c000
3f2de000
400a8000
3f27e000
400ea800
3f22a000
400f4800
3f218000
40140800
3f1c8000
3f992000
3f97b000
3fa04000
3f915000
3fa2a000
3f8f3000
3faaf000
3f87c000
3fb0f000
3f83d000
3fb5b000
3f805000
3fbe0000
3f746000
3fc40000
3f6dc000
3fc8c000
3f684000
3fd11000
3f5ea000
3fd5e000
3f594000
3fdbd000
3f53a000
3fe42000
3f4bc000
3fe69000
3f49e000
3feee000
3f42e000
3ff73000
3f3be000
3ff9a000
3f3a8000
4000f800
3f346000
40052000
3f2e4000
4005c000
3f2de000
400a8000
3f27e000
400ea800
3f22a000
400f4800
3f218000
40140800
3f1c8000
3f992000
3f97b000
3fa04000
3f915000
3fa2a000
3f8f3000
3faaf000
3f87c000
3fb0f000
3f83d000
3fb5b000
3f805000
3fbe0000
3f746000
3fc40000
3f6dc000
3fc8c000
3f684000
3fd11000
3f5ea000
3fd5e000
3f594000
3fdbd000
3f53a000
3fe42000
3f4bc000
3fe69000
3f49e000
3feee000
3f42e000
3ff73000
3f3be000
3ff9a000
3f3a8000
4000f800
3f346000
40052000
3f2e4000
4005c000
3f2de000
400a8000
3f27e000
400ea800
3f22a000
400f4800
3f218000
40140800
3f1c8000
3f992000
3f97b000
3fa04000
3f915000
3fa2a000
3f8f3000
3faaf000
3f87c000
3fb0f000
3f83d000
3fb5b000
3f805000
3fbe0000
3f746000
3fc40000
3f6dc000
3fc8c000
3f684000
3fd11000
3f5ea000
3fd5e000
3f594000
3fdbd000
3f53a000
3fe42000
3f4bc000
3fe69000
3f49e000
3feee000
3f42e000
3ff73000
3f3be000
3ff9a000
3f3a8000
4000f800
3f346000
40052000
3f2e4000
4005c000
3f2de000
400a8000
3f27e000
400ea800
3f22a000
400f4800
3f218000
40140800
3f1c8000
3f992000
3f97b000
3fa04000
3f915000
3fa2a000
3f8f3000
3faaf000
3f87c000
3fb0f000
3f83d000
3fb5b000
3f805000
3fbe0000
3f746000
3fc40000
3f6dc000
3fc8c000
3f684000
3fd11000
3f5ea000
3fd5e000
3f594000
3fdbd000
3f53a000
3fe42000
3f4bc000
3fe69000
3f49e000
3feee000
3f42e000
3ff73000
3f3be000
3ff9a000
3f3a8000
4000f800
3f346000
40052000
3f2e4000
4005c000
3f2de000
400a8000
3f27e000
400ea800
3f22a000
400f4800
3f218000
40140800
3f1c8000
3f992000
3f97b000
3fa04000
3f915000
3fa2a000
3f8f3000
3faaf000
3f87c000
3fb0f000
3f83d000
3fb5b000
3f805000
3fbe0000
3f746000
3fc40000
3f6dc000
3fc8c000
3f684000
3fd11000
3f5ea000
3fd5e000
3f594000
3fdbd000
3f53a000
3fe42000
3f4bc000
3fe69000
3f49e000
3feee000
3f42e000
3ff73000
3f3be000
3ff9a000
3f3a8000
4000f800
3f346000
40052000
3f2e4000
4005c000
3f2de000
400a8000
3f27e000
400ea800
3f22a000
400f4800
3f218000
40140800
3f1c8000
3f992000
3f97b000
3fa04000
3f915000
3fa2a000
3f8f3000
3faaf000
3f87c000
3fb0f000
3f83d000
3fb5b000
3f805000
3fbe0000
3f746000
3fc40000
3f6dc000
3fc8c000
3f684000
3fd11000
3f5ea000
3fd5e000
3f594000
3fdbd000
3f53a000
3fe42000
3f4bc000
3fe69000
3f49e000
3feee000
3f42e000
3ff73000
3f3be000
3ff9a000
3f3a8000
4000f800
3f346000
40052000
3f2e4000
4005c000
3f2de000
400a8000
3f27e000
400ea800
3f22a000
400f4800
3f218000
40140800
3f1c8000
3f992000
3f97b000
3fa04000
3f915000
3fa2a000
3f8f3000
3faaf000
3f87c000
3fb0f000
3f83d000
3fb5b000
3f805000
3fbe0000
3f746000
3fc40000
3f6dc000
3fc8c000
3f684000
3fd11000
3f5ea000
3fd5e000
3f594000
3fdbd000
3f53a000
3fe42000
3f4bc000
3fe69000
3f49e000
3feee000
3f42e000
3ff73000
3f3be000
3ff9a000
3f3a8000
4000f800
3f346000
40052000
3f2e4000
4005c000
3f2de000
400a8000
3f27e000
400ea800
3f22a000
400f4800
3f218000
40140800
3f1c8000
3f992000
3f97b000
3fa04000
3f915000
3fa2a000
3f8f3000
3faaf000
3f87c000
3fb0f000
3f83d000
3fb5b000
3f805000
3fbe0000
3f746000
3fc40000
3f6dc000
3fc8c000
3f684000
3fd11000
3f5ea000
3fd5e000
3f594000
3fdbd000
3f53a000
3fe42000
3f4bc000
3fe69000
3f49e000
3feee000
3f42e000
3ff73000
3f3be000
3ff9a000
3f3a8000
4000f800
3f346000
40052000
3f2e4000
4005c000
3f2de000
400a8000
3f27e000
400ea800
3f22a000
400f4800
3f218000
40140800
3f1c8000
3f992000
3f97b000
3fa04000
3f915000
3fa2a000
3f8f3000
3faaf000
3f87c000
3fb0f000
3f83d000
3fb5b000
3f805000
3fbe0000
3f746000
3fc40000
3f6dc000
3fc8c000
3f684000
3fd11000
3f5ea000
3fd5e000
3f594000
3fdbd000
3f53a000
3fe42000
3f4bc000
3fe69000
3f49e000
3feee000
3f42e000
3ff73000
3f3be000
3ff9a000
3f3a8000
4000f800
3f346000
40052000
3f2e4000
4005c000
3f2de000
400a8000
3f27e000
400ea800
3f22a000
400f4800
3f218000
40140800
3f1c8000
3f992000
3f97b000
3fa04000
3f915000
3fa2a000
3f8f3000
3faaf000
3f87c000
3fb0f000
3f83d000
3fb5b000
3f805000
3fbe0000
3f746000
3fc40000
3f6dc000
3fc8c000
3f684000
3fd11000
3f5ea000
3fd5e000
3f594000
3fdbd000
3f53a000
3fe42000
3f4bc000
3fe69000
3f49e000
3feee000
3f42e000
3ff73000
3f3be000
3ff9a000
3f3a8000
4000f800
3f346000
40052000
3f2e4000
4005c000
3f2de000
400a8000
3f27e000
400ea800
3f22a000
400f4800
3f218000
40140800
3f1c8000
3f992000
3f97b000
3fa04000
3f915000
3fa2a000
3f8f3000
3faaf000
3f87c000
3fb0f000
3f83d000
3fb5b000
3f805000
3fbe0000
3f746000
3fc40000
3f6dc000
3fc8c000
3f684000
3fd11000
3f5ea000
3fd5e000
3f594000
3fdbd000
3f53a000
3fe42000
3f4bc000
3fe69000
3f49e000
3feee000
3f42e000
3ff73000
3f3be000
3ff9a000
3f3a8000
4000f800
3f346000
40052000
3f2e4000
4005c000
3f2de000
400a8000
3f27e000
400ea800
3f22a000
400f4800
3f218000
40140800
3f1c8000
3f9a3000
3f98a000
3fa15000
3f924000
3fa3b000
3f902000
3fac0000
3f88b000
3fb22000
3f84b000
3fb6e000
3f813000
3fbf3000
3f762000
3fc55000
3f6f4000
3fca1000
3f69c000
3fd26000
3f602000
3fd75000
3f5aa000
3fdd4000
3f550000
3fe59000
3f4d2000
3fe82000
3f4b2000
3ff07000
3f442000
3ff8c000
3f3d2000
3ffb5000
3f3ba000
4001d000
3f358000
4005f800
3f2f6000
4006a800
3f2f0000
400b6800
3f290000
400f9000
3f23c000
40104000
3f228000
40150000
3f1d8000
3f9a3000
3f98a000
3fa15000
3f924000
3fa3b000
3f902000
3fac0000
3f88b000
3fb22000
3f84b000
3fb6e000
3f813000
3fbf3000
3f762000
3fc55000
3f6f4000
3fca1000
3f69c000
3fd26000
3f602000
3fd75000
3f5aa000
3fdd4000
3f550000
3fe59000
3f4d2000
3fe82000
3f4b2000
3ff07000
3f442000
3ff8c000
3f3d2000
3ffb5000
3f3ba000
4001d000
3f358000
4005f800
3f2f6000
4006a800
3f2f0000
400b6800
3f290000
400f9000
3f23c000
40104000
3f228000
40150000
3f1d8000
3f9c5000
3f9a8000
3fa37000
3f942000
3fa5d000
3f920000
3fae2000
3f8a9000
3fb48000
3f867000
3fb94000
3f82f000
3fc19000
3f79a000
3fc7f000
3f724000
3fccb000
3f6cc000
3fd50000
3f632000
3fda3000
3f5d6000
3fe02000
3f57c000
3fe87000
3f4fe000
3feb4000
3f4da000
3ff39000
3f46a000
3ffbe000
3f3fa000
3ffeb000
3f3de000
40038000
3f37c000
4007a800
3f31a000
40087800
3f314000
400d3800
3f2b4000
40116000
3f260000
40123000
3f248000
4016f000
3f1f8000
3f9d6000
3f9b7000
3fa48000
3f951000
3fa6e000
3f92f000
3faf3000
3f8b8000
3fb5b000
3f875000
3fba7000
3f83d000
3fc2c000
3f7b6000
3fc94000
3f73c000
3fce0000
3f6e4000
3fd65000
3f64a000
3fdba000
3f5ec000
3fe19000
3f592000
3fe9e000
3f514000
3fecd000
3f4ee000
3ff52000
3f47e000
3ffd7000
3f40e000
40003000
3f3f0000
40045800
3f38e000
40088000
3f32c000
40096000
3f326000
400e2000
3f2c6000
40124800
3f272000
40132800
3f258000
4017e800
3f208000
3f9d6000
3f9b7000
3fa48000
3f951000
3fa6e000
3f92f000
3faf3000
3f8b8000
3fb5b000
3f875000
3fba7000
3f83d000
3fc2c000
3f7b6000
3fc94000
3f73c000
3fce0000
3f6e4000
3fd65000
3f64a000
3fdba000
3f5ec000
3fe19000
3f592000
3fe9e000
3f514000
3fecd000
3f4ee000
3ff52000
3f47e000
3ffd7000
3f40e000
40003000
3f3f0000
40045800
3f38e000
40088000
3f32c000
40096000
3f326000
400e2000
3f2c6000
40124800
3f272000
40132800
3f258000
4017e800
3f208000
3f9f8000
3f9d5000
3fa6a000
3f96f000
3fa90000
3f94d000
3fb15000
3f8d6000
3fb81000
3f891000
3fbcd000
3f859000
3fc52000
3f7ee000
3fcbe000
3f76c000
3fd0a000
3f714000
3fd8f000
3f67a000
3fde8000
3f618000
3fe47000
3f5be000
3fecc000
3f540000
3feff000
3f516000
3ff84000
3f4a6000
40004800
3f436000
4001e000
3f414000
40060800
3f3b2000
400a3000
3f350000
400b3000
3f34a000
400ff000
3f2ea000
40141800
3f296000
40151800
3f278000
4019d800
3f228000
3fa09000
3f9e4000
3fa7b000
3f97e000
3faa1000
3f95c000
3fb26000
3f8e5000
3fb94000
3f89f000
3fbe0000
3f867000
3fc65000
3f805000
3fcd3000
3f784000
3fd1f000
3f72c000
3fda4000
3f692000
3fdff000
3f62e000
3fe5e000
3f5d4000
3fee3000
3f556000
3ff18000
3f52a000
3ff9d000
3f4ba000
40011000
3f44a000
4002b800
3f426000
4006e000
3f3c4000
400b0800
3f362000
400c1800
3f35c000
4010d800
3f2fc000
40150000
3f2a8000
40161000
3f288000
401ad000
3f238000
3fa09000
3f9e4000
3fa7b000
3f97e000
3faa1000
3f95c000
3fb26000
3f8e5000
3fb94000
3f89f000
3fbe0000
3f867000
3fc65000
3f805000
3fcd3000
3f784000
3fd1f000
3f72c000
3fda4000
3f692000
3fdff000
3f62e000
3fe5e000
3f5d4000
3fee3000
3f556000
3ff18000
3f52a000
3ff9d000
3f4ba000
40011000
3f44a000
4002b800
3f426000
4006e000
3f3c4000
400b0800
3f362000
400c1800
3f35c000
4010d800
3f2fc000
40150000
3f2a8000
40161000
3f288000
401ad000
3f238000
3fa09000
3f9e4000
3fa7b000
3f97e000
3faa1000
3f95c000
3fb26000
3f8e5000
3fb94000
3f89f000
3fbe0000
3f867000
3fc65000
3f805000
3fcd3000
3f784000
3fd1f000
3f72c000
3fda4000
3f692000
3fdff000
3f62e000
3fe5e000
3f5d4000
3fee3000
3f556000
3ff18000
3f52a000
3ff9d000
3f4ba000
40011000
3f44a000
4002b800
3f426000
4006e000
3f3c4000
400b0800
3f362000
400c1800
3f35c000
4010d800
3f2fc000
40150000
3f2a8000
40161000
3f288000
401ad000
3f238000
3fa09000
3f9e4000
3fa7b000
3f97e000
3faa1000
3f95c000
3fb26000
3f8e5000
3fb94000
3f89f000
3fbe0000
3f867000
3fc65000
3f805000
3fcd3000
3f784000
3fd1f000
3f72c000
3fda4000
3f692000
3fdff000
3f62e000
3fe5e000
3f5d4000
3fee3000
3f556000
3ff18000
3f52a000
3ff9d000
3f4ba000
40011000
3f44a000
4002b800
3f426000
4006e000
3f3c4000
400b0800
3f362000
400c1800
3f35c000
4010d800
3f2fc000
40150000
3f2a8000
40161000
3f288000
401ad000
3f238000
3fa09000
3f9e4000
3fa7b000
3f97e000
3faa1000
3f95c000
3fb26000
3f8e5000
3fb94000
3f89f000
3fbe0000
3f867000
3fc65000
3f805000
3fcd3000
3f784000
3fd1f000
3f72c000
3fda4000
3f692000
3fdff000
3f62e000
3fe5e000
3f5d4000
3fee3000
3f556000
3ff18000
3f52a000
3ff9d000
3f4ba000
40011000
3f44a000
4002b800
3f426000
4006e000
3f3c4000
400b0800
3f362000
400c1800
3f35c000
4010d800
3f2fc000
40150000
3f2a8000
40161000
3f288000
401ad000
3f238000
3fa09000
3f9e4000
3fa7b000
3f97e000
3faa1000
3f95c000
3fb26000
3f8e5000
3fb94000
3f89f000
3fbe0000
3f867000
3fc65000
3f805000
3fcd3000
3f784000
3fd1f000
3f72c000
3fda4000
3f692000
3fdff000
3f62e000
3fe5e000
3f5d4000
3fee3000
3f556000
3ff18000
3f52a000
3ff9d000
3f4ba000
40011000
3f44a000
4002b800
3f426000
4006e000
3f3c4000
400b0800
3f362000
400c1800
3f35c000
4010d800
3f2fc000
40150000
3f2a8000
40161000
3f288000
401ad000
3f238000
3fa09000
3f9e4000
3fa7b000
3f97e000
3faa1000
3f95c000
3fb26000
3f8e5000
3fb94000
3f89f000
3fbe0000
3f867000
3fc65000
3f805000
3fcd3000
3f784000
3fd1f000
3f72c000
3fda4000
3f692000
3fdff000
3f62e000
3fe5e000
3f5d4000
3fee3000
3f556000
3ff18000
3f52a000
3ff9d000
3f4ba000
40011000
3f44a000
4002b800
3f426000
4006e000
3f3c4000
400b0800
3f362000
400c1800
3f35c000
4010d800
3f2fc000
40150000
3f2a8000
40161000
3f288000
401ad000
3f238000
3fa09000
3f9e4000
3fa7b000
3f97e000
3faa1000
3f95c000
3fb26000
3f8e5000
3fb94000
3f89f000
3fbe0000
3f867000
3fc65000
3f805000
3fcd3000
3f784000
3fd1f000
3f72c000
3fda4000
3f692000
3fdff000
3f62e000
3fe5e000
3f5d4000
3fee3000
3f556000
3ff18000
3f52a000
3ff9d000
3f4ba000
40011000
3f44a000
4002b800
3f426000
4006e000
3f3c4000
400b0800
3f362000
400c1800
3f35c000
4010d800
3f2fc000
40150000
3f2a8000
40161000
3f288000
401ad000
3f238000
3fa0b000
3fa04000
3fa89000
3f992000
3fab3000
3f96c000
3fb46000
3f8e7000
3fba0000
3f8a9000
3fbf4000
3f86d000
3fc87000
3f804000
3fce1000
3f7aa000
3fd35000
3f74a000
3fdc8000
3f6a2000
3fe0d000
3f654000
3fe76000
3f5f0000
3ff09000
3f564000
3ff24000
3f554000
3ffb7000
3f4d6000
40025000
3f458000
40032800
3f448000
4007c000
3f3e6000
400c5800
3f384000
400c8800
3f368000
4011c800
3f308000
40166000
3f2b4000
40169000
3f2ae000
401bd000
3f24e000
3fa0b000
3fa04000
3fa89000
3f992000
3fab3000
3f96c000
3fb46000
3f8e7000
3fba0000
3f8a9000
3fbf4000
3f86d000
3fc87000
3f804000
3fce1000
3f7aa000
3fd35000
3f74a000
3fdc8000
3f6a2000
3fe0d000
3f654000
3fe76000
3f5f0000
3ff09000
3f564000
3ff24000
3f554000
3ffb7000
3f4d6000
40025000
3f458000
40032800
3f448000
4007c000
3f3e6000
400c5800
3f384000
400c8800
3f368000
4011c800
3f308000
40166000
3f2b4000
40169000
3f2ae000
401bd000
3f24e000
3fa0b000
3fa04000
3fa89000
3f992000
3fab3000
3f96c000
3fb46000
3f8e7000
3fba0000
3f8a9000
3fbf4000
3f86d000
3fc87000
3f804000
3fce1000
3f7aa000
3fd35000
3f74a000
3fdc8000
3f6a2000
3fe0d000
3f654000
3fe76000
3f5f0000
3ff09000
3f564000
3ff24000
3f554000
3ffb7000
3f4d6000
40025000
3f458000
40032800
3f448000
4007c000
3f3e6000
400c5800
3f384000
400c8800
3f368000
4011c800
3f308000
40166000
3f2b4000
40169000
3f2ae000
401bd000
3f24e000
3fa0b000
3fa04000
3fa89000
3f992000
3fab3000
3f96c000
3fb46000
3f8e7000
3fba0000
3f8a9000
3fbf4000
3f86d000
3fc87000
3f804000
3fce1000
3f7aa000
3fd35000
3f74a000
3fdc8000
3f6a2000
3fe0d000
3f654000
3fe76000
3f5f0000
3ff09000
3f564000
3ff24000
3f554000
3ffb7000
3f4d6000
40025000
3f458000
40032800
3f448000
4007c000
3f3e6000
400c5800
3f384000
400c8800
3f368000
4011c800
3f308000
40166000
3f2b4000
40169000
3f2ae000
401bd000
3f24e000
3fa0b000
3fa04000
3fa89000
3f992000
3fab3000
3f96c000
3fb46000
3f8e7000
3fba0000
3f8a9000
3fbf4000
3f86d000
3fc87000
3f804000
3fce1000
3f7aa000
3fd35000
3f74a000
3fdc8000
3f6a2000
3fe0d000
3f654000
3fe76000
3f5f0000
3ff09000
3f564000
3ff24000
3f554000
3ffb7000
3f4d6000
40025000
3f458000
40032800
3f448000
4007c000
3f3e6000
400c5800
3f384000
400c8800
3f368000
4011c800
3f308000
40166000
3f2b4000
40169000
3f2ae000
401bd000
3f24e000
3fa0b000
3fa04000
3fa89000
3f992000
3fab3000
3f96c000
3fb46000
3f8e7000
3fba0000
3f8a9000
3fbf4000
3f86d000
3fc87000
3f804000
3fce1000
3f7aa000
3fd35000
3f74a000
3fdc8000
3f6a2000
3fe0d000
3f654000
3fe76000
3f5f0000
3ff09000
3f564000
3ff24000
3f554000
3ffb7000
3f4d6000
40025000
3f458000
40032800
3f448000
4007c000
3f3e6000
400c5800
3f384000
400c8800
3f368000
4011c800
3f308000
40166000
3f2b4000
40169000
3f2ae000
401bd000
3f24e000
3fa0b000
3fa04000
3fa89000
3f992000
3fab3000
3f96c000
3fb46000
3f8e7000
3fba0000
3f8a9000
3fbf4000
3f86d000
3fc87000
3f804000
3fce1000
3f7aa000
3fd35000
3f74a000
3fdc8000
3f6a2000
3fe0d000
3f654000
3fe76000
3f5f0000
3ff09000
3f564000
3ff24000
3f554000
3ffb7000
3f4d6000
40025000
3f458000
40032800
3f448000
4007c000
3f3e6000
400c5800
3f384000
400c8800
3f368000
4011c800
3f308000
40166000
3f2b4000
40169000
3f2ae000
401bd000
3f24e000
3fa0b000
3fa04000
3fa89000
3f992000
3fab3000
3f96c000
3fb46000
3f8e7000
3fba0000
3f8a9000
3fbf4000
3f86d000
3fc87000
3f804000
3fce1000
3f7aa000
3fd35000
3f74a000
3fdc8000
3f6a2000
3fe0d000
3f654000
3fe76000
3f5f0000
3ff09000
3f564000
3ff24000
3f554000
3ffb7000
3f4d6000
40025000
3f458000
40032800
3f448000
4007c000
3f3e6000
400c5800
3f384000
400c8800
3f368000
4011c800
3f308000
40166000
3f2b4000
40169000
3f2ae000
401bd000
3f24e000
3fa0b000
3fa04000
3fa89000
3f992000
3fab3000
3f96c000
3fb46000
3f8e7000
3fba0000
3f8a9000
3fbf4000
3f86d000
3fc87000
3f804000
3fce1000
3f7aa000
3fd35000
3f74a000
3fdc8000
3f6a2000
3fe0d000
3f654000
3fe76000
3f5f0000
3ff09000
3f564000
3ff24000
3f554000
3ffb7000
3f4d6000
40025000
3f458000
40032800
3f448000
4007c000
3f3e6000
400c5800
3f384000
400c8800
3f368000
4011c800
3f308000
40166000
3f2b4000
40169000
3f2ae000
401bd000
3f24e000
3fa0b000
3fa04000
3fa89000
3f992000
3fab3000
3f96c000
3fb46000
3f8e7000
3fba0000
3f8a9000
3fbf4000
3f86d000
3fc87000
3f804000
3fce1000
3f7aa000
3fd35000
3f74a000
3fdc8000
3f6a2000
3fe0d000
3f654000
3fe76000
3f5f0000
3ff09000
3f564000
3ff24000
3f554000
3ffb7000
3f4d6000
40025000
3f458000
40032800
3f448000
4007c000
3f3e6000
400c5800
3f384000
400c8800
3f368000
4011c800
3f308000
40166000
3f2b4000
40169000
3f2ae000
401bd000
3f24e000
3fa0b000
3fa04000
3fa89000
3f992000
3fab3000
3f96c000
3fb46000
3f8e7000
3fba0000
3f8a9000
3fbf4000
3f86d000
3fc87000
3f804000
3fce1000
3f7aa000
3fd35000
3f74a000
3fdc8000
3f6a2000
3fe0d000
3f654000
3fe76000
3f5f0000
3ff09000
3f564000
3ff24000
3f554000
3ffb7000
3f4d6000
40025000
3f458000
40032800
3f448000
4007c000
3f3e6000
400c5800
3f384000
400c8800
3f368000
4011c800
3f308000
40166000
3f2b4000
40169000
3f2ae000
401bd000
3f24e000
3fa0b000
3fa04000
3fa89000
3f992000
3fab3000
3f96c000
3fb46000
3f8e7000
3fba0000
3f8a9000
3fbf4000
3f86d000
3fc87000
3f804000
3fce1000
3f7aa000
3fd35000
3f74a000
3fdc8000
3f6a2000
3fe0d000
3f654000
3fe76000
3f5f0000
3ff09000
3f564000
3ff24000
3f554000
3ffb7000
3f4d6000
40025000
3f458000
40032800
3f448000
4007c000
3f3e6000
400c5800
3f384000
400c8800
3f368000
4011c800
3f308000
40166000
3f2b4000
40169000
3f2ae000
401bd000
3f24e000
3fa1c000
3fa13000
3fa9a000
3f9a1000
3fac4000
3f97b000
3fb57000
3f8f6000
3fbb3000
3f8b7000
3fc07000
3f87b000
3fc9a000
3f812000
3fcf6000
3f7c2000
3fd4a000
3f762000
3fddd000
3f6ba000
3fe24000
3f66a000
3fe8d000
3f606000
3ff20000
3f57a000
3ff3d000
3f568000
3ffd0000
3f4ea000
40031800
3f46c000
40040000
3f45a000
40089800
3f3f8000
400d3000
3f396000
400d7000
3f37a000
4012b000
3f31a000
40174800
3f2c6000
40178800
3f2be000
401cc800
3f25e000
3fa1c000
3fa13000
3fa9a000
3f9a1000
3fac4000
3f97b000
3fb57000
3f8f6000
3fbb3000
3f8b7000
3fc07000
3f87b000
3fc9a000
3f812000
3fcf6000
3f7c2000
3fd4a000
3f762000
3fddd000
3f6ba000
3fe24000
3f66a000
3fe8d000
3f606000
3ff20000
3f57a000
3ff3d000
3f568000
3ffd0000
3f4ea000
40031800
3f46c000
40040000
3f45a000
40089800
3f3f8000
400d3000
3f396000
400d7000
3f37a000
4012b000
3f31a000
40174800
3f2c6000
40178800
3f2be000
401cc800
3f25e000
3fa3e000
3fa31000
3fabc000
3f9bf000
3fae6000
3f999000
3fb79000
3f914000
3fbd9000
3f8d3000
3fc2d000
3f897000
3fcc0000
3f82e000
3fd20000
3f7f2000
3fd74000
3f792000
3fe07000
3f6ea000
3fe52000
3f696000
3febb000
3f632000
3ff4e000
3f5a6000
3ff6f000
3f590000
40001000
3f512000
4004a800
3f494000
4005b000
3f47e000
400a4800
3f41c000
400ee000
3f3ba000
400f4000
3f39e000
40148000
3f33e000
40191800
3f2ea000
40197800
3f2de000
401eb800
3f27e000
3fa4f000
3fa40000
3facd000
3f9ce000
3faf7000
3f9a8000
3fb8a000
3f923000
3fbec000
3f8e1000
3fc40000
3f8a5000
3fcd3000
3f83c000
3fd35000
3f805000
3fd89000
3f7aa000
3fe1c000
3f702000
3fe69000
3f6ac000
3fed2000
3f648000
3ff65000
3f5bc000
3ff88000
3f5a4000
4000d800
3f526000
40057000
3f4a8000
40068800
3f490000
400b2000
3f42e000
400fb800
3f3cc000
40102800
3f3b0000
40156800
3f350000
401a0000
3f2fc000
401a7000
3f2ee000
401fb000
3f28e000
3fa4f000
3fa40000
3facd000
3f9ce000
3faf7000
3f9a8000
3fb8a000
3f923000
3fbec000
3f8e1000
3fc40000
3f8a5000
3fcd3000
3f83c000
3fd35000
3f805000
3fd89000
3f7aa000
3fe1c000
3f702000
3fe69000
3f6ac000
3fed2000
3f648000
3ff65000
3f5bc000
3ff88000
3f5a4000
4000d800
3f526000
40057000
3f4a8000
40068800
3f490000
400b2000
3f42e000
400fb800
3f3cc000
40102800
3f3b0000
40156800
3f350000
401a0000
3f2fc000
401a7000
3f2ee000
401fb000
3f28e000
3fa71000
3fa5e000
3faef000
3f9ec000
3fb19000
3f9c6000
3fbac000
3f941000
3fc12000
3f8fd000
3fc66000
3f8c1000
3fcf9000
3f858000
3fd5f000
3f81d000
3fdb3000
3f7da000
3fe46000
3f732000
3fe97000
3f6d8000
3ff00000
3f674000
3ff93000
3f5e8000
3ffba000
3f5cc000
40026800
3f54e000
40070000
3f4d0000
40083800
3f4b4000
400cd000
3f452000
40116800
3f3f0000
4011f800
3f3d4000
40173800
3f374000
401bd000
3f320000
401c6000
3f30e000
4021a000
3f2ae000
3fa82000
3fa6d000
3fb00000
3f9fb000
3fb2a000
3f9d5000
3fbbd000
3f950000
3fc25000
3f90b000
3fc79000
3f8cf000
3fd0c000
3f866000
3fd74000
3f829000
3fdc8000
3f7f2000
3fe5b000
3f74a000
3feae000
3f6ee000
3ff17000
3f68a000
3ffaa000
3f5fe000
3ffd3000
3f5e0000
40033000
3f562000
4007c800
3f4e4000
40091000
3f4c6000
400da800
3f464000
40124000
3f402000
4012e000
3f3e6000
40182000
3f386000
401cb800
3f332000
401d5800
3f31e000
40229800
3f2be000
3fa82000
3fa6d000
3fb00000
3f9fb000
3fb2a000
3f9d5000
3fbbd000
3f950000
3fc25000
3f90b000
3fc79000
3f8cf000
3fd0c000
3f866000
3fd74000
3f829000
3fdc8000
3f7f2000
3fe5b000
3f74a000
3feae000
3f6ee000
3ff17000
3f68a000
3ffaa000
3f5fe000
3ffd3000
3f5e0000
40033000
3f562000
4007c800
3f4e4000
40091000
3f4c6000
400da800
3f464000
40124000
3f402000
4012e000
3f3e6000
40182000
3f386000
401cb800
3f332000
401d5800
3f31e000
40229800
3f2be000
3fa82000
3fa6d000
3fb00000
3f9fb000
3fb2a000
3f9d5000
3fbbd000
3f950000
3fc25000
3f90b000
3fc79000
3f8cf000
3fd0c000
3f866000
3fd74000
3f829000
3fdc8000
3f7f2000
3fe5b000
3f74a000
3feae000
3f6ee000
3ff17000
3f68a000
3ffaa000
3f5fe000
3ffd3000
3f5e0000
40033000
3f562000
4007c800
3f4e4000
40091000
3f4c6000
400da800
3f464000
40124000
3f402000
4012e000
3f3e6000
40182000
3f386000
401cb800
3f332000
401d5800
3f31e000
40229800
3f2be000
3fa82000
3fa6d000
3fb00000
3f9fb000
3fb2a000
3f9d5000
3fbbd000
3f950000
3fc25000
3f90b000
3fc79000
3f8cf000
3fd0c000
3f866000
3fd74000
3f829000
3fdc8000
3f7f2000
3fe5b000
3f74a000
3feae000
3f6ee000
3ff17000
3f68a000
3ffaa000
3f5fe000
3ffd3000
3f5e0000
40033000
3f562000
4007c800
3f4e4000
40091000
3f4c6000
400da800
3f464000
40124000
3f402000
4012e000
3f3e6000
40182000
3f386000
401cb800
3f332000
401d5800
3f31e000
40229800
3f2be000
3fa82000
3fa6d000
3fb00000
3f9fb000
3fb2a000
3f9d5000
3fbbd000
3f950000
3fc25000
3f90b000
3fc79000
3f8cf000
3fd0c000
3f866000
3fd74000
3f829000
3fdc8000
3f7f2000
3fe5b000
3f74a000
3feae000
3f6ee000
3ff17000
3f68a000
3ffaa000
3f5fe000
3ffd3000
3f5e0000
40033000
3f562000
4007c800
3f4e4000
40091000
3f4c6000
400da800
3f464000
40124000
3f402000
4012e000
3f3e6000
40182000
3f386000
401cb800
3f332000
401d5800
3f31e000
40229800
3f2be000
3fa82000
3fa6d000
3fb00000
3f9fb000
3fb2a000
3f9d5000
3fbbd000
3f950000
3fc25000
3f90b000
3fc79000
3f8cf000
3fd0c000
3f866000
3fd74000
3f829000
3fdc8000
3f7f2000
3fe5b000
3f74a000
3feae000
3f6ee000
3ff17000
3f68a000
3ffaa000
3f5fe000
3ffd3000
3f5e0000
40033000
3f562000
4007c800
3f4e4000
40091000
3f4c6000
400da800
3f464000
40124000
3f402000
4012e000
3f3e6000
40182000
3f386000
401cb800
3f332000
401d5800
3f31e000
40229800
3f2be000
3fa82000
3fa6d000
3fb00000
3f9fb000
3fb2a000
3f9d5000
3fbbd000
3f950000
3fc25000
3f90b000
3fc79000
3f8cf000
3fd0c000
3f866000
3fd74000
3f829000
3fdc8000
3f7f2000
3fe5b000
3f74a000
3feae000
3f6ee000
3ff17000
3f68a000
3ffaa000
3f5fe000
3ffd3000
3f5e0000
40033000
3f562000
4007c800
3f4e4000
40091000
3f4c6000
400da800
3f464000
40124000
3f402000
4012e000
3f3e6000
40182000
3f386000
401cb800
3f332000
401d5800
3f31e000
40229800
3f2be000
3fa82000
3fa6d000
3fb00000
3f9fb000
3fb2a000
3f9d5000
3fbbd000
3f950000
3fc25000
3f90b000
3fc79000
3f8cf000
3fd0c000
3f866000
3fd74000
3f829000
3fdc8000
3f7f2000
3fe5b000
3f74a000
3feae000
3f6ee000
3ff17000
3f68a000
3ffaa000
3f5fe000
3ffd3000
3f5e0000
40033000
3f562000
4007c800
3f4e4000
40091000
3f4c6000
400da800
3f464000
40124000
3f402000
4012e000
3f3e6000
40182000
3f386000
401cb800
3f332000
401d5800
3f31e000
40229800
3f2be000
3fa93000
3fa7c000
3fb11000
3fa0a000
3fb3b000
3f9e4000
3fbce000
3f95f000
3fc38000
3f919000
3fc8c000
3f8dd000
3fd1f000
3f874000
3fd89000
3f835000
3fddd000
3f805000
3fe70000
3f762000
3fec5000
3f704000
3ff2e000
3f6a0000
3ffc1000
3f614000
3ffec000
3f5f4000
4003f800
3f576000
40089000
3f4f8000
4009e800
3f4d8000
400e8000
3f476000
40131800
3f414000
4013c800
3f3f8000
40190800
3f398000
401da000
3f344000
401e5000
3f32e000
40239000
3f2ce000
3fa93000
3fa7c000
3fb11000
3fa0a000
3fb3b000
3f9e4000
3fbce000
3f95f000
3fc38000
3f919000
3fc8c000
3f8dd000
3fd1f000
3f874000
3fd89000
3f835000
3fddd000
3f805000
3fe70000
3f762000
3fec5000
3f704000
3ff2e000
3f6a0000
3ffc1000
3f614000
3ffec000
3f5f4000
4003f800
3f576000
40089000
3f4f8000
4009e800
3f4d8000
400e8000
3f476000
40131800
3f414000
4013c800
3f3f8000
40190800
3f398000
401da000
3f344000
401e5000
3f32e000
40239000
3f2ce000
3fa93000
3fa7c000
3fb11000
3fa0a000
3fb3b000
3f9e4000
3fbce000
3f95f000
3fc38000
3f919000
3fc8c000
3f8dd000
3fd1f000
3f874000
3fd89000
3f835000
3fddd000
3f805000
3fe70000
3f762000
3fec5000
3f704000
3ff2e000
3f6a0000
3ffc1000
3f614000
3ffec000
3f5f4000
4003f800
3f576000
40089000
3f4f8000
4009e800
3f4d8000
400e8000
3f476000
40131800
3f414000
4013c800
3f3f8000
40190800
3f398000
401da000
3f344000
401e5000
3f32e000
40239000
3f2ce000
3fa93000
3fa7c000
3fb11000
3fa0a000
3fb3b000
3f9e4000
3fbce000
3f95f000
3fc38000
3f919000
3fc8c000
3f8dd000
3fd1f000
3f874000
3fd89000
3f835000
3fddd000
3f805000
3fe70000
3f762000
3fec5000
3f704000
3ff2e000
3f6a0000
3ffc1000
3f614000
3ffec000
3f5f4000
4003f800
3f576000
40089000
3f4f8000
4009e800
3f4d8000
400e8000
3f476000
40131800
3f414000
4013c800
3f3f8000
40190800
3f398000
401da000
3f344000
401e5000
3f32e000
40239000
3f2ce000
3fa93000
3fa7c000
3fb11000
3fa0a000
3fb3b000
3f9e4000
3fbce000
3f95f000
3fc38000
3f919000
3fc8c000
3f8dd000
3fd1f000
3f874000
3fd89000
3f835000
3fddd000
3f805000
3fe70000
3f762000
3fec5000
3f704000
3ff2e000
3f6a0000
3ffc1000
3f614000
3ffec000
3f5f4000
4003f800
3f576000
40089000
3f4f8000
4009e800
3f4d8000
400e8000
3f476000
40131800
3f414000
4013c800
3f3f8000
40190800
3f398000
401da000
3f344000
401e5000
3f32e000
40239000
3f2ce000
3fa93000
3fa7c000
3fb11000
3fa0a000
3fb3b000
3f9e4000
3fbce000
3f95f000
3fc38000
3f919000
3fc8c000
3f8dd000
3fd1f000
3f874000
3fd89000
3f835000
3fddd000
3f805000
3fe70000
3f762000
3fec5000
3f704000
3ff2e000
3f6a0000
3ffc1000
3f614000
3ffec000
3f5f4000
4003f800
3f576000
40089000
3f4f8000
4009e800
3f4d8000
400e8000
3f476000
40131800
3f414000
4013c800
3f3f8000
40190800
3f398000
401da000
3f344000
401e5000
3f32e000
40239000
3f2ce000
3fa93000
3fa7c000
3fb11000
3fa0a000
3fb3b000
3f9e4000
3fbce000
3f95f000
3fc38000
3f919000
3fc8c000
3f8dd000
3fd1f000
3f874000
3fd89000
3f835000
3fddd000
3f805000
3fe70000
3f762000
3fec5000
3f704000
3ff2e000
3f6a0000
3ffc1000
3f614000
3ffec000
3f5f4000
4003f800
3f576000
40089000
3f4f8000
4009e800
3f4d8000
400e8000
3f476000
40131800
3f414000
4013c800
3f3f8000
40190800
3f398000
401da000
3f344000
401e5000
3f32e000
40239000
3f2ce000
3fa93000
3fa7c000
3fb11000
3fa0a000
3fb3b000
3f9e4000
3fbce000
3f95f000
3fc38000
3f919000
3fc8c000
3f8dd000
3fd1f000
3f874000
3fd89000
3f835000
3fddd000
3f805000
3fe70000
3f762000
3fec5000
3f704000
3ff2e000
3f6a0000
3ffc1000
3f614000
3ffec000
3f5f4000
4003f800
3f576000
40089000
3f4f8000
4009e800
3f4d8000
400e8000
3f476000
40131800
3f414000
4013c800
3f3f8000
40190800
3f398000
401da000
3f344000
401e5000
3f32e000
40239000
3f2ce000
3fa93000
3fa7c000
3fb11000
3fa0a000
3fb3b000
3f9e4000
3fbce000
3f95f000
3fc38000
3f919000
3fc8c000
3f8dd000
3fd1f000
3f874000
3fd89000
3f835000
3fddd000
3f805000
3fe70000
3f762000
3fec5000
3f704000
3ff2e000
3f6a0000
3ffc1000
3f614000
3ffec000
3f5f4000
4003f800
3f576000
40089000
3f4f8000
4009e800
3f4d8000
400e8000
3f476000
40131800
3f414000
4013c800
3f3f8000
40190800
3f398000
401da000
3f344000
401e5000
3f32e000
40239000
3f2ce000
3fa93000
3fa7c000
3fb11000
3fa0a000
3fb3b000
3f9e4000
3fbce000
3f95f000
3fc38000
3f919000
3fc8c000
3f8dd000
3fd1f000
3f874000
3fd89000
3f835000
3fddd000
3f805000
3fe70000
3f762000
3fec5000
3f704000
3ff2e000
3f6a0000
3ffc1000
3f614000
3ffec000
3f5f4000
4003f800
3f576000
40089000
3f4f8000
4009e800
3f4d8000
400e8000
3f476000
40131800
3f414000
4013c800
3f3f8000
40190800
3f398000
401da000
3f344000
401e5000
3f32e000
40239000
3f2ce000
3fa93000
3fa7c000
3fb11000
3fa0a000
3fb3b000
3f9e4000
3fbce000
3f95f000
3fc38000
3f919000
3fc8c000
3f8dd000
3fd1f000
3f874000
3fd89000
3f835000
3fddd000
3f805000
3fe70000
3f762000
3fec5000
3f704000
3ff2e000
3f6a0000
3ffc1000
3f614000
3ffec000
3f5f4000
4003f800
3f576000
40089000
3f4f8000
4009e800
3f4d8000
400e8000
3f476000
40131800
3f414000
4013c800
3f3f8000
40190800
3f398000
401da000
3f344000
401e5000
3f32e000
40239000
3f2ce000
3fa93000
3fa7c000
3fb11000
3fa0a000
3fb3b000
3f9e4000
3fbce000
3f95f000
3fc38000
3f919000
3fc8c000
3f8dd000
3fd1f000
3f874000
3fd89000
3f835000
3fddd000
3f805000
3fe70000
3f762000
3fec5000
3f704000
3ff2e000
3f6a0000
3ffc1000
3f614000
3ffec000
3f5f4000
4003f800
3f576000
40089000
3f4f8000
4009e800
3f4d8000
400e8000
3f476000
40131800
3f414000
4013c800
3f3f8000
40190800
3f398000
401da000
3f344000
401e5000
3f32e000
40239000
3f2ce000
3faa4000
3fa8b000
3fb22000
3fa19000
3fb4c000
3f9f3000
3fbdf000
3f96e000
3fc4b000
3f927000
3fc9f000
3f8eb000
3fd32000
3f882000
3fd9e000
3f841000
3fdf2000
3f811000
3fe85000
3f77a000
3fedc000
3f71a000
3ff45000
3f6b6000
3ffd8000
3f62a000
40002800
3f608000
4004c000
3f58a000
40095800
3f50c000
400ac000
3f4ea000
400f5800
3f488000
4013f000
3f426000
4014b000
3f40a000
4019f000
3f3aa000
401e8800
3f356000
401f4800
3f33e000
40248800
3f2de000
3faa4000
3fa8b000
3fb22000
3fa19000
3fb4c000
3f9f3000
3fbdf000
3f96e000
3fc4b000
3f927000
3fc9f000
3f8eb000
3fd32000
3f882000
3fd9e000
3f841000
3fdf2000
3f811000
3fe85000
3f77a000
3fedc000
3f71a000
3ff45000
3f6b6000
3ffd8000
3f62a000
40002800
3f608000
4004c000
3f58a000
40095800
3f50c000
400ac000
3f4ea000
400f5800
3f488000
4013f000
3f426000
4014b000
3f40a000
4019f000
3f3aa000
401e8800
3f356000
401f4800
3f33e000
40248800
3f2de000
3fac6000
3faa9000
3fb44000
3fa37000
3fb6e000
3fa11000
3fc01000
3f98c000
3fc71000
3f943000
3fcc5000
3f907000
3fd58000
3f89e000
3fdc8000
3f859000
3fe1c000
3f829000
3feaf000
3f7aa000
3ff0a000
3f746000
3ff73000
3f6e2000
40003000
3f656000
4001b800
3f630000
40065000
3f5b2000
400ae800
3f534000
400c7000
3f50e000
40110800
3f4ac000
4015a000
3f44a000
40168000
3f42e000
401bc000
3f3ce000
40205800
3f37a000
40213800
3f35e000
40267800
3f2fe000
3fad7000
3fab8000
3fb55000
3fa46000
3fb7f000
3fa20000
3fc12000
3f99b000
3fc84000
3f951000
3fcd8000
3f915000
3fd6b000
3f8ac000
3fddd000
3f865000
3fe31000
3f835000
3fec4000
3f7c2000
3ff21000
3f75c000
3ff8a000
3f6f8000
4000e800
3f66c000
40028000
3f644000
40071800
3f5c6000
400bb000
3f548000
400d4800
3f520000
4011e000
3f4be000
40167800
3f45c000
40176800
3f440000
401ca800
3f3e0000
40214000
3f38c000
40223000
3f36e000
40277000
3f30e000
3fad7000
3fab8000
3fb55000
3fa46000
3fb7f000
3fa20000
3fc12000
3f99b000
3fc84000
3f951000
3fcd8000
3f915000
3fd6b000
3f8ac000
3fddd000
3f865000
3fe31000
3f835000
3fec4000
3f7c2000
3ff21000
3f75c000
3ff8a000
3f6f8000
4000e800
3f66c000
40028000
3f644000
40071800
3f5c6000
400bb000
3f548000
400d4800
3f520000
4011e000
3f4be000
40167800
3f45c000
40176800
3f440000
401ca800
3f3e0000
40214000
3f38c000
40223000
3f36e000
40277000
3f30e000
3faf9000
3fad6000
3fb77000
3fa64000
3fba1000
3fa3e000
3fc34000
3f9b9000
3fcaa000
3f96d000
3fcfe000
3f931000
3fd91000
3f8c8000
3fe07000
3f87d000
3fe5b000
3f84d000
3feee000
3f7f2000
3ff4f000
3f788000
3ffb8000
3f724000
40025800
3f698000
40041000
3f66c000
4008a800
3f5ee000
400d4000
3f570000
400ef800
3f544000
40139000
3f4e2000
40182800
3f480000
40193800
3f464000
401e7800
3f404000
40231000
3f3b0000
40242000
3f38e000
40296000
3f32e000
3fb0a000
3fae5000
3fb88000
3fa73000
3fbb2000
3fa4d000
3fc45000
3f9c8000
3fcbd000
3f97b000
3fd11000
3f93f000
3fda4000
3f8d6000
3fe1c000
3f889000
3fe70000
3f859000
3ff03000
3f805000
3ff66000
3f79e000
3ffcf000
3f73a000
40031000
3f6ae000
4004d800
3f680000
40097000
3f602000
400e0800
3f584000
400fd000
3f556000
40146800
3f4f4000
40190000
3f492000
401a2000
3f476000
401f6000
3f416000
4023f800
3f3c2000
40251800
3f39e000
402a5800
3f33e000
3fb0a000
3fae5000
3fb88000
3fa73000
3fbb2000
3fa4d000
3fc45000
3f9c8000
3fcbd000
3f97b000
3fd11000
3f93f000
3fda4000
3f8d6000
3fe1c000
3f889000
3fe70000
3f859000
3ff03000
3f805000
3ff66000
3f79e000
3ffcf000
3f73a000
40031000
3f6ae000
4004d800
3f680000
40097000
3f602000
400e0800
3f584000
400fd000
3f556000
40146800
3f4f4000
40190000
3f492000
401a2000
3f476000
401f6000
3f416000
4023f800
3f3c2000
40251800
3f39e000
402a5800
3f33e000
3fb0a000
3fae5000
3fb88000
3fa73000
3fbb2000
3fa4d000
3fc45000
3f9c8000
3fcbd000
3f97b000
3fd11000
3f93f000
3fda4000
3f8d6000
3fe1c000
3f889000
3fe70000
3f859000
3ff03000
3f805000
3ff66000
3f79e000
3ffcf000
3f73a000
40031000
3f6ae000
4004d800
3f680000
40097000
3f602000
400e0800
3f584000
400fd000
3f556000
40146800
3f4f4000
40190000
3f492000
401a2000
3f476000
401f6000
3f416000
4023f800
3f3c2000
40251800
3f39e000
402a5800
3f33e000
3fb0a000
3fae5000
3fb88000
3fa73000
3fbb2000
3fa4d000
3fc45000
3f9c8000
3fcbd000
3f97b000
3fd11000
3f93f000
3fda4000
3f8d6000
3fe1c000
3f889000
3fe70000
3f859000
3ff03000
3f805000
3ff66000
3f79e000
3ffcf000
3f73a000
40031000
3f6ae000
4004d800
3f680000
40097000
3f602000
400e0800
3f584000
400fd000
3f556000
40146800
3f4f4000
40190000
3f492000
401a2000
3f476000
401f6000
3f416000
4023f800
3f3c2000
40251800
3f39e000
402a5800
3f33e000
3fb0a000
3fae5000
3fb88000
3fa73000
3fbb2000
3fa4d000
3fc45000
3f9c8000
3fcbd000
3f97b000
3fd11000
3f93f000
3fda4000
3f8d6000
3fe1c000
3f889000
3fe70000
3f859000
3ff03000
3f805000
3ff66000
3f79e000
3ffcf000
3f73a000
40031000
3f6ae000
4004d800
3f680000
40097000
3f602000
400e0800
3f584000
400fd000
3f556000
40146800
3f4f4000
40190000
3f492000
401a2000
3f476000
401f6000
3f416000
4023f800
3f3c2000
40251800
3f39e000
402a5800
3f33e000
3fb0a000
3fae5000
3fb88000
3fa73000
3fbb2000
3fa4d000
3fc45000
3f9c8000
3fcbd000
3f97b000
3fd11000
3f93f000
3fda4000
3f8d6000
3fe1c000
3f889000
3fe70000
3f859000
3ff03000
3f805000
3ff66000
3f79e000
3ffcf000
3f73a000
40031000
3f6ae000
4004d800
3f680000
40097000
3f602000
400e0800
3f584000
400fd000
3f556000
40146800
3f4f4000
40190000
3f492000
401a2000
3f476000
401f6000
3f416000
4023f800
3f3c2000
40251800
3f39e000
402a5800
3f33e000
3fb0a000
3fae5000
3fb88000
3fa73000
3fbb2000
3fa4d000
3fc45000
3f9c8000
3fcbd000
3f97b000
3fd11000
3f93f000
3fda4000
3f8d6000
3fe1c000
3f889000
3fe70000
3f859000
3ff03000
3f805000
3ff66000
3f79e000
3ffcf000
3f73a000
40031000
3f6ae000
4004d800
3f680000
40097000
3f602000
400e0800
3f584000
400fd000
3f556000
40146800
3f4f4000
40190000
3f492000
401a2000
3f476000
401f6000
3f416000
4023f800
3f3c2000
40251800
3f39e000
402a5800
3f33e000
3fb0a000
3fae5000
3fb88000
3fa73000
3fbb2000
3fa4d000
3fc45000
3f9c8000
3fcbd000
3f97b000
3fd11000
3f93f000
3fda4000
3f8d6000
3fe1c000
3f889000
3fe70000
3f859000
3ff03000
3f805000
3ff66000
3f79e000
3ffcf000
3f73a000
40031000
3f6ae000
4004d800
3f680000
40097000
3f602000
400e0800
3f584000
400fd000
3f556000
40146800
3f4f4000
40190000
3f492000
401a2000
3f476000
401f6000
3f416000
4023f800
3f3c2000
40251800
3f39e000
402a5800
3f33e000
3fb0c000
3fafe000
3fb96000
3fa86000
3fbc4000
3fa5e000
3fc65000
3f9d2000
3fcc9000
3f985000
3fd25000
3f945000
3fdc6000
3f8d5000
3fe2a000
3f89d000
3fe86000
3f869000
3ff27000
3f80e000
3ff74000
3f7c2000
3ffe7000
3f754000
40044000
3f6ba000
40053800
3f69c000
400a4000
3f61e000
400f4800
3f5a0000
40104000
3f586000
40154800
3f516000
401a5000
3f4a6000
401a9000
3f494000
40205000
3f424000
40255800
3f3c2000
40259800
3f3b6000
402b5800
3f356000
3fb0c000
3fafe000
3fb96000
3fa86000
3fbc4000
3fa5e000
3fc65000
3f9d2000
3fcc9000
3f985000
3fd25000
3f945000
3fdc6000
3f8d5000
3fe2a000
3f89d000
3fe86000
3f869000
3ff27000
3f80e000
3ff74000
3f7c2000
3ffe7000
3f754000
40044000
3f6ba000
40053800
3f69c000
400a4000
3f61e000
400f4800
3f5a0000
40104000
3f586000
40154800
3f516000
401a5000
3f4a6000
401a9000
3f494000
40205000
3f424000
40255800
3f3c2000
40259800
3f3b6000
402b5800
3f356000
3fb0c000
3fafe000
3fb96000
3fa86000
3fbc4000
3fa5e000
3fc65000
3f9d2000
3fcc9000
3f985000
3fd25000
3f945000
3fdc6000
3f8d5000
3fe2a000
3f89d000
3fe86000
3f869000
3ff27000
3f80e000
3ff74000
3f7c2000
3ffe7000
3f754000
40044000
3f6ba000
40053800
3f69c000
400a4000
3f61e000
400f4800
3f5a0000
40104000
3f586000
40154800
3f516000
401a5000
3f4a6000
401a9000
3f494000
40205000
3f424000
40255800
3f3c2000
40259800
3f3b6000
402b5800
3f356000
3fb0c000
3fafe000
3fb96000
3fa86000
3fbc4000
3fa5e000
3fc65000
3f9d2000
3fcc9000
3f985000
3fd25000
3f945000
3fdc6000
3f8d5000
3fe2a000
3f89d000
3fe86000
3f869000
3ff27000
3f80e000
3ff74000
3f7c2000
3ffe7000
3f754000
40044000
3f6ba000
40053800
3f69c000
400a4000
3f61e000
400f4800
3f5a0000
40104000
3f586000
40154800
3f516000
401a5000
3f4a6000
401a9000
3f494000
40205000
3f424000
40255800
3f3c2000
40259800
3f3b6000
402b5800
3f356000
3fb0c000
3fafe000
3fb96000
3fa86000
3fbc4000
3fa5e000
3fc65000
3f9d2000
3fcc9000
3f985000
3fd25000
3f945000
3fdc6000
3f8d5000
3fe2a000
3f89d000
3fe86000
3f869000
3ff27000
3f80e000
3ff74000
3f7c2000
3ffe7000
3f754000
40044000
3f6ba000
40053800
3f69c000
400a4000
3f61e000
400f4800
3f5a0000
40104000
3f586000
40154800
3f516000
401a5000
3f4a6000
401a9000
3f494000
40205000
3f424000
40255800
3f3c2000
40259800
3f3b6000
402b5800
3f356000
3fb0c000
3fafe000
3fb96000
3fa86000
3fbc4000
3fa5e000
3fc65000
3f9d2000
3fcc9000
3f985000
3fd25000
3f945000
3fdc6000
3f8d5000
3fe2a000
3f89d000
3fe86000
3f869000
3ff27000
3f80e000
3ff74000
3f7c2000
3ffe7000
3f754000
40044000
3f6ba000
40053800
3f69c000
400a4000
3f61e000
400f4800
3f5a0000
40104000
3f586000
40154800
3f516000
401a5000
3f4a6000
401a9000
3f494000
40205000
3f424000
40255800
3f3c2000
40259800
3f3b6000
402b5800
3f356000
3fb0c000
3fafe000
3fb96000
3fa86000
3fbc4000
3fa5e000
3fc65000
3f9d2000
3fcc9000
3f985000
3fd25000
3f945000
3fdc6000
3f8d5000
3fe2a000
3f89d000
3fe86000
3f869000
3ff27000
3f80e000
3ff74000
3f7c2000
3ffe7000
3f754000
40044000
3f6ba000
40053800
3f69c000
400a4000
3f61e000
400f4800
3f5a0000
40104000
3f586000
40154800
3f516000
401a5000
3f4a6000
401a9000
3f494000
40205000
3f424000
40255800
3f3c2000
40259800
3f3b6000
402b5800
3f356000
3fb0c000
3fafe000
3fb96000
3fa86000
3fbc4000
3fa5e000
3fc65000
3f9d2000
3fcc9000
3f985000
3fd25000
3f945000
3fdc6000
3f8d5000
3fe2a000
3f89d000
3fe86000
3f869000
3ff27000
3f80e000
3ff74000
3f7c2000
3ffe7000
3f754000
40044000
3f6ba000
40053800
3f69c000
400a4000
3f61e000
400f4800
3f5a0000
40104000
3f586000
40154800
3f516000
401a5000
3f4a6000
401a9000
3f494000
40205000
3f424000
40255800
3f3c2000
40259800
3f3b6000
402b5800
3f356000
3fb0c000
3fafe000
3fb96000
3fa86000
3fbc4000
3fa5e000
3fc65000
3f9d2000
3fcc9000
3f985000
3fd25000
3f945000
3fdc6000
3f8d5000
3fe2a000
3f89d000
3fe86000
3f869000
3ff27000
3f80e000
3ff74000
3f7c2000
3ffe7000
3f754000
40044000
3f6ba000
40053800
3f69c000
400a4000
3f61e000
400f4800
3f5a0000
40104000
3f586000
40154800
3f516000
401a5000
3f4a6000
401a9000
3f494000
40205000
3f424000
40255800
3f3c2000
40259800
3f3b6000
402b5800
3f356000
3fb0c000
3fafe000
3fb96000
3fa86000
3fbc4000
3fa5e000
3fc65000
3f9d2000
3fcc9000
3f985000
3fd25000
3f945000
3fdc6000
3f8d5000
3fe2a000
3f89d000
3fe86000
3f869000
3ff27000
3f80e000
3ff74000
3f7c2000
3ffe7000
3f754000
40044000
3f6ba000
40053800
3f69c000
400a4000
3f61e000
400f4800
3f5a0000
40104000
3f586000
40154800
3f516000
401a5000
3f4a6000
401a9000
3f494000
40205000
3f424000
40255800
3f3c2000
40259800
3f3b6000
402b5800
3f356000
3fb0c000
3fafe000
3fb96000
3fa86000
3fbc4000
3fa5e000
3fc65000
3f9d2000
3fcc9000
3f985000
3fd25000
3f945000
3fdc6000
3f8d5000
3fe2a000
3f89d000
3fe86000
3f869000
3ff27000
3f80e000
3ff74000
3f7c2000
3ffe7000
3f754000
40044000
3f6ba000
40053800
3f69c000
400a4000
3f61e000
400f4800
3f5a0000
40104000
3f586000
40154800
3f516000
401a5000
3f4a6000
401a9000
3f494000
40205000
3f424000
40255800
3f3c2000
40259800
3f3b6000
402b5800
3f356000
3fb0c000
3fafe000
3fb96000
3fa86000
3fbc4000
3fa5e000
3fc65000
3f9d2000
3fcc9000
3f985000
3fd25000
3f945000
3fdc6000
3f8d5000
3fe2a000
3f89d000
3fe86000
3f869000
3ff27000
3f80e000
3ff74000
3f7c2000
3ffe7000
3f754000
40044000
3f6ba000
40053800
3f69c000
400a4000
3f61e000
400f4800
3f5a0000
40104000
3f586000
40154800
3f516000
401a5000
3f4a6000
401a9000
3f494000
40205000
3f424000
40255800
3f3c2000
40259800
3f3b6000
402b5800
3f356000
3fb1d000
3fb0d000
3fba7000
3fa95000
3fbd5000
3fa6d000
3fc76000
3f9e1000
3fcdc000
3f993000
3fd38000
3f953000
3fdd9000
3f8e3000
3fe3f000
3f8a9000
3fe9b000
3f875000
3ff3c000
3f81a000
3ff8b000
3f7d8000
3fffe000
3f76a000
4004f800
3f6d0000
40060000
3f6b0000
400b0800
3f632000
40101000
3f5b4000
40111800
3f598000
40162000
3f528000
401b2800
3f4b8000
401b7800
3f4a6000
40213800
3f436000
40264000
3f3d4000
40269000
3f3c6000
402c5000
3f366000
3fb1d000
3fb0d000
3fba7000
3fa95000
3fbd5000
3fa6d000
3fc76000
3f9e1000
3fcdc000
3f993000
3fd38000
3f953000
3fdd9000
3f8e3000
3fe3f000
3f8a9000
3fe9b000
3f875000
3ff3c000
3f81a000
3ff8b000
3f7d8000
3fffe000
3f76a000
4004f800
3f6d0000
40060000
3f6b0000
400b0800
3f632000
40101000
3f5b4000
40111800
3f598000
40162000
3f528000
401b2800
3f4b8000
401b7800
3f4a6000
40213800
3f436000
40264000
3f3d4000
40269000
3f3c6000
402c5000
3f366000
3fb3f000
3fb2b000
3fbc9000
3fab3000
3fbf7000
3fa8b000
3fc98000
3f9ff000
3fd02000
3f9af000
3fd5e000
3f96f000
3fdff000
3f8ff000
3fe69000
3f8c1000
3fec5000
3f88d000
3ff66000
3f832000
3ffb9000
3f802000
40016000
3f796000
40066800
3f6fc000
40079000
3f6d8000
400c9800
3f65a000
4011a000
3f5dc000
4012c800
3f5bc000
4017d000
3f54c000
401cd800
3f4dc000
401d4800
3f4ca000
40230800
3f45a000
40281000
3f3f8000
40288000
3f3e6000
402e4000
3f386000
3fb50000
3fb3a000
3fbda000
3fac2000
3fc08000
3fa9a000
3fca9000
3fa0e000
3fd15000
3f9bd000
3fd71000
3f97d000
3fe12000
3f90d000
3fe7e000
3f8cd000
3feda000
3f899000
3ff7b000
3f83e000
3ffd0000
3f80d000
40021800
3f7ac000
40072000
3f712000
40085800
3f6ec000
400d6000
3f66e000
40126800
3f5f0000
4013a000
3f5ce000
4018a800
3f55e000
401db000
3f4ee000
401e3000
3f4dc000
4023f000
3f46c000
4028f800
3f40a000
40297800
3f3f6000
402f3800
3f396000
3fb50000
3fb3a000
3fbda000
3fac2000
3fc08000
3fa9a000
3fca9000
3fa0e000
3fd15000
3f9bd000
3fd71000
3f97d000
3fe12000
3f90d000
3fe7e000
3f8cd000
3feda000
3f899000
3ff7b000
3f83e000
3ffd0000
3f80d000
40021800
3f7ac000
40072000
3f712000
40085800
3f6ec000
400d6000
3f66e000
40126800
3f5f0000
4013a000
3f5ce000
4018a800
3f55e000
401db000
3f4ee000
401e3000
3f4dc000
4023f000
3f46c000
4028f800
3f40a000
40297800
3f3f6000
402f3800
3f396000
3fb72000
3fb58000
3fbfc000
3fae0000
3fc2a000
3fab8000
3fccb000
3fa2c000
3fd3b000
3f9d9000
3fd97000
3f999000
3fe38000
3f929000
3fea8000
3f8e5000
3ff04000
3f8b1000
3ffa5000
3f856000
3fffe000
3f823000
40038800
3f7d8000
40089000
3f73e000
4009e800
3f714000
400ef000
3f696000
4013f800
3f618000
40155000
3f5f2000
401a5800
3f582000
401f6000
3f512000
40200000
3f500000
4025c000
3f490000
402ac800
3f42e000
402b6800
3f416000
40312800
3f3b6000
3fb83000
3fb67000
3fc0d000
3faef000
3fc3b000
3fac7000
3fcdc000
3fa3b000
3fd4e000
3f9e7000
3fdaa000
3f9a7000
3fe4b000
3f937000
3febd000
3f8f1000
3ff19000
3f8bd000
3ffba000
3f862000
4000a800
3f82e000
40044000
3f7ee000
40094800
3f754000
400ab000
3f728000
400fb800
3f6aa000
4014c000
3f62c000
40162800
3f604000
401b3000
3f594000
40203800
3f524000
4020e800
3f512000
4026a800
3f4a2000
402bb000
3f440000
402c6000
3f426000
40322000
3f3c6000
3fb83000
3fb67000
3fc0d000
3faef000
3fc3b000
3fac7000
3fcdc000
3fa3b000
3fd4e000
3f9e7000
3fdaa000
3f9a7000
3fe4b000
3f937000
3febd000
3f8f1000
3ff19000
3f8bd000
3ffba000
3f862000
4000a800
3f82e000
40044000
3f7ee000
40094800
3f754000
400ab000
3f728000
400fb800
3f6aa000
4014c000
3f62c000
40162800
3f604000
401b3000
3f594000
40203800
3f524000
4020e800
3f512000
4026a800
3f4a2000
402bb000
3f440000
402c6000
3f426000
40322000
3f3c6000
3fb83000
3fb67000
3fc0d000
3faef000
3fc3b000
3fac7000
3fcdc000
3fa3b000
3fd4e000
3f9e7000
3fdaa000
3f9a7000
3fe4b000
3f937000
3febd000
3f8f1000
3ff19000
3f8bd000
3ffba000
3f862000
4000a800
3f82e000
40044000
3f7ee000
40094800
3f754000
400ab000
3f728000
400fb800
3f6aa000
4014c000
3f62c000
40162800
3f604000
401b3000
3f594000
40203800
3f524000
4020e800
3f512000
4026a800
3f4a2000
402bb000
3f440000
402c6000
3f426000
40322000
3f3c6000
3fb83000
3fb67000
3fc0d000
3faef000
3fc3b000
3fac7000
3fcdc000
3fa3b000
3fd4e000
3f9e7000
3fdaa000
3f9a7000
3fe4b000
3f937000
3febd000
3f8f1000
3ff19000
3f8bd000
3ffba000
3f862000
4000a800
3f82e000
40044000
3f7ee000
40094800
3f754000
400ab000
3f728000
400fb800
3f6aa000
4014c000
3f62c000
40162800
3f604000
401b3000
3f594000
40203800
3f524000
4020e800
3f512000
4026a800
3f4a2000
402bb000
3f440000
402c6000
3f426000
40322000
3f3c6000
3fb83000
3fb67000
3fc0d000
3faef000
3fc3b000
3fac7000
3fcdc000
3fa3b000
3fd4e000
3f9e7000
3fdaa000
3f9a7000
3fe4b000
3f937000
3febd000
3f8f1000
3ff19000
3f8bd000
3ffba000
3f862000
4000a800
3f82e000
40044000
3f7ee000
40094800
3f754000
400ab000
3f728000
400fb800
3f6aa000
4014c000
3f62c000
40162800
3f604000
401b3000
3f594000
40203800
3f524000
4020e800
3f512000
4026a800
3f4a2000
402bb000
3f440000
402c6000
3f426000
40322000
3f3c6000
3fb83000
3fb67000
3fc0d000
3faef000
3fc3b000
3fac7000
3fcdc000
3fa3b000
3fd4e000
3f9e7000
3fdaa000
3f9a7000
3fe4b000
3f937000
3febd000
3f8f1000
3ff19000
3f8bd000
3ffba000
3f862000
4000a800
3f82e000
40044000
3f7ee000
40094800
3f754000
400ab000
3f728000
400fb800
3f6aa000
4014c000
3f62c000
40162800
3f604000
401b3000
3f594000
40203800
3f524000
4020e800
3f512000
4026a800
3f4a2000
402bb000
3f440000
402c6000
3f426000
40322000
3f3c6000
3fb83000
3fb67000
3fc0d000
3faef000
3fc3b000
3fac7000
3fcdc000
3fa3b000
3fd4e000
3f9e7000
3fdaa000
3f9a7000
3fe4b000
3f937000
3febd000
3f8f1000
3ff19000
3f8bd000
3ffba000
3f862000
4000a800
3f82e000
40044000
3f7ee000
40094800
3f754000
400ab000
3f728000
400fb800
3f6aa000
4014c000
3f62c000
40162800
3f604000
401b3000
3f594000
40203800
3f524000
4020e800
3f512000
4026a800
3f4a2000
402bb000
3f440000
402c6000
3f426000
40322000
3f3c6000
3fb83000
3fb67000
3fc0d000
3faef000
3fc3b000
3fac7000
3fcdc000
3fa3b000
3fd4e000
3f9e7000
3fdaa000
3f9a7000
3fe4b000
3f937000
3febd000
3f8f1000
3ff19000
3f8bd000
3ffba000
3f862000
4000a800
3f82e000
40044000
3f7ee000
40094800
3f754000
400ab000
3f728000
400fb800
3f6aa000
4014c000
3f62c000
40162800
3f604000
401b3000
3f594000
40203800
3f524000
4020e800
3f512000
4026a800
3f4a2000
402bb000
3f440000
402c6000
3f426000
40322000
3f3c6000
3fb94000
3fb76000
3fc1e000
3fafe000
3fc4c000
3fad6000
3fced000
3fa4a000
3fd61000
3f9f5000
3fdbd000
3f9b5000
3fe5e000
3f945000
3fed2000
3f8fd000
3ff2e000
3f8c9000
3ffcf000
3f86e000
40016000
3f839000
4004f800
3f802000
400a0000
3f76a000
400b7800
3f73c000
40108000
3f6be000
40158800
3f640000
40170000
3f616000
401c0800
3f5a6000
40211000
3f536000
4021d000
3f524000
40279000
3f4b4000
402c9800
3f452000
402d5800
3f436000
40331800
3f3d6000
3fb94000
3fb76000
3fc1e000
3fafe000
3fc4c000
3fad6000
3fced000
3fa4a000
3fd61000
3f9f5000
3fdbd000
3f9b5000
3fe5e000
3f945000
3fed2000
3f8fd000
3ff2e000
3f8c9000
3ffcf000
3f86e000
40016000
3f839000
4004f800
3f802000
400a0000
3f76a000
400b7800
3f73c000
40108000
3f6be000
40158800
3f640000
40170000
3f616000
401c0800
3f5a6000
40211000
3f536000
4021d000
3f524000
40279000
3f4b4000
402c9800
3f452000
402d5800
3f436000
40331800
3f3d6000
3fb94000
3fb76000
3fc1e000
3fafe000
3fc4c000
3fad6000
3fced000
3fa4a000
3fd61000
3f9f5000
3fdbd000
3f9b5000
3fe5e000
3f945000
3fed2000
3f8fd000
3ff2e000
3f8c9000
3ffcf000
3f86e000
40016000
3f839000
4004f800
3f802000
400a0000
3f76a000
400b7800
3f73c000
40108000
3f6be000
40158800
3f640000
40170000
3f616000
401c0800
3f5a6000
40211000
3f536000
4021d000
3f524000
40279000
3f4b4000
402c9800
3f452000
402d5800
3f436000
40331800
3f3d6000
3fb94000
3fb76000
3fc1e000
3fafe000
3fc4c000
3fad6000
3fced000
3fa4a000
3fd61000
3f9f5000
3fdbd000
3f9b5000
3fe5e000
3f945000
3fed2000
3f8fd000
3ff2e000
3f8c9000
3ffcf000
3f86e000
40016000
3f839000
4004f800
3f802000
400a0000
3f76a000
400b7800
3f73c000
40108000
3f6be000
40158800
3f640000
40170000
3f616000
401c0800
3f5a6000
40211000
3f536000
4021d000
3f524000
40279000
3f4b4000
402c9800
3f452000
402d5800
3f436000
40331800
3f3d6000
3fb94000
3fb76000
3fc1e000
3fafe000
3fc4c000
3fad6000
3fced000
3fa4a000
3fd61000
3f9f5000
3fdbd000
3f9b5000
3fe5e000
3f945000
3fed2000
3f8fd000
3ff2e000
3f8c9000
3ffcf000
3f86e000
40016000
3f839000
4004f800
3f802000
400a0000
3f76a000
400b7800
3f73c000
40108000
3f6be000
40158800
3f640000
40170000
3f616000
401c0800
3f5a6000
40211000
3f536000
4021d000
3f524000
40279000
3f4b4000
402c9800
3f452000
402d5800
3f436000
40331800
3f3d6000
3fb94000
3fb76000
3fc1e000
3fafe000
3fc4c000
3fad6000
3fced000
3fa4a000
3fd61000
3f9f5000
3fdbd000
3f9b5000
3fe5e000
3f945000
3fed2000
3f8fd000
3ff2e000
3f8c9000
3ffcf000
3f86e000
40016000
3f839000
4004f800
3f802000
400a0000
3f76a000
400b7800
3f73c000
40108000
3f6be000
40158800
3f640000
40170000
3f616000
401c0800
3f5a6000
40211000
3f536000
4021d000
3f524000
40279000
3f4b4000
402c9800
3f452000
402d5800
3f436000
40331800
3f3d6000
3fb94000
3fb76000
3fc1e000
3fafe000
3fc4c000
3fad6000
3fced000
3fa4a000
3fd61000
3f9f5000
3fdbd000
3f9b5000
3fe5e000
3f945000
3fed2000
3f8fd000
3ff2e000
3f8c9000
3ffcf000
3f86e000
40016000
3f839000
4004f800
3f802000
400a0000
3f76a000
400b7800
3f73c000
40108000
3f6be000
40158800
3f640000
40170000
3f616000
401c0800
3f5a6000
40211000
3f536000
4021d000
3f524000
40279000
3f4b4000
402c9800
3f452000
402d5800
3f436000
40331800
3f3d6000
3fb94000
3fb76000
3fc1e000
3fafe000
3fc4c000
3fad6000
3fced000
3fa4a000
3fd61000
3f9f5000
3fdbd000
3f9b5000
3fe5e000
3f945000
3fed2000
3f8fd000
3ff2e000
3f8c9000
3ffcf000
3f86e000
40016000
3f839000
4004f800
3f802000
400a0000
3f76a000
400b7800
3f73c000
40108000
3f6be000
40158800
3f640000
40170000
3f616000
401c0800
3f5a6000
40211000
3f536000
4021d000
3f524000
40279000
3f4b4000
402c9800
3f452000
402d5800
3f436000
40331800
3f3d6000
3fb94000
3fb76000
3fc1e000
3fafe000
3fc4c000
3fad6000
3fced000
3fa4a000
3fd61000
3f9f5000
3fdbd000
3f9b5000
3fe5e000
3f945000
3fed2000
3f8fd000
3ff2e000
3f8c9000
3ffcf000
3f86e000
40016000
3f839000
4004f800
3f802000
400a0000
3f76a000
400b7800
3f73c000
40108000
3f6be000
40158800
3f640000
40170000
3f616000
401c0800
3f5a6000
40211000
3f536000
4021d000
3f524000
40279000
3f4b4000
402c9800
3f452000
402d5800
3f436000
40331800
3f3d6000
3fb94000
3fb76000
3fc1e000
3fafe000
3fc4c000
3fad6000
3fced000
3fa4a000
3fd61000
3f9f5000
3fdbd000
3f9b5000
3fe5e000
3f945000
3fed2000
3f8fd000
3ff2e000
3f8c9000
3ffcf000
3f86e000
40016000
3f839000
4004f800
3f802000
400a0000
3f76a000
400b7800
3f73c000
40108000
3f6be000
40158800
3f640000
40170000
3f616000
401c0800
3f5a6000
40211000
3f536000
4021d000
3f524000
40279000
3f4b4000
402c9800
3f452000
402d5800
3f436000
40331800
3f3d6000
3fb94000
3fb76000
3fc1e000
3fafe000
3fc4c000
3fad6000
3fced000
3fa4a000
3fd61000
3f9f5000
3fdbd000
3f9b5000
3fe5e000
3f945000
3fed2000
3f8fd000
3ff2e000
3f8c9000
3ffcf000
3f86e000
40016000
3f839000
4004f800
3f802000
400a0000
3f76a000
400b7800
3f73c000
40108000
3f6be000
40158800
3f640000
40170000
3f616000
401c0800
3f5a6000
40211000
3f536000
4021d000
3f524000
40279000
3f4b4000
402c9800
3f452000
402d5800
3f436000
40331800
3f3d6000
3fb94000
3fb76000
3fc1e000
3fafe000
3fc4c000
3fad6000
3fced000
3fa4a000
3fd61000
3f9f5000
3fdbd000
3f9b5000
3fe5e000
3f945000
3fed2000
3f8fd000
3ff2e000
3f8c9000
3ffcf000
3f86e000
40016000
3f839000
4004f800
3f802000
400a0000
3f76a000
400b7800
3f73c000
40108000
3f6be000
40158800
3f640000
40170000
3f616000
401c0800
3f5a6000
40211000
3f536000
4021d000
3f524000
40279000
3f4b4000
402c9800
3f452000
402d5800
3f436000
40331800
3f3d6000
3fba5000
3fb85000
3fc2f000
3fb0d000
3fc5d000
3fae5000
3fcfe000
3fa59000
3fd74000
3fa03000
3fdd0000
3f9c3000
3fe71000
3f953000
3fee7000
3f909000
3ff43000
3f8d5000
3ffe4000
3f87a000
40021800
3f844000
4005b000
3f80d000
400ab800
3f780000
400c4000
3f750000
40114800
3f6d2000
40165000
3f654000
4017d800
3f628000
401ce000
3f5b8000
4021e800
3f548000
4022b800
3f536000
40287800
3f4c6000
402d8000
3f464000
402e5000
3f446000
40341000
3f3e6000
3fba5000
3fb85000
3fc2f000
3fb0d000
3fc5d000
3fae5000
3fcfe000
3fa59000
3fd74000
3fa03000
3fdd0000
3f9c3000
3fe71000
3f953000
3fee7000
3f909000
3ff43000
3f8d5000
3ffe4000
3f87a000
40021800
3f844000
4005b000
3f80d000
400ab800
3f780000
400c4000
3f750000
40114800
3f6d2000
40165000
3f654000
4017d800
3f628000
401ce000
3f5b8000
4021e800
3f548000
4022b800
3f536000
40287800
3f4c6000
402d8000
3f464000
402e5000
3f446000
40341000
3f3e6000
3fbc7000
3fba3000
3fc51000
3fb2b000
3fc7f000
3fb03000
3fd20000
3fa77000
3fd9a000
3fa1f000
3fdf6000
3f9df000
3fe97000
3f96f000
3ff11000
3f921000
3ff6d000
3f8ed000
40007000
3f892000
40038800
3f85a000
40072000
3f823000
400c2800
3f7ac000
400dd000
3f778000
4012d800
3f6fa000
4017e000
3f67c000
40198800
3f64c000
401e9000
3f5dc000
40239800
3f56c000
40248800
3f55a000
402a4800
3f4ea000
402f5000
3f488000
40304000
3f466000
40360000
3f406000
3fbd8000
3fbb2000
3fc62000
3fb3a000
3fc90000
3fb12000
3fd31000
3fa86000
3fdad000
3fa2d000
3fe09000
3f9ed000
3feaa000
3f97d000
3ff26000
3f92d000
3ff82000
3f8f9000
40011800
3f89e000
40044000
3f865000
4007d800
3f82e000
400ce000
3f7c2000
400e9800
3f78c000
4013a000
3f70e000
4018a800
3f690000
401a6000
3f65e000
401f6800
3f5ee000
40247000
3f57e000
40257000
3f56c000
402b3000
3f4fc000
40303800
3f49a000
40313800
3f476000
4036f800
3f416000
3fbd8000
3fbb2000
3fc62000
3fb3a000
3fc90000
3fb12000
3fd31000
3fa86000
3fdad000
3fa2d000
3fe09000
3f9ed000
3feaa000
3f97d000
3ff26000
3f92d000
3ff82000
3f8f9000
40011800
3f89e000
40044000
3f865000
4007d800
3f82e000
400ce000
3f7c2000
400e9800
3f78c000
4013a000
3f70e000
4018a800
3f690000
401a6000
3f65e000
401f6800
3f5ee000
40247000
3f57e000
40257000
3f56c000
402b3000
3f4fc000
40303800
3f49a000
40313800
3f476000
4036f800
3f416000
3fbfa000
3fbd0000
3fc84000
3fb58000
3fcb2000
3fb30000
3fd53000
3faa4000
3fdd3000
3fa49000
3fe2f000
3fa09000
3fed0000
3f999000
3ff50000
3f945000
3ffac000
3f911000
40026800
3f8b6000
4005b000
3f87b000
40094800
3f844000
400e5000
3f7ee000
40102800
3f7b4000
40153000
3f736000
401a3800
3f6b8000
401c1000
3f682000
40211800
3f612000
40262000
3f5a2000
40274000
3f590000
402d0000
3f520000
40320800
3f4be000
40332800
3f496000
4038e800
3f436000
3fc0b000
3fbdf000
3fc95000
3fb67000
3fcc3000
3fb3f000
3fd64000
3fab3000
3fde6000
3fa57000
3fe42000
3fa17000
3fee3000
3f9a7000
3ff65000
3f951000
3ffc1000
3f91d000
40031000
3f8c2000
40066800
3f886000
400a0000
3f84f000
400f0800
3f802000
4010f000
3f7c8000
4015f800
3f74a000
401b0000
3f6cc000
401ce800
3f694000
4021f000
3f624000
4026f800
3f5b4000
40282800
3f5a2000
402de800
3f532000
4032f000
3f4d0000
40342000
3f4a6000
4039e000
3f446000
3fc0b000
3fbdf000
3fc95000
3fb67000
3fcc3000
3fb3f000
3fd64000
3fab3000
3fde6000
3fa57000
3fe42000
3fa17000
3fee3000
3f9a7000
3ff65000
3f951000
3ffc1000
3f91d000
40031000
3f8c2000
40066800
3f886000
400a0000
3f84f000
400f0800
3f802000
4010f000
3f7c8000
4015f800
3f74a000
401b0000
3f6cc000
401ce800
3f694000
4021f000
3f624000
4026f800
3f5b4000
40282800
3f5a2000
402de800
3f532000
4032f000
3f4d0000
40342000
3f4a6000
4039e000
3f446000
3fc0b000
3fbdf000
3fc95000
3fb67000
3fcc3000
3fb3f000
3fd64000
3fab3000
3fde6000
3fa57000
3fe42000
3fa17000
3fee3000
3f9a7000
3ff65000
3f951000
3ffc1000
3f91d000
40031000
3f8c2000
40066800
3f886000
400a0000
3f84f000
400f0800
3f802000
4010f000
3f7c8000
4015f800
3f74a000
401b0000
3f6cc000
401ce800
3f694000
4021f000
3f624000
4026f800
3f5b4000
40282800
3f5a2000
402de800
3f532000
4032f000
3f4d0000
40342000
3f4a6000
4039e000
3f446000
3fc0b000
3fbdf000
3fc95000
3fb67000
3fcc3000
3fb3f000
3fd64000
3fab3000
3fde6000
3fa57000
3fe42000
3fa17000
3fee3000
3f9a7000
3ff65000
3f951000
3ffc1000
3f91d000
40031000
3f8c2000
40066800
3f886000
400a0000
3f84f000
400f0800
3f802000
4010f000
3f7c8000
4015f800
3f74a000
401b0000
3f6cc000
401ce800
3f694000
4021f000
3f624000
4026f800
3f5b4000
40282800
3f5a2000
402de800
3f532000
4032f000
3f4d0000
40342000
3f4a6000
4039e000
3f446000
3fc0b000
3fbdf000
3fc95000
3fb67000
3fcc3000
3fb3f000
3fd64000
3fab3000
3fde6000
3fa57000
3fe42000
3fa17000
3fee3000
3f9a7000
3ff65000
3f951000
3ffc1000
3f91d000
40031000
3f8c2000
40066800
3f886000
400a0000
3f84f000
400f0800
3f802000
4010f000
3f7c8000
4015f800
3f74a000
401b0000
3f6cc000
401ce800
3f694000
4021f000
3f624000
4026f800
3f5b4000
40282800
3f5a2000
402de800
3f532000
4032f000
3f4d0000
40342000
3f4a6000
4039e000
3f446000
3fc0b000
3fbdf000
3fc95000
3fb67000
3fcc3000
3fb3f000
3fd64000
3fab3000
3fde6000
3fa57000
3fe42000
3fa17000
3fee3000
3f9a7000
3ff65000
3f951000
3ffc1000
3f91d000
40031000
3f8c2000
40066800
3f886000
400a0000
3f84f000
400f0800
3f802000
4010f000
3f7c8000
4015f800
3f74a000
401b0000
3f6cc000
401ce800
3f694000
4021f000
3f624000
4026f800
3f5b4000
40282800
3f5a2000
402de800
3f532000
4032f000
3f4d0000
40342000
3f4a6000
4039e000
3f446000
3fc0b000
3fbdf000
3fc95000
3fb67000
3fcc3000
3fb3f000
3fd64000
3fab3000
3fde6000
3fa57000
3fe42000
3fa17000
3fee3000
3f9a7000
3ff65000
3f951000
3ffc1000
3f91d000
40031000
3f8c2000
40066800
3f886000
400a0000
3f84f000
400f0800
3f802000
4010f000
3f7c8000
4015f800
3f74a000
401b0000
3f6cc000
401ce800
3f694000
4021f000
3f624000
4026f800
3f5b4000
40282800
3f5a2000
402de800
3f532000
4032f000
3f4d0000
40342000
3f4a6000
4039e000
3f446000
3fc0b000
3fbdf000
3fc95000
3fb67000
3fcc3000
3fb3f000
3fd64000
3fab3000
3fde6000
3fa57000
3fe42000
3fa17000
3fee3000
3f9a7000
3ff65000
3f951000
3ffc1000
3f91d000
40031000
3f8c2000
40066800
3f886000
400a0000
3f84f000
400f0800
3f802000
4010f000
3f7c8000
4015f800
3f74a000
401b0000
3f6cc000
401ce800
3f694000
4021f000
3f624000
4026f800
3f5b4000
40282800
3f5a2000
402de800
3f532000
4032f000
3f4d0000
40342000
3f4a6000
4039e000
3f446000
3fc0d000
3fbff000
3fca3000
3fb7b000
3fcd5000
3fb4f000
3fd84000
3fab5000
3fdf2000
3fa66000
3fe56000
3fa1e000
3ff05000
3f9a0000
3ff73000
3f969000
3ffd7000
3f92d000
40043000
3f8c4000
4006d800
3f898000
400ac000
3f85c000
40103800
3f808000
40115000
3f7f2000
4016c800
3f766000
401c4000
3f6da000
401d5800
3f6c2000
4022d000
3f644000
40284800
3f5c6000
40289800
3f5be000
402ed800
3f53e000
40345000
3f4ce000
4034a000
3f4ce000
403ae000
3f45e000
3fc0d000
3fbff000
3fca3000
3fb7b000
3fcd5000
3fb4f000
3fd84000
3fab5000
3fdf2000
3fa66000
3fe56000
3fa1e000
3ff05000
3f9a0000
3ff73000
3f969000
3ffd7000
3f92d000
40043000
3f8c4000
4006d800
3f898000
400ac000
3f85c000
40103800
3f808000
40115000
3f7f2000
4016c800
3f766000
401c4000
3f6da000
401d5800
3f6c2000
4022d000
3f644000
40284800
3f5c6000
40289800
3f5be000
402ed800
3f53e000
40345000
3f4ce000
4034a000
3f4ce000
403ae000
3f45e000
3fc0d000
3fbff000
3fca3000
3fb7b000
3fcd5000
3fb4f000
3fd84000
3fab5000
3fdf2000
3fa66000
3fe56000
3fa1e000
3ff05000
3f9a0000
3ff73000
3f969000
3ffd7000
3f92d000
40043000
3f8c4000
4006d800
3f898000
400ac000
3f85c000
40103800
3f808000
40115000
3f7f2000
4016c800
3f766000
401c4000
3f6da000
401d5800
3f6c2000
4022d000
3f644000
40284800
3f5c6000
40289800
3f5be000
402ed800
3f53e000
40345000
3f4ce000
4034a000
3f4ce000
403ae000
3f45e000
3fc0d000
3fbff000
3fca3000
3fb7b000
3fcd5000
3fb4f000
3fd84000
3fab5000
3fdf2000
3fa66000
3fe56000
3fa1e000
3ff05000
3f9a0000
3ff73000
3f969000
3ffd7000
3f92d000
40043000
3f8c4000
4006d800
3f898000
400ac000
3f85c000
40103800
3f808000
40115000
3f7f2000
4016c800
3f766000
401c4000
3f6da000
401d5800
3f6c2000
4022d000
3f644000
40284800
3f5c6000
40289800
3f5be000
402ed800
3f53e000
40345000
3f4ce000
4034a000
3f4ce000
403ae000
3f45e000
3fc0d000
3fbff000
3fca3000
3fb7b000
3fcd5000
3fb4f000
3fd84000
3fab5000
3fdf2000
3fa66000
3fe56000
3fa1e000
3ff05000
3f9a0000
3ff73000
3f969000
3ffd7000
3f92d000
40043000
3f8c4000
4006d800
3f898000
400ac000
3f85c000
40103800
3f808000
40115000
3f7f2000
4016c800
3f766000
401c4000
3f6da000
401d5800
3f6c2000
4022d000
3f644000
40284800
3f5c6000
40289800
3f5be000
402ed800
3f53e000
40345000
3f4ce000
4034a000
3f4ce000
403ae000
3f45e000
3fc0d000
3fbff000
3fca3000
3fb7b000
3fcd5000
3fb4f000
3fd84000
3fab5000
3fdf2000
3fa66000
3fe56000
3fa1e000
3ff05000
3f9a0000
3ff73000
3f969000
3ffd7000
3f92d000
40043000
3f8c4000
4006d800
3f898000
400ac000
3f85c000
40103800
3f808000
40115000
3f7f2000
4016c800
3f766000
401c4000
3f6da000
401d5800
3f6c2000
4022d000
3f644000
40284800
3f5c6000
40289800
3f5be000
402ed800
3f53e000
40345000
3f4ce000
4034a000
3f4ce000
403ae000
3f45e000
3fc0d000
3fbff000
3fca3000
3fb7b000
3fcd5000
3fb4f000
3fd84000
3fab5000
3fdf2000
3fa66000
3fe56000
3fa1e000
3ff05000
3f9a0000
3ff73000
3f969000
3ffd7000
3f92d000
40043000
3f8c4000
4006d800
3f898000
400ac000
3f85c000
40103800
3f808000
40115000
3f7f2000
4016c800
3f766000
401c4000
3f6da000
401d5800
3f6c2000
4022d000
3f644000
40284800
3f5c6000
40289800
3f5be000
402ed800
3f53e000
40345000
3f4ce000
4034a000
3f4ce000
403ae000
3f45e000
3fc0d000
3fbff000
3fca3000
3fb7b000
3fcd5000
3fb4f000
3fd84000
3fab5000
3fdf2000
3fa66000
3fe56000
3fa1e000
3ff05000
3f9a0000
3ff73000
3f969000
3ffd7000
3f92d000
40043000
3f8c4000
4006d800
3f898000
400ac000
3f85c000
40103800
3f808000
40115000
3f7f2000
4016c800
3f766000
401c4000
3f6da000
401d5800
3f6c2000
4022d000
3f644000
40284800
3f5c6000
40289800
3f5be000
402ed800
3f53e000
40345000
3f4ce000
4034a000
3f4ce000
403ae000
3f45e000
3fc0d000
3fbff000
3fca3000
3fb7b000
3fcd5000
3fb4f000
3fd84000
3fab5000
3fdf2000
3fa66000
3fe56000
3fa1e000
3ff05000
3f9a0000
3ff73000
3f969000
3ffd7000
3f92d000
40043000
3f8c4000
4006d800
3f898000
400ac000
3f85c000
40103800
3f808000
40115000
3f7f2000
4016c800
3f766000
401c4000
3f6da000
401d5800
3f6c2000
4022d000
3f644000
40284800
3f5c6000
40289800
3f5be000
402ed800
3f53e000
40345000
3f4ce000
4034a000
3f4ce000
403ae000
3f45e000
3fc0d000
3fbff000
3fca3000
3fb7b000
3fcd5000
3fb4f000
3fd84000
3fab5000
3fdf2000
3fa66000
3fe56000
3fa1e000
3ff05000
3f9a0000
3ff73000
3f969000
3ffd7000
3f92d000
40043000
3f8c4000
4006d800
3f898000
400ac000
3f85c000
40103800
3f808000
40115000
3f7f2000
4016c800
3f766000
401c4000
3f6da000
401d5800
3f6c2000
4022d000
3f644000
40284800
3f5c6000
40289800
3f5be000
402ed800
3f53e000
40345000
3f4ce000
4034a000
3f4ce000
403ae000
3f45e000
3fc0d000
3fbff000
3fca3000
3fb7b000
3fcd5000
3fb4f000
3fd84000
3fab5000
3fdf2000
3fa66000
3fe56000
3fa1e000
3ff05000
3f9a0000
3ff73000
3f969000
3ffd7000
3f92d000
40043000
3f8c4000
4006d800
3f898000
400ac000
3f85c000
40103800
3f808000
40115000
3f7f2000
4016c800
3f766000
401c4000
3f6da000
401d5800
3f6c2000
4022d000
3f644000
40284800
3f5c6000
40289800
3f5be000
402ed800
3f53e000
40345000
3f4ce000
4034a000
3f4ce000
403ae000
3f45e000
3fc0d000
3fbff000
3fca3000
3fb7b000
3fcd5000
3fb4f000
3fd84000
3fab5000
3fdf2000
3fa66000
3fe56000
3fa1e000
3ff05000
3f9a0000
3ff73000
3f969000
3ffd7000
3f92d000
40043000
3f8c4000
4006d800
3f898000
400ac000
3f85c000
40103800
3f808000
40115000
3f7f2000
4016c800
3f766000
401c4000
3f6da000
401d5800
3f6c2000
4022d000
3f644000
40284800
3f5c6000
40289800
3f5be000
402ed800
3f53e000
40345000
3f4ce000
4034a000
3f4ce000
403ae000
3f45e000
3fc1e000
3fc0e000
3fcb4000
3fb8a000
3fce6000
3fb5e000
3fd95000
3fac4000
3fe05000
3fa74000
3fe69000
3fa2c000
3ff18000
3f9ae000
3ff88000
3f975000
3ffec000
3f939000
4004d800
3f8d0000
40079000
3f8a3000
400b7800
3f867000
4010f000
3f813000
40121800
3f803000
40179000
3f77a000
401d0800
3f6ee000
401e3000
3f6d4000
4023a800
3f656000
40292000
3f5d8000
40298000
3f5d0000
402fc000
3f550000
40353800
3f4e0000
40359800
3f4de000
403bd800
3f46e000
3fc1e000
3fc0e000
3fcb4000
3fb8a000
3fce6000
3fb5e000
3fd95000
3fac4000
3fe05000
3fa74000
3fe69000
3fa2c000
3ff18000
3f9ae000
3ff88000
3f975000
3ffec000
3f939000
4004d800
3f8d0000
40079000
3f8a3000
400b7800
3f867000
4010f000
3f813000
40121800
3f803000
40179000
3f77a000
401d0800
3f6ee000
401e3000
3f6d4000
4023a800
3f656000
40292000
3f5d8000
40298000
3f5d0000
402fc000
3f550000
40353800
3f4e0000
40359800
3f4de000
403bd800
3f46e000
3fc40000
3fc2c000
3fcd6000
3fba8000
3fd08000
3fb7c000
3fdb7000
3fae2000
3fe2b000
3fa90000
3fe8f000
3fa48000
3ff3e000
3f9ca000
3ffb2000
3f98d000
4000b000
3f951000
40062800
3f8e8000
40090000
3f8b9000
400ce800
3f87d000
40126000
3f829000
4013a800
3f817000
40192000
3f7a2000
401e9800
3f716000
401fe000
3f6f8000
40255800
3f67a000
402ad000
3f5fc000
402b5000
3f5f4000
40319000
3f574000
40370800
3f504000
40378800
3f4fe000
403dc800
3f48e000
3fc51000
3fc3b000
3fce7000
3fbb7000
3fd19000
3fb8b000
3fdc8000
3faf1000
3fe3e000
3fa9e000
3fea2000
3fa56000
3ff51000
3f9d8000
3ffc7000
3f999000
40015800
3f95d000
4006d000
3f8f4000
4009b800
3f8c4000
400da000
3f888000
40131800
3f834000
40147000
3f821000
4019e800
3f7b6000
401f6000
3f72a000
4020b800
3f70a000
40263000
3f68c000
402ba800
3f60e000
402c3800
3f606000
40327800
3f586000
4037f000
3f516000
40388000
3f50e000
403ec000
3f49e000
3fc51000
3fc3b000
3fce7000
3fbb7000
3fd19000
3fb8b000
3fdc8000
3faf1000
3fe3e000
3fa9e000
3fea2000
3fa56000
3ff51000
3f9d8000
3ffc7000
3f999000
40015800
3f95d000
4006d000
3f8f4000
4009b800
3f8c4000
400da000
3f888000
40131800
3f834000
40147000
3f821000
4019e800
3f7b6000
401f6000
3f72a000
4020b800
3f70a000
40263000
3f68c000
402ba800
3f60e000
402c3800
3f606000
40327800
3f586000
4037f000
3f516000
40388000
3f50e000
403ec000
3f49e000
3fc73000
3fc59000
3fd09000
3fbd5000
3fd3b000
3fba9000
3fdea000
3fb0f000
3fe64000
3faba000
3fec8000
3fa72000
3ff77000
3f9f4000
3fff1000
3f9b1000
4002a800
3f975000
40082000
3f90c000
400b2800
3f8da000
400f1000
3f89e000
40148800
3f84a000
40160000
3f835000
401b7800
3f7de000
4020f000
3f752000
40226800
3f72e000
4027e000
3f6b0000
402d5800
3f632000
402e0800
3f62a000
40344800
3f5aa000
4039c000
3f53a000
403a7000
3f52e000
4040b000
3f4be000
3fc84000
3fc68000
3fd1a000
3fbe4000
3fd4c000
3fbb8000
3fdfb000
3fb1e000
3fe77000
3fac8000
3fedb000
3fa80000
3ff8a000
3fa02000
40003000
3f9bd000
40035000
3f981000
4008c800
3f918000
400be000
3f8e5000
400fc800
3f8a9000
40154000
3f855000
4016c800
3f83f000
401c4000
3f7f2000
4021b800
3f766000
40234000
3f740000
4028b800
3f6c2000
402e3000
3f644000
402ef000
3f63c000
40353000
3f5bc000
403aa800
3f54c000
403b6800
3f53e000
4041a800
3f4ce000
3fc84000
3fc68000
3fd1a000
3fbe4000
3fd4c000
3fbb8000
3fdfb000
3fb1e000
3fe77000
3fac8000
3fedb000
3fa80000
3ff8a000
3fa02000
40003000
3f9bd000
40035000
3f981000
4008c800
3f918000
400be000
3f8e5000
400fc800
3f8a9000
40154000
3f855000
4016c800
3f83f000
401c4000
3f7f2000
4021b800
3f766000
40234000
3f740000
4028b800
3f6c2000
402e3000
3f644000
402ef000
3f63c000
40353000
3f5bc000
403aa800
3f54c000
403b6800
3f53e000
4041a800
3f4ce000
3fc84000
3fc68000
3fd1a000
3fbe4000
3fd4c000
3fbb8000
3fdfb000
3fb1e000
3fe77000
3fac8000
3fedb000
3fa80000
3ff8a000
3fa02000
40003000
3f9bd000
40035000
3f981000
4008c800
3f918000
400be000
3f8e5000
400fc800
3f8a9000
40154000
3f855000
4016c800
3f83f000
401c4000
3f7f2000
4021b800
3f766000
40234000
3f740000
4028b800
3f6c2000
402e3000
3f644000
402ef000
3f63c000
40353000
3f5bc000
403aa800
3f54c000
403b6800
3f53e000
4041a800
3f4ce000
3fc84000
3fc68000
3fd1a000
3fbe4000
3fd4c000
3fbb8000
3fdfb000
3fb1e000
3fe77000
3fac8000
3fedb000
3fa80000
3ff8a000
3fa02000
40003000
3f9bd000
40035000
3f981000
4008c800
3f918000
400be000
3f8e5000
400fc800
3f8a9000
40154000
3f855000
4016c800
3f83f000
401c4000
3f7f2000
4021b800
3f766000
40234000
3f740000
4028b800
3f6c2000
402e3000
3f644000
402ef000
3f63c000
40353000
3f5bc000
403aa800
3f54c000
403b6800
3f53e000
4041a800
3f4ce000
3fc84000
3fc68000
3fd1a000
3fbe4000
3fd4c000
3fbb8000
3fdfb000
3fb1e000
3fe77000
3fac8000
3fedb000
3fa80000
3ff8a000
3fa02000
40003000
3f9bd000
40035000
3f981000
4008c800
3f918000
400be000
3f8e5000
400fc800
3f8a9000
40154000
3f855000
4016c800
3f83f000
401c4000
3f7f2000
4021b800
3f766000
40234000
3f740000
4028b800
3f6c2000
402e3000
3f644000
402ef000
3f63c000
40353000
3f5bc000
403aa800
3f54c000
403b6800
3f53e000
4041a800
3f4ce000
3fc84000
3fc68000
3fd1a000
3fbe4000
3fd4c000
3fbb8000
3fdfb000
3fb1e000
3fe77000
3fac8000
3fedb000
3fa80000
3ff8a000
3fa02000
40003000
3f9bd000
40035000
3f981000
4008c800
3f918000
400be000
3f8e5000
400fc800
3f8a9000
40154000
3f855000
4016c800
3f83f000
401c4000
3f7f2000
4021b800
3f766000
40234000
3f740000
4028b800
3f6c2000
402e3000
3f644000
402ef000
3f63c000
40353000
3f5bc000
403aa800
3f54c000
403b6800
3f53e000
4041a800
3f4ce000
3fc84000
3fc68000
3fd1a000
3fbe4000
3fd4c000
3fbb8000
3fdfb000
3fb1e000
3fe77000
3fac8000
3fedb000
3fa80000
3ff8a000
3fa02000
40003000
3f9bd000
40035000
3f981000
4008c800
3f918000
400be000
3f8e5000
400fc800
3f8a9000
40154000
3f855000
4016c800
3f83f000
401c4000
3f7f2000
4021b800
3f766000
40234000
3f740000
4028b800
3f6c2000
402e3000
3f644000
402ef000
3f63c000
40353000
3f5bc000
403aa800
3f54c000
403b6800
3f53e000
4041a800
3f4ce000
3fc84000
3fc68000
3fd1a000
3fbe4000
3fd4c000
3fbb8000
3fdfb000
3fb1e000
3fe77000
3fac8000
3fedb000
3fa80000
3ff8a000
3fa02000
40003000
3f9bd000
40035000
3f981000
4008c800
3f918000
400be000
3f8e5000
400fc800
3f8a9000
40154000
3f855000
4016c800
3f83f000
401c4000
3f7f2000
4021b800
3f766000
40234000
3f740000
4028b800
3f6c2000
402e3000
3f644000
402ef000
3f63c000
40353000
3f5bc000
403aa800
3f54c000
403b6800
3f53e000
4041a800
3f4ce000
3fc95000
3fc77000
3fd2b000
3fbf3000
3fd5d000
3fbc7000
3fe0c000
3fb2d000
3fe8a000
3fad6000
3feee000
3fa8e000
3ff9d000
3fa10000
4000d800
3f9c9000
4003f800
3f98d000
40097000
3f924000
400c9800
3f8f0000
40108000
3f8b4000
4015f800
3f860000
40179000
3f849000
401d0800
3f803000
40228000
3f77a000
40241800
3f752000
40299000
3f6d4000
402f0800
3f656000
402fd800
3f64e000
40361800
3f5ce000
403b9000
3f55e000
403c6000
3f54e000
4042a000
3f4de000
3fc95000
3fc77000
3fd2b000
3fbf3000
3fd5d000
3fbc7000
3fe0c000
3fb2d000
3fe8a000
3fad6000
3feee000
3fa8e000
3ff9d000
3fa10000
4000d800
3f9c9000
4003f800
3f98d000
40097000
3f924000
400c9800
3f8f0000
40108000
3f8b4000
4015f800
3f860000
40179000
3f849000
401d0800
3f803000
40228000
3f77a000
40241800
3f752000
40299000
3f6d4000
402f0800
3f656000
402fd800
3f64e000
40361800
3f5ce000
403b9000
3f55e000
403c6000
3f54e000
4042a000
3f4de000
3fc95000
3fc77000
3fd2b000
3fbf3000
3fd5d000
3fbc7000
3fe0c000
3fb2d000
3fe8a000
3fad6000
3feee000
3fa8e000
3ff9d000
3fa10000
4000d800
3f9c9000
4003f800
3f98d000
40097000
3f924000
400c9800
3f8f0000
40108000
3f8b4000
4015f800
3f860000
40179000
3f849000
401d0800
3f803000
40228000
3f77a000
40241800
3f752000
40299000
3f6d4000
402f0800
3f656000
402fd800
3f64e000
40361800
3f5ce000
403b9000
3f55e000
403c6000
3f54e000
4042a000
3f4de000
3fc95000
3fc77000
3fd2b000
3fbf3000
3fd5d000
3fbc7000
3fe0c000
3fb2d000
3fe8a000
3fad6000
3feee000
3fa8e000
3ff9d000
3fa10000
4000d800
3f9c9000
4003f800
3f98d000
40097000
3f924000
400c9800
3f8f0000
40108000
3f8b4000
4015f800
3f860000
40179000
3f849000
401d0800
3f803000
40228000
3f77a000
40241800
3f752000
40299000
3f6d4000
402f0800
3f656000
402fd800
3f64e000
40361800
3f5ce000
403b9000
3f55e000
403c6000
3f54e000
4042a000
3f4de000
3fc95000
3fc77000
3fd2b000
3fbf3000
3fd5d000
3fbc7000
3fe0c000
3fb2d000
3fe8a000
3fad6000
3feee000
3fa8e000
3ff9d000
3fa10000
4000d800
3f9c9000
4003f800
3f98d000
40097000
3f924000
400c9800
3f8f0000
40108000
3f8b4000
4015f800
3f860000
40179000
3f849000
401d0800
3f803000
40228000
3f77a000
40241800
3f752000
40299000
3f6d4000
402f0800
3f656000
402fd800
3f64e000
40361800
3f5ce000
403b9000
3f55e000
403c6000
3f54e000
4042a000
3f4de000
3fc95000
3fc77000
3fd2b000
3fbf3000
3fd5d000
3fbc7000
3fe0c000
3fb2d000
3fe8a000
3fad6000
3feee000
3fa8e000
3ff9d000
3fa10000
4000d800
3f9c9000
4003f800
3f98d000
40097000
3f924000
400c9800
3f8f0000
40108000
3f8b4000
4015f800
3f860000
40179000
3f849000
401d0800
3f803000
40228000
3f77a000
40241800
3f752000
40299000
3f6d4000
402f0800
3f656000
402fd800
3f64e000
40361800
3f5ce000
403b9000
3f55e000
403c6000
3f54e000
4042a000
3f4de000
3fc95000
3fc77000
3fd2b000
3fbf3000
3fd5d000
3fbc7000
3fe0c000
3fb2d000
3fe8a000
3fad6000
3feee000
3fa8e000
3ff9d000
3fa10000
4000d800
3f9c9000
4003f800
3f98d000
40097000
3f924000
400c9800
3f8f0000
40108000
3f8b4000
4015f800
3f860000
40179000
3f849000
401d0800
3f803000
40228000
3f77a000
40241800
3f752000
40299000
3f6d4000
402f0800
3f656000
402fd800
3f64e000
40361800
3f5ce000
403b9000
3f55e000
403c6000
3f54e000
4042a000
3f4de000
3fc95000
3fc77000
3fd2b000
3fbf3000
3fd5d000
3fbc7000
3fe0c000
3fb2d000
3fe8a000
3fad6000
3feee000
3fa8e000
3ff9d000
3fa10000
4000d800
3f9c9000
4003f800
3f98d000
40097000
3f924000
400c9800
3f8f0000
40108000
3f8b4000
4015f800
3f860000
40179000
3f849000
401d0800
3f803000
40228000
3f77a000
40241800
3f752000
40299000
3f6d4000
402f0800
3f656000
402fd800
3f64e000
40361800
3f5ce000
403b9000
3f55e000
403c6000
3f54e000
4042a000
3f4de000
3fc95000
3fc77000
3fd2b000
3fbf3000
3fd5d000
3fbc7000
3fe0c000
3fb2d000
3fe8a000
3fad6000
3feee000
3fa8e000
3ff9d000
3fa10000
4000d800
3f9c9000
4003f800
3f98d000
40097000
3f924000
400c9800
3f8f0000
40108000
3f8b4000
4015f800
3f860000
40179000
3f849000
401d0800
3f803000
40228000
3f77a000
40241800
3f752000
40299000
3f6d4000
402f0800
3f656000
402fd800
3f64e000
40361800
3f5ce000
403b9000
3f55e000
403c6000
3f54e000
4042a000
3f4de000
3fc95000
3fc77000
3fd2b000
3fbf3000
3fd5d000
3fbc7000
3fe0c000
3fb2d000
3fe8a000
3fad6000
3feee000
3fa8e000
3ff9d000
3fa10000
4000d800
3f9c9000
4003f800
3f98d000
40097000
3f924000
400c9800
3f8f0000
40108000
3f8b4000
4015f800
3f860000
40179000
3f849000
401d0800
3f803000
40228000
3f77a000
40241800
3f752000
40299000
3f6d4000
402f0800
3f656000
402fd800
3f64e000
40361800
3f5ce000
403b9000
3f55e000
403c6000
3f54e000
4042a000
3f4de000
3fc95000
3fc77000
3fd2b000
3fbf3000
3fd5d000
3fbc7000
3fe0c000
3fb2d000
3fe8a000
3fad6000
3feee000
3fa8e000
3ff9d000
3fa10000
4000d800
3f9c9000
4003f800
3f98d000
40097000
3f924000
400c9800
3f8f0000
40108000
3f8b4000
4015f800
3f860000
40179000
3f849000
401d0800
3f803000
40228000
3f77a000
40241800
3f752000
40299000
3f6d4000
402f0800
3f656000
402fd800
3f64e000
40361800
3f5ce000
403b9000
3f55e000
403c6000
3f54e000
4042a000
3f4de000
3fc95000
3fc77000
3fd2b000
3fbf3000
3fd5d000
3fbc7000
3fe0c000
3fb2d000
3fe8a000
3fad6000
3feee000
3fa8e000
3ff9d000
3fa10000
4000d800
3f9c9000
4003f800
3f98d000
40097000
3f924000
400c9800
3f8f0000
40108000
3f8b4000
4015f800
3f860000
40179000
3f849000
401d0800
3f803000
40228000
3f77a000
40241800
3f752000
40299000
3f6d4000
402f0800
3f656000
402fd800
3f64e000
40361800
3f5ce000
403b9000
3f55e000
403c6000
3f54e000
4042a000
3f4de000
3fca6000
3fc86000
3fd3c000
3fc02000
3fd6e000
3fbd6000
3fe1d000
3fb3c000
3fe9d000
3fae4000
3ff01000
3fa9c000
3ffb0000
3fa1e000
40018000
3f9d5000
4004a000
3f999000
400a1800
3f930000
400d5000
3f8fb000
40113800
3f8bf000
4016b000
3f86b000
40185800
3f853000
401dd000
3f80d000
40234800
3f78e000
4024f000
3f764000
402a6800
3f6e6000
402fe000
3f668000
4030c000
3f660000
40370000
3f5e0000
403c7800
3f570000
403d5800
3f55e000
40439800
3f4ee000
3fca6000
3fc86000
3fd3c000
3fc02000
3fd6e000
3fbd6000
3fe1d000
3fb3c000
3fe9d000
3fae4000
3ff01000
3fa9c000
3ffb0000
3fa1e000
40018000
3f9d5000
4004a000
3f999000
400a1800
3f930000
400d5000
3f8fb000
40113800
3f8bf000
4016b000
3f86b000
40185800
3f853000
401dd000
3f80d000
40234800
3f78e000
4024f000
3f764000
402a6800
3f6e6000
402fe000
3f668000
4030c000
3f660000
40370000
3f5e0000
403c7800
3f570000
403d5800
3f55e000
40439800
3f4ee000
3fcc8000
3fca4000
3fd5e000
3fc20000
3fd90000
3fbf4000
3fe3f000
3fb5a000
3fec3000
3fb00000
3ff27000
3fab8000
3ffd6000
3fa3a000
4002d000
3f9ed000
4005f000
3f9b1000
400b6800
3f948000
400ec000
3f911000
4012a800
3f8d5000
40182000
3f881000
4019e800
3f867000
401f6000
3f821000
4024d800
3f7b6000
4026a000
3f788000
402c1800
3f70a000
40319000
3f68c000
40329000
3f684000
4038d000
3f604000
403e4800
3f594000
403f4800
3f57e000
40458800
3f50e000
3fcd9000
3fcb3000
3fd6f000
3fc2f000
3fda1000
3fc03000
3fe50000
3fb69000
3fed6000
3fb0e000
3ff3a000
3fac6000
3ffe9000
3fa48000
40037800
3f9f9000
40069800
3f9bd000
400c1000
3f954000
400f7800
3f91c000
40136000
3f8e0000
4018d800
3f88c000
401ab000
3f871000
40202800
3f82b000
4025a000
3f7ca000
40277800
3f79a000
402cf000
3f71c000
40326800
3f69e000
40337800
3f696000
4039b800
3f616000
403f3000
3f5a6000
40404000
3f58e000
40468000
3f51e000
3fcd9000
3fcb3000
3fd6f000
3fc2f000
3fda1000
3fc03000
3fe50000
3fb69000
3fed6000
3fb0e000
3ff3a000
3fac6000
3ffe9000
3fa48000
40037800
3f9f9000
40069800
3f9bd000
400c1000
3f954000
400f7800
3f91c000
40136000
3f8e0000
4018d800
3f88c000
401ab000
3f871000
40202800
3f82b000
4025a000
3f7ca000
40277800
3f79a000
402cf000
3f71c000
40326800
3f69e000
40337800
3f696000
4039b800
3f616000
403f3000
3f5a6000
40404000
3f58e000
40468000
3f51e000
3fcfb000
3fcd1000
3fd91000
3fc4d000
3fdc3000
3fc21000
3fe72000
3fb87000
3fefc000
3fb2a000
3ff60000
3fae2000
40007800
3fa64000
4004c800
3fa11000
4007e800
3f9d5000
400d6000
3f96c000
4010e800
3f932000
4014d000
3f8f6000
401a4800
3f8a2000
401c4000
3f885000
4021b800
3f83f000
40273000
3f7f2000
40292800
3f7be000
402ea000
3f740000
40341800
3f6c2000
40354800
3f6ba000
403b8800
3f63a000
40410000
3f5ca000
40423000
3f5ae000
40487000
3f53e000
3fd0c000
3fce0000
3fda2000
3fc5c000
3fdd4000
3fc30000
3fe83000
3fb96000
3ff0f000
3fb38000
3ff73000
3faf0000
40011000
3fa72000
40057000
3fa1d000
40089000
3f9e1000
400e0800
3f978000
4011a000
3f93d000
40158800
3f901000
401b0000
3f8ad000
401d0800
3f88f000
40228000
3f849000
4027f800
3f803000
402a0000
3f7d0000
402f7800
3f752000
4034f000
3f6d4000
40363000
3f6cc000
403c7000
3f64c000
4041e800
3f5dc000
40432800
3f5be000
40496800
3f54e000
3fd0c000
3fce0000
3fda2000
3fc5c000
3fdd4000
3fc30000
3fe83000
3fb96000
3ff0f000
3fb38000
3ff73000
3faf0000
40011000
3fa72000
40057000
3fa1d000
40089000
3f9e1000
400e0800
3f978000
4011a000
3f93d000
40158800
3f901000
401b0000
3f8ad000
401d0800
3f88f000
40228000
3f849000
4027f800
3f803000
402a0000
3f7d0000
402f7800
3f752000
4034f000
3f6d4000
40363000
3f6cc000
403c7000
3f64c000
4041e800
3f5dc000
40432800
3f5be000
40496800
3f54e000
3fd0c000
3fce0000
3fda2000
3fc5c000
3fdd4000
3fc30000
3fe83000
3fb96000
3ff0f000
3fb38000
3ff73000
3faf0000
40011000
3fa72000
40057000
3fa1d000
40089000
3f9e1000
400e0800
3f978000
4011a000
3f93d000
40158800
3f901000
401b0000
3f8ad000
401d0800
3f88f000
40228000
3f849000
4027f800
3f803000
402a0000
3f7d0000
402f7800
3f752000
4034f000
3f6d4000
40363000
3f6cc000
403c7000
3f64c000
4041e800
3f5dc000
40432800
3f5be000
40496800
3f54e000
3fd0c000
3fce0000
3fda2000
3fc5c000
3fdd4000
3fc30000
3fe83000
3fb96000
3ff0f000
3fb38000
3ff73000
3faf0000
40011000
3fa72000
40057000
3fa1d000
40089000
3f9e1000
400e0800
3f978000
4011a000
3f93d000
40158800
3f901000
401b0000
3f8ad000
401d0800
3f88f000
40228000
3f849000
4027f800
3f803000
402a0000
3f7d0000
402f7800
3f752000
4034f000
3f6d4000
40363000
3f6cc000
403c7000
3f64c000
4041e800
3f5dc000
40432800
3f5be000
40496800
3f54e000
3fd0c000
3fce0000
3fda2000
3fc5c000
3fdd4000
3fc30000
3fe83000
3fb96000
3ff0f000
3fb38000
3ff73000
3faf0000
40011000
3fa72000
40057000
3fa1d000
40089000
3f9e1000
400e0800
3f978000
4011a000
3f93d000
40158800
3f901000
401b0000
3f8ad000
401d0800
3f88f000
40228000
3f849000
4027f800
3f803000
402a0000
3f7d0000
402f7800
3f752000
4034f000
3f6d4000
40363000
3f6cc000
403c7000
3f64c000
4041e800
3f5dc000
40432800
3f5be000
40496800
3f54e000
3fd0c000
3fce0000
3fda2000
3fc5c000
3fdd4000
3fc30000
3fe83000
3fb96000
3ff0f000
3fb38000
3ff73000
3faf0000
40011000
3fa72000
40057000
3fa1d000
40089000
3f9e1000
400e0800
3f978000
4011a000
3f93d000
40158800
3f901000
401b0000
3f8ad000
401d0800
3f88f000
40228000
3f849000
4027f800
3f803000
402a0000
3f7d0000
402f7800
3f752000
4034f000
3f6d4000
40363000
3f6cc000
403c7000
3f64c000
4041e800
3f5dc000
40432800
3f5be000
40496800
3f54e000
3fd0c000
3fce0000
3fda2000
3fc5c000
3fdd4000
3fc30000
3fe83000
3fb96000
3ff0f000
3fb38000
3ff73000
3faf0000
40011000
3fa72000
40057000
3fa1d000
40089000
3f9e1000
400e0800
3f978000
4011a000
3f93d000
40158800
3f901000
401b0000
3f8ad000
401d0800
3f88f000
40228000
3f849000
4027f800
3f803000
402a0000
3f7d0000
402f7800
3f752000
4034f000
3f6d4000
40363000
3f6cc000
403c7000
3f64c000
4041e800
3f5dc000
40432800
3f5be000
40496800
3f54e000
3fd0c000
3fce0000
3fda2000
3fc5c000
3fdd4000
3fc30000
3fe83000
3fb96000
3ff0f000
3fb38000
3ff73000
3faf0000
40011000
3fa72000
40057000
3fa1d000
40089000
3f9e1000
400e0800
3f978000
4011a000
3f93d000
40158800
3f901000
401b0000
3f8ad000
401d0800
3f88f000
40228000
3f849000
4027f800
3f803000
402a0000
3f7d0000
402f7800
3f752000
4034f000
3f6d4000
40363000
3f6cc000
403c7000
3f64c000
4041e800
3f5dc000
40432800
3f5be000
40496800
3f54e000
3fd0e000
3fd00000
3fdb0000
3fc70000
3fde6000
3fc40000
3fea3000
3fb98000
3ff1b000
3fb42000
3ff87000
3faf6000
40022000
3fa71000
4005e000
3fa30000
40094000
3f9f0000
400f2800
3f980000
40121000
3f94f000
40164800
3f90e000
401c3000
3f8b3000
401d6800
3f8a4000
40235000
3f857000
40293800
3f80a000
402a7000
3f7f2000
40305800
3f774000
40364000
3f6f6000
4036a000
3f6da000
403d6000
3f65a000
40434800
3f5ea000
4043a800
3f5d6000
404a6800
3f566000
3fd0e000
3fd00000
3fdb0000
3fc70000
3fde6000
3fc40000
3fea3000
3fb98000
3ff1b000
3fb42000
3ff87000
3faf6000
40022000
3fa71000
4005e000
3fa30000
40094000
3f9f0000
400f2800
3f980000
40121000
3f94f000
40164800
3f90e000
401c3000
3f8b3000
401d6800
3f8a4000
40235000
3f857000
40293800
3f80a000
402a7000
3f7f2000
40305800
3f774000
40364000
3f6f6000
4036a000
3f6da000
403d6000
3f65a000
40434800
3f5ea000
4043a800
3f5d6000
404a6800
3f566000
3fd0e000
3fd00000
3fdb0000
3fc70000
3fde6000
3fc40000
3fea3000
3fb98000
3ff1b000
3fb42000
3ff87000
3faf6000
40022000
3fa71000
4005e000
3fa30000
40094000
3f9f0000
400f2800
3f980000
40121000
3f94f000
40164800
3f90e000
401c3000
3f8b3000
401d6800
3f8a4000
40235000
3f857000
40293800
3f80a000
402a7000
3f7f2000
40305800
3f774000
40364000
3f6f6000
4036a000
3f6da000
403d6000
3f65a000
40434800
3f5ea000
4043a800
3f5d6000
404a6800
3f566000
3fd0e000
3fd00000
3fdb0000
3fc70000
3fde6000
3fc40000
3fea3000
3fb98000
3ff1b000
3fb42000
3ff87000
3faf6000
40022000
3fa71000
4005e000
3fa30000
40094000
3f9f0000
400f2800
3f980000
40121000
3f94f000
40164800
3f90e000
401c3000
3f8b3000
401d6800
3f8a4000
40235000
3f857000
40293800
3f80a000
402a7000
3f7f2000
40305800
3f774000
40364000
3f6f6000
4036a000
3f6da000
403d6000
3f65a000
40434800
3f5ea000
4043a800
3f5d6000
404a6800
3f566000
3fd0e000
3fd00000
3fdb0000
3fc70000
3fde6000
3fc40000
3fea3000
3fb98000
3ff1b000
3fb42000
3ff87000
3faf6000
40022000
3fa71000
4005e000
3fa30000
40094000
3f9f0000
400f2800
3f980000
40121000
3f94f000
40164800
3f90e000
401c3000
3f8b3000
401d6800
3f8a4000
40235000
3f857000
40293800
3f80a000
402a7000
3f7f2000
40305800
3f774000
40364000
3f6f6000
4036a000
3f6da000
403d6000
3f65a000
40434800
3f5ea000
4043a800
3f5d6000
404a6800
3f566000
3fd0e000
3fd00000
3fdb0000
3fc70000
3fde6000
3fc40000
3fea3000
3fb98000
3ff1b000
3fb42000
3ff87000
3faf6000
40022000
3fa71000
4005e000
3fa30000
40094000
3f9f0000
400f2800
3f980000
40121000
3f94f000
40164800
3f90e000
401c3000
3f8b3000
401d6800
3f8a4000
40235000
3f857000
40293800
3f80a000
402a7000
3f7f2000
40305800
3f774000
40364000
3f6f6000
4036a000
3f6da000
403d6000
3f65a000
40434800
3f5ea000
4043a800
3f5d6000
404a6800
3f566000
3fd0e000
3fd00000
3fdb0000
3fc70000
3fde6000
3fc40000
3fea3000
3fb98000
3ff1b000
3fb42000
3ff87000
3faf6000
40022000
3fa71000
4005e000
3fa30000
40094000
3f9f0000
400f2800
3f980000
40121000
3f94f000
40164800
3f90e000
401c3000
3f8b3000
401d6800
3f8a4000
40235000
3f857000
40293800
3f80a000
402a7000
3f7f2000
40305800
3f774000
40364000
3f6f6000
4036a000
3f6da000
403d6000
3f65a000
40434800
3f5ea000
4043a800
3f5d6000
404a6800
3f566000
3fd0e000
3fd00000
3fdb0000
3fc70000
3fde6000
3fc40000
3fea3000
3fb98000
3ff1b000
3fb42000
3ff87000
3faf6000
40022000
3fa71000
4005e000
3fa30000
40094000
3f9f0000
400f2800
3f980000
40121000
3f94f000
40164800
3f90e000
401c3000
3f8b3000
401d6800
3f8a4000
40235000
3f857000
40293800
3f80a000
402a7000
3f7f2000
40305800
3f774000
40364000
3f6f6000
4036a000
3f6da000
403d6000
3f65a000
40434800
3f5ea000
4043a800
3f5d6000
404a6800
3f566000
3fd0e000
3fd00000
3fdb0000
3fc70000
3fde6000
3fc40000
3fea3000
3fb98000
3ff1b000
3fb42000
3ff87000
3faf6000
40022000
3fa71000
4005e000
3fa30000
40094000
3f9f0000
400f2800
3f980000
40121000
3f94f000
40164800
3f90e000
401c3000
3f8b3000
401d6800
3f8a4000
40235000
3f857000
40293800
3f80a000
402a7000
3f7f2000
40305800
3f774000
40364000
3f6f6000
4036a000
3f6da000
403d6000
3f65a000
40434800
3f5ea000
4043a800
3f5d6000
404a6800
3f566000
3fd0e000
3fd00000
3fdb0000
3fc70000
3fde6000
3fc40000
3fea3000
3fb98000
3ff1b000
3fb42000
3ff87000
3faf6000
40022000
3fa71000
4005e000
3fa30000
40094000
3f9f0000
400f2800
3f980000
40121000
3f94f000
40164800
3f90e000
401c3000
3f8b3000
401d6800
3f8a4000
40235000
3f857000
40293800
3f80a000
402a7000
3f7f2000
40305800
3f774000
40364000
3f6f6000
4036a000
3f6da000
403d6000
3f65a000
40434800
3f5ea000
4043a800
3f5d6000
404a6800
3f566000
3fd0e000
3fd00000
3fdb0000
3fc70000
3fde6000
3fc40000
3fea3000
3fb98000
3ff1b000
3fb42000
3ff87000
3faf6000
40022000
3fa71000
4005e000
3fa30000
40094000
3f9f0000
400f2800
3f980000
40121000
3f94f000
40164800
3f90e000
401c3000
3f8b3000
401d6800
3f8a4000
40235000
3f857000
40293800
3f80a000
402a7000
3f7f2000
40305800
3f774000
40364000
3f6f6000
4036a000
3f6da000
403d6000
3f65a000
40434800
3f5ea000
4043a800
3f5d6000
404a6800
3f566000
3fd0e000
3fd00000
3fdb0000
3fc70000
3fde6000
3fc40000
3fea3000
3fb98000
3ff1b000
3fb42000
3ff87000
3faf6000
40022000
3fa71000
4005e000
3fa30000
40094000
3f9f0000
400f2800
3f980000
40121000
3f94f000
40164800
3f90e000
401c3000
3f8b3000
401d6800
3f8a4000
40235000
3f857000
40293800
3f80a000
402a7000
3f7f2000
40305800
3f774000
40364000
3f6f6000
4036a000
3f6da000
403d6000
3f65a000
40434800
3f5ea000
4043a800
3f5d6000
404a6800
3f566000
3fd1f000
3fd0f000
3fdc1000
3fc7f000
3fdf7000
3fc4f000
3feb4000
3fba7000
3ff2e000
3fb50000
3ff9a000
3fb04000
4002b800
3fa7f000
40068800
3fa3c000
4009e800
3f9fc000
400fd000
3f98c000
4012c800
3f95a000
40170000
3f919000
401ce800
3f8be000
401e3000
3f8ae000
40241800
3f861000
402a0000
3f814000
402b4800
3f802000
40313000
3f786000
40371800
3f708000
40378800
3f6ec000
403e4800
3f66c000
40443000
3f5fc000
4044a000
3f5e6000
404b6000
3f576000
3fd1f000
3fd0f000
3fdc1000
3fc7f000
3fdf7000
3fc4f000
3feb4000
3fba7000
3ff2e000
3fb50000
3ff9a000
3fb04000
4002b800
3fa7f000
40068800
3fa3c000
4009e800
3f9fc000
400fd000
3f98c000
4012c800
3f95a000
40170000
3f919000
401ce800
3f8be000
401e3000
3f8ae000
40241800
3f861000
402a0000
3f814000
402b4800
3f802000
40313000
3f786000
40371800
3f708000
40378800
3f6ec000
403e4800
3f66c000
40443000
3f5fc000
4044a000
3f5e6000
404b6000
3f576000
3fd41000
3fd2d000
3fde3000
3fc9d000
3fe19000
3fc6d000
3fed6000
3fbc5000
3ff54000
3fb6c000
3ffc0000
3fb20000
4003e800
3fa9b000
4007d800
3fa54000
400b3800
3fa14000
40112000
3f9a4000
40143800
3f970000
40187000
3f92f000
401e5800
3f8d4000
401fc000
3f8c2000
4025a800
3f875000
402b9000
3f828000
402cf800
3f814000
4032e000
3f7aa000
4038c800
3f72c000
40395800
3f710000
40401800
3f690000
40460000
3f620000
40469000
3f606000
404d5000
3f596000
3fd52000
3fd3c000
3fdf4000
3fcac000
3fe2a000
3fc7c000
3fee7000
3fbd4000
3ff67000
3fb7a000
3ffd3000
3fb2e000
40048000
3faa9000
40088000
3fa60000
400be000
3fa20000
4011c800
3f9b0000
4014f000
3f97b000
40192800
3f93a000
401f1000
3f8df000
40208800
3f8cc000
40267000
3f87f000
402c5800
3f832000
402dd000
3f81d000
4033b800
3f7bc000
4039a000
3f73e000
403a4000
3f722000
40410000
3f6a2000
4046e800
3f632000
40478800
3f616000
404e4800
3f5a6000
3fd52000
3fd3c000
3fdf4000
3fcac000
3fe2a000
3fc7c000
3fee7000
3fbd4000
3ff67000
3fb7a000
3ffd3000
3fb2e000
40048000
3faa9000
40088000
3fa60000
400be000
3fa20000
4011c800
3f9b0000
4014f000
3f97b000
40192800
3f93a000
401f1000
3f8df000
40208800
3f8cc000
40267000
3f87f000
402c5800
3f832000
402dd000
3f81d000
4033b800
3f7bc000
4039a000
3f73e000
403a4000
3f722000
40410000
3f6a2000
4046e800
3f632000
40478800
3f616000
404e4800
3f5a6000
3fd74000
3fd5a000
3fe16000
3fcca000
3fe4c000
3fc9a000
3ff09000
3fbf2000
3ff8d000
3fb96000
3fff9000
3fb4a000
4005b000
3fac5000
4009d000
3fa78000
400d3000
3fa38000
40131800
3f9c8000
40166000
3f991000
401a9800
3f950000
40208000
3f8f5000
40221800
3f8e0000
40280000
3f893000
402de800
3f846000
402f8000
3f82f000
40356800
3f7e0000
403b5000
3f762000
403c1000
3f746000
4042d000
3f6c6000
4048b800
3f656000
40497800
3f636000
40503800
3f5c6000
3fd85000
3fd69000
3fe27000
3fcd9000
3fe5d000
3fca9000
3ff1a000
3fc01000
3ffa0000
3fba4000
40006000
3fb58000
40064800
3fad3000
400a7800
3fa84000
400dd800
3fa44000
4013c000
3f9d4000
40171800
3f99c000
401b5000
3f95b000
40213800
3f900000
4022e000
3f8ea000
4028c800
3f89d000
402eb000
3f850000
40305800
3f838000
40364000
3f7f2000
403c2800
3f774000
403cf800
3f758000
4043b800
3f6d8000
4049a000
3f668000
404a7000
3f646000
40513000
3f5d6000
3fd85000
3fd69000
3fe27000
3fcd9000
3fe5d000
3fca9000
3ff1a000
3fc01000
3ffa0000
3fba4000
40006000
3fb58000
40064800
3fad3000
400a7800
3fa84000
400dd800
3fa44000
4013c000
3f9d4000
40171800
3f99c000
401b5000
3f95b000
40213800
3f900000
4022e000
3f8ea000
4028c800
3f89d000
402eb000
3f850000
40305800
3f838000
40364000
3f7f2000
403c2800
3f774000
403cf800
3f758000
4043b800
3f6d8000
4049a000
3f668000
404a7000
3f646000
40513000
3f5d6000
3fd85000
3fd69000
3fe27000
3fcd9000
3fe5d000
3fca9000
3ff1a000
3fc01000
3ffa0000
3fba4000
40006000
3fb58000
40064800
3fad3000
400a7800
3fa84000
400dd800
3fa44000
4013c000
3f9d4000
40171800
3f99c000
401b5000
3f95b000
40213800
3f900000
4022e000
3f8ea000
4028c800
3f89d000
402eb000
3f850000
40305800
3f838000
40364000
3f7f2000
403c2800
3f774000
403cf800
3f758000
4043b800
3f6d8000
4049a000
3f668000
404a7000
3f646000
40513000
3f5d6000
3fd85000
3fd69000
3fe27000
3fcd9000
3fe5d000
3fca9000
3ff1a000
3fc01000
3ffa0000
3fba4000
40006000
3fb58000
40064800
3fad3000
400a7800
3fa84000
400dd800
3fa44000
4013c000
3f9d4000
40171800
3f99c000
401b5000
3f95b000
40213800
3f900000
4022e000
3f8ea000
4028c800
3f89d000
402eb000
3f850000
40305800
3f838000
40364000
3f7f2000
403c2800
3f774000
403cf800
3f758000
4043b800
3f6d8000
4049a000
3f668000
404a7000
3f646000
40513000
3f5d6000
3fd85000
3fd69000
3fe27000
3fcd9000
3fe5d000
3fca9000
3ff1a000
3fc01000
3ffa0000
3fba4000
40006000
3fb58000
40064800
3fad3000
400a7800
3fa84000
400dd800
3fa44000
4013c000
3f9d4000
40171800
3f99c000
401b5000
3f95b000
40213800
3f900000
4022e000
3f8ea000
4028c800
3f89d000
402eb000
3f850000
40305800
3f838000
40364000
3f7f2000
403c2800
3f774000
403cf800
3f758000
4043b800
3f6d8000
4049a000
3f668000
404a7000
3f646000
40513000
3f5d6000
3fd85000
3fd69000
3fe27000
3fcd9000
3fe5d000
3fca9000
3ff1a000
3fc01000
3ffa0000
3fba4000
40006000
3fb58000
40064800
3fad3000
400a7800
3fa84000
400dd800
3fa44000
4013c000
3f9d4000
40171800
3f99c000
401b5000
3f95b000
40213800
3f900000
4022e000
3f8ea000
4028c800
3f89d000
402eb000
3f850000
40305800
3f838000
40364000
3f7f2000
403c2800
3f774000
403cf800
3f758000
4043b800
3f6d8000
4049a000
3f668000
404a7000
3f646000
40513000
3f5d6000
3fd85000
3fd69000
3fe27000
3fcd9000
3fe5d000
3fca9000
3ff1a000
3fc01000
3ffa0000
3fba4000
40006000
3fb58000
40064800
3fad3000
400a7800
3fa84000
400dd800
3fa44000
4013c000
3f9d4000
40171800
3f99c000
401b5000
3f95b000
40213800
3f900000
4022e000
3f8ea000
4028c800
3f89d000
402eb000
3f850000
40305800
3f838000
40364000
3f7f2000
403c2800
3f774000
403cf800
3f758000
4043b800
3f6d8000
4049a000
3f668000
404a7000
3f646000
40513000
3f5d6000
3fd85000
3fd69000
3fe27000
3fcd9000
3fe5d000
3fca9000
3ff1a000
3fc01000
3ffa0000
3fba4000
40006000
3fb58000
40064800
3fad3000
400a7800
3fa84000
400dd800
3fa44000
4013c000
3f9d4000
40171800
3f99c000
401b5000
3f95b000
40213800
3f900000
4022e000
3f8ea000
4028c800
3f89d000
402eb000
3f850000
40305800
3f838000
40364000
3f7f2000
403c2800
3f774000
403cf800
3f758000
4043b800
3f6d8000
4049a000
3f668000
404a7000
3f646000
40513000
3f5d6000
3fd96000
3fd78000
3fe38000
3fce8000
3fe6e000
3fcb8000
3ff2b000
3fc10000
3ffb3000
3fbb2000
4000f800
3fb66000
4006e000
3fae1000
400b2000
3fa90000
400e8000
3fa50000
40146800
3f9e0000
4017d000
3f9a7000
401c0800
3f966000
4021f000
3f90b000
4023a800
3f8f4000
40299000
3f8a7000
402f7800
3f85a000
40313000
3f841000
40371800
3f802000
403d0000
3f786000
403de000
3f76a000
4044a000
3f6ea000
404a8800
3f67a000
404b6800
3f656000
40522800
3f5e6000
3fd96000
3fd78000
3fe38000
3fce8000
3fe6e000
3fcb8000
3ff2b000
3fc10000
3ffb3000
3fbb2000
4000f800
3fb66000
4006e000
3fae1000
400b2000
3fa90000
400e8000
3fa50000
40146800
3f9e0000
4017d000
3f9a7000
401c0800
3f966000
4021f000
3f90b000
4023a800
3f8f4000
40299000
3f8a7000
402f7800
3f85a000
40313000
3f841000
40371800
3f802000
403d0000
3f786000
403de000
3f76a000
4044a000
3f6ea000
404a8800
3f67a000
404b6800
3f656000
40522800
3f5e6000
3fd96000
3fd78000
3fe38000
3fce8000
3fe6e000
3fcb8000
3ff2b000
3fc10000
3ffb3000
3fbb2000
4000f800
3fb66000
4006e000
3fae1000
400b2000
3fa90000
400e8000
3fa50000
40146800
3f9e0000
4017d000
3f9a7000
401c0800
3f966000
4021f000
3f90b000
4023a800
3f8f4000
40299000
3f8a7000
402f7800
3f85a000
40313000
3f841000
40371800
3f802000
403d0000
3f786000
403de000
3f76a000
4044a000
3f6ea000
404a8800
3f67a000
404b6800
3f656000
40522800
3f5e6000
3fd96000
3fd78000
3fe38000
3fce8000
3fe6e000
3fcb8000
3ff2b000
3fc10000
3ffb3000
3fbb2000
4000f800
3fb66000
4006e000
3fae1000
400b2000
3fa90000
400e8000
3fa50000
40146800
3f9e0000
4017d000
3f9a7000
401c0800
3f966000
4021f000
3f90b000
4023a800
3f8f4000
40299000
3f8a7000
402f7800
3f85a000
40313000
3f841000
40371800
3f802000
403d0000
3f786000
403de000
3f76a000
4044a000
3f6ea000
404a8800
3f67a000
404b6800
3f656000
40522800
3f5e6000
3fd96000
3fd78000
3fe38000
3fce8000
3fe6e000
3fcb8000
3ff2b000
3fc10000
3ffb3000
3fbb2000
4000f800
3fb66000
4006e000
3fae1000
400b2000
3fa90000
400e8000
3fa50000
40146800
3f9e0000
4017d000
3f9a7000
401c0800
3f966000
4021f000
3f90b000
4023a800
3f8f4000
40299000
3f8a7000
402f7800
3f85a000
40313000
3f841000
40371800
3f802000
403d0000
3f786000
403de000
3f76a000
4044a000
3f6ea000
404a8800
3f67a000
404b6800
3f656000
40522800
3f5e6000
3fd96000
3fd78000
3fe38000
3fce8000
3fe6e000
3fcb8000
3ff2b000
3fc10000
3ffb3000
3fbb2000
4000f800
3fb66000
4006e000
3fae1000
400b2000
3fa90000
400e8000
3fa50000
40146800
3f9e0000
4017d000
3f9a7000
401c0800
3f966000
4021f000
3f90b000
4023a800
3f8f4000
40299000
3f8a7000
402f7800
3f85a000
40313000
3f841000
40371800
3f802000
403d0000
3f786000
403de000
3f76a000
4044a000
3f6ea000
404a8800
3f67a000
404b6800
3f656000
40522800
3f5e6000
3fd96000
3fd78000
3fe38000
3fce8000
3fe6e000
3fcb8000
3ff2b000
3fc10000
3ffb3000
3fbb2000
4000f800
3fb66000
4006e000
3fae1000
400b2000
3fa90000
400e8000
3fa50000
40146800
3f9e0000
4017d000
3f9a7000
401c0800
3f966000
4021f000
3f90b000
4023a800
3f8f4000
40299000
3f8a7000
402f7800
3f85a000
40313000
3f841000
40371800
3f802000
403d0000
3f786000
403de000
3f76a000
4044a000
3f6ea000
404a8800
3f67a000
404b6800
3f656000
40522800
3f5e6000
3fd96000
3fd78000
3fe38000
3fce8000
3fe6e000
3fcb8000
3ff2b000
3fc10000
3ffb3000
3fbb2000
4000f800
3fb66000
4006e000
3fae1000
400b2000
3fa90000
400e8000
3fa50000
40146800
3f9e0000
4017d000
3f9a7000
401c0800
3f966000
4021f000
3f90b000
4023a800
3f8f4000
40299000
3f8a7000
402f7800
3f85a000
40313000
3f841000
40371800
3f802000
403d0000
3f786000
403de000
3f76a000
4044a000
3f6ea000
404a8800
3f67a000
404b6800
3f656000
40522800
3f5e6000
3fd96000
3fd78000
3fe38000
3fce8000
3fe6e000
3fcb8000
3ff2b000
3fc10000
3ffb3000
3fbb2000
4000f800
3fb66000
4006e000
3fae1000
400b2000
3fa90000
400e8000
3fa50000
40146800
3f9e0000
4017d000
3f9a7000
401c0800
3f966000
4021f000
3f90b000
4023a800
3f8f4000
40299000
3f8a7000
402f7800
3f85a000
40313000
3f841000
40371800
3f802000
403d0000
3f786000
403de000
3f76a000
4044a000
3f6ea000
404a8800
3f67a000
404b6800
3f656000
40522800
3f5e6000
3fd96000
3fd78000
3fe38000
3fce8000
3fe6e000
3fcb8000
3ff2b000
3fc10000
3ffb3000
3fbb2000
4000f800
3fb66000
4006e000
3fae1000
400b2000
3fa90000
400e8000
3fa50000
40146800
3f9e0000
4017d000
3f9a7000
401c0800
3f966000
4021f000
3f90b000
4023a800
3f8f4000
40299000
3f8a7000
402f7800
3f85a000
40313000
3f841000
40371800
3f802000
403d0000
3f786000
403de000
3f76a000
4044a000
3f6ea000
404a8800
3f67a000
404b6800
3f656000
40522800
3f5e6000
3fd96000
3fd78000
3fe38000
3fce8000
3fe6e000
3fcb8000
3ff2b000
3fc10000
3ffb3000
3fbb2000
4000f800
3fb66000
4006e000
3fae1000
400b2000
3fa90000
400e8000
3fa50000
40146800
3f9e0000
4017d000
3f9a7000
401c0800
3f966000
4021f000
3f90b000
4023a800
3f8f4000
40299000
3f8a7000
402f7800
3f85a000
40313000
3f841000
40371800
3f802000
403d0000
3f786000
403de000
3f76a000
4044a000
3f6ea000
404a8800
3f67a000
404b6800
3f656000
40522800
3f5e6000
3fd96000
3fd78000
3fe38000
3fce8000
3fe6e000
3fcb8000
3ff2b000
3fc10000
3ffb3000
3fbb2000
4000f800
3fb66000
4006e000
3fae1000
400b2000
3fa90000
400e8000
3fa50000
40146800
3f9e0000
4017d000
3f9a7000
401c0800
3f966000
4021f000
3f90b000
4023a800
3f8f4000
40299000
3f8a7000
402f7800
3f85a000
40313000
3f841000
40371800
3f802000
403d0000
3f786000
403de000
3f76a000
4044a000
3f6ea000
404a8800
3f67a000
404b6800
3f656000
40522800
3f5e6000
3fda7000
3fd87000
3fe49000
3fcf7000
3fe7f000
3fcc7000
3ff3c000
3fc1f000
3ffc6000
3fbc0000
40019000
3fb74000
40077800
3faef000
400bc800
3fa9c000
400f2800
3fa5c000
40151000
3f9ec000
40188800
3f9b2000
401cc000
3f971000
4022a800
3f916000
40247000
3f8fe000
402a5800
3f8b1000
40304000
3f864000
40320800
3f84a000
4037f000
3f80b000
403dd800
3f798000
403ec800
3f77c000
40458800
3f6fc000
404b7000
3f68c000
404c6000
3f666000
40532000
3f5f6000
3fda7000
3fd87000
3fe49000
3fcf7000
3fe7f000
3fcc7000
3ff3c000
3fc1f000
3ffc6000
3fbc0000
40019000
3fb74000
40077800
3faef000
400bc800
3fa9c000
400f2800
3fa5c000
40151000
3f9ec000
40188800
3f9b2000
401cc000
3f971000
4022a800
3f916000
40247000
3f8fe000
402a5800
3f8b1000
40304000
3f864000
40320800
3f84a000
4037f000
3f80b000
403dd800
3f798000
403ec800
3f77c000
40458800
3f6fc000
404b7000
3f68c000
404c6000
3f666000
40532000
3f5f6000
3fdc9000
3fda5000
3fe6b000
3fd15000
3fea1000
3fce5000
3ff5e000
3fc3d000
3ffec000
3fbdc000
4002c000
3fb90000
4008a800
3fb0b000
400d1800
3fab4000
40107800
3fa74000
40166000
3fa04000
4019f800
3f9c8000
401e3000
3f987000
40241800
3f92c000
40260000
3f912000
402be800
3f8c5000
4031d000
3f878000
4033b800
3f85c000
4039a000
3f81d000
403f8800
3f7bc000
40409800
3f7a0000
40475800
3f720000
404d4000
3f6b0000
404e5000
3f686000
40551000
3f616000
3fdda000
3fdb4000
3fe7c000
3fd24000
3feb2000
3fcf4000
3ff6f000
3fc4c000
3ffff000
3fbea000
40035800
3fb9e000
40094000
3fb19000
400dc000
3fac0000
40112000
3fa80000
40170800
3fa10000
401ab000
3f9d3000
401ee800
3f992000
4024d000
3f937000
4026c800
3f91c000
402cb000
3f8cf000
40329800
3f882000
40349000
3f865000
403a7800
3f826000
40406000
3f7ce000
40418000
3f7b2000
40484000
3f732000
404e2800
3f6c2000
404f4800
3f696000
40560800
3f626000
3fdda000
3fdb4000
3fe7c000
3fd24000
3feb2000
3fcf4000
3ff6f000
3fc4c000
3ffff000
3fbea000
40035800
3fb9e000
40094000
3fb19000
400dc000
3fac0000
40112000
3fa80000
40170800
3fa10000
401ab000
3f9d3000
401ee800
3f992000
4024d000
3f937000
4026c800
3f91c000
402cb000
3f8cf000
40329800
3f882000
40349000
3f865000
403a7800
3f826000
40406000
3f7ce000
40418000
3f7b2000
40484000
3f732000
404e2800
3f6c2000
404f4800
3f696000
40560800
3f626000
3fdfc000
3fdd2000
3fe9e000
3fd42000
3fed4000
3fd12000
3ff91000
3fc6a000
40012800
3fc06000
40048800
3fbba000
400a7000
3fb35000
400f1000
3fad8000
40127000
3fa98000
40185800
3fa28000
401c2000
3f9e9000
40205800
3f9a8000
40264000
3f94d000
40285800
3f930000
402e4000
3f8e3000
40342800
3f896000
40364000
3f877000
403c2800
3f838000
40421000
3f7f2000
40435000
3f7d6000
404a1000
3f756000
404ff800
3f6e6000
40513800
3f6b6000
4057f800
3f646000
3fe0d000
3fde1000
3feaf000
3fd51000
3fee5000
3fd21000
3ffa2000
3fc79000
4001c000
3fc14000
40052000
3fbc8000
400b0800
3fb43000
400fb800
3fae4000
40131800
3faa4000
40190000
3fa34000
401cd800
3f9f4000
40211000
3f9b3000
4026f800
3f958000
40292000
3f93a000
402f0800
3f8ed000
4034f000
3f8a0000
40371800
3f880000
403d0000
3f841000
4042e800
3f802000
40443800
3f7e8000
404af800
3f768000
4050e000
3f6f8000
40523000
3f6c6000
4058f000
3f656000
3fe0d000
3fde1000
3feaf000
3fd51000
3fee5000
3fd21000
3ffa2000
3fc79000
4001c000
3fc14000
40052000
3fbc8000
400b0800
3fb43000
400fb800
3fae4000
40131800
3faa4000
40190000
3fa34000
401cd800
3f9f4000
40211000
3f9b3000
4026f800
3f958000
40292000
3f93a000
402f0800
3f8ed000
4034f000
3f8a0000
40371800
3f880000
403d0000
3f841000
4042e800
3f802000
40443800
3f7e8000
404af800
3f768000
4050e000
3f6f8000
40523000
3f6c6000
4058f000
3f656000
3fe0d000
3fde1000
3feaf000
3fd51000
3fee5000
3fd21000
3ffa2000
3fc79000
4001c000
3fc14000
40052000
3fbc8000
400b0800
3fb43000
400fb800
3fae4000
40131800
3faa4000
40190000
3fa34000
401cd800
3f9f4000
40211000
3f9b3000
4026f800
3f958000
40292000
3f93a000
402f0800
3f8ed000
4034f000
3f8a0000
40371800
3f880000
403d0000
3f841000
4042e800
3f802000
40443800
3f7e8000
404af800
3f768000
4050e000
3f6f8000
40523000
3f6c6000
4058f000
3f656000
3fe0d000
3fde1000
3feaf000
3fd51000
3fee5000
3fd21000
3ffa2000
3fc79000
4001c000
3fc14000
40052000
3fbc8000
400b0800
3fb43000
400fb800
3fae4000
40131800
3faa4000
40190000
3fa34000
401cd800
3f9f4000
40211000
3f9b3000
4026f800
3f958000
40292000
3f93a000
402f0800
3f8ed000
4034f000
3f8a0000
40371800
3f880000
403d0000
3f841000
4042e800
3f802000
40443800
3f7e8000
404af800
3f768000
4050e000
3f6f8000
40523000
3f6c6000
4058f000
3f656000
3fe0d000
3fde1000
3feaf000
3fd51000
3fee5000
3fd21000
3ffa2000
3fc79000
4001c000
3fc14000
40052000
3fbc8000
400b0800
3fb43000
400fb800
3fae4000
40131800
3faa4000
40190000
3fa34000
401cd800
3f9f4000
40211000
3f9b3000
4026f800
3f958000
40292000
3f93a000
402f0800
3f8ed000
4034f000
3f8a0000
40371800
3f880000
403d0000
3f841000
4042e800
3f802000
40443800
3f7e8000
404af800
3f768000
4050e000
3f6f8000
40523000
3f6c6000
4058f000
3f656000
3fe0d000
3fde1000
3feaf000
3fd51000
3fee5000
3fd21000
3ffa2000
3fc79000
4001c000
3fc14000
40052000
3fbc8000
400b0800
3fb43000
400fb800
3fae4000
40131800
3faa4000
40190000
3fa34000
401cd800
3f9f4000
40211000
3f9b3000
4026f800
3f958000
40292000
3f93a000
402f0800
3f8ed000
4034f000
3f8a0000
40371800
3f880000
403d0000
3f841000
4042e800
3f802000
40443800
3f7e8000
404af800
3f768000
4050e000
3f6f8000
40523000
3f6c6000
4058f000
3f656000
3fe0d000
3fde1000
3feaf000
3fd51000
3fee5000
3fd21000
3ffa2000
3fc79000
4001c000
3fc14000
40052000
3fbc8000
400b0800
3fb43000
400fb800
3fae4000
40131800
3faa4000
40190000
3fa34000
401cd800
3f9f4000
40211000
3f9b3000
4026f800
3f958000
40292000
3f93a000
402f0800
3f8ed000
4034f000
3f8a0000
40371800
3f880000
403d0000
3f841000
4042e800
3f802000
40443800
3f7e8000
404af800
3f768000
4050e000
3f6f8000
40523000
3f6c6000
4058f000
3f656000
3fe0d000
3fde1000
3feaf000
3fd51000
3fee5000
3fd21000
3ffa2000
3fc79000
4001c000
3fc14000
40052000
3fbc8000
400b0800
3fb43000
400fb800
3fae4000
40131800
3faa4000
40190000
3fa34000
401cd800
3f9f4000
40211000
3f9b3000
4026f800
3f958000
40292000
3f93a000
402f0800
3f8ed000
4034f000
3f8a0000
40371800
3f880000
403d0000
3f841000
4042e800
3f802000
40443800
3f7e8000
404af800
3f768000
4050e000
3f6f8000
40523000
3f6c6000
4058f000
3f656000
3fe0f000
3fe01000
3febd000
3fd65000
3fef7000
3fd31000
3ffc2000
3fc7b000
40022000
3fc22000
4005c000
3fbce000
400c1800
3fb3b000
40102800
3faf8000
4013c800
3fab4000
401a2000
3fa3d000
401d4800
3fa07000
4021d000
3f9c1000
40282800
3f95f000
40298000
3f94f000
402fd800
3f8fb000
40363000
3f8a7000
40378800
3f898000
403de000
3f852000
40443800
3f80c000
4044a800
3f802000
404be800
3f774000
40524000
3f6f6000
4052b000
3f6ec000
4059f000
3f66c000
3fe0f000
3fe01000
3febd000
3fd65000
3fef7000
3fd31000
3ffc2000
3fc7b000
40022000
3fc22000
4005c000
3fbce000
400c1800
3fb3b000
40102800
3faf8000
4013c800
3fab4000
401a2000
3fa3d000
401d4800
3fa07000
4021d000
3f9c1000
40282800
3f95f000
40298000
3f94f000
402fd800
3f8fb000
40363000
3f8a7000
40378800
3f898000
403de000
3f852000
40443800
3f80c000
4044a800
3f802000
404be800
3f774000
40524000
3f6f6000
4052b000
3f6ec000
4059f000
3f66c000
3fe0f000
3fe01000
3febd000
3fd65000
3fef7000
3fd31000
3ffc2000
3fc7b000
40022000
3fc22000
4005c000
3fbce000
400c1800
3fb3b000
40102800
3faf8000
4013c800
3fab4000
401a2000
3fa3d000
401d4800
3fa07000
4021d000
3f9c1000
40282800
3f95f000
40298000
3f94f000
402fd800
3f8fb000
40363000
3f8a7000
40378800
3f898000
403de000
3f852000
40443800
3f80c000
4044a800
3f802000
404be800
3f774000
40524000
3f6f6000
4052b000
3f6ec000
4059f000
3f66c000
3fe0f000
3fe01000
3febd000
3fd65000
3fef7000
3fd31000
3ffc2000
3fc7b000
40022000
3fc22000
4005c000
3fbce000
400c1800
3fb3b000
40102800
3faf8000
4013c800
3fab4000
401a2000
3fa3d000
401d4800
3fa07000
4021d000
3f9c1000
40282800
3f95f000
40298000
3f94f000
402fd800
3f8fb000
40363000
3f8a7000
40378800
3f898000
403de000
3f852000
40443800
3f80c000
4044a800
3f802000
404be800
3f774000
40524000
3f6f6000
4052b000
3f6ec000
4059f000
3f66c000
3fe0f000
3fe01000
3febd000
3fd65000
3fef7000
3fd31000
3ffc2000
3fc7b000
40022000
3fc22000
4005c000
3fbce000
400c1800
3fb3b000
40102800
3faf8000
4013c800
3fab4000
401a2000
3fa3d000
401d4800
3fa07000
4021d000
3f9c1000
40282800
3f95f000
40298000
3f94f000
402fd800
3f8fb000
40363000
3f8a7000
40378800
3f898000
403de000
3f852000
40443800
3f80c000
4044a800
3f802000
404be800
3f774000
40524000
3f6f6000
4052b000
3f6ec000
4059f000
3f66c000
3fe0f000
3fe01000
3febd000
3fd65000
3fef7000
3fd31000
3ffc2000
3fc7b000
40022000
3fc22000
4005c000
3fbce000
400c1800
3fb3b000
40102800
3faf8000
4013c800
3fab4000
401a2000
3fa3d000
401d4800
3fa07000
4021d000
3f9c1000
40282800
3f95f000
40298000
3f94f000
402fd800
3f8fb000
40363000
3f8a7000
40378800
3f898000
403de000
3f852000
40443800
3f80c000
4044a800
3f802000
404be800
3f774000
40524000
3f6f6000
4052b000
3f6ec000
4059f000
3f66c000
3fe0f000
3fe01000
3febd000
3fd65000
3fef7000
3fd31000
3ffc2000
3fc7b000
40022000
3fc22000
4005c000
3fbce000
400c1800
3fb3b000
40102800
3faf8000
4013c800
3fab4000
401a2000
3fa3d000
401d4800
3fa07000
4021d000
3f9c1000
40282800
3f95f000
40298000
3f94f000
402fd800
3f8fb000
40363000
3f8a7000
40378800
3f898000
403de000
3f852000
40443800
3f80c000
4044a800
3f802000
404be800
3f774000
40524000
3f6f6000
4052b000
3f6ec000
4059f000
3f66c000
3fe0f000
3fe01000
3febd000
3fd65000
3fef7000
3fd31000
3ffc2000
3fc7b000
40022000
3fc22000
4005c000
3fbce000
400c1800
3fb3b000
40102800
3faf8000
4013c800
3fab4000
401a2000
3fa3d000
401d4800
3fa07000
4021d000
3f9c1000
40282800
3f95f000
40298000
3f94f000
402fd800
3f8fb000
40363000
3f8a7000
40378800
3f898000
403de000
3f852000
40443800
3f80c000
4044a800
3f802000
404be800
3f774000
40524000
3f6f6000
4052b000
3f6ec000
4059f000
3f66c000
3fe0f000
3fe01000
3febd000
3fd65000
3fef7000
3fd31000
3ffc2000
3fc7b000
40022000
3fc22000
4005c000
3fbce000
400c1800
3fb3b000
40102800
3faf8000
4013c800
3fab4000
401a2000
3fa3d000
401d4800
3fa07000
4021d000
3f9c1000
40282800
3f95f000
40298000
3f94f000
402fd800
3f8fb000
40363000
3f8a7000
40378800
3f898000
403de000
3f852000
40443800
3f80c000
4044a800
3f802000
404be800
3f774000
40524000
3f6f6000
4052b000
3f6ec000
4059f000
3f66c000
3fe0f000
3fe01000
3febd000
3fd65000
3fef7000
3fd31000
3ffc2000
3fc7b000
40022000
3fc22000
4005c000
3fbce000
400c1800
3fb3b000
40102800
3faf8000
4013c800
3fab4000
401a2000
3fa3d000
401d4800
3fa07000
4021d000
3f9c1000
40282800
3f95f000
40298000
3f94f000
402fd800
3f8fb000
40363000
3f8a7000
40378800
3f898000
403de000
3f852000
40443800
3f80c000
4044a800
3f802000
404be800
3f774000
40524000
3f6f6000
4052b000
3f6ec000
4059f000
3f66c000
3fe0f000
3fe01000
3febd000
3fd65000
3fef7000
3fd31000
3ffc2000
3fc7b000
40022000
3fc22000
4005c000
3fbce000
400c1800
3fb3b000
40102800
3faf8000
4013c800
3fab4000
401a2000
3fa3d000
401d4800
3fa07000
4021d000
3f9c1000
40282800
3f95f000
40298000
3f94f000
402fd800
3f8fb000
40363000
3f8a7000
40378800
3f898000
403de000
3f852000
40443800
3f80c000
4044a800
3f802000
404be800
3f774000
40524000
3f6f6000
4052b000
3f6ec000
4059f000
3f66c000
3fe0f000
3fe01000
3febd000
3fd65000
3fef7000
3fd31000
3ffc2000
3fc7b000
40022000
3fc22000
4005c000
3fbce000
400c1800
3fb3b000
40102800
3faf8000
4013c800
3fab4000
401a2000
3fa3d000
401d4800
3fa07000
4021d000
3f9c1000
40282800
3f95f000
40298000
3f94f000
402fd800
3f8fb000
40363000
3f8a7000
40378800
3f898000
403de000
3f852000
40443800
3f80c000
4044a800
3f802000
404be800
3f774000
40524000
3f6f6000
4052b000
3f6ec000
4059f000
3f66c000
3fe20000
3fe10000
3fece000
3fd74000
3ff08000
3fd40000
3ffd3000
3fc8a000
4002b800
3fc30000
40065800
3fbdc000
400cb000
3fb49000
4010d000
3fb04000
40147000
3fac0000
401ac800
3fa49000
401e0000
3fa12000
40228800
3f9cc000
4028e000
3f96a000
402a4800
3f959000
4030a000
3f905000
4036f800
3f8b1000
40386000
3f8a1000
403eb800
3f85b000
40451000
3f815000
40459000
3f80b000
404cd000
3f786000
40532800
3f708000
4053a800
3f6fc000
405ae800
3f67c000
3fe20000
3fe10000
3fece000
3fd74000
3ff08000
3fd40000
3ffd3000
3fc8a000
4002b800
3fc30000
40065800
3fbdc000
400cb000
3fb49000
4010d000
3fb04000
40147000
3fac0000
401ac800
3fa49000
401e0000
3fa12000
40228800
3f9cc000
4028e000
3f96a000
402a4800
3f959000
4030a000
3f905000
4036f800
3f8b1000
40386000
3f8a1000
403eb800
3f85b000
40451000
3f815000
40459000
3f80b000
404cd000
3f786000
40532800
3f708000
4053a800
3f6fc000
405ae800
3f67c000
3fe42000
3fe2e000
3fef0000
3fd92000
3ff2a000
3fd5e000
3fff5000
3fca8000
4003e800
3fc4c000
40078800
3fbf8000
400de000
3fb65000
40122000
3fb1c000
4015c000
3fad8000
401c1800
3fa61000
401f7000
3fa28000
4023f800
3f9e2000
402a5000
3f980000
402bd800
3f96d000
40323000
3f919000
40388800
3f8c5000
403a1000
3f8b3000
40406800
3f86d000
4046c000
3f827000
40476000
3f81d000
404ea000
3f7aa000
4054f800
3f72c000
40559800
3f71c000
405cd800
3f69c000
3fe53000
3fe3d000
3ff01000
3fda1000
3ff3b000
3fd6d000
40003000
3fcb7000
40048000
3fc5a000
40082000
3fc06000
400e7800
3fb73000
4012c800
3fb28000
40166800
3fae4000
401cc000
3fa6d000
40202800
3fa33000
4024b000
3f9ed000
402b0800
3f98b000
402ca000
3f977000
4032f800
3f923000
40395000
3f8cf000
403ae800
3f8bc000
40414000
3f876000
40479800
3f830000
40484800
3f826000
404f8800
3f7bc000
4055e000
3f73e000
40569000
3f72c000
405dd000
3f6ac000
3fe53000
3fe3d000
3ff01000
3fda1000
3ff3b000
3fd6d000
40003000
3fcb7000
40048000
3fc5a000
40082000
3fc06000
400e7800
3fb73000
4012c800
3fb28000
40166800
3fae4000
401cc000
3fa6d000
40202800
3fa33000
4024b000
3f9ed000
402b0800
3f98b000
402ca000
3f977000
4032f800
3f923000
40395000
3f8cf000
403ae800
3f8bc000
40414000
3f876000
40479800
3f830000
40484800
3f826000
404f8800
3f7bc000
4055e000
3f73e000
40569000
3f72c000
405dd000
3f6ac000
3fe75000
3fe5b000
3ff23000
3fdbf000
3ff5d000
3fd8b000
40014000
3fcd5000
4005b000
3fc76000
40095000
3fc22000
400fa800
3fb8f000
40141800
3fb40000
4017b800
3fafc000
401e1000
3fa85000
40219800
3fa49000
40262000
3fa03000
402c7800
3f9a1000
402e3000
3f98b000
40348800
3f937000
403ae000
3f8e3000
403c9800
3f8ce000
4042f000
3f888000
40494800
3f842000
404a1800
3f838000
40515800
3f7e0000
4057b000
3f762000
40588000
3f74c000
405fc000
3f6cc000
3fe86000
3fe6a000
3ff34000
3fdce000
3ff6e000
3fd9a000
4001c800
3fce4000
40064800
3fc84000
4009e800
3fc30000
40104000
3fb9d000
4014c000
3fb4c000
40186000
3fb08000
401eb800
3fa91000
40225000
3fa54000
4026d800
3fa0e000
402d3000
3f9ac000
402ef800
3f995000
40355000
3f941000
403ba800
3f8ed000
403d7000
3f8d7000
4043c800
3f891000
404a2000
3f84b000
404b0000
3f841000
40524000
3f7f2000
40589800
3f774000
40597800
3f75c000
4060b800
3f6dc000
3fe86000
3fe6a000
3ff34000
3fdce000
3ff6e000
3fd9a000
4001c800
3fce4000
40064800
3fc84000
4009e800
3fc30000
40104000
3fb9d000
4014c000
3fb4c000
40186000
3fb08000
401eb800
3fa91000
40225000
3fa54000
4026d800
3fa0e000
402d3000
3f9ac000
402ef800
3f995000
40355000
3f941000
403ba800
3f8ed000
403d7000
3f8d7000
4043c800
3f891000
404a2000
3f84b000
404b0000
3f841000
40524000
3f7f2000
40589800
3f774000
40597800
3f75c000
4060b800
3f6dc000
3fe86000
3fe6a000
3ff34000
3fdce000
3ff6e000
3fd9a000
4001c800
3fce4000
40064800
3fc84000
4009e800
3fc30000
40104000
3fb9d000
4014c000
3fb4c000
40186000
3fb08000
401eb800
3fa91000
40225000
3fa54000
4026d800
3fa0e000
402d3000
3f9ac000
402ef800
3f995000
40355000
3f941000
403ba800
3f8ed000
403d7000
3f8d7000
4043c800
3f891000
404a2000
3f84b000
404b0000
3f841000
40524000
3f7f2000
40589800
3f774000
40597800
3f75c000
4060b800
3f6dc000
3fe86000
3fe6a000
3ff34000
3fdce000
3ff6e000
3fd9a000
4001c800
3fce4000
40064800
3fc84000
4009e800
3fc30000
40104000
3fb9d000
4014c000
3fb4c000
40186000
3fb08000
401eb800
3fa91000
40225000
3fa54000
4026d800
3fa0e000
402d3000
3f9ac000
402ef800
3f995000
40355000
3f941000
403ba800
3f8ed000
403d7000
3f8d7000
4043c800
3f891000
404a2000
3f84b000
404b0000
3f841000
40524000
3f7f2000
40589800
3f774000
40597800
3f75c000
4060b800
3f6dc000
3fe86000
3fe6a000
3ff34000
3fdce000
3ff6e000
3fd9a000
4001c800
3fce4000
40064800
3fc84000
4009e800
3fc30000
40104000
3fb9d000
4014c000
3fb4c000
40186000
3fb08000
401eb800
3fa91000
40225000
3fa54000
4026d800
3fa0e000
402d3000
3f9ac000
402ef800
3f995000
40355000
3f941000
403ba800
3f8ed000
403d7000
3f8d7000
4043c800
3f891000
404a2000
3f84b000
404b0000
3f841000
40524000
3f7f2000
40589800
3f774000
40597800
3f75c000
4060b800
3f6dc000
3fe86000
3fe6a000
3ff34000
3fdce000
3ff6e000
3fd9a000
4001c800
3fce4000
40064800
3fc84000
4009e800
3fc30000
40104000
3fb9d000
4014c000
3fb4c000
40186000
3fb08000
401eb800
3fa91000
40225000
3fa54000
4026d800
3fa0e000
402d3000
3f9ac000
402ef800
3f995000
40355000
3f941000
403ba800
3f8ed000
403d7000
3f8d7000
4043c800
3f891000
404a2000
3f84b000
404b0000
3f841000
40524000
3f7f2000
40589800
3f774000
40597800
3f75c000
4060b800
3f6dc000
3fe86000
3fe6a000
3ff34000
3fdce000
3ff6e000
3fd9a000
4001c800
3fce4000
40064800
3fc84000
4009e800
3fc30000
40104000
3fb9d000
4014c000
3fb4c000
40186000
3fb08000
401eb800
3fa91000
40225000
3fa54000
4026d800
3fa0e000
402d3000
3f9ac000
402ef800
3f995000
40355000
3f941000
403ba800
3f8ed000
403d7000
3f8d7000
4043c800
3f891000
404a2000
3f84b000
404b0000
3f841000
40524000
3f7f2000
40589800
3f774000
40597800
3f75c000
4060b800
3f6dc000
3fe86000
3fe6a000
3ff34000
3fdce000
3ff6e000
3fd9a000
4001c800
3fce4000
40064800
3fc84000
4009e800
3fc30000
40104000
3fb9d000
4014c000
3fb4c000
40186000
3fb08000
401eb800
3fa91000
40225000
3fa54000
4026d800
3fa0e000
402d3000
3f9ac000
402ef800
3f995000
40355000
3f941000
403ba800
3f8ed000
403d7000
3f8d7000
4043c800
3f891000
404a2000
3f84b000
404b0000
3f841000
40524000
3f7f2000
40589800
3f774000
40597800
3f75c000
4060b800
3f6dc000
3fe97000
3fe79000
3ff45000
3fddd000
3ff7f000
3fda9000
40025000
3fcf3000
4006e000
3fc92000
400a8000
3fc3e000
4010d800
3fbab000
40156800
3fb58000
40190800
3fb14000
401f6000
3fa9d000
40230800
3fa5f000
40279000
3fa19000
402de800
3f9b7000
402fc000
3f99f000
40361800
3f94b000
403c7000
3f8f7000
403e4800
3f8e0000
4044a000
3f89a000
404af800
3f854000
404be800
3f84a000
40532800
3f802000
40598000
3f786000
405a7000
3f76c000
4061b000
3f6ec000
3fe97000
3fe79000
3ff45000
3fddd000
3ff7f000
3fda9000
40025000
3fcf3000
4006e000
3fc92000
400a8000
3fc3e000
4010d800
3fbab000
40156800
3fb58000
40190800
3fb14000
401f6000
3fa9d000
40230800
3fa5f000
40279000
3fa19000
402de800
3f9b7000
402fc000
3f99f000
40361800
3f94b000
403c7000
3f8f7000
403e4800
3f8e0000
4044a000
3f89a000
404af800
3f854000
404be800
3f84a000
40532800
3f802000
40598000
3f786000
405a7000
3f76c000
4061b000
3f6ec000
3fe97000
3fe79000
3ff45000
3fddd000
3ff7f000
3fda9000
40025000
3fcf3000
4006e000
3fc92000
400a8000
3fc3e000
4010d800
3fbab000
40156800
3fb58000
40190800
3fb14000
401f6000
3fa9d000
40230800
3fa5f000
40279000
3fa19000
402de800
3f9b7000
402fc000
3f99f000
40361800
3f94b000
403c7000
3f8f7000
403e4800
3f8e0000
4044a000
3f89a000
404af800
3f854000
404be800
3f84a000
40532800
3f802000
40598000
3f786000
405a7000
3f76c000
4061b000
3f6ec000
3fe97000
3fe79000
3ff45000
3fddd000
3ff7f000
3fda9000
40025000
3fcf3000
4006e000
3fc92000
400a8000
3fc3e000
4010d800
3fbab000
40156800
3fb58000
40190800
3fb14000
401f6000
3fa9d000
40230800
3fa5f000
40279000
3fa19000
402de800
3f9b7000
402fc000
3f99f000
40361800
3f94b000
403c7000
3f8f7000
403e4800
3f8e0000
4044a000
3f89a000
404af800
3f854000
404be800
3f84a000
40532800
3f802000
40598000
3f786000
405a7000
3f76c000
4061b000
3f6ec000
3fe97000
3fe79000
3ff45000
3fddd000
3ff7f000
3fda9000
40025000
3fcf3000
4006e000
3fc92000
400a8000
3fc3e000
4010d800
3fbab000
40156800
3fb58000
40190800
3fb14000
401f6000
3fa9d000
40230800
3fa5f000
40279000
3fa19000
402de800
3f9b7000
402fc000
3f99f000
40361800
3f94b000
403c7000
3f8f7000
403e4800
3f8e0000
4044a000
3f89a000
404af800
3f854000
404be800
3f84a000
40532800
3f802000
40598000
3f786000
405a7000
3f76c000
4061b000
3f6ec000
3fe97000
3fe79000
3ff45000
3fddd000
3ff7f000
3fda9000
40025000
3fcf3000
4006e000
3fc92000
400a8000
3fc3e000
4010d800
3fbab000
40156800
3fb58000
40190800
3fb14000
401f6000
3fa9d000
40230800
3fa5f000
40279000
3fa19000
402de800
3f9b7000
402fc000
3f99f000
40361800
3f94b000
403c7000
3f8f7000
403e4800
3f8e0000
4044a000
3f89a000
404af800
3f854000
404be800
3f84a000
40532800
3f802000
40598000
3f786000
405a7000
3f76c000
4061b000
3f6ec000
3fe97000
3fe79000
3ff45000
3fddd000
3ff7f000
3fda9000
40025000
3fcf3000
4006e000
3fc92000
400a8000
3fc3e000
4010d800
3fbab000
40156800
3fb58000
40190800
3fb14000
401f6000
3fa9d000
40230800
3fa5f000
40279000
3fa19000
402de800
3f9b7000
402fc000
3f99f000
40361800
3f94b000
403c7000
3f8f7000
403e4800
3f8e0000
4044a000
3f89a000
404af800
3f854000
404be800
3f84a000
40532800
3f802000
40598000
3f786000
405a7000
3f76c000
4061b000
3f6ec000
3fe97000
3fe79000
3ff45000
3fddd000
3ff7f000
3fda9000
40025000
3fcf3000
4006e000
3fc92000
400a8000
3fc3e000
4010d800
3fbab000
40156800
3fb58000
40190800
3fb14000
401f6000
3fa9d000
40230800
3fa5f000
40279000
3fa19000
402de800
3f9b7000
402fc000
3f99f000
40361800
3f94b000
403c7000
3f8f7000
403e4800
3f8e0000
4044a000
3f89a000
404af800
3f854000
404be800
3f84a000
40532800
3f802000
40598000
3f786000
405a7000
3f76c000
4061b000
3f6ec000
3fe97000
3fe79000
3ff45000
3fddd000
3ff7f000
3fda9000
40025000
3fcf3000
4006e000
3fc92000
400a8000
3fc3e000
4010d800
3fbab000
40156800
3fb58000
40190800
3fb14000
401f6000
3fa9d000
40230800
3fa5f000
40279000
3fa19000
402de800
3f9b7000
402fc000
3f99f000
40361800
3f94b000
403c7000
3f8f7000
403e4800
3f8e0000
4044a000
3f89a000
404af800
3f854000
404be800
3f84a000
40532800
3f802000
40598000
3f786000
405a7000
3f76c000
4061b000
3f6ec000
3fe97000
3fe79000
3ff45000
3fddd000
3ff7f000
3fda9000
40025000
3fcf3000
4006e000
3fc92000
400a8000
3fc3e000
4010d800
3fbab000
40156800
3fb58000
40190800
3fb14000
401f6000
3fa9d000
40230800
3fa5f000
40279000
3fa19000
402de800
3f9b7000
402fc000
3f99f000
40361800
3f94b000
403c7000
3f8f7000
403e4800
3f8e0000
4044a000
3f89a000
404af800
3f854000
404be800
3f84a000
40532800
3f802000
40598000
3f786000
405a7000
3f76c000
4061b000
3f6ec000
3fe97000
3fe79000
3ff45000
3fddd000
3ff7f000
3fda9000
40025000
3fcf3000
4006e000
3fc92000
400a8000
3fc3e000
4010d800
3fbab000
40156800
3fb58000
40190800
3fb14000
401f6000
3fa9d000
40230800
3fa5f000
40279000
3fa19000
402de800
3f9b7000
402fc000
3f99f000
40361800
3f94b000
403c7000
3f8f7000
403e4800
3f8e0000
4044a000
3f89a000
404af800
3f854000
404be800
3f84a000
40532800
3f802000
40598000
3f786000
405a7000
3f76c000
4061b000
3f6ec000
3fe97000
3fe79000
3ff45000
3fddd000
3ff7f000
3fda9000
40025000
3fcf3000
4006e000
3fc92000
400a8000
3fc3e000
4010d800
3fbab000
40156800
3fb58000
40190800
3fb14000
401f6000
3fa9d000
40230800
3fa5f000
40279000
3fa19000
402de800
3f9b7000
402fc000
3f99f000
40361800
3f94b000
403c7000
3f8f7000
403e4800
3f8e0000
4044a000
3f89a000
404af800
3f854000
404be800
3f84a000
40532800
3f802000
40598000
3f786000
405a7000
3f76c000
4061b000
3f6ec000
3fea8000
3fe88000
3ff56000
3fdec000
3ff90000
3fdb8000
4002d800
3fd02000
40077800
3fca0000
400b1800
3fc4c000
40117000
3fbb9000
40161000
3fb64000
4019b000
3fb20000
40200800
3faa9000
4023c000
3fa6a000
40284800
3fa24000
402ea000
3f9c2000
40308800
3f9a9000
4036e000
3f955000
403d3800
3f901000
403f2000
3f8e9000
40457800
3f8a3000
404bd000
3f85d000
404cd000
3f853000
40541000
3f80b000
405a6800
3f798000
405b6800
3f77c000
4062a800
3f6fc000
3fea8000
3fe88000
3ff56000
3fdec000
3ff90000
3fdb8000
4002d800
3fd02000
40077800
3fca0000
400b1800
3fc4c000
40117000
3fbb9000
40161000
3fb64000
4019b000
3fb20000
40200800
3faa9000
4023c000
3fa6a000
40284800
3fa24000
402ea000
3f9c2000
40308800
3f9a9000
4036e000
3f955000
403d3800
3f901000
403f2000
3f8e9000
40457800
3f8a3000
404bd000
3f85d000
404cd000
3f853000
40541000
3f80b000
405a6800
3f798000
405b6800
3f77c000
4062a800
3f6fc000
3feca000
3fea6000
3ff78000
3fe0a000
3ffb2000
3fdd6000
4003e800
3fd20000
4008a800
3fcbc000
400c4800
3fc68000
4012a000
3fbd5000
40176000
3fb7c000
401b0000
3fb38000
40215800
3fac1000
40253000
3fa80000
4029b800
3fa3a000
40301000
3f9d8000
40321800
3f9bd000
40387000
3f969000
403ec800
3f915000
4040d000
3f8fb000
40472800
3f8b5000
404d8000
3f86f000
404ea000
3f865000
4055e000
3f81d000
405c3800
3f7bc000
405d5800
3f79c000
40649800
3f71c000
3fedb000
3feb5000
3ff89000
3fe19000
3ffc3000
3fde5000
40047000
3fd2f000
40094000
3fcca000
400ce000
3fc76000
40133800
3fbe3000
40180800
3fb88000
401ba800
3fb44000
40220000
3facd000
4025e800
3fa8b000
402a7000
3fa45000
4030c800
3f9e3000
4032e000
3f9c7000
40393800
3f973000
403f9000
3f91f000
4041a800
3f904000
40480000
3f8be000
404e5800
3f878000
404f8800
3f86e000
4056c800
3f826000
405d2000
3f7ce000
405e5000
3f7ac000
40659000
3f72c000
3fedb000
3feb5000
3ff89000
3fe19000
3ffc3000
3fde5000
40047000
3fd2f000
40094000
3fcca000
400ce000
3fc76000
40133800
3fbe3000
40180800
3fb88000
401ba800
3fb44000
40220000
3facd000
4025e800
3fa8b000
402a7000
3fa45000
4030c800
3f9e3000
4032e000
3f9c7000
40393800
3f973000
403f9000
3f91f000
4041a800
3f904000
40480000
3f8be000
404e5800
3f878000
404f8800
3f86e000
4056c800
3f826000
405d2000
3f7ce000
405e5000
3f7ac000
40659000
3f72c000
3fefd000
3fed3000
3ffab000
3fe37000
3ffe5000
3fe03000
40058000
3fd4d000
400a7000
3fce6000
400e1000
3fc92000
40146800
3fbff000
40195800
3fba0000
401cf800
3fb5c000
40235000
3fae5000
40275800
3faa1000
402be000
3fa5b000
40323800
3f9f9000
40347000
3f9db000
403ac800
3f987000
40412000
3f933000
40435800
3f916000
4049b000
3f8d0000
40500800
3f88a000
40515800
3f880000
40589800
3f838000
405ef000
3f7f2000
40604000
3f7cc000
40678000
3f74c000
3ff0e000
3fee2000
3ffbc000
3fe46000
3fff6000
3fe12000
40060800
3fd5c000
400b0800
3fcf4000
400ea800
3fca0000
40150000
3fc0d000
401a0000
3fbac000
401da000
3fb68000
4023f800
3faf1000
40281000
3faac000
402c9800
3fa66000
4032f000
3fa04000
40353800
3f9e5000
403b9000
3f991000
4041e800
3f93d000
40443000
3f91f000
404a8800
3f8d9000
4050e000
3f893000
40524000
3f889000
40598000
3f841000
405fd800
3f802000
40613800
3f7dc000
40687800
3f75c000
3ff0e000
3fee2000
3ffbc000
3fe46000
3fff6000
3fe12000
40060800
3fd5c000
400b0800
3fcf4000
400ea800
3fca0000
40150000
3fc0d000
401a0000
3fbac000
401da000
3fb68000
4023f800
3faf1000
40281000
3faac000
402c9800
3fa66000
4032f000
3fa04000
40353800
3f9e5000
403b9000
3f991000
4041e800
3f93d000
40443000
3f91f000
404a8800
3f8d9000
4050e000
3f893000
40524000
3f889000
40598000
3f841000
405fd800
3f802000
40613800
3f7dc000
40687800
3f75c000
3ff0e000
3fee2000
3ffbc000
3fe46000
3fff6000
3fe12000
40060800
3fd5c000
400b0800
3fcf4000
400ea800
3fca0000
40150000
3fc0d000
401a0000
3fbac000
401da000
3fb68000
4023f800
3faf1000
40281000
3faac000
402c9800
3fa66000
4032f000
3fa04000
40353800
3f9e5000
403b9000
3f991000
4041e800
3f93d000
40443000
3f91f000
404a8800
3f8d9000
4050e000
3f893000
40524000
3f889000
40598000
3f841000
405fd800
3f802000
40613800
3f7dc000
40687800
3f75c000
3ff0e000
3fee2000
3ffbc000
3fe46000
3fff6000
3fe12000
40060800
3fd5c000
400b0800
3fcf4000
400ea800
3fca0000
40150000
3fc0d000
401a0000
3fbac000
401da000
3fb68000
4023f800
3faf1000
40281000
3faac000
402c9800
3fa66000
4032f000
3fa04000
40353800
3f9e5000
403b9000
3f991000
4041e800
3f93d000
40443000
3f91f000
404a8800
3f8d9000
4050e000
3f893000
40524000
3f889000
40598000
3f841000
405fd800
3f802000
40613800
3f7dc000
40687800
3f75c000
3ff0e000
3fee2000
3ffbc000
3fe46000
3fff6000
3fe12000
40060800
3fd5c000
400b0800
3fcf4000
400ea800
3fca0000
40150000
3fc0d000
401a0000
3fbac000
401da000
3fb68000
4023f800
3faf1000
40281000
3faac000
402c9800
3fa66000
4032f000
3fa04000
40353800
3f9e5000
403b9000
3f991000
4041e800
3f93d000
40443000
3f91f000
404a8800
3f8d9000
4050e000
3f893000
40524000
3f889000
40598000
3f841000
405fd800
3f802000
40613800
3f7dc000
40687800
3f75c000
3ff0e000
3fee2000
3ffbc000
3fe46000
3fff6000
3fe12000
40060800
3fd5c000
400b0800
3fcf4000
400ea800
3fca0000
40150000
3fc0d000
401a0000
3fbac000
401da000
3fb68000
4023f800
3faf1000
40281000
3faac000
402c9800
3fa66000
4032f000
3fa04000
40353800
3f9e5000
403b9000
3f991000
4041e800
3f93d000
40443000
3f91f000
404a8800
3f8d9000
4050e000
3f893000
40524000
3f889000
40598000
3f841000
405fd800
3f802000
40613800
3f7dc000
40687800
3f75c000
3ff0e000
3fee2000
3ffbc000
3fe46000
3fff6000
3fe12000
40060800
3fd5c000
400b0800
3fcf4000
400ea800
3fca0000
40150000
3fc0d000
401a0000
3fbac000
401da000
3fb68000
4023f800
3faf1000
40281000
3faac000
402c9800
3fa66000
4032f000
3fa04000
40353800
3f9e5000
403b9000
3f991000
4041e800
3f93d000
40443000
3f91f000
404a8800
3f8d9000
4050e000
3f893000
40524000
3f889000
40598000
3f841000
405fd800
3f802000
40613800
3f7dc000
40687800
3f75c000
3ff0e000
3fee2000
3ffbc000
3fe46000
3fff6000
3fe12000
40060800
3fd5c000
400b0800
3fcf4000
400ea800
3fca0000
40150000
3fc0d000
401a0000
3fbac000
401da000
3fb68000
4023f800
3faf1000
40281000
3faac000
402c9800
3fa66000
4032f000
3fa04000
40353800
3f9e5000
403b9000
3f991000
4041e800
3f93d000
40443000
3f91f000
404a8800
3f8d9000
4050e000
3f893000
40524000
3f889000
40598000
3f841000
405fd800
3f802000
40613800
3f7dc000
40687800
3f75c000
3ff10000
3fefa000
3ffca000
3fe58000
40004000
3fe22000
40070800
3fd65000
400b6800
3fcfe000
400f4800
3fca6000
40161000
3fc0c000
401a7000
3fbbf000
401e5000
3fb77000
40251800
3faf9000
40288000
3fabe000
402d5800
3fa73000
40342000
3fa0a000
40359800
3f9fa000
403c6000
3f99f000
40432800
3f944000
4044a000
3f937000
404b6800
3f8ea000
40523000
3f89d000
4052b000
3f88f000
405a7000
3f847000
40613800
3f808000
4061b800
3f7f4000
40697800
3f774000
3ff10000
3fefa000
3ffca000
3fe58000
40004000
3fe22000
40070800
3fd65000
400b6800
3fcfe000
400f4800
3fca6000
40161000
3fc0c000
401a7000
3fbbf000
401e5000
3fb77000
40251800
3faf9000
40288000
3fabe000
402d5800
3fa73000
40342000
3fa0a000
40359800
3f9fa000
403c6000
3f99f000
40432800
3f944000
4044a000
3f937000
404b6800
3f8ea000
40523000
3f89d000
4052b000
3f88f000
405a7000
3f847000
40613800
3f808000
4061b800
3f7f4000
40697800
3f774000
3ff10000
3fefa000
3ffca000
3fe58000
40004000
3fe22000
40070800
3fd65000
400b6800
3fcfe000
400f4800
3fca6000
40161000
3fc0c000
401a7000
3fbbf000
401e5000
3fb77000
40251800
3faf9000
40288000
3fabe000
402d5800
3fa73000
40342000
3fa0a000
40359800
3f9fa000
403c6000
3f99f000
40432800
3f944000
4044a000
3f937000
404b6800
3f8ea000
40523000
3f89d000
4052b000
3f88f000
405a7000
3f847000
40613800
3f808000
4061b800
3f7f4000
40697800
3f774000
3ff10000
3fefa000
3ffca000
3fe58000
40004000
3fe22000
40070800
3fd65000
400b6800
3fcfe000
400f4800
3fca6000
40161000
3fc0c000
401a7000
3fbbf000
401e5000
3fb77000
40251800
3faf9000
40288000
3fabe000
402d5800
3fa73000
40342000
3fa0a000
40359800
3f9fa000
403c6000
3f99f000
40432800
3f944000
4044a000
3f937000
404b6800
3f8ea000
40523000
3f89d000
4052b000
3f88f000
405a7000
3f847000
40613800
3f808000
4061b800
3f7f4000
40697800
3f774000
3ff10000
3fefa000
3ffca000
3fe58000
40004000
3fe22000
40070800
3fd65000
400b6800
3fcfe000
400f4800
3fca6000
40161000
3fc0c000
401a7000
3fbbf000
401e5000
3fb77000
40251800
3faf9000
40288000
3fabe000
402d5800
3fa73000
40342000
3fa0a000
40359800
3f9fa000
403c6000
3f99f000
40432800
3f944000
4044a000
3f937000
404b6800
3f8ea000
40523000
3f89d000
4052b000
3f88f000
405a7000
3f847000
40613800
3f808000
4061b800
3f7f4000
40697800
3f774000
3ff10000
3fefa000
3ffca000
3fe58000
40004000
3fe22000
40070800
3fd65000
400b6800
3fcfe000
400f4800
3fca6000
40161000
3fc0c000
401a7000
3fbbf000
401e5000
3fb77000
40251800
3faf9000
40288000
3fabe000
402d5800
3fa73000
40342000
3fa0a000
40359800
3f9fa000
403c6000
3f99f000
40432800
3f944000
4044a000
3f937000
404b6800
3f8ea000
40523000
3f89d000
4052b000
3f88f000
405a7000
3f847000
40613800
3f808000
4061b800
3f7f4000
40697800
3f774000
3ff10000
3fefa000
3ffca000
3fe58000
40004000
3fe22000
40070800
3fd65000
400b6800
3fcfe000
400f4800
3fca6000
40161000
3fc0c000
401a7000
3fbbf000
401e5000
3fb77000
40251800
3faf9000
40288000
3fabe000
402d5800
3fa73000
40342000
3fa0a000
40359800
3f9fa000
403c6000
3f99f000
40432800
3f944000
4044a000
3f937000
404b6800
3f8ea000
40523000
3f89d000
4052b000
3f88f000
405a7000
3f847000
40613800
3f808000
4061b800
3f7f4000
40697800
3f774000
3ff10000
3fefa000
3ffca000
3fe58000
40004000
3fe22000
40070800
3fd65000
400b6800
3fcfe000
400f4800
3fca6000
40161000
3fc0c000
401a7000
3fbbf000
401e5000
3fb77000
40251800
3faf9000
40288000
3fabe000
402d5800
3fa73000
40342000
3fa0a000
40359800
3f9fa000
403c6000
3f99f000
40432800
3f944000
4044a000
3f937000
404b6800
3f8ea000
40523000
3f89d000
4052b000
3f88f000
405a7000
3f847000
40613800
3f808000
4061b800
3f7f4000
40697800
3f774000
3ff10000
3fefa000
3ffca000
3fe58000
40004000
3fe22000
40070800
3fd65000
400b6800
3fcfe000
400f4800
3fca6000
40161000
3fc0c000
401a7000
3fbbf000
401e5000
3fb77000
40251800
3faf9000
40288000
3fabe000
402d5800
3fa73000
40342000
3fa0a000
40359800
3f9fa000
403c6000
3f99f000
40432800
3f944000
4044a000
3f937000
404b6800
3f8ea000
40523000
3f89d000
4052b000
3f88f000
405a7000
3f847000
40613800
3f808000
4061b800
3f7f4000
40697800
3f774000
3ff10000
3fefa000
3ffca000
3fe58000
40004000
3fe22000
40070800
3fd65000
400b6800
3fcfe000
400f4800
3fca6000
40161000
3fc0c000
401a7000
3fbbf000
401e5000
3fb77000
40251800
3faf9000
40288000
3fabe000
402d5800
3fa73000
40342000
3fa0a000
40359800
3f9fa000
403c6000
3f99f000
40432800
3f944000
4044a000
3f937000
404b6800
3f8ea000
40523000
3f89d000
4052b000
3f88f000
405a7000
3f847000
40613800
3f808000
4061b800
3f7f4000
40697800
3f774000
3ff10000
3fefa000
3ffca000
3fe58000
40004000
3fe22000
40070800
3fd65000
400b6800
3fcfe000
400f4800
3fca6000
40161000
3fc0c000
401a7000
3fbbf000
401e5000
3fb77000
40251800
3faf9000
40288000
3fabe000
402d5800
3fa73000
40342000
3fa0a000
40359800
3f9fa000
403c6000
3f99f000
40432800
3f944000
4044a000
3f937000
404b6800
3f8ea000
40523000
3f89d000
4052b000
3f88f000
405a7000
3f847000
40613800
3f808000
4061b800
3f7f4000
40697800
3f774000
3ff10000
3fefa000
3ffca000
3fe58000
40004000
3fe22000
40070800
3fd65000
400b6800
3fcfe000
400f4800
3fca6000
40161000
3fc0c000
401a7000
3fbbf000
401e5000
3fb77000
40251800
3faf9000
40288000
3fabe000
402d5800
3fa73000
40342000
3fa0a000
40359800
3f9fa000
403c6000
3f99f000
40432800
3f944000
4044a000
3f937000
404b6800
3f8ea000
40523000
3f89d000
4052b000
3f88f000
405a7000
3f847000
40613800
3f808000
4061b800
3f7f4000
40697800
3f774000
3ff21000
3ff09000
3ffdb000
3fe67000
4000c800
3fe31000
40079000
3fd74000
400c0000
3fd0c000
400fe000
3fcb4000
4016a800
3fc1a000
401b1800
3fbcb000
401ef800
3fb83000
4025c000
3fb05000
40293800
3fac9000
402e1000
3fa7e000
4034d800
3fa15000
40366000
3fa04000
403d2800
3f9a9000
4043f000
3f94e000
40457800
3f940000
404c4000
3f8f3000
40530800
3f8a6000
40539800
3f898000
405b5800
3f850000
40622000
3f811000
4062b000
3f802000
406a7000
3f784000
3ff21000
3ff09000
3ffdb000
3fe67000
4000c800
3fe31000
40079000
3fd74000
400c0000
3fd0c000
400fe000
3fcb4000
4016a800
3fc1a000
401b1800
3fbcb000
401ef800
3fb83000
4025c000
3fb05000
40293800
3fac9000
402e1000
3fa7e000
4034d800
3fa15000
40366000
3fa04000
403d2800
3f9a9000
4043f000
3f94e000
40457800
3f940000
404c4000
3f8f3000
40530800
3f8a6000
40539800
3f898000
405b5800
3f850000
40622000
3f811000
4062b000
3f802000
406a7000
3f784000
3ff43000
3ff27000
3fffd000
3fe85000
4001d800
3fe4f000
4008a000
3fd92000
400d3000
3fd28000
40111000
3fcd0000
4017d800
3fc36000
401c6800
3fbe3000
40204800
3fb9b000
40271000
3fb1d000
402aa800
3fadf000
402f8000
3fa94000
40364800
3fa2b000
4037f000
3fa18000
403eb800
3f9bd000
40458000
3f962000
40472800
3f952000
404df000
3f905000
4054b800
3f8b8000
40556800
3f8aa000
405d2800
3f862000
4063f000
3f823000
4064a000
3f812000
406c6000
3f7a4000
3ff54000
3ff36000
40007000
3fe94000
40026000
3fe5e000
40092800
3fda1000
400dc800
3fd36000
4011a800
3fcde000
40187000
3fc44000
401d1000
3fbef000
4020f000
3fba7000
4027b800
3fb29000
402b6000
3faea000
40303800
3fa9f000
40370000
3fa36000
4038b800
3fa22000
403f8000
3f9c7000
40464800
3f96c000
40480000
3f95b000
404ec800
3f90e000
40559000
3f8c1000
40565000
3f8b3000
405e1000
3f86b000
4064d800
3f82c000
40659800
3f81a000
406d5800
3f7b4000
3ff54000
3ff36000
40007000
3fe94000
40026000
3fe5e000
40092800
3fda1000
400dc800
3fd36000
4011a800
3fcde000
40187000
3fc44000
401d1000
3fbef000
4020f000
3fba7000
4027b800
3fb29000
402b6000
3faea000
40303800
3fa9f000
40370000
3fa36000
4038b800
3fa22000
403f8000
3f9c7000
40464800
3f96c000
40480000
3f95b000
404ec800
3f90e000
40559000
3f8c1000
40565000
3f8b3000
405e1000
3f86b000
4064d800
3f82c000
40659800
3f81a000
406d5800
3f7b4000
3ff76000
3ff54000
40018000
3feb2000
40037000
3fe7c000
400a3800
3fdbf000
400ef800
3fd52000
4012d800
3fcfa000
4019a000
3fc60000
401e6000
3fc07000
40224000
3fbbf000
40290800
3fb41000
402cd000
3fb00000
4031a800
3fab5000
40387000
3fa4c000
403a4800
3fa36000
40411000
3f9db000
4047d800
3f980000
4049b000
3f96d000
40507800
3f920000
40574000
3f8d3000
40582000
3f8c5000
405fe000
3f87d000
4066a800
3f83e000
40678800
3f82a000
406f4800
3f7d4000
3ff87000
3ff63000
40020800
3fec1000
4003f800
3fe8b000
400ac000
3fdce000
400f9000
3fd60000
40137000
3fd08000
401a3800
3fc6e000
401f0800
3fc13000
4022e800
3fbcb000
4029b000
3fb4d000
402d8800
3fb0b000
40326000
3fac0000
40392800
3fa57000
403b1000
3fa40000
4041d800
3f9e5000
4048a000
3f98a000
404a8800
3f976000
40515000
3f929000
40581800
3f8dc000
40590800
3f8ce000
4060c800
3f886000
40679000
3f847000
40688000
3f832000
40704000
3f7e4000
3ff87000
3ff63000
40020800
3fec1000
4003f800
3fe8b000
400ac000
3fdce000
400f9000
3fd60000
40137000
3fd08000
401a3800
3fc6e000
401f0800
3fc13000
4022e800
3fbcb000
4029b000
3fb4d000
402d8800
3fb0b000
40326000
3fac0000
40392800
3fa57000
403b1000
3fa40000
4041d800
3f9e5000
4048a000
3f98a000
404a8800
3f976000
40515000
3f929000
40581800
3f8dc000
40590800
3f8ce000
4060c800
3f886000
40679000
3f847000
40688000
3f832000
40704000
3f7e4000
3ff87000
3ff63000
40020800
3fec1000
4003f800
3fe8b000
400ac000
3fdce000
400f9000
3fd60000
40137000
3fd08000
401a3800
3fc6e000
401f0800
3fc13000
4022e800
3fbcb000
4029b000
3fb4d000
402d8800
3fb0b000
40326000
3fac0000
40392800
3fa57000
403b1000
3fa40000
4041d800
3f9e5000
4048a000
3f98a000
404a8800
3f976000
40515000
3f929000
40581800
3f8dc000
40590800
3f8ce000
4060c800
3f886000
40679000
3f847000
40688000
3f832000
40704000
3f7e4000
3ff87000
3ff63000
40020800
3fec1000
4003f800
3fe8b000
400ac000
3fdce000
400f9000
3fd60000
40137000
3fd08000
401a3800
3fc6e000
401f0800
3fc13000
4022e800
3fbcb000
4029b000
3fb4d000
402d8800
3fb0b000
40326000
3fac0000
40392800
3fa57000
403b1000
3fa40000
4041d800
3f9e5000
4048a000
3f98a000
404a8800
3f976000
40515000
3f929000
40581800
3f8dc000
40590800
3f8ce000
4060c800
3f886000
40679000
3f847000
40688000
3f832000
40704000
3f7e4000
3ff87000
3ff63000
40020800
3fec1000
4003f800
3fe8b000
400ac000
3fdce000
400f9000
3fd60000
40137000
3fd08000
401a3800
3fc6e000
401f0800
3fc13000
4022e800
3fbcb000
4029b000
3fb4d000
402d8800
3fb0b000
40326000
3fac0000
40392800
3fa57000
403b1000
3fa40000
4041d800
3f9e5000
4048a000
3f98a000
404a8800
3f976000
40515000
3f929000
40581800
3f8dc000
40590800
3f8ce000
4060c800
3f886000
40679000
3f847000
40688000
3f832000
40704000
3f7e4000
3ff87000
3ff63000
40020800
3fec1000
4003f800
3fe8b000
400ac000
3fdce000
400f9000
3fd60000
40137000
3fd08000
401a3800
3fc6e000
401f0800
3fc13000
4022e800
3fbcb000
4029b000
3fb4d000
402d8800
3fb0b000
40326000
3fac0000
40392800
3fa57000
403b1000
3fa40000
4041d800
3f9e5000
4048a000
3f98a000
404a8800
3f976000
40515000
3f929000
40581800
3f8dc000
40590800
3f8ce000
4060c800
3f886000
40679000
3f847000
40688000
3f832000
40704000
3f7e4000
3ff87000
3ff63000
40020800
3fec1000
4003f800
3fe8b000
400ac000
3fdce000
400f9000
3fd60000
40137000
3fd08000
401a3800
3fc6e000
401f0800
3fc13000
4022e800
3fbcb000
4029b000
3fb4d000
402d8800
3fb0b000
40326000
3fac0000
40392800
3fa57000
403b1000
3fa40000
4041d800
3f9e5000
4048a000
3f98a000
404a8800
3f976000
40515000
3f929000
40581800
3f8dc000
40590800
3f8ce000
4060c800
3f886000
40679000
3f847000
40688000
3f832000
40704000
3f7e4000
3ff87000
3ff63000
40020800
3fec1000
4003f800
3fe8b000
400ac000
3fdce000
400f9000
3fd60000
40137000
3fd08000
401a3800
3fc6e000
401f0800
3fc13000
4022e800
3fbcb000
4029b000
3fb4d000
402d8800
3fb0b000
40326000
3fac0000
40392800
3fa57000
403b1000
3fa40000
4041d800
3f9e5000
4048a000
3f98a000
404a8800
3f976000
40515000
3f929000
40581800
3f8dc000
40590800
3f8ce000
4060c800
3f886000
40679000
3f847000
40688000
3f832000
40704000
3f7e4000
3ff98000
3ff72000
40029000
3fed0000
40048000
3fe9a000
400b4800
3fddd000
40102800
3fd6e000
40140800
3fd16000
401ad000
3fc7c000
401fb000
3fc1f000
40239000
3fbd7000
402a5800
3fb59000
402e4000
3fb16000
40331800
3facb000
4039e000
3fa62000
403bd800
3fa4a000
4042a000
3f9ef000
40496800
3f994000
404b6000
3f97f000
40522800
3f932000
4058f000
3f8e5000
4059f000
3f8d7000
4061b000
3f88f000
40687800
3f850000
40697800
3f83a000
40713800
3f7f4000
3ff98000
3ff72000
40029000
3fed0000
40048000
3fe9a000
400b4800
3fddd000
40102800
3fd6e000
40140800
3fd16000
401ad000
3fc7c000
401fb000
3fc1f000
40239000
3fbd7000
402a5800
3fb59000
402e4000
3fb16000
40331800
3facb000
4039e000
3fa62000
403bd800
3fa4a000
4042a000
3f9ef000
40496800
3f994000
404b6000
3f97f000
40522800
3f932000
4058f000
3f8e5000
4059f000
3f8d7000
4061b000
3f88f000
40687800
3f850000
40697800
3f83a000
40713800
3f7f4000
3ff98000
3ff72000
40029000
3fed0000
40048000
3fe9a000
400b4800
3fddd000
40102800
3fd6e000
40140800
3fd16000
401ad000
3fc7c000
401fb000
3fc1f000
40239000
3fbd7000
402a5800
3fb59000
402e4000
3fb16000
40331800
3facb000
4039e000
3fa62000
403bd800
3fa4a000
4042a000
3f9ef000
40496800
3f994000
404b6000
3f97f000
40522800
3f932000
4058f000
3f8e5000
4059f000
3f8d7000
4061b000
3f88f000
40687800
3f850000
40697800
3f83a000
40713800
3f7f4000
3ff98000
3ff72000
40029000
3fed0000
40048000
3fe9a000
400b4800
3fddd000
40102800
3fd6e000
40140800
3fd16000
401ad000
3fc7c000
401fb000
3fc1f000
40239000
3fbd7000
402a5800
3fb59000
402e4000
3fb16000
40331800
3facb000
4039e000
3fa62000
403bd800
3fa4a000
4042a000
3f9ef000
40496800
3f994000
404b6000
3f97f000
40522800
3f932000
4058f000
3f8e5000
4059f000
3f8d7000
4061b000
3f88f000
40687800
3f850000
40697800
3f83a000
40713800
3f7f4000
3ff98000
3ff72000
40029000
3fed0000
40048000
3fe9a000
400b4800
3fddd000
40102800
3fd6e000
40140800
3fd16000
401ad000
3fc7c000
401fb000
3fc1f000
40239000
3fbd7000
402a5800
3fb59000
402e4000
3fb16000
40331800
3facb000
4039e000
3fa62000
403bd800
3fa4a000
4042a000
3f9ef000
40496800
3f994000
404b6000
3f97f000
40522800
3f932000
4058f000
3f8e5000
4059f000
3f8d7000
4061b000
3f88f000
40687800
3f850000
40697800
3f83a000
40713800
3f7f4000
3ff98000
3ff72000
40029000
3fed0000
40048000
3fe9a000
400b4800
3fddd000
40102800
3fd6e000
40140800
3fd16000
401ad000
3fc7c000
401fb000
3fc1f000
40239000
3fbd7000
402a5800
3fb59000
402e4000
3fb16000
40331800
3facb000
4039e000
3fa62000
403bd800
3fa4a000
4042a000
3f9ef000
40496800
3f994000
404b6000
3f97f000
40522800
3f932000
4058f000
3f8e5000
4059f000
3f8d7000
4061b000
3f88f000
40687800
3f850000
40697800
3f83a000
40713800
3f7f4000
3ff98000
3ff72000
40029000
3fed0000
40048000
3fe9a000
400b4800
3fddd000
40102800
3fd6e000
40140800
3fd16000
401ad000
3fc7c000
401fb000
3fc1f000
40239000
3fbd7000
402a5800
3fb59000
402e4000
3fb16000
40331800
3facb000
4039e000
3fa62000
403bd800
3fa4a000
4042a000
3f9ef000
40496800
3f994000
404b6000
3f97f000
40522800
3f932000
4058f000
3f8e5000
4059f000
3f8d7000
4061b000
3f88f000
40687800
3f850000
40697800
3f83a000
40713800
3f7f4000
3ff98000
3ff72000
40029000
3fed0000
40048000
3fe9a000
400b4800
3fddd000
40102800
3fd6e000
40140800
3fd16000
401ad000
3fc7c000
401fb000
3fc1f000
40239000
3fbd7000
402a5800
3fb59000
402e4000
3fb16000
40331800
3facb000
4039e000
3fa62000
403bd800
3fa4a000
4042a000
3f9ef000
40496800
3f994000
404b6000
3f97f000
40522800
3f932000
4058f000
3f8e5000
4059f000
3f8d7000
4061b000
3f88f000
40687800
3f850000
40697800
3f83a000
40713800
3f7f4000
3ff98000
3ff72000
40029000
3fed0000
40048000
3fe9a000
400b4800
3fddd000
40102800
3fd6e000
40140800
3fd16000
401ad000
3fc7c000
401fb000
3fc1f000
40239000
3fbd7000
402a5800
3fb59000
402e4000
3fb16000
40331800
3facb000
4039e000
3fa62000
403bd800
3fa4a000
4042a000
3f9ef000
40496800
3f994000
404b6000
3f97f000
40522800
3f932000
4058f000
3f8e5000
4059f000
3f8d7000
4061b000
3f88f000
40687800
3f850000
40697800
3f83a000
40713800
3f7f4000
3ff98000
3ff72000
40029000
3fed0000
40048000
3fe9a000
400b4800
3fddd000
40102800
3fd6e000
40140800
3fd16000
401ad000
3fc7c000
401fb000
3fc1f000
40239000
3fbd7000
402a5800
3fb59000
402e4000
3fb16000
40331800
3facb000
4039e000
3fa62000
403bd800
3fa4a000
4042a000
3f9ef000
40496800
3f994000
404b6000
3f97f000
40522800
3f932000
4058f000
3f8e5000
4059f000
3f8d7000
4061b000
3f88f000
40687800
3f850000
40697800
3f83a000
40713800
3f7f4000
3ff98000
3ff72000
40029000
3fed0000
40048000
3fe9a000
400b4800
3fddd000
40102800
3fd6e000
40140800
3fd16000
401ad000
3fc7c000
401fb000
3fc1f000
40239000
3fbd7000
402a5800
3fb59000
402e4000
3fb16000
40331800
3facb000
4039e000
3fa62000
403bd800
3fa4a000
4042a000
3f9ef000
40496800
3f994000
404b6000
3f97f000
40522800
3f932000
4058f000
3f8e5000
4059f000
3f8d7000
4061b000
3f88f000
40687800
3f850000
40697800
3f83a000
40713800
3f7f4000
3ff98000
3ff72000
40029000
3fed0000
40048000
3fe9a000
400b4800
3fddd000
40102800
3fd6e000
40140800
3fd16000
401ad000
3fc7c000
401fb000
3fc1f000
40239000
3fbd7000
402a5800
3fb59000
402e4000
3fb16000
40331800
3facb000
4039e000
3fa62000
403bd800
3fa4a000
4042a000
3f9ef000
40496800
3f994000
404b6000
3f97f000
40522800
3f932000
4058f000
3f8e5000
4059f000
3f8d7000
4061b000
3f88f000
40687800
3f850000
40697800
3f83a000
40713800
3f7f4000
3ffa9000
3ff81000
40031800
3fedf000
40050800
3fea9000
400bd000
3fdec000
4010c000
3fd7c000
4014a000
3fd24000
401b6800
3fc8a000
40205800
3fc2b000
40243800
3fbe3000
402b0000
3fb65000
402ef800
3fb21000
4033d000
3fad6000
403a9800
3fa6d000
403ca000
3fa54000
40436800
3f9f9000
404a3000
3f99e000
404c3800
3f988000
40530000
3f93b000
4059c800
3f8ee000
405ad800
3f8e0000
40629800
3f898000
40696000
3f859000
406a7000
3f842000
40723000
3f802000
3ffa9000
3ff81000
40031800
3fedf000
40050800
3fea9000
400bd000
3fdec000
4010c000
3fd7c000
4014a000
3fd24000
401b6800
3fc8a000
40205800
3fc2b000
40243800
3fbe3000
402b0000
3fb65000
402ef800
3fb21000
4033d000
3fad6000
403a9800
3fa6d000
403ca000
3fa54000
40436800
3f9f9000
404a3000
3f99e000
404c3800
3f988000
40530000
3f93b000
4059c800
3f8ee000
405ad800
3f8e0000
40629800
3f898000
40696000
3f859000
406a7000
3f842000
40723000
3f802000
3ffcb000
3ff9f000
40042800
3fefd000
40061800
3fec7000
400ce000
3fe0a000
4011f000
3fd98000
4015d000
3fd40000
401c9800
3fca6000
4021a800
3fc43000
40258800
3fbfb000
402c5000
3fb7d000
40306800
3fb37000
40354000
3faec000
403c0800
3fa83000
403e3000
3fa68000
4044f800
3fa0d000
404bc000
3f9b2000
404de800
3f99a000
4054b000
3f94d000
405b7800
3f900000
405ca800
3f8f2000
40646800
3f8aa000
406b3000
3f86b000
406c6000
3f852000
40742000
3f812000
3ffdc000
3ffae000
4004b000
3ff0c000
4006a000
3fed6000
400d6800
3fe19000
40128800
3fda6000
40166800
3fd4e000
401d3000
3fcb4000
40225000
3fc4f000
40263000
3fc07000
402cf800
3fb89000
40312000
3fb42000
4035f800
3faf7000
403cc000
3fa8e000
403ef800
3fa72000
4045c000
3fa17000
404c8800
3f9bc000
404ec000
3f9a3000
40558800
3f956000
405c5000
3f909000
405d9000
3f8fb000
40655000
3f8b3000
406c1800
3f874000
406d5800
3f85a000
40751800
3f81a000
3ffdc000
3ffae000
4004b000
3ff0c000
4006a000
3fed6000
400d6800
3fe19000
40128800
3fda6000
40166800
3fd4e000
401d3000
3fcb4000
40225000
3fc4f000
40263000
3fc07000
402cf800
3fb89000
40312000
3fb42000
4035f800
3faf7000
403cc000
3fa8e000
403ef800
3fa72000
4045c000
3fa17000
404c8800
3f9bc000
404ec000
3f9a3000
40558800
3f956000
405c5000
3f909000
405d9000
3f8fb000
40655000
3f8b3000
406c1800
3f874000
406d5800
3f85a000
40751800
3f81a000
40007800
3ffdb000
40064800
3ff39000
40083800
3ff03000
400f0000
3fe46000
40145000
3fdd0000
40183000
3fd78000
401ef800
3fcde000
40244800
3fc73000
40282800
3fc2b000
402ef000
3fbad000
40334800
3fb63000
40382000
3fb18000
403ee800
3faaf000
40415000
3fa90000
40481800
3fa35000
404ee000
3f9da000
40514800
3f9be000
40581000
3f971000
405ed800
3f924000
40604800
3f916000
40680800
3f8ce000
406ed000
3f88f000
40704000
3f872000
40780000
3f832000
