 
****************************************
Report : timing
        -path full
        -delay max
        -max_paths 20
Design : oadm_fixed_l3_div_opt_best
Version: U-2022.12-SP7
Date   : Thu Aug 20 18:04:04 2026
****************************************

Operating Conditions: NCCOM   Library: tcbn65gplustc_ccs
Wire Load Model Mode: segmented

  Startpoint: y[21] (input port clocked by vclk)
  Endpoint: result[20] (output port clocked by vclk)
  Path Group: vclk
  Path Type: max

  Des/Clust/Port     Wire Load Model       Library
  ------------------------------------------------
  oadm_fixed_l3_div_opt_best ZeroWireload  tcbn65gplustc_ccs

  Point                                      Incr       Path
  -------------------------------------------------------------
  clock vclk (rise edge)                     0.00       0.00
  clock network delay (ideal)                0.00       0.00
  input external delay                       0.02       0.02 r
  y[21] (in)                                 0.01       0.03 r
  U394/Z (BUFFD0)                            0.11       0.13 r
  U397/ZN (INVD0)                            0.16       0.29 f
  U1102/ZN (NR2D0)                           0.11       0.39 r
  U1105/S (FA1D0)                            0.13       0.52 f
  intadd_4_U23/CO (FA1D0)                    0.08       0.60 f
  intadd_4_U22/CO (FA1D0)                    0.06       0.66 f
  intadd_4_U21/CO (FA1D0)                    0.06       0.71 f
  intadd_4_U20/CO (FA1D0)                    0.06       0.77 f
  intadd_4_U19/CO (FA1D0)                    0.06       0.82 f
  intadd_4_U18/CO (FA1D0)                    0.06       0.88 f
  intadd_4_U17/CO (FA1D0)                    0.06       0.93 f
  intadd_4_U16/CO (FA1D0)                    0.06       0.99 f
  intadd_4_U15/CO (FA1D0)                    0.06       1.04 f
  intadd_4_U14/CO (FA1D0)                    0.06       1.10 f
  intadd_4_U13/CO (FA1D0)                    0.06       1.16 f
  intadd_4_U12/CO (FA1D0)                    0.06       1.21 f
  intadd_4_U11/CO (FA1D0)                    0.06       1.27 f
  intadd_4_U10/CO (FA1D0)                    0.06       1.32 f
  intadd_4_U9/CO (FA1D0)                     0.06       1.38 f
  intadd_4_U8/CO (FA1D0)                     0.06       1.43 f
  intadd_4_U7/CO (FA1D0)                     0.06       1.49 f
  intadd_4_U6/CO (FA1D0)                     0.06       1.54 f
  intadd_4_U5/CO (FA1D0)                     0.06       1.60 f
  intadd_4_U4/CO (FA1D0)                     0.06       1.65 f
  intadd_4_U3/CO (FA1D0)                     0.06       1.71 f
  intadd_4_U2/S (FA1D0)                      0.05       1.76 f
  U970/ZN (INVD0)                            0.03       1.79 r
  intadd_2_U3/CO (FA1D0)                     0.08       1.87 r
  intadd_2_U2/CO (FA1D0)                     0.06       1.93 r
  U428/Z (XOR3D0)                            0.11       2.05 f
  U432/ZN (CKND2D0)                          0.04       2.09 r
  U433/Z (OA21D0)                            0.05       2.14 r
  U1330/S (FA1D0)                            0.07       2.21 r
  intadd_1_U2/CO (FA1D0)                     0.10       2.31 r
  U440/Z (XOR4D0)                            0.16       2.46 r
  U441/ZN (INVD0)                            0.04       2.50 f
  U705/ZN (OAI221D0)                         0.06       2.57 r
  DP_OP_80J1_124_9037_U272/S (CMPE42D1)      0.13       2.70 r
  U782/ZN (INVD0)                            0.02       2.71 f
  intadd_0_U7/CO (FA1D0)                     0.10       2.81 f
  intadd_0_U6/CO (FA1D0)                     0.06       2.87 f
  intadd_0_U5/CO (FA1D0)                     0.06       2.92 f
  intadd_0_U4/CO (FA1D0)                     0.06       2.98 f
  intadd_0_U3/CO (FA1D0)                     0.06       3.03 f
  intadd_0_U2/CO (FA1D0)                     0.06       3.09 f
  U617/ZN (OAI211D0)                         0.16       3.25 r
  U634/ZN (INVD0)                            0.09       3.33 f
  U653/ZN (IOA21D0)                          0.06       3.40 f
  U654/ZN (NR2D0)                            0.04       3.44 r
  U655/ZN (INVD0)                            0.04       3.48 f
  U762/Z (OR2D0)                             0.05       3.53 f
  DP_OP_78J1_125_4592_U19/CO (FA1D0)         0.10       3.63 f
  U618/Z (OR2D0)                             0.05       3.68 f
  U619/Z (OR2D0)                             0.05       3.73 f
  U620/Z (OR2D0)                             0.06       3.79 f
  U621/Z (OR2D0)                             0.06       3.85 f
  U622/Z (OR2D0)                             0.06       3.90 f
  U623/Z (OR2D0)                             0.06       3.96 f
  U761/Z (OR2D0)                             0.05       4.01 f
  DP_OP_78J1_125_4592_U4/S (HA1D0)           0.05       4.07 r
  U628/ZN (INVD0)                            0.01       4.08 f
  U631/ZN (AOI21D0)                          0.04       4.12 r
  U683/ZN (OAI21D0)                          0.03       4.15 f
  U684/ZN (NR2D0)                            0.09       4.25 r
  U685/ZN (INVD0)                            0.04       4.29 f
  U686/ZN (NR2D0)                            0.06       4.34 r
  U687/ZN (CKND2D0)                          0.15       4.50 f
  U1377/ZN (OAI222D0)                        0.15       4.65 r
  result[20] (out)                           0.00       4.65 r
  data arrival time                                     4.65

  clock vclk (rise edge)                    10.00      10.00
  clock network delay (ideal)                0.00      10.00
  output external delay                     -0.02       9.98
  data required time                                    9.98
  -------------------------------------------------------------
  data required time                                    9.98
  data arrival time                                    -4.65
  -------------------------------------------------------------
  slack (MET)                                           5.33


  Startpoint: y[21] (input port clocked by vclk)
  Endpoint: result[17] (output port clocked by vclk)
  Path Group: vclk
  Path Type: max

  Des/Clust/Port     Wire Load Model       Library
  ------------------------------------------------
  oadm_fixed_l3_div_opt_best ZeroWireload  tcbn65gplustc_ccs

  Point                                      Incr       Path
  -------------------------------------------------------------
  clock vclk (rise edge)                     0.00       0.00
  clock network delay (ideal)                0.00       0.00
  input external delay                       0.02       0.02 r
  y[21] (in)                                 0.01       0.03 r
  U394/Z (BUFFD0)                            0.11       0.13 r
  U397/ZN (INVD0)                            0.16       0.29 f
  U1102/ZN (NR2D0)                           0.11       0.39 r
  U1105/S (FA1D0)                            0.13       0.52 f
  intadd_4_U23/CO (FA1D0)                    0.08       0.60 f
  intadd_4_U22/CO (FA1D0)                    0.06       0.66 f
  intadd_4_U21/CO (FA1D0)                    0.06       0.71 f
  intadd_4_U20/CO (FA1D0)                    0.06       0.77 f
  intadd_4_U19/CO (FA1D0)                    0.06       0.82 f
  intadd_4_U18/CO (FA1D0)                    0.06       0.88 f
  intadd_4_U17/CO (FA1D0)                    0.06       0.93 f
  intadd_4_U16/CO (FA1D0)                    0.06       0.99 f
  intadd_4_U15/CO (FA1D0)                    0.06       1.04 f
  intadd_4_U14/CO (FA1D0)                    0.06       1.10 f
  intadd_4_U13/CO (FA1D0)                    0.06       1.16 f
  intadd_4_U12/CO (FA1D0)                    0.06       1.21 f
  intadd_4_U11/CO (FA1D0)                    0.06       1.27 f
  intadd_4_U10/CO (FA1D0)                    0.06       1.32 f
  intadd_4_U9/CO (FA1D0)                     0.06       1.38 f
  intadd_4_U8/CO (FA1D0)                     0.06       1.43 f
  intadd_4_U7/CO (FA1D0)                     0.06       1.49 f
  intadd_4_U6/CO (FA1D0)                     0.06       1.54 f
  intadd_4_U5/CO (FA1D0)                     0.06       1.60 f
  intadd_4_U4/CO (FA1D0)                     0.06       1.65 f
  intadd_4_U3/CO (FA1D0)                     0.06       1.71 f
  intadd_4_U2/S (FA1D0)                      0.05       1.76 f
  U970/ZN (INVD0)                            0.03       1.79 r
  intadd_2_U3/CO (FA1D0)                     0.08       1.87 r
  intadd_2_U2/CO (FA1D0)                     0.06       1.93 r
  U428/Z (XOR3D0)                            0.11       2.05 f
  U432/ZN (CKND2D0)                          0.04       2.09 r
  U433/Z (OA21D0)                            0.05       2.14 r
  U1330/S (FA1D0)                            0.07       2.21 r
  intadd_1_U2/CO (FA1D0)                     0.10       2.31 r
  U440/Z (XOR4D0)                            0.16       2.46 r
  U441/ZN (INVD0)                            0.04       2.50 f
  U705/ZN (OAI221D0)                         0.06       2.57 r
  DP_OP_80J1_124_9037_U272/S (CMPE42D1)      0.13       2.70 r
  U782/ZN (INVD0)                            0.02       2.71 f
  intadd_0_U7/CO (FA1D0)                     0.10       2.81 f
  intadd_0_U6/CO (FA1D0)                     0.06       2.87 f
  intadd_0_U5/CO (FA1D0)                     0.06       2.92 f
  intadd_0_U4/CO (FA1D0)                     0.06       2.98 f
  intadd_0_U3/CO (FA1D0)                     0.06       3.03 f
  intadd_0_U2/CO (FA1D0)                     0.06       3.09 f
  U617/ZN (OAI211D0)                         0.16       3.25 r
  U634/ZN (INVD0)                            0.09       3.33 f
  U653/ZN (IOA21D0)                          0.06       3.40 f
  U654/ZN (NR2D0)                            0.04       3.44 r
  U655/ZN (INVD0)                            0.04       3.48 f
  U762/Z (OR2D0)                             0.05       3.53 f
  DP_OP_78J1_125_4592_U19/CO (FA1D0)         0.10       3.63 f
  U618/Z (OR2D0)                             0.05       3.68 f
  U619/Z (OR2D0)                             0.05       3.73 f
  U620/Z (OR2D0)                             0.06       3.79 f
  U621/Z (OR2D0)                             0.06       3.85 f
  U622/Z (OR2D0)                             0.06       3.90 f
  U623/Z (OR2D0)                             0.06       3.96 f
  U761/Z (OR2D0)                             0.05       4.01 f
  DP_OP_78J1_125_4592_U4/S (HA1D0)           0.05       4.07 r
  U628/ZN (INVD0)                            0.01       4.08 f
  U631/ZN (AOI21D0)                          0.04       4.12 r
  U683/ZN (OAI21D0)                          0.03       4.15 f
  U684/ZN (NR2D0)                            0.09       4.25 r
  U685/ZN (INVD0)                            0.04       4.29 f
  U686/ZN (NR2D0)                            0.06       4.34 r
  U687/ZN (CKND2D0)                          0.15       4.50 f
  U1376/ZN (OAI222D0)                        0.15       4.65 r
  result[17] (out)                           0.00       4.65 r
  data arrival time                                     4.65

  clock vclk (rise edge)                    10.00      10.00
  clock network delay (ideal)                0.00      10.00
  output external delay                     -0.02       9.98
  data required time                                    9.98
  -------------------------------------------------------------
  data required time                                    9.98
  data arrival time                                    -4.65
  -------------------------------------------------------------
  slack (MET)                                           5.33


  Startpoint: y[21] (input port clocked by vclk)
  Endpoint: result[14] (output port clocked by vclk)
  Path Group: vclk
  Path Type: max

  Des/Clust/Port     Wire Load Model       Library
  ------------------------------------------------
  oadm_fixed_l3_div_opt_best ZeroWireload  tcbn65gplustc_ccs

  Point                                      Incr       Path
  -------------------------------------------------------------
  clock vclk (rise edge)                     0.00       0.00
  clock network delay (ideal)                0.00       0.00
  input external delay                       0.02       0.02 r
  y[21] (in)                                 0.01       0.03 r
  U394/Z (BUFFD0)                            0.11       0.13 r
  U397/ZN (INVD0)                            0.16       0.29 f
  U1102/ZN (NR2D0)                           0.11       0.39 r
  U1105/S (FA1D0)                            0.13       0.52 f
  intadd_4_U23/CO (FA1D0)                    0.08       0.60 f
  intadd_4_U22/CO (FA1D0)                    0.06       0.66 f
  intadd_4_U21/CO (FA1D0)                    0.06       0.71 f
  intadd_4_U20/CO (FA1D0)                    0.06       0.77 f
  intadd_4_U19/CO (FA1D0)                    0.06       0.82 f
  intadd_4_U18/CO (FA1D0)                    0.06       0.88 f
  intadd_4_U17/CO (FA1D0)                    0.06       0.93 f
  intadd_4_U16/CO (FA1D0)                    0.06       0.99 f
  intadd_4_U15/CO (FA1D0)                    0.06       1.04 f
  intadd_4_U14/CO (FA1D0)                    0.06       1.10 f
  intadd_4_U13/CO (FA1D0)                    0.06       1.16 f
  intadd_4_U12/CO (FA1D0)                    0.06       1.21 f
  intadd_4_U11/CO (FA1D0)                    0.06       1.27 f
  intadd_4_U10/CO (FA1D0)                    0.06       1.32 f
  intadd_4_U9/CO (FA1D0)                     0.06       1.38 f
  intadd_4_U8/CO (FA1D0)                     0.06       1.43 f
  intadd_4_U7/CO (FA1D0)                     0.06       1.49 f
  intadd_4_U6/CO (FA1D0)                     0.06       1.54 f
  intadd_4_U5/CO (FA1D0)                     0.06       1.60 f
  intadd_4_U4/CO (FA1D0)                     0.06       1.65 f
  intadd_4_U3/CO (FA1D0)                     0.06       1.71 f
  intadd_4_U2/S (FA1D0)                      0.05       1.76 f
  U970/ZN (INVD0)                            0.03       1.79 r
  intadd_2_U3/CO (FA1D0)                     0.08       1.87 r
  intadd_2_U2/CO (FA1D0)                     0.06       1.93 r
  U428/Z (XOR3D0)                            0.11       2.05 f
  U432/ZN (CKND2D0)                          0.04       2.09 r
  U433/Z (OA21D0)                            0.05       2.14 r
  U1330/S (FA1D0)                            0.07       2.21 r
  intadd_1_U2/CO (FA1D0)                     0.10       2.31 r
  U440/Z (XOR4D0)                            0.16       2.46 r
  U441/ZN (INVD0)                            0.04       2.50 f
  U705/ZN (OAI221D0)                         0.06       2.57 r
  DP_OP_80J1_124_9037_U272/S (CMPE42D1)      0.13       2.70 r
  U782/ZN (INVD0)                            0.02       2.71 f
  intadd_0_U7/CO (FA1D0)                     0.10       2.81 f
  intadd_0_U6/CO (FA1D0)                     0.06       2.87 f
  intadd_0_U5/CO (FA1D0)                     0.06       2.92 f
  intadd_0_U4/CO (FA1D0)                     0.06       2.98 f
  intadd_0_U3/CO (FA1D0)                     0.06       3.03 f
  intadd_0_U2/CO (FA1D0)                     0.06       3.09 f
  U617/ZN (OAI211D0)                         0.16       3.25 r
  U634/ZN (INVD0)                            0.09       3.33 f
  U653/ZN (IOA21D0)                          0.06       3.40 f
  U654/ZN (NR2D0)                            0.04       3.44 r
  U655/ZN (INVD0)                            0.04       3.48 f
  U762/Z (OR2D0)                             0.05       3.53 f
  DP_OP_78J1_125_4592_U19/CO (FA1D0)         0.10       3.63 f
  U618/Z (OR2D0)                             0.05       3.68 f
  U619/Z (OR2D0)                             0.05       3.73 f
  U620/Z (OR2D0)                             0.06       3.79 f
  U621/Z (OR2D0)                             0.06       3.85 f
  U622/Z (OR2D0)                             0.06       3.90 f
  U623/Z (OR2D0)                             0.06       3.96 f
  U761/Z (OR2D0)                             0.05       4.01 f
  DP_OP_78J1_125_4592_U4/S (HA1D0)           0.05       4.07 r
  U628/ZN (INVD0)                            0.01       4.08 f
  U631/ZN (AOI21D0)                          0.04       4.12 r
  U683/ZN (OAI21D0)                          0.03       4.15 f
  U684/ZN (NR2D0)                            0.09       4.25 r
  U685/ZN (INVD0)                            0.04       4.29 f
  U686/ZN (NR2D0)                            0.06       4.34 r
  U687/ZN (CKND2D0)                          0.15       4.50 f
  U1375/ZN (OAI222D0)                        0.15       4.65 r
  result[14] (out)                           0.00       4.65 r
  data arrival time                                     4.65

  clock vclk (rise edge)                    10.00      10.00
  clock network delay (ideal)                0.00      10.00
  output external delay                     -0.02       9.98
  data required time                                    9.98
  -------------------------------------------------------------
  data required time                                    9.98
  data arrival time                                    -4.65
  -------------------------------------------------------------
  slack (MET)                                           5.33


  Startpoint: y[21] (input port clocked by vclk)
  Endpoint: result[11] (output port clocked by vclk)
  Path Group: vclk
  Path Type: max

  Des/Clust/Port     Wire Load Model       Library
  ------------------------------------------------
  oadm_fixed_l3_div_opt_best ZeroWireload  tcbn65gplustc_ccs

  Point                                      Incr       Path
  -------------------------------------------------------------
  clock vclk (rise edge)                     0.00       0.00
  clock network delay (ideal)                0.00       0.00
  input external delay                       0.02       0.02 r
  y[21] (in)                                 0.01       0.03 r
  U394/Z (BUFFD0)                            0.11       0.13 r
  U397/ZN (INVD0)                            0.16       0.29 f
  U1102/ZN (NR2D0)                           0.11       0.39 r
  U1105/S (FA1D0)                            0.13       0.52 f
  intadd_4_U23/CO (FA1D0)                    0.08       0.60 f
  intadd_4_U22/CO (FA1D0)                    0.06       0.66 f
  intadd_4_U21/CO (FA1D0)                    0.06       0.71 f
  intadd_4_U20/CO (FA1D0)                    0.06       0.77 f
  intadd_4_U19/CO (FA1D0)                    0.06       0.82 f
  intadd_4_U18/CO (FA1D0)                    0.06       0.88 f
  intadd_4_U17/CO (FA1D0)                    0.06       0.93 f
  intadd_4_U16/CO (FA1D0)                    0.06       0.99 f
  intadd_4_U15/CO (FA1D0)                    0.06       1.04 f
  intadd_4_U14/CO (FA1D0)                    0.06       1.10 f
  intadd_4_U13/CO (FA1D0)                    0.06       1.16 f
  intadd_4_U12/CO (FA1D0)                    0.06       1.21 f
  intadd_4_U11/CO (FA1D0)                    0.06       1.27 f
  intadd_4_U10/CO (FA1D0)                    0.06       1.32 f
  intadd_4_U9/CO (FA1D0)                     0.06       1.38 f
  intadd_4_U8/CO (FA1D0)                     0.06       1.43 f
  intadd_4_U7/CO (FA1D0)                     0.06       1.49 f
  intadd_4_U6/CO (FA1D0)                     0.06       1.54 f
  intadd_4_U5/CO (FA1D0)                     0.06       1.60 f
  intadd_4_U4/CO (FA1D0)                     0.06       1.65 f
  intadd_4_U3/CO (FA1D0)                     0.06       1.71 f
  intadd_4_U2/S (FA1D0)                      0.05       1.76 f
  U970/ZN (INVD0)                            0.03       1.79 r
  intadd_2_U3/CO (FA1D0)                     0.08       1.87 r
  intadd_2_U2/CO (FA1D0)                     0.06       1.93 r
  U428/Z (XOR3D0)                            0.11       2.05 f
  U432/ZN (CKND2D0)                          0.04       2.09 r
  U433/Z (OA21D0)                            0.05       2.14 r
  U1330/S (FA1D0)                            0.07       2.21 r
  intadd_1_U2/CO (FA1D0)                     0.10       2.31 r
  U440/Z (XOR4D0)                            0.16       2.46 r
  U441/ZN (INVD0)                            0.04       2.50 f
  U705/ZN (OAI221D0)                         0.06       2.57 r
  DP_OP_80J1_124_9037_U272/S (CMPE42D1)      0.13       2.70 r
  U782/ZN (INVD0)                            0.02       2.71 f
  intadd_0_U7/CO (FA1D0)                     0.10       2.81 f
  intadd_0_U6/CO (FA1D0)                     0.06       2.87 f
  intadd_0_U5/CO (FA1D0)                     0.06       2.92 f
  intadd_0_U4/CO (FA1D0)                     0.06       2.98 f
  intadd_0_U3/CO (FA1D0)                     0.06       3.03 f
  intadd_0_U2/CO (FA1D0)                     0.06       3.09 f
  U617/ZN (OAI211D0)                         0.16       3.25 r
  U634/ZN (INVD0)                            0.09       3.33 f
  U653/ZN (IOA21D0)                          0.06       3.40 f
  U654/ZN (NR2D0)                            0.04       3.44 r
  U655/ZN (INVD0)                            0.04       3.48 f
  U762/Z (OR2D0)                             0.05       3.53 f
  DP_OP_78J1_125_4592_U19/CO (FA1D0)         0.10       3.63 f
  U618/Z (OR2D0)                             0.05       3.68 f
  U619/Z (OR2D0)                             0.05       3.73 f
  U620/Z (OR2D0)                             0.06       3.79 f
  U621/Z (OR2D0)                             0.06       3.85 f
  U622/Z (OR2D0)                             0.06       3.90 f
  U623/Z (OR2D0)                             0.06       3.96 f
  U761/Z (OR2D0)                             0.05       4.01 f
  DP_OP_78J1_125_4592_U4/S (HA1D0)           0.05       4.07 r
  U628/ZN (INVD0)                            0.01       4.08 f
  U631/ZN (AOI21D0)                          0.04       4.12 r
  U683/ZN (OAI21D0)                          0.03       4.15 f
  U684/ZN (NR2D0)                            0.09       4.25 r
  U685/ZN (INVD0)                            0.04       4.29 f
  U686/ZN (NR2D0)                            0.06       4.34 r
  U687/ZN (CKND2D0)                          0.15       4.50 f
  U1374/ZN (OAI222D0)                        0.15       4.65 r
  result[11] (out)                           0.00       4.65 r
  data arrival time                                     4.65

  clock vclk (rise edge)                    10.00      10.00
  clock network delay (ideal)                0.00      10.00
  output external delay                     -0.02       9.98
  data required time                                    9.98
  -------------------------------------------------------------
  data required time                                    9.98
  data arrival time                                    -4.65
  -------------------------------------------------------------
  slack (MET)                                           5.33


  Startpoint: y[21] (input port clocked by vclk)
  Endpoint: result[8] (output port clocked by vclk)
  Path Group: vclk
  Path Type: max

  Des/Clust/Port     Wire Load Model       Library
  ------------------------------------------------
  oadm_fixed_l3_div_opt_best ZeroWireload  tcbn65gplustc_ccs

  Point                                      Incr       Path
  -------------------------------------------------------------
  clock vclk (rise edge)                     0.00       0.00
  clock network delay (ideal)                0.00       0.00
  input external delay                       0.02       0.02 r
  y[21] (in)                                 0.01       0.03 r
  U394/Z (BUFFD0)                            0.11       0.13 r
  U397/ZN (INVD0)                            0.16       0.29 f
  U1102/ZN (NR2D0)                           0.11       0.39 r
  U1105/S (FA1D0)                            0.13       0.52 f
  intadd_4_U23/CO (FA1D0)                    0.08       0.60 f
  intadd_4_U22/CO (FA1D0)                    0.06       0.66 f
  intadd_4_U21/CO (FA1D0)                    0.06       0.71 f
  intadd_4_U20/CO (FA1D0)                    0.06       0.77 f
  intadd_4_U19/CO (FA1D0)                    0.06       0.82 f
  intadd_4_U18/CO (FA1D0)                    0.06       0.88 f
  intadd_4_U17/CO (FA1D0)                    0.06       0.93 f
  intadd_4_U16/CO (FA1D0)                    0.06       0.99 f
  intadd_4_U15/CO (FA1D0)                    0.06       1.04 f
  intadd_4_U14/CO (FA1D0)                    0.06       1.10 f
  intadd_4_U13/CO (FA1D0)                    0.06       1.16 f
  intadd_4_U12/CO (FA1D0)                    0.06       1.21 f
  intadd_4_U11/CO (FA1D0)                    0.06       1.27 f
  intadd_4_U10/CO (FA1D0)                    0.06       1.32 f
  intadd_4_U9/CO (FA1D0)                     0.06       1.38 f
  intadd_4_U8/CO (FA1D0)                     0.06       1.43 f
  intadd_4_U7/CO (FA1D0)                     0.06       1.49 f
  intadd_4_U6/CO (FA1D0)                     0.06       1.54 f
  intadd_4_U5/CO (FA1D0)                     0.06       1.60 f
  intadd_4_U4/CO (FA1D0)                     0.06       1.65 f
  intadd_4_U3/CO (FA1D0)                     0.06       1.71 f
  intadd_4_U2/S (FA1D0)                      0.05       1.76 f
  U970/ZN (INVD0)                            0.03       1.79 r
  intadd_2_U3/CO (FA1D0)                     0.08       1.87 r
  intadd_2_U2/CO (FA1D0)                     0.06       1.93 r
  U428/Z (XOR3D0)                            0.11       2.05 f
  U432/ZN (CKND2D0)                          0.04       2.09 r
  U433/Z (OA21D0)                            0.05       2.14 r
  U1330/S (FA1D0)                            0.07       2.21 r
  intadd_1_U2/CO (FA1D0)                     0.10       2.31 r
  U440/Z (XOR4D0)                            0.16       2.46 r
  U441/ZN (INVD0)                            0.04       2.50 f
  U705/ZN (OAI221D0)                         0.06       2.57 r
  DP_OP_80J1_124_9037_U272/S (CMPE42D1)      0.13       2.70 r
  U782/ZN (INVD0)                            0.02       2.71 f
  intadd_0_U7/CO (FA1D0)                     0.10       2.81 f
  intadd_0_U6/CO (FA1D0)                     0.06       2.87 f
  intadd_0_U5/CO (FA1D0)                     0.06       2.92 f
  intadd_0_U4/CO (FA1D0)                     0.06       2.98 f
  intadd_0_U3/CO (FA1D0)                     0.06       3.03 f
  intadd_0_U2/CO (FA1D0)                     0.06       3.09 f
  U617/ZN (OAI211D0)                         0.16       3.25 r
  U634/ZN (INVD0)                            0.09       3.33 f
  U653/ZN (IOA21D0)                          0.06       3.40 f
  U654/ZN (NR2D0)                            0.04       3.44 r
  U655/ZN (INVD0)                            0.04       3.48 f
  U762/Z (OR2D0)                             0.05       3.53 f
  DP_OP_78J1_125_4592_U19/CO (FA1D0)         0.10       3.63 f
  U618/Z (OR2D0)                             0.05       3.68 f
  U619/Z (OR2D0)                             0.05       3.73 f
  U620/Z (OR2D0)                             0.06       3.79 f
  U621/Z (OR2D0)                             0.06       3.85 f
  U622/Z (OR2D0)                             0.06       3.90 f
  U623/Z (OR2D0)                             0.06       3.96 f
  U761/Z (OR2D0)                             0.05       4.01 f
  DP_OP_78J1_125_4592_U4/S (HA1D0)           0.05       4.07 r
  U628/ZN (INVD0)                            0.01       4.08 f
  U631/ZN (AOI21D0)                          0.04       4.12 r
  U683/ZN (OAI21D0)                          0.03       4.15 f
  U684/ZN (NR2D0)                            0.09       4.25 r
  U685/ZN (INVD0)                            0.04       4.29 f
  U686/ZN (NR2D0)                            0.06       4.34 r
  U687/ZN (CKND2D0)                          0.15       4.50 f
  U1373/ZN (OAI222D0)                        0.15       4.65 r
  result[8] (out)                            0.00       4.65 r
  data arrival time                                     4.65

  clock vclk (rise edge)                    10.00      10.00
  clock network delay (ideal)                0.00      10.00
  output external delay                     -0.02       9.98
  data required time                                    9.98
  -------------------------------------------------------------
  data required time                                    9.98
  data arrival time                                    -4.65
  -------------------------------------------------------------
  slack (MET)                                           5.33


  Startpoint: y[21] (input port clocked by vclk)
  Endpoint: result[5] (output port clocked by vclk)
  Path Group: vclk
  Path Type: max

  Des/Clust/Port     Wire Load Model       Library
  ------------------------------------------------
  oadm_fixed_l3_div_opt_best ZeroWireload  tcbn65gplustc_ccs

  Point                                      Incr       Path
  -------------------------------------------------------------
  clock vclk (rise edge)                     0.00       0.00
  clock network delay (ideal)                0.00       0.00
  input external delay                       0.02       0.02 r
  y[21] (in)                                 0.01       0.03 r
  U394/Z (BUFFD0)                            0.11       0.13 r
  U397/ZN (INVD0)                            0.16       0.29 f
  U1102/ZN (NR2D0)                           0.11       0.39 r
  U1105/S (FA1D0)                            0.13       0.52 f
  intadd_4_U23/CO (FA1D0)                    0.08       0.60 f
  intadd_4_U22/CO (FA1D0)                    0.06       0.66 f
  intadd_4_U21/CO (FA1D0)                    0.06       0.71 f
  intadd_4_U20/CO (FA1D0)                    0.06       0.77 f
  intadd_4_U19/CO (FA1D0)                    0.06       0.82 f
  intadd_4_U18/CO (FA1D0)                    0.06       0.88 f
  intadd_4_U17/CO (FA1D0)                    0.06       0.93 f
  intadd_4_U16/CO (FA1D0)                    0.06       0.99 f
  intadd_4_U15/CO (FA1D0)                    0.06       1.04 f
  intadd_4_U14/CO (FA1D0)                    0.06       1.10 f
  intadd_4_U13/CO (FA1D0)                    0.06       1.16 f
  intadd_4_U12/CO (FA1D0)                    0.06       1.21 f
  intadd_4_U11/CO (FA1D0)                    0.06       1.27 f
  intadd_4_U10/CO (FA1D0)                    0.06       1.32 f
  intadd_4_U9/CO (FA1D0)                     0.06       1.38 f
  intadd_4_U8/CO (FA1D0)                     0.06       1.43 f
  intadd_4_U7/CO (FA1D0)                     0.06       1.49 f
  intadd_4_U6/CO (FA1D0)                     0.06       1.54 f
  intadd_4_U5/CO (FA1D0)                     0.06       1.60 f
  intadd_4_U4/CO (FA1D0)                     0.06       1.65 f
  intadd_4_U3/CO (FA1D0)                     0.06       1.71 f
  intadd_4_U2/S (FA1D0)                      0.05       1.76 f
  U970/ZN (INVD0)                            0.03       1.79 r
  intadd_2_U3/CO (FA1D0)                     0.08       1.87 r
  intadd_2_U2/CO (FA1D0)                     0.06       1.93 r
  U428/Z (XOR3D0)                            0.11       2.05 f
  U432/ZN (CKND2D0)                          0.04       2.09 r
  U433/Z (OA21D0)                            0.05       2.14 r
  U1330/S (FA1D0)                            0.07       2.21 r
  intadd_1_U2/CO (FA1D0)                     0.10       2.31 r
  U440/Z (XOR4D0)                            0.16       2.46 r
  U441/ZN (INVD0)                            0.04       2.50 f
  U705/ZN (OAI221D0)                         0.06       2.57 r
  DP_OP_80J1_124_9037_U272/S (CMPE42D1)      0.13       2.70 r
  U782/ZN (INVD0)                            0.02       2.71 f
  intadd_0_U7/CO (FA1D0)                     0.10       2.81 f
  intadd_0_U6/CO (FA1D0)                     0.06       2.87 f
  intadd_0_U5/CO (FA1D0)                     0.06       2.92 f
  intadd_0_U4/CO (FA1D0)                     0.06       2.98 f
  intadd_0_U3/CO (FA1D0)                     0.06       3.03 f
  intadd_0_U2/CO (FA1D0)                     0.06       3.09 f
  U617/ZN (OAI211D0)                         0.16       3.25 r
  U634/ZN (INVD0)                            0.09       3.33 f
  U653/ZN (IOA21D0)                          0.06       3.40 f
  U654/ZN (NR2D0)                            0.04       3.44 r
  U655/ZN (INVD0)                            0.04       3.48 f
  U762/Z (OR2D0)                             0.05       3.53 f
  DP_OP_78J1_125_4592_U19/CO (FA1D0)         0.10       3.63 f
  U618/Z (OR2D0)                             0.05       3.68 f
  U619/Z (OR2D0)                             0.05       3.73 f
  U620/Z (OR2D0)                             0.06       3.79 f
  U621/Z (OR2D0)                             0.06       3.85 f
  U622/Z (OR2D0)                             0.06       3.90 f
  U623/Z (OR2D0)                             0.06       3.96 f
  U761/Z (OR2D0)                             0.05       4.01 f
  DP_OP_78J1_125_4592_U4/S (HA1D0)           0.05       4.07 r
  U628/ZN (INVD0)                            0.01       4.08 f
  U631/ZN (AOI21D0)                          0.04       4.12 r
  U683/ZN (OAI21D0)                          0.03       4.15 f
  U684/ZN (NR2D0)                            0.09       4.25 r
  U685/ZN (INVD0)                            0.04       4.29 f
  U686/ZN (NR2D0)                            0.06       4.34 r
  U687/ZN (CKND2D0)                          0.15       4.50 f
  U1372/ZN (OAI222D0)                        0.15       4.65 r
  result[5] (out)                            0.00       4.65 r
  data arrival time                                     4.65

  clock vclk (rise edge)                    10.00      10.00
  clock network delay (ideal)                0.00      10.00
  output external delay                     -0.02       9.98
  data required time                                    9.98
  -------------------------------------------------------------
  data required time                                    9.98
  data arrival time                                    -4.65
  -------------------------------------------------------------
  slack (MET)                                           5.33


  Startpoint: y[21] (input port clocked by vclk)
  Endpoint: result[21] (output port clocked by vclk)
  Path Group: vclk
  Path Type: max

  Des/Clust/Port     Wire Load Model       Library
  ------------------------------------------------
  oadm_fixed_l3_div_opt_best ZeroWireload  tcbn65gplustc_ccs

  Point                                      Incr       Path
  -------------------------------------------------------------
  clock vclk (rise edge)                     0.00       0.00
  clock network delay (ideal)                0.00       0.00
  input external delay                       0.02       0.02 r
  y[21] (in)                                 0.01       0.03 r
  U394/Z (BUFFD0)                            0.11       0.13 r
  U397/ZN (INVD0)                            0.16       0.29 f
  U1102/ZN (NR2D0)                           0.11       0.39 r
  U1105/S (FA1D0)                            0.13       0.52 f
  intadd_4_U23/CO (FA1D0)                    0.08       0.60 f
  intadd_4_U22/CO (FA1D0)                    0.06       0.66 f
  intadd_4_U21/CO (FA1D0)                    0.06       0.71 f
  intadd_4_U20/CO (FA1D0)                    0.06       0.77 f
  intadd_4_U19/CO (FA1D0)                    0.06       0.82 f
  intadd_4_U18/CO (FA1D0)                    0.06       0.88 f
  intadd_4_U17/CO (FA1D0)                    0.06       0.93 f
  intadd_4_U16/CO (FA1D0)                    0.06       0.99 f
  intadd_4_U15/CO (FA1D0)                    0.06       1.04 f
  intadd_4_U14/CO (FA1D0)                    0.06       1.10 f
  intadd_4_U13/CO (FA1D0)                    0.06       1.16 f
  intadd_4_U12/CO (FA1D0)                    0.06       1.21 f
  intadd_4_U11/CO (FA1D0)                    0.06       1.27 f
  intadd_4_U10/CO (FA1D0)                    0.06       1.32 f
  intadd_4_U9/CO (FA1D0)                     0.06       1.38 f
  intadd_4_U8/CO (FA1D0)                     0.06       1.43 f
  intadd_4_U7/CO (FA1D0)                     0.06       1.49 f
  intadd_4_U6/CO (FA1D0)                     0.06       1.54 f
  intadd_4_U5/CO (FA1D0)                     0.06       1.60 f
  intadd_4_U4/CO (FA1D0)                     0.06       1.65 f
  intadd_4_U3/CO (FA1D0)                     0.06       1.71 f
  intadd_4_U2/S (FA1D0)                      0.05       1.76 f
  U970/ZN (INVD0)                            0.03       1.79 r
  intadd_2_U3/CO (FA1D0)                     0.08       1.87 r
  intadd_2_U2/CO (FA1D0)                     0.06       1.93 r
  U428/Z (XOR3D0)                            0.11       2.05 f
  U432/ZN (CKND2D0)                          0.04       2.09 r
  U433/Z (OA21D0)                            0.05       2.14 r
  U1330/S (FA1D0)                            0.07       2.21 r
  intadd_1_U2/CO (FA1D0)                     0.10       2.31 r
  U440/Z (XOR4D0)                            0.16       2.46 r
  U441/ZN (INVD0)                            0.04       2.50 f
  U705/ZN (OAI221D0)                         0.06       2.57 r
  DP_OP_80J1_124_9037_U272/S (CMPE42D1)      0.13       2.70 r
  U782/ZN (INVD0)                            0.02       2.71 f
  intadd_0_U7/CO (FA1D0)                     0.10       2.81 f
  intadd_0_U6/CO (FA1D0)                     0.06       2.87 f
  intadd_0_U5/CO (FA1D0)                     0.06       2.92 f
  intadd_0_U4/CO (FA1D0)                     0.06       2.98 f
  intadd_0_U3/CO (FA1D0)                     0.06       3.03 f
  intadd_0_U2/CO (FA1D0)                     0.06       3.09 f
  U617/ZN (OAI211D0)                         0.16       3.25 r
  U634/ZN (INVD0)                            0.09       3.33 f
  U653/ZN (IOA21D0)                          0.06       3.40 f
  U654/ZN (NR2D0)                            0.04       3.44 r
  U655/ZN (INVD0)                            0.04       3.48 f
  U762/Z (OR2D0)                             0.05       3.53 f
  DP_OP_78J1_125_4592_U19/CO (FA1D0)         0.10       3.63 f
  U618/Z (OR2D0)                             0.05       3.68 f
  U619/Z (OR2D0)                             0.05       3.73 f
  U620/Z (OR2D0)                             0.06       3.79 f
  U621/Z (OR2D0)                             0.06       3.85 f
  U622/Z (OR2D0)                             0.06       3.90 f
  U623/Z (OR2D0)                             0.06       3.96 f
  U761/Z (OR2D0)                             0.05       4.01 f
  DP_OP_78J1_125_4592_U4/S (HA1D0)           0.05       4.07 r
  U628/ZN (INVD0)                            0.01       4.08 f
  U631/ZN (AOI21D0)                          0.04       4.12 r
  U683/ZN (OAI21D0)                          0.03       4.15 f
  U684/ZN (NR2D0)                            0.09       4.25 r
  U685/ZN (INVD0)                            0.04       4.29 f
  U686/ZN (NR2D0)                            0.06       4.34 r
  U688/ZN (CKND2D0)                          0.15       4.49 f
  U703/ZN (OAI222D0)                         0.14       4.64 r
  result[21] (out)                           0.00       4.64 r
  data arrival time                                     4.64

  clock vclk (rise edge)                    10.00      10.00
  clock network delay (ideal)                0.00      10.00
  output external delay                     -0.02       9.98
  data required time                                    9.98
  -------------------------------------------------------------
  data required time                                    9.98
  data arrival time                                    -4.64
  -------------------------------------------------------------
  slack (MET)                                           5.34


  Startpoint: y[21] (input port clocked by vclk)
  Endpoint: result[18] (output port clocked by vclk)
  Path Group: vclk
  Path Type: max

  Des/Clust/Port     Wire Load Model       Library
  ------------------------------------------------
  oadm_fixed_l3_div_opt_best ZeroWireload  tcbn65gplustc_ccs

  Point                                      Incr       Path
  -------------------------------------------------------------
  clock vclk (rise edge)                     0.00       0.00
  clock network delay (ideal)                0.00       0.00
  input external delay                       0.02       0.02 r
  y[21] (in)                                 0.01       0.03 r
  U394/Z (BUFFD0)                            0.11       0.13 r
  U397/ZN (INVD0)                            0.16       0.29 f
  U1102/ZN (NR2D0)                           0.11       0.39 r
  U1105/S (FA1D0)                            0.13       0.52 f
  intadd_4_U23/CO (FA1D0)                    0.08       0.60 f
  intadd_4_U22/CO (FA1D0)                    0.06       0.66 f
  intadd_4_U21/CO (FA1D0)                    0.06       0.71 f
  intadd_4_U20/CO (FA1D0)                    0.06       0.77 f
  intadd_4_U19/CO (FA1D0)                    0.06       0.82 f
  intadd_4_U18/CO (FA1D0)                    0.06       0.88 f
  intadd_4_U17/CO (FA1D0)                    0.06       0.93 f
  intadd_4_U16/CO (FA1D0)                    0.06       0.99 f
  intadd_4_U15/CO (FA1D0)                    0.06       1.04 f
  intadd_4_U14/CO (FA1D0)                    0.06       1.10 f
  intadd_4_U13/CO (FA1D0)                    0.06       1.16 f
  intadd_4_U12/CO (FA1D0)                    0.06       1.21 f
  intadd_4_U11/CO (FA1D0)                    0.06       1.27 f
  intadd_4_U10/CO (FA1D0)                    0.06       1.32 f
  intadd_4_U9/CO (FA1D0)                     0.06       1.38 f
  intadd_4_U8/CO (FA1D0)                     0.06       1.43 f
  intadd_4_U7/CO (FA1D0)                     0.06       1.49 f
  intadd_4_U6/CO (FA1D0)                     0.06       1.54 f
  intadd_4_U5/CO (FA1D0)                     0.06       1.60 f
  intadd_4_U4/CO (FA1D0)                     0.06       1.65 f
  intadd_4_U3/CO (FA1D0)                     0.06       1.71 f
  intadd_4_U2/S (FA1D0)                      0.05       1.76 f
  U970/ZN (INVD0)                            0.03       1.79 r
  intadd_2_U3/CO (FA1D0)                     0.08       1.87 r
  intadd_2_U2/CO (FA1D0)                     0.06       1.93 r
  U428/Z (XOR3D0)                            0.11       2.05 f
  U432/ZN (CKND2D0)                          0.04       2.09 r
  U433/Z (OA21D0)                            0.05       2.14 r
  U1330/S (FA1D0)                            0.07       2.21 r
  intadd_1_U2/CO (FA1D0)                     0.10       2.31 r
  U440/Z (XOR4D0)                            0.16       2.46 r
  U441/ZN (INVD0)                            0.04       2.50 f
  U705/ZN (OAI221D0)                         0.06       2.57 r
  DP_OP_80J1_124_9037_U272/S (CMPE42D1)      0.13       2.70 r
  U782/ZN (INVD0)                            0.02       2.71 f
  intadd_0_U7/CO (FA1D0)                     0.10       2.81 f
  intadd_0_U6/CO (FA1D0)                     0.06       2.87 f
  intadd_0_U5/CO (FA1D0)                     0.06       2.92 f
  intadd_0_U4/CO (FA1D0)                     0.06       2.98 f
  intadd_0_U3/CO (FA1D0)                     0.06       3.03 f
  intadd_0_U2/CO (FA1D0)                     0.06       3.09 f
  U617/ZN (OAI211D0)                         0.16       3.25 r
  U634/ZN (INVD0)                            0.09       3.33 f
  U653/ZN (IOA21D0)                          0.06       3.40 f
  U654/ZN (NR2D0)                            0.04       3.44 r
  U655/ZN (INVD0)                            0.04       3.48 f
  U762/Z (OR2D0)                             0.05       3.53 f
  DP_OP_78J1_125_4592_U19/CO (FA1D0)         0.10       3.63 f
  U618/Z (OR2D0)                             0.05       3.68 f
  U619/Z (OR2D0)                             0.05       3.73 f
  U620/Z (OR2D0)                             0.06       3.79 f
  U621/Z (OR2D0)                             0.06       3.85 f
  U622/Z (OR2D0)                             0.06       3.90 f
  U623/Z (OR2D0)                             0.06       3.96 f
  U761/Z (OR2D0)                             0.05       4.01 f
  DP_OP_78J1_125_4592_U4/S (HA1D0)           0.05       4.07 r
  U628/ZN (INVD0)                            0.01       4.08 f
  U631/ZN (AOI21D0)                          0.04       4.12 r
  U683/ZN (OAI21D0)                          0.03       4.15 f
  U684/ZN (NR2D0)                            0.09       4.25 r
  U685/ZN (INVD0)                            0.04       4.29 f
  U686/ZN (NR2D0)                            0.06       4.34 r
  U688/ZN (CKND2D0)                          0.15       4.49 f
  U702/ZN (OAI222D0)                         0.14       4.64 r
  result[18] (out)                           0.00       4.64 r
  data arrival time                                     4.64

  clock vclk (rise edge)                    10.00      10.00
  clock network delay (ideal)                0.00      10.00
  output external delay                     -0.02       9.98
  data required time                                    9.98
  -------------------------------------------------------------
  data required time                                    9.98
  data arrival time                                    -4.64
  -------------------------------------------------------------
  slack (MET)                                           5.34


  Startpoint: y[21] (input port clocked by vclk)
  Endpoint: result[15] (output port clocked by vclk)
  Path Group: vclk
  Path Type: max

  Des/Clust/Port     Wire Load Model       Library
  ------------------------------------------------
  oadm_fixed_l3_div_opt_best ZeroWireload  tcbn65gplustc_ccs

  Point                                      Incr       Path
  -------------------------------------------------------------
  clock vclk (rise edge)                     0.00       0.00
  clock network delay (ideal)                0.00       0.00
  input external delay                       0.02       0.02 r
  y[21] (in)                                 0.01       0.03 r
  U394/Z (BUFFD0)                            0.11       0.13 r
  U397/ZN (INVD0)                            0.16       0.29 f
  U1102/ZN (NR2D0)                           0.11       0.39 r
  U1105/S (FA1D0)                            0.13       0.52 f
  intadd_4_U23/CO (FA1D0)                    0.08       0.60 f
  intadd_4_U22/CO (FA1D0)                    0.06       0.66 f
  intadd_4_U21/CO (FA1D0)                    0.06       0.71 f
  intadd_4_U20/CO (FA1D0)                    0.06       0.77 f
  intadd_4_U19/CO (FA1D0)                    0.06       0.82 f
  intadd_4_U18/CO (FA1D0)                    0.06       0.88 f
  intadd_4_U17/CO (FA1D0)                    0.06       0.93 f
  intadd_4_U16/CO (FA1D0)                    0.06       0.99 f
  intadd_4_U15/CO (FA1D0)                    0.06       1.04 f
  intadd_4_U14/CO (FA1D0)                    0.06       1.10 f
  intadd_4_U13/CO (FA1D0)                    0.06       1.16 f
  intadd_4_U12/CO (FA1D0)                    0.06       1.21 f
  intadd_4_U11/CO (FA1D0)                    0.06       1.27 f
  intadd_4_U10/CO (FA1D0)                    0.06       1.32 f
  intadd_4_U9/CO (FA1D0)                     0.06       1.38 f
  intadd_4_U8/CO (FA1D0)                     0.06       1.43 f
  intadd_4_U7/CO (FA1D0)                     0.06       1.49 f
  intadd_4_U6/CO (FA1D0)                     0.06       1.54 f
  intadd_4_U5/CO (FA1D0)                     0.06       1.60 f
  intadd_4_U4/CO (FA1D0)                     0.06       1.65 f
  intadd_4_U3/CO (FA1D0)                     0.06       1.71 f
  intadd_4_U2/S (FA1D0)                      0.05       1.76 f
  U970/ZN (INVD0)                            0.03       1.79 r
  intadd_2_U3/CO (FA1D0)                     0.08       1.87 r
  intadd_2_U2/CO (FA1D0)                     0.06       1.93 r
  U428/Z (XOR3D0)                            0.11       2.05 f
  U432/ZN (CKND2D0)                          0.04       2.09 r
  U433/Z (OA21D0)                            0.05       2.14 r
  U1330/S (FA1D0)                            0.07       2.21 r
  intadd_1_U2/CO (FA1D0)                     0.10       2.31 r
  U440/Z (XOR4D0)                            0.16       2.46 r
  U441/ZN (INVD0)                            0.04       2.50 f
  U705/ZN (OAI221D0)                         0.06       2.57 r
  DP_OP_80J1_124_9037_U272/S (CMPE42D1)      0.13       2.70 r
  U782/ZN (INVD0)                            0.02       2.71 f
  intadd_0_U7/CO (FA1D0)                     0.10       2.81 f
  intadd_0_U6/CO (FA1D0)                     0.06       2.87 f
  intadd_0_U5/CO (FA1D0)                     0.06       2.92 f
  intadd_0_U4/CO (FA1D0)                     0.06       2.98 f
  intadd_0_U3/CO (FA1D0)                     0.06       3.03 f
  intadd_0_U2/CO (FA1D0)                     0.06       3.09 f
  U617/ZN (OAI211D0)                         0.16       3.25 r
  U634/ZN (INVD0)                            0.09       3.33 f
  U653/ZN (IOA21D0)                          0.06       3.40 f
  U654/ZN (NR2D0)                            0.04       3.44 r
  U655/ZN (INVD0)                            0.04       3.48 f
  U762/Z (OR2D0)                             0.05       3.53 f
  DP_OP_78J1_125_4592_U19/CO (FA1D0)         0.10       3.63 f
  U618/Z (OR2D0)                             0.05       3.68 f
  U619/Z (OR2D0)                             0.05       3.73 f
  U620/Z (OR2D0)                             0.06       3.79 f
  U621/Z (OR2D0)                             0.06       3.85 f
  U622/Z (OR2D0)                             0.06       3.90 f
  U623/Z (OR2D0)                             0.06       3.96 f
  U761/Z (OR2D0)                             0.05       4.01 f
  DP_OP_78J1_125_4592_U4/S (HA1D0)           0.05       4.07 r
  U628/ZN (INVD0)                            0.01       4.08 f
  U631/ZN (AOI21D0)                          0.04       4.12 r
  U683/ZN (OAI21D0)                          0.03       4.15 f
  U684/ZN (NR2D0)                            0.09       4.25 r
  U685/ZN (INVD0)                            0.04       4.29 f
  U686/ZN (NR2D0)                            0.06       4.34 r
  U688/ZN (CKND2D0)                          0.15       4.49 f
  U700/ZN (OAI222D0)                         0.14       4.64 r
  result[15] (out)                           0.00       4.64 r
  data arrival time                                     4.64

  clock vclk (rise edge)                    10.00      10.00
  clock network delay (ideal)                0.00      10.00
  output external delay                     -0.02       9.98
  data required time                                    9.98
  -------------------------------------------------------------
  data required time                                    9.98
  data arrival time                                    -4.64
  -------------------------------------------------------------
  slack (MET)                                           5.34


  Startpoint: y[21] (input port clocked by vclk)
  Endpoint: result[12] (output port clocked by vclk)
  Path Group: vclk
  Path Type: max

  Des/Clust/Port     Wire Load Model       Library
  ------------------------------------------------
  oadm_fixed_l3_div_opt_best ZeroWireload  tcbn65gplustc_ccs

  Point                                      Incr       Path
  -------------------------------------------------------------
  clock vclk (rise edge)                     0.00       0.00
  clock network delay (ideal)                0.00       0.00
  input external delay                       0.02       0.02 r
  y[21] (in)                                 0.01       0.03 r
  U394/Z (BUFFD0)                            0.11       0.13 r
  U397/ZN (INVD0)                            0.16       0.29 f
  U1102/ZN (NR2D0)                           0.11       0.39 r
  U1105/S (FA1D0)                            0.13       0.52 f
  intadd_4_U23/CO (FA1D0)                    0.08       0.60 f
  intadd_4_U22/CO (FA1D0)                    0.06       0.66 f
  intadd_4_U21/CO (FA1D0)                    0.06       0.71 f
  intadd_4_U20/CO (FA1D0)                    0.06       0.77 f
  intadd_4_U19/CO (FA1D0)                    0.06       0.82 f
  intadd_4_U18/CO (FA1D0)                    0.06       0.88 f
  intadd_4_U17/CO (FA1D0)                    0.06       0.93 f
  intadd_4_U16/CO (FA1D0)                    0.06       0.99 f
  intadd_4_U15/CO (FA1D0)                    0.06       1.04 f
  intadd_4_U14/CO (FA1D0)                    0.06       1.10 f
  intadd_4_U13/CO (FA1D0)                    0.06       1.16 f
  intadd_4_U12/CO (FA1D0)                    0.06       1.21 f
  intadd_4_U11/CO (FA1D0)                    0.06       1.27 f
  intadd_4_U10/CO (FA1D0)                    0.06       1.32 f
  intadd_4_U9/CO (FA1D0)                     0.06       1.38 f
  intadd_4_U8/CO (FA1D0)                     0.06       1.43 f
  intadd_4_U7/CO (FA1D0)                     0.06       1.49 f
  intadd_4_U6/CO (FA1D0)                     0.06       1.54 f
  intadd_4_U5/CO (FA1D0)                     0.06       1.60 f
  intadd_4_U4/CO (FA1D0)                     0.06       1.65 f
  intadd_4_U3/CO (FA1D0)                     0.06       1.71 f
  intadd_4_U2/S (FA1D0)                      0.05       1.76 f
  U970/ZN (INVD0)                            0.03       1.79 r
  intadd_2_U3/CO (FA1D0)                     0.08       1.87 r
  intadd_2_U2/CO (FA1D0)                     0.06       1.93 r
  U428/Z (XOR3D0)                            0.11       2.05 f
  U432/ZN (CKND2D0)                          0.04       2.09 r
  U433/Z (OA21D0)                            0.05       2.14 r
  U1330/S (FA1D0)                            0.07       2.21 r
  intadd_1_U2/CO (FA1D0)                     0.10       2.31 r
  U440/Z (XOR4D0)                            0.16       2.46 r
  U441/ZN (INVD0)                            0.04       2.50 f
  U705/ZN (OAI221D0)                         0.06       2.57 r
  DP_OP_80J1_124_9037_U272/S (CMPE42D1)      0.13       2.70 r
  U782/ZN (INVD0)                            0.02       2.71 f
  intadd_0_U7/CO (FA1D0)                     0.10       2.81 f
  intadd_0_U6/CO (FA1D0)                     0.06       2.87 f
  intadd_0_U5/CO (FA1D0)                     0.06       2.92 f
  intadd_0_U4/CO (FA1D0)                     0.06       2.98 f
  intadd_0_U3/CO (FA1D0)                     0.06       3.03 f
  intadd_0_U2/CO (FA1D0)                     0.06       3.09 f
  U617/ZN (OAI211D0)                         0.16       3.25 r
  U634/ZN (INVD0)                            0.09       3.33 f
  U653/ZN (IOA21D0)                          0.06       3.40 f
  U654/ZN (NR2D0)                            0.04       3.44 r
  U655/ZN (INVD0)                            0.04       3.48 f
  U762/Z (OR2D0)                             0.05       3.53 f
  DP_OP_78J1_125_4592_U19/CO (FA1D0)         0.10       3.63 f
  U618/Z (OR2D0)                             0.05       3.68 f
  U619/Z (OR2D0)                             0.05       3.73 f
  U620/Z (OR2D0)                             0.06       3.79 f
  U621/Z (OR2D0)                             0.06       3.85 f
  U622/Z (OR2D0)                             0.06       3.90 f
  U623/Z (OR2D0)                             0.06       3.96 f
  U761/Z (OR2D0)                             0.05       4.01 f
  DP_OP_78J1_125_4592_U4/S (HA1D0)           0.05       4.07 r
  U628/ZN (INVD0)                            0.01       4.08 f
  U631/ZN (AOI21D0)                          0.04       4.12 r
  U683/ZN (OAI21D0)                          0.03       4.15 f
  U684/ZN (NR2D0)                            0.09       4.25 r
  U685/ZN (INVD0)                            0.04       4.29 f
  U686/ZN (NR2D0)                            0.06       4.34 r
  U688/ZN (CKND2D0)                          0.15       4.49 f
  U698/ZN (OAI222D0)                         0.14       4.64 r
  result[12] (out)                           0.00       4.64 r
  data arrival time                                     4.64

  clock vclk (rise edge)                    10.00      10.00
  clock network delay (ideal)                0.00      10.00
  output external delay                     -0.02       9.98
  data required time                                    9.98
  -------------------------------------------------------------
  data required time                                    9.98
  data arrival time                                    -4.64
  -------------------------------------------------------------
  slack (MET)                                           5.34


  Startpoint: y[21] (input port clocked by vclk)
  Endpoint: result[9] (output port clocked by vclk)
  Path Group: vclk
  Path Type: max

  Des/Clust/Port     Wire Load Model       Library
  ------------------------------------------------
  oadm_fixed_l3_div_opt_best ZeroWireload  tcbn65gplustc_ccs

  Point                                      Incr       Path
  -------------------------------------------------------------
  clock vclk (rise edge)                     0.00       0.00
  clock network delay (ideal)                0.00       0.00
  input external delay                       0.02       0.02 r
  y[21] (in)                                 0.01       0.03 r
  U394/Z (BUFFD0)                            0.11       0.13 r
  U397/ZN (INVD0)                            0.16       0.29 f
  U1102/ZN (NR2D0)                           0.11       0.39 r
  U1105/S (FA1D0)                            0.13       0.52 f
  intadd_4_U23/CO (FA1D0)                    0.08       0.60 f
  intadd_4_U22/CO (FA1D0)                    0.06       0.66 f
  intadd_4_U21/CO (FA1D0)                    0.06       0.71 f
  intadd_4_U20/CO (FA1D0)                    0.06       0.77 f
  intadd_4_U19/CO (FA1D0)                    0.06       0.82 f
  intadd_4_U18/CO (FA1D0)                    0.06       0.88 f
  intadd_4_U17/CO (FA1D0)                    0.06       0.93 f
  intadd_4_U16/CO (FA1D0)                    0.06       0.99 f
  intadd_4_U15/CO (FA1D0)                    0.06       1.04 f
  intadd_4_U14/CO (FA1D0)                    0.06       1.10 f
  intadd_4_U13/CO (FA1D0)                    0.06       1.16 f
  intadd_4_U12/CO (FA1D0)                    0.06       1.21 f
  intadd_4_U11/CO (FA1D0)                    0.06       1.27 f
  intadd_4_U10/CO (FA1D0)                    0.06       1.32 f
  intadd_4_U9/CO (FA1D0)                     0.06       1.38 f
  intadd_4_U8/CO (FA1D0)                     0.06       1.43 f
  intadd_4_U7/CO (FA1D0)                     0.06       1.49 f
  intadd_4_U6/CO (FA1D0)                     0.06       1.54 f
  intadd_4_U5/CO (FA1D0)                     0.06       1.60 f
  intadd_4_U4/CO (FA1D0)                     0.06       1.65 f
  intadd_4_U3/CO (FA1D0)                     0.06       1.71 f
  intadd_4_U2/S (FA1D0)                      0.05       1.76 f
  U970/ZN (INVD0)                            0.03       1.79 r
  intadd_2_U3/CO (FA1D0)                     0.08       1.87 r
  intadd_2_U2/CO (FA1D0)                     0.06       1.93 r
  U428/Z (XOR3D0)                            0.11       2.05 f
  U432/ZN (CKND2D0)                          0.04       2.09 r
  U433/Z (OA21D0)                            0.05       2.14 r
  U1330/S (FA1D0)                            0.07       2.21 r
  intadd_1_U2/CO (FA1D0)                     0.10       2.31 r
  U440/Z (XOR4D0)                            0.16       2.46 r
  U441/ZN (INVD0)                            0.04       2.50 f
  U705/ZN (OAI221D0)                         0.06       2.57 r
  DP_OP_80J1_124_9037_U272/S (CMPE42D1)      0.13       2.70 r
  U782/ZN (INVD0)                            0.02       2.71 f
  intadd_0_U7/CO (FA1D0)                     0.10       2.81 f
  intadd_0_U6/CO (FA1D0)                     0.06       2.87 f
  intadd_0_U5/CO (FA1D0)                     0.06       2.92 f
  intadd_0_U4/CO (FA1D0)                     0.06       2.98 f
  intadd_0_U3/CO (FA1D0)                     0.06       3.03 f
  intadd_0_U2/CO (FA1D0)                     0.06       3.09 f
  U617/ZN (OAI211D0)                         0.16       3.25 r
  U634/ZN (INVD0)                            0.09       3.33 f
  U653/ZN (IOA21D0)                          0.06       3.40 f
  U654/ZN (NR2D0)                            0.04       3.44 r
  U655/ZN (INVD0)                            0.04       3.48 f
  U762/Z (OR2D0)                             0.05       3.53 f
  DP_OP_78J1_125_4592_U19/CO (FA1D0)         0.10       3.63 f
  U618/Z (OR2D0)                             0.05       3.68 f
  U619/Z (OR2D0)                             0.05       3.73 f
  U620/Z (OR2D0)                             0.06       3.79 f
  U621/Z (OR2D0)                             0.06       3.85 f
  U622/Z (OR2D0)                             0.06       3.90 f
  U623/Z (OR2D0)                             0.06       3.96 f
  U761/Z (OR2D0)                             0.05       4.01 f
  DP_OP_78J1_125_4592_U4/S (HA1D0)           0.05       4.07 r
  U628/ZN (INVD0)                            0.01       4.08 f
  U631/ZN (AOI21D0)                          0.04       4.12 r
  U683/ZN (OAI21D0)                          0.03       4.15 f
  U684/ZN (NR2D0)                            0.09       4.25 r
  U685/ZN (INVD0)                            0.04       4.29 f
  U686/ZN (NR2D0)                            0.06       4.34 r
  U688/ZN (CKND2D0)                          0.15       4.49 f
  U699/ZN (OAI222D0)                         0.14       4.64 r
  result[9] (out)                            0.00       4.64 r
  data arrival time                                     4.64

  clock vclk (rise edge)                    10.00      10.00
  clock network delay (ideal)                0.00      10.00
  output external delay                     -0.02       9.98
  data required time                                    9.98
  -------------------------------------------------------------
  data required time                                    9.98
  data arrival time                                    -4.64
  -------------------------------------------------------------
  slack (MET)                                           5.34


  Startpoint: y[21] (input port clocked by vclk)
  Endpoint: result[6] (output port clocked by vclk)
  Path Group: vclk
  Path Type: max

  Des/Clust/Port     Wire Load Model       Library
  ------------------------------------------------
  oadm_fixed_l3_div_opt_best ZeroWireload  tcbn65gplustc_ccs

  Point                                      Incr       Path
  -------------------------------------------------------------
  clock vclk (rise edge)                     0.00       0.00
  clock network delay (ideal)                0.00       0.00
  input external delay                       0.02       0.02 r
  y[21] (in)                                 0.01       0.03 r
  U394/Z (BUFFD0)                            0.11       0.13 r
  U397/ZN (INVD0)                            0.16       0.29 f
  U1102/ZN (NR2D0)                           0.11       0.39 r
  U1105/S (FA1D0)                            0.13       0.52 f
  intadd_4_U23/CO (FA1D0)                    0.08       0.60 f
  intadd_4_U22/CO (FA1D0)                    0.06       0.66 f
  intadd_4_U21/CO (FA1D0)                    0.06       0.71 f
  intadd_4_U20/CO (FA1D0)                    0.06       0.77 f
  intadd_4_U19/CO (FA1D0)                    0.06       0.82 f
  intadd_4_U18/CO (FA1D0)                    0.06       0.88 f
  intadd_4_U17/CO (FA1D0)                    0.06       0.93 f
  intadd_4_U16/CO (FA1D0)                    0.06       0.99 f
  intadd_4_U15/CO (FA1D0)                    0.06       1.04 f
  intadd_4_U14/CO (FA1D0)                    0.06       1.10 f
  intadd_4_U13/CO (FA1D0)                    0.06       1.16 f
  intadd_4_U12/CO (FA1D0)                    0.06       1.21 f
  intadd_4_U11/CO (FA1D0)                    0.06       1.27 f
  intadd_4_U10/CO (FA1D0)                    0.06       1.32 f
  intadd_4_U9/CO (FA1D0)                     0.06       1.38 f
  intadd_4_U8/CO (FA1D0)                     0.06       1.43 f
  intadd_4_U7/CO (FA1D0)                     0.06       1.49 f
  intadd_4_U6/CO (FA1D0)                     0.06       1.54 f
  intadd_4_U5/CO (FA1D0)                     0.06       1.60 f
  intadd_4_U4/CO (FA1D0)                     0.06       1.65 f
  intadd_4_U3/CO (FA1D0)                     0.06       1.71 f
  intadd_4_U2/S (FA1D0)                      0.05       1.76 f
  U970/ZN (INVD0)                            0.03       1.79 r
  intadd_2_U3/CO (FA1D0)                     0.08       1.87 r
  intadd_2_U2/CO (FA1D0)                     0.06       1.93 r
  U428/Z (XOR3D0)                            0.11       2.05 f
  U432/ZN (CKND2D0)                          0.04       2.09 r
  U433/Z (OA21D0)                            0.05       2.14 r
  U1330/S (FA1D0)                            0.07       2.21 r
  intadd_1_U2/CO (FA1D0)                     0.10       2.31 r
  U440/Z (XOR4D0)                            0.16       2.46 r
  U441/ZN (INVD0)                            0.04       2.50 f
  U705/ZN (OAI221D0)                         0.06       2.57 r
  DP_OP_80J1_124_9037_U272/S (CMPE42D1)      0.13       2.70 r
  U782/ZN (INVD0)                            0.02       2.71 f
  intadd_0_U7/CO (FA1D0)                     0.10       2.81 f
  intadd_0_U6/CO (FA1D0)                     0.06       2.87 f
  intadd_0_U5/CO (FA1D0)                     0.06       2.92 f
  intadd_0_U4/CO (FA1D0)                     0.06       2.98 f
  intadd_0_U3/CO (FA1D0)                     0.06       3.03 f
  intadd_0_U2/CO (FA1D0)                     0.06       3.09 f
  U617/ZN (OAI211D0)                         0.16       3.25 r
  U634/ZN (INVD0)                            0.09       3.33 f
  U653/ZN (IOA21D0)                          0.06       3.40 f
  U654/ZN (NR2D0)                            0.04       3.44 r
  U655/ZN (INVD0)                            0.04       3.48 f
  U762/Z (OR2D0)                             0.05       3.53 f
  DP_OP_78J1_125_4592_U19/CO (FA1D0)         0.10       3.63 f
  U618/Z (OR2D0)                             0.05       3.68 f
  U619/Z (OR2D0)                             0.05       3.73 f
  U620/Z (OR2D0)                             0.06       3.79 f
  U621/Z (OR2D0)                             0.06       3.85 f
  U622/Z (OR2D0)                             0.06       3.90 f
  U623/Z (OR2D0)                             0.06       3.96 f
  U761/Z (OR2D0)                             0.05       4.01 f
  DP_OP_78J1_125_4592_U4/S (HA1D0)           0.05       4.07 r
  U628/ZN (INVD0)                            0.01       4.08 f
  U631/ZN (AOI21D0)                          0.04       4.12 r
  U683/ZN (OAI21D0)                          0.03       4.15 f
  U684/ZN (NR2D0)                            0.09       4.25 r
  U685/ZN (INVD0)                            0.04       4.29 f
  U686/ZN (NR2D0)                            0.06       4.34 r
  U688/ZN (CKND2D0)                          0.15       4.49 f
  U697/ZN (OAI222D0)                         0.14       4.64 r
  result[6] (out)                            0.00       4.64 r
  data arrival time                                     4.64

  clock vclk (rise edge)                    10.00      10.00
  clock network delay (ideal)                0.00      10.00
  output external delay                     -0.02       9.98
  data required time                                    9.98
  -------------------------------------------------------------
  data required time                                    9.98
  data arrival time                                    -4.64
  -------------------------------------------------------------
  slack (MET)                                           5.34


  Startpoint: y[21] (input port clocked by vclk)
  Endpoint: result[4] (output port clocked by vclk)
  Path Group: vclk
  Path Type: max

  Des/Clust/Port     Wire Load Model       Library
  ------------------------------------------------
  oadm_fixed_l3_div_opt_best ZeroWireload  tcbn65gplustc_ccs

  Point                                      Incr       Path
  -------------------------------------------------------------
  clock vclk (rise edge)                     0.00       0.00
  clock network delay (ideal)                0.00       0.00
  input external delay                       0.02       0.02 r
  y[21] (in)                                 0.01       0.03 r
  U394/Z (BUFFD0)                            0.11       0.13 r
  U397/ZN (INVD0)                            0.16       0.29 f
  U1102/ZN (NR2D0)                           0.11       0.39 r
  U1105/S (FA1D0)                            0.13       0.52 f
  intadd_4_U23/CO (FA1D0)                    0.08       0.60 f
  intadd_4_U22/CO (FA1D0)                    0.06       0.66 f
  intadd_4_U21/CO (FA1D0)                    0.06       0.71 f
  intadd_4_U20/CO (FA1D0)                    0.06       0.77 f
  intadd_4_U19/CO (FA1D0)                    0.06       0.82 f
  intadd_4_U18/CO (FA1D0)                    0.06       0.88 f
  intadd_4_U17/CO (FA1D0)                    0.06       0.93 f
  intadd_4_U16/CO (FA1D0)                    0.06       0.99 f
  intadd_4_U15/CO (FA1D0)                    0.06       1.04 f
  intadd_4_U14/CO (FA1D0)                    0.06       1.10 f
  intadd_4_U13/CO (FA1D0)                    0.06       1.16 f
  intadd_4_U12/CO (FA1D0)                    0.06       1.21 f
  intadd_4_U11/CO (FA1D0)                    0.06       1.27 f
  intadd_4_U10/CO (FA1D0)                    0.06       1.32 f
  intadd_4_U9/CO (FA1D0)                     0.06       1.38 f
  intadd_4_U8/CO (FA1D0)                     0.06       1.43 f
  intadd_4_U7/CO (FA1D0)                     0.06       1.49 f
  intadd_4_U6/CO (FA1D0)                     0.06       1.54 f
  intadd_4_U5/CO (FA1D0)                     0.06       1.60 f
  intadd_4_U4/CO (FA1D0)                     0.06       1.65 f
  intadd_4_U3/CO (FA1D0)                     0.06       1.71 f
  intadd_4_U2/S (FA1D0)                      0.05       1.76 f
  U970/ZN (INVD0)                            0.03       1.79 r
  intadd_2_U3/CO (FA1D0)                     0.08       1.87 r
  intadd_2_U2/CO (FA1D0)                     0.06       1.93 r
  U428/Z (XOR3D0)                            0.11       2.05 f
  U432/ZN (CKND2D0)                          0.04       2.09 r
  U433/Z (OA21D0)                            0.05       2.14 r
  U1330/S (FA1D0)                            0.07       2.21 r
  intadd_1_U2/CO (FA1D0)                     0.10       2.31 r
  U440/Z (XOR4D0)                            0.16       2.46 r
  U441/ZN (INVD0)                            0.04       2.50 f
  U705/ZN (OAI221D0)                         0.06       2.57 r
  DP_OP_80J1_124_9037_U272/S (CMPE42D1)      0.13       2.70 r
  U782/ZN (INVD0)                            0.02       2.71 f
  intadd_0_U7/CO (FA1D0)                     0.10       2.81 f
  intadd_0_U6/CO (FA1D0)                     0.06       2.87 f
  intadd_0_U5/CO (FA1D0)                     0.06       2.92 f
  intadd_0_U4/CO (FA1D0)                     0.06       2.98 f
  intadd_0_U3/CO (FA1D0)                     0.06       3.03 f
  intadd_0_U2/CO (FA1D0)                     0.06       3.09 f
  U617/ZN (OAI211D0)                         0.16       3.25 r
  U634/ZN (INVD0)                            0.09       3.33 f
  U653/ZN (IOA21D0)                          0.06       3.40 f
  U654/ZN (NR2D0)                            0.04       3.44 r
  U655/ZN (INVD0)                            0.04       3.48 f
  U762/Z (OR2D0)                             0.05       3.53 f
  DP_OP_78J1_125_4592_U19/CO (FA1D0)         0.10       3.63 f
  U618/Z (OR2D0)                             0.05       3.68 f
  U619/Z (OR2D0)                             0.05       3.73 f
  U620/Z (OR2D0)                             0.06       3.79 f
  U621/Z (OR2D0)                             0.06       3.85 f
  U622/Z (OR2D0)                             0.06       3.90 f
  U623/Z (OR2D0)                             0.06       3.96 f
  U761/Z (OR2D0)                             0.05       4.01 f
  DP_OP_78J1_125_4592_U4/S (HA1D0)           0.05       4.07 r
  U628/ZN (INVD0)                            0.01       4.08 f
  U631/ZN (AOI21D0)                          0.04       4.12 r
  U683/ZN (OAI21D0)                          0.03       4.15 f
  U684/ZN (NR2D0)                            0.09       4.25 r
  U685/ZN (INVD0)                            0.04       4.29 f
  U686/ZN (NR2D0)                            0.06       4.34 r
  U688/ZN (CKND2D0)                          0.15       4.49 f
  U701/ZN (OAI222D0)                         0.14       4.64 r
  result[4] (out)                            0.00       4.64 r
  data arrival time                                     4.64

  clock vclk (rise edge)                    10.00      10.00
  clock network delay (ideal)                0.00      10.00
  output external delay                     -0.02       9.98
  data required time                                    9.98
  -------------------------------------------------------------
  data required time                                    9.98
  data arrival time                                    -4.64
  -------------------------------------------------------------
  slack (MET)                                           5.34


  Startpoint: y[21] (input port clocked by vclk)
  Endpoint: result[3] (output port clocked by vclk)
  Path Group: vclk
  Path Type: max

  Des/Clust/Port     Wire Load Model       Library
  ------------------------------------------------
  oadm_fixed_l3_div_opt_best ZeroWireload  tcbn65gplustc_ccs

  Point                                      Incr       Path
  -------------------------------------------------------------
  clock vclk (rise edge)                     0.00       0.00
  clock network delay (ideal)                0.00       0.00
  input external delay                       0.02       0.02 r
  y[21] (in)                                 0.01       0.03 r
  U394/Z (BUFFD0)                            0.11       0.13 r
  U397/ZN (INVD0)                            0.16       0.29 f
  U1102/ZN (NR2D0)                           0.11       0.39 r
  U1105/S (FA1D0)                            0.13       0.52 f
  intadd_4_U23/CO (FA1D0)                    0.08       0.60 f
  intadd_4_U22/CO (FA1D0)                    0.06       0.66 f
  intadd_4_U21/CO (FA1D0)                    0.06       0.71 f
  intadd_4_U20/CO (FA1D0)                    0.06       0.77 f
  intadd_4_U19/CO (FA1D0)                    0.06       0.82 f
  intadd_4_U18/CO (FA1D0)                    0.06       0.88 f
  intadd_4_U17/CO (FA1D0)                    0.06       0.93 f
  intadd_4_U16/CO (FA1D0)                    0.06       0.99 f
  intadd_4_U15/CO (FA1D0)                    0.06       1.04 f
  intadd_4_U14/CO (FA1D0)                    0.06       1.10 f
  intadd_4_U13/CO (FA1D0)                    0.06       1.16 f
  intadd_4_U12/CO (FA1D0)                    0.06       1.21 f
  intadd_4_U11/CO (FA1D0)                    0.06       1.27 f
  intadd_4_U10/CO (FA1D0)                    0.06       1.32 f
  intadd_4_U9/CO (FA1D0)                     0.06       1.38 f
  intadd_4_U8/CO (FA1D0)                     0.06       1.43 f
  intadd_4_U7/CO (FA1D0)                     0.06       1.49 f
  intadd_4_U6/CO (FA1D0)                     0.06       1.54 f
  intadd_4_U5/CO (FA1D0)                     0.06       1.60 f
  intadd_4_U4/CO (FA1D0)                     0.06       1.65 f
  intadd_4_U3/CO (FA1D0)                     0.06       1.71 f
  intadd_4_U2/S (FA1D0)                      0.05       1.76 f
  U970/ZN (INVD0)                            0.03       1.79 r
  intadd_2_U3/CO (FA1D0)                     0.08       1.87 r
  intadd_2_U2/CO (FA1D0)                     0.06       1.93 r
  U428/Z (XOR3D0)                            0.11       2.05 f
  U432/ZN (CKND2D0)                          0.04       2.09 r
  U433/Z (OA21D0)                            0.05       2.14 r
  U1330/S (FA1D0)                            0.07       2.21 r
  intadd_1_U2/CO (FA1D0)                     0.10       2.31 r
  U440/Z (XOR4D0)                            0.16       2.46 r
  U441/ZN (INVD0)                            0.04       2.50 f
  U705/ZN (OAI221D0)                         0.06       2.57 r
  DP_OP_80J1_124_9037_U272/S (CMPE42D1)      0.13       2.70 r
  U782/ZN (INVD0)                            0.02       2.71 f
  intadd_0_U7/CO (FA1D0)                     0.10       2.81 f
  intadd_0_U6/CO (FA1D0)                     0.06       2.87 f
  intadd_0_U5/CO (FA1D0)                     0.06       2.92 f
  intadd_0_U4/CO (FA1D0)                     0.06       2.98 f
  intadd_0_U3/CO (FA1D0)                     0.06       3.03 f
  intadd_0_U2/CO (FA1D0)                     0.06       3.09 f
  U617/ZN (OAI211D0)                         0.16       3.25 r
  U634/ZN (INVD0)                            0.09       3.33 f
  U653/ZN (IOA21D0)                          0.06       3.40 f
  U654/ZN (NR2D0)                            0.04       3.44 r
  U655/ZN (INVD0)                            0.04       3.48 f
  U762/Z (OR2D0)                             0.05       3.53 f
  DP_OP_78J1_125_4592_U19/CO (FA1D0)         0.10       3.63 f
  U618/Z (OR2D0)                             0.05       3.68 f
  U619/Z (OR2D0)                             0.05       3.73 f
  U620/Z (OR2D0)                             0.06       3.79 f
  U621/Z (OR2D0)                             0.06       3.85 f
  U622/Z (OR2D0)                             0.06       3.90 f
  U623/Z (OR2D0)                             0.06       3.96 f
  U761/Z (OR2D0)                             0.05       4.01 f
  DP_OP_78J1_125_4592_U4/S (HA1D0)           0.05       4.07 r
  U628/ZN (INVD0)                            0.01       4.08 f
  U631/ZN (AOI21D0)                          0.04       4.12 r
  U683/ZN (OAI21D0)                          0.03       4.15 f
  U684/ZN (NR2D0)                            0.09       4.25 r
  U685/ZN (INVD0)                            0.04       4.29 f
  U686/ZN (NR2D0)                            0.06       4.34 r
  U687/ZN (CKND2D0)                          0.15       4.50 f
  U696/ZN (OAI222D0)                         0.14       4.63 r
  result[3] (out)                            0.00       4.63 r
  data arrival time                                     4.63

  clock vclk (rise edge)                    10.00      10.00
  clock network delay (ideal)                0.00      10.00
  output external delay                     -0.02       9.98
  data required time                                    9.98
  -------------------------------------------------------------
  data required time                                    9.98
  data arrival time                                    -4.63
  -------------------------------------------------------------
  slack (MET)                                           5.35


  Startpoint: y[21] (input port clocked by vclk)
  Endpoint: result[19] (output port clocked by vclk)
  Path Group: vclk
  Path Type: max

  Des/Clust/Port     Wire Load Model       Library
  ------------------------------------------------
  oadm_fixed_l3_div_opt_best ZeroWireload  tcbn65gplustc_ccs

  Point                                      Incr       Path
  -------------------------------------------------------------
  clock vclk (rise edge)                     0.00       0.00
  clock network delay (ideal)                0.00       0.00
  input external delay                       0.02       0.02 r
  y[21] (in)                                 0.01       0.03 r
  U394/Z (BUFFD0)                            0.11       0.13 r
  U397/ZN (INVD0)                            0.16       0.29 f
  U1102/ZN (NR2D0)                           0.11       0.39 r
  U1105/S (FA1D0)                            0.13       0.52 f
  intadd_4_U23/CO (FA1D0)                    0.08       0.60 f
  intadd_4_U22/CO (FA1D0)                    0.06       0.66 f
  intadd_4_U21/CO (FA1D0)                    0.06       0.71 f
  intadd_4_U20/CO (FA1D0)                    0.06       0.77 f
  intadd_4_U19/CO (FA1D0)                    0.06       0.82 f
  intadd_4_U18/CO (FA1D0)                    0.06       0.88 f
  intadd_4_U17/CO (FA1D0)                    0.06       0.93 f
  intadd_4_U16/CO (FA1D0)                    0.06       0.99 f
  intadd_4_U15/CO (FA1D0)                    0.06       1.04 f
  intadd_4_U14/CO (FA1D0)                    0.06       1.10 f
  intadd_4_U13/CO (FA1D0)                    0.06       1.16 f
  intadd_4_U12/CO (FA1D0)                    0.06       1.21 f
  intadd_4_U11/CO (FA1D0)                    0.06       1.27 f
  intadd_4_U10/CO (FA1D0)                    0.06       1.32 f
  intadd_4_U9/CO (FA1D0)                     0.06       1.38 f
  intadd_4_U8/CO (FA1D0)                     0.06       1.43 f
  intadd_4_U7/CO (FA1D0)                     0.06       1.49 f
  intadd_4_U6/CO (FA1D0)                     0.06       1.54 f
  intadd_4_U5/CO (FA1D0)                     0.06       1.60 f
  intadd_4_U4/CO (FA1D0)                     0.06       1.65 f
  intadd_4_U3/CO (FA1D0)                     0.06       1.71 f
  intadd_4_U2/S (FA1D0)                      0.05       1.76 f
  U970/ZN (INVD0)                            0.03       1.79 r
  intadd_2_U3/CO (FA1D0)                     0.08       1.87 r
  intadd_2_U2/CO (FA1D0)                     0.06       1.93 r
  U428/Z (XOR3D0)                            0.11       2.05 f
  U432/ZN (CKND2D0)                          0.04       2.09 r
  U433/Z (OA21D0)                            0.05       2.14 r
  U1330/S (FA1D0)                            0.07       2.21 r
  intadd_1_U2/CO (FA1D0)                     0.10       2.31 r
  U440/Z (XOR4D0)                            0.16       2.46 r
  U441/ZN (INVD0)                            0.04       2.50 f
  U705/ZN (OAI221D0)                         0.06       2.57 r
  DP_OP_80J1_124_9037_U272/S (CMPE42D1)      0.13       2.70 r
  U782/ZN (INVD0)                            0.02       2.71 f
  intadd_0_U7/CO (FA1D0)                     0.10       2.81 f
  intadd_0_U6/CO (FA1D0)                     0.06       2.87 f
  intadd_0_U5/CO (FA1D0)                     0.06       2.92 f
  intadd_0_U4/CO (FA1D0)                     0.06       2.98 f
  intadd_0_U3/CO (FA1D0)                     0.06       3.03 f
  intadd_0_U2/CO (FA1D0)                     0.06       3.09 f
  U617/ZN (OAI211D0)                         0.16       3.25 r
  U634/ZN (INVD0)                            0.09       3.33 f
  U653/ZN (IOA21D0)                          0.06       3.40 f
  U654/ZN (NR2D0)                            0.04       3.44 r
  U655/ZN (INVD0)                            0.04       3.48 f
  U762/Z (OR2D0)                             0.05       3.53 f
  DP_OP_78J1_125_4592_U19/CO (FA1D0)         0.10       3.63 f
  U618/Z (OR2D0)                             0.05       3.68 f
  U619/Z (OR2D0)                             0.05       3.73 f
  U620/Z (OR2D0)                             0.06       3.79 f
  U621/Z (OR2D0)                             0.06       3.85 f
  U622/Z (OR2D0)                             0.06       3.90 f
  U623/Z (OR2D0)                             0.06       3.96 f
  U761/Z (OR2D0)                             0.05       4.01 f
  DP_OP_78J1_125_4592_U4/S (HA1D0)           0.05       4.07 r
  U628/ZN (INVD0)                            0.01       4.08 f
  U631/ZN (AOI21D0)                          0.04       4.12 r
  U683/ZN (OAI21D0)                          0.03       4.15 f
  U684/ZN (NR2D0)                            0.09       4.25 r
  U685/ZN (INVD0)                            0.04       4.29 f
  U686/ZN (NR2D0)                            0.06       4.34 r
  U689/ZN (CKND2D0)                          0.14       4.49 f
  U691/ZN (OAI222D0)                         0.14       4.63 r
  result[19] (out)                           0.00       4.63 r
  data arrival time                                     4.63

  clock vclk (rise edge)                    10.00      10.00
  clock network delay (ideal)                0.00      10.00
  output external delay                     -0.02       9.98
  data required time                                    9.98
  -------------------------------------------------------------
  data required time                                    9.98
  data arrival time                                    -4.63
  -------------------------------------------------------------
  slack (MET)                                           5.35


  Startpoint: y[21] (input port clocked by vclk)
  Endpoint: result[16] (output port clocked by vclk)
  Path Group: vclk
  Path Type: max

  Des/Clust/Port     Wire Load Model       Library
  ------------------------------------------------
  oadm_fixed_l3_div_opt_best ZeroWireload  tcbn65gplustc_ccs

  Point                                      Incr       Path
  -------------------------------------------------------------
  clock vclk (rise edge)                     0.00       0.00
  clock network delay (ideal)                0.00       0.00
  input external delay                       0.02       0.02 r
  y[21] (in)                                 0.01       0.03 r
  U394/Z (BUFFD0)                            0.11       0.13 r
  U397/ZN (INVD0)                            0.16       0.29 f
  U1102/ZN (NR2D0)                           0.11       0.39 r
  U1105/S (FA1D0)                            0.13       0.52 f
  intadd_4_U23/CO (FA1D0)                    0.08       0.60 f
  intadd_4_U22/CO (FA1D0)                    0.06       0.66 f
  intadd_4_U21/CO (FA1D0)                    0.06       0.71 f
  intadd_4_U20/CO (FA1D0)                    0.06       0.77 f
  intadd_4_U19/CO (FA1D0)                    0.06       0.82 f
  intadd_4_U18/CO (FA1D0)                    0.06       0.88 f
  intadd_4_U17/CO (FA1D0)                    0.06       0.93 f
  intadd_4_U16/CO (FA1D0)                    0.06       0.99 f
  intadd_4_U15/CO (FA1D0)                    0.06       1.04 f
  intadd_4_U14/CO (FA1D0)                    0.06       1.10 f
  intadd_4_U13/CO (FA1D0)                    0.06       1.16 f
  intadd_4_U12/CO (FA1D0)                    0.06       1.21 f
  intadd_4_U11/CO (FA1D0)                    0.06       1.27 f
  intadd_4_U10/CO (FA1D0)                    0.06       1.32 f
  intadd_4_U9/CO (FA1D0)                     0.06       1.38 f
  intadd_4_U8/CO (FA1D0)                     0.06       1.43 f
  intadd_4_U7/CO (FA1D0)                     0.06       1.49 f
  intadd_4_U6/CO (FA1D0)                     0.06       1.54 f
  intadd_4_U5/CO (FA1D0)                     0.06       1.60 f
  intadd_4_U4/CO (FA1D0)                     0.06       1.65 f
  intadd_4_U3/CO (FA1D0)                     0.06       1.71 f
  intadd_4_U2/S (FA1D0)                      0.05       1.76 f
  U970/ZN (INVD0)                            0.03       1.79 r
  intadd_2_U3/CO (FA1D0)                     0.08       1.87 r
  intadd_2_U2/CO (FA1D0)                     0.06       1.93 r
  U428/Z (XOR3D0)                            0.11       2.05 f
  U432/ZN (CKND2D0)                          0.04       2.09 r
  U433/Z (OA21D0)                            0.05       2.14 r
  U1330/S (FA1D0)                            0.07       2.21 r
  intadd_1_U2/CO (FA1D0)                     0.10       2.31 r
  U440/Z (XOR4D0)                            0.16       2.46 r
  U441/ZN (INVD0)                            0.04       2.50 f
  U705/ZN (OAI221D0)                         0.06       2.57 r
  DP_OP_80J1_124_9037_U272/S (CMPE42D1)      0.13       2.70 r
  U782/ZN (INVD0)                            0.02       2.71 f
  intadd_0_U7/CO (FA1D0)                     0.10       2.81 f
  intadd_0_U6/CO (FA1D0)                     0.06       2.87 f
  intadd_0_U5/CO (FA1D0)                     0.06       2.92 f
  intadd_0_U4/CO (FA1D0)                     0.06       2.98 f
  intadd_0_U3/CO (FA1D0)                     0.06       3.03 f
  intadd_0_U2/CO (FA1D0)                     0.06       3.09 f
  U617/ZN (OAI211D0)                         0.16       3.25 r
  U634/ZN (INVD0)                            0.09       3.33 f
  U653/ZN (IOA21D0)                          0.06       3.40 f
  U654/ZN (NR2D0)                            0.04       3.44 r
  U655/ZN (INVD0)                            0.04       3.48 f
  U762/Z (OR2D0)                             0.05       3.53 f
  DP_OP_78J1_125_4592_U19/CO (FA1D0)         0.10       3.63 f
  U618/Z (OR2D0)                             0.05       3.68 f
  U619/Z (OR2D0)                             0.05       3.73 f
  U620/Z (OR2D0)                             0.06       3.79 f
  U621/Z (OR2D0)                             0.06       3.85 f
  U622/Z (OR2D0)                             0.06       3.90 f
  U623/Z (OR2D0)                             0.06       3.96 f
  U761/Z (OR2D0)                             0.05       4.01 f
  DP_OP_78J1_125_4592_U4/S (HA1D0)           0.05       4.07 r
  U628/ZN (INVD0)                            0.01       4.08 f
  U631/ZN (AOI21D0)                          0.04       4.12 r
  U683/ZN (OAI21D0)                          0.03       4.15 f
  U684/ZN (NR2D0)                            0.09       4.25 r
  U685/ZN (INVD0)                            0.04       4.29 f
  U686/ZN (NR2D0)                            0.06       4.34 r
  U689/ZN (CKND2D0)                          0.14       4.49 f
  U694/ZN (OAI222D0)                         0.14       4.63 r
  result[16] (out)                           0.00       4.63 r
  data arrival time                                     4.63

  clock vclk (rise edge)                    10.00      10.00
  clock network delay (ideal)                0.00      10.00
  output external delay                     -0.02       9.98
  data required time                                    9.98
  -------------------------------------------------------------
  data required time                                    9.98
  data arrival time                                    -4.63
  -------------------------------------------------------------
  slack (MET)                                           5.35


  Startpoint: y[21] (input port clocked by vclk)
  Endpoint: result[13] (output port clocked by vclk)
  Path Group: vclk
  Path Type: max

  Des/Clust/Port     Wire Load Model       Library
  ------------------------------------------------
  oadm_fixed_l3_div_opt_best ZeroWireload  tcbn65gplustc_ccs

  Point                                      Incr       Path
  -------------------------------------------------------------
  clock vclk (rise edge)                     0.00       0.00
  clock network delay (ideal)                0.00       0.00
  input external delay                       0.02       0.02 r
  y[21] (in)                                 0.01       0.03 r
  U394/Z (BUFFD0)                            0.11       0.13 r
  U397/ZN (INVD0)                            0.16       0.29 f
  U1102/ZN (NR2D0)                           0.11       0.39 r
  U1105/S (FA1D0)                            0.13       0.52 f
  intadd_4_U23/CO (FA1D0)                    0.08       0.60 f
  intadd_4_U22/CO (FA1D0)                    0.06       0.66 f
  intadd_4_U21/CO (FA1D0)                    0.06       0.71 f
  intadd_4_U20/CO (FA1D0)                    0.06       0.77 f
  intadd_4_U19/CO (FA1D0)                    0.06       0.82 f
  intadd_4_U18/CO (FA1D0)                    0.06       0.88 f
  intadd_4_U17/CO (FA1D0)                    0.06       0.93 f
  intadd_4_U16/CO (FA1D0)                    0.06       0.99 f
  intadd_4_U15/CO (FA1D0)                    0.06       1.04 f
  intadd_4_U14/CO (FA1D0)                    0.06       1.10 f
  intadd_4_U13/CO (FA1D0)                    0.06       1.16 f
  intadd_4_U12/CO (FA1D0)                    0.06       1.21 f
  intadd_4_U11/CO (FA1D0)                    0.06       1.27 f
  intadd_4_U10/CO (FA1D0)                    0.06       1.32 f
  intadd_4_U9/CO (FA1D0)                     0.06       1.38 f
  intadd_4_U8/CO (FA1D0)                     0.06       1.43 f
  intadd_4_U7/CO (FA1D0)                     0.06       1.49 f
  intadd_4_U6/CO (FA1D0)                     0.06       1.54 f
  intadd_4_U5/CO (FA1D0)                     0.06       1.60 f
  intadd_4_U4/CO (FA1D0)                     0.06       1.65 f
  intadd_4_U3/CO (FA1D0)                     0.06       1.71 f
  intadd_4_U2/S (FA1D0)                      0.05       1.76 f
  U970/ZN (INVD0)                            0.03       1.79 r
  intadd_2_U3/CO (FA1D0)                     0.08       1.87 r
  intadd_2_U2/CO (FA1D0)                     0.06       1.93 r
  U428/Z (XOR3D0)                            0.11       2.05 f
  U432/ZN (CKND2D0)                          0.04       2.09 r
  U433/Z (OA21D0)                            0.05       2.14 r
  U1330/S (FA1D0)                            0.07       2.21 r
  intadd_1_U2/CO (FA1D0)                     0.10       2.31 r
  U440/Z (XOR4D0)                            0.16       2.46 r
  U441/ZN (INVD0)                            0.04       2.50 f
  U705/ZN (OAI221D0)                         0.06       2.57 r
  DP_OP_80J1_124_9037_U272/S (CMPE42D1)      0.13       2.70 r
  U782/ZN (INVD0)                            0.02       2.71 f
  intadd_0_U7/CO (FA1D0)                     0.10       2.81 f
  intadd_0_U6/CO (FA1D0)                     0.06       2.87 f
  intadd_0_U5/CO (FA1D0)                     0.06       2.92 f
  intadd_0_U4/CO (FA1D0)                     0.06       2.98 f
  intadd_0_U3/CO (FA1D0)                     0.06       3.03 f
  intadd_0_U2/CO (FA1D0)                     0.06       3.09 f
  U617/ZN (OAI211D0)                         0.16       3.25 r
  U634/ZN (INVD0)                            0.09       3.33 f
  U653/ZN (IOA21D0)                          0.06       3.40 f
  U654/ZN (NR2D0)                            0.04       3.44 r
  U655/ZN (INVD0)                            0.04       3.48 f
  U762/Z (OR2D0)                             0.05       3.53 f
  DP_OP_78J1_125_4592_U19/CO (FA1D0)         0.10       3.63 f
  U618/Z (OR2D0)                             0.05       3.68 f
  U619/Z (OR2D0)                             0.05       3.73 f
  U620/Z (OR2D0)                             0.06       3.79 f
  U621/Z (OR2D0)                             0.06       3.85 f
  U622/Z (OR2D0)                             0.06       3.90 f
  U623/Z (OR2D0)                             0.06       3.96 f
  U761/Z (OR2D0)                             0.05       4.01 f
  DP_OP_78J1_125_4592_U4/S (HA1D0)           0.05       4.07 r
  U628/ZN (INVD0)                            0.01       4.08 f
  U631/ZN (AOI21D0)                          0.04       4.12 r
  U683/ZN (OAI21D0)                          0.03       4.15 f
  U684/ZN (NR2D0)                            0.09       4.25 r
  U685/ZN (INVD0)                            0.04       4.29 f
  U686/ZN (NR2D0)                            0.06       4.34 r
  U689/ZN (CKND2D0)                          0.14       4.49 f
  U692/ZN (OAI222D0)                         0.14       4.63 r
  result[13] (out)                           0.00       4.63 r
  data arrival time                                     4.63

  clock vclk (rise edge)                    10.00      10.00
  clock network delay (ideal)                0.00      10.00
  output external delay                     -0.02       9.98
  data required time                                    9.98
  -------------------------------------------------------------
  data required time                                    9.98
  data arrival time                                    -4.63
  -------------------------------------------------------------
  slack (MET)                                           5.35


  Startpoint: y[21] (input port clocked by vclk)
  Endpoint: result[10] (output port clocked by vclk)
  Path Group: vclk
  Path Type: max

  Des/Clust/Port     Wire Load Model       Library
  ------------------------------------------------
  oadm_fixed_l3_div_opt_best ZeroWireload  tcbn65gplustc_ccs

  Point                                      Incr       Path
  -------------------------------------------------------------
  clock vclk (rise edge)                     0.00       0.00
  clock network delay (ideal)                0.00       0.00
  input external delay                       0.02       0.02 r
  y[21] (in)                                 0.01       0.03 r
  U394/Z (BUFFD0)                            0.11       0.13 r
  U397/ZN (INVD0)                            0.16       0.29 f
  U1102/ZN (NR2D0)                           0.11       0.39 r
  U1105/S (FA1D0)                            0.13       0.52 f
  intadd_4_U23/CO (FA1D0)                    0.08       0.60 f
  intadd_4_U22/CO (FA1D0)                    0.06       0.66 f
  intadd_4_U21/CO (FA1D0)                    0.06       0.71 f
  intadd_4_U20/CO (FA1D0)                    0.06       0.77 f
  intadd_4_U19/CO (FA1D0)                    0.06       0.82 f
  intadd_4_U18/CO (FA1D0)                    0.06       0.88 f
  intadd_4_U17/CO (FA1D0)                    0.06       0.93 f
  intadd_4_U16/CO (FA1D0)                    0.06       0.99 f
  intadd_4_U15/CO (FA1D0)                    0.06       1.04 f
  intadd_4_U14/CO (FA1D0)                    0.06       1.10 f
  intadd_4_U13/CO (FA1D0)                    0.06       1.16 f
  intadd_4_U12/CO (FA1D0)                    0.06       1.21 f
  intadd_4_U11/CO (FA1D0)                    0.06       1.27 f
  intadd_4_U10/CO (FA1D0)                    0.06       1.32 f
  intadd_4_U9/CO (FA1D0)                     0.06       1.38 f
  intadd_4_U8/CO (FA1D0)                     0.06       1.43 f
  intadd_4_U7/CO (FA1D0)                     0.06       1.49 f
  intadd_4_U6/CO (FA1D0)                     0.06       1.54 f
  intadd_4_U5/CO (FA1D0)                     0.06       1.60 f
  intadd_4_U4/CO (FA1D0)                     0.06       1.65 f
  intadd_4_U3/CO (FA1D0)                     0.06       1.71 f
  intadd_4_U2/S (FA1D0)                      0.05       1.76 f
  U970/ZN (INVD0)                            0.03       1.79 r
  intadd_2_U3/CO (FA1D0)                     0.08       1.87 r
  intadd_2_U2/CO (FA1D0)                     0.06       1.93 r
  U428/Z (XOR3D0)                            0.11       2.05 f
  U432/ZN (CKND2D0)                          0.04       2.09 r
  U433/Z (OA21D0)                            0.05       2.14 r
  U1330/S (FA1D0)                            0.07       2.21 r
  intadd_1_U2/CO (FA1D0)                     0.10       2.31 r
  U440/Z (XOR4D0)                            0.16       2.46 r
  U441/ZN (INVD0)                            0.04       2.50 f
  U705/ZN (OAI221D0)                         0.06       2.57 r
  DP_OP_80J1_124_9037_U272/S (CMPE42D1)      0.13       2.70 r
  U782/ZN (INVD0)                            0.02       2.71 f
  intadd_0_U7/CO (FA1D0)                     0.10       2.81 f
  intadd_0_U6/CO (FA1D0)                     0.06       2.87 f
  intadd_0_U5/CO (FA1D0)                     0.06       2.92 f
  intadd_0_U4/CO (FA1D0)                     0.06       2.98 f
  intadd_0_U3/CO (FA1D0)                     0.06       3.03 f
  intadd_0_U2/CO (FA1D0)                     0.06       3.09 f
  U617/ZN (OAI211D0)                         0.16       3.25 r
  U634/ZN (INVD0)                            0.09       3.33 f
  U653/ZN (IOA21D0)                          0.06       3.40 f
  U654/ZN (NR2D0)                            0.04       3.44 r
  U655/ZN (INVD0)                            0.04       3.48 f
  U762/Z (OR2D0)                             0.05       3.53 f
  DP_OP_78J1_125_4592_U19/CO (FA1D0)         0.10       3.63 f
  U618/Z (OR2D0)                             0.05       3.68 f
  U619/Z (OR2D0)                             0.05       3.73 f
  U620/Z (OR2D0)                             0.06       3.79 f
  U621/Z (OR2D0)                             0.06       3.85 f
  U622/Z (OR2D0)                             0.06       3.90 f
  U623/Z (OR2D0)                             0.06       3.96 f
  U761/Z (OR2D0)                             0.05       4.01 f
  DP_OP_78J1_125_4592_U4/S (HA1D0)           0.05       4.07 r
  U628/ZN (INVD0)                            0.01       4.08 f
  U631/ZN (AOI21D0)                          0.04       4.12 r
  U683/ZN (OAI21D0)                          0.03       4.15 f
  U684/ZN (NR2D0)                            0.09       4.25 r
  U685/ZN (INVD0)                            0.04       4.29 f
  U686/ZN (NR2D0)                            0.06       4.34 r
  U689/ZN (CKND2D0)                          0.14       4.49 f
  U695/ZN (OAI222D0)                         0.14       4.63 r
  result[10] (out)                           0.00       4.63 r
  data arrival time                                     4.63

  clock vclk (rise edge)                    10.00      10.00
  clock network delay (ideal)                0.00      10.00
  output external delay                     -0.02       9.98
  data required time                                    9.98
  -------------------------------------------------------------
  data required time                                    9.98
  data arrival time                                    -4.63
  -------------------------------------------------------------
  slack (MET)                                           5.35


  Startpoint: y[21] (input port clocked by vclk)
  Endpoint: result[7] (output port clocked by vclk)
  Path Group: vclk
  Path Type: max

  Des/Clust/Port     Wire Load Model       Library
  ------------------------------------------------
  oadm_fixed_l3_div_opt_best ZeroWireload  tcbn65gplustc_ccs

  Point                                      Incr       Path
  -------------------------------------------------------------
  clock vclk (rise edge)                     0.00       0.00
  clock network delay (ideal)                0.00       0.00
  input external delay                       0.02       0.02 r
  y[21] (in)                                 0.01       0.03 r
  U394/Z (BUFFD0)                            0.11       0.13 r
  U397/ZN (INVD0)                            0.16       0.29 f
  U1102/ZN (NR2D0)                           0.11       0.39 r
  U1105/S (FA1D0)                            0.13       0.52 f
  intadd_4_U23/CO (FA1D0)                    0.08       0.60 f
  intadd_4_U22/CO (FA1D0)                    0.06       0.66 f
  intadd_4_U21/CO (FA1D0)                    0.06       0.71 f
  intadd_4_U20/CO (FA1D0)                    0.06       0.77 f
  intadd_4_U19/CO (FA1D0)                    0.06       0.82 f
  intadd_4_U18/CO (FA1D0)                    0.06       0.88 f
  intadd_4_U17/CO (FA1D0)                    0.06       0.93 f
  intadd_4_U16/CO (FA1D0)                    0.06       0.99 f
  intadd_4_U15/CO (FA1D0)                    0.06       1.04 f
  intadd_4_U14/CO (FA1D0)                    0.06       1.10 f
  intadd_4_U13/CO (FA1D0)                    0.06       1.16 f
  intadd_4_U12/CO (FA1D0)                    0.06       1.21 f
  intadd_4_U11/CO (FA1D0)                    0.06       1.27 f
  intadd_4_U10/CO (FA1D0)                    0.06       1.32 f
  intadd_4_U9/CO (FA1D0)                     0.06       1.38 f
  intadd_4_U8/CO (FA1D0)                     0.06       1.43 f
  intadd_4_U7/CO (FA1D0)                     0.06       1.49 f
  intadd_4_U6/CO (FA1D0)                     0.06       1.54 f
  intadd_4_U5/CO (FA1D0)                     0.06       1.60 f
  intadd_4_U4/CO (FA1D0)                     0.06       1.65 f
  intadd_4_U3/CO (FA1D0)                     0.06       1.71 f
  intadd_4_U2/S (FA1D0)                      0.05       1.76 f
  U970/ZN (INVD0)                            0.03       1.79 r
  intadd_2_U3/CO (FA1D0)                     0.08       1.87 r
  intadd_2_U2/CO (FA1D0)                     0.06       1.93 r
  U428/Z (XOR3D0)                            0.11       2.05 f
  U432/ZN (CKND2D0)                          0.04       2.09 r
  U433/Z (OA21D0)                            0.05       2.14 r
  U1330/S (FA1D0)                            0.07       2.21 r
  intadd_1_U2/CO (FA1D0)                     0.10       2.31 r
  U440/Z (XOR4D0)                            0.16       2.46 r
  U441/ZN (INVD0)                            0.04       2.50 f
  U705/ZN (OAI221D0)                         0.06       2.57 r
  DP_OP_80J1_124_9037_U272/S (CMPE42D1)      0.13       2.70 r
  U782/ZN (INVD0)                            0.02       2.71 f
  intadd_0_U7/CO (FA1D0)                     0.10       2.81 f
  intadd_0_U6/CO (FA1D0)                     0.06       2.87 f
  intadd_0_U5/CO (FA1D0)                     0.06       2.92 f
  intadd_0_U4/CO (FA1D0)                     0.06       2.98 f
  intadd_0_U3/CO (FA1D0)                     0.06       3.03 f
  intadd_0_U2/CO (FA1D0)                     0.06       3.09 f
  U617/ZN (OAI211D0)                         0.16       3.25 r
  U634/ZN (INVD0)                            0.09       3.33 f
  U653/ZN (IOA21D0)                          0.06       3.40 f
  U654/ZN (NR2D0)                            0.04       3.44 r
  U655/ZN (INVD0)                            0.04       3.48 f
  U762/Z (OR2D0)                             0.05       3.53 f
  DP_OP_78J1_125_4592_U19/CO (FA1D0)         0.10       3.63 f
  U618/Z (OR2D0)                             0.05       3.68 f
  U619/Z (OR2D0)                             0.05       3.73 f
  U620/Z (OR2D0)                             0.06       3.79 f
  U621/Z (OR2D0)                             0.06       3.85 f
  U622/Z (OR2D0)                             0.06       3.90 f
  U623/Z (OR2D0)                             0.06       3.96 f
  U761/Z (OR2D0)                             0.05       4.01 f
  DP_OP_78J1_125_4592_U4/S (HA1D0)           0.05       4.07 r
  U628/ZN (INVD0)                            0.01       4.08 f
  U631/ZN (AOI21D0)                          0.04       4.12 r
  U683/ZN (OAI21D0)                          0.03       4.15 f
  U684/ZN (NR2D0)                            0.09       4.25 r
  U685/ZN (INVD0)                            0.04       4.29 f
  U686/ZN (NR2D0)                            0.06       4.34 r
  U689/ZN (CKND2D0)                          0.14       4.49 f
  U693/ZN (OAI222D0)                         0.14       4.63 r
  result[7] (out)                            0.00       4.63 r
  data arrival time                                     4.63

  clock vclk (rise edge)                    10.00      10.00
  clock network delay (ideal)                0.00      10.00
  output external delay                     -0.02       9.98
  data required time                                    9.98
  -------------------------------------------------------------
  data required time                                    9.98
  data arrival time                                    -4.63
  -------------------------------------------------------------
  slack (MET)                                           5.35


  Startpoint: y[21] (input port clocked by vclk)
  Endpoint: result[2] (output port clocked by vclk)
  Path Group: vclk
  Path Type: max

  Des/Clust/Port     Wire Load Model       Library
  ------------------------------------------------
  oadm_fixed_l3_div_opt_best ZeroWireload  tcbn65gplustc_ccs

  Point                                      Incr       Path
  -------------------------------------------------------------
  clock vclk (rise edge)                     0.00       0.00
  clock network delay (ideal)                0.00       0.00
  input external delay                       0.02       0.02 r
  y[21] (in)                                 0.01       0.03 r
  U394/Z (BUFFD0)                            0.11       0.13 r
  U397/ZN (INVD0)                            0.16       0.29 f
  U1102/ZN (NR2D0)                           0.11       0.39 r
  U1105/S (FA1D0)                            0.13       0.52 f
  intadd_4_U23/CO (FA1D0)                    0.08       0.60 f
  intadd_4_U22/CO (FA1D0)                    0.06       0.66 f
  intadd_4_U21/CO (FA1D0)                    0.06       0.71 f
  intadd_4_U20/CO (FA1D0)                    0.06       0.77 f
  intadd_4_U19/CO (FA1D0)                    0.06       0.82 f
  intadd_4_U18/CO (FA1D0)                    0.06       0.88 f
  intadd_4_U17/CO (FA1D0)                    0.06       0.93 f
  intadd_4_U16/CO (FA1D0)                    0.06       0.99 f
  intadd_4_U15/CO (FA1D0)                    0.06       1.04 f
  intadd_4_U14/CO (FA1D0)                    0.06       1.10 f
  intadd_4_U13/CO (FA1D0)                    0.06       1.16 f
  intadd_4_U12/CO (FA1D0)                    0.06       1.21 f
  intadd_4_U11/CO (FA1D0)                    0.06       1.27 f
  intadd_4_U10/CO (FA1D0)                    0.06       1.32 f
  intadd_4_U9/CO (FA1D0)                     0.06       1.38 f
  intadd_4_U8/CO (FA1D0)                     0.06       1.43 f
  intadd_4_U7/CO (FA1D0)                     0.06       1.49 f
  intadd_4_U6/CO (FA1D0)                     0.06       1.54 f
  intadd_4_U5/CO (FA1D0)                     0.06       1.60 f
  intadd_4_U4/CO (FA1D0)                     0.06       1.65 f
  intadd_4_U3/CO (FA1D0)                     0.06       1.71 f
  intadd_4_U2/S (FA1D0)                      0.05       1.76 f
  U970/ZN (INVD0)                            0.03       1.79 r
  intadd_2_U3/CO (FA1D0)                     0.08       1.87 r
  intadd_2_U2/CO (FA1D0)                     0.06       1.93 r
  U428/Z (XOR3D0)                            0.11       2.05 f
  U432/ZN (CKND2D0)                          0.04       2.09 r
  U433/Z (OA21D0)                            0.05       2.14 r
  U1330/S (FA1D0)                            0.07       2.21 r
  intadd_1_U2/CO (FA1D0)                     0.10       2.31 r
  U440/Z (XOR4D0)                            0.16       2.46 r
  U441/ZN (INVD0)                            0.04       2.50 f
  U705/ZN (OAI221D0)                         0.06       2.57 r
  DP_OP_80J1_124_9037_U272/S (CMPE42D1)      0.13       2.70 r
  U782/ZN (INVD0)                            0.02       2.71 f
  intadd_0_U7/CO (FA1D0)                     0.10       2.81 f
  intadd_0_U6/CO (FA1D0)                     0.06       2.87 f
  intadd_0_U5/CO (FA1D0)                     0.06       2.92 f
  intadd_0_U4/CO (FA1D0)                     0.06       2.98 f
  intadd_0_U3/CO (FA1D0)                     0.06       3.03 f
  intadd_0_U2/CO (FA1D0)                     0.06       3.09 f
  U617/ZN (OAI211D0)                         0.16       3.25 r
  U634/ZN (INVD0)                            0.09       3.33 f
  U653/ZN (IOA21D0)                          0.06       3.40 f
  U654/ZN (NR2D0)                            0.04       3.44 r
  U655/ZN (INVD0)                            0.04       3.48 f
  U762/Z (OR2D0)                             0.05       3.53 f
  DP_OP_78J1_125_4592_U19/CO (FA1D0)         0.10       3.63 f
  U618/Z (OR2D0)                             0.05       3.68 f
  U619/Z (OR2D0)                             0.05       3.73 f
  U620/Z (OR2D0)                             0.06       3.79 f
  U621/Z (OR2D0)                             0.06       3.85 f
  U622/Z (OR2D0)                             0.06       3.90 f
  U623/Z (OR2D0)                             0.06       3.96 f
  U761/Z (OR2D0)                             0.05       4.01 f
  DP_OP_78J1_125_4592_U4/S (HA1D0)           0.05       4.07 r
  U628/ZN (INVD0)                            0.01       4.08 f
  U631/ZN (AOI21D0)                          0.04       4.12 r
  U683/ZN (OAI21D0)                          0.03       4.15 f
  U684/ZN (NR2D0)                            0.09       4.25 r
  U685/ZN (INVD0)                            0.04       4.29 f
  U686/ZN (NR2D0)                            0.06       4.34 r
  U689/ZN (CKND2D0)                          0.14       4.49 f
  U690/ZN (OAI222D0)                         0.14       4.63 r
  result[2] (out)                            0.00       4.63 r
  data arrival time                                     4.63

  clock vclk (rise edge)                    10.00      10.00
  clock network delay (ideal)                0.00      10.00
  output external delay                     -0.02       9.98
  data required time                                    9.98
  -------------------------------------------------------------
  data required time                                    9.98
  data arrival time                                    -4.63
  -------------------------------------------------------------
  slack (MET)                                           5.35


1
