###############################################################
#  Generated by:      Cadence Innovus 21.16-s078_1
#  OS:                Linux x86_64(Host ID micro03)
#  Generated on:      Mon Aug  3 20:29:11 2026
#  Design:            oadm_dm
#  Command:           report_ccopt_skew_groups -file oadm_dm.ccopt.skew.rpt
###############################################################

Skew Group Structure:
=====================

-------------------------------------------------------------------------
Skew Group            Sources    Constrained Sinks    Unconstrained Sinks
-------------------------------------------------------------------------
clk/functional_2ns       1              705                    0
-------------------------------------------------------------------------

Skew Group Summary:
===================

---------------------------------------------------------------------------------------------------------------------------------------------------------------------------------
Timing Corner                   Skew Group            ID Target    Min ID    Max ID    Avg ID    Std.Dev. ID    Skew Target Type    Skew Target    Skew     Skew window occupancy
---------------------------------------------------------------------------------------------------------------------------------------------------------------------------------
dc_tt_typical:both.early        clk/functional_2ns        -        0.118     0.127     0.123        0.002       ignored                  -         0.009              -
dc_tt_typical:both.late         clk/functional_2ns    none         0.118     0.127     0.123        0.002       explicit             0.020         0.009    100% {0.118, 0.127}
dc_ss125_cworst:setup.early     clk/functional_2ns        -        0.177     0.192     0.185        0.004       ignored                  -         0.015              -
dc_ss125_cworst:setup.late      clk/functional_2ns        -        0.177     0.192     0.185        0.004       ignored                  -         0.015              -
dc_ss125_rcworst:setup.early    clk/functional_2ns        -        0.174     0.189     0.183        0.003       ignored                  -         0.014              -
dc_ss125_rcworst:setup.late     clk/functional_2ns        -        0.175     0.189     0.183        0.003       ignored                  -         0.014              -
dc_ss0_cworst:setup.early       clk/functional_2ns        -        0.181     0.196     0.190        0.004       ignored                  -         0.015              -
dc_ss0_cworst:setup.late        clk/functional_2ns        -        0.181     0.196     0.190        0.004       ignored                  -         0.015              -
dc_ss0_rcworst:setup.early      clk/functional_2ns        -        0.179     0.194     0.188        0.003       ignored                  -         0.015              -
dc_ss0_rcworst:setup.late       clk/functional_2ns        -        0.179     0.194     0.188        0.003       ignored                  -         0.015              -
dc_ssm40_cworst:setup.early     clk/functional_2ns        -        0.187     0.203     0.195        0.004       ignored                  -         0.016              -
dc_ssm40_cworst:setup.late      clk/functional_2ns        -        0.187     0.203     0.195        0.004       ignored                  -         0.016              -
dc_ssm40_rcworst:setup.early    clk/functional_2ns        -        0.183     0.199     0.193        0.003       ignored                  -         0.015              -
dc_ssm40_rcworst:setup.late     clk/functional_2ns        -        0.184     0.199     0.193        0.003       ignored                  -         0.015              -
dc_ff0_cbest:hold.early         clk/functional_2ns        -        0.086     0.094     0.091        0.001       ignored                  -         0.008              -
dc_ff0_cbest:hold.late          clk/functional_2ns        -        0.086     0.094     0.091        0.001       ignored                  -         0.008              -
dc_ff0_rcbest:hold.early        clk/functional_2ns        -        0.087     0.094     0.091        0.001       ignored                  -         0.007              -
dc_ff0_rcbest:hold.late         clk/functional_2ns        -        0.087     0.094     0.091        0.001       ignored                  -         0.007              -
dc_ffm40_cbest:hold.early       clk/functional_2ns        -        0.083     0.091     0.088        0.001       ignored                  -         0.008              -
dc_ffm40_cbest:hold.late        clk/functional_2ns        -        0.083     0.091     0.088        0.001       ignored                  -         0.008              -
dc_ffm40_rcbest:hold.early      clk/functional_2ns        -        0.084     0.090     0.088        0.001       ignored                  -         0.006              -
dc_ffm40_rcbest:hold.late       clk/functional_2ns        -        0.084     0.091     0.088        0.001       ignored                  -         0.006              -
dc_ff125_cbest:hold.early       clk/functional_2ns        -        0.093     0.101     0.099        0.002       ignored                  -         0.008              -
dc_ff125_cbest:hold.late        clk/functional_2ns        -        0.093     0.101     0.099        0.002       ignored                  -         0.008              -
dc_ff125_rcbest:hold.early      clk/functional_2ns        -        0.093     0.101     0.098        0.002       ignored                  -         0.008              -
dc_ff125_rcbest:hold.late       clk/functional_2ns        -        0.093     0.101     0.098        0.002       ignored                  -         0.008              -
---------------------------------------------------------------------------------------------------------------------------------------------------------------------------------

* - indicates that target was not met.

Skew Group Min/Max path pins:
=============================

------------------------------------------------------------------------------------------
Timing Corner                   Skew Group            Min ID    PathID    Max ID    PathID
------------------------------------------------------------------------------------------
dc_tt_typical:both.early        clk/functional_2ns    0.118        1      0.127        2
-    min mantissa_core/x_stage1_reg_3_/CP
-    max mantissa_core/coefficient_stage3_reg_7_/CP
dc_tt_typical:both.late         clk/functional_2ns    0.118        3      0.127        4
-    min mantissa_core/x_stage1_reg_3_/CP
-    max mantissa_core/coefficient_stage3_reg_7_/CP
dc_ss125_cworst:setup.early     clk/functional_2ns    0.177        5      0.192        6
-    min mantissa_core/x_stage1_reg_3_/CP
-    max mantissa_core/coefficient_stage4_reg_0_/CP
dc_ss125_cworst:setup.late      clk/functional_2ns    0.177        7      0.192        8
-    min mantissa_core/x_stage1_reg_3_/CP
-    max mantissa_core/coefficient_stage4_reg_0_/CP
dc_ss125_rcworst:setup.early    clk/functional_2ns    0.174        9      0.189       10
-    min mantissa_core/x_stage1_reg_3_/CP
-    max mantissa_core/coefficient_stage3_reg_7_/CP
dc_ss125_rcworst:setup.late     clk/functional_2ns    0.175       11      0.189       12
-    min mantissa_core/x_stage1_reg_3_/CP
-    max mantissa_core/coefficient_stage3_reg_7_/CP
dc_ss0_cworst:setup.early       clk/functional_2ns    0.181       13      0.196       14
-    min mantissa_core/x_stage1_reg_3_/CP
-    max mantissa_core/coefficient_stage4_reg_0_/CP
dc_ss0_cworst:setup.late        clk/functional_2ns    0.181       15      0.196       16
-    min mantissa_core/x_stage1_reg_3_/CP
-    max mantissa_core/coefficient_stage4_reg_0_/CP
dc_ss0_rcworst:setup.early      clk/functional_2ns    0.179       17      0.194       18
-    min mantissa_core/x_stage1_reg_3_/CP
-    max mantissa_core/coefficient_stage4_reg_0_/CP
dc_ss0_rcworst:setup.late       clk/functional_2ns    0.179       19      0.194       20
-    min mantissa_core/x_stage1_reg_3_/CP
-    max mantissa_core/coefficient_stage4_reg_0_/CP
dc_ssm40_cworst:setup.early     clk/functional_2ns    0.187       21      0.203       22
-    min mantissa_core/x_stage1_reg_3_/CP
-    max mantissa_core/coefficient_stage4_reg_0_/CP
dc_ssm40_cworst:setup.late      clk/functional_2ns    0.187       23      0.203       24
-    min mantissa_core/x_stage1_reg_3_/CP
-    max mantissa_core/coefficient_stage4_reg_0_/CP
dc_ssm40_rcworst:setup.early    clk/functional_2ns    0.183       25      0.199       26
-    min mantissa_core/x_stage1_reg_3_/CP
-    max mantissa_core/coefficient_stage3_reg_7_/CP
dc_ssm40_rcworst:setup.late     clk/functional_2ns    0.184       27      0.199       28
-    min mantissa_core/x_stage1_reg_3_/CP
-    max mantissa_core/coefficient_stage3_reg_7_/CP
dc_ff0_cbest:hold.early         clk/functional_2ns    0.086       29      0.094       30
-    min mantissa_core/delta_3_stage3_reg_16_/CP
-    max exponent_stage6_reg_3_/CP
dc_ff0_cbest:hold.late          clk/functional_2ns    0.086       31      0.094       32
-    min mantissa_core/delta_3_stage3_reg_16_/CP
-    max exponent_stage6_reg_3_/CP
dc_ff0_rcbest:hold.early        clk/functional_2ns    0.087       33      0.094       34
-    min mantissa_core/x_stage1_reg_3_/CP
-    max mantissa_core/coefficient_stage4_reg_0_/CP
dc_ff0_rcbest:hold.late         clk/functional_2ns    0.087       35      0.094       36
-    min mantissa_core/x_stage1_reg_3_/CP
-    max mantissa_core/coefficient_stage4_reg_0_/CP
dc_ffm40_cbest:hold.early       clk/functional_2ns    0.083       37      0.091       38
-    min mantissa_core/delta_3_stage3_reg_16_/CP
-    max exponent_stage6_reg_5_/CP
dc_ffm40_cbest:hold.late        clk/functional_2ns    0.083       39      0.091       40
-    min mantissa_core/delta_3_stage3_reg_16_/CP
-    max exponent_stage6_reg_5_/CP
dc_ffm40_rcbest:hold.early      clk/functional_2ns    0.084       41      0.090       42
-    min mantissa_core/x_stage1_reg_3_/CP
-    max mantissa_core/coefficient_stage4_reg_0_/CP
dc_ffm40_rcbest:hold.late       clk/functional_2ns    0.084       43      0.091       44
-    min mantissa_core/x_stage1_reg_3_/CP
-    max mantissa_core/coefficient_stage4_reg_0_/CP
dc_ff125_cbest:hold.early       clk/functional_2ns    0.093       45      0.101       46
-    min mantissa_core/delta_3_stage3_reg_16_/CP
-    max exponent_stage6_reg_9_/CP
dc_ff125_cbest:hold.late        clk/functional_2ns    0.093       47      0.101       48
-    min mantissa_core/delta_3_stage3_reg_16_/CP
-    max exponent_stage6_reg_9_/CP
dc_ff125_rcbest:hold.early      clk/functional_2ns    0.093       49      0.101       50
-    min mantissa_core/x_stage1_reg_3_/CP
-    max mantissa_core/coefficient_stage4_reg_0_/CP
dc_ff125_rcbest:hold.late       clk/functional_2ns    0.093       51      0.101       52
-    min mantissa_core/x_stage1_reg_3_/CP
-    max mantissa_core/coefficient_stage4_reg_0_/CP
------------------------------------------------------------------------------------------

Timing for timing corner dc_tt_typical:both.early, min clock_path:
==================================================================

PathID    : 1
Path type : skew group clk/functional_2ns (path 1 of 1)
Start     : clk
End       : mantissa_core/x_stage1_reg_3_/CP
Delay     : 0.118

-----------------------------------------------------------------------------------------------
Name  Lib cell  Event  Incr   Arrival  Slew   Cap    Location          Distance  Fanout  Status
                       (ns)   (ns)     (ns)   (pF)                     (um)              
-- Clockpath trace ----------------------------------------------------------------------------
clk
-     -         rise   -       0.000   0.004  0.004  (16.000,332.800)  -            1    
CTS_csf_inv_00016/I
-     CKND2     rise   0.000   0.000   0.004  -      (6.500,323.800)    18.500   -       
CTS_csf_inv_00016/ZN
-     CKND2     fall   0.010   0.010   0.011  0.004  (6.770,324.095)     0.565      1    
CTS_csf_inv_00014/I
-     CKND4     fall   0.000   0.010   0.011  -      (5.700,323.800)     1.365   -       
CTS_csf_inv_00014/ZN
-     CKND4     rise   0.016   0.026   0.022  0.011  (5.100,323.400)     1.000      1    
CTS_ccl_a_inv_00013/I
-     CKND12    rise   0.000   0.026   0.022  -      (6.100,320.000)     4.400   -       
CTS_ccl_a_inv_00013/ZN
-     CKND12    fall   0.016   0.042   0.018  0.034  (7.500,319.800)     1.600      1    
CTS_ccl_a_inv_00012/I
-     CKND20    fall   0.004   0.045   0.020  -      (47.900,201.200)  159.000   -       
CTS_ccl_a_inv_00012/ZN
-     CKND20    rise   0.018   0.064   0.023  0.052  (50.300,201.000)    2.600      3    
CTS_ccl_a_inv_00009/I
-     CKND16    rise   0.004   0.067   0.025  -      (67.500,78.800)   139.400   -       
CTS_ccl_a_inv_00009/ZN
-     CKND16    fall   0.019   0.086   0.021  0.050  (69.500,78.600)     2.200      3    
CTS_ccl_a_inv_00001/I
-     CKND20    fall   0.001   0.087   0.021  -      (70.700,68.000)    11.800   -       
CTS_ccl_a_inv_00001/ZN
-     CKND20    rise   0.030   0.116   0.049  0.132  (73.100,67.800)     2.600     96    
mantissa_core/x_stage1_reg_3_/CP
-     DFQD1     rise   0.001   0.118   0.050  -      (76.500,66.600)     4.600   -       
-----------------------------------------------------------------------------------------------

Timing for timing corner dc_tt_typical:both.early, max clock_path:
==================================================================

PathID    : 2
Path type : skew group clk/functional_2ns (path 1 of 1)
Start     : clk
End       : mantissa_core/coefficient_stage1_reg_7_/CP
Delay     : 0.127

-----------------------------------------------------------------------------------------------
Name  Lib cell  Event  Incr   Arrival  Slew   Cap    Location          Distance  Fanout  Status
                       (ns)   (ns)     (ns)   (pF)                     (um)              
-- Clockpath trace ----------------------------------------------------------------------------
clk
-     -         rise   -       0.000   0.004  0.004  (16.000,332.800)  -            1    
CTS_csf_inv_00016/I
-     CKND2     rise   0.000   0.000   0.004  -      (6.500,323.800)    18.500   -       
CTS_csf_inv_00016/ZN
-     CKND2     fall   0.010   0.010   0.011  0.004  (6.770,324.095)     0.565      1    
CTS_csf_inv_00014/I
-     CKND4     fall   0.000   0.010   0.011  -      (5.700,323.800)     1.365   -       
CTS_csf_inv_00014/ZN
-     CKND4     rise   0.016   0.026   0.022  0.011  (5.100,323.400)     1.000      1    
CTS_ccl_a_inv_00013/I
-     CKND12    rise   0.000   0.026   0.022  -      (6.100,320.000)     4.400   -       
CTS_ccl_a_inv_00013/ZN
-     CKND12    fall   0.016   0.042   0.018  0.034  (7.500,319.800)     1.600      1    
CTS_ccl_a_inv_00012/I
-     CKND20    fall   0.004   0.045   0.020  -      (47.900,201.200)  159.000   -       
CTS_ccl_a_inv_00012/ZN
-     CKND20    rise   0.018   0.064   0.023  0.052  (50.300,201.000)    2.600      3    
mantissa_core/CTS_ccl_a_inv_00010/I
-     CKND6     rise   0.001   0.064   0.023  -      (49.700,194.000)    7.600   -       
mantissa_core/CTS_ccl_a_inv_00010/ZN
-     CKND6     fall   0.023   0.087   0.029  0.029  (50.700,193.800)    1.200      2    
mantissa_core/CTS_ccl_a_inv_00004/I
-     CKND16    fall   0.000   0.088   0.029  -      (49.700,189.200)    5.600   -       
mantissa_core/CTS_ccl_a_inv_00004/ZN
-     CKND16    rise   0.035   0.123   0.056  0.119  (47.700,189.400)    2.200     85    
mantissa_core/coefficient_stage1_reg_7_/CP
-     DFQD1     rise   0.003   0.127   0.058  -      (48.500,233.800)   45.200   -       
-----------------------------------------------------------------------------------------------

Timing for timing corner dc_tt_typical:both.late, min clock_path:
=================================================================

PathID    : 3
Path type : skew group clk/functional_2ns (path 1 of 1)
Start     : clk
End       : mantissa_core/x_stage1_reg_3_/CP
Delay     : 0.118

-----------------------------------------------------------------------------------------------
Name  Lib cell  Event  Incr   Arrival  Slew   Cap    Location          Distance  Fanout  Status
                       (ns)   (ns)     (ns)   (pF)                     (um)              
-- Clockpath trace ----------------------------------------------------------------------------
clk
-     -         rise   -       0.000   0.004  0.004  (16.000,332.800)  -            1    
CTS_csf_inv_00016/I
-     CKND2     rise   0.000   0.000   0.004  -      (6.500,323.800)    18.500   -       
CTS_csf_inv_00016/ZN
-     CKND2     fall   0.010   0.010   0.011  0.004  (6.770,324.095)     0.565      1    
CTS_csf_inv_00014/I
-     CKND4     fall   0.000   0.010   0.011  -      (5.700,323.800)     1.365   -       
CTS_csf_inv_00014/ZN
-     CKND4     rise   0.016   0.026   0.022  0.011  (5.100,323.400)     1.000      1    
CTS_ccl_a_inv_00013/I
-     CKND12    rise   0.000   0.026   0.022  -      (6.100,320.000)     4.400   -       
CTS_ccl_a_inv_00013/ZN
-     CKND12    fall   0.016   0.042   0.018  0.034  (7.500,319.800)     1.600      1    
CTS_ccl_a_inv_00012/I
-     CKND20    fall   0.004   0.045   0.020  -      (47.900,201.200)  159.000   -       
CTS_ccl_a_inv_00012/ZN
-     CKND20    rise   0.018   0.064   0.023  0.052  (50.300,201.000)    2.600      3    
CTS_ccl_a_inv_00009/I
-     CKND16    rise   0.004   0.067   0.025  -      (67.500,78.800)   139.400   -       
CTS_ccl_a_inv_00009/ZN
-     CKND16    fall   0.019   0.086   0.021  0.050  (69.500,78.600)     2.200      3    
CTS_ccl_a_inv_00001/I
-     CKND20    fall   0.001   0.087   0.021  -      (70.700,68.000)    11.800   -       
CTS_ccl_a_inv_00001/ZN
-     CKND20    rise   0.030   0.116   0.049  0.132  (73.100,67.800)     2.600     96    
mantissa_core/x_stage1_reg_3_/CP
-     DFQD1     rise   0.001   0.118   0.050  -      (76.500,66.600)     4.600   -       
-----------------------------------------------------------------------------------------------

Timing for timing corner dc_tt_typical:both.late, max clock_path:
=================================================================

PathID    : 4
Path type : skew group clk/functional_2ns (path 1 of 1)
Start     : clk
End       : mantissa_core/coefficient_stage1_reg_7_/CP
Delay     : 0.127

-----------------------------------------------------------------------------------------------
Name  Lib cell  Event  Incr   Arrival  Slew   Cap    Location          Distance  Fanout  Status
                       (ns)   (ns)     (ns)   (pF)                     (um)              
-- Clockpath trace ----------------------------------------------------------------------------
clk
-     -         rise   -       0.000   0.004  0.004  (16.000,332.800)  -            1    
CTS_csf_inv_00016/I
-     CKND2     rise   0.000   0.000   0.004  -      (6.500,323.800)    18.500   -       
CTS_csf_inv_00016/ZN
-     CKND2     fall   0.010   0.010   0.011  0.004  (6.770,324.095)     0.565      1    
CTS_csf_inv_00014/I
-     CKND4     fall   0.000   0.010   0.011  -      (5.700,323.800)     1.365   -       
CTS_csf_inv_00014/ZN
-     CKND4     rise   0.016   0.026   0.022  0.011  (5.100,323.400)     1.000      1    
CTS_ccl_a_inv_00013/I
-     CKND12    rise   0.000   0.026   0.022  -      (6.100,320.000)     4.400   -       
CTS_ccl_a_inv_00013/ZN
-     CKND12    fall   0.016   0.042   0.018  0.034  (7.500,319.800)     1.600      1    
CTS_ccl_a_inv_00012/I
-     CKND20    fall   0.004   0.045   0.020  -      (47.900,201.200)  159.000   -       
CTS_ccl_a_inv_00012/ZN
-     CKND20    rise   0.018   0.064   0.023  0.052  (50.300,201.000)    2.600      3    
mantissa_core/CTS_ccl_a_inv_00010/I
-     CKND6     rise   0.001   0.064   0.023  -      (49.700,194.000)    7.600   -       
mantissa_core/CTS_ccl_a_inv_00010/ZN
-     CKND6     fall   0.023   0.087   0.029  0.029  (50.700,193.800)    1.200      2    
mantissa_core/CTS_ccl_a_inv_00004/I
-     CKND16    fall   0.000   0.088   0.029  -      (49.700,189.200)    5.600   -       
mantissa_core/CTS_ccl_a_inv_00004/ZN
-     CKND16    rise   0.035   0.123   0.056  0.119  (47.700,189.400)    2.200     85    
mantissa_core/coefficient_stage1_reg_7_/CP
-     DFQD1     rise   0.003   0.127   0.058  -      (48.500,233.800)   45.200   -       
-----------------------------------------------------------------------------------------------

Timing for timing corner dc_ss125_cworst:setup.early, min clock_path:
=====================================================================

PathID    : 5
Path type : skew group clk/functional_2ns (path 1 of 1)
Start     : clk
End       : mantissa_core/x_stage1_reg_3_/CP
Delay     : 0.177

-----------------------------------------------------------------------------------------------
Name  Lib cell  Event  Incr   Arrival  Slew   Cap    Location          Distance  Fanout  Status
                       (ns)   (ns)     (ns)   (pF)                     (um)              
-- Clockpath trace ----------------------------------------------------------------------------
clk
-     -         rise   -       0.000   0.004  0.004  (16.000,332.800)  -            1    
CTS_csf_inv_00016/I
-     CKND2     rise   0.000   0.000   0.004  -      (6.500,323.800)    18.500   -       
CTS_csf_inv_00016/ZN
-     CKND2     fall   0.014   0.014   0.017  0.004  (6.770,324.095)     0.565      1    
CTS_csf_inv_00014/I
-     CKND4     fall   0.000   0.014   0.017  -      (5.700,323.800)     1.365   -       
CTS_csf_inv_00014/ZN
-     CKND4     rise   0.025   0.039   0.032  0.011  (5.100,323.400)     1.000      1    
CTS_ccl_a_inv_00013/I
-     CKND12    rise   0.000   0.039   0.032  -      (6.100,320.000)     4.400   -       
CTS_ccl_a_inv_00013/ZN
-     CKND12    fall   0.026   0.065   0.029  0.036  (7.500,319.800)     1.600      1    
CTS_ccl_a_inv_00012/I
-     CKND20    fall   0.003   0.068   0.030  -      (47.900,201.200)  159.000   -       
CTS_ccl_a_inv_00012/ZN
-     CKND20    rise   0.028   0.096   0.034  0.053  (50.300,201.000)    2.600      3    
CTS_ccl_a_inv_00009/I
-     CKND16    rise   0.004   0.100   0.035  -      (67.500,78.800)   139.400   -       
CTS_ccl_a_inv_00009/ZN
-     CKND16    fall   0.029   0.129   0.031  0.050  (69.500,78.600)     2.200      3    
CTS_ccl_a_inv_00001/I
-     CKND20    fall   0.001   0.130   0.031  -      (70.700,68.000)    11.800   -       
CTS_ccl_a_inv_00001/ZN
-     CKND20    rise   0.045   0.175   0.071  0.133  (73.100,67.800)     2.600     96    
mantissa_core/x_stage1_reg_3_/CP
-     DFQD1     rise   0.002   0.177   0.072  -      (76.500,66.600)     4.600   -       
-----------------------------------------------------------------------------------------------

Timing for timing corner dc_ss125_cworst:setup.early, max clock_path:
=====================================================================

PathID    : 6
Path type : skew group clk/functional_2ns (path 1 of 1)
Start     : clk
End       : mantissa_core/coefficient_stage1_reg_7_/CP
Delay     : 0.192

-----------------------------------------------------------------------------------------------
Name  Lib cell  Event  Incr   Arrival  Slew   Cap    Location          Distance  Fanout  Status
                       (ns)   (ns)     (ns)   (pF)                     (um)              
-- Clockpath trace ----------------------------------------------------------------------------
clk
-     -         rise   -       0.000   0.004  0.004  (16.000,332.800)  -            1    
CTS_csf_inv_00016/I
-     CKND2     rise   0.000   0.000   0.004  -      (6.500,323.800)    18.500   -       
CTS_csf_inv_00016/ZN
-     CKND2     fall   0.014   0.014   0.017  0.004  (6.770,324.095)     0.565      1    
CTS_csf_inv_00014/I
-     CKND4     fall   0.000   0.014   0.017  -      (5.700,323.800)     1.365   -       
CTS_csf_inv_00014/ZN
-     CKND4     rise   0.025   0.039   0.032  0.011  (5.100,323.400)     1.000      1    
CTS_ccl_a_inv_00013/I
-     CKND12    rise   0.000   0.039   0.032  -      (6.100,320.000)     4.400   -       
CTS_ccl_a_inv_00013/ZN
-     CKND12    fall   0.026   0.065   0.029  0.036  (7.500,319.800)     1.600      1    
CTS_ccl_a_inv_00012/I
-     CKND20    fall   0.003   0.068   0.030  -      (47.900,201.200)  159.000   -       
CTS_ccl_a_inv_00012/ZN
-     CKND20    rise   0.028   0.096   0.034  0.053  (50.300,201.000)    2.600      3    
mantissa_core/CTS_ccl_a_inv_00010/I
-     CKND6     rise   0.001   0.097   0.034  -      (49.700,194.000)    7.600   -       
mantissa_core/CTS_ccl_a_inv_00010/ZN
-     CKND6     fall   0.036   0.133   0.043  0.028  (50.700,193.800)    1.200      2    
mantissa_core/CTS_ccl_a_inv_00004/I
-     CKND16    fall   0.001   0.134   0.043  -      (49.700,189.200)    5.600   -       
mantissa_core/CTS_ccl_a_inv_00004/ZN
-     CKND16    rise   0.055   0.188   0.081  0.120  (47.700,189.400)    2.200     85    
mantissa_core/coefficient_stage1_reg_7_/CP
-     DFQD1     rise   0.004   0.192   0.083  -      (48.500,233.800)   45.200   -       
-----------------------------------------------------------------------------------------------

Timing for timing corner dc_ss125_cworst:setup.late, min clock_path:
====================================================================

PathID    : 7
Path type : skew group clk/functional_2ns (path 1 of 1)
Start     : clk
End       : mantissa_core/x_stage1_reg_3_/CP
Delay     : 0.177

-----------------------------------------------------------------------------------------------
Name  Lib cell  Event  Incr   Arrival  Slew   Cap    Location          Distance  Fanout  Status
                       (ns)   (ns)     (ns)   (pF)                     (um)              
-- Clockpath trace ----------------------------------------------------------------------------
clk
-     -         rise   -       0.000   0.004  0.004  (16.000,332.800)  -            1    
CTS_csf_inv_00016/I
-     CKND2     rise   0.000   0.000   0.004  -      (6.500,323.800)    18.500   -       
CTS_csf_inv_00016/ZN
-     CKND2     fall   0.014   0.014   0.017  0.004  (6.770,324.095)     0.565      1    
CTS_csf_inv_00014/I
-     CKND4     fall   0.000   0.014   0.017  -      (5.700,323.800)     1.365   -       
CTS_csf_inv_00014/ZN
-     CKND4     rise   0.025   0.039   0.032  0.011  (5.100,323.400)     1.000      1    
CTS_ccl_a_inv_00013/I
-     CKND12    rise   0.000   0.039   0.032  -      (6.100,320.000)     4.400   -       
CTS_ccl_a_inv_00013/ZN
-     CKND12    fall   0.026   0.065   0.029  0.036  (7.500,319.800)     1.600      1    
CTS_ccl_a_inv_00012/I
-     CKND20    fall   0.003   0.068   0.030  -      (47.900,201.200)  159.000   -       
CTS_ccl_a_inv_00012/ZN
-     CKND20    rise   0.028   0.096   0.034  0.053  (50.300,201.000)    2.600      3    
CTS_ccl_a_inv_00009/I
-     CKND16    rise   0.004   0.100   0.035  -      (67.500,78.800)   139.400   -       
CTS_ccl_a_inv_00009/ZN
-     CKND16    fall   0.029   0.129   0.031  0.050  (69.500,78.600)     2.200      3    
CTS_ccl_a_inv_00001/I
-     CKND20    fall   0.001   0.130   0.031  -      (70.700,68.000)    11.800   -       
CTS_ccl_a_inv_00001/ZN
-     CKND20    rise   0.045   0.175   0.071  0.133  (73.100,67.800)     2.600     96    
mantissa_core/x_stage1_reg_3_/CP
-     DFQD1     rise   0.002   0.177   0.072  -      (76.500,66.600)     4.600   -       
-----------------------------------------------------------------------------------------------

Timing for timing corner dc_ss125_cworst:setup.late, max clock_path:
====================================================================

PathID    : 8
Path type : skew group clk/functional_2ns (path 1 of 1)
Start     : clk
End       : mantissa_core/coefficient_stage1_reg_7_/CP
Delay     : 0.192

-----------------------------------------------------------------------------------------------
Name  Lib cell  Event  Incr   Arrival  Slew   Cap    Location          Distance  Fanout  Status
                       (ns)   (ns)     (ns)   (pF)                     (um)              
-- Clockpath trace ----------------------------------------------------------------------------
clk
-     -         rise   -       0.000   0.004  0.004  (16.000,332.800)  -            1    
CTS_csf_inv_00016/I
-     CKND2     rise   0.000   0.000   0.004  -      (6.500,323.800)    18.500   -       
CTS_csf_inv_00016/ZN
-     CKND2     fall   0.014   0.014   0.017  0.004  (6.770,324.095)     0.565      1    
CTS_csf_inv_00014/I
-     CKND4     fall   0.000   0.014   0.017  -      (5.700,323.800)     1.365   -       
CTS_csf_inv_00014/ZN
-     CKND4     rise   0.025   0.039   0.032  0.011  (5.100,323.400)     1.000      1    
CTS_ccl_a_inv_00013/I
-     CKND12    rise   0.000   0.039   0.032  -      (6.100,320.000)     4.400   -       
CTS_ccl_a_inv_00013/ZN
-     CKND12    fall   0.026   0.065   0.029  0.036  (7.500,319.800)     1.600      1    
CTS_ccl_a_inv_00012/I
-     CKND20    fall   0.003   0.068   0.030  -      (47.900,201.200)  159.000   -       
CTS_ccl_a_inv_00012/ZN
-     CKND20    rise   0.028   0.096   0.034  0.053  (50.300,201.000)    2.600      3    
mantissa_core/CTS_ccl_a_inv_00010/I
-     CKND6     rise   0.001   0.097   0.034  -      (49.700,194.000)    7.600   -       
mantissa_core/CTS_ccl_a_inv_00010/ZN
-     CKND6     fall   0.036   0.133   0.043  0.028  (50.700,193.800)    1.200      2    
mantissa_core/CTS_ccl_a_inv_00004/I
-     CKND16    fall   0.001   0.134   0.043  -      (49.700,189.200)    5.600   -       
mantissa_core/CTS_ccl_a_inv_00004/ZN
-     CKND16    rise   0.055   0.188   0.081  0.120  (47.700,189.400)    2.200     85    
mantissa_core/coefficient_stage1_reg_7_/CP
-     DFQD1     rise   0.004   0.192   0.083  -      (48.500,233.800)   45.200   -       
-----------------------------------------------------------------------------------------------

Timing for timing corner dc_ss125_rcworst:setup.early, min clock_path:
======================================================================

PathID    : 9
Path type : skew group clk/functional_2ns (path 1 of 1)
Start     : clk
End       : mantissa_core/x_stage1_reg_3_/CP
Delay     : 0.174

-----------------------------------------------------------------------------------------------
Name  Lib cell  Event  Incr   Arrival  Slew   Cap    Location          Distance  Fanout  Status
                       (ns)   (ns)     (ns)   (pF)                     (um)              
-- Clockpath trace ----------------------------------------------------------------------------
clk
-     -         rise   -       0.000   0.004  0.004  (16.000,332.800)  -            1    
CTS_csf_inv_00016/I
-     CKND2     rise   0.000   0.000   0.004  -      (6.500,323.800)    18.500   -       
CTS_csf_inv_00016/ZN
-     CKND2     fall   0.014   0.014   0.017  0.004  (6.770,324.095)     0.565      1    
CTS_csf_inv_00014/I
-     CKND4     fall   0.000   0.014   0.017  -      (5.700,323.800)     1.365   -       
CTS_csf_inv_00014/ZN
-     CKND4     rise   0.025   0.039   0.032  0.011  (5.100,323.400)     1.000      1    
CTS_ccl_a_inv_00013/I
-     CKND12    rise   0.000   0.039   0.032  -      (6.100,320.000)     4.400   -       
CTS_ccl_a_inv_00013/ZN
-     CKND12    fall   0.025   0.064   0.028  0.034  (7.500,319.800)     1.600      1    
CTS_ccl_a_inv_00012/I
-     CKND20    fall   0.005   0.068   0.030  -      (47.900,201.200)  159.000   -       
CTS_ccl_a_inv_00012/ZN
-     CKND20    rise   0.027   0.095   0.033  0.051  (50.300,201.000)    2.600      3    
CTS_ccl_a_inv_00009/I
-     CKND16    rise   0.005   0.100   0.035  -      (67.500,78.800)   139.400   -       
CTS_ccl_a_inv_00009/ZN
-     CKND16    fall   0.028   0.129   0.030  0.050  (69.500,78.600)     2.200      3    
CTS_ccl_a_inv_00001/I
-     CKND20    fall   0.001   0.130   0.031  -      (70.700,68.000)    11.800   -       
CTS_ccl_a_inv_00001/ZN
-     CKND20    rise   0.043   0.173   0.068  0.125  (73.100,67.800)     2.600     96    
mantissa_core/x_stage1_reg_3_/CP
-     DFQD1     rise   0.002   0.174   0.069  -      (76.500,66.600)     4.600   -       
-----------------------------------------------------------------------------------------------

Timing for timing corner dc_ss125_rcworst:setup.early, max clock_path:
======================================================================

PathID    : 10
Path type : skew group clk/functional_2ns (path 1 of 1)
Start     : clk
End       : mantissa_core/coefficient_stage1_reg_7_/CP
Delay     :  0.189

-----------------------------------------------------------------------------------------------
Name  Lib cell  Event  Incr   Arrival  Slew   Cap    Location          Distance  Fanout  Status
                       (ns)   (ns)     (ns)   (pF)                     (um)              
-- Clockpath trace ----------------------------------------------------------------------------
clk
-     -         rise   -       0.000   0.004  0.004  (16.000,332.800)  -            1    
CTS_csf_inv_00016/I
-     CKND2     rise   0.000   0.000   0.004  -      (6.500,323.800)    18.500   -       
CTS_csf_inv_00016/ZN
-     CKND2     fall   0.014   0.014   0.017  0.004  (6.770,324.095)     0.565      1    
CTS_csf_inv_00014/I
-     CKND4     fall   0.000   0.014   0.017  -      (5.700,323.800)     1.365   -       
CTS_csf_inv_00014/ZN
-     CKND4     rise   0.025   0.039   0.032  0.011  (5.100,323.400)     1.000      1    
CTS_ccl_a_inv_00013/I
-     CKND12    rise   0.000   0.039   0.032  -      (6.100,320.000)     4.400   -       
CTS_ccl_a_inv_00013/ZN
-     CKND12    fall   0.025   0.064   0.028  0.034  (7.500,319.800)     1.600      1    
CTS_ccl_a_inv_00012/I
-     CKND20    fall   0.005   0.068   0.030  -      (47.900,201.200)  159.000   -       
CTS_ccl_a_inv_00012/ZN
-     CKND20    rise   0.027   0.095   0.033  0.051  (50.300,201.000)    2.600      3    
mantissa_core/CTS_ccl_a_inv_00010/I
-     CKND6     rise   0.001   0.096   0.033  -      (49.700,194.000)    7.600   -       
mantissa_core/CTS_ccl_a_inv_00010/ZN
-     CKND6     fall   0.035   0.131   0.042  0.028  (50.700,193.800)    1.200      2    
mantissa_core/CTS_ccl_a_inv_00004/I
-     CKND16    fall   0.001   0.132   0.042  -      (49.700,189.200)    5.600   -       
mantissa_core/CTS_ccl_a_inv_00004/ZN
-     CKND16    rise   0.052   0.184   0.077  0.114  (47.700,189.400)    2.200     85    
mantissa_core/coefficient_stage1_reg_7_/CP
-     DFQD1     rise   0.005   0.189   0.080  -      (48.500,233.800)   45.200   -       
-----------------------------------------------------------------------------------------------

Timing for timing corner dc_ss125_rcworst:setup.late, min clock_path:
=====================================================================

PathID    : 11
Path type : skew group clk/functional_2ns (path 1 of 1)
Start     : clk
End       : mantissa_core/x_stage1_reg_3_/CP
Delay     :  0.175

-----------------------------------------------------------------------------------------------
Name  Lib cell  Event  Incr   Arrival  Slew   Cap    Location          Distance  Fanout  Status
                       (ns)   (ns)     (ns)   (pF)                     (um)              
-- Clockpath trace ----------------------------------------------------------------------------
clk
-     -         rise   -       0.000   0.004  0.004  (16.000,332.800)  -            1    
CTS_csf_inv_00016/I
-     CKND2     rise   0.000   0.000   0.004  -      (6.500,323.800)    18.500   -       
CTS_csf_inv_00016/ZN
-     CKND2     fall   0.014   0.014   0.017  0.004  (6.770,324.095)     0.565      1    
CTS_csf_inv_00014/I
-     CKND4     fall   0.000   0.014   0.017  -      (5.700,323.800)     1.365   -       
CTS_csf_inv_00014/ZN
-     CKND4     rise   0.025   0.039   0.032  0.011  (5.100,323.400)     1.000      1    
CTS_ccl_a_inv_00013/I
-     CKND12    rise   0.000   0.039   0.032  -      (6.100,320.000)     4.400   -       
CTS_ccl_a_inv_00013/ZN
-     CKND12    fall   0.025   0.064   0.028  0.034  (7.500,319.800)     1.600      1    
CTS_ccl_a_inv_00012/I
-     CKND20    fall   0.005   0.069   0.030  -      (47.900,201.200)  159.000   -       
CTS_ccl_a_inv_00012/ZN
-     CKND20    rise   0.027   0.095   0.033  0.051  (50.300,201.000)    2.600      3    
CTS_ccl_a_inv_00009/I
-     CKND16    rise   0.005   0.100   0.035  -      (67.500,78.800)   139.400   -       
CTS_ccl_a_inv_00009/ZN
-     CKND16    fall   0.028   0.129   0.030  0.050  (69.500,78.600)     2.200      3    
CTS_ccl_a_inv_00001/I
-     CKND20    fall   0.001   0.130   0.031  -      (70.700,68.000)    11.800   -       
CTS_ccl_a_inv_00001/ZN
-     CKND20    rise   0.043   0.173   0.068  0.125  (73.100,67.800)     2.600     96    
mantissa_core/x_stage1_reg_3_/CP
-     DFQD1     rise   0.002   0.175   0.069  -      (76.500,66.600)     4.600   -       
-----------------------------------------------------------------------------------------------

Timing for timing corner dc_ss125_rcworst:setup.late, max clock_path:
=====================================================================

PathID    : 12
Path type : skew group clk/functional_2ns (path 1 of 1)
Start     : clk
End       : mantissa_core/coefficient_stage1_reg_7_/CP
Delay     :  0.189

-----------------------------------------------------------------------------------------------
Name  Lib cell  Event  Incr   Arrival  Slew   Cap    Location          Distance  Fanout  Status
                       (ns)   (ns)     (ns)   (pF)                     (um)              
-- Clockpath trace ----------------------------------------------------------------------------
clk
-     -         rise   -       0.000   0.004  0.004  (16.000,332.800)  -            1    
CTS_csf_inv_00016/I
-     CKND2     rise   0.000   0.000   0.004  -      (6.500,323.800)    18.500   -       
CTS_csf_inv_00016/ZN
-     CKND2     fall   0.014   0.014   0.017  0.004  (6.770,324.095)     0.565      1    
CTS_csf_inv_00014/I
-     CKND4     fall   0.000   0.014   0.017  -      (5.700,323.800)     1.365   -       
CTS_csf_inv_00014/ZN
-     CKND4     rise   0.025   0.039   0.032  0.011  (5.100,323.400)     1.000      1    
CTS_ccl_a_inv_00013/I
-     CKND12    rise   0.000   0.039   0.032  -      (6.100,320.000)     4.400   -       
CTS_ccl_a_inv_00013/ZN
-     CKND12    fall   0.025   0.064   0.028  0.034  (7.500,319.800)     1.600      1    
CTS_ccl_a_inv_00012/I
-     CKND20    fall   0.005   0.069   0.030  -      (47.900,201.200)  159.000   -       
CTS_ccl_a_inv_00012/ZN
-     CKND20    rise   0.027   0.095   0.033  0.051  (50.300,201.000)    2.600      3    
mantissa_core/CTS_ccl_a_inv_00010/I
-     CKND6     rise   0.001   0.096   0.033  -      (49.700,194.000)    7.600   -       
mantissa_core/CTS_ccl_a_inv_00010/ZN
-     CKND6     fall   0.035   0.131   0.042  0.028  (50.700,193.800)    1.200      2    
mantissa_core/CTS_ccl_a_inv_00004/I
-     CKND16    fall   0.001   0.132   0.042  -      (49.700,189.200)    5.600   -       
mantissa_core/CTS_ccl_a_inv_00004/ZN
-     CKND16    rise   0.052   0.184   0.077  0.114  (47.700,189.400)    2.200     85    
mantissa_core/coefficient_stage1_reg_7_/CP
-     DFQD1     rise   0.005   0.189   0.080  -      (48.500,233.800)   45.200   -       
-----------------------------------------------------------------------------------------------

Timing for timing corner dc_ss0_cworst:setup.early, min clock_path:
===================================================================

PathID    : 13
Path type : skew group clk/functional_2ns (path 1 of 1)
Start     : clk
End       : mantissa_core/x_stage1_reg_3_/CP
Delay     :  0.181

-----------------------------------------------------------------------------------------------
Name  Lib cell  Event  Incr   Arrival  Slew   Cap    Location          Distance  Fanout  Status
                       (ns)   (ns)     (ns)   (pF)                     (um)              
-- Clockpath trace ----------------------------------------------------------------------------
clk
-     -         rise   -       0.000   0.004  0.004  (16.000,332.800)  -            1    
CTS_csf_inv_00016/I
-     CKND2     rise   0.000   0.000   0.004  -      (6.500,323.800)    18.500   -       
CTS_csf_inv_00016/ZN
-     CKND2     fall   0.013   0.013   0.015  0.003  (6.770,324.095)     0.565      1    
CTS_csf_inv_00014/I
-     CKND4     fall   0.000   0.013   0.015  -      (5.700,323.800)     1.365   -       
CTS_csf_inv_00014/ZN
-     CKND4     rise   0.025   0.039   0.031  0.011  (5.100,323.400)     1.000      1    
CTS_ccl_a_inv_00013/I
-     CKND12    rise   0.000   0.039   0.031  -      (6.100,320.000)     4.400   -       
CTS_ccl_a_inv_00013/ZN
-     CKND12    fall   0.027   0.066   0.027  0.035  (7.500,319.800)     1.600      1    
CTS_ccl_a_inv_00012/I
-     CKND20    fall   0.003   0.069   0.028  -      (47.900,201.200)  159.000   -       
CTS_ccl_a_inv_00012/ZN
-     CKND20    rise   0.030   0.099   0.033  0.052  (50.300,201.000)    2.600      3    
CTS_ccl_a_inv_00009/I
-     CKND16    rise   0.003   0.102   0.034  -      (67.500,78.800)   139.400   -       
CTS_ccl_a_inv_00009/ZN
-     CKND16    fall   0.029   0.131   0.028  0.048  (69.500,78.600)     2.200      3    
CTS_ccl_a_inv_00001/I
-     CKND20    fall   0.001   0.132   0.028  -      (70.700,68.000)    11.800   -       
CTS_ccl_a_inv_00001/ZN
-     CKND20    rise   0.047   0.179   0.069  0.130  (73.100,67.800)     2.600     96    
mantissa_core/x_stage1_reg_3_/CP
-     DFQD1     rise   0.002   0.181   0.070  -      (76.500,66.600)     4.600   -       
-----------------------------------------------------------------------------------------------

Timing for timing corner dc_ss0_cworst:setup.early, max clock_path:
===================================================================

PathID    : 14
Path type : skew group clk/functional_2ns (path 1 of 1)
Start     : clk
End       : mantissa_core/coefficient_stage1_reg_7_/CP
Delay     :  0.196

-----------------------------------------------------------------------------------------------
Name  Lib cell  Event  Incr   Arrival  Slew   Cap    Location          Distance  Fanout  Status
                       (ns)   (ns)     (ns)   (pF)                     (um)              
-- Clockpath trace ----------------------------------------------------------------------------
clk
-     -         rise   -       0.000   0.004  0.004  (16.000,332.800)  -            1    
CTS_csf_inv_00016/I
-     CKND2     rise   0.000   0.000   0.004  -      (6.500,323.800)    18.500   -       
CTS_csf_inv_00016/ZN
-     CKND2     fall   0.013   0.013   0.015  0.003  (6.770,324.095)     0.565      1    
CTS_csf_inv_00014/I
-     CKND4     fall   0.000   0.013   0.015  -      (5.700,323.800)     1.365   -       
CTS_csf_inv_00014/ZN
-     CKND4     rise   0.025   0.039   0.031  0.011  (5.100,323.400)     1.000      1    
CTS_ccl_a_inv_00013/I
-     CKND12    rise   0.000   0.039   0.031  -      (6.100,320.000)     4.400   -       
CTS_ccl_a_inv_00013/ZN
-     CKND12    fall   0.027   0.066   0.027  0.035  (7.500,319.800)     1.600      1    
CTS_ccl_a_inv_00012/I
-     CKND20    fall   0.003   0.069   0.028  -      (47.900,201.200)  159.000   -       
CTS_ccl_a_inv_00012/ZN
-     CKND20    rise   0.030   0.099   0.033  0.052  (50.300,201.000)    2.600      3    
mantissa_core/CTS_ccl_a_inv_00010/I
-     CKND6     rise   0.001   0.099   0.033  -      (49.700,194.000)    7.600   -       
mantissa_core/CTS_ccl_a_inv_00010/ZN
-     CKND6     fall   0.036   0.135   0.039  0.027  (50.700,193.800)    1.200      2    
mantissa_core/CTS_ccl_a_inv_00004/I
-     CKND16    fall   0.000   0.136   0.039  -      (49.700,189.200)    5.600   -       
mantissa_core/CTS_ccl_a_inv_00004/ZN
-     CKND16    rise   0.057   0.193   0.079  0.117  (47.700,189.400)    2.200     85    
mantissa_core/coefficient_stage1_reg_7_/CP
-     DFQD1     rise   0.004   0.196   0.081  -      (48.500,233.800)   45.200   -       
-----------------------------------------------------------------------------------------------

Timing for timing corner dc_ss0_cworst:setup.late, min clock_path:
==================================================================

PathID    : 15
Path type : skew group clk/functional_2ns (path 1 of 1)
Start     : clk
End       : mantissa_core/x_stage1_reg_3_/CP
Delay     :  0.181

-----------------------------------------------------------------------------------------------
Name  Lib cell  Event  Incr   Arrival  Slew   Cap    Location          Distance  Fanout  Status
                       (ns)   (ns)     (ns)   (pF)                     (um)              
-- Clockpath trace ----------------------------------------------------------------------------
clk
-     -         rise   -       0.000   0.004  0.004  (16.000,332.800)  -            1    
CTS_csf_inv_00016/I
-     CKND2     rise   0.000   0.000   0.004  -      (6.500,323.800)    18.500   -       
CTS_csf_inv_00016/ZN
-     CKND2     fall   0.013   0.013   0.015  0.003  (6.770,324.095)     0.565      1    
CTS_csf_inv_00014/I
-     CKND4     fall   0.000   0.013   0.015  -      (5.700,323.800)     1.365   -       
CTS_csf_inv_00014/ZN
-     CKND4     rise   0.025   0.039   0.031  0.011  (5.100,323.400)     1.000      1    
CTS_ccl_a_inv_00013/I
-     CKND12    rise   0.000   0.039   0.031  -      (6.100,320.000)     4.400   -       
CTS_ccl_a_inv_00013/ZN
-     CKND12    fall   0.027   0.066   0.027  0.035  (7.500,319.800)     1.600      1    
CTS_ccl_a_inv_00012/I
-     CKND20    fall   0.003   0.069   0.028  -      (47.900,201.200)  159.000   -       
CTS_ccl_a_inv_00012/ZN
-     CKND20    rise   0.030   0.099   0.033  0.052  (50.300,201.000)    2.600      3    
CTS_ccl_a_inv_00009/I
-     CKND16    rise   0.003   0.102   0.034  -      (67.500,78.800)   139.400   -       
CTS_ccl_a_inv_00009/ZN
-     CKND16    fall   0.029   0.131   0.028  0.048  (69.500,78.600)     2.200      3    
CTS_ccl_a_inv_00001/I
-     CKND20    fall   0.001   0.132   0.028  -      (70.700,68.000)    11.800   -       
CTS_ccl_a_inv_00001/ZN
-     CKND20    rise   0.047   0.179   0.069  0.130  (73.100,67.800)     2.600     96    
mantissa_core/x_stage1_reg_3_/CP
-     DFQD1     rise   0.002   0.181   0.070  -      (76.500,66.600)     4.600   -       
-----------------------------------------------------------------------------------------------

Timing for timing corner dc_ss0_cworst:setup.late, max clock_path:
==================================================================

PathID    : 16
Path type : skew group clk/functional_2ns (path 1 of 1)
Start     : clk
End       : mantissa_core/coefficient_stage1_reg_7_/CP
Delay     :  0.196

-----------------------------------------------------------------------------------------------
Name  Lib cell  Event  Incr   Arrival  Slew   Cap    Location          Distance  Fanout  Status
                       (ns)   (ns)     (ns)   (pF)                     (um)              
-- Clockpath trace ----------------------------------------------------------------------------
clk
-     -         rise   -       0.000   0.004  0.004  (16.000,332.800)  -            1    
CTS_csf_inv_00016/I
-     CKND2     rise   0.000   0.000   0.004  -      (6.500,323.800)    18.500   -       
CTS_csf_inv_00016/ZN
-     CKND2     fall   0.013   0.013   0.015  0.003  (6.770,324.095)     0.565      1    
CTS_csf_inv_00014/I
-     CKND4     fall   0.000   0.013   0.015  -      (5.700,323.800)     1.365   -       
CTS_csf_inv_00014/ZN
-     CKND4     rise   0.025   0.039   0.031  0.011  (5.100,323.400)     1.000      1    
CTS_ccl_a_inv_00013/I
-     CKND12    rise   0.000   0.039   0.031  -      (6.100,320.000)     4.400   -       
CTS_ccl_a_inv_00013/ZN
-     CKND12    fall   0.027   0.066   0.027  0.035  (7.500,319.800)     1.600      1    
CTS_ccl_a_inv_00012/I
-     CKND20    fall   0.003   0.069   0.028  -      (47.900,201.200)  159.000   -       
CTS_ccl_a_inv_00012/ZN
-     CKND20    rise   0.030   0.099   0.033  0.052  (50.300,201.000)    2.600      3    
mantissa_core/CTS_ccl_a_inv_00010/I
-     CKND6     rise   0.001   0.099   0.033  -      (49.700,194.000)    7.600   -       
mantissa_core/CTS_ccl_a_inv_00010/ZN
-     CKND6     fall   0.036   0.135   0.039  0.027  (50.700,193.800)    1.200      2    
mantissa_core/CTS_ccl_a_inv_00004/I
-     CKND16    fall   0.000   0.136   0.039  -      (49.700,189.200)    5.600   -       
mantissa_core/CTS_ccl_a_inv_00004/ZN
-     CKND16    rise   0.057   0.193   0.079  0.117  (47.700,189.400)    2.200     85    
mantissa_core/coefficient_stage1_reg_7_/CP
-     DFQD1     rise   0.004   0.196   0.081  -      (48.500,233.800)   45.200   -       
-----------------------------------------------------------------------------------------------

Timing for timing corner dc_ss0_rcworst:setup.early, min clock_path:
====================================================================

PathID    : 17
Path type : skew group clk/functional_2ns (path 1 of 1)
Start     : clk
End       : mantissa_core/x_stage1_reg_3_/CP
Delay     :  0.179

-----------------------------------------------------------------------------------------------
Name  Lib cell  Event  Incr   Arrival  Slew   Cap    Location          Distance  Fanout  Status
                       (ns)   (ns)     (ns)   (pF)                     (um)              
-- Clockpath trace ----------------------------------------------------------------------------
clk
-     -         rise   -       0.000   0.004  0.004  (16.000,332.800)  -            1    
CTS_csf_inv_00016/I
-     CKND2     rise   0.000   0.000   0.004  -      (6.500,323.800)    18.500   -       
CTS_csf_inv_00016/ZN
-     CKND2     fall   0.013   0.013   0.015  0.003  (6.770,324.095)     0.565      1    
CTS_csf_inv_00014/I
-     CKND4     fall   0.000   0.013   0.015  -      (5.700,323.800)     1.365   -       
CTS_csf_inv_00014/ZN
-     CKND4     rise   0.025   0.038   0.031  0.011  (5.100,323.400)     1.000      1    
CTS_ccl_a_inv_00013/I
-     CKND12    rise   0.000   0.038   0.031  -      (6.100,320.000)     4.400   -       
CTS_ccl_a_inv_00013/ZN
-     CKND12    fall   0.026   0.064   0.026  0.033  (7.500,319.800)     1.600      1    
CTS_ccl_a_inv_00012/I
-     CKND20    fall   0.005   0.069   0.029  -      (47.900,201.200)  159.000   -       
CTS_ccl_a_inv_00012/ZN
-     CKND20    rise   0.029   0.098   0.032  0.049  (50.300,201.000)    2.600      3    
CTS_ccl_a_inv_00009/I
-     CKND16    rise   0.005   0.103   0.034  -      (67.500,78.800)   139.400   -       
CTS_ccl_a_inv_00009/ZN
-     CKND16    fall   0.029   0.132   0.028  0.047  (69.500,78.600)     2.200      3    
CTS_ccl_a_inv_00001/I
-     CKND20    fall   0.001   0.133   0.028  -      (70.700,68.000)    11.800   -       
CTS_ccl_a_inv_00001/ZN
-     CKND20    rise   0.045   0.177   0.066  0.122  (73.100,67.800)     2.600     96    
mantissa_core/x_stage1_reg_3_/CP
-     DFQD1     rise   0.002   0.179   0.067  -      (76.500,66.600)     4.600   -       
-----------------------------------------------------------------------------------------------

Timing for timing corner dc_ss0_rcworst:setup.early, max clock_path:
====================================================================

PathID    : 18
Path type : skew group clk/functional_2ns (path 1 of 1)
Start     : clk
End       : mantissa_core/coefficient_stage1_reg_7_/CP
Delay     :  0.194

-----------------------------------------------------------------------------------------------
Name  Lib cell  Event  Incr   Arrival  Slew   Cap    Location          Distance  Fanout  Status
                       (ns)   (ns)     (ns)   (pF)                     (um)              
-- Clockpath trace ----------------------------------------------------------------------------
clk
-     -         rise   -       0.000   0.004  0.004  (16.000,332.800)  -            1    
CTS_csf_inv_00016/I
-     CKND2     rise   0.000   0.000   0.004  -      (6.500,323.800)    18.500   -       
CTS_csf_inv_00016/ZN
-     CKND2     fall   0.013   0.013   0.015  0.003  (6.770,324.095)     0.565      1    
CTS_csf_inv_00014/I
-     CKND4     fall   0.000   0.013   0.015  -      (5.700,323.800)     1.365   -       
CTS_csf_inv_00014/ZN
-     CKND4     rise   0.025   0.038   0.031  0.011  (5.100,323.400)     1.000      1    
CTS_ccl_a_inv_00013/I
-     CKND12    rise   0.000   0.038   0.031  -      (6.100,320.000)     4.400   -       
CTS_ccl_a_inv_00013/ZN
-     CKND12    fall   0.026   0.064   0.026  0.033  (7.500,319.800)     1.600      1    
CTS_ccl_a_inv_00012/I
-     CKND20    fall   0.005   0.069   0.029  -      (47.900,201.200)  159.000   -       
CTS_ccl_a_inv_00012/ZN
-     CKND20    rise   0.029   0.098   0.032  0.049  (50.300,201.000)    2.600      3    
mantissa_core/CTS_ccl_a_inv_00010/I
-     CKND6     rise   0.001   0.099   0.033  -      (49.700,194.000)    7.600   -       
mantissa_core/CTS_ccl_a_inv_00010/ZN
-     CKND6     fall   0.036   0.134   0.039  0.026  (50.700,193.800)    1.200      2    
mantissa_core/CTS_ccl_a_inv_00004/I
-     CKND16    fall   0.001   0.135   0.039  -      (49.700,189.200)    5.600   -       
mantissa_core/CTS_ccl_a_inv_00004/ZN
-     CKND16    rise   0.055   0.190   0.075  0.110  (47.700,189.400)    2.200     85    
mantissa_core/coefficient_stage1_reg_7_/CP
-     DFQD1     rise   0.005   0.194   0.078  -      (48.500,233.800)   45.200   -       
-----------------------------------------------------------------------------------------------

Timing for timing corner dc_ss0_rcworst:setup.late, min clock_path:
===================================================================

PathID    : 19
Path type : skew group clk/functional_2ns (path 1 of 1)
Start     : clk
End       : mantissa_core/x_stage1_reg_3_/CP
Delay     :  0.179

-----------------------------------------------------------------------------------------------
Name  Lib cell  Event  Incr   Arrival  Slew   Cap    Location          Distance  Fanout  Status
                       (ns)   (ns)     (ns)   (pF)                     (um)              
-- Clockpath trace ----------------------------------------------------------------------------
clk
-     -         rise   -       0.000   0.004  0.004  (16.000,332.800)  -            1    
CTS_csf_inv_00016/I
-     CKND2     rise   0.000   0.000   0.004  -      (6.500,323.800)    18.500   -       
CTS_csf_inv_00016/ZN
-     CKND2     fall   0.013   0.013   0.015  0.003  (6.770,324.095)     0.565      1    
CTS_csf_inv_00014/I
-     CKND4     fall   0.000   0.013   0.015  -      (5.700,323.800)     1.365   -       
CTS_csf_inv_00014/ZN
-     CKND4     rise   0.025   0.038   0.031  0.011  (5.100,323.400)     1.000      1    
CTS_ccl_a_inv_00013/I
-     CKND12    rise   0.000   0.038   0.031  -      (6.100,320.000)     4.400   -       
CTS_ccl_a_inv_00013/ZN
-     CKND12    fall   0.026   0.064   0.026  0.033  (7.500,319.800)     1.600      1    
CTS_ccl_a_inv_00012/I
-     CKND20    fall   0.005   0.069   0.029  -      (47.900,201.200)  159.000   -       
CTS_ccl_a_inv_00012/ZN
-     CKND20    rise   0.029   0.098   0.032  0.049  (50.300,201.000)    2.600      3    
CTS_ccl_a_inv_00009/I
-     CKND16    rise   0.005   0.103   0.034  -      (67.500,78.800)   139.400   -       
CTS_ccl_a_inv_00009/ZN
-     CKND16    fall   0.029   0.132   0.028  0.047  (69.500,78.600)     2.200      3    
CTS_ccl_a_inv_00001/I
-     CKND20    fall   0.001   0.133   0.028  -      (70.700,68.000)    11.800   -       
CTS_ccl_a_inv_00001/ZN
-     CKND20    rise   0.045   0.177   0.066  0.122  (73.100,67.800)     2.600     96    
mantissa_core/x_stage1_reg_3_/CP
-     DFQD1     rise   0.002   0.179   0.067  -      (76.500,66.600)     4.600   -       
-----------------------------------------------------------------------------------------------

Timing for timing corner dc_ss0_rcworst:setup.late, max clock_path:
===================================================================

PathID    : 20
Path type : skew group clk/functional_2ns (path 1 of 1)
Start     : clk
End       : mantissa_core/coefficient_stage1_reg_7_/CP
Delay     :  0.194

-----------------------------------------------------------------------------------------------
Name  Lib cell  Event  Incr   Arrival  Slew   Cap    Location          Distance  Fanout  Status
                       (ns)   (ns)     (ns)   (pF)                     (um)              
-- Clockpath trace ----------------------------------------------------------------------------
clk
-     -         rise   -       0.000   0.004  0.004  (16.000,332.800)  -            1    
CTS_csf_inv_00016/I
-     CKND2     rise   0.000   0.000   0.004  -      (6.500,323.800)    18.500   -       
CTS_csf_inv_00016/ZN
-     CKND2     fall   0.013   0.013   0.015  0.003  (6.770,324.095)     0.565      1    
CTS_csf_inv_00014/I
-     CKND4     fall   0.000   0.013   0.015  -      (5.700,323.800)     1.365   -       
CTS_csf_inv_00014/ZN
-     CKND4     rise   0.025   0.038   0.031  0.011  (5.100,323.400)     1.000      1    
CTS_ccl_a_inv_00013/I
-     CKND12    rise   0.000   0.038   0.031  -      (6.100,320.000)     4.400   -       
CTS_ccl_a_inv_00013/ZN
-     CKND12    fall   0.026   0.064   0.026  0.033  (7.500,319.800)     1.600      1    
CTS_ccl_a_inv_00012/I
-     CKND20    fall   0.005   0.069   0.029  -      (47.900,201.200)  159.000   -       
CTS_ccl_a_inv_00012/ZN
-     CKND20    rise   0.029   0.098   0.032  0.049  (50.300,201.000)    2.600      3    
mantissa_core/CTS_ccl_a_inv_00010/I
-     CKND6     rise   0.001   0.099   0.033  -      (49.700,194.000)    7.600   -       
mantissa_core/CTS_ccl_a_inv_00010/ZN
-     CKND6     fall   0.036   0.135   0.039  0.026  (50.700,193.800)    1.200      2    
mantissa_core/CTS_ccl_a_inv_00004/I
-     CKND16    fall   0.001   0.135   0.039  -      (49.700,189.200)    5.600   -       
mantissa_core/CTS_ccl_a_inv_00004/ZN
-     CKND16    rise   0.055   0.190   0.075  0.110  (47.700,189.400)    2.200     85    
mantissa_core/coefficient_stage1_reg_7_/CP
-     DFQD1     rise   0.005   0.194   0.078  -      (48.500,233.800)   45.200   -       
-----------------------------------------------------------------------------------------------

Timing for timing corner dc_ssm40_cworst:setup.early, min clock_path:
=====================================================================

PathID    : 21
Path type : skew group clk/functional_2ns (path 1 of 1)
Start     : clk
End       : mantissa_core/x_stage1_reg_3_/CP
Delay     :  0.187

-----------------------------------------------------------------------------------------------
Name  Lib cell  Event  Incr   Arrival  Slew   Cap    Location          Distance  Fanout  Status
                       (ns)   (ns)     (ns)   (pF)                     (um)              
-- Clockpath trace ----------------------------------------------------------------------------
clk
-     -         rise   -       0.000   0.004  0.004  (16.000,332.800)  -            1    
CTS_csf_inv_00016/I
-     CKND2     rise   0.000   0.000   0.004  -      (6.500,323.800)    18.500   -       
CTS_csf_inv_00016/ZN
-     CKND2     fall   0.013   0.013   0.015  0.003  (6.770,324.095)     0.565      1    
CTS_csf_inv_00014/I
-     CKND4     fall   0.000   0.013   0.015  -      (5.700,323.800)     1.365   -       
CTS_csf_inv_00014/ZN
-     CKND4     rise   0.026   0.039   0.032  0.011  (5.100,323.400)     1.000      1    
CTS_ccl_a_inv_00013/I
-     CKND12    rise   0.000   0.039   0.032  -      (6.100,320.000)     4.400   -       
CTS_ccl_a_inv_00013/ZN
-     CKND12    fall   0.028   0.068   0.027  0.034  (7.500,319.800)     1.600      1    
CTS_ccl_a_inv_00012/I
-     CKND20    fall   0.003   0.071   0.028  -      (47.900,201.200)  159.000   -       
CTS_ccl_a_inv_00012/ZN
-     CKND20    rise   0.031   0.102   0.034  0.051  (50.300,201.000)    2.600      3    
CTS_ccl_a_inv_00009/I
-     CKND16    rise   0.003   0.105   0.034  -      (67.500,78.800)   139.400   -       
CTS_ccl_a_inv_00009/ZN
-     CKND16    fall   0.030   0.135   0.028  0.047  (69.500,78.600)     2.200      3    
CTS_ccl_a_inv_00001/I
-     CKND20    fall   0.001   0.136   0.028  -      (70.700,68.000)    11.800   -       
CTS_ccl_a_inv_00001/ZN
-     CKND20    rise   0.049   0.185   0.070  0.129  (73.100,67.800)     2.600     96    
mantissa_core/x_stage1_reg_3_/CP
-     DFQD1     rise   0.002   0.187   0.070  -      (76.500,66.600)     4.600   -       
-----------------------------------------------------------------------------------------------

Timing for timing corner dc_ssm40_cworst:setup.early, max clock_path:
=====================================================================

PathID    : 22
Path type : skew group clk/functional_2ns (path 1 of 1)
Start     : clk
End       : mantissa_core/coefficient_stage1_reg_7_/CP
Delay     :  0.203

-----------------------------------------------------------------------------------------------
Name  Lib cell  Event  Incr   Arrival  Slew   Cap    Location          Distance  Fanout  Status
                       (ns)   (ns)     (ns)   (pF)                     (um)              
-- Clockpath trace ----------------------------------------------------------------------------
clk
-     -         rise   -       0.000   0.004  0.004  (16.000,332.800)  -            1    
CTS_csf_inv_00016/I
-     CKND2     rise   0.000   0.000   0.004  -      (6.500,323.800)    18.500   -       
CTS_csf_inv_00016/ZN
-     CKND2     fall   0.013   0.013   0.015  0.003  (6.770,324.095)     0.565      1    
CTS_csf_inv_00014/I
-     CKND4     fall   0.000   0.013   0.015  -      (5.700,323.800)     1.365   -       
CTS_csf_inv_00014/ZN
-     CKND4     rise   0.026   0.039   0.032  0.011  (5.100,323.400)     1.000      1    
CTS_ccl_a_inv_00013/I
-     CKND12    rise   0.000   0.039   0.032  -      (6.100,320.000)     4.400   -       
CTS_ccl_a_inv_00013/ZN
-     CKND12    fall   0.028   0.068   0.027  0.034  (7.500,319.800)     1.600      1    
CTS_ccl_a_inv_00012/I
-     CKND20    fall   0.003   0.071   0.028  -      (47.900,201.200)  159.000   -       
CTS_ccl_a_inv_00012/ZN
-     CKND20    rise   0.031   0.102   0.034  0.051  (50.300,201.000)    2.600      3    
mantissa_core/CTS_ccl_a_inv_00010/I
-     CKND6     rise   0.001   0.103   0.034  -      (49.700,194.000)    7.600   -       
mantissa_core/CTS_ccl_a_inv_00010/ZN
-     CKND6     fall   0.037   0.140   0.039  0.026  (50.700,193.800)    1.200      2    
mantissa_core/CTS_ccl_a_inv_00004/I
-     CKND16    fall   0.001   0.140   0.039  -      (49.700,189.200)    5.600   -       
mantissa_core/CTS_ccl_a_inv_00004/ZN
-     CKND16    rise   0.059   0.199   0.079  0.116  (47.700,189.400)    2.200     85    
mantissa_core/coefficient_stage1_reg_7_/CP
-     DFQD1     rise   0.004   0.203   0.080  -      (48.500,233.800)   45.200   -       
-----------------------------------------------------------------------------------------------

Timing for timing corner dc_ssm40_cworst:setup.late, min clock_path:
====================================================================

PathID    : 23
Path type : skew group clk/functional_2ns (path 1 of 1)
Start     : clk
End       : mantissa_core/x_stage1_reg_3_/CP
Delay     :  0.187

-----------------------------------------------------------------------------------------------
Name  Lib cell  Event  Incr   Arrival  Slew   Cap    Location          Distance  Fanout  Status
                       (ns)   (ns)     (ns)   (pF)                     (um)              
-- Clockpath trace ----------------------------------------------------------------------------
clk
-     -         rise   -       0.000   0.004  0.004  (16.000,332.800)  -            1    
CTS_csf_inv_00016/I
-     CKND2     rise   0.000   0.000   0.004  -      (6.500,323.800)    18.500   -       
CTS_csf_inv_00016/ZN
-     CKND2     fall   0.013   0.013   0.015  0.003  (6.770,324.095)     0.565      1    
CTS_csf_inv_00014/I
-     CKND4     fall   0.000   0.013   0.015  -      (5.700,323.800)     1.365   -       
CTS_csf_inv_00014/ZN
-     CKND4     rise   0.026   0.039   0.032  0.011  (5.100,323.400)     1.000      1    
CTS_ccl_a_inv_00013/I
-     CKND12    rise   0.000   0.039   0.032  -      (6.100,320.000)     4.400   -       
CTS_ccl_a_inv_00013/ZN
-     CKND12    fall   0.028   0.068   0.027  0.034  (7.500,319.800)     1.600      1    
CTS_ccl_a_inv_00012/I
-     CKND20    fall   0.003   0.071   0.028  -      (47.900,201.200)  159.000   -       
CTS_ccl_a_inv_00012/ZN
-     CKND20    rise   0.031   0.102   0.034  0.051  (50.300,201.000)    2.600      3    
CTS_ccl_a_inv_00009/I
-     CKND16    rise   0.003   0.105   0.034  -      (67.500,78.800)   139.400   -       
CTS_ccl_a_inv_00009/ZN
-     CKND16    fall   0.030   0.135   0.028  0.047  (69.500,78.600)     2.200      3    
CTS_ccl_a_inv_00001/I
-     CKND20    fall   0.001   0.136   0.028  -      (70.700,68.000)    11.800   -       
CTS_ccl_a_inv_00001/ZN
-     CKND20    rise   0.049   0.185   0.070  0.129  (73.100,67.800)     2.600     96    
mantissa_core/x_stage1_reg_3_/CP
-     DFQD1     rise   0.002   0.187   0.070  -      (76.500,66.600)     4.600   -       
-----------------------------------------------------------------------------------------------

Timing for timing corner dc_ssm40_cworst:setup.late, max clock_path:
====================================================================

PathID    : 24
Path type : skew group clk/functional_2ns (path 1 of 1)
Start     : clk
End       : mantissa_core/coefficient_stage1_reg_7_/CP
Delay     :  0.203

-----------------------------------------------------------------------------------------------
Name  Lib cell  Event  Incr   Arrival  Slew   Cap    Location          Distance  Fanout  Status
                       (ns)   (ns)     (ns)   (pF)                     (um)              
-- Clockpath trace ----------------------------------------------------------------------------
clk
-     -         rise   -       0.000   0.004  0.004  (16.000,332.800)  -            1    
CTS_csf_inv_00016/I
-     CKND2     rise   0.000   0.000   0.004  -      (6.500,323.800)    18.500   -       
CTS_csf_inv_00016/ZN
-     CKND2     fall   0.013   0.013   0.015  0.003  (6.770,324.095)     0.565      1    
CTS_csf_inv_00014/I
-     CKND4     fall   0.000   0.013   0.015  -      (5.700,323.800)     1.365   -       
CTS_csf_inv_00014/ZN
-     CKND4     rise   0.026   0.039   0.032  0.011  (5.100,323.400)     1.000      1    
CTS_ccl_a_inv_00013/I
-     CKND12    rise   0.000   0.039   0.032  -      (6.100,320.000)     4.400   -       
CTS_ccl_a_inv_00013/ZN
-     CKND12    fall   0.028   0.068   0.027  0.034  (7.500,319.800)     1.600      1    
CTS_ccl_a_inv_00012/I
-     CKND20    fall   0.003   0.071   0.028  -      (47.900,201.200)  159.000   -       
CTS_ccl_a_inv_00012/ZN
-     CKND20    rise   0.031   0.102   0.034  0.051  (50.300,201.000)    2.600      3    
mantissa_core/CTS_ccl_a_inv_00010/I
-     CKND6     rise   0.001   0.103   0.034  -      (49.700,194.000)    7.600   -       
mantissa_core/CTS_ccl_a_inv_00010/ZN
-     CKND6     fall   0.037   0.140   0.039  0.026  (50.700,193.800)    1.200      2    
mantissa_core/CTS_ccl_a_inv_00004/I
-     CKND16    fall   0.001   0.140   0.039  -      (49.700,189.200)    5.600   -       
mantissa_core/CTS_ccl_a_inv_00004/ZN
-     CKND16    rise   0.059   0.199   0.079  0.116  (47.700,189.400)    2.200     85    
mantissa_core/coefficient_stage1_reg_7_/CP
-     DFQD1     rise   0.004   0.203   0.080  -      (48.500,233.800)   45.200   -       
-----------------------------------------------------------------------------------------------

Timing for timing corner dc_ssm40_rcworst:setup.early, min clock_path:
======================================================================

PathID    : 25
Path type : skew group clk/functional_2ns (path 1 of 1)
Start     : clk
End       : mantissa_core/x_stage1_reg_3_/CP
Delay     :  0.183

-----------------------------------------------------------------------------------------------
Name  Lib cell  Event  Incr   Arrival  Slew   Cap    Location          Distance  Fanout  Status
                       (ns)   (ns)     (ns)   (pF)                     (um)              
-- Clockpath trace ----------------------------------------------------------------------------
clk
-     -         rise   -       0.000   0.004  0.004  (16.000,332.800)  -            1    
CTS_csf_inv_00016/I
-     CKND2     rise   0.000   0.000   0.004  -      (6.500,323.800)    18.500   -       
CTS_csf_inv_00016/ZN
-     CKND2     fall   0.013   0.013   0.015  0.003  (6.770,324.095)     0.565      1    
CTS_csf_inv_00014/I
-     CKND4     fall   0.000   0.013   0.015  -      (5.700,323.800)     1.365   -       
CTS_csf_inv_00014/ZN
-     CKND4     rise   0.026   0.039   0.032  0.010  (5.100,323.400)     1.000      1    
CTS_ccl_a_inv_00013/I
-     CKND12    rise   0.000   0.039   0.032  -      (6.100,320.000)     4.400   -       
CTS_ccl_a_inv_00013/ZN
-     CKND12    fall   0.027   0.066   0.026  0.033  (7.500,319.800)     1.600      1    
CTS_ccl_a_inv_00012/I
-     CKND20    fall   0.005   0.071   0.028  -      (47.900,201.200)  159.000   -       
CTS_ccl_a_inv_00012/ZN
-     CKND20    rise   0.030   0.101   0.033  0.049  (50.300,201.000)    2.600      3    
CTS_ccl_a_inv_00009/I
-     CKND16    rise   0.005   0.105   0.034  -      (67.500,78.800)   139.400   -       
CTS_ccl_a_inv_00009/ZN
-     CKND16    fall   0.030   0.135   0.027  0.046  (69.500,78.600)     2.200      3    
CTS_ccl_a_inv_00001/I
-     CKND20    fall   0.001   0.136   0.027  -      (70.700,68.000)    11.800   -       
CTS_ccl_a_inv_00001/ZN
-     CKND20    rise   0.046   0.182   0.066  0.121  (73.100,67.800)     2.600     96    
mantissa_core/x_stage1_reg_3_/CP
-     DFQD1     rise   0.002   0.183   0.067  -      (76.500,66.600)     4.600   -       
-----------------------------------------------------------------------------------------------

Timing for timing corner dc_ssm40_rcworst:setup.early, max clock_path:
======================================================================

PathID    : 26
Path type : skew group clk/functional_2ns (path 1 of 1)
Start     : clk
End       : mantissa_core/coefficient_stage1_reg_7_/CP
Delay     :  0.199

-----------------------------------------------------------------------------------------------
Name  Lib cell  Event  Incr   Arrival  Slew   Cap    Location          Distance  Fanout  Status
                       (ns)   (ns)     (ns)   (pF)                     (um)              
-- Clockpath trace ----------------------------------------------------------------------------
clk
-     -         rise   -       0.000   0.004  0.004  (16.000,332.800)  -            1    
CTS_csf_inv_00016/I
-     CKND2     rise   0.000   0.000   0.004  -      (6.500,323.800)    18.500   -       
CTS_csf_inv_00016/ZN
-     CKND2     fall   0.013   0.013   0.015  0.003  (6.770,324.095)     0.565      1    
CTS_csf_inv_00014/I
-     CKND4     fall   0.000   0.013   0.015  -      (5.700,323.800)     1.365   -       
CTS_csf_inv_00014/ZN
-     CKND4     rise   0.026   0.039   0.032  0.010  (5.100,323.400)     1.000      1    
CTS_ccl_a_inv_00013/I
-     CKND12    rise   0.000   0.039   0.032  -      (6.100,320.000)     4.400   -       
CTS_ccl_a_inv_00013/ZN
-     CKND12    fall   0.027   0.066   0.026  0.033  (7.500,319.800)     1.600      1    
CTS_ccl_a_inv_00012/I
-     CKND20    fall   0.005   0.071   0.028  -      (47.900,201.200)  159.000   -       
CTS_ccl_a_inv_00012/ZN
-     CKND20    rise   0.030   0.101   0.033  0.049  (50.300,201.000)    2.600      3    
mantissa_core/CTS_ccl_a_inv_00010/I
-     CKND6     rise   0.001   0.101   0.033  -      (49.700,194.000)    7.600   -       
mantissa_core/CTS_ccl_a_inv_00010/ZN
-     CKND6     fall   0.036   0.138   0.038  0.026  (50.700,193.800)    1.200      2    
mantissa_core/CTS_ccl_a_inv_00004/I
-     CKND16    fall   0.001   0.139   0.038  -      (49.700,189.200)    5.600   -       
mantissa_core/CTS_ccl_a_inv_00004/ZN
-     CKND16    rise   0.056   0.194   0.075  0.109  (47.700,189.400)    2.200     85    
mantissa_core/coefficient_stage1_reg_7_/CP
-     DFQD1     rise   0.005   0.199   0.077  -      (48.500,233.800)   45.200   -       
-----------------------------------------------------------------------------------------------

Timing for timing corner dc_ssm40_rcworst:setup.late, min clock_path:
=====================================================================

PathID    : 27
Path type : skew group clk/functional_2ns (path 1 of 1)
Start     : clk
End       : mantissa_core/x_stage1_reg_3_/CP
Delay     :  0.184

-----------------------------------------------------------------------------------------------
Name  Lib cell  Event  Incr   Arrival  Slew   Cap    Location          Distance  Fanout  Status
                       (ns)   (ns)     (ns)   (pF)                     (um)              
-- Clockpath trace ----------------------------------------------------------------------------
clk
-     -         rise   -       0.000   0.004  0.004  (16.000,332.800)  -            1    
CTS_csf_inv_00016/I
-     CKND2     rise   0.000   0.000   0.004  -      (6.500,323.800)    18.500   -       
CTS_csf_inv_00016/ZN
-     CKND2     fall   0.013   0.013   0.015  0.003  (6.770,324.095)     0.565      1    
CTS_csf_inv_00014/I
-     CKND4     fall   0.000   0.013   0.015  -      (5.700,323.800)     1.365   -       
CTS_csf_inv_00014/ZN
-     CKND4     rise   0.026   0.039   0.032  0.010  (5.100,323.400)     1.000      1    
CTS_ccl_a_inv_00013/I
-     CKND12    rise   0.000   0.039   0.032  -      (6.100,320.000)     4.400   -       
CTS_ccl_a_inv_00013/ZN
-     CKND12    fall   0.027   0.067   0.026  0.033  (7.500,319.800)     1.600      1    
CTS_ccl_a_inv_00012/I
-     CKND20    fall   0.005   0.071   0.028  -      (47.900,201.200)  159.000   -       
CTS_ccl_a_inv_00012/ZN
-     CKND20    rise   0.030   0.101   0.033  0.049  (50.300,201.000)    2.600      3    
CTS_ccl_a_inv_00009/I
-     CKND16    rise   0.005   0.106   0.034  -      (67.500,78.800)   139.400   -       
CTS_ccl_a_inv_00009/ZN
-     CKND16    fall   0.030   0.135   0.027  0.046  (69.500,78.600)     2.200      3    
CTS_ccl_a_inv_00001/I
-     CKND20    fall   0.001   0.136   0.027  -      (70.700,68.000)    11.800   -       
CTS_ccl_a_inv_00001/ZN
-     CKND20    rise   0.046   0.182   0.066  0.121  (73.100,67.800)     2.600     96    
mantissa_core/x_stage1_reg_3_/CP
-     DFQD1     rise   0.002   0.184   0.067  -      (76.500,66.600)     4.600   -       
-----------------------------------------------------------------------------------------------

Timing for timing corner dc_ssm40_rcworst:setup.late, max clock_path:
=====================================================================

PathID    : 28
Path type : skew group clk/functional_2ns (path 1 of 1)
Start     : clk
End       : mantissa_core/coefficient_stage1_reg_7_/CP
Delay     :  0.199

-----------------------------------------------------------------------------------------------
Name  Lib cell  Event  Incr   Arrival  Slew   Cap    Location          Distance  Fanout  Status
                       (ns)   (ns)     (ns)   (pF)                     (um)              
-- Clockpath trace ----------------------------------------------------------------------------
clk
-     -         rise   -       0.000   0.004  0.004  (16.000,332.800)  -            1    
CTS_csf_inv_00016/I
-     CKND2     rise   0.000   0.000   0.004  -      (6.500,323.800)    18.500   -       
CTS_csf_inv_00016/ZN
-     CKND2     fall   0.013   0.013   0.015  0.003  (6.770,324.095)     0.565      1    
CTS_csf_inv_00014/I
-     CKND4     fall   0.000   0.013   0.015  -      (5.700,323.800)     1.365   -       
CTS_csf_inv_00014/ZN
-     CKND4     rise   0.026   0.039   0.032  0.010  (5.100,323.400)     1.000      1    
CTS_ccl_a_inv_00013/I
-     CKND12    rise   0.000   0.039   0.032  -      (6.100,320.000)     4.400   -       
CTS_ccl_a_inv_00013/ZN
-     CKND12    fall   0.027   0.067   0.026  0.033  (7.500,319.800)     1.600      1    
CTS_ccl_a_inv_00012/I
-     CKND20    fall   0.005   0.071   0.028  -      (47.900,201.200)  159.000   -       
CTS_ccl_a_inv_00012/ZN
-     CKND20    rise   0.030   0.101   0.033  0.049  (50.300,201.000)    2.600      3    
mantissa_core/CTS_ccl_a_inv_00010/I
-     CKND6     rise   0.001   0.102   0.033  -      (49.700,194.000)    7.600   -       
mantissa_core/CTS_ccl_a_inv_00010/ZN
-     CKND6     fall   0.036   0.138   0.038  0.026  (50.700,193.800)    1.200      2    
mantissa_core/CTS_ccl_a_inv_00004/I
-     CKND16    fall   0.001   0.139   0.038  -      (49.700,189.200)    5.600   -       
mantissa_core/CTS_ccl_a_inv_00004/ZN
-     CKND16    rise   0.056   0.194   0.075  0.109  (47.700,189.400)    2.200     85    
mantissa_core/coefficient_stage1_reg_7_/CP
-     DFQD1     rise   0.005   0.199   0.077  -      (48.500,233.800)   45.200   -       
-----------------------------------------------------------------------------------------------

Timing for timing corner dc_ff0_cbest:hold.early, min clock_path:
=================================================================

PathID    : 29
Path type : skew group clk/functional_2ns (path 1 of 1)
Start     : clk
End       : mantissa_core/delta_3_stage3_reg_16_/CP
Delay     :  0.086

-----------------------------------------------------------------------------------------------
Name  Lib cell  Event  Incr   Arrival  Slew   Cap    Location          Distance  Fanout  Status
                       (ns)   (ns)     (ns)   (pF)                     (um)              
-- Clockpath trace ----------------------------------------------------------------------------
clk
-     -         rise   -       0.000   0.004  0.004  (16.000,332.800)  -            1    
CTS_csf_inv_00016/I
-     CKND2     rise   0.000   0.000   0.004  -      (6.500,323.800)    18.500   -       
CTS_csf_inv_00016/ZN
-     CKND2     fall   0.007   0.007   0.009  0.004  (6.770,324.095)     0.565      1    
CTS_csf_inv_00014/I
-     CKND4     fall   0.000   0.007   0.009  -      (5.700,323.800)     1.365   -       
CTS_csf_inv_00014/ZN
-     CKND4     rise   0.012   0.019   0.017  0.012  (5.100,323.400)     1.000      1    
CTS_ccl_a_inv_00013/I
-     CKND12    rise   0.000   0.019   0.017  -      (6.100,320.000)     4.400   -       
CTS_ccl_a_inv_00013/ZN
-     CKND12    fall   0.010   0.030   0.014  0.034  (7.500,319.800)     1.600      1    
CTS_ccl_a_inv_00012/I
-     CKND20    fall   0.004   0.034   0.018  -      (47.900,201.200)  159.000   -       
CTS_ccl_a_inv_00012/ZN
-     CKND20    rise   0.013   0.047   0.017  0.051  (50.300,201.000)    2.600      3    
mantissa_core/CTS_ccl_a_inv_00011/I
-     CKND12    rise   0.002   0.049   0.019  -      (48.100,154.400)   48.800   -       
mantissa_core/CTS_ccl_a_inv_00011/ZN
-     CKND12    fall   0.016   0.065   0.021  0.054  (49.500,154.200)    1.600      3    
mantissa_core/CTS_ccl_a_inv_00005/I
-     CKND20    fall   0.000   0.066   0.021  -      (49.100,158.000)    4.200   -       
mantissa_core/CTS_ccl_a_inv_00005/ZN
-     CKND20    rise   0.020   0.086   0.035  0.123  (51.500,157.800)    2.600     85    
mantissa_core/delta_3_stage3_reg_16_/CP
-     DFQD1     rise   0.000   0.086   0.035  -      (53.300,156.600)    3.000   -       
-----------------------------------------------------------------------------------------------

Timing for timing corner dc_ff0_cbest:hold.early, max clock_path:
=================================================================

PathID    : 30
Path type : skew group clk/functional_2ns (path 1 of 1)
Start     : clk
End       : mantissa_core/x_stage2_reg_1_/CP
Delay     :  0.094

-----------------------------------------------------------------------------------------------
Name  Lib cell  Event  Incr   Arrival  Slew   Cap    Location          Distance  Fanout  Status
                       (ns)   (ns)     (ns)   (pF)                     (um)              
-- Clockpath trace ----------------------------------------------------------------------------
clk
-     -         rise   -       0.000   0.004  0.004  (16.000,332.800)  -            1    
CTS_csf_inv_00016/I
-     CKND2     rise   0.000   0.000   0.004  -      (6.500,323.800)    18.500   -       
CTS_csf_inv_00016/ZN
-     CKND2     fall   0.007   0.007   0.009  0.004  (6.770,324.095)     0.565      1    
CTS_csf_inv_00014/I
-     CKND4     fall   0.000   0.007   0.009  -      (5.700,323.800)     1.365   -       
CTS_csf_inv_00014/ZN
-     CKND4     rise   0.012   0.019   0.017  0.012  (5.100,323.400)     1.000      1    
CTS_ccl_a_inv_00013/I
-     CKND12    rise   0.000   0.019   0.017  -      (6.100,320.000)     4.400   -       
CTS_ccl_a_inv_00013/ZN
-     CKND12    fall   0.010   0.030   0.014  0.034  (7.500,319.800)     1.600      1    
CTS_ccl_a_inv_00012/I
-     CKND20    fall   0.004   0.034   0.018  -      (47.900,201.200)  159.000   -       
CTS_ccl_a_inv_00012/ZN
-     CKND20    rise   0.013   0.047   0.017  0.051  (50.300,201.000)    2.600      3    
CTS_ccl_a_inv_00009/I
-     CKND16    rise   0.004   0.051   0.021  -      (67.500,78.800)   139.400   -       
CTS_ccl_a_inv_00009/ZN
-     CKND16    fall   0.013   0.065   0.017  0.051  (69.500,78.600)     2.200      3    
CTS_ccl_a_inv_00002/I
-     CKND16    fall   0.001   0.066   0.017  -      (51.300,52.400)    44.400   -       
CTS_ccl_a_inv_00002/ZN
-     CKND16    rise   0.022   0.088   0.043  0.124  (49.300,52.600)     2.200     93    
mantissa_core/x_stage2_reg_1_/CP
-     DFQD4     rise   0.006   0.094   0.048  -      (77.700,27.000)    54.000   -       
-----------------------------------------------------------------------------------------------

Timing for timing corner dc_ff0_cbest:hold.late, min clock_path:
================================================================

PathID    : 31
Path type : skew group clk/functional_2ns (path 1 of 1)
Start     : clk
End       : mantissa_core/delta_3_stage3_reg_16_/CP
Delay     :  0.086

-----------------------------------------------------------------------------------------------
Name  Lib cell  Event  Incr   Arrival  Slew   Cap    Location          Distance  Fanout  Status
                       (ns)   (ns)     (ns)   (pF)                     (um)              
-- Clockpath trace ----------------------------------------------------------------------------
clk
-     -         rise   -       0.000   0.004  0.004  (16.000,332.800)  -            1    
CTS_csf_inv_00016/I
-     CKND2     rise   0.000   0.000   0.004  -      (6.500,323.800)    18.500   -       
CTS_csf_inv_00016/ZN
-     CKND2     fall   0.007   0.007   0.009  0.004  (6.770,324.095)     0.565      1    
CTS_csf_inv_00014/I
-     CKND4     fall   0.000   0.007   0.009  -      (5.700,323.800)     1.365   -       
CTS_csf_inv_00014/ZN
-     CKND4     rise   0.012   0.019   0.017  0.012  (5.100,323.400)     1.000      1    
CTS_ccl_a_inv_00013/I
-     CKND12    rise   0.000   0.019   0.017  -      (6.100,320.000)     4.400   -       
CTS_ccl_a_inv_00013/ZN
-     CKND12    fall   0.010   0.030   0.014  0.034  (7.500,319.800)     1.600      1    
CTS_ccl_a_inv_00012/I
-     CKND20    fall   0.004   0.034   0.018  -      (47.900,201.200)  159.000   -       
CTS_ccl_a_inv_00012/ZN
-     CKND20    rise   0.013   0.047   0.017  0.051  (50.300,201.000)    2.600      3    
mantissa_core/CTS_ccl_a_inv_00011/I
-     CKND12    rise   0.002   0.049   0.019  -      (48.100,154.400)   48.800   -       
mantissa_core/CTS_ccl_a_inv_00011/ZN
-     CKND12    fall   0.016   0.065   0.021  0.054  (49.500,154.200)    1.600      3    
mantissa_core/CTS_ccl_a_inv_00005/I
-     CKND20    fall   0.000   0.066   0.021  -      (49.100,158.000)    4.200   -       
mantissa_core/CTS_ccl_a_inv_00005/ZN
-     CKND20    rise   0.020   0.086   0.035  0.123  (51.500,157.800)    2.600     85    
mantissa_core/delta_3_stage3_reg_16_/CP
-     DFQD1     rise   0.000   0.086   0.035  -      (53.300,156.600)    3.000   -       
-----------------------------------------------------------------------------------------------

Timing for timing corner dc_ff0_cbest:hold.late, max clock_path:
================================================================

PathID    : 32
Path type : skew group clk/functional_2ns (path 1 of 1)
Start     : clk
End       : mantissa_core/x_stage2_reg_1_/CP
Delay     :  0.094

-----------------------------------------------------------------------------------------------
Name  Lib cell  Event  Incr   Arrival  Slew   Cap    Location          Distance  Fanout  Status
                       (ns)   (ns)     (ns)   (pF)                     (um)              
-- Clockpath trace ----------------------------------------------------------------------------
clk
-     -         rise   -       0.000   0.004  0.004  (16.000,332.800)  -            1    
CTS_csf_inv_00016/I
-     CKND2     rise   0.000   0.000   0.004  -      (6.500,323.800)    18.500   -       
CTS_csf_inv_00016/ZN
-     CKND2     fall   0.007   0.007   0.009  0.004  (6.770,324.095)     0.565      1    
CTS_csf_inv_00014/I
-     CKND4     fall   0.000   0.007   0.009  -      (5.700,323.800)     1.365   -       
CTS_csf_inv_00014/ZN
-     CKND4     rise   0.012   0.019   0.017  0.012  (5.100,323.400)     1.000      1    
CTS_ccl_a_inv_00013/I
-     CKND12    rise   0.000   0.019   0.017  -      (6.100,320.000)     4.400   -       
CTS_ccl_a_inv_00013/ZN
-     CKND12    fall   0.010   0.030   0.014  0.034  (7.500,319.800)     1.600      1    
CTS_ccl_a_inv_00012/I
-     CKND20    fall   0.004   0.034   0.018  -      (47.900,201.200)  159.000   -       
CTS_ccl_a_inv_00012/ZN
-     CKND20    rise   0.013   0.047   0.017  0.051  (50.300,201.000)    2.600      3    
CTS_ccl_a_inv_00009/I
-     CKND16    rise   0.004   0.051   0.021  -      (67.500,78.800)   139.400   -       
CTS_ccl_a_inv_00009/ZN
-     CKND16    fall   0.013   0.065   0.017  0.051  (69.500,78.600)     2.200      3    
CTS_ccl_a_inv_00002/I
-     CKND16    fall   0.001   0.066   0.017  -      (51.300,52.400)    44.400   -       
CTS_ccl_a_inv_00002/ZN
-     CKND16    rise   0.022   0.088   0.043  0.124  (49.300,52.600)     2.200     93    
mantissa_core/x_stage2_reg_1_/CP
-     DFQD4     rise   0.006   0.094   0.048  -      (77.700,27.000)    54.000   -       
-----------------------------------------------------------------------------------------------

Timing for timing corner dc_ff0_rcbest:hold.early, min clock_path:
==================================================================

PathID    : 33
Path type : skew group clk/functional_2ns (path 1 of 1)
Start     : clk
End       : mantissa_core/x_stage1_reg_3_/CP
Delay     :  0.087

-----------------------------------------------------------------------------------------------
Name  Lib cell  Event  Incr   Arrival  Slew   Cap    Location          Distance  Fanout  Status
                       (ns)   (ns)     (ns)   (pF)                     (um)              
-- Clockpath trace ----------------------------------------------------------------------------
clk
-     -         rise   -       0.000   0.004  0.004  (16.000,332.800)  -            1    
CTS_csf_inv_00016/I
-     CKND2     rise   0.000   0.000   0.004  -      (6.500,323.800)    18.500   -       
CTS_csf_inv_00016/ZN
-     CKND2     fall   0.007   0.007   0.009  0.004  (6.770,324.095)     0.565      1    
CTS_csf_inv_00014/I
-     CKND4     fall   0.000   0.007   0.009  -      (5.700,323.800)     1.365   -       
CTS_csf_inv_00014/ZN
-     CKND4     rise   0.012   0.019   0.017  0.012  (5.100,323.400)     1.000      1    
CTS_ccl_a_inv_00013/I
-     CKND12    rise   0.000   0.019   0.017  -      (6.100,320.000)     4.400   -       
CTS_ccl_a_inv_00013/ZN
-     CKND12    fall   0.011   0.030   0.014  0.035  (7.500,319.800)     1.600      1    
CTS_ccl_a_inv_00012/I
-     CKND20    fall   0.003   0.033   0.017  -      (47.900,201.200)  159.000   -       
CTS_ccl_a_inv_00012/ZN
-     CKND20    rise   0.013   0.047   0.018  0.054  (50.300,201.000)    2.600      3    
CTS_ccl_a_inv_00009/I
-     CKND16    rise   0.003   0.050   0.020  -      (67.500,78.800)   139.400   -       
CTS_ccl_a_inv_00009/ZN
-     CKND16    fall   0.013   0.063   0.017  0.052  (69.500,78.600)     2.200      3    
CTS_ccl_a_inv_00001/I
-     CKND20    fall   0.000   0.064   0.017  -      (70.700,68.000)    11.800   -       
CTS_ccl_a_inv_00001/ZN
-     CKND20    rise   0.023   0.086   0.039  0.140  (73.100,67.800)     2.600     96    
mantissa_core/x_stage1_reg_3_/CP
-     DFQD1     rise   0.001   0.087   0.039  -      (76.500,66.600)     4.600   -       
-----------------------------------------------------------------------------------------------

Timing for timing corner dc_ff0_rcbest:hold.early, max clock_path:
==================================================================

PathID    : 34
Path type : skew group clk/functional_2ns (path 1 of 1)
Start     : clk
End       : mantissa_core/coefficient_stage1_reg_7_/CP
Delay     :  0.094

-----------------------------------------------------------------------------------------------
Name  Lib cell  Event  Incr   Arrival  Slew   Cap    Location          Distance  Fanout  Status
                       (ns)   (ns)     (ns)   (pF)                     (um)              
-- Clockpath trace ----------------------------------------------------------------------------
clk
-     -         rise   -       0.000   0.004  0.004  (16.000,332.800)  -            1    
CTS_csf_inv_00016/I
-     CKND2     rise   0.000   0.000   0.004  -      (6.500,323.800)    18.500   -       
CTS_csf_inv_00016/ZN
-     CKND2     fall   0.007   0.007   0.009  0.004  (6.770,324.095)     0.565      1    
CTS_csf_inv_00014/I
-     CKND4     fall   0.000   0.007   0.009  -      (5.700,323.800)     1.365   -       
CTS_csf_inv_00014/ZN
-     CKND4     rise   0.012   0.019   0.017  0.012  (5.100,323.400)     1.000      1    
CTS_ccl_a_inv_00013/I
-     CKND12    rise   0.000   0.019   0.017  -      (6.100,320.000)     4.400   -       
CTS_ccl_a_inv_00013/ZN
-     CKND12    fall   0.011   0.030   0.014  0.035  (7.500,319.800)     1.600      1    
CTS_ccl_a_inv_00012/I
-     CKND20    fall   0.003   0.033   0.017  -      (47.900,201.200)  159.000   -       
CTS_ccl_a_inv_00012/ZN
-     CKND20    rise   0.013   0.047   0.018  0.054  (50.300,201.000)    2.600      3    
mantissa_core/CTS_ccl_a_inv_00010/I
-     CKND6     rise   0.000   0.047   0.018  -      (49.700,194.000)    7.600   -       
mantissa_core/CTS_ccl_a_inv_00010/ZN
-     CKND6     fall   0.017   0.064   0.023  0.030  (50.700,193.800)    1.200      2    
mantissa_core/CTS_ccl_a_inv_00004/I
-     CKND16    fall   0.000   0.064   0.023  -      (49.700,189.200)    5.600   -       
mantissa_core/CTS_ccl_a_inv_00004/ZN
-     CKND16    rise   0.027   0.091   0.044  0.126  (47.700,189.400)    2.200     85    
mantissa_core/coefficient_stage1_reg_7_/CP
-     DFQD1     rise   0.003   0.094   0.046  -      (48.500,233.800)   45.200   -       
-----------------------------------------------------------------------------------------------

Timing for timing corner dc_ff0_rcbest:hold.late, min clock_path:
=================================================================

PathID    : 35
Path type : skew group clk/functional_2ns (path 1 of 1)
Start     : clk
End       : mantissa_core/x_stage1_reg_3_/CP
Delay     :  0.087

-----------------------------------------------------------------------------------------------
Name  Lib cell  Event  Incr   Arrival  Slew   Cap    Location          Distance  Fanout  Status
                       (ns)   (ns)     (ns)   (pF)                     (um)              
-- Clockpath trace ----------------------------------------------------------------------------
clk
-     -         rise   -       0.000   0.004  0.004  (16.000,332.800)  -            1    
CTS_csf_inv_00016/I
-     CKND2     rise   0.000   0.000   0.004  -      (6.500,323.800)    18.500   -       
CTS_csf_inv_00016/ZN
-     CKND2     fall   0.007   0.007   0.009  0.004  (6.770,324.095)     0.565      1    
CTS_csf_inv_00014/I
-     CKND4     fall   0.000   0.007   0.009  -      (5.700,323.800)     1.365   -       
CTS_csf_inv_00014/ZN
-     CKND4     rise   0.012   0.019   0.017  0.012  (5.100,323.400)     1.000      1    
CTS_ccl_a_inv_00013/I
-     CKND12    rise   0.000   0.019   0.017  -      (6.100,320.000)     4.400   -       
CTS_ccl_a_inv_00013/ZN
-     CKND12    fall   0.011   0.031   0.014  0.035  (7.500,319.800)     1.600      1    
CTS_ccl_a_inv_00012/I
-     CKND20    fall   0.003   0.034   0.017  -      (47.900,201.200)  159.000   -       
CTS_ccl_a_inv_00012/ZN
-     CKND20    rise   0.013   0.047   0.018  0.054  (50.300,201.000)    2.600      3    
CTS_ccl_a_inv_00009/I
-     CKND16    rise   0.003   0.050   0.020  -      (67.500,78.800)   139.400   -       
CTS_ccl_a_inv_00009/ZN
-     CKND16    fall   0.013   0.063   0.017  0.052  (69.500,78.600)     2.200      3    
CTS_ccl_a_inv_00001/I
-     CKND20    fall   0.000   0.064   0.017  -      (70.700,68.000)    11.800   -       
CTS_ccl_a_inv_00001/ZN
-     CKND20    rise   0.023   0.086   0.039  0.140  (73.100,67.800)     2.600     96    
mantissa_core/x_stage1_reg_3_/CP
-     DFQD1     rise   0.001   0.087   0.039  -      (76.500,66.600)     4.600   -       
-----------------------------------------------------------------------------------------------

Timing for timing corner dc_ff0_rcbest:hold.late, max clock_path:
=================================================================

PathID    : 36
Path type : skew group clk/functional_2ns (path 1 of 1)
Start     : clk
End       : mantissa_core/coefficient_stage1_reg_7_/CP
Delay     :  0.094

-----------------------------------------------------------------------------------------------
Name  Lib cell  Event  Incr   Arrival  Slew   Cap    Location          Distance  Fanout  Status
                       (ns)   (ns)     (ns)   (pF)                     (um)              
-- Clockpath trace ----------------------------------------------------------------------------
clk
-     -         rise   -       0.000   0.004  0.004  (16.000,332.800)  -            1    
CTS_csf_inv_00016/I
-     CKND2     rise   0.000   0.000   0.004  -      (6.500,323.800)    18.500   -       
CTS_csf_inv_00016/ZN
-     CKND2     fall   0.007   0.007   0.009  0.004  (6.770,324.095)     0.565      1    
CTS_csf_inv_00014/I
-     CKND4     fall   0.000   0.007   0.009  -      (5.700,323.800)     1.365   -       
CTS_csf_inv_00014/ZN
-     CKND4     rise   0.012   0.019   0.017  0.012  (5.100,323.400)     1.000      1    
CTS_ccl_a_inv_00013/I
-     CKND12    rise   0.000   0.019   0.017  -      (6.100,320.000)     4.400   -       
CTS_ccl_a_inv_00013/ZN
-     CKND12    fall   0.011   0.031   0.014  0.035  (7.500,319.800)     1.600      1    
CTS_ccl_a_inv_00012/I
-     CKND20    fall   0.003   0.034   0.017  -      (47.900,201.200)  159.000   -       
CTS_ccl_a_inv_00012/ZN
-     CKND20    rise   0.013   0.047   0.018  0.054  (50.300,201.000)    2.600      3    
mantissa_core/CTS_ccl_a_inv_00010/I
-     CKND6     rise   0.000   0.047   0.018  -      (49.700,194.000)    7.600   -       
mantissa_core/CTS_ccl_a_inv_00010/ZN
-     CKND6     fall   0.017   0.064   0.023  0.030  (50.700,193.800)    1.200      2    
mantissa_core/CTS_ccl_a_inv_00004/I
-     CKND16    fall   0.000   0.064   0.023  -      (49.700,189.200)    5.600   -       
mantissa_core/CTS_ccl_a_inv_00004/ZN
-     CKND16    rise   0.027   0.091   0.044  0.126  (47.700,189.400)    2.200     85    
mantissa_core/coefficient_stage1_reg_7_/CP
-     DFQD1     rise   0.003   0.094   0.046  -      (48.500,233.800)   45.200   -       
-----------------------------------------------------------------------------------------------

Timing for timing corner dc_ffm40_cbest:hold.early, min clock_path:
===================================================================

PathID    : 37
Path type : skew group clk/functional_2ns (path 1 of 1)
Start     : clk
End       : mantissa_core/delta_3_stage3_reg_16_/CP
Delay     :  0.083

-----------------------------------------------------------------------------------------------
Name  Lib cell  Event  Incr   Arrival  Slew   Cap    Location          Distance  Fanout  Status
                       (ns)   (ns)     (ns)   (pF)                     (um)              
-- Clockpath trace ----------------------------------------------------------------------------
clk
-     -         rise   -       0.000   0.004  0.004  (16.000,332.800)  -            1    
CTS_csf_inv_00016/I
-     CKND2     rise   0.000   0.000   0.004  -      (6.500,323.800)    18.500   -       
CTS_csf_inv_00016/ZN
-     CKND2     fall   0.007   0.007   0.008  0.004  (6.770,324.095)     0.565      1    
CTS_csf_inv_00014/I
-     CKND4     fall   0.000   0.007   0.008  -      (5.700,323.800)     1.365   -       
CTS_csf_inv_00014/ZN
-     CKND4     rise   0.012   0.019   0.016  0.012  (5.100,323.400)     1.000      1    
CTS_ccl_a_inv_00013/I
-     CKND12    rise   0.000   0.019   0.016  -      (6.100,320.000)     4.400   -       
CTS_ccl_a_inv_00013/ZN
-     CKND12    fall   0.010   0.029   0.013  0.033  (7.500,319.800)     1.600      1    
CTS_ccl_a_inv_00012/I
-     CKND20    fall   0.004   0.033   0.016  -      (47.900,201.200)  159.000   -       
CTS_ccl_a_inv_00012/ZN
-     CKND20    rise   0.012   0.045   0.016  0.051  (50.300,201.000)    2.600      3    
mantissa_core/CTS_ccl_a_inv_00011/I
-     CKND12    rise   0.002   0.047   0.018  -      (48.100,154.400)   48.800   -       
mantissa_core/CTS_ccl_a_inv_00011/ZN
-     CKND12    fall   0.016   0.063   0.020  0.053  (49.500,154.200)    1.600      3    
mantissa_core/CTS_ccl_a_inv_00005/I
-     CKND20    fall   0.000   0.063   0.020  -      (49.100,158.000)    4.200   -       
mantissa_core/CTS_ccl_a_inv_00005/ZN
-     CKND20    rise   0.020   0.083   0.034  0.122  (51.500,157.800)    2.600     85    
mantissa_core/delta_3_stage3_reg_16_/CP
-     DFQD1     rise   0.000   0.083   0.034  -      (53.300,156.600)    3.000   -       
-----------------------------------------------------------------------------------------------

Timing for timing corner dc_ffm40_cbest:hold.early, max clock_path:
===================================================================

PathID    : 38
Path type : skew group clk/functional_2ns (path 1 of 1)
Start     : clk
End       : exponent_stage5_reg_10_/CP
Delay     :  0.091

-----------------------------------------------------------------------------------------------
Name  Lib cell  Event  Incr   Arrival  Slew   Cap    Location          Distance  Fanout  Status
                       (ns)   (ns)     (ns)   (pF)                     (um)              
-- Clockpath trace ----------------------------------------------------------------------------
clk
-     -         rise   -       0.000   0.004  0.004  (16.000,332.800)  -            1    
CTS_csf_inv_00016/I
-     CKND2     rise   0.000   0.000   0.004  -      (6.500,323.800)    18.500   -       
CTS_csf_inv_00016/ZN
-     CKND2     fall   0.007   0.007   0.008  0.004  (6.770,324.095)     0.565      1    
CTS_csf_inv_00014/I
-     CKND4     fall   0.000   0.007   0.008  -      (5.700,323.800)     1.365   -       
CTS_csf_inv_00014/ZN
-     CKND4     rise   0.012   0.019   0.016  0.012  (5.100,323.400)     1.000      1    
CTS_ccl_a_inv_00013/I
-     CKND12    rise   0.000   0.019   0.016  -      (6.100,320.000)     4.400   -       
CTS_ccl_a_inv_00013/ZN
-     CKND12    fall   0.010   0.029   0.013  0.033  (7.500,319.800)     1.600      1    
CTS_ccl_a_inv_00012/I
-     CKND20    fall   0.004   0.033   0.016  -      (47.900,201.200)  159.000   -       
CTS_ccl_a_inv_00012/ZN
-     CKND20    rise   0.012   0.045   0.016  0.051  (50.300,201.000)    2.600      3    
CTS_ccl_a_inv_00009/I
-     CKND16    rise   0.004   0.049   0.020  -      (67.500,78.800)   139.400   -       
CTS_ccl_a_inv_00009/ZN
-     CKND16    fall   0.013   0.062   0.016  0.050  (69.500,78.600)     2.200      3    
CTS_ccl_a_inv_00002/I
-     CKND16    fall   0.001   0.064   0.016  -      (51.300,52.400)    44.400   -       
CTS_ccl_a_inv_00002/ZN
-     CKND16    rise   0.022   0.085   0.042  0.123  (49.300,52.600)     2.200     93    
exponent_stage5_reg_10_/CP
-     DFQD1     rise   0.005   0.091   0.046  -      (64.500,9.000)     58.800   -       
-----------------------------------------------------------------------------------------------

Timing for timing corner dc_ffm40_cbest:hold.late, min clock_path:
==================================================================

PathID    : 39
Path type : skew group clk/functional_2ns (path 1 of 1)
Start     : clk
End       : mantissa_core/delta_3_stage3_reg_16_/CP
Delay     :  0.083

-----------------------------------------------------------------------------------------------
Name  Lib cell  Event  Incr   Arrival  Slew   Cap    Location          Distance  Fanout  Status
                       (ns)   (ns)     (ns)   (pF)                     (um)              
-- Clockpath trace ----------------------------------------------------------------------------
clk
-     -         rise   -       0.000   0.004  0.004  (16.000,332.800)  -            1    
CTS_csf_inv_00016/I
-     CKND2     rise   0.000   0.000   0.004  -      (6.500,323.800)    18.500   -       
CTS_csf_inv_00016/ZN
-     CKND2     fall   0.007   0.007   0.008  0.004  (6.770,324.095)     0.565      1    
CTS_csf_inv_00014/I
-     CKND4     fall   0.000   0.007   0.008  -      (5.700,323.800)     1.365   -       
CTS_csf_inv_00014/ZN
-     CKND4     rise   0.012   0.019   0.016  0.012  (5.100,323.400)     1.000      1    
CTS_ccl_a_inv_00013/I
-     CKND12    rise   0.000   0.019   0.016  -      (6.100,320.000)     4.400   -       
CTS_ccl_a_inv_00013/ZN
-     CKND12    fall   0.010   0.029   0.013  0.033  (7.500,319.800)     1.600      1    
CTS_ccl_a_inv_00012/I
-     CKND20    fall   0.004   0.033   0.016  -      (47.900,201.200)  159.000   -       
CTS_ccl_a_inv_00012/ZN
-     CKND20    rise   0.012   0.045   0.016  0.051  (50.300,201.000)    2.600      3    
mantissa_core/CTS_ccl_a_inv_00011/I
-     CKND12    rise   0.002   0.047   0.018  -      (48.100,154.400)   48.800   -       
mantissa_core/CTS_ccl_a_inv_00011/ZN
-     CKND12    fall   0.016   0.063   0.020  0.053  (49.500,154.200)    1.600      3    
mantissa_core/CTS_ccl_a_inv_00005/I
-     CKND20    fall   0.000   0.063   0.020  -      (49.100,158.000)    4.200   -       
mantissa_core/CTS_ccl_a_inv_00005/ZN
-     CKND20    rise   0.020   0.083   0.034  0.122  (51.500,157.800)    2.600     85    
mantissa_core/delta_3_stage3_reg_16_/CP
-     DFQD1     rise   0.000   0.083   0.034  -      (53.300,156.600)    3.000   -       
-----------------------------------------------------------------------------------------------

Timing for timing corner dc_ffm40_cbest:hold.late, max clock_path:
==================================================================

PathID    : 40
Path type : skew group clk/functional_2ns (path 1 of 1)
Start     : clk
End       : exponent_stage5_reg_10_/CP
Delay     :  0.091

-----------------------------------------------------------------------------------------------
Name  Lib cell  Event  Incr   Arrival  Slew   Cap    Location          Distance  Fanout  Status
                       (ns)   (ns)     (ns)   (pF)                     (um)              
-- Clockpath trace ----------------------------------------------------------------------------
clk
-     -         rise   -       0.000   0.004  0.004  (16.000,332.800)  -            1    
CTS_csf_inv_00016/I
-     CKND2     rise   0.000   0.000   0.004  -      (6.500,323.800)    18.500   -       
CTS_csf_inv_00016/ZN
-     CKND2     fall   0.007   0.007   0.008  0.004  (6.770,324.095)     0.565      1    
CTS_csf_inv_00014/I
-     CKND4     fall   0.000   0.007   0.008  -      (5.700,323.800)     1.365   -       
CTS_csf_inv_00014/ZN
-     CKND4     rise   0.012   0.019   0.016  0.012  (5.100,323.400)     1.000      1    
CTS_ccl_a_inv_00013/I
-     CKND12    rise   0.000   0.019   0.016  -      (6.100,320.000)     4.400   -       
CTS_ccl_a_inv_00013/ZN
-     CKND12    fall   0.010   0.029   0.013  0.033  (7.500,319.800)     1.600      1    
CTS_ccl_a_inv_00012/I
-     CKND20    fall   0.004   0.033   0.016  -      (47.900,201.200)  159.000   -       
CTS_ccl_a_inv_00012/ZN
-     CKND20    rise   0.012   0.045   0.016  0.051  (50.300,201.000)    2.600      3    
CTS_ccl_a_inv_00009/I
-     CKND16    rise   0.004   0.049   0.020  -      (67.500,78.800)   139.400   -       
CTS_ccl_a_inv_00009/ZN
-     CKND16    fall   0.013   0.062   0.016  0.050  (69.500,78.600)     2.200      3    
CTS_ccl_a_inv_00002/I
-     CKND16    fall   0.001   0.064   0.016  -      (51.300,52.400)    44.400   -       
CTS_ccl_a_inv_00002/ZN
-     CKND16    rise   0.022   0.085   0.042  0.123  (49.300,52.600)     2.200     93    
exponent_stage5_reg_10_/CP
-     DFQD1     rise   0.005   0.091   0.046  -      (64.500,9.000)     58.800   -       
-----------------------------------------------------------------------------------------------

Timing for timing corner dc_ffm40_rcbest:hold.early, min clock_path:
====================================================================

PathID    : 41
Path type : skew group clk/functional_2ns (path 1 of 1)
Start     : clk
End       : mantissa_core/x_stage1_reg_3_/CP
Delay     :  0.084

-----------------------------------------------------------------------------------------------
Name  Lib cell  Event  Incr   Arrival  Slew   Cap    Location          Distance  Fanout  Status
                       (ns)   (ns)     (ns)   (pF)                     (um)              
-- Clockpath trace ----------------------------------------------------------------------------
clk
-     -         rise   -       0.000   0.004  0.004  (16.000,332.800)  -            1    
CTS_csf_inv_00016/I
-     CKND2     rise   0.000   0.000   0.004  -      (6.500,323.800)    18.500   -       
CTS_csf_inv_00016/ZN
-     CKND2     fall   0.007   0.007   0.008  0.004  (6.770,324.095)     0.565      1    
CTS_csf_inv_00014/I
-     CKND4     fall   0.000   0.007   0.008  -      (5.700,323.800)     1.365   -       
CTS_csf_inv_00014/ZN
-     CKND4     rise   0.012   0.019   0.016  0.012  (5.100,323.400)     1.000      1    
CTS_ccl_a_inv_00013/I
-     CKND12    rise   0.000   0.019   0.016  -      (6.100,320.000)     4.400   -       
CTS_ccl_a_inv_00013/ZN
-     CKND12    fall   0.011   0.029   0.013  0.035  (7.500,319.800)     1.600      1    
CTS_ccl_a_inv_00012/I
-     CKND20    fall   0.003   0.032   0.015  -      (47.900,201.200)  159.000   -       
CTS_ccl_a_inv_00012/ZN
-     CKND20    rise   0.013   0.045   0.017  0.053  (50.300,201.000)    2.600      3    
CTS_ccl_a_inv_00009/I
-     CKND16    rise   0.003   0.048   0.019  -      (67.500,78.800)   139.400   -       
CTS_ccl_a_inv_00009/ZN
-     CKND16    fall   0.013   0.061   0.016  0.051  (69.500,78.600)     2.200      3    
CTS_ccl_a_inv_00001/I
-     CKND20    fall   0.001   0.062   0.016  -      (70.700,68.000)    11.800   -       
CTS_ccl_a_inv_00001/ZN
-     CKND20    rise   0.022   0.084   0.038  0.139  (73.100,67.800)     2.600     96    
mantissa_core/x_stage1_reg_3_/CP
-     DFQD1     rise   0.001   0.084   0.038  -      (76.500,66.600)     4.600   -       
-----------------------------------------------------------------------------------------------

Timing for timing corner dc_ffm40_rcbest:hold.early, max clock_path:
====================================================================

PathID    : 42
Path type : skew group clk/functional_2ns (path 1 of 1)
Start     : clk
End       : mantissa_core/coefficient_stage1_reg_7_/CP
Delay     :  0.090

-----------------------------------------------------------------------------------------------
Name  Lib cell  Event  Incr   Arrival  Slew   Cap    Location          Distance  Fanout  Status
                       (ns)   (ns)     (ns)   (pF)                     (um)              
-- Clockpath trace ----------------------------------------------------------------------------
clk
-     -         rise   -       0.000   0.004  0.004  (16.000,332.800)  -            1    
CTS_csf_inv_00016/I
-     CKND2     rise   0.000   0.000   0.004  -      (6.500,323.800)    18.500   -       
CTS_csf_inv_00016/ZN
-     CKND2     fall   0.007   0.007   0.008  0.004  (6.770,324.095)     0.565      1    
CTS_csf_inv_00014/I
-     CKND4     fall   0.000   0.007   0.008  -      (5.700,323.800)     1.365   -       
CTS_csf_inv_00014/ZN
-     CKND4     rise   0.012   0.019   0.016  0.012  (5.100,323.400)     1.000      1    
CTS_ccl_a_inv_00013/I
-     CKND12    rise   0.000   0.019   0.016  -      (6.100,320.000)     4.400   -       
CTS_ccl_a_inv_00013/ZN
-     CKND12    fall   0.011   0.029   0.013  0.035  (7.500,319.800)     1.600      1    
CTS_ccl_a_inv_00012/I
-     CKND20    fall   0.003   0.032   0.015  -      (47.900,201.200)  159.000   -       
CTS_ccl_a_inv_00012/ZN
-     CKND20    rise   0.013   0.045   0.017  0.053  (50.300,201.000)    2.600      3    
mantissa_core/CTS_ccl_a_inv_00010/I
-     CKND6     rise   0.000   0.045   0.017  -      (49.700,194.000)    7.600   -       
mantissa_core/CTS_ccl_a_inv_00010/ZN
-     CKND6     fall   0.017   0.062   0.022  0.029  (50.700,193.800)    1.200      2    
mantissa_core/CTS_ccl_a_inv_00004/I
-     CKND16    fall   0.000   0.062   0.022  -      (49.700,189.200)    5.600   -       
mantissa_core/CTS_ccl_a_inv_00004/ZN
-     CKND16    rise   0.026   0.088   0.043  0.125  (47.700,189.400)    2.200     85    
mantissa_core/coefficient_stage1_reg_7_/CP
-     DFQD1     rise   0.003   0.090   0.044  -      (48.500,233.800)   45.200   -       
-----------------------------------------------------------------------------------------------

Timing for timing corner dc_ffm40_rcbest:hold.late, min clock_path:
===================================================================

PathID    : 43
Path type : skew group clk/functional_2ns (path 1 of 1)
Start     : clk
End       : mantissa_core/x_stage1_reg_3_/CP
Delay     :  0.084

-----------------------------------------------------------------------------------------------
Name  Lib cell  Event  Incr   Arrival  Slew   Cap    Location          Distance  Fanout  Status
                       (ns)   (ns)     (ns)   (pF)                     (um)              
-- Clockpath trace ----------------------------------------------------------------------------
clk
-     -         rise   -       0.000   0.004  0.004  (16.000,332.800)  -            1    
CTS_csf_inv_00016/I
-     CKND2     rise   0.000   0.000   0.004  -      (6.500,323.800)    18.500   -       
CTS_csf_inv_00016/ZN
-     CKND2     fall   0.007   0.007   0.008  0.004  (6.770,324.095)     0.565      1    
CTS_csf_inv_00014/I
-     CKND4     fall   0.000   0.007   0.008  -      (5.700,323.800)     1.365   -       
CTS_csf_inv_00014/ZN
-     CKND4     rise   0.012   0.019   0.016  0.012  (5.100,323.400)     1.000      1    
CTS_ccl_a_inv_00013/I
-     CKND12    rise   0.000   0.019   0.016  -      (6.100,320.000)     4.400   -       
CTS_ccl_a_inv_00013/ZN
-     CKND12    fall   0.011   0.029   0.013  0.035  (7.500,319.800)     1.600      1    
CTS_ccl_a_inv_00012/I
-     CKND20    fall   0.003   0.032   0.015  -      (47.900,201.200)  159.000   -       
CTS_ccl_a_inv_00012/ZN
-     CKND20    rise   0.013   0.045   0.017  0.053  (50.300,201.000)    2.600      3    
CTS_ccl_a_inv_00009/I
-     CKND16    rise   0.003   0.048   0.019  -      (67.500,78.800)   139.400   -       
CTS_ccl_a_inv_00009/ZN
-     CKND16    fall   0.013   0.061   0.016  0.051  (69.500,78.600)     2.200      3    
CTS_ccl_a_inv_00001/I
-     CKND20    fall   0.001   0.062   0.016  -      (70.700,68.000)    11.800   -       
CTS_ccl_a_inv_00001/ZN
-     CKND20    rise   0.022   0.084   0.038  0.139  (73.100,67.800)     2.600     96    
mantissa_core/x_stage1_reg_3_/CP
-     DFQD1     rise   0.001   0.084   0.038  -      (76.500,66.600)     4.600   -       
-----------------------------------------------------------------------------------------------

Timing for timing corner dc_ffm40_rcbest:hold.late, max clock_path:
===================================================================

PathID    : 44
Path type : skew group clk/functional_2ns (path 1 of 1)
Start     : clk
End       : mantissa_core/coefficient_stage1_reg_7_/CP
Delay     :  0.091

-----------------------------------------------------------------------------------------------
Name  Lib cell  Event  Incr   Arrival  Slew   Cap    Location          Distance  Fanout  Status
                       (ns)   (ns)     (ns)   (pF)                     (um)              
-- Clockpath trace ----------------------------------------------------------------------------
clk
-     -         rise   -       0.000   0.004  0.004  (16.000,332.800)  -            1    
CTS_csf_inv_00016/I
-     CKND2     rise   0.000   0.000   0.004  -      (6.500,323.800)    18.500   -       
CTS_csf_inv_00016/ZN
-     CKND2     fall   0.007   0.007   0.008  0.004  (6.770,324.095)     0.565      1    
CTS_csf_inv_00014/I
-     CKND4     fall   0.000   0.007   0.008  -      (5.700,323.800)     1.365   -       
CTS_csf_inv_00014/ZN
-     CKND4     rise   0.012   0.019   0.016  0.012  (5.100,323.400)     1.000      1    
CTS_ccl_a_inv_00013/I
-     CKND12    rise   0.000   0.019   0.016  -      (6.100,320.000)     4.400   -       
CTS_ccl_a_inv_00013/ZN
-     CKND12    fall   0.011   0.029   0.013  0.035  (7.500,319.800)     1.600      1    
CTS_ccl_a_inv_00012/I
-     CKND20    fall   0.003   0.032   0.015  -      (47.900,201.200)  159.000   -       
CTS_ccl_a_inv_00012/ZN
-     CKND20    rise   0.013   0.045   0.017  0.053  (50.300,201.000)    2.600      3    
mantissa_core/CTS_ccl_a_inv_00010/I
-     CKND6     rise   0.000   0.045   0.017  -      (49.700,194.000)    7.600   -       
mantissa_core/CTS_ccl_a_inv_00010/ZN
-     CKND6     fall   0.017   0.062   0.022  0.029  (50.700,193.800)    1.200      2    
mantissa_core/CTS_ccl_a_inv_00004/I
-     CKND16    fall   0.000   0.062   0.022  -      (49.700,189.200)    5.600   -       
mantissa_core/CTS_ccl_a_inv_00004/ZN
-     CKND16    rise   0.026   0.088   0.043  0.125  (47.700,189.400)    2.200     85    
mantissa_core/coefficient_stage1_reg_7_/CP
-     DFQD1     rise   0.003   0.091   0.044  -      (48.500,233.800)   45.200   -       
-----------------------------------------------------------------------------------------------

Timing for timing corner dc_ff125_cbest:hold.early, min clock_path:
===================================================================

PathID    : 45
Path type : skew group clk/functional_2ns (path 1 of 1)
Start     : clk
End       : mantissa_core/delta_3_stage3_reg_16_/CP
Delay     :  0.093

-----------------------------------------------------------------------------------------------
Name  Lib cell  Event  Incr   Arrival  Slew   Cap    Location          Distance  Fanout  Status
                       (ns)   (ns)     (ns)   (pF)                     (um)              
-- Clockpath trace ----------------------------------------------------------------------------
clk
-     -         rise   -       0.000   0.004  0.004  (16.000,332.800)  -            1    
CTS_csf_inv_00016/I
-     CKND2     rise   0.000   0.000   0.004  -      (6.500,323.800)    18.500   -       
CTS_csf_inv_00016/ZN
-     CKND2     fall   0.007   0.007   0.010  0.004  (6.770,324.095)     0.565      1    
CTS_csf_inv_00014/I
-     CKND4     fall   0.000   0.007   0.010  -      (5.700,323.800)     1.365   -       
CTS_csf_inv_00014/ZN
-     CKND4     rise   0.013   0.021   0.020  0.012  (5.100,323.400)     1.000      1    
CTS_ccl_a_inv_00013/I
-     CKND12    rise   0.000   0.021   0.020  -      (6.100,320.000)     4.400   -       
CTS_ccl_a_inv_00013/ZN
-     CKND12    fall   0.011   0.032   0.016  0.035  (7.500,319.800)     1.600      1    
CTS_ccl_a_inv_00012/I
-     CKND20    fall   0.004   0.037   0.021  -      (47.900,201.200)  159.000   -       
CTS_ccl_a_inv_00012/ZN
-     CKND20    rise   0.014   0.050   0.020  0.052  (50.300,201.000)    2.600      3    
mantissa_core/CTS_ccl_a_inv_00011/I
-     CKND12    rise   0.002   0.053   0.021  -      (48.100,154.400)   48.800   -       
mantissa_core/CTS_ccl_a_inv_00011/ZN
-     CKND12    fall   0.018   0.071   0.025  0.056  (49.500,154.200)    1.600      3    
mantissa_core/CTS_ccl_a_inv_00005/I
-     CKND20    fall   0.000   0.071   0.025  -      (49.100,158.000)    4.200   -       
mantissa_core/CTS_ccl_a_inv_00005/ZN
-     CKND20    rise   0.022   0.093   0.039  0.126  (51.500,157.800)    2.600     85    
mantissa_core/delta_3_stage3_reg_16_/CP
-     DFQD1     rise   0.000   0.093   0.039  -      (53.300,156.600)    3.000   -       
-----------------------------------------------------------------------------------------------

Timing for timing corner dc_ff125_cbest:hold.early, max clock_path:
===================================================================

PathID    : 46
Path type : skew group clk/functional_2ns (path 1 of 1)
Start     : clk
End       : exponent_stage5_reg_10_/CP
Delay     :  0.101

-----------------------------------------------------------------------------------------------
Name  Lib cell  Event  Incr   Arrival  Slew   Cap    Location          Distance  Fanout  Status
                       (ns)   (ns)     (ns)   (pF)                     (um)              
-- Clockpath trace ----------------------------------------------------------------------------
clk
-     -         rise   -       0.000   0.004  0.004  (16.000,332.800)  -            1    
CTS_csf_inv_00016/I
-     CKND2     rise   0.000   0.000   0.004  -      (6.500,323.800)    18.500   -       
CTS_csf_inv_00016/ZN
-     CKND2     fall   0.007   0.007   0.010  0.004  (6.770,324.095)     0.565      1    
CTS_csf_inv_00014/I
-     CKND4     fall   0.000   0.007   0.010  -      (5.700,323.800)     1.365   -       
CTS_csf_inv_00014/ZN
-     CKND4     rise   0.013   0.021   0.020  0.012  (5.100,323.400)     1.000      1    
CTS_ccl_a_inv_00013/I
-     CKND12    rise   0.000   0.021   0.020  -      (6.100,320.000)     4.400   -       
CTS_ccl_a_inv_00013/ZN
-     CKND12    fall   0.011   0.032   0.016  0.035  (7.500,319.800)     1.600      1    
CTS_ccl_a_inv_00012/I
-     CKND20    fall   0.004   0.037   0.021  -      (47.900,201.200)  159.000   -       
CTS_ccl_a_inv_00012/ZN
-     CKND20    rise   0.014   0.050   0.020  0.052  (50.300,201.000)    2.600      3    
CTS_ccl_a_inv_00009/I
-     CKND16    rise   0.005   0.055   0.024  -      (67.500,78.800)   139.400   -       
CTS_ccl_a_inv_00009/ZN
-     CKND16    fall   0.015   0.070   0.020  0.053  (69.500,78.600)     2.200      3    
CTS_ccl_a_inv_00002/I
-     CKND16    fall   0.001   0.071   0.020  -      (51.300,52.400)    44.400   -       
CTS_ccl_a_inv_00002/ZN
-     CKND16    rise   0.025   0.096   0.049  0.127  (49.300,52.600)     2.200     93    
exponent_stage5_reg_10_/CP
-     DFQD1     rise   0.006   0.101   0.053  -      (64.500,9.000)     58.800   -       
-----------------------------------------------------------------------------------------------

Timing for timing corner dc_ff125_cbest:hold.late, min clock_path:
==================================================================

PathID    : 47
Path type : skew group clk/functional_2ns (path 1 of 1)
Start     : clk
End       : mantissa_core/delta_3_stage3_reg_16_/CP
Delay     :  0.093

-----------------------------------------------------------------------------------------------
Name  Lib cell  Event  Incr   Arrival  Slew   Cap    Location          Distance  Fanout  Status
                       (ns)   (ns)     (ns)   (pF)                     (um)              
-- Clockpath trace ----------------------------------------------------------------------------
clk
-     -         rise   -       0.000   0.004  0.004  (16.000,332.800)  -            1    
CTS_csf_inv_00016/I
-     CKND2     rise   0.000   0.000   0.004  -      (6.500,323.800)    18.500   -       
CTS_csf_inv_00016/ZN
-     CKND2     fall   0.007   0.007   0.010  0.004  (6.770,324.095)     0.565      1    
CTS_csf_inv_00014/I
-     CKND4     fall   0.000   0.007   0.010  -      (5.700,323.800)     1.365   -       
CTS_csf_inv_00014/ZN
-     CKND4     rise   0.013   0.021   0.020  0.012  (5.100,323.400)     1.000      1    
CTS_ccl_a_inv_00013/I
-     CKND12    rise   0.000   0.021   0.020  -      (6.100,320.000)     4.400   -       
CTS_ccl_a_inv_00013/ZN
-     CKND12    fall   0.011   0.032   0.016  0.035  (7.500,319.800)     1.600      1    
CTS_ccl_a_inv_00012/I
-     CKND20    fall   0.004   0.037   0.021  -      (47.900,201.200)  159.000   -       
CTS_ccl_a_inv_00012/ZN
-     CKND20    rise   0.014   0.050   0.020  0.052  (50.300,201.000)    2.600      3    
mantissa_core/CTS_ccl_a_inv_00011/I
-     CKND12    rise   0.002   0.053   0.021  -      (48.100,154.400)   48.800   -       
mantissa_core/CTS_ccl_a_inv_00011/ZN
-     CKND12    fall   0.018   0.071   0.025  0.056  (49.500,154.200)    1.600      3    
mantissa_core/CTS_ccl_a_inv_00005/I
-     CKND20    fall   0.000   0.071   0.025  -      (49.100,158.000)    4.200   -       
mantissa_core/CTS_ccl_a_inv_00005/ZN
-     CKND20    rise   0.022   0.093   0.039  0.126  (51.500,157.800)    2.600     85    
mantissa_core/delta_3_stage3_reg_16_/CP
-     DFQD1     rise   0.000   0.093   0.039  -      (53.300,156.600)    3.000   -       
-----------------------------------------------------------------------------------------------

Timing for timing corner dc_ff125_cbest:hold.late, max clock_path:
==================================================================

PathID    : 48
Path type : skew group clk/functional_2ns (path 1 of 1)
Start     : clk
End       : exponent_stage5_reg_10_/CP
Delay     :  0.101

-----------------------------------------------------------------------------------------------
Name  Lib cell  Event  Incr   Arrival  Slew   Cap    Location          Distance  Fanout  Status
                       (ns)   (ns)     (ns)   (pF)                     (um)              
-- Clockpath trace ----------------------------------------------------------------------------
clk
-     -         rise   -       0.000   0.004  0.004  (16.000,332.800)  -            1    
CTS_csf_inv_00016/I
-     CKND2     rise   0.000   0.000   0.004  -      (6.500,323.800)    18.500   -       
CTS_csf_inv_00016/ZN
-     CKND2     fall   0.007   0.007   0.010  0.004  (6.770,324.095)     0.565      1    
CTS_csf_inv_00014/I
-     CKND4     fall   0.000   0.007   0.010  -      (5.700,323.800)     1.365   -       
CTS_csf_inv_00014/ZN
-     CKND4     rise   0.013   0.021   0.020  0.012  (5.100,323.400)     1.000      1    
CTS_ccl_a_inv_00013/I
-     CKND12    rise   0.000   0.021   0.020  -      (6.100,320.000)     4.400   -       
CTS_ccl_a_inv_00013/ZN
-     CKND12    fall   0.011   0.032   0.016  0.035  (7.500,319.800)     1.600      1    
CTS_ccl_a_inv_00012/I
-     CKND20    fall   0.004   0.037   0.021  -      (47.900,201.200)  159.000   -       
CTS_ccl_a_inv_00012/ZN
-     CKND20    rise   0.014   0.050   0.020  0.052  (50.300,201.000)    2.600      3    
CTS_ccl_a_inv_00009/I
-     CKND16    rise   0.005   0.055   0.024  -      (67.500,78.800)   139.400   -       
CTS_ccl_a_inv_00009/ZN
-     CKND16    fall   0.015   0.070   0.020  0.053  (69.500,78.600)     2.200      3    
CTS_ccl_a_inv_00002/I
-     CKND16    fall   0.001   0.071   0.020  -      (51.300,52.400)    44.400   -       
CTS_ccl_a_inv_00002/ZN
-     CKND16    rise   0.025   0.096   0.049  0.127  (49.300,52.600)     2.200     93    
exponent_stage5_reg_10_/CP
-     DFQD1     rise   0.006   0.101   0.053  -      (64.500,9.000)     58.800   -       
-----------------------------------------------------------------------------------------------

Timing for timing corner dc_ff125_rcbest:hold.early, min clock_path:
====================================================================

PathID    : 49
Path type : skew group clk/functional_2ns (path 1 of 1)
Start     : clk
End       : mantissa_core/x_stage1_reg_3_/CP
Delay     :  0.093

-----------------------------------------------------------------------------------------------
Name  Lib cell  Event  Incr   Arrival  Slew   Cap    Location          Distance  Fanout  Status
                       (ns)   (ns)     (ns)   (pF)                     (um)              
-- Clockpath trace ----------------------------------------------------------------------------
clk
-     -         rise   -       0.000   0.004  0.004  (16.000,332.800)  -            1    
CTS_csf_inv_00016/I
-     CKND2     rise   0.000   0.000   0.004  -      (6.500,323.800)    18.500   -       
CTS_csf_inv_00016/ZN
-     CKND2     fall   0.007   0.007   0.010  0.004  (6.770,324.095)     0.565      1    
CTS_csf_inv_00014/I
-     CKND4     fall   0.000   0.007   0.010  -      (5.700,323.800)     1.365   -       
CTS_csf_inv_00014/ZN
-     CKND4     rise   0.013   0.020   0.020  0.012  (5.100,323.400)     1.000      1    
CTS_ccl_a_inv_00013/I
-     CKND12    rise   0.000   0.020   0.020  -      (6.100,320.000)     4.400   -       
CTS_ccl_a_inv_00013/ZN
-     CKND12    fall   0.012   0.033   0.017  0.036  (7.500,319.800)     1.600      1    
CTS_ccl_a_inv_00012/I
-     CKND20    fall   0.003   0.036   0.019  -      (47.900,201.200)  159.000   -       
CTS_ccl_a_inv_00012/ZN
-     CKND20    rise   0.014   0.050   0.020  0.055  (50.300,201.000)    2.600      3    
CTS_ccl_a_inv_00009/I
-     CKND16    rise   0.003   0.053   0.022  -      (67.500,78.800)   139.400   -       
CTS_ccl_a_inv_00009/ZN
-     CKND16    fall   0.015   0.068   0.019  0.054  (69.500,78.600)     2.200      3    
CTS_ccl_a_inv_00001/I
-     CKND20    fall   0.001   0.068   0.020  -      (70.700,68.000)    11.800   -       
CTS_ccl_a_inv_00001/ZN
-     CKND20    rise   0.024   0.093   0.043  0.142  (73.100,67.800)     2.600     96    
mantissa_core/x_stage1_reg_3_/CP
-     DFQD1     rise   0.001   0.093   0.044  -      (76.500,66.600)     4.600   -       
-----------------------------------------------------------------------------------------------

Timing for timing corner dc_ff125_rcbest:hold.early, max clock_path:
====================================================================

PathID    : 50
Path type : skew group clk/functional_2ns (path 1 of 1)
Start     : clk
End       : mantissa_core/coefficient_stage1_reg_7_/CP
Delay     :  0.101

-----------------------------------------------------------------------------------------------
Name  Lib cell  Event  Incr   Arrival  Slew   Cap    Location          Distance  Fanout  Status
                       (ns)   (ns)     (ns)   (pF)                     (um)              
-- Clockpath trace ----------------------------------------------------------------------------
clk
-     -         rise   -       0.000   0.004  0.004  (16.000,332.800)  -            1    
CTS_csf_inv_00016/I
-     CKND2     rise   0.000   0.000   0.004  -      (6.500,323.800)    18.500   -       
CTS_csf_inv_00016/ZN
-     CKND2     fall   0.007   0.007   0.010  0.004  (6.770,324.095)     0.565      1    
CTS_csf_inv_00014/I
-     CKND4     fall   0.000   0.007   0.010  -      (5.700,323.800)     1.365   -       
CTS_csf_inv_00014/ZN
-     CKND4     rise   0.013   0.020   0.020  0.012  (5.100,323.400)     1.000      1    
CTS_ccl_a_inv_00013/I
-     CKND12    rise   0.000   0.020   0.020  -      (6.100,320.000)     4.400   -       
CTS_ccl_a_inv_00013/ZN
-     CKND12    fall   0.012   0.033   0.017  0.036  (7.500,319.800)     1.600      1    
CTS_ccl_a_inv_00012/I
-     CKND20    fall   0.003   0.036   0.019  -      (47.900,201.200)  159.000   -       
CTS_ccl_a_inv_00012/ZN
-     CKND20    rise   0.014   0.050   0.020  0.055  (50.300,201.000)    2.600      3    
mantissa_core/CTS_ccl_a_inv_00010/I
-     CKND6     rise   0.000   0.050   0.020  -      (49.700,194.000)    7.600   -       
mantissa_core/CTS_ccl_a_inv_00010/ZN
-     CKND6     fall   0.019   0.070   0.027  0.031  (50.700,193.800)    1.200      2    
mantissa_core/CTS_ccl_a_inv_00004/I
-     CKND16    fall   0.000   0.070   0.027  -      (49.700,189.200)    5.600   -       
mantissa_core/CTS_ccl_a_inv_00004/ZN
-     CKND16    rise   0.029   0.098   0.050  0.129  (47.700,189.400)    2.200     85    
mantissa_core/coefficient_stage1_reg_7_/CP
-     DFQD1     rise   0.003   0.101   0.051  -      (48.500,233.800)   45.200   -       
-----------------------------------------------------------------------------------------------

Timing for timing corner dc_ff125_rcbest:hold.late, min clock_path:
===================================================================

PathID    : 51
Path type : skew group clk/functional_2ns (path 1 of 1)
Start     : clk
End       : mantissa_core/x_stage1_reg_3_/CP
Delay     :  0.093

-----------------------------------------------------------------------------------------------
Name  Lib cell  Event  Incr   Arrival  Slew   Cap    Location          Distance  Fanout  Status
                       (ns)   (ns)     (ns)   (pF)                     (um)              
-- Clockpath trace ----------------------------------------------------------------------------
clk
-     -         rise   -       0.000   0.004  0.004  (16.000,332.800)  -            1    
CTS_csf_inv_00016/I
-     CKND2     rise   0.000   0.000   0.004  -      (6.500,323.800)    18.500   -       
CTS_csf_inv_00016/ZN
-     CKND2     fall   0.007   0.007   0.010  0.004  (6.770,324.095)     0.565      1    
CTS_csf_inv_00014/I
-     CKND4     fall   0.000   0.007   0.010  -      (5.700,323.800)     1.365   -       
CTS_csf_inv_00014/ZN
-     CKND4     rise   0.013   0.021   0.020  0.012  (5.100,323.400)     1.000      1    
CTS_ccl_a_inv_00013/I
-     CKND12    rise   0.000   0.021   0.020  -      (6.100,320.000)     4.400   -       
CTS_ccl_a_inv_00013/ZN
-     CKND12    fall   0.012   0.033   0.017  0.036  (7.500,319.800)     1.600      1    
CTS_ccl_a_inv_00012/I
-     CKND20    fall   0.003   0.036   0.019  -      (47.900,201.200)  159.000   -       
CTS_ccl_a_inv_00012/ZN
-     CKND20    rise   0.014   0.050   0.020  0.055  (50.300,201.000)    2.600      3    
CTS_ccl_a_inv_00009/I
-     CKND16    rise   0.003   0.053   0.022  -      (67.500,78.800)   139.400   -       
CTS_ccl_a_inv_00009/ZN
-     CKND16    fall   0.015   0.068   0.019  0.054  (69.500,78.600)     2.200      3    
CTS_ccl_a_inv_00001/I
-     CKND20    fall   0.001   0.068   0.020  -      (70.700,68.000)    11.800   -       
CTS_ccl_a_inv_00001/ZN
-     CKND20    rise   0.024   0.093   0.043  0.142  (73.100,67.800)     2.600     96    
mantissa_core/x_stage1_reg_3_/CP
-     DFQD1     rise   0.001   0.093   0.044  -      (76.500,66.600)     4.600   -       
-----------------------------------------------------------------------------------------------

Timing for timing corner dc_ff125_rcbest:hold.late, max clock_path:
===================================================================

PathID    : 52
Path type : skew group clk/functional_2ns (path 1 of 1)
Start     : clk
End       : mantissa_core/coefficient_stage1_reg_7_/CP
Delay     :  0.101

-----------------------------------------------------------------------------------------------
Name  Lib cell  Event  Incr   Arrival  Slew   Cap    Location          Distance  Fanout  Status
                       (ns)   (ns)     (ns)   (pF)                     (um)              
-- Clockpath trace ----------------------------------------------------------------------------
clk
-     -         rise   -       0.000   0.004  0.004  (16.000,332.800)  -            1    
CTS_csf_inv_00016/I
-     CKND2     rise   0.000   0.000   0.004  -      (6.500,323.800)    18.500   -       
CTS_csf_inv_00016/ZN
-     CKND2     fall   0.007   0.007   0.010  0.004  (6.770,324.095)     0.565      1    
CTS_csf_inv_00014/I
-     CKND4     fall   0.000   0.007   0.010  -      (5.700,323.800)     1.365   -       
CTS_csf_inv_00014/ZN
-     CKND4     rise   0.013   0.021   0.020  0.012  (5.100,323.400)     1.000      1    
CTS_ccl_a_inv_00013/I
-     CKND12    rise   0.000   0.021   0.020  -      (6.100,320.000)     4.400   -       
CTS_ccl_a_inv_00013/ZN
-     CKND12    fall   0.012   0.033   0.017  0.036  (7.500,319.800)     1.600      1    
CTS_ccl_a_inv_00012/I
-     CKND20    fall   0.003   0.036   0.019  -      (47.900,201.200)  159.000   -       
CTS_ccl_a_inv_00012/ZN
-     CKND20    rise   0.014   0.050   0.020  0.055  (50.300,201.000)    2.600      3    
mantissa_core/CTS_ccl_a_inv_00010/I
-     CKND6     rise   0.000   0.050   0.020  -      (49.700,194.000)    7.600   -       
mantissa_core/CTS_ccl_a_inv_00010/ZN
-     CKND6     fall   0.019   0.070   0.027  0.031  (50.700,193.800)    1.200      2    
mantissa_core/CTS_ccl_a_inv_00004/I
-     CKND16    fall   0.000   0.070   0.027  -      (49.700,189.200)    5.600   -       
mantissa_core/CTS_ccl_a_inv_00004/ZN
-     CKND16    rise   0.029   0.099   0.050  0.129  (47.700,189.400)    2.200     85    
mantissa_core/coefficient_stage1_reg_7_/CP
-     DFQD1     rise   0.003   0.101   0.051  -      (48.500,233.800)   45.200   -       
-----------------------------------------------------------------------------------------------

