****************************************
Report : timing
	-path_type full
	-delay_type max
	-nworst 10
	-slack_lesser_than 1000.00000
	-max_paths 10
	-sort_by slack
Design : simdive_sisd32_fp32_wrapper
Version: U-2022.12-SP5
Date   : Thu Sep  3 16:02:52 2026
****************************************


  Startpoint: divide_mode
               (input port clocked by vclk)
  Endpoint: result[30] (output port clocked by vclk)
  Path Group: vclk
  Path Type: max

  Point                                                   Incr       Path
  ------------------------------------------------------------------------------
  clock vclk (rise edge)                               0.00000    0.00000
  clock network delay (ideal)                          0.00000    0.00000
  input external delay                                 0.02000    0.02000 r
  divide_mode (in)                                     0.01511    0.03511 r
  U222/ZN (INVD1)                                      0.07012    0.10524 f
  U140/ZN (INVD1)                                      0.17142    0.27666 r
  core/lod_a/U49/Z (OR2D1)                             0.06839    0.34505 r
  core/lod_a/U45/ZN (INR2D1)                           0.01563    0.36068 f
  core/lod_a/U24/ZN (NR3D0)                            0.06535    0.42604 r
  core/lod_a/U39/ZN (INR2D1)                           0.06231    0.48835 r
  core/lod_a/U48/ZN (ND2D1)                            0.03401    0.52235 f
  core/lod_a/U44/Z (AN3XD1)                            0.03713    0.55948 f
  core/lod_a/U16/ZN (IINR4D0)                          0.14309    0.70257 r
  core/lod_a/U42/Z (AN2XD1)                            0.05087    0.75343 r
  core/lod_a/U31/ZN (AOI21D1)                          0.02220    0.77564 f
  core/lod_a/U40/Z (AN3XD1)                            0.03940    0.81504 f
  core/lod_a/U19/ZN (AOI211XD0)                        0.06815    0.88319 r
  core/lod_a/U37/Z (AN3XD1)                            0.06377    0.94696 r
  core/lod_a/U36/ZN (ND2D1)                            0.03405    0.98101 f
  core/lod_a/U38/ZN (ND3D1)                            0.03470    1.01572 r
  core/lod_a/U17/ZN (IND4D2)                           0.14843    1.16415 f
  core/lod_a/U3/ZN (INVD1)                             0.08104    1.24519 r
  core/lod_a/U47/ZN (ND2D1)                            0.03902    1.28421 f
  core/lod_a/U46/ZN (ND3D1)                            0.02749    1.31170 r
  core/lod_a/U29/Z (AN4XD1)                            0.07193    1.38363 r
  core/lod_a/U28/Z (AN3XD1)                            0.04814    1.43177 r
  core/lod_a/U33/ZN (AOI31D1)                          0.02402    1.45579 f
  core/lod_a/U26/Z (AN3XD1)                            0.04775    1.50353 f
  core/lod_a/U25/Z (AN2XD1)                            0.02941    1.53294 f
  core/lod_a/U35/ZN (AOI21D1)                          0.04032    1.57326 r
  core/lod_a/U23/Z (AN2XD1)                            0.05426    1.62751 r
  core/lod_a/U22/Z (AN2XD1)                            0.03857    1.66609 r
  core/lod_a/U34/ZN (AOI21D1)                          0.02086    1.68695 f
  core/lod_a/U20/Z (AN3XD1)                            0.03564    1.72259 f
  core/lod_a/U27/ZN (AOI211XD0)                        0.06760    1.79019 r
  core/lod_a/U18/Z (AN2XD1)                            0.04369    1.83388 r
  core/lod_a/U50/ZN (ND2D1)                            0.02223    1.85610 f
  core/lod_a/U43/ZN (AOI32D1)                          0.03808    1.89419 r
  core/lod_a/U41/ZN (INR3D0)                           0.05522    1.94940 r
  core/lod_a/U4/ZN (ND4D1)                             0.13754    2.08694 f
  core/frac_a/U11/Z (CKBD1)                            0.10790    2.19485 f
  core/frac_a/U26/Z (MUX2D0)                           0.08206    2.27690 r
  core/frac_a/U72/ZN (MUX2ND0)                         0.03376    2.31067 f
  core/frac_a/U94/ZN (MUX2ND0)                         0.05372    2.36439 r
  core/frac_a/U95/ZN (MUX2ND0)                         0.03597    2.40035 f
  core/frac_a/U164/ZN (MUX2ND0)                        0.10151    2.50187 r
  core/coeff/U271/ZN (NR2D1)                           0.04258    2.54445 f
  core/coeff/U199/Z (AN2XD1)                           0.04372    2.58817 f
  core/coeff/U193/ZN (ND2D1)                           0.02616    2.61433 r
  core/coeff/U46/ZN (INVD1)                            0.01677    2.63110 f
  core/coeff/U37/ZN (INR4D0)                           0.06142    2.69253 r
  core/coeff/U39/ZN (ND4D1)                            0.05167    2.74419 f
  core/coeff/U26/ZN (INVD1)                            0.02544    2.76963 r
  core/coeff/U43/ZN (IND4D1)                           0.03925    2.80888 f
  core/coeff/U40/ZN (NR4D0)                            0.05878    2.86766 r
  core/coeff/U152/ZN (MOAI22D1)                        0.02929    2.89695 f
  core/b2/add_1_root_add_16_2/U1_0/CO (FA1D0)          0.08608    2.98304 f
  core/b2/add_1_root_add_16_2/U1_1/CO (FA1D0)          0.05420    3.03724 f
  core/b2/add_1_root_add_16_2/U1_2/CO (FA1D0)          0.05521    3.09245 f
  core/b2/add_1_root_add_16_2/U1_3/CO (FA1D0)          0.05524    3.14770 f
  core/b2/add_1_root_add_16_2/U1_4/CO (FA1D0)          0.05524    3.20294 f
  core/b2/add_1_root_add_16_2/U1_5/CO (FA1D0)          0.05524    3.25818 f
  core/b2/add_1_root_add_16_2/U1_6/CO (FA1D0)          0.05524    3.31343 f
  core/b2/add_1_root_add_16_2/U1_7/CO (FA1D0)          0.05524    3.36867 f
  core/b3/add_1_root_add_16_2/U1_0/CO (FA1D0)          0.05524    3.42392 f
  core/b3/add_1_root_add_16_2/U1_1/CO (FA1D0)          0.05524    3.47916 f
  core/b3/add_1_root_add_16_2/U1_2/CO (FA1D0)          0.05524    3.53441 f
  core/b3/add_1_root_add_16_2/U1_3/CO (FA1D0)          0.05524    3.58965 f
  core/b3/add_1_root_add_16_2/U1_4/CO (FA1D0)          0.05524    3.64490 f
  core/b3/add_1_root_add_16_2/U1_5/CO (FA1D0)          0.05524    3.70014 f
  core/b3/add_1_root_add_16_2/U1_6/CO (FA1D0)          0.05524    3.75538 f
  core/b3/add_1_root_add_16_2/U1_7/CO (FA1D0)          0.05524    3.81062 f
  core/a0/add_1_root_add_16_2/U1_0/CO (FA1D0)          0.05524    3.86585 f
  core/a0/add_1_root_add_16_2/U1_1/CO (FA1D0)          0.05524    3.92109 f
  core/a0/add_1_root_add_16_2/U1_2/CO (FA1D0)          0.05524    3.97633 f
  core/a0/add_1_root_add_16_2/U1_3/CO (FA1D0)          0.05524    4.03156 f
  core/a0/add_1_root_add_16_2/U1_4/CO (FA1D0)          0.05524    4.08680 f
  core/a0/add_1_root_add_16_2/U1_5/CO (FA1D0)          0.05524    4.14204 f
  core/a0/add_1_root_add_16_2/U1_6/CO (FA1D0)          0.05524    4.19728 f
  core/a0/add_1_root_add_16_2/U1_7/CO (FA1D0)          0.05524    4.25251 f
  core/a1/add_1_root_add_16_2/U1_0/CO (FA1D0)          0.05524    4.30775 f
  core/a1/add_1_root_add_16_2/U1_1/CO (FA1D0)          0.05524    4.36300 f
  core/a1/add_1_root_add_16_2/U1_2/CO (FA1D0)          0.05524    4.41824 f
  core/a1/add_1_root_add_16_2/U1_3/CO (FA1D0)          0.05524    4.47348 f
  core/a1/add_1_root_add_16_2/U1_4/CO (FA1D0)          0.05524    4.52873 f
  core/a1/add_1_root_add_16_2/U1_5/CO (FA1D0)          0.05524    4.58397 f
  core/a1/add_1_root_add_16_2/U1_6/CO (FA1D0)          0.05524    4.63922 f
  core/a1/add_1_root_add_16_2/U1_7/CO (FA1D0)          0.05524    4.69446 f
  core/a2/add_1_root_add_16_2/U1_0/CO (FA1D0)          0.05524    4.74971 f
  core/a2/add_1_root_add_16_2/U1_1/CO (FA1D0)          0.05524    4.80495 f
  core/a2/add_1_root_add_16_2/U1_2/CO (FA1D0)          0.05524    4.86020 f
  core/a2/add_1_root_add_16_2/U1_3/CO (FA1D0)          0.05524    4.91544 f
  core/a2/add_1_root_add_16_2/U1_4/CO (FA1D0)          0.05524    4.97068 f
  core/a2/add_1_root_add_16_2/U1_5/CO (FA1D0)          0.05524    5.02593 f
  core/a2/add_1_root_add_16_2/U1_6/CO (FA1D0)          0.05524    5.08117 f
  core/a2/add_1_root_add_16_2/U1_7/CO (FA1D0)          0.05524    5.13642 f
  core/a3/add_1_root_add_16_2/U1_0/CO (FA1D0)          0.05524    5.19166 f
  core/a3/add_1_root_add_16_2/U1_1/CO (FA1D0)          0.05524    5.24691 f
  core/a3/add_1_root_add_16_2/U1_2/CO (FA1D0)          0.05524    5.30215 f
  core/a3/add_1_root_add_16_2/U1_3/CO (FA1D0)          0.05524    5.35740 f
  core/a3/add_1_root_add_16_2/U1_4/CO (FA1D0)          0.05524    5.41264 f
  core/a3/add_1_root_add_16_2/U1_5/CO (FA1D0)          0.05524    5.46788 f
  core/a3/add_1_root_add_16_2/U1_6/CO (FA1D0)          0.05524    5.52313 f
  core/a3/add_1_root_add_16_2/U1_7/S (FA1D0)           0.07686    5.59999 r
  core/exponent_add/U23/ZN (INVD1)                     0.01814    5.61813 f
  core/exponent_add/U13/Z (OR2D0)                      0.05436    5.67249 f
  core/exponent_add/U12/Z (OR2D0)                      0.05313    5.72563 f
  core/exponent_add/U11/Z (OR2D0)                      0.05311    5.77874 f
  core/exponent_add/U5/Z (OR2D0)                       0.05297    5.83171 f
  core/exponent_add/U4/ZN (NR2D0)                      0.04210    5.87381 r
  core/exponent_add/U3/ZN (CKND0)                      0.02691    5.90072 f
  core/exponent_add/U44/ZN (XNR2D1)                    0.05182    5.95254 r
  core/exponent_add/U24/Z (AO22D0)                     0.22583    6.17837 r
  core/U201/ZN (INVD1)                                 0.17538    6.35375 f
  core/U118/ZN (INVD1)                                 0.18287    6.53662 r
  core/U439/ZN (MUX2ND0)                               0.05535    6.59197 r
  core/U37/ZN (NR2D1)                                  0.02756    6.61952 f
  U146/ZN (NR4D0)                                      0.06450    6.68403 r
  U145/ZN (INR4D0)                                     0.07350    6.75753 r
  U170/ZN (ND4D1)                                      0.03847    6.79600 f
  U141/ZN (INR4D0)                                     0.06927    6.86527 r
  U147/ZN (INR2D1)                                     0.05621    6.92147 r
  U158/Z (AN2XD1)                                      0.16187    7.08334 r
  U44/Z (OR3D1)                                        0.07946    7.16280 r
  shared_wrapper/U3/Z (AN2XD1)                         0.03472    7.19752 r
  shared_wrapper/U35/CO (FA1D0)                        0.04798    7.24550 r
  shared_wrapper/U36/CO (FA1D0)                        0.05183    7.29733 r
  shared_wrapper/U37/CO (FA1D0)                        0.05183    7.34916 r
  shared_wrapper/U38/CO (FA1D0)                        0.05183    7.40098 r
  shared_wrapper/U39/CO (FA1D0)                        0.05183    7.45281 r
  shared_wrapper/U40/CO (FA1D0)                        0.05271    7.50552 r
  shared_wrapper/U50/Z (XOR3D1)                        0.06706    7.57259 f
  shared_wrapper/U48/Z (AO22D0)                        0.07712    7.64970 f
  result[30] (out)                                     0.00000    7.64970 f
  data arrival time                                               7.64970

  clock vclk (rise edge)                              10.00000   10.00000
  clock network delay (ideal)                          0.00000   10.00000
  clock reconvergence pessimism                        0.00000   10.00000
  output external delay                               -0.02000    9.98000
  data required time                                              9.98000
  ------------------------------------------------------------------------------
  data required time                                              9.98000
  data arrival time                                              -7.64970
  ------------------------------------------------------------------------------
  slack (MET)                                                     2.33030


  Startpoint: divide_mode
               (input port clocked by vclk)
  Endpoint: result[30] (output port clocked by vclk)
  Path Group: vclk
  Path Type: max

  Point                                                   Incr       Path
  ------------------------------------------------------------------------------
  clock vclk (rise edge)                               0.00000    0.00000
  clock network delay (ideal)                          0.00000    0.00000
  input external delay                                 0.02000    0.02000 r
  divide_mode (in)                                     0.01511    0.03511 r
  U222/ZN (INVD1)                                      0.07012    0.10524 f
  U140/ZN (INVD1)                                      0.17142    0.27666 r
  core/lod_a/U49/Z (OR2D1)                             0.06839    0.34505 r
  core/lod_a/U45/ZN (INR2D1)                           0.01563    0.36068 f
  core/lod_a/U24/ZN (NR3D0)                            0.06535    0.42604 r
  core/lod_a/U39/ZN (INR2D1)                           0.06231    0.48835 r
  core/lod_a/U48/ZN (ND2D1)                            0.03401    0.52235 f
  core/lod_a/U44/Z (AN3XD1)                            0.03713    0.55948 f
  core/lod_a/U16/ZN (IINR4D0)                          0.14309    0.70257 r
  core/lod_a/U42/Z (AN2XD1)                            0.05087    0.75343 r
  core/lod_a/U31/ZN (AOI21D1)                          0.02220    0.77564 f
  core/lod_a/U40/Z (AN3XD1)                            0.03940    0.81504 f
  core/lod_a/U19/ZN (AOI211XD0)                        0.06815    0.88319 r
  core/lod_a/U37/Z (AN3XD1)                            0.06377    0.94696 r
  core/lod_a/U36/ZN (ND2D1)                            0.03405    0.98101 f
  core/lod_a/U38/ZN (ND3D1)                            0.03470    1.01572 r
  core/lod_a/U17/ZN (IND4D2)                           0.14843    1.16415 f
  core/lod_a/U3/ZN (INVD1)                             0.08104    1.24519 r
  core/lod_a/U47/ZN (ND2D1)                            0.03902    1.28421 f
  core/lod_a/U46/ZN (ND3D1)                            0.02749    1.31170 r
  core/lod_a/U29/Z (AN4XD1)                            0.07193    1.38363 r
  core/lod_a/U28/Z (AN3XD1)                            0.04814    1.43177 r
  core/lod_a/U33/ZN (AOI31D1)                          0.02402    1.45579 f
  core/lod_a/U26/Z (AN3XD1)                            0.04775    1.50353 f
  core/lod_a/U25/Z (AN2XD1)                            0.02941    1.53294 f
  core/lod_a/U35/ZN (AOI21D1)                          0.04032    1.57326 r
  core/lod_a/U23/Z (AN2XD1)                            0.05426    1.62751 r
  core/lod_a/U22/Z (AN2XD1)                            0.03857    1.66609 r
  core/lod_a/U34/ZN (AOI21D1)                          0.02086    1.68695 f
  core/lod_a/U20/Z (AN3XD1)                            0.03564    1.72259 f
  core/lod_a/U27/ZN (AOI211XD0)                        0.06760    1.79019 r
  core/lod_a/U18/Z (AN2XD1)                            0.04369    1.83388 r
  core/lod_a/U50/ZN (ND2D1)                            0.02223    1.85610 f
  core/lod_a/U43/ZN (AOI32D1)                          0.03808    1.89419 r
  core/lod_a/U41/ZN (INR3D0)                           0.05522    1.94940 r
  core/lod_a/U4/ZN (ND4D1)                             0.13754    2.08694 f
  core/frac_a/U11/Z (CKBD1)                            0.10790    2.19485 f
  core/frac_a/U26/Z (MUX2D0)                           0.08206    2.27690 r
  core/frac_a/U72/ZN (MUX2ND0)                         0.03376    2.31067 f
  core/frac_a/U94/ZN (MUX2ND0)                         0.05372    2.36439 r
  core/frac_a/U95/ZN (MUX2ND0)                         0.03597    2.40035 f
  core/frac_a/U164/ZN (MUX2ND0)                        0.10151    2.50187 r
  core/coeff/U271/ZN (NR2D1)                           0.04258    2.54445 f
  core/coeff/U199/Z (AN2XD1)                           0.04372    2.58817 f
  core/coeff/U193/ZN (ND2D1)                           0.02616    2.61433 r
  core/coeff/U46/ZN (INVD1)                            0.01677    2.63110 f
  core/coeff/U37/ZN (INR4D0)                           0.06142    2.69253 r
  core/coeff/U39/ZN (ND4D1)                            0.05167    2.74419 f
  core/coeff/U26/ZN (INVD1)                            0.02544    2.76963 r
  core/coeff/U43/ZN (IND4D1)                           0.03925    2.80888 f
  core/coeff/U40/ZN (NR4D0)                            0.05878    2.86766 r
  core/coeff/U152/ZN (MOAI22D1)                        0.02929    2.89695 f
  core/b2/add_1_root_add_16_2/U1_0/CO (FA1D0)          0.08608    2.98304 f
  core/b2/add_1_root_add_16_2/U1_1/CO (FA1D0)          0.05420    3.03724 f
  core/b2/add_1_root_add_16_2/U1_2/CO (FA1D0)          0.05521    3.09245 f
  core/b2/add_1_root_add_16_2/U1_3/CO (FA1D0)          0.05524    3.14770 f
  core/b2/add_1_root_add_16_2/U1_4/CO (FA1D0)          0.05524    3.20294 f
  core/b2/add_1_root_add_16_2/U1_5/CO (FA1D0)          0.05524    3.25818 f
  core/b2/add_1_root_add_16_2/U1_6/CO (FA1D0)          0.05524    3.31343 f
  core/b2/add_1_root_add_16_2/U1_7/CO (FA1D0)          0.05524    3.36867 f
  core/b3/add_1_root_add_16_2/U1_0/CO (FA1D0)          0.05524    3.42392 f
  core/b3/add_1_root_add_16_2/U1_1/CO (FA1D0)          0.05524    3.47916 f
  core/b3/add_1_root_add_16_2/U1_2/CO (FA1D0)          0.05524    3.53441 f
  core/b3/add_1_root_add_16_2/U1_3/CO (FA1D0)          0.05524    3.58965 f
  core/b3/add_1_root_add_16_2/U1_4/CO (FA1D0)          0.05524    3.64490 f
  core/b3/add_1_root_add_16_2/U1_5/CO (FA1D0)          0.05524    3.70014 f
  core/b3/add_1_root_add_16_2/U1_6/CO (FA1D0)          0.05524    3.75538 f
  core/b3/add_1_root_add_16_2/U1_7/CO (FA1D0)          0.05524    3.81062 f
  core/a0/add_1_root_add_16_2/U1_0/CO (FA1D0)          0.05524    3.86585 f
  core/a0/add_1_root_add_16_2/U1_1/CO (FA1D0)          0.05524    3.92109 f
  core/a0/add_1_root_add_16_2/U1_2/CO (FA1D0)          0.05524    3.97633 f
  core/a0/add_1_root_add_16_2/U1_3/CO (FA1D0)          0.05524    4.03156 f
  core/a0/add_1_root_add_16_2/U1_4/CO (FA1D0)          0.05524    4.08680 f
  core/a0/add_1_root_add_16_2/U1_5/CO (FA1D0)          0.05524    4.14204 f
  core/a0/add_1_root_add_16_2/U1_6/CO (FA1D0)          0.05524    4.19728 f
  core/a0/add_1_root_add_16_2/U1_7/CO (FA1D0)          0.05524    4.25251 f
  core/a1/add_1_root_add_16_2/U1_0/CO (FA1D0)          0.05524    4.30775 f
  core/a1/add_1_root_add_16_2/U1_1/CO (FA1D0)          0.05524    4.36300 f
  core/a1/add_1_root_add_16_2/U1_2/CO (FA1D0)          0.05524    4.41824 f
  core/a1/add_1_root_add_16_2/U1_3/CO (FA1D0)          0.05524    4.47348 f
  core/a1/add_1_root_add_16_2/U1_4/CO (FA1D0)          0.05524    4.52873 f
  core/a1/add_1_root_add_16_2/U1_5/CO (FA1D0)          0.05524    4.58397 f
  core/a1/add_1_root_add_16_2/U1_6/CO (FA1D0)          0.05524    4.63922 f
  core/a1/add_1_root_add_16_2/U1_7/CO (FA1D0)          0.05524    4.69446 f
  core/a2/add_1_root_add_16_2/U1_0/CO (FA1D0)          0.05524    4.74971 f
  core/a2/add_1_root_add_16_2/U1_1/CO (FA1D0)          0.05524    4.80495 f
  core/a2/add_1_root_add_16_2/U1_2/CO (FA1D0)          0.05524    4.86020 f
  core/a2/add_1_root_add_16_2/U1_3/CO (FA1D0)          0.05524    4.91544 f
  core/a2/add_1_root_add_16_2/U1_4/CO (FA1D0)          0.05524    4.97068 f
  core/a2/add_1_root_add_16_2/U1_5/CO (FA1D0)          0.05524    5.02593 f
  core/a2/add_1_root_add_16_2/U1_6/CO (FA1D0)          0.05524    5.08117 f
  core/a2/add_1_root_add_16_2/U1_7/CO (FA1D0)          0.05524    5.13642 f
  core/a3/add_1_root_add_16_2/U1_0/CO (FA1D0)          0.05524    5.19166 f
  core/a3/add_1_root_add_16_2/U1_1/CO (FA1D0)          0.05524    5.24691 f
  core/a3/add_1_root_add_16_2/U1_2/CO (FA1D0)          0.05524    5.30215 f
  core/a3/add_1_root_add_16_2/U1_3/CO (FA1D0)          0.05524    5.35740 f
  core/a3/add_1_root_add_16_2/U1_4/CO (FA1D0)          0.05524    5.41264 f
  core/a3/add_1_root_add_16_2/U1_5/CO (FA1D0)          0.05524    5.46788 f
  core/a3/add_1_root_add_16_2/U1_6/CO (FA1D0)          0.05524    5.52313 f
  core/a3/add_1_root_add_16_2/U1_7/S (FA1D0)           0.07686    5.59999 r
  core/exponent_add/U23/ZN (INVD1)                     0.01814    5.61813 f
  core/exponent_add/U13/Z (OR2D0)                      0.05436    5.67249 f
  core/exponent_add/U12/Z (OR2D0)                      0.05313    5.72563 f
  core/exponent_add/U11/Z (OR2D0)                      0.05311    5.77874 f
  core/exponent_add/U5/Z (OR2D0)                       0.05297    5.83171 f
  core/exponent_add/U4/ZN (NR2D0)                      0.04210    5.87381 r
  core/exponent_add/U3/ZN (CKND0)                      0.02691    5.90072 f
  core/exponent_add/U44/ZN (XNR2D1)                    0.05182    5.95254 r
  core/exponent_add/U24/Z (AO22D0)                     0.22583    6.17837 r
  core/U201/ZN (INVD1)                                 0.17538    6.35375 f
  core/U118/ZN (INVD1)                                 0.18287    6.53662 r
  core/U441/ZN (MUX2ND0)                               0.05535    6.59197 r
  core/U38/ZN (NR2D1)                                  0.02737    6.61933 f
  U146/ZN (NR4D0)                                      0.06225    6.68159 r
  U145/ZN (INR4D0)                                     0.07350    6.75509 r
  U170/ZN (ND4D1)                                      0.03847    6.79356 f
  U141/ZN (INR4D0)                                     0.06927    6.86283 r
  U147/ZN (INR2D1)                                     0.05621    6.91903 r
  U158/Z (AN2XD1)                                      0.16187    7.08090 r
  U44/Z (OR3D1)                                        0.07946    7.16036 r
  shared_wrapper/U3/Z (AN2XD1)                         0.03472    7.19508 r
  shared_wrapper/U35/CO (FA1D0)                        0.04798    7.24306 r
  shared_wrapper/U36/CO (FA1D0)                        0.05183    7.29489 r
  shared_wrapper/U37/CO (FA1D0)                        0.05183    7.34672 r
  shared_wrapper/U38/CO (FA1D0)                        0.05183    7.39855 r
  shared_wrapper/U39/CO (FA1D0)                        0.05183    7.45037 r
  shared_wrapper/U40/CO (FA1D0)                        0.05271    7.50309 r
  shared_wrapper/U50/Z (XOR3D1)                        0.06706    7.57015 f
  shared_wrapper/U48/Z (AO22D0)                        0.07712    7.64726 f
  result[30] (out)                                     0.00000    7.64726 f
  data arrival time                                               7.64726

  clock vclk (rise edge)                              10.00000   10.00000
  clock network delay (ideal)                          0.00000   10.00000
  clock reconvergence pessimism                        0.00000   10.00000
  output external delay                               -0.02000    9.98000
  data required time                                              9.98000
  ------------------------------------------------------------------------------
  data required time                                              9.98000
  data arrival time                                              -7.64726
  ------------------------------------------------------------------------------
  slack (MET)                                                     2.33274


  Startpoint: divide_mode
               (input port clocked by vclk)
  Endpoint: result[30] (output port clocked by vclk)
  Path Group: vclk
  Path Type: max

  Point                                                   Incr       Path
  ------------------------------------------------------------------------------
  clock vclk (rise edge)                               0.00000    0.00000
  clock network delay (ideal)                          0.00000    0.00000
  input external delay                                 0.02000    0.02000 r
  divide_mode (in)                                     0.01511    0.03511 r
  U222/ZN (INVD1)                                      0.07012    0.10524 f
  U140/ZN (INVD1)                                      0.17142    0.27666 r
  core/lod_a/U49/Z (OR2D1)                             0.06839    0.34505 r
  core/lod_a/U45/ZN (INR2D1)                           0.01563    0.36068 f
  core/lod_a/U24/ZN (NR3D0)                            0.06535    0.42604 r
  core/lod_a/U39/ZN (INR2D1)                           0.06231    0.48835 r
  core/lod_a/U48/ZN (ND2D1)                            0.03401    0.52235 f
  core/lod_a/U44/Z (AN3XD1)                            0.03713    0.55948 f
  core/lod_a/U16/ZN (IINR4D0)                          0.14309    0.70257 r
  core/lod_a/U42/Z (AN2XD1)                            0.05087    0.75343 r
  core/lod_a/U31/ZN (AOI21D1)                          0.02220    0.77564 f
  core/lod_a/U40/Z (AN3XD1)                            0.03940    0.81504 f
  core/lod_a/U19/ZN (AOI211XD0)                        0.06815    0.88319 r
  core/lod_a/U51/ZN (ND3D1)                            0.05162    0.93481 f
  core/lod_a/U37/Z (AN3XD1)                            0.05114    0.98595 f
  core/lod_a/U38/ZN (ND3D1)                            0.02549    1.01144 r
  core/lod_a/U17/ZN (IND4D2)                           0.14843    1.15987 f
  core/lod_a/U3/ZN (INVD1)                             0.08104    1.24091 r
  core/lod_a/U47/ZN (ND2D1)                            0.03902    1.27993 f
  core/lod_a/U46/ZN (ND3D1)                            0.02749    1.30742 r
  core/lod_a/U29/Z (AN4XD1)                            0.07193    1.37935 r
  core/lod_a/U28/Z (AN3XD1)                            0.04814    1.42749 r
  core/lod_a/U33/ZN (AOI31D1)                          0.02402    1.45151 f
  core/lod_a/U26/Z (AN3XD1)                            0.04775    1.49926 f
  core/lod_a/U25/Z (AN2XD1)                            0.02941    1.52866 f
  core/lod_a/U35/ZN (AOI21D1)                          0.04032    1.56898 r
  core/lod_a/U23/Z (AN2XD1)                            0.05426    1.62324 r
  core/lod_a/U22/Z (AN2XD1)                            0.03857    1.66181 r
  core/lod_a/U34/ZN (AOI21D1)                          0.02086    1.68267 f
  core/lod_a/U20/Z (AN3XD1)                            0.03564    1.71831 f
  core/lod_a/U27/ZN (AOI211XD0)                        0.06760    1.78591 r
  core/lod_a/U18/Z (AN2XD1)                            0.04369    1.82960 r
  core/lod_a/U50/ZN (ND2D1)                            0.02223    1.85182 f
  core/lod_a/U43/ZN (AOI32D1)                          0.03808    1.88991 r
  core/lod_a/U41/ZN (INR3D0)                           0.05522    1.94512 r
  core/lod_a/U4/ZN (ND4D1)                             0.13754    2.08267 f
  core/frac_a/U11/Z (CKBD1)                            0.10790    2.19057 f
  core/frac_a/U26/Z (MUX2D0)                           0.08206    2.27263 r
  core/frac_a/U72/ZN (MUX2ND0)                         0.03376    2.30639 f
  core/frac_a/U94/ZN (MUX2ND0)                         0.05372    2.36011 r
  core/frac_a/U95/ZN (MUX2ND0)                         0.03597    2.39608 f
  core/frac_a/U164/ZN (MUX2ND0)                        0.10151    2.49759 r
  core/coeff/U271/ZN (NR2D1)                           0.04258    2.54017 f
  core/coeff/U199/Z (AN2XD1)                           0.04372    2.58389 f
  core/coeff/U193/ZN (ND2D1)                           0.02616    2.61005 r
  core/coeff/U46/ZN (INVD1)                            0.01677    2.62682 f
  core/coeff/U37/ZN (INR4D0)                           0.06142    2.68825 r
  core/coeff/U39/ZN (ND4D1)                            0.05167    2.73991 f
  core/coeff/U26/ZN (INVD1)                            0.02544    2.76535 r
  core/coeff/U43/ZN (IND4D1)                           0.03925    2.80460 f
  core/coeff/U40/ZN (NR4D0)                            0.05878    2.86338 r
  core/coeff/U152/ZN (MOAI22D1)                        0.02929    2.89268 f
  core/b2/add_1_root_add_16_2/U1_0/CO (FA1D0)          0.08608    2.97876 f
  core/b2/add_1_root_add_16_2/U1_1/CO (FA1D0)          0.05420    3.03296 f
  core/b2/add_1_root_add_16_2/U1_2/CO (FA1D0)          0.05521    3.08817 f
  core/b2/add_1_root_add_16_2/U1_3/CO (FA1D0)          0.05524    3.14342 f
  core/b2/add_1_root_add_16_2/U1_4/CO (FA1D0)          0.05524    3.19866 f
  core/b2/add_1_root_add_16_2/U1_5/CO (FA1D0)          0.05524    3.25391 f
  core/b2/add_1_root_add_16_2/U1_6/CO (FA1D0)          0.05524    3.30915 f
  core/b2/add_1_root_add_16_2/U1_7/CO (FA1D0)          0.05524    3.36439 f
  core/b3/add_1_root_add_16_2/U1_0/CO (FA1D0)          0.05524    3.41964 f
  core/b3/add_1_root_add_16_2/U1_1/CO (FA1D0)          0.05524    3.47488 f
  core/b3/add_1_root_add_16_2/U1_2/CO (FA1D0)          0.05524    3.53013 f
  core/b3/add_1_root_add_16_2/U1_3/CO (FA1D0)          0.05524    3.58537 f
  core/b3/add_1_root_add_16_2/U1_4/CO (FA1D0)          0.05524    3.64062 f
  core/b3/add_1_root_add_16_2/U1_5/CO (FA1D0)          0.05524    3.69586 f
  core/b3/add_1_root_add_16_2/U1_6/CO (FA1D0)          0.05524    3.75110 f
  core/b3/add_1_root_add_16_2/U1_7/CO (FA1D0)          0.05524    3.80634 f
  core/a0/add_1_root_add_16_2/U1_0/CO (FA1D0)          0.05524    3.86157 f
  core/a0/add_1_root_add_16_2/U1_1/CO (FA1D0)          0.05524    3.91681 f
  core/a0/add_1_root_add_16_2/U1_2/CO (FA1D0)          0.05524    3.97205 f
  core/a0/add_1_root_add_16_2/U1_3/CO (FA1D0)          0.05524    4.02729 f
  core/a0/add_1_root_add_16_2/U1_4/CO (FA1D0)          0.05524    4.08252 f
  core/a0/add_1_root_add_16_2/U1_5/CO (FA1D0)          0.05524    4.13776 f
  core/a0/add_1_root_add_16_2/U1_6/CO (FA1D0)          0.05524    4.19300 f
  core/a0/add_1_root_add_16_2/U1_7/CO (FA1D0)          0.05524    4.24823 f
  core/a1/add_1_root_add_16_2/U1_0/CO (FA1D0)          0.05524    4.30347 f
  core/a1/add_1_root_add_16_2/U1_1/CO (FA1D0)          0.05524    4.35872 f
  core/a1/add_1_root_add_16_2/U1_2/CO (FA1D0)          0.05524    4.41396 f
  core/a1/add_1_root_add_16_2/U1_3/CO (FA1D0)          0.05524    4.46921 f
  core/a1/add_1_root_add_16_2/U1_4/CO (FA1D0)          0.05524    4.52445 f
  core/a1/add_1_root_add_16_2/U1_5/CO (FA1D0)          0.05524    4.57969 f
  core/a1/add_1_root_add_16_2/U1_6/CO (FA1D0)          0.05524    4.63494 f
  core/a1/add_1_root_add_16_2/U1_7/CO (FA1D0)          0.05524    4.69018 f
  core/a2/add_1_root_add_16_2/U1_0/CO (FA1D0)          0.05524    4.74543 f
  core/a2/add_1_root_add_16_2/U1_1/CO (FA1D0)          0.05524    4.80067 f
  core/a2/add_1_root_add_16_2/U1_2/CO (FA1D0)          0.05524    4.85592 f
  core/a2/add_1_root_add_16_2/U1_3/CO (FA1D0)          0.05524    4.91116 f
  core/a2/add_1_root_add_16_2/U1_4/CO (FA1D0)          0.05524    4.96641 f
  core/a2/add_1_root_add_16_2/U1_5/CO (FA1D0)          0.05524    5.02165 f
  core/a2/add_1_root_add_16_2/U1_6/CO (FA1D0)          0.05524    5.07689 f
  core/a2/add_1_root_add_16_2/U1_7/CO (FA1D0)          0.05524    5.13214 f
  core/a3/add_1_root_add_16_2/U1_0/CO (FA1D0)          0.05524    5.18738 f
  core/a3/add_1_root_add_16_2/U1_1/CO (FA1D0)          0.05524    5.24263 f
  core/a3/add_1_root_add_16_2/U1_2/CO (FA1D0)          0.05524    5.29787 f
  core/a3/add_1_root_add_16_2/U1_3/CO (FA1D0)          0.05524    5.35312 f
  core/a3/add_1_root_add_16_2/U1_4/CO (FA1D0)          0.05524    5.40836 f
  core/a3/add_1_root_add_16_2/U1_5/CO (FA1D0)          0.05524    5.46361 f
  core/a3/add_1_root_add_16_2/U1_6/CO (FA1D0)          0.05524    5.51885 f
  core/a3/add_1_root_add_16_2/U1_7/S (FA1D0)           0.07686    5.59571 r
  core/exponent_add/U23/ZN (INVD1)                     0.01814    5.61385 f
  core/exponent_add/U13/Z (OR2D0)                      0.05436    5.66822 f
  core/exponent_add/U12/Z (OR2D0)                      0.05313    5.72135 f
  core/exponent_add/U11/Z (OR2D0)                      0.05311    5.77446 f
  core/exponent_add/U5/Z (OR2D0)                       0.05297    5.82743 f
  core/exponent_add/U4/ZN (NR2D0)                      0.04210    5.86953 r
  core/exponent_add/U3/ZN (CKND0)                      0.02691    5.89644 f
  core/exponent_add/U44/ZN (XNR2D1)                    0.05182    5.94826 r
  core/exponent_add/U24/Z (AO22D0)                     0.22583    6.17409 r
  core/U201/ZN (INVD1)                                 0.17538    6.34947 f
  core/U118/ZN (INVD1)                                 0.18287    6.53234 r
  core/U439/ZN (MUX2ND0)                               0.05535    6.58769 r
  core/U37/ZN (NR2D1)                                  0.02756    6.61524 f
  U146/ZN (NR4D0)                                      0.06450    6.67975 r
  U145/ZN (INR4D0)                                     0.07350    6.75325 r
  U170/ZN (ND4D1)                                      0.03847    6.79172 f
  U141/ZN (INR4D0)                                     0.06927    6.86099 r
  U147/ZN (INR2D1)                                     0.05621    6.91719 r
  U158/Z (AN2XD1)                                      0.16187    7.07906 r
  U44/Z (OR3D1)                                        0.07946    7.15852 r
  shared_wrapper/U3/Z (AN2XD1)                         0.03472    7.19324 r
  shared_wrapper/U35/CO (FA1D0)                        0.04798    7.24122 r
  shared_wrapper/U36/CO (FA1D0)                        0.05183    7.29305 r
  shared_wrapper/U37/CO (FA1D0)                        0.05183    7.34488 r
  shared_wrapper/U38/CO (FA1D0)                        0.05183    7.39671 r
  shared_wrapper/U39/CO (FA1D0)                        0.05183    7.44853 r
  shared_wrapper/U40/CO (FA1D0)                        0.05271    7.50125 r
  shared_wrapper/U50/Z (XOR3D1)                        0.06706    7.56831 f
  shared_wrapper/U48/Z (AO22D0)                        0.07712    7.64542 f
  result[30] (out)                                     0.00000    7.64542 f
  data arrival time                                               7.64542

  clock vclk (rise edge)                              10.00000   10.00000
  clock network delay (ideal)                          0.00000   10.00000
  clock reconvergence pessimism                        0.00000   10.00000
  output external delay                               -0.02000    9.98000
  data required time                                              9.98000
  ------------------------------------------------------------------------------
  data required time                                              9.98000
  data arrival time                                              -7.64542
  ------------------------------------------------------------------------------
  slack (MET)                                                     2.33458


  Startpoint: divide_mode
               (input port clocked by vclk)
  Endpoint: result[30] (output port clocked by vclk)
  Path Group: vclk
  Path Type: max

  Point                                                   Incr       Path
  ------------------------------------------------------------------------------
  clock vclk (rise edge)                               0.00000    0.00000
  clock network delay (ideal)                          0.00000    0.00000
  input external delay                                 0.02000    0.02000 r
  divide_mode (in)                                     0.01511    0.03511 r
  U222/ZN (INVD1)                                      0.07012    0.10524 f
  U140/ZN (INVD1)                                      0.17142    0.27666 r
  core/lod_a/U49/Z (OR2D1)                             0.06839    0.34505 r
  core/lod_a/U45/ZN (INR2D1)                           0.01563    0.36068 f
  core/lod_a/U24/ZN (NR3D0)                            0.06535    0.42603 r
  core/lod_a/U39/ZN (INR2D1)                           0.06231    0.48835 r
  core/lod_a/U48/ZN (ND2D1)                            0.03401    0.52235 f
  core/lod_a/U44/Z (AN3XD1)                            0.03713    0.55948 f
  core/lod_a/U16/ZN (IINR4D0)                          0.14309    0.70257 r
  core/lod_a/U42/Z (AN2XD1)                            0.05087    0.75343 r
  core/lod_a/U31/ZN (AOI21D1)                          0.02220    0.77564 f
  core/lod_a/U40/Z (AN3XD1)                            0.03940    0.81504 f
  core/lod_a/U19/ZN (AOI211XD0)                        0.06815    0.88319 r
  core/lod_a/U51/ZN (ND3D1)                            0.05162    0.93481 f
  core/lod_a/U37/Z (AN3XD1)                            0.05114    0.98595 f
  core/lod_a/U36/ZN (ND2D1)                            0.02917    1.01511 r
  core/lod_a/U17/ZN (IND4D2)                           0.14471    1.15982 f
  core/lod_a/U3/ZN (INVD1)                             0.08104    1.24086 r
  core/lod_a/U47/ZN (ND2D1)                            0.03902    1.27988 f
  core/lod_a/U46/ZN (ND3D1)                            0.02749    1.30737 r
  core/lod_a/U29/Z (AN4XD1)                            0.07193    1.37930 r
  core/lod_a/U28/Z (AN3XD1)                            0.04814    1.42744 r
  core/lod_a/U33/ZN (AOI31D1)                          0.02402    1.45146 f
  core/lod_a/U26/Z (AN3XD1)                            0.04775    1.49920 f
  core/lod_a/U25/Z (AN2XD1)                            0.02941    1.52861 f
  core/lod_a/U35/ZN (AOI21D1)                          0.04032    1.56893 r
  core/lod_a/U23/Z (AN2XD1)                            0.05426    1.62318 r
  core/lod_a/U22/Z (AN2XD1)                            0.03857    1.66176 r
  core/lod_a/U34/ZN (AOI21D1)                          0.02086    1.68262 f
  core/lod_a/U20/Z (AN3XD1)                            0.03564    1.71826 f
  core/lod_a/U27/ZN (AOI211XD0)                        0.06760    1.78586 r
  core/lod_a/U18/Z (AN2XD1)                            0.04369    1.82955 r
  core/lod_a/U50/ZN (ND2D1)                            0.02223    1.85177 f
  core/lod_a/U43/ZN (AOI32D1)                          0.03808    1.88985 r
  core/lod_a/U41/ZN (INR3D0)                           0.05522    1.94507 r
  core/lod_a/U4/ZN (ND4D1)                             0.13754    2.08261 f
  core/frac_a/U11/Z (CKBD1)                            0.10790    2.19052 f
  core/frac_a/U26/Z (MUX2D0)                           0.08206    2.27257 r
  core/frac_a/U72/ZN (MUX2ND0)                         0.03376    2.30633 f
  core/frac_a/U94/ZN (MUX2ND0)                         0.05372    2.36006 r
  core/frac_a/U95/ZN (MUX2ND0)                         0.03597    2.39602 f
  core/frac_a/U164/ZN (MUX2ND0)                        0.10151    2.49753 r
  core/coeff/U271/ZN (NR2D1)                           0.04258    2.54012 f
  core/coeff/U199/Z (AN2XD1)                           0.04372    2.58384 f
  core/coeff/U193/ZN (ND2D1)                           0.02616    2.61000 r
  core/coeff/U46/ZN (INVD1)                            0.01677    2.62677 f
  core/coeff/U37/ZN (INR4D0)                           0.06142    2.68819 r
  core/coeff/U39/ZN (ND4D1)                            0.05167    2.73986 f
  core/coeff/U26/ZN (INVD1)                            0.02544    2.76530 r
  core/coeff/U43/ZN (IND4D1)                           0.03925    2.80454 f
  core/coeff/U40/ZN (NR4D0)                            0.05878    2.86333 r
  core/coeff/U152/ZN (MOAI22D1)                        0.02929    2.89262 f
  core/b2/add_1_root_add_16_2/U1_0/CO (FA1D0)          0.08608    2.97871 f
  core/b2/add_1_root_add_16_2/U1_1/CO (FA1D0)          0.05420    3.03291 f
  core/b2/add_1_root_add_16_2/U1_2/CO (FA1D0)          0.05521    3.08812 f
  core/b2/add_1_root_add_16_2/U1_3/CO (FA1D0)          0.05524    3.14336 f
  core/b2/add_1_root_add_16_2/U1_4/CO (FA1D0)          0.05524    3.19861 f
  core/b2/add_1_root_add_16_2/U1_5/CO (FA1D0)          0.05524    3.25385 f
  core/b2/add_1_root_add_16_2/U1_6/CO (FA1D0)          0.05524    3.30910 f
  core/b2/add_1_root_add_16_2/U1_7/CO (FA1D0)          0.05524    3.36434 f
  core/b3/add_1_root_add_16_2/U1_0/CO (FA1D0)          0.05524    3.41959 f
  core/b3/add_1_root_add_16_2/U1_1/CO (FA1D0)          0.05524    3.47483 f
  core/b3/add_1_root_add_16_2/U1_2/CO (FA1D0)          0.05524    3.53008 f
  core/b3/add_1_root_add_16_2/U1_3/CO (FA1D0)          0.05524    3.58532 f
  core/b3/add_1_root_add_16_2/U1_4/CO (FA1D0)          0.05524    3.64056 f
  core/b3/add_1_root_add_16_2/U1_5/CO (FA1D0)          0.05524    3.69581 f
  core/b3/add_1_root_add_16_2/U1_6/CO (FA1D0)          0.05524    3.75105 f
  core/b3/add_1_root_add_16_2/U1_7/CO (FA1D0)          0.05524    3.80628 f
  core/a0/add_1_root_add_16_2/U1_0/CO (FA1D0)          0.05524    3.86152 f
  core/a0/add_1_root_add_16_2/U1_1/CO (FA1D0)          0.05524    3.91676 f
  core/a0/add_1_root_add_16_2/U1_2/CO (FA1D0)          0.05524    3.97200 f
  core/a0/add_1_root_add_16_2/U1_3/CO (FA1D0)          0.05524    4.02723 f
  core/a0/add_1_root_add_16_2/U1_4/CO (FA1D0)          0.05524    4.08247 f
  core/a0/add_1_root_add_16_2/U1_5/CO (FA1D0)          0.05524    4.13771 f
  core/a0/add_1_root_add_16_2/U1_6/CO (FA1D0)          0.05524    4.19295 f
  core/a0/add_1_root_add_16_2/U1_7/CO (FA1D0)          0.05524    4.24818 f
  core/a1/add_1_root_add_16_2/U1_0/CO (FA1D0)          0.05524    4.30342 f
  core/a1/add_1_root_add_16_2/U1_1/CO (FA1D0)          0.05524    4.35866 f
  core/a1/add_1_root_add_16_2/U1_2/CO (FA1D0)          0.05524    4.41391 f
  core/a1/add_1_root_add_16_2/U1_3/CO (FA1D0)          0.05524    4.46915 f
  core/a1/add_1_root_add_16_2/U1_4/CO (FA1D0)          0.05524    4.52440 f
  core/a1/add_1_root_add_16_2/U1_5/CO (FA1D0)          0.05524    4.57964 f
  core/a1/add_1_root_add_16_2/U1_6/CO (FA1D0)          0.05524    4.63489 f
  core/a1/add_1_root_add_16_2/U1_7/CO (FA1D0)          0.05524    4.69013 f
  core/a2/add_1_root_add_16_2/U1_0/CO (FA1D0)          0.05524    4.74538 f
  core/a2/add_1_root_add_16_2/U1_1/CO (FA1D0)          0.05524    4.80062 f
  core/a2/add_1_root_add_16_2/U1_2/CO (FA1D0)          0.05524    4.85586 f
  core/a2/add_1_root_add_16_2/U1_3/CO (FA1D0)          0.05524    4.91111 f
  core/a2/add_1_root_add_16_2/U1_4/CO (FA1D0)          0.05524    4.96635 f
  core/a2/add_1_root_add_16_2/U1_5/CO (FA1D0)          0.05524    5.02160 f
  core/a2/add_1_root_add_16_2/U1_6/CO (FA1D0)          0.05524    5.07684 f
  core/a2/add_1_root_add_16_2/U1_7/CO (FA1D0)          0.05524    5.13209 f
  core/a3/add_1_root_add_16_2/U1_0/CO (FA1D0)          0.05524    5.18733 f
  core/a3/add_1_root_add_16_2/U1_1/CO (FA1D0)          0.05524    5.24258 f
  core/a3/add_1_root_add_16_2/U1_2/CO (FA1D0)          0.05524    5.29782 f
  core/a3/add_1_root_add_16_2/U1_3/CO (FA1D0)          0.05524    5.35306 f
  core/a3/add_1_root_add_16_2/U1_4/CO (FA1D0)          0.05524    5.40831 f
  core/a3/add_1_root_add_16_2/U1_5/CO (FA1D0)          0.05524    5.46355 f
  core/a3/add_1_root_add_16_2/U1_6/CO (FA1D0)          0.05524    5.51880 f
  core/a3/add_1_root_add_16_2/U1_7/S (FA1D0)           0.07686    5.59566 r
  core/exponent_add/U23/ZN (INVD1)                     0.01814    5.61380 f
  core/exponent_add/U13/Z (OR2D0)                      0.05436    5.66816 f
  core/exponent_add/U12/Z (OR2D0)                      0.05313    5.72130 f
  core/exponent_add/U11/Z (OR2D0)                      0.05311    5.77441 f
  core/exponent_add/U5/Z (OR2D0)                       0.05297    5.82737 f
  core/exponent_add/U4/ZN (NR2D0)                      0.04210    5.86948 r
  core/exponent_add/U3/ZN (CKND0)                      0.02691    5.89639 f
  core/exponent_add/U44/ZN (XNR2D1)                    0.05182    5.94821 r
  core/exponent_add/U24/Z (AO22D0)                     0.22583    6.17403 r
  core/U201/ZN (INVD1)                                 0.17538    6.34942 f
  core/U118/ZN (INVD1)                                 0.18287    6.53229 r
  core/U439/ZN (MUX2ND0)                               0.05535    6.58763 r
  core/U37/ZN (NR2D1)                                  0.02756    6.61519 f
  U146/ZN (NR4D0)                                      0.06450    6.67969 r
  U145/ZN (INR4D0)                                     0.07350    6.75320 r
  U170/ZN (ND4D1)                                      0.03847    6.79167 f
  U141/ZN (INR4D0)                                     0.06927    6.86093 r
  U147/ZN (INR2D1)                                     0.05621    6.91714 r
  U158/Z (AN2XD1)                                      0.16187    7.07901 r
  U44/Z (OR3D1)                                        0.07946    7.15847 r
  shared_wrapper/U3/Z (AN2XD1)                         0.03472    7.19319 r
  shared_wrapper/U35/CO (FA1D0)                        0.04798    7.24117 r
  shared_wrapper/U36/CO (FA1D0)                        0.05183    7.29300 r
  shared_wrapper/U37/CO (FA1D0)                        0.05183    7.34483 r
  shared_wrapper/U38/CO (FA1D0)                        0.05183    7.39665 r
  shared_wrapper/U39/CO (FA1D0)                        0.05183    7.44848 r
  shared_wrapper/U40/CO (FA1D0)                        0.05271    7.50119 r
  shared_wrapper/U50/Z (XOR3D1)                        0.06706    7.56825 f
  shared_wrapper/U48/Z (AO22D0)                        0.07712    7.64537 f
  result[30] (out)                                     0.00000    7.64537 f
  data arrival time                                               7.64537

  clock vclk (rise edge)                              10.00000   10.00000
  clock network delay (ideal)                          0.00000   10.00000
  clock reconvergence pessimism                        0.00000   10.00000
  output external delay                               -0.02000    9.98000
  data required time                                              9.98000
  ------------------------------------------------------------------------------
  data required time                                              9.98000
  data arrival time                                              -7.64537
  ------------------------------------------------------------------------------
  slack (MET)                                                     2.33463


  Startpoint: divide_mode
               (input port clocked by vclk)
  Endpoint: result[30] (output port clocked by vclk)
  Path Group: vclk
  Path Type: max

  Point                                                   Incr       Path
  ------------------------------------------------------------------------------
  clock vclk (rise edge)                               0.00000    0.00000
  clock network delay (ideal)                          0.00000    0.00000
  input external delay                                 0.02000    0.02000 r
  divide_mode (in)                                     0.01511    0.03511 r
  U222/ZN (INVD1)                                      0.07012    0.10524 f
  U140/ZN (INVD1)                                      0.17142    0.27666 r
  core/lod_a/U49/Z (OR2D1)                             0.06839    0.34505 r
  core/lod_a/U45/ZN (INR2D1)                           0.01563    0.36068 f
  core/lod_a/U24/ZN (NR3D0)                            0.06535    0.42604 r
  core/lod_a/U39/ZN (INR2D1)                           0.06231    0.48835 r
  core/lod_a/U48/ZN (ND2D1)                            0.03401    0.52235 f
  core/lod_a/U44/Z (AN3XD1)                            0.03713    0.55948 f
  core/lod_a/U16/ZN (IINR4D0)                          0.14309    0.70257 r
  core/lod_a/U42/Z (AN2XD1)                            0.05087    0.75343 r
  core/lod_a/U31/ZN (AOI21D1)                          0.02220    0.77564 f
  core/lod_a/U40/Z (AN3XD1)                            0.03940    0.81504 f
  core/lod_a/U19/ZN (AOI211XD0)                        0.06815    0.88319 r
  core/lod_a/U51/ZN (ND3D1)                            0.05162    0.93481 f
  core/lod_a/U37/Z (AN3XD1)                            0.05114    0.98595 f
  core/lod_a/U38/ZN (ND3D1)                            0.02549    1.01144 r
  core/lod_a/U17/ZN (IND4D2)                           0.14843    1.15987 f
  core/lod_a/U3/ZN (INVD1)                             0.08104    1.24091 r
  core/lod_a/U47/ZN (ND2D1)                            0.03902    1.27993 f
  core/lod_a/U46/ZN (ND3D1)                            0.02749    1.30742 r
  core/lod_a/U29/Z (AN4XD1)                            0.07193    1.37935 r
  core/lod_a/U28/Z (AN3XD1)                            0.04814    1.42749 r
  core/lod_a/U33/ZN (AOI31D1)                          0.02402    1.45151 f
  core/lod_a/U26/Z (AN3XD1)                            0.04775    1.49926 f
  core/lod_a/U25/Z (AN2XD1)                            0.02941    1.52866 f
  core/lod_a/U35/ZN (AOI21D1)                          0.04032    1.56898 r
  core/lod_a/U23/Z (AN2XD1)                            0.05426    1.62324 r
  core/lod_a/U22/Z (AN2XD1)                            0.03857    1.66181 r
  core/lod_a/U34/ZN (AOI21D1)                          0.02086    1.68267 f
  core/lod_a/U20/Z (AN3XD1)                            0.03564    1.71831 f
  core/lod_a/U27/ZN (AOI211XD0)                        0.06760    1.78591 r
  core/lod_a/U18/Z (AN2XD1)                            0.04369    1.82960 r
  core/lod_a/U50/ZN (ND2D1)                            0.02223    1.85182 f
  core/lod_a/U43/ZN (AOI32D1)                          0.03808    1.88991 r
  core/lod_a/U41/ZN (INR3D0)                           0.05522    1.94512 r
  core/lod_a/U4/ZN (ND4D1)                             0.13754    2.08267 f
  core/frac_a/U11/Z (CKBD1)                            0.10790    2.19057 f
  core/frac_a/U26/Z (MUX2D0)                           0.08206    2.27263 r
  core/frac_a/U72/ZN (MUX2ND0)                         0.03376    2.30639 f
  core/frac_a/U94/ZN (MUX2ND0)                         0.05372    2.36011 r
  core/frac_a/U95/ZN (MUX2ND0)                         0.03597    2.39608 f
  core/frac_a/U164/ZN (MUX2ND0)                        0.10151    2.49759 r
  core/coeff/U271/ZN (NR2D1)                           0.04258    2.54017 f
  core/coeff/U199/Z (AN2XD1)                           0.04372    2.58389 f
  core/coeff/U193/ZN (ND2D1)                           0.02616    2.61005 r
  core/coeff/U46/ZN (INVD1)                            0.01677    2.62682 f
  core/coeff/U37/ZN (INR4D0)                           0.06142    2.68825 r
  core/coeff/U39/ZN (ND4D1)                            0.05167    2.73991 f
  core/coeff/U26/ZN (INVD1)                            0.02544    2.76535 r
  core/coeff/U43/ZN (IND4D1)                           0.03925    2.80460 f
  core/coeff/U40/ZN (NR4D0)                            0.05878    2.86338 r
  core/coeff/U152/ZN (MOAI22D1)                        0.02929    2.89268 f
  core/b2/add_1_root_add_16_2/U1_0/CO (FA1D0)          0.08608    2.97876 f
  core/b2/add_1_root_add_16_2/U1_1/CO (FA1D0)          0.05420    3.03296 f
  core/b2/add_1_root_add_16_2/U1_2/CO (FA1D0)          0.05521    3.08817 f
  core/b2/add_1_root_add_16_2/U1_3/CO (FA1D0)          0.05524    3.14342 f
  core/b2/add_1_root_add_16_2/U1_4/CO (FA1D0)          0.05524    3.19866 f
  core/b2/add_1_root_add_16_2/U1_5/CO (FA1D0)          0.05524    3.25391 f
  core/b2/add_1_root_add_16_2/U1_6/CO (FA1D0)          0.05524    3.30915 f
  core/b2/add_1_root_add_16_2/U1_7/CO (FA1D0)          0.05524    3.36439 f
  core/b3/add_1_root_add_16_2/U1_0/CO (FA1D0)          0.05524    3.41964 f
  core/b3/add_1_root_add_16_2/U1_1/CO (FA1D0)          0.05524    3.47488 f
  core/b3/add_1_root_add_16_2/U1_2/CO (FA1D0)          0.05524    3.53013 f
  core/b3/add_1_root_add_16_2/U1_3/CO (FA1D0)          0.05524    3.58537 f
  core/b3/add_1_root_add_16_2/U1_4/CO (FA1D0)          0.05524    3.64062 f
  core/b3/add_1_root_add_16_2/U1_5/CO (FA1D0)          0.05524    3.69586 f
  core/b3/add_1_root_add_16_2/U1_6/CO (FA1D0)          0.05524    3.75110 f
  core/b3/add_1_root_add_16_2/U1_7/CO (FA1D0)          0.05524    3.80634 f
  core/a0/add_1_root_add_16_2/U1_0/CO (FA1D0)          0.05524    3.86157 f
  core/a0/add_1_root_add_16_2/U1_1/CO (FA1D0)          0.05524    3.91681 f
  core/a0/add_1_root_add_16_2/U1_2/CO (FA1D0)          0.05524    3.97205 f
  core/a0/add_1_root_add_16_2/U1_3/CO (FA1D0)          0.05524    4.02729 f
  core/a0/add_1_root_add_16_2/U1_4/CO (FA1D0)          0.05524    4.08252 f
  core/a0/add_1_root_add_16_2/U1_5/CO (FA1D0)          0.05524    4.13776 f
  core/a0/add_1_root_add_16_2/U1_6/CO (FA1D0)          0.05524    4.19300 f
  core/a0/add_1_root_add_16_2/U1_7/CO (FA1D0)          0.05524    4.24823 f
  core/a1/add_1_root_add_16_2/U1_0/CO (FA1D0)          0.05524    4.30347 f
  core/a1/add_1_root_add_16_2/U1_1/CO (FA1D0)          0.05524    4.35872 f
  core/a1/add_1_root_add_16_2/U1_2/CO (FA1D0)          0.05524    4.41396 f
  core/a1/add_1_root_add_16_2/U1_3/CO (FA1D0)          0.05524    4.46921 f
  core/a1/add_1_root_add_16_2/U1_4/CO (FA1D0)          0.05524    4.52445 f
  core/a1/add_1_root_add_16_2/U1_5/CO (FA1D0)          0.05524    4.57969 f
  core/a1/add_1_root_add_16_2/U1_6/CO (FA1D0)          0.05524    4.63494 f
  core/a1/add_1_root_add_16_2/U1_7/CO (FA1D0)          0.05524    4.69018 f
  core/a2/add_1_root_add_16_2/U1_0/CO (FA1D0)          0.05524    4.74543 f
  core/a2/add_1_root_add_16_2/U1_1/CO (FA1D0)          0.05524    4.80067 f
  core/a2/add_1_root_add_16_2/U1_2/CO (FA1D0)          0.05524    4.85592 f
  core/a2/add_1_root_add_16_2/U1_3/CO (FA1D0)          0.05524    4.91116 f
  core/a2/add_1_root_add_16_2/U1_4/CO (FA1D0)          0.05524    4.96641 f
  core/a2/add_1_root_add_16_2/U1_5/CO (FA1D0)          0.05524    5.02165 f
  core/a2/add_1_root_add_16_2/U1_6/CO (FA1D0)          0.05524    5.07689 f
  core/a2/add_1_root_add_16_2/U1_7/CO (FA1D0)          0.05524    5.13214 f
  core/a3/add_1_root_add_16_2/U1_0/CO (FA1D0)          0.05524    5.18738 f
  core/a3/add_1_root_add_16_2/U1_1/CO (FA1D0)          0.05524    5.24263 f
  core/a3/add_1_root_add_16_2/U1_2/CO (FA1D0)          0.05524    5.29787 f
  core/a3/add_1_root_add_16_2/U1_3/CO (FA1D0)          0.05524    5.35312 f
  core/a3/add_1_root_add_16_2/U1_4/CO (FA1D0)          0.05524    5.40836 f
  core/a3/add_1_root_add_16_2/U1_5/CO (FA1D0)          0.05524    5.46361 f
  core/a3/add_1_root_add_16_2/U1_6/CO (FA1D0)          0.05524    5.51885 f
  core/a3/add_1_root_add_16_2/U1_7/S (FA1D0)           0.07686    5.59571 r
  core/exponent_add/U23/ZN (INVD1)                     0.01814    5.61385 f
  core/exponent_add/U13/Z (OR2D0)                      0.05436    5.66822 f
  core/exponent_add/U12/Z (OR2D0)                      0.05313    5.72135 f
  core/exponent_add/U11/Z (OR2D0)                      0.05311    5.77446 f
  core/exponent_add/U5/Z (OR2D0)                       0.05297    5.82743 f
  core/exponent_add/U4/ZN (NR2D0)                      0.04210    5.86953 r
  core/exponent_add/U3/ZN (CKND0)                      0.02691    5.89644 f
  core/exponent_add/U44/ZN (XNR2D1)                    0.05182    5.94826 r
  core/exponent_add/U24/Z (AO22D0)                     0.22583    6.17409 r
  core/U201/ZN (INVD1)                                 0.17538    6.34947 f
  core/U118/ZN (INVD1)                                 0.18287    6.53234 r
  core/U441/ZN (MUX2ND0)                               0.05535    6.58769 r
  core/U38/ZN (NR2D1)                                  0.02737    6.61505 f
  U146/ZN (NR4D0)                                      0.06225    6.67731 r
  U145/ZN (INR4D0)                                     0.07350    6.75081 r
  U170/ZN (ND4D1)                                      0.03847    6.78928 f
  U141/ZN (INR4D0)                                     0.06927    6.85855 r
  U147/ZN (INR2D1)                                     0.05621    6.91476 r
  U158/Z (AN2XD1)                                      0.16187    7.07662 r
  U44/Z (OR3D1)                                        0.07946    7.15608 r
  shared_wrapper/U3/Z (AN2XD1)                         0.03472    7.19080 r
  shared_wrapper/U35/CO (FA1D0)                        0.04798    7.23878 r
  shared_wrapper/U36/CO (FA1D0)                        0.05183    7.29061 r
  shared_wrapper/U37/CO (FA1D0)                        0.05183    7.34244 r
  shared_wrapper/U38/CO (FA1D0)                        0.05183    7.39427 r
  shared_wrapper/U39/CO (FA1D0)                        0.05183    7.44609 r
  shared_wrapper/U40/CO (FA1D0)                        0.05271    7.49881 r
  shared_wrapper/U50/Z (XOR3D1)                        0.06706    7.56587 f
  shared_wrapper/U48/Z (AO22D0)                        0.07712    7.64299 f
  result[30] (out)                                     0.00000    7.64299 f
  data arrival time                                               7.64299

  clock vclk (rise edge)                              10.00000   10.00000
  clock network delay (ideal)                          0.00000   10.00000
  clock reconvergence pessimism                        0.00000   10.00000
  output external delay                               -0.02000    9.98000
  data required time                                              9.98000
  ------------------------------------------------------------------------------
  data required time                                              9.98000
  data arrival time                                              -7.64299
  ------------------------------------------------------------------------------
  slack (MET)                                                     2.33701


  Startpoint: divide_mode
               (input port clocked by vclk)
  Endpoint: result[30] (output port clocked by vclk)
  Path Group: vclk
  Path Type: max

  Point                                                   Incr       Path
  ------------------------------------------------------------------------------
  clock vclk (rise edge)                               0.00000    0.00000
  clock network delay (ideal)                          0.00000    0.00000
  input external delay                                 0.02000    0.02000 r
  divide_mode (in)                                     0.01511    0.03511 r
  U222/ZN (INVD1)                                      0.07012    0.10524 f
  U140/ZN (INVD1)                                      0.17142    0.27666 r
  core/lod_a/U49/Z (OR2D1)                             0.06839    0.34505 r
  core/lod_a/U45/ZN (INR2D1)                           0.01563    0.36068 f
  core/lod_a/U24/ZN (NR3D0)                            0.06535    0.42603 r
  core/lod_a/U39/ZN (INR2D1)                           0.06231    0.48835 r
  core/lod_a/U48/ZN (ND2D1)                            0.03401    0.52235 f
  core/lod_a/U44/Z (AN3XD1)                            0.03713    0.55948 f
  core/lod_a/U16/ZN (IINR4D0)                          0.14309    0.70257 r
  core/lod_a/U42/Z (AN2XD1)                            0.05087    0.75343 r
  core/lod_a/U31/ZN (AOI21D1)                          0.02220    0.77564 f
  core/lod_a/U40/Z (AN3XD1)                            0.03940    0.81504 f
  core/lod_a/U19/ZN (AOI211XD0)                        0.06815    0.88319 r
  core/lod_a/U51/ZN (ND3D1)                            0.05162    0.93481 f
  core/lod_a/U37/Z (AN3XD1)                            0.05114    0.98595 f
  core/lod_a/U36/ZN (ND2D1)                            0.02917    1.01511 r
  core/lod_a/U17/ZN (IND4D2)                           0.14471    1.15982 f
  core/lod_a/U3/ZN (INVD1)                             0.08104    1.24086 r
  core/lod_a/U47/ZN (ND2D1)                            0.03902    1.27988 f
  core/lod_a/U46/ZN (ND3D1)                            0.02749    1.30737 r
  core/lod_a/U29/Z (AN4XD1)                            0.07193    1.37930 r
  core/lod_a/U28/Z (AN3XD1)                            0.04814    1.42744 r
  core/lod_a/U33/ZN (AOI31D1)                          0.02402    1.45146 f
  core/lod_a/U26/Z (AN3XD1)                            0.04775    1.49920 f
  core/lod_a/U25/Z (AN2XD1)                            0.02941    1.52861 f
  core/lod_a/U35/ZN (AOI21D1)                          0.04032    1.56893 r
  core/lod_a/U23/Z (AN2XD1)                            0.05426    1.62318 r
  core/lod_a/U22/Z (AN2XD1)                            0.03857    1.66176 r
  core/lod_a/U34/ZN (AOI21D1)                          0.02086    1.68262 f
  core/lod_a/U20/Z (AN3XD1)                            0.03564    1.71826 f
  core/lod_a/U27/ZN (AOI211XD0)                        0.06760    1.78586 r
  core/lod_a/U18/Z (AN2XD1)                            0.04369    1.82955 r
  core/lod_a/U50/ZN (ND2D1)                            0.02223    1.85177 f
  core/lod_a/U43/ZN (AOI32D1)                          0.03808    1.88985 r
  core/lod_a/U41/ZN (INR3D0)                           0.05522    1.94507 r
  core/lod_a/U4/ZN (ND4D1)                             0.13754    2.08261 f
  core/frac_a/U11/Z (CKBD1)                            0.10790    2.19052 f
  core/frac_a/U26/Z (MUX2D0)                           0.08206    2.27257 r
  core/frac_a/U72/ZN (MUX2ND0)                         0.03376    2.30633 f
  core/frac_a/U94/ZN (MUX2ND0)                         0.05372    2.36006 r
  core/frac_a/U95/ZN (MUX2ND0)                         0.03597    2.39602 f
  core/frac_a/U164/ZN (MUX2ND0)                        0.10151    2.49753 r
  core/coeff/U271/ZN (NR2D1)                           0.04258    2.54012 f
  core/coeff/U199/Z (AN2XD1)                           0.04372    2.58384 f
  core/coeff/U193/ZN (ND2D1)                           0.02616    2.61000 r
  core/coeff/U46/ZN (INVD1)                            0.01677    2.62677 f
  core/coeff/U37/ZN (INR4D0)                           0.06142    2.68819 r
  core/coeff/U39/ZN (ND4D1)                            0.05167    2.73986 f
  core/coeff/U26/ZN (INVD1)                            0.02544    2.76530 r
  core/coeff/U43/ZN (IND4D1)                           0.03925    2.80454 f
  core/coeff/U40/ZN (NR4D0)                            0.05878    2.86333 r
  core/coeff/U152/ZN (MOAI22D1)                        0.02929    2.89262 f
  core/b2/add_1_root_add_16_2/U1_0/CO (FA1D0)          0.08608    2.97871 f
  core/b2/add_1_root_add_16_2/U1_1/CO (FA1D0)          0.05420    3.03291 f
  core/b2/add_1_root_add_16_2/U1_2/CO (FA1D0)          0.05521    3.08812 f
  core/b2/add_1_root_add_16_2/U1_3/CO (FA1D0)          0.05524    3.14336 f
  core/b2/add_1_root_add_16_2/U1_4/CO (FA1D0)          0.05524    3.19861 f
  core/b2/add_1_root_add_16_2/U1_5/CO (FA1D0)          0.05524    3.25385 f
  core/b2/add_1_root_add_16_2/U1_6/CO (FA1D0)          0.05524    3.30910 f
  core/b2/add_1_root_add_16_2/U1_7/CO (FA1D0)          0.05524    3.36434 f
  core/b3/add_1_root_add_16_2/U1_0/CO (FA1D0)          0.05524    3.41959 f
  core/b3/add_1_root_add_16_2/U1_1/CO (FA1D0)          0.05524    3.47483 f
  core/b3/add_1_root_add_16_2/U1_2/CO (FA1D0)          0.05524    3.53008 f
  core/b3/add_1_root_add_16_2/U1_3/CO (FA1D0)          0.05524    3.58532 f
  core/b3/add_1_root_add_16_2/U1_4/CO (FA1D0)          0.05524    3.64056 f
  core/b3/add_1_root_add_16_2/U1_5/CO (FA1D0)          0.05524    3.69581 f
  core/b3/add_1_root_add_16_2/U1_6/CO (FA1D0)          0.05524    3.75105 f
  core/b3/add_1_root_add_16_2/U1_7/CO (FA1D0)          0.05524    3.80628 f
  core/a0/add_1_root_add_16_2/U1_0/CO (FA1D0)          0.05524    3.86152 f
  core/a0/add_1_root_add_16_2/U1_1/CO (FA1D0)          0.05524    3.91676 f
  core/a0/add_1_root_add_16_2/U1_2/CO (FA1D0)          0.05524    3.97200 f
  core/a0/add_1_root_add_16_2/U1_3/CO (FA1D0)          0.05524    4.02723 f
  core/a0/add_1_root_add_16_2/U1_4/CO (FA1D0)          0.05524    4.08247 f
  core/a0/add_1_root_add_16_2/U1_5/CO (FA1D0)          0.05524    4.13771 f
  core/a0/add_1_root_add_16_2/U1_6/CO (FA1D0)          0.05524    4.19295 f
  core/a0/add_1_root_add_16_2/U1_7/CO (FA1D0)          0.05524    4.24818 f
  core/a1/add_1_root_add_16_2/U1_0/CO (FA1D0)          0.05524    4.30342 f
  core/a1/add_1_root_add_16_2/U1_1/CO (FA1D0)          0.05524    4.35866 f
  core/a1/add_1_root_add_16_2/U1_2/CO (FA1D0)          0.05524    4.41391 f
  core/a1/add_1_root_add_16_2/U1_3/CO (FA1D0)          0.05524    4.46915 f
  core/a1/add_1_root_add_16_2/U1_4/CO (FA1D0)          0.05524    4.52440 f
  core/a1/add_1_root_add_16_2/U1_5/CO (FA1D0)          0.05524    4.57964 f
  core/a1/add_1_root_add_16_2/U1_6/CO (FA1D0)          0.05524    4.63489 f
  core/a1/add_1_root_add_16_2/U1_7/CO (FA1D0)          0.05524    4.69013 f
  core/a2/add_1_root_add_16_2/U1_0/CO (FA1D0)          0.05524    4.74538 f
  core/a2/add_1_root_add_16_2/U1_1/CO (FA1D0)          0.05524    4.80062 f
  core/a2/add_1_root_add_16_2/U1_2/CO (FA1D0)          0.05524    4.85586 f
  core/a2/add_1_root_add_16_2/U1_3/CO (FA1D0)          0.05524    4.91111 f
  core/a2/add_1_root_add_16_2/U1_4/CO (FA1D0)          0.05524    4.96635 f
  core/a2/add_1_root_add_16_2/U1_5/CO (FA1D0)          0.05524    5.02160 f
  core/a2/add_1_root_add_16_2/U1_6/CO (FA1D0)          0.05524    5.07684 f
  core/a2/add_1_root_add_16_2/U1_7/CO (FA1D0)          0.05524    5.13209 f
  core/a3/add_1_root_add_16_2/U1_0/CO (FA1D0)          0.05524    5.18733 f
  core/a3/add_1_root_add_16_2/U1_1/CO (FA1D0)          0.05524    5.24258 f
  core/a3/add_1_root_add_16_2/U1_2/CO (FA1D0)          0.05524    5.29782 f
  core/a3/add_1_root_add_16_2/U1_3/CO (FA1D0)          0.05524    5.35306 f
  core/a3/add_1_root_add_16_2/U1_4/CO (FA1D0)          0.05524    5.40831 f
  core/a3/add_1_root_add_16_2/U1_5/CO (FA1D0)          0.05524    5.46355 f
  core/a3/add_1_root_add_16_2/U1_6/CO (FA1D0)          0.05524    5.51880 f
  core/a3/add_1_root_add_16_2/U1_7/S (FA1D0)           0.07686    5.59566 r
  core/exponent_add/U23/ZN (INVD1)                     0.01814    5.61380 f
  core/exponent_add/U13/Z (OR2D0)                      0.05436    5.66816 f
  core/exponent_add/U12/Z (OR2D0)                      0.05313    5.72130 f
  core/exponent_add/U11/Z (OR2D0)                      0.05311    5.77441 f
  core/exponent_add/U5/Z (OR2D0)                       0.05297    5.82737 f
  core/exponent_add/U4/ZN (NR2D0)                      0.04210    5.86948 r
  core/exponent_add/U3/ZN (CKND0)                      0.02691    5.89639 f
  core/exponent_add/U44/ZN (XNR2D1)                    0.05182    5.94821 r
  core/exponent_add/U24/Z (AO22D0)                     0.22583    6.17403 r
  core/U201/ZN (INVD1)                                 0.17538    6.34942 f
  core/U118/ZN (INVD1)                                 0.18287    6.53229 r
  core/U441/ZN (MUX2ND0)                               0.05535    6.58763 r
  core/U38/ZN (NR2D1)                                  0.02737    6.61500 f
  U146/ZN (NR4D0)                                      0.06225    6.67726 r
  U145/ZN (INR4D0)                                     0.07350    6.75076 r
  U170/ZN (ND4D1)                                      0.03847    6.78923 f
  U141/ZN (INR4D0)                                     0.06927    6.85850 r
  U147/ZN (INR2D1)                                     0.05621    6.91470 r
  U158/Z (AN2XD1)                                      0.16187    7.07657 r
  U44/Z (OR3D1)                                        0.07946    7.15603 r
  shared_wrapper/U3/Z (AN2XD1)                         0.03472    7.19075 r
  shared_wrapper/U35/CO (FA1D0)                        0.04798    7.23873 r
  shared_wrapper/U36/CO (FA1D0)                        0.05183    7.29056 r
  shared_wrapper/U37/CO (FA1D0)                        0.05183    7.34239 r
  shared_wrapper/U38/CO (FA1D0)                        0.05183    7.39421 r
  shared_wrapper/U39/CO (FA1D0)                        0.05183    7.44604 r
  shared_wrapper/U40/CO (FA1D0)                        0.05271    7.49875 r
  shared_wrapper/U50/Z (XOR3D1)                        0.06706    7.56582 f
  shared_wrapper/U48/Z (AO22D0)                        0.07712    7.64293 f
  result[30] (out)                                     0.00000    7.64293 f
  data arrival time                                               7.64293

  clock vclk (rise edge)                              10.00000   10.00000
  clock network delay (ideal)                          0.00000   10.00000
  clock reconvergence pessimism                        0.00000   10.00000
  output external delay                               -0.02000    9.98000
  data required time                                              9.98000
  ------------------------------------------------------------------------------
  data required time                                              9.98000
  data arrival time                                              -7.64293
  ------------------------------------------------------------------------------
  slack (MET)                                                     2.33707


  Startpoint: divide_mode
               (input port clocked by vclk)
  Endpoint: result[30] (output port clocked by vclk)
  Path Group: vclk
  Path Type: max

  Point                                                   Incr       Path
  ------------------------------------------------------------------------------
  clock vclk (rise edge)                               0.00000    0.00000
  clock network delay (ideal)                          0.00000    0.00000
  input external delay                                 0.02000    0.02000 r
  divide_mode (in)                                     0.01511    0.03511 r
  U222/ZN (INVD1)                                      0.07012    0.10524 f
  U140/ZN (INVD1)                                      0.17142    0.27666 r
  core/lod_a/U49/Z (OR2D1)                             0.06839    0.34505 r
  core/lod_a/U45/ZN (INR2D1)                           0.01563    0.36068 f
  core/lod_a/U24/ZN (NR3D0)                            0.06535    0.42604 r
  core/lod_a/U39/ZN (INR2D1)                           0.06231    0.48835 r
  core/lod_a/U48/ZN (ND2D1)                            0.03401    0.52235 f
  core/lod_a/U44/Z (AN3XD1)                            0.03713    0.55948 f
  core/lod_a/U16/ZN (IINR4D0)                          0.14309    0.70257 r
  core/lod_a/U42/Z (AN2XD1)                            0.05087    0.75343 r
  core/lod_a/U31/ZN (AOI21D1)                          0.02220    0.77564 f
  core/lod_a/U40/Z (AN3XD1)                            0.03940    0.81504 f
  core/lod_a/U19/ZN (AOI211XD0)                        0.06815    0.88319 r
  core/lod_a/U37/Z (AN3XD1)                            0.06377    0.94696 r
  core/lod_a/U36/ZN (ND2D1)                            0.03405    0.98101 f
  core/lod_a/U38/ZN (ND3D1)                            0.03470    1.01572 r
  core/lod_a/U17/ZN (IND4D2)                           0.14843    1.16415 f
  core/lod_a/U3/ZN (INVD1)                             0.08104    1.24519 r
  core/lod_a/U47/ZN (ND2D1)                            0.03902    1.28421 f
  core/lod_a/U46/ZN (ND3D1)                            0.02749    1.31170 r
  core/lod_a/U29/Z (AN4XD1)                            0.07193    1.38363 r
  core/lod_a/U28/Z (AN3XD1)                            0.04814    1.43177 r
  core/lod_a/U33/ZN (AOI31D1)                          0.02402    1.45579 f
  core/lod_a/U26/Z (AN3XD1)                            0.04775    1.50353 f
  core/lod_a/U25/Z (AN2XD1)                            0.02941    1.53294 f
  core/lod_a/U35/ZN (AOI21D1)                          0.04032    1.57326 r
  core/lod_a/U23/Z (AN2XD1)                            0.05426    1.62751 r
  core/lod_a/U22/Z (AN2XD1)                            0.03857    1.66609 r
  core/lod_a/U34/ZN (AOI21D1)                          0.02086    1.68695 f
  core/lod_a/U20/Z (AN3XD1)                            0.03564    1.72259 f
  core/lod_a/U27/ZN (AOI211XD0)                        0.06760    1.79019 r
  core/lod_a/U18/Z (AN2XD1)                            0.04369    1.83388 r
  core/lod_a/U50/ZN (ND2D1)                            0.02223    1.85610 f
  core/lod_a/U43/ZN (AOI32D1)                          0.03808    1.89419 r
  core/lod_a/U41/ZN (INR3D0)                           0.05522    1.94940 r
  core/lod_a/U4/ZN (ND4D1)                             0.13754    2.08694 f
  core/frac_a/U11/Z (CKBD1)                            0.10790    2.19485 f
  core/frac_a/U31/Z (MUX2D0)                           0.08206    2.27690 r
  core/frac_a/U72/ZN (MUX2ND0)                         0.02688    2.30378 f
  core/frac_a/U94/ZN (MUX2ND0)                         0.05372    2.35751 r
  core/frac_a/U95/ZN (MUX2ND0)                         0.03597    2.39347 f
  core/frac_a/U164/ZN (MUX2ND0)                        0.10151    2.49498 r
  core/coeff/U271/ZN (NR2D1)                           0.04258    2.53757 f
  core/coeff/U199/Z (AN2XD1)                           0.04372    2.58129 f
  core/coeff/U193/ZN (ND2D1)                           0.02616    2.60745 r
  core/coeff/U46/ZN (INVD1)                            0.01677    2.62422 f
  core/coeff/U37/ZN (INR4D0)                           0.06142    2.68564 r
  core/coeff/U39/ZN (ND4D1)                            0.05167    2.73731 f
  core/coeff/U26/ZN (INVD1)                            0.02544    2.76275 r
  core/coeff/U43/ZN (IND4D1)                           0.03925    2.80199 f
  core/coeff/U40/ZN (NR4D0)                            0.05878    2.86078 r
  core/coeff/U152/ZN (MOAI22D1)                        0.02929    2.89007 f
  core/b2/add_1_root_add_16_2/U1_0/CO (FA1D0)          0.08608    2.97616 f
  core/b2/add_1_root_add_16_2/U1_1/CO (FA1D0)          0.05420    3.03036 f
  core/b2/add_1_root_add_16_2/U1_2/CO (FA1D0)          0.05521    3.08557 f
  core/b2/add_1_root_add_16_2/U1_3/CO (FA1D0)          0.05524    3.14081 f
  core/b2/add_1_root_add_16_2/U1_4/CO (FA1D0)          0.05524    3.19606 f
  core/b2/add_1_root_add_16_2/U1_5/CO (FA1D0)          0.05524    3.25130 f
  core/b2/add_1_root_add_16_2/U1_6/CO (FA1D0)          0.05524    3.30655 f
  core/b2/add_1_root_add_16_2/U1_7/CO (FA1D0)          0.05524    3.36179 f
  core/b3/add_1_root_add_16_2/U1_0/CO (FA1D0)          0.05524    3.41704 f
  core/b3/add_1_root_add_16_2/U1_1/CO (FA1D0)          0.05524    3.47228 f
  core/b3/add_1_root_add_16_2/U1_2/CO (FA1D0)          0.05524    3.52753 f
  core/b3/add_1_root_add_16_2/U1_3/CO (FA1D0)          0.05524    3.58277 f
  core/b3/add_1_root_add_16_2/U1_4/CO (FA1D0)          0.05524    3.63801 f
  core/b3/add_1_root_add_16_2/U1_5/CO (FA1D0)          0.05524    3.69326 f
  core/b3/add_1_root_add_16_2/U1_6/CO (FA1D0)          0.05524    3.74850 f
  core/b3/add_1_root_add_16_2/U1_7/CO (FA1D0)          0.05524    3.80373 f
  core/a0/add_1_root_add_16_2/U1_0/CO (FA1D0)          0.05524    3.85897 f
  core/a0/add_1_root_add_16_2/U1_1/CO (FA1D0)          0.05524    3.91421 f
  core/a0/add_1_root_add_16_2/U1_2/CO (FA1D0)          0.05524    3.96945 f
  core/a0/add_1_root_add_16_2/U1_3/CO (FA1D0)          0.05524    4.02468 f
  core/a0/add_1_root_add_16_2/U1_4/CO (FA1D0)          0.05524    4.07992 f
  core/a0/add_1_root_add_16_2/U1_5/CO (FA1D0)          0.05524    4.13516 f
  core/a0/add_1_root_add_16_2/U1_6/CO (FA1D0)          0.05524    4.19039 f
  core/a0/add_1_root_add_16_2/U1_7/CO (FA1D0)          0.05524    4.24563 f
  core/a1/add_1_root_add_16_2/U1_0/CO (FA1D0)          0.05524    4.30087 f
  core/a1/add_1_root_add_16_2/U1_1/CO (FA1D0)          0.05524    4.35611 f
  core/a1/add_1_root_add_16_2/U1_2/CO (FA1D0)          0.05524    4.41136 f
  core/a1/add_1_root_add_16_2/U1_3/CO (FA1D0)          0.05524    4.46660 f
  core/a1/add_1_root_add_16_2/U1_4/CO (FA1D0)          0.05524    4.52185 f
  core/a1/add_1_root_add_16_2/U1_5/CO (FA1D0)          0.05524    4.57709 f
  core/a1/add_1_root_add_16_2/U1_6/CO (FA1D0)          0.05524    4.63234 f
  core/a1/add_1_root_add_16_2/U1_7/CO (FA1D0)          0.05524    4.68758 f
  core/a2/add_1_root_add_16_2/U1_0/CO (FA1D0)          0.05524    4.74283 f
  core/a2/add_1_root_add_16_2/U1_1/CO (FA1D0)          0.05524    4.79807 f
  core/a2/add_1_root_add_16_2/U1_2/CO (FA1D0)          0.05524    4.85331 f
  core/a2/add_1_root_add_16_2/U1_3/CO (FA1D0)          0.05524    4.90856 f
  core/a2/add_1_root_add_16_2/U1_4/CO (FA1D0)          0.05524    4.96380 f
  core/a2/add_1_root_add_16_2/U1_5/CO (FA1D0)          0.05524    5.01905 f
  core/a2/add_1_root_add_16_2/U1_6/CO (FA1D0)          0.05524    5.07429 f
  core/a2/add_1_root_add_16_2/U1_7/CO (FA1D0)          0.05524    5.12954 f
  core/a3/add_1_root_add_16_2/U1_0/CO (FA1D0)          0.05524    5.18478 f
  core/a3/add_1_root_add_16_2/U1_1/CO (FA1D0)          0.05524    5.24003 f
  core/a3/add_1_root_add_16_2/U1_2/CO (FA1D0)          0.05524    5.29527 f
  core/a3/add_1_root_add_16_2/U1_3/CO (FA1D0)          0.05524    5.35051 f
  core/a3/add_1_root_add_16_2/U1_4/CO (FA1D0)          0.05524    5.40576 f
  core/a3/add_1_root_add_16_2/U1_5/CO (FA1D0)          0.05524    5.46100 f
  core/a3/add_1_root_add_16_2/U1_6/CO (FA1D0)          0.05524    5.51625 f
  core/a3/add_1_root_add_16_2/U1_7/S (FA1D0)           0.07686    5.59311 r
  core/exponent_add/U23/ZN (INVD1)                     0.01814    5.61125 f
  core/exponent_add/U13/Z (OR2D0)                      0.05436    5.66561 f
  core/exponent_add/U12/Z (OR2D0)                      0.05313    5.71875 f
  core/exponent_add/U11/Z (OR2D0)                      0.05311    5.77186 f
  core/exponent_add/U5/Z (OR2D0)                       0.05297    5.82482 f
  core/exponent_add/U4/ZN (NR2D0)                      0.04210    5.86693 r
  core/exponent_add/U3/ZN (CKND0)                      0.02691    5.89384 f
  core/exponent_add/U44/ZN (XNR2D1)                    0.05182    5.94566 r
  core/exponent_add/U24/Z (AO22D0)                     0.22583    6.17148 r
  core/U201/ZN (INVD1)                                 0.17538    6.34687 f
  core/U118/ZN (INVD1)                                 0.18287    6.52974 r
  core/U439/ZN (MUX2ND0)                               0.05535    6.58508 r
  core/U37/ZN (NR2D1)                                  0.02756    6.61264 f
  U146/ZN (NR4D0)                                      0.06450    6.67714 r
  U145/ZN (INR4D0)                                     0.07350    6.75065 r
  U170/ZN (ND4D1)                                      0.03847    6.78912 f
  U141/ZN (INR4D0)                                     0.06927    6.85838 r
  U147/ZN (INR2D1)                                     0.05621    6.91459 r
  U158/Z (AN2XD1)                                      0.16187    7.07646 r
  U44/Z (OR3D1)                                        0.07946    7.15592 r
  shared_wrapper/U3/Z (AN2XD1)                         0.03472    7.19064 r
  shared_wrapper/U35/CO (FA1D0)                        0.04798    7.23862 r
  shared_wrapper/U36/CO (FA1D0)                        0.05183    7.29045 r
  shared_wrapper/U37/CO (FA1D0)                        0.05183    7.34228 r
  shared_wrapper/U38/CO (FA1D0)                        0.05183    7.39410 r
  shared_wrapper/U39/CO (FA1D0)                        0.05183    7.44593 r
  shared_wrapper/U40/CO (FA1D0)                        0.05271    7.49864 r
  shared_wrapper/U50/Z (XOR3D1)                        0.06706    7.56570 f
  shared_wrapper/U48/Z (AO22D0)                        0.07712    7.64282 f
  result[30] (out)                                     0.00000    7.64282 f
  data arrival time                                               7.64282

  clock vclk (rise edge)                              10.00000   10.00000
  clock network delay (ideal)                          0.00000   10.00000
  clock reconvergence pessimism                        0.00000   10.00000
  output external delay                               -0.02000    9.98000
  data required time                                              9.98000
  ------------------------------------------------------------------------------
  data required time                                              9.98000
  data arrival time                                              -7.64282
  ------------------------------------------------------------------------------
  slack (MET)                                                     2.33718


  Startpoint: divide_mode
               (input port clocked by vclk)
  Endpoint: result[30] (output port clocked by vclk)
  Path Group: vclk
  Path Type: max

  Point                                                   Incr       Path
  ------------------------------------------------------------------------------
  clock vclk (rise edge)                               0.00000    0.00000
  clock network delay (ideal)                          0.00000    0.00000
  input external delay                                 0.02000    0.02000 r
  divide_mode (in)                                     0.01511    0.03511 r
  U222/ZN (INVD1)                                      0.07012    0.10524 f
  U140/ZN (INVD1)                                      0.17142    0.27666 r
  core/lod_a/U49/Z (OR2D1)                             0.06839    0.34505 r
  core/lod_a/U45/ZN (INR2D1)                           0.01563    0.36068 f
  core/lod_a/U24/ZN (NR3D0)                            0.06535    0.42604 r
  core/lod_a/U39/ZN (INR2D1)                           0.06231    0.48835 r
  core/lod_a/U48/ZN (ND2D1)                            0.03401    0.52235 f
  core/lod_a/U44/Z (AN3XD1)                            0.03713    0.55948 f
  core/lod_a/U16/ZN (IINR4D0)                          0.14309    0.70257 r
  core/lod_a/U42/Z (AN2XD1)                            0.05087    0.75343 r
  core/lod_a/U31/ZN (AOI21D1)                          0.02220    0.77564 f
  core/lod_a/U40/Z (AN3XD1)                            0.03940    0.81504 f
  core/lod_a/U19/ZN (AOI211XD0)                        0.06815    0.88319 r
  core/lod_a/U37/Z (AN3XD1)                            0.06377    0.94696 r
  core/lod_a/U36/ZN (ND2D1)                            0.03405    0.98101 f
  core/lod_a/U38/ZN (ND3D1)                            0.03470    1.01572 r
  core/lod_a/U17/ZN (IND4D2)                           0.14843    1.16415 f
  core/lod_a/U3/ZN (INVD1)                             0.08104    1.24519 r
  core/lod_a/U47/ZN (ND2D1)                            0.03902    1.28421 f
  core/lod_a/U46/ZN (ND3D1)                            0.02749    1.31170 r
  core/lod_a/U29/Z (AN4XD1)                            0.07193    1.38363 r
  core/lod_a/U28/Z (AN3XD1)                            0.04814    1.43177 r
  core/lod_a/U33/ZN (AOI31D1)                          0.02402    1.45579 f
  core/lod_a/U26/Z (AN3XD1)                            0.04775    1.50353 f
  core/lod_a/U25/Z (AN2XD1)                            0.02941    1.53294 f
  core/lod_a/U35/ZN (AOI21D1)                          0.04032    1.57326 r
  core/lod_a/U23/Z (AN2XD1)                            0.05426    1.62751 r
  core/lod_a/U22/Z (AN2XD1)                            0.03857    1.66609 r
  core/lod_a/U34/ZN (AOI21D1)                          0.02086    1.68695 f
  core/lod_a/U20/Z (AN3XD1)                            0.03564    1.72259 f
  core/lod_a/U27/ZN (AOI211XD0)                        0.06760    1.79019 r
  core/lod_a/U18/Z (AN2XD1)                            0.04369    1.83388 r
  core/lod_a/U50/ZN (ND2D1)                            0.02223    1.85610 f
  core/lod_a/U43/ZN (AOI32D1)                          0.03808    1.89419 r
  core/lod_a/U41/ZN (INR3D0)                           0.05522    1.94940 r
  core/lod_a/U4/ZN (ND4D1)                             0.13754    2.08694 f
  core/frac_a/U11/Z (CKBD1)                            0.10790    2.19485 f
  core/frac_a/U26/Z (MUX2D0)                           0.08206    2.27690 r
  core/frac_a/U72/ZN (MUX2ND0)                         0.03376    2.31067 f
  core/frac_a/U94/ZN (MUX2ND0)                         0.05372    2.36439 r
  core/frac_a/U95/ZN (MUX2ND0)                         0.03597    2.40035 f
  core/frac_a/U164/ZN (MUX2ND0)                        0.10151    2.50187 r
  core/coeff/U271/ZN (NR2D1)                           0.04258    2.54445 f
  core/coeff/U199/Z (AN2XD1)                           0.04372    2.58817 f
  core/coeff/U193/ZN (ND2D1)                           0.02616    2.61433 r
  core/coeff/U46/ZN (INVD1)                            0.01677    2.63110 f
  core/coeff/U37/ZN (INR4D0)                           0.06142    2.69253 r
  core/coeff/U39/ZN (ND4D1)                            0.05167    2.74419 f
  core/coeff/U26/ZN (INVD1)                            0.02544    2.76963 r
  core/coeff/U43/ZN (IND4D1)                           0.03925    2.80888 f
  core/coeff/U40/ZN (NR4D0)                            0.05878    2.86766 r
  core/coeff/U152/ZN (MOAI22D1)                        0.02929    2.89695 f
  core/b2/add_1_root_add_16_2/U1_0/CO (FA1D0)          0.08608    2.98304 f
  core/b2/add_1_root_add_16_2/U1_1/CO (FA1D0)          0.05420    3.03724 f
  core/b2/add_1_root_add_16_2/U1_2/CO (FA1D0)          0.05521    3.09245 f
  core/b2/add_1_root_add_16_2/U1_3/CO (FA1D0)          0.05524    3.14770 f
  core/b2/add_1_root_add_16_2/U1_4/CO (FA1D0)          0.05524    3.20294 f
  core/b2/add_1_root_add_16_2/U1_5/CO (FA1D0)          0.05524    3.25819 f
  core/b2/add_1_root_add_16_2/U1_6/CO (FA1D0)          0.05524    3.31343 f
  core/b2/add_1_root_add_16_2/U1_7/CO (FA1D0)          0.05524    3.36867 f
  core/b3/add_1_root_add_16_2/U1_0/CO (FA1D0)          0.05524    3.42392 f
  core/b3/add_1_root_add_16_2/U1_1/CO (FA1D0)          0.05524    3.47916 f
  core/b3/add_1_root_add_16_2/U1_2/CO (FA1D0)          0.05524    3.53441 f
  core/b3/add_1_root_add_16_2/U1_3/CO (FA1D0)          0.05524    3.58965 f
  core/b3/add_1_root_add_16_2/U1_4/CO (FA1D0)          0.05524    3.64490 f
  core/b3/add_1_root_add_16_2/U1_5/CO (FA1D0)          0.05524    3.70014 f
  core/b3/add_1_root_add_16_2/U1_6/CO (FA1D0)          0.05524    3.75538 f
  core/b3/add_1_root_add_16_2/U1_7/CO (FA1D0)          0.05524    3.81062 f
  core/a0/add_1_root_add_16_2/U1_0/CO (FA1D0)          0.05524    3.86585 f
  core/a0/add_1_root_add_16_2/U1_1/CO (FA1D0)          0.05524    3.92109 f
  core/a0/add_1_root_add_16_2/U1_2/CO (FA1D0)          0.05524    3.97633 f
  core/a0/add_1_root_add_16_2/U1_3/CO (FA1D0)          0.05524    4.03157 f
  core/a0/add_1_root_add_16_2/U1_4/CO (FA1D0)          0.05524    4.08680 f
  core/a0/add_1_root_add_16_2/U1_5/CO (FA1D0)          0.05524    4.14204 f
  core/a0/add_1_root_add_16_2/U1_6/CO (FA1D0)          0.05524    4.19728 f
  core/a0/add_1_root_add_16_2/U1_7/CO (FA1D0)          0.05524    4.25251 f
  core/a1/add_1_root_add_16_2/U1_0/CO (FA1D0)          0.05524    4.30775 f
  core/a1/add_1_root_add_16_2/U1_1/CO (FA1D0)          0.05524    4.36300 f
  core/a1/add_1_root_add_16_2/U1_2/CO (FA1D0)          0.05524    4.41824 f
  core/a1/add_1_root_add_16_2/U1_3/CO (FA1D0)          0.05524    4.47348 f
  core/a1/add_1_root_add_16_2/U1_4/CO (FA1D0)          0.05524    4.52873 f
  core/a1/add_1_root_add_16_2/U1_5/CO (FA1D0)          0.05524    4.58397 f
  core/a1/add_1_root_add_16_2/U1_6/CO (FA1D0)          0.05524    4.63922 f
  core/a1/add_1_root_add_16_2/U1_7/CO (FA1D0)          0.05524    4.69446 f
  core/a2/add_1_root_add_16_2/U1_0/CO (FA1D0)          0.05524    4.74971 f
  core/a2/add_1_root_add_16_2/U1_1/CO (FA1D0)          0.05524    4.80495 f
  core/a2/add_1_root_add_16_2/U1_2/CO (FA1D0)          0.05524    4.86020 f
  core/a2/add_1_root_add_16_2/U1_3/CO (FA1D0)          0.05524    4.91544 f
  core/a2/add_1_root_add_16_2/U1_4/CO (FA1D0)          0.05524    4.97068 f
  core/a2/add_1_root_add_16_2/U1_5/CO (FA1D0)          0.05524    5.02593 f
  core/a2/add_1_root_add_16_2/U1_6/CO (FA1D0)          0.05524    5.08117 f
  core/a2/add_1_root_add_16_2/U1_7/CO (FA1D0)          0.05524    5.13642 f
  core/a3/add_1_root_add_16_2/U1_0/CO (FA1D0)          0.05524    5.19166 f
  core/a3/add_1_root_add_16_2/U1_1/CO (FA1D0)          0.05524    5.24691 f
  core/a3/add_1_root_add_16_2/U1_2/CO (FA1D0)          0.05524    5.30215 f
  core/a3/add_1_root_add_16_2/U1_3/CO (FA1D0)          0.05524    5.35740 f
  core/a3/add_1_root_add_16_2/U1_4/CO (FA1D0)          0.05524    5.41264 f
  core/a3/add_1_root_add_16_2/U1_5/CO (FA1D0)          0.05524    5.46788 f
  core/a3/add_1_root_add_16_2/U1_6/CO (FA1D0)          0.05524    5.52313 f
  core/a3/add_1_root_add_16_2/U1_7/S (FA1D0)           0.07686    5.59999 r
  core/exponent_add/U23/ZN (INVD1)                     0.01814    5.61813 f
  core/exponent_add/U13/Z (OR2D0)                      0.05436    5.67250 f
  core/exponent_add/U12/Z (OR2D0)                      0.05313    5.72563 f
  core/exponent_add/U11/Z (OR2D0)                      0.05311    5.77874 f
  core/exponent_add/U5/Z (OR2D0)                       0.05297    5.83171 f
  core/exponent_add/U4/ZN (NR2D0)                      0.04210    5.87381 r
  core/exponent_add/U3/ZN (CKND0)                      0.02691    5.90072 f
  core/exponent_add/U44/ZN (XNR2D1)                    0.05182    5.95254 r
  core/exponent_add/U24/Z (AO22D0)                     0.22583    6.17837 r
  core/U201/ZN (INVD1)                                 0.17538    6.35375 f
  core/U118/ZN (INVD1)                                 0.18287    6.53662 r
  core/U443/ZN (MUX2ND0)                               0.05535    6.59197 r
  core/U45/ZN (NR2D1)                                  0.02724    6.61920 f
  U146/ZN (NR4D0)                                      0.05792    6.67713 r
  U145/ZN (INR4D0)                                     0.07350    6.75063 r
  U170/ZN (ND4D1)                                      0.03847    6.78910 f
  U141/ZN (INR4D0)                                     0.06927    6.85837 r
  U147/ZN (INR2D1)                                     0.05621    6.91457 r
  U158/Z (AN2XD1)                                      0.16187    7.07644 r
  U44/Z (OR3D1)                                        0.07946    7.15590 r
  shared_wrapper/U3/Z (AN2XD1)                         0.03472    7.19062 r
  shared_wrapper/U35/CO (FA1D0)                        0.04798    7.23860 r
  shared_wrapper/U36/CO (FA1D0)                        0.05183    7.29043 r
  shared_wrapper/U37/CO (FA1D0)                        0.05183    7.34226 r
  shared_wrapper/U38/CO (FA1D0)                        0.05183    7.39408 r
  shared_wrapper/U39/CO (FA1D0)                        0.05183    7.44591 r
  shared_wrapper/U40/CO (FA1D0)                        0.05271    7.49862 r
  shared_wrapper/U50/Z (XOR3D1)                        0.06706    7.56569 f
  shared_wrapper/U48/Z (AO22D0)                        0.07712    7.64280 f
  result[30] (out)                                     0.00000    7.64280 f
  data arrival time                                               7.64280

  clock vclk (rise edge)                              10.00000   10.00000
  clock network delay (ideal)                          0.00000   10.00000
  clock reconvergence pessimism                        0.00000   10.00000
  output external delay                               -0.02000    9.98000
  data required time                                              9.98000
  ------------------------------------------------------------------------------
  data required time                                              9.98000
  data arrival time                                              -7.64280
  ------------------------------------------------------------------------------
  slack (MET)                                                     2.33720


  Startpoint: divide_mode
               (input port clocked by vclk)
  Endpoint: result[30] (output port clocked by vclk)
  Path Group: vclk
  Path Type: max

  Point                                                   Incr       Path
  ------------------------------------------------------------------------------
  clock vclk (rise edge)                               0.00000    0.00000
  clock network delay (ideal)                          0.00000    0.00000
  input external delay                                 0.02000    0.02000 r
  divide_mode (in)                                     0.01511    0.03511 r
  U222/ZN (INVD1)                                      0.07012    0.10524 f
  U140/ZN (INVD1)                                      0.17142    0.27666 r
  core/lod_a/U49/Z (OR2D1)                             0.06839    0.34505 r
  core/lod_a/U45/ZN (INR2D1)                           0.01563    0.36068 f
  core/lod_a/U24/ZN (NR3D0)                            0.06535    0.42604 r
  core/lod_a/U39/ZN (INR2D1)                           0.06231    0.48835 r
  core/lod_a/U48/ZN (ND2D1)                            0.03401    0.52235 f
  core/lod_a/U44/Z (AN3XD1)                            0.03713    0.55948 f
  core/lod_a/U16/ZN (IINR4D0)                          0.14309    0.70257 r
  core/lod_a/U42/Z (AN2XD1)                            0.05087    0.75343 r
  core/lod_a/U31/ZN (AOI21D1)                          0.02220    0.77564 f
  core/lod_a/U40/Z (AN3XD1)                            0.03940    0.81504 f
  core/lod_a/U19/ZN (AOI211XD0)                        0.06815    0.88319 r
  core/lod_a/U37/Z (AN3XD1)                            0.06377    0.94696 r
  core/lod_a/U36/ZN (ND2D1)                            0.03405    0.98101 f
  core/lod_a/U38/ZN (ND3D1)                            0.03470    1.01572 r
  core/lod_a/U17/ZN (IND4D2)                           0.14843    1.16415 f
  core/lod_a/U3/ZN (INVD1)                             0.08104    1.24519 r
  core/lod_a/U47/ZN (ND2D1)                            0.03902    1.28421 f
  core/lod_a/U46/ZN (ND3D1)                            0.02749    1.31170 r
  core/lod_a/U29/Z (AN4XD1)                            0.07193    1.38363 r
  core/lod_a/U28/Z (AN3XD1)                            0.04814    1.43177 r
  core/lod_a/U33/ZN (AOI31D1)                          0.02402    1.45579 f
  core/lod_a/U26/Z (AN3XD1)                            0.04775    1.50353 f
  core/lod_a/U25/Z (AN2XD1)                            0.02941    1.53294 f
  core/lod_a/U35/ZN (AOI21D1)                          0.04032    1.57326 r
  core/lod_a/U23/Z (AN2XD1)                            0.05426    1.62751 r
  core/lod_a/U22/Z (AN2XD1)                            0.03857    1.66609 r
  core/lod_a/U34/ZN (AOI21D1)                          0.02086    1.68695 f
  core/lod_a/U20/Z (AN3XD1)                            0.03564    1.72259 f
  core/lod_a/U27/ZN (AOI211XD0)                        0.06760    1.79019 r
  core/lod_a/U18/Z (AN2XD1)                            0.04369    1.83388 r
  core/lod_a/U50/ZN (ND2D1)                            0.02223    1.85610 f
  core/lod_a/U43/ZN (AOI32D1)                          0.03808    1.89419 r
  core/lod_a/U41/ZN (INR3D0)                           0.05522    1.94940 r
  core/lod_a/U4/ZN (ND4D1)                             0.13754    2.08694 f
  core/frac_a/U11/Z (CKBD1)                            0.10790    2.19485 f
  core/frac_a/U31/Z (MUX2D0)                           0.08206    2.27690 r
  core/frac_a/U72/ZN (MUX2ND0)                         0.02688    2.30378 f
  core/frac_a/U94/ZN (MUX2ND0)                         0.05372    2.35751 r
  core/frac_a/U95/ZN (MUX2ND0)                         0.03597    2.39347 f
  core/frac_a/U164/ZN (MUX2ND0)                        0.10151    2.49498 r
  core/coeff/U271/ZN (NR2D1)                           0.04258    2.53757 f
  core/coeff/U199/Z (AN2XD1)                           0.04372    2.58129 f
  core/coeff/U193/ZN (ND2D1)                           0.02616    2.60745 r
  core/coeff/U46/ZN (INVD1)                            0.01677    2.62422 f
  core/coeff/U37/ZN (INR4D0)                           0.06142    2.68564 r
  core/coeff/U39/ZN (ND4D1)                            0.05167    2.73731 f
  core/coeff/U26/ZN (INVD1)                            0.02544    2.76275 r
  core/coeff/U43/ZN (IND4D1)                           0.03925    2.80199 f
  core/coeff/U40/ZN (NR4D0)                            0.05878    2.86078 r
  core/coeff/U152/ZN (MOAI22D1)                        0.02929    2.89007 f
  core/b2/add_1_root_add_16_2/U1_0/CO (FA1D0)          0.08608    2.97616 f
  core/b2/add_1_root_add_16_2/U1_1/CO (FA1D0)          0.05420    3.03036 f
  core/b2/add_1_root_add_16_2/U1_2/CO (FA1D0)          0.05521    3.08557 f
  core/b2/add_1_root_add_16_2/U1_3/CO (FA1D0)          0.05524    3.14081 f
  core/b2/add_1_root_add_16_2/U1_4/CO (FA1D0)          0.05524    3.19606 f
  core/b2/add_1_root_add_16_2/U1_5/CO (FA1D0)          0.05524    3.25130 f
  core/b2/add_1_root_add_16_2/U1_6/CO (FA1D0)          0.05524    3.30655 f
  core/b2/add_1_root_add_16_2/U1_7/CO (FA1D0)          0.05524    3.36179 f
  core/b3/add_1_root_add_16_2/U1_0/CO (FA1D0)          0.05524    3.41704 f
  core/b3/add_1_root_add_16_2/U1_1/CO (FA1D0)          0.05524    3.47228 f
  core/b3/add_1_root_add_16_2/U1_2/CO (FA1D0)          0.05524    3.52753 f
  core/b3/add_1_root_add_16_2/U1_3/CO (FA1D0)          0.05524    3.58277 f
  core/b3/add_1_root_add_16_2/U1_4/CO (FA1D0)          0.05524    3.63801 f
  core/b3/add_1_root_add_16_2/U1_5/CO (FA1D0)          0.05524    3.69326 f
  core/b3/add_1_root_add_16_2/U1_6/CO (FA1D0)          0.05524    3.74850 f
  core/b3/add_1_root_add_16_2/U1_7/CO (FA1D0)          0.05524    3.80373 f
  core/a0/add_1_root_add_16_2/U1_0/CO (FA1D0)          0.05524    3.85897 f
  core/a0/add_1_root_add_16_2/U1_1/CO (FA1D0)          0.05524    3.91421 f
  core/a0/add_1_root_add_16_2/U1_2/CO (FA1D0)          0.05524    3.96945 f
  core/a0/add_1_root_add_16_2/U1_3/CO (FA1D0)          0.05524    4.02468 f
  core/a0/add_1_root_add_16_2/U1_4/CO (FA1D0)          0.05524    4.07992 f
  core/a0/add_1_root_add_16_2/U1_5/CO (FA1D0)          0.05524    4.13516 f
  core/a0/add_1_root_add_16_2/U1_6/CO (FA1D0)          0.05524    4.19039 f
  core/a0/add_1_root_add_16_2/U1_7/CO (FA1D0)          0.05524    4.24563 f
  core/a1/add_1_root_add_16_2/U1_0/CO (FA1D0)          0.05524    4.30087 f
  core/a1/add_1_root_add_16_2/U1_1/CO (FA1D0)          0.05524    4.35611 f
  core/a1/add_1_root_add_16_2/U1_2/CO (FA1D0)          0.05524    4.41136 f
  core/a1/add_1_root_add_16_2/U1_3/CO (FA1D0)          0.05524    4.46660 f
  core/a1/add_1_root_add_16_2/U1_4/CO (FA1D0)          0.05524    4.52185 f
  core/a1/add_1_root_add_16_2/U1_5/CO (FA1D0)          0.05524    4.57709 f
  core/a1/add_1_root_add_16_2/U1_6/CO (FA1D0)          0.05524    4.63234 f
  core/a1/add_1_root_add_16_2/U1_7/CO (FA1D0)          0.05524    4.68758 f
  core/a2/add_1_root_add_16_2/U1_0/CO (FA1D0)          0.05524    4.74283 f
  core/a2/add_1_root_add_16_2/U1_1/CO (FA1D0)          0.05524    4.79807 f
  core/a2/add_1_root_add_16_2/U1_2/CO (FA1D0)          0.05524    4.85331 f
  core/a2/add_1_root_add_16_2/U1_3/CO (FA1D0)          0.05524    4.90856 f
  core/a2/add_1_root_add_16_2/U1_4/CO (FA1D0)          0.05524    4.96380 f
  core/a2/add_1_root_add_16_2/U1_5/CO (FA1D0)          0.05524    5.01905 f
  core/a2/add_1_root_add_16_2/U1_6/CO (FA1D0)          0.05524    5.07429 f
  core/a2/add_1_root_add_16_2/U1_7/CO (FA1D0)          0.05524    5.12954 f
  core/a3/add_1_root_add_16_2/U1_0/CO (FA1D0)          0.05524    5.18478 f
  core/a3/add_1_root_add_16_2/U1_1/CO (FA1D0)          0.05524    5.24003 f
  core/a3/add_1_root_add_16_2/U1_2/CO (FA1D0)          0.05524    5.29527 f
  core/a3/add_1_root_add_16_2/U1_3/CO (FA1D0)          0.05524    5.35051 f
  core/a3/add_1_root_add_16_2/U1_4/CO (FA1D0)          0.05524    5.40576 f
  core/a3/add_1_root_add_16_2/U1_5/CO (FA1D0)          0.05524    5.46100 f
  core/a3/add_1_root_add_16_2/U1_6/CO (FA1D0)          0.05524    5.51625 f
  core/a3/add_1_root_add_16_2/U1_7/S (FA1D0)           0.07686    5.59311 r
  core/exponent_add/U23/ZN (INVD1)                     0.01814    5.61125 f
  core/exponent_add/U13/Z (OR2D0)                      0.05436    5.66561 f
  core/exponent_add/U12/Z (OR2D0)                      0.05313    5.71875 f
  core/exponent_add/U11/Z (OR2D0)                      0.05311    5.77186 f
  core/exponent_add/U5/Z (OR2D0)                       0.05297    5.82482 f
  core/exponent_add/U4/ZN (NR2D0)                      0.04210    5.86693 r
  core/exponent_add/U3/ZN (CKND0)                      0.02691    5.89384 f
  core/exponent_add/U44/ZN (XNR2D1)                    0.05182    5.94566 r
  core/exponent_add/U24/Z (AO22D0)                     0.22583    6.17148 r
  core/U201/ZN (INVD1)                                 0.17538    6.34687 f
  core/U118/ZN (INVD1)                                 0.18287    6.52974 r
  core/U441/ZN (MUX2ND0)                               0.05535    6.58508 r
  core/U38/ZN (NR2D1)                                  0.02737    6.61245 f
  U146/ZN (NR4D0)                                      0.06225    6.67471 r
  U145/ZN (INR4D0)                                     0.07350    6.74821 r
  U170/ZN (ND4D1)                                      0.03847    6.78668 f
  U141/ZN (INR4D0)                                     0.06927    6.85595 r
  U147/ZN (INR2D1)                                     0.05621    6.91215 r
  U158/Z (AN2XD1)                                      0.16187    7.07402 r
  U44/Z (OR3D1)                                        0.07946    7.15348 r
  shared_wrapper/U3/Z (AN2XD1)                         0.03472    7.18820 r
  shared_wrapper/U35/CO (FA1D0)                        0.04798    7.23618 r
  shared_wrapper/U36/CO (FA1D0)                        0.05183    7.28801 r
  shared_wrapper/U37/CO (FA1D0)                        0.05183    7.33984 r
  shared_wrapper/U38/CO (FA1D0)                        0.05183    7.39166 r
  shared_wrapper/U39/CO (FA1D0)                        0.05183    7.44349 r
  shared_wrapper/U40/CO (FA1D0)                        0.05271    7.49620 r
  shared_wrapper/U50/Z (XOR3D1)                        0.06706    7.56327 f
  shared_wrapper/U48/Z (AO22D0)                        0.07712    7.64038 f
  result[30] (out)                                     0.00000    7.64038 f
  data arrival time                                               7.64038

  clock vclk (rise edge)                              10.00000   10.00000
  clock network delay (ideal)                          0.00000   10.00000
  clock reconvergence pessimism                        0.00000   10.00000
  output external delay                               -0.02000    9.98000
  data required time                                              9.98000
  ------------------------------------------------------------------------------
  data required time                                              9.98000
  data arrival time                                              -7.64038
  ------------------------------------------------------------------------------
  slack (MET)                                                     2.33962


  Startpoint: divide_mode
               (input port clocked by vclk)
  Endpoint: result[30] (output port clocked by vclk)
  Path Group: vclk
  Path Type: max

  Point                                                   Incr       Path
  ------------------------------------------------------------------------------
  clock vclk (rise edge)                               0.00000    0.00000
  clock network delay (ideal)                          0.00000    0.00000
  input external delay                                 0.02000    0.02000 r
  divide_mode (in)                                     0.01511    0.03511 r
  U222/ZN (INVD1)                                      0.07012    0.10524 f
  U140/ZN (INVD1)                                      0.17142    0.27666 r
  core/lod_a/U49/Z (OR2D1)                             0.06839    0.34505 r
  core/lod_a/U45/ZN (INR2D1)                           0.01563    0.36068 f
  core/lod_a/U24/ZN (NR3D0)                            0.06535    0.42604 r
  core/lod_a/U39/ZN (INR2D1)                           0.06231    0.48835 r
  core/lod_a/U48/ZN (ND2D1)                            0.03401    0.52235 f
  core/lod_a/U44/Z (AN3XD1)                            0.03713    0.55948 f
  core/lod_a/U16/ZN (IINR4D0)                          0.14309    0.70257 r
  core/lod_a/U42/Z (AN2XD1)                            0.05087    0.75343 r
  core/lod_a/U31/ZN (AOI21D1)                          0.02220    0.77564 f
  core/lod_a/U40/Z (AN3XD1)                            0.03940    0.81504 f
  core/lod_a/U19/ZN (AOI211XD0)                        0.06815    0.88319 r
  core/lod_a/U37/Z (AN3XD1)                            0.06377    0.94696 r
  core/lod_a/U36/ZN (ND2D1)                            0.03405    0.98101 f
  core/lod_a/U38/ZN (ND3D1)                            0.03470    1.01572 r
  core/lod_a/U17/ZN (IND4D2)                           0.14843    1.16415 f
  core/lod_a/U3/ZN (INVD1)                             0.08104    1.24519 r
  core/lod_a/U47/ZN (ND2D1)                            0.03902    1.28421 f
  core/lod_a/U46/ZN (ND3D1)                            0.02749    1.31170 r
  core/lod_a/U29/Z (AN4XD1)                            0.07193    1.38363 r
  core/lod_a/U28/Z (AN3XD1)                            0.04814    1.43177 r
  core/lod_a/U33/ZN (AOI31D1)                          0.02402    1.45579 f
  core/lod_a/U26/Z (AN3XD1)                            0.04775    1.50353 f
  core/lod_a/U25/Z (AN2XD1)                            0.02941    1.53294 f
  core/lod_a/U35/ZN (AOI21D1)                          0.04032    1.57326 r
  core/lod_a/U23/Z (AN2XD1)                            0.05426    1.62751 r
  core/lod_a/U22/Z (AN2XD1)                            0.03857    1.66609 r
  core/lod_a/U34/ZN (AOI21D1)                          0.02086    1.68695 f
  core/lod_a/U20/Z (AN3XD1)                            0.03564    1.72259 f
  core/lod_a/U27/ZN (AOI211XD0)                        0.06760    1.79019 r
  core/lod_a/U18/Z (AN2XD1)                            0.04369    1.83388 r
  core/lod_a/U50/ZN (ND2D1)                            0.02223    1.85610 f
  core/lod_a/U43/ZN (AOI32D1)                          0.03808    1.89419 r
  core/lod_a/U41/ZN (INR3D0)                           0.05522    1.94940 r
  core/lod_a/U4/ZN (ND4D1)                             0.13754    2.08694 f
  core/frac_a/U11/Z (CKBD1)                            0.10790    2.19485 f
  core/frac_a/U32/Z (MUX2D0)                           0.08206    2.27690 r
  core/frac_a/U93/ZN (MUX2ND0)                         0.03376    2.31067 f
  core/frac_a/U94/ZN (MUX2ND0)                         0.04425    2.35492 r
  core/frac_a/U95/ZN (MUX2ND0)                         0.03597    2.39088 f
  core/frac_a/U164/ZN (MUX2ND0)                        0.10151    2.49239 r
  core/coeff/U271/ZN (NR2D1)                           0.04258    2.53498 f
  core/coeff/U199/Z (AN2XD1)                           0.04372    2.57870 f
  core/coeff/U193/ZN (ND2D1)                           0.02616    2.60486 r
  core/coeff/U46/ZN (INVD1)                            0.01677    2.62163 f
  core/coeff/U37/ZN (INR4D0)                           0.06142    2.68305 r
  core/coeff/U39/ZN (ND4D1)                            0.05167    2.73472 f
  core/coeff/U26/ZN (INVD1)                            0.02544    2.76016 r
  core/coeff/U43/ZN (IND4D1)                           0.03925    2.79940 f
  core/coeff/U40/ZN (NR4D0)                            0.05878    2.85819 r
  core/coeff/U152/ZN (MOAI22D1)                        0.02929    2.88748 f
  core/b2/add_1_root_add_16_2/U1_0/CO (FA1D0)          0.08608    2.97357 f
  core/b2/add_1_root_add_16_2/U1_1/CO (FA1D0)          0.05420    3.02777 f
  core/b2/add_1_root_add_16_2/U1_2/CO (FA1D0)          0.05521    3.08298 f
  core/b2/add_1_root_add_16_2/U1_3/CO (FA1D0)          0.05524    3.13822 f
  core/b2/add_1_root_add_16_2/U1_4/CO (FA1D0)          0.05524    3.19347 f
  core/b2/add_1_root_add_16_2/U1_5/CO (FA1D0)          0.05524    3.24871 f
  core/b2/add_1_root_add_16_2/U1_6/CO (FA1D0)          0.05524    3.30396 f
  core/b2/add_1_root_add_16_2/U1_7/CO (FA1D0)          0.05524    3.35920 f
  core/b3/add_1_root_add_16_2/U1_0/CO (FA1D0)          0.05524    3.41445 f
  core/b3/add_1_root_add_16_2/U1_1/CO (FA1D0)          0.05524    3.46969 f
  core/b3/add_1_root_add_16_2/U1_2/CO (FA1D0)          0.05524    3.52494 f
  core/b3/add_1_root_add_16_2/U1_3/CO (FA1D0)          0.05524    3.58018 f
  core/b3/add_1_root_add_16_2/U1_4/CO (FA1D0)          0.05524    3.63542 f
  core/b3/add_1_root_add_16_2/U1_5/CO (FA1D0)          0.05524    3.69067 f
  core/b3/add_1_root_add_16_2/U1_6/CO (FA1D0)          0.05524    3.74591 f
  core/b3/add_1_root_add_16_2/U1_7/CO (FA1D0)          0.05524    3.80114 f
  core/a0/add_1_root_add_16_2/U1_0/CO (FA1D0)          0.05524    3.85638 f
  core/a0/add_1_root_add_16_2/U1_1/CO (FA1D0)          0.05524    3.91162 f
  core/a0/add_1_root_add_16_2/U1_2/CO (FA1D0)          0.05524    3.96686 f
  core/a0/add_1_root_add_16_2/U1_3/CO (FA1D0)          0.05524    4.02209 f
  core/a0/add_1_root_add_16_2/U1_4/CO (FA1D0)          0.05524    4.07733 f
  core/a0/add_1_root_add_16_2/U1_5/CO (FA1D0)          0.05524    4.13257 f
  core/a0/add_1_root_add_16_2/U1_6/CO (FA1D0)          0.05524    4.18780 f
  core/a0/add_1_root_add_16_2/U1_7/CO (FA1D0)          0.05524    4.24304 f
  core/a1/add_1_root_add_16_2/U1_0/CO (FA1D0)          0.05524    4.29828 f
  core/a1/add_1_root_add_16_2/U1_1/CO (FA1D0)          0.05524    4.35352 f
  core/a1/add_1_root_add_16_2/U1_2/CO (FA1D0)          0.05524    4.40877 f
  core/a1/add_1_root_add_16_2/U1_3/CO (FA1D0)          0.05524    4.46401 f
  core/a1/add_1_root_add_16_2/U1_4/CO (FA1D0)          0.05524    4.51926 f
  core/a1/add_1_root_add_16_2/U1_5/CO (FA1D0)          0.05524    4.57450 f
  core/a1/add_1_root_add_16_2/U1_6/CO (FA1D0)          0.05524    4.62975 f
  core/a1/add_1_root_add_16_2/U1_7/CO (FA1D0)          0.05524    4.68499 f
  core/a2/add_1_root_add_16_2/U1_0/CO (FA1D0)          0.05524    4.74023 f
  core/a2/add_1_root_add_16_2/U1_1/CO (FA1D0)          0.05524    4.79548 f
  core/a2/add_1_root_add_16_2/U1_2/CO (FA1D0)          0.05524    4.85072 f
  core/a2/add_1_root_add_16_2/U1_3/CO (FA1D0)          0.05524    4.90597 f
  core/a2/add_1_root_add_16_2/U1_4/CO (FA1D0)          0.05524    4.96121 f
  core/a2/add_1_root_add_16_2/U1_5/CO (FA1D0)          0.05524    5.01646 f
  core/a2/add_1_root_add_16_2/U1_6/CO (FA1D0)          0.05524    5.07170 f
  core/a2/add_1_root_add_16_2/U1_7/CO (FA1D0)          0.05524    5.12695 f
  core/a3/add_1_root_add_16_2/U1_0/CO (FA1D0)          0.05524    5.18219 f
  core/a3/add_1_root_add_16_2/U1_1/CO (FA1D0)          0.05524    5.23743 f
  core/a3/add_1_root_add_16_2/U1_2/CO (FA1D0)          0.05524    5.29268 f
  core/a3/add_1_root_add_16_2/U1_3/CO (FA1D0)          0.05524    5.34792 f
  core/a3/add_1_root_add_16_2/U1_4/CO (FA1D0)          0.05524    5.40317 f
  core/a3/add_1_root_add_16_2/U1_5/CO (FA1D0)          0.05524    5.45841 f
  core/a3/add_1_root_add_16_2/U1_6/CO (FA1D0)          0.05524    5.51366 f
  core/a3/add_1_root_add_16_2/U1_7/S (FA1D0)           0.07686    5.59052 r
  core/exponent_add/U23/ZN (INVD1)                     0.01814    5.60866 f
  core/exponent_add/U13/Z (OR2D0)                      0.05436    5.66302 f
  core/exponent_add/U12/Z (OR2D0)                      0.05313    5.71616 f
  core/exponent_add/U11/Z (OR2D0)                      0.05311    5.76927 f
  core/exponent_add/U5/Z (OR2D0)                       0.05297    5.82223 f
  core/exponent_add/U4/ZN (NR2D0)                      0.04210    5.86434 r
  core/exponent_add/U3/ZN (CKND0)                      0.02691    5.89125 f
  core/exponent_add/U44/ZN (XNR2D1)                    0.05182    5.94307 r
  core/exponent_add/U24/Z (AO22D0)                     0.22583    6.16889 r
  core/U201/ZN (INVD1)                                 0.17538    6.34428 f
  core/U118/ZN (INVD1)                                 0.18287    6.52715 r
  core/U439/ZN (MUX2ND0)                               0.05535    6.58249 r
  core/U37/ZN (NR2D1)                                  0.02756    6.61005 f
  U146/ZN (NR4D0)                                      0.06450    6.67455 r
  U145/ZN (INR4D0)                                     0.07350    6.74806 r
  U170/ZN (ND4D1)                                      0.03847    6.78653 f
  U141/ZN (INR4D0)                                     0.06927    6.85579 r
  U147/ZN (INR2D1)                                     0.05621    6.91200 r
  U158/Z (AN2XD1)                                      0.16187    7.07387 r
  U44/Z (OR3D1)                                        0.07946    7.15333 r
  shared_wrapper/U3/Z (AN2XD1)                         0.03472    7.18805 r
  shared_wrapper/U35/CO (FA1D0)                        0.04798    7.23603 r
  shared_wrapper/U36/CO (FA1D0)                        0.05183    7.28786 r
  shared_wrapper/U37/CO (FA1D0)                        0.05183    7.33968 r
  shared_wrapper/U38/CO (FA1D0)                        0.05183    7.39151 r
  shared_wrapper/U39/CO (FA1D0)                        0.05183    7.44334 r
  shared_wrapper/U40/CO (FA1D0)                        0.05271    7.49605 r
  shared_wrapper/U50/Z (XOR3D1)                        0.06706    7.56311 f
  shared_wrapper/U48/Z (AO22D0)                        0.07712    7.64023 f
  result[30] (out)                                     0.00000    7.64023 f
  data arrival time                                               7.64023

  clock vclk (rise edge)                              10.00000   10.00000
  clock network delay (ideal)                          0.00000   10.00000
  clock reconvergence pessimism                        0.00000   10.00000
  output external delay                               -0.02000    9.98000
  data required time                                              9.98000
  ------------------------------------------------------------------------------
  data required time                                              9.98000
  data arrival time                                              -7.64023
  ------------------------------------------------------------------------------
  slack (MET)                                                     2.33977

Warning: report_timing has satisfied the max_paths criteria. There are 31 further endpoints which have paths of interest with slack less than 1000.00000 that were not considered when generating this report. (UITE-502)

1
