40391000
3f567800
40275800
3f916400
4033b800
3fa46800
40494000
3f4ae800
3fdc0000
3f4dc000
3f9ba000
3f92c000
402fe000
3f57a000
3fe46000
3fc22400
402f6000
3fac1000
3fe88000
3f578000
3ffe7000
3f0f7800
4002e000
3fa3d800
40035000
3f58e800
40018800
3f79a000
4049b000
3f97c000
403d0000
3f93b400
403d0000
3f645800
4048d000
3f66a800
4030c000
3f93b400
40081000
3f423000
401f5800
3fbdd400
3fb27000
3f614000
3fc8f000
3fa30000
40316800
3f8e8000
3ff6e000
3f614000
40120800
3f67d000
40044000
3f962c00
40416000
3f97c000
3fe10000
3f994000
3ffd6000
3febf000
406e7000
3f84ac00
3ffe1000
3f49a000
40458800
3f90d000
402ca000
3f45b000
40256000
3fac6800
4000c000
3f8f8000
3fb8b000
3f7b4000
404e1000
3f4c1000
402ad800
3f332800
3fe6c000
3f1fb800
40093000
3f1a3800
3fe90000
3f12a000
3fc6c000
3f322000
3f96f000
3f8c4000
3fb18000
3f3a4000
402bd000
3f371800
3fb9a000
3f3be000
4002a000
3f883000
402a6800
3f89e000
3fd4d000
3f9ae000
3ff5b000
3fd04800
400db000
3f187800
401d7800
3f36c800
40263000
3fa0b000
3fb7c000
3f835000
40103000
3fdaa800
400b4000
3fd35800
4008d800
3fbffc00
4040f000
3f57a000
404fd000
3f4e6000
3ff05000
3f471800
40515800
3f91f800
3f9ce000
3f766000
4040b800
3f620800
3fdd9000
3f883000
401f6800
3f41c800
4051c800
3f4f8800
400fe800
3fa59c00
3fd5b000
3f1cd800
3fde3000
3f79a000
40398000
3f916400
403b0800
3f8c3000
3f9d3000
3f696000
3ff4c000
3f994800
3ffa4000
3fc56000
40230000
3f4b2800
3fcd5000
3f8f8000
3fb3b000
3f578000
3febf000
3f8b7000
4008f800
3f539000
3fdb6000
3f939000
40435800
3f8c3000
3fe1a000
3fa3d000
3ff91000
3f1f0000
3fc6c000
3f356000
3fab9000
3f426000
3fd43000
3f265800
3f9a1000
3f8b7000
4027f800
3fb65400
3fcd0000
3f274800
3fc67000
3f6fe000
3fd2f000
3f9ef000
4009d000
3f2d9000
3f951000
3f876000
401d2800
3f249800
4049b000
3f489800
3fad2000
3f801000
40527000
3f792800
403a2800
3f866800
3fae6000
3f696000
4022d000
3fa9f800
3fe97000
3f592000
4024e000
3f979400
3fe44000
3f43c000
40075800
3fa0e800
400ef000
3f810000
400d1000
3f3bb000
4042b000
3f6d9800
400c5800
3f20d000
400fb000
3f6d0800
40523800
3f723800
402a3000
3f8c3000
40158000
3fac1c00
4032a000
3fb4d800
40360000
3f8cc400
40471000
3f91f800
4004d800
3f38d000
4006c000
3f469800
400b4800
3fad4400
40266800
3f341800
40507800
3f89e000
3fd30000
3f2eb000
40500800
3f9aa400
3f8bb000
3f84f000
4047f000
3f813400
405e7800
3f5b1800
4061c000
3f8cc400
4039f000
3f5b1800
3fd11000
3f45a000
3fd95000
3fbba400
40569800
3f7ca000
400a0000
3f1b6000
40133800
3f84ac00
3fdd4000
3f3be000
403d7000
3f736000
405cb800
3f93b400
4018f800
3fa0e000
40474800
3f8dec00
400a3800
3fbdb400
40161000
3f866800
3faff000
3f7b4000
40186800
3f666800
401fd000
3faaa000
40662000
3f711000
40077000
3f489000
401f6000
3fb46400
401e1000
3f962000
40129000
3f6fb000
3ffa7000
3f52c800
40025000
3f85c000
3ff9d000
3f2e6800
4036e000
3f4e6000
4027b000
3f393000
400bc800
3f46d000
40239800
3fa54000
400da800
3fc29400
403f6800
3f82f000
3ffef000
3f2b2800
400ce000
3f453000
3fbc7000
3f55e000
40251000
3f5ae800
402bb800
3f838400
401c3000
3f1ac000
40317800
3f48b000
4000b800
3f350000
40440000
3f3f5800
40300000
3f439800
3f9ec000
3f953000
3fab9000
3f62e000
3ff65000
3fe13400
40125800
3f27c000
3fd1b000
3f5c6000
3fda7000
3fa09000
40236000
3fa08800
3fd79000
3f2b7000
4013c000
3f1ca000
401ed000
3f89e000
3ff9e000
3fcc0c00
402a1800
3f423800
3fb2c000
3f45a000
40458800
3f477000
40121800
3f203800
3fec4000
3fca9800
400d8800
3f98ec00
3fed6000
3fe03c00
3fd38000
3fb79400
403a6000
3f854000
3f9a1000
3f801000
405a8800
3f916400
400ba800
3f03f800
40471000
3fa35000
40074800
3f152000
4019c800
3f85d400
3fed4000
3f16e800
40597000
3f6ec000
3ffbc000
3fddc800
4010c800
3fd3fc00
403c9000
3f6b4800
3fe33000
3fa16000
404dd800
3f6a2000
40076000
3f9c3000
40202800
3f989000
402e9000
3f6fe800
401dc000
3fc6c800
402e2000
3f932000
3fb04000
3f662000
400eb800
3f0e2800
405eb000
3f89e000
40243800
3f2dd800
40077000
3f430000
3fa6e000
3f9e2000
40298800
3f903c00
40440000
3f792800
402f0000
3f838400
40280800
3f4e2800
3fec8000
3f0b7000
401a1000
3f26b000
3fd4d000
3f960000
402d7800
3f882400
40057000
3efef000
405f2000
3f8c3000
400de000
3f5b5000
3fb9f000
3f96d000
40274000
3faa2000
4004d000
3fd5cc00
40082800
3f669000
40424000
3f894c00
3f965000
3f89d000
3fc08000
3f828000
4024d000
3fb43800
4037e800
3f3fc000
40750000
3f7dc800
40122000
3fbce000
40357800
3f430000
40026800
3f44c000
40618800
3f748800
3ff2f000
3fb51c00
40057800
3fc0a400
3ffae000
3f197000
3fc58000
3f8aa000
40590000
3f68f800
3fdc0000
3fa64000
4004e800
3fb1ac00
3fb95000
3f9fc000
406c4000
3f748800
40221000
3f9c2400
4015c800
3f538800
3fc8a000
3f440000
3fa05000
3f89d000
3fda7000
3fa57000
400d5800
3f200000
40208800
3fbabc00
405d9800
3f792800
3f906000
3f732000
3fc8a000
3f994000
3ff1d000
3f25d800
40279000
3f658000
3f875000
3f890000
3fea6000
3f578000
3fc99000
3faf3000
4009f800
3f835000
401db000
3f5fe800
3fbcc000
3fa8b000
3ff50000
3f828000
404dd800
3f6ec000
402aa000
3f6ec000
3fbd1000
3fa30000
40133800
3f4b5000
3fd74000
3f1ff800
40039800
3fdba800
40200000
3fc09800
3ffe9000
3fbb4800
3ffce000
3f0d2800
40416000
3f8fa800
4017e000
3f550800
3fb36000
3f883000
40163800
3f201800
401e2800
3f7dc800
405c4800
3f813400
40489800
3f408000
401b0000
3f940400
400bc800
3f693800
40000800
3f48d000
40500800
3f57a000
3fbdb000
3f8aa000
3fedc000
3f33c000
4019a000
3fa1b000
3ff59000
3f534000
4002b800
3fcabc00
3fdb6000
3fc8a800
400ef000
3f9a8c00
401a4800
3f63f800
4005c000
3f029800
3fb54000
3f4c2000
40004800
3f480000
404e4800
3f8b0800
400dd800
3f439000
3ff03000
3f34e800
40269000
3f361000
403fa000
3f9d8800
3fd07000
3f2ee000
3fe9f000
3f343800
40478000
3f9bcc00
40685000
3f838400
4016e800
3f4f2000
40085800
3f041800
404f2800
3f825c00
4045c000
3f7dc800
3fea6000
3f883000
3fe0f000
3fcbe800
4057b000
3f620800
3ffd6000
3fe35000
403e1800
3f9c6000
3fb2c000
3f81b000
401e1000
3f37f000
402f0000
3f800c00
40171000
3f42d800
3faf5000
3f6b0000
3ff6e000
3f6e4000
40094800
3f008000
405ac000
3f6b4800
405e0800
3f645800
3fc8a000
3f91f000
3ffa2000
3f054800
40359000
3f90d000
3feac000
3f27f000
3fe47000
3fa96800
3fdb6000
3f84f000
40047800
3f924400
40168800
3f3cf000
40378800
3f80a000
40230000
3f38f800
40328000
3f86fc00
3fb36000
3f8b7000
40133000
3fb24c00
400f8000
3f46b000
3fd14000
3fb40000
4007e000
3f1bd800
4017d000
3f265800
3fcb1000
3f385000
3fe35000
3fa89800
4006c800
3f223800
403da800
3f5c4000
40003000
3fb2a800
4049b000
3f9eb000
3f965000
3f912000
4044a800
3f7ca000
3fe55000
3f170800
4013f800
3f19d800
3fd4b000
3f1fa000
3ff2d000
3f718000
3fca8000
3f370000
3ff6e000
3f842000
40248000
3f6fe800
40116800
3fe03000
40024000
3fbc9400
403f3000
3f4ae800
40328000
3f620800
3fc35000
3fa4a000
3fec6000
3f110000
40424000
3f7dc800
3fca8000
3f8f8000
40354000
3f3f1000
3fd20000
3fb4d000
406dc800
3f7dc800
401a5000
3f3a0800
3fbe5000
3f370000
4004b000
3fba4c00
40297000
3faf5400
3fdeb000
3f249800
4034b000
3f469800
4053c000
3f928c00
40730800
3f866800
4014f800
3f1fc000
4031c800
3fa5e000
40069800
3f4f4800
3fbe0000
3f3d8000
401b0800
3f270800
402ec800
3f93b400
40272000
3f457800
40577800
3f957000
40298800
3f89e000
40535000
3f8fa800
3ffd9000
3f59d800
402c2800
3f932000
3ff17000
3f1b3000
3ff0b000
3f2b6800
3fed8000
3f876000
3ff28000
3f50f000
40291800
3f928c00
3ff19000
3f491000
40223000
3fcb5400
3ffd1000
3fc9c400
4019b000
3fd20400
4000e800
3f8b7000
40404800
3f8a7400
403de000
3f633000
404ac800
3f4ae800
4011a800
3fa54800
4036e000
3f5e9000
404fd000
3f838400
405c4800
3f8f1400
4012f800
3f18b000
3fd07000
3f5fa000
4045f800
3f6c7000
4023d800
3fb17400
40139000
3fac7000
40314800
3f4f6800
40523800
3f8f1400
40317000
3f35b000
403bb000
3f4e6000
40036000
3fa76c00
403de000
3f88b800
404fd000
3f4c1000
400ff800
3f37a000
3fe01000
3f801000
40073800
3f5cb800
3fb09000
3f510000
400a9000
3f19c000
400fb800
3f43e800
40474800
3fa2bc00
40101000
3f5ec800
3fc8a000
3f960000
40124000
3f650800
3fcc0000
3f378000
40129000
3f727800
401bc000
3f8a7400
40207800
3f247800
3f983000
3f8c4000
40073800
3f882c00
3fd4d000
3f5ac000
4010d000
3f81c800
3fcf8000
3fbe9400
40164000
3f169800
3fff9000
3f1ce800
3fdbb000
3f5e0000
40085800
3f592000
4026c800
3f2d6000
400e6000
3fbeac00
402a2000
3fbb8800
4012f800
3f6bc000
40084800
3fbf2c00
402ae800
3f4e0800
3fe1f000
3f8eb000
3fb3b000
3f5e0000
4025d800
3f2e3000
3fc76000
3f4a8000
401b1800
3f7a5000
40404800
3f5b1800
401e1000
3f1e3800
3fdd3000
3fd4dc00
40058800
3fb27c00
40138000
3f132000
3ff83000
3f1f0000
4037f000
3faff400
3f9e2000
3f994000
3fdd4000
3f7ce000
3fe66000
3f1bc800
40048800
3fcb3800
4050e800
3f879000
402d9800
3f389800
3ff32000
3fa1e800
40167000
3fd76400
4002f800
3f271800
40315800
3f4d7000
40123800
3f353000
3fd68000
3fbbf800
40344000
3f928c00
40225800
3f447000
40148000
3f1fc000
405f5800
3f60e000
40394800
3f997c00
40589000
3f6a2000
3fcd5000
3fa98000
402a6800
3f6c7000
3f92e000
3f6ca000
40383000
3f916400
4016d800
3f2eb000
403d7000
3f76d800
3fb27000
3f876000
40196000
3f4be000
3ffd2000
3f8d1000
40427800
3f477000
3ff91000
3f62e000
3ff8b000
3fd4ac00
4006d800
3fe92800
40184000
3f838400
4038d800
3f944800
40206800
3f59e000
3fbf4000
3f3be000
4036e000
3f7a5000
4061f800
3f825c00
40123800
3f40a800
401d0800
3f295800
4019d000
3f89c400
40156800
3f5a4000
3ff2d000
3f5e0000
3ff1e000
3f15a000
40081000
3f1d0000
4003c800
3f47e000
404e8000
3f882400
401a5000
3f88f400
400a3000
3fcb0c00
4026c000
3f3ad000
4009e800
3f62f800
401e1800
3fca5c00
3fcfd000
3fbe9400
40052000
3fed6400
40101800
3fce7400
4015a000
3f7a5000
40394800
3f633000
400f1800
3f645800
400f6800
3f328800
3fe5d000
3f2ff000
3fe24000
3f662000
3fe15000
3f912000
404ef000
3f489800
3fca6000
3f372800
402bf000
3f5d6800
40574000
3f838400
40486000
3f7ef000
3fca3000
3f33c000
3fe1c000
3fb7e400
403c5800
3f969800
3fc53000
3f835000
406ee000
3f711000
40531800
3f780000
40316800
3f841800
404dd800
3f88b800
3fa87000
3f939000
400bf800
3f123800
3ff1e000
3f766000
3f93d000
3f67c000
40507800
3f6d9800
4009e800
3fa42800
40082800
3f9dd000
3fed7000
3fab3000
40124800
3f65d800
40319800
3fb7f000
3f89d000
3f890000
405cb800
3f5c4000
40742000
3f7ef000
40244800
3f80a000
3fea6000
3f8de000
40342000
3fab1400
4024a000
3f46c000
3fc85000
3f2e7800
3fc15000
3f2bd000
401ff800
3f99b400
4001c000
3fd74400
404e4800
3f8a7400
404e1000
3f6ec000
4015c000
3fcf1800
3fe13000
3f22f800
401d7000
3f32d800
4043c800
3f960400
3fd02000
3fa4a000
40107800
3f554800
40398000
3f93b400
4003f800
3febc400
3fcdf000
3fad9000
3fb45000
3f9e2000
3fa55000
3f9d5000
40531800
3f86fc00
401e9000
3f981400
402b8000
3f5b1800
3fd8d000
3fbad400
400a2000
3f5d6800
40155000
3f62f000
403c2000
3f67d000
3f92e000
3f81b000
4024f000
3f80a000
4021a800
3f780000
3fa2d000
3f592000
40022800
3f459000
3fd20000
3f544000
3ffaf000
3f5fa000
405b3000
3f88b800
40040800
3f516000
405ba000
3f7ef000
3fb63000
3fa98000
406b6000
3f780000
402f7000
3f8b9c00
3fb77000
3f84f000
4009d800
3f902400
3ffbe000
3f5fa000
403c9000
3f5fb800
40394800
3f800c00
4006d000
3fd71800
3fc0d000
3f8c4000
40252800
3f736000
4005b000
3f605000
4028a800
3f68f800
3fce4000
3faa5000
4008e000
3fc0cc00
401b8800
3fb17800
4029f800
3f546800
40478000
3f723800
40216000
3f9c2400
3fd10000
3fb5f400
402fe000
3f854000
400ee000
3f251800
3fe89000
3fd2bc00
40371800
3f5c4000
3fbbd000
3f890000
402e1800
3f50b000
404c8800
3f9c6000
3f9bf000
3f766000
400ce000
3f155800
40275800
3f80a000
4045f800
3f489800
400a5000
3fd28800
40093800
3f196800
4046d800
3f567800
4008c800
3fc6a800
4054a000
3f8b0800
3fb27000
3f6ca000
3fded000
3f84f000
405ba000
3f5e9000
3fb59000
3f9ef000
3fc28000
3f2fc000
3fbfe000
3f308000
3fd3e000
3f6b0000
3fc49000
3f905000
40256000
3f879000
3fec9000
3f55e000
402a9800
3f482000
3fe6e000
3f23a800
4005a800
3fbcbc00
40247000
3fbf9c00
3feb2000
3f343800
3fafa000
3f8de000
3fda4000
3fc51400
40212000
3f1fb800
402e9000
3f5e9000
4054a000
3f841800
3ff46000
3f67c000
400da800
3f803000
3fce9000
3fa57000
400c3000
3fb2cc00
401dd000
3fce4400
3f8d4000
3f766000
3ff4d000
3fbf5c00
3fd57000
3fabf000
3ff00000
3f9cb400
402f4000
3fa49400
3fe92000
3f994000
40240800
3f498800
3fa3c000
3f6fe000
3ff2d000
3f8c4000
400c6800
3f0f7000
401e9000
3f611000
40058800
3f9bb400
4053f800
3f86fc00
3f80c000
3f84f000
3ffdb000
3f2ec000
3fa0f000
3f987000
3f8d4000
3f766000
4029f800
3f748800
3fca3000
3facc000
40796000
3f7ef000
400c5000
3fc2e800
400ad800
3f512000
403ef800
3f84ac00
40447000
3f489800
40274000
3face400
4043c800
3f4d3800
402db000
3f7dc800
3feb0000
3f4a8000
4032b800
3f567800
406a8000
3f86fc00
3fe71000
3fcd3400
40024000
3f3c1000
3fe2b000
3fb01400
3fe27000
3f475800
40119000
3fb68800
3fe24000
3f939000
401bc000
3f894c00
40267000
3fb2c000
405af800
3f723800
404c1800
3f736000
40135800
3f262000
4010a000
3fdaa800
3ff59000
3f0e7000
3fe1d000
3fbc9c00
40260800
3f66a800
40244800
3f620800
3fe51000
3f4f6000
4004e800
3f4fc000
3fd93000
3f419000
3fed3000
3f9ae000
3fe82000
3fcff800
401a4000
3f9dc800
40419800
3f7a5000
405c8000
3f8a7400
40159800
3f415800
402e9000
3f838400
40642800
3f88b800
40085000
3f4fa000
40391000
3f489800
406ee000
3f7ef000
40394800
3f51d800
4013c000
3fc9e400
3ffbe000
3f92c000
4007e000
3f300000
3ff47000
3f46a000
401cd800
3f89e000
4024f000
3f8b0800
40170800
3f87a800
400ad000
3f5d6800
40192000
3f88b800
40427800
3f8f1400
40110800
3f3f8000
4024b800
3f882400
403da800
3f6fe800
40052800
3fd76c00
3fe45000
3f45b800
4004f800
3f924400
3fd25000
3f8c4000
4038d800
3f530000
3fe91000
3fc82800
3fb54000
3f8eb000
4010e800
3f166000
40002000
3f81b000
405c1000
3f916400
400b5000
3fc7f400
40082800
3f526800
4018b800
3fb5b400
401aa800
3f3ec800
3fc49000
3f8f8000
404c8800
3f8cc400
3f84d000
3f842000
3fbcc000
3f883000
3fefb000
3f696000
40404800
3f86fc00
3fcbc000
3f835000
4051c800
3f7ca000
40087000
3f1d0000
401b0800
3f632800
3fd5c000
3f426000
400f5000
3fd38000
3ff73000
3f648000
4055b800
3f6b4800
3fc5d000
3f939000
40665800
3f780000
40236800
3f711000
3ff01000
3f1b3000
405f5800
3f6a2000
40458800
3f3ab800
3fd84000
3f8b7000
40117000
3f192800
40339000
3fafcc00
40027000
3f4c4800
4004b000
3f471000
3fb31000
3fa16000
4000d800
3fd0ec00
3fd84000
3f766000
405ee800
3f8b0800
400ea800
3f95d400
40109000
3f1de800
4059e000
3f8c3000
3fc72000
3fc83000
400bf800
3f182000
400f9000
3fe27800
3fdbb000
3f912000
3fb13000
3f97a000
401cd800
3f6ec000
3fd75000
3fc0b000
40179000
3f18e800
3fca8000
3f8c4000
40029000
3f97a400
3ffe4000
3f965800
40355800
3f4a8800
400b5800
3f635000
40227000
3f5d5800
40289000
3fa51400
4053f800
3f66a800
3fc6c000
3f2ba000
3fe1a000
3f9a1000
3ffcc000
3fb2fc00
40359000
3f7b7800
3fd20000
3f97a000
401cb000
3f411800
3fc44000
3f6ca000
40026000
3f04b000
40566000
3f932000
400a5800
3fe1d400
3fcfe000
3fb71800
40246000
3fbae400
3fd2f000
3f8de000
3ffa1000
3f29a800
3fb7c000
3f9ef000
401d1000
3f86fc00
3ff17000
3f3f9000
40216800
3f9a3000
3ffae000
3fb9fc00
401d6000
3f3b8800
3fd34000
3f2ee000
40072800
3f282000
3faff000
3f835000
3fe34000
3f11f000
3fc62000
3fb41000
3f9f6000
3f9ae000
3ff1d000
3f334800
3fe6f000
3f79a000
400b1000
3f885400
400be000
3f9b3400
401ea800
3fc86800
3fcdf000
3f3be000
3fd75000
3f510000
4032b800
3f3d9000
405ee800
3f711000
4033d000
3fb0f000
3fa19000
3f876000
4034b000
3f894c00
40272000
3f8c3000
3f8ed000
3f8aa000
40200800
3f53f800
402cb000
3f32b000
40078000
3fc5d800
3fa91000
3f6fe000
4000e000
3f175800
4028f000
3f4bb800
40230000
3f589800
4000d800
3f052800
401c6000
3fcbd400
3fc53000
3f953000
3fc49000
3f592000
4001b800
3f1d4000
3ff7a000
3f9ed000
40520000
3f76d800
3fba4000
3f3f2000
3fd54000
3fb67000
40089000
3f7ce000
40139000
3fc91400
4020e800
3f2b3000
400d5000
3f549800
4048d000
3f8b9c00
3fa5a000
3f67c000
4029f800
3f35f000
40166000
3fbdd800
40253800
3f582000
3fd5c000
3f766000
3ffd8000
3f551800
3ffa0000
3f028000
3fde9000
3f2c2000
4016f800
3f57d000
401f0800
3f8a7400
401f7800
3f2da000
3ff77000
3f295000
4056d000
3f985400
3ff62000
3fbb7400
40043800
3fd89000
405c1000
3f7ef000
40077800
3f8a2000
3fb68000
3f780000
404be000
3f879000
4003f800
3f535800
4047f000
3f85d400
4024a800
3f4ab000
40317800
3f45e800
404eb800
3f4e6000
3fcb5000
3fb96000
3ff31000
3f3bf800
4003a000
3f47e000
3fdb9000
3fad2800
3f96f000
3f80e000
402f7000
3f7ca000
4057e800
3f841800
40162800
3f50c000
401a5800
3fb29c00
400ec000
3f17a800
3fd52000
3fc75c00
3fefb000
3f425800
3f89d000
3f85c000
400d6000
3f129000
402f3800
3f8a7400
403b4000
3f7dc800
40324800
3f748800
40016000
3f362800
4014c800
3fd23000
3fe79000
3fd2bc00
401d4800
3fa3cc00
40634800
3f8d5800
3fd1b000
3faf3000
401a8800
3f5c7000
40205800
3f6ec000
3fc53000
3fc0b400
4012c000
3f2bb000
3fce9000
3f4f6000
40600000
3f825c00
40515800
3f8d5800
40068800
3f766000
3fb3b000
3f6b0000
4040f000
3f530000
3f906000
3f890000
3ff04000
3f128000
401d4800
3f891c00
3fb13000
3f3be000
3fa5a000
3f883000
403a6000
3f88b800
40489800
3f57a000
3fdc7000
3fbb5000
3fba4000
3f4c2000
40032800
3fdd9c00
3fa19000
3f84f000
4007a000
3f255800
3fbea000
3f842000
3fb77000
3fa3d000
3fd0c000
3f62e000
4018d000
3f1a1000
40048000
3f1df000
4029f800
3f748800
3fee7000
3f801000
4018b000
3f75b000
3fd8e000
3f7b4000
3fe4b000
3fbf0c00
3ffff000
3fa28c00
40000000
3fbc1800
40181000
3f7bc800
40156800
3f7ca000
40259800
3fc33000
3fe4c000
3f4f6000
40432000
3f42d000
3fd34000
3f79a000
4012c800
3f9d7800
404da000
3f841800
405dd000
3f711000
400da800
3f362000
40125000
3f9ca800
3fd5c000
3f38a000
40248000
3f882400
403b2800
3f426800
3ffb1000
3fda3400
405f5800
3f736000
40068000
3f392800
3fb3b000
3f8de000
40135000
3fb12800
40391000
3f5fb800
3ffd8000
3fba7800
40289000
3f93d400
402b5800
3fb67c00
3fcda000
3fa3d000
3fdf1000
3f288800
3fd70000
3f7b4000
3fc76000
3f3f2000
401fe800
3fa06000
3fd01000
3fc08800
40420800
3f997c00
400d1000
3fd11000
3fe25000
3f2da000
3fe90000
3fb61800
400e7800
3fb08400
401d1000
3f894c00
40363800
3f542800
4011e000
3f89c800
40021800
3efbf000
403f6800
3f82f000
4002f000
3f7ce000
3fe1f000
3f96d000
400a9800
3f0f1800
40458800
3f825c00
3fd20000
3f8f8000
4025d000
3f7b7800
40355800
3f50b000
4056d000
3f813400
406c7800
3f748800
403ef800
3f838400
3fc80000
3f6e4000
40083000
3f041800
40043000
3f405800
40002800
3f1a2000
40111000
3f817c00
40288800
3f43d800
40386800
3f91f800
3fe6a000
3f91f000
40363800
3f90d000
400da800
3f66c800
402c1800
3f4c6800
3fcc1000
3f648000
40597000
3f84ac00
3fa6e000
3f8eb000
402c9800
3f633000
4029d000
3f585800
3fe55000
3f228000
40603800
3f6b4800
4060e000
3f8fa800
3ff7c000
3f34c800
40570800
3f8a7400
3ffbe000
3f7ce000
3fb72000
3fa23000
401a4800
3f26b000
4004e000
3fd4a800
3fbe5000
3f960000
401e6000
3f6c7000
400ee000
3f83c400
40050800
3f11a800
40048800
3fcd2c00
403fd800
3f997c00
3fbdb000
3f2f1000
40013800
3fc65800
4003b000
3fab5400
3fe33000
3f365000
400f6800
3f606800
4009b000
3f0d2000
40199800
3fc3dc00
3fc53000
3f286000
3ff82000
3f696000
3fb86000
3f74c000
402d2000
3fa8d000
3fbd1000
3fa71000
3fde8000
3f718000
40497800
3f620800
40027800
3f0c3800
3fc6c000
3f9d5000
3fcd0000
3f4dc000
40249800
3f395000
400c4000
3f03f800
40440000
3f41a800
4037c000
3f7b7800
401c5000
3fa10800
3fc8f000
3f987000
4068c000
3f84ac00
3ffdb000
3fcf4c00
3f92e000
3f8aa000
4017d800
3fa3f800
404b0000
3f567800
3fe6a000
3f5c6000
4049e800
3f5c4000
4037f800
3f997c00
40142800
3fa10c00
3fbef000
3f303800
40086800
3f991800
3fa4b000
3f987000
40105000
3f665000
3f929000
3f6b0000
3fdef000
3fd87000
405a1800
3f6ec000
40657800
3f6a2000
3fe27000
3f1f6000
3ff4b000
3f8d1000
40408000
3f838400
40225000
3f7dc800
40138000
3f45c000
40179000
3fc8e800
4013f800
3f839800
3fcbb000
3f274800
401b8800
3f1f8000
4039b800
3f58c800
3fbea000
3f578000
3fe59000
3f170800
40200800
3fcec000
3ffe2000
3f512800
40225000
3f8dec00
4046a000
3f89e000
400b8000
3fc40c00
40582000
3f944800
3fc99000
3f26f000
3fba9000
3fa71000
40161800
3f370800
400c6000
3f21a000
4024b000
3fb7cc00
3fdbb000
3f67c000
3fc58000
3f890000
40301800
3f530000
3fe2c000
3f2da000
401b1000
3f2bc800
4056d000
3f94dc00
400f0000
3f096800
3fd70000
3f33c000
3ff41000
3f939000
3fbf4000
3f5c6000
4005a000
3f230800
3fce4000
3f7ce000
3fd8c000
3f2d6800
40016800
3faad800
40165000
3f11d800
3fec3000
3f3c1800
3fccb000
3f9c8000
40048800
3fb47000
404e8000
3f542800
40650800
3f8c3000
40214800
3f4ad000
40615000
3f903c00
40427800
3f9e1c00
4008b800
3f835000
402a4800
3f585800
4017c000
3fb60800
3ff41000
3f92c000
4002c800
3f74c000
404eb800
3f80a000
3fe9f000
3f486000
401a9800
3f3cd000
400b4000
3f47a000
40208000
3fcad800
400e9000
3f362000
40202000
3f854000
40512000
3f5c4000
3fd20000
3f8c4000
4018c800
3f1ae000
40072000
3efe0000
40174800
3fca0c00
40527000
3f711000
3fea6000
3f2ea800
401f9800
3fa7dc00
400b0000
3f681000
3fc85000
3f91f000
3fd68000
3f2a4800
40765000
3f838400
400a0800
3fd67000
4019b800
3f36e800
40301800
3f58c800
3fd60000
3f37b800
3fa78000
3f85c000
3fa00000
3f8aa000
40036000
3fe06000
3ff92000
3fbde400
406d2000
3f711000
402d0800
3f8b9c00
40512000
3f5c4000
4019a800
3f38e000
403d3800
3f464800
3fb59000
3f7ce000
402bf000
3f866800
4063b800
3f6fe800
400f2000
3f81d000
3f8f7000
3f8eb000
3f8c0000
3f8de000
4007d800
3f60a800
4052e000
3f555000
40013800
3f4d1800
403fa000
3f6ec000
40432000
3f658000
40419800
3f3e3000
3f8b1000
3f8b7000
40133800
3f1f6800
3ffb6000
3fa40400
4042b000
3f82f000
3ffd0000
3f19c800
40234800
3f4b2800
401c5000
3f5d9800
402a7000
3fbe4c00
40180800
3f76d800
3ffc4000
3f15d800
400cd000
3fca6400
4004f000
3f437800
40316800
3f8d5800
400d2800
3f8d8800
40074800
3f8e0800
3f9e7000
3f7ce000
40004000
3fcc3400
402bb800
3f5e9000
3fab4000
3f79a000
3ff1f000
3fddf400
4007f000
3f300000
3fc3a000
3f30e800
4004f000
3facf400
401b7800
3f5ba000
3ff29000
3f199000
3fe7e000
3fa91400
400cc800
3fdc7400
40242800
3f95f400
3fc12000
3f9fc000
3fdd6000
3fcc3c00
3fafa000
3f9bb000
3fc44000
3f987000
3ffea000
3f972800
3fdaf000
3f244000
40404800
3f5b1800
3fa5a000
3f80e000
3fdf7000
3f5e0000
3fd26000
3f2eb000
40494000
3f542800
402f1000
3f453800
3fcbc000
3f89d000
403ef800
3f997c00
3fc21000
3f883000
404b0000
3f985400
40378800
3fab3c00
3fcda000
3f9ae000
3fb27000
3f4f6000
40032800
3f542800
402d4000
3f960400
4029d000
3f46f800
4062d800
3f6a2000
4017e000
3fd44c00
401bc800
3fab9c00
40071000
3fa20c00
400bf000
3f63a800
3fd20000
3f1c8000
3feb0000
3f74c000
400bb800
3fdf8c00
3fda7000
3f426000
406ce800
3f81c800
4008a800
3fe41c00
40305000
3f5fb800
40439000
3fa35000
4001a000
3f15b800
4032f000
3f81c800
4015f000
3f706000
400e2800
3fc0a000
402ca800
3fa60c00
40022800
3f077800
40474800
3f86fc00
405c1000
3f6a2000
40128800
3f39f000
40259800
3f8fa800
401ee800
3f942c00
3fb4f000
3f912000
401f5800
3fc09800
40360000
3f7dc800
40466800
3f4c1000
3fa7d000
3f8c4000
401f4800
3fb91c00
3fcdf000
3f3be000
3fc0d000
3f92c000
40359000
3f620800
400ed800
3fe39c00
40486000
3f7a5000
4024f800
3fc52400
404ba800
3f841800
40152800
3f584800
401e2800
3f813400
400fe000
3f90c800
40040800
3f835000
401e1800
3f456000
3fd4c000
3fcb4400
40324000
3fb21400
40260800
3f8cc400
3fdca000
3f994000
40688800
3f838400
402aa000
3f711000
4022b000
3f9fb800
3fefd000
3f0bc800
406f5000
3f82f000
40340800
3f567800
403e5000
3f620800
40281000
3f923400
3fe38000
3f15e000
3ff69000
3f905000
40110800
3f7ef000
3fa37000
3f89d000
4029a000
3fa8a800
404a9000
3f464800
4021f800
3f52b000
40398000
3f9e1c00
403b0800
3f81c800
3fc25000
3fbf1400
400e1000
3fc36400
40039800
3f432000
400ff800
3f8c1000
40246000
3f504000
403d3800
3f86fc00
3fab4000
3f835000
4015c800
3fda7c00
402a3000
3f8b9c00
3fd7f000
3f97a000
4071b800
3f84ac00
4018e000
3fb5b400
400ec000
3fb60c00
3ff89000
3f9bb800
40050000
3fed6400
3fcc1000
3fc0dc00
40569800
3f780000
3fd5c000
3f2d1000
40177000
3f3a2800
404ba800
3f76d800
40202000
3f7a5000
3fc30000
3f440000
40042800
3fd5cc00
402c9800
3f58c800
400ff800
3f542000
402bb800
3f81c800
3fea3000
3fb4f400
401b8000
3fa42000
403b4000
3f7dc800
40512000
3f8e8000
40478000
3f66a800
40211000
3f4cc800
3ff6e000
3f890000
4010b000
3f528000
40378800
3f8a7400
403e8800
3f94dc00
401c5800
3f2ee800
3fadc000
3f89d000
4045c000
3f84ac00
40368000
3f462000
3f997000
3f835000
401d1000
3f882400
400e3000
3fa06800
4052a800
3f60e000
405a5000
3f969800
4044a800
3fa35000
40112000
3f567000
403b7800
3f5d6800
40313000
3f780000
3fb13000
3f718000
3ff9b000
3f7e8000
40305000
3fafa400
402bc000
3f391000
404c8800
3f93b400
3fa69000
3f648000
40183000
3f829c00
3fa73000
3f662000
405f2000
3f879000
4026d800
3fc4d000
40059000
3f39f800
40272000
3f6c7000
402ec000
3fa1d000
4054a000
3f97c000
4009a800
3f88a800
3ffe0000
3fd7ec00
40037000
3efca000
400ba000
3f499800
3ff73000
3f8aa000
3fdc0000
3f510000
403ef800
3f9cf400
3fbcd000
3f2b2000
3f848000
3f74c000
3feec000
3f89d000
4049b000
3f838400
402f0000
3f567800
401d7800
3fab4800
405d9800
3f633000
3f9a1000
3f89d000
40169000
3f841400
3fbd6000
3f9d5000
3fc4a000
3fc0b400
400ef000
3f1f8800
3fe56000
3fa23000
3fb63000
3f62e000
3fc85000
3fa7e000
40013800
3f6e4000
3fe6a000
3f890000
4044a800
3f658000
40504000
3f4f8800
400e2000
3fdc2000
3fab4000
3f9ef000
401f1800
3f8f7400
3fe34000
3fcb9400
405e4000
3f903c00
3fe5b000
3f84f000
3fd20000
3f4dc000
40044800
3fd89000
3f9d8000
3f6e4000
40194000
3f50a000
401a4800
3fbb3c00
4033f000
3fb29000
4007b800
3f300000
3fd48000
3f2d4000
3fd34000
3fad9000
40600000
3f84ac00
3fd3e000
3f883000
405d9800
3f91f800
3fa9b000
3f876000
40359000
3f555000
402ed800
3fb96800
40062800
3f624800
40313000
3f932000
3fbef000
3faa5000
40100000
3f6d0800
40515800
3f8fa800
401a3800
3fd4c800
40589000
3f792800
3fd4f000
3f1fa000
400b7000
3fccac00
403b9800
3fab6400
40004000
3fc0d000
40180000
3f32a000
3fee2000
3f8d1000
40146800
3f59e800
3fdd6000
3fc39c00
404eb800
3f838400
3fe53000
3fc10000
40036800
3f2fc800
3fd66000
3f308000
402eb000
3f453800
3fef8000
3fb0b800
3fef9000
3fba2800
40094000
3f85e400
3fc3a000
3f883000
3ff4b000
3f2db800
3fd7a000
3f37b800
4038a000
3f67d000
40234800
3fa9f800
3fc5d000
3fa7e000
402bf000
3f944800
40340800
3fadd800
3fd2a000
3f946000
3ff5a000
3f8eb000
3fe7e000
3f84f000
400b2000
3fd81000
3fbae000
3f9c8000
400ee000
3f497800
3ff50000
3f780000
400a3800
3f467800
4018a000
3f4f7800
4050b000
3f711000
3fc99000
3fad9000
40269000
3f4a3800
40551000
3f6a2000
4053f800
3f85d400
4021a000
3f9c2400
400c2000
3f5fb800
3fe76000
3f117800
3fd2f000
3f7ce000
4064d000
3f780000
3fb0e000
3f8de000
404b3800
3f960400
3fe8c000
3fcce000
4034e800
3f866800
3ffca000
3f45b000
3fea9000
3f110000
402fe000
3f60e000
40292000
3fa5e400
40106000
3f2e2000
40260800
3f425800
402f7000
3f932000
404f6000
3f658000
4039b800
3f969800
3fc8f000
3fabf000
3ff49000
3f101000
40187800
3f996400
40176800
3f3c2000
401f4000
3f882400
3ff43000
3fbf5c00
3fa37000
3f4f6000
3f8ac000
3f801000
3fbb8000
3f946000
401c0000
3f897000
4007f000
3f869000
401b3000
3f2c9800
3feb0000
3f2ea800
3ff8b000
3fbde400
401e9800
3f841800
3fded000
3f52a000
3fca3000
3f3a4000
3ff69000
3f718000
3fe79000
3fc2a000
40037000
3f06a800
40256000
3f82f000
400bd000
3f182000
3fdcf000
3f8c4000
403b0800
3f433800
402d0800
3f76d800
3ff8c000
3f138800
401f4000
3f9ba800
401ca000
3f841800
40375000
3f6ec000
3fd02000
3f5ac000
40042000
3f5c0800
40049800
3fbd1000
3febf000
3f8f8000
401e8000
3fa18400
3ff73000
3f8de000
4060e000
3f736000
3fdcf000
3f578000
3fec9000
3f801000
4013d800
3fb3ec00
40052000
3f567800
40148800
3f46e800
4004e000
3f96fc00
406ab800
3f813400
3ff0b000
3fbdbc00
3ff67000
3f4e8000
401b7000
3fa4f000
40093800
3fcc3000
40259800
3f6ec000
3f997000
3f732000
403a9800
3f80a000
400d6000
3f601000
4006a000
3f068800
3ff4a000
3f3fe800
3ffa4000
3f3bd800
3fbef000
3f74c000
3ffc5000
3f9e2800
40087800
3f248800
3faaa000
3f718000
3fde8000
3f9ae000
40371800
3f658000
40631000
3f792800
40398000
3f6d9800
3ff16000
3fd09c00
3fe85000
3fb35400
404e8000
3f9aa400
403be800
3f8d5800
40119800
3f63e000
4059e000
3f91f800
403e5000
3f838400
40623000
3f916400
3f956000
3f92c000
3ff23000
3f6ca000
4001f000
3fc72800
4008f000
3f65c000
3fca0000
3f365800
4063f000
3f879000
4040f000
3fa19400
401eb800
3faedc00
40083000
3f0f9000
4011d800
3f4ee800
40551000
3f620800
40259800
3f82f000
4016f000
3f6cc800
40199800
3f21f000
3fb9a000
3faa5000
3fd75000
3f8f8000
403f6800
3f91f800
3fafa000
3f474000
3fbb3000
3f8f8000
3ffdc000
3f905000
40019000
3fc9ec00
400e8800
3f8a7000
40363000
3f3e4000
401c5800
3f4e8800
4027d800
3f3bf800
40053800
3f4cf800
404a2000
3f841800
3faf5000
3f869000
3fbd6000
3f960000
401da800
3f2d4800
3fe10000
3fceac00
405ba000
3f7ca000
3fa78000
3f7b4000
3feb5000
3f828000
3ff7e000
3fbd1400
4044e000
3f399000
3fd84000
3f9bb000
4001e000
3faba800
3fce9000
3f6fe000
40497800
3f41a800
3fbf9000
3f8d1000
3ff19000
3f3d9800
3ff64000
3f91f000
40618800
3f6c7000
403e8800
3f882400
40187000
3f395800
401ed800
3f860400
403b4000
3f9cf400
3fed8000
3f6b0000
3ff75000
3fd1e800
3fc9e000
3f4c2000
3fb4a000
3f912000
3fedf000
3f3d4000
3fa0f000
3f592000
40095800
3fa54c00
4021a000
3f434800
40363800
3f6b4800
4033d000
3f7dc800
401c9000
3f3a6000
4006c800
3f392800
4011b800
3f1a5000
3fe68000
3fa26800
402a3000
3f882400
40010000
3f9d8000
3fe60000
3fcf2800
3fbd6000
3f85c000
4038a000
3f67d000
3f997000
3f5e0000
406ab800
3f7b7800
40210000
3f7b7800
401e7000
3f98e400
4009a800
3faebc00
3fdd9000
3f8aa000
3ff71000
3f450000
3fd89000
3fad7c00
40332800
3f972c00
3fcbe000
3fc97c00
40098800
3f325000
3ffb1000
3f0ff000
402a5800
3f4fa800
40217000
3f525800
4013c000
3fd80c00
405b6800
3f58c800
4007d000
3f0c7000
40295800
3f507800
405b6800
3f90d000
3fd0b000
3f3af800
40108800
3fba7000
4016f000
3fa90400
40126000
3f12c800
40225000
3f894c00
4022f000
3f52b000
4002b000
3fc41000
4074c800
3f84ac00
3ffb3000
3fcdac00
3fff7000
3f247000
4007e000
3fe80400
40626800
3f7ca000
4025d800
3fc6c400
40352000
3f944800
40478000
3f985400
4029f800
3f300800
401b1800
3f7ca000
3f9ab000
3f5e0000
40313000
3f894c00
40420800
3f489800
3fef0000
3f4ca800
40014000
3f54a000
400da800
3f5e1800
3ffac000
3f1e3000
401ac000
3f914000
4025f000
3f2e3000
3feba000
3f960000
403fd800
3f7ef000
3fe8c000
3f4a0000
403ad000
3f452000
4016b800
3f86fc00
403d0000
3f6b4800
404be000
3f969800
3ff98000
3f25b800
3f8b1000
3f842000
3fdc2000
3fcb6c00
40106800
3f4bc800
40383000
3f555000
3fa8c000
3f801000
3fba9000
3f5fa000
40040000
3ff34000
3fee2000
3fb2ac00
4018e800
3f7ef000
4043c800
3f8b9c00
4058c800
3f5fb800
400b8800
3fcf7000
402bb800
3f8f1400
4007c800
3f0d9800
40432000
3f91f800
401d8000
3f813400
40127800
3fdf0c00
3fdd8000
3fce3000
3fe10000
3fa16000
40062000
3fda3000
3fb1d000
3f85c000
40043000
3f876000
4022b800
3f473800
3fc71000
3f8b7000
4032f000
3f780000
40107000
3fc1ec00
3f764000
3f81b000
40071000
3fa20c00
40236800
3f6a2000
4055f000
3f969800
4018b000
3fa3a400
40153800
3f688000
3fcd6000
3f34b800
3fbf9000
3f6fe000
3fdcf000
3f801000
40036000
3f05d800
4064d000
3f7ca000
3fb5e000
3f9e2000
4008a000
3f31f800
40029000
3f27e800
3fde3000
3f440000
3ff46000
3f8d1000
3fddb000
3f431000
4065b000
3f800c00
3ffcf000
3fddc800
3fb9f000
3f6ca000
40045800
3f8b7000
401a2800
3f6ab000
40161000
3f962400
3ff9b000
3f6b0000
3fece000
3f8de000
40011000
3f6ca000
3fa41000
3f4c2000
40195000
3f8dac00
40577800
3f60e000
40280000
3f882400
40176000
3f82f000
403b7800
3f723800
3fe9c000
3f84f000
3fe33000
3f946000
3fa5a000
3f5fa000
3fe22000
3f306800
40023800
3fcea400
3fd34000
3f8eb000
400e6800
3f7ef000
3fde3000
3f696000
40248000
3f94d000
400c2000
3f8ddc00
4029e000
3fb21800
3ff00000
3f9cb400
40443800
3f903c00
3fb22000
3f45a000
400a3000
3f305800
4003d800
3fa0c000
400e2000
3fabcc00
3fb6d000
3f994000
40261000
3f9bf800
4007a800
3fcc8400
3fa82000
3f48e000
40174800
3fb08000
403de000
3f98e800
3ffc3000
3f842000
3fc80000
3f370000
3fb54000
3f8eb000
3fba4000
3fa23000
3fd84000
3f342000
40110000
3f547800
402bc800
3f364800
40424000
3f620800
401d7800
3fcf6800
403ef800
3f57a000
404b0000
3f94dc00
40128800
3f9ca800
3ffeb000
3f06c800
4059a800
3f5c4000
3feb0000
3f9e2000
4030f800
3f66a800
401f4000
3f8b9c00
3f8c0000
3f7e8000
40554800
3f67d000
404ba800
3f960400
3feb9000
3f233000
3ffcc000
3fc9c400
405b6800
3f67d000
40275800
3f7ef000
4023d000
3f940000
400cf800
3f834800
40753800
3f7b7800
4032f000
3f8b9c00
3fb9f000
3f38a000
405af800
3f76d800
403f6800
3f84ac00
3fa91000
3f614000
4019a800
3f5b4800
40394000
3faae800
400e5000
3fdb5000
401ca000
3f237000
40394800
3f67d000
3ff2f000
3f0a2800
4063f000
3f66a800
3fc0d000
3f9d5000
400cc000
3f3e7800
402bf800
3fb0a000
3fde8000
3f912000
3fe74000
3f62e000
3fccb000
3fb1a000
3fb86000
3f8d1000
3f9ec000
3f732000
3fc1c000
3f81b000
3fff5000
3f85c000
40145000
3f132000
3fa96000
3f801000
40232800
3fb48c00
4060e000
3f75b000
4005f000
3f483800
402b1800
3f9afc00
3fcda000
3fa3d000
3fdbf000
3fb95c00
4004d000
3f1d2000
40458800
3f916400
404d3000
3f75b000
402d0800
3f4b9800
40151000
3f2ff800
3ff81000
3fc94800
40137000
3fa7b800
4068f800
3f8a7400
4004c000
3fbfd400
3fd2a000
3f8f8000
3f9f6000
3f869000
3fde8000
3f510000
3fded000
3f9c8000
3fc1c000
3f38a000
3fe0b000
3f3f2000
401a9000
3f83e800
40186000
3fbd8400
402db000
3f8d5800
40412800
3f841800
4046a000
3f7ef000
40274000
3f4ef800
405dd000
3f792800
402e2000
3f633000
4004c800
3f51b800
401b2000
3f6bd800
400bd000
3fc14800
4004a000
3f321800
3ffa5000
3f80e000
3fce9000
3f2ba000
4006b800
3fdbd000
406f8800
3f825c00
3fb40000
3f74c000
400a4800
3fa6ec00
400a2000
3f3dc800
40022800
3f097000
40333000
3fb02000
4009d800
3fdd1c00
401ea000
3fbd0400
3ff7d000
3fafbc00
406e0000
3f85d400
3fe87000
3fa7f000
401b8800
3f780000
4008b800
3f1d0000
401e6000
3fb84c00
40347800
3f620800
4017c800
3f81cc00
4028b800
3f31a800
40084000
3f9dd000
401f2800
3f623800
3fef0000
3f4ea000
40420800
3f5fb800
4029e000
3fb4dc00
3fd2a000
3fbd7000
3fdc5000
3f160000
3fcee000
3fae6000
40105800
3f8aec00
40226800
3fc1e400
40455000
3f94dc00
3fbb8000
3fa16000
40589000
3f6b4800
4048d000
3f7ca000
3fafa000
3f440000
40112800
3f38c800
40030000
3f9ff000
401a6800
3f2aa000
3ff9b000
3f869000
401bc000
3f44b000
40520000
3f86fc00
3fcb6000
3fba3000
3fb4a000
3f3f2000
40490800
3f813400
40021800
3f0f0000
3fb90000
3f474000
40535000
3f7b7800
404e1000
3f59f000
4037c000
3f5fb800
40106800
3f3a6800
404e4800
3f957000
400dc800
3f4de000
40128000
3fc84400
40080000
3f191000
40280000
3fa05c00
40049000
3f296800
40749000
3f841800
3fe15000
3f8c4000
3f94c000
3f7ce000
400cc800
3f4be800
3faaf000
3f96d000
3ff38000
3f1b8800
3ffcd000
3fb10800
4001d000
3f4fe000
40054000
3fbbec00
4033e800
3f42a800
40244000
3faac800
40097800
3f4ed000
40232000
3fc4a800
40471000
3f80a000
4022f800
3f825c00
4014a800
3f2b3800
4026d000
3fb84800
401ac800
3f952800
3ffc8000
3f8c4000
3fc58000
3fa30000
4018f000
3f297800
4025d000
3f792800
3f9f1000
3f91f000
3fd66000
3f780000
3fd6b000
3f6ca000
3fe66000
3f3b6800
40048000
3f842000
3fb8b000
3f7b4000
3f9ba000
3f62e000
4017b800
3f524000
4029c000
3fa1fc00
40059800
3f1f1800
401b8800
3f69e000
4016c000
3fc93c00
3fd75000
3f578000
4036a800
3f854000
40649800
3f711000
406c4000
3f838400
3fccf000
3f294000
3fa6e000
3f9a1000
40207800
3f2ff000
40094000
3fc39000
40057800
3f017000
3fd02000
3f5ac000
3fadc000
3fa23000
3ff8f000
3f1f0000
4005f800
3f9a9000
401d7000
3f38c000
40390000
3f42e000
40240800
3f56f800
4038a000
3f5c4000
4029d800
3f4db000
40187800
3f825c00
4053c000
3f5b1800
4065e800
3f81c800
401ec000
3f88c800
40494000
3f972c00
403bb000
3f972c00
4003c800
3f929800
4031d800
3fad5c00
3ff6d000
3fd11800
3fe65000
3f510000
40249800
3fb24400
3f9fb000
3f766000
400c1000
3fb97800
402aa000
3f8fa800
3fb8b000
3f828000
3fbf4000
3f8b7000
3ff92000
3f268800
3fd75000
3fc82c00
404d3000
3f8d5800
40258000
3fb12000
40163800
3fc3b400
400b3000
3fa3d400
400e6800
3f309000
400a3800
3f622800
4012d800
3f3d1000
3fe62000
3fda8c00
40214000
3f48d800
3ffa0000
3f3bd800
40296000
3fb60000
3ff6a000
3fe71000
3ffe7000
3f991c00
3ffd7000
3f254000
4009d000
3fd3ac00
3fd7a000
3f45a000
40143800
3fdcc400
40440000
3f838400
3fe10000
3f85c000
4007f000
3f410800
3ff26000
3fd29000
3fd2a000
3f7b4000
3ff9b000
3fa33400
4013e800
3f2c0800
4017a800
3f233800
40264000
3f813400
402db000
3f89e000
3fb63000
3f9ef000
404ac800
3f9e1c00
4022f800
3f88b800
40569800
3f75b000
3fd9c000
3fc05c00
3fe2e000
3f766000
3fb86000
3f3d8000
40136800
3f469000
401bf800
3fcfbc00
4063b800
3f88b800
405f5800
3f813400
402dd800
3f434000
4017a800
3f3a2800
3fb81000
3f55e000
404f6000
3f67d000
3fe56000
3f912000
40008800
3f0dd800
4031e800
3fa7d400
3fce4000
3f732000
3fcfa000
3f324800
40066000
3fef0400
401a0000
3f894c00
4023d800
3f7ef000
40123800
3fd1b400
3fe4e000
3f15e000
402e2000
3f60e000
402c7800
3f357800
40515800
3f9c6000
3ffe1000
3f84f000
40063800
3f095000
40355000
3f3d1800
4072d000
3f792800
40266000
3f2f5800
3fa87000
3f732000
400d1800
3fafb400
3fdaa000
3f1b9000
401c4800
3f47d000
3fc8a000
3f4f6000
40279000
3f88b800
3fcf0000
3fbdc400
4000d000
3f427000
4026c800
3f981000
3fdf4000
3fb45000
3fc30000
3f780000
3fdb7000
3fc12c00
3fe92000
3f80e000
40082000
3f34c000
3f951000
3f780000
4015d800
3f26d000
404f6000
3f60e000
401b9800
3f1ac000
3feb5000
3f946000
40128000
3f8f5000
3ffc3000
3f91f000
402b1000
3f5b1800
3fdc0000
3f648000
40677000
3f792800
3fa69000
3f732000
3fdba000
3fc1fc00
3fb27000
3f876000
3fdd9000
3fb0bc00
402b9000
3f964400
3fe83000
3f780000
3fe40000
3f3d0800
40168000
3f66e000
40352800
3faac000
3fb1d000
3f45a000
3ff58000
3fc02c00
3fd5e000
3f1a1000
3ff37000
3f84f000
40590000
3f8f1400
40012000
3f28b800
3ff64000
3f04f000
40201800
3f3a4000
404f6000
3f932000
4007f000
3fb49800
40060000
3f373000
40117000
3f5df800
402d7800
3f6fe800
3fe94000
3fd38c00
3ff93000
3fc29c00
3ff7d000
3f67c000
4074c800
3f82f000
404cf800
3f43f800
40306000
3f3c1000
3ff0d000
3f38d800
401ec800
3f3be000
40387000
3faed000
401dc000
3fd22c00
40419800
3f408000
403fa000
3fa22800
3fb6d000
3f85c000
40033800
3fa4a800
4057b000
3f8d5800
3ff54000
3f4a9000
3ff73000
3f5ac000
405ac000
3f58c800
3fa32000
3f648000
3ffc8000
3f58b000
402d6000
3fa4e800
40236800
3f95f400
40082000
3f8af000
40118800
3f321000
3fa0f000
3f8de000
3f960000
3f8de000
400b5000
3fab5000
400de800
3fabcc00
40007000
3f718000
4001d800
3fdfe400
40574000
3f8a7400
4021f800
3faf0400
403fa000
3f90d000
400ff000
3fba7000
3fc6c000
3f905000
404d6800
3f50b000
4000e800
3f0b1000
40140800
3f42f800
40110000
3fdaa800
3fe79000
3f883000
3fc30000
3f960000
402ce800
3f505800
40228800
3fafd400
4077a000
3f7ca000
4009d000
3fe1d400
40062800
3f4b5800
3fcc6000
3f869000
40078800
3f3c4800
4001d000
3f058000
4052a800
3f633000
3feb8000
3fcbbc00
3fc9e000
3f8eb000
40083000
3fe8d400
3fc49000
3f276800
403bb000
3f645800
401c0800
3f684000
404d3000
3f916400
3ff1a000
3f11b000
3f9e7000
3f96d000
3ff90000
3fde1c00
3ffd2000
3f41c000
3fc39000
3f2cf800
40360000
3f6d9800
40264000
3f8b9c00
3f965000
3f8eb000
40520000
3f813400
4021e000
3f6ec000
3ff36000
3f4ef800
4042e800
3f4c1000
3fe5b000
3f8aa000
40788000
3f813400
402db000
3f6c7000
3fb7c000
3f81b000
4015e800
3f936000
40681800
3f7ca000
3fe59000
3fbc4800
3fc1c000
3f55e000
3ff1b000
3fe4a000
401e6000
3f80a000
40650800
3f866800
3fda4000
3f3a0800
4013a000
3f6a2000
3fe7d000
3f2c5800
401a3000
3f4fd000
3fb18000
3f6e4000
400b6800
3f04c800
4004d000
3f594000
402b8000
3f7b7800
3fb68000
3f5ac000
40494000
3f7dc800
3fc9e000
3f8b7000
3fcc6000
3f89d000
40259800
3f75b000
40081000
3fe41c00
40041000
3f562000
40006000
3fd2e000
40451800
3f9b3800
403f3000
3f75b000
401d5000
3fb8a000
40060000
3f93e400
40646000
3f67d000
3fdd9000
3f5c6000
400a7800
3fb70800
3ff9d000
3fc82400
3f87f000
3f7ce000
40391800
3faae800
3fb13000
3fa64000
40420800
3f93b400
400c8800
3f1c1000
40170000
3f6f9000
40241800
3f5db000
400a0800
3fad9800
4022d800
3fb0a400
40045000
3f38d000
4019b800
3f620000
3fc94000
3f835000
400fa800
3fb2f400
4014f000
3fc6cc00
3fba9000
3fa30000
404da000
3f7a5000
40198800
3fb5b400
40190000
3fcc7c00
3ff4c000
3f994800
3ff7e000
3fc5b400
3ff96000
3f883000
4013e000
3f93b400
40706800
3f7ca000
3fd1b000
3f440000
3fd4d000
3f9a1000
40184000
3f1da800
40191800
3f8ae800
400c9800
3f679800
3fd16000
3f356000
3fdca000
3f9c8000
3fc35000
3f7e8000
40202000
3f736000
3fd52000
3f62e000
3f9a1000
3f91f000
4047b800
3f67d000
40577800
3f748800
3fcb4000
3f262000
40383000
3f8dec00
3fdc0000
3fc6b400
401af800
3fa15c00
40440000
3f51d800
3fc76000
3fab2000
40280000
3f882400
3fd3d000
3faef400
40135000
3f16b800
40490800
3f916400
40435800
3f477000
40213800
3f8b9c00
3fdf4000
3fd3b800
4054a000
3f8fa800
3fdf4000
3f2d4800
40097800
3f67b800
3fffd000
3f972800
3fd34000
3fabf000
40046800
3f09c800
4015f800
3f923c00
3fe8d000
3f780000
400fe000
3f3d3000
3faf5000
3f85c000
3fc12000
3f62e000
404d6800
3f8b0800
406b9800
3f88b800
40135000
3f449800
3f951000
3f8eb000
3fd2a000
3fc8d400
3ffda000
3fc31800
4038a000
3f49c000
4028d000
3f41e000
40077800
3f533800
40455000
3f6c7000
3fee9000
3f3d4000
401b8800
3f56e000
402bf000
3f916400
402de800
3f80a000
3fe2f000
3f468800
40129000
3f1f6800
3fdb1000
3f5ac000
3fae6000
3f883000
40111000
3f7cc800
402b0800
3f4ed800
3ff52000
3f9ff400
3fc49000
3f2d4000
3fb4a000
3fa8b000
4013e000
3f5cb000
3fe83000
3fdef000
3fd89000
3f987000
3ff0a000
3fd67800
3fef9000
3f2e3000
3fe3a000
3fd8ec00
401df800
3f1c4000
40114000
3fc6a400
4005f000
3f599800
3ffba000
3f2ad000
40017800
3fcfc800
4028c800
3fc16400
4037c000
3f85d400
40507800
3f90d000
40520000
3f51d800
4030f800
3f542800
4044a800
3f97c000
3fc47000
3f32e000
40158800
3f558000
3fdbb000
3f9ef000
40262000
3f406000
4039a000
3f421000
3fccc000
3f378000
3fc7a000
3f29b800
3ff5f000
3f869000
4009b800
3fd5a000
3ff17000
3fa43000
40562800
3f5d6800
40105000
3f5ad800
3fe24000
3f9ef000
404e1000
3f68f800
4014c000
3f813400
3fc76000
3facc000
3f97e000
3f5e0000
3fd6b000
3f994000
400b8000
3f4e5800
40130800
3f520800
400e5000
3f803000
4042e800
3f59f000
3fe2e000
3f81b000
4059e000
3f8e8000
400d6800
3f549800
4052e000
3f8c3000
3fd87000
3f2b7000
400e3800
3f99bc00
400b4800
3f1bb800
3ff3c000
3f905000
404ef000
3f841800
40394800
3f8cc400
40204800
3f4a7800
40069800
3f0d4000
3fb45000
3f8c4000
40427800
3f882400
3ffba000
3f4a7000
401a8000
3fce1c00
3fdca000
3fcc3c00
4023f000
3f40d800
40120000
3fcef000
40776800
3f80a000
40140800
3fd16000
40016000
3f6ca000
4031d800
3f854000
4026e000
3f464800
40180800
3f627800
401e6000
3f6a2000
3fb04000
3f6ca000
401e2000
3f5d2000
3fea8000
3fb03c00
400d8800
3fa71400
40045800
3f890000
401b1800
3f841800
3fe38000
3fa16000
4010f800
3f3f8000
3ffc7000
3fd71c00
40074000
3fd71800
40188000
3f6b2800
40391000
3f8dec00
400c7000
3f80a000
40050000
3fe20000
3fcc6000
3f2a0000
403bb000
3f932000
400ea000
3f81c800
404b7000
3f903c00
40265000
3f4dd000
3fee7000
3f946000
3fd52000
3f905000
3faaf000
3f5e0000
40355800
3f825c00
4039f000
3f75b000
400ac000
3fc07800
4010f000
3fa73c00
4023f800
3f9ca000
4034e800
3f8a7400
3fb7c000
3f801000
40132000
3f488800
3fa19000
3f62e000
3faff000
3f9ef000
3fee0000
3f265000
40013800
3f8d1000
3fd00000
3fc54000
3ff40000
3f9f2400
3feec000
3f9bb000
3ff4b000
3f592000
403d7000
3f84ac00
40083000
3f4e7800
3feba000
3fdbd800
3ff10000
3fdd2400
3fc80000
3f67c000
40017000
3fed3c00
3febd000
3f3e1000
400ba800
3fa1e000
400a8000
3f13d800
3fec1000
3f14f000
40377000
3fae0000
40512000
3f4c1000
40566000
3f8fa800
4000d000
3fde4400
401c5800
3f8c3400
3fe0b000
3f3be000
40039000
3f0d6000
401d5000
3f20a800
3faa0000
3f6b0000
3ffd2000
3f84f000
3fc6c000
3f91f000
40070000
3f80e000
3fe52000
3f397000
40241000
3fb43800
3ff5a000
3fc02c00
3fe15000
3f835000
40077000
3fbb9800
402de000
3f389800
401ae000
3f75b000
3fc12000
3f96d000
403e5000
3f894c00
405e7800
3f8f1400
40122000
3f69c800
401c9000
3f34d000
40006800
3fa35c00
3ffe6000
3f131000
40086800
3f06e000
404f6000
3f67d000
40287000
3f81c800
40065000
3f599800
4050e800
3f8dec00
401fd000
3f5f7000
3fe32000
3f3d0800
40386800
3f530000
40512000
3f88b800
40021800
3fd55000
402d4000
3f8b9c00
40003000
3fbb4800
3fd83000
3fcdb400
400d1800
3fcc5800
3ff1c000
3fd74800
401d5800
3f61e000
40109800
3f30e800
402f7000
3f633000
40631000
3f76d800
3fd25000
3f27f800
3fb77000
3fa3d000
3fc35000
3f648000
40194800
3f50a000
4022d000
3f4f1800
3fe2d000
3faa8c00
401c4800
3fc26400
405c8000
3f7dc800
40017800
3f4f1000
3f915000
3f912000
3fca5000
3f385000
4017b800
3fb60800
3fe8d000
3f9ae000
4043c800
3f6ec000
3f9a1000
3f80e000
3fd8e000
3fa57000
40170800
3fd76400
3ff37000
3f828000
40566000
3f81c800
4053f800
3f8f1400
40240000
3f30a000
4039b800
3f4ae800
40150800
3f36b000
400ea800
3f0e2800
40022000
3f19a800
3fee5000
3fa55400
3ffd0000
3f1c9000
4015b800
3fd30000
3f992000
3f876000
3fd1d000
3fcac800
4002b800
3f225800
40367000
3f4f8800
3ff00000
3fd5a800
400b6000
3f19c000
403b7800
3f5fb800
40211000
3fb4e000
40178000
3f8a6c00
3ff28000
3f85c000
400d7800
3f51d000
400f2000
3fb60c00
3fe3d000
3f3f0000
3fe51000
3f6b0000
3fdac000
3fa8b000
40132800
3f339000
40079000
3f958400
3ff72000
3f0ad800
3fc5d000
3f912000
3f9d8000
3f67c000
403d0000
3f7b7800
40164800
3f299800
402a7800
3f35f000
3ff92000
3fb80800
3fc3f000
3fa7e000
3ff0f000
3f696000
3f942000
3f801000
402aa000
3f416800
40067800
3efbb000
4026a000
3f4d0000
402db800
3f389800
402ee800
3f39c000
3fc3f000
3fb93800
3ff46000
3f113800
3ff73000
3f912000
402f3800
3f748800
405d9800
3f944800
40217000
3f81c800
401fd000
3f9c7800
40089800
3fe22800
4019a000
3f595000
3fcdf000
3f8aa000
3f924000
3f6fe000
4013f800
3f73a000
3fed8000
3f780000
3fcfd000
3fb00000
40026000
3fb32400
4003b800
3f7b4000
3fe21000
3f178000
3fcd0000
3f614000
40352000
3f711000
3fd89000
3f5c6000
3fc4e000
3f308000
40135800
3f385000
401b8800
3f645000
40006800
3f4bf000
3fd9d000
3fa4a000
4009b000
3f902400
3fe3c000
3fc22400
403da800
3f9eb000
402ec800
3f4de800
40289800
3f3c5000
3fb9a000
3f9c8000
3fce9000
3f3d8000
40210000
3f38a000
3fec9000
3f55e000
40251000
3fac6800
40646000
3f8e8000
402fa800
3f9eb800
400a1800
3fdb2800
40151000
3fcb8400
402fd800
3fb58000
40490800
3f8fa800
3faa0000
3f828000
40072800
3fde9400
406f8800
3f736000
4001d800
3f8c4000
3f81b000
3f780000
3fec6000
3fa5a800
3ff10000
3faadc00
40408000
3f838400
3fc8a000
3f7b4000
3fd44000
3fc88000
402de800
3f866800
40287000
3f4a9000
3f94c000
3f89d000
3ffd8000
3f099000
4001a800
3f446800
3ff47000
3f327800
401c9000
3f4bc000
400df800
3f97c800
3ff88000
3fc94800
3f9b0000
3f946000
402c6800
3f487800
4028b000
3fa9cc00
40106800
3faa5400
3fa3c000
3f84f000
40344000
3f894c00
40677000
3f76d800
401fe000
3fb53400
401bf800
3f8a7400
402a1800
3fb4dc00
3fc6d000
3f340800
3ff41000
3fcd8400
40173800
3fca0c00
3fde3000
3f510000
401a6800
3f21f000
402dc800
3f4d9000
40174800
3fca0c00
3fdbb000
3f6e4000
40543000
3f67d000
3fd39000
3f732000
40558000
3f6fe800
400d7800
3f34f800
40304800
3f42c800
40077800
3f0ba000
3ff42000
3f2ce800
400e3000
3f5e7000
3fe5b000
3f91f000
40439000
3f6a2000
4010d800
3f5b3000
3fd25000
3f780000
3fe29000
3f4c2000
3fbdb000
3f80e000
3fa8c000
3f84f000
40047000
3fb0dc00
401ed000
3f6d9800
3fc71000
3f9fc000
40260800
3f7dc800
3fff5000
3f912000
403e8800
3f68f800
4029d800
3f995c00
3f857000
3f84f000
40577800
3f6fe800
406e0000
3f84ac00
3ff7f000
3f546800
3fc44000
3fa09000
400ed800
3f911c00
3faeb000
3fa16000
40060000
3f9c8400
402f3800
3f866800
400fa000
3f1cc000
3ff94000
3f20f800
3ff05000
3f510000
400fb800
3f813400
3fdf2000
3f835000
40079800
3f02f000
4065e800
3f6d9800
3fd75000
3f74c000
402ad800
3f4e0800
4011f000
3f88a400
402b0000
3f429000
4022a800
3f38f800
3f9ec000
3f6fe000
403b7800
3f916400
3fc71000
3fb8e400
40281000
3f9ad400
401b8800
3f736000
400d7800
3f549800
3ff23000
3f8c4000
3ffcd000
3fae4400
3fbcc000
3f696000
3fcee000
3f5ac000
400a3000
3f55e000
404d6800
3f633000
402d7800
3f48d000
4016a800
3f68d800
403d3800
3f464800
406ee000
3f879000
40113000
3fb94c00
4046a000
3f4c1000
3fe11000
3fbc9c00
406ab800
3f6b4800
40098000
3fdf1000
4028e000
3f780000
3fba9000
3f84f000
40203800
3f47b000
3ffdd000
3fc9c400
3ffcd000
3f8aa000
400a4000
3fcdd000
405a1800
3f780000
3f93d000
3f614000
40440000
3f5b1800
40183000
3f9c2800
3fd9e000
3f381000
400a0000
3fe88000
4006e800
3f2ed800
3fb63000
3fa30000
3fc75000
3f269800
400a3000
3f1c8800
4023e800
3f9d7000
4042b000
3f9aa400
40523800
3f960400
3ff64000
3f835000
40482800
3f916400
40340800
3f8b9c00
3fdc5000
3f9e2000
40427800
3fa10000
3ff1e000
3f97a000
3f825000
3f801000
3ff54000
3f0f4000
401b9800
3fb43c00
3fe68000
3f33e000
401f7800
3f792800
4062d800
3f90d000
40122800
3f5c5800
404c5000
3f8b0800
3ff98000
3f177800
3fe32000
3fc15400
400c6800
3f5a2800
3ff4a000
3fd23c00
402c6800
3f9f6000
40281800
3fb26c00
402e8800
3f311000
40176000
3fae8c00
400b4800
3fa7bc00
402cd000
3fb43400
402db000
3f620800
4026b000
3f8dec00
403b0800
3f8a7400
40377000
3fab3c00
4026b000
3f68f800
3fd7a000
3f85c000
3fed8000
3f161800
40178800
3fa8b000
3fa4b000
3f578000
3fdef000
3fbee400
4034b000
3f997c00
3fdfd000
3f463000
40195800
3f536800
40318000
3fac8c00
4008e800
3f669000
40069800
3fdb0000
4008e000
3f835000
40050000
3ff02800
3fec4000
3f869000
40079800
3f294800
3fd2f000
3f370000
3fe4d000
3fd31000
3fe41000
3fbe3c00
40258000
3f509800
3fbf9000
3f912000
3fb0e000
3fa30000
400e2800
3f5a8000
401a1800
3f28a800
3fece000
3f4f6000
403e8800
3f4ae800
3fd34000
3f939000
3fdcf000
3f17f800
3fb86000
3f614000
3ffb9000
3f92c000
401bf800
3f6ec000
3ff27000
3f308000
402f7000
3f711000
3fb59000
3f696000
40419800
3f6ec000
3ffb9000
3f8eb000
3fa7d000
3f9c8000
40225800
3f9dc400
40239800
3f9f6400
403d0000
3f825c00
3fbdb000
3f8f8000
40037800
3f05d800
3fea6000
3f510000
3fd1b000
3f912000
40191800
3f239000
40408000
3f6fe800
3f96f000
3f835000
3fe2e000
3fc80000
401d9000
3f8be000
3fcb2000
3f8aa000
4015d000
3faee000
4003e000
3f89d000
3fc7b000
3f440000
404dd800
3f90d000
3fd9d000
3f7e8000
40352000
3f8d5800
3f947000
3f6ca000
3ffa7000
3fcae800
40597000
3f792800
40086800
3fbe0800
4032f000
3f60e000
40075000
3fb6e000
3fe6c000
3f461000
3fd61000
3f592000
403d0000
3f9cf400
40443800
3f68f800
3fa46000
3f780000
4005d800
3ef7c000
401a7000
3f879000
40180800
3f75b000
400f4800
3f59b000
4020a000
3f34b000
40035800
3f18d800
400de000
3f640000
3f861000
3f766000
4009f800
3f305800
401a3000
3fb49000
3fe06000
3f320800
403fd800
3f8fa800
400f4800
3fa6c000
40283800
3f882400
40546800
3f80a000
40279800
3fbef400
40363800
3f928c00
4000b000
3fbfac00
400ce800
3f194800
40558000
3f825c00
3fec9000
3f939000
404f9800
3f944800
4006a800
3fdcf400
3fc4e000
3f38a000
40039000
3f7ce000
3fadc000
3f6ca000
40233000
3f324000
40187000
3f9d4c00
3f979000
3f8d1000
40432000
3f9a1000
401d7800
3fc40400
402dc000
3fa7ac00
40432000
3f3e3000
4018e800
3f88b800
3fd8a000
3f38e000
40111800
3f1fe000
3fd07000
3fa3d000
40585800
3f88b800
4000e800
3f220000
4005d800
3fb80400
405c1000
3f882400
4021b800
3fc7c000
401db800
3f838400
3f848000
3f780000
401b8800
3f69e000
3fdbb000
3f4f6000
3fe06000
3fa16000
401f0800
3f8a7400
40173000
3f43a800
3f8ca000
3f7b4000
401bd800
3f1f8000
3ffd5000
3f079800
40515800
3f894c00
3fc5f000
3f296000
3fe4b000
3f1c9800
400a4000
3f56b000
3fb59000
3f953000
3ffdd000
3f104800
400ac000
3fe95000
3f8c0000
3f842000
4008d000
3fbc1400
401af800
3f87d000
4015a800
3fa37c00
3fc12000
3f6e4000
4001f800
3f4f1000
4062a000
3f67d000
40154800
3f63c000
40615000
3f89e000
3fc62000
3f842000
3fcee000
3fb00000
3faf0000
3f876000
4023d800
3f8c3000
4024f800
3f43f800
3ff45000
3fd23c00
3fded000
3f9ae000
4010d800
3f49d000
4000b800
3f323800
3fa1e000
3f9bb000
3fcf3000
3fa4a000
3faff000
3f905000
3ff42000
3fa6a000
4028a000
3f386000
3fdc0000
3f474000
3fef1000
3f883000
3fd93000
3fa16000
3fa55000
3f544000
3fef1000
3f5c6000
404ac800
3f57a000
3ff70000
3f126000
4011c800
3fa28400
40332800
3f736000
40011000
3fbfac00
402e9000
3f555000
40343800
3fafcc00
4011b800
3f805800
3fd57000
3fb67000
3fda2000
3f361800
40316800
3f81c800
402b4000
3f448800
3fc7b000
3f474000
3fc56000
3f34d800
400f7800
3f849400
3ffa4000
3fb9fc00
3fe4f000
3fc7ac00
40765000
3f82f000
3fe29000
3f97a000
400b0000
3f253800
4002d800
3f542800
4045c000
3f748800
402f0000
3f5b1800
4041d000
3f620800
3ff94000
3fcc0c00
400da000
3f549800
4028f800
3fa12c00
400b0000
3fea2000
3ff8e000
3fcff400
40146000
3f49b000
40153000
3f61c800
3faaf000
3f74c000
401ff800
3f616800
3f90b000
3f79a000
402b0800
3f3bd800
3feab000
3f25f800
404c1800
3f57a000
4022c800
3f589800
3fd16000
3f662000
400fe000
3f1eb800
4031a800
3f4f6800
3fe08000
3f210000
4009b800
3fb8fc00
3fc67000
3f96d000
4044a800
3f9b3800
3f870000
3f890000
400c0000
3fd6ec00
3fc8f000
3f6b0000
4029d800
3f995c00
3fe0b000
3f5c6000
3fba0000
3fc01000
40577800
3f5d6800
40303000
3f9cc400
3ff03000
3f4fc800
4025d800
3f9d1c00
405d9800
3f8a7400
4016b000
3f99b800
3fc3f000
3f766000
3fc9f000
3f2bb000
40361000
3fb04800
3ff96000
3f081000
3fd07000
3f40c000
401c1000
3f671800
400ed800
3f0e2800
401a4000
3f952800
40171000
3f9c7c00
4024d800
3fc06c00
3fd69000
3faea000
4013c000
3f839800
402ab800
3faf0000
40068800
3f84f000
40474800
3fa19400
40136000
3f5f7800
40157800
3f909c00
3fcf8000
3f780000
3ff00000
3fdc5400
3feba000
3f648000
3f974000
3f84f000
3fdde000
3f80e000
3ff82000
3f5ac000
4009e800
3f902400
3fb1d000
3f9ef000
400de800
3fd1e000
3fbf0000
3f303800
404c5000
3f82f000
3fe74000
3f696000
4009a800
3fb63800
401d9800
3fce4400
4031b800
3fa31c00
40073000
3f07b000
3fca3000
3fb34000
3ff8c000
3f84f000
40130000
3f825c00
401b0800
3f57b000
4027d800
3f477000
40135800
3fa10c00
406ce800
3f6ec000
3fe90000
3faf6c00
3fca8000
3f8de000
3f9c4000
3f6fe000
401c9800
3fbc8800
40546800
3f66a800
40277000
3f942800
3fc5d000
3f84f000
406c4000
3f76d800
4001e800
3fd09800
3ff12000
3fa43000
4008d000
3f8e8400
400fd800
3f4f6000
4059a800
3f6c7000
4002a000
3f835000
3fc35000
3fa64000
40059800
3f883000
3fcad000
3f6fe000
40597000
3f8b0800
4055b800
3f82f000
40133000
3f98c000
3fe74000
3f696000
3fb59000
3f7ce000
404f9800
3f7ef000
3ff0a000
3f3e6800
400df800
3f362000
40657800
3f86fc00
4012e800
3fdfdc00
40280000
3f86fc00
4024b800
3f792800
40123800
3fd59c00
3fd92000
3f3da000
3fe8d000
3f9e2000
3f8ed000
3f876000
4012c000
3f5d8000
40566000
3f80a000
4003a800
3f37a800
405a1800
3f81c800
3fd7c000
3f34f000
4012b800
3fd3a800
4026a000
3f4d0000
3fd43000
3f38a000
40003000
3f013800
40185800
3f1da800
4023d800
3f792800
401b6000
3f42b800
40088800
3fc89c00
3fe1b000
3fb9d800
401da000
3fb2c400
3fbf4000
3f48e000
3fe0b000
3f9ae000
40114000
3f3f8000
3fb2c000
3f4c2000
3fbc7000
3f8eb000
3fd84000
3faf7000
4000c000
3f6b0000
3ff79000
3fab0400
401cd800
3f8a7400
401d8000
3fb6ac00
402d7800
3f59f000
3ff00000
3f890000
40275800
3f7ca000
3fb22000
3f890000
3ff87000
3f946000
40344000
3f997c00
3fc76000
3f52a000
400f7800
3fbd8800
403a9000
3fa9c400
4001c000
3ff00000
40600000
3f8b9c00
4021c800
3fc4fc00
401be000
3fa4f000
400e0800
3f0ef800
3fd5c000
3f81b000
3fe5a000
3fba5400
40167800
3f486800
4016b800
3f950000
4053c000
3f997c00
406b6000
3f879000
3fa3c000
3f8d1000
4021a800
3f480800
40039000
3fb4c400
3fc9e000
3f905000
3fd0c000
3f766000
40054800
3f7ce000
3fe74000
3f905000
3fa73000
3f9c8000
40474800
3f76d800
40347800
3f903c00
405f9000
3f5c4000
3fec5000
3fb5c400
40040000
3fe13000
3ff46000
3f592000
3fcd6000
3f294000
40094000
3fd2dc00
40031800
3f7b4000
3fece000
3f40d800
4040b800
3f985400
3fb77000
3f91f000
40482800
3f75b000
40030000
3fe63c00
3fe34000
3fcb9400
3ff28000
3f8c4000
4018b000
3f849000
3ffb5000
3f9a9400
3fda7000
3f79a000
40028800
3fe83000
3fa14000
3f91f000
40638000
3f8a7400
401ee000
3f630800
40386800
3f530000
3fff7000
3f020800
400db800
3f25e800
4042b000
3fa22800
402ca000
3fbae000
403ec000
3f792800
403de000
3f8c3000
3fde0000
3f1de000
40175000
3f5e8800
404cf800
3f4c1000
403a8800
3f433800
405f2000
3f7a5000
40252800
3f543000
3fc6e000
3fb81400
40152000
3f3f6000
4009b800
3fdb2800
3fb90000
3f614000
4005e000
3efbb000
402fe800
3fac1000
401e6800
3f611000
3ff82000
3f91f000
3fcee000
3fbdc400
40202800
3f49a800
3fd66000
3f3a4000
40329000
3f38d000
4019b800
3f4dd800
4003f800
3f4bd000
4038c800
3facdc00
4006b800
3effa000
40080000
3fd13c00
3fe86000
3faf6c00
3fe66000
3fdc8000
3fb90000
3f3a4000
3fd23000
3f3af800
403da800
3f6a2000
40088800
3fa09400
3ff57000
3fb0e000
3ff8e000
3f39e000
40063800
3fe85800
402e2000
3f932000
40017800
3f0fd000
3fe97000
3f939000
3fda0000
3fbc7400
3fca7000
3f2da800
4039b800
3f8b0800
40199000
3f748800
3fe8b000
3fb80c00
40447000
3f4f8800
3f8e3000
3f842000
3f942000
3f8de000
3f7f0000
3f828000
40352000
3f4c1000
3fda5000
3fb7bc00
40463000
3f4c1000
3fd76000
3f28a800
4009c800
3f8d6000
40217000
3f8b0800
3ff05000
3f84f000
3fdcf000
3f662000
3fa7d000
3f92c000
402ec800
3f723800
4007e000
3f62a000
3fce9000
3f890000
3fe63000
3f1cf000
400fc000
3f561800
401eb000
3fb65800
40040800
3ef71000
4005d800
3fee3400
3fcea000
3f36b000
3fed8000
3f3d4000
40618800
3f620800
401c4000
3f95a400
3fb36000
3f869000
404e8000
3f464800
3ffee000
3f1db800
3fc4e000
3f987000
40657800
3f7ca000
403e1800
3f59f000
401ad800
3fca3400
40083000
3f9ef400
40673800
3f86fc00
405fc800
3f60e000
3fe83000
3f7b4000
3fc12000
3f5fa000
40277000
3fb91800
40440000
3f66a800
40670000
3f8b9c00
40440000
3f748800
3ffdf000
3fd14000
3fd70000
3f842000
40159000
3f860800
3fcc1000
3f356000
40018800
3f589000
3fdb1000
3f84f000
3fc17000
3f801000
40092000
3fca3c00
4043c800
3f825c00
3fc53000
3f912000
40001000
3f1ce800
4018c800
3f45f800
3fbf9000
3fa09000
3fcf3000
3fa3d000
40574000
3f6d9800
3fbb8000
3f440000
3fbae000
3fa8b000
403f3000
3f6ec000
3feae000
3fcdb000
40139000
3f7dc000
4014f000
3f3d6800
3fcb2000
3f4dc000
4038f800
3f3ef000
4008b800
3fe8d400
3fe15000
3f960000
3f9fb000
3f994000
4000d000
3fa23800
3fe79000
3f74c000
3ff27000
3f250800
4051c800
3f49c000
3fd6b000
3f1c0800
40257000
3fb50800
405a1800
3f932000
3fdca000
3fa64000
3fe79000
3f828000
4005a000
3fb80400
40190800
3fd5ec00
40212000
3f21b000
4035c800
3f658000
40201000
3f91e400
3fc5d000
3f5e0000
40010000
3fb18400
4002f000
3f4aa800
3fb45000
3f9e2000
3fd7d000
3fbebc00
401f7000
3f3d0800
40137800
3f897400
40079000
3fd71800
40742000
3f82f000
4053c000
3f8dec00
4044a800
3f8cc400
3fe18000
3f3ea800
40520000
3f4f8800
3fd1b000
3f33c000
40398000
3f84ac00
4005c800
3f599800
402a2000
3f443000
4034e800
3f894c00
40171000
3f8b9000
3fdad000
3fc3f000
403fa000
3f780000
4003c800
3fd30800
40288800
3f411000
400c4000
3f239800
401ba000
3fb24800
4076f800
3f838400
403ef800
3f567800
40386800
3f6ec000
40026800
3fc53400
401ef800
3f9f9000
4017d000
3f75b000
3ff9c000
3f1e3000
3ffad000
3fc63000
40276000
3f2e8800
40342000
3fb48400
40228800
3f68f800
4012e000
3fd93000
3fec4000
3f662000
3fe1f000
3f4f6000
3ff71000
3fd5d000
3fbdb000
3f5e0000
3fc08000
3f718000
40451800
3f957000
4020e000
3f2b3000
4018b000
3fc5d000
40272800
3f334800
40520000
3f838400
3ff76000
3fc7a800
3fcc7000
3f2c0800
40252800
3f8b0800
40092000
3f953000
3fb36000
3f8eb000
3f9dd000
3f994000
401ed000
3f85d400
3fe17000
3f326000
40714800
3f86fc00
40226000
3fa1ac00
40455000
3f8dec00
402bf000
3f957000
400c2000
3fab5000
3ffc7000
3fb22c00
3f82a000
3f84f000
4037c000
3f5b1800
40228800
3f7ef000
400c0000
3fd04000
40022000
3fd09800
40180800
3f42d800
400bf000
3f0ab000
401aa800
3f87d000
40116000
3f417800
4016f800
3f15c800
3fd7a000
3f79a000
4040b800
3f800c00
4037c000
3f882400
40355800
3f7ca000
40308800
3f59f000
3fa19000
3f52a000
3fc53000
3f5e0000
402d2800
3fad8800
40241000
3f792800
3fef5000
3f108800
4006e800
3f90cc00
405d2800
3f8a7400
400d9000
3f22c800
3fece000
3f97a000
3fee6000
3fa36000
3fa00000
3f6b0000
40015000
3f129800
3ff68000
3f49c000
3fb9a000
3f883000
3fde1000
3fba2c00
4004f000
3f4bd000
404d3000
3f567800
3f9c9000
3f869000
404f6000
3f658000
3fdb1000
3f38a000
4031a000
3f7ef000
40176000
3f5e8800
401dd800
3f4af000
4031b000
3fa7d400
3fb95000
3f9c8000
3fbd6000
3f4c2000
40145000
3f825c00
4001e800
3f3ed800
401d2000
3f9d2000
40181800
3fbac000
40507800
3f542800
40538800
3f85d400
3fe88000
3f8de000
40507800
3f5c4000
3ffef000
3f2fe800
4020c800
3f76d800
40246000
3fa03400
40147000
3fd8dc00
4002b800
3fcabc00
3fc85000
3f9c8000
4013b000
3f5ea800
40010800
3f343000
3fec8000
3fca9800
402fa000
3fb77400
3fe48000
3f281000
405a5000
3f711000
40154800
3fb4bc00
401e8800
3f3cb000
3fd6b000
3f9d5000
3fc53000
3f7e8000
3ffa9000
3fa33400
40404800
3f780000
3ff03000
3f38d800
3fda2000
3f67c000
403d7000
3f6b4800
40044800
3f9cd800
3fe37000
3f3d0800
40144000
3f572000
40225800
3f964800
40753800
3f7ef000
40145800
3fd61800
3fee7000
3f7b4000
3fafa000
3f67c000
3fc45000
3fc69000
40167800
3f88cc00
40154000
3fc0f000
3fd39000
3f207000
401f3800
3fbbe000
3fb4f000
3f89d000
3fff5000
3f991c00
403f3000
3f7dc800
4037c000
3f620800
40176800
3f83c000
3fd7f000
3fbad400
4045c000
3f3f5800
40088000
3fdd7000
40053000
3ff21c00
402c2800
3f957000
3ff43000
3fa1e800
3fd70000
3f5ac000
4041d000
3f9a1000
3fff5000
3f7e8000
40143000
3f0f8800
40236000
3f952400
3fe11000
3fabb000
4028c800
3fc35800
400df800
3fd4a400
3fd29000
3fc9a400
40322800
3fb40800
40014800
3f168800
40176000
3f75b000
40187800
3f6f1800
40143800
3f49b000
3fafa000
3f8eb000
400c1800
3f8fd000
3fc12000
3f8de000
3feb0000
3f8c4000
40174800
3fb7fc00
3feb0000
3f92c000
3fae1000
3fa4a000
402a1000
3f573000
400fb000
3f2dc800
3fc3f000
3f905000
3ff15000
3f2f5800
3fdf5000
3fa8ec00
40471000
3f8d5800
3ffd7000
3f8b7000
40196000
3f60d800
402a3000
3f928c00
3fe59000
3fca7000
3fbe5000
3f92c000
40447000
3f57a000
3fe3d000
3fce5800
3fe06000
3fa09000
401a8000
3f65f000
406af000
3f711000
3f974000
3f8b7000
404eb800
3f88b800
400c4800
3f9c0400
40255800
3f91b800
3fe88000
3f994000
4031a000
3f932000
3fd93000
3f8aa000
3f9ab000
3f8eb000
3ff30000
3fd55400
401ea800
3f436800
402d2000
3f49a000
3fe38000
3f338800
4051c800
3f6b4800
4011b000
3f838400
400ba800
3fdad400
4003b000
3efa5000
3fe01000
3f8d1000
402c6000
3f7ca000
40520000
3f985400
4061f800
3f800c00
40199000
3f22c000
3ffea000
3fd01c00
3fde8000
3f8aa000
40018800
3f2f7000
40497800
3f567800
3fe38000
3f8de000
4000d000
3fe9a800
405bd800
3f8b0800
403b4000
3f6fe800
404e4800
3f6d9800
40043000
3f9c0800
4016c000
3fa9d400
4006a000
3f1d7800
3fef5000
3f45f000
3f85c000
3f79a000
404da000
3f555000
40074800
3f152000
3fc4e000
3f7e8000
3fc1c000
3f426000
3ff37000
3f91f000
402ec800
3f567800
3fb6d000
3f80e000
40440000
3f620800
4022a800
3f220800
404e4800
3f60e000
403f3000
3f6d9800
4065b000
3f84ac00
406b9800
3f82f000
40283800
3f84ac00
40507800
3f894c00
404c8800
3f93b400
402a2800
3fae3000
405e7800
3f903c00
4021d000
3f3e8800
40051800
3fe00c00
40008800
3f3bb800
400b1000
3f2eb800
40238800
3f9aac00
40062800
3f3de800
3fc8f000
3f62e000
402b1000
3f928c00
3fc80000
3f370000
3fff6000
3f4d9000
401a7800
3f231800
3ff39000
3f9c6000
404c8800
3f7ca000
3fe38000
3f994000
3febe000
3fd52c00
402d4000
3f825c00
3fcff000
3f299800
3ffe1000
3f662000
40333800
3f39f800
3fdbe000
3fc97800
4012a800
3f8d5c00
40420800
3f985400
400bd800
3f3f4800
4036c000
3fa7a800
3fbe0000
3f8f8000
4046d800
3f7ef000
40159800
3f89f000
3faa0000
3f510000
40174000
3fd37c00
3ffae000
3f94b800
40463000
3f9eb000
3ffcc000
3f40f000
3febc000
3f375800
40370800
3f435800
3f8d9000
3f7ce000
40138800
3f897400
3ffb9000
3f8de000
40466800
3f94dc00
3fd39000
3f9ef000
40258000
3fbf4800
3fd3e000
3f5e0000
40062800
3fc17400
3ff46000
3f8d1000
40176000
3fae8c00
4029f000
3f423800
40343800
3f3bf000
404b7000
3f5fb800
40261800
3fa68c00
3fd93000
3f79a000
3fd67000
3f20c800
3fe60000
3f97a000
3fe59000
3fcf2800
405a1800
3f75b000
401ef000
3f3ea800
40507800
3f80a000
40194800
3fb7a800
3fff5000
3fd21000
3f965000
3f828000
40063000
3fc82000
3fa05000
3f835000
3fef1000
3f30f800
3fce4000
3f732000
3fdc3000
3fad2800
4011a000
3fb2a000
3fe88000
3f890000
40458800
3f452000
40280000
3f54e000
404be000
3f42d000
40662000
3f75b000
40761800
3f7a5000
40167800
3f56a800
4004b000
3fb73400
40144800
3f4ba800
40022000
3fc53400
4038a000
3f5e9000
3fe19000
3fcbe800
40515800
3f957000
4002f800
3f3b4000
3fda2000
3f40c000
3fe47000
3f6ca000
3fe6b000
3fb47800
40538800
3f555000
40519000
3f972c00
40315000
3f37a800
40086000
3fa93400
405eb000
3f90d000
3fe06000
3f912000
3fff7000
3f3d5800
3fe33000
3f8aa000
4010b000
3fd9d800
401b5000
3f85d400
40022800
3f59b800
3ffbb000
3f28d800
40166800
3fb1a400
3fda2000
3f6fe000
400f0000
3f626000
404a2000
3f633000
3ffb6000
3f9e2800
3fb4f000
3f3be000
401b2000
3fc19400
3fffb000
3fe6e400
40259800
3f841800
3fe01000
3f7ce000
3fdca000
3f31b000
3fe1a000
3f905000
3ffa7000
3f27b000
3fb72000
3f953000
40233000
3f7b7800
40025000
3f7ce000
3fde1000
3f32d800
3fab4000
3f426000
3fc0d000
3f3d8000
3fd4d000
3f718000
40322000
3f471000
3fda5000
3fd14800
4006f000
3fb9a400
40110800
3f800c00
405c1000
3f84ac00
40451800
3f957000
4046a000
3f9eb000
40435800
3f4e6000
403ad000
3f90d000
3fe1f000
3f89d000
40272000
3f29c800
3ffb1000
3fa6c800
40257000
3f2d0800
3fe7a000
3f3a9800
40128800
3f42a000
3ffbe000
3f7b4000
4018b800
3f8c0c00
3fd7f000
3fa57000
40688800
3f8cc400
40092000
3f3e9800
4008a000
3f8db400
40227000
3f240000
40486000
3f3e3000
402ec000
3f9fdc00
3fd96000
3f199800
3fde3000
3f97a000
400ce800
3f0bd800
3fd3a000
3fc7b000
4011d800
3fa54800
3fb4a000
3f912000
405a8800
3f68f800
3ffa6000
3fa52800
40404800
3f7b7800
3fc67000
3f38a000
4042b000
3f8b9c00
3fbef000
3f84f000
3fc21000
3f3be000
4007a000
3f229000
3ff41000
3fbc9800
3ff0f000
3f38d800
405a8800
3f6d9800
4006a800
3f644000
400d9800
3f89a000
40440000
3f838400
4032e800
3f425000
40455000
3f879000
3fe60000
3fa45c00
3fa1e000
3f905000
400c1000
3fd30400
4006d000
3f496000
401a9000
3f199800
401c0800
3fcfbc00
40102800
3f6a4000
40515800
3f800c00
3fafa000
3f3f2000
4066c800
3f894c00
40092800
3fda5800
40287000
3f6c7000
40535000
3f736000
400e0000
3fcc0400
3fd3e000
3fa23000
3fa78000
3f7b4000
4027c800
3f6b4800
40052800
3fb54000
3fcf2000
3fc27c00
40145000
3f792800
4057e800
3f5c4000
3ff9b000
3f7b4000
401d1000
3f792800
40260800
3f425800
4004d800
3f13a000
40507800
3f555000
40258800
3f2c3800
3fb40000
3fa4a000
3fe06000
3f883000
401ca000
3f93b000
40038000
3f5ae000
4050e800
3f969800
404ac800
3f60e000
40355800
3f7ef000
3fd71000
3fcce400
40140800
3fdad000
4018c000
3f219800
402e0800
3fa3c400
3fbea000
3f8d1000
3ffaa000
3f74c000
3fbc7000
3f48e000
402d2000
3fa8d000
40116800
3f88f800
3f802000
3f869000
3febf000
3f395000
3fdf2000
3f3f2000
40577800
3f6b4800
40455000
3f8fa800
40217000
3f46e000
40145000
3f526000
40665800
3f6c7000
400d2000
3f472800
40386800
3fae0000
3f7aa000
3f801000
40005800
3f129800
4039b000
3f401800
3fd3e000
3f67c000
403b7800
3f9cf400
40201000
3f3f0000
40347800
3fa46800
400c6800
3fd7bc00
3fd66000
3f614000
3fc80000
3f474000
3f9ab000
3f578000
3ff4c000
3f1ab800
3fdb1000
3f48e000
3fd4d000
3f8d1000
3fa4b000
3f96d000
4048d000
3f90d000
3ff89000
3f3f7000
4012a800
3f9d7800
406c4000
3f825c00
3fbbd000
3f842000
404cf800
3f4c1000
40219000
3fa59400
400ff800
3fa4cc00
403c9000
3f41a800
404d3000
3f80a000
3fdd1000
3f431000
3fd1b000
3f474000
3feeb000
3f1ec800
4019c800
3f800c00
3fb40000
3f718000
3f951000
3f696000
4031a000
3f969800
40220800
3f919000
401da800
3fb1f400
3fec9000
3f905000
40127800
3fa23000
40195000
3f5ce800
3fee7000
3f801000
3fe51000
3fd7c800
402fe000
3f7ef000
40383000
3f75b000
40218000
3f5b0800
4017d800
3f868400
402e5800
3f780000
4020c800
3f9b5400
40183800
3f1cd800
3fc5f000
3f301800
40590000
3f8b9c00
402aa000
3f88b800
402fe000
3f8b0800
401cb800
3f295800
3f91a000
3f85c000
4023c000
3f9ca000
40776800
3f82f000
401c7000
3f839400
40347800
3f555000
3fa46000
3f9e2000
405a1800
3f736000
40466800
3f4c1000
3fe15000
3f828000
400e1000
3f439000
4045f800
3f9b3800
3fef9000
3fd99000
40386800
3f8e8000
3ffd7000
3f05a000
40618800
3f90d000
4024d800
3f4f7000
403ef800
3f4ae800
3fd61000
3fc2a400
4017a800
3f376000
40033000
3fd42c00
400e1800
3f2e9800
40283000
3f56d800
40538800
3f985400
3fb13000
3f40c000
3fcd5000
3fa30000
401c8800
3f43e000
4021b000
3f62e800
405e7800
3f85d400
40217800
3fc4fc00
4066c800
3f736000
4018f000
3f20c800
40585800
3f93b400
40665800
3f6d9800
400ba800
3f693800
40338800
3fa0d400
40615000
3f711000
3fc51000
3f32e000
40623000
3f633000
3ff23000
3f939000
3fcb7000
3f252000
3feef000
3fca4400
3fd89000
3f8f8000
4013d800
3fc33800
3ff12000
3fdd2400
401ce000
3fb5dc00
403fd800
3f8b9c00
4013d800
3f95a800
40012800
3f51d800
4011f000
3f314000
3fcb2000
3f2ee000
3fc73000
3fc63c00
40277800
3fb19c00
3ff62000
3f17f000
3ff54000
3f263000
40147800
3f7f6000
40600000
3f838400
3fc77000
3fc25400
401aa800
3f879000
40009800
3f7b4000
3fde3000
3f718000
40009000
3f98c800
3fbc7000
3f84f000
402fa800
3f75b000
40099800
3f390800
40401000
3f4c1000
403da800
3f8b0800
40007000
3fe9a800
40260800
3f6b4800
402d4000
3f58c800
40214800
3f5b0800
401a6000
3f53c000
4002e800
3feaf400
401e2800
3fb97000
402aa000
3f5e9000
40558000
3f8a7400
3fd61000
3f6ca000
4006b000
3f883000
3ff78000
3f423800
40075800
3fd71800
401fa800
3f53f800
40398000
3f960400
40504000
3f792800
402a1000
3fb2e800
3fb77000
3f38a000
3facd000
3f5e0000
40187000
3f504800
3ffde000
3f4d9000
400a9000
3f390800
40084800
3fb68c00
400f1800
3f868800
3f852000
3f835000
40419800
3f8fa800
3fda2000
3fa09000
3fbdb000
3f7ce000
3feb5000
3fd91400
3fcbc000
3f6fe000
3fdc0000
3f578000
3fbf4000
3f8b7000
40061800
3f250000
40032000
3fcf7400
40128000
3f495800
3fed3000
3f648000
40003000
3f013800
40494000
3f3f5800
3fc62000
3f5c6000
401a3800
3f81c800
400c5800
3fe32000
40118000
3f870400
4005f000
3fde1800
40005000
3fdc5000
4042e800
3f6ec000
4038d800
3f780000
3fd11000
3f883000
40136000
3f2ae000
4036a800
3f8fa800
4040f000
3f866800
4055b800
3f997c00
3fe1e000
3f436800
40156000
3f5a4000
3ff9b000
3f67c000
403c2000
3f91f800
3fd60000
3fbbf800
40585800
3f882400
40126800
3f97f000
3fee5000
3fc78000
403d3800
3f84ac00
400f4000
3f0b6000
401e9800
3f86fc00
401e7800
3f5c5000
40218800
3fa78800
3fcb2000
3f939000
40178800
3fc55400
40162000
3fd3d000
3fed3000
3f842000
3fc5a000
3f276800
3fd89000
3f6e4000
40367000
3f780000
3ffa7000
3f97d000
3f848000
3f876000
3fe36000
3fbaa800
4002f000
3f80e000
401ca800
3fcab000
40111800
3f9bd800
3fc63000
3fbec000
4007e800
3f8ed800
40416000
3f3be000
401d4800
3f800c00
3fee2000
3f62e000
402ad800
3f90d000
3fd93000
3fab8800
402f8800
3f41a000
401ff800
3f377800
3fb13000
3f6fe000
400d2800
3f0fc800
3ff5c000
3fce5400
3fc49000
3fa71000
3ff46000
3f946000
402a6000
3fbc5800
401c9000
3f5a0000
40527000
3f89e000
405e0800
3f8cc400
402f7000
3f66a800
40255800
3f5ed800
406bd000
3f75b000
401d4000
3f9fe400
401e2000
3f35f800
40150800
3f118000
40718000
3f800c00
40344000
3f76d800
4015f800
3f169800
4000f000
3f407800
3f9ab000
3f97a000
3fa37000
3f939000
3fe51000
3f801000
402fa800
3f6c7000
4010e000
3fb87c00
40233000
3f88b800
4033d000
3f960400
3fed3000
3f876000
3feeb000
3fd6cc00
40646000
3f866800
3fffe000
3f07f000
400f9800
3fbb9400
400a6800
3fe49800
4027a000
3fa63800
401f9000
3f57e800
3ffc5000
3f261000
40049000
3f321800
403a2800
3f93b400
403c9000
3f86fc00
4065e800
3f88b800
3f9d8000
3f85c000
40252800
3f5a1800
3fd1b000
3f6b0000
3fbe5000
3f828000
40404800
3f894c00
40451800
3f9fd800
40600000
3f825c00
401b3800
3f9ca400
403e1800
3f8c3000
402a6800
3f81c800
40116800
3fb94c00
40299800
3f34c800
3fb6d000
3f9ae000
3f8ac000
3f79a000
3fb68000
3f33c000
405c1000
3f59f000
3ff43000
3fa89400
40394800
3f489800
40273000
3f40b800
3ff0a000
3f8de000
404c5000
3f4e6000
3f997000
3f696000
40014800
3f1f3800
401d6800
3f5fe800
3fa6e000
3f67c000
4030f800
3f985400
403fd800
3f98e800
3fb36000
3f835000
403b7800
3f866800
3f98d000
3f67c000
3fb9a000
3f4f6000
40439000
3f80a000
40202000
3f3a4000
40143800
3f649000
4018c000
3f875400
40087800
3f38b000
3ff44000
3fd16c00
40162800
3f324800
3ff5a000
3f04f000
4036b000
3fb11800
402bb800
3f94dc00
3fe9f000
3f38f800
403ef800
3f960400
3fc93000
3f2e7800
3fe88000
3f156800
4014b800
3fd8dc00
4009e000
3f2d9000
400fa800
3f31b800
400a5000
3fa4f800
4021a000
3f3c9000
3fa23000
3f92c000
40083800
3f118800
3fd25000
3f7b4000
400f3000
3f81d000
4062d800
3f67d000
40519000
3f8a7400
404ba800
3f736000
40138000
3f4f4000
40153000
3fb6b000
402e2000
3f6c7000
3fd3e000
3f92c000
40037000
3f0c9000
3fb27000
3fa3d000
4001d800
3f5a8800
3f90b000
3f912000
3ff4b000
3fdbac00
40108000
3fdaa800
4010d800
3f844000
3fc67000
3f835000
402af000
3fbfec00
40036800
3f01e800
3fea8000
3fc44000
3fe01000
3f835000
3ffdc000
3f8d1000
3f99c000
3f96d000
3f956000
3f6ca000
4028a800
3f792800
3feb0000
3f876000
40558000
3f7dc800
4063b800
3f882400
405fc800
3f825c00
40016000
3fbdb800
40398000
3f94dc00
3fc62000
3fab2000
40272000
3f29c800
3fc26000
3f8f8000
401bd800
3fd08c00
4037c000
3f620800
402e2000
3f80a000
3fb22000
3f766000
40020800
3f9a6800
3fd34000
3f9ef000
40027800
3f835000
400b4000
3f551000
401b6800
3fb24800
402d0800
3f6d9800
3ff44000
3f18c000
3fe7e000
3f835000
3fe9c000
3f801000
3fec6000
3fc7d400
4021f000
3fc4fc00
3fe1f000
3f3f2000
402e4000
3fa10000
3fcba000
3fbee800
40188800
3f246000
40189000
3fc43000
3fee2000
3f8d1000
40318000
3fb7f000
3fb4a000
3f6e4000
40048000
3f780000
40474800
3f489800
3fc0c000
3fbe4400
3fd68000
3fce0800
3fc76000
3f9bb000
40301800
3f932000
3fe1e000
3fd43400
40035800
3f1ec000
4025f000
3fbf4800
4046a000
3f879000
40080800
3feac800
3ff2d000
3f946000
3fd84000
3f883000
3fab4000
3f96d000
4039b800
3f7dc800
3fc99000
3f81b000
3ff1a000
3f147800
40072800
3f828000
40052000
3f166800
40049000
3f154000
3fb9a000
3f6b0000
405d6000
3f75b000
3ff8c000
3f6fe000
3fc96000
3f333800
405b6800
3f8f1400
4029f800
3fa97800
4008e000
3f2c6800
3f861000
3f84f000
3fbb8000
3f5ac000
3feb0000
3f780000
3fe1f000
3f8f8000
4005e800
3fb54000
40163000
3f13d000
3ff70000
3fb1b000
40156800
3f538800
40166800
3fb1a400
3fa91000
3fa09000
40260800
3f68f800
401e9800
3f935c00
406c0800
3f800c00
4031a000
3f60e000
4036d000
3f409000
40025800
3fc53400
3fd25000
3fa16000
40019000
3fddf000
400e0800
3f27e000
401ef800
3f579000
406ee000
3f88b800
40011000
3f6fe000
3fb4f000
3f801000
402b8000
3f916400
3fc58000
3f960000
3ff11000
3f4d0000
40144000
3f294000
3fc1f000
3f290800
403d0000
3f985400
4013d800
3f55f800
3fef6000
3f960000
3fae1000
3f905000
4003a000
3fc2ec00
40408000
3f93b400
3fd4a000
3f3d4800
40296000
3fc16400
3fdff000
3faf9800
3fe84000
3fa52c00
3f9b5000
3f905000
4012f000
3f80d400
3fe56000
3f828000
3ffd4000
3f099000
3fe0a000
3fc53c00
3fe43000
3fb98400
3fe3e000
3fad5000
3fe3c000
3fae2000
40182000
3f2b1800
404ac800
3f58c800
401a9800
3f25e000
40181800
3fcbac00
3f9f1000
3f89d000
40378800
3f94dc00
3fcd2000
3fbee800
4017b000
3f337000
3fe3d000
3fa96800
4060a800
3f780000
40100800
3fa4cc00
40180800
3fc6f400
401b8800
3f75b000
3fcf3000
3fa16000
3ff0a000
3fb18800
40264800
3f26a800
40013800
3faba800
40185000
3f5db800
3ff6e000
3f766000
40054000
3fee3400
3fe06000
3f79a000
3fe6f000
3f6ca000
40059000
3f912000
405dd000
3f8b0800
401cd000
3f839400
4000e800
3eff3000
3fdf7000
3f3f2000
40515800
3f7a5000
3fdca000
3f780000
3fd2f000
3f9d5000
3ff7d000
3fb92c00
3fdd4000
3fa23000
40213800
3f82f000
3fb2c000
3f8eb000
3fe15000
3fa16000
404d6800
3f8dec00
3fffe000
3fc8a000
4042b000
3f6c7000
3fc5d000
3f912000
40339800
3f841800
3fb72000
3fa98000
3fca8000
3f994000
4000f000
3fd79800
402e4800
3f37c800
40103800
3fb9a000
3fef5000
3fc0d400
3ffdc000
3f551800
3fc5e000
3f2b5800
40195800
3f88b800
4004f800
3f883000
3fd07000
3f286000
3ff8c000
3f766000
40213800
3f7a5000
3fd89000
3f45a000
404d3000
3f841800
401db000
3fad3c00
40618800
3f7dc800
401b3000
3fceec00
3fd16000
3f2d4000
40543000
3f86fc00
402ac800
3f416800
40214800
3f2d2800
4023f000
3f9b7c00
3ff4f000
3f541000
405b6800
3f6ec000
40401000
3f932000
3ff23000
3f780000
40175000
3f673800
40243000
3f2be000
40554800
3f8dec00
40153000
3f84ac00
400a9000
3fa30400
402bc000
3f364800
3fc99000
3fb0d000
3fde5000
3f30e000
404d6800
3f89e000
3fa00000
3f80e000
40149000
3f656000
400b8800
3fbc9000
40102800
3f257000
3f8e8000
3f67c000
401d8800
3fd22c00
40127800
3fa80c00
3fc62000
3f9e2000
400fa000
3f0d5800
40486000
3f452000
4011c000
3fce2000
400b1000
3f318000
4016b000
3f56a800
40306800
3f4b7800
40515800
3f60e000
40489800
3f8fa800
40650800
3f658000
3fc30000
3fa4a000
404f9800
3f879000
403cc800
3f813400
401bb800
3f606000
3f956000
3f662000
3fe95000
3fbad000
3fa96000
3fa09000
405fc800
3f903c00
3fb95000
3faa5000
3ffe3000
3f104800
40148800
3f7dc800
400ce000
3f37c000
40348800
3f3b2000
404d3000
3f748800
3fd07000
3f9bb000
4050b000
3f6b4800
3fdbc000
3fbb5000
403b0800
3f8b9c00
4015a000
3f80a000
404be000
3f6ec000
400de800
3fb27800
4026b000
3f813400
40154000
3f1cf800
3fbe5000
3f946000
3ffdc000
3f91f000
40241000
3f620800
40078000
3feeb000
40209800
3f4d9800
401ca000
3f854000
3fa6e000
3f6e4000
400f1000
3f5c7800
4007c800
3f869000
401b5000
3f6fe800
3f70a000
3f81b000
3f8bb000
3f6b0000
3f9f1000
3f510000
3fb27000
3f38a000
3fc5d000
3f1ea000
3fc94000
3f223000
3fdca000
3f153000
3ff00000
3f090000
4001b000
3ef80000
3f875000
3f718000
3f9ab000
3f578000
3fae1000
3f3f2000
3fc17000
3f252000
3fc52000
3f257000
3fd88000
3f187000
3febe000
3f0c4000
3fff4000
3efe8000
3f82f000
3f79a000
3f965000
3f5fa000
3fa9b000
3f474000
3fbd1000
3f2d4000
3fc10000
3f29d800
3fd46000
3f1cd800
3fe7c000
3f10a800
3ffb2000
3f03a800
3f7d2000
3f801000
3f91f000
3f662000
3fa55000
3f4dc000
3fb8b000
3f33c000
3fbce000
3f2d1800
3fd04000
3f201800
3fe3a000
3f13e800
3ff70000
3f06e800
40053000
3ef57000
3f8d9000
3f6e4000
3fa0f000
3f55e000
3fb45000
3f3be000
3fc7b000
3f238000
3fcc2000
3f248000
3fdf8000
3f185000
3ff2e000
3f0b5000
40032000
3efe4000
3f893000
3f74c000
3f9c9000
3f5c6000
3faff000
3f426000
3fc35000
3f2a0000
3fc80000
3f27c000
3fdb6000
3f1b9000
3feec000
3f0e9000
40011000
3f026000
3f84d000
3f7ce000
3f983000
3f648000
3fab9000
3f4a8000
3fbef000
3f322000
3fc3e000
3f2c2800
3fd74000
3f1ff800
3feaa000
3f12f800
3ffe0000
3f06c800
3f807000
3f81b000
3f93d000
3f6b0000
3fa73000
3f510000
3fba9000
3f38a000
3fbfc000
3f2f6800
3fd32000
3f233800
3fe68000
3f163800
3ff9e000
3f0a0800
4006a000
3efa1000
3f8f7000
3f732000
3fa2d000
3f592000
3fb63000
3f40c000
3fc99000
3f26c000
3fcf0000
3f27a000
3fe26000
3f1aa000
3ff5c000
3f0e7000
40049000
3f017000
3f8b1000
3f79a000
3f9e7000
3f5fa000
3fb1d000
3f474000
3fc53000
3f2d4000
3fcae000
3f2ae000
3fde4000
3f1de000
3ff1a000
3f11b000
40028000
3f04b000
3f86b000
3f80e000
3f9a1000
3f67c000
3fad7000
3f4f6000
3fc0d000
3f356000
3fc6c000
3f2f4800
3fda2000
3f224800
3fed8000
3f161800
40007000
3f091800
3f825000
3f842000
3f95b000
3f6e4000
3fa91000
3f55e000
3fbc7000
3f3be000
3fc2a000
3f328800
3fd60000
3f258800
3fe96000
3f195800
3ffcc000
3f0c5800
40081000
3f002800
3f915000
3f766000
3fa4b000
3f5e0000
3fb81000
3f440000
3fcb7000
3f2ba000
3fd1e000
3f29f000
3fe54000
3f1dc000
3ff8a000
3f10c000
40060000
3f049000
3f8cf000
3f7ce000
3fa05000
3f648000
3fb3b000
3f4a8000
3fc71000
3f322000
3fcdc000
3f2d3000
3fe12000
3f210000
3ff48000
3f140000
4003f000
3f07d000
3f889000
3f828000
3f9bf000
3f6ca000
3faf5000
3f52a000
3fc2b000
3f3a4000
3fc9a000
3f319800
3fdd0000
3f256800
3ff06000
3f186800
4001e000
3f0c3800
3f843000
3f85c000
3f979000
3f732000
3faaf000
3f592000
3fbe5000
3f40c000
3fc58000
3f34d800
3fd8e000
3f28a800
3fec4000
3f1ba800
3fffa000
3f0f7800
40098000
3f027800
3f933000
3f7b4000
3fa69000
3f614000
3fb9f000
3f48e000
3fcd5000
3f2ee000
3fd4c000
3f2d1000
3fe82000
3f201000
3ffb8000
3f13e000
40077000
3f06e000
3f8ed000
3f80e000
3fa23000
3f67c000
3fb59000
3f4f6000
3fc8f000
3f356000
3fd0a000
3f305000
3fe40000
3f235000
3ff76000
3f172000
40056000
3f0a2000
3f8a7000
3f84f000
3f9dd000
3f6fe000
3fb13000
3f578000
3fc49000
3f3d8000
3fcc8000
3f34b800
3fdfe000
3f27b800
3ff34000
3f1b8800
40035000
3f0e8800
3f861000
3f883000
3f997000
3f766000
3facd000
3f5e0000
3fc03000
3f440000
3fd39000
3f2ba000
3fdbc000
3f2af800
3fef2000
3f1ec800
40014000
3f11c800
400af000
3f059800
3f951000
3f7e8000
3fa87000
3f662000
3fbbd000
3f4c2000
3fcf3000
3f33c000
3fd7a000
3f2f6000
3feb0000
3f233000
3ffe6000
3f163000
4008e000
3f0a0000
3f90b000
3f828000
3fa41000
3f6ca000
3fb77000
3f52a000
3fcad000
3f3a4000
3fd38000
3f32a000
3fe6e000
3f267000
3ffa4000
3f197000
4006d000
3f0d4000
3f8c5000
3f869000
3f9fb000
3f74c000
3fb31000
3f5ac000
3fc67000
3f426000
3fcf6000
3f370800
3fe2c000
3f2ad800
3ff62000
3f1dd800
4004c000
3f11a800
3f87f000
3f89d000
3f9b5000
3f7b4000
3faeb000
3f614000
3fc21000
3f48e000
3fd57000
3f2ee000
3fdea000
3f2e1800
3ff20000
3f211800
4002b000
3f14e800
400c6000
3f07e800
3f96f000
3f81b000
3faa5000
3f696000
3fbdb000
3f510000
3fd11000
3f370000
3fda8000
3f328000
3fede000
3f258000
4000a000
3f195000
400a5000
3f0c5000
3f929000
3f84f000
3fa5f000
3f6fe000
3fb95000
3f578000
3fccb000
3f3d8000
3fd66000
3f35c000
3fe9c000
3f28c000
3ffd2000
3f1c9000
40084000
3f0f9000
3f8e3000
3f890000
3fa19000
3f780000
3fb4f000
3f5fa000
3fc85000
3f45a000
3fd24000
3f3a2800
3fe5a000
3f2d2800
3ff90000
3f20f800
40063000
3f13f800
3f89d000
3f8c4000
3f9d3000
3f7e8000
3fb09000
3f662000
3fc3f000
3f4c2000
3fd75000
3f33c000
3fe18000
3f306800
3ff4e000
3f243800
40042000
3f173800
400dd000
3f0b0800
3f98d000
3f835000
3fac3000
3f6e4000
3fbf9000
3f544000
3fd2f000
3f3be000
3fdd6000
3f34d000
3ff0c000
3f28a000
40021000
3f1ba000
400bc000
3f0f7000
3f947000
3f869000
3fa7d000
3f74c000
3fbb3000
3f5ac000
3fce9000
3f426000
3fd94000
3f381000
3feca000
3f2be000
40000000
3f1ee000
4009b000
3f12b000
3f901000
3f8aa000
3fa37000
3f7ce000
3fb6d000
3f62e000
3fca3000
3f4a8000
3fd52000
3f3c7800
3fe88000
3f304800
3ffbe000
3f234800
4007a000
3f171800
3f8bb000
3f8de000
3f9f1000
3f81b000
3fb27000
3f696000
3fc5d000
3f510000
3fd93000
3f370000
3fe46000
3f338800
3ff7c000
3f268800
40059000
3f1a5800
400f4000
3f0d5800
3f9ab000
3f85c000
3fae1000
3f718000
3fc17000
3f592000
3fd4d000
3f3f2000
3fe04000
3f37f000
3ff3a000
3f2af000
40038000
3f1ec000
400d3000
3f11c000
3f965000
3f890000
3fa9b000
3f780000
3fbd1000
3f5fa000
3fd07000
3f45a000
3fdc2000
3f3b3000
3fef8000
3f2e3000
40017000
3f220000
400b2000
3f150000
3f91f000
3f8d1000
3fa55000
3f801000
3fb8b000
3f67c000
3fcc1000
3f4dc000
3fd80000
3f3f9800
3feb6000
3f329800
3ffec000
3f266800
40091000
3f196800
4012c000
3f0d3800
3fa0f000
3f835000
3fb45000
3f6e4000
3fc7b000
3f544000
3fdb1000
3f3be000
3fe74000
3f35d800
3ffaa000
3f29a800
40070000
3f1ca800
4010b000
3f107800
3f9c9000
3f876000
3faff000
3f766000
3fc35000
3f5c6000
3fd6b000
3f440000
3fe32000
3f3a4000
3ff68000
3f2e1000
4004f000
3f211000
400ea000
3f14e000
3f983000
3f8aa000
3fab9000
3f7ce000
3fbef000
3f62e000
3fd25000
3f4a8000
3fdf0000
3f3d8000
3ff26000
3f315000
4002e000
3f245000
400c9000
3f182000
3f93d000
3f8eb000
3fa73000
3f828000
3fba9000
3f6b0000
3fcdf000
3f52a000
3fdae000
3f41e800
3fee4000
3f35b800
4000d000
3f28b800
400a8000
3f1c8800
40143000
3f0f8800
3fa2d000
3f85c000
3fb63000
3f718000
3fc99000
3f592000
3fdcf000
3f3f2000
3fea2000
3f38f800
3ffd8000
3f2bf800
40087000
3f1fc800
40122000
3f12c800
3f9e7000
3f89d000
3fb1d000
3f79a000
3fc53000
3f614000
3fd89000
3f474000
3fe60000
3f3d6000
3ff96000
3f306000
40066000
3f243000
40101000
3f173000
3f9a1000
3f8d1000
3fad7000
3f801000
3fc0d000
3f67c000
3fd43000
3f4dc000
3fe1e000
3f40a000
3ff54000
3f33a000
40045000
3f277000
400e0000
3f1a7000
3f95b000
3f912000
3fa91000
3f842000
3fbc7000
3f6fe000
3fcfd000
3f55e000
3fddc000
3f450800
3ff12000
3f380800
40024000
3f2bd800
400bf000
3f1ed800
4015a000
3f12a800
3fa4b000
3f876000
3fb81000
3f766000
3fcb7000
3f5c6000
3fded000
3f440000
3fed0000
3f3b4800
40003000
3f2f1800
4009e000
3f221800
40139000
3f15e800
3fa05000
3f8b7000
3fb3b000
3f7e8000
3fc71000
3f648000
3fda7000
3f4c2000
3fe8e000
3f3fb000
3ffc4000
3f338000
4007d000
3f268000
40118000
3f1a5000
3f9bf000
3f8eb000
3faf5000
3f828000
3fc2b000
3f6b0000
3fd61000
3f52a000
3fe4c000
3f42f000
3ff82000
3f36c000
4005c000
3f29c000
400f7000
3f1d9000
3f979000
3f92c000
3faaf000
3f869000
3fbe5000
3f732000
3fd1b000
3f5ac000
3fe0a000
3f475800
3ff40000
3f3b2800
4003b000
3f2e2800
400d6000
3f21f800
40171000
3f14f800
3fa69000
3f89d000
3fb9f000
3f79a000
3fcd5000
3f614000
3fe0b000
3f474000
3fefe000
3f3e6800
4001a000
3f316800
400b5000
3f253800
40150000
3f183800
3fa23000
3f8de000
3fb59000
3f80e000
3fc8f000
3f696000
3fdc5000
3f4f6000
3febc000
3f42d000
3fff2000
3f35d000
40094000
3f29a000
4012f000
3f1ca000
3f9dd000
3f912000
3fb13000
3f842000
3fc49000
3f6fe000
3fd7f000
3f55e000
3fe7a000
3f461000
3ffb0000
3f391000
40073000
3f2ce000
4010e000
3f1fe000
3f997000
3f953000
3facd000
3f883000
3fc03000
3f780000
3fd39000
3f5e0000
3fe6f000
3f45a000
3ff6e000
3f3d7800
40052000
3f314800
400ed000
3f244800
40188000
3f181800
3fa87000
3f8b7000
3fbbd000
3f7e8000
3fcf3000
3f648000
3fe29000
3f4c2000
3ff2c000
3f40b800
40031000
3f348800
400cc000
3f278800
40167000
3f1b5800
3fa41000
3f8f8000
3fb77000
3f835000
3fcad000
3f6ca000
3fde3000
3f544000
3feea000
3f452000
40010000
3f38f000
400ab000
3f2bf000
40146000
3f1fc000
3f9fb000
3f92c000
3fb31000
3f869000
3fc67000
3f732000
3fd9d000
3f5ac000
3fea8000
3f486000
3ffde000
3f3c3000
4008a000
3f2f3000
40125000
3f230000
3f9b5000
3f96d000
3faeb000
3f8aa000
3fc21000
3f7b4000
3fd57000
3f62e000
3fe8d000
3f48e000
3ff9c000
3f409800
40069000
3f339800
40104000
3f276800
4019f000
3f1a6800
3faa5000
3f8de000
3fbdb000
3f80e000
3fd11000
3f696000
3fe47000
3f4f6000
3ff5a000
3f43d800
40048000
3f36d800
400e3000
3f2aa800
4017e000
3f1da800
3fa5f000
3f91f000
3fb95000
3f84f000
3fccb000
3f718000
3fe01000
3f578000
3ff18000
3f484000
40027000
3f3b4000
400c2000
3f2f1000
4015d000
3f221000
3fa19000
3f953000
3fb4f000
3f883000
3fc85000
3f780000
3fdbb000
3f5e0000
3fed6000
3f4b8000
40006000
3f3e8000
400a1000
3f325000
4013c000
3f255000
3f9d3000
3f994000
3fb09000
3f8c4000
3fc3f000
3f801000
3fd75000
3f662000
3feab000
3f4dc000
3ffca000
3f42e800
40080000
3f36b800
4011b000
3f29b800
401b6000
3f1d8800
3fac3000
3f8f8000
3fbf9000
3f835000
3fd2f000
3f6ca000
3fe65000
3f544000
3ff88000
3f462800
4005f000
3f39f800
400fa000
3f2cf800
40195000
3f20c800
3fa7d000
3f939000
3fbb3000
3f876000
3fce9000
3f74c000
3fe1f000
3f5c6000
3ff46000
3f4a9000
4003e000
3f3e6000
400d9000
3f316000
40174000
3f253000
3fa37000
3f96d000
3fb6d000
3f8aa000
3fca3000
3f7b4000
3fdd9000
3f62e000
3ff04000
3f4dd000
4001d000
3f41a000
400b8000
3f34a000
40153000
3f287000
3f9f1000
3f9ae000
3fb27000
3f8eb000
3fc5d000
3f81b000
3fd93000
3f6b0000
3fec9000
3f510000
3fff8000
3f460800
40097000
3f390800
40132000
3f2cd800
401cd000
3f1fd800
3fae1000
3f91f000
3fc17000
3f84f000
3fd4d000
3f718000
3fe83000
3f578000
3ffb6000
3f494800
40076000
3f3c4800
40111000
3f301800
401ac000
3f231800
3fa9b000
3f960000
3fbd1000
3f890000
3fd07000
3f79a000
3fe3d000
3f5fa000
3ff74000
3f4db000
40055000
3f40b000
400f0000
3f348000
4018b000
3f278000
3fa55000
3f994000
3fb8b000
3f8c4000
3fcc1000
3f801000
3fdf7000
3f662000
3ff32000
3f50f000
40034000
3f43f000
400cf000
3f37c000
4016a000
3f2ac000
40205000
3f1e9000
3fb45000
3f905000
3fc7b000
3f842000
3fdb1000
3f6e4000
3fee7000
3f55e000
40013000
3f485800
400ae000
3f3c2800
40149000
3f2f2800
401e4000
3f22f800
3faff000
3f939000
3fc35000
3f876000
3fd6b000
3f74c000
3fea1000
3f5c6000
3ffe4000
3f4b9800
4008d000
3f3f6800
40128000
3f326800
401c3000
3f263800
3fab9000
3f97a000
3fbef000
3f8b7000
3fd25000
3f7ce000
3fe5b000
3f648000
3ffa2000
3f500000
4006c000
3f43d000
40107000
3f36d000
401a2000
3f2aa000
3fa73000
3f9ae000
3fba9000
3f8eb000
3fcdf000
3f81b000
3fe15000
3f6b0000
3ff60000
3f534000
4004b000
3f471000
400e6000
3f3a1000
40181000
3f2de000
4021c000
3f20e000
3fb63000
3f92c000
3fc99000
3f85c000
3fdcf000
3f732000
3ff05000
3f592000
4002a000
3f4b7800
400c5000
3f3e7800
40160000
3f324800
401fb000
3f254800
3fb1d000
3f960000
3fc53000
3f890000
3fd89000
3f79a000
3febf000
3f5fa000
40009000
3f4eb800
400a4000
3f41b800
4013f000
3f358800
401da000
3f288800
3fad7000
3f9a1000
3fc0d000
3f8d1000
3fd43000
3f80e000
3fe79000
3f67c000
3ffd0000
3f532000
40083000
3f462000
4011e000
3f39f000
401b9000
3f2cf000
3fa91000
3f9d5000
3fbc7000
3f905000
3fcfd000
3f842000
3fe33000
3f6e4000
3ff8e000
3f566000
40062000
3f496000
400fd000
3f3d3000
40198000
3f303000
40233000
3f240000
3fb81000
3f946000
3fcb7000
3f883000
3fded000
3f766000
3ff23000
3f5e0000
40041000
3f4dc800
400dc000
3f419800
40177000
3f349800
40212000
3f286800
3fb3b000
3f97a000
3fc71000
3f8b7000
3fda7000
3f7ce000
3fedd000
3f648000
40020000
3f510800
400bb000
3f44d800
40156000
3f37d800
401f1000
3f2ba800
3faf5000
3f9bb000
3fc2b000
3f8f8000
3fd61000
3f828000
3fe97000
3f6ca000
3fffe000
3f557000
4009a000
3f494000
40135000
3f3c4000
401d0000
3f301000
3faaf000
3f9ef000
3fbe5000
3f92c000
3fd1b000
3f85c000
3fe51000
3f732000
3ffbc000
3f58b000
40079000
3f4c8000
40114000
3f3f8000
401af000
3f335000
4024a000
3f265000
3fb9f000
3f96d000
3fcd5000
3f89d000
3fe0b000
3f7b4000
3ff41000
3f614000
40058000
3f50e800
400f3000
3f43e800
4018e000
3f37b800
40229000
3f2ab800
3fb59000
3f9a1000
3fc8f000
3f8d1000
3fdc5000
3f80e000
3fefb000
3f67c000
40037000
3f542800
400d2000
3f472800
4016d000
3f3af800
40208000
3f2df800
3fb13000
3f9e2000
3fc49000
3f912000
3fd7f000
3f84f000
3feb5000
3f6fe000
40016000
3f589000
400b1000
3f4b9000
4014c000
3f3f6000
401e7000
3f326000
3facd000
3fa16000
3fc03000
3f946000
3fd39000
3f883000
3fe6f000
3f766000
3ffa5000
3f5e0000
40090000
3f4ed000
4012b000
3f42a000
401c6000
3f35a000
40261000
3f297000
3fbbd000
3f987000
3fcf3000
3f8c4000
3fe29000
3f7e8000
3ff5f000
3f662000
4006f000
3f533800
4010a000
3f470800
401a5000
3f3a0800
40240000
3f2dd800
3fb77000
3f9bb000
3fcad000
3f8f8000
3fde3000
3f828000
3ff19000
3f6ca000
4004e000
3f567800
400e9000
3f4a4800
40184000
3f3d4800
4021f000
3f311800
3fb31000
3f9fc000
3fc67000
3f939000
3fd9d000
3f869000
3fed3000
3f74c000
4002d000
3f5ae000
400c8000
3f4eb000
40163000
3f41b000
401fe000
3f358000
3faeb000
3fa30000
3fc21000
3f96d000
3fd57000
3f89d000
3fe8d000
3f7b4000
3ffc3000
3f614000
400a7000
3f51f000
40142000
3f44f000
401dd000
3f38c000
40278000
3f2bc000
3fbdb000
3f9ae000
3fd11000
3f8de000
3fe47000
3f81b000
3ff7d000
3f696000
40086000
3f565800
40121000
3f495800
401bc000
3f3d2800
40257000
3f302800
3fb95000
3f9e2000
3fccb000
3f912000
3fe01000
3f84f000
3ff37000
3f6fe000
40065000
3f599800
40100000
3f4c9800
4019b000
3f406800
40236000
3f336800
3fb4f000
3fa23000
3fc85000
3f953000
3fdbb000
3f890000
3fef1000
3f780000
40044000
3f5e0000
400df000
3f510000
4017a000
3f44d000
40215000
3f37d000
3fb09000
3fa57000
3fc3f000
3f987000
3fd75000
3f8c4000
3feab000
3f7e8000
3ffe1000
3f662000
400be000
3f544000
40159000
3f481000
401f4000
3f3b1000
4028f000
3f2ee000
3fbf9000
3f9c8000
3fd2f000
3f905000
3fe65000
3f835000
3ff9b000
3f6e4000
4009d000
3f58a800
40138000
3f4c7800
401d3000
3f3f7800
4026e000
3f334800
3fbb3000
3f9fc000
3fce9000
3f939000
3fe1f000
3f869000
3ff55000
3f74c000
4007c000
3f5be800
40117000
3f4fb800
401b2000
3f42b800
4024d000
3f368800
3fb6d000
3fa3d000
3fca3000
3f97a000
3fdd9000
3f8aa000
3ff0f000
3f7ce000
4005b000
3f605000
400f6000
3f542000
40191000
3f472000
4022c000
3f3af000
3fb27000
3fa71000
3fc5d000
3f9ae000
3fd93000
3f8de000
3fec9000
3f81b000
3ffff000
3f696000
400d5000
3f576000
40170000
3f4a6000
4020b000
3f3e3000
402a6000
3f313000
3fc17000
3f9ef000
3fd4d000
3f91f000
3fe83000
3f85c000
3ffb9000
3f718000
400b4000
3f5bc800
4014f000
3f4ec800
401ea000
3f429800
40285000
3f359800
3fbd1000
3fa23000
3fd07000
3f953000
3fe3d000
3f890000
3ff73000
3f780000
40093000
3f5f0800
4012e000
3f520800
401c9000
3f45d800
40264000
3f38d800
3fb8b000
3fa64000
3fcc1000
3f994000
3fdf7000
3f8d1000
3ff2d000
3f801000
40072000
3f637000
4010d000
3f567000
401a8000
3f4a4000
40243000
3f3d4000
402de000
3f311000
3fc7b000
3f9c8000
3fdb1000
3f905000
3fee7000
3f835000
4000e800
3f6e4000
400ec000
3f59b000
40187000
3f4d8000
40222000
3f408000
402bd000
3f345000
3fc35000
3fa09000
3fd6b000
3f946000
3fea1000
3f876000
3ffd7000
3f766000
400cb000
3f5e1800
40166000
3f51e800
40201000
3f44e800
4029c000
3f38b800
3fbef000
3fa3d000
3fd25000
3f97a000
3fe5b000
3f8aa000
3ff91000
3f7ce000
400aa000
3f615800
40145000
3f552800
401e0000
3f482800
4027b000
3f3bf800
3fba9000
3fa7e000
3fcdf000
3f9bb000
3fe15000
3f8eb000
3ff4b000
3f828000
40089000
3f65c000
40124000
3f599000
401bf000
3f4c9000
4025a000
3f406000
402f5000
3f336000
3fc99000
3f9ef000
3fdcf000
3f91f000
3ff05000
3f85c000
4001d800
3f718000
40103000
3f5cd000
4019e000
3f4fd000
40239000
3f43a000
402d4000
3f36a000
3fc53000
3fa30000
3fd89000
3f960000
3febf000
3f89d000
3fff5000
3f79a000
400e2000
3f613800
4017d000
3f543800
40218000
3f480800
402b3000
3f3b0800
3fc0d000
3fa64000
3fd43000
3f994000
3fe79000
3f8d1000
3ffaf000
3f801000
400c1000
3f647800
4015c000
3f577800
401f7000
3f4b4800
40292000
3f3e4800
3fbc7000
3faa5000
3fcfd000
3f9d5000
3fe33000
3f912000
3ff69000
3f842000
400a0000
3f68e000
4013b000
3f5be000
401d6000
3f4fb000
40271000
3f42b000
4030c000
3f368000
3fcb7000
3fa09000
3fded000
3f946000
3ff23000
3f876000
4002c800
3f766000
4011a000
3f5f2000
401b5000
3f52f000
40250000
3f45f000
402eb000
3f39c000
3fc71000
3fa4a000
3fda7000
3f987000
3fedd000
3f8b7000
40009800
3f7e8000
400f9000
3f638800
40194000
3f575800
4022f000
3f4a5800
402ca000
3f3e2800
3fc2b000
3fa7e000
3fd61000
3f9bb000
3fe97000
3f8eb000
3ffcd000
3f828000
400d8000
3f66c800
40173000
3f5a9800
4020e000
3f4d9800
402a9000
3f416800
3fbe5000
3fabf000
3fd1b000
3f9fc000
3fe51000
3f92c000
3ff87000
3f869000
400b7000
3f6b3000
40152000
3f5f0000
401ed000
3f520000
40288000
3f45d000
40323000
3f38d000
3fcd5000
3fa30000
3fe0b000
3f960000
3ff41000
3f89d000
4003b800
3f79a000
40131000
3f624000
401cc000
3f554000
40267000
3f491000
40302000
3f3c1000
3fc8f000
3fa71000
3fdc5000
3f9a1000
3fefb000
3f8de000
40018800
3f80e000
40110000
3f66a800
401ab000
3f59a800
40246000
3f4d7800
402e1000
3f407800
3fc49000
3faa5000
3fd7f000
3f9d5000
3feb5000
3f912000
3ffeb000
3f842000
400ef000
3f69e800
4018a000
3f5ce800
40225000
3f50b800
402c0000
3f43b800
3fc03000
3fae6000
3fd39000
3fa16000
3fe6f000
3f953000
3ffa5000
3f883000
4006d800
3f780000
40169000
3f615000
40204000
3f552000
4029f000
3f482000
4033a000
3f3bf000
3fcf3000
3fa4a000
3fe29000
3f987000
3ff5f000
3f8b7000
4004a800
3f7e8000
40148000
3f649000
401e3000
3f586000
4027e000
3f4b6000
40319000
3f3f3000
3fcad000
3fa8b000
3fde3000
3f9c8000
3ff19000
3f8f8000
40027800
3f835000
40127000
3f68f800
401c2000
3f5cc800
4025d000
3f4fc800
402f8000
3f439800
3fc67000
3fabf000
3fd9d000
3f9fc000
3fed3000
3f92c000
40004800
3f869000
40106000
3f6c3800
401a1000
3f600800
4023c000
3f530800
402d7000
3f46d800
3fc21000
3fb00000
3fd57000
3fa3d000
3fe8d000
3f96d000
3ffc3000
3f8aa000
4007c800
3f7b4000
40180000
3f647000
4021b000
3f577000
402b6000
3f4b4000
40351000
3f3e4000
3fd11000
3fa71000
3fe47000
3f9a1000
3ff7d000
3f8de000
40059800
3f80e000
4015f000
3f67b000
401fa000
3f5ab000
40295000
3f4e8000
40330000
3f418000
3fccb000
3fab2000
3fe01000
3f9e2000
3ff37000
3f91f000
40036800
3f84f000
4013e000
3f6c1800
401d9000
3f5f1800
40274000
3f52e800
4030f000
3f45e800
3fc85000
3fae6000
3fdbb000
3fa16000
3fef1000
3f953000
40013800
3f883000
4011d000
3f6f5800
401b8000
3f625800
40253000
3f562800
402ee000
3f492800
3fc3f000
3fb27000
3fd75000
3fa57000
3feab000
3f994000
3ffe1000
3f8c4000
4008b800
3f801000
40197000
3f66c000
40232000
3f5a9000
402cd000
3f4d9000
40368000
3f416000
3fd2f000
3fa8b000
3fe65000
3f9c8000
3ff9b000
3f8f8000
40068800
3f835000
40176000
3f6a0000
40211000
3f5dd000
402ac000
3f50d000
40347000
3f44a000
3fce9000
3facc000
3fe1f000
3fa09000
3ff55000
3f939000
40045800
3f876000
40155000
3f6e6800
401f0000
3f623800
4028b000
3f553800
40326000
3f490800
3fca3000
3fb00000
3fdd9000
3fa3d000
3ff0f000
3f96d000
40022800
3f8aa000
40134000
3f71a800
401cf000
3f657800
4026a000
3f587800
40305000
3f4c4800
3fc5d000
3fb41000
3fd93000
3fa7e000
3fec9000
3f9ae000
3ffff000
3f8eb000
4009a800
3f81b000
401ae000
3f69e000
40249000
3f5ce000
402e4000
3f50b000
4037f000
3f43b000
3fd4d000
3fab2000
3fe83000
3f9e2000
3ffb9000
3f91f000
40077800
3f84f000
4018d000
3f6d2000
40228000
3f602000
402c3000
3f53f000
4035e000
3f46f000
3fd07000
3faf3000
3fe3d000
3fa23000
3ff73000
3f960000
40054800
3f890000
4016c000
3f718800
40207000
3f648800
402a2000
3f585800
4033d000
3f4b5800
3fcc1000
3fb27000
3fdf7000
3fa57000
3ff2d000
3f994000
40031800
3f8c4000
4014b000
3f74c800
401e6000
3f67c800
40281000
3f5b9800
4031c000
3f4e9800
403b7000
3f426800
3fd2a000
3faef400
3fedc000
3f9dd800
40047000
3f8b9800
40120000
3f74f800
40179800
3f723800
40252800
3f60e000
4032b800
3f4e6000
40404800
3f3d0800
3fcc4000
3fb38400
3fe76000
3fa26800
40014000
3f902800
400ed000
3f7e1800
40148800
3f76d800
40221800
3f658000
402fa800
3f530000
403d3800
3f41a800
3fc5e000
3fb8e400
3fe10000
3fa7c800
3ffc2000
3f958800
400ba000
3f846c00
40117800
3f7ca000
401f0800
3f6b4800
402c9800
3f58c800
403a2800
3f477000
3fbf8000
3fbd7400
3fdaa000
3fac5800
3ff5c000
3f9a1800
40087000
3f88fc00
400e6800
3f80a000
401bf800
3f6fe800
40298800
3f5d6800
40371800
3f4c1000
4044a800
3f399000
3fd44000
3fb1b800
3fef6000
3f9f7800
40054000
3f8e5c00
4012d000
3f783800
4018e800
3f75b000
40267800
3f633000
40340800
3f51d800
40419800
3f3f5800
3fcde000
3fb64800
3fe90000
3fa40800
40021000
3f92ec00
400fa000
3f80ac00
4015d800
3f7a5000
40236800
3f67d000
4030f800
3f567800
403e8800
3f43f800
3fc78000
3fbba800
3fe2a000
3fa96800
3ffdc000
3f984c00
400c7000
3f860c00
4012c800
3f800c00
40205800
3f6d9800
402de800
3f5c4000
403b7800
3f49c000
3fc12000
3fc03800
3fdc4000
3fadf800
3ff76000
3f9cdc00
40094000
3f8a9c00
400fb800
3f825c00
401d4800
3f723800
402ad800
3f60e000
40386800
3f4e6000
4045f800
3f3d0800
3fd5e000
3fb35800
3ff10000
3fa23c00
40061000
3f8ffc00
4013a000
3f7dc000
401a3800
3f780000
4027c800
3f66a800
40355800
3f542800
4042e800
3f42d000
3fcf8000
3fb7e800
3feaa000
3fa6cc00
4002e000
3f948c00
40107000
3f837000
40172800
3f7ca000
4024b800
3f6b4800
40324800
3f58c800
403fd800
3f477000
3fc92000
3fbd4800
3fe44000
3fac2c00
3fff6000
3f99ec00
400d4000
3f88d000
40141800
3f813400
4021a800
3f711000
402f3800
3f5e9000
403cc800
3f4d3800
3fc2c000
3fc1d800
3fdde000
3fb0bc00
3ff90000
3f9e7c00
400a1000
3f8d6000
40110800
3f838400
401e9800
3f75b000
402c2800
3f633000
4039b800
3f51d800
40474800
3f3f5800
3fd78000
3fb61c00
3ff2a000
3fa3dc00
4006e000
3f92c000
40147000
3f808000
401b8800
3f7b7800
40291800
3f68f800
4036a800
3f57a000
40443800
3f452000
3fd12000
3fbaac00
3fec4000
3fa86c00
4003b000
3f975000
40114000
3f851000
40187800
3f800c00
40260800
3f6d9800
40339800
3f5c4000
40412800
3f49c000
3fcac000
3fc00c00
3fe5e000
3fadcc00
40008000
3f9cb000
400e1000
3f8a7000
40156800
3f82f000
4022f800
3f736000
40308800
3f620800
403e1800
3f4f8800
3fc46000
3fc49c00
3fdf8000
3fb25c00
3ffaa000
3fa14000
400ae000
3f8f0000
40187000
3f7bc800
401fe800
3f780000
402d7800
3f66a800
403b0800
3f542800
40489800
3f42d000
3fd92000
3fb7bc00
3ff44000
3fa6a000
4007b000
3f946000
40154000
3f834400
401cd800
3f7dc800
402a6800
3f6c7000
4037f800
3f59f000
40458800
3f489800
3fd2c000
3fbc4c00
3fede000
3fab3000
40048000
3f98f000
40121000
3f87d400
4019c800
3f813400
40275800
3f711000
4034e800
3f5e9000
40427800
3f4d3800
3fcc6000
3fc1ac00
3fe78000
3fb09000
40015000
3f9e5000
400ee000
3f8d3400
4016b800
3f841800
40244800
3f76d800
4031d800
3f645800
403f6800
3f530000
3fc60000
3fc63c00
3fe12000
3fb52000
3ffc4000
3fa2e000
400bb000
3f91c400
40194000
3f7f0800
40213800
3f7b7800
402ec800
3f68f800
403c5800
3f57a000
4049e800
3f452000
3fdac000
3fba8000
3ff5e000
3fa84000
40088000
3f972400
40161000
3f84e400
401e2800
3f80a000
402bb800
3f6ec000
40394800
3f5d6800
4046d800
3f4ae800
3fd46000
3fbf1000
3fef8000
3facd000
40055000
3f9bb400
4012e000
3f897400
401b1800
3f82f000
4028a800
3f736000
40363800
3f620800
4043c800
3f4f8800
3fce0000
3fc47000
3fe92000
3fb23000
40022000
3fa11400
400fb000
3f8ed400
40180800
3f85d400
40259800
3f792800
40332800
3f67d000
4040b800
3f555000
3fc7a000
3fc90000
3fe2c000
3fb6c000
3ffde000
3fa5a400
400c8000
3f936400
401a1000
3f824800
40228800
3f7dc800
40301800
3f6c7000
403da800
3f59f000
404b3800
3f489800
3fdc6000
3fbc2000
3ff78000
3fab0400
40095000
3f98c400
4016e000
3f87a800
401f7800
3f81c800
402d0800
3f723800
403a9800
3f5fb800
40482800
3f4e6000
3fd60000
3fc0b000
3ff12000
3faf9400
40062000
3f9d5400
4013b000
3f8c3800
401c6800
3f841800
4029f800
3f76d800
40378800
3f645800
40451800
3f530000
3fcfa000
3fc61000
3feac000
3fb4f400
4002f000
3fa2b400
40108000
3f919800
40195800
3f86fc00
4026e800
3f7ca000
40347800
3f6a2000
40420800
3f58c800
3fc94000
3fcaa000
3fe46000
3fb98400
3fff8000
3fa74400
400d5000
3f962800
401ae000
3f83e800
4023d800
3f80a000
40316800
3f6ec000
403ef800
3f5d6800
404c8800
3f4ae800
3fde0000
3fbee400
3ff92000
3faca400
400a2000
3f9b8800
4017b000
3f894800
4020c800
3f838400
402e5800
3f748800
403be800
3f633000
40497800
3f50b000
3fd7a000
3fc37400
3ff2c000
3fb13400
4006f000
3fa01800
40148000
3f8dd800
401db800
3f85d400
402b4800
3f792800
4038d800
3f67d000
40466800
3f555000
3fd14000
3fc8d400
3fec6000
3fb69400
4003c000
3fa57800
40115000
3f933800
401aa800
3f88b800
40283800
3f7ef000
4035c800
3f6d9800
40435800
3f5b1800
4050e800
3f49c000
3fe60000
3fbb2400
40009000
3faa0800
400e2000
3f97c800
401bb000
3f86ac00
40252800
3f81c800
4032b800
3f723800
40404800
3f5fb800
404dd800
3f4e6000
3fdfa000
3fc08400
3ffac000
3faf6800
400af000
3f9d2800
40188000
3f8c0c00
40221800
3f84ac00
402fa800
3f780000
403d3800
3f658000
404ac800
3f542800
3fd94000
3fc51400
3ff46000
3fb3f800
4007c000
3fa1b800
40155000
3f909c00
401f0800
3f86fc00
402c9800
3f7ca000
403a2800
3f6a2000
4047b800
3f58c800
3fd2e000
3fca7400
3fee0000
3fb95800
40049000
3fa71800
40122000
3f95fc00
401bf800
3f89e000
40298800
3f813400
40371800
3f6fe800
4044a800
3f5e9000
40523800
3f4c1000
3fe7a000
3fbde800
40016000
3faba800
400ef000
3f9a8c00
401c8000
3f884c00
40267800
3f838400
40340800
3f748800
40419800
3f633000
404f2800
3f50b000
3fe14000
3fc34800
3ffc6000
3fb10800
400bc000
3f9fec00
40195000
3f8dac00
40236800
3f866800
4030f800
3f7a5000
403e8800
3f68f800
404c1800
3f567800
3fdae000
3fc7d800
3ff60000
3fb59800
40089000
3fa47c00
40162000
3f923c00
40205800
3f88b800
402de800
3f7ef000
403b7800
3f6d9800
40490800
3f5b1800
3fd48000
3fcd3800
3fefa000
3fbaf800
40056000
3fa9dc00
4012f000
3f979c00
401d4800
3f8b9c00
402ad800
3f825c00
40386800
3f736000
4045f800
3f60e000
40538800
3f4f8800
3fe94000
3fbf8800
40023000
3fae6c00
400fc000
3f9c2c00
401d5000
3f8b1000
4027c800
3f84ac00
40355800
3f780000
4042e800
3f658000
40507800
3f542800
3fe2e000
3fc4e800
3ffe0000
3fb3cc00
400c9000
3fa18c00
401a2000
3f907000
4024b800
3f879000
40324800
3f7dc800
403fd800
3f6b4800
404d6800
3f59f000
3fdc8000
3fc97800
3ff7a000
3fb85c00
40096000
3fa61c00
4016f000
3f950000
4021a800
3f89e000
402f3800
3f813400
403cc800
3f6fe800
404a5800
3f5e9000
3fd62000
3fced800
3ff14000
3fbdbc00
40063000
3fab7c00
4013c000
3f9a6000
401e9800
3f8cc400
402c2800
3f841800
4039b800
3f75b000
40474800
3f645800
4054d800
3f51d800
3feae000
3fc24c00
40030000
3fb00c00
40109000
3f9ef000
401e2000
3f8cb000
40291800
3f866800
4036a800
3f7a5000
40443800
3f68f800
4051c800
3f567800
3fe48000
3fc7ac00
3fffa000
3fb56c00
400d6000
3fa45000
401af000
3f921000
40260800
3f894c00
40339800
3f800c00
40412800
3f6ec000
404eb800
3f5c4000
3fde2000
3fcc3c00
3ff94000
3fb9fc00
400a3000
3fa8e000
4017c000
3f96a000
4022f800
3f8b9c00
40308800
3f825c00
403e1800
3f736000
404ba800
3f60e000
3fd7c000
3fd19c00
3ff2e000
3fbf5c00
40070000
3fae4000
40149000
3f9c0000
40222000
3f8ae400
402d7800
3f854000
403b0800
3f792800
40489800
3f66a800
40562800
3f555000
3fec8000
3fc3ec00
4003d000
3fb2d000
40116000
3fa09000
401ef000
3f8f7400
402a6800
3f879000
4037f800
3f7dc800
40458800
3f6b4800
40531800
3f59f000
3fe62000
3fc94c00
4000a000
3fb83000
400e3000
3fa5f000
401bc000
3f94d400
40275800
3f8a7400
4034e800
3f81c800
40427800
3f711000
40500800
3f5fb800
3fdfc000
3fcddc00
3ffae000
3fbcc000
400b0000
3faa8000
40189000
3f996400
40244800
3f8cc400
4031d800
3f841800
403f6800
3f75b000
404cf800
3f645800
3fd96000
3fd33c00
3ff48000
3fc22000
4007d000
3fafe000
40156000
3f9ec400
4022f000
3f8c8400
402ec800
3f86fc00
403c5800
3f7b7800
4049e800
3f6a2000
40577800
3f57a000
3fee2000
3fc6b000
4004a000
3fb47000
40123000
3fa35400
401fc000
3f911400
402bb800
3f894c00
40394800
3f800c00
4046d800
3f6ec000
40546800
3f5c4000
3fe7c000
3fcc1000
40017000
3fb9d000
400f0000
3fa8b400
401c9000
3f967400
4028a800
3f8c3000
40363800
3f82f000
4043c800
3f748800
40515800
3f620800
3fe16000
3fd0a000
3ffc8000
3fbe6000
400bd000
3fad4400
40196000
3f9b0400
40259800
3f8e8000
40332800
3f854000
4040b800
3f792800
404e4800
3f66a800
3fdb0000
3fd60000
3ff62000
3fc3c000
4008a000
3fb2a400
40163000
3fa06400
4023c000
3f8f4800
40301800
3f882400
403da800
3f7ef000
404b3800
3f6c7000
4058c800
3f5b1800
3fefc000
3fc85000
40057000
3fb73400
40130000
3fa4f400
40209000
3f93d800
402d0800
3f8a7400
403a9800
3f81c800
40482800
3f711000
4055b800
3f5fb800
3fe96000
3fcdb000
40024000
3fbc9400
400fd000
3faa5400
401d6000
3f993800
4029f800
3f8d5800
40378800
3f84ac00
40451800
3f76d800
4052a800
3f658000
3fe30000
3fd24000
3ffe2000
3fc12400
400ca000
3faee400
401a3000
3f9dc800
4026e800
3f8fa800
40347800
3f86fc00
40420800
3f7b7800
404f9800
3f6a2000
3fdca000
3fd7a000
3ff7c000
3fc68400
40097000
3fb44400
40170000
3fa32800
40249000
3f90e800
40316800
3f89e000
403ef800
3f80a000
404c8800
3f6fe800
405a1800
3f5d6800
3ff16000
3fcb1400
40064000
3fb8d400
4013d000
3fa7b800
40216000
3f957800
402e5800
3f8c3000
403be800
3f82f000
40497800
3f748800
40570800
3f620800
3feb0000
3fd07400
40031000
3fbe3400
4010a000
3fad1800
401e3000
3f9ad800
402b4800
3f8f1400
4038d800
3f85d400
40466800
3f7a5000
4053f800
3f67d000
3fe4a000
3fd50400
3fffc000
3fc2c400
400d7000
3fb1a800
401b0000
3f9f6800
40283800
3f916400
4035c800
3f882400
40435800
3f7ef000
4050e800
3f6c7000
405e7800
3f5b1800
3ff96000
3fc82400
400a4000
3fb70800
4017d000
3fa4c800
40256000
3f93ac00
4032b800
3f8b0800
40404800
3f825c00
404dd800
3f723800
405b6800
3f60e000
3ff30000
3fccb400
40071000
3fbb9800
4014a000
3fa95800
40223000
3f983c00
402fa800
3f8d5800
403d3800
3f84ac00
404ac800
3f76d800
40585800
3f658000
3feca000
3fd21400
4003e000
3fc0f800
40117000
3faeb800
401f0000
3f9d9c00
402c9800
3f903c00
403a2800
3f879000
4047b800
3f7ca000
40554800
3f6b4800
3fe64000
3fd6a400
4000b000
3fc58800
400e4000
3fb34800
401bd000
3fa22c00
40298800
3f928c00
40371800
3f89e000
4044a800
3f80a000
40523800
3f6fe800
405fc800
3f5d6800
3ffb0000
3fcae800
400b1000
3fb8a800
4018a000
3fa78c00
40263000
3f954c00
40340800
3f8cc400
40419800
3f838400
404f2800
3f75b000
405cb800
3f633000
3ff4a000
3fcf7800
4007e000
3fbd3800
40157000
3fac1c00
40230000
3f99dc00
4030f800
3f8f1400
403e8800
3f85d400
404c1800
3f7a5000
4059a800
3f67d000
3fee4000
3fd4d800
4004b000
3fc29800
40124000
3fb17c00
401fd000
3f9f3c00
402de800
3f91f800
403b7800
3f88b800
40490800
3f800c00
40569800
3f6d9800
3fe7e000
3fd96800
40018000
3fc72800
400f1000
3fb60c00
401ca000
3fa3cc00
402ad800
3f944800
40386800
3f8b0800
4045f800
3f825c00
40538800
3f723800
40611800
3f60e000
3ffca000
3fcc8800
400be000
3fbb6c00
40197000
3fa92c00
40270000
3f981000
40355800
3f8dec00
4042e800
3f854000
40507800
3f780000
405e0800
3f66a800
3ff64000
3fd11800
4008b000
3fbffc00
40164000
3fadbc00
4023d000
3f9ca000
40324800
3f903c00
403fd800
3f879000
404d6800
3f7ca000
405af800
3f6b4800
3fefe000
3fd67800
40058000
3fc55c00
40131000
3fb31c00
4020a000
3fa20000
402f3800
3f932000
403cc800
3f8a7400
404a5800
3f813400
4057e800
3f711000
3fe98000
3fdb0800
40025000
3fc9ec00
400fe000
3fb7ac00
401d7000
3fa69000
402c2800
3f957000
4039b800
3f8cc400
40474800
3f838400
4054d800
3f75b000
40626800
3f633000
3ffe4000
3fcf4c00
400cb000
3fbd0c00
401a4000
3fabf000
4027d000
3f99b000
4036a800
3f8fa800
40443800
3f866800
4051c800
3f7b7800
405f5800
3f68f800
3ff7e000
3fd3dc00
40098000
3fc19c00
40171000
3fb08000
4024a000
3f9e4000
40339800
3f91f800
40412800
3f88b800
404eb800
3f800c00
405c4800
3f6d9800
3ff18000
3fd93c00
40065000
3fc6fc00
4013e000
3fb5e000
40217000
3fa3a000
40308800
3f94dc00
403e1800
3f8b9c00
404ba800
3f82f000
40593800
3f736000
3feb2000
3fddcc00
40032000
3fcb8c00
4010b000
3fba7000
401e4000
3fa83000
402bd000
3f971400
403b0800
3f8dec00
40489800
3f854000
40562800
3f780000
4063b800
3f66a800
3fffe000
3fd0ec00
400d8000
3fbfd000
401b1000
3fad9000
4028a000
3f9c7400
4037f800
3f90d000
40458800
3f882400
40531800
3f7dc800
4060a800
3f6c7000
3ff98000
3fd57c00
400a5000
3fc46000
4017e000
3fb22000
40257000
3fa10400
4034e800
3f932000
40427800
3f8a7400
40500800
3f813400
405d9800
3f711000
3ff32000
3fdadc00
40072000
3fc9c000
4014b000
3fb78000
40224000
3fa66400
4031d800
3f960400
403f6800
3f8d5800
404cf800
3f841800
405a8800
3f76d800
3fecc000
3fdf6c00
4003f000
3fce5000
40118000
3fbc1000
401f1000
3faaf400
402ca000
3f98b400
403c5800
3f8fa800
4049e800
3f866800
40577800
3f7b7800
40650800
3f68f800
4000c000
3fd3b000
400e5000
3fc17000
401be000
3fb05400
40297000
3f9e1400
40394800
3f928c00
4046d800
3f894c00
40546800
3f80a000
4061f800
3f6ec000
3ffb2000
3fd84000
400b2000
3fc60000
4018b000
3fb4e400
40264000
3fa2a400
40363800
3f94dc00
4043c800
3f8b9c00
40515800
3f82f000
405ee800
3f736000
3ff4c000
3fdda000
4007f000
3fcb6000
40158000
3fba4400
40231000
3fa80400
40332800
3f97c000
4040b800
3f8e8000
404e4800
3f85d400
405bd800
3f792800
3fee6000
3fe23000
4004c000
3fcff000
40125000
3fbed400
401fe000
3fac9400
402d7000
3f9b7800
403da800
3f90d000
404b3800
3f882400
4058c800
3f7dc800
40665800
3f6c7000
40019000
3fd55000
400f2000
3fc43400
401cb000
3fb1f400
402a4000
3fa0d800
403a9800
3f93b400
40482800
3f8b0800
4055b800
3f81c800
40634800
3f723800
3ffcc000
3fd9e000
400bf000
3fc8c400
40198000
3fb68400
40271000
3fa56800
40378800
3f960400
40451800
3f8d5800
4052a800
3f841800
40603800
3f76d800
3ff66000
3fdf4000
4008c000
3fce2400
40165000
3fbbe400
4023e000
3faac800
40347800
3f98e800
40420800
3f903c00
404f9800
3f86fc00
405d2800
3f7ca000
3ff00000
3fe3d000
40059000
3fd2b400
40132000
3fc07400
4020b000
3faf5800
402e4000
3f9d1800
403ef800
3f928c00
404c8800
3f894c00
405a1800
3f80a000
4067a800
3f6ec000
40026000
3fd81400
400ff000
3fc5d400
401d8000
3fb4b800
402b1000
3fa27800
403be800
3f957000
40497800
3f8c3000
40570800
3f838400
40649800
3f748800
3ffe6000
3fdca400
400cc000
3fca6400
401a5000
3fb94800
4027e000
3fa70800
4038d800
3f97c000
40466800
3f8e8000
4053f800
3f85d400
40618800
3f792800
3ff80000
3fe20400
40099000
3fcfc400
40172000
3fbea800
4024b000
3fac6800
4035c800
3f9aa400
40435800
3f916400
4050e800
3f88b800
405e7800
3f7ef000
406c0800
3f6d9800
40066000
3fd45400
4013f000
3fc33800
40218000
3fb0f800
402f1000
3f9fdc00
40404800
3f93b400
404dd800
3f8b0800
405b6800
3f81c800
4068f800
3f723800
40033000
3fd9b400
4010c000
3fc89800
401e5000
3fb65800
402be000
3fa53c00
403d3800
3f969800
404ac800
3f8dec00
40585800
3f84ac00
4065e800
3f780000
40000000
3fde4400
400d9000
3fcd2800
401b2000
3fbae800
4028b000
3fa9cc00
403a2800
3f98e800
4047b800
3f903c00
40554800
3f86fc00
4062d800
3f7ca000
3ff9a000
3fe3a400
400a6000
3fd28800
4017f000
3fc04800
40258000
3faf2c00
40371800
3f9bcc00
4044a800
3f932000
40523800
3f89e000
405fc800
3f813400
406d5800
3f6fe800
40073000
3fd71800
4014c000
3fc4d800
40225000
3fb3bc00
402fe000
3fa17c00
40419800
3f957000
404f2800
3f8c3000
405cb800
3f838400
406a4800
3f748800
40040000
3fdc7800
40119000
3fca3800
401f2000
3fb91c00
402cb000
3fa6dc00
403e8800
3f985400
404c1800
3f8f1400
4059a800
3f866800
40673800
3f7a5000
4000d000
3fe10800
400e6000
3fcec800
401bf000
3fbdac00
40298000
3fab6c00
403b7800
3f9aa400
40490800
3f916400
40569800
3f88b800
40642800
3f7ef000
3ffb4000
3fe66800
400b3000
3fd42800
4018c000
3fc30c00
40265000
3fb0cc00
40386800
3f9d8800
4045f800
3f944800
40538800
3f8b9c00
40611800
3f825c00
406ea800
3f736000
40080000
3fd8b800
40159000
3fc79c00
40232000
3fb55c00
4030b000
3fa44000
4042e800
3f969800
40507800
3f8dec00
405e0800
3f84ac00
406b9800
3f780000
4004d000
3fde1800
40126000
3fccfc00
401ff000
3fbabc00
402d8000
3fa9a000
403fd800
3f997c00
404d6800
3f90d000
405af800
3f879000
40688800
3f7dc800
4001a000
3fe2a800
400f3000
3fd18c00
401cc000
3fbf4c00
402a5000
3fae3000
403cc800
3f9bcc00
404a5800
3f932000
4057e800
3f89e000
40657800
3f813400
3ffce000
3fe80800
400c0000
3fd6ec00
40199000
3fc4ac00
40272000
3fb39000
4039b800
3f9eb000
40474800
3f960400
4054d800
3f8cc400
40626800
3f841800
406ff800
3f75b000
4008d000
3fdb7c00
40166000
3fc93c00
4023f000
3fb82000
40318000
3fa5e000
40443800
3f985400
4051c800
3f8f1400
405f5800
3f866800
406ce800
3f7a5000
4005a000
3fe0dc00
40133000
3fce9c00
4020c000
3fbd8000
402e5000
3fab4000
40412800
3f9b3800
404eb800
3f91f800
405c4800
3f894c00
4069d800
3f800c00
40027000
3fe56c00
40100000
3fd32c00
401d9000
3fc21000
402b2000
3fafd000
403e1800
3f9d8800
404ba800
3f944800
40593800
3f8b9c00
4066c800
3f825c00
3ffe8000
3feacc00
400cd000
3fd88c00
401a6000
3fc77000
4027f000
3fb53000
40358000
3fa41400
40489800
3f972c00
40562800
3f8e8000
4063b800
3f854000
40714800
3f792800
4009a000
3fdd1c00
40173000
3fcc0000
4024c000
3fb9c000
40325000
3fa8a400
40458800
3f997c00
40531800
3f90d000
4060a800
3f879000
406e3800
3f7dc800
40067000
3fe27c00
40140000
3fd16000
40219000
3fbf2000
402f2000
3fae0400
40427800
3f9c6000
40500800
3f93b400
405d9800
3f8a7400
406b2800
3f81c800
40034000
3fe70c00
4010d000
3fd5f000
401e6000
3fc3b000
402bf000
3fb29400
403f6800
3f9eb000
404cf800
3f960400
405a8800
3f8cc400
40681800
3f841800
40001000
3fec6c00
400da000
3fdb5000
401b3000
3fc91000
4028c000
3fb7f400
40365000
3fa5b400
4049e800
3f98e800
40577800
3f8fa800
40650800
3f86fc00
40729800
3f7b7800
400a7000
3fdfe000
40180000
3fcda000
40259000
3fbc8400
40332000
3faa4400
4046d800
3f9b3800
40546800
3f91f800
4061f800
3f894c00
406f8800
3f800c00
40074000
3fe54000
4014d000
3fd30000
40226000
3fc1e400
402ff000
3fafa400
4043c800
3f9e1c00
40515800
3f94dc00
405ee800
3f8c3000
406c7800
3f82f000
40041000
3fe9d000
4011a000
3fd79000
401f3000
3fc67400
402cc000
3fb43400
4040b800
3fa06c00
404e4800
3f972c00
405bd800
3f8e8000
40696800
3f854000
4000e000
3fef3000
400e7000
3fdcf000
401c0000
3fcbd400
40299000
3fb99400
40372000
3fa87800
404b3800
3f9a1000
4058c800
3f916400
40665800
3f882400
4073e800
3f7ef000
400b4000
3fe18000
4018d000
3fd06400
40266000
3fbe2400
4033f000
3fad0800
40482800
3f9c6000
4055b800
3f93b400
40634800
3f8a7400
4070d800
3f81c800
40081000
3fe6e000
4015a000
3fd5c400
40233000
3fc38400
4030c000
3fb26800
40451800
3f9f4400
4052a800
3f969800
40603800
3f8d5800
406dc800
3f84ac00
4004e000
3feb7000
40127000
3fda5400
40200000
3fc81400
402d9000
3fb6f800
40420800
3fa19400
404f9800
3f98e800
405d2800
3f8fa800
406ab800
3f86fc00
4001b000
3ff0d000
400f4000
3fdfb400
401cd000
3fcd7400
402a6000
3fbc5800
4037f000
3faa1800
404c8800
3f9bcc00
405a1800
3f928c00
4067a800
3f89e000
40753800
3f80a000
400c1000
3fe44400
4019a000
3fd20400
40273000
3fc0e800
4034c000
3faea800
40497800
3f9e1c00
40570800
3f94dc00
40649800
3f8c3000
40722800
3f82f000
4008e000
3fe9a400
40167000
3fd76400
40240000
3fc64800
40319000
3fb40800
40466800
3fa10000
4053f800
3f97c000
40618800
3f8f1400
406f1800
3f85d400
4005b000
3fee3400
40134000
3fdbf400
4020d000
3fcad800
402e6000
3fb89800
40435800
3fa35000
4050e800
3f9a1000
405e7800
3f916400
406c0800
3f882400
40799800
3f7ef000
40101000
3fe15400
401da000
3fd03800
402b3000
3fbdf800
4038c000
3facdc00
404dd800
3f9cf400
405b6800
3f944800
4068f800
3f8b0800
40768800
3f825c00
400ce000
3fe5e400
401a7000
3fd4c800
40280000
3fc28800
40359000
3fb16c00
404ac800
3f9f4400
40585800
3f969800
4065e800
3f8d5800
40737800
3f84ac00
4009b000
3feb4400
40174000
3fda2800
4024d000
3fc7e800
40326000
3fb6cc00
4047b800
3fa22800
40554800
3f997c00
4062d800
3f903c00
40706800
3f879000
40068000
3fefd400
40141000
3fdeb800
4021a000
3fcc7800
402f3000
3fbb5c00
4044a800
3fa47800
40523800
3f9bcc00
405fc800
3f928c00
406d5800
3f89e000
407ae800
3f80a000
3f8b1000
3f6ca000
3f9e7000
3f52a000
3fb1d000
3f3a4000
3fc53000
3f204000
3fc8c000
3f230000
3fdc2000
3f160000
3fef8000
3f09d000
40017000
3ef9a000
3f86b000
3f732000
3f9a1000
3f592000
3fad7000
3f40c000
3fc0d000
3f26c000
3fc4a000
3f264000
3fd80000
3f194000
3feb6000
3f0d1000
3ffec000
3f001000
3f825000
3f7b4000
3f95b000
3f614000
3fa91000
3f48e000
3fbc7000
3f2ee000
3fc08000
3f2aa800
3fd3e000
3f1da800
3fe74000
3f117800
3ffaa000
3f047800
3f7be000
3f80e000
3f915000
3f67c000
3fa4b000
3f4f6000
3fb81000
3f356000
3fbc6000
3f2de800
3fcfc000
3f20e800
3fe32000
3f14b800
3ff68000
3f07b800
4004f000
3ef71000
3f8cf000
3f6fe000
3fa05000
3f578000
3fb3b000
3f3d8000
3fc71000
3f252000
3fcba000
3f255000
3fdf0000
3f192000
3ff26000
3f0c2000
4002e000
3effe000
3f889000
3f766000
3f9bf000
3f5e0000
3faf5000
3f440000
3fc2b000
3f2ba000
3fc78000
3f289000
3fdae000
3f1c6000
3fee4000
3f0f6000
4000d000
3f033000
3f843000
3f7e8000
3f979000
3f662000
3faaf000
3f4c2000
3fbe5000
3f33c000
3fc36000
3f2cf800
3fd6c000
3f20c800
3fea2000
3f13c800
3ffd8000
3f079800
3f7fa000
3f828000
3f933000
3f6ca000
3fa69000
3f52a000
3fb9f000
3f3a4000
3fbf4000
3f303800
3fd2a000
3f240800
3fe60000
3f170800
3ff96000
3f0ad800
40066000
3efbb000
3f8ed000
3f74c000
3fa23000
3f5ac000
3fb59000
3f426000
3fc8f000
3f286000
3fce8000
3f287000
3fe1e000
3f1b7000
3ff54000
3f0f4000
40045000
3f024000
3f8a7000
3f7b4000
3f9dd000
3f614000
3fb13000
3f48e000
3fc49000
3f2ee000
3fca6000
3f2bb000
3fddc000
3f1eb000
3ff12000
3f128000
40024000
3f058000
3f861000
3f81b000
3f997000
3f696000
3facd000
3f510000
3fc03000
3f370000
3fc64000
3f301800
3fd9a000
3f231800
3fed0000
3f16e800
40003000
3f09e800
3f81b000
3f84f000
3f951000
3f6fe000
3fa87000
3f578000
3fbbd000
3f3d8000
3fcf3000
3f252000
3fd58000
3f265800
3fe8e000
3f1a2800
3ffc4000
3f0d2800
4007d000
3f00f800
3f90b000
3f780000
3fa41000
3f5fa000
3fb77000
3f45a000
3fcad000
3f2d4000
3fd16000
3f2ac000
3fe4c000
3f1e9000
3ff82000
3f119000
4005c000
3f056000
3f8c5000
3f7e8000
3f9fb000
3f662000
3fb31000
3f4c2000
3fc67000
3f33c000
3fcd4000
3f2e0000
3fe0a000
3f21d000
3ff40000
3f14d000
4003b000
3f08a000
3f87f000
3f835000
3f9b5000
3f6e4000
3faeb000
3f544000
3fc21000
3f3be000
3fc92000
3f326800
3fdc8000
3f263800
3fefe000
3f193800
4001a000
3f0d0800
3f839000
3f869000
3f96f000
3f74c000
3faa5000
3f5ac000
3fbdb000
3f426000
3fd11000
3f286000
3fd86000
3f297800
3febc000
3f1c7800
3fff2000
3f104800
40094000
3f034800
3f929000
3f7ce000
3fa5f000
3f62e000
3fb95000
3f4a8000
3fccb000
3f308000
3fd44000
3f2de000
3fe7a000
3f20e000
3ffb0000
3f14b000
40073000
3f07b000
3f8e3000
3f81b000
3fa19000
3f696000
3fb4f000
3f510000
3fc85000
3f370000
3fd02000
3f312000
3fe38000
3f242000
3ff6e000
3f17f000
40052000
3f0af000
3f89d000
3f85c000
3f9d3000
3f718000
3fb09000
3f592000
3fc3f000
3f3f2000
3fcc0000
3f358800
3fdf6000
3f288800
3ff2c000
3f1c5800
40031000
3f0f5800
3f857000
3f890000
3f98d000
3f780000
3fac3000
3f5fa000
3fbf9000
3f45a000
3fd2f000
3f2d4000
3fdb4000
3f2bc800
3feea000
3f1f9800
40010000
3f129800
400ab000
3f066800
3f947000
3f801000
3fa7d000
3f67c000
3fbb3000
3f4dc000
3fce9000
3f356000
3fd72000
3f303000
3fea8000
3f240000
3ffde000
3f170000
4008a000
3f0ad000
3f901000
3f835000
3fa37000
3f6e4000
3fb6d000
3f544000
3fca3000
3f3be000
3fd30000
3f337000
3fe66000
3f274000
3ff9c000
3f1a4000
40069000
3f0e1000
3f8bb000
3f876000
3f9f1000
3f766000
3fb27000
3f5c6000
3fc5d000
3f440000
3fcee000
3f37d800
3fe24000
3f2ba800
3ff5a000
3f1ea800
40048000
3f127800
3f875000
3f8aa000
3f9ab000
3f7ce000
3fae1000
3f62e000
3fc17000
3f4a8000
3fd4d000
3f308000
3fde2000
3f2ee800
3ff18000
3f21e800
40027000
3f15b800
400c2000
3f08b800
3f965000
3f828000
3fa9b000
3f6b0000
3fbd1000
3f52a000
3fd07000
3f38a000
3fda0000
3f335000
3fed6000
3f265000
40006000
3f1a2000
400a1000
3f0d2000
3f91f000
3f85c000
3fa55000
3f718000
3fb8b000
3f592000
3fcc1000
3f3f2000
3fd5e000
3f369000
3fe94000
3f299000
3ffca000
3f1d6000
40080000
3f106000
3f8d9000
3f89d000
3fa0f000
3f79a000
3fb45000
3f614000
3fc7b000
3f474000
3fd1c000
3f3af800
3fe52000
3f2df800
3ff88000
3f21c800
4005f000
3f14c800
400fa000
3f089800
3f9c9000
3f801000
3faff000
3f67c000
3fc35000
3f4dc000
3fd6b000
3f356000
3fe10000
3f313800
3ff46000
3f250800
4003e000
3f180800
400d9000
3f0bd800
3f983000
3f842000
3fab9000
3f6fe000
3fbef000
3f55e000
3fd25000
3f3d8000
3fdce000
3f35a000
3ff04000
3f297000
4001d000
3f1c7000
400b8000
3f104000
3f93d000
3f876000
3fa73000
3f766000
3fba9000
3f5c6000
3fcdf000
3f440000
3fd8c000
3f38e000
3fec2000
3f2cb000
3fff8000
3f1fb000
40097000
3f138000
3f8f7000
3f8b7000
3fa2d000
3f7e8000
3fb63000
3f648000
3fc99000
3f4c2000
3fd4a000
3f3d4800
3fe80000
3f311800
3ffb6000
3f241800
40076000
3f17e800
40111000
3f0ae800
3f9e7000
3f828000
3fb1d000
3f6b0000
3fc53000
3f52a000
3fd89000
3f38a000
3fe3e000
3f345800
3ff74000
3f275800
40055000
3f1b2800
400f0000
3f0e2800
3f9a1000
3f869000
3fad7000
3f732000
3fc0d000
3f5ac000
3fd43000
3f40c000
3fdfc000
3f38c000
3ff32000
3f2bc000
40034000
3f1f9000
400cf000
3f129000
3f95b000
3f89d000
3fa91000
3f79a000
3fbc7000
3f614000
3fcfd000
3f474000
3fdba000
3f3c0000
3fef0000
3f2f0000
40013000
3f22d000
400ae000
3f15d000
3f915000
3f8de000
3fa4b000
3f80e000
3fb81000
3f696000
3fcb7000
3f4f6000
3fd78000
3f406800
3feae000
3f336800
3ffe4000
3f273800
4008d000
3f1a3800
40128000
3f0e0800
3fa05000
3f842000
3fb3b000
3f6fe000
3fc71000
3f55e000
3fda7000
3f3d8000
3fe6c000
3f36a800
3ffa2000
3f2a7800
4006c000
3f1d7800
40107000
3f114800
3f9bf000
3f883000
3faf5000
3f780000
3fc2b000
3f5e0000
3fd61000
3f45a000
3fe2a000
3f3b1000
3ff60000
3f2ee000
4004b000
3f21e000
400e6000
3f15b000
3f979000
3f8b7000
3faaf000
3f7e8000
3fbe5000
3f648000
3fd1b000
3f4c2000
3fde8000
3f3e5000
3ff1e000
3f322000
4002a000
3f252000
400c5000
3f18f000
3f933000
3f8f8000
3fa69000
3f835000
3fb9f000
3f6ca000
3fcd5000
3f544000
3fda6000
3f42b800
3fedc000
3f368800
40009000
3f298800
400a4000
3f1d5800
4013f000
3f105800
3fa23000
3f869000
3fb59000
3f732000
3fc8f000
3f5ac000
3fdc5000
3f40c000
3fe9a000
3f39c800
3ffd0000
3f2cc800
40083000
3f209800
4011e000
3f139800
3f9dd000
3f8aa000
3fb13000
3f7b4000
3fc49000
3f62e000
3fd7f000
3f48e000
3fe58000
3f3e3000
3ff8e000
3f313000
40062000
3f250000
400fd000
3f180000
3f997000
3f8de000
3facd000
3f80e000
3fc03000
3f696000
3fd39000
3f4f6000
3fe16000
3f417000
3ff4c000
3f347000
40041000
3f284000
400dc000
3f1b4000
3f951000
3f91f000
3fa87000
3f84f000
3fbbd000
3f718000
3fcf3000
3f578000
3fe29000
3f3f2000
3ff0a000
3f38d800
40020000
3f2ca800
400bb000
3f1fa800
40156000
3f137800
3fa41000
3f883000
3fb77000
3f780000
3fcad000
3f5e0000
3fde3000
3f45a000
3fec8000
3f3c1800
3fffe000
3f2fe800
4009a000
3f22e800
40135000
3f16b800
3f9fb000
3f8c4000
3fb31000
3f801000
3fc67000
3f662000
3fd9d000
3f4dc000
3fe86000
3f408000
3ffbc000
3f345000
40079000
3f275000
40114000
3f1b2000
3f9b5000
3f8f8000
3faeb000
3f835000
3fc21000
3f6ca000
3fd57000
3f544000
3fe44000
3f43c000
3ff7a000
3f379000
40058000
3f2a9000
400f3000
3f1e6000
3f96f000
3f939000
3faa5000
3f876000
3fbdb000
3f74c000
3fd11000
3f5c6000
3fe47000
3f426000
3ff38000
3f3bf800
40037000
3f2ef800
400d2000
3f22c800
4016d000
3f15c800
3fa5f000
3f8aa000
3fb95000
3f7b4000
3fccb000
3f62e000
3fe01000
3f48e000
3fef6000
3f3f3800
40016000
3f323800
400b1000
3f260800
4014c000
3f190800
3fa19000
3f8eb000
3fb4f000
3f81b000
3fc85000
3f6b0000
3fdbb000
3f510000
3feb4000
3f43a000
3ffea000
3f36a000
40090000
3f2a7000
4012b000
3f1d7000
3f9d3000
3f91f000
3fb09000
3f84f000
3fc3f000
3f718000
3fd75000
3f578000
3fe72000
3f46e000
3ffa8000
3f39e000
4006f000
3f2db000
4010a000
3f20b000
3f98d000
3f960000
3fac3000
3f890000
3fbf9000
3f79a000
3fd2f000
3f5fa000
3fe65000
3f474000
3ff66000
3f3e4800
4004e000
3f321800
400e9000
3f251800
40184000
3f18e800
3fa7d000
3f8c4000
3fbb3000
3f801000
3fce9000
3f662000
3fe1f000
3f4dc000
3ff24000
3f418800
4002d000
3f355800
400c8000
3f285800
40163000
3f1c2800
3fa37000
3f905000
3fb6d000
3f842000
3fca3000
3f6e4000
3fdd9000
3f55e000
3fee2000
3f45f000
4000c000
3f39c000
400a7000
3f2cc000
40142000
3f209000
3f9f1000
3f939000
3fb27000
3f876000
3fc5d000
3f74c000
3fd93000
3f5c6000
3fea0000
3f493000
3ffd6000
3f3d0000
40086000
3f300000
40121000
3f23d000
3f9ab000
3f97a000
3fae1000
3f8b7000
3fc17000
3f7ce000
3fd4d000
3f648000
3fe83000
3f4a8000
3ff94000
3f416800
40065000
3f346800
40100000
3f283800
4019b000
3f1b3800
3fa9b000
3f8eb000
3fbd1000
3f81b000
3fd07000
3f6b0000
3fe3d000
3f510000
3ff52000
3f44a800
40044000
3f37a800
400df000
3f2b7800
4017a000
3f1e7800
3fa55000
3f92c000
3fb8b000
3f85c000
3fcc1000
3f732000
3fdf7000
3f592000
3ff10000
3f491000
40023000
3f3c1000
400be000
3f2fe000
40159000
3f22e000
3fa0f000
3f960000
3fb45000
3f890000
3fc7b000
3f79a000
3fdb1000
3f5fa000
3fece000
3f4c5000
40002000
3f3f5000
4009d000
3f332000
40138000
3f262000
401d3000
3f19f000
3faff000
3f8d1000
3fc35000
3f80e000
3fd6b000
3f67c000
3fea1000
3f4f6000
3ffc2000
3f43b800
4007c000
3f378800
40117000
3f2a8800
401b2000
3f1e5800
3fab9000
3f905000
3fbef000
3f842000
3fd25000
3f6e4000
3fe5b000
3f55e000
3ff80000
3f46f800
4005b000
3f3ac800
400f6000
3f2dc800
40191000
3f219800
3fa73000
3f946000
3fba9000
3f883000
3fcdf000
3f766000
3fe15000
3f5e0000
3ff3e000
3f4b6000
4003a000
3f3f3000
400d5000
3f323000
40170000
3f260000
3fa2d000
3f97a000
3fb63000
3f8b7000
3fc99000
3f7ce000
3fdcf000
3f648000
3fefc000
3f4ea000
40019000
3f427000
400b4000
3f357000
4014f000
3f294000
401ea000
3f1c4000
3fb1d000
3f8f8000
3fc53000
3f828000
3fd89000
3f6ca000
3febf000
3f52a000
3fff0000
3f46d800
40093000
3f39d800
4012e000
3f2da800
401c9000
3f20a800
3fad7000
3f92c000
3fc0d000
3f85c000
3fd43000
3f732000
3fe79000
3f592000
3ffae000
3f4a1800
40072000
3f3d1800
4010d000
3f30e800
401a8000
3f23e800
3fa91000
3f96d000
3fbc7000
3f89d000
3fcfd000
3f7b4000
3fe33000
3f614000
3ff6c000
3f4e8000
40051000
3f418000
400ec000
3f355000
40187000
3f285000
3fa4b000
3f9a1000
3fb81000
3f8d1000
3fcb7000
3f80e000
3fded000
3f67c000
3ff2a000
3f51c000
40030000
3f44c000
400cb000
3f389000
40166000
3f2b9000
40201000
3f1f6000
3fb3b000
3f912000
3fc71000
3f84f000
3fda7000
3f6fe000
3fedd000
3f578000
4000f000
3f492800
400aa000
3f3cf800
40145000
3f2ff800
401e0000
3f23c800
3faf5000
3f946000
3fc2b000
3f883000
3fd61000
3f766000
3fe97000
3f5e0000
3ffdc000
3f4c6800
40089000
3f403800
40124000
3f333800
401bf000
3f270800
3faaf000
3f987000
3fbe5000
3f8c4000
3fd1b000
3f7e8000
3fe51000
3f662000
3ff9a000
3f50d000
40068000
3f44a000
40103000
3f37a000
4019e000
3f2b7000
3fa69000
3f9bb000
3fb9f000
3f8f8000
3fcd5000
3f828000
3fe0b000
3f6ca000
3ff58000
3f541000
40047000
3f47e000
400e2000
3f3ae000
4017d000
3f2eb000
40218000
3f21b000
3fb59000
3f939000
3fc8f000
3f869000
3fdc5000
3f74c000
3fefb000
3f5ac000
40026000
3f4c4800
400c1000
3f3f4800
4015c000
3f331800
401f7000
3f261800
3fb13000
3f96d000
3fc49000
3f89d000
3fd7f000
3f7b4000
3feb5000
3f614000
40005000
3f4f8800
400a0000
3f428800
4013b000
3f365800
401d6000
3f295800
3facd000
3f9ae000
3fc03000
3f8de000
3fd39000
3f81b000
3fe6f000
3f696000
3ffc8000
3f53f000
4007f000
3f46f000
4011a000
3f3ac000
401b5000
3f2dc000
3fa87000
3f9e2000
3fbbd000
3f912000
3fcf3000
3f84f000
3fe29000
3f6fe000
3ff5f000
3f578000
4005e000
3f4a3000
400f9000
3f3e0000
40194000
3f310000
4022f000
3f24d000
3fb77000
3f953000
3fcad000
3f890000
3fde3000
3f780000
3ff19000
3f5fa000
4003d000
3f4e9800
400d8000
3f426800
40173000
3f356800
4020e000
3f293800
3fb31000
3f987000
3fc67000
3f8c4000
3fd9d000
3f7e8000
3fed3000
3f662000
4001c000
3f51d800
400b7000
3f45a800
40152000
3f38a800
401ed000
3f2c7800
3faeb000
3f9c8000
3fc21000
3f905000
3fd57000
3f835000
3fe8d000
3f6e4000
3fff6000
3f564000
40096000
3f4a1000
40131000
3f3d1000
401cc000
3f30e000
3faa5000
3f9fc000
3fbdb000
3f939000
3fd11000
3f869000
3fe47000
3f74c000
3ff7d000
3f5ac000
40075000
3f4d5000
40110000
3f405000
401ab000
3f342000
40246000
3f272000
3fb95000
3f97a000
3fccb000
3f8aa000
3fe01000
3f7ce000
3ff37000
3f62e000
40054000
3f51b800
400ef000
3f44b800
4018a000
3f388800
40225000
3f2b8800
3fb4f000
3f9ae000
3fc85000
3f8de000
3fdbb000
3f81b000
3fef1000
3f696000
40033000
3f54f800
400ce000
3f47f800
40169000
3f3bc800
40204000
3f2ec800
3fb09000
3f9ef000
3fc3f000
3f91f000
3fd75000
3f85c000
3feab000
3f718000
40012000
3f596000
400ad000
3f4c6000
40148000
3f403000
401e3000
3f333000
3fac3000
3fa23000
3fbf9000
3f953000
3fd2f000
3f890000
3fe65000
3f780000
3ff9b000
3f5fa000
4008c000
3f4fa000
40127000
3f437000
401c2000
3f367000
4025d000
3f2a4000
3fbb3000
3f994000
3fce9000
3f8d1000
3fe1f000
3f801000
3ff55000
3f67c000
4006b000
3f540800
40106000
3f47d800
401a1000
3f3ad800
4023c000
3f2ea800
3fb6d000
3f9c8000
3fca3000
3f905000
3fdd9000
3f835000
3ff0f000
3f6e4000
4004a000
3f574800
400e5000
3f4b1800
40180000
3f3e1800
4021b000
3f31e800
3fb27000
3fa09000
3fc5d000
3f946000
3fd93000
3f876000
3fec9000
3f766000
40029000
3f5bb000
400c4000
3f4f8000
4015f000
3f428000
401fa000
3f365000
3fae1000
3fa3d000
3fc17000
3f97a000
3fd4d000
3f8aa000
3fe83000
3f7ce000
3ffb9000
3f62e000
400a3000
3f52c000
4013e000
3f45c000
401d9000
3f399000
40274000
3f2c9000
3fbd1000
3f9bb000
3fd07000
3f8eb000
3fe3d000
3f828000
3ff73000
3f6b0000
40082000
3f572800
4011d000
3f4a2800
401b8000
3f3df800
40253000
3f30f800
3fb8b000
3f9ef000
3fcc1000
3f91f000
3fdf7000
3f85c000
3ff2d000
3f718000
40061000
3f5a6800
400fc000
3f4d6800
40197000
3f413800
40232000
3f343800
3fb45000
3fa30000
3fc7b000
3f960000
3fdb1000
3f89d000
3fee7000
3f79a000
40040000
3f5ed000
400db000
3f51d000
40176000
3f45a000
40211000
3f38a000
402ac000
3f2c7000
3fc35000
3f994000
3fd6b000
3f8d1000
3fea1000
3f801000
3ffd7000
3f67c000
400ba000
3f551000
40155000
3f48e000
401f0000
3f3be000
4028b000
3f2fb000
3fbef000
3f9d5000
3fd25000
3f912000
3fe5b000
3f842000
3ff91000
3f6fe000
40099000
3f597800
40134000
3f4d4800
401cf000
3f404800
4026a000
3f341800
3fba9000
3fa09000
3fcdf000
3f946000
3fe15000
3f876000
3ff4b000
3f766000
40078000
3f5cb800
40113000
3f508800
401ae000
3f438800
40249000
3f375800
3fb63000
3fa4a000
3fc99000
3f987000
3fdcf000
3f8b7000
3ff05000
3f7e8000
40057000
3f612000
400f2000
3f54f000
4018d000
3f47f000
40228000
3f3bc000
402c3000
3f2ec000
3fc53000
3f9bb000
3fd89000
3f8eb000
3febf000
3f828000
3fff5000
3f6b0000
400d1000
3f583000
4016c000
3f4b3000
40207000
3f3f0000
402a2000
3f320000
3fc0d000
3f9fc000
3fd43000
3f92c000
3fe79000
3f869000
3ffaf000
3f732000
400b0000
3f5c9800
4014b000
3f4f9800
401e6000
3f436800
40281000
3f366800
3fbc7000
3fa30000
3fcfd000
3f960000
3fe33000
3f89d000
3ff69000
3f79a000
4008f000
3f5fd800
4012a000
3f52d800
401c5000
3f46a800
40260000
3f39a800
3fb81000
3fa71000
3fcb7000
3f9a1000
3fded000
3f8de000
3ff23000
3f80e000
4006e000
3f644000
40109000
3f574000
401a4000
3f4b1000
4023f000
3f3e1000
402da000
3f31e000
3fc71000
3f9d5000
3fda7000
3f912000
3fedd000
3f842000
40009800
3f6fe000
400e8000
3f5a8000
40183000
3f4e5000
4021e000
3f415000
402b9000
3f352000
3fc2b000
3fa16000
3fd61000
3f953000
3fe97000
3f883000
3ffcd000
3f780000
400c7000
3f5ee800
40162000
3f52b800
401fd000
3f45b800
40298000
3f398800
3fbe5000
3fa4a000
3fd1b000
3f987000
3fe51000
3f8b7000
3ff87000
3f7e8000
400a6000
3f622800
40141000
3f55f800
401dc000
3f48f800
40277000
3f3cc800
3fb9f000
3fa8b000
3fcd5000
3f9c8000
3fe0b000
3f8f8000
3ff41000
3f835000
40085000
3f669000
40120000
3f5a6000
401bb000
3f4d6000
40256000
3f413000
402f1000
3f343000
3fc8f000
3f9fc000
3fdc5000
3f92c000
3fefb000
3f869000
40018800
3f732000
400ff000
3f5da000
4019a000
3f50a000
40235000
3f447000
402d0000
3f377000
3fc49000
3fa3d000
3fd7f000
3f96d000
3feb5000
3f8aa000
3ffeb000
3f7b4000
400de000
3f620800
40179000
3f550800
40214000
3f48d800
402af000
3f3bd800
3fc03000
3fa71000
3fd39000
3f9a1000
3fe6f000
3f8de000
3ffa5000
3f80e000
400bd000
3f654800
40158000
3f584800
401f3000
3f4c1800
4028e000
3f3f1800
3fbbd000
3fab2000
3fcf3000
3f9e2000
3fe29000
3f91f000
3ff5f000
3f84f000
4004a800
3f718000
40137000
3f5cb000
401d2000
3f508000
4026d000
3f438000
40308000
3f375000
3fcad000
3fa16000
3fde3000
3f953000
3ff19000
3f883000
40027800
3f780000
40116000
3f5ff000
401b1000
3f53c000
4024c000
3f46c000
402e7000
3f3a9000
3fc67000
3fa57000
3fd9d000
3f994000
3fed3000
3f8c4000
40004800
3f801000
400f5000
3f645800
40190000
3f582800
4022b000
3f4b2800
402c6000
3f3ef800
3fc21000
3fa8b000
3fd57000
3f9c8000
3fe8d000
3f8f8000
3ffc3000
3f835000
400d4000
3f679800
4016f000
3f5b6800
4020a000
3f4e6800
402a5000
3f423800
3fbdb000
3facc000
3fd11000
3fa09000
3fe47000
3f939000
3ff7d000
3f876000
40059800
3f74c000
4014e000
3f5fd000
401e9000
3f52d000
40284000
3f46a000
4031f000
3f39a000
3fccb000
3fa3d000
3fe01000
3f96d000
3ff37000
3f8aa000
40036800
3f7b4000
4012d000
3f631000
401c8000
3f561000
40263000
3f49e000
402fe000
3f3ce000
3fc85000
3fa7e000
3fdbb000
3f9ae000
3fef1000
3f8eb000
40013800
3f81b000
4010c000
3f677800
401a7000
3f5a7800
40242000
3f4e4800
402dd000
3f414800
3fc3f000
3fab2000
3fd75000
3f9e2000
3feab000
3f91f000
3ffe1000
3f84f000
400eb000
3f6ab800
40186000
3f5db800
40221000
3f518800
402bc000
3f448800
3fbf9000
3faf3000
3fd2f000
3fa23000
3fe65000
3f960000
3ff9b000
3f890000
40068800
3f79a000
40165000
3f622000
40200000
3f55f000
4029b000
3f48f000
40336000
3f3cc000
3fce9000
3fa57000
3fe1f000
3f994000
3ff55000
3f8c4000
40045800
3f801000
40144000
3f656000
401df000
3f593000
4027a000
3f4c3000
40315000
3f400000
3fca3000
3fa98000
3fdd9000
3f9d5000
3ff0f000
3f905000
40022800
3f842000
40123000
3f69c800
401be000
3f5d9800
40259000
3f509800
402f4000
3f446800
3fc5d000
3facc000
3fd93000
3fa09000
3fec9000
3f939000
3ffff000
3f876000
40102000
3f6d0800
4019d000
3f60d800
40238000
3f53d800
402d3000
3f47a800
3fc17000
3fb0d000
3fd4d000
3fa4a000
3fe83000
3f97a000
3ffb9000
3f8b7000
40077800
3f7ce000
4017c000
3f654000
40217000
3f584000
402b2000
3f4c1000
4034d000
3f3f1000
3fd07000
3fa7e000
3fe3d000
3f9ae000
3ff73000
3f8eb000
40054800
3f81b000
4015b000
3f688000
401f6000
3f5b8000
40291000
3f4f5000
4032c000
3f425000
3fcc1000
3fabf000
3fdf7000
3f9ef000
3ff2d000
3f92c000
40031800
3f85c000
4013a000
3f6ce800
401d5000
3f5fe800
40270000
3f53b800
4030b000
3f46b800
3fc7b000
3faf3000
3fdb1000
3fa23000
3fee7000
3f960000
4000e800
3f890000
40119000
3f702800
401b4000
3f632800
4024f000
3f56f800
402ea000
3f49f800
40385000
3f3dc800
3fd6b000
3fa64000
3fea1000
3f9a1000
3ffd7000
3f8d1000
40086800
3f80e000
40193000
3f679000
4022e000
3f5b6000
402c9000
3f4e6000
40364000
3f423000
3fd25000
3fa98000
3fe5b000
3f9d5000
3ff91000
3f905000
40063800
3f842000
40172000
3f6ad000
4020d000
3f5ea000
402a8000
3f51a000
40343000
3f457000
3fcdf000
3fad9000
3fe15000
3fa16000
3ff4b000
3f946000
40040800
3f883000
40151000
3f6f3800
401ec000
3f630800
40287000
3f560800
40322000
3f49d800
3fc99000
3fb0d000
3fdcf000
3fa4a000
3ff05000
3f97a000
4001d800
3f8b7000
40130000
3f727800
401cb000
3f664800
40266000
3f594800
40301000
3f4d1800
4039c000
3f401800
3fd89000
3fa8b000
3febf000
3f9bb000
3fff5000
3f8f8000
40095800
3f828000
401aa000
3f6ab000
40245000
3f5db000
402e0000
3f518000
4037b000
3f448000
3fd43000
3fabf000
3fe79000
3f9ef000
3ffaf000
3f92c000
40072800
3f85c000
40189000
3f6df000
40224000
3f60f000
402bf000
3f54c000
4035a000
3f47c000
3fcfd000
3fb00000
3fe33000
3fa30000
3ff69000
3f96d000
4004f800
3f89d000
40168000
3f725800
40203000
3f655800
4029e000
3f592800
40339000
3f4c2800
3fcb7000
3fb34000
3fded000
3fa64000
3ff23000
3f9a1000
4002c800
3f8d1000
40147000
3f759800
401e2000
3f689800
4027d000
3f5c6800
40318000
3f4f6800
403b3000
3f433800
3fd1a000
3fb01800
3fecc000
3f9efc00
4003f000
3f8cbc00
40118000
3f774000
40172800
3f736000
4024b800
3f620800
40324800
3f4f8800
403fd800
3f3e3000
3fcb4000
3fb4a800
3fe66000
3fa38c00
4000c000
3f914c00
400e5000
3f803000
40141800
3f780000
4021a800
3f66a800
402f3800
3f542800
403cc800
3f42d000
3fc4e000
3fba0800
3fe00000
3fa8ec00
3ffb2000
3f96ac00
400b2000
3f859000
40110800
3f7dc800
401e9800
3f6c7000
402c2800
3f59f000
4039b800
3f489800
3fbe8000
3fbe9800
3fd9a000
3fad7c00
3ff4c000
3f9b3c00
4007f000
3f8a2000
400df800
3f813400
401b8800
3f711000
40291800
3f5e9000
4036a800
3f4d3800
40443800
3f3ab800
3fd34000
3fb2dc00
3fee6000
3fa09c00
4004c000
3f8f8000
40125000
3f7a8000
40187800
3f76d800
40260800
3f645800
40339800
3f530000
40412800
3f408000
3fcce000
3fb76c00
3fe80000
3fa52c00
40019000
3f941000
400f2000
3f81d000
40156800
3f7b7800
4022f800
3f68f800
40308800
3f57a000
403e1800
3f452000
3fc68000
3fbccc00
3fe1a000
3faa8c00
3ffcc000
3f997000
400bf000
3f873000
40125800
3f80a000
401fe800
3f6ec000
402d7800
3f5d6800
403b0800
3f4ae800
3fc02000
3fc15c00
3fdb4000
3faf1c00
3ff66000
3f9e0000
4008c000
3f8bc000
40165000
3f754800
401cd800
3f736000
402a6800
3f620800
4037f800
3f4f8800
40458800
3f3e3000
3fd4e000
3fb47c00
3ff00000
3fa36000
40059000
3f912000
40132000
3f800400
4019c800
3f792800
40275800
3f67d000
4034e800
3f555000
40427800
3f43f800
3fce8000
3fb90c00
3fe9a000
3fa7f000
40026000
3f95b000
400ff000
3f849400
4016b800
3f7dc800
40244800
3f6c7000
4031d800
3f59f000
403f6800
3f489800
3fc82000
3fbe6c00
3fe34000
3fad5000
3ffe6000
3f9b1000
400cc000
3f89f400
4013a800
3f81c800
40213800
3f723800
402ec800
3f5fb800
403c5800
3f4e6000
3fc1c000
3fc2fc00
3fdce000
3fb1e000
3ff80000
3f9fa000
40099000
3f8e8400
40172000
3f788800
401e2800
3f76d800
402bb800
3f645800
40394800
3f530000
4046d800
3f408000
3fd68000
3fb74000
3ff1a000
3fa50000
40066000
3f93e400
4013f000
3f81a400
401b1800
3f7ca000
4028a800
3f6a2000
40363800
3f58c800
4043c800
3f464800
3fd02000
3fbbd000
3feb4000
3fa99000
40033000
3f987400
4010c000
3f863400
40180800
3f80a000
40259800
3f6ec000
40332800
3f5d6800
4040b800
3f4ae800
3fc9c000
3fc13000
3fe4e000
3faef000
40000000
3f9dd400
400d9000
3f8b9400
4014f800
3f838400
40228800
3f748800
40301800
3f633000
403da800
3f50b000
3fc36000
3fc5c000
3fde8000
3fb38000
3ff9a000
3fa26400
400a6000
3f902400
4017f000
3f7e1000
401f7800
3f792800
402d0800
3f67d000
403a9800
3f555000
40482800
3f43f800
3fd82000
3fb8e000
3ff34000
3fa7c400
40073000
3f958400
4014c000
3f846800
401c6800
3f7ef000
4029f800
3f6d9800
40378800
3f5b1800
40451800
3f49c000
3fd1c000
3fbd7000
3fece000
3fac5400
40040000
3f9a1400
40119000
3f88f800
40195800
3f81c800
4026e800
3f723800
40347800
3f5fb800
40420800
3f4e6000
3fcb6000
3fc2d000
3fe68000
3fb1b400
4000d000
3f9f7400
400e6000
3f8e5800
40164800
3f84ac00
4023d800
3f780000
40316800
3f658000
403ef800
3f542800
3fc50000
3fc76000
3fe02000
3fb64400
3ffb4000
3fa40400
400b3000
3f92e800
4018c000
3f80a800
4020c800
3f7ca000
402e5800
3f6a2000
403be800
3f58c800
40497800
3f464800
3fd9c000
3fbba400
3ff4e000
3fa96400
40080000
3f984800
40159000
3f860800
401db800
3f813400
402b4800
3f6fe800
4038d800
3f5e9000
40466800
3f4c1000
3fd36000
3fc03400
3fee8000
3fadf400
4004d000
3f9cd800
40126000
3f8a9800
401aa800
3f838400
40283800
3f748800
4035c800
3f633000
40435800
3f50b000
3fcd0000
3fc59400
3fe82000
3fb35400
4001a000
3fa23800
400f3000
3f8ff800
40179800
3f866800
40252800
3f7a5000
4032b800
3f68f800
40404800
3f567800
404dd800
3f452000
3fe1c000
3fb7e400
3ffce000
3fa6c800
400c0000
3f948800
40199000
3f836c00
40221800
3f7ef000
402fa800
3f6d9800
403d3800
3f5b1800
404ac800
3f49c000
3fdb6000
3fbd4400
3ff68000
3fac2800
4008d000
3f99e800
40166000
3f88cc00
401f0800
3f825c00
402c9800
3f736000
403a2800
3f60e000
4047b800
3f4f8800
3fd50000
3fc1d400
3ff02000
3fb0b800
4005a000
3f9e7800
40133000
3f8d5c00
401bf800
3f84ac00
40298800
3f780000
40371800
3f658000
4044a800
3f542800
3fcea000
3fc73400
3fe9c000
3fb61800
40027000
3fa3d800
40100000
3f92bc00
4018e800
3f879000
40267800
3f7dc800
40340800
3f6b4800
40419800
3f59f000
404f2800
3f477000
3fe36000
3fbaa800
3ffe8000
3fa86800
400cd000
3f974c00
401a6000
3f850c00
40236800
3f813400
4030f800
3f6fe800
403e8800
3f5e9000
404c1800
3f4c1000
3fdd0000
3fc00800
3ff82000
3fadc800
4009a000
3f9cac00
40173000
3f8a6c00
40205800
3f841800
402de800
3f75b000
403b7800
3f645800
40490800
3f51d800
3fd6a000
3fc49800
3ff1c000
3fb25800
40067000
3fa13c00
40140000
3f8efc00
401d4800
3f866800
402ad800
3f7a5000
40386800
3f68f800
4045f800
3f567800
3fd04000
3fc9f800
3feb6000
3fb7b800
40034000
3fa69c00
4010d000
3f945c00
401a3800
3f894c00
4027c800
3f800c00
40355800
3f6ec000
4042e800
3f5c4000
40507800
3f4ae800
3fe50000
3fbc4800
40001000
3fab2c00
400da000
3f98ec00
401b3000
3f87d000
4024b800
3f825c00
40324800
3f736000
403fd800
3f60e000
404d6800
3f4f8800
3fdea000
3fc1a800
3ff9c000
3fb08c00
400a7000
3f9e4c00
40180000
3f8d3000
4021a800
3f854000
402f3800
3f792800
403cc800
3f66a800
404a5800
3f555000
3fd84000
3fc63800
3ff36000
3fb51c00
40074000
3fa2dc00
4014d000
3f91c000
401e9800
3f879000
402c2800
3f7dc800
4039b800
3f6b4800
40474800
3f59f000
3fd1e000
3fcb9800
3fed0000
3fba7c00
40041000
3fa83c00
4011a000
3f972000
401b8800
3f8a7400
40291800
3f81c800
4036a800
3f711000
40443800
3f5fb800
4051c800
3f4d3800
3fe6a000
3fbf0c00
4000e000
3faccc00
400e7000
3f9bb000
401c0000
3f897000
40260800
3f841800
40339800
3f75b000
40412800
3f645800
404eb800
3f51d800
3fe04000
3fc46c00
3ffb6000
3fb22c00
400b4000
3fa11000
4018d000
3f8ed000
4022f800
3f86fc00
40308800
3f7b7800
403e1800
3f6a2000
404ba800
3f57a000
3fd9e000
3fc8fc00
3ff50000
3fb6bc00
40081000
3fa5a000
4015a000
3f936000
401fe800
3f894c00
402d7800
3f800c00
403b0800
3f6ec000
40489800
3f5c4000
3fd38000
3fce5c00
3feea000
3fbc1c00
4004e000
3fab0000
40127000
3f98c000
40200000
3f87a400
402a6800
3f82f000
4037f800
3f748800
40458800
3f620800
40531800
3f50b000
3fe84000
3fc0ac00
4001b000
3faf9000
400f4000
3f9d5000
401cd000
3f8c3400
40275800
3f854000
4034e800
3f792800
40427800
3f66a800
40500800
3f555000
3fe1e000
3fc60c00
3ffd0000
3fb4f000
400c1000
3fa2b000
4019a000
3f919400
40244800
3f882400
4031d800
3f7ef000
403f6800
3f6c7000
404cf800
3f5b1800
3fdb8000
3fca9c00
3ff6a000
3fb98000
4008e000
3fa74000
40167000
3f962400
40213800
3f8a7400
402ec800
3f81c800
403c5800
3f711000
4049e800
3f5fb800
3fd52000
3fcffc00
3ff04000
3fbee000
4005b000
3faca000
40134000
3f9b8400
4020d000
3f894400
402bb800
3f84ac00
40394800
3f76d800
4046d800
3f658000
40546800
3f530000
3fe9e000
3fc37000
40028000
3fb13000
40101000
3fa01400
401da000
3f8dd400
4028a800
3f86fc00
40363800
3f7b7800
4043c800
3f6a2000
40515800
3f57a000
3fe38000
3fc8d000
3ffea000
3fb69000
400ce000
3fa57400
401a7000
3f933400
40259800
3f89e000
40332800
3f80a000
4040b800
3f6fe800
404e4800
3f5d6800
3fdd2000
3fcd6000
3ff84000
3fbb2000
4009b000
3faa0400
40174000
3f97c400
40228800
3f8c3000
40301800
3f82f000
403da800
3f748800
404b3800
3f620800
3fd6c000
3fd2c000
3ff1e000
3fc08000
40068000
3faf6400
40141000
3f9d2400
4021a000
3f8c0800
402d0800
3f85d400
403a9800
3f7a5000
40482800
3f67d000
4055b800
3f567800
3feb8000
3fc51000
40035000
3fb3f400
4010e000
3fa1b400
401e7000
3f909800
4029f800
3f882400
40378800
3f7ef000
40451800
3f6c7000
4052a800
3f5b1800
3fe52000
3fca7000
40002000
3fb95400
400db000
3fa71400
401b4000
3f95f800
4026e800
3f8b0800
40347800
3f825c00
40420800
3f723800
404f9800
3f60e000
3fdec000
3fcf0000
3ff9e000
3fbde400
400a8000
3faba400
40181000
3f9a8800
4023d800
3f8d5800
40316800
3f84ac00
403ef800
3f76d800
404c8800
3f658000
3fd86000
3fd46000
3ff38000
3fc34400
40075000
3fb10400
4014e000
3f9fe800
40227000
3f8da800
402e5800
3f879000
403be800
3f7ca000
40497800
3f6b4800
40570800
3f58c800
3fed2000
3fc7d400
40042000
3fb59400
4011b000
3fa47800
401f4000
3f923800
402b4800
3f89e000
4038d800
3f80a000
40466800
3f6fe800
4053f800
3f5d6800
3fe6c000
3fcd3400
4000f000
3fbaf400
400e8000
3fa9d800
401c1000
3f979800
40283800
3f8cc400
4035c800
3f838400
40435800
3f75b000
4050e800
3f633000
3fe06000
3fd1c400
3ffb8000
3fbf8400
400b5000
3fae6800
4018e000
3f9c2800
40252800
3f8f1400
4032b800
3f85d400
40404800
3f7a5000
404dd800
3f67d000
405b6800
3f567800
3ff52000
3fc4e400
40082000
3fb3c800
4015b000
3fa18800
40234000
3f906c00
402fa800
3f88b800
403d3800
3f800c00
404ac800
3f6d9800
40585800
3f5c4000
3feec000
3fc97400
4004f000
3fb85800
40128000
3fa61800
40201000
3f94fc00
402c9800
3f8b0800
403a2800
3f825c00
4047b800
3f723800
40554800
3f60e000
3fe86000
3fced400
4001c000
3fbdb800
400f5000
3fab7800
401ce000
3f9a5c00
40298800
3f8dec00
40371800
3f854000
4044a800
3f780000
40523800
3f66a800
3fe20000
3fd36400
3ffd2000
3fc24800
400c2000
3fb00800
4019b000
3f9eec00
40267800
3f903c00
40340800
3f879000
40419800
3f7ca000
404f2800
3f6b4800
405cb800
3f58c800
3ff6c000
3fc7a800
4008f000
3fb56800
40168000
3fa44c00
40241000
3f920c00
4030f800
3f8a7400
403e8800
3f813400
404c1800
3f711000
4059a800
3f5e9000
3ff06000
3fcc3800
4005c000
3fb9f800
40135000
3fa8dc00
4020e000
3f969c00
402de800
3f8cc400
403b7800
3f838400
40490800
3f75b000
40569800
3f633000
3fea0000
3fd19800
40029000
3fbf5800
40102000
3fae3c00
401db000
3f9bfc00
402ad800
3f8fa800
40386800
3f866800
4045f800
3f7b7800
40538800
3f68f800
3fe3a000
3fd62800
3ffec000
3fc3e800
400cf000
3fb2cc00
401a8000
3fa08c00
4027c800
3f91f800
40355800
3f88b800
4042e800
3f800c00
40507800
3f6d9800
405e0800
3f5c4000
3ff86000
3fc94800
4009c000
3fb82c00
40175000
3fa5ec00
4024e000
3f94d000
40324800
3f8b9c00
403fd800
3f82f000
404d6800
3f736000
405af800
3f620800
3ff20000
3fcdd800
40069000
3fbcbc00
40142000
3faa7c00
4021b000
3f996000
402f3800
3f8dec00
403cc800
3f854000
404a5800
3f780000
4057e800
3f66a800
3feba000
3fd33800
40036000
3fc21c00
4010f000
3fafdc00
401e8000
3f9ec000
402c2800
3f90d000
4039b800
3f882400
40474800
3f7dc800
4054d800
3f6c7000
3fe54000
3fd7c800
40003000
3fc6ac00
400dc000
3fb46c00
401b5000
3fa35000
40291800
3f932000
4036a800
3f8a7400
40443800
3f813400
4051c800
3f711000
405f5800
3f5e9000
3ffa0000
3fcc0c00
400a9000
3fb9cc00
40182000
3fa8b000
4025b000
3f967000
40339800
3f8d5800
40412800
3f841800
404eb800
3f76d800
405c4800
3f645800
3ff3a000
3fd09c00
40076000
3fbe5c00
4014f000
3fad4000
40228000
3f9b0000
40308800
3f8fa800
403e1800
3f866800
404ba800
3f7b7800
40593800
3f68f800
3fed4000
3fd5fc00
40043000
3fc3bc00
4011c000
3fb2a000
401f5000
3fa06000
402d7800
3f928c00
403b0800
3f894c00
40489800
3f80a000
40562800
3f6ec000
3fe6e000
3fda8c00
40010000
3fc84c00
400e9000
3fb73000
401c2000
3fa4f000
4029b000
3f93d400
4037f800
3f8b9c00
40458800
3f82f000
40531800
3f736000
4060a800
3f620800
3ffba000
3fcdac00
400b6000
3fbc9000
4018f000
3faa5000
40268000
3f993400
4034e800
3f8e8000
40427800
3f85d400
40500800
3f792800
405d9800
3f67d000
3ff54000
3fd23c00
40083000
3fc12000
4015c000
3faee000
40235000
3f9dc400
4031d800
3f90d000
403f6800
3f882400
404cf800
3f7dc800
405a8800
3f6c7000
3feee000
3fd79c00
40050000
3fc68000
40129000
3fb44000
40202000
3fa32400
402ec800
3f93b400
403c5800
3f8b0800
4049e800
3f81c800
40577800
3f723800
3fe88000
3fdc2c00
4001d000
3fcb1000
400f6000
3fb8d000
401cf000
3fa7b400
402a8000
3f957400
40394800
3f8d5800
4046d800
3f841800
40546800
3f76d800
4061f800
3f645800
3ffd4000
3fd07000
400c3000
3fbe3000
4019c000
3fad1400
40275000
3f9ad400
40363800
3f903c00
4043c800
3f86fc00
40515800
3f7ca000
405ee800
3f6a2000
3ff6e000
3fd50000
40090000
3fc2c000
40169000
3fb1a400
40242000
3f9f6400
40332800
3f928c00
4040b800
3f894c00
404e4800
3f80a000
405bd800
3f6ec000
3ff08000
3fda6000
4005d000
3fc82000
40136000
3fb70400
4020f000
3fa4c400
40301800
3f957000
403da800
3f8c3000
404b3800
3f838400
4058c800
3f748800
3fea2000
3fdef000
4002a000
3fccb000
40103000
3fbb9400
401dc000
3fa95400
402b5000
3f983800
403a9800
3f8e8000
40482800
3f85d400
4055b800
3f792800
40634800
3f67d000
3ffee000
3fd21000
400d0000
3fc0f400
401a9000
3faeb400
40282000
3f9d9800
40378800
3f916400
40451800
3f88b800
4052a800
3f7ef000
40603800
3f6d9800
3ff88000
3fd6a000
4009d000
3fc58400
40176000
3fb34400
4024f000
3fa22800
40347800
3f93b400
40420800
3f8b0800
404f9800
3f81c800
405d2800
3f723800
3ff22000
3fdc0000
4006a000
3fcae400
40143000
3fb8a400
4021c000
3fa78800
40316800
3f969800
403ef800
3f8dec00
404c8800
3f84ac00
405a1800
3f780000
3febc000
3fe09000
40037000
3fcf7400
40110000
3fbd3400
401e9000
3fac1800
402c2000
3f99d800
403be800
3f903c00
40497800
3f86fc00
40570800
3f7ca000
40649800
3f6a2000
40004000
3fd4d400
400dd000
3fc29400
401b6000
3fb17800
4028f000
3f9f3800
4038d800
3f932000
40466800
3f89e000
4053f800
3f813400
40618800
3f6fe800
3ffa2000
3fd96400
400aa000
3fc72400
40183000
3fb60800
4025c000
3fa3c800
4035c800
3f957000
40435800
3f8c3000
4050e800
3f838400
405e7800
3f748800
3ff3c000
3fdec400
40077000
3fcc8400
40150000
3fbb6800
40229000
3fa92800
4032b800
3f985400
40404800
3f8f1400
404dd800
3f866800
405b6800
3f7a5000
4068f800
3f68f800
40044000
3fd11400
4011d000
3fbff800
401f6000
3fadb800
402cf000
3f9c9c00
403d3800
3f916400
404ac800
3f88b800
40585800
3f7ef000
4065e800
3f6d9800
40011000
3fd67400
400ea000
3fc55800
401c3000
3fb31800
4029c000
3fa1fc00
403a2800
3f944800
4047b800
3f8b9c00
40554800
3f825c00
4062d800
3f736000
3ffbc000
3fdb0400
400b7000
3fc9e800
40190000
3fb7a800
40269000
3fa68c00
40371800
3f969800
4044a800
3f8dec00
40523800
3f84ac00
405fc800
3f780000
3ff56000
3fe06400
40084000
3fcf4800
4015d000
3fbd0800
40236000
3fabec00
40340800
3f997c00
40419800
3f90d000
404f2800
3f879000
405cb800
3f7dc800
406a4800
3f6b4800
40051000
3fd3d800
4012a000
3fc19800
40203000
3fb07c00
402dc000
3f9e3c00
403e8800
3f932000
404c1800
3f89e000
4059a800
3f813400
40673800
3f6fe800
4001e000
3fd93800
400f7000
3fc6f800
401d0000
3fb5dc00
402a9000
3fa39c00
403b7800
3f960400
40490800
3f8cc400
40569800
3f841800
40642800
3f75b000
3ffd6000
3fddc800
400c4000
3fcb8800
4019d000
3fba6c00
40276000
3fa82c00
40386800
3f985400
4045f800
3f8f1400
40538800
3f866800
40611800
3f7a5000
3ff70000
3fe32800
40091000
3fd0e800
4016a000
3fbfcc00
40243000
3fad8c00
40355800
3f9b3800
4042e800
3f91f800
40507800
3f894c00
405e0800
3f800c00
406b9800
3f6ec000
4005e000
3fd57800
40137000
3fc45c00
40210000
3fb21c00
402e9000
3fa10000
403fd800
3f944800
404d6800
3f8b9c00
405af800
3f825c00
40688800
3f736000
4002b000
3fdad800
40104000
3fc9bc00
401dd000
3fb77c00
402b6000
3fa66000
403cc800
3f972c00
404a5800
3f8e8000
4057e800
3f854000
40657800
3f792800
3fff0000
3fdf6800
400d1000
3fce4c00
401aa000
3fbc0c00
40283000
3faaf000
4039b800
3f997c00
40474800
3f90d000
4054d800
3f879000
40626800
3f7dc800
3ff8a000
3fe4c800
4009e000
3fd3ac00
40177000
3fc16c00
40250000
3fb05000
4036a800
3f9c6000
40443800
3f93b400
4051c800
3f8a7400
405f5800
3f81c800
406ce800
3f711000
4006b000
3fd83c00
40144000
3fc5fc00
4021d000
3fb4e000
402f6000
3fa2a000
40412800
3f960400
404eb800
3f8cc400
405c4800
3f841800
4069d800
3f75b000
40038000
3fdd9c00
40111000
3fcb5c00
401ea000
3fba4000
402c3000
3fa80000
403e1800
3f98e800
404ba800
3f8fa800
40593800
3f86fc00
4066c800
3f7b7800
40005000
3fe22c00
400de000
3fcfec00
401b7000
3fbed000
40290000
3fac9000
403b0800
3f9b3800
40489800
3f91f800
40562800
3f894c00
4063b800
3f800c00
3ffa4000
3fe78c00
400ab000
3fd54c00
40184000
3fc43000
4025d000
3fb1f000
40336000
3fa0d400
40458800
3f94dc00
40531800
3f8c3000
4060a800
3f82f000
406e3800
3f748800
40078000
3fd9dc00
40151000
3fc8c000
4022a000
3fb68000
40303000
3fa56400
40427800
3f972c00
40500800
3f8e8000
405d9800
3f854000
406b2800
3f792800
40045000
3fdf3c00
4011e000
3fce2000
401f7000
3fbbe000
402d0000
3faac400
403f6800
3f9a1000
404cf800
3f916400
405a8800
3f882400
40681800
3f7ef000
40012000
3fe3cc00
400eb000
3fd2b000
401c4000
3fc07000
4029d000
3faf5400
403c5800
3f9c6000
4049e800
3f93b400
40577800
3f8a7400
40650800
3f81c800
3ffbe000
3fe92c00
400b8000
3fd81000
40191000
3fc5d000
4026a000
3fb4b400
40343000
3fa27400
4046d800
3f969800
40546800
3f8d5800
4061f800
3f84ac00
406f8800
3f76d800
40085000
3fdca000
4015e000
3fca6000
40237000
3fb94400
40310000
3fa70400
4043c800
3f98e800
40515800
3f8fa800
405ee800
3f86fc00
406c7800
3f7b7800
40052000
3fe20000
4012b000
3fcfc000
40204000
3fbea400
402dd000
3fac6400
4040b800
3f9bcc00
404e4800
3f928c00
405bd800
3f89e000
40696800
3f80a000
4001f000
3fe69000
400f8000
3fd45000
401d1000
3fc33400
402aa000
3fb0f400
403da800
3f9e1c00
404b3800
3f94dc00
4058c800
3f8c3000
40665800
3f82f000
3ffd8000
3febf000
400c5000
3fd9b000
4019e000
3fc89400
40277000
3fb65400
40350000
3fa53800
40482800
3f97c000
4055b800
3f8f1400
40634800
3f85d400
4070d800
3f7a5000
40092000
3fde4000
4016b000
3fcd2400
40244000
3fbae400
4031d000
3fa9c800
40451800
3f9a1000
4052a800
3f916400
40603800
3f882400
406dc800
3f7ef000
4005f000
3fe3a000
40138000
3fd28400
40211000
3fc04400
402ea000
3faf2800
40420800
3f9cf400
404f9800
3f944800
405d2800
3f8b0800
406ab800
3f825c00
4002c000
3fe83000
40105000
3fd71400
401de000
3fc4d400
402b7000
3fb3b800
403ef800
3f9f4400
404c8800
3f969800
405a1800
3f8d5800
4067a800
3f84ac00
3fff2000
3fed9000
400d2000
3fdc7400
401ab000
3fca3400
40284000
3fb91800
4035d000
3fa6d800
40497800
3f997c00
40570800
3f903c00
40649800
3f879000
40722800
3f7ca000
4009f000
3fe10400
40178000
3fcec400
40251000
3fbda800
4032a000
3fab6800
40466800
3f9bcc00
4053f800
3f928c00
40618800
3f89e000
406f1800
3f80a000
4006c000
3fe66400
40145000
3fd42400
4021e000
3fc30800
402f7000
3fb0c800
40435800
3f9eb000
4050e800
3f957000
405e7800
3f8cc400
406c0800
3f838400
40039000
3feaf400
40112000
3fd8b400
401eb000
3fc79800
402c4000
3fb55800
40404800
3fa10000
404dd800
3f97c000
405b6800
3f8f1400
4068f800
3f85d400
40768800
3f7a5000
400df000
3fde1400
401b8000
3fccf800
40291000
3fbab800
4036a000
3fa99c00
404ac800
3f9aa400
40585800
3f91f800
4065e800
3f88b800
40737800
3f800c00
400ac000
3fe2a400
40185000
3fd18800
4025e000
3fbf4800
40337000
3fae2c00
4047b800
3f9cf400
40554800
3f944800
4062d800
3f8b0800
40706800
3f825c00
40079000
3fe80400
40152000
3fd6e800
4022b000
3fc4a800
40304000
3fb38c00
4044a800
3f9fd800
40523800
3f972c00
405fc800
3f8dec00
406d5800
3f854000
40046000
3fec9400
4011f000
3fdb7800
401f8000
3fc93800
402d1000
3fb81c00
40419800
3fa22800
404f2800
3f997c00
405cb800
3f903c00
406a4800
3f879000
4077d800
3f7ca000
400ec000
3fe0d800
401c5000
3fce9800
4029e000
3fbd7c00
40377000
3fab3c00
404c1800
3f9c6000
4059a800
3f932000
40673800
3f8a7400
4074c800
3f813400
400b9000
3fe56800
40192000
3fd32800
4026b000
3fc20c00
40344000
3fafcc00
40490800
3f9eb000
40569800
3f957000
40642800
3f8cc400
4071b800
3f838400
40086000
3feac800
4015f000
3fd88800
40238000
3fc76c00
40311000
3fb52c00
4045f800
3fa19400
40538800
3f985400
40611800
3f8fa800
406ea800
3f866800
40053000
3fef5800
4012c000
3fdd1800
40205000
3fcbfc00
402de000
3fb9bc00
4042e800
3fa3e400
40507800
3f9aa400
405e0800
3f91f800
406b9800
3f88b800
40792800
3f800c00
400f9000
3fe27800
401d2000
3fd15c00
402ab000
3fbf1c00
40384000
3fae0000
404d6800
3f9d8800
405af800
3f94dc00
40688800
3f8b9c00
40761800
3f82f000
400c6000
3fe70800
4019f000
3fd5ec00
40278000
3fc3ac00
40351000
3fb29000
404a5800
3f9fd800
4057e800
3f972c00
40657800
3f8dec00
40730800
3f854000
40093000
3fec6800
4016c000
3fdb4c00
40245000
3fc90c00
4031e000
3fb7f000
40474800
3fa2bc00
4054d800
3f9a1000
40626800
3f90d000
406ff800
3f882400
40060000
3ff0f800
40139000
3fdfdc00
40212000
3fcd9c00
402eb000
3fbc8000
40443800
3fa50c00
4051c800
3f9c6000
405f5800
3f932000
406ce800
3f8a7400
407a7800
3f813400
44b8b000
40370000
4c378800
447dc800
bea78000
cb876000
45ae6000
3fa30000
4b81a800
398f0000
358e9000
44e9e800
40943000
4fbd6800
bccc1000
bc38a000
42f00000
438f8000
3da6e000
4e3e2400
b7241000
b9146000
bfe9d800
b9013400
ceea0000
c1a8c000
40c9b000
2f0a7400
3642b000
43928c00
37a96000
368f8000
bcf95000
b9539800
4225b000
3ac40000
37c2e800
480d5800
3f40f000
4d3f5800
c4fa5000
bd946000
3ab59000
44e45800
bd3da800
ca5c4000
c74a9000
bc90d000
3e5f1000
483afc00
43b09000
4189d000
4a8a0000
45a02000
c62f8800
bfba3800
330b6800
43b3f000
bd63d000
cbc5a000
c5866000
c1835000
4ae31000
3b00a000
42c08000
3c614000
b8dca000
c5939000
bb552000
cc27e000
ca296000
c3e2e000
390b0800
37a11000
3a295000
45969800
c1045000
b71ec000
bdcac800
b1fdc800
be055800
c9f21c00
c1d02000
b7696000
c79bc000
b7025c00
be5de000
b1d44000
416d7000
335f6c00
c887c800
c3540000
4077a000
377ca000
47a38000
3e476c00
b9471000
c843f800
bf6d8000
bea45800
47727000
47d2e800
cbec4000
c4fdc800
3c651000
37d2a000
3bd3f800
4c172c00
b67cd000
c3533400
bdd2a800
c5fdc800
c8363800
ba58c800
c8e5b000
c667c000
b4b8b000
bd38a000
41c89800
4818e800
47cd0000
3e74c000
35b4e800
4101c800
44c4e000
37e0e000
3b79e000
463de400
38efb000
438b7000
3d199000
46b68400
c9333800
b8b3b400
c624f000
c6265000
bf268800
b6c4d000
c31d7000
b7470000
3804a800
47718000
336e3000
42395800
3fb4e800
460cc400
c3344000
be985400
3715a800
3c24d800
ba51e000
b6379400
b55e7800
ba620800
31554800
3f97c000
bd6d9000
b4748800
c3226800
ba8f9c00
b8d97000
c3ea2000
41aaf000
4c3fec00
42ac6000
33c0f000
331a1000
3d16d000
436ce800
4d854000
c2a41000
cc987000
b3215800
bc9a3000
b3381000
c02a5000
4f045800
40490800
419d5000
4cdd2000
3a890000
43107800
4a70e000
432da000
3f215800
3dae3400
ba982000
bf4adc00
48032800
364aa800
435cf000
4a58c800
3a42e800
3997c000
b68ba800
b7e93800
afc15000
bfbb8000
b5be5000
c3e33000
c9cf6000
c6ec7000
bd861000
b5fce000
4bc3a000
4192c000
3bcb2000
4b718000
3e430000
48d44000
3ec96000
3b223000
41ebb000
352ea800
b86c9000
be0eb000
c4018000
b8a4fc00
b71a4800
b8907000
4ac60000
4434d800
c330e000
cb0eb000
c81d3000
bfe2e000
38604000
3f9d1000
37f70000
44a19400
c7500800
c493b400
c0d43000
caf5b000
ba430000
c6a38000
bcb13000
c6c1f800
40983000
4adce800
478e7000
481bb000
b97c1000
b7a22000
b584d800
c43b1c00
3707c000
3d34c000
3fd8e000
30766000
c8482000
bc38e400
bd8e5000
c1111c00
3a718000
4186fc00
4bc08000
3add6800
ca6e2000
be0c4000
bcdde000
ca91f000
bb16e800
b7383000
bda74800
b6ae8800
3f024800
47b51800
bed43000
c2376000
47584000
47519c00
c0887800
c7b5e800
400ae800
37859000
42e1a000
43a4a000
bf22d800
ba486000
b77fc000
b92bfc00
4cab2800
42367c00
33191800
4047f000
43c44000
435fa000
bde6a000
ca5ac000
45408000
44c74000
4427f000
3c54e000
bb01e800
c5cea400
4afe6000
3c835000
c248d000
c267d000
c24d3000
c78e8000
450c5000
36f4c000
c61d9000
bd9d2000
bf430000
ceab0000
b10a4800
c084c000
bcb10000
c0bd3800
3999a000
36c26000
31061800
3ea7e800
43426000
44c0c000
44e07000
38bbcc00
35a88800
3cd21800
bb30e800
baa70400
3a013800
38801000
3cbbb000
38dd6800
44ec2000
4acbbc00
4140f000
35854000
47074800
3a209800
3cfaa000
3289d000
464f3000
40042000
ce19c000
bf04f000
b86fb000
c7d10000
bacd0000
b9946000
ba6d1000
b7540800
3c1d1000
458fc800
b840f000
bbaaa800
c5c08000
b4dd6800
403db000
3faf1000
3b063800
4afbb000
c580c000
be076000
b98df800
b4af6800
351e3000
3a5b2800
38a2d000
36e2e800
c109c800
af8b6c00
41e60000
4d780000
be8f1000
b93b9400
41557000
3acc2000
bba67800
bceec000
cc994800
bce79000
37121800
40a54800
c1a7a000
c7d7a800
3efea000
32e15c00
c0420800
bd736000
38ec0000
47c31c00
3b9a0000
34496400
44b31000
43876000
42cbc000
4da09000
4cc94000
43322000
b767d000
bc956800
3541d000
3a780000
b49db800
be082400
3e46a000
42a35000
c5c2e800
ca1fd800
3283e800
40670c00
c2002000
bb518000
33b36000
3ea23000
44554800
3f813400
48f84000
422b4800
c4030000
ccd8e400
4e53e000
3ee2e000
b3adb000
bb198400
bf638000
cfc74000
3f46f000
44ad5000
b5731000
c2657000
c3966000
bd225800
3ee5b000
4b780000
3d5c1000
4581c800
c184e800
c553d800
c2056000
bff96000
3caad000
3c387000
413a9800
385e9000
4401f000
42fbf000
3ba87000
47939000
359ba800
39a05000
ba41c000
ca035000
c0513000
bb340000
c21ed000
bc3dd800
bd6d8000
b7de0000
38a00000
378f8000
b655b800
c68c3000
42a1b000
49dfc800
3c958800
36e0f800
c9b2c000
c23be000
c2221800
bc6b4800
3cd84000
455fa000
460c6000
3b5af800
3534f000
39209000
bf2bf000
b69bcc00
3a3b4000
3a9bcc00
47877800
3d001000
bd809800
ba0eb000
c4b27000
bc1f3400
b6cdf000
c0ad9000
40023000
3ca04400
bebec000
b2025c00
b41ce000
c0efe000
479b8000
43140400
ba961800
bcf32800
c8015000
b9407800
ba121800
c514c000
c789a800
baad9000
4098a800
47942800
37fe6000
45cb6400
c7cf2800
c00f1400
bd9bd000
c0363000
3c016000
398b7000
bea9b000
bfa16000
c512a800
b9449800
40a13000
37dbd800
bc211000
ba552000
41ad7000
438eb000
b774d000
bb5bac00
c2ae6000
bdc07800
398b6000
3c835000
bd1df800
b2443800
bb127800
bed59c00
3e4f3000
3c01b000
c3502000
beeca000
c0ca5800
b6db1800
c94c5000
c3711000
c42a3800
cbaa4800
c493c800
b2f59800
3c957000
47015000
caad0000
bbb2b000
c5530000
bd505000
36674000
38c8e000
3bad2000
4648e000
41dca000
4e987000
46d48000
3a2b1800
ccbcc000
c04c2000
bfb82800
ba2c0c00
c48a2000
bb8b2800
bb6ca000
ca279c00
43d16000
419ae000
41efc000
4e05d400
3706b800
40e1ac00
33089000
3ef32000
cf25e800
beaffc00
cf288000
bd2af000
38ae9000
47157000
c0af3800
badb1800
c5ce4000
c362e000
c3601000
b8e62000
b8525000
c4b08000
358ef800
3cebe000
41c8a000
4eaf3000
40629000
501bb000
c68d1800
bb0d8800
43111800
48593800
3d3fa000
3c854000
4c9ef000
40aad800
39562800
3c903c00
bf882800
c92b2800
31cd3000
3c34b800
b8a13000
bd2e3400
3d435800
425e9000
4aae2000
3c00a000
3cd8c800
42000c00
bc17f800
b544d000
44ca2000
351fd800
c1cb3800
cde6a800
cc984800
bb0e0000
3639f000
3875b000
d041d000
be408000
b9370000
c2481800
b41d8000
c286fc00
3eebf000
3dac5400
40138800
4d6fb000
bf363000
af112000
3ca72000
3511f800
c5c4a800
cb0b0800
3acc1800
481fd800
3eccf800
3d185400
cb7df000
bfaa0000
c6b9b800
b9d1d800
c6d0e000
bc3cf000
b7dca000
c5cc3c00
3cf4a000
479c0c00
367bd000
3daf9000
460b1000
3b828000
37bb4000
3b025c00
40b2f000
42160400
39e06000
45994000
c0075000
d03f1000
c29b1800
b1b08800
cc0a5000
bb03a000
46bcc000
38a8b000
bbc90800
c50a7400
3e841800
3957c000
360e8000
4019a000
c7237000
c20b7000
4332c000
47d2a000
39657800
427dc800
3e15a000
417a5000
c4c74800
bff23800
cbb63800
bee8f800
41a09800
4025e800
c0812800
c6a6c000
3841d000
3e489800
407ce000
39c9a000
3e32c000
3c1a1000
4b57b000
3f68f800
b6ac2800
b9eb4800
b24d5000
bf0aa000
46c93000
44c7dc00
4681b000
4285c000
461a1000
4aafd800
314ad000
3d2b2000
37186800
3d401000
3858a000
4039b000
c6951000
c3876000
be931800
c6ada800
437a5000
42bdd000
c9757000
c77a5000
bf589000
af1bb000
c8b9a000
ba614000
40a4b800
36eec000
c665b000
bc81c800
33368000
3c194000
c1960000
c97b4000
406b9000
44a9e800
c4a30800
c0af7800
b5d8c000
bc28a800
3dabf000
3311f800
c194c000
b9000c00
c4ab4000
c8292400
c4afa800
bebce000
39047800
3c962c00
bf591000
c2304000
3c1c9000
3deca000
40224000
36ca8400
cd395000
c0f4c000
4149e000
3930d000
ba1c9000
c3f32000
b39f8000
c0e23800
3aa9f000
41b13000
c56ce000
b601b000
c7f14000
c4c92000
ba18b000
b9711000
36504000
3d51d800
3d4e9000
47153000
31956000
3f780000
ba350800
c7a7fc00
bec63000
beeec000
446dc000
45ad0800
c2834800
b5129800
ca7d5000
bea73800
bf61a000
c6d5e000
36552000
44bbe000
c0014000
c4c1a000
c0825800
c8d7c000
b0ce8000
bf0cc400
3acc6000
3585c000
c1b8a000
b601c800
bb58e000
c11ae000
bd29b000
b9b2e800
3b9f6000
47987000
3f148800
4c5dd800
c491a800
ba9a5000
bd2ac000
c8a85400
4543a000
3c2b2000
4b371800
417ef000
bda5c000
b7a97000
c494b800
c2dfd000
c6115000
c5090000
474a3000
37d44000
bd936800
ccc69000
4db21000
3e06fc00
c8cd7000
bd397800
41069800
4ee27c00
bcc9b000
b611f800
c1769000
b6efe000
44841800
453d1000
bfc74800
af14dc00
46c37000
41c69000
c292a000
cd4b0800
bdfde000
cd55e800
4153f800
3e916400
c3ec8000
b530a000
cc81d800
bbeca000
b6d4d000
c548e000
3195d800
3cc08800
3a8cd800
3a511000
37427800
378a7400
b7a33000
c80a7400
3881a800
3a121c00
3a60c000
39b13800
42476000
4de48000
ba39f000
c48a7400
ce890000
bf0c9000
b2d45000
be1ae000
4a552000
40ade000
3f8bc000
47027800
c5a4b800
c30f1400
41f78000
33648000
34c8d000
41206c00
bfefb000
cc946000
b50dd000
ba0dd000
3305e800
3c7e8000
bd934800
bbc5c000
bad7a000
b94f6000
4e931800
41ece800
c108e000
c3efe000
42b04000
36801000
3a95b000
47780000
4109c800
36b63800
3f600000
316b4800
bda64000
b68d1000
3a275800
418fa800
b7a4c000
c2afd000
b2900800
c0f98800
b192d000
bf242400
c169f000
c2470400
41bb3000
4267c000
c21e9800
bd7ca000
3d93f800
4a2a7c00
c83da800
c7a06c00
4146d800
4a81c800
402b7000
439fb400
c1c39000
bdcd3800
c0a33000
b1038400
4046d800
32792800
3b084000
33feb000
ce7cf000
bd39a800
3999c800
42285c00
49b2b800
42132000
c392e000
b267c000
311b5000
3de48000
383c7000
3e2d9000
c795f000
c4a2e000
bfee7000
bbfca000
bbefc000
c6f48800
34467000
3bcc2000
3e30e800
344f6800
36a8a800
43fef000
b6614000
c0a4f000
3e1a4000
3dade400
cca29000
c30f9c00
44192000
34035000
3e3ae000
3b153000
bf4f3000
b3a52000
af25f000
c009d000
46a58800
3ecea000
c1bc9000
c20d5800
429e5000
3ad98800
c359d000
bb00e000
cd6cb000
bc533800
3a075000
3d0e6800
47e24000
3d55e000
b673e000
c0895800
49b98000
3efb7800
3fdac000
3d939000
3a6e7000
3484ac00
3a83c800
3d8a9800
bc140000
c2533000
4020e000
31ad6400
457d7000
41d5e800
c4a69000
c7474000
b7b07000
be345c00
be52e000
ce89e000
c8951000
b8a7a000
cfc35800
c000a000
380be800
47505000
48195800
41879000
3df5a000
4097a000
b1ff5000
bf6b0000
bc356000
c8410800
ba8ed000
c6b28800
c0b7c000
af116400
37858800
3c959800
c0868000
ce48f000
3ba3e000
4a280400
c1e38000
b9365000
c091a800
cb52d800
438ff000
4701c800
4723b800
45356000
cad7f000
bf308000
39651000
45c9a800
c16f1800
bc780000
bf6f3000
c64c3800
b75c0000
bc216000
3ee62000
36e7d000
ca942000
c38b7000
c1242000
b9504000
c3bd1000
b7648000
b82a3000
c684ac00
4b8b0000
43675c00
3b4a8000
4bdac000
c30db800
bd6ab800
be120000
b69ca800
ccdf2000
c2e58000
b7552000
c2ca8000
3fc08000
3e094c00
be12b000
c0940800
b6996000
c035b400
b6a73000
bb801000
35324800
44985400
bdd52000
b6905000
b6b0f800
c02bbc00
415f2000
3cd5e000
c5bd7000
c4e0e000
41864000
3f583c00
c494f800
c1d38800
b9c8d000
b6160400
4b141000
3aae6400
b7e89000
c1d2bc00
36463000
3a866800
c38dd000
c1b8e800
b1e3d000
bc281000
4095c800
4fd77800
c0bbd000
bba4a000
4205c800
45b80400
3bb59000
46d7a000
c4ec9000
b37ce000
b6852000
bf392800
c39d8800
cbc63000
40ad8800
3dc02000
46412000
3ba86000
3132c000
3ceca000
b9817000
bb858000
b4dff000
c5c66000
bed39000
cc40c000
3e87b800
3cd26800
cd70f000
c3139000
4ee83000
3f0de000
b9cdd800
ba157000
bf16b800
c85d6000
bf1ec000
ce67c800
3af6d000
42ba5000
477c3000
43f18000
47dbb000
3e953000
48870000
40a82000
50be1800
3ec1a800
c8dac000
bb45a000
35c63000
3d000c00
c9022000
bcf0d000
3f7f9000
48b89800
4728b000
38b26c00
39823000
3d25cc00
cabc7000
c1426000
383d0000
3c9bcc00
3e552000
43ee4000
3f7b4000
3111f000
3bb1d800
3827d400
35ab0000
3d3d2800
41958000
349c2800
4acd3000
3cb83c00
af214000
c016d000
be447000
bb723800
4a159000
41732800
b60af800
bfba9c00
41135800
3c0d3800
bf912800
af8ce000
41c74800
4ac1a800
3af89000
34b08c00
b715d800
bfb58c00
416f1800
4b7a5000
bd391000
bc88b800
430de800
473ae000
c0a67800
b2066800
bfa2d000
bd67c000
4cb16800
3ae33000
b6bc2000
b7426000
3f91b000
33051000
b5b1f800
bdbb9800
3b0e8000
3ef18000
cb205800
c580a000
bbae5800
b2ec7000
bc9fd000
b3c88000
b9ce1000
c9fdc800
400e2800
33b08400
b4857000
c4001000
3981e800
375fe400
3cb19000
342bbc00
cd44e000
bf6a2000
3dbc2000
48e33000
c1a21800
bb013400
39179000
47e62000
bde8f800
b1efe800
46190800
4a919400
40841000
4633a000
4bfcb000
424f3000
43009800
48780000
c1f06000
b41df800
382e1000
4709d000
34b0c800
3ccb7800
bf408000
b2076000
bb0f7000
b5cf9800
38064000
383bf000
bdc99000
c21ea000
c26f9000
b455a800
3a1e0800
38b77c00
c5221800
b78e8000
47318800
394e9800
bc1ad000
c4438800
c8f96000
b7a07000
48746000
45940000
b900a800
b650b000
d1365000
bfa8cc00
3c065000
3a0f3800
3e585800
3894dc00
b5527000
be57a000
ba3cc000
c03dc800
47b47800
37dc4000
bd248000
c38e2400
c49ec000
c7766000
3e802000
49917000
c5eb5000
c080e000
400a7000
3e98c400
b1a98800
bcbb8000
bd57b000
c0b9b000
3c5cb800
4c8b9c00
c1963000
c553d000
be287000
c8f4c000
bd5a4000
b69c6000
3d4f6000
4582f000
46c8d000
4617c000
cdd69800
bf00a000
3c814000
3e7b4000
b706a000
bbbb9800
3372d000
43153000
c29f1000
bb5c6000
b76a0000
b7545c00
45dca000
3e9ef000
44486000
4059f000
c7e4c000
b691f000
c3890000
bf0c9000
40348800
4e496000
c6a02800
bbe09800
389dd000
448c4000
c06ea000
b85e4800
3efaf000
3a093800
c51ce000
c762b000
b38b5000
bd88b800
c0738000
af1d3000
c6c94000
c4116400
3fd2a800
32d30000
46d5c000
49696000
bbf41000
c6a5d000
35cea000
42c73400
40543000
40f4c000
bc435000
cbd78000
bdca8000
cc2cd800
c31f1000
c1dfa000
4920b800
3e4e6800
d0a86000
bfd21800
cbe47000
ba2ec800
bf474800
cf43f800
c71ba000
c72dc000
b8c12800
b8000c00
44f12000
4823e000
41e1f800
4a0cc400
4117f800
44ad6800
39c9b000
44eec000
4013d000
44cf6c00
d0947000
bf58dc00
c2bc2000
c1592000
ba391000
b498e800
3f127800
4283ec00
b946d800
c5957000
3f705000
3cb2f000
c2825000
c4c00000
cda59000
bed94800
340b6000
440de000
c0c35800
d0210000
3e5c5000
4ec8e000
3cc94000
321bcc00
c2dc6000
c41f8000
c31c9000
b4105000
c259f000
b5abc800
45218800
422c5800
362fd000
4042c800
c6e9b000
babcc400
c9806800
c1af1800
c9b35000
c2c44800
b4571000
b99ff800
41d3e000
3e648000
c3eb4000
baa99000
bdf73000
ce98f400
c5989000
bac01000
ca88d800
b9880800
4cd89000
3ef48800
38802000
49035000
cc066000
c1f66000
cf562800
be894c00
45769000
4743c000
45f37000
4a84f000
c22e2000
b4658000
b4ad8000
c2b89800
c0123800
c739f000
41df9000
3dc46c00
409d3000
40912000
3d4bc000
4816d000
3b574000
4b928c00
40840800
4bd16000
40bf6800
3f013400
c6e44000
b5dbb000
ba4fd000
c21fc000
439f9800
39a61800
474a2000
45944800
b6db6000
bba57000
440c5800
392f1000
b91fd000
c3aaa000
488fc800
3d39a000
3634f000
3af9a000
bc9b6000
bfa51000
40853800
3c2e9400
c93da800
bf9f4400
beb0d000
ba319800
3cc4e000
35dc4000
3e908800
3a0fa400
44383000
3e8a7400
45959800
3f1ec400
c05ae000
b82e4c00
3dcef000
3cd8c800
3e0cb000
3135c800
c51a2800
b499e000
b2720000
bbcef800
b9d31000
c9253000
45aca800
3d1aa800
b80e9800
c2606800
44b75000
4bbe9800
415bd000
344b6c00
402bd000
3f971400
c634e800
b8866800
bde06000
b59fc000
4ec30000
3e440000
46a80000
4104ac00
3b9b0000
3708a000
3dd07000
3d55e000
c8072000
c2e27c00
4116f000
41dfa000
3d478000
33916400
42ff6000
4344e000
b833a000
b740b000
b7764000
c0035000
c16d1000
caafd000
4d155800
40b0d400
c4c5c000
cac18400
bd156800
ba713000
3f0e6000
31ca1000
39c27800
3b0dec00
3f1e1000
372f4000
3754b000
47b69000
3f41d000
39a22800
b5ddc000
c1c78400
c2e25000
b7c8d000
bd6cf000
cdc8b800
3ac03000
4aacc000
3ced3000
42578000
bd2e8800
c3407800
420c6800
40239800
3d5b1000
3e105000
3a0bd000
374e5800
37377000
47298000
cd066000
c2869000
49d9a000
3cb30400
b2be5000
c3ab2000
c2f06800
b5041800
3f9c4000
4b84f000
ccc72000
c1301800
49e83000
43415000
c09c1000
c4dec000
b7dea000
be36c800
42862000
406d1000
3f00b800
33576800
bc900800
b3df9800
40f9d000
42d38800
46154000
3f793000
46a9b000
4774c000
c194a800
c3027400
baa46000
b3883000
c6810800
b4a6c000
3a1a7000
42850c00
440ec800
33c55800
b98bd000
c4a39800
40407000
44422c00
4258e000
3fab7000
bf852000
afccf800
b93cc800
c35d6800
3884f800
38076000
42cfd000
3fd1d800
43926800
3e53a800
b8971800
b6fc7000
b3516000
be1a1000
4fa28800
3ebdb800
41341800
41afcc00
b92e1000
ca105000
c1979000
ce84f000
4e4c1000
4128b000
3e7a6000
464fa000
44e0b000
433d8000
c2228000
bf3db800
bf23c000
b61bb000
b9677000
c8be8800
bd28d800
cbbab800
b19b5000
c2780000
bc6b0000
c4d78000
c0915000
ba876000
46ec3000
37d7f000
b68c8000
c044dc00
c8101800
bb6f0000
b9769000
bca95000
3cdf2000
4379a000
b9844800
ba33a000
bb9a4800
c5c19000
b918f800
b9919400
33ca2000
42c52000
472ad800
4589e000
3d543000
39985400
cc256000
c22f0000
3e427800
4e792800
3d844800
4a283c00
3a427800
3c542800
c6eef000
c21a0800
c5283800
c0882400
3631a000
3d97c000
4d4c6000
412a5000
c8097800
c6d5a000
c1ccb000
c2c59400
b9005000
c4136800
4e065800
3d100800
b2cb2000
bd322000
42122800
334e1800
44798000
35977800
c18c4000
c9499400
c42bf000
c781c800
bd9c4000
b4953000
4388b800
3c3e0800
41499000
2fd2a000
c0915000
b707d400
42075800
43d71800
4852c000
469c8000
c0171000
cbd83400
c11b5000
b7711000
3a99d800
389e0000
43237000
4a160000
c1d76000
bd3c7800
39a3a800
360e7800
c44da000
bc035000
b1c90800
c113b400
beb28000
b2ed9800
3d2e1000
32e2e000
46081800
463b7800
b2f5e000
bd041800
36834000
3b961000
be440000
c558c800
3b4e4800
3d8a7400
b41ed000
bd894c00
bd371800
c2957000
469f6000
427e8000
c9b66800
c6bf6800
beb1c800
bdbc6800
37111000
3789c800
bcf93000
b8d2b800
3533e000
3aa46800
bb633000
b4076000
bdf38000
ccbaa400
3e06b000
3a90cc00
bd0e9000
bd9d5000
cfec3000
c0aa6000
cca6e800
c2ea2000
498a0000
3de03000
bc160800
b23e9000
4d19f800
404fd000
be2c3000
bf090000
bbb81000
c052a000
4d177000
3fd57000
ba29f800
bf585800
44a4b000
381e4000
bb96a000
c96ca000
bca28000
c7876000
3c116000
499bd800
46d9d000
43510000
3ad27000
470b0800
cb1fa000
bbb53400
baafd800
c5b62800
b7dcb800
c2ed9800
be910800
c7119800
be683000
bff32000
cce93000
c1eec000
39bb4000
3b116400
c4034800
b84b7800
43418000
3244f000
b6b21000
be06fc00
3e2d7000
4005c000
bd71f000
c6883000
40554000
414d3800
b1a05800
bd01c800
4da80800
3d270800
462ca800
36bcd400
400eb000
402e9800
b2a2f800
c3106c00
477c8000
37801000
bb2fa800
ba866800
c5c76000
b967c000
ccce1000
c0eb4800
40d89000
47160400
3c9a0000
34fb7800
c5158800
b4331800
41fbc000
4bad7400
be7b2000
c7361400
4f8a6000
3d83a000
b3a1e000
bd732000
45915000
34107400
48182000
42996400
be93f800
ce580c00
bcdf2000
c4890000
bf0f2000
b2121800
bcd2e000
b2041800
c7040000
be60c800
4b74b000
41f32000
cc81d800
be028000
3e266000
4dc20c00
3ac89800
35c1a800
cac19800
b90b0800
37a08800
42435c00
4d4b3800
3c9f4400
c7283800
b6882400
bb663000
b9a28000
3fadb000
46e58000
40119000
38702800
c28b8000
c2460000
c210c000
c0bf2800
41769000
3786e800
ca57c000
ba316400
c00f5800
b09b5c00
ca1cb800
c120a800
c0426000
bb194000
42893800
3e0f5400
b8a77000
b8ce2800
38cbe000
3c01c800
b3272000
beb84800
b332c000
c2bbe000
b493a800
c502f000
3e981000
31ed2000
c84dd800
c7542800
b9ab6000
b6c48800
bbb40000
c58aa000
39717000
3aa8a000
3d705000
32042000
b8036000
c84d7000
37046800
38f14c00
bd328000
bd68f800
3d54b000
3a2dd000
c048d000
b7489800
bf282000
c6035000
3d7f3000
409fb000
42f05000
358f8000
b5168000
c5189000
3a0af000
44a88c00
b878c000
c964c800
b87c8000
b784f000
455a2000
37264000
c63d0000
be41a800
c69a1000
bc21b000
bdb47800
c717c000
48e6a000
4133e000
b6693000
bdbbc000
37a01800
40435c00
408ed800
4f3cb800
bd27a800
b156d800
425ee800
4d6ec000
c595c000
c54c5400
446ea800
4781c800
42847000
42947000
41068000
4758c800
be1b4800
c942b800
3b156000
33035000
3ca91000
46994000
37755000
3f44e400
c4bef000
c99d5000
3dd02000
48acc000
c62cd000
b7e7c000
3825d800
41967000
bca5b000
b4c91000
c3c4a800
b7dfb800
4730c000
44567800
c1c03000
b06fe000
401e9800
3681c800
47b01800
42dfb800
3d29f800
32995c00
42b55800
4bf48800
3a43f000
3bf66000
3e86f800
30df8000
3ef80000
4521c800
3e55c000
3c1ef000
bb34a000
c517a000
38c21000
37ba5c00
43a73000
3562e000
392aa000
38160000
3900c800
4720d800
48f3b000
3d05d400
4933b000
41146000
4aa43000
3b280400
c4857000
b4f9a000
4aa3d800
403a1400
cd016000
c06ca000
499bf800
3c49e000
37b4f000
439d5000
3bc1d000
49dd6800
c6697000
bdf66000
c2c9e800
b2c9c000
3fe8c000
33eb4800
46bec000
43efe800
47f74000
3f9ae800
b9a46000
c6be1000
38c43800
36c3f800
b1897800
bd0d6000
bdc86000
b5cc1000
bd607000
bb841800
cba9f800
bb103c00
44dc1000
43d60000
b6237000
c6375800
bb075000
b6f18000
44994800
49ef1800
438bb000
3bdbc800
be6b9000
b0526800
3c21b800
3f63b800
b6ccc000
b9dd6800
3921c800
3d538000
3d471000
4cb22000
4940d000
4223d000
c14a3000
ca160000
41ffa000
4b89d000
bf7fc000
b0ad2000
bf9c0000
bcaaf800
43be5000
3a84f000
43790000
3d3de400
c9105800
c78aec00
4101b000
3e04f000
45811000
3705c000
bf69c000
c4dfa000
45e6f000
37696000
cd4c5000
bf8b0800
c7078000
c945c800
385a8800
37645800
b499c000
bd883000
300c7000
3e310800
c1515800
bc825c00
45af7000
4af80000
bc219000
cd11f000
cb884800
c3119c00
31ca5800
400c3000
49642800
43903c00
cb4dd800
be894c00
377f6000
43369000
3847b000
49083000
c3999000
cca8a800
c33e6000
c93ca400
b5cb2000
c24a8000
c7347800
ba469800
c16f1800
b07ca000
c4322000
c9c40000
413cc800
495fb800
c0205800
c6813400
c3ad7000
be426000
34826000
3a581400
428bd800
48a85800
b4e15000
bae58000
39cc8800
4309e000
465eb000
475b1800
46026000
4500c000
41685000
32538c00
ba1e8000
b59ad800
36504000
4186fc00
433c2000
36f80000
cbd56000
c0d1f000
c4fa5000
b39e7c00
43865000
41d40800
b5857800
bddf2800
c102e800
bdc6d400
c20e0000
b415b000
37174000
3704f000
3fe24000
4c48e000
babd7000
c90dec00
ce935800
c004bc00
40589000
43b8a000
3f1b5800
3ac91000
b3bf4000
c1a71000
c1221000
cfbb3800
cde9e000
bea99000
c9740000
bc415000
3088a000
41520c00
49e54000
3b094c00
c531d000
bcd10000
34089000
3b37e000
31a44800
420f1400
b8435800
c498e800
bcecf000
b9395000
445d4000
37b0e000
37b09000
4379a000
42859800
331a9000
4517c800
49356800
c02d7000
aefe8000
c8531800
c27b7800
4cb1d800
4200a000
4f566000
3dde0000
3a2c2800
36a73000
498fc000
3d8b7000
c6c47000
b7210000
3c3ad000
4291f800
3e30c000
44567800
bcb22000
c59ef000
cb0ce800
c23bb000
3fb23000
2f26b000
3b191800
47d32800
3c802000
38fce000
38030800
44d8e400
3c5c7000
3fb1b000
befcd000
af0e5000
c766c000
c6a3a800
38420800
36838400
4fc27800
3e219400
44139000
39469000
36a52800
3d0c3000
3dbc7000
3274c000
c64a5800
b5477000
c4b05800
ba263400
c0367000
c498e800
3963f000
4676d800
c3c66000
beb6f000
3988f800
35834800
35651000
45223000
b66ea800
c37a5000
ba363000
baca8000
cd73b000
bd7dc800
4655f000
48711000
ba7a4000
c0b32800
45e2a000
38e0e000
3c8de000
48e40000
43482800
495c4000
3dc9b000
38c20000
c1ca9000
c9f6d800
bbeea800
b608b800
b91cd800
be866800
cb01f800
c0a04400
467fa000
42bd5800
3a328000
3ca97400
c0061800
bd120000
c1740000
c94cb400
4990b000
4180e000
46489800
39972c00
ba466800
b5879000
c814e000
be5d0800
be7bb000
c2867000
49d35000
3a157000
35a3c000
419d5000
411a1000
46933400
40bc2000
42cc1000
be728000
bd146000
bdc9b000
c31bcc00
b2758000
c0a36800
346dc000
3f56cc00
ba848000
c1828000
c2fa0000
b37b4000
c3570000
be146000
bba2c000
bbe45800
3f11d800
3f715000
3c1c4000
48dfa000
c1256800
b9b5d800
c0deb000
bc013400
3cd2e000
34b3ac00
ba153000
bc538800
c4e63000
bb2df800
3dd7c000
3a1b3800
c7818800
c126f000
b5596000
c0ad6800
312b8000
3e903c00
bdbef800
ba116400
c871f000
c2780000
be1cf000
b41de000
417b5000
45d8b000
bf8aa000
b6ca6800
c40f7000
c9f66000
3d200800
3a1e9000
411b0800
47b82400
3ca41800
3ad23800
be9e8000
bee11000
3b0fa000
45a6c000
3f5ba000
408d5800
c991f800
c0ca2800
bea59800
b6eb4800
b7e10000
c5876000
45c12800
43ec7000
3c034800
45f1a000
3a02c000
44a3d800
4885b000
48240000
c0fdb000
c059d800
3b40b800
3c542800
3fc27800
4eefe800
c9308800
c1894c00
c632f000
ca866800
4815a800
43860800
bd75a000
bf0eb000
3c26b000
33a56800
bffd5000
afac5000
3eaaa000
33144800
b76e7000
c6083000
352cd000
3b800c00
4b88b800
45001000
bc714000
bf0d1000
b89e2800
b7ac7800
4048a000
3704f000
3a4b3800
4a985400
c493d000
ba912000
48ec9000
3f6fe000
c2bc2000
b6356000
4a63d000
461e2000
c3a44800
bab68800
3a962000
46c08800
4cd4d000
43544000
c959a800
c37ca000
38787000
48f66000
447c9000
3539a800
3e9a1000
3c905000
3baaf800
47411000
39a5d800
47da1800
4da23800
41dc3000
3fabf000
3fc0f000
3e198000
49cd4c00
41bbb000
3113b400
c10e0800
cd6cb000
beab8000
ba273000
42761800
4e7a5000
41383000
45866800
38440000
426fe800
b8b21800
bfc51800
41e4f000
30c9a000
362a0000
3bdac000
c98de000
bd828000
38be8800
36f6d800
499bf800
3af92800
4116f000
30e96000
47968000
36f48800
413d1000
320d1000
c64c1000
c1300000
c1d70800
cd103c00
cda5b000
c210e800
4336a800
3e879000
38ef1000
488d1000
c5dd1000
c1d4dc00
474b7000
3a89e000
c9ad0800
c4116400
40016800
2e065000
416ef000
34935000
34b6f800
402d3000
4c5e0800
44882400
40927800
3ace1800
4a824000
40637800
4c9d9800
40bd8000
46a4b000
3d55e000
c1e51000
c6842000
4766a000
47194000
46116000
34abf400
bbe5f000
c9aef000
bcbfa000
cbc08000
3f9b7800
302f8400
c6b04000
b7905000
350ea800
3c3e0000
b6868000
be2f6400
4b566000
3cdc6000
47502000
452bf000
4bab9000
3b835000
4881a800
3db8f000
c36d8000
bf0c4000
ca0e3000
c0168000
4d0e9800
408a7000
b695d000
c63d0800
c1235800
b8240000
30f50000
408de000
c9d2e000
bf00a000
c6034800
bde25400
3320a000
3c04f000
b9c25000
c0c5c000
37794000
42854800
bd8b4800
cc2f3800
382d7000
461bb000
bf4c5000
c157a000
44ee6000
35245800
c14ac000
b3aae000
c10d9000
c7175000
b7af3800
c50a7400
bd504000
ca8a7400
478eb800
362c9c00
bfcf9800
b71d8800
4cb7f800
3b013400
43091800
400a0000
3f080800
3b5fd800
39a4f000
350dec00
b9390000
c9f80000
38f6d000
3b1be000
b3dc4800
bc082400
3f5d5000
44294000
b2b00800
bfc0d000
4175b000
44606400
c1e5d000
c6c87c00
c536a800
b575b000
c909a000
b8940c00
c08ec000
bbb74800
cd519000
bc81c800
40fe7000
4548d000
49d2a000
455ac000
3a016000
34a8e400
ca8de800
b98fc800
c18c0000
cb1fec00
c6489800
b959f000
44a3e800
38bee000
b9dca000
ca6fe000
4f41c000
41410800
c17a3000
c918a000
3f907800
2f431000
bacba800
cac9c000
4bb4f000
42987000
c473e000
c99d8000
c74ba800
b9567800
be100000
b05ad800
bc99e800
cbd49000
46657000
3c30e400
bbe56000
b442f000
3fb08800
37185400
bb285800
c2b33c00
c5b90000
b92cdc00
4100d800
405b5800
3cc19800
371f4400
c2036000
cb948c00
c28d4000
b9c26800
44e5f000
3b402800
ca380800
c3467800
bcfdb000
b6402000
3f9b9000
3d4eec00
4f2f3800
3d658000
bab91000
bc08b800
bf3d1000
c11ef000
b8956000
bf905000
c658c800
b986fc00
b2cf9800
c2038400
3d689000
3f417c00
3a869800
36bde800
34d90000
43db1800
39f44000
3cb6bc00
c71e7800
bc372000
c1d54800
b404ac00
bba87000
b8066800
bc92e000
cd732000
c2f91000
b3883000
bb0cb800
c0c7a000
4b72c000
3e313400
c2bf6800
bbd55000
bc39f000
c5f80000
3223b000
4130a000
c0c58800
c1efe800
ba26b000
c75c6800
4fdf7000
3e766000
436a8000
49470400
c0a05800
c0e6a800
c4f33000
c01c5800
49ce4800
3dcf8800
417af000
35cc1000
47bf6800
37128c00
c5398000
c78f1400
3f525000
43d10000
42a08800
414ad800
c9598000
bccdc000
33f57000
44025c00
be264800
c8322000
c453f800
c47b7800
3ae4d000
33112000
bac9b000
bdcc1000
b9036000
c5115000
43cb7000
49157000
bb83e800
b6b9a000
c0476000
b4a04000
3d9bf800
34fb7800
440e3000
383ed000
c13b4000
c59aa400
b6f36000
ba101000
44412000
45b3c000
3488f800
4430b000
c3c24000
bbe20800
30585800
4081c800
3c0b4800
492eb800
3aa1e000
35801000
3ce0b000
325e0000
c552a000
bb0f8000
bba88800
b5130400
ba01a000
c2343000
3f256000
426ec000
38a7c800
4310d000
be96e800
c3c3a800
34fea000
3cb10800
b92f0000
c55fb800
3aa39000
4715f400
c1a61800
b70fc400
c1c03000
b1a64000
3de13000
32bbcc00
31a1f000
41ae5000
cdb1f000
c22e8000
49ee5000
3f2f0000
46458000
46a6c000
b56cf000
c09da000
b1553000
be3d1c00
bee3d000
c7890000
c9243000
bdc19000
c3d22000
cb1c8000
bf648000
b34c6400
3ab7c000
39efe800
bed6b000
baaa5000
3e115000
39ad1800
b7b21000
c4d0b000
c8cb2000
c5696000
c36d7000
b741f800
b61a1000
c3dc6000
c7271000
b6b65400
bfc27800
aee7d000
38ef6000
37696000
b449e000
c3bd8000
bc5cf000
bc780000
368d6800
37e20800
4656b000
3bd10000
4daa3000
3fe58000
b4f38000
bf308000
45253800
4b413000
3837c000
40efe000
b74f6000
c475b000
be8cc800
cb955800
cc61d000
c2aba800
c86a4000
bf202000
b636d000
c5187000
c1067000
c0496000
40d0c000
379d5000
48dfc800
42eb4800
34dfc800
41eb4800
3c14e800
4746e800
3c7d8000
356bf000
bd282000
bc035000
33b17800
40307400
40edb000
31b88800
40111000
436c3800
360eb000
4517a800
4800a800
3a453800
45336000
480f8000
c295d000
c1a4d800
c1f05000
c86b0000
c21e9800
b0780000
43cd3000
47d1d800
47963800
3deba000
379d8000
38994000
c00e5800
cca32c00
3d163000
3a923c00
b7589000
c30eb000
b326f800
c151c000
4c72d000
3cf9a000
ba8da800
b5b42800
b8657800
c26b4800
b03b0800
bf51d800
bf266000
c1b96c00
3bbb8000
3e440000
473e5000
42f32000
b43de000
c29eb000
3c861800
3ad99800
42bad000
38ed9800
479ff000
3caa0800
bbde7800
b8dfb800
c52b4000
c70d1000
bfd54800
bfe58000
3f19c800
41813400
41fa8000
389c8800
bf070800
cfc50800
3c7b4000
4a04f000
cdb21000
c1ea2000
cdb6e000
bfd30000
ba18d800
c0c9b800
45697000
3c92a000
be7a4000
b4557c00
4070a000
32fb4000
42f00000
49912000
4303b800
4ab2d000
b013f000
be4c7800
34931000
3df45000
c6504000
bd4d3800
41a87000
4897a000
3cce1000
4bc47000
b4c1c000
c0aa5000
bf0dc000
cc601000
43ec1000
3ecc8c00
43e65800
3d079000
b652a800
c3932000
3e3f6800
4b59f000
4923f800
3d3c1800
3d597000
3384ac00
c31ec000
b9579000
be103000
ba264000
425e0800
3b6d9800
357b8000
3fd00000
c50d9800
cabb1800
c0861800
b3a30800
3a4d5000
3b1fc000
c0092000
b4aebc00
3d7aa000
40eca000
31fba000
3dc50c00
3f2e4000
34330800
3f283000
4d28f800
39b01800
4513b400
41017800
46c65800
bf615000
b0854000
b6d15800
bad9f000
3ff61000
43256000
c0122800
b4c77400
c0a22800
b6285800
c6ee7000
c6fb7800
42aaa000
35fef000
b6363000
b7de0000
c51ed800
c84e1000
c7e42000
c0801000
3ba9b000
4a9c8000
40c17000
3aa71000
bf629000
b8187000
b54e1000
bb58c800
48013800
43f9a000
46500000
3d415800
40b1d000
3c994000
50395000
3f216000
cec94000
c0c1a800
41149000
4ea4a000
c5143800
b7a3d000
4e80b800
3e5a5c00
b5606000
c1fce000
459e2000
4281b000
3963b800
3e866800
32209000
4067d000
3e149800
3e506800
c0ca5800
b3041800
c905d000
c5f02800
4ab2f800
3a22c800
b8ec7800
c8fb7800
451c3800
43645000
c083d000
cc4c5c00
ca4ad000
bea6c000
41593000
4524a000
423c5800
4c7a5000
ba8c4000
bca39800
b4d2f000
c5510000
347fe000
456d9000
3986a000
34c1d800
c0264000
af16d000
bae8d000
b896d000
bd8ef000
b08b6000
ba9f2800
cac49000
c44e8000
c0985400
3f96a800
3ee8d800
3b1b8800
478a7400
47e75000
37cc1000
418d7800
39871800
c7ab9000
c7939000
2f49e000
3f1e2000
c6855000
c4c64000
b633b000
bfc40000
bf424000
c9894c00
48942800
40f2d000
bc89e000
c88b2800
c41d3800
c6404800
b79db800
c502f000
c2925000
c0254800
c3439000
bc866800
4900e800
43835000
42eb4000
43d9e400
41c8a000
326fe000
3e1e3800
3d3ab800
c5815800
bb7b4000
bca6c800
bb34b400
c098e800
ca01c800
c3d3c000
c6103c00
39058000
383cc000
cfa79000
beea2000
3c9f4000
362bc400
363c9000
3d813400
45191000
34582800
3babc800
44bdd000
bf50c000
bf083000
4c162800
3ebb1400
c8801800
bb4b6400
bea6b000
b5e33000
b28fd800
be404c00
43d84000
3889d000
3b80b000
3d4e2800
46daf800
43094c00
b14c5000
be452000
c1a37000
b2abe000
ca463000
b9542800
37049000
470ce800
bb8ee000
c38e2800
be99b800
c608f400
cabf9000
c2a7e000
40085800
46c3e400
c3f94000
b6a07000
4089c000
419b6000
bc336000
c8f4c000
4489b000
4b65bc00
469c6000
45350c00
cb43c800
c35d6800
b3cdd800
bd0d5800
c35c0000
b6ca8000
b6cc1800
c310d000
b9f7e000
cad6a000
43507000
45fce000
bb13c000
c780d400
37273000
37028000
c8222800
be25a000
b81c7000
bd3f2000
472b2000
46b3b800
c310d000
c17ca000
40110800
329fc000
3f87f000
3cfe8000
b924a800
bd284800
3f7bf000
4d81b000
c580c800
b9d76800
45d34000
446ca000
33412800
426d9800
b9f82000
be828000
448d1800
41b7c000
4273b000
42bdf000
3124b800
40894c00
3fe3f000
44f23800
c79f7800
b6f6d800
c4c17000
c02ca000
3ffaa000
3e01b000
33143000
3da1dc00
46225000
3e81c800
48557000
3d083000
c228c800
cdaa9c00
31b75000
4210d000
44af3800
45fdc800
c6778000
bddac000
375ac000
37c26000
b5462000
c0bbe000
42af5000
467e8000
467e8000
363d3c00
ccd1b000
bc9ae000
4fd58000
3e013400
4b8cf800
40a59000
40458800
429f4400
4348a000
43cdc000
341d2800
3fc14000
49b6a800
41f92800
be439000
b73e3000
43741000
47de0000
c97e8000
b9c9a000
c49f1000
c7835000
c2264000
c0d92000
3ef86000
432f3800
b9bde000
bdd30000
41dfc800
4befe800
c5256000
bb7a5000
48043800
37257800
3bd41000
3dc1d400
391b1800
3a55b800
bc63f000
c6748800
bb914000
b4000c00
46471000
3b960400
bef29000
c81c5800
c9e94000
b8b42400
b757a000
b7463800
3bfa8000
459f4c00
417f4000
3998f800
c1826000
bc187400
bf4f2800
b1928c00
c5e0e000
b9c9f400
3afaf000
3e494800
2f189000
3f181800
452db000
4a86fc00
354e4800
43997c00
419cf800
40dbf800
4280a800
41d96000
bbf76000
b308e000
3ca9b000
42890000
c5725000
be3dbc00
4a284000
3aa70800
bc5af000
c148a800
3ca90800
39bc5000
cd18d000
c3ae3800
c1574000
c686fc00
4f46a000
3d60e000
46fc0000
44c43c00
47a6c800
3b1a0400
3d9ca800
49b79800
bf924000
b5f08000
bf6a8000
b48b9c00
caa13800
c0082400
46883000
3dd19800
c0bd7000
bd172c00
c08c2000
b5a39800
bbdcf000
b7883000
4740d000
40c26000
c91ee000
bf222800
c0c44000
c9b27000
420d4800
3b841800
cd1bf000
bff9a000
c0c2b000
c08de000
c5bef800
c3eb4800
3c74b000
4aeca000
3d280000
4a5d6800
be3c2000
b34c1000
40951800
37b1f000
b8fa5000
ba074000
c71c1000
c61cb800
3fcdd800
4b157000
b70e5000
baa25c00
43474800
3b567800
3eb39800
35eec000
3320a000
43dfa000
b694c000
c5d65000
b532f000
c46c7000
b581d800
ba37dc00
c6b60000
c3dfb800
47c47000
40f6d800
3c248800
37607800
b849e000
c92bf000
c3883000
bd5d7000
474a5800
3f9e1c00
c7ac6000
bd0c3000
b9005000
be9abc00
be184000
b6813400
4481f000
34a32800
bb60a800
cb86fc00
c7504000
b57b7800
3843a000
4230d000
3990c800
360db000
3743c800
414ae800
cf2fa000
bf083000
4b0c8800
3e63a800
bf8db800
b0e6c800
4fceb800
3f025c00
37629000
430eb000
39c7b800
45d42800
426b3000
46310c00
bba7c800
c9038400
bf200000
ce17a000
ca1fb000
bc8c3000
4aa05800
45111400
3b853000
484a1400
418f5000
45efd000
32404800
3e6d9800
c107f000
c7ed8c00
bd4a8000
b3d78000
b890e000
bc55f000
3e398000
394f8800
ca129000
c5800c00
b1982800
be0ff400
448ba000
4b4ab800
c2bea000
be7e8000
ce0f2000
bd6be000
3d08c000
35c2c000
cc0c7800
bb21a000
bd35c800
b780a000
409ec000
48732000
c6381000
c81bb000
c1b9f000
c0094c00
b907e800
bc145000
bb8e7800
b4c2c000
c5d61000
c852a000
32f3b000
4304ac00
4a8ef800
454ec800
c308d000
b8bed800
46500800
388f1400
3f305000
42969800
c5539000
c52a5000
394d5000
35de0000
4316a000
3358a000
362ed800
469b2400
354e4000
402f3000
3514c000
3e21b800
caac3800
bc208400
bf33d000
c1780000
c2c08000
bf92c000
b3294000
c3bf7000
3e0e3000
47f4c000
444c8800
3993b400
b5b77000
be3f2000
3aa3a000
47f5b000
c1dfc000
bc463000
39005800
38013800
bbe57800
c8082400
c17b2000
cdd0d000
448cb800
3c080000
413fa000
414c1000
4b3e1800
3b9b3800
49f23000
3a912000
4a525000
3ccf6000
431bd000
38b05400
c326e800
c97a5000
b8f88000
c7416800
b7303000
b8b65000
49fd8000
383a3800
37b68000
46474000
3020a000
3e069000
bc377000
c81e2000
3eb59000
3e835000
c78a4000
c814dc00
c491d000
bdf74000
cc631000
bb620800
bbeb6000
c6fef000
c64a3000
c02b2000
bf196800
b49a3400
42cfc000
47c08800
c3504000
c9903c00
c254c000
b843c800
35b8d800
3fcd3800
c378f000
cc1bb800
3d408000
359e1c00
4a45c000
4286fc00
3827f000
42386000
c5311000
c2387800
3e093000
445c4000
3d79c000
3f27ec00
479fa000
3cb65000
459c6800
35f11000
be30c000
bb58c800
4a243000
3d5fa800
4b443800
40972c00
494c8800
3a854000
3d5bf000
3bb67000
3843f000
3cf80000
3fe88000
2f9ae000
409d8800
35295400
c28dc000
c6884000
bc5fa000
b2bd8000
3fc94000
4acd3800
4154d800
41736000
be7cc000
c8a61000
c0669000
ceb8a000
c8632000
be524000
c5bea000
c1a09000
469c4800
44dec000
3ae74000
3f5c6000
39bef000
4689d000
3e06a000
30346800
3610b000
3aeca000
c06e7000
b7cea000
3821a800
36736000
c3b12800
cd251000
31b13000
3c80e000
44fd4000
40ae4400
bd168000
cc390000
3d264000
42cf6000
bec94000
b8185400
457b2000
4aa2f000
43eb5000
4a648000
43854000
3fe1f000
3dcd6800
3f06fc00
c1742000
b07a5000
becad000
b36b0000
41095000
46462000
c489d000
befe8000
bc79a000
cb252800
3bb71800
4200a000
3ebf6800
460e8000
3faec800
4bfb7800
3e9b8000
3026e400
b2f32000
bd766000
44f28000
49828000
4163b000
4b95e000
4b29c000
3e76d800
cc136000
bdc72000
b7b83000
c5172c00
cf7ae000
c13cc000
c1435000
c5f80000
3b4f8000
3f042000
49020000
3b232800
b88d4800
bf5c7400
4ac8f000
3a2da800
438ec800
401f4400
35a48000
45f92800
392ce000
419aa800
ca118800
c1463800
354c1800
44748800
c4c9e800
c10c3000
4034b000
4768f800
47419800
4167d000
c12af800
bb325800
c0aa0000
c59c8000
414e9000
3e223000
c2bbb000
b3fa5000
450e6000
3e1e6000
42589000
43035000
449c7000
4914d400
3bb0e000
4a67c000
c525f000
b7069000
364da000
4282f000
3f2b8800
374d3800
3c81b000
3d780000
baca3000
bc80e000
450c9800
33259000
c8092000
b9ce2400
c5aa6000
cad39800
3b386000
34f9a000
439ab000
413ed000
33050800
3fd2b400
c4ca2000
bdf5b000
4690e800
4a489800
3dd58000
44f92800
43d67000
3ebdec00
c6219000
c2c7c000
42b40800
3bf6d800
375d9000
44281c00
3bbea000
37370000
46dd9800
47f36000
c8623000
bd841800
3c8b0800
47e61800
49c35000
3989d000
4a0e8000
45fb4000
be64c000
bd1a1000
4c080000
3f002800
4c375000
4457a000
b7126000
b7a42400
3ef03000
4402f000
b7b8d800
c3d55000
c0b45000
bb440000
c1c01000
c31aa400
41900800
4a3e5800
3ebd1000
2f426000
422d7800
48780000
c3cf6000
b80d5800
be892800
bae5c000
b548a000
c501b000
3b7ce000
3b158800
408ae800
3f433c00
c8170000
bd7c7000
b338d800
c150b000
4aacd000
39718000
3f2e5800
46879000
496dd000
4105c000
c0e54000
be06fc00
c8950000
c859ac00
4566a000
3fbf5800
43d52000
47828000
4d86f000
403c6800
bb25a000
bcc8e000
ca945000
bc905800
421d4000
3e5bf800
3ccd5000
3b96d000
bbdc8000
b3c4c000
b30ef000
c2cae000
bc00d800
ba960400
bacf3000
c8474000
40a6e800
4002f000
c886b800
c6bb2000
bcdbb000
c796d000
bf924000
b9d99000
c833d800
b740b000
447f5000
45e48000
3f70a000
3f81b000
3f70a000
3f81b000
3f820000
3f780000
3f825000
3f766000
3f825000
3f766000
3f8c0000
3f6b0000
3f8c5000
3f696000
3f8c5000
3f696000
3f960000
3f5e0000
3f965000
3f5c6000
3f965000
3f5c6000
3fa00000
3f510000
3fa05000
3f4f6000
3fa05000
3f4f6000
3faa0000
3f440000
3faa5000
3f426000
3faa5000
3f426000
3fb40000
3f370000
3fb45000
3f356000
3fb45000
3f356000
3fbe0000
3f2a0000
3fbe5000
3f286000
3fbe5000
3f286000
3fc80000
3f1d0000
3fb86000
3f2cc000
3fb86000
3f2cc000
3fc21000
3f271000
3fc26000
3f264000
3fc26000
3f264000
3fcc1000
3f209000
3fcc6000
3f1fc000
3fcc6000
3f1fc000
3fd61000
3f1a1000
3fd66000
3f194000
3fd66000
3f194000
3fe01000
3f139000
3fe06000
3f12c000
3fe06000
3f12c000
3fea1000
3f0d1000
3fea6000
3f0c4000
3fea6000
3f0c4000
3ff41000
3f069000
3ff46000
3f05c000
3ff46000
3f05c000
3ffe1000
3f001000
3ffe6000
3efe8000
3ffe6000
3efe8000
40040800
3ef32000
3f70a000
3f81b000
3f70a000
3f81b000
3f820000
3f780000
3f825000
3f766000
3f825000
3f766000
3f8c0000
3f6b0000
3f8c5000
3f696000
3f8c5000
3f696000
3f960000
3f5e0000
3f965000
3f5c6000
3f965000
3f5c6000
3fa00000
3f510000
3fa05000
3f4f6000
3fa05000
3f4f6000
3faa0000
3f440000
3faa5000
3f426000
3faa5000
3f426000
3fb40000
3f370000
3fb45000
3f356000
3fb45000
3f356000
3fbe0000
3f2a0000
3fbe5000
3f286000
3fbe5000
3f286000
3fc80000
3f1d0000
3fb86000
3f2cc000
3fb86000
3f2cc000
3fc21000
3f271000
3fc26000
3f264000
3fc26000
3f264000
3fcc1000
3f209000
3fcc6000
3f1fc000
3fcc6000
3f1fc000
3fd61000
3f1a1000
3fd66000
3f194000
3fd66000
3f194000
3fe01000
3f139000
3fe06000
3f12c000
3fe06000
3f12c000
3fea1000
3f0d1000
3fea6000
3f0c4000
3fea6000
3f0c4000
3ff41000
3f069000
3ff46000
3f05c000
3ff46000
3f05c000
3ffe1000
3f001000
3ffe6000
3efe8000
3ffe6000
3efe8000
40040800
3ef32000
3f820000
3f876000
3f820000
3f876000
3f8bb000
3f81b000
3f8c0000
3f80e000
3f8c0000
3f80e000
3f95b000
3f766000
3f960000
3f74c000
3f960000
3f74c000
3f9fb000
3f696000
3fa00000
3f67c000
3fa00000
3f67c000
3fa9b000
3f5c6000
3faa0000
3f5ac000
3faa0000
3f5ac000
3fb3b000
3f4f6000
3fb40000
3f4dc000
3fb40000
3f4dc000
3fbdb000
3f426000
3fbe0000
3f40c000
3fbe0000
3f40c000
3fc7b000
3f356000
3fc80000
3f33c000
3fc80000
3f33c000
3fd1b000
3f286000
3fc5f000
3f34d800
3fc5f000
3f34d800
3fcfa000
3f2f2800
3fcff000
3f2e5800
3fcff000
3f2e5800
3fd9a000
3f28a800
3fd9f000
3f27d800
3fd9f000
3f27d800
3fe3a000
3f222800
3fe3f000
3f215800
3fe3f000
3f215800
3feda000
3f1ba800
3fedf000
3f1ad800
3fedf000
3f1ad800
3ff7a000
3f152800
3ff7f000
3f145800
3ff7f000
3f145800
4000d000
3f0ea800
4000f800
3f0dd800
4000f800
3f0dd800
4005d000
3f082800
4005f800
3f075800
4005f800
3f075800
400ad000
3f01a800
3f825000
3f883000
3f825000
3f883000
3f8c0000
3f828000
3f8c5000
3f81b000
3f8c5000
3f81b000
3f960000
3f780000
3f965000
3f766000
3f965000
3f766000
3fa00000
3f6b0000
3fa05000
3f696000
3fa05000
3f696000
3faa0000
3f5e0000
3faa5000
3f5c6000
3faa5000
3f5c6000
3fb40000
3f510000
3fb45000
3f4f6000
3fb45000
3f4f6000
3fbe0000
3f440000
3fbe5000
3f426000
3fbe5000
3f426000
3fc80000
3f370000
3fc85000
3f356000
3fc85000
3f356000
3fd20000
3f2a0000
3fc66000
3f360000
3fc66000
3f360000
3fd01000
3f305000
3fd06000
3f2f8000
3fd06000
3f2f8000
3fda1000
3f29d000
3fda6000
3f290000
3fda6000
3f290000
3fe41000
3f235000
3fe46000
3f228000
3fe46000
3f228000
3fee1000
3f1cd000
3fee6000
3f1c0000
3fee6000
3f1c0000
3ff81000
3f165000
3ff86000
3f158000
3ff86000
3f158000
40010800
3f0fd000
40013000
3f0f0000
40013000
3f0f0000
40060800
3f095000
40063000
3f088000
40063000
3f088000
400b0800
3f02d000
3f825000
3f883000
3f825000
3f883000
3f8c0000
3f828000
3f8c5000
3f81b000
3f8c5000
3f81b000
3f960000
3f780000
3f965000
3f766000
3f965000
3f766000
3fa00000
3f6b0000
3fa05000
3f696000
3fa05000
3f696000
3faa0000
3f5e0000
3faa5000
3f5c6000
3faa5000
3f5c6000
3fb40000
3f510000
3fb45000
3f4f6000
3fb45000
3f4f6000
3fbe0000
3f440000
3fbe5000
3f426000
3fbe5000
3f426000
3fc80000
3f370000
3fc85000
3f356000
3fc85000
3f356000
3fd20000
3f2a0000
3fc66000
3f360000
3fc66000
3f360000
3fd01000
3f305000
3fd06000
3f2f8000
3fd06000
3f2f8000
3fda1000
3f29d000
3fda6000
3f290000
3fda6000
3f290000
3fe41000
3f235000
3fe46000
3f228000
3fe46000
3f228000
3fee1000
3f1cd000
3fee6000
3f1c0000
3fee6000
3f1c0000
3ff81000
3f165000
3ff86000
3f158000
3ff86000
3f158000
40010800
3f0fd000
40013000
3f0f0000
40013000
3f0f0000
40060800
3f095000
40063000
3f088000
40063000
3f088000
400b0800
3f02d000
3f8c0000
3f8de000
3f8c0000
3f8de000
3f95b000
3f883000
3f960000
3f876000
3f960000
3f876000
3f9fb000
3f81b000
3fa00000
3f80e000
3fa00000
3f80e000
3fa9b000
3f766000
3faa0000
3f74c000
3faa0000
3f74c000
3fb3b000
3f696000
3fb40000
3f67c000
3fb40000
3f67c000
3fbdb000
3f5c6000
3fbe0000
3f5ac000
3fbe0000
3f5ac000
3fc7b000
3f4f6000
3fc80000
3f4dc000
3fc80000
3f4dc000
3fd1b000
3f426000
3fd20000
3f40c000
3fd20000
3f40c000
3fdbb000
3f356000
3fd3f000
3f3e1800
3fd3f000
3f3e1800
3fdda000
3f386800
3fddf000
3f379800
3fddf000
3f379800
3fe7a000
3f31e800
3fe7f000
3f311800
3fe7f000
3f311800
3ff1a000
3f2b6800
3ff1f000
3f2a9800
3ff1f000
3f2a9800
3ffba000
3f24e800
3ffbf000
3f241800
3ffbf000
3f241800
4002d000
3f1e6800
4002f800
3f1d9800
4002f800
3f1d9800
4007d000
3f17e800
4007f800
3f171800
4007f800
3f171800
400cd000
3f116800
400cf800
3f109800
400cf800
3f109800
4011d000
3f0ae800
3f8c5000
3f8eb000
3f8c5000
3f8eb000
3f960000
3f890000
3f965000
3f883000
3f965000
3f883000
3fa00000
3f828000
3fa05000
3f81b000
3fa05000
3f81b000
3faa0000
3f780000
3faa5000
3f766000
3faa5000
3f766000
3fb40000
3f6b0000
3fb45000
3f696000
3fb45000
3f696000
3fbe0000
3f5e0000
3fbe5000
3f5c6000
3fbe5000
3f5c6000
3fc80000
3f510000
3fc85000
3f4f6000
3fc85000
3f4f6000
3fd20000
3f440000
3fd25000
3f426000
3fd25000
3f426000
3fdc0000
3f370000
3fd46000
3f3f4000
3fd46000
3f3f4000
3fde1000
3f399000
3fde6000
3f38c000
3fde6000
3f38c000
3fe81000
3f331000
3fe86000
3f324000
3fe86000
3f324000
3ff21000
3f2c9000
3ff26000
3f2bc000
3ff26000
3f2bc000
3ffc1000
3f261000
3ffc6000
3f254000
3ffc6000
3f254000
40030800
3f1f9000
40033000
3f1ec000
40033000
3f1ec000
40080800
3f191000
40083000
3f184000
40083000
3f184000
400d0800
3f129000
400d3000
3f11c000
400d3000
3f11c000
40120800
3f0c1000
3f8c5000
3f8eb000
3f8c5000
3f8eb000
3f960000
3f890000
3f965000
3f883000
3f965000
3f883000
3fa00000
3f828000
3fa05000
3f81b000
3fa05000
3f81b000
3faa0000
3f780000
3faa5000
3f766000
3faa5000
3f766000
3fb40000
3f6b0000
3fb45000
3f696000
3fb45000
3f696000
3fbe0000
3f5e0000
3fbe5000
3f5c6000
3fbe5000
3f5c6000
3fc80000
3f510000
3fc85000
3f4f6000
3fc85000
3f4f6000
3fd20000
3f440000
3fd25000
3f426000
3fd25000
3f426000
3fdc0000
3f370000
3fd46000
3f3f4000
3fd46000
3f3f4000
3fde1000
3f399000
3fde6000
3f38c000
3fde6000
3f38c000
3fe81000
3f331000
3fe86000
3f324000
3fe86000
3f324000
3ff21000
3f2c9000
3ff26000
3f2bc000
3ff26000
3f2bc000
3ffc1000
3f261000
3ffc6000
3f254000
3ffc6000
3f254000
40030800
3f1f9000
40033000
3f1ec000
40033000
3f1ec000
40080800
3f191000
40083000
3f184000
40083000
3f184000
400d0800
3f129000
400d3000
3f11c000
400d3000
3f11c000
40120800
3f0c1000
3f960000
3f946000
3f960000
3f946000
3f9fb000
3f8eb000
3fa00000
3f8de000
3fa00000
3f8de000
3fa9b000
3f883000
3faa0000
3f876000
3faa0000
3f876000
3fb3b000
3f81b000
3fb40000
3f80e000
3fb40000
3f80e000
3fbdb000
3f766000
3fbe0000
3f74c000
3fbe0000
3f74c000
3fc7b000
3f696000
3fc80000
3f67c000
3fc80000
3f67c000
3fd1b000
3f5c6000
3fd20000
3f5ac000
3fd20000
3f5ac000
3fdbb000
3f4f6000
3fdc0000
3f4dc000
3fdc0000
3f4dc000
3fe5b000
3f426000
3fe1f000
3f475800
3fe1f000
3f475800
3feba000
3f41a800
3febf000
3f40d800
3febf000
3f40d800
3ff5a000
3f3b2800
3ff5f000
3f3a5800
3ff5f000
3f3a5800
3fffa000
3f34a800
3ffff000
3f33d800
3ffff000
3f33d800
4004d000
3f2e2800
4004f800
3f2d5800
4004f800
3f2d5800
4009d000
3f27a800
4009f800
3f26d800
4009f800
3f26d800
400ed000
3f212800
400ef800
3f205800
400ef800
3f205800
4013d000
3f1aa800
4013f800
3f19d800
4013f800
3f19d800
4018d000
3f142800
3f965000
3f953000
3f965000
3f953000
3fa00000
3f8f8000
3fa05000
3f8eb000
3fa05000
3f8eb000
3faa0000
3f890000
3faa5000
3f883000
3faa5000
3f883000
3fb40000
3f828000
3fb45000
3f81b000
3fb45000
3f81b000
3fbe0000
3f780000
3fbe5000
3f766000
3fbe5000
3f766000
3fc80000
3f6b0000
3fc85000
3f696000
3fc85000
3f696000
3fd20000
3f5e0000
3fd25000
3f5c6000
3fd25000
3f5c6000
3fdc0000
3f510000
3fdc5000
3f4f6000
3fdc5000
3f4f6000
3fe60000
3f440000
3fe26000
3f488000
3fe26000
3f488000
3fec1000
3f42d000
3fec6000
3f420000
3fec6000
3f420000
3ff61000
3f3c5000
3ff66000
3f3b8000
3ff66000
3f3b8000
40000800
3f35d000
40003000
3f350000
40003000
3f350000
40050800
3f2f5000
40053000
3f2e8000
40053000
3f2e8000
400a0800
3f28d000
400a3000
3f280000
400a3000
3f280000
400f0800
3f225000
400f3000
3f218000
400f3000
3f218000
40140800
3f1bd000
40143000
3f1b0000
40143000
3f1b0000
40190800
3f155000
3f965000
3f953000
3f965000
3f953000
3fa00000
3f8f8000
3fa05000
3f8eb000
3fa05000
3f8eb000
3faa0000
3f890000
3faa5000
3f883000
3faa5000
3f883000
3fb40000
3f828000
3fb45000
3f81b000
3fb45000
3f81b000
3fbe0000
3f780000
3fbe5000
3f766000
3fbe5000
3f766000
3fc80000
3f6b0000
3fc85000
3f696000
3fc85000
3f696000
3fd20000
3f5e0000
3fd25000
3f5c6000
3fd25000
3f5c6000
3fdc0000
3f510000
3fdc5000
3f4f6000
3fdc5000
3f4f6000
3fe60000
3f440000
3fe26000
3f488000
3fe26000
3f488000
3fec1000
3f42d000
3fec6000
3f420000
3fec6000
3f420000
3ff61000
3f3c5000
3ff66000
3f3b8000
3ff66000
3f3b8000
40000800
3f35d000
40003000
3f350000
40003000
3f350000
40050800
3f2f5000
40053000
3f2e8000
40053000
3f2e8000
400a0800
3f28d000
400a3000
3f280000
400a3000
3f280000
400f0800
3f225000
400f3000
3f218000
400f3000
3f218000
40140800
3f1bd000
40143000
3f1b0000
40143000
3f1b0000
40190800
3f155000
3fa00000
3f9ae000
3fa00000
3f9ae000
3fa9b000
3f953000
3faa0000
3f946000
3faa0000
3f946000
3fb3b000
3f8eb000
3fb40000
3f8de000
3fb40000
3f8de000
3fbdb000
3f883000
3fbe0000
3f876000
3fbe0000
3f876000
3fc7b000
3f81b000
3fc80000
3f80e000
3fc80000
3f80e000
3fd1b000
3f766000
3fd20000
3f74c000
3fd20000
3f74c000
3fdbb000
3f696000
3fdc0000
3f67c000
3fdc0000
3f67c000
3fe5b000
3f5c6000
3fe60000
3f5ac000
3fe60000
3f5ac000
3fefb000
3f4f6000
3feff000
3f509800
3feff000
3f509800
3ff9a000
3f4ae800
3ff9f000
3f4a1800
3ff9f000
3f4a1800
4001d000
3f446800
4001f800
3f439800
4001f800
3f439800
4006d000
3f3de800
4006f800
3f3d1800
4006f800
3f3d1800
400bd000
3f376800
400bf800
3f369800
400bf800
3f369800
4010d000
3f30e800
4010f800
3f301800
4010f800
3f301800
4015d000
3f2a6800
4015f800
3f299800
4015f800
3f299800
401ad000
3f23e800
401af800
3f231800
401af800
3f231800
401fd000
3f1d6800
3fa05000
3f9bb000
3fa05000
3f9bb000
3faa0000
3f960000
3faa5000
3f953000
3faa5000
3f953000
3fb40000
3f8f8000
3fb45000
3f8eb000
3fb45000
3f8eb000
3fbe0000
3f890000
3fbe5000
3f883000
3fbe5000
3f883000
3fc80000
3f828000
3fc85000
3f81b000
3fc85000
3f81b000
3fd20000
3f780000
3fd25000
3f766000
3fd25000
3f766000
3fdc0000
3f6b0000
3fdc5000
3f696000
3fdc5000
3f696000
3fe60000
3f5e0000
3fe65000
3f5c6000
3fe65000
3f5c6000
3ff00000
3f510000
3ff06000
3f51c000
3ff06000
3f51c000
3ffa1000
3f4c1000
3ffa6000
3f4b4000
3ffa6000
3f4b4000
40020800
3f459000
40023000
3f44c000
40023000
3f44c000
40070800
3f3f1000
40073000
3f3e4000
40073000
3f3e4000
400c0800
3f389000
400c3000
3f37c000
400c3000
3f37c000
40110800
3f321000
40113000
3f314000
40113000
3f314000
40160800
3f2b9000
40163000
3f2ac000
40163000
3f2ac000
401b0800
3f251000
401b3000
3f244000
401b3000
3f244000
40200800
3f1e9000
3fa05000
3f9bb000
3fa05000
3f9bb000
3faa0000
3f960000
3faa5000
3f953000
3faa5000
3f953000
3fb40000
3f8f8000
3fb45000
3f8eb000
3fb45000
3f8eb000
3fbe0000
3f890000
3fbe5000
3f883000
3fbe5000
3f883000
3fc80000
3f828000
3fc85000
3f81b000
3fc85000
3f81b000
3fd20000
3f780000
3fd25000
3f766000
3fd25000
3f766000
3fdc0000
3f6b0000
3fdc5000
3f696000
3fdc5000
3f696000
3fe60000
3f5e0000
3fe65000
3f5c6000
3fe65000
3f5c6000
3ff00000
3f510000
3ff06000
3f51c000
3ff06000
3f51c000
3ffa1000
3f4c1000
3ffa6000
3f4b4000
3ffa6000
3f4b4000
40020800
3f459000
40023000
3f44c000
40023000
3f44c000
40070800
3f3f1000
40073000
3f3e4000
40073000
3f3e4000
400c0800
3f389000
400c3000
3f37c000
400c3000
3f37c000
40110800
3f321000
40113000
3f314000
40113000
3f314000
40160800
3f2b9000
40163000
3f2ac000
40163000
3f2ac000
401b0800
3f251000
401b3000
3f244000
401b3000
3f244000
40200800
3f1e9000
3faa0000
3fa16000
3faa0000
3fa16000
3fb3b000
3f9bb000
3fb40000
3f9ae000
3fb40000
3f9ae000
3fbdb000
3f953000
3fbe0000
3f946000
3fbe0000
3f946000
3fc7b000
3f8eb000
3fc80000
3f8de000
3fc80000
3f8de000
3fd1b000
3f883000
3fd20000
3f876000
3fd20000
3f876000
3fdbb000
3f81b000
3fdc0000
3f80e000
3fdc0000
3f80e000
3fe5b000
3f766000
3fe60000
3f74c000
3fe60000
3f74c000
3fefb000
3f696000
3ff00000
3f67c000
3ff00000
3f67c000
3ff9b000
3f5c6000
3ffdf000
3f59d800
3ffdf000
3f59d800
4003d000
3f542800
4003f800
3f535800
4003f800
3f535800
4008d000
3f4da800
4008f800
3f4cd800
4008f800
3f4cd800
400dd000
3f472800
400df800
3f465800
400df800
3f465800
4012d000
3f40a800
4012f800
3f3fd800
4012f800
3f3fd800
4017d000
3f3a2800
4017f800
3f395800
4017f800
3f395800
401cd000
3f33a800
401cf800
3f32d800
401cf800
3f32d800
4021d000
3f2d2800
4021f800
3f2c5800
4021f800
3f2c5800
4026d000
3f26a800
3faa5000
3fa23000
3faa5000
3fa23000
3fb40000
3f9c8000
3fb45000
3f9bb000
3fb45000
3f9bb000
3fbe0000
3f960000
3fbe5000
3f953000
3fbe5000
3f953000
3fc80000
3f8f8000
3fc85000
3f8eb000
3fc85000
3f8eb000
3fd20000
3f890000
3fd25000
3f883000
3fd25000
3f883000
3fdc0000
3f828000
3fdc5000
3f81b000
3fdc5000
3f81b000
3fe60000
3f780000
3fe65000
3f766000
3fe65000
3f766000
3ff00000
3f6b0000
3ff05000
3f696000
3ff05000
3f696000
3ffa0000
3f5e0000
3ffe6000
3f5b0000
3ffe6000
3f5b0000
40040800
3f555000
40043000
3f548000
40043000
3f548000
40090800
3f4ed000
40093000
3f4e0000
40093000
3f4e0000
400e0800
3f485000
400e3000
3f478000
400e3000
3f478000
40130800
3f41d000
40133000
3f410000
40133000
3f410000
40180800
3f3b5000
40183000
3f3a8000
40183000
3f3a8000
401d0800
3f34d000
401d3000
3f340000
401d3000
3f340000
40220800
3f2e5000
40223000
3f2d8000
40223000
3f2d8000
40270800
3f27d000
3faa5000
3fa23000
3faa5000
3fa23000
3fb40000
3f9c8000
3fb45000
3f9bb000
3fb45000
3f9bb000
3fbe0000
3f960000
3fbe5000
3f953000
3fbe5000
3f953000
3fc80000
3f8f8000
3fc85000
3f8eb000
3fc85000
3f8eb000
3fd20000
3f890000
3fd25000
3f883000
3fd25000
3f883000
3fdc0000
3f828000
3fdc5000
3f81b000
3fdc5000
3f81b000
3fe60000
3f780000
3fe65000
3f766000
3fe65000
3f766000
3ff00000
3f6b0000
3ff05000
3f696000
3ff05000
3f696000
3ffa0000
3f5e0000
3ffe6000
3f5b0000
3ffe6000
3f5b0000
40040800
3f555000
40043000
3f548000
40043000
3f548000
40090800
3f4ed000
40093000
3f4e0000
40093000
3f4e0000
400e0800
3f485000
400e3000
3f478000
400e3000
3f478000
40130800
3f41d000
40133000
3f410000
40133000
3f410000
40180800
3f3b5000
40183000
3f3a8000
40183000
3f3a8000
401d0800
3f34d000
401d3000
3f340000
401d3000
3f340000
40220800
3f2e5000
40223000
3f2d8000
40223000
3f2d8000
40270800
3f27d000
3fb40000
3fa7e000
3fb40000
3fa7e000
3fbdb000
3fa23000
3fbe0000
3fa16000
3fbe0000
3fa16000
3fc7b000
3f9bb000
3fc80000
3f9ae000
3fc80000
3f9ae000
3fd1b000
3f953000
3fd20000
3f946000
3fd20000
3f946000
3fdbb000
3f8eb000
3fdc0000
3f8de000
3fdc0000
3f8de000
3fe5b000
3f883000
3fe60000
3f876000
3fe60000
3f876000
3fefb000
3f81b000
3ff00000
3f80e000
3ff00000
3f80e000
3ff9b000
3f766000
3ffa0000
3f74c000
3ffa0000
3f74c000
4001d800
3f696000
4005f800
3f631800
4005f800
3f631800
400ad000
3f5d6800
400af800
3f5c9800
400af800
3f5c9800
400fd000
3f56e800
400ff800
3f561800
400ff800
3f561800
4014d000
3f506800
4014f800
3f4f9800
4014f800
3f4f9800
4019d000
3f49e800
4019f800
3f491800
4019f800
3f491800
401ed000
3f436800
401ef800
3f429800
401ef800
3f429800
4023d000
3f3ce800
4023f800
3f3c1800
4023f800
3f3c1800
4028d000
3f366800
4028f800
3f359800
4028f800
3f359800
402dd000
3f2fe800
3fb45000
3fa8b000
3fb45000
3fa8b000
3fbe0000
3fa30000
3fbe5000
3fa23000
3fbe5000
3fa23000
3fc80000
3f9c8000
3fc85000
3f9bb000
3fc85000
3f9bb000
3fd20000
3f960000
3fd25000
3f953000
3fd25000
3f953000
3fdc0000
3f8f8000
3fdc5000
3f8eb000
3fdc5000
3f8eb000
3fe60000
3f890000
3fe65000
3f883000
3fe65000
3f883000
3ff00000
3f828000
3ff05000
3f81b000
3ff05000
3f81b000
3ffa0000
3f780000
3ffa5000
3f766000
3ffa5000
3f766000
40020000
3f6b0000
40063000
3f644000
40063000
3f644000
400b0800
3f5e9000
400b3000
3f5dc000
400b3000
3f5dc000
40100800
3f581000
40103000
3f574000
40103000
3f574000
40150800
3f519000
40153000
3f50c000
40153000
3f50c000
401a0800
3f4b1000
401a3000
3f4a4000
401a3000
3f4a4000
401f0800
3f449000
401f3000
3f43c000
401f3000
3f43c000
40240800
3f3e1000
40243000
3f3d4000
40243000
3f3d4000
40290800
3f379000
40293000
3f36c000
40293000
3f36c000
402e0800
3f311000
3fb45000
3fa8b000
3fb45000
3fa8b000
3fbe0000
3fa30000
3fbe5000
3fa23000
3fbe5000
3fa23000
3fc80000
3f9c8000
3fc85000
3f9bb000
3fc85000
3f9bb000
3fd20000
3f960000
3fd25000
3f953000
3fd25000
3f953000
3fdc0000
3f8f8000
3fdc5000
3f8eb000
3fdc5000
3f8eb000
3fe60000
3f890000
3fe65000
3f883000
3fe65000
3f883000
3ff00000
3f828000
3ff05000
3f81b000
3ff05000
3f81b000
3ffa0000
3f780000
3ffa5000
3f766000
3ffa5000
3f766000
40020000
3f6b0000
40063000
3f644000
40063000
3f644000
400b0800
3f5e9000
400b3000
3f5dc000
400b3000
3f5dc000
40100800
3f581000
40103000
3f574000
40103000
3f574000
40150800
3f519000
40153000
3f50c000
40153000
3f50c000
401a0800
3f4b1000
401a3000
3f4a4000
401a3000
3f4a4000
401f0800
3f449000
401f3000
3f43c000
401f3000
3f43c000
40240800
3f3e1000
40243000
3f3d4000
40243000
3f3d4000
40290800
3f379000
40293000
3f36c000
40293000
3f36c000
402e0800
3f311000
3fbe0000
3fae6000
3fbe0000
3fae6000
3fc7b000
3fa8b000
3fc80000
3fa7e000
3fc80000
3fa7e000
3fd1b000
3fa23000
3fd20000
3fa16000
3fd20000
3fa16000
3fdbb000
3f9bb000
3fdc0000
3f9ae000
3fdc0000
3f9ae000
3fe5b000
3f953000
3fe60000
3f946000
3fe60000
3f946000
3fefb000
3f8eb000
3ff00000
3f8de000
3ff00000
3f8de000
3ff9b000
3f883000
3ffa0000
3f876000
3ffa0000
3f876000
4001d800
3f81b000
40020000
3f80e000
40020000
3f80e000
4006d800
3f766000
400cf800
3f6c5800
400cf800
3f6c5800
4011d000
3f66a800
4011f800
3f65d800
4011f800
3f65d800
4016d000
3f602800
4016f800
3f5f5800
4016f800
3f5f5800
401bd000
3f59a800
401bf800
3f58d800
401bf800
3f58d800
4020d000
3f532800
4020f800
3f525800
4020f800
3f525800
4025d000
3f4ca800
4025f800
3f4bd800
4025f800
3f4bd800
402ad000
3f462800
402af800
3f455800
402af800
3f455800
402fd000
3f3fa800
402ff800
3f3ed800
402ff800
3f3ed800
4034d000
3f392800
3fbe5000
3faf3000
3fbe5000
3faf3000
3fc80000
3fa98000
3fc85000
3fa8b000
3fc85000
3fa8b000
3fd20000
3fa30000
3fd25000
3fa23000
3fd25000
3fa23000
3fdc0000
3f9c8000
3fdc5000
3f9bb000
3fdc5000
3f9bb000
3fe60000
3f960000
3fe65000
3f953000
3fe65000
3f953000
3ff00000
3f8f8000
3ff05000
3f8eb000
3ff05000
3f8eb000
3ffa0000
3f890000
3ffa5000
3f883000
3ffa5000
3f883000
40020000
3f828000
40022800
3f81b000
40022800
3f81b000
40070000
3f780000
400d3000
3f6d8000
400d3000
3f6d8000
40120800
3f67d000
40123000
3f670000
40123000
3f670000
40170800
3f615000
40173000
3f608000
40173000
3f608000
401c0800
3f5ad000
401c3000
3f5a0000
401c3000
3f5a0000
40210800
3f545000
40213000
3f538000
40213000
3f538000
40260800
3f4dd000
40263000
3f4d0000
40263000
3f4d0000
402b0800
3f475000
402b3000
3f468000
402b3000
3f468000
40300800
3f40d000
40303000
3f400000
40303000
3f400000
40350800
3f3a5000
3fbe5000
3faf3000
3fbe5000
3faf3000
3fc80000
3fa98000
3fc85000
3fa8b000
3fc85000
3fa8b000
3fd20000
3fa30000
3fd25000
3fa23000
3fd25000
3fa23000
3fdc0000
3f9c8000
3fdc5000
3f9bb000
3fdc5000
3f9bb000
3fe60000
3f960000
3fe65000
3f953000
3fe65000
3f953000
3ff00000
3f8f8000
3ff05000
3f8eb000
3ff05000
3f8eb000
3ffa0000
3f890000
3ffa5000
3f883000
3ffa5000
3f883000
40020000
3f828000
40022800
3f81b000
40022800
3f81b000
40070000
3f780000
400d3000
3f6d8000
400d3000
3f6d8000
40120800
3f67d000
40123000
3f670000
40123000
3f670000
40170800
3f615000
40173000
3f608000
40173000
3f608000
401c0800
3f5ad000
401c3000
3f5a0000
401c3000
3f5a0000
40210800
3f545000
40213000
3f538000
40213000
3f538000
40260800
3f4dd000
40263000
3f4d0000
40263000
3f4d0000
402b0800
3f475000
402b3000
3f468000
402b3000
3f468000
40300800
3f40d000
40303000
3f400000
40303000
3f400000
40350800
3f3a5000
3fc80000
3fb4e000
3fc80000
3fb4e000
3fd1b000
3faf3000
3fd20000
3fae6000
3fd20000
3fae6000
3fdbb000
3fa8b000
3fdc0000
3fa7e000
3fdc0000
3fa7e000
3fe5b000
3fa23000
3fe60000
3fa16000
3fe60000
3fa16000
3fefb000
3f9bb000
3ff00000
3f9ae000
3ff00000
3f9ae000
3ff9b000
3f953000
3ffa0000
3f946000
3ffa0000
3f946000
4001d800
3f8eb000
40020000
3f8de000
40020000
3f8de000
4006d800
3f883000
40070000
3f876000
40070000
3f876000
400bd800
3f81b000
4013f800
3f759800
4013f800
3f759800
4018d000
3f6fe800
4018f800
3f6f1800
4018f800
3f6f1800
401dd000
3f696800
401df800
3f689800
401df800
3f689800
4022d000
3f62e800
4022f800
3f621800
4022f800
3f621800
4027d000
3f5c6800
4027f800
3f5b9800
4027f800
3f5b9800
402cd000
3f55e800
402cf800
3f551800
402cf800
3f551800
4031d000
3f4f6800
4031f800
3f4e9800
4031f800
3f4e9800
4036d000
3f48e800
4036f800
3f481800
4036f800
3f481800
403bd000
3f426800
3fb86000
3fc01000
3fb86000
3fc01000
3fc5f000
3fb81400
3fc66000
3fb6f000
3fc66000
3fb6f000
3fd3f000
3faef400
3fd46000
3fadd000
3fd46000
3fadd000
3fe1f000
3fa5d400
3fe26000
3fa4b000
3fe26000
3fa4b000
3feff000
3f9cb400
3ff06000
3f9b9000
3ff06000
3f9b9000
3ffdf000
3f939400
3ffe6000
3f927000
3ffe6000
3f927000
4005f800
3f8a7400
40063000
3f895000
40063000
3f895000
400cf800
3f815400
400d3000
3f803000
400d3000
3f803000
4013f800
3f706800
400c3800
3f80a000
400c3800
3f80a000
40130000
3f792800
40133800
3f780000
40133800
3f780000
401a0000
3f6fe800
401a3800
3f6ec000
401a3800
3f6ec000
40210000
3f66a800
40213800
3f658000
40213800
3f658000
40280000
3f5d6800
40283800
3f5c4000
40283800
3f5c4000
402f0000
3f542800
402f3800
3f530000
402f3800
3f530000
40360000
3f4ae800
40363800
3f49c000
40363800
3f49c000
403d0000
3f41a800
403d3800
3f408000
403d3800
3f408000
40440000
3f386800
3fb86000
3fc01000
3fb86000
3fc01000
3fc5f000
3fb81400
3fc66000
3fb6f000
3fc66000
3fb6f000
3fd3f000
3faef400
3fd46000
3fadd000
3fd46000
3fadd000
3fe1f000
3fa5d400
3fe26000
3fa4b000
3fe26000
3fa4b000
3feff000
3f9cb400
3ff06000
3f9b9000
3ff06000
3f9b9000
3ffdf000
3f939400
3ffe6000
3f927000
3ffe6000
3f927000
4005f800
3f8a7400
40063000
3f895000
40063000
3f895000
400cf800
3f815400
400d3000
3f803000
400d3000
3f803000
4013f800
3f706800
400c3800
3f80a000
400c3800
3f80a000
40130000
3f792800
40133800
3f780000
40133800
3f780000
401a0000
3f6fe800
401a3800
3f6ec000
401a3800
3f6ec000
40210000
3f66a800
40213800
3f658000
40213800
3f658000
40280000
3f5d6800
40283800
3f5c4000
40283800
3f5c4000
402f0000
3f542800
402f3800
3f530000
402f3800
3f530000
40360000
3f4ae800
40363800
3f49c000
40363800
3f49c000
403d0000
3f41a800
403d3800
3f408000
403d3800
3f408000
40440000
3f386800
3fc21000
3fc5c000
3fc21000
3fc5c000
3fcfa000
3fbdc400
3fd01000
3fbca000
3fd01000
3fbca000
3fdda000
3fb4a400
3fde1000
3fb38000
3fde1000
3fb38000
3feba000
3fab8400
3fec1000
3faa6000
3fec1000
3faa6000
3ff9a000
3fa26400
3ffa1000
3fa14000
3ffa1000
3fa14000
4003d000
3f994400
40040800
3f982000
40040800
3f982000
400ad000
3f902400
400b0800
3f8f0000
400b0800
3f8f0000
4011d000
3f870400
40120800
3f85e000
40120800
3f85e000
4018d000
3f7bc800
40130000
3f84ac00
40130000
3f84ac00
4019c800
3f80a000
401a0000
3f800c00
401a0000
3f800c00
4020c800
3f780000
40210000
3f76d800
40210000
3f76d800
4027c800
3f6ec000
40280000
3f6d9800
40280000
3f6d9800
402ec800
3f658000
402f0000
3f645800
402f0000
3f645800
4035c800
3f5c4000
40360000
3f5b1800
40360000
3f5b1800
403cc800
3f530000
403d0000
3f51d800
403d0000
3f51d800
4043c800
3f49c000
40440000
3f489800
40440000
3f489800
404ac800
3f408000
3fc26000
3fc69000
3fc26000
3fc69000
3fcff000
3fbe9400
3fd06000
3fbd7000
3fd06000
3fbd7000
3fddf000
3fb57400
3fde6000
3fb45000
3fde6000
3fb45000
3febf000
3fac5400
3fec6000
3fab3000
3fec6000
3fab3000
3ff9f000
3fa33400
3ffa6000
3fa21000
3ffa6000
3fa21000
4003f800
3f9a1400
40043000
3f98f000
40043000
3f98f000
400af800
3f90f400
400b3000
3f8fd000
400b3000
3f8fd000
4011f800
3f87d400
40123000
3f86b000
40123000
3f86b000
4018f800
3f7d6800
40133800
3f854000
40133800
3f854000
401a0000
3f813400
401a3800
3f80a000
401a3800
3f80a000
40210000
3f792800
40213800
3f780000
40213800
3f780000
40280000
3f6fe800
40283800
3f6ec000
40283800
3f6ec000
402f0000
3f66a800
402f3800
3f658000
402f3800
3f658000
40360000
3f5d6800
40363800
3f5c4000
40363800
3f5c4000
403d0000
3f542800
403d3800
3f530000
403d3800
3f530000
40440000
3f4ae800
40443800
3f49c000
40443800
3f49c000
404b0000
3f41a800
3fc26000
3fc69000
3fc26000
3fc69000
3fcff000
3fbe9400
3fd06000
3fbd7000
3fd06000
3fbd7000
3fddf000
3fb57400
3fde6000
3fb45000
3fde6000
3fb45000
3febf000
3fac5400
3fec6000
3fab3000
3fec6000
3fab3000
3ff9f000
3fa33400
3ffa6000
3fa21000
3ffa6000
3fa21000
4003f800
3f9a1400
40043000
3f98f000
40043000
3f98f000
400af800
3f90f400
400b3000
3f8fd000
400b3000
3f8fd000
4011f800
3f87d400
40123000
3f86b000
40123000
3f86b000
4018f800
3f7d6800
40133800
3f854000
40133800
3f854000
401a0000
3f813400
401a3800
3f80a000
401a3800
3f80a000
40210000
3f792800
40213800
3f780000
40213800
3f780000
40280000
3f6fe800
40283800
3f6ec000
40283800
3f6ec000
402f0000
3f66a800
402f3800
3f658000
402f3800
3f658000
40360000
3f5d6800
40363800
3f5c4000
40363800
3f5c4000
403d0000
3f542800
403d3800
3f530000
403d3800
3f530000
40440000
3f4ae800
40443800
3f49c000
40443800
3f49c000
404b0000
3f41a800
3fcc1000
3fcc4000
3fcc1000
3fcc4000
3fd9a000
3fc44400
3fda1000
3fc32000
3fda1000
3fc32000
3fe7a000
3fbb2400
3fe81000
3fba0000
3fe81000
3fba0000
3ff5a000
3fb20400
3ff61000
3fb0e000
3ff61000
3fb0e000
4001d000
3fa8e400
40020800
3fa7c000
40020800
3fa7c000
4008d000
3f9fc400
40090800
3f9ea000
40090800
3f9ea000
400fd000
3f96a400
40100800
3f958000
40100800
3f958000
4016d000
3f8d8400
40170800
3f8c6000
40170800
3f8c6000
401dd000
3f846400
401a0000
3f894c00
401a0000
3f894c00
4020c800
3f854000
40210000
3f84ac00
40210000
3f84ac00
4027c800
3f80a000
40280000
3f800c00
40280000
3f800c00
402ec800
3f780000
402f0000
3f76d800
402f0000
3f76d800
4035c800
3f6ec000
40360000
3f6d9800
40360000
3f6d9800
403cc800
3f658000
403d0000
3f645800
403d0000
3f645800
4043c800
3f5c4000
40440000
3f5b1800
40440000
3f5b1800
404ac800
3f530000
404b0000
3f51d800
404b0000
3f51d800
4051c800
3f49c000
3fcc6000
3fcd1000
3fcc6000
3fcd1000
3fd9f000
3fc51400
3fda6000
3fc3f000
3fda6000
3fc3f000
3fe7f000
3fbbf400
3fe86000
3fbad000
3fe86000
3fbad000
3ff5f000
3fb2d400
3ff66000
3fb1b000
3ff66000
3fb1b000
4001f800
3fa9b400
40023000
3fa89000
40023000
3fa89000
4008f800
3fa09400
40093000
3f9f7000
40093000
3f9f7000
400ff800
3f977400
40103000
3f965000
40103000
3f965000
4016f800
3f8e5400
40173000
3f8d3000
40173000
3f8d3000
401df800
3f853400
401a3800
3f89e000
401a3800
3f89e000
40210000
3f85d400
40213800
3f854000
40213800
3f854000
40280000
3f813400
40283800
3f80a000
40283800
3f80a000
402f0000
3f792800
402f3800
3f780000
402f3800
3f780000
40360000
3f6fe800
40363800
3f6ec000
40363800
3f6ec000
403d0000
3f66a800
403d3800
3f658000
403d3800
3f658000
40440000
3f5d6800
40443800
3f5c4000
40443800
3f5c4000
404b0000
3f542800
404b3800
3f530000
404b3800
3f530000
40520000
3f4ae800
3fcc6000
3fcd1000
3fcc6000
3fcd1000
3fd9f000
3fc51400
3fda6000
3fc3f000
3fda6000
3fc3f000
3fe7f000
3fbbf400
3fe86000
3fbad000
3fe86000
3fbad000
3ff5f000
3fb2d400
3ff66000
3fb1b000
3ff66000
3fb1b000
4001f800
3fa9b400
40023000
3fa89000
40023000
3fa89000
4008f800
3fa09400
40093000
3f9f7000
40093000
3f9f7000
400ff800
3f977400
40103000
3f965000
40103000
3f965000
4016f800
3f8e5400
40173000
3f8d3000
40173000
3f8d3000
401df800
3f853400
401a3800
3f89e000
401a3800
3f89e000
40210000
3f85d400
40213800
3f854000
40213800
3f854000
40280000
3f813400
40283800
3f80a000
40283800
3f80a000
402f0000
3f792800
402f3800
3f780000
402f3800
3f780000
40360000
3f6fe800
40363800
3f6ec000
40363800
3f6ec000
403d0000
3f66a800
403d3800
3f658000
403d3800
3f658000
40440000
3f5d6800
40443800
3f5c4000
40443800
3f5c4000
404b0000
3f542800
404b3800
3f530000
404b3800
3f530000
40520000
3f4ae800
3fd61000
3fd2c000
3fd61000
3fd2c000
3fe3a000
3fcac400
3fe41000
3fc9a000
3fe41000
3fc9a000
3ff1a000
3fc1a400
3ff21000
3fc08000
3ff21000
3fc08000
3fffa000
3fb88400
40000800
3fb76000
40000800
3fb76000
4006d000
3faf6400
40070800
3fae4000
40070800
3fae4000
400dd000
3fa64400
400e0800
3fa52000
400e0800
3fa52000
4014d000
3f9d2400
40150800
3f9c0000
40150800
3f9c0000
401bd000
3f940400
401c0800
3f92e000
401c0800
3f92e000
4022d000
3f8ae400
40210000
3f8dec00
40210000
3f8dec00
4027c800
3f89e000
40280000
3f894c00
40280000
3f894c00
402ec800
3f854000
402f0000
3f84ac00
402f0000
3f84ac00
4035c800
3f80a000
40360000
3f800c00
40360000
3f800c00
403cc800
3f780000
403d0000
3f76d800
403d0000
3f76d800
4043c800
3f6ec000
40440000
3f6d9800
40440000
3f6d9800
404ac800
3f658000
404b0000
3f645800
404b0000
3f645800
4051c800
3f5c4000
40520000
3f5b1800
40520000
3f5b1800
4058c800
3f530000
3fd66000
3fd39000
3fd66000
3fd39000
3fe3f000
3fcb9400
3fe46000
3fca7000
3fe46000
3fca7000
3ff1f000
3fc27400
3ff26000
3fc15000
3ff26000
3fc15000
3ffff000
3fb95400
40003000
3fb83000
40003000
3fb83000
4006f800
3fb03400
40073000
3faf1000
40073000
3faf1000
400df800
3fa71400
400e3000
3fa5f000
400e3000
3fa5f000
4014f800
3f9df400
40153000
3f9cd000
40153000
3f9cd000
401bf800
3f94d400
401c3000
3f93b000
401c3000
3f93b000
4022f800
3f8bb400
40213800
3f8e8000
40213800
3f8e8000
40280000
3f8a7400
40283800
3f89e000
40283800
3f89e000
402f0000
3f85d400
402f3800
3f854000
402f3800
3f854000
40360000
3f813400
40363800
3f80a000
40363800
3f80a000
403d0000
3f792800
403d3800
3f780000
403d3800
3f780000
40440000
3f6fe800
40443800
3f6ec000
40443800
3f6ec000
404b0000
3f66a800
404b3800
3f658000
404b3800
3f658000
40520000
3f5d6800
40523800
3f5c4000
40523800
3f5c4000
40590000
3f542800
3fd66000
3fd39000
3fd66000
3fd39000
3fe3f000
3fcb9400
3fe46000
3fca7000
3fe46000
3fca7000
3ff1f000
3fc27400
3ff26000
3fc15000
3ff26000
3fc15000
3ffff000
3fb95400
40003000
3fb83000
40003000
3fb83000
4006f800
3fb03400
40073000
3faf1000
40073000
3faf1000
400df800
3fa71400
400e3000
3fa5f000
400e3000
3fa5f000
4014f800
3f9df400
40153000
3f9cd000
40153000
3f9cd000
401bf800
3f94d400
401c3000
3f93b000
401c3000
3f93b000
4022f800
3f8bb400
40213800
3f8e8000
40213800
3f8e8000
40280000
3f8a7400
40283800
3f89e000
40283800
3f89e000
402f0000
3f85d400
402f3800
3f854000
402f3800
3f854000
40360000
3f813400
40363800
3f80a000
40363800
3f80a000
403d0000
3f792800
403d3800
3f780000
403d3800
3f780000
40440000
3f6fe800
40443800
3f6ec000
40443800
3f6ec000
404b0000
3f66a800
404b3800
3f658000
404b3800
3f658000
40520000
3f5d6800
40523800
3f5c4000
40523800
3f5c4000
40590000
3f542800
3fe01000
3fd94000
3fe01000
3fd94000
3feda000
3fd14400
3fee1000
3fd02000
3fee1000
3fd02000
3ffba000
3fc82400
3ffc1000
3fc70000
3ffc1000
3fc70000
4004d000
3fbf0400
40050800
3fbde000
40050800
3fbde000
400bd000
3fb5e400
400c0800
3fb4c000
400c0800
3fb4c000
4012d000
3facc400
40130800
3faba000
40130800
3faba000
4019d000
3fa3a400
401a0800
3fa28000
401a0800
3fa28000
4020d000
3f9a8400
40210800
3f996000
40210800
3f996000
4027d000
3f916400
40280000
3f928c00
40280000
3f928c00
402ec800
3f8e8000
402f0000
3f8dec00
402f0000
3f8dec00
4035c800
3f89e000
40360000
3f894c00
40360000
3f894c00
403cc800
3f854000
403d0000
3f84ac00
403d0000
3f84ac00
4043c800
3f80a000
40440000
3f800c00
40440000
3f800c00
404ac800
3f780000
404b0000
3f76d800
404b0000
3f76d800
4051c800
3f6ec000
40520000
3f6d9800
40520000
3f6d9800
4058c800
3f658000
40590000
3f645800
40590000
3f645800
405fc800
3f5c4000
3fe06000
3fda1000
3fe06000
3fda1000
3fedf000
3fd21400
3fee6000
3fd0f000
3fee6000
3fd0f000
3ffbf000
3fc8f400
3ffc6000
3fc7d000
3ffc6000
3fc7d000
4004f800
3fbfd400
40053000
3fbeb000
40053000
3fbeb000
400bf800
3fb6b400
400c3000
3fb59000
400c3000
3fb59000
4012f800
3fad9400
40133000
3fac7000
40133000
3fac7000
4019f800
3fa47400
401a3000
3fa35000
401a3000
3fa35000
4020f800
3f9b5400
40213000
3f9a3000
40213000
3f9a3000
4027f800
3f923400
40283800
3f932000
40283800
3f932000
402f0000
3f8f1400
402f3800
3f8e8000
402f3800
3f8e8000
40360000
3f8a7400
40363800
3f89e000
40363800
3f89e000
403d0000
3f85d400
403d3800
3f854000
403d3800
3f854000
40440000
3f813400
40443800
3f80a000
40443800
3f80a000
404b0000
3f792800
404b3800
3f780000
404b3800
3f780000
40520000
3f6fe800
40523800
3f6ec000
40523800
3f6ec000
40590000
3f66a800
40593800
3f658000
40593800
3f658000
40600000
3f5d6800
3fe06000
3fda1000
3fe06000
3fda1000
3fedf000
3fd21400
3fee6000
3fd0f000
3fee6000
3fd0f000
3ffbf000
3fc8f400
3ffc6000
3fc7d000
3ffc6000
3fc7d000
4004f800
3fbfd400
40053000
3fbeb000
40053000
3fbeb000
400bf800
3fb6b400
400c3000
3fb59000
400c3000
3fb59000
4012f800
3fad9400
40133000
3fac7000
40133000
3fac7000
4019f800
3fa47400
401a3000
3fa35000
401a3000
3fa35000
4020f800
3f9b5400
40213000
3f9a3000
40213000
3f9a3000
4027f800
3f923400
40283800
3f932000
40283800
3f932000
402f0000
3f8f1400
402f3800
3f8e8000
402f3800
3f8e8000
40360000
3f8a7400
40363800
3f89e000
40363800
3f89e000
403d0000
3f85d400
403d3800
3f854000
403d3800
3f854000
40440000
3f813400
40443800
3f80a000
40443800
3f80a000
404b0000
3f792800
404b3800
3f780000
404b3800
3f780000
40520000
3f6fe800
40523800
3f6ec000
40523800
3f6ec000
40590000
3f66a800
40593800
3f658000
40593800
3f658000
40600000
3f5d6800
3fea1000
3fdfc000
3fea1000
3fdfc000
3ff7a000
3fd7c400
3ff81000
3fd6a000
3ff81000
3fd6a000
4002d000
3fcea400
40030800
3fcd8000
40030800
3fcd8000
4009d000
3fc58400
400a0800
3fc46000
400a0800
3fc46000
4010d000
3fbc6400
40110800
3fbb4000
40110800
3fbb4000
4017d000
3fb34400
40180800
3fb22000
40180800
3fb22000
401ed000
3faa2400
401f0800
3fa90000
401f0800
3fa90000
4025d000
3fa10400
40260800
3f9fe000
40260800
3f9fe000
402cd000
3f97e400
402f0000
3f972c00
402f0000
3f972c00
4035c800
3f932000
40360000
3f928c00
40360000
3f928c00
403cc800
3f8e8000
403d0000
3f8dec00
403d0000
3f8dec00
4043c800
3f89e000
40440000
3f894c00
40440000
3f894c00
404ac800
3f854000
404b0000
3f84ac00
404b0000
3f84ac00
4051c800
3f80a000
40520000
3f800c00
40520000
3f800c00
4058c800
3f780000
40590000
3f76d800
40590000
3f76d800
405fc800
3f6ec000
40600000
3f6d9800
40600000
3f6d9800
4066c800
3f658000
3fea6000
3fe09000
3fea6000
3fe09000
3ff7f000
3fd89400
3ff86000
3fd77000
3ff86000
3fd77000
4002f800
3fcf7400
40033000
3fce5000
40033000
3fce5000
4009f800
3fc65400
400a3000
3fc53000
400a3000
3fc53000
4010f800
3fbd3400
40113000
3fbc1000
40113000
3fbc1000
4017f800
3fb41400
40183000
3fb2f000
40183000
3fb2f000
401ef800
3faaf400
401f3000
3fa9d000
401f3000
3fa9d000
4025f800
3fa1d400
40263000
3fa0b000
40263000
3fa0b000
402cf800
3f98b400
402f3800
3f97c000
402f3800
3f97c000
40360000
3f93b400
40363800
3f932000
40363800
3f932000
403d0000
3f8f1400
403d3800
3f8e8000
403d3800
3f8e8000
40440000
3f8a7400
40443800
3f89e000
40443800
3f89e000
404b0000
3f85d400
404b3800
3f854000
404b3800
3f854000
40520000
3f813400
40523800
3f80a000
40523800
3f80a000
40590000
3f792800
40593800
3f780000
40593800
3f780000
40600000
3f6fe800
40603800
3f6ec000
40603800
3f6ec000
40670000
3f66a800
3fea6000
3fe09000
3fea6000
3fe09000
3ff7f000
3fd89400
3ff86000
3fd77000
3ff86000
3fd77000
4002f800
3fcf7400
40033000
3fce5000
40033000
3fce5000
4009f800
3fc65400
400a3000
3fc53000
400a3000
3fc53000
4010f800
3fbd3400
40113000
3fbc1000
40113000
3fbc1000
4017f800
3fb41400
40183000
3fb2f000
40183000
3fb2f000
401ef800
3faaf400
401f3000
3fa9d000
401f3000
3fa9d000
4025f800
3fa1d400
40263000
3fa0b000
40263000
3fa0b000
402cf800
3f98b400
402f3800
3f97c000
402f3800
3f97c000
40360000
3f93b400
40363800
3f932000
40363800
3f932000
403d0000
3f8f1400
403d3800
3f8e8000
403d3800
3f8e8000
40440000
3f8a7400
40443800
3f89e000
40443800
3f89e000
404b0000
3f85d400
404b3800
3f854000
404b3800
3f854000
40520000
3f813400
40523800
3f80a000
40523800
3f80a000
40590000
3f792800
40593800
3f780000
40593800
3f780000
40600000
3f6fe800
40603800
3f6ec000
40603800
3f6ec000
40670000
3f66a800
3ff41000
3fe64000
3ff41000
3fe64000
4000d000
3fde4400
40010800
3fdd2000
40010800
3fdd2000
4007d000
3fd52400
40080800
3fd40000
40080800
3fd40000
400ed000
3fcc0400
400f0800
3fcae000
400f0800
3fcae000
4015d000
3fc2e400
40160800
3fc1c000
40160800
3fc1c000
401cd000
3fb9c400
401d0800
3fb8a000
401d0800
3fb8a000
4023d000
3fb0a400
40240800
3faf8000
40240800
3faf8000
402ad000
3fa78400
402b0800
3fa66000
402b0800
3fa66000
4031d000
3f9e6400
40360000
3f9bcc00
40360000
3f9bcc00
403cc800
3f97c000
403d0000
3f972c00
403d0000
3f972c00
4043c800
3f932000
40440000
3f928c00
40440000
3f928c00
404ac800
3f8e8000
404b0000
3f8dec00
404b0000
3f8dec00
4051c800
3f89e000
40520000
3f894c00
40520000
3f894c00
4058c800
3f854000
40590000
3f84ac00
40590000
3f84ac00
405fc800
3f80a000
40600000
3f800c00
40600000
3f800c00
4066c800
3f780000
40670000
3f76d800
40670000
3f76d800
406dc800
3f6ec000
3ff46000
3fe71000
3ff46000
3fe71000
4000f800
3fdf1400
40013000
3fddf000
40013000
3fddf000
4007f800
3fd5f400
40083000
3fd4d000
40083000
3fd4d000
400ef800
3fccd400
400f3000
3fcbb000
400f3000
3fcbb000
4015f800
3fc3b400
40163000
3fc29000
40163000
3fc29000
401cf800
3fba9400
401d3000
3fb97000
401d3000
3fb97000
4023f800
3fb17400
40243000
3fb05000
40243000
3fb05000
402af800
3fa85400
402b3000
3fa73000
402b3000
3fa73000
4031f800
3f9f3400
40363800
3f9c6000
40363800
3f9c6000
403d0000
3f985400
403d3800
3f97c000
403d3800
3f97c000
40440000
3f93b400
40443800
3f932000
40443800
3f932000
404b0000
3f8f1400
404b3800
3f8e8000
404b3800
3f8e8000
40520000
3f8a7400
40523800
3f89e000
40523800
3f89e000
40590000
3f85d400
40593800
3f854000
40593800
3f854000
40600000
3f813400
40603800
3f80a000
40603800
3f80a000
40670000
3f792800
40673800
3f780000
40673800
3f780000
406e0000
3f6fe800
3ff46000
3fe71000
3ff46000
3fe71000
4000f800
3fdf1400
40013000
3fddf000
40013000
3fddf000
4007f800
3fd5f400
40083000
3fd4d000
40083000
3fd4d000
400ef800
3fccd400
400f3000
3fcbb000
400f3000
3fcbb000
4015f800
3fc3b400
40163000
3fc29000
40163000
3fc29000
401cf800
3fba9400
401d3000
3fb97000
401d3000
3fb97000
4023f800
3fb17400
40243000
3fb05000
40243000
3fb05000
402af800
3fa85400
402b3000
3fa73000
402b3000
3fa73000
4031f800
3f9f3400
40363800
3f9c6000
40363800
3f9c6000
403d0000
3f985400
403d3800
3f97c000
403d3800
3f97c000
40440000
3f93b400
40443800
3f932000
40443800
3f932000
404b0000
3f8f1400
404b3800
3f8e8000
404b3800
3f8e8000
40520000
3f8a7400
40523800
3f89e000
40523800
3f89e000
40590000
3f85d400
40593800
3f854000
40593800
3f854000
40600000
3f813400
40603800
3f80a000
40603800
3f80a000
40670000
3f792800
40673800
3f780000
40673800
3f780000
406e0000
3f6fe800
3ffe1000
3fecc000
3ffe1000
3fecc000
4005d000
3fe4c400
40060800
3fe3a000
40060800
3fe3a000
400cd000
3fdba400
400d0800
3fda8000
400d0800
3fda8000
4013d000
3fd28400
40140800
3fd16000
40140800
3fd16000
401ad000
3fc96400
401b0800
3fc84000
401b0800
3fc84000
4021d000
3fc04400
40220800
3fbf2000
40220800
3fbf2000
4028d000
3fb72400
40290800
3fb60000
40290800
3fb60000
402fd000
3fae0400
40300800
3face000
40300800
3face000
4036d000
3fa4e400
403d0000
3fa06c00
403d0000
3fa06c00
4043c800
3f9c6000
40440000
3f9bcc00
40440000
3f9bcc00
404ac800
3f97c000
404b0000
3f972c00
404b0000
3f972c00
4051c800
3f932000
40520000
3f928c00
40520000
3f928c00
4058c800
3f8e8000
40590000
3f8dec00
40590000
3f8dec00
405fc800
3f89e000
40600000
3f894c00
40600000
3f894c00
4066c800
3f854000
40670000
3f84ac00
40670000
3f84ac00
406dc800
3f80a000
406e0000
3f800c00
406e0000
3f800c00
4074c800
3f780000
3ffe6000
3fed9000
3ffe6000
3fed9000
4005f800
3fe59400
40063000
3fe47000
40063000
3fe47000
400cf800
3fdc7400
400d3000
3fdb5000
400d3000
3fdb5000
4013f800
3fd35400
40143000
3fd23000
40143000
3fd23000
401af800
3fca3400
401b3000
3fc91000
401b3000
3fc91000
4021f800
3fc11400
40223000
3fbff000
40223000
3fbff000
4028f800
3fb7f400
40293000
3fb6d000
40293000
3fb6d000
402ff800
3faed400
40303000
3fadb000
40303000
3fadb000
4036f800
3fa5b400
403d3800
3fa10000
403d3800
3fa10000
40440000
3f9cf400
40443800
3f9c6000
40443800
3f9c6000
404b0000
3f985400
404b3800
3f97c000
404b3800
3f97c000
40520000
3f93b400
40523800
3f932000
40523800
3f932000
40590000
3f8f1400
40593800
3f8e8000
40593800
3f8e8000
40600000
3f8a7400
40603800
3f89e000
40603800
3f89e000
40670000
3f85d400
40673800
3f854000
40673800
3f854000
406e0000
3f813400
406e3800
3f80a000
406e3800
3f80a000
40750000
3f792800
3ffe6000
3fed9000
3ffe6000
3fed9000
4005f800
3fe59400
40063000
3fe47000
40063000
3fe47000
400cf800
3fdc7400
400d3000
3fdb5000
400d3000
3fdb5000
4013f800
3fd35400
40143000
3fd23000
40143000
3fd23000
401af800
3fca3400
401b3000
3fc91000
401b3000
3fc91000
4021f800
3fc11400
40223000
3fbff000
40223000
3fbff000
4028f800
3fb7f400
40293000
3fb6d000
40293000
3fb6d000
402ff800
3faed400
40303000
3fadb000
40303000
3fadb000
4036f800
3fa5b400
403d3800
3fa10000
403d3800
3fa10000
40440000
3f9cf400
40443800
3f9c6000
40443800
3f9c6000
404b0000
3f985400
404b3800
3f97c000
404b3800
3f97c000
40520000
3f93b400
40523800
3f932000
40523800
3f932000
40590000
3f8f1400
40593800
3f8e8000
40593800
3f8e8000
40600000
3f8a7400
40603800
3f89e000
40603800
3f89e000
40670000
3f85d400
40673800
3f854000
40673800
3f854000
406e0000
3f813400
406e3800
3f80a000
406e3800
3f80a000
40750000
3f792800
40040800
3ff34000
40040800
3ff34000
400ad000
3feb4400
400b0800
3fea2000
400b0800
3fea2000
4011d000
3fe22400
40120800
3fe10000
40120800
3fe10000
4018d000
3fd90400
40190800
3fd7e000
40190800
3fd7e000
401fd000
3fcfe400
40200800
3fcec000
40200800
3fcec000
4026d000
3fc6c400
40270800
3fc5a000
40270800
3fc5a000
402dd000
3fbda400
402e0800
3fbc8000
402e0800
3fbc8000
4034d000
3fb48400
40350800
3fb36000
40350800
3fb36000
403bd000
3fab6400
40440000
3fa50c00
40440000
3fa50c00
404ac800
3fa10000
404b0000
3fa06c00
404b0000
3fa06c00
4051c800
3f9c6000
40520000
3f9bcc00
40520000
3f9bcc00
4058c800
3f97c000
40590000
3f972c00
40590000
3f972c00
405fc800
3f932000
40600000
3f928c00
40600000
3f928c00
4066c800
3f8e8000
40670000
3f8dec00
40670000
3f8dec00
406dc800
3f89e000
406e0000
3f894c00
406e0000
3f894c00
4074c800
3f854000
40750000
3f84ac00
40750000
3f84ac00
407bc800
3f80a000
3f70a000
3f81b000
3f70a000
3f81b000
3f70a000
3f81b000
3f70a000
3f81b000
3f70a000
3f81b000
3f70a000
3f81b000
3f70a000
3f81b000
3f70a000
3f81b000
3f70a000
3f81b000
3f70a000
3f81b000
3f70a000
3f81b000
3f70a000
3f81b000
3f70a000
3f81b000
3f70a000
3f81b000
3f70a000
3f81b000
3f70a000
3f81b000
3f70a000
3f81b000
3f71e000
3f81b000
3f71e000
3f81b000
3f71e000
3f81b000
3f71e000
3f81b000
3f71e000
3f81b000
3f71e000
3f81b000
3f71e000
3f81b000
3f71e000
3f81b000
3f71e000
3f81b000
3f71e000
3f81b000
3f71e000
3f81b000
3f71e000
3f81b000
3f71e000
3f81b000
3f71e000
3f81b000
3f71e000
3f81b000
3f71e000
3f81b000
3f732000
3f81b000
3f732000
3f81b000
3f732000
3f81b000
3f732000
3f81b000
3f732000
3f81b000
3f732000
3f81b000
3f732000
3f81b000
3f732000
3f81b000
3f732000
3f81b000
3f732000
3f81b000
3f732000
3f81b000
3f732000
3f81b000
3f732000
3f81b000
3f732000
3f81b000
3f732000
3f81b000
3f732000
3f81b000
3f732000
3f81b000
3f746000
3f81b000
3f746000
3f81b000
3f746000
3f81b000
3f746000
3f81b000
3f746000
3f81b000
3f746000
3f81b000
3f746000
3f81b000
3f746000
3f81b000
3f746000
3f81b000
3f746000
3f81b000
3f746000
3f81b000
3f746000
3f81b000
3f746000
3f81b000
3f746000
3f81b000
3f746000
3f81b000
3f746000
3f81b000
3f75a000
3f81b000
3f75a000
3f81b000
3f75a000
3f81b000
3f75a000
3f81b000
3f75a000
3f81b000
3f75a000
3f81b000
3f75a000
3f81b000
3f75a000
3f81b000
3f75a000
3f81b000
3f75a000
3f81b000
3f75a000
3f81b000
3f75a000
3f81b000
3f75a000
3f81b000
3f75a000
3f81b000
3f75a000
3f81b000
3f75a000
3f81b000
3f75a000
3f81b000
3f76e000
3f81b000
3f76e000
3f81b000
3f76e000
3f81b000
3f76e000
3f81b000
3f76e000
3f81b000
3f76e000
3f81b000
3f76e000
3f81b000
3f76e000
3f81b000
3f76e000
3f81b000
3f76e000
3f81b000
3f76e000
3f81b000
3f76e000
3f81b000
3f76e000
3f81b000
3f76e000
3f81b000
3f76e000
3f81b000
3f76e000
3f81b000
3f782000
3f81b000
3f782000
3f81b000
3f782000
3f81b000
3f782000
3f81b000
3f782000
3f81b000
3f782000
3f81b000
3f782000
3f81b000
3f782000
3f81b000
3f782000
3f81b000
3f782000
3f81b000
3f782000
3f81b000
3f782000
3f81b000
3f782000
3f81b000
3f782000
3f81b000
3f782000
3f81b000
3f782000
3f81b000
3f782000
3f81b000
3f796000
3f81b000
3f796000
3f81b000
3f796000
3f81b000
3f796000
3f81b000
3f796000
3f81b000
3f796000
3f81b000
3f796000
3f81b000
3f796000
3f81b000
3f796000
3f81b000
3f796000
3f81b000
3f796000
3f81b000
3f796000
3f81b000
3f796000
3f81b000
3f796000
3f81b000
3f796000
3f81b000
3f796000
3f81b000
3f7aa000
3f81b000
3f7aa000
3f81b000
3f7aa000
3f81b000
3f7aa000
3f81b000
3f7aa000
3f81b000
3f7aa000
3f81b000
3f7aa000
3f81b000
3f7aa000
3f81b000
3f7aa000
3f81b000
3f7aa000
3f81b000
3f7aa000
3f81b000
3f7aa000
3f81b000
3f7aa000
3f81b000
3f7aa000
3f81b000
3f7aa000
3f81b000
3f7aa000
3f81b000
3f7be000
3f81b000
3f7be000
3f81b000
3f7be000
3f81b000
3f7be000
3f81b000
3f7be000
3f81b000
3f7be000
3f81b000
3f7be000
3f81b000
3f7be000
3f81b000
3f7be000
3f81b000
3f7be000
3f81b000
3f7be000
3f81b000
3f7be000
3f81b000
3f7be000
3f81b000
3f7be000
3f81b000
3f7be000
3f81b000
3f7be000
3f81b000
3f7be000
3f81b000
3f7d2000
3f81b000
3f7d2000
3f81b000
3f7d2000
3f81b000
3f7d2000
3f81b000
3f7d2000
3f81b000
3f7d2000
3f81b000
3f7d2000
3f81b000
3f7d2000
3f81b000
3f7d2000
3f81b000
3f7d2000
3f81b000
3f7d2000
3f81b000
3f7d2000
3f81b000
3f7d2000
3f81b000
3f7d2000
3f81b000
3f7d2000
3f81b000
3f7d2000
3f81b000
3f7e6000
3f81b000
3f7e6000
3f81b000
3f7e6000
3f81b000
3f7e6000
3f81b000
3f7e6000
3f81b000
3f7e6000
3f81b000
3f7e6000
3f81b000
3f7e6000
3f81b000
3f7e6000
3f81b000
3f7e6000
3f81b000
3f7e6000
3f81b000
3f7e6000
3f81b000
3f7e6000
3f81b000
3f7e6000
3f81b000
3f7e6000
3f81b000
3f7e6000
3f81b000
3f7e6000
3f81b000
3f7fa000
3f81b000
3f7fa000
3f81b000
3f7fa000
3f81b000
3f7fa000
3f81b000
3f7fa000
3f81b000
3f7fa000
3f81b000
3f7fa000
3f81b000
3f7fa000
3f81b000
3f7fa000
3f81b000
3f7fa000
3f81b000
3f7fa000
3f81b000
3f7fa000
3f81b000
3f7fa000
3f81b000
3f7fa000
3f81b000
3f7fa000
3f81b000
3f7fa000
3f81b000
3f807000
3f81b000
3f807000
3f81b000
3f807000
3f81b000
3f807000
3f81b000
3f807000
3f81b000
3f807000
3f81b000
3f807000
3f81b000
3f807000
3f81b000
3f807000
3f81b000
3f807000
3f81b000
3f807000
3f81b000
3f807000
3f81b000
3f807000
3f81b000
3f807000
3f81b000
3f807000
3f81b000
3f807000
3f81b000
3f807000
3f81b000
3f811000
3f81b000
3f811000
3f81b000
3f811000
3f81b000
3f811000
3f81b000
3f811000
3f81b000
3f811000
3f81b000
3f811000
3f81b000
3f811000
3f81b000
3f811000
3f81b000
3f811000
3f81b000
3f811000
3f81b000
3f811000
3f81b000
3f811000
3f81b000
3f811000
3f81b000
3f811000
3f81b000
3f811000
3f81b000
3f81b000
3f81b000
3f81b000
3f81b000
3f81b000
3f81b000
3f81b000
3f81b000
3f81b000
3f81b000
3f81b000
3f81b000
3f81b000
3f81b000
3f81b000
3f81b000
3f81b000
3f81b000
3f81b000
3f81b000
3f81b000
3f81b000
3f81b000
3f81b000
3f81b000
3f81b000
3f81b000
3f81b000
3f81b000
3f81b000
3f81b000
3f81b000
3f825000
3f81b000
3f825000
3f81b000
3f825000
3f81b000
3f825000
3f81b000
3f825000
3f81b000
3f825000
3f81b000
3f825000
3f81b000
3f825000
3f81b000
3f825000
3f81b000
3f825000
3f81b000
3f825000
3f81b000
3f825000
3f81b000
3f825000
3f81b000
3f825000
3f81b000
3f825000
3f81b000
3f825000
3f81b000
3f825000
3f81b000
3f82f000
3f81b000
3f82f000
3f81b000
3f82f000
3f81b000
3f82f000
3f81b000
3f82f000
3f81b000
3f82f000
3f81b000
3f82f000
3f81b000
3f82f000
3f81b000
3f82f000
3f81b000
3f82f000
3f81b000
3f82f000
3f81b000
3f82f000
3f81b000
3f82f000
3f81b000
3f82f000
3f81b000
3f82f000
3f81b000
3f82f000
3f81b000
3f839000
3f81b000
3f839000
3f81b000
3f839000
3f81b000
3f839000
3f81b000
3f839000
3f81b000
3f839000
3f81b000
3f839000
3f81b000
3f839000
3f81b000
3f839000
3f81b000
3f839000
3f81b000
3f839000
3f81b000
3f839000
3f81b000
3f839000
3f81b000
3f839000
3f81b000
3f839000
3f81b000
3f839000
3f81b000
3f839000
3f81b000
3f843000
3f81b000
3f843000
3f81b000
3f843000
3f81b000
3f843000
3f81b000
3f843000
3f81b000
3f843000
3f81b000
3f843000
3f81b000
3f843000
3f81b000
3f843000
3f81b000
3f843000
3f81b000
3f843000
3f81b000
3f843000
3f81b000
3f843000
3f81b000
3f843000
3f81b000
3f843000
3f81b000
3f843000
3f81b000
3f84d000
3f81b000
3f84d000
3f81b000
3f84d000
3f81b000
3f84d000
3f81b000
3f84d000
3f81b000
3f84d000
3f81b000
3f84d000
3f81b000
3f84d000
3f81b000
3f84d000
3f81b000
3f84d000
3f81b000
3f84d000
3f81b000
3f84d000
3f81b000
3f84d000
3f81b000
3f84d000
3f81b000
3f84d000
3f81b000
3f84d000
3f81b000
3f84d000
3f81b000
3f857000
3f81b000
3f857000
3f81b000
3f857000
3f81b000
3f857000
3f81b000
3f857000
3f81b000
3f857000
3f81b000
3f857000
3f81b000
3f857000
3f81b000
3f857000
3f81b000
3f857000
3f81b000
3f857000
3f81b000
3f857000
3f81b000
3f857000
3f81b000
3f857000
3f81b000
3f857000
3f81b000
3f857000
3f81b000
3f861000
3f81b000
3f861000
3f81b000
3f861000
3f81b000
3f861000
3f81b000
3f861000
3f81b000
3f861000
3f81b000
3f861000
3f81b000
3f861000
3f81b000
3f861000
3f81b000
3f861000
3f81b000
3f861000
3f81b000
3f861000
3f81b000
3f861000
3f81b000
3f861000
3f81b000
3f861000
3f81b000
3f861000
3f81b000
3f86b000
3f81b000
3f86b000
3f81b000
3f86b000
3f81b000
3f86b000
3f81b000
3f86b000
3f81b000
3f86b000
3f81b000
3f86b000
3f81b000
3f86b000
3f81b000
3f86b000
3f81b000
3f86b000
3f81b000
3f86b000
3f81b000
3f86b000
3f81b000
3f86b000
3f81b000
3f86b000
3f81b000
3f86b000
3f81b000
3f86b000
3f81b000
3f86b000
3f81b000
3f875000
3f81b000
3f875000
3f81b000
3f875000
3f81b000
3f875000
3f81b000
3f875000
3f81b000
3f875000
3f81b000
3f875000
3f81b000
3f875000
3f81b000
3f875000
3f81b000
3f875000
3f81b000
3f875000
3f81b000
3f875000
3f81b000
3f875000
3f81b000
3f875000
3f81b000
3f875000
3f81b000
3f875000
3f81b000
3f87f000
3f81b000
3f87f000
3f81b000
3f87f000
3f81b000
3f87f000
3f81b000
3f87f000
3f81b000
3f87f000
3f81b000
3f87f000
3f81b000
3f87f000
3f81b000
3f87f000
3f81b000
3f87f000
3f81b000
3f87f000
3f81b000
3f87f000
3f81b000
3f87f000
3f81b000
3f87f000
3f81b000
3f87f000
3f81b000
3f87f000
3f81b000
3f87f000
3f81b000
3f889000
3f81b000
3f889000
3f81b000
3f889000
3f81b000
3f889000
3f81b000
3f889000
3f81b000
3f889000
3f81b000
3f889000
3f81b000
3f889000
3f81b000
3f889000
3f81b000
3f889000
3f81b000
3f889000
3f81b000
3f889000
3f81b000
3f889000
3f81b000
3f889000
3f81b000
3f889000
3f81b000
3f889000
3f81b000
3f893000
3f81b000
3f893000
3f81b000
3f893000
3f81b000
3f893000
3f81b000
3f893000
3f81b000
3f893000
3f81b000
3f893000
3f81b000
3f893000
3f81b000
3f893000
3f81b000
3f893000
3f81b000
3f893000
3f81b000
3f893000
3f81b000
3f893000
3f81b000
3f893000
3f81b000
3f893000
3f81b000
3f893000
3f81b000
3f893000
3f81b000
3f89d000
3f81b000
3f89d000
3f81b000
3f89d000
3f81b000
3f89d000
3f81b000
3f89d000
3f81b000
3f89d000
3f81b000
3f89d000
3f81b000
3f89d000
3f81b000
3f89d000
3f81b000
3f89d000
3f81b000
3f89d000
3f81b000
3f89d000
3f81b000
3f89d000
3f81b000
3f89d000
3f81b000
3f89d000
3f81b000
3f89d000
3f81b000
3f8a7000
3f81b000
3f8a7000
3f81b000
3f8a7000
3f81b000
3f8a7000
3f81b000
3f8a7000
3f81b000
3f8a7000
3f81b000
3f8a7000
3f81b000
3f8a7000
3f81b000
3f8a7000
3f81b000
3f8a7000
3f81b000
3f8a7000
3f81b000
3f8a7000
3f81b000
3f8a7000
3f81b000
3f8a7000
3f81b000
3f8a7000
3f81b000
3f8a7000
3f81b000
3f8b1000
3f81b000
3f8b1000
3f81b000
3f8b1000
3f81b000
3f8b1000
3f81b000
3f8b1000
3f81b000
3f8b1000
3f81b000
3f8b1000
3f81b000
3f8b1000
3f81b000
3f8b1000
3f81b000
3f8b1000
3f81b000
3f8b1000
3f81b000
3f8b1000
3f81b000
3f8b1000
3f81b000
3f8b1000
3f81b000
3f8b1000
3f81b000
3f8b1000
3f81b000
3f8b1000
3f81b000
3f8bb000
3f81b000
3f8bb000
3f81b000
3f8bb000
3f81b000
3f8bb000
3f81b000
3f8bb000
3f81b000
3f8bb000
3f81b000
3f8bb000
3f81b000
3f8bb000
3f81b000
3f8bb000
3f81b000
3f8bb000
3f81b000
3f8bb000
3f81b000
3f8bb000
3f81b000
3f8bb000
3f81b000
3f8bb000
3f81b000
3f8bb000
3f81b000
3f8bb000
3f81b000
3f8c5000
3f81b000
3f8c5000
3f81b000
3f8c5000
3f81b000
3f8c5000
3f81b000
3f8c5000
3f81b000
3f8c5000
3f81b000
3f8c5000
3f81b000
3f8c5000
3f81b000
3f8c5000
3f81b000
3f8c5000
3f81b000
3f8c5000
3f81b000
3f8c5000
3f81b000
3f8c5000
3f81b000
3f8c5000
3f81b000
3f8c5000
3f81b000
3f8c5000
3f81b000
3f8c5000
3f81b000
3f8cf000
3f81b000
3f8cf000
3f81b000
3f8cf000
3f81b000
3f8cf000
3f81b000
3f8cf000
3f81b000
3f8cf000
3f81b000
3f8cf000
3f81b000
3f8cf000
3f81b000
3f8cf000
3f81b000
3f8cf000
3f81b000
3f8cf000
3f81b000
3f8cf000
3f81b000
3f8cf000
3f81b000
3f8cf000
3f81b000
3f8cf000
3f81b000
3f8cf000
3f81b000
3f8d9000
3f81b000
3f8d9000
3f81b000
3f8d9000
3f81b000
3f8d9000
3f81b000
3f8d9000
3f81b000
3f8d9000
3f81b000
3f8d9000
3f81b000
3f8d9000
3f81b000
3f8d9000
3f81b000
3f8d9000
3f81b000
3f8d9000
3f81b000
3f8d9000
3f81b000
3f8d9000
3f81b000
3f8d9000
3f81b000
3f8d9000
3f81b000
3f8d9000
3f81b000
3f8d9000
3f81b000
3f8e3000
3f81b000
3f8e3000
3f81b000
3f8e3000
3f81b000
3f8e3000
3f81b000
3f8e3000
3f81b000
3f8e3000
3f81b000
3f8e3000
3f81b000
3f8e3000
3f81b000
3f8e3000
3f81b000
3f8e3000
3f81b000
3f8e3000
3f81b000
3f8e3000
3f81b000
3f8e3000
3f81b000
3f8e3000
3f81b000
3f8e3000
3f81b000
3f8e3000
3f81b000
3f8ed000
3f81b000
3f8ed000
3f81b000
3f8ed000
3f81b000
3f8ed000
3f81b000
3f8ed000
3f81b000
3f8ed000
3f81b000
3f8ed000
3f81b000
3f8ed000
3f81b000
3f8ed000
3f81b000
3f8ed000
3f81b000
3f8ed000
3f81b000
3f8ed000
3f81b000
3f8ed000
3f81b000
3f8ed000
3f81b000
3f8ed000
3f81b000
3f8ed000
3f81b000
3f8ed000
3f81b000
3f8f7000
3f81b000
3f8f7000
3f81b000
3f8f7000
3f81b000
3f8f7000
3f81b000
3f8f7000
3f81b000
3f8f7000
3f81b000
3f8f7000
3f81b000
3f8f7000
3f81b000
3f8f7000
3f81b000
3f8f7000
3f81b000
3f8f7000
3f81b000
3f8f7000
3f81b000
3f8f7000
3f81b000
3f8f7000
3f81b000
3f8f7000
3f81b000
3f8f7000
3f81b000
3f901000
3f81b000
3f901000
3f81b000
3f901000
3f81b000
3f901000
3f81b000
3f901000
3f81b000
3f901000
3f81b000
3f901000
3f81b000
3f901000
3f81b000
3f901000
3f81b000
3f901000
3f81b000
3f901000
3f81b000
3f901000
3f81b000
3f901000
3f81b000
3f901000
3f81b000
3f901000
3f81b000
3f901000
3f81b000
3f90b000
3f81b000
3f90b000
3f81b000
3f90b000
3f81b000
3f90b000
3f81b000
3f90b000
3f81b000
3f90b000
3f81b000
3f90b000
3f81b000
3f90b000
3f81b000
3f90b000
3f81b000
3f90b000
3f81b000
3f90b000
3f81b000
3f90b000
3f81b000
3f90b000
3f81b000
3f90b000
3f81b000
3f90b000
3f81b000
3f90b000
3f81b000
3f90b000
3f81b000
3f915000
3f81b000
3f915000
3f81b000
3f915000
3f81b000
3f915000
3f81b000
3f915000
3f81b000
3f915000
3f81b000
3f915000
3f81b000
3f915000
3f81b000
3f915000
3f81b000
3f915000
3f81b000
3f915000
3f81b000
3f915000
3f81b000
3f915000
3f81b000
3f915000
3f81b000
3f915000
3f81b000
3f915000
3f81b000
3f91f000
3f81b000
3f91f000
3f81b000
3f91f000
3f81b000
3f91f000
3f81b000
3f91f000
3f81b000
3f91f000
3f81b000
3f91f000
3f81b000
3f91f000
3f81b000
3f91f000
3f81b000
3f91f000
3f81b000
3f91f000
3f81b000
3f91f000
3f81b000
3f91f000
3f81b000
3f91f000
3f81b000
3f91f000
3f81b000
3f91f000
3f81b000
3f91f000
3f81b000
3f929000
3f81b000
3f929000
3f81b000
3f929000
3f81b000
3f929000
3f81b000
3f929000
3f81b000
3f929000
3f81b000
3f929000
3f81b000
3f929000
3f81b000
3f929000
3f81b000
3f929000
3f81b000
3f929000
3f81b000
3f929000
3f81b000
3f929000
3f81b000
3f929000
3f81b000
3f929000
3f81b000
3f929000
3f81b000
3f933000
3f81b000
3f933000
3f81b000
3f933000
3f81b000
3f933000
3f81b000
3f933000
3f81b000
3f933000
3f81b000
3f933000
3f81b000
3f933000
3f81b000
3f933000
3f81b000
3f933000
3f81b000
3f933000
3f81b000
3f933000
3f81b000
3f933000
3f81b000
3f933000
3f81b000
3f933000
3f81b000
3f933000
3f81b000
3f933000
3f81b000
3f93d000
3f81b000
3f93d000
3f81b000
3f93d000
3f81b000
3f93d000
3f81b000
3f93d000
3f81b000
3f93d000
3f81b000
3f93d000
3f81b000
3f93d000
3f81b000
3f93d000
3f81b000
3f93d000
3f81b000
3f93d000
3f81b000
3f93d000
3f81b000
3f93d000
3f81b000
3f93d000
3f81b000
3f93d000
3f81b000
3f93d000
3f81b000
3f947000
3f81b000
3f947000
3f81b000
3f947000
3f81b000
3f947000
3f81b000
3f947000
3f81b000
3f947000
3f81b000
3f947000
3f81b000
3f947000
3f81b000
3f947000
3f81b000
3f947000
3f81b000
3f947000
3f81b000
3f947000
3f81b000
3f947000
3f81b000
3f947000
3f81b000
3f947000
3f81b000
3f947000
3f81b000
3f951000
3f81b000
3f951000
3f81b000
3f951000
3f81b000
3f951000
3f81b000
3f951000
3f81b000
3f951000
3f81b000
3f951000
3f81b000
3f951000
3f81b000
3f951000
3f81b000
3f951000
3f81b000
3f951000
3f81b000
3f951000
3f81b000
3f951000
3f81b000
3f951000
3f81b000
3f951000
3f81b000
3f951000
3f81b000
3f951000
3f81b000
3f95b000
3f81b000
3f95b000
3f81b000
3f95b000
3f81b000
3f95b000
3f81b000
3f95b000
3f81b000
3f95b000
3f81b000
3f95b000
3f81b000
3f95b000
3f81b000
3f95b000
3f81b000
3f95b000
3f81b000
3f95b000
3f81b000
3f95b000
3f81b000
3f95b000
3f81b000
3f95b000
3f81b000
3f95b000
3f81b000
3f95b000
3f81b000
3f965000
3f81b000
3f965000
3f81b000
3f965000
3f81b000
3f965000
3f81b000
3f965000
3f81b000
3f965000
3f81b000
3f965000
3f81b000
3f965000
3f81b000
3f965000
3f81b000
3f965000
3f81b000
3f965000
3f81b000
3f965000
3f81b000
3f965000
3f81b000
3f965000
3f81b000
3f965000
3f81b000
3f965000
3f81b000
3f965000
3f81b000
3f96f000
3f81b000
3f96f000
3f81b000
3f96f000
3f81b000
3f96f000
3f81b000
3f96f000
3f81b000
3f96f000
3f81b000
3f96f000
3f81b000
3f96f000
3f81b000
3f96f000
3f81b000
3f96f000
3f81b000
3f96f000
3f81b000
3f96f000
3f81b000
3f96f000
3f81b000
3f96f000
3f81b000
3f96f000
3f81b000
3f96f000
3f81b000
3f979000
3f81b000
3f979000
3f81b000
3f979000
3f81b000
3f979000
3f81b000
3f979000
3f81b000
3f979000
3f81b000
3f979000
3f81b000
3f979000
3f81b000
3f979000
3f81b000
3f979000
3f81b000
3f979000
3f81b000
3f979000
3f81b000
3f979000
3f81b000
3f979000
3f81b000
3f979000
3f81b000
3f979000
3f81b000
3f979000
3f81b000
3f983000
3f81b000
3f983000
3f81b000
3f983000
3f81b000
3f983000
3f81b000
3f983000
3f81b000
3f983000
3f81b000
3f983000
3f81b000
3f983000
3f81b000
3f983000
3f81b000
3f983000
3f81b000
3f983000
3f81b000
3f983000
3f81b000
3f983000
3f81b000
3f983000
3f81b000
3f983000
3f81b000
3f983000
3f81b000
3f98d000
3f81b000
3f98d000
3f81b000
3f98d000
3f81b000
3f98d000
3f81b000
3f98d000
3f81b000
3f98d000
3f81b000
3f98d000
3f81b000
3f98d000
3f81b000
3f98d000
3f81b000
3f98d000
3f81b000
3f98d000
3f81b000
3f98d000
3f81b000
3f98d000
3f81b000
3f98d000
3f81b000
3f98d000
3f81b000
3f98d000
3f81b000
3f997000
3f81b000
3f997000
3f81b000
3f997000
3f81b000
3f997000
3f81b000
3f997000
3f81b000
3f997000
3f81b000
3f997000
3f81b000
3f997000
3f81b000
3f997000
3f81b000
3f997000
3f81b000
3f997000
3f81b000
3f997000
3f81b000
3f997000
3f81b000
3f997000
3f81b000
3f997000
3f81b000
3f997000
3f81b000
3f997000
3f81b000
3f9a1000
3f81b000
3f9a1000
3f81b000
3f9a1000
3f81b000
3f9a1000
3f81b000
3f9a1000
3f81b000
3f9a1000
3f81b000
3f9a1000
3f81b000
3f9a1000
3f81b000
3f9a1000
3f81b000
3f9a1000
3f81b000
3f9a1000
3f81b000
3f9a1000
3f81b000
3f9a1000
3f81b000
3f9a1000
3f81b000
3f9a1000
3f81b000
3f9a1000
3f81b000
3f9ab000
3f81b000
3f9ab000
3f81b000
3f9ab000
3f81b000
3f9ab000
3f81b000
3f9ab000
3f81b000
3f9ab000
3f81b000
3f9ab000
3f81b000
3f9ab000
3f81b000
3f9ab000
3f81b000
3f9ab000
3f81b000
3f9ab000
3f81b000
3f9ab000
3f81b000
3f9ab000
3f81b000
3f9ab000
3f81b000
3f9ab000
3f81b000
3f9ab000
3f81b000
3f9ab000
3f81b000
3f9b5000
3f81b000
3f9b5000
3f81b000
3f9b5000
3f81b000
3f9b5000
3f81b000
3f9b5000
3f81b000
3f9b5000
3f81b000
3f9b5000
3f81b000
3f9b5000
3f81b000
3f9b5000
3f81b000
3f9b5000
3f81b000
3f9b5000
3f81b000
3f9b5000
3f81b000
3f9b5000
3f81b000
3f9b5000
3f81b000
3f9b5000
3f81b000
3f9b5000
3f81b000
3f9bf000
3f81b000
3f9bf000
3f81b000
3f9bf000
3f81b000
3f9bf000
3f81b000
3f9bf000
3f81b000
3f9bf000
3f81b000
3f9bf000
3f81b000
3f9bf000
3f81b000
3f9bf000
3f81b000
3f9bf000
3f81b000
3f9bf000
3f81b000
3f9bf000
3f81b000
3f9bf000
3f81b000
3f9bf000
3f81b000
3f9bf000
3f81b000
3f9bf000
3f81b000
3f9bf000
3f81b000
3f9c9000
3f81b000
3f9c9000
3f81b000
3f9c9000
3f81b000
3f9c9000
3f81b000
3f9c9000
3f81b000
3f9c9000
3f81b000
3f9c9000
3f81b000
3f9c9000
3f81b000
3f9c9000
3f81b000
3f9c9000
3f81b000
3f9c9000
3f81b000
3f9c9000
3f81b000
3f9c9000
3f81b000
3f9c9000
3f81b000
3f9c9000
3f81b000
3f9c9000
3f81b000
3f9d3000
3f81b000
3f9d3000
3f81b000
3f9d3000
3f81b000
3f9d3000
3f81b000
3f9d3000
3f81b000
3f9d3000
3f81b000
3f9d3000
3f81b000
3f9d3000
3f81b000
3f9d3000
3f81b000
3f9d3000
3f81b000
3f9d3000
3f81b000
3f9d3000
3f81b000
3f9d3000
3f81b000
3f9d3000
3f81b000
3f9d3000
3f81b000
3f9d3000
3f81b000
3f9dd000
3f81b000
3f9dd000
3f81b000
3f9dd000
3f81b000
3f9dd000
3f81b000
3f9dd000
3f81b000
3f9dd000
3f81b000
3f9dd000
3f81b000
3f9dd000
3f81b000
3f9dd000
3f81b000
3f9dd000
3f81b000
3f9dd000
3f81b000
3f9dd000
3f81b000
3f9dd000
3f81b000
3f9dd000
3f81b000
3f9dd000
3f81b000
3f9dd000
3f81b000
3f9dd000
3f81b000
3f9e7000
3f81b000
3f9e7000
3f81b000
3f9e7000
3f81b000
3f9e7000
3f81b000
3f9e7000
3f81b000
3f9e7000
3f81b000
3f9e7000
3f81b000
3f9e7000
3f81b000
3f9e7000
3f81b000
3f9e7000
3f81b000
3f9e7000
3f81b000
3f9e7000
3f81b000
3f9e7000
3f81b000
3f9e7000
3f81b000
3f9e7000
3f81b000
3f9e7000
3f81b000
3f9f1000
3f81b000
3f9f1000
3f81b000
3f9f1000
3f81b000
3f9f1000
3f81b000
3f9f1000
3f81b000
3f9f1000
3f81b000
3f9f1000
3f81b000
3f9f1000
3f81b000
3f9f1000
3f81b000
3f9f1000
3f81b000
3f9f1000
3f81b000
3f9f1000
3f81b000
3f9f1000
3f81b000
3f9f1000
3f81b000
3f9f1000
3f81b000
3f9f1000
3f81b000
3f9f1000
3f81b000
3f9fb000
3f81b000
3f9fb000
3f81b000
3f9fb000
3f81b000
3f9fb000
3f81b000
3f9fb000
3f81b000
3f9fb000
3f81b000
3f9fb000
3f81b000
3f9fb000
3f81b000
3f9fb000
3f81b000
3f9fb000
3f81b000
3f9fb000
3f81b000
3f9fb000
3f81b000
3f9fb000
3f81b000
3f9fb000
3f81b000
3f9fb000
3f81b000
3f9fb000
3f81b000
3fa05000
3f81b000
3fa05000
3f81b000
3fa05000
3f81b000
3fa05000
3f81b000
3fa05000
3f81b000
3fa05000
3f81b000
3fa05000
3f81b000
3fa05000
3f81b000
3fa05000
3f81b000
3fa05000
3f81b000
3fa05000
3f81b000
3fa05000
3f81b000
3fa05000
3f81b000
3fa05000
3f81b000
3fa05000
3f81b000
3fa05000
3f81b000
3fa05000
3f81b000
3fa0f000
3f81b000
3fa0f000
3f81b000
3fa0f000
3f81b000
3fa0f000
3f81b000
3fa0f000
3f81b000
3fa0f000
3f81b000
3fa0f000
3f81b000
3fa0f000
3f81b000
3fa0f000
3f81b000
3fa0f000
3f81b000
3fa0f000
3f81b000
3fa0f000
3f81b000
3fa0f000
3f81b000
3fa0f000
3f81b000
3fa0f000
3f81b000
3fa0f000
3f81b000
3fa19000
3f81b000
3fa19000
3f81b000
3fa19000
3f81b000
3fa19000
3f81b000
3fa19000
3f81b000
3fa19000
3f81b000
3fa19000
3f81b000
3fa19000
3f81b000
3fa19000
3f81b000
3fa19000
3f81b000
3fa19000
3f81b000
3fa19000
3f81b000
3fa19000
3f81b000
3fa19000
3f81b000
3fa19000
3f81b000
3fa19000
3f81b000
3fa19000
3f81b000
3fa23000
3f81b000
3fa23000
3f81b000
3fa23000
3f81b000
3fa23000
3f81b000
3fa23000
3f81b000
3fa23000
3f81b000
3fa23000
3f81b000
3fa23000
3f81b000
3fa23000
3f81b000
3fa23000
3f81b000
3fa23000
3f81b000
3fa23000
3f81b000
3fa23000
3f81b000
3fa23000
3f81b000
3fa23000
3f81b000
3fa23000
3f81b000
3fa2d000
3f81b000
3fa2d000
3f81b000
3fa2d000
3f81b000
3fa2d000
3f81b000
3fa2d000
3f81b000
3fa2d000
3f81b000
3fa2d000
3f81b000
3fa2d000
3f81b000
3fa2d000
3f81b000
3fa2d000
3f81b000
3fa2d000
3f81b000
3fa2d000
3f81b000
3fa2d000
3f81b000
3fa2d000
3f81b000
3fa2d000
3f81b000
3fa2d000
3f81b000
3fa37000
3f81b000
3fa37000
3f81b000
3fa37000
3f81b000
3fa37000
3f81b000
3fa37000
3f81b000
3fa37000
3f81b000
3fa37000
3f81b000
3fa37000
3f81b000
3fa37000
3f81b000
3fa37000
3f81b000
3fa37000
3f81b000
3fa37000
3f81b000
3fa37000
3f81b000
3fa37000
3f81b000
3fa37000
3f81b000
3fa37000
3f81b000
3fa37000
3f81b000
3fa41000
3f81b000
3fa41000
3f81b000
3fa41000
3f81b000
3fa41000
3f81b000
3fa41000
3f81b000
3fa41000
3f81b000
3fa41000
3f81b000
3fa41000
3f81b000
3fa41000
3f81b000
3fa41000
3f81b000
3fa41000
3f81b000
3fa41000
3f81b000
3fa41000
3f81b000
3fa41000
3f81b000
3fa41000
3f81b000
3fa41000
3f81b000
3fa4b000
3f81b000
3fa4b000
3f81b000
3fa4b000
3f81b000
3fa4b000
3f81b000
3fa4b000
3f81b000
3fa4b000
3f81b000
3fa4b000
3f81b000
3fa4b000
3f81b000
3fa4b000
3f81b000
3fa4b000
3f81b000
3fa4b000
3f81b000
3fa4b000
3f81b000
3fa4b000
3f81b000
3fa4b000
3f81b000
3fa4b000
3f81b000
3fa4b000
3f81b000
3fa4b000
3f81b000
3fa55000
3f81b000
3fa55000
3f81b000
3fa55000
3f81b000
3fa55000
3f81b000
3fa55000
3f81b000
3fa55000
3f81b000
3fa55000
3f81b000
3fa55000
3f81b000
3fa55000
3f81b000
3fa55000
3f81b000
3fa55000
3f81b000
3fa55000
3f81b000
3fa55000
3f81b000
3fa55000
3f81b000
3fa55000
3f81b000
3fa55000
3f81b000
3fa5f000
3f81b000
3fa5f000
3f81b000
3fa5f000
3f81b000
3fa5f000
3f81b000
3fa5f000
3f81b000
3fa5f000
3f81b000
3fa5f000
3f81b000
3fa5f000
3f81b000
3fa5f000
3f81b000
3fa5f000
3f81b000
3fa5f000
3f81b000
3fa5f000
3f81b000
3fa5f000
3f81b000
3fa5f000
3f81b000
3fa5f000
3f81b000
3fa5f000
3f81b000
3fa5f000
3f81b000
3fa69000
3f81b000
3fa69000
3f81b000
3fa69000
3f81b000
3fa69000
3f81b000
3fa69000
3f81b000
3fa69000
3f81b000
3fa69000
3f81b000
3fa69000
3f81b000
3fa69000
3f81b000
3fa69000
3f81b000
3fa69000
3f81b000
3fa69000
3f81b000
3fa69000
3f81b000
3fa69000
3f81b000
3fa69000
3f81b000
3fa69000
3f81b000
3fa73000
3f81b000
3fa73000
3f81b000
3fa73000
3f81b000
3fa73000
3f81b000
3fa73000
3f81b000
3fa73000
3f81b000
3fa73000
3f81b000
3fa73000
3f81b000
3fa73000
3f81b000
3fa73000
3f81b000
3fa73000
3f81b000
3fa73000
3f81b000
3fa73000
3f81b000
3fa73000
3f81b000
3fa73000
3f81b000
3fa73000
3f81b000
3fa7d000
3f81b000
3fa7d000
3f81b000
3fa7d000
3f81b000
3fa7d000
3f81b000
3fa7d000
3f81b000
3fa7d000
3f81b000
3fa7d000
3f81b000
3fa7d000
3f81b000
3fa7d000
3f81b000
3fa7d000
3f81b000
3fa7d000
3f81b000
3fa7d000
3f81b000
3fa7d000
3f81b000
3fa7d000
3f81b000
3fa7d000
3f81b000
3fa7d000
3f81b000
3fa7d000
3f81b000
3fa87000
3f81b000
3fa87000
3f81b000
3fa87000
3f81b000
3fa87000
3f81b000
3fa87000
3f81b000
3fa87000
3f81b000
3fa87000
3f81b000
3fa87000
3f81b000
3fa87000
3f81b000
3fa87000
3f81b000
3fa87000
3f81b000
3fa87000
3f81b000
3fa87000
3f81b000
3fa87000
3f81b000
3fa87000
3f81b000
3fa87000
3f81b000
3fa91000
3f81b000
3fa91000
3f81b000
3fa91000
3f81b000
3fa91000
3f81b000
3fa91000
3f81b000
3fa91000
3f81b000
3fa91000
3f81b000
3fa91000
3f81b000
3fa91000
3f81b000
3fa91000
3f81b000
3fa91000
3f81b000
3fa91000
3f81b000
3fa91000
3f81b000
3fa91000
3f81b000
3fa91000
3f81b000
3fa91000
3f81b000
3fa91000
3f81b000
3fa9b000
3f81b000
3fa9b000
3f81b000
3fa9b000
3f81b000
3fa9b000
3f81b000
3fa9b000
3f81b000
3fa9b000
3f81b000
3fa9b000
3f81b000
3fa9b000
3f81b000
3fa9b000
3f81b000
3fa9b000
3f81b000
3fa9b000
3f81b000
3fa9b000
3f81b000
3fa9b000
3f81b000
3fa9b000
3f81b000
3fa9b000
3f81b000
3fa9b000
3f81b000
3faa5000
3f81b000
3faa5000
3f81b000
3faa5000
3f81b000
3faa5000
3f81b000
3faa5000
3f81b000
3faa5000
3f81b000
3faa5000
3f81b000
3faa5000
3f81b000
3faa5000
3f81b000
3faa5000
3f81b000
3faa5000
3f81b000
3faa5000
3f81b000
3faa5000
3f81b000
3faa5000
3f81b000
3faa5000
3f81b000
3faa5000
3f81b000
3faa5000
3f81b000
3faaf000
3f81b000
3faaf000
3f81b000
3faaf000
3f81b000
3faaf000
3f81b000
3faaf000
3f81b000
3faaf000
3f81b000
3faaf000
3f81b000
3faaf000
3f81b000
3faaf000
3f81b000
3faaf000
3f81b000
3faaf000
3f81b000
3faaf000
3f81b000
3faaf000
3f81b000
3faaf000
3f81b000
3faaf000
3f81b000
3faaf000
3f81b000
3fab9000
3f81b000
3fab9000
3f81b000
3fab9000
3f81b000
3fab9000
3f81b000
3fab9000
3f81b000
3fab9000
3f81b000
3fab9000
3f81b000
3fab9000
3f81b000
3fab9000
3f81b000
3fab9000
3f81b000
3fab9000
3f81b000
3fab9000
3f81b000
3fab9000
3f81b000
3fab9000
3f81b000
3fab9000
3f81b000
3fab9000
3f81b000
3fac3000
3f81b000
3fac3000
3f81b000
3fac3000
3f81b000
3fac3000
3f81b000
3fac3000
3f81b000
3fac3000
3f81b000
3fac3000
3f81b000
3fac3000
3f81b000
3fac3000
3f81b000
3fac3000
3f81b000
3fac3000
3f81b000
3fac3000
3f81b000
3fac3000
3f81b000
3fac3000
3f81b000
3fac3000
3f81b000
3fac3000
3f81b000
3fac3000
3f81b000
3facd000
3f81b000
3facd000
3f81b000
3facd000
3f81b000
3facd000
3f81b000
3facd000
3f81b000
3facd000
3f81b000
3facd000
3f81b000
3facd000
3f81b000
3facd000
3f81b000
3facd000
3f81b000
3facd000
3f81b000
3facd000
3f81b000
3facd000
3f81b000
3facd000
3f81b000
3facd000
3f81b000
3facd000
3f81b000
3fad7000
3f81b000
3fad7000
3f81b000
3fad7000
3f81b000
3fad7000
3f81b000
3fad7000
3f81b000
3fad7000
3f81b000
3fad7000
3f81b000
3fad7000
3f81b000
3fad7000
3f81b000
3fad7000
3f81b000
3fad7000
3f81b000
3fad7000
3f81b000
3fad7000
3f81b000
3fad7000
3f81b000
3fad7000
3f81b000
3fad7000
3f81b000
3fad7000
3f81b000
3fae1000
3f81b000
3fae1000
3f81b000
3fae1000
3f81b000
3fae1000
3f81b000
3fae1000
3f81b000
3fae1000
3f81b000
3fae1000
3f81b000
3fae1000
3f81b000
3fae1000
3f81b000
3fae1000
3f81b000
3fae1000
3f81b000
3fae1000
3f81b000
3fae1000
3f81b000
3fae1000
3f81b000
3fae1000
3f81b000
3fae1000
3f81b000
3faeb000
3f81b000
3faeb000
3f81b000
3faeb000
3f81b000
3faeb000
3f81b000
3faeb000
3f81b000
3faeb000
3f81b000
3faeb000
3f81b000
3faeb000
3f81b000
3faeb000
3f81b000
3faeb000
3f81b000
3faeb000
3f81b000
3faeb000
3f81b000
3faeb000
3f81b000
3faeb000
3f81b000
3faeb000
3f81b000
3faeb000
3f81b000
3faeb000
3f81b000
3faf5000
3f81b000
3faf5000
3f81b000
3faf5000
3f81b000
3faf5000
3f81b000
3faf5000
3f81b000
3faf5000
3f81b000
3faf5000
3f81b000
3faf5000
3f81b000
3faf5000
3f81b000
3faf5000
3f81b000
3faf5000
3f81b000
3faf5000
3f81b000
3faf5000
3f81b000
3faf5000
3f81b000
3faf5000
3f81b000
3faf5000
3f81b000
3faff000
3f81b000
3faff000
3f81b000
3faff000
3f81b000
3faff000
3f81b000
3faff000
3f81b000
3faff000
3f81b000
3faff000
3f81b000
3faff000
3f81b000
3faff000
3f81b000
3faff000
3f81b000
3faff000
3f81b000
3faff000
3f81b000
3faff000
3f81b000
3faff000
3f81b000
3faff000
3f81b000
3faff000
3f81b000
3fb09000
3f81b000
3fb09000
3f81b000
3fb09000
3f81b000
3fb09000
3f81b000
3fb09000
3f81b000
3fb09000
3f81b000
3fb09000
3f81b000
3fb09000
3f81b000
3fb09000
3f81b000
3fb09000
3f81b000
3fb09000
3f81b000
3fb09000
3f81b000
3fb09000
3f81b000
3fb09000
3f81b000
3fb09000
3f81b000
3fb09000
3f81b000
3fb09000
3f81b000
3fb13000
3f81b000
3fb13000
3f81b000
3fb13000
3f81b000
3fb13000
3f81b000
3fb13000
3f81b000
3fb13000
3f81b000
3fb13000
3f81b000
3fb13000
3f81b000
3fb13000
3f81b000
3fb13000
3f81b000
3fb13000
3f81b000
3fb13000
3f81b000
3fb13000
3f81b000
3fb13000
3f81b000
3fb13000
3f81b000
3fb13000
3f81b000
3fb1d000
3f81b000
3fb1d000
3f81b000
3fb1d000
3f81b000
3fb1d000
3f81b000
3fb1d000
3f81b000
3fb1d000
3f81b000
3fb1d000
3f81b000
3fb1d000
3f81b000
3fb1d000
3f81b000
3fb1d000
3f81b000
3fb1d000
3f81b000
3fb1d000
3f81b000
3fb1d000
3f81b000
3fb1d000
3f81b000
3fb1d000
3f81b000
3fb1d000
3f81b000
3fb1d000
3f81b000
3fb27000
3f81b000
3fb27000
3f81b000
3fb27000
3f81b000
3fb27000
3f81b000
3fb27000
3f81b000
3fb27000
3f81b000
3fb27000
3f81b000
3fb27000
3f81b000
3fb27000
3f81b000
3fb27000
3f81b000
3fb27000
3f81b000
3fb27000
3f81b000
3fb27000
3f81b000
3fb27000
3f81b000
3fb27000
3f81b000
3fb27000
3f81b000
3fb31000
3f81b000
3fb31000
3f81b000
3fb31000
3f81b000
3fb31000
3f81b000
3fb31000
3f81b000
3fb31000
3f81b000
3fb31000
3f81b000
3fb31000
3f81b000
3fb31000
3f81b000
3fb31000
3f81b000
3fb31000
3f81b000
3fb31000
3f81b000
3fb31000
3f81b000
3fb31000
3f81b000
3fb31000
3f81b000
3fb31000
3f81b000
3fb31000
3f81b000
3fb3b000
3f81b000
3fb3b000
3f81b000
3fb3b000
3f81b000
3fb3b000
3f81b000
3fb3b000
3f81b000
3fb3b000
3f81b000
3fb3b000
3f81b000
3fb3b000
3f81b000
3fb3b000
3f81b000
3fb3b000
3f81b000
3fb3b000
3f81b000
3fb3b000
3f81b000
3fb3b000
3f81b000
3fb3b000
3f81b000
3fb3b000
3f81b000
3fb3b000
3f81b000
3fb45000
3f81b000
3fb45000
3f81b000
3fb45000
3f81b000
3fb45000
3f81b000
3fb45000
3f81b000
3fb45000
3f81b000
3fb45000
3f81b000
3fb45000
3f81b000
3fb45000
3f81b000
3fb45000
3f81b000
3fb45000
3f81b000
3fb45000
3f81b000
3fb45000
3f81b000
3fb45000
3f81b000
3fb45000
3f81b000
3fb45000
3f81b000
3fb45000
3f81b000
3fb4f000
3f81b000
3fb4f000
3f81b000
3fb4f000
3f81b000
3fb4f000
3f81b000
3fb4f000
3f81b000
3fb4f000
3f81b000
3fb4f000
3f81b000
3fb4f000
3f81b000
3fb4f000
3f81b000
3fb4f000
3f81b000
3fb4f000
3f81b000
3fb4f000
3f81b000
3fb4f000
3f81b000
3fb4f000
3f81b000
3fb4f000
3f81b000
3fb4f000
3f81b000
3fb59000
3f81b000
3fb59000
3f81b000
3fb59000
3f81b000
3fb59000
3f81b000
3fb59000
3f81b000
3fb59000
3f81b000
3fb59000
3f81b000
3fb59000
3f81b000
3fb59000
3f81b000
3fb59000
3f81b000
3fb59000
3f81b000
3fb59000
3f81b000
3fb59000
3f81b000
3fb59000
3f81b000
3fb59000
3f81b000
3fb59000
3f81b000
3fb63000
3f81b000
3fb63000
3f81b000
3fb63000
3f81b000
3fb63000
3f81b000
3fb63000
3f81b000
3fb63000
3f81b000
3fb63000
3f81b000
3fb63000
3f81b000
3fb63000
3f81b000
3fb63000
3f81b000
3fb63000
3f81b000
3fb63000
3f81b000
3fb63000
3f81b000
3fb63000
3f81b000
3fb63000
3f81b000
3fb63000
3f81b000
3fb63000
3f81b000
3fb6d000
3f81b000
3fb6d000
3f81b000
3fb6d000
3f81b000
3fb6d000
3f81b000
3fb6d000
3f81b000
3fb6d000
3f81b000
3fb6d000
3f81b000
3fb6d000
3f81b000
3fb6d000
3f81b000
3fb6d000
3f81b000
3fb6d000
3f81b000
3fb6d000
3f81b000
3fb6d000
3f81b000
3fb6d000
3f81b000
3fb6d000
3f81b000
3fb6d000
3f81b000
3fb77000
3f81b000
3fb77000
3f81b000
3fb77000
3f81b000
3fb77000
3f81b000
3fb77000
3f81b000
3fb77000
3f81b000
3fb77000
3f81b000
3fb77000
3f81b000
3fb77000
3f81b000
3fb77000
3f81b000
3fb77000
3f81b000
3fb77000
3f81b000
3fb77000
3f81b000
3fb77000
3f81b000
3fb77000
3f81b000
3fb77000
3f81b000
3fb77000
3f81b000
3fb81000
3f81b000
3fb81000
3f81b000
3fb81000
3f81b000
3fb81000
3f81b000
3fb81000
3f81b000
3fb81000
3f81b000
3fb81000
3f81b000
3fb81000
3f81b000
3fb81000
3f81b000
3fb81000
3f81b000
3fb81000
3f81b000
3fb81000
3f81b000
3fb81000
3f81b000
3fb81000
3f81b000
3fb81000
3f81b000
3fb81000
3f81b000
3fb8b000
3f81b000
3fb8b000
3f81b000
3fb8b000
3f81b000
3fb8b000
3f81b000
3fb8b000
3f81b000
3fb8b000
3f81b000
3fb8b000
3f81b000
3fb8b000
3f81b000
3fb8b000
3f81b000
3fb8b000
3f81b000
3fb8b000
3f81b000
3fb8b000
3f81b000
3fb8b000
3f81b000
3fb8b000
3f81b000
3fb8b000
3f81b000
3fb8b000
3f81b000
3fb8b000
3f81b000
3fb95000
3f81b000
3fb95000
3f81b000
3fb95000
3f81b000
3fb95000
3f81b000
3fb95000
3f81b000
3fb95000
3f81b000
3fb95000
3f81b000
3fb95000
3f81b000
3fb95000
3f81b000
3fb95000
3f81b000
3fb95000
3f81b000
3fb95000
3f81b000
3fb95000
3f81b000
3fb95000
3f81b000
3fb95000
3f81b000
3fb95000
3f81b000
3fb9f000
3f81b000
3fb9f000
3f81b000
3fb9f000
3f81b000
3fb9f000
3f81b000
3fb9f000
3f81b000
3fb9f000
3f81b000
3fb9f000
3f81b000
3fb9f000
3f81b000
3fb9f000
3f81b000
3fb9f000
3f81b000
3fb9f000
3f81b000
3fb9f000
3f81b000
3fb9f000
3f81b000
3fb9f000
3f81b000
3fb9f000
3f81b000
3fb9f000
3f81b000
3fba9000
3f81b000
3fba9000
3f81b000
3fba9000
3f81b000
3fba9000
3f81b000
3fba9000
3f81b000
3fba9000
3f81b000
3fba9000
3f81b000
3fba9000
3f81b000
3fba9000
3f81b000
3fba9000
3f81b000
3fba9000
3f81b000
3fba9000
3f81b000
3fba9000
3f81b000
3fba9000
3f81b000
3fba9000
3f81b000
3fba9000
3f81b000
3fba9000
3f81b000
3fbb3000
3f81b000
3fbb3000
3f81b000
3fbb3000
3f81b000
3fbb3000
3f81b000
3fbb3000
3f81b000
3fbb3000
3f81b000
3fbb3000
3f81b000
3fbb3000
3f81b000
3fbb3000
3f81b000
3fbb3000
3f81b000
3fbb3000
3f81b000
3fbb3000
3f81b000
3fbb3000
3f81b000
3fbb3000
3f81b000
3fbb3000
3f81b000
3fbb3000
3f81b000
3fbbd000
3f81b000
3fbbd000
3f81b000
3fbbd000
3f81b000
3fbbd000
3f81b000
3fbbd000
3f81b000
3fbbd000
3f81b000
3fbbd000
3f81b000
3fbbd000
3f81b000
3fbbd000
3f81b000
3fbbd000
3f81b000
3fbbd000
3f81b000
3fbbd000
3f81b000
3fbbd000
3f81b000
3fbbd000
3f81b000
3fbbd000
3f81b000
3fbbd000
3f81b000
3fbbd000
3f81b000
3fbc7000
3f81b000
3fbc7000
3f81b000
3fbc7000
3f81b000
3fbc7000
3f81b000
3fbc7000
3f81b000
3fbc7000
3f81b000
3fbc7000
3f81b000
3fbc7000
3f81b000
3fbc7000
3f81b000
3fbc7000
3f81b000
3fbc7000
3f81b000
3fbc7000
3f81b000
3fbc7000
3f81b000
3fbc7000
3f81b000
3fbc7000
3f81b000
3fbc7000
3f81b000
3fbd1000
3f81b000
3fbd1000
3f81b000
3fbd1000
3f81b000
3fbd1000
3f81b000
3fbd1000
3f81b000
3fbd1000
3f81b000
3fbd1000
3f81b000
3fbd1000
3f81b000
3fbd1000
3f81b000
3fbd1000
3f81b000
3fbd1000
3f81b000
3fbd1000
3f81b000
3fbd1000
3f81b000
3fbd1000
3f81b000
3fbd1000
3f81b000
3fbd1000
3f81b000
3fbd1000
3f81b000
3fbdb000
3f81b000
3fbdb000
3f81b000
3fbdb000
3f81b000
3fbdb000
3f81b000
3fbdb000
3f81b000
3fbdb000
3f81b000
3fbdb000
3f81b000
3fbdb000
3f81b000
3fbdb000
3f81b000
3fbdb000
3f81b000
3fbdb000
3f81b000
3fbdb000
3f81b000
3fbdb000
3f81b000
3fbdb000
3f81b000
3fbdb000
3f81b000
3fbdb000
3f81b000
3fbe5000
3f81b000
3fbe5000
3f81b000
3fbe5000
3f81b000
3fbe5000
3f81b000
3fbe5000
3f81b000
3fbe5000
3f81b000
3fbe5000
3f81b000
3fbe5000
3f81b000
3fbe5000
3f81b000
3fbe5000
3f81b000
3fbe5000
3f81b000
3fbe5000
3f81b000
3fbe5000
3f81b000
3fbe5000
3f81b000
3fbe5000
3f81b000
3fbe5000
3f81b000
3fbef000
3f81b000
3fbef000
3f81b000
3fbef000
3f81b000
3fbef000
3f81b000
3fbef000
3f81b000
3fbef000
3f81b000
3fbef000
3f81b000
3fbef000
3f81b000
3fbef000
3f81b000
3fbef000
3f81b000
3fbef000
3f81b000
3fbef000
3f81b000
3fbef000
3f81b000
3fbef000
3f81b000
3fbef000
3f81b000
3fbef000
3f81b000
3fbef000
3f81b000
3fbf9000
3f81b000
3fbf9000
3f81b000
3fbf9000
3f81b000
3fbf9000
3f81b000
3fbf9000
3f81b000
3fbf9000
3f81b000
3fbf9000
3f81b000
3fbf9000
3f81b000
3fbf9000
3f81b000
3fbf9000
3f81b000
3fbf9000
3f81b000
3fbf9000
3f81b000
3fbf9000
3f81b000
3fbf9000
3f81b000
3fbf9000
3f81b000
3fbf9000
3f81b000
3fc03000
3f81b000
3fc03000
3f81b000
3fc03000
3f81b000
3fc03000
3f81b000
3fc03000
3f81b000
3fc03000
3f81b000
3fc03000
3f81b000
3fc03000
3f81b000
3fc03000
3f81b000
3fc03000
3f81b000
3fc03000
3f81b000
3fc03000
3f81b000
3fc03000
3f81b000
3fc03000
3f81b000
3fc03000
3f81b000
3fc03000
3f81b000
3fc03000
3f81b000
3fc0d000
3f81b000
3fc0d000
3f81b000
3fc0d000
3f81b000
3fc0d000
3f81b000
3fc0d000
3f81b000
3fc0d000
3f81b000
3fc0d000
3f81b000
3fc0d000
3f81b000
3fc0d000
3f81b000
3fc0d000
3f81b000
3fc0d000
3f81b000
3fc0d000
3f81b000
3fc0d000
3f81b000
3fc0d000
3f81b000
3fc0d000
3f81b000
3fc0d000
3f81b000
3fc17000
3f81b000
3fc17000
3f81b000
3fc17000
3f81b000
3fc17000
3f81b000
3fc17000
3f81b000
3fc17000
3f81b000
3fc17000
3f81b000
3fc17000
3f81b000
3fc17000
3f81b000
3fc17000
3f81b000
3fc17000
3f81b000
3fc17000
3f81b000
3fc17000
3f81b000
3fc17000
3f81b000
3fc17000
3f81b000
3fc17000
3f81b000
3fc17000
3f81b000
3fc21000
3f81b000
3fc21000
3f81b000
3fc21000
3f81b000
3fc21000
3f81b000
3fc21000
3f81b000
3fc21000
3f81b000
3fc21000
3f81b000
3fc21000
3f81b000
3fc21000
3f81b000
3fc21000
3f81b000
3fc21000
3f81b000
3fc21000
3f81b000
3fc21000
3f81b000
3fc21000
3f81b000
3fc21000
3f81b000
3fc21000
3f81b000
3fc2b000
3f81b000
3fc2b000
3f81b000
3fc2b000
3f81b000
3fc2b000
3f81b000
3fc2b000
3f81b000
3fc2b000
3f81b000
3fc2b000
3f81b000
3fc2b000
3f81b000
3fc2b000
3f81b000
3fc2b000
3f81b000
3fc2b000
3f81b000
3fc2b000
3f81b000
3fc2b000
3f81b000
3fc2b000
3f81b000
3fc2b000
3f81b000
3fc2b000
3f81b000
3fc35000
3f81b000
3fc35000
3f81b000
3fc35000
3f81b000
3fc35000
3f81b000
3fc35000
3f81b000
3fc35000
3f81b000
3fc35000
3f81b000
3fc35000
3f81b000
3fc35000
3f81b000
3fc35000
3f81b000
3fc35000
3f81b000
3fc35000
3f81b000
3fc35000
3f81b000
3fc35000
3f81b000
3fc35000
3f81b000
3fc35000
3f81b000
3fc35000
3f81b000
3fc3f000
3f81b000
3fc3f000
3f81b000
3fc3f000
3f81b000
3fc3f000
3f81b000
3fc3f000
3f81b000
3fc3f000
3f81b000
3fc3f000
3f81b000
3fc3f000
3f81b000
3fc3f000
3f81b000
3fc3f000
3f81b000
3fc3f000
3f81b000
3fc3f000
3f81b000
3fc3f000
3f81b000
3fc3f000
3f81b000
3fc3f000
3f81b000
3fc3f000
3f81b000
3fc49000
3f81b000
3fc49000
3f81b000
3fc49000
3f81b000
3fc49000
3f81b000
3fc49000
3f81b000
3fc49000
3f81b000
3fc49000
3f81b000
3fc49000
3f81b000
3fc49000
3f81b000
3fc49000
3f81b000
3fc49000
3f81b000
3fc49000
3f81b000
3fc49000
3f81b000
3fc49000
3f81b000
3fc49000
3f81b000
3fc49000
3f81b000
3fc49000
3f81b000
3fc53000
3f81b000
3fc53000
3f81b000
3fc53000
3f81b000
3fc53000
3f81b000
3fc53000
3f81b000
3fc53000
3f81b000
3fc53000
3f81b000
3fc53000
3f81b000
3fc53000
3f81b000
3fc53000
3f81b000
3fc53000
3f81b000
3fc53000
3f81b000
3fc53000
3f81b000
3fc53000
3f81b000
3fc53000
3f81b000
3fc53000
3f81b000
3fc5d000
3f81b000
3fc5d000
3f81b000
3fc5d000
3f81b000
3fc5d000
3f81b000
3fc5d000
3f81b000
3fc5d000
3f81b000
3fc5d000
3f81b000
3fc5d000
3f81b000
3fc5d000
3f81b000
3fc5d000
3f81b000
3fc5d000
3f81b000
3fc5d000
3f81b000
3fc5d000
3f81b000
3fc5d000
3f81b000
3fc5d000
3f81b000
3fc5d000
3f81b000
3fc5d000
3f81b000
3fc67000
3f81b000
3fc67000
3f81b000
3fc67000
3f81b000
3fc67000
3f81b000
3fc67000
3f81b000
3fc67000
3f81b000
3fc67000
3f81b000
3fc67000
3f81b000
3fc67000
3f81b000
3fc67000
3f81b000
3fc67000
3f81b000
3fc67000
3f81b000
3fc67000
3f81b000
3fc67000
3f81b000
3fc67000
3f81b000
3fc67000
3f81b000
3fc71000
3f81b000
3fc71000
3f81b000
3fc71000
3f81b000
3fc71000
3f81b000
3fc71000
3f81b000
3fc71000
3f81b000
3fc71000
3f81b000
3fc71000
3f81b000
3fc71000
3f81b000
3fc71000
3f81b000
3fc71000
3f81b000
3fc71000
3f81b000
3fc71000
3f81b000
3fc71000
3f81b000
3fc71000
3f81b000
3fc71000
3f81b000
3fc71000
3f81b000
3fc7b000
3f81b000
3fc7b000
3f81b000
3fc7b000
3f81b000
3fc7b000
3f81b000
3fc7b000
3f81b000
3fc7b000
3f81b000
3fc7b000
3f81b000
3fc7b000
3f81b000
3fc7b000
3f81b000
3fc7b000
3f81b000
3fc7b000
3f81b000
3fc7b000
3f81b000
3fc7b000
3f81b000
3fc7b000
3f81b000
3fc7b000
3f81b000
3fc7b000
3f81b000
3fc85000
3f81b000
3fc85000
3f81b000
3fc85000
3f81b000
3fc85000
3f81b000
3fc85000
3f81b000
3fc85000
3f81b000
3fc85000
3f81b000
3fc85000
3f81b000
3fc85000
3f81b000
3fc85000
3f81b000
3fc85000
3f81b000
3fc85000
3f81b000
3fc85000
3f81b000
3fc85000
3f81b000
3fc85000
3f81b000
3fc85000
3f81b000
3fc8f000
3f81b000
3fc8f000
3f81b000
3fc8f000
3f81b000
3fc8f000
3f81b000
3fc8f000
3f81b000
3fc8f000
3f81b000
3fc8f000
3f81b000
3fc8f000
3f81b000
3fc8f000
3f81b000
3fc8f000
3f81b000
3fc8f000
3f81b000
3fc8f000
3f81b000
3fc8f000
3f81b000
3fc8f000
3f81b000
3fc8f000
3f81b000
3fc8f000
3f81b000
3fc8f000
3f81b000
3fc99000
3f81b000
3fc99000
3f81b000
3fc99000
3f81b000
3fc99000
3f81b000
3fc99000
3f81b000
3fc99000
3f81b000
3fc99000
3f81b000
3fc99000
3f81b000
3fc99000
3f81b000
3fc99000
3f81b000
3fc99000
3f81b000
3fc99000
3f81b000
3fc99000
3f81b000
3fc99000
3f81b000
3fc99000
3f81b000
3fc99000
3f81b000
3fca3000
3f81b000
3fca3000
3f81b000
3fca3000
3f81b000
3fca3000
3f81b000
3fca3000
3f81b000
3fca3000
3f81b000
3fca3000
3f81b000
3fca3000
3f81b000
3fca3000
3f81b000
3fca3000
3f81b000
3fca3000
3f81b000
3fca3000
3f81b000
3fca3000
3f81b000
3fca3000
3f81b000
3fca3000
3f81b000
3fca3000
3f81b000
3fca3000
3f81b000
3fcad000
3f81b000
3fcad000
3f81b000
3fcad000
3f81b000
3fcad000
3f81b000
3fcad000
3f81b000
3fcad000
3f81b000
3fcad000
3f81b000
3fcad000
3f81b000
3fcad000
3f81b000
3fcad000
3f81b000
3fcad000
3f81b000
3fcad000
3f81b000
3fcad000
3f81b000
3fcad000
3f81b000
3fcad000
3f81b000
3fcad000
3f81b000
3fcb7000
3f81b000
3fcb7000
3f81b000
3fcb7000
3f81b000
3fcb7000
3f81b000
3fcb7000
3f81b000
3fcb7000
3f81b000
3fcb7000
3f81b000
3fcb7000
3f81b000
3fcb7000
3f81b000
3fcb7000
3f81b000
3fcb7000
3f81b000
3fcb7000
3f81b000
3fcb7000
3f81b000
3fcb7000
3f81b000
3fcb7000
3f81b000
3fcb7000
3f81b000
3fcb7000
3f81b000
3fcc1000
3f81b000
3fcc1000
3f81b000
3fcc1000
3f81b000
3fcc1000
3f81b000
3fcc1000
3f81b000
3fcc1000
3f81b000
3fcc1000
3f81b000
3fcc1000
3f81b000
3fcc1000
3f81b000
3fcc1000
3f81b000
3fcc1000
3f81b000
3fcc1000
3f81b000
3fcc1000
3f81b000
3fcc1000
3f81b000
3fcc1000
3f81b000
3fcc1000
3f81b000
3fccb000
3f81b000
3fccb000
3f81b000
3fccb000
3f81b000
3fccb000
3f81b000
3fccb000
3f81b000
3fccb000
3f81b000
3fccb000
3f81b000
3fccb000
3f81b000
3fccb000
3f81b000
3fccb000
3f81b000
3fccb000
3f81b000
3fccb000
3f81b000
3fccb000
3f81b000
3fccb000
3f81b000
3fccb000
3f81b000
3fccb000
3f81b000
3fcd5000
3f81b000
3fcd5000
3f81b000
3fcd5000
3f81b000
3fcd5000
3f81b000
3fcd5000
3f81b000
3fcd5000
3f81b000
3fcd5000
3f81b000
3fcd5000
3f81b000
3fcd5000
3f81b000
3fcd5000
3f81b000
3fcd5000
3f81b000
3fcd5000
3f81b000
3fcd5000
3f81b000
3fcd5000
3f81b000
3fcd5000
3f81b000
3fcd5000
3f81b000
3fcd5000
3f81b000
3fcdf000
3f81b000
3fcdf000
3f81b000
3fcdf000
3f81b000
3fcdf000
3f81b000
3fcdf000
3f81b000
3fcdf000
3f81b000
3fcdf000
3f81b000
3fcdf000
3f81b000
3fcdf000
3f81b000
3fcdf000
3f81b000
3fcdf000
3f81b000
3fcdf000
3f81b000
3fcdf000
3f81b000
3fcdf000
3f81b000
3fcdf000
3f81b000
3fcdf000
3f81b000
3fce9000
3f81b000
3fce9000
3f81b000
3fce9000
3f81b000
3fce9000
3f81b000
3fce9000
3f81b000
3fce9000
3f81b000
3fce9000
3f81b000
3fce9000
3f81b000
3fce9000
3f81b000
3fce9000
3f81b000
3fce9000
3f81b000
3fce9000
3f81b000
3fce9000
3f81b000
3fce9000
3f81b000
3fce9000
3f81b000
3fce9000
3f81b000
3fce9000
3f81b000
3fcf3000
3f81b000
3fcf3000
3f81b000
3fcf3000
3f81b000
3fcf3000
3f81b000
3fcf3000
3f81b000
3fcf3000
3f81b000
3fcf3000
3f81b000
3fcf3000
3f81b000
3fcf3000
3f81b000
3fcf3000
3f81b000
3fcf3000
3f81b000
3fcf3000
3f81b000
3fcf3000
3f81b000
3fcf3000
3f81b000
3fcf3000
3f81b000
3fcf3000
3f81b000
3fcfd000
3f81b000
3fcfd000
3f81b000
3fcfd000
3f81b000
3fcfd000
3f81b000
3fcfd000
3f81b000
3fcfd000
3f81b000
3fcfd000
3f81b000
3fcfd000
3f81b000
3fcfd000
3f81b000
3fcfd000
3f81b000
3fcfd000
3f81b000
3fcfd000
3f81b000
3fcfd000
3f81b000
3fcfd000
3f81b000
3fcfd000
3f81b000
3fcfd000
3f81b000
3fcfd000
3f81b000
3fd07000
3f81b000
3fd07000
3f81b000
3fd07000
3f81b000
3fd07000
3f81b000
3fd07000
3f81b000
3fd07000
3f81b000
3fd07000
3f81b000
3fd07000
3f81b000
3fd07000
3f81b000
3fd07000
3f81b000
3fd07000
3f81b000
3fd07000
3f81b000
3fd07000
3f81b000
3fd07000
3f81b000
3fd07000
3f81b000
3fd07000
3f81b000
3fd11000
3f81b000
3fd11000
3f81b000
3fd11000
3f81b000
3fd11000
3f81b000
3fd11000
3f81b000
3fd11000
3f81b000
3fd11000
3f81b000
3fd11000
3f81b000
3fd11000
3f81b000
3fd11000
3f81b000
3fd11000
3f81b000
3fd11000
3f81b000
3fd11000
3f81b000
3fd11000
3f81b000
3fd11000
3f81b000
3fd11000
3f81b000
3fd1b000
3f81b000
3fd1b000
3f81b000
3fd1b000
3f81b000
3fd1b000
3f81b000
3fd1b000
3f81b000
3fd1b000
3f81b000
3fd1b000
3f81b000
3fd1b000
3f81b000
3fd1b000
3f81b000
3fd1b000
3f81b000
3fd1b000
3f81b000
3fd1b000
3f81b000
3fd1b000
3f81b000
3fd1b000
3f81b000
3fd1b000
3f81b000
3fd1b000
3f81b000
3fd1b000
3f81b000
3fd25000
3f81b000
3fd25000
3f81b000
3fd25000
3f81b000
3fd25000
3f81b000
3fd25000
3f81b000
3fd25000
3f81b000
3fd25000
3f81b000
3fd25000
3f81b000
3fd25000
3f81b000
3fd25000
3f81b000
3fd25000
3f81b000
3fd25000
3f81b000
3fd25000
3f81b000
3fd25000
3f81b000
3fd25000
3f81b000
3fd25000
3f81b000
3fd2f000
3f81b000
3fd2f000
3f81b000
3fd2f000
3f81b000
3fd2f000
3f81b000
3fd2f000
3f81b000
3fd2f000
3f81b000
3fd2f000
3f81b000
3fd2f000
3f81b000
3fd2f000
3f81b000
3fd2f000
3f81b000
3fd2f000
3f81b000
3fd2f000
3f81b000
3fd2f000
3f81b000
3fd2f000
3f81b000
3fd2f000
3f81b000
3fd2f000
3f81b000
3fd2f000
3f81b000
3fd39000
3f81b000
3fd39000
3f81b000
3fd39000
3f81b000
3fd39000
3f81b000
3fd39000
3f81b000
3fd39000
3f81b000
3fd39000
3f81b000
3fd39000
3f81b000
3fd39000
3f81b000
3fd39000
3f81b000
3fd39000
3f81b000
3fd39000
3f81b000
3fd39000
3f81b000
3fd39000
3f81b000
3fd39000
3f81b000
3fd39000
3f81b000
3fd43000
3f81b000
3fd43000
3f81b000
3fd43000
3f81b000
3fd43000
3f81b000
3fd43000
3f81b000
3fd43000
3f81b000
3fd43000
3f81b000
3fd43000
3f81b000
3fd43000
3f81b000
3fd43000
3f81b000
3fd43000
3f81b000
3fd43000
3f81b000
3fd43000
3f81b000
3fd43000
3f81b000
3fd43000
3f81b000
3fd43000
3f81b000
3fd43000
3f81b000
3fd4d000
3f81b000
3fd4d000
3f81b000
3fd4d000
3f81b000
3fd4d000
3f81b000
3fd4d000
3f81b000
3fd4d000
3f81b000
3fd4d000
3f81b000
3fd4d000
3f81b000
3fd4d000
3f81b000
3fd4d000
3f81b000
3fd4d000
3f81b000
3fd4d000
3f81b000
3fd4d000
3f81b000
3fd4d000
3f81b000
3fd4d000
3f81b000
3fd4d000
3f81b000
3fd57000
3f81b000
3fd57000
3f81b000
3fd57000
3f81b000
3fd57000
3f81b000
3fd57000
3f81b000
3fd57000
3f81b000
3fd57000
3f81b000
3fd57000
3f81b000
3fd57000
3f81b000
3fd57000
3f81b000
3fd57000
3f81b000
3fd57000
3f81b000
3fd57000
3f81b000
3fd57000
3f81b000
3fd57000
3f81b000
3fd57000
3f81b000
3fd61000
3f81b000
3fd61000
3f81b000
3fd61000
3f81b000
3fd61000
3f81b000
3fd61000
3f81b000
3fd61000
3f81b000
3fd61000
3f81b000
3fd61000
3f81b000
3fd61000
3f81b000
3fd61000
3f81b000
3fd61000
3f81b000
3fd61000
3f81b000
3fd61000
3f81b000
3fd61000
3f81b000
3fd61000
3f81b000
3fd61000
3f81b000
3fd61000
3f81b000
3fd6b000
3f81b000
3fd6b000
3f81b000
3fd6b000
3f81b000
3fd6b000
3f81b000
3fd6b000
3f81b000
3fd6b000
3f81b000
3fd6b000
3f81b000
3fd6b000
3f81b000
3fd6b000
3f81b000
3fd6b000
3f81b000
3fd6b000
3f81b000
3fd6b000
3f81b000
3fd6b000
3f81b000
3fd6b000
3f81b000
3fd6b000
3f81b000
3fd6b000
3f81b000
3fd75000
3f81b000
3fd75000
3f81b000
3fd75000
3f81b000
3fd75000
3f81b000
3fd75000
3f81b000
3fd75000
3f81b000
3fd75000
3f81b000
3fd75000
3f81b000
3fd75000
3f81b000
3fd75000
3f81b000
3fd75000
3f81b000
3fd75000
3f81b000
3fd75000
3f81b000
3fd75000
3f81b000
3fd75000
3f81b000
3fd75000
3f81b000
3fd75000
3f81b000
3fd7f000
3f81b000
3fd7f000
3f81b000
3fd7f000
3f81b000
3fd7f000
3f81b000
3fd7f000
3f81b000
3fd7f000
3f81b000
3fd7f000
3f81b000
3fd7f000
3f81b000
3fd7f000
3f81b000
3fd7f000
3f81b000
3fd7f000
3f81b000
3fd7f000
3f81b000
3fd7f000
3f81b000
3fd7f000
3f81b000
3fd7f000
3f81b000
3fd7f000
3f81b000
3fd89000
3f81b000
3fd89000
3f81b000
3fd89000
3f81b000
3fd89000
3f81b000
3fd89000
3f81b000
3fd89000
3f81b000
3fd89000
3f81b000
3fd89000
3f81b000
3fd89000
3f81b000
3fd89000
3f81b000
3fd89000
3f81b000
3fd89000
3f81b000
3fd89000
3f81b000
3fd89000
3f81b000
3fd89000
3f81b000
3fd89000
3f81b000
3fd89000
3f81b000
3fd93000
3f81b000
3fd93000
3f81b000
3fd93000
3f81b000
3fd93000
3f81b000
3fd93000
3f81b000
3fd93000
3f81b000
3fd93000
3f81b000
3fd93000
3f81b000
3fd93000
3f81b000
3fd93000
3f81b000
3fd93000
3f81b000
3fd93000
3f81b000
3fd93000
3f81b000
3fd93000
3f81b000
3fd93000
3f81b000
3fd93000
3f81b000
3fd9d000
3f81b000
3fd9d000
3f81b000
3fd9d000
3f81b000
3fd9d000
3f81b000
3fd9d000
3f81b000
3fd9d000
3f81b000
3fd9d000
3f81b000
3fd9d000
3f81b000
3fd9d000
3f81b000
3fd9d000
3f81b000
3fd9d000
3f81b000
3fd9d000
3f81b000
3fd9d000
3f81b000
3fd9d000
3f81b000
3fd9d000
3f81b000
3fd9d000
3f81b000
3fd9d000
3f81b000
3fda7000
3f81b000
3fda7000
3f81b000
3fda7000
3f81b000
3fda7000
3f81b000
3fda7000
3f81b000
3fda7000
3f81b000
3fda7000
3f81b000
3fda7000
3f81b000
3fda7000
3f81b000
3fda7000
3f81b000
3fda7000
3f81b000
3fda7000
3f81b000
3fda7000
3f81b000
3fda7000
3f81b000
3fda7000
3f81b000
3fda7000
3f81b000
3fdb1000
3f81b000
3fdb1000
3f81b000
3fdb1000
3f81b000
3fdb1000
3f81b000
3fdb1000
3f81b000
3fdb1000
3f81b000
3fdb1000
3f81b000
3fdb1000
3f81b000
3fdb1000
3f81b000
3fdb1000
3f81b000
3fdb1000
3f81b000
3fdb1000
3f81b000
3fdb1000
3f81b000
3fdb1000
3f81b000
3fdb1000
3f81b000
3fdb1000
3f81b000
3fdbb000
3f81b000
3fdbb000
3f81b000
3fdbb000
3f81b000
3fdbb000
3f81b000
3fdbb000
3f81b000
3fdbb000
3f81b000
3fdbb000
3f81b000
3fdbb000
3f81b000
3fdbb000
3f81b000
3fdbb000
3f81b000
3fdbb000
3f81b000
3fdbb000
3f81b000
3fdbb000
3f81b000
3fdbb000
3f81b000
3fdbb000
3f81b000
3fdbb000
3f81b000
3fdbb000
3f81b000
3fdc5000
3f81b000
3fdc5000
3f81b000
3fdc5000
3f81b000
3fdc5000
3f81b000
3fdc5000
3f81b000
3fdc5000
3f81b000
3fdc5000
3f81b000
3fdc5000
3f81b000
3fdc5000
3f81b000
3fdc5000
3f81b000
3fdc5000
3f81b000
3fdc5000
3f81b000
3fdc5000
3f81b000
3fdc5000
3f81b000
3fdc5000
3f81b000
3fdc5000
3f81b000
3fdcf000
3f81b000
3fdcf000
3f81b000
3fdcf000
3f81b000
3fdcf000
3f81b000
3fdcf000
3f81b000
3fdcf000
3f81b000
3fdcf000
3f81b000
3fdcf000
3f81b000
3fdcf000
3f81b000
3fdcf000
3f81b000
3fdcf000
3f81b000
3fdcf000
3f81b000
3fdcf000
3f81b000
3fdcf000
3f81b000
3fdcf000
3f81b000
3fdcf000
3f81b000
3fdcf000
3f81b000
3fdd9000
3f81b000
3fdd9000
3f81b000
3fdd9000
3f81b000
3fdd9000
3f81b000
3fdd9000
3f81b000
3fdd9000
3f81b000
3fdd9000
3f81b000
3fdd9000
3f81b000
3fdd9000
3f81b000
3fdd9000
3f81b000
3fdd9000
3f81b000
3fdd9000
3f81b000
3fdd9000
3f81b000
3fdd9000
3f81b000
3fdd9000
3f81b000
3fdd9000
3f81b000
3fde3000
3f81b000
3fde3000
3f81b000
3fde3000
3f81b000
3fde3000
3f81b000
3fde3000
3f81b000
3fde3000
3f81b000
3fde3000
3f81b000
3fde3000
3f81b000
3fde3000
3f81b000
3fde3000
3f81b000
3fde3000
3f81b000
3fde3000
3f81b000
3fde3000
3f81b000
3fde3000
3f81b000
3fde3000
3f81b000
3fde3000
3f81b000
3fde3000
3f81b000
3fded000
3f81b000
3fded000
3f81b000
3fded000
3f81b000
3fded000
3f81b000
3fded000
3f81b000
3fded000
3f81b000
3fded000
3f81b000
3fded000
3f81b000
3fded000
3f81b000
3fded000
3f81b000
3fded000
3f81b000
3fded000
3f81b000
3fded000
3f81b000
3fded000
3f81b000
3fded000
3f81b000
3fded000
3f81b000
3fdf7000
3f81b000
3fdf7000
3f81b000
3fdf7000
3f81b000
3fdf7000
3f81b000
3fdf7000
3f81b000
3fdf7000
3f81b000
3fdf7000
3f81b000
3fdf7000
3f81b000
3fdf7000
3f81b000
3fdf7000
3f81b000
3fdf7000
3f81b000
3fdf7000
3f81b000
3fdf7000
3f81b000
3fdf7000
3f81b000
3fdf7000
3f81b000
3fdf7000
3f81b000
3fe01000
3f81b000
3fe01000
3f81b000
3fe01000
3f81b000
3fe01000
3f81b000
3fe01000
3f81b000
3fe01000
3f81b000
3fe01000
3f81b000
3fe01000
3f81b000
3fe01000
3f81b000
3fe01000
3f81b000
3fe01000
3f81b000
3fe01000
3f81b000
3fe01000
3f81b000
3fe01000
3f81b000
3fe01000
3f81b000
3fe01000
3f81b000
3fe01000
3f81b000
3fe0b000
3f81b000
3fe0b000
3f81b000
3fe0b000
3f81b000
3fe0b000
3f81b000
3fe0b000
3f81b000
3fe0b000
3f81b000
3fe0b000
3f81b000
3fe0b000
3f81b000
3fe0b000
3f81b000
3fe0b000
3f81b000
3fe0b000
3f81b000
3fe0b000
3f81b000
3fe0b000
3f81b000
3fe0b000
3f81b000
3fe0b000
3f81b000
3fe0b000
3f81b000
3fe15000
3f81b000
3fe15000
3f81b000
3fe15000
3f81b000
3fe15000
3f81b000
3fe15000
3f81b000
3fe15000
3f81b000
3fe15000
3f81b000
3fe15000
3f81b000
3fe15000
3f81b000
3fe15000
3f81b000
3fe15000
3f81b000
3fe15000
3f81b000
3fe15000
3f81b000
3fe15000
3f81b000
3fe15000
3f81b000
3fe15000
3f81b000
3fe15000
3f81b000
3fe1f000
3f81b000
3fe1f000
3f81b000
3fe1f000
3f81b000
3fe1f000
3f81b000
3fe1f000
3f81b000
3fe1f000
3f81b000
3fe1f000
3f81b000
3fe1f000
3f81b000
3fe1f000
3f81b000
3fe1f000
3f81b000
3fe1f000
3f81b000
3fe1f000
3f81b000
3fe1f000
3f81b000
3fe1f000
3f81b000
3fe1f000
3f81b000
3fe1f000
3f81b000
3fe29000
3f81b000
3fe29000
3f81b000
3fe29000
3f81b000
3fe29000
3f81b000
3fe29000
3f81b000
3fe29000
3f81b000
3fe29000
3f81b000
3fe29000
3f81b000
3fe29000
3f81b000
3fe29000
3f81b000
3fe29000
3f81b000
3fe29000
3f81b000
3fe29000
3f81b000
3fe29000
3f81b000
3fe29000
3f81b000
3fe29000
3f81b000
3fe29000
3f81b000
3fe33000
3f81b000
3fe33000
3f81b000
3fe33000
3f81b000
3fe33000
3f81b000
3fe33000
3f81b000
3fe33000
3f81b000
3fe33000
3f81b000
3fe33000
3f81b000
3fe33000
3f81b000
3fe33000
3f81b000
3fe33000
3f81b000
3fe33000
3f81b000
3fe33000
3f81b000
3fe33000
3f81b000
3fe33000
3f81b000
3fe33000
3f81b000
3fe3d000
3f81b000
3fe3d000
3f81b000
3fe3d000
3f81b000
3fe3d000
3f81b000
3fe3d000
3f81b000
3fe3d000
3f81b000
3fe3d000
3f81b000
3fe3d000
3f81b000
3fe3d000
3f81b000
3fe3d000
3f81b000
3fe3d000
3f81b000
3fe3d000
3f81b000
3fe3d000
3f81b000
3fe3d000
3f81b000
3fe3d000
3f81b000
3fe3d000
3f81b000
3fe47000
3f81b000
3fe47000
3f81b000
3fe47000
3f81b000
3fe47000
3f81b000
3fe47000
3f81b000
3fe47000
3f81b000
3fe47000
3f81b000
3fe47000
3f81b000
3fe47000
3f81b000
3fe47000
3f81b000
3fe47000
3f81b000
3fe47000
3f81b000
3fe47000
3f81b000
3fe47000
3f81b000
3fe47000
3f81b000
3fe47000
3f81b000
3fe47000
3f81b000
3fe51000
3f81b000
3fe51000
3f81b000
3fe51000
3f81b000
3fe51000
3f81b000
3fe51000
3f81b000
3fe51000
3f81b000
3fe51000
3f81b000
3fe51000
3f81b000
3fe51000
3f81b000
3fe51000
3f81b000
3fe51000
3f81b000
3fe51000
3f81b000
3fe51000
3f81b000
3fe51000
3f81b000
3fe51000
3f81b000
3fe51000
3f81b000
3fe5b000
3f81b000
3fe5b000
3f81b000
3fe5b000
3f81b000
3fe5b000
3f81b000
3fe5b000
3f81b000
3fe5b000
3f81b000
3fe5b000
3f81b000
3fe5b000
3f81b000
3fe5b000
3f81b000
3fe5b000
3f81b000
3fe5b000
3f81b000
3fe5b000
3f81b000
3fe5b000
3f81b000
3fe5b000
3f81b000
3fe5b000
3f81b000
3fe5b000
3f81b000
3fe5b000
3f81b000
3fe65000
3f81b000
3fe65000
3f81b000
3fe65000
3f81b000
3fe65000
3f81b000
3fe65000
3f81b000
3fe65000
3f81b000
3fe65000
3f81b000
3fe65000
3f81b000
3fe65000
3f81b000
3fe65000
3f81b000
3fe65000
3f81b000
3fe65000
3f81b000
3fe65000
3f81b000
3fe65000
3f81b000
3fe65000
3f81b000
3fe65000
3f81b000
3fe6f000
3f81b000
3fe6f000
3f81b000
3fe6f000
3f81b000
3fe6f000
3f81b000
3fe6f000
3f81b000
3fe6f000
3f81b000
3fe6f000
3f81b000
3fe6f000
3f81b000
3fe6f000
3f81b000
3fe6f000
3f81b000
3fe6f000
3f81b000
3fe6f000
3f81b000
3fe6f000
3f81b000
3fe6f000
3f81b000
3fe6f000
3f81b000
3fe6f000
3f81b000
3fe6f000
3f81b000
3fe79000
3f81b000
3fe79000
3f81b000
3fe79000
3f81b000
3fe79000
3f81b000
3fe79000
3f81b000
3fe79000
3f81b000
3fe79000
3f81b000
3fe79000
3f81b000
3fe79000
3f81b000
3fe79000
3f81b000
3fe79000
3f81b000
3fe79000
3f81b000
3fe79000
3f81b000
3fe79000
3f81b000
3fe79000
3f81b000
3fe79000
3f81b000
3fe83000
3f81b000
3fe83000
3f81b000
3fe83000
3f81b000
3fe83000
3f81b000
3fe83000
3f81b000
3fe83000
3f81b000
3fe83000
3f81b000
3fe83000
3f81b000
3fe83000
3f81b000
3fe83000
3f81b000
3fe83000
3f81b000
3fe83000
3f81b000
3fe83000
3f81b000
3fe83000
3f81b000
3fe83000
3f81b000
3fe83000
3f81b000
3fe8d000
3f81b000
3fe8d000
3f81b000
3fe8d000
3f81b000
3fe8d000
3f81b000
3fe8d000
3f81b000
3fe8d000
3f81b000
3fe8d000
3f81b000
3fe8d000
3f81b000
3fe8d000
3f81b000
3fe8d000
3f81b000
3fe8d000
3f81b000
3fe8d000
3f81b000
3fe8d000
3f81b000
3fe8d000
3f81b000
3fe8d000
3f81b000
3fe8d000
3f81b000
3fe8d000
3f81b000
3fe97000
3f81b000
3fe97000
3f81b000
3fe97000
3f81b000
3fe97000
3f81b000
3fe97000
3f81b000
3fe97000
3f81b000
3fe97000
3f81b000
3fe97000
3f81b000
3fe97000
3f81b000
3fe97000
3f81b000
3fe97000
3f81b000
3fe97000
3f81b000
3fe97000
3f81b000
3fe97000
3f81b000
3fe97000
3f81b000
3fe97000
3f81b000
3fea1000
3f81b000
3fea1000
3f81b000
3fea1000
3f81b000
3fea1000
3f81b000
3fea1000
3f81b000
3fea1000
3f81b000
3fea1000
3f81b000
3fea1000
3f81b000
3fea1000
3f81b000
3fea1000
3f81b000
3fea1000
3f81b000
3fea1000
3f81b000
3fea1000
3f81b000
3fea1000
3f81b000
3fea1000
3f81b000
3fea1000
3f81b000
3fea1000
3f81b000
3feab000
3f81b000
3feab000
3f81b000
3feab000
3f81b000
3feab000
3f81b000
3feab000
3f81b000
3feab000
3f81b000
3feab000
3f81b000
3feab000
3f81b000
3feab000
3f81b000
3feab000
3f81b000
3feab000
3f81b000
3feab000
3f81b000
3feab000
3f81b000
3feab000
3f81b000
3feab000
3f81b000
3feab000
3f81b000
3feb5000
3f81b000
3feb5000
3f81b000
3feb5000
3f81b000
3feb5000
3f81b000
3feb5000
3f81b000
3feb5000
3f81b000
3feb5000
3f81b000
3feb5000
3f81b000
3feb5000
3f81b000
3feb5000
3f81b000
3feb5000
3f81b000
3feb5000
3f81b000
3feb5000
3f81b000
3feb5000
3f81b000
3feb5000
3f81b000
3feb5000
3f81b000
3feb5000
3f81b000
3febf000
3f81b000
3febf000
3f81b000
3febf000
3f81b000
3febf000
3f81b000
3febf000
3f81b000
3febf000
3f81b000
3febf000
3f81b000
3febf000
3f81b000
3febf000
3f81b000
3febf000
3f81b000
3febf000
3f81b000
3febf000
3f81b000
3febf000
3f81b000
3febf000
3f81b000
3febf000
3f81b000
3febf000
3f81b000
3fec9000
3f81b000
3fec9000
3f81b000
3fec9000
3f81b000
3fec9000
3f81b000
3fec9000
3f81b000
3fec9000
3f81b000
3fec9000
3f81b000
3fec9000
3f81b000
3fec9000
3f81b000
3fec9000
3f81b000
3fec9000
3f81b000
3fec9000
3f81b000
3fec9000
3f81b000
3fec9000
3f81b000
3fec9000
3f81b000
3fec9000
3f81b000
3fec9000
3f81b000
3fed3000
3f81b000
3fed3000
3f81b000
3fed3000
3f81b000
3fed3000
3f81b000
3fed3000
3f81b000
3fed3000
3f81b000
3fed3000
3f81b000
3fed3000
3f81b000
3fed3000
3f81b000
3fed3000
3f81b000
3fed3000
3f81b000
3fed3000
3f81b000
3fed3000
3f81b000
3fed3000
3f81b000
3fed3000
3f81b000
3fed3000
3f81b000
3fedd000
3f81b000
3fedd000
3f81b000
3fedd000
3f81b000
3fedd000
3f81b000
3fedd000
3f81b000
3fedd000
3f81b000
3fedd000
3f81b000
3fedd000
3f81b000
3fedd000
3f81b000
3fedd000
3f81b000
3fedd000
3f81b000
3fedd000
3f81b000
3fedd000
3f81b000
3fedd000
3f81b000
3fedd000
3f81b000
3fedd000
3f81b000
3fee7000
3f81b000
3fee7000
3f81b000
3fee7000
3f81b000
3fee7000
3f81b000
3fee7000
3f81b000
3fee7000
3f81b000
3fee7000
3f81b000
3fee7000
3f81b000
3fee7000
3f81b000
3fee7000
3f81b000
3fee7000
3f81b000
3fee7000
3f81b000
3fee7000
3f81b000
3fee7000
3f81b000
3fee7000
3f81b000
3fee7000
3f81b000
3fee7000
3f81b000
3fef1000
3f81b000
3fef1000
3f81b000
3fef1000
3f81b000
3fef1000
3f81b000
3fef1000
3f81b000
3fef1000
3f81b000
3fef1000
3f81b000
3fef1000
3f81b000
3fef1000
3f81b000
3fef1000
3f81b000
3fef1000
3f81b000
3fef1000
3f81b000
3fef1000
3f81b000
3fef1000
3f81b000
3fef1000
3f81b000
3fef1000
3f81b000
3fefb000
3f81b000
3fefb000
3f81b000
3fefb000
3f81b000
3fefb000
3f81b000
3fefb000
3f81b000
3fefb000
3f81b000
3fefb000
3f81b000
3fefb000
3f81b000
3fefb000
3f81b000
3fefb000
3f81b000
3fefb000
3f81b000
3fefb000
3f81b000
3fefb000
3f81b000
3fefb000
3f81b000
3fefb000
3f81b000
3fefb000
3f81b000
3fefb000
3f81b000
3ff05000
3f81b000
3ff05000
3f81b000
3ff05000
3f81b000
3ff05000
3f81b000
3ff05000
3f81b000
3ff05000
3f81b000
3ff05000
3f81b000
3ff05000
3f81b000
3ff05000
3f81b000
3ff05000
3f81b000
3ff05000
3f81b000
3ff05000
3f81b000
3ff05000
3f81b000
3ff05000
3f81b000
3ff05000
3f81b000
3ff05000
3f81b000
3ff0f000
3f81b000
3ff0f000
3f81b000
3ff0f000
3f81b000
3ff0f000
3f81b000
3ff0f000
3f81b000
3ff0f000
3f81b000
3ff0f000
3f81b000
3ff0f000
3f81b000
3ff0f000
3f81b000
3ff0f000
3f81b000
3ff0f000
3f81b000
3ff0f000
3f81b000
3ff0f000
3f81b000
3ff0f000
3f81b000
3ff0f000
3f81b000
3ff0f000
3f81b000
3ff0f000
3f81b000
3ff19000
3f81b000
3ff19000
3f81b000
3ff19000
3f81b000
3ff19000
3f81b000
3ff19000
3f81b000
3ff19000
3f81b000
3ff19000
3f81b000
3ff19000
3f81b000
3ff19000
3f81b000
3ff19000
3f81b000
3ff19000
3f81b000
3ff19000
3f81b000
3ff19000
3f81b000
3ff19000
3f81b000
3ff19000
3f81b000
3ff19000
3f81b000
3ff23000
3f81b000
3ff23000
3f81b000
3ff23000
3f81b000
3ff23000
3f81b000
3ff23000
3f81b000
3ff23000
3f81b000
3ff23000
3f81b000
3ff23000
3f81b000
3ff23000
3f81b000
3ff23000
3f81b000
3ff23000
3f81b000
3ff23000
3f81b000
3ff23000
3f81b000
3ff23000
3f81b000
3ff23000
3f81b000
3ff23000
3f81b000
3ff2d000
3f81b000
3ff2d000
3f81b000
3ff2d000
3f81b000
3ff2d000
3f81b000
3ff2d000
3f81b000
3ff2d000
3f81b000
3ff2d000
3f81b000
3ff2d000
3f81b000
3ff2d000
3f81b000
3ff2d000
3f81b000
3ff2d000
3f81b000
3ff2d000
3f81b000
3ff2d000
3f81b000
3ff2d000
3f81b000
3ff2d000
3f81b000
3ff2d000
3f81b000
3ff2d000
3f81b000
3ff37000
3f81b000
3ff37000
3f81b000
3ff37000
3f81b000
3ff37000
3f81b000
3ff37000
3f81b000
3ff37000
3f81b000
3ff37000
3f81b000
3ff37000
3f81b000
3ff37000
3f81b000
3ff37000
3f81b000
3ff37000
3f81b000
3ff37000
3f81b000
3ff37000
3f81b000
3ff37000
3f81b000
3ff37000
3f81b000
3ff37000
3f81b000
3ff41000
3f81b000
3ff41000
3f81b000
3ff41000
3f81b000
3ff41000
3f81b000
3ff41000
3f81b000
3ff41000
3f81b000
3ff41000
3f81b000
3ff41000
3f81b000
3ff41000
3f81b000
3ff41000
3f81b000
3ff41000
3f81b000
3ff41000
3f81b000
3ff41000
3f81b000
3ff41000
3f81b000
3ff41000
3f81b000
3ff41000
3f81b000
3ff41000
3f81b000
3ff4b000
3f81b000
3ff4b000
3f81b000
3ff4b000
3f81b000
3ff4b000
3f81b000
3ff4b000
3f81b000
3ff4b000
3f81b000
3ff4b000
3f81b000
3ff4b000
3f81b000
3ff4b000
3f81b000
3ff4b000
3f81b000
3ff4b000
3f81b000
3ff4b000
3f81b000
3ff4b000
3f81b000
3ff4b000
3f81b000
3ff4b000
3f81b000
3ff4b000
3f81b000
3ff55000
3f81b000
3ff55000
3f81b000
3ff55000
3f81b000
3ff55000
3f81b000
3ff55000
3f81b000
3ff55000
3f81b000
3ff55000
3f81b000
3ff55000
3f81b000
3ff55000
3f81b000
3ff55000
3f81b000
3ff55000
3f81b000
3ff55000
3f81b000
3ff55000
3f81b000
3ff55000
3f81b000
3ff55000
3f81b000
3ff55000
3f81b000
3ff55000
3f81b000
3ff5f000
3f81b000
3ff5f000
3f81b000
3ff5f000
3f81b000
3ff5f000
3f81b000
3ff5f000
3f81b000
3ff5f000
3f81b000
3ff5f000
3f81b000
3ff5f000
3f81b000
3ff5f000
3f81b000
3ff5f000
3f81b000
3ff5f000
3f81b000
3ff5f000
3f81b000
3ff5f000
3f81b000
3ff5f000
3f81b000
3ff5f000
3f81b000
3ff5f000
3f81b000
3ff69000
3f81b000
3ff69000
3f81b000
3ff69000
3f81b000
3ff69000
3f81b000
3ff69000
3f81b000
3ff69000
3f81b000
3ff69000
3f81b000
3ff69000
3f81b000
3ff69000
3f81b000
3ff69000
3f81b000
3ff69000
3f81b000
3ff69000
3f81b000
3ff69000
3f81b000
3ff69000
3f81b000
3ff69000
3f81b000
3ff69000
3f81b000
3ff73000
3f81b000
3ff73000
3f81b000
3ff73000
3f81b000
3ff73000
3f81b000
3ff73000
3f81b000
3ff73000
3f81b000
3ff73000
3f81b000
3ff73000
3f81b000
3ff73000
3f81b000
3ff73000
3f81b000
3ff73000
3f81b000
3ff73000
3f81b000
3ff73000
3f81b000
3ff73000
3f81b000
3ff73000
3f81b000
3ff73000
3f81b000
3ff73000
3f81b000
3ff7d000
3f81b000
3ff7d000
3f81b000
3ff7d000
3f81b000
3ff7d000
3f81b000
3ff7d000
3f81b000
3ff7d000
3f81b000
3ff7d000
3f81b000
3ff7d000
3f81b000
3ff7d000
3f81b000
3ff7d000
3f81b000
3ff7d000
3f81b000
3ff7d000
3f81b000
3ff7d000
3f81b000
3ff7d000
3f81b000
3ff7d000
3f81b000
3ff7d000
3f81b000
3ff87000
3f81b000
3ff87000
3f81b000
3ff87000
3f81b000
3ff87000
3f81b000
3ff87000
3f81b000
3ff87000
3f81b000
3ff87000
3f81b000
3ff87000
3f81b000
3ff87000
3f81b000
3ff87000
3f81b000
3ff87000
3f81b000
3ff87000
3f81b000
3ff87000
3f81b000
3ff87000
3f81b000
3ff87000
3f81b000
3ff87000
3f81b000
3ff87000
3f81b000
3ff91000
3f81b000
3ff91000
3f81b000
3ff91000
3f81b000
3ff91000
3f81b000
3ff91000
3f81b000
3ff91000
3f81b000
3ff91000
3f81b000
3ff91000
3f81b000
3ff91000
3f81b000
3ff91000
3f81b000
3ff91000
3f81b000
3ff91000
3f81b000
3ff91000
3f81b000
3ff91000
3f81b000
3ff91000
3f81b000
3ff91000
3f81b000
3ff9b000
3f81b000
3ff9b000
3f81b000
3ff9b000
3f81b000
3ff9b000
3f81b000
3ff9b000
3f81b000
3ff9b000
3f81b000
3ff9b000
3f81b000
3ff9b000
3f81b000
3ff9b000
3f81b000
3ff9b000
3f81b000
3ff9b000
3f81b000
3ff9b000
3f81b000
3ff9b000
3f81b000
3ff9b000
3f81b000
3ff9b000
3f81b000
3ff9b000
3f81b000
3ff9b000
3f81b000
3ffa5000
3f81b000
3ffa5000
3f81b000
3ffa5000
3f81b000
3ffa5000
3f81b000
3ffa5000
3f81b000
3ffa5000
3f81b000
3ffa5000
3f81b000
3ffa5000
3f81b000
3ffa5000
3f81b000
3ffa5000
3f81b000
3ffa5000
3f81b000
3ffa5000
3f81b000
3ffa5000
3f81b000
3ffa5000
3f81b000
3ffa5000
3f81b000
3ffa5000
3f81b000
3ffaf000
3f81b000
3ffaf000
3f81b000
3ffaf000
3f81b000
3ffaf000
3f81b000
3ffaf000
3f81b000
3ffaf000
3f81b000
3ffaf000
3f81b000
3ffaf000
3f81b000
3ffaf000
3f81b000
3ffaf000
3f81b000
3ffaf000
3f81b000
3ffaf000
3f81b000
3ffaf000
3f81b000
3ffaf000
3f81b000
3ffaf000
3f81b000
3ffaf000
3f81b000
3ffb9000
3f81b000
3ffb9000
3f81b000
3ffb9000
3f81b000
3ffb9000
3f81b000
3ffb9000
3f81b000
3ffb9000
3f81b000
3ffb9000
3f81b000
3ffb9000
3f81b000
3ffb9000
3f81b000
3ffb9000
3f81b000
3ffb9000
3f81b000
3ffb9000
3f81b000
3ffb9000
3f81b000
3ffb9000
3f81b000
3ffb9000
3f81b000
3ffb9000
3f81b000
3ffb9000
3f81b000
3ffc3000
3f81b000
3ffc3000
3f81b000
3ffc3000
3f81b000
3ffc3000
3f81b000
3ffc3000
3f81b000
3ffc3000
3f81b000
3ffc3000
3f81b000
3ffc3000
3f81b000
3ffc3000
3f81b000
3ffc3000
3f81b000
3ffc3000
3f81b000
3ffc3000
3f81b000
3ffc3000
3f81b000
3ffc3000
3f81b000
3ffc3000
3f81b000
3ffc3000
3f81b000
3ffcd000
3f81b000
3ffcd000
3f81b000
3ffcd000
3f81b000
3ffcd000
3f81b000
3ffcd000
3f81b000
3ffcd000
3f81b000
3ffcd000
3f81b000
3ffcd000
3f81b000
3ffcd000
3f81b000
3ffcd000
3f81b000
3ffcd000
3f81b000
3ffcd000
3f81b000
3ffcd000
3f81b000
3ffcd000
3f81b000
3ffcd000
3f81b000
3ffcd000
3f81b000
3ffcd000
3f81b000
3ffd7000
3f81b000
3ffd7000
3f81b000
3ffd7000
3f81b000
3ffd7000
3f81b000
3ffd7000
3f81b000
3ffd7000
3f81b000
3ffd7000
3f81b000
3ffd7000
3f81b000
3ffd7000
3f81b000
3ffd7000
3f81b000
3ffd7000
3f81b000
3ffd7000
3f81b000
3ffd7000
3f81b000
3ffd7000
3f81b000
3ffd7000
3f81b000
3ffd7000
3f81b000
3ffe1000
3f81b000
3ffe1000
3f81b000
3ffe1000
3f81b000
3ffe1000
3f81b000
3ffe1000
3f81b000
3ffe1000
3f81b000
3ffe1000
3f81b000
3ffe1000
3f81b000
3ffe1000
3f81b000
3ffe1000
3f81b000
3ffe1000
3f81b000
3ffe1000
3f81b000
3ffe1000
3f81b000
3ffe1000
3f81b000
3ffe1000
3f81b000
3ffe1000
3f81b000
3ffe1000
3f81b000
3ffeb000
3f81b000
3ffeb000
3f81b000
3ffeb000
3f81b000
3ffeb000
3f81b000
3ffeb000
3f81b000
3ffeb000
3f81b000
3ffeb000
3f81b000
3ffeb000
3f81b000
3ffeb000
3f81b000
3ffeb000
3f81b000
3ffeb000
3f81b000
3ffeb000
3f81b000
3ffeb000
3f81b000
3ffeb000
3f81b000
3ffeb000
3f81b000
3ffeb000
3f81b000
3fff5000
3f81b000
3fff5000
3f81b000
3fff5000
3f81b000
3fff5000
3f81b000
3fff5000
3f81b000
3fff5000
3f81b000
3fff5000
3f81b000
3fff5000
3f81b000
3fff5000
3f81b000
3fff5000
3f81b000
3fff5000
3f81b000
3fff5000
3f81b000
3fff5000
3f81b000
3fff5000
3f81b000
3fff5000
3f81b000
3fff5000
3f81b000
3fff5000
3f81b000
3ffff000
3f81b000
3ffff000
3f81b000
3ffff000
3f81b000
3ffff000
3f81b000
3ffff000
3f81b000
3ffff000
3f81b000
3ffff000
3f81b000
3ffff000
3f81b000
3ffff000
3f81b000
3ffff000
3f81b000
3ffff000
3f81b000
3ffff000
3f81b000
3ffff000
3f81b000
3ffff000
3f81b000
3ffff000
3f81b000
3ffff000
3f81b000
40004800
3f81b000
40004800
3f81b000
40004800
3f81b000
40004800
3f81b000
40004800
3f81b000
40004800
3f81b000
40004800
3f81b000
40004800
3f81b000
40004800
3f81b000
40004800
3f81b000
40004800
3f81b000
40004800
3f81b000
40004800
3f81b000
40004800
3f81b000
40004800
3f81b000
40004800
3f81b000
40009800
3f81b000
40009800
3f81b000
40009800
3f81b000
40009800
3f81b000
40009800
3f81b000
40009800
3f81b000
40009800
3f81b000
40009800
3f81b000
40009800
3f81b000
40009800
3f81b000
40009800
3f81b000
40009800
3f81b000
40009800
3f81b000
40009800
3f81b000
40009800
3f81b000
40009800
3f81b000
40009800
3f81b000
4000e800
3f81b000
4000e800
3f81b000
4000e800
3f81b000
4000e800
3f81b000
4000e800
3f81b000
4000e800
3f81b000
4000e800
3f81b000
4000e800
3f81b000
4000e800
3f81b000
4000e800
3f81b000
4000e800
3f81b000
4000e800
3f81b000
4000e800
3f81b000
4000e800
3f81b000
4000e800
3f81b000
4000e800
3f81b000
40013800
3f81b000
40013800
3f81b000
40013800
3f81b000
40013800
3f81b000
40013800
3f81b000
40013800
3f81b000
40013800
3f81b000
40013800
3f81b000
40013800
3f81b000
40013800
3f81b000
40013800
3f81b000
40013800
3f81b000
40013800
3f81b000
40013800
3f81b000
40013800
3f81b000
40013800
3f81b000
40013800
3f81b000
40018800
3f81b000
40018800
3f81b000
40018800
3f81b000
40018800
3f81b000
40018800
3f81b000
40018800
3f81b000
40018800
3f81b000
40018800
3f81b000
40018800
3f81b000
40018800
3f81b000
40018800
3f81b000
40018800
3f81b000
40018800
3f81b000
40018800
3f81b000
40018800
3f81b000
40018800
3f81b000
4001d800
3f81b000
4001d800
3f81b000
4001d800
3f81b000
4001d800
3f81b000
4001d800
3f81b000
4001d800
3f81b000
4001d800
3f81b000
4001d800
3f81b000
4001d800
3f81b000
4001d800
3f81b000
4001d800
3f81b000
4001d800
3f81b000
4001d800
3f81b000
4001d800
3f81b000
4001d800
3f81b000
4001d800
3f81b000
4001d800
3f81b000
40022800
3f81b000
40022800
3f81b000
40022800
3f81b000
40022800
3f81b000
40022800
3f81b000
40022800
3f81b000
40022800
3f81b000
40022800
3f81b000
40022800
3f81b000
40022800
3f81b000
40022800
3f81b000
40022800
3f81b000
40022800
3f81b000
40022800
3f81b000
40022800
3f81b000
40022800
3f81b000
40027800
3f81b000
40027800
3f81b000
40027800
3f81b000
40027800
3f81b000
40027800
3f81b000
40027800
3f81b000
40027800
3f81b000
40027800
3f81b000
40027800
3f81b000
40027800
3f81b000
40027800
3f81b000
40027800
3f81b000
40027800
3f81b000
40027800
3f81b000
40027800
3f81b000
40027800
3f81b000
4002c800
3f81b000
4002c800
3f81b000
4002c800
3f81b000
4002c800
3f81b000
4002c800
3f81b000
4002c800
3f81b000
4002c800
3f81b000
4002c800
3f81b000
4002c800
3f81b000
4002c800
3f81b000
4002c800
3f81b000
4002c800
3f81b000
4002c800
3f81b000
4002c800
3f81b000
4002c800
3f81b000
4002c800
3f81b000
4002c800
3f81b000
40031800
3f81b000
40031800
3f81b000
40031800
3f81b000
40031800
3f81b000
40031800
3f81b000
40031800
3f81b000
40031800
3f81b000
40031800
3f81b000
40031800
3f81b000
40031800
3f81b000
40031800
3f81b000
40031800
3f81b000
40031800
3f81b000
40031800
3f81b000
40031800
3f81b000
40031800
3f81b000
40036800
3f81b000
40036800
3f81b000
40036800
3f81b000
40036800
3f81b000
40036800
3f81b000
40036800
3f81b000
40036800
3f81b000
40036800
3f81b000
40036800
3f81b000
40036800
3f81b000
40036800
3f81b000
40036800
3f81b000
40036800
3f81b000
40036800
3f81b000
40036800
3f81b000
40036800
3f81b000
40036800
3f81b000
4003b800
3f81b000
4003b800
3f81b000
4003b800
3f81b000
4003b800
3f81b000
4003b800
3f81b000
4003b800
3f81b000
4003b800
3f81b000
4003b800
3f81b000
4003b800
3f81b000
4003b800
3f81b000
4003b800
3f81b000
4003b800
3f81b000
4003b800
3f81b000
4003b800
3f81b000
4003b800
3f81b000
4003b800
3f81b000
40040800
3f81b000
40040800
3f81b000
40040800
3f81b000
40040800
3f81b000
40040800
3f81b000
40040800
3f81b000
40040800
3f81b000
40040800
3f81b000
40040800
3f81b000
40040800
3f81b000
40040800
3f81b000
40040800
3f81b000
40040800
3f81b000
40040800
3f81b000
40040800
3f81b000
40040800
3f81b000
40040800
3f81b000
40045800
3f81b000
40045800
3f81b000
40045800
3f81b000
40045800
3f81b000
40045800
3f81b000
40045800
3f81b000
40045800
3f81b000
40045800
3f81b000
40045800
3f81b000
40045800
3f81b000
40045800
3f81b000
40045800
3f81b000
40045800
3f81b000
40045800
3f81b000
40045800
3f81b000
40045800
3f81b000
4004a800
3f81b000
4004a800
3f81b000
4004a800
3f81b000
4004a800
3f81b000
4004a800
3f81b000
4004a800
3f81b000
4004a800
3f81b000
4004a800
3f81b000
4004a800
3f81b000
4004a800
3f81b000
4004a800
3f81b000
4004a800
3f81b000
4004a800
3f81b000
4004a800
3f81b000
4004a800
3f81b000
4004a800
3f81b000
4004f800
3f81b000
4004f800
3f81b000
4004f800
3f81b000
4004f800
3f81b000
4004f800
3f81b000
4004f800
3f81b000
4004f800
3f81b000
4004f800
3f81b000
4004f800
3f81b000
4004f800
3f81b000
4004f800
3f81b000
4004f800
3f81b000
4004f800
3f81b000
4004f800
3f81b000
4004f800
3f81b000
4004f800
3f81b000
4004f800
3f81b000
40054800
3f81b000
40054800
3f81b000
40054800
3f81b000
40054800
3f81b000
40054800
3f81b000
40054800
3f81b000
40054800
3f81b000
40054800
3f81b000
40054800
3f81b000
40054800
3f81b000
40054800
3f81b000
40054800
3f81b000
40054800
3f81b000
40054800
3f81b000
40054800
3f81b000
40054800
3f81b000
40059800
3f81b000
40059800
3f81b000
40059800
3f81b000
40059800
3f81b000
40059800
3f81b000
40059800
3f81b000
40059800
3f81b000
40059800
3f81b000
40059800
3f81b000
40059800
3f81b000
40059800
3f81b000
40059800
3f81b000
40059800
3f81b000
40059800
3f81b000
40059800
3f81b000
40059800
3f81b000
40059800
3f81b000
4005e800
3f81b000
4005e800
3f81b000
4005e800
3f81b000
4005e800
3f81b000
4005e800
3f81b000
4005e800
3f81b000
4005e800
3f81b000
4005e800
3f81b000
4005e800
3f81b000
4005e800
3f81b000
4005e800
3f81b000
4005e800
3f81b000
4005e800
3f81b000
4005e800
3f81b000
4005e800
3f81b000
4005e800
3f81b000
40063800
3f81b000
40063800
3f81b000
40063800
3f81b000
40063800
3f81b000
40063800
3f81b000
40063800
3f81b000
40063800
3f81b000
40063800
3f81b000
40063800
3f81b000
40063800
3f81b000
40063800
3f81b000
40063800
3f81b000
40063800
3f81b000
40063800
3f81b000
40063800
3f81b000
40063800
3f81b000
40063800
3f81b000
40068800
3f81b000
40068800
3f81b000
40068800
3f81b000
40068800
3f81b000
40068800
3f81b000
40068800
3f81b000
40068800
3f81b000
40068800
3f81b000
40068800
3f81b000
40068800
3f81b000
40068800
3f81b000
40068800
3f81b000
40068800
3f81b000
40068800
3f81b000
40068800
3f81b000
40068800
3f81b000
4006d800
3f81b000
4006d800
3f81b000
4006d800
3f81b000
4006d800
3f81b000
4006d800
3f81b000
4006d800
3f81b000
4006d800
3f81b000
4006d800
3f81b000
4006d800
3f81b000
4006d800
3f81b000
4006d800
3f81b000
4006d800
3f81b000
4006d800
3f81b000
4006d800
3f81b000
4006d800
3f81b000
4006d800
3f81b000
40072800
3f81b000
40072800
3f81b000
40072800
3f81b000
40072800
3f81b000
40072800
3f81b000
40072800
3f81b000
40072800
3f81b000
40072800
3f81b000
40072800
3f81b000
40072800
3f81b000
40072800
3f81b000
40072800
3f81b000
40072800
3f81b000
40072800
3f81b000
40072800
3f81b000
40072800
3f81b000
40072800
3f81b000
40077800
3f81b000
40077800
3f81b000
40077800
3f81b000
40077800
3f81b000
40077800
3f81b000
40077800
3f81b000
40077800
3f81b000
40077800
3f81b000
40077800
3f81b000
40077800
3f81b000
40077800
3f81b000
40077800
3f81b000
40077800
3f81b000
40077800
3f81b000
40077800
3f81b000
40077800
3f81b000
4007c800
3f81b000
4007c800
3f81b000
4007c800
3f81b000
4007c800
3f81b000
4007c800
3f81b000
4007c800
3f81b000
4007c800
3f81b000
4007c800
3f81b000
4007c800
3f81b000
4007c800
3f81b000
4007c800
3f81b000
4007c800
3f81b000
4007c800
3f81b000
4007c800
3f81b000
4007c800
3f81b000
4007c800
3f81b000
4007c800
3f81b000
40081800
3f81b000
40081800
3f81b000
40081800
3f81b000
40081800
3f81b000
40081800
3f81b000
40081800
3f81b000
40081800
3f81b000
40081800
3f81b000
40081800
3f81b000
40081800
3f81b000
40081800
3f81b000
40081800
3f81b000
40081800
3f81b000
40081800
3f81b000
40081800
3f81b000
40081800
3f81b000
40086800
3f81b000
40086800
3f81b000
40086800
3f81b000
40086800
3f81b000
40086800
3f81b000
40086800
3f81b000
40086800
3f81b000
40086800
3f81b000
40086800
3f81b000
40086800
3f81b000
40086800
3f81b000
40086800
3f81b000
40086800
3f81b000
40086800
3f81b000
40086800
3f81b000
40086800
3f81b000
40086800
3f81b000
4008b800
3f81b000
4008b800
3f81b000
4008b800
3f81b000
4008b800
3f81b000
4008b800
3f81b000
4008b800
3f81b000
4008b800
3f81b000
4008b800
3f81b000
4008b800
3f81b000
4008b800
3f81b000
4008b800
3f81b000
4008b800
3f81b000
4008b800
3f81b000
4008b800
3f81b000
4008b800
3f81b000
4008b800
3f81b000
40090800
3f81b000
40090800
3f81b000
40090800
3f81b000
40090800
3f81b000
40090800
3f81b000
40090800
3f81b000
40090800
3f81b000
40090800
3f81b000
40090800
3f81b000
40090800
3f81b000
40090800
3f81b000
40090800
3f81b000
40090800
3f81b000
40090800
3f81b000
40090800
3f81b000
40090800
3f81b000
40090800
3f81b000
40095800
3f81b000
40095800
3f81b000
40095800
3f81b000
40095800
3f81b000
40095800
3f81b000
40095800
3f81b000
40095800
3f81b000
40095800
3f81b000
40095800
3f81b000
40095800
3f81b000
40095800
3f81b000
40095800
3f81b000
40095800
3f81b000
40095800
3f81b000
40095800
3f81b000
40095800
3f81b000
4009a800
3f81b000
4009a800
3f81b000
4009a800
3f81b000
4009a800
3f81b000
4009a800
3f81b000
4009a800
3f81b000
4009a800
3f81b000
4009a800
3f81b000
4009a800
3f81b000
4009a800
3f81b000
4009a800
3f81b000
4009a800
3f81b000
4009a800
3f81b000
4009a800
3f81b000
4009a800
3f81b000
4009a800
3f81b000
4009f800
3f81b000
4009f800
3f81b000
4009f800
3f81b000
4009f800
3f81b000
4009f800
3f81b000
4009f800
3f81b000
4009f800
3f81b000
4009f800
3f81b000
4009f800
3f81b000
4009f800
3f81b000
4009f800
3f81b000
4009f800
3f81b000
4009f800
3f81b000
4009f800
3f81b000
4009f800
3f81b000
4009f800
3f81b000
4009f800
3f81b000
400a4800
3f81b000
400a4800
3f81b000
400a4800
3f81b000
400a4800
3f81b000
400a4800
3f81b000
400a4800
3f81b000
400a4800
3f81b000
400a4800
3f81b000
400a4800
3f81b000
400a4800
3f81b000
400a4800
3f81b000
400a4800
3f81b000
400a4800
3f81b000
400a4800
3f81b000
400a4800
3f81b000
400a4800
3f81b000
400a9800
3f81b000
400a9800
3f81b000
400a9800
3f81b000
400a9800
3f81b000
400a9800
3f81b000
400a9800
3f81b000
400a9800
3f81b000
400a9800
3f81b000
400a9800
3f81b000
400a9800
3f81b000
400a9800
3f81b000
400a9800
3f81b000
400a9800
3f81b000
400a9800
3f81b000
400a9800
3f81b000
400a9800
3f81b000
400a9800
3f81b000
400ae800
3f81b000
400ae800
3f81b000
400ae800
3f81b000
400ae800
3f81b000
400ae800
3f81b000
400ae800
3f81b000
400ae800
3f81b000
400ae800
3f81b000
400ae800
3f81b000
400ae800
3f81b000
400ae800
3f81b000
400ae800
3f81b000
400ae800
3f81b000
400ae800
3f81b000
400ae800
3f81b000
400ae800
3f81b000
400b3800
3f81b000
400b3800
3f81b000
400b3800
3f81b000
400b3800
3f81b000
400b3800
3f81b000
400b3800
3f81b000
400b3800
3f81b000
400b3800
3f81b000
400b3800
3f81b000
400b3800
3f81b000
400b3800
3f81b000
400b3800
3f81b000
400b3800
3f81b000
400b3800
3f81b000
400b3800
3f81b000
400b3800
3f81b000
400b3800
3f81b000
400b8800
3f81b000
400b8800
3f81b000
400b8800
3f81b000
400b8800
3f81b000
400b8800
3f81b000
400b8800
3f81b000
400b8800
3f81b000
400b8800
3f81b000
400b8800
3f81b000
400b8800
3f81b000
400b8800
3f81b000
400b8800
3f81b000
400b8800
3f81b000
400b8800
3f81b000
400b8800
3f81b000
400b8800
3f81b000
400bd800
3f81b000
400bd800
3f81b000
400bd800
3f81b000
400bd800
3f81b000
400bd800
3f81b000
400bd800
3f81b000
400bd800
3f81b000
400bd800
3f81b000
400bd800
3f81b000
400bd800
3f81b000
400bd800
3f81b000
400bd800
3f81b000
400bd800
3f81b000
400bd800
3f81b000
400bd800
3f81b000
400bd800
3f81b000
400c3800
3f80a000
400c3800
3f80a000
400c3800
3f80a000
400c3800
3f80a000
400c3800
3f80a000
400c3800
3f80a000
400c3800
3f80a000
400c3800
3f80a000
400c3800
3f80a000
400c3800
3f80a000
400c3800
3f80a000
400c3800
3f80a000
400c3800
3f80a000
400c3800
3f80a000
400c3800
3f80a000
400c3800
3f80a000
400c3800
3f80a000
400ca800
3f80a000
400ca800
3f80a000
400ca800
3f80a000
400ca800
3f80a000
400ca800
3f80a000
400ca800
3f80a000
400ca800
3f80a000
400ca800
3f80a000
400ca800
3f80a000
400ca800
3f80a000
400ca800
3f80a000
400ca800
3f80a000
400ca800
3f80a000
400ca800
3f80a000
400ca800
3f80a000
400ca800
3f80a000
400d1800
3f80a000
400d1800
3f80a000
400d1800
3f80a000
400d1800
3f80a000
400d1800
3f80a000
400d1800
3f80a000
400d1800
3f80a000
400d1800
3f80a000
400d1800
3f80a000
400d1800
3f80a000
400d1800
3f80a000
400d1800
3f80a000
400d1800
3f80a000
400d1800
3f80a000
400d1800
3f80a000
400d1800
3f80a000
400d1800
3f80a000
400d8800
3f80a000
400d8800
3f80a000
400d8800
3f80a000
400d8800
3f80a000
400d8800
3f80a000
400d8800
3f80a000
400d8800
3f80a000
400d8800
3f80a000
400d8800
3f80a000
400d8800
3f80a000
400d8800
3f80a000
400d8800
3f80a000
400d8800
3f80a000
400d8800
3f80a000
400d8800
3f80a000
400d8800
3f80a000
400df800
3f80a000
400df800
3f80a000
400df800
3f80a000
400df800
3f80a000
400df800
3f80a000
400df800
3f80a000
400df800
3f80a000
400df800
3f80a000
400df800
3f80a000
400df800
3f80a000
400df800
3f80a000
400df800
3f80a000
400df800
3f80a000
400df800
3f80a000
400df800
3f80a000
400df800
3f80a000
400df800
3f80a000
400e6800
3f80a000
400e6800
3f80a000
400e6800
3f80a000
400e6800
3f80a000
400e6800
3f80a000
400e6800
3f80a000
400e6800
3f80a000
400e6800
3f80a000
400e6800
3f80a000
400e6800
3f80a000
400e6800
3f80a000
400e6800
3f80a000
400e6800
3f80a000
400e6800
3f80a000
400e6800
3f80a000
400e6800
3f80a000
400ed800
3f80a000
400ed800
3f80a000
400ed800
3f80a000
400ed800
3f80a000
400ed800
3f80a000
400ed800
3f80a000
400ed800
3f80a000
400ed800
3f80a000
400ed800
3f80a000
400ed800
3f80a000
400ed800
3f80a000
400ed800
3f80a000
400ed800
3f80a000
400ed800
3f80a000
400ed800
3f80a000
400ed800
3f80a000
400f4800
3f80a000
400f4800
3f80a000
400f4800
3f80a000
400f4800
3f80a000
400f4800
3f80a000
400f4800
3f80a000
400f4800
3f80a000
400f4800
3f80a000
400f4800
3f80a000
400f4800
3f80a000
400f4800
3f80a000
400f4800
3f80a000
400f4800
3f80a000
400f4800
3f80a000
400f4800
3f80a000
400f4800
3f80a000
400f4800
3f80a000
400fb800
3f80a000
400fb800
3f80a000
400fb800
3f80a000
400fb800
3f80a000
400fb800
3f80a000
400fb800
3f80a000
400fb800
3f80a000
400fb800
3f80a000
400fb800
3f80a000
400fb800
3f80a000
400fb800
3f80a000
400fb800
3f80a000
400fb800
3f80a000
400fb800
3f80a000
400fb800
3f80a000
400fb800
3f80a000
40102800
3f80a000
40102800
3f80a000
40102800
3f80a000
40102800
3f80a000
40102800
3f80a000
40102800
3f80a000
40102800
3f80a000
40102800
3f80a000
40102800
3f80a000
40102800
3f80a000
40102800
3f80a000
40102800
3f80a000
40102800
3f80a000
40102800
3f80a000
40102800
3f80a000
40102800
3f80a000
40102800
3f80a000
40109800
3f80a000
40109800
3f80a000
40109800
3f80a000
40109800
3f80a000
40109800
3f80a000
40109800
3f80a000
40109800
3f80a000
40109800
3f80a000
40109800
3f80a000
40109800
3f80a000
40109800
3f80a000
40109800
3f80a000
40109800
3f80a000
40109800
3f80a000
40109800
3f80a000
40109800
3f80a000
40110800
3f80a000
40110800
3f80a000
40110800
3f80a000
40110800
3f80a000
40110800
3f80a000
40110800
3f80a000
40110800
3f80a000
40110800
3f80a000
40110800
3f80a000
40110800
3f80a000
40110800
3f80a000
40110800
3f80a000
40110800
3f80a000
40110800
3f80a000
40110800
3f80a000
40110800
3f80a000
40110800
3f80a000
40117800
3f80a000
40117800
3f80a000
40117800
3f80a000
40117800
3f80a000
40117800
3f80a000
40117800
3f80a000
40117800
3f80a000
40117800
3f80a000
40117800
3f80a000
40117800
3f80a000
40117800
3f80a000
40117800
3f80a000
40117800
3f80a000
40117800
3f80a000
40117800
3f80a000
40117800
3f80a000
4011e800
3f80a000
4011e800
3f80a000
4011e800
3f80a000
4011e800
3f80a000
4011e800
3f80a000
4011e800
3f80a000
4011e800
3f80a000
4011e800
3f80a000
4011e800
3f80a000
4011e800
3f80a000
4011e800
3f80a000
4011e800
3f80a000
4011e800
3f80a000
4011e800
3f80a000
4011e800
3f80a000
4011e800
3f80a000
40125800
3f80a000
40125800
3f80a000
40125800
3f80a000
40125800
3f80a000
40125800
3f80a000
40125800
3f80a000
40125800
3f80a000
40125800
3f80a000
40125800
3f80a000
40125800
3f80a000
40125800
3f80a000
40125800
3f80a000
40125800
3f80a000
40125800
3f80a000
40125800
3f80a000
40125800
3f80a000
40125800
3f80a000
4012c800
3f80a000
4012c800
3f80a000
4012c800
3f80a000
4012c800
3f80a000
4012c800
3f80a000
4012c800
3f80a000
4012c800
3f80a000
4012c800
3f80a000
4012c800
3f80a000
4012c800
3f80a000
4012c800
3f80a000
4012c800
3f80a000
4012c800
3f80a000
4012c800
3f80a000
4012c800
3f80a000
4012c800
3f80a000
40133800
3f80a000
40133800
3f80a000
40133800
3f80a000
40133800
3f80a000
40133800
3f80a000
40133800
3f80a000
40133800
3f80a000
40133800
3f80a000
40133800
3f80a000
40133800
3f80a000
40133800
3f80a000
40133800
3f80a000
40133800
3f80a000
40133800
3f80a000
40133800
3f80a000
40133800
3f80a000
40133800
3f80a000
4013a800
3f80a000
4013a800
3f80a000
4013a800
3f80a000
4013a800
3f80a000
4013a800
3f80a000
4013a800
3f80a000
4013a800
3f80a000
4013a800
3f80a000
4013a800
3f80a000
4013a800
3f80a000
4013a800
3f80a000
4013a800
3f80a000
4013a800
3f80a000
4013a800
3f80a000
4013a800
3f80a000
4013a800
3f80a000
40141800
3f80a000
40141800
3f80a000
40141800
3f80a000
40141800
3f80a000
40141800
3f80a000
40141800
3f80a000
40141800
3f80a000
40141800
3f80a000
40141800
3f80a000
40141800
3f80a000
40141800
3f80a000
40141800
3f80a000
40141800
3f80a000
40141800
3f80a000
40141800
3f80a000
40141800
3f80a000
40141800
3f80a000
40148800
3f80a000
40148800
3f80a000
40148800
3f80a000
40148800
3f80a000
40148800
3f80a000
40148800
3f80a000
40148800
3f80a000
40148800
3f80a000
40148800
3f80a000
40148800
3f80a000
40148800
3f80a000
40148800
3f80a000
40148800
3f80a000
40148800
3f80a000
40148800
3f80a000
40148800
3f80a000
4014f800
3f80a000
4014f800
3f80a000
4014f800
3f80a000
4014f800
3f80a000
4014f800
3f80a000
4014f800
3f80a000
4014f800
3f80a000
4014f800
3f80a000
4014f800
3f80a000
4014f800
3f80a000
4014f800
3f80a000
4014f800
3f80a000
4014f800
3f80a000
4014f800
3f80a000
4014f800
3f80a000
4014f800
3f80a000
4014f800
3f80a000
40156800
3f80a000
40156800
3f80a000
40156800
3f80a000
40156800
3f80a000
40156800
3f80a000
40156800
3f80a000
40156800
3f80a000
40156800
3f80a000
40156800
3f80a000
40156800
3f80a000
40156800
3f80a000
40156800
3f80a000
40156800
3f80a000
40156800
3f80a000
40156800
3f80a000
40156800
3f80a000
4015d800
3f80a000
4015d800
3f80a000
4015d800
3f80a000
4015d800
3f80a000
4015d800
3f80a000
4015d800
3f80a000
4015d800
3f80a000
4015d800
3f80a000
4015d800
3f80a000
4015d800
3f80a000
4015d800
3f80a000
4015d800
3f80a000
4015d800
3f80a000
4015d800
3f80a000
4015d800
3f80a000
4015d800
3f80a000
40164800
3f80a000
40164800
3f80a000
40164800
3f80a000
40164800
3f80a000
40164800
3f80a000
40164800
3f80a000
40164800
3f80a000
40164800
3f80a000
40164800
3f80a000
40164800
3f80a000
40164800
3f80a000
40164800
3f80a000
40164800
3f80a000
40164800
3f80a000
40164800
3f80a000
40164800
3f80a000
40164800
3f80a000
4016b800
3f80a000
4016b800
3f80a000
4016b800
3f80a000
4016b800
3f80a000
4016b800
3f80a000
4016b800
3f80a000
4016b800
3f80a000
4016b800
3f80a000
4016b800
3f80a000
4016b800
3f80a000
4016b800
3f80a000
4016b800
3f80a000
4016b800
3f80a000
4016b800
3f80a000
4016b800
3f80a000
4016b800
3f80a000
40172800
3f80a000
40172800
3f80a000
40172800
3f80a000
40172800
3f80a000
40172800
3f80a000
40172800
3f80a000
40172800
3f80a000
40172800
3f80a000
40172800
3f80a000
40172800
3f80a000
40172800
3f80a000
40172800
3f80a000
40172800
3f80a000
40172800
3f80a000
40172800
3f80a000
40172800
3f80a000
40172800
3f80a000
40179800
3f80a000
40179800
3f80a000
40179800
3f80a000
40179800
3f80a000
40179800
3f80a000
40179800
3f80a000
40179800
3f80a000
40179800
3f80a000
40179800
3f80a000
40179800
3f80a000
40179800
3f80a000
40179800
3f80a000
40179800
3f80a000
40179800
3f80a000
40179800
3f80a000
40179800
3f80a000
40180800
3f80a000
40180800
3f80a000
40180800
3f80a000
40180800
3f80a000
40180800
3f80a000
40180800
3f80a000
40180800
3f80a000
40180800
3f80a000
40180800
3f80a000
40180800
3f80a000
40180800
3f80a000
40180800
3f80a000
40180800
3f80a000
40180800
3f80a000
40180800
3f80a000
40180800
3f80a000
40180800
3f80a000
40187800
3f80a000
40187800
3f80a000
40187800
3f80a000
40187800
3f80a000
40187800
3f80a000
40187800
3f80a000
40187800
3f80a000
40187800
3f80a000
40187800
3f80a000
40187800
3f80a000
40187800
3f80a000
40187800
3f80a000
40187800
3f80a000
40187800
3f80a000
40187800
3f80a000
40187800
3f80a000
4018e800
3f80a000
4018e800
3f80a000
4018e800
3f80a000
4018e800
3f80a000
4018e800
3f80a000
4018e800
3f80a000
4018e800
3f80a000
4018e800
3f80a000
4018e800
3f80a000
4018e800
3f80a000
4018e800
3f80a000
4018e800
3f80a000
4018e800
3f80a000
4018e800
3f80a000
4018e800
3f80a000
4018e800
3f80a000
40195800
3f80a000
40195800
3f80a000
40195800
3f80a000
40195800
3f80a000
40195800
3f80a000
40195800
3f80a000
40195800
3f80a000
40195800
3f80a000
40195800
3f80a000
40195800
3f80a000
40195800
3f80a000
40195800
3f80a000
40195800
3f80a000
40195800
3f80a000
40195800
3f80a000
40195800
3f80a000
40195800
3f80a000
4019c800
3f80a000
4019c800
3f80a000
4019c800
3f80a000
4019c800
3f80a000
4019c800
3f80a000
4019c800
3f80a000
4019c800
3f80a000
4019c800
3f80a000
4019c800
3f80a000
4019c800
3f80a000
4019c800
3f80a000
4019c800
3f80a000
4019c800
3f80a000
4019c800
3f80a000
4019c800
3f80a000
4019c800
3f80a000
401a3800
3f80a000
401a3800
3f80a000
401a3800
3f80a000
401a3800
3f80a000
401a3800
3f80a000
401a3800
3f80a000
401a3800
3f80a000
401a3800
3f80a000
401a3800
3f80a000
401a3800
3f80a000
401a3800
3f80a000
401a3800
3f80a000
401a3800
3f80a000
401a3800
3f80a000
401a3800
3f80a000
401a3800
3f80a000
401a3800
3f80a000
401aa800
3f80a000
401aa800
3f80a000
401aa800
3f80a000
401aa800
3f80a000
401aa800
3f80a000
401aa800
3f80a000
401aa800
3f80a000
401aa800
3f80a000
401aa800
3f80a000
401aa800
3f80a000
401aa800
3f80a000
401aa800
3f80a000
401aa800
3f80a000
401aa800
3f80a000
401aa800
3f80a000
401aa800
3f80a000
401b1800
3f80a000
401b1800
3f80a000
401b1800
3f80a000
401b1800
3f80a000
401b1800
3f80a000
401b1800
3f80a000
401b1800
3f80a000
401b1800
3f80a000
401b1800
3f80a000
401b1800
3f80a000
401b1800
3f80a000
401b1800
3f80a000
401b1800
3f80a000
401b1800
3f80a000
401b1800
3f80a000
401b1800
3f80a000
401b1800
3f80a000
401b8800
3f80a000
401b8800
3f80a000
401b8800
3f80a000
401b8800
3f80a000
401b8800
3f80a000
401b8800
3f80a000
401b8800
3f80a000
401b8800
3f80a000
401b8800
3f80a000
401b8800
3f80a000
401b8800
3f80a000
401b8800
3f80a000
401b8800
3f80a000
401b8800
3f80a000
401b8800
3f80a000
401b8800
3f80a000
401bf800
3f80a000
401bf800
3f80a000
401bf800
3f80a000
401bf800
3f80a000
401bf800
3f80a000
401bf800
3f80a000
401bf800
3f80a000
401bf800
3f80a000
401bf800
3f80a000
401bf800
3f80a000
401bf800
3f80a000
401bf800
3f80a000
401bf800
3f80a000
401bf800
3f80a000
401bf800
3f80a000
401bf800
3f80a000
401c6800
3f80a000
401c6800
3f80a000
401c6800
3f80a000
401c6800
3f80a000
401c6800
3f80a000
401c6800
3f80a000
401c6800
3f80a000
401c6800
3f80a000
401c6800
3f80a000
401c6800
3f80a000
401c6800
3f80a000
401c6800
3f80a000
401c6800
3f80a000
401c6800
3f80a000
401c6800
3f80a000
401c6800
3f80a000
401c6800
3f80a000
401cd800
3f80a000
401cd800
3f80a000
401cd800
3f80a000
401cd800
3f80a000
401cd800
3f80a000
401cd800
3f80a000
401cd800
3f80a000
401cd800
3f80a000
401cd800
3f80a000
401cd800
3f80a000
401cd800
3f80a000
401cd800
3f80a000
401cd800
3f80a000
401cd800
3f80a000
401cd800
3f80a000
401cd800
3f80a000
401d4800
3f80a000
401d4800
3f80a000
401d4800
3f80a000
401d4800
3f80a000
401d4800
3f80a000
401d4800
3f80a000
401d4800
3f80a000
401d4800
3f80a000
401d4800
3f80a000
401d4800
3f80a000
401d4800
3f80a000
401d4800
3f80a000
401d4800
3f80a000
401d4800
3f80a000
401d4800
3f80a000
401d4800
3f80a000
401d4800
3f80a000
401db800
3f80a000
401db800
3f80a000
401db800
3f80a000
401db800
3f80a000
401db800
3f80a000
401db800
3f80a000
401db800
3f80a000
401db800
3f80a000
401db800
3f80a000
401db800
3f80a000
401db800
3f80a000
401db800
3f80a000
401db800
3f80a000
401db800
3f80a000
401db800
3f80a000
401db800
3f80a000
401e2800
3f80a000
401e2800
3f80a000
401e2800
3f80a000
401e2800
3f80a000
401e2800
3f80a000
401e2800
3f80a000
401e2800
3f80a000
401e2800
3f80a000
401e2800
3f80a000
401e2800
3f80a000
401e2800
3f80a000
401e2800
3f80a000
401e2800
3f80a000
401e2800
3f80a000
401e2800
3f80a000
401e2800
3f80a000
401e2800
3f80a000
401e9800
3f80a000
401e9800
3f80a000
401e9800
3f80a000
401e9800
3f80a000
401e9800
3f80a000
401e9800
3f80a000
401e9800
3f80a000
401e9800
3f80a000
401e9800
3f80a000
401e9800
3f80a000
401e9800
3f80a000
401e9800
3f80a000
401e9800
3f80a000
401e9800
3f80a000
401e9800
3f80a000
401e9800
3f80a000
401f0800
3f80a000
401f0800
3f80a000
401f0800
3f80a000
401f0800
3f80a000
401f0800
3f80a000
401f0800
3f80a000
401f0800
3f80a000
401f0800
3f80a000
401f0800
3f80a000
401f0800
3f80a000
401f0800
3f80a000
401f0800
3f80a000
401f0800
3f80a000
401f0800
3f80a000
401f0800
3f80a000
401f0800
3f80a000
401f7800
3f80a000
401f7800
3f80a000
401f7800
3f80a000
401f7800
3f80a000
401f7800
3f80a000
401f7800
3f80a000
401f7800
3f80a000
401f7800
3f80a000
401f7800
3f80a000
401f7800
3f80a000
401f7800
3f80a000
401f7800
3f80a000
401f7800
3f80a000
401f7800
3f80a000
401f7800
3f80a000
401f7800
3f80a000
401f7800
3f80a000
401fe800
3f80a000
401fe800
3f80a000
401fe800
3f80a000
401fe800
3f80a000
401fe800
3f80a000
401fe800
3f80a000
401fe800
3f80a000
401fe800
3f80a000
401fe800
3f80a000
401fe800
3f80a000
401fe800
3f80a000
401fe800
3f80a000
401fe800
3f80a000
401fe800
3f80a000
401fe800
3f80a000
401fe800
3f80a000
40205800
3f80a000
40205800
3f80a000
40205800
3f80a000
40205800
3f80a000
40205800
3f80a000
40205800
3f80a000
40205800
3f80a000
40205800
3f80a000
40205800
3f80a000
40205800
3f80a000
40205800
3f80a000
40205800
3f80a000
40205800
3f80a000
40205800
3f80a000
40205800
3f80a000
40205800
3f80a000
40205800
3f80a000
4020c800
3f80a000
4020c800
3f80a000
4020c800
3f80a000
4020c800
3f80a000
4020c800
3f80a000
4020c800
3f80a000
4020c800
3f80a000
4020c800
3f80a000
4020c800
3f80a000
4020c800
3f80a000
4020c800
3f80a000
4020c800
3f80a000
4020c800
3f80a000
4020c800
3f80a000
4020c800
3f80a000
4020c800
3f80a000
40213800
3f80a000
40213800
3f80a000
40213800
3f80a000
40213800
3f80a000
40213800
3f80a000
40213800
3f80a000
40213800
3f80a000
40213800
3f80a000
40213800
3f80a000
40213800
3f80a000
40213800
3f80a000
40213800
3f80a000
40213800
3f80a000
40213800
3f80a000
40213800
3f80a000
40213800
3f80a000
40213800
3f80a000
4021a800
3f80a000
4021a800
3f80a000
4021a800
3f80a000
4021a800
3f80a000
4021a800
3f80a000
4021a800
3f80a000
4021a800
3f80a000
4021a800
3f80a000
4021a800
3f80a000
4021a800
3f80a000
4021a800
3f80a000
4021a800
3f80a000
4021a800
3f80a000
4021a800
3f80a000
4021a800
3f80a000
4021a800
3f80a000
40221800
3f80a000
40221800
3f80a000
40221800
3f80a000
40221800
3f80a000
40221800
3f80a000
40221800
3f80a000
40221800
3f80a000
40221800
3f80a000
40221800
3f80a000
40221800
3f80a000
40221800
3f80a000
40221800
3f80a000
40221800
3f80a000
40221800
3f80a000
40221800
3f80a000
40221800
3f80a000
40221800
3f80a000
40228800
3f80a000
40228800
3f80a000
40228800
3f80a000
40228800
3f80a000
40228800
3f80a000
40228800
3f80a000
40228800
3f80a000
40228800
3f80a000
40228800
3f80a000
40228800
3f80a000
40228800
3f80a000
40228800
3f80a000
40228800
3f80a000
40228800
3f80a000
40228800
3f80a000
40228800
3f80a000
4022f800
3f80a000
4022f800
3f80a000
4022f800
3f80a000
4022f800
3f80a000
4022f800
3f80a000
4022f800
3f80a000
4022f800
3f80a000
4022f800
3f80a000
4022f800
3f80a000
4022f800
3f80a000
4022f800
3f80a000
4022f800
3f80a000
4022f800
3f80a000
4022f800
3f80a000
4022f800
3f80a000
4022f800
3f80a000
40236800
3f80a000
40236800
3f80a000
40236800
3f80a000
40236800
3f80a000
40236800
3f80a000
40236800
3f80a000
40236800
3f80a000
40236800
3f80a000
40236800
3f80a000
40236800
3f80a000
40236800
3f80a000
40236800
3f80a000
40236800
3f80a000
40236800
3f80a000
40236800
3f80a000
40236800
3f80a000
40236800
3f80a000
4023d800
3f80a000
4023d800
3f80a000
4023d800
3f80a000
4023d800
3f80a000
4023d800
3f80a000
4023d800
3f80a000
4023d800
3f80a000
4023d800
3f80a000
4023d800
3f80a000
4023d800
3f80a000
4023d800
3f80a000
4023d800
3f80a000
4023d800
3f80a000
4023d800
3f80a000
4023d800
3f80a000
4023d800
3f80a000
40244800
3f80a000
40244800
3f80a000
40244800
3f80a000
40244800
3f80a000
40244800
3f80a000
40244800
3f80a000
40244800
3f80a000
40244800
3f80a000
40244800
3f80a000
40244800
3f80a000
40244800
3f80a000
40244800
3f80a000
40244800
3f80a000
40244800
3f80a000
40244800
3f80a000
40244800
3f80a000
40244800
3f80a000
4024b800
3f80a000
4024b800
3f80a000
4024b800
3f80a000
4024b800
3f80a000
4024b800
3f80a000
4024b800
3f80a000
4024b800
3f80a000
4024b800
3f80a000
4024b800
3f80a000
4024b800
3f80a000
4024b800
3f80a000
4024b800
3f80a000
4024b800
3f80a000
4024b800
3f80a000
4024b800
3f80a000
4024b800
3f80a000
40252800
3f80a000
40252800
3f80a000
40252800
3f80a000
40252800
3f80a000
40252800
3f80a000
40252800
3f80a000
40252800
3f80a000
40252800
3f80a000
40252800
3f80a000
40252800
3f80a000
40252800
3f80a000
40252800
3f80a000
40252800
3f80a000
40252800
3f80a000
40252800
3f80a000
40252800
3f80a000
40252800
3f80a000
40259800
3f80a000
40259800
3f80a000
40259800
3f80a000
40259800
3f80a000
40259800
3f80a000
40259800
3f80a000
40259800
3f80a000
40259800
3f80a000
40259800
3f80a000
40259800
3f80a000
40259800
3f80a000
40259800
3f80a000
40259800
3f80a000
40259800
3f80a000
40259800
3f80a000
40259800
3f80a000
40260800
3f80a000
40260800
3f80a000
40260800
3f80a000
40260800
3f80a000
40260800
3f80a000
40260800
3f80a000
40260800
3f80a000
40260800
3f80a000
40260800
3f80a000
40260800
3f80a000
40260800
3f80a000
40260800
3f80a000
40260800
3f80a000
40260800
3f80a000
40260800
3f80a000
40260800
3f80a000
40267800
3f80a000
40267800
3f80a000
40267800
3f80a000
40267800
3f80a000
40267800
3f80a000
40267800
3f80a000
40267800
3f80a000
40267800
3f80a000
40267800
3f80a000
40267800
3f80a000
40267800
3f80a000
40267800
3f80a000
40267800
3f80a000
40267800
3f80a000
40267800
3f80a000
40267800
3f80a000
40267800
3f80a000
4026e800
3f80a000
4026e800
3f80a000
4026e800
3f80a000
4026e800
3f80a000
4026e800
3f80a000
4026e800
3f80a000
4026e800
3f80a000
4026e800
3f80a000
4026e800
3f80a000
4026e800
3f80a000
4026e800
3f80a000
4026e800
3f80a000
4026e800
3f80a000
4026e800
3f80a000
4026e800
3f80a000
4026e800
3f80a000
40275800
3f80a000
40275800
3f80a000
40275800
3f80a000
40275800
3f80a000
40275800
3f80a000
40275800
3f80a000
40275800
3f80a000
40275800
3f80a000
40275800
3f80a000
40275800
3f80a000
40275800
3f80a000
40275800
3f80a000
40275800
3f80a000
40275800
3f80a000
40275800
3f80a000
40275800
3f80a000
40275800
3f80a000
4027c800
3f80a000
4027c800
3f80a000
4027c800
3f80a000
4027c800
3f80a000
4027c800
3f80a000
4027c800
3f80a000
4027c800
3f80a000
4027c800
3f80a000
4027c800
3f80a000
4027c800
3f80a000
4027c800
3f80a000
4027c800
3f80a000
4027c800
3f80a000
4027c800
3f80a000
4027c800
3f80a000
4027c800
3f80a000
40283800
3f80a000
40283800
3f80a000
40283800
3f80a000
40283800
3f80a000
40283800
3f80a000
40283800
3f80a000
40283800
3f80a000
40283800
3f80a000
40283800
3f80a000
40283800
3f80a000
40283800
3f80a000
40283800
3f80a000
40283800
3f80a000
40283800
3f80a000
40283800
3f80a000
40283800
3f80a000
40283800
3f80a000
4028a800
3f80a000
4028a800
3f80a000
4028a800
3f80a000
4028a800
3f80a000
4028a800
3f80a000
4028a800
3f80a000
4028a800
3f80a000
4028a800
3f80a000
4028a800
3f80a000
4028a800
3f80a000
4028a800
3f80a000
4028a800
3f80a000
4028a800
3f80a000
4028a800
3f80a000
4028a800
3f80a000
4028a800
3f80a000
40291800
3f80a000
40291800
3f80a000
40291800
3f80a000
40291800
3f80a000
40291800
3f80a000
40291800
3f80a000
40291800
3f80a000
40291800
3f80a000
40291800
3f80a000
40291800
3f80a000
40291800
3f80a000
40291800
3f80a000
40291800
3f80a000
40291800
3f80a000
40291800
3f80a000
40291800
3f80a000
40298800
3f80a000
40298800
3f80a000
40298800
3f80a000
40298800
3f80a000
40298800
3f80a000
40298800
3f80a000
40298800
3f80a000
40298800
3f80a000
40298800
3f80a000
40298800
3f80a000
40298800
3f80a000
40298800
3f80a000
40298800
3f80a000
40298800
3f80a000
40298800
3f80a000
40298800
3f80a000
40298800
3f80a000
4029f800
3f80a000
4029f800
3f80a000
4029f800
3f80a000
4029f800
3f80a000
4029f800
3f80a000
4029f800
3f80a000
4029f800
3f80a000
4029f800
3f80a000
4029f800
3f80a000
4029f800
3f80a000
4029f800
3f80a000
4029f800
3f80a000
4029f800
3f80a000
4029f800
3f80a000
4029f800
3f80a000
4029f800
3f80a000
402a6800
3f80a000
402a6800
3f80a000
402a6800
3f80a000
402a6800
3f80a000
402a6800
3f80a000
402a6800
3f80a000
402a6800
3f80a000
402a6800
3f80a000
402a6800
3f80a000
402a6800
3f80a000
402a6800
3f80a000
402a6800
3f80a000
402a6800
3f80a000
402a6800
3f80a000
402a6800
3f80a000
402a6800
3f80a000
402a6800
3f80a000
402ad800
3f80a000
402ad800
3f80a000
402ad800
3f80a000
402ad800
3f80a000
402ad800
3f80a000
402ad800
3f80a000
402ad800
3f80a000
402ad800
3f80a000
402ad800
3f80a000
402ad800
3f80a000
402ad800
3f80a000
402ad800
3f80a000
402ad800
3f80a000
402ad800
3f80a000
402ad800
3f80a000
402ad800
3f80a000
402b4800
3f80a000
402b4800
3f80a000
402b4800
3f80a000
402b4800
3f80a000
402b4800
3f80a000
402b4800
3f80a000
402b4800
3f80a000
402b4800
3f80a000
402b4800
3f80a000
402b4800
3f80a000
402b4800
3f80a000
402b4800
3f80a000
402b4800
3f80a000
402b4800
3f80a000
402b4800
3f80a000
402b4800
3f80a000
402b4800
3f80a000
402bb800
3f80a000
402bb800
3f80a000
402bb800
3f80a000
402bb800
3f80a000
402bb800
3f80a000
402bb800
3f80a000
402bb800
3f80a000
402bb800
3f80a000
402bb800
3f80a000
402bb800
3f80a000
402bb800
3f80a000
402bb800
3f80a000
402bb800
3f80a000
402bb800
3f80a000
402bb800
3f80a000
402bb800
3f80a000
402c2800
3f80a000
402c2800
3f80a000
402c2800
3f80a000
402c2800
3f80a000
402c2800
3f80a000
402c2800
3f80a000
402c2800
3f80a000
402c2800
3f80a000
402c2800
3f80a000
402c2800
3f80a000
402c2800
3f80a000
402c2800
3f80a000
402c2800
3f80a000
402c2800
3f80a000
402c2800
3f80a000
402c2800
3f80a000
402c9800
3f80a000
402c9800
3f80a000
402c9800
3f80a000
402c9800
3f80a000
402c9800
3f80a000
402c9800
3f80a000
402c9800
3f80a000
402c9800
3f80a000
402c9800
3f80a000
402c9800
3f80a000
402c9800
3f80a000
402c9800
3f80a000
402c9800
3f80a000
402c9800
3f80a000
402c9800
3f80a000
402c9800
3f80a000
402c9800
3f80a000
402d0800
3f80a000
402d0800
3f80a000
402d0800
3f80a000
402d0800
3f80a000
402d0800
3f80a000
402d0800
3f80a000
402d0800
3f80a000
402d0800
3f80a000
402d0800
3f80a000
402d0800
3f80a000
402d0800
3f80a000
402d0800
3f80a000
402d0800
3f80a000
402d0800
3f80a000
402d0800
3f80a000
402d0800
3f80a000
402d7800
3f80a000
402d7800
3f80a000
402d7800
3f80a000
402d7800
3f80a000
402d7800
3f80a000
402d7800
3f80a000
402d7800
3f80a000
402d7800
3f80a000
402d7800
3f80a000
402d7800
3f80a000
402d7800
3f80a000
402d7800
3f80a000
402d7800
3f80a000
402d7800
3f80a000
402d7800
3f80a000
402d7800
3f80a000
402d7800
3f80a000
402de800
3f80a000
402de800
3f80a000
402de800
3f80a000
402de800
3f80a000
402de800
3f80a000
402de800
3f80a000
402de800
3f80a000
402de800
3f80a000
402de800
3f80a000
402de800
3f80a000
402de800
3f80a000
402de800
3f80a000
402de800
3f80a000
402de800
3f80a000
402de800
3f80a000
402de800
3f80a000
402e5800
3f80a000
402e5800
3f80a000
402e5800
3f80a000
402e5800
3f80a000
402e5800
3f80a000
402e5800
3f80a000
402e5800
3f80a000
402e5800
3f80a000
402e5800
3f80a000
402e5800
3f80a000
402e5800
3f80a000
402e5800
3f80a000
402e5800
3f80a000
402e5800
3f80a000
402e5800
3f80a000
402e5800
3f80a000
402e5800
3f80a000
402ec800
3f80a000
402ec800
3f80a000
402ec800
3f80a000
402ec800
3f80a000
402ec800
3f80a000
402ec800
3f80a000
402ec800
3f80a000
402ec800
3f80a000
402ec800
3f80a000
402ec800
3f80a000
402ec800
3f80a000
402ec800
3f80a000
402ec800
3f80a000
402ec800
3f80a000
402ec800
3f80a000
402ec800
3f80a000
402f3800
3f80a000
402f3800
3f80a000
402f3800
3f80a000
402f3800
3f80a000
402f3800
3f80a000
402f3800
3f80a000
402f3800
3f80a000
402f3800
3f80a000
402f3800
3f80a000
402f3800
3f80a000
402f3800
3f80a000
402f3800
3f80a000
402f3800
3f80a000
402f3800
3f80a000
402f3800
3f80a000
402f3800
3f80a000
402f3800
3f80a000
402fa800
3f80a000
402fa800
3f80a000
402fa800
3f80a000
402fa800
3f80a000
402fa800
3f80a000
402fa800
3f80a000
402fa800
3f80a000
402fa800
3f80a000
402fa800
3f80a000
402fa800
3f80a000
402fa800
3f80a000
402fa800
3f80a000
402fa800
3f80a000
402fa800
3f80a000
402fa800
3f80a000
402fa800
3f80a000
40301800
3f80a000
40301800
3f80a000
40301800
3f80a000
40301800
3f80a000
40301800
3f80a000
40301800
3f80a000
40301800
3f80a000
40301800
3f80a000
40301800
3f80a000
40301800
3f80a000
40301800
3f80a000
40301800
3f80a000
40301800
3f80a000
40301800
3f80a000
40301800
3f80a000
40301800
3f80a000
40308800
3f80a000
40308800
3f80a000
40308800
3f80a000
40308800
3f80a000
40308800
3f80a000
40308800
3f80a000
40308800
3f80a000
40308800
3f80a000
40308800
3f80a000
40308800
3f80a000
40308800
3f80a000
40308800
3f80a000
40308800
3f80a000
40308800
3f80a000
40308800
3f80a000
40308800
3f80a000
40308800
3f80a000
4030f800
3f80a000
4030f800
3f80a000
4030f800
3f80a000
4030f800
3f80a000
4030f800
3f80a000
4030f800
3f80a000
4030f800
3f80a000
4030f800
3f80a000
4030f800
3f80a000
4030f800
3f80a000
4030f800
3f80a000
4030f800
3f80a000
4030f800
3f80a000
4030f800
3f80a000
4030f800
3f80a000
4030f800
3f80a000
40316800
3f80a000
40316800
3f80a000
40316800
3f80a000
40316800
3f80a000
40316800
3f80a000
40316800
3f80a000
40316800
3f80a000
40316800
3f80a000
40316800
3f80a000
40316800
3f80a000
40316800
3f80a000
40316800
3f80a000
40316800
3f80a000
40316800
3f80a000
40316800
3f80a000
40316800
3f80a000
40316800
3f80a000
4031d800
3f80a000
4031d800
3f80a000
4031d800
3f80a000
4031d800
3f80a000
4031d800
3f80a000
4031d800
3f80a000
4031d800
3f80a000
4031d800
3f80a000
4031d800
3f80a000
4031d800
3f80a000
4031d800
3f80a000
4031d800
3f80a000
4031d800
3f80a000
4031d800
3f80a000
4031d800
3f80a000
4031d800
3f80a000
40324800
3f80a000
40324800
3f80a000
40324800
3f80a000
40324800
3f80a000
40324800
3f80a000
40324800
3f80a000
40324800
3f80a000
40324800
3f80a000
40324800
3f80a000
40324800
3f80a000
40324800
3f80a000
40324800
3f80a000
40324800
3f80a000
40324800
3f80a000
40324800
3f80a000
40324800
3f80a000
40324800
3f80a000
4032b800
3f80a000
4032b800
3f80a000
4032b800
3f80a000
4032b800
3f80a000
4032b800
3f80a000
4032b800
3f80a000
4032b800
3f80a000
4032b800
3f80a000
4032b800
3f80a000
4032b800
3f80a000
4032b800
3f80a000
4032b800
3f80a000
4032b800
3f80a000
4032b800
3f80a000
4032b800
3f80a000
4032b800
3f80a000
40332800
3f80a000
40332800
3f80a000
40332800
3f80a000
40332800
3f80a000
40332800
3f80a000
40332800
3f80a000
40332800
3f80a000
40332800
3f80a000
40332800
3f80a000
40332800
3f80a000
40332800
3f80a000
40332800
3f80a000
40332800
3f80a000
40332800
3f80a000
40332800
3f80a000
40332800
3f80a000
40339800
3f80a000
40339800
3f80a000
40339800
3f80a000
40339800
3f80a000
40339800
3f80a000
40339800
3f80a000
40339800
3f80a000
40339800
3f80a000
40339800
3f80a000
40339800
3f80a000
40339800
3f80a000
40339800
3f80a000
40339800
3f80a000
40339800
3f80a000
40339800
3f80a000
40339800
3f80a000
40339800
3f80a000
40340800
3f80a000
40340800
3f80a000
40340800
3f80a000
40340800
3f80a000
40340800
3f80a000
40340800
3f80a000
40340800
3f80a000
40340800
3f80a000
40340800
3f80a000
40340800
3f80a000
40340800
3f80a000
40340800
3f80a000
40340800
3f80a000
40340800
3f80a000
40340800
3f80a000
40340800
3f80a000
40347800
3f80a000
40347800
3f80a000
40347800
3f80a000
40347800
3f80a000
40347800
3f80a000
40347800
3f80a000
40347800
3f80a000
40347800
3f80a000
40347800
3f80a000
40347800
3f80a000
40347800
3f80a000
40347800
3f80a000
40347800
3f80a000
40347800
3f80a000
40347800
3f80a000
40347800
3f80a000
40347800
3f80a000
4034e800
3f80a000
4034e800
3f80a000
4034e800
3f80a000
4034e800
3f80a000
4034e800
3f80a000
4034e800
3f80a000
4034e800
3f80a000
4034e800
3f80a000
4034e800
3f80a000
4034e800
3f80a000
4034e800
3f80a000
4034e800
3f80a000
4034e800
3f80a000
4034e800
3f80a000
4034e800
3f80a000
4034e800
3f80a000
40355800
3f80a000
40355800
3f80a000
40355800
3f80a000
40355800
3f80a000
40355800
3f80a000
40355800
3f80a000
40355800
3f80a000
40355800
3f80a000
40355800
3f80a000
40355800
3f80a000
40355800
3f80a000
40355800
3f80a000
40355800
3f80a000
40355800
3f80a000
40355800
3f80a000
40355800
3f80a000
40355800
3f80a000
4035c800
3f80a000
4035c800
3f80a000
4035c800
3f80a000
4035c800
3f80a000
4035c800
3f80a000
4035c800
3f80a000
4035c800
3f80a000
4035c800
3f80a000
4035c800
3f80a000
4035c800
3f80a000
4035c800
3f80a000
4035c800
3f80a000
4035c800
3f80a000
4035c800
3f80a000
4035c800
3f80a000
4035c800
3f80a000
40363800
3f80a000
40363800
3f80a000
40363800
3f80a000
40363800
3f80a000
40363800
3f80a000
40363800
3f80a000
40363800
3f80a000
40363800
3f80a000
40363800
3f80a000
40363800
3f80a000
40363800
3f80a000
40363800
3f80a000
40363800
3f80a000
40363800
3f80a000
40363800
3f80a000
40363800
3f80a000
4036a800
3f80a000
4036a800
3f80a000
4036a800
3f80a000
4036a800
3f80a000
4036a800
3f80a000
4036a800
3f80a000
4036a800
3f80a000
4036a800
3f80a000
4036a800
3f80a000
4036a800
3f80a000
4036a800
3f80a000
4036a800
3f80a000
4036a800
3f80a000
4036a800
3f80a000
4036a800
3f80a000
4036a800
3f80a000
4036a800
3f80a000
40371800
3f80a000
40371800
3f80a000
40371800
3f80a000
40371800
3f80a000
40371800
3f80a000
40371800
3f80a000
40371800
3f80a000
40371800
3f80a000
40371800
3f80a000
40371800
3f80a000
40371800
3f80a000
40371800
3f80a000
40371800
3f80a000
40371800
3f80a000
40371800
3f80a000
40371800
3f80a000
40378800
3f80a000
40378800
3f80a000
40378800
3f80a000
40378800
3f80a000
40378800
3f80a000
40378800
3f80a000
40378800
3f80a000
40378800
3f80a000
40378800
3f80a000
40378800
3f80a000
40378800
3f80a000
40378800
3f80a000
40378800
3f80a000
40378800
3f80a000
40378800
3f80a000
40378800
3f80a000
40378800
3f80a000
4037f800
3f80a000
4037f800
3f80a000
4037f800
3f80a000
4037f800
3f80a000
4037f800
3f80a000
4037f800
3f80a000
4037f800
3f80a000
4037f800
3f80a000
4037f800
3f80a000
4037f800
3f80a000
4037f800
3f80a000
4037f800
3f80a000
4037f800
3f80a000
4037f800
3f80a000
4037f800
3f80a000
4037f800
3f80a000
40386800
3f80a000
40386800
3f80a000
40386800
3f80a000
40386800
3f80a000
40386800
3f80a000
40386800
3f80a000
40386800
3f80a000
40386800
3f80a000
40386800
3f80a000
40386800
3f80a000
40386800
3f80a000
40386800
3f80a000
40386800
3f80a000
40386800
3f80a000
40386800
3f80a000
40386800
3f80a000
40386800
3f80a000
4038d800
3f80a000
4038d800
3f80a000
4038d800
3f80a000
4038d800
3f80a000
4038d800
3f80a000
4038d800
3f80a000
4038d800
3f80a000
4038d800
3f80a000
4038d800
3f80a000
4038d800
3f80a000
4038d800
3f80a000
4038d800
3f80a000
4038d800
3f80a000
4038d800
3f80a000
4038d800
3f80a000
4038d800
3f80a000
40394800
3f80a000
40394800
3f80a000
40394800
3f80a000
40394800
3f80a000
40394800
3f80a000
40394800
3f80a000
40394800
3f80a000
40394800
3f80a000
40394800
3f80a000
40394800
3f80a000
40394800
3f80a000
40394800
3f80a000
40394800
3f80a000
40394800
3f80a000
40394800
3f80a000
40394800
3f80a000
4039b800
3f80a000
4039b800
3f80a000
4039b800
3f80a000
4039b800
3f80a000
4039b800
3f80a000
4039b800
3f80a000
4039b800
3f80a000
4039b800
3f80a000
4039b800
3f80a000
4039b800
3f80a000
4039b800
3f80a000
4039b800
3f80a000
4039b800
3f80a000
4039b800
3f80a000
4039b800
3f80a000
4039b800
3f80a000
4039b800
3f80a000
403a2800
3f80a000
403a2800
3f80a000
403a2800
3f80a000
403a2800
3f80a000
403a2800
3f80a000
403a2800
3f80a000
403a2800
3f80a000
403a2800
3f80a000
403a2800
3f80a000
403a2800
3f80a000
403a2800
3f80a000
403a2800
3f80a000
403a2800
3f80a000
403a2800
3f80a000
403a2800
3f80a000
403a2800
3f80a000
403a9800
3f80a000
403a9800
3f80a000
403a9800
3f80a000
403a9800
3f80a000
403a9800
3f80a000
403a9800
3f80a000
403a9800
3f80a000
403a9800
3f80a000
403a9800
3f80a000
403a9800
3f80a000
403a9800
3f80a000
403a9800
3f80a000
403a9800
3f80a000
403a9800
3f80a000
403a9800
3f80a000
403a9800
3f80a000
403a9800
3f80a000
403b0800
3f80a000
403b0800
3f80a000
403b0800
3f80a000
403b0800
3f80a000
403b0800
3f80a000
403b0800
3f80a000
403b0800
3f80a000
403b0800
3f80a000
403b0800
3f80a000
403b0800
3f80a000
403b0800
3f80a000
403b0800
3f80a000
403b0800
3f80a000
403b0800
3f80a000
403b0800
3f80a000
403b0800
3f80a000
403b7800
3f80a000
403b7800
3f80a000
403b7800
3f80a000
403b7800
3f80a000
403b7800
3f80a000
403b7800
3f80a000
403b7800
3f80a000
403b7800
3f80a000
403b7800
3f80a000
403b7800
3f80a000
403b7800
3f80a000
403b7800
3f80a000
403b7800
3f80a000
403b7800
3f80a000
403b7800
3f80a000
403b7800
3f80a000
403b7800
3f80a000
403be800
3f80a000
403be800
3f80a000
403be800
3f80a000
403be800
3f80a000
403be800
3f80a000
403be800
3f80a000
403be800
3f80a000
403be800
3f80a000
403be800
3f80a000
403be800
3f80a000
403be800
3f80a000
403be800
3f80a000
403be800
3f80a000
403be800
3f80a000
403be800
3f80a000
403be800
3f80a000
403c5800
3f80a000
403c5800
3f80a000
403c5800
3f80a000
403c5800
3f80a000
403c5800
3f80a000
403c5800
3f80a000
403c5800
3f80a000
403c5800
3f80a000
403c5800
3f80a000
403c5800
3f80a000
403c5800
3f80a000
403c5800
3f80a000
403c5800
3f80a000
403c5800
3f80a000
403c5800
3f80a000
403c5800
3f80a000
403c5800
3f80a000
403cc800
3f80a000
403cc800
3f80a000
403cc800
3f80a000
403cc800
3f80a000
403cc800
3f80a000
403cc800
3f80a000
403cc800
3f80a000
403cc800
3f80a000
403cc800
3f80a000
403cc800
3f80a000
403cc800
3f80a000
403cc800
3f80a000
403cc800
3f80a000
403cc800
3f80a000
403cc800
3f80a000
403cc800
3f80a000
403d3800
3f80a000
403d3800
3f80a000
403d3800
3f80a000
403d3800
3f80a000
403d3800
3f80a000
403d3800
3f80a000
403d3800
3f80a000
403d3800
3f80a000
403d3800
3f80a000
403d3800
3f80a000
403d3800
3f80a000
403d3800
3f80a000
403d3800
3f80a000
403d3800
3f80a000
403d3800
3f80a000
403d3800
3f80a000
403da800
3f80a000
403da800
3f80a000
403da800
3f80a000
403da800
3f80a000
403da800
3f80a000
403da800
3f80a000
403da800
3f80a000
403da800
3f80a000
403da800
3f80a000
403da800
3f80a000
403da800
3f80a000
403da800
3f80a000
403da800
3f80a000
403da800
3f80a000
403da800
3f80a000
403da800
3f80a000
403da800
3f80a000
403e1800
3f80a000
403e1800
3f80a000
403e1800
3f80a000
403e1800
3f80a000
403e1800
3f80a000
403e1800
3f80a000
403e1800
3f80a000
403e1800
3f80a000
403e1800
3f80a000
403e1800
3f80a000
403e1800
3f80a000
403e1800
3f80a000
403e1800
3f80a000
403e1800
3f80a000
403e1800
3f80a000
403e1800
3f80a000
403e8800
3f80a000
403e8800
3f80a000
403e8800
3f80a000
403e8800
3f80a000
403e8800
3f80a000
403e8800
3f80a000
403e8800
3f80a000
403e8800
3f80a000
403e8800
3f80a000
403e8800
3f80a000
403e8800
3f80a000
403e8800
3f80a000
403e8800
3f80a000
403e8800
3f80a000
403e8800
3f80a000
403e8800
3f80a000
403e8800
3f80a000
403ef800
3f80a000
403ef800
3f80a000
403ef800
3f80a000
403ef800
3f80a000
403ef800
3f80a000
403ef800
3f80a000
403ef800
3f80a000
403ef800
3f80a000
403ef800
3f80a000
403ef800
3f80a000
403ef800
3f80a000
403ef800
3f80a000
403ef800
3f80a000
403ef800
3f80a000
403ef800
3f80a000
403ef800
3f80a000
403f6800
3f80a000
403f6800
3f80a000
403f6800
3f80a000
403f6800
3f80a000
403f6800
3f80a000
403f6800
3f80a000
403f6800
3f80a000
403f6800
3f80a000
403f6800
3f80a000
403f6800
3f80a000
403f6800
3f80a000
403f6800
3f80a000
403f6800
3f80a000
403f6800
3f80a000
403f6800
3f80a000
403f6800
3f80a000
403f6800
3f80a000
403fd800
3f80a000
403fd800
3f80a000
403fd800
3f80a000
403fd800
3f80a000
403fd800
3f80a000
403fd800
3f80a000
403fd800
3f80a000
403fd800
3f80a000
403fd800
3f80a000
403fd800
3f80a000
403fd800
3f80a000
403fd800
3f80a000
403fd800
3f80a000
403fd800
3f80a000
403fd800
3f80a000
403fd800
3f80a000
40404800
3f80a000
40404800
3f80a000
40404800
3f80a000
40404800
3f80a000
40404800
3f80a000
40404800
3f80a000
40404800
3f80a000
40404800
3f80a000
40404800
3f80a000
40404800
3f80a000
40404800
3f80a000
40404800
3f80a000
40404800
3f80a000
40404800
3f80a000
40404800
3f80a000
40404800
3f80a000
4040b800
3f80a000
4040b800
3f80a000
4040b800
3f80a000
4040b800
3f80a000
4040b800
3f80a000
4040b800
3f80a000
4040b800
3f80a000
4040b800
3f80a000
4040b800
3f80a000
4040b800
3f80a000
4040b800
3f80a000
4040b800
3f80a000
4040b800
3f80a000
4040b800
3f80a000
4040b800
3f80a000
4040b800
3f80a000
4040b800
3f80a000
40412800
3f80a000
40412800
3f80a000
40412800
3f80a000
40412800
3f80a000
40412800
3f80a000
40412800
3f80a000
40412800
3f80a000
40412800
3f80a000
40412800
3f80a000
40412800
3f80a000
40412800
3f80a000
40412800
3f80a000
40412800
3f80a000
40412800
3f80a000
40412800
3f80a000
40412800
3f80a000
40419800
3f80a000
40419800
3f80a000
40419800
3f80a000
40419800
3f80a000
40419800
3f80a000
40419800
3f80a000
40419800
3f80a000
40419800
3f80a000
40419800
3f80a000
40419800
3f80a000
40419800
3f80a000
40419800
3f80a000
40419800
3f80a000
40419800
3f80a000
40419800
3f80a000
40419800
3f80a000
40419800
3f80a000
40420800
3f80a000
40420800
3f80a000
40420800
3f80a000
40420800
3f80a000
40420800
3f80a000
40420800
3f80a000
40420800
3f80a000
40420800
3f80a000
40420800
3f80a000
40420800
3f80a000
40420800
3f80a000
40420800
3f80a000
40420800
3f80a000
40420800
3f80a000
40420800
3f80a000
40420800
3f80a000
40427800
3f80a000
40427800
3f80a000
40427800
3f80a000
40427800
3f80a000
40427800
3f80a000
40427800
3f80a000
40427800
3f80a000
40427800
3f80a000
40427800
3f80a000
40427800
3f80a000
40427800
3f80a000
40427800
3f80a000
40427800
3f80a000
40427800
3f80a000
40427800
3f80a000
40427800
3f80a000
40427800
3f80a000
4042e800
3f80a000
4042e800
3f80a000
4042e800
3f80a000
4042e800
3f80a000
4042e800
3f80a000
4042e800
3f80a000
4042e800
3f80a000
4042e800
3f80a000
4042e800
3f80a000
4042e800
3f80a000
4042e800
3f80a000
4042e800
3f80a000
4042e800
3f80a000
4042e800
3f80a000
4042e800
3f80a000
4042e800
3f80a000
40435800
3f80a000
40435800
3f80a000
40435800
3f80a000
40435800
3f80a000
40435800
3f80a000
40435800
3f80a000
40435800
3f80a000
40435800
3f80a000
40435800
3f80a000
40435800
3f80a000
40435800
3f80a000
40435800
3f80a000
40435800
3f80a000
40435800
3f80a000
40435800
3f80a000
40435800
3f80a000
4043c800
3f80a000
4043c800
3f80a000
4043c800
3f80a000
4043c800
3f80a000
4043c800
3f80a000
4043c800
3f80a000
4043c800
3f80a000
4043c800
3f80a000
4043c800
3f80a000
4043c800
3f80a000
4043c800
3f80a000
4043c800
3f80a000
4043c800
3f80a000
4043c800
3f80a000
4043c800
3f80a000
4043c800
3f80a000
4043c800
3f80a000
40443800
3f80a000
40443800
3f80a000
40443800
3f80a000
40443800
3f80a000
40443800
3f80a000
40443800
3f80a000
40443800
3f80a000
40443800
3f80a000
40443800
3f80a000
40443800
3f80a000
40443800
3f80a000
40443800
3f80a000
40443800
3f80a000
40443800
3f80a000
40443800
3f80a000
40443800
3f80a000
4044a800
3f80a000
4044a800
3f80a000
4044a800
3f80a000
4044a800
3f80a000
4044a800
3f80a000
4044a800
3f80a000
4044a800
3f80a000
4044a800
3f80a000
4044a800
3f80a000
4044a800
3f80a000
4044a800
3f80a000
4044a800
3f80a000
4044a800
3f80a000
4044a800
3f80a000
4044a800
3f80a000
4044a800
3f80a000
4044a800
3f80a000
40451800
3f80a000
40451800
3f80a000
40451800
3f80a000
40451800
3f80a000
40451800
3f80a000
40451800
3f80a000
40451800
3f80a000
40451800
3f80a000
40451800
3f80a000
40451800
3f80a000
40451800
3f80a000
40451800
3f80a000
40451800
3f80a000
40451800
3f80a000
40451800
3f80a000
40451800
3f80a000
40458800
3f80a000
40458800
3f80a000
40458800
3f80a000
40458800
3f80a000
40458800
3f80a000
40458800
3f80a000
40458800
3f80a000
40458800
3f80a000
40458800
3f80a000
40458800
3f80a000
40458800
3f80a000
40458800
3f80a000
40458800
3f80a000
40458800
3f80a000
40458800
3f80a000
40458800
3f80a000
40458800
3f80a000
4045f800
3f80a000
4045f800
3f80a000
4045f800
3f80a000
4045f800
3f80a000
4045f800
3f80a000
4045f800
3f80a000
4045f800
3f80a000
4045f800
3f80a000
4045f800
3f80a000
4045f800
3f80a000
4045f800
3f80a000
4045f800
3f80a000
4045f800
3f80a000
4045f800
3f80a000
4045f800
3f80a000
4045f800
3f80a000
40466800
3f80a000
40466800
3f80a000
40466800
3f80a000
40466800
3f80a000
40466800
3f80a000
40466800
3f80a000
40466800
3f80a000
40466800
3f80a000
40466800
3f80a000
40466800
3f80a000
40466800
3f80a000
40466800
3f80a000
40466800
3f80a000
40466800
3f80a000
40466800
3f80a000
40466800
3f80a000
4046d800
3f80a000
4046d800
3f80a000
4046d800
3f80a000
4046d800
3f80a000
4046d800
3f80a000
4046d800
3f80a000
4046d800
3f80a000
4046d800
3f80a000
4046d800
3f80a000
4046d800
3f80a000
4046d800
3f80a000
4046d800
3f80a000
4046d800
3f80a000
4046d800
3f80a000
4046d800
3f80a000
4046d800
3f80a000
4046d800
3f80a000
40474800
3f80a000
40474800
3f80a000
40474800
3f80a000
40474800
3f80a000
40474800
3f80a000
40474800
3f80a000
40474800
3f80a000
40474800
3f80a000
40474800
3f80a000
40474800
3f80a000
40474800
3f80a000
40474800
3f80a000
40474800
3f80a000
40474800
3f80a000
40474800
3f80a000
40474800
3f80a000
4047b800
3f80a000
4047b800
3f80a000
4047b800
3f80a000
4047b800
3f80a000
4047b800
3f80a000
4047b800
3f80a000
4047b800
3f80a000
4047b800
3f80a000
4047b800
3f80a000
4047b800
3f80a000
4047b800
3f80a000
4047b800
3f80a000
4047b800
3f80a000
4047b800
3f80a000
4047b800
3f80a000
4047b800
3f80a000
4047b800
3f80a000
40482800
3f80a000
40482800
3f80a000
40482800
3f80a000
40482800
3f80a000
40482800
3f80a000
40482800
3f80a000
40482800
3f80a000
40482800
3f80a000
40482800
3f80a000
40482800
3f80a000
40482800
3f80a000
40482800
3f80a000
40482800
3f80a000
40482800
3f80a000
40482800
3f80a000
40482800
3f80a000
40489800
3f80a000
40489800
3f80a000
40489800
3f80a000
40489800
3f80a000
40489800
3f80a000
40489800
3f80a000
40489800
3f80a000
40489800
3f80a000
40489800
3f80a000
40489800
3f80a000
40489800
3f80a000
40489800
3f80a000
40489800
3f80a000
40489800
3f80a000
40489800
3f80a000
40489800
3f80a000
40489800
3f80a000
40490800
3f80a000
40490800
3f80a000
40490800
3f80a000
40490800
3f80a000
40490800
3f80a000
40490800
3f80a000
40490800
3f80a000
40490800
3f80a000
40490800
3f80a000
40490800
3f80a000
40490800
3f80a000
40490800
3f80a000
40490800
3f80a000
40490800
3f80a000
40490800
3f80a000
40490800
3f80a000
40497800
3f80a000
40497800
3f80a000
40497800
3f80a000
40497800
3f80a000
40497800
3f80a000
40497800
3f80a000
40497800
3f80a000
40497800
3f80a000
40497800
3f80a000
40497800
3f80a000
40497800
3f80a000
40497800
3f80a000
40497800
3f80a000
40497800
3f80a000
40497800
3f80a000
40497800
3f80a000
40497800
3f80a000
4049e800
3f80a000
4049e800
3f80a000
4049e800
3f80a000
4049e800
3f80a000
4049e800
3f80a000
4049e800
3f80a000
4049e800
3f80a000
4049e800
3f80a000
4049e800
3f80a000
4049e800
3f80a000
4049e800
3f80a000
4049e800
3f80a000
4049e800
3f80a000
4049e800
3f80a000
4049e800
3f80a000
4049e800
3f80a000
404a5800
3f80a000
404a5800
3f80a000
404a5800
3f80a000
404a5800
3f80a000
404a5800
3f80a000
404a5800
3f80a000
404a5800
3f80a000
404a5800
3f80a000
404a5800
3f80a000
404a5800
3f80a000
404a5800
3f80a000
404a5800
3f80a000
404a5800
3f80a000
404a5800
3f80a000
404a5800
3f80a000
404a5800
3f80a000
404ac800
3f80a000
404ac800
3f80a000
404ac800
3f80a000
404ac800
3f80a000
404ac800
3f80a000
404ac800
3f80a000
404ac800
3f80a000
404ac800
3f80a000
404ac800
3f80a000
404ac800
3f80a000
404ac800
3f80a000
404ac800
3f80a000
404ac800
3f80a000
404ac800
3f80a000
404ac800
3f80a000
404ac800
3f80a000
404ac800
3f80a000
404b3800
3f80a000
404b3800
3f80a000
404b3800
3f80a000
404b3800
3f80a000
404b3800
3f80a000
404b3800
3f80a000
404b3800
3f80a000
404b3800
3f80a000
404b3800
3f80a000
404b3800
3f80a000
404b3800
3f80a000
404b3800
3f80a000
404b3800
3f80a000
404b3800
3f80a000
404b3800
3f80a000
404b3800
3f80a000
404ba800
3f80a000
404ba800
3f80a000
404ba800
3f80a000
404ba800
3f80a000
404ba800
3f80a000
404ba800
3f80a000
404ba800
3f80a000
404ba800
3f80a000
404ba800
3f80a000
404ba800
3f80a000
404ba800
3f80a000
404ba800
3f80a000
404ba800
3f80a000
404ba800
3f80a000
404ba800
3f80a000
404ba800
3f80a000
404ba800
3f80a000
404c1800
3f80a000
404c1800
3f80a000
404c1800
3f80a000
404c1800
3f80a000
404c1800
3f80a000
404c1800
3f80a000
404c1800
3f80a000
404c1800
3f80a000
404c1800
3f80a000
404c1800
3f80a000
404c1800
3f80a000
404c1800
3f80a000
404c1800
3f80a000
404c1800
3f80a000
404c1800
3f80a000
404c1800
3f80a000
404c8800
3f80a000
404c8800
3f80a000
404c8800
3f80a000
404c8800
3f80a000
404c8800
3f80a000
404c8800
3f80a000
404c8800
3f80a000
404c8800
3f80a000
404c8800
3f80a000
404c8800
3f80a000
404c8800
3f80a000
404c8800
3f80a000
404c8800
3f80a000
404c8800
3f80a000
404c8800
3f80a000
404c8800
3f80a000
404c8800
3f80a000
404cf800
3f80a000
404cf800
3f80a000
404cf800
3f80a000
404cf800
3f80a000
404cf800
3f80a000
404cf800
3f80a000
404cf800
3f80a000
404cf800
3f80a000
404cf800
3f80a000
404cf800
3f80a000
404cf800
3f80a000
404cf800
3f80a000
404cf800
3f80a000
404cf800
3f80a000
404cf800
3f80a000
404cf800
3f80a000
404d6800
3f80a000
404d6800
3f80a000
404d6800
3f80a000
404d6800
3f80a000
404d6800
3f80a000
404d6800
3f80a000
404d6800
3f80a000
404d6800
3f80a000
404d6800
3f80a000
404d6800
3f80a000
404d6800
3f80a000
404d6800
3f80a000
404d6800
3f80a000
404d6800
3f80a000
404d6800
3f80a000
404d6800
3f80a000
404dd800
3f80a000
404dd800
3f80a000
404dd800
3f80a000
404dd800
3f80a000
404dd800
3f80a000
404dd800
3f80a000
404dd800
3f80a000
404dd800
3f80a000
404dd800
3f80a000
404dd800
3f80a000
404dd800
3f80a000
404dd800
3f80a000
404dd800
3f80a000
404dd800
3f80a000
404dd800
3f80a000
404dd800
3f80a000
404dd800
3f80a000
404e4800
3f80a000
404e4800
3f80a000
404e4800
3f80a000
404e4800
3f80a000
404e4800
3f80a000
404e4800
3f80a000
404e4800
3f80a000
404e4800
3f80a000
404e4800
3f80a000
404e4800
3f80a000
404e4800
3f80a000
404e4800
3f80a000
404e4800
3f80a000
404e4800
3f80a000
404e4800
3f80a000
404e4800
3f80a000
404eb800
3f80a000
404eb800
3f80a000
404eb800
3f80a000
404eb800
3f80a000
404eb800
3f80a000
404eb800
3f80a000
404eb800
3f80a000
404eb800
3f80a000
404eb800
3f80a000
404eb800
3f80a000
404eb800
3f80a000
404eb800
3f80a000
404eb800
3f80a000
404eb800
3f80a000
404eb800
3f80a000
404eb800
3f80a000
404eb800
3f80a000
404f2800
3f80a000
404f2800
3f80a000
404f2800
3f80a000
404f2800
3f80a000
404f2800
3f80a000
404f2800
3f80a000
404f2800
3f80a000
404f2800
3f80a000
404f2800
3f80a000
404f2800
3f80a000
404f2800
3f80a000
404f2800
3f80a000
404f2800
3f80a000
404f2800
3f80a000
404f2800
3f80a000
404f2800
3f80a000
404f9800
3f80a000
404f9800
3f80a000
404f9800
3f80a000
404f9800
3f80a000
404f9800
3f80a000
404f9800
3f80a000
404f9800
3f80a000
404f9800
3f80a000
404f9800
3f80a000
404f9800
3f80a000
404f9800
3f80a000
404f9800
3f80a000
404f9800
3f80a000
404f9800
3f80a000
404f9800
3f80a000
404f9800
3f80a000
404f9800
3f80a000
40500800
3f80a000
40500800
3f80a000
40500800
3f80a000
40500800
3f80a000
40500800
3f80a000
40500800
3f80a000
40500800
3f80a000
40500800
3f80a000
40500800
3f80a000
40500800
3f80a000
40500800
3f80a000
40500800
3f80a000
40500800
3f80a000
40500800
3f80a000
40500800
3f80a000
40500800
3f80a000
40507800
3f80a000
40507800
3f80a000
40507800
3f80a000
40507800
3f80a000
40507800
3f80a000
40507800
3f80a000
40507800
3f80a000
40507800
3f80a000
40507800
3f80a000
40507800
3f80a000
40507800
3f80a000
40507800
3f80a000
40507800
3f80a000
40507800
3f80a000
40507800
3f80a000
40507800
3f80a000
4050e800
3f80a000
4050e800
3f80a000
4050e800
3f80a000
4050e800
3f80a000
4050e800
3f80a000
4050e800
3f80a000
4050e800
3f80a000
4050e800
3f80a000
4050e800
3f80a000
4050e800
3f80a000
4050e800
3f80a000
4050e800
3f80a000
4050e800
3f80a000
4050e800
3f80a000
4050e800
3f80a000
4050e800
3f80a000
4050e800
3f80a000
40515800
3f80a000
40515800
3f80a000
40515800
3f80a000
40515800
3f80a000
40515800
3f80a000
40515800
3f80a000
40515800
3f80a000
40515800
3f80a000
40515800
3f80a000
40515800
3f80a000
40515800
3f80a000
40515800
3f80a000
40515800
3f80a000
40515800
3f80a000
40515800
3f80a000
40515800
3f80a000
4051c800
3f80a000
4051c800
3f80a000
4051c800
3f80a000
4051c800
3f80a000
4051c800
3f80a000
4051c800
3f80a000
4051c800
3f80a000
4051c800
3f80a000
4051c800
3f80a000
4051c800
3f80a000
4051c800
3f80a000
4051c800
3f80a000
4051c800
3f80a000
4051c800
3f80a000
4051c800
3f80a000
4051c800
3f80a000
4051c800
3f80a000
40523800
3f80a000
40523800
3f80a000
40523800
3f80a000
40523800
3f80a000
40523800
3f80a000
40523800
3f80a000
40523800
3f80a000
40523800
3f80a000
40523800
3f80a000
40523800
3f80a000
40523800
3f80a000
40523800
3f80a000
40523800
3f80a000
40523800
3f80a000
40523800
3f80a000
40523800
3f80a000
4052a800
3f80a000
4052a800
3f80a000
4052a800
3f80a000
4052a800
3f80a000
4052a800
3f80a000
4052a800
3f80a000
4052a800
3f80a000
4052a800
3f80a000
4052a800
3f80a000
4052a800
3f80a000
4052a800
3f80a000
4052a800
3f80a000
4052a800
3f80a000
4052a800
3f80a000
4052a800
3f80a000
4052a800
3f80a000
4052a800
3f80a000
40531800
3f80a000
40531800
3f80a000
40531800
3f80a000
40531800
3f80a000
40531800
3f80a000
40531800
3f80a000
40531800
3f80a000
40531800
3f80a000
40531800
3f80a000
40531800
3f80a000
40531800
3f80a000
40531800
3f80a000
40531800
3f80a000
40531800
3f80a000
40531800
3f80a000
40531800
3f80a000
40538800
3f80a000
40538800
3f80a000
40538800
3f80a000
40538800
3f80a000
40538800
3f80a000
40538800
3f80a000
40538800
3f80a000
40538800
3f80a000
40538800
3f80a000
40538800
3f80a000
40538800
3f80a000
40538800
3f80a000
40538800
3f80a000
40538800
3f80a000
40538800
3f80a000
40538800
3f80a000
4053f800
3f80a000
4053f800
3f80a000
4053f800
3f80a000
4053f800
3f80a000
4053f800
3f80a000
4053f800
3f80a000
4053f800
3f80a000
4053f800
3f80a000
4053f800
3f80a000
4053f800
3f80a000
4053f800
3f80a000
4053f800
3f80a000
4053f800
3f80a000
4053f800
3f80a000
4053f800
3f80a000
4053f800
3f80a000
4053f800
3f80a000
40546800
3f80a000
40546800
3f80a000
40546800
3f80a000
40546800
3f80a000
40546800
3f80a000
40546800
3f80a000
40546800
3f80a000
40546800
3f80a000
40546800
3f80a000
40546800
3f80a000
40546800
3f80a000
40546800
3f80a000
40546800
3f80a000
40546800
3f80a000
40546800
3f80a000
40546800
3f80a000
4054d800
3f80a000
4054d800
3f80a000
4054d800
3f80a000
4054d800
3f80a000
4054d800
3f80a000
4054d800
3f80a000
4054d800
3f80a000
4054d800
3f80a000
4054d800
3f80a000
4054d800
3f80a000
4054d800
3f80a000
4054d800
3f80a000
4054d800
3f80a000
4054d800
3f80a000
4054d800
3f80a000
4054d800
3f80a000
4054d800
3f80a000
40554800
3f80a000
40554800
3f80a000
40554800
3f80a000
40554800
3f80a000
40554800
3f80a000
40554800
3f80a000
40554800
3f80a000
40554800
3f80a000
40554800
3f80a000
40554800
3f80a000
40554800
3f80a000
40554800
3f80a000
40554800
3f80a000
40554800
3f80a000
40554800
3f80a000
40554800
3f80a000
4055b800
3f80a000
4055b800
3f80a000
4055b800
3f80a000
4055b800
3f80a000
4055b800
3f80a000
4055b800
3f80a000
4055b800
3f80a000
4055b800
3f80a000
4055b800
3f80a000
4055b800
3f80a000
4055b800
3f80a000
4055b800
3f80a000
4055b800
3f80a000
4055b800
3f80a000
4055b800
3f80a000
4055b800
3f80a000
4055b800
3f80a000
40562800
3f80a000
40562800
3f80a000
40562800
3f80a000
40562800
3f80a000
40562800
3f80a000
40562800
3f80a000
40562800
3f80a000
40562800
3f80a000
40562800
3f80a000
40562800
3f80a000
40562800
3f80a000
40562800
3f80a000
40562800
3f80a000
40562800
3f80a000
40562800
3f80a000
40562800
3f80a000
40569800
3f80a000
40569800
3f80a000
40569800
3f80a000
40569800
3f80a000
40569800
3f80a000
40569800
3f80a000
40569800
3f80a000
40569800
3f80a000
40569800
3f80a000
40569800
3f80a000
40569800
3f80a000
40569800
3f80a000
40569800
3f80a000
40569800
3f80a000
40569800
3f80a000
40569800
3f80a000
40569800
3f80a000
40570800
3f80a000
40570800
3f80a000
40570800
3f80a000
40570800
3f80a000
40570800
3f80a000
40570800
3f80a000
40570800
3f80a000
40570800
3f80a000
40570800
3f80a000
40570800
3f80a000
40570800
3f80a000
40570800
3f80a000
40570800
3f80a000
40570800
3f80a000
40570800
3f80a000
40570800
3f80a000
40577800
3f80a000
40577800
3f80a000
40577800
3f80a000
40577800
3f80a000
40577800
3f80a000
40577800
3f80a000
40577800
3f80a000
40577800
3f80a000
40577800
3f80a000
40577800
3f80a000
40577800
3f80a000
40577800
3f80a000
40577800
3f80a000
40577800
3f80a000
40577800
3f80a000
40577800
3f80a000
4057e800
3f80a000
4057e800
3f80a000
4057e800
3f80a000
4057e800
3f80a000
4057e800
3f80a000
4057e800
3f80a000
4057e800
3f80a000
4057e800
3f80a000
4057e800
3f80a000
4057e800
3f80a000
4057e800
3f80a000
4057e800
3f80a000
4057e800
3f80a000
4057e800
3f80a000
4057e800
3f80a000
4057e800
3f80a000
4057e800
3f80a000
40585800
3f80a000
40585800
3f80a000
40585800
3f80a000
40585800
3f80a000
40585800
3f80a000
40585800
3f80a000
40585800
3f80a000
40585800
3f80a000
40585800
3f80a000
40585800
3f80a000
40585800
3f80a000
40585800
3f80a000
40585800
3f80a000
40585800
3f80a000
40585800
3f80a000
40585800
3f80a000
4058c800
3f80a000
4058c800
3f80a000
4058c800
3f80a000
4058c800
3f80a000
4058c800
3f80a000
4058c800
3f80a000
4058c800
3f80a000
4058c800
3f80a000
4058c800
3f80a000
4058c800
3f80a000
4058c800
3f80a000
4058c800
3f80a000
4058c800
3f80a000
4058c800
3f80a000
4058c800
3f80a000
4058c800
3f80a000
4058c800
3f80a000
40593800
3f80a000
40593800
3f80a000
40593800
3f80a000
40593800
3f80a000
40593800
3f80a000
40593800
3f80a000
40593800
3f80a000
40593800
3f80a000
40593800
3f80a000
40593800
3f80a000
40593800
3f80a000
40593800
3f80a000
40593800
3f80a000
40593800
3f80a000
40593800
3f80a000
40593800
3f80a000
4059a800
3f80a000
4059a800
3f80a000
4059a800
3f80a000
4059a800
3f80a000
4059a800
3f80a000
4059a800
3f80a000
4059a800
3f80a000
4059a800
3f80a000
4059a800
3f80a000
4059a800
3f80a000
4059a800
3f80a000
4059a800
3f80a000
4059a800
3f80a000
4059a800
3f80a000
4059a800
3f80a000
4059a800
3f80a000
4059a800
3f80a000
405a1800
3f80a000
405a1800
3f80a000
405a1800
3f80a000
405a1800
3f80a000
405a1800
3f80a000
405a1800
3f80a000
405a1800
3f80a000
405a1800
3f80a000
405a1800
3f80a000
405a1800
3f80a000
405a1800
3f80a000
405a1800
3f80a000
405a1800
3f80a000
405a1800
3f80a000
405a1800
3f80a000
405a1800
3f80a000
405a8800
3f80a000
405a8800
3f80a000
405a8800
3f80a000
405a8800
3f80a000
405a8800
3f80a000
405a8800
3f80a000
405a8800
3f80a000
405a8800
3f80a000
405a8800
3f80a000
405a8800
3f80a000
405a8800
3f80a000
405a8800
3f80a000
405a8800
3f80a000
405a8800
3f80a000
405a8800
3f80a000
405a8800
3f80a000
405af800
3f80a000
405af800
3f80a000
405af800
3f80a000
405af800
3f80a000
405af800
3f80a000
405af800
3f80a000
405af800
3f80a000
405af800
3f80a000
405af800
3f80a000
405af800
3f80a000
405af800
3f80a000
405af800
3f80a000
405af800
3f80a000
405af800
3f80a000
405af800
3f80a000
405af800
3f80a000
405af800
3f80a000
405b6800
3f80a000
405b6800
3f80a000
405b6800
3f80a000
405b6800
3f80a000
405b6800
3f80a000
405b6800
3f80a000
405b6800
3f80a000
405b6800
3f80a000
405b6800
3f80a000
405b6800
3f80a000
405b6800
3f80a000
405b6800
3f80a000
405b6800
3f80a000
405b6800
3f80a000
405b6800
3f80a000
405b6800
3f80a000
405bd800
3f80a000
405bd800
3f80a000
405bd800
3f80a000
405bd800
3f80a000
405bd800
3f80a000
405bd800
3f80a000
405bd800
3f80a000
405bd800
3f80a000
405bd800
3f80a000
405bd800
3f80a000
405bd800
3f80a000
405bd800
3f80a000
405bd800
3f80a000
405bd800
3f80a000
405bd800
3f80a000
405bd800
3f80a000
405bd800
3f80a000
405c4800
3f80a000
405c4800
3f80a000
405c4800
3f80a000
405c4800
3f80a000
405c4800
3f80a000
405c4800
3f80a000
405c4800
3f80a000
405c4800
3f80a000
405c4800
3f80a000
405c4800
3f80a000
405c4800
3f80a000
405c4800
3f80a000
405c4800
3f80a000
405c4800
3f80a000
405c4800
3f80a000
405c4800
3f80a000
405cb800
3f80a000
405cb800
3f80a000
405cb800
3f80a000
405cb800
3f80a000
405cb800
3f80a000
405cb800
3f80a000
405cb800
3f80a000
405cb800
3f80a000
405cb800
3f80a000
405cb800
3f80a000
405cb800
3f80a000
405cb800
3f80a000
405cb800
3f80a000
405cb800
3f80a000
405cb800
3f80a000
405cb800
3f80a000
405cb800
3f80a000
405d2800
3f80a000
405d2800
3f80a000
405d2800
3f80a000
405d2800
3f80a000
405d2800
3f80a000
405d2800
3f80a000
405d2800
3f80a000
405d2800
3f80a000
405d2800
3f80a000
405d2800
3f80a000
405d2800
3f80a000
405d2800
3f80a000
405d2800
3f80a000
405d2800
3f80a000
405d2800
3f80a000
405d2800
3f80a000
405d9800
3f80a000
405d9800
3f80a000
405d9800
3f80a000
405d9800
3f80a000
405d9800
3f80a000
405d9800
3f80a000
405d9800
3f80a000
405d9800
3f80a000
405d9800
3f80a000
405d9800
3f80a000
405d9800
3f80a000
405d9800
3f80a000
405d9800
3f80a000
405d9800
3f80a000
405d9800
3f80a000
405d9800
3f80a000
405e0800
3f80a000
405e0800
3f80a000
405e0800
3f80a000
405e0800
3f80a000
405e0800
3f80a000
405e0800
3f80a000
405e0800
3f80a000
405e0800
3f80a000
405e0800
3f80a000
405e0800
3f80a000
405e0800
3f80a000
405e0800
3f80a000
405e0800
3f80a000
405e0800
3f80a000
405e0800
3f80a000
405e0800
3f80a000
405e0800
3f80a000
405e7800
3f80a000
405e7800
3f80a000
405e7800
3f80a000
405e7800
3f80a000
405e7800
3f80a000
405e7800
3f80a000
405e7800
3f80a000
405e7800
3f80a000
405e7800
3f80a000
405e7800
3f80a000
405e7800
3f80a000
405e7800
3f80a000
405e7800
3f80a000
405e7800
3f80a000
405e7800
3f80a000
405e7800
3f80a000
405ee800
3f80a000
405ee800
3f80a000
405ee800
3f80a000
405ee800
3f80a000
405ee800
3f80a000
405ee800
3f80a000
405ee800
3f80a000
405ee800
3f80a000
405ee800
3f80a000
405ee800
3f80a000
405ee800
3f80a000
405ee800
3f80a000
405ee800
3f80a000
405ee800
3f80a000
405ee800
3f80a000
405ee800
3f80a000
405ee800
3f80a000
405f5800
3f80a000
405f5800
3f80a000
405f5800
3f80a000
405f5800
3f80a000
405f5800
3f80a000
405f5800
3f80a000
405f5800
3f80a000
405f5800
3f80a000
405f5800
3f80a000
405f5800
3f80a000
405f5800
3f80a000
405f5800
3f80a000
405f5800
3f80a000
405f5800
3f80a000
405f5800
3f80a000
405f5800
3f80a000
405fc800
3f80a000
405fc800
3f80a000
405fc800
3f80a000
405fc800
3f80a000
405fc800
3f80a000
405fc800
3f80a000
405fc800
3f80a000
405fc800
3f80a000
405fc800
3f80a000
405fc800
3f80a000
405fc800
3f80a000
405fc800
3f80a000
405fc800
3f80a000
405fc800
3f80a000
405fc800
3f80a000
405fc800
3f80a000
405fc800
3f80a000
40603800
3f80a000
40603800
3f80a000
40603800
3f80a000
40603800
3f80a000
40603800
3f80a000
40603800
3f80a000
40603800
3f80a000
40603800
3f80a000
40603800
3f80a000
40603800
3f80a000
40603800
3f80a000
40603800
3f80a000
40603800
3f80a000
40603800
3f80a000
40603800
3f80a000
40603800
3f80a000
4060a800
3f80a000
4060a800
3f80a000
4060a800
3f80a000
4060a800
3f80a000
4060a800
3f80a000
4060a800
3f80a000
4060a800
3f80a000
4060a800
3f80a000
4060a800
3f80a000
4060a800
3f80a000
4060a800
3f80a000
4060a800
3f80a000
4060a800
3f80a000
4060a800
3f80a000
4060a800
3f80a000
4060a800
3f80a000
40611800
3f80a000
40611800
3f80a000
40611800
3f80a000
40611800
3f80a000
40611800
3f80a000
40611800
3f80a000
40611800
3f80a000
40611800
3f80a000
40611800
3f80a000
40611800
3f80a000
40611800
3f80a000
40611800
3f80a000
40611800
3f80a000
40611800
3f80a000
40611800
3f80a000
40611800
3f80a000
40611800
3f80a000
40618800
3f80a000
40618800
3f80a000
40618800
3f80a000
40618800
3f80a000
40618800
3f80a000
40618800
3f80a000
40618800
3f80a000
40618800
3f80a000
40618800
3f80a000
40618800
3f80a000
40618800
3f80a000
40618800
3f80a000
40618800
3f80a000
40618800
3f80a000
40618800
3f80a000
40618800
3f80a000
4061f800
3f80a000
4061f800
3f80a000
4061f800
3f80a000
4061f800
3f80a000
4061f800
3f80a000
4061f800
3f80a000
4061f800
3f80a000
4061f800
3f80a000
4061f800
3f80a000
4061f800
3f80a000
4061f800
3f80a000
4061f800
3f80a000
4061f800
3f80a000
4061f800
3f80a000
4061f800
3f80a000
4061f800
3f80a000
4061f800
3f80a000
40626800
3f80a000
40626800
3f80a000
40626800
3f80a000
40626800
3f80a000
40626800
3f80a000
40626800
3f80a000
40626800
3f80a000
40626800
3f80a000
40626800
3f80a000
40626800
3f80a000
40626800
3f80a000
40626800
3f80a000
40626800
3f80a000
40626800
3f80a000
40626800
3f80a000
40626800
3f80a000
4062d800
3f80a000
4062d800
3f80a000
4062d800
3f80a000
4062d800
3f80a000
4062d800
3f80a000
4062d800
3f80a000
4062d800
3f80a000
4062d800
3f80a000
4062d800
3f80a000
4062d800
3f80a000
4062d800
3f80a000
4062d800
3f80a000
4062d800
3f80a000
4062d800
3f80a000
4062d800
3f80a000
4062d800
3f80a000
4062d800
3f80a000
40634800
3f80a000
40634800
3f80a000
40634800
3f80a000
40634800
3f80a000
40634800
3f80a000
40634800
3f80a000
40634800
3f80a000
40634800
3f80a000
40634800
3f80a000
40634800
3f80a000
40634800
3f80a000
40634800
3f80a000
40634800
3f80a000
40634800
3f80a000
40634800
3f80a000
40634800
3f80a000
4063b800
3f80a000
4063b800
3f80a000
4063b800
3f80a000
4063b800
3f80a000
4063b800
3f80a000
4063b800
3f80a000
4063b800
3f80a000
4063b800
3f80a000
4063b800
3f80a000
4063b800
3f80a000
4063b800
3f80a000
4063b800
3f80a000
4063b800
3f80a000
4063b800
3f80a000
4063b800
3f80a000
4063b800
3f80a000
4063b800
3f80a000
40642800
3f80a000
40642800
3f80a000
40642800
3f80a000
40642800
3f80a000
40642800
3f80a000
40642800
3f80a000
40642800
3f80a000
40642800
3f80a000
40642800
3f80a000
40642800
3f80a000
40642800
3f80a000
40642800
3f80a000
40642800
3f80a000
40642800
3f80a000
40642800
3f80a000
40642800
3f80a000
40649800
3f80a000
40649800
3f80a000
40649800
3f80a000
40649800
3f80a000
40649800
3f80a000
40649800
3f80a000
40649800
3f80a000
40649800
3f80a000
40649800
3f80a000
40649800
3f80a000
40649800
3f80a000
40649800
3f80a000
40649800
3f80a000
40649800
3f80a000
40649800
3f80a000
40649800
3f80a000
40650800
3f80a000
40650800
3f80a000
40650800
3f80a000
40650800
3f80a000
40650800
3f80a000
40650800
3f80a000
40650800
3f80a000
40650800
3f80a000
40650800
3f80a000
40650800
3f80a000
40650800
3f80a000
40650800
3f80a000
40650800
3f80a000
40650800
3f80a000
40650800
3f80a000
40650800
3f80a000
40650800
3f80a000
40657800
3f80a000
40657800
3f80a000
40657800
3f80a000
40657800
3f80a000
40657800
3f80a000
40657800
3f80a000
40657800
3f80a000
40657800
3f80a000
40657800
3f80a000
40657800
3f80a000
40657800
3f80a000
40657800
3f80a000
40657800
3f80a000
40657800
3f80a000
40657800
3f80a000
40657800
3f80a000
4065e800
3f80a000
4065e800
3f80a000
4065e800
3f80a000
4065e800
3f80a000
4065e800
3f80a000
4065e800
3f80a000
4065e800
3f80a000
4065e800
3f80a000
4065e800
3f80a000
4065e800
3f80a000
4065e800
3f80a000
4065e800
3f80a000
4065e800
3f80a000
4065e800
3f80a000
4065e800
3f80a000
4065e800
3f80a000
4065e800
3f80a000
40665800
3f80a000
40665800
3f80a000
40665800
3f80a000
40665800
3f80a000
40665800
3f80a000
40665800
3f80a000
40665800
3f80a000
40665800
3f80a000
40665800
3f80a000
40665800
3f80a000
40665800
3f80a000
40665800
3f80a000
40665800
3f80a000
40665800
3f80a000
40665800
3f80a000
40665800
3f80a000
4066c800
3f80a000
4066c800
3f80a000
4066c800
3f80a000
4066c800
3f80a000
4066c800
3f80a000
4066c800
3f80a000
4066c800
3f80a000
4066c800
3f80a000
4066c800
3f80a000
4066c800
3f80a000
4066c800
3f80a000
4066c800
3f80a000
4066c800
3f80a000
4066c800
3f80a000
4066c800
3f80a000
4066c800
3f80a000
4066c800
3f80a000
40673800
3f80a000
40673800
3f80a000
40673800
3f80a000
40673800
3f80a000
40673800
3f80a000
40673800
3f80a000
40673800
3f80a000
40673800
3f80a000
40673800
3f80a000
40673800
3f80a000
40673800
3f80a000
40673800
3f80a000
40673800
3f80a000
40673800
3f80a000
40673800
3f80a000
40673800
3f80a000
4067a800
3f80a000
4067a800
3f80a000
4067a800
3f80a000
4067a800
3f80a000
4067a800
3f80a000
4067a800
3f80a000
4067a800
3f80a000
4067a800
3f80a000
4067a800
3f80a000
4067a800
3f80a000
4067a800
3f80a000
4067a800
3f80a000
4067a800
3f80a000
4067a800
3f80a000
4067a800
3f80a000
4067a800
3f80a000
40681800
3f80a000
40681800
3f80a000
40681800
3f80a000
40681800
3f80a000
40681800
3f80a000
40681800
3f80a000
40681800
3f80a000
40681800
3f80a000
40681800
3f80a000
40681800
3f80a000
40681800
3f80a000
40681800
3f80a000
40681800
3f80a000
40681800
3f80a000
40681800
3f80a000
40681800
3f80a000
40681800
3f80a000
40688800
3f80a000
40688800
3f80a000
40688800
3f80a000
40688800
3f80a000
40688800
3f80a000
40688800
3f80a000
40688800
3f80a000
40688800
3f80a000
40688800
3f80a000
40688800
3f80a000
40688800
3f80a000
40688800
3f80a000
40688800
3f80a000
40688800
3f80a000
40688800
3f80a000
40688800
3f80a000
4068f800
3f80a000
4068f800
3f80a000
4068f800
3f80a000
4068f800
3f80a000
4068f800
3f80a000
4068f800
3f80a000
4068f800
3f80a000
4068f800
3f80a000
4068f800
3f80a000
4068f800
3f80a000
4068f800
3f80a000
4068f800
3f80a000
4068f800
3f80a000
4068f800
3f80a000
4068f800
3f80a000
4068f800
3f80a000
4068f800
3f80a000
40696800
3f80a000
40696800
3f80a000
40696800
3f80a000
40696800
3f80a000
40696800
3f80a000
40696800
3f80a000
40696800
3f80a000
40696800
3f80a000
40696800
3f80a000
40696800
3f80a000
40696800
3f80a000
40696800
3f80a000
40696800
3f80a000
40696800
3f80a000
40696800
3f80a000
40696800
3f80a000
4069d800
3f80a000
4069d800
3f80a000
4069d800
3f80a000
4069d800
3f80a000
4069d800
3f80a000
4069d800
3f80a000
4069d800
3f80a000
4069d800
3f80a000
4069d800
3f80a000
4069d800
3f80a000
4069d800
3f80a000
4069d800
3f80a000
4069d800
3f80a000
4069d800
3f80a000
4069d800
3f80a000
4069d800
3f80a000
4069d800
3f80a000
406a4800
3f80a000
406a4800
3f80a000
406a4800
3f80a000
406a4800
3f80a000
406a4800
3f80a000
406a4800
3f80a000
406a4800
3f80a000
406a4800
3f80a000
406a4800
3f80a000
406a4800
3f80a000
406a4800
3f80a000
406a4800
3f80a000
406a4800
3f80a000
406a4800
3f80a000
406a4800
3f80a000
406a4800
3f80a000
406ab800
3f80a000
406ab800
3f80a000
406ab800
3f80a000
406ab800
3f80a000
406ab800
3f80a000
406ab800
3f80a000
406ab800
3f80a000
406ab800
3f80a000
406ab800
3f80a000
406ab800
3f80a000
406ab800
3f80a000
406ab800
3f80a000
406ab800
3f80a000
406ab800
3f80a000
406ab800
3f80a000
406ab800
3f80a000
406b2800
3f80a000
406b2800
3f80a000
406b2800
3f80a000
406b2800
3f80a000
406b2800
3f80a000
406b2800
3f80a000
406b2800
3f80a000
406b2800
3f80a000
406b2800
3f80a000
406b2800
3f80a000
406b2800
3f80a000
406b2800
3f80a000
406b2800
3f80a000
406b2800
3f80a000
406b2800
3f80a000
406b2800
3f80a000
406b2800
3f80a000
406b9800
3f80a000
406b9800
3f80a000
406b9800
3f80a000
406b9800
3f80a000
406b9800
3f80a000
406b9800
3f80a000
406b9800
3f80a000
406b9800
3f80a000
406b9800
3f80a000
406b9800
3f80a000
406b9800
3f80a000
406b9800
3f80a000
406b9800
3f80a000
406b9800
3f80a000
406b9800
3f80a000
406b9800
3f80a000
406c0800
3f80a000
406c0800
3f80a000
406c0800
3f80a000
406c0800
3f80a000
406c0800
3f80a000
406c0800
3f80a000
406c0800
3f80a000
406c0800
3f80a000
406c0800
3f80a000
406c0800
3f80a000
406c0800
3f80a000
406c0800
3f80a000
406c0800
3f80a000
406c0800
3f80a000
406c0800
3f80a000
406c0800
3f80a000
406c0800
3f80a000
406c7800
3f80a000
406c7800
3f80a000
406c7800
3f80a000
406c7800
3f80a000
406c7800
3f80a000
406c7800
3f80a000
406c7800
3f80a000
406c7800
3f80a000
406c7800
3f80a000
406c7800
3f80a000
406c7800
3f80a000
406c7800
3f80a000
406c7800
3f80a000
406c7800
3f80a000
406c7800
3f80a000
406c7800
3f80a000
406ce800
3f80a000
406ce800
3f80a000
406ce800
3f80a000
406ce800
3f80a000
406ce800
3f80a000
406ce800
3f80a000
406ce800
3f80a000
406ce800
3f80a000
406ce800
3f80a000
406ce800
3f80a000
406ce800
3f80a000
406ce800
3f80a000
406ce800
3f80a000
406ce800
3f80a000
406ce800
3f80a000
406ce800
3f80a000
406ce800
3f80a000
406d5800
3f80a000
406d5800
3f80a000
406d5800
3f80a000
406d5800
3f80a000
406d5800
3f80a000
406d5800
3f80a000
406d5800
3f80a000
406d5800
3f80a000
406d5800
3f80a000
406d5800
3f80a000
406d5800
3f80a000
406d5800
3f80a000
406d5800
3f80a000
406d5800
3f80a000
406d5800
3f80a000
406d5800
3f80a000
406dc800
3f80a000
406dc800
3f80a000
406dc800
3f80a000
406dc800
3f80a000
406dc800
3f80a000
406dc800
3f80a000
406dc800
3f80a000
406dc800
3f80a000
406dc800
3f80a000
406dc800
3f80a000
406dc800
3f80a000
406dc800
3f80a000
406dc800
3f80a000
406dc800
3f80a000
406dc800
3f80a000
406dc800
3f80a000
406e3800
3f80a000
406e3800
3f80a000
406e3800
3f80a000
406e3800
3f80a000
406e3800
3f80a000
406e3800
3f80a000
406e3800
3f80a000
406e3800
3f80a000
406e3800
3f80a000
406e3800
3f80a000
406e3800
3f80a000
406e3800
3f80a000
406e3800
3f80a000
406e3800
3f80a000
406e3800
3f80a000
406e3800
3f80a000
406e3800
3f80a000
406ea800
3f80a000
406ea800
3f80a000
406ea800
3f80a000
406ea800
3f80a000
406ea800
3f80a000
406ea800
3f80a000
406ea800
3f80a000
406ea800
3f80a000
406ea800
3f80a000
406ea800
3f80a000
406ea800
3f80a000
406ea800
3f80a000
406ea800
3f80a000
406ea800
3f80a000
406ea800
3f80a000
406ea800
3f80a000
406f1800
3f80a000
406f1800
3f80a000
406f1800
3f80a000
406f1800
3f80a000
406f1800
3f80a000
406f1800
3f80a000
406f1800
3f80a000
406f1800
3f80a000
406f1800
3f80a000
406f1800
3f80a000
406f1800
3f80a000
406f1800
3f80a000
406f1800
3f80a000
406f1800
3f80a000
406f1800
3f80a000
406f1800
3f80a000
406f1800
3f80a000
406f8800
3f80a000
406f8800
3f80a000
406f8800
3f80a000
406f8800
3f80a000
406f8800
3f80a000
406f8800
3f80a000
406f8800
3f80a000
406f8800
3f80a000
406f8800
3f80a000
406f8800
3f80a000
406f8800
3f80a000
406f8800
3f80a000
406f8800
3f80a000
406f8800
3f80a000
406f8800
3f80a000
406f8800
3f80a000
406ff800
3f80a000
406ff800
3f80a000
406ff800
3f80a000
406ff800
3f80a000
406ff800
3f80a000
406ff800
3f80a000
406ff800
3f80a000
406ff800
3f80a000
406ff800
3f80a000
406ff800
3f80a000
406ff800
3f80a000
406ff800
3f80a000
406ff800
3f80a000
406ff800
3f80a000
406ff800
3f80a000
406ff800
3f80a000
406ff800
3f80a000
40706800
3f80a000
40706800
3f80a000
40706800
3f80a000
40706800
3f80a000
40706800
3f80a000
40706800
3f80a000
40706800
3f80a000
40706800
3f80a000
40706800
3f80a000
40706800
3f80a000
40706800
3f80a000
40706800
3f80a000
40706800
3f80a000
40706800
3f80a000
40706800
3f80a000
40706800
3f80a000
4070d800
3f80a000
4070d800
3f80a000
4070d800
3f80a000
4070d800
3f80a000
4070d800
3f80a000
4070d800
3f80a000
4070d800
3f80a000
4070d800
3f80a000
4070d800
3f80a000
4070d800
3f80a000
4070d800
3f80a000
4070d800
3f80a000
4070d800
3f80a000
4070d800
3f80a000
4070d800
3f80a000
4070d800
3f80a000
4070d800
3f80a000
40714800
3f80a000
40714800
3f80a000
40714800
3f80a000
40714800
3f80a000
40714800
3f80a000
40714800
3f80a000
40714800
3f80a000
40714800
3f80a000
40714800
3f80a000
40714800
3f80a000
40714800
3f80a000
40714800
3f80a000
40714800
3f80a000
40714800
3f80a000
40714800
3f80a000
40714800
3f80a000
4071b800
3f80a000
4071b800
3f80a000
4071b800
3f80a000
4071b800
3f80a000
4071b800
3f80a000
4071b800
3f80a000
4071b800
3f80a000
4071b800
3f80a000
4071b800
3f80a000
4071b800
3f80a000
4071b800
3f80a000
4071b800
3f80a000
4071b800
3f80a000
4071b800
3f80a000
4071b800
3f80a000
4071b800
3f80a000
40722800
3f80a000
40722800
3f80a000
40722800
3f80a000
40722800
3f80a000
40722800
3f80a000
40722800
3f80a000
40722800
3f80a000
40722800
3f80a000
40722800
3f80a000
40722800
3f80a000
40722800
3f80a000
40722800
3f80a000
40722800
3f80a000
40722800
3f80a000
40722800
3f80a000
40722800
3f80a000
40722800
3f80a000
40729800
3f80a000
40729800
3f80a000
40729800
3f80a000
40729800
3f80a000
40729800
3f80a000
40729800
3f80a000
40729800
3f80a000
40729800
3f80a000
40729800
3f80a000
40729800
3f80a000
40729800
3f80a000
40729800
3f80a000
40729800
3f80a000
40729800
3f80a000
40729800
3f80a000
40729800
3f80a000
40730800
3f80a000
40730800
3f80a000
40730800
3f80a000
40730800
3f80a000
40730800
3f80a000
40730800
3f80a000
40730800
3f80a000
40730800
3f80a000
40730800
3f80a000
40730800
3f80a000
40730800
3f80a000
40730800
3f80a000
40730800
3f80a000
40730800
3f80a000
40730800
3f80a000
40730800
3f80a000
40730800
3f80a000
40737800
3f80a000
40737800
3f80a000
40737800
3f80a000
40737800
3f80a000
40737800
3f80a000
40737800
3f80a000
40737800
3f80a000
40737800
3f80a000
40737800
3f80a000
40737800
3f80a000
40737800
3f80a000
40737800
3f80a000
40737800
3f80a000
40737800
3f80a000
40737800
3f80a000
40737800
3f80a000
4073e800
3f80a000
4073e800
3f80a000
4073e800
3f80a000
4073e800
3f80a000
4073e800
3f80a000
4073e800
3f80a000
4073e800
3f80a000
4073e800
3f80a000
4073e800
3f80a000
4073e800
3f80a000
4073e800
3f80a000
4073e800
3f80a000
4073e800
3f80a000
4073e800
3f80a000
4073e800
3f80a000
4073e800
3f80a000
4073e800
3f80a000
40745800
3f80a000
40745800
3f80a000
40745800
3f80a000
40745800
3f80a000
40745800
3f80a000
40745800
3f80a000
40745800
3f80a000
40745800
3f80a000
40745800
3f80a000
40745800
3f80a000
40745800
3f80a000
40745800
3f80a000
40745800
3f80a000
40745800
3f80a000
40745800
3f80a000
40745800
3f80a000
4074c800
3f80a000
4074c800
3f80a000
4074c800
3f80a000
4074c800
3f80a000
4074c800
3f80a000
4074c800
3f80a000
4074c800
3f80a000
4074c800
3f80a000
4074c800
3f80a000
4074c800
3f80a000
4074c800
3f80a000
4074c800
3f80a000
4074c800
3f80a000
4074c800
3f80a000
4074c800
3f80a000
4074c800
3f80a000
40753800
3f80a000
40753800
3f80a000
40753800
3f80a000
40753800
3f80a000
40753800
3f80a000
40753800
3f80a000
40753800
3f80a000
40753800
3f80a000
40753800
3f80a000
40753800
3f80a000
40753800
3f80a000
40753800
3f80a000
40753800
3f80a000
40753800
3f80a000
40753800
3f80a000
40753800
3f80a000
40753800
3f80a000
4075a800
3f80a000
4075a800
3f80a000
4075a800
3f80a000
4075a800
3f80a000
4075a800
3f80a000
4075a800
3f80a000
4075a800
3f80a000
4075a800
3f80a000
4075a800
3f80a000
4075a800
3f80a000
4075a800
3f80a000
4075a800
3f80a000
4075a800
3f80a000
4075a800
3f80a000
4075a800
3f80a000
4075a800
3f80a000
40761800
3f80a000
40761800
3f80a000
40761800
3f80a000
40761800
3f80a000
40761800
3f80a000
40761800
3f80a000
40761800
3f80a000
40761800
3f80a000
40761800
3f80a000
40761800
3f80a000
40761800
3f80a000
40761800
3f80a000
40761800
3f80a000
40761800
3f80a000
40761800
3f80a000
40761800
3f80a000
40761800
3f80a000
40768800
3f80a000
40768800
3f80a000
40768800
3f80a000
40768800
3f80a000
40768800
3f80a000
40768800
3f80a000
40768800
3f80a000
40768800
3f80a000
40768800
3f80a000
40768800
3f80a000
40768800
3f80a000
40768800
3f80a000
40768800
3f80a000
40768800
3f80a000
40768800
3f80a000
40768800
3f80a000
4076f800
3f80a000
4076f800
3f80a000
4076f800
3f80a000
4076f800
3f80a000
4076f800
3f80a000
4076f800
3f80a000
4076f800
3f80a000
4076f800
3f80a000
4076f800
3f80a000
4076f800
3f80a000
4076f800
3f80a000
4076f800
3f80a000
4076f800
3f80a000
4076f800
3f80a000
4076f800
3f80a000
4076f800
3f80a000
4076f800
3f80a000
40776800
3f80a000
40776800
3f80a000
40776800
3f80a000
40776800
3f80a000
40776800
3f80a000
40776800
3f80a000
40776800
3f80a000
40776800
3f80a000
40776800
3f80a000
40776800
3f80a000
40776800
3f80a000
40776800
3f80a000
40776800
3f80a000
40776800
3f80a000
40776800
3f80a000
40776800
3f80a000
4077d800
3f80a000
4077d800
3f80a000
4077d800
3f80a000
4077d800
3f80a000
4077d800
3f80a000
4077d800
3f80a000
4077d800
3f80a000
4077d800
3f80a000
4077d800
3f80a000
4077d800
3f80a000
4077d800
3f80a000
4077d800
3f80a000
4077d800
3f80a000
4077d800
3f80a000
4077d800
3f80a000
4077d800
3f80a000
40784800
3f80a000
40784800
3f80a000
40784800
3f80a000
40784800
3f80a000
40784800
3f80a000
40784800
3f80a000
40784800
3f80a000
40784800
3f80a000
40784800
3f80a000
40784800
3f80a000
40784800
3f80a000
40784800
3f80a000
40784800
3f80a000
40784800
3f80a000
40784800
3f80a000
40784800
3f80a000
40784800
3f80a000
4078b800
3f80a000
4078b800
3f80a000
4078b800
3f80a000
4078b800
3f80a000
4078b800
3f80a000
4078b800
3f80a000
4078b800
3f80a000
4078b800
3f80a000
4078b800
3f80a000
4078b800
3f80a000
4078b800
3f80a000
4078b800
3f80a000
4078b800
3f80a000
4078b800
3f80a000
4078b800
3f80a000
4078b800
3f80a000
40792800
3f80a000
40792800
3f80a000
40792800
3f80a000
40792800
3f80a000
40792800
3f80a000
40792800
3f80a000
40792800
3f80a000
40792800
3f80a000
40792800
3f80a000
40792800
3f80a000
40792800
3f80a000
40792800
3f80a000
40792800
3f80a000
40792800
3f80a000
40792800
3f80a000
40792800
3f80a000
40792800
3f80a000
40799800
3f80a000
40799800
3f80a000
40799800
3f80a000
40799800
3f80a000
40799800
3f80a000
40799800
3f80a000
40799800
3f80a000
40799800
3f80a000
40799800
3f80a000
40799800
3f80a000
40799800
3f80a000
40799800
3f80a000
40799800
3f80a000
40799800
3f80a000
40799800
3f80a000
40799800
3f80a000
407a0800
3f80a000
407a0800
3f80a000
407a0800
3f80a000
407a0800
3f80a000
407a0800
3f80a000
407a0800
3f80a000
407a0800
3f80a000
407a0800
3f80a000
407a0800
3f80a000
407a0800
3f80a000
407a0800
3f80a000
407a0800
3f80a000
407a0800
3f80a000
407a0800
3f80a000
407a0800
3f80a000
407a0800
3f80a000
407a0800
3f80a000
407a7800
3f80a000
407a7800
3f80a000
407a7800
3f80a000
407a7800
3f80a000
407a7800
3f80a000
407a7800
3f80a000
407a7800
3f80a000
407a7800
3f80a000
407a7800
3f80a000
407a7800
3f80a000
407a7800
3f80a000
407a7800
3f80a000
407a7800
3f80a000
407a7800
3f80a000
407a7800
3f80a000
407a7800
3f80a000
407ae800
3f80a000
407ae800
3f80a000
407ae800
3f80a000
407ae800
3f80a000
407ae800
3f80a000
407ae800
3f80a000
407ae800
3f80a000
407ae800
3f80a000
407ae800
3f80a000
407ae800
3f80a000
407ae800
3f80a000
407ae800
3f80a000
407ae800
3f80a000
407ae800
3f80a000
407ae800
3f80a000
407ae800
3f80a000
407b5800
3f80a000
407b5800
3f80a000
407b5800
3f80a000
407b5800
3f80a000
407b5800
3f80a000
407b5800
3f80a000
407b5800
3f80a000
407b5800
3f80a000
407b5800
3f80a000
407b5800
3f80a000
407b5800
3f80a000
407b5800
3f80a000
407b5800
3f80a000
407b5800
3f80a000
407b5800
3f80a000
407b5800
3f80a000
407b5800
3f80a000
407bc800
3f80a000
407bc800
3f80a000
407bc800
3f80a000
407bc800
3f80a000
407bc800
3f80a000
407bc800
3f80a000
407bc800
3f80a000
407bc800
3f80a000
407bc800
3f80a000
407bc800
3f80a000
407bc800
3f80a000
407bc800
3f80a000
407bc800
3f80a000
407bc800
3f80a000
407bc800
3f80a000
407bc800
3f80a000
3f70a000
3f81b000
3f80c000
3f79a000
3f825000
3f766000
3f8c0000
3f6b0000
3f915000
3f62e000
3f965000
3f5c6000
3fa00000
3f510000
3fa55000
3f48e000
3faa5000
3f426000
3fb40000
3f370000
3fb90000
3f308000
3fbe5000
3f286000
3fc80000
3f1d0000
3fb9a000
3f2bf000
3fc26000
3f264000
3fcc1000
3f209000
3fcda000
3f1ef000
3fd66000
3f194000
3fe01000
3f139000
3fe15000
3f12c000
3fea6000
3f0c4000
3ff3c000
3f069000
3ff4b000
3f05c000
3ffe6000
3efe8000
3f70a000
3f81b000
3f80c000
3f79a000
3f825000
3f766000
3f8c0000
3f6b0000
3f915000
3f62e000
3f965000
3f5c6000
3fa00000
3f510000
3fa55000
3f48e000
3faa5000
3f426000
3fb40000
3f370000
3fb90000
3f308000
3fbe5000
3f286000
3fc80000
3f1d0000
3fb9a000
3f2bf000
3fc26000
3f264000
3fcc1000
3f209000
3fcda000
3f1ef000
3fd66000
3f194000
3fe01000
3f139000
3fe15000
3f12c000
3fea6000
3f0c4000
3ff3c000
3f069000
3ff4b000
3f05c000
3ffe6000
3efe8000
3f70a000
3f81b000
3f80c000
3f79a000
3f825000
3f766000
3f8c0000
3f6b0000
3f915000
3f62e000
3f965000
3f5c6000
3fa00000
3f510000
3fa55000
3f48e000
3faa5000
3f426000
3fb40000
3f370000
3fb90000
3f308000
3fbe5000
3f286000
3fc80000
3f1d0000
3fb9a000
3f2bf000
3fc26000
3f264000
3fcc1000
3f209000
3fcda000
3f1ef000
3fd66000
3f194000
3fe01000
3f139000
3fe15000
3f12c000
3fea6000
3f0c4000
3ff3c000
3f069000
3ff4b000
3f05c000
3ffe6000
3efe8000
3f70a000
3f81b000
3f80c000
3f79a000
3f825000
3f766000
3f8c0000
3f6b0000
3f915000
3f62e000
3f965000
3f5c6000
3fa00000
3f510000
3fa55000
3f48e000
3faa5000
3f426000
3fb40000
3f370000
3fb90000
3f308000
3fbe5000
3f286000
3fc80000
3f1d0000
3fb9a000
3f2bf000
3fc26000
3f264000
3fcc1000
3f209000
3fcda000
3f1ef000
3fd66000
3f194000
3fe01000
3f139000
3fe15000
3f12c000
3fea6000
3f0c4000
3ff3c000
3f069000
3ff4b000
3f05c000
3ffe6000
3efe8000
3f70a000
3f81b000
3f80c000
3f79a000
3f825000
3f766000
3f8c0000
3f6b0000
3f915000
3f62e000
3f965000
3f5c6000
3fa00000
3f510000
3fa55000
3f48e000
3faa5000
3f426000
3fb40000
3f370000
3fb90000
3f308000
3fbe5000
3f286000
3fc80000
3f1d0000
3fb9a000
3f2bf000
3fc26000
3f264000
3fcc1000
3f209000
3fcda000
3f1ef000
3fd66000
3f194000
3fe01000
3f139000
3fe15000
3f12c000
3fea6000
3f0c4000
3ff3c000
3f069000
3ff4b000
3f05c000
3ffe6000
3efe8000
3f70a000
3f81b000
3f80c000
3f79a000
3f825000
3f766000
3f8c0000
3f6b0000
3f915000
3f62e000
3f965000
3f5c6000
3fa00000
3f510000
3fa55000
3f48e000
3faa5000
3f426000
3fb40000
3f370000
3fb90000
3f308000
3fbe5000
3f286000
3fc80000
3f1d0000
3fb9a000
3f2bf000
3fc26000
3f264000
3fcc1000
3f209000
3fcda000
3f1ef000
3fd66000
3f194000
3fe01000
3f139000
3fe15000
3f12c000
3fea6000
3f0c4000
3ff3c000
3f069000
3ff4b000
3f05c000
3ffe6000
3efe8000
3f70a000
3f81b000
3f80c000
3f79a000
3f825000
3f766000
3f8c0000
3f6b0000
3f915000
3f62e000
3f965000
3f5c6000
3fa00000
3f510000
3fa55000
3f48e000
3faa5000
3f426000
3fb40000
3f370000
3fb90000
3f308000
3fbe5000
3f286000
3fc80000
3f1d0000
3fb9a000
3f2bf000
3fc26000
3f264000
3fcc1000
3f209000
3fcda000
3f1ef000
3fd66000
3f194000
3fe01000
3f139000
3fe15000
3f12c000
3fea6000
3f0c4000
3ff3c000
3f069000
3ff4b000
3f05c000
3ffe6000
3efe8000
3f70a000
3f81b000
3f80c000
3f79a000
3f825000
3f766000
3f8c0000
3f6b0000
3f915000
3f62e000
3f965000
3f5c6000
3fa00000
3f510000
3fa55000
3f48e000
3faa5000
3f426000
3fb40000
3f370000
3fb90000
3f308000
3fbe5000
3f286000
3fc80000
3f1d0000
3fb9a000
3f2bf000
3fc26000
3f264000
3fcc1000
3f209000
3fcda000
3f1ef000
3fd66000
3f194000
3fe01000
3f139000
3fe15000
3f12c000
3fea6000
3f0c4000
3ff3c000
3f069000
3ff4b000
3f05c000
3ffe6000
3efe8000
3f70a000
3f81b000
3f80c000
3f79a000
3f825000
3f766000
3f8c0000
3f6b0000
3f915000
3f62e000
3f965000
3f5c6000
3fa00000
3f510000
3fa55000
3f48e000
3faa5000
3f426000
3fb40000
3f370000
3fb90000
3f308000
3fbe5000
3f286000
3fc80000
3f1d0000
3fb9a000
3f2bf000
3fc26000
3f264000
3fcc1000
3f209000
3fcda000
3f1ef000
3fd66000
3f194000
3fe01000
3f139000
3fe15000
3f12c000
3fea6000
3f0c4000
3ff3c000
3f069000
3ff4b000
3f05c000
3ffe6000
3efe8000
3f714000
3f81b000
3f811000
3f79a000
3f82a000
3f766000
3f8c5000
3f6b0000
3f91a000
3f62e000
3f96a000
3f5c6000
3fa05000
3f510000
3fa5a000
3f48e000
3faaa000
3f426000
3fb45000
3f370000
3fb95000
3f308000
3fbea000
3f286000
3fc85000
3f1d0000
3fba1000
3f2bf000
3fc2d000
3f264000
3fcc8000
3f209000
3fce1000
3f1ef000
3fd6d000
3f194000
3fe08000
3f139000
3fe1c000
3f12c000
3fead000
3f0c4000
3ff43000
3f069000
3ff52000
3f05c000
3ffed000
3efe8000
3f714000
3f81b000
3f811000
3f79a000
3f82a000
3f766000
3f8c5000
3f6b0000
3f91a000
3f62e000
3f96a000
3f5c6000
3fa05000
3f510000
3fa5a000
3f48e000
3faaa000
3f426000
3fb45000
3f370000
3fb95000
3f308000
3fbea000
3f286000
3fc85000
3f1d0000
3fba1000
3f2bf000
3fc2d000
3f264000
3fcc8000
3f209000
3fce1000
3f1ef000
3fd6d000
3f194000
3fe08000
3f139000
3fe1c000
3f12c000
3fead000
3f0c4000
3ff43000
3f069000
3ff52000
3f05c000
3ffed000
3efe8000
3f728000
3f81b000
3f81b000
3f79a000
3f834000
3f766000
3f8cf000
3f6b0000
3f924000
3f62e000
3f974000
3f5c6000
3fa0f000
3f510000
3fa64000
3f48e000
3fab4000
3f426000
3fb4f000
3f370000
3fb9f000
3f308000
3fbf4000
3f286000
3fc8f000
3f1d0000
3fbaf000
3f2bf000
3fc3b000
3f264000
3fcd6000
3f209000
3fcef000
3f1ef000
3fd7b000
3f194000
3fe16000
3f139000
3fe2a000
3f12c000
3febb000
3f0c4000
3ff51000
3f069000
3ff60000
3f05c000
3fffb000
3efe8000
3f732000
3f828000
3f820000
3f7b4000
3f839000
3f780000
3f8d4000
3f6ca000
3f929000
3f648000
3f979000
3f5e0000
3fa14000
3f52a000
3fa69000
3f4a8000
3fab9000
3f440000
3fb54000
3f38a000
3fba4000
3f322000
3fbf9000
3f2a0000
3fc94000
3f1ea000
3fbb6000
3f2d1800
3fc42000
3f276800
3fcdd000
3f21b800
3fcf6000
3f201800
3fd82000
3f1a6800
3fe1d000
3f14b800
3fe31000
3f13e800
3fec2000
3f0d6800
3ff58000
3f07b800
3ff67000
3f06e800
40001000
3f006800
3f732000
3f828000
3f820000
3f7b4000
3f839000
3f780000
3f8d4000
3f6ca000
3f929000
3f648000
3f979000
3f5e0000
3fa14000
3f52a000
3fa69000
3f4a8000
3fab9000
3f440000
3fb54000
3f38a000
3fba4000
3f322000
3fbf9000
3f2a0000
3fc94000
3f1ea000
3fbb6000
3f2d1800
3fc42000
3f276800
3fcdd000
3f21b800
3fcf6000
3f201800
3fd82000
3f1a6800
3fe1d000
3f14b800
3fe31000
3f13e800
3fec2000
3f0d6800
3ff58000
3f07b800
3ff67000
3f06e800
40001000
3f006800
3f7a0000
3f842000
3f857000
3f7e8000
3f870000
3f7b4000
3f90b000
3f6fe000
3f960000
3f67c000
3f9b0000
3f614000
3fa4b000
3f55e000
3faa0000
3f4dc000
3faf0000
3f474000
3fb8b000
3f3be000
3fbdb000
3f356000
3fc30000
3f2d4000
3fccb000
3f21e000
3fc03000
3f2f6800
3fc8f000
3f29b800
3fd2a000
3f240800
3fd43000
3f226800
3fdcf000
3f1cb800
3fe6a000
3f170800
3fe7e000
3f163800
3ff0f000
3f0fb800
3ffa5000
3f0a0800
3ffb4000
3f093800
40027800
3f02b800
3f7aa000
3f84f000
3f85c000
3f801000
3f875000
3f7ce000
3f910000
3f718000
3f965000
3f696000
3f9b5000
3f62e000
3fa50000
3f578000
3faa5000
3f4f6000
3faf5000
3f48e000
3fb90000
3f3d8000
3fbe0000
3f370000
3fc35000
3f2ee000
3fcd0000
3f238000
3fc0a000
3f309000
3fc96000
3f2ae000
3fd31000
3f253000
3fd4a000
3f239000
3fdd6000
3f1de000
3fe71000
3f183000
3fe85000
3f176000
3ff16000
3f10e000
3ffac000
3f0b3000
3ffbb000
3f0a6000
4002b000
3f03e000
3f7aa000
3f84f000
3f85c000
3f801000
3f875000
3f7ce000
3f910000
3f718000
3f965000
3f696000
3f9b5000
3f62e000
3fa50000
3f578000
3faa5000
3f4f6000
3faf5000
3f48e000
3fb90000
3f3d8000
3fbe0000
3f370000
3fc35000
3f2ee000
3fcd0000
3f238000
3fc0a000
3f309000
3fc96000
3f2ae000
3fd31000
3f253000
3fd4a000
3f239000
3fdd6000
3f1de000
3fe71000
3f183000
3fe85000
3f176000
3ff16000
3f10e000
3ffac000
3f0b3000
3ffbb000
3f0a6000
4002b000
3f03e000
3f80c000
3f869000
3f893000
3f81b000
3f8ac000
3f801000
3f947000
3f74c000
3f99c000
3f6ca000
3f9ec000
3f662000
3fa87000
3f5ac000
3fadc000
3f52a000
3fb2c000
3f4c2000
3fbc7000
3f40c000
3fc17000
3f3a4000
3fc6c000
3f322000
3fd07000
3f26c000
3fc57000
3f32e000
3fce3000
3f2d3000
3fd7e000
3f278000
3fd97000
3f25e000
3fe23000
3f203000
3febe000
3f1a8000
3fed2000
3f19b000
3ff63000
3f133000
3fff9000
3f0d8000
40004000
3f0cb000
40051800
3f063000
3f811000
3f876000
3f898000
3f828000
3f8b1000
3f80e000
3f94c000
3f766000
3f9a1000
3f6e4000
3f9f1000
3f67c000
3fa8c000
3f5c6000
3fae1000
3f544000
3fb31000
3f4dc000
3fbcc000
3f426000
3fc1c000
3f3be000
3fc71000
3f33c000
3fd0c000
3f286000
3fc5e000
3f340800
3fcea000
3f2e5800
3fd85000
3f28a800
3fd9e000
3f270800
3fe2a000
3f215800
3fec5000
3f1ba800
3fed9000
3f1ad800
3ff6a000
3f145800
40000000
3f0ea800
40007800
3f0dd800
40055000
3f075800
3f81b000
3f876000
3f8a2000
3f828000
3f8bb000
3f80e000
3f956000
3f766000
3f9ab000
3f6e4000
3f9fb000
3f67c000
3fa96000
3f5c6000
3faeb000
3f544000
3fb3b000
3f4dc000
3fbd6000
3f426000
3fc26000
3f3be000
3fc7b000
3f33c000
3fd16000
3f286000
3fc6c000
3f340800
3fcf8000
3f2e5800
3fd93000
3f28a800
3fdac000
3f270800
3fe38000
3f215800
3fed3000
3f1ba800
3fee7000
3f1ad800
3ff78000
3f145800
40007000
3f0ea800
4000e800
3f0dd800
4005c000
3f075800
3f820000
3f876000
3f8a7000
3f828000
3f8c0000
3f80e000
3f95b000
3f766000
3f9b0000
3f6e4000
3fa00000
3f67c000
3fa9b000
3f5c6000
3faf0000
3f544000
3fb40000
3f4dc000
3fbdb000
3f426000
3fc2b000
3f3be000
3fc80000
3f33c000
3fd1b000
3f286000
3fc73000
3f340800
3fcff000
3f2e5800
3fd9a000
3f28a800
3fdb3000
3f270800
3fe3f000
3f215800
3feda000
3f1ba800
3feee000
3f1ad800
3ff7f000
3f145800
4000a800
3f0ea800
40012000
3f0dd800
4005f800
3f075800
3f820000
3f876000
3f8a7000
3f828000
3f8c0000
3f80e000
3f95b000
3f766000
3f9b0000
3f6e4000
3fa00000
3f67c000
3fa9b000
3f5c6000
3faf0000
3f544000
3fb40000
3f4dc000
3fbdb000
3f426000
3fc2b000
3f3be000
3fc80000
3f33c000
3fd1b000
3f286000
3fc73000
3f340800
3fcff000
3f2e5800
3fd9a000
3f28a800
3fdb3000
3f270800
3fe3f000
3f215800
3feda000
3f1ba800
3feee000
3f1ad800
3ff7f000
3f145800
4000a800
3f0ea800
40012000
3f0dd800
4005f800
3f075800
3f820000
3f876000
3f8a7000
3f828000
3f8c0000
3f80e000
3f95b000
3f766000
3f9b0000
3f6e4000
3fa00000
3f67c000
3fa9b000
3f5c6000
3faf0000
3f544000
3fb40000
3f4dc000
3fbdb000
3f426000
3fc2b000
3f3be000
3fc80000
3f33c000
3fd1b000
3f286000
3fc73000
3f340800
3fcff000
3f2e5800
3fd9a000
3f28a800
3fdb3000
3f270800
3fe3f000
3f215800
3feda000
3f1ba800
3feee000
3f1ad800
3ff7f000
3f145800
4000a800
3f0ea800
40012000
3f0dd800
4005f800
3f075800
3f820000
3f876000
3f8a7000
3f828000
3f8c0000
3f80e000
3f95b000
3f766000
3f9b0000
3f6e4000
3fa00000
3f67c000
3fa9b000
3f5c6000
3faf0000
3f544000
3fb40000
3f4dc000
3fbdb000
3f426000
3fc2b000
3f3be000
3fc80000
3f33c000
3fd1b000
3f286000
3fc73000
3f340800
3fcff000
3f2e5800
3fd9a000
3f28a800
3fdb3000
3f270800
3fe3f000
3f215800
3feda000
3f1ba800
3feee000
3f1ad800
3ff7f000
3f145800
4000a800
3f0ea800
40012000
3f0dd800
4005f800
3f075800
3f820000
3f876000
3f8a7000
3f828000
3f8c0000
3f80e000
3f95b000
3f766000
3f9b0000
3f6e4000
3fa00000
3f67c000
3fa9b000
3f5c6000
3faf0000
3f544000
3fb40000
3f4dc000
3fbdb000
3f426000
3fc2b000
3f3be000
3fc80000
3f33c000
3fd1b000
3f286000
3fc73000
3f340800
3fcff000
3f2e5800
3fd9a000
3f28a800
3fdb3000
3f270800
3fe3f000
3f215800
3feda000
3f1ba800
3feee000
3f1ad800
3ff7f000
3f145800
4000a800
3f0ea800
40012000
3f0dd800
4005f800
3f075800
3f820000
3f876000
3f8a7000
3f828000
3f8c0000
3f80e000
3f95b000
3f766000
3f9b0000
3f6e4000
3fa00000
3f67c000
3fa9b000
3f5c6000
3faf0000
3f544000
3fb40000
3f4dc000
3fbdb000
3f426000
3fc2b000
3f3be000
3fc80000
3f33c000
3fd1b000
3f286000
3fc73000
3f340800
3fcff000
3f2e5800
3fd9a000
3f28a800
3fdb3000
3f270800
3fe3f000
3f215800
3feda000
3f1ba800
3feee000
3f1ad800
3ff7f000
3f145800
4000a800
3f0ea800
40012000
3f0dd800
4005f800
3f075800
3f825000
3f883000
3f8ac000
3f835000
3f8c5000
3f81b000
3f960000
3f780000
3f9b5000
3f6fe000
3fa05000
3f696000
3faa0000
3f5e0000
3faf5000
3f55e000
3fb45000
3f4f6000
3fbe0000
3f440000
3fc30000
3f3d8000
3fc85000
3f356000
3fd20000
3f2a0000
3fc7a000
3f353000
3fd06000
3f2f8000
3fda1000
3f29d000
3fdba000
3f283000
3fe46000
3f228000
3fee1000
3f1cd000
3fef5000
3f1c0000
3ff86000
3f158000
4000e000
3f0fd000
40015800
3f0f0000
40063000
3f088000
3f825000
3f883000
3f8ac000
3f835000
3f8c5000
3f81b000
3f960000
3f780000
3f9b5000
3f6fe000
3fa05000
3f696000
3faa0000
3f5e0000
3faf5000
3f55e000
3fb45000
3f4f6000
3fbe0000
3f440000
3fc30000
3f3d8000
3fc85000
3f356000
3fd20000
3f2a0000
3fc7a000
3f353000
3fd06000
3f2f8000
3fda1000
3f29d000
3fdba000
3f283000
3fe46000
3f228000
3fee1000
3f1cd000
3fef5000
3f1c0000
3ff86000
3f158000
4000e000
3f0fd000
40015800
3f0f0000
40063000
3f088000
3f825000
3f883000
3f8ac000
3f835000
3f8c5000
3f81b000
3f960000
3f780000
3f9b5000
3f6fe000
3fa05000
3f696000
3faa0000
3f5e0000
3faf5000
3f55e000
3fb45000
3f4f6000
3fbe0000
3f440000
3fc30000
3f3d8000
3fc85000
3f356000
3fd20000
3f2a0000
3fc7a000
3f353000
3fd06000
3f2f8000
3fda1000
3f29d000
3fdba000
3f283000
3fe46000
3f228000
3fee1000
3f1cd000
3fef5000
3f1c0000
3ff86000
3f158000
4000e000
3f0fd000
40015800
3f0f0000
40063000
3f088000
3f825000
3f883000
3f8ac000
3f835000
3f8c5000
3f81b000
3f960000
3f780000
3f9b5000
3f6fe000
3fa05000
3f696000
3faa0000
3f5e0000
3faf5000
3f55e000
3fb45000
3f4f6000
3fbe0000
3f440000
3fc30000
3f3d8000
3fc85000
3f356000
3fd20000
3f2a0000
3fc7a000
3f353000
3fd06000
3f2f8000
3fda1000
3f29d000
3fdba000
3f283000
3fe46000
3f228000
3fee1000
3f1cd000
3fef5000
3f1c0000
3ff86000
3f158000
4000e000
3f0fd000
40015800
3f0f0000
40063000
3f088000
3f825000
3f883000
3f8ac000
3f835000
3f8c5000
3f81b000
3f960000
3f780000
3f9b5000
3f6fe000
3fa05000
3f696000
3faa0000
3f5e0000
3faf5000
3f55e000
3fb45000
3f4f6000
3fbe0000
3f440000
3fc30000
3f3d8000
3fc85000
3f356000
3fd20000
3f2a0000
3fc7a000
3f353000
3fd06000
3f2f8000
3fda1000
3f29d000
3fdba000
3f283000
3fe46000
3f228000
3fee1000
3f1cd000
3fef5000
3f1c0000
3ff86000
3f158000
4000e000
3f0fd000
40015800
3f0f0000
40063000
3f088000
3f825000
3f883000
3f8ac000
3f835000
3f8c5000
3f81b000
3f960000
3f780000
3f9b5000
3f6fe000
3fa05000
3f696000
3faa0000
3f5e0000
3faf5000
3f55e000
3fb45000
3f4f6000
3fbe0000
3f440000
3fc30000
3f3d8000
3fc85000
3f356000
3fd20000
3f2a0000
3fc7a000
3f353000
3fd06000
3f2f8000
3fda1000
3f29d000
3fdba000
3f283000
3fe46000
3f228000
3fee1000
3f1cd000
3fef5000
3f1c0000
3ff86000
3f158000
4000e000
3f0fd000
40015800
3f0f0000
40063000
3f088000
3f825000
3f883000
3f8ac000
3f835000
3f8c5000
3f81b000
3f960000
3f780000
3f9b5000
3f6fe000
3fa05000
3f696000
3faa0000
3f5e0000
3faf5000
3f55e000
3fb45000
3f4f6000
3fbe0000
3f440000
3fc30000
3f3d8000
3fc85000
3f356000
3fd20000
3f2a0000
3fc7a000
3f353000
3fd06000
3f2f8000
3fda1000
3f29d000
3fdba000
3f283000
3fe46000
3f228000
3fee1000
3f1cd000
3fef5000
3f1c0000
3ff86000
3f158000
4000e000
3f0fd000
40015800
3f0f0000
40063000
3f088000
3f825000
3f883000
3f8ac000
3f835000
3f8c5000
3f81b000
3f960000
3f780000
3f9b5000
3f6fe000
3fa05000
3f696000
3faa0000
3f5e0000
3faf5000
3f55e000
3fb45000
3f4f6000
3fbe0000
3f440000
3fc30000
3f3d8000
3fc85000
3f356000
3fd20000
3f2a0000
3fc7a000
3f353000
3fd06000
3f2f8000
3fda1000
3f29d000
3fdba000
3f283000
3fe46000
3f228000
3fee1000
3f1cd000
3fef5000
3f1c0000
3ff86000
3f158000
4000e000
3f0fd000
40015800
3f0f0000
40063000
3f088000
3f825000
3f883000
3f8ac000
3f835000
3f8c5000
3f81b000
3f960000
3f780000
3f9b5000
3f6fe000
3fa05000
3f696000
3faa0000
3f5e0000
3faf5000
3f55e000
3fb45000
3f4f6000
3fbe0000
3f440000
3fc30000
3f3d8000
3fc85000
3f356000
3fd20000
3f2a0000
3fc7a000
3f353000
3fd06000
3f2f8000
3fda1000
3f29d000
3fdba000
3f283000
3fe46000
3f228000
3fee1000
3f1cd000
3fef5000
3f1c0000
3ff86000
3f158000
4000e000
3f0fd000
40015800
3f0f0000
40063000
3f088000
3f82a000
3f883000
3f8b1000
3f835000
3f8ca000
3f81b000
3f965000
3f780000
3f9ba000
3f6fe000
3fa0a000
3f696000
3faa5000
3f5e0000
3fafa000
3f55e000
3fb4a000
3f4f6000
3fbe5000
3f440000
3fc35000
3f3d8000
3fc8a000
3f356000
3fd25000
3f2a0000
3fc81000
3f353000
3fd0d000
3f2f8000
3fda8000
3f29d000
3fdc1000
3f283000
3fe4d000
3f228000
3fee8000
3f1cd000
3fefc000
3f1c0000
3ff8d000
3f158000
40011800
3f0fd000
40019000
3f0f0000
40066800
3f088000
3f82a000
3f883000
3f8b1000
3f835000
3f8ca000
3f81b000
3f965000
3f780000
3f9ba000
3f6fe000
3fa0a000
3f696000
3faa5000
3f5e0000
3fafa000
3f55e000
3fb4a000
3f4f6000
3fbe5000
3f440000
3fc35000
3f3d8000
3fc8a000
3f356000
3fd25000
3f2a0000
3fc81000
3f353000
3fd0d000
3f2f8000
3fda8000
3f29d000
3fdc1000
3f283000
3fe4d000
3f228000
3fee8000
3f1cd000
3fefc000
3f1c0000
3ff8d000
3f158000
40011800
3f0fd000
40019000
3f0f0000
40066800
3f088000
3f834000
3f883000
3f8bb000
3f835000
3f8d4000
3f81b000
3f96f000
3f780000
3f9c4000
3f6fe000
3fa14000
3f696000
3faaf000
3f5e0000
3fb04000
3f55e000
3fb54000
3f4f6000
3fbef000
3f440000
3fc3f000
3f3d8000
3fc94000
3f356000
3fd2f000
3f2a0000
3fc8f000
3f353000
3fd1b000
3f2f8000
3fdb6000
3f29d000
3fdcf000
3f283000
3fe5b000
3f228000
3fef6000
3f1cd000
3ff0a000
3f1c0000
3ff9b000
3f158000
40018800
3f0fd000
40020000
3f0f0000
4006d800
3f088000
3f839000
3f890000
3f8c0000
3f842000
3f8d9000
3f828000
3f974000
3f79a000
3f9c9000
3f718000
3fa19000
3f6b0000
3fab4000
3f5fa000
3fb09000
3f578000
3fb59000
3f510000
3fbf4000
3f45a000
3fc44000
3f3f2000
3fc99000
3f370000
3fd34000
3f2ba000
3fc96000
3f365800
3fd22000
3f30a800
3fdbd000
3f2af800
3fdd6000
3f295800
3fe62000
3f23a800
3fefd000
3f1df800
3ff11000
3f1d2800
3ffa2000
3f16a800
4001c000
3f10f800
40023800
3f102800
40071000
3f09a800
3f839000
3f890000
3f8c0000
3f842000
3f8d9000
3f828000
3f974000
3f79a000
3f9c9000
3f718000
3fa19000
3f6b0000
3fab4000
3f5fa000
3fb09000
3f578000
3fb59000
3f510000
3fbf4000
3f45a000
3fc44000
3f3f2000
3fc99000
3f370000
3fd34000
3f2ba000
3fc96000
3f365800
3fd22000
3f30a800
3fdbd000
3f2af800
3fdd6000
3f295800
3fe62000
3f23a800
3fefd000
3f1df800
3ff11000
3f1d2800
3ffa2000
3f16a800
4001c000
3f10f800
40023800
3f102800
40071000
3f09a800
3f870000
3f8aa000
3f8f7000
3f85c000
3f910000
3f842000
3f9ab000
3f7ce000
3fa00000
3f74c000
3fa50000
3f6e4000
3faeb000
3f62e000
3fb40000
3f5ac000
3fb90000
3f544000
3fc2b000
3f48e000
3fc7b000
3f426000
3fcd0000
3f3a4000
3fd6b000
3f2ee000
3fce3000
3f38a800
3fd6f000
3f32f800
3fe0a000
3f2d4800
3fe23000
3f2ba800
3feaf000
3f25f800
3ff4a000
3f204800
3ff5e000
3f1f7800
3ffef000
3f18f800
40042800
3f134800
4004a000
3f127800
40097800
3f0bf800
3f875000
3f8b7000
3f8fc000
3f869000
3f915000
3f84f000
3f9b0000
3f7e8000
3fa05000
3f766000
3fa55000
3f6fe000
3faf0000
3f648000
3fb45000
3f5c6000
3fb95000
3f55e000
3fc30000
3f4a8000
3fc80000
3f440000
3fcd5000
3f3be000
3fd70000
3f308000
3fcea000
3f39d000
3fd76000
3f342000
3fe11000
3f2e7000
3fe2a000
3f2cd000
3feb6000
3f272000
3ff51000
3f217000
3ff65000
3f20a000
3fff6000
3f1a2000
40046000
3f147000
4004d800
3f13a000
4009b000
3f0d2000
3f875000
3f8b7000
3f8fc000
3f869000
3f915000
3f84f000
3f9b0000
3f7e8000
3fa05000
3f766000
3fa55000
3f6fe000
3faf0000
3f648000
3fb45000
3f5c6000
3fb95000
3f55e000
3fc30000
3f4a8000
3fc80000
3f440000
3fcd5000
3f3be000
3fd70000
3f308000
3fcea000
3f39d000
3fd76000
3f342000
3fe11000
3f2e7000
3fe2a000
3f2cd000
3feb6000
3f272000
3ff51000
3f217000
3ff65000
3f20a000
3fff6000
3f1a2000
40046000
3f147000
4004d800
3f13a000
4009b000
3f0d2000
3f8ac000
3f8d1000
3f933000
3f883000
3f94c000
3f869000
3f9e7000
3f80e000
3fa3c000
3f79a000
3fa8c000
3f732000
3fb27000
3f67c000
3fb7c000
3f5fa000
3fbcc000
3f592000
3fc67000
3f4dc000
3fcb7000
3f474000
3fd0c000
3f3f2000
3fda7000
3f33c000
3fd37000
3f3c2000
3fdc3000
3f367000
3fe5e000
3f30c000
3fe77000
3f2f2000
3ff03000
3f297000
3ff9e000
3f23c000
3ffb2000
3f22f000
40021800
3f1c7000
4006c800
3f16c000
40074000
3f15f000
400c1800
3f0f7000
3f8b1000
3f8de000
3f938000
3f890000
3f951000
3f876000
3f9ec000
3f81b000
3fa41000
3f7b4000
3fa91000
3f74c000
3fb2c000
3f696000
3fb81000
3f614000
3fbd1000
3f5ac000
3fc6c000
3f4f6000
3fcbc000
3f48e000
3fd11000
3f40c000
3fdac000
3f356000
3fd3e000
3f3d4800
3fdca000
3f379800
3fe65000
3f31e800
3fe7e000
3f304800
3ff0a000
3f2a9800
3ffa5000
3f24e800
3ffb9000
3f241800
40025000
3f1d9800
40070000
3f17e800
40077800
3f171800
400c5000
3f109800
3f8bb000
3f8de000
3f942000
3f890000
3f95b000
3f876000
3f9f6000
3f81b000
3fa4b000
3f7b4000
3fa9b000
3f74c000
3fb36000
3f696000
3fb8b000
3f614000
3fbdb000
3f5ac000
3fc76000
3f4f6000
3fcc6000
3f48e000
3fd1b000
3f40c000
3fdb6000
3f356000
3fd4c000
3f3d4800
3fdd8000
3f379800
3fe73000
3f31e800
3fe8c000
3f304800
3ff18000
3f2a9800
3ffb3000
3f24e800
3ffc7000
3f241800
4002c000
3f1d9800
40077000
3f17e800
4007e800
3f171800
400cc000
3f109800
3f8c0000
3f8de000
3f947000
3f890000
3f960000
3f876000
3f9fb000
3f81b000
3fa50000
3f7b4000
3faa0000
3f74c000
3fb3b000
3f696000
3fb90000
3f614000
3fbe0000
3f5ac000
3fc7b000
3f4f6000
3fccb000
3f48e000
3fd20000
3f40c000
3fdbb000
3f356000
3fd53000
3f3d4800
3fddf000
3f379800
3fe7a000
3f31e800
3fe93000
3f304800
3ff1f000
3f2a9800
3ffba000
3f24e800
3ffce000
3f241800
4002f800
3f1d9800
4007a800
3f17e800
40082000
3f171800
400cf800
3f109800
3f8c0000
3f8de000
3f947000
3f890000
3f960000
3f876000
3f9fb000
3f81b000
3fa50000
3f7b4000
3faa0000
3f74c000
3fb3b000
3f696000
3fb90000
3f614000
3fbe0000
3f5ac000
3fc7b000
3f4f6000
3fccb000
3f48e000
3fd20000
3f40c000
3fdbb000
3f356000
3fd53000
3f3d4800
3fddf000
3f379800
3fe7a000
3f31e800
3fe93000
3f304800
3ff1f000
3f2a9800
3ffba000
3f24e800
3ffce000
3f241800
4002f800
3f1d9800
4007a800
3f17e800
40082000
3f171800
400cf800
3f109800
3f8c0000
3f8de000
3f947000
3f890000
3f960000
3f876000
3f9fb000
3f81b000
3fa50000
3f7b4000
3faa0000
3f74c000
3fb3b000
3f696000
3fb90000
3f614000
3fbe0000
3f5ac000
3fc7b000
3f4f6000
3fccb000
3f48e000
3fd20000
3f40c000
3fdbb000
3f356000
3fd53000
3f3d4800
3fddf000
3f379800
3fe7a000
3f31e800
3fe93000
3f304800
3ff1f000
3f2a9800
3ffba000
3f24e800
3ffce000
3f241800
4002f800
3f1d9800
4007a800
3f17e800
40082000
3f171800
400cf800
3f109800
3f8c0000
3f8de000
3f947000
3f890000
3f960000
3f876000
3f9fb000
3f81b000
3fa50000
3f7b4000
3faa0000
3f74c000
3fb3b000
3f696000
3fb90000
3f614000
3fbe0000
3f5ac000
3fc7b000
3f4f6000
3fccb000
3f48e000
3fd20000
3f40c000
3fdbb000
3f356000
3fd53000
3f3d4800
3fddf000
3f379800
3fe7a000
3f31e800
3fe93000
3f304800
3ff1f000
3f2a9800
3ffba000
3f24e800
3ffce000
3f241800
4002f800
3f1d9800
4007a800
3f17e800
40082000
3f171800
400cf800
3f109800
3f8c0000
3f8de000
3f947000
3f890000
3f960000
3f876000
3f9fb000
3f81b000
3fa50000
3f7b4000
3faa0000
3f74c000
3fb3b000
3f696000
3fb90000
3f614000
3fbe0000
3f5ac000
3fc7b000
3f4f6000
3fccb000
3f48e000
3fd20000
3f40c000
3fdbb000
3f356000
3fd53000
3f3d4800
3fddf000
3f379800
3fe7a000
3f31e800
3fe93000
3f304800
3ff1f000
3f2a9800
3ffba000
3f24e800
3ffce000
3f241800
4002f800
3f1d9800
4007a800
3f17e800
40082000
3f171800
400cf800
3f109800
3f8c0000
3f8de000
3f947000
3f890000
3f960000
3f876000
3f9fb000
3f81b000
3fa50000
3f7b4000
3faa0000
3f74c000
3fb3b000
3f696000
3fb90000
3f614000
3fbe0000
3f5ac000
3fc7b000
3f4f6000
3fccb000
3f48e000
3fd20000
3f40c000
3fdbb000
3f356000
3fd53000
3f3d4800
3fddf000
3f379800
3fe7a000
3f31e800
3fe93000
3f304800
3ff1f000
3f2a9800
3ffba000
3f24e800
3ffce000
3f241800
4002f800
3f1d9800
4007a800
3f17e800
40082000
3f171800
400cf800
3f109800
3f8c5000
3f8eb000
3f94c000
3f89d000
3f965000
3f883000
3fa00000
3f828000
3fa55000
3f7ce000
3faa5000
3f766000
3fb40000
3f6b0000
3fb95000
3f62e000
3fbe5000
3f5c6000
3fc80000
3f510000
3fcd0000
3f4a8000
3fd25000
3f426000
3fdc0000
3f370000
3fd5a000
3f3e7000
3fde6000
3f38c000
3fe81000
3f331000
3fe9a000
3f317000
3ff26000
3f2bc000
3ffc1000
3f261000
3ffd5000
3f254000
40033000
3f1ec000
4007e000
3f191000
40085800
3f184000
400d3000
3f11c000
3f8c5000
3f8eb000
3f94c000
3f89d000
3f965000
3f883000
3fa00000
3f828000
3fa55000
3f7ce000
3faa5000
3f766000
3fb40000
3f6b0000
3fb95000
3f62e000
3fbe5000
3f5c6000
3fc80000
3f510000
3fcd0000
3f4a8000
3fd25000
3f426000
3fdc0000
3f370000
3fd5a000
3f3e7000
3fde6000
3f38c000
3fe81000
3f331000
3fe9a000
3f317000
3ff26000
3f2bc000
3ffc1000
3f261000
3ffd5000
3f254000
40033000
3f1ec000
4007e000
3f191000
40085800
3f184000
400d3000
3f11c000
3f8c5000
3f8eb000
3f94c000
3f89d000
3f965000
3f883000
3fa00000
3f828000
3fa55000
3f7ce000
3faa5000
3f766000
3fb40000
3f6b0000
3fb95000
3f62e000
3fbe5000
3f5c6000
3fc80000
3f510000
3fcd0000
3f4a8000
3fd25000
3f426000
3fdc0000
3f370000
3fd5a000
3f3e7000
3fde6000
3f38c000
3fe81000
3f331000
3fe9a000
3f317000
3ff26000
3f2bc000
3ffc1000
3f261000
3ffd5000
3f254000
40033000
3f1ec000
4007e000
3f191000
40085800
3f184000
400d3000
3f11c000
3f8c5000
3f8eb000
3f94c000
3f89d000
3f965000
3f883000
3fa00000
3f828000
3fa55000
3f7ce000
3faa5000
3f766000
3fb40000
3f6b0000
3fb95000
3f62e000
3fbe5000
3f5c6000
3fc80000
3f510000
3fcd0000
3f4a8000
3fd25000
3f426000
3fdc0000
3f370000
3fd5a000
3f3e7000
3fde6000
3f38c000
3fe81000
3f331000
3fe9a000
3f317000
3ff26000
3f2bc000
3ffc1000
3f261000
3ffd5000
3f254000
40033000
3f1ec000
4007e000
3f191000
40085800
3f184000
400d3000
3f11c000
3f8c5000
3f8eb000
3f94c000
3f89d000
3f965000
3f883000
3fa00000
3f828000
3fa55000
3f7ce000
3faa5000
3f766000
3fb40000
3f6b0000
3fb95000
3f62e000
3fbe5000
3f5c6000
3fc80000
3f510000
3fcd0000
3f4a8000
3fd25000
3f426000
3fdc0000
3f370000
3fd5a000
3f3e7000
3fde6000
3f38c000
3fe81000
3f331000
3fe9a000
3f317000
3ff26000
3f2bc000
3ffc1000
3f261000
3ffd5000
3f254000
40033000
3f1ec000
4007e000
3f191000
40085800
3f184000
400d3000
3f11c000
3f8c5000
3f8eb000
3f94c000
3f89d000
3f965000
3f883000
3fa00000
3f828000
3fa55000
3f7ce000
3faa5000
3f766000
3fb40000
3f6b0000
3fb95000
3f62e000
3fbe5000
3f5c6000
3fc80000
3f510000
3fcd0000
3f4a8000
3fd25000
3f426000
3fdc0000
3f370000
3fd5a000
3f3e7000
3fde6000
3f38c000
3fe81000
3f331000
3fe9a000
3f317000
3ff26000
3f2bc000
3ffc1000
3f261000
3ffd5000
3f254000
40033000
3f1ec000
4007e000
3f191000
40085800
3f184000
400d3000
3f11c000
3f8c5000
3f8eb000
3f94c000
3f89d000
3f965000
3f883000
3fa00000
3f828000
3fa55000
3f7ce000
3faa5000
3f766000
3fb40000
3f6b0000
3fb95000
3f62e000
3fbe5000
3f5c6000
3fc80000
3f510000
3fcd0000
3f4a8000
3fd25000
3f426000
3fdc0000
3f370000
3fd5a000
3f3e7000
3fde6000
3f38c000
3fe81000
3f331000
3fe9a000
3f317000
3ff26000
3f2bc000
3ffc1000
3f261000
3ffd5000
3f254000
40033000
3f1ec000
4007e000
3f191000
40085800
3f184000
400d3000
3f11c000
3f8c5000
3f8eb000
3f94c000
3f89d000
3f965000
3f883000
3fa00000
3f828000
3fa55000
3f7ce000
3faa5000
3f766000
3fb40000
3f6b0000
3fb95000
3f62e000
3fbe5000
3f5c6000
3fc80000
3f510000
3fcd0000
3f4a8000
3fd25000
3f426000
3fdc0000
3f370000
3fd5a000
3f3e7000
3fde6000
3f38c000
3fe81000
3f331000
3fe9a000
3f317000
3ff26000
3f2bc000
3ffc1000
3f261000
3ffd5000
3f254000
40033000
3f1ec000
4007e000
3f191000
40085800
3f184000
400d3000
3f11c000
3f8c5000
3f8eb000
3f94c000
3f89d000
3f965000
3f883000
3fa00000
3f828000
3fa55000
3f7ce000
3faa5000
3f766000
3fb40000
3f6b0000
3fb95000
3f62e000
3fbe5000
3f5c6000
3fc80000
3f510000
3fcd0000
3f4a8000
3fd25000
3f426000
3fdc0000
3f370000
3fd5a000
3f3e7000
3fde6000
3f38c000
3fe81000
3f331000
3fe9a000
3f317000
3ff26000
3f2bc000
3ffc1000
3f261000
3ffd5000
3f254000
40033000
3f1ec000
4007e000
3f191000
40085800
3f184000
400d3000
3f11c000
3f8ca000
3f8eb000
3f951000
3f89d000
3f96a000
3f883000
3fa05000
3f828000
3fa5a000
3f7ce000
3faaa000
3f766000
3fb45000
3f6b0000
3fb9a000
3f62e000
3fbea000
3f5c6000
3fc85000
3f510000
3fcd5000
3f4a8000
3fd2a000
3f426000
3fdc5000
3f370000
3fd61000
3f3e7000
3fded000
3f38c000
3fe88000
3f331000
3fea1000
3f317000
3ff2d000
3f2bc000
3ffc8000
3f261000
3ffdc000
3f254000
40036800
3f1ec000
40081800
3f191000
40089000
3f184000
400d6800
3f11c000
3f8ca000
3f8eb000
3f951000
3f89d000
3f96a000
3f883000
3fa05000
3f828000
3fa5a000
3f7ce000
3faaa000
3f766000
3fb45000
3f6b0000
3fb9a000
3f62e000
3fbea000
3f5c6000
3fc85000
3f510000
3fcd5000
3f4a8000
3fd2a000
3f426000
3fdc5000
3f370000
3fd61000
3f3e7000
3fded000
3f38c000
3fe88000
3f331000
3fea1000
3f317000
3ff2d000
3f2bc000
3ffc8000
3f261000
3ffdc000
3f254000
40036800
3f1ec000
40081800
3f191000
40089000
3f184000
400d6800
3f11c000
3f8d4000
3f8eb000
3f95b000
3f89d000
3f974000
3f883000
3fa0f000
3f828000
3fa64000
3f7ce000
3fab4000
3f766000
3fb4f000
3f6b0000
3fba4000
3f62e000
3fbf4000
3f5c6000
3fc8f000
3f510000
3fcdf000
3f4a8000
3fd34000
3f426000
3fdcf000
3f370000
3fd6f000
3f3e7000
3fdfb000
3f38c000
3fe96000
3f331000
3feaf000
3f317000
3ff3b000
3f2bc000
3ffd6000
3f261000
3ffea000
3f254000
4003d800
3f1ec000
40088800
3f191000
40090000
3f184000
400dd800
3f11c000
3f8d9000
3f8f8000
3f960000
3f8aa000
3f979000
3f890000
3fa14000
3f835000
3fa69000
3f7e8000
3fab9000
3f780000
3fb54000
3f6ca000
3fba9000
3f648000
3fbf9000
3f5e0000
3fc94000
3f52a000
3fce4000
3f4c2000
3fd39000
3f440000
3fdd4000
3f38a000
3fd76000
3f3f9800
3fe02000
3f39e800
3fe9d000
3f343800
3feb6000
3f329800
3ff42000
3f2ce800
3ffdd000
3f273800
3fff1000
3f266800
40041000
3f1fe800
4008c000
3f1a3800
40093800
3f196800
400e1000
3f12e800
3f8d9000
3f8f8000
3f960000
3f8aa000
3f979000
3f890000
3fa14000
3f835000
3fa69000
3f7e8000
3fab9000
3f780000
3fb54000
3f6ca000
3fba9000
3f648000
3fbf9000
3f5e0000
3fc94000
3f52a000
3fce4000
3f4c2000
3fd39000
3f440000
3fdd4000
3f38a000
3fd76000
3f3f9800
3fe02000
3f39e800
3fe9d000
3f343800
3feb6000
3f329800
3ff42000
3f2ce800
3ffdd000
3f273800
3fff1000
3f266800
40041000
3f1fe800
4008c000
3f1a3800
40093800
3f196800
400e1000
3f12e800
3f910000
3f912000
3f997000
3f8c4000
3f9b0000
3f8aa000
3fa4b000
3f84f000
3faa0000
3f80e000
3faf0000
3f7b4000
3fb8b000
3f6fe000
3fbe0000
3f67c000
3fc30000
3f614000
3fccb000
3f55e000
3fd1b000
3f4f6000
3fd70000
3f474000
3fe0b000
3f3be000
3fdc3000
3f41e800
3fe4f000
3f3c3800
3feea000
3f368800
3ff03000
3f34e800
3ff8f000
3f2f3800
40015000
3f298800
4001f000
3f28b800
40067800
3f223800
400b2800
3f1c8800
400ba000
3f1bb800
40107800
3f153800
3f915000
3f91f000
3f99c000
3f8d1000
3f9b5000
3f8b7000
3fa50000
3f85c000
3faa5000
3f81b000
3faf5000
3f7ce000
3fb90000
3f718000
3fbe5000
3f696000
3fc35000
3f62e000
3fcd0000
3f578000
3fd20000
3f510000
3fd75000
3f48e000
3fe10000
3f3d8000
3fdca000
3f431000
3fe56000
3f3d6000
3fef1000
3f37b000
3ff0a000
3f361000
3ff96000
3f306000
40018800
3f2ab000
40022800
3f29e000
4006b000
3f236000
400b6000
3f1db000
400bd800
3f1ce000
4010b000
3f166000
3f915000
3f91f000
3f99c000
3f8d1000
3f9b5000
3f8b7000
3fa50000
3f85c000
3faa5000
3f81b000
3faf5000
3f7ce000
3fb90000
3f718000
3fbe5000
3f696000
3fc35000
3f62e000
3fcd0000
3f578000
3fd20000
3f510000
3fd75000
3f48e000
3fe10000
3f3d8000
3fdca000
3f431000
3fe56000
3f3d6000
3fef1000
3f37b000
3ff0a000
3f361000
3ff96000
3f306000
40018800
3f2ab000
40022800
3f29e000
4006b000
3f236000
400b6000
3f1db000
400bd800
3f1ce000
4010b000
3f166000
3f94c000
3f939000
3f9d3000
3f8eb000
3f9ec000
3f8d1000
3fa87000
3f876000
3fadc000
3f835000
3fb2c000
3f801000
3fbc7000
3f74c000
3fc1c000
3f6ca000
3fc6c000
3f662000
3fd07000
3f5ac000
3fd57000
3f544000
3fdac000
3f4c2000
3fe47000
3f40c000
3fe17000
3f456000
3fea3000
3f3fb000
3ff3e000
3f3a0000
3ff57000
3f386000
3ffe3000
3f32b000
4003f000
3f2d0000
40049000
3f2c3000
40091800
3f25b000
400dc800
3f200000
400e4000
3f1f3000
40131800
3f18b000
3f951000
3f946000
3f9d8000
3f8f8000
3f9f1000
3f8de000
3fa8c000
3f883000
3fae1000
3f842000
3fb31000
3f80e000
3fbcc000
3f766000
3fc21000
3f6e4000
3fc71000
3f67c000
3fd0c000
3f5c6000
3fd5c000
3f55e000
3fdb1000
3f4dc000
3fe4c000
3f426000
3fe1e000
3f468800
3feaa000
3f40d800
3ff45000
3f3b2800
3ff5e000
3f398800
3ffea000
3f33d800
40042800
3f2e2800
4004c800
3f2d5800
40095000
3f26d800
400e0000
3f212800
400e7800
3f205800
40135000
3f19d800
3f95b000
3f946000
3f9e2000
3f8f8000
3f9fb000
3f8de000
3fa96000
3f883000
3faeb000
3f842000
3fb3b000
3f80e000
3fbd6000
3f766000
3fc2b000
3f6e4000
3fc7b000
3f67c000
3fd16000
3f5c6000
3fd66000
3f55e000
3fdbb000
3f4dc000
3fe56000
3f426000
3fe2c000
3f468800
3feb8000
3f40d800
3ff53000
3f3b2800
3ff6c000
3f398800
3fff8000
3f33d800
40049800
3f2e2800
40053800
3f2d5800
4009c000
3f26d800
400e7000
3f212800
400ee800
3f205800
4013c000
3f19d800
3f960000
3f946000
3f9e7000
3f8f8000
3fa00000
3f8de000
3fa9b000
3f883000
3faf0000
3f842000
3fb40000
3f80e000
3fbdb000
3f766000
3fc30000
3f6e4000
3fc80000
3f67c000
3fd1b000
3f5c6000
3fd6b000
3f55e000
3fdc0000
3f4dc000
3fe5b000
3f426000
3fe33000
3f468800
3febf000
3f40d800
3ff5a000
3f3b2800
3ff73000
3f398800
3ffff000
3f33d800
4004d000
3f2e2800
40057000
3f2d5800
4009f800
3f26d800
400ea800
3f212800
400f2000
3f205800
4013f800
3f19d800
3f960000
3f946000
3f9e7000
3f8f8000
3fa00000
3f8de000
3fa9b000
3f883000
3faf0000
3f842000
3fb40000
3f80e000
3fbdb000
3f766000
3fc30000
3f6e4000
3fc80000
3f67c000
3fd1b000
3f5c6000
3fd6b000
3f55e000
3fdc0000
3f4dc000
3fe5b000
3f426000
3fe33000
3f468800
3febf000
3f40d800
3ff5a000
3f3b2800
3ff73000
3f398800
3ffff000
3f33d800
4004d000
3f2e2800
40057000
3f2d5800
4009f800
3f26d800
400ea800
3f212800
400f2000
3f205800
4013f800
3f19d800
3f960000
3f946000
3f9e7000
3f8f8000
3fa00000
3f8de000
3fa9b000
3f883000
3faf0000
3f842000
3fb40000
3f80e000
3fbdb000
3f766000
3fc30000
3f6e4000
3fc80000
3f67c000
3fd1b000
3f5c6000
3fd6b000
3f55e000
3fdc0000
3f4dc000
3fe5b000
3f426000
3fe33000
3f468800
3febf000
3f40d800
3ff5a000
3f3b2800
3ff73000
3f398800
3ffff000
3f33d800
4004d000
3f2e2800
40057000
3f2d5800
4009f800
3f26d800
400ea800
3f212800
400f2000
3f205800
4013f800
3f19d800
3f960000
3f946000
3f9e7000
3f8f8000
3fa00000
3f8de000
3fa9b000
3f883000
3faf0000
3f842000
3fb40000
3f80e000
3fbdb000
3f766000
3fc30000
3f6e4000
3fc80000
3f67c000
3fd1b000
3f5c6000
3fd6b000
3f55e000
3fdc0000
3f4dc000
3fe5b000
3f426000
3fe33000
3f468800
3febf000
3f40d800
3ff5a000
3f3b2800
3ff73000
3f398800
3ffff000
3f33d800
4004d000
3f2e2800
40057000
3f2d5800
4009f800
3f26d800
400ea800
3f212800
400f2000
3f205800
4013f800
3f19d800
3f960000
3f946000
3f9e7000
3f8f8000
3fa00000
3f8de000
3fa9b000
3f883000
3faf0000
3f842000
3fb40000
3f80e000
3fbdb000
3f766000
3fc30000
3f6e4000
3fc80000
3f67c000
3fd1b000
3f5c6000
3fd6b000
3f55e000
3fdc0000
3f4dc000
3fe5b000
3f426000
3fe33000
3f468800
3febf000
3f40d800
3ff5a000
3f3b2800
3ff73000
3f398800
3ffff000
3f33d800
4004d000
3f2e2800
40057000
3f2d5800
4009f800
3f26d800
400ea800
3f212800
400f2000
3f205800
4013f800
3f19d800
3f960000
3f946000
3f9e7000
3f8f8000
3fa00000
3f8de000
3fa9b000
3f883000
3faf0000
3f842000
3fb40000
3f80e000
3fbdb000
3f766000
3fc30000
3f6e4000
3fc80000
3f67c000
3fd1b000
3f5c6000
3fd6b000
3f55e000
3fdc0000
3f4dc000
3fe5b000
3f426000
3fe33000
3f468800
3febf000
3f40d800
3ff5a000
3f3b2800
3ff73000
3f398800
3ffff000
3f33d800
4004d000
3f2e2800
40057000
3f2d5800
4009f800
3f26d800
400ea800
3f212800
400f2000
3f205800
4013f800
3f19d800
3f965000
3f953000
3f9ec000
3f905000
3fa05000
3f8eb000
3faa0000
3f890000
3faf5000
3f84f000
3fb45000
3f81b000
3fbe0000
3f780000
3fc35000
3f6fe000
3fc85000
3f696000
3fd20000
3f5e0000
3fd70000
3f578000
3fdc5000
3f4f6000
3fe60000
3f440000
3fe3a000
3f47b000
3fec6000
3f420000
3ff61000
3f3c5000
3ff7a000
3f3ab000
40003000
3f350000
40050800
3f2f5000
4005a800
3f2e8000
400a3000
3f280000
400ee000
3f225000
400f5800
3f218000
40143000
3f1b0000
3f965000
3f953000
3f9ec000
3f905000
3fa05000
3f8eb000
3faa0000
3f890000
3faf5000
3f84f000
3fb45000
3f81b000
3fbe0000
3f780000
3fc35000
3f6fe000
3fc85000
3f696000
3fd20000
3f5e0000
3fd70000
3f578000
3fdc5000
3f4f6000
3fe60000
3f440000
3fe3a000
3f47b000
3fec6000
3f420000
3ff61000
3f3c5000
3ff7a000
3f3ab000
40003000
3f350000
40050800
3f2f5000
4005a800
3f2e8000
400a3000
3f280000
400ee000
3f225000
400f5800
3f218000
40143000
3f1b0000
3f965000
3f953000
3f9ec000
3f905000
3fa05000
3f8eb000
3faa0000
3f890000
3faf5000
3f84f000
3fb45000
3f81b000
3fbe0000
3f780000
3fc35000
3f6fe000
3fc85000
3f696000
3fd20000
3f5e0000
3fd70000
3f578000
3fdc5000
3f4f6000
3fe60000
3f440000
3fe3a000
3f47b000
3fec6000
3f420000
3ff61000
3f3c5000
3ff7a000
3f3ab000
40003000
3f350000
40050800
3f2f5000
4005a800
3f2e8000
400a3000
3f280000
400ee000
3f225000
400f5800
3f218000
40143000
3f1b0000
3f965000
3f953000
3f9ec000
3f905000
3fa05000
3f8eb000
3faa0000
3f890000
3faf5000
3f84f000
3fb45000
3f81b000
3fbe0000
3f780000
3fc35000
3f6fe000
3fc85000
3f696000
3fd20000
3f5e0000
3fd70000
3f578000
3fdc5000
3f4f6000
3fe60000
3f440000
3fe3a000
3f47b000
3fec6000
3f420000
3ff61000
3f3c5000
3ff7a000
3f3ab000
40003000
3f350000
40050800
3f2f5000
4005a800
3f2e8000
400a3000
3f280000
400ee000
3f225000
400f5800
3f218000
40143000
3f1b0000
3f965000
3f953000
3f9ec000
3f905000
3fa05000
3f8eb000
3faa0000
3f890000
3faf5000
3f84f000
3fb45000
3f81b000
3fbe0000
3f780000
3fc35000
3f6fe000
3fc85000
3f696000
3fd20000
3f5e0000
3fd70000
3f578000
3fdc5000
3f4f6000
3fe60000
3f440000
3fe3a000
3f47b000
3fec6000
3f420000
3ff61000
3f3c5000
3ff7a000
3f3ab000
40003000
3f350000
40050800
3f2f5000
4005a800
3f2e8000
400a3000
3f280000
400ee000
3f225000
400f5800
3f218000
40143000
3f1b0000
3f965000
3f953000
3f9ec000
3f905000
3fa05000
3f8eb000
3faa0000
3f890000
3faf5000
3f84f000
3fb45000
3f81b000
3fbe0000
3f780000
3fc35000
3f6fe000
3fc85000
3f696000
3fd20000
3f5e0000
3fd70000
3f578000
3fdc5000
3f4f6000
3fe60000
3f440000
3fe3a000
3f47b000
3fec6000
3f420000
3ff61000
3f3c5000
3ff7a000
3f3ab000
40003000
3f350000
40050800
3f2f5000
4005a800
3f2e8000
400a3000
3f280000
400ee000
3f225000
400f5800
3f218000
40143000
3f1b0000
3f965000
3f953000
3f9ec000
3f905000
3fa05000
3f8eb000
3faa0000
3f890000
3faf5000
3f84f000
3fb45000
3f81b000
3fbe0000
3f780000
3fc35000
3f6fe000
3fc85000
3f696000
3fd20000
3f5e0000
3fd70000
3f578000
3fdc5000
3f4f6000
3fe60000
3f440000
3fe3a000
3f47b000
3fec6000
3f420000
3ff61000
3f3c5000
3ff7a000
3f3ab000
40003000
3f350000
40050800
3f2f5000
4005a800
3f2e8000
400a3000
3f280000
400ee000
3f225000
400f5800
3f218000
40143000
3f1b0000
3f965000
3f953000
3f9ec000
3f905000
3fa05000
3f8eb000
3faa0000
3f890000
3faf5000
3f84f000
3fb45000
3f81b000
3fbe0000
3f780000
3fc35000
3f6fe000
3fc85000
3f696000
3fd20000
3f5e0000
3fd70000
3f578000
3fdc5000
3f4f6000
3fe60000
3f440000
3fe3a000
3f47b000
3fec6000
3f420000
3ff61000
3f3c5000
3ff7a000
3f3ab000
40003000
3f350000
40050800
3f2f5000
4005a800
3f2e8000
400a3000
3f280000
400ee000
3f225000
400f5800
3f218000
40143000
3f1b0000
3f965000
3f953000
3f9ec000
3f905000
3fa05000
3f8eb000
3faa0000
3f890000
3faf5000
3f84f000
3fb45000
3f81b000
3fbe0000
3f780000
3fc35000
3f6fe000
3fc85000
3f696000
3fd20000
3f5e0000
3fd70000
3f578000
3fdc5000
3f4f6000
3fe60000
3f440000
3fe3a000
3f47b000
3fec6000
3f420000
3ff61000
3f3c5000
3ff7a000
3f3ab000
40003000
3f350000
40050800
3f2f5000
4005a800
3f2e8000
400a3000
3f280000
400ee000
3f225000
400f5800
3f218000
40143000
3f1b0000
3f96a000
3f953000
3f9f1000
3f905000
3fa0a000
3f8eb000
3faa5000
3f890000
3fafa000
3f84f000
3fb4a000
3f81b000
3fbe5000
3f780000
3fc3a000
3f6fe000
3fc8a000
3f696000
3fd25000
3f5e0000
3fd75000
3f578000
3fdca000
3f4f6000
3fe65000
3f440000
3fe41000
3f47b000
3fecd000
3f420000
3ff68000
3f3c5000
3ff81000
3f3ab000
40006800
3f350000
40054000
3f2f5000
4005e000
3f2e8000
400a6800
3f280000
400f1800
3f225000
400f9000
3f218000
40146800
3f1b0000
3f96a000
3f953000
3f9f1000
3f905000
3fa0a000
3f8eb000
3faa5000
3f890000
3fafa000
3f84f000
3fb4a000
3f81b000
3fbe5000
3f780000
3fc3a000
3f6fe000
3fc8a000
3f696000
3fd25000
3f5e0000
3fd75000
3f578000
3fdca000
3f4f6000
3fe65000
3f440000
3fe41000
3f47b000
3fecd000
3f420000
3ff68000
3f3c5000
3ff81000
3f3ab000
40006800
3f350000
40054000
3f2f5000
4005e000
3f2e8000
400a6800
3f280000
400f1800
3f225000
400f9000
3f218000
40146800
3f1b0000
3f974000
3f953000
3f9fb000
3f905000
3fa14000
3f8eb000
3faaf000
3f890000
3fb04000
3f84f000
3fb54000
3f81b000
3fbef000
3f780000
3fc44000
3f6fe000
3fc94000
3f696000
3fd2f000
3f5e0000
3fd7f000
3f578000
3fdd4000
3f4f6000
3fe6f000
3f440000
3fe4f000
3f47b000
3fedb000
3f420000
3ff76000
3f3c5000
3ff8f000
3f3ab000
4000d800
3f350000
4005b000
3f2f5000
40065000
3f2e8000
400ad800
3f280000
400f8800
3f225000
40100000
3f218000
4014d800
3f1b0000
3f979000
3f960000
3fa00000
3f912000
3fa19000
3f8f8000
3fab4000
3f89d000
3fb09000
3f85c000
3fb59000
3f828000
3fbf4000
3f79a000
3fc49000
3f718000
3fc99000
3f6b0000
3fd34000
3f5fa000
3fd84000
3f592000
3fdd9000
3f510000
3fe74000
3f45a000
3fe56000
3f48d800
3fee2000
3f432800
3ff7d000
3f3d7800
3ff96000
3f3bd800
40011000
3f362800
4005e800
3f307800
40068800
3f2fa800
400b1000
3f292800
400fc000
3f237800
40103800
3f22a800
40151000
3f1c2800
3f979000
3f960000
3fa00000
3f912000
3fa19000
3f8f8000
3fab4000
3f89d000
3fb09000
3f85c000
3fb59000
3f828000
3fbf4000
3f79a000
3fc49000
3f718000
3fc99000
3f6b0000
3fd34000
3f5fa000
3fd84000
3f592000
3fdd9000
3f510000
3fe74000
3f45a000
3fe56000
3f48d800
3fee2000
3f432800
3ff7d000
3f3d7800
3ff96000
3f3bd800
40011000
3f362800
4005e800
3f307800
40068800
3f2fa800
400b1000
3f292800
400fc000
3f237800
40103800
3f22a800
40151000
3f1c2800
3f9b0000
3f97a000
3fa37000
3f92c000
3fa50000
3f912000
3faeb000
3f8b7000
3fb40000
3f876000
3fb90000
3f842000
3fc2b000
3f7ce000
3fc80000
3f74c000
3fcd0000
3f6e4000
3fd6b000
3f62e000
3fdbb000
3f5c6000
3fe10000
3f544000
3feab000
3f48e000
3fea3000
3f4b2800
3ff2f000
3f457800
3ffca000
3f3fc800
3ffe3000
3f3e2800
40037800
3f387800
40085000
3f32c800
4008f000
3f31f800
400d7800
3f2b7800
40122800
3f25c800
4012a000
3f24f800
40177800
3f1e7800
3f9b5000
3f987000
3fa3c000
3f939000
3fa55000
3f91f000
3faf0000
3f8c4000
3fb45000
3f883000
3fb95000
3f84f000
3fc30000
3f7e8000
3fc85000
3f766000
3fcd5000
3f6fe000
3fd70000
3f648000
3fdc0000
3f5e0000
3fe15000
3f55e000
3feb0000
3f4a8000
3feaa000
3f4c5000
3ff36000
3f46a000
3ffd1000
3f40f000
3ffea000
3f3f5000
4003b000
3f39a000
40088800
3f33f000
40092800
3f332000
400db000
3f2ca000
40126000
3f26f000
4012d800
3f262000
4017b000
3f1fa000
3f9b5000
3f987000
3fa3c000
3f939000
3fa55000
3f91f000
3faf0000
3f8c4000
3fb45000
3f883000
3fb95000
3f84f000
3fc30000
3f7e8000
3fc85000
3f766000
3fcd5000
3f6fe000
3fd70000
3f648000
3fdc0000
3f5e0000
3fe15000
3f55e000
3feb0000
3f4a8000
3feaa000
3f4c5000
3ff36000
3f46a000
3ffd1000
3f40f000
3ffea000
3f3f5000
4003b000
3f39a000
40088800
3f33f000
40092800
3f332000
400db000
3f2ca000
40126000
3f26f000
4012d800
3f262000
4017b000
3f1fa000
3f9ec000
3f9a1000
3fa73000
3f953000
3fa8c000
3f939000
3fb27000
3f8de000
3fb7c000
3f89d000
3fbcc000
3f869000
3fc67000
3f80e000
3fcbc000
3f79a000
3fd0c000
3f732000
3fda7000
3f67c000
3fdf7000
3f614000
3fe4c000
3f592000
3fee7000
3f4dc000
3fef7000
3f4ea000
3ff83000
3f48f000
4000f000
3f434000
4001b800
3f41a000
40061800
3f3bf000
400af000
3f364000
400b9000
3f357000
40101800
3f2ef000
4014c800
3f294000
40154000
3f287000
401a1800
3f21f000
3f9f1000
3f9ae000
3fa78000
3f960000
3fa91000
3f946000
3fb2c000
3f8eb000
3fb81000
3f8aa000
3fbd1000
3f876000
3fc6c000
3f81b000
3fcc1000
3f7b4000
3fd11000
3f74c000
3fdac000
3f696000
3fdfc000
3f62e000
3fe51000
3f5ac000
3feec000
3f4f6000
3fefe000
3f4fc800
3ff8a000
3f4a1800
40012800
3f446800
4001f000
3f42c800
40065000
3f3d1800
400b2800
3f376800
400bc800
3f369800
40105000
3f301800
40150000
3f2a6800
40157800
3f299800
401a5000
3f231800
3f9fb000
3f9ae000
3fa82000
3f960000
3fa9b000
3f946000
3fb36000
3f8eb000
3fb8b000
3f8aa000
3fbdb000
3f876000
3fc76000
3f81b000
3fccb000
3f7b4000
3fd1b000
3f74c000
3fdb6000
3f696000
3fe06000
3f62e000
3fe5b000
3f5ac000
3fef6000
3f4f6000
3ff0c000
3f4fc800
3ff98000
3f4a1800
40019800
3f446800
40026000
3f42c800
4006c000
3f3d1800
400b9800
3f376800
400c3800
3f369800
4010c000
3f301800
40157000
3f2a6800
4015e800
3f299800
401ac000
3f231800
3fa00000
3f9ae000
3fa87000
3f960000
3faa0000
3f946000
3fb3b000
3f8eb000
3fb90000
3f8aa000
3fbe0000
3f876000
3fc7b000
3f81b000
3fcd0000
3f7b4000
3fd20000
3f74c000
3fdbb000
3f696000
3fe0b000
3f62e000
3fe60000
3f5ac000
3fefb000
3f4f6000
3ff13000
3f4fc800
3ff9f000
3f4a1800
4001d000
3f446800
40029800
3f42c800
4006f800
3f3d1800
400bd000
3f376800
400c7000
3f369800
4010f800
3f301800
4015a800
3f2a6800
40162000
3f299800
401af800
3f231800
3fa00000
3f9ae000
3fa87000
3f960000
3faa0000
3f946000
3fb3b000
3f8eb000
3fb90000
3f8aa000
3fbe0000
3f876000
3fc7b000
3f81b000
3fcd0000
3f7b4000
3fd20000
3f74c000
3fdbb000
3f696000
3fe0b000
3f62e000
3fe60000
3f5ac000
3fefb000
3f4f6000
3ff13000
3f4fc800
3ff9f000
3f4a1800
4001d000
3f446800
40029800
3f42c800
4006f800
3f3d1800
400bd000
3f376800
400c7000
3f369800
4010f800
3f301800
4015a800
3f2a6800
40162000
3f299800
401af800
3f231800
3fa00000
3f9ae000
3fa87000
3f960000
3faa0000
3f946000
3fb3b000
3f8eb000
3fb90000
3f8aa000
3fbe0000
3f876000
3fc7b000
3f81b000
3fcd0000
3f7b4000
3fd20000
3f74c000
3fdbb000
3f696000
3fe0b000
3f62e000
3fe60000
3f5ac000
3fefb000
3f4f6000
3ff13000
3f4fc800
3ff9f000
3f4a1800
4001d000
3f446800
40029800
3f42c800
4006f800
3f3d1800
400bd000
3f376800
400c7000
3f369800
4010f800
3f301800
4015a800
3f2a6800
40162000
3f299800
401af800
3f231800
3fa00000
3f9ae000
3fa87000
3f960000
3faa0000
3f946000
3fb3b000
3f8eb000
3fb90000
3f8aa000
3fbe0000
3f876000
3fc7b000
3f81b000
3fcd0000
3f7b4000
3fd20000
3f74c000
3fdbb000
3f696000
3fe0b000
3f62e000
3fe60000
3f5ac000
3fefb000
3f4f6000
3ff13000
3f4fc800
3ff9f000
3f4a1800
4001d000
3f446800
40029800
3f42c800
4006f800
3f3d1800
400bd000
3f376800
400c7000
3f369800
4010f800
3f301800
4015a800
3f2a6800
40162000
3f299800
401af800
3f231800
3fa00000
3f9ae000
3fa87000
3f960000
3faa0000
3f946000
3fb3b000
3f8eb000
3fb90000
3f8aa000
3fbe0000
3f876000
3fc7b000
3f81b000
3fcd0000
3f7b4000
3fd20000
3f74c000
3fdbb000
3f696000
3fe0b000
3f62e000
3fe60000
3f5ac000
3fefb000
3f4f6000
3ff13000
3f4fc800
3ff9f000
3f4a1800
4001d000
3f446800
40029800
3f42c800
4006f800
3f3d1800
400bd000
3f376800
400c7000
3f369800
4010f800
3f301800
4015a800
3f2a6800
40162000
3f299800
401af800
3f231800
3fa00000
3f9ae000
3fa87000
3f960000
3faa0000
3f946000
3fb3b000
3f8eb000
3fb90000
3f8aa000
3fbe0000
3f876000
3fc7b000
3f81b000
3fcd0000
3f7b4000
3fd20000
3f74c000
3fdbb000
3f696000
3fe0b000
3f62e000
3fe60000
3f5ac000
3fefb000
3f4f6000
3ff13000
3f4fc800
3ff9f000
3f4a1800
4001d000
3f446800
40029800
3f42c800
4006f800
3f3d1800
400bd000
3f376800
400c7000
3f369800
4010f800
3f301800
4015a800
3f2a6800
40162000
3f299800
401af800
3f231800
3fa05000
3f9bb000
3fa8c000
3f96d000
3faa5000
3f953000
3fb40000
3f8f8000
3fb95000
3f8b7000
3fbe5000
3f883000
3fc80000
3f828000
3fcd5000
3f7ce000
3fd25000
3f766000
3fdc0000
3f6b0000
3fe10000
3f648000
3fe65000
3f5c6000
3ff00000
3f510000
3ff1a000
3f50f000
3ffa6000
3f4b4000
40020800
3f459000
4002d000
3f43f000
40073000
3f3e4000
400c0800
3f389000
400ca800
3f37c000
40113000
3f314000
4015e000
3f2b9000
40165800
3f2ac000
401b3000
3f244000
3fa05000
3f9bb000
3fa8c000
3f96d000
3faa5000
3f953000
3fb40000
3f8f8000
3fb95000
3f8b7000
3fbe5000
3f883000
3fc80000
3f828000
3fcd5000
3f7ce000
3fd25000
3f766000
3fdc0000
3f6b0000
3fe10000
3f648000
3fe65000
3f5c6000
3ff00000
3f510000
3ff1a000
3f50f000
3ffa6000
3f4b4000
40020800
3f459000
4002d000
3f43f000
40073000
3f3e4000
400c0800
3f389000
400ca800
3f37c000
40113000
3f314000
4015e000
3f2b9000
40165800
3f2ac000
401b3000
3f244000
3fa05000
3f9bb000
3fa8c000
3f96d000
3faa5000
3f953000
3fb40000
3f8f8000
3fb95000
3f8b7000
3fbe5000
3f883000
3fc80000
3f828000
3fcd5000
3f7ce000
3fd25000
3f766000
3fdc0000
3f6b0000
3fe10000
3f648000
3fe65000
3f5c6000
3ff00000
3f510000
3ff1a000
3f50f000
3ffa6000
3f4b4000
40020800
3f459000
4002d000
3f43f000
40073000
3f3e4000
400c0800
3f389000
400ca800
3f37c000
40113000
3f314000
4015e000
3f2b9000
40165800
3f2ac000
401b3000
3f244000
3fa05000
3f9bb000
3fa8c000
3f96d000
3faa5000
3f953000
3fb40000
3f8f8000
3fb95000
3f8b7000
3fbe5000
3f883000
3fc80000
3f828000
3fcd5000
3f7ce000
3fd25000
3f766000
3fdc0000
3f6b0000
3fe10000
3f648000
3fe65000
3f5c6000
3ff00000
3f510000
3ff1a000
3f50f000
3ffa6000
3f4b4000
40020800
3f459000
4002d000
3f43f000
40073000
3f3e4000
400c0800
3f389000
400ca800
3f37c000
40113000
3f314000
4015e000
3f2b9000
40165800
3f2ac000
401b3000
3f244000
3fa05000
3f9bb000
3fa8c000
3f96d000
3faa5000
3f953000
3fb40000
3f8f8000
3fb95000
3f8b7000
3fbe5000
3f883000
3fc80000
3f828000
3fcd5000
3f7ce000
3fd25000
3f766000
3fdc0000
3f6b0000
3fe10000
3f648000
3fe65000
3f5c6000
3ff00000
3f510000
3ff1a000
3f50f000
3ffa6000
3f4b4000
40020800
3f459000
4002d000
3f43f000
40073000
3f3e4000
400c0800
3f389000
400ca800
3f37c000
40113000
3f314000
4015e000
3f2b9000
40165800
3f2ac000
401b3000
3f244000
3fa05000
3f9bb000
3fa8c000
3f96d000
3faa5000
3f953000
3fb40000
3f8f8000
3fb95000
3f8b7000
3fbe5000
3f883000
3fc80000
3f828000
3fcd5000
3f7ce000
3fd25000
3f766000
3fdc0000
3f6b0000
3fe10000
3f648000
3fe65000
3f5c6000
3ff00000
3f510000
3ff1a000
3f50f000
3ffa6000
3f4b4000
40020800
3f459000
4002d000
3f43f000
40073000
3f3e4000
400c0800
3f389000
400ca800
3f37c000
40113000
3f314000
4015e000
3f2b9000
40165800
3f2ac000
401b3000
3f244000
3fa05000
3f9bb000
3fa8c000
3f96d000
3faa5000
3f953000
3fb40000
3f8f8000
3fb95000
3f8b7000
3fbe5000
3f883000
3fc80000
3f828000
3fcd5000
3f7ce000
3fd25000
3f766000
3fdc0000
3f6b0000
3fe10000
3f648000
3fe65000
3f5c6000
3ff00000
3f510000
3ff1a000
3f50f000
3ffa6000
3f4b4000
40020800
3f459000
4002d000
3f43f000
40073000
3f3e4000
400c0800
3f389000
400ca800
3f37c000
40113000
3f314000
4015e000
3f2b9000
40165800
3f2ac000
401b3000
3f244000
3fa05000
3f9bb000
3fa8c000
3f96d000
3faa5000
3f953000
3fb40000
3f8f8000
3fb95000
3f8b7000
3fbe5000
3f883000
3fc80000
3f828000
3fcd5000
3f7ce000
3fd25000
3f766000
3fdc0000
3f6b0000
3fe10000
3f648000
3fe65000
3f5c6000
3ff00000
3f510000
3ff1a000
3f50f000
3ffa6000
3f4b4000
40020800
3f459000
4002d000
3f43f000
40073000
3f3e4000
400c0800
3f389000
400ca800
3f37c000
40113000
3f314000
4015e000
3f2b9000
40165800
3f2ac000
401b3000
3f244000
3fa05000
3f9bb000
3fa8c000
3f96d000
3faa5000
3f953000
3fb40000
3f8f8000
3fb95000
3f8b7000
3fbe5000
3f883000
3fc80000
3f828000
3fcd5000
3f7ce000
3fd25000
3f766000
3fdc0000
3f6b0000
3fe10000
3f648000
3fe65000
3f5c6000
3ff00000
3f510000
3ff1a000
3f50f000
3ffa6000
3f4b4000
40020800
3f459000
4002d000
3f43f000
40073000
3f3e4000
400c0800
3f389000
400ca800
3f37c000
40113000
3f314000
4015e000
3f2b9000
40165800
3f2ac000
401b3000
3f244000
3fa0a000
3f9bb000
3fa91000
3f96d000
3faaa000
3f953000
3fb45000
3f8f8000
3fb9a000
3f8b7000
3fbea000
3f883000
3fc85000
3f828000
3fcda000
3f7ce000
3fd2a000
3f766000
3fdc5000
3f6b0000
3fe15000
3f648000
3fe6a000
3f5c6000
3ff05000
3f510000
3ff21000
3f50f000
3ffad000
3f4b4000
40024000
3f459000
40030800
3f43f000
40076800
3f3e4000
400c4000
3f389000
400ce000
3f37c000
40116800
3f314000
40161800
3f2b9000
40169000
3f2ac000
401b6800
3f244000
3fa0a000
3f9bb000
3fa91000
3f96d000
3faaa000
3f953000
3fb45000
3f8f8000
3fb9a000
3f8b7000
3fbea000
3f883000
3fc85000
3f828000
3fcda000
3f7ce000
3fd2a000
3f766000
3fdc5000
3f6b0000
3fe15000
3f648000
3fe6a000
3f5c6000
3ff05000
3f510000
3ff21000
3f50f000
3ffad000
3f4b4000
40024000
3f459000
40030800
3f43f000
40076800
3f3e4000
400c4000
3f389000
400ce000
3f37c000
40116800
3f314000
40161800
3f2b9000
40169000
3f2ac000
401b6800
3f244000
3fa14000
3f9bb000
3fa9b000
3f96d000
3fab4000
3f953000
3fb4f000
3f8f8000
3fba4000
3f8b7000
3fbf4000
3f883000
3fc8f000
3f828000
3fce4000
3f7ce000
3fd34000
3f766000
3fdcf000
3f6b0000
3fe1f000
3f648000
3fe74000
3f5c6000
3ff0f000
3f510000
3ff2f000
3f50f000
3ffbb000
3f4b4000
4002b000
3f459000
40037800
3f43f000
4007d800
3f3e4000
400cb000
3f389000
400d5000
3f37c000
4011d800
3f314000
40168800
3f2b9000
40170000
3f2ac000
401bd800
3f244000
3fa19000
3f9c8000
3faa0000
3f97a000
3fab9000
3f960000
3fb54000
3f905000
3fba9000
3f8c4000
3fbf9000
3f890000
3fc94000
3f835000
3fce9000
3f7e8000
3fd39000
3f780000
3fdd4000
3f6ca000
3fe24000
3f662000
3fe79000
3f5e0000
3ff14000
3f52a000
3ff36000
3f521800
3ffc2000
3f4c6800
4002e800
3f46b800
4003b000
3f451800
40081000
3f3f6800
400ce800
3f39b800
400d8800
3f38e800
40121000
3f326800
4016c000
3f2cb800
40173800
3f2be800
401c1000
3f256800
3fa19000
3f9c8000
3faa0000
3f97a000
3fab9000
3f960000
3fb54000
3f905000
3fba9000
3f8c4000
3fbf9000
3f890000
3fc94000
3f835000
3fce9000
3f7e8000
3fd39000
3f780000
3fdd4000
3f6ca000
3fe24000
3f662000
3fe79000
3f5e0000
3ff14000
3f52a000
3ff36000
3f521800
3ffc2000
3f4c6800
4002e800
3f46b800
4003b000
3f451800
40081000
3f3f6800
400ce800
3f39b800
400d8800
3f38e800
40121000
3f326800
4016c000
3f2cb800
40173800
3f2be800
401c1000
3f256800
3fa50000
3f9e2000
3fad7000
3f994000
3faf0000
3f97a000
3fb8b000
3f91f000
3fbe0000
3f8de000
3fc30000
3f8aa000
3fccb000
3f84f000
3fd20000
3f80e000
3fd70000
3f7b4000
3fe0b000
3f6fe000
3fe5b000
3f696000
3feb0000
3f614000
3ff4b000
3f55e000
3ff83000
3f546800
40007800
3f4eb800
40055000
3f490800
40061800
3f476800
400a7800
3f41b800
400f5000
3f3c0800
400ff000
3f3b3800
40147800
3f34b800
40192800
3f2f0800
4019a000
3f2e3800
401e7800
3f27b800
3fa55000
3f9ef000
3fadc000
3f9a1000
3faf5000
3f987000
3fb90000
3f92c000
3fbe5000
3f8eb000
3fc35000
3f8b7000
3fcd0000
3f85c000
3fd25000
3f81b000
3fd75000
3f7ce000
3fe10000
3f718000
3fe60000
3f6b0000
3feb5000
3f62e000
3ff50000
3f578000
3ff8a000
3f559000
4000b000
3f4fe000
40058800
3f4a3000
40065000
3f489000
400ab000
3f42e000
400f8800
3f3d3000
40102800
3f3c6000
4014b000
3f35e000
40196000
3f303000
4019d800
3f2f6000
401eb000
3f28e000
3fa55000
3f9ef000
3fadc000
3f9a1000
3faf5000
3f987000
3fb90000
3f92c000
3fbe5000
3f8eb000
3fc35000
3f8b7000
3fcd0000
3f85c000
3fd25000
3f81b000
3fd75000
3f7ce000
3fe10000
3f718000
3fe60000
3f6b0000
3feb5000
3f62e000
3ff50000
3f578000
3ff8a000
3f559000
4000b000
3f4fe000
40058800
3f4a3000
40065000
3f489000
400ab000
3f42e000
400f8800
3f3d3000
40102800
3f3c6000
4014b000
3f35e000
40196000
3f303000
4019d800
3f2f6000
401eb000
3f28e000
3fa8c000
3fa09000
3fb13000
3f9bb000
3fb2c000
3f9a1000
3fbc7000
3f946000
3fc1c000
3f905000
3fc6c000
3f8d1000
3fd07000
3f876000
3fd5c000
3f835000
3fdac000
3f801000
3fe47000
3f74c000
3fe97000
3f6e4000
3feec000
3f662000
3ff87000
3f5ac000
3ffd7000
3f57e000
40031800
3f523000
4007f000
3f4c8000
4008b800
3f4ae000
400d1800
3f453000
4011f000
3f3f8000
40129000
3f3eb000
40171800
3f383000
401bc800
3f328000
401c4000
3f31b000
40211800
3f2b3000
3fa91000
3fa16000
3fb18000
3f9c8000
3fb31000
3f9ae000
3fbcc000
3f953000
3fc21000
3f912000
3fc71000
3f8de000
3fd0c000
3f883000
3fd61000
3f842000
3fdb1000
3f80e000
3fe4c000
3f766000
3fe9c000
3f6fe000
3fef1000
3f67c000
3ff8c000
3f5c6000
3ffde000
3f590800
40035000
3f535800
40082800
3f4da800
4008f000
3f4c0800
400d5000
3f465800
40122800
3f40a800
4012c800
3f3fd800
40175000
3f395800
401c0000
3f33a800
401c7800
3f32d800
40215000
3f2c5800
3fa9b000
3fa16000
3fb22000
3f9c8000
3fb3b000
3f9ae000
3fbd6000
3f953000
3fc2b000
3f912000
3fc7b000
3f8de000
3fd16000
3f883000
3fd6b000
3f842000
3fdbb000
3f80e000
3fe56000
3f766000
3fea6000
3f6fe000
3fefb000
3f67c000
3ff96000
3f5c6000
3ffec000
3f590800
4003c000
3f535800
40089800
3f4da800
40096000
3f4c0800
400dc000
3f465800
40129800
3f40a800
40133800
3f3fd800
4017c000
3f395800
401c7000
3f33a800
401ce800
3f32d800
4021c000
3f2c5800
3faa0000
3fa16000
3fb27000
3f9c8000
3fb40000
3f9ae000
3fbdb000
3f953000
3fc30000
3f912000
3fc80000
3f8de000
3fd1b000
3f883000
3fd70000
3f842000
3fdc0000
3f80e000
3fe5b000
3f766000
3feab000
3f6fe000
3ff00000
3f67c000
3ff9b000
3f5c6000
3fff3000
3f590800
4003f800
3f535800
4008d000
3f4da800
40099800
3f4c0800
400df800
3f465800
4012d000
3f40a800
40137000
3f3fd800
4017f800
3f395800
401ca800
3f33a800
401d2000
3f32d800
4021f800
3f2c5800
3faa0000
3fa16000
3fb27000
3f9c8000
3fb40000
3f9ae000
3fbdb000
3f953000
3fc30000
3f912000
3fc80000
3f8de000
3fd1b000
3f883000
3fd70000
3f842000
3fdc0000
3f80e000
3fe5b000
3f766000
3feab000
3f6fe000
3ff00000
3f67c000
3ff9b000
3f5c6000
3fff3000
3f590800
4003f800
3f535800
4008d000
3f4da800
40099800
3f4c0800
400df800
3f465800
4012d000
3f40a800
40137000
3f3fd800
4017f800
3f395800
401ca800
3f33a800
401d2000
3f32d800
4021f800
3f2c5800
3faa0000
3fa16000
3fb27000
3f9c8000
3fb40000
3f9ae000
3fbdb000
3f953000
3fc30000
3f912000
3fc80000
3f8de000
3fd1b000
3f883000
3fd70000
3f842000
3fdc0000
3f80e000
3fe5b000
3f766000
3feab000
3f6fe000
3ff00000
3f67c000
3ff9b000
3f5c6000
3fff3000
3f590800
4003f800
3f535800
4008d000
3f4da800
40099800
3f4c0800
400df800
3f465800
4012d000
3f40a800
40137000
3f3fd800
4017f800
3f395800
401ca800
3f33a800
401d2000
3f32d800
4021f800
3f2c5800
3faa0000
3fa16000
3fb27000
3f9c8000
3fb40000
3f9ae000
3fbdb000
3f953000
3fc30000
3f912000
3fc80000
3f8de000
3fd1b000
3f883000
3fd70000
3f842000
3fdc0000
3f80e000
3fe5b000
3f766000
3feab000
3f6fe000
3ff00000
3f67c000
3ff9b000
3f5c6000
3fff3000
3f590800
4003f800
3f535800
4008d000
3f4da800
40099800
3f4c0800
400df800
3f465800
4012d000
3f40a800
40137000
3f3fd800
4017f800
3f395800
401ca800
3f33a800
401d2000
3f32d800
4021f800
3f2c5800
3faa0000
3fa16000
3fb27000
3f9c8000
3fb40000
3f9ae000
3fbdb000
3f953000
3fc30000
3f912000
3fc80000
3f8de000
3fd1b000
3f883000
3fd70000
3f842000
3fdc0000
3f80e000
3fe5b000
3f766000
3feab000
3f6fe000
3ff00000
3f67c000
3ff9b000
3f5c6000
3fff3000
3f590800
4003f800
3f535800
4008d000
3f4da800
40099800
3f4c0800
400df800
3f465800
4012d000
3f40a800
40137000
3f3fd800
4017f800
3f395800
401ca800
3f33a800
401d2000
3f32d800
4021f800
3f2c5800
3faa0000
3fa16000
3fb27000
3f9c8000
3fb40000
3f9ae000
3fbdb000
3f953000
3fc30000
3f912000
3fc80000
3f8de000
3fd1b000
3f883000
3fd70000
3f842000
3fdc0000
3f80e000
3fe5b000
3f766000
3feab000
3f6fe000
3ff00000
3f67c000
3ff9b000
3f5c6000
3fff3000
3f590800
4003f800
3f535800
4008d000
3f4da800
40099800
3f4c0800
400df800
3f465800
4012d000
3f40a800
40137000
3f3fd800
4017f800
3f395800
401ca800
3f33a800
401d2000
3f32d800
4021f800
3f2c5800
3faa5000
3fa23000
3fb2c000
3f9d5000
3fb45000
3f9bb000
3fbe0000
3f960000
3fc35000
3f91f000
3fc85000
3f8eb000
3fd20000
3f890000
3fd75000
3f84f000
3fdc5000
3f81b000
3fe60000
3f780000
3feb0000
3f718000
3ff05000
3f696000
3ffa0000
3f5e0000
3fffa000
3f5a3000
40043000
3f548000
40090800
3f4ed000
4009d000
3f4d3000
400e3000
3f478000
40130800
3f41d000
4013a800
3f410000
40183000
3f3a8000
401ce000
3f34d000
401d5800
3f340000
40223000
3f2d8000
3faa5000
3fa23000
3fb2c000
3f9d5000
3fb45000
3f9bb000
3fbe0000
3f960000
3fc35000
3f91f000
3fc85000
3f8eb000
3fd20000
3f890000
3fd75000
3f84f000
3fdc5000
3f81b000
3fe60000
3f780000
3feb0000
3f718000
3ff05000
3f696000
3ffa0000
3f5e0000
3fffa000
3f5a3000
40043000
3f548000
40090800
3f4ed000
4009d000
3f4d3000
400e3000
3f478000
40130800
3f41d000
4013a800
3f410000
40183000
3f3a8000
401ce000
3f34d000
401d5800
3f340000
40223000
3f2d8000
3faa5000
3fa23000
3fb2c000
3f9d5000
3fb45000
3f9bb000
3fbe0000
3f960000
3fc35000
3f91f000
3fc85000
3f8eb000
3fd20000
3f890000
3fd75000
3f84f000
3fdc5000
3f81b000
3fe60000
3f780000
3feb0000
3f718000
3ff05000
3f696000
3ffa0000
3f5e0000
3fffa000
3f5a3000
40043000
3f548000
40090800
3f4ed000
4009d000
3f4d3000
400e3000
3f478000
40130800
3f41d000
4013a800
3f410000
40183000
3f3a8000
401ce000
3f34d000
401d5800
3f340000
40223000
3f2d8000
3faa5000
3fa23000
3fb2c000
3f9d5000
3fb45000
3f9bb000
3fbe0000
3f960000
3fc35000
3f91f000
3fc85000
3f8eb000
3fd20000
3f890000
3fd75000
3f84f000
3fdc5000
3f81b000
3fe60000
3f780000
3feb0000
3f718000
3ff05000
3f696000
3ffa0000
3f5e0000
3fffa000
3f5a3000
40043000
3f548000
40090800
3f4ed000
4009d000
3f4d3000
400e3000
3f478000
40130800
3f41d000
4013a800
3f410000
40183000
3f3a8000
401ce000
3f34d000
401d5800
3f340000
40223000
3f2d8000
3faa5000
3fa23000
3fb2c000
3f9d5000
3fb45000
3f9bb000
3fbe0000
3f960000
3fc35000
3f91f000
3fc85000
3f8eb000
3fd20000
3f890000
3fd75000
3f84f000
3fdc5000
3f81b000
3fe60000
3f780000
3feb0000
3f718000
3ff05000
3f696000
3ffa0000
3f5e0000
3fffa000
3f5a3000
40043000
3f548000
40090800
3f4ed000
4009d000
3f4d3000
400e3000
3f478000
40130800
3f41d000
4013a800
3f410000
40183000
3f3a8000
401ce000
3f34d000
401d5800
3f340000
40223000
3f2d8000
3faa5000
3fa23000
3fb2c000
3f9d5000
3fb45000
3f9bb000
3fbe0000
3f960000
3fc35000
3f91f000
3fc85000
3f8eb000
3fd20000
3f890000
3fd75000
3f84f000
3fdc5000
3f81b000
3fe60000
3f780000
3feb0000
3f718000
3ff05000
3f696000
3ffa0000
3f5e0000
3fffa000
3f5a3000
40043000
3f548000
40090800
3f4ed000
4009d000
3f4d3000
400e3000
3f478000
40130800
3f41d000
4013a800
3f410000
40183000
3f3a8000
401ce000
3f34d000
401d5800
3f340000
40223000
3f2d8000
3faa5000
3fa23000
3fb2c000
3f9d5000
3fb45000
3f9bb000
3fbe0000
3f960000
3fc35000
3f91f000
3fc85000
3f8eb000
3fd20000
3f890000
3fd75000
3f84f000
3fdc5000
3f81b000
3fe60000
3f780000
3feb0000
3f718000
3ff05000
3f696000
3ffa0000
3f5e0000
3fffa000
3f5a3000
40043000
3f548000
40090800
3f4ed000
4009d000
3f4d3000
400e3000
3f478000
40130800
3f41d000
4013a800
3f410000
40183000
3f3a8000
401ce000
3f34d000
401d5800
3f340000
40223000
3f2d8000
3faa5000
3fa23000
3fb2c000
3f9d5000
3fb45000
3f9bb000
3fbe0000
3f960000
3fc35000
3f91f000
3fc85000
3f8eb000
3fd20000
3f890000
3fd75000
3f84f000
3fdc5000
3f81b000
3fe60000
3f780000
3feb0000
3f718000
3ff05000
3f696000
3ffa0000
3f5e0000
3fffa000
3f5a3000
40043000
3f548000
40090800
3f4ed000
4009d000
3f4d3000
400e3000
3f478000
40130800
3f41d000
4013a800
3f410000
40183000
3f3a8000
401ce000
3f34d000
401d5800
3f340000
40223000
3f2d8000
3faa5000
3fa23000
3fb2c000
3f9d5000
3fb45000
3f9bb000
3fbe0000
3f960000
3fc35000
3f91f000
3fc85000
3f8eb000
3fd20000
3f890000
3fd75000
3f84f000
3fdc5000
3f81b000
3fe60000
3f780000
3feb0000
3f718000
3ff05000
3f696000
3ffa0000
3f5e0000
3fffa000
3f5a3000
40043000
3f548000
40090800
3f4ed000
4009d000
3f4d3000
400e3000
3f478000
40130800
3f41d000
4013a800
3f410000
40183000
3f3a8000
401ce000
3f34d000
401d5800
3f340000
40223000
3f2d8000
3faaa000
3fa23000
3fb31000
3f9d5000
3fb4a000
3f9bb000
3fbe5000
3f960000
3fc3a000
3f91f000
3fc8a000
3f8eb000
3fd25000
3f890000
3fd7a000
3f84f000
3fdca000
3f81b000
3fe65000
3f780000
3feb5000
3f718000
3ff0a000
3f696000
3ffa5000
3f5e0000
40000800
3f5a3000
40046800
3f548000
40094000
3f4ed000
400a0800
3f4d3000
400e6800
3f478000
40134000
3f41d000
4013e000
3f410000
40186800
3f3a8000
401d1800
3f34d000
401d9000
3f340000
40226800
3f2d8000
3faaa000
3fa23000
3fb31000
3f9d5000
3fb4a000
3f9bb000
3fbe5000
3f960000
3fc3a000
3f91f000
3fc8a000
3f8eb000
3fd25000
3f890000
3fd7a000
3f84f000
3fdca000
3f81b000
3fe65000
3f780000
3feb5000
3f718000
3ff0a000
3f696000
3ffa5000
3f5e0000
40000800
3f5a3000
40046800
3f548000
40094000
3f4ed000
400a0800
3f4d3000
400e6800
3f478000
40134000
3f41d000
4013e000
3f410000
40186800
3f3a8000
401d1800
3f34d000
401d9000
3f340000
40226800
3f2d8000
3fab4000
3fa23000
3fb3b000
3f9d5000
3fb54000
3f9bb000
3fbef000
3f960000
3fc44000
3f91f000
3fc94000
3f8eb000
3fd2f000
3f890000
3fd84000
3f84f000
3fdd4000
3f81b000
3fe6f000
3f780000
3febf000
3f718000
3ff14000
3f696000
3ffaf000
3f5e0000
40007800
3f5a3000
4004d800
3f548000
4009b000
3f4ed000
400a7800
3f4d3000
400ed800
3f478000
4013b000
3f41d000
40145000
3f410000
4018d800
3f3a8000
401d8800
3f34d000
401e0000
3f340000
4022d800
3f2d8000
3fab9000
3fa30000
3fb40000
3f9e2000
3fb59000
3f9c8000
3fbf4000
3f96d000
3fc49000
3f92c000
3fc99000
3f8f8000
3fd34000
3f89d000
3fd89000
3f85c000
3fdd9000
3f828000
3fe74000
3f79a000
3fec4000
3f732000
3ff19000
3f6b0000
3ffb4000
3f5fa000
4000b000
3f5b5800
40051000
3f55a800
4009e800
3f4ff800
400ab000
3f4e5800
400f1000
3f48a800
4013e800
3f42f800
40148800
3f422800
40191000
3f3ba800
401dc000
3f35f800
401e3800
3f352800
40231000
3f2ea800
3fab9000
3fa30000
3fb40000
3f9e2000
3fb59000
3f9c8000
3fbf4000
3f96d000
3fc49000
3f92c000
3fc99000
3f8f8000
3fd34000
3f89d000
3fd89000
3f85c000
3fdd9000
3f828000
3fe74000
3f79a000
3fec4000
3f732000
3ff19000
3f6b0000
3ffb4000
3f5fa000
4000b000
3f5b5800
40051000
3f55a800
4009e800
3f4ff800
400ab000
3f4e5800
400f1000
3f48a800
4013e800
3f42f800
40148800
3f422800
40191000
3f3ba800
401dc000
3f35f800
401e3800
3f352800
40231000
3f2ea800
3faf0000
3fa4a000
3fb77000
3f9fc000
3fb90000
3f9e2000
3fc2b000
3f987000
3fc80000
3f946000
3fcd0000
3f912000
3fd6b000
3f8b7000
3fdc0000
3f876000
3fe10000
3f842000
3feab000
3f7ce000
3fefb000
3f766000
3ff50000
3f6e4000
3ffeb000
3f62e000
40031800
3f5da800
40077800
3f57f800
400c5000
3f524800
400d1800
3f50a800
40117800
3f4af800
40165000
3f454800
4016f000
3f447800
401b7800
3f3df800
40202800
3f384800
4020a000
3f377800
40257800
3f30f800
3faf5000
3fa57000
3fb7c000
3fa09000
3fb95000
3f9ef000
3fc30000
3f994000
3fc85000
3f953000
3fcd5000
3f91f000
3fd70000
3f8c4000
3fdc5000
3f883000
3fe15000
3f84f000
3feb0000
3f7e8000
3ff00000
3f780000
3ff55000
3f6fe000
3fff0000
3f648000
40035000
3f5ed000
4007b000
3f592000
400c8800
3f537000
400d5000
3f51d000
4011b000
3f4c2000
40168800
3f467000
40172800
3f45a000
401bb000
3f3f2000
40206000
3f397000
4020d800
3f38a000
4025b000
3f322000
3faf5000
3fa57000
3fb7c000
3fa09000
3fb95000
3f9ef000
3fc30000
3f994000
3fc85000
3f953000
3fcd5000
3f91f000
3fd70000
3f8c4000
3fdc5000
3f883000
3fe15000
3f84f000
3feb0000
3f7e8000
3ff00000
3f780000
3ff55000
3f6fe000
3fff0000
3f648000
40035000
3f5ed000
4007b000
3f592000
400c8800
3f537000
400d5000
3f51d000
4011b000
3f4c2000
40168800
3f467000
40172800
3f45a000
401bb000
3f3f2000
40206000
3f397000
4020d800
3f38a000
4025b000
3f322000
3fb2c000
3fa71000
3fbb3000
3fa23000
3fbcc000
3fa09000
3fc67000
3f9ae000
3fcbc000
3f96d000
3fd0c000
3f939000
3fda7000
3f8de000
3fdfc000
3f89d000
3fe4c000
3f869000
3fee7000
3f80e000
3ff37000
3f7b4000
3ff8c000
3f732000
40013800
3f67c000
4005b800
3f612000
400a1800
3f5b7000
400ef000
3f55c000
400fb800
3f542000
40141800
3f4e7000
4018f000
3f48c000
40199000
3f47f000
401e1800
3f417000
4022c800
3f3bc000
40234000
3f3af000
40281800
3f347000
3fb31000
3fa7e000
3fbb8000
3fa30000
3fbd1000
3fa16000
3fc6c000
3f9bb000
3fcc1000
3f97a000
3fd11000
3f946000
3fdac000
3f8eb000
3fe01000
3f8aa000
3fe51000
3f876000
3feec000
3f81b000
3ff3c000
3f7ce000
3ff91000
3f74c000
40016000
3f696000
4005f000
3f624800
400a5000
3f5c9800
400f2800
3f56e800
400ff000
3f554800
40145000
3f4f9800
40192800
3f49e800
4019c800
3f491800
401e5000
3f429800
40230000
3f3ce800
40237800
3f3c1800
40285000
3f359800
3fb3b000
3fa7e000
3fbc2000
3fa30000
3fbdb000
3fa16000
3fc76000
3f9bb000
3fccb000
3f97a000
3fd1b000
3f946000
3fdb6000
3f8eb000
3fe0b000
3f8aa000
3fe5b000
3f876000
3fef6000
3f81b000
3ff46000
3f7ce000
3ff9b000
3f74c000
4001b000
3f696000
40066000
3f624800
400ac000
3f5c9800
400f9800
3f56e800
40106000
3f554800
4014c000
3f4f9800
40199800
3f49e800
401a3800
3f491800
401ec000
3f429800
40237000
3f3ce800
4023e800
3f3c1800
4028c000
3f359800
3fb40000
3fa7e000
3fbc7000
3fa30000
3fbe0000
3fa16000
3fc7b000
3f9bb000
3fcd0000
3f97a000
3fd20000
3f946000
3fdbb000
3f8eb000
3fe10000
3f8aa000
3fe60000
3f876000
3fefb000
3f81b000
3ff4b000
3f7ce000
3ffa0000
3f74c000
4001d800
3f696000
40069800
3f624800
400af800
3f5c9800
400fd000
3f56e800
40109800
3f554800
4014f800
3f4f9800
4019d000
3f49e800
401a7000
3f491800
401ef800
3f429800
4023a800
3f3ce800
40242000
3f3c1800
4028f800
3f359800
3fb40000
3fa7e000
3fbc7000
3fa30000
3fbe0000
3fa16000
3fc7b000
3f9bb000
3fcd0000
3f97a000
3fd20000
3f946000
3fdbb000
3f8eb000
3fe10000
3f8aa000
3fe60000
3f876000
3fefb000
3f81b000
3ff4b000
3f7ce000
3ffa0000
3f74c000
4001d800
3f696000
40069800
3f624800
400af800
3f5c9800
400fd000
3f56e800
40109800
3f554800
4014f800
3f4f9800
4019d000
3f49e800
401a7000
3f491800
401ef800
3f429800
4023a800
3f3ce800
40242000
3f3c1800
4028f800
3f359800
3fb40000
3fa7e000
3fbc7000
3fa30000
3fbe0000
3fa16000
3fc7b000
3f9bb000
3fcd0000
3f97a000
3fd20000
3f946000
3fdbb000
3f8eb000
3fe10000
3f8aa000
3fe60000
3f876000
3fefb000
3f81b000
3ff4b000
3f7ce000
3ffa0000
3f74c000
4001d800
3f696000
40069800
3f624800
400af800
3f5c9800
400fd000
3f56e800
40109800
3f554800
4014f800
3f4f9800
4019d000
3f49e800
401a7000
3f491800
401ef800
3f429800
4023a800
3f3ce800
40242000
3f3c1800
4028f800
3f359800
3fb40000
3fa7e000
3fbc7000
3fa30000
3fbe0000
3fa16000
3fc7b000
3f9bb000
3fcd0000
3f97a000
3fd20000
3f946000
3fdbb000
3f8eb000
3fe10000
3f8aa000
3fe60000
3f876000
3fefb000
3f81b000
3ff4b000
3f7ce000
3ffa0000
3f74c000
4001d800
3f696000
40069800
3f624800
400af800
3f5c9800
400fd000
3f56e800
40109800
3f554800
4014f800
3f4f9800
4019d000
3f49e800
401a7000
3f491800
401ef800
3f429800
4023a800
3f3ce800
40242000
3f3c1800
4028f800
3f359800
3fb40000
3fa7e000
3fbc7000
3fa30000
3fbe0000
3fa16000
3fc7b000
3f9bb000
3fcd0000
3f97a000
3fd20000
3f946000
3fdbb000
3f8eb000
3fe10000
3f8aa000
3fe60000
3f876000
3fefb000
3f81b000
3ff4b000
3f7ce000
3ffa0000
3f74c000
4001d800
3f696000
40069800
3f624800
400af800
3f5c9800
400fd000
3f56e800
40109800
3f554800
4014f800
3f4f9800
4019d000
3f49e800
401a7000
3f491800
401ef800
3f429800
4023a800
3f3ce800
40242000
3f3c1800
4028f800
3f359800
3fb40000
3fa7e000
3fbc7000
3fa30000
3fbe0000
3fa16000
3fc7b000
3f9bb000
3fcd0000
3f97a000
3fd20000
3f946000
3fdbb000
3f8eb000
3fe10000
3f8aa000
3fe60000
3f876000
3fefb000
3f81b000
3ff4b000
3f7ce000
3ffa0000
3f74c000
4001d800
3f696000
40069800
3f624800
400af800
3f5c9800
400fd000
3f56e800
40109800
3f554800
4014f800
3f4f9800
4019d000
3f49e800
401a7000
3f491800
401ef800
3f429800
4023a800
3f3ce800
40242000
3f3c1800
4028f800
3f359800
3fb45000
3fa8b000
3fbcc000
3fa3d000
3fbe5000
3fa23000
3fc80000
3f9c8000
3fcd5000
3f987000
3fd25000
3f953000
3fdc0000
3f8f8000
3fe15000
3f8b7000
3fe65000
3f883000
3ff00000
3f828000
3ff50000
3f7e8000
3ffa5000
3f766000
40020000
3f6b0000
4006d000
3f637000
400b3000
3f5dc000
40100800
3f581000
4010d000
3f567000
40153000
3f50c000
401a0800
3f4b1000
401aa800
3f4a4000
401f3000
3f43c000
4023e000
3f3e1000
40245800
3f3d4000
40293000
3f36c000
3fb45000
3fa8b000
3fbcc000
3fa3d000
3fbe5000
3fa23000
3fc80000
3f9c8000
3fcd5000
3f987000
3fd25000
3f953000
3fdc0000
3f8f8000
3fe15000
3f8b7000
3fe65000
3f883000
3ff00000
3f828000
3ff50000
3f7e8000
3ffa5000
3f766000
40020000
3f6b0000
4006d000
3f637000
400b3000
3f5dc000
40100800
3f581000
4010d000
3f567000
40153000
3f50c000
401a0800
3f4b1000
401aa800
3f4a4000
401f3000
3f43c000
4023e000
3f3e1000
40245800
3f3d4000
40293000
3f36c000
3fb45000
3fa8b000
3fbcc000
3fa3d000
3fbe5000
3fa23000
3fc80000
3f9c8000
3fcd5000
3f987000
3fd25000
3f953000
3fdc0000
3f8f8000
3fe15000
3f8b7000
3fe65000
3f883000
3ff00000
3f828000
3ff50000
3f7e8000
3ffa5000
3f766000
40020000
3f6b0000
4006d000
3f637000
400b3000
3f5dc000
40100800
3f581000
4010d000
3f567000
40153000
3f50c000
401a0800
3f4b1000
401aa800
3f4a4000
401f3000
3f43c000
4023e000
3f3e1000
40245800
3f3d4000
40293000
3f36c000
3fb45000
3fa8b000
3fbcc000
3fa3d000
3fbe5000
3fa23000
3fc80000
3f9c8000
3fcd5000
3f987000
3fd25000
3f953000
3fdc0000
3f8f8000
3fe15000
3f8b7000
3fe65000
3f883000
3ff00000
3f828000
3ff50000
3f7e8000
3ffa5000
3f766000
40020000
3f6b0000
4006d000
3f637000
400b3000
3f5dc000
40100800
3f581000
4010d000
3f567000
40153000
3f50c000
401a0800
3f4b1000
401aa800
3f4a4000
401f3000
3f43c000
4023e000
3f3e1000
40245800
3f3d4000
40293000
3f36c000
3fb45000
3fa8b000
3fbcc000
3fa3d000
3fbe5000
3fa23000
3fc80000
3f9c8000
3fcd5000
3f987000
3fd25000
3f953000
3fdc0000
3f8f8000
3fe15000
3f8b7000
3fe65000
3f883000
3ff00000
3f828000
3ff50000
3f7e8000
3ffa5000
3f766000
40020000
3f6b0000
4006d000
3f637000
400b3000
3f5dc000
40100800
3f581000
4010d000
3f567000
40153000
3f50c000
401a0800
3f4b1000
401aa800
3f4a4000
401f3000
3f43c000
4023e000
3f3e1000
40245800
3f3d4000
40293000
3f36c000
3fb45000
3fa8b000
3fbcc000
3fa3d000
3fbe5000
3fa23000
3fc80000
3f9c8000
3fcd5000
3f987000
3fd25000
3f953000
3fdc0000
3f8f8000
3fe15000
3f8b7000
3fe65000
3f883000
3ff00000
3f828000
3ff50000
3f7e8000
3ffa5000
3f766000
40020000
3f6b0000
4006d000
3f637000
400b3000
3f5dc000
40100800
3f581000
4010d000
3f567000
40153000
3f50c000
401a0800
3f4b1000
401aa800
3f4a4000
401f3000
3f43c000
4023e000
3f3e1000
40245800
3f3d4000
40293000
3f36c000
3fb45000
3fa8b000
3fbcc000
3fa3d000
3fbe5000
3fa23000
3fc80000
3f9c8000
3fcd5000
3f987000
3fd25000
3f953000
3fdc0000
3f8f8000
3fe15000
3f8b7000
3fe65000
3f883000
3ff00000
3f828000
3ff50000
3f7e8000
3ffa5000
3f766000
40020000
3f6b0000
4006d000
3f637000
400b3000
3f5dc000
40100800
3f581000
4010d000
3f567000
40153000
3f50c000
401a0800
3f4b1000
401aa800
3f4a4000
401f3000
3f43c000
4023e000
3f3e1000
40245800
3f3d4000
40293000
3f36c000
3fb45000
3fa8b000
3fbcc000
3fa3d000
3fbe5000
3fa23000
3fc80000
3f9c8000
3fcd5000
3f987000
3fd25000
3f953000
3fdc0000
3f8f8000
3fe15000
3f8b7000
3fe65000
3f883000
3ff00000
3f828000
3ff50000
3f7e8000
3ffa5000
3f766000
40020000
3f6b0000
4006d000
3f637000
400b3000
3f5dc000
40100800
3f581000
4010d000
3f567000
40153000
3f50c000
401a0800
3f4b1000
401aa800
3f4a4000
401f3000
3f43c000
4023e000
3f3e1000
40245800
3f3d4000
40293000
3f36c000
3fb45000
3fa8b000
3fbcc000
3fa3d000
3fbe5000
3fa23000
3fc80000
3f9c8000
3fcd5000
3f987000
3fd25000
3f953000
3fdc0000
3f8f8000
3fe15000
3f8b7000
3fe65000
3f883000
3ff00000
3f828000
3ff50000
3f7e8000
3ffa5000
3f766000
40020000
3f6b0000
4006d000
3f637000
400b3000
3f5dc000
40100800
3f581000
4010d000
3f567000
40153000
3f50c000
401a0800
3f4b1000
401aa800
3f4a4000
401f3000
3f43c000
4023e000
3f3e1000
40245800
3f3d4000
40293000
3f36c000
3fb4a000
3fa8b000
3fbd1000
3fa3d000
3fbea000
3fa23000
3fc85000
3f9c8000
3fcda000
3f987000
3fd2a000
3f953000
3fdc5000
3f8f8000
3fe1a000
3f8b7000
3fe6a000
3f883000
3ff05000
3f828000
3ff55000
3f7e8000
3ffaa000
3f766000
40022800
3f6b0000
40070800
3f637000
400b6800
3f5dc000
40104000
3f581000
40110800
3f567000
40156800
3f50c000
401a4000
3f4b1000
401ae000
3f4a4000
401f6800
3f43c000
40241800
3f3e1000
40249000
3f3d4000
40296800
3f36c000
3fb4a000
3fa8b000
3fbd1000
3fa3d000
3fbea000
3fa23000
3fc85000
3f9c8000
3fcda000
3f987000
3fd2a000
3f953000
3fdc5000
3f8f8000
3fe1a000
3f8b7000
3fe6a000
3f883000
3ff05000
3f828000
3ff55000
3f7e8000
3ffaa000
3f766000
40022800
3f6b0000
40070800
3f637000
400b6800
3f5dc000
40104000
3f581000
40110800
3f567000
40156800
3f50c000
401a4000
3f4b1000
401ae000
3f4a4000
401f6800
3f43c000
40241800
3f3e1000
40249000
3f3d4000
40296800
3f36c000
3fb54000
3fa8b000
3fbdb000
3fa3d000
3fbf4000
3fa23000
3fc8f000
3f9c8000
3fce4000
3f987000
3fd34000
3f953000
3fdcf000
3f8f8000
3fe24000
3f8b7000
3fe74000
3f883000
3ff0f000
3f828000
3ff5f000
3f7e8000
3ffb4000
3f766000
40027800
3f6b0000
40077800
3f637000
400bd800
3f5dc000
4010b000
3f581000
40117800
3f567000
4015d800
3f50c000
401ab000
3f4b1000
401b5000
3f4a4000
401fd800
3f43c000
40248800
3f3e1000
40250000
3f3d4000
4029d800
3f36c000
3fb59000
3fa98000
3fbe0000
3fa4a000
3fbf9000
3fa30000
3fc94000
3f9d5000
3fce9000
3f994000
3fd39000
3f960000
3fdd4000
3f905000
3fe29000
3f8c4000
3fe79000
3f890000
3ff14000
3f835000
3ff64000
3f801000
3ffb9000
3f780000
4002a000
3f6ca000
4007b000
3f649800
400c1000
3f5ee800
4010e800
3f593800
4011b000
3f579800
40161000
3f51e800
401ae800
3f4c3800
401b8800
3f4b6800
40201000
3f44e800
4024c000
3f3f3800
40253800
3f3e6800
402a1000
3f37e800
3fb59000
3fa98000
3fbe0000
3fa4a000
3fbf9000
3fa30000
3fc94000
3f9d5000
3fce9000
3f994000
3fd39000
3f960000
3fdd4000
3f905000
3fe29000
3f8c4000
3fe79000
3f890000
3ff14000
3f835000
3ff64000
3f801000
3ffb9000
3f780000
4002a000
3f6ca000
4007b000
3f649800
400c1000
3f5ee800
4010e800
3f593800
4011b000
3f579800
40161000
3f51e800
401ae800
3f4c3800
401b8800
3f4b6800
40201000
3f44e800
4024c000
3f3f3800
40253800
3f3e6800
402a1000
3f37e800
3fb90000
3fab2000
3fc17000
3fa64000
3fc30000
3fa4a000
3fccb000
3f9ef000
3fd20000
3f9ae000
3fd70000
3f97a000
3fe0b000
3f91f000
3fe60000
3f8de000
3feb0000
3f8aa000
3ff4b000
3f84f000
3ff9b000
3f81b000
3fff0000
3f7b4000
40045800
3f6fe000
400a1800
3f66e800
400e7800
3f613800
40135000
3f5b8800
40141800
3f59e800
40187800
3f543800
401d5000
3f4e8800
401df000
3f4db800
40227800
3f473800
40272800
3f418800
4027a000
3f40b800
402c7800
3f3a3800
3fb95000
3fabf000
3fc1c000
3fa71000
3fc35000
3fa57000
3fcd0000
3f9fc000
3fd25000
3f9bb000
3fd75000
3f987000
3fe10000
3f92c000
3fe65000
3f8eb000
3feb5000
3f8b7000
3ff50000
3f85c000
3ffa0000
3f828000
3fff5000
3f7ce000
40048000
3f718000
400a5000
3f681000
400eb000
3f626000
40138800
3f5cb000
40145000
3f5b1000
4018b000
3f556000
401d8800
3f4fb000
401e2800
3f4ee000
4022b000
3f486000
40276000
3f42b000
4027d800
3f41e000
402cb000
3f3b6000
3fb95000
3fabf000
3fc1c000
3fa71000
3fc35000
3fa57000
3fcd0000
3f9fc000
3fd25000
3f9bb000
3fd75000
3f987000
3fe10000
3f92c000
3fe65000
3f8eb000
3feb5000
3f8b7000
3ff50000
3f85c000
3ffa0000
3f828000
3fff5000
3f7ce000
40048000
3f718000
400a5000
3f681000
400eb000
3f626000
40138800
3f5cb000
40145000
3f5b1000
4018b000
3f556000
401d8800
3f4fb000
401e2800
3f4ee000
4022b000
3f486000
40276000
3f42b000
4027d800
3f41e000
402cb000
3f3b6000
3fbcc000
3fad9000
3fc53000
3fa8b000
3fc6c000
3fa71000
3fd07000
3fa16000
3fd5c000
3f9d5000
3fdac000
3f9a1000
3fe47000
3f946000
3fe9c000
3f905000
3feec000
3f8d1000
3ff87000
3f876000
3ffd7000
3f842000
40016000
3f801000
40063800
3f74c000
400cb800
3f6a6000
40111800
3f64b000
4015f000
3f5f0000
4016b800
3f5d6000
401b1800
3f57b000
401ff000
3f520000
40209000
3f513000
40251800
3f4ab000
4029c800
3f450000
402a4000
3f443000
402f1800
3f3db000
3fbd1000
3fae6000
3fc58000
3fa98000
3fc71000
3fa7e000
3fd0c000
3fa23000
3fd61000
3f9e2000
3fdb1000
3f9ae000
3fe4c000
3f953000
3fea1000
3f912000
3fef1000
3f8de000
3ff8c000
3f883000
3ffdc000
3f84f000
40018800
3f80e000
40066000
3f766000
400cf000
3f6b8800
40115000
3f65d800
40162800
3f602800
4016f000
3f5e8800
401b5000
3f58d800
40202800
3f532800
4020c800
3f525800
40255000
3f4bd800
402a0000
3f462800
402a7800
3f455800
402f5000
3f3ed800
3fbdb000
3fae6000
3fc62000
3fa98000
3fc7b000
3fa7e000
3fd16000
3fa23000
3fd6b000
3f9e2000
3fdbb000
3f9ae000
3fe56000
3f953000
3feab000
3f912000
3fefb000
3f8de000
3ff96000
3f883000
3ffe6000
3f84f000
4001d800
3f80e000
4006b000
3f766000
400d6000
3f6b8800
4011c000
3f65d800
40169800
3f602800
40176000
3f5e8800
401bc000
3f58d800
40209800
3f532800
40213800
3f525800
4025c000
3f4bd800
402a7000
3f462800
402ae800
3f455800
402fc000
3f3ed800
3fbe0000
3fae6000
3fc67000
3fa98000
3fc80000
3fa7e000
3fd1b000
3fa23000
3fd70000
3f9e2000
3fdc0000
3f9ae000
3fe5b000
3f953000
3feb0000
3f912000
3ff00000
3f8de000
3ff9b000
3f883000
3ffeb000
3f84f000
40020000
3f80e000
4006d800
3f766000
400d9800
3f6b8800
4011f800
3f65d800
4016d000
3f602800
40179800
3f5e8800
401bf800
3f58d800
4020d000
3f532800
40217000
3f525800
4025f800
3f4bd800
402aa800
3f462800
402b2000
3f455800
402ff800
3f3ed800
3fbe0000
3fae6000
3fc67000
3fa98000
3fc80000
3fa7e000
3fd1b000
3fa23000
3fd70000
3f9e2000
3fdc0000
3f9ae000
3fe5b000
3f953000
3feb0000
3f912000
3ff00000
3f8de000
3ff9b000
3f883000
3ffeb000
3f84f000
40020000
3f80e000
4006d800
3f766000
400d9800
3f6b8800
4011f800
3f65d800
4016d000
3f602800
40179800
3f5e8800
401bf800
3f58d800
4020d000
3f532800
40217000
3f525800
4025f800
3f4bd800
402aa800
3f462800
402b2000
3f455800
402ff800
3f3ed800
3fbe0000
3fae6000
3fc67000
3fa98000
3fc80000
3fa7e000
3fd1b000
3fa23000
3fd70000
3f9e2000
3fdc0000
3f9ae000
3fe5b000
3f953000
3feb0000
3f912000
3ff00000
3f8de000
3ff9b000
3f883000
3ffeb000
3f84f000
40020000
3f80e000
4006d800
3f766000
400d9800
3f6b8800
4011f800
3f65d800
4016d000
3f602800
40179800
3f5e8800
401bf800
3f58d800
4020d000
3f532800
40217000
3f525800
4025f800
3f4bd800
402aa800
3f462800
402b2000
3f455800
402ff800
3f3ed800
3fbe0000
3fae6000
3fc67000
3fa98000
3fc80000
3fa7e000
3fd1b000
3fa23000
3fd70000
3f9e2000
3fdc0000
3f9ae000
3fe5b000
3f953000
3feb0000
3f912000
3ff00000
3f8de000
3ff9b000
3f883000
3ffeb000
3f84f000
40020000
3f80e000
4006d800
3f766000
400d9800
3f6b8800
4011f800
3f65d800
4016d000
3f602800
40179800
3f5e8800
401bf800
3f58d800
4020d000
3f532800
40217000
3f525800
4025f800
3f4bd800
402aa800
3f462800
402b2000
3f455800
402ff800
3f3ed800
3fbe0000
3fae6000
3fc67000
3fa98000
3fc80000
3fa7e000
3fd1b000
3fa23000
3fd70000
3f9e2000
3fdc0000
3f9ae000
3fe5b000
3f953000
3feb0000
3f912000
3ff00000
3f8de000
3ff9b000
3f883000
3ffeb000
3f84f000
40020000
3f80e000
4006d800
3f766000
400d9800
3f6b8800
4011f800
3f65d800
4016d000
3f602800
40179800
3f5e8800
401bf800
3f58d800
4020d000
3f532800
40217000
3f525800
4025f800
3f4bd800
402aa800
3f462800
402b2000
3f455800
402ff800
3f3ed800
3fbe0000
3fae6000
3fc67000
3fa98000
3fc80000
3fa7e000
3fd1b000
3fa23000
3fd70000
3f9e2000
3fdc0000
3f9ae000
3fe5b000
3f953000
3feb0000
3f912000
3ff00000
3f8de000
3ff9b000
3f883000
3ffeb000
3f84f000
40020000
3f80e000
4006d800
3f766000
400d9800
3f6b8800
4011f800
3f65d800
4016d000
3f602800
40179800
3f5e8800
401bf800
3f58d800
4020d000
3f532800
40217000
3f525800
4025f800
3f4bd800
402aa800
3f462800
402b2000
3f455800
402ff800
3f3ed800
3fbe5000
3faf3000
3fc6c000
3faa5000
3fc85000
3fa8b000
3fd20000
3fa30000
3fd75000
3f9ef000
3fdc5000
3f9bb000
3fe60000
3f960000
3feb5000
3f91f000
3ff05000
3f8eb000
3ffa0000
3f890000
3fff0000
3f85c000
40022800
3f81b000
40070000
3f780000
400dd000
3f6cb000
40123000
3f670000
40170800
3f615000
4017d000
3f5fb000
401c3000
3f5a0000
40210800
3f545000
4021a800
3f538000
40263000
3f4d0000
402ae000
3f475000
402b5800
3f468000
40303000
3f400000
3fbe5000
3faf3000
3fc6c000
3faa5000
3fc85000
3fa8b000
3fd20000
3fa30000
3fd75000
3f9ef000
3fdc5000
3f9bb000
3fe60000
3f960000
3feb5000
3f91f000
3ff05000
3f8eb000
3ffa0000
3f890000
3fff0000
3f85c000
40022800
3f81b000
40070000
3f780000
400dd000
3f6cb000
40123000
3f670000
40170800
3f615000
4017d000
3f5fb000
401c3000
3f5a0000
40210800
3f545000
4021a800
3f538000
40263000
3f4d0000
402ae000
3f475000
402b5800
3f468000
40303000
3f400000
3fbe5000
3faf3000
3fc6c000
3faa5000
3fc85000
3fa8b000
3fd20000
3fa30000
3fd75000
3f9ef000
3fdc5000
3f9bb000
3fe60000
3f960000
3feb5000
3f91f000
3ff05000
3f8eb000
3ffa0000
3f890000
3fff0000
3f85c000
40022800
3f81b000
40070000
3f780000
400dd000
3f6cb000
40123000
3f670000
40170800
3f615000
4017d000
3f5fb000
401c3000
3f5a0000
40210800
3f545000
4021a800
3f538000
40263000
3f4d0000
402ae000
3f475000
402b5800
3f468000
40303000
3f400000
3fbe5000
3faf3000
3fc6c000
3faa5000
3fc85000
3fa8b000
3fd20000
3fa30000
3fd75000
3f9ef000
3fdc5000
3f9bb000
3fe60000
3f960000
3feb5000
3f91f000
3ff05000
3f8eb000
3ffa0000
3f890000
3fff0000
3f85c000
40022800
3f81b000
40070000
3f780000
400dd000
3f6cb000
40123000
3f670000
40170800
3f615000
4017d000
3f5fb000
401c3000
3f5a0000
40210800
3f545000
4021a800
3f538000
40263000
3f4d0000
402ae000
3f475000
402b5800
3f468000
40303000
3f400000
3fbe5000
3faf3000
3fc6c000
3faa5000
3fc85000
3fa8b000
3fd20000
3fa30000
3fd75000
3f9ef000
3fdc5000
3f9bb000
3fe60000
3f960000
3feb5000
3f91f000
3ff05000
3f8eb000
3ffa0000
3f890000
3fff0000
3f85c000
40022800
3f81b000
40070000
3f780000
400dd000
3f6cb000
40123000
3f670000
40170800
3f615000
4017d000
3f5fb000
401c3000
3f5a0000
40210800
3f545000
4021a800
3f538000
40263000
3f4d0000
402ae000
3f475000
402b5800
3f468000
40303000
3f400000
3fbe5000
3faf3000
3fc6c000
3faa5000
3fc85000
3fa8b000
3fd20000
3fa30000
3fd75000
3f9ef000
3fdc5000
3f9bb000
3fe60000
3f960000
3feb5000
3f91f000
3ff05000
3f8eb000
3ffa0000
3f890000
3fff0000
3f85c000
40022800
3f81b000
40070000
3f780000
400dd000
3f6cb000
40123000
3f670000
40170800
3f615000
4017d000
3f5fb000
401c3000
3f5a0000
40210800
3f545000
4021a800
3f538000
40263000
3f4d0000
402ae000
3f475000
402b5800
3f468000
40303000
3f400000
3fbe5000
3faf3000
3fc6c000
3faa5000
3fc85000
3fa8b000
3fd20000
3fa30000
3fd75000
3f9ef000
3fdc5000
3f9bb000
3fe60000
3f960000
3feb5000
3f91f000
3ff05000
3f8eb000
3ffa0000
3f890000
3fff0000
3f85c000
40022800
3f81b000
40070000
3f780000
400dd000
3f6cb000
40123000
3f670000
40170800
3f615000
4017d000
3f5fb000
401c3000
3f5a0000
40210800
3f545000
4021a800
3f538000
40263000
3f4d0000
402ae000
3f475000
402b5800
3f468000
40303000
3f400000
3fbe5000
3faf3000
3fc6c000
3faa5000
3fc85000
3fa8b000
3fd20000
3fa30000
3fd75000
3f9ef000
3fdc5000
3f9bb000
3fe60000
3f960000
3feb5000
3f91f000
3ff05000
3f8eb000
3ffa0000
3f890000
3fff0000
3f85c000
40022800
3f81b000
40070000
3f780000
400dd000
3f6cb000
40123000
3f670000
40170800
3f615000
4017d000
3f5fb000
401c3000
3f5a0000
40210800
3f545000
4021a800
3f538000
40263000
3f4d0000
402ae000
3f475000
402b5800
3f468000
40303000
3f400000
3fbe5000
3faf3000
3fc6c000
3faa5000
3fc85000
3fa8b000
3fd20000
3fa30000
3fd75000
3f9ef000
3fdc5000
3f9bb000
3fe60000
3f960000
3feb5000
3f91f000
3ff05000
3f8eb000
3ffa0000
3f890000
3fff0000
3f85c000
40022800
3f81b000
40070000
3f780000
400dd000
3f6cb000
40123000
3f670000
40170800
3f615000
4017d000
3f5fb000
401c3000
3f5a0000
40210800
3f545000
4021a800
3f538000
40263000
3f4d0000
402ae000
3f475000
402b5800
3f468000
40303000
3f400000
3fbea000
3faf3000
3fc71000
3faa5000
3fc8a000
3fa8b000
3fd25000
3fa30000
3fd7a000
3f9ef000
3fdca000
3f9bb000
3fe65000
3f960000
3feba000
3f91f000
3ff0a000
3f8eb000
3ffa5000
3f890000
3fff5000
3f85c000
40025000
3f81b000
40072800
3f780000
400e0800
3f6cb000
40126800
3f670000
40174000
3f615000
40180800
3f5fb000
401c6800
3f5a0000
40214000
3f545000
4021e000
3f538000
40266800
3f4d0000
402b1800
3f475000
402b9000
3f468000
40306800
3f400000
3fbea000
3faf3000
3fc71000
3faa5000
3fc8a000
3fa8b000
3fd25000
3fa30000
3fd7a000
3f9ef000
3fdca000
3f9bb000
3fe65000
3f960000
3feba000
3f91f000
3ff0a000
3f8eb000
3ffa5000
3f890000
3fff5000
3f85c000
40025000
3f81b000
40072800
3f780000
400e0800
3f6cb000
40126800
3f670000
40174000
3f615000
40180800
3f5fb000
401c6800
3f5a0000
40214000
3f545000
4021e000
3f538000
40266800
3f4d0000
402b1800
3f475000
402b9000
3f468000
40306800
3f400000
3fbf4000
3faf3000
3fc7b000
3faa5000
3fc94000
3fa8b000
3fd2f000
3fa30000
3fd84000
3f9ef000
3fdd4000
3f9bb000
3fe6f000
3f960000
3fec4000
3f91f000
3ff14000
3f8eb000
3ffaf000
3f890000
3ffff000
3f85c000
4002a000
3f81b000
40077800
3f780000
400e7800
3f6cb000
4012d800
3f670000
4017b000
3f615000
40187800
3f5fb000
401cd800
3f5a0000
4021b000
3f545000
40225000
3f538000
4026d800
3f4d0000
402b8800
3f475000
402c0000
3f468000
4030d800
3f400000
3fbf9000
3fb00000
3fc80000
3fab2000
3fc99000
3fa98000
3fd34000
3fa3d000
3fd89000
3f9fc000
3fdd9000
3f9c8000
3fe74000
3f96d000
3fec9000
3f92c000
3ff19000
3f8f8000
3ffb4000
3f89d000
40002000
3f869000
4002c800
3f828000
4007a000
3f79a000
400eb000
3f6dd800
40131000
3f682800
4017e800
3f627800
4018b000
3f60d800
401d1000
3f5b2800
4021e800
3f557800
40228800
3f54a800
40271000
3f4e2800
402bc000
3f487800
402c3800
3f47a800
40311000
3f412800
3fbf9000
3fb00000
3fc80000
3fab2000
3fc99000
3fa98000
3fd34000
3fa3d000
3fd89000
3f9fc000
3fdd9000
3f9c8000
3fe74000
3f96d000
3fec9000
3f92c000
3ff19000
3f8f8000
3ffb4000
3f89d000
40002000
3f869000
4002c800
3f828000
4007a000
3f79a000
400eb000
3f6dd800
40131000
3f682800
4017e800
3f627800
4018b000
3f60d800
401d1000
3f5b2800
4021e800
3f557800
40228800
3f54a800
40271000
3f4e2800
402bc000
3f487800
402c3800
3f47a800
40311000
3f412800
3fc30000
3fb1a000
3fcb7000
3facc000
3fcd0000
3fab2000
3fd6b000
3fa57000
3fdc0000
3fa16000
3fe10000
3f9e2000
3feab000
3f987000
3ff00000
3f946000
3ff50000
3f912000
3ffeb000
3f8b7000
4001d800
3f883000
40048000
3f842000
40095800
3f7ce000
40111800
3f702800
40157800
3f6a7800
401a5000
3f64c800
401b1800
3f632800
401f7800
3f5d7800
40245000
3f57c800
4024f000
3f56f800
40297800
3f507800
402e2800
3f4ac800
402ea000
3f49f800
40337800
3f437800
3fc35000
3fb27000
3fcbc000
3fad9000
3fcd5000
3fabf000
3fd70000
3fa64000
3fdc5000
3fa23000
3fe15000
3f9ef000
3feb0000
3f994000
3ff05000
3f953000
3ff55000
3f91f000
3fff0000
3f8c4000
40020000
3f890000
4004a800
3f84f000
40098000
3f7e8000
40115000
3f715000
4015b000
3f6ba000
401a8800
3f65f000
401b5000
3f645000
401fb000
3f5ea000
40248800
3f58f000
40252800
3f582000
4029b000
3f51a000
402e6000
3f4bf000
402ed800
3f4b2000
4033b000
3f44a000
3fc35000
3fb27000
3fcbc000
3fad9000
3fcd5000
3fabf000
3fd70000
3fa64000
3fdc5000
3fa23000
3fe15000
3f9ef000
3feb0000
3f994000
3ff05000
3f953000
3ff55000
3f91f000
3fff0000
3f8c4000
40020000
3f890000
4004a800
3f84f000
40098000
3f7e8000
40115000
3f715000
4015b000
3f6ba000
401a8800
3f65f000
401b5000
3f645000
401fb000
3f5ea000
40248800
3f58f000
40252800
3f582000
4029b000
3f51a000
402e6000
3f4bf000
402ed800
3f4b2000
4033b000
3f44a000
3fc6c000
3fb41000
3fcf3000
3faf3000
3fd0c000
3fad9000
3fda7000
3fa7e000
3fdfc000
3fa3d000
3fe4c000
3fa09000
3fee7000
3f9ae000
3ff3c000
3f96d000
3ff8c000
3f939000
40013800
3f8de000
4003b800
3f8aa000
40066000
3f869000
400b3800
3f80e000
4013b800
3f73a000
40181800
3f6df000
401cf000
3f684000
401db800
3f66a000
40221800
3f60f000
4026f000
3f5b4000
40279000
3f5a7000
402c1800
3f53f000
4030c800
3f4e4000
40314000
3f4d7000
40361800
3f46f000
3fc71000
3fb4e000
3fcf8000
3fb00000
3fd11000
3fae6000
3fdac000
3fa8b000
3fe01000
3fa4a000
3fe51000
3fa16000
3feec000
3f9bb000
3ff41000
3f97a000
3ff91000
3f946000
40016000
3f8eb000
4003e000
3f8b7000
40068800
3f876000
400b6000
3f81b000
4013f000
3f74c800
40185000
3f6f1800
401d2800
3f696800
401df000
3f67c800
40225000
3f621800
40272800
3f5c6800
4027c800
3f5b9800
402c5000
3f551800
40310000
3f4f6800
40317800
3f4e9800
40365000
3f481800
3fc7b000
3fb4e000
3fd02000
3fb00000
3fd1b000
3fae6000
3fdb6000
3fa8b000
3fe0b000
3fa4a000
3fe5b000
3fa16000
3fef6000
3f9bb000
3ff4b000
3f97a000
3ff9b000
3f946000
4001b000
3f8eb000
40043000
3f8b7000
4006d800
3f876000
400bb000
3f81b000
40146000
3f74c800
4018c000
3f6f1800
401d9800
3f696800
401e6000
3f67c800
4022c000
3f621800
40279800
3f5c6800
40283800
3f5b9800
402cc000
3f551800
40317000
3f4f6800
4031e800
3f4e9800
4036c000
3f481800
3fc80000
3fb4e000
3fd07000
3fb00000
3fd20000
3fae6000
3fdbb000
3fa8b000
3fe10000
3fa4a000
3fe60000
3fa16000
3fefb000
3f9bb000
3ff50000
3f97a000
3ffa0000
3f946000
4001d800
3f8eb000
40045800
3f8b7000
40070000
3f876000
400bd800
3f81b000
40149800
3f74c800
4018f800
3f6f1800
401dd000
3f696800
401e9800
3f67c800
4022f800
3f621800
4027d000
3f5c6800
40287000
3f5b9800
402cf800
3f551800
4031a800
3f4f6800
40322000
3f4e9800
4036f800
3f481800
3fc80000
3fb4e000
3fd07000
3fb00000
3fd20000
3fae6000
3fdbb000
3fa8b000
3fe10000
3fa4a000
3fe60000
3fa16000
3fefb000
3f9bb000
3ff50000
3f97a000
3ffa0000
3f946000
4001d800
3f8eb000
40045800
3f8b7000
40070000
3f876000
400bd800
3f81b000
40149800
3f74c800
4018f800
3f6f1800
401dd000
3f696800
401e9800
3f67c800
4022f800
3f621800
4027d000
3f5c6800
40287000
3f5b9800
402cf800
3f551800
4031a800
3f4f6800
40322000
3f4e9800
4036f800
3f481800
3fc80000
3fb4e000
3fd07000
3fb00000
3fd20000
3fae6000
3fdbb000
3fa8b000
3fe10000
3fa4a000
3fe60000
3fa16000
3fefb000
3f9bb000
3ff50000
3f97a000
3ffa0000
3f946000
4001d800
3f8eb000
40045800
3f8b7000
40070000
3f876000
400bd800
3f81b000
40149800
3f74c800
4018f800
3f6f1800
401dd000
3f696800
401e9800
3f67c800
4022f800
3f621800
4027d000
3f5c6800
40287000
3f5b9800
402cf800
3f551800
4031a800
3f4f6800
40322000
3f4e9800
4036f800
3f481800
3fc80000
3fb4e000
3fd07000
3fb00000
3fd20000
3fae6000
3fdbb000
3fa8b000
3fe10000
3fa4a000
3fe60000
3fa16000
3fefb000
3f9bb000
3ff50000
3f97a000
3ffa0000
3f946000
4001d800
3f8eb000
40045800
3f8b7000
40070000
3f876000
400bd800
3f81b000
40149800
3f74c800
4018f800
3f6f1800
401dd000
3f696800
401e9800
3f67c800
4022f800
3f621800
4027d000
3f5c6800
40287000
3f5b9800
402cf800
3f551800
4031a800
3f4f6800
40322000
3f4e9800
4036f800
3f481800
3fc80000
3fb4e000
3fd07000
3fb00000
3fd20000
3fae6000
3fdbb000
3fa8b000
3fe10000
3fa4a000
3fe60000
3fa16000
3fefb000
3f9bb000
3ff50000
3f97a000
3ffa0000
3f946000
4001d800
3f8eb000
40045800
3f8b7000
40070000
3f876000
400bd800
3f81b000
40149800
3f74c800
4018f800
3f6f1800
401dd000
3f696800
401e9800
3f67c800
4022f800
3f621800
4027d000
3f5c6800
40287000
3f5b9800
402cf800
3f551800
4031a800
3f4f6800
40322000
3f4e9800
4036f800
3f481800
3fc80000
3fb4e000
3fd07000
3fb00000
3fd20000
3fae6000
3fdbb000
3fa8b000
3fe10000
3fa4a000
3fe60000
3fa16000
3fefb000
3f9bb000
3ff50000
3f97a000
3ffa0000
3f946000
4001d800
3f8eb000
40045800
3f8b7000
40070000
3f876000
400bd800
3f81b000
40149800
3f74c800
4018f800
3f6f1800
401dd000
3f696800
401e9800
3f67c800
4022f800
3f621800
4027d000
3f5c6800
40287000
3f5b9800
402cf800
3f551800
4031a800
3f4f6800
40322000
3f4e9800
4036f800
3f481800
3fb86000
3fc01000
3fc43000
3fb93800
3fc66000
3fb6f000
3fd3f000
3faef400
3fdb6000
3fa94000
3fe26000
3fa4b000
3feff000
3f9cb400
3ff76000
3f970000
3ffe6000
3f927000
4005f800
3f8a7400
40097800
3f85e400
400d3000
3f803000
4013f800
3f706800
400d1800
3f800c00
40133800
3f780000
401a0000
3f6fe800
401b1800
3f6d9800
40213800
3f658000
40280000
3f5d6800
4028e000
3f5c4000
402f3800
3f530000
4035c800
3f4ae800
40367000
3f49c000
403d3800
3f408000
3fb86000
3fc01000
3fc43000
3fb93800
3fc66000
3fb6f000
3fd3f000
3faef400
3fdb6000
3fa94000
3fe26000
3fa4b000
3feff000
3f9cb400
3ff76000
3f970000
3ffe6000
3f927000
4005f800
3f8a7400
40097800
3f85e400
400d3000
3f803000
4013f800
3f706800
400d1800
3f800c00
40133800
3f780000
401a0000
3f6fe800
401b1800
3f6d9800
40213800
3f658000
40280000
3f5d6800
4028e000
3f5c4000
402f3800
3f530000
4035c800
3f4ae800
40367000
3f49c000
403d3800
3f408000
3fb86000
3fc01000
3fc43000
3fb93800
3fc66000
3fb6f000
3fd3f000
3faef400
3fdb6000
3fa94000
3fe26000
3fa4b000
3feff000
3f9cb400
3ff76000
3f970000
3ffe6000
3f927000
4005f800
3f8a7400
40097800
3f85e400
400d3000
3f803000
4013f800
3f706800
400d1800
3f800c00
40133800
3f780000
401a0000
3f6fe800
401b1800
3f6d9800
40213800
3f658000
40280000
3f5d6800
4028e000
3f5c4000
402f3800
3f530000
4035c800
3f4ae800
40367000
3f49c000
403d3800
3f408000
3fb86000
3fc01000
3fc43000
3fb93800
3fc66000
3fb6f000
3fd3f000
3faef400
3fdb6000
3fa94000
3fe26000
3fa4b000
3feff000
3f9cb400
3ff76000
3f970000
3ffe6000
3f927000
4005f800
3f8a7400
40097800
3f85e400
400d3000
3f803000
4013f800
3f706800
400d1800
3f800c00
40133800
3f780000
401a0000
3f6fe800
401b1800
3f6d9800
40213800
3f658000
40280000
3f5d6800
4028e000
3f5c4000
402f3800
3f530000
4035c800
3f4ae800
40367000
3f49c000
403d3800
3f408000
3fb86000
3fc01000
3fc43000
3fb93800
3fc66000
3fb6f000
3fd3f000
3faef400
3fdb6000
3fa94000
3fe26000
3fa4b000
3feff000
3f9cb400
3ff76000
3f970000
3ffe6000
3f927000
4005f800
3f8a7400
40097800
3f85e400
400d3000
3f803000
4013f800
3f706800
400d1800
3f800c00
40133800
3f780000
401a0000
3f6fe800
401b1800
3f6d9800
40213800
3f658000
40280000
3f5d6800
4028e000
3f5c4000
402f3800
3f530000
4035c800
3f4ae800
40367000
3f49c000
403d3800
3f408000
3fb86000
3fc01000
3fc43000
3fb93800
3fc66000
3fb6f000
3fd3f000
3faef400
3fdb6000
3fa94000
3fe26000
3fa4b000
3feff000
3f9cb400
3ff76000
3f970000
3ffe6000
3f927000
4005f800
3f8a7400
40097800
3f85e400
400d3000
3f803000
4013f800
3f706800
400d1800
3f800c00
40133800
3f780000
401a0000
3f6fe800
401b1800
3f6d9800
40213800
3f658000
40280000
3f5d6800
4028e000
3f5c4000
402f3800
3f530000
4035c800
3f4ae800
40367000
3f49c000
403d3800
3f408000
3fb86000
3fc01000
3fc43000
3fb93800
3fc66000
3fb6f000
3fd3f000
3faef400
3fdb6000
3fa94000
3fe26000
3fa4b000
3feff000
3f9cb400
3ff76000
3f970000
3ffe6000
3f927000
4005f800
3f8a7400
40097800
3f85e400
400d3000
3f803000
4013f800
3f706800
400d1800
3f800c00
40133800
3f780000
401a0000
3f6fe800
401b1800
3f6d9800
40213800
3f658000
40280000
3f5d6800
4028e000
3f5c4000
402f3800
3f530000
4035c800
3f4ae800
40367000
3f49c000
403d3800
3f408000
3fb86000
3fc01000
3fc43000
3fb93800
3fc66000
3fb6f000
3fd3f000
3faef400
3fdb6000
3fa94000
3fe26000
3fa4b000
3feff000
3f9cb400
3ff76000
3f970000
3ffe6000
3f927000
4005f800
3f8a7400
40097800
3f85e400
400d3000
3f803000
4013f800
3f706800
400d1800
3f800c00
40133800
3f780000
401a0000
3f6fe800
401b1800
3f6d9800
40213800
3f658000
40280000
3f5d6800
4028e000
3f5c4000
402f3800
3f530000
4035c800
3f4ae800
40367000
3f49c000
403d3800
3f408000
3fb86000
3fc01000
3fc43000
3fb93800
3fc66000
3fb6f000
3fd3f000
3faef400
3fdb6000
3fa94000
3fe26000
3fa4b000
3feff000
3f9cb400
3ff76000
3f970000
3ffe6000
3f927000
4005f800
3f8a7400
40097800
3f85e400
400d3000
3f803000
4013f800
3f706800
400d1800
3f800c00
40133800
3f780000
401a0000
3f6fe800
401b1800
3f6d9800
40213800
3f658000
40280000
3f5d6800
4028e000
3f5c4000
402f3800
3f530000
4035c800
3f4ae800
40367000
3f49c000
403d3800
3f408000
3fb8b000
3fc01000
3fc48000
3fb93800
3fc6b000
3fb6f000
3fd44000
3faef400
3fdbb000
3fa94000
3fe2b000
3fa4b000
3ff04000
3f9cb400
3ff7b000
3f970000
3ffeb000
3f927000
40062000
3f8a7400
4009a000
3f85e400
400d5800
3f803000
40142000
3f706800
400d5000
3f800c00
40137000
3f780000
401a3800
3f6fe800
401b5000
3f6d9800
40217000
3f658000
40283800
3f5d6800
40291800
3f5c4000
402f7000
3f530000
40360000
3f4ae800
4036a800
3f49c000
403d7000
3f408000
3fb8b000
3fc01000
3fc48000
3fb93800
3fc6b000
3fb6f000
3fd44000
3faef400
3fdbb000
3fa94000
3fe2b000
3fa4b000
3ff04000
3f9cb400
3ff7b000
3f970000
3ffeb000
3f927000
40062000
3f8a7400
4009a000
3f85e400
400d5800
3f803000
40142000
3f706800
400d5000
3f800c00
40137000
3f780000
401a3800
3f6fe800
401b5000
3f6d9800
40217000
3f658000
40283800
3f5d6800
40291800
3f5c4000
402f7000
3f530000
40360000
3f4ae800
4036a800
3f49c000
403d7000
3f408000
3fb95000
3fc01000
3fc52000
3fb93800
3fc75000
3fb6f000
3fd4e000
3faef400
3fdc5000
3fa94000
3fe35000
3fa4b000
3ff0e000
3f9cb400
3ff85000
3f970000
3fff5000
3f927000
40067000
3f8a7400
4009f000
3f85e400
400da800
3f803000
40147000
3f706800
400dc000
3f800c00
4013e000
3f780000
401aa800
3f6fe800
401bc000
3f6d9800
4021e000
3f658000
4028a800
3f5d6800
40298800
3f5c4000
402fe000
3f530000
40367000
3f4ae800
40371800
3f49c000
403de000
3f408000
3fb9a000
3fc0e000
3fc57000
3fba0800
3fc7a000
3fb7c000
3fd53000
3fafc400
3fdca000
3faa1000
3fe3a000
3fa58000
3ff13000
3f9d8400
3ff8a000
3f97d000
3fffa000
3f934000
40069800
3f8b4400
400a1800
3f86b400
400dd000
3f810000
40149800
3f720800
400df800
3f80a000
40141800
3f792800
401ae000
3f711000
401bf800
3f6ec000
40221800
3f66a800
4028e000
3f5e9000
4029c000
3f5d6800
40301800
3f542800
4036a800
3f4c1000
40375000
3f4ae800
403e1800
3f41a800
3fb9a000
3fc0e000
3fc57000
3fba0800
3fc7a000
3fb7c000
3fd53000
3fafc400
3fdca000
3faa1000
3fe3a000
3fa58000
3ff13000
3f9d8400
3ff8a000
3f97d000
3fffa000
3f934000
40069800
3f8b4400
400a1800
3f86b400
400dd000
3f810000
40149800
3f720800
400df800
3f80a000
40141800
3f792800
401ae000
3f711000
401bf800
3f6ec000
40221800
3f66a800
4028e000
3f5e9000
4029c000
3f5d6800
40301800
3f542800
4036a800
3f4c1000
40375000
3f4ae800
403e1800
3f41a800
3fbd1000
3fc28000
3fc8e000
3fbba800
3fcb1000
3fb96000
3fd8a000
3fb16400
3fe01000
3fabb000
3fe71000
3fa72000
3ff4a000
3f9f2400
3ffc1000
3f997000
40018800
3f94e000
40085000
3f8ce400
400bd000
3f885400
400f8800
3f82a000
40165000
3f754800
40106000
3f81c800
40168000
3f7b7800
401d4800
3f736000
401e6000
3f711000
40248000
3f68f800
402b4800
3f60e000
402c2800
3f5fb800
40328000
3f567800
40391000
3f4e6000
4039b800
3f4d3800
40408000
3f43f800
3fbd6000
3fc35000
3fc93000
3fbc7800
3fcb6000
3fba3000
3fd8f000
3fb23400
3fe06000
3fac8000
3fe76000
3fa7f000
3ff4f000
3f9ff400
3ffc6000
3f9a4000
4001b000
3f95b000
40087800
3f8db400
400bf800
3f892400
400fb000
3f837000
40167800
3f76e800
40109800
3f825c00
4016b800
3f7ca000
401d8000
3f748800
401e9800
3f723800
4024b800
3f6a2000
402b8000
3f620800
402c6000
3f60e000
4032b800
3f57a000
40394800
3f4f8800
4039f000
3f4e6000
4040b800
3f452000
3fbd6000
3fc35000
3fc93000
3fbc7800
3fcb6000
3fba3000
3fd8f000
3fb23400
3fe06000
3fac8000
3fe76000
3fa7f000
3ff4f000
3f9ff400
3ffc6000
3f9a4000
4001b000
3f95b000
40087800
3f8db400
400bf800
3f892400
400fb000
3f837000
40167800
3f76e800
40109800
3f825c00
4016b800
3f7ca000
401d8000
3f748800
401e9800
3f723800
4024b800
3f6a2000
402b8000
3f620800
402c6000
3f60e000
4032b800
3f57a000
40394800
3f4f8800
4039f000
3f4e6000
4040b800
3f452000
3fc0d000
3fc4f000
3fcca000
3fbe1800
3fced000
3fbbd000
3fdc6000
3fb3d400
3fe3d000
3fae2000
3fead000
3fa99000
3ff86000
3fa19400
3fffd000
3f9be000
40036800
3f975000
400a3000
3f8f5400
400db000
3f8ac400
40116800
3f851000
40183000
3f7a2800
40130000
3f838400
40192000
3f7ef000
401fe800
3f76d800
40210000
3f748800
40272000
3f6c7000
402de800
3f645800
402ec800
3f633000
40352000
3f59f000
403bb000
3f51d800
403c5800
3f50b000
40432000
3f477000
3fc12000
3fc5c000
3fccf000
3fbee800
3fcf2000
3fbca000
3fdcb000
3fb4a400
3fe42000
3faef000
3feb2000
3faa6000
3ff8b000
3fa26400
40001000
3f9cb000
40039000
3f982000
400a5800
3f902400
400dd800
3f8b9400
40119000
3f85e000
40185800
3f7bc800
40133800
3f841800
40195800
3f800c00
40202000
3f780000
40213800
3f75b000
40275800
3f6d9800
402e2000
3f658000
402f0000
3f645800
40355800
3f5b1800
403be800
3f530000
403c9000
3f51d800
40435800
3f489800
3fc1c000
3fc5c000
3fcd9000
3fbee800
3fcfc000
3fbca000
3fdd5000
3fb4a400
3fe4c000
3faef000
3febc000
3faa6000
3ff95000
3fa26400
40006000
3f9cb000
4003e000
3f982000
400aa800
3f902400
400e2800
3f8b9400
4011e000
3f85e000
4018a800
3f7bc800
4013a800
3f841800
4019c800
3f800c00
40209000
3f780000
4021a800
3f75b000
4027c800
3f6d9800
402e9000
3f658000
402f7000
3f645800
4035c800
3f5b1800
403c5800
3f530000
403d0000
3f51d800
4043c800
3f489800
3fc21000
3fc5c000
3fcde000
3fbee800
3fd01000
3fbca000
3fdda000
3fb4a400
3fe51000
3faef000
3fec1000
3faa6000
3ff9a000
3fa26400
40008800
3f9cb000
40040800
3f982000
400ad000
3f902400
400e5000
3f8b9400
40120800
3f85e000
4018d000
3f7bc800
4013e000
3f841800
401a0000
3f800c00
4020c800
3f780000
4021e000
3f75b000
40280000
3f6d9800
402ec800
3f658000
402fa800
3f645800
40360000
3f5b1800
403c9000
3f530000
403d3800
3f51d800
40440000
3f489800
3fc21000
3fc5c000
3fcde000
3fbee800
3fd01000
3fbca000
3fdda000
3fb4a400
3fe51000
3faef000
3fec1000
3faa6000
3ff9a000
3fa26400
40008800
3f9cb000
40040800
3f982000
400ad000
3f902400
400e5000
3f8b9400
40120800
3f85e000
4018d000
3f7bc800
4013e000
3f841800
401a0000
3f800c00
4020c800
3f780000
4021e000
3f75b000
40280000
3f6d9800
402ec800
3f658000
402fa800
3f645800
40360000
3f5b1800
403c9000
3f530000
403d3800
3f51d800
40440000
3f489800
3fc21000
3fc5c000
3fcde000
3fbee800
3fd01000
3fbca000
3fdda000
3fb4a400
3fe51000
3faef000
3fec1000
3faa6000
3ff9a000
3fa26400
40008800
3f9cb000
40040800
3f982000
400ad000
3f902400
400e5000
3f8b9400
40120800
3f85e000
4018d000
3f7bc800
4013e000
3f841800
401a0000
3f800c00
4020c800
3f780000
4021e000
3f75b000
40280000
3f6d9800
402ec800
3f658000
402fa800
3f645800
40360000
3f5b1800
403c9000
3f530000
403d3800
3f51d800
40440000
3f489800
3fc21000
3fc5c000
3fcde000
3fbee800
3fd01000
3fbca000
3fdda000
3fb4a400
3fe51000
3faef000
3fec1000
3faa6000
3ff9a000
3fa26400
40008800
3f9cb000
40040800
3f982000
400ad000
3f902400
400e5000
3f8b9400
40120800
3f85e000
4018d000
3f7bc800
4013e000
3f841800
401a0000
3f800c00
4020c800
3f780000
4021e000
3f75b000
40280000
3f6d9800
402ec800
3f658000
402fa800
3f645800
40360000
3f5b1800
403c9000
3f530000
403d3800
3f51d800
40440000
3f489800
3fc21000
3fc5c000
3fcde000
3fbee800
3fd01000
3fbca000
3fdda000
3fb4a400
3fe51000
3faef000
3fec1000
3faa6000
3ff9a000
3fa26400
40008800
3f9cb000
40040800
3f982000
400ad000
3f902400
400e5000
3f8b9400
40120800
3f85e000
4018d000
3f7bc800
4013e000
3f841800
401a0000
3f800c00
4020c800
3f780000
4021e000
3f75b000
40280000
3f6d9800
402ec800
3f658000
402fa800
3f645800
40360000
3f5b1800
403c9000
3f530000
403d3800
3f51d800
40440000
3f489800
3fc21000
3fc5c000
3fcde000
3fbee800
3fd01000
3fbca000
3fdda000
3fb4a400
3fe51000
3faef000
3fec1000
3faa6000
3ff9a000
3fa26400
40008800
3f9cb000
40040800
3f982000
400ad000
3f902400
400e5000
3f8b9400
40120800
3f85e000
4018d000
3f7bc800
4013e000
3f841800
401a0000
3f800c00
4020c800
3f780000
4021e000
3f75b000
40280000
3f6d9800
402ec800
3f658000
402fa800
3f645800
40360000
3f5b1800
403c9000
3f530000
403d3800
3f51d800
40440000
3f489800
3fc26000
3fc69000
3fce3000
3fbfb800
3fd06000
3fbd7000
3fddf000
3fb57400
3fe56000
3fafc000
3fec6000
3fab3000
3ff9f000
3fa33400
4000b000
3f9d8000
40043000
3f98f000
400af800
3f90f400
400e7800
3f8c6400
40123000
3f86b000
4018f800
3f7d6800
40141800
3f84ac00
401a3800
3f80a000
40210000
3f792800
40221800
3f76d800
40283800
3f6ec000
402f0000
3f66a800
402fe000
3f658000
40363800
3f5c4000
403cc800
3f542800
403d7000
3f530000
40443800
3f49c000
3fc26000
3fc69000
3fce3000
3fbfb800
3fd06000
3fbd7000
3fddf000
3fb57400
3fe56000
3fafc000
3fec6000
3fab3000
3ff9f000
3fa33400
4000b000
3f9d8000
40043000
3f98f000
400af800
3f90f400
400e7800
3f8c6400
40123000
3f86b000
4018f800
3f7d6800
40141800
3f84ac00
401a3800
3f80a000
40210000
3f792800
40221800
3f76d800
40283800
3f6ec000
402f0000
3f66a800
402fe000
3f658000
40363800
3f5c4000
403cc800
3f542800
403d7000
3f530000
40443800
3f49c000
3fc26000
3fc69000
3fce3000
3fbfb800
3fd06000
3fbd7000
3fddf000
3fb57400
3fe56000
3fafc000
3fec6000
3fab3000
3ff9f000
3fa33400
4000b000
3f9d8000
40043000
3f98f000
400af800
3f90f400
400e7800
3f8c6400
40123000
3f86b000
4018f800
3f7d6800
40141800
3f84ac00
401a3800
3f80a000
40210000
3f792800
40221800
3f76d800
40283800
3f6ec000
402f0000
3f66a800
402fe000
3f658000
40363800
3f5c4000
403cc800
3f542800
403d7000
3f530000
40443800
3f49c000
3fc26000
3fc69000
3fce3000
3fbfb800
3fd06000
3fbd7000
3fddf000
3fb57400
3fe56000
3fafc000
3fec6000
3fab3000
3ff9f000
3fa33400
4000b000
3f9d8000
40043000
3f98f000
400af800
3f90f400
400e7800
3f8c6400
40123000
3f86b000
4018f800
3f7d6800
40141800
3f84ac00
401a3800
3f80a000
40210000
3f792800
40221800
3f76d800
40283800
3f6ec000
402f0000
3f66a800
402fe000
3f658000
40363800
3f5c4000
403cc800
3f542800
403d7000
3f530000
40443800
3f49c000
3fc26000
3fc69000
3fce3000
3fbfb800
3fd06000
3fbd7000
3fddf000
3fb57400
3fe56000
3fafc000
3fec6000
3fab3000
3ff9f000
3fa33400
4000b000
3f9d8000
40043000
3f98f000
400af800
3f90f400
400e7800
3f8c6400
40123000
3f86b000
4018f800
3f7d6800
40141800
3f84ac00
401a3800
3f80a000
40210000
3f792800
40221800
3f76d800
40283800
3f6ec000
402f0000
3f66a800
402fe000
3f658000
40363800
3f5c4000
403cc800
3f542800
403d7000
3f530000
40443800
3f49c000
3fc26000
3fc69000
3fce3000
3fbfb800
3fd06000
3fbd7000
3fddf000
3fb57400
3fe56000
3fafc000
3fec6000
3fab3000
3ff9f000
3fa33400
4000b000
3f9d8000
40043000
3f98f000
400af800
3f90f400
400e7800
3f8c6400
40123000
3f86b000
4018f800
3f7d6800
40141800
3f84ac00
401a3800
3f80a000
40210000
3f792800
40221800
3f76d800
40283800
3f6ec000
402f0000
3f66a800
402fe000
3f658000
40363800
3f5c4000
403cc800
3f542800
403d7000
3f530000
40443800
3f49c000
3fc26000
3fc69000
3fce3000
3fbfb800
3fd06000
3fbd7000
3fddf000
3fb57400
3fe56000
3fafc000
3fec6000
3fab3000
3ff9f000
3fa33400
4000b000
3f9d8000
40043000
3f98f000
400af800
3f90f400
400e7800
3f8c6400
40123000
3f86b000
4018f800
3f7d6800
40141800
3f84ac00
401a3800
3f80a000
40210000
3f792800
40221800
3f76d800
40283800
3f6ec000
402f0000
3f66a800
402fe000
3f658000
40363800
3f5c4000
403cc800
3f542800
403d7000
3f530000
40443800
3f49c000
3fc26000
3fc69000
3fce3000
3fbfb800
3fd06000
3fbd7000
3fddf000
3fb57400
3fe56000
3fafc000
3fec6000
3fab3000
3ff9f000
3fa33400
4000b000
3f9d8000
40043000
3f98f000
400af800
3f90f400
400e7800
3f8c6400
40123000
3f86b000
4018f800
3f7d6800
40141800
3f84ac00
401a3800
3f80a000
40210000
3f792800
40221800
3f76d800
40283800
3f6ec000
402f0000
3f66a800
402fe000
3f658000
40363800
3f5c4000
403cc800
3f542800
403d7000
3f530000
40443800
3f49c000
3fc26000
3fc69000
3fce3000
3fbfb800
3fd06000
3fbd7000
3fddf000
3fb57400
3fe56000
3fafc000
3fec6000
3fab3000
3ff9f000
3fa33400
4000b000
3f9d8000
40043000
3f98f000
400af800
3f90f400
400e7800
3f8c6400
40123000
3f86b000
4018f800
3f7d6800
40141800
3f84ac00
401a3800
3f80a000
40210000
3f792800
40221800
3f76d800
40283800
3f6ec000
402f0000
3f66a800
402fe000
3f658000
40363800
3f5c4000
403cc800
3f542800
403d7000
3f530000
40443800
3f49c000
3fc2b000
3fc69000
3fce8000
3fbfb800
3fd0b000
3fbd7000
3fde4000
3fb57400
3fe5b000
3fafc000
3fecb000
3fab3000
3ffa4000
3fa33400
4000d800
3f9d8000
40045800
3f98f000
400b2000
3f90f400
400ea000
3f8c6400
40125800
3f86b000
40192000
3f7d6800
40145000
3f84ac00
401a7000
3f80a000
40213800
3f792800
40225000
3f76d800
40287000
3f6ec000
402f3800
3f66a800
40301800
3f658000
40367000
3f5c4000
403d0000
3f542800
403da800
3f530000
40447000
3f49c000
3fc2b000
3fc69000
3fce8000
3fbfb800
3fd0b000
3fbd7000
3fde4000
3fb57400
3fe5b000
3fafc000
3fecb000
3fab3000
3ffa4000
3fa33400
4000d800
3f9d8000
40045800
3f98f000
400b2000
3f90f400
400ea000
3f8c6400
40125800
3f86b000
40192000
3f7d6800
40145000
3f84ac00
401a7000
3f80a000
40213800
3f792800
40225000
3f76d800
40287000
3f6ec000
402f3800
3f66a800
40301800
3f658000
40367000
3f5c4000
403d0000
3f542800
403da800
3f530000
40447000
3f49c000
3fc35000
3fc69000
3fcf2000
3fbfb800
3fd15000
3fbd7000
3fdee000
3fb57400
3fe65000
3fafc000
3fed5000
3fab3000
3ffae000
3fa33400
40012800
3f9d8000
4004a800
3f98f000
400b7000
3f90f400
400ef000
3f8c6400
4012a800
3f86b000
40197000
3f7d6800
4014c000
3f84ac00
401ae000
3f80a000
4021a800
3f792800
4022c000
3f76d800
4028e000
3f6ec000
402fa800
3f66a800
40308800
3f658000
4036e000
3f5c4000
403d7000
3f542800
403e1800
3f530000
4044e000
3f49c000
3fc3a000
3fc76000
3fcf7000
3fc08800
3fd1a000
3fbe4000
3fdf3000
3fb64400
3fe6a000
3fb09000
3feda000
3fac0000
3ffb3000
3fa40400
40015000
3f9e5000
4004d000
3f99c000
400b9800
3f91c400
400f1800
3f8d3400
4012d000
3f878000
40199800
3f7f0800
4014f800
3f854000
401b1800
3f813400
4021e000
3f7a5000
4022f800
3f780000
40291800
3f6fe800
402fe000
3f67d000
4030c000
3f66a800
40371800
3f5d6800
403da800
3f555000
403e5000
3f542800
40451800
3f4ae800
3fc3a000
3fc76000
3fcf7000
3fc08800
3fd1a000
3fbe4000
3fdf3000
3fb64400
3fe6a000
3fb09000
3feda000
3fac0000
3ffb3000
3fa40400
40015000
3f9e5000
4004d000
3f99c000
400b9800
3f91c400
400f1800
3f8d3400
4012d000
3f878000
40199800
3f7f0800
4014f800
3f854000
401b1800
3f813400
4021e000
3f7a5000
4022f800
3f780000
40291800
3f6fe800
402fe000
3f67d000
4030c000
3f66a800
40371800
3f5d6800
403da800
3f555000
403e5000
3f542800
40451800
3f4ae800
3fc71000
3fc90000
3fd2e000
3fc22800
3fd51000
3fbfe000
3fe2a000
3fb7e400
3fea1000
3fb23000
3ff11000
3fada000
3ffea000
3fa5a400
40030800
3f9ff000
40068800
3f9b6000
400d5000
3f936400
4010d000
3f8ed400
40148800
3f892000
401b5000
3f812400
40176000
3f866800
401d8000
3f825c00
40244800
3f7ca000
40256000
3f7a5000
402b8000
3f723800
40324800
3f6a2000
40332800
3f68f800
40398000
3f5fb800
40401000
3f57a000
4040b800
3f567800
40478000
3f4d3800
3fc76000
3fc9d000
3fd33000
3fc2f800
3fd56000
3fc0b000
3fe2f000
3fb8b400
3fea6000
3fb30000
3ff16000
3fae7000
3ffef000
3fa67400
40033000
3fa0c000
4006b000
3f9c3000
400d7800
3f943400
4010f800
3f8fa400
4014b000
3f89f000
401b7800
3f81f400
40179800
3f86fc00
401db800
3f82f000
40248000
3f7dc800
40259800
3f7b7800
402bb800
3f736000
40328000
3f6b4800
40336000
3f6a2000
4039b800
3f60e000
40404800
3f58c800
4040f000
3f57a000
4047b800
3f4e6000
3fc76000
3fc9d000
3fd33000
3fc2f800
3fd56000
3fc0b000
3fe2f000
3fb8b400
3fea6000
3fb30000
3ff16000
3fae7000
3ffef000
3fa67400
40033000
3fa0c000
4006b000
3f9c3000
400d7800
3f943400
4010f800
3f8fa400
4014b000
3f89f000
401b7800
3f81f400
40179800
3f86fc00
401db800
3f82f000
40248000
3f7dc800
40259800
3f7b7800
402bb800
3f736000
40328000
3f6b4800
40336000
3f6a2000
4039b800
3f60e000
40404800
3f58c800
4040f000
3f57a000
4047b800
3f4e6000
3fcad000
3fcb7000
3fd6a000
3fc49800
3fd8d000
3fc25000
3fe66000
3fba5400
3fedd000
3fb4a000
3ff4d000
3fb01000
40013000
3fa81400
4004e800
3fa26000
40086800
3f9dd000
400f3000
3f95d400
4012b000
3f914400
40166800
3f8b9000
401d3000
3f839400
401a0000
3f882400
40202000
3f841800
4026e800
3f800c00
40280000
3f7dc800
402e2000
3f75b000
4034e800
3f6d9800
4035c800
3f6c7000
403c2000
3f633000
4042b000
3f5b1800
40435800
3f59f000
404a2000
3f50b000
3fcb2000
3fcc4000
3fd6f000
3fc56800
3fd92000
3fc32000
3fe6b000
3fbb2400
3fee2000
3fb57000
3ff52000
3fb0e000
40015800
3fa8e400
40051000
3fa33000
40089000
3f9ea000
400f5800
3f96a400
4012d800
3f921400
40169000
3f8c6000
401d5800
3f846400
401a3800
3f88b800
40205800
3f84ac00
40272000
3f80a000
40283800
3f7ef000
402e5800
3f76d800
40352000
3f6ec000
40360000
3f6d9800
403c5800
3f645800
4042e800
3f5c4000
40439000
3f5b1800
404a5800
3f51d800
3fcbc000
3fcc4000
3fd79000
3fc56800
3fd9c000
3fc32000
3fe75000
3fbb2400
3feec000
3fb57000
3ff5c000
3fb0e000
4001a800
3fa8e400
40056000
3fa33000
4008e000
3f9ea000
400fa800
3f96a400
40132800
3f921400
4016e000
3f8c6000
401da800
3f846400
401aa800
3f88b800
4020c800
3f84ac00
40279000
3f80a000
4028a800
3f7ef000
402ec800
3f76d800
40359000
3f6ec000
40367000
3f6d9800
403cc800
3f645800
40435800
3f5c4000
40440000
3f5b1800
404ac800
3f51d800
3fcc1000
3fcc4000
3fd7e000
3fc56800
3fda1000
3fc32000
3fe7a000
3fbb2400
3fef1000
3fb57000
3ff61000
3fb0e000
4001d000
3fa8e400
40058800
3fa33000
40090800
3f9ea000
400fd000
3f96a400
40135000
3f921400
40170800
3f8c6000
401dd000
3f846400
401ae000
3f88b800
40210000
3f84ac00
4027c800
3f80a000
4028e000
3f7ef000
402f0000
3f76d800
4035c800
3f6ec000
4036a800
3f6d9800
403d0000
3f645800
40439000
3f5c4000
40443800
3f5b1800
404b0000
3f51d800
3fcc1000
3fcc4000
3fd7e000
3fc56800
3fda1000
3fc32000
3fe7a000
3fbb2400
3fef1000
3fb57000
3ff61000
3fb0e000
4001d000
3fa8e400
40058800
3fa33000
40090800
3f9ea000
400fd000
3f96a400
40135000
3f921400
40170800
3f8c6000
401dd000
3f846400
401ae000
3f88b800
40210000
3f84ac00
4027c800
3f80a000
4028e000
3f7ef000
402f0000
3f76d800
4035c800
3f6ec000
4036a800
3f6d9800
403d0000
3f645800
40439000
3f5c4000
40443800
3f5b1800
404b0000
3f51d800
3fcc1000
3fcc4000
3fd7e000
3fc56800
3fda1000
3fc32000
3fe7a000
3fbb2400
3fef1000
3fb57000
3ff61000
3fb0e000
4001d000
3fa8e400
40058800
3fa33000
40090800
3f9ea000
400fd000
3f96a400
40135000
3f921400
40170800
3f8c6000
401dd000
3f846400
401ae000
3f88b800
40210000
3f84ac00
4027c800
3f80a000
4028e000
3f7ef000
402f0000
3f76d800
4035c800
3f6ec000
4036a800
3f6d9800
403d0000
3f645800
40439000
3f5c4000
40443800
3f5b1800
404b0000
3f51d800
3fcc1000
3fcc4000
3fd7e000
3fc56800
3fda1000
3fc32000
3fe7a000
3fbb2400
3fef1000
3fb57000
3ff61000
3fb0e000
4001d000
3fa8e400
40058800
3fa33000
40090800
3f9ea000
400fd000
3f96a400
40135000
3f921400
40170800
3f8c6000
401dd000
3f846400
401ae000
3f88b800
40210000
3f84ac00
4027c800
3f80a000
4028e000
3f7ef000
402f0000
3f76d800
4035c800
3f6ec000
4036a800
3f6d9800
403d0000
3f645800
40439000
3f5c4000
40443800
3f5b1800
404b0000
3f51d800
3fcc1000
3fcc4000
3fd7e000
3fc56800
3fda1000
3fc32000
3fe7a000
3fbb2400
3fef1000
3fb57000
3ff61000
3fb0e000
4001d000
3fa8e400
40058800
3fa33000
40090800
3f9ea000
400fd000
3f96a400
40135000
3f921400
40170800
3f8c6000
401dd000
3f846400
401ae000
3f88b800
40210000
3f84ac00
4027c800
3f80a000
4028e000
3f7ef000
402f0000
3f76d800
4035c800
3f6ec000
4036a800
3f6d9800
403d0000
3f645800
40439000
3f5c4000
40443800
3f5b1800
404b0000
3f51d800
3fcc1000
3fcc4000
3fd7e000
3fc56800
3fda1000
3fc32000
3fe7a000
3fbb2400
3fef1000
3fb57000
3ff61000
3fb0e000
4001d000
3fa8e400
40058800
3fa33000
40090800
3f9ea000
400fd000
3f96a400
40135000
3f921400
40170800
3f8c6000
401dd000
3f846400
401ae000
3f88b800
40210000
3f84ac00
4027c800
3f80a000
4028e000
3f7ef000
402f0000
3f76d800
4035c800
3f6ec000
4036a800
3f6d9800
403d0000
3f645800
40439000
3f5c4000
40443800
3f5b1800
404b0000
3f51d800
3fcc6000
3fcd1000
3fd83000
3fc63800
3fda6000
3fc3f000
3fe7f000
3fbbf400
3fef6000
3fb64000
3ff66000
3fb1b000
4001f800
3fa9b400
4005b000
3fa40000
40093000
3f9f7000
400ff800
3f977400
40137800
3f92e400
40173000
3f8d3000
401df800
3f853400
401b1800
3f894c00
40213800
3f854000
40280000
3f813400
40291800
3f800c00
402f3800
3f780000
40360000
3f6fe800
4036e000
3f6ec000
403d3800
3f658000
4043c800
3f5d6800
40447000
3f5c4000
404b3800
3f530000
3fcc6000
3fcd1000
3fd83000
3fc63800
3fda6000
3fc3f000
3fe7f000
3fbbf400
3fef6000
3fb64000
3ff66000
3fb1b000
4001f800
3fa9b400
4005b000
3fa40000
40093000
3f9f7000
400ff800
3f977400
40137800
3f92e400
40173000
3f8d3000
401df800
3f853400
401b1800
3f894c00
40213800
3f854000
40280000
3f813400
40291800
3f800c00
402f3800
3f780000
40360000
3f6fe800
4036e000
3f6ec000
403d3800
3f658000
4043c800
3f5d6800
40447000
3f5c4000
404b3800
3f530000
3fcc6000
3fcd1000
3fd83000
3fc63800
3fda6000
3fc3f000
3fe7f000
3fbbf400
3fef6000
3fb64000
3ff66000
3fb1b000
4001f800
3fa9b400
4005b000
3fa40000
40093000
3f9f7000
400ff800
3f977400
40137800
3f92e400
40173000
3f8d3000
401df800
3f853400
401b1800
3f894c00
40213800
3f854000
40280000
3f813400
40291800
3f800c00
402f3800
3f780000
40360000
3f6fe800
4036e000
3f6ec000
403d3800
3f658000
4043c800
3f5d6800
40447000
3f5c4000
404b3800
3f530000
3fcc6000
3fcd1000
3fd83000
3fc63800
3fda6000
3fc3f000
3fe7f000
3fbbf400
3fef6000
3fb64000
3ff66000
3fb1b000
4001f800
3fa9b400
4005b000
3fa40000
40093000
3f9f7000
400ff800
3f977400
40137800
3f92e400
40173000
3f8d3000
401df800
3f853400
401b1800
3f894c00
40213800
3f854000
40280000
3f813400
40291800
3f800c00
402f3800
3f780000
40360000
3f6fe800
4036e000
3f6ec000
403d3800
3f658000
4043c800
3f5d6800
40447000
3f5c4000
404b3800
3f530000
3fcc6000
3fcd1000
3fd83000
3fc63800
3fda6000
3fc3f000
3fe7f000
3fbbf400
3fef6000
3fb64000
3ff66000
3fb1b000
4001f800
3fa9b400
4005b000
3fa40000
40093000
3f9f7000
400ff800
3f977400
40137800
3f92e400
40173000
3f8d3000
401df800
3f853400
401b1800
3f894c00
40213800
3f854000
40280000
3f813400
40291800
3f800c00
402f3800
3f780000
40360000
3f6fe800
4036e000
3f6ec000
403d3800
3f658000
4043c800
3f5d6800
40447000
3f5c4000
404b3800
3f530000
3fcc6000
3fcd1000
3fd83000
3fc63800
3fda6000
3fc3f000
3fe7f000
3fbbf400
3fef6000
3fb64000
3ff66000
3fb1b000
4001f800
3fa9b400
4005b000
3fa40000
40093000
3f9f7000
400ff800
3f977400
40137800
3f92e400
40173000
3f8d3000
401df800
3f853400
401b1800
3f894c00
40213800
3f854000
40280000
3f813400
40291800
3f800c00
402f3800
3f780000
40360000
3f6fe800
4036e000
3f6ec000
403d3800
3f658000
4043c800
3f5d6800
40447000
3f5c4000
404b3800
3f530000
3fcc6000
3fcd1000
3fd83000
3fc63800
3fda6000
3fc3f000
3fe7f000
3fbbf400
3fef6000
3fb64000
3ff66000
3fb1b000
4001f800
3fa9b400
4005b000
3fa40000
40093000
3f9f7000
400ff800
3f977400
40137800
3f92e400
40173000
3f8d3000
401df800
3f853400
401b1800
3f894c00
40213800
3f854000
40280000
3f813400
40291800
3f800c00
402f3800
3f780000
40360000
3f6fe800
4036e000
3f6ec000
403d3800
3f658000
4043c800
3f5d6800
40447000
3f5c4000
404b3800
3f530000
3fcc6000
3fcd1000
3fd83000
3fc63800
3fda6000
3fc3f000
3fe7f000
3fbbf400
3fef6000
3fb64000
3ff66000
3fb1b000
4001f800
3fa9b400
4005b000
3fa40000
40093000
3f9f7000
400ff800
3f977400
40137800
3f92e400
40173000
3f8d3000
401df800
3f853400
401b1800
3f894c00
40213800
3f854000
40280000
3f813400
40291800
3f800c00
402f3800
3f780000
40360000
3f6fe800
4036e000
3f6ec000
403d3800
3f658000
4043c800
3f5d6800
40447000
3f5c4000
404b3800
3f530000
3fcc6000
3fcd1000
3fd83000
3fc63800
3fda6000
3fc3f000
3fe7f000
3fbbf400
3fef6000
3fb64000
3ff66000
3fb1b000
4001f800
3fa9b400
4005b000
3fa40000
40093000
3f9f7000
400ff800
3f977400
40137800
3f92e400
40173000
3f8d3000
401df800
3f853400
401b1800
3f894c00
40213800
3f854000
40280000
3f813400
40291800
3f800c00
402f3800
3f780000
40360000
3f6fe800
4036e000
3f6ec000
403d3800
3f658000
4043c800
3f5d6800
40447000
3f5c4000
404b3800
3f530000
3fccb000
3fcd1000
3fd88000
3fc63800
3fdab000
3fc3f000
3fe84000
3fbbf400
3fefb000
3fb64000
3ff6b000
3fb1b000
40022000
3fa9b400
4005d800
3fa40000
40095800
3f9f7000
40102000
3f977400
4013a000
3f92e400
40175800
3f8d3000
401e2000
3f853400
401b5000
3f894c00
40217000
3f854000
40283800
3f813400
40295000
3f800c00
402f7000
3f780000
40363800
3f6fe800
40371800
3f6ec000
403d7000
3f658000
40440000
3f5d6800
4044a800
3f5c4000
404b7000
3f530000
3fccb000
3fcd1000
3fd88000
3fc63800
3fdab000
3fc3f000
3fe84000
3fbbf400
3fefb000
3fb64000
3ff6b000
3fb1b000
40022000
3fa9b400
4005d800
3fa40000
40095800
3f9f7000
40102000
3f977400
4013a000
3f92e400
40175800
3f8d3000
401e2000
3f853400
401b5000
3f894c00
40217000
3f854000
40283800
3f813400
40295000
3f800c00
402f7000
3f780000
40363800
3f6fe800
40371800
3f6ec000
403d7000
3f658000
40440000
3f5d6800
4044a800
3f5c4000
404b7000
3f530000
3fcd5000
3fcd1000
3fd92000
3fc63800
3fdb5000
3fc3f000
3fe8e000
3fbbf400
3ff05000
3fb64000
3ff75000
3fb1b000
40027000
3fa9b400
40062800
3fa40000
4009a800
3f9f7000
40107000
3f977400
4013f000
3f92e400
4017a800
3f8d3000
401e7000
3f853400
401bc000
3f894c00
4021e000
3f854000
4028a800
3f813400
4029c000
3f800c00
402fe000
3f780000
4036a800
3f6fe800
40378800
3f6ec000
403de000
3f658000
40447000
3f5d6800
40451800
3f5c4000
404be000
3f530000
3fcda000
3fcde000
3fd97000
3fc70800
3fdba000
3fc4c000
3fe93000
3fbcc400
3ff0a000
3fb71000
3ff7a000
3fb28000
40029800
3faa8400
40065000
3fa4d000
4009d000
3fa04000
40109800
3f984400
40141800
3f93b400
4017d000
3f8e0000
401e9800
3f860400
401bf800
3f89e000
40221800
3f85d400
4028e000
3f81c800
4029f800
3f80a000
40301800
3f792800
4036e000
3f711000
4037c000
3f6fe800
403e1800
3f66a800
4044a800
3f5e9000
40455000
3f5d6800
404c1800
3f542800
3fcda000
3fcde000
3fd97000
3fc70800
3fdba000
3fc4c000
3fe93000
3fbcc400
3ff0a000
3fb71000
3ff7a000
3fb28000
40029800
3faa8400
40065000
3fa4d000
4009d000
3fa04000
40109800
3f984400
40141800
3f93b400
4017d000
3f8e0000
401e9800
3f860400
401bf800
3f89e000
40221800
3f85d400
4028e000
3f81c800
4029f800
3f80a000
40301800
3f792800
4036e000
3f711000
4037c000
3f6fe800
403e1800
3f66a800
4044a800
3f5e9000
40455000
3f5d6800
404c1800
3f542800
3fd11000
3fcf8000
3fdce000
3fc8a800
3fdf1000
3fc66000
3feca000
3fbe6400
3ff41000
3fb8b000
3ffb1000
3fb42000
40045000
3fac2400
40080800
3fa67000
400b8800
3fa1e000
40125000
3f99e400
4015d000
3f955400
40198800
3f8fa000
40205000
3f87a400
401e6000
3f8b0800
40248000
3f86fc00
402b4800
3f82f000
402c6000
3f81c800
40328000
3f7b7800
40394800
3f736000
403a2800
3f723800
40408000
3f68f800
40471000
3f60e000
4047b800
3f5fb800
404e8000
3f567800
3fd16000
3fd05000
3fdd3000
3fc97800
3fdf6000
3fc73000
3fecf000
3fbf3400
3ff46000
3fb98000
3ffb6000
3fb4f000
40047800
3facf400
40083000
3fa74000
400bb000
3fa2b000
40127800
3f9ab400
4015f800
3f962400
4019b000
3f907000
40207800
3f887400
401e9800
3f8b9c00
4024b800
3f879000
402b8000
3f838400
402c9800
3f825c00
4032b800
3f7ca000
40398000
3f748800
403a6000
3f736000
4040b800
3f6a2000
40474800
3f620800
4047f000
3f60e000
404eb800
3f57a000
3fd16000
3fd05000
3fdd3000
3fc97800
3fdf6000
3fc73000
3fecf000
3fbf3400
3ff46000
3fb98000
3ffb6000
3fb4f000
40047800
3facf400
40083000
3fa74000
400bb000
3fa2b000
40127800
3f9ab400
4015f800
3f962400
4019b000
3f907000
40207800
3f887400
401e9800
3f8b9c00
4024b800
3f879000
402b8000
3f838400
402c9800
3f825c00
4032b800
3f7ca000
40398000
3f748800
403a6000
3f736000
4040b800
3f6a2000
40474800
3f620800
4047f000
3f60e000
404eb800
3f57a000
3fd4d000
3fd1f000
3fe0a000
3fcb1800
3fe2d000
3fc8d000
3ff06000
3fc0d400
3ff7d000
3fbb2000
3ffed000
3fb69000
40063000
3fae9400
4009e800
3fa8e000
400d6800
3fa45000
40143000
3f9c5400
4017b000
3f97c400
401b6800
3f921000
40223000
3f8a1400
40210000
3f8cc400
40272000
3f88b800
402de800
3f84ac00
402f0000
3f838400
40352000
3f7ef000
403be800
3f76d800
403cc800
3f75b000
40432000
3f6c7000
4049b000
3f645800
404a5800
3f633000
40512000
3f59f000
3fd52000
3fd2c000
3fe0f000
3fcbe800
3fe32000
3fc9a000
3ff0b000
3fc1a400
3ff82000
3fbbf000
3fff2000
3fb76000
40065800
3faf6400
400a1000
3fa9b000
400d9000
3fa52000
40145800
3f9d2400
4017d800
3f989400
401b9000
3f92e000
40225800
3f8ae400
40213800
3f8d5800
40275800
3f894c00
402e2000
3f854000
402f3800
3f841800
40355800
3f800c00
403c2000
3f780000
403d0000
3f76d800
40435800
3f6d9800
4049e800
3f658000
404a9000
3f645800
40515800
3f5b1800
3fd5c000
3fd2c000
3fe19000
3fcbe800
3fe3c000
3fc9a000
3ff15000
3fc1a400
3ff8c000
3fbbf000
3fffc000
3fb76000
4006a800
3faf6400
400a6000
3fa9b000
400de000
3fa52000
4014a800
3f9d2400
40182800
3f989400
401be000
3f92e000
4022a800
3f8ae400
4021a800
3f8d5800
4027c800
3f894c00
402e9000
3f854000
402fa800
3f841800
4035c800
3f800c00
403c9000
3f780000
403d7000
3f76d800
4043c800
3f6d9800
404a5800
3f658000
404b0000
3f645800
4051c800
3f5b1800
3fd61000
3fd2c000
3fe1e000
3fcbe800
3fe41000
3fc9a000
3ff1a000
3fc1a400
3ff91000
3fbbf000
40000800
3fb76000
4006d000
3faf6400
400a8800
3fa9b000
400e0800
3fa52000
4014d000
3f9d2400
40185000
3f989400
401c0800
3f92e000
4022d000
3f8ae400
4021e000
3f8d5800
40280000
3f894c00
402ec800
3f854000
402fe000
3f841800
40360000
3f800c00
403cc800
3f780000
403da800
3f76d800
40440000
3f6d9800
404a9000
3f658000
404b3800
3f645800
40520000
3f5b1800
3fd61000
3fd2c000
3fe1e000
3fcbe800
3fe41000
3fc9a000
3ff1a000
3fc1a400
3ff91000
3fbbf000
40000800
3fb76000
4006d000
3faf6400
400a8800
3fa9b000
400e0800
3fa52000
4014d000
3f9d2400
40185000
3f989400
401c0800
3f92e000
4022d000
3f8ae400
4021e000
3f8d5800
40280000
3f894c00
402ec800
3f854000
402fe000
3f841800
40360000
3f800c00
403cc800
3f780000
403da800
3f76d800
40440000
3f6d9800
404a9000
3f658000
404b3800
3f645800
40520000
3f5b1800
3fd61000
3fd2c000
3fe1e000
3fcbe800
3fe41000
3fc9a000
3ff1a000
3fc1a400
3ff91000
3fbbf000
40000800
3fb76000
4006d000
3faf6400
400a8800
3fa9b000
400e0800
3fa52000
4014d000
3f9d2400
40185000
3f989400
401c0800
3f92e000
4022d000
3f8ae400
4021e000
3f8d5800
40280000
3f894c00
402ec800
3f854000
402fe000
3f841800
40360000
3f800c00
403cc800
3f780000
403da800
3f76d800
40440000
3f6d9800
404a9000
3f658000
404b3800
3f645800
40520000
3f5b1800
3fd61000
3fd2c000
3fe1e000
3fcbe800
3fe41000
3fc9a000
3ff1a000
3fc1a400
3ff91000
3fbbf000
40000800
3fb76000
4006d000
3faf6400
400a8800
3fa9b000
400e0800
3fa52000
4014d000
3f9d2400
40185000
3f989400
401c0800
3f92e000
4022d000
3f8ae400
4021e000
3f8d5800
40280000
3f894c00
402ec800
3f854000
402fe000
3f841800
40360000
3f800c00
403cc800
3f780000
403da800
3f76d800
40440000
3f6d9800
404a9000
3f658000
404b3800
3f645800
40520000
3f5b1800
3fd61000
3fd2c000
3fe1e000
3fcbe800
3fe41000
3fc9a000
3ff1a000
3fc1a400
3ff91000
3fbbf000
40000800
3fb76000
4006d000
3faf6400
400a8800
3fa9b000
400e0800
3fa52000
4014d000
3f9d2400
40185000
3f989400
401c0800
3f92e000
4022d000
3f8ae400
4021e000
3f8d5800
40280000
3f894c00
402ec800
3f854000
402fe000
3f841800
40360000
3f800c00
403cc800
3f780000
403da800
3f76d800
40440000
3f6d9800
404a9000
3f658000
404b3800
3f645800
40520000
3f5b1800
3fd61000
3fd2c000
3fe1e000
3fcbe800
3fe41000
3fc9a000
3ff1a000
3fc1a400
3ff91000
3fbbf000
40000800
3fb76000
4006d000
3faf6400
400a8800
3fa9b000
400e0800
3fa52000
4014d000
3f9d2400
40185000
3f989400
401c0800
3f92e000
4022d000
3f8ae400
4021e000
3f8d5800
40280000
3f894c00
402ec800
3f854000
402fe000
3f841800
40360000
3f800c00
403cc800
3f780000
403da800
3f76d800
40440000
3f6d9800
404a9000
3f658000
404b3800
3f645800
40520000
3f5b1800
3fd66000
3fd39000
3fe23000
3fccb800
3fe46000
3fca7000
3ff1f000
3fc27400
3ff96000
3fbcc000
40003000
3fb83000
4006f800
3fb03400
400ab000
3faa8000
400e3000
3fa5f000
4014f800
3f9df400
40187800
3f996400
401c3000
3f93b000
4022f800
3f8bb400
40221800
3f8dec00
40283800
3f89e000
402f0000
3f85d400
40301800
3f84ac00
40363800
3f80a000
403d0000
3f792800
403de000
3f780000
40443800
3f6ec000
404ac800
3f66a800
404b7000
3f658000
40523800
3f5c4000
3fd66000
3fd39000
3fe23000
3fccb800
3fe46000
3fca7000
3ff1f000
3fc27400
3ff96000
3fbcc000
40003000
3fb83000
4006f800
3fb03400
400ab000
3faa8000
400e3000
3fa5f000
4014f800
3f9df400
40187800
3f996400
401c3000
3f93b000
4022f800
3f8bb400
40221800
3f8dec00
40283800
3f89e000
402f0000
3f85d400
40301800
3f84ac00
40363800
3f80a000
403d0000
3f792800
403de000
3f780000
40443800
3f6ec000
404ac800
3f66a800
404b7000
3f658000
40523800
3f5c4000
3fd66000
3fd39000
3fe23000
3fccb800
3fe46000
3fca7000
3ff1f000
3fc27400
3ff96000
3fbcc000
40003000
3fb83000
4006f800
3fb03400
400ab000
3faa8000
400e3000
3fa5f000
4014f800
3f9df400
40187800
3f996400
401c3000
3f93b000
4022f800
3f8bb400
40221800
3f8dec00
40283800
3f89e000
402f0000
3f85d400
40301800
3f84ac00
40363800
3f80a000
403d0000
3f792800
403de000
3f780000
40443800
3f6ec000
404ac800
3f66a800
404b7000
3f658000
40523800
3f5c4000
3fd66000
3fd39000
3fe23000
3fccb800
3fe46000
3fca7000
3ff1f000
3fc27400
3ff96000
3fbcc000
40003000
3fb83000
4006f800
3fb03400
400ab000
3faa8000
400e3000
3fa5f000
4014f800
3f9df400
40187800
3f996400
401c3000
3f93b000
4022f800
3f8bb400
40221800
3f8dec00
40283800
3f89e000
402f0000
3f85d400
40301800
3f84ac00
40363800
3f80a000
403d0000
3f792800
403de000
3f780000
40443800
3f6ec000
404ac800
3f66a800
404b7000
3f658000
40523800
3f5c4000
3fd66000
3fd39000
3fe23000
3fccb800
3fe46000
3fca7000
3ff1f000
3fc27400
3ff96000
3fbcc000
40003000
3fb83000
4006f800
3fb03400
400ab000
3faa8000
400e3000
3fa5f000
4014f800
3f9df400
40187800
3f996400
401c3000
3f93b000
4022f800
3f8bb400
40221800
3f8dec00
40283800
3f89e000
402f0000
3f85d400
40301800
3f84ac00
40363800
3f80a000
403d0000
3f792800
403de000
3f780000
40443800
3f6ec000
404ac800
3f66a800
404b7000
3f658000
40523800
3f5c4000
3fd66000
3fd39000
3fe23000
3fccb800
3fe46000
3fca7000
3ff1f000
3fc27400
3ff96000
3fbcc000
40003000
3fb83000
4006f800
3fb03400
400ab000
3faa8000
400e3000
3fa5f000
4014f800
3f9df400
40187800
3f996400
401c3000
3f93b000
4022f800
3f8bb400
40221800
3f8dec00
40283800
3f89e000
402f0000
3f85d400
40301800
3f84ac00
40363800
3f80a000
403d0000
3f792800
403de000
3f780000
40443800
3f6ec000
404ac800
3f66a800
404b7000
3f658000
40523800
3f5c4000
3fd66000
3fd39000
3fe23000
3fccb800
3fe46000
3fca7000
3ff1f000
3fc27400
3ff96000
3fbcc000
40003000
3fb83000
4006f800
3fb03400
400ab000
3faa8000
400e3000
3fa5f000
4014f800
3f9df400
40187800
3f996400
401c3000
3f93b000
4022f800
3f8bb400
40221800
3f8dec00
40283800
3f89e000
402f0000
3f85d400
40301800
3f84ac00
40363800
3f80a000
403d0000
3f792800
403de000
3f780000
40443800
3f6ec000
404ac800
3f66a800
404b7000
3f658000
40523800
3f5c4000
3fd66000
3fd39000
3fe23000
3fccb800
3fe46000
3fca7000
3ff1f000
3fc27400
3ff96000
3fbcc000
40003000
3fb83000
4006f800
3fb03400
400ab000
3faa8000
400e3000
3fa5f000
4014f800
3f9df400
40187800
3f996400
401c3000
3f93b000
4022f800
3f8bb400
40221800
3f8dec00
40283800
3f89e000
402f0000
3f85d400
40301800
3f84ac00
40363800
3f80a000
403d0000
3f792800
403de000
3f780000
40443800
3f6ec000
404ac800
3f66a800
404b7000
3f658000
40523800
3f5c4000
3fd66000
3fd39000
3fe23000
3fccb800
3fe46000
3fca7000
3ff1f000
3fc27400
3ff96000
3fbcc000
40003000
3fb83000
4006f800
3fb03400
400ab000
3faa8000
400e3000
3fa5f000
4014f800
3f9df400
40187800
3f996400
401c3000
3f93b000
4022f800
3f8bb400
40221800
3f8dec00
40283800
3f89e000
402f0000
3f85d400
40301800
3f84ac00
40363800
3f80a000
403d0000
3f792800
403de000
3f780000
40443800
3f6ec000
404ac800
3f66a800
404b7000
3f658000
40523800
3f5c4000
3fd6b000
3fd39000
3fe28000
3fccb800
3fe4b000
3fca7000
3ff24000
3fc27400
3ff9b000
3fbcc000
40005800
3fb83000
40072000
3fb03400
400ad800
3faa8000
400e5800
3fa5f000
40152000
3f9df400
4018a000
3f996400
401c5800
3f93b000
40232000
3f8bb400
40225000
3f8dec00
40287000
3f89e000
402f3800
3f85d400
40305000
3f84ac00
40367000
3f80a000
403d3800
3f792800
403e1800
3f780000
40447000
3f6ec000
404b0000
3f66a800
404ba800
3f658000
40527000
3f5c4000
3fd6b000
3fd39000
3fe28000
3fccb800
3fe4b000
3fca7000
3ff24000
3fc27400
3ff9b000
3fbcc000
40005800
3fb83000
40072000
3fb03400
400ad800
3faa8000
400e5800
3fa5f000
40152000
3f9df400
4018a000
3f996400
401c5800
3f93b000
40232000
3f8bb400
40225000
3f8dec00
40287000
3f89e000
402f3800
3f85d400
40305000
3f84ac00
40367000
3f80a000
403d3800
3f792800
403e1800
3f780000
40447000
3f6ec000
404b0000
3f66a800
404ba800
3f658000
40527000
3f5c4000
3fd75000
3fd39000
3fe32000
3fccb800
3fe55000
3fca7000
3ff2e000
3fc27400
3ffa5000
3fbcc000
4000a800
3fb83000
40077000
3fb03400
400b2800
3faa8000
400ea800
3fa5f000
40157000
3f9df400
4018f000
3f996400
401ca800
3f93b000
40237000
3f8bb400
4022c000
3f8dec00
4028e000
3f89e000
402fa800
3f85d400
4030c000
3f84ac00
4036e000
3f80a000
403da800
3f792800
403e8800
3f780000
4044e000
3f6ec000
404b7000
3f66a800
404c1800
3f658000
4052e000
3f5c4000
3fd7a000
3fd46000
3fe37000
3fcd8800
3fe5a000
3fcb4000
3ff33000
3fc34400
3ffaa000
3fbd9000
4000d000
3fb90000
40079800
3fb10400
400b5000
3fab5000
400ed000
3fa6c000
40159800
3f9ec400
40191800
3f9a3400
401cd000
3f948000
40239800
3f8c8400
4022f800
3f8e8000
40291800
3f8a7400
402fe000
3f866800
4030f800
3f854000
40371800
3f813400
403de000
3f7a5000
403ec000
3f792800
40451800
3f6fe800
404ba800
3f67d000
404c5000
3f66a800
40531800
3f5d6800
3fd7a000
3fd46000
3fe37000
3fcd8800
3fe5a000
3fcb4000
3ff33000
3fc34400
3ffaa000
3fbd9000
4000d000
3fb90000
40079800
3fb10400
400b5000
3fab5000
400ed000
3fa6c000
40159800
3f9ec400
40191800
3f9a3400
401cd000
3f948000
40239800
3f8c8400
4022f800
3f8e8000
40291800
3f8a7400
402fe000
3f866800
4030f800
3f854000
40371800
3f813400
403de000
3f7a5000
403ec000
3f792800
40451800
3f6fe800
404ba800
3f67d000
404c5000
3f66a800
40531800
3f5d6800
3fdb1000
3fd60000
3fe6e000
3fcf2800
3fe91000
3fcce000
3ff6a000
3fc4e400
3ffe1000
3fbf3000
40028800
3fbaa000
40095000
3fb2a400
400d0800
3facf000
40108800
3fa86000
40175000
3fa06400
401ad000
3f9bd400
401e8800
3f962000
40255000
3f8e2400
40256000
3f8fa800
402b8000
3f8b9c00
40324800
3f879000
40336000
3f866800
40398000
3f825c00
40404800
3f7ca000
40412800
3f7b7800
40478000
3f723800
404e1000
3f6a2000
404eb800
3f68f800
40558000
3f5fb800
3fdb6000
3fd6d000
3fe73000
3fcff800
3fe96000
3fcdb000
3ff6f000
3fc5b400
3ffe6000
3fc00000
4002b000
3fbb7000
40097800
3fb37400
400d3000
3fadc000
4010b000
3fa93000
40177800
3fa13400
401af800
3f9ca400
401eb000
3f96f000
40257800
3f8ef400
40259800
3f903c00
402bb800
3f8c3000
40328000
3f882400
40339800
3f86fc00
4039b800
3f82f000
40408000
3f7dc800
40416000
3f7ca000
4047b800
3f736000
404e4800
3f6b4800
404ef000
3f6a2000
4055b800
3f60e000
3fdb6000
3fd6d000
3fe73000
3fcff800
3fe96000
3fcdb000
3ff6f000
3fc5b400
3ffe6000
3fc00000
4002b000
3fbb7000
40097800
3fb37400
400d3000
3fadc000
4010b000
3fa93000
40177800
3fa13400
401af800
3f9ca400
401eb000
3f96f000
40257800
3f8ef400
40259800
3f903c00
402bb800
3f8c3000
40328000
3f882400
40339800
3f86fc00
4039b800
3f82f000
40408000
3f7dc800
40416000
3f7ca000
4047b800
3f736000
404e4800
3f6b4800
404ef000
3f6a2000
4055b800
3f60e000
3fded000
3fd87000
3feaa000
3fd19800
3fecd000
3fcf5000
3ffa6000
3fc75400
4000e800
3fc1a000
40046800
3fbd1000
400b3000
3fb51400
400ee800
3faf6000
40126800
3faad000
40193000
3fa2d400
401cb000
3f9e4400
40206800
3f989000
40273000
3f909400
40280000
3f916400
402e2000
3f8d5800
4034e800
3f894c00
40360000
3f882400
403c2000
3f841800
4042e800
3f800c00
4043c800
3f7ef000
404a2000
3f75b000
4050b000
3f6d9800
40515800
3f6c7000
40582000
3f633000
3fdf2000
3fd94000
3feaf000
3fd26800
3fed2000
3fd02000
3ffab000
3fc82400
40011000
3fc27000
40049000
3fbde000
400b5800
3fb5e400
400f1000
3fb03000
40129000
3faba000
40195800
3fa3a400
401cd800
3f9f1400
40209000
3f996000
40275800
3f916400
40283800
3f91f800
402e5800
3f8dec00
40352000
3f89e000
40363800
3f88b800
403c5800
3f84ac00
40432000
3f80a000
40440000
3f800c00
404a5800
3f76d800
4050e800
3f6ec000
40519000
3f6d9800
40585800
3f645800
3fdfc000
3fd94000
3feb9000
3fd26800
3fedc000
3fd02000
3ffb5000
3fc82400
40016000
3fc27000
4004e000
3fbde000
400ba800
3fb5e400
400f6000
3fb03000
4012e000
3faba000
4019a800
3fa3a400
401d2800
3f9f1400
4020e000
3f996000
4027a800
3f916400
4028a800
3f91f800
402ec800
3f8dec00
40359000
3f89e000
4036a800
3f88b800
403cc800
3f84ac00
40439000
3f80a000
40447000
3f800c00
404ac800
3f76d800
40515800
3f6ec000
40520000
3f6d9800
4058c800
3f645800
3fe01000
3fd94000
3febe000
3fd26800
3fee1000
3fd02000
3ffba000
3fc82400
40018800
3fc27000
40050800
3fbde000
400bd000
3fb5e400
400f8800
3fb03000
40130800
3faba000
4019d000
3fa3a400
401d5000
3f9f1400
40210800
3f996000
4027d000
3f916400
4028e000
3f91f800
402f0000
3f8dec00
4035c800
3f89e000
4036e000
3f88b800
403d0000
3f84ac00
4043c800
3f80a000
4044a800
3f800c00
404b0000
3f76d800
40519000
3f6ec000
40523800
3f6d9800
40590000
3f645800
3fe01000
3fd94000
3febe000
3fd26800
3fee1000
3fd02000
3ffba000
3fc82400
40018800
3fc27000
40050800
3fbde000
400bd000
3fb5e400
400f8800
3fb03000
40130800
3faba000
4019d000
3fa3a400
401d5000
3f9f1400
40210800
3f996000
4027d000
3f916400
4028e000
3f91f800
402f0000
3f8dec00
4035c800
3f89e000
4036e000
3f88b800
403d0000
3f84ac00
4043c800
3f80a000
4044a800
3f800c00
404b0000
3f76d800
40519000
3f6ec000
40523800
3f6d9800
40590000
3f645800
3fe01000
3fd94000
3febe000
3fd26800
3fee1000
3fd02000
3ffba000
3fc82400
40018800
3fc27000
40050800
3fbde000
400bd000
3fb5e400
400f8800
3fb03000
40130800
3faba000
4019d000
3fa3a400
401d5000
3f9f1400
40210800
3f996000
4027d000
3f916400
4028e000
3f91f800
402f0000
3f8dec00
4035c800
3f89e000
4036e000
3f88b800
403d0000
3f84ac00
4043c800
3f80a000
4044a800
3f800c00
404b0000
3f76d800
40519000
3f6ec000
40523800
3f6d9800
40590000
3f645800
3fe01000
3fd94000
3febe000
3fd26800
3fee1000
3fd02000
3ffba000
3fc82400
40018800
3fc27000
40050800
3fbde000
400bd000
3fb5e400
400f8800
3fb03000
40130800
3faba000
4019d000
3fa3a400
401d5000
3f9f1400
40210800
3f996000
4027d000
3f916400
4028e000
3f91f800
402f0000
3f8dec00
4035c800
3f89e000
4036e000
3f88b800
403d0000
3f84ac00
4043c800
3f80a000
4044a800
3f800c00
404b0000
3f76d800
40519000
3f6ec000
40523800
3f6d9800
40590000
3f645800
3fe01000
3fd94000
3febe000
3fd26800
3fee1000
3fd02000
3ffba000
3fc82400
40018800
3fc27000
40050800
3fbde000
400bd000
3fb5e400
400f8800
3fb03000
40130800
3faba000
4019d000
3fa3a400
401d5000
3f9f1400
40210800
3f996000
4027d000
3f916400
4028e000
3f91f800
402f0000
3f8dec00
4035c800
3f89e000
4036e000
3f88b800
403d0000
3f84ac00
4043c800
3f80a000
4044a800
3f800c00
404b0000
3f76d800
40519000
3f6ec000
40523800
3f6d9800
40590000
3f645800
3fe01000
3fd94000
3febe000
3fd26800
3fee1000
3fd02000
3ffba000
3fc82400
40018800
3fc27000
40050800
3fbde000
400bd000
3fb5e400
400f8800
3fb03000
40130800
3faba000
4019d000
3fa3a400
401d5000
3f9f1400
40210800
3f996000
4027d000
3f916400
4028e000
3f91f800
402f0000
3f8dec00
4035c800
3f89e000
4036e000
3f88b800
403d0000
3f84ac00
4043c800
3f80a000
4044a800
3f800c00
404b0000
3f76d800
40519000
3f6ec000
40523800
3f6d9800
40590000
3f645800
3fe06000
3fda1000
3fec3000
3fd33800
3fee6000
3fd0f000
3ffbf000
3fc8f400
4001b000
3fc34000
40053000
3fbeb000
400bf800
3fb6b400
400fb000
3fb10000
40133000
3fac7000
4019f800
3fa47400
401d7800
3f9fe400
40213000
3f9a3000
4027f800
3f923400
40291800
3f928c00
402f3800
3f8e8000
40360000
3f8a7400
40371800
3f894c00
403d3800
3f854000
40440000
3f813400
4044e000
3f80a000
404b3800
3f780000
4051c800
3f6fe800
40527000
3f6ec000
40593800
3f658000
3fe06000
3fda1000
3fec3000
3fd33800
3fee6000
3fd0f000
3ffbf000
3fc8f400
4001b000
3fc34000
40053000
3fbeb000
400bf800
3fb6b400
400fb000
3fb10000
40133000
3fac7000
4019f800
3fa47400
401d7800
3f9fe400
40213000
3f9a3000
4027f800
3f923400
40291800
3f928c00
402f3800
3f8e8000
40360000
3f8a7400
40371800
3f894c00
403d3800
3f854000
40440000
3f813400
4044e000
3f80a000
404b3800
3f780000
4051c800
3f6fe800
40527000
3f6ec000
40593800
3f658000
3fe06000
3fda1000
3fec3000
3fd33800
3fee6000
3fd0f000
3ffbf000
3fc8f400
4001b000
3fc34000
40053000
3fbeb000
400bf800
3fb6b400
400fb000
3fb10000
40133000
3fac7000
4019f800
3fa47400
401d7800
3f9fe400
40213000
3f9a3000
4027f800
3f923400
40291800
3f928c00
402f3800
3f8e8000
40360000
3f8a7400
40371800
3f894c00
403d3800
3f854000
40440000
3f813400
4044e000
3f80a000
404b3800
3f780000
4051c800
3f6fe800
40527000
3f6ec000
40593800
3f658000
3fe06000
3fda1000
3fec3000
3fd33800
3fee6000
3fd0f000
3ffbf000
3fc8f400
4001b000
3fc34000
40053000
3fbeb000
400bf800
3fb6b400
400fb000
3fb10000
40133000
3fac7000
4019f800
3fa47400
401d7800
3f9fe400
40213000
3f9a3000
4027f800
3f923400
40291800
3f928c00
402f3800
3f8e8000
40360000
3f8a7400
40371800
3f894c00
403d3800
3f854000
40440000
3f813400
4044e000
3f80a000
404b3800
3f780000
4051c800
3f6fe800
40527000
3f6ec000
40593800
3f658000
3fe06000
3fda1000
3fec3000
3fd33800
3fee6000
3fd0f000
3ffbf000
3fc8f400
4001b000
3fc34000
40053000
3fbeb000
400bf800
3fb6b400
400fb000
3fb10000
40133000
3fac7000
4019f800
3fa47400
401d7800
3f9fe400
40213000
3f9a3000
4027f800
3f923400
40291800
3f928c00
402f3800
3f8e8000
40360000
3f8a7400
40371800
3f894c00
403d3800
3f854000
40440000
3f813400
4044e000
3f80a000
404b3800
3f780000
4051c800
3f6fe800
40527000
3f6ec000
40593800
3f658000
3fe06000
3fda1000
3fec3000
3fd33800
3fee6000
3fd0f000
3ffbf000
3fc8f400
4001b000
3fc34000
40053000
3fbeb000
400bf800
3fb6b400
400fb000
3fb10000
40133000
3fac7000
4019f800
3fa47400
401d7800
3f9fe400
40213000
3f9a3000
4027f800
3f923400
40291800
3f928c00
402f3800
3f8e8000
40360000
3f8a7400
40371800
3f894c00
403d3800
3f854000
40440000
3f813400
4044e000
3f80a000
404b3800
3f780000
4051c800
3f6fe800
40527000
3f6ec000
40593800
3f658000
3fe06000
3fda1000
3fec3000
3fd33800
3fee6000
3fd0f000
3ffbf000
3fc8f400
4001b000
3fc34000
40053000
3fbeb000
400bf800
3fb6b400
400fb000
3fb10000
40133000
3fac7000
4019f800
3fa47400
401d7800
3f9fe400
40213000
3f9a3000
4027f800
3f923400
40291800
3f928c00
402f3800
3f8e8000
40360000
3f8a7400
40371800
3f894c00
403d3800
3f854000
40440000
3f813400
4044e000
3f80a000
404b3800
3f780000
4051c800
3f6fe800
40527000
3f6ec000
40593800
3f658000
3fe06000
3fda1000
3fec3000
3fd33800
3fee6000
3fd0f000
3ffbf000
3fc8f400
4001b000
3fc34000
40053000
3fbeb000
400bf800
3fb6b400
400fb000
3fb10000
40133000
3fac7000
4019f800
3fa47400
401d7800
3f9fe400
40213000
3f9a3000
4027f800
3f923400
40291800
3f928c00
402f3800
3f8e8000
40360000
3f8a7400
40371800
3f894c00
403d3800
3f854000
40440000
3f813400
4044e000
3f80a000
404b3800
3f780000
4051c800
3f6fe800
40527000
3f6ec000
40593800
3f658000
3fe06000
3fda1000
3fec3000
3fd33800
3fee6000
3fd0f000
3ffbf000
3fc8f400
4001b000
3fc34000
40053000
3fbeb000
400bf800
3fb6b400
400fb000
3fb10000
40133000
3fac7000
4019f800
3fa47400
401d7800
3f9fe400
40213000
3f9a3000
4027f800
3f923400
40291800
3f928c00
402f3800
3f8e8000
40360000
3f8a7400
40371800
3f894c00
403d3800
3f854000
40440000
3f813400
4044e000
3f80a000
404b3800
3f780000
4051c800
3f6fe800
40527000
3f6ec000
40593800
3f658000
3fe0b000
3fda1000
3fec8000
3fd33800
3feeb000
3fd0f000
3ffc4000
3fc8f400
4001d800
3fc34000
40055800
3fbeb000
400c2000
3fb6b400
400fd800
3fb10000
40135800
3fac7000
401a2000
3fa47400
401da000
3f9fe400
40215800
3f9a3000
40282000
3f923400
40295000
3f928c00
402f7000
3f8e8000
40363800
3f8a7400
40375000
3f894c00
403d7000
3f854000
40443800
3f813400
40451800
3f80a000
404b7000
3f780000
40520000
3f6fe800
4052a800
3f6ec000
40597000
3f658000
3fe0b000
3fda1000
3fec8000
3fd33800
3feeb000
3fd0f000
3ffc4000
3fc8f400
4001d800
3fc34000
40055800
3fbeb000
400c2000
3fb6b400
400fd800
3fb10000
40135800
3fac7000
401a2000
3fa47400
401da000
3f9fe400
40215800
3f9a3000
40282000
3f923400
40295000
3f928c00
402f7000
3f8e8000
40363800
3f8a7400
40375000
3f894c00
403d7000
3f854000
40443800
3f813400
40451800
3f80a000
404b7000
3f780000
40520000
3f6fe800
4052a800
3f6ec000
40597000
3f658000
3fe15000
3fda1000
3fed2000
3fd33800
3fef5000
3fd0f000
3ffce000
3fc8f400
40022800
3fc34000
4005a800
3fbeb000
400c7000
3fb6b400
40102800
3fb10000
4013a800
3fac7000
401a7000
3fa47400
401df000
3f9fe400
4021a800
3f9a3000
40287000
3f923400
4029c000
3f928c00
402fe000
3f8e8000
4036a800
3f8a7400
4037c000
3f894c00
403de000
3f854000
4044a800
3f813400
40458800
3f80a000
404be000
3f780000
40527000
3f6fe800
40531800
3f6ec000
4059e000
3f658000
3fe1a000
3fdae000
3fed7000
3fd40800
3fefa000
3fd1c000
3ffd3000
3fc9c400
40025000
3fc41000
4005d000
3fbf8000
400c9800
3fb78400
40105000
3fb1d000
4013d000
3fad4000
401a9800
3fa54400
401e1800
3fa0b400
4021d000
3f9b0000
40289800
3f930400
4029f800
3f932000
40301800
3f8f1400
4036e000
3f8b0800
4037f800
3f89e000
403e1800
3f85d400
4044e000
3f81c800
4045c000
3f813400
404c1800
3f792800
4052a800
3f711000
40535000
3f6fe800
405a1800
3f66a800
3fe1a000
3fdae000
3fed7000
3fd40800
3fefa000
3fd1c000
3ffd3000
3fc9c400
40025000
3fc41000
4005d000
3fbf8000
400c9800
3fb78400
40105000
3fb1d000
4013d000
3fad4000
401a9800
3fa54400
401e1800
3fa0b400
4021d000
3f9b0000
40289800
3f930400
4029f800
3f932000
40301800
3f8f1400
4036e000
3f8b0800
4037f800
3f89e000
403e1800
3f85d400
4044e000
3f81c800
4045c000
3f813400
404c1800
3f792800
4052a800
3f711000
40535000
3f6fe800
405a1800
3f66a800
3fe51000
3fdc8000
3ff0e000
3fd5a800
3ff31000
3fd36000
40005000
3fcb6400
40040800
3fc5b000
40078800
3fc12000
400e5000
3fb92400
40120800
3fb37000
40158800
3faee000
401c5000
3fa6e400
401fd000
3fa25400
40238800
3f9ca000
402a5000
3f94a400
402c6000
3f944800
40328000
3f903c00
40394800
3f8c3000
403a6000
3f8b0800
40408000
3f86fc00
40474800
3f82f000
40482800
3f825c00
404e8000
3f7b7800
40551000
3f736000
4055b800
3f723800
405c8000
3f68f800
3fe56000
3fdd5000
3ff13000
3fd67800
3ff36000
3fd43000
40007800
3fcc3400
40043000
3fc68000
4007b000
3fc1f000
400e7800
3fb9f400
40123000
3fb44000
4015b000
3fafb000
401c7800
3fa7b400
401ff800
3fa32400
4023b000
3f9d7000
402a7800
3f957400
402c9800
3f94dc00
4032b800
3f90d000
40398000
3f8cc400
403a9800
3f8b9c00
4040b800
3f879000
40478000
3f838400
40486000
3f82f000
404eb800
3f7ca000
40554800
3f748800
4055f000
3f736000
405cb800
3f6a2000
3fe56000
3fdd5000
3ff13000
3fd67800
3ff36000
3fd43000
40007800
3fcc3400
40043000
3fc68000
4007b000
3fc1f000
400e7800
3fb9f400
40123000
3fb44000
4015b000
3fafb000
401c7800
3fa7b400
401ff800
3fa32400
4023b000
3f9d7000
402a7800
3f957400
402c9800
3f94dc00
4032b800
3f90d000
40398000
3f8cc400
403a9800
3f8b9c00
4040b800
3f879000
40478000
3f838400
40486000
3f82f000
404eb800
3f7ca000
40554800
3f748800
4055f000
3f736000
405cb800
3f6a2000
3fe8d000
3fdef000
3ff4a000
3fd81800
3ff6d000
3fd5d000
40023000
3fcdd400
4005e800
3fc82000
40096800
3fc39000
40103000
3fbb9400
4013e800
3fb5e000
40176800
3fb15000
401e3000
3fa95400
4021b000
3fa4c400
40256800
3f9f1000
402c3000
3f971400
402f0000
3f960400
40352000
3f91f800
403be800
3f8dec00
403d0000
3f8cc400
40432000
3f88b800
4049e800
3f84ac00
404ac800
3f841800
40512000
3f7ef000
4057b000
3f76d800
40585800
3f75b000
405f2000
3f6c7000
3fe92000
3fdfc000
3ff4f000
3fd8e800
3ff72000
3fd6a000
40025800
3fcea400
40061000
3fc8f000
40099000
3fc46000
40105800
3fbc6400
40141000
3fb6b000
40179000
3fb22000
401e5800
3faa2400
4021d800
3fa59400
40259000
3f9fe000
402c5800
3f97e400
402f3800
3f969800
40355800
3f928c00
403c2000
3f8e8000
403d3800
3f8d5800
40435800
3f894c00
404a2000
3f854000
404b0000
3f84ac00
40515800
3f800c00
4057e800
3f780000
40589000
3f76d800
405f5800
3f6d9800
3fe9c000
3fdfc000
3ff59000
3fd8e800
3ff7c000
3fd6a000
4002a800
3fcea400
40066000
3fc8f000
4009e000
3fc46000
4010a800
3fbc6400
40146000
3fb6b000
4017e000
3fb22000
401ea800
3faa2400
40222800
3fa59400
4025e000
3f9fe000
402ca800
3f97e400
402fa800
3f969800
4035c800
3f928c00
403c9000
3f8e8000
403da800
3f8d5800
4043c800
3f894c00
404a9000
3f854000
404b7000
3f84ac00
4051c800
3f800c00
40585800
3f780000
40590000
3f76d800
405fc800
3f6d9800
3fea1000
3fdfc000
3ff5e000
3fd8e800
3ff81000
3fd6a000
4002d000
3fcea400
40068800
3fc8f000
400a0800
3fc46000
4010d000
3fbc6400
40148800
3fb6b000
40180800
3fb22000
401ed000
3faa2400
40225000
3fa59400
40260800
3f9fe000
402cd000
3f97e400
402fe000
3f969800
40360000
3f928c00
403cc800
3f8e8000
403de000
3f8d5800
40440000
3f894c00
404ac800
3f854000
404ba800
3f84ac00
40520000
3f800c00
40589000
3f780000
40593800
3f76d800
40600000
3f6d9800
3fea1000
3fdfc000
3ff5e000
3fd8e800
3ff81000
3fd6a000
4002d000
3fcea400
40068800
3fc8f000
400a0800
3fc46000
4010d000
3fbc6400
40148800
3fb6b000
40180800
3fb22000
401ed000
3faa2400
40225000
3fa59400
40260800
3f9fe000
402cd000
3f97e400
402fe000
3f969800
40360000
3f928c00
403cc800
3f8e8000
403de000
3f8d5800
40440000
3f894c00
404ac800
3f854000
404ba800
3f84ac00
40520000
3f800c00
40589000
3f780000
40593800
3f76d800
40600000
3f6d9800
3fea1000
3fdfc000
3ff5e000
3fd8e800
3ff81000
3fd6a000
4002d000
3fcea400
40068800
3fc8f000
400a0800
3fc46000
4010d000
3fbc6400
40148800
3fb6b000
40180800
3fb22000
401ed000
3faa2400
40225000
3fa59400
40260800
3f9fe000
402cd000
3f97e400
402fe000
3f969800
40360000
3f928c00
403cc800
3f8e8000
403de000
3f8d5800
40440000
3f894c00
404ac800
3f854000
404ba800
3f84ac00
40520000
3f800c00
40589000
3f780000
40593800
3f76d800
40600000
3f6d9800
3fea1000
3fdfc000
3ff5e000
3fd8e800
3ff81000
3fd6a000
4002d000
3fcea400
40068800
3fc8f000
400a0800
3fc46000
4010d000
3fbc6400
40148800
3fb6b000
40180800
3fb22000
401ed000
3faa2400
40225000
3fa59400
40260800
3f9fe000
402cd000
3f97e400
402fe000
3f969800
40360000
3f928c00
403cc800
3f8e8000
403de000
3f8d5800
40440000
3f894c00
404ac800
3f854000
404ba800
3f84ac00
40520000
3f800c00
40589000
3f780000
40593800
3f76d800
40600000
3f6d9800
3fea1000
3fdfc000
3ff5e000
3fd8e800
3ff81000
3fd6a000
4002d000
3fcea400
40068800
3fc8f000
400a0800
3fc46000
4010d000
3fbc6400
40148800
3fb6b000
40180800
3fb22000
401ed000
3faa2400
40225000
3fa59400
40260800
3f9fe000
402cd000
3f97e400
402fe000
3f969800
40360000
3f928c00
403cc800
3f8e8000
403de000
3f8d5800
40440000
3f894c00
404ac800
3f854000
404ba800
3f84ac00
40520000
3f800c00
40589000
3f780000
40593800
3f76d800
40600000
3f6d9800
3fea1000
3fdfc000
3ff5e000
3fd8e800
3ff81000
3fd6a000
4002d000
3fcea400
40068800
3fc8f000
400a0800
3fc46000
4010d000
3fbc6400
40148800
3fb6b000
40180800
3fb22000
401ed000
3faa2400
40225000
3fa59400
40260800
3f9fe000
402cd000
3f97e400
402fe000
3f969800
40360000
3f928c00
403cc800
3f8e8000
403de000
3f8d5800
40440000
3f894c00
404ac800
3f854000
404ba800
3f84ac00
40520000
3f800c00
40589000
3f780000
40593800
3f76d800
40600000
3f6d9800
3fea6000
3fe09000
3ff63000
3fd9b800
3ff86000
3fd77000
4002f800
3fcf7400
4006b000
3fc9c000
400a3000
3fc53000
4010f800
3fbd3400
4014b000
3fb78000
40183000
3fb2f000
401ef800
3faaf400
40227800
3fa66400
40263000
3fa0b000
402cf800
3f98b400
40301800
3f972c00
40363800
3f932000
403d0000
3f8f1400
403e1800
3f8dec00
40443800
3f89e000
404b0000
3f85d400
404be000
3f854000
40523800
3f80a000
4058c800
3f792800
40597000
3f780000
40603800
3f6ec000
3fea6000
3fe09000
3ff63000
3fd9b800
3ff86000
3fd77000
4002f800
3fcf7400
4006b000
3fc9c000
400a3000
3fc53000
4010f800
3fbd3400
4014b000
3fb78000
40183000
3fb2f000
401ef800
3faaf400
40227800
3fa66400
40263000
3fa0b000
402cf800
3f98b400
40301800
3f972c00
40363800
3f932000
403d0000
3f8f1400
403e1800
3f8dec00
40443800
3f89e000
404b0000
3f85d400
404be000
3f854000
40523800
3f80a000
4058c800
3f792800
40597000
3f780000
40603800
3f6ec000
3fea6000
3fe09000
3ff63000
3fd9b800
3ff86000
3fd77000
4002f800
3fcf7400
4006b000
3fc9c000
400a3000
3fc53000
4010f800
3fbd3400
4014b000
3fb78000
40183000
3fb2f000
401ef800
3faaf400
40227800
3fa66400
40263000
3fa0b000
402cf800
3f98b400
40301800
3f972c00
40363800
3f932000
403d0000
3f8f1400
403e1800
3f8dec00
40443800
3f89e000
404b0000
3f85d400
404be000
3f854000
40523800
3f80a000
4058c800
3f792800
40597000
3f780000
40603800
3f6ec000
3fea6000
3fe09000
3ff63000
3fd9b800
3ff86000
3fd77000
4002f800
3fcf7400
4006b000
3fc9c000
400a3000
3fc53000
4010f800
3fbd3400
4014b000
3fb78000
40183000
3fb2f000
401ef800
3faaf400
40227800
3fa66400
40263000
3fa0b000
402cf800
3f98b400
40301800
3f972c00
40363800
3f932000
403d0000
3f8f1400
403e1800
3f8dec00
40443800
3f89e000
404b0000
3f85d400
404be000
3f854000
40523800
3f80a000
4058c800
3f792800
40597000
3f780000
40603800
3f6ec000
3fea6000
3fe09000
3ff63000
3fd9b800
3ff86000
3fd77000
4002f800
3fcf7400
4006b000
3fc9c000
400a3000
3fc53000
4010f800
3fbd3400
4014b000
3fb78000
40183000
3fb2f000
401ef800
3faaf400
40227800
3fa66400
40263000
3fa0b000
402cf800
3f98b400
40301800
3f972c00
40363800
3f932000
403d0000
3f8f1400
403e1800
3f8dec00
40443800
3f89e000
404b0000
3f85d400
404be000
3f854000
40523800
3f80a000
4058c800
3f792800
40597000
3f780000
40603800
3f6ec000
3fea6000
3fe09000
3ff63000
3fd9b800
3ff86000
3fd77000
4002f800
3fcf7400
4006b000
3fc9c000
400a3000
3fc53000
4010f800
3fbd3400
4014b000
3fb78000
40183000
3fb2f000
401ef800
3faaf400
40227800
3fa66400
40263000
3fa0b000
402cf800
3f98b400
40301800
3f972c00
40363800
3f932000
403d0000
3f8f1400
403e1800
3f8dec00
40443800
3f89e000
404b0000
3f85d400
404be000
3f854000
40523800
3f80a000
4058c800
3f792800
40597000
3f780000
40603800
3f6ec000
3fea6000
3fe09000
3ff63000
3fd9b800
3ff86000
3fd77000
4002f800
3fcf7400
4006b000
3fc9c000
400a3000
3fc53000
4010f800
3fbd3400
4014b000
3fb78000
40183000
3fb2f000
401ef800
3faaf400
40227800
3fa66400
40263000
3fa0b000
402cf800
3f98b400
40301800
3f972c00
40363800
3f932000
403d0000
3f8f1400
403e1800
3f8dec00
40443800
3f89e000
404b0000
3f85d400
404be000
3f854000
40523800
3f80a000
4058c800
3f792800
40597000
3f780000
40603800
3f6ec000
3fea6000
3fe09000
3ff63000
3fd9b800
3ff86000
3fd77000
4002f800
3fcf7400
4006b000
3fc9c000
400a3000
3fc53000
4010f800
3fbd3400
4014b000
3fb78000
40183000
3fb2f000
401ef800
3faaf400
40227800
3fa66400
40263000
3fa0b000
402cf800
3f98b400
40301800
3f972c00
40363800
3f932000
403d0000
3f8f1400
403e1800
3f8dec00
40443800
3f89e000
404b0000
3f85d400
404be000
3f854000
40523800
3f80a000
4058c800
3f792800
40597000
3f780000
40603800
3f6ec000
3fea6000
3fe09000
3ff63000
3fd9b800
3ff86000
3fd77000
4002f800
3fcf7400
4006b000
3fc9c000
400a3000
3fc53000
4010f800
3fbd3400
4014b000
3fb78000
40183000
3fb2f000
401ef800
3faaf400
40227800
3fa66400
40263000
3fa0b000
402cf800
3f98b400
40301800
3f972c00
40363800
3f932000
403d0000
3f8f1400
403e1800
3f8dec00
40443800
3f89e000
404b0000
3f85d400
404be000
3f854000
40523800
3f80a000
4058c800
3f792800
40597000
3f780000
40603800
3f6ec000
3feab000
3fe09000
3ff68000
3fd9b800
3ff8b000
3fd77000
40032000
3fcf7400
4006d800
3fc9c000
400a5800
3fc53000
40112000
3fbd3400
4014d800
3fb78000
40185800
3fb2f000
401f2000
3faaf400
4022a000
3fa66400
40265800
3fa0b000
402d2000
3f98b400
40305000
3f972c00
40367000
3f932000
403d3800
3f8f1400
403e5000
3f8dec00
40447000
3f89e000
404b3800
3f85d400
404c1800
3f854000
40527000
3f80a000
40590000
3f792800
4059a800
3f780000
40607000
3f6ec000
3feab000
3fe09000
3ff68000
3fd9b800
3ff8b000
3fd77000
40032000
3fcf7400
4006d800
3fc9c000
400a5800
3fc53000
40112000
3fbd3400
4014d800
3fb78000
40185800
3fb2f000
401f2000
3faaf400
4022a000
3fa66400
40265800
3fa0b000
402d2000
3f98b400
40305000
3f972c00
40367000
3f932000
403d3800
3f8f1400
403e5000
3f8dec00
40447000
3f89e000
404b3800
3f85d400
404c1800
3f854000
40527000
3f80a000
40590000
3f792800
4059a800
3f780000
40607000
3f6ec000
3feb5000
3fe09000
3ff72000
3fd9b800
3ff95000
3fd77000
40037000
3fcf7400
40072800
3fc9c000
400aa800
3fc53000
40117000
3fbd3400
40152800
3fb78000
4018a800
3fb2f000
401f7000
3faaf400
4022f000
3fa66400
4026a800
3fa0b000
402d7000
3f98b400
4030c000
3f972c00
4036e000
3f932000
403da800
3f8f1400
403ec000
3f8dec00
4044e000
3f89e000
404ba800
3f85d400
404c8800
3f854000
4052e000
3f80a000
40597000
3f792800
405a1800
3f780000
4060e000
3f6ec000
3feba000
3fe16000
3ff77000
3fda8800
3ff9a000
3fd84000
40039800
3fd04400
40075000
3fca9000
400ad000
3fc60000
40119800
3fbe0400
40155000
3fb85000
4018d000
3fb3c000
401f9800
3fabc400
40231800
3fa73400
4026d000
3fa18000
402d9800
3f998400
4030f800
3f97c000
40371800
3f93b400
403de000
3f8fa800
403ef800
3f8e8000
40451800
3f8a7400
404be000
3f866800
404cc000
3f85d400
40531800
3f813400
4059a800
3f7a5000
405a5000
3f792800
40611800
3f6fe800
3feba000
3fe16000
3ff77000
3fda8800
3ff9a000
3fd84000
40039800
3fd04400
40075000
3fca9000
400ad000
3fc60000
40119800
3fbe0400
40155000
3fb85000
4018d000
3fb3c000
401f9800
3fabc400
40231800
3fa73400
4026d000
3fa18000
402d9800
3f998400
4030f800
3f97c000
40371800
3f93b400
403de000
3f8fa800
403ef800
3f8e8000
40451800
3f8a7400
404be000
3f866800
404cc000
3f85d400
40531800
3f813400
4059a800
3f7a5000
405a5000
3f792800
40611800
3f6fe800
3fef1000
3fe30000
3ffae000
3fdc2800
3ffd1000
3fd9e000
40055000
3fd1e400
40090800
3fcc3000
400c8800
3fc7a000
40135000
3fbfa400
40170800
3fb9f000
401a8800
3fb56000
40215000
3fad6400
4024d000
3fa8d400
40288800
3fa32000
402f5000
3f9b2400
40336000
3f98e800
40398000
3f94dc00
40404800
3f90d000
40416000
3f8fa800
40478000
3f8b9c00
404e4800
3f879000
404f2800
3f86fc00
40558000
3f825c00
405c1000
3f7ca000
405cb800
3f7b7800
40638000
3f723800
3fef6000
3fe3d000
3ffb3000
3fdcf800
3ffd6000
3fdab000
40057800
3fd2b400
40093000
3fcd0000
400cb000
3fc87000
40137800
3fc07400
40173000
3fbac000
401ab000
3fb63000
40217800
3fae3400
4024f800
3fa9a400
4028b000
3fa3f000
402f7800
3f9bf400
40339800
3f997c00
4039b800
3f957000
40408000
3f916400
40419800
3f903c00
4047b800
3f8c3000
404e8000
3f882400
404f6000
3f879000
4055b800
3f82f000
405c4800
3f7dc800
405cf000
3f7ca000
4063b800
3f736000
3fef6000
3fe3d000
3ffb3000
3fdcf800
3ffd6000
3fdab000
40057800
3fd2b400
40093000
3fcd0000
400cb000
3fc87000
40137800
3fc07400
40173000
3fbac000
401ab000
3fb63000
40217800
3fae3400
4024f800
3fa9a400
4028b000
3fa3f000
402f7800
3f9bf400
40339800
3f997c00
4039b800
3f957000
40408000
3f916400
40419800
3f903c00
4047b800
3f8c3000
404e8000
3f882400
404f6000
3f879000
4055b800
3f82f000
405c4800
3f7dc800
405cf000
3f7ca000
4063b800
3f736000
3ff2d000
3fe57000
3ffea000
3fde9800
40006800
3fdc5000
40073000
3fd45400
400ae800
3fcea000
400e6800
3fca1000
40153000
3fc21400
4018e800
3fbc6000
401c6800
3fb7d000
40233000
3fafd400
4026b000
3fab4400
402a6800
3fa59000
40313000
3f9d9400
40360000
3f9aa400
403c2000
3f969800
4042e800
3f928c00
40440000
3f916400
404a2000
3f8d5800
4050e800
3f894c00
4051c800
3f88b800
40582000
3f841800
405eb000
3f800c00
405f5800
3f7ef000
40662000
3f75b000
3ff32000
3fe64000
3ffef000
3fdf6800
40009000
3fdd2000
40075800
3fd52400
400b1000
3fcf7000
400e9000
3fcae000
40155800
3fc2e400
40191000
3fbd3000
401c9000
3fb8a000
40235800
3fb0a400
4026d800
3fac1400
402a9000
3fa66000
40315800
3f9e6400
40363800
3f9b3800
403c5800
3f972c00
40432000
3f932000
40443800
3f91f800
404a5800
3f8dec00
40512000
3f89e000
40520000
3f894c00
40585800
3f84ac00
405ee800
3f80a000
405f9000
3f800c00
40665800
3f76d800
3ff3c000
3fe64000
3fff9000
3fdf6800
4000e000
3fdd2000
4007a800
3fd52400
400b6000
3fcf7000
400ee000
3fcae000
4015a800
3fc2e400
40196000
3fbd3000
401ce000
3fb8a000
4023a800
3fb0a400
40272800
3fac1400
402ae000
3fa66000
4031a800
3f9e6400
4036a800
3f9b3800
403cc800
3f972c00
40439000
3f932000
4044a800
3f91f800
404ac800
3f8dec00
40519000
3f89e000
40527000
3f894c00
4058c800
3f84ac00
405f5800
3f80a000
40600000
3f800c00
4066c800
3f76d800
3ff41000
3fe64000
3fffe000
3fdf6800
40010800
3fdd2000
4007d000
3fd52400
400b8800
3fcf7000
400f0800
3fcae000
4015d000
3fc2e400
40198800
3fbd3000
401d0800
3fb8a000
4023d000
3fb0a400
40275000
3fac1400
402b0800
3fa66000
4031d000
3f9e6400
4036e000
3f9b3800
403d0000
3f972c00
4043c800
3f932000
4044e000
3f91f800
404b0000
3f8dec00
4051c800
3f89e000
4052a800
3f894c00
40590000
3f84ac00
405f9000
3f80a000
40603800
3f800c00
40670000
3f76d800
3ff41000
3fe64000
3fffe000
3fdf6800
40010800
3fdd2000
4007d000
3fd52400
400b8800
3fcf7000
400f0800
3fcae000
4015d000
3fc2e400
40198800
3fbd3000
401d0800
3fb8a000
4023d000
3fb0a400
40275000
3fac1400
402b0800
3fa66000
4031d000
3f9e6400
4036e000
3f9b3800
403d0000
3f972c00
4043c800
3f932000
4044e000
3f91f800
404b0000
3f8dec00
4051c800
3f89e000
4052a800
3f894c00
40590000
3f84ac00
405f9000
3f80a000
40603800
3f800c00
40670000
3f76d800
3ff41000
3fe64000
3fffe000
3fdf6800
40010800
3fdd2000
4007d000
3fd52400
400b8800
3fcf7000
400f0800
3fcae000
4015d000
3fc2e400
40198800
3fbd3000
401d0800
3fb8a000
4023d000
3fb0a400
40275000
3fac1400
402b0800
3fa66000
4031d000
3f9e6400
4036e000
3f9b3800
403d0000
3f972c00
4043c800
3f932000
4044e000
3f91f800
404b0000
3f8dec00
4051c800
3f89e000
4052a800
3f894c00
40590000
3f84ac00
405f9000
3f80a000
40603800
3f800c00
40670000
3f76d800
3ff41000
3fe64000
3fffe000
3fdf6800
40010800
3fdd2000
4007d000
3fd52400
400b8800
3fcf7000
400f0800
3fcae000
4015d000
3fc2e400
40198800
3fbd3000
401d0800
3fb8a000
4023d000
3fb0a400
40275000
3fac1400
402b0800
3fa66000
4031d000
3f9e6400
4036e000
3f9b3800
403d0000
3f972c00
4043c800
3f932000
4044e000
3f91f800
404b0000
3f8dec00
4051c800
3f89e000
4052a800
3f894c00
40590000
3f84ac00
405f9000
3f80a000
40603800
3f800c00
40670000
3f76d800
3ff41000
3fe64000
3fffe000
3fdf6800
40010800
3fdd2000
4007d000
3fd52400
400b8800
3fcf7000
400f0800
3fcae000
4015d000
3fc2e400
40198800
3fbd3000
401d0800
3fb8a000
4023d000
3fb0a400
40275000
3fac1400
402b0800
3fa66000
4031d000
3f9e6400
4036e000
3f9b3800
403d0000
3f972c00
4043c800
3f932000
4044e000
3f91f800
404b0000
3f8dec00
4051c800
3f89e000
4052a800
3f894c00
40590000
3f84ac00
405f9000
3f80a000
40603800
3f800c00
40670000
3f76d800
3ff41000
3fe64000
3fffe000
3fdf6800
40010800
3fdd2000
4007d000
3fd52400
400b8800
3fcf7000
400f0800
3fcae000
4015d000
3fc2e400
40198800
3fbd3000
401d0800
3fb8a000
4023d000
3fb0a400
40275000
3fac1400
402b0800
3fa66000
4031d000
3f9e6400
4036e000
3f9b3800
403d0000
3f972c00
4043c800
3f932000
4044e000
3f91f800
404b0000
3f8dec00
4051c800
3f89e000
4052a800
3f894c00
40590000
3f84ac00
405f9000
3f80a000
40603800
3f800c00
40670000
3f76d800
3ff46000
3fe71000
40001800
3fe03800
40013000
3fddf000
4007f800
3fd5f400
400bb000
3fd04000
400f3000
3fcbb000
4015f800
3fc3b400
4019b000
3fbe0000
401d3000
3fb97000
4023f800
3fb17400
40277800
3face400
402b3000
3fa73000
4031f800
3f9f3400
40371800
3f9bcc00
403d3800
3f97c000
40440000
3f93b400
40451800
3f928c00
404b3800
3f8e8000
40520000
3f8a7400
4052e000
3f89e000
40593800
3f854000
405fc800
3f813400
40607000
3f80a000
40673800
3f780000
3ff46000
3fe71000
40001800
3fe03800
40013000
3fddf000
4007f800
3fd5f400
400bb000
3fd04000
400f3000
3fcbb000
4015f800
3fc3b400
4019b000
3fbe0000
401d3000
3fb97000
4023f800
3fb17400
40277800
3face400
402b3000
3fa73000
4031f800
3f9f3400
40371800
3f9bcc00
403d3800
3f97c000
40440000
3f93b400
40451800
3f928c00
404b3800
3f8e8000
40520000
3f8a7400
4052e000
3f89e000
40593800
3f854000
405fc800
3f813400
40607000
3f80a000
40673800
3f780000
3ff46000
3fe71000
40001800
3fe03800
40013000
3fddf000
4007f800
3fd5f400
400bb000
3fd04000
400f3000
3fcbb000
4015f800
3fc3b400
4019b000
3fbe0000
401d3000
3fb97000
4023f800
3fb17400
40277800
3face400
402b3000
3fa73000
4031f800
3f9f3400
40371800
3f9bcc00
403d3800
3f97c000
40440000
3f93b400
40451800
3f928c00
404b3800
3f8e8000
40520000
3f8a7400
4052e000
3f89e000
40593800
3f854000
405fc800
3f813400
40607000
3f80a000
40673800
3f780000
3ff46000
3fe71000
40001800
3fe03800
40013000
3fddf000
4007f800
3fd5f400
400bb000
3fd04000
400f3000
3fcbb000
4015f800
3fc3b400
4019b000
3fbe0000
401d3000
3fb97000
4023f800
3fb17400
40277800
3face400
402b3000
3fa73000
4031f800
3f9f3400
40371800
3f9bcc00
403d3800
3f97c000
40440000
3f93b400
40451800
3f928c00
404b3800
3f8e8000
40520000
3f8a7400
4052e000
3f89e000
40593800
3f854000
405fc800
3f813400
40607000
3f80a000
40673800
3f780000
3ff46000
3fe71000
40001800
3fe03800
40013000
3fddf000
4007f800
3fd5f400
400bb000
3fd04000
400f3000
3fcbb000
4015f800
3fc3b400
4019b000
3fbe0000
401d3000
3fb97000
4023f800
3fb17400
40277800
3face400
402b3000
3fa73000
4031f800
3f9f3400
40371800
3f9bcc00
403d3800
3f97c000
40440000
3f93b400
40451800
3f928c00
404b3800
3f8e8000
40520000
3f8a7400
4052e000
3f89e000
40593800
3f854000
405fc800
3f813400
40607000
3f80a000
40673800
3f780000
3ff46000
3fe71000
40001800
3fe03800
40013000
3fddf000
4007f800
3fd5f400
400bb000
3fd04000
400f3000
3fcbb000
4015f800
3fc3b400
4019b000
3fbe0000
401d3000
3fb97000
4023f800
3fb17400
40277800
3face400
402b3000
3fa73000
4031f800
3f9f3400
40371800
3f9bcc00
403d3800
3f97c000
40440000
3f93b400
40451800
3f928c00
404b3800
3f8e8000
40520000
3f8a7400
4052e000
3f89e000
40593800
3f854000
405fc800
3f813400
40607000
3f80a000
40673800
3f780000
3ff46000
3fe71000
40001800
3fe03800
40013000
3fddf000
4007f800
3fd5f400
400bb000
3fd04000
400f3000
3fcbb000
4015f800
3fc3b400
4019b000
3fbe0000
401d3000
3fb97000
4023f800
3fb17400
40277800
3face400
402b3000
3fa73000
4031f800
3f9f3400
40371800
3f9bcc00
403d3800
3f97c000
40440000
3f93b400
40451800
3f928c00
404b3800
3f8e8000
40520000
3f8a7400
4052e000
3f89e000
40593800
3f854000
405fc800
3f813400
40607000
3f80a000
40673800
3f780000
3ff46000
3fe71000
40001800
3fe03800
40013000
3fddf000
4007f800
3fd5f400
400bb000
3fd04000
400f3000
3fcbb000
4015f800
3fc3b400
4019b000
3fbe0000
401d3000
3fb97000
4023f800
3fb17400
40277800
3face400
402b3000
3fa73000
4031f800
3f9f3400
40371800
3f9bcc00
403d3800
3f97c000
40440000
3f93b400
40451800
3f928c00
404b3800
3f8e8000
40520000
3f8a7400
4052e000
3f89e000
40593800
3f854000
405fc800
3f813400
40607000
3f80a000
40673800
3f780000
3ff46000
3fe71000
40001800
3fe03800
40013000
3fddf000
4007f800
3fd5f400
400bb000
3fd04000
400f3000
3fcbb000
4015f800
3fc3b400
4019b000
3fbe0000
401d3000
3fb97000
4023f800
3fb17400
40277800
3face400
402b3000
3fa73000
4031f800
3f9f3400
40371800
3f9bcc00
403d3800
3f97c000
40440000
3f93b400
40451800
3f928c00
404b3800
3f8e8000
40520000
3f8a7400
4052e000
3f89e000
40593800
3f854000
405fc800
3f813400
40607000
3f80a000
40673800
3f780000
3ff4b000
3fe71000
40004000
3fe03800
40015800
3fddf000
40082000
3fd5f400
400bd800
3fd04000
400f5800
3fcbb000
40162000
3fc3b400
4019d800
3fbe0000
401d5800
3fb97000
40242000
3fb17400
4027a000
3face400
402b5800
3fa73000
40322000
3f9f3400
40375000
3f9bcc00
403d7000
3f97c000
40443800
3f93b400
40455000
3f928c00
404b7000
3f8e8000
40523800
3f8a7400
40531800
3f89e000
40597000
3f854000
40600000
3f813400
4060a800
3f80a000
40677000
3f780000
3ff4b000
3fe71000
40004000
3fe03800
40015800
3fddf000
40082000
3fd5f400
400bd800
3fd04000
400f5800
3fcbb000
40162000
3fc3b400
4019d800
3fbe0000
401d5800
3fb97000
40242000
3fb17400
4027a000
3face400
402b5800
3fa73000
40322000
3f9f3400
40375000
3f9bcc00
403d7000
3f97c000
40443800
3f93b400
40455000
3f928c00
404b7000
3f8e8000
40523800
3f8a7400
40531800
3f89e000
40597000
3f854000
40600000
3f813400
4060a800
3f80a000
40677000
3f780000
3ff55000
3fe71000
40009000
3fe03800
4001a800
3fddf000
40087000
3fd5f400
400c2800
3fd04000
400fa800
3fcbb000
40167000
3fc3b400
401a2800
3fbe0000
401da800
3fb97000
40247000
3fb17400
4027f000
3face400
402ba800
3fa73000
40327000
3f9f3400
4037c000
3f9bcc00
403de000
3f97c000
4044a800
3f93b400
4045c000
3f928c00
404be000
3f8e8000
4052a800
3f8a7400
40538800
3f89e000
4059e000
3f854000
40607000
3f813400
40611800
3f80a000
4067e000
3f780000
3ff5a000
3fe7e000
4000b800
3fe10800
4001d000
3fdec000
40089800
3fd6c400
400c5000
3fd11000
400fd000
3fcc8000
40169800
3fc48400
401a5000
3fbed000
401dd000
3fba4000
40249800
3fb24400
40281800
3fadb400
402bd000
3fa80000
40329800
3fa00400
4037f800
3f9c6000
403e1800
3f985400
4044e000
3f944800
4045f800
3f932000
404c1800
3f8f1400
4052e000
3f8b0800
4053c000
3f8a7400
405a1800
3f85d400
4060a800
3f81c800
40615000
3f813400
40681800
3f792800
3ff5a000
3fe7e000
4000b800
3fe10800
4001d000
3fdec000
40089800
3fd6c400
400c5000
3fd11000
400fd000
3fcc8000
40169800
3fc48400
401a5000
3fbed000
401dd000
3fba4000
40249800
3fb24400
40281800
3fadb400
402bd000
3fa80000
40329800
3fa00400
4037f800
3f9c6000
403e1800
3f985400
4044e000
3f944800
4045f800
3f932000
404c1800
3f8f1400
4052e000
3f8b0800
4053c000
3f8a7400
405a1800
3f85d400
4060a800
3f81c800
40615000
3f813400
40681800
3f792800
3ff91000
3fe98000
40027000
3fe2a800
40038800
3fe06000
400a5000
3fd86400
400e0800
3fd2b000
40118800
3fce2000
40185000
3fc62400
401c0800
3fc07000
401f8800
3fbbe000
40265000
3fb3e400
4029d000
3faf5400
402d8800
3fa9a000
40345000
3fa1a400
403a6000
3f9d8800
40408000
3f997c00
40474800
3f957000
40486000
3f944800
404e8000
3f903c00
40554800
3f8c3000
40562800
3f8b9c00
405c8000
3f86fc00
40631000
3f82f000
4063b800
3f825c00
406a8000
3f7b7800
3ff96000
3fea5000
40029800
3fe37800
4003b000
3fe13000
400a7800
3fd93400
400e3000
3fd38000
4011b000
3fcef000
40187800
3fc6f400
401c3000
3fc14000
401fb000
3fbcb000
40267800
3fb4b400
4029f800
3fb02400
402db000
3faa7000
40347800
3fa27400
403a9800
3f9e1c00
4040b800
3f9a1000
40478000
3f960400
40489800
3f94dc00
404eb800
3f90d000
40558000
3f8cc400
40566000
3f8c3000
405cb800
3f879000
40634800
3f838400
4063f000
3f82f000
406ab800
3f7ca000
3ff96000
3fea5000
40029800
3fe37800
4003b000
3fe13000
400a7800
3fd93400
400e3000
3fd38000
4011b000
3fcef000
40187800
3fc6f400
401c3000
3fc14000
401fb000
3fbcb000
40267800
3fb4b400
4029f800
3fb02400
402db000
3faa7000
40347800
3fa27400
403a9800
3f9e1c00
4040b800
3f9a1000
40478000
3f960400
40489800
3f94dc00
404eb800
3f90d000
40558000
3f8cc400
40566000
3f8c3000
405cb800
3f879000
40634800
3f838400
4063f000
3f82f000
406ab800
3f7ca000
3ffcd000
3febf000
40045000
3fe51800
40056800
3fe2d000
400c3000
3fdad400
400fe800
3fd52000
40136800
3fd09000
401a3000
3fc89400
401de800
3fc2e000
40216800
3fbe5000
40283000
3fb65400
402bb000
3fb1c400
402f6800
3fac1000
40363000
3fa41400
403d0000
3f9f4400
40432000
3f9b3800
4049e800
3f972c00
404b0000
3f960400
40512000
3f91f800
4057e800
3f8dec00
4058c800
3f8d5800
405f2000
3f88b800
4065b000
3f84ac00
40665800
3f841800
406d2000
3f7ef000
3ffd2000
3fecc000
40047800
3fe5e800
40059000
3fe3a000
400c5800
3fdba400
40101000
3fd5f000
40139000
3fd16000
401a5800
3fc96400
401e1000
3fc3b000
40219000
3fbf2000
40285800
3fb72400
402bd800
3fb29400
402f9000
3face000
40365800
3fa4e400
403d3800
3f9fd800
40435800
3f9bcc00
404a2000
3f97c000
404b3800
3f969800
40515800
3f928c00
40582000
3f8e8000
40590000
3f8dec00
405f5800
3f894c00
4065e800
3f854000
40669000
3f84ac00
406d5800
3f800c00
3ffdc000
3fecc000
4004c800
3fe5e800
4005e000
3fe3a000
400ca800
3fdba400
40106000
3fd5f000
4013e000
3fd16000
401aa800
3fc96400
401e6000
3fc3b000
4021e000
3fbf2000
4028a800
3fb72400
402c2800
3fb29400
402fe000
3face000
4036a800
3fa4e400
403da800
3f9fd800
4043c800
3f9bcc00
404a9000
3f97c000
404ba800
3f969800
4051c800
3f928c00
40589000
3f8e8000
40597000
3f8dec00
405fc800
3f894c00
40665800
3f854000
40670000
3f84ac00
406dc800
3f800c00
3ffe1000
3fecc000
4004f000
3fe5e800
40060800
3fe3a000
400cd000
3fdba400
40108800
3fd5f000
40140800
3fd16000
401ad000
3fc96400
401e8800
3fc3b000
40220800
3fbf2000
4028d000
3fb72400
402c5000
3fb29400
40300800
3face000
4036d000
3fa4e400
403de000
3f9fd800
40440000
3f9bcc00
404ac800
3f97c000
404be000
3f969800
40520000
3f928c00
4058c800
3f8e8000
4059a800
3f8dec00
40600000
3f894c00
40669000
3f854000
40673800
3f84ac00
406e0000
3f800c00
3ffe1000
3fecc000
4004f000
3fe5e800
40060800
3fe3a000
400cd000
3fdba400
40108800
3fd5f000
40140800
3fd16000
401ad000
3fc96400
401e8800
3fc3b000
40220800
3fbf2000
4028d000
3fb72400
402c5000
3fb29400
40300800
3face000
4036d000
3fa4e400
403de000
3f9fd800
40440000
3f9bcc00
404ac800
3f97c000
404be000
3f969800
40520000
3f928c00
4058c800
3f8e8000
4059a800
3f8dec00
40600000
3f894c00
40669000
3f854000
40673800
3f84ac00
406e0000
3f800c00
3ffe1000
3fecc000
4004f000
3fe5e800
40060800
3fe3a000
400cd000
3fdba400
40108800
3fd5f000
40140800
3fd16000
401ad000
3fc96400
401e8800
3fc3b000
40220800
3fbf2000
4028d000
3fb72400
402c5000
3fb29400
40300800
3face000
4036d000
3fa4e400
403de000
3f9fd800
40440000
3f9bcc00
404ac800
3f97c000
404be000
3f969800
40520000
3f928c00
4058c800
3f8e8000
4059a800
3f8dec00
40600000
3f894c00
40669000
3f854000
40673800
3f84ac00
406e0000
3f800c00
3ffe1000
3fecc000
4004f000
3fe5e800
40060800
3fe3a000
400cd000
3fdba400
40108800
3fd5f000
40140800
3fd16000
401ad000
3fc96400
401e8800
3fc3b000
40220800
3fbf2000
4028d000
3fb72400
402c5000
3fb29400
40300800
3face000
4036d000
3fa4e400
403de000
3f9fd800
40440000
3f9bcc00
404ac800
3f97c000
404be000
3f969800
40520000
3f928c00
4058c800
3f8e8000
4059a800
3f8dec00
40600000
3f894c00
40669000
3f854000
40673800
3f84ac00
406e0000
3f800c00
3ffe1000
3fecc000
4004f000
3fe5e800
40060800
3fe3a000
400cd000
3fdba400
40108800
3fd5f000
40140800
3fd16000
401ad000
3fc96400
401e8800
3fc3b000
40220800
3fbf2000
4028d000
3fb72400
402c5000
3fb29400
40300800
3face000
4036d000
3fa4e400
403de000
3f9fd800
40440000
3f9bcc00
404ac800
3f97c000
404be000
3f969800
40520000
3f928c00
4058c800
3f8e8000
4059a800
3f8dec00
40600000
3f894c00
40669000
3f854000
40673800
3f84ac00
406e0000
3f800c00
3ffe1000
3fecc000
4004f000
3fe5e800
40060800
3fe3a000
400cd000
3fdba400
40108800
3fd5f000
40140800
3fd16000
401ad000
3fc96400
401e8800
3fc3b000
40220800
3fbf2000
4028d000
3fb72400
402c5000
3fb29400
40300800
3face000
4036d000
3fa4e400
403de000
3f9fd800
40440000
3f9bcc00
404ac800
3f97c000
404be000
3f969800
40520000
3f928c00
4058c800
3f8e8000
4059a800
3f8dec00
40600000
3f894c00
40669000
3f854000
40673800
3f84ac00
406e0000
3f800c00
3ffe6000
3fed9000
40051800
3fe6b800
40063000
3fe47000
400cf800
3fdc7400
4010b000
3fd6c000
40143000
3fd23000
401af800
3fca3400
401eb000
3fc48000
40223000
3fbff000
4028f800
3fb7f400
402c7800
3fb36400
40303000
3fadb000
4036f800
3fa5b400
403e1800
3fa06c00
40443800
3f9c6000
404b0000
3f985400
404c1800
3f972c00
40523800
3f932000
40590000
3f8f1400
4059e000
3f8e8000
40603800
3f89e000
4066c800
3f85d400
40677000
3f854000
406e3800
3f80a000
3ffe6000
3fed9000
40051800
3fe6b800
40063000
3fe47000
400cf800
3fdc7400
4010b000
3fd6c000
40143000
3fd23000
401af800
3fca3400
401eb000
3fc48000
40223000
3fbff000
4028f800
3fb7f400
402c7800
3fb36400
40303000
3fadb000
4036f800
3fa5b400
403e1800
3fa06c00
40443800
3f9c6000
404b0000
3f985400
404c1800
3f972c00
40523800
3f932000
40590000
3f8f1400
4059e000
3f8e8000
40603800
3f89e000
4066c800
3f85d400
40677000
3f854000
406e3800
3f80a000
3ffe6000
3fed9000
40051800
3fe6b800
40063000
3fe47000
400cf800
3fdc7400
4010b000
3fd6c000
40143000
3fd23000
401af800
3fca3400
401eb000
3fc48000
40223000
3fbff000
4028f800
3fb7f400
402c7800
3fb36400
40303000
3fadb000
4036f800
3fa5b400
403e1800
3fa06c00
40443800
3f9c6000
404b0000
3f985400
404c1800
3f972c00
40523800
3f932000
40590000
3f8f1400
4059e000
3f8e8000
40603800
3f89e000
4066c800
3f85d400
40677000
3f854000
406e3800
3f80a000
3ffe6000
3fed9000
40051800
3fe6b800
40063000
3fe47000
400cf800
3fdc7400
4010b000
3fd6c000
40143000
3fd23000
401af800
3fca3400
401eb000
3fc48000
40223000
3fbff000
4028f800
3fb7f400
402c7800
3fb36400
40303000
3fadb000
4036f800
3fa5b400
403e1800
3fa06c00
40443800
3f9c6000
404b0000
3f985400
404c1800
3f972c00
40523800
3f932000
40590000
3f8f1400
4059e000
3f8e8000
40603800
3f89e000
4066c800
3f85d400
40677000
3f854000
406e3800
3f80a000
3ffe6000
3fed9000
40051800
3fe6b800
40063000
3fe47000
400cf800
3fdc7400
4010b000
3fd6c000
40143000
3fd23000
401af800
3fca3400
401eb000
3fc48000
40223000
3fbff000
4028f800
3fb7f400
402c7800
3fb36400
40303000
3fadb000
4036f800
3fa5b400
403e1800
3fa06c00
40443800
3f9c6000
404b0000
3f985400
404c1800
3f972c00
40523800
3f932000
40590000
3f8f1400
4059e000
3f8e8000
40603800
3f89e000
4066c800
3f85d400
40677000
3f854000
406e3800
3f80a000
3ffe6000
3fed9000
40051800
3fe6b800
40063000
3fe47000
400cf800
3fdc7400
4010b000
3fd6c000
40143000
3fd23000
401af800
3fca3400
401eb000
3fc48000
40223000
3fbff000
4028f800
3fb7f400
402c7800
3fb36400
40303000
3fadb000
4036f800
3fa5b400
403e1800
3fa06c00
40443800
3f9c6000
404b0000
3f985400
404c1800
3f972c00
40523800
3f932000
40590000
3f8f1400
4059e000
3f8e8000
40603800
3f89e000
4066c800
3f85d400
40677000
3f854000
406e3800
3f80a000
3ffe6000
3fed9000
40051800
3fe6b800
40063000
3fe47000
400cf800
3fdc7400
4010b000
3fd6c000
40143000
3fd23000
401af800
3fca3400
401eb000
3fc48000
40223000
3fbff000
4028f800
3fb7f400
402c7800
3fb36400
40303000
3fadb000
4036f800
3fa5b400
403e1800
3fa06c00
40443800
3f9c6000
404b0000
3f985400
404c1800
3f972c00
40523800
3f932000
40590000
3f8f1400
4059e000
3f8e8000
40603800
3f89e000
4066c800
3f85d400
40677000
3f854000
406e3800
3f80a000
3ffe6000
3fed9000
40051800
3fe6b800
40063000
3fe47000
400cf800
3fdc7400
4010b000
3fd6c000
40143000
3fd23000
401af800
3fca3400
401eb000
3fc48000
40223000
3fbff000
4028f800
3fb7f400
402c7800
3fb36400
40303000
3fadb000
4036f800
3fa5b400
403e1800
3fa06c00
40443800
3f9c6000
404b0000
3f985400
404c1800
3f972c00
40523800
3f932000
40590000
3f8f1400
4059e000
3f8e8000
40603800
3f89e000
4066c800
3f85d400
40677000
3f854000
406e3800
3f80a000
3ffe6000
3fed9000
40051800
3fe6b800
40063000
3fe47000
400cf800
3fdc7400
4010b000
3fd6c000
40143000
3fd23000
401af800
3fca3400
401eb000
3fc48000
40223000
3fbff000
4028f800
3fb7f400
402c7800
3fb36400
40303000
3fadb000
4036f800
3fa5b400
403e1800
3fa06c00
40443800
3f9c6000
404b0000
3f985400
404c1800
3f972c00
40523800
3f932000
40590000
3f8f1400
4059e000
3f8e8000
40603800
3f89e000
4066c800
3f85d400
40677000
3f854000
406e3800
3f80a000
3ffeb000
3fed9000
40054000
3fe6b800
40065800
3fe47000
400d2000
3fdc7400
4010d800
3fd6c000
40145800
3fd23000
401b2000
3fca3400
401ed800
3fc48000
40225800
3fbff000
40292000
3fb7f400
402ca000
3fb36400
40305800
3fadb000
40372000
3fa5b400
403e5000
3fa06c00
40447000
3f9c6000
404b3800
3f985400
404c5000
3f972c00
40527000
3f932000
40593800
3f8f1400
405a1800
3f8e8000
40607000
3f89e000
40670000
3f85d400
4067a800
3f854000
406e7000
3f80a000
3ffeb000
3fed9000
40054000
3fe6b800
40065800
3fe47000
400d2000
3fdc7400
4010d800
3fd6c000
40145800
3fd23000
401b2000
3fca3400
401ed800
3fc48000
40225800
3fbff000
40292000
3fb7f400
402ca000
3fb36400
40305800
3fadb000
40372000
3fa5b400
403e5000
3fa06c00
40447000
3f9c6000
404b3800
3f985400
404c5000
3f972c00
40527000
3f932000
40593800
3f8f1400
405a1800
3f8e8000
40607000
3f89e000
40670000
3f85d400
4067a800
3f854000
406e7000
3f80a000
3fff5000
3fed9000
40059000
3fe6b800
4006a800
3fe47000
400d7000
3fdc7400
40112800
3fd6c000
4014a800
3fd23000
401b7000
3fca3400
401f2800
3fc48000
4022a800
3fbff000
40297000
3fb7f400
402cf000
3fb36400
4030a800
3fadb000
40377000
3fa5b400
403ec000
3fa06c00
4044e000
3f9c6000
404ba800
3f985400
404cc000
3f972c00
4052e000
3f932000
4059a800
3f8f1400
405a8800
3f8e8000
4060e000
3f89e000
40677000
3f85d400
40681800
3f854000
406ee000
3f80a000
3fffa000
3fee6000
4005b800
3fe78800
4006d000
3fe54000
400d9800
3fdd4400
40115000
3fd79000
4014d000
3fd30000
401b9800
3fcb0400
401f5000
3fc55000
4022d000
3fc0c000
40299800
3fb8c400
402d1800
3fb43400
4030d000
3fae8000
40379800
3fa68400
403ef800
3fa10000
40451800
3f9cf400
404be000
3f98e800
404cf800
3f97c000
40531800
3f93b400
4059e000
3f8fa800
405ac000
3f8f1400
40611800
3f8a7400
4067a800
3f866800
40685000
3f85d400
406f1800
3f813400
3fffa000
3fee6000
4005b800
3fe78800
4006d000
3fe54000
400d9800
3fdd4400
40115000
3fd79000
4014d000
3fd30000
401b9800
3fcb0400
401f5000
3fc55000
4022d000
3fc0c000
40299800
3fb8c400
402d1800
3fb43400
4030d000
3fae8000
40379800
3fa68400
403ef800
3fa10000
40451800
3f9cf400
404be000
3f98e800
404cf800
3f97c000
40531800
3f93b400
4059e000
3f8fa800
405ac000
3f8f1400
40611800
3f8a7400
4067a800
3f866800
40685000
3f85d400
406f1800
3f813400
40018800
3ff00000
40077000
3fe92800
40088800
3fe6e000
400f5000
3fdee400
40130800
3fd93000
40168800
3fd4a000
401d5000
3fcca400
40210800
3fc6f000
40248800
3fc26000
402b5000
3fba6400
402ed000
3fb5d400
40328800
3fb02000
40395000
3fa82400
40416000
3fa22800
40478000
3f9e1c00
404e4800
3f9a1000
404f6000
3f98e800
40558000
3f94dc00
405c4800
3f90d000
405d2800
3f903c00
40638000
3f8b9c00
406a1000
3f879000
406ab800
3f86fc00
40718000
3f825c00
4001b000
3ff0d000
40079800
3fe9f800
4008b000
3fe7b000
400f7800
3fdfb400
40133000
3fda0000
4016b000
3fd57000
401d7800
3fcd7400
40213000
3fc7c000
4024b000
3fc33000
402b7800
3fbb3400
402ef800
3fb6a400
4032b000
3fb0f000
40397800
3fa8f400
40419800
3fa2bc00
4047b800
3f9eb000
404e8000
3f9aa400
404f9800
3f997c00
4055b800
3f957000
405c8000
3f916400
405d6000
3f90d000
4063b800
3f8c3000
406a4800
3f882400
406af000
3f879000
4071b800
3f82f000
4001b000
3ff0d000
40079800
3fe9f800
4008b000
3fe7b000
400f7800
3fdfb400
40133000
3fda0000
4016b000
3fd57000
401d7800
3fcd7400
40213000
3fc7c000
4024b000
3fc33000
402b7800
3fbb3400
402ef800
3fb6a400
4032b000
3fb0f000
40397800
3fa8f400
40419800
3fa2bc00
4047b800
3f9eb000
404e8000
3f9aa400
404f9800
3f997c00
4055b800
3f957000
405c8000
3f916400
405d6000
3f90d000
4063b800
3f8c3000
406a4800
3f882400
406af000
3f879000
4071b800
3f82f000
40040800
3ff34000
4009f000
3fec6800
400b0800
3fea2000
4011d000
3fe22400
40158800
3fdc7000
40190800
3fd7e000
401fd000
3fcfe400
40238800
3fca3000
40270800
3fc5a000
402dd000
3fbda400
40315000
3fb91400
40350800
3fb36000
403bd000
3fab6400
4044e000
3fa47800
404b0000
3fa06c00
4051c800
3f9c6000
4052e000
3f9b3800
40590000
3f972c00
405fc800
3f932000
4060a800
3f928c00
40670000
3f8dec00
406d9000
3f89e000
406e3800
3f894c00
40750000
3f84ac00
