 
****************************************
Report : timing
        -path full
        -delay max
        -max_paths 20
Design : oadm_fixed_l3_div_opt_best4
Version: U-2022.12-SP7
Date   : Thu Aug 20 18:18:54 2026
****************************************

Operating Conditions: NCCOM   Library: tcbn65gplustc_ccs
Wire Load Model Mode: segmented

  Startpoint: y[21] (input port clocked by vclk)
  Endpoint: result[21] (output port clocked by vclk)
  Path Group: vclk
  Path Type: max

  Des/Clust/Port     Wire Load Model       Library
  ------------------------------------------------
  oadm_fixed_l3_div_opt_best4 ZeroWireload tcbn65gplustc_ccs

  Point                                        Incr       Path
  ---------------------------------------------------------------
  clock vclk (rise edge)                       0.00       0.00
  clock network delay (ideal)                  0.00       0.00
  input external delay                         0.02       0.02 r
  y[21] (in)                                   0.00       0.02 r
  U334/ZN (INVD0)                              0.07       0.10 f
  U335/ZN (INVD0)                              0.11       0.21 r
  U343/ZN (INVD0)                              0.15       0.36 f
  U607/ZN (CKND2D0)                            0.21       0.57 r
  U726/ZN (INVD0)                              0.06       0.64 f
  U746/ZN (AOI221D0)                           0.10       0.73 r
  U747/ZN (OAI32D0)                            0.05       0.78 f
  U748/ZN (AOI21D0)                            0.05       0.83 r
  U749/ZN (OAI32D0)                            0.04       0.87 f
  U750/ZN (AOI211D0)                           0.07       0.95 r
  U753/ZN (OAI211D0)                           0.08       1.02 f
  DP_OP_64J1_122_3555_U405/CO (CMPE42D1)       0.21       1.23 f
  DP_OP_64J1_122_3555_U399/COX (CMPE42D1)      0.09       1.32 f
  DP_OP_64J1_122_3555_U396/CO (CMPE42D1)       0.18       1.50 f
  DP_OP_64J1_122_3555_U392/S (CMPE42D1)        0.06       1.56 r
  U816/ZN (INVD0)                              0.02       1.58 f
  intadd_0_U23/CO (FA1D0)                      0.10       1.68 f
  intadd_0_U22/CO (FA1D0)                      0.06       1.73 f
  intadd_0_U21/CO (FA1D0)                      0.06       1.79 f
  intadd_0_U20/CO (FA1D0)                      0.06       1.84 f
  intadd_0_U19/CO (FA1D0)                      0.06       1.90 f
  intadd_0_U18/CO (FA1D0)                      0.06       1.95 f
  intadd_0_U17/CO (FA1D0)                      0.06       2.01 f
  intadd_0_U16/CO (FA1D0)                      0.06       2.07 f
  intadd_0_U15/CO (FA1D0)                      0.06       2.12 f
  intadd_0_U14/CO (FA1D0)                      0.06       2.18 f
  intadd_0_U13/CO (FA1D0)                      0.06       2.23 f
  intadd_0_U12/CO (FA1D0)                      0.06       2.29 f
  intadd_0_U11/CO (FA1D0)                      0.06       2.34 f
  intadd_0_U10/CO (FA1D0)                      0.06       2.40 f
  intadd_0_U9/CO (FA1D0)                       0.06       2.45 f
  intadd_0_U8/CO (FA1D0)                       0.06       2.51 f
  intadd_0_U7/CO (FA1D0)                       0.06       2.56 f
  intadd_0_U6/CO (FA1D0)                       0.06       2.62 f
  intadd_0_U5/CO (FA1D0)                       0.06       2.67 f
  intadd_0_U4/CO (FA1D0)                       0.06       2.73 f
  intadd_0_U3/CO (FA1D0)                       0.06       2.78 f
  intadd_0_U2/CO (FA1D0)                       0.06       2.84 f
  U425/ZN (CKND2D0)                            0.05       2.89 r
  U426/ZN (OAI21D0)                            0.06       2.95 f
  U427/ZN (INVD0)                              0.05       3.00 r
  U584/ZN (OAI221D0)                           0.06       3.06 f
  DP_OP_64J1_122_3555_U59/S (CMPE42D1)         0.13       3.19 f
  U869/ZN (INVD0)                              0.02       3.21 r
  intadd_1_U4/CO (FA1D0)                       0.09       3.30 r
  intadd_1_U3/CO (FA1D0)                       0.05       3.35 r
  intadd_1_U2/CO (FA1D0)                       0.05       3.41 r
  U512/Z (XOR2D0)                              0.10       3.50 f
  U531/ZN (NR2D0)                              0.05       3.56 r
  U532/ZN (INVD0)                              0.03       3.59 f
  U770/Z (OR2D0)                               0.05       3.64 f
  DP_OP_68J1_123_9408_U16/CO (FA1D0)           0.10       3.74 f
  U513/Z (OR2D0)                               0.05       3.79 f
  U514/Z (OR2D0)                               0.05       3.84 f
  U515/Z (OR2D0)                               0.06       3.90 f
  U516/Z (OR2D0)                               0.06       3.95 f
  U517/Z (OR2D0)                               0.06       4.01 f
  U518/Z (OR2D0)                               0.06       4.07 f
  U337/ZN (NR2D0)                              0.03       4.10 r
  U560/ZN (INR2D0)                             0.05       4.15 r
  U561/ZN (NR3D0)                              0.06       4.21 f
  U562/ZN (OAI31D0)                            0.05       4.25 r
  U570/ZN (NR3D0)                              0.05       4.30 f
  U571/ZN (CKND2D0)                            0.18       4.47 r
  U593/ZN (OAI222D0)                           0.13       4.60 f
  result[21] (out)                             0.00       4.60 f
  data arrival time                                       4.60

  clock vclk (rise edge)                      10.00      10.00
  clock network delay (ideal)                  0.00      10.00
  output external delay                       -0.02       9.98
  data required time                                      9.98
  ---------------------------------------------------------------
  data required time                                      9.98
  data arrival time                                      -4.60
  ---------------------------------------------------------------
  slack (MET)                                             5.38


  Startpoint: y[21] (input port clocked by vclk)
  Endpoint: result[20] (output port clocked by vclk)
  Path Group: vclk
  Path Type: max

  Des/Clust/Port     Wire Load Model       Library
  ------------------------------------------------
  oadm_fixed_l3_div_opt_best4 ZeroWireload tcbn65gplustc_ccs

  Point                                        Incr       Path
  ---------------------------------------------------------------
  clock vclk (rise edge)                       0.00       0.00
  clock network delay (ideal)                  0.00       0.00
  input external delay                         0.02       0.02 r
  y[21] (in)                                   0.00       0.02 r
  U334/ZN (INVD0)                              0.07       0.10 f
  U335/ZN (INVD0)                              0.11       0.21 r
  U343/ZN (INVD0)                              0.15       0.36 f
  U607/ZN (CKND2D0)                            0.21       0.57 r
  U726/ZN (INVD0)                              0.06       0.64 f
  U746/ZN (AOI221D0)                           0.10       0.73 r
  U747/ZN (OAI32D0)                            0.05       0.78 f
  U748/ZN (AOI21D0)                            0.05       0.83 r
  U749/ZN (OAI32D0)                            0.04       0.87 f
  U750/ZN (AOI211D0)                           0.07       0.95 r
  U753/ZN (OAI211D0)                           0.08       1.02 f
  DP_OP_64J1_122_3555_U405/CO (CMPE42D1)       0.21       1.23 f
  DP_OP_64J1_122_3555_U399/COX (CMPE42D1)      0.09       1.32 f
  DP_OP_64J1_122_3555_U396/CO (CMPE42D1)       0.18       1.50 f
  DP_OP_64J1_122_3555_U392/S (CMPE42D1)        0.06       1.56 r
  U816/ZN (INVD0)                              0.02       1.58 f
  intadd_0_U23/CO (FA1D0)                      0.10       1.68 f
  intadd_0_U22/CO (FA1D0)                      0.06       1.73 f
  intadd_0_U21/CO (FA1D0)                      0.06       1.79 f
  intadd_0_U20/CO (FA1D0)                      0.06       1.84 f
  intadd_0_U19/CO (FA1D0)                      0.06       1.90 f
  intadd_0_U18/CO (FA1D0)                      0.06       1.95 f
  intadd_0_U17/CO (FA1D0)                      0.06       2.01 f
  intadd_0_U16/CO (FA1D0)                      0.06       2.07 f
  intadd_0_U15/CO (FA1D0)                      0.06       2.12 f
  intadd_0_U14/CO (FA1D0)                      0.06       2.18 f
  intadd_0_U13/CO (FA1D0)                      0.06       2.23 f
  intadd_0_U12/CO (FA1D0)                      0.06       2.29 f
  intadd_0_U11/CO (FA1D0)                      0.06       2.34 f
  intadd_0_U10/CO (FA1D0)                      0.06       2.40 f
  intadd_0_U9/CO (FA1D0)                       0.06       2.45 f
  intadd_0_U8/CO (FA1D0)                       0.06       2.51 f
  intadd_0_U7/CO (FA1D0)                       0.06       2.56 f
  intadd_0_U6/CO (FA1D0)                       0.06       2.62 f
  intadd_0_U5/CO (FA1D0)                       0.06       2.67 f
  intadd_0_U4/CO (FA1D0)                       0.06       2.73 f
  intadd_0_U3/CO (FA1D0)                       0.06       2.78 f
  intadd_0_U2/CO (FA1D0)                       0.06       2.84 f
  U425/ZN (CKND2D0)                            0.05       2.89 r
  U426/ZN (OAI21D0)                            0.06       2.95 f
  U427/ZN (INVD0)                              0.05       3.00 r
  U584/ZN (OAI221D0)                           0.06       3.06 f
  DP_OP_64J1_122_3555_U59/S (CMPE42D1)         0.13       3.19 f
  U869/ZN (INVD0)                              0.02       3.21 r
  intadd_1_U4/CO (FA1D0)                       0.09       3.30 r
  intadd_1_U3/CO (FA1D0)                       0.05       3.35 r
  intadd_1_U2/CO (FA1D0)                       0.05       3.41 r
  U512/Z (XOR2D0)                              0.10       3.50 f
  U531/ZN (NR2D0)                              0.05       3.56 r
  U532/ZN (INVD0)                              0.03       3.59 f
  U770/Z (OR2D0)                               0.05       3.64 f
  DP_OP_68J1_123_9408_U16/CO (FA1D0)           0.10       3.74 f
  U513/Z (OR2D0)                               0.05       3.79 f
  U514/Z (OR2D0)                               0.05       3.84 f
  U515/Z (OR2D0)                               0.06       3.90 f
  U516/Z (OR2D0)                               0.06       3.95 f
  U517/Z (OR2D0)                               0.06       4.01 f
  U518/Z (OR2D0)                               0.06       4.07 f
  U337/ZN (NR2D0)                              0.03       4.10 r
  U560/ZN (INR2D0)                             0.05       4.15 r
  U561/ZN (NR3D0)                              0.06       4.21 f
  U562/ZN (OAI31D0)                            0.05       4.25 r
  U570/ZN (NR3D0)                              0.05       4.30 f
  U571/ZN (CKND2D0)                            0.18       4.47 r
  U592/ZN (OAI222D0)                           0.13       4.60 f
  result[20] (out)                             0.00       4.60 f
  data arrival time                                       4.60

  clock vclk (rise edge)                      10.00      10.00
  clock network delay (ideal)                  0.00      10.00
  output external delay                       -0.02       9.98
  data required time                                      9.98
  ---------------------------------------------------------------
  data required time                                      9.98
  data arrival time                                      -4.60
  ---------------------------------------------------------------
  slack (MET)                                             5.38


  Startpoint: y[21] (input port clocked by vclk)
  Endpoint: result[19] (output port clocked by vclk)
  Path Group: vclk
  Path Type: max

  Des/Clust/Port     Wire Load Model       Library
  ------------------------------------------------
  oadm_fixed_l3_div_opt_best4 ZeroWireload tcbn65gplustc_ccs

  Point                                        Incr       Path
  ---------------------------------------------------------------
  clock vclk (rise edge)                       0.00       0.00
  clock network delay (ideal)                  0.00       0.00
  input external delay                         0.02       0.02 r
  y[21] (in)                                   0.00       0.02 r
  U334/ZN (INVD0)                              0.07       0.10 f
  U335/ZN (INVD0)                              0.11       0.21 r
  U343/ZN (INVD0)                              0.15       0.36 f
  U607/ZN (CKND2D0)                            0.21       0.57 r
  U726/ZN (INVD0)                              0.06       0.64 f
  U746/ZN (AOI221D0)                           0.10       0.73 r
  U747/ZN (OAI32D0)                            0.05       0.78 f
  U748/ZN (AOI21D0)                            0.05       0.83 r
  U749/ZN (OAI32D0)                            0.04       0.87 f
  U750/ZN (AOI211D0)                           0.07       0.95 r
  U753/ZN (OAI211D0)                           0.08       1.02 f
  DP_OP_64J1_122_3555_U405/CO (CMPE42D1)       0.21       1.23 f
  DP_OP_64J1_122_3555_U399/COX (CMPE42D1)      0.09       1.32 f
  DP_OP_64J1_122_3555_U396/CO (CMPE42D1)       0.18       1.50 f
  DP_OP_64J1_122_3555_U392/S (CMPE42D1)        0.06       1.56 r
  U816/ZN (INVD0)                              0.02       1.58 f
  intadd_0_U23/CO (FA1D0)                      0.10       1.68 f
  intadd_0_U22/CO (FA1D0)                      0.06       1.73 f
  intadd_0_U21/CO (FA1D0)                      0.06       1.79 f
  intadd_0_U20/CO (FA1D0)                      0.06       1.84 f
  intadd_0_U19/CO (FA1D0)                      0.06       1.90 f
  intadd_0_U18/CO (FA1D0)                      0.06       1.95 f
  intadd_0_U17/CO (FA1D0)                      0.06       2.01 f
  intadd_0_U16/CO (FA1D0)                      0.06       2.07 f
  intadd_0_U15/CO (FA1D0)                      0.06       2.12 f
  intadd_0_U14/CO (FA1D0)                      0.06       2.18 f
  intadd_0_U13/CO (FA1D0)                      0.06       2.23 f
  intadd_0_U12/CO (FA1D0)                      0.06       2.29 f
  intadd_0_U11/CO (FA1D0)                      0.06       2.34 f
  intadd_0_U10/CO (FA1D0)                      0.06       2.40 f
  intadd_0_U9/CO (FA1D0)                       0.06       2.45 f
  intadd_0_U8/CO (FA1D0)                       0.06       2.51 f
  intadd_0_U7/CO (FA1D0)                       0.06       2.56 f
  intadd_0_U6/CO (FA1D0)                       0.06       2.62 f
  intadd_0_U5/CO (FA1D0)                       0.06       2.67 f
  intadd_0_U4/CO (FA1D0)                       0.06       2.73 f
  intadd_0_U3/CO (FA1D0)                       0.06       2.78 f
  intadd_0_U2/CO (FA1D0)                       0.06       2.84 f
  U425/ZN (CKND2D0)                            0.05       2.89 r
  U426/ZN (OAI21D0)                            0.06       2.95 f
  U427/ZN (INVD0)                              0.05       3.00 r
  U584/ZN (OAI221D0)                           0.06       3.06 f
  DP_OP_64J1_122_3555_U59/S (CMPE42D1)         0.13       3.19 f
  U869/ZN (INVD0)                              0.02       3.21 r
  intadd_1_U4/CO (FA1D0)                       0.09       3.30 r
  intadd_1_U3/CO (FA1D0)                       0.05       3.35 r
  intadd_1_U2/CO (FA1D0)                       0.05       3.41 r
  U512/Z (XOR2D0)                              0.10       3.50 f
  U531/ZN (NR2D0)                              0.05       3.56 r
  U532/ZN (INVD0)                              0.03       3.59 f
  U770/Z (OR2D0)                               0.05       3.64 f
  DP_OP_68J1_123_9408_U16/CO (FA1D0)           0.10       3.74 f
  U513/Z (OR2D0)                               0.05       3.79 f
  U514/Z (OR2D0)                               0.05       3.84 f
  U515/Z (OR2D0)                               0.06       3.90 f
  U516/Z (OR2D0)                               0.06       3.95 f
  U517/Z (OR2D0)                               0.06       4.01 f
  U518/Z (OR2D0)                               0.06       4.07 f
  U337/ZN (NR2D0)                              0.03       4.10 r
  U560/ZN (INR2D0)                             0.05       4.15 r
  U561/ZN (NR3D0)                              0.06       4.21 f
  U562/ZN (OAI31D0)                            0.05       4.25 r
  U570/ZN (NR3D0)                              0.05       4.30 f
  U571/ZN (CKND2D0)                            0.18       4.47 r
  U591/ZN (OAI222D0)                           0.13       4.60 f
  result[19] (out)                             0.00       4.60 f
  data arrival time                                       4.60

  clock vclk (rise edge)                      10.00      10.00
  clock network delay (ideal)                  0.00      10.00
  output external delay                       -0.02       9.98
  data required time                                      9.98
  ---------------------------------------------------------------
  data required time                                      9.98
  data arrival time                                      -4.60
  ---------------------------------------------------------------
  slack (MET)                                             5.38


  Startpoint: y[21] (input port clocked by vclk)
  Endpoint: result[18] (output port clocked by vclk)
  Path Group: vclk
  Path Type: max

  Des/Clust/Port     Wire Load Model       Library
  ------------------------------------------------
  oadm_fixed_l3_div_opt_best4 ZeroWireload tcbn65gplustc_ccs

  Point                                        Incr       Path
  ---------------------------------------------------------------
  clock vclk (rise edge)                       0.00       0.00
  clock network delay (ideal)                  0.00       0.00
  input external delay                         0.02       0.02 r
  y[21] (in)                                   0.00       0.02 r
  U334/ZN (INVD0)                              0.07       0.10 f
  U335/ZN (INVD0)                              0.11       0.21 r
  U343/ZN (INVD0)                              0.15       0.36 f
  U607/ZN (CKND2D0)                            0.21       0.57 r
  U726/ZN (INVD0)                              0.06       0.64 f
  U746/ZN (AOI221D0)                           0.10       0.73 r
  U747/ZN (OAI32D0)                            0.05       0.78 f
  U748/ZN (AOI21D0)                            0.05       0.83 r
  U749/ZN (OAI32D0)                            0.04       0.87 f
  U750/ZN (AOI211D0)                           0.07       0.95 r
  U753/ZN (OAI211D0)                           0.08       1.02 f
  DP_OP_64J1_122_3555_U405/CO (CMPE42D1)       0.21       1.23 f
  DP_OP_64J1_122_3555_U399/COX (CMPE42D1)      0.09       1.32 f
  DP_OP_64J1_122_3555_U396/CO (CMPE42D1)       0.18       1.50 f
  DP_OP_64J1_122_3555_U392/S (CMPE42D1)        0.06       1.56 r
  U816/ZN (INVD0)                              0.02       1.58 f
  intadd_0_U23/CO (FA1D0)                      0.10       1.68 f
  intadd_0_U22/CO (FA1D0)                      0.06       1.73 f
  intadd_0_U21/CO (FA1D0)                      0.06       1.79 f
  intadd_0_U20/CO (FA1D0)                      0.06       1.84 f
  intadd_0_U19/CO (FA1D0)                      0.06       1.90 f
  intadd_0_U18/CO (FA1D0)                      0.06       1.95 f
  intadd_0_U17/CO (FA1D0)                      0.06       2.01 f
  intadd_0_U16/CO (FA1D0)                      0.06       2.07 f
  intadd_0_U15/CO (FA1D0)                      0.06       2.12 f
  intadd_0_U14/CO (FA1D0)                      0.06       2.18 f
  intadd_0_U13/CO (FA1D0)                      0.06       2.23 f
  intadd_0_U12/CO (FA1D0)                      0.06       2.29 f
  intadd_0_U11/CO (FA1D0)                      0.06       2.34 f
  intadd_0_U10/CO (FA1D0)                      0.06       2.40 f
  intadd_0_U9/CO (FA1D0)                       0.06       2.45 f
  intadd_0_U8/CO (FA1D0)                       0.06       2.51 f
  intadd_0_U7/CO (FA1D0)                       0.06       2.56 f
  intadd_0_U6/CO (FA1D0)                       0.06       2.62 f
  intadd_0_U5/CO (FA1D0)                       0.06       2.67 f
  intadd_0_U4/CO (FA1D0)                       0.06       2.73 f
  intadd_0_U3/CO (FA1D0)                       0.06       2.78 f
  intadd_0_U2/CO (FA1D0)                       0.06       2.84 f
  U425/ZN (CKND2D0)                            0.05       2.89 r
  U426/ZN (OAI21D0)                            0.06       2.95 f
  U427/ZN (INVD0)                              0.05       3.00 r
  U584/ZN (OAI221D0)                           0.06       3.06 f
  DP_OP_64J1_122_3555_U59/S (CMPE42D1)         0.13       3.19 f
  U869/ZN (INVD0)                              0.02       3.21 r
  intadd_1_U4/CO (FA1D0)                       0.09       3.30 r
  intadd_1_U3/CO (FA1D0)                       0.05       3.35 r
  intadd_1_U2/CO (FA1D0)                       0.05       3.41 r
  U512/Z (XOR2D0)                              0.10       3.50 f
  U531/ZN (NR2D0)                              0.05       3.56 r
  U532/ZN (INVD0)                              0.03       3.59 f
  U770/Z (OR2D0)                               0.05       3.64 f
  DP_OP_68J1_123_9408_U16/CO (FA1D0)           0.10       3.74 f
  U513/Z (OR2D0)                               0.05       3.79 f
  U514/Z (OR2D0)                               0.05       3.84 f
  U515/Z (OR2D0)                               0.06       3.90 f
  U516/Z (OR2D0)                               0.06       3.95 f
  U517/Z (OR2D0)                               0.06       4.01 f
  U518/Z (OR2D0)                               0.06       4.07 f
  U337/ZN (NR2D0)                              0.03       4.10 r
  U560/ZN (INR2D0)                             0.05       4.15 r
  U561/ZN (NR3D0)                              0.06       4.21 f
  U562/ZN (OAI31D0)                            0.05       4.25 r
  U570/ZN (NR3D0)                              0.05       4.30 f
  U571/ZN (CKND2D0)                            0.18       4.47 r
  U603/ZN (OAI222D0)                           0.13       4.60 f
  result[18] (out)                             0.00       4.60 f
  data arrival time                                       4.60

  clock vclk (rise edge)                      10.00      10.00
  clock network delay (ideal)                  0.00      10.00
  output external delay                       -0.02       9.98
  data required time                                      9.98
  ---------------------------------------------------------------
  data required time                                      9.98
  data arrival time                                      -4.60
  ---------------------------------------------------------------
  slack (MET)                                             5.38


  Startpoint: y[21] (input port clocked by vclk)
  Endpoint: result[17] (output port clocked by vclk)
  Path Group: vclk
  Path Type: max

  Des/Clust/Port     Wire Load Model       Library
  ------------------------------------------------
  oadm_fixed_l3_div_opt_best4 ZeroWireload tcbn65gplustc_ccs

  Point                                        Incr       Path
  ---------------------------------------------------------------
  clock vclk (rise edge)                       0.00       0.00
  clock network delay (ideal)                  0.00       0.00
  input external delay                         0.02       0.02 r
  y[21] (in)                                   0.00       0.02 r
  U334/ZN (INVD0)                              0.07       0.10 f
  U335/ZN (INVD0)                              0.11       0.21 r
  U343/ZN (INVD0)                              0.15       0.36 f
  U607/ZN (CKND2D0)                            0.21       0.57 r
  U726/ZN (INVD0)                              0.06       0.64 f
  U746/ZN (AOI221D0)                           0.10       0.73 r
  U747/ZN (OAI32D0)                            0.05       0.78 f
  U748/ZN (AOI21D0)                            0.05       0.83 r
  U749/ZN (OAI32D0)                            0.04       0.87 f
  U750/ZN (AOI211D0)                           0.07       0.95 r
  U753/ZN (OAI211D0)                           0.08       1.02 f
  DP_OP_64J1_122_3555_U405/CO (CMPE42D1)       0.21       1.23 f
  DP_OP_64J1_122_3555_U399/COX (CMPE42D1)      0.09       1.32 f
  DP_OP_64J1_122_3555_U396/CO (CMPE42D1)       0.18       1.50 f
  DP_OP_64J1_122_3555_U392/S (CMPE42D1)        0.06       1.56 r
  U816/ZN (INVD0)                              0.02       1.58 f
  intadd_0_U23/CO (FA1D0)                      0.10       1.68 f
  intadd_0_U22/CO (FA1D0)                      0.06       1.73 f
  intadd_0_U21/CO (FA1D0)                      0.06       1.79 f
  intadd_0_U20/CO (FA1D0)                      0.06       1.84 f
  intadd_0_U19/CO (FA1D0)                      0.06       1.90 f
  intadd_0_U18/CO (FA1D0)                      0.06       1.95 f
  intadd_0_U17/CO (FA1D0)                      0.06       2.01 f
  intadd_0_U16/CO (FA1D0)                      0.06       2.07 f
  intadd_0_U15/CO (FA1D0)                      0.06       2.12 f
  intadd_0_U14/CO (FA1D0)                      0.06       2.18 f
  intadd_0_U13/CO (FA1D0)                      0.06       2.23 f
  intadd_0_U12/CO (FA1D0)                      0.06       2.29 f
  intadd_0_U11/CO (FA1D0)                      0.06       2.34 f
  intadd_0_U10/CO (FA1D0)                      0.06       2.40 f
  intadd_0_U9/CO (FA1D0)                       0.06       2.45 f
  intadd_0_U8/CO (FA1D0)                       0.06       2.51 f
  intadd_0_U7/CO (FA1D0)                       0.06       2.56 f
  intadd_0_U6/CO (FA1D0)                       0.06       2.62 f
  intadd_0_U5/CO (FA1D0)                       0.06       2.67 f
  intadd_0_U4/CO (FA1D0)                       0.06       2.73 f
  intadd_0_U3/CO (FA1D0)                       0.06       2.78 f
  intadd_0_U2/CO (FA1D0)                       0.06       2.84 f
  U425/ZN (CKND2D0)                            0.05       2.89 r
  U426/ZN (OAI21D0)                            0.06       2.95 f
  U427/ZN (INVD0)                              0.05       3.00 r
  U584/ZN (OAI221D0)                           0.06       3.06 f
  DP_OP_64J1_122_3555_U59/S (CMPE42D1)         0.13       3.19 f
  U869/ZN (INVD0)                              0.02       3.21 r
  intadd_1_U4/CO (FA1D0)                       0.09       3.30 r
  intadd_1_U3/CO (FA1D0)                       0.05       3.35 r
  intadd_1_U2/CO (FA1D0)                       0.05       3.41 r
  U512/Z (XOR2D0)                              0.10       3.50 f
  U531/ZN (NR2D0)                              0.05       3.56 r
  U532/ZN (INVD0)                              0.03       3.59 f
  U770/Z (OR2D0)                               0.05       3.64 f
  DP_OP_68J1_123_9408_U16/CO (FA1D0)           0.10       3.74 f
  U513/Z (OR2D0)                               0.05       3.79 f
  U514/Z (OR2D0)                               0.05       3.84 f
  U515/Z (OR2D0)                               0.06       3.90 f
  U516/Z (OR2D0)                               0.06       3.95 f
  U517/Z (OR2D0)                               0.06       4.01 f
  U518/Z (OR2D0)                               0.06       4.07 f
  U337/ZN (NR2D0)                              0.03       4.10 r
  U560/ZN (INR2D0)                             0.05       4.15 r
  U561/ZN (NR3D0)                              0.06       4.21 f
  U562/ZN (OAI31D0)                            0.05       4.25 r
  U570/ZN (NR3D0)                              0.05       4.30 f
  U571/ZN (CKND2D0)                            0.18       4.47 r
  U602/ZN (OAI222D0)                           0.13       4.60 f
  result[17] (out)                             0.00       4.60 f
  data arrival time                                       4.60

  clock vclk (rise edge)                      10.00      10.00
  clock network delay (ideal)                  0.00      10.00
  output external delay                       -0.02       9.98
  data required time                                      9.98
  ---------------------------------------------------------------
  data required time                                      9.98
  data arrival time                                      -4.60
  ---------------------------------------------------------------
  slack (MET)                                             5.38


  Startpoint: y[21] (input port clocked by vclk)
  Endpoint: result[16] (output port clocked by vclk)
  Path Group: vclk
  Path Type: max

  Des/Clust/Port     Wire Load Model       Library
  ------------------------------------------------
  oadm_fixed_l3_div_opt_best4 ZeroWireload tcbn65gplustc_ccs

  Point                                        Incr       Path
  ---------------------------------------------------------------
  clock vclk (rise edge)                       0.00       0.00
  clock network delay (ideal)                  0.00       0.00
  input external delay                         0.02       0.02 r
  y[21] (in)                                   0.00       0.02 r
  U334/ZN (INVD0)                              0.07       0.10 f
  U335/ZN (INVD0)                              0.11       0.21 r
  U343/ZN (INVD0)                              0.15       0.36 f
  U607/ZN (CKND2D0)                            0.21       0.57 r
  U726/ZN (INVD0)                              0.06       0.64 f
  U746/ZN (AOI221D0)                           0.10       0.73 r
  U747/ZN (OAI32D0)                            0.05       0.78 f
  U748/ZN (AOI21D0)                            0.05       0.83 r
  U749/ZN (OAI32D0)                            0.04       0.87 f
  U750/ZN (AOI211D0)                           0.07       0.95 r
  U753/ZN (OAI211D0)                           0.08       1.02 f
  DP_OP_64J1_122_3555_U405/CO (CMPE42D1)       0.21       1.23 f
  DP_OP_64J1_122_3555_U399/COX (CMPE42D1)      0.09       1.32 f
  DP_OP_64J1_122_3555_U396/CO (CMPE42D1)       0.18       1.50 f
  DP_OP_64J1_122_3555_U392/S (CMPE42D1)        0.06       1.56 r
  U816/ZN (INVD0)                              0.02       1.58 f
  intadd_0_U23/CO (FA1D0)                      0.10       1.68 f
  intadd_0_U22/CO (FA1D0)                      0.06       1.73 f
  intadd_0_U21/CO (FA1D0)                      0.06       1.79 f
  intadd_0_U20/CO (FA1D0)                      0.06       1.84 f
  intadd_0_U19/CO (FA1D0)                      0.06       1.90 f
  intadd_0_U18/CO (FA1D0)                      0.06       1.95 f
  intadd_0_U17/CO (FA1D0)                      0.06       2.01 f
  intadd_0_U16/CO (FA1D0)                      0.06       2.07 f
  intadd_0_U15/CO (FA1D0)                      0.06       2.12 f
  intadd_0_U14/CO (FA1D0)                      0.06       2.18 f
  intadd_0_U13/CO (FA1D0)                      0.06       2.23 f
  intadd_0_U12/CO (FA1D0)                      0.06       2.29 f
  intadd_0_U11/CO (FA1D0)                      0.06       2.34 f
  intadd_0_U10/CO (FA1D0)                      0.06       2.40 f
  intadd_0_U9/CO (FA1D0)                       0.06       2.45 f
  intadd_0_U8/CO (FA1D0)                       0.06       2.51 f
  intadd_0_U7/CO (FA1D0)                       0.06       2.56 f
  intadd_0_U6/CO (FA1D0)                       0.06       2.62 f
  intadd_0_U5/CO (FA1D0)                       0.06       2.67 f
  intadd_0_U4/CO (FA1D0)                       0.06       2.73 f
  intadd_0_U3/CO (FA1D0)                       0.06       2.78 f
  intadd_0_U2/CO (FA1D0)                       0.06       2.84 f
  U425/ZN (CKND2D0)                            0.05       2.89 r
  U426/ZN (OAI21D0)                            0.06       2.95 f
  U427/ZN (INVD0)                              0.05       3.00 r
  U584/ZN (OAI221D0)                           0.06       3.06 f
  DP_OP_64J1_122_3555_U59/S (CMPE42D1)         0.13       3.19 f
  U869/ZN (INVD0)                              0.02       3.21 r
  intadd_1_U4/CO (FA1D0)                       0.09       3.30 r
  intadd_1_U3/CO (FA1D0)                       0.05       3.35 r
  intadd_1_U2/CO (FA1D0)                       0.05       3.41 r
  U512/Z (XOR2D0)                              0.10       3.50 f
  U531/ZN (NR2D0)                              0.05       3.56 r
  U532/ZN (INVD0)                              0.03       3.59 f
  U770/Z (OR2D0)                               0.05       3.64 f
  DP_OP_68J1_123_9408_U16/CO (FA1D0)           0.10       3.74 f
  U513/Z (OR2D0)                               0.05       3.79 f
  U514/Z (OR2D0)                               0.05       3.84 f
  U515/Z (OR2D0)                               0.06       3.90 f
  U516/Z (OR2D0)                               0.06       3.95 f
  U517/Z (OR2D0)                               0.06       4.01 f
  U518/Z (OR2D0)                               0.06       4.07 f
  U337/ZN (NR2D0)                              0.03       4.10 r
  U560/ZN (INR2D0)                             0.05       4.15 r
  U561/ZN (NR3D0)                              0.06       4.21 f
  U562/ZN (OAI31D0)                            0.05       4.25 r
  U570/ZN (NR3D0)                              0.05       4.30 f
  U571/ZN (CKND2D0)                            0.18       4.47 r
  U601/ZN (OAI222D0)                           0.13       4.60 f
  result[16] (out)                             0.00       4.60 f
  data arrival time                                       4.60

  clock vclk (rise edge)                      10.00      10.00
  clock network delay (ideal)                  0.00      10.00
  output external delay                       -0.02       9.98
  data required time                                      9.98
  ---------------------------------------------------------------
  data required time                                      9.98
  data arrival time                                      -4.60
  ---------------------------------------------------------------
  slack (MET)                                             5.38


  Startpoint: y[21] (input port clocked by vclk)
  Endpoint: result[15] (output port clocked by vclk)
  Path Group: vclk
  Path Type: max

  Des/Clust/Port     Wire Load Model       Library
  ------------------------------------------------
  oadm_fixed_l3_div_opt_best4 ZeroWireload tcbn65gplustc_ccs

  Point                                        Incr       Path
  ---------------------------------------------------------------
  clock vclk (rise edge)                       0.00       0.00
  clock network delay (ideal)                  0.00       0.00
  input external delay                         0.02       0.02 r
  y[21] (in)                                   0.00       0.02 r
  U334/ZN (INVD0)                              0.07       0.10 f
  U335/ZN (INVD0)                              0.11       0.21 r
  U343/ZN (INVD0)                              0.15       0.36 f
  U607/ZN (CKND2D0)                            0.21       0.57 r
  U726/ZN (INVD0)                              0.06       0.64 f
  U746/ZN (AOI221D0)                           0.10       0.73 r
  U747/ZN (OAI32D0)                            0.05       0.78 f
  U748/ZN (AOI21D0)                            0.05       0.83 r
  U749/ZN (OAI32D0)                            0.04       0.87 f
  U750/ZN (AOI211D0)                           0.07       0.95 r
  U753/ZN (OAI211D0)                           0.08       1.02 f
  DP_OP_64J1_122_3555_U405/CO (CMPE42D1)       0.21       1.23 f
  DP_OP_64J1_122_3555_U399/COX (CMPE42D1)      0.09       1.32 f
  DP_OP_64J1_122_3555_U396/CO (CMPE42D1)       0.18       1.50 f
  DP_OP_64J1_122_3555_U392/S (CMPE42D1)        0.06       1.56 r
  U816/ZN (INVD0)                              0.02       1.58 f
  intadd_0_U23/CO (FA1D0)                      0.10       1.68 f
  intadd_0_U22/CO (FA1D0)                      0.06       1.73 f
  intadd_0_U21/CO (FA1D0)                      0.06       1.79 f
  intadd_0_U20/CO (FA1D0)                      0.06       1.84 f
  intadd_0_U19/CO (FA1D0)                      0.06       1.90 f
  intadd_0_U18/CO (FA1D0)                      0.06       1.95 f
  intadd_0_U17/CO (FA1D0)                      0.06       2.01 f
  intadd_0_U16/CO (FA1D0)                      0.06       2.07 f
  intadd_0_U15/CO (FA1D0)                      0.06       2.12 f
  intadd_0_U14/CO (FA1D0)                      0.06       2.18 f
  intadd_0_U13/CO (FA1D0)                      0.06       2.23 f
  intadd_0_U12/CO (FA1D0)                      0.06       2.29 f
  intadd_0_U11/CO (FA1D0)                      0.06       2.34 f
  intadd_0_U10/CO (FA1D0)                      0.06       2.40 f
  intadd_0_U9/CO (FA1D0)                       0.06       2.45 f
  intadd_0_U8/CO (FA1D0)                       0.06       2.51 f
  intadd_0_U7/CO (FA1D0)                       0.06       2.56 f
  intadd_0_U6/CO (FA1D0)                       0.06       2.62 f
  intadd_0_U5/CO (FA1D0)                       0.06       2.67 f
  intadd_0_U4/CO (FA1D0)                       0.06       2.73 f
  intadd_0_U3/CO (FA1D0)                       0.06       2.78 f
  intadd_0_U2/CO (FA1D0)                       0.06       2.84 f
  U425/ZN (CKND2D0)                            0.05       2.89 r
  U426/ZN (OAI21D0)                            0.06       2.95 f
  U427/ZN (INVD0)                              0.05       3.00 r
  U584/ZN (OAI221D0)                           0.06       3.06 f
  DP_OP_64J1_122_3555_U59/S (CMPE42D1)         0.13       3.19 f
  U869/ZN (INVD0)                              0.02       3.21 r
  intadd_1_U4/CO (FA1D0)                       0.09       3.30 r
  intadd_1_U3/CO (FA1D0)                       0.05       3.35 r
  intadd_1_U2/CO (FA1D0)                       0.05       3.41 r
  U512/Z (XOR2D0)                              0.10       3.50 f
  U531/ZN (NR2D0)                              0.05       3.56 r
  U532/ZN (INVD0)                              0.03       3.59 f
  U770/Z (OR2D0)                               0.05       3.64 f
  DP_OP_68J1_123_9408_U16/CO (FA1D0)           0.10       3.74 f
  U513/Z (OR2D0)                               0.05       3.79 f
  U514/Z (OR2D0)                               0.05       3.84 f
  U515/Z (OR2D0)                               0.06       3.90 f
  U516/Z (OR2D0)                               0.06       3.95 f
  U517/Z (OR2D0)                               0.06       4.01 f
  U518/Z (OR2D0)                               0.06       4.07 f
  U337/ZN (NR2D0)                              0.03       4.10 r
  U560/ZN (INR2D0)                             0.05       4.15 r
  U561/ZN (NR3D0)                              0.06       4.21 f
  U562/ZN (OAI31D0)                            0.05       4.25 r
  U570/ZN (NR3D0)                              0.05       4.30 f
  U571/ZN (CKND2D0)                            0.18       4.47 r
  U600/ZN (OAI222D0)                           0.13       4.60 f
  result[15] (out)                             0.00       4.60 f
  data arrival time                                       4.60

  clock vclk (rise edge)                      10.00      10.00
  clock network delay (ideal)                  0.00      10.00
  output external delay                       -0.02       9.98
  data required time                                      9.98
  ---------------------------------------------------------------
  data required time                                      9.98
  data arrival time                                      -4.60
  ---------------------------------------------------------------
  slack (MET)                                             5.38


  Startpoint: y[21] (input port clocked by vclk)
  Endpoint: result[14] (output port clocked by vclk)
  Path Group: vclk
  Path Type: max

  Des/Clust/Port     Wire Load Model       Library
  ------------------------------------------------
  oadm_fixed_l3_div_opt_best4 ZeroWireload tcbn65gplustc_ccs

  Point                                        Incr       Path
  ---------------------------------------------------------------
  clock vclk (rise edge)                       0.00       0.00
  clock network delay (ideal)                  0.00       0.00
  input external delay                         0.02       0.02 r
  y[21] (in)                                   0.00       0.02 r
  U334/ZN (INVD0)                              0.07       0.10 f
  U335/ZN (INVD0)                              0.11       0.21 r
  U343/ZN (INVD0)                              0.15       0.36 f
  U607/ZN (CKND2D0)                            0.21       0.57 r
  U726/ZN (INVD0)                              0.06       0.64 f
  U746/ZN (AOI221D0)                           0.10       0.73 r
  U747/ZN (OAI32D0)                            0.05       0.78 f
  U748/ZN (AOI21D0)                            0.05       0.83 r
  U749/ZN (OAI32D0)                            0.04       0.87 f
  U750/ZN (AOI211D0)                           0.07       0.95 r
  U753/ZN (OAI211D0)                           0.08       1.02 f
  DP_OP_64J1_122_3555_U405/CO (CMPE42D1)       0.21       1.23 f
  DP_OP_64J1_122_3555_U399/COX (CMPE42D1)      0.09       1.32 f
  DP_OP_64J1_122_3555_U396/CO (CMPE42D1)       0.18       1.50 f
  DP_OP_64J1_122_3555_U392/S (CMPE42D1)        0.06       1.56 r
  U816/ZN (INVD0)                              0.02       1.58 f
  intadd_0_U23/CO (FA1D0)                      0.10       1.68 f
  intadd_0_U22/CO (FA1D0)                      0.06       1.73 f
  intadd_0_U21/CO (FA1D0)                      0.06       1.79 f
  intadd_0_U20/CO (FA1D0)                      0.06       1.84 f
  intadd_0_U19/CO (FA1D0)                      0.06       1.90 f
  intadd_0_U18/CO (FA1D0)                      0.06       1.95 f
  intadd_0_U17/CO (FA1D0)                      0.06       2.01 f
  intadd_0_U16/CO (FA1D0)                      0.06       2.07 f
  intadd_0_U15/CO (FA1D0)                      0.06       2.12 f
  intadd_0_U14/CO (FA1D0)                      0.06       2.18 f
  intadd_0_U13/CO (FA1D0)                      0.06       2.23 f
  intadd_0_U12/CO (FA1D0)                      0.06       2.29 f
  intadd_0_U11/CO (FA1D0)                      0.06       2.34 f
  intadd_0_U10/CO (FA1D0)                      0.06       2.40 f
  intadd_0_U9/CO (FA1D0)                       0.06       2.45 f
  intadd_0_U8/CO (FA1D0)                       0.06       2.51 f
  intadd_0_U7/CO (FA1D0)                       0.06       2.56 f
  intadd_0_U6/CO (FA1D0)                       0.06       2.62 f
  intadd_0_U5/CO (FA1D0)                       0.06       2.67 f
  intadd_0_U4/CO (FA1D0)                       0.06       2.73 f
  intadd_0_U3/CO (FA1D0)                       0.06       2.78 f
  intadd_0_U2/CO (FA1D0)                       0.06       2.84 f
  U425/ZN (CKND2D0)                            0.05       2.89 r
  U426/ZN (OAI21D0)                            0.06       2.95 f
  U427/ZN (INVD0)                              0.05       3.00 r
  U584/ZN (OAI221D0)                           0.06       3.06 f
  DP_OP_64J1_122_3555_U59/S (CMPE42D1)         0.13       3.19 f
  U869/ZN (INVD0)                              0.02       3.21 r
  intadd_1_U4/CO (FA1D0)                       0.09       3.30 r
  intadd_1_U3/CO (FA1D0)                       0.05       3.35 r
  intadd_1_U2/CO (FA1D0)                       0.05       3.41 r
  U512/Z (XOR2D0)                              0.10       3.50 f
  U531/ZN (NR2D0)                              0.05       3.56 r
  U532/ZN (INVD0)                              0.03       3.59 f
  U770/Z (OR2D0)                               0.05       3.64 f
  DP_OP_68J1_123_9408_U16/CO (FA1D0)           0.10       3.74 f
  U513/Z (OR2D0)                               0.05       3.79 f
  U514/Z (OR2D0)                               0.05       3.84 f
  U515/Z (OR2D0)                               0.06       3.90 f
  U516/Z (OR2D0)                               0.06       3.95 f
  U517/Z (OR2D0)                               0.06       4.01 f
  U518/Z (OR2D0)                               0.06       4.07 f
  U337/ZN (NR2D0)                              0.03       4.10 r
  U560/ZN (INR2D0)                             0.05       4.15 r
  U561/ZN (NR3D0)                              0.06       4.21 f
  U562/ZN (OAI31D0)                            0.05       4.25 r
  U570/ZN (NR3D0)                              0.05       4.30 f
  U571/ZN (CKND2D0)                            0.18       4.47 r
  U599/ZN (OAI222D0)                           0.13       4.60 f
  result[14] (out)                             0.00       4.60 f
  data arrival time                                       4.60

  clock vclk (rise edge)                      10.00      10.00
  clock network delay (ideal)                  0.00      10.00
  output external delay                       -0.02       9.98
  data required time                                      9.98
  ---------------------------------------------------------------
  data required time                                      9.98
  data arrival time                                      -4.60
  ---------------------------------------------------------------
  slack (MET)                                             5.38


  Startpoint: y[21] (input port clocked by vclk)
  Endpoint: result[13] (output port clocked by vclk)
  Path Group: vclk
  Path Type: max

  Des/Clust/Port     Wire Load Model       Library
  ------------------------------------------------
  oadm_fixed_l3_div_opt_best4 ZeroWireload tcbn65gplustc_ccs

  Point                                        Incr       Path
  ---------------------------------------------------------------
  clock vclk (rise edge)                       0.00       0.00
  clock network delay (ideal)                  0.00       0.00
  input external delay                         0.02       0.02 r
  y[21] (in)                                   0.00       0.02 r
  U334/ZN (INVD0)                              0.07       0.10 f
  U335/ZN (INVD0)                              0.11       0.21 r
  U343/ZN (INVD0)                              0.15       0.36 f
  U607/ZN (CKND2D0)                            0.21       0.57 r
  U726/ZN (INVD0)                              0.06       0.64 f
  U746/ZN (AOI221D0)                           0.10       0.73 r
  U747/ZN (OAI32D0)                            0.05       0.78 f
  U748/ZN (AOI21D0)                            0.05       0.83 r
  U749/ZN (OAI32D0)                            0.04       0.87 f
  U750/ZN (AOI211D0)                           0.07       0.95 r
  U753/ZN (OAI211D0)                           0.08       1.02 f
  DP_OP_64J1_122_3555_U405/CO (CMPE42D1)       0.21       1.23 f
  DP_OP_64J1_122_3555_U399/COX (CMPE42D1)      0.09       1.32 f
  DP_OP_64J1_122_3555_U396/CO (CMPE42D1)       0.18       1.50 f
  DP_OP_64J1_122_3555_U392/S (CMPE42D1)        0.06       1.56 r
  U816/ZN (INVD0)                              0.02       1.58 f
  intadd_0_U23/CO (FA1D0)                      0.10       1.68 f
  intadd_0_U22/CO (FA1D0)                      0.06       1.73 f
  intadd_0_U21/CO (FA1D0)                      0.06       1.79 f
  intadd_0_U20/CO (FA1D0)                      0.06       1.84 f
  intadd_0_U19/CO (FA1D0)                      0.06       1.90 f
  intadd_0_U18/CO (FA1D0)                      0.06       1.95 f
  intadd_0_U17/CO (FA1D0)                      0.06       2.01 f
  intadd_0_U16/CO (FA1D0)                      0.06       2.07 f
  intadd_0_U15/CO (FA1D0)                      0.06       2.12 f
  intadd_0_U14/CO (FA1D0)                      0.06       2.18 f
  intadd_0_U13/CO (FA1D0)                      0.06       2.23 f
  intadd_0_U12/CO (FA1D0)                      0.06       2.29 f
  intadd_0_U11/CO (FA1D0)                      0.06       2.34 f
  intadd_0_U10/CO (FA1D0)                      0.06       2.40 f
  intadd_0_U9/CO (FA1D0)                       0.06       2.45 f
  intadd_0_U8/CO (FA1D0)                       0.06       2.51 f
  intadd_0_U7/CO (FA1D0)                       0.06       2.56 f
  intadd_0_U6/CO (FA1D0)                       0.06       2.62 f
  intadd_0_U5/CO (FA1D0)                       0.06       2.67 f
  intadd_0_U4/CO (FA1D0)                       0.06       2.73 f
  intadd_0_U3/CO (FA1D0)                       0.06       2.78 f
  intadd_0_U2/CO (FA1D0)                       0.06       2.84 f
  U425/ZN (CKND2D0)                            0.05       2.89 r
  U426/ZN (OAI21D0)                            0.06       2.95 f
  U427/ZN (INVD0)                              0.05       3.00 r
  U584/ZN (OAI221D0)                           0.06       3.06 f
  DP_OP_64J1_122_3555_U59/S (CMPE42D1)         0.13       3.19 f
  U869/ZN (INVD0)                              0.02       3.21 r
  intadd_1_U4/CO (FA1D0)                       0.09       3.30 r
  intadd_1_U3/CO (FA1D0)                       0.05       3.35 r
  intadd_1_U2/CO (FA1D0)                       0.05       3.41 r
  U512/Z (XOR2D0)                              0.10       3.50 f
  U531/ZN (NR2D0)                              0.05       3.56 r
  U532/ZN (INVD0)                              0.03       3.59 f
  U770/Z (OR2D0)                               0.05       3.64 f
  DP_OP_68J1_123_9408_U16/CO (FA1D0)           0.10       3.74 f
  U513/Z (OR2D0)                               0.05       3.79 f
  U514/Z (OR2D0)                               0.05       3.84 f
  U515/Z (OR2D0)                               0.06       3.90 f
  U516/Z (OR2D0)                               0.06       3.95 f
  U517/Z (OR2D0)                               0.06       4.01 f
  U518/Z (OR2D0)                               0.06       4.07 f
  U337/ZN (NR2D0)                              0.03       4.10 r
  U560/ZN (INR2D0)                             0.05       4.15 r
  U561/ZN (NR3D0)                              0.06       4.21 f
  U562/ZN (OAI31D0)                            0.05       4.25 r
  U570/ZN (NR3D0)                              0.05       4.30 f
  U571/ZN (CKND2D0)                            0.18       4.47 r
  U598/ZN (OAI222D0)                           0.13       4.60 f
  result[13] (out)                             0.00       4.60 f
  data arrival time                                       4.60

  clock vclk (rise edge)                      10.00      10.00
  clock network delay (ideal)                  0.00      10.00
  output external delay                       -0.02       9.98
  data required time                                      9.98
  ---------------------------------------------------------------
  data required time                                      9.98
  data arrival time                                      -4.60
  ---------------------------------------------------------------
  slack (MET)                                             5.38


  Startpoint: y[21] (input port clocked by vclk)
  Endpoint: result[12] (output port clocked by vclk)
  Path Group: vclk
  Path Type: max

  Des/Clust/Port     Wire Load Model       Library
  ------------------------------------------------
  oadm_fixed_l3_div_opt_best4 ZeroWireload tcbn65gplustc_ccs

  Point                                        Incr       Path
  ---------------------------------------------------------------
  clock vclk (rise edge)                       0.00       0.00
  clock network delay (ideal)                  0.00       0.00
  input external delay                         0.02       0.02 r
  y[21] (in)                                   0.00       0.02 r
  U334/ZN (INVD0)                              0.07       0.10 f
  U335/ZN (INVD0)                              0.11       0.21 r
  U343/ZN (INVD0)                              0.15       0.36 f
  U607/ZN (CKND2D0)                            0.21       0.57 r
  U726/ZN (INVD0)                              0.06       0.64 f
  U746/ZN (AOI221D0)                           0.10       0.73 r
  U747/ZN (OAI32D0)                            0.05       0.78 f
  U748/ZN (AOI21D0)                            0.05       0.83 r
  U749/ZN (OAI32D0)                            0.04       0.87 f
  U750/ZN (AOI211D0)                           0.07       0.95 r
  U753/ZN (OAI211D0)                           0.08       1.02 f
  DP_OP_64J1_122_3555_U405/CO (CMPE42D1)       0.21       1.23 f
  DP_OP_64J1_122_3555_U399/COX (CMPE42D1)      0.09       1.32 f
  DP_OP_64J1_122_3555_U396/CO (CMPE42D1)       0.18       1.50 f
  DP_OP_64J1_122_3555_U392/S (CMPE42D1)        0.06       1.56 r
  U816/ZN (INVD0)                              0.02       1.58 f
  intadd_0_U23/CO (FA1D0)                      0.10       1.68 f
  intadd_0_U22/CO (FA1D0)                      0.06       1.73 f
  intadd_0_U21/CO (FA1D0)                      0.06       1.79 f
  intadd_0_U20/CO (FA1D0)                      0.06       1.84 f
  intadd_0_U19/CO (FA1D0)                      0.06       1.90 f
  intadd_0_U18/CO (FA1D0)                      0.06       1.95 f
  intadd_0_U17/CO (FA1D0)                      0.06       2.01 f
  intadd_0_U16/CO (FA1D0)                      0.06       2.07 f
  intadd_0_U15/CO (FA1D0)                      0.06       2.12 f
  intadd_0_U14/CO (FA1D0)                      0.06       2.18 f
  intadd_0_U13/CO (FA1D0)                      0.06       2.23 f
  intadd_0_U12/CO (FA1D0)                      0.06       2.29 f
  intadd_0_U11/CO (FA1D0)                      0.06       2.34 f
  intadd_0_U10/CO (FA1D0)                      0.06       2.40 f
  intadd_0_U9/CO (FA1D0)                       0.06       2.45 f
  intadd_0_U8/CO (FA1D0)                       0.06       2.51 f
  intadd_0_U7/CO (FA1D0)                       0.06       2.56 f
  intadd_0_U6/CO (FA1D0)                       0.06       2.62 f
  intadd_0_U5/CO (FA1D0)                       0.06       2.67 f
  intadd_0_U4/CO (FA1D0)                       0.06       2.73 f
  intadd_0_U3/CO (FA1D0)                       0.06       2.78 f
  intadd_0_U2/CO (FA1D0)                       0.06       2.84 f
  U425/ZN (CKND2D0)                            0.05       2.89 r
  U426/ZN (OAI21D0)                            0.06       2.95 f
  U427/ZN (INVD0)                              0.05       3.00 r
  U584/ZN (OAI221D0)                           0.06       3.06 f
  DP_OP_64J1_122_3555_U59/S (CMPE42D1)         0.13       3.19 f
  U869/ZN (INVD0)                              0.02       3.21 r
  intadd_1_U4/CO (FA1D0)                       0.09       3.30 r
  intadd_1_U3/CO (FA1D0)                       0.05       3.35 r
  intadd_1_U2/CO (FA1D0)                       0.05       3.41 r
  U512/Z (XOR2D0)                              0.10       3.50 f
  U531/ZN (NR2D0)                              0.05       3.56 r
  U532/ZN (INVD0)                              0.03       3.59 f
  U770/Z (OR2D0)                               0.05       3.64 f
  DP_OP_68J1_123_9408_U16/CO (FA1D0)           0.10       3.74 f
  U513/Z (OR2D0)                               0.05       3.79 f
  U514/Z (OR2D0)                               0.05       3.84 f
  U515/Z (OR2D0)                               0.06       3.90 f
  U516/Z (OR2D0)                               0.06       3.95 f
  U517/Z (OR2D0)                               0.06       4.01 f
  U518/Z (OR2D0)                               0.06       4.07 f
  U337/ZN (NR2D0)                              0.03       4.10 r
  U560/ZN (INR2D0)                             0.05       4.15 r
  U561/ZN (NR3D0)                              0.06       4.21 f
  U562/ZN (OAI31D0)                            0.05       4.25 r
  U570/ZN (NR3D0)                              0.05       4.30 f
  U571/ZN (CKND2D0)                            0.18       4.47 r
  U597/ZN (OAI222D0)                           0.13       4.60 f
  result[12] (out)                             0.00       4.60 f
  data arrival time                                       4.60

  clock vclk (rise edge)                      10.00      10.00
  clock network delay (ideal)                  0.00      10.00
  output external delay                       -0.02       9.98
  data required time                                      9.98
  ---------------------------------------------------------------
  data required time                                      9.98
  data arrival time                                      -4.60
  ---------------------------------------------------------------
  slack (MET)                                             5.38


  Startpoint: y[21] (input port clocked by vclk)
  Endpoint: result[11] (output port clocked by vclk)
  Path Group: vclk
  Path Type: max

  Des/Clust/Port     Wire Load Model       Library
  ------------------------------------------------
  oadm_fixed_l3_div_opt_best4 ZeroWireload tcbn65gplustc_ccs

  Point                                        Incr       Path
  ---------------------------------------------------------------
  clock vclk (rise edge)                       0.00       0.00
  clock network delay (ideal)                  0.00       0.00
  input external delay                         0.02       0.02 r
  y[21] (in)                                   0.00       0.02 r
  U334/ZN (INVD0)                              0.07       0.10 f
  U335/ZN (INVD0)                              0.11       0.21 r
  U343/ZN (INVD0)                              0.15       0.36 f
  U607/ZN (CKND2D0)                            0.21       0.57 r
  U726/ZN (INVD0)                              0.06       0.64 f
  U746/ZN (AOI221D0)                           0.10       0.73 r
  U747/ZN (OAI32D0)                            0.05       0.78 f
  U748/ZN (AOI21D0)                            0.05       0.83 r
  U749/ZN (OAI32D0)                            0.04       0.87 f
  U750/ZN (AOI211D0)                           0.07       0.95 r
  U753/ZN (OAI211D0)                           0.08       1.02 f
  DP_OP_64J1_122_3555_U405/CO (CMPE42D1)       0.21       1.23 f
  DP_OP_64J1_122_3555_U399/COX (CMPE42D1)      0.09       1.32 f
  DP_OP_64J1_122_3555_U396/CO (CMPE42D1)       0.18       1.50 f
  DP_OP_64J1_122_3555_U392/S (CMPE42D1)        0.06       1.56 r
  U816/ZN (INVD0)                              0.02       1.58 f
  intadd_0_U23/CO (FA1D0)                      0.10       1.68 f
  intadd_0_U22/CO (FA1D0)                      0.06       1.73 f
  intadd_0_U21/CO (FA1D0)                      0.06       1.79 f
  intadd_0_U20/CO (FA1D0)                      0.06       1.84 f
  intadd_0_U19/CO (FA1D0)                      0.06       1.90 f
  intadd_0_U18/CO (FA1D0)                      0.06       1.95 f
  intadd_0_U17/CO (FA1D0)                      0.06       2.01 f
  intadd_0_U16/CO (FA1D0)                      0.06       2.07 f
  intadd_0_U15/CO (FA1D0)                      0.06       2.12 f
  intadd_0_U14/CO (FA1D0)                      0.06       2.18 f
  intadd_0_U13/CO (FA1D0)                      0.06       2.23 f
  intadd_0_U12/CO (FA1D0)                      0.06       2.29 f
  intadd_0_U11/CO (FA1D0)                      0.06       2.34 f
  intadd_0_U10/CO (FA1D0)                      0.06       2.40 f
  intadd_0_U9/CO (FA1D0)                       0.06       2.45 f
  intadd_0_U8/CO (FA1D0)                       0.06       2.51 f
  intadd_0_U7/CO (FA1D0)                       0.06       2.56 f
  intadd_0_U6/CO (FA1D0)                       0.06       2.62 f
  intadd_0_U5/CO (FA1D0)                       0.06       2.67 f
  intadd_0_U4/CO (FA1D0)                       0.06       2.73 f
  intadd_0_U3/CO (FA1D0)                       0.06       2.78 f
  intadd_0_U2/CO (FA1D0)                       0.06       2.84 f
  U425/ZN (CKND2D0)                            0.05       2.89 r
  U426/ZN (OAI21D0)                            0.06       2.95 f
  U427/ZN (INVD0)                              0.05       3.00 r
  U584/ZN (OAI221D0)                           0.06       3.06 f
  DP_OP_64J1_122_3555_U59/S (CMPE42D1)         0.13       3.19 f
  U869/ZN (INVD0)                              0.02       3.21 r
  intadd_1_U4/CO (FA1D0)                       0.09       3.30 r
  intadd_1_U3/CO (FA1D0)                       0.05       3.35 r
  intadd_1_U2/CO (FA1D0)                       0.05       3.41 r
  U512/Z (XOR2D0)                              0.10       3.50 f
  U531/ZN (NR2D0)                              0.05       3.56 r
  U532/ZN (INVD0)                              0.03       3.59 f
  U770/Z (OR2D0)                               0.05       3.64 f
  DP_OP_68J1_123_9408_U16/CO (FA1D0)           0.10       3.74 f
  U513/Z (OR2D0)                               0.05       3.79 f
  U514/Z (OR2D0)                               0.05       3.84 f
  U515/Z (OR2D0)                               0.06       3.90 f
  U516/Z (OR2D0)                               0.06       3.95 f
  U517/Z (OR2D0)                               0.06       4.01 f
  U518/Z (OR2D0)                               0.06       4.07 f
  U337/ZN (NR2D0)                              0.03       4.10 r
  U560/ZN (INR2D0)                             0.05       4.15 r
  U561/ZN (NR3D0)                              0.06       4.21 f
  U562/ZN (OAI31D0)                            0.05       4.25 r
  U570/ZN (NR3D0)                              0.05       4.30 f
  U571/ZN (CKND2D0)                            0.18       4.47 r
  U596/ZN (OAI222D0)                           0.13       4.60 f
  result[11] (out)                             0.00       4.60 f
  data arrival time                                       4.60

  clock vclk (rise edge)                      10.00      10.00
  clock network delay (ideal)                  0.00      10.00
  output external delay                       -0.02       9.98
  data required time                                      9.98
  ---------------------------------------------------------------
  data required time                                      9.98
  data arrival time                                      -4.60
  ---------------------------------------------------------------
  slack (MET)                                             5.38


  Startpoint: y[21] (input port clocked by vclk)
  Endpoint: result[10] (output port clocked by vclk)
  Path Group: vclk
  Path Type: max

  Des/Clust/Port     Wire Load Model       Library
  ------------------------------------------------
  oadm_fixed_l3_div_opt_best4 ZeroWireload tcbn65gplustc_ccs

  Point                                        Incr       Path
  ---------------------------------------------------------------
  clock vclk (rise edge)                       0.00       0.00
  clock network delay (ideal)                  0.00       0.00
  input external delay                         0.02       0.02 r
  y[21] (in)                                   0.00       0.02 r
  U334/ZN (INVD0)                              0.07       0.10 f
  U335/ZN (INVD0)                              0.11       0.21 r
  U343/ZN (INVD0)                              0.15       0.36 f
  U607/ZN (CKND2D0)                            0.21       0.57 r
  U726/ZN (INVD0)                              0.06       0.64 f
  U746/ZN (AOI221D0)                           0.10       0.73 r
  U747/ZN (OAI32D0)                            0.05       0.78 f
  U748/ZN (AOI21D0)                            0.05       0.83 r
  U749/ZN (OAI32D0)                            0.04       0.87 f
  U750/ZN (AOI211D0)                           0.07       0.95 r
  U753/ZN (OAI211D0)                           0.08       1.02 f
  DP_OP_64J1_122_3555_U405/CO (CMPE42D1)       0.21       1.23 f
  DP_OP_64J1_122_3555_U399/COX (CMPE42D1)      0.09       1.32 f
  DP_OP_64J1_122_3555_U396/CO (CMPE42D1)       0.18       1.50 f
  DP_OP_64J1_122_3555_U392/S (CMPE42D1)        0.06       1.56 r
  U816/ZN (INVD0)                              0.02       1.58 f
  intadd_0_U23/CO (FA1D0)                      0.10       1.68 f
  intadd_0_U22/CO (FA1D0)                      0.06       1.73 f
  intadd_0_U21/CO (FA1D0)                      0.06       1.79 f
  intadd_0_U20/CO (FA1D0)                      0.06       1.84 f
  intadd_0_U19/CO (FA1D0)                      0.06       1.90 f
  intadd_0_U18/CO (FA1D0)                      0.06       1.95 f
  intadd_0_U17/CO (FA1D0)                      0.06       2.01 f
  intadd_0_U16/CO (FA1D0)                      0.06       2.07 f
  intadd_0_U15/CO (FA1D0)                      0.06       2.12 f
  intadd_0_U14/CO (FA1D0)                      0.06       2.18 f
  intadd_0_U13/CO (FA1D0)                      0.06       2.23 f
  intadd_0_U12/CO (FA1D0)                      0.06       2.29 f
  intadd_0_U11/CO (FA1D0)                      0.06       2.34 f
  intadd_0_U10/CO (FA1D0)                      0.06       2.40 f
  intadd_0_U9/CO (FA1D0)                       0.06       2.45 f
  intadd_0_U8/CO (FA1D0)                       0.06       2.51 f
  intadd_0_U7/CO (FA1D0)                       0.06       2.56 f
  intadd_0_U6/CO (FA1D0)                       0.06       2.62 f
  intadd_0_U5/CO (FA1D0)                       0.06       2.67 f
  intadd_0_U4/CO (FA1D0)                       0.06       2.73 f
  intadd_0_U3/CO (FA1D0)                       0.06       2.78 f
  intadd_0_U2/CO (FA1D0)                       0.06       2.84 f
  U425/ZN (CKND2D0)                            0.05       2.89 r
  U426/ZN (OAI21D0)                            0.06       2.95 f
  U427/ZN (INVD0)                              0.05       3.00 r
  U584/ZN (OAI221D0)                           0.06       3.06 f
  DP_OP_64J1_122_3555_U59/S (CMPE42D1)         0.13       3.19 f
  U869/ZN (INVD0)                              0.02       3.21 r
  intadd_1_U4/CO (FA1D0)                       0.09       3.30 r
  intadd_1_U3/CO (FA1D0)                       0.05       3.35 r
  intadd_1_U2/CO (FA1D0)                       0.05       3.41 r
  U512/Z (XOR2D0)                              0.10       3.50 f
  U531/ZN (NR2D0)                              0.05       3.56 r
  U532/ZN (INVD0)                              0.03       3.59 f
  U770/Z (OR2D0)                               0.05       3.64 f
  DP_OP_68J1_123_9408_U16/CO (FA1D0)           0.10       3.74 f
  U513/Z (OR2D0)                               0.05       3.79 f
  U514/Z (OR2D0)                               0.05       3.84 f
  U515/Z (OR2D0)                               0.06       3.90 f
  U516/Z (OR2D0)                               0.06       3.95 f
  U517/Z (OR2D0)                               0.06       4.01 f
  U518/Z (OR2D0)                               0.06       4.07 f
  U337/ZN (NR2D0)                              0.03       4.10 r
  U560/ZN (INR2D0)                             0.05       4.15 r
  U561/ZN (NR3D0)                              0.06       4.21 f
  U562/ZN (OAI31D0)                            0.05       4.25 r
  U570/ZN (NR3D0)                              0.05       4.30 f
  U571/ZN (CKND2D0)                            0.18       4.47 r
  U595/ZN (OAI222D0)                           0.13       4.60 f
  result[10] (out)                             0.00       4.60 f
  data arrival time                                       4.60

  clock vclk (rise edge)                      10.00      10.00
  clock network delay (ideal)                  0.00      10.00
  output external delay                       -0.02       9.98
  data required time                                      9.98
  ---------------------------------------------------------------
  data required time                                      9.98
  data arrival time                                      -4.60
  ---------------------------------------------------------------
  slack (MET)                                             5.38


  Startpoint: y[21] (input port clocked by vclk)
  Endpoint: result[9] (output port clocked by vclk)
  Path Group: vclk
  Path Type: max

  Des/Clust/Port     Wire Load Model       Library
  ------------------------------------------------
  oadm_fixed_l3_div_opt_best4 ZeroWireload tcbn65gplustc_ccs

  Point                                        Incr       Path
  ---------------------------------------------------------------
  clock vclk (rise edge)                       0.00       0.00
  clock network delay (ideal)                  0.00       0.00
  input external delay                         0.02       0.02 r
  y[21] (in)                                   0.00       0.02 r
  U334/ZN (INVD0)                              0.07       0.10 f
  U335/ZN (INVD0)                              0.11       0.21 r
  U343/ZN (INVD0)                              0.15       0.36 f
  U607/ZN (CKND2D0)                            0.21       0.57 r
  U726/ZN (INVD0)                              0.06       0.64 f
  U746/ZN (AOI221D0)                           0.10       0.73 r
  U747/ZN (OAI32D0)                            0.05       0.78 f
  U748/ZN (AOI21D0)                            0.05       0.83 r
  U749/ZN (OAI32D0)                            0.04       0.87 f
  U750/ZN (AOI211D0)                           0.07       0.95 r
  U753/ZN (OAI211D0)                           0.08       1.02 f
  DP_OP_64J1_122_3555_U405/CO (CMPE42D1)       0.21       1.23 f
  DP_OP_64J1_122_3555_U399/COX (CMPE42D1)      0.09       1.32 f
  DP_OP_64J1_122_3555_U396/CO (CMPE42D1)       0.18       1.50 f
  DP_OP_64J1_122_3555_U392/S (CMPE42D1)        0.06       1.56 r
  U816/ZN (INVD0)                              0.02       1.58 f
  intadd_0_U23/CO (FA1D0)                      0.10       1.68 f
  intadd_0_U22/CO (FA1D0)                      0.06       1.73 f
  intadd_0_U21/CO (FA1D0)                      0.06       1.79 f
  intadd_0_U20/CO (FA1D0)                      0.06       1.84 f
  intadd_0_U19/CO (FA1D0)                      0.06       1.90 f
  intadd_0_U18/CO (FA1D0)                      0.06       1.95 f
  intadd_0_U17/CO (FA1D0)                      0.06       2.01 f
  intadd_0_U16/CO (FA1D0)                      0.06       2.07 f
  intadd_0_U15/CO (FA1D0)                      0.06       2.12 f
  intadd_0_U14/CO (FA1D0)                      0.06       2.18 f
  intadd_0_U13/CO (FA1D0)                      0.06       2.23 f
  intadd_0_U12/CO (FA1D0)                      0.06       2.29 f
  intadd_0_U11/CO (FA1D0)                      0.06       2.34 f
  intadd_0_U10/CO (FA1D0)                      0.06       2.40 f
  intadd_0_U9/CO (FA1D0)                       0.06       2.45 f
  intadd_0_U8/CO (FA1D0)                       0.06       2.51 f
  intadd_0_U7/CO (FA1D0)                       0.06       2.56 f
  intadd_0_U6/CO (FA1D0)                       0.06       2.62 f
  intadd_0_U5/CO (FA1D0)                       0.06       2.67 f
  intadd_0_U4/CO (FA1D0)                       0.06       2.73 f
  intadd_0_U3/CO (FA1D0)                       0.06       2.78 f
  intadd_0_U2/CO (FA1D0)                       0.06       2.84 f
  U425/ZN (CKND2D0)                            0.05       2.89 r
  U426/ZN (OAI21D0)                            0.06       2.95 f
  U427/ZN (INVD0)                              0.05       3.00 r
  U584/ZN (OAI221D0)                           0.06       3.06 f
  DP_OP_64J1_122_3555_U59/S (CMPE42D1)         0.13       3.19 f
  U869/ZN (INVD0)                              0.02       3.21 r
  intadd_1_U4/CO (FA1D0)                       0.09       3.30 r
  intadd_1_U3/CO (FA1D0)                       0.05       3.35 r
  intadd_1_U2/CO (FA1D0)                       0.05       3.41 r
  U512/Z (XOR2D0)                              0.10       3.50 f
  U531/ZN (NR2D0)                              0.05       3.56 r
  U532/ZN (INVD0)                              0.03       3.59 f
  U770/Z (OR2D0)                               0.05       3.64 f
  DP_OP_68J1_123_9408_U16/CO (FA1D0)           0.10       3.74 f
  U513/Z (OR2D0)                               0.05       3.79 f
  U514/Z (OR2D0)                               0.05       3.84 f
  U515/Z (OR2D0)                               0.06       3.90 f
  U516/Z (OR2D0)                               0.06       3.95 f
  U517/Z (OR2D0)                               0.06       4.01 f
  U518/Z (OR2D0)                               0.06       4.07 f
  U337/ZN (NR2D0)                              0.03       4.10 r
  U560/ZN (INR2D0)                             0.05       4.15 r
  U561/ZN (NR3D0)                              0.06       4.21 f
  U562/ZN (OAI31D0)                            0.05       4.25 r
  U570/ZN (NR3D0)                              0.05       4.30 f
  U571/ZN (CKND2D0)                            0.18       4.47 r
  U594/ZN (OAI222D0)                           0.13       4.60 f
  result[9] (out)                              0.00       4.60 f
  data arrival time                                       4.60

  clock vclk (rise edge)                      10.00      10.00
  clock network delay (ideal)                  0.00      10.00
  output external delay                       -0.02       9.98
  data required time                                      9.98
  ---------------------------------------------------------------
  data required time                                      9.98
  data arrival time                                      -4.60
  ---------------------------------------------------------------
  slack (MET)                                             5.38


  Startpoint: y[21] (input port clocked by vclk)
  Endpoint: result[8] (output port clocked by vclk)
  Path Group: vclk
  Path Type: max

  Des/Clust/Port     Wire Load Model       Library
  ------------------------------------------------
  oadm_fixed_l3_div_opt_best4 ZeroWireload tcbn65gplustc_ccs

  Point                                        Incr       Path
  ---------------------------------------------------------------
  clock vclk (rise edge)                       0.00       0.00
  clock network delay (ideal)                  0.00       0.00
  input external delay                         0.02       0.02 r
  y[21] (in)                                   0.00       0.02 r
  U334/ZN (INVD0)                              0.07       0.10 f
  U335/ZN (INVD0)                              0.11       0.21 r
  U343/ZN (INVD0)                              0.15       0.36 f
  U607/ZN (CKND2D0)                            0.21       0.57 r
  U726/ZN (INVD0)                              0.06       0.64 f
  U746/ZN (AOI221D0)                           0.10       0.73 r
  U747/ZN (OAI32D0)                            0.05       0.78 f
  U748/ZN (AOI21D0)                            0.05       0.83 r
  U749/ZN (OAI32D0)                            0.04       0.87 f
  U750/ZN (AOI211D0)                           0.07       0.95 r
  U753/ZN (OAI211D0)                           0.08       1.02 f
  DP_OP_64J1_122_3555_U405/CO (CMPE42D1)       0.21       1.23 f
  DP_OP_64J1_122_3555_U399/COX (CMPE42D1)      0.09       1.32 f
  DP_OP_64J1_122_3555_U396/CO (CMPE42D1)       0.18       1.50 f
  DP_OP_64J1_122_3555_U392/S (CMPE42D1)        0.06       1.56 r
  U816/ZN (INVD0)                              0.02       1.58 f
  intadd_0_U23/CO (FA1D0)                      0.10       1.68 f
  intadd_0_U22/CO (FA1D0)                      0.06       1.73 f
  intadd_0_U21/CO (FA1D0)                      0.06       1.79 f
  intadd_0_U20/CO (FA1D0)                      0.06       1.84 f
  intadd_0_U19/CO (FA1D0)                      0.06       1.90 f
  intadd_0_U18/CO (FA1D0)                      0.06       1.95 f
  intadd_0_U17/CO (FA1D0)                      0.06       2.01 f
  intadd_0_U16/CO (FA1D0)                      0.06       2.07 f
  intadd_0_U15/CO (FA1D0)                      0.06       2.12 f
  intadd_0_U14/CO (FA1D0)                      0.06       2.18 f
  intadd_0_U13/CO (FA1D0)                      0.06       2.23 f
  intadd_0_U12/CO (FA1D0)                      0.06       2.29 f
  intadd_0_U11/CO (FA1D0)                      0.06       2.34 f
  intadd_0_U10/CO (FA1D0)                      0.06       2.40 f
  intadd_0_U9/CO (FA1D0)                       0.06       2.45 f
  intadd_0_U8/CO (FA1D0)                       0.06       2.51 f
  intadd_0_U7/CO (FA1D0)                       0.06       2.56 f
  intadd_0_U6/CO (FA1D0)                       0.06       2.62 f
  intadd_0_U5/CO (FA1D0)                       0.06       2.67 f
  intadd_0_U4/CO (FA1D0)                       0.06       2.73 f
  intadd_0_U3/CO (FA1D0)                       0.06       2.78 f
  intadd_0_U2/CO (FA1D0)                       0.06       2.84 f
  U425/ZN (CKND2D0)                            0.05       2.89 r
  U426/ZN (OAI21D0)                            0.06       2.95 f
  U427/ZN (INVD0)                              0.05       3.00 r
  U584/ZN (OAI221D0)                           0.06       3.06 f
  DP_OP_64J1_122_3555_U59/S (CMPE42D1)         0.13       3.19 f
  U869/ZN (INVD0)                              0.02       3.21 r
  intadd_1_U4/CO (FA1D0)                       0.09       3.30 r
  intadd_1_U3/CO (FA1D0)                       0.05       3.35 r
  intadd_1_U2/CO (FA1D0)                       0.05       3.41 r
  U512/Z (XOR2D0)                              0.10       3.50 f
  U531/ZN (NR2D0)                              0.05       3.56 r
  U532/ZN (INVD0)                              0.03       3.59 f
  U770/Z (OR2D0)                               0.05       3.64 f
  DP_OP_68J1_123_9408_U16/CO (FA1D0)           0.10       3.74 f
  U513/Z (OR2D0)                               0.05       3.79 f
  U514/Z (OR2D0)                               0.05       3.84 f
  U515/Z (OR2D0)                               0.06       3.90 f
  U516/Z (OR2D0)                               0.06       3.95 f
  U517/Z (OR2D0)                               0.06       4.01 f
  U518/Z (OR2D0)                               0.06       4.07 f
  U337/ZN (NR2D0)                              0.03       4.10 r
  U560/ZN (INR2D0)                             0.05       4.15 r
  U561/ZN (NR3D0)                              0.06       4.21 f
  U562/ZN (OAI31D0)                            0.05       4.25 r
  U570/ZN (NR3D0)                              0.05       4.30 f
  U571/ZN (CKND2D0)                            0.18       4.47 r
  U585/ZN (OAI222D0)                           0.13       4.60 f
  result[8] (out)                              0.00       4.60 f
  data arrival time                                       4.60

  clock vclk (rise edge)                      10.00      10.00
  clock network delay (ideal)                  0.00      10.00
  output external delay                       -0.02       9.98
  data required time                                      9.98
  ---------------------------------------------------------------
  data required time                                      9.98
  data arrival time                                      -4.60
  ---------------------------------------------------------------
  slack (MET)                                             5.38


  Startpoint: y[21] (input port clocked by vclk)
  Endpoint: result[7] (output port clocked by vclk)
  Path Group: vclk
  Path Type: max

  Des/Clust/Port     Wire Load Model       Library
  ------------------------------------------------
  oadm_fixed_l3_div_opt_best4 ZeroWireload tcbn65gplustc_ccs

  Point                                        Incr       Path
  ---------------------------------------------------------------
  clock vclk (rise edge)                       0.00       0.00
  clock network delay (ideal)                  0.00       0.00
  input external delay                         0.02       0.02 r
  y[21] (in)                                   0.00       0.02 r
  U334/ZN (INVD0)                              0.07       0.10 f
  U335/ZN (INVD0)                              0.11       0.21 r
  U343/ZN (INVD0)                              0.15       0.36 f
  U607/ZN (CKND2D0)                            0.21       0.57 r
  U726/ZN (INVD0)                              0.06       0.64 f
  U746/ZN (AOI221D0)                           0.10       0.73 r
  U747/ZN (OAI32D0)                            0.05       0.78 f
  U748/ZN (AOI21D0)                            0.05       0.83 r
  U749/ZN (OAI32D0)                            0.04       0.87 f
  U750/ZN (AOI211D0)                           0.07       0.95 r
  U753/ZN (OAI211D0)                           0.08       1.02 f
  DP_OP_64J1_122_3555_U405/CO (CMPE42D1)       0.21       1.23 f
  DP_OP_64J1_122_3555_U399/COX (CMPE42D1)      0.09       1.32 f
  DP_OP_64J1_122_3555_U396/CO (CMPE42D1)       0.18       1.50 f
  DP_OP_64J1_122_3555_U392/S (CMPE42D1)        0.06       1.56 r
  U816/ZN (INVD0)                              0.02       1.58 f
  intadd_0_U23/CO (FA1D0)                      0.10       1.68 f
  intadd_0_U22/CO (FA1D0)                      0.06       1.73 f
  intadd_0_U21/CO (FA1D0)                      0.06       1.79 f
  intadd_0_U20/CO (FA1D0)                      0.06       1.84 f
  intadd_0_U19/CO (FA1D0)                      0.06       1.90 f
  intadd_0_U18/CO (FA1D0)                      0.06       1.95 f
  intadd_0_U17/CO (FA1D0)                      0.06       2.01 f
  intadd_0_U16/CO (FA1D0)                      0.06       2.07 f
  intadd_0_U15/CO (FA1D0)                      0.06       2.12 f
  intadd_0_U14/CO (FA1D0)                      0.06       2.18 f
  intadd_0_U13/CO (FA1D0)                      0.06       2.23 f
  intadd_0_U12/CO (FA1D0)                      0.06       2.29 f
  intadd_0_U11/CO (FA1D0)                      0.06       2.34 f
  intadd_0_U10/CO (FA1D0)                      0.06       2.40 f
  intadd_0_U9/CO (FA1D0)                       0.06       2.45 f
  intadd_0_U8/CO (FA1D0)                       0.06       2.51 f
  intadd_0_U7/CO (FA1D0)                       0.06       2.56 f
  intadd_0_U6/CO (FA1D0)                       0.06       2.62 f
  intadd_0_U5/CO (FA1D0)                       0.06       2.67 f
  intadd_0_U4/CO (FA1D0)                       0.06       2.73 f
  intadd_0_U3/CO (FA1D0)                       0.06       2.78 f
  intadd_0_U2/CO (FA1D0)                       0.06       2.84 f
  U425/ZN (CKND2D0)                            0.05       2.89 r
  U426/ZN (OAI21D0)                            0.06       2.95 f
  U427/ZN (INVD0)                              0.05       3.00 r
  U584/ZN (OAI221D0)                           0.06       3.06 f
  DP_OP_64J1_122_3555_U59/S (CMPE42D1)         0.13       3.19 f
  U869/ZN (INVD0)                              0.02       3.21 r
  intadd_1_U4/CO (FA1D0)                       0.09       3.30 r
  intadd_1_U3/CO (FA1D0)                       0.05       3.35 r
  intadd_1_U2/CO (FA1D0)                       0.05       3.41 r
  U512/Z (XOR2D0)                              0.10       3.50 f
  U531/ZN (NR2D0)                              0.05       3.56 r
  U532/ZN (INVD0)                              0.03       3.59 f
  U770/Z (OR2D0)                               0.05       3.64 f
  DP_OP_68J1_123_9408_U16/CO (FA1D0)           0.10       3.74 f
  U513/Z (OR2D0)                               0.05       3.79 f
  U514/Z (OR2D0)                               0.05       3.84 f
  U515/Z (OR2D0)                               0.06       3.90 f
  U516/Z (OR2D0)                               0.06       3.95 f
  U517/Z (OR2D0)                               0.06       4.01 f
  U518/Z (OR2D0)                               0.06       4.07 f
  U337/ZN (NR2D0)                              0.03       4.10 r
  U560/ZN (INR2D0)                             0.05       4.15 r
  U561/ZN (NR3D0)                              0.06       4.21 f
  U562/ZN (OAI31D0)                            0.05       4.25 r
  U570/ZN (NR3D0)                              0.05       4.30 f
  U571/ZN (CKND2D0)                            0.18       4.47 r
  U586/ZN (OAI222D0)                           0.13       4.60 f
  result[7] (out)                              0.00       4.60 f
  data arrival time                                       4.60

  clock vclk (rise edge)                      10.00      10.00
  clock network delay (ideal)                  0.00      10.00
  output external delay                       -0.02       9.98
  data required time                                      9.98
  ---------------------------------------------------------------
  data required time                                      9.98
  data arrival time                                      -4.60
  ---------------------------------------------------------------
  slack (MET)                                             5.38


  Startpoint: y[21] (input port clocked by vclk)
  Endpoint: result[6] (output port clocked by vclk)
  Path Group: vclk
  Path Type: max

  Des/Clust/Port     Wire Load Model       Library
  ------------------------------------------------
  oadm_fixed_l3_div_opt_best4 ZeroWireload tcbn65gplustc_ccs

  Point                                        Incr       Path
  ---------------------------------------------------------------
  clock vclk (rise edge)                       0.00       0.00
  clock network delay (ideal)                  0.00       0.00
  input external delay                         0.02       0.02 r
  y[21] (in)                                   0.00       0.02 r
  U334/ZN (INVD0)                              0.07       0.10 f
  U335/ZN (INVD0)                              0.11       0.21 r
  U343/ZN (INVD0)                              0.15       0.36 f
  U607/ZN (CKND2D0)                            0.21       0.57 r
  U726/ZN (INVD0)                              0.06       0.64 f
  U746/ZN (AOI221D0)                           0.10       0.73 r
  U747/ZN (OAI32D0)                            0.05       0.78 f
  U748/ZN (AOI21D0)                            0.05       0.83 r
  U749/ZN (OAI32D0)                            0.04       0.87 f
  U750/ZN (AOI211D0)                           0.07       0.95 r
  U753/ZN (OAI211D0)                           0.08       1.02 f
  DP_OP_64J1_122_3555_U405/CO (CMPE42D1)       0.21       1.23 f
  DP_OP_64J1_122_3555_U399/COX (CMPE42D1)      0.09       1.32 f
  DP_OP_64J1_122_3555_U396/CO (CMPE42D1)       0.18       1.50 f
  DP_OP_64J1_122_3555_U392/S (CMPE42D1)        0.06       1.56 r
  U816/ZN (INVD0)                              0.02       1.58 f
  intadd_0_U23/CO (FA1D0)                      0.10       1.68 f
  intadd_0_U22/CO (FA1D0)                      0.06       1.73 f
  intadd_0_U21/CO (FA1D0)                      0.06       1.79 f
  intadd_0_U20/CO (FA1D0)                      0.06       1.84 f
  intadd_0_U19/CO (FA1D0)                      0.06       1.90 f
  intadd_0_U18/CO (FA1D0)                      0.06       1.95 f
  intadd_0_U17/CO (FA1D0)                      0.06       2.01 f
  intadd_0_U16/CO (FA1D0)                      0.06       2.07 f
  intadd_0_U15/CO (FA1D0)                      0.06       2.12 f
  intadd_0_U14/CO (FA1D0)                      0.06       2.18 f
  intadd_0_U13/CO (FA1D0)                      0.06       2.23 f
  intadd_0_U12/CO (FA1D0)                      0.06       2.29 f
  intadd_0_U11/CO (FA1D0)                      0.06       2.34 f
  intadd_0_U10/CO (FA1D0)                      0.06       2.40 f
  intadd_0_U9/CO (FA1D0)                       0.06       2.45 f
  intadd_0_U8/CO (FA1D0)                       0.06       2.51 f
  intadd_0_U7/CO (FA1D0)                       0.06       2.56 f
  intadd_0_U6/CO (FA1D0)                       0.06       2.62 f
  intadd_0_U5/CO (FA1D0)                       0.06       2.67 f
  intadd_0_U4/CO (FA1D0)                       0.06       2.73 f
  intadd_0_U3/CO (FA1D0)                       0.06       2.78 f
  intadd_0_U2/CO (FA1D0)                       0.06       2.84 f
  U425/ZN (CKND2D0)                            0.05       2.89 r
  U426/ZN (OAI21D0)                            0.06       2.95 f
  U427/ZN (INVD0)                              0.05       3.00 r
  U584/ZN (OAI221D0)                           0.06       3.06 f
  DP_OP_64J1_122_3555_U59/S (CMPE42D1)         0.13       3.19 f
  U869/ZN (INVD0)                              0.02       3.21 r
  intadd_1_U4/CO (FA1D0)                       0.09       3.30 r
  intadd_1_U3/CO (FA1D0)                       0.05       3.35 r
  intadd_1_U2/CO (FA1D0)                       0.05       3.41 r
  U512/Z (XOR2D0)                              0.10       3.50 f
  U531/ZN (NR2D0)                              0.05       3.56 r
  U532/ZN (INVD0)                              0.03       3.59 f
  U770/Z (OR2D0)                               0.05       3.64 f
  DP_OP_68J1_123_9408_U16/CO (FA1D0)           0.10       3.74 f
  U513/Z (OR2D0)                               0.05       3.79 f
  U514/Z (OR2D0)                               0.05       3.84 f
  U515/Z (OR2D0)                               0.06       3.90 f
  U516/Z (OR2D0)                               0.06       3.95 f
  U517/Z (OR2D0)                               0.06       4.01 f
  U518/Z (OR2D0)                               0.06       4.07 f
  U337/ZN (NR2D0)                              0.03       4.10 r
  U560/ZN (INR2D0)                             0.05       4.15 r
  U561/ZN (NR3D0)                              0.06       4.21 f
  U562/ZN (OAI31D0)                            0.05       4.25 r
  U570/ZN (NR3D0)                              0.05       4.30 f
  U571/ZN (CKND2D0)                            0.18       4.47 r
  U588/ZN (OAI222D0)                           0.13       4.60 f
  result[6] (out)                              0.00       4.60 f
  data arrival time                                       4.60

  clock vclk (rise edge)                      10.00      10.00
  clock network delay (ideal)                  0.00      10.00
  output external delay                       -0.02       9.98
  data required time                                      9.98
  ---------------------------------------------------------------
  data required time                                      9.98
  data arrival time                                      -4.60
  ---------------------------------------------------------------
  slack (MET)                                             5.38


  Startpoint: y[21] (input port clocked by vclk)
  Endpoint: result[5] (output port clocked by vclk)
  Path Group: vclk
  Path Type: max

  Des/Clust/Port     Wire Load Model       Library
  ------------------------------------------------
  oadm_fixed_l3_div_opt_best4 ZeroWireload tcbn65gplustc_ccs

  Point                                        Incr       Path
  ---------------------------------------------------------------
  clock vclk (rise edge)                       0.00       0.00
  clock network delay (ideal)                  0.00       0.00
  input external delay                         0.02       0.02 r
  y[21] (in)                                   0.00       0.02 r
  U334/ZN (INVD0)                              0.07       0.10 f
  U335/ZN (INVD0)                              0.11       0.21 r
  U343/ZN (INVD0)                              0.15       0.36 f
  U607/ZN (CKND2D0)                            0.21       0.57 r
  U726/ZN (INVD0)                              0.06       0.64 f
  U746/ZN (AOI221D0)                           0.10       0.73 r
  U747/ZN (OAI32D0)                            0.05       0.78 f
  U748/ZN (AOI21D0)                            0.05       0.83 r
  U749/ZN (OAI32D0)                            0.04       0.87 f
  U750/ZN (AOI211D0)                           0.07       0.95 r
  U753/ZN (OAI211D0)                           0.08       1.02 f
  DP_OP_64J1_122_3555_U405/CO (CMPE42D1)       0.21       1.23 f
  DP_OP_64J1_122_3555_U399/COX (CMPE42D1)      0.09       1.32 f
  DP_OP_64J1_122_3555_U396/CO (CMPE42D1)       0.18       1.50 f
  DP_OP_64J1_122_3555_U392/S (CMPE42D1)        0.06       1.56 r
  U816/ZN (INVD0)                              0.02       1.58 f
  intadd_0_U23/CO (FA1D0)                      0.10       1.68 f
  intadd_0_U22/CO (FA1D0)                      0.06       1.73 f
  intadd_0_U21/CO (FA1D0)                      0.06       1.79 f
  intadd_0_U20/CO (FA1D0)                      0.06       1.84 f
  intadd_0_U19/CO (FA1D0)                      0.06       1.90 f
  intadd_0_U18/CO (FA1D0)                      0.06       1.95 f
  intadd_0_U17/CO (FA1D0)                      0.06       2.01 f
  intadd_0_U16/CO (FA1D0)                      0.06       2.07 f
  intadd_0_U15/CO (FA1D0)                      0.06       2.12 f
  intadd_0_U14/CO (FA1D0)                      0.06       2.18 f
  intadd_0_U13/CO (FA1D0)                      0.06       2.23 f
  intadd_0_U12/CO (FA1D0)                      0.06       2.29 f
  intadd_0_U11/CO (FA1D0)                      0.06       2.34 f
  intadd_0_U10/CO (FA1D0)                      0.06       2.40 f
  intadd_0_U9/CO (FA1D0)                       0.06       2.45 f
  intadd_0_U8/CO (FA1D0)                       0.06       2.51 f
  intadd_0_U7/CO (FA1D0)                       0.06       2.56 f
  intadd_0_U6/CO (FA1D0)                       0.06       2.62 f
  intadd_0_U5/CO (FA1D0)                       0.06       2.67 f
  intadd_0_U4/CO (FA1D0)                       0.06       2.73 f
  intadd_0_U3/CO (FA1D0)                       0.06       2.78 f
  intadd_0_U2/CO (FA1D0)                       0.06       2.84 f
  U425/ZN (CKND2D0)                            0.05       2.89 r
  U426/ZN (OAI21D0)                            0.06       2.95 f
  U427/ZN (INVD0)                              0.05       3.00 r
  U584/ZN (OAI221D0)                           0.06       3.06 f
  DP_OP_64J1_122_3555_U59/S (CMPE42D1)         0.13       3.19 f
  U869/ZN (INVD0)                              0.02       3.21 r
  intadd_1_U4/CO (FA1D0)                       0.09       3.30 r
  intadd_1_U3/CO (FA1D0)                       0.05       3.35 r
  intadd_1_U2/CO (FA1D0)                       0.05       3.41 r
  U512/Z (XOR2D0)                              0.10       3.50 f
  U531/ZN (NR2D0)                              0.05       3.56 r
  U532/ZN (INVD0)                              0.03       3.59 f
  U770/Z (OR2D0)                               0.05       3.64 f
  DP_OP_68J1_123_9408_U16/CO (FA1D0)           0.10       3.74 f
  U513/Z (OR2D0)                               0.05       3.79 f
  U514/Z (OR2D0)                               0.05       3.84 f
  U515/Z (OR2D0)                               0.06       3.90 f
  U516/Z (OR2D0)                               0.06       3.95 f
  U517/Z (OR2D0)                               0.06       4.01 f
  U518/Z (OR2D0)                               0.06       4.07 f
  U337/ZN (NR2D0)                              0.03       4.10 r
  U560/ZN (INR2D0)                             0.05       4.15 r
  U561/ZN (NR3D0)                              0.06       4.21 f
  U562/ZN (OAI31D0)                            0.05       4.25 r
  U570/ZN (NR3D0)                              0.05       4.30 f
  U571/ZN (CKND2D0)                            0.18       4.47 r
  U590/ZN (OAI222D0)                           0.13       4.60 f
  result[5] (out)                              0.00       4.60 f
  data arrival time                                       4.60

  clock vclk (rise edge)                      10.00      10.00
  clock network delay (ideal)                  0.00      10.00
  output external delay                       -0.02       9.98
  data required time                                      9.98
  ---------------------------------------------------------------
  data required time                                      9.98
  data arrival time                                      -4.60
  ---------------------------------------------------------------
  slack (MET)                                             5.38


  Startpoint: y[21] (input port clocked by vclk)
  Endpoint: result[4] (output port clocked by vclk)
  Path Group: vclk
  Path Type: max

  Des/Clust/Port     Wire Load Model       Library
  ------------------------------------------------
  oadm_fixed_l3_div_opt_best4 ZeroWireload tcbn65gplustc_ccs

  Point                                        Incr       Path
  ---------------------------------------------------------------
  clock vclk (rise edge)                       0.00       0.00
  clock network delay (ideal)                  0.00       0.00
  input external delay                         0.02       0.02 r
  y[21] (in)                                   0.00       0.02 r
  U334/ZN (INVD0)                              0.07       0.10 f
  U335/ZN (INVD0)                              0.11       0.21 r
  U343/ZN (INVD0)                              0.15       0.36 f
  U607/ZN (CKND2D0)                            0.21       0.57 r
  U726/ZN (INVD0)                              0.06       0.64 f
  U746/ZN (AOI221D0)                           0.10       0.73 r
  U747/ZN (OAI32D0)                            0.05       0.78 f
  U748/ZN (AOI21D0)                            0.05       0.83 r
  U749/ZN (OAI32D0)                            0.04       0.87 f
  U750/ZN (AOI211D0)                           0.07       0.95 r
  U753/ZN (OAI211D0)                           0.08       1.02 f
  DP_OP_64J1_122_3555_U405/CO (CMPE42D1)       0.21       1.23 f
  DP_OP_64J1_122_3555_U399/COX (CMPE42D1)      0.09       1.32 f
  DP_OP_64J1_122_3555_U396/CO (CMPE42D1)       0.18       1.50 f
  DP_OP_64J1_122_3555_U392/S (CMPE42D1)        0.06       1.56 r
  U816/ZN (INVD0)                              0.02       1.58 f
  intadd_0_U23/CO (FA1D0)                      0.10       1.68 f
  intadd_0_U22/CO (FA1D0)                      0.06       1.73 f
  intadd_0_U21/CO (FA1D0)                      0.06       1.79 f
  intadd_0_U20/CO (FA1D0)                      0.06       1.84 f
  intadd_0_U19/CO (FA1D0)                      0.06       1.90 f
  intadd_0_U18/CO (FA1D0)                      0.06       1.95 f
  intadd_0_U17/CO (FA1D0)                      0.06       2.01 f
  intadd_0_U16/CO (FA1D0)                      0.06       2.07 f
  intadd_0_U15/CO (FA1D0)                      0.06       2.12 f
  intadd_0_U14/CO (FA1D0)                      0.06       2.18 f
  intadd_0_U13/CO (FA1D0)                      0.06       2.23 f
  intadd_0_U12/CO (FA1D0)                      0.06       2.29 f
  intadd_0_U11/CO (FA1D0)                      0.06       2.34 f
  intadd_0_U10/CO (FA1D0)                      0.06       2.40 f
  intadd_0_U9/CO (FA1D0)                       0.06       2.45 f
  intadd_0_U8/CO (FA1D0)                       0.06       2.51 f
  intadd_0_U7/CO (FA1D0)                       0.06       2.56 f
  intadd_0_U6/CO (FA1D0)                       0.06       2.62 f
  intadd_0_U5/CO (FA1D0)                       0.06       2.67 f
  intadd_0_U4/CO (FA1D0)                       0.06       2.73 f
  intadd_0_U3/CO (FA1D0)                       0.06       2.78 f
  intadd_0_U2/CO (FA1D0)                       0.06       2.84 f
  U425/ZN (CKND2D0)                            0.05       2.89 r
  U426/ZN (OAI21D0)                            0.06       2.95 f
  U427/ZN (INVD0)                              0.05       3.00 r
  U584/ZN (OAI221D0)                           0.06       3.06 f
  DP_OP_64J1_122_3555_U59/S (CMPE42D1)         0.13       3.19 f
  U869/ZN (INVD0)                              0.02       3.21 r
  intadd_1_U4/CO (FA1D0)                       0.09       3.30 r
  intadd_1_U3/CO (FA1D0)                       0.05       3.35 r
  intadd_1_U2/CO (FA1D0)                       0.05       3.41 r
  U512/Z (XOR2D0)                              0.10       3.50 f
  U531/ZN (NR2D0)                              0.05       3.56 r
  U532/ZN (INVD0)                              0.03       3.59 f
  U770/Z (OR2D0)                               0.05       3.64 f
  DP_OP_68J1_123_9408_U16/CO (FA1D0)           0.10       3.74 f
  U513/Z (OR2D0)                               0.05       3.79 f
  U514/Z (OR2D0)                               0.05       3.84 f
  U515/Z (OR2D0)                               0.06       3.90 f
  U516/Z (OR2D0)                               0.06       3.95 f
  U517/Z (OR2D0)                               0.06       4.01 f
  U518/Z (OR2D0)                               0.06       4.07 f
  U337/ZN (NR2D0)                              0.03       4.10 r
  U560/ZN (INR2D0)                             0.05       4.15 r
  U561/ZN (NR3D0)                              0.06       4.21 f
  U562/ZN (OAI31D0)                            0.05       4.25 r
  U570/ZN (NR3D0)                              0.05       4.30 f
  U571/ZN (CKND2D0)                            0.18       4.47 r
  U589/ZN (OAI222D0)                           0.13       4.60 f
  result[4] (out)                              0.00       4.60 f
  data arrival time                                       4.60

  clock vclk (rise edge)                      10.00      10.00
  clock network delay (ideal)                  0.00      10.00
  output external delay                       -0.02       9.98
  data required time                                      9.98
  ---------------------------------------------------------------
  data required time                                      9.98
  data arrival time                                      -4.60
  ---------------------------------------------------------------
  slack (MET)                                             5.38


  Startpoint: y[21] (input port clocked by vclk)
  Endpoint: result[2] (output port clocked by vclk)
  Path Group: vclk
  Path Type: max

  Des/Clust/Port     Wire Load Model       Library
  ------------------------------------------------
  oadm_fixed_l3_div_opt_best4 ZeroWireload tcbn65gplustc_ccs

  Point                                        Incr       Path
  ---------------------------------------------------------------
  clock vclk (rise edge)                       0.00       0.00
  clock network delay (ideal)                  0.00       0.00
  input external delay                         0.02       0.02 r
  y[21] (in)                                   0.00       0.02 r
  U334/ZN (INVD0)                              0.07       0.10 f
  U335/ZN (INVD0)                              0.11       0.21 r
  U343/ZN (INVD0)                              0.15       0.36 f
  U607/ZN (CKND2D0)                            0.21       0.57 r
  U726/ZN (INVD0)                              0.06       0.64 f
  U746/ZN (AOI221D0)                           0.10       0.73 r
  U747/ZN (OAI32D0)                            0.05       0.78 f
  U748/ZN (AOI21D0)                            0.05       0.83 r
  U749/ZN (OAI32D0)                            0.04       0.87 f
  U750/ZN (AOI211D0)                           0.07       0.95 r
  U753/ZN (OAI211D0)                           0.08       1.02 f
  DP_OP_64J1_122_3555_U405/CO (CMPE42D1)       0.21       1.23 f
  DP_OP_64J1_122_3555_U399/COX (CMPE42D1)      0.09       1.32 f
  DP_OP_64J1_122_3555_U396/CO (CMPE42D1)       0.18       1.50 f
  DP_OP_64J1_122_3555_U392/S (CMPE42D1)        0.06       1.56 r
  U816/ZN (INVD0)                              0.02       1.58 f
  intadd_0_U23/CO (FA1D0)                      0.10       1.68 f
  intadd_0_U22/CO (FA1D0)                      0.06       1.73 f
  intadd_0_U21/CO (FA1D0)                      0.06       1.79 f
  intadd_0_U20/CO (FA1D0)                      0.06       1.84 f
  intadd_0_U19/CO (FA1D0)                      0.06       1.90 f
  intadd_0_U18/CO (FA1D0)                      0.06       1.95 f
  intadd_0_U17/CO (FA1D0)                      0.06       2.01 f
  intadd_0_U16/CO (FA1D0)                      0.06       2.07 f
  intadd_0_U15/CO (FA1D0)                      0.06       2.12 f
  intadd_0_U14/CO (FA1D0)                      0.06       2.18 f
  intadd_0_U13/CO (FA1D0)                      0.06       2.23 f
  intadd_0_U12/CO (FA1D0)                      0.06       2.29 f
  intadd_0_U11/CO (FA1D0)                      0.06       2.34 f
  intadd_0_U10/CO (FA1D0)                      0.06       2.40 f
  intadd_0_U9/CO (FA1D0)                       0.06       2.45 f
  intadd_0_U8/CO (FA1D0)                       0.06       2.51 f
  intadd_0_U7/CO (FA1D0)                       0.06       2.56 f
  intadd_0_U6/CO (FA1D0)                       0.06       2.62 f
  intadd_0_U5/CO (FA1D0)                       0.06       2.67 f
  intadd_0_U4/CO (FA1D0)                       0.06       2.73 f
  intadd_0_U3/CO (FA1D0)                       0.06       2.78 f
  intadd_0_U2/CO (FA1D0)                       0.06       2.84 f
  U425/ZN (CKND2D0)                            0.05       2.89 r
  U426/ZN (OAI21D0)                            0.06       2.95 f
  U427/ZN (INVD0)                              0.05       3.00 r
  U584/ZN (OAI221D0)                           0.06       3.06 f
  DP_OP_64J1_122_3555_U59/S (CMPE42D1)         0.13       3.19 f
  U869/ZN (INVD0)                              0.02       3.21 r
  intadd_1_U4/CO (FA1D0)                       0.09       3.30 r
  intadd_1_U3/CO (FA1D0)                       0.05       3.35 r
  intadd_1_U2/CO (FA1D0)                       0.05       3.41 r
  U512/Z (XOR2D0)                              0.10       3.50 f
  U531/ZN (NR2D0)                              0.05       3.56 r
  U532/ZN (INVD0)                              0.03       3.59 f
  U770/Z (OR2D0)                               0.05       3.64 f
  DP_OP_68J1_123_9408_U16/CO (FA1D0)           0.10       3.74 f
  U513/Z (OR2D0)                               0.05       3.79 f
  U514/Z (OR2D0)                               0.05       3.84 f
  U515/Z (OR2D0)                               0.06       3.90 f
  U516/Z (OR2D0)                               0.06       3.95 f
  U517/Z (OR2D0)                               0.06       4.01 f
  U518/Z (OR2D0)                               0.06       4.07 f
  U337/ZN (NR2D0)                              0.03       4.10 r
  U560/ZN (INR2D0)                             0.05       4.15 r
  U561/ZN (NR3D0)                              0.06       4.21 f
  U562/ZN (OAI31D0)                            0.05       4.25 r
  U570/ZN (NR3D0)                              0.05       4.30 f
  U571/ZN (CKND2D0)                            0.18       4.47 r
  U587/ZN (OAI222D0)                           0.13       4.60 f
  result[2] (out)                              0.00       4.60 f
  data arrival time                                       4.60

  clock vclk (rise edge)                      10.00      10.00
  clock network delay (ideal)                  0.00      10.00
  output external delay                       -0.02       9.98
  data required time                                      9.98
  ---------------------------------------------------------------
  data required time                                      9.98
  data arrival time                                      -4.60
  ---------------------------------------------------------------
  slack (MET)                                             5.38


  Startpoint: y[21] (input port clocked by vclk)
  Endpoint: result[3] (output port clocked by vclk)
  Path Group: vclk
  Path Type: max

  Des/Clust/Port     Wire Load Model       Library
  ------------------------------------------------
  oadm_fixed_l3_div_opt_best4 ZeroWireload tcbn65gplustc_ccs

  Point                                        Incr       Path
  ---------------------------------------------------------------
  clock vclk (rise edge)                       0.00       0.00
  clock network delay (ideal)                  0.00       0.00
  input external delay                         0.02       0.02 r
  y[21] (in)                                   0.00       0.02 r
  U334/ZN (INVD0)                              0.07       0.10 f
  U335/ZN (INVD0)                              0.11       0.21 r
  U343/ZN (INVD0)                              0.15       0.36 f
  U607/ZN (CKND2D0)                            0.21       0.57 r
  U726/ZN (INVD0)                              0.06       0.64 f
  U746/ZN (AOI221D0)                           0.10       0.73 r
  U747/ZN (OAI32D0)                            0.05       0.78 f
  U748/ZN (AOI21D0)                            0.05       0.83 r
  U749/ZN (OAI32D0)                            0.04       0.87 f
  U750/ZN (AOI211D0)                           0.07       0.95 r
  U753/ZN (OAI211D0)                           0.08       1.02 f
  DP_OP_64J1_122_3555_U405/CO (CMPE42D1)       0.21       1.23 f
  DP_OP_64J1_122_3555_U399/COX (CMPE42D1)      0.09       1.32 f
  DP_OP_64J1_122_3555_U396/CO (CMPE42D1)       0.18       1.50 f
  DP_OP_64J1_122_3555_U392/S (CMPE42D1)        0.06       1.56 r
  U816/ZN (INVD0)                              0.02       1.58 f
  intadd_0_U23/CO (FA1D0)                      0.10       1.68 f
  intadd_0_U22/CO (FA1D0)                      0.06       1.73 f
  intadd_0_U21/CO (FA1D0)                      0.06       1.79 f
  intadd_0_U20/CO (FA1D0)                      0.06       1.84 f
  intadd_0_U19/CO (FA1D0)                      0.06       1.90 f
  intadd_0_U18/CO (FA1D0)                      0.06       1.95 f
  intadd_0_U17/CO (FA1D0)                      0.06       2.01 f
  intadd_0_U16/CO (FA1D0)                      0.06       2.07 f
  intadd_0_U15/CO (FA1D0)                      0.06       2.12 f
  intadd_0_U14/CO (FA1D0)                      0.06       2.18 f
  intadd_0_U13/CO (FA1D0)                      0.06       2.23 f
  intadd_0_U12/CO (FA1D0)                      0.06       2.29 f
  intadd_0_U11/CO (FA1D0)                      0.06       2.34 f
  intadd_0_U10/CO (FA1D0)                      0.06       2.40 f
  intadd_0_U9/CO (FA1D0)                       0.06       2.45 f
  intadd_0_U8/CO (FA1D0)                       0.06       2.51 f
  intadd_0_U7/CO (FA1D0)                       0.06       2.56 f
  intadd_0_U6/CO (FA1D0)                       0.06       2.62 f
  intadd_0_U5/CO (FA1D0)                       0.06       2.67 f
  intadd_0_U4/CO (FA1D0)                       0.06       2.73 f
  intadd_0_U3/CO (FA1D0)                       0.06       2.78 f
  intadd_0_U2/CO (FA1D0)                       0.06       2.84 f
  U425/ZN (CKND2D0)                            0.05       2.89 r
  U426/ZN (OAI21D0)                            0.06       2.95 f
  U427/ZN (INVD0)                              0.05       3.00 r
  U584/ZN (OAI221D0)                           0.06       3.06 f
  DP_OP_64J1_122_3555_U59/S (CMPE42D1)         0.13       3.19 f
  U869/ZN (INVD0)                              0.02       3.21 r
  intadd_1_U4/CO (FA1D0)                       0.09       3.30 r
  intadd_1_U3/CO (FA1D0)                       0.05       3.35 r
  intadd_1_U2/CO (FA1D0)                       0.05       3.41 r
  U512/Z (XOR2D0)                              0.10       3.50 f
  U531/ZN (NR2D0)                              0.05       3.56 r
  U532/ZN (INVD0)                              0.03       3.59 f
  U770/Z (OR2D0)                               0.05       3.64 f
  DP_OP_68J1_123_9408_U16/CO (FA1D0)           0.10       3.74 f
  U513/Z (OR2D0)                               0.05       3.79 f
  U514/Z (OR2D0)                               0.05       3.84 f
  U515/Z (OR2D0)                               0.06       3.90 f
  U516/Z (OR2D0)                               0.06       3.95 f
  U517/Z (OR2D0)                               0.06       4.01 f
  U518/Z (OR2D0)                               0.06       4.07 f
  U337/ZN (NR2D0)                              0.03       4.10 r
  U560/ZN (INR2D0)                             0.05       4.15 r
  U561/ZN (NR3D0)                              0.06       4.21 f
  U562/ZN (OAI31D0)                            0.05       4.25 r
  U570/ZN (NR3D0)                              0.05       4.30 f
  U571/ZN (CKND2D0)                            0.18       4.47 r
  U576/ZN (OAI222D0)                           0.12       4.59 f
  result[3] (out)                              0.00       4.59 f
  data arrival time                                       4.59

  clock vclk (rise edge)                      10.00      10.00
  clock network delay (ideal)                  0.00      10.00
  output external delay                       -0.02       9.98
  data required time                                      9.98
  ---------------------------------------------------------------
  data required time                                      9.98
  data arrival time                                      -4.59
  ---------------------------------------------------------------
  slack (MET)                                             5.39


1
