 
****************************************
Report : timing
        -path full
        -delay max
        -nworst 10
        -max_paths 10
Design : oadm_runtime_drop_r10_s14
Version: U-2022.12-SP7
Date   : Thu Sep  3 18:48:10 2026
****************************************

Operating Conditions: NCCOM   Library: tcbn65gplustc_ccs
Wire Load Model Mode: segmented

  Startpoint: level[0] (input port clocked by vclk)
  Endpoint: result[30] (output port clocked by vclk)
  Path Group: vclk
  Path Type: max

  Des/Clust/Port     Wire Load Model       Library
  ------------------------------------------------
  oadm_runtime_drop_r10_s14 ZeroWireload   tcbn65gplustc_ccs
  oadm_runtime_drop_sweep_RESIDUAL_DROP10_SCALE_DROP14 ZeroWireload tcbn65gplustc_ccs
  oadm_runtime_plane_pruned_RESIDUAL_DROP10 ZeroWireload tcbn65gplustc_ccs
  oadm_runtime_plane_pruned_RESIDUAL_DROP10_DW_mult_uns_0 ZeroWireload tcbn65gplustc_ccs
  oadm_runtime_plane_pruned_RESIDUAL_DROP10_DW_mult_tc_0 ZeroWireload tcbn65gplustc_ccs
  oadm_runtime_plane_pruned_RESIDUAL_DROP10_DW_mult_tc_1 ZeroWireload tcbn65gplustc_ccs
  oadm_runtime_plane_pruned_RESIDUAL_DROP10_DW01_sub_0 ZeroWireload tcbn65gplustc_ccs
  oadm_runtime_plane_pruned_RESIDUAL_DROP10_DW01_add_0 ZeroWireload tcbn65gplustc_ccs
  oadm_runtime_drop_sweep_RESIDUAL_DROP10_SCALE_DROP14_DW_mult_uns_0_DW_mult_uns_1 ZeroWireload tcbn65gplustc_ccs
  fp32_normal_finite_wrapper ZeroWireload  tcbn65gplustc_ccs

  Point                                                                                                                      Incr       Path
  ---------------------------------------------------------------------------------------------------------------------------------------------
  clock vclk (rise edge)                                                                                                     0.00       0.00
  clock network delay (ideal)                                                                                                0.00       0.00
  input external delay                                                                                                       0.02       0.02 r
  level[0] (in)                                                                                                              0.01       0.03 r
  U1/Z (CKBD1)                                                                                                               0.05       0.07 r
  implementation/level[0] (oadm_runtime_drop_sweep_RESIDUAL_DROP10_SCALE_DROP14)                                             0.00       0.07 r
  implementation/plane/level[0] (oadm_runtime_plane_pruned_RESIDUAL_DROP10)                                                  0.00       0.07 r
  implementation/plane/U6/ZN (CKND2D0)                                                                                       0.06       0.13 f
  implementation/plane/U5/ZN (CKND0)                                                                                         0.14       0.27 r
  implementation/plane/U85/Z (AO21D1)                                                                                        0.13       0.39 r
  implementation/plane/mult_58/b[1] (oadm_runtime_plane_pruned_RESIDUAL_DROP10_DW_mult_tc_0)                                 0.00       0.39 r
  implementation/plane/mult_58/U161/ZN (XNR2D0)                                                                              0.16       0.55 r
  implementation/plane/mult_58/U159/ZN (OAI211D0)                                                                            0.16       0.71 f
  implementation/plane/mult_58/U191/ZN (OAI22D0)                                                                             0.09       0.80 r
  implementation/plane/mult_58/U43/S (HA1D0)                                                                                 0.07       0.88 f
  implementation/plane/mult_58/U16/CO (FA1D0)                                                                                0.10       0.98 f
  implementation/plane/mult_58/U15/CO (FA1D0)                                                                                0.06       1.03 f
  implementation/plane/mult_58/U14/CO (FA1D0)                                                                                0.06       1.09 f
  implementation/plane/mult_58/U13/CO (FA1D0)                                                                                0.06       1.14 f
  implementation/plane/mult_58/U12/CO (FA1D0)                                                                                0.06       1.20 f
  implementation/plane/mult_58/U11/CO (FA1D0)                                                                                0.06       1.25 f
  implementation/plane/mult_58/U10/CO (FA1D0)                                                                                0.06       1.31 f
  implementation/plane/mult_58/U9/CO (FA1D0)                                                                                 0.06       1.37 f
  implementation/plane/mult_58/U8/CO (FA1D0)                                                                                 0.06       1.42 f
  implementation/plane/mult_58/U7/CO (FA1D0)                                                                                 0.06       1.48 f
  implementation/plane/mult_58/U6/S (FA1D0)                                                                                  0.08       1.55 r
  implementation/plane/mult_58/product[13] (oadm_runtime_plane_pruned_RESIDUAL_DROP10_DW_mult_tc_0)                          0.00       1.55 r
  implementation/plane/U17/CO (FA1D0)                                                                                        0.08       1.64 r
  implementation/plane/U15/S (FA1D0)                                                                                         0.09       1.72 r
  implementation/plane/sub_0_root_sub_73/A[20] (oadm_runtime_plane_pruned_RESIDUAL_DROP10_DW01_sub_0)                        0.00       1.72 r
  implementation/plane/sub_0_root_sub_73/U2_20/S (FA1D0)                                                                     0.11       1.83 f
  implementation/plane/sub_0_root_sub_73/DIFF[20] (oadm_runtime_plane_pruned_RESIDUAL_DROP10_DW01_sub_0)                     0.00       1.83 f
  implementation/plane/U16/Z (AO22D0)                                                                                        0.07       1.90 f
  implementation/plane/plane_exact[20] (oadm_runtime_plane_pruned_RESIDUAL_DROP10)                                           0.00       1.90 f
  implementation/mult_56/a[6] (oadm_runtime_drop_sweep_RESIDUAL_DROP10_SCALE_DROP14_DW_mult_uns_0_DW_mult_uns_1)             0.00       1.90 f
  implementation/mult_56/U167/ZN (INVD1)                                                                                     0.03       1.93 r
  implementation/mult_56/U266/Z (CKXOR2D0)                                                                                   0.08       2.00 f
  implementation/mult_56/U263/ZN (OAI22D0)                                                                                   0.07       2.07 r
  implementation/mult_56/U33/S (CMPE42D1)                                                                                    0.19       2.26 f
  implementation/mult_56/U13/CO (FA1D0)                                                                                      0.10       2.36 f
  implementation/mult_56/U12/CO (FA1D0)                                                                                      0.06       2.42 f
  implementation/mult_56/U11/CO (FA1D0)                                                                                      0.06       2.47 f
  implementation/mult_56/U10/CO (FA1D0)                                                                                      0.06       2.53 f
  implementation/mult_56/U9/CO (FA1D0)                                                                                       0.06       2.58 f
  implementation/mult_56/U8/CO (FA1D0)                                                                                       0.06       2.64 f
  implementation/mult_56/U7/CO (FA1D0)                                                                                       0.06       2.69 f
  implementation/mult_56/U6/CO (FA1D0)                                                                                       0.06       2.75 f
  implementation/mult_56/U5/CO (FA1D0)                                                                                       0.06       2.80 f
  implementation/mult_56/U4/CO (FA1D0)                                                                                       0.06       2.86 f
  implementation/mult_56/U3/CO (FA1D0)                                                                                       0.05       2.91 f
  implementation/mult_56/U180/ZN (XNR3D0)                                                                                    0.10       3.01 f
  implementation/mult_56/product[17] (oadm_runtime_drop_sweep_RESIDUAL_DROP10_SCALE_DROP14_DW_mult_uns_0_DW_mult_uns_1)      0.00       3.01 f
  implementation/U48/ZN (AOI22D1)                                                                                            0.15       3.16 r
  implementation/U11/ZN (INVD1)                                                                                              0.03       3.19 f
  implementation/U10/ZN (INR3D0)                                                                                             0.06       3.26 r
  implementation/U6/ZN (INVD1)                                                                                               0.06       3.32 f
  implementation/U5/ZN (ND2D1)                                                                                               0.14       3.46 r
  implementation/fp_wrapper/exponent_adjust[1] (fp32_normal_finite_wrapper)                                                  0.00       3.46 r
  implementation/fp_wrapper/U50/CO (FA1D0)                                                                                   0.11       3.57 r
  implementation/fp_wrapper/U51/CO (FA1D0)                                                                                   0.05       3.62 r
  implementation/fp_wrapper/U52/CO (FA1D0)                                                                                   0.05       3.67 r
  implementation/fp_wrapper/U53/CO (FA1D0)                                                                                   0.05       3.73 r
  implementation/fp_wrapper/U54/CO (FA1D0)                                                                                   0.05       3.78 r
  implementation/fp_wrapper/U55/CO (FA1D0)                                                                                   0.05       3.83 r
  implementation/fp_wrapper/U65/Z (XOR3D1)                                                                                   0.07       3.90 f
  implementation/fp_wrapper/U63/Z (AO22D0)                                                                                   0.08       3.98 f
  implementation/fp_wrapper/result[30] (fp32_normal_finite_wrapper)                                                          0.00       3.98 f
  implementation/result[30] (oadm_runtime_drop_sweep_RESIDUAL_DROP10_SCALE_DROP14)                                           0.00       3.98 f
  result[30] (out)                                                                                                           0.00       3.98 f
  data arrival time                                                                                                                     3.98

  clock vclk (rise edge)                                                                                                    10.00      10.00
  clock network delay (ideal)                                                                                                0.00      10.00
  output external delay                                                                                                     -0.02       9.98
  data required time                                                                                                                    9.98
  ---------------------------------------------------------------------------------------------------------------------------------------------
  data required time                                                                                                                    9.98
  data arrival time                                                                                                                    -3.98
  ---------------------------------------------------------------------------------------------------------------------------------------------
  slack (MET)                                                                                                                           6.00


  Startpoint: level[0] (input port clocked by vclk)
  Endpoint: result[30] (output port clocked by vclk)
  Path Group: vclk
  Path Type: max

  Des/Clust/Port     Wire Load Model       Library
  ------------------------------------------------
  oadm_runtime_drop_r10_s14 ZeroWireload   tcbn65gplustc_ccs
  oadm_runtime_drop_sweep_RESIDUAL_DROP10_SCALE_DROP14 ZeroWireload tcbn65gplustc_ccs
  oadm_runtime_plane_pruned_RESIDUAL_DROP10 ZeroWireload tcbn65gplustc_ccs
  oadm_runtime_plane_pruned_RESIDUAL_DROP10_DW_mult_uns_0 ZeroWireload tcbn65gplustc_ccs
  oadm_runtime_plane_pruned_RESIDUAL_DROP10_DW_mult_tc_0 ZeroWireload tcbn65gplustc_ccs
  oadm_runtime_plane_pruned_RESIDUAL_DROP10_DW_mult_tc_1 ZeroWireload tcbn65gplustc_ccs
  oadm_runtime_plane_pruned_RESIDUAL_DROP10_DW01_sub_0 ZeroWireload tcbn65gplustc_ccs
  oadm_runtime_plane_pruned_RESIDUAL_DROP10_DW01_add_0 ZeroWireload tcbn65gplustc_ccs
  oadm_runtime_drop_sweep_RESIDUAL_DROP10_SCALE_DROP14_DW_mult_uns_0_DW_mult_uns_1 ZeroWireload tcbn65gplustc_ccs
  fp32_normal_finite_wrapper ZeroWireload  tcbn65gplustc_ccs

  Point                                                                                                                      Incr       Path
  ---------------------------------------------------------------------------------------------------------------------------------------------
  clock vclk (rise edge)                                                                                                     0.00       0.00
  clock network delay (ideal)                                                                                                0.00       0.00
  input external delay                                                                                                       0.02       0.02 r
  level[0] (in)                                                                                                              0.01       0.03 r
  U1/Z (CKBD1)                                                                                                               0.05       0.07 r
  implementation/level[0] (oadm_runtime_drop_sweep_RESIDUAL_DROP10_SCALE_DROP14)                                             0.00       0.07 r
  implementation/plane/level[0] (oadm_runtime_plane_pruned_RESIDUAL_DROP10)                                                  0.00       0.07 r
  implementation/plane/U6/ZN (CKND2D0)                                                                                       0.06       0.13 f
  implementation/plane/U5/ZN (CKND0)                                                                                         0.14       0.27 r
  implementation/plane/U85/Z (AO21D1)                                                                                        0.13       0.39 r
  implementation/plane/mult_58/b[1] (oadm_runtime_plane_pruned_RESIDUAL_DROP10_DW_mult_tc_0)                                 0.00       0.39 r
  implementation/plane/mult_58/U161/ZN (XNR2D0)                                                                              0.16       0.55 r
  implementation/plane/mult_58/U159/ZN (OAI211D0)                                                                            0.16       0.71 f
  implementation/plane/mult_58/U191/ZN (OAI22D0)                                                                             0.09       0.80 r
  implementation/plane/mult_58/U43/S (HA1D0)                                                                                 0.07       0.88 f
  implementation/plane/mult_58/U16/CO (FA1D0)                                                                                0.10       0.98 f
  implementation/plane/mult_58/U15/CO (FA1D0)                                                                                0.06       1.03 f
  implementation/plane/mult_58/U14/CO (FA1D0)                                                                                0.06       1.09 f
  implementation/plane/mult_58/U13/CO (FA1D0)                                                                                0.06       1.14 f
  implementation/plane/mult_58/U12/CO (FA1D0)                                                                                0.06       1.20 f
  implementation/plane/mult_58/U11/CO (FA1D0)                                                                                0.06       1.25 f
  implementation/plane/mult_58/U10/CO (FA1D0)                                                                                0.06       1.31 f
  implementation/plane/mult_58/U9/CO (FA1D0)                                                                                 0.06       1.37 f
  implementation/plane/mult_58/U8/CO (FA1D0)                                                                                 0.06       1.42 f
  implementation/plane/mult_58/U7/CO (FA1D0)                                                                                 0.06       1.48 f
  implementation/plane/mult_58/U6/S (FA1D0)                                                                                  0.08       1.55 r
  implementation/plane/mult_58/product[13] (oadm_runtime_plane_pruned_RESIDUAL_DROP10_DW_mult_tc_0)                          0.00       1.55 r
  implementation/plane/U17/CO (FA1D0)                                                                                        0.08       1.64 r
  implementation/plane/U15/S (FA1D0)                                                                                         0.09       1.72 r
  implementation/plane/sub_0_root_sub_73/A[20] (oadm_runtime_plane_pruned_RESIDUAL_DROP10_DW01_sub_0)                        0.00       1.72 r
  implementation/plane/sub_0_root_sub_73/U2_20/S (FA1D0)                                                                     0.11       1.83 f
  implementation/plane/sub_0_root_sub_73/DIFF[20] (oadm_runtime_plane_pruned_RESIDUAL_DROP10_DW01_sub_0)                     0.00       1.83 f
  implementation/plane/U16/Z (AO22D0)                                                                                        0.07       1.90 f
  implementation/plane/plane_exact[20] (oadm_runtime_plane_pruned_RESIDUAL_DROP10)                                           0.00       1.90 f
  implementation/mult_56/a[6] (oadm_runtime_drop_sweep_RESIDUAL_DROP10_SCALE_DROP14_DW_mult_uns_0_DW_mult_uns_1)             0.00       1.90 f
  implementation/mult_56/U167/ZN (INVD1)                                                                                     0.03       1.93 r
  implementation/mult_56/U266/Z (CKXOR2D0)                                                                                   0.08       2.00 f
  implementation/mult_56/U263/ZN (OAI22D0)                                                                                   0.07       2.07 r
  implementation/mult_56/U33/S (CMPE42D1)                                                                                    0.19       2.26 f
  implementation/mult_56/U13/CO (FA1D0)                                                                                      0.10       2.36 f
  implementation/mult_56/U12/CO (FA1D0)                                                                                      0.06       2.42 f
  implementation/mult_56/U11/CO (FA1D0)                                                                                      0.06       2.47 f
  implementation/mult_56/U10/CO (FA1D0)                                                                                      0.06       2.53 f
  implementation/mult_56/U9/CO (FA1D0)                                                                                       0.06       2.58 f
  implementation/mult_56/U8/CO (FA1D0)                                                                                       0.06       2.64 f
  implementation/mult_56/U7/CO (FA1D0)                                                                                       0.06       2.69 f
  implementation/mult_56/U6/CO (FA1D0)                                                                                       0.06       2.75 f
  implementation/mult_56/U5/CO (FA1D0)                                                                                       0.06       2.80 f
  implementation/mult_56/U4/CO (FA1D0)                                                                                       0.06       2.86 f
  implementation/mult_56/U3/CO (FA1D0)                                                                                       0.05       2.91 f
  implementation/mult_56/U180/ZN (XNR3D0)                                                                                    0.10       3.01 f
  implementation/mult_56/product[17] (oadm_runtime_drop_sweep_RESIDUAL_DROP10_SCALE_DROP14_DW_mult_uns_0_DW_mult_uns_1)      0.00       3.01 f
  implementation/U48/ZN (AOI22D1)                                                                                            0.15       3.16 r
  implementation/U11/ZN (INVD1)                                                                                              0.03       3.19 f
  implementation/U10/ZN (INR3D0)                                                                                             0.06       3.26 r
  implementation/U6/ZN (INVD1)                                                                                               0.06       3.32 f
  implementation/U5/ZN (ND2D1)                                                                                               0.14       3.46 r
  implementation/fp_wrapper/exponent_adjust[1] (fp32_normal_finite_wrapper)                                                  0.00       3.46 r
  implementation/fp_wrapper/U50/CO (FA1D0)                                                                                   0.11       3.57 r
  implementation/fp_wrapper/U51/CO (FA1D0)                                                                                   0.05       3.62 r
  implementation/fp_wrapper/U52/CO (FA1D0)                                                                                   0.05       3.67 r
  implementation/fp_wrapper/U53/CO (FA1D0)                                                                                   0.05       3.73 r
  implementation/fp_wrapper/U54/CO (FA1D0)                                                                                   0.05       3.78 r
  implementation/fp_wrapper/U55/CO (FA1D0)                                                                                   0.05       3.83 r
  implementation/fp_wrapper/U65/Z (XOR3D1)                                                                                   0.07       3.90 f
  implementation/fp_wrapper/U63/Z (AO22D0)                                                                                   0.08       3.98 f
  implementation/fp_wrapper/result[30] (fp32_normal_finite_wrapper)                                                          0.00       3.98 f
  implementation/result[30] (oadm_runtime_drop_sweep_RESIDUAL_DROP10_SCALE_DROP14)                                           0.00       3.98 f
  result[30] (out)                                                                                                           0.00       3.98 f
  data arrival time                                                                                                                     3.98

  clock vclk (rise edge)                                                                                                    10.00      10.00
  clock network delay (ideal)                                                                                                0.00      10.00
  output external delay                                                                                                     -0.02       9.98
  data required time                                                                                                                    9.98
  ---------------------------------------------------------------------------------------------------------------------------------------------
  data required time                                                                                                                    9.98
  data arrival time                                                                                                                    -3.98
  ---------------------------------------------------------------------------------------------------------------------------------------------
  slack (MET)                                                                                                                           6.00


  Startpoint: level[0] (input port clocked by vclk)
  Endpoint: result[30] (output port clocked by vclk)
  Path Group: vclk
  Path Type: max

  Des/Clust/Port     Wire Load Model       Library
  ------------------------------------------------
  oadm_runtime_drop_r10_s14 ZeroWireload   tcbn65gplustc_ccs
  oadm_runtime_drop_sweep_RESIDUAL_DROP10_SCALE_DROP14 ZeroWireload tcbn65gplustc_ccs
  oadm_runtime_plane_pruned_RESIDUAL_DROP10 ZeroWireload tcbn65gplustc_ccs
  oadm_runtime_plane_pruned_RESIDUAL_DROP10_DW_mult_uns_0 ZeroWireload tcbn65gplustc_ccs
  oadm_runtime_plane_pruned_RESIDUAL_DROP10_DW_mult_tc_0 ZeroWireload tcbn65gplustc_ccs
  oadm_runtime_plane_pruned_RESIDUAL_DROP10_DW_mult_tc_1 ZeroWireload tcbn65gplustc_ccs
  oadm_runtime_plane_pruned_RESIDUAL_DROP10_DW01_sub_0 ZeroWireload tcbn65gplustc_ccs
  oadm_runtime_plane_pruned_RESIDUAL_DROP10_DW01_add_0 ZeroWireload tcbn65gplustc_ccs
  oadm_runtime_drop_sweep_RESIDUAL_DROP10_SCALE_DROP14_DW_mult_uns_0_DW_mult_uns_1 ZeroWireload tcbn65gplustc_ccs
  fp32_normal_finite_wrapper ZeroWireload  tcbn65gplustc_ccs

  Point                                                                                                                      Incr       Path
  ---------------------------------------------------------------------------------------------------------------------------------------------
  clock vclk (rise edge)                                                                                                     0.00       0.00
  clock network delay (ideal)                                                                                                0.00       0.00
  input external delay                                                                                                       0.02       0.02 r
  level[0] (in)                                                                                                              0.01       0.03 r
  U1/Z (CKBD1)                                                                                                               0.05       0.07 r
  implementation/level[0] (oadm_runtime_drop_sweep_RESIDUAL_DROP10_SCALE_DROP14)                                             0.00       0.07 r
  implementation/plane/level[0] (oadm_runtime_plane_pruned_RESIDUAL_DROP10)                                                  0.00       0.07 r
  implementation/plane/U6/ZN (CKND2D0)                                                                                       0.06       0.13 f
  implementation/plane/U5/ZN (CKND0)                                                                                         0.14       0.27 r
  implementation/plane/U85/Z (AO21D1)                                                                                        0.13       0.39 r
  implementation/plane/mult_58/b[1] (oadm_runtime_plane_pruned_RESIDUAL_DROP10_DW_mult_tc_0)                                 0.00       0.39 r
  implementation/plane/mult_58/U161/ZN (XNR2D0)                                                                              0.16       0.55 r
  implementation/plane/mult_58/U159/ZN (OAI211D0)                                                                            0.16       0.71 f
  implementation/plane/mult_58/U191/ZN (OAI22D0)                                                                             0.09       0.80 r
  implementation/plane/mult_58/U43/S (HA1D0)                                                                                 0.07       0.88 f
  implementation/plane/mult_58/U16/CO (FA1D0)                                                                                0.10       0.98 f
  implementation/plane/mult_58/U15/CO (FA1D0)                                                                                0.06       1.03 f
  implementation/plane/mult_58/U14/CO (FA1D0)                                                                                0.06       1.09 f
  implementation/plane/mult_58/U13/CO (FA1D0)                                                                                0.06       1.14 f
  implementation/plane/mult_58/U12/CO (FA1D0)                                                                                0.06       1.20 f
  implementation/plane/mult_58/U11/CO (FA1D0)                                                                                0.06       1.25 f
  implementation/plane/mult_58/U10/CO (FA1D0)                                                                                0.06       1.31 f
  implementation/plane/mult_58/U9/CO (FA1D0)                                                                                 0.06       1.37 f
  implementation/plane/mult_58/U8/CO (FA1D0)                                                                                 0.06       1.42 f
  implementation/plane/mult_58/U7/CO (FA1D0)                                                                                 0.06       1.48 f
  implementation/plane/mult_58/U6/S (FA1D0)                                                                                  0.08       1.55 r
  implementation/plane/mult_58/product[13] (oadm_runtime_plane_pruned_RESIDUAL_DROP10_DW_mult_tc_0)                          0.00       1.55 r
  implementation/plane/U17/CO (FA1D0)                                                                                        0.08       1.64 r
  implementation/plane/U15/S (FA1D0)                                                                                         0.09       1.72 r
  implementation/plane/sub_0_root_sub_73/A[20] (oadm_runtime_plane_pruned_RESIDUAL_DROP10_DW01_sub_0)                        0.00       1.72 r
  implementation/plane/sub_0_root_sub_73/U2_20/S (FA1D0)                                                                     0.11       1.83 f
  implementation/plane/sub_0_root_sub_73/DIFF[20] (oadm_runtime_plane_pruned_RESIDUAL_DROP10_DW01_sub_0)                     0.00       1.83 f
  implementation/plane/U16/Z (AO22D0)                                                                                        0.07       1.90 f
  implementation/plane/plane_exact[20] (oadm_runtime_plane_pruned_RESIDUAL_DROP10)                                           0.00       1.90 f
  implementation/mult_56/a[6] (oadm_runtime_drop_sweep_RESIDUAL_DROP10_SCALE_DROP14_DW_mult_uns_0_DW_mult_uns_1)             0.00       1.90 f
  implementation/mult_56/U167/ZN (INVD1)                                                                                     0.03       1.93 r
  implementation/mult_56/U266/Z (CKXOR2D0)                                                                                   0.08       2.00 f
  implementation/mult_56/U263/ZN (OAI22D0)                                                                                   0.07       2.07 r
  implementation/mult_56/U33/S (CMPE42D1)                                                                                    0.19       2.26 f
  implementation/mult_56/U13/CO (FA1D0)                                                                                      0.10       2.36 f
  implementation/mult_56/U12/CO (FA1D0)                                                                                      0.06       2.42 f
  implementation/mult_56/U11/CO (FA1D0)                                                                                      0.06       2.47 f
  implementation/mult_56/U10/CO (FA1D0)                                                                                      0.06       2.53 f
  implementation/mult_56/U9/CO (FA1D0)                                                                                       0.06       2.58 f
  implementation/mult_56/U8/CO (FA1D0)                                                                                       0.06       2.64 f
  implementation/mult_56/U7/CO (FA1D0)                                                                                       0.06       2.69 f
  implementation/mult_56/U6/CO (FA1D0)                                                                                       0.06       2.75 f
  implementation/mult_56/U5/CO (FA1D0)                                                                                       0.06       2.80 f
  implementation/mult_56/U4/CO (FA1D0)                                                                                       0.06       2.86 f
  implementation/mult_56/U3/CO (FA1D0)                                                                                       0.05       2.91 f
  implementation/mult_56/U180/ZN (XNR3D0)                                                                                    0.10       3.01 f
  implementation/mult_56/product[17] (oadm_runtime_drop_sweep_RESIDUAL_DROP10_SCALE_DROP14_DW_mult_uns_0_DW_mult_uns_1)      0.00       3.01 f
  implementation/U48/ZN (AOI22D1)                                                                                            0.15       3.16 r
  implementation/U11/ZN (INVD1)                                                                                              0.03       3.19 f
  implementation/U10/ZN (INR3D0)                                                                                             0.06       3.26 r
  implementation/U6/ZN (INVD1)                                                                                               0.06       3.32 f
  implementation/U5/ZN (ND2D1)                                                                                               0.14       3.46 r
  implementation/fp_wrapper/exponent_adjust[1] (fp32_normal_finite_wrapper)                                                  0.00       3.46 r
  implementation/fp_wrapper/U50/CO (FA1D0)                                                                                   0.11       3.57 r
  implementation/fp_wrapper/U51/CO (FA1D0)                                                                                   0.05       3.62 r
  implementation/fp_wrapper/U52/CO (FA1D0)                                                                                   0.05       3.67 r
  implementation/fp_wrapper/U53/CO (FA1D0)                                                                                   0.05       3.73 r
  implementation/fp_wrapper/U54/CO (FA1D0)                                                                                   0.05       3.78 r
  implementation/fp_wrapper/U55/CO (FA1D0)                                                                                   0.05       3.83 r
  implementation/fp_wrapper/U65/Z (XOR3D1)                                                                                   0.07       3.90 f
  implementation/fp_wrapper/U63/Z (AO22D0)                                                                                   0.08       3.98 f
  implementation/fp_wrapper/result[30] (fp32_normal_finite_wrapper)                                                          0.00       3.98 f
  implementation/result[30] (oadm_runtime_drop_sweep_RESIDUAL_DROP10_SCALE_DROP14)                                           0.00       3.98 f
  result[30] (out)                                                                                                           0.00       3.98 f
  data arrival time                                                                                                                     3.98

  clock vclk (rise edge)                                                                                                    10.00      10.00
  clock network delay (ideal)                                                                                                0.00      10.00
  output external delay                                                                                                     -0.02       9.98
  data required time                                                                                                                    9.98
  ---------------------------------------------------------------------------------------------------------------------------------------------
  data required time                                                                                                                    9.98
  data arrival time                                                                                                                    -3.98
  ---------------------------------------------------------------------------------------------------------------------------------------------
  slack (MET)                                                                                                                           6.00


  Startpoint: level[0] (input port clocked by vclk)
  Endpoint: result[30] (output port clocked by vclk)
  Path Group: vclk
  Path Type: max

  Des/Clust/Port     Wire Load Model       Library
  ------------------------------------------------
  oadm_runtime_drop_r10_s14 ZeroWireload   tcbn65gplustc_ccs
  oadm_runtime_drop_sweep_RESIDUAL_DROP10_SCALE_DROP14 ZeroWireload tcbn65gplustc_ccs
  oadm_runtime_plane_pruned_RESIDUAL_DROP10 ZeroWireload tcbn65gplustc_ccs
  oadm_runtime_plane_pruned_RESIDUAL_DROP10_DW_mult_uns_0 ZeroWireload tcbn65gplustc_ccs
  oadm_runtime_plane_pruned_RESIDUAL_DROP10_DW_mult_tc_0 ZeroWireload tcbn65gplustc_ccs
  oadm_runtime_plane_pruned_RESIDUAL_DROP10_DW_mult_tc_1 ZeroWireload tcbn65gplustc_ccs
  oadm_runtime_plane_pruned_RESIDUAL_DROP10_DW01_sub_0 ZeroWireload tcbn65gplustc_ccs
  oadm_runtime_plane_pruned_RESIDUAL_DROP10_DW01_add_0 ZeroWireload tcbn65gplustc_ccs
  oadm_runtime_drop_sweep_RESIDUAL_DROP10_SCALE_DROP14_DW_mult_uns_0_DW_mult_uns_1 ZeroWireload tcbn65gplustc_ccs
  fp32_normal_finite_wrapper ZeroWireload  tcbn65gplustc_ccs

  Point                                                                                                                      Incr       Path
  ---------------------------------------------------------------------------------------------------------------------------------------------
  clock vclk (rise edge)                                                                                                     0.00       0.00
  clock network delay (ideal)                                                                                                0.00       0.00
  input external delay                                                                                                       0.02       0.02 r
  level[0] (in)                                                                                                              0.01       0.03 r
  U1/Z (CKBD1)                                                                                                               0.05       0.07 r
  implementation/level[0] (oadm_runtime_drop_sweep_RESIDUAL_DROP10_SCALE_DROP14)                                             0.00       0.07 r
  implementation/plane/level[0] (oadm_runtime_plane_pruned_RESIDUAL_DROP10)                                                  0.00       0.07 r
  implementation/plane/U6/ZN (CKND2D0)                                                                                       0.06       0.13 f
  implementation/plane/U5/ZN (CKND0)                                                                                         0.14       0.27 r
  implementation/plane/U85/Z (AO21D1)                                                                                        0.13       0.39 r
  implementation/plane/mult_58/b[1] (oadm_runtime_plane_pruned_RESIDUAL_DROP10_DW_mult_tc_0)                                 0.00       0.39 r
  implementation/plane/mult_58/U161/ZN (XNR2D0)                                                                              0.16       0.55 r
  implementation/plane/mult_58/U159/ZN (OAI211D0)                                                                            0.16       0.71 f
  implementation/plane/mult_58/U191/ZN (OAI22D0)                                                                             0.09       0.80 r
  implementation/plane/mult_58/U43/S (HA1D0)                                                                                 0.07       0.88 f
  implementation/plane/mult_58/U16/CO (FA1D0)                                                                                0.10       0.98 f
  implementation/plane/mult_58/U15/CO (FA1D0)                                                                                0.06       1.03 f
  implementation/plane/mult_58/U14/CO (FA1D0)                                                                                0.06       1.09 f
  implementation/plane/mult_58/U13/CO (FA1D0)                                                                                0.06       1.14 f
  implementation/plane/mult_58/U12/CO (FA1D0)                                                                                0.06       1.20 f
  implementation/plane/mult_58/U11/CO (FA1D0)                                                                                0.06       1.25 f
  implementation/plane/mult_58/U10/CO (FA1D0)                                                                                0.06       1.31 f
  implementation/plane/mult_58/U9/CO (FA1D0)                                                                                 0.06       1.37 f
  implementation/plane/mult_58/U8/CO (FA1D0)                                                                                 0.06       1.42 f
  implementation/plane/mult_58/U7/CO (FA1D0)                                                                                 0.06       1.48 f
  implementation/plane/mult_58/U6/S (FA1D0)                                                                                  0.08       1.55 r
  implementation/plane/mult_58/product[13] (oadm_runtime_plane_pruned_RESIDUAL_DROP10_DW_mult_tc_0)                          0.00       1.55 r
  implementation/plane/U17/CO (FA1D0)                                                                                        0.08       1.64 r
  implementation/plane/U15/S (FA1D0)                                                                                         0.09       1.72 r
  implementation/plane/sub_0_root_sub_73/A[20] (oadm_runtime_plane_pruned_RESIDUAL_DROP10_DW01_sub_0)                        0.00       1.72 r
  implementation/plane/sub_0_root_sub_73/U2_20/S (FA1D0)                                                                     0.11       1.83 f
  implementation/plane/sub_0_root_sub_73/DIFF[20] (oadm_runtime_plane_pruned_RESIDUAL_DROP10_DW01_sub_0)                     0.00       1.83 f
  implementation/plane/U16/Z (AO22D0)                                                                                        0.07       1.90 f
  implementation/plane/plane_exact[20] (oadm_runtime_plane_pruned_RESIDUAL_DROP10)                                           0.00       1.90 f
  implementation/mult_56/a[6] (oadm_runtime_drop_sweep_RESIDUAL_DROP10_SCALE_DROP14_DW_mult_uns_0_DW_mult_uns_1)             0.00       1.90 f
  implementation/mult_56/U167/ZN (INVD1)                                                                                     0.03       1.93 r
  implementation/mult_56/U266/Z (CKXOR2D0)                                                                                   0.08       2.00 f
  implementation/mult_56/U263/ZN (OAI22D0)                                                                                   0.07       2.07 r
  implementation/mult_56/U33/S (CMPE42D1)                                                                                    0.19       2.26 f
  implementation/mult_56/U13/CO (FA1D0)                                                                                      0.10       2.36 f
  implementation/mult_56/U12/CO (FA1D0)                                                                                      0.06       2.42 f
  implementation/mult_56/U11/CO (FA1D0)                                                                                      0.06       2.47 f
  implementation/mult_56/U10/CO (FA1D0)                                                                                      0.06       2.53 f
  implementation/mult_56/U9/CO (FA1D0)                                                                                       0.06       2.58 f
  implementation/mult_56/U8/CO (FA1D0)                                                                                       0.06       2.64 f
  implementation/mult_56/U7/CO (FA1D0)                                                                                       0.06       2.69 f
  implementation/mult_56/U6/CO (FA1D0)                                                                                       0.06       2.75 f
  implementation/mult_56/U5/CO (FA1D0)                                                                                       0.06       2.80 f
  implementation/mult_56/U4/CO (FA1D0)                                                                                       0.06       2.86 f
  implementation/mult_56/U3/CO (FA1D0)                                                                                       0.05       2.91 f
  implementation/mult_56/U180/ZN (XNR3D0)                                                                                    0.10       3.01 f
  implementation/mult_56/product[17] (oadm_runtime_drop_sweep_RESIDUAL_DROP10_SCALE_DROP14_DW_mult_uns_0_DW_mult_uns_1)      0.00       3.01 f
  implementation/U48/ZN (AOI22D1)                                                                                            0.15       3.16 r
  implementation/U11/ZN (INVD1)                                                                                              0.03       3.19 f
  implementation/U10/ZN (INR3D0)                                                                                             0.06       3.26 r
  implementation/U6/ZN (INVD1)                                                                                               0.06       3.32 f
  implementation/U5/ZN (ND2D1)                                                                                               0.14       3.46 r
  implementation/fp_wrapper/exponent_adjust[1] (fp32_normal_finite_wrapper)                                                  0.00       3.46 r
  implementation/fp_wrapper/U50/CO (FA1D0)                                                                                   0.11       3.57 r
  implementation/fp_wrapper/U51/CO (FA1D0)                                                                                   0.05       3.62 r
  implementation/fp_wrapper/U52/CO (FA1D0)                                                                                   0.05       3.67 r
  implementation/fp_wrapper/U53/CO (FA1D0)                                                                                   0.05       3.73 r
  implementation/fp_wrapper/U54/CO (FA1D0)                                                                                   0.05       3.78 r
  implementation/fp_wrapper/U55/CO (FA1D0)                                                                                   0.05       3.83 r
  implementation/fp_wrapper/U65/Z (XOR3D1)                                                                                   0.07       3.90 f
  implementation/fp_wrapper/U63/Z (AO22D0)                                                                                   0.08       3.98 f
  implementation/fp_wrapper/result[30] (fp32_normal_finite_wrapper)                                                          0.00       3.98 f
  implementation/result[30] (oadm_runtime_drop_sweep_RESIDUAL_DROP10_SCALE_DROP14)                                           0.00       3.98 f
  result[30] (out)                                                                                                           0.00       3.98 f
  data arrival time                                                                                                                     3.98

  clock vclk (rise edge)                                                                                                    10.00      10.00
  clock network delay (ideal)                                                                                                0.00      10.00
  output external delay                                                                                                     -0.02       9.98
  data required time                                                                                                                    9.98
  ---------------------------------------------------------------------------------------------------------------------------------------------
  data required time                                                                                                                    9.98
  data arrival time                                                                                                                    -3.98
  ---------------------------------------------------------------------------------------------------------------------------------------------
  slack (MET)                                                                                                                           6.00


  Startpoint: level[0] (input port clocked by vclk)
  Endpoint: result[30] (output port clocked by vclk)
  Path Group: vclk
  Path Type: max

  Des/Clust/Port     Wire Load Model       Library
  ------------------------------------------------
  oadm_runtime_drop_r10_s14 ZeroWireload   tcbn65gplustc_ccs
  oadm_runtime_drop_sweep_RESIDUAL_DROP10_SCALE_DROP14 ZeroWireload tcbn65gplustc_ccs
  oadm_runtime_plane_pruned_RESIDUAL_DROP10 ZeroWireload tcbn65gplustc_ccs
  oadm_runtime_plane_pruned_RESIDUAL_DROP10_DW_mult_uns_0 ZeroWireload tcbn65gplustc_ccs
  oadm_runtime_plane_pruned_RESIDUAL_DROP10_DW_mult_tc_0 ZeroWireload tcbn65gplustc_ccs
  oadm_runtime_plane_pruned_RESIDUAL_DROP10_DW_mult_tc_1 ZeroWireload tcbn65gplustc_ccs
  oadm_runtime_plane_pruned_RESIDUAL_DROP10_DW01_sub_0 ZeroWireload tcbn65gplustc_ccs
  oadm_runtime_plane_pruned_RESIDUAL_DROP10_DW01_add_0 ZeroWireload tcbn65gplustc_ccs
  oadm_runtime_drop_sweep_RESIDUAL_DROP10_SCALE_DROP14_DW_mult_uns_0_DW_mult_uns_1 ZeroWireload tcbn65gplustc_ccs
  fp32_normal_finite_wrapper ZeroWireload  tcbn65gplustc_ccs

  Point                                                                                                                      Incr       Path
  ---------------------------------------------------------------------------------------------------------------------------------------------
  clock vclk (rise edge)                                                                                                     0.00       0.00
  clock network delay (ideal)                                                                                                0.00       0.00
  input external delay                                                                                                       0.02       0.02 r
  level[0] (in)                                                                                                              0.01       0.03 r
  U1/Z (CKBD1)                                                                                                               0.05       0.07 r
  implementation/level[0] (oadm_runtime_drop_sweep_RESIDUAL_DROP10_SCALE_DROP14)                                             0.00       0.07 r
  implementation/plane/level[0] (oadm_runtime_plane_pruned_RESIDUAL_DROP10)                                                  0.00       0.07 r
  implementation/plane/U6/ZN (CKND2D0)                                                                                       0.06       0.13 f
  implementation/plane/U5/ZN (CKND0)                                                                                         0.14       0.27 r
  implementation/plane/U85/Z (AO21D1)                                                                                        0.13       0.39 r
  implementation/plane/mult_58/b[1] (oadm_runtime_plane_pruned_RESIDUAL_DROP10_DW_mult_tc_0)                                 0.00       0.39 r
  implementation/plane/mult_58/U161/ZN (XNR2D0)                                                                              0.16       0.55 r
  implementation/plane/mult_58/U159/ZN (OAI211D0)                                                                            0.16       0.71 f
  implementation/plane/mult_58/U191/ZN (OAI22D0)                                                                             0.09       0.80 r
  implementation/plane/mult_58/U43/S (HA1D0)                                                                                 0.07       0.88 f
  implementation/plane/mult_58/U16/CO (FA1D0)                                                                                0.10       0.98 f
  implementation/plane/mult_58/U15/CO (FA1D0)                                                                                0.06       1.03 f
  implementation/plane/mult_58/U14/CO (FA1D0)                                                                                0.06       1.09 f
  implementation/plane/mult_58/U13/CO (FA1D0)                                                                                0.06       1.14 f
  implementation/plane/mult_58/U12/CO (FA1D0)                                                                                0.06       1.20 f
  implementation/plane/mult_58/U11/CO (FA1D0)                                                                                0.06       1.25 f
  implementation/plane/mult_58/U10/CO (FA1D0)                                                                                0.06       1.31 f
  implementation/plane/mult_58/U9/CO (FA1D0)                                                                                 0.06       1.37 f
  implementation/plane/mult_58/U8/CO (FA1D0)                                                                                 0.06       1.42 f
  implementation/plane/mult_58/U7/CO (FA1D0)                                                                                 0.06       1.48 f
  implementation/plane/mult_58/U6/S (FA1D0)                                                                                  0.08       1.55 r
  implementation/plane/mult_58/product[13] (oadm_runtime_plane_pruned_RESIDUAL_DROP10_DW_mult_tc_0)                          0.00       1.55 r
  implementation/plane/U17/CO (FA1D0)                                                                                        0.08       1.64 r
  implementation/plane/U15/S (FA1D0)                                                                                         0.09       1.72 r
  implementation/plane/sub_0_root_sub_73/A[20] (oadm_runtime_plane_pruned_RESIDUAL_DROP10_DW01_sub_0)                        0.00       1.72 r
  implementation/plane/sub_0_root_sub_73/U2_20/S (FA1D0)                                                                     0.11       1.83 f
  implementation/plane/sub_0_root_sub_73/DIFF[20] (oadm_runtime_plane_pruned_RESIDUAL_DROP10_DW01_sub_0)                     0.00       1.83 f
  implementation/plane/U16/Z (AO22D0)                                                                                        0.07       1.90 f
  implementation/plane/plane_exact[20] (oadm_runtime_plane_pruned_RESIDUAL_DROP10)                                           0.00       1.90 f
  implementation/mult_56/a[6] (oadm_runtime_drop_sweep_RESIDUAL_DROP10_SCALE_DROP14_DW_mult_uns_0_DW_mult_uns_1)             0.00       1.90 f
  implementation/mult_56/U167/ZN (INVD1)                                                                                     0.03       1.93 r
  implementation/mult_56/U266/Z (CKXOR2D0)                                                                                   0.08       2.00 f
  implementation/mult_56/U263/ZN (OAI22D0)                                                                                   0.07       2.07 r
  implementation/mult_56/U33/S (CMPE42D1)                                                                                    0.19       2.26 f
  implementation/mult_56/U13/CO (FA1D0)                                                                                      0.10       2.36 f
  implementation/mult_56/U12/CO (FA1D0)                                                                                      0.06       2.42 f
  implementation/mult_56/U11/CO (FA1D0)                                                                                      0.06       2.47 f
  implementation/mult_56/U10/CO (FA1D0)                                                                                      0.06       2.53 f
  implementation/mult_56/U9/CO (FA1D0)                                                                                       0.06       2.58 f
  implementation/mult_56/U8/CO (FA1D0)                                                                                       0.06       2.64 f
  implementation/mult_56/U7/CO (FA1D0)                                                                                       0.06       2.69 f
  implementation/mult_56/U6/CO (FA1D0)                                                                                       0.06       2.75 f
  implementation/mult_56/U5/CO (FA1D0)                                                                                       0.06       2.80 f
  implementation/mult_56/U4/CO (FA1D0)                                                                                       0.06       2.86 f
  implementation/mult_56/U3/CO (FA1D0)                                                                                       0.05       2.91 f
  implementation/mult_56/U180/ZN (XNR3D0)                                                                                    0.10       3.01 f
  implementation/mult_56/product[17] (oadm_runtime_drop_sweep_RESIDUAL_DROP10_SCALE_DROP14_DW_mult_uns_0_DW_mult_uns_1)      0.00       3.01 f
  implementation/U48/ZN (AOI22D1)                                                                                            0.15       3.16 r
  implementation/U11/ZN (INVD1)                                                                                              0.03       3.19 f
  implementation/U10/ZN (INR3D0)                                                                                             0.06       3.26 r
  implementation/U6/ZN (INVD1)                                                                                               0.06       3.32 f
  implementation/U5/ZN (ND2D1)                                                                                               0.14       3.46 r
  implementation/fp_wrapper/exponent_adjust[1] (fp32_normal_finite_wrapper)                                                  0.00       3.46 r
  implementation/fp_wrapper/U50/CO (FA1D0)                                                                                   0.11       3.57 r
  implementation/fp_wrapper/U51/CO (FA1D0)                                                                                   0.05       3.62 r
  implementation/fp_wrapper/U52/CO (FA1D0)                                                                                   0.05       3.67 r
  implementation/fp_wrapper/U53/CO (FA1D0)                                                                                   0.05       3.73 r
  implementation/fp_wrapper/U54/CO (FA1D0)                                                                                   0.05       3.78 r
  implementation/fp_wrapper/U55/CO (FA1D0)                                                                                   0.05       3.83 r
  implementation/fp_wrapper/U65/Z (XOR3D1)                                                                                   0.07       3.90 f
  implementation/fp_wrapper/U63/Z (AO22D0)                                                                                   0.08       3.98 f
  implementation/fp_wrapper/result[30] (fp32_normal_finite_wrapper)                                                          0.00       3.98 f
  implementation/result[30] (oadm_runtime_drop_sweep_RESIDUAL_DROP10_SCALE_DROP14)                                           0.00       3.98 f
  result[30] (out)                                                                                                           0.00       3.98 f
  data arrival time                                                                                                                     3.98

  clock vclk (rise edge)                                                                                                    10.00      10.00
  clock network delay (ideal)                                                                                                0.00      10.00
  output external delay                                                                                                     -0.02       9.98
  data required time                                                                                                                    9.98
  ---------------------------------------------------------------------------------------------------------------------------------------------
  data required time                                                                                                                    9.98
  data arrival time                                                                                                                    -3.98
  ---------------------------------------------------------------------------------------------------------------------------------------------
  slack (MET)                                                                                                                           6.00


  Startpoint: level[0] (input port clocked by vclk)
  Endpoint: result[30] (output port clocked by vclk)
  Path Group: vclk
  Path Type: max

  Des/Clust/Port     Wire Load Model       Library
  ------------------------------------------------
  oadm_runtime_drop_r10_s14 ZeroWireload   tcbn65gplustc_ccs
  oadm_runtime_drop_sweep_RESIDUAL_DROP10_SCALE_DROP14 ZeroWireload tcbn65gplustc_ccs
  oadm_runtime_plane_pruned_RESIDUAL_DROP10 ZeroWireload tcbn65gplustc_ccs
  oadm_runtime_plane_pruned_RESIDUAL_DROP10_DW_mult_uns_0 ZeroWireload tcbn65gplustc_ccs
  oadm_runtime_plane_pruned_RESIDUAL_DROP10_DW_mult_tc_0 ZeroWireload tcbn65gplustc_ccs
  oadm_runtime_plane_pruned_RESIDUAL_DROP10_DW_mult_tc_1 ZeroWireload tcbn65gplustc_ccs
  oadm_runtime_plane_pruned_RESIDUAL_DROP10_DW01_sub_0 ZeroWireload tcbn65gplustc_ccs
  oadm_runtime_plane_pruned_RESIDUAL_DROP10_DW01_add_0 ZeroWireload tcbn65gplustc_ccs
  oadm_runtime_drop_sweep_RESIDUAL_DROP10_SCALE_DROP14_DW_mult_uns_0_DW_mult_uns_1 ZeroWireload tcbn65gplustc_ccs
  fp32_normal_finite_wrapper ZeroWireload  tcbn65gplustc_ccs

  Point                                                                                                                      Incr       Path
  ---------------------------------------------------------------------------------------------------------------------------------------------
  clock vclk (rise edge)                                                                                                     0.00       0.00
  clock network delay (ideal)                                                                                                0.00       0.00
  input external delay                                                                                                       0.02       0.02 r
  level[0] (in)                                                                                                              0.01       0.03 r
  U1/Z (CKBD1)                                                                                                               0.05       0.07 r
  implementation/level[0] (oadm_runtime_drop_sweep_RESIDUAL_DROP10_SCALE_DROP14)                                             0.00       0.07 r
  implementation/plane/level[0] (oadm_runtime_plane_pruned_RESIDUAL_DROP10)                                                  0.00       0.07 r
  implementation/plane/U6/ZN (CKND2D0)                                                                                       0.06       0.13 f
  implementation/plane/U5/ZN (CKND0)                                                                                         0.14       0.27 r
  implementation/plane/U85/Z (AO21D1)                                                                                        0.13       0.39 r
  implementation/plane/mult_58/b[1] (oadm_runtime_plane_pruned_RESIDUAL_DROP10_DW_mult_tc_0)                                 0.00       0.39 r
  implementation/plane/mult_58/U161/ZN (XNR2D0)                                                                              0.16       0.55 r
  implementation/plane/mult_58/U159/ZN (OAI211D0)                                                                            0.16       0.71 f
  implementation/plane/mult_58/U191/ZN (OAI22D0)                                                                             0.09       0.80 r
  implementation/plane/mult_58/U43/S (HA1D0)                                                                                 0.07       0.88 f
  implementation/plane/mult_58/U16/CO (FA1D0)                                                                                0.10       0.98 f
  implementation/plane/mult_58/U15/CO (FA1D0)                                                                                0.06       1.03 f
  implementation/plane/mult_58/U14/CO (FA1D0)                                                                                0.06       1.09 f
  implementation/plane/mult_58/U13/CO (FA1D0)                                                                                0.06       1.14 f
  implementation/plane/mult_58/U12/CO (FA1D0)                                                                                0.06       1.20 f
  implementation/plane/mult_58/U11/CO (FA1D0)                                                                                0.06       1.25 f
  implementation/plane/mult_58/U10/CO (FA1D0)                                                                                0.06       1.31 f
  implementation/plane/mult_58/U9/CO (FA1D0)                                                                                 0.06       1.37 f
  implementation/plane/mult_58/U8/CO (FA1D0)                                                                                 0.06       1.42 f
  implementation/plane/mult_58/U7/CO (FA1D0)                                                                                 0.06       1.48 f
  implementation/plane/mult_58/U6/S (FA1D0)                                                                                  0.08       1.55 r
  implementation/plane/mult_58/product[13] (oadm_runtime_plane_pruned_RESIDUAL_DROP10_DW_mult_tc_0)                          0.00       1.55 r
  implementation/plane/U17/CO (FA1D0)                                                                                        0.08       1.64 r
  implementation/plane/U15/S (FA1D0)                                                                                         0.09       1.72 r
  implementation/plane/sub_0_root_sub_73/A[20] (oadm_runtime_plane_pruned_RESIDUAL_DROP10_DW01_sub_0)                        0.00       1.72 r
  implementation/plane/sub_0_root_sub_73/U2_20/S (FA1D0)                                                                     0.11       1.83 f
  implementation/plane/sub_0_root_sub_73/DIFF[20] (oadm_runtime_plane_pruned_RESIDUAL_DROP10_DW01_sub_0)                     0.00       1.83 f
  implementation/plane/U16/Z (AO22D0)                                                                                        0.07       1.90 f
  implementation/plane/plane_exact[20] (oadm_runtime_plane_pruned_RESIDUAL_DROP10)                                           0.00       1.90 f
  implementation/mult_56/a[6] (oadm_runtime_drop_sweep_RESIDUAL_DROP10_SCALE_DROP14_DW_mult_uns_0_DW_mult_uns_1)             0.00       1.90 f
  implementation/mult_56/U167/ZN (INVD1)                                                                                     0.03       1.93 r
  implementation/mult_56/U266/Z (CKXOR2D0)                                                                                   0.08       2.00 f
  implementation/mult_56/U263/ZN (OAI22D0)                                                                                   0.07       2.07 r
  implementation/mult_56/U33/S (CMPE42D1)                                                                                    0.19       2.26 f
  implementation/mult_56/U13/CO (FA1D0)                                                                                      0.10       2.36 f
  implementation/mult_56/U12/CO (FA1D0)                                                                                      0.06       2.42 f
  implementation/mult_56/U11/CO (FA1D0)                                                                                      0.06       2.47 f
  implementation/mult_56/U10/CO (FA1D0)                                                                                      0.06       2.53 f
  implementation/mult_56/U9/CO (FA1D0)                                                                                       0.06       2.58 f
  implementation/mult_56/U8/CO (FA1D0)                                                                                       0.06       2.64 f
  implementation/mult_56/U7/CO (FA1D0)                                                                                       0.06       2.69 f
  implementation/mult_56/U6/CO (FA1D0)                                                                                       0.06       2.75 f
  implementation/mult_56/U5/CO (FA1D0)                                                                                       0.06       2.80 f
  implementation/mult_56/U4/CO (FA1D0)                                                                                       0.06       2.86 f
  implementation/mult_56/U3/CO (FA1D0)                                                                                       0.05       2.91 f
  implementation/mult_56/U180/ZN (XNR3D0)                                                                                    0.10       3.01 f
  implementation/mult_56/product[17] (oadm_runtime_drop_sweep_RESIDUAL_DROP10_SCALE_DROP14_DW_mult_uns_0_DW_mult_uns_1)      0.00       3.01 f
  implementation/U48/ZN (AOI22D1)                                                                                            0.15       3.16 r
  implementation/U11/ZN (INVD1)                                                                                              0.03       3.19 f
  implementation/U10/ZN (INR3D0)                                                                                             0.06       3.26 r
  implementation/U6/ZN (INVD1)                                                                                               0.06       3.32 f
  implementation/U5/ZN (ND2D1)                                                                                               0.14       3.46 r
  implementation/fp_wrapper/exponent_adjust[1] (fp32_normal_finite_wrapper)                                                  0.00       3.46 r
  implementation/fp_wrapper/U50/CO (FA1D0)                                                                                   0.11       3.57 r
  implementation/fp_wrapper/U51/CO (FA1D0)                                                                                   0.05       3.62 r
  implementation/fp_wrapper/U52/CO (FA1D0)                                                                                   0.05       3.67 r
  implementation/fp_wrapper/U53/CO (FA1D0)                                                                                   0.05       3.73 r
  implementation/fp_wrapper/U54/CO (FA1D0)                                                                                   0.05       3.78 r
  implementation/fp_wrapper/U55/CO (FA1D0)                                                                                   0.05       3.83 r
  implementation/fp_wrapper/U65/Z (XOR3D1)                                                                                   0.07       3.90 f
  implementation/fp_wrapper/U63/Z (AO22D0)                                                                                   0.08       3.98 f
  implementation/fp_wrapper/result[30] (fp32_normal_finite_wrapper)                                                          0.00       3.98 f
  implementation/result[30] (oadm_runtime_drop_sweep_RESIDUAL_DROP10_SCALE_DROP14)                                           0.00       3.98 f
  result[30] (out)                                                                                                           0.00       3.98 f
  data arrival time                                                                                                                     3.98

  clock vclk (rise edge)                                                                                                    10.00      10.00
  clock network delay (ideal)                                                                                                0.00      10.00
  output external delay                                                                                                     -0.02       9.98
  data required time                                                                                                                    9.98
  ---------------------------------------------------------------------------------------------------------------------------------------------
  data required time                                                                                                                    9.98
  data arrival time                                                                                                                    -3.98
  ---------------------------------------------------------------------------------------------------------------------------------------------
  slack (MET)                                                                                                                           6.00


  Startpoint: level[0] (input port clocked by vclk)
  Endpoint: result[30] (output port clocked by vclk)
  Path Group: vclk
  Path Type: max

  Des/Clust/Port     Wire Load Model       Library
  ------------------------------------------------
  oadm_runtime_drop_r10_s14 ZeroWireload   tcbn65gplustc_ccs
  oadm_runtime_drop_sweep_RESIDUAL_DROP10_SCALE_DROP14 ZeroWireload tcbn65gplustc_ccs
  oadm_runtime_plane_pruned_RESIDUAL_DROP10 ZeroWireload tcbn65gplustc_ccs
  oadm_runtime_plane_pruned_RESIDUAL_DROP10_DW_mult_uns_0 ZeroWireload tcbn65gplustc_ccs
  oadm_runtime_plane_pruned_RESIDUAL_DROP10_DW_mult_tc_0 ZeroWireload tcbn65gplustc_ccs
  oadm_runtime_plane_pruned_RESIDUAL_DROP10_DW_mult_tc_1 ZeroWireload tcbn65gplustc_ccs
  oadm_runtime_plane_pruned_RESIDUAL_DROP10_DW01_sub_0 ZeroWireload tcbn65gplustc_ccs
  oadm_runtime_plane_pruned_RESIDUAL_DROP10_DW01_add_0 ZeroWireload tcbn65gplustc_ccs
  oadm_runtime_drop_sweep_RESIDUAL_DROP10_SCALE_DROP14_DW_mult_uns_0_DW_mult_uns_1 ZeroWireload tcbn65gplustc_ccs
  fp32_normal_finite_wrapper ZeroWireload  tcbn65gplustc_ccs

  Point                                                                                                                      Incr       Path
  ---------------------------------------------------------------------------------------------------------------------------------------------
  clock vclk (rise edge)                                                                                                     0.00       0.00
  clock network delay (ideal)                                                                                                0.00       0.00
  input external delay                                                                                                       0.02       0.02 r
  level[0] (in)                                                                                                              0.01       0.03 r
  U1/Z (CKBD1)                                                                                                               0.05       0.07 r
  implementation/level[0] (oadm_runtime_drop_sweep_RESIDUAL_DROP10_SCALE_DROP14)                                             0.00       0.07 r
  implementation/plane/level[0] (oadm_runtime_plane_pruned_RESIDUAL_DROP10)                                                  0.00       0.07 r
  implementation/plane/U6/ZN (CKND2D0)                                                                                       0.06       0.13 f
  implementation/plane/U5/ZN (CKND0)                                                                                         0.14       0.27 r
  implementation/plane/U85/Z (AO21D1)                                                                                        0.13       0.39 r
  implementation/plane/mult_58/b[1] (oadm_runtime_plane_pruned_RESIDUAL_DROP10_DW_mult_tc_0)                                 0.00       0.39 r
  implementation/plane/mult_58/U161/ZN (XNR2D0)                                                                              0.16       0.55 r
  implementation/plane/mult_58/U159/ZN (OAI211D0)                                                                            0.16       0.71 f
  implementation/plane/mult_58/U191/ZN (OAI22D0)                                                                             0.09       0.80 r
  implementation/plane/mult_58/U43/S (HA1D0)                                                                                 0.07       0.88 f
  implementation/plane/mult_58/U16/CO (FA1D0)                                                                                0.10       0.98 f
  implementation/plane/mult_58/U15/CO (FA1D0)                                                                                0.06       1.03 f
  implementation/plane/mult_58/U14/CO (FA1D0)                                                                                0.06       1.09 f
  implementation/plane/mult_58/U13/CO (FA1D0)                                                                                0.06       1.14 f
  implementation/plane/mult_58/U12/CO (FA1D0)                                                                                0.06       1.20 f
  implementation/plane/mult_58/U11/CO (FA1D0)                                                                                0.06       1.25 f
  implementation/plane/mult_58/U10/CO (FA1D0)                                                                                0.06       1.31 f
  implementation/plane/mult_58/U9/CO (FA1D0)                                                                                 0.06       1.37 f
  implementation/plane/mult_58/U8/CO (FA1D0)                                                                                 0.06       1.42 f
  implementation/plane/mult_58/U7/CO (FA1D0)                                                                                 0.06       1.48 f
  implementation/plane/mult_58/U6/S (FA1D0)                                                                                  0.08       1.55 r
  implementation/plane/mult_58/product[13] (oadm_runtime_plane_pruned_RESIDUAL_DROP10_DW_mult_tc_0)                          0.00       1.55 r
  implementation/plane/U17/CO (FA1D0)                                                                                        0.08       1.64 r
  implementation/plane/U15/S (FA1D0)                                                                                         0.09       1.72 r
  implementation/plane/sub_0_root_sub_73/A[20] (oadm_runtime_plane_pruned_RESIDUAL_DROP10_DW01_sub_0)                        0.00       1.72 r
  implementation/plane/sub_0_root_sub_73/U2_20/S (FA1D0)                                                                     0.11       1.83 f
  implementation/plane/sub_0_root_sub_73/DIFF[20] (oadm_runtime_plane_pruned_RESIDUAL_DROP10_DW01_sub_0)                     0.00       1.83 f
  implementation/plane/U16/Z (AO22D0)                                                                                        0.07       1.90 f
  implementation/plane/plane_exact[20] (oadm_runtime_plane_pruned_RESIDUAL_DROP10)                                           0.00       1.90 f
  implementation/mult_56/a[6] (oadm_runtime_drop_sweep_RESIDUAL_DROP10_SCALE_DROP14_DW_mult_uns_0_DW_mult_uns_1)             0.00       1.90 f
  implementation/mult_56/U167/ZN (INVD1)                                                                                     0.03       1.93 r
  implementation/mult_56/U266/Z (CKXOR2D0)                                                                                   0.08       2.00 f
  implementation/mult_56/U263/ZN (OAI22D0)                                                                                   0.07       2.07 r
  implementation/mult_56/U33/S (CMPE42D1)                                                                                    0.19       2.26 f
  implementation/mult_56/U13/CO (FA1D0)                                                                                      0.10       2.36 f
  implementation/mult_56/U12/CO (FA1D0)                                                                                      0.06       2.42 f
  implementation/mult_56/U11/CO (FA1D0)                                                                                      0.06       2.47 f
  implementation/mult_56/U10/CO (FA1D0)                                                                                      0.06       2.53 f
  implementation/mult_56/U9/CO (FA1D0)                                                                                       0.06       2.58 f
  implementation/mult_56/U8/CO (FA1D0)                                                                                       0.06       2.64 f
  implementation/mult_56/U7/CO (FA1D0)                                                                                       0.06       2.69 f
  implementation/mult_56/U6/CO (FA1D0)                                                                                       0.06       2.75 f
  implementation/mult_56/U5/CO (FA1D0)                                                                                       0.06       2.80 f
  implementation/mult_56/U4/CO (FA1D0)                                                                                       0.06       2.86 f
  implementation/mult_56/U3/CO (FA1D0)                                                                                       0.05       2.91 f
  implementation/mult_56/U180/ZN (XNR3D0)                                                                                    0.10       3.01 f
  implementation/mult_56/product[17] (oadm_runtime_drop_sweep_RESIDUAL_DROP10_SCALE_DROP14_DW_mult_uns_0_DW_mult_uns_1)      0.00       3.01 f
  implementation/U48/ZN (AOI22D1)                                                                                            0.15       3.16 r
  implementation/U11/ZN (INVD1)                                                                                              0.03       3.19 f
  implementation/U10/ZN (INR3D0)                                                                                             0.06       3.26 r
  implementation/U6/ZN (INVD1)                                                                                               0.06       3.32 f
  implementation/U5/ZN (ND2D1)                                                                                               0.14       3.46 r
  implementation/fp_wrapper/exponent_adjust[1] (fp32_normal_finite_wrapper)                                                  0.00       3.46 r
  implementation/fp_wrapper/U50/CO (FA1D0)                                                                                   0.11       3.57 r
  implementation/fp_wrapper/U51/CO (FA1D0)                                                                                   0.05       3.62 r
  implementation/fp_wrapper/U52/CO (FA1D0)                                                                                   0.05       3.67 r
  implementation/fp_wrapper/U53/CO (FA1D0)                                                                                   0.05       3.73 r
  implementation/fp_wrapper/U54/CO (FA1D0)                                                                                   0.05       3.78 r
  implementation/fp_wrapper/U55/CO (FA1D0)                                                                                   0.05       3.83 r
  implementation/fp_wrapper/U65/Z (XOR3D1)                                                                                   0.07       3.90 f
  implementation/fp_wrapper/U63/Z (AO22D0)                                                                                   0.08       3.98 f
  implementation/fp_wrapper/result[30] (fp32_normal_finite_wrapper)                                                          0.00       3.98 f
  implementation/result[30] (oadm_runtime_drop_sweep_RESIDUAL_DROP10_SCALE_DROP14)                                           0.00       3.98 f
  result[30] (out)                                                                                                           0.00       3.98 f
  data arrival time                                                                                                                     3.98

  clock vclk (rise edge)                                                                                                    10.00      10.00
  clock network delay (ideal)                                                                                                0.00      10.00
  output external delay                                                                                                     -0.02       9.98
  data required time                                                                                                                    9.98
  ---------------------------------------------------------------------------------------------------------------------------------------------
  data required time                                                                                                                    9.98
  data arrival time                                                                                                                    -3.98
  ---------------------------------------------------------------------------------------------------------------------------------------------
  slack (MET)                                                                                                                           6.00


  Startpoint: level[0] (input port clocked by vclk)
  Endpoint: result[30] (output port clocked by vclk)
  Path Group: vclk
  Path Type: max

  Des/Clust/Port     Wire Load Model       Library
  ------------------------------------------------
  oadm_runtime_drop_r10_s14 ZeroWireload   tcbn65gplustc_ccs
  oadm_runtime_drop_sweep_RESIDUAL_DROP10_SCALE_DROP14 ZeroWireload tcbn65gplustc_ccs
  oadm_runtime_plane_pruned_RESIDUAL_DROP10 ZeroWireload tcbn65gplustc_ccs
  oadm_runtime_plane_pruned_RESIDUAL_DROP10_DW_mult_uns_0 ZeroWireload tcbn65gplustc_ccs
  oadm_runtime_plane_pruned_RESIDUAL_DROP10_DW_mult_tc_0 ZeroWireload tcbn65gplustc_ccs
  oadm_runtime_plane_pruned_RESIDUAL_DROP10_DW_mult_tc_1 ZeroWireload tcbn65gplustc_ccs
  oadm_runtime_plane_pruned_RESIDUAL_DROP10_DW01_sub_0 ZeroWireload tcbn65gplustc_ccs
  oadm_runtime_plane_pruned_RESIDUAL_DROP10_DW01_add_0 ZeroWireload tcbn65gplustc_ccs
  oadm_runtime_drop_sweep_RESIDUAL_DROP10_SCALE_DROP14_DW_mult_uns_0_DW_mult_uns_1 ZeroWireload tcbn65gplustc_ccs
  fp32_normal_finite_wrapper ZeroWireload  tcbn65gplustc_ccs

  Point                                                                                                                      Incr       Path
  ---------------------------------------------------------------------------------------------------------------------------------------------
  clock vclk (rise edge)                                                                                                     0.00       0.00
  clock network delay (ideal)                                                                                                0.00       0.00
  input external delay                                                                                                       0.02       0.02 r
  level[0] (in)                                                                                                              0.01       0.03 r
  U1/Z (CKBD1)                                                                                                               0.05       0.07 r
  implementation/level[0] (oadm_runtime_drop_sweep_RESIDUAL_DROP10_SCALE_DROP14)                                             0.00       0.07 r
  implementation/plane/level[0] (oadm_runtime_plane_pruned_RESIDUAL_DROP10)                                                  0.00       0.07 r
  implementation/plane/U6/ZN (CKND2D0)                                                                                       0.06       0.13 f
  implementation/plane/U5/ZN (CKND0)                                                                                         0.14       0.27 r
  implementation/plane/U85/Z (AO21D1)                                                                                        0.13       0.39 r
  implementation/plane/mult_58/b[1] (oadm_runtime_plane_pruned_RESIDUAL_DROP10_DW_mult_tc_0)                                 0.00       0.39 r
  implementation/plane/mult_58/U161/ZN (XNR2D0)                                                                              0.16       0.55 r
  implementation/plane/mult_58/U159/ZN (OAI211D0)                                                                            0.16       0.71 f
  implementation/plane/mult_58/U191/ZN (OAI22D0)                                                                             0.09       0.80 r
  implementation/plane/mult_58/U43/S (HA1D0)                                                                                 0.07       0.88 f
  implementation/plane/mult_58/U16/CO (FA1D0)                                                                                0.10       0.98 f
  implementation/plane/mult_58/U15/CO (FA1D0)                                                                                0.06       1.03 f
  implementation/plane/mult_58/U14/CO (FA1D0)                                                                                0.06       1.09 f
  implementation/plane/mult_58/U13/CO (FA1D0)                                                                                0.06       1.14 f
  implementation/plane/mult_58/U12/CO (FA1D0)                                                                                0.06       1.20 f
  implementation/plane/mult_58/U11/CO (FA1D0)                                                                                0.06       1.25 f
  implementation/plane/mult_58/U10/CO (FA1D0)                                                                                0.06       1.31 f
  implementation/plane/mult_58/U9/CO (FA1D0)                                                                                 0.06       1.37 f
  implementation/plane/mult_58/U8/CO (FA1D0)                                                                                 0.06       1.42 f
  implementation/plane/mult_58/U7/CO (FA1D0)                                                                                 0.06       1.48 f
  implementation/plane/mult_58/U6/S (FA1D0)                                                                                  0.08       1.55 r
  implementation/plane/mult_58/product[13] (oadm_runtime_plane_pruned_RESIDUAL_DROP10_DW_mult_tc_0)                          0.00       1.55 r
  implementation/plane/U17/CO (FA1D0)                                                                                        0.08       1.64 r
  implementation/plane/U15/S (FA1D0)                                                                                         0.09       1.72 r
  implementation/plane/sub_0_root_sub_73/A[20] (oadm_runtime_plane_pruned_RESIDUAL_DROP10_DW01_sub_0)                        0.00       1.72 r
  implementation/plane/sub_0_root_sub_73/U2_20/S (FA1D0)                                                                     0.11       1.83 f
  implementation/plane/sub_0_root_sub_73/DIFF[20] (oadm_runtime_plane_pruned_RESIDUAL_DROP10_DW01_sub_0)                     0.00       1.83 f
  implementation/plane/U16/Z (AO22D0)                                                                                        0.07       1.90 f
  implementation/plane/plane_exact[20] (oadm_runtime_plane_pruned_RESIDUAL_DROP10)                                           0.00       1.90 f
  implementation/mult_56/a[6] (oadm_runtime_drop_sweep_RESIDUAL_DROP10_SCALE_DROP14_DW_mult_uns_0_DW_mult_uns_1)             0.00       1.90 f
  implementation/mult_56/U167/ZN (INVD1)                                                                                     0.03       1.93 r
  implementation/mult_56/U266/Z (CKXOR2D0)                                                                                   0.08       2.00 f
  implementation/mult_56/U263/ZN (OAI22D0)                                                                                   0.07       2.07 r
  implementation/mult_56/U33/S (CMPE42D1)                                                                                    0.19       2.26 f
  implementation/mult_56/U13/CO (FA1D0)                                                                                      0.10       2.36 f
  implementation/mult_56/U12/CO (FA1D0)                                                                                      0.06       2.42 f
  implementation/mult_56/U11/CO (FA1D0)                                                                                      0.06       2.47 f
  implementation/mult_56/U10/CO (FA1D0)                                                                                      0.06       2.53 f
  implementation/mult_56/U9/CO (FA1D0)                                                                                       0.06       2.58 f
  implementation/mult_56/U8/CO (FA1D0)                                                                                       0.06       2.64 f
  implementation/mult_56/U7/CO (FA1D0)                                                                                       0.06       2.69 f
  implementation/mult_56/U6/CO (FA1D0)                                                                                       0.06       2.75 f
  implementation/mult_56/U5/CO (FA1D0)                                                                                       0.06       2.80 f
  implementation/mult_56/U4/CO (FA1D0)                                                                                       0.06       2.86 f
  implementation/mult_56/U3/CO (FA1D0)                                                                                       0.05       2.91 f
  implementation/mult_56/U180/ZN (XNR3D0)                                                                                    0.10       3.01 f
  implementation/mult_56/product[17] (oadm_runtime_drop_sweep_RESIDUAL_DROP10_SCALE_DROP14_DW_mult_uns_0_DW_mult_uns_1)      0.00       3.01 f
  implementation/U48/ZN (AOI22D1)                                                                                            0.15       3.16 r
  implementation/U11/ZN (INVD1)                                                                                              0.03       3.19 f
  implementation/U10/ZN (INR3D0)                                                                                             0.06       3.26 r
  implementation/U6/ZN (INVD1)                                                                                               0.06       3.32 f
  implementation/U5/ZN (ND2D1)                                                                                               0.14       3.46 r
  implementation/fp_wrapper/exponent_adjust[1] (fp32_normal_finite_wrapper)                                                  0.00       3.46 r
  implementation/fp_wrapper/U50/CO (FA1D0)                                                                                   0.11       3.57 r
  implementation/fp_wrapper/U51/CO (FA1D0)                                                                                   0.05       3.62 r
  implementation/fp_wrapper/U52/CO (FA1D0)                                                                                   0.05       3.67 r
  implementation/fp_wrapper/U53/CO (FA1D0)                                                                                   0.05       3.73 r
  implementation/fp_wrapper/U54/CO (FA1D0)                                                                                   0.05       3.78 r
  implementation/fp_wrapper/U55/CO (FA1D0)                                                                                   0.05       3.83 r
  implementation/fp_wrapper/U65/Z (XOR3D1)                                                                                   0.07       3.90 f
  implementation/fp_wrapper/U63/Z (AO22D0)                                                                                   0.08       3.98 f
  implementation/fp_wrapper/result[30] (fp32_normal_finite_wrapper)                                                          0.00       3.98 f
  implementation/result[30] (oadm_runtime_drop_sweep_RESIDUAL_DROP10_SCALE_DROP14)                                           0.00       3.98 f
  result[30] (out)                                                                                                           0.00       3.98 f
  data arrival time                                                                                                                     3.98

  clock vclk (rise edge)                                                                                                    10.00      10.00
  clock network delay (ideal)                                                                                                0.00      10.00
  output external delay                                                                                                     -0.02       9.98
  data required time                                                                                                                    9.98
  ---------------------------------------------------------------------------------------------------------------------------------------------
  data required time                                                                                                                    9.98
  data arrival time                                                                                                                    -3.98
  ---------------------------------------------------------------------------------------------------------------------------------------------
  slack (MET)                                                                                                                           6.00


  Startpoint: level[0] (input port clocked by vclk)
  Endpoint: result[30] (output port clocked by vclk)
  Path Group: vclk
  Path Type: max

  Des/Clust/Port     Wire Load Model       Library
  ------------------------------------------------
  oadm_runtime_drop_r10_s14 ZeroWireload   tcbn65gplustc_ccs
  oadm_runtime_drop_sweep_RESIDUAL_DROP10_SCALE_DROP14 ZeroWireload tcbn65gplustc_ccs
  oadm_runtime_plane_pruned_RESIDUAL_DROP10 ZeroWireload tcbn65gplustc_ccs
  oadm_runtime_plane_pruned_RESIDUAL_DROP10_DW_mult_uns_0 ZeroWireload tcbn65gplustc_ccs
  oadm_runtime_plane_pruned_RESIDUAL_DROP10_DW_mult_tc_0 ZeroWireload tcbn65gplustc_ccs
  oadm_runtime_plane_pruned_RESIDUAL_DROP10_DW_mult_tc_1 ZeroWireload tcbn65gplustc_ccs
  oadm_runtime_plane_pruned_RESIDUAL_DROP10_DW01_sub_0 ZeroWireload tcbn65gplustc_ccs
  oadm_runtime_plane_pruned_RESIDUAL_DROP10_DW01_add_0 ZeroWireload tcbn65gplustc_ccs
  oadm_runtime_drop_sweep_RESIDUAL_DROP10_SCALE_DROP14_DW_mult_uns_0_DW_mult_uns_1 ZeroWireload tcbn65gplustc_ccs
  fp32_normal_finite_wrapper ZeroWireload  tcbn65gplustc_ccs

  Point                                                                                                                      Incr       Path
  ---------------------------------------------------------------------------------------------------------------------------------------------
  clock vclk (rise edge)                                                                                                     0.00       0.00
  clock network delay (ideal)                                                                                                0.00       0.00
  input external delay                                                                                                       0.02       0.02 r
  level[0] (in)                                                                                                              0.01       0.03 r
  U1/Z (CKBD1)                                                                                                               0.05       0.07 r
  implementation/level[0] (oadm_runtime_drop_sweep_RESIDUAL_DROP10_SCALE_DROP14)                                             0.00       0.07 r
  implementation/plane/level[0] (oadm_runtime_plane_pruned_RESIDUAL_DROP10)                                                  0.00       0.07 r
  implementation/plane/U6/ZN (CKND2D0)                                                                                       0.06       0.13 f
  implementation/plane/U5/ZN (CKND0)                                                                                         0.14       0.27 r
  implementation/plane/U85/Z (AO21D1)                                                                                        0.13       0.39 r
  implementation/plane/mult_58/b[1] (oadm_runtime_plane_pruned_RESIDUAL_DROP10_DW_mult_tc_0)                                 0.00       0.39 r
  implementation/plane/mult_58/U161/ZN (XNR2D0)                                                                              0.16       0.55 r
  implementation/plane/mult_58/U159/ZN (OAI211D0)                                                                            0.16       0.71 f
  implementation/plane/mult_58/U191/ZN (OAI22D0)                                                                             0.09       0.80 r
  implementation/plane/mult_58/U43/S (HA1D0)                                                                                 0.07       0.88 f
  implementation/plane/mult_58/U16/CO (FA1D0)                                                                                0.10       0.98 f
  implementation/plane/mult_58/U15/CO (FA1D0)                                                                                0.06       1.03 f
  implementation/plane/mult_58/U14/CO (FA1D0)                                                                                0.06       1.09 f
  implementation/plane/mult_58/U13/CO (FA1D0)                                                                                0.06       1.14 f
  implementation/plane/mult_58/U12/CO (FA1D0)                                                                                0.06       1.20 f
  implementation/plane/mult_58/U11/CO (FA1D0)                                                                                0.06       1.25 f
  implementation/plane/mult_58/U10/CO (FA1D0)                                                                                0.06       1.31 f
  implementation/plane/mult_58/U9/CO (FA1D0)                                                                                 0.06       1.37 f
  implementation/plane/mult_58/U8/CO (FA1D0)                                                                                 0.06       1.42 f
  implementation/plane/mult_58/U7/CO (FA1D0)                                                                                 0.06       1.48 f
  implementation/plane/mult_58/U6/S (FA1D0)                                                                                  0.08       1.55 r
  implementation/plane/mult_58/product[13] (oadm_runtime_plane_pruned_RESIDUAL_DROP10_DW_mult_tc_0)                          0.00       1.55 r
  implementation/plane/U17/CO (FA1D0)                                                                                        0.08       1.64 r
  implementation/plane/U15/S (FA1D0)                                                                                         0.09       1.72 r
  implementation/plane/sub_0_root_sub_73/A[20] (oadm_runtime_plane_pruned_RESIDUAL_DROP10_DW01_sub_0)                        0.00       1.72 r
  implementation/plane/sub_0_root_sub_73/U2_20/S (FA1D0)                                                                     0.11       1.83 f
  implementation/plane/sub_0_root_sub_73/DIFF[20] (oadm_runtime_plane_pruned_RESIDUAL_DROP10_DW01_sub_0)                     0.00       1.83 f
  implementation/plane/U16/Z (AO22D0)                                                                                        0.07       1.90 f
  implementation/plane/plane_exact[20] (oadm_runtime_plane_pruned_RESIDUAL_DROP10)                                           0.00       1.90 f
  implementation/mult_56/a[6] (oadm_runtime_drop_sweep_RESIDUAL_DROP10_SCALE_DROP14_DW_mult_uns_0_DW_mult_uns_1)             0.00       1.90 f
  implementation/mult_56/U167/ZN (INVD1)                                                                                     0.03       1.93 r
  implementation/mult_56/U266/Z (CKXOR2D0)                                                                                   0.08       2.00 f
  implementation/mult_56/U263/ZN (OAI22D0)                                                                                   0.07       2.07 r
  implementation/mult_56/U33/S (CMPE42D1)                                                                                    0.19       2.26 f
  implementation/mult_56/U13/CO (FA1D0)                                                                                      0.10       2.36 f
  implementation/mult_56/U12/CO (FA1D0)                                                                                      0.06       2.42 f
  implementation/mult_56/U11/CO (FA1D0)                                                                                      0.06       2.47 f
  implementation/mult_56/U10/CO (FA1D0)                                                                                      0.06       2.53 f
  implementation/mult_56/U9/CO (FA1D0)                                                                                       0.06       2.58 f
  implementation/mult_56/U8/CO (FA1D0)                                                                                       0.06       2.64 f
  implementation/mult_56/U7/CO (FA1D0)                                                                                       0.06       2.69 f
  implementation/mult_56/U6/CO (FA1D0)                                                                                       0.06       2.75 f
  implementation/mult_56/U5/CO (FA1D0)                                                                                       0.06       2.80 f
  implementation/mult_56/U4/CO (FA1D0)                                                                                       0.06       2.86 f
  implementation/mult_56/U3/CO (FA1D0)                                                                                       0.05       2.91 f
  implementation/mult_56/U180/ZN (XNR3D0)                                                                                    0.10       3.01 f
  implementation/mult_56/product[17] (oadm_runtime_drop_sweep_RESIDUAL_DROP10_SCALE_DROP14_DW_mult_uns_0_DW_mult_uns_1)      0.00       3.01 f
  implementation/U48/ZN (AOI22D1)                                                                                            0.15       3.16 r
  implementation/U11/ZN (INVD1)                                                                                              0.03       3.19 f
  implementation/U10/ZN (INR3D0)                                                                                             0.06       3.26 r
  implementation/U6/ZN (INVD1)                                                                                               0.06       3.32 f
  implementation/U5/ZN (ND2D1)                                                                                               0.14       3.46 r
  implementation/fp_wrapper/exponent_adjust[1] (fp32_normal_finite_wrapper)                                                  0.00       3.46 r
  implementation/fp_wrapper/U50/CO (FA1D0)                                                                                   0.11       3.57 r
  implementation/fp_wrapper/U51/CO (FA1D0)                                                                                   0.05       3.62 r
  implementation/fp_wrapper/U52/CO (FA1D0)                                                                                   0.05       3.67 r
  implementation/fp_wrapper/U53/CO (FA1D0)                                                                                   0.05       3.73 r
  implementation/fp_wrapper/U54/CO (FA1D0)                                                                                   0.05       3.78 r
  implementation/fp_wrapper/U55/CO (FA1D0)                                                                                   0.05       3.83 r
  implementation/fp_wrapper/U65/Z (XOR3D1)                                                                                   0.07       3.90 f
  implementation/fp_wrapper/U63/Z (AO22D0)                                                                                   0.08       3.98 f
  implementation/fp_wrapper/result[30] (fp32_normal_finite_wrapper)                                                          0.00       3.98 f
  implementation/result[30] (oadm_runtime_drop_sweep_RESIDUAL_DROP10_SCALE_DROP14)                                           0.00       3.98 f
  result[30] (out)                                                                                                           0.00       3.98 f
  data arrival time                                                                                                                     3.98

  clock vclk (rise edge)                                                                                                    10.00      10.00
  clock network delay (ideal)                                                                                                0.00      10.00
  output external delay                                                                                                     -0.02       9.98
  data required time                                                                                                                    9.98
  ---------------------------------------------------------------------------------------------------------------------------------------------
  data required time                                                                                                                    9.98
  data arrival time                                                                                                                    -3.98
  ---------------------------------------------------------------------------------------------------------------------------------------------
  slack (MET)                                                                                                                           6.00


  Startpoint: level[0] (input port clocked by vclk)
  Endpoint: result[30] (output port clocked by vclk)
  Path Group: vclk
  Path Type: max

  Des/Clust/Port     Wire Load Model       Library
  ------------------------------------------------
  oadm_runtime_drop_r10_s14 ZeroWireload   tcbn65gplustc_ccs
  oadm_runtime_drop_sweep_RESIDUAL_DROP10_SCALE_DROP14 ZeroWireload tcbn65gplustc_ccs
  oadm_runtime_plane_pruned_RESIDUAL_DROP10 ZeroWireload tcbn65gplustc_ccs
  oadm_runtime_plane_pruned_RESIDUAL_DROP10_DW_mult_uns_0 ZeroWireload tcbn65gplustc_ccs
  oadm_runtime_plane_pruned_RESIDUAL_DROP10_DW_mult_tc_0 ZeroWireload tcbn65gplustc_ccs
  oadm_runtime_plane_pruned_RESIDUAL_DROP10_DW_mult_tc_1 ZeroWireload tcbn65gplustc_ccs
  oadm_runtime_plane_pruned_RESIDUAL_DROP10_DW01_sub_0 ZeroWireload tcbn65gplustc_ccs
  oadm_runtime_plane_pruned_RESIDUAL_DROP10_DW01_add_0 ZeroWireload tcbn65gplustc_ccs
  oadm_runtime_drop_sweep_RESIDUAL_DROP10_SCALE_DROP14_DW_mult_uns_0_DW_mult_uns_1 ZeroWireload tcbn65gplustc_ccs
  fp32_normal_finite_wrapper ZeroWireload  tcbn65gplustc_ccs

  Point                                                                                                                      Incr       Path
  ---------------------------------------------------------------------------------------------------------------------------------------------
  clock vclk (rise edge)                                                                                                     0.00       0.00
  clock network delay (ideal)                                                                                                0.00       0.00
  input external delay                                                                                                       0.02       0.02 r
  level[0] (in)                                                                                                              0.01       0.03 r
  U1/Z (CKBD1)                                                                                                               0.05       0.07 r
  implementation/level[0] (oadm_runtime_drop_sweep_RESIDUAL_DROP10_SCALE_DROP14)                                             0.00       0.07 r
  implementation/plane/level[0] (oadm_runtime_plane_pruned_RESIDUAL_DROP10)                                                  0.00       0.07 r
  implementation/plane/U6/ZN (CKND2D0)                                                                                       0.06       0.13 f
  implementation/plane/U5/ZN (CKND0)                                                                                         0.14       0.27 r
  implementation/plane/U85/Z (AO21D1)                                                                                        0.13       0.39 r
  implementation/plane/mult_58/b[1] (oadm_runtime_plane_pruned_RESIDUAL_DROP10_DW_mult_tc_0)                                 0.00       0.39 r
  implementation/plane/mult_58/U161/ZN (XNR2D0)                                                                              0.16       0.55 r
  implementation/plane/mult_58/U159/ZN (OAI211D0)                                                                            0.16       0.71 f
  implementation/plane/mult_58/U191/ZN (OAI22D0)                                                                             0.09       0.80 r
  implementation/plane/mult_58/U43/S (HA1D0)                                                                                 0.07       0.88 f
  implementation/plane/mult_58/U16/CO (FA1D0)                                                                                0.10       0.98 f
  implementation/plane/mult_58/U15/CO (FA1D0)                                                                                0.06       1.03 f
  implementation/plane/mult_58/U14/CO (FA1D0)                                                                                0.06       1.09 f
  implementation/plane/mult_58/U13/CO (FA1D0)                                                                                0.06       1.14 f
  implementation/plane/mult_58/U12/CO (FA1D0)                                                                                0.06       1.20 f
  implementation/plane/mult_58/U11/CO (FA1D0)                                                                                0.06       1.25 f
  implementation/plane/mult_58/U10/CO (FA1D0)                                                                                0.06       1.31 f
  implementation/plane/mult_58/U9/CO (FA1D0)                                                                                 0.06       1.37 f
  implementation/plane/mult_58/U8/CO (FA1D0)                                                                                 0.06       1.42 f
  implementation/plane/mult_58/U7/CO (FA1D0)                                                                                 0.06       1.48 f
  implementation/plane/mult_58/U6/S (FA1D0)                                                                                  0.08       1.55 r
  implementation/plane/mult_58/product[13] (oadm_runtime_plane_pruned_RESIDUAL_DROP10_DW_mult_tc_0)                          0.00       1.55 r
  implementation/plane/U17/CO (FA1D0)                                                                                        0.08       1.64 r
  implementation/plane/U15/S (FA1D0)                                                                                         0.09       1.72 r
  implementation/plane/sub_0_root_sub_73/A[20] (oadm_runtime_plane_pruned_RESIDUAL_DROP10_DW01_sub_0)                        0.00       1.72 r
  implementation/plane/sub_0_root_sub_73/U2_20/S (FA1D0)                                                                     0.11       1.83 f
  implementation/plane/sub_0_root_sub_73/DIFF[20] (oadm_runtime_plane_pruned_RESIDUAL_DROP10_DW01_sub_0)                     0.00       1.83 f
  implementation/plane/U16/Z (AO22D0)                                                                                        0.07       1.90 f
  implementation/plane/plane_exact[20] (oadm_runtime_plane_pruned_RESIDUAL_DROP10)                                           0.00       1.90 f
  implementation/mult_56/a[6] (oadm_runtime_drop_sweep_RESIDUAL_DROP10_SCALE_DROP14_DW_mult_uns_0_DW_mult_uns_1)             0.00       1.90 f
  implementation/mult_56/U167/ZN (INVD1)                                                                                     0.03       1.93 r
  implementation/mult_56/U266/Z (CKXOR2D0)                                                                                   0.08       2.00 f
  implementation/mult_56/U263/ZN (OAI22D0)                                                                                   0.07       2.07 r
  implementation/mult_56/U33/S (CMPE42D1)                                                                                    0.19       2.26 f
  implementation/mult_56/U13/CO (FA1D0)                                                                                      0.10       2.36 f
  implementation/mult_56/U12/CO (FA1D0)                                                                                      0.06       2.42 f
  implementation/mult_56/U11/CO (FA1D0)                                                                                      0.06       2.47 f
  implementation/mult_56/U10/CO (FA1D0)                                                                                      0.06       2.53 f
  implementation/mult_56/U9/CO (FA1D0)                                                                                       0.06       2.58 f
  implementation/mult_56/U8/CO (FA1D0)                                                                                       0.06       2.64 f
  implementation/mult_56/U7/CO (FA1D0)                                                                                       0.06       2.69 f
  implementation/mult_56/U6/CO (FA1D0)                                                                                       0.06       2.75 f
  implementation/mult_56/U5/CO (FA1D0)                                                                                       0.06       2.80 f
  implementation/mult_56/U4/CO (FA1D0)                                                                                       0.06       2.86 f
  implementation/mult_56/U3/CO (FA1D0)                                                                                       0.05       2.91 f
  implementation/mult_56/U180/ZN (XNR3D0)                                                                                    0.10       3.01 f
  implementation/mult_56/product[17] (oadm_runtime_drop_sweep_RESIDUAL_DROP10_SCALE_DROP14_DW_mult_uns_0_DW_mult_uns_1)      0.00       3.01 f
  implementation/U48/ZN (AOI22D1)                                                                                            0.15       3.16 r
  implementation/U11/ZN (INVD1)                                                                                              0.03       3.19 f
  implementation/U10/ZN (INR3D0)                                                                                             0.06       3.26 r
  implementation/U6/ZN (INVD1)                                                                                               0.06       3.32 f
  implementation/U5/ZN (ND2D1)                                                                                               0.14       3.46 r
  implementation/fp_wrapper/exponent_adjust[1] (fp32_normal_finite_wrapper)                                                  0.00       3.46 r
  implementation/fp_wrapper/U50/CO (FA1D0)                                                                                   0.11       3.57 r
  implementation/fp_wrapper/U51/CO (FA1D0)                                                                                   0.05       3.62 r
  implementation/fp_wrapper/U52/CO (FA1D0)                                                                                   0.05       3.67 r
  implementation/fp_wrapper/U53/CO (FA1D0)                                                                                   0.05       3.73 r
  implementation/fp_wrapper/U54/CO (FA1D0)                                                                                   0.05       3.78 r
  implementation/fp_wrapper/U55/CO (FA1D0)                                                                                   0.05       3.83 r
  implementation/fp_wrapper/U65/Z (XOR3D1)                                                                                   0.07       3.90 f
  implementation/fp_wrapper/U63/Z (AO22D0)                                                                                   0.08       3.98 f
  implementation/fp_wrapper/result[30] (fp32_normal_finite_wrapper)                                                          0.00       3.98 f
  implementation/result[30] (oadm_runtime_drop_sweep_RESIDUAL_DROP10_SCALE_DROP14)                                           0.00       3.98 f
  result[30] (out)                                                                                                           0.00       3.98 f
  data arrival time                                                                                                                     3.98

  clock vclk (rise edge)                                                                                                    10.00      10.00
  clock network delay (ideal)                                                                                                0.00      10.00
  output external delay                                                                                                     -0.02       9.98
  data required time                                                                                                                    9.98
  ---------------------------------------------------------------------------------------------------------------------------------------------
  data required time                                                                                                                    9.98
  data arrival time                                                                                                                    -3.98
  ---------------------------------------------------------------------------------------------------------------------------------------------
  slack (MET)                                                                                                                           6.00


1
