 
****************************************
Report : timing
        -path full
        -delay max
        -nworst 10
        -max_paths 10
Design : input_div_b7_bias1
Version: U-2022.12-SP7
Date   : Fri Sep  4 18:50:09 2026
****************************************

Operating Conditions: NCCOM   Library: tcbn65gplustc_ccs
Wire Load Model Mode: segmented

  Startpoint: y[17] (input port clocked by vclk)
  Endpoint: result[15] (output port clocked by vclk)
  Path Group: vclk
  Path Type: max

  Des/Clust/Port     Wire Load Model       Library
  ------------------------------------------------
  fp32_normal_finite_wrapper ZeroWireload  tcbn65gplustc_ccs
  input_div_b7_bias1 ZeroWireload          tcbn65gplustc_ccs
  input_trunc_core_BITS7_BIAS1_DIVIDE1 ZeroWireload tcbn65gplustc_ccs
  input_trunc_core_BITS7_BIAS1_DIVIDE1_DW_div_uns_6 ZeroWireload tcbn65gplustc_ccs

  Point                                                                           Incr       Path
  --------------------------------------------------------------------------------------------------
  clock vclk (rise edge)                                                          0.00       0.00
  clock network delay (ideal)                                                     0.00       0.00
  input external delay                                                            0.02       0.02 f
  y[17] (in)                                                                      0.00       0.02 f
  dut/y[17] (input_trunc_core_BITS7_BIAS1_DIVIDE1)                                0.00       0.02 f
  dut/wrapper/y[17] (fp32_normal_finite_wrapper)                                  0.00       0.02 f
  dut/wrapper/U99/Z (CKBD1)                                                       0.02       0.05 f
  dut/wrapper/fraction_y[17] (fp32_normal_finite_wrapper)                         0.00       0.05 f
  dut/div_18/b[2] (input_trunc_core_BITS7_BIAS1_DIVIDE1_DW_div_uns_6)             0.00       0.05 f
  dut/div_18/U113/ZN (INVD1)                                                      0.09       0.13 r
  dut/div_18/u_div_u_fa_PartRem_0_9_2/CO (FA1D0)                                  0.10       0.24 r
  dut/div_18/u_div_u_fa_PartRem_0_9_3/CO (FA1D0)                                  0.05       0.29 r
  dut/div_18/u_div_u_fa_PartRem_0_9_4/CO (FA1D0)                                  0.05       0.34 r
  dut/div_18/u_div_u_fa_PartRem_0_9_5/CO (FA1D0)                                  0.05       0.39 r
  dut/div_18/u_div_u_fa_PartRem_0_9_6/CO (FA1D0)                                  0.05       0.44 r
  dut/div_18/u_div_u_fa_PartRem_0_9_7/CO (FA1D0)                                  0.20       0.64 r
  dut/div_18/U139/ZN (MUX2ND0)                                                    0.07       0.72 r
  dut/div_18/U123/ZN (CKND1)                                                      0.02       0.74 f
  dut/div_18/u_div_u_fa_PartRem_0_8_2/CO (FA1D0)                                  0.10       0.84 f
  dut/div_18/u_div_u_fa_PartRem_0_8_3/CO (FA1D0)                                  0.06       0.90 f
  dut/div_18/u_div_u_fa_PartRem_0_8_4/CO (FA1D0)                                  0.06       0.95 f
  dut/div_18/u_div_u_fa_PartRem_0_8_5/CO (FA1D0)                                  0.06       1.01 f
  dut/div_18/u_div_u_fa_PartRem_0_8_6/CO (FA1D0)                                  0.06       1.06 f
  dut/div_18/u_div_u_fa_PartRem_0_8_7/CO (FA1D0)                                  0.06       1.13 f
  dut/div_18/U74/ZN (IOA21D0)                                                     0.17       1.29 f
  dut/div_18/U148/ZN (MUX2ND0)                                                    0.09       1.38 f
  dut/div_18/U126/ZN (CKND1)                                                      0.02       1.40 r
  dut/div_18/u_div_u_fa_PartRem_0_7_2/CO (FA1D0)                                  0.09       1.50 r
  dut/div_18/u_div_u_fa_PartRem_0_7_3/CO (FA1D0)                                  0.05       1.55 r
  dut/div_18/u_div_u_fa_PartRem_0_7_4/CO (FA1D0)                                  0.05       1.60 r
  dut/div_18/u_div_u_fa_PartRem_0_7_5/CO (FA1D0)                                  0.05       1.65 r
  dut/div_18/u_div_u_fa_PartRem_0_7_6/CO (FA1D0)                                  0.05       1.70 r
  dut/div_18/u_div_u_fa_PartRem_0_7_7/CO (FA1D0)                                  0.06       1.76 r
  dut/div_18/U68/ZN (AOI21D0)                                                     0.03       1.79 f
  dut/div_18/U67/ZN (CKND0)                                                       0.14       1.93 r
  dut/div_18/U100/ZN (MUX2ND0)                                                    0.08       2.01 f
  dut/div_18/u_div_u_fa_PartRem_0_6_2/CO (FA1D0)                                  0.11       2.13 f
  dut/div_18/u_div_u_fa_PartRem_0_6_3/CO (FA1D0)                                  0.06       2.18 f
  dut/div_18/u_div_u_fa_PartRem_0_6_4/CO (FA1D0)                                  0.06       2.24 f
  dut/div_18/u_div_u_fa_PartRem_0_6_5/CO (FA1D0)                                  0.06       2.29 f
  dut/div_18/u_div_u_fa_PartRem_0_6_6/CO (FA1D0)                                  0.06       2.35 f
  dut/div_18/u_div_u_fa_PartRem_0_6_7/CO (FA1D0)                                  0.06       2.41 f
  dut/div_18/U65/ZN (AOI21D0)                                                     0.04       2.45 r
  dut/div_18/U64/ZN (CKND0)                                                       0.11       2.57 f
  dut/div_18/U101/ZN (MUX2ND0)                                                    0.08       2.64 f
  dut/div_18/u_div_u_fa_PartRem_0_5_2/CO (FA1D0)                                  0.11       2.76 f
  dut/div_18/u_div_u_fa_PartRem_0_5_3/CO (FA1D0)                                  0.06       2.81 f
  dut/div_18/u_div_u_fa_PartRem_0_5_4/CO (FA1D0)                                  0.06       2.87 f
  dut/div_18/u_div_u_fa_PartRem_0_5_5/CO (FA1D0)                                  0.06       2.92 f
  dut/div_18/u_div_u_fa_PartRem_0_5_6/CO (FA1D0)                                  0.06       2.98 f
  dut/div_18/u_div_u_fa_PartRem_0_5_7/CO (FA1D0)                                  0.06       3.04 f
  dut/div_18/U62/ZN (AOI21D0)                                                     0.04       3.09 r
  dut/div_18/U61/ZN (CKND0)                                                       0.11       3.20 f
  dut/div_18/U102/ZN (MUX2ND0)                                                    0.08       3.27 f
  dut/div_18/u_div_u_fa_PartRem_0_4_2/CO (FA1D0)                                  0.11       3.39 f
  dut/div_18/u_div_u_fa_PartRem_0_4_3/CO (FA1D0)                                  0.06       3.44 f
  dut/div_18/u_div_u_fa_PartRem_0_4_4/CO (FA1D0)                                  0.06       3.50 f
  dut/div_18/u_div_u_fa_PartRem_0_4_5/CO (FA1D0)                                  0.06       3.56 f
  dut/div_18/u_div_u_fa_PartRem_0_4_6/CO (FA1D0)                                  0.06       3.61 f
  dut/div_18/u_div_u_fa_PartRem_0_4_7/CO (FA1D0)                                  0.06       3.67 f
  dut/div_18/U59/ZN (AOI21D0)                                                     0.04       3.72 r
  dut/div_18/U58/ZN (CKND0)                                                       0.11       3.83 f
  dut/div_18/U103/ZN (MUX2ND0)                                                    0.08       3.91 f
  dut/div_18/u_div_u_fa_PartRem_0_3_2/CO (FA1D0)                                  0.11       4.02 f
  dut/div_18/u_div_u_fa_PartRem_0_3_3/CO (FA1D0)                                  0.06       4.08 f
  dut/div_18/u_div_u_fa_PartRem_0_3_4/CO (FA1D0)                                  0.06       4.13 f
  dut/div_18/u_div_u_fa_PartRem_0_3_5/CO (FA1D0)                                  0.06       4.19 f
  dut/div_18/u_div_u_fa_PartRem_0_3_6/CO (FA1D0)                                  0.06       4.24 f
  dut/div_18/u_div_u_fa_PartRem_0_3_7/CO (FA1D0)                                  0.06       4.30 f
  dut/div_18/U56/ZN (AOI21D0)                                                     0.04       4.35 r
  dut/div_18/U55/ZN (CKND0)                                                       0.11       4.46 f
  dut/div_18/U104/ZN (MUX2ND0)                                                    0.08       4.54 f
  dut/div_18/u_div_u_fa_PartRem_0_2_2/CO (FA1D0)                                  0.11       4.65 f
  dut/div_18/u_div_u_fa_PartRem_0_2_3/CO (FA1D0)                                  0.06       4.71 f
  dut/div_18/u_div_u_fa_PartRem_0_2_4/CO (FA1D0)                                  0.06       4.76 f
  dut/div_18/u_div_u_fa_PartRem_0_2_5/CO (FA1D0)                                  0.06       4.82 f
  dut/div_18/u_div_u_fa_PartRem_0_2_6/CO (FA1D0)                                  0.06       4.87 f
  dut/div_18/u_div_u_fa_PartRem_0_2_7/CO (FA1D0)                                  0.06       4.94 f
  dut/div_18/U6/ZN (AOI21D0)                                                      0.04       4.98 r
  dut/div_18/U5/ZN (CKND0)                                                        0.11       5.09 f
  dut/div_18/U54/ZN (MUX2ND0)                                                     0.06       5.16 r
  dut/div_18/u_div_u_fa_PartRem_0_1_2/CO (FA1D0)                                  0.11       5.26 r
  dut/div_18/u_div_u_fa_PartRem_0_1_3/CO (FA1D0)                                  0.05       5.31 r
  dut/div_18/u_div_u_fa_PartRem_0_1_4/CO (FA1D0)                                  0.05       5.36 r
  dut/div_18/u_div_u_fa_PartRem_0_1_5/CO (FA1D0)                                  0.05       5.42 r
  dut/div_18/u_div_u_fa_PartRem_0_1_6/CO (FA1D0)                                  0.05       5.47 r
  dut/div_18/u_div_u_fa_PartRem_0_1_7/CO (FA1D0)                                  0.06       5.53 r
  dut/div_18/U14/Z (AO21D0)                                                       0.15       5.67 r
  dut/div_18/U161/ZN (MUX2ND0)                                                    0.08       5.75 f
  dut/div_18/u_div_u_fa_PartRem_0_0_2/CO (FA1D0)                                  0.11       5.86 f
  dut/div_18/u_div_u_fa_PartRem_0_0_3/CO (FA1D0)                                  0.06       5.92 f
  dut/div_18/u_div_u_fa_PartRem_0_0_4/CO (FA1D0)                                  0.06       5.97 f
  dut/div_18/u_div_u_fa_PartRem_0_0_5/CO (FA1D0)                                  0.06       6.03 f
  dut/div_18/u_div_u_fa_PartRem_0_0_6/CO (FA1D0)                                  0.06       6.08 f
  dut/div_18/u_div_u_fa_PartRem_0_0_7/CO (FA1D0)                                  0.05       6.13 f
  dut/div_18/U2/Z (AO21D0)                                                        0.06       6.19 f
  dut/div_18/quotient[0] (input_trunc_core_BITS7_BIAS1_DIVIDE1_DW_div_uns_6)      0.00       6.19 f
  dut/U3/Z (AO22D0)                                                               0.06       6.25 f
  dut/wrapper/result_fraction[15] (fp32_normal_finite_wrapper)                    0.00       6.25 f
  dut/wrapper/U108/Z (CKBD1)                                                      0.03       6.29 f
  dut/wrapper/result[15] (fp32_normal_finite_wrapper)                             0.00       6.29 f
  dut/result[15] (input_trunc_core_BITS7_BIAS1_DIVIDE1)                           0.00       6.29 f
  result[15] (out)                                                                0.00       6.29 f
  data arrival time                                                                          6.29

  clock vclk (rise edge)                                                         10.00      10.00
  clock network delay (ideal)                                                     0.00      10.00
  output external delay                                                          -0.02       9.98
  data required time                                                                         9.98
  --------------------------------------------------------------------------------------------------
  data required time                                                                         9.98
  data arrival time                                                                         -6.29
  --------------------------------------------------------------------------------------------------
  slack (MET)                                                                                3.69


  Startpoint: y[17] (input port clocked by vclk)
  Endpoint: result[15] (output port clocked by vclk)
  Path Group: vclk
  Path Type: max

  Des/Clust/Port     Wire Load Model       Library
  ------------------------------------------------
  fp32_normal_finite_wrapper ZeroWireload  tcbn65gplustc_ccs
  input_div_b7_bias1 ZeroWireload          tcbn65gplustc_ccs
  input_trunc_core_BITS7_BIAS1_DIVIDE1 ZeroWireload tcbn65gplustc_ccs
  input_trunc_core_BITS7_BIAS1_DIVIDE1_DW_div_uns_6 ZeroWireload tcbn65gplustc_ccs

  Point                                                                           Incr       Path
  --------------------------------------------------------------------------------------------------
  clock vclk (rise edge)                                                          0.00       0.00
  clock network delay (ideal)                                                     0.00       0.00
  input external delay                                                            0.02       0.02 f
  y[17] (in)                                                                      0.00       0.02 f
  dut/y[17] (input_trunc_core_BITS7_BIAS1_DIVIDE1)                                0.00       0.02 f
  dut/wrapper/y[17] (fp32_normal_finite_wrapper)                                  0.00       0.02 f
  dut/wrapper/U99/Z (CKBD1)                                                       0.02       0.05 f
  dut/wrapper/fraction_y[17] (fp32_normal_finite_wrapper)                         0.00       0.05 f
  dut/div_18/b[2] (input_trunc_core_BITS7_BIAS1_DIVIDE1_DW_div_uns_6)             0.00       0.05 f
  dut/div_18/U113/ZN (INVD1)                                                      0.09       0.13 r
  dut/div_18/u_div_u_fa_PartRem_0_9_2/CO (FA1D0)                                  0.10       0.24 r
  dut/div_18/u_div_u_fa_PartRem_0_9_3/CO (FA1D0)                                  0.05       0.29 r
  dut/div_18/u_div_u_fa_PartRem_0_9_4/CO (FA1D0)                                  0.05       0.34 r
  dut/div_18/u_div_u_fa_PartRem_0_9_5/CO (FA1D0)                                  0.05       0.39 r
  dut/div_18/u_div_u_fa_PartRem_0_9_6/CO (FA1D0)                                  0.05       0.44 r
  dut/div_18/u_div_u_fa_PartRem_0_9_7/CO (FA1D0)                                  0.20       0.64 r
  dut/div_18/U139/ZN (MUX2ND0)                                                    0.07       0.72 r
  dut/div_18/U123/ZN (CKND1)                                                      0.02       0.74 f
  dut/div_18/u_div_u_fa_PartRem_0_8_2/CO (FA1D0)                                  0.10       0.84 f
  dut/div_18/u_div_u_fa_PartRem_0_8_3/CO (FA1D0)                                  0.06       0.90 f
  dut/div_18/u_div_u_fa_PartRem_0_8_4/CO (FA1D0)                                  0.06       0.95 f
  dut/div_18/u_div_u_fa_PartRem_0_8_5/CO (FA1D0)                                  0.06       1.01 f
  dut/div_18/u_div_u_fa_PartRem_0_8_6/CO (FA1D0)                                  0.06       1.06 f
  dut/div_18/u_div_u_fa_PartRem_0_8_7/CO (FA1D0)                                  0.06       1.13 f
  dut/div_18/U74/ZN (IOA21D0)                                                     0.17       1.29 f
  dut/div_18/U148/ZN (MUX2ND0)                                                    0.09       1.38 f
  dut/div_18/U126/ZN (CKND1)                                                      0.02       1.40 r
  dut/div_18/u_div_u_fa_PartRem_0_7_2/CO (FA1D0)                                  0.09       1.50 r
  dut/div_18/u_div_u_fa_PartRem_0_7_3/CO (FA1D0)                                  0.05       1.55 r
  dut/div_18/u_div_u_fa_PartRem_0_7_4/CO (FA1D0)                                  0.05       1.60 r
  dut/div_18/u_div_u_fa_PartRem_0_7_5/CO (FA1D0)                                  0.05       1.65 r
  dut/div_18/u_div_u_fa_PartRem_0_7_6/CO (FA1D0)                                  0.05       1.70 r
  dut/div_18/u_div_u_fa_PartRem_0_7_7/CO (FA1D0)                                  0.06       1.76 r
  dut/div_18/U68/ZN (AOI21D0)                                                     0.03       1.79 f
  dut/div_18/U67/ZN (CKND0)                                                       0.14       1.93 r
  dut/div_18/U100/ZN (MUX2ND0)                                                    0.08       2.01 f
  dut/div_18/u_div_u_fa_PartRem_0_6_2/CO (FA1D0)                                  0.11       2.13 f
  dut/div_18/u_div_u_fa_PartRem_0_6_3/CO (FA1D0)                                  0.06       2.18 f
  dut/div_18/u_div_u_fa_PartRem_0_6_4/CO (FA1D0)                                  0.06       2.24 f
  dut/div_18/u_div_u_fa_PartRem_0_6_5/CO (FA1D0)                                  0.06       2.29 f
  dut/div_18/u_div_u_fa_PartRem_0_6_6/CO (FA1D0)                                  0.06       2.35 f
  dut/div_18/u_div_u_fa_PartRem_0_6_7/CO (FA1D0)                                  0.06       2.41 f
  dut/div_18/U65/ZN (AOI21D0)                                                     0.04       2.45 r
  dut/div_18/U64/ZN (CKND0)                                                       0.11       2.57 f
  dut/div_18/U101/ZN (MUX2ND0)                                                    0.08       2.64 f
  dut/div_18/u_div_u_fa_PartRem_0_5_2/CO (FA1D0)                                  0.11       2.76 f
  dut/div_18/u_div_u_fa_PartRem_0_5_3/CO (FA1D0)                                  0.06       2.81 f
  dut/div_18/u_div_u_fa_PartRem_0_5_4/CO (FA1D0)                                  0.06       2.87 f
  dut/div_18/u_div_u_fa_PartRem_0_5_5/CO (FA1D0)                                  0.06       2.92 f
  dut/div_18/u_div_u_fa_PartRem_0_5_6/CO (FA1D0)                                  0.06       2.98 f
  dut/div_18/u_div_u_fa_PartRem_0_5_7/CO (FA1D0)                                  0.06       3.04 f
  dut/div_18/U62/ZN (AOI21D0)                                                     0.04       3.09 r
  dut/div_18/U61/ZN (CKND0)                                                       0.11       3.20 f
  dut/div_18/U102/ZN (MUX2ND0)                                                    0.08       3.27 f
  dut/div_18/u_div_u_fa_PartRem_0_4_2/CO (FA1D0)                                  0.11       3.39 f
  dut/div_18/u_div_u_fa_PartRem_0_4_3/CO (FA1D0)                                  0.06       3.44 f
  dut/div_18/u_div_u_fa_PartRem_0_4_4/CO (FA1D0)                                  0.06       3.50 f
  dut/div_18/u_div_u_fa_PartRem_0_4_5/CO (FA1D0)                                  0.06       3.56 f
  dut/div_18/u_div_u_fa_PartRem_0_4_6/CO (FA1D0)                                  0.06       3.61 f
  dut/div_18/u_div_u_fa_PartRem_0_4_7/CO (FA1D0)                                  0.06       3.67 f
  dut/div_18/U59/ZN (AOI21D0)                                                     0.04       3.72 r
  dut/div_18/U58/ZN (CKND0)                                                       0.11       3.83 f
  dut/div_18/U103/ZN (MUX2ND0)                                                    0.08       3.91 f
  dut/div_18/u_div_u_fa_PartRem_0_3_2/CO (FA1D0)                                  0.11       4.02 f
  dut/div_18/u_div_u_fa_PartRem_0_3_3/CO (FA1D0)                                  0.06       4.08 f
  dut/div_18/u_div_u_fa_PartRem_0_3_4/CO (FA1D0)                                  0.06       4.13 f
  dut/div_18/u_div_u_fa_PartRem_0_3_5/CO (FA1D0)                                  0.06       4.19 f
  dut/div_18/u_div_u_fa_PartRem_0_3_6/CO (FA1D0)                                  0.06       4.24 f
  dut/div_18/u_div_u_fa_PartRem_0_3_7/CO (FA1D0)                                  0.06       4.30 f
  dut/div_18/U56/ZN (AOI21D0)                                                     0.04       4.35 r
  dut/div_18/U55/ZN (CKND0)                                                       0.11       4.46 f
  dut/div_18/U104/ZN (MUX2ND0)                                                    0.08       4.54 f
  dut/div_18/u_div_u_fa_PartRem_0_2_2/CO (FA1D0)                                  0.11       4.65 f
  dut/div_18/u_div_u_fa_PartRem_0_2_3/CO (FA1D0)                                  0.06       4.71 f
  dut/div_18/u_div_u_fa_PartRem_0_2_4/CO (FA1D0)                                  0.06       4.76 f
  dut/div_18/u_div_u_fa_PartRem_0_2_5/CO (FA1D0)                                  0.06       4.82 f
  dut/div_18/u_div_u_fa_PartRem_0_2_6/CO (FA1D0)                                  0.06       4.87 f
  dut/div_18/u_div_u_fa_PartRem_0_2_7/CO (FA1D0)                                  0.06       4.94 f
  dut/div_18/U6/ZN (AOI21D0)                                                      0.04       4.98 r
  dut/div_18/U5/ZN (CKND0)                                                        0.11       5.09 f
  dut/div_18/U54/ZN (MUX2ND0)                                                     0.06       5.16 r
  dut/div_18/u_div_u_fa_PartRem_0_1_2/CO (FA1D0)                                  0.11       5.26 r
  dut/div_18/u_div_u_fa_PartRem_0_1_3/CO (FA1D0)                                  0.05       5.31 r
  dut/div_18/u_div_u_fa_PartRem_0_1_4/CO (FA1D0)                                  0.05       5.36 r
  dut/div_18/u_div_u_fa_PartRem_0_1_5/CO (FA1D0)                                  0.05       5.42 r
  dut/div_18/u_div_u_fa_PartRem_0_1_6/CO (FA1D0)                                  0.05       5.47 r
  dut/div_18/u_div_u_fa_PartRem_0_1_7/CO (FA1D0)                                  0.06       5.53 r
  dut/div_18/U14/Z (AO21D0)                                                       0.15       5.67 r
  dut/div_18/U161/ZN (MUX2ND0)                                                    0.08       5.75 f
  dut/div_18/u_div_u_fa_PartRem_0_0_2/CO (FA1D0)                                  0.11       5.86 f
  dut/div_18/u_div_u_fa_PartRem_0_0_3/CO (FA1D0)                                  0.06       5.92 f
  dut/div_18/u_div_u_fa_PartRem_0_0_4/CO (FA1D0)                                  0.06       5.97 f
  dut/div_18/u_div_u_fa_PartRem_0_0_5/CO (FA1D0)                                  0.06       6.03 f
  dut/div_18/u_div_u_fa_PartRem_0_0_6/CO (FA1D0)                                  0.06       6.08 f
  dut/div_18/u_div_u_fa_PartRem_0_0_7/CO (FA1D0)                                  0.05       6.13 f
  dut/div_18/U2/Z (AO21D0)                                                        0.06       6.19 f
  dut/div_18/quotient[0] (input_trunc_core_BITS7_BIAS1_DIVIDE1_DW_div_uns_6)      0.00       6.19 f
  dut/U3/Z (AO22D0)                                                               0.06       6.25 f
  dut/wrapper/result_fraction[15] (fp32_normal_finite_wrapper)                    0.00       6.25 f
  dut/wrapper/U108/Z (CKBD1)                                                      0.03       6.29 f
  dut/wrapper/result[15] (fp32_normal_finite_wrapper)                             0.00       6.29 f
  dut/result[15] (input_trunc_core_BITS7_BIAS1_DIVIDE1)                           0.00       6.29 f
  result[15] (out)                                                                0.00       6.29 f
  data arrival time                                                                          6.29

  clock vclk (rise edge)                                                         10.00      10.00
  clock network delay (ideal)                                                     0.00      10.00
  output external delay                                                          -0.02       9.98
  data required time                                                                         9.98
  --------------------------------------------------------------------------------------------------
  data required time                                                                         9.98
  data arrival time                                                                         -6.29
  --------------------------------------------------------------------------------------------------
  slack (MET)                                                                                3.69


  Startpoint: y[17] (input port clocked by vclk)
  Endpoint: result[15] (output port clocked by vclk)
  Path Group: vclk
  Path Type: max

  Des/Clust/Port     Wire Load Model       Library
  ------------------------------------------------
  fp32_normal_finite_wrapper ZeroWireload  tcbn65gplustc_ccs
  input_div_b7_bias1 ZeroWireload          tcbn65gplustc_ccs
  input_trunc_core_BITS7_BIAS1_DIVIDE1 ZeroWireload tcbn65gplustc_ccs
  input_trunc_core_BITS7_BIAS1_DIVIDE1_DW_div_uns_6 ZeroWireload tcbn65gplustc_ccs

  Point                                                                           Incr       Path
  --------------------------------------------------------------------------------------------------
  clock vclk (rise edge)                                                          0.00       0.00
  clock network delay (ideal)                                                     0.00       0.00
  input external delay                                                            0.02       0.02 f
  y[17] (in)                                                                      0.00       0.02 f
  dut/y[17] (input_trunc_core_BITS7_BIAS1_DIVIDE1)                                0.00       0.02 f
  dut/wrapper/y[17] (fp32_normal_finite_wrapper)                                  0.00       0.02 f
  dut/wrapper/U99/Z (CKBD1)                                                       0.02       0.05 f
  dut/wrapper/fraction_y[17] (fp32_normal_finite_wrapper)                         0.00       0.05 f
  dut/div_18/b[2] (input_trunc_core_BITS7_BIAS1_DIVIDE1_DW_div_uns_6)             0.00       0.05 f
  dut/div_18/U113/ZN (INVD1)                                                      0.09       0.13 r
  dut/div_18/u_div_u_fa_PartRem_0_9_2/CO (FA1D0)                                  0.10       0.24 r
  dut/div_18/u_div_u_fa_PartRem_0_9_3/CO (FA1D0)                                  0.05       0.29 r
  dut/div_18/u_div_u_fa_PartRem_0_9_4/CO (FA1D0)                                  0.05       0.34 r
  dut/div_18/u_div_u_fa_PartRem_0_9_5/CO (FA1D0)                                  0.05       0.39 r
  dut/div_18/u_div_u_fa_PartRem_0_9_6/CO (FA1D0)                                  0.05       0.44 r
  dut/div_18/u_div_u_fa_PartRem_0_9_7/CO (FA1D0)                                  0.20       0.64 r
  dut/div_18/U139/ZN (MUX2ND0)                                                    0.07       0.72 r
  dut/div_18/U123/ZN (CKND1)                                                      0.02       0.74 f
  dut/div_18/u_div_u_fa_PartRem_0_8_2/CO (FA1D0)                                  0.10       0.84 f
  dut/div_18/u_div_u_fa_PartRem_0_8_3/CO (FA1D0)                                  0.06       0.90 f
  dut/div_18/u_div_u_fa_PartRem_0_8_4/CO (FA1D0)                                  0.06       0.95 f
  dut/div_18/u_div_u_fa_PartRem_0_8_5/CO (FA1D0)                                  0.06       1.01 f
  dut/div_18/u_div_u_fa_PartRem_0_8_6/CO (FA1D0)                                  0.06       1.06 f
  dut/div_18/u_div_u_fa_PartRem_0_8_7/CO (FA1D0)                                  0.06       1.13 f
  dut/div_18/U74/ZN (IOA21D0)                                                     0.17       1.29 f
  dut/div_18/U148/ZN (MUX2ND0)                                                    0.09       1.38 f
  dut/div_18/U126/ZN (CKND1)                                                      0.02       1.40 r
  dut/div_18/u_div_u_fa_PartRem_0_7_2/CO (FA1D0)                                  0.09       1.50 r
  dut/div_18/u_div_u_fa_PartRem_0_7_3/CO (FA1D0)                                  0.05       1.55 r
  dut/div_18/u_div_u_fa_PartRem_0_7_4/CO (FA1D0)                                  0.05       1.60 r
  dut/div_18/u_div_u_fa_PartRem_0_7_5/CO (FA1D0)                                  0.05       1.65 r
  dut/div_18/u_div_u_fa_PartRem_0_7_6/CO (FA1D0)                                  0.05       1.70 r
  dut/div_18/u_div_u_fa_PartRem_0_7_7/CO (FA1D0)                                  0.06       1.76 r
  dut/div_18/U68/ZN (AOI21D0)                                                     0.03       1.79 f
  dut/div_18/U67/ZN (CKND0)                                                       0.14       1.93 r
  dut/div_18/U100/ZN (MUX2ND0)                                                    0.08       2.01 f
  dut/div_18/u_div_u_fa_PartRem_0_6_2/CO (FA1D0)                                  0.11       2.13 f
  dut/div_18/u_div_u_fa_PartRem_0_6_3/CO (FA1D0)                                  0.06       2.18 f
  dut/div_18/u_div_u_fa_PartRem_0_6_4/CO (FA1D0)                                  0.06       2.24 f
  dut/div_18/u_div_u_fa_PartRem_0_6_5/CO (FA1D0)                                  0.06       2.29 f
  dut/div_18/u_div_u_fa_PartRem_0_6_6/CO (FA1D0)                                  0.06       2.35 f
  dut/div_18/u_div_u_fa_PartRem_0_6_7/CO (FA1D0)                                  0.06       2.41 f
  dut/div_18/U65/ZN (AOI21D0)                                                     0.04       2.45 r
  dut/div_18/U64/ZN (CKND0)                                                       0.11       2.57 f
  dut/div_18/U101/ZN (MUX2ND0)                                                    0.08       2.64 f
  dut/div_18/u_div_u_fa_PartRem_0_5_2/CO (FA1D0)                                  0.11       2.76 f
  dut/div_18/u_div_u_fa_PartRem_0_5_3/CO (FA1D0)                                  0.06       2.81 f
  dut/div_18/u_div_u_fa_PartRem_0_5_4/CO (FA1D0)                                  0.06       2.87 f
  dut/div_18/u_div_u_fa_PartRem_0_5_5/CO (FA1D0)                                  0.06       2.92 f
  dut/div_18/u_div_u_fa_PartRem_0_5_6/CO (FA1D0)                                  0.06       2.98 f
  dut/div_18/u_div_u_fa_PartRem_0_5_7/CO (FA1D0)                                  0.06       3.04 f
  dut/div_18/U62/ZN (AOI21D0)                                                     0.04       3.09 r
  dut/div_18/U61/ZN (CKND0)                                                       0.11       3.20 f
  dut/div_18/U102/ZN (MUX2ND0)                                                    0.08       3.27 f
  dut/div_18/u_div_u_fa_PartRem_0_4_2/CO (FA1D0)                                  0.11       3.39 f
  dut/div_18/u_div_u_fa_PartRem_0_4_3/CO (FA1D0)                                  0.06       3.44 f
  dut/div_18/u_div_u_fa_PartRem_0_4_4/CO (FA1D0)                                  0.06       3.50 f
  dut/div_18/u_div_u_fa_PartRem_0_4_5/CO (FA1D0)                                  0.06       3.56 f
  dut/div_18/u_div_u_fa_PartRem_0_4_6/CO (FA1D0)                                  0.06       3.61 f
  dut/div_18/u_div_u_fa_PartRem_0_4_7/CO (FA1D0)                                  0.06       3.67 f
  dut/div_18/U59/ZN (AOI21D0)                                                     0.04       3.72 r
  dut/div_18/U58/ZN (CKND0)                                                       0.11       3.83 f
  dut/div_18/U103/ZN (MUX2ND0)                                                    0.08       3.91 f
  dut/div_18/u_div_u_fa_PartRem_0_3_2/CO (FA1D0)                                  0.11       4.02 f
  dut/div_18/u_div_u_fa_PartRem_0_3_3/CO (FA1D0)                                  0.06       4.08 f
  dut/div_18/u_div_u_fa_PartRem_0_3_4/CO (FA1D0)                                  0.06       4.13 f
  dut/div_18/u_div_u_fa_PartRem_0_3_5/CO (FA1D0)                                  0.06       4.19 f
  dut/div_18/u_div_u_fa_PartRem_0_3_6/CO (FA1D0)                                  0.06       4.24 f
  dut/div_18/u_div_u_fa_PartRem_0_3_7/CO (FA1D0)                                  0.06       4.30 f
  dut/div_18/U56/ZN (AOI21D0)                                                     0.04       4.35 r
  dut/div_18/U55/ZN (CKND0)                                                       0.11       4.46 f
  dut/div_18/U104/ZN (MUX2ND0)                                                    0.08       4.54 f
  dut/div_18/u_div_u_fa_PartRem_0_2_2/CO (FA1D0)                                  0.11       4.65 f
  dut/div_18/u_div_u_fa_PartRem_0_2_3/CO (FA1D0)                                  0.06       4.71 f
  dut/div_18/u_div_u_fa_PartRem_0_2_4/CO (FA1D0)                                  0.06       4.76 f
  dut/div_18/u_div_u_fa_PartRem_0_2_5/CO (FA1D0)                                  0.06       4.82 f
  dut/div_18/u_div_u_fa_PartRem_0_2_6/CO (FA1D0)                                  0.06       4.87 f
  dut/div_18/u_div_u_fa_PartRem_0_2_7/CO (FA1D0)                                  0.06       4.94 f
  dut/div_18/U6/ZN (AOI21D0)                                                      0.04       4.98 r
  dut/div_18/U5/ZN (CKND0)                                                        0.11       5.09 f
  dut/div_18/U54/ZN (MUX2ND0)                                                     0.06       5.16 r
  dut/div_18/u_div_u_fa_PartRem_0_1_2/CO (FA1D0)                                  0.11       5.26 r
  dut/div_18/u_div_u_fa_PartRem_0_1_3/CO (FA1D0)                                  0.05       5.31 r
  dut/div_18/u_div_u_fa_PartRem_0_1_4/CO (FA1D0)                                  0.05       5.36 r
  dut/div_18/u_div_u_fa_PartRem_0_1_5/CO (FA1D0)                                  0.05       5.42 r
  dut/div_18/u_div_u_fa_PartRem_0_1_6/CO (FA1D0)                                  0.05       5.47 r
  dut/div_18/u_div_u_fa_PartRem_0_1_7/CO (FA1D0)                                  0.06       5.53 r
  dut/div_18/U14/Z (AO21D0)                                                       0.15       5.67 r
  dut/div_18/U161/ZN (MUX2ND0)                                                    0.08       5.75 f
  dut/div_18/u_div_u_fa_PartRem_0_0_2/CO (FA1D0)                                  0.11       5.86 f
  dut/div_18/u_div_u_fa_PartRem_0_0_3/CO (FA1D0)                                  0.06       5.92 f
  dut/div_18/u_div_u_fa_PartRem_0_0_4/CO (FA1D0)                                  0.06       5.97 f
  dut/div_18/u_div_u_fa_PartRem_0_0_5/CO (FA1D0)                                  0.06       6.03 f
  dut/div_18/u_div_u_fa_PartRem_0_0_6/CO (FA1D0)                                  0.06       6.08 f
  dut/div_18/u_div_u_fa_PartRem_0_0_7/CO (FA1D0)                                  0.05       6.13 f
  dut/div_18/U2/Z (AO21D0)                                                        0.06       6.19 f
  dut/div_18/quotient[0] (input_trunc_core_BITS7_BIAS1_DIVIDE1_DW_div_uns_6)      0.00       6.19 f
  dut/U3/Z (AO22D0)                                                               0.06       6.25 f
  dut/wrapper/result_fraction[15] (fp32_normal_finite_wrapper)                    0.00       6.25 f
  dut/wrapper/U108/Z (CKBD1)                                                      0.03       6.29 f
  dut/wrapper/result[15] (fp32_normal_finite_wrapper)                             0.00       6.29 f
  dut/result[15] (input_trunc_core_BITS7_BIAS1_DIVIDE1)                           0.00       6.29 f
  result[15] (out)                                                                0.00       6.29 f
  data arrival time                                                                          6.29

  clock vclk (rise edge)                                                         10.00      10.00
  clock network delay (ideal)                                                     0.00      10.00
  output external delay                                                          -0.02       9.98
  data required time                                                                         9.98
  --------------------------------------------------------------------------------------------------
  data required time                                                                         9.98
  data arrival time                                                                         -6.29
  --------------------------------------------------------------------------------------------------
  slack (MET)                                                                                3.69


  Startpoint: y[17] (input port clocked by vclk)
  Endpoint: result[15] (output port clocked by vclk)
  Path Group: vclk
  Path Type: max

  Des/Clust/Port     Wire Load Model       Library
  ------------------------------------------------
  fp32_normal_finite_wrapper ZeroWireload  tcbn65gplustc_ccs
  input_div_b7_bias1 ZeroWireload          tcbn65gplustc_ccs
  input_trunc_core_BITS7_BIAS1_DIVIDE1 ZeroWireload tcbn65gplustc_ccs
  input_trunc_core_BITS7_BIAS1_DIVIDE1_DW_div_uns_6 ZeroWireload tcbn65gplustc_ccs

  Point                                                                           Incr       Path
  --------------------------------------------------------------------------------------------------
  clock vclk (rise edge)                                                          0.00       0.00
  clock network delay (ideal)                                                     0.00       0.00
  input external delay                                                            0.02       0.02 f
  y[17] (in)                                                                      0.00       0.02 f
  dut/y[17] (input_trunc_core_BITS7_BIAS1_DIVIDE1)                                0.00       0.02 f
  dut/wrapper/y[17] (fp32_normal_finite_wrapper)                                  0.00       0.02 f
  dut/wrapper/U99/Z (CKBD1)                                                       0.02       0.05 f
  dut/wrapper/fraction_y[17] (fp32_normal_finite_wrapper)                         0.00       0.05 f
  dut/div_18/b[2] (input_trunc_core_BITS7_BIAS1_DIVIDE1_DW_div_uns_6)             0.00       0.05 f
  dut/div_18/U113/ZN (INVD1)                                                      0.09       0.13 r
  dut/div_18/u_div_u_fa_PartRem_0_9_2/CO (FA1D0)                                  0.10       0.24 r
  dut/div_18/u_div_u_fa_PartRem_0_9_3/CO (FA1D0)                                  0.05       0.29 r
  dut/div_18/u_div_u_fa_PartRem_0_9_4/CO (FA1D0)                                  0.05       0.34 r
  dut/div_18/u_div_u_fa_PartRem_0_9_5/CO (FA1D0)                                  0.05       0.39 r
  dut/div_18/u_div_u_fa_PartRem_0_9_6/CO (FA1D0)                                  0.05       0.44 r
  dut/div_18/u_div_u_fa_PartRem_0_9_7/CO (FA1D0)                                  0.20       0.64 r
  dut/div_18/U139/ZN (MUX2ND0)                                                    0.07       0.72 r
  dut/div_18/U123/ZN (CKND1)                                                      0.02       0.74 f
  dut/div_18/u_div_u_fa_PartRem_0_8_2/CO (FA1D0)                                  0.10       0.84 f
  dut/div_18/u_div_u_fa_PartRem_0_8_3/CO (FA1D0)                                  0.06       0.90 f
  dut/div_18/u_div_u_fa_PartRem_0_8_4/CO (FA1D0)                                  0.06       0.95 f
  dut/div_18/u_div_u_fa_PartRem_0_8_5/CO (FA1D0)                                  0.06       1.01 f
  dut/div_18/u_div_u_fa_PartRem_0_8_6/CO (FA1D0)                                  0.06       1.06 f
  dut/div_18/u_div_u_fa_PartRem_0_8_7/CO (FA1D0)                                  0.06       1.13 f
  dut/div_18/U74/ZN (IOA21D0)                                                     0.17       1.29 f
  dut/div_18/U148/ZN (MUX2ND0)                                                    0.09       1.38 f
  dut/div_18/U126/ZN (CKND1)                                                      0.02       1.40 r
  dut/div_18/u_div_u_fa_PartRem_0_7_2/CO (FA1D0)                                  0.09       1.50 r
  dut/div_18/u_div_u_fa_PartRem_0_7_3/CO (FA1D0)                                  0.05       1.55 r
  dut/div_18/u_div_u_fa_PartRem_0_7_4/CO (FA1D0)                                  0.05       1.60 r
  dut/div_18/u_div_u_fa_PartRem_0_7_5/CO (FA1D0)                                  0.05       1.65 r
  dut/div_18/u_div_u_fa_PartRem_0_7_6/CO (FA1D0)                                  0.05       1.70 r
  dut/div_18/u_div_u_fa_PartRem_0_7_7/CO (FA1D0)                                  0.06       1.76 r
  dut/div_18/U68/ZN (AOI21D0)                                                     0.03       1.79 f
  dut/div_18/U67/ZN (CKND0)                                                       0.14       1.93 r
  dut/div_18/U100/ZN (MUX2ND0)                                                    0.08       2.01 f
  dut/div_18/u_div_u_fa_PartRem_0_6_2/CO (FA1D0)                                  0.11       2.13 f
  dut/div_18/u_div_u_fa_PartRem_0_6_3/CO (FA1D0)                                  0.06       2.18 f
  dut/div_18/u_div_u_fa_PartRem_0_6_4/CO (FA1D0)                                  0.06       2.24 f
  dut/div_18/u_div_u_fa_PartRem_0_6_5/CO (FA1D0)                                  0.06       2.29 f
  dut/div_18/u_div_u_fa_PartRem_0_6_6/CO (FA1D0)                                  0.06       2.35 f
  dut/div_18/u_div_u_fa_PartRem_0_6_7/CO (FA1D0)                                  0.06       2.41 f
  dut/div_18/U65/ZN (AOI21D0)                                                     0.04       2.45 r
  dut/div_18/U64/ZN (CKND0)                                                       0.11       2.57 f
  dut/div_18/U101/ZN (MUX2ND0)                                                    0.08       2.64 f
  dut/div_18/u_div_u_fa_PartRem_0_5_2/CO (FA1D0)                                  0.11       2.76 f
  dut/div_18/u_div_u_fa_PartRem_0_5_3/CO (FA1D0)                                  0.06       2.81 f
  dut/div_18/u_div_u_fa_PartRem_0_5_4/CO (FA1D0)                                  0.06       2.87 f
  dut/div_18/u_div_u_fa_PartRem_0_5_5/CO (FA1D0)                                  0.06       2.92 f
  dut/div_18/u_div_u_fa_PartRem_0_5_6/CO (FA1D0)                                  0.06       2.98 f
  dut/div_18/u_div_u_fa_PartRem_0_5_7/CO (FA1D0)                                  0.06       3.04 f
  dut/div_18/U62/ZN (AOI21D0)                                                     0.04       3.09 r
  dut/div_18/U61/ZN (CKND0)                                                       0.11       3.20 f
  dut/div_18/U102/ZN (MUX2ND0)                                                    0.08       3.27 f
  dut/div_18/u_div_u_fa_PartRem_0_4_2/CO (FA1D0)                                  0.11       3.39 f
  dut/div_18/u_div_u_fa_PartRem_0_4_3/CO (FA1D0)                                  0.06       3.44 f
  dut/div_18/u_div_u_fa_PartRem_0_4_4/CO (FA1D0)                                  0.06       3.50 f
  dut/div_18/u_div_u_fa_PartRem_0_4_5/CO (FA1D0)                                  0.06       3.56 f
  dut/div_18/u_div_u_fa_PartRem_0_4_6/CO (FA1D0)                                  0.06       3.61 f
  dut/div_18/u_div_u_fa_PartRem_0_4_7/CO (FA1D0)                                  0.06       3.67 f
  dut/div_18/U59/ZN (AOI21D0)                                                     0.04       3.72 r
  dut/div_18/U58/ZN (CKND0)                                                       0.11       3.83 f
  dut/div_18/U103/ZN (MUX2ND0)                                                    0.08       3.91 f
  dut/div_18/u_div_u_fa_PartRem_0_3_2/CO (FA1D0)                                  0.11       4.02 f
  dut/div_18/u_div_u_fa_PartRem_0_3_3/CO (FA1D0)                                  0.06       4.08 f
  dut/div_18/u_div_u_fa_PartRem_0_3_4/CO (FA1D0)                                  0.06       4.13 f
  dut/div_18/u_div_u_fa_PartRem_0_3_5/CO (FA1D0)                                  0.06       4.19 f
  dut/div_18/u_div_u_fa_PartRem_0_3_6/CO (FA1D0)                                  0.06       4.24 f
  dut/div_18/u_div_u_fa_PartRem_0_3_7/CO (FA1D0)                                  0.06       4.30 f
  dut/div_18/U56/ZN (AOI21D0)                                                     0.04       4.35 r
  dut/div_18/U55/ZN (CKND0)                                                       0.11       4.46 f
  dut/div_18/U104/ZN (MUX2ND0)                                                    0.08       4.54 f
  dut/div_18/u_div_u_fa_PartRem_0_2_2/CO (FA1D0)                                  0.11       4.65 f
  dut/div_18/u_div_u_fa_PartRem_0_2_3/CO (FA1D0)                                  0.06       4.71 f
  dut/div_18/u_div_u_fa_PartRem_0_2_4/CO (FA1D0)                                  0.06       4.76 f
  dut/div_18/u_div_u_fa_PartRem_0_2_5/CO (FA1D0)                                  0.06       4.82 f
  dut/div_18/u_div_u_fa_PartRem_0_2_6/CO (FA1D0)                                  0.06       4.87 f
  dut/div_18/u_div_u_fa_PartRem_0_2_7/CO (FA1D0)                                  0.06       4.94 f
  dut/div_18/U6/ZN (AOI21D0)                                                      0.04       4.98 r
  dut/div_18/U5/ZN (CKND0)                                                        0.11       5.09 f
  dut/div_18/U54/ZN (MUX2ND0)                                                     0.06       5.16 r
  dut/div_18/u_div_u_fa_PartRem_0_1_2/CO (FA1D0)                                  0.11       5.26 r
  dut/div_18/u_div_u_fa_PartRem_0_1_3/CO (FA1D0)                                  0.05       5.31 r
  dut/div_18/u_div_u_fa_PartRem_0_1_4/CO (FA1D0)                                  0.05       5.36 r
  dut/div_18/u_div_u_fa_PartRem_0_1_5/CO (FA1D0)                                  0.05       5.42 r
  dut/div_18/u_div_u_fa_PartRem_0_1_6/CO (FA1D0)                                  0.05       5.47 r
  dut/div_18/u_div_u_fa_PartRem_0_1_7/CO (FA1D0)                                  0.06       5.53 r
  dut/div_18/U14/Z (AO21D0)                                                       0.15       5.67 r
  dut/div_18/U161/ZN (MUX2ND0)                                                    0.08       5.75 f
  dut/div_18/u_div_u_fa_PartRem_0_0_2/CO (FA1D0)                                  0.11       5.86 f
  dut/div_18/u_div_u_fa_PartRem_0_0_3/CO (FA1D0)                                  0.06       5.92 f
  dut/div_18/u_div_u_fa_PartRem_0_0_4/CO (FA1D0)                                  0.06       5.97 f
  dut/div_18/u_div_u_fa_PartRem_0_0_5/CO (FA1D0)                                  0.06       6.03 f
  dut/div_18/u_div_u_fa_PartRem_0_0_6/CO (FA1D0)                                  0.06       6.08 f
  dut/div_18/u_div_u_fa_PartRem_0_0_7/CO (FA1D0)                                  0.05       6.13 f
  dut/div_18/U2/Z (AO21D0)                                                        0.06       6.19 f
  dut/div_18/quotient[0] (input_trunc_core_BITS7_BIAS1_DIVIDE1_DW_div_uns_6)      0.00       6.19 f
  dut/U3/Z (AO22D0)                                                               0.06       6.25 f
  dut/wrapper/result_fraction[15] (fp32_normal_finite_wrapper)                    0.00       6.25 f
  dut/wrapper/U108/Z (CKBD1)                                                      0.03       6.29 f
  dut/wrapper/result[15] (fp32_normal_finite_wrapper)                             0.00       6.29 f
  dut/result[15] (input_trunc_core_BITS7_BIAS1_DIVIDE1)                           0.00       6.29 f
  result[15] (out)                                                                0.00       6.29 f
  data arrival time                                                                          6.29

  clock vclk (rise edge)                                                         10.00      10.00
  clock network delay (ideal)                                                     0.00      10.00
  output external delay                                                          -0.02       9.98
  data required time                                                                         9.98
  --------------------------------------------------------------------------------------------------
  data required time                                                                         9.98
  data arrival time                                                                         -6.29
  --------------------------------------------------------------------------------------------------
  slack (MET)                                                                                3.69


  Startpoint: y[17] (input port clocked by vclk)
  Endpoint: result[15] (output port clocked by vclk)
  Path Group: vclk
  Path Type: max

  Des/Clust/Port     Wire Load Model       Library
  ------------------------------------------------
  fp32_normal_finite_wrapper ZeroWireload  tcbn65gplustc_ccs
  input_div_b7_bias1 ZeroWireload          tcbn65gplustc_ccs
  input_trunc_core_BITS7_BIAS1_DIVIDE1 ZeroWireload tcbn65gplustc_ccs
  input_trunc_core_BITS7_BIAS1_DIVIDE1_DW_div_uns_6 ZeroWireload tcbn65gplustc_ccs

  Point                                                                           Incr       Path
  --------------------------------------------------------------------------------------------------
  clock vclk (rise edge)                                                          0.00       0.00
  clock network delay (ideal)                                                     0.00       0.00
  input external delay                                                            0.02       0.02 f
  y[17] (in)                                                                      0.00       0.02 f
  dut/y[17] (input_trunc_core_BITS7_BIAS1_DIVIDE1)                                0.00       0.02 f
  dut/wrapper/y[17] (fp32_normal_finite_wrapper)                                  0.00       0.02 f
  dut/wrapper/U99/Z (CKBD1)                                                       0.02       0.05 f
  dut/wrapper/fraction_y[17] (fp32_normal_finite_wrapper)                         0.00       0.05 f
  dut/div_18/b[2] (input_trunc_core_BITS7_BIAS1_DIVIDE1_DW_div_uns_6)             0.00       0.05 f
  dut/div_18/U113/ZN (INVD1)                                                      0.09       0.13 r
  dut/div_18/u_div_u_fa_PartRem_0_9_2/CO (FA1D0)                                  0.10       0.24 r
  dut/div_18/u_div_u_fa_PartRem_0_9_3/CO (FA1D0)                                  0.05       0.29 r
  dut/div_18/u_div_u_fa_PartRem_0_9_4/CO (FA1D0)                                  0.05       0.34 r
  dut/div_18/u_div_u_fa_PartRem_0_9_5/CO (FA1D0)                                  0.05       0.39 r
  dut/div_18/u_div_u_fa_PartRem_0_9_6/CO (FA1D0)                                  0.05       0.44 r
  dut/div_18/u_div_u_fa_PartRem_0_9_7/CO (FA1D0)                                  0.20       0.64 r
  dut/div_18/U139/ZN (MUX2ND0)                                                    0.07       0.72 r
  dut/div_18/U123/ZN (CKND1)                                                      0.02       0.74 f
  dut/div_18/u_div_u_fa_PartRem_0_8_2/CO (FA1D0)                                  0.10       0.84 f
  dut/div_18/u_div_u_fa_PartRem_0_8_3/CO (FA1D0)                                  0.06       0.90 f
  dut/div_18/u_div_u_fa_PartRem_0_8_4/CO (FA1D0)                                  0.06       0.95 f
  dut/div_18/u_div_u_fa_PartRem_0_8_5/CO (FA1D0)                                  0.06       1.01 f
  dut/div_18/u_div_u_fa_PartRem_0_8_6/CO (FA1D0)                                  0.06       1.06 f
  dut/div_18/u_div_u_fa_PartRem_0_8_7/CO (FA1D0)                                  0.06       1.13 f
  dut/div_18/U74/ZN (IOA21D0)                                                     0.17       1.29 f
  dut/div_18/U148/ZN (MUX2ND0)                                                    0.09       1.38 f
  dut/div_18/U126/ZN (CKND1)                                                      0.02       1.40 r
  dut/div_18/u_div_u_fa_PartRem_0_7_2/CO (FA1D0)                                  0.09       1.50 r
  dut/div_18/u_div_u_fa_PartRem_0_7_3/CO (FA1D0)                                  0.05       1.55 r
  dut/div_18/u_div_u_fa_PartRem_0_7_4/CO (FA1D0)                                  0.05       1.60 r
  dut/div_18/u_div_u_fa_PartRem_0_7_5/CO (FA1D0)                                  0.05       1.65 r
  dut/div_18/u_div_u_fa_PartRem_0_7_6/CO (FA1D0)                                  0.05       1.70 r
  dut/div_18/u_div_u_fa_PartRem_0_7_7/CO (FA1D0)                                  0.06       1.76 r
  dut/div_18/U68/ZN (AOI21D0)                                                     0.03       1.79 f
  dut/div_18/U67/ZN (CKND0)                                                       0.14       1.93 r
  dut/div_18/U100/ZN (MUX2ND0)                                                    0.08       2.01 f
  dut/div_18/u_div_u_fa_PartRem_0_6_2/CO (FA1D0)                                  0.11       2.13 f
  dut/div_18/u_div_u_fa_PartRem_0_6_3/CO (FA1D0)                                  0.06       2.18 f
  dut/div_18/u_div_u_fa_PartRem_0_6_4/CO (FA1D0)                                  0.06       2.24 f
  dut/div_18/u_div_u_fa_PartRem_0_6_5/CO (FA1D0)                                  0.06       2.29 f
  dut/div_18/u_div_u_fa_PartRem_0_6_6/CO (FA1D0)                                  0.06       2.35 f
  dut/div_18/u_div_u_fa_PartRem_0_6_7/CO (FA1D0)                                  0.06       2.41 f
  dut/div_18/U65/ZN (AOI21D0)                                                     0.04       2.45 r
  dut/div_18/U64/ZN (CKND0)                                                       0.11       2.57 f
  dut/div_18/U101/ZN (MUX2ND0)                                                    0.08       2.64 f
  dut/div_18/u_div_u_fa_PartRem_0_5_2/CO (FA1D0)                                  0.11       2.76 f
  dut/div_18/u_div_u_fa_PartRem_0_5_3/CO (FA1D0)                                  0.06       2.81 f
  dut/div_18/u_div_u_fa_PartRem_0_5_4/CO (FA1D0)                                  0.06       2.87 f
  dut/div_18/u_div_u_fa_PartRem_0_5_5/CO (FA1D0)                                  0.06       2.92 f
  dut/div_18/u_div_u_fa_PartRem_0_5_6/CO (FA1D0)                                  0.06       2.98 f
  dut/div_18/u_div_u_fa_PartRem_0_5_7/CO (FA1D0)                                  0.06       3.04 f
  dut/div_18/U62/ZN (AOI21D0)                                                     0.04       3.09 r
  dut/div_18/U61/ZN (CKND0)                                                       0.11       3.20 f
  dut/div_18/U102/ZN (MUX2ND0)                                                    0.08       3.27 f
  dut/div_18/u_div_u_fa_PartRem_0_4_2/CO (FA1D0)                                  0.11       3.39 f
  dut/div_18/u_div_u_fa_PartRem_0_4_3/CO (FA1D0)                                  0.06       3.44 f
  dut/div_18/u_div_u_fa_PartRem_0_4_4/CO (FA1D0)                                  0.06       3.50 f
  dut/div_18/u_div_u_fa_PartRem_0_4_5/CO (FA1D0)                                  0.06       3.56 f
  dut/div_18/u_div_u_fa_PartRem_0_4_6/CO (FA1D0)                                  0.06       3.61 f
  dut/div_18/u_div_u_fa_PartRem_0_4_7/CO (FA1D0)                                  0.06       3.67 f
  dut/div_18/U59/ZN (AOI21D0)                                                     0.04       3.72 r
  dut/div_18/U58/ZN (CKND0)                                                       0.11       3.83 f
  dut/div_18/U103/ZN (MUX2ND0)                                                    0.08       3.91 f
  dut/div_18/u_div_u_fa_PartRem_0_3_2/CO (FA1D0)                                  0.11       4.02 f
  dut/div_18/u_div_u_fa_PartRem_0_3_3/CO (FA1D0)                                  0.06       4.08 f
  dut/div_18/u_div_u_fa_PartRem_0_3_4/CO (FA1D0)                                  0.06       4.13 f
  dut/div_18/u_div_u_fa_PartRem_0_3_5/CO (FA1D0)                                  0.06       4.19 f
  dut/div_18/u_div_u_fa_PartRem_0_3_6/CO (FA1D0)                                  0.06       4.24 f
  dut/div_18/u_div_u_fa_PartRem_0_3_7/CO (FA1D0)                                  0.06       4.30 f
  dut/div_18/U56/ZN (AOI21D0)                                                     0.04       4.35 r
  dut/div_18/U55/ZN (CKND0)                                                       0.11       4.46 f
  dut/div_18/U104/ZN (MUX2ND0)                                                    0.08       4.54 f
  dut/div_18/u_div_u_fa_PartRem_0_2_2/CO (FA1D0)                                  0.11       4.65 f
  dut/div_18/u_div_u_fa_PartRem_0_2_3/CO (FA1D0)                                  0.06       4.71 f
  dut/div_18/u_div_u_fa_PartRem_0_2_4/CO (FA1D0)                                  0.06       4.76 f
  dut/div_18/u_div_u_fa_PartRem_0_2_5/CO (FA1D0)                                  0.06       4.82 f
  dut/div_18/u_div_u_fa_PartRem_0_2_6/CO (FA1D0)                                  0.06       4.87 f
  dut/div_18/u_div_u_fa_PartRem_0_2_7/CO (FA1D0)                                  0.06       4.94 f
  dut/div_18/U6/ZN (AOI21D0)                                                      0.04       4.98 r
  dut/div_18/U5/ZN (CKND0)                                                        0.11       5.09 f
  dut/div_18/U54/ZN (MUX2ND0)                                                     0.06       5.16 r
  dut/div_18/u_div_u_fa_PartRem_0_1_2/CO (FA1D0)                                  0.11       5.26 r
  dut/div_18/u_div_u_fa_PartRem_0_1_3/CO (FA1D0)                                  0.05       5.31 r
  dut/div_18/u_div_u_fa_PartRem_0_1_4/CO (FA1D0)                                  0.05       5.36 r
  dut/div_18/u_div_u_fa_PartRem_0_1_5/CO (FA1D0)                                  0.05       5.42 r
  dut/div_18/u_div_u_fa_PartRem_0_1_6/CO (FA1D0)                                  0.05       5.47 r
  dut/div_18/u_div_u_fa_PartRem_0_1_7/CO (FA1D0)                                  0.06       5.53 r
  dut/div_18/U14/Z (AO21D0)                                                       0.15       5.67 r
  dut/div_18/U161/ZN (MUX2ND0)                                                    0.08       5.75 f
  dut/div_18/u_div_u_fa_PartRem_0_0_2/CO (FA1D0)                                  0.11       5.86 f
  dut/div_18/u_div_u_fa_PartRem_0_0_3/CO (FA1D0)                                  0.06       5.92 f
  dut/div_18/u_div_u_fa_PartRem_0_0_4/CO (FA1D0)                                  0.06       5.97 f
  dut/div_18/u_div_u_fa_PartRem_0_0_5/CO (FA1D0)                                  0.06       6.03 f
  dut/div_18/u_div_u_fa_PartRem_0_0_6/CO (FA1D0)                                  0.06       6.08 f
  dut/div_18/u_div_u_fa_PartRem_0_0_7/CO (FA1D0)                                  0.05       6.13 f
  dut/div_18/U2/Z (AO21D0)                                                        0.06       6.19 f
  dut/div_18/quotient[0] (input_trunc_core_BITS7_BIAS1_DIVIDE1_DW_div_uns_6)      0.00       6.19 f
  dut/U3/Z (AO22D0)                                                               0.06       6.25 f
  dut/wrapper/result_fraction[15] (fp32_normal_finite_wrapper)                    0.00       6.25 f
  dut/wrapper/U108/Z (CKBD1)                                                      0.03       6.29 f
  dut/wrapper/result[15] (fp32_normal_finite_wrapper)                             0.00       6.29 f
  dut/result[15] (input_trunc_core_BITS7_BIAS1_DIVIDE1)                           0.00       6.29 f
  result[15] (out)                                                                0.00       6.29 f
  data arrival time                                                                          6.29

  clock vclk (rise edge)                                                         10.00      10.00
  clock network delay (ideal)                                                     0.00      10.00
  output external delay                                                          -0.02       9.98
  data required time                                                                         9.98
  --------------------------------------------------------------------------------------------------
  data required time                                                                         9.98
  data arrival time                                                                         -6.29
  --------------------------------------------------------------------------------------------------
  slack (MET)                                                                                3.69


  Startpoint: y[17] (input port clocked by vclk)
  Endpoint: result[15] (output port clocked by vclk)
  Path Group: vclk
  Path Type: max

  Des/Clust/Port     Wire Load Model       Library
  ------------------------------------------------
  fp32_normal_finite_wrapper ZeroWireload  tcbn65gplustc_ccs
  input_div_b7_bias1 ZeroWireload          tcbn65gplustc_ccs
  input_trunc_core_BITS7_BIAS1_DIVIDE1 ZeroWireload tcbn65gplustc_ccs
  input_trunc_core_BITS7_BIAS1_DIVIDE1_DW_div_uns_6 ZeroWireload tcbn65gplustc_ccs

  Point                                                                           Incr       Path
  --------------------------------------------------------------------------------------------------
  clock vclk (rise edge)                                                          0.00       0.00
  clock network delay (ideal)                                                     0.00       0.00
  input external delay                                                            0.02       0.02 f
  y[17] (in)                                                                      0.00       0.02 f
  dut/y[17] (input_trunc_core_BITS7_BIAS1_DIVIDE1)                                0.00       0.02 f
  dut/wrapper/y[17] (fp32_normal_finite_wrapper)                                  0.00       0.02 f
  dut/wrapper/U99/Z (CKBD1)                                                       0.02       0.05 f
  dut/wrapper/fraction_y[17] (fp32_normal_finite_wrapper)                         0.00       0.05 f
  dut/div_18/b[2] (input_trunc_core_BITS7_BIAS1_DIVIDE1_DW_div_uns_6)             0.00       0.05 f
  dut/div_18/U113/ZN (INVD1)                                                      0.09       0.13 r
  dut/div_18/u_div_u_fa_PartRem_0_9_2/CO (FA1D0)                                  0.10       0.24 r
  dut/div_18/u_div_u_fa_PartRem_0_9_3/CO (FA1D0)                                  0.05       0.29 r
  dut/div_18/u_div_u_fa_PartRem_0_9_4/CO (FA1D0)                                  0.05       0.34 r
  dut/div_18/u_div_u_fa_PartRem_0_9_5/CO (FA1D0)                                  0.05       0.39 r
  dut/div_18/u_div_u_fa_PartRem_0_9_6/CO (FA1D0)                                  0.05       0.44 r
  dut/div_18/u_div_u_fa_PartRem_0_9_7/CO (FA1D0)                                  0.20       0.64 r
  dut/div_18/U139/ZN (MUX2ND0)                                                    0.07       0.72 r
  dut/div_18/U123/ZN (CKND1)                                                      0.02       0.74 f
  dut/div_18/u_div_u_fa_PartRem_0_8_2/CO (FA1D0)                                  0.10       0.84 f
  dut/div_18/u_div_u_fa_PartRem_0_8_3/CO (FA1D0)                                  0.06       0.90 f
  dut/div_18/u_div_u_fa_PartRem_0_8_4/CO (FA1D0)                                  0.06       0.95 f
  dut/div_18/u_div_u_fa_PartRem_0_8_5/CO (FA1D0)                                  0.06       1.01 f
  dut/div_18/u_div_u_fa_PartRem_0_8_6/CO (FA1D0)                                  0.06       1.06 f
  dut/div_18/u_div_u_fa_PartRem_0_8_7/CO (FA1D0)                                  0.06       1.13 f
  dut/div_18/U74/ZN (IOA21D0)                                                     0.17       1.29 f
  dut/div_18/U148/ZN (MUX2ND0)                                                    0.09       1.38 f
  dut/div_18/U126/ZN (CKND1)                                                      0.02       1.40 r
  dut/div_18/u_div_u_fa_PartRem_0_7_2/CO (FA1D0)                                  0.09       1.50 r
  dut/div_18/u_div_u_fa_PartRem_0_7_3/CO (FA1D0)                                  0.05       1.55 r
  dut/div_18/u_div_u_fa_PartRem_0_7_4/CO (FA1D0)                                  0.05       1.60 r
  dut/div_18/u_div_u_fa_PartRem_0_7_5/CO (FA1D0)                                  0.05       1.65 r
  dut/div_18/u_div_u_fa_PartRem_0_7_6/CO (FA1D0)                                  0.05       1.70 r
  dut/div_18/u_div_u_fa_PartRem_0_7_7/CO (FA1D0)                                  0.06       1.76 r
  dut/div_18/U68/ZN (AOI21D0)                                                     0.03       1.79 f
  dut/div_18/U67/ZN (CKND0)                                                       0.14       1.93 r
  dut/div_18/U100/ZN (MUX2ND0)                                                    0.08       2.01 f
  dut/div_18/u_div_u_fa_PartRem_0_6_2/CO (FA1D0)                                  0.11       2.13 f
  dut/div_18/u_div_u_fa_PartRem_0_6_3/CO (FA1D0)                                  0.06       2.18 f
  dut/div_18/u_div_u_fa_PartRem_0_6_4/CO (FA1D0)                                  0.06       2.24 f
  dut/div_18/u_div_u_fa_PartRem_0_6_5/CO (FA1D0)                                  0.06       2.29 f
  dut/div_18/u_div_u_fa_PartRem_0_6_6/CO (FA1D0)                                  0.06       2.35 f
  dut/div_18/u_div_u_fa_PartRem_0_6_7/CO (FA1D0)                                  0.06       2.41 f
  dut/div_18/U65/ZN (AOI21D0)                                                     0.04       2.45 r
  dut/div_18/U64/ZN (CKND0)                                                       0.11       2.57 f
  dut/div_18/U101/ZN (MUX2ND0)                                                    0.08       2.64 f
  dut/div_18/u_div_u_fa_PartRem_0_5_2/CO (FA1D0)                                  0.11       2.76 f
  dut/div_18/u_div_u_fa_PartRem_0_5_3/CO (FA1D0)                                  0.06       2.81 f
  dut/div_18/u_div_u_fa_PartRem_0_5_4/CO (FA1D0)                                  0.06       2.87 f
  dut/div_18/u_div_u_fa_PartRem_0_5_5/CO (FA1D0)                                  0.06       2.92 f
  dut/div_18/u_div_u_fa_PartRem_0_5_6/CO (FA1D0)                                  0.06       2.98 f
  dut/div_18/u_div_u_fa_PartRem_0_5_7/CO (FA1D0)                                  0.06       3.04 f
  dut/div_18/U62/ZN (AOI21D0)                                                     0.04       3.09 r
  dut/div_18/U61/ZN (CKND0)                                                       0.11       3.20 f
  dut/div_18/U102/ZN (MUX2ND0)                                                    0.08       3.27 f
  dut/div_18/u_div_u_fa_PartRem_0_4_2/CO (FA1D0)                                  0.11       3.39 f
  dut/div_18/u_div_u_fa_PartRem_0_4_3/CO (FA1D0)                                  0.06       3.44 f
  dut/div_18/u_div_u_fa_PartRem_0_4_4/CO (FA1D0)                                  0.06       3.50 f
  dut/div_18/u_div_u_fa_PartRem_0_4_5/CO (FA1D0)                                  0.06       3.56 f
  dut/div_18/u_div_u_fa_PartRem_0_4_6/CO (FA1D0)                                  0.06       3.61 f
  dut/div_18/u_div_u_fa_PartRem_0_4_7/CO (FA1D0)                                  0.06       3.67 f
  dut/div_18/U59/ZN (AOI21D0)                                                     0.04       3.72 r
  dut/div_18/U58/ZN (CKND0)                                                       0.11       3.83 f
  dut/div_18/U103/ZN (MUX2ND0)                                                    0.08       3.91 f
  dut/div_18/u_div_u_fa_PartRem_0_3_2/CO (FA1D0)                                  0.11       4.02 f
  dut/div_18/u_div_u_fa_PartRem_0_3_3/CO (FA1D0)                                  0.06       4.08 f
  dut/div_18/u_div_u_fa_PartRem_0_3_4/CO (FA1D0)                                  0.06       4.13 f
  dut/div_18/u_div_u_fa_PartRem_0_3_5/CO (FA1D0)                                  0.06       4.19 f
  dut/div_18/u_div_u_fa_PartRem_0_3_6/CO (FA1D0)                                  0.06       4.24 f
  dut/div_18/u_div_u_fa_PartRem_0_3_7/CO (FA1D0)                                  0.06       4.30 f
  dut/div_18/U56/ZN (AOI21D0)                                                     0.04       4.35 r
  dut/div_18/U55/ZN (CKND0)                                                       0.11       4.46 f
  dut/div_18/U104/ZN (MUX2ND0)                                                    0.08       4.54 f
  dut/div_18/u_div_u_fa_PartRem_0_2_2/CO (FA1D0)                                  0.11       4.65 f
  dut/div_18/u_div_u_fa_PartRem_0_2_3/CO (FA1D0)                                  0.06       4.71 f
  dut/div_18/u_div_u_fa_PartRem_0_2_4/CO (FA1D0)                                  0.06       4.76 f
  dut/div_18/u_div_u_fa_PartRem_0_2_5/CO (FA1D0)                                  0.06       4.82 f
  dut/div_18/u_div_u_fa_PartRem_0_2_6/CO (FA1D0)                                  0.06       4.87 f
  dut/div_18/u_div_u_fa_PartRem_0_2_7/CO (FA1D0)                                  0.06       4.94 f
  dut/div_18/U6/ZN (AOI21D0)                                                      0.04       4.98 r
  dut/div_18/U5/ZN (CKND0)                                                        0.11       5.09 f
  dut/div_18/U54/ZN (MUX2ND0)                                                     0.06       5.16 r
  dut/div_18/u_div_u_fa_PartRem_0_1_2/CO (FA1D0)                                  0.11       5.26 r
  dut/div_18/u_div_u_fa_PartRem_0_1_3/CO (FA1D0)                                  0.05       5.31 r
  dut/div_18/u_div_u_fa_PartRem_0_1_4/CO (FA1D0)                                  0.05       5.36 r
  dut/div_18/u_div_u_fa_PartRem_0_1_5/CO (FA1D0)                                  0.05       5.42 r
  dut/div_18/u_div_u_fa_PartRem_0_1_6/CO (FA1D0)                                  0.05       5.47 r
  dut/div_18/u_div_u_fa_PartRem_0_1_7/CO (FA1D0)                                  0.06       5.53 r
  dut/div_18/U14/Z (AO21D0)                                                       0.15       5.67 r
  dut/div_18/U161/ZN (MUX2ND0)                                                    0.08       5.75 f
  dut/div_18/u_div_u_fa_PartRem_0_0_2/CO (FA1D0)                                  0.11       5.86 f
  dut/div_18/u_div_u_fa_PartRem_0_0_3/CO (FA1D0)                                  0.06       5.92 f
  dut/div_18/u_div_u_fa_PartRem_0_0_4/CO (FA1D0)                                  0.06       5.97 f
  dut/div_18/u_div_u_fa_PartRem_0_0_5/CO (FA1D0)                                  0.06       6.03 f
  dut/div_18/u_div_u_fa_PartRem_0_0_6/CO (FA1D0)                                  0.06       6.08 f
  dut/div_18/u_div_u_fa_PartRem_0_0_7/CO (FA1D0)                                  0.05       6.13 f
  dut/div_18/U2/Z (AO21D0)                                                        0.06       6.19 f
  dut/div_18/quotient[0] (input_trunc_core_BITS7_BIAS1_DIVIDE1_DW_div_uns_6)      0.00       6.19 f
  dut/U3/Z (AO22D0)                                                               0.06       6.25 f
  dut/wrapper/result_fraction[15] (fp32_normal_finite_wrapper)                    0.00       6.25 f
  dut/wrapper/U108/Z (CKBD1)                                                      0.03       6.29 f
  dut/wrapper/result[15] (fp32_normal_finite_wrapper)                             0.00       6.29 f
  dut/result[15] (input_trunc_core_BITS7_BIAS1_DIVIDE1)                           0.00       6.29 f
  result[15] (out)                                                                0.00       6.29 f
  data arrival time                                                                          6.29

  clock vclk (rise edge)                                                         10.00      10.00
  clock network delay (ideal)                                                     0.00      10.00
  output external delay                                                          -0.02       9.98
  data required time                                                                         9.98
  --------------------------------------------------------------------------------------------------
  data required time                                                                         9.98
  data arrival time                                                                         -6.29
  --------------------------------------------------------------------------------------------------
  slack (MET)                                                                                3.69


  Startpoint: y[17] (input port clocked by vclk)
  Endpoint: result[15] (output port clocked by vclk)
  Path Group: vclk
  Path Type: max

  Des/Clust/Port     Wire Load Model       Library
  ------------------------------------------------
  fp32_normal_finite_wrapper ZeroWireload  tcbn65gplustc_ccs
  input_div_b7_bias1 ZeroWireload          tcbn65gplustc_ccs
  input_trunc_core_BITS7_BIAS1_DIVIDE1 ZeroWireload tcbn65gplustc_ccs
  input_trunc_core_BITS7_BIAS1_DIVIDE1_DW_div_uns_6 ZeroWireload tcbn65gplustc_ccs

  Point                                                                           Incr       Path
  --------------------------------------------------------------------------------------------------
  clock vclk (rise edge)                                                          0.00       0.00
  clock network delay (ideal)                                                     0.00       0.00
  input external delay                                                            0.02       0.02 f
  y[17] (in)                                                                      0.00       0.02 f
  dut/y[17] (input_trunc_core_BITS7_BIAS1_DIVIDE1)                                0.00       0.02 f
  dut/wrapper/y[17] (fp32_normal_finite_wrapper)                                  0.00       0.02 f
  dut/wrapper/U99/Z (CKBD1)                                                       0.02       0.05 f
  dut/wrapper/fraction_y[17] (fp32_normal_finite_wrapper)                         0.00       0.05 f
  dut/div_18/b[2] (input_trunc_core_BITS7_BIAS1_DIVIDE1_DW_div_uns_6)             0.00       0.05 f
  dut/div_18/U113/ZN (INVD1)                                                      0.09       0.13 r
  dut/div_18/u_div_u_fa_PartRem_0_9_2/CO (FA1D0)                                  0.10       0.24 r
  dut/div_18/u_div_u_fa_PartRem_0_9_3/CO (FA1D0)                                  0.05       0.29 r
  dut/div_18/u_div_u_fa_PartRem_0_9_4/CO (FA1D0)                                  0.05       0.34 r
  dut/div_18/u_div_u_fa_PartRem_0_9_5/CO (FA1D0)                                  0.05       0.39 r
  dut/div_18/u_div_u_fa_PartRem_0_9_6/CO (FA1D0)                                  0.05       0.44 r
  dut/div_18/u_div_u_fa_PartRem_0_9_7/CO (FA1D0)                                  0.20       0.64 r
  dut/div_18/U139/ZN (MUX2ND0)                                                    0.07       0.72 r
  dut/div_18/U123/ZN (CKND1)                                                      0.02       0.74 f
  dut/div_18/u_div_u_fa_PartRem_0_8_2/CO (FA1D0)                                  0.10       0.84 f
  dut/div_18/u_div_u_fa_PartRem_0_8_3/CO (FA1D0)                                  0.06       0.90 f
  dut/div_18/u_div_u_fa_PartRem_0_8_4/CO (FA1D0)                                  0.06       0.95 f
  dut/div_18/u_div_u_fa_PartRem_0_8_5/CO (FA1D0)                                  0.06       1.01 f
  dut/div_18/u_div_u_fa_PartRem_0_8_6/CO (FA1D0)                                  0.06       1.06 f
  dut/div_18/u_div_u_fa_PartRem_0_8_7/CO (FA1D0)                                  0.06       1.13 f
  dut/div_18/U74/ZN (IOA21D0)                                                     0.17       1.29 f
  dut/div_18/U148/ZN (MUX2ND0)                                                    0.09       1.38 f
  dut/div_18/U126/ZN (CKND1)                                                      0.02       1.40 r
  dut/div_18/u_div_u_fa_PartRem_0_7_2/CO (FA1D0)                                  0.09       1.50 r
  dut/div_18/u_div_u_fa_PartRem_0_7_3/CO (FA1D0)                                  0.05       1.55 r
  dut/div_18/u_div_u_fa_PartRem_0_7_4/CO (FA1D0)                                  0.05       1.60 r
  dut/div_18/u_div_u_fa_PartRem_0_7_5/CO (FA1D0)                                  0.05       1.65 r
  dut/div_18/u_div_u_fa_PartRem_0_7_6/CO (FA1D0)                                  0.05       1.70 r
  dut/div_18/u_div_u_fa_PartRem_0_7_7/CO (FA1D0)                                  0.06       1.76 r
  dut/div_18/U68/ZN (AOI21D0)                                                     0.03       1.79 f
  dut/div_18/U67/ZN (CKND0)                                                       0.14       1.93 r
  dut/div_18/U100/ZN (MUX2ND0)                                                    0.08       2.01 f
  dut/div_18/u_div_u_fa_PartRem_0_6_2/CO (FA1D0)                                  0.11       2.13 f
  dut/div_18/u_div_u_fa_PartRem_0_6_3/CO (FA1D0)                                  0.06       2.18 f
  dut/div_18/u_div_u_fa_PartRem_0_6_4/CO (FA1D0)                                  0.06       2.24 f
  dut/div_18/u_div_u_fa_PartRem_0_6_5/CO (FA1D0)                                  0.06       2.29 f
  dut/div_18/u_div_u_fa_PartRem_0_6_6/CO (FA1D0)                                  0.06       2.35 f
  dut/div_18/u_div_u_fa_PartRem_0_6_7/CO (FA1D0)                                  0.06       2.41 f
  dut/div_18/U65/ZN (AOI21D0)                                                     0.04       2.45 r
  dut/div_18/U64/ZN (CKND0)                                                       0.11       2.57 f
  dut/div_18/U101/ZN (MUX2ND0)                                                    0.08       2.64 f
  dut/div_18/u_div_u_fa_PartRem_0_5_2/CO (FA1D0)                                  0.11       2.76 f
  dut/div_18/u_div_u_fa_PartRem_0_5_3/CO (FA1D0)                                  0.06       2.81 f
  dut/div_18/u_div_u_fa_PartRem_0_5_4/CO (FA1D0)                                  0.06       2.87 f
  dut/div_18/u_div_u_fa_PartRem_0_5_5/CO (FA1D0)                                  0.06       2.92 f
  dut/div_18/u_div_u_fa_PartRem_0_5_6/CO (FA1D0)                                  0.06       2.98 f
  dut/div_18/u_div_u_fa_PartRem_0_5_7/CO (FA1D0)                                  0.06       3.04 f
  dut/div_18/U62/ZN (AOI21D0)                                                     0.04       3.09 r
  dut/div_18/U61/ZN (CKND0)                                                       0.11       3.20 f
  dut/div_18/U102/ZN (MUX2ND0)                                                    0.08       3.27 f
  dut/div_18/u_div_u_fa_PartRem_0_4_2/CO (FA1D0)                                  0.11       3.39 f
  dut/div_18/u_div_u_fa_PartRem_0_4_3/CO (FA1D0)                                  0.06       3.44 f
  dut/div_18/u_div_u_fa_PartRem_0_4_4/CO (FA1D0)                                  0.06       3.50 f
  dut/div_18/u_div_u_fa_PartRem_0_4_5/CO (FA1D0)                                  0.06       3.56 f
  dut/div_18/u_div_u_fa_PartRem_0_4_6/CO (FA1D0)                                  0.06       3.61 f
  dut/div_18/u_div_u_fa_PartRem_0_4_7/CO (FA1D0)                                  0.06       3.67 f
  dut/div_18/U59/ZN (AOI21D0)                                                     0.04       3.72 r
  dut/div_18/U58/ZN (CKND0)                                                       0.11       3.83 f
  dut/div_18/U103/ZN (MUX2ND0)                                                    0.08       3.91 f
  dut/div_18/u_div_u_fa_PartRem_0_3_2/CO (FA1D0)                                  0.11       4.02 f
  dut/div_18/u_div_u_fa_PartRem_0_3_3/CO (FA1D0)                                  0.06       4.08 f
  dut/div_18/u_div_u_fa_PartRem_0_3_4/CO (FA1D0)                                  0.06       4.13 f
  dut/div_18/u_div_u_fa_PartRem_0_3_5/CO (FA1D0)                                  0.06       4.19 f
  dut/div_18/u_div_u_fa_PartRem_0_3_6/CO (FA1D0)                                  0.06       4.24 f
  dut/div_18/u_div_u_fa_PartRem_0_3_7/CO (FA1D0)                                  0.06       4.30 f
  dut/div_18/U56/ZN (AOI21D0)                                                     0.04       4.35 r
  dut/div_18/U55/ZN (CKND0)                                                       0.11       4.46 f
  dut/div_18/U104/ZN (MUX2ND0)                                                    0.08       4.54 f
  dut/div_18/u_div_u_fa_PartRem_0_2_2/CO (FA1D0)                                  0.11       4.65 f
  dut/div_18/u_div_u_fa_PartRem_0_2_3/CO (FA1D0)                                  0.06       4.71 f
  dut/div_18/u_div_u_fa_PartRem_0_2_4/CO (FA1D0)                                  0.06       4.76 f
  dut/div_18/u_div_u_fa_PartRem_0_2_5/CO (FA1D0)                                  0.06       4.82 f
  dut/div_18/u_div_u_fa_PartRem_0_2_6/CO (FA1D0)                                  0.06       4.87 f
  dut/div_18/u_div_u_fa_PartRem_0_2_7/CO (FA1D0)                                  0.06       4.94 f
  dut/div_18/U6/ZN (AOI21D0)                                                      0.04       4.98 r
  dut/div_18/U5/ZN (CKND0)                                                        0.11       5.09 f
  dut/div_18/U54/ZN (MUX2ND0)                                                     0.06       5.16 r
  dut/div_18/u_div_u_fa_PartRem_0_1_2/CO (FA1D0)                                  0.11       5.26 r
  dut/div_18/u_div_u_fa_PartRem_0_1_3/CO (FA1D0)                                  0.05       5.31 r
  dut/div_18/u_div_u_fa_PartRem_0_1_4/CO (FA1D0)                                  0.05       5.36 r
  dut/div_18/u_div_u_fa_PartRem_0_1_5/CO (FA1D0)                                  0.05       5.42 r
  dut/div_18/u_div_u_fa_PartRem_0_1_6/CO (FA1D0)                                  0.05       5.47 r
  dut/div_18/u_div_u_fa_PartRem_0_1_7/CO (FA1D0)                                  0.06       5.53 r
  dut/div_18/U14/Z (AO21D0)                                                       0.15       5.67 r
  dut/div_18/U161/ZN (MUX2ND0)                                                    0.08       5.75 f
  dut/div_18/u_div_u_fa_PartRem_0_0_2/CO (FA1D0)                                  0.11       5.86 f
  dut/div_18/u_div_u_fa_PartRem_0_0_3/CO (FA1D0)                                  0.06       5.92 f
  dut/div_18/u_div_u_fa_PartRem_0_0_4/CO (FA1D0)                                  0.06       5.97 f
  dut/div_18/u_div_u_fa_PartRem_0_0_5/CO (FA1D0)                                  0.06       6.03 f
  dut/div_18/u_div_u_fa_PartRem_0_0_6/CO (FA1D0)                                  0.06       6.08 f
  dut/div_18/u_div_u_fa_PartRem_0_0_7/CO (FA1D0)                                  0.05       6.13 f
  dut/div_18/U2/Z (AO21D0)                                                        0.06       6.19 f
  dut/div_18/quotient[0] (input_trunc_core_BITS7_BIAS1_DIVIDE1_DW_div_uns_6)      0.00       6.19 f
  dut/U3/Z (AO22D0)                                                               0.06       6.25 f
  dut/wrapper/result_fraction[15] (fp32_normal_finite_wrapper)                    0.00       6.25 f
  dut/wrapper/U108/Z (CKBD1)                                                      0.03       6.29 f
  dut/wrapper/result[15] (fp32_normal_finite_wrapper)                             0.00       6.29 f
  dut/result[15] (input_trunc_core_BITS7_BIAS1_DIVIDE1)                           0.00       6.29 f
  result[15] (out)                                                                0.00       6.29 f
  data arrival time                                                                          6.29

  clock vclk (rise edge)                                                         10.00      10.00
  clock network delay (ideal)                                                     0.00      10.00
  output external delay                                                          -0.02       9.98
  data required time                                                                         9.98
  --------------------------------------------------------------------------------------------------
  data required time                                                                         9.98
  data arrival time                                                                         -6.29
  --------------------------------------------------------------------------------------------------
  slack (MET)                                                                                3.69


  Startpoint: y[17] (input port clocked by vclk)
  Endpoint: result[15] (output port clocked by vclk)
  Path Group: vclk
  Path Type: max

  Des/Clust/Port     Wire Load Model       Library
  ------------------------------------------------
  fp32_normal_finite_wrapper ZeroWireload  tcbn65gplustc_ccs
  input_div_b7_bias1 ZeroWireload          tcbn65gplustc_ccs
  input_trunc_core_BITS7_BIAS1_DIVIDE1 ZeroWireload tcbn65gplustc_ccs
  input_trunc_core_BITS7_BIAS1_DIVIDE1_DW_div_uns_6 ZeroWireload tcbn65gplustc_ccs

  Point                                                                           Incr       Path
  --------------------------------------------------------------------------------------------------
  clock vclk (rise edge)                                                          0.00       0.00
  clock network delay (ideal)                                                     0.00       0.00
  input external delay                                                            0.02       0.02 f
  y[17] (in)                                                                      0.00       0.02 f
  dut/y[17] (input_trunc_core_BITS7_BIAS1_DIVIDE1)                                0.00       0.02 f
  dut/wrapper/y[17] (fp32_normal_finite_wrapper)                                  0.00       0.02 f
  dut/wrapper/U99/Z (CKBD1)                                                       0.02       0.05 f
  dut/wrapper/fraction_y[17] (fp32_normal_finite_wrapper)                         0.00       0.05 f
  dut/div_18/b[2] (input_trunc_core_BITS7_BIAS1_DIVIDE1_DW_div_uns_6)             0.00       0.05 f
  dut/div_18/U113/ZN (INVD1)                                                      0.09       0.13 r
  dut/div_18/u_div_u_fa_PartRem_0_9_2/CO (FA1D0)                                  0.10       0.24 r
  dut/div_18/u_div_u_fa_PartRem_0_9_3/CO (FA1D0)                                  0.05       0.29 r
  dut/div_18/u_div_u_fa_PartRem_0_9_4/CO (FA1D0)                                  0.05       0.34 r
  dut/div_18/u_div_u_fa_PartRem_0_9_5/CO (FA1D0)                                  0.05       0.39 r
  dut/div_18/u_div_u_fa_PartRem_0_9_6/CO (FA1D0)                                  0.05       0.44 r
  dut/div_18/u_div_u_fa_PartRem_0_9_7/CO (FA1D0)                                  0.20       0.64 r
  dut/div_18/U139/ZN (MUX2ND0)                                                    0.07       0.72 r
  dut/div_18/U123/ZN (CKND1)                                                      0.02       0.74 f
  dut/div_18/u_div_u_fa_PartRem_0_8_2/CO (FA1D0)                                  0.10       0.84 f
  dut/div_18/u_div_u_fa_PartRem_0_8_3/CO (FA1D0)                                  0.06       0.90 f
  dut/div_18/u_div_u_fa_PartRem_0_8_4/CO (FA1D0)                                  0.06       0.95 f
  dut/div_18/u_div_u_fa_PartRem_0_8_5/CO (FA1D0)                                  0.06       1.01 f
  dut/div_18/u_div_u_fa_PartRem_0_8_6/CO (FA1D0)                                  0.06       1.06 f
  dut/div_18/u_div_u_fa_PartRem_0_8_7/CO (FA1D0)                                  0.06       1.13 f
  dut/div_18/U74/ZN (IOA21D0)                                                     0.17       1.29 f
  dut/div_18/U148/ZN (MUX2ND0)                                                    0.09       1.38 f
  dut/div_18/U126/ZN (CKND1)                                                      0.02       1.40 r
  dut/div_18/u_div_u_fa_PartRem_0_7_2/CO (FA1D0)                                  0.09       1.50 r
  dut/div_18/u_div_u_fa_PartRem_0_7_3/CO (FA1D0)                                  0.05       1.55 r
  dut/div_18/u_div_u_fa_PartRem_0_7_4/CO (FA1D0)                                  0.05       1.60 r
  dut/div_18/u_div_u_fa_PartRem_0_7_5/CO (FA1D0)                                  0.05       1.65 r
  dut/div_18/u_div_u_fa_PartRem_0_7_6/CO (FA1D0)                                  0.05       1.70 r
  dut/div_18/u_div_u_fa_PartRem_0_7_7/CO (FA1D0)                                  0.06       1.76 r
  dut/div_18/U68/ZN (AOI21D0)                                                     0.03       1.79 f
  dut/div_18/U67/ZN (CKND0)                                                       0.14       1.93 r
  dut/div_18/U100/ZN (MUX2ND0)                                                    0.08       2.01 f
  dut/div_18/u_div_u_fa_PartRem_0_6_2/CO (FA1D0)                                  0.11       2.13 f
  dut/div_18/u_div_u_fa_PartRem_0_6_3/CO (FA1D0)                                  0.06       2.18 f
  dut/div_18/u_div_u_fa_PartRem_0_6_4/CO (FA1D0)                                  0.06       2.24 f
  dut/div_18/u_div_u_fa_PartRem_0_6_5/CO (FA1D0)                                  0.06       2.29 f
  dut/div_18/u_div_u_fa_PartRem_0_6_6/CO (FA1D0)                                  0.06       2.35 f
  dut/div_18/u_div_u_fa_PartRem_0_6_7/CO (FA1D0)                                  0.06       2.41 f
  dut/div_18/U65/ZN (AOI21D0)                                                     0.04       2.45 r
  dut/div_18/U64/ZN (CKND0)                                                       0.11       2.57 f
  dut/div_18/U101/ZN (MUX2ND0)                                                    0.08       2.64 f
  dut/div_18/u_div_u_fa_PartRem_0_5_2/CO (FA1D0)                                  0.11       2.76 f
  dut/div_18/u_div_u_fa_PartRem_0_5_3/CO (FA1D0)                                  0.06       2.81 f
  dut/div_18/u_div_u_fa_PartRem_0_5_4/CO (FA1D0)                                  0.06       2.87 f
  dut/div_18/u_div_u_fa_PartRem_0_5_5/CO (FA1D0)                                  0.06       2.92 f
  dut/div_18/u_div_u_fa_PartRem_0_5_6/CO (FA1D0)                                  0.06       2.98 f
  dut/div_18/u_div_u_fa_PartRem_0_5_7/CO (FA1D0)                                  0.06       3.04 f
  dut/div_18/U62/ZN (AOI21D0)                                                     0.04       3.09 r
  dut/div_18/U61/ZN (CKND0)                                                       0.11       3.20 f
  dut/div_18/U102/ZN (MUX2ND0)                                                    0.08       3.27 f
  dut/div_18/u_div_u_fa_PartRem_0_4_2/CO (FA1D0)                                  0.11       3.39 f
  dut/div_18/u_div_u_fa_PartRem_0_4_3/CO (FA1D0)                                  0.06       3.44 f
  dut/div_18/u_div_u_fa_PartRem_0_4_4/CO (FA1D0)                                  0.06       3.50 f
  dut/div_18/u_div_u_fa_PartRem_0_4_5/CO (FA1D0)                                  0.06       3.56 f
  dut/div_18/u_div_u_fa_PartRem_0_4_6/CO (FA1D0)                                  0.06       3.61 f
  dut/div_18/u_div_u_fa_PartRem_0_4_7/CO (FA1D0)                                  0.06       3.67 f
  dut/div_18/U59/ZN (AOI21D0)                                                     0.04       3.72 r
  dut/div_18/U58/ZN (CKND0)                                                       0.11       3.83 f
  dut/div_18/U103/ZN (MUX2ND0)                                                    0.08       3.91 f
  dut/div_18/u_div_u_fa_PartRem_0_3_2/CO (FA1D0)                                  0.11       4.02 f
  dut/div_18/u_div_u_fa_PartRem_0_3_3/CO (FA1D0)                                  0.06       4.08 f
  dut/div_18/u_div_u_fa_PartRem_0_3_4/CO (FA1D0)                                  0.06       4.13 f
  dut/div_18/u_div_u_fa_PartRem_0_3_5/CO (FA1D0)                                  0.06       4.19 f
  dut/div_18/u_div_u_fa_PartRem_0_3_6/CO (FA1D0)                                  0.06       4.24 f
  dut/div_18/u_div_u_fa_PartRem_0_3_7/CO (FA1D0)                                  0.06       4.30 f
  dut/div_18/U56/ZN (AOI21D0)                                                     0.04       4.35 r
  dut/div_18/U55/ZN (CKND0)                                                       0.11       4.46 f
  dut/div_18/U104/ZN (MUX2ND0)                                                    0.08       4.54 f
  dut/div_18/u_div_u_fa_PartRem_0_2_2/CO (FA1D0)                                  0.11       4.65 f
  dut/div_18/u_div_u_fa_PartRem_0_2_3/CO (FA1D0)                                  0.06       4.71 f
  dut/div_18/u_div_u_fa_PartRem_0_2_4/CO (FA1D0)                                  0.06       4.76 f
  dut/div_18/u_div_u_fa_PartRem_0_2_5/CO (FA1D0)                                  0.06       4.82 f
  dut/div_18/u_div_u_fa_PartRem_0_2_6/CO (FA1D0)                                  0.06       4.87 f
  dut/div_18/u_div_u_fa_PartRem_0_2_7/CO (FA1D0)                                  0.06       4.94 f
  dut/div_18/U6/ZN (AOI21D0)                                                      0.04       4.98 r
  dut/div_18/U5/ZN (CKND0)                                                        0.11       5.09 f
  dut/div_18/U54/ZN (MUX2ND0)                                                     0.06       5.16 r
  dut/div_18/u_div_u_fa_PartRem_0_1_2/CO (FA1D0)                                  0.11       5.26 r
  dut/div_18/u_div_u_fa_PartRem_0_1_3/CO (FA1D0)                                  0.05       5.31 r
  dut/div_18/u_div_u_fa_PartRem_0_1_4/CO (FA1D0)                                  0.05       5.36 r
  dut/div_18/u_div_u_fa_PartRem_0_1_5/CO (FA1D0)                                  0.05       5.42 r
  dut/div_18/u_div_u_fa_PartRem_0_1_6/CO (FA1D0)                                  0.05       5.47 r
  dut/div_18/u_div_u_fa_PartRem_0_1_7/CO (FA1D0)                                  0.06       5.53 r
  dut/div_18/U14/Z (AO21D0)                                                       0.15       5.67 r
  dut/div_18/U161/ZN (MUX2ND0)                                                    0.08       5.75 f
  dut/div_18/u_div_u_fa_PartRem_0_0_2/CO (FA1D0)                                  0.11       5.86 f
  dut/div_18/u_div_u_fa_PartRem_0_0_3/CO (FA1D0)                                  0.06       5.92 f
  dut/div_18/u_div_u_fa_PartRem_0_0_4/CO (FA1D0)                                  0.06       5.97 f
  dut/div_18/u_div_u_fa_PartRem_0_0_5/CO (FA1D0)                                  0.06       6.03 f
  dut/div_18/u_div_u_fa_PartRem_0_0_6/CO (FA1D0)                                  0.06       6.08 f
  dut/div_18/u_div_u_fa_PartRem_0_0_7/CO (FA1D0)                                  0.05       6.13 f
  dut/div_18/U2/Z (AO21D0)                                                        0.06       6.19 f
  dut/div_18/quotient[0] (input_trunc_core_BITS7_BIAS1_DIVIDE1_DW_div_uns_6)      0.00       6.19 f
  dut/U3/Z (AO22D0)                                                               0.06       6.25 f
  dut/wrapper/result_fraction[15] (fp32_normal_finite_wrapper)                    0.00       6.25 f
  dut/wrapper/U108/Z (CKBD1)                                                      0.03       6.29 f
  dut/wrapper/result[15] (fp32_normal_finite_wrapper)                             0.00       6.29 f
  dut/result[15] (input_trunc_core_BITS7_BIAS1_DIVIDE1)                           0.00       6.29 f
  result[15] (out)                                                                0.00       6.29 f
  data arrival time                                                                          6.29

  clock vclk (rise edge)                                                         10.00      10.00
  clock network delay (ideal)                                                     0.00      10.00
  output external delay                                                          -0.02       9.98
  data required time                                                                         9.98
  --------------------------------------------------------------------------------------------------
  data required time                                                                         9.98
  data arrival time                                                                         -6.29
  --------------------------------------------------------------------------------------------------
  slack (MET)                                                                                3.69


  Startpoint: y[17] (input port clocked by vclk)
  Endpoint: result[15] (output port clocked by vclk)
  Path Group: vclk
  Path Type: max

  Des/Clust/Port     Wire Load Model       Library
  ------------------------------------------------
  fp32_normal_finite_wrapper ZeroWireload  tcbn65gplustc_ccs
  input_div_b7_bias1 ZeroWireload          tcbn65gplustc_ccs
  input_trunc_core_BITS7_BIAS1_DIVIDE1 ZeroWireload tcbn65gplustc_ccs
  input_trunc_core_BITS7_BIAS1_DIVIDE1_DW_div_uns_6 ZeroWireload tcbn65gplustc_ccs

  Point                                                                           Incr       Path
  --------------------------------------------------------------------------------------------------
  clock vclk (rise edge)                                                          0.00       0.00
  clock network delay (ideal)                                                     0.00       0.00
  input external delay                                                            0.02       0.02 f
  y[17] (in)                                                                      0.00       0.02 f
  dut/y[17] (input_trunc_core_BITS7_BIAS1_DIVIDE1)                                0.00       0.02 f
  dut/wrapper/y[17] (fp32_normal_finite_wrapper)                                  0.00       0.02 f
  dut/wrapper/U99/Z (CKBD1)                                                       0.02       0.05 f
  dut/wrapper/fraction_y[17] (fp32_normal_finite_wrapper)                         0.00       0.05 f
  dut/div_18/b[2] (input_trunc_core_BITS7_BIAS1_DIVIDE1_DW_div_uns_6)             0.00       0.05 f
  dut/div_18/U113/ZN (INVD1)                                                      0.09       0.13 r
  dut/div_18/u_div_u_fa_PartRem_0_9_2/CO (FA1D0)                                  0.10       0.24 r
  dut/div_18/u_div_u_fa_PartRem_0_9_3/CO (FA1D0)                                  0.05       0.29 r
  dut/div_18/u_div_u_fa_PartRem_0_9_4/CO (FA1D0)                                  0.05       0.34 r
  dut/div_18/u_div_u_fa_PartRem_0_9_5/CO (FA1D0)                                  0.05       0.39 r
  dut/div_18/u_div_u_fa_PartRem_0_9_6/CO (FA1D0)                                  0.05       0.44 r
  dut/div_18/u_div_u_fa_PartRem_0_9_7/CO (FA1D0)                                  0.20       0.64 r
  dut/div_18/U139/ZN (MUX2ND0)                                                    0.07       0.72 r
  dut/div_18/U123/ZN (CKND1)                                                      0.02       0.74 f
  dut/div_18/u_div_u_fa_PartRem_0_8_2/CO (FA1D0)                                  0.10       0.84 f
  dut/div_18/u_div_u_fa_PartRem_0_8_3/CO (FA1D0)                                  0.06       0.90 f
  dut/div_18/u_div_u_fa_PartRem_0_8_4/CO (FA1D0)                                  0.06       0.95 f
  dut/div_18/u_div_u_fa_PartRem_0_8_5/CO (FA1D0)                                  0.06       1.01 f
  dut/div_18/u_div_u_fa_PartRem_0_8_6/CO (FA1D0)                                  0.06       1.06 f
  dut/div_18/u_div_u_fa_PartRem_0_8_7/CO (FA1D0)                                  0.06       1.13 f
  dut/div_18/U74/ZN (IOA21D0)                                                     0.17       1.29 f
  dut/div_18/U148/ZN (MUX2ND0)                                                    0.09       1.38 f
  dut/div_18/U126/ZN (CKND1)                                                      0.02       1.40 r
  dut/div_18/u_div_u_fa_PartRem_0_7_2/CO (FA1D0)                                  0.09       1.50 r
  dut/div_18/u_div_u_fa_PartRem_0_7_3/CO (FA1D0)                                  0.05       1.55 r
  dut/div_18/u_div_u_fa_PartRem_0_7_4/CO (FA1D0)                                  0.05       1.60 r
  dut/div_18/u_div_u_fa_PartRem_0_7_5/CO (FA1D0)                                  0.05       1.65 r
  dut/div_18/u_div_u_fa_PartRem_0_7_6/CO (FA1D0)                                  0.05       1.70 r
  dut/div_18/u_div_u_fa_PartRem_0_7_7/CO (FA1D0)                                  0.06       1.76 r
  dut/div_18/U68/ZN (AOI21D0)                                                     0.03       1.79 f
  dut/div_18/U67/ZN (CKND0)                                                       0.14       1.93 r
  dut/div_18/U100/ZN (MUX2ND0)                                                    0.08       2.01 f
  dut/div_18/u_div_u_fa_PartRem_0_6_2/CO (FA1D0)                                  0.11       2.13 f
  dut/div_18/u_div_u_fa_PartRem_0_6_3/CO (FA1D0)                                  0.06       2.18 f
  dut/div_18/u_div_u_fa_PartRem_0_6_4/CO (FA1D0)                                  0.06       2.24 f
  dut/div_18/u_div_u_fa_PartRem_0_6_5/CO (FA1D0)                                  0.06       2.29 f
  dut/div_18/u_div_u_fa_PartRem_0_6_6/CO (FA1D0)                                  0.06       2.35 f
  dut/div_18/u_div_u_fa_PartRem_0_6_7/CO (FA1D0)                                  0.06       2.41 f
  dut/div_18/U65/ZN (AOI21D0)                                                     0.04       2.45 r
  dut/div_18/U64/ZN (CKND0)                                                       0.11       2.57 f
  dut/div_18/U101/ZN (MUX2ND0)                                                    0.08       2.64 f
  dut/div_18/u_div_u_fa_PartRem_0_5_2/CO (FA1D0)                                  0.11       2.76 f
  dut/div_18/u_div_u_fa_PartRem_0_5_3/CO (FA1D0)                                  0.06       2.81 f
  dut/div_18/u_div_u_fa_PartRem_0_5_4/CO (FA1D0)                                  0.06       2.87 f
  dut/div_18/u_div_u_fa_PartRem_0_5_5/CO (FA1D0)                                  0.06       2.92 f
  dut/div_18/u_div_u_fa_PartRem_0_5_6/CO (FA1D0)                                  0.06       2.98 f
  dut/div_18/u_div_u_fa_PartRem_0_5_7/CO (FA1D0)                                  0.06       3.04 f
  dut/div_18/U62/ZN (AOI21D0)                                                     0.04       3.09 r
  dut/div_18/U61/ZN (CKND0)                                                       0.11       3.20 f
  dut/div_18/U102/ZN (MUX2ND0)                                                    0.08       3.27 f
  dut/div_18/u_div_u_fa_PartRem_0_4_2/CO (FA1D0)                                  0.11       3.39 f
  dut/div_18/u_div_u_fa_PartRem_0_4_3/CO (FA1D0)                                  0.06       3.44 f
  dut/div_18/u_div_u_fa_PartRem_0_4_4/CO (FA1D0)                                  0.06       3.50 f
  dut/div_18/u_div_u_fa_PartRem_0_4_5/CO (FA1D0)                                  0.06       3.56 f
  dut/div_18/u_div_u_fa_PartRem_0_4_6/CO (FA1D0)                                  0.06       3.61 f
  dut/div_18/u_div_u_fa_PartRem_0_4_7/CO (FA1D0)                                  0.06       3.67 f
  dut/div_18/U59/ZN (AOI21D0)                                                     0.04       3.72 r
  dut/div_18/U58/ZN (CKND0)                                                       0.11       3.83 f
  dut/div_18/U103/ZN (MUX2ND0)                                                    0.08       3.91 f
  dut/div_18/u_div_u_fa_PartRem_0_3_2/CO (FA1D0)                                  0.11       4.02 f
  dut/div_18/u_div_u_fa_PartRem_0_3_3/CO (FA1D0)                                  0.06       4.08 f
  dut/div_18/u_div_u_fa_PartRem_0_3_4/CO (FA1D0)                                  0.06       4.13 f
  dut/div_18/u_div_u_fa_PartRem_0_3_5/CO (FA1D0)                                  0.06       4.19 f
  dut/div_18/u_div_u_fa_PartRem_0_3_6/CO (FA1D0)                                  0.06       4.24 f
  dut/div_18/u_div_u_fa_PartRem_0_3_7/CO (FA1D0)                                  0.06       4.30 f
  dut/div_18/U56/ZN (AOI21D0)                                                     0.04       4.35 r
  dut/div_18/U55/ZN (CKND0)                                                       0.11       4.46 f
  dut/div_18/U104/ZN (MUX2ND0)                                                    0.08       4.54 f
  dut/div_18/u_div_u_fa_PartRem_0_2_2/CO (FA1D0)                                  0.11       4.65 f
  dut/div_18/u_div_u_fa_PartRem_0_2_3/CO (FA1D0)                                  0.06       4.71 f
  dut/div_18/u_div_u_fa_PartRem_0_2_4/CO (FA1D0)                                  0.06       4.76 f
  dut/div_18/u_div_u_fa_PartRem_0_2_5/CO (FA1D0)                                  0.06       4.82 f
  dut/div_18/u_div_u_fa_PartRem_0_2_6/CO (FA1D0)                                  0.06       4.87 f
  dut/div_18/u_div_u_fa_PartRem_0_2_7/CO (FA1D0)                                  0.06       4.94 f
  dut/div_18/U6/ZN (AOI21D0)                                                      0.04       4.98 r
  dut/div_18/U5/ZN (CKND0)                                                        0.11       5.09 f
  dut/div_18/U54/ZN (MUX2ND0)                                                     0.06       5.16 r
  dut/div_18/u_div_u_fa_PartRem_0_1_2/CO (FA1D0)                                  0.11       5.26 r
  dut/div_18/u_div_u_fa_PartRem_0_1_3/CO (FA1D0)                                  0.05       5.31 r
  dut/div_18/u_div_u_fa_PartRem_0_1_4/CO (FA1D0)                                  0.05       5.36 r
  dut/div_18/u_div_u_fa_PartRem_0_1_5/CO (FA1D0)                                  0.05       5.42 r
  dut/div_18/u_div_u_fa_PartRem_0_1_6/CO (FA1D0)                                  0.05       5.47 r
  dut/div_18/u_div_u_fa_PartRem_0_1_7/CO (FA1D0)                                  0.06       5.53 r
  dut/div_18/U14/Z (AO21D0)                                                       0.15       5.67 r
  dut/div_18/U161/ZN (MUX2ND0)                                                    0.08       5.75 f
  dut/div_18/u_div_u_fa_PartRem_0_0_2/CO (FA1D0)                                  0.11       5.86 f
  dut/div_18/u_div_u_fa_PartRem_0_0_3/CO (FA1D0)                                  0.06       5.92 f
  dut/div_18/u_div_u_fa_PartRem_0_0_4/CO (FA1D0)                                  0.06       5.97 f
  dut/div_18/u_div_u_fa_PartRem_0_0_5/CO (FA1D0)                                  0.06       6.03 f
  dut/div_18/u_div_u_fa_PartRem_0_0_6/CO (FA1D0)                                  0.06       6.08 f
  dut/div_18/u_div_u_fa_PartRem_0_0_7/CO (FA1D0)                                  0.05       6.13 f
  dut/div_18/U2/Z (AO21D0)                                                        0.06       6.19 f
  dut/div_18/quotient[0] (input_trunc_core_BITS7_BIAS1_DIVIDE1_DW_div_uns_6)      0.00       6.19 f
  dut/U3/Z (AO22D0)                                                               0.06       6.25 f
  dut/wrapper/result_fraction[15] (fp32_normal_finite_wrapper)                    0.00       6.25 f
  dut/wrapper/U108/Z (CKBD1)                                                      0.03       6.29 f
  dut/wrapper/result[15] (fp32_normal_finite_wrapper)                             0.00       6.29 f
  dut/result[15] (input_trunc_core_BITS7_BIAS1_DIVIDE1)                           0.00       6.29 f
  result[15] (out)                                                                0.00       6.29 f
  data arrival time                                                                          6.29

  clock vclk (rise edge)                                                         10.00      10.00
  clock network delay (ideal)                                                     0.00      10.00
  output external delay                                                          -0.02       9.98
  data required time                                                                         9.98
  --------------------------------------------------------------------------------------------------
  data required time                                                                         9.98
  data arrival time                                                                         -6.29
  --------------------------------------------------------------------------------------------------
  slack (MET)                                                                                3.69


  Startpoint: y[17] (input port clocked by vclk)
  Endpoint: result[15] (output port clocked by vclk)
  Path Group: vclk
  Path Type: max

  Des/Clust/Port     Wire Load Model       Library
  ------------------------------------------------
  fp32_normal_finite_wrapper ZeroWireload  tcbn65gplustc_ccs
  input_div_b7_bias1 ZeroWireload          tcbn65gplustc_ccs
  input_trunc_core_BITS7_BIAS1_DIVIDE1 ZeroWireload tcbn65gplustc_ccs
  input_trunc_core_BITS7_BIAS1_DIVIDE1_DW_div_uns_6 ZeroWireload tcbn65gplustc_ccs

  Point                                                                           Incr       Path
  --------------------------------------------------------------------------------------------------
  clock vclk (rise edge)                                                          0.00       0.00
  clock network delay (ideal)                                                     0.00       0.00
  input external delay                                                            0.02       0.02 f
  y[17] (in)                                                                      0.00       0.02 f
  dut/y[17] (input_trunc_core_BITS7_BIAS1_DIVIDE1)                                0.00       0.02 f
  dut/wrapper/y[17] (fp32_normal_finite_wrapper)                                  0.00       0.02 f
  dut/wrapper/U99/Z (CKBD1)                                                       0.02       0.05 f
  dut/wrapper/fraction_y[17] (fp32_normal_finite_wrapper)                         0.00       0.05 f
  dut/div_18/b[2] (input_trunc_core_BITS7_BIAS1_DIVIDE1_DW_div_uns_6)             0.00       0.05 f
  dut/div_18/U113/ZN (INVD1)                                                      0.09       0.13 r
  dut/div_18/u_div_u_fa_PartRem_0_9_2/CO (FA1D0)                                  0.10       0.24 r
  dut/div_18/u_div_u_fa_PartRem_0_9_3/CO (FA1D0)                                  0.05       0.29 r
  dut/div_18/u_div_u_fa_PartRem_0_9_4/CO (FA1D0)                                  0.05       0.34 r
  dut/div_18/u_div_u_fa_PartRem_0_9_5/CO (FA1D0)                                  0.05       0.39 r
  dut/div_18/u_div_u_fa_PartRem_0_9_6/CO (FA1D0)                                  0.05       0.44 r
  dut/div_18/u_div_u_fa_PartRem_0_9_7/CO (FA1D0)                                  0.20       0.64 r
  dut/div_18/U139/ZN (MUX2ND0)                                                    0.07       0.72 r
  dut/div_18/U123/ZN (CKND1)                                                      0.02       0.74 f
  dut/div_18/u_div_u_fa_PartRem_0_8_2/CO (FA1D0)                                  0.10       0.84 f
  dut/div_18/u_div_u_fa_PartRem_0_8_3/CO (FA1D0)                                  0.06       0.90 f
  dut/div_18/u_div_u_fa_PartRem_0_8_4/CO (FA1D0)                                  0.06       0.95 f
  dut/div_18/u_div_u_fa_PartRem_0_8_5/CO (FA1D0)                                  0.06       1.01 f
  dut/div_18/u_div_u_fa_PartRem_0_8_6/CO (FA1D0)                                  0.06       1.06 f
  dut/div_18/u_div_u_fa_PartRem_0_8_7/CO (FA1D0)                                  0.06       1.13 f
  dut/div_18/U74/ZN (IOA21D0)                                                     0.17       1.29 f
  dut/div_18/U148/ZN (MUX2ND0)                                                    0.09       1.38 f
  dut/div_18/U126/ZN (CKND1)                                                      0.02       1.40 r
  dut/div_18/u_div_u_fa_PartRem_0_7_2/CO (FA1D0)                                  0.09       1.50 r
  dut/div_18/u_div_u_fa_PartRem_0_7_3/CO (FA1D0)                                  0.05       1.55 r
  dut/div_18/u_div_u_fa_PartRem_0_7_4/CO (FA1D0)                                  0.05       1.60 r
  dut/div_18/u_div_u_fa_PartRem_0_7_5/CO (FA1D0)                                  0.05       1.65 r
  dut/div_18/u_div_u_fa_PartRem_0_7_6/CO (FA1D0)                                  0.05       1.70 r
  dut/div_18/u_div_u_fa_PartRem_0_7_7/CO (FA1D0)                                  0.06       1.76 r
  dut/div_18/U68/ZN (AOI21D0)                                                     0.03       1.79 f
  dut/div_18/U67/ZN (CKND0)                                                       0.14       1.93 r
  dut/div_18/U100/ZN (MUX2ND0)                                                    0.08       2.01 f
  dut/div_18/u_div_u_fa_PartRem_0_6_2/CO (FA1D0)                                  0.11       2.13 f
  dut/div_18/u_div_u_fa_PartRem_0_6_3/CO (FA1D0)                                  0.06       2.18 f
  dut/div_18/u_div_u_fa_PartRem_0_6_4/CO (FA1D0)                                  0.06       2.24 f
  dut/div_18/u_div_u_fa_PartRem_0_6_5/CO (FA1D0)                                  0.06       2.29 f
  dut/div_18/u_div_u_fa_PartRem_0_6_6/CO (FA1D0)                                  0.06       2.35 f
  dut/div_18/u_div_u_fa_PartRem_0_6_7/CO (FA1D0)                                  0.06       2.41 f
  dut/div_18/U65/ZN (AOI21D0)                                                     0.04       2.45 r
  dut/div_18/U64/ZN (CKND0)                                                       0.11       2.57 f
  dut/div_18/U101/ZN (MUX2ND0)                                                    0.08       2.64 f
  dut/div_18/u_div_u_fa_PartRem_0_5_2/CO (FA1D0)                                  0.11       2.76 f
  dut/div_18/u_div_u_fa_PartRem_0_5_3/CO (FA1D0)                                  0.06       2.81 f
  dut/div_18/u_div_u_fa_PartRem_0_5_4/CO (FA1D0)                                  0.06       2.87 f
  dut/div_18/u_div_u_fa_PartRem_0_5_5/CO (FA1D0)                                  0.06       2.92 f
  dut/div_18/u_div_u_fa_PartRem_0_5_6/CO (FA1D0)                                  0.06       2.98 f
  dut/div_18/u_div_u_fa_PartRem_0_5_7/CO (FA1D0)                                  0.06       3.04 f
  dut/div_18/U62/ZN (AOI21D0)                                                     0.04       3.09 r
  dut/div_18/U61/ZN (CKND0)                                                       0.11       3.20 f
  dut/div_18/U102/ZN (MUX2ND0)                                                    0.08       3.27 f
  dut/div_18/u_div_u_fa_PartRem_0_4_2/CO (FA1D0)                                  0.11       3.39 f
  dut/div_18/u_div_u_fa_PartRem_0_4_3/CO (FA1D0)                                  0.06       3.44 f
  dut/div_18/u_div_u_fa_PartRem_0_4_4/CO (FA1D0)                                  0.06       3.50 f
  dut/div_18/u_div_u_fa_PartRem_0_4_5/CO (FA1D0)                                  0.06       3.56 f
  dut/div_18/u_div_u_fa_PartRem_0_4_6/CO (FA1D0)                                  0.06       3.61 f
  dut/div_18/u_div_u_fa_PartRem_0_4_7/CO (FA1D0)                                  0.06       3.67 f
  dut/div_18/U59/ZN (AOI21D0)                                                     0.04       3.72 r
  dut/div_18/U58/ZN (CKND0)                                                       0.11       3.83 f
  dut/div_18/U103/ZN (MUX2ND0)                                                    0.08       3.91 f
  dut/div_18/u_div_u_fa_PartRem_0_3_2/CO (FA1D0)                                  0.11       4.02 f
  dut/div_18/u_div_u_fa_PartRem_0_3_3/CO (FA1D0)                                  0.06       4.08 f
  dut/div_18/u_div_u_fa_PartRem_0_3_4/CO (FA1D0)                                  0.06       4.13 f
  dut/div_18/u_div_u_fa_PartRem_0_3_5/CO (FA1D0)                                  0.06       4.19 f
  dut/div_18/u_div_u_fa_PartRem_0_3_6/CO (FA1D0)                                  0.06       4.24 f
  dut/div_18/u_div_u_fa_PartRem_0_3_7/CO (FA1D0)                                  0.06       4.30 f
  dut/div_18/U56/ZN (AOI21D0)                                                     0.04       4.35 r
  dut/div_18/U55/ZN (CKND0)                                                       0.11       4.46 f
  dut/div_18/U104/ZN (MUX2ND0)                                                    0.08       4.54 f
  dut/div_18/u_div_u_fa_PartRem_0_2_2/CO (FA1D0)                                  0.11       4.65 f
  dut/div_18/u_div_u_fa_PartRem_0_2_3/CO (FA1D0)                                  0.06       4.71 f
  dut/div_18/u_div_u_fa_PartRem_0_2_4/CO (FA1D0)                                  0.06       4.76 f
  dut/div_18/u_div_u_fa_PartRem_0_2_5/CO (FA1D0)                                  0.06       4.82 f
  dut/div_18/u_div_u_fa_PartRem_0_2_6/CO (FA1D0)                                  0.06       4.87 f
  dut/div_18/u_div_u_fa_PartRem_0_2_7/CO (FA1D0)                                  0.06       4.94 f
  dut/div_18/U6/ZN (AOI21D0)                                                      0.04       4.98 r
  dut/div_18/U5/ZN (CKND0)                                                        0.11       5.09 f
  dut/div_18/U54/ZN (MUX2ND0)                                                     0.06       5.16 r
  dut/div_18/u_div_u_fa_PartRem_0_1_2/CO (FA1D0)                                  0.11       5.26 r
  dut/div_18/u_div_u_fa_PartRem_0_1_3/CO (FA1D0)                                  0.05       5.31 r
  dut/div_18/u_div_u_fa_PartRem_0_1_4/CO (FA1D0)                                  0.05       5.36 r
  dut/div_18/u_div_u_fa_PartRem_0_1_5/CO (FA1D0)                                  0.05       5.42 r
  dut/div_18/u_div_u_fa_PartRem_0_1_6/CO (FA1D0)                                  0.05       5.47 r
  dut/div_18/u_div_u_fa_PartRem_0_1_7/CO (FA1D0)                                  0.06       5.53 r
  dut/div_18/U14/Z (AO21D0)                                                       0.15       5.67 r
  dut/div_18/U161/ZN (MUX2ND0)                                                    0.08       5.75 f
  dut/div_18/u_div_u_fa_PartRem_0_0_2/CO (FA1D0)                                  0.11       5.86 f
  dut/div_18/u_div_u_fa_PartRem_0_0_3/CO (FA1D0)                                  0.06       5.92 f
  dut/div_18/u_div_u_fa_PartRem_0_0_4/CO (FA1D0)                                  0.06       5.97 f
  dut/div_18/u_div_u_fa_PartRem_0_0_5/CO (FA1D0)                                  0.06       6.03 f
  dut/div_18/u_div_u_fa_PartRem_0_0_6/CO (FA1D0)                                  0.06       6.08 f
  dut/div_18/u_div_u_fa_PartRem_0_0_7/CO (FA1D0)                                  0.05       6.13 f
  dut/div_18/U2/Z (AO21D0)                                                        0.06       6.19 f
  dut/div_18/quotient[0] (input_trunc_core_BITS7_BIAS1_DIVIDE1_DW_div_uns_6)      0.00       6.19 f
  dut/U3/Z (AO22D0)                                                               0.06       6.25 f
  dut/wrapper/result_fraction[15] (fp32_normal_finite_wrapper)                    0.00       6.25 f
  dut/wrapper/U108/Z (CKBD1)                                                      0.03       6.29 f
  dut/wrapper/result[15] (fp32_normal_finite_wrapper)                             0.00       6.29 f
  dut/result[15] (input_trunc_core_BITS7_BIAS1_DIVIDE1)                           0.00       6.29 f
  result[15] (out)                                                                0.00       6.29 f
  data arrival time                                                                          6.29

  clock vclk (rise edge)                                                         10.00      10.00
  clock network delay (ideal)                                                     0.00      10.00
  output external delay                                                          -0.02       9.98
  data required time                                                                         9.98
  --------------------------------------------------------------------------------------------------
  data required time                                                                         9.98
  data arrival time                                                                         -6.29
  --------------------------------------------------------------------------------------------------
  slack (MET)                                                                                3.69


1
