 
****************************************
Report : timing
        -path full
        -delay min
        -max_paths 10000
        -sort_by slack
Design : exact_fp32_mul_7stage
Version: U-2022.12-SP7
Date   : Tue Aug 18 22:55:42 2026
****************************************

Operating Conditions: NCCOM   Library: tcbn65gplustc_ccs
Wire Load Model Mode: segmented

  Startpoint: x[31] (input port clocked by clk)
  Endpoint: u_exact_mul/U_AIN_PL_REG/in_reg_a_reg[66]
            (rising edge-triggered flip-flop clocked by clk)
  Path Group: clk
  Path Type: min

  Des/Clust/Port     Wire Load Model       Library
  ------------------------------------------------
  exact_fp32_mul_7stage ZeroWireload       tcbn65gplustc_ccs
  exact_fp32_mul_7stage_DW_lp_piped_fp_mult_J1_0 ZeroWireload tcbn65gplustc_ccs

  Point                                                                   Incr       Path
  ------------------------------------------------------------------------------------------
  clock clk (rise edge)                                                   0.00       0.00
  clock network delay (ideal)                                             0.00       0.00
  input external delay                                                    0.02       0.02 f
  x[31] (in)                                                              0.00       0.02 f
  holdfix_inputs[31].u_x_buf/Z (BUFFD0)                                   0.03       0.05 f
  u_exact_mul/a[31] (exact_fp32_mul_7stage_DW_lp_piped_fp_mult_J1_0)      0.00       0.05 f
  u_exact_mul/U_AIN_PL_REG/in_reg_a_reg[66]/D (DFQD1)                     0.00       0.05 f
  data arrival time                                                                  0.05

  clock clk (rise edge)                                                   0.00       0.00
  clock network delay (ideal)                                             0.00       0.00
  u_exact_mul/U_AIN_PL_REG/in_reg_a_reg[66]/CP (DFQD1)                    0.00       0.00 r
  library hold time                                                       0.02       0.02
  data required time                                                                 0.02
  ------------------------------------------------------------------------------------------
  data required time                                                                 0.02
  data arrival time                                                                 -0.05
  ------------------------------------------------------------------------------------------
  slack (MET)                                                                        0.03


  Startpoint: x[30] (input port clocked by clk)
  Endpoint: u_exact_mul/U_AIN_PL_REG/in_reg_a_reg[65]
            (rising edge-triggered flip-flop clocked by clk)
  Path Group: clk
  Path Type: min

  Des/Clust/Port     Wire Load Model       Library
  ------------------------------------------------
  exact_fp32_mul_7stage ZeroWireload       tcbn65gplustc_ccs
  exact_fp32_mul_7stage_DW_lp_piped_fp_mult_J1_0 ZeroWireload tcbn65gplustc_ccs

  Point                                                                   Incr       Path
  ------------------------------------------------------------------------------------------
  clock clk (rise edge)                                                   0.00       0.00
  clock network delay (ideal)                                             0.00       0.00
  input external delay                                                    0.02       0.02 f
  x[30] (in)                                                              0.00       0.02 f
  holdfix_inputs[30].u_x_buf/Z (BUFFD0)                                   0.03       0.05 f
  u_exact_mul/a[30] (exact_fp32_mul_7stage_DW_lp_piped_fp_mult_J1_0)      0.00       0.05 f
  u_exact_mul/U_AIN_PL_REG/in_reg_a_reg[65]/D (DFQD1)                     0.00       0.05 f
  data arrival time                                                                  0.05

  clock clk (rise edge)                                                   0.00       0.00
  clock network delay (ideal)                                             0.00       0.00
  u_exact_mul/U_AIN_PL_REG/in_reg_a_reg[65]/CP (DFQD1)                    0.00       0.00 r
  library hold time                                                       0.02       0.02
  data required time                                                                 0.02
  ------------------------------------------------------------------------------------------
  data required time                                                                 0.02
  data arrival time                                                                 -0.05
  ------------------------------------------------------------------------------------------
  slack (MET)                                                                        0.03


  Startpoint: x[29] (input port clocked by clk)
  Endpoint: u_exact_mul/U_AIN_PL_REG/in_reg_a_reg[64]
            (rising edge-triggered flip-flop clocked by clk)
  Path Group: clk
  Path Type: min

  Des/Clust/Port     Wire Load Model       Library
  ------------------------------------------------
  exact_fp32_mul_7stage ZeroWireload       tcbn65gplustc_ccs
  exact_fp32_mul_7stage_DW_lp_piped_fp_mult_J1_0 ZeroWireload tcbn65gplustc_ccs

  Point                                                                   Incr       Path
  ------------------------------------------------------------------------------------------
  clock clk (rise edge)                                                   0.00       0.00
  clock network delay (ideal)                                             0.00       0.00
  input external delay                                                    0.02       0.02 f
  x[29] (in)                                                              0.00       0.02 f
  holdfix_inputs[29].u_x_buf/Z (BUFFD0)                                   0.03       0.05 f
  u_exact_mul/a[29] (exact_fp32_mul_7stage_DW_lp_piped_fp_mult_J1_0)      0.00       0.05 f
  u_exact_mul/U_AIN_PL_REG/in_reg_a_reg[64]/D (DFQD1)                     0.00       0.05 f
  data arrival time                                                                  0.05

  clock clk (rise edge)                                                   0.00       0.00
  clock network delay (ideal)                                             0.00       0.00
  u_exact_mul/U_AIN_PL_REG/in_reg_a_reg[64]/CP (DFQD1)                    0.00       0.00 r
  library hold time                                                       0.02       0.02
  data required time                                                                 0.02
  ------------------------------------------------------------------------------------------
  data required time                                                                 0.02
  data arrival time                                                                 -0.05
  ------------------------------------------------------------------------------------------
  slack (MET)                                                                        0.03


  Startpoint: x[28] (input port clocked by clk)
  Endpoint: u_exact_mul/U_AIN_PL_REG/in_reg_a_reg[63]
            (rising edge-triggered flip-flop clocked by clk)
  Path Group: clk
  Path Type: min

  Des/Clust/Port     Wire Load Model       Library
  ------------------------------------------------
  exact_fp32_mul_7stage ZeroWireload       tcbn65gplustc_ccs
  exact_fp32_mul_7stage_DW_lp_piped_fp_mult_J1_0 ZeroWireload tcbn65gplustc_ccs

  Point                                                                   Incr       Path
  ------------------------------------------------------------------------------------------
  clock clk (rise edge)                                                   0.00       0.00
  clock network delay (ideal)                                             0.00       0.00
  input external delay                                                    0.02       0.02 f
  x[28] (in)                                                              0.00       0.02 f
  holdfix_inputs[28].u_x_buf/Z (BUFFD0)                                   0.03       0.05 f
  u_exact_mul/a[28] (exact_fp32_mul_7stage_DW_lp_piped_fp_mult_J1_0)      0.00       0.05 f
  u_exact_mul/U_AIN_PL_REG/in_reg_a_reg[63]/D (DFQD1)                     0.00       0.05 f
  data arrival time                                                                  0.05

  clock clk (rise edge)                                                   0.00       0.00
  clock network delay (ideal)                                             0.00       0.00
  u_exact_mul/U_AIN_PL_REG/in_reg_a_reg[63]/CP (DFQD1)                    0.00       0.00 r
  library hold time                                                       0.02       0.02
  data required time                                                                 0.02
  ------------------------------------------------------------------------------------------
  data required time                                                                 0.02
  data arrival time                                                                 -0.05
  ------------------------------------------------------------------------------------------
  slack (MET)                                                                        0.03


  Startpoint: x[27] (input port clocked by clk)
  Endpoint: u_exact_mul/U_AIN_PL_REG/in_reg_a_reg[62]
            (rising edge-triggered flip-flop clocked by clk)
  Path Group: clk
  Path Type: min

  Des/Clust/Port     Wire Load Model       Library
  ------------------------------------------------
  exact_fp32_mul_7stage ZeroWireload       tcbn65gplustc_ccs
  exact_fp32_mul_7stage_DW_lp_piped_fp_mult_J1_0 ZeroWireload tcbn65gplustc_ccs

  Point                                                                   Incr       Path
  ------------------------------------------------------------------------------------------
  clock clk (rise edge)                                                   0.00       0.00
  clock network delay (ideal)                                             0.00       0.00
  input external delay                                                    0.02       0.02 f
  x[27] (in)                                                              0.00       0.02 f
  holdfix_inputs[27].u_x_buf/Z (BUFFD0)                                   0.03       0.05 f
  u_exact_mul/a[27] (exact_fp32_mul_7stage_DW_lp_piped_fp_mult_J1_0)      0.00       0.05 f
  u_exact_mul/U_AIN_PL_REG/in_reg_a_reg[62]/D (DFQD1)                     0.00       0.05 f
  data arrival time                                                                  0.05

  clock clk (rise edge)                                                   0.00       0.00
  clock network delay (ideal)                                             0.00       0.00
  u_exact_mul/U_AIN_PL_REG/in_reg_a_reg[62]/CP (DFQD1)                    0.00       0.00 r
  library hold time                                                       0.02       0.02
  data required time                                                                 0.02
  ------------------------------------------------------------------------------------------
  data required time                                                                 0.02
  data arrival time                                                                 -0.05
  ------------------------------------------------------------------------------------------
  slack (MET)                                                                        0.03


  Startpoint: x[26] (input port clocked by clk)
  Endpoint: u_exact_mul/U_AIN_PL_REG/in_reg_a_reg[61]
            (rising edge-triggered flip-flop clocked by clk)
  Path Group: clk
  Path Type: min

  Des/Clust/Port     Wire Load Model       Library
  ------------------------------------------------
  exact_fp32_mul_7stage ZeroWireload       tcbn65gplustc_ccs
  exact_fp32_mul_7stage_DW_lp_piped_fp_mult_J1_0 ZeroWireload tcbn65gplustc_ccs

  Point                                                                   Incr       Path
  ------------------------------------------------------------------------------------------
  clock clk (rise edge)                                                   0.00       0.00
  clock network delay (ideal)                                             0.00       0.00
  input external delay                                                    0.02       0.02 f
  x[26] (in)                                                              0.00       0.02 f
  holdfix_inputs[26].u_x_buf/Z (BUFFD0)                                   0.03       0.05 f
  u_exact_mul/a[26] (exact_fp32_mul_7stage_DW_lp_piped_fp_mult_J1_0)      0.00       0.05 f
  u_exact_mul/U_AIN_PL_REG/in_reg_a_reg[61]/D (DFQD1)                     0.00       0.05 f
  data arrival time                                                                  0.05

  clock clk (rise edge)                                                   0.00       0.00
  clock network delay (ideal)                                             0.00       0.00
  u_exact_mul/U_AIN_PL_REG/in_reg_a_reg[61]/CP (DFQD1)                    0.00       0.00 r
  library hold time                                                       0.02       0.02
  data required time                                                                 0.02
  ------------------------------------------------------------------------------------------
  data required time                                                                 0.02
  data arrival time                                                                 -0.05
  ------------------------------------------------------------------------------------------
  slack (MET)                                                                        0.03


  Startpoint: x[25] (input port clocked by clk)
  Endpoint: u_exact_mul/U_AIN_PL_REG/in_reg_a_reg[60]
            (rising edge-triggered flip-flop clocked by clk)
  Path Group: clk
  Path Type: min

  Des/Clust/Port     Wire Load Model       Library
  ------------------------------------------------
  exact_fp32_mul_7stage ZeroWireload       tcbn65gplustc_ccs
  exact_fp32_mul_7stage_DW_lp_piped_fp_mult_J1_0 ZeroWireload tcbn65gplustc_ccs

  Point                                                                   Incr       Path
  ------------------------------------------------------------------------------------------
  clock clk (rise edge)                                                   0.00       0.00
  clock network delay (ideal)                                             0.00       0.00
  input external delay                                                    0.02       0.02 f
  x[25] (in)                                                              0.00       0.02 f
  holdfix_inputs[25].u_x_buf/Z (BUFFD0)                                   0.03       0.05 f
  u_exact_mul/a[25] (exact_fp32_mul_7stage_DW_lp_piped_fp_mult_J1_0)      0.00       0.05 f
  u_exact_mul/U_AIN_PL_REG/in_reg_a_reg[60]/D (DFQD1)                     0.00       0.05 f
  data arrival time                                                                  0.05

  clock clk (rise edge)                                                   0.00       0.00
  clock network delay (ideal)                                             0.00       0.00
  u_exact_mul/U_AIN_PL_REG/in_reg_a_reg[60]/CP (DFQD1)                    0.00       0.00 r
  library hold time                                                       0.02       0.02
  data required time                                                                 0.02
  ------------------------------------------------------------------------------------------
  data required time                                                                 0.02
  data arrival time                                                                 -0.05
  ------------------------------------------------------------------------------------------
  slack (MET)                                                                        0.03


  Startpoint: x[24] (input port clocked by clk)
  Endpoint: u_exact_mul/U_AIN_PL_REG/in_reg_a_reg[59]
            (rising edge-triggered flip-flop clocked by clk)
  Path Group: clk
  Path Type: min

  Des/Clust/Port     Wire Load Model       Library
  ------------------------------------------------
  exact_fp32_mul_7stage ZeroWireload       tcbn65gplustc_ccs
  exact_fp32_mul_7stage_DW_lp_piped_fp_mult_J1_0 ZeroWireload tcbn65gplustc_ccs

  Point                                                                   Incr       Path
  ------------------------------------------------------------------------------------------
  clock clk (rise edge)                                                   0.00       0.00
  clock network delay (ideal)                                             0.00       0.00
  input external delay                                                    0.02       0.02 f
  x[24] (in)                                                              0.00       0.02 f
  holdfix_inputs[24].u_x_buf/Z (BUFFD0)                                   0.03       0.05 f
  u_exact_mul/a[24] (exact_fp32_mul_7stage_DW_lp_piped_fp_mult_J1_0)      0.00       0.05 f
  u_exact_mul/U_AIN_PL_REG/in_reg_a_reg[59]/D (DFQD1)                     0.00       0.05 f
  data arrival time                                                                  0.05

  clock clk (rise edge)                                                   0.00       0.00
  clock network delay (ideal)                                             0.00       0.00
  u_exact_mul/U_AIN_PL_REG/in_reg_a_reg[59]/CP (DFQD1)                    0.00       0.00 r
  library hold time                                                       0.02       0.02
  data required time                                                                 0.02
  ------------------------------------------------------------------------------------------
  data required time                                                                 0.02
  data arrival time                                                                 -0.05
  ------------------------------------------------------------------------------------------
  slack (MET)                                                                        0.03


  Startpoint: x[23] (input port clocked by clk)
  Endpoint: u_exact_mul/U_AIN_PL_REG/in_reg_a_reg[58]
            (rising edge-triggered flip-flop clocked by clk)
  Path Group: clk
  Path Type: min

  Des/Clust/Port     Wire Load Model       Library
  ------------------------------------------------
  exact_fp32_mul_7stage ZeroWireload       tcbn65gplustc_ccs
  exact_fp32_mul_7stage_DW_lp_piped_fp_mult_J1_0 ZeroWireload tcbn65gplustc_ccs

  Point                                                                   Incr       Path
  ------------------------------------------------------------------------------------------
  clock clk (rise edge)                                                   0.00       0.00
  clock network delay (ideal)                                             0.00       0.00
  input external delay                                                    0.02       0.02 f
  x[23] (in)                                                              0.00       0.02 f
  holdfix_inputs[23].u_x_buf/Z (BUFFD0)                                   0.03       0.05 f
  u_exact_mul/a[23] (exact_fp32_mul_7stage_DW_lp_piped_fp_mult_J1_0)      0.00       0.05 f
  u_exact_mul/U_AIN_PL_REG/in_reg_a_reg[58]/D (DFQD1)                     0.00       0.05 f
  data arrival time                                                                  0.05

  clock clk (rise edge)                                                   0.00       0.00
  clock network delay (ideal)                                             0.00       0.00
  u_exact_mul/U_AIN_PL_REG/in_reg_a_reg[58]/CP (DFQD1)                    0.00       0.00 r
  library hold time                                                       0.02       0.02
  data required time                                                                 0.02
  ------------------------------------------------------------------------------------------
  data required time                                                                 0.02
  data arrival time                                                                 -0.05
  ------------------------------------------------------------------------------------------
  slack (MET)                                                                        0.03


  Startpoint: x[22] (input port clocked by clk)
  Endpoint: u_exact_mul/U_AIN_PL_REG/in_reg_a_reg[57]
            (rising edge-triggered flip-flop clocked by clk)
  Path Group: clk
  Path Type: min

  Des/Clust/Port     Wire Load Model       Library
  ------------------------------------------------
  exact_fp32_mul_7stage ZeroWireload       tcbn65gplustc_ccs
  exact_fp32_mul_7stage_DW_lp_piped_fp_mult_J1_0 ZeroWireload tcbn65gplustc_ccs

  Point                                                                   Incr       Path
  ------------------------------------------------------------------------------------------
  clock clk (rise edge)                                                   0.00       0.00
  clock network delay (ideal)                                             0.00       0.00
  input external delay                                                    0.02       0.02 f
  x[22] (in)                                                              0.00       0.02 f
  holdfix_inputs[22].u_x_buf/Z (BUFFD0)                                   0.03       0.05 f
  u_exact_mul/a[22] (exact_fp32_mul_7stage_DW_lp_piped_fp_mult_J1_0)      0.00       0.05 f
  u_exact_mul/U_AIN_PL_REG/in_reg_a_reg[57]/D (DFQD1)                     0.00       0.05 f
  data arrival time                                                                  0.05

  clock clk (rise edge)                                                   0.00       0.00
  clock network delay (ideal)                                             0.00       0.00
  u_exact_mul/U_AIN_PL_REG/in_reg_a_reg[57]/CP (DFQD1)                    0.00       0.00 r
  library hold time                                                       0.02       0.02
  data required time                                                                 0.02
  ------------------------------------------------------------------------------------------
  data required time                                                                 0.02
  data arrival time                                                                 -0.05
  ------------------------------------------------------------------------------------------
  slack (MET)                                                                        0.03


  Startpoint: x[21] (input port clocked by clk)
  Endpoint: u_exact_mul/U_AIN_PL_REG/in_reg_a_reg[56]
            (rising edge-triggered flip-flop clocked by clk)
  Path Group: clk
  Path Type: min

  Des/Clust/Port     Wire Load Model       Library
  ------------------------------------------------
  exact_fp32_mul_7stage ZeroWireload       tcbn65gplustc_ccs
  exact_fp32_mul_7stage_DW_lp_piped_fp_mult_J1_0 ZeroWireload tcbn65gplustc_ccs

  Point                                                                   Incr       Path
  ------------------------------------------------------------------------------------------
  clock clk (rise edge)                                                   0.00       0.00
  clock network delay (ideal)                                             0.00       0.00
  input external delay                                                    0.02       0.02 f
  x[21] (in)                                                              0.00       0.02 f
  holdfix_inputs[21].u_x_buf/Z (BUFFD0)                                   0.03       0.05 f
  u_exact_mul/a[21] (exact_fp32_mul_7stage_DW_lp_piped_fp_mult_J1_0)      0.00       0.05 f
  u_exact_mul/U_AIN_PL_REG/in_reg_a_reg[56]/D (DFQD1)                     0.00       0.05 f
  data arrival time                                                                  0.05

  clock clk (rise edge)                                                   0.00       0.00
  clock network delay (ideal)                                             0.00       0.00
  u_exact_mul/U_AIN_PL_REG/in_reg_a_reg[56]/CP (DFQD1)                    0.00       0.00 r
  library hold time                                                       0.02       0.02
  data required time                                                                 0.02
  ------------------------------------------------------------------------------------------
  data required time                                                                 0.02
  data arrival time                                                                 -0.05
  ------------------------------------------------------------------------------------------
  slack (MET)                                                                        0.03


  Startpoint: x[20] (input port clocked by clk)
  Endpoint: u_exact_mul/U_AIN_PL_REG/in_reg_a_reg[55]
            (rising edge-triggered flip-flop clocked by clk)
  Path Group: clk
  Path Type: min

  Des/Clust/Port     Wire Load Model       Library
  ------------------------------------------------
  exact_fp32_mul_7stage ZeroWireload       tcbn65gplustc_ccs
  exact_fp32_mul_7stage_DW_lp_piped_fp_mult_J1_0 ZeroWireload tcbn65gplustc_ccs

  Point                                                                   Incr       Path
  ------------------------------------------------------------------------------------------
  clock clk (rise edge)                                                   0.00       0.00
  clock network delay (ideal)                                             0.00       0.00
  input external delay                                                    0.02       0.02 f
  x[20] (in)                                                              0.00       0.02 f
  holdfix_inputs[20].u_x_buf/Z (BUFFD0)                                   0.03       0.05 f
  u_exact_mul/a[20] (exact_fp32_mul_7stage_DW_lp_piped_fp_mult_J1_0)      0.00       0.05 f
  u_exact_mul/U_AIN_PL_REG/in_reg_a_reg[55]/D (DFQD1)                     0.00       0.05 f
  data arrival time                                                                  0.05

  clock clk (rise edge)                                                   0.00       0.00
  clock network delay (ideal)                                             0.00       0.00
  u_exact_mul/U_AIN_PL_REG/in_reg_a_reg[55]/CP (DFQD1)                    0.00       0.00 r
  library hold time                                                       0.02       0.02
  data required time                                                                 0.02
  ------------------------------------------------------------------------------------------
  data required time                                                                 0.02
  data arrival time                                                                 -0.05
  ------------------------------------------------------------------------------------------
  slack (MET)                                                                        0.03


  Startpoint: x[19] (input port clocked by clk)
  Endpoint: u_exact_mul/U_AIN_PL_REG/in_reg_a_reg[54]
            (rising edge-triggered flip-flop clocked by clk)
  Path Group: clk
  Path Type: min

  Des/Clust/Port     Wire Load Model       Library
  ------------------------------------------------
  exact_fp32_mul_7stage ZeroWireload       tcbn65gplustc_ccs
  exact_fp32_mul_7stage_DW_lp_piped_fp_mult_J1_0 ZeroWireload tcbn65gplustc_ccs

  Point                                                                   Incr       Path
  ------------------------------------------------------------------------------------------
  clock clk (rise edge)                                                   0.00       0.00
  clock network delay (ideal)                                             0.00       0.00
  input external delay                                                    0.02       0.02 f
  x[19] (in)                                                              0.00       0.02 f
  holdfix_inputs[19].u_x_buf/Z (BUFFD0)                                   0.03       0.05 f
  u_exact_mul/a[19] (exact_fp32_mul_7stage_DW_lp_piped_fp_mult_J1_0)      0.00       0.05 f
  u_exact_mul/U_AIN_PL_REG/in_reg_a_reg[54]/D (DFQD1)                     0.00       0.05 f
  data arrival time                                                                  0.05

  clock clk (rise edge)                                                   0.00       0.00
  clock network delay (ideal)                                             0.00       0.00
  u_exact_mul/U_AIN_PL_REG/in_reg_a_reg[54]/CP (DFQD1)                    0.00       0.00 r
  library hold time                                                       0.02       0.02
  data required time                                                                 0.02
  ------------------------------------------------------------------------------------------
  data required time                                                                 0.02
  data arrival time                                                                 -0.05
  ------------------------------------------------------------------------------------------
  slack (MET)                                                                        0.03


  Startpoint: x[18] (input port clocked by clk)
  Endpoint: u_exact_mul/U_AIN_PL_REG/in_reg_a_reg[53]
            (rising edge-triggered flip-flop clocked by clk)
  Path Group: clk
  Path Type: min

  Des/Clust/Port     Wire Load Model       Library
  ------------------------------------------------
  exact_fp32_mul_7stage ZeroWireload       tcbn65gplustc_ccs
  exact_fp32_mul_7stage_DW_lp_piped_fp_mult_J1_0 ZeroWireload tcbn65gplustc_ccs

  Point                                                                   Incr       Path
  ------------------------------------------------------------------------------------------
  clock clk (rise edge)                                                   0.00       0.00
  clock network delay (ideal)                                             0.00       0.00
  input external delay                                                    0.02       0.02 f
  x[18] (in)                                                              0.00       0.02 f
  holdfix_inputs[18].u_x_buf/Z (BUFFD0)                                   0.03       0.05 f
  u_exact_mul/a[18] (exact_fp32_mul_7stage_DW_lp_piped_fp_mult_J1_0)      0.00       0.05 f
  u_exact_mul/U_AIN_PL_REG/in_reg_a_reg[53]/D (DFQD1)                     0.00       0.05 f
  data arrival time                                                                  0.05

  clock clk (rise edge)                                                   0.00       0.00
  clock network delay (ideal)                                             0.00       0.00
  u_exact_mul/U_AIN_PL_REG/in_reg_a_reg[53]/CP (DFQD1)                    0.00       0.00 r
  library hold time                                                       0.02       0.02
  data required time                                                                 0.02
  ------------------------------------------------------------------------------------------
  data required time                                                                 0.02
  data arrival time                                                                 -0.05
  ------------------------------------------------------------------------------------------
  slack (MET)                                                                        0.03


  Startpoint: x[17] (input port clocked by clk)
  Endpoint: u_exact_mul/U_AIN_PL_REG/in_reg_a_reg[52]
            (rising edge-triggered flip-flop clocked by clk)
  Path Group: clk
  Path Type: min

  Des/Clust/Port     Wire Load Model       Library
  ------------------------------------------------
  exact_fp32_mul_7stage ZeroWireload       tcbn65gplustc_ccs
  exact_fp32_mul_7stage_DW_lp_piped_fp_mult_J1_0 ZeroWireload tcbn65gplustc_ccs

  Point                                                                   Incr       Path
  ------------------------------------------------------------------------------------------
  clock clk (rise edge)                                                   0.00       0.00
  clock network delay (ideal)                                             0.00       0.00
  input external delay                                                    0.02       0.02 f
  x[17] (in)                                                              0.00       0.02 f
  holdfix_inputs[17].u_x_buf/Z (BUFFD0)                                   0.03       0.05 f
  u_exact_mul/a[17] (exact_fp32_mul_7stage_DW_lp_piped_fp_mult_J1_0)      0.00       0.05 f
  u_exact_mul/U_AIN_PL_REG/in_reg_a_reg[52]/D (DFQD1)                     0.00       0.05 f
  data arrival time                                                                  0.05

  clock clk (rise edge)                                                   0.00       0.00
  clock network delay (ideal)                                             0.00       0.00
  u_exact_mul/U_AIN_PL_REG/in_reg_a_reg[52]/CP (DFQD1)                    0.00       0.00 r
  library hold time                                                       0.02       0.02
  data required time                                                                 0.02
  ------------------------------------------------------------------------------------------
  data required time                                                                 0.02
  data arrival time                                                                 -0.05
  ------------------------------------------------------------------------------------------
  slack (MET)                                                                        0.03


  Startpoint: x[16] (input port clocked by clk)
  Endpoint: u_exact_mul/U_AIN_PL_REG/in_reg_a_reg[51]
            (rising edge-triggered flip-flop clocked by clk)
  Path Group: clk
  Path Type: min

  Des/Clust/Port     Wire Load Model       Library
  ------------------------------------------------
  exact_fp32_mul_7stage ZeroWireload       tcbn65gplustc_ccs
  exact_fp32_mul_7stage_DW_lp_piped_fp_mult_J1_0 ZeroWireload tcbn65gplustc_ccs

  Point                                                                   Incr       Path
  ------------------------------------------------------------------------------------------
  clock clk (rise edge)                                                   0.00       0.00
  clock network delay (ideal)                                             0.00       0.00
  input external delay                                                    0.02       0.02 f
  x[16] (in)                                                              0.00       0.02 f
  holdfix_inputs[16].u_x_buf/Z (BUFFD0)                                   0.03       0.05 f
  u_exact_mul/a[16] (exact_fp32_mul_7stage_DW_lp_piped_fp_mult_J1_0)      0.00       0.05 f
  u_exact_mul/U_AIN_PL_REG/in_reg_a_reg[51]/D (DFQD1)                     0.00       0.05 f
  data arrival time                                                                  0.05

  clock clk (rise edge)                                                   0.00       0.00
  clock network delay (ideal)                                             0.00       0.00
  u_exact_mul/U_AIN_PL_REG/in_reg_a_reg[51]/CP (DFQD1)                    0.00       0.00 r
  library hold time                                                       0.02       0.02
  data required time                                                                 0.02
  ------------------------------------------------------------------------------------------
  data required time                                                                 0.02
  data arrival time                                                                 -0.05
  ------------------------------------------------------------------------------------------
  slack (MET)                                                                        0.03


  Startpoint: x[15] (input port clocked by clk)
  Endpoint: u_exact_mul/U_AIN_PL_REG/in_reg_a_reg[50]
            (rising edge-triggered flip-flop clocked by clk)
  Path Group: clk
  Path Type: min

  Des/Clust/Port     Wire Load Model       Library
  ------------------------------------------------
  exact_fp32_mul_7stage ZeroWireload       tcbn65gplustc_ccs
  exact_fp32_mul_7stage_DW_lp_piped_fp_mult_J1_0 ZeroWireload tcbn65gplustc_ccs

  Point                                                                   Incr       Path
  ------------------------------------------------------------------------------------------
  clock clk (rise edge)                                                   0.00       0.00
  clock network delay (ideal)                                             0.00       0.00
  input external delay                                                    0.02       0.02 f
  x[15] (in)                                                              0.00       0.02 f
  holdfix_inputs[15].u_x_buf/Z (BUFFD0)                                   0.03       0.05 f
  u_exact_mul/a[15] (exact_fp32_mul_7stage_DW_lp_piped_fp_mult_J1_0)      0.00       0.05 f
  u_exact_mul/U_AIN_PL_REG/in_reg_a_reg[50]/D (DFQD1)                     0.00       0.05 f
  data arrival time                                                                  0.05

  clock clk (rise edge)                                                   0.00       0.00
  clock network delay (ideal)                                             0.00       0.00
  u_exact_mul/U_AIN_PL_REG/in_reg_a_reg[50]/CP (DFQD1)                    0.00       0.00 r
  library hold time                                                       0.02       0.02
  data required time                                                                 0.02
  ------------------------------------------------------------------------------------------
  data required time                                                                 0.02
  data arrival time                                                                 -0.05
  ------------------------------------------------------------------------------------------
  slack (MET)                                                                        0.03


  Startpoint: x[14] (input port clocked by clk)
  Endpoint: u_exact_mul/U_AIN_PL_REG/in_reg_a_reg[49]
            (rising edge-triggered flip-flop clocked by clk)
  Path Group: clk
  Path Type: min

  Des/Clust/Port     Wire Load Model       Library
  ------------------------------------------------
  exact_fp32_mul_7stage ZeroWireload       tcbn65gplustc_ccs
  exact_fp32_mul_7stage_DW_lp_piped_fp_mult_J1_0 ZeroWireload tcbn65gplustc_ccs

  Point                                                                   Incr       Path
  ------------------------------------------------------------------------------------------
  clock clk (rise edge)                                                   0.00       0.00
  clock network delay (ideal)                                             0.00       0.00
  input external delay                                                    0.02       0.02 f
  x[14] (in)                                                              0.00       0.02 f
  holdfix_inputs[14].u_x_buf/Z (BUFFD0)                                   0.03       0.05 f
  u_exact_mul/a[14] (exact_fp32_mul_7stage_DW_lp_piped_fp_mult_J1_0)      0.00       0.05 f
  u_exact_mul/U_AIN_PL_REG/in_reg_a_reg[49]/D (DFQD1)                     0.00       0.05 f
  data arrival time                                                                  0.05

  clock clk (rise edge)                                                   0.00       0.00
  clock network delay (ideal)                                             0.00       0.00
  u_exact_mul/U_AIN_PL_REG/in_reg_a_reg[49]/CP (DFQD1)                    0.00       0.00 r
  library hold time                                                       0.02       0.02
  data required time                                                                 0.02
  ------------------------------------------------------------------------------------------
  data required time                                                                 0.02
  data arrival time                                                                 -0.05
  ------------------------------------------------------------------------------------------
  slack (MET)                                                                        0.03


  Startpoint: x[13] (input port clocked by clk)
  Endpoint: u_exact_mul/U_AIN_PL_REG/in_reg_a_reg[48]
            (rising edge-triggered flip-flop clocked by clk)
  Path Group: clk
  Path Type: min

  Des/Clust/Port     Wire Load Model       Library
  ------------------------------------------------
  exact_fp32_mul_7stage ZeroWireload       tcbn65gplustc_ccs
  exact_fp32_mul_7stage_DW_lp_piped_fp_mult_J1_0 ZeroWireload tcbn65gplustc_ccs

  Point                                                                   Incr       Path
  ------------------------------------------------------------------------------------------
  clock clk (rise edge)                                                   0.00       0.00
  clock network delay (ideal)                                             0.00       0.00
  input external delay                                                    0.02       0.02 f
  x[13] (in)                                                              0.00       0.02 f
  holdfix_inputs[13].u_x_buf/Z (BUFFD0)                                   0.03       0.05 f
  u_exact_mul/a[13] (exact_fp32_mul_7stage_DW_lp_piped_fp_mult_J1_0)      0.00       0.05 f
  u_exact_mul/U_AIN_PL_REG/in_reg_a_reg[48]/D (DFQD1)                     0.00       0.05 f
  data arrival time                                                                  0.05

  clock clk (rise edge)                                                   0.00       0.00
  clock network delay (ideal)                                             0.00       0.00
  u_exact_mul/U_AIN_PL_REG/in_reg_a_reg[48]/CP (DFQD1)                    0.00       0.00 r
  library hold time                                                       0.02       0.02
  data required time                                                                 0.02
  ------------------------------------------------------------------------------------------
  data required time                                                                 0.02
  data arrival time                                                                 -0.05
  ------------------------------------------------------------------------------------------
  slack (MET)                                                                        0.03


  Startpoint: x[12] (input port clocked by clk)
  Endpoint: u_exact_mul/U_AIN_PL_REG/in_reg_a_reg[47]
            (rising edge-triggered flip-flop clocked by clk)
  Path Group: clk
  Path Type: min

  Des/Clust/Port     Wire Load Model       Library
  ------------------------------------------------
  exact_fp32_mul_7stage ZeroWireload       tcbn65gplustc_ccs
  exact_fp32_mul_7stage_DW_lp_piped_fp_mult_J1_0 ZeroWireload tcbn65gplustc_ccs

  Point                                                                   Incr       Path
  ------------------------------------------------------------------------------------------
  clock clk (rise edge)                                                   0.00       0.00
  clock network delay (ideal)                                             0.00       0.00
  input external delay                                                    0.02       0.02 f
  x[12] (in)                                                              0.00       0.02 f
  holdfix_inputs[12].u_x_buf/Z (BUFFD0)                                   0.03       0.05 f
  u_exact_mul/a[12] (exact_fp32_mul_7stage_DW_lp_piped_fp_mult_J1_0)      0.00       0.05 f
  u_exact_mul/U_AIN_PL_REG/in_reg_a_reg[47]/D (DFQD1)                     0.00       0.05 f
  data arrival time                                                                  0.05

  clock clk (rise edge)                                                   0.00       0.00
  clock network delay (ideal)                                             0.00       0.00
  u_exact_mul/U_AIN_PL_REG/in_reg_a_reg[47]/CP (DFQD1)                    0.00       0.00 r
  library hold time                                                       0.02       0.02
  data required time                                                                 0.02
  ------------------------------------------------------------------------------------------
  data required time                                                                 0.02
  data arrival time                                                                 -0.05
  ------------------------------------------------------------------------------------------
  slack (MET)                                                                        0.03


  Startpoint: x[11] (input port clocked by clk)
  Endpoint: u_exact_mul/U_AIN_PL_REG/in_reg_a_reg[46]
            (rising edge-triggered flip-flop clocked by clk)
  Path Group: clk
  Path Type: min

  Des/Clust/Port     Wire Load Model       Library
  ------------------------------------------------
  exact_fp32_mul_7stage ZeroWireload       tcbn65gplustc_ccs
  exact_fp32_mul_7stage_DW_lp_piped_fp_mult_J1_0 ZeroWireload tcbn65gplustc_ccs

  Point                                                                   Incr       Path
  ------------------------------------------------------------------------------------------
  clock clk (rise edge)                                                   0.00       0.00
  clock network delay (ideal)                                             0.00       0.00
  input external delay                                                    0.02       0.02 f
  x[11] (in)                                                              0.00       0.02 f
  holdfix_inputs[11].u_x_buf/Z (BUFFD0)                                   0.03       0.05 f
  u_exact_mul/a[11] (exact_fp32_mul_7stage_DW_lp_piped_fp_mult_J1_0)      0.00       0.05 f
  u_exact_mul/U_AIN_PL_REG/in_reg_a_reg[46]/D (DFQD1)                     0.00       0.05 f
  data arrival time                                                                  0.05

  clock clk (rise edge)                                                   0.00       0.00
  clock network delay (ideal)                                             0.00       0.00
  u_exact_mul/U_AIN_PL_REG/in_reg_a_reg[46]/CP (DFQD1)                    0.00       0.00 r
  library hold time                                                       0.02       0.02
  data required time                                                                 0.02
  ------------------------------------------------------------------------------------------
  data required time                                                                 0.02
  data arrival time                                                                 -0.05
  ------------------------------------------------------------------------------------------
  slack (MET)                                                                        0.03


  Startpoint: x[10] (input port clocked by clk)
  Endpoint: u_exact_mul/U_AIN_PL_REG/in_reg_a_reg[45]
            (rising edge-triggered flip-flop clocked by clk)
  Path Group: clk
  Path Type: min

  Des/Clust/Port     Wire Load Model       Library
  ------------------------------------------------
  exact_fp32_mul_7stage ZeroWireload       tcbn65gplustc_ccs
  exact_fp32_mul_7stage_DW_lp_piped_fp_mult_J1_0 ZeroWireload tcbn65gplustc_ccs

  Point                                                                   Incr       Path
  ------------------------------------------------------------------------------------------
  clock clk (rise edge)                                                   0.00       0.00
  clock network delay (ideal)                                             0.00       0.00
  input external delay                                                    0.02       0.02 f
  x[10] (in)                                                              0.00       0.02 f
  holdfix_inputs[10].u_x_buf/Z (BUFFD0)                                   0.03       0.05 f
  u_exact_mul/a[10] (exact_fp32_mul_7stage_DW_lp_piped_fp_mult_J1_0)      0.00       0.05 f
  u_exact_mul/U_AIN_PL_REG/in_reg_a_reg[45]/D (DFQD1)                     0.00       0.05 f
  data arrival time                                                                  0.05

  clock clk (rise edge)                                                   0.00       0.00
  clock network delay (ideal)                                             0.00       0.00
  u_exact_mul/U_AIN_PL_REG/in_reg_a_reg[45]/CP (DFQD1)                    0.00       0.00 r
  library hold time                                                       0.02       0.02
  data required time                                                                 0.02
  ------------------------------------------------------------------------------------------
  data required time                                                                 0.02
  data arrival time                                                                 -0.05
  ------------------------------------------------------------------------------------------
  slack (MET)                                                                        0.03


  Startpoint: x[9] (input port clocked by clk)
  Endpoint: u_exact_mul/U_AIN_PL_REG/in_reg_a_reg[44]
            (rising edge-triggered flip-flop clocked by clk)
  Path Group: clk
  Path Type: min

  Des/Clust/Port     Wire Load Model       Library
  ------------------------------------------------
  exact_fp32_mul_7stage ZeroWireload       tcbn65gplustc_ccs
  exact_fp32_mul_7stage_DW_lp_piped_fp_mult_J1_0 ZeroWireload tcbn65gplustc_ccs

  Point                                                                  Incr       Path
  -----------------------------------------------------------------------------------------
  clock clk (rise edge)                                                  0.00       0.00
  clock network delay (ideal)                                            0.00       0.00
  input external delay                                                   0.02       0.02 f
  x[9] (in)                                                              0.00       0.02 f
  holdfix_inputs[9].u_x_buf/Z (BUFFD0)                                   0.03       0.05 f
  u_exact_mul/a[9] (exact_fp32_mul_7stage_DW_lp_piped_fp_mult_J1_0)      0.00       0.05 f
  u_exact_mul/U_AIN_PL_REG/in_reg_a_reg[44]/D (DFQD1)                    0.00       0.05 f
  data arrival time                                                                 0.05

  clock clk (rise edge)                                                  0.00       0.00
  clock network delay (ideal)                                            0.00       0.00
  u_exact_mul/U_AIN_PL_REG/in_reg_a_reg[44]/CP (DFQD1)                   0.00       0.00 r
  library hold time                                                      0.02       0.02
  data required time                                                                0.02
  -----------------------------------------------------------------------------------------
  data required time                                                                0.02
  data arrival time                                                                -0.05
  -----------------------------------------------------------------------------------------
  slack (MET)                                                                       0.03


  Startpoint: x[8] (input port clocked by clk)
  Endpoint: u_exact_mul/U_AIN_PL_REG/in_reg_a_reg[43]
            (rising edge-triggered flip-flop clocked by clk)
  Path Group: clk
  Path Type: min

  Des/Clust/Port     Wire Load Model       Library
  ------------------------------------------------
  exact_fp32_mul_7stage ZeroWireload       tcbn65gplustc_ccs
  exact_fp32_mul_7stage_DW_lp_piped_fp_mult_J1_0 ZeroWireload tcbn65gplustc_ccs

  Point                                                                  Incr       Path
  -----------------------------------------------------------------------------------------
  clock clk (rise edge)                                                  0.00       0.00
  clock network delay (ideal)                                            0.00       0.00
  input external delay                                                   0.02       0.02 f
  x[8] (in)                                                              0.00       0.02 f
  holdfix_inputs[8].u_x_buf/Z (BUFFD0)                                   0.03       0.05 f
  u_exact_mul/a[8] (exact_fp32_mul_7stage_DW_lp_piped_fp_mult_J1_0)      0.00       0.05 f
  u_exact_mul/U_AIN_PL_REG/in_reg_a_reg[43]/D (DFQD1)                    0.00       0.05 f
  data arrival time                                                                 0.05

  clock clk (rise edge)                                                  0.00       0.00
  clock network delay (ideal)                                            0.00       0.00
  u_exact_mul/U_AIN_PL_REG/in_reg_a_reg[43]/CP (DFQD1)                   0.00       0.00 r
  library hold time                                                      0.02       0.02
  data required time                                                                0.02
  -----------------------------------------------------------------------------------------
  data required time                                                                0.02
  data arrival time                                                                -0.05
  -----------------------------------------------------------------------------------------
  slack (MET)                                                                       0.03


  Startpoint: x[7] (input port clocked by clk)
  Endpoint: u_exact_mul/U_AIN_PL_REG/in_reg_a_reg[42]
            (rising edge-triggered flip-flop clocked by clk)
  Path Group: clk
  Path Type: min

  Des/Clust/Port     Wire Load Model       Library
  ------------------------------------------------
  exact_fp32_mul_7stage ZeroWireload       tcbn65gplustc_ccs
  exact_fp32_mul_7stage_DW_lp_piped_fp_mult_J1_0 ZeroWireload tcbn65gplustc_ccs

  Point                                                                  Incr       Path
  -----------------------------------------------------------------------------------------
  clock clk (rise edge)                                                  0.00       0.00
  clock network delay (ideal)                                            0.00       0.00
  input external delay                                                   0.02       0.02 f
  x[7] (in)                                                              0.00       0.02 f
  holdfix_inputs[7].u_x_buf/Z (BUFFD0)                                   0.03       0.05 f
  u_exact_mul/a[7] (exact_fp32_mul_7stage_DW_lp_piped_fp_mult_J1_0)      0.00       0.05 f
  u_exact_mul/U_AIN_PL_REG/in_reg_a_reg[42]/D (DFQD1)                    0.00       0.05 f
  data arrival time                                                                 0.05

  clock clk (rise edge)                                                  0.00       0.00
  clock network delay (ideal)                                            0.00       0.00
  u_exact_mul/U_AIN_PL_REG/in_reg_a_reg[42]/CP (DFQD1)                   0.00       0.00 r
  library hold time                                                      0.02       0.02
  data required time                                                                0.02
  -----------------------------------------------------------------------------------------
  data required time                                                                0.02
  data arrival time                                                                -0.05
  -----------------------------------------------------------------------------------------
  slack (MET)                                                                       0.03


  Startpoint: x[6] (input port clocked by clk)
  Endpoint: u_exact_mul/U_AIN_PL_REG/in_reg_a_reg[41]
            (rising edge-triggered flip-flop clocked by clk)
  Path Group: clk
  Path Type: min

  Des/Clust/Port     Wire Load Model       Library
  ------------------------------------------------
  exact_fp32_mul_7stage ZeroWireload       tcbn65gplustc_ccs
  exact_fp32_mul_7stage_DW_lp_piped_fp_mult_J1_0 ZeroWireload tcbn65gplustc_ccs

  Point                                                                  Incr       Path
  -----------------------------------------------------------------------------------------
  clock clk (rise edge)                                                  0.00       0.00
  clock network delay (ideal)                                            0.00       0.00
  input external delay                                                   0.02       0.02 f
  x[6] (in)                                                              0.00       0.02 f
  holdfix_inputs[6].u_x_buf/Z (BUFFD0)                                   0.03       0.05 f
  u_exact_mul/a[6] (exact_fp32_mul_7stage_DW_lp_piped_fp_mult_J1_0)      0.00       0.05 f
  u_exact_mul/U_AIN_PL_REG/in_reg_a_reg[41]/D (DFQD1)                    0.00       0.05 f
  data arrival time                                                                 0.05

  clock clk (rise edge)                                                  0.00       0.00
  clock network delay (ideal)                                            0.00       0.00
  u_exact_mul/U_AIN_PL_REG/in_reg_a_reg[41]/CP (DFQD1)                   0.00       0.00 r
  library hold time                                                      0.02       0.02
  data required time                                                                0.02
  -----------------------------------------------------------------------------------------
  data required time                                                                0.02
  data arrival time                                                                -0.05
  -----------------------------------------------------------------------------------------
  slack (MET)                                                                       0.03


  Startpoint: x[5] (input port clocked by clk)
  Endpoint: u_exact_mul/U_AIN_PL_REG/in_reg_a_reg[40]
            (rising edge-triggered flip-flop clocked by clk)
  Path Group: clk
  Path Type: min

  Des/Clust/Port     Wire Load Model       Library
  ------------------------------------------------
  exact_fp32_mul_7stage ZeroWireload       tcbn65gplustc_ccs
  exact_fp32_mul_7stage_DW_lp_piped_fp_mult_J1_0 ZeroWireload tcbn65gplustc_ccs

  Point                                                                  Incr       Path
  -----------------------------------------------------------------------------------------
  clock clk (rise edge)                                                  0.00       0.00
  clock network delay (ideal)                                            0.00       0.00
  input external delay                                                   0.02       0.02 f
  x[5] (in)                                                              0.00       0.02 f
  holdfix_inputs[5].u_x_buf/Z (BUFFD0)                                   0.03       0.05 f
  u_exact_mul/a[5] (exact_fp32_mul_7stage_DW_lp_piped_fp_mult_J1_0)      0.00       0.05 f
  u_exact_mul/U_AIN_PL_REG/in_reg_a_reg[40]/D (DFQD1)                    0.00       0.05 f
  data arrival time                                                                 0.05

  clock clk (rise edge)                                                  0.00       0.00
  clock network delay (ideal)                                            0.00       0.00
  u_exact_mul/U_AIN_PL_REG/in_reg_a_reg[40]/CP (DFQD1)                   0.00       0.00 r
  library hold time                                                      0.02       0.02
  data required time                                                                0.02
  -----------------------------------------------------------------------------------------
  data required time                                                                0.02
  data arrival time                                                                -0.05
  -----------------------------------------------------------------------------------------
  slack (MET)                                                                       0.03


  Startpoint: x[4] (input port clocked by clk)
  Endpoint: u_exact_mul/U_AIN_PL_REG/in_reg_a_reg[39]
            (rising edge-triggered flip-flop clocked by clk)
  Path Group: clk
  Path Type: min

  Des/Clust/Port     Wire Load Model       Library
  ------------------------------------------------
  exact_fp32_mul_7stage ZeroWireload       tcbn65gplustc_ccs
  exact_fp32_mul_7stage_DW_lp_piped_fp_mult_J1_0 ZeroWireload tcbn65gplustc_ccs

  Point                                                                  Incr       Path
  -----------------------------------------------------------------------------------------
  clock clk (rise edge)                                                  0.00       0.00
  clock network delay (ideal)                                            0.00       0.00
  input external delay                                                   0.02       0.02 f
  x[4] (in)                                                              0.00       0.02 f
  holdfix_inputs[4].u_x_buf/Z (BUFFD0)                                   0.03       0.05 f
  u_exact_mul/a[4] (exact_fp32_mul_7stage_DW_lp_piped_fp_mult_J1_0)      0.00       0.05 f
  u_exact_mul/U_AIN_PL_REG/in_reg_a_reg[39]/D (DFQD1)                    0.00       0.05 f
  data arrival time                                                                 0.05

  clock clk (rise edge)                                                  0.00       0.00
  clock network delay (ideal)                                            0.00       0.00
  u_exact_mul/U_AIN_PL_REG/in_reg_a_reg[39]/CP (DFQD1)                   0.00       0.00 r
  library hold time                                                      0.02       0.02
  data required time                                                                0.02
  -----------------------------------------------------------------------------------------
  data required time                                                                0.02
  data arrival time                                                                -0.05
  -----------------------------------------------------------------------------------------
  slack (MET)                                                                       0.03


  Startpoint: x[3] (input port clocked by clk)
  Endpoint: u_exact_mul/U_AIN_PL_REG/in_reg_a_reg[38]
            (rising edge-triggered flip-flop clocked by clk)
  Path Group: clk
  Path Type: min

  Des/Clust/Port     Wire Load Model       Library
  ------------------------------------------------
  exact_fp32_mul_7stage ZeroWireload       tcbn65gplustc_ccs
  exact_fp32_mul_7stage_DW_lp_piped_fp_mult_J1_0 ZeroWireload tcbn65gplustc_ccs

  Point                                                                  Incr       Path
  -----------------------------------------------------------------------------------------
  clock clk (rise edge)                                                  0.00       0.00
  clock network delay (ideal)                                            0.00       0.00
  input external delay                                                   0.02       0.02 f
  x[3] (in)                                                              0.00       0.02 f
  holdfix_inputs[3].u_x_buf/Z (BUFFD0)                                   0.03       0.05 f
  u_exact_mul/a[3] (exact_fp32_mul_7stage_DW_lp_piped_fp_mult_J1_0)      0.00       0.05 f
  u_exact_mul/U_AIN_PL_REG/in_reg_a_reg[38]/D (DFQD1)                    0.00       0.05 f
  data arrival time                                                                 0.05

  clock clk (rise edge)                                                  0.00       0.00
  clock network delay (ideal)                                            0.00       0.00
  u_exact_mul/U_AIN_PL_REG/in_reg_a_reg[38]/CP (DFQD1)                   0.00       0.00 r
  library hold time                                                      0.02       0.02
  data required time                                                                0.02
  -----------------------------------------------------------------------------------------
  data required time                                                                0.02
  data arrival time                                                                -0.05
  -----------------------------------------------------------------------------------------
  slack (MET)                                                                       0.03


  Startpoint: x[2] (input port clocked by clk)
  Endpoint: u_exact_mul/U_AIN_PL_REG/in_reg_a_reg[37]
            (rising edge-triggered flip-flop clocked by clk)
  Path Group: clk
  Path Type: min

  Des/Clust/Port     Wire Load Model       Library
  ------------------------------------------------
  exact_fp32_mul_7stage ZeroWireload       tcbn65gplustc_ccs
  exact_fp32_mul_7stage_DW_lp_piped_fp_mult_J1_0 ZeroWireload tcbn65gplustc_ccs

  Point                                                                  Incr       Path
  -----------------------------------------------------------------------------------------
  clock clk (rise edge)                                                  0.00       0.00
  clock network delay (ideal)                                            0.00       0.00
  input external delay                                                   0.02       0.02 f
  x[2] (in)                                                              0.00       0.02 f
  holdfix_inputs[2].u_x_buf/Z (BUFFD0)                                   0.03       0.05 f
  u_exact_mul/a[2] (exact_fp32_mul_7stage_DW_lp_piped_fp_mult_J1_0)      0.00       0.05 f
  u_exact_mul/U_AIN_PL_REG/in_reg_a_reg[37]/D (DFQD1)                    0.00       0.05 f
  data arrival time                                                                 0.05

  clock clk (rise edge)                                                  0.00       0.00
  clock network delay (ideal)                                            0.00       0.00
  u_exact_mul/U_AIN_PL_REG/in_reg_a_reg[37]/CP (DFQD1)                   0.00       0.00 r
  library hold time                                                      0.02       0.02
  data required time                                                                0.02
  -----------------------------------------------------------------------------------------
  data required time                                                                0.02
  data arrival time                                                                -0.05
  -----------------------------------------------------------------------------------------
  slack (MET)                                                                       0.03


  Startpoint: x[1] (input port clocked by clk)
  Endpoint: u_exact_mul/U_AIN_PL_REG/in_reg_a_reg[36]
            (rising edge-triggered flip-flop clocked by clk)
  Path Group: clk
  Path Type: min

  Des/Clust/Port     Wire Load Model       Library
  ------------------------------------------------
  exact_fp32_mul_7stage ZeroWireload       tcbn65gplustc_ccs
  exact_fp32_mul_7stage_DW_lp_piped_fp_mult_J1_0 ZeroWireload tcbn65gplustc_ccs

  Point                                                                  Incr       Path
  -----------------------------------------------------------------------------------------
  clock clk (rise edge)                                                  0.00       0.00
  clock network delay (ideal)                                            0.00       0.00
  input external delay                                                   0.02       0.02 f
  x[1] (in)                                                              0.00       0.02 f
  holdfix_inputs[1].u_x_buf/Z (BUFFD0)                                   0.03       0.05 f
  u_exact_mul/a[1] (exact_fp32_mul_7stage_DW_lp_piped_fp_mult_J1_0)      0.00       0.05 f
  u_exact_mul/U_AIN_PL_REG/in_reg_a_reg[36]/D (DFQD1)                    0.00       0.05 f
  data arrival time                                                                 0.05

  clock clk (rise edge)                                                  0.00       0.00
  clock network delay (ideal)                                            0.00       0.00
  u_exact_mul/U_AIN_PL_REG/in_reg_a_reg[36]/CP (DFQD1)                   0.00       0.00 r
  library hold time                                                      0.02       0.02
  data required time                                                                0.02
  -----------------------------------------------------------------------------------------
  data required time                                                                0.02
  data arrival time                                                                -0.05
  -----------------------------------------------------------------------------------------
  slack (MET)                                                                       0.03


  Startpoint: x[0] (input port clocked by clk)
  Endpoint: u_exact_mul/U_AIN_PL_REG/in_reg_a_reg[35]
            (rising edge-triggered flip-flop clocked by clk)
  Path Group: clk
  Path Type: min

  Des/Clust/Port     Wire Load Model       Library
  ------------------------------------------------
  exact_fp32_mul_7stage ZeroWireload       tcbn65gplustc_ccs
  exact_fp32_mul_7stage_DW_lp_piped_fp_mult_J1_0 ZeroWireload tcbn65gplustc_ccs

  Point                                                                  Incr       Path
  -----------------------------------------------------------------------------------------
  clock clk (rise edge)                                                  0.00       0.00
  clock network delay (ideal)                                            0.00       0.00
  input external delay                                                   0.02       0.02 f
  x[0] (in)                                                              0.00       0.02 f
  holdfix_inputs[0].u_x_buf/Z (BUFFD0)                                   0.03       0.05 f
  u_exact_mul/a[0] (exact_fp32_mul_7stage_DW_lp_piped_fp_mult_J1_0)      0.00       0.05 f
  u_exact_mul/U_AIN_PL_REG/in_reg_a_reg[35]/D (DFQD1)                    0.00       0.05 f
  data arrival time                                                                 0.05

  clock clk (rise edge)                                                  0.00       0.00
  clock network delay (ideal)                                            0.00       0.00
  u_exact_mul/U_AIN_PL_REG/in_reg_a_reg[35]/CP (DFQD1)                   0.00       0.00 r
  library hold time                                                      0.02       0.02
  data required time                                                                0.02
  -----------------------------------------------------------------------------------------
  data required time                                                                0.02
  data arrival time                                                                -0.05
  -----------------------------------------------------------------------------------------
  slack (MET)                                                                       0.03


  Startpoint: y[31] (input port clocked by clk)
  Endpoint: u_exact_mul/U_AIN_PL_REG/in_reg_a_reg[34]
            (rising edge-triggered flip-flop clocked by clk)
  Path Group: clk
  Path Type: min

  Des/Clust/Port     Wire Load Model       Library
  ------------------------------------------------
  exact_fp32_mul_7stage ZeroWireload       tcbn65gplustc_ccs
  exact_fp32_mul_7stage_DW_lp_piped_fp_mult_J1_0 ZeroWireload tcbn65gplustc_ccs

  Point                                                                   Incr       Path
  ------------------------------------------------------------------------------------------
  clock clk (rise edge)                                                   0.00       0.00
  clock network delay (ideal)                                             0.00       0.00
  input external delay                                                    0.02       0.02 f
  y[31] (in)                                                              0.00       0.02 f
  holdfix_inputs[31].u_y_buf/Z (BUFFD0)                                   0.03       0.05 f
  u_exact_mul/b[31] (exact_fp32_mul_7stage_DW_lp_piped_fp_mult_J1_0)      0.00       0.05 f
  u_exact_mul/U_AIN_PL_REG/in_reg_a_reg[34]/D (DFQD1)                     0.00       0.05 f
  data arrival time                                                                  0.05

  clock clk (rise edge)                                                   0.00       0.00
  clock network delay (ideal)                                             0.00       0.00
  u_exact_mul/U_AIN_PL_REG/in_reg_a_reg[34]/CP (DFQD1)                    0.00       0.00 r
  library hold time                                                       0.02       0.02
  data required time                                                                 0.02
  ------------------------------------------------------------------------------------------
  data required time                                                                 0.02
  data arrival time                                                                 -0.05
  ------------------------------------------------------------------------------------------
  slack (MET)                                                                        0.03


  Startpoint: y[30] (input port clocked by clk)
  Endpoint: u_exact_mul/U_AIN_PL_REG/in_reg_a_reg[33]
            (rising edge-triggered flip-flop clocked by clk)
  Path Group: clk
  Path Type: min

  Des/Clust/Port     Wire Load Model       Library
  ------------------------------------------------
  exact_fp32_mul_7stage ZeroWireload       tcbn65gplustc_ccs
  exact_fp32_mul_7stage_DW_lp_piped_fp_mult_J1_0 ZeroWireload tcbn65gplustc_ccs

  Point                                                                   Incr       Path
  ------------------------------------------------------------------------------------------
  clock clk (rise edge)                                                   0.00       0.00
  clock network delay (ideal)                                             0.00       0.00
  input external delay                                                    0.02       0.02 f
  y[30] (in)                                                              0.00       0.02 f
  holdfix_inputs[30].u_y_buf/Z (BUFFD0)                                   0.03       0.05 f
  u_exact_mul/b[30] (exact_fp32_mul_7stage_DW_lp_piped_fp_mult_J1_0)      0.00       0.05 f
  u_exact_mul/U_AIN_PL_REG/in_reg_a_reg[33]/D (DFQD1)                     0.00       0.05 f
  data arrival time                                                                  0.05

  clock clk (rise edge)                                                   0.00       0.00
  clock network delay (ideal)                                             0.00       0.00
  u_exact_mul/U_AIN_PL_REG/in_reg_a_reg[33]/CP (DFQD1)                    0.00       0.00 r
  library hold time                                                       0.02       0.02
  data required time                                                                 0.02
  ------------------------------------------------------------------------------------------
  data required time                                                                 0.02
  data arrival time                                                                 -0.05
  ------------------------------------------------------------------------------------------
  slack (MET)                                                                        0.03


  Startpoint: y[29] (input port clocked by clk)
  Endpoint: u_exact_mul/U_AIN_PL_REG/in_reg_a_reg[32]
            (rising edge-triggered flip-flop clocked by clk)
  Path Group: clk
  Path Type: min

  Des/Clust/Port     Wire Load Model       Library
  ------------------------------------------------
  exact_fp32_mul_7stage ZeroWireload       tcbn65gplustc_ccs
  exact_fp32_mul_7stage_DW_lp_piped_fp_mult_J1_0 ZeroWireload tcbn65gplustc_ccs

  Point                                                                   Incr       Path
  ------------------------------------------------------------------------------------------
  clock clk (rise edge)                                                   0.00       0.00
  clock network delay (ideal)                                             0.00       0.00
  input external delay                                                    0.02       0.02 f
  y[29] (in)                                                              0.00       0.02 f
  holdfix_inputs[29].u_y_buf/Z (BUFFD0)                                   0.03       0.05 f
  u_exact_mul/b[29] (exact_fp32_mul_7stage_DW_lp_piped_fp_mult_J1_0)      0.00       0.05 f
  u_exact_mul/U_AIN_PL_REG/in_reg_a_reg[32]/D (DFQD1)                     0.00       0.05 f
  data arrival time                                                                  0.05

  clock clk (rise edge)                                                   0.00       0.00
  clock network delay (ideal)                                             0.00       0.00
  u_exact_mul/U_AIN_PL_REG/in_reg_a_reg[32]/CP (DFQD1)                    0.00       0.00 r
  library hold time                                                       0.02       0.02
  data required time                                                                 0.02
  ------------------------------------------------------------------------------------------
  data required time                                                                 0.02
  data arrival time                                                                 -0.05
  ------------------------------------------------------------------------------------------
  slack (MET)                                                                        0.03


  Startpoint: y[28] (input port clocked by clk)
  Endpoint: u_exact_mul/U_AIN_PL_REG/in_reg_a_reg[31]
            (rising edge-triggered flip-flop clocked by clk)
  Path Group: clk
  Path Type: min

  Des/Clust/Port     Wire Load Model       Library
  ------------------------------------------------
  exact_fp32_mul_7stage ZeroWireload       tcbn65gplustc_ccs
  exact_fp32_mul_7stage_DW_lp_piped_fp_mult_J1_0 ZeroWireload tcbn65gplustc_ccs

  Point                                                                   Incr       Path
  ------------------------------------------------------------------------------------------
  clock clk (rise edge)                                                   0.00       0.00
  clock network delay (ideal)                                             0.00       0.00
  input external delay                                                    0.02       0.02 f
  y[28] (in)                                                              0.00       0.02 f
  holdfix_inputs[28].u_y_buf/Z (BUFFD0)                                   0.03       0.05 f
  u_exact_mul/b[28] (exact_fp32_mul_7stage_DW_lp_piped_fp_mult_J1_0)      0.00       0.05 f
  u_exact_mul/U_AIN_PL_REG/in_reg_a_reg[31]/D (DFQD1)                     0.00       0.05 f
  data arrival time                                                                  0.05

  clock clk (rise edge)                                                   0.00       0.00
  clock network delay (ideal)                                             0.00       0.00
  u_exact_mul/U_AIN_PL_REG/in_reg_a_reg[31]/CP (DFQD1)                    0.00       0.00 r
  library hold time                                                       0.02       0.02
  data required time                                                                 0.02
  ------------------------------------------------------------------------------------------
  data required time                                                                 0.02
  data arrival time                                                                 -0.05
  ------------------------------------------------------------------------------------------
  slack (MET)                                                                        0.03


  Startpoint: y[27] (input port clocked by clk)
  Endpoint: u_exact_mul/U_AIN_PL_REG/in_reg_a_reg[30]
            (rising edge-triggered flip-flop clocked by clk)
  Path Group: clk
  Path Type: min

  Des/Clust/Port     Wire Load Model       Library
  ------------------------------------------------
  exact_fp32_mul_7stage ZeroWireload       tcbn65gplustc_ccs
  exact_fp32_mul_7stage_DW_lp_piped_fp_mult_J1_0 ZeroWireload tcbn65gplustc_ccs

  Point                                                                   Incr       Path
  ------------------------------------------------------------------------------------------
  clock clk (rise edge)                                                   0.00       0.00
  clock network delay (ideal)                                             0.00       0.00
  input external delay                                                    0.02       0.02 f
  y[27] (in)                                                              0.00       0.02 f
  holdfix_inputs[27].u_y_buf/Z (BUFFD0)                                   0.03       0.05 f
  u_exact_mul/b[27] (exact_fp32_mul_7stage_DW_lp_piped_fp_mult_J1_0)      0.00       0.05 f
  u_exact_mul/U_AIN_PL_REG/in_reg_a_reg[30]/D (DFQD1)                     0.00       0.05 f
  data arrival time                                                                  0.05

  clock clk (rise edge)                                                   0.00       0.00
  clock network delay (ideal)                                             0.00       0.00
  u_exact_mul/U_AIN_PL_REG/in_reg_a_reg[30]/CP (DFQD1)                    0.00       0.00 r
  library hold time                                                       0.02       0.02
  data required time                                                                 0.02
  ------------------------------------------------------------------------------------------
  data required time                                                                 0.02
  data arrival time                                                                 -0.05
  ------------------------------------------------------------------------------------------
  slack (MET)                                                                        0.03


  Startpoint: y[26] (input port clocked by clk)
  Endpoint: u_exact_mul/U_AIN_PL_REG/in_reg_a_reg[29]
            (rising edge-triggered flip-flop clocked by clk)
  Path Group: clk
  Path Type: min

  Des/Clust/Port     Wire Load Model       Library
  ------------------------------------------------
  exact_fp32_mul_7stage ZeroWireload       tcbn65gplustc_ccs
  exact_fp32_mul_7stage_DW_lp_piped_fp_mult_J1_0 ZeroWireload tcbn65gplustc_ccs

  Point                                                                   Incr       Path
  ------------------------------------------------------------------------------------------
  clock clk (rise edge)                                                   0.00       0.00
  clock network delay (ideal)                                             0.00       0.00
  input external delay                                                    0.02       0.02 f
  y[26] (in)                                                              0.00       0.02 f
  holdfix_inputs[26].u_y_buf/Z (BUFFD0)                                   0.03       0.05 f
  u_exact_mul/b[26] (exact_fp32_mul_7stage_DW_lp_piped_fp_mult_J1_0)      0.00       0.05 f
  u_exact_mul/U_AIN_PL_REG/in_reg_a_reg[29]/D (DFQD1)                     0.00       0.05 f
  data arrival time                                                                  0.05

  clock clk (rise edge)                                                   0.00       0.00
  clock network delay (ideal)                                             0.00       0.00
  u_exact_mul/U_AIN_PL_REG/in_reg_a_reg[29]/CP (DFQD1)                    0.00       0.00 r
  library hold time                                                       0.02       0.02
  data required time                                                                 0.02
  ------------------------------------------------------------------------------------------
  data required time                                                                 0.02
  data arrival time                                                                 -0.05
  ------------------------------------------------------------------------------------------
  slack (MET)                                                                        0.03


  Startpoint: y[25] (input port clocked by clk)
  Endpoint: u_exact_mul/U_AIN_PL_REG/in_reg_a_reg[28]
            (rising edge-triggered flip-flop clocked by clk)
  Path Group: clk
  Path Type: min

  Des/Clust/Port     Wire Load Model       Library
  ------------------------------------------------
  exact_fp32_mul_7stage ZeroWireload       tcbn65gplustc_ccs
  exact_fp32_mul_7stage_DW_lp_piped_fp_mult_J1_0 ZeroWireload tcbn65gplustc_ccs

  Point                                                                   Incr       Path
  ------------------------------------------------------------------------------------------
  clock clk (rise edge)                                                   0.00       0.00
  clock network delay (ideal)                                             0.00       0.00
  input external delay                                                    0.02       0.02 f
  y[25] (in)                                                              0.00       0.02 f
  holdfix_inputs[25].u_y_buf/Z (BUFFD0)                                   0.03       0.05 f
  u_exact_mul/b[25] (exact_fp32_mul_7stage_DW_lp_piped_fp_mult_J1_0)      0.00       0.05 f
  u_exact_mul/U_AIN_PL_REG/in_reg_a_reg[28]/D (DFQD1)                     0.00       0.05 f
  data arrival time                                                                  0.05

  clock clk (rise edge)                                                   0.00       0.00
  clock network delay (ideal)                                             0.00       0.00
  u_exact_mul/U_AIN_PL_REG/in_reg_a_reg[28]/CP (DFQD1)                    0.00       0.00 r
  library hold time                                                       0.02       0.02
  data required time                                                                 0.02
  ------------------------------------------------------------------------------------------
  data required time                                                                 0.02
  data arrival time                                                                 -0.05
  ------------------------------------------------------------------------------------------
  slack (MET)                                                                        0.03


  Startpoint: y[24] (input port clocked by clk)
  Endpoint: u_exact_mul/U_AIN_PL_REG/in_reg_a_reg[27]
            (rising edge-triggered flip-flop clocked by clk)
  Path Group: clk
  Path Type: min

  Des/Clust/Port     Wire Load Model       Library
  ------------------------------------------------
  exact_fp32_mul_7stage ZeroWireload       tcbn65gplustc_ccs
  exact_fp32_mul_7stage_DW_lp_piped_fp_mult_J1_0 ZeroWireload tcbn65gplustc_ccs

  Point                                                                   Incr       Path
  ------------------------------------------------------------------------------------------
  clock clk (rise edge)                                                   0.00       0.00
  clock network delay (ideal)                                             0.00       0.00
  input external delay                                                    0.02       0.02 f
  y[24] (in)                                                              0.00       0.02 f
  holdfix_inputs[24].u_y_buf/Z (BUFFD0)                                   0.03       0.05 f
  u_exact_mul/b[24] (exact_fp32_mul_7stage_DW_lp_piped_fp_mult_J1_0)      0.00       0.05 f
  u_exact_mul/U_AIN_PL_REG/in_reg_a_reg[27]/D (DFQD1)                     0.00       0.05 f
  data arrival time                                                                  0.05

  clock clk (rise edge)                                                   0.00       0.00
  clock network delay (ideal)                                             0.00       0.00
  u_exact_mul/U_AIN_PL_REG/in_reg_a_reg[27]/CP (DFQD1)                    0.00       0.00 r
  library hold time                                                       0.02       0.02
  data required time                                                                 0.02
  ------------------------------------------------------------------------------------------
  data required time                                                                 0.02
  data arrival time                                                                 -0.05
  ------------------------------------------------------------------------------------------
  slack (MET)                                                                        0.03


  Startpoint: y[23] (input port clocked by clk)
  Endpoint: u_exact_mul/U_AIN_PL_REG/in_reg_a_reg[26]
            (rising edge-triggered flip-flop clocked by clk)
  Path Group: clk
  Path Type: min

  Des/Clust/Port     Wire Load Model       Library
  ------------------------------------------------
  exact_fp32_mul_7stage ZeroWireload       tcbn65gplustc_ccs
  exact_fp32_mul_7stage_DW_lp_piped_fp_mult_J1_0 ZeroWireload tcbn65gplustc_ccs

  Point                                                                   Incr       Path
  ------------------------------------------------------------------------------------------
  clock clk (rise edge)                                                   0.00       0.00
  clock network delay (ideal)                                             0.00       0.00
  input external delay                                                    0.02       0.02 f
  y[23] (in)                                                              0.00       0.02 f
  holdfix_inputs[23].u_y_buf/Z (BUFFD0)                                   0.03       0.05 f
  u_exact_mul/b[23] (exact_fp32_mul_7stage_DW_lp_piped_fp_mult_J1_0)      0.00       0.05 f
  u_exact_mul/U_AIN_PL_REG/in_reg_a_reg[26]/D (DFQD1)                     0.00       0.05 f
  data arrival time                                                                  0.05

  clock clk (rise edge)                                                   0.00       0.00
  clock network delay (ideal)                                             0.00       0.00
  u_exact_mul/U_AIN_PL_REG/in_reg_a_reg[26]/CP (DFQD1)                    0.00       0.00 r
  library hold time                                                       0.02       0.02
  data required time                                                                 0.02
  ------------------------------------------------------------------------------------------
  data required time                                                                 0.02
  data arrival time                                                                 -0.05
  ------------------------------------------------------------------------------------------
  slack (MET)                                                                        0.03


  Startpoint: y[22] (input port clocked by clk)
  Endpoint: u_exact_mul/U_AIN_PL_REG/in_reg_a_reg[25]
            (rising edge-triggered flip-flop clocked by clk)
  Path Group: clk
  Path Type: min

  Des/Clust/Port     Wire Load Model       Library
  ------------------------------------------------
  exact_fp32_mul_7stage ZeroWireload       tcbn65gplustc_ccs
  exact_fp32_mul_7stage_DW_lp_piped_fp_mult_J1_0 ZeroWireload tcbn65gplustc_ccs

  Point                                                                   Incr       Path
  ------------------------------------------------------------------------------------------
  clock clk (rise edge)                                                   0.00       0.00
  clock network delay (ideal)                                             0.00       0.00
  input external delay                                                    0.02       0.02 f
  y[22] (in)                                                              0.00       0.02 f
  holdfix_inputs[22].u_y_buf/Z (BUFFD0)                                   0.03       0.05 f
  u_exact_mul/b[22] (exact_fp32_mul_7stage_DW_lp_piped_fp_mult_J1_0)      0.00       0.05 f
  u_exact_mul/U_AIN_PL_REG/in_reg_a_reg[25]/D (DFQD1)                     0.00       0.05 f
  data arrival time                                                                  0.05

  clock clk (rise edge)                                                   0.00       0.00
  clock network delay (ideal)                                             0.00       0.00
  u_exact_mul/U_AIN_PL_REG/in_reg_a_reg[25]/CP (DFQD1)                    0.00       0.00 r
  library hold time                                                       0.02       0.02
  data required time                                                                 0.02
  ------------------------------------------------------------------------------------------
  data required time                                                                 0.02
  data arrival time                                                                 -0.05
  ------------------------------------------------------------------------------------------
  slack (MET)                                                                        0.03


  Startpoint: y[21] (input port clocked by clk)
  Endpoint: u_exact_mul/U_AIN_PL_REG/in_reg_a_reg[24]
            (rising edge-triggered flip-flop clocked by clk)
  Path Group: clk
  Path Type: min

  Des/Clust/Port     Wire Load Model       Library
  ------------------------------------------------
  exact_fp32_mul_7stage ZeroWireload       tcbn65gplustc_ccs
  exact_fp32_mul_7stage_DW_lp_piped_fp_mult_J1_0 ZeroWireload tcbn65gplustc_ccs

  Point                                                                   Incr       Path
  ------------------------------------------------------------------------------------------
  clock clk (rise edge)                                                   0.00       0.00
  clock network delay (ideal)                                             0.00       0.00
  input external delay                                                    0.02       0.02 f
  y[21] (in)                                                              0.00       0.02 f
  holdfix_inputs[21].u_y_buf/Z (BUFFD0)                                   0.03       0.05 f
  u_exact_mul/b[21] (exact_fp32_mul_7stage_DW_lp_piped_fp_mult_J1_0)      0.00       0.05 f
  u_exact_mul/U_AIN_PL_REG/in_reg_a_reg[24]/D (DFQD1)                     0.00       0.05 f
  data arrival time                                                                  0.05

  clock clk (rise edge)                                                   0.00       0.00
  clock network delay (ideal)                                             0.00       0.00
  u_exact_mul/U_AIN_PL_REG/in_reg_a_reg[24]/CP (DFQD1)                    0.00       0.00 r
  library hold time                                                       0.02       0.02
  data required time                                                                 0.02
  ------------------------------------------------------------------------------------------
  data required time                                                                 0.02
  data arrival time                                                                 -0.05
  ------------------------------------------------------------------------------------------
  slack (MET)                                                                        0.03


  Startpoint: y[20] (input port clocked by clk)
  Endpoint: u_exact_mul/U_AIN_PL_REG/in_reg_a_reg[23]
            (rising edge-triggered flip-flop clocked by clk)
  Path Group: clk
  Path Type: min

  Des/Clust/Port     Wire Load Model       Library
  ------------------------------------------------
  exact_fp32_mul_7stage ZeroWireload       tcbn65gplustc_ccs
  exact_fp32_mul_7stage_DW_lp_piped_fp_mult_J1_0 ZeroWireload tcbn65gplustc_ccs

  Point                                                                   Incr       Path
  ------------------------------------------------------------------------------------------
  clock clk (rise edge)                                                   0.00       0.00
  clock network delay (ideal)                                             0.00       0.00
  input external delay                                                    0.02       0.02 f
  y[20] (in)                                                              0.00       0.02 f
  holdfix_inputs[20].u_y_buf/Z (BUFFD0)                                   0.03       0.05 f
  u_exact_mul/b[20] (exact_fp32_mul_7stage_DW_lp_piped_fp_mult_J1_0)      0.00       0.05 f
  u_exact_mul/U_AIN_PL_REG/in_reg_a_reg[23]/D (DFQD1)                     0.00       0.05 f
  data arrival time                                                                  0.05

  clock clk (rise edge)                                                   0.00       0.00
  clock network delay (ideal)                                             0.00       0.00
  u_exact_mul/U_AIN_PL_REG/in_reg_a_reg[23]/CP (DFQD1)                    0.00       0.00 r
  library hold time                                                       0.02       0.02
  data required time                                                                 0.02
  ------------------------------------------------------------------------------------------
  data required time                                                                 0.02
  data arrival time                                                                 -0.05
  ------------------------------------------------------------------------------------------
  slack (MET)                                                                        0.03


  Startpoint: y[19] (input port clocked by clk)
  Endpoint: u_exact_mul/U_AIN_PL_REG/in_reg_a_reg[22]
            (rising edge-triggered flip-flop clocked by clk)
  Path Group: clk
  Path Type: min

  Des/Clust/Port     Wire Load Model       Library
  ------------------------------------------------
  exact_fp32_mul_7stage ZeroWireload       tcbn65gplustc_ccs
  exact_fp32_mul_7stage_DW_lp_piped_fp_mult_J1_0 ZeroWireload tcbn65gplustc_ccs

  Point                                                                   Incr       Path
  ------------------------------------------------------------------------------------------
  clock clk (rise edge)                                                   0.00       0.00
  clock network delay (ideal)                                             0.00       0.00
  input external delay                                                    0.02       0.02 f
  y[19] (in)                                                              0.00       0.02 f
  holdfix_inputs[19].u_y_buf/Z (BUFFD0)                                   0.03       0.05 f
  u_exact_mul/b[19] (exact_fp32_mul_7stage_DW_lp_piped_fp_mult_J1_0)      0.00       0.05 f
  u_exact_mul/U_AIN_PL_REG/in_reg_a_reg[22]/D (DFQD1)                     0.00       0.05 f
  data arrival time                                                                  0.05

  clock clk (rise edge)                                                   0.00       0.00
  clock network delay (ideal)                                             0.00       0.00
  u_exact_mul/U_AIN_PL_REG/in_reg_a_reg[22]/CP (DFQD1)                    0.00       0.00 r
  library hold time                                                       0.02       0.02
  data required time                                                                 0.02
  ------------------------------------------------------------------------------------------
  data required time                                                                 0.02
  data arrival time                                                                 -0.05
  ------------------------------------------------------------------------------------------
  slack (MET)                                                                        0.03


  Startpoint: y[18] (input port clocked by clk)
  Endpoint: u_exact_mul/U_AIN_PL_REG/in_reg_a_reg[21]
            (rising edge-triggered flip-flop clocked by clk)
  Path Group: clk
  Path Type: min

  Des/Clust/Port     Wire Load Model       Library
  ------------------------------------------------
  exact_fp32_mul_7stage ZeroWireload       tcbn65gplustc_ccs
  exact_fp32_mul_7stage_DW_lp_piped_fp_mult_J1_0 ZeroWireload tcbn65gplustc_ccs

  Point                                                                   Incr       Path
  ------------------------------------------------------------------------------------------
  clock clk (rise edge)                                                   0.00       0.00
  clock network delay (ideal)                                             0.00       0.00
  input external delay                                                    0.02       0.02 f
  y[18] (in)                                                              0.00       0.02 f
  holdfix_inputs[18].u_y_buf/Z (BUFFD0)                                   0.03       0.05 f
  u_exact_mul/b[18] (exact_fp32_mul_7stage_DW_lp_piped_fp_mult_J1_0)      0.00       0.05 f
  u_exact_mul/U_AIN_PL_REG/in_reg_a_reg[21]/D (DFQD1)                     0.00       0.05 f
  data arrival time                                                                  0.05

  clock clk (rise edge)                                                   0.00       0.00
  clock network delay (ideal)                                             0.00       0.00
  u_exact_mul/U_AIN_PL_REG/in_reg_a_reg[21]/CP (DFQD1)                    0.00       0.00 r
  library hold time                                                       0.02       0.02
  data required time                                                                 0.02
  ------------------------------------------------------------------------------------------
  data required time                                                                 0.02
  data arrival time                                                                 -0.05
  ------------------------------------------------------------------------------------------
  slack (MET)                                                                        0.03


  Startpoint: y[17] (input port clocked by clk)
  Endpoint: u_exact_mul/U_AIN_PL_REG/in_reg_a_reg[20]
            (rising edge-triggered flip-flop clocked by clk)
  Path Group: clk
  Path Type: min

  Des/Clust/Port     Wire Load Model       Library
  ------------------------------------------------
  exact_fp32_mul_7stage ZeroWireload       tcbn65gplustc_ccs
  exact_fp32_mul_7stage_DW_lp_piped_fp_mult_J1_0 ZeroWireload tcbn65gplustc_ccs

  Point                                                                   Incr       Path
  ------------------------------------------------------------------------------------------
  clock clk (rise edge)                                                   0.00       0.00
  clock network delay (ideal)                                             0.00       0.00
  input external delay                                                    0.02       0.02 f
  y[17] (in)                                                              0.00       0.02 f
  holdfix_inputs[17].u_y_buf/Z (BUFFD0)                                   0.03       0.05 f
  u_exact_mul/b[17] (exact_fp32_mul_7stage_DW_lp_piped_fp_mult_J1_0)      0.00       0.05 f
  u_exact_mul/U_AIN_PL_REG/in_reg_a_reg[20]/D (DFQD1)                     0.00       0.05 f
  data arrival time                                                                  0.05

  clock clk (rise edge)                                                   0.00       0.00
  clock network delay (ideal)                                             0.00       0.00
  u_exact_mul/U_AIN_PL_REG/in_reg_a_reg[20]/CP (DFQD1)                    0.00       0.00 r
  library hold time                                                       0.02       0.02
  data required time                                                                 0.02
  ------------------------------------------------------------------------------------------
  data required time                                                                 0.02
  data arrival time                                                                 -0.05
  ------------------------------------------------------------------------------------------
  slack (MET)                                                                        0.03


  Startpoint: y[16] (input port clocked by clk)
  Endpoint: u_exact_mul/U_AIN_PL_REG/in_reg_a_reg[19]
            (rising edge-triggered flip-flop clocked by clk)
  Path Group: clk
  Path Type: min

  Des/Clust/Port     Wire Load Model       Library
  ------------------------------------------------
  exact_fp32_mul_7stage ZeroWireload       tcbn65gplustc_ccs
  exact_fp32_mul_7stage_DW_lp_piped_fp_mult_J1_0 ZeroWireload tcbn65gplustc_ccs

  Point                                                                   Incr       Path
  ------------------------------------------------------------------------------------------
  clock clk (rise edge)                                                   0.00       0.00
  clock network delay (ideal)                                             0.00       0.00
  input external delay                                                    0.02       0.02 f
  y[16] (in)                                                              0.00       0.02 f
  holdfix_inputs[16].u_y_buf/Z (BUFFD0)                                   0.03       0.05 f
  u_exact_mul/b[16] (exact_fp32_mul_7stage_DW_lp_piped_fp_mult_J1_0)      0.00       0.05 f
  u_exact_mul/U_AIN_PL_REG/in_reg_a_reg[19]/D (DFQD1)                     0.00       0.05 f
  data arrival time                                                                  0.05

  clock clk (rise edge)                                                   0.00       0.00
  clock network delay (ideal)                                             0.00       0.00
  u_exact_mul/U_AIN_PL_REG/in_reg_a_reg[19]/CP (DFQD1)                    0.00       0.00 r
  library hold time                                                       0.02       0.02
  data required time                                                                 0.02
  ------------------------------------------------------------------------------------------
  data required time                                                                 0.02
  data arrival time                                                                 -0.05
  ------------------------------------------------------------------------------------------
  slack (MET)                                                                        0.03


  Startpoint: y[15] (input port clocked by clk)
  Endpoint: u_exact_mul/U_AIN_PL_REG/in_reg_a_reg[18]
            (rising edge-triggered flip-flop clocked by clk)
  Path Group: clk
  Path Type: min

  Des/Clust/Port     Wire Load Model       Library
  ------------------------------------------------
  exact_fp32_mul_7stage ZeroWireload       tcbn65gplustc_ccs
  exact_fp32_mul_7stage_DW_lp_piped_fp_mult_J1_0 ZeroWireload tcbn65gplustc_ccs

  Point                                                                   Incr       Path
  ------------------------------------------------------------------------------------------
  clock clk (rise edge)                                                   0.00       0.00
  clock network delay (ideal)                                             0.00       0.00
  input external delay                                                    0.02       0.02 f
  y[15] (in)                                                              0.00       0.02 f
  holdfix_inputs[15].u_y_buf/Z (BUFFD0)                                   0.03       0.05 f
  u_exact_mul/b[15] (exact_fp32_mul_7stage_DW_lp_piped_fp_mult_J1_0)      0.00       0.05 f
  u_exact_mul/U_AIN_PL_REG/in_reg_a_reg[18]/D (DFQD1)                     0.00       0.05 f
  data arrival time                                                                  0.05

  clock clk (rise edge)                                                   0.00       0.00
  clock network delay (ideal)                                             0.00       0.00
  u_exact_mul/U_AIN_PL_REG/in_reg_a_reg[18]/CP (DFQD1)                    0.00       0.00 r
  library hold time                                                       0.02       0.02
  data required time                                                                 0.02
  ------------------------------------------------------------------------------------------
  data required time                                                                 0.02
  data arrival time                                                                 -0.05
  ------------------------------------------------------------------------------------------
  slack (MET)                                                                        0.03


  Startpoint: y[14] (input port clocked by clk)
  Endpoint: u_exact_mul/U_AIN_PL_REG/in_reg_a_reg[17]
            (rising edge-triggered flip-flop clocked by clk)
  Path Group: clk
  Path Type: min

  Des/Clust/Port     Wire Load Model       Library
  ------------------------------------------------
  exact_fp32_mul_7stage ZeroWireload       tcbn65gplustc_ccs
  exact_fp32_mul_7stage_DW_lp_piped_fp_mult_J1_0 ZeroWireload tcbn65gplustc_ccs

  Point                                                                   Incr       Path
  ------------------------------------------------------------------------------------------
  clock clk (rise edge)                                                   0.00       0.00
  clock network delay (ideal)                                             0.00       0.00
  input external delay                                                    0.02       0.02 f
  y[14] (in)                                                              0.00       0.02 f
  holdfix_inputs[14].u_y_buf/Z (BUFFD0)                                   0.03       0.05 f
  u_exact_mul/b[14] (exact_fp32_mul_7stage_DW_lp_piped_fp_mult_J1_0)      0.00       0.05 f
  u_exact_mul/U_AIN_PL_REG/in_reg_a_reg[17]/D (DFQD1)                     0.00       0.05 f
  data arrival time                                                                  0.05

  clock clk (rise edge)                                                   0.00       0.00
  clock network delay (ideal)                                             0.00       0.00
  u_exact_mul/U_AIN_PL_REG/in_reg_a_reg[17]/CP (DFQD1)                    0.00       0.00 r
  library hold time                                                       0.02       0.02
  data required time                                                                 0.02
  ------------------------------------------------------------------------------------------
  data required time                                                                 0.02
  data arrival time                                                                 -0.05
  ------------------------------------------------------------------------------------------
  slack (MET)                                                                        0.03


  Startpoint: y[13] (input port clocked by clk)
  Endpoint: u_exact_mul/U_AIN_PL_REG/in_reg_a_reg[16]
            (rising edge-triggered flip-flop clocked by clk)
  Path Group: clk
  Path Type: min

  Des/Clust/Port     Wire Load Model       Library
  ------------------------------------------------
  exact_fp32_mul_7stage ZeroWireload       tcbn65gplustc_ccs
  exact_fp32_mul_7stage_DW_lp_piped_fp_mult_J1_0 ZeroWireload tcbn65gplustc_ccs

  Point                                                                   Incr       Path
  ------------------------------------------------------------------------------------------
  clock clk (rise edge)                                                   0.00       0.00
  clock network delay (ideal)                                             0.00       0.00
  input external delay                                                    0.02       0.02 f
  y[13] (in)                                                              0.00       0.02 f
  holdfix_inputs[13].u_y_buf/Z (BUFFD0)                                   0.03       0.05 f
  u_exact_mul/b[13] (exact_fp32_mul_7stage_DW_lp_piped_fp_mult_J1_0)      0.00       0.05 f
  u_exact_mul/U_AIN_PL_REG/in_reg_a_reg[16]/D (DFQD1)                     0.00       0.05 f
  data arrival time                                                                  0.05

  clock clk (rise edge)                                                   0.00       0.00
  clock network delay (ideal)                                             0.00       0.00
  u_exact_mul/U_AIN_PL_REG/in_reg_a_reg[16]/CP (DFQD1)                    0.00       0.00 r
  library hold time                                                       0.02       0.02
  data required time                                                                 0.02
  ------------------------------------------------------------------------------------------
  data required time                                                                 0.02
  data arrival time                                                                 -0.05
  ------------------------------------------------------------------------------------------
  slack (MET)                                                                        0.03


  Startpoint: y[12] (input port clocked by clk)
  Endpoint: u_exact_mul/U_AIN_PL_REG/in_reg_a_reg[15]
            (rising edge-triggered flip-flop clocked by clk)
  Path Group: clk
  Path Type: min

  Des/Clust/Port     Wire Load Model       Library
  ------------------------------------------------
  exact_fp32_mul_7stage ZeroWireload       tcbn65gplustc_ccs
  exact_fp32_mul_7stage_DW_lp_piped_fp_mult_J1_0 ZeroWireload tcbn65gplustc_ccs

  Point                                                                   Incr       Path
  ------------------------------------------------------------------------------------------
  clock clk (rise edge)                                                   0.00       0.00
  clock network delay (ideal)                                             0.00       0.00
  input external delay                                                    0.02       0.02 f
  y[12] (in)                                                              0.00       0.02 f
  holdfix_inputs[12].u_y_buf/Z (BUFFD0)                                   0.03       0.05 f
  u_exact_mul/b[12] (exact_fp32_mul_7stage_DW_lp_piped_fp_mult_J1_0)      0.00       0.05 f
  u_exact_mul/U_AIN_PL_REG/in_reg_a_reg[15]/D (DFQD1)                     0.00       0.05 f
  data arrival time                                                                  0.05

  clock clk (rise edge)                                                   0.00       0.00
  clock network delay (ideal)                                             0.00       0.00
  u_exact_mul/U_AIN_PL_REG/in_reg_a_reg[15]/CP (DFQD1)                    0.00       0.00 r
  library hold time                                                       0.02       0.02
  data required time                                                                 0.02
  ------------------------------------------------------------------------------------------
  data required time                                                                 0.02
  data arrival time                                                                 -0.05
  ------------------------------------------------------------------------------------------
  slack (MET)                                                                        0.03


  Startpoint: y[11] (input port clocked by clk)
  Endpoint: u_exact_mul/U_AIN_PL_REG/in_reg_a_reg[14]
            (rising edge-triggered flip-flop clocked by clk)
  Path Group: clk
  Path Type: min

  Des/Clust/Port     Wire Load Model       Library
  ------------------------------------------------
  exact_fp32_mul_7stage ZeroWireload       tcbn65gplustc_ccs
  exact_fp32_mul_7stage_DW_lp_piped_fp_mult_J1_0 ZeroWireload tcbn65gplustc_ccs

  Point                                                                   Incr       Path
  ------------------------------------------------------------------------------------------
  clock clk (rise edge)                                                   0.00       0.00
  clock network delay (ideal)                                             0.00       0.00
  input external delay                                                    0.02       0.02 f
  y[11] (in)                                                              0.00       0.02 f
  holdfix_inputs[11].u_y_buf/Z (BUFFD0)                                   0.03       0.05 f
  u_exact_mul/b[11] (exact_fp32_mul_7stage_DW_lp_piped_fp_mult_J1_0)      0.00       0.05 f
  u_exact_mul/U_AIN_PL_REG/in_reg_a_reg[14]/D (DFQD1)                     0.00       0.05 f
  data arrival time                                                                  0.05

  clock clk (rise edge)                                                   0.00       0.00
  clock network delay (ideal)                                             0.00       0.00
  u_exact_mul/U_AIN_PL_REG/in_reg_a_reg[14]/CP (DFQD1)                    0.00       0.00 r
  library hold time                                                       0.02       0.02
  data required time                                                                 0.02
  ------------------------------------------------------------------------------------------
  data required time                                                                 0.02
  data arrival time                                                                 -0.05
  ------------------------------------------------------------------------------------------
  slack (MET)                                                                        0.03


  Startpoint: y[10] (input port clocked by clk)
  Endpoint: u_exact_mul/U_AIN_PL_REG/in_reg_a_reg[13]
            (rising edge-triggered flip-flop clocked by clk)
  Path Group: clk
  Path Type: min

  Des/Clust/Port     Wire Load Model       Library
  ------------------------------------------------
  exact_fp32_mul_7stage ZeroWireload       tcbn65gplustc_ccs
  exact_fp32_mul_7stage_DW_lp_piped_fp_mult_J1_0 ZeroWireload tcbn65gplustc_ccs

  Point                                                                   Incr       Path
  ------------------------------------------------------------------------------------------
  clock clk (rise edge)                                                   0.00       0.00
  clock network delay (ideal)                                             0.00       0.00
  input external delay                                                    0.02       0.02 f
  y[10] (in)                                                              0.00       0.02 f
  holdfix_inputs[10].u_y_buf/Z (BUFFD0)                                   0.03       0.05 f
  u_exact_mul/b[10] (exact_fp32_mul_7stage_DW_lp_piped_fp_mult_J1_0)      0.00       0.05 f
  u_exact_mul/U_AIN_PL_REG/in_reg_a_reg[13]/D (DFQD1)                     0.00       0.05 f
  data arrival time                                                                  0.05

  clock clk (rise edge)                                                   0.00       0.00
  clock network delay (ideal)                                             0.00       0.00
  u_exact_mul/U_AIN_PL_REG/in_reg_a_reg[13]/CP (DFQD1)                    0.00       0.00 r
  library hold time                                                       0.02       0.02
  data required time                                                                 0.02
  ------------------------------------------------------------------------------------------
  data required time                                                                 0.02
  data arrival time                                                                 -0.05
  ------------------------------------------------------------------------------------------
  slack (MET)                                                                        0.03


  Startpoint: y[9] (input port clocked by clk)
  Endpoint: u_exact_mul/U_AIN_PL_REG/in_reg_a_reg[12]
            (rising edge-triggered flip-flop clocked by clk)
  Path Group: clk
  Path Type: min

  Des/Clust/Port     Wire Load Model       Library
  ------------------------------------------------
  exact_fp32_mul_7stage ZeroWireload       tcbn65gplustc_ccs
  exact_fp32_mul_7stage_DW_lp_piped_fp_mult_J1_0 ZeroWireload tcbn65gplustc_ccs

  Point                                                                  Incr       Path
  -----------------------------------------------------------------------------------------
  clock clk (rise edge)                                                  0.00       0.00
  clock network delay (ideal)                                            0.00       0.00
  input external delay                                                   0.02       0.02 f
  y[9] (in)                                                              0.00       0.02 f
  holdfix_inputs[9].u_y_buf/Z (BUFFD0)                                   0.03       0.05 f
  u_exact_mul/b[9] (exact_fp32_mul_7stage_DW_lp_piped_fp_mult_J1_0)      0.00       0.05 f
  u_exact_mul/U_AIN_PL_REG/in_reg_a_reg[12]/D (DFQD1)                    0.00       0.05 f
  data arrival time                                                                 0.05

  clock clk (rise edge)                                                  0.00       0.00
  clock network delay (ideal)                                            0.00       0.00
  u_exact_mul/U_AIN_PL_REG/in_reg_a_reg[12]/CP (DFQD1)                   0.00       0.00 r
  library hold time                                                      0.02       0.02
  data required time                                                                0.02
  -----------------------------------------------------------------------------------------
  data required time                                                                0.02
  data arrival time                                                                -0.05
  -----------------------------------------------------------------------------------------
  slack (MET)                                                                       0.03


  Startpoint: y[8] (input port clocked by clk)
  Endpoint: u_exact_mul/U_AIN_PL_REG/in_reg_a_reg[11]
            (rising edge-triggered flip-flop clocked by clk)
  Path Group: clk
  Path Type: min

  Des/Clust/Port     Wire Load Model       Library
  ------------------------------------------------
  exact_fp32_mul_7stage ZeroWireload       tcbn65gplustc_ccs
  exact_fp32_mul_7stage_DW_lp_piped_fp_mult_J1_0 ZeroWireload tcbn65gplustc_ccs

  Point                                                                  Incr       Path
  -----------------------------------------------------------------------------------------
  clock clk (rise edge)                                                  0.00       0.00
  clock network delay (ideal)                                            0.00       0.00
  input external delay                                                   0.02       0.02 f
  y[8] (in)                                                              0.00       0.02 f
  holdfix_inputs[8].u_y_buf/Z (BUFFD0)                                   0.03       0.05 f
  u_exact_mul/b[8] (exact_fp32_mul_7stage_DW_lp_piped_fp_mult_J1_0)      0.00       0.05 f
  u_exact_mul/U_AIN_PL_REG/in_reg_a_reg[11]/D (DFQD1)                    0.00       0.05 f
  data arrival time                                                                 0.05

  clock clk (rise edge)                                                  0.00       0.00
  clock network delay (ideal)                                            0.00       0.00
  u_exact_mul/U_AIN_PL_REG/in_reg_a_reg[11]/CP (DFQD1)                   0.00       0.00 r
  library hold time                                                      0.02       0.02
  data required time                                                                0.02
  -----------------------------------------------------------------------------------------
  data required time                                                                0.02
  data arrival time                                                                -0.05
  -----------------------------------------------------------------------------------------
  slack (MET)                                                                       0.03


  Startpoint: y[7] (input port clocked by clk)
  Endpoint: u_exact_mul/U_AIN_PL_REG/in_reg_a_reg[10]
            (rising edge-triggered flip-flop clocked by clk)
  Path Group: clk
  Path Type: min

  Des/Clust/Port     Wire Load Model       Library
  ------------------------------------------------
  exact_fp32_mul_7stage ZeroWireload       tcbn65gplustc_ccs
  exact_fp32_mul_7stage_DW_lp_piped_fp_mult_J1_0 ZeroWireload tcbn65gplustc_ccs

  Point                                                                  Incr       Path
  -----------------------------------------------------------------------------------------
  clock clk (rise edge)                                                  0.00       0.00
  clock network delay (ideal)                                            0.00       0.00
  input external delay                                                   0.02       0.02 f
  y[7] (in)                                                              0.00       0.02 f
  holdfix_inputs[7].u_y_buf/Z (BUFFD0)                                   0.03       0.05 f
  u_exact_mul/b[7] (exact_fp32_mul_7stage_DW_lp_piped_fp_mult_J1_0)      0.00       0.05 f
  u_exact_mul/U_AIN_PL_REG/in_reg_a_reg[10]/D (DFQD1)                    0.00       0.05 f
  data arrival time                                                                 0.05

  clock clk (rise edge)                                                  0.00       0.00
  clock network delay (ideal)                                            0.00       0.00
  u_exact_mul/U_AIN_PL_REG/in_reg_a_reg[10]/CP (DFQD1)                   0.00       0.00 r
  library hold time                                                      0.02       0.02
  data required time                                                                0.02
  -----------------------------------------------------------------------------------------
  data required time                                                                0.02
  data arrival time                                                                -0.05
  -----------------------------------------------------------------------------------------
  slack (MET)                                                                       0.03


  Startpoint: y[6] (input port clocked by clk)
  Endpoint: u_exact_mul/U_AIN_PL_REG/in_reg_a_reg[9]
            (rising edge-triggered flip-flop clocked by clk)
  Path Group: clk
  Path Type: min

  Des/Clust/Port     Wire Load Model       Library
  ------------------------------------------------
  exact_fp32_mul_7stage ZeroWireload       tcbn65gplustc_ccs
  exact_fp32_mul_7stage_DW_lp_piped_fp_mult_J1_0 ZeroWireload tcbn65gplustc_ccs

  Point                                                                  Incr       Path
  -----------------------------------------------------------------------------------------
  clock clk (rise edge)                                                  0.00       0.00
  clock network delay (ideal)                                            0.00       0.00
  input external delay                                                   0.02       0.02 f
  y[6] (in)                                                              0.00       0.02 f
  holdfix_inputs[6].u_y_buf/Z (BUFFD0)                                   0.03       0.05 f
  u_exact_mul/b[6] (exact_fp32_mul_7stage_DW_lp_piped_fp_mult_J1_0)      0.00       0.05 f
  u_exact_mul/U_AIN_PL_REG/in_reg_a_reg[9]/D (DFQD1)                     0.00       0.05 f
  data arrival time                                                                 0.05

  clock clk (rise edge)                                                  0.00       0.00
  clock network delay (ideal)                                            0.00       0.00
  u_exact_mul/U_AIN_PL_REG/in_reg_a_reg[9]/CP (DFQD1)                    0.00       0.00 r
  library hold time                                                      0.02       0.02
  data required time                                                                0.02
  -----------------------------------------------------------------------------------------
  data required time                                                                0.02
  data arrival time                                                                -0.05
  -----------------------------------------------------------------------------------------
  slack (MET)                                                                       0.03


  Startpoint: y[5] (input port clocked by clk)
  Endpoint: u_exact_mul/U_AIN_PL_REG/in_reg_a_reg[8]
            (rising edge-triggered flip-flop clocked by clk)
  Path Group: clk
  Path Type: min

  Des/Clust/Port     Wire Load Model       Library
  ------------------------------------------------
  exact_fp32_mul_7stage ZeroWireload       tcbn65gplustc_ccs
  exact_fp32_mul_7stage_DW_lp_piped_fp_mult_J1_0 ZeroWireload tcbn65gplustc_ccs

  Point                                                                  Incr       Path
  -----------------------------------------------------------------------------------------
  clock clk (rise edge)                                                  0.00       0.00
  clock network delay (ideal)                                            0.00       0.00
  input external delay                                                   0.02       0.02 f
  y[5] (in)                                                              0.00       0.02 f
  holdfix_inputs[5].u_y_buf/Z (BUFFD0)                                   0.03       0.05 f
  u_exact_mul/b[5] (exact_fp32_mul_7stage_DW_lp_piped_fp_mult_J1_0)      0.00       0.05 f
  u_exact_mul/U_AIN_PL_REG/in_reg_a_reg[8]/D (DFQD1)                     0.00       0.05 f
  data arrival time                                                                 0.05

  clock clk (rise edge)                                                  0.00       0.00
  clock network delay (ideal)                                            0.00       0.00
  u_exact_mul/U_AIN_PL_REG/in_reg_a_reg[8]/CP (DFQD1)                    0.00       0.00 r
  library hold time                                                      0.02       0.02
  data required time                                                                0.02
  -----------------------------------------------------------------------------------------
  data required time                                                                0.02
  data arrival time                                                                -0.05
  -----------------------------------------------------------------------------------------
  slack (MET)                                                                       0.03


  Startpoint: y[4] (input port clocked by clk)
  Endpoint: u_exact_mul/U_AIN_PL_REG/in_reg_a_reg[7]
            (rising edge-triggered flip-flop clocked by clk)
  Path Group: clk
  Path Type: min

  Des/Clust/Port     Wire Load Model       Library
  ------------------------------------------------
  exact_fp32_mul_7stage ZeroWireload       tcbn65gplustc_ccs
  exact_fp32_mul_7stage_DW_lp_piped_fp_mult_J1_0 ZeroWireload tcbn65gplustc_ccs

  Point                                                                  Incr       Path
  -----------------------------------------------------------------------------------------
  clock clk (rise edge)                                                  0.00       0.00
  clock network delay (ideal)                                            0.00       0.00
  input external delay                                                   0.02       0.02 f
  y[4] (in)                                                              0.00       0.02 f
  holdfix_inputs[4].u_y_buf/Z (BUFFD0)                                   0.03       0.05 f
  u_exact_mul/b[4] (exact_fp32_mul_7stage_DW_lp_piped_fp_mult_J1_0)      0.00       0.05 f
  u_exact_mul/U_AIN_PL_REG/in_reg_a_reg[7]/D (DFQD1)                     0.00       0.05 f
  data arrival time                                                                 0.05

  clock clk (rise edge)                                                  0.00       0.00
  clock network delay (ideal)                                            0.00       0.00
  u_exact_mul/U_AIN_PL_REG/in_reg_a_reg[7]/CP (DFQD1)                    0.00       0.00 r
  library hold time                                                      0.02       0.02
  data required time                                                                0.02
  -----------------------------------------------------------------------------------------
  data required time                                                                0.02
  data arrival time                                                                -0.05
  -----------------------------------------------------------------------------------------
  slack (MET)                                                                       0.03


  Startpoint: y[3] (input port clocked by clk)
  Endpoint: u_exact_mul/U_AIN_PL_REG/in_reg_a_reg[6]
            (rising edge-triggered flip-flop clocked by clk)
  Path Group: clk
  Path Type: min

  Des/Clust/Port     Wire Load Model       Library
  ------------------------------------------------
  exact_fp32_mul_7stage ZeroWireload       tcbn65gplustc_ccs
  exact_fp32_mul_7stage_DW_lp_piped_fp_mult_J1_0 ZeroWireload tcbn65gplustc_ccs

  Point                                                                  Incr       Path
  -----------------------------------------------------------------------------------------
  clock clk (rise edge)                                                  0.00       0.00
  clock network delay (ideal)                                            0.00       0.00
  input external delay                                                   0.02       0.02 f
  y[3] (in)                                                              0.00       0.02 f
  holdfix_inputs[3].u_y_buf/Z (BUFFD0)                                   0.03       0.05 f
  u_exact_mul/b[3] (exact_fp32_mul_7stage_DW_lp_piped_fp_mult_J1_0)      0.00       0.05 f
  u_exact_mul/U_AIN_PL_REG/in_reg_a_reg[6]/D (DFQD1)                     0.00       0.05 f
  data arrival time                                                                 0.05

  clock clk (rise edge)                                                  0.00       0.00
  clock network delay (ideal)                                            0.00       0.00
  u_exact_mul/U_AIN_PL_REG/in_reg_a_reg[6]/CP (DFQD1)                    0.00       0.00 r
  library hold time                                                      0.02       0.02
  data required time                                                                0.02
  -----------------------------------------------------------------------------------------
  data required time                                                                0.02
  data arrival time                                                                -0.05
  -----------------------------------------------------------------------------------------
  slack (MET)                                                                       0.03


  Startpoint: y[2] (input port clocked by clk)
  Endpoint: u_exact_mul/U_AIN_PL_REG/in_reg_a_reg[5]
            (rising edge-triggered flip-flop clocked by clk)
  Path Group: clk
  Path Type: min

  Des/Clust/Port     Wire Load Model       Library
  ------------------------------------------------
  exact_fp32_mul_7stage ZeroWireload       tcbn65gplustc_ccs
  exact_fp32_mul_7stage_DW_lp_piped_fp_mult_J1_0 ZeroWireload tcbn65gplustc_ccs

  Point                                                                  Incr       Path
  -----------------------------------------------------------------------------------------
  clock clk (rise edge)                                                  0.00       0.00
  clock network delay (ideal)                                            0.00       0.00
  input external delay                                                   0.02       0.02 f
  y[2] (in)                                                              0.00       0.02 f
  holdfix_inputs[2].u_y_buf/Z (BUFFD0)                                   0.03       0.05 f
  u_exact_mul/b[2] (exact_fp32_mul_7stage_DW_lp_piped_fp_mult_J1_0)      0.00       0.05 f
  u_exact_mul/U_AIN_PL_REG/in_reg_a_reg[5]/D (DFQD1)                     0.00       0.05 f
  data arrival time                                                                 0.05

  clock clk (rise edge)                                                  0.00       0.00
  clock network delay (ideal)                                            0.00       0.00
  u_exact_mul/U_AIN_PL_REG/in_reg_a_reg[5]/CP (DFQD1)                    0.00       0.00 r
  library hold time                                                      0.02       0.02
  data required time                                                                0.02
  -----------------------------------------------------------------------------------------
  data required time                                                                0.02
  data arrival time                                                                -0.05
  -----------------------------------------------------------------------------------------
  slack (MET)                                                                       0.03


  Startpoint: y[1] (input port clocked by clk)
  Endpoint: u_exact_mul/U_AIN_PL_REG/in_reg_a_reg[4]
            (rising edge-triggered flip-flop clocked by clk)
  Path Group: clk
  Path Type: min

  Des/Clust/Port     Wire Load Model       Library
  ------------------------------------------------
  exact_fp32_mul_7stage ZeroWireload       tcbn65gplustc_ccs
  exact_fp32_mul_7stage_DW_lp_piped_fp_mult_J1_0 ZeroWireload tcbn65gplustc_ccs

  Point                                                                  Incr       Path
  -----------------------------------------------------------------------------------------
  clock clk (rise edge)                                                  0.00       0.00
  clock network delay (ideal)                                            0.00       0.00
  input external delay                                                   0.02       0.02 f
  y[1] (in)                                                              0.00       0.02 f
  holdfix_inputs[1].u_y_buf/Z (BUFFD0)                                   0.03       0.05 f
  u_exact_mul/b[1] (exact_fp32_mul_7stage_DW_lp_piped_fp_mult_J1_0)      0.00       0.05 f
  u_exact_mul/U_AIN_PL_REG/in_reg_a_reg[4]/D (DFQD1)                     0.00       0.05 f
  data arrival time                                                                 0.05

  clock clk (rise edge)                                                  0.00       0.00
  clock network delay (ideal)                                            0.00       0.00
  u_exact_mul/U_AIN_PL_REG/in_reg_a_reg[4]/CP (DFQD1)                    0.00       0.00 r
  library hold time                                                      0.02       0.02
  data required time                                                                0.02
  -----------------------------------------------------------------------------------------
  data required time                                                                0.02
  data arrival time                                                                -0.05
  -----------------------------------------------------------------------------------------
  slack (MET)                                                                       0.03


  Startpoint: y[0] (input port clocked by clk)
  Endpoint: u_exact_mul/U_AIN_PL_REG/in_reg_a_reg[3]
            (rising edge-triggered flip-flop clocked by clk)
  Path Group: clk
  Path Type: min

  Des/Clust/Port     Wire Load Model       Library
  ------------------------------------------------
  exact_fp32_mul_7stage ZeroWireload       tcbn65gplustc_ccs
  exact_fp32_mul_7stage_DW_lp_piped_fp_mult_J1_0 ZeroWireload tcbn65gplustc_ccs

  Point                                                                  Incr       Path
  -----------------------------------------------------------------------------------------
  clock clk (rise edge)                                                  0.00       0.00
  clock network delay (ideal)                                            0.00       0.00
  input external delay                                                   0.02       0.02 f
  y[0] (in)                                                              0.00       0.02 f
  holdfix_inputs[0].u_y_buf/Z (BUFFD0)                                   0.03       0.05 f
  u_exact_mul/b[0] (exact_fp32_mul_7stage_DW_lp_piped_fp_mult_J1_0)      0.00       0.05 f
  u_exact_mul/U_AIN_PL_REG/in_reg_a_reg[3]/D (DFQD1)                     0.00       0.05 f
  data arrival time                                                                 0.05

  clock clk (rise edge)                                                  0.00       0.00
  clock network delay (ideal)                                            0.00       0.00
  u_exact_mul/U_AIN_PL_REG/in_reg_a_reg[3]/CP (DFQD1)                    0.00       0.00 r
  library hold time                                                      0.02       0.02
  data required time                                                                0.02
  -----------------------------------------------------------------------------------------
  data required time                                                                0.02
  data arrival time                                                                -0.05
  -----------------------------------------------------------------------------------------
  slack (MET)                                                                       0.03


  Startpoint: u_exact_mul/clk_r_REG0_S2
              (rising edge-triggered flip-flop clocked by clk)
  Endpoint: u_exact_mul/clk_r_REG1_S3
            (rising edge-triggered flip-flop clocked by clk)
  Path Group: clk
  Path Type: min

  Des/Clust/Port     Wire Load Model       Library
  ------------------------------------------------
  exact_fp32_mul_7stage ZeroWireload       tcbn65gplustc_ccs
  exact_fp32_mul_7stage_DW_lp_piped_fp_mult_J1_0 ZeroWireload tcbn65gplustc_ccs

  Point                                     Incr       Path
  ------------------------------------------------------------
  clock clk (rise edge)                     0.00       0.00
  clock network delay (ideal)               0.00       0.00
  u_exact_mul/clk_r_REG0_S2/CP (DFQD1)      0.00       0.00 r
  u_exact_mul/clk_r_REG0_S2/Q (DFQD1)       0.09       0.09 f
  u_exact_mul/clk_r_REG1_S3/D (DFQD1)       0.00       0.09 f
  data arrival time                                    0.09

  clock clk (rise edge)                     0.00       0.00
  clock network delay (ideal)               0.00       0.00
  u_exact_mul/clk_r_REG1_S3/CP (DFQD1)      0.00       0.00 r
  library hold time                         0.03       0.03
  data required time                                   0.03
  ------------------------------------------------------------
  data required time                                   0.03
  data arrival time                                   -0.09
  ------------------------------------------------------------
  slack (MET)                                          0.07


  Startpoint: u_exact_mul/clk_r_REG1_S3
              (rising edge-triggered flip-flop clocked by clk)
  Endpoint: u_exact_mul/clk_r_REG2_S4
            (rising edge-triggered flip-flop clocked by clk)
  Path Group: clk
  Path Type: min

  Des/Clust/Port     Wire Load Model       Library
  ------------------------------------------------
  exact_fp32_mul_7stage ZeroWireload       tcbn65gplustc_ccs
  exact_fp32_mul_7stage_DW_lp_piped_fp_mult_J1_0 ZeroWireload tcbn65gplustc_ccs

  Point                                     Incr       Path
  ------------------------------------------------------------
  clock clk (rise edge)                     0.00       0.00
  clock network delay (ideal)               0.00       0.00
  u_exact_mul/clk_r_REG1_S3/CP (DFQD1)      0.00       0.00 r
  u_exact_mul/clk_r_REG1_S3/Q (DFQD1)       0.09       0.09 f
  u_exact_mul/clk_r_REG2_S4/D (DFQD1)       0.00       0.09 f
  data arrival time                                    0.09

  clock clk (rise edge)                     0.00       0.00
  clock network delay (ideal)               0.00       0.00
  u_exact_mul/clk_r_REG2_S4/CP (DFQD1)      0.00       0.00 r
  library hold time                         0.03       0.03
  data required time                                   0.03
  ------------------------------------------------------------
  data required time                                   0.03
  data arrival time                                   -0.09
  ------------------------------------------------------------
  slack (MET)                                          0.07


  Startpoint: u_exact_mul/clk_r_REG2_S4
              (rising edge-triggered flip-flop clocked by clk)
  Endpoint: u_exact_mul/clk_r_REG3_S5
            (rising edge-triggered flip-flop clocked by clk)
  Path Group: clk
  Path Type: min

  Des/Clust/Port     Wire Load Model       Library
  ------------------------------------------------
  exact_fp32_mul_7stage ZeroWireload       tcbn65gplustc_ccs
  exact_fp32_mul_7stage_DW_lp_piped_fp_mult_J1_0 ZeroWireload tcbn65gplustc_ccs

  Point                                     Incr       Path
  ------------------------------------------------------------
  clock clk (rise edge)                     0.00       0.00
  clock network delay (ideal)               0.00       0.00
  u_exact_mul/clk_r_REG2_S4/CP (DFQD1)      0.00       0.00 r
  u_exact_mul/clk_r_REG2_S4/Q (DFQD1)       0.09       0.09 f
  u_exact_mul/clk_r_REG3_S5/D (DFQD1)       0.00       0.09 f
  data arrival time                                    0.09

  clock clk (rise edge)                     0.00       0.00
  clock network delay (ideal)               0.00       0.00
  u_exact_mul/clk_r_REG3_S5/CP (DFQD1)      0.00       0.00 r
  library hold time                         0.03       0.03
  data required time                                   0.03
  ------------------------------------------------------------
  data required time                                   0.03
  data arrival time                                   -0.09
  ------------------------------------------------------------
  slack (MET)                                          0.07


  Startpoint: u_exact_mul/clk_r_REG3_S5
              (rising edge-triggered flip-flop clocked by clk)
  Endpoint: u_exact_mul/clk_r_REG4_S6
            (rising edge-triggered flip-flop clocked by clk)
  Path Group: clk
  Path Type: min

  Des/Clust/Port     Wire Load Model       Library
  ------------------------------------------------
  exact_fp32_mul_7stage ZeroWireload       tcbn65gplustc_ccs
  exact_fp32_mul_7stage_DW_lp_piped_fp_mult_J1_0 ZeroWireload tcbn65gplustc_ccs

  Point                                     Incr       Path
  ------------------------------------------------------------
  clock clk (rise edge)                     0.00       0.00
  clock network delay (ideal)               0.00       0.00
  u_exact_mul/clk_r_REG3_S5/CP (DFQD1)      0.00       0.00 r
  u_exact_mul/clk_r_REG3_S5/Q (DFQD1)       0.09       0.09 f
  u_exact_mul/clk_r_REG4_S6/D (DFQD1)       0.00       0.09 f
  data arrival time                                    0.09

  clock clk (rise edge)                     0.00       0.00
  clock network delay (ideal)               0.00       0.00
  u_exact_mul/clk_r_REG4_S6/CP (DFQD1)      0.00       0.00 r
  library hold time                         0.03       0.03
  data required time                                   0.03
  ------------------------------------------------------------
  data required time                                   0.03
  data arrival time                                   -0.09
  ------------------------------------------------------------
  slack (MET)                                          0.07


  Startpoint: u_exact_mul/clk_r_REG9_S5
              (rising edge-triggered flip-flop clocked by clk)
  Endpoint: u_exact_mul/clk_r_REG10_S6
            (rising edge-triggered flip-flop clocked by clk)
  Path Group: clk
  Path Type: min

  Des/Clust/Port     Wire Load Model       Library
  ------------------------------------------------
  exact_fp32_mul_7stage ZeroWireload       tcbn65gplustc_ccs
  exact_fp32_mul_7stage_DW_lp_piped_fp_mult_J1_0 ZeroWireload tcbn65gplustc_ccs

  Point                                     Incr       Path
  ------------------------------------------------------------
  clock clk (rise edge)                     0.00       0.00
  clock network delay (ideal)               0.00       0.00
  u_exact_mul/clk_r_REG9_S5/CP (DFQD1)      0.00       0.00 r
  u_exact_mul/clk_r_REG9_S5/Q (DFQD1)       0.09       0.09 f
  u_exact_mul/clk_r_REG10_S6/D (DFQD1)      0.00       0.09 f
  data arrival time                                    0.09

  clock clk (rise edge)                     0.00       0.00
  clock network delay (ideal)               0.00       0.00
  u_exact_mul/clk_r_REG10_S6/CP (DFQD1)     0.00       0.00 r
  library hold time                         0.03       0.03
  data required time                                   0.03
  ------------------------------------------------------------
  data required time                                   0.03
  data arrival time                                   -0.09
  ------------------------------------------------------------
  slack (MET)                                          0.07


  Startpoint: u_exact_mul/clk_r_REG11_S5
              (rising edge-triggered flip-flop clocked by clk)
  Endpoint: u_exact_mul/clk_r_REG12_S6
            (rising edge-triggered flip-flop clocked by clk)
  Path Group: clk
  Path Type: min

  Des/Clust/Port     Wire Load Model       Library
  ------------------------------------------------
  exact_fp32_mul_7stage ZeroWireload       tcbn65gplustc_ccs
  exact_fp32_mul_7stage_DW_lp_piped_fp_mult_J1_0 ZeroWireload tcbn65gplustc_ccs

  Point                                      Incr       Path
  -------------------------------------------------------------
  clock clk (rise edge)                      0.00       0.00
  clock network delay (ideal)                0.00       0.00
  u_exact_mul/clk_r_REG11_S5/CP (DFQD1)      0.00       0.00 r
  u_exact_mul/clk_r_REG11_S5/Q (DFQD1)       0.09       0.09 f
  u_exact_mul/clk_r_REG12_S6/D (DFQD1)       0.00       0.09 f
  data arrival time                                     0.09

  clock clk (rise edge)                      0.00       0.00
  clock network delay (ideal)                0.00       0.00
  u_exact_mul/clk_r_REG12_S6/CP (DFQD1)      0.00       0.00 r
  library hold time                          0.03       0.03
  data required time                                    0.03
  -------------------------------------------------------------
  data required time                                    0.03
  data arrival time                                    -0.09
  -------------------------------------------------------------
  slack (MET)                                           0.07


  Startpoint: u_exact_mul/clk_r_REG13_S5
              (rising edge-triggered flip-flop clocked by clk)
  Endpoint: u_exact_mul/clk_r_REG14_S6
            (rising edge-triggered flip-flop clocked by clk)
  Path Group: clk
  Path Type: min

  Des/Clust/Port     Wire Load Model       Library
  ------------------------------------------------
  exact_fp32_mul_7stage ZeroWireload       tcbn65gplustc_ccs
  exact_fp32_mul_7stage_DW_lp_piped_fp_mult_J1_0 ZeroWireload tcbn65gplustc_ccs

  Point                                      Incr       Path
  -------------------------------------------------------------
  clock clk (rise edge)                      0.00       0.00
  clock network delay (ideal)                0.00       0.00
  u_exact_mul/clk_r_REG13_S5/CP (DFQD1)      0.00       0.00 r
  u_exact_mul/clk_r_REG13_S5/Q (DFQD1)       0.09       0.09 f
  u_exact_mul/clk_r_REG14_S6/D (DFQD1)       0.00       0.09 f
  data arrival time                                     0.09

  clock clk (rise edge)                      0.00       0.00
  clock network delay (ideal)                0.00       0.00
  u_exact_mul/clk_r_REG14_S6/CP (DFQD1)      0.00       0.00 r
  library hold time                          0.03       0.03
  data required time                                    0.03
  -------------------------------------------------------------
  data required time                                    0.03
  data arrival time                                    -0.09
  -------------------------------------------------------------
  slack (MET)                                           0.07


  Startpoint: u_exact_mul/clk_r_REG15_S5
              (rising edge-triggered flip-flop clocked by clk)
  Endpoint: u_exact_mul/clk_r_REG16_S6
            (rising edge-triggered flip-flop clocked by clk)
  Path Group: clk
  Path Type: min

  Des/Clust/Port     Wire Load Model       Library
  ------------------------------------------------
  exact_fp32_mul_7stage ZeroWireload       tcbn65gplustc_ccs
  exact_fp32_mul_7stage_DW_lp_piped_fp_mult_J1_0 ZeroWireload tcbn65gplustc_ccs

  Point                                      Incr       Path
  -------------------------------------------------------------
  clock clk (rise edge)                      0.00       0.00
  clock network delay (ideal)                0.00       0.00
  u_exact_mul/clk_r_REG15_S5/CP (DFQD1)      0.00       0.00 r
  u_exact_mul/clk_r_REG15_S5/Q (DFQD1)       0.09       0.09 f
  u_exact_mul/clk_r_REG16_S6/D (DFQD1)       0.00       0.09 f
  data arrival time                                     0.09

  clock clk (rise edge)                      0.00       0.00
  clock network delay (ideal)                0.00       0.00
  u_exact_mul/clk_r_REG16_S6/CP (DFQD1)      0.00       0.00 r
  library hold time                          0.03       0.03
  data required time                                    0.03
  -------------------------------------------------------------
  data required time                                    0.03
  data arrival time                                    -0.09
  -------------------------------------------------------------
  slack (MET)                                           0.07


  Startpoint: u_exact_mul/clk_r_REG17_S5
              (rising edge-triggered flip-flop clocked by clk)
  Endpoint: u_exact_mul/clk_r_REG18_S6
            (rising edge-triggered flip-flop clocked by clk)
  Path Group: clk
  Path Type: min

  Des/Clust/Port     Wire Load Model       Library
  ------------------------------------------------
  exact_fp32_mul_7stage ZeroWireload       tcbn65gplustc_ccs
  exact_fp32_mul_7stage_DW_lp_piped_fp_mult_J1_0 ZeroWireload tcbn65gplustc_ccs

  Point                                      Incr       Path
  -------------------------------------------------------------
  clock clk (rise edge)                      0.00       0.00
  clock network delay (ideal)                0.00       0.00
  u_exact_mul/clk_r_REG17_S5/CP (DFQD1)      0.00       0.00 r
  u_exact_mul/clk_r_REG17_S5/Q (DFQD1)       0.09       0.09 f
  u_exact_mul/clk_r_REG18_S6/D (DFQD1)       0.00       0.09 f
  data arrival time                                     0.09

  clock clk (rise edge)                      0.00       0.00
  clock network delay (ideal)                0.00       0.00
  u_exact_mul/clk_r_REG18_S6/CP (DFQD1)      0.00       0.00 r
  library hold time                          0.03       0.03
  data required time                                    0.03
  -------------------------------------------------------------
  data required time                                    0.03
  data arrival time                                    -0.09
  -------------------------------------------------------------
  slack (MET)                                           0.07


  Startpoint: u_exact_mul/clk_r_REG19_S5
              (rising edge-triggered flip-flop clocked by clk)
  Endpoint: u_exact_mul/clk_r_REG20_S6
            (rising edge-triggered flip-flop clocked by clk)
  Path Group: clk
  Path Type: min

  Des/Clust/Port     Wire Load Model       Library
  ------------------------------------------------
  exact_fp32_mul_7stage ZeroWireload       tcbn65gplustc_ccs
  exact_fp32_mul_7stage_DW_lp_piped_fp_mult_J1_0 ZeroWireload tcbn65gplustc_ccs

  Point                                      Incr       Path
  -------------------------------------------------------------
  clock clk (rise edge)                      0.00       0.00
  clock network delay (ideal)                0.00       0.00
  u_exact_mul/clk_r_REG19_S5/CP (DFQD1)      0.00       0.00 r
  u_exact_mul/clk_r_REG19_S5/Q (DFQD1)       0.09       0.09 f
  u_exact_mul/clk_r_REG20_S6/D (DFQD1)       0.00       0.09 f
  data arrival time                                     0.09

  clock clk (rise edge)                      0.00       0.00
  clock network delay (ideal)                0.00       0.00
  u_exact_mul/clk_r_REG20_S6/CP (DFQD1)      0.00       0.00 r
  library hold time                          0.03       0.03
  data required time                                    0.03
  -------------------------------------------------------------
  data required time                                    0.03
  data arrival time                                    -0.09
  -------------------------------------------------------------
  slack (MET)                                           0.07


  Startpoint: u_exact_mul/clk_r_REG21_S5
              (rising edge-triggered flip-flop clocked by clk)
  Endpoint: u_exact_mul/clk_r_REG22_S6
            (rising edge-triggered flip-flop clocked by clk)
  Path Group: clk
  Path Type: min

  Des/Clust/Port     Wire Load Model       Library
  ------------------------------------------------
  exact_fp32_mul_7stage ZeroWireload       tcbn65gplustc_ccs
  exact_fp32_mul_7stage_DW_lp_piped_fp_mult_J1_0 ZeroWireload tcbn65gplustc_ccs

  Point                                      Incr       Path
  -------------------------------------------------------------
  clock clk (rise edge)                      0.00       0.00
  clock network delay (ideal)                0.00       0.00
  u_exact_mul/clk_r_REG21_S5/CP (DFQD1)      0.00       0.00 r
  u_exact_mul/clk_r_REG21_S5/Q (DFQD1)       0.09       0.09 f
  u_exact_mul/clk_r_REG22_S6/D (DFQD1)       0.00       0.09 f
  data arrival time                                     0.09

  clock clk (rise edge)                      0.00       0.00
  clock network delay (ideal)                0.00       0.00
  u_exact_mul/clk_r_REG22_S6/CP (DFQD1)      0.00       0.00 r
  library hold time                          0.03       0.03
  data required time                                    0.03
  -------------------------------------------------------------
  data required time                                    0.03
  data arrival time                                    -0.09
  -------------------------------------------------------------
  slack (MET)                                           0.07


  Startpoint: u_exact_mul/clk_r_REG23_S5
              (rising edge-triggered flip-flop clocked by clk)
  Endpoint: u_exact_mul/clk_r_REG24_S6
            (rising edge-triggered flip-flop clocked by clk)
  Path Group: clk
  Path Type: min

  Des/Clust/Port     Wire Load Model       Library
  ------------------------------------------------
  exact_fp32_mul_7stage ZeroWireload       tcbn65gplustc_ccs
  exact_fp32_mul_7stage_DW_lp_piped_fp_mult_J1_0 ZeroWireload tcbn65gplustc_ccs

  Point                                      Incr       Path
  -------------------------------------------------------------
  clock clk (rise edge)                      0.00       0.00
  clock network delay (ideal)                0.00       0.00
  u_exact_mul/clk_r_REG23_S5/CP (DFQD1)      0.00       0.00 r
  u_exact_mul/clk_r_REG23_S5/Q (DFQD1)       0.09       0.09 f
  u_exact_mul/clk_r_REG24_S6/D (DFQD1)       0.00       0.09 f
  data arrival time                                     0.09

  clock clk (rise edge)                      0.00       0.00
  clock network delay (ideal)                0.00       0.00
  u_exact_mul/clk_r_REG24_S6/CP (DFQD1)      0.00       0.00 r
  library hold time                          0.03       0.03
  data required time                                    0.03
  -------------------------------------------------------------
  data required time                                    0.03
  data arrival time                                    -0.09
  -------------------------------------------------------------
  slack (MET)                                           0.07


  Startpoint: u_exact_mul/clk_r_REG29_S5
              (rising edge-triggered flip-flop clocked by clk)
  Endpoint: u_exact_mul/clk_r_REG30_S6
            (rising edge-triggered flip-flop clocked by clk)
  Path Group: clk
  Path Type: min

  Des/Clust/Port     Wire Load Model       Library
  ------------------------------------------------
  exact_fp32_mul_7stage ZeroWireload       tcbn65gplustc_ccs
  exact_fp32_mul_7stage_DW_lp_piped_fp_mult_J1_0 ZeroWireload tcbn65gplustc_ccs

  Point                                      Incr       Path
  -------------------------------------------------------------
  clock clk (rise edge)                      0.00       0.00
  clock network delay (ideal)                0.00       0.00
  u_exact_mul/clk_r_REG29_S5/CP (DFQD1)      0.00       0.00 r
  u_exact_mul/clk_r_REG29_S5/Q (DFQD1)       0.09       0.09 f
  u_exact_mul/clk_r_REG30_S6/D (DFQD1)       0.00       0.09 f
  data arrival time                                     0.09

  clock clk (rise edge)                      0.00       0.00
  clock network delay (ideal)                0.00       0.00
  u_exact_mul/clk_r_REG30_S6/CP (DFQD1)      0.00       0.00 r
  library hold time                          0.03       0.03
  data required time                                    0.03
  -------------------------------------------------------------
  data required time                                    0.03
  data arrival time                                    -0.09
  -------------------------------------------------------------
  slack (MET)                                           0.07


  Startpoint: u_exact_mul/clk_r_REG45_S5
              (rising edge-triggered flip-flop clocked by clk)
  Endpoint: u_exact_mul/clk_r_REG46_S6
            (rising edge-triggered flip-flop clocked by clk)
  Path Group: clk
  Path Type: min

  Des/Clust/Port     Wire Load Model       Library
  ------------------------------------------------
  exact_fp32_mul_7stage ZeroWireload       tcbn65gplustc_ccs
  exact_fp32_mul_7stage_DW_lp_piped_fp_mult_J1_0 ZeroWireload tcbn65gplustc_ccs

  Point                                      Incr       Path
  -------------------------------------------------------------
  clock clk (rise edge)                      0.00       0.00
  clock network delay (ideal)                0.00       0.00
  u_exact_mul/clk_r_REG45_S5/CP (DFQD1)      0.00       0.00 r
  u_exact_mul/clk_r_REG45_S5/Q (DFQD1)       0.09       0.09 f
  u_exact_mul/clk_r_REG46_S6/D (DFQD1)       0.00       0.09 f
  data arrival time                                     0.09

  clock clk (rise edge)                      0.00       0.00
  clock network delay (ideal)                0.00       0.00
  u_exact_mul/clk_r_REG46_S6/CP (DFQD1)      0.00       0.00 r
  library hold time                          0.03       0.03
  data required time                                    0.03
  -------------------------------------------------------------
  data required time                                    0.03
  data arrival time                                    -0.09
  -------------------------------------------------------------
  slack (MET)                                           0.07


  Startpoint: u_exact_mul/clk_r_REG63_S5
              (rising edge-triggered flip-flop clocked by clk)
  Endpoint: u_exact_mul/clk_r_REG64_S6
            (rising edge-triggered flip-flop clocked by clk)
  Path Group: clk
  Path Type: min

  Des/Clust/Port     Wire Load Model       Library
  ------------------------------------------------
  exact_fp32_mul_7stage ZeroWireload       tcbn65gplustc_ccs
  exact_fp32_mul_7stage_DW_lp_piped_fp_mult_J1_0 ZeroWireload tcbn65gplustc_ccs

  Point                                      Incr       Path
  -------------------------------------------------------------
  clock clk (rise edge)                      0.00       0.00
  clock network delay (ideal)                0.00       0.00
  u_exact_mul/clk_r_REG63_S5/CP (DFQD1)      0.00       0.00 r
  u_exact_mul/clk_r_REG63_S5/Q (DFQD1)       0.09       0.09 f
  u_exact_mul/clk_r_REG64_S6/D (DFQD1)       0.00       0.09 f
  data arrival time                                     0.09

  clock clk (rise edge)                      0.00       0.00
  clock network delay (ideal)                0.00       0.00
  u_exact_mul/clk_r_REG64_S6/CP (DFQD1)      0.00       0.00 r
  library hold time                          0.03       0.03
  data required time                                    0.03
  -------------------------------------------------------------
  data required time                                    0.03
  data arrival time                                    -0.09
  -------------------------------------------------------------
  slack (MET)                                           0.07


  Startpoint: u_exact_mul/clk_r_REG43_S5
              (rising edge-triggered flip-flop clocked by clk)
  Endpoint: u_exact_mul/clk_r_REG44_S6
            (rising edge-triggered flip-flop clocked by clk)
  Path Group: clk
  Path Type: min

  Des/Clust/Port     Wire Load Model       Library
  ------------------------------------------------
  exact_fp32_mul_7stage ZeroWireload       tcbn65gplustc_ccs
  exact_fp32_mul_7stage_DW_lp_piped_fp_mult_J1_0 ZeroWireload tcbn65gplustc_ccs

  Point                                      Incr       Path
  -------------------------------------------------------------
  clock clk (rise edge)                      0.00       0.00
  clock network delay (ideal)                0.00       0.00
  u_exact_mul/clk_r_REG43_S5/CP (DFQD1)      0.00       0.00 r
  u_exact_mul/clk_r_REG43_S5/Q (DFQD1)       0.09       0.09 f
  u_exact_mul/clk_r_REG44_S6/D (DFQD1)       0.00       0.09 f
  data arrival time                                     0.09

  clock clk (rise edge)                      0.00       0.00
  clock network delay (ideal)                0.00       0.00
  u_exact_mul/clk_r_REG44_S6/CP (DFQD1)      0.00       0.00 r
  library hold time                          0.03       0.03
  data required time                                    0.03
  -------------------------------------------------------------
  data required time                                    0.03
  data arrival time                                    -0.09
  -------------------------------------------------------------
  slack (MET)                                           0.07


  Startpoint: u_exact_mul/clk_r_REG61_S5
              (rising edge-triggered flip-flop clocked by clk)
  Endpoint: u_exact_mul/clk_r_REG62_S6
            (rising edge-triggered flip-flop clocked by clk)
  Path Group: clk
  Path Type: min

  Des/Clust/Port     Wire Load Model       Library
  ------------------------------------------------
  exact_fp32_mul_7stage ZeroWireload       tcbn65gplustc_ccs
  exact_fp32_mul_7stage_DW_lp_piped_fp_mult_J1_0 ZeroWireload tcbn65gplustc_ccs

  Point                                      Incr       Path
  -------------------------------------------------------------
  clock clk (rise edge)                      0.00       0.00
  clock network delay (ideal)                0.00       0.00
  u_exact_mul/clk_r_REG61_S5/CP (DFQD1)      0.00       0.00 r
  u_exact_mul/clk_r_REG61_S5/Q (DFQD1)       0.09       0.09 f
  u_exact_mul/clk_r_REG62_S6/D (DFQD1)       0.00       0.09 f
  data arrival time                                     0.09

  clock clk (rise edge)                      0.00       0.00
  clock network delay (ideal)                0.00       0.00
  u_exact_mul/clk_r_REG62_S6/CP (DFQD1)      0.00       0.00 r
  library hold time                          0.03       0.03
  data required time                                    0.03
  -------------------------------------------------------------
  data required time                                    0.03
  data arrival time                                    -0.09
  -------------------------------------------------------------
  slack (MET)                                           0.07


  Startpoint: u_exact_mul/clk_r_REG33_S5
              (rising edge-triggered flip-flop clocked by clk)
  Endpoint: u_exact_mul/clk_r_REG34_S6
            (rising edge-triggered flip-flop clocked by clk)
  Path Group: clk
  Path Type: min

  Des/Clust/Port     Wire Load Model       Library
  ------------------------------------------------
  exact_fp32_mul_7stage ZeroWireload       tcbn65gplustc_ccs
  exact_fp32_mul_7stage_DW_lp_piped_fp_mult_J1_0 ZeroWireload tcbn65gplustc_ccs

  Point                                      Incr       Path
  -------------------------------------------------------------
  clock clk (rise edge)                      0.00       0.00
  clock network delay (ideal)                0.00       0.00
  u_exact_mul/clk_r_REG33_S5/CP (DFQD1)      0.00       0.00 r
  u_exact_mul/clk_r_REG33_S5/Q (DFQD1)       0.09       0.09 f
  u_exact_mul/clk_r_REG34_S6/D (DFQD1)       0.00       0.09 f
  data arrival time                                     0.09

  clock clk (rise edge)                      0.00       0.00
  clock network delay (ideal)                0.00       0.00
  u_exact_mul/clk_r_REG34_S6/CP (DFQD1)      0.00       0.00 r
  library hold time                          0.03       0.03
  data required time                                    0.03
  -------------------------------------------------------------
  data required time                                    0.03
  data arrival time                                    -0.09
  -------------------------------------------------------------
  slack (MET)                                           0.07


  Startpoint: u_exact_mul/clk_r_REG53_S5
              (rising edge-triggered flip-flop clocked by clk)
  Endpoint: u_exact_mul/clk_r_REG54_S6
            (rising edge-triggered flip-flop clocked by clk)
  Path Group: clk
  Path Type: min

  Des/Clust/Port     Wire Load Model       Library
  ------------------------------------------------
  exact_fp32_mul_7stage ZeroWireload       tcbn65gplustc_ccs
  exact_fp32_mul_7stage_DW_lp_piped_fp_mult_J1_0 ZeroWireload tcbn65gplustc_ccs

  Point                                      Incr       Path
  -------------------------------------------------------------
  clock clk (rise edge)                      0.00       0.00
  clock network delay (ideal)                0.00       0.00
  u_exact_mul/clk_r_REG53_S5/CP (DFQD1)      0.00       0.00 r
  u_exact_mul/clk_r_REG53_S5/Q (DFQD1)       0.09       0.09 f
  u_exact_mul/clk_r_REG54_S6/D (DFQD1)       0.00       0.09 f
  data arrival time                                     0.09

  clock clk (rise edge)                      0.00       0.00
  clock network delay (ideal)                0.00       0.00
  u_exact_mul/clk_r_REG54_S6/CP (DFQD1)      0.00       0.00 r
  library hold time                          0.03       0.03
  data required time                                    0.03
  -------------------------------------------------------------
  data required time                                    0.03
  data arrival time                                    -0.09
  -------------------------------------------------------------
  slack (MET)                                           0.07


  Startpoint: u_exact_mul/clk_r_REG59_S5
              (rising edge-triggered flip-flop clocked by clk)
  Endpoint: u_exact_mul/clk_r_REG60_S6
            (rising edge-triggered flip-flop clocked by clk)
  Path Group: clk
  Path Type: min

  Des/Clust/Port     Wire Load Model       Library
  ------------------------------------------------
  exact_fp32_mul_7stage ZeroWireload       tcbn65gplustc_ccs
  exact_fp32_mul_7stage_DW_lp_piped_fp_mult_J1_0 ZeroWireload tcbn65gplustc_ccs

  Point                                      Incr       Path
  -------------------------------------------------------------
  clock clk (rise edge)                      0.00       0.00
  clock network delay (ideal)                0.00       0.00
  u_exact_mul/clk_r_REG59_S5/CP (DFQD1)      0.00       0.00 r
  u_exact_mul/clk_r_REG59_S5/Q (DFQD1)       0.09       0.09 f
  u_exact_mul/clk_r_REG60_S6/D (DFQD1)       0.00       0.09 f
  data arrival time                                     0.09

  clock clk (rise edge)                      0.00       0.00
  clock network delay (ideal)                0.00       0.00
  u_exact_mul/clk_r_REG60_S6/CP (DFQD1)      0.00       0.00 r
  library hold time                          0.03       0.03
  data required time                                    0.03
  -------------------------------------------------------------
  data required time                                    0.03
  data arrival time                                    -0.09
  -------------------------------------------------------------
  slack (MET)                                           0.07


  Startpoint: u_exact_mul/clk_r_REG35_S5
              (rising edge-triggered flip-flop clocked by clk)
  Endpoint: u_exact_mul/clk_r_REG36_S6
            (rising edge-triggered flip-flop clocked by clk)
  Path Group: clk
  Path Type: min

  Des/Clust/Port     Wire Load Model       Library
  ------------------------------------------------
  exact_fp32_mul_7stage ZeroWireload       tcbn65gplustc_ccs
  exact_fp32_mul_7stage_DW_lp_piped_fp_mult_J1_0 ZeroWireload tcbn65gplustc_ccs

  Point                                      Incr       Path
  -------------------------------------------------------------
  clock clk (rise edge)                      0.00       0.00
  clock network delay (ideal)                0.00       0.00
  u_exact_mul/clk_r_REG35_S5/CP (DFQD1)      0.00       0.00 r
  u_exact_mul/clk_r_REG35_S5/Q (DFQD1)       0.09       0.09 f
  u_exact_mul/clk_r_REG36_S6/D (DFQD1)       0.00       0.09 f
  data arrival time                                     0.09

  clock clk (rise edge)                      0.00       0.00
  clock network delay (ideal)                0.00       0.00
  u_exact_mul/clk_r_REG36_S6/CP (DFQD1)      0.00       0.00 r
  library hold time                          0.03       0.03
  data required time                                    0.03
  -------------------------------------------------------------
  data required time                                    0.03
  data arrival time                                    -0.09
  -------------------------------------------------------------
  slack (MET)                                           0.07


  Startpoint: u_exact_mul/clk_r_REG41_S5
              (rising edge-triggered flip-flop clocked by clk)
  Endpoint: u_exact_mul/clk_r_REG42_S6
            (rising edge-triggered flip-flop clocked by clk)
  Path Group: clk
  Path Type: min

  Des/Clust/Port     Wire Load Model       Library
  ------------------------------------------------
  exact_fp32_mul_7stage ZeroWireload       tcbn65gplustc_ccs
  exact_fp32_mul_7stage_DW_lp_piped_fp_mult_J1_0 ZeroWireload tcbn65gplustc_ccs

  Point                                      Incr       Path
  -------------------------------------------------------------
  clock clk (rise edge)                      0.00       0.00
  clock network delay (ideal)                0.00       0.00
  u_exact_mul/clk_r_REG41_S5/CP (DFQD1)      0.00       0.00 r
  u_exact_mul/clk_r_REG41_S5/Q (DFQD1)       0.09       0.09 f
  u_exact_mul/clk_r_REG42_S6/D (DFQD1)       0.00       0.09 f
  data arrival time                                     0.09

  clock clk (rise edge)                      0.00       0.00
  clock network delay (ideal)                0.00       0.00
  u_exact_mul/clk_r_REG42_S6/CP (DFQD1)      0.00       0.00 r
  library hold time                          0.03       0.03
  data required time                                    0.03
  -------------------------------------------------------------
  data required time                                    0.03
  data arrival time                                    -0.09
  -------------------------------------------------------------
  slack (MET)                                           0.07


  Startpoint: u_exact_mul/clk_r_REG57_S5
              (rising edge-triggered flip-flop clocked by clk)
  Endpoint: u_exact_mul/clk_r_REG58_S6
            (rising edge-triggered flip-flop clocked by clk)
  Path Group: clk
  Path Type: min

  Des/Clust/Port     Wire Load Model       Library
  ------------------------------------------------
  exact_fp32_mul_7stage ZeroWireload       tcbn65gplustc_ccs
  exact_fp32_mul_7stage_DW_lp_piped_fp_mult_J1_0 ZeroWireload tcbn65gplustc_ccs

  Point                                      Incr       Path
  -------------------------------------------------------------
  clock clk (rise edge)                      0.00       0.00
  clock network delay (ideal)                0.00       0.00
  u_exact_mul/clk_r_REG57_S5/CP (DFQD1)      0.00       0.00 r
  u_exact_mul/clk_r_REG57_S5/Q (DFQD1)       0.09       0.09 f
  u_exact_mul/clk_r_REG58_S6/D (DFQD1)       0.00       0.09 f
  data arrival time                                     0.09

  clock clk (rise edge)                      0.00       0.00
  clock network delay (ideal)                0.00       0.00
  u_exact_mul/clk_r_REG58_S6/CP (DFQD1)      0.00       0.00 r
  library hold time                          0.03       0.03
  data required time                                    0.03
  -------------------------------------------------------------
  data required time                                    0.03
  data arrival time                                    -0.09
  -------------------------------------------------------------
  slack (MET)                                           0.07


  Startpoint: u_exact_mul/clk_r_REG37_S5
              (rising edge-triggered flip-flop clocked by clk)
  Endpoint: u_exact_mul/clk_r_REG38_S6
            (rising edge-triggered flip-flop clocked by clk)
  Path Group: clk
  Path Type: min

  Des/Clust/Port     Wire Load Model       Library
  ------------------------------------------------
  exact_fp32_mul_7stage ZeroWireload       tcbn65gplustc_ccs
  exact_fp32_mul_7stage_DW_lp_piped_fp_mult_J1_0 ZeroWireload tcbn65gplustc_ccs

  Point                                      Incr       Path
  -------------------------------------------------------------
  clock clk (rise edge)                      0.00       0.00
  clock network delay (ideal)                0.00       0.00
  u_exact_mul/clk_r_REG37_S5/CP (DFQD1)      0.00       0.00 r
  u_exact_mul/clk_r_REG37_S5/Q (DFQD1)       0.09       0.09 f
  u_exact_mul/clk_r_REG38_S6/D (DFQD1)       0.00       0.09 f
  data arrival time                                     0.09

  clock clk (rise edge)                      0.00       0.00
  clock network delay (ideal)                0.00       0.00
  u_exact_mul/clk_r_REG38_S6/CP (DFQD1)      0.00       0.00 r
  library hold time                          0.03       0.03
  data required time                                    0.03
  -------------------------------------------------------------
  data required time                                    0.03
  data arrival time                                    -0.09
  -------------------------------------------------------------
  slack (MET)                                           0.07


  Startpoint: u_exact_mul/clk_r_REG39_S5
              (rising edge-triggered flip-flop clocked by clk)
  Endpoint: u_exact_mul/clk_r_REG40_S6
            (rising edge-triggered flip-flop clocked by clk)
  Path Group: clk
  Path Type: min

  Des/Clust/Port     Wire Load Model       Library
  ------------------------------------------------
  exact_fp32_mul_7stage ZeroWireload       tcbn65gplustc_ccs
  exact_fp32_mul_7stage_DW_lp_piped_fp_mult_J1_0 ZeroWireload tcbn65gplustc_ccs

  Point                                      Incr       Path
  -------------------------------------------------------------
  clock clk (rise edge)                      0.00       0.00
  clock network delay (ideal)                0.00       0.00
  u_exact_mul/clk_r_REG39_S5/CP (DFQD1)      0.00       0.00 r
  u_exact_mul/clk_r_REG39_S5/Q (DFQD1)       0.09       0.09 f
  u_exact_mul/clk_r_REG40_S6/D (DFQD1)       0.00       0.09 f
  data arrival time                                     0.09

  clock clk (rise edge)                      0.00       0.00
  clock network delay (ideal)                0.00       0.00
  u_exact_mul/clk_r_REG40_S6/CP (DFQD1)      0.00       0.00 r
  library hold time                          0.03       0.03
  data required time                                    0.03
  -------------------------------------------------------------
  data required time                                    0.03
  data arrival time                                    -0.09
  -------------------------------------------------------------
  slack (MET)                                           0.07


  Startpoint: u_exact_mul/clk_r_REG51_S5
              (rising edge-triggered flip-flop clocked by clk)
  Endpoint: u_exact_mul/clk_r_REG52_S6
            (rising edge-triggered flip-flop clocked by clk)
  Path Group: clk
  Path Type: min

  Des/Clust/Port     Wire Load Model       Library
  ------------------------------------------------
  exact_fp32_mul_7stage ZeroWireload       tcbn65gplustc_ccs
  exact_fp32_mul_7stage_DW_lp_piped_fp_mult_J1_0 ZeroWireload tcbn65gplustc_ccs

  Point                                      Incr       Path
  -------------------------------------------------------------
  clock clk (rise edge)                      0.00       0.00
  clock network delay (ideal)                0.00       0.00
  u_exact_mul/clk_r_REG51_S5/CP (DFQD1)      0.00       0.00 r
  u_exact_mul/clk_r_REG51_S5/Q (DFQD1)       0.09       0.09 f
  u_exact_mul/clk_r_REG52_S6/D (DFQD1)       0.00       0.09 f
  data arrival time                                     0.09

  clock clk (rise edge)                      0.00       0.00
  clock network delay (ideal)                0.00       0.00
  u_exact_mul/clk_r_REG52_S6/CP (DFQD1)      0.00       0.00 r
  library hold time                          0.03       0.03
  data required time                                    0.03
  -------------------------------------------------------------
  data required time                                    0.03
  data arrival time                                    -0.09
  -------------------------------------------------------------
  slack (MET)                                           0.07


  Startpoint: u_exact_mul/clk_r_REG67_S5
              (rising edge-triggered flip-flop clocked by clk)
  Endpoint: u_exact_mul/clk_r_REG68_S6
            (rising edge-triggered flip-flop clocked by clk)
  Path Group: clk
  Path Type: min

  Des/Clust/Port     Wire Load Model       Library
  ------------------------------------------------
  exact_fp32_mul_7stage ZeroWireload       tcbn65gplustc_ccs
  exact_fp32_mul_7stage_DW_lp_piped_fp_mult_J1_0 ZeroWireload tcbn65gplustc_ccs

  Point                                      Incr       Path
  -------------------------------------------------------------
  clock clk (rise edge)                      0.00       0.00
  clock network delay (ideal)                0.00       0.00
  u_exact_mul/clk_r_REG67_S5/CP (DFQD1)      0.00       0.00 r
  u_exact_mul/clk_r_REG67_S5/Q (DFQD1)       0.09       0.09 f
  u_exact_mul/clk_r_REG68_S6/D (DFQD1)       0.00       0.09 f
  data arrival time                                     0.09

  clock clk (rise edge)                      0.00       0.00
  clock network delay (ideal)                0.00       0.00
  u_exact_mul/clk_r_REG68_S6/CP (DFQD1)      0.00       0.00 r
  library hold time                          0.03       0.03
  data required time                                    0.03
  -------------------------------------------------------------
  data required time                                    0.03
  data arrival time                                    -0.09
  -------------------------------------------------------------
  slack (MET)                                           0.07


  Startpoint: u_exact_mul/clk_r_REG25_S5
              (rising edge-triggered flip-flop clocked by clk)
  Endpoint: u_exact_mul/clk_r_REG26_S6
            (rising edge-triggered flip-flop clocked by clk)
  Path Group: clk
  Path Type: min

  Des/Clust/Port     Wire Load Model       Library
  ------------------------------------------------
  exact_fp32_mul_7stage ZeroWireload       tcbn65gplustc_ccs
  exact_fp32_mul_7stage_DW_lp_piped_fp_mult_J1_0 ZeroWireload tcbn65gplustc_ccs

  Point                                      Incr       Path
  -------------------------------------------------------------
  clock clk (rise edge)                      0.00       0.00
  clock network delay (ideal)                0.00       0.00
  u_exact_mul/clk_r_REG25_S5/CP (DFQD1)      0.00       0.00 r
  u_exact_mul/clk_r_REG25_S5/Q (DFQD1)       0.09       0.09 f
  u_exact_mul/clk_r_REG26_S6/D (DFQD1)       0.00       0.09 f
  data arrival time                                     0.09

  clock clk (rise edge)                      0.00       0.00
  clock network delay (ideal)                0.00       0.00
  u_exact_mul/clk_r_REG26_S6/CP (DFQD1)      0.00       0.00 r
  library hold time                          0.03       0.03
  data required time                                    0.03
  -------------------------------------------------------------
  data required time                                    0.03
  data arrival time                                    -0.09
  -------------------------------------------------------------
  slack (MET)                                           0.07


  Startpoint: u_exact_mul/clk_r_REG49_S5
              (rising edge-triggered flip-flop clocked by clk)
  Endpoint: u_exact_mul/clk_r_REG50_S6
            (rising edge-triggered flip-flop clocked by clk)
  Path Group: clk
  Path Type: min

  Des/Clust/Port     Wire Load Model       Library
  ------------------------------------------------
  exact_fp32_mul_7stage ZeroWireload       tcbn65gplustc_ccs
  exact_fp32_mul_7stage_DW_lp_piped_fp_mult_J1_0 ZeroWireload tcbn65gplustc_ccs

  Point                                      Incr       Path
  -------------------------------------------------------------
  clock clk (rise edge)                      0.00       0.00
  clock network delay (ideal)                0.00       0.00
  u_exact_mul/clk_r_REG49_S5/CP (DFQD1)      0.00       0.00 r
  u_exact_mul/clk_r_REG49_S5/Q (DFQD1)       0.09       0.09 f
  u_exact_mul/clk_r_REG50_S6/D (DFQD1)       0.00       0.09 f
  data arrival time                                     0.09

  clock clk (rise edge)                      0.00       0.00
  clock network delay (ideal)                0.00       0.00
  u_exact_mul/clk_r_REG50_S6/CP (DFQD1)      0.00       0.00 r
  library hold time                          0.03       0.03
  data required time                                    0.03
  -------------------------------------------------------------
  data required time                                    0.03
  data arrival time                                    -0.09
  -------------------------------------------------------------
  slack (MET)                                           0.07


  Startpoint: u_exact_mul/clk_r_REG65_S5
              (rising edge-triggered flip-flop clocked by clk)
  Endpoint: u_exact_mul/clk_r_REG66_S6
            (rising edge-triggered flip-flop clocked by clk)
  Path Group: clk
  Path Type: min

  Des/Clust/Port     Wire Load Model       Library
  ------------------------------------------------
  exact_fp32_mul_7stage ZeroWireload       tcbn65gplustc_ccs
  exact_fp32_mul_7stage_DW_lp_piped_fp_mult_J1_0 ZeroWireload tcbn65gplustc_ccs

  Point                                      Incr       Path
  -------------------------------------------------------------
  clock clk (rise edge)                      0.00       0.00
  clock network delay (ideal)                0.00       0.00
  u_exact_mul/clk_r_REG65_S5/CP (DFQD1)      0.00       0.00 r
  u_exact_mul/clk_r_REG65_S5/Q (DFQD1)       0.09       0.09 f
  u_exact_mul/clk_r_REG66_S6/D (DFQD1)       0.00       0.09 f
  data arrival time                                     0.09

  clock clk (rise edge)                      0.00       0.00
  clock network delay (ideal)                0.00       0.00
  u_exact_mul/clk_r_REG66_S6/CP (DFQD1)      0.00       0.00 r
  library hold time                          0.03       0.03
  data required time                                    0.03
  -------------------------------------------------------------
  data required time                                    0.03
  data arrival time                                    -0.09
  -------------------------------------------------------------
  slack (MET)                                           0.07


  Startpoint: u_exact_mul/clk_r_REG27_S5
              (rising edge-triggered flip-flop clocked by clk)
  Endpoint: u_exact_mul/clk_r_REG28_S6
            (rising edge-triggered flip-flop clocked by clk)
  Path Group: clk
  Path Type: min

  Des/Clust/Port     Wire Load Model       Library
  ------------------------------------------------
  exact_fp32_mul_7stage ZeroWireload       tcbn65gplustc_ccs
  exact_fp32_mul_7stage_DW_lp_piped_fp_mult_J1_0 ZeroWireload tcbn65gplustc_ccs

  Point                                      Incr       Path
  -------------------------------------------------------------
  clock clk (rise edge)                      0.00       0.00
  clock network delay (ideal)                0.00       0.00
  u_exact_mul/clk_r_REG27_S5/CP (DFQD1)      0.00       0.00 r
  u_exact_mul/clk_r_REG27_S5/Q (DFQD1)       0.09       0.09 f
  u_exact_mul/clk_r_REG28_S6/D (DFQD1)       0.00       0.09 f
  data arrival time                                     0.09

  clock clk (rise edge)                      0.00       0.00
  clock network delay (ideal)                0.00       0.00
  u_exact_mul/clk_r_REG28_S6/CP (DFQD1)      0.00       0.00 r
  library hold time                          0.03       0.03
  data required time                                    0.03
  -------------------------------------------------------------
  data required time                                    0.03
  data arrival time                                    -0.09
  -------------------------------------------------------------
  slack (MET)                                           0.07


  Startpoint: u_exact_mul/clk_r_REG47_S5
              (rising edge-triggered flip-flop clocked by clk)
  Endpoint: u_exact_mul/clk_r_REG48_S6
            (rising edge-triggered flip-flop clocked by clk)
  Path Group: clk
  Path Type: min

  Des/Clust/Port     Wire Load Model       Library
  ------------------------------------------------
  exact_fp32_mul_7stage ZeroWireload       tcbn65gplustc_ccs
  exact_fp32_mul_7stage_DW_lp_piped_fp_mult_J1_0 ZeroWireload tcbn65gplustc_ccs

  Point                                      Incr       Path
  -------------------------------------------------------------
  clock clk (rise edge)                      0.00       0.00
  clock network delay (ideal)                0.00       0.00
  u_exact_mul/clk_r_REG47_S5/CP (DFQD1)      0.00       0.00 r
  u_exact_mul/clk_r_REG47_S5/Q (DFQD1)       0.09       0.09 f
  u_exact_mul/clk_r_REG48_S6/D (DFQD1)       0.00       0.09 f
  data arrival time                                     0.09

  clock clk (rise edge)                      0.00       0.00
  clock network delay (ideal)                0.00       0.00
  u_exact_mul/clk_r_REG48_S6/CP (DFQD1)      0.00       0.00 r
  library hold time                          0.03       0.03
  data required time                                    0.03
  -------------------------------------------------------------
  data required time                                    0.03
  data arrival time                                    -0.09
  -------------------------------------------------------------
  slack (MET)                                           0.07


  Startpoint: u_exact_mul/clk_r_REG69_S5
              (rising edge-triggered flip-flop clocked by clk)
  Endpoint: u_exact_mul/clk_r_REG70_S6
            (rising edge-triggered flip-flop clocked by clk)
  Path Group: clk
  Path Type: min

  Des/Clust/Port     Wire Load Model       Library
  ------------------------------------------------
  exact_fp32_mul_7stage ZeroWireload       tcbn65gplustc_ccs
  exact_fp32_mul_7stage_DW_lp_piped_fp_mult_J1_0 ZeroWireload tcbn65gplustc_ccs

  Point                                      Incr       Path
  -------------------------------------------------------------
  clock clk (rise edge)                      0.00       0.00
  clock network delay (ideal)                0.00       0.00
  u_exact_mul/clk_r_REG69_S5/CP (DFQD1)      0.00       0.00 r
  u_exact_mul/clk_r_REG69_S5/Q (DFQD1)       0.09       0.09 f
  u_exact_mul/clk_r_REG70_S6/D (DFQD1)       0.00       0.09 f
  data arrival time                                     0.09

  clock clk (rise edge)                      0.00       0.00
  clock network delay (ideal)                0.00       0.00
  u_exact_mul/clk_r_REG70_S6/CP (DFQD1)      0.00       0.00 r
  library hold time                          0.03       0.03
  data required time                                    0.03
  -------------------------------------------------------------
  data required time                                    0.03
  data arrival time                                    -0.09
  -------------------------------------------------------------
  slack (MET)                                           0.07


  Startpoint: u_exact_mul/clk_r_REG31_S5
              (rising edge-triggered flip-flop clocked by clk)
  Endpoint: u_exact_mul/clk_r_REG32_S6
            (rising edge-triggered flip-flop clocked by clk)
  Path Group: clk
  Path Type: min

  Des/Clust/Port     Wire Load Model       Library
  ------------------------------------------------
  exact_fp32_mul_7stage ZeroWireload       tcbn65gplustc_ccs
  exact_fp32_mul_7stage_DW_lp_piped_fp_mult_J1_0 ZeroWireload tcbn65gplustc_ccs

  Point                                      Incr       Path
  -------------------------------------------------------------
  clock clk (rise edge)                      0.00       0.00
  clock network delay (ideal)                0.00       0.00
  u_exact_mul/clk_r_REG31_S5/CP (DFQD1)      0.00       0.00 r
  u_exact_mul/clk_r_REG31_S5/Q (DFQD1)       0.09       0.09 f
  u_exact_mul/clk_r_REG32_S6/D (DFQD1)       0.00       0.09 f
  data arrival time                                     0.09

  clock clk (rise edge)                      0.00       0.00
  clock network delay (ideal)                0.00       0.00
  u_exact_mul/clk_r_REG32_S6/CP (DFQD1)      0.00       0.00 r
  library hold time                          0.03       0.03
  data required time                                    0.03
  -------------------------------------------------------------
  data required time                                    0.03
  data arrival time                                    -0.09
  -------------------------------------------------------------
  slack (MET)                                           0.07


  Startpoint: u_exact_mul/clk_r_REG55_S5
              (rising edge-triggered flip-flop clocked by clk)
  Endpoint: u_exact_mul/clk_r_REG56_S6
            (rising edge-triggered flip-flop clocked by clk)
  Path Group: clk
  Path Type: min

  Des/Clust/Port     Wire Load Model       Library
  ------------------------------------------------
  exact_fp32_mul_7stage ZeroWireload       tcbn65gplustc_ccs
  exact_fp32_mul_7stage_DW_lp_piped_fp_mult_J1_0 ZeroWireload tcbn65gplustc_ccs

  Point                                      Incr       Path
  -------------------------------------------------------------
  clock clk (rise edge)                      0.00       0.00
  clock network delay (ideal)                0.00       0.00
  u_exact_mul/clk_r_REG55_S5/CP (DFQD1)      0.00       0.00 r
  u_exact_mul/clk_r_REG55_S5/Q (DFQD1)       0.09       0.09 f
  u_exact_mul/clk_r_REG56_S6/D (DFQD1)       0.00       0.09 f
  data arrival time                                     0.09

  clock clk (rise edge)                      0.00       0.00
  clock network delay (ideal)                0.00       0.00
  u_exact_mul/clk_r_REG56_S6/CP (DFQD1)      0.00       0.00 r
  library hold time                          0.03       0.03
  data required time                                    0.03
  -------------------------------------------------------------
  data required time                                    0.03
  data arrival time                                    -0.09
  -------------------------------------------------------------
  slack (MET)                                           0.07


  Startpoint: u_exact_mul/U_fp_mult/clk_r_REG74_S3
              (rising edge-triggered flip-flop clocked by clk)
  Endpoint: u_exact_mul/U_fp_mult/clk_r_REG75_S4
            (rising edge-triggered flip-flop clocked by clk)
  Path Group: clk
  Path Type: min

  Des/Clust/Port     Wire Load Model       Library
  ------------------------------------------------
  exact_fp32_mul_7stage ZeroWireload       tcbn65gplustc_ccs
  exact_fp32_mul_7stage_DW_lp_piped_fp_mult_J1_0 ZeroWireload tcbn65gplustc_ccs

  Point                                                Incr       Path
  -----------------------------------------------------------------------
  clock clk (rise edge)                                0.00       0.00
  clock network delay (ideal)                          0.00       0.00
  u_exact_mul/U_fp_mult/clk_r_REG74_S3/CP (DFQD1)      0.00       0.00 r
  u_exact_mul/U_fp_mult/clk_r_REG74_S3/Q (DFQD1)       0.09       0.09 f
  u_exact_mul/U_fp_mult/clk_r_REG75_S4/D (DFQD1)       0.00       0.09 f
  data arrival time                                               0.09

  clock clk (rise edge)                                0.00       0.00
  clock network delay (ideal)                          0.00       0.00
  u_exact_mul/U_fp_mult/clk_r_REG75_S4/CP (DFQD1)      0.00       0.00 r
  library hold time                                    0.03       0.03
  data required time                                              0.03
  -----------------------------------------------------------------------
  data required time                                              0.03
  data arrival time                                              -0.09
  -----------------------------------------------------------------------
  slack (MET)                                                     0.07


  Startpoint: u_exact_mul/U_fp_mult/clk_r_REG73_S2
              (rising edge-triggered flip-flop clocked by clk)
  Endpoint: u_exact_mul/U_fp_mult/clk_r_REG74_S3
            (rising edge-triggered flip-flop clocked by clk)
  Path Group: clk
  Path Type: min

  Des/Clust/Port     Wire Load Model       Library
  ------------------------------------------------
  exact_fp32_mul_7stage ZeroWireload       tcbn65gplustc_ccs
  exact_fp32_mul_7stage_DW_lp_piped_fp_mult_J1_0 ZeroWireload tcbn65gplustc_ccs

  Point                                                Incr       Path
  -----------------------------------------------------------------------
  clock clk (rise edge)                                0.00       0.00
  clock network delay (ideal)                          0.00       0.00
  u_exact_mul/U_fp_mult/clk_r_REG73_S2/CP (DFQD1)      0.00       0.00 r
  u_exact_mul/U_fp_mult/clk_r_REG73_S2/Q (DFQD1)       0.09       0.09 f
  u_exact_mul/U_fp_mult/clk_r_REG74_S3/D (DFQD1)       0.00       0.09 f
  data arrival time                                               0.09

  clock clk (rise edge)                                0.00       0.00
  clock network delay (ideal)                          0.00       0.00
  u_exact_mul/U_fp_mult/clk_r_REG74_S3/CP (DFQD1)      0.00       0.00 r
  library hold time                                    0.03       0.03
  data required time                                              0.03
  -----------------------------------------------------------------------
  data required time                                              0.03
  data arrival time                                              -0.09
  -----------------------------------------------------------------------
  slack (MET)                                                     0.07


  Startpoint: u_exact_mul/U_fp_mult/clk_r_REG71_S3
              (rising edge-triggered flip-flop clocked by clk)
  Endpoint: u_exact_mul/U_fp_mult/clk_r_REG72_S4
            (rising edge-triggered flip-flop clocked by clk)
  Path Group: clk
  Path Type: min

  Des/Clust/Port     Wire Load Model       Library
  ------------------------------------------------
  exact_fp32_mul_7stage ZeroWireload       tcbn65gplustc_ccs
  exact_fp32_mul_7stage_DW_lp_piped_fp_mult_J1_0 ZeroWireload tcbn65gplustc_ccs

  Point                                                Incr       Path
  -----------------------------------------------------------------------
  clock clk (rise edge)                                0.00       0.00
  clock network delay (ideal)                          0.00       0.00
  u_exact_mul/U_fp_mult/clk_r_REG71_S3/CP (DFQD1)      0.00       0.00 r
  u_exact_mul/U_fp_mult/clk_r_REG71_S3/Q (DFQD1)       0.09       0.09 f
  u_exact_mul/U_fp_mult/clk_r_REG72_S4/D (DFQD1)       0.00       0.09 f
  data arrival time                                               0.09

  clock clk (rise edge)                                0.00       0.00
  clock network delay (ideal)                          0.00       0.00
  u_exact_mul/U_fp_mult/clk_r_REG72_S4/CP (DFQD1)      0.00       0.00 r
  library hold time                                    0.03       0.03
  data required time                                              0.03
  -----------------------------------------------------------------------
  data required time                                              0.03
  data arrival time                                              -0.09
  -----------------------------------------------------------------------
  slack (MET)                                                     0.07


  Startpoint: u_exact_mul/U_fp_mult/clk_r_REG5_S2
              (rising edge-triggered flip-flop clocked by clk)
  Endpoint: u_exact_mul/U_fp_mult/clk_r_REG71_S3
            (rising edge-triggered flip-flop clocked by clk)
  Path Group: clk
  Path Type: min

  Des/Clust/Port     Wire Load Model       Library
  ------------------------------------------------
  exact_fp32_mul_7stage ZeroWireload       tcbn65gplustc_ccs
  exact_fp32_mul_7stage_DW_lp_piped_fp_mult_J1_0 ZeroWireload tcbn65gplustc_ccs

  Point                                               Incr       Path
  ----------------------------------------------------------------------
  clock clk (rise edge)                               0.00       0.00
  clock network delay (ideal)                         0.00       0.00
  u_exact_mul/U_fp_mult/clk_r_REG5_S2/CP (DFQD1)      0.00       0.00 r
  u_exact_mul/U_fp_mult/clk_r_REG5_S2/Q (DFQD1)       0.09       0.09 f
  u_exact_mul/U_fp_mult/clk_r_REG71_S3/D (DFQD1)      0.00       0.09 f
  data arrival time                                              0.09

  clock clk (rise edge)                               0.00       0.00
  clock network delay (ideal)                         0.00       0.00
  u_exact_mul/U_fp_mult/clk_r_REG71_S3/CP (DFQD1)     0.00       0.00 r
  library hold time                                   0.03       0.03
  data required time                                             0.03
  ----------------------------------------------------------------------
  data required time                                             0.03
  data arrival time                                             -0.09
  ----------------------------------------------------------------------
  slack (MET)                                                    0.07


  Startpoint: u_exact_mul/U_fp_mult/clk_r_REG7_S3
              (rising edge-triggered flip-flop clocked by clk)
  Endpoint: u_exact_mul/U_fp_mult/clk_r_REG8_S4
            (rising edge-triggered flip-flop clocked by clk)
  Path Group: clk
  Path Type: min

  Des/Clust/Port     Wire Load Model       Library
  ------------------------------------------------
  exact_fp32_mul_7stage ZeroWireload       tcbn65gplustc_ccs
  exact_fp32_mul_7stage_DW_lp_piped_fp_mult_J1_0 ZeroWireload tcbn65gplustc_ccs

  Point                                               Incr       Path
  ----------------------------------------------------------------------
  clock clk (rise edge)                               0.00       0.00
  clock network delay (ideal)                         0.00       0.00
  u_exact_mul/U_fp_mult/clk_r_REG7_S3/CP (DFQD1)      0.00       0.00 r
  u_exact_mul/U_fp_mult/clk_r_REG7_S3/Q (DFQD1)       0.09       0.09 f
  u_exact_mul/U_fp_mult/clk_r_REG8_S4/D (DFQD1)       0.00       0.09 f
  data arrival time                                              0.09

  clock clk (rise edge)                               0.00       0.00
  clock network delay (ideal)                         0.00       0.00
  u_exact_mul/U_fp_mult/clk_r_REG8_S4/CP (DFQD1)      0.00       0.00 r
  library hold time                                   0.03       0.03
  data required time                                             0.03
  ----------------------------------------------------------------------
  data required time                                             0.03
  data arrival time                                             -0.09
  ----------------------------------------------------------------------
  slack (MET)                                                    0.07


  Startpoint: u_exact_mul/U_fp_mult/clk_r_REG6_S2
              (rising edge-triggered flip-flop clocked by clk)
  Endpoint: u_exact_mul/U_fp_mult/clk_r_REG7_S3
            (rising edge-triggered flip-flop clocked by clk)
  Path Group: clk
  Path Type: min

  Des/Clust/Port     Wire Load Model       Library
  ------------------------------------------------
  exact_fp32_mul_7stage ZeroWireload       tcbn65gplustc_ccs
  exact_fp32_mul_7stage_DW_lp_piped_fp_mult_J1_0 ZeroWireload tcbn65gplustc_ccs

  Point                                               Incr       Path
  ----------------------------------------------------------------------
  clock clk (rise edge)                               0.00       0.00
  clock network delay (ideal)                         0.00       0.00
  u_exact_mul/U_fp_mult/clk_r_REG6_S2/CP (DFQD1)      0.00       0.00 r
  u_exact_mul/U_fp_mult/clk_r_REG6_S2/Q (DFQD1)       0.09       0.09 f
  u_exact_mul/U_fp_mult/clk_r_REG7_S3/D (DFQD1)       0.00       0.09 f
  data arrival time                                              0.09

  clock clk (rise edge)                               0.00       0.00
  clock network delay (ideal)                         0.00       0.00
  u_exact_mul/U_fp_mult/clk_r_REG7_S3/CP (DFQD1)      0.00       0.00 r
  library hold time                                   0.03       0.03
  data required time                                             0.03
  ----------------------------------------------------------------------
  data required time                                             0.03
  data arrival time                                             -0.09
  ----------------------------------------------------------------------
  slack (MET)                                                    0.07


  Startpoint: u_exact_mul/U_fp_mult/clk_r_REG104_S3
              (rising edge-triggered flip-flop clocked by clk)
  Endpoint: u_exact_mul/U_fp_mult/clk_r_REG105_S4
            (rising edge-triggered flip-flop clocked by clk)
  Path Group: clk
  Path Type: min

  Des/Clust/Port     Wire Load Model       Library
  ------------------------------------------------
  exact_fp32_mul_7stage ZeroWireload       tcbn65gplustc_ccs
  exact_fp32_mul_7stage_DW_lp_piped_fp_mult_J1_0 ZeroWireload tcbn65gplustc_ccs

  Point                                                 Incr       Path
  ------------------------------------------------------------------------
  clock clk (rise edge)                                 0.00       0.00
  clock network delay (ideal)                           0.00       0.00
  u_exact_mul/U_fp_mult/clk_r_REG104_S3/CP (DFQD1)      0.00       0.00 r
  u_exact_mul/U_fp_mult/clk_r_REG104_S3/Q (DFQD1)       0.09       0.09 f
  u_exact_mul/U_fp_mult/clk_r_REG105_S4/D (DFQD1)       0.00       0.09 f
  data arrival time                                                0.09

  clock clk (rise edge)                                 0.00       0.00
  clock network delay (ideal)                           0.00       0.00
  u_exact_mul/U_fp_mult/clk_r_REG105_S4/CP (DFQD1)      0.00       0.00 r
  library hold time                                     0.03       0.03
  data required time                                               0.03
  ------------------------------------------------------------------------
  data required time                                               0.03
  data arrival time                                               -0.09
  ------------------------------------------------------------------------
  slack (MET)                                                      0.07


  Startpoint: u_exact_mul/U_fp_mult/clk_r_REG103_S2
              (rising edge-triggered flip-flop clocked by clk)
  Endpoint: u_exact_mul/U_fp_mult/clk_r_REG104_S3
            (rising edge-triggered flip-flop clocked by clk)
  Path Group: clk
  Path Type: min

  Des/Clust/Port     Wire Load Model       Library
  ------------------------------------------------
  exact_fp32_mul_7stage ZeroWireload       tcbn65gplustc_ccs
  exact_fp32_mul_7stage_DW_lp_piped_fp_mult_J1_0 ZeroWireload tcbn65gplustc_ccs

  Point                                                 Incr       Path
  ------------------------------------------------------------------------
  clock clk (rise edge)                                 0.00       0.00
  clock network delay (ideal)                           0.00       0.00
  u_exact_mul/U_fp_mult/clk_r_REG103_S2/CP (DFQD1)      0.00       0.00 r
  u_exact_mul/U_fp_mult/clk_r_REG103_S2/Q (DFQD1)       0.09       0.09 f
  u_exact_mul/U_fp_mult/clk_r_REG104_S3/D (DFQD1)       0.00       0.09 f
  data arrival time                                                0.09

  clock clk (rise edge)                                 0.00       0.00
  clock network delay (ideal)                           0.00       0.00
  u_exact_mul/U_fp_mult/clk_r_REG104_S3/CP (DFQD1)      0.00       0.00 r
  library hold time                                     0.03       0.03
  data required time                                               0.03
  ------------------------------------------------------------------------
  data required time                                               0.03
  data arrival time                                               -0.09
  ------------------------------------------------------------------------
  slack (MET)                                                      0.07


  Startpoint: u_exact_mul/U_fp_mult/clk_r_REG101_S3
              (rising edge-triggered flip-flop clocked by clk)
  Endpoint: u_exact_mul/U_fp_mult/clk_r_REG102_S4
            (rising edge-triggered flip-flop clocked by clk)
  Path Group: clk
  Path Type: min

  Des/Clust/Port     Wire Load Model       Library
  ------------------------------------------------
  exact_fp32_mul_7stage ZeroWireload       tcbn65gplustc_ccs
  exact_fp32_mul_7stage_DW_lp_piped_fp_mult_J1_0 ZeroWireload tcbn65gplustc_ccs

  Point                                                 Incr       Path
  ------------------------------------------------------------------------
  clock clk (rise edge)                                 0.00       0.00
  clock network delay (ideal)                           0.00       0.00
  u_exact_mul/U_fp_mult/clk_r_REG101_S3/CP (DFQD1)      0.00       0.00 r
  u_exact_mul/U_fp_mult/clk_r_REG101_S3/Q (DFQD1)       0.09       0.09 f
  u_exact_mul/U_fp_mult/clk_r_REG102_S4/D (DFQD1)       0.00       0.09 f
  data arrival time                                                0.09

  clock clk (rise edge)                                 0.00       0.00
  clock network delay (ideal)                           0.00       0.00
  u_exact_mul/U_fp_mult/clk_r_REG102_S4/CP (DFQD1)      0.00       0.00 r
  library hold time                                     0.03       0.03
  data required time                                               0.03
  ------------------------------------------------------------------------
  data required time                                               0.03
  data arrival time                                               -0.09
  ------------------------------------------------------------------------
  slack (MET)                                                      0.07


  Startpoint: u_exact_mul/U_fp_mult/clk_r_REG100_S2
              (rising edge-triggered flip-flop clocked by clk)
  Endpoint: u_exact_mul/U_fp_mult/clk_r_REG101_S3
            (rising edge-triggered flip-flop clocked by clk)
  Path Group: clk
  Path Type: min

  Des/Clust/Port     Wire Load Model       Library
  ------------------------------------------------
  exact_fp32_mul_7stage ZeroWireload       tcbn65gplustc_ccs
  exact_fp32_mul_7stage_DW_lp_piped_fp_mult_J1_0 ZeroWireload tcbn65gplustc_ccs

  Point                                                 Incr       Path
  ------------------------------------------------------------------------
  clock clk (rise edge)                                 0.00       0.00
  clock network delay (ideal)                           0.00       0.00
  u_exact_mul/U_fp_mult/clk_r_REG100_S2/CP (DFQD1)      0.00       0.00 r
  u_exact_mul/U_fp_mult/clk_r_REG100_S2/Q (DFQD1)       0.09       0.09 f
  u_exact_mul/U_fp_mult/clk_r_REG101_S3/D (DFQD1)       0.00       0.09 f
  data arrival time                                                0.09

  clock clk (rise edge)                                 0.00       0.00
  clock network delay (ideal)                           0.00       0.00
  u_exact_mul/U_fp_mult/clk_r_REG101_S3/CP (DFQD1)      0.00       0.00 r
  library hold time                                     0.03       0.03
  data required time                                               0.03
  ------------------------------------------------------------------------
  data required time                                               0.03
  data arrival time                                               -0.09
  ------------------------------------------------------------------------
  slack (MET)                                                      0.07


  Startpoint: u_exact_mul/U_fp_mult/clk_r_REG98_S3
              (rising edge-triggered flip-flop clocked by clk)
  Endpoint: u_exact_mul/U_fp_mult/clk_r_REG99_S4
            (rising edge-triggered flip-flop clocked by clk)
  Path Group: clk
  Path Type: min

  Des/Clust/Port     Wire Load Model       Library
  ------------------------------------------------
  exact_fp32_mul_7stage ZeroWireload       tcbn65gplustc_ccs
  exact_fp32_mul_7stage_DW_lp_piped_fp_mult_J1_0 ZeroWireload tcbn65gplustc_ccs

  Point                                                Incr       Path
  -----------------------------------------------------------------------
  clock clk (rise edge)                                0.00       0.00
  clock network delay (ideal)                          0.00       0.00
  u_exact_mul/U_fp_mult/clk_r_REG98_S3/CP (DFQD1)      0.00       0.00 r
  u_exact_mul/U_fp_mult/clk_r_REG98_S3/Q (DFQD1)       0.09       0.09 f
  u_exact_mul/U_fp_mult/clk_r_REG99_S4/D (DFQD1)       0.00       0.09 f
  data arrival time                                               0.09

  clock clk (rise edge)                                0.00       0.00
  clock network delay (ideal)                          0.00       0.00
  u_exact_mul/U_fp_mult/clk_r_REG99_S4/CP (DFQD1)      0.00       0.00 r
  library hold time                                    0.03       0.03
  data required time                                              0.03
  -----------------------------------------------------------------------
  data required time                                              0.03
  data arrival time                                              -0.09
  -----------------------------------------------------------------------
  slack (MET)                                                     0.07


  Startpoint: u_exact_mul/U_fp_mult/clk_r_REG97_S2
              (rising edge-triggered flip-flop clocked by clk)
  Endpoint: u_exact_mul/U_fp_mult/clk_r_REG98_S3
            (rising edge-triggered flip-flop clocked by clk)
  Path Group: clk
  Path Type: min

  Des/Clust/Port     Wire Load Model       Library
  ------------------------------------------------
  exact_fp32_mul_7stage ZeroWireload       tcbn65gplustc_ccs
  exact_fp32_mul_7stage_DW_lp_piped_fp_mult_J1_0 ZeroWireload tcbn65gplustc_ccs

  Point                                                Incr       Path
  -----------------------------------------------------------------------
  clock clk (rise edge)                                0.00       0.00
  clock network delay (ideal)                          0.00       0.00
  u_exact_mul/U_fp_mult/clk_r_REG97_S2/CP (DFQD1)      0.00       0.00 r
  u_exact_mul/U_fp_mult/clk_r_REG97_S2/Q (DFQD1)       0.09       0.09 f
  u_exact_mul/U_fp_mult/clk_r_REG98_S3/D (DFQD1)       0.00       0.09 f
  data arrival time                                               0.09

  clock clk (rise edge)                                0.00       0.00
  clock network delay (ideal)                          0.00       0.00
  u_exact_mul/U_fp_mult/clk_r_REG98_S3/CP (DFQD1)      0.00       0.00 r
  library hold time                                    0.03       0.03
  data required time                                              0.03
  -----------------------------------------------------------------------
  data required time                                              0.03
  data arrival time                                              -0.09
  -----------------------------------------------------------------------
  slack (MET)                                                     0.07


  Startpoint: u_exact_mul/U_fp_mult/clk_r_REG95_S3
              (rising edge-triggered flip-flop clocked by clk)
  Endpoint: u_exact_mul/U_fp_mult/clk_r_REG96_S4
            (rising edge-triggered flip-flop clocked by clk)
  Path Group: clk
  Path Type: min

  Des/Clust/Port     Wire Load Model       Library
  ------------------------------------------------
  exact_fp32_mul_7stage ZeroWireload       tcbn65gplustc_ccs
  exact_fp32_mul_7stage_DW_lp_piped_fp_mult_J1_0 ZeroWireload tcbn65gplustc_ccs

  Point                                                Incr       Path
  -----------------------------------------------------------------------
  clock clk (rise edge)                                0.00       0.00
  clock network delay (ideal)                          0.00       0.00
  u_exact_mul/U_fp_mult/clk_r_REG95_S3/CP (DFQD1)      0.00       0.00 r
  u_exact_mul/U_fp_mult/clk_r_REG95_S3/Q (DFQD1)       0.09       0.09 f
  u_exact_mul/U_fp_mult/clk_r_REG96_S4/D (DFQD1)       0.00       0.09 f
  data arrival time                                               0.09

  clock clk (rise edge)                                0.00       0.00
  clock network delay (ideal)                          0.00       0.00
  u_exact_mul/U_fp_mult/clk_r_REG96_S4/CP (DFQD1)      0.00       0.00 r
  library hold time                                    0.03       0.03
  data required time                                              0.03
  -----------------------------------------------------------------------
  data required time                                              0.03
  data arrival time                                              -0.09
  -----------------------------------------------------------------------
  slack (MET)                                                     0.07


  Startpoint: u_exact_mul/U_fp_mult/clk_r_REG94_S2
              (rising edge-triggered flip-flop clocked by clk)
  Endpoint: u_exact_mul/U_fp_mult/clk_r_REG95_S3
            (rising edge-triggered flip-flop clocked by clk)
  Path Group: clk
  Path Type: min

  Des/Clust/Port     Wire Load Model       Library
  ------------------------------------------------
  exact_fp32_mul_7stage ZeroWireload       tcbn65gplustc_ccs
  exact_fp32_mul_7stage_DW_lp_piped_fp_mult_J1_0 ZeroWireload tcbn65gplustc_ccs

  Point                                                Incr       Path
  -----------------------------------------------------------------------
  clock clk (rise edge)                                0.00       0.00
  clock network delay (ideal)                          0.00       0.00
  u_exact_mul/U_fp_mult/clk_r_REG94_S2/CP (DFQD1)      0.00       0.00 r
  u_exact_mul/U_fp_mult/clk_r_REG94_S2/Q (DFQD1)       0.09       0.09 f
  u_exact_mul/U_fp_mult/clk_r_REG95_S3/D (DFQD1)       0.00       0.09 f
  data arrival time                                               0.09

  clock clk (rise edge)                                0.00       0.00
  clock network delay (ideal)                          0.00       0.00
  u_exact_mul/U_fp_mult/clk_r_REG95_S3/CP (DFQD1)      0.00       0.00 r
  library hold time                                    0.03       0.03
  data required time                                              0.03
  -----------------------------------------------------------------------
  data required time                                              0.03
  data arrival time                                              -0.09
  -----------------------------------------------------------------------
  slack (MET)                                                     0.07


  Startpoint: u_exact_mul/U_fp_mult/clk_r_REG92_S3
              (rising edge-triggered flip-flop clocked by clk)
  Endpoint: u_exact_mul/U_fp_mult/clk_r_REG93_S4
            (rising edge-triggered flip-flop clocked by clk)
  Path Group: clk
  Path Type: min

  Des/Clust/Port     Wire Load Model       Library
  ------------------------------------------------
  exact_fp32_mul_7stage ZeroWireload       tcbn65gplustc_ccs
  exact_fp32_mul_7stage_DW_lp_piped_fp_mult_J1_0 ZeroWireload tcbn65gplustc_ccs

  Point                                                Incr       Path
  -----------------------------------------------------------------------
  clock clk (rise edge)                                0.00       0.00
  clock network delay (ideal)                          0.00       0.00
  u_exact_mul/U_fp_mult/clk_r_REG92_S3/CP (DFQD1)      0.00       0.00 r
  u_exact_mul/U_fp_mult/clk_r_REG92_S3/Q (DFQD1)       0.09       0.09 f
  u_exact_mul/U_fp_mult/clk_r_REG93_S4/D (DFQD1)       0.00       0.09 f
  data arrival time                                               0.09

  clock clk (rise edge)                                0.00       0.00
  clock network delay (ideal)                          0.00       0.00
  u_exact_mul/U_fp_mult/clk_r_REG93_S4/CP (DFQD1)      0.00       0.00 r
  library hold time                                    0.03       0.03
  data required time                                              0.03
  -----------------------------------------------------------------------
  data required time                                              0.03
  data arrival time                                              -0.09
  -----------------------------------------------------------------------
  slack (MET)                                                     0.07


  Startpoint: u_exact_mul/U_fp_mult/clk_r_REG91_S2
              (rising edge-triggered flip-flop clocked by clk)
  Endpoint: u_exact_mul/U_fp_mult/clk_r_REG92_S3
            (rising edge-triggered flip-flop clocked by clk)
  Path Group: clk
  Path Type: min

  Des/Clust/Port     Wire Load Model       Library
  ------------------------------------------------
  exact_fp32_mul_7stage ZeroWireload       tcbn65gplustc_ccs
  exact_fp32_mul_7stage_DW_lp_piped_fp_mult_J1_0 ZeroWireload tcbn65gplustc_ccs

  Point                                                Incr       Path
  -----------------------------------------------------------------------
  clock clk (rise edge)                                0.00       0.00
  clock network delay (ideal)                          0.00       0.00
  u_exact_mul/U_fp_mult/clk_r_REG91_S2/CP (DFQD1)      0.00       0.00 r
  u_exact_mul/U_fp_mult/clk_r_REG91_S2/Q (DFQD1)       0.09       0.09 f
  u_exact_mul/U_fp_mult/clk_r_REG92_S3/D (DFQD1)       0.00       0.09 f
  data arrival time                                               0.09

  clock clk (rise edge)                                0.00       0.00
  clock network delay (ideal)                          0.00       0.00
  u_exact_mul/U_fp_mult/clk_r_REG92_S3/CP (DFQD1)      0.00       0.00 r
  library hold time                                    0.03       0.03
  data required time                                              0.03
  -----------------------------------------------------------------------
  data required time                                              0.03
  data arrival time                                              -0.09
  -----------------------------------------------------------------------
  slack (MET)                                                     0.07


  Startpoint: u_exact_mul/U_fp_mult/clk_r_REG89_S3
              (rising edge-triggered flip-flop clocked by clk)
  Endpoint: u_exact_mul/U_fp_mult/clk_r_REG90_S4
            (rising edge-triggered flip-flop clocked by clk)
  Path Group: clk
  Path Type: min

  Des/Clust/Port     Wire Load Model       Library
  ------------------------------------------------
  exact_fp32_mul_7stage ZeroWireload       tcbn65gplustc_ccs
  exact_fp32_mul_7stage_DW_lp_piped_fp_mult_J1_0 ZeroWireload tcbn65gplustc_ccs

  Point                                                Incr       Path
  -----------------------------------------------------------------------
  clock clk (rise edge)                                0.00       0.00
  clock network delay (ideal)                          0.00       0.00
  u_exact_mul/U_fp_mult/clk_r_REG89_S3/CP (DFQD1)      0.00       0.00 r
  u_exact_mul/U_fp_mult/clk_r_REG89_S3/Q (DFQD1)       0.09       0.09 f
  u_exact_mul/U_fp_mult/clk_r_REG90_S4/D (DFQD1)       0.00       0.09 f
  data arrival time                                               0.09

  clock clk (rise edge)                                0.00       0.00
  clock network delay (ideal)                          0.00       0.00
  u_exact_mul/U_fp_mult/clk_r_REG90_S4/CP (DFQD1)      0.00       0.00 r
  library hold time                                    0.03       0.03
  data required time                                              0.03
  -----------------------------------------------------------------------
  data required time                                              0.03
  data arrival time                                              -0.09
  -----------------------------------------------------------------------
  slack (MET)                                                     0.07


  Startpoint: u_exact_mul/U_fp_mult/clk_r_REG88_S2
              (rising edge-triggered flip-flop clocked by clk)
  Endpoint: u_exact_mul/U_fp_mult/clk_r_REG89_S3
            (rising edge-triggered flip-flop clocked by clk)
  Path Group: clk
  Path Type: min

  Des/Clust/Port     Wire Load Model       Library
  ------------------------------------------------
  exact_fp32_mul_7stage ZeroWireload       tcbn65gplustc_ccs
  exact_fp32_mul_7stage_DW_lp_piped_fp_mult_J1_0 ZeroWireload tcbn65gplustc_ccs

  Point                                                Incr       Path
  -----------------------------------------------------------------------
  clock clk (rise edge)                                0.00       0.00
  clock network delay (ideal)                          0.00       0.00
  u_exact_mul/U_fp_mult/clk_r_REG88_S2/CP (DFQD1)      0.00       0.00 r
  u_exact_mul/U_fp_mult/clk_r_REG88_S2/Q (DFQD1)       0.09       0.09 f
  u_exact_mul/U_fp_mult/clk_r_REG89_S3/D (DFQD1)       0.00       0.09 f
  data arrival time                                               0.09

  clock clk (rise edge)                                0.00       0.00
  clock network delay (ideal)                          0.00       0.00
  u_exact_mul/U_fp_mult/clk_r_REG89_S3/CP (DFQD1)      0.00       0.00 r
  library hold time                                    0.03       0.03
  data required time                                              0.03
  -----------------------------------------------------------------------
  data required time                                              0.03
  data arrival time                                              -0.09
  -----------------------------------------------------------------------
  slack (MET)                                                     0.07


  Startpoint: u_exact_mul/U_fp_mult/clk_r_REG86_S3
              (rising edge-triggered flip-flop clocked by clk)
  Endpoint: u_exact_mul/U_fp_mult/clk_r_REG87_S4
            (rising edge-triggered flip-flop clocked by clk)
  Path Group: clk
  Path Type: min

  Des/Clust/Port     Wire Load Model       Library
  ------------------------------------------------
  exact_fp32_mul_7stage ZeroWireload       tcbn65gplustc_ccs
  exact_fp32_mul_7stage_DW_lp_piped_fp_mult_J1_0 ZeroWireload tcbn65gplustc_ccs

  Point                                                Incr       Path
  -----------------------------------------------------------------------
  clock clk (rise edge)                                0.00       0.00
  clock network delay (ideal)                          0.00       0.00
  u_exact_mul/U_fp_mult/clk_r_REG86_S3/CP (DFQD1)      0.00       0.00 r
  u_exact_mul/U_fp_mult/clk_r_REG86_S3/Q (DFQD1)       0.09       0.09 f
  u_exact_mul/U_fp_mult/clk_r_REG87_S4/D (DFQD1)       0.00       0.09 f
  data arrival time                                               0.09

  clock clk (rise edge)                                0.00       0.00
  clock network delay (ideal)                          0.00       0.00
  u_exact_mul/U_fp_mult/clk_r_REG87_S4/CP (DFQD1)      0.00       0.00 r
  library hold time                                    0.03       0.03
  data required time                                              0.03
  -----------------------------------------------------------------------
  data required time                                              0.03
  data arrival time                                              -0.09
  -----------------------------------------------------------------------
  slack (MET)                                                     0.07


  Startpoint: u_exact_mul/U_fp_mult/clk_r_REG85_S2
              (rising edge-triggered flip-flop clocked by clk)
  Endpoint: u_exact_mul/U_fp_mult/clk_r_REG86_S3
            (rising edge-triggered flip-flop clocked by clk)
  Path Group: clk
  Path Type: min

  Des/Clust/Port     Wire Load Model       Library
  ------------------------------------------------
  exact_fp32_mul_7stage ZeroWireload       tcbn65gplustc_ccs
  exact_fp32_mul_7stage_DW_lp_piped_fp_mult_J1_0 ZeroWireload tcbn65gplustc_ccs

  Point                                                Incr       Path
  -----------------------------------------------------------------------
  clock clk (rise edge)                                0.00       0.00
  clock network delay (ideal)                          0.00       0.00
  u_exact_mul/U_fp_mult/clk_r_REG85_S2/CP (DFQD1)      0.00       0.00 r
  u_exact_mul/U_fp_mult/clk_r_REG85_S2/Q (DFQD1)       0.09       0.09 f
  u_exact_mul/U_fp_mult/clk_r_REG86_S3/D (DFQD1)       0.00       0.09 f
  data arrival time                                               0.09

  clock clk (rise edge)                                0.00       0.00
  clock network delay (ideal)                          0.00       0.00
  u_exact_mul/U_fp_mult/clk_r_REG86_S3/CP (DFQD1)      0.00       0.00 r
  library hold time                                    0.03       0.03
  data required time                                              0.03
  -----------------------------------------------------------------------
  data required time                                              0.03
  data arrival time                                              -0.09
  -----------------------------------------------------------------------
  slack (MET)                                                     0.07


  Startpoint: u_exact_mul/U_fp_mult/clk_r_REG77_S3
              (rising edge-triggered flip-flop clocked by clk)
  Endpoint: u_exact_mul/U_fp_mult/clk_r_REG78_S4
            (rising edge-triggered flip-flop clocked by clk)
  Path Group: clk
  Path Type: min

  Des/Clust/Port     Wire Load Model       Library
  ------------------------------------------------
  exact_fp32_mul_7stage ZeroWireload       tcbn65gplustc_ccs
  exact_fp32_mul_7stage_DW_lp_piped_fp_mult_J1_0 ZeroWireload tcbn65gplustc_ccs

  Point                                                Incr       Path
  -----------------------------------------------------------------------
  clock clk (rise edge)                                0.00       0.00
  clock network delay (ideal)                          0.00       0.00
  u_exact_mul/U_fp_mult/clk_r_REG77_S3/CP (DFQD1)      0.00       0.00 r
  u_exact_mul/U_fp_mult/clk_r_REG77_S3/Q (DFQD1)       0.09       0.09 f
  u_exact_mul/U_fp_mult/clk_r_REG78_S4/D (DFQD1)       0.00       0.09 f
  data arrival time                                               0.09

  clock clk (rise edge)                                0.00       0.00
  clock network delay (ideal)                          0.00       0.00
  u_exact_mul/U_fp_mult/clk_r_REG78_S4/CP (DFQD1)      0.00       0.00 r
  library hold time                                    0.03       0.03
  data required time                                              0.03
  -----------------------------------------------------------------------
  data required time                                              0.03
  data arrival time                                              -0.09
  -----------------------------------------------------------------------
  slack (MET)                                                     0.07


  Startpoint: u_exact_mul/U_fp_mult/clk_r_REG76_S2
              (rising edge-triggered flip-flop clocked by clk)
  Endpoint: u_exact_mul/U_fp_mult/clk_r_REG77_S3
            (rising edge-triggered flip-flop clocked by clk)
  Path Group: clk
  Path Type: min

  Des/Clust/Port     Wire Load Model       Library
  ------------------------------------------------
  exact_fp32_mul_7stage ZeroWireload       tcbn65gplustc_ccs
  exact_fp32_mul_7stage_DW_lp_piped_fp_mult_J1_0 ZeroWireload tcbn65gplustc_ccs

  Point                                                Incr       Path
  -----------------------------------------------------------------------
  clock clk (rise edge)                                0.00       0.00
  clock network delay (ideal)                          0.00       0.00
  u_exact_mul/U_fp_mult/clk_r_REG76_S2/CP (DFQD1)      0.00       0.00 r
  u_exact_mul/U_fp_mult/clk_r_REG76_S2/Q (DFQD1)       0.09       0.09 f
  u_exact_mul/U_fp_mult/clk_r_REG77_S3/D (DFQD1)       0.00       0.09 f
  data arrival time                                               0.09

  clock clk (rise edge)                                0.00       0.00
  clock network delay (ideal)                          0.00       0.00
  u_exact_mul/U_fp_mult/clk_r_REG77_S3/CP (DFQD1)      0.00       0.00 r
  library hold time                                    0.03       0.03
  data required time                                              0.03
  -----------------------------------------------------------------------
  data required time                                              0.03
  data arrival time                                              -0.09
  -----------------------------------------------------------------------
  slack (MET)                                                     0.07


  Startpoint: u_exact_mul/U_fp_mult/clk_r_REG80_S3
              (rising edge-triggered flip-flop clocked by clk)
  Endpoint: u_exact_mul/U_fp_mult/clk_r_REG81_S4
            (rising edge-triggered flip-flop clocked by clk)
  Path Group: clk
  Path Type: min

  Des/Clust/Port     Wire Load Model       Library
  ------------------------------------------------
  exact_fp32_mul_7stage ZeroWireload       tcbn65gplustc_ccs
  exact_fp32_mul_7stage_DW_lp_piped_fp_mult_J1_0 ZeroWireload tcbn65gplustc_ccs

  Point                                                Incr       Path
  -----------------------------------------------------------------------
  clock clk (rise edge)                                0.00       0.00
  clock network delay (ideal)                          0.00       0.00
  u_exact_mul/U_fp_mult/clk_r_REG80_S3/CP (DFQD1)      0.00       0.00 r
  u_exact_mul/U_fp_mult/clk_r_REG80_S3/Q (DFQD1)       0.09       0.09 f
  u_exact_mul/U_fp_mult/clk_r_REG81_S4/D (DFQD1)       0.00       0.09 f
  data arrival time                                               0.09

  clock clk (rise edge)                                0.00       0.00
  clock network delay (ideal)                          0.00       0.00
  u_exact_mul/U_fp_mult/clk_r_REG81_S4/CP (DFQD1)      0.00       0.00 r
  library hold time                                    0.03       0.03
  data required time                                              0.03
  -----------------------------------------------------------------------
  data required time                                              0.03
  data arrival time                                              -0.09
  -----------------------------------------------------------------------
  slack (MET)                                                     0.07


  Startpoint: u_exact_mul/U_fp_mult/clk_r_REG79_S2
              (rising edge-triggered flip-flop clocked by clk)
  Endpoint: u_exact_mul/U_fp_mult/clk_r_REG80_S3
            (rising edge-triggered flip-flop clocked by clk)
  Path Group: clk
  Path Type: min

  Des/Clust/Port     Wire Load Model       Library
  ------------------------------------------------
  exact_fp32_mul_7stage ZeroWireload       tcbn65gplustc_ccs
  exact_fp32_mul_7stage_DW_lp_piped_fp_mult_J1_0 ZeroWireload tcbn65gplustc_ccs

  Point                                                Incr       Path
  -----------------------------------------------------------------------
  clock clk (rise edge)                                0.00       0.00
  clock network delay (ideal)                          0.00       0.00
  u_exact_mul/U_fp_mult/clk_r_REG79_S2/CP (DFQD1)      0.00       0.00 r
  u_exact_mul/U_fp_mult/clk_r_REG79_S2/Q (DFQD1)       0.09       0.09 f
  u_exact_mul/U_fp_mult/clk_r_REG80_S3/D (DFQD1)       0.00       0.09 f
  data arrival time                                               0.09

  clock clk (rise edge)                                0.00       0.00
  clock network delay (ideal)                          0.00       0.00
  u_exact_mul/U_fp_mult/clk_r_REG80_S3/CP (DFQD1)      0.00       0.00 r
  library hold time                                    0.03       0.03
  data required time                                              0.03
  -----------------------------------------------------------------------
  data required time                                              0.03
  data arrival time                                              -0.09
  -----------------------------------------------------------------------
  slack (MET)                                                     0.07


  Startpoint: u_exact_mul/U_fp_mult/clk_r_REG83_S3
              (rising edge-triggered flip-flop clocked by clk)
  Endpoint: u_exact_mul/U_fp_mult/clk_r_REG84_S4
            (rising edge-triggered flip-flop clocked by clk)
  Path Group: clk
  Path Type: min

  Des/Clust/Port     Wire Load Model       Library
  ------------------------------------------------
  exact_fp32_mul_7stage ZeroWireload       tcbn65gplustc_ccs
  exact_fp32_mul_7stage_DW_lp_piped_fp_mult_J1_0 ZeroWireload tcbn65gplustc_ccs

  Point                                                Incr       Path
  -----------------------------------------------------------------------
  clock clk (rise edge)                                0.00       0.00
  clock network delay (ideal)                          0.00       0.00
  u_exact_mul/U_fp_mult/clk_r_REG83_S3/CP (DFQD1)      0.00       0.00 r
  u_exact_mul/U_fp_mult/clk_r_REG83_S3/Q (DFQD1)       0.09       0.09 f
  u_exact_mul/U_fp_mult/clk_r_REG84_S4/D (DFQD1)       0.00       0.09 f
  data arrival time                                               0.09

  clock clk (rise edge)                                0.00       0.00
  clock network delay (ideal)                          0.00       0.00
  u_exact_mul/U_fp_mult/clk_r_REG84_S4/CP (DFQD1)      0.00       0.00 r
  library hold time                                    0.03       0.03
  data required time                                              0.03
  -----------------------------------------------------------------------
  data required time                                              0.03
  data arrival time                                              -0.09
  -----------------------------------------------------------------------
  slack (MET)                                                     0.07


  Startpoint: u_exact_mul/U_fp_mult/clk_r_REG82_S2
              (rising edge-triggered flip-flop clocked by clk)
  Endpoint: u_exact_mul/U_fp_mult/clk_r_REG83_S3
            (rising edge-triggered flip-flop clocked by clk)
  Path Group: clk
  Path Type: min

  Des/Clust/Port     Wire Load Model       Library
  ------------------------------------------------
  exact_fp32_mul_7stage ZeroWireload       tcbn65gplustc_ccs
  exact_fp32_mul_7stage_DW_lp_piped_fp_mult_J1_0 ZeroWireload tcbn65gplustc_ccs

  Point                                                Incr       Path
  -----------------------------------------------------------------------
  clock clk (rise edge)                                0.00       0.00
  clock network delay (ideal)                          0.00       0.00
  u_exact_mul/U_fp_mult/clk_r_REG82_S2/CP (DFQD1)      0.00       0.00 r
  u_exact_mul/U_fp_mult/clk_r_REG82_S2/Q (DFQD1)       0.09       0.09 f
  u_exact_mul/U_fp_mult/clk_r_REG83_S3/D (DFQD1)       0.00       0.09 f
  data arrival time                                               0.09

  clock clk (rise edge)                                0.00       0.00
  clock network delay (ideal)                          0.00       0.00
  u_exact_mul/U_fp_mult/clk_r_REG83_S3/CP (DFQD1)      0.00       0.00 r
  library hold time                                    0.03       0.03
  data required time                                              0.03
  -----------------------------------------------------------------------
  data required time                                              0.03
  data arrival time                                              -0.09
  -----------------------------------------------------------------------
  slack (MET)                                                     0.07


  Startpoint: u_exact_mul/U_AIN_PL_REG/in_reg_a_reg[10]
              (rising edge-triggered flip-flop clocked by clk)
  Endpoint: u_exact_mul/U_fp_mult/mult_x_13/clk_r_REG278_S2
            (rising edge-triggered flip-flop clocked by clk)
  Path Group: clk
  Path Type: min

  Des/Clust/Port     Wire Load Model       Library
  ------------------------------------------------
  exact_fp32_mul_7stage ZeroWireload       tcbn65gplustc_ccs
  exact_fp32_mul_7stage_DW_lp_piped_fp_mult_J1_0 ZeroWireload tcbn65gplustc_ccs

  Point                                                          Incr       Path
  ---------------------------------------------------------------------------------
  clock clk (rise edge)                                          0.00       0.00
  clock network delay (ideal)                                    0.00       0.00
  u_exact_mul/U_AIN_PL_REG/in_reg_a_reg[10]/CP (DFQD1)           0.00       0.00 r
  u_exact_mul/U_AIN_PL_REG/in_reg_a_reg[10]/Q (DFQD1)            0.09       0.09 f
  u_exact_mul/U_fp_mult/mult_x_13/clk_r_REG278_S2/D (DFQD1)      0.00       0.09 f
  data arrival time                                                         0.09

  clock clk (rise edge)                                          0.00       0.00
  clock network delay (ideal)                                    0.00       0.00
  u_exact_mul/U_fp_mult/mult_x_13/clk_r_REG278_S2/CP (DFQD1)     0.00       0.00 r
  library hold time                                              0.03       0.03
  data required time                                                        0.03
  ---------------------------------------------------------------------------------
  data required time                                                        0.03
  data arrival time                                                        -0.09
  ---------------------------------------------------------------------------------
  slack (MET)                                                               0.07


  Startpoint: u_exact_mul/U_AIN_PL_REG/in_reg_a_reg[11]
              (rising edge-triggered flip-flop clocked by clk)
  Endpoint: u_exact_mul/U_fp_mult/mult_x_13/clk_r_REG277_S2
            (rising edge-triggered flip-flop clocked by clk)
  Path Group: clk
  Path Type: min

  Des/Clust/Port     Wire Load Model       Library
  ------------------------------------------------
  exact_fp32_mul_7stage ZeroWireload       tcbn65gplustc_ccs
  exact_fp32_mul_7stage_DW_lp_piped_fp_mult_J1_0 ZeroWireload tcbn65gplustc_ccs

  Point                                                          Incr       Path
  ---------------------------------------------------------------------------------
  clock clk (rise edge)                                          0.00       0.00
  clock network delay (ideal)                                    0.00       0.00
  u_exact_mul/U_AIN_PL_REG/in_reg_a_reg[11]/CP (DFQD1)           0.00       0.00 r
  u_exact_mul/U_AIN_PL_REG/in_reg_a_reg[11]/Q (DFQD1)            0.09       0.09 f
  u_exact_mul/U_fp_mult/mult_x_13/clk_r_REG277_S2/D (DFQD1)      0.00       0.09 f
  data arrival time                                                         0.09

  clock clk (rise edge)                                          0.00       0.00
  clock network delay (ideal)                                    0.00       0.00
  u_exact_mul/U_fp_mult/mult_x_13/clk_r_REG277_S2/CP (DFQD1)     0.00       0.00 r
  library hold time                                              0.03       0.03
  data required time                                                        0.03
  ---------------------------------------------------------------------------------
  data required time                                                        0.03
  data arrival time                                                        -0.09
  ---------------------------------------------------------------------------------
  slack (MET)                                                               0.07


  Startpoint: u_exact_mul/U_AIN_PL_REG/in_reg_a_reg[12]
              (rising edge-triggered flip-flop clocked by clk)
  Endpoint: u_exact_mul/U_fp_mult/mult_x_13/clk_r_REG276_S2
            (rising edge-triggered flip-flop clocked by clk)
  Path Group: clk
  Path Type: min

  Des/Clust/Port     Wire Load Model       Library
  ------------------------------------------------
  exact_fp32_mul_7stage ZeroWireload       tcbn65gplustc_ccs
  exact_fp32_mul_7stage_DW_lp_piped_fp_mult_J1_0 ZeroWireload tcbn65gplustc_ccs

  Point                                                          Incr       Path
  ---------------------------------------------------------------------------------
  clock clk (rise edge)                                          0.00       0.00
  clock network delay (ideal)                                    0.00       0.00
  u_exact_mul/U_AIN_PL_REG/in_reg_a_reg[12]/CP (DFQD1)           0.00       0.00 r
  u_exact_mul/U_AIN_PL_REG/in_reg_a_reg[12]/Q (DFQD1)            0.09       0.09 f
  u_exact_mul/U_fp_mult/mult_x_13/clk_r_REG276_S2/D (DFQD1)      0.00       0.09 f
  data arrival time                                                         0.09

  clock clk (rise edge)                                          0.00       0.00
  clock network delay (ideal)                                    0.00       0.00
  u_exact_mul/U_fp_mult/mult_x_13/clk_r_REG276_S2/CP (DFQD1)     0.00       0.00 r
  library hold time                                              0.03       0.03
  data required time                                                        0.03
  ---------------------------------------------------------------------------------
  data required time                                                        0.03
  data arrival time                                                        -0.09
  ---------------------------------------------------------------------------------
  slack (MET)                                                               0.07


  Startpoint: u_exact_mul/U_AIN_PL_REG/in_reg_a_reg[13]
              (rising edge-triggered flip-flop clocked by clk)
  Endpoint: u_exact_mul/U_fp_mult/mult_x_13/clk_r_REG275_S2
            (rising edge-triggered flip-flop clocked by clk)
  Path Group: clk
  Path Type: min

  Des/Clust/Port     Wire Load Model       Library
  ------------------------------------------------
  exact_fp32_mul_7stage ZeroWireload       tcbn65gplustc_ccs
  exact_fp32_mul_7stage_DW_lp_piped_fp_mult_J1_0 ZeroWireload tcbn65gplustc_ccs

  Point                                                          Incr       Path
  ---------------------------------------------------------------------------------
  clock clk (rise edge)                                          0.00       0.00
  clock network delay (ideal)                                    0.00       0.00
  u_exact_mul/U_AIN_PL_REG/in_reg_a_reg[13]/CP (DFQD1)           0.00       0.00 r
  u_exact_mul/U_AIN_PL_REG/in_reg_a_reg[13]/Q (DFQD1)            0.09       0.09 f
  u_exact_mul/U_fp_mult/mult_x_13/clk_r_REG275_S2/D (DFQD1)      0.00       0.09 f
  data arrival time                                                         0.09

  clock clk (rise edge)                                          0.00       0.00
  clock network delay (ideal)                                    0.00       0.00
  u_exact_mul/U_fp_mult/mult_x_13/clk_r_REG275_S2/CP (DFQD1)     0.00       0.00 r
  library hold time                                              0.03       0.03
  data required time                                                        0.03
  ---------------------------------------------------------------------------------
  data required time                                                        0.03
  data arrival time                                                        -0.09
  ---------------------------------------------------------------------------------
  slack (MET)                                                               0.07


  Startpoint: u_exact_mul/U_AIN_PL_REG/in_reg_a_reg[14]
              (rising edge-triggered flip-flop clocked by clk)
  Endpoint: u_exact_mul/U_fp_mult/mult_x_13/clk_r_REG274_S2
            (rising edge-triggered flip-flop clocked by clk)
  Path Group: clk
  Path Type: min

  Des/Clust/Port     Wire Load Model       Library
  ------------------------------------------------
  exact_fp32_mul_7stage ZeroWireload       tcbn65gplustc_ccs
  exact_fp32_mul_7stage_DW_lp_piped_fp_mult_J1_0 ZeroWireload tcbn65gplustc_ccs

  Point                                                          Incr       Path
  ---------------------------------------------------------------------------------
  clock clk (rise edge)                                          0.00       0.00
  clock network delay (ideal)                                    0.00       0.00
  u_exact_mul/U_AIN_PL_REG/in_reg_a_reg[14]/CP (DFQD1)           0.00       0.00 r
  u_exact_mul/U_AIN_PL_REG/in_reg_a_reg[14]/Q (DFQD1)            0.09       0.09 f
  u_exact_mul/U_fp_mult/mult_x_13/clk_r_REG274_S2/D (DFQD1)      0.00       0.09 f
  data arrival time                                                         0.09

  clock clk (rise edge)                                          0.00       0.00
  clock network delay (ideal)                                    0.00       0.00
  u_exact_mul/U_fp_mult/mult_x_13/clk_r_REG274_S2/CP (DFQD1)     0.00       0.00 r
  library hold time                                              0.03       0.03
  data required time                                                        0.03
  ---------------------------------------------------------------------------------
  data required time                                                        0.03
  data arrival time                                                        -0.09
  ---------------------------------------------------------------------------------
  slack (MET)                                                               0.07


  Startpoint: u_exact_mul/U_AIN_PL_REG/in_reg_a_reg[15]
              (rising edge-triggered flip-flop clocked by clk)
  Endpoint: u_exact_mul/U_fp_mult/mult_x_13/clk_r_REG273_S2
            (rising edge-triggered flip-flop clocked by clk)
  Path Group: clk
  Path Type: min

  Des/Clust/Port     Wire Load Model       Library
  ------------------------------------------------
  exact_fp32_mul_7stage ZeroWireload       tcbn65gplustc_ccs
  exact_fp32_mul_7stage_DW_lp_piped_fp_mult_J1_0 ZeroWireload tcbn65gplustc_ccs

  Point                                                          Incr       Path
  ---------------------------------------------------------------------------------
  clock clk (rise edge)                                          0.00       0.00
  clock network delay (ideal)                                    0.00       0.00
  u_exact_mul/U_AIN_PL_REG/in_reg_a_reg[15]/CP (DFQD1)           0.00       0.00 r
  u_exact_mul/U_AIN_PL_REG/in_reg_a_reg[15]/Q (DFQD1)            0.09       0.09 f
  u_exact_mul/U_fp_mult/mult_x_13/clk_r_REG273_S2/D (DFQD1)      0.00       0.09 f
  data arrival time                                                         0.09

  clock clk (rise edge)                                          0.00       0.00
  clock network delay (ideal)                                    0.00       0.00
  u_exact_mul/U_fp_mult/mult_x_13/clk_r_REG273_S2/CP (DFQD1)     0.00       0.00 r
  library hold time                                              0.03       0.03
  data required time                                                        0.03
  ---------------------------------------------------------------------------------
  data required time                                                        0.03
  data arrival time                                                        -0.09
  ---------------------------------------------------------------------------------
  slack (MET)                                                               0.07


  Startpoint: u_exact_mul/U_AIN_PL_REG/in_reg_a_reg[16]
              (rising edge-triggered flip-flop clocked by clk)
  Endpoint: u_exact_mul/U_fp_mult/mult_x_13/clk_r_REG272_S2
            (rising edge-triggered flip-flop clocked by clk)
  Path Group: clk
  Path Type: min

  Des/Clust/Port     Wire Load Model       Library
  ------------------------------------------------
  exact_fp32_mul_7stage ZeroWireload       tcbn65gplustc_ccs
  exact_fp32_mul_7stage_DW_lp_piped_fp_mult_J1_0 ZeroWireload tcbn65gplustc_ccs

  Point                                                          Incr       Path
  ---------------------------------------------------------------------------------
  clock clk (rise edge)                                          0.00       0.00
  clock network delay (ideal)                                    0.00       0.00
  u_exact_mul/U_AIN_PL_REG/in_reg_a_reg[16]/CP (DFQD1)           0.00       0.00 r
  u_exact_mul/U_AIN_PL_REG/in_reg_a_reg[16]/Q (DFQD1)            0.09       0.09 f
  u_exact_mul/U_fp_mult/mult_x_13/clk_r_REG272_S2/D (DFQD1)      0.00       0.09 f
  data arrival time                                                         0.09

  clock clk (rise edge)                                          0.00       0.00
  clock network delay (ideal)                                    0.00       0.00
  u_exact_mul/U_fp_mult/mult_x_13/clk_r_REG272_S2/CP (DFQD1)     0.00       0.00 r
  library hold time                                              0.03       0.03
  data required time                                                        0.03
  ---------------------------------------------------------------------------------
  data required time                                                        0.03
  data arrival time                                                        -0.09
  ---------------------------------------------------------------------------------
  slack (MET)                                                               0.07


  Startpoint: u_exact_mul/U_AIN_PL_REG/in_reg_a_reg[17]
              (rising edge-triggered flip-flop clocked by clk)
  Endpoint: u_exact_mul/U_fp_mult/mult_x_13/clk_r_REG271_S2
            (rising edge-triggered flip-flop clocked by clk)
  Path Group: clk
  Path Type: min

  Des/Clust/Port     Wire Load Model       Library
  ------------------------------------------------
  exact_fp32_mul_7stage ZeroWireload       tcbn65gplustc_ccs
  exact_fp32_mul_7stage_DW_lp_piped_fp_mult_J1_0 ZeroWireload tcbn65gplustc_ccs

  Point                                                          Incr       Path
  ---------------------------------------------------------------------------------
  clock clk (rise edge)                                          0.00       0.00
  clock network delay (ideal)                                    0.00       0.00
  u_exact_mul/U_AIN_PL_REG/in_reg_a_reg[17]/CP (DFQD1)           0.00       0.00 r
  u_exact_mul/U_AIN_PL_REG/in_reg_a_reg[17]/Q (DFQD1)            0.09       0.09 f
  u_exact_mul/U_fp_mult/mult_x_13/clk_r_REG271_S2/D (DFQD1)      0.00       0.09 f
  data arrival time                                                         0.09

  clock clk (rise edge)                                          0.00       0.00
  clock network delay (ideal)                                    0.00       0.00
  u_exact_mul/U_fp_mult/mult_x_13/clk_r_REG271_S2/CP (DFQD1)     0.00       0.00 r
  library hold time                                              0.03       0.03
  data required time                                                        0.03
  ---------------------------------------------------------------------------------
  data required time                                                        0.03
  data arrival time                                                        -0.09
  ---------------------------------------------------------------------------------
  slack (MET)                                                               0.07


  Startpoint: u_exact_mul/U_AIN_PL_REG/in_reg_a_reg[18]
              (rising edge-triggered flip-flop clocked by clk)
  Endpoint: u_exact_mul/U_fp_mult/mult_x_13/clk_r_REG270_S2
            (rising edge-triggered flip-flop clocked by clk)
  Path Group: clk
  Path Type: min

  Des/Clust/Port     Wire Load Model       Library
  ------------------------------------------------
  exact_fp32_mul_7stage ZeroWireload       tcbn65gplustc_ccs
  exact_fp32_mul_7stage_DW_lp_piped_fp_mult_J1_0 ZeroWireload tcbn65gplustc_ccs

  Point                                                          Incr       Path
  ---------------------------------------------------------------------------------
  clock clk (rise edge)                                          0.00       0.00
  clock network delay (ideal)                                    0.00       0.00
  u_exact_mul/U_AIN_PL_REG/in_reg_a_reg[18]/CP (DFQD1)           0.00       0.00 r
  u_exact_mul/U_AIN_PL_REG/in_reg_a_reg[18]/Q (DFQD1)            0.09       0.09 f
  u_exact_mul/U_fp_mult/mult_x_13/clk_r_REG270_S2/D (DFQD1)      0.00       0.09 f
  data arrival time                                                         0.09

  clock clk (rise edge)                                          0.00       0.00
  clock network delay (ideal)                                    0.00       0.00
  u_exact_mul/U_fp_mult/mult_x_13/clk_r_REG270_S2/CP (DFQD1)     0.00       0.00 r
  library hold time                                              0.03       0.03
  data required time                                                        0.03
  ---------------------------------------------------------------------------------
  data required time                                                        0.03
  data arrival time                                                        -0.09
  ---------------------------------------------------------------------------------
  slack (MET)                                                               0.07


  Startpoint: u_exact_mul/U_AIN_PL_REG/in_reg_a_reg[19]
              (rising edge-triggered flip-flop clocked by clk)
  Endpoint: u_exact_mul/U_fp_mult/mult_x_13/clk_r_REG269_S2
            (rising edge-triggered flip-flop clocked by clk)
  Path Group: clk
  Path Type: min

  Des/Clust/Port     Wire Load Model       Library
  ------------------------------------------------
  exact_fp32_mul_7stage ZeroWireload       tcbn65gplustc_ccs
  exact_fp32_mul_7stage_DW_lp_piped_fp_mult_J1_0 ZeroWireload tcbn65gplustc_ccs

  Point                                                          Incr       Path
  ---------------------------------------------------------------------------------
  clock clk (rise edge)                                          0.00       0.00
  clock network delay (ideal)                                    0.00       0.00
  u_exact_mul/U_AIN_PL_REG/in_reg_a_reg[19]/CP (DFQD1)           0.00       0.00 r
  u_exact_mul/U_AIN_PL_REG/in_reg_a_reg[19]/Q (DFQD1)            0.09       0.09 f
  u_exact_mul/U_fp_mult/mult_x_13/clk_r_REG269_S2/D (DFQD1)      0.00       0.09 f
  data arrival time                                                         0.09

  clock clk (rise edge)                                          0.00       0.00
  clock network delay (ideal)                                    0.00       0.00
  u_exact_mul/U_fp_mult/mult_x_13/clk_r_REG269_S2/CP (DFQD1)     0.00       0.00 r
  library hold time                                              0.03       0.03
  data required time                                                        0.03
  ---------------------------------------------------------------------------------
  data required time                                                        0.03
  data arrival time                                                        -0.09
  ---------------------------------------------------------------------------------
  slack (MET)                                                               0.07


  Startpoint: u_exact_mul/U_AIN_PL_REG/in_reg_a_reg[20]
              (rising edge-triggered flip-flop clocked by clk)
  Endpoint: u_exact_mul/U_fp_mult/mult_x_13/clk_r_REG268_S2
            (rising edge-triggered flip-flop clocked by clk)
  Path Group: clk
  Path Type: min

  Des/Clust/Port     Wire Load Model       Library
  ------------------------------------------------
  exact_fp32_mul_7stage ZeroWireload       tcbn65gplustc_ccs
  exact_fp32_mul_7stage_DW_lp_piped_fp_mult_J1_0 ZeroWireload tcbn65gplustc_ccs

  Point                                                          Incr       Path
  ---------------------------------------------------------------------------------
  clock clk (rise edge)                                          0.00       0.00
  clock network delay (ideal)                                    0.00       0.00
  u_exact_mul/U_AIN_PL_REG/in_reg_a_reg[20]/CP (DFQD1)           0.00       0.00 r
  u_exact_mul/U_AIN_PL_REG/in_reg_a_reg[20]/Q (DFQD1)            0.09       0.09 f
  u_exact_mul/U_fp_mult/mult_x_13/clk_r_REG268_S2/D (DFQD1)      0.00       0.09 f
  data arrival time                                                         0.09

  clock clk (rise edge)                                          0.00       0.00
  clock network delay (ideal)                                    0.00       0.00
  u_exact_mul/U_fp_mult/mult_x_13/clk_r_REG268_S2/CP (DFQD1)     0.00       0.00 r
  library hold time                                              0.03       0.03
  data required time                                                        0.03
  ---------------------------------------------------------------------------------
  data required time                                                        0.03
  data arrival time                                                        -0.09
  ---------------------------------------------------------------------------------
  slack (MET)                                                               0.07


  Startpoint: u_exact_mul/U_AIN_PL_REG/in_reg_a_reg[21]
              (rising edge-triggered flip-flop clocked by clk)
  Endpoint: u_exact_mul/U_fp_mult/mult_x_13/clk_r_REG267_S2
            (rising edge-triggered flip-flop clocked by clk)
  Path Group: clk
  Path Type: min

  Des/Clust/Port     Wire Load Model       Library
  ------------------------------------------------
  exact_fp32_mul_7stage ZeroWireload       tcbn65gplustc_ccs
  exact_fp32_mul_7stage_DW_lp_piped_fp_mult_J1_0 ZeroWireload tcbn65gplustc_ccs

  Point                                                          Incr       Path
  ---------------------------------------------------------------------------------
  clock clk (rise edge)                                          0.00       0.00
  clock network delay (ideal)                                    0.00       0.00
  u_exact_mul/U_AIN_PL_REG/in_reg_a_reg[21]/CP (DFQD1)           0.00       0.00 r
  u_exact_mul/U_AIN_PL_REG/in_reg_a_reg[21]/Q (DFQD1)            0.09       0.09 f
  u_exact_mul/U_fp_mult/mult_x_13/clk_r_REG267_S2/D (DFQD1)      0.00       0.09 f
  data arrival time                                                         0.09

  clock clk (rise edge)                                          0.00       0.00
  clock network delay (ideal)                                    0.00       0.00
  u_exact_mul/U_fp_mult/mult_x_13/clk_r_REG267_S2/CP (DFQD1)     0.00       0.00 r
  library hold time                                              0.03       0.03
  data required time                                                        0.03
  ---------------------------------------------------------------------------------
  data required time                                                        0.03
  data arrival time                                                        -0.09
  ---------------------------------------------------------------------------------
  slack (MET)                                                               0.07


  Startpoint: u_exact_mul/U_AIN_PL_REG/in_reg_a_reg[22]
              (rising edge-triggered flip-flop clocked by clk)
  Endpoint: u_exact_mul/U_fp_mult/mult_x_13/clk_r_REG266_S2
            (rising edge-triggered flip-flop clocked by clk)
  Path Group: clk
  Path Type: min

  Des/Clust/Port     Wire Load Model       Library
  ------------------------------------------------
  exact_fp32_mul_7stage ZeroWireload       tcbn65gplustc_ccs
  exact_fp32_mul_7stage_DW_lp_piped_fp_mult_J1_0 ZeroWireload tcbn65gplustc_ccs

  Point                                                          Incr       Path
  ---------------------------------------------------------------------------------
  clock clk (rise edge)                                          0.00       0.00
  clock network delay (ideal)                                    0.00       0.00
  u_exact_mul/U_AIN_PL_REG/in_reg_a_reg[22]/CP (DFQD1)           0.00       0.00 r
  u_exact_mul/U_AIN_PL_REG/in_reg_a_reg[22]/Q (DFQD1)            0.09       0.09 f
  u_exact_mul/U_fp_mult/mult_x_13/clk_r_REG266_S2/D (DFQD1)      0.00       0.09 f
  data arrival time                                                         0.09

  clock clk (rise edge)                                          0.00       0.00
  clock network delay (ideal)                                    0.00       0.00
  u_exact_mul/U_fp_mult/mult_x_13/clk_r_REG266_S2/CP (DFQD1)     0.00       0.00 r
  library hold time                                              0.03       0.03
  data required time                                                        0.03
  ---------------------------------------------------------------------------------
  data required time                                                        0.03
  data arrival time                                                        -0.09
  ---------------------------------------------------------------------------------
  slack (MET)                                                               0.07


  Startpoint: u_exact_mul/U_AIN_PL_REG/in_reg_a_reg[23]
              (rising edge-triggered flip-flop clocked by clk)
  Endpoint: u_exact_mul/U_fp_mult/mult_x_13/clk_r_REG265_S2
            (rising edge-triggered flip-flop clocked by clk)
  Path Group: clk
  Path Type: min

  Des/Clust/Port     Wire Load Model       Library
  ------------------------------------------------
  exact_fp32_mul_7stage ZeroWireload       tcbn65gplustc_ccs
  exact_fp32_mul_7stage_DW_lp_piped_fp_mult_J1_0 ZeroWireload tcbn65gplustc_ccs

  Point                                                          Incr       Path
  ---------------------------------------------------------------------------------
  clock clk (rise edge)                                          0.00       0.00
  clock network delay (ideal)                                    0.00       0.00
  u_exact_mul/U_AIN_PL_REG/in_reg_a_reg[23]/CP (DFQD1)           0.00       0.00 r
  u_exact_mul/U_AIN_PL_REG/in_reg_a_reg[23]/Q (DFQD1)            0.09       0.09 f
  u_exact_mul/U_fp_mult/mult_x_13/clk_r_REG265_S2/D (DFQD1)      0.00       0.09 f
  data arrival time                                                         0.09

  clock clk (rise edge)                                          0.00       0.00
  clock network delay (ideal)                                    0.00       0.00
  u_exact_mul/U_fp_mult/mult_x_13/clk_r_REG265_S2/CP (DFQD1)     0.00       0.00 r
  library hold time                                              0.03       0.03
  data required time                                                        0.03
  ---------------------------------------------------------------------------------
  data required time                                                        0.03
  data arrival time                                                        -0.09
  ---------------------------------------------------------------------------------
  slack (MET)                                                               0.07


  Startpoint: u_exact_mul/U_AIN_PL_REG/in_reg_a_reg[24]
              (rising edge-triggered flip-flop clocked by clk)
  Endpoint: u_exact_mul/U_fp_mult/mult_x_13/clk_r_REG262_S2
            (rising edge-triggered flip-flop clocked by clk)
  Path Group: clk
  Path Type: min

  Des/Clust/Port     Wire Load Model       Library
  ------------------------------------------------
  exact_fp32_mul_7stage ZeroWireload       tcbn65gplustc_ccs
  exact_fp32_mul_7stage_DW_lp_piped_fp_mult_J1_0 ZeroWireload tcbn65gplustc_ccs

  Point                                                          Incr       Path
  ---------------------------------------------------------------------------------
  clock clk (rise edge)                                          0.00       0.00
  clock network delay (ideal)                                    0.00       0.00
  u_exact_mul/U_AIN_PL_REG/in_reg_a_reg[24]/CP (DFQD1)           0.00       0.00 r
  u_exact_mul/U_AIN_PL_REG/in_reg_a_reg[24]/Q (DFQD1)            0.09       0.09 f
  u_exact_mul/U_fp_mult/mult_x_13/clk_r_REG262_S2/D (DFQD1)      0.00       0.09 f
  data arrival time                                                         0.09

  clock clk (rise edge)                                          0.00       0.00
  clock network delay (ideal)                                    0.00       0.00
  u_exact_mul/U_fp_mult/mult_x_13/clk_r_REG262_S2/CP (DFQD1)     0.00       0.00 r
  library hold time                                              0.03       0.03
  data required time                                                        0.03
  ---------------------------------------------------------------------------------
  data required time                                                        0.03
  data arrival time                                                        -0.09
  ---------------------------------------------------------------------------------
  slack (MET)                                                               0.07


  Startpoint: u_exact_mul/U_AIN_PL_REG/in_reg_a_reg[25]
              (rising edge-triggered flip-flop clocked by clk)
  Endpoint: u_exact_mul/U_fp_mult/mult_x_13/clk_r_REG261_S2
            (rising edge-triggered flip-flop clocked by clk)
  Path Group: clk
  Path Type: min

  Des/Clust/Port     Wire Load Model       Library
  ------------------------------------------------
  exact_fp32_mul_7stage ZeroWireload       tcbn65gplustc_ccs
  exact_fp32_mul_7stage_DW_lp_piped_fp_mult_J1_0 ZeroWireload tcbn65gplustc_ccs

  Point                                                          Incr       Path
  ---------------------------------------------------------------------------------
  clock clk (rise edge)                                          0.00       0.00
  clock network delay (ideal)                                    0.00       0.00
  u_exact_mul/U_AIN_PL_REG/in_reg_a_reg[25]/CP (DFQD1)           0.00       0.00 r
  u_exact_mul/U_AIN_PL_REG/in_reg_a_reg[25]/Q (DFQD1)            0.09       0.09 f
  u_exact_mul/U_fp_mult/mult_x_13/clk_r_REG261_S2/D (DFQD1)      0.00       0.09 f
  data arrival time                                                         0.09

  clock clk (rise edge)                                          0.00       0.00
  clock network delay (ideal)                                    0.00       0.00
  u_exact_mul/U_fp_mult/mult_x_13/clk_r_REG261_S2/CP (DFQD1)     0.00       0.00 r
  library hold time                                              0.03       0.03
  data required time                                                        0.03
  ---------------------------------------------------------------------------------
  data required time                                                        0.03
  data arrival time                                                        -0.09
  ---------------------------------------------------------------------------------
  slack (MET)                                                               0.07


  Startpoint: u_exact_mul/U_fp_mult/mult_x_13/clk_r_REG177_S3
              (rising edge-triggered flip-flop clocked by clk)
  Endpoint: u_exact_mul/U_fp_mult/mult_x_13/clk_r_REG178_S4
            (rising edge-triggered flip-flop clocked by clk)
  Path Group: clk
  Path Type: min

  Des/Clust/Port     Wire Load Model       Library
  ------------------------------------------------
  exact_fp32_mul_7stage ZeroWireload       tcbn65gplustc_ccs
  exact_fp32_mul_7stage_DW_lp_piped_fp_mult_J1_0 ZeroWireload tcbn65gplustc_ccs

  Point                                                           Incr       Path
  ----------------------------------------------------------------------------------
  clock clk (rise edge)                                           0.00       0.00
  clock network delay (ideal)                                     0.00       0.00
  u_exact_mul/U_fp_mult/mult_x_13/clk_r_REG177_S3/CP (DFQD1)      0.00       0.00 r
  u_exact_mul/U_fp_mult/mult_x_13/clk_r_REG177_S3/Q (DFQD1)       0.09       0.09 f
  u_exact_mul/U_fp_mult/mult_x_13/clk_r_REG178_S4/D (DFQD1)       0.00       0.09 f
  data arrival time                                                          0.09

  clock clk (rise edge)                                           0.00       0.00
  clock network delay (ideal)                                     0.00       0.00
  u_exact_mul/U_fp_mult/mult_x_13/clk_r_REG178_S4/CP (DFQD1)      0.00       0.00 r
  library hold time                                               0.03       0.03
  data required time                                                         0.03
  ----------------------------------------------------------------------------------
  data required time                                                         0.03
  data arrival time                                                         -0.09
  ----------------------------------------------------------------------------------
  slack (MET)                                                                0.07


  Startpoint: u_exact_mul/U_fp_mult/mult_x_13/clk_r_REG176_S3
              (rising edge-triggered flip-flop clocked by clk)
  Endpoint: u_exact_mul/U_fp_mult/mult_x_13/clk_r_REG179_S4
            (rising edge-triggered flip-flop clocked by clk)
  Path Group: clk
  Path Type: min

  Des/Clust/Port     Wire Load Model       Library
  ------------------------------------------------
  exact_fp32_mul_7stage ZeroWireload       tcbn65gplustc_ccs
  exact_fp32_mul_7stage_DW_lp_piped_fp_mult_J1_0 ZeroWireload tcbn65gplustc_ccs

  Point                                                           Incr       Path
  ----------------------------------------------------------------------------------
  clock clk (rise edge)                                           0.00       0.00
  clock network delay (ideal)                                     0.00       0.00
  u_exact_mul/U_fp_mult/mult_x_13/clk_r_REG176_S3/CP (DFQD1)      0.00       0.00 r
  u_exact_mul/U_fp_mult/mult_x_13/clk_r_REG176_S3/Q (DFQD1)       0.09       0.09 f
  u_exact_mul/U_fp_mult/mult_x_13/clk_r_REG179_S4/D (DFQD1)       0.00       0.09 f
  data arrival time                                                          0.09

  clock clk (rise edge)                                           0.00       0.00
  clock network delay (ideal)                                     0.00       0.00
  u_exact_mul/U_fp_mult/mult_x_13/clk_r_REG179_S4/CP (DFQD1)      0.00       0.00 r
  library hold time                                               0.03       0.03
  data required time                                                         0.03
  ----------------------------------------------------------------------------------
  data required time                                                         0.03
  data arrival time                                                         -0.09
  ----------------------------------------------------------------------------------
  slack (MET)                                                                0.07


  Startpoint: u_exact_mul/U_fp_mult/mult_x_13/clk_r_REG183_S3
              (rising edge-triggered flip-flop clocked by clk)
  Endpoint: u_exact_mul/U_fp_mult/mult_x_13/clk_r_REG184_S4
            (rising edge-triggered flip-flop clocked by clk)
  Path Group: clk
  Path Type: min

  Des/Clust/Port     Wire Load Model       Library
  ------------------------------------------------
  exact_fp32_mul_7stage ZeroWireload       tcbn65gplustc_ccs
  exact_fp32_mul_7stage_DW_lp_piped_fp_mult_J1_0 ZeroWireload tcbn65gplustc_ccs

  Point                                                           Incr       Path
  ----------------------------------------------------------------------------------
  clock clk (rise edge)                                           0.00       0.00
  clock network delay (ideal)                                     0.00       0.00
  u_exact_mul/U_fp_mult/mult_x_13/clk_r_REG183_S3/CP (DFQD1)      0.00       0.00 r
  u_exact_mul/U_fp_mult/mult_x_13/clk_r_REG183_S3/Q (DFQD1)       0.09       0.09 f
  u_exact_mul/U_fp_mult/mult_x_13/clk_r_REG184_S4/D (DFQD1)       0.00       0.09 f
  data arrival time                                                          0.09

  clock clk (rise edge)                                           0.00       0.00
  clock network delay (ideal)                                     0.00       0.00
  u_exact_mul/U_fp_mult/mult_x_13/clk_r_REG184_S4/CP (DFQD1)      0.00       0.00 r
  library hold time                                               0.03       0.03
  data required time                                                         0.03
  ----------------------------------------------------------------------------------
  data required time                                                         0.03
  data arrival time                                                         -0.09
  ----------------------------------------------------------------------------------
  slack (MET)                                                                0.07


  Startpoint: u_exact_mul/U_fp_mult/mult_x_13/clk_r_REG182_S3
              (rising edge-triggered flip-flop clocked by clk)
  Endpoint: u_exact_mul/U_fp_mult/mult_x_13/clk_r_REG185_S4
            (rising edge-triggered flip-flop clocked by clk)
  Path Group: clk
  Path Type: min

  Des/Clust/Port     Wire Load Model       Library
  ------------------------------------------------
  exact_fp32_mul_7stage ZeroWireload       tcbn65gplustc_ccs
  exact_fp32_mul_7stage_DW_lp_piped_fp_mult_J1_0 ZeroWireload tcbn65gplustc_ccs

  Point                                                           Incr       Path
  ----------------------------------------------------------------------------------
  clock clk (rise edge)                                           0.00       0.00
  clock network delay (ideal)                                     0.00       0.00
  u_exact_mul/U_fp_mult/mult_x_13/clk_r_REG182_S3/CP (DFQD1)      0.00       0.00 r
  u_exact_mul/U_fp_mult/mult_x_13/clk_r_REG182_S3/Q (DFQD1)       0.09       0.09 f
  u_exact_mul/U_fp_mult/mult_x_13/clk_r_REG185_S4/D (DFQD1)       0.00       0.09 f
  data arrival time                                                          0.09

  clock clk (rise edge)                                           0.00       0.00
  clock network delay (ideal)                                     0.00       0.00
  u_exact_mul/U_fp_mult/mult_x_13/clk_r_REG185_S4/CP (DFQD1)      0.00       0.00 r
  library hold time                                               0.03       0.03
  data required time                                                         0.03
  ----------------------------------------------------------------------------------
  data required time                                                         0.03
  data arrival time                                                         -0.09
  ----------------------------------------------------------------------------------
  slack (MET)                                                                0.07


  Startpoint: u_exact_mul/U_fp_mult/mult_x_13/clk_r_REG263_S3
              (rising edge-triggered flip-flop clocked by clk)
  Endpoint: u_exact_mul/U_fp_mult/mult_x_13/clk_r_REG264_S4
            (rising edge-triggered flip-flop clocked by clk)
  Path Group: clk
  Path Type: min

  Des/Clust/Port     Wire Load Model       Library
  ------------------------------------------------
  exact_fp32_mul_7stage ZeroWireload       tcbn65gplustc_ccs
  exact_fp32_mul_7stage_DW_lp_piped_fp_mult_J1_0 ZeroWireload tcbn65gplustc_ccs

  Point                                                           Incr       Path
  ----------------------------------------------------------------------------------
  clock clk (rise edge)                                           0.00       0.00
  clock network delay (ideal)                                     0.00       0.00
  u_exact_mul/U_fp_mult/mult_x_13/clk_r_REG263_S3/CP (DFQD1)      0.00       0.00 r
  u_exact_mul/U_fp_mult/mult_x_13/clk_r_REG263_S3/Q (DFQD1)       0.09       0.09 f
  u_exact_mul/U_fp_mult/mult_x_13/clk_r_REG264_S4/D (DFQD1)       0.00       0.09 f
  data arrival time                                                          0.09

  clock clk (rise edge)                                           0.00       0.00
  clock network delay (ideal)                                     0.00       0.00
  u_exact_mul/U_fp_mult/mult_x_13/clk_r_REG264_S4/CP (DFQD1)      0.00       0.00 r
  library hold time                                               0.03       0.03
  data required time                                                         0.03
  ----------------------------------------------------------------------------------
  data required time                                                         0.03
  data arrival time                                                         -0.09
  ----------------------------------------------------------------------------------
  slack (MET)                                                                0.07


  Startpoint: u_exact_mul/U_AIN_PL_REG/in_reg_a_reg[35]
              (rising edge-triggered flip-flop clocked by clk)
  Endpoint: u_exact_mul/U_fp_mult/mult_x_13/clk_r_REG260_S2
            (rising edge-triggered flip-flop clocked by clk)
  Path Group: clk
  Path Type: min

  Des/Clust/Port     Wire Load Model       Library
  ------------------------------------------------
  exact_fp32_mul_7stage ZeroWireload       tcbn65gplustc_ccs
  exact_fp32_mul_7stage_DW_lp_piped_fp_mult_J1_0 ZeroWireload tcbn65gplustc_ccs

  Point                                                          Incr       Path
  ---------------------------------------------------------------------------------
  clock clk (rise edge)                                          0.00       0.00
  clock network delay (ideal)                                    0.00       0.00
  u_exact_mul/U_AIN_PL_REG/in_reg_a_reg[35]/CP (DFQD1)           0.00       0.00 r
  u_exact_mul/U_AIN_PL_REG/in_reg_a_reg[35]/Q (DFQD1)            0.09       0.09 f
  u_exact_mul/U_fp_mult/mult_x_13/clk_r_REG260_S2/D (DFQD1)      0.00       0.09 f
  data arrival time                                                         0.09

  clock clk (rise edge)                                          0.00       0.00
  clock network delay (ideal)                                    0.00       0.00
  u_exact_mul/U_fp_mult/mult_x_13/clk_r_REG260_S2/CP (DFQD1)     0.00       0.00 r
  library hold time                                              0.03       0.03
  data required time                                                        0.03
  ---------------------------------------------------------------------------------
  data required time                                                        0.03
  data arrival time                                                        -0.09
  ---------------------------------------------------------------------------------
  slack (MET)                                                               0.07


  Startpoint: u_exact_mul/U_AIN_PL_REG/in_reg_a_reg[36]
              (rising edge-triggered flip-flop clocked by clk)
  Endpoint: u_exact_mul/U_fp_mult/mult_x_13/clk_r_REG259_S2
            (rising edge-triggered flip-flop clocked by clk)
  Path Group: clk
  Path Type: min

  Des/Clust/Port     Wire Load Model       Library
  ------------------------------------------------
  exact_fp32_mul_7stage ZeroWireload       tcbn65gplustc_ccs
  exact_fp32_mul_7stage_DW_lp_piped_fp_mult_J1_0 ZeroWireload tcbn65gplustc_ccs

  Point                                                          Incr       Path
  ---------------------------------------------------------------------------------
  clock clk (rise edge)                                          0.00       0.00
  clock network delay (ideal)                                    0.00       0.00
  u_exact_mul/U_AIN_PL_REG/in_reg_a_reg[36]/CP (DFQD1)           0.00       0.00 r
  u_exact_mul/U_AIN_PL_REG/in_reg_a_reg[36]/Q (DFQD1)            0.09       0.09 f
  u_exact_mul/U_fp_mult/mult_x_13/clk_r_REG259_S2/D (DFQD1)      0.00       0.09 f
  data arrival time                                                         0.09

  clock clk (rise edge)                                          0.00       0.00
  clock network delay (ideal)                                    0.00       0.00
  u_exact_mul/U_fp_mult/mult_x_13/clk_r_REG259_S2/CP (DFQD1)     0.00       0.00 r
  library hold time                                              0.03       0.03
  data required time                                                        0.03
  ---------------------------------------------------------------------------------
  data required time                                                        0.03
  data arrival time                                                        -0.09
  ---------------------------------------------------------------------------------
  slack (MET)                                                               0.07


  Startpoint: u_exact_mul/U_AIN_PL_REG/in_reg_a_reg[37]
              (rising edge-triggered flip-flop clocked by clk)
  Endpoint: u_exact_mul/U_fp_mult/mult_x_13/clk_r_REG248_S2
            (rising edge-triggered flip-flop clocked by clk)
  Path Group: clk
  Path Type: min

  Des/Clust/Port     Wire Load Model       Library
  ------------------------------------------------
  exact_fp32_mul_7stage ZeroWireload       tcbn65gplustc_ccs
  exact_fp32_mul_7stage_DW_lp_piped_fp_mult_J1_0 ZeroWireload tcbn65gplustc_ccs

  Point                                                          Incr       Path
  ---------------------------------------------------------------------------------
  clock clk (rise edge)                                          0.00       0.00
  clock network delay (ideal)                                    0.00       0.00
  u_exact_mul/U_AIN_PL_REG/in_reg_a_reg[37]/CP (DFQD1)           0.00       0.00 r
  u_exact_mul/U_AIN_PL_REG/in_reg_a_reg[37]/Q (DFQD1)            0.09       0.09 f
  u_exact_mul/U_fp_mult/mult_x_13/clk_r_REG248_S2/D (DFQD1)      0.00       0.09 f
  data arrival time                                                         0.09

  clock clk (rise edge)                                          0.00       0.00
  clock network delay (ideal)                                    0.00       0.00
  u_exact_mul/U_fp_mult/mult_x_13/clk_r_REG248_S2/CP (DFQD1)     0.00       0.00 r
  library hold time                                              0.03       0.03
  data required time                                                        0.03
  ---------------------------------------------------------------------------------
  data required time                                                        0.03
  data arrival time                                                        -0.09
  ---------------------------------------------------------------------------------
  slack (MET)                                                               0.07


  Startpoint: u_exact_mul/U_AIN_PL_REG/in_reg_a_reg[38]
              (rising edge-triggered flip-flop clocked by clk)
  Endpoint: u_exact_mul/U_fp_mult/mult_x_13/clk_r_REG247_S2
            (rising edge-triggered flip-flop clocked by clk)
  Path Group: clk
  Path Type: min

  Des/Clust/Port     Wire Load Model       Library
  ------------------------------------------------
  exact_fp32_mul_7stage ZeroWireload       tcbn65gplustc_ccs
  exact_fp32_mul_7stage_DW_lp_piped_fp_mult_J1_0 ZeroWireload tcbn65gplustc_ccs

  Point                                                          Incr       Path
  ---------------------------------------------------------------------------------
  clock clk (rise edge)                                          0.00       0.00
  clock network delay (ideal)                                    0.00       0.00
  u_exact_mul/U_AIN_PL_REG/in_reg_a_reg[38]/CP (DFQD1)           0.00       0.00 r
  u_exact_mul/U_AIN_PL_REG/in_reg_a_reg[38]/Q (DFQD1)            0.09       0.09 f
  u_exact_mul/U_fp_mult/mult_x_13/clk_r_REG247_S2/D (DFQD1)      0.00       0.09 f
  data arrival time                                                         0.09

  clock clk (rise edge)                                          0.00       0.00
  clock network delay (ideal)                                    0.00       0.00
  u_exact_mul/U_fp_mult/mult_x_13/clk_r_REG247_S2/CP (DFQD1)     0.00       0.00 r
  library hold time                                              0.03       0.03
  data required time                                                        0.03
  ---------------------------------------------------------------------------------
  data required time                                                        0.03
  data arrival time                                                        -0.09
  ---------------------------------------------------------------------------------
  slack (MET)                                                               0.07


  Startpoint: u_exact_mul/U_AIN_PL_REG/in_reg_a_reg[39]
              (rising edge-triggered flip-flop clocked by clk)
  Endpoint: u_exact_mul/U_fp_mult/mult_x_13/clk_r_REG246_S2
            (rising edge-triggered flip-flop clocked by clk)
  Path Group: clk
  Path Type: min

  Des/Clust/Port     Wire Load Model       Library
  ------------------------------------------------
  exact_fp32_mul_7stage ZeroWireload       tcbn65gplustc_ccs
  exact_fp32_mul_7stage_DW_lp_piped_fp_mult_J1_0 ZeroWireload tcbn65gplustc_ccs

  Point                                                          Incr       Path
  ---------------------------------------------------------------------------------
  clock clk (rise edge)                                          0.00       0.00
  clock network delay (ideal)                                    0.00       0.00
  u_exact_mul/U_AIN_PL_REG/in_reg_a_reg[39]/CP (DFQD1)           0.00       0.00 r
  u_exact_mul/U_AIN_PL_REG/in_reg_a_reg[39]/Q (DFQD1)            0.09       0.09 f
  u_exact_mul/U_fp_mult/mult_x_13/clk_r_REG246_S2/D (DFQD1)      0.00       0.09 f
  data arrival time                                                         0.09

  clock clk (rise edge)                                          0.00       0.00
  clock network delay (ideal)                                    0.00       0.00
  u_exact_mul/U_fp_mult/mult_x_13/clk_r_REG246_S2/CP (DFQD1)     0.00       0.00 r
  library hold time                                              0.03       0.03
  data required time                                                        0.03
  ---------------------------------------------------------------------------------
  data required time                                                        0.03
  data arrival time                                                        -0.09
  ---------------------------------------------------------------------------------
  slack (MET)                                                               0.07


  Startpoint: u_exact_mul/U_AIN_PL_REG/in_reg_a_reg[40]
              (rising edge-triggered flip-flop clocked by clk)
  Endpoint: u_exact_mul/U_fp_mult/mult_x_13/clk_r_REG233_S2
            (rising edge-triggered flip-flop clocked by clk)
  Path Group: clk
  Path Type: min

  Des/Clust/Port     Wire Load Model       Library
  ------------------------------------------------
  exact_fp32_mul_7stage ZeroWireload       tcbn65gplustc_ccs
  exact_fp32_mul_7stage_DW_lp_piped_fp_mult_J1_0 ZeroWireload tcbn65gplustc_ccs

  Point                                                          Incr       Path
  ---------------------------------------------------------------------------------
  clock clk (rise edge)                                          0.00       0.00
  clock network delay (ideal)                                    0.00       0.00
  u_exact_mul/U_AIN_PL_REG/in_reg_a_reg[40]/CP (DFQD1)           0.00       0.00 r
  u_exact_mul/U_AIN_PL_REG/in_reg_a_reg[40]/Q (DFQD1)            0.09       0.09 f
  u_exact_mul/U_fp_mult/mult_x_13/clk_r_REG233_S2/D (DFQD1)      0.00       0.09 f
  data arrival time                                                         0.09

  clock clk (rise edge)                                          0.00       0.00
  clock network delay (ideal)                                    0.00       0.00
  u_exact_mul/U_fp_mult/mult_x_13/clk_r_REG233_S2/CP (DFQD1)     0.00       0.00 r
  library hold time                                              0.03       0.03
  data required time                                                        0.03
  ---------------------------------------------------------------------------------
  data required time                                                        0.03
  data arrival time                                                        -0.09
  ---------------------------------------------------------------------------------
  slack (MET)                                                               0.07


  Startpoint: u_exact_mul/U_AIN_PL_REG/in_reg_a_reg[41]
              (rising edge-triggered flip-flop clocked by clk)
  Endpoint: u_exact_mul/U_fp_mult/mult_x_13/clk_r_REG232_S2
            (rising edge-triggered flip-flop clocked by clk)
  Path Group: clk
  Path Type: min

  Des/Clust/Port     Wire Load Model       Library
  ------------------------------------------------
  exact_fp32_mul_7stage ZeroWireload       tcbn65gplustc_ccs
  exact_fp32_mul_7stage_DW_lp_piped_fp_mult_J1_0 ZeroWireload tcbn65gplustc_ccs

  Point                                                          Incr       Path
  ---------------------------------------------------------------------------------
  clock clk (rise edge)                                          0.00       0.00
  clock network delay (ideal)                                    0.00       0.00
  u_exact_mul/U_AIN_PL_REG/in_reg_a_reg[41]/CP (DFQD1)           0.00       0.00 r
  u_exact_mul/U_AIN_PL_REG/in_reg_a_reg[41]/Q (DFQD1)            0.09       0.09 f
  u_exact_mul/U_fp_mult/mult_x_13/clk_r_REG232_S2/D (DFQD1)      0.00       0.09 f
  data arrival time                                                         0.09

  clock clk (rise edge)                                          0.00       0.00
  clock network delay (ideal)                                    0.00       0.00
  u_exact_mul/U_fp_mult/mult_x_13/clk_r_REG232_S2/CP (DFQD1)     0.00       0.00 r
  library hold time                                              0.03       0.03
  data required time                                                        0.03
  ---------------------------------------------------------------------------------
  data required time                                                        0.03
  data arrival time                                                        -0.09
  ---------------------------------------------------------------------------------
  slack (MET)                                                               0.07


  Startpoint: u_exact_mul/U_AIN_PL_REG/in_reg_a_reg[42]
              (rising edge-triggered flip-flop clocked by clk)
  Endpoint: u_exact_mul/U_fp_mult/mult_x_13/clk_r_REG231_S2
            (rising edge-triggered flip-flop clocked by clk)
  Path Group: clk
  Path Type: min

  Des/Clust/Port     Wire Load Model       Library
  ------------------------------------------------
  exact_fp32_mul_7stage ZeroWireload       tcbn65gplustc_ccs
  exact_fp32_mul_7stage_DW_lp_piped_fp_mult_J1_0 ZeroWireload tcbn65gplustc_ccs

  Point                                                          Incr       Path
  ---------------------------------------------------------------------------------
  clock clk (rise edge)                                          0.00       0.00
  clock network delay (ideal)                                    0.00       0.00
  u_exact_mul/U_AIN_PL_REG/in_reg_a_reg[42]/CP (DFQD1)           0.00       0.00 r
  u_exact_mul/U_AIN_PL_REG/in_reg_a_reg[42]/Q (DFQD1)            0.09       0.09 f
  u_exact_mul/U_fp_mult/mult_x_13/clk_r_REG231_S2/D (DFQD1)      0.00       0.09 f
  data arrival time                                                         0.09

  clock clk (rise edge)                                          0.00       0.00
  clock network delay (ideal)                                    0.00       0.00
  u_exact_mul/U_fp_mult/mult_x_13/clk_r_REG231_S2/CP (DFQD1)     0.00       0.00 r
  library hold time                                              0.03       0.03
  data required time                                                        0.03
  ---------------------------------------------------------------------------------
  data required time                                                        0.03
  data arrival time                                                        -0.09
  ---------------------------------------------------------------------------------
  slack (MET)                                                               0.07


  Startpoint: u_exact_mul/U_AIN_PL_REG/in_reg_a_reg[43]
              (rising edge-triggered flip-flop clocked by clk)
  Endpoint: u_exact_mul/U_fp_mult/mult_x_13/clk_r_REG220_S2
            (rising edge-triggered flip-flop clocked by clk)
  Path Group: clk
  Path Type: min

  Des/Clust/Port     Wire Load Model       Library
  ------------------------------------------------
  exact_fp32_mul_7stage ZeroWireload       tcbn65gplustc_ccs
  exact_fp32_mul_7stage_DW_lp_piped_fp_mult_J1_0 ZeroWireload tcbn65gplustc_ccs

  Point                                                          Incr       Path
  ---------------------------------------------------------------------------------
  clock clk (rise edge)                                          0.00       0.00
  clock network delay (ideal)                                    0.00       0.00
  u_exact_mul/U_AIN_PL_REG/in_reg_a_reg[43]/CP (DFQD1)           0.00       0.00 r
  u_exact_mul/U_AIN_PL_REG/in_reg_a_reg[43]/Q (DFQD1)            0.09       0.09 f
  u_exact_mul/U_fp_mult/mult_x_13/clk_r_REG220_S2/D (DFQD1)      0.00       0.09 f
  data arrival time                                                         0.09

  clock clk (rise edge)                                          0.00       0.00
  clock network delay (ideal)                                    0.00       0.00
  u_exact_mul/U_fp_mult/mult_x_13/clk_r_REG220_S2/CP (DFQD1)     0.00       0.00 r
  library hold time                                              0.03       0.03
  data required time                                                        0.03
  ---------------------------------------------------------------------------------
  data required time                                                        0.03
  data arrival time                                                        -0.09
  ---------------------------------------------------------------------------------
  slack (MET)                                                               0.07


  Startpoint: u_exact_mul/U_AIN_PL_REG/in_reg_a_reg[44]
              (rising edge-triggered flip-flop clocked by clk)
  Endpoint: u_exact_mul/U_fp_mult/mult_x_13/clk_r_REG219_S2
            (rising edge-triggered flip-flop clocked by clk)
  Path Group: clk
  Path Type: min

  Des/Clust/Port     Wire Load Model       Library
  ------------------------------------------------
  exact_fp32_mul_7stage ZeroWireload       tcbn65gplustc_ccs
  exact_fp32_mul_7stage_DW_lp_piped_fp_mult_J1_0 ZeroWireload tcbn65gplustc_ccs

  Point                                                          Incr       Path
  ---------------------------------------------------------------------------------
  clock clk (rise edge)                                          0.00       0.00
  clock network delay (ideal)                                    0.00       0.00
  u_exact_mul/U_AIN_PL_REG/in_reg_a_reg[44]/CP (DFQD1)           0.00       0.00 r
  u_exact_mul/U_AIN_PL_REG/in_reg_a_reg[44]/Q (DFQD1)            0.09       0.09 f
  u_exact_mul/U_fp_mult/mult_x_13/clk_r_REG219_S2/D (DFQD1)      0.00       0.09 f
  data arrival time                                                         0.09

  clock clk (rise edge)                                          0.00       0.00
  clock network delay (ideal)                                    0.00       0.00
  u_exact_mul/U_fp_mult/mult_x_13/clk_r_REG219_S2/CP (DFQD1)     0.00       0.00 r
  library hold time                                              0.03       0.03
  data required time                                                        0.03
  ---------------------------------------------------------------------------------
  data required time                                                        0.03
  data arrival time                                                        -0.09
  ---------------------------------------------------------------------------------
  slack (MET)                                                               0.07


  Startpoint: u_exact_mul/U_AIN_PL_REG/in_reg_a_reg[45]
              (rising edge-triggered flip-flop clocked by clk)
  Endpoint: u_exact_mul/U_fp_mult/mult_x_13/clk_r_REG218_S2
            (rising edge-triggered flip-flop clocked by clk)
  Path Group: clk
  Path Type: min

  Des/Clust/Port     Wire Load Model       Library
  ------------------------------------------------
  exact_fp32_mul_7stage ZeroWireload       tcbn65gplustc_ccs
  exact_fp32_mul_7stage_DW_lp_piped_fp_mult_J1_0 ZeroWireload tcbn65gplustc_ccs

  Point                                                          Incr       Path
  ---------------------------------------------------------------------------------
  clock clk (rise edge)                                          0.00       0.00
  clock network delay (ideal)                                    0.00       0.00
  u_exact_mul/U_AIN_PL_REG/in_reg_a_reg[45]/CP (DFQD1)           0.00       0.00 r
  u_exact_mul/U_AIN_PL_REG/in_reg_a_reg[45]/Q (DFQD1)            0.09       0.09 f
  u_exact_mul/U_fp_mult/mult_x_13/clk_r_REG218_S2/D (DFQD1)      0.00       0.09 f
  data arrival time                                                         0.09

  clock clk (rise edge)                                          0.00       0.00
  clock network delay (ideal)                                    0.00       0.00
  u_exact_mul/U_fp_mult/mult_x_13/clk_r_REG218_S2/CP (DFQD1)     0.00       0.00 r
  library hold time                                              0.03       0.03
  data required time                                                        0.03
  ---------------------------------------------------------------------------------
  data required time                                                        0.03
  data arrival time                                                        -0.09
  ---------------------------------------------------------------------------------
  slack (MET)                                                               0.07


  Startpoint: u_exact_mul/U_AIN_PL_REG/in_reg_a_reg[46]
              (rising edge-triggered flip-flop clocked by clk)
  Endpoint: u_exact_mul/U_fp_mult/mult_x_13/clk_r_REG208_S2
            (rising edge-triggered flip-flop clocked by clk)
  Path Group: clk
  Path Type: min

  Des/Clust/Port     Wire Load Model       Library
  ------------------------------------------------
  exact_fp32_mul_7stage ZeroWireload       tcbn65gplustc_ccs
  exact_fp32_mul_7stage_DW_lp_piped_fp_mult_J1_0 ZeroWireload tcbn65gplustc_ccs

  Point                                                          Incr       Path
  ---------------------------------------------------------------------------------
  clock clk (rise edge)                                          0.00       0.00
  clock network delay (ideal)                                    0.00       0.00
  u_exact_mul/U_AIN_PL_REG/in_reg_a_reg[46]/CP (DFQD1)           0.00       0.00 r
  u_exact_mul/U_AIN_PL_REG/in_reg_a_reg[46]/Q (DFQD1)            0.09       0.09 f
  u_exact_mul/U_fp_mult/mult_x_13/clk_r_REG208_S2/D (DFQD1)      0.00       0.09 f
  data arrival time                                                         0.09

  clock clk (rise edge)                                          0.00       0.00
  clock network delay (ideal)                                    0.00       0.00
  u_exact_mul/U_fp_mult/mult_x_13/clk_r_REG208_S2/CP (DFQD1)     0.00       0.00 r
  library hold time                                              0.03       0.03
  data required time                                                        0.03
  ---------------------------------------------------------------------------------
  data required time                                                        0.03
  data arrival time                                                        -0.09
  ---------------------------------------------------------------------------------
  slack (MET)                                                               0.07


  Startpoint: u_exact_mul/U_AIN_PL_REG/in_reg_a_reg[47]
              (rising edge-triggered flip-flop clocked by clk)
  Endpoint: u_exact_mul/U_fp_mult/mult_x_13/clk_r_REG207_S2
            (rising edge-triggered flip-flop clocked by clk)
  Path Group: clk
  Path Type: min

  Des/Clust/Port     Wire Load Model       Library
  ------------------------------------------------
  exact_fp32_mul_7stage ZeroWireload       tcbn65gplustc_ccs
  exact_fp32_mul_7stage_DW_lp_piped_fp_mult_J1_0 ZeroWireload tcbn65gplustc_ccs

  Point                                                          Incr       Path
  ---------------------------------------------------------------------------------
  clock clk (rise edge)                                          0.00       0.00
  clock network delay (ideal)                                    0.00       0.00
  u_exact_mul/U_AIN_PL_REG/in_reg_a_reg[47]/CP (DFQD1)           0.00       0.00 r
  u_exact_mul/U_AIN_PL_REG/in_reg_a_reg[47]/Q (DFQD1)            0.09       0.09 f
  u_exact_mul/U_fp_mult/mult_x_13/clk_r_REG207_S2/D (DFQD1)      0.00       0.09 f
  data arrival time                                                         0.09

  clock clk (rise edge)                                          0.00       0.00
  clock network delay (ideal)                                    0.00       0.00
  u_exact_mul/U_fp_mult/mult_x_13/clk_r_REG207_S2/CP (DFQD1)     0.00       0.00 r
  library hold time                                              0.03       0.03
  data required time                                                        0.03
  ---------------------------------------------------------------------------------
  data required time                                                        0.03
  data arrival time                                                        -0.09
  ---------------------------------------------------------------------------------
  slack (MET)                                                               0.07


  Startpoint: u_exact_mul/U_AIN_PL_REG/in_reg_a_reg[48]
              (rising edge-triggered flip-flop clocked by clk)
  Endpoint: u_exact_mul/U_fp_mult/mult_x_13/clk_r_REG206_S2
            (rising edge-triggered flip-flop clocked by clk)
  Path Group: clk
  Path Type: min

  Des/Clust/Port     Wire Load Model       Library
  ------------------------------------------------
  exact_fp32_mul_7stage ZeroWireload       tcbn65gplustc_ccs
  exact_fp32_mul_7stage_DW_lp_piped_fp_mult_J1_0 ZeroWireload tcbn65gplustc_ccs

  Point                                                          Incr       Path
  ---------------------------------------------------------------------------------
  clock clk (rise edge)                                          0.00       0.00
  clock network delay (ideal)                                    0.00       0.00
  u_exact_mul/U_AIN_PL_REG/in_reg_a_reg[48]/CP (DFQD1)           0.00       0.00 r
  u_exact_mul/U_AIN_PL_REG/in_reg_a_reg[48]/Q (DFQD1)            0.09       0.09 f
  u_exact_mul/U_fp_mult/mult_x_13/clk_r_REG206_S2/D (DFQD1)      0.00       0.09 f
  data arrival time                                                         0.09

  clock clk (rise edge)                                          0.00       0.00
  clock network delay (ideal)                                    0.00       0.00
  u_exact_mul/U_fp_mult/mult_x_13/clk_r_REG206_S2/CP (DFQD1)     0.00       0.00 r
  library hold time                                              0.03       0.03
  data required time                                                        0.03
  ---------------------------------------------------------------------------------
  data required time                                                        0.03
  data arrival time                                                        -0.09
  ---------------------------------------------------------------------------------
  slack (MET)                                                               0.07


  Startpoint: u_exact_mul/U_AIN_PL_REG/in_reg_a_reg[50]
              (rising edge-triggered flip-flop clocked by clk)
  Endpoint: u_exact_mul/U_fp_mult/mult_x_13/clk_r_REG201_S2
            (rising edge-triggered flip-flop clocked by clk)
  Path Group: clk
  Path Type: min

  Des/Clust/Port     Wire Load Model       Library
  ------------------------------------------------
  exact_fp32_mul_7stage ZeroWireload       tcbn65gplustc_ccs
  exact_fp32_mul_7stage_DW_lp_piped_fp_mult_J1_0 ZeroWireload tcbn65gplustc_ccs

  Point                                                          Incr       Path
  ---------------------------------------------------------------------------------
  clock clk (rise edge)                                          0.00       0.00
  clock network delay (ideal)                                    0.00       0.00
  u_exact_mul/U_AIN_PL_REG/in_reg_a_reg[50]/CP (DFQD1)           0.00       0.00 r
  u_exact_mul/U_AIN_PL_REG/in_reg_a_reg[50]/Q (DFQD1)            0.09       0.09 f
  u_exact_mul/U_fp_mult/mult_x_13/clk_r_REG201_S2/D (DFQD1)      0.00       0.09 f
  data arrival time                                                         0.09

  clock clk (rise edge)                                          0.00       0.00
  clock network delay (ideal)                                    0.00       0.00
  u_exact_mul/U_fp_mult/mult_x_13/clk_r_REG201_S2/CP (DFQD1)     0.00       0.00 r
  library hold time                                              0.03       0.03
  data required time                                                        0.03
  ---------------------------------------------------------------------------------
  data required time                                                        0.03
  data arrival time                                                        -0.09
  ---------------------------------------------------------------------------------
  slack (MET)                                                               0.07


  Startpoint: u_exact_mul/U_AIN_PL_REG/in_reg_a_reg[51]
              (rising edge-triggered flip-flop clocked by clk)
  Endpoint: u_exact_mul/U_fp_mult/mult_x_13/clk_r_REG200_S2
            (rising edge-triggered flip-flop clocked by clk)
  Path Group: clk
  Path Type: min

  Des/Clust/Port     Wire Load Model       Library
  ------------------------------------------------
  exact_fp32_mul_7stage ZeroWireload       tcbn65gplustc_ccs
  exact_fp32_mul_7stage_DW_lp_piped_fp_mult_J1_0 ZeroWireload tcbn65gplustc_ccs

  Point                                                          Incr       Path
  ---------------------------------------------------------------------------------
  clock clk (rise edge)                                          0.00       0.00
  clock network delay (ideal)                                    0.00       0.00
  u_exact_mul/U_AIN_PL_REG/in_reg_a_reg[51]/CP (DFQD1)           0.00       0.00 r
  u_exact_mul/U_AIN_PL_REG/in_reg_a_reg[51]/Q (DFQD1)            0.09       0.09 f
  u_exact_mul/U_fp_mult/mult_x_13/clk_r_REG200_S2/D (DFQD1)      0.00       0.09 f
  data arrival time                                                         0.09

  clock clk (rise edge)                                          0.00       0.00
  clock network delay (ideal)                                    0.00       0.00
  u_exact_mul/U_fp_mult/mult_x_13/clk_r_REG200_S2/CP (DFQD1)     0.00       0.00 r
  library hold time                                              0.03       0.03
  data required time                                                        0.03
  ---------------------------------------------------------------------------------
  data required time                                                        0.03
  data arrival time                                                        -0.09
  ---------------------------------------------------------------------------------
  slack (MET)                                                               0.07


  Startpoint: u_exact_mul/U_AIN_PL_REG/in_reg_a_reg[52]
              (rising edge-triggered flip-flop clocked by clk)
  Endpoint: u_exact_mul/U_fp_mult/mult_x_13/clk_r_REG195_S2
            (rising edge-triggered flip-flop clocked by clk)
  Path Group: clk
  Path Type: min

  Des/Clust/Port     Wire Load Model       Library
  ------------------------------------------------
  exact_fp32_mul_7stage ZeroWireload       tcbn65gplustc_ccs
  exact_fp32_mul_7stage_DW_lp_piped_fp_mult_J1_0 ZeroWireload tcbn65gplustc_ccs

  Point                                                          Incr       Path
  ---------------------------------------------------------------------------------
  clock clk (rise edge)                                          0.00       0.00
  clock network delay (ideal)                                    0.00       0.00
  u_exact_mul/U_AIN_PL_REG/in_reg_a_reg[52]/CP (DFQD1)           0.00       0.00 r
  u_exact_mul/U_AIN_PL_REG/in_reg_a_reg[52]/Q (DFQD1)            0.09       0.09 f
  u_exact_mul/U_fp_mult/mult_x_13/clk_r_REG195_S2/D (DFQD1)      0.00       0.09 f
  data arrival time                                                         0.09

  clock clk (rise edge)                                          0.00       0.00
  clock network delay (ideal)                                    0.00       0.00
  u_exact_mul/U_fp_mult/mult_x_13/clk_r_REG195_S2/CP (DFQD1)     0.00       0.00 r
  library hold time                                              0.03       0.03
  data required time                                                        0.03
  ---------------------------------------------------------------------------------
  data required time                                                        0.03
  data arrival time                                                        -0.09
  ---------------------------------------------------------------------------------
  slack (MET)                                                               0.07


  Startpoint: u_exact_mul/U_AIN_PL_REG/in_reg_a_reg[53]
              (rising edge-triggered flip-flop clocked by clk)
  Endpoint: u_exact_mul/U_fp_mult/mult_x_13/clk_r_REG194_S2
            (rising edge-triggered flip-flop clocked by clk)
  Path Group: clk
  Path Type: min

  Des/Clust/Port     Wire Load Model       Library
  ------------------------------------------------
  exact_fp32_mul_7stage ZeroWireload       tcbn65gplustc_ccs
  exact_fp32_mul_7stage_DW_lp_piped_fp_mult_J1_0 ZeroWireload tcbn65gplustc_ccs

  Point                                                          Incr       Path
  ---------------------------------------------------------------------------------
  clock clk (rise edge)                                          0.00       0.00
  clock network delay (ideal)                                    0.00       0.00
  u_exact_mul/U_AIN_PL_REG/in_reg_a_reg[53]/CP (DFQD1)           0.00       0.00 r
  u_exact_mul/U_AIN_PL_REG/in_reg_a_reg[53]/Q (DFQD1)            0.09       0.09 f
  u_exact_mul/U_fp_mult/mult_x_13/clk_r_REG194_S2/D (DFQD1)      0.00       0.09 f
  data arrival time                                                         0.09

  clock clk (rise edge)                                          0.00       0.00
  clock network delay (ideal)                                    0.00       0.00
  u_exact_mul/U_fp_mult/mult_x_13/clk_r_REG194_S2/CP (DFQD1)     0.00       0.00 r
  library hold time                                              0.03       0.03
  data required time                                                        0.03
  ---------------------------------------------------------------------------------
  data required time                                                        0.03
  data arrival time                                                        -0.09
  ---------------------------------------------------------------------------------
  slack (MET)                                                               0.07


  Startpoint: u_exact_mul/U_AIN_PL_REG/in_reg_a_reg[54]
              (rising edge-triggered flip-flop clocked by clk)
  Endpoint: u_exact_mul/U_fp_mult/mult_x_13/clk_r_REG193_S2
            (rising edge-triggered flip-flop clocked by clk)
  Path Group: clk
  Path Type: min

  Des/Clust/Port     Wire Load Model       Library
  ------------------------------------------------
  exact_fp32_mul_7stage ZeroWireload       tcbn65gplustc_ccs
  exact_fp32_mul_7stage_DW_lp_piped_fp_mult_J1_0 ZeroWireload tcbn65gplustc_ccs

  Point                                                          Incr       Path
  ---------------------------------------------------------------------------------
  clock clk (rise edge)                                          0.00       0.00
  clock network delay (ideal)                                    0.00       0.00
  u_exact_mul/U_AIN_PL_REG/in_reg_a_reg[54]/CP (DFQD1)           0.00       0.00 r
  u_exact_mul/U_AIN_PL_REG/in_reg_a_reg[54]/Q (DFQD1)            0.09       0.09 f
  u_exact_mul/U_fp_mult/mult_x_13/clk_r_REG193_S2/D (DFQD1)      0.00       0.09 f
  data arrival time                                                         0.09

  clock clk (rise edge)                                          0.00       0.00
  clock network delay (ideal)                                    0.00       0.00
  u_exact_mul/U_fp_mult/mult_x_13/clk_r_REG193_S2/CP (DFQD1)     0.00       0.00 r
  library hold time                                              0.03       0.03
  data required time                                                        0.03
  ---------------------------------------------------------------------------------
  data required time                                                        0.03
  data arrival time                                                        -0.09
  ---------------------------------------------------------------------------------
  slack (MET)                                                               0.07


  Startpoint: u_exact_mul/U_AIN_PL_REG/in_reg_a_reg[55]
              (rising edge-triggered flip-flop clocked by clk)
  Endpoint: u_exact_mul/U_fp_mult/mult_x_13/clk_r_REG189_S2
            (rising edge-triggered flip-flop clocked by clk)
  Path Group: clk
  Path Type: min

  Des/Clust/Port     Wire Load Model       Library
  ------------------------------------------------
  exact_fp32_mul_7stage ZeroWireload       tcbn65gplustc_ccs
  exact_fp32_mul_7stage_DW_lp_piped_fp_mult_J1_0 ZeroWireload tcbn65gplustc_ccs

  Point                                                          Incr       Path
  ---------------------------------------------------------------------------------
  clock clk (rise edge)                                          0.00       0.00
  clock network delay (ideal)                                    0.00       0.00
  u_exact_mul/U_AIN_PL_REG/in_reg_a_reg[55]/CP (DFQD1)           0.00       0.00 r
  u_exact_mul/U_AIN_PL_REG/in_reg_a_reg[55]/Q (DFQD1)            0.09       0.09 f
  u_exact_mul/U_fp_mult/mult_x_13/clk_r_REG189_S2/D (DFQD1)      0.00       0.09 f
  data arrival time                                                         0.09

  clock clk (rise edge)                                          0.00       0.00
  clock network delay (ideal)                                    0.00       0.00
  u_exact_mul/U_fp_mult/mult_x_13/clk_r_REG189_S2/CP (DFQD1)     0.00       0.00 r
  library hold time                                              0.03       0.03
  data required time                                                        0.03
  ---------------------------------------------------------------------------------
  data required time                                                        0.03
  data arrival time                                                        -0.09
  ---------------------------------------------------------------------------------
  slack (MET)                                                               0.07


  Startpoint: u_exact_mul/U_AIN_PL_REG/in_reg_a_reg[56]
              (rising edge-triggered flip-flop clocked by clk)
  Endpoint: u_exact_mul/U_fp_mult/mult_x_13/clk_r_REG186_S2
            (rising edge-triggered flip-flop clocked by clk)
  Path Group: clk
  Path Type: min

  Des/Clust/Port     Wire Load Model       Library
  ------------------------------------------------
  exact_fp32_mul_7stage ZeroWireload       tcbn65gplustc_ccs
  exact_fp32_mul_7stage_DW_lp_piped_fp_mult_J1_0 ZeroWireload tcbn65gplustc_ccs

  Point                                                          Incr       Path
  ---------------------------------------------------------------------------------
  clock clk (rise edge)                                          0.00       0.00
  clock network delay (ideal)                                    0.00       0.00
  u_exact_mul/U_AIN_PL_REG/in_reg_a_reg[56]/CP (DFQD1)           0.00       0.00 r
  u_exact_mul/U_AIN_PL_REG/in_reg_a_reg[56]/Q (DFQD1)            0.09       0.09 f
  u_exact_mul/U_fp_mult/mult_x_13/clk_r_REG186_S2/D (DFQD1)      0.00       0.09 f
  data arrival time                                                         0.09

  clock clk (rise edge)                                          0.00       0.00
  clock network delay (ideal)                                    0.00       0.00
  u_exact_mul/U_fp_mult/mult_x_13/clk_r_REG186_S2/CP (DFQD1)     0.00       0.00 r
  library hold time                                              0.03       0.03
  data required time                                                        0.03
  ---------------------------------------------------------------------------------
  data required time                                                        0.03
  data arrival time                                                        -0.09
  ---------------------------------------------------------------------------------
  slack (MET)                                                               0.07


  Startpoint: u_exact_mul/U_AIN_PL_REG/in_reg_a_reg[57]
              (rising edge-triggered flip-flop clocked by clk)
  Endpoint: u_exact_mul/U_fp_mult/mult_x_13/clk_r_REG106_S2
            (rising edge-triggered flip-flop clocked by clk)
  Path Group: clk
  Path Type: min

  Des/Clust/Port     Wire Load Model       Library
  ------------------------------------------------
  exact_fp32_mul_7stage ZeroWireload       tcbn65gplustc_ccs
  exact_fp32_mul_7stage_DW_lp_piped_fp_mult_J1_0 ZeroWireload tcbn65gplustc_ccs

  Point                                                          Incr       Path
  ---------------------------------------------------------------------------------
  clock clk (rise edge)                                          0.00       0.00
  clock network delay (ideal)                                    0.00       0.00
  u_exact_mul/U_AIN_PL_REG/in_reg_a_reg[57]/CP (DFQD1)           0.00       0.00 r
  u_exact_mul/U_AIN_PL_REG/in_reg_a_reg[57]/Q (DFQD1)            0.09       0.09 f
  u_exact_mul/U_fp_mult/mult_x_13/clk_r_REG106_S2/D (DFQD1)      0.00       0.09 f
  data arrival time                                                         0.09

  clock clk (rise edge)                                          0.00       0.00
  clock network delay (ideal)                                    0.00       0.00
  u_exact_mul/U_fp_mult/mult_x_13/clk_r_REG106_S2/CP (DFQD1)     0.00       0.00 r
  library hold time                                              0.03       0.03
  data required time                                                        0.03
  ---------------------------------------------------------------------------------
  data required time                                                        0.03
  data arrival time                                                        -0.09
  ---------------------------------------------------------------------------------
  slack (MET)                                                               0.07


  Startpoint: u_exact_mul/U_fp_mult/mult_x_13/clk_r_REG174_S3
              (rising edge-triggered flip-flop clocked by clk)
  Endpoint: u_exact_mul/U_fp_mult/mult_x_13/clk_r_REG175_S4
            (rising edge-triggered flip-flop clocked by clk)
  Path Group: clk
  Path Type: min

  Des/Clust/Port     Wire Load Model       Library
  ------------------------------------------------
  exact_fp32_mul_7stage ZeroWireload       tcbn65gplustc_ccs
  exact_fp32_mul_7stage_DW_lp_piped_fp_mult_J1_0 ZeroWireload tcbn65gplustc_ccs

  Point                                                           Incr       Path
  ----------------------------------------------------------------------------------
  clock clk (rise edge)                                           0.00       0.00
  clock network delay (ideal)                                     0.00       0.00
  u_exact_mul/U_fp_mult/mult_x_13/clk_r_REG174_S3/CP (DFQD1)      0.00       0.00 r
  u_exact_mul/U_fp_mult/mult_x_13/clk_r_REG174_S3/Q (DFQD1)       0.09       0.09 f
  u_exact_mul/U_fp_mult/mult_x_13/clk_r_REG175_S4/D (DFQD1)       0.00       0.09 f
  data arrival time                                                          0.09

  clock clk (rise edge)                                           0.00       0.00
  clock network delay (ideal)                                     0.00       0.00
  u_exact_mul/U_fp_mult/mult_x_13/clk_r_REG175_S4/CP (DFQD1)      0.00       0.00 r
  library hold time                                               0.03       0.03
  data required time                                                         0.03
  ----------------------------------------------------------------------------------
  data required time                                                         0.03
  data arrival time                                                         -0.09
  ----------------------------------------------------------------------------------
  slack (MET)                                                                0.07


  Startpoint: u_exact_mul/U_fp_mult/mult_x_13/clk_r_REG172_S3
              (rising edge-triggered flip-flop clocked by clk)
  Endpoint: u_exact_mul/U_fp_mult/mult_x_13/clk_r_REG173_S4
            (rising edge-triggered flip-flop clocked by clk)
  Path Group: clk
  Path Type: min

  Des/Clust/Port     Wire Load Model       Library
  ------------------------------------------------
  exact_fp32_mul_7stage ZeroWireload       tcbn65gplustc_ccs
  exact_fp32_mul_7stage_DW_lp_piped_fp_mult_J1_0 ZeroWireload tcbn65gplustc_ccs

  Point                                                           Incr       Path
  ----------------------------------------------------------------------------------
  clock clk (rise edge)                                           0.00       0.00
  clock network delay (ideal)                                     0.00       0.00
  u_exact_mul/U_fp_mult/mult_x_13/clk_r_REG172_S3/CP (DFQD1)      0.00       0.00 r
  u_exact_mul/U_fp_mult/mult_x_13/clk_r_REG172_S3/Q (DFQD1)       0.09       0.09 f
  u_exact_mul/U_fp_mult/mult_x_13/clk_r_REG173_S4/D (DFQD1)       0.00       0.09 f
  data arrival time                                                          0.09

  clock clk (rise edge)                                           0.00       0.00
  clock network delay (ideal)                                     0.00       0.00
  u_exact_mul/U_fp_mult/mult_x_13/clk_r_REG173_S4/CP (DFQD1)      0.00       0.00 r
  library hold time                                               0.03       0.03
  data required time                                                         0.03
  ----------------------------------------------------------------------------------
  data required time                                                         0.03
  data arrival time                                                         -0.09
  ----------------------------------------------------------------------------------
  slack (MET)                                                                0.07


  Startpoint: u_exact_mul/U_fp_mult/mult_x_13/clk_r_REG170_S3
              (rising edge-triggered flip-flop clocked by clk)
  Endpoint: u_exact_mul/U_fp_mult/mult_x_13/clk_r_REG171_S4
            (rising edge-triggered flip-flop clocked by clk)
  Path Group: clk
  Path Type: min

  Des/Clust/Port     Wire Load Model       Library
  ------------------------------------------------
  exact_fp32_mul_7stage ZeroWireload       tcbn65gplustc_ccs
  exact_fp32_mul_7stage_DW_lp_piped_fp_mult_J1_0 ZeroWireload tcbn65gplustc_ccs

  Point                                                           Incr       Path
  ----------------------------------------------------------------------------------
  clock clk (rise edge)                                           0.00       0.00
  clock network delay (ideal)                                     0.00       0.00
  u_exact_mul/U_fp_mult/mult_x_13/clk_r_REG170_S3/CP (DFQD1)      0.00       0.00 r
  u_exact_mul/U_fp_mult/mult_x_13/clk_r_REG170_S3/Q (DFQD1)       0.09       0.09 f
  u_exact_mul/U_fp_mult/mult_x_13/clk_r_REG171_S4/D (DFQD1)       0.00       0.09 f
  data arrival time                                                          0.09

  clock clk (rise edge)                                           0.00       0.00
  clock network delay (ideal)                                     0.00       0.00
  u_exact_mul/U_fp_mult/mult_x_13/clk_r_REG171_S4/CP (DFQD1)      0.00       0.00 r
  library hold time                                               0.03       0.03
  data required time                                                         0.03
  ----------------------------------------------------------------------------------
  data required time                                                         0.03
  data arrival time                                                         -0.09
  ----------------------------------------------------------------------------------
  slack (MET)                                                                0.07


  Startpoint: u_exact_mul/U_fp_mult/mult_x_13/clk_r_REG168_S3
              (rising edge-triggered flip-flop clocked by clk)
  Endpoint: u_exact_mul/U_fp_mult/mult_x_13/clk_r_REG169_S4
            (rising edge-triggered flip-flop clocked by clk)
  Path Group: clk
  Path Type: min

  Des/Clust/Port     Wire Load Model       Library
  ------------------------------------------------
  exact_fp32_mul_7stage ZeroWireload       tcbn65gplustc_ccs
  exact_fp32_mul_7stage_DW_lp_piped_fp_mult_J1_0 ZeroWireload tcbn65gplustc_ccs

  Point                                                           Incr       Path
  ----------------------------------------------------------------------------------
  clock clk (rise edge)                                           0.00       0.00
  clock network delay (ideal)                                     0.00       0.00
  u_exact_mul/U_fp_mult/mult_x_13/clk_r_REG168_S3/CP (DFQD1)      0.00       0.00 r
  u_exact_mul/U_fp_mult/mult_x_13/clk_r_REG168_S3/Q (DFQD1)       0.09       0.09 f
  u_exact_mul/U_fp_mult/mult_x_13/clk_r_REG169_S4/D (DFQD1)       0.00       0.09 f
  data arrival time                                                          0.09

  clock clk (rise edge)                                           0.00       0.00
  clock network delay (ideal)                                     0.00       0.00
  u_exact_mul/U_fp_mult/mult_x_13/clk_r_REG169_S4/CP (DFQD1)      0.00       0.00 r
  library hold time                                               0.03       0.03
  data required time                                                         0.03
  ----------------------------------------------------------------------------------
  data required time                                                         0.03
  data arrival time                                                         -0.09
  ----------------------------------------------------------------------------------
  slack (MET)                                                                0.07


  Startpoint: u_exact_mul/U_fp_mult/mult_x_13/clk_r_REG166_S3
              (rising edge-triggered flip-flop clocked by clk)
  Endpoint: u_exact_mul/U_fp_mult/mult_x_13/clk_r_REG167_S4
            (rising edge-triggered flip-flop clocked by clk)
  Path Group: clk
  Path Type: min

  Des/Clust/Port     Wire Load Model       Library
  ------------------------------------------------
  exact_fp32_mul_7stage ZeroWireload       tcbn65gplustc_ccs
  exact_fp32_mul_7stage_DW_lp_piped_fp_mult_J1_0 ZeroWireload tcbn65gplustc_ccs

  Point                                                           Incr       Path
  ----------------------------------------------------------------------------------
  clock clk (rise edge)                                           0.00       0.00
  clock network delay (ideal)                                     0.00       0.00
  u_exact_mul/U_fp_mult/mult_x_13/clk_r_REG166_S3/CP (DFQD1)      0.00       0.00 r
  u_exact_mul/U_fp_mult/mult_x_13/clk_r_REG166_S3/Q (DFQD1)       0.09       0.09 f
  u_exact_mul/U_fp_mult/mult_x_13/clk_r_REG167_S4/D (DFQD1)       0.00       0.09 f
  data arrival time                                                          0.09

  clock clk (rise edge)                                           0.00       0.00
  clock network delay (ideal)                                     0.00       0.00
  u_exact_mul/U_fp_mult/mult_x_13/clk_r_REG167_S4/CP (DFQD1)      0.00       0.00 r
  library hold time                                               0.03       0.03
  data required time                                                         0.03
  ----------------------------------------------------------------------------------
  data required time                                                         0.03
  data arrival time                                                         -0.09
  ----------------------------------------------------------------------------------
  slack (MET)                                                                0.07


  Startpoint: u_exact_mul/U_fp_mult/mult_x_13/clk_r_REG164_S3
              (rising edge-triggered flip-flop clocked by clk)
  Endpoint: u_exact_mul/U_fp_mult/mult_x_13/clk_r_REG165_S4
            (rising edge-triggered flip-flop clocked by clk)
  Path Group: clk
  Path Type: min

  Des/Clust/Port     Wire Load Model       Library
  ------------------------------------------------
  exact_fp32_mul_7stage ZeroWireload       tcbn65gplustc_ccs
  exact_fp32_mul_7stage_DW_lp_piped_fp_mult_J1_0 ZeroWireload tcbn65gplustc_ccs

  Point                                                           Incr       Path
  ----------------------------------------------------------------------------------
  clock clk (rise edge)                                           0.00       0.00
  clock network delay (ideal)                                     0.00       0.00
  u_exact_mul/U_fp_mult/mult_x_13/clk_r_REG164_S3/CP (DFQD1)      0.00       0.00 r
  u_exact_mul/U_fp_mult/mult_x_13/clk_r_REG164_S3/Q (DFQD1)       0.09       0.09 f
  u_exact_mul/U_fp_mult/mult_x_13/clk_r_REG165_S4/D (DFQD1)       0.00       0.09 f
  data arrival time                                                          0.09

  clock clk (rise edge)                                           0.00       0.00
  clock network delay (ideal)                                     0.00       0.00
  u_exact_mul/U_fp_mult/mult_x_13/clk_r_REG165_S4/CP (DFQD1)      0.00       0.00 r
  library hold time                                               0.03       0.03
  data required time                                                         0.03
  ----------------------------------------------------------------------------------
  data required time                                                         0.03
  data arrival time                                                         -0.09
  ----------------------------------------------------------------------------------
  slack (MET)                                                                0.07


  Startpoint: u_exact_mul/U_fp_mult/mult_x_13/clk_r_REG162_S3
              (rising edge-triggered flip-flop clocked by clk)
  Endpoint: u_exact_mul/U_fp_mult/mult_x_13/clk_r_REG163_S4
            (rising edge-triggered flip-flop clocked by clk)
  Path Group: clk
  Path Type: min

  Des/Clust/Port     Wire Load Model       Library
  ------------------------------------------------
  exact_fp32_mul_7stage ZeroWireload       tcbn65gplustc_ccs
  exact_fp32_mul_7stage_DW_lp_piped_fp_mult_J1_0 ZeroWireload tcbn65gplustc_ccs

  Point                                                           Incr       Path
  ----------------------------------------------------------------------------------
  clock clk (rise edge)                                           0.00       0.00
  clock network delay (ideal)                                     0.00       0.00
  u_exact_mul/U_fp_mult/mult_x_13/clk_r_REG162_S3/CP (DFQD1)      0.00       0.00 r
  u_exact_mul/U_fp_mult/mult_x_13/clk_r_REG162_S3/Q (DFQD1)       0.09       0.09 f
  u_exact_mul/U_fp_mult/mult_x_13/clk_r_REG163_S4/D (DFQD1)       0.00       0.09 f
  data arrival time                                                          0.09

  clock clk (rise edge)                                           0.00       0.00
  clock network delay (ideal)                                     0.00       0.00
  u_exact_mul/U_fp_mult/mult_x_13/clk_r_REG163_S4/CP (DFQD1)      0.00       0.00 r
  library hold time                                               0.03       0.03
  data required time                                                         0.03
  ----------------------------------------------------------------------------------
  data required time                                                         0.03
  data arrival time                                                         -0.09
  ----------------------------------------------------------------------------------
  slack (MET)                                                                0.07


  Startpoint: u_exact_mul/U_fp_mult/mult_x_13/clk_r_REG160_S3
              (rising edge-triggered flip-flop clocked by clk)
  Endpoint: u_exact_mul/U_fp_mult/mult_x_13/clk_r_REG161_S4
            (rising edge-triggered flip-flop clocked by clk)
  Path Group: clk
  Path Type: min

  Des/Clust/Port     Wire Load Model       Library
  ------------------------------------------------
  exact_fp32_mul_7stage ZeroWireload       tcbn65gplustc_ccs
  exact_fp32_mul_7stage_DW_lp_piped_fp_mult_J1_0 ZeroWireload tcbn65gplustc_ccs

  Point                                                           Incr       Path
  ----------------------------------------------------------------------------------
  clock clk (rise edge)                                           0.00       0.00
  clock network delay (ideal)                                     0.00       0.00
  u_exact_mul/U_fp_mult/mult_x_13/clk_r_REG160_S3/CP (DFQD1)      0.00       0.00 r
  u_exact_mul/U_fp_mult/mult_x_13/clk_r_REG160_S3/Q (DFQD1)       0.09       0.09 f
  u_exact_mul/U_fp_mult/mult_x_13/clk_r_REG161_S4/D (DFQD1)       0.00       0.09 f
  data arrival time                                                          0.09

  clock clk (rise edge)                                           0.00       0.00
  clock network delay (ideal)                                     0.00       0.00
  u_exact_mul/U_fp_mult/mult_x_13/clk_r_REG161_S4/CP (DFQD1)      0.00       0.00 r
  library hold time                                               0.03       0.03
  data required time                                                         0.03
  ----------------------------------------------------------------------------------
  data required time                                                         0.03
  data arrival time                                                         -0.09
  ----------------------------------------------------------------------------------
  slack (MET)                                                                0.07


  Startpoint: u_exact_mul/U_fp_mult/mult_x_13/clk_r_REG158_S3
              (rising edge-triggered flip-flop clocked by clk)
  Endpoint: u_exact_mul/U_fp_mult/mult_x_13/clk_r_REG159_S4
            (rising edge-triggered flip-flop clocked by clk)
  Path Group: clk
  Path Type: min

  Des/Clust/Port     Wire Load Model       Library
  ------------------------------------------------
  exact_fp32_mul_7stage ZeroWireload       tcbn65gplustc_ccs
  exact_fp32_mul_7stage_DW_lp_piped_fp_mult_J1_0 ZeroWireload tcbn65gplustc_ccs

  Point                                                           Incr       Path
  ----------------------------------------------------------------------------------
  clock clk (rise edge)                                           0.00       0.00
  clock network delay (ideal)                                     0.00       0.00
  u_exact_mul/U_fp_mult/mult_x_13/clk_r_REG158_S3/CP (DFQD1)      0.00       0.00 r
  u_exact_mul/U_fp_mult/mult_x_13/clk_r_REG158_S3/Q (DFQD1)       0.09       0.09 f
  u_exact_mul/U_fp_mult/mult_x_13/clk_r_REG159_S4/D (DFQD1)       0.00       0.09 f
  data arrival time                                                          0.09

  clock clk (rise edge)                                           0.00       0.00
  clock network delay (ideal)                                     0.00       0.00
  u_exact_mul/U_fp_mult/mult_x_13/clk_r_REG159_S4/CP (DFQD1)      0.00       0.00 r
  library hold time                                               0.03       0.03
  data required time                                                         0.03
  ----------------------------------------------------------------------------------
  data required time                                                         0.03
  data arrival time                                                         -0.09
  ----------------------------------------------------------------------------------
  slack (MET)                                                                0.07


  Startpoint: u_exact_mul/U_fp_mult/mult_x_13/clk_r_REG156_S3
              (rising edge-triggered flip-flop clocked by clk)
  Endpoint: u_exact_mul/U_fp_mult/mult_x_13/clk_r_REG157_S4
            (rising edge-triggered flip-flop clocked by clk)
  Path Group: clk
  Path Type: min

  Des/Clust/Port     Wire Load Model       Library
  ------------------------------------------------
  exact_fp32_mul_7stage ZeroWireload       tcbn65gplustc_ccs
  exact_fp32_mul_7stage_DW_lp_piped_fp_mult_J1_0 ZeroWireload tcbn65gplustc_ccs

  Point                                                           Incr       Path
  ----------------------------------------------------------------------------------
  clock clk (rise edge)                                           0.00       0.00
  clock network delay (ideal)                                     0.00       0.00
  u_exact_mul/U_fp_mult/mult_x_13/clk_r_REG156_S3/CP (DFQD1)      0.00       0.00 r
  u_exact_mul/U_fp_mult/mult_x_13/clk_r_REG156_S3/Q (DFQD1)       0.09       0.09 f
  u_exact_mul/U_fp_mult/mult_x_13/clk_r_REG157_S4/D (DFQD1)       0.00       0.09 f
  data arrival time                                                          0.09

  clock clk (rise edge)                                           0.00       0.00
  clock network delay (ideal)                                     0.00       0.00
  u_exact_mul/U_fp_mult/mult_x_13/clk_r_REG157_S4/CP (DFQD1)      0.00       0.00 r
  library hold time                                               0.03       0.03
  data required time                                                         0.03
  ----------------------------------------------------------------------------------
  data required time                                                         0.03
  data arrival time                                                         -0.09
  ----------------------------------------------------------------------------------
  slack (MET)                                                                0.07


  Startpoint: u_exact_mul/U_fp_mult/mult_x_13/clk_r_REG154_S3
              (rising edge-triggered flip-flop clocked by clk)
  Endpoint: u_exact_mul/U_fp_mult/mult_x_13/clk_r_REG155_S4
            (rising edge-triggered flip-flop clocked by clk)
  Path Group: clk
  Path Type: min

  Des/Clust/Port     Wire Load Model       Library
  ------------------------------------------------
  exact_fp32_mul_7stage ZeroWireload       tcbn65gplustc_ccs
  exact_fp32_mul_7stage_DW_lp_piped_fp_mult_J1_0 ZeroWireload tcbn65gplustc_ccs

  Point                                                           Incr       Path
  ----------------------------------------------------------------------------------
  clock clk (rise edge)                                           0.00       0.00
  clock network delay (ideal)                                     0.00       0.00
  u_exact_mul/U_fp_mult/mult_x_13/clk_r_REG154_S3/CP (DFQD1)      0.00       0.00 r
  u_exact_mul/U_fp_mult/mult_x_13/clk_r_REG154_S3/Q (DFQD1)       0.09       0.09 f
  u_exact_mul/U_fp_mult/mult_x_13/clk_r_REG155_S4/D (DFQD1)       0.00       0.09 f
  data arrival time                                                          0.09

  clock clk (rise edge)                                           0.00       0.00
  clock network delay (ideal)                                     0.00       0.00
  u_exact_mul/U_fp_mult/mult_x_13/clk_r_REG155_S4/CP (DFQD1)      0.00       0.00 r
  library hold time                                               0.03       0.03
  data required time                                                         0.03
  ----------------------------------------------------------------------------------
  data required time                                                         0.03
  data arrival time                                                         -0.09
  ----------------------------------------------------------------------------------
  slack (MET)                                                                0.07


  Startpoint: u_exact_mul/U_fp_mult/mult_x_13/clk_r_REG152_S3
              (rising edge-triggered flip-flop clocked by clk)
  Endpoint: u_exact_mul/U_fp_mult/mult_x_13/clk_r_REG153_S4
            (rising edge-triggered flip-flop clocked by clk)
  Path Group: clk
  Path Type: min

  Des/Clust/Port     Wire Load Model       Library
  ------------------------------------------------
  exact_fp32_mul_7stage ZeroWireload       tcbn65gplustc_ccs
  exact_fp32_mul_7stage_DW_lp_piped_fp_mult_J1_0 ZeroWireload tcbn65gplustc_ccs

  Point                                                           Incr       Path
  ----------------------------------------------------------------------------------
  clock clk (rise edge)                                           0.00       0.00
  clock network delay (ideal)                                     0.00       0.00
  u_exact_mul/U_fp_mult/mult_x_13/clk_r_REG152_S3/CP (DFQD1)      0.00       0.00 r
  u_exact_mul/U_fp_mult/mult_x_13/clk_r_REG152_S3/Q (DFQD1)       0.09       0.09 f
  u_exact_mul/U_fp_mult/mult_x_13/clk_r_REG153_S4/D (DFQD1)       0.00       0.09 f
  data arrival time                                                          0.09

  clock clk (rise edge)                                           0.00       0.00
  clock network delay (ideal)                                     0.00       0.00
  u_exact_mul/U_fp_mult/mult_x_13/clk_r_REG153_S4/CP (DFQD1)      0.00       0.00 r
  library hold time                                               0.03       0.03
  data required time                                                         0.03
  ----------------------------------------------------------------------------------
  data required time                                                         0.03
  data arrival time                                                         -0.09
  ----------------------------------------------------------------------------------
  slack (MET)                                                                0.07


  Startpoint: u_exact_mul/U_fp_mult/mult_x_13/clk_r_REG150_S3
              (rising edge-triggered flip-flop clocked by clk)
  Endpoint: u_exact_mul/U_fp_mult/mult_x_13/clk_r_REG151_S4
            (rising edge-triggered flip-flop clocked by clk)
  Path Group: clk
  Path Type: min

  Des/Clust/Port     Wire Load Model       Library
  ------------------------------------------------
  exact_fp32_mul_7stage ZeroWireload       tcbn65gplustc_ccs
  exact_fp32_mul_7stage_DW_lp_piped_fp_mult_J1_0 ZeroWireload tcbn65gplustc_ccs

  Point                                                           Incr       Path
  ----------------------------------------------------------------------------------
  clock clk (rise edge)                                           0.00       0.00
  clock network delay (ideal)                                     0.00       0.00
  u_exact_mul/U_fp_mult/mult_x_13/clk_r_REG150_S3/CP (DFQD1)      0.00       0.00 r
  u_exact_mul/U_fp_mult/mult_x_13/clk_r_REG150_S3/Q (DFQD1)       0.09       0.09 f
  u_exact_mul/U_fp_mult/mult_x_13/clk_r_REG151_S4/D (DFQD1)       0.00       0.09 f
  data arrival time                                                          0.09

  clock clk (rise edge)                                           0.00       0.00
  clock network delay (ideal)                                     0.00       0.00
  u_exact_mul/U_fp_mult/mult_x_13/clk_r_REG151_S4/CP (DFQD1)      0.00       0.00 r
  library hold time                                               0.03       0.03
  data required time                                                         0.03
  ----------------------------------------------------------------------------------
  data required time                                                         0.03
  data arrival time                                                         -0.09
  ----------------------------------------------------------------------------------
  slack (MET)                                                                0.07


  Startpoint: u_exact_mul/U_fp_mult/mult_x_13/clk_r_REG148_S3
              (rising edge-triggered flip-flop clocked by clk)
  Endpoint: u_exact_mul/U_fp_mult/mult_x_13/clk_r_REG149_S4
            (rising edge-triggered flip-flop clocked by clk)
  Path Group: clk
  Path Type: min

  Des/Clust/Port     Wire Load Model       Library
  ------------------------------------------------
  exact_fp32_mul_7stage ZeroWireload       tcbn65gplustc_ccs
  exact_fp32_mul_7stage_DW_lp_piped_fp_mult_J1_0 ZeroWireload tcbn65gplustc_ccs

  Point                                                           Incr       Path
  ----------------------------------------------------------------------------------
  clock clk (rise edge)                                           0.00       0.00
  clock network delay (ideal)                                     0.00       0.00
  u_exact_mul/U_fp_mult/mult_x_13/clk_r_REG148_S3/CP (DFQD1)      0.00       0.00 r
  u_exact_mul/U_fp_mult/mult_x_13/clk_r_REG148_S3/Q (DFQD1)       0.09       0.09 f
  u_exact_mul/U_fp_mult/mult_x_13/clk_r_REG149_S4/D (DFQD1)       0.00       0.09 f
  data arrival time                                                          0.09

  clock clk (rise edge)                                           0.00       0.00
  clock network delay (ideal)                                     0.00       0.00
  u_exact_mul/U_fp_mult/mult_x_13/clk_r_REG149_S4/CP (DFQD1)      0.00       0.00 r
  library hold time                                               0.03       0.03
  data required time                                                         0.03
  ----------------------------------------------------------------------------------
  data required time                                                         0.03
  data arrival time                                                         -0.09
  ----------------------------------------------------------------------------------
  slack (MET)                                                                0.07


  Startpoint: u_exact_mul/U_fp_mult/mult_x_13/clk_r_REG146_S3
              (rising edge-triggered flip-flop clocked by clk)
  Endpoint: u_exact_mul/U_fp_mult/mult_x_13/clk_r_REG147_S4
            (rising edge-triggered flip-flop clocked by clk)
  Path Group: clk
  Path Type: min

  Des/Clust/Port     Wire Load Model       Library
  ------------------------------------------------
  exact_fp32_mul_7stage ZeroWireload       tcbn65gplustc_ccs
  exact_fp32_mul_7stage_DW_lp_piped_fp_mult_J1_0 ZeroWireload tcbn65gplustc_ccs

  Point                                                           Incr       Path
  ----------------------------------------------------------------------------------
  clock clk (rise edge)                                           0.00       0.00
  clock network delay (ideal)                                     0.00       0.00
  u_exact_mul/U_fp_mult/mult_x_13/clk_r_REG146_S3/CP (DFQD1)      0.00       0.00 r
  u_exact_mul/U_fp_mult/mult_x_13/clk_r_REG146_S3/Q (DFQD1)       0.09       0.09 f
  u_exact_mul/U_fp_mult/mult_x_13/clk_r_REG147_S4/D (DFQD1)       0.00       0.09 f
  data arrival time                                                          0.09

  clock clk (rise edge)                                           0.00       0.00
  clock network delay (ideal)                                     0.00       0.00
  u_exact_mul/U_fp_mult/mult_x_13/clk_r_REG147_S4/CP (DFQD1)      0.00       0.00 r
  library hold time                                               0.03       0.03
  data required time                                                         0.03
  ----------------------------------------------------------------------------------
  data required time                                                         0.03
  data arrival time                                                         -0.09
  ----------------------------------------------------------------------------------
  slack (MET)                                                                0.07


  Startpoint: u_exact_mul/U_fp_mult/mult_x_13/clk_r_REG144_S3
              (rising edge-triggered flip-flop clocked by clk)
  Endpoint: u_exact_mul/U_fp_mult/mult_x_13/clk_r_REG145_S4
            (rising edge-triggered flip-flop clocked by clk)
  Path Group: clk
  Path Type: min

  Des/Clust/Port     Wire Load Model       Library
  ------------------------------------------------
  exact_fp32_mul_7stage ZeroWireload       tcbn65gplustc_ccs
  exact_fp32_mul_7stage_DW_lp_piped_fp_mult_J1_0 ZeroWireload tcbn65gplustc_ccs

  Point                                                           Incr       Path
  ----------------------------------------------------------------------------------
  clock clk (rise edge)                                           0.00       0.00
  clock network delay (ideal)                                     0.00       0.00
  u_exact_mul/U_fp_mult/mult_x_13/clk_r_REG144_S3/CP (DFQD1)      0.00       0.00 r
  u_exact_mul/U_fp_mult/mult_x_13/clk_r_REG144_S3/Q (DFQD1)       0.09       0.09 f
  u_exact_mul/U_fp_mult/mult_x_13/clk_r_REG145_S4/D (DFQD1)       0.00       0.09 f
  data arrival time                                                          0.09

  clock clk (rise edge)                                           0.00       0.00
  clock network delay (ideal)                                     0.00       0.00
  u_exact_mul/U_fp_mult/mult_x_13/clk_r_REG145_S4/CP (DFQD1)      0.00       0.00 r
  library hold time                                               0.03       0.03
  data required time                                                         0.03
  ----------------------------------------------------------------------------------
  data required time                                                         0.03
  data arrival time                                                         -0.09
  ----------------------------------------------------------------------------------
  slack (MET)                                                                0.07


  Startpoint: u_exact_mul/U_fp_mult/mult_x_13/clk_r_REG142_S3
              (rising edge-triggered flip-flop clocked by clk)
  Endpoint: u_exact_mul/U_fp_mult/mult_x_13/clk_r_REG143_S4
            (rising edge-triggered flip-flop clocked by clk)
  Path Group: clk
  Path Type: min

  Des/Clust/Port     Wire Load Model       Library
  ------------------------------------------------
  exact_fp32_mul_7stage ZeroWireload       tcbn65gplustc_ccs
  exact_fp32_mul_7stage_DW_lp_piped_fp_mult_J1_0 ZeroWireload tcbn65gplustc_ccs

  Point                                                           Incr       Path
  ----------------------------------------------------------------------------------
  clock clk (rise edge)                                           0.00       0.00
  clock network delay (ideal)                                     0.00       0.00
  u_exact_mul/U_fp_mult/mult_x_13/clk_r_REG142_S3/CP (DFQD1)      0.00       0.00 r
  u_exact_mul/U_fp_mult/mult_x_13/clk_r_REG142_S3/Q (DFQD1)       0.09       0.09 f
  u_exact_mul/U_fp_mult/mult_x_13/clk_r_REG143_S4/D (DFQD1)       0.00       0.09 f
  data arrival time                                                          0.09

  clock clk (rise edge)                                           0.00       0.00
  clock network delay (ideal)                                     0.00       0.00
  u_exact_mul/U_fp_mult/mult_x_13/clk_r_REG143_S4/CP (DFQD1)      0.00       0.00 r
  library hold time                                               0.03       0.03
  data required time                                                         0.03
  ----------------------------------------------------------------------------------
  data required time                                                         0.03
  data arrival time                                                         -0.09
  ----------------------------------------------------------------------------------
  slack (MET)                                                                0.07


  Startpoint: u_exact_mul/U_fp_mult/mult_x_13/clk_r_REG140_S3
              (rising edge-triggered flip-flop clocked by clk)
  Endpoint: u_exact_mul/U_fp_mult/mult_x_13/clk_r_REG141_S4
            (rising edge-triggered flip-flop clocked by clk)
  Path Group: clk
  Path Type: min

  Des/Clust/Port     Wire Load Model       Library
  ------------------------------------------------
  exact_fp32_mul_7stage ZeroWireload       tcbn65gplustc_ccs
  exact_fp32_mul_7stage_DW_lp_piped_fp_mult_J1_0 ZeroWireload tcbn65gplustc_ccs

  Point                                                           Incr       Path
  ----------------------------------------------------------------------------------
  clock clk (rise edge)                                           0.00       0.00
  clock network delay (ideal)                                     0.00       0.00
  u_exact_mul/U_fp_mult/mult_x_13/clk_r_REG140_S3/CP (DFQD1)      0.00       0.00 r
  u_exact_mul/U_fp_mult/mult_x_13/clk_r_REG140_S3/Q (DFQD1)       0.09       0.09 f
  u_exact_mul/U_fp_mult/mult_x_13/clk_r_REG141_S4/D (DFQD1)       0.00       0.09 f
  data arrival time                                                          0.09

  clock clk (rise edge)                                           0.00       0.00
  clock network delay (ideal)                                     0.00       0.00
  u_exact_mul/U_fp_mult/mult_x_13/clk_r_REG141_S4/CP (DFQD1)      0.00       0.00 r
  library hold time                                               0.03       0.03
  data required time                                                         0.03
  ----------------------------------------------------------------------------------
  data required time                                                         0.03
  data arrival time                                                         -0.09
  ----------------------------------------------------------------------------------
  slack (MET)                                                                0.07


  Startpoint: u_exact_mul/U_fp_mult/mult_x_13/clk_r_REG138_S3
              (rising edge-triggered flip-flop clocked by clk)
  Endpoint: u_exact_mul/U_fp_mult/mult_x_13/clk_r_REG139_S4
            (rising edge-triggered flip-flop clocked by clk)
  Path Group: clk
  Path Type: min

  Des/Clust/Port     Wire Load Model       Library
  ------------------------------------------------
  exact_fp32_mul_7stage ZeroWireload       tcbn65gplustc_ccs
  exact_fp32_mul_7stage_DW_lp_piped_fp_mult_J1_0 ZeroWireload tcbn65gplustc_ccs

  Point                                                           Incr       Path
  ----------------------------------------------------------------------------------
  clock clk (rise edge)                                           0.00       0.00
  clock network delay (ideal)                                     0.00       0.00
  u_exact_mul/U_fp_mult/mult_x_13/clk_r_REG138_S3/CP (DFQD1)      0.00       0.00 r
  u_exact_mul/U_fp_mult/mult_x_13/clk_r_REG138_S3/Q (DFQD1)       0.09       0.09 f
  u_exact_mul/U_fp_mult/mult_x_13/clk_r_REG139_S4/D (DFQD1)       0.00       0.09 f
  data arrival time                                                          0.09

  clock clk (rise edge)                                           0.00       0.00
  clock network delay (ideal)                                     0.00       0.00
  u_exact_mul/U_fp_mult/mult_x_13/clk_r_REG139_S4/CP (DFQD1)      0.00       0.00 r
  library hold time                                               0.03       0.03
  data required time                                                         0.03
  ----------------------------------------------------------------------------------
  data required time                                                         0.03
  data arrival time                                                         -0.09
  ----------------------------------------------------------------------------------
  slack (MET)                                                                0.07


  Startpoint: u_exact_mul/clk_r_REG4_S6
              (rising edge-triggered flip-flop clocked by clk)
  Endpoint: u_exact_mul/U_ZOUT_PL_REG/out_reg_a_reg[39]
            (rising edge-triggered flip-flop clocked by clk)
  Path Group: clk
  Path Type: min

  Des/Clust/Port     Wire Load Model       Library
  ------------------------------------------------
  exact_fp32_mul_7stage ZeroWireload       tcbn65gplustc_ccs
  exact_fp32_mul_7stage_DW_lp_piped_fp_mult_J1_0 ZeroWireload tcbn65gplustc_ccs

  Point                                                      Incr       Path
  -----------------------------------------------------------------------------
  clock clk (rise edge)                                      0.00       0.00
  clock network delay (ideal)                                0.00       0.00
  u_exact_mul/clk_r_REG4_S6/CP (DFQD1)                       0.00       0.00 r
  u_exact_mul/clk_r_REG4_S6/Q (DFQD1)                        0.09       0.09 f
  u_exact_mul/U_ZOUT_PL_REG/out_reg_a_reg[39]/D (DFQD1)      0.00       0.09 f
  data arrival time                                                     0.09

  clock clk (rise edge)                                      0.00       0.00
  clock network delay (ideal)                                0.00       0.00
  u_exact_mul/U_ZOUT_PL_REG/out_reg_a_reg[39]/CP (DFQD1)     0.00       0.00 r
  library hold time                                          0.03       0.03
  data required time                                                    0.03
  -----------------------------------------------------------------------------
  data required time                                                    0.03
  data arrival time                                                    -0.09
  -----------------------------------------------------------------------------
  slack (MET)                                                           0.07


  Startpoint: u_exact_mul/clk_r_REG10_S6
              (rising edge-triggered flip-flop clocked by clk)
  Endpoint: u_exact_mul/U_ZOUT_PL_REG/out_reg_a_reg[38]
            (rising edge-triggered flip-flop clocked by clk)
  Path Group: clk
  Path Type: min

  Des/Clust/Port     Wire Load Model       Library
  ------------------------------------------------
  exact_fp32_mul_7stage ZeroWireload       tcbn65gplustc_ccs
  exact_fp32_mul_7stage_DW_lp_piped_fp_mult_J1_0 ZeroWireload tcbn65gplustc_ccs

  Point                                                      Incr       Path
  -----------------------------------------------------------------------------
  clock clk (rise edge)                                      0.00       0.00
  clock network delay (ideal)                                0.00       0.00
  u_exact_mul/clk_r_REG10_S6/CP (DFQD1)                      0.00       0.00 r
  u_exact_mul/clk_r_REG10_S6/Q (DFQD1)                       0.09       0.09 f
  u_exact_mul/U_ZOUT_PL_REG/out_reg_a_reg[38]/D (DFQD1)      0.00       0.09 f
  data arrival time                                                     0.09

  clock clk (rise edge)                                      0.00       0.00
  clock network delay (ideal)                                0.00       0.00
  u_exact_mul/U_ZOUT_PL_REG/out_reg_a_reg[38]/CP (DFQD1)     0.00       0.00 r
  library hold time                                          0.03       0.03
  data required time                                                    0.03
  -----------------------------------------------------------------------------
  data required time                                                    0.03
  data arrival time                                                    -0.09
  -----------------------------------------------------------------------------
  slack (MET)                                                           0.07


  Startpoint: u_exact_mul/clk_r_REG12_S6
              (rising edge-triggered flip-flop clocked by clk)
  Endpoint: u_exact_mul/U_ZOUT_PL_REG/out_reg_a_reg[37]
            (rising edge-triggered flip-flop clocked by clk)
  Path Group: clk
  Path Type: min

  Des/Clust/Port     Wire Load Model       Library
  ------------------------------------------------
  exact_fp32_mul_7stage ZeroWireload       tcbn65gplustc_ccs
  exact_fp32_mul_7stage_DW_lp_piped_fp_mult_J1_0 ZeroWireload tcbn65gplustc_ccs

  Point                                                      Incr       Path
  -----------------------------------------------------------------------------
  clock clk (rise edge)                                      0.00       0.00
  clock network delay (ideal)                                0.00       0.00
  u_exact_mul/clk_r_REG12_S6/CP (DFQD1)                      0.00       0.00 r
  u_exact_mul/clk_r_REG12_S6/Q (DFQD1)                       0.09       0.09 f
  u_exact_mul/U_ZOUT_PL_REG/out_reg_a_reg[37]/D (DFQD1)      0.00       0.09 f
  data arrival time                                                     0.09

  clock clk (rise edge)                                      0.00       0.00
  clock network delay (ideal)                                0.00       0.00
  u_exact_mul/U_ZOUT_PL_REG/out_reg_a_reg[37]/CP (DFQD1)     0.00       0.00 r
  library hold time                                          0.03       0.03
  data required time                                                    0.03
  -----------------------------------------------------------------------------
  data required time                                                    0.03
  data arrival time                                                    -0.09
  -----------------------------------------------------------------------------
  slack (MET)                                                           0.07


  Startpoint: u_exact_mul/clk_r_REG14_S6
              (rising edge-triggered flip-flop clocked by clk)
  Endpoint: u_exact_mul/U_ZOUT_PL_REG/out_reg_a_reg[36]
            (rising edge-triggered flip-flop clocked by clk)
  Path Group: clk
  Path Type: min

  Des/Clust/Port     Wire Load Model       Library
  ------------------------------------------------
  exact_fp32_mul_7stage ZeroWireload       tcbn65gplustc_ccs
  exact_fp32_mul_7stage_DW_lp_piped_fp_mult_J1_0 ZeroWireload tcbn65gplustc_ccs

  Point                                                      Incr       Path
  -----------------------------------------------------------------------------
  clock clk (rise edge)                                      0.00       0.00
  clock network delay (ideal)                                0.00       0.00
  u_exact_mul/clk_r_REG14_S6/CP (DFQD1)                      0.00       0.00 r
  u_exact_mul/clk_r_REG14_S6/Q (DFQD1)                       0.09       0.09 f
  u_exact_mul/U_ZOUT_PL_REG/out_reg_a_reg[36]/D (DFQD1)      0.00       0.09 f
  data arrival time                                                     0.09

  clock clk (rise edge)                                      0.00       0.00
  clock network delay (ideal)                                0.00       0.00
  u_exact_mul/U_ZOUT_PL_REG/out_reg_a_reg[36]/CP (DFQD1)     0.00       0.00 r
  library hold time                                          0.03       0.03
  data required time                                                    0.03
  -----------------------------------------------------------------------------
  data required time                                                    0.03
  data arrival time                                                    -0.09
  -----------------------------------------------------------------------------
  slack (MET)                                                           0.07


  Startpoint: u_exact_mul/clk_r_REG16_S6
              (rising edge-triggered flip-flop clocked by clk)
  Endpoint: u_exact_mul/U_ZOUT_PL_REG/out_reg_a_reg[35]
            (rising edge-triggered flip-flop clocked by clk)
  Path Group: clk
  Path Type: min

  Des/Clust/Port     Wire Load Model       Library
  ------------------------------------------------
  exact_fp32_mul_7stage ZeroWireload       tcbn65gplustc_ccs
  exact_fp32_mul_7stage_DW_lp_piped_fp_mult_J1_0 ZeroWireload tcbn65gplustc_ccs

  Point                                                      Incr       Path
  -----------------------------------------------------------------------------
  clock clk (rise edge)                                      0.00       0.00
  clock network delay (ideal)                                0.00       0.00
  u_exact_mul/clk_r_REG16_S6/CP (DFQD1)                      0.00       0.00 r
  u_exact_mul/clk_r_REG16_S6/Q (DFQD1)                       0.09       0.09 f
  u_exact_mul/U_ZOUT_PL_REG/out_reg_a_reg[35]/D (DFQD1)      0.00       0.09 f
  data arrival time                                                     0.09

  clock clk (rise edge)                                      0.00       0.00
  clock network delay (ideal)                                0.00       0.00
  u_exact_mul/U_ZOUT_PL_REG/out_reg_a_reg[35]/CP (DFQD1)     0.00       0.00 r
  library hold time                                          0.03       0.03
  data required time                                                    0.03
  -----------------------------------------------------------------------------
  data required time                                                    0.03
  data arrival time                                                    -0.09
  -----------------------------------------------------------------------------
  slack (MET)                                                           0.07


  Startpoint: u_exact_mul/clk_r_REG18_S6
              (rising edge-triggered flip-flop clocked by clk)
  Endpoint: u_exact_mul/U_ZOUT_PL_REG/out_reg_a_reg[34]
            (rising edge-triggered flip-flop clocked by clk)
  Path Group: clk
  Path Type: min

  Des/Clust/Port     Wire Load Model       Library
  ------------------------------------------------
  exact_fp32_mul_7stage ZeroWireload       tcbn65gplustc_ccs
  exact_fp32_mul_7stage_DW_lp_piped_fp_mult_J1_0 ZeroWireload tcbn65gplustc_ccs

  Point                                                      Incr       Path
  -----------------------------------------------------------------------------
  clock clk (rise edge)                                      0.00       0.00
  clock network delay (ideal)                                0.00       0.00
  u_exact_mul/clk_r_REG18_S6/CP (DFQD1)                      0.00       0.00 r
  u_exact_mul/clk_r_REG18_S6/Q (DFQD1)                       0.09       0.09 f
  u_exact_mul/U_ZOUT_PL_REG/out_reg_a_reg[34]/D (DFQD1)      0.00       0.09 f
  data arrival time                                                     0.09

  clock clk (rise edge)                                      0.00       0.00
  clock network delay (ideal)                                0.00       0.00
  u_exact_mul/U_ZOUT_PL_REG/out_reg_a_reg[34]/CP (DFQD1)     0.00       0.00 r
  library hold time                                          0.03       0.03
  data required time                                                    0.03
  -----------------------------------------------------------------------------
  data required time                                                    0.03
  data arrival time                                                    -0.09
  -----------------------------------------------------------------------------
  slack (MET)                                                           0.07


  Startpoint: u_exact_mul/clk_r_REG20_S6
              (rising edge-triggered flip-flop clocked by clk)
  Endpoint: u_exact_mul/U_ZOUT_PL_REG/out_reg_a_reg[33]
            (rising edge-triggered flip-flop clocked by clk)
  Path Group: clk
  Path Type: min

  Des/Clust/Port     Wire Load Model       Library
  ------------------------------------------------
  exact_fp32_mul_7stage ZeroWireload       tcbn65gplustc_ccs
  exact_fp32_mul_7stage_DW_lp_piped_fp_mult_J1_0 ZeroWireload tcbn65gplustc_ccs

  Point                                                      Incr       Path
  -----------------------------------------------------------------------------
  clock clk (rise edge)                                      0.00       0.00
  clock network delay (ideal)                                0.00       0.00
  u_exact_mul/clk_r_REG20_S6/CP (DFQD1)                      0.00       0.00 r
  u_exact_mul/clk_r_REG20_S6/Q (DFQD1)                       0.09       0.09 f
  u_exact_mul/U_ZOUT_PL_REG/out_reg_a_reg[33]/D (DFQD1)      0.00       0.09 f
  data arrival time                                                     0.09

  clock clk (rise edge)                                      0.00       0.00
  clock network delay (ideal)                                0.00       0.00
  u_exact_mul/U_ZOUT_PL_REG/out_reg_a_reg[33]/CP (DFQD1)     0.00       0.00 r
  library hold time                                          0.03       0.03
  data required time                                                    0.03
  -----------------------------------------------------------------------------
  data required time                                                    0.03
  data arrival time                                                    -0.09
  -----------------------------------------------------------------------------
  slack (MET)                                                           0.07


  Startpoint: u_exact_mul/clk_r_REG22_S6
              (rising edge-triggered flip-flop clocked by clk)
  Endpoint: u_exact_mul/U_ZOUT_PL_REG/out_reg_a_reg[32]
            (rising edge-triggered flip-flop clocked by clk)
  Path Group: clk
  Path Type: min

  Des/Clust/Port     Wire Load Model       Library
  ------------------------------------------------
  exact_fp32_mul_7stage ZeroWireload       tcbn65gplustc_ccs
  exact_fp32_mul_7stage_DW_lp_piped_fp_mult_J1_0 ZeroWireload tcbn65gplustc_ccs

  Point                                                      Incr       Path
  -----------------------------------------------------------------------------
  clock clk (rise edge)                                      0.00       0.00
  clock network delay (ideal)                                0.00       0.00
  u_exact_mul/clk_r_REG22_S6/CP (DFQD1)                      0.00       0.00 r
  u_exact_mul/clk_r_REG22_S6/Q (DFQD1)                       0.09       0.09 f
  u_exact_mul/U_ZOUT_PL_REG/out_reg_a_reg[32]/D (DFQD1)      0.00       0.09 f
  data arrival time                                                     0.09

  clock clk (rise edge)                                      0.00       0.00
  clock network delay (ideal)                                0.00       0.00
  u_exact_mul/U_ZOUT_PL_REG/out_reg_a_reg[32]/CP (DFQD1)     0.00       0.00 r
  library hold time                                          0.03       0.03
  data required time                                                    0.03
  -----------------------------------------------------------------------------
  data required time                                                    0.03
  data arrival time                                                    -0.09
  -----------------------------------------------------------------------------
  slack (MET)                                                           0.07


  Startpoint: u_exact_mul/clk_r_REG24_S6
              (rising edge-triggered flip-flop clocked by clk)
  Endpoint: u_exact_mul/U_ZOUT_PL_REG/out_reg_a_reg[31]
            (rising edge-triggered flip-flop clocked by clk)
  Path Group: clk
  Path Type: min

  Des/Clust/Port     Wire Load Model       Library
  ------------------------------------------------
  exact_fp32_mul_7stage ZeroWireload       tcbn65gplustc_ccs
  exact_fp32_mul_7stage_DW_lp_piped_fp_mult_J1_0 ZeroWireload tcbn65gplustc_ccs

  Point                                                      Incr       Path
  -----------------------------------------------------------------------------
  clock clk (rise edge)                                      0.00       0.00
  clock network delay (ideal)                                0.00       0.00
  u_exact_mul/clk_r_REG24_S6/CP (DFQD1)                      0.00       0.00 r
  u_exact_mul/clk_r_REG24_S6/Q (DFQD1)                       0.09       0.09 f
  u_exact_mul/U_ZOUT_PL_REG/out_reg_a_reg[31]/D (DFQD1)      0.00       0.09 f
  data arrival time                                                     0.09

  clock clk (rise edge)                                      0.00       0.00
  clock network delay (ideal)                                0.00       0.00
  u_exact_mul/U_ZOUT_PL_REG/out_reg_a_reg[31]/CP (DFQD1)     0.00       0.00 r
  library hold time                                          0.03       0.03
  data required time                                                    0.03
  -----------------------------------------------------------------------------
  data required time                                                    0.03
  data arrival time                                                    -0.09
  -----------------------------------------------------------------------------
  slack (MET)                                                           0.07


  Startpoint: u_exact_mul/clk_r_REG30_S6
              (rising edge-triggered flip-flop clocked by clk)
  Endpoint: u_exact_mul/U_ZOUT_PL_REG/out_reg_a_reg[30]
            (rising edge-triggered flip-flop clocked by clk)
  Path Group: clk
  Path Type: min

  Des/Clust/Port     Wire Load Model       Library
  ------------------------------------------------
  exact_fp32_mul_7stage ZeroWireload       tcbn65gplustc_ccs
  exact_fp32_mul_7stage_DW_lp_piped_fp_mult_J1_0 ZeroWireload tcbn65gplustc_ccs

  Point                                                      Incr       Path
  -----------------------------------------------------------------------------
  clock clk (rise edge)                                      0.00       0.00
  clock network delay (ideal)                                0.00       0.00
  u_exact_mul/clk_r_REG30_S6/CP (DFQD1)                      0.00       0.00 r
  u_exact_mul/clk_r_REG30_S6/Q (DFQD1)                       0.09       0.09 f
  u_exact_mul/U_ZOUT_PL_REG/out_reg_a_reg[30]/D (DFQD1)      0.00       0.09 f
  data arrival time                                                     0.09

  clock clk (rise edge)                                      0.00       0.00
  clock network delay (ideal)                                0.00       0.00
  u_exact_mul/U_ZOUT_PL_REG/out_reg_a_reg[30]/CP (DFQD1)     0.00       0.00 r
  library hold time                                          0.03       0.03
  data required time                                                    0.03
  -----------------------------------------------------------------------------
  data required time                                                    0.03
  data arrival time                                                    -0.09
  -----------------------------------------------------------------------------
  slack (MET)                                                           0.07


  Startpoint: u_exact_mul/clk_r_REG46_S6
              (rising edge-triggered flip-flop clocked by clk)
  Endpoint: u_exact_mul/U_ZOUT_PL_REG/out_reg_a_reg[29]
            (rising edge-triggered flip-flop clocked by clk)
  Path Group: clk
  Path Type: min

  Des/Clust/Port     Wire Load Model       Library
  ------------------------------------------------
  exact_fp32_mul_7stage ZeroWireload       tcbn65gplustc_ccs
  exact_fp32_mul_7stage_DW_lp_piped_fp_mult_J1_0 ZeroWireload tcbn65gplustc_ccs

  Point                                                      Incr       Path
  -----------------------------------------------------------------------------
  clock clk (rise edge)                                      0.00       0.00
  clock network delay (ideal)                                0.00       0.00
  u_exact_mul/clk_r_REG46_S6/CP (DFQD1)                      0.00       0.00 r
  u_exact_mul/clk_r_REG46_S6/Q (DFQD1)                       0.09       0.09 f
  u_exact_mul/U_ZOUT_PL_REG/out_reg_a_reg[29]/D (DFQD1)      0.00       0.09 f
  data arrival time                                                     0.09

  clock clk (rise edge)                                      0.00       0.00
  clock network delay (ideal)                                0.00       0.00
  u_exact_mul/U_ZOUT_PL_REG/out_reg_a_reg[29]/CP (DFQD1)     0.00       0.00 r
  library hold time                                          0.03       0.03
  data required time                                                    0.03
  -----------------------------------------------------------------------------
  data required time                                                    0.03
  data arrival time                                                    -0.09
  -----------------------------------------------------------------------------
  slack (MET)                                                           0.07


  Startpoint: u_exact_mul/clk_r_REG64_S6
              (rising edge-triggered flip-flop clocked by clk)
  Endpoint: u_exact_mul/U_ZOUT_PL_REG/out_reg_a_reg[28]
            (rising edge-triggered flip-flop clocked by clk)
  Path Group: clk
  Path Type: min

  Des/Clust/Port     Wire Load Model       Library
  ------------------------------------------------
  exact_fp32_mul_7stage ZeroWireload       tcbn65gplustc_ccs
  exact_fp32_mul_7stage_DW_lp_piped_fp_mult_J1_0 ZeroWireload tcbn65gplustc_ccs

  Point                                                      Incr       Path
  -----------------------------------------------------------------------------
  clock clk (rise edge)                                      0.00       0.00
  clock network delay (ideal)                                0.00       0.00
  u_exact_mul/clk_r_REG64_S6/CP (DFQD1)                      0.00       0.00 r
  u_exact_mul/clk_r_REG64_S6/Q (DFQD1)                       0.09       0.09 f
  u_exact_mul/U_ZOUT_PL_REG/out_reg_a_reg[28]/D (DFQD1)      0.00       0.09 f
  data arrival time                                                     0.09

  clock clk (rise edge)                                      0.00       0.00
  clock network delay (ideal)                                0.00       0.00
  u_exact_mul/U_ZOUT_PL_REG/out_reg_a_reg[28]/CP (DFQD1)     0.00       0.00 r
  library hold time                                          0.03       0.03
  data required time                                                    0.03
  -----------------------------------------------------------------------------
  data required time                                                    0.03
  data arrival time                                                    -0.09
  -----------------------------------------------------------------------------
  slack (MET)                                                           0.07


  Startpoint: u_exact_mul/clk_r_REG44_S6
              (rising edge-triggered flip-flop clocked by clk)
  Endpoint: u_exact_mul/U_ZOUT_PL_REG/out_reg_a_reg[27]
            (rising edge-triggered flip-flop clocked by clk)
  Path Group: clk
  Path Type: min

  Des/Clust/Port     Wire Load Model       Library
  ------------------------------------------------
  exact_fp32_mul_7stage ZeroWireload       tcbn65gplustc_ccs
  exact_fp32_mul_7stage_DW_lp_piped_fp_mult_J1_0 ZeroWireload tcbn65gplustc_ccs

  Point                                                      Incr       Path
  -----------------------------------------------------------------------------
  clock clk (rise edge)                                      0.00       0.00
  clock network delay (ideal)                                0.00       0.00
  u_exact_mul/clk_r_REG44_S6/CP (DFQD1)                      0.00       0.00 r
  u_exact_mul/clk_r_REG44_S6/Q (DFQD1)                       0.09       0.09 f
  u_exact_mul/U_ZOUT_PL_REG/out_reg_a_reg[27]/D (DFQD1)      0.00       0.09 f
  data arrival time                                                     0.09

  clock clk (rise edge)                                      0.00       0.00
  clock network delay (ideal)                                0.00       0.00
  u_exact_mul/U_ZOUT_PL_REG/out_reg_a_reg[27]/CP (DFQD1)     0.00       0.00 r
  library hold time                                          0.03       0.03
  data required time                                                    0.03
  -----------------------------------------------------------------------------
  data required time                                                    0.03
  data arrival time                                                    -0.09
  -----------------------------------------------------------------------------
  slack (MET)                                                           0.07


  Startpoint: u_exact_mul/clk_r_REG62_S6
              (rising edge-triggered flip-flop clocked by clk)
  Endpoint: u_exact_mul/U_ZOUT_PL_REG/out_reg_a_reg[26]
            (rising edge-triggered flip-flop clocked by clk)
  Path Group: clk
  Path Type: min

  Des/Clust/Port     Wire Load Model       Library
  ------------------------------------------------
  exact_fp32_mul_7stage ZeroWireload       tcbn65gplustc_ccs
  exact_fp32_mul_7stage_DW_lp_piped_fp_mult_J1_0 ZeroWireload tcbn65gplustc_ccs

  Point                                                      Incr       Path
  -----------------------------------------------------------------------------
  clock clk (rise edge)                                      0.00       0.00
  clock network delay (ideal)                                0.00       0.00
  u_exact_mul/clk_r_REG62_S6/CP (DFQD1)                      0.00       0.00 r
  u_exact_mul/clk_r_REG62_S6/Q (DFQD1)                       0.09       0.09 f
  u_exact_mul/U_ZOUT_PL_REG/out_reg_a_reg[26]/D (DFQD1)      0.00       0.09 f
  data arrival time                                                     0.09

  clock clk (rise edge)                                      0.00       0.00
  clock network delay (ideal)                                0.00       0.00
  u_exact_mul/U_ZOUT_PL_REG/out_reg_a_reg[26]/CP (DFQD1)     0.00       0.00 r
  library hold time                                          0.03       0.03
  data required time                                                    0.03
  -----------------------------------------------------------------------------
  data required time                                                    0.03
  data arrival time                                                    -0.09
  -----------------------------------------------------------------------------
  slack (MET)                                                           0.07


  Startpoint: u_exact_mul/clk_r_REG34_S6
              (rising edge-triggered flip-flop clocked by clk)
  Endpoint: u_exact_mul/U_ZOUT_PL_REG/out_reg_a_reg[25]
            (rising edge-triggered flip-flop clocked by clk)
  Path Group: clk
  Path Type: min

  Des/Clust/Port     Wire Load Model       Library
  ------------------------------------------------
  exact_fp32_mul_7stage ZeroWireload       tcbn65gplustc_ccs
  exact_fp32_mul_7stage_DW_lp_piped_fp_mult_J1_0 ZeroWireload tcbn65gplustc_ccs

  Point                                                      Incr       Path
  -----------------------------------------------------------------------------
  clock clk (rise edge)                                      0.00       0.00
  clock network delay (ideal)                                0.00       0.00
  u_exact_mul/clk_r_REG34_S6/CP (DFQD1)                      0.00       0.00 r
  u_exact_mul/clk_r_REG34_S6/Q (DFQD1)                       0.09       0.09 f
  u_exact_mul/U_ZOUT_PL_REG/out_reg_a_reg[25]/D (DFQD1)      0.00       0.09 f
  data arrival time                                                     0.09

  clock clk (rise edge)                                      0.00       0.00
  clock network delay (ideal)                                0.00       0.00
  u_exact_mul/U_ZOUT_PL_REG/out_reg_a_reg[25]/CP (DFQD1)     0.00       0.00 r
  library hold time                                          0.03       0.03
  data required time                                                    0.03
  -----------------------------------------------------------------------------
  data required time                                                    0.03
  data arrival time                                                    -0.09
  -----------------------------------------------------------------------------
  slack (MET)                                                           0.07


  Startpoint: u_exact_mul/clk_r_REG54_S6
              (rising edge-triggered flip-flop clocked by clk)
  Endpoint: u_exact_mul/U_ZOUT_PL_REG/out_reg_a_reg[24]
            (rising edge-triggered flip-flop clocked by clk)
  Path Group: clk
  Path Type: min

  Des/Clust/Port     Wire Load Model       Library
  ------------------------------------------------
  exact_fp32_mul_7stage ZeroWireload       tcbn65gplustc_ccs
  exact_fp32_mul_7stage_DW_lp_piped_fp_mult_J1_0 ZeroWireload tcbn65gplustc_ccs

  Point                                                      Incr       Path
  -----------------------------------------------------------------------------
  clock clk (rise edge)                                      0.00       0.00
  clock network delay (ideal)                                0.00       0.00
  u_exact_mul/clk_r_REG54_S6/CP (DFQD1)                      0.00       0.00 r
  u_exact_mul/clk_r_REG54_S6/Q (DFQD1)                       0.09       0.09 f
  u_exact_mul/U_ZOUT_PL_REG/out_reg_a_reg[24]/D (DFQD1)      0.00       0.09 f
  data arrival time                                                     0.09

  clock clk (rise edge)                                      0.00       0.00
  clock network delay (ideal)                                0.00       0.00
  u_exact_mul/U_ZOUT_PL_REG/out_reg_a_reg[24]/CP (DFQD1)     0.00       0.00 r
  library hold time                                          0.03       0.03
  data required time                                                    0.03
  -----------------------------------------------------------------------------
  data required time                                                    0.03
  data arrival time                                                    -0.09
  -----------------------------------------------------------------------------
  slack (MET)                                                           0.07


  Startpoint: u_exact_mul/clk_r_REG60_S6
              (rising edge-triggered flip-flop clocked by clk)
  Endpoint: u_exact_mul/U_ZOUT_PL_REG/out_reg_a_reg[23]
            (rising edge-triggered flip-flop clocked by clk)
  Path Group: clk
  Path Type: min

  Des/Clust/Port     Wire Load Model       Library
  ------------------------------------------------
  exact_fp32_mul_7stage ZeroWireload       tcbn65gplustc_ccs
  exact_fp32_mul_7stage_DW_lp_piped_fp_mult_J1_0 ZeroWireload tcbn65gplustc_ccs

  Point                                                      Incr       Path
  -----------------------------------------------------------------------------
  clock clk (rise edge)                                      0.00       0.00
  clock network delay (ideal)                                0.00       0.00
  u_exact_mul/clk_r_REG60_S6/CP (DFQD1)                      0.00       0.00 r
  u_exact_mul/clk_r_REG60_S6/Q (DFQD1)                       0.09       0.09 f
  u_exact_mul/U_ZOUT_PL_REG/out_reg_a_reg[23]/D (DFQD1)      0.00       0.09 f
  data arrival time                                                     0.09

  clock clk (rise edge)                                      0.00       0.00
  clock network delay (ideal)                                0.00       0.00
  u_exact_mul/U_ZOUT_PL_REG/out_reg_a_reg[23]/CP (DFQD1)     0.00       0.00 r
  library hold time                                          0.03       0.03
  data required time                                                    0.03
  -----------------------------------------------------------------------------
  data required time                                                    0.03
  data arrival time                                                    -0.09
  -----------------------------------------------------------------------------
  slack (MET)                                                           0.07


  Startpoint: u_exact_mul/clk_r_REG36_S6
              (rising edge-triggered flip-flop clocked by clk)
  Endpoint: u_exact_mul/U_ZOUT_PL_REG/out_reg_a_reg[22]
            (rising edge-triggered flip-flop clocked by clk)
  Path Group: clk
  Path Type: min

  Des/Clust/Port     Wire Load Model       Library
  ------------------------------------------------
  exact_fp32_mul_7stage ZeroWireload       tcbn65gplustc_ccs
  exact_fp32_mul_7stage_DW_lp_piped_fp_mult_J1_0 ZeroWireload tcbn65gplustc_ccs

  Point                                                      Incr       Path
  -----------------------------------------------------------------------------
  clock clk (rise edge)                                      0.00       0.00
  clock network delay (ideal)                                0.00       0.00
  u_exact_mul/clk_r_REG36_S6/CP (DFQD1)                      0.00       0.00 r
  u_exact_mul/clk_r_REG36_S6/Q (DFQD1)                       0.09       0.09 f
  u_exact_mul/U_ZOUT_PL_REG/out_reg_a_reg[22]/D (DFQD1)      0.00       0.09 f
  data arrival time                                                     0.09

  clock clk (rise edge)                                      0.00       0.00
  clock network delay (ideal)                                0.00       0.00
  u_exact_mul/U_ZOUT_PL_REG/out_reg_a_reg[22]/CP (DFQD1)     0.00       0.00 r
  library hold time                                          0.03       0.03
  data required time                                                    0.03
  -----------------------------------------------------------------------------
  data required time                                                    0.03
  data arrival time                                                    -0.09
  -----------------------------------------------------------------------------
  slack (MET)                                                           0.07


  Startpoint: u_exact_mul/clk_r_REG42_S6
              (rising edge-triggered flip-flop clocked by clk)
  Endpoint: u_exact_mul/U_ZOUT_PL_REG/out_reg_a_reg[21]
            (rising edge-triggered flip-flop clocked by clk)
  Path Group: clk
  Path Type: min

  Des/Clust/Port     Wire Load Model       Library
  ------------------------------------------------
  exact_fp32_mul_7stage ZeroWireload       tcbn65gplustc_ccs
  exact_fp32_mul_7stage_DW_lp_piped_fp_mult_J1_0 ZeroWireload tcbn65gplustc_ccs

  Point                                                      Incr       Path
  -----------------------------------------------------------------------------
  clock clk (rise edge)                                      0.00       0.00
  clock network delay (ideal)                                0.00       0.00
  u_exact_mul/clk_r_REG42_S6/CP (DFQD1)                      0.00       0.00 r
  u_exact_mul/clk_r_REG42_S6/Q (DFQD1)                       0.09       0.09 f
  u_exact_mul/U_ZOUT_PL_REG/out_reg_a_reg[21]/D (DFQD1)      0.00       0.09 f
  data arrival time                                                     0.09

  clock clk (rise edge)                                      0.00       0.00
  clock network delay (ideal)                                0.00       0.00
  u_exact_mul/U_ZOUT_PL_REG/out_reg_a_reg[21]/CP (DFQD1)     0.00       0.00 r
  library hold time                                          0.03       0.03
  data required time                                                    0.03
  -----------------------------------------------------------------------------
  data required time                                                    0.03
  data arrival time                                                    -0.09
  -----------------------------------------------------------------------------
  slack (MET)                                                           0.07


  Startpoint: u_exact_mul/clk_r_REG58_S6
              (rising edge-triggered flip-flop clocked by clk)
  Endpoint: u_exact_mul/U_ZOUT_PL_REG/out_reg_a_reg[20]
            (rising edge-triggered flip-flop clocked by clk)
  Path Group: clk
  Path Type: min

  Des/Clust/Port     Wire Load Model       Library
  ------------------------------------------------
  exact_fp32_mul_7stage ZeroWireload       tcbn65gplustc_ccs
  exact_fp32_mul_7stage_DW_lp_piped_fp_mult_J1_0 ZeroWireload tcbn65gplustc_ccs

  Point                                                      Incr       Path
  -----------------------------------------------------------------------------
  clock clk (rise edge)                                      0.00       0.00
  clock network delay (ideal)                                0.00       0.00
  u_exact_mul/clk_r_REG58_S6/CP (DFQD1)                      0.00       0.00 r
  u_exact_mul/clk_r_REG58_S6/Q (DFQD1)                       0.09       0.09 f
  u_exact_mul/U_ZOUT_PL_REG/out_reg_a_reg[20]/D (DFQD1)      0.00       0.09 f
  data arrival time                                                     0.09

  clock clk (rise edge)                                      0.00       0.00
  clock network delay (ideal)                                0.00       0.00
  u_exact_mul/U_ZOUT_PL_REG/out_reg_a_reg[20]/CP (DFQD1)     0.00       0.00 r
  library hold time                                          0.03       0.03
  data required time                                                    0.03
  -----------------------------------------------------------------------------
  data required time                                                    0.03
  data arrival time                                                    -0.09
  -----------------------------------------------------------------------------
  slack (MET)                                                           0.07


  Startpoint: u_exact_mul/clk_r_REG38_S6
              (rising edge-triggered flip-flop clocked by clk)
  Endpoint: u_exact_mul/U_ZOUT_PL_REG/out_reg_a_reg[19]
            (rising edge-triggered flip-flop clocked by clk)
  Path Group: clk
  Path Type: min

  Des/Clust/Port     Wire Load Model       Library
  ------------------------------------------------
  exact_fp32_mul_7stage ZeroWireload       tcbn65gplustc_ccs
  exact_fp32_mul_7stage_DW_lp_piped_fp_mult_J1_0 ZeroWireload tcbn65gplustc_ccs

  Point                                                      Incr       Path
  -----------------------------------------------------------------------------
  clock clk (rise edge)                                      0.00       0.00
  clock network delay (ideal)                                0.00       0.00
  u_exact_mul/clk_r_REG38_S6/CP (DFQD1)                      0.00       0.00 r
  u_exact_mul/clk_r_REG38_S6/Q (DFQD1)                       0.09       0.09 f
  u_exact_mul/U_ZOUT_PL_REG/out_reg_a_reg[19]/D (DFQD1)      0.00       0.09 f
  data arrival time                                                     0.09

  clock clk (rise edge)                                      0.00       0.00
  clock network delay (ideal)                                0.00       0.00
  u_exact_mul/U_ZOUT_PL_REG/out_reg_a_reg[19]/CP (DFQD1)     0.00       0.00 r
  library hold time                                          0.03       0.03
  data required time                                                    0.03
  -----------------------------------------------------------------------------
  data required time                                                    0.03
  data arrival time                                                    -0.09
  -----------------------------------------------------------------------------
  slack (MET)                                                           0.07


  Startpoint: u_exact_mul/clk_r_REG40_S6
              (rising edge-triggered flip-flop clocked by clk)
  Endpoint: u_exact_mul/U_ZOUT_PL_REG/out_reg_a_reg[18]
            (rising edge-triggered flip-flop clocked by clk)
  Path Group: clk
  Path Type: min

  Des/Clust/Port     Wire Load Model       Library
  ------------------------------------------------
  exact_fp32_mul_7stage ZeroWireload       tcbn65gplustc_ccs
  exact_fp32_mul_7stage_DW_lp_piped_fp_mult_J1_0 ZeroWireload tcbn65gplustc_ccs

  Point                                                      Incr       Path
  -----------------------------------------------------------------------------
  clock clk (rise edge)                                      0.00       0.00
  clock network delay (ideal)                                0.00       0.00
  u_exact_mul/clk_r_REG40_S6/CP (DFQD1)                      0.00       0.00 r
  u_exact_mul/clk_r_REG40_S6/Q (DFQD1)                       0.09       0.09 f
  u_exact_mul/U_ZOUT_PL_REG/out_reg_a_reg[18]/D (DFQD1)      0.00       0.09 f
  data arrival time                                                     0.09

  clock clk (rise edge)                                      0.00       0.00
  clock network delay (ideal)                                0.00       0.00
  u_exact_mul/U_ZOUT_PL_REG/out_reg_a_reg[18]/CP (DFQD1)     0.00       0.00 r
  library hold time                                          0.03       0.03
  data required time                                                    0.03
  -----------------------------------------------------------------------------
  data required time                                                    0.03
  data arrival time                                                    -0.09
  -----------------------------------------------------------------------------
  slack (MET)                                                           0.07


  Startpoint: u_exact_mul/clk_r_REG52_S6
              (rising edge-triggered flip-flop clocked by clk)
  Endpoint: u_exact_mul/U_ZOUT_PL_REG/out_reg_a_reg[17]
            (rising edge-triggered flip-flop clocked by clk)
  Path Group: clk
  Path Type: min

  Des/Clust/Port     Wire Load Model       Library
  ------------------------------------------------
  exact_fp32_mul_7stage ZeroWireload       tcbn65gplustc_ccs
  exact_fp32_mul_7stage_DW_lp_piped_fp_mult_J1_0 ZeroWireload tcbn65gplustc_ccs

  Point                                                      Incr       Path
  -----------------------------------------------------------------------------
  clock clk (rise edge)                                      0.00       0.00
  clock network delay (ideal)                                0.00       0.00
  u_exact_mul/clk_r_REG52_S6/CP (DFQD1)                      0.00       0.00 r
  u_exact_mul/clk_r_REG52_S6/Q (DFQD1)                       0.09       0.09 f
  u_exact_mul/U_ZOUT_PL_REG/out_reg_a_reg[17]/D (DFQD1)      0.00       0.09 f
  data arrival time                                                     0.09

  clock clk (rise edge)                                      0.00       0.00
  clock network delay (ideal)                                0.00       0.00
  u_exact_mul/U_ZOUT_PL_REG/out_reg_a_reg[17]/CP (DFQD1)     0.00       0.00 r
  library hold time                                          0.03       0.03
  data required time                                                    0.03
  -----------------------------------------------------------------------------
  data required time                                                    0.03
  data arrival time                                                    -0.09
  -----------------------------------------------------------------------------
  slack (MET)                                                           0.07


  Startpoint: u_exact_mul/clk_r_REG68_S6
              (rising edge-triggered flip-flop clocked by clk)
  Endpoint: u_exact_mul/U_ZOUT_PL_REG/out_reg_a_reg[16]
            (rising edge-triggered flip-flop clocked by clk)
  Path Group: clk
  Path Type: min

  Des/Clust/Port     Wire Load Model       Library
  ------------------------------------------------
  exact_fp32_mul_7stage ZeroWireload       tcbn65gplustc_ccs
  exact_fp32_mul_7stage_DW_lp_piped_fp_mult_J1_0 ZeroWireload tcbn65gplustc_ccs

  Point                                                      Incr       Path
  -----------------------------------------------------------------------------
  clock clk (rise edge)                                      0.00       0.00
  clock network delay (ideal)                                0.00       0.00
  u_exact_mul/clk_r_REG68_S6/CP (DFQD1)                      0.00       0.00 r
  u_exact_mul/clk_r_REG68_S6/Q (DFQD1)                       0.09       0.09 f
  u_exact_mul/U_ZOUT_PL_REG/out_reg_a_reg[16]/D (DFQD1)      0.00       0.09 f
  data arrival time                                                     0.09

  clock clk (rise edge)                                      0.00       0.00
  clock network delay (ideal)                                0.00       0.00
  u_exact_mul/U_ZOUT_PL_REG/out_reg_a_reg[16]/CP (DFQD1)     0.00       0.00 r
  library hold time                                          0.03       0.03
  data required time                                                    0.03
  -----------------------------------------------------------------------------
  data required time                                                    0.03
  data arrival time                                                    -0.09
  -----------------------------------------------------------------------------
  slack (MET)                                                           0.07


  Startpoint: u_exact_mul/clk_r_REG26_S6
              (rising edge-triggered flip-flop clocked by clk)
  Endpoint: u_exact_mul/U_ZOUT_PL_REG/out_reg_a_reg[15]
            (rising edge-triggered flip-flop clocked by clk)
  Path Group: clk
  Path Type: min

  Des/Clust/Port     Wire Load Model       Library
  ------------------------------------------------
  exact_fp32_mul_7stage ZeroWireload       tcbn65gplustc_ccs
  exact_fp32_mul_7stage_DW_lp_piped_fp_mult_J1_0 ZeroWireload tcbn65gplustc_ccs

  Point                                                      Incr       Path
  -----------------------------------------------------------------------------
  clock clk (rise edge)                                      0.00       0.00
  clock network delay (ideal)                                0.00       0.00
  u_exact_mul/clk_r_REG26_S6/CP (DFQD1)                      0.00       0.00 r
  u_exact_mul/clk_r_REG26_S6/Q (DFQD1)                       0.09       0.09 f
  u_exact_mul/U_ZOUT_PL_REG/out_reg_a_reg[15]/D (DFQD1)      0.00       0.09 f
  data arrival time                                                     0.09

  clock clk (rise edge)                                      0.00       0.00
  clock network delay (ideal)                                0.00       0.00
  u_exact_mul/U_ZOUT_PL_REG/out_reg_a_reg[15]/CP (DFQD1)     0.00       0.00 r
  library hold time                                          0.03       0.03
  data required time                                                    0.03
  -----------------------------------------------------------------------------
  data required time                                                    0.03
  data arrival time                                                    -0.09
  -----------------------------------------------------------------------------
  slack (MET)                                                           0.07


  Startpoint: u_exact_mul/clk_r_REG50_S6
              (rising edge-triggered flip-flop clocked by clk)
  Endpoint: u_exact_mul/U_ZOUT_PL_REG/out_reg_a_reg[14]
            (rising edge-triggered flip-flop clocked by clk)
  Path Group: clk
  Path Type: min

  Des/Clust/Port     Wire Load Model       Library
  ------------------------------------------------
  exact_fp32_mul_7stage ZeroWireload       tcbn65gplustc_ccs
  exact_fp32_mul_7stage_DW_lp_piped_fp_mult_J1_0 ZeroWireload tcbn65gplustc_ccs

  Point                                                      Incr       Path
  -----------------------------------------------------------------------------
  clock clk (rise edge)                                      0.00       0.00
  clock network delay (ideal)                                0.00       0.00
  u_exact_mul/clk_r_REG50_S6/CP (DFQD1)                      0.00       0.00 r
  u_exact_mul/clk_r_REG50_S6/Q (DFQD1)                       0.09       0.09 f
  u_exact_mul/U_ZOUT_PL_REG/out_reg_a_reg[14]/D (DFQD1)      0.00       0.09 f
  data arrival time                                                     0.09

  clock clk (rise edge)                                      0.00       0.00
  clock network delay (ideal)                                0.00       0.00
  u_exact_mul/U_ZOUT_PL_REG/out_reg_a_reg[14]/CP (DFQD1)     0.00       0.00 r
  library hold time                                          0.03       0.03
  data required time                                                    0.03
  -----------------------------------------------------------------------------
  data required time                                                    0.03
  data arrival time                                                    -0.09
  -----------------------------------------------------------------------------
  slack (MET)                                                           0.07


  Startpoint: u_exact_mul/clk_r_REG66_S6
              (rising edge-triggered flip-flop clocked by clk)
  Endpoint: u_exact_mul/U_ZOUT_PL_REG/out_reg_a_reg[13]
            (rising edge-triggered flip-flop clocked by clk)
  Path Group: clk
  Path Type: min

  Des/Clust/Port     Wire Load Model       Library
  ------------------------------------------------
  exact_fp32_mul_7stage ZeroWireload       tcbn65gplustc_ccs
  exact_fp32_mul_7stage_DW_lp_piped_fp_mult_J1_0 ZeroWireload tcbn65gplustc_ccs

  Point                                                      Incr       Path
  -----------------------------------------------------------------------------
  clock clk (rise edge)                                      0.00       0.00
  clock network delay (ideal)                                0.00       0.00
  u_exact_mul/clk_r_REG66_S6/CP (DFQD1)                      0.00       0.00 r
  u_exact_mul/clk_r_REG66_S6/Q (DFQD1)                       0.09       0.09 f
  u_exact_mul/U_ZOUT_PL_REG/out_reg_a_reg[13]/D (DFQD1)      0.00       0.09 f
  data arrival time                                                     0.09

  clock clk (rise edge)                                      0.00       0.00
  clock network delay (ideal)                                0.00       0.00
  u_exact_mul/U_ZOUT_PL_REG/out_reg_a_reg[13]/CP (DFQD1)     0.00       0.00 r
  library hold time                                          0.03       0.03
  data required time                                                    0.03
  -----------------------------------------------------------------------------
  data required time                                                    0.03
  data arrival time                                                    -0.09
  -----------------------------------------------------------------------------
  slack (MET)                                                           0.07


  Startpoint: u_exact_mul/clk_r_REG28_S6
              (rising edge-triggered flip-flop clocked by clk)
  Endpoint: u_exact_mul/U_ZOUT_PL_REG/out_reg_a_reg[12]
            (rising edge-triggered flip-flop clocked by clk)
  Path Group: clk
  Path Type: min

  Des/Clust/Port     Wire Load Model       Library
  ------------------------------------------------
  exact_fp32_mul_7stage ZeroWireload       tcbn65gplustc_ccs
  exact_fp32_mul_7stage_DW_lp_piped_fp_mult_J1_0 ZeroWireload tcbn65gplustc_ccs

  Point                                                      Incr       Path
  -----------------------------------------------------------------------------
  clock clk (rise edge)                                      0.00       0.00
  clock network delay (ideal)                                0.00       0.00
  u_exact_mul/clk_r_REG28_S6/CP (DFQD1)                      0.00       0.00 r
  u_exact_mul/clk_r_REG28_S6/Q (DFQD1)                       0.09       0.09 f
  u_exact_mul/U_ZOUT_PL_REG/out_reg_a_reg[12]/D (DFQD1)      0.00       0.09 f
  data arrival time                                                     0.09

  clock clk (rise edge)                                      0.00       0.00
  clock network delay (ideal)                                0.00       0.00
  u_exact_mul/U_ZOUT_PL_REG/out_reg_a_reg[12]/CP (DFQD1)     0.00       0.00 r
  library hold time                                          0.03       0.03
  data required time                                                    0.03
  -----------------------------------------------------------------------------
  data required time                                                    0.03
  data arrival time                                                    -0.09
  -----------------------------------------------------------------------------
  slack (MET)                                                           0.07


  Startpoint: u_exact_mul/clk_r_REG48_S6
              (rising edge-triggered flip-flop clocked by clk)
  Endpoint: u_exact_mul/U_ZOUT_PL_REG/out_reg_a_reg[11]
            (rising edge-triggered flip-flop clocked by clk)
  Path Group: clk
  Path Type: min

  Des/Clust/Port     Wire Load Model       Library
  ------------------------------------------------
  exact_fp32_mul_7stage ZeroWireload       tcbn65gplustc_ccs
  exact_fp32_mul_7stage_DW_lp_piped_fp_mult_J1_0 ZeroWireload tcbn65gplustc_ccs

  Point                                                      Incr       Path
  -----------------------------------------------------------------------------
  clock clk (rise edge)                                      0.00       0.00
  clock network delay (ideal)                                0.00       0.00
  u_exact_mul/clk_r_REG48_S6/CP (DFQD1)                      0.00       0.00 r
  u_exact_mul/clk_r_REG48_S6/Q (DFQD1)                       0.09       0.09 f
  u_exact_mul/U_ZOUT_PL_REG/out_reg_a_reg[11]/D (DFQD1)      0.00       0.09 f
  data arrival time                                                     0.09

  clock clk (rise edge)                                      0.00       0.00
  clock network delay (ideal)                                0.00       0.00
  u_exact_mul/U_ZOUT_PL_REG/out_reg_a_reg[11]/CP (DFQD1)     0.00       0.00 r
  library hold time                                          0.03       0.03
  data required time                                                    0.03
  -----------------------------------------------------------------------------
  data required time                                                    0.03
  data arrival time                                                    -0.09
  -----------------------------------------------------------------------------
  slack (MET)                                                           0.07


  Startpoint: u_exact_mul/clk_r_REG70_S6
              (rising edge-triggered flip-flop clocked by clk)
  Endpoint: u_exact_mul/U_ZOUT_PL_REG/out_reg_a_reg[10]
            (rising edge-triggered flip-flop clocked by clk)
  Path Group: clk
  Path Type: min

  Des/Clust/Port     Wire Load Model       Library
  ------------------------------------------------
  exact_fp32_mul_7stage ZeroWireload       tcbn65gplustc_ccs
  exact_fp32_mul_7stage_DW_lp_piped_fp_mult_J1_0 ZeroWireload tcbn65gplustc_ccs

  Point                                                      Incr       Path
  -----------------------------------------------------------------------------
  clock clk (rise edge)                                      0.00       0.00
  clock network delay (ideal)                                0.00       0.00
  u_exact_mul/clk_r_REG70_S6/CP (DFQD1)                      0.00       0.00 r
  u_exact_mul/clk_r_REG70_S6/Q (DFQD1)                       0.09       0.09 f
  u_exact_mul/U_ZOUT_PL_REG/out_reg_a_reg[10]/D (DFQD1)      0.00       0.09 f
  data arrival time                                                     0.09

  clock clk (rise edge)                                      0.00       0.00
  clock network delay (ideal)                                0.00       0.00
  u_exact_mul/U_ZOUT_PL_REG/out_reg_a_reg[10]/CP (DFQD1)     0.00       0.00 r
  library hold time                                          0.03       0.03
  data required time                                                    0.03
  -----------------------------------------------------------------------------
  data required time                                                    0.03
  data arrival time                                                    -0.09
  -----------------------------------------------------------------------------
  slack (MET)                                                           0.07


  Startpoint: u_exact_mul/clk_r_REG32_S6
              (rising edge-triggered flip-flop clocked by clk)
  Endpoint: u_exact_mul/U_ZOUT_PL_REG/out_reg_a_reg[9]
            (rising edge-triggered flip-flop clocked by clk)
  Path Group: clk
  Path Type: min

  Des/Clust/Port     Wire Load Model       Library
  ------------------------------------------------
  exact_fp32_mul_7stage ZeroWireload       tcbn65gplustc_ccs
  exact_fp32_mul_7stage_DW_lp_piped_fp_mult_J1_0 ZeroWireload tcbn65gplustc_ccs

  Point                                                     Incr       Path
  ----------------------------------------------------------------------------
  clock clk (rise edge)                                     0.00       0.00
  clock network delay (ideal)                               0.00       0.00
  u_exact_mul/clk_r_REG32_S6/CP (DFQD1)                     0.00       0.00 r
  u_exact_mul/clk_r_REG32_S6/Q (DFQD1)                      0.09       0.09 f
  u_exact_mul/U_ZOUT_PL_REG/out_reg_a_reg[9]/D (DFQD1)      0.00       0.09 f
  data arrival time                                                    0.09

  clock clk (rise edge)                                     0.00       0.00
  clock network delay (ideal)                               0.00       0.00
  u_exact_mul/U_ZOUT_PL_REG/out_reg_a_reg[9]/CP (DFQD1)     0.00       0.00 r
  library hold time                                         0.03       0.03
  data required time                                                   0.03
  ----------------------------------------------------------------------------
  data required time                                                   0.03
  data arrival time                                                   -0.09
  ----------------------------------------------------------------------------
  slack (MET)                                                          0.07


  Startpoint: u_exact_mul/clk_r_REG56_S6
              (rising edge-triggered flip-flop clocked by clk)
  Endpoint: u_exact_mul/U_ZOUT_PL_REG/out_reg_a_reg[8]
            (rising edge-triggered flip-flop clocked by clk)
  Path Group: clk
  Path Type: min

  Des/Clust/Port     Wire Load Model       Library
  ------------------------------------------------
  exact_fp32_mul_7stage ZeroWireload       tcbn65gplustc_ccs
  exact_fp32_mul_7stage_DW_lp_piped_fp_mult_J1_0 ZeroWireload tcbn65gplustc_ccs

  Point                                                     Incr       Path
  ----------------------------------------------------------------------------
  clock clk (rise edge)                                     0.00       0.00
  clock network delay (ideal)                               0.00       0.00
  u_exact_mul/clk_r_REG56_S6/CP (DFQD1)                     0.00       0.00 r
  u_exact_mul/clk_r_REG56_S6/Q (DFQD1)                      0.09       0.09 f
  u_exact_mul/U_ZOUT_PL_REG/out_reg_a_reg[8]/D (DFQD1)      0.00       0.09 f
  data arrival time                                                    0.09

  clock clk (rise edge)                                     0.00       0.00
  clock network delay (ideal)                               0.00       0.00
  u_exact_mul/U_ZOUT_PL_REG/out_reg_a_reg[8]/CP (DFQD1)     0.00       0.00 r
  library hold time                                         0.03       0.03
  data required time                                                   0.03
  ----------------------------------------------------------------------------
  data required time                                                   0.03
  data arrival time                                                   -0.09
  ----------------------------------------------------------------------------
  slack (MET)                                                          0.07


  Startpoint: u_exact_mul/U_AIN_PL_REG/in_reg_a_reg[49]
              (rising edge-triggered flip-flop clocked by clk)
  Endpoint: u_exact_mul/U_fp_mult/mult_x_13/R_0_clk_r_REG202_S2
            (rising edge-triggered flip-flop clocked by clk)
  Path Group: clk
  Path Type: min

  Des/Clust/Port     Wire Load Model       Library
  ------------------------------------------------
  exact_fp32_mul_7stage ZeroWireload       tcbn65gplustc_ccs
  exact_fp32_mul_7stage_DW_lp_piped_fp_mult_J1_0 ZeroWireload tcbn65gplustc_ccs

  Point                                                              Incr       Path
  -------------------------------------------------------------------------------------
  clock clk (rise edge)                                              0.00       0.00
  clock network delay (ideal)                                        0.00       0.00
  u_exact_mul/U_AIN_PL_REG/in_reg_a_reg[49]/CP (DFQD1)               0.00       0.00 r
  u_exact_mul/U_AIN_PL_REG/in_reg_a_reg[49]/Q (DFQD1)                0.09       0.09 f
  u_exact_mul/U_fp_mult/mult_x_13/R_0_clk_r_REG202_S2/D (DFQD1)      0.00       0.09 f
  data arrival time                                                             0.09

  clock clk (rise edge)                                              0.00       0.00
  clock network delay (ideal)                                        0.00       0.00
  u_exact_mul/U_fp_mult/mult_x_13/R_0_clk_r_REG202_S2/CP (DFQD1)     0.00       0.00 r
  library hold time                                                  0.03       0.03
  data required time                                                            0.03
  -------------------------------------------------------------------------------------
  data required time                                                            0.03
  data arrival time                                                            -0.09
  -------------------------------------------------------------------------------------
  slack (MET)                                                                   0.07


  Startpoint: u_exact_mul/U_AIN_PL_REG/in_reg_a_reg[3]
              (rising edge-triggered flip-flop clocked by clk)
  Endpoint: u_exact_mul/U_fp_mult/mult_x_13/clk_r_REG292_S2
            (rising edge-triggered flip-flop clocked by clk)
  Path Group: clk
  Path Type: min

  Des/Clust/Port     Wire Load Model       Library
  ------------------------------------------------
  exact_fp32_mul_7stage ZeroWireload       tcbn65gplustc_ccs
  exact_fp32_mul_7stage_DW_lp_piped_fp_mult_J1_0 ZeroWireload tcbn65gplustc_ccs

  Point                                                          Incr       Path
  ---------------------------------------------------------------------------------
  clock clk (rise edge)                                          0.00       0.00
  clock network delay (ideal)                                    0.00       0.00
  u_exact_mul/U_AIN_PL_REG/in_reg_a_reg[3]/CP (DFQD1)            0.00       0.00 r
  u_exact_mul/U_AIN_PL_REG/in_reg_a_reg[3]/Q (DFQD1)             0.10       0.10 f
  u_exact_mul/U_fp_mult/mult_x_13/clk_r_REG292_S2/D (DFQD1)      0.00       0.10 f
  data arrival time                                                         0.10

  clock clk (rise edge)                                          0.00       0.00
  clock network delay (ideal)                                    0.00       0.00
  u_exact_mul/U_fp_mult/mult_x_13/clk_r_REG292_S2/CP (DFQD1)     0.00       0.00 r
  library hold time                                              0.02       0.02
  data required time                                                        0.02
  ---------------------------------------------------------------------------------
  data required time                                                        0.02
  data arrival time                                                        -0.10
  ---------------------------------------------------------------------------------
  slack (MET)                                                               0.07


  Startpoint: u_exact_mul/U_AIN_PL_REG/in_reg_a_reg[9]
              (rising edge-triggered flip-flop clocked by clk)
  Endpoint: u_exact_mul/U_fp_mult/mult_x_13/clk_r_REG279_S2
            (rising edge-triggered flip-flop clocked by clk)
  Path Group: clk
  Path Type: min

  Des/Clust/Port     Wire Load Model       Library
  ------------------------------------------------
  exact_fp32_mul_7stage ZeroWireload       tcbn65gplustc_ccs
  exact_fp32_mul_7stage_DW_lp_piped_fp_mult_J1_0 ZeroWireload tcbn65gplustc_ccs

  Point                                                          Incr       Path
  ---------------------------------------------------------------------------------
  clock clk (rise edge)                                          0.00       0.00
  clock network delay (ideal)                                    0.00       0.00
  u_exact_mul/U_AIN_PL_REG/in_reg_a_reg[9]/CP (DFQD1)            0.00       0.00 r
  u_exact_mul/U_AIN_PL_REG/in_reg_a_reg[9]/Q (DFQD1)             0.10       0.10 f
  u_exact_mul/U_fp_mult/mult_x_13/clk_r_REG279_S2/D (DFQD1)      0.00       0.10 f
  data arrival time                                                         0.10

  clock clk (rise edge)                                          0.00       0.00
  clock network delay (ideal)                                    0.00       0.00
  u_exact_mul/U_fp_mult/mult_x_13/clk_r_REG279_S2/CP (DFQD1)     0.00       0.00 r
  library hold time                                              0.02       0.02
  data required time                                                        0.02
  ---------------------------------------------------------------------------------
  data required time                                                        0.02
  data arrival time                                                        -0.10
  ---------------------------------------------------------------------------------
  slack (MET)                                                               0.07


  Startpoint: u_exact_mul/U_AIN_PL_REG/in_reg_a_reg[5]
              (rising edge-triggered flip-flop clocked by clk)
  Endpoint: u_exact_mul/U_fp_mult/mult_x_13/clk_r_REG288_S2
            (rising edge-triggered flip-flop clocked by clk)
  Path Group: clk
  Path Type: min

  Des/Clust/Port     Wire Load Model       Library
  ------------------------------------------------
  exact_fp32_mul_7stage ZeroWireload       tcbn65gplustc_ccs
  exact_fp32_mul_7stage_DW_lp_piped_fp_mult_J1_0 ZeroWireload tcbn65gplustc_ccs

  Point                                                          Incr       Path
  ---------------------------------------------------------------------------------
  clock clk (rise edge)                                          0.00       0.00
  clock network delay (ideal)                                    0.00       0.00
  u_exact_mul/U_AIN_PL_REG/in_reg_a_reg[5]/CP (DFQD1)            0.00       0.00 r
  u_exact_mul/U_AIN_PL_REG/in_reg_a_reg[5]/Q (DFQD1)             0.10       0.10 f
  u_exact_mul/U_fp_mult/mult_x_13/clk_r_REG288_S2/D (DFQD1)      0.00       0.10 f
  data arrival time                                                         0.10

  clock clk (rise edge)                                          0.00       0.00
  clock network delay (ideal)                                    0.00       0.00
  u_exact_mul/U_fp_mult/mult_x_13/clk_r_REG288_S2/CP (DFQD1)     0.00       0.00 r
  library hold time                                              0.02       0.02
  data required time                                                        0.02
  ---------------------------------------------------------------------------------
  data required time                                                        0.02
  data arrival time                                                        -0.10
  ---------------------------------------------------------------------------------
  slack (MET)                                                               0.08


  Startpoint: u_exact_mul/U_AIN_PL_REG/in_reg_a_reg[6]
              (rising edge-triggered flip-flop clocked by clk)
  Endpoint: u_exact_mul/U_fp_mult/mult_x_13/clk_r_REG286_S2
            (rising edge-triggered flip-flop clocked by clk)
  Path Group: clk
  Path Type: min

  Des/Clust/Port     Wire Load Model       Library
  ------------------------------------------------
  exact_fp32_mul_7stage ZeroWireload       tcbn65gplustc_ccs
  exact_fp32_mul_7stage_DW_lp_piped_fp_mult_J1_0 ZeroWireload tcbn65gplustc_ccs

  Point                                                          Incr       Path
  ---------------------------------------------------------------------------------
  clock clk (rise edge)                                          0.00       0.00
  clock network delay (ideal)                                    0.00       0.00
  u_exact_mul/U_AIN_PL_REG/in_reg_a_reg[6]/CP (DFQD1)            0.00       0.00 r
  u_exact_mul/U_AIN_PL_REG/in_reg_a_reg[6]/Q (DFQD1)             0.10       0.10 f
  u_exact_mul/U_fp_mult/mult_x_13/clk_r_REG286_S2/D (DFQD1)      0.00       0.10 f
  data arrival time                                                         0.10

  clock clk (rise edge)                                          0.00       0.00
  clock network delay (ideal)                                    0.00       0.00
  u_exact_mul/U_fp_mult/mult_x_13/clk_r_REG286_S2/CP (DFQD1)     0.00       0.00 r
  library hold time                                              0.02       0.02
  data required time                                                        0.02
  ---------------------------------------------------------------------------------
  data required time                                                        0.02
  data arrival time                                                        -0.10
  ---------------------------------------------------------------------------------
  slack (MET)                                                               0.08


  Startpoint: u_exact_mul/U_AIN_PL_REG/in_reg_a_reg[7]
              (rising edge-triggered flip-flop clocked by clk)
  Endpoint: u_exact_mul/U_fp_mult/mult_x_13/clk_r_REG284_S2
            (rising edge-triggered flip-flop clocked by clk)
  Path Group: clk
  Path Type: min

  Des/Clust/Port     Wire Load Model       Library
  ------------------------------------------------
  exact_fp32_mul_7stage ZeroWireload       tcbn65gplustc_ccs
  exact_fp32_mul_7stage_DW_lp_piped_fp_mult_J1_0 ZeroWireload tcbn65gplustc_ccs

  Point                                                          Incr       Path
  ---------------------------------------------------------------------------------
  clock clk (rise edge)                                          0.00       0.00
  clock network delay (ideal)                                    0.00       0.00
  u_exact_mul/U_AIN_PL_REG/in_reg_a_reg[7]/CP (DFQD1)            0.00       0.00 r
  u_exact_mul/U_AIN_PL_REG/in_reg_a_reg[7]/Q (DFQD1)             0.10       0.10 f
  u_exact_mul/U_fp_mult/mult_x_13/clk_r_REG284_S2/D (DFQD1)      0.00       0.10 f
  data arrival time                                                         0.10

  clock clk (rise edge)                                          0.00       0.00
  clock network delay (ideal)                                    0.00       0.00
  u_exact_mul/U_fp_mult/mult_x_13/clk_r_REG284_S2/CP (DFQD1)     0.00       0.00 r
  library hold time                                              0.02       0.02
  data required time                                                        0.02
  ---------------------------------------------------------------------------------
  data required time                                                        0.02
  data arrival time                                                        -0.10
  ---------------------------------------------------------------------------------
  slack (MET)                                                               0.08


  Startpoint: u_exact_mul/U_AIN_PL_REG/in_reg_a_reg[8]
              (rising edge-triggered flip-flop clocked by clk)
  Endpoint: u_exact_mul/U_fp_mult/mult_x_13/clk_r_REG282_S2
            (rising edge-triggered flip-flop clocked by clk)
  Path Group: clk
  Path Type: min

  Des/Clust/Port     Wire Load Model       Library
  ------------------------------------------------
  exact_fp32_mul_7stage ZeroWireload       tcbn65gplustc_ccs
  exact_fp32_mul_7stage_DW_lp_piped_fp_mult_J1_0 ZeroWireload tcbn65gplustc_ccs

  Point                                                          Incr       Path
  ---------------------------------------------------------------------------------
  clock clk (rise edge)                                          0.00       0.00
  clock network delay (ideal)                                    0.00       0.00
  u_exact_mul/U_AIN_PL_REG/in_reg_a_reg[8]/CP (DFQD1)            0.00       0.00 r
  u_exact_mul/U_AIN_PL_REG/in_reg_a_reg[8]/Q (DFQD1)             0.10       0.10 f
  u_exact_mul/U_fp_mult/mult_x_13/clk_r_REG282_S2/D (DFQD1)      0.00       0.10 f
  data arrival time                                                         0.10

  clock clk (rise edge)                                          0.00       0.00
  clock network delay (ideal)                                    0.00       0.00
  u_exact_mul/U_fp_mult/mult_x_13/clk_r_REG282_S2/CP (DFQD1)     0.00       0.00 r
  library hold time                                              0.02       0.02
  data required time                                                        0.02
  ---------------------------------------------------------------------------------
  data required time                                                        0.02
  data arrival time                                                        -0.10
  ---------------------------------------------------------------------------------
  slack (MET)                                                               0.08


  Startpoint: u_exact_mul/U_AIN_PL_REG/in_reg_a_reg[4]
              (rising edge-triggered flip-flop clocked by clk)
  Endpoint: u_exact_mul/U_fp_mult/mult_x_13/clk_r_REG290_S2
            (rising edge-triggered flip-flop clocked by clk)
  Path Group: clk
  Path Type: min

  Des/Clust/Port     Wire Load Model       Library
  ------------------------------------------------
  exact_fp32_mul_7stage ZeroWireload       tcbn65gplustc_ccs
  exact_fp32_mul_7stage_DW_lp_piped_fp_mult_J1_0 ZeroWireload tcbn65gplustc_ccs

  Point                                                          Incr       Path
  ---------------------------------------------------------------------------------
  clock clk (rise edge)                                          0.00       0.00
  clock network delay (ideal)                                    0.00       0.00
  u_exact_mul/U_AIN_PL_REG/in_reg_a_reg[4]/CP (DFQD1)            0.00       0.00 r
  u_exact_mul/U_AIN_PL_REG/in_reg_a_reg[4]/Q (DFQD1)             0.10       0.10 f
  u_exact_mul/U_fp_mult/mult_x_13/clk_r_REG290_S2/D (DFQD1)      0.00       0.10 f
  data arrival time                                                         0.10

  clock clk (rise edge)                                          0.00       0.00
  clock network delay (ideal)                                    0.00       0.00
  u_exact_mul/U_fp_mult/mult_x_13/clk_r_REG290_S2/CP (DFQD1)     0.00       0.00 r
  library hold time                                              0.02       0.02
  data required time                                                        0.02
  ---------------------------------------------------------------------------------
  data required time                                                        0.02
  data arrival time                                                        -0.10
  ---------------------------------------------------------------------------------
  slack (MET)                                                               0.08


  Startpoint: u_exact_mul/U_AIN_PL_REG/in_reg_a_reg[66]
              (rising edge-triggered flip-flop clocked by clk)
  Endpoint: u_exact_mul/clk_r_REG0_S2
            (rising edge-triggered flip-flop clocked by clk)
  Path Group: clk
  Path Type: min

  Des/Clust/Port     Wire Load Model       Library
  ------------------------------------------------
  exact_fp32_mul_7stage ZeroWireload       tcbn65gplustc_ccs
  exact_fp32_mul_7stage_DW_lp_piped_fp_mult_J1_0 ZeroWireload tcbn65gplustc_ccs

  Point                                                     Incr       Path
  ----------------------------------------------------------------------------
  clock clk (rise edge)                                     0.00       0.00
  clock network delay (ideal)                               0.00       0.00
  u_exact_mul/U_AIN_PL_REG/in_reg_a_reg[66]/CP (DFQD1)      0.00       0.00 r
  u_exact_mul/U_AIN_PL_REG/in_reg_a_reg[66]/Q (DFQD1)       0.08       0.08 r
  u_exact_mul/U1592/ZN (AOI21D0)                            0.02       0.11 f
  u_exact_mul/clk_r_REG0_S2/D (DFQD1)                       0.00       0.11 f
  data arrival time                                                    0.11

  clock clk (rise edge)                                     0.00       0.00
  clock network delay (ideal)                               0.00       0.00
  u_exact_mul/clk_r_REG0_S2/CP (DFQD1)                      0.00       0.00 r
  library hold time                                         0.02       0.02
  data required time                                                   0.02
  ----------------------------------------------------------------------------
  data required time                                                   0.02
  data arrival time                                                   -0.11
  ----------------------------------------------------------------------------
  slack (MET)                                                          0.08


  Startpoint: u_exact_mul/U_fp_mult/mult_x_13/clk_r_REG248_S2
              (rising edge-triggered flip-flop clocked by clk)
  Endpoint: u_exact_mul/U_fp_mult/mult_x_13/clk_r_REG258_S3
            (rising edge-triggered flip-flop clocked by clk)
  Path Group: clk
  Path Type: min

  Des/Clust/Port     Wire Load Model       Library
  ------------------------------------------------
  exact_fp32_mul_7stage ZeroWireload       tcbn65gplustc_ccs
  exact_fp32_mul_7stage_DW_lp_piped_fp_mult_J1_0 ZeroWireload tcbn65gplustc_ccs

  Point                                                           Incr       Path
  ----------------------------------------------------------------------------------
  clock clk (rise edge)                                           0.00       0.00
  clock network delay (ideal)                                     0.00       0.00
  u_exact_mul/U_fp_mult/mult_x_13/clk_r_REG248_S2/CP (DFQD1)      0.00       0.00 r
  u_exact_mul/U_fp_mult/mult_x_13/clk_r_REG248_S2/Q (DFQD1)       0.09       0.09 r
  u_exact_mul/U1411/ZN (MUX2ND0)                                  0.03       0.12 f
  u_exact_mul/U_fp_mult/mult_x_13/clk_r_REG258_S3/D (DFQD1)       0.00       0.12 f
  data arrival time                                                          0.12

  clock clk (rise edge)                                           0.00       0.00
  clock network delay (ideal)                                     0.00       0.00
  u_exact_mul/U_fp_mult/mult_x_13/clk_r_REG258_S3/CP (DFQD1)      0.00       0.00 r
  library hold time                                               0.02       0.02
  data required time                                                         0.02
  ----------------------------------------------------------------------------------
  data required time                                                         0.02
  data arrival time                                                         -0.12
  ----------------------------------------------------------------------------------
  slack (MET)                                                                0.09


  Startpoint: u_exact_mul/U_fp_mult/mult_x_13/clk_r_REG262_S2
              (rising edge-triggered flip-flop clocked by clk)
  Endpoint: u_exact_mul/U_fp_mult/mult_x_13/clk_r_REG263_S3
            (rising edge-triggered flip-flop clocked by clk)
  Path Group: clk
  Path Type: min

  Des/Clust/Port     Wire Load Model       Library
  ------------------------------------------------
  exact_fp32_mul_7stage ZeroWireload       tcbn65gplustc_ccs
  exact_fp32_mul_7stage_DW_lp_piped_fp_mult_J1_0 ZeroWireload tcbn65gplustc_ccs

  Point                                                           Incr       Path
  ----------------------------------------------------------------------------------
  clock clk (rise edge)                                           0.00       0.00
  clock network delay (ideal)                                     0.00       0.00
  u_exact_mul/U_fp_mult/mult_x_13/clk_r_REG262_S2/CP (DFQD1)      0.00       0.00 r
  u_exact_mul/U_fp_mult/mult_x_13/clk_r_REG262_S2/Q (DFQD1)       0.09       0.09 r
  u_exact_mul/U514/ZN (INVD0)                                     0.03       0.12 f
  u_exact_mul/U_fp_mult/mult_x_13/clk_r_REG263_S3/D (DFQD1)       0.00       0.12 f
  data arrival time                                                          0.12

  clock clk (rise edge)                                           0.00       0.00
  clock network delay (ideal)                                     0.00       0.00
  u_exact_mul/U_fp_mult/mult_x_13/clk_r_REG263_S3/CP (DFQD1)      0.00       0.00 r
  library hold time                                               0.02       0.02
  data required time                                                         0.02
  ----------------------------------------------------------------------------------
  data required time                                                         0.02
  data arrival time                                                         -0.12
  ----------------------------------------------------------------------------------
  slack (MET)                                                                0.09


  Startpoint: u_exact_mul/U_AIN_PL_REG/in_reg_a_reg[4]
              (rising edge-triggered flip-flop clocked by clk)
  Endpoint: u_exact_mul/U_fp_mult/mult_x_13/clk_r_REG291_S2
            (rising edge-triggered flip-flop clocked by clk)
  Path Group: clk
  Path Type: min

  Des/Clust/Port     Wire Load Model       Library
  ------------------------------------------------
  exact_fp32_mul_7stage ZeroWireload       tcbn65gplustc_ccs
  exact_fp32_mul_7stage_DW_lp_piped_fp_mult_J1_0 ZeroWireload tcbn65gplustc_ccs

  Point                                                          Incr       Path
  ---------------------------------------------------------------------------------
  clock clk (rise edge)                                          0.00       0.00
  clock network delay (ideal)                                    0.00       0.00
  u_exact_mul/U_AIN_PL_REG/in_reg_a_reg[4]/CP (DFQD1)            0.00       0.00 r
  u_exact_mul/U_AIN_PL_REG/in_reg_a_reg[4]/Q (DFQD1)             0.09       0.09 r
  u_exact_mul/U1066/S (HA1D0)                                    0.04       0.13 f
  u_exact_mul/U_fp_mult/mult_x_13/clk_r_REG291_S2/D (DFQD1)      0.00       0.13 f
  data arrival time                                                         0.13

  clock clk (rise edge)                                          0.00       0.00
  clock network delay (ideal)                                    0.00       0.00
  u_exact_mul/U_fp_mult/mult_x_13/clk_r_REG291_S2/CP (DFQD1)     0.00       0.00 r
  library hold time                                              0.02       0.02
  data required time                                                        0.02
  ---------------------------------------------------------------------------------
  data required time                                                        0.02
  data arrival time                                                        -0.13
  ---------------------------------------------------------------------------------
  slack (MET)                                                               0.11


  Startpoint: u_exact_mul/U_ZOUT_PL_REG/out_reg_a_reg[39]
              (rising edge-triggered flip-flop clocked by clk)
  Endpoint: result[31] (output port clocked by clk)
  Path Group: clk
  Path Type: min

  Des/Clust/Port     Wire Load Model       Library
  ------------------------------------------------
  exact_fp32_mul_7stage ZeroWireload       tcbn65gplustc_ccs
  exact_fp32_mul_7stage_DW_lp_piped_fp_mult_J1_0 ZeroWireload tcbn65gplustc_ccs

  Point                                                                   Incr       Path
  ------------------------------------------------------------------------------------------
  clock clk (rise edge)                                                   0.00       0.00
  clock network delay (ideal)                                             0.00       0.00
  u_exact_mul/U_ZOUT_PL_REG/out_reg_a_reg[39]/CP (DFQD1)                  0.00       0.00 r
  u_exact_mul/U_ZOUT_PL_REG/out_reg_a_reg[39]/Q (DFQD1)                   0.09       0.09 r
  u_exact_mul/z[31] (exact_fp32_mul_7stage_DW_lp_piped_fp_mult_J1_0)      0.00       0.09 r
  result[31] (out)                                                        0.00       0.09 r
  data arrival time                                                                  0.09

  clock clk (rise edge)                                                   0.00       0.00
  clock network delay (ideal)                                             0.00       0.00
  output external delay                                                  -0.02      -0.02
  data required time                                                                -0.02
  ------------------------------------------------------------------------------------------
  data required time                                                                -0.02
  data arrival time                                                                 -0.09
  ------------------------------------------------------------------------------------------
  slack (MET)                                                                        0.11


  Startpoint: u_exact_mul/U_ZOUT_PL_REG/out_reg_a_reg[38]
              (rising edge-triggered flip-flop clocked by clk)
  Endpoint: result[30] (output port clocked by clk)
  Path Group: clk
  Path Type: min

  Des/Clust/Port     Wire Load Model       Library
  ------------------------------------------------
  exact_fp32_mul_7stage ZeroWireload       tcbn65gplustc_ccs
  exact_fp32_mul_7stage_DW_lp_piped_fp_mult_J1_0 ZeroWireload tcbn65gplustc_ccs

  Point                                                                   Incr       Path
  ------------------------------------------------------------------------------------------
  clock clk (rise edge)                                                   0.00       0.00
  clock network delay (ideal)                                             0.00       0.00
  u_exact_mul/U_ZOUT_PL_REG/out_reg_a_reg[38]/CP (DFQD1)                  0.00       0.00 r
  u_exact_mul/U_ZOUT_PL_REG/out_reg_a_reg[38]/Q (DFQD1)                   0.09       0.09 r
  u_exact_mul/z[30] (exact_fp32_mul_7stage_DW_lp_piped_fp_mult_J1_0)      0.00       0.09 r
  result[30] (out)                                                        0.00       0.09 r
  data arrival time                                                                  0.09

  clock clk (rise edge)                                                   0.00       0.00
  clock network delay (ideal)                                             0.00       0.00
  output external delay                                                  -0.02      -0.02
  data required time                                                                -0.02
  ------------------------------------------------------------------------------------------
  data required time                                                                -0.02
  data arrival time                                                                 -0.09
  ------------------------------------------------------------------------------------------
  slack (MET)                                                                        0.11


  Startpoint: u_exact_mul/U_ZOUT_PL_REG/out_reg_a_reg[37]
              (rising edge-triggered flip-flop clocked by clk)
  Endpoint: result[29] (output port clocked by clk)
  Path Group: clk
  Path Type: min

  Des/Clust/Port     Wire Load Model       Library
  ------------------------------------------------
  exact_fp32_mul_7stage ZeroWireload       tcbn65gplustc_ccs
  exact_fp32_mul_7stage_DW_lp_piped_fp_mult_J1_0 ZeroWireload tcbn65gplustc_ccs

  Point                                                                   Incr       Path
  ------------------------------------------------------------------------------------------
  clock clk (rise edge)                                                   0.00       0.00
  clock network delay (ideal)                                             0.00       0.00
  u_exact_mul/U_ZOUT_PL_REG/out_reg_a_reg[37]/CP (DFQD1)                  0.00       0.00 r
  u_exact_mul/U_ZOUT_PL_REG/out_reg_a_reg[37]/Q (DFQD1)                   0.09       0.09 r
  u_exact_mul/z[29] (exact_fp32_mul_7stage_DW_lp_piped_fp_mult_J1_0)      0.00       0.09 r
  result[29] (out)                                                        0.00       0.09 r
  data arrival time                                                                  0.09

  clock clk (rise edge)                                                   0.00       0.00
  clock network delay (ideal)                                             0.00       0.00
  output external delay                                                  -0.02      -0.02
  data required time                                                                -0.02
  ------------------------------------------------------------------------------------------
  data required time                                                                -0.02
  data arrival time                                                                 -0.09
  ------------------------------------------------------------------------------------------
  slack (MET)                                                                        0.11


  Startpoint: u_exact_mul/U_ZOUT_PL_REG/out_reg_a_reg[36]
              (rising edge-triggered flip-flop clocked by clk)
  Endpoint: result[28] (output port clocked by clk)
  Path Group: clk
  Path Type: min

  Des/Clust/Port     Wire Load Model       Library
  ------------------------------------------------
  exact_fp32_mul_7stage ZeroWireload       tcbn65gplustc_ccs
  exact_fp32_mul_7stage_DW_lp_piped_fp_mult_J1_0 ZeroWireload tcbn65gplustc_ccs

  Point                                                                   Incr       Path
  ------------------------------------------------------------------------------------------
  clock clk (rise edge)                                                   0.00       0.00
  clock network delay (ideal)                                             0.00       0.00
  u_exact_mul/U_ZOUT_PL_REG/out_reg_a_reg[36]/CP (DFQD1)                  0.00       0.00 r
  u_exact_mul/U_ZOUT_PL_REG/out_reg_a_reg[36]/Q (DFQD1)                   0.09       0.09 r
  u_exact_mul/z[28] (exact_fp32_mul_7stage_DW_lp_piped_fp_mult_J1_0)      0.00       0.09 r
  result[28] (out)                                                        0.00       0.09 r
  data arrival time                                                                  0.09

  clock clk (rise edge)                                                   0.00       0.00
  clock network delay (ideal)                                             0.00       0.00
  output external delay                                                  -0.02      -0.02
  data required time                                                                -0.02
  ------------------------------------------------------------------------------------------
  data required time                                                                -0.02
  data arrival time                                                                 -0.09
  ------------------------------------------------------------------------------------------
  slack (MET)                                                                        0.11


  Startpoint: u_exact_mul/U_ZOUT_PL_REG/out_reg_a_reg[35]
              (rising edge-triggered flip-flop clocked by clk)
  Endpoint: result[27] (output port clocked by clk)
  Path Group: clk
  Path Type: min

  Des/Clust/Port     Wire Load Model       Library
  ------------------------------------------------
  exact_fp32_mul_7stage ZeroWireload       tcbn65gplustc_ccs
  exact_fp32_mul_7stage_DW_lp_piped_fp_mult_J1_0 ZeroWireload tcbn65gplustc_ccs

  Point                                                                   Incr       Path
  ------------------------------------------------------------------------------------------
  clock clk (rise edge)                                                   0.00       0.00
  clock network delay (ideal)                                             0.00       0.00
  u_exact_mul/U_ZOUT_PL_REG/out_reg_a_reg[35]/CP (DFQD1)                  0.00       0.00 r
  u_exact_mul/U_ZOUT_PL_REG/out_reg_a_reg[35]/Q (DFQD1)                   0.09       0.09 r
  u_exact_mul/z[27] (exact_fp32_mul_7stage_DW_lp_piped_fp_mult_J1_0)      0.00       0.09 r
  result[27] (out)                                                        0.00       0.09 r
  data arrival time                                                                  0.09

  clock clk (rise edge)                                                   0.00       0.00
  clock network delay (ideal)                                             0.00       0.00
  output external delay                                                  -0.02      -0.02
  data required time                                                                -0.02
  ------------------------------------------------------------------------------------------
  data required time                                                                -0.02
  data arrival time                                                                 -0.09
  ------------------------------------------------------------------------------------------
  slack (MET)                                                                        0.11


  Startpoint: u_exact_mul/U_ZOUT_PL_REG/out_reg_a_reg[34]
              (rising edge-triggered flip-flop clocked by clk)
  Endpoint: result[26] (output port clocked by clk)
  Path Group: clk
  Path Type: min

  Des/Clust/Port     Wire Load Model       Library
  ------------------------------------------------
  exact_fp32_mul_7stage ZeroWireload       tcbn65gplustc_ccs
  exact_fp32_mul_7stage_DW_lp_piped_fp_mult_J1_0 ZeroWireload tcbn65gplustc_ccs

  Point                                                                   Incr       Path
  ------------------------------------------------------------------------------------------
  clock clk (rise edge)                                                   0.00       0.00
  clock network delay (ideal)                                             0.00       0.00
  u_exact_mul/U_ZOUT_PL_REG/out_reg_a_reg[34]/CP (DFQD1)                  0.00       0.00 r
  u_exact_mul/U_ZOUT_PL_REG/out_reg_a_reg[34]/Q (DFQD1)                   0.09       0.09 r
  u_exact_mul/z[26] (exact_fp32_mul_7stage_DW_lp_piped_fp_mult_J1_0)      0.00       0.09 r
  result[26] (out)                                                        0.00       0.09 r
  data arrival time                                                                  0.09

  clock clk (rise edge)                                                   0.00       0.00
  clock network delay (ideal)                                             0.00       0.00
  output external delay                                                  -0.02      -0.02
  data required time                                                                -0.02
  ------------------------------------------------------------------------------------------
  data required time                                                                -0.02
  data arrival time                                                                 -0.09
  ------------------------------------------------------------------------------------------
  slack (MET)                                                                        0.11


  Startpoint: u_exact_mul/U_ZOUT_PL_REG/out_reg_a_reg[33]
              (rising edge-triggered flip-flop clocked by clk)
  Endpoint: result[25] (output port clocked by clk)
  Path Group: clk
  Path Type: min

  Des/Clust/Port     Wire Load Model       Library
  ------------------------------------------------
  exact_fp32_mul_7stage ZeroWireload       tcbn65gplustc_ccs
  exact_fp32_mul_7stage_DW_lp_piped_fp_mult_J1_0 ZeroWireload tcbn65gplustc_ccs

  Point                                                                   Incr       Path
  ------------------------------------------------------------------------------------------
  clock clk (rise edge)                                                   0.00       0.00
  clock network delay (ideal)                                             0.00       0.00
  u_exact_mul/U_ZOUT_PL_REG/out_reg_a_reg[33]/CP (DFQD1)                  0.00       0.00 r
  u_exact_mul/U_ZOUT_PL_REG/out_reg_a_reg[33]/Q (DFQD1)                   0.09       0.09 r
  u_exact_mul/z[25] (exact_fp32_mul_7stage_DW_lp_piped_fp_mult_J1_0)      0.00       0.09 r
  result[25] (out)                                                        0.00       0.09 r
  data arrival time                                                                  0.09

  clock clk (rise edge)                                                   0.00       0.00
  clock network delay (ideal)                                             0.00       0.00
  output external delay                                                  -0.02      -0.02
  data required time                                                                -0.02
  ------------------------------------------------------------------------------------------
  data required time                                                                -0.02
  data arrival time                                                                 -0.09
  ------------------------------------------------------------------------------------------
  slack (MET)                                                                        0.11


  Startpoint: u_exact_mul/U_ZOUT_PL_REG/out_reg_a_reg[32]
              (rising edge-triggered flip-flop clocked by clk)
  Endpoint: result[24] (output port clocked by clk)
  Path Group: clk
  Path Type: min

  Des/Clust/Port     Wire Load Model       Library
  ------------------------------------------------
  exact_fp32_mul_7stage ZeroWireload       tcbn65gplustc_ccs
  exact_fp32_mul_7stage_DW_lp_piped_fp_mult_J1_0 ZeroWireload tcbn65gplustc_ccs

  Point                                                                   Incr       Path
  ------------------------------------------------------------------------------------------
  clock clk (rise edge)                                                   0.00       0.00
  clock network delay (ideal)                                             0.00       0.00
  u_exact_mul/U_ZOUT_PL_REG/out_reg_a_reg[32]/CP (DFQD1)                  0.00       0.00 r
  u_exact_mul/U_ZOUT_PL_REG/out_reg_a_reg[32]/Q (DFQD1)                   0.09       0.09 r
  u_exact_mul/z[24] (exact_fp32_mul_7stage_DW_lp_piped_fp_mult_J1_0)      0.00       0.09 r
  result[24] (out)                                                        0.00       0.09 r
  data arrival time                                                                  0.09

  clock clk (rise edge)                                                   0.00       0.00
  clock network delay (ideal)                                             0.00       0.00
  output external delay                                                  -0.02      -0.02
  data required time                                                                -0.02
  ------------------------------------------------------------------------------------------
  data required time                                                                -0.02
  data arrival time                                                                 -0.09
  ------------------------------------------------------------------------------------------
  slack (MET)                                                                        0.11


  Startpoint: u_exact_mul/U_ZOUT_PL_REG/out_reg_a_reg[31]
              (rising edge-triggered flip-flop clocked by clk)
  Endpoint: result[23] (output port clocked by clk)
  Path Group: clk
  Path Type: min

  Des/Clust/Port     Wire Load Model       Library
  ------------------------------------------------
  exact_fp32_mul_7stage ZeroWireload       tcbn65gplustc_ccs
  exact_fp32_mul_7stage_DW_lp_piped_fp_mult_J1_0 ZeroWireload tcbn65gplustc_ccs

  Point                                                                   Incr       Path
  ------------------------------------------------------------------------------------------
  clock clk (rise edge)                                                   0.00       0.00
  clock network delay (ideal)                                             0.00       0.00
  u_exact_mul/U_ZOUT_PL_REG/out_reg_a_reg[31]/CP (DFQD1)                  0.00       0.00 r
  u_exact_mul/U_ZOUT_PL_REG/out_reg_a_reg[31]/Q (DFQD1)                   0.09       0.09 r
  u_exact_mul/z[23] (exact_fp32_mul_7stage_DW_lp_piped_fp_mult_J1_0)      0.00       0.09 r
  result[23] (out)                                                        0.00       0.09 r
  data arrival time                                                                  0.09

  clock clk (rise edge)                                                   0.00       0.00
  clock network delay (ideal)                                             0.00       0.00
  output external delay                                                  -0.02      -0.02
  data required time                                                                -0.02
  ------------------------------------------------------------------------------------------
  data required time                                                                -0.02
  data arrival time                                                                 -0.09
  ------------------------------------------------------------------------------------------
  slack (MET)                                                                        0.11


  Startpoint: u_exact_mul/U_ZOUT_PL_REG/out_reg_a_reg[30]
              (rising edge-triggered flip-flop clocked by clk)
  Endpoint: result[22] (output port clocked by clk)
  Path Group: clk
  Path Type: min

  Des/Clust/Port     Wire Load Model       Library
  ------------------------------------------------
  exact_fp32_mul_7stage ZeroWireload       tcbn65gplustc_ccs
  exact_fp32_mul_7stage_DW_lp_piped_fp_mult_J1_0 ZeroWireload tcbn65gplustc_ccs

  Point                                                                   Incr       Path
  ------------------------------------------------------------------------------------------
  clock clk (rise edge)                                                   0.00       0.00
  clock network delay (ideal)                                             0.00       0.00
  u_exact_mul/U_ZOUT_PL_REG/out_reg_a_reg[30]/CP (DFQD1)                  0.00       0.00 r
  u_exact_mul/U_ZOUT_PL_REG/out_reg_a_reg[30]/Q (DFQD1)                   0.09       0.09 r
  u_exact_mul/z[22] (exact_fp32_mul_7stage_DW_lp_piped_fp_mult_J1_0)      0.00       0.09 r
  result[22] (out)                                                        0.00       0.09 r
  data arrival time                                                                  0.09

  clock clk (rise edge)                                                   0.00       0.00
  clock network delay (ideal)                                             0.00       0.00
  output external delay                                                  -0.02      -0.02
  data required time                                                                -0.02
  ------------------------------------------------------------------------------------------
  data required time                                                                -0.02
  data arrival time                                                                 -0.09
  ------------------------------------------------------------------------------------------
  slack (MET)                                                                        0.11


  Startpoint: u_exact_mul/U_ZOUT_PL_REG/out_reg_a_reg[29]
              (rising edge-triggered flip-flop clocked by clk)
  Endpoint: result[21] (output port clocked by clk)
  Path Group: clk
  Path Type: min

  Des/Clust/Port     Wire Load Model       Library
  ------------------------------------------------
  exact_fp32_mul_7stage ZeroWireload       tcbn65gplustc_ccs
  exact_fp32_mul_7stage_DW_lp_piped_fp_mult_J1_0 ZeroWireload tcbn65gplustc_ccs

  Point                                                                   Incr       Path
  ------------------------------------------------------------------------------------------
  clock clk (rise edge)                                                   0.00       0.00
  clock network delay (ideal)                                             0.00       0.00
  u_exact_mul/U_ZOUT_PL_REG/out_reg_a_reg[29]/CP (DFQD1)                  0.00       0.00 r
  u_exact_mul/U_ZOUT_PL_REG/out_reg_a_reg[29]/Q (DFQD1)                   0.09       0.09 r
  u_exact_mul/z[21] (exact_fp32_mul_7stage_DW_lp_piped_fp_mult_J1_0)      0.00       0.09 r
  result[21] (out)                                                        0.00       0.09 r
  data arrival time                                                                  0.09

  clock clk (rise edge)                                                   0.00       0.00
  clock network delay (ideal)                                             0.00       0.00
  output external delay                                                  -0.02      -0.02
  data required time                                                                -0.02
  ------------------------------------------------------------------------------------------
  data required time                                                                -0.02
  data arrival time                                                                 -0.09
  ------------------------------------------------------------------------------------------
  slack (MET)                                                                        0.11


  Startpoint: u_exact_mul/U_ZOUT_PL_REG/out_reg_a_reg[28]
              (rising edge-triggered flip-flop clocked by clk)
  Endpoint: result[20] (output port clocked by clk)
  Path Group: clk
  Path Type: min

  Des/Clust/Port     Wire Load Model       Library
  ------------------------------------------------
  exact_fp32_mul_7stage ZeroWireload       tcbn65gplustc_ccs
  exact_fp32_mul_7stage_DW_lp_piped_fp_mult_J1_0 ZeroWireload tcbn65gplustc_ccs

  Point                                                                   Incr       Path
  ------------------------------------------------------------------------------------------
  clock clk (rise edge)                                                   0.00       0.00
  clock network delay (ideal)                                             0.00       0.00
  u_exact_mul/U_ZOUT_PL_REG/out_reg_a_reg[28]/CP (DFQD1)                  0.00       0.00 r
  u_exact_mul/U_ZOUT_PL_REG/out_reg_a_reg[28]/Q (DFQD1)                   0.09       0.09 r
  u_exact_mul/z[20] (exact_fp32_mul_7stage_DW_lp_piped_fp_mult_J1_0)      0.00       0.09 r
  result[20] (out)                                                        0.00       0.09 r
  data arrival time                                                                  0.09

  clock clk (rise edge)                                                   0.00       0.00
  clock network delay (ideal)                                             0.00       0.00
  output external delay                                                  -0.02      -0.02
  data required time                                                                -0.02
  ------------------------------------------------------------------------------------------
  data required time                                                                -0.02
  data arrival time                                                                 -0.09
  ------------------------------------------------------------------------------------------
  slack (MET)                                                                        0.11


  Startpoint: u_exact_mul/U_ZOUT_PL_REG/out_reg_a_reg[27]
              (rising edge-triggered flip-flop clocked by clk)
  Endpoint: result[19] (output port clocked by clk)
  Path Group: clk
  Path Type: min

  Des/Clust/Port     Wire Load Model       Library
  ------------------------------------------------
  exact_fp32_mul_7stage ZeroWireload       tcbn65gplustc_ccs
  exact_fp32_mul_7stage_DW_lp_piped_fp_mult_J1_0 ZeroWireload tcbn65gplustc_ccs

  Point                                                                   Incr       Path
  ------------------------------------------------------------------------------------------
  clock clk (rise edge)                                                   0.00       0.00
  clock network delay (ideal)                                             0.00       0.00
  u_exact_mul/U_ZOUT_PL_REG/out_reg_a_reg[27]/CP (DFQD1)                  0.00       0.00 r
  u_exact_mul/U_ZOUT_PL_REG/out_reg_a_reg[27]/Q (DFQD1)                   0.09       0.09 r
  u_exact_mul/z[19] (exact_fp32_mul_7stage_DW_lp_piped_fp_mult_J1_0)      0.00       0.09 r
  result[19] (out)                                                        0.00       0.09 r
  data arrival time                                                                  0.09

  clock clk (rise edge)                                                   0.00       0.00
  clock network delay (ideal)                                             0.00       0.00
  output external delay                                                  -0.02      -0.02
  data required time                                                                -0.02
  ------------------------------------------------------------------------------------------
  data required time                                                                -0.02
  data arrival time                                                                 -0.09
  ------------------------------------------------------------------------------------------
  slack (MET)                                                                        0.11


  Startpoint: u_exact_mul/U_ZOUT_PL_REG/out_reg_a_reg[26]
              (rising edge-triggered flip-flop clocked by clk)
  Endpoint: result[18] (output port clocked by clk)
  Path Group: clk
  Path Type: min

  Des/Clust/Port     Wire Load Model       Library
  ------------------------------------------------
  exact_fp32_mul_7stage ZeroWireload       tcbn65gplustc_ccs
  exact_fp32_mul_7stage_DW_lp_piped_fp_mult_J1_0 ZeroWireload tcbn65gplustc_ccs

  Point                                                                   Incr       Path
  ------------------------------------------------------------------------------------------
  clock clk (rise edge)                                                   0.00       0.00
  clock network delay (ideal)                                             0.00       0.00
  u_exact_mul/U_ZOUT_PL_REG/out_reg_a_reg[26]/CP (DFQD1)                  0.00       0.00 r
  u_exact_mul/U_ZOUT_PL_REG/out_reg_a_reg[26]/Q (DFQD1)                   0.09       0.09 r
  u_exact_mul/z[18] (exact_fp32_mul_7stage_DW_lp_piped_fp_mult_J1_0)      0.00       0.09 r
  result[18] (out)                                                        0.00       0.09 r
  data arrival time                                                                  0.09

  clock clk (rise edge)                                                   0.00       0.00
  clock network delay (ideal)                                             0.00       0.00
  output external delay                                                  -0.02      -0.02
  data required time                                                                -0.02
  ------------------------------------------------------------------------------------------
  data required time                                                                -0.02
  data arrival time                                                                 -0.09
  ------------------------------------------------------------------------------------------
  slack (MET)                                                                        0.11


  Startpoint: u_exact_mul/U_ZOUT_PL_REG/out_reg_a_reg[25]
              (rising edge-triggered flip-flop clocked by clk)
  Endpoint: result[17] (output port clocked by clk)
  Path Group: clk
  Path Type: min

  Des/Clust/Port     Wire Load Model       Library
  ------------------------------------------------
  exact_fp32_mul_7stage ZeroWireload       tcbn65gplustc_ccs
  exact_fp32_mul_7stage_DW_lp_piped_fp_mult_J1_0 ZeroWireload tcbn65gplustc_ccs

  Point                                                                   Incr       Path
  ------------------------------------------------------------------------------------------
  clock clk (rise edge)                                                   0.00       0.00
  clock network delay (ideal)                                             0.00       0.00
  u_exact_mul/U_ZOUT_PL_REG/out_reg_a_reg[25]/CP (DFQD1)                  0.00       0.00 r
  u_exact_mul/U_ZOUT_PL_REG/out_reg_a_reg[25]/Q (DFQD1)                   0.09       0.09 r
  u_exact_mul/z[17] (exact_fp32_mul_7stage_DW_lp_piped_fp_mult_J1_0)      0.00       0.09 r
  result[17] (out)                                                        0.00       0.09 r
  data arrival time                                                                  0.09

  clock clk (rise edge)                                                   0.00       0.00
  clock network delay (ideal)                                             0.00       0.00
  output external delay                                                  -0.02      -0.02
  data required time                                                                -0.02
  ------------------------------------------------------------------------------------------
  data required time                                                                -0.02
  data arrival time                                                                 -0.09
  ------------------------------------------------------------------------------------------
  slack (MET)                                                                        0.11


  Startpoint: u_exact_mul/U_ZOUT_PL_REG/out_reg_a_reg[24]
              (rising edge-triggered flip-flop clocked by clk)
  Endpoint: result[16] (output port clocked by clk)
  Path Group: clk
  Path Type: min

  Des/Clust/Port     Wire Load Model       Library
  ------------------------------------------------
  exact_fp32_mul_7stage ZeroWireload       tcbn65gplustc_ccs
  exact_fp32_mul_7stage_DW_lp_piped_fp_mult_J1_0 ZeroWireload tcbn65gplustc_ccs

  Point                                                                   Incr       Path
  ------------------------------------------------------------------------------------------
  clock clk (rise edge)                                                   0.00       0.00
  clock network delay (ideal)                                             0.00       0.00
  u_exact_mul/U_ZOUT_PL_REG/out_reg_a_reg[24]/CP (DFQD1)                  0.00       0.00 r
  u_exact_mul/U_ZOUT_PL_REG/out_reg_a_reg[24]/Q (DFQD1)                   0.09       0.09 r
  u_exact_mul/z[16] (exact_fp32_mul_7stage_DW_lp_piped_fp_mult_J1_0)      0.00       0.09 r
  result[16] (out)                                                        0.00       0.09 r
  data arrival time                                                                  0.09

  clock clk (rise edge)                                                   0.00       0.00
  clock network delay (ideal)                                             0.00       0.00
  output external delay                                                  -0.02      -0.02
  data required time                                                                -0.02
  ------------------------------------------------------------------------------------------
  data required time                                                                -0.02
  data arrival time                                                                 -0.09
  ------------------------------------------------------------------------------------------
  slack (MET)                                                                        0.11


  Startpoint: u_exact_mul/U_ZOUT_PL_REG/out_reg_a_reg[23]
              (rising edge-triggered flip-flop clocked by clk)
  Endpoint: result[15] (output port clocked by clk)
  Path Group: clk
  Path Type: min

  Des/Clust/Port     Wire Load Model       Library
  ------------------------------------------------
  exact_fp32_mul_7stage ZeroWireload       tcbn65gplustc_ccs
  exact_fp32_mul_7stage_DW_lp_piped_fp_mult_J1_0 ZeroWireload tcbn65gplustc_ccs

  Point                                                                   Incr       Path
  ------------------------------------------------------------------------------------------
  clock clk (rise edge)                                                   0.00       0.00
  clock network delay (ideal)                                             0.00       0.00
  u_exact_mul/U_ZOUT_PL_REG/out_reg_a_reg[23]/CP (DFQD1)                  0.00       0.00 r
  u_exact_mul/U_ZOUT_PL_REG/out_reg_a_reg[23]/Q (DFQD1)                   0.09       0.09 r
  u_exact_mul/z[15] (exact_fp32_mul_7stage_DW_lp_piped_fp_mult_J1_0)      0.00       0.09 r
  result[15] (out)                                                        0.00       0.09 r
  data arrival time                                                                  0.09

  clock clk (rise edge)                                                   0.00       0.00
  clock network delay (ideal)                                             0.00       0.00
  output external delay                                                  -0.02      -0.02
  data required time                                                                -0.02
  ------------------------------------------------------------------------------------------
  data required time                                                                -0.02
  data arrival time                                                                 -0.09
  ------------------------------------------------------------------------------------------
  slack (MET)                                                                        0.11


  Startpoint: u_exact_mul/U_ZOUT_PL_REG/out_reg_a_reg[22]
              (rising edge-triggered flip-flop clocked by clk)
  Endpoint: result[14] (output port clocked by clk)
  Path Group: clk
  Path Type: min

  Des/Clust/Port     Wire Load Model       Library
  ------------------------------------------------
  exact_fp32_mul_7stage ZeroWireload       tcbn65gplustc_ccs
  exact_fp32_mul_7stage_DW_lp_piped_fp_mult_J1_0 ZeroWireload tcbn65gplustc_ccs

  Point                                                                   Incr       Path
  ------------------------------------------------------------------------------------------
  clock clk (rise edge)                                                   0.00       0.00
  clock network delay (ideal)                                             0.00       0.00
  u_exact_mul/U_ZOUT_PL_REG/out_reg_a_reg[22]/CP (DFQD1)                  0.00       0.00 r
  u_exact_mul/U_ZOUT_PL_REG/out_reg_a_reg[22]/Q (DFQD1)                   0.09       0.09 r
  u_exact_mul/z[14] (exact_fp32_mul_7stage_DW_lp_piped_fp_mult_J1_0)      0.00       0.09 r
  result[14] (out)                                                        0.00       0.09 r
  data arrival time                                                                  0.09

  clock clk (rise edge)                                                   0.00       0.00
  clock network delay (ideal)                                             0.00       0.00
  output external delay                                                  -0.02      -0.02
  data required time                                                                -0.02
  ------------------------------------------------------------------------------------------
  data required time                                                                -0.02
  data arrival time                                                                 -0.09
  ------------------------------------------------------------------------------------------
  slack (MET)                                                                        0.11


  Startpoint: u_exact_mul/U_ZOUT_PL_REG/out_reg_a_reg[21]
              (rising edge-triggered flip-flop clocked by clk)
  Endpoint: result[13] (output port clocked by clk)
  Path Group: clk
  Path Type: min

  Des/Clust/Port     Wire Load Model       Library
  ------------------------------------------------
  exact_fp32_mul_7stage ZeroWireload       tcbn65gplustc_ccs
  exact_fp32_mul_7stage_DW_lp_piped_fp_mult_J1_0 ZeroWireload tcbn65gplustc_ccs

  Point                                                                   Incr       Path
  ------------------------------------------------------------------------------------------
  clock clk (rise edge)                                                   0.00       0.00
  clock network delay (ideal)                                             0.00       0.00
  u_exact_mul/U_ZOUT_PL_REG/out_reg_a_reg[21]/CP (DFQD1)                  0.00       0.00 r
  u_exact_mul/U_ZOUT_PL_REG/out_reg_a_reg[21]/Q (DFQD1)                   0.09       0.09 r
  u_exact_mul/z[13] (exact_fp32_mul_7stage_DW_lp_piped_fp_mult_J1_0)      0.00       0.09 r
  result[13] (out)                                                        0.00       0.09 r
  data arrival time                                                                  0.09

  clock clk (rise edge)                                                   0.00       0.00
  clock network delay (ideal)                                             0.00       0.00
  output external delay                                                  -0.02      -0.02
  data required time                                                                -0.02
  ------------------------------------------------------------------------------------------
  data required time                                                                -0.02
  data arrival time                                                                 -0.09
  ------------------------------------------------------------------------------------------
  slack (MET)                                                                        0.11


  Startpoint: u_exact_mul/U_ZOUT_PL_REG/out_reg_a_reg[20]
              (rising edge-triggered flip-flop clocked by clk)
  Endpoint: result[12] (output port clocked by clk)
  Path Group: clk
  Path Type: min

  Des/Clust/Port     Wire Load Model       Library
  ------------------------------------------------
  exact_fp32_mul_7stage ZeroWireload       tcbn65gplustc_ccs
  exact_fp32_mul_7stage_DW_lp_piped_fp_mult_J1_0 ZeroWireload tcbn65gplustc_ccs

  Point                                                                   Incr       Path
  ------------------------------------------------------------------------------------------
  clock clk (rise edge)                                                   0.00       0.00
  clock network delay (ideal)                                             0.00       0.00
  u_exact_mul/U_ZOUT_PL_REG/out_reg_a_reg[20]/CP (DFQD1)                  0.00       0.00 r
  u_exact_mul/U_ZOUT_PL_REG/out_reg_a_reg[20]/Q (DFQD1)                   0.09       0.09 r
  u_exact_mul/z[12] (exact_fp32_mul_7stage_DW_lp_piped_fp_mult_J1_0)      0.00       0.09 r
  result[12] (out)                                                        0.00       0.09 r
  data arrival time                                                                  0.09

  clock clk (rise edge)                                                   0.00       0.00
  clock network delay (ideal)                                             0.00       0.00
  output external delay                                                  -0.02      -0.02
  data required time                                                                -0.02
  ------------------------------------------------------------------------------------------
  data required time                                                                -0.02
  data arrival time                                                                 -0.09
  ------------------------------------------------------------------------------------------
  slack (MET)                                                                        0.11


  Startpoint: u_exact_mul/U_ZOUT_PL_REG/out_reg_a_reg[19]
              (rising edge-triggered flip-flop clocked by clk)
  Endpoint: result[11] (output port clocked by clk)
  Path Group: clk
  Path Type: min

  Des/Clust/Port     Wire Load Model       Library
  ------------------------------------------------
  exact_fp32_mul_7stage ZeroWireload       tcbn65gplustc_ccs
  exact_fp32_mul_7stage_DW_lp_piped_fp_mult_J1_0 ZeroWireload tcbn65gplustc_ccs

  Point                                                                   Incr       Path
  ------------------------------------------------------------------------------------------
  clock clk (rise edge)                                                   0.00       0.00
  clock network delay (ideal)                                             0.00       0.00
  u_exact_mul/U_ZOUT_PL_REG/out_reg_a_reg[19]/CP (DFQD1)                  0.00       0.00 r
  u_exact_mul/U_ZOUT_PL_REG/out_reg_a_reg[19]/Q (DFQD1)                   0.09       0.09 r
  u_exact_mul/z[11] (exact_fp32_mul_7stage_DW_lp_piped_fp_mult_J1_0)      0.00       0.09 r
  result[11] (out)                                                        0.00       0.09 r
  data arrival time                                                                  0.09

  clock clk (rise edge)                                                   0.00       0.00
  clock network delay (ideal)                                             0.00       0.00
  output external delay                                                  -0.02      -0.02
  data required time                                                                -0.02
  ------------------------------------------------------------------------------------------
  data required time                                                                -0.02
  data arrival time                                                                 -0.09
  ------------------------------------------------------------------------------------------
  slack (MET)                                                                        0.11


  Startpoint: u_exact_mul/U_ZOUT_PL_REG/out_reg_a_reg[18]
              (rising edge-triggered flip-flop clocked by clk)
  Endpoint: result[10] (output port clocked by clk)
  Path Group: clk
  Path Type: min

  Des/Clust/Port     Wire Load Model       Library
  ------------------------------------------------
  exact_fp32_mul_7stage ZeroWireload       tcbn65gplustc_ccs
  exact_fp32_mul_7stage_DW_lp_piped_fp_mult_J1_0 ZeroWireload tcbn65gplustc_ccs

  Point                                                                   Incr       Path
  ------------------------------------------------------------------------------------------
  clock clk (rise edge)                                                   0.00       0.00
  clock network delay (ideal)                                             0.00       0.00
  u_exact_mul/U_ZOUT_PL_REG/out_reg_a_reg[18]/CP (DFQD1)                  0.00       0.00 r
  u_exact_mul/U_ZOUT_PL_REG/out_reg_a_reg[18]/Q (DFQD1)                   0.09       0.09 r
  u_exact_mul/z[10] (exact_fp32_mul_7stage_DW_lp_piped_fp_mult_J1_0)      0.00       0.09 r
  result[10] (out)                                                        0.00       0.09 r
  data arrival time                                                                  0.09

  clock clk (rise edge)                                                   0.00       0.00
  clock network delay (ideal)                                             0.00       0.00
  output external delay                                                  -0.02      -0.02
  data required time                                                                -0.02
  ------------------------------------------------------------------------------------------
  data required time                                                                -0.02
  data arrival time                                                                 -0.09
  ------------------------------------------------------------------------------------------
  slack (MET)                                                                        0.11


  Startpoint: u_exact_mul/U_ZOUT_PL_REG/out_reg_a_reg[17]
              (rising edge-triggered flip-flop clocked by clk)
  Endpoint: result[9] (output port clocked by clk)
  Path Group: clk
  Path Type: min

  Des/Clust/Port     Wire Load Model       Library
  ------------------------------------------------
  exact_fp32_mul_7stage ZeroWireload       tcbn65gplustc_ccs
  exact_fp32_mul_7stage_DW_lp_piped_fp_mult_J1_0 ZeroWireload tcbn65gplustc_ccs

  Point                                                                  Incr       Path
  -----------------------------------------------------------------------------------------
  clock clk (rise edge)                                                  0.00       0.00
  clock network delay (ideal)                                            0.00       0.00
  u_exact_mul/U_ZOUT_PL_REG/out_reg_a_reg[17]/CP (DFQD1)                 0.00       0.00 r
  u_exact_mul/U_ZOUT_PL_REG/out_reg_a_reg[17]/Q (DFQD1)                  0.09       0.09 r
  u_exact_mul/z[9] (exact_fp32_mul_7stage_DW_lp_piped_fp_mult_J1_0)      0.00       0.09 r
  result[9] (out)                                                        0.00       0.09 r
  data arrival time                                                                 0.09

  clock clk (rise edge)                                                  0.00       0.00
  clock network delay (ideal)                                            0.00       0.00
  output external delay                                                 -0.02      -0.02
  data required time                                                               -0.02
  -----------------------------------------------------------------------------------------
  data required time                                                               -0.02
  data arrival time                                                                -0.09
  -----------------------------------------------------------------------------------------
  slack (MET)                                                                       0.11


  Startpoint: u_exact_mul/U_ZOUT_PL_REG/out_reg_a_reg[16]
              (rising edge-triggered flip-flop clocked by clk)
  Endpoint: result[8] (output port clocked by clk)
  Path Group: clk
  Path Type: min

  Des/Clust/Port     Wire Load Model       Library
  ------------------------------------------------
  exact_fp32_mul_7stage ZeroWireload       tcbn65gplustc_ccs
  exact_fp32_mul_7stage_DW_lp_piped_fp_mult_J1_0 ZeroWireload tcbn65gplustc_ccs

  Point                                                                  Incr       Path
  -----------------------------------------------------------------------------------------
  clock clk (rise edge)                                                  0.00       0.00
  clock network delay (ideal)                                            0.00       0.00
  u_exact_mul/U_ZOUT_PL_REG/out_reg_a_reg[16]/CP (DFQD1)                 0.00       0.00 r
  u_exact_mul/U_ZOUT_PL_REG/out_reg_a_reg[16]/Q (DFQD1)                  0.09       0.09 r
  u_exact_mul/z[8] (exact_fp32_mul_7stage_DW_lp_piped_fp_mult_J1_0)      0.00       0.09 r
  result[8] (out)                                                        0.00       0.09 r
  data arrival time                                                                 0.09

  clock clk (rise edge)                                                  0.00       0.00
  clock network delay (ideal)                                            0.00       0.00
  output external delay                                                 -0.02      -0.02
  data required time                                                               -0.02
  -----------------------------------------------------------------------------------------
  data required time                                                               -0.02
  data arrival time                                                                -0.09
  -----------------------------------------------------------------------------------------
  slack (MET)                                                                       0.11


  Startpoint: u_exact_mul/U_ZOUT_PL_REG/out_reg_a_reg[15]
              (rising edge-triggered flip-flop clocked by clk)
  Endpoint: result[7] (output port clocked by clk)
  Path Group: clk
  Path Type: min

  Des/Clust/Port     Wire Load Model       Library
  ------------------------------------------------
  exact_fp32_mul_7stage ZeroWireload       tcbn65gplustc_ccs
  exact_fp32_mul_7stage_DW_lp_piped_fp_mult_J1_0 ZeroWireload tcbn65gplustc_ccs

  Point                                                                  Incr       Path
  -----------------------------------------------------------------------------------------
  clock clk (rise edge)                                                  0.00       0.00
  clock network delay (ideal)                                            0.00       0.00
  u_exact_mul/U_ZOUT_PL_REG/out_reg_a_reg[15]/CP (DFQD1)                 0.00       0.00 r
  u_exact_mul/U_ZOUT_PL_REG/out_reg_a_reg[15]/Q (DFQD1)                  0.09       0.09 r
  u_exact_mul/z[7] (exact_fp32_mul_7stage_DW_lp_piped_fp_mult_J1_0)      0.00       0.09 r
  result[7] (out)                                                        0.00       0.09 r
  data arrival time                                                                 0.09

  clock clk (rise edge)                                                  0.00       0.00
  clock network delay (ideal)                                            0.00       0.00
  output external delay                                                 -0.02      -0.02
  data required time                                                               -0.02
  -----------------------------------------------------------------------------------------
  data required time                                                               -0.02
  data arrival time                                                                -0.09
  -----------------------------------------------------------------------------------------
  slack (MET)                                                                       0.11


  Startpoint: u_exact_mul/U_ZOUT_PL_REG/out_reg_a_reg[14]
              (rising edge-triggered flip-flop clocked by clk)
  Endpoint: result[6] (output port clocked by clk)
  Path Group: clk
  Path Type: min

  Des/Clust/Port     Wire Load Model       Library
  ------------------------------------------------
  exact_fp32_mul_7stage ZeroWireload       tcbn65gplustc_ccs
  exact_fp32_mul_7stage_DW_lp_piped_fp_mult_J1_0 ZeroWireload tcbn65gplustc_ccs

  Point                                                                  Incr       Path
  -----------------------------------------------------------------------------------------
  clock clk (rise edge)                                                  0.00       0.00
  clock network delay (ideal)                                            0.00       0.00
  u_exact_mul/U_ZOUT_PL_REG/out_reg_a_reg[14]/CP (DFQD1)                 0.00       0.00 r
  u_exact_mul/U_ZOUT_PL_REG/out_reg_a_reg[14]/Q (DFQD1)                  0.09       0.09 r
  u_exact_mul/z[6] (exact_fp32_mul_7stage_DW_lp_piped_fp_mult_J1_0)      0.00       0.09 r
  result[6] (out)                                                        0.00       0.09 r
  data arrival time                                                                 0.09

  clock clk (rise edge)                                                  0.00       0.00
  clock network delay (ideal)                                            0.00       0.00
  output external delay                                                 -0.02      -0.02
  data required time                                                               -0.02
  -----------------------------------------------------------------------------------------
  data required time                                                               -0.02
  data arrival time                                                                -0.09
  -----------------------------------------------------------------------------------------
  slack (MET)                                                                       0.11


  Startpoint: u_exact_mul/U_ZOUT_PL_REG/out_reg_a_reg[13]
              (rising edge-triggered flip-flop clocked by clk)
  Endpoint: result[5] (output port clocked by clk)
  Path Group: clk
  Path Type: min

  Des/Clust/Port     Wire Load Model       Library
  ------------------------------------------------
  exact_fp32_mul_7stage ZeroWireload       tcbn65gplustc_ccs
  exact_fp32_mul_7stage_DW_lp_piped_fp_mult_J1_0 ZeroWireload tcbn65gplustc_ccs

  Point                                                                  Incr       Path
  -----------------------------------------------------------------------------------------
  clock clk (rise edge)                                                  0.00       0.00
  clock network delay (ideal)                                            0.00       0.00
  u_exact_mul/U_ZOUT_PL_REG/out_reg_a_reg[13]/CP (DFQD1)                 0.00       0.00 r
  u_exact_mul/U_ZOUT_PL_REG/out_reg_a_reg[13]/Q (DFQD1)                  0.09       0.09 r
  u_exact_mul/z[5] (exact_fp32_mul_7stage_DW_lp_piped_fp_mult_J1_0)      0.00       0.09 r
  result[5] (out)                                                        0.00       0.09 r
  data arrival time                                                                 0.09

  clock clk (rise edge)                                                  0.00       0.00
  clock network delay (ideal)                                            0.00       0.00
  output external delay                                                 -0.02      -0.02
  data required time                                                               -0.02
  -----------------------------------------------------------------------------------------
  data required time                                                               -0.02
  data arrival time                                                                -0.09
  -----------------------------------------------------------------------------------------
  slack (MET)                                                                       0.11


  Startpoint: u_exact_mul/U_ZOUT_PL_REG/out_reg_a_reg[12]
              (rising edge-triggered flip-flop clocked by clk)
  Endpoint: result[4] (output port clocked by clk)
  Path Group: clk
  Path Type: min

  Des/Clust/Port     Wire Load Model       Library
  ------------------------------------------------
  exact_fp32_mul_7stage ZeroWireload       tcbn65gplustc_ccs
  exact_fp32_mul_7stage_DW_lp_piped_fp_mult_J1_0 ZeroWireload tcbn65gplustc_ccs

  Point                                                                  Incr       Path
  -----------------------------------------------------------------------------------------
  clock clk (rise edge)                                                  0.00       0.00
  clock network delay (ideal)                                            0.00       0.00
  u_exact_mul/U_ZOUT_PL_REG/out_reg_a_reg[12]/CP (DFQD1)                 0.00       0.00 r
  u_exact_mul/U_ZOUT_PL_REG/out_reg_a_reg[12]/Q (DFQD1)                  0.09       0.09 r
  u_exact_mul/z[4] (exact_fp32_mul_7stage_DW_lp_piped_fp_mult_J1_0)      0.00       0.09 r
  result[4] (out)                                                        0.00       0.09 r
  data arrival time                                                                 0.09

  clock clk (rise edge)                                                  0.00       0.00
  clock network delay (ideal)                                            0.00       0.00
  output external delay                                                 -0.02      -0.02
  data required time                                                               -0.02
  -----------------------------------------------------------------------------------------
  data required time                                                               -0.02
  data arrival time                                                                -0.09
  -----------------------------------------------------------------------------------------
  slack (MET)                                                                       0.11


  Startpoint: u_exact_mul/U_ZOUT_PL_REG/out_reg_a_reg[11]
              (rising edge-triggered flip-flop clocked by clk)
  Endpoint: result[3] (output port clocked by clk)
  Path Group: clk
  Path Type: min

  Des/Clust/Port     Wire Load Model       Library
  ------------------------------------------------
  exact_fp32_mul_7stage ZeroWireload       tcbn65gplustc_ccs
  exact_fp32_mul_7stage_DW_lp_piped_fp_mult_J1_0 ZeroWireload tcbn65gplustc_ccs

  Point                                                                  Incr       Path
  -----------------------------------------------------------------------------------------
  clock clk (rise edge)                                                  0.00       0.00
  clock network delay (ideal)                                            0.00       0.00
  u_exact_mul/U_ZOUT_PL_REG/out_reg_a_reg[11]/CP (DFQD1)                 0.00       0.00 r
  u_exact_mul/U_ZOUT_PL_REG/out_reg_a_reg[11]/Q (DFQD1)                  0.09       0.09 r
  u_exact_mul/z[3] (exact_fp32_mul_7stage_DW_lp_piped_fp_mult_J1_0)      0.00       0.09 r
  result[3] (out)                                                        0.00       0.09 r
  data arrival time                                                                 0.09

  clock clk (rise edge)                                                  0.00       0.00
  clock network delay (ideal)                                            0.00       0.00
  output external delay                                                 -0.02      -0.02
  data required time                                                               -0.02
  -----------------------------------------------------------------------------------------
  data required time                                                               -0.02
  data arrival time                                                                -0.09
  -----------------------------------------------------------------------------------------
  slack (MET)                                                                       0.11


  Startpoint: u_exact_mul/U_ZOUT_PL_REG/out_reg_a_reg[10]
              (rising edge-triggered flip-flop clocked by clk)
  Endpoint: result[2] (output port clocked by clk)
  Path Group: clk
  Path Type: min

  Des/Clust/Port     Wire Load Model       Library
  ------------------------------------------------
  exact_fp32_mul_7stage ZeroWireload       tcbn65gplustc_ccs
  exact_fp32_mul_7stage_DW_lp_piped_fp_mult_J1_0 ZeroWireload tcbn65gplustc_ccs

  Point                                                                  Incr       Path
  -----------------------------------------------------------------------------------------
  clock clk (rise edge)                                                  0.00       0.00
  clock network delay (ideal)                                            0.00       0.00
  u_exact_mul/U_ZOUT_PL_REG/out_reg_a_reg[10]/CP (DFQD1)                 0.00       0.00 r
  u_exact_mul/U_ZOUT_PL_REG/out_reg_a_reg[10]/Q (DFQD1)                  0.09       0.09 r
  u_exact_mul/z[2] (exact_fp32_mul_7stage_DW_lp_piped_fp_mult_J1_0)      0.00       0.09 r
  result[2] (out)                                                        0.00       0.09 r
  data arrival time                                                                 0.09

  clock clk (rise edge)                                                  0.00       0.00
  clock network delay (ideal)                                            0.00       0.00
  output external delay                                                 -0.02      -0.02
  data required time                                                               -0.02
  -----------------------------------------------------------------------------------------
  data required time                                                               -0.02
  data arrival time                                                                -0.09
  -----------------------------------------------------------------------------------------
  slack (MET)                                                                       0.11


  Startpoint: u_exact_mul/U_ZOUT_PL_REG/out_reg_a_reg[9]
              (rising edge-triggered flip-flop clocked by clk)
  Endpoint: result[1] (output port clocked by clk)
  Path Group: clk
  Path Type: min

  Des/Clust/Port     Wire Load Model       Library
  ------------------------------------------------
  exact_fp32_mul_7stage ZeroWireload       tcbn65gplustc_ccs
  exact_fp32_mul_7stage_DW_lp_piped_fp_mult_J1_0 ZeroWireload tcbn65gplustc_ccs

  Point                                                                  Incr       Path
  -----------------------------------------------------------------------------------------
  clock clk (rise edge)                                                  0.00       0.00
  clock network delay (ideal)                                            0.00       0.00
  u_exact_mul/U_ZOUT_PL_REG/out_reg_a_reg[9]/CP (DFQD1)                  0.00       0.00 r
  u_exact_mul/U_ZOUT_PL_REG/out_reg_a_reg[9]/Q (DFQD1)                   0.09       0.09 r
  u_exact_mul/z[1] (exact_fp32_mul_7stage_DW_lp_piped_fp_mult_J1_0)      0.00       0.09 r
  result[1] (out)                                                        0.00       0.09 r
  data arrival time                                                                 0.09

  clock clk (rise edge)                                                  0.00       0.00
  clock network delay (ideal)                                            0.00       0.00
  output external delay                                                 -0.02      -0.02
  data required time                                                               -0.02
  -----------------------------------------------------------------------------------------
  data required time                                                               -0.02
  data arrival time                                                                -0.09
  -----------------------------------------------------------------------------------------
  slack (MET)                                                                       0.11


  Startpoint: u_exact_mul/U_ZOUT_PL_REG/out_reg_a_reg[8]
              (rising edge-triggered flip-flop clocked by clk)
  Endpoint: result[0] (output port clocked by clk)
  Path Group: clk
  Path Type: min

  Des/Clust/Port     Wire Load Model       Library
  ------------------------------------------------
  exact_fp32_mul_7stage ZeroWireload       tcbn65gplustc_ccs
  exact_fp32_mul_7stage_DW_lp_piped_fp_mult_J1_0 ZeroWireload tcbn65gplustc_ccs

  Point                                                                  Incr       Path
  -----------------------------------------------------------------------------------------
  clock clk (rise edge)                                                  0.00       0.00
  clock network delay (ideal)                                            0.00       0.00
  u_exact_mul/U_ZOUT_PL_REG/out_reg_a_reg[8]/CP (DFQD1)                  0.00       0.00 r
  u_exact_mul/U_ZOUT_PL_REG/out_reg_a_reg[8]/Q (DFQD1)                   0.09       0.09 r
  u_exact_mul/z[0] (exact_fp32_mul_7stage_DW_lp_piped_fp_mult_J1_0)      0.00       0.09 r
  result[0] (out)                                                        0.00       0.09 r
  data arrival time                                                                 0.09

  clock clk (rise edge)                                                  0.00       0.00
  clock network delay (ideal)                                            0.00       0.00
  output external delay                                                 -0.02      -0.02
  data required time                                                               -0.02
  -----------------------------------------------------------------------------------------
  data required time                                                               -0.02
  data arrival time                                                                -0.09
  -----------------------------------------------------------------------------------------
  slack (MET)                                                                       0.11


  Startpoint: u_exact_mul/U_AIN_PL_REG/in_reg_a_reg[26]
              (rising edge-triggered flip-flop clocked by clk)
  Endpoint: u_exact_mul/U_fp_mult/clk_r_REG103_S2
            (rising edge-triggered flip-flop clocked by clk)
  Path Group: clk
  Path Type: min

  Des/Clust/Port     Wire Load Model       Library
  ------------------------------------------------
  exact_fp32_mul_7stage ZeroWireload       tcbn65gplustc_ccs
  exact_fp32_mul_7stage_DW_lp_piped_fp_mult_J1_0 ZeroWireload tcbn65gplustc_ccs

  Point                                                     Incr       Path
  ----------------------------------------------------------------------------
  clock clk (rise edge)                                     0.00       0.00
  clock network delay (ideal)                               0.00       0.00
  u_exact_mul/U_AIN_PL_REG/in_reg_a_reg[26]/CP (DFQD1)      0.00       0.00 r
  u_exact_mul/U_AIN_PL_REG/in_reg_a_reg[26]/Q (DFQD1)       0.09       0.09 r
  u_exact_mul/U886/S (HA1D0)                                0.05       0.14 f
  u_exact_mul/U_fp_mult/clk_r_REG103_S2/D (DFQD1)           0.00       0.14 f
  data arrival time                                                    0.14

  clock clk (rise edge)                                     0.00       0.00
  clock network delay (ideal)                               0.00       0.00
  u_exact_mul/U_fp_mult/clk_r_REG103_S2/CP (DFQD1)          0.00       0.00 r
  library hold time                                         0.02       0.02
  data required time                                                   0.02
  ----------------------------------------------------------------------------
  data required time                                                   0.02
  data arrival time                                                   -0.14
  ----------------------------------------------------------------------------
  slack (MET)                                                          0.12


  Startpoint: u_exact_mul/U_fp_mult/mult_x_13/clk_r_REG248_S2
              (rising edge-triggered flip-flop clocked by clk)
  Endpoint: u_exact_mul/U_fp_mult/mult_x_13/clk_r_REG255_S3
            (rising edge-triggered flip-flop clocked by clk)
  Path Group: clk
  Path Type: min

  Des/Clust/Port     Wire Load Model       Library
  ------------------------------------------------
  exact_fp32_mul_7stage ZeroWireload       tcbn65gplustc_ccs
  exact_fp32_mul_7stage_DW_lp_piped_fp_mult_J1_0 ZeroWireload tcbn65gplustc_ccs

  Point                                                           Incr       Path
  ----------------------------------------------------------------------------------
  clock clk (rise edge)                                           0.00       0.00
  clock network delay (ideal)                                     0.00       0.00
  u_exact_mul/U_fp_mult/mult_x_13/clk_r_REG248_S2/CP (DFQD1)      0.00       0.00 r
  u_exact_mul/U_fp_mult/mult_x_13/clk_r_REG248_S2/Q (DFQD1)       0.10       0.10 f
  u_exact_mul/U673/ZN (INVD1)                                     0.02       0.12 r
  u_exact_mul/U1086/ZN (MUX2ND0)                                  0.02       0.14 f
  u_exact_mul/U_fp_mult/mult_x_13/clk_r_REG255_S3/D (DFQD1)       0.00       0.14 f
  data arrival time                                                          0.14

  clock clk (rise edge)                                           0.00       0.00
  clock network delay (ideal)                                     0.00       0.00
  u_exact_mul/U_fp_mult/mult_x_13/clk_r_REG255_S3/CP (DFQD1)      0.00       0.00 r
  library hold time                                               0.02       0.02
  data required time                                                         0.02
  ----------------------------------------------------------------------------------
  data required time                                                         0.02
  data arrival time                                                         -0.14
  ----------------------------------------------------------------------------------
  slack (MET)                                                                0.12


  Startpoint: u_exact_mul/U_fp_mult/clk_r_REG110_S4
              (rising edge-triggered flip-flop clocked by clk)
  Endpoint: u_exact_mul/clk_r_REG31_S5
            (rising edge-triggered flip-flop clocked by clk)
  Path Group: clk
  Path Type: min

  Des/Clust/Port     Wire Load Model       Library
  ------------------------------------------------
  exact_fp32_mul_7stage ZeroWireload       tcbn65gplustc_ccs
  exact_fp32_mul_7stage_DW_lp_piped_fp_mult_J1_0 ZeroWireload tcbn65gplustc_ccs

  Point                                                 Incr       Path
  ------------------------------------------------------------------------
  clock clk (rise edge)                                 0.00       0.00
  clock network delay (ideal)                           0.00       0.00
  u_exact_mul/U_fp_mult/clk_r_REG110_S4/CP (DFQD1)      0.00       0.00 r
  u_exact_mul/U_fp_mult/clk_r_REG110_S4/Q (DFQD1)       0.09       0.09 f
  u_exact_mul/U194/ZN (AOI22D0)                         0.03       0.12 r
  u_exact_mul/U80/ZN (CKND2D0)                          0.02       0.14 f
  u_exact_mul/clk_r_REG31_S5/D (DFQD1)                  0.00       0.14 f
  data arrival time                                                0.14

  clock clk (rise edge)                                 0.00       0.00
  clock network delay (ideal)                           0.00       0.00
  u_exact_mul/clk_r_REG31_S5/CP (DFQD1)                 0.00       0.00 r
  library hold time                                     0.02       0.02
  data required time                                               0.02
  ------------------------------------------------------------------------
  data required time                                               0.02
  data arrival time                                               -0.14
  ------------------------------------------------------------------------
  slack (MET)                                                      0.12


  Startpoint: u_exact_mul/U_fp_mult/clk_r_REG118_S4
              (rising edge-triggered flip-flop clocked by clk)
  Endpoint: u_exact_mul/clk_r_REG51_S5
            (rising edge-triggered flip-flop clocked by clk)
  Path Group: clk
  Path Type: min

  Des/Clust/Port     Wire Load Model       Library
  ------------------------------------------------
  exact_fp32_mul_7stage ZeroWireload       tcbn65gplustc_ccs
  exact_fp32_mul_7stage_DW_lp_piped_fp_mult_J1_0 ZeroWireload tcbn65gplustc_ccs

  Point                                                 Incr       Path
  ------------------------------------------------------------------------
  clock clk (rise edge)                                 0.00       0.00
  clock network delay (ideal)                           0.00       0.00
  u_exact_mul/U_fp_mult/clk_r_REG118_S4/CP (DFQD1)      0.00       0.00 r
  u_exact_mul/U_fp_mult/clk_r_REG118_S4/Q (DFQD1)       0.09       0.09 f
  u_exact_mul/U201/ZN (AOI22D0)                         0.03       0.12 r
  u_exact_mul/U89/ZN (CKND2D0)                          0.02       0.14 f
  u_exact_mul/clk_r_REG51_S5/D (DFQD1)                  0.00       0.14 f
  data arrival time                                                0.14

  clock clk (rise edge)                                 0.00       0.00
  clock network delay (ideal)                           0.00       0.00
  u_exact_mul/clk_r_REG51_S5/CP (DFQD1)                 0.00       0.00 r
  library hold time                                     0.02       0.02
  data required time                                               0.02
  ------------------------------------------------------------------------
  data required time                                               0.02
  data arrival time                                               -0.14
  ------------------------------------------------------------------------
  slack (MET)                                                      0.12


  Startpoint: u_exact_mul/U_fp_mult/clk_r_REG116_S4
              (rising edge-triggered flip-flop clocked by clk)
  Endpoint: u_exact_mul/clk_r_REG25_S5
            (rising edge-triggered flip-flop clocked by clk)
  Path Group: clk
  Path Type: min

  Des/Clust/Port     Wire Load Model       Library
  ------------------------------------------------
  exact_fp32_mul_7stage ZeroWireload       tcbn65gplustc_ccs
  exact_fp32_mul_7stage_DW_lp_piped_fp_mult_J1_0 ZeroWireload tcbn65gplustc_ccs

  Point                                                 Incr       Path
  ------------------------------------------------------------------------
  clock clk (rise edge)                                 0.00       0.00
  clock network delay (ideal)                           0.00       0.00
  u_exact_mul/U_fp_mult/clk_r_REG116_S4/CP (DFQD1)      0.00       0.00 r
  u_exact_mul/U_fp_mult/clk_r_REG116_S4/Q (DFQD1)       0.09       0.09 f
  u_exact_mul/U209/ZN (AOI22D0)                         0.03       0.12 r
  u_exact_mul/U86/ZN (CKND2D0)                          0.02       0.14 f
  u_exact_mul/clk_r_REG25_S5/D (DFQD1)                  0.00       0.14 f
  data arrival time                                                0.14

  clock clk (rise edge)                                 0.00       0.00
  clock network delay (ideal)                           0.00       0.00
  u_exact_mul/clk_r_REG25_S5/CP (DFQD1)                 0.00       0.00 r
  library hold time                                     0.02       0.02
  data required time                                               0.02
  ------------------------------------------------------------------------
  data required time                                               0.02
  data arrival time                                               -0.14
  ------------------------------------------------------------------------
  slack (MET)                                                      0.12


  Startpoint: u_exact_mul/U_fp_mult/clk_r_REG109_S4
              (rising edge-triggered flip-flop clocked by clk)
  Endpoint: u_exact_mul/clk_r_REG55_S5
            (rising edge-triggered flip-flop clocked by clk)
  Path Group: clk
  Path Type: min

  Des/Clust/Port     Wire Load Model       Library
  ------------------------------------------------
  exact_fp32_mul_7stage ZeroWireload       tcbn65gplustc_ccs
  exact_fp32_mul_7stage_DW_lp_piped_fp_mult_J1_0 ZeroWireload tcbn65gplustc_ccs

  Point                                                 Incr       Path
  ------------------------------------------------------------------------
  clock clk (rise edge)                                 0.00       0.00
  clock network delay (ideal)                           0.00       0.00
  u_exact_mul/U_fp_mult/clk_r_REG109_S4/CP (DFQD1)      0.00       0.00 r
  u_exact_mul/U_fp_mult/clk_r_REG109_S4/Q (DFQD1)       0.09       0.09 f
  u_exact_mul/U208/ZN (AOI22D0)                         0.03       0.12 r
  u_exact_mul/U91/ZN (CKND2D0)                          0.02       0.14 f
  u_exact_mul/clk_r_REG55_S5/D (DFQD1)                  0.00       0.14 f
  data arrival time                                                0.14

  clock clk (rise edge)                                 0.00       0.00
  clock network delay (ideal)                           0.00       0.00
  u_exact_mul/clk_r_REG55_S5/CP (DFQD1)                 0.00       0.00 r
  library hold time                                     0.02       0.02
  data required time                                               0.02
  ------------------------------------------------------------------------
  data required time                                               0.02
  data arrival time                                               -0.14
  ------------------------------------------------------------------------
  slack (MET)                                                      0.12


  Startpoint: u_exact_mul/U_fp_mult/mult_x_13/clk_r_REG248_S2
              (rising edge-triggered flip-flop clocked by clk)
  Endpoint: u_exact_mul/U_fp_mult/mult_x_13/clk_r_REG251_S3
            (rising edge-triggered flip-flop clocked by clk)
  Path Group: clk
  Path Type: min

  Des/Clust/Port     Wire Load Model       Library
  ------------------------------------------------
  exact_fp32_mul_7stage ZeroWireload       tcbn65gplustc_ccs
  exact_fp32_mul_7stage_DW_lp_piped_fp_mult_J1_0 ZeroWireload tcbn65gplustc_ccs

  Point                                                           Incr       Path
  ----------------------------------------------------------------------------------
  clock clk (rise edge)                                           0.00       0.00
  clock network delay (ideal)                                     0.00       0.00
  u_exact_mul/U_fp_mult/mult_x_13/clk_r_REG248_S2/CP (DFQD1)      0.00       0.00 r
  u_exact_mul/U_fp_mult/mult_x_13/clk_r_REG248_S2/Q (DFQD1)       0.10       0.10 f
  u_exact_mul/U938/ZN (INVD1)                                     0.02       0.12 r
  u_exact_mul/U1089/ZN (MUX2ND0)                                  0.03       0.14 f
  u_exact_mul/U_fp_mult/mult_x_13/clk_r_REG251_S3/D (DFQD1)       0.00       0.14 f
  data arrival time                                                          0.14

  clock clk (rise edge)                                           0.00       0.00
  clock network delay (ideal)                                     0.00       0.00
  u_exact_mul/U_fp_mult/mult_x_13/clk_r_REG251_S3/CP (DFQD1)      0.00       0.00 r
  library hold time                                               0.02       0.02
  data required time                                                         0.02
  ----------------------------------------------------------------------------------
  data required time                                                         0.02
  data arrival time                                                         -0.14
  ----------------------------------------------------------------------------------
  slack (MET)                                                                0.12


  Startpoint: u_exact_mul/U_fp_mult/clk_r_REG112_S4
              (rising edge-triggered flip-flop clocked by clk)
  Endpoint: u_exact_mul/clk_r_REG47_S5
            (rising edge-triggered flip-flop clocked by clk)
  Path Group: clk
  Path Type: min

  Des/Clust/Port     Wire Load Model       Library
  ------------------------------------------------
  exact_fp32_mul_7stage ZeroWireload       tcbn65gplustc_ccs
  exact_fp32_mul_7stage_DW_lp_piped_fp_mult_J1_0 ZeroWireload tcbn65gplustc_ccs

  Point                                                 Incr       Path
  ------------------------------------------------------------------------
  clock clk (rise edge)                                 0.00       0.00
  clock network delay (ideal)                           0.00       0.00
  u_exact_mul/U_fp_mult/clk_r_REG112_S4/CP (DFQD1)      0.00       0.00 r
  u_exact_mul/U_fp_mult/clk_r_REG112_S4/Q (DFQD1)       0.09       0.09 f
  u_exact_mul/U193/ZN (AOI22D0)                         0.03       0.12 r
  u_exact_mul/U82/ZN (CKND2D0)                          0.02       0.14 f
  u_exact_mul/clk_r_REG47_S5/D (DFQD1)                  0.00       0.14 f
  data arrival time                                                0.14

  clock clk (rise edge)                                 0.00       0.00
  clock network delay (ideal)                           0.00       0.00
  u_exact_mul/clk_r_REG47_S5/CP (DFQD1)                 0.00       0.00 r
  library hold time                                     0.02       0.02
  data required time                                               0.02
  ------------------------------------------------------------------------
  data required time                                               0.02
  data arrival time                                               -0.14
  ------------------------------------------------------------------------
  slack (MET)                                                      0.12


  Startpoint: u_exact_mul/U_fp_mult/clk_r_REG111_S4
              (rising edge-triggered flip-flop clocked by clk)
  Endpoint: u_exact_mul/clk_r_REG69_S5
            (rising edge-triggered flip-flop clocked by clk)
  Path Group: clk
  Path Type: min

  Des/Clust/Port     Wire Load Model       Library
  ------------------------------------------------
  exact_fp32_mul_7stage ZeroWireload       tcbn65gplustc_ccs
  exact_fp32_mul_7stage_DW_lp_piped_fp_mult_J1_0 ZeroWireload tcbn65gplustc_ccs

  Point                                                 Incr       Path
  ------------------------------------------------------------------------
  clock clk (rise edge)                                 0.00       0.00
  clock network delay (ideal)                           0.00       0.00
  u_exact_mul/U_fp_mult/clk_r_REG111_S4/CP (DFQD1)      0.00       0.00 r
  u_exact_mul/U_fp_mult/clk_r_REG111_S4/Q (DFQD1)       0.09       0.09 f
  u_exact_mul/U204/ZN (AOI22D0)                         0.03       0.12 r
  u_exact_mul/U90/ZN (CKND2D0)                          0.02       0.14 f
  u_exact_mul/clk_r_REG69_S5/D (DFQD1)                  0.00       0.14 f
  data arrival time                                                0.14

  clock clk (rise edge)                                 0.00       0.00
  clock network delay (ideal)                           0.00       0.00
  u_exact_mul/clk_r_REG69_S5/CP (DFQD1)                 0.00       0.00 r
  library hold time                                     0.02       0.02
  data required time                                               0.02
  ------------------------------------------------------------------------
  data required time                                               0.02
  data arrival time                                               -0.14
  ------------------------------------------------------------------------
  slack (MET)                                                      0.12


  Startpoint: u_exact_mul/U_fp_mult/clk_r_REG117_S4
              (rising edge-triggered flip-flop clocked by clk)
  Endpoint: u_exact_mul/clk_r_REG67_S5
            (rising edge-triggered flip-flop clocked by clk)
  Path Group: clk
  Path Type: min

  Des/Clust/Port     Wire Load Model       Library
  ------------------------------------------------
  exact_fp32_mul_7stage ZeroWireload       tcbn65gplustc_ccs
  exact_fp32_mul_7stage_DW_lp_piped_fp_mult_J1_0 ZeroWireload tcbn65gplustc_ccs

  Point                                                 Incr       Path
  ------------------------------------------------------------------------
  clock clk (rise edge)                                 0.00       0.00
  clock network delay (ideal)                           0.00       0.00
  u_exact_mul/U_fp_mult/clk_r_REG117_S4/CP (DFQD1)      0.00       0.00 r
  u_exact_mul/U_fp_mult/clk_r_REG117_S4/Q (DFQD1)       0.09       0.09 f
  u_exact_mul/U206/ZN (AOI22D0)                         0.03       0.12 r
  u_exact_mul/U87/ZN (CKND2D0)                          0.02       0.14 f
  u_exact_mul/clk_r_REG67_S5/D (DFQD1)                  0.00       0.14 f
  data arrival time                                                0.14

  clock clk (rise edge)                                 0.00       0.00
  clock network delay (ideal)                           0.00       0.00
  u_exact_mul/clk_r_REG67_S5/CP (DFQD1)                 0.00       0.00 r
  library hold time                                     0.02       0.02
  data required time                                               0.02
  ------------------------------------------------------------------------
  data required time                                               0.02
  data arrival time                                               -0.14
  ------------------------------------------------------------------------
  slack (MET)                                                      0.12


  Startpoint: u_exact_mul/U_fp_mult/clk_r_REG114_S4
              (rising edge-triggered flip-flop clocked by clk)
  Endpoint: u_exact_mul/clk_r_REG65_S5
            (rising edge-triggered flip-flop clocked by clk)
  Path Group: clk
  Path Type: min

  Des/Clust/Port     Wire Load Model       Library
  ------------------------------------------------
  exact_fp32_mul_7stage ZeroWireload       tcbn65gplustc_ccs
  exact_fp32_mul_7stage_DW_lp_piped_fp_mult_J1_0 ZeroWireload tcbn65gplustc_ccs

  Point                                                 Incr       Path
  ------------------------------------------------------------------------
  clock clk (rise edge)                                 0.00       0.00
  clock network delay (ideal)                           0.00       0.00
  u_exact_mul/U_fp_mult/clk_r_REG114_S4/CP (DFQD1)      0.00       0.00 r
  u_exact_mul/U_fp_mult/clk_r_REG114_S4/Q (DFQD1)       0.09       0.09 f
  u_exact_mul/U188/ZN (AOI22D0)                         0.03       0.12 r
  u_exact_mul/U78/ZN (CKND2D0)                          0.02       0.14 f
  u_exact_mul/clk_r_REG65_S5/D (DFQD1)                  0.00       0.14 f
  data arrival time                                                0.14

  clock clk (rise edge)                                 0.00       0.00
  clock network delay (ideal)                           0.00       0.00
  u_exact_mul/clk_r_REG65_S5/CP (DFQD1)                 0.00       0.00 r
  library hold time                                     0.02       0.02
  data required time                                               0.02
  ------------------------------------------------------------------------
  data required time                                               0.02
  data arrival time                                               -0.14
  ------------------------------------------------------------------------
  slack (MET)                                                      0.12


  Startpoint: u_exact_mul/U_fp_mult/clk_r_REG121_S4
              (rising edge-triggered flip-flop clocked by clk)
  Endpoint: u_exact_mul/clk_r_REG37_S5
            (rising edge-triggered flip-flop clocked by clk)
  Path Group: clk
  Path Type: min

  Des/Clust/Port     Wire Load Model       Library
  ------------------------------------------------
  exact_fp32_mul_7stage ZeroWireload       tcbn65gplustc_ccs
  exact_fp32_mul_7stage_DW_lp_piped_fp_mult_J1_0 ZeroWireload tcbn65gplustc_ccs

  Point                                                 Incr       Path
  ------------------------------------------------------------------------
  clock clk (rise edge)                                 0.00       0.00
  clock network delay (ideal)                           0.00       0.00
  u_exact_mul/U_fp_mult/clk_r_REG121_S4/CP (DFQD1)      0.00       0.00 r
  u_exact_mul/U_fp_mult/clk_r_REG121_S4/Q (DFQD1)       0.09       0.09 f
  u_exact_mul/U213/ZN (AOI22D0)                         0.03       0.12 r
  u_exact_mul/U96/ZN (CKND2D0)                          0.02       0.14 f
  u_exact_mul/clk_r_REG37_S5/D (DFQD1)                  0.00       0.14 f
  data arrival time                                                0.14

  clock clk (rise edge)                                 0.00       0.00
  clock network delay (ideal)                           0.00       0.00
  u_exact_mul/clk_r_REG37_S5/CP (DFQD1)                 0.00       0.00 r
  library hold time                                     0.02       0.02
  data required time                                               0.02
  ------------------------------------------------------------------------
  data required time                                               0.02
  data arrival time                                               -0.14
  ------------------------------------------------------------------------
  slack (MET)                                                      0.12


  Startpoint: u_exact_mul/U_fp_mult/clk_r_REG115_S4
              (rising edge-triggered flip-flop clocked by clk)
  Endpoint: u_exact_mul/clk_r_REG49_S5
            (rising edge-triggered flip-flop clocked by clk)
  Path Group: clk
  Path Type: min

  Des/Clust/Port     Wire Load Model       Library
  ------------------------------------------------
  exact_fp32_mul_7stage ZeroWireload       tcbn65gplustc_ccs
  exact_fp32_mul_7stage_DW_lp_piped_fp_mult_J1_0 ZeroWireload tcbn65gplustc_ccs

  Point                                                 Incr       Path
  ------------------------------------------------------------------------
  clock clk (rise edge)                                 0.00       0.00
  clock network delay (ideal)                           0.00       0.00
  u_exact_mul/U_fp_mult/clk_r_REG115_S4/CP (DFQD1)      0.00       0.00 r
  u_exact_mul/U_fp_mult/clk_r_REG115_S4/Q (DFQD1)       0.09       0.09 f
  u_exact_mul/U216/ZN (AOI22D0)                         0.03       0.12 r
  u_exact_mul/U88/ZN (CKND2D0)                          0.02       0.14 f
  u_exact_mul/clk_r_REG49_S5/D (DFQD1)                  0.00       0.14 f
  data arrival time                                                0.14

  clock clk (rise edge)                                 0.00       0.00
  clock network delay (ideal)                           0.00       0.00
  u_exact_mul/clk_r_REG49_S5/CP (DFQD1)                 0.00       0.00 r
  library hold time                                     0.02       0.02
  data required time                                               0.02
  ------------------------------------------------------------------------
  data required time                                               0.02
  data arrival time                                               -0.14
  ------------------------------------------------------------------------
  slack (MET)                                                      0.12


  Startpoint: u_exact_mul/U_fp_mult/clk_r_REG119_S4
              (rising edge-triggered flip-flop clocked by clk)
  Endpoint: u_exact_mul/clk_r_REG39_S5
            (rising edge-triggered flip-flop clocked by clk)
  Path Group: clk
  Path Type: min

  Des/Clust/Port     Wire Load Model       Library
  ------------------------------------------------
  exact_fp32_mul_7stage ZeroWireload       tcbn65gplustc_ccs
  exact_fp32_mul_7stage_DW_lp_piped_fp_mult_J1_0 ZeroWireload tcbn65gplustc_ccs

  Point                                                 Incr       Path
  ------------------------------------------------------------------------
  clock clk (rise edge)                                 0.00       0.00
  clock network delay (ideal)                           0.00       0.00
  u_exact_mul/U_fp_mult/clk_r_REG119_S4/CP (DFQD1)      0.00       0.00 r
  u_exact_mul/U_fp_mult/clk_r_REG119_S4/Q (DFQD1)       0.09       0.09 f
  u_exact_mul/U207/ZN (AOI22D0)                         0.03       0.12 r
  u_exact_mul/U187/ZN (CKND2D0)                         0.02       0.14 f
  u_exact_mul/clk_r_REG39_S5/D (DFQD1)                  0.00       0.14 f
  data arrival time                                                0.14

  clock clk (rise edge)                                 0.00       0.00
  clock network delay (ideal)                           0.00       0.00
  u_exact_mul/clk_r_REG39_S5/CP (DFQD1)                 0.00       0.00 r
  library hold time                                     0.02       0.02
  data required time                                               0.02
  ------------------------------------------------------------------------
  data required time                                               0.02
  data arrival time                                               -0.14
  ------------------------------------------------------------------------
  slack (MET)                                                      0.12


  Startpoint: u_exact_mul/U_fp_mult/clk_r_REG113_S4
              (rising edge-triggered flip-flop clocked by clk)
  Endpoint: u_exact_mul/clk_r_REG27_S5
            (rising edge-triggered flip-flop clocked by clk)
  Path Group: clk
  Path Type: min

  Des/Clust/Port     Wire Load Model       Library
  ------------------------------------------------
  exact_fp32_mul_7stage ZeroWireload       tcbn65gplustc_ccs
  exact_fp32_mul_7stage_DW_lp_piped_fp_mult_J1_0 ZeroWireload tcbn65gplustc_ccs

  Point                                                 Incr       Path
  ------------------------------------------------------------------------
  clock clk (rise edge)                                 0.00       0.00
  clock network delay (ideal)                           0.00       0.00
  u_exact_mul/U_fp_mult/clk_r_REG113_S4/CP (DFQD1)      0.00       0.00 r
  u_exact_mul/U_fp_mult/clk_r_REG113_S4/Q (DFQD1)       0.09       0.09 f
  u_exact_mul/U214/ZN (AOI22D0)                         0.03       0.12 r
  u_exact_mul/U189/ZN (CKND2D0)                         0.02       0.14 f
  u_exact_mul/clk_r_REG27_S5/D (DFQD1)                  0.00       0.14 f
  data arrival time                                                0.14

  clock clk (rise edge)                                 0.00       0.00
  clock network delay (ideal)                           0.00       0.00
  u_exact_mul/clk_r_REG27_S5/CP (DFQD1)                 0.00       0.00 r
  library hold time                                     0.02       0.02
  data required time                                               0.02
  ------------------------------------------------------------------------
  data required time                                               0.02
  data arrival time                                               -0.14
  ------------------------------------------------------------------------
  slack (MET)                                                      0.12


  Startpoint: u_exact_mul/U_fp_mult/clk_r_REG78_S4
              (rising edge-triggered flip-flop clocked by clk)
  Endpoint: u_exact_mul/clk_r_REG9_S5
            (rising edge-triggered flip-flop clocked by clk)
  Path Group: clk
  Path Type: min

  Des/Clust/Port     Wire Load Model       Library
  ------------------------------------------------
  exact_fp32_mul_7stage ZeroWireload       tcbn65gplustc_ccs
  exact_fp32_mul_7stage_DW_lp_piped_fp_mult_J1_0 ZeroWireload tcbn65gplustc_ccs

  Point                                                Incr       Path
  -----------------------------------------------------------------------
  clock clk (rise edge)                                0.00       0.00
  clock network delay (ideal)                          0.00       0.00
  u_exact_mul/U_fp_mult/clk_r_REG78_S4/CP (DFQD1)      0.00       0.00 r
  u_exact_mul/U_fp_mult/clk_r_REG78_S4/Q (DFQD1)       0.10       0.10 f
  u_exact_mul/U1609/ZN (INVD0)                         0.02       0.12 r
  u_exact_mul/U1610/ZN (AOI22D0)                       0.03       0.14 f
  u_exact_mul/clk_r_REG9_S5/D (DFQD1)                  0.00       0.14 f
  data arrival time                                               0.14

  clock clk (rise edge)                                0.00       0.00
  clock network delay (ideal)                          0.00       0.00
  u_exact_mul/clk_r_REG9_S5/CP (DFQD1)                 0.00       0.00 r
  library hold time                                    0.02       0.02
  data required time                                              0.02
  -----------------------------------------------------------------------
  data required time                                              0.02
  data arrival time                                              -0.14
  -----------------------------------------------------------------------
  slack (MET)                                                     0.12


  Startpoint: u_exact_mul/U_AIN_PL_REG/in_reg_a_reg[65]
              (rising edge-triggered flip-flop clocked by clk)
  Endpoint: u_exact_mul/U_fp_mult/clk_r_REG82_S2
            (rising edge-triggered flip-flop clocked by clk)
  Path Group: clk
  Path Type: min

  Des/Clust/Port     Wire Load Model       Library
  ------------------------------------------------
  exact_fp32_mul_7stage ZeroWireload       tcbn65gplustc_ccs
  exact_fp32_mul_7stage_DW_lp_piped_fp_mult_J1_0 ZeroWireload tcbn65gplustc_ccs

  Point                                                     Incr       Path
  ----------------------------------------------------------------------------
  clock clk (rise edge)                                     0.00       0.00
  clock network delay (ideal)                               0.00       0.00
  u_exact_mul/U_AIN_PL_REG/in_reg_a_reg[65]/CP (DFQD1)      0.00       0.00 r
  u_exact_mul/U_AIN_PL_REG/in_reg_a_reg[65]/Q (DFQD1)       0.09       0.09 r
  u_exact_mul/U893/ZN (NR2D0)                               0.02       0.11 f
  u_exact_mul/U895/Z (CKAN2D0)                              0.04       0.15 f
  u_exact_mul/U_fp_mult/clk_r_REG82_S2/D (DFQD1)            0.00       0.15 f
  data arrival time                                                    0.15

  clock clk (rise edge)                                     0.00       0.00
  clock network delay (ideal)                               0.00       0.00
  u_exact_mul/U_fp_mult/clk_r_REG82_S2/CP (DFQD1)           0.00       0.00 r
  library hold time                                         0.02       0.02
  data required time                                                   0.02
  ----------------------------------------------------------------------------
  data required time                                                   0.02
  data arrival time                                                   -0.15
  ----------------------------------------------------------------------------
  slack (MET)                                                          0.12


  Startpoint: u_exact_mul/U_AIN_PL_REG/in_reg_a_reg[65]
              (rising edge-triggered flip-flop clocked by clk)
  Endpoint: u_exact_mul/U_fp_mult/clk_r_REG5_S2
            (rising edge-triggered flip-flop clocked by clk)
  Path Group: clk
  Path Type: min

  Des/Clust/Port     Wire Load Model       Library
  ------------------------------------------------
  exact_fp32_mul_7stage ZeroWireload       tcbn65gplustc_ccs
  exact_fp32_mul_7stage_DW_lp_piped_fp_mult_J1_0 ZeroWireload tcbn65gplustc_ccs

  Point                                                     Incr       Path
  ----------------------------------------------------------------------------
  clock clk (rise edge)                                     0.00       0.00
  clock network delay (ideal)                               0.00       0.00
  u_exact_mul/U_AIN_PL_REG/in_reg_a_reg[65]/CP (DFQD1)      0.00       0.00 r
  u_exact_mul/U_AIN_PL_REG/in_reg_a_reg[65]/Q (DFQD1)       0.10       0.10 f
  u_exact_mul/U1580/ZN (ND4D0)                              0.02       0.12 r
  u_exact_mul/U1584/ZN (OAI22D0)                            0.03       0.15 f
  u_exact_mul/U_fp_mult/clk_r_REG5_S2/D (DFQD1)             0.00       0.15 f
  data arrival time                                                    0.15

  clock clk (rise edge)                                     0.00       0.00
  clock network delay (ideal)                               0.00       0.00
  u_exact_mul/U_fp_mult/clk_r_REG5_S2/CP (DFQD1)            0.00       0.00 r
  library hold time                                         0.02       0.02
  data required time                                                   0.02
  ----------------------------------------------------------------------------
  data required time                                                   0.02
  data arrival time                                                   -0.15
  ----------------------------------------------------------------------------
  slack (MET)                                                          0.13


  Startpoint: u_exact_mul/U_fp_mult/mult_x_13/clk_r_REG136_S3
              (rising edge-triggered flip-flop clocked by clk)
  Endpoint: u_exact_mul/U_fp_mult/mult_x_13/clk_r_REG120_S4
            (rising edge-triggered flip-flop clocked by clk)
  Path Group: clk
  Path Type: min

  Des/Clust/Port     Wire Load Model       Library
  ------------------------------------------------
  exact_fp32_mul_7stage ZeroWireload       tcbn65gplustc_ccs
  exact_fp32_mul_7stage_DW_lp_piped_fp_mult_J1_0 ZeroWireload tcbn65gplustc_ccs

  Point                                                           Incr       Path
  ----------------------------------------------------------------------------------
  clock clk (rise edge)                                           0.00       0.00
  clock network delay (ideal)                                     0.00       0.00
  u_exact_mul/U_fp_mult/mult_x_13/clk_r_REG136_S3/CP (DFQD1)      0.00       0.00 r
  u_exact_mul/U_fp_mult/mult_x_13/clk_r_REG136_S3/Q (DFQD1)       0.08       0.08 r
  u_exact_mul/U901/CO (FA1D0)                                     0.05       0.13 r
  u_exact_mul/U_fp_mult/mult_x_13/clk_r_REG120_S4/D (DFQD1)       0.00       0.13 r
  data arrival time                                                          0.13

  clock clk (rise edge)                                           0.00       0.00
  clock network delay (ideal)                                     0.00       0.00
  u_exact_mul/U_fp_mult/mult_x_13/clk_r_REG120_S4/CP (DFQD1)      0.00       0.00 r
  library hold time                                               0.01       0.01
  data required time                                                         0.01
  ----------------------------------------------------------------------------------
  data required time                                                         0.01
  data arrival time                                                         -0.13
  ----------------------------------------------------------------------------------
  slack (MET)                                                                0.13


  Startpoint: u_exact_mul/U_fp_mult/mult_x_13/clk_r_REG267_S2
              (rising edge-triggered flip-flop clocked by clk)
  Endpoint: u_exact_mul/U_fp_mult/mult_x_13/clk_r_REG249_S3
            (rising edge-triggered flip-flop clocked by clk)
  Path Group: clk
  Path Type: min

  Des/Clust/Port     Wire Load Model       Library
  ------------------------------------------------
  exact_fp32_mul_7stage ZeroWireload       tcbn65gplustc_ccs
  exact_fp32_mul_7stage_DW_lp_piped_fp_mult_J1_0 ZeroWireload tcbn65gplustc_ccs

  Point                                                           Incr       Path
  ----------------------------------------------------------------------------------
  clock clk (rise edge)                                           0.00       0.00
  clock network delay (ideal)                                     0.00       0.00
  u_exact_mul/U_fp_mult/mult_x_13/clk_r_REG267_S2/CP (DFQD1)      0.00       0.00 r
  u_exact_mul/U_fp_mult/mult_x_13/clk_r_REG267_S2/Q (DFQD1)       0.09       0.09 r
  u_exact_mul/U200/ZN (AOI22D0)                                   0.03       0.11 f
  u_exact_mul/U184/ZN (CKND2D1)                                   0.02       0.14 r
  u_exact_mul/U1077/ZN (MUX2ND0)                                  0.02       0.15 f
  u_exact_mul/U_fp_mult/mult_x_13/clk_r_REG249_S3/D (DFQD1)       0.00       0.15 f
  data arrival time                                                          0.15

  clock clk (rise edge)                                           0.00       0.00
  clock network delay (ideal)                                     0.00       0.00
  u_exact_mul/U_fp_mult/mult_x_13/clk_r_REG249_S3/CP (DFQD1)      0.00       0.00 r
  library hold time                                               0.02       0.02
  data required time                                                         0.02
  ----------------------------------------------------------------------------------
  data required time                                                         0.02
  data arrival time                                                         -0.15
  ----------------------------------------------------------------------------------
  slack (MET)                                                                0.13


  Startpoint: u_exact_mul/U_fp_mult/clk_r_REG121_S4
              (rising edge-triggered flip-flop clocked by clk)
  Endpoint: u_exact_mul/clk_r_REG57_S5
            (rising edge-triggered flip-flop clocked by clk)
  Path Group: clk
  Path Type: min

  Des/Clust/Port     Wire Load Model       Library
  ------------------------------------------------
  exact_fp32_mul_7stage ZeroWireload       tcbn65gplustc_ccs
  exact_fp32_mul_7stage_DW_lp_piped_fp_mult_J1_0 ZeroWireload tcbn65gplustc_ccs

  Point                                                 Incr       Path
  ------------------------------------------------------------------------
  clock clk (rise edge)                                 0.00       0.00
  clock network delay (ideal)                           0.00       0.00
  u_exact_mul/U_fp_mult/clk_r_REG121_S4/CP (DFQD1)      0.00       0.00 r
  u_exact_mul/U_fp_mult/clk_r_REG121_S4/Q (DFQD1)       0.08       0.08 r
  u_exact_mul/U211/ZN (AOI22D0)                         0.03       0.11 f
  u_exact_mul/U197/ZN (CKND2D0)                         0.03       0.13 r
  u_exact_mul/clk_r_REG57_S5/D (DFQD1)                  0.00       0.13 r
  data arrival time                                                0.13

  clock clk (rise edge)                                 0.00       0.00
  clock network delay (ideal)                           0.00       0.00
  u_exact_mul/clk_r_REG57_S5/CP (DFQD1)                 0.00       0.00 r
  library hold time                                     0.00       0.00
  data required time                                               0.00
  ------------------------------------------------------------------------
  data required time                                               0.00
  data arrival time                                               -0.13
  ------------------------------------------------------------------------
  slack (MET)                                                      0.13


  Startpoint: u_exact_mul/U_AIN_PL_REG/in_reg_a_reg[65]
              (rising edge-triggered flip-flop clocked by clk)
  Endpoint: u_exact_mul/U_fp_mult/clk_r_REG79_S2
            (rising edge-triggered flip-flop clocked by clk)
  Path Group: clk
  Path Type: min

  Des/Clust/Port     Wire Load Model       Library
  ------------------------------------------------
  exact_fp32_mul_7stage ZeroWireload       tcbn65gplustc_ccs
  exact_fp32_mul_7stage_DW_lp_piped_fp_mult_J1_0 ZeroWireload tcbn65gplustc_ccs

  Point                                                     Incr       Path
  ----------------------------------------------------------------------------
  clock clk (rise edge)                                     0.00       0.00
  clock network delay (ideal)                               0.00       0.00
  u_exact_mul/U_AIN_PL_REG/in_reg_a_reg[65]/CP (DFQD1)      0.00       0.00 r
  u_exact_mul/U_AIN_PL_REG/in_reg_a_reg[65]/Q (DFQD1)       0.09       0.09 r
  u_exact_mul/U893/ZN (NR2D0)                               0.02       0.11 f
  u_exact_mul/U894/ZN (MUX2ND0)                             0.04       0.15 f
  u_exact_mul/U_fp_mult/clk_r_REG79_S2/D (DFQD1)            0.00       0.15 f
  data arrival time                                                    0.15

  clock clk (rise edge)                                     0.00       0.00
  clock network delay (ideal)                               0.00       0.00
  u_exact_mul/U_fp_mult/clk_r_REG79_S2/CP (DFQD1)           0.00       0.00 r
  library hold time                                         0.02       0.02
  data required time                                                   0.02
  ----------------------------------------------------------------------------
  data required time                                                   0.02
  data arrival time                                                   -0.15
  ----------------------------------------------------------------------------
  slack (MET)                                                          0.13


  Startpoint: u_exact_mul/U_fp_mult/mult_x_13/clk_r_REG134_S3
              (rising edge-triggered flip-flop clocked by clk)
  Endpoint: u_exact_mul/U_fp_mult/clk_r_REG119_S4
            (rising edge-triggered flip-flop clocked by clk)
  Path Group: clk
  Path Type: min

  Des/Clust/Port     Wire Load Model       Library
  ------------------------------------------------
  exact_fp32_mul_7stage ZeroWireload       tcbn65gplustc_ccs
  exact_fp32_mul_7stage_DW_lp_piped_fp_mult_J1_0 ZeroWireload tcbn65gplustc_ccs

  Point                                                           Incr       Path
  ----------------------------------------------------------------------------------
  clock clk (rise edge)                                           0.00       0.00
  clock network delay (ideal)                                     0.00       0.00
  u_exact_mul/U_fp_mult/mult_x_13/clk_r_REG134_S3/CP (DFQD1)      0.00       0.00 r
  u_exact_mul/U_fp_mult/mult_x_13/clk_r_REG134_S3/Q (DFQD1)       0.08       0.08 r
  u_exact_mul/U55/S (FA1D0)                                       0.07       0.15 f
  u_exact_mul/U_fp_mult/clk_r_REG119_S4/D (DFQD1)                 0.00       0.15 f
  data arrival time                                                          0.15

  clock clk (rise edge)                                           0.00       0.00
  clock network delay (ideal)                                     0.00       0.00
  u_exact_mul/U_fp_mult/clk_r_REG119_S4/CP (DFQD1)                0.00       0.00 r
  library hold time                                               0.02       0.02
  data required time                                                         0.02
  ----------------------------------------------------------------------------------
  data required time                                                         0.02
  data arrival time                                                         -0.15
  ----------------------------------------------------------------------------------
  slack (MET)                                                                0.13


  Startpoint: u_exact_mul/U_fp_mult/mult_x_13/clk_r_REG136_S3
              (rising edge-triggered flip-flop clocked by clk)
  Endpoint: u_exact_mul/U_fp_mult/clk_r_REG121_S4
            (rising edge-triggered flip-flop clocked by clk)
  Path Group: clk
  Path Type: min

  Des/Clust/Port     Wire Load Model       Library
  ------------------------------------------------
  exact_fp32_mul_7stage ZeroWireload       tcbn65gplustc_ccs
  exact_fp32_mul_7stage_DW_lp_piped_fp_mult_J1_0 ZeroWireload tcbn65gplustc_ccs

  Point                                                           Incr       Path
  ----------------------------------------------------------------------------------
  clock clk (rise edge)                                           0.00       0.00
  clock network delay (ideal)                                     0.00       0.00
  u_exact_mul/U_fp_mult/mult_x_13/clk_r_REG136_S3/CP (DFQD1)      0.00       0.00 r
  u_exact_mul/U_fp_mult/mult_x_13/clk_r_REG136_S3/Q (DFQD1)       0.08       0.08 r
  u_exact_mul/U901/S (FA1D0)                                      0.07       0.15 f
  u_exact_mul/U_fp_mult/clk_r_REG121_S4/D (DFQD1)                 0.00       0.15 f
  data arrival time                                                          0.15

  clock clk (rise edge)                                           0.00       0.00
  clock network delay (ideal)                                     0.00       0.00
  u_exact_mul/U_fp_mult/clk_r_REG121_S4/CP (DFQD1)                0.00       0.00 r
  library hold time                                               0.02       0.02
  data required time                                                         0.02
  ----------------------------------------------------------------------------------
  data required time                                                         0.02
  data arrival time                                                         -0.15
  ----------------------------------------------------------------------------------
  slack (MET)                                                                0.13


  Startpoint: u_exact_mul/U_fp_mult/mult_x_13/clk_r_REG266_S2
              (rising edge-triggered flip-flop clocked by clk)
  Endpoint: u_exact_mul/U_fp_mult/mult_x_13/clk_r_REG252_S3
            (rising edge-triggered flip-flop clocked by clk)
  Path Group: clk
  Path Type: min

  Des/Clust/Port     Wire Load Model       Library
  ------------------------------------------------
  exact_fp32_mul_7stage ZeroWireload       tcbn65gplustc_ccs
  exact_fp32_mul_7stage_DW_lp_piped_fp_mult_J1_0 ZeroWireload tcbn65gplustc_ccs

  Point                                                           Incr       Path
  ----------------------------------------------------------------------------------
  clock clk (rise edge)                                           0.00       0.00
  clock network delay (ideal)                                     0.00       0.00
  u_exact_mul/U_fp_mult/mult_x_13/clk_r_REG266_S2/CP (DFQD1)      0.00       0.00 r
  u_exact_mul/U_fp_mult/mult_x_13/clk_r_REG266_S2/Q (DFQD1)       0.09       0.09 r
  u_exact_mul/U185/ZN (AOI22D0)                                   0.03       0.11 f
  u_exact_mul/U1074/ZN (OAI211D1)                                 0.02       0.14 r
  u_exact_mul/U1075/ZN (MUX2ND0)                                  0.02       0.15 f
  u_exact_mul/U_fp_mult/mult_x_13/clk_r_REG252_S3/D (DFQD1)       0.00       0.15 f
  data arrival time                                                          0.15

  clock clk (rise edge)                                           0.00       0.00
  clock network delay (ideal)                                     0.00       0.00
  u_exact_mul/U_fp_mult/mult_x_13/clk_r_REG252_S3/CP (DFQD1)      0.00       0.00 r
  library hold time                                               0.02       0.02
  data required time                                                         0.02
  ----------------------------------------------------------------------------------
  data required time                                                         0.02
  data arrival time                                                         -0.15
  ----------------------------------------------------------------------------------
  slack (MET)                                                                0.13


  Startpoint: u_exact_mul/U_fp_mult/mult_x_13/clk_r_REG233_S2
              (rising edge-triggered flip-flop clocked by clk)
  Endpoint: u_exact_mul/U_fp_mult/mult_x_13/U230/clk_r_REG235_S3
            (rising edge-triggered flip-flop clocked by clk)
  Path Group: clk
  Path Type: min

  Des/Clust/Port     Wire Load Model       Library
  ------------------------------------------------
  exact_fp32_mul_7stage ZeroWireload       tcbn65gplustc_ccs
  exact_fp32_mul_7stage_DW_lp_piped_fp_mult_J1_0 ZeroWireload tcbn65gplustc_ccs

  Point                                                               Incr       Path
  --------------------------------------------------------------------------------------
  clock clk (rise edge)                                               0.00       0.00
  clock network delay (ideal)                                         0.00       0.00
  u_exact_mul/U_fp_mult/mult_x_13/clk_r_REG233_S2/CP (DFQD1)          0.00       0.00 r
  u_exact_mul/U_fp_mult/mult_x_13/clk_r_REG233_S2/Q (DFQD1)           0.09       0.09 r
  u_exact_mul/U935/Z (BUFFD1)                                         0.04       0.13 r
  u_exact_mul/U1339/ZN (MUX2ND0)                                      0.03       0.16 f
  u_exact_mul/U_fp_mult/mult_x_13/U230/clk_r_REG235_S3/D (DFQD1)      0.00       0.16 f
  data arrival time                                                              0.16

  clock clk (rise edge)                                               0.00       0.00
  clock network delay (ideal)                                         0.00       0.00
  u_exact_mul/U_fp_mult/mult_x_13/U230/clk_r_REG235_S3/CP (DFQD1)     0.00       0.00 r
  library hold time                                                   0.02       0.02
  data required time                                                             0.02
  --------------------------------------------------------------------------------------
  data required time                                                             0.02
  data arrival time                                                             -0.16
  --------------------------------------------------------------------------------------
  slack (MET)                                                                    0.13


  Startpoint: u_exact_mul/U_AIN_PL_REG/in_reg_a_reg[9]
              (rising edge-triggered flip-flop clocked by clk)
  Endpoint: u_exact_mul/U_fp_mult/mult_x_13/clk_r_REG280_S2
            (rising edge-triggered flip-flop clocked by clk)
  Path Group: clk
  Path Type: min

  Des/Clust/Port     Wire Load Model       Library
  ------------------------------------------------
  exact_fp32_mul_7stage ZeroWireload       tcbn65gplustc_ccs
  exact_fp32_mul_7stage_DW_lp_piped_fp_mult_J1_0 ZeroWireload tcbn65gplustc_ccs

  Point                                                          Incr       Path
  ---------------------------------------------------------------------------------
  clock clk (rise edge)                                          0.00       0.00
  clock network delay (ideal)                                    0.00       0.00
  u_exact_mul/U_AIN_PL_REG/in_reg_a_reg[9]/CP (DFQD1)            0.00       0.00 r
  u_exact_mul/U_AIN_PL_REG/in_reg_a_reg[9]/Q (DFQD1)             0.09       0.09 r
  u_exact_mul/U1061/CO (FA1D0)                                   0.05       0.14 r
  u_exact_mul/U_fp_mult/mult_x_13/clk_r_REG280_S2/D (DFQD1)      0.00       0.14 r
  data arrival time                                                         0.14

  clock clk (rise edge)                                          0.00       0.00
  clock network delay (ideal)                                    0.00       0.00
  u_exact_mul/U_fp_mult/mult_x_13/clk_r_REG280_S2/CP (DFQD1)     0.00       0.00 r
  library hold time                                              0.01       0.01
  data required time                                                        0.01
  ---------------------------------------------------------------------------------
  data required time                                                        0.01
  data arrival time                                                        -0.14
  ---------------------------------------------------------------------------------
  slack (MET)                                                               0.13


  Startpoint: u_exact_mul/U_fp_mult/mult_x_13/clk_r_REG208_S2
              (rising edge-triggered flip-flop clocked by clk)
  Endpoint: u_exact_mul/U_fp_mult/mult_x_13/U211/clk_r_REG209_S3
            (rising edge-triggered flip-flop clocked by clk)
  Path Group: clk
  Path Type: min

  Des/Clust/Port     Wire Load Model       Library
  ------------------------------------------------
  exact_fp32_mul_7stage ZeroWireload       tcbn65gplustc_ccs
  exact_fp32_mul_7stage_DW_lp_piped_fp_mult_J1_0 ZeroWireload tcbn65gplustc_ccs

  Point                                                               Incr       Path
  --------------------------------------------------------------------------------------
  clock clk (rise edge)                                               0.00       0.00
  clock network delay (ideal)                                         0.00       0.00
  u_exact_mul/U_fp_mult/mult_x_13/clk_r_REG208_S2/CP (DFQD1)          0.00       0.00 r
  u_exact_mul/U_fp_mult/mult_x_13/clk_r_REG208_S2/Q (DFQD1)           0.09       0.09 r
  u_exact_mul/U927/Z (BUFFD1)                                         0.04       0.13 r
  u_exact_mul/U1226/ZN (MUX2ND0)                                      0.03       0.16 f
  u_exact_mul/U_fp_mult/mult_x_13/U211/clk_r_REG209_S3/D (DFQD1)      0.00       0.16 f
  data arrival time                                                              0.16

  clock clk (rise edge)                                               0.00       0.00
  clock network delay (ideal)                                         0.00       0.00
  u_exact_mul/U_fp_mult/mult_x_13/U211/clk_r_REG209_S3/CP (DFQD1)     0.00       0.00 r
  library hold time                                                   0.02       0.02
  data required time                                                             0.02
  --------------------------------------------------------------------------------------
  data required time                                                             0.02
  data arrival time                                                             -0.16
  --------------------------------------------------------------------------------------
  slack (MET)                                                                    0.13


  Startpoint: u_exact_mul/U_fp_mult/mult_x_13/clk_r_REG220_S2
              (rising edge-triggered flip-flop clocked by clk)
  Endpoint: u_exact_mul/U_fp_mult/mult_x_13/U218/clk_r_REG222_S3
            (rising edge-triggered flip-flop clocked by clk)
  Path Group: clk
  Path Type: min

  Des/Clust/Port     Wire Load Model       Library
  ------------------------------------------------
  exact_fp32_mul_7stage ZeroWireload       tcbn65gplustc_ccs
  exact_fp32_mul_7stage_DW_lp_piped_fp_mult_J1_0 ZeroWireload tcbn65gplustc_ccs

  Point                                                               Incr       Path
  --------------------------------------------------------------------------------------
  clock clk (rise edge)                                               0.00       0.00
  clock network delay (ideal)                                         0.00       0.00
  u_exact_mul/U_fp_mult/mult_x_13/clk_r_REG220_S2/CP (DFQD1)          0.00       0.00 r
  u_exact_mul/U_fp_mult/mult_x_13/clk_r_REG220_S2/Q (DFQD1)           0.09       0.09 r
  u_exact_mul/U1041/Z (BUFFD1)                                        0.04       0.13 r
  u_exact_mul/U1280/ZN (MUX2ND0)                                      0.03       0.16 f
  u_exact_mul/U_fp_mult/mult_x_13/U218/clk_r_REG222_S3/D (DFQD1)      0.00       0.16 f
  data arrival time                                                              0.16

  clock clk (rise edge)                                               0.00       0.00
  clock network delay (ideal)                                         0.00       0.00
  u_exact_mul/U_fp_mult/mult_x_13/U218/clk_r_REG222_S3/CP (DFQD1)     0.00       0.00 r
  library hold time                                                   0.02       0.02
  data required time                                                             0.02
  --------------------------------------------------------------------------------------
  data required time                                                             0.02
  data arrival time                                                             -0.16
  --------------------------------------------------------------------------------------
  slack (MET)                                                                    0.13


  Startpoint: u_exact_mul/U_fp_mult/clk_r_REG96_S4
              (rising edge-triggered flip-flop clocked by clk)
  Endpoint: u_exact_mul/clk_r_REG17_S5
            (rising edge-triggered flip-flop clocked by clk)
  Path Group: clk
  Path Type: min

  Des/Clust/Port     Wire Load Model       Library
  ------------------------------------------------
  exact_fp32_mul_7stage ZeroWireload       tcbn65gplustc_ccs
  exact_fp32_mul_7stage_DW_lp_piped_fp_mult_J1_0 ZeroWireload tcbn65gplustc_ccs

  Point                                                Incr       Path
  -----------------------------------------------------------------------
  clock clk (rise edge)                                0.00       0.00
  clock network delay (ideal)                          0.00       0.00
  u_exact_mul/U_fp_mult/clk_r_REG96_S4/CP (DFQD1)      0.00       0.00 r
  u_exact_mul/U_fp_mult/clk_r_REG96_S4/Q (DFQD1)       0.10       0.10 f
  u_exact_mul/U1628/ZN (CKND2D0)                       0.02       0.12 r
  u_exact_mul/U220/ZN (AOI32D0)                        0.03       0.16 f
  u_exact_mul/clk_r_REG17_S5/D (DFQD1)                 0.00       0.16 f
  data arrival time                                               0.16

  clock clk (rise edge)                                0.00       0.00
  clock network delay (ideal)                          0.00       0.00
  u_exact_mul/clk_r_REG17_S5/CP (DFQD1)                0.00       0.00 r
  library hold time                                    0.02       0.02
  data required time                                              0.02
  -----------------------------------------------------------------------
  data required time                                              0.02
  data arrival time                                              -0.16
  -----------------------------------------------------------------------
  slack (MET)                                                     0.14


  Startpoint: u_exact_mul/U_fp_mult/clk_r_REG93_S4
              (rising edge-triggered flip-flop clocked by clk)
  Endpoint: u_exact_mul/clk_r_REG15_S5
            (rising edge-triggered flip-flop clocked by clk)
  Path Group: clk
  Path Type: min

  Des/Clust/Port     Wire Load Model       Library
  ------------------------------------------------
  exact_fp32_mul_7stage ZeroWireload       tcbn65gplustc_ccs
  exact_fp32_mul_7stage_DW_lp_piped_fp_mult_J1_0 ZeroWireload tcbn65gplustc_ccs

  Point                                                Incr       Path
  -----------------------------------------------------------------------
  clock clk (rise edge)                                0.00       0.00
  clock network delay (ideal)                          0.00       0.00
  u_exact_mul/U_fp_mult/clk_r_REG93_S4/CP (DFQD1)      0.00       0.00 r
  u_exact_mul/U_fp_mult/clk_r_REG93_S4/Q (DFQD1)       0.10       0.10 f
  u_exact_mul/U1616/ZN (CKND2D0)                       0.02       0.12 r
  u_exact_mul/U223/ZN (AOI32D0)                        0.03       0.16 f
  u_exact_mul/clk_r_REG15_S5/D (DFQD1)                 0.00       0.16 f
  data arrival time                                               0.16

  clock clk (rise edge)                                0.00       0.00
  clock network delay (ideal)                          0.00       0.00
  u_exact_mul/clk_r_REG15_S5/CP (DFQD1)                0.00       0.00 r
  library hold time                                    0.02       0.02
  data required time                                              0.02
  -----------------------------------------------------------------------
  data required time                                              0.02
  data arrival time                                              -0.16
  -----------------------------------------------------------------------
  slack (MET)                                                     0.14


  Startpoint: u_exact_mul/U_fp_mult/clk_r_REG99_S4
              (rising edge-triggered flip-flop clocked by clk)
  Endpoint: u_exact_mul/clk_r_REG19_S5
            (rising edge-triggered flip-flop clocked by clk)
  Path Group: clk
  Path Type: min

  Des/Clust/Port     Wire Load Model       Library
  ------------------------------------------------
  exact_fp32_mul_7stage ZeroWireload       tcbn65gplustc_ccs
  exact_fp32_mul_7stage_DW_lp_piped_fp_mult_J1_0 ZeroWireload tcbn65gplustc_ccs

  Point                                                Incr       Path
  -----------------------------------------------------------------------
  clock clk (rise edge)                                0.00       0.00
  clock network delay (ideal)                          0.00       0.00
  u_exact_mul/U_fp_mult/clk_r_REG99_S4/CP (DFQD1)      0.00       0.00 r
  u_exact_mul/U_fp_mult/clk_r_REG99_S4/Q (DFQD1)       0.10       0.10 f
  u_exact_mul/U1619/ZN (CKND2D0)                       0.02       0.13 r
  u_exact_mul/U219/ZN (AOI32D0)                        0.03       0.16 f
  u_exact_mul/clk_r_REG19_S5/D (DFQD1)                 0.00       0.16 f
  data arrival time                                               0.16

  clock clk (rise edge)                                0.00       0.00
  clock network delay (ideal)                          0.00       0.00
  u_exact_mul/clk_r_REG19_S5/CP (DFQD1)                0.00       0.00 r
  library hold time                                    0.02       0.02
  data required time                                              0.02
  -----------------------------------------------------------------------
  data required time                                              0.02
  data arrival time                                              -0.16
  -----------------------------------------------------------------------
  slack (MET)                                                     0.14


  Startpoint: u_exact_mul/U_fp_mult/clk_r_REG102_S4
              (rising edge-triggered flip-flop clocked by clk)
  Endpoint: u_exact_mul/clk_r_REG21_S5
            (rising edge-triggered flip-flop clocked by clk)
  Path Group: clk
  Path Type: min

  Des/Clust/Port     Wire Load Model       Library
  ------------------------------------------------
  exact_fp32_mul_7stage ZeroWireload       tcbn65gplustc_ccs
  exact_fp32_mul_7stage_DW_lp_piped_fp_mult_J1_0 ZeroWireload tcbn65gplustc_ccs

  Point                                                 Incr       Path
  ------------------------------------------------------------------------
  clock clk (rise edge)                                 0.00       0.00
  clock network delay (ideal)                           0.00       0.00
  u_exact_mul/U_fp_mult/clk_r_REG102_S4/CP (DFQD1)      0.00       0.00 r
  u_exact_mul/U_fp_mult/clk_r_REG102_S4/Q (DFQD1)       0.10       0.10 f
  u_exact_mul/U1625/ZN (CKND2D0)                        0.02       0.13 r
  u_exact_mul/U221/ZN (AOI32D0)                         0.03       0.16 f
  u_exact_mul/clk_r_REG21_S5/D (DFQD1)                  0.00       0.16 f
  data arrival time                                                0.16

  clock clk (rise edge)                                 0.00       0.00
  clock network delay (ideal)                           0.00       0.00
  u_exact_mul/clk_r_REG21_S5/CP (DFQD1)                 0.00       0.00 r
  library hold time                                     0.02       0.02
  data required time                                               0.02
  ------------------------------------------------------------------------
  data required time                                               0.02
  data arrival time                                               -0.16
  ------------------------------------------------------------------------
  slack (MET)                                                      0.14


  Startpoint: u_exact_mul/U_fp_mult/mult_x_13/clk_r_REG233_S2
              (rising edge-triggered flip-flop clocked by clk)
  Endpoint: u_exact_mul/U_fp_mult/mult_x_13/U226/clk_r_REG245_S3
            (rising edge-triggered flip-flop clocked by clk)
  Path Group: clk
  Path Type: min

  Des/Clust/Port     Wire Load Model       Library
  ------------------------------------------------
  exact_fp32_mul_7stage ZeroWireload       tcbn65gplustc_ccs
  exact_fp32_mul_7stage_DW_lp_piped_fp_mult_J1_0 ZeroWireload tcbn65gplustc_ccs

  Point                                                               Incr       Path
  --------------------------------------------------------------------------------------
  clock clk (rise edge)                                               0.00       0.00
  clock network delay (ideal)                                         0.00       0.00
  u_exact_mul/U_fp_mult/mult_x_13/clk_r_REG233_S2/CP (DFQD1)          0.00       0.00 r
  u_exact_mul/U_fp_mult/mult_x_13/clk_r_REG233_S2/Q (DFQD1)           0.09       0.09 r
  u_exact_mul/U670/Z (BUFFD1)                                         0.05       0.14 r
  u_exact_mul/U1334/ZN (MUX2ND0)                                      0.02       0.16 f
  u_exact_mul/U_fp_mult/mult_x_13/U226/clk_r_REG245_S3/D (DFQD1)      0.00       0.16 f
  data arrival time                                                              0.16

  clock clk (rise edge)                                               0.00       0.00
  clock network delay (ideal)                                         0.00       0.00
  u_exact_mul/U_fp_mult/mult_x_13/U226/clk_r_REG245_S3/CP (DFQD1)     0.00       0.00 r
  library hold time                                                   0.02       0.02
  data required time                                                             0.02
  --------------------------------------------------------------------------------------
  data required time                                                             0.02
  data arrival time                                                             -0.16
  --------------------------------------------------------------------------------------
  slack (MET)                                                                    0.14


  Startpoint: u_exact_mul/U_fp_mult/clk_r_REG87_S4
              (rising edge-triggered flip-flop clocked by clk)
  Endpoint: u_exact_mul/clk_r_REG11_S5
            (rising edge-triggered flip-flop clocked by clk)
  Path Group: clk
  Path Type: min

  Des/Clust/Port     Wire Load Model       Library
  ------------------------------------------------
  exact_fp32_mul_7stage ZeroWireload       tcbn65gplustc_ccs
  exact_fp32_mul_7stage_DW_lp_piped_fp_mult_J1_0 ZeroWireload tcbn65gplustc_ccs

  Point                                                Incr       Path
  -----------------------------------------------------------------------
  clock clk (rise edge)                                0.00       0.00
  clock network delay (ideal)                          0.00       0.00
  u_exact_mul/U_fp_mult/clk_r_REG87_S4/CP (DFQD1)      0.00       0.00 r
  u_exact_mul/U_fp_mult/clk_r_REG87_S4/Q (DFQD1)       0.10       0.10 f
  u_exact_mul/U1613/ZN (CKND2D0)                       0.02       0.13 r
  u_exact_mul/U222/ZN (AOI32D0)                        0.03       0.16 f
  u_exact_mul/clk_r_REG11_S5/D (DFQD1)                 0.00       0.16 f
  data arrival time                                               0.16

  clock clk (rise edge)                                0.00       0.00
  clock network delay (ideal)                          0.00       0.00
  u_exact_mul/clk_r_REG11_S5/CP (DFQD1)                0.00       0.00 r
  library hold time                                    0.02       0.02
  data required time                                              0.02
  -----------------------------------------------------------------------
  data required time                                              0.02
  data arrival time                                              -0.16
  -----------------------------------------------------------------------
  slack (MET)                                                     0.14


  Startpoint: u_exact_mul/U_AIN_PL_REG/in_reg_a_reg[9]
              (rising edge-triggered flip-flop clocked by clk)
  Endpoint: u_exact_mul/U_fp_mult/mult_x_13/clk_r_REG281_S2
            (rising edge-triggered flip-flop clocked by clk)
  Path Group: clk
  Path Type: min

  Des/Clust/Port     Wire Load Model       Library
  ------------------------------------------------
  exact_fp32_mul_7stage ZeroWireload       tcbn65gplustc_ccs
  exact_fp32_mul_7stage_DW_lp_piped_fp_mult_J1_0 ZeroWireload tcbn65gplustc_ccs

  Point                                                          Incr       Path
  ---------------------------------------------------------------------------------
  clock clk (rise edge)                                          0.00       0.00
  clock network delay (ideal)                                    0.00       0.00
  u_exact_mul/U_AIN_PL_REG/in_reg_a_reg[9]/CP (DFQD1)            0.00       0.00 r
  u_exact_mul/U_AIN_PL_REG/in_reg_a_reg[9]/Q (DFQD1)             0.09       0.09 r
  u_exact_mul/U1061/S (FA1D0)                                    0.07       0.16 f
  u_exact_mul/U_fp_mult/mult_x_13/clk_r_REG281_S2/D (DFQD1)      0.00       0.16 f
  data arrival time                                                         0.16

  clock clk (rise edge)                                          0.00       0.00
  clock network delay (ideal)                                    0.00       0.00
  u_exact_mul/U_fp_mult/mult_x_13/clk_r_REG281_S2/CP (DFQD1)     0.00       0.00 r
  library hold time                                              0.02       0.02
  data required time                                                        0.02
  ---------------------------------------------------------------------------------
  data required time                                                        0.02
  data arrival time                                                        -0.16
  ---------------------------------------------------------------------------------
  slack (MET)                                                               0.14


  Startpoint: u_exact_mul/U_fp_mult/clk_r_REG90_S4
              (rising edge-triggered flip-flop clocked by clk)
  Endpoint: u_exact_mul/clk_r_REG13_S5
            (rising edge-triggered flip-flop clocked by clk)
  Path Group: clk
  Path Type: min

  Des/Clust/Port     Wire Load Model       Library
  ------------------------------------------------
  exact_fp32_mul_7stage ZeroWireload       tcbn65gplustc_ccs
  exact_fp32_mul_7stage_DW_lp_piped_fp_mult_J1_0 ZeroWireload tcbn65gplustc_ccs

  Point                                                Incr       Path
  -----------------------------------------------------------------------
  clock clk (rise edge)                                0.00       0.00
  clock network delay (ideal)                          0.00       0.00
  u_exact_mul/U_fp_mult/clk_r_REG90_S4/CP (DFQD1)      0.00       0.00 r
  u_exact_mul/U_fp_mult/clk_r_REG90_S4/Q (DFQD1)       0.10       0.10 f
  u_exact_mul/U1622/ZN (CKND2D0)                       0.02       0.13 r
  u_exact_mul/U225/ZN (AOI32D0)                        0.03       0.16 f
  u_exact_mul/clk_r_REG13_S5/D (DFQD1)                 0.00       0.16 f
  data arrival time                                               0.16

  clock clk (rise edge)                                0.00       0.00
  clock network delay (ideal)                          0.00       0.00
  u_exact_mul/clk_r_REG13_S5/CP (DFQD1)                0.00       0.00 r
  library hold time                                    0.02       0.02
  data required time                                              0.02
  -----------------------------------------------------------------------
  data required time                                              0.02
  data arrival time                                              -0.16
  -----------------------------------------------------------------------
  slack (MET)                                                     0.14


  Startpoint: u_exact_mul/U_fp_mult/mult_x_13/clk_r_REG268_S2
              (rising edge-triggered flip-flop clocked by clk)
  Endpoint: u_exact_mul/U_fp_mult/mult_x_13/clk_r_REG256_S3
            (rising edge-triggered flip-flop clocked by clk)
  Path Group: clk
  Path Type: min

  Des/Clust/Port     Wire Load Model       Library
  ------------------------------------------------
  exact_fp32_mul_7stage ZeroWireload       tcbn65gplustc_ccs
  exact_fp32_mul_7stage_DW_lp_piped_fp_mult_J1_0 ZeroWireload tcbn65gplustc_ccs

  Point                                                           Incr       Path
  ----------------------------------------------------------------------------------
  clock clk (rise edge)                                           0.00       0.00
  clock network delay (ideal)                                     0.00       0.00
  u_exact_mul/U_fp_mult/mult_x_13/clk_r_REG268_S2/CP (DFQD1)      0.00       0.00 r
  u_exact_mul/U_fp_mult/mult_x_13/clk_r_REG268_S2/Q (DFQD1)       0.09       0.09 r
  u_exact_mul/U212/ZN (AOI22D0)                                   0.02       0.11 f
  u_exact_mul/U195/ZN (OAI211D0)                                  0.03       0.14 r
  u_exact_mul/U1080/ZN (MUX2ND0)                                  0.02       0.16 f
  u_exact_mul/U_fp_mult/mult_x_13/clk_r_REG256_S3/D (DFQD1)       0.00       0.16 f
  data arrival time                                                          0.16

  clock clk (rise edge)                                           0.00       0.00
  clock network delay (ideal)                                     0.00       0.00
  u_exact_mul/U_fp_mult/mult_x_13/clk_r_REG256_S3/CP (DFQD1)      0.00       0.00 r
  library hold time                                               0.02       0.02
  data required time                                                         0.02
  ----------------------------------------------------------------------------------
  data required time                                                         0.02
  data arrival time                                                         -0.16
  ----------------------------------------------------------------------------------
  slack (MET)                                                                0.14


  Startpoint: u_exact_mul/U_fp_mult/mult_x_13/clk_r_REG269_S2
              (rising edge-triggered flip-flop clocked by clk)
  Endpoint: u_exact_mul/U_fp_mult/mult_x_13/clk_r_REG250_S3
            (rising edge-triggered flip-flop clocked by clk)
  Path Group: clk
  Path Type: min

  Des/Clust/Port     Wire Load Model       Library
  ------------------------------------------------
  exact_fp32_mul_7stage ZeroWireload       tcbn65gplustc_ccs
  exact_fp32_mul_7stage_DW_lp_piped_fp_mult_J1_0 ZeroWireload tcbn65gplustc_ccs

  Point                                                           Incr       Path
  ----------------------------------------------------------------------------------
  clock clk (rise edge)                                           0.00       0.00
  clock network delay (ideal)                                     0.00       0.00
  u_exact_mul/U_fp_mult/mult_x_13/clk_r_REG269_S2/CP (DFQD1)      0.00       0.00 r
  u_exact_mul/U_fp_mult/mult_x_13/clk_r_REG269_S2/Q (DFQD1)       0.09       0.09 r
  u_exact_mul/U218/ZN (AOI22D0)                                   0.02       0.11 f
  u_exact_mul/U215/ZN (OAI211D0)                                  0.03       0.14 r
  u_exact_mul/U1083/ZN (MUX2ND0)                                  0.02       0.16 f
  u_exact_mul/U_fp_mult/mult_x_13/clk_r_REG250_S3/D (DFQD1)       0.00       0.16 f
  data arrival time                                                          0.16

  clock clk (rise edge)                                           0.00       0.00
  clock network delay (ideal)                                     0.00       0.00
  u_exact_mul/U_fp_mult/mult_x_13/clk_r_REG250_S3/CP (DFQD1)      0.00       0.00 r
  library hold time                                               0.02       0.02
  data required time                                                         0.02
  ----------------------------------------------------------------------------------
  data required time                                                         0.02
  data arrival time                                                         -0.16
  ----------------------------------------------------------------------------------
  slack (MET)                                                                0.14


  Startpoint: u_exact_mul/U_fp_mult/clk_r_REG72_S4
              (rising edge-triggered flip-flop clocked by clk)
  Endpoint: u_exact_mul/clk_r_REG23_S5
            (rising edge-triggered flip-flop clocked by clk)
  Path Group: clk
  Path Type: min

  Des/Clust/Port     Wire Load Model       Library
  ------------------------------------------------
  exact_fp32_mul_7stage ZeroWireload       tcbn65gplustc_ccs
  exact_fp32_mul_7stage_DW_lp_piped_fp_mult_J1_0 ZeroWireload tcbn65gplustc_ccs

  Point                                                Incr       Path
  -----------------------------------------------------------------------
  clock clk (rise edge)                                0.00       0.00
  clock network delay (ideal)                          0.00       0.00
  u_exact_mul/U_fp_mult/clk_r_REG72_S4/CP (DFQD1)      0.00       0.00 r
  u_exact_mul/U_fp_mult/clk_r_REG72_S4/Q (DFQD1)       0.09       0.09 r
  u_exact_mul/U1575/ZN (OAI22D0)                       0.02       0.11 f
  u_exact_mul/U1579/ZN (MUX2ND0)                       0.03       0.14 r
  u_exact_mul/clk_r_REG23_S5/D (DFQD1)                 0.00       0.14 r
  data arrival time                                               0.14

  clock clk (rise edge)                                0.00       0.00
  clock network delay (ideal)                          0.00       0.00
  u_exact_mul/clk_r_REG23_S5/CP (DFQD1)                0.00       0.00 r
  library hold time                                    0.00       0.00
  data required time                                              0.00
  -----------------------------------------------------------------------
  data required time                                              0.00
  data arrival time                                              -0.14
  -----------------------------------------------------------------------
  slack (MET)                                                     0.14


  Startpoint: u_exact_mul/U_fp_mult/mult_x_13/clk_r_REG257_S3
              (rising edge-triggered flip-flop clocked by clk)
  Endpoint: u_exact_mul/U_fp_mult/clk_r_REG108_S4
            (rising edge-triggered flip-flop clocked by clk)
  Path Group: clk
  Path Type: min

  Des/Clust/Port     Wire Load Model       Library
  ------------------------------------------------
  exact_fp32_mul_7stage ZeroWireload       tcbn65gplustc_ccs
  exact_fp32_mul_7stage_DW_lp_piped_fp_mult_J1_0 ZeroWireload tcbn65gplustc_ccs

  Point                                                           Incr       Path
  ----------------------------------------------------------------------------------
  clock clk (rise edge)                                           0.00       0.00
  clock network delay (ideal)                                     0.00       0.00
  u_exact_mul/U_fp_mult/mult_x_13/clk_r_REG257_S3/CP (DFQD1)      0.00       0.00 r
  u_exact_mul/U_fp_mult/mult_x_13/clk_r_REG257_S3/Q (DFQD1)       0.08       0.08 r
  u_exact_mul/U902/S (FA1D0)                                      0.08       0.16 f
  u_exact_mul/U_fp_mult/clk_r_REG108_S4/D (DFQD1)                 0.00       0.16 f
  data arrival time                                                          0.16

  clock clk (rise edge)                                           0.00       0.00
  clock network delay (ideal)                                     0.00       0.00
  u_exact_mul/U_fp_mult/clk_r_REG108_S4/CP (DFQD1)                0.00       0.00 r
  library hold time                                               0.02       0.02
  data required time                                                         0.02
  ----------------------------------------------------------------------------------
  data required time                                                         0.02
  data arrival time                                                         -0.16
  ----------------------------------------------------------------------------------
  slack (MET)                                                                0.14


  Startpoint: u_exact_mul/U_fp_mult/mult_x_13/clk_r_REG253_S3
              (rising edge-triggered flip-flop clocked by clk)
  Endpoint: u_exact_mul/U_fp_mult/clk_r_REG109_S4
            (rising edge-triggered flip-flop clocked by clk)
  Path Group: clk
  Path Type: min

  Des/Clust/Port     Wire Load Model       Library
  ------------------------------------------------
  exact_fp32_mul_7stage ZeroWireload       tcbn65gplustc_ccs
  exact_fp32_mul_7stage_DW_lp_piped_fp_mult_J1_0 ZeroWireload tcbn65gplustc_ccs

  Point                                                           Incr       Path
  ----------------------------------------------------------------------------------
  clock clk (rise edge)                                           0.00       0.00
  clock network delay (ideal)                                     0.00       0.00
  u_exact_mul/U_fp_mult/mult_x_13/clk_r_REG253_S3/CP (DFQD1)      0.00       0.00 r
  u_exact_mul/U_fp_mult/mult_x_13/clk_r_REG253_S3/Q (DFQD1)       0.08       0.08 r
  u_exact_mul/U1565/S (FA1D0)                                     0.08       0.16 f
  u_exact_mul/U_fp_mult/clk_r_REG109_S4/D (DFQD1)                 0.00       0.16 f
  data arrival time                                                          0.16

  clock clk (rise edge)                                           0.00       0.00
  clock network delay (ideal)                                     0.00       0.00
  u_exact_mul/U_fp_mult/clk_r_REG109_S4/CP (DFQD1)                0.00       0.00 r
  library hold time                                               0.02       0.02
  data required time                                                         0.02
  ----------------------------------------------------------------------------------
  data required time                                                         0.02
  data arrival time                                                         -0.16
  ----------------------------------------------------------------------------------
  slack (MET)                                                                0.14


  Startpoint: u_exact_mul/U_fp_mult/mult_x_13/clk_r_REG133_S3
              (rising edge-triggered flip-flop clocked by clk)
  Endpoint: u_exact_mul/U_fp_mult/clk_r_REG118_S4
            (rising edge-triggered flip-flop clocked by clk)
  Path Group: clk
  Path Type: min

  Des/Clust/Port     Wire Load Model       Library
  ------------------------------------------------
  exact_fp32_mul_7stage ZeroWireload       tcbn65gplustc_ccs
  exact_fp32_mul_7stage_DW_lp_piped_fp_mult_J1_0 ZeroWireload tcbn65gplustc_ccs

  Point                                                           Incr       Path
  ----------------------------------------------------------------------------------
  clock clk (rise edge)                                           0.00       0.00
  clock network delay (ideal)                                     0.00       0.00
  u_exact_mul/U_fp_mult/mult_x_13/clk_r_REG133_S3/CP (DFQD1)      0.00       0.00 r
  u_exact_mul/U_fp_mult/mult_x_13/clk_r_REG133_S3/Q (DFQD1)       0.08       0.08 r
  u_exact_mul/U1559/S (FA1D0)                                     0.08       0.16 f
  u_exact_mul/U_fp_mult/clk_r_REG118_S4/D (DFQD1)                 0.00       0.16 f
  data arrival time                                                          0.16

  clock clk (rise edge)                                           0.00       0.00
  clock network delay (ideal)                                     0.00       0.00
  u_exact_mul/U_fp_mult/clk_r_REG118_S4/CP (DFQD1)                0.00       0.00 r
  library hold time                                               0.02       0.02
  data required time                                                         0.02
  ----------------------------------------------------------------------------------
  data required time                                                         0.02
  data arrival time                                                         -0.16
  ----------------------------------------------------------------------------------
  slack (MET)                                                                0.14


  Startpoint: u_exact_mul/U_fp_mult/mult_x_13/clk_r_REG220_S2
              (rising edge-triggered flip-flop clocked by clk)
  Endpoint: u_exact_mul/U_fp_mult/mult_x_13/U222/clk_r_REG221_S3
            (rising edge-triggered flip-flop clocked by clk)
  Path Group: clk
  Path Type: min

  Des/Clust/Port     Wire Load Model       Library
  ------------------------------------------------
  exact_fp32_mul_7stage ZeroWireload       tcbn65gplustc_ccs
  exact_fp32_mul_7stage_DW_lp_piped_fp_mult_J1_0 ZeroWireload tcbn65gplustc_ccs

  Point                                                               Incr       Path
  --------------------------------------------------------------------------------------
  clock clk (rise edge)                                               0.00       0.00
  clock network delay (ideal)                                         0.00       0.00
  u_exact_mul/U_fp_mult/mult_x_13/clk_r_REG220_S2/CP (DFQD1)          0.00       0.00 r
  u_exact_mul/U_fp_mult/mult_x_13/clk_r_REG220_S2/Q (DFQD1)           0.10       0.10 f
  u_exact_mul/U1048/ZN (INVD0)                                        0.04       0.14 r
  u_exact_mul/U1282/ZN (MUX2ND0)                                      0.03       0.16 f
  u_exact_mul/U_fp_mult/mult_x_13/U222/clk_r_REG221_S3/D (DFQD1)      0.00       0.16 f
  data arrival time                                                              0.16

  clock clk (rise edge)                                               0.00       0.00
  clock network delay (ideal)                                         0.00       0.00
  u_exact_mul/U_fp_mult/mult_x_13/U222/clk_r_REG221_S3/CP (DFQD1)     0.00       0.00 r
  library hold time                                                   0.02       0.02
  data required time                                                             0.02
  --------------------------------------------------------------------------------------
  data required time                                                             0.02
  data arrival time                                                             -0.16
  --------------------------------------------------------------------------------------
  slack (MET)                                                                    0.14


  Startpoint: u_exact_mul/U_fp_mult/mult_x_13/clk_r_REG267_S2
              (rising edge-triggered flip-flop clocked by clk)
  Endpoint: u_exact_mul/U_fp_mult/mult_x_13/U238/clk_r_REG227_S3
            (rising edge-triggered flip-flop clocked by clk)
  Path Group: clk
  Path Type: min

  Des/Clust/Port     Wire Load Model       Library
  ------------------------------------------------
  exact_fp32_mul_7stage ZeroWireload       tcbn65gplustc_ccs
  exact_fp32_mul_7stage_DW_lp_piped_fp_mult_J1_0 ZeroWireload tcbn65gplustc_ccs

  Point                                                               Incr       Path
  --------------------------------------------------------------------------------------
  clock clk (rise edge)                                               0.00       0.00
  clock network delay (ideal)                                         0.00       0.00
  u_exact_mul/U_fp_mult/mult_x_13/clk_r_REG267_S2/CP (DFQD1)          0.00       0.00 r
  u_exact_mul/U_fp_mult/mult_x_13/clk_r_REG267_S2/Q (DFQD1)           0.09       0.09 r
  u_exact_mul/U1293/ZN (AOI221D0)                                     0.03       0.12 f
  u_exact_mul/U1294/ZN (MUX2ND0)                                      0.04       0.16 f
  u_exact_mul/U_fp_mult/mult_x_13/U238/clk_r_REG227_S3/D (DFQD1)      0.00       0.16 f
  data arrival time                                                              0.16

  clock clk (rise edge)                                               0.00       0.00
  clock network delay (ideal)                                         0.00       0.00
  u_exact_mul/U_fp_mult/mult_x_13/U238/clk_r_REG227_S3/CP (DFQD1)     0.00       0.00 r
  library hold time                                                   0.02       0.02
  data required time                                                             0.02
  --------------------------------------------------------------------------------------
  data required time                                                             0.02
  data arrival time                                                             -0.16
  --------------------------------------------------------------------------------------
  slack (MET)                                                                    0.14


  Startpoint: u_exact_mul/U_fp_mult/mult_x_13/clk_r_REG261_S2
              (rising edge-triggered flip-flop clocked by clk)
  Endpoint: u_exact_mul/U_fp_mult/mult_x_13/clk_r_REG182_S3
            (rising edge-triggered flip-flop clocked by clk)
  Path Group: clk
  Path Type: min

  Des/Clust/Port     Wire Load Model       Library
  ------------------------------------------------
  exact_fp32_mul_7stage ZeroWireload       tcbn65gplustc_ccs
  exact_fp32_mul_7stage_DW_lp_piped_fp_mult_J1_0 ZeroWireload tcbn65gplustc_ccs

  Point                                                           Incr       Path
  ----------------------------------------------------------------------------------
  clock clk (rise edge)                                           0.00       0.00
  clock network delay (ideal)                                     0.00       0.00
  u_exact_mul/U_fp_mult/mult_x_13/clk_r_REG261_S2/CP (DFQD1)      0.00       0.00 r
  u_exact_mul/U_fp_mult/mult_x_13/clk_r_REG261_S2/Q (DFQD1)       0.09       0.09 r
  u_exact_mul/U915/CO (FA1D0)                                     0.05       0.15 r
  u_exact_mul/U_fp_mult/mult_x_13/clk_r_REG182_S3/D (DFQD1)       0.00       0.15 r
  data arrival time                                                          0.15

  clock clk (rise edge)                                           0.00       0.00
  clock network delay (ideal)                                     0.00       0.00
  u_exact_mul/U_fp_mult/mult_x_13/clk_r_REG182_S3/CP (DFQD1)      0.00       0.00 r
  library hold time                                               0.01       0.01
  data required time                                                         0.01
  ----------------------------------------------------------------------------------
  data required time                                                         0.01
  data arrival time                                                         -0.15
  ----------------------------------------------------------------------------------
  slack (MET)                                                                0.14


  Startpoint: u_exact_mul/U_AIN_PL_REG/in_reg_a_reg[6]
              (rising edge-triggered flip-flop clocked by clk)
  Endpoint: u_exact_mul/U_fp_mult/mult_x_13/clk_r_REG287_S2
            (rising edge-triggered flip-flop clocked by clk)
  Path Group: clk
  Path Type: min

  Des/Clust/Port     Wire Load Model       Library
  ------------------------------------------------
  exact_fp32_mul_7stage ZeroWireload       tcbn65gplustc_ccs
  exact_fp32_mul_7stage_DW_lp_piped_fp_mult_J1_0 ZeroWireload tcbn65gplustc_ccs

  Point                                                          Incr       Path
  ---------------------------------------------------------------------------------
  clock clk (rise edge)                                          0.00       0.00
  clock network delay (ideal)                                    0.00       0.00
  u_exact_mul/U_AIN_PL_REG/in_reg_a_reg[6]/CP (DFQD1)            0.00       0.00 r
  u_exact_mul/U_AIN_PL_REG/in_reg_a_reg[6]/Q (DFQD1)             0.09       0.09 r
  u_exact_mul/U1064/S (FA1D0)                                    0.07       0.17 f
  u_exact_mul/U_fp_mult/mult_x_13/clk_r_REG287_S2/D (DFQD1)      0.00       0.17 f
  data arrival time                                                         0.17

  clock clk (rise edge)                                          0.00       0.00
  clock network delay (ideal)                                    0.00       0.00
  u_exact_mul/U_fp_mult/mult_x_13/clk_r_REG287_S2/CP (DFQD1)     0.00       0.00 r
  library hold time                                              0.02       0.02
  data required time                                                        0.02
  ---------------------------------------------------------------------------------
  data required time                                                        0.02
  data arrival time                                                        -0.17
  ---------------------------------------------------------------------------------
  slack (MET)                                                               0.14


  Startpoint: u_exact_mul/U_AIN_PL_REG/in_reg_a_reg[7]
              (rising edge-triggered flip-flop clocked by clk)
  Endpoint: u_exact_mul/U_fp_mult/mult_x_13/clk_r_REG285_S2
            (rising edge-triggered flip-flop clocked by clk)
  Path Group: clk
  Path Type: min

  Des/Clust/Port     Wire Load Model       Library
  ------------------------------------------------
  exact_fp32_mul_7stage ZeroWireload       tcbn65gplustc_ccs
  exact_fp32_mul_7stage_DW_lp_piped_fp_mult_J1_0 ZeroWireload tcbn65gplustc_ccs

  Point                                                          Incr       Path
  ---------------------------------------------------------------------------------
  clock clk (rise edge)                                          0.00       0.00
  clock network delay (ideal)                                    0.00       0.00
  u_exact_mul/U_AIN_PL_REG/in_reg_a_reg[7]/CP (DFQD1)            0.00       0.00 r
  u_exact_mul/U_AIN_PL_REG/in_reg_a_reg[7]/Q (DFQD1)             0.09       0.09 r
  u_exact_mul/U1063/S (FA1D0)                                    0.07       0.17 f
  u_exact_mul/U_fp_mult/mult_x_13/clk_r_REG285_S2/D (DFQD1)      0.00       0.17 f
  data arrival time                                                         0.17

  clock clk (rise edge)                                          0.00       0.00
  clock network delay (ideal)                                    0.00       0.00
  u_exact_mul/U_fp_mult/mult_x_13/clk_r_REG285_S2/CP (DFQD1)     0.00       0.00 r
  library hold time                                              0.02       0.02
  data required time                                                        0.02
  ---------------------------------------------------------------------------------
  data required time                                                        0.02
  data arrival time                                                        -0.17
  ---------------------------------------------------------------------------------
  slack (MET)                                                               0.14


  Startpoint: u_exact_mul/U_AIN_PL_REG/in_reg_a_reg[8]
              (rising edge-triggered flip-flop clocked by clk)
  Endpoint: u_exact_mul/U_fp_mult/mult_x_13/clk_r_REG283_S2
            (rising edge-triggered flip-flop clocked by clk)
  Path Group: clk
  Path Type: min

  Des/Clust/Port     Wire Load Model       Library
  ------------------------------------------------
  exact_fp32_mul_7stage ZeroWireload       tcbn65gplustc_ccs
  exact_fp32_mul_7stage_DW_lp_piped_fp_mult_J1_0 ZeroWireload tcbn65gplustc_ccs

  Point                                                          Incr       Path
  ---------------------------------------------------------------------------------
  clock clk (rise edge)                                          0.00       0.00
  clock network delay (ideal)                                    0.00       0.00
  u_exact_mul/U_AIN_PL_REG/in_reg_a_reg[8]/CP (DFQD1)            0.00       0.00 r
  u_exact_mul/U_AIN_PL_REG/in_reg_a_reg[8]/Q (DFQD1)             0.09       0.09 r
  u_exact_mul/U1062/S (FA1D0)                                    0.07       0.17 f
  u_exact_mul/U_fp_mult/mult_x_13/clk_r_REG283_S2/D (DFQD1)      0.00       0.17 f
  data arrival time                                                         0.17

  clock clk (rise edge)                                          0.00       0.00
  clock network delay (ideal)                                    0.00       0.00
  u_exact_mul/U_fp_mult/mult_x_13/clk_r_REG283_S2/CP (DFQD1)     0.00       0.00 r
  library hold time                                              0.02       0.02
  data required time                                                        0.02
  ---------------------------------------------------------------------------------
  data required time                                                        0.02
  data arrival time                                                        -0.17
  ---------------------------------------------------------------------------------
  slack (MET)                                                               0.14


  Startpoint: u_exact_mul/U_AIN_PL_REG/in_reg_a_reg[5]
              (rising edge-triggered flip-flop clocked by clk)
  Endpoint: u_exact_mul/U_fp_mult/mult_x_13/clk_r_REG289_S2
            (rising edge-triggered flip-flop clocked by clk)
  Path Group: clk
  Path Type: min

  Des/Clust/Port     Wire Load Model       Library
  ------------------------------------------------
  exact_fp32_mul_7stage ZeroWireload       tcbn65gplustc_ccs
  exact_fp32_mul_7stage_DW_lp_piped_fp_mult_J1_0 ZeroWireload tcbn65gplustc_ccs

  Point                                                          Incr       Path
  ---------------------------------------------------------------------------------
  clock clk (rise edge)                                          0.00       0.00
  clock network delay (ideal)                                    0.00       0.00
  u_exact_mul/U_AIN_PL_REG/in_reg_a_reg[5]/CP (DFQD1)            0.00       0.00 r
  u_exact_mul/U_AIN_PL_REG/in_reg_a_reg[5]/Q (DFQD1)             0.09       0.09 r
  u_exact_mul/U1065/S (FA1D0)                                    0.07       0.17 f
  u_exact_mul/U_fp_mult/mult_x_13/clk_r_REG289_S2/D (DFQD1)      0.00       0.17 f
  data arrival time                                                         0.17

  clock clk (rise edge)                                          0.00       0.00
  clock network delay (ideal)                                    0.00       0.00
  u_exact_mul/U_fp_mult/mult_x_13/clk_r_REG289_S2/CP (DFQD1)     0.00       0.00 r
  library hold time                                              0.02       0.02
  data required time                                                        0.02
  ---------------------------------------------------------------------------------
  data required time                                                        0.02
  data arrival time                                                        -0.17
  ---------------------------------------------------------------------------------
  slack (MET)                                                               0.14


  Startpoint: u_exact_mul/U_fp_mult/mult_x_13/clk_r_REG271_S2
              (rising edge-triggered flip-flop clocked by clk)
  Endpoint: u_exact_mul/U_fp_mult/mult_x_13/U243/clk_r_REG216_S3
            (rising edge-triggered flip-flop clocked by clk)
  Path Group: clk
  Path Type: min

  Des/Clust/Port     Wire Load Model       Library
  ------------------------------------------------
  exact_fp32_mul_7stage ZeroWireload       tcbn65gplustc_ccs
  exact_fp32_mul_7stage_DW_lp_piped_fp_mult_J1_0 ZeroWireload tcbn65gplustc_ccs

  Point                                                               Incr       Path
  --------------------------------------------------------------------------------------
  clock clk (rise edge)                                               0.00       0.00
  clock network delay (ideal)                                         0.00       0.00
  u_exact_mul/U_fp_mult/mult_x_13/clk_r_REG271_S2/CP (DFQD1)          0.00       0.00 r
  u_exact_mul/U_fp_mult/mult_x_13/clk_r_REG271_S2/Q (DFQD1)           0.09       0.09 r
  u_exact_mul/U1248/ZN (AOI221D0)                                     0.03       0.12 f
  u_exact_mul/U1249/ZN (MUX2ND0)                                      0.04       0.17 f
  u_exact_mul/U_fp_mult/mult_x_13/U243/clk_r_REG216_S3/D (DFQD1)      0.00       0.17 f
  data arrival time                                                              0.17

  clock clk (rise edge)                                               0.00       0.00
  clock network delay (ideal)                                         0.00       0.00
  u_exact_mul/U_fp_mult/mult_x_13/U243/clk_r_REG216_S3/CP (DFQD1)     0.00       0.00 r
  library hold time                                                   0.02       0.02
  data required time                                                             0.02
  --------------------------------------------------------------------------------------
  data required time                                                             0.02
  data arrival time                                                             -0.17
  --------------------------------------------------------------------------------------
  slack (MET)                                                                    0.14


  Startpoint: u_exact_mul/U_fp_mult/mult_x_13/clk_r_REG261_S2
              (rising edge-triggered flip-flop clocked by clk)
  Endpoint: u_exact_mul/U_fp_mult/mult_x_13/clk_r_REG183_S3
            (rising edge-triggered flip-flop clocked by clk)
  Path Group: clk
  Path Type: min

  Des/Clust/Port     Wire Load Model       Library
  ------------------------------------------------
  exact_fp32_mul_7stage ZeroWireload       tcbn65gplustc_ccs
  exact_fp32_mul_7stage_DW_lp_piped_fp_mult_J1_0 ZeroWireload tcbn65gplustc_ccs

  Point                                                           Incr       Path
  ----------------------------------------------------------------------------------
  clock clk (rise edge)                                           0.00       0.00
  clock network delay (ideal)                                     0.00       0.00
  u_exact_mul/U_fp_mult/mult_x_13/clk_r_REG261_S2/CP (DFQD1)      0.00       0.00 r
  u_exact_mul/U_fp_mult/mult_x_13/clk_r_REG261_S2/Q (DFQD1)       0.09       0.09 r
  u_exact_mul/U915/S (FA1D0)                                      0.08       0.17 f
  u_exact_mul/U_fp_mult/mult_x_13/clk_r_REG183_S3/D (DFQD1)       0.00       0.17 f
  data arrival time                                                          0.17

  clock clk (rise edge)                                           0.00       0.00
  clock network delay (ideal)                                     0.00       0.00
  u_exact_mul/U_fp_mult/mult_x_13/clk_r_REG183_S3/CP (DFQD1)      0.00       0.00 r
  library hold time                                               0.02       0.02
  data required time                                                         0.02
  ----------------------------------------------------------------------------------
  data required time                                                         0.02
  data arrival time                                                         -0.17
  ----------------------------------------------------------------------------------
  slack (MET)                                                                0.15


  Startpoint: u_exact_mul/U_fp_mult/mult_x_13/clk_r_REG220_S2
              (rising edge-triggered flip-flop clocked by clk)
  Endpoint: u_exact_mul/U_fp_mult/mult_x_13/U214/clk_r_REG230_S3
            (rising edge-triggered flip-flop clocked by clk)
  Path Group: clk
  Path Type: min

  Des/Clust/Port     Wire Load Model       Library
  ------------------------------------------------
  exact_fp32_mul_7stage ZeroWireload       tcbn65gplustc_ccs
  exact_fp32_mul_7stage_DW_lp_piped_fp_mult_J1_0 ZeroWireload tcbn65gplustc_ccs

  Point                                                               Incr       Path
  --------------------------------------------------------------------------------------
  clock clk (rise edge)                                               0.00       0.00
  clock network delay (ideal)                                         0.00       0.00
  u_exact_mul/U_fp_mult/mult_x_13/clk_r_REG220_S2/CP (DFQD1)          0.00       0.00 r
  u_exact_mul/U_fp_mult/mult_x_13/clk_r_REG220_S2/Q (DFQD1)           0.10       0.10 f
  u_exact_mul/U1048/ZN (INVD0)                                        0.04       0.14 r
  u_exact_mul/U1278/ZN (MUX2ND0)                                      0.03       0.17 f
  u_exact_mul/U_fp_mult/mult_x_13/U214/clk_r_REG230_S3/D (DFQD1)      0.00       0.17 f
  data arrival time                                                              0.17

  clock clk (rise edge)                                               0.00       0.00
  clock network delay (ideal)                                         0.00       0.00
  u_exact_mul/U_fp_mult/mult_x_13/U214/clk_r_REG230_S3/CP (DFQD1)     0.00       0.00 r
  library hold time                                                   0.02       0.02
  data required time                                                             0.02
  --------------------------------------------------------------------------------------
  data required time                                                             0.02
  data arrival time                                                             -0.17
  --------------------------------------------------------------------------------------
  slack (MET)                                                                    0.15


  Startpoint: u_exact_mul/U_AIN_PL_REG/in_reg_a_reg[65]
              (rising edge-triggered flip-flop clocked by clk)
  Endpoint: u_exact_mul/U_fp_mult/clk_r_REG73_S2
            (rising edge-triggered flip-flop clocked by clk)
  Path Group: clk
  Path Type: min

  Des/Clust/Port     Wire Load Model       Library
  ------------------------------------------------
  exact_fp32_mul_7stage ZeroWireload       tcbn65gplustc_ccs
  exact_fp32_mul_7stage_DW_lp_piped_fp_mult_J1_0 ZeroWireload tcbn65gplustc_ccs

  Point                                                     Incr       Path
  ----------------------------------------------------------------------------
  clock clk (rise edge)                                     0.00       0.00
  clock network delay (ideal)                               0.00       0.00
  u_exact_mul/U_AIN_PL_REG/in_reg_a_reg[65]/CP (DFQD1)      0.00       0.00 r
  u_exact_mul/U_AIN_PL_REG/in_reg_a_reg[65]/Q (DFQD1)       0.09       0.09 r
  u_exact_mul/U1586/ZN (NR4D0)                              0.02       0.11 f
  u_exact_mul/U1590/ZN (AOI22D0)                            0.04       0.15 r
  u_exact_mul/U_fp_mult/clk_r_REG73_S2/D (DFQD1)            0.00       0.15 r
  data arrival time                                                    0.15

  clock clk (rise edge)                                     0.00       0.00
  clock network delay (ideal)                               0.00       0.00
  u_exact_mul/U_fp_mult/clk_r_REG73_S2/CP (DFQD1)           0.00       0.00 r
  library hold time                                         0.00       0.00
  data required time                                                   0.00
  ----------------------------------------------------------------------------
  data required time                                                   0.00
  data arrival time                                                   -0.15
  ----------------------------------------------------------------------------
  slack (MET)                                                          0.15


  Startpoint: u_exact_mul/U_AIN_PL_REG/in_reg_a_reg[29]
              (rising edge-triggered flip-flop clocked by clk)
  Endpoint: u_exact_mul/U_fp_mult/clk_r_REG94_S2
            (rising edge-triggered flip-flop clocked by clk)
  Path Group: clk
  Path Type: min

  Des/Clust/Port     Wire Load Model       Library
  ------------------------------------------------
  exact_fp32_mul_7stage ZeroWireload       tcbn65gplustc_ccs
  exact_fp32_mul_7stage_DW_lp_piped_fp_mult_J1_0 ZeroWireload tcbn65gplustc_ccs

  Point                                                     Incr       Path
  ----------------------------------------------------------------------------
  clock clk (rise edge)                                     0.00       0.00
  clock network delay (ideal)                               0.00       0.00
  u_exact_mul/U_AIN_PL_REG/in_reg_a_reg[29]/CP (DFQD1)      0.00       0.00 r
  u_exact_mul/U_AIN_PL_REG/in_reg_a_reg[29]/Q (DFQD1)       0.09       0.09 r
  u_exact_mul/U883/S (FA1D0)                                0.08       0.17 f
  u_exact_mul/U_fp_mult/clk_r_REG94_S2/D (DFQD1)            0.00       0.17 f
  data arrival time                                                    0.17

  clock clk (rise edge)                                     0.00       0.00
  clock network delay (ideal)                               0.00       0.00
  u_exact_mul/U_fp_mult/clk_r_REG94_S2/CP (DFQD1)           0.00       0.00 r
  library hold time                                         0.02       0.02
  data required time                                                   0.02
  ----------------------------------------------------------------------------
  data required time                                                   0.02
  data arrival time                                                   -0.17
  ----------------------------------------------------------------------------
  slack (MET)                                                          0.15


  Startpoint: u_exact_mul/U_AIN_PL_REG/in_reg_a_reg[33]
              (rising edge-triggered flip-flop clocked by clk)
  Endpoint: u_exact_mul/U_fp_mult/clk_r_REG76_S2
            (rising edge-triggered flip-flop clocked by clk)
  Path Group: clk
  Path Type: min

  Des/Clust/Port     Wire Load Model       Library
  ------------------------------------------------
  exact_fp32_mul_7stage ZeroWireload       tcbn65gplustc_ccs
  exact_fp32_mul_7stage_DW_lp_piped_fp_mult_J1_0 ZeroWireload tcbn65gplustc_ccs

  Point                                                     Incr       Path
  ----------------------------------------------------------------------------
  clock clk (rise edge)                                     0.00       0.00
  clock network delay (ideal)                               0.00       0.00
  u_exact_mul/U_AIN_PL_REG/in_reg_a_reg[33]/CP (DFQD1)      0.00       0.00 r
  u_exact_mul/U_AIN_PL_REG/in_reg_a_reg[33]/Q (DFQD1)       0.09       0.09 r
  u_exact_mul/U891/S (FA1D0)                                0.08       0.17 f
  u_exact_mul/U_fp_mult/clk_r_REG76_S2/D (DFQD1)            0.00       0.17 f
  data arrival time                                                    0.17

  clock clk (rise edge)                                     0.00       0.00
  clock network delay (ideal)                               0.00       0.00
  u_exact_mul/U_fp_mult/clk_r_REG76_S2/CP (DFQD1)           0.00       0.00 r
  library hold time                                         0.02       0.02
  data required time                                                   0.02
  ----------------------------------------------------------------------------
  data required time                                                   0.02
  data arrival time                                                   -0.17
  ----------------------------------------------------------------------------
  slack (MET)                                                          0.15


  Startpoint: u_exact_mul/U_AIN_PL_REG/in_reg_a_reg[27]
              (rising edge-triggered flip-flop clocked by clk)
  Endpoint: u_exact_mul/U_fp_mult/clk_r_REG100_S2
            (rising edge-triggered flip-flop clocked by clk)
  Path Group: clk
  Path Type: min

  Des/Clust/Port     Wire Load Model       Library
  ------------------------------------------------
  exact_fp32_mul_7stage ZeroWireload       tcbn65gplustc_ccs
  exact_fp32_mul_7stage_DW_lp_piped_fp_mult_J1_0 ZeroWireload tcbn65gplustc_ccs

  Point                                                     Incr       Path
  ----------------------------------------------------------------------------
  clock clk (rise edge)                                     0.00       0.00
  clock network delay (ideal)                               0.00       0.00
  u_exact_mul/U_AIN_PL_REG/in_reg_a_reg[27]/CP (DFQD1)      0.00       0.00 r
  u_exact_mul/U_AIN_PL_REG/in_reg_a_reg[27]/Q (DFQD1)       0.09       0.09 r
  u_exact_mul/U885/S (FA1D0)                                0.08       0.17 f
  u_exact_mul/U_fp_mult/clk_r_REG100_S2/D (DFQD1)           0.00       0.17 f
  data arrival time                                                    0.17

  clock clk (rise edge)                                     0.00       0.00
  clock network delay (ideal)                               0.00       0.00
  u_exact_mul/U_fp_mult/clk_r_REG100_S2/CP (DFQD1)          0.00       0.00 r
  library hold time                                         0.02       0.02
  data required time                                                   0.02
  ----------------------------------------------------------------------------
  data required time                                                   0.02
  data arrival time                                                   -0.17
  ----------------------------------------------------------------------------
  slack (MET)                                                          0.15


  Startpoint: u_exact_mul/U_AIN_PL_REG/in_reg_a_reg[31]
              (rising edge-triggered flip-flop clocked by clk)
  Endpoint: u_exact_mul/U_fp_mult/clk_r_REG88_S2
            (rising edge-triggered flip-flop clocked by clk)
  Path Group: clk
  Path Type: min

  Des/Clust/Port     Wire Load Model       Library
  ------------------------------------------------
  exact_fp32_mul_7stage ZeroWireload       tcbn65gplustc_ccs
  exact_fp32_mul_7stage_DW_lp_piped_fp_mult_J1_0 ZeroWireload tcbn65gplustc_ccs

  Point                                                     Incr       Path
  ----------------------------------------------------------------------------
  clock clk (rise edge)                                     0.00       0.00
  clock network delay (ideal)                               0.00       0.00
  u_exact_mul/U_AIN_PL_REG/in_reg_a_reg[31]/CP (DFQD1)      0.00       0.00 r
  u_exact_mul/U_AIN_PL_REG/in_reg_a_reg[31]/Q (DFQD1)       0.09       0.09 r
  u_exact_mul/U881/S (FA1D0)                                0.08       0.17 f
  u_exact_mul/U_fp_mult/clk_r_REG88_S2/D (DFQD1)            0.00       0.17 f
  data arrival time                                                    0.17

  clock clk (rise edge)                                     0.00       0.00
  clock network delay (ideal)                               0.00       0.00
  u_exact_mul/U_fp_mult/clk_r_REG88_S2/CP (DFQD1)           0.00       0.00 r
  library hold time                                         0.02       0.02
  data required time                                                   0.02
  ----------------------------------------------------------------------------
  data required time                                                   0.02
  data arrival time                                                   -0.17
  ----------------------------------------------------------------------------
  slack (MET)                                                          0.15


  Startpoint: u_exact_mul/U_AIN_PL_REG/in_reg_a_reg[28]
              (rising edge-triggered flip-flop clocked by clk)
  Endpoint: u_exact_mul/U_fp_mult/clk_r_REG97_S2
            (rising edge-triggered flip-flop clocked by clk)
  Path Group: clk
  Path Type: min

  Des/Clust/Port     Wire Load Model       Library
  ------------------------------------------------
  exact_fp32_mul_7stage ZeroWireload       tcbn65gplustc_ccs
  exact_fp32_mul_7stage_DW_lp_piped_fp_mult_J1_0 ZeroWireload tcbn65gplustc_ccs

  Point                                                     Incr       Path
  ----------------------------------------------------------------------------
  clock clk (rise edge)                                     0.00       0.00
  clock network delay (ideal)                               0.00       0.00
  u_exact_mul/U_AIN_PL_REG/in_reg_a_reg[28]/CP (DFQD1)      0.00       0.00 r
  u_exact_mul/U_AIN_PL_REG/in_reg_a_reg[28]/Q (DFQD1)       0.09       0.09 r
  u_exact_mul/U884/S (FA1D0)                                0.08       0.17 f
  u_exact_mul/U_fp_mult/clk_r_REG97_S2/D (DFQD1)            0.00       0.17 f
  data arrival time                                                    0.17

  clock clk (rise edge)                                     0.00       0.00
  clock network delay (ideal)                               0.00       0.00
  u_exact_mul/U_fp_mult/clk_r_REG97_S2/CP (DFQD1)           0.00       0.00 r
  library hold time                                         0.02       0.02
  data required time                                                   0.02
  ----------------------------------------------------------------------------
  data required time                                                   0.02
  data arrival time                                                   -0.17
  ----------------------------------------------------------------------------
  slack (MET)                                                          0.15


  Startpoint: u_exact_mul/U_AIN_PL_REG/in_reg_a_reg[32]
              (rising edge-triggered flip-flop clocked by clk)
  Endpoint: u_exact_mul/U_fp_mult/clk_r_REG85_S2
            (rising edge-triggered flip-flop clocked by clk)
  Path Group: clk
  Path Type: min

  Des/Clust/Port     Wire Load Model       Library
  ------------------------------------------------
  exact_fp32_mul_7stage ZeroWireload       tcbn65gplustc_ccs
  exact_fp32_mul_7stage_DW_lp_piped_fp_mult_J1_0 ZeroWireload tcbn65gplustc_ccs

  Point                                                     Incr       Path
  ----------------------------------------------------------------------------
  clock clk (rise edge)                                     0.00       0.00
  clock network delay (ideal)                               0.00       0.00
  u_exact_mul/U_AIN_PL_REG/in_reg_a_reg[32]/CP (DFQD1)      0.00       0.00 r
  u_exact_mul/U_AIN_PL_REG/in_reg_a_reg[32]/Q (DFQD1)       0.09       0.09 r
  u_exact_mul/U890/S (FA1D0)                                0.08       0.17 f
  u_exact_mul/U_fp_mult/clk_r_REG85_S2/D (DFQD1)            0.00       0.17 f
  data arrival time                                                    0.17

  clock clk (rise edge)                                     0.00       0.00
  clock network delay (ideal)                               0.00       0.00
  u_exact_mul/U_fp_mult/clk_r_REG85_S2/CP (DFQD1)           0.00       0.00 r
  library hold time                                         0.02       0.02
  data required time                                                   0.02
  ----------------------------------------------------------------------------
  data required time                                                   0.02
  data arrival time                                                   -0.17
  ----------------------------------------------------------------------------
  slack (MET)                                                          0.15


  Startpoint: u_exact_mul/U_AIN_PL_REG/in_reg_a_reg[30]
              (rising edge-triggered flip-flop clocked by clk)
  Endpoint: u_exact_mul/U_fp_mult/clk_r_REG91_S2
            (rising edge-triggered flip-flop clocked by clk)
  Path Group: clk
  Path Type: min

  Des/Clust/Port     Wire Load Model       Library
  ------------------------------------------------
  exact_fp32_mul_7stage ZeroWireload       tcbn65gplustc_ccs
  exact_fp32_mul_7stage_DW_lp_piped_fp_mult_J1_0 ZeroWireload tcbn65gplustc_ccs

  Point                                                     Incr       Path
  ----------------------------------------------------------------------------
  clock clk (rise edge)                                     0.00       0.00
  clock network delay (ideal)                               0.00       0.00
  u_exact_mul/U_AIN_PL_REG/in_reg_a_reg[30]/CP (DFQD1)      0.00       0.00 r
  u_exact_mul/U_AIN_PL_REG/in_reg_a_reg[30]/Q (DFQD1)       0.09       0.09 r
  u_exact_mul/U882/S (FA1D0)                                0.08       0.17 f
  u_exact_mul/U_fp_mult/clk_r_REG91_S2/D (DFQD1)            0.00       0.17 f
  data arrival time                                                    0.17

  clock clk (rise edge)                                     0.00       0.00
  clock network delay (ideal)                               0.00       0.00
  u_exact_mul/U_fp_mult/clk_r_REG91_S2/CP (DFQD1)           0.00       0.00 r
  library hold time                                         0.02       0.02
  data required time                                                   0.02
  ----------------------------------------------------------------------------
  data required time                                                   0.02
  data arrival time                                                   -0.17
  ----------------------------------------------------------------------------
  slack (MET)                                                          0.15


  Startpoint: u_exact_mul/U_fp_mult/clk_r_REG8_S4
              (rising edge-triggered flip-flop clocked by clk)
  Endpoint: u_exact_mul/clk_r_REG29_S5
            (rising edge-triggered flip-flop clocked by clk)
  Path Group: clk
  Path Type: min

  Des/Clust/Port     Wire Load Model       Library
  ------------------------------------------------
  exact_fp32_mul_7stage ZeroWireload       tcbn65gplustc_ccs
  exact_fp32_mul_7stage_DW_lp_piped_fp_mult_J1_0 ZeroWireload tcbn65gplustc_ccs

  Point                                               Incr       Path
  ----------------------------------------------------------------------
  clock clk (rise edge)                               0.00       0.00
  clock network delay (ideal)                         0.00       0.00
  u_exact_mul/U_fp_mult/clk_r_REG8_S4/CP (DFQD1)      0.00       0.00 r
  u_exact_mul/U_fp_mult/clk_r_REG8_S4/Q (DFQD1)       0.10       0.10 f
  u_exact_mul/U829/Z (AN2XD1)                         0.03       0.13 f
  u_exact_mul/U831/ZN (INVD1)                         0.02       0.15 r
  u_exact_mul/U97/ZN (CKND2D0)                        0.02       0.17 f
  u_exact_mul/clk_r_REG29_S5/D (DFQD1)                0.00       0.17 f
  data arrival time                                              0.17

  clock clk (rise edge)                               0.00       0.00
  clock network delay (ideal)                         0.00       0.00
  u_exact_mul/clk_r_REG29_S5/CP (DFQD1)               0.00       0.00 r
  library hold time                                   0.02       0.02
  data required time                                             0.02
  ----------------------------------------------------------------------
  data required time                                             0.02
  data arrival time                                             -0.17
  ----------------------------------------------------------------------
  slack (MET)                                                    0.15


  Startpoint: u_exact_mul/U_fp_mult/clk_r_REG8_S4
              (rising edge-triggered flip-flop clocked by clk)
  Endpoint: u_exact_mul/clk_r_REG45_S5
            (rising edge-triggered flip-flop clocked by clk)
  Path Group: clk
  Path Type: min

  Des/Clust/Port     Wire Load Model       Library
  ------------------------------------------------
  exact_fp32_mul_7stage ZeroWireload       tcbn65gplustc_ccs
  exact_fp32_mul_7stage_DW_lp_piped_fp_mult_J1_0 ZeroWireload tcbn65gplustc_ccs

  Point                                               Incr       Path
  ----------------------------------------------------------------------
  clock clk (rise edge)                               0.00       0.00
  clock network delay (ideal)                         0.00       0.00
  u_exact_mul/U_fp_mult/clk_r_REG8_S4/CP (DFQD1)      0.00       0.00 r
  u_exact_mul/U_fp_mult/clk_r_REG8_S4/Q (DFQD1)       0.10       0.10 f
  u_exact_mul/U829/Z (AN2XD1)                         0.03       0.13 f
  u_exact_mul/U831/ZN (INVD1)                         0.02       0.15 r
  u_exact_mul/U95/ZN (CKND2D0)                        0.02       0.17 f
  u_exact_mul/clk_r_REG45_S5/D (DFQD1)                0.00       0.17 f
  data arrival time                                              0.17

  clock clk (rise edge)                               0.00       0.00
  clock network delay (ideal)                         0.00       0.00
  u_exact_mul/clk_r_REG45_S5/CP (DFQD1)               0.00       0.00 r
  library hold time                                   0.02       0.02
  data required time                                             0.02
  ----------------------------------------------------------------------
  data required time                                             0.02
  data arrival time                                             -0.17
  ----------------------------------------------------------------------
  slack (MET)                                                    0.15


  Startpoint: u_exact_mul/U_fp_mult/clk_r_REG8_S4
              (rising edge-triggered flip-flop clocked by clk)
  Endpoint: u_exact_mul/clk_r_REG59_S5
            (rising edge-triggered flip-flop clocked by clk)
  Path Group: clk
  Path Type: min

  Des/Clust/Port     Wire Load Model       Library
  ------------------------------------------------
  exact_fp32_mul_7stage ZeroWireload       tcbn65gplustc_ccs
  exact_fp32_mul_7stage_DW_lp_piped_fp_mult_J1_0 ZeroWireload tcbn65gplustc_ccs

  Point                                               Incr       Path
  ----------------------------------------------------------------------
  clock clk (rise edge)                               0.00       0.00
  clock network delay (ideal)                         0.00       0.00
  u_exact_mul/U_fp_mult/clk_r_REG8_S4/CP (DFQD1)      0.00       0.00 r
  u_exact_mul/U_fp_mult/clk_r_REG8_S4/Q (DFQD1)       0.10       0.10 f
  u_exact_mul/U829/Z (AN2XD1)                         0.03       0.13 f
  u_exact_mul/U830/ZN (INVD1)                         0.02       0.15 r
  u_exact_mul/U93/ZN (CKND2D0)                        0.02       0.17 f
  u_exact_mul/clk_r_REG59_S5/D (DFQD1)                0.00       0.17 f
  data arrival time                                              0.17

  clock clk (rise edge)                               0.00       0.00
  clock network delay (ideal)                         0.00       0.00
  u_exact_mul/clk_r_REG59_S5/CP (DFQD1)               0.00       0.00 r
  library hold time                                   0.02       0.02
  data required time                                             0.02
  ----------------------------------------------------------------------
  data required time                                             0.02
  data arrival time                                             -0.17
  ----------------------------------------------------------------------
  slack (MET)                                                    0.15


  Startpoint: u_exact_mul/U_fp_mult/clk_r_REG8_S4
              (rising edge-triggered flip-flop clocked by clk)
  Endpoint: u_exact_mul/clk_r_REG35_S5
            (rising edge-triggered flip-flop clocked by clk)
  Path Group: clk
  Path Type: min

  Des/Clust/Port     Wire Load Model       Library
  ------------------------------------------------
  exact_fp32_mul_7stage ZeroWireload       tcbn65gplustc_ccs
  exact_fp32_mul_7stage_DW_lp_piped_fp_mult_J1_0 ZeroWireload tcbn65gplustc_ccs

  Point                                               Incr       Path
  ----------------------------------------------------------------------
  clock clk (rise edge)                               0.00       0.00
  clock network delay (ideal)                         0.00       0.00
  u_exact_mul/U_fp_mult/clk_r_REG8_S4/CP (DFQD1)      0.00       0.00 r
  u_exact_mul/U_fp_mult/clk_r_REG8_S4/Q (DFQD1)       0.10       0.10 f
  u_exact_mul/U829/Z (AN2XD1)                         0.03       0.13 f
  u_exact_mul/U701/ZN (INVD1)                         0.02       0.15 r
  u_exact_mul/U94/ZN (CKND2D0)                        0.02       0.17 f
  u_exact_mul/clk_r_REG35_S5/D (DFQD1)                0.00       0.17 f
  data arrival time                                              0.17

  clock clk (rise edge)                               0.00       0.00
  clock network delay (ideal)                         0.00       0.00
  u_exact_mul/clk_r_REG35_S5/CP (DFQD1)               0.00       0.00 r
  library hold time                                   0.02       0.02
  data required time                                             0.02
  ----------------------------------------------------------------------
  data required time                                             0.02
  data arrival time                                             -0.17
  ----------------------------------------------------------------------
  slack (MET)                                                    0.15


  Startpoint: u_exact_mul/U_fp_mult/clk_r_REG8_S4
              (rising edge-triggered flip-flop clocked by clk)
  Endpoint: u_exact_mul/clk_r_REG41_S5
            (rising edge-triggered flip-flop clocked by clk)
  Path Group: clk
  Path Type: min

  Des/Clust/Port     Wire Load Model       Library
  ------------------------------------------------
  exact_fp32_mul_7stage ZeroWireload       tcbn65gplustc_ccs
  exact_fp32_mul_7stage_DW_lp_piped_fp_mult_J1_0 ZeroWireload tcbn65gplustc_ccs

  Point                                               Incr       Path
  ----------------------------------------------------------------------
  clock clk (rise edge)                               0.00       0.00
  clock network delay (ideal)                         0.00       0.00
  u_exact_mul/U_fp_mult/clk_r_REG8_S4/CP (DFQD1)      0.00       0.00 r
  u_exact_mul/U_fp_mult/clk_r_REG8_S4/Q (DFQD1)       0.10       0.10 f
  u_exact_mul/U829/Z (AN2XD1)                         0.03       0.13 f
  u_exact_mul/U830/ZN (INVD1)                         0.02       0.15 r
  u_exact_mul/U81/ZN (CKND2D0)                        0.02       0.17 f
  u_exact_mul/clk_r_REG41_S5/D (DFQD1)                0.00       0.17 f
  data arrival time                                              0.17

  clock clk (rise edge)                               0.00       0.00
  clock network delay (ideal)                         0.00       0.00
  u_exact_mul/clk_r_REG41_S5/CP (DFQD1)               0.00       0.00 r
  library hold time                                   0.02       0.02
  data required time                                             0.02
  ----------------------------------------------------------------------
  data required time                                             0.02
  data arrival time                                             -0.17
  ----------------------------------------------------------------------
  slack (MET)                                                    0.15


  Startpoint: u_exact_mul/U_fp_mult/mult_x_13/clk_r_REG261_S2
              (rising edge-triggered flip-flop clocked by clk)
  Endpoint: u_exact_mul/U_fp_mult/mult_x_13/clk_r_REG176_S3
            (rising edge-triggered flip-flop clocked by clk)
  Path Group: clk
  Path Type: min

  Des/Clust/Port     Wire Load Model       Library
  ------------------------------------------------
  exact_fp32_mul_7stage ZeroWireload       tcbn65gplustc_ccs
  exact_fp32_mul_7stage_DW_lp_piped_fp_mult_J1_0 ZeroWireload tcbn65gplustc_ccs

  Point                                                           Incr       Path
  ----------------------------------------------------------------------------------
  clock clk (rise edge)                                           0.00       0.00
  clock network delay (ideal)                                     0.00       0.00
  u_exact_mul/U_fp_mult/mult_x_13/clk_r_REG261_S2/CP (DFQD1)      0.00       0.00 r
  u_exact_mul/U_fp_mult/mult_x_13/clk_r_REG261_S2/Q (DFQD1)       0.09       0.09 r
  u_exact_mul/U918/ZN (AOI211XD0)                                 0.03       0.13 f
  u_exact_mul/U919/CO (FA1D0)                                     0.06       0.18 f
  u_exact_mul/U_fp_mult/mult_x_13/clk_r_REG176_S3/D (DFQD1)       0.00       0.18 f
  data arrival time                                                          0.18

  clock clk (rise edge)                                           0.00       0.00
  clock network delay (ideal)                                     0.00       0.00
  u_exact_mul/U_fp_mult/mult_x_13/clk_r_REG176_S3/CP (DFQD1)      0.00       0.00 r
  library hold time                                               0.02       0.02
  data required time                                                         0.02
  ----------------------------------------------------------------------------------
  data required time                                                         0.02
  data arrival time                                                         -0.18
  ----------------------------------------------------------------------------------
  slack (MET)                                                                0.16


  Startpoint: u_exact_mul/U_fp_mult/mult_x_13/clk_r_REG261_S2
              (rising edge-triggered flip-flop clocked by clk)
  Endpoint: u_exact_mul/U_fp_mult/mult_x_13/clk_r_REG177_S3
            (rising edge-triggered flip-flop clocked by clk)
  Path Group: clk
  Path Type: min

  Des/Clust/Port     Wire Load Model       Library
  ------------------------------------------------
  exact_fp32_mul_7stage ZeroWireload       tcbn65gplustc_ccs
  exact_fp32_mul_7stage_DW_lp_piped_fp_mult_J1_0 ZeroWireload tcbn65gplustc_ccs

  Point                                                           Incr       Path
  ----------------------------------------------------------------------------------
  clock clk (rise edge)                                           0.00       0.00
  clock network delay (ideal)                                     0.00       0.00
  u_exact_mul/U_fp_mult/mult_x_13/clk_r_REG261_S2/CP (DFQD1)      0.00       0.00 r
  u_exact_mul/U_fp_mult/mult_x_13/clk_r_REG261_S2/Q (DFQD1)       0.09       0.09 r
  u_exact_mul/U918/ZN (AOI211XD0)                                 0.03       0.13 f
  u_exact_mul/U919/S (FA1D0)                                      0.06       0.18 f
  u_exact_mul/U_fp_mult/mult_x_13/clk_r_REG177_S3/D (DFQD1)       0.00       0.18 f
  data arrival time                                                          0.18

  clock clk (rise edge)                                           0.00       0.00
  clock network delay (ideal)                                     0.00       0.00
  u_exact_mul/U_fp_mult/mult_x_13/clk_r_REG177_S3/CP (DFQD1)      0.00       0.00 r
  library hold time                                               0.02       0.02
  data required time                                                         0.02
  ----------------------------------------------------------------------------------
  data required time                                                         0.02
  data arrival time                                                         -0.18
  ----------------------------------------------------------------------------------
  slack (MET)                                                                0.16


  Startpoint: u_exact_mul/U_fp_mult/mult_x_13/clk_r_REG248_S2
              (rising edge-triggered flip-flop clocked by clk)
  Endpoint: u_exact_mul/U_fp_mult/mult_x_13/clk_r_REG257_S3
            (rising edge-triggered flip-flop clocked by clk)
  Path Group: clk
  Path Type: min

  Des/Clust/Port     Wire Load Model       Library
  ------------------------------------------------
  exact_fp32_mul_7stage ZeroWireload       tcbn65gplustc_ccs
  exact_fp32_mul_7stage_DW_lp_piped_fp_mult_J1_0 ZeroWireload tcbn65gplustc_ccs

  Point                                                           Incr       Path
  ----------------------------------------------------------------------------------
  clock clk (rise edge)                                           0.00       0.00
  clock network delay (ideal)                                     0.00       0.00
  u_exact_mul/U_fp_mult/mult_x_13/clk_r_REG248_S2/CP (DFQD1)      0.00       0.00 r
  u_exact_mul/U_fp_mult/mult_x_13/clk_r_REG248_S2/Q (DFQD1)       0.10       0.10 f
  u_exact_mul/U673/ZN (INVD1)                                     0.02       0.12 r
  u_exact_mul/U936/Z (BUFFD1)                                     0.04       0.16 r
  u_exact_mul/U1408/ZN (MUX2ND0)                                  0.02       0.19 f
  u_exact_mul/U_fp_mult/mult_x_13/clk_r_REG257_S3/D (DFQD1)       0.00       0.19 f
  data arrival time                                                          0.19

  clock clk (rise edge)                                           0.00       0.00
  clock network delay (ideal)                                     0.00       0.00
  u_exact_mul/U_fp_mult/mult_x_13/clk_r_REG257_S3/CP (DFQD1)      0.00       0.00 r
  library hold time                                               0.02       0.02
  data required time                                                         0.02
  ----------------------------------------------------------------------------------
  data required time                                                         0.02
  data arrival time                                                         -0.19
  ----------------------------------------------------------------------------------
  slack (MET)                                                                0.16


  Startpoint: u_exact_mul/U_fp_mult/mult_x_13/R_0_clk_r_REG202_S2
              (rising edge-triggered flip-flop clocked by clk)
  Endpoint: u_exact_mul/U_fp_mult/mult_x_13/U214/clk_r_REG204_S3
            (rising edge-triggered flip-flop clocked by clk)
  Path Group: clk
  Path Type: min

  Des/Clust/Port     Wire Load Model       Library
  ------------------------------------------------
  exact_fp32_mul_7stage ZeroWireload       tcbn65gplustc_ccs
  exact_fp32_mul_7stage_DW_lp_piped_fp_mult_J1_0 ZeroWireload tcbn65gplustc_ccs

  Point                                                               Incr       Path
  --------------------------------------------------------------------------------------
  clock clk (rise edge)                                               0.00       0.00
  clock network delay (ideal)                                         0.00       0.00
  u_exact_mul/U_fp_mult/mult_x_13/R_0_clk_r_REG202_S2/CP (DFQD1)      0.00       0.00 r
  u_exact_mul/U_fp_mult/mult_x_13/R_0_clk_r_REG202_S2/Q (DFQD1)       0.09       0.09 r
  u_exact_mul/U665/Z (BUFFD1)                                         0.04       0.13 r
  u_exact_mul/U1002/Z (BUFFD1)                                        0.04       0.16 r
  u_exact_mul/U1191/ZN (MUX2ND0)                                      0.03       0.19 f
  u_exact_mul/U_fp_mult/mult_x_13/U214/clk_r_REG204_S3/D (DFQD1)      0.00       0.19 f
  data arrival time                                                              0.19

  clock clk (rise edge)                                               0.00       0.00
  clock network delay (ideal)                                         0.00       0.00
  u_exact_mul/U_fp_mult/mult_x_13/U214/clk_r_REG204_S3/CP (DFQD1)     0.00       0.00 r
  library hold time                                                   0.02       0.02
  data required time                                                             0.02
  --------------------------------------------------------------------------------------
  data required time                                                             0.02
  data arrival time                                                             -0.19
  --------------------------------------------------------------------------------------
  slack (MET)                                                                    0.17


  Startpoint: u_exact_mul/U_fp_mult/mult_x_13/clk_r_REG189_S2
              (rising edge-triggered flip-flop clocked by clk)
  Endpoint: u_exact_mul/U_fp_mult/mult_x_13/clk_r_REG158_S3
            (rising edge-triggered flip-flop clocked by clk)
  Path Group: clk
  Path Type: min

  Des/Clust/Port     Wire Load Model       Library
  ------------------------------------------------
  exact_fp32_mul_7stage ZeroWireload       tcbn65gplustc_ccs
  exact_fp32_mul_7stage_DW_lp_piped_fp_mult_J1_0 ZeroWireload tcbn65gplustc_ccs

  Point                                                           Incr       Path
  ----------------------------------------------------------------------------------
  clock clk (rise edge)                                           0.00       0.00
  clock network delay (ideal)                                     0.00       0.00
  u_exact_mul/U_fp_mult/mult_x_13/clk_r_REG189_S2/CP (DFQD1)      0.00       0.00 r
  u_exact_mul/U_fp_mult/mult_x_13/clk_r_REG189_S2/Q (DFQD1)       0.09       0.09 r
  u_exact_mul/U1098/ZN (MUX2ND0)                                  0.03       0.13 f
  u_exact_mul/U_fp_mult/mult_x_13/U186/CO (CMPE42D1)              0.07       0.20 f
  u_exact_mul/U_fp_mult/mult_x_13/clk_r_REG158_S3/D (DFQD1)       0.00       0.20 f
  data arrival time                                                          0.20

  clock clk (rise edge)                                           0.00       0.00
  clock network delay (ideal)                                     0.00       0.00
  u_exact_mul/U_fp_mult/mult_x_13/clk_r_REG158_S3/CP (DFQD1)      0.00       0.00 r
  library hold time                                               0.02       0.02
  data required time                                                         0.02
  ----------------------------------------------------------------------------------
  data required time                                                         0.02
  data arrival time                                                         -0.20
  ----------------------------------------------------------------------------------
  slack (MET)                                                                0.17


  Startpoint: u_exact_mul/U_fp_mult/mult_x_13/U242/clk_r_REG236_S3
              (rising edge-triggered flip-flop clocked by clk)
  Endpoint: u_exact_mul/U_fp_mult/clk_r_REG110_S4
            (rising edge-triggered flip-flop clocked by clk)
  Path Group: clk
  Path Type: min

  Des/Clust/Port     Wire Load Model       Library
  ------------------------------------------------
  exact_fp32_mul_7stage ZeroWireload       tcbn65gplustc_ccs
  exact_fp32_mul_7stage_DW_lp_piped_fp_mult_J1_0 ZeroWireload tcbn65gplustc_ccs

  Point                                                                Incr       Path
  ---------------------------------------------------------------------------------------
  clock clk (rise edge)                                                0.00       0.00
  clock network delay (ideal)                                          0.00       0.00
  u_exact_mul/U_fp_mult/mult_x_13/U242/clk_r_REG236_S3/CP (DFQD1)      0.00       0.00 r
  u_exact_mul/U_fp_mult/mult_x_13/U242/clk_r_REG236_S3/Q (DFQD1)       0.09       0.09 r
  u_exact_mul/U372/CO (FA1D1)                                          0.04       0.12 r
  u_exact_mul/U1564/S (FA1D0)                                          0.07       0.19 f
  u_exact_mul/U_fp_mult/clk_r_REG110_S4/D (DFQD1)                      0.00       0.19 f
  data arrival time                                                               0.19

  clock clk (rise edge)                                                0.00       0.00
  clock network delay (ideal)                                          0.00       0.00
  u_exact_mul/U_fp_mult/clk_r_REG110_S4/CP (DFQD1)                     0.00       0.00 r
  library hold time                                                    0.02       0.02
  data required time                                                              0.02
  ---------------------------------------------------------------------------------------
  data required time                                                              0.02
  data arrival time                                                              -0.19
  ---------------------------------------------------------------------------------------
  slack (MET)                                                                     0.17


  Startpoint: u_exact_mul/U_AIN_PL_REG/in_reg_a_reg[65]
              (rising edge-triggered flip-flop clocked by clk)
  Endpoint: u_exact_mul/U_fp_mult/clk_r_REG6_S2
            (rising edge-triggered flip-flop clocked by clk)
  Path Group: clk
  Path Type: min

  Des/Clust/Port     Wire Load Model       Library
  ------------------------------------------------
  exact_fp32_mul_7stage ZeroWireload       tcbn65gplustc_ccs
  exact_fp32_mul_7stage_DW_lp_piped_fp_mult_J1_0 ZeroWireload tcbn65gplustc_ccs

  Point                                                     Incr       Path
  ----------------------------------------------------------------------------
  clock clk (rise edge)                                     0.00       0.00
  clock network delay (ideal)                               0.00       0.00
  u_exact_mul/U_AIN_PL_REG/in_reg_a_reg[65]/CP (DFQD1)      0.00       0.00 r
  u_exact_mul/U_AIN_PL_REG/in_reg_a_reg[65]/Q (DFQD1)       0.10       0.10 f
  u_exact_mul/U1580/ZN (ND4D0)                              0.02       0.12 r
  u_exact_mul/U1584/ZN (OAI22D0)                            0.03       0.15 f
  u_exact_mul/U1585/ZN (INVD0)                              0.03       0.18 r
  u_exact_mul/U_fp_mult/clk_r_REG6_S2/D (DFQD1)             0.00       0.18 r
  data arrival time                                                    0.18

  clock clk (rise edge)                                     0.00       0.00
  clock network delay (ideal)                               0.00       0.00
  u_exact_mul/U_fp_mult/clk_r_REG6_S2/CP (DFQD1)            0.00       0.00 r
  library hold time                                         0.00       0.00
  data required time                                                   0.00
  ----------------------------------------------------------------------------
  data required time                                                   0.00
  data arrival time                                                   -0.18
  ----------------------------------------------------------------------------
  slack (MET)                                                          0.17


  Startpoint: u_exact_mul/U_fp_mult/mult_x_13/U238/clk_r_REG237_S3
              (rising edge-triggered flip-flop clocked by clk)
  Endpoint: u_exact_mul/U_fp_mult/clk_r_REG111_S4
            (rising edge-triggered flip-flop clocked by clk)
  Path Group: clk
  Path Type: min

  Des/Clust/Port     Wire Load Model       Library
  ------------------------------------------------
  exact_fp32_mul_7stage ZeroWireload       tcbn65gplustc_ccs
  exact_fp32_mul_7stage_DW_lp_piped_fp_mult_J1_0 ZeroWireload tcbn65gplustc_ccs

  Point                                                                Incr       Path
  ---------------------------------------------------------------------------------------
  clock clk (rise edge)                                                0.00       0.00
  clock network delay (ideal)                                          0.00       0.00
  u_exact_mul/U_fp_mult/mult_x_13/U238/clk_r_REG237_S3/CP (DFQD1)      0.00       0.00 r
  u_exact_mul/U_fp_mult/mult_x_13/U238/clk_r_REG237_S3/Q (DFQD1)       0.08       0.08 r
  u_exact_mul/U862/CO (FA1D0)                                          0.05       0.13 r
  u_exact_mul/U257/S (FA1D1)                                           0.07       0.20 f
  u_exact_mul/U_fp_mult/clk_r_REG111_S4/D (DFQD1)                      0.00       0.20 f
  data arrival time                                                               0.20

  clock clk (rise edge)                                                0.00       0.00
  clock network delay (ideal)                                          0.00       0.00
  u_exact_mul/U_fp_mult/clk_r_REG111_S4/CP (DFQD1)                     0.00       0.00 r
  library hold time                                                    0.02       0.02
  data required time                                                              0.02
  ---------------------------------------------------------------------------------------
  data required time                                                              0.02
  data arrival time                                                              -0.20
  ---------------------------------------------------------------------------------------
  slack (MET)                                                                     0.17


  Startpoint: u_exact_mul/U_fp_mult/mult_x_13/U230/clk_r_REG223_S3
              (rising edge-triggered flip-flop clocked by clk)
  Endpoint: u_exact_mul/U_fp_mult/clk_r_REG113_S4
            (rising edge-triggered flip-flop clocked by clk)
  Path Group: clk
  Path Type: min

  Des/Clust/Port     Wire Load Model       Library
  ------------------------------------------------
  exact_fp32_mul_7stage ZeroWireload       tcbn65gplustc_ccs
  exact_fp32_mul_7stage_DW_lp_piped_fp_mult_J1_0 ZeroWireload tcbn65gplustc_ccs

  Point                                                                Incr       Path
  ---------------------------------------------------------------------------------------
  clock clk (rise edge)                                                0.00       0.00
  clock network delay (ideal)                                          0.00       0.00
  u_exact_mul/U_fp_mult/mult_x_13/U230/clk_r_REG223_S3/CP (DFQD1)      0.00       0.00 r
  u_exact_mul/U_fp_mult/mult_x_13/U230/clk_r_REG223_S3/Q (DFQD1)       0.08       0.08 r
  u_exact_mul/U855/CO (FA1D0)                                          0.05       0.13 r
  u_exact_mul/U246/S (FA1D1)                                           0.07       0.20 f
  u_exact_mul/U_fp_mult/clk_r_REG113_S4/D (DFQD1)                      0.00       0.20 f
  data arrival time                                                               0.20

  clock clk (rise edge)                                                0.00       0.00
  clock network delay (ideal)                                          0.00       0.00
  u_exact_mul/U_fp_mult/clk_r_REG113_S4/CP (DFQD1)                     0.00       0.00 r
  library hold time                                                    0.02       0.02
  data required time                                                              0.02
  ---------------------------------------------------------------------------------------
  data required time                                                              0.02
  data arrival time                                                              -0.20
  ---------------------------------------------------------------------------------------
  slack (MET)                                                                     0.17


  Startpoint: u_exact_mul/U_fp_mult/mult_x_13/clk_r_REG189_S2
              (rising edge-triggered flip-flop clocked by clk)
  Endpoint: u_exact_mul/U_fp_mult/mult_x_13/clk_r_REG156_S3
            (rising edge-triggered flip-flop clocked by clk)
  Path Group: clk
  Path Type: min

  Des/Clust/Port     Wire Load Model       Library
  ------------------------------------------------
  exact_fp32_mul_7stage ZeroWireload       tcbn65gplustc_ccs
  exact_fp32_mul_7stage_DW_lp_piped_fp_mult_J1_0 ZeroWireload tcbn65gplustc_ccs

  Point                                                           Incr       Path
  ----------------------------------------------------------------------------------
  clock clk (rise edge)                                           0.00       0.00
  clock network delay (ideal)                                     0.00       0.00
  u_exact_mul/U_fp_mult/mult_x_13/clk_r_REG189_S2/CP (DFQD1)      0.00       0.00 r
  u_exact_mul/U_fp_mult/mult_x_13/clk_r_REG189_S2/Q (DFQD1)       0.09       0.09 r
  u_exact_mul/U1098/ZN (MUX2ND0)                                  0.03       0.13 f
  u_exact_mul/U_fp_mult/mult_x_13/U186/S (CMPE42D1)               0.08       0.20 f
  u_exact_mul/U_fp_mult/mult_x_13/clk_r_REG156_S3/D (DFQD1)       0.00       0.20 f
  data arrival time                                                          0.20

  clock clk (rise edge)                                           0.00       0.00
  clock network delay (ideal)                                     0.00       0.00
  u_exact_mul/U_fp_mult/mult_x_13/clk_r_REG156_S3/CP (DFQD1)      0.00       0.00 r
  library hold time                                               0.02       0.02
  data required time                                                         0.02
  ----------------------------------------------------------------------------------
  data required time                                                         0.02
  data arrival time                                                         -0.20
  ----------------------------------------------------------------------------------
  slack (MET)                                                                0.18


  Startpoint: u_exact_mul/U_fp_mult/mult_x_13/clk_r_REG233_S2
              (rising edge-triggered flip-flop clocked by clk)
  Endpoint: u_exact_mul/U_fp_mult/mult_x_13/U234/clk_r_REG234_S3
            (rising edge-triggered flip-flop clocked by clk)
  Path Group: clk
  Path Type: min

  Des/Clust/Port     Wire Load Model       Library
  ------------------------------------------------
  exact_fp32_mul_7stage ZeroWireload       tcbn65gplustc_ccs
  exact_fp32_mul_7stage_DW_lp_piped_fp_mult_J1_0 ZeroWireload tcbn65gplustc_ccs

  Point                                                               Incr       Path
  --------------------------------------------------------------------------------------
  clock clk (rise edge)                                               0.00       0.00
  clock network delay (ideal)                                         0.00       0.00
  u_exact_mul/U_fp_mult/mult_x_13/clk_r_REG233_S2/CP (DFQD1)          0.00       0.00 r
  u_exact_mul/U_fp_mult/mult_x_13/clk_r_REG233_S2/Q (DFQD1)           0.09       0.09 r
  u_exact_mul/U935/Z (BUFFD1)                                         0.04       0.13 r
  u_exact_mul/U592/Z (BUFFD0)                                         0.04       0.17 r
  u_exact_mul/U1341/ZN (MUX2ND0)                                      0.03       0.20 f
  u_exact_mul/U_fp_mult/mult_x_13/U234/clk_r_REG234_S3/D (DFQD1)      0.00       0.20 f
  data arrival time                                                              0.20

  clock clk (rise edge)                                               0.00       0.00
  clock network delay (ideal)                                         0.00       0.00
  u_exact_mul/U_fp_mult/mult_x_13/U234/clk_r_REG234_S3/CP (DFQD1)     0.00       0.00 r
  library hold time                                                   0.02       0.02
  data required time                                                             0.02
  --------------------------------------------------------------------------------------
  data required time                                                             0.02
  data arrival time                                                             -0.20
  --------------------------------------------------------------------------------------
  slack (MET)                                                                    0.18


  Startpoint: u_exact_mul/U_fp_mult/mult_x_13/clk_r_REG269_S2
              (rising edge-triggered flip-flop clocked by clk)
  Endpoint: u_exact_mul/U_fp_mult/mult_x_13/U239/clk_r_REG217_S3
            (rising edge-triggered flip-flop clocked by clk)
  Path Group: clk
  Path Type: min

  Des/Clust/Port     Wire Load Model       Library
  ------------------------------------------------
  exact_fp32_mul_7stage ZeroWireload       tcbn65gplustc_ccs
  exact_fp32_mul_7stage_DW_lp_piped_fp_mult_J1_0 ZeroWireload tcbn65gplustc_ccs

  Point                                                               Incr       Path
  --------------------------------------------------------------------------------------
  clock clk (rise edge)                                               0.00       0.00
  clock network delay (ideal)                                         0.00       0.00
  u_exact_mul/U_fp_mult/mult_x_13/clk_r_REG269_S2/CP (DFQD1)          0.00       0.00 r
  u_exact_mul/U_fp_mult/mult_x_13/clk_r_REG269_S2/Q (DFQD1)           0.09       0.09 r
  u_exact_mul/U1244/ZN (MOAI22D0)                                     0.04       0.13 r
  u_exact_mul/U1245/ZN (AOI221D0)                                     0.02       0.16 f
  u_exact_mul/U1246/ZN (MUX2ND0)                                      0.04       0.20 f
  u_exact_mul/U_fp_mult/mult_x_13/U239/clk_r_REG217_S3/D (DFQD1)      0.00       0.20 f
  data arrival time                                                              0.20

  clock clk (rise edge)                                               0.00       0.00
  clock network delay (ideal)                                         0.00       0.00
  u_exact_mul/U_fp_mult/mult_x_13/U239/clk_r_REG217_S3/CP (DFQD1)     0.00       0.00 r
  library hold time                                                   0.02       0.02
  data required time                                                             0.02
  --------------------------------------------------------------------------------------
  data required time                                                             0.02
  data arrival time                                                             -0.20
  --------------------------------------------------------------------------------------
  slack (MET)                                                                    0.18


  Startpoint: u_exact_mul/U_fp_mult/mult_x_13/clk_r_REG266_S2
              (rising edge-triggered flip-flop clocked by clk)
  Endpoint: u_exact_mul/U_fp_mult/mult_x_13/U250/clk_r_REG240_S3
            (rising edge-triggered flip-flop clocked by clk)
  Path Group: clk
  Path Type: min

  Des/Clust/Port     Wire Load Model       Library
  ------------------------------------------------
  exact_fp32_mul_7stage ZeroWireload       tcbn65gplustc_ccs
  exact_fp32_mul_7stage_DW_lp_piped_fp_mult_J1_0 ZeroWireload tcbn65gplustc_ccs

  Point                                                               Incr       Path
  --------------------------------------------------------------------------------------
  clock clk (rise edge)                                               0.00       0.00
  clock network delay (ideal)                                         0.00       0.00
  u_exact_mul/U_fp_mult/mult_x_13/clk_r_REG266_S2/CP (DFQD1)          0.00       0.00 r
  u_exact_mul/U_fp_mult/mult_x_13/clk_r_REG266_S2/Q (DFQD1)           0.09       0.09 r
  u_exact_mul/U1350/ZN (MOAI22D0)                                     0.04       0.13 r
  u_exact_mul/U1351/ZN (AOI221D0)                                     0.02       0.16 f
  u_exact_mul/U1352/ZN (MUX2ND0)                                      0.04       0.20 f
  u_exact_mul/U_fp_mult/mult_x_13/U250/clk_r_REG240_S3/D (DFQD1)      0.00       0.20 f
  data arrival time                                                              0.20

  clock clk (rise edge)                                               0.00       0.00
  clock network delay (ideal)                                         0.00       0.00
  u_exact_mul/U_fp_mult/mult_x_13/U250/clk_r_REG240_S3/CP (DFQD1)     0.00       0.00 r
  library hold time                                                   0.02       0.02
  data required time                                                             0.02
  --------------------------------------------------------------------------------------
  data required time                                                             0.02
  data arrival time                                                             -0.20
  --------------------------------------------------------------------------------------
  slack (MET)                                                                    0.18


  Startpoint: u_exact_mul/U_fp_mult/mult_x_13/clk_r_REG268_S2
              (rising edge-triggered flip-flop clocked by clk)
  Endpoint: u_exact_mul/U_fp_mult/mult_x_13/U258/clk_r_REG238_S3
            (rising edge-triggered flip-flop clocked by clk)
  Path Group: clk
  Path Type: min

  Des/Clust/Port     Wire Load Model       Library
  ------------------------------------------------
  exact_fp32_mul_7stage ZeroWireload       tcbn65gplustc_ccs
  exact_fp32_mul_7stage_DW_lp_piped_fp_mult_J1_0 ZeroWireload tcbn65gplustc_ccs

  Point                                                               Incr       Path
  --------------------------------------------------------------------------------------
  clock clk (rise edge)                                               0.00       0.00
  clock network delay (ideal)                                         0.00       0.00
  u_exact_mul/U_fp_mult/mult_x_13/clk_r_REG268_S2/CP (DFQD1)          0.00       0.00 r
  u_exact_mul/U_fp_mult/mult_x_13/clk_r_REG268_S2/Q (DFQD1)           0.09       0.09 r
  u_exact_mul/U1358/ZN (MOAI22D0)                                     0.04       0.13 r
  u_exact_mul/U1359/ZN (AOI221D0)                                     0.02       0.16 f
  u_exact_mul/U1360/ZN (MUX2ND0)                                      0.04       0.20 f
  u_exact_mul/U_fp_mult/mult_x_13/U258/clk_r_REG238_S3/D (DFQD1)      0.00       0.20 f
  data arrival time                                                              0.20

  clock clk (rise edge)                                               0.00       0.00
  clock network delay (ideal)                                         0.00       0.00
  u_exact_mul/U_fp_mult/mult_x_13/U258/clk_r_REG238_S3/CP (DFQD1)     0.00       0.00 r
  library hold time                                                   0.02       0.02
  data required time                                                             0.02
  --------------------------------------------------------------------------------------
  data required time                                                             0.02
  data arrival time                                                             -0.20
  --------------------------------------------------------------------------------------
  slack (MET)                                                                    0.18


  Startpoint: u_exact_mul/U_fp_mult/mult_x_13/clk_r_REG208_S2
              (rising edge-triggered flip-flop clocked by clk)
  Endpoint: u_exact_mul/U_fp_mult/mult_x_13/U214/clk_r_REG211_S3
            (rising edge-triggered flip-flop clocked by clk)
  Path Group: clk
  Path Type: min

  Des/Clust/Port     Wire Load Model       Library
  ------------------------------------------------
  exact_fp32_mul_7stage ZeroWireload       tcbn65gplustc_ccs
  exact_fp32_mul_7stage_DW_lp_piped_fp_mult_J1_0 ZeroWireload tcbn65gplustc_ccs

  Point                                                               Incr       Path
  --------------------------------------------------------------------------------------
  clock clk (rise edge)                                               0.00       0.00
  clock network delay (ideal)                                         0.00       0.00
  u_exact_mul/U_fp_mult/mult_x_13/clk_r_REG208_S2/CP (DFQD1)          0.00       0.00 r
  u_exact_mul/U_fp_mult/mult_x_13/clk_r_REG208_S2/Q (DFQD1)           0.09       0.09 r
  u_exact_mul/U927/Z (BUFFD1)                                         0.04       0.13 r
  u_exact_mul/U634/Z (BUFFD0)                                         0.04       0.17 r
  u_exact_mul/U1228/ZN (MUX2ND0)                                      0.03       0.20 f
  u_exact_mul/U_fp_mult/mult_x_13/U214/clk_r_REG211_S3/D (DFQD1)      0.00       0.20 f
  data arrival time                                                              0.20

  clock clk (rise edge)                                               0.00       0.00
  clock network delay (ideal)                                         0.00       0.00
  u_exact_mul/U_fp_mult/mult_x_13/U214/clk_r_REG211_S3/CP (DFQD1)     0.00       0.00 r
  library hold time                                                   0.02       0.02
  data required time                                                             0.02
  --------------------------------------------------------------------------------------
  data required time                                                             0.02
  data arrival time                                                             -0.20
  --------------------------------------------------------------------------------------
  slack (MET)                                                                    0.18


  Startpoint: u_exact_mul/U_fp_mult/mult_x_13/clk_r_REG208_S2
              (rising edge-triggered flip-flop clocked by clk)
  Endpoint: u_exact_mul/U_fp_mult/mult_x_13/U218/clk_r_REG210_S3
            (rising edge-triggered flip-flop clocked by clk)
  Path Group: clk
  Path Type: min

  Des/Clust/Port     Wire Load Model       Library
  ------------------------------------------------
  exact_fp32_mul_7stage ZeroWireload       tcbn65gplustc_ccs
  exact_fp32_mul_7stage_DW_lp_piped_fp_mult_J1_0 ZeroWireload tcbn65gplustc_ccs

  Point                                                               Incr       Path
  --------------------------------------------------------------------------------------
  clock clk (rise edge)                                               0.00       0.00
  clock network delay (ideal)                                         0.00       0.00
  u_exact_mul/U_fp_mult/mult_x_13/clk_r_REG208_S2/CP (DFQD1)          0.00       0.00 r
  u_exact_mul/U_fp_mult/mult_x_13/clk_r_REG208_S2/Q (DFQD1)           0.09       0.09 r
  u_exact_mul/U927/Z (BUFFD1)                                         0.04       0.13 r
  u_exact_mul/U634/Z (BUFFD0)                                         0.04       0.17 r
  u_exact_mul/U1231/ZN (MUX2ND0)                                      0.03       0.20 f
  u_exact_mul/U_fp_mult/mult_x_13/U218/clk_r_REG210_S3/D (DFQD1)      0.00       0.20 f
  data arrival time                                                              0.20

  clock clk (rise edge)                                               0.00       0.00
  clock network delay (ideal)                                         0.00       0.00
  u_exact_mul/U_fp_mult/mult_x_13/U218/clk_r_REG210_S3/CP (DFQD1)     0.00       0.00 r
  library hold time                                                   0.02       0.02
  data required time                                                             0.02
  --------------------------------------------------------------------------------------
  data required time                                                             0.02
  data arrival time                                                             -0.20
  --------------------------------------------------------------------------------------
  slack (MET)                                                                    0.18


  Startpoint: u_exact_mul/U_fp_mult/mult_x_13/clk_r_REG208_S2
              (rising edge-triggered flip-flop clocked by clk)
  Endpoint: u_exact_mul/U_fp_mult/mult_x_13/U222/clk_r_REG214_S3
            (rising edge-triggered flip-flop clocked by clk)
  Path Group: clk
  Path Type: min

  Des/Clust/Port     Wire Load Model       Library
  ------------------------------------------------
  exact_fp32_mul_7stage ZeroWireload       tcbn65gplustc_ccs
  exact_fp32_mul_7stage_DW_lp_piped_fp_mult_J1_0 ZeroWireload tcbn65gplustc_ccs

  Point                                                               Incr       Path
  --------------------------------------------------------------------------------------
  clock clk (rise edge)                                               0.00       0.00
  clock network delay (ideal)                                         0.00       0.00
  u_exact_mul/U_fp_mult/mult_x_13/clk_r_REG208_S2/CP (DFQD1)          0.00       0.00 r
  u_exact_mul/U_fp_mult/mult_x_13/clk_r_REG208_S2/Q (DFQD1)           0.09       0.09 r
  u_exact_mul/U927/Z (BUFFD1)                                         0.04       0.13 r
  u_exact_mul/U634/Z (BUFFD0)                                         0.04       0.17 r
  u_exact_mul/U1234/ZN (MUX2ND0)                                      0.03       0.20 f
  u_exact_mul/U_fp_mult/mult_x_13/U222/clk_r_REG214_S3/D (DFQD1)      0.00       0.20 f
  data arrival time                                                              0.20

  clock clk (rise edge)                                               0.00       0.00
  clock network delay (ideal)                                         0.00       0.00
  u_exact_mul/U_fp_mult/mult_x_13/U222/clk_r_REG214_S3/CP (DFQD1)     0.00       0.00 r
  library hold time                                                   0.02       0.02
  data required time                                                             0.02
  --------------------------------------------------------------------------------------
  data required time                                                             0.02
  data arrival time                                                             -0.20
  --------------------------------------------------------------------------------------
  slack (MET)                                                                    0.18


  Startpoint: u_exact_mul/U_fp_mult/mult_x_13/clk_r_REG220_S2
              (rising edge-triggered flip-flop clocked by clk)
  Endpoint: u_exact_mul/U_fp_mult/mult_x_13/U226/clk_r_REG224_S3
            (rising edge-triggered flip-flop clocked by clk)
  Path Group: clk
  Path Type: min

  Des/Clust/Port     Wire Load Model       Library
  ------------------------------------------------
  exact_fp32_mul_7stage ZeroWireload       tcbn65gplustc_ccs
  exact_fp32_mul_7stage_DW_lp_piped_fp_mult_J1_0 ZeroWireload tcbn65gplustc_ccs

  Point                                                               Incr       Path
  --------------------------------------------------------------------------------------
  clock clk (rise edge)                                               0.00       0.00
  clock network delay (ideal)                                         0.00       0.00
  u_exact_mul/U_fp_mult/mult_x_13/clk_r_REG220_S2/CP (DFQD1)          0.00       0.00 r
  u_exact_mul/U_fp_mult/mult_x_13/clk_r_REG220_S2/Q (DFQD1)           0.09       0.09 r
  u_exact_mul/U1041/Z (BUFFD1)                                        0.04       0.13 r
  u_exact_mul/U603/Z (BUFFD0)                                         0.04       0.17 r
  u_exact_mul/U1285/ZN (MUX2ND0)                                      0.03       0.20 f
  u_exact_mul/U_fp_mult/mult_x_13/U226/clk_r_REG224_S3/D (DFQD1)      0.00       0.20 f
  data arrival time                                                              0.20

  clock clk (rise edge)                                               0.00       0.00
  clock network delay (ideal)                                         0.00       0.00
  u_exact_mul/U_fp_mult/mult_x_13/U226/clk_r_REG224_S3/CP (DFQD1)     0.00       0.00 r
  library hold time                                                   0.02       0.02
  data required time                                                             0.02
  --------------------------------------------------------------------------------------
  data required time                                                             0.02
  data arrival time                                                             -0.20
  --------------------------------------------------------------------------------------
  slack (MET)                                                                    0.18


  Startpoint: u_exact_mul/U_fp_mult/mult_x_13/clk_r_REG220_S2
              (rising edge-triggered flip-flop clocked by clk)
  Endpoint: u_exact_mul/U_fp_mult/mult_x_13/U230/clk_r_REG223_S3
            (rising edge-triggered flip-flop clocked by clk)
  Path Group: clk
  Path Type: min

  Des/Clust/Port     Wire Load Model       Library
  ------------------------------------------------
  exact_fp32_mul_7stage ZeroWireload       tcbn65gplustc_ccs
  exact_fp32_mul_7stage_DW_lp_piped_fp_mult_J1_0 ZeroWireload tcbn65gplustc_ccs

  Point                                                               Incr       Path
  --------------------------------------------------------------------------------------
  clock clk (rise edge)                                               0.00       0.00
  clock network delay (ideal)                                         0.00       0.00
  u_exact_mul/U_fp_mult/mult_x_13/clk_r_REG220_S2/CP (DFQD1)          0.00       0.00 r
  u_exact_mul/U_fp_mult/mult_x_13/clk_r_REG220_S2/Q (DFQD1)           0.09       0.09 r
  u_exact_mul/U1041/Z (BUFFD1)                                        0.04       0.13 r
  u_exact_mul/U603/Z (BUFFD0)                                         0.04       0.17 r
  u_exact_mul/U1288/ZN (MUX2ND0)                                      0.03       0.20 f
  u_exact_mul/U_fp_mult/mult_x_13/U230/clk_r_REG223_S3/D (DFQD1)      0.00       0.20 f
  data arrival time                                                              0.20

  clock clk (rise edge)                                               0.00       0.00
  clock network delay (ideal)                                         0.00       0.00
  u_exact_mul/U_fp_mult/mult_x_13/U230/clk_r_REG223_S3/CP (DFQD1)     0.00       0.00 r
  library hold time                                                   0.02       0.02
  data required time                                                             0.02
  --------------------------------------------------------------------------------------
  data required time                                                             0.02
  data arrival time                                                             -0.20
  --------------------------------------------------------------------------------------
  slack (MET)                                                                    0.18


  Startpoint: u_exact_mul/U_fp_mult/mult_x_13/clk_r_REG220_S2
              (rising edge-triggered flip-flop clocked by clk)
  Endpoint: u_exact_mul/U_fp_mult/mult_x_13/U234/clk_r_REG228_S3
            (rising edge-triggered flip-flop clocked by clk)
  Path Group: clk
  Path Type: min

  Des/Clust/Port     Wire Load Model       Library
  ------------------------------------------------
  exact_fp32_mul_7stage ZeroWireload       tcbn65gplustc_ccs
  exact_fp32_mul_7stage_DW_lp_piped_fp_mult_J1_0 ZeroWireload tcbn65gplustc_ccs

  Point                                                               Incr       Path
  --------------------------------------------------------------------------------------
  clock clk (rise edge)                                               0.00       0.00
  clock network delay (ideal)                                         0.00       0.00
  u_exact_mul/U_fp_mult/mult_x_13/clk_r_REG220_S2/CP (DFQD1)          0.00       0.00 r
  u_exact_mul/U_fp_mult/mult_x_13/clk_r_REG220_S2/Q (DFQD1)           0.09       0.09 r
  u_exact_mul/U1041/Z (BUFFD1)                                        0.04       0.13 r
  u_exact_mul/U603/Z (BUFFD0)                                         0.04       0.17 r
  u_exact_mul/U1291/ZN (MUX2ND0)                                      0.03       0.20 f
  u_exact_mul/U_fp_mult/mult_x_13/U234/clk_r_REG228_S3/D (DFQD1)      0.00       0.20 f
  data arrival time                                                              0.20

  clock clk (rise edge)                                               0.00       0.00
  clock network delay (ideal)                                         0.00       0.00
  u_exact_mul/U_fp_mult/mult_x_13/U234/clk_r_REG228_S3/CP (DFQD1)     0.00       0.00 r
  library hold time                                                   0.02       0.02
  data required time                                                             0.02
  --------------------------------------------------------------------------------------
  data required time                                                             0.02
  data arrival time                                                             -0.20
  --------------------------------------------------------------------------------------
  slack (MET)                                                                    0.18


  Startpoint: u_exact_mul/U_fp_mult/mult_x_13/clk_r_REG233_S2
              (rising edge-triggered flip-flop clocked by clk)
  Endpoint: u_exact_mul/U_fp_mult/mult_x_13/U238/clk_r_REG237_S3
            (rising edge-triggered flip-flop clocked by clk)
  Path Group: clk
  Path Type: min

  Des/Clust/Port     Wire Load Model       Library
  ------------------------------------------------
  exact_fp32_mul_7stage ZeroWireload       tcbn65gplustc_ccs
  exact_fp32_mul_7stage_DW_lp_piped_fp_mult_J1_0 ZeroWireload tcbn65gplustc_ccs

  Point                                                               Incr       Path
  --------------------------------------------------------------------------------------
  clock clk (rise edge)                                               0.00       0.00
  clock network delay (ideal)                                         0.00       0.00
  u_exact_mul/U_fp_mult/mult_x_13/clk_r_REG233_S2/CP (DFQD1)          0.00       0.00 r
  u_exact_mul/U_fp_mult/mult_x_13/clk_r_REG233_S2/Q (DFQD1)           0.09       0.09 r
  u_exact_mul/U935/Z (BUFFD1)                                         0.04       0.13 r
  u_exact_mul/U592/Z (BUFFD0)                                         0.04       0.17 r
  u_exact_mul/U1345/ZN (MUX2ND0)                                      0.03       0.20 f
  u_exact_mul/U_fp_mult/mult_x_13/U238/clk_r_REG237_S3/D (DFQD1)      0.00       0.20 f
  data arrival time                                                              0.20

  clock clk (rise edge)                                               0.00       0.00
  clock network delay (ideal)                                         0.00       0.00
  u_exact_mul/U_fp_mult/mult_x_13/U238/clk_r_REG237_S3/CP (DFQD1)     0.00       0.00 r
  library hold time                                                   0.02       0.02
  data required time                                                             0.02
  --------------------------------------------------------------------------------------
  data required time                                                             0.02
  data arrival time                                                             -0.20
  --------------------------------------------------------------------------------------
  slack (MET)                                                                    0.18


  Startpoint: u_exact_mul/U_fp_mult/mult_x_13/clk_r_REG233_S2
              (rising edge-triggered flip-flop clocked by clk)
  Endpoint: u_exact_mul/U_fp_mult/mult_x_13/U242/clk_r_REG236_S3
            (rising edge-triggered flip-flop clocked by clk)
  Path Group: clk
  Path Type: min

  Des/Clust/Port     Wire Load Model       Library
  ------------------------------------------------
  exact_fp32_mul_7stage ZeroWireload       tcbn65gplustc_ccs
  exact_fp32_mul_7stage_DW_lp_piped_fp_mult_J1_0 ZeroWireload tcbn65gplustc_ccs

  Point                                                               Incr       Path
  --------------------------------------------------------------------------------------
  clock clk (rise edge)                                               0.00       0.00
  clock network delay (ideal)                                         0.00       0.00
  u_exact_mul/U_fp_mult/mult_x_13/clk_r_REG233_S2/CP (DFQD1)          0.00       0.00 r
  u_exact_mul/U_fp_mult/mult_x_13/clk_r_REG233_S2/Q (DFQD1)           0.09       0.09 r
  u_exact_mul/U935/Z (BUFFD1)                                         0.04       0.13 r
  u_exact_mul/U592/Z (BUFFD0)                                         0.04       0.17 r
  u_exact_mul/U1347/ZN (MUX2ND0)                                      0.03       0.20 f
  u_exact_mul/U_fp_mult/mult_x_13/U242/clk_r_REG236_S3/D (DFQD1)      0.00       0.20 f
  data arrival time                                                              0.20

  clock clk (rise edge)                                               0.00       0.00
  clock network delay (ideal)                                         0.00       0.00
  u_exact_mul/U_fp_mult/mult_x_13/U242/clk_r_REG236_S3/CP (DFQD1)     0.00       0.00 r
  library hold time                                                   0.02       0.02
  data required time                                                             0.02
  --------------------------------------------------------------------------------------
  data required time                                                             0.02
  data arrival time                                                             -0.20
  --------------------------------------------------------------------------------------
  slack (MET)                                                                    0.18


  Startpoint: u_exact_mul/U_fp_mult/mult_x_13/clk_r_REG233_S2
              (rising edge-triggered flip-flop clocked by clk)
  Endpoint: u_exact_mul/U_fp_mult/mult_x_13/U246/clk_r_REG241_S3
            (rising edge-triggered flip-flop clocked by clk)
  Path Group: clk
  Path Type: min

  Des/Clust/Port     Wire Load Model       Library
  ------------------------------------------------
  exact_fp32_mul_7stage ZeroWireload       tcbn65gplustc_ccs
  exact_fp32_mul_7stage_DW_lp_piped_fp_mult_J1_0 ZeroWireload tcbn65gplustc_ccs

  Point                                                               Incr       Path
  --------------------------------------------------------------------------------------
  clock clk (rise edge)                                               0.00       0.00
  clock network delay (ideal)                                         0.00       0.00
  u_exact_mul/U_fp_mult/mult_x_13/clk_r_REG233_S2/CP (DFQD1)          0.00       0.00 r
  u_exact_mul/U_fp_mult/mult_x_13/clk_r_REG233_S2/Q (DFQD1)           0.09       0.09 r
  u_exact_mul/U935/Z (BUFFD1)                                         0.04       0.13 r
  u_exact_mul/U592/Z (BUFFD0)                                         0.04       0.17 r
  u_exact_mul/U1349/ZN (MUX2ND0)                                      0.03       0.20 f
  u_exact_mul/U_fp_mult/mult_x_13/U246/clk_r_REG241_S3/D (DFQD1)      0.00       0.20 f
  data arrival time                                                              0.20

  clock clk (rise edge)                                               0.00       0.00
  clock network delay (ideal)                                         0.00       0.00
  u_exact_mul/U_fp_mult/mult_x_13/U246/clk_r_REG241_S3/CP (DFQD1)     0.00       0.00 r
  library hold time                                                   0.02       0.02
  data required time                                                             0.02
  --------------------------------------------------------------------------------------
  data required time                                                             0.02
  data arrival time                                                             -0.20
  --------------------------------------------------------------------------------------
  slack (MET)                                                                    0.18


  Startpoint: u_exact_mul/U_fp_mult/mult_x_13/clk_r_REG208_S2
              (rising edge-triggered flip-flop clocked by clk)
  Endpoint: u_exact_mul/U_fp_mult/mult_x_13/U226/clk_r_REG213_S3
            (rising edge-triggered flip-flop clocked by clk)
  Path Group: clk
  Path Type: min

  Des/Clust/Port     Wire Load Model       Library
  ------------------------------------------------
  exact_fp32_mul_7stage ZeroWireload       tcbn65gplustc_ccs
  exact_fp32_mul_7stage_DW_lp_piped_fp_mult_J1_0 ZeroWireload tcbn65gplustc_ccs

  Point                                                               Incr       Path
  --------------------------------------------------------------------------------------
  clock clk (rise edge)                                               0.00       0.00
  clock network delay (ideal)                                         0.00       0.00
  u_exact_mul/U_fp_mult/mult_x_13/clk_r_REG208_S2/CP (DFQD1)          0.00       0.00 r
  u_exact_mul/U_fp_mult/mult_x_13/clk_r_REG208_S2/Q (DFQD1)           0.09       0.09 r
  u_exact_mul/U927/Z (BUFFD1)                                         0.04       0.13 r
  u_exact_mul/U159/Z (BUFFD0)                                         0.04       0.17 r
  u_exact_mul/U1237/ZN (MUX2ND0)                                      0.03       0.20 f
  u_exact_mul/U_fp_mult/mult_x_13/U226/clk_r_REG213_S3/D (DFQD1)      0.00       0.20 f
  data arrival time                                                              0.20

  clock clk (rise edge)                                               0.00       0.00
  clock network delay (ideal)                                         0.00       0.00
  u_exact_mul/U_fp_mult/mult_x_13/U226/clk_r_REG213_S3/CP (DFQD1)     0.00       0.00 r
  library hold time                                                   0.02       0.02
  data required time                                                             0.02
  --------------------------------------------------------------------------------------
  data required time                                                             0.02
  data arrival time                                                             -0.20
  --------------------------------------------------------------------------------------
  slack (MET)                                                                    0.18


  Startpoint: u_exact_mul/U_fp_mult/mult_x_13/clk_r_REG208_S2
              (rising edge-triggered flip-flop clocked by clk)
  Endpoint: u_exact_mul/U_fp_mult/mult_x_13/U230/clk_r_REG212_S3
            (rising edge-triggered flip-flop clocked by clk)
  Path Group: clk
  Path Type: min

  Des/Clust/Port     Wire Load Model       Library
  ------------------------------------------------
  exact_fp32_mul_7stage ZeroWireload       tcbn65gplustc_ccs
  exact_fp32_mul_7stage_DW_lp_piped_fp_mult_J1_0 ZeroWireload tcbn65gplustc_ccs

  Point                                                               Incr       Path
  --------------------------------------------------------------------------------------
  clock clk (rise edge)                                               0.00       0.00
  clock network delay (ideal)                                         0.00       0.00
  u_exact_mul/U_fp_mult/mult_x_13/clk_r_REG208_S2/CP (DFQD1)          0.00       0.00 r
  u_exact_mul/U_fp_mult/mult_x_13/clk_r_REG208_S2/Q (DFQD1)           0.09       0.09 r
  u_exact_mul/U927/Z (BUFFD1)                                         0.04       0.13 r
  u_exact_mul/U159/Z (BUFFD0)                                         0.04       0.17 r
  u_exact_mul/U1240/ZN (MUX2ND0)                                      0.03       0.20 f
  u_exact_mul/U_fp_mult/mult_x_13/U230/clk_r_REG212_S3/D (DFQD1)      0.00       0.20 f
  data arrival time                                                              0.20

  clock clk (rise edge)                                               0.00       0.00
  clock network delay (ideal)                                         0.00       0.00
  u_exact_mul/U_fp_mult/mult_x_13/U230/clk_r_REG212_S3/CP (DFQD1)     0.00       0.00 r
  library hold time                                                   0.02       0.02
  data required time                                                             0.02
  --------------------------------------------------------------------------------------
  data required time                                                             0.02
  data arrival time                                                             -0.20
  --------------------------------------------------------------------------------------
  slack (MET)                                                                    0.18


  Startpoint: u_exact_mul/U_fp_mult/mult_x_13/clk_r_REG220_S2
              (rising edge-triggered flip-flop clocked by clk)
  Endpoint: u_exact_mul/U_fp_mult/mult_x_13/U242/clk_r_REG226_S3
            (rising edge-triggered flip-flop clocked by clk)
  Path Group: clk
  Path Type: min

  Des/Clust/Port     Wire Load Model       Library
  ------------------------------------------------
  exact_fp32_mul_7stage ZeroWireload       tcbn65gplustc_ccs
  exact_fp32_mul_7stage_DW_lp_piped_fp_mult_J1_0 ZeroWireload tcbn65gplustc_ccs

  Point                                                               Incr       Path
  --------------------------------------------------------------------------------------
  clock clk (rise edge)                                               0.00       0.00
  clock network delay (ideal)                                         0.00       0.00
  u_exact_mul/U_fp_mult/mult_x_13/clk_r_REG220_S2/CP (DFQD1)          0.00       0.00 r
  u_exact_mul/U_fp_mult/mult_x_13/clk_r_REG220_S2/Q (DFQD1)           0.09       0.09 r
  u_exact_mul/U1041/Z (BUFFD1)                                        0.04       0.13 r
  u_exact_mul/U164/Z (BUFFD0)                                         0.04       0.17 r
  u_exact_mul/U1297/ZN (MUX2ND0)                                      0.03       0.20 f
  u_exact_mul/U_fp_mult/mult_x_13/U242/clk_r_REG226_S3/D (DFQD1)      0.00       0.20 f
  data arrival time                                                              0.20

  clock clk (rise edge)                                               0.00       0.00
  clock network delay (ideal)                                         0.00       0.00
  u_exact_mul/U_fp_mult/mult_x_13/U242/clk_r_REG226_S3/CP (DFQD1)     0.00       0.00 r
  library hold time                                                   0.02       0.02
  data required time                                                             0.02
  --------------------------------------------------------------------------------------
  data required time                                                             0.02
  data arrival time                                                             -0.20
  --------------------------------------------------------------------------------------
  slack (MET)                                                                    0.18


  Startpoint: u_exact_mul/U_fp_mult/mult_x_13/clk_r_REG220_S2
              (rising edge-triggered flip-flop clocked by clk)
  Endpoint: u_exact_mul/U_fp_mult/mult_x_13/U246/clk_r_REG225_S3
            (rising edge-triggered flip-flop clocked by clk)
  Path Group: clk
  Path Type: min

  Des/Clust/Port     Wire Load Model       Library
  ------------------------------------------------
  exact_fp32_mul_7stage ZeroWireload       tcbn65gplustc_ccs
  exact_fp32_mul_7stage_DW_lp_piped_fp_mult_J1_0 ZeroWireload tcbn65gplustc_ccs

  Point                                                               Incr       Path
  --------------------------------------------------------------------------------------
  clock clk (rise edge)                                               0.00       0.00
  clock network delay (ideal)                                         0.00       0.00
  u_exact_mul/U_fp_mult/mult_x_13/clk_r_REG220_S2/CP (DFQD1)          0.00       0.00 r
  u_exact_mul/U_fp_mult/mult_x_13/clk_r_REG220_S2/Q (DFQD1)           0.09       0.09 r
  u_exact_mul/U1041/Z (BUFFD1)                                        0.04       0.13 r
  u_exact_mul/U164/Z (BUFFD0)                                         0.04       0.17 r
  u_exact_mul/U1300/ZN (MUX2ND0)                                      0.03       0.20 f
  u_exact_mul/U_fp_mult/mult_x_13/U246/clk_r_REG225_S3/D (DFQD1)      0.00       0.20 f
  data arrival time                                                              0.20

  clock clk (rise edge)                                               0.00       0.00
  clock network delay (ideal)                                         0.00       0.00
  u_exact_mul/U_fp_mult/mult_x_13/U246/clk_r_REG225_S3/CP (DFQD1)     0.00       0.00 r
  library hold time                                                   0.02       0.02
  data required time                                                             0.02
  --------------------------------------------------------------------------------------
  data required time                                                             0.02
  data arrival time                                                             -0.20
  --------------------------------------------------------------------------------------
  slack (MET)                                                                    0.18


  Startpoint: u_exact_mul/U_fp_mult/mult_x_13/clk_r_REG208_S2
              (rising edge-triggered flip-flop clocked by clk)
  Endpoint: u_exact_mul/U_fp_mult/mult_x_13/U247/clk_r_REG215_S3
            (rising edge-triggered flip-flop clocked by clk)
  Path Group: clk
  Path Type: min

  Des/Clust/Port     Wire Load Model       Library
  ------------------------------------------------
  exact_fp32_mul_7stage ZeroWireload       tcbn65gplustc_ccs
  exact_fp32_mul_7stage_DW_lp_piped_fp_mult_J1_0 ZeroWireload tcbn65gplustc_ccs

  Point                                                               Incr       Path
  --------------------------------------------------------------------------------------
  clock clk (rise edge)                                               0.00       0.00
  clock network delay (ideal)                                         0.00       0.00
  u_exact_mul/U_fp_mult/mult_x_13/clk_r_REG208_S2/CP (DFQD1)          0.00       0.00 r
  u_exact_mul/U_fp_mult/mult_x_13/clk_r_REG208_S2/Q (DFQD1)           0.09       0.09 r
  u_exact_mul/U927/Z (BUFFD1)                                         0.04       0.13 r
  u_exact_mul/U615/Z (BUFFD0)                                         0.04       0.17 r
  u_exact_mul/U1252/ZN (MUX2ND0)                                      0.03       0.20 f
  u_exact_mul/U_fp_mult/mult_x_13/U247/clk_r_REG215_S3/D (DFQD1)      0.00       0.20 f
  data arrival time                                                              0.20

  clock clk (rise edge)                                               0.00       0.00
  clock network delay (ideal)                                         0.00       0.00
  u_exact_mul/U_fp_mult/mult_x_13/U247/clk_r_REG215_S3/CP (DFQD1)     0.00       0.00 r
  library hold time                                                   0.02       0.02
  data required time                                                             0.02
  --------------------------------------------------------------------------------------
  data required time                                                             0.02
  data arrival time                                                             -0.20
  --------------------------------------------------------------------------------------
  slack (MET)                                                                    0.18


  Startpoint: u_exact_mul/U_fp_mult/mult_x_13/clk_r_REG220_S2
              (rising edge-triggered flip-flop clocked by clk)
  Endpoint: u_exact_mul/U_fp_mult/mult_x_13/U250/clk_r_REG229_S3
            (rising edge-triggered flip-flop clocked by clk)
  Path Group: clk
  Path Type: min

  Des/Clust/Port     Wire Load Model       Library
  ------------------------------------------------
  exact_fp32_mul_7stage ZeroWireload       tcbn65gplustc_ccs
  exact_fp32_mul_7stage_DW_lp_piped_fp_mult_J1_0 ZeroWireload tcbn65gplustc_ccs

  Point                                                               Incr       Path
  --------------------------------------------------------------------------------------
  clock clk (rise edge)                                               0.00       0.00
  clock network delay (ideal)                                         0.00       0.00
  u_exact_mul/U_fp_mult/mult_x_13/clk_r_REG220_S2/CP (DFQD1)          0.00       0.00 r
  u_exact_mul/U_fp_mult/mult_x_13/clk_r_REG220_S2/Q (DFQD1)           0.09       0.09 r
  u_exact_mul/U1041/Z (BUFFD1)                                        0.04       0.13 r
  u_exact_mul/U609/Z (BUFFD0)                                         0.04       0.17 r
  u_exact_mul/U1303/ZN (MUX2ND0)                                      0.03       0.20 f
  u_exact_mul/U_fp_mult/mult_x_13/U250/clk_r_REG229_S3/D (DFQD1)      0.00       0.20 f
  data arrival time                                                              0.20

  clock clk (rise edge)                                               0.00       0.00
  clock network delay (ideal)                                         0.00       0.00
  u_exact_mul/U_fp_mult/mult_x_13/U250/clk_r_REG229_S3/CP (DFQD1)     0.00       0.00 r
  library hold time                                                   0.02       0.02
  data required time                                                             0.02
  --------------------------------------------------------------------------------------
  data required time                                                             0.02
  data arrival time                                                             -0.20
  --------------------------------------------------------------------------------------
  slack (MET)                                                                    0.18


  Startpoint: u_exact_mul/U_fp_mult/mult_x_13/clk_r_REG233_S2
              (rising edge-triggered flip-flop clocked by clk)
  Endpoint: u_exact_mul/U_fp_mult/mult_x_13/U254/clk_r_REG239_S3
            (rising edge-triggered flip-flop clocked by clk)
  Path Group: clk
  Path Type: min

  Des/Clust/Port     Wire Load Model       Library
  ------------------------------------------------
  exact_fp32_mul_7stage ZeroWireload       tcbn65gplustc_ccs
  exact_fp32_mul_7stage_DW_lp_piped_fp_mult_J1_0 ZeroWireload tcbn65gplustc_ccs

  Point                                                               Incr       Path
  --------------------------------------------------------------------------------------
  clock clk (rise edge)                                               0.00       0.00
  clock network delay (ideal)                                         0.00       0.00
  u_exact_mul/U_fp_mult/mult_x_13/clk_r_REG233_S2/CP (DFQD1)          0.00       0.00 r
  u_exact_mul/U_fp_mult/mult_x_13/clk_r_REG233_S2/Q (DFQD1)           0.09       0.09 r
  u_exact_mul/U935/Z (BUFFD1)                                         0.04       0.13 r
  u_exact_mul/U654/Z (BUFFD0)                                         0.04       0.17 r
  u_exact_mul/U1357/ZN (MUX2ND0)                                      0.03       0.20 f
  u_exact_mul/U_fp_mult/mult_x_13/U254/clk_r_REG239_S3/D (DFQD1)      0.00       0.20 f
  data arrival time                                                              0.20

  clock clk (rise edge)                                               0.00       0.00
  clock network delay (ideal)                                         0.00       0.00
  u_exact_mul/U_fp_mult/mult_x_13/U254/clk_r_REG239_S3/CP (DFQD1)     0.00       0.00 r
  library hold time                                                   0.02       0.02
  data required time                                                             0.02
  --------------------------------------------------------------------------------------
  data required time                                                             0.02
  data arrival time                                                             -0.20
  --------------------------------------------------------------------------------------
  slack (MET)                                                                    0.18


  Startpoint: u_exact_mul/U_fp_mult/mult_x_13/clk_r_REG233_S2
              (rising edge-triggered flip-flop clocked by clk)
  Endpoint: u_exact_mul/U_fp_mult/mult_x_13/U262/clk_r_REG244_S3
            (rising edge-triggered flip-flop clocked by clk)
  Path Group: clk
  Path Type: min

  Des/Clust/Port     Wire Load Model       Library
  ------------------------------------------------
  exact_fp32_mul_7stage ZeroWireload       tcbn65gplustc_ccs
  exact_fp32_mul_7stage_DW_lp_piped_fp_mult_J1_0 ZeroWireload tcbn65gplustc_ccs

  Point                                                               Incr       Path
  --------------------------------------------------------------------------------------
  clock clk (rise edge)                                               0.00       0.00
  clock network delay (ideal)                                         0.00       0.00
  u_exact_mul/U_fp_mult/mult_x_13/clk_r_REG233_S2/CP (DFQD1)          0.00       0.00 r
  u_exact_mul/U_fp_mult/mult_x_13/clk_r_REG233_S2/Q (DFQD1)           0.09       0.09 r
  u_exact_mul/U935/Z (BUFFD1)                                         0.04       0.13 r
  u_exact_mul/U1361/Z (BUFFD0)                                        0.04       0.17 r
  u_exact_mul/U1364/ZN (MUX2ND0)                                      0.03       0.20 f
  u_exact_mul/U_fp_mult/mult_x_13/U262/clk_r_REG244_S3/D (DFQD1)      0.00       0.20 f
  data arrival time                                                              0.20

  clock clk (rise edge)                                               0.00       0.00
  clock network delay (ideal)                                         0.00       0.00
  u_exact_mul/U_fp_mult/mult_x_13/U262/clk_r_REG244_S3/CP (DFQD1)     0.00       0.00 r
  library hold time                                                   0.02       0.02
  data required time                                                             0.02
  --------------------------------------------------------------------------------------
  data required time                                                             0.02
  data arrival time                                                             -0.20
  --------------------------------------------------------------------------------------
  slack (MET)                                                                    0.18


  Startpoint: u_exact_mul/U_fp_mult/mult_x_13/clk_r_REG233_S2
              (rising edge-triggered flip-flop clocked by clk)
  Endpoint: u_exact_mul/U_fp_mult/mult_x_13/U266/clk_r_REG243_S3
            (rising edge-triggered flip-flop clocked by clk)
  Path Group: clk
  Path Type: min

  Des/Clust/Port     Wire Load Model       Library
  ------------------------------------------------
  exact_fp32_mul_7stage ZeroWireload       tcbn65gplustc_ccs
  exact_fp32_mul_7stage_DW_lp_piped_fp_mult_J1_0 ZeroWireload tcbn65gplustc_ccs

  Point                                                               Incr       Path
  --------------------------------------------------------------------------------------
  clock clk (rise edge)                                               0.00       0.00
  clock network delay (ideal)                                         0.00       0.00
  u_exact_mul/U_fp_mult/mult_x_13/clk_r_REG233_S2/CP (DFQD1)          0.00       0.00 r
  u_exact_mul/U_fp_mult/mult_x_13/clk_r_REG233_S2/Q (DFQD1)           0.09       0.09 r
  u_exact_mul/U935/Z (BUFFD1)                                         0.04       0.13 r
  u_exact_mul/U1361/Z (BUFFD0)                                        0.04       0.17 r
  u_exact_mul/U1367/ZN (MUX2ND0)                                      0.03       0.20 f
  u_exact_mul/U_fp_mult/mult_x_13/U266/clk_r_REG243_S3/D (DFQD1)      0.00       0.20 f
  data arrival time                                                              0.20

  clock clk (rise edge)                                               0.00       0.00
  clock network delay (ideal)                                         0.00       0.00
  u_exact_mul/U_fp_mult/mult_x_13/U266/clk_r_REG243_S3/CP (DFQD1)     0.00       0.00 r
  library hold time                                                   0.02       0.02
  data required time                                                             0.02
  --------------------------------------------------------------------------------------
  data required time                                                             0.02
  data arrival time                                                             -0.20
  --------------------------------------------------------------------------------------
  slack (MET)                                                                    0.18


  Startpoint: u_exact_mul/U_fp_mult/mult_x_13/clk_r_REG233_S2
              (rising edge-triggered flip-flop clocked by clk)
  Endpoint: u_exact_mul/U_fp_mult/mult_x_13/U270/clk_r_REG242_S3
            (rising edge-triggered flip-flop clocked by clk)
  Path Group: clk
  Path Type: min

  Des/Clust/Port     Wire Load Model       Library
  ------------------------------------------------
  exact_fp32_mul_7stage ZeroWireload       tcbn65gplustc_ccs
  exact_fp32_mul_7stage_DW_lp_piped_fp_mult_J1_0 ZeroWireload tcbn65gplustc_ccs

  Point                                                               Incr       Path
  --------------------------------------------------------------------------------------
  clock clk (rise edge)                                               0.00       0.00
  clock network delay (ideal)                                         0.00       0.00
  u_exact_mul/U_fp_mult/mult_x_13/clk_r_REG233_S2/CP (DFQD1)          0.00       0.00 r
  u_exact_mul/U_fp_mult/mult_x_13/clk_r_REG233_S2/Q (DFQD1)           0.09       0.09 r
  u_exact_mul/U935/Z (BUFFD1)                                         0.04       0.13 r
  u_exact_mul/U1361/Z (BUFFD0)                                        0.04       0.17 r
  u_exact_mul/U1372/ZN (MUX2ND0)                                      0.03       0.20 f
  u_exact_mul/U_fp_mult/mult_x_13/U270/clk_r_REG242_S3/D (DFQD1)      0.00       0.20 f
  data arrival time                                                              0.20

  clock clk (rise edge)                                               0.00       0.00
  clock network delay (ideal)                                         0.00       0.00
  u_exact_mul/U_fp_mult/mult_x_13/U270/clk_r_REG242_S3/CP (DFQD1)     0.00       0.00 r
  library hold time                                                   0.02       0.02
  data required time                                                             0.02
  --------------------------------------------------------------------------------------
  data required time                                                             0.02
  data arrival time                                                             -0.20
  --------------------------------------------------------------------------------------
  slack (MET)                                                                    0.18


  Startpoint: u_exact_mul/U_fp_mult/mult_x_13/R_0_clk_r_REG202_S2
              (rising edge-triggered flip-flop clocked by clk)
  Endpoint: u_exact_mul/U_fp_mult/mult_x_13/U227/clk_r_REG205_S3
            (rising edge-triggered flip-flop clocked by clk)
  Path Group: clk
  Path Type: min

  Des/Clust/Port     Wire Load Model       Library
  ------------------------------------------------
  exact_fp32_mul_7stage ZeroWireload       tcbn65gplustc_ccs
  exact_fp32_mul_7stage_DW_lp_piped_fp_mult_J1_0 ZeroWireload tcbn65gplustc_ccs

  Point                                                               Incr       Path
  --------------------------------------------------------------------------------------
  clock clk (rise edge)                                               0.00       0.00
  clock network delay (ideal)                                         0.00       0.00
  u_exact_mul/U_fp_mult/mult_x_13/R_0_clk_r_REG202_S2/CP (DFQD1)      0.00       0.00 r
  u_exact_mul/U_fp_mult/mult_x_13/R_0_clk_r_REG202_S2/Q (DFQD1)       0.09       0.09 r
  u_exact_mul/U665/Z (BUFFD1)                                         0.04       0.13 r
  u_exact_mul/U157/Z (BUFFD0)                                         0.04       0.17 r
  u_exact_mul/U1198/ZN (MUX2ND0)                                      0.03       0.20 f
  u_exact_mul/U_fp_mult/mult_x_13/U227/clk_r_REG205_S3/D (DFQD1)      0.00       0.20 f
  data arrival time                                                              0.20

  clock clk (rise edge)                                               0.00       0.00
  clock network delay (ideal)                                         0.00       0.00
  u_exact_mul/U_fp_mult/mult_x_13/U227/clk_r_REG205_S3/CP (DFQD1)     0.00       0.00 r
  library hold time                                                   0.02       0.02
  data required time                                                             0.02
  --------------------------------------------------------------------------------------
  data required time                                                             0.02
  data arrival time                                                             -0.20
  --------------------------------------------------------------------------------------
  slack (MET)                                                                    0.18


  Startpoint: u_exact_mul/U_fp_mult/mult_x_13/U214/clk_r_REG211_S3
              (rising edge-triggered flip-flop clocked by clk)
  Endpoint: u_exact_mul/U_fp_mult/clk_r_REG117_S4
            (rising edge-triggered flip-flop clocked by clk)
  Path Group: clk
  Path Type: min

  Des/Clust/Port     Wire Load Model       Library
  ------------------------------------------------
  exact_fp32_mul_7stage ZeroWireload       tcbn65gplustc_ccs
  exact_fp32_mul_7stage_DW_lp_piped_fp_mult_J1_0 ZeroWireload tcbn65gplustc_ccs

  Point                                                                Incr       Path
  ---------------------------------------------------------------------------------------
  clock clk (rise edge)                                                0.00       0.00
  clock network delay (ideal)                                          0.00       0.00
  u_exact_mul/U_fp_mult/mult_x_13/U214/clk_r_REG211_S3/CP (DFQD1)      0.00       0.00 r
  u_exact_mul/U_fp_mult/mult_x_13/U214/clk_r_REG211_S3/Q (DFQD1)       0.08       0.08 r
  u_exact_mul/U899/CO (FA1D0)                                          0.05       0.13 r
  u_exact_mul/U1560/S (FA1D0)                                          0.07       0.21 f
  u_exact_mul/U_fp_mult/clk_r_REG117_S4/D (DFQD1)                      0.00       0.21 f
  data arrival time                                                               0.21

  clock clk (rise edge)                                                0.00       0.00
  clock network delay (ideal)                                          0.00       0.00
  u_exact_mul/U_fp_mult/clk_r_REG117_S4/CP (DFQD1)                     0.00       0.00 r
  library hold time                                                    0.02       0.02
  data required time                                                              0.02
  ---------------------------------------------------------------------------------------
  data required time                                                              0.02
  data arrival time                                                              -0.21
  ---------------------------------------------------------------------------------------
  slack (MET)                                                                     0.18


  Startpoint: u_exact_mul/U_fp_mult/mult_x_13/U226/clk_r_REG224_S3
              (rising edge-triggered flip-flop clocked by clk)
  Endpoint: u_exact_mul/U_fp_mult/clk_r_REG114_S4
            (rising edge-triggered flip-flop clocked by clk)
  Path Group: clk
  Path Type: min

  Des/Clust/Port     Wire Load Model       Library
  ------------------------------------------------
  exact_fp32_mul_7stage ZeroWireload       tcbn65gplustc_ccs
  exact_fp32_mul_7stage_DW_lp_piped_fp_mult_J1_0 ZeroWireload tcbn65gplustc_ccs

  Point                                                                Incr       Path
  ---------------------------------------------------------------------------------------
  clock clk (rise edge)                                                0.00       0.00
  clock network delay (ideal)                                          0.00       0.00
  u_exact_mul/U_fp_mult/mult_x_13/U226/clk_r_REG224_S3/CP (DFQD1)      0.00       0.00 r
  u_exact_mul/U_fp_mult/mult_x_13/U226/clk_r_REG224_S3/Q (DFQD1)       0.08       0.08 r
  u_exact_mul/U853/CO (FA1D0)                                          0.05       0.13 r
  u_exact_mul/U1562/S (FA1D0)                                          0.07       0.21 f
  u_exact_mul/U_fp_mult/clk_r_REG114_S4/D (DFQD1)                      0.00       0.21 f
  data arrival time                                                               0.21

  clock clk (rise edge)                                                0.00       0.00
  clock network delay (ideal)                                          0.00       0.00
  u_exact_mul/U_fp_mult/clk_r_REG114_S4/CP (DFQD1)                     0.00       0.00 r
  library hold time                                                    0.02       0.02
  data required time                                                              0.02
  ---------------------------------------------------------------------------------------
  data required time                                                              0.02
  data arrival time                                                              -0.21
  ---------------------------------------------------------------------------------------
  slack (MET)                                                                     0.18


  Startpoint: u_exact_mul/U_fp_mult/mult_x_13/R_0_clk_r_REG202_S2
              (rising edge-triggered flip-flop clocked by clk)
  Endpoint: u_exact_mul/U_fp_mult/mult_x_13/clk_r_REG142_S3
            (rising edge-triggered flip-flop clocked by clk)
  Path Group: clk
  Path Type: min

  Des/Clust/Port     Wire Load Model       Library
  ------------------------------------------------
  exact_fp32_mul_7stage ZeroWireload       tcbn65gplustc_ccs
  exact_fp32_mul_7stage_DW_lp_piped_fp_mult_J1_0 ZeroWireload tcbn65gplustc_ccs

  Point                                                               Incr       Path
  --------------------------------------------------------------------------------------
  clock clk (rise edge)                                               0.00       0.00
  clock network delay (ideal)                                         0.00       0.00
  u_exact_mul/U_fp_mult/mult_x_13/R_0_clk_r_REG202_S2/CP (DFQD1)      0.00       0.00 r
  u_exact_mul/U_fp_mult/mult_x_13/R_0_clk_r_REG202_S2/Q (DFQD1)       0.09       0.09 r
  u_exact_mul/U665/Z (BUFFD1)                                         0.04       0.13 r
  u_exact_mul/U1184/ZN (MUX2ND0)                                      0.03       0.16 f
  u_exact_mul/U_fp_mult/mult_x_13/U197/CO (CMPE42D1)                  0.05       0.21 f
  u_exact_mul/U_fp_mult/mult_x_13/clk_r_REG142_S3/D (DFQD1)           0.00       0.21 f
  data arrival time                                                              0.21

  clock clk (rise edge)                                               0.00       0.00
  clock network delay (ideal)                                         0.00       0.00
  u_exact_mul/U_fp_mult/mult_x_13/clk_r_REG142_S3/CP (DFQD1)          0.00       0.00 r
  library hold time                                                   0.02       0.02
  data required time                                                             0.02
  --------------------------------------------------------------------------------------
  data required time                                                             0.02
  data arrival time                                                             -0.21
  --------------------------------------------------------------------------------------
  slack (MET)                                                                    0.18


  Startpoint: u_exact_mul/U_fp_mult/mult_x_13/clk_r_REG195_S2
              (rising edge-triggered flip-flop clocked by clk)
  Endpoint: u_exact_mul/U_fp_mult/mult_x_13/clk_r_REG154_S3
            (rising edge-triggered flip-flop clocked by clk)
  Path Group: clk
  Path Type: min

  Des/Clust/Port     Wire Load Model       Library
  ------------------------------------------------
  exact_fp32_mul_7stage ZeroWireload       tcbn65gplustc_ccs
  exact_fp32_mul_7stage_DW_lp_piped_fp_mult_J1_0 ZeroWireload tcbn65gplustc_ccs

  Point                                                           Incr       Path
  ----------------------------------------------------------------------------------
  clock clk (rise edge)                                           0.00       0.00
  clock network delay (ideal)                                     0.00       0.00
  u_exact_mul/U_fp_mult/mult_x_13/clk_r_REG195_S2/CP (DFQD1)      0.00       0.00 r
  u_exact_mul/U_fp_mult/mult_x_13/clk_r_REG195_S2/Q (DFQD1)       0.09       0.09 r
  u_exact_mul/U667/Z (BUFFD1)                                     0.04       0.13 r
  u_exact_mul/U1144/ZN (MUX2ND0)                                  0.03       0.16 f
  u_exact_mul/U_fp_mult/mult_x_13/U189/CO (CMPE42D1)              0.05       0.21 f
  u_exact_mul/U_fp_mult/mult_x_13/clk_r_REG154_S3/D (DFQD1)       0.00       0.21 f
  data arrival time                                                          0.21

  clock clk (rise edge)                                           0.00       0.00
  clock network delay (ideal)                                     0.00       0.00
  u_exact_mul/U_fp_mult/mult_x_13/clk_r_REG154_S3/CP (DFQD1)      0.00       0.00 r
  library hold time                                               0.02       0.02
  data required time                                                         0.02
  ----------------------------------------------------------------------------------
  data required time                                                         0.02
  data arrival time                                                         -0.21
  ----------------------------------------------------------------------------------
  slack (MET)                                                                0.19


  Startpoint: u_exact_mul/U_fp_mult/mult_x_13/R_0_clk_r_REG202_S2
              (rising edge-triggered flip-flop clocked by clk)
  Endpoint: u_exact_mul/U_fp_mult/mult_x_13/clk_r_REG146_S3
            (rising edge-triggered flip-flop clocked by clk)
  Path Group: clk
  Path Type: min

  Des/Clust/Port     Wire Load Model       Library
  ------------------------------------------------
  exact_fp32_mul_7stage ZeroWireload       tcbn65gplustc_ccs
  exact_fp32_mul_7stage_DW_lp_piped_fp_mult_J1_0 ZeroWireload tcbn65gplustc_ccs

  Point                                                               Incr       Path
  --------------------------------------------------------------------------------------
  clock clk (rise edge)                                               0.00       0.00
  clock network delay (ideal)                                         0.00       0.00
  u_exact_mul/U_fp_mult/mult_x_13/R_0_clk_r_REG202_S2/CP (DFQD1)      0.00       0.00 r
  u_exact_mul/U_fp_mult/mult_x_13/R_0_clk_r_REG202_S2/Q (DFQD1)       0.09       0.09 r
  u_exact_mul/U680/Z (BUFFD1)                                         0.04       0.14 r
  u_exact_mul/U1182/ZN (MUX2ND0)                                      0.02       0.16 f
  u_exact_mul/U_fp_mult/mult_x_13/U194/CO (CMPE42D1)                  0.05       0.21 f
  u_exact_mul/U_fp_mult/mult_x_13/clk_r_REG146_S3/D (DFQD1)           0.00       0.21 f
  data arrival time                                                              0.21

  clock clk (rise edge)                                               0.00       0.00
  clock network delay (ideal)                                         0.00       0.00
  u_exact_mul/U_fp_mult/mult_x_13/clk_r_REG146_S3/CP (DFQD1)          0.00       0.00 r
  library hold time                                                   0.02       0.02
  data required time                                                             0.02
  --------------------------------------------------------------------------------------
  data required time                                                             0.02
  data arrival time                                                             -0.21
  --------------------------------------------------------------------------------------
  slack (MET)                                                                    0.19


  Startpoint: u_exact_mul/U_fp_mult/mult_x_13/clk_r_REG208_S2
              (rising edge-triggered flip-flop clocked by clk)
  Endpoint: u_exact_mul/U_fp_mult/mult_x_13/clk_r_REG133_S3
            (rising edge-triggered flip-flop clocked by clk)
  Path Group: clk
  Path Type: min

  Des/Clust/Port     Wire Load Model       Library
  ------------------------------------------------
  exact_fp32_mul_7stage ZeroWireload       tcbn65gplustc_ccs
  exact_fp32_mul_7stage_DW_lp_piped_fp_mult_J1_0 ZeroWireload tcbn65gplustc_ccs

  Point                                                           Incr       Path
  ----------------------------------------------------------------------------------
  clock clk (rise edge)                                           0.00       0.00
  clock network delay (ideal)                                     0.00       0.00
  u_exact_mul/U_fp_mult/mult_x_13/clk_r_REG208_S2/CP (DFQD1)      0.00       0.00 r
  u_exact_mul/U_fp_mult/mult_x_13/clk_r_REG208_S2/Q (DFQD1)       0.09       0.09 r
  u_exact_mul/U1007/ZN (INVD0)                                    0.03       0.12 f
  u_exact_mul/U1224/ZN (MUX2ND0)                                  0.03       0.15 r
  u_exact_mul/U1629/S (CMPE42D1)                                  0.06       0.21 f
  u_exact_mul/U_fp_mult/mult_x_13/clk_r_REG133_S3/D (DFQD1)       0.00       0.21 f
  data arrival time                                                          0.21

  clock clk (rise edge)                                           0.00       0.00
  clock network delay (ideal)                                     0.00       0.00
  u_exact_mul/U_fp_mult/mult_x_13/clk_r_REG133_S3/CP (DFQD1)      0.00       0.00 r
  library hold time                                               0.02       0.02
  data required time                                                         0.02
  ----------------------------------------------------------------------------------
  data required time                                                         0.02
  data arrival time                                                         -0.21
  ----------------------------------------------------------------------------------
  slack (MET)                                                                0.19


  Startpoint: u_exact_mul/U_fp_mult/mult_x_13/clk_r_REG155_S4
              (rising edge-triggered flip-flop clocked by clk)
  Endpoint: u_exact_mul/clk_r_REG53_S5
            (rising edge-triggered flip-flop clocked by clk)
  Path Group: clk
  Path Type: min

  Des/Clust/Port     Wire Load Model       Library
  ------------------------------------------------
  exact_fp32_mul_7stage ZeroWireload       tcbn65gplustc_ccs
  exact_fp32_mul_7stage_DW_lp_piped_fp_mult_J1_0 ZeroWireload tcbn65gplustc_ccs

  Point                                                           Incr       Path
  ----------------------------------------------------------------------------------
  clock clk (rise edge)                                           0.00       0.00
  clock network delay (ideal)                                     0.00       0.00
  u_exact_mul/U_fp_mult/mult_x_13/clk_r_REG155_S4/CP (DFQD1)      0.00       0.00 r
  u_exact_mul/U_fp_mult/mult_x_13/clk_r_REG155_S4/Q (DFQD1)       0.08       0.08 r
  u_exact_mul/U1601/S (FA1D0)                                     0.07       0.16 f
  u_exact_mul/U192/ZN (AOI22D0)                                   0.03       0.19 r
  u_exact_mul/U79/ZN (CKND2D0)                                    0.02       0.21 f
  u_exact_mul/clk_r_REG53_S5/D (DFQD1)                            0.00       0.21 f
  data arrival time                                                          0.21

  clock clk (rise edge)                                           0.00       0.00
  clock network delay (ideal)                                     0.00       0.00
  u_exact_mul/clk_r_REG53_S5/CP (DFQD1)                           0.00       0.00 r
  library hold time                                               0.02       0.02
  data required time                                                         0.02
  ----------------------------------------------------------------------------------
  data required time                                                         0.02
  data arrival time                                                         -0.21
  ----------------------------------------------------------------------------------
  slack (MET)                                                                0.19


  Startpoint: u_exact_mul/U_fp_mult/mult_x_13/U234/clk_r_REG234_S3
              (rising edge-triggered flip-flop clocked by clk)
  Endpoint: u_exact_mul/U_fp_mult/clk_r_REG112_S4
            (rising edge-triggered flip-flop clocked by clk)
  Path Group: clk
  Path Type: min

  Des/Clust/Port     Wire Load Model       Library
  ------------------------------------------------
  exact_fp32_mul_7stage ZeroWireload       tcbn65gplustc_ccs
  exact_fp32_mul_7stage_DW_lp_piped_fp_mult_J1_0 ZeroWireload tcbn65gplustc_ccs

  Point                                                                Incr       Path
  ---------------------------------------------------------------------------------------
  clock clk (rise edge)                                                0.00       0.00
  clock network delay (ideal)                                          0.00       0.00
  u_exact_mul/U_fp_mult/mult_x_13/U234/clk_r_REG234_S3/CP (DFQD1)      0.00       0.00 r
  u_exact_mul/U_fp_mult/mult_x_13/U234/clk_r_REG234_S3/Q (DFQD1)       0.08       0.08 r
  u_exact_mul/U860/CO (FA1D0)                                          0.05       0.14 r
  u_exact_mul/U1563/S (FA1D0)                                          0.07       0.21 f
  u_exact_mul/U_fp_mult/clk_r_REG112_S4/D (DFQD1)                      0.00       0.21 f
  data arrival time                                                               0.21

  clock clk (rise edge)                                                0.00       0.00
  clock network delay (ideal)                                          0.00       0.00
  u_exact_mul/U_fp_mult/clk_r_REG112_S4/CP (DFQD1)                     0.00       0.00 r
  library hold time                                                    0.02       0.02
  data required time                                                              0.02
  ---------------------------------------------------------------------------------------
  data required time                                                              0.02
  data arrival time                                                              -0.21
  ---------------------------------------------------------------------------------------
  slack (MET)                                                                     0.19


  Startpoint: u_exact_mul/U_fp_mult/mult_x_13/U222/clk_r_REG221_S3
              (rising edge-triggered flip-flop clocked by clk)
  Endpoint: u_exact_mul/U_fp_mult/clk_r_REG115_S4
            (rising edge-triggered flip-flop clocked by clk)
  Path Group: clk
  Path Type: min

  Des/Clust/Port     Wire Load Model       Library
  ------------------------------------------------
  exact_fp32_mul_7stage ZeroWireload       tcbn65gplustc_ccs
  exact_fp32_mul_7stage_DW_lp_piped_fp_mult_J1_0 ZeroWireload tcbn65gplustc_ccs

  Point                                                                Incr       Path
  ---------------------------------------------------------------------------------------
  clock clk (rise edge)                                                0.00       0.00
  clock network delay (ideal)                                          0.00       0.00
  u_exact_mul/U_fp_mult/mult_x_13/U222/clk_r_REG221_S3/CP (DFQD1)      0.00       0.00 r
  u_exact_mul/U_fp_mult/mult_x_13/U222/clk_r_REG221_S3/Q (DFQD1)       0.08       0.08 r
  u_exact_mul/U851/CO (FA1D0)                                          0.05       0.14 r
  u_exact_mul/U56/S (FA1D0)                                            0.07       0.21 f
  u_exact_mul/U_fp_mult/clk_r_REG115_S4/D (DFQD1)                      0.00       0.21 f
  data arrival time                                                               0.21

  clock clk (rise edge)                                                0.00       0.00
  clock network delay (ideal)                                          0.00       0.00
  u_exact_mul/U_fp_mult/clk_r_REG115_S4/CP (DFQD1)                     0.00       0.00 r
  library hold time                                                    0.02       0.02
  data required time                                                              0.02
  ---------------------------------------------------------------------------------------
  data required time                                                              0.02
  data arrival time                                                              -0.21
  ---------------------------------------------------------------------------------------
  slack (MET)                                                                     0.19


  Startpoint: u_exact_mul/U_fp_mult/mult_x_13/U218/clk_r_REG222_S3
              (rising edge-triggered flip-flop clocked by clk)
  Endpoint: u_exact_mul/U_fp_mult/clk_r_REG116_S4
            (rising edge-triggered flip-flop clocked by clk)
  Path Group: clk
  Path Type: min

  Des/Clust/Port     Wire Load Model       Library
  ------------------------------------------------
  exact_fp32_mul_7stage ZeroWireload       tcbn65gplustc_ccs
  exact_fp32_mul_7stage_DW_lp_piped_fp_mult_J1_0 ZeroWireload tcbn65gplustc_ccs

  Point                                                                Incr       Path
  ---------------------------------------------------------------------------------------
  clock clk (rise edge)                                                0.00       0.00
  clock network delay (ideal)                                          0.00       0.00
  u_exact_mul/U_fp_mult/mult_x_13/U218/clk_r_REG222_S3/CP (DFQD1)      0.00       0.00 r
  u_exact_mul/U_fp_mult/mult_x_13/U218/clk_r_REG222_S3/Q (DFQD1)       0.08       0.08 r
  u_exact_mul/U900/CO (FA1D0)                                          0.05       0.14 r
  u_exact_mul/U1561/S (FA1D0)                                          0.07       0.21 f
  u_exact_mul/U_fp_mult/clk_r_REG116_S4/D (DFQD1)                      0.00       0.21 f
  data arrival time                                                               0.21

  clock clk (rise edge)                                                0.00       0.00
  clock network delay (ideal)                                          0.00       0.00
  u_exact_mul/U_fp_mult/clk_r_REG116_S4/CP (DFQD1)                     0.00       0.00 r
  library hold time                                                    0.02       0.02
  data required time                                                              0.02
  ---------------------------------------------------------------------------------------
  data required time                                                              0.02
  data arrival time                                                              -0.21
  ---------------------------------------------------------------------------------------
  slack (MET)                                                                     0.19


  Startpoint: u_exact_mul/U_fp_mult/mult_x_13/R_0_clk_r_REG202_S2
              (rising edge-triggered flip-flop clocked by clk)
  Endpoint: u_exact_mul/U_fp_mult/mult_x_13/clk_r_REG140_S3
            (rising edge-triggered flip-flop clocked by clk)
  Path Group: clk
  Path Type: min

  Des/Clust/Port     Wire Load Model       Library
  ------------------------------------------------
  exact_fp32_mul_7stage ZeroWireload       tcbn65gplustc_ccs
  exact_fp32_mul_7stage_DW_lp_piped_fp_mult_J1_0 ZeroWireload tcbn65gplustc_ccs

  Point                                                               Incr       Path
  --------------------------------------------------------------------------------------
  clock clk (rise edge)                                               0.00       0.00
  clock network delay (ideal)                                         0.00       0.00
  u_exact_mul/U_fp_mult/mult_x_13/R_0_clk_r_REG202_S2/CP (DFQD1)      0.00       0.00 r
  u_exact_mul/U_fp_mult/mult_x_13/R_0_clk_r_REG202_S2/Q (DFQD1)       0.09       0.09 r
  u_exact_mul/U665/Z (BUFFD1)                                         0.04       0.13 r
  u_exact_mul/U1184/ZN (MUX2ND0)                                      0.03       0.16 f
  u_exact_mul/U_fp_mult/mult_x_13/U197/S (CMPE42D1)                   0.06       0.21 f
  u_exact_mul/U_fp_mult/mult_x_13/clk_r_REG140_S3/D (DFQD1)           0.00       0.21 f
  data arrival time                                                              0.21

  clock clk (rise edge)                                               0.00       0.00
  clock network delay (ideal)                                         0.00       0.00
  u_exact_mul/U_fp_mult/mult_x_13/clk_r_REG140_S3/CP (DFQD1)          0.00       0.00 r
  library hold time                                                   0.02       0.02
  data required time                                                             0.02
  --------------------------------------------------------------------------------------
  data required time                                                             0.02
  data arrival time                                                             -0.21
  --------------------------------------------------------------------------------------
  slack (MET)                                                                    0.19


  Startpoint: u_exact_mul/U_fp_mult/mult_x_13/clk_r_REG171_S4
              (rising edge-triggered flip-flop clocked by clk)
  Endpoint: u_exact_mul/clk_r_REG63_S5
            (rising edge-triggered flip-flop clocked by clk)
  Path Group: clk
  Path Type: min

  Des/Clust/Port     Wire Load Model       Library
  ------------------------------------------------
  exact_fp32_mul_7stage ZeroWireload       tcbn65gplustc_ccs
  exact_fp32_mul_7stage_DW_lp_piped_fp_mult_J1_0 ZeroWireload tcbn65gplustc_ccs

  Point                                                           Incr       Path
  ----------------------------------------------------------------------------------
  clock clk (rise edge)                                           0.00       0.00
  clock network delay (ideal)                                     0.00       0.00
  u_exact_mul/U_fp_mult/mult_x_13/clk_r_REG171_S4/CP (DFQD1)      0.00       0.00 r
  u_exact_mul/U_fp_mult/mult_x_13/clk_r_REG171_S4/Q (DFQD1)       0.08       0.08 r
  u_exact_mul/U1604/S (FA1D0)                                     0.07       0.16 f
  u_exact_mul/U186/ZN (AOI22D0)                                   0.03       0.19 r
  u_exact_mul/U84/ZN (CKND2D0)                                    0.02       0.21 f
  u_exact_mul/clk_r_REG63_S5/D (DFQD1)                            0.00       0.21 f
  data arrival time                                                          0.21

  clock clk (rise edge)                                           0.00       0.00
  clock network delay (ideal)                                     0.00       0.00
  u_exact_mul/clk_r_REG63_S5/CP (DFQD1)                           0.00       0.00 r
  library hold time                                               0.02       0.02
  data required time                                                         0.02
  ----------------------------------------------------------------------------------
  data required time                                                         0.02
  data arrival time                                                         -0.21
  ----------------------------------------------------------------------------------
  slack (MET)                                                                0.19


  Startpoint: u_exact_mul/U_fp_mult/mult_x_13/clk_r_REG163_S4
              (rising edge-triggered flip-flop clocked by clk)
  Endpoint: u_exact_mul/clk_r_REG61_S5
            (rising edge-triggered flip-flop clocked by clk)
  Path Group: clk
  Path Type: min

  Des/Clust/Port     Wire Load Model       Library
  ------------------------------------------------
  exact_fp32_mul_7stage ZeroWireload       tcbn65gplustc_ccs
  exact_fp32_mul_7stage_DW_lp_piped_fp_mult_J1_0 ZeroWireload tcbn65gplustc_ccs

  Point                                                           Incr       Path
  ----------------------------------------------------------------------------------
  clock clk (rise edge)                                           0.00       0.00
  clock network delay (ideal)                                     0.00       0.00
  u_exact_mul/U_fp_mult/mult_x_13/clk_r_REG163_S4/CP (DFQD1)      0.00       0.00 r
  u_exact_mul/U_fp_mult/mult_x_13/clk_r_REG163_S4/Q (DFQD1)       0.08       0.08 r
  u_exact_mul/U1598/S (FA1D0)                                     0.07       0.16 f
  u_exact_mul/U191/ZN (AOI22D0)                                   0.03       0.19 r
  u_exact_mul/U85/ZN (CKND2D0)                                    0.02       0.21 f
  u_exact_mul/clk_r_REG61_S5/D (DFQD1)                            0.00       0.21 f
  data arrival time                                                          0.21

  clock clk (rise edge)                                           0.00       0.00
  clock network delay (ideal)                                     0.00       0.00
  u_exact_mul/clk_r_REG61_S5/CP (DFQD1)                           0.00       0.00 r
  library hold time                                               0.02       0.02
  data required time                                                         0.02
  ----------------------------------------------------------------------------------
  data required time                                                         0.02
  data arrival time                                                         -0.21
  ----------------------------------------------------------------------------------
  slack (MET)                                                                0.19


  Startpoint: u_exact_mul/U_fp_mult/mult_x_13/clk_r_REG159_S4
              (rising edge-triggered flip-flop clocked by clk)
  Endpoint: u_exact_mul/clk_r_REG33_S5
            (rising edge-triggered flip-flop clocked by clk)
  Path Group: clk
  Path Type: min

  Des/Clust/Port     Wire Load Model       Library
  ------------------------------------------------
  exact_fp32_mul_7stage ZeroWireload       tcbn65gplustc_ccs
  exact_fp32_mul_7stage_DW_lp_piped_fp_mult_J1_0 ZeroWireload tcbn65gplustc_ccs

  Point                                                           Incr       Path
  ----------------------------------------------------------------------------------
  clock clk (rise edge)                                           0.00       0.00
  clock network delay (ideal)                                     0.00       0.00
  u_exact_mul/U_fp_mult/mult_x_13/clk_r_REG159_S4/CP (DFQD1)      0.00       0.00 r
  u_exact_mul/U_fp_mult/mult_x_13/clk_r_REG159_S4/Q (DFQD1)       0.08       0.08 r
  u_exact_mul/U1599/S (FA1D0)                                     0.07       0.16 f
  u_exact_mul/U210/ZN (AOI22D0)                                   0.03       0.19 r
  u_exact_mul/U92/ZN (CKND2D0)                                    0.02       0.21 f
  u_exact_mul/clk_r_REG33_S5/D (DFQD1)                            0.00       0.21 f
  data arrival time                                                          0.21

  clock clk (rise edge)                                           0.00       0.00
  clock network delay (ideal)                                     0.00       0.00
  u_exact_mul/clk_r_REG33_S5/CP (DFQD1)                           0.00       0.00 r
  library hold time                                               0.02       0.02
  data required time                                                         0.02
  ----------------------------------------------------------------------------------
  data required time                                                         0.02
  data arrival time                                                         -0.21
  ----------------------------------------------------------------------------------
  slack (MET)                                                                0.19


  Startpoint: u_exact_mul/U_fp_mult/mult_x_13/clk_r_REG169_S4
              (rising edge-triggered flip-flop clocked by clk)
  Endpoint: u_exact_mul/clk_r_REG43_S5
            (rising edge-triggered flip-flop clocked by clk)
  Path Group: clk
  Path Type: min

  Des/Clust/Port     Wire Load Model       Library
  ------------------------------------------------
  exact_fp32_mul_7stage ZeroWireload       tcbn65gplustc_ccs
  exact_fp32_mul_7stage_DW_lp_piped_fp_mult_J1_0 ZeroWireload tcbn65gplustc_ccs

  Point                                                           Incr       Path
  ----------------------------------------------------------------------------------
  clock clk (rise edge)                                           0.00       0.00
  clock network delay (ideal)                                     0.00       0.00
  u_exact_mul/U_fp_mult/mult_x_13/clk_r_REG169_S4/CP (DFQD1)      0.00       0.00 r
  u_exact_mul/U_fp_mult/mult_x_13/clk_r_REG169_S4/Q (DFQD1)       0.08       0.08 r
  u_exact_mul/U1605/S (FA1D0)                                     0.07       0.16 f
  u_exact_mul/U190/ZN (AOI22D0)                                   0.03       0.19 r
  u_exact_mul/U83/ZN (CKND2D0)                                    0.02       0.21 f
  u_exact_mul/clk_r_REG43_S5/D (DFQD1)                            0.00       0.21 f
  data arrival time                                                          0.21

  clock clk (rise edge)                                           0.00       0.00
  clock network delay (ideal)                                     0.00       0.00
  u_exact_mul/clk_r_REG43_S5/CP (DFQD1)                           0.00       0.00 r
  library hold time                                               0.02       0.02
  data required time                                                         0.02
  ----------------------------------------------------------------------------------
  data required time                                                         0.02
  data arrival time                                                         -0.21
  ----------------------------------------------------------------------------------
  slack (MET)                                                                0.19


  Startpoint: u_exact_mul/U_fp_mult/mult_x_13/clk_r_REG195_S2
              (rising edge-triggered flip-flop clocked by clk)
  Endpoint: u_exact_mul/U_fp_mult/mult_x_13/clk_r_REG152_S3
            (rising edge-triggered flip-flop clocked by clk)
  Path Group: clk
  Path Type: min

  Des/Clust/Port     Wire Load Model       Library
  ------------------------------------------------
  exact_fp32_mul_7stage ZeroWireload       tcbn65gplustc_ccs
  exact_fp32_mul_7stage_DW_lp_piped_fp_mult_J1_0 ZeroWireload tcbn65gplustc_ccs

  Point                                                           Incr       Path
  ----------------------------------------------------------------------------------
  clock clk (rise edge)                                           0.00       0.00
  clock network delay (ideal)                                     0.00       0.00
  u_exact_mul/U_fp_mult/mult_x_13/clk_r_REG195_S2/CP (DFQD1)      0.00       0.00 r
  u_exact_mul/U_fp_mult/mult_x_13/clk_r_REG195_S2/Q (DFQD1)       0.09       0.09 r
  u_exact_mul/U667/Z (BUFFD1)                                     0.04       0.13 r
  u_exact_mul/U1144/ZN (MUX2ND0)                                  0.03       0.16 f
  u_exact_mul/U_fp_mult/mult_x_13/U189/S (CMPE42D1)               0.06       0.21 f
  u_exact_mul/U_fp_mult/mult_x_13/clk_r_REG152_S3/D (DFQD1)       0.00       0.21 f
  data arrival time                                                          0.21

  clock clk (rise edge)                                           0.00       0.00
  clock network delay (ideal)                                     0.00       0.00
  u_exact_mul/U_fp_mult/mult_x_13/clk_r_REG152_S3/CP (DFQD1)      0.00       0.00 r
  library hold time                                               0.02       0.02
  data required time                                                         0.02
  ----------------------------------------------------------------------------------
  data required time                                                         0.02
  data arrival time                                                         -0.21
  ----------------------------------------------------------------------------------
  slack (MET)                                                                0.19


  Startpoint: u_exact_mul/U_fp_mult/mult_x_13/clk_r_REG261_S2
              (rising edge-triggered flip-flop clocked by clk)
  Endpoint: u_exact_mul/U_fp_mult/mult_x_13/clk_r_REG162_S3
            (rising edge-triggered flip-flop clocked by clk)
  Path Group: clk
  Path Type: min

  Des/Clust/Port     Wire Load Model       Library
  ------------------------------------------------
  exact_fp32_mul_7stage ZeroWireload       tcbn65gplustc_ccs
  exact_fp32_mul_7stage_DW_lp_piped_fp_mult_J1_0 ZeroWireload tcbn65gplustc_ccs

  Point                                                           Incr       Path
  ----------------------------------------------------------------------------------
  clock clk (rise edge)                                           0.00       0.00
  clock network delay (ideal)                                     0.00       0.00
  u_exact_mul/U_fp_mult/mult_x_13/clk_r_REG261_S2/CP (DFQD1)      0.00       0.00 r
  u_exact_mul/U_fp_mult/mult_x_13/clk_r_REG261_S2/Q (DFQD1)       0.10       0.10 f
  u_exact_mul/U1095/ZN (AOI211XD0)                                0.04       0.14 r
  u_exact_mul/U1096/ZN (MUX2ND0)                                  0.02       0.16 f
  u_exact_mul/U_fp_mult/mult_x_13/U184/CO (CMPE42D1)              0.05       0.21 f
  u_exact_mul/U_fp_mult/mult_x_13/clk_r_REG162_S3/D (DFQD1)       0.00       0.21 f
  data arrival time                                                          0.21

  clock clk (rise edge)                                           0.00       0.00
  clock network delay (ideal)                                     0.00       0.00
  u_exact_mul/U_fp_mult/mult_x_13/clk_r_REG162_S3/CP (DFQD1)      0.00       0.00 r
  library hold time                                               0.02       0.02
  data required time                                                         0.02
  ----------------------------------------------------------------------------------
  data required time                                                         0.02
  data arrival time                                                         -0.21
  ----------------------------------------------------------------------------------
  slack (MET)                                                                0.19


  Startpoint: u_exact_mul/U_fp_mult/mult_x_13/clk_r_REG195_S2
              (rising edge-triggered flip-flop clocked by clk)
  Endpoint: u_exact_mul/U_fp_mult/mult_x_13/clk_r_REG148_S3
            (rising edge-triggered flip-flop clocked by clk)
  Path Group: clk
  Path Type: min

  Des/Clust/Port     Wire Load Model       Library
  ------------------------------------------------
  exact_fp32_mul_7stage ZeroWireload       tcbn65gplustc_ccs
  exact_fp32_mul_7stage_DW_lp_piped_fp_mult_J1_0 ZeroWireload tcbn65gplustc_ccs

  Point                                                           Incr       Path
  ----------------------------------------------------------------------------------
  clock clk (rise edge)                                           0.00       0.00
  clock network delay (ideal)                                     0.00       0.00
  u_exact_mul/U_fp_mult/mult_x_13/clk_r_REG195_S2/CP (DFQD1)      0.00       0.00 r
  u_exact_mul/U_fp_mult/mult_x_13/clk_r_REG195_S2/Q (DFQD1)       0.09       0.09 r
  u_exact_mul/U960/ZN (INVD0)                                     0.03       0.12 f
  u_exact_mul/U1146/ZN (MUX2ND0)                                  0.03       0.16 r
  u_exact_mul/U_fp_mult/mult_x_13/U192/S (CMPE42D1)               0.06       0.21 f
  u_exact_mul/U_fp_mult/mult_x_13/clk_r_REG148_S3/D (DFQD1)       0.00       0.21 f
  data arrival time                                                          0.21

  clock clk (rise edge)                                           0.00       0.00
  clock network delay (ideal)                                     0.00       0.00
  u_exact_mul/U_fp_mult/mult_x_13/clk_r_REG148_S3/CP (DFQD1)      0.00       0.00 r
  library hold time                                               0.02       0.02
  data required time                                                         0.02
  ----------------------------------------------------------------------------------
  data required time                                                         0.02
  data arrival time                                                         -0.21
  ----------------------------------------------------------------------------------
  slack (MET)                                                                0.19


  Startpoint: u_exact_mul/U_fp_mult/mult_x_13/R_0_clk_r_REG202_S2
              (rising edge-triggered flip-flop clocked by clk)
  Endpoint: u_exact_mul/U_fp_mult/mult_x_13/clk_r_REG144_S3
            (rising edge-triggered flip-flop clocked by clk)
  Path Group: clk
  Path Type: min

  Des/Clust/Port     Wire Load Model       Library
  ------------------------------------------------
  exact_fp32_mul_7stage ZeroWireload       tcbn65gplustc_ccs
  exact_fp32_mul_7stage_DW_lp_piped_fp_mult_J1_0 ZeroWireload tcbn65gplustc_ccs

  Point                                                               Incr       Path
  --------------------------------------------------------------------------------------
  clock clk (rise edge)                                               0.00       0.00
  clock network delay (ideal)                                         0.00       0.00
  u_exact_mul/U_fp_mult/mult_x_13/R_0_clk_r_REG202_S2/CP (DFQD1)      0.00       0.00 r
  u_exact_mul/U_fp_mult/mult_x_13/R_0_clk_r_REG202_S2/Q (DFQD1)       0.09       0.09 r
  u_exact_mul/U680/Z (BUFFD1)                                         0.04       0.14 r
  u_exact_mul/U1182/ZN (MUX2ND0)                                      0.02       0.16 f
  u_exact_mul/U_fp_mult/mult_x_13/U194/S (CMPE42D1)                   0.05       0.21 f
  u_exact_mul/U_fp_mult/mult_x_13/clk_r_REG144_S3/D (DFQD1)           0.00       0.21 f
  data arrival time                                                              0.21

  clock clk (rise edge)                                               0.00       0.00
  clock network delay (ideal)                                         0.00       0.00
  u_exact_mul/U_fp_mult/mult_x_13/clk_r_REG144_S3/CP (DFQD1)          0.00       0.00 r
  library hold time                                                   0.02       0.02
  data required time                                                             0.02
  --------------------------------------------------------------------------------------
  data required time                                                             0.02
  data arrival time                                                             -0.21
  --------------------------------------------------------------------------------------
  slack (MET)                                                                    0.19


  Startpoint: u_exact_mul/U_fp_mult/mult_x_13/clk_r_REG208_S2
              (rising edge-triggered flip-flop clocked by clk)
  Endpoint: u_exact_mul/U_fp_mult/mult_x_13/clk_r_REG134_S3
            (rising edge-triggered flip-flop clocked by clk)
  Path Group: clk
  Path Type: min

  Des/Clust/Port     Wire Load Model       Library
  ------------------------------------------------
  exact_fp32_mul_7stage ZeroWireload       tcbn65gplustc_ccs
  exact_fp32_mul_7stage_DW_lp_piped_fp_mult_J1_0 ZeroWireload tcbn65gplustc_ccs

  Point                                                           Incr       Path
  ----------------------------------------------------------------------------------
  clock clk (rise edge)                                           0.00       0.00
  clock network delay (ideal)                                     0.00       0.00
  u_exact_mul/U_fp_mult/mult_x_13/clk_r_REG208_S2/CP (DFQD1)      0.00       0.00 r
  u_exact_mul/U_fp_mult/mult_x_13/clk_r_REG208_S2/Q (DFQD1)       0.10       0.10 f
  u_exact_mul/U1007/ZN (INVD0)                                    0.04       0.14 r
  u_exact_mul/U1224/ZN (MUX2ND0)                                  0.03       0.16 f
  u_exact_mul/U1629/CO (CMPE42D1)                                 0.05       0.22 f
  u_exact_mul/U_fp_mult/mult_x_13/clk_r_REG134_S3/D (DFQD1)       0.00       0.22 f
  data arrival time                                                          0.22

  clock clk (rise edge)                                           0.00       0.00
  clock network delay (ideal)                                     0.00       0.00
  u_exact_mul/U_fp_mult/mult_x_13/clk_r_REG134_S3/CP (DFQD1)      0.00       0.00 r
  library hold time                                               0.02       0.02
  data required time                                                         0.02
  ----------------------------------------------------------------------------------
  data required time                                                         0.02
  data arrival time                                                         -0.22
  ----------------------------------------------------------------------------------
  slack (MET)                                                                0.19


  Startpoint: u_exact_mul/U_fp_mult/mult_x_13/clk_r_REG261_S2
              (rising edge-triggered flip-flop clocked by clk)
  Endpoint: u_exact_mul/U_fp_mult/mult_x_13/clk_r_REG160_S3
            (rising edge-triggered flip-flop clocked by clk)
  Path Group: clk
  Path Type: min

  Des/Clust/Port     Wire Load Model       Library
  ------------------------------------------------
  exact_fp32_mul_7stage ZeroWireload       tcbn65gplustc_ccs
  exact_fp32_mul_7stage_DW_lp_piped_fp_mult_J1_0 ZeroWireload tcbn65gplustc_ccs

  Point                                                           Incr       Path
  ----------------------------------------------------------------------------------
  clock clk (rise edge)                                           0.00       0.00
  clock network delay (ideal)                                     0.00       0.00
  u_exact_mul/U_fp_mult/mult_x_13/clk_r_REG261_S2/CP (DFQD1)      0.00       0.00 r
  u_exact_mul/U_fp_mult/mult_x_13/clk_r_REG261_S2/Q (DFQD1)       0.09       0.09 r
  u_exact_mul/U1095/ZN (AOI211XD0)                                0.04       0.13 f
  u_exact_mul/U1096/ZN (MUX2ND0)                                  0.03       0.16 r
  u_exact_mul/U_fp_mult/mult_x_13/U184/S (CMPE42D1)               0.06       0.22 f
  u_exact_mul/U_fp_mult/mult_x_13/clk_r_REG160_S3/D (DFQD1)       0.00       0.22 f
  data arrival time                                                          0.22

  clock clk (rise edge)                                           0.00       0.00
  clock network delay (ideal)                                     0.00       0.00
  u_exact_mul/U_fp_mult/mult_x_13/clk_r_REG160_S3/CP (DFQD1)      0.00       0.00 r
  library hold time                                               0.02       0.02
  data required time                                                         0.02
  ----------------------------------------------------------------------------------
  data required time                                                         0.02
  data arrival time                                                         -0.22
  ----------------------------------------------------------------------------------
  slack (MET)                                                                0.19


  Startpoint: u_exact_mul/U_fp_mult/mult_x_13/clk_r_REG195_S2
              (rising edge-triggered flip-flop clocked by clk)
  Endpoint: u_exact_mul/U_fp_mult/mult_x_13/clk_r_REG150_S3
            (rising edge-triggered flip-flop clocked by clk)
  Path Group: clk
  Path Type: min

  Des/Clust/Port     Wire Load Model       Library
  ------------------------------------------------
  exact_fp32_mul_7stage ZeroWireload       tcbn65gplustc_ccs
  exact_fp32_mul_7stage_DW_lp_piped_fp_mult_J1_0 ZeroWireload tcbn65gplustc_ccs

  Point                                                           Incr       Path
  ----------------------------------------------------------------------------------
  clock clk (rise edge)                                           0.00       0.00
  clock network delay (ideal)                                     0.00       0.00
  u_exact_mul/U_fp_mult/mult_x_13/clk_r_REG195_S2/CP (DFQD1)      0.00       0.00 r
  u_exact_mul/U_fp_mult/mult_x_13/clk_r_REG195_S2/Q (DFQD1)       0.10       0.10 f
  u_exact_mul/U960/ZN (INVD0)                                     0.04       0.14 r
  u_exact_mul/U1146/ZN (MUX2ND0)                                  0.03       0.16 f
  u_exact_mul/U_fp_mult/mult_x_13/U192/CO (CMPE42D1)              0.05       0.22 f
  u_exact_mul/U_fp_mult/mult_x_13/clk_r_REG150_S3/D (DFQD1)       0.00       0.22 f
  data arrival time                                                          0.22

  clock clk (rise edge)                                           0.00       0.00
  clock network delay (ideal)                                     0.00       0.00
  u_exact_mul/U_fp_mult/mult_x_13/clk_r_REG150_S3/CP (DFQD1)      0.00       0.00 r
  library hold time                                               0.02       0.02
  data required time                                                         0.02
  ----------------------------------------------------------------------------------
  data required time                                                         0.02
  data arrival time                                                         -0.22
  ----------------------------------------------------------------------------------
  slack (MET)                                                                0.19


  Startpoint: u_exact_mul/U_fp_mult/mult_x_13/clk_r_REG208_S2
              (rising edge-triggered flip-flop clocked by clk)
  Endpoint: u_exact_mul/U_fp_mult/mult_x_13/clk_r_REG135_S3
            (rising edge-triggered flip-flop clocked by clk)
  Path Group: clk
  Path Type: min

  Des/Clust/Port     Wire Load Model       Library
  ------------------------------------------------
  exact_fp32_mul_7stage ZeroWireload       tcbn65gplustc_ccs
  exact_fp32_mul_7stage_DW_lp_piped_fp_mult_J1_0 ZeroWireload tcbn65gplustc_ccs

  Point                                                           Incr       Path
  ----------------------------------------------------------------------------------
  clock clk (rise edge)                                           0.00       0.00
  clock network delay (ideal)                                     0.00       0.00
  u_exact_mul/U_fp_mult/mult_x_13/clk_r_REG208_S2/CP (DFQD1)      0.00       0.00 r
  u_exact_mul/U_fp_mult/mult_x_13/clk_r_REG208_S2/Q (DFQD1)       0.09       0.09 r
  u_exact_mul/U1007/ZN (INVD0)                                    0.03       0.12 f
  u_exact_mul/U1222/ZN (MUX2ND0)                                  0.04       0.16 r
  u_exact_mul/U1630/S (CMPE42D1)                                  0.06       0.22 f
  u_exact_mul/U_fp_mult/mult_x_13/clk_r_REG135_S3/D (DFQD1)       0.00       0.22 f
  data arrival time                                                          0.22

  clock clk (rise edge)                                           0.00       0.00
  clock network delay (ideal)                                     0.00       0.00
  u_exact_mul/U_fp_mult/mult_x_13/clk_r_REG135_S3/CP (DFQD1)      0.00       0.00 r
  library hold time                                               0.02       0.02
  data required time                                                         0.02
  ----------------------------------------------------------------------------------
  data required time                                                         0.02
  data arrival time                                                         -0.22
  ----------------------------------------------------------------------------------
  slack (MET)                                                                0.19


  Startpoint: u_exact_mul/U_fp_mult/mult_x_13/clk_r_REG208_S2
              (rising edge-triggered flip-flop clocked by clk)
  Endpoint: u_exact_mul/U_fp_mult/mult_x_13/clk_r_REG136_S3
            (rising edge-triggered flip-flop clocked by clk)
  Path Group: clk
  Path Type: min

  Des/Clust/Port     Wire Load Model       Library
  ------------------------------------------------
  exact_fp32_mul_7stage ZeroWireload       tcbn65gplustc_ccs
  exact_fp32_mul_7stage_DW_lp_piped_fp_mult_J1_0 ZeroWireload tcbn65gplustc_ccs

  Point                                                           Incr       Path
  ----------------------------------------------------------------------------------
  clock clk (rise edge)                                           0.00       0.00
  clock network delay (ideal)                                     0.00       0.00
  u_exact_mul/U_fp_mult/mult_x_13/clk_r_REG208_S2/CP (DFQD1)      0.00       0.00 r
  u_exact_mul/U_fp_mult/mult_x_13/clk_r_REG208_S2/Q (DFQD1)       0.10       0.10 f
  u_exact_mul/U1007/ZN (INVD0)                                    0.04       0.14 r
  u_exact_mul/U1222/ZN (MUX2ND0)                                  0.03       0.17 f
  u_exact_mul/U1630/CO (CMPE42D1)                                 0.05       0.22 f
  u_exact_mul/U_fp_mult/mult_x_13/clk_r_REG136_S3/D (DFQD1)       0.00       0.22 f
  data arrival time                                                          0.22

  clock clk (rise edge)                                           0.00       0.00
  clock network delay (ideal)                                     0.00       0.00
  u_exact_mul/U_fp_mult/mult_x_13/clk_r_REG136_S3/CP (DFQD1)      0.00       0.00 r
  library hold time                                               0.02       0.02
  data required time                                                         0.02
  ----------------------------------------------------------------------------------
  data required time                                                         0.02
  data arrival time                                                         -0.22
  ----------------------------------------------------------------------------------
  slack (MET)                                                                0.20


  Startpoint: u_exact_mul/U_fp_mult/mult_x_13/clk_r_REG262_S2
              (rising edge-triggered flip-flop clocked by clk)
  Endpoint: u_exact_mul/U_fp_mult/mult_x_13/clk_r_REG174_S3
            (rising edge-triggered flip-flop clocked by clk)
  Path Group: clk
  Path Type: min

  Des/Clust/Port     Wire Load Model       Library
  ------------------------------------------------
  exact_fp32_mul_7stage ZeroWireload       tcbn65gplustc_ccs
  exact_fp32_mul_7stage_DW_lp_piped_fp_mult_J1_0 ZeroWireload tcbn65gplustc_ccs

  Point                                                           Incr       Path
  ----------------------------------------------------------------------------------
  clock clk (rise edge)                                           0.00       0.00
  clock network delay (ideal)                                     0.00       0.00
  u_exact_mul/U_fp_mult/mult_x_13/clk_r_REG262_S2/CP (DFQD1)      0.00       0.00 r
  u_exact_mul/U_fp_mult/mult_x_13/clk_r_REG262_S2/Q (DFQD1)       0.09       0.09 r
  u_exact_mul/U764/ZN (INVD1)                                     0.02       0.11 f
  u_exact_mul/U643/ZN (INVD0)                                     0.03       0.14 r
  u_exact_mul/U170/ZN (AOI21D0)                                   0.03       0.17 f
  u_exact_mul/U_fp_mult/mult_x_13/U179/CO (CMPE42D1)              0.05       0.22 f
  u_exact_mul/U_fp_mult/mult_x_13/clk_r_REG174_S3/D (DFQD1)       0.00       0.22 f
  data arrival time                                                          0.22

  clock clk (rise edge)                                           0.00       0.00
  clock network delay (ideal)                                     0.00       0.00
  u_exact_mul/U_fp_mult/mult_x_13/clk_r_REG174_S3/CP (DFQD1)      0.00       0.00 r
  library hold time                                               0.02       0.02
  data required time                                                         0.02
  ----------------------------------------------------------------------------------
  data required time                                                         0.02
  data arrival time                                                         -0.22
  ----------------------------------------------------------------------------------
  slack (MET)                                                                0.20


  Startpoint: u_exact_mul/U_fp_mult/mult_x_13/clk_r_REG262_S2
              (rising edge-triggered flip-flop clocked by clk)
  Endpoint: u_exact_mul/U_fp_mult/mult_x_13/clk_r_REG172_S3
            (rising edge-triggered flip-flop clocked by clk)
  Path Group: clk
  Path Type: min

  Des/Clust/Port     Wire Load Model       Library
  ------------------------------------------------
  exact_fp32_mul_7stage ZeroWireload       tcbn65gplustc_ccs
  exact_fp32_mul_7stage_DW_lp_piped_fp_mult_J1_0 ZeroWireload tcbn65gplustc_ccs

  Point                                                           Incr       Path
  ----------------------------------------------------------------------------------
  clock clk (rise edge)                                           0.00       0.00
  clock network delay (ideal)                                     0.00       0.00
  u_exact_mul/U_fp_mult/mult_x_13/clk_r_REG262_S2/CP (DFQD1)      0.00       0.00 r
  u_exact_mul/U_fp_mult/mult_x_13/clk_r_REG262_S2/Q (DFQD1)       0.09       0.09 r
  u_exact_mul/U764/ZN (INVD1)                                     0.02       0.11 f
  u_exact_mul/U643/ZN (INVD0)                                     0.03       0.14 r
  u_exact_mul/U170/ZN (AOI21D0)                                   0.03       0.17 f
  u_exact_mul/U_fp_mult/mult_x_13/U179/S (CMPE42D1)               0.05       0.22 f
  u_exact_mul/U_fp_mult/mult_x_13/clk_r_REG172_S3/D (DFQD1)       0.00       0.22 f
  data arrival time                                                          0.22

  clock clk (rise edge)                                           0.00       0.00
  clock network delay (ideal)                                     0.00       0.00
  u_exact_mul/U_fp_mult/mult_x_13/clk_r_REG172_S3/CP (DFQD1)      0.00       0.00 r
  library hold time                                               0.02       0.02
  data required time                                                         0.02
  ----------------------------------------------------------------------------------
  data required time                                                         0.02
  data arrival time                                                         -0.22
  ----------------------------------------------------------------------------------
  slack (MET)                                                                0.20


  Startpoint: u_exact_mul/U_fp_mult/mult_x_13/clk_r_REG261_S2
              (rising edge-triggered flip-flop clocked by clk)
  Endpoint: u_exact_mul/U_fp_mult/mult_x_13/clk_r_REG253_S3
            (rising edge-triggered flip-flop clocked by clk)
  Path Group: clk
  Path Type: min

  Des/Clust/Port     Wire Load Model       Library
  ------------------------------------------------
  exact_fp32_mul_7stage ZeroWireload       tcbn65gplustc_ccs
  exact_fp32_mul_7stage_DW_lp_piped_fp_mult_J1_0 ZeroWireload tcbn65gplustc_ccs

  Point                                                           Incr       Path
  ----------------------------------------------------------------------------------
  clock clk (rise edge)                                           0.00       0.00
  clock network delay (ideal)                                     0.00       0.00
  u_exact_mul/U_fp_mult/mult_x_13/clk_r_REG261_S2/CP (DFQD1)      0.00       0.00 r
  u_exact_mul/U_fp_mult/mult_x_13/clk_r_REG261_S2/Q (DFQD1)       0.10       0.10 f
  u_exact_mul/U808/ZN (INVD1)                                     0.03       0.13 r
  u_exact_mul/U642/ZN (INVD0)                                     0.03       0.15 f
  u_exact_mul/U1405/ZN (AOI221D0)                                 0.05       0.21 r
  u_exact_mul/U1406/ZN (MUX2ND0)                                  0.02       0.23 f
  u_exact_mul/U_fp_mult/mult_x_13/clk_r_REG253_S3/D (DFQD1)       0.00       0.23 f
  data arrival time                                                          0.23

  clock clk (rise edge)                                           0.00       0.00
  clock network delay (ideal)                                     0.00       0.00
  u_exact_mul/U_fp_mult/mult_x_13/clk_r_REG253_S3/CP (DFQD1)      0.00       0.00 r
  library hold time                                               0.02       0.02
  data required time                                                         0.02
  ----------------------------------------------------------------------------------
  data required time                                                         0.02
  data arrival time                                                         -0.23
  ----------------------------------------------------------------------------------
  slack (MET)                                                                0.21


  Startpoint: u_exact_mul/U_fp_mult/mult_x_13/clk_r_REG275_S2
              (rising edge-triggered flip-flop clocked by clk)
  Endpoint: u_exact_mul/U_fp_mult/mult_x_13/U247/clk_r_REG107_S3
            (rising edge-triggered flip-flop clocked by clk)
  Path Group: clk
  Path Type: min

  Des/Clust/Port     Wire Load Model       Library
  ------------------------------------------------
  exact_fp32_mul_7stage ZeroWireload       tcbn65gplustc_ccs
  exact_fp32_mul_7stage_DW_lp_piped_fp_mult_J1_0 ZeroWireload tcbn65gplustc_ccs

  Point                                                               Incr       Path
  --------------------------------------------------------------------------------------
  clock clk (rise edge)                                               0.00       0.00
  clock network delay (ideal)                                         0.00       0.00
  u_exact_mul/U_fp_mult/mult_x_13/clk_r_REG275_S2/CP (DFQD1)          0.00       0.00 r
  u_exact_mul/U_fp_mult/mult_x_13/clk_r_REG275_S2/Q (DFQD1)           0.09       0.09 r
  u_exact_mul/U1509/ZN (AOI221D0)                                     0.03       0.12 f
  u_exact_mul/U1510/ZN (MUX2ND0)                                      0.03       0.14 r
  u_exact_mul/U1514/S (FA1D0)                                         0.09       0.23 f
  u_exact_mul/U_fp_mult/mult_x_13/U247/clk_r_REG107_S3/D (DFQD1)      0.00       0.23 f
  data arrival time                                                              0.23

  clock clk (rise edge)                                               0.00       0.00
  clock network delay (ideal)                                         0.00       0.00
  u_exact_mul/U_fp_mult/mult_x_13/U247/clk_r_REG107_S3/CP (DFQD1)     0.00       0.00 r
  library hold time                                                   0.02       0.02
  data required time                                                             0.02
  --------------------------------------------------------------------------------------
  data required time                                                             0.02
  data arrival time                                                             -0.23
  --------------------------------------------------------------------------------------
  slack (MET)                                                                    0.21


  Startpoint: u_exact_mul/U_fp_mult/mult_x_13/clk_r_REG259_S2
              (rising edge-triggered flip-flop clocked by clk)
  Endpoint: u_exact_mul/U_fp_mult/mult_x_13/U238/clk_r_REG254_S3
            (rising edge-triggered flip-flop clocked by clk)
  Path Group: clk
  Path Type: min

  Des/Clust/Port     Wire Load Model       Library
  ------------------------------------------------
  exact_fp32_mul_7stage ZeroWireload       tcbn65gplustc_ccs
  exact_fp32_mul_7stage_DW_lp_piped_fp_mult_J1_0 ZeroWireload tcbn65gplustc_ccs

  Point                                                               Incr       Path
  --------------------------------------------------------------------------------------
  clock clk (rise edge)                                               0.00       0.00
  clock network delay (ideal)                                         0.00       0.00
  u_exact_mul/U_fp_mult/mult_x_13/clk_r_REG259_S2/CP (DFQD1)          0.00       0.00 r
  u_exact_mul/U_fp_mult/mult_x_13/clk_r_REG259_S2/Q (DFQD1)           0.09       0.09 r
  u_exact_mul/U688/ZN (NR3D0)                                         0.03       0.12 f
  u_exact_mul/U57/ZN (INVD0)                                          0.04       0.15 r
  u_exact_mul/U131/ZN (INVD0)                                         0.03       0.18 f
  u_exact_mul/U1403/ZN (AOI21D1)                                      0.03       0.22 r
  u_exact_mul/U1404/ZN (MUX2ND0)                                      0.02       0.23 f
  u_exact_mul/U_fp_mult/mult_x_13/U238/clk_r_REG254_S3/D (DFQD1)      0.00       0.23 f
  data arrival time                                                              0.23

  clock clk (rise edge)                                               0.00       0.00
  clock network delay (ideal)                                         0.00       0.00
  u_exact_mul/U_fp_mult/mult_x_13/U238/clk_r_REG254_S3/CP (DFQD1)     0.00       0.00 r
  library hold time                                                   0.02       0.02
  data required time                                                             0.02
  --------------------------------------------------------------------------------------
  data required time                                                             0.02
  data arrival time                                                             -0.23
  --------------------------------------------------------------------------------------
  slack (MET)                                                                    0.21


  Startpoint: u_exact_mul/U_fp_mult/mult_x_13/clk_r_REG271_S2
              (rising edge-triggered flip-flop clocked by clk)
  Endpoint: u_exact_mul/U_fp_mult/mult_x_13/U254/clk_r_REG187_S3
            (rising edge-triggered flip-flop clocked by clk)
  Path Group: clk
  Path Type: min

  Des/Clust/Port     Wire Load Model       Library
  ------------------------------------------------
  exact_fp32_mul_7stage ZeroWireload       tcbn65gplustc_ccs
  exact_fp32_mul_7stage_DW_lp_piped_fp_mult_J1_0 ZeroWireload tcbn65gplustc_ccs

  Point                                                               Incr       Path
  --------------------------------------------------------------------------------------
  clock clk (rise edge)                                               0.00       0.00
  clock network delay (ideal)                                         0.00       0.00
  u_exact_mul/U_fp_mult/mult_x_13/clk_r_REG271_S2/CP (DFQD1)          0.00       0.00 r
  u_exact_mul/U_fp_mult/mult_x_13/clk_r_REG271_S2/Q (DFQD1)           0.09       0.09 r
  u_exact_mul/U1540/ZN (AOI221D0)                                     0.03       0.12 f
  u_exact_mul/U1541/ZN (MUX2ND0)                                      0.03       0.15 r
  u_exact_mul/U1543/S (FA1D0)                                         0.09       0.24 f
  u_exact_mul/U_fp_mult/mult_x_13/U254/clk_r_REG187_S3/D (DFQD1)      0.00       0.24 f
  data arrival time                                                              0.24

  clock clk (rise edge)                                               0.00       0.00
  clock network delay (ideal)                                         0.00       0.00
  u_exact_mul/U_fp_mult/mult_x_13/U254/clk_r_REG187_S3/CP (DFQD1)     0.00       0.00 r
  library hold time                                                   0.02       0.02
  data required time                                                             0.02
  --------------------------------------------------------------------------------------
  data required time                                                             0.02
  data arrival time                                                             -0.24
  --------------------------------------------------------------------------------------
  slack (MET)                                                                    0.21


  Startpoint: u_exact_mul/U_fp_mult/mult_x_13/clk_r_REG189_S2
              (rising edge-triggered flip-flop clocked by clk)
  Endpoint: u_exact_mul/U_fp_mult/mult_x_13/clk_r_REG170_S3
            (rising edge-triggered flip-flop clocked by clk)
  Path Group: clk
  Path Type: min

  Des/Clust/Port     Wire Load Model       Library
  ------------------------------------------------
  exact_fp32_mul_7stage ZeroWireload       tcbn65gplustc_ccs
  exact_fp32_mul_7stage_DW_lp_piped_fp_mult_J1_0 ZeroWireload tcbn65gplustc_ccs

  Point                                                           Incr       Path
  ----------------------------------------------------------------------------------
  clock clk (rise edge)                                           0.00       0.00
  clock network delay (ideal)                                     0.00       0.00
  u_exact_mul/U_fp_mult/mult_x_13/clk_r_REG189_S2/CP (DFQD1)      0.00       0.00 r
  u_exact_mul/U_fp_mult/mult_x_13/clk_r_REG189_S2/Q (DFQD1)       0.09       0.09 r
  u_exact_mul/U906/Z (CKBD1)                                      0.03       0.12 r
  u_exact_mul/U617/Z (BUFFD1)                                     0.04       0.16 r
  u_exact_mul/U1091/ZN (MUX2ND0)                                  0.02       0.19 f
  u_exact_mul/U_fp_mult/mult_x_13/U180/CO (CMPE42D1)              0.05       0.24 f
  u_exact_mul/U_fp_mult/mult_x_13/clk_r_REG170_S3/D (DFQD1)       0.00       0.24 f
  data arrival time                                                          0.24

  clock clk (rise edge)                                           0.00       0.00
  clock network delay (ideal)                                     0.00       0.00
  u_exact_mul/U_fp_mult/mult_x_13/clk_r_REG170_S3/CP (DFQD1)      0.00       0.00 r
  library hold time                                               0.02       0.02
  data required time                                                         0.02
  ----------------------------------------------------------------------------------
  data required time                                                         0.02
  data arrival time                                                         -0.24
  ----------------------------------------------------------------------------------
  slack (MET)                                                                0.22


  Startpoint: u_exact_mul/U_fp_mult/mult_x_13/clk_r_REG189_S2
              (rising edge-triggered flip-flop clocked by clk)
  Endpoint: u_exact_mul/U_fp_mult/mult_x_13/clk_r_REG166_S3
            (rising edge-triggered flip-flop clocked by clk)
  Path Group: clk
  Path Type: min

  Des/Clust/Port     Wire Load Model       Library
  ------------------------------------------------
  exact_fp32_mul_7stage ZeroWireload       tcbn65gplustc_ccs
  exact_fp32_mul_7stage_DW_lp_piped_fp_mult_J1_0 ZeroWireload tcbn65gplustc_ccs

  Point                                                           Incr       Path
  ----------------------------------------------------------------------------------
  clock clk (rise edge)                                           0.00       0.00
  clock network delay (ideal)                                     0.00       0.00
  u_exact_mul/U_fp_mult/mult_x_13/clk_r_REG189_S2/CP (DFQD1)      0.00       0.00 r
  u_exact_mul/U_fp_mult/mult_x_13/clk_r_REG189_S2/Q (DFQD1)       0.09       0.09 r
  u_exact_mul/U903/Z (CKBD1)                                      0.04       0.13 r
  u_exact_mul/U596/Z (BUFFD1)                                     0.04       0.16 r
  u_exact_mul/U1093/ZN (MUX2ND0)                                  0.03       0.19 f
  u_exact_mul/U_fp_mult/mult_x_13/U182/CO (CMPE42D1)              0.05       0.24 f
  u_exact_mul/U_fp_mult/mult_x_13/clk_r_REG166_S3/D (DFQD1)       0.00       0.24 f
  data arrival time                                                          0.24

  clock clk (rise edge)                                           0.00       0.00
  clock network delay (ideal)                                     0.00       0.00
  u_exact_mul/U_fp_mult/mult_x_13/clk_r_REG166_S3/CP (DFQD1)      0.00       0.00 r
  library hold time                                               0.02       0.02
  data required time                                                         0.02
  ----------------------------------------------------------------------------------
  data required time                                                         0.02
  data arrival time                                                         -0.24
  ----------------------------------------------------------------------------------
  slack (MET)                                                                0.22


  Startpoint: u_exact_mul/U_fp_mult/mult_x_13/clk_r_REG189_S2
              (rising edge-triggered flip-flop clocked by clk)
  Endpoint: u_exact_mul/U_fp_mult/mult_x_13/clk_r_REG168_S3
            (rising edge-triggered flip-flop clocked by clk)
  Path Group: clk
  Path Type: min

  Des/Clust/Port     Wire Load Model       Library
  ------------------------------------------------
  exact_fp32_mul_7stage ZeroWireload       tcbn65gplustc_ccs
  exact_fp32_mul_7stage_DW_lp_piped_fp_mult_J1_0 ZeroWireload tcbn65gplustc_ccs

  Point                                                           Incr       Path
  ----------------------------------------------------------------------------------
  clock clk (rise edge)                                           0.00       0.00
  clock network delay (ideal)                                     0.00       0.00
  u_exact_mul/U_fp_mult/mult_x_13/clk_r_REG189_S2/CP (DFQD1)      0.00       0.00 r
  u_exact_mul/U_fp_mult/mult_x_13/clk_r_REG189_S2/Q (DFQD1)       0.09       0.09 r
  u_exact_mul/U906/Z (CKBD1)                                      0.03       0.12 r
  u_exact_mul/U617/Z (BUFFD1)                                     0.04       0.16 r
  u_exact_mul/U1091/ZN (MUX2ND0)                                  0.02       0.19 f
  u_exact_mul/U_fp_mult/mult_x_13/U180/S (CMPE42D1)               0.05       0.24 f
  u_exact_mul/U_fp_mult/mult_x_13/clk_r_REG168_S3/D (DFQD1)       0.00       0.24 f
  data arrival time                                                          0.24

  clock clk (rise edge)                                           0.00       0.00
  clock network delay (ideal)                                     0.00       0.00
  u_exact_mul/U_fp_mult/mult_x_13/clk_r_REG168_S3/CP (DFQD1)      0.00       0.00 r
  library hold time                                               0.02       0.02
  data required time                                                         0.02
  ----------------------------------------------------------------------------------
  data required time                                                         0.02
  data arrival time                                                         -0.24
  ----------------------------------------------------------------------------------
  slack (MET)                                                                0.22


  Startpoint: u_exact_mul/U_fp_mult/mult_x_13/R_0_clk_r_REG202_S2
              (rising edge-triggered flip-flop clocked by clk)
  Endpoint: u_exact_mul/U_fp_mult/mult_x_13/U218/clk_r_REG129_S3
            (rising edge-triggered flip-flop clocked by clk)
  Path Group: clk
  Path Type: min

  Des/Clust/Port     Wire Load Model       Library
  ------------------------------------------------
  exact_fp32_mul_7stage ZeroWireload       tcbn65gplustc_ccs
  exact_fp32_mul_7stage_DW_lp_piped_fp_mult_J1_0 ZeroWireload tcbn65gplustc_ccs

  Point                                                               Incr       Path
  --------------------------------------------------------------------------------------
  clock clk (rise edge)                                               0.00       0.00
  clock network delay (ideal)                                         0.00       0.00
  u_exact_mul/U_fp_mult/mult_x_13/R_0_clk_r_REG202_S2/CP (DFQD1)      0.00       0.00 r
  u_exact_mul/U_fp_mult/mult_x_13/R_0_clk_r_REG202_S2/Q (DFQD1)       0.09       0.09 r
  u_exact_mul/U665/Z (BUFFD1)                                         0.04       0.13 r
  u_exact_mul/U1002/Z (BUFFD1)                                        0.04       0.16 r
  u_exact_mul/U1195/ZN (MUX2ND0)                                      0.03       0.19 f
  u_exact_mul/U1633/CO (CMPE42D1)                                     0.05       0.24 f
  u_exact_mul/U_fp_mult/mult_x_13/U218/clk_r_REG129_S3/D (DFQD1)      0.00       0.24 f
  data arrival time                                                              0.24

  clock clk (rise edge)                                               0.00       0.00
  clock network delay (ideal)                                         0.00       0.00
  u_exact_mul/U_fp_mult/mult_x_13/U218/clk_r_REG129_S3/CP (DFQD1)     0.00       0.00 r
  library hold time                                                   0.02       0.02
  data required time                                                             0.02
  --------------------------------------------------------------------------------------
  data required time                                                             0.02
  data arrival time                                                             -0.24
  --------------------------------------------------------------------------------------
  slack (MET)                                                                    0.22


  Startpoint: u_exact_mul/U_fp_mult/mult_x_13/clk_r_REG189_S2
              (rising edge-triggered flip-flop clocked by clk)
  Endpoint: u_exact_mul/U_fp_mult/mult_x_13/clk_r_REG164_S3
            (rising edge-triggered flip-flop clocked by clk)
  Path Group: clk
  Path Type: min

  Des/Clust/Port     Wire Load Model       Library
  ------------------------------------------------
  exact_fp32_mul_7stage ZeroWireload       tcbn65gplustc_ccs
  exact_fp32_mul_7stage_DW_lp_piped_fp_mult_J1_0 ZeroWireload tcbn65gplustc_ccs

  Point                                                           Incr       Path
  ----------------------------------------------------------------------------------
  clock clk (rise edge)                                           0.00       0.00
  clock network delay (ideal)                                     0.00       0.00
  u_exact_mul/U_fp_mult/mult_x_13/clk_r_REG189_S2/CP (DFQD1)      0.00       0.00 r
  u_exact_mul/U_fp_mult/mult_x_13/clk_r_REG189_S2/Q (DFQD1)       0.09       0.09 r
  u_exact_mul/U903/Z (CKBD1)                                      0.04       0.13 r
  u_exact_mul/U596/Z (BUFFD1)                                     0.04       0.16 r
  u_exact_mul/U1093/ZN (MUX2ND0)                                  0.03       0.19 f
  u_exact_mul/U_fp_mult/mult_x_13/U182/S (CMPE42D1)               0.05       0.25 f
  u_exact_mul/U_fp_mult/mult_x_13/clk_r_REG164_S3/D (DFQD1)       0.00       0.25 f
  data arrival time                                                          0.25

  clock clk (rise edge)                                           0.00       0.00
  clock network delay (ideal)                                     0.00       0.00
  u_exact_mul/U_fp_mult/mult_x_13/clk_r_REG164_S3/CP (DFQD1)      0.00       0.00 r
  library hold time                                               0.02       0.02
  data required time                                                         0.02
  ----------------------------------------------------------------------------------
  data required time                                                         0.02
  data arrival time                                                         -0.25
  ----------------------------------------------------------------------------------
  slack (MET)                                                                0.22


  Startpoint: u_exact_mul/U_fp_mult/mult_x_13/clk_r_REG269_S2
              (rising edge-triggered flip-flop clocked by clk)
  Endpoint: u_exact_mul/U_fp_mult/mult_x_13/U222/clk_r_REG128_S3
            (rising edge-triggered flip-flop clocked by clk)
  Path Group: clk
  Path Type: min

  Des/Clust/Port     Wire Load Model       Library
  ------------------------------------------------
  exact_fp32_mul_7stage ZeroWireload       tcbn65gplustc_ccs
  exact_fp32_mul_7stage_DW_lp_piped_fp_mult_J1_0 ZeroWireload tcbn65gplustc_ccs

  Point                                                               Incr       Path
  --------------------------------------------------------------------------------------
  clock clk (rise edge)                                               0.00       0.00
  clock network delay (ideal)                                         0.00       0.00
  u_exact_mul/U_fp_mult/mult_x_13/clk_r_REG269_S2/CP (DFQD1)          0.00       0.00 r
  u_exact_mul/U_fp_mult/mult_x_13/clk_r_REG269_S2/Q (DFQD1)           0.09       0.09 r
  u_exact_mul/U794/ZN (INVD1)                                         0.02       0.11 f
  u_exact_mul/U684/ZN (INVD1)                                         0.02       0.13 r
  u_exact_mul/U1194/ZN (AOI221D0)                                     0.03       0.16 f
  u_exact_mul/U1195/ZN (MUX2ND0)                                      0.03       0.19 r
  u_exact_mul/U1633/S (CMPE42D1)                                      0.06       0.25 f
  u_exact_mul/U_fp_mult/mult_x_13/U222/clk_r_REG128_S3/D (DFQD1)      0.00       0.25 f
  data arrival time                                                              0.25

  clock clk (rise edge)                                               0.00       0.00
  clock network delay (ideal)                                         0.00       0.00
  u_exact_mul/U_fp_mult/mult_x_13/U222/clk_r_REG128_S3/CP (DFQD1)     0.00       0.00 r
  library hold time                                                   0.02       0.02
  data required time                                                             0.02
  --------------------------------------------------------------------------------------
  data required time                                                             0.02
  data arrival time                                                             -0.25
  --------------------------------------------------------------------------------------
  slack (MET)                                                                    0.22


  Startpoint: u_exact_mul/U_fp_mult/mult_x_13/R_0_clk_r_REG202_S2
              (rising edge-triggered flip-flop clocked by clk)
  Endpoint: u_exact_mul/U_fp_mult/mult_x_13/clk_r_REG137_S3
            (rising edge-triggered flip-flop clocked by clk)
  Path Group: clk
  Path Type: min

  Des/Clust/Port     Wire Load Model       Library
  ------------------------------------------------
  exact_fp32_mul_7stage ZeroWireload       tcbn65gplustc_ccs
  exact_fp32_mul_7stage_DW_lp_piped_fp_mult_J1_0 ZeroWireload tcbn65gplustc_ccs

  Point                                                               Incr       Path
  --------------------------------------------------------------------------------------
  clock clk (rise edge)                                               0.00       0.00
  clock network delay (ideal)                                         0.00       0.00
  u_exact_mul/U_fp_mult/mult_x_13/R_0_clk_r_REG202_S2/CP (DFQD1)      0.00       0.00 r
  u_exact_mul/U_fp_mult/mult_x_13/R_0_clk_r_REG202_S2/Q (DFQD1)       0.09       0.09 r
  u_exact_mul/U672/Z (BUFFD1)                                         0.04       0.13 r
  u_exact_mul/U37/ZN (INVD0)                                          0.03       0.16 f
  u_exact_mul/U1186/ZN (MUX2ND0)                                      0.03       0.19 r
  u_exact_mul/U_fp_mult/mult_x_13/U200/S (CMPE42D1)                   0.06       0.25 f
  u_exact_mul/U_fp_mult/mult_x_13/clk_r_REG137_S3/D (DFQD1)           0.00       0.25 f
  data arrival time                                                              0.25

  clock clk (rise edge)                                               0.00       0.00
  clock network delay (ideal)                                         0.00       0.00
  u_exact_mul/U_fp_mult/mult_x_13/clk_r_REG137_S3/CP (DFQD1)          0.00       0.00 r
  library hold time                                                   0.02       0.02
  data required time                                                             0.02
  --------------------------------------------------------------------------------------
  data required time                                                             0.02
  data arrival time                                                             -0.25
  --------------------------------------------------------------------------------------
  slack (MET)                                                                    0.22


  Startpoint: u_exact_mul/U_fp_mult/mult_x_13/R_0_clk_r_REG202_S2
              (rising edge-triggered flip-flop clocked by clk)
  Endpoint: u_exact_mul/U_fp_mult/mult_x_13/U218/clk_r_REG130_S3
            (rising edge-triggered flip-flop clocked by clk)
  Path Group: clk
  Path Type: min

  Des/Clust/Port     Wire Load Model       Library
  ------------------------------------------------
  exact_fp32_mul_7stage ZeroWireload       tcbn65gplustc_ccs
  exact_fp32_mul_7stage_DW_lp_piped_fp_mult_J1_0 ZeroWireload tcbn65gplustc_ccs

  Point                                                               Incr       Path
  --------------------------------------------------------------------------------------
  clock clk (rise edge)                                               0.00       0.00
  clock network delay (ideal)                                         0.00       0.00
  u_exact_mul/U_fp_mult/mult_x_13/R_0_clk_r_REG202_S2/CP (DFQD1)      0.00       0.00 r
  u_exact_mul/U_fp_mult/mult_x_13/R_0_clk_r_REG202_S2/Q (DFQD1)       0.09       0.09 r
  u_exact_mul/U665/Z (BUFFD1)                                         0.04       0.13 r
  u_exact_mul/U1002/Z (BUFFD1)                                        0.04       0.16 r
  u_exact_mul/U1193/ZN (MUX2ND0)                                      0.03       0.19 f
  u_exact_mul/U_fp_mult/mult_x_13/U219/S (CMPE42D1)                   0.06       0.25 f
  u_exact_mul/U_fp_mult/mult_x_13/U218/clk_r_REG130_S3/D (DFQD1)      0.00       0.25 f
  data arrival time                                                              0.25

  clock clk (rise edge)                                               0.00       0.00
  clock network delay (ideal)                                         0.00       0.00
  u_exact_mul/U_fp_mult/mult_x_13/U218/clk_r_REG130_S3/CP (DFQD1)     0.00       0.00 r
  library hold time                                                   0.02       0.02
  data required time                                                             0.02
  --------------------------------------------------------------------------------------
  data required time                                                             0.02
  data arrival time                                                             -0.25
  --------------------------------------------------------------------------------------
  slack (MET)                                                                    0.22


  Startpoint: u_exact_mul/U_fp_mult/mult_x_13/clk_r_REG266_S2
              (rising edge-triggered flip-flop clocked by clk)
  Endpoint: u_exact_mul/U_fp_mult/mult_x_13/U211/clk_r_REG132_S3
            (rising edge-triggered flip-flop clocked by clk)
  Path Group: clk
  Path Type: min

  Des/Clust/Port     Wire Load Model       Library
  ------------------------------------------------
  exact_fp32_mul_7stage ZeroWireload       tcbn65gplustc_ccs
  exact_fp32_mul_7stage_DW_lp_piped_fp_mult_J1_0 ZeroWireload tcbn65gplustc_ccs

  Point                                                               Incr       Path
  --------------------------------------------------------------------------------------
  clock clk (rise edge)                                               0.00       0.00
  clock network delay (ideal)                                         0.00       0.00
  u_exact_mul/U_fp_mult/mult_x_13/clk_r_REG266_S2/CP (DFQD1)          0.00       0.00 r
  u_exact_mul/U_fp_mult/mult_x_13/clk_r_REG266_S2/Q (DFQD1)           0.09       0.09 r
  u_exact_mul/U790/ZN (INVD1)                                         0.02       0.10 f
  u_exact_mul/U791/ZN (INVD1)                                         0.02       0.13 r
  u_exact_mul/U847/ZN (AOI221D0)                                      0.03       0.16 f
  u_exact_mul/U1412/ZN (MUX2ND0)                                      0.03       0.19 r
  u_exact_mul/U1413/S (FA1D0)                                         0.06       0.25 f
  u_exact_mul/U_fp_mult/mult_x_13/U211/clk_r_REG132_S3/D (DFQD1)      0.00       0.25 f
  data arrival time                                                              0.25

  clock clk (rise edge)                                               0.00       0.00
  clock network delay (ideal)                                         0.00       0.00
  u_exact_mul/U_fp_mult/mult_x_13/U211/clk_r_REG132_S3/CP (DFQD1)     0.00       0.00 r
  library hold time                                                   0.02       0.02
  data required time                                                             0.02
  --------------------------------------------------------------------------------------
  data required time                                                             0.02
  data arrival time                                                             -0.25
  --------------------------------------------------------------------------------------
  slack (MET)                                                                    0.22


  Startpoint: u_exact_mul/U_fp_mult/mult_x_13/R_0_clk_r_REG202_S2
              (rising edge-triggered flip-flop clocked by clk)
  Endpoint: u_exact_mul/U_fp_mult/mult_x_13/clk_r_REG138_S3
            (rising edge-triggered flip-flop clocked by clk)
  Path Group: clk
  Path Type: min

  Des/Clust/Port     Wire Load Model       Library
  ------------------------------------------------
  exact_fp32_mul_7stage ZeroWireload       tcbn65gplustc_ccs
  exact_fp32_mul_7stage_DW_lp_piped_fp_mult_J1_0 ZeroWireload tcbn65gplustc_ccs

  Point                                                               Incr       Path
  --------------------------------------------------------------------------------------
  clock clk (rise edge)                                               0.00       0.00
  clock network delay (ideal)                                         0.00       0.00
  u_exact_mul/U_fp_mult/mult_x_13/R_0_clk_r_REG202_S2/CP (DFQD1)      0.00       0.00 r
  u_exact_mul/U_fp_mult/mult_x_13/R_0_clk_r_REG202_S2/Q (DFQD1)       0.10       0.10 f
  u_exact_mul/U672/Z (BUFFD1)                                         0.04       0.14 f
  u_exact_mul/U37/ZN (INVD0)                                          0.04       0.17 r
  u_exact_mul/U1186/ZN (MUX2ND0)                                      0.03       0.20 f
  u_exact_mul/U_fp_mult/mult_x_13/U200/CO (CMPE42D1)                  0.05       0.25 f
  u_exact_mul/U_fp_mult/mult_x_13/clk_r_REG138_S3/D (DFQD1)           0.00       0.25 f
  data arrival time                                                              0.25

  clock clk (rise edge)                                               0.00       0.00
  clock network delay (ideal)                                         0.00       0.00
  u_exact_mul/U_fp_mult/mult_x_13/clk_r_REG138_S3/CP (DFQD1)          0.00       0.00 r
  library hold time                                                   0.02       0.02
  data required time                                                             0.02
  --------------------------------------------------------------------------------------
  data required time                                                             0.02
  data arrival time                                                             -0.25
  --------------------------------------------------------------------------------------
  slack (MET)                                                                    0.23


  Startpoint: u_exact_mul/U_fp_mult/mult_x_13/clk_r_REG271_S2
              (rising edge-triggered flip-flop clocked by clk)
  Endpoint: u_exact_mul/U_fp_mult/mult_x_13/U250/clk_r_REG188_S3
            (rising edge-triggered flip-flop clocked by clk)
  Path Group: clk
  Path Type: min

  Des/Clust/Port     Wire Load Model       Library
  ------------------------------------------------
  exact_fp32_mul_7stage ZeroWireload       tcbn65gplustc_ccs
  exact_fp32_mul_7stage_DW_lp_piped_fp_mult_J1_0 ZeroWireload tcbn65gplustc_ccs

  Point                                                               Incr       Path
  --------------------------------------------------------------------------------------
  clock clk (rise edge)                                               0.00       0.00
  clock network delay (ideal)                                         0.00       0.00
  u_exact_mul/U_fp_mult/mult_x_13/clk_r_REG271_S2/CP (DFQD1)          0.00       0.00 r
  u_exact_mul/U_fp_mult/mult_x_13/clk_r_REG271_S2/Q (DFQD1)           0.09       0.09 r
  u_exact_mul/U1540/ZN (AOI221D0)                                     0.03       0.12 f
  u_exact_mul/U1541/ZN (MUX2ND0)                                      0.05       0.17 f
  u_exact_mul/U1543/CO (FA1D0)                                        0.09       0.26 f
  u_exact_mul/U_fp_mult/mult_x_13/U250/clk_r_REG188_S3/D (DFQD1)      0.00       0.26 f
  data arrival time                                                              0.26

  clock clk (rise edge)                                               0.00       0.00
  clock network delay (ideal)                                         0.00       0.00
  u_exact_mul/U_fp_mult/mult_x_13/U250/clk_r_REG188_S3/CP (DFQD1)     0.00       0.00 r
  library hold time                                                   0.02       0.02
  data required time                                                             0.02
  --------------------------------------------------------------------------------------
  data required time                                                             0.02
  data arrival time                                                             -0.26
  --------------------------------------------------------------------------------------
  slack (MET)                                                                    0.23


  Startpoint: u_exact_mul/U_fp_mult/mult_x_13/clk_r_REG208_S2
              (rising edge-triggered flip-flop clocked by clk)
  Endpoint: u_exact_mul/U_fp_mult/mult_x_13/U234/clk_r_REG124_S3
            (rising edge-triggered flip-flop clocked by clk)
  Path Group: clk
  Path Type: min

  Des/Clust/Port     Wire Load Model       Library
  ------------------------------------------------
  exact_fp32_mul_7stage ZeroWireload       tcbn65gplustc_ccs
  exact_fp32_mul_7stage_DW_lp_piped_fp_mult_J1_0 ZeroWireload tcbn65gplustc_ccs

  Point                                                               Incr       Path
  --------------------------------------------------------------------------------------
  clock clk (rise edge)                                               0.00       0.00
  clock network delay (ideal)                                         0.00       0.00
  u_exact_mul/U_fp_mult/mult_x_13/clk_r_REG208_S2/CP (DFQD1)          0.00       0.00 r
  u_exact_mul/U_fp_mult/mult_x_13/clk_r_REG208_S2/Q (DFQD1)           0.09       0.09 r
  u_exact_mul/U927/Z (BUFFD1)                                         0.04       0.13 r
  u_exact_mul/U159/Z (BUFFD0)                                         0.04       0.17 r
  u_exact_mul/U1243/ZN (MUX2ND0)                                      0.03       0.20 f
  u_exact_mul/U_fp_mult/mult_x_13/U235/S (CMPE42D1)                   0.06       0.26 f
  u_exact_mul/U_fp_mult/mult_x_13/U234/clk_r_REG124_S3/D (DFQD1)      0.00       0.26 f
  data arrival time                                                              0.26

  clock clk (rise edge)                                               0.00       0.00
  clock network delay (ideal)                                         0.00       0.00
  u_exact_mul/U_fp_mult/mult_x_13/U234/clk_r_REG124_S3/CP (DFQD1)     0.00       0.00 r
  library hold time                                                   0.02       0.02
  data required time                                                             0.02
  --------------------------------------------------------------------------------------
  data required time                                                             0.02
  data arrival time                                                             -0.26
  --------------------------------------------------------------------------------------
  slack (MET)                                                                    0.23


  Startpoint: u_exact_mul/U_fp_mult/mult_x_13/clk_r_REG248_S2
              (rising edge-triggered flip-flop clocked by clk)
  Endpoint: u_exact_mul/U_fp_mult/mult_x_13/clk_r_REG199_S3
            (rising edge-triggered flip-flop clocked by clk)
  Path Group: clk
  Path Type: min

  Des/Clust/Port     Wire Load Model       Library
  ------------------------------------------------
  exact_fp32_mul_7stage ZeroWireload       tcbn65gplustc_ccs
  exact_fp32_mul_7stage_DW_lp_piped_fp_mult_J1_0 ZeroWireload tcbn65gplustc_ccs

  Point                                                           Incr       Path
  ----------------------------------------------------------------------------------
  clock clk (rise edge)                                           0.00       0.00
  clock network delay (ideal)                                     0.00       0.00
  u_exact_mul/U_fp_mult/mult_x_13/clk_r_REG248_S2/CP (DFQD1)      0.00       0.00 r
  u_exact_mul/U_fp_mult/mult_x_13/clk_r_REG248_S2/Q (DFQD1)       0.09       0.09 r
  u_exact_mul/U673/ZN (INVD1)                                     0.02       0.11 f
  u_exact_mul/U1067/Z (BUFFD1)                                    0.04       0.15 f
  u_exact_mul/U1068/Z (BUFFD1)                                    0.04       0.19 f
  u_exact_mul/U1434/ZN (MUX2ND0)                                  0.04       0.22 r
  u_exact_mul/U1506/ZN (MAOI222D1)                                0.03       0.26 f
  u_exact_mul/U_fp_mult/mult_x_13/clk_r_REG199_S3/D (DFQD1)       0.00       0.26 f
  data arrival time                                                          0.26

  clock clk (rise edge)                                           0.00       0.00
  clock network delay (ideal)                                     0.00       0.00
  u_exact_mul/U_fp_mult/mult_x_13/clk_r_REG199_S3/CP (DFQD1)      0.00       0.00 r
  library hold time                                               0.02       0.02
  data required time                                                         0.02
  ----------------------------------------------------------------------------------
  data required time                                                         0.02
  data arrival time                                                         -0.26
  ----------------------------------------------------------------------------------
  slack (MET)                                                                0.24


  Startpoint: u_exact_mul/U_fp_mult/mult_x_13/clk_r_REG271_S2
              (rising edge-triggered flip-flop clocked by clk)
  Endpoint: u_exact_mul/U_fp_mult/mult_x_13/U227/clk_r_REG126_S3
            (rising edge-triggered flip-flop clocked by clk)
  Path Group: clk
  Path Type: min

  Des/Clust/Port     Wire Load Model       Library
  ------------------------------------------------
  exact_fp32_mul_7stage ZeroWireload       tcbn65gplustc_ccs
  exact_fp32_mul_7stage_DW_lp_piped_fp_mult_J1_0 ZeroWireload tcbn65gplustc_ccs

  Point                                                               Incr       Path
  --------------------------------------------------------------------------------------
  clock clk (rise edge)                                               0.00       0.00
  clock network delay (ideal)                                         0.00       0.00
  u_exact_mul/U_fp_mult/mult_x_13/clk_r_REG271_S2/CP (DFQD1)          0.00       0.00 r
  u_exact_mul/U_fp_mult/mult_x_13/clk_r_REG271_S2/Q (DFQD1)           0.09       0.09 r
  u_exact_mul/U798/ZN (INVD1)                                         0.02       0.11 f
  u_exact_mul/U799/ZN (INVD1)                                         0.02       0.13 r
  u_exact_mul/U1200/ZN (AOI221D0)                                     0.03       0.17 f
  u_exact_mul/U1201/ZN (MUX2ND0)                                      0.04       0.20 r
  u_exact_mul/U_fp_mult/mult_x_13/U231/CO (CMPE42D1)                  0.05       0.25 r
  u_exact_mul/U_fp_mult/mult_x_13/U227/clk_r_REG126_S3/D (DFQD1)      0.00       0.25 r
  data arrival time                                                              0.25

  clock clk (rise edge)                                               0.00       0.00
  clock network delay (ideal)                                         0.00       0.00
  u_exact_mul/U_fp_mult/mult_x_13/U227/clk_r_REG126_S3/CP (DFQD1)     0.00       0.00 r
  library hold time                                                   0.01       0.01
  data required time                                                             0.01
  --------------------------------------------------------------------------------------
  data required time                                                             0.01
  data arrival time                                                             -0.25
  --------------------------------------------------------------------------------------
  slack (MET)                                                                    0.25


  Startpoint: u_exact_mul/U_fp_mult/mult_x_13/clk_r_REG272_S2
              (rising edge-triggered flip-flop clocked by clk)
  Endpoint: u_exact_mul/U_fp_mult/mult_x_13/U258/clk_r_REG190_S3
            (rising edge-triggered flip-flop clocked by clk)
  Path Group: clk
  Path Type: min

  Des/Clust/Port     Wire Load Model       Library
  ------------------------------------------------
  exact_fp32_mul_7stage ZeroWireload       tcbn65gplustc_ccs
  exact_fp32_mul_7stage_DW_lp_piped_fp_mult_J1_0 ZeroWireload tcbn65gplustc_ccs

  Point                                                               Incr       Path
  --------------------------------------------------------------------------------------
  clock clk (rise edge)                                               0.00       0.00
  clock network delay (ideal)                                         0.00       0.00
  u_exact_mul/U_fp_mult/mult_x_13/clk_r_REG272_S2/CP (DFQD1)          0.00       0.00 r
  u_exact_mul/U_fp_mult/mult_x_13/clk_r_REG272_S2/Q (DFQD1)           0.09       0.09 r
  u_exact_mul/U771/ZN (INVD1)                                         0.02       0.11 f
  u_exact_mul/U773/ZN (INVD1)                                         0.02       0.13 r
  u_exact_mul/U1536/ZN (AOI221D0)                                     0.03       0.16 f
  u_exact_mul/U1537/ZN (MUX2ND0)                                      0.03       0.19 r
  u_exact_mul/U1542/S (FA1D0)                                         0.09       0.28 f
  u_exact_mul/U_fp_mult/mult_x_13/U258/clk_r_REG190_S3/D (DFQD1)      0.00       0.28 f
  data arrival time                                                              0.28

  clock clk (rise edge)                                               0.00       0.00
  clock network delay (ideal)                                         0.00       0.00
  u_exact_mul/U_fp_mult/mult_x_13/U258/clk_r_REG190_S3/CP (DFQD1)     0.00       0.00 r
  library hold time                                                   0.02       0.02
  data required time                                                             0.02
  --------------------------------------------------------------------------------------
  data required time                                                             0.02
  data arrival time                                                             -0.28
  --------------------------------------------------------------------------------------
  slack (MET)                                                                    0.25


  Startpoint: u_exact_mul/U_fp_mult/mult_x_13/clk_r_REG208_S2
              (rising edge-triggered flip-flop clocked by clk)
  Endpoint: u_exact_mul/U_fp_mult/mult_x_13/U247/clk_r_REG181_S3
            (rising edge-triggered flip-flop clocked by clk)
  Path Group: clk
  Path Type: min

  Des/Clust/Port     Wire Load Model       Library
  ------------------------------------------------
  exact_fp32_mul_7stage ZeroWireload       tcbn65gplustc_ccs
  exact_fp32_mul_7stage_DW_lp_piped_fp_mult_J1_0 ZeroWireload tcbn65gplustc_ccs

  Point                                                               Incr       Path
  --------------------------------------------------------------------------------------
  clock clk (rise edge)                                               0.00       0.00
  clock network delay (ideal)                                         0.00       0.00
  u_exact_mul/U_fp_mult/mult_x_13/clk_r_REG208_S2/CP (DFQD1)          0.00       0.00 r
  u_exact_mul/U_fp_mult/mult_x_13/clk_r_REG208_S2/Q (DFQD1)           0.09       0.09 r
  u_exact_mul/U1003/Z (BUFFD1)                                        0.04       0.13 r
  u_exact_mul/U594/Z (BUFFD0)                                         0.04       0.17 r
  u_exact_mul/U1255/ZN (MUX2ND0)                                      0.04       0.21 f
  u_exact_mul/U_fp_mult/mult_x_13/U251/CO (CMPE42D1)                  0.07       0.28 f
  u_exact_mul/U_fp_mult/mult_x_13/U247/clk_r_REG181_S3/D (DFQD1)      0.00       0.28 f
  data arrival time                                                              0.28

  clock clk (rise edge)                                               0.00       0.00
  clock network delay (ideal)                                         0.00       0.00
  u_exact_mul/U_fp_mult/mult_x_13/U247/clk_r_REG181_S3/CP (DFQD1)     0.00       0.00 r
  library hold time                                                   0.02       0.02
  data required time                                                             0.02
  --------------------------------------------------------------------------------------
  data required time                                                             0.02
  data arrival time                                                             -0.28
  --------------------------------------------------------------------------------------
  slack (MET)                                                                    0.25


  Startpoint: u_exact_mul/U_fp_mult/mult_x_13/clk_r_REG233_S2
              (rising edge-triggered flip-flop clocked by clk)
  Endpoint: u_exact_mul/U_fp_mult/mult_x_13/U270/clk_r_REG198_S3
            (rising edge-triggered flip-flop clocked by clk)
  Path Group: clk
  Path Type: min

  Des/Clust/Port     Wire Load Model       Library
  ------------------------------------------------
  exact_fp32_mul_7stage ZeroWireload       tcbn65gplustc_ccs
  exact_fp32_mul_7stage_DW_lp_piped_fp_mult_J1_0 ZeroWireload tcbn65gplustc_ccs

  Point                                                               Incr       Path
  --------------------------------------------------------------------------------------
  clock clk (rise edge)                                               0.00       0.00
  clock network delay (ideal)                                         0.00       0.00
  u_exact_mul/U_fp_mult/mult_x_13/clk_r_REG233_S2/CP (DFQD1)          0.00       0.00 r
  u_exact_mul/U_fp_mult/mult_x_13/clk_r_REG233_S2/Q (DFQD1)           0.09       0.09 r
  u_exact_mul/U1342/Z (BUFFD1)                                        0.04       0.13 r
  u_exact_mul/U1373/Z (BUFFD0)                                        0.04       0.17 r
  u_exact_mul/U1376/ZN (MUX2ND0)                                      0.04       0.21 f
  u_exact_mul/U_fp_mult/mult_x_13/U273/CO (CMPE42D1)                  0.07       0.28 f
  u_exact_mul/U_fp_mult/mult_x_13/U270/clk_r_REG198_S3/D (DFQD1)      0.00       0.28 f
  data arrival time                                                              0.28

  clock clk (rise edge)                                               0.00       0.00
  clock network delay (ideal)                                         0.00       0.00
  u_exact_mul/U_fp_mult/mult_x_13/U270/clk_r_REG198_S3/CP (DFQD1)     0.00       0.00 r
  library hold time                                                   0.02       0.02
  data required time                                                             0.02
  --------------------------------------------------------------------------------------
  data required time                                                             0.02
  data arrival time                                                             -0.28
  --------------------------------------------------------------------------------------
  slack (MET)                                                                    0.25


  Startpoint: u_exact_mul/U_fp_mult/mult_x_13/clk_r_REG271_S2
              (rising edge-triggered flip-flop clocked by clk)
  Endpoint: u_exact_mul/U_fp_mult/mult_x_13/U230/clk_r_REG125_S3
            (rising edge-triggered flip-flop clocked by clk)
  Path Group: clk
  Path Type: min

  Des/Clust/Port     Wire Load Model       Library
  ------------------------------------------------
  exact_fp32_mul_7stage ZeroWireload       tcbn65gplustc_ccs
  exact_fp32_mul_7stage_DW_lp_piped_fp_mult_J1_0 ZeroWireload tcbn65gplustc_ccs

  Point                                                               Incr       Path
  --------------------------------------------------------------------------------------
  clock clk (rise edge)                                               0.00       0.00
  clock network delay (ideal)                                         0.00       0.00
  u_exact_mul/U_fp_mult/mult_x_13/clk_r_REG271_S2/CP (DFQD1)          0.00       0.00 r
  u_exact_mul/U_fp_mult/mult_x_13/clk_r_REG271_S2/Q (DFQD1)           0.09       0.09 r
  u_exact_mul/U798/ZN (INVD1)                                         0.02       0.11 f
  u_exact_mul/U799/ZN (INVD1)                                         0.02       0.13 r
  u_exact_mul/U1200/ZN (AOI221D0)                                     0.03       0.17 f
  u_exact_mul/U1201/ZN (MUX2ND0)                                      0.04       0.20 r
  u_exact_mul/U_fp_mult/mult_x_13/U231/S (CMPE42D1)                   0.08       0.28 f
  u_exact_mul/U_fp_mult/mult_x_13/U230/clk_r_REG125_S3/D (DFQD1)      0.00       0.28 f
  data arrival time                                                              0.28

  clock clk (rise edge)                                               0.00       0.00
  clock network delay (ideal)                                         0.00       0.00
  u_exact_mul/U_fp_mult/mult_x_13/U230/clk_r_REG125_S3/CP (DFQD1)     0.00       0.00 r
  library hold time                                                   0.02       0.02
  data required time                                                             0.02
  --------------------------------------------------------------------------------------
  data required time                                                             0.02
  data arrival time                                                             -0.28
  --------------------------------------------------------------------------------------
  slack (MET)                                                                    0.26


  Startpoint: u_exact_mul/U_fp_mult/mult_x_13/clk_r_REG273_S2
              (rising edge-triggered flip-flop clocked by clk)
  Endpoint: u_exact_mul/U_fp_mult/mult_x_13/U227/clk_r_REG127_S3
            (rising edge-triggered flip-flop clocked by clk)
  Path Group: clk
  Path Type: min

  Des/Clust/Port     Wire Load Model       Library
  ------------------------------------------------
  exact_fp32_mul_7stage ZeroWireload       tcbn65gplustc_ccs
  exact_fp32_mul_7stage_DW_lp_piped_fp_mult_J1_0 ZeroWireload tcbn65gplustc_ccs

  Point                                                               Incr       Path
  --------------------------------------------------------------------------------------
  clock clk (rise edge)                                               0.00       0.00
  clock network delay (ideal)                                         0.00       0.00
  u_exact_mul/U_fp_mult/mult_x_13/clk_r_REG273_S2/CP (DFQD1)          0.00       0.00 r
  u_exact_mul/U_fp_mult/mult_x_13/clk_r_REG273_S2/Q (DFQD1)           0.09       0.09 r
  u_exact_mul/U787/ZN (INVD1)                                         0.02       0.10 f
  u_exact_mul/U788/ZN (INVD0)                                         0.03       0.14 r
  u_exact_mul/U1519/ZN (AOI221D0)                                     0.04       0.17 f
  u_exact_mul/U1520/ZN (MUX2ND0)                                      0.03       0.21 r
  u_exact_mul/U1521/S (FA1D0)                                         0.08       0.28 f
  u_exact_mul/U_fp_mult/mult_x_13/U227/clk_r_REG127_S3/D (DFQD1)      0.00       0.28 f
  data arrival time                                                              0.28

  clock clk (rise edge)                                               0.00       0.00
  clock network delay (ideal)                                         0.00       0.00
  u_exact_mul/U_fp_mult/mult_x_13/U227/clk_r_REG127_S3/CP (DFQD1)     0.00       0.00 r
  library hold time                                                   0.02       0.02
  data required time                                                             0.02
  --------------------------------------------------------------------------------------
  data required time                                                             0.02
  data arrival time                                                             -0.28
  --------------------------------------------------------------------------------------
  slack (MET)                                                                    0.26


  Startpoint: u_exact_mul/U_fp_mult/mult_x_13/clk_r_REG275_S2
              (rising edge-triggered flip-flop clocked by clk)
  Endpoint: u_exact_mul/U_fp_mult/mult_x_13/U270/clk_r_REG196_S3
            (rising edge-triggered flip-flop clocked by clk)
  Path Group: clk
  Path Type: min

  Des/Clust/Port     Wire Load Model       Library
  ------------------------------------------------
  exact_fp32_mul_7stage ZeroWireload       tcbn65gplustc_ccs
  exact_fp32_mul_7stage_DW_lp_piped_fp_mult_J1_0 ZeroWireload tcbn65gplustc_ccs

  Point                                                               Incr       Path
  --------------------------------------------------------------------------------------
  clock clk (rise edge)                                               0.00       0.00
  clock network delay (ideal)                                         0.00       0.00
  u_exact_mul/U_fp_mult/mult_x_13/clk_r_REG275_S2/CP (DFQD1)          0.00       0.00 r
  u_exact_mul/U_fp_mult/mult_x_13/clk_r_REG275_S2/Q (DFQD1)           0.09       0.09 r
  u_exact_mul/U803/ZN (INVD1)                                         0.02       0.10 f
  u_exact_mul/U804/ZN (INVD0)                                         0.03       0.14 r
  u_exact_mul/U1525/ZN (AOI221D0)                                     0.04       0.17 f
  u_exact_mul/U1526/ZN (MUX2ND0)                                      0.03       0.20 r
  u_exact_mul/U1530/S (FA1D0)                                         0.09       0.28 f
  u_exact_mul/U_fp_mult/mult_x_13/U270/clk_r_REG196_S3/D (DFQD1)      0.00       0.28 f
  data arrival time                                                              0.28

  clock clk (rise edge)                                               0.00       0.00
  clock network delay (ideal)                                         0.00       0.00
  u_exact_mul/U_fp_mult/mult_x_13/U270/clk_r_REG196_S3/CP (DFQD1)     0.00       0.00 r
  library hold time                                                   0.02       0.02
  data required time                                                             0.02
  --------------------------------------------------------------------------------------
  data required time                                                             0.02
  data arrival time                                                             -0.28
  --------------------------------------------------------------------------------------
  slack (MET)                                                                    0.26


  Startpoint: u_exact_mul/U_fp_mult/mult_x_13/clk_r_REG273_S2
              (rising edge-triggered flip-flop clocked by clk)
  Endpoint: u_exact_mul/U_fp_mult/mult_x_13/U239/clk_r_REG123_S3
            (rising edge-triggered flip-flop clocked by clk)
  Path Group: clk
  Path Type: min

  Des/Clust/Port     Wire Load Model       Library
  ------------------------------------------------
  exact_fp32_mul_7stage ZeroWireload       tcbn65gplustc_ccs
  exact_fp32_mul_7stage_DW_lp_piped_fp_mult_J1_0 ZeroWireload tcbn65gplustc_ccs

  Point                                                               Incr       Path
  --------------------------------------------------------------------------------------
  clock clk (rise edge)                                               0.00       0.00
  clock network delay (ideal)                                         0.00       0.00
  u_exact_mul/U_fp_mult/mult_x_13/clk_r_REG273_S2/CP (DFQD1)          0.00       0.00 r
  u_exact_mul/U_fp_mult/mult_x_13/clk_r_REG273_S2/Q (DFQD1)           0.09       0.09 r
  u_exact_mul/U787/ZN (INVD1)                                         0.02       0.10 f
  u_exact_mul/U789/ZN (INVD0)                                         0.03       0.14 r
  u_exact_mul/U1515/ZN (AOI221D0)                                     0.04       0.17 f
  u_exact_mul/U1516/ZN (MUX2ND0)                                      0.03       0.20 r
  u_exact_mul/U1518/S (FA1D0)                                         0.09       0.29 f
  u_exact_mul/U_fp_mult/mult_x_13/U239/clk_r_REG123_S3/D (DFQD1)      0.00       0.29 f
  data arrival time                                                              0.29

  clock clk (rise edge)                                               0.00       0.00
  clock network delay (ideal)                                         0.00       0.00
  u_exact_mul/U_fp_mult/mult_x_13/U239/clk_r_REG123_S3/CP (DFQD1)     0.00       0.00 r
  library hold time                                                   0.02       0.02
  data required time                                                             0.02
  --------------------------------------------------------------------------------------
  data required time                                                             0.02
  data arrival time                                                             -0.29
  --------------------------------------------------------------------------------------
  slack (MET)                                                                    0.26


  Startpoint: u_exact_mul/U_fp_mult/mult_x_13/clk_r_REG208_S2
              (rising edge-triggered flip-flop clocked by clk)
  Endpoint: u_exact_mul/U_fp_mult/mult_x_13/U250/clk_r_REG180_S3
            (rising edge-triggered flip-flop clocked by clk)
  Path Group: clk
  Path Type: min

  Des/Clust/Port     Wire Load Model       Library
  ------------------------------------------------
  exact_fp32_mul_7stage ZeroWireload       tcbn65gplustc_ccs
  exact_fp32_mul_7stage_DW_lp_piped_fp_mult_J1_0 ZeroWireload tcbn65gplustc_ccs

  Point                                                               Incr       Path
  --------------------------------------------------------------------------------------
  clock clk (rise edge)                                               0.00       0.00
  clock network delay (ideal)                                         0.00       0.00
  u_exact_mul/U_fp_mult/mult_x_13/clk_r_REG208_S2/CP (DFQD1)          0.00       0.00 r
  u_exact_mul/U_fp_mult/mult_x_13/clk_r_REG208_S2/Q (DFQD1)           0.09       0.09 r
  u_exact_mul/U1003/Z (BUFFD1)                                        0.04       0.13 r
  u_exact_mul/U594/Z (BUFFD0)                                         0.04       0.17 r
  u_exact_mul/U1255/ZN (MUX2ND0)                                      0.04       0.21 f
  u_exact_mul/U_fp_mult/mult_x_13/U251/S (CMPE42D1)                   0.08       0.29 f
  u_exact_mul/U_fp_mult/mult_x_13/U250/clk_r_REG180_S3/D (DFQD1)      0.00       0.29 f
  data arrival time                                                              0.29

  clock clk (rise edge)                                               0.00       0.00
  clock network delay (ideal)                                         0.00       0.00
  u_exact_mul/U_fp_mult/mult_x_13/U250/clk_r_REG180_S3/CP (DFQD1)     0.00       0.00 r
  library hold time                                                   0.02       0.02
  data required time                                                             0.02
  --------------------------------------------------------------------------------------
  data required time                                                             0.02
  data arrival time                                                             -0.29
  --------------------------------------------------------------------------------------
  slack (MET)                                                                    0.26


  Startpoint: u_exact_mul/U_fp_mult/mult_x_13/clk_r_REG233_S2
              (rising edge-triggered flip-flop clocked by clk)
  Endpoint: u_exact_mul/U_fp_mult/mult_x_13/clk_r_REG197_S3
            (rising edge-triggered flip-flop clocked by clk)
  Path Group: clk
  Path Type: min

  Des/Clust/Port     Wire Load Model       Library
  ------------------------------------------------
  exact_fp32_mul_7stage ZeroWireload       tcbn65gplustc_ccs
  exact_fp32_mul_7stage_DW_lp_piped_fp_mult_J1_0 ZeroWireload tcbn65gplustc_ccs

  Point                                                           Incr       Path
  ----------------------------------------------------------------------------------
  clock clk (rise edge)                                           0.00       0.00
  clock network delay (ideal)                                     0.00       0.00
  u_exact_mul/U_fp_mult/mult_x_13/clk_r_REG233_S2/CP (DFQD1)      0.00       0.00 r
  u_exact_mul/U_fp_mult/mult_x_13/clk_r_REG233_S2/Q (DFQD1)       0.09       0.09 r
  u_exact_mul/U1342/Z (BUFFD1)                                    0.04       0.13 r
  u_exact_mul/U1373/Z (BUFFD0)                                    0.04       0.17 r
  u_exact_mul/U1376/ZN (MUX2ND0)                                  0.04       0.21 f
  u_exact_mul/U_fp_mult/mult_x_13/U273/S (CMPE42D1)               0.08       0.29 f
  u_exact_mul/U_fp_mult/mult_x_13/clk_r_REG197_S3/D (DFQD1)       0.00       0.29 f
  data arrival time                                                          0.29

  clock clk (rise edge)                                           0.00       0.00
  clock network delay (ideal)                                     0.00       0.00
  u_exact_mul/U_fp_mult/mult_x_13/clk_r_REG197_S3/CP (DFQD1)      0.00       0.00 r
  library hold time                                               0.02       0.02
  data required time                                                         0.02
  ----------------------------------------------------------------------------------
  data required time                                                         0.02
  data arrival time                                                         -0.29
  ----------------------------------------------------------------------------------
  slack (MET)                                                                0.26


  Startpoint: u_exact_mul/U_fp_mult/mult_x_13/clk_r_REG195_S2
              (rising edge-triggered flip-flop clocked by clk)
  Endpoint: u_exact_mul/U_fp_mult/mult_x_13/U214/clk_r_REG131_S3
            (rising edge-triggered flip-flop clocked by clk)
  Path Group: clk
  Path Type: min

  Des/Clust/Port     Wire Load Model       Library
  ------------------------------------------------
  exact_fp32_mul_7stage ZeroWireload       tcbn65gplustc_ccs
  exact_fp32_mul_7stage_DW_lp_piped_fp_mult_J1_0 ZeroWireload tcbn65gplustc_ccs

  Point                                                               Incr       Path
  --------------------------------------------------------------------------------------
  clock clk (rise edge)                                               0.00       0.00
  clock network delay (ideal)                                         0.00       0.00
  u_exact_mul/U_fp_mult/mult_x_13/clk_r_REG195_S2/CP (DFQD1)          0.00       0.00 r
  u_exact_mul/U_fp_mult/mult_x_13/clk_r_REG195_S2/Q (DFQD1)           0.09       0.09 r
  u_exact_mul/U667/Z (BUFFD1)                                         0.04       0.13 r
  u_exact_mul/U627/Z (BUFFD0)                                         0.04       0.17 r
  u_exact_mul/U1159/ZN (MUX2ND0)                                      0.04       0.21 f
  u_exact_mul/U1632/S (CMPE42D1)                                      0.08       0.29 f
  u_exact_mul/U_fp_mult/mult_x_13/U214/clk_r_REG131_S3/D (DFQD1)      0.00       0.29 f
  data arrival time                                                              0.29

  clock clk (rise edge)                                               0.00       0.00
  clock network delay (ideal)                                         0.00       0.00
  u_exact_mul/U_fp_mult/mult_x_13/U214/clk_r_REG131_S3/CP (DFQD1)     0.00       0.00 r
  library hold time                                                   0.02       0.02
  data required time                                                             0.02
  --------------------------------------------------------------------------------------
  data required time                                                             0.02
  data arrival time                                                             -0.29
  --------------------------------------------------------------------------------------
  slack (MET)                                                                    0.26


  Startpoint: u_exact_mul/U_fp_mult/mult_x_13/clk_r_REG274_S2
              (rising edge-triggered flip-flop clocked by clk)
  Endpoint: u_exact_mul/U_fp_mult/mult_x_13/U266/clk_r_REG192_S3
            (rising edge-triggered flip-flop clocked by clk)
  Path Group: clk
  Path Type: min

  Des/Clust/Port     Wire Load Model       Library
  ------------------------------------------------
  exact_fp32_mul_7stage ZeroWireload       tcbn65gplustc_ccs
  exact_fp32_mul_7stage_DW_lp_piped_fp_mult_J1_0 ZeroWireload tcbn65gplustc_ccs

  Point                                                               Incr       Path
  --------------------------------------------------------------------------------------
  clock clk (rise edge)                                               0.00       0.00
  clock network delay (ideal)                                         0.00       0.00
  u_exact_mul/U_fp_mult/mult_x_13/clk_r_REG274_S2/CP (DFQD1)          0.00       0.00 r
  u_exact_mul/U_fp_mult/mult_x_13/clk_r_REG274_S2/Q (DFQD1)           0.09       0.09 r
  u_exact_mul/U800/ZN (INVD1)                                         0.02       0.10 f
  u_exact_mul/U801/ZN (INVD0)                                         0.03       0.14 r
  u_exact_mul/U1528/ZN (AOI221D0)                                     0.04       0.17 f
  u_exact_mul/U1529/ZN (MUX2ND0)                                      0.03       0.20 r
  u_exact_mul/U1534/S (FA1D0)                                         0.09       0.29 f
  u_exact_mul/U_fp_mult/mult_x_13/U266/clk_r_REG192_S3/D (DFQD1)      0.00       0.29 f
  data arrival time                                                              0.29

  clock clk (rise edge)                                               0.00       0.00
  clock network delay (ideal)                                         0.00       0.00
  u_exact_mul/U_fp_mult/mult_x_13/U266/clk_r_REG192_S3/CP (DFQD1)     0.00       0.00 r
  library hold time                                                   0.02       0.02
  data required time                                                             0.02
  --------------------------------------------------------------------------------------
  data required time                                                             0.02
  data arrival time                                                             -0.29
  --------------------------------------------------------------------------------------
  slack (MET)                                                                    0.26


  Startpoint: u_exact_mul/U_fp_mult/mult_x_13/clk_r_REG273_S2
              (rising edge-triggered flip-flop clocked by clk)
  Endpoint: u_exact_mul/U_fp_mult/mult_x_13/U262/clk_r_REG191_S3
            (rising edge-triggered flip-flop clocked by clk)
  Path Group: clk
  Path Type: min

  Des/Clust/Port     Wire Load Model       Library
  ------------------------------------------------
  exact_fp32_mul_7stage ZeroWireload       tcbn65gplustc_ccs
  exact_fp32_mul_7stage_DW_lp_piped_fp_mult_J1_0 ZeroWireload tcbn65gplustc_ccs

  Point                                                               Incr       Path
  --------------------------------------------------------------------------------------
  clock clk (rise edge)                                               0.00       0.00
  clock network delay (ideal)                                         0.00       0.00
  u_exact_mul/U_fp_mult/mult_x_13/clk_r_REG273_S2/CP (DFQD1)          0.00       0.00 r
  u_exact_mul/U_fp_mult/mult_x_13/clk_r_REG273_S2/Q (DFQD1)           0.09       0.09 r
  u_exact_mul/U787/ZN (INVD1)                                         0.02       0.10 f
  u_exact_mul/U622/ZN (INVD0)                                         0.03       0.14 r
  u_exact_mul/U1532/ZN (AOI221D0)                                     0.04       0.18 f
  u_exact_mul/U1533/ZN (MUX2ND0)                                      0.03       0.20 r
  u_exact_mul/U1538/S (FA1D0)                                         0.09       0.29 f
  u_exact_mul/U_fp_mult/mult_x_13/U262/clk_r_REG191_S3/D (DFQD1)      0.00       0.29 f
  data arrival time                                                              0.29

  clock clk (rise edge)                                               0.00       0.00
  clock network delay (ideal)                                         0.00       0.00
  u_exact_mul/U_fp_mult/mult_x_13/U262/clk_r_REG191_S3/CP (DFQD1)     0.00       0.00 r
  library hold time                                                   0.02       0.02
  data required time                                                             0.02
  --------------------------------------------------------------------------------------
  data required time                                                             0.02
  data arrival time                                                             -0.29
  --------------------------------------------------------------------------------------
  slack (MET)                                                                    0.27


  Startpoint: u_exact_mul/U_fp_mult/mult_x_13/R_0_clk_r_REG202_S2
              (rising edge-triggered flip-flop clocked by clk)
  Endpoint: u_exact_mul/U_fp_mult/mult_x_13/U243/clk_r_REG122_S3
            (rising edge-triggered flip-flop clocked by clk)
  Path Group: clk
  Path Type: min

  Des/Clust/Port     Wire Load Model       Library
  ------------------------------------------------
  exact_fp32_mul_7stage ZeroWireload       tcbn65gplustc_ccs
  exact_fp32_mul_7stage_DW_lp_piped_fp_mult_J1_0 ZeroWireload tcbn65gplustc_ccs

  Point                                                               Incr       Path
  --------------------------------------------------------------------------------------
  clock clk (rise edge)                                               0.00       0.00
  clock network delay (ideal)                                         0.00       0.00
  u_exact_mul/U_fp_mult/mult_x_13/R_0_clk_r_REG202_S2/CP (DFQD1)      0.00       0.00 r
  u_exact_mul/U_fp_mult/mult_x_13/R_0_clk_r_REG202_S2/Q (DFQD1)       0.09       0.09 r
  u_exact_mul/U666/Z (BUFFD1)                                         0.04       0.13 r
  u_exact_mul/U162/Z (BUFFD0)                                         0.04       0.17 r
  u_exact_mul/U1513/ZN (MUX2ND0)                                      0.03       0.20 f
  u_exact_mul/U1517/S (FA1D0)                                         0.09       0.29 f
  u_exact_mul/U_fp_mult/mult_x_13/U243/clk_r_REG122_S3/D (DFQD1)      0.00       0.29 f
  data arrival time                                                              0.29

  clock clk (rise edge)                                               0.00       0.00
  clock network delay (ideal)                                         0.00       0.00
  u_exact_mul/U_fp_mult/mult_x_13/U243/clk_r_REG122_S3/CP (DFQD1)     0.00       0.00 r
  library hold time                                                   0.02       0.02
  data required time                                                             0.02
  --------------------------------------------------------------------------------------
  data required time                                                             0.02
  data arrival time                                                             -0.29
  --------------------------------------------------------------------------------------
  slack (MET)                                                                    0.27


1
