40383000
3f58a000
40264000
3f959800
40366000
3fa4e800
40475000
3f4fc000
3fd9e000
3f52f000
3f9d8000
3f938000
402ea000
3f58f000
3fe58000
3fc1c800
40317000
3faba000
3fe72000
3f5c1000
3ffc6000
3f11b000
40025000
3fa20800
4001d000
3f5cc000
40035000
3f788000
4048a000
3f98e000
403bf000
3f94e000
403c7000
3f64e000
4048d000
3f67c000
402fb000
3f958800
40088000
3f40e000
40202000
3fbb3000
3fb0e000
3f5e7000
3fc4e000
3fa61800
40312000
3f8f7000
3ffa4000
3f62f000
40101000
3f6c5000
40033000
3f96e000
403fe000
3f995800
3fdf6000
3f983800
3ff84000
3ff38800
40700000
3f840800
3ffd4000
3f4b2000
40442000
3f911800
402e0000
3f43e000
40265000
3fabe000
4002a000
3f8cc800
3fb88000
3f77e000
404bc000
3f511000
402c7000
3f323000
3fe80000
3f1d5000
40082000
3f1bb000
3fe6a000
3f134000
3fc28000
3f3a8000
3f990000
3f8c4000
3fade000
3f3ef000
402cf000
3f35f000
3fb6c000
3f412000
4004b000
3f865000
402b7000
3f8a1000
3fd2a000
3f9b2800
3ff48000
3fd26800
400cd000
3f1ab000
401de000
3f366000
4027d000
3fa19000
3fb76000
3f824800
400f4000
3fdc2800
400a3000
3fd40000
4008e000
3fbcd000
40402000
3f5a3000
404da000
3f533000
3ff20000
3f47d000
40504000
3f91c800
3f9ea000
3f727000
403fd000
3f632000
3fdd6000
3f865000
40201000
3f40d000
40505000
3f546000
40104000
3fa48800
3fd8a000
3f1a3000
3fdd6000
3f788000
4038b000
3f926000
403a2000
3f8c4800
3f9ea000
3f63f000
3ff2c000
3f98b000
3ffa0000
3fc55800
4023a000
3f49a000
3fcce000
3f8db800
3fb2a000
3f56d000
3fede000
3f893000
40082000
3f558000
3fda0000
3f91b000
4042e000
3f8bd000
3fdf0000
3fa52000
3ff84000
3f1e8000
3fc2c000
3f3d2000
3fa84000
3f44e000
3fd86000
3f247000
3f9c6000
3f8b5800
40290000
3fb4a000
3fd0a000
3f257000
3fc74000
3f6c6000
3fd0c000
3fa04000
400a6000
3f2c2000
3f990000
3f86d000
401df000
3f24f000
40473000
3f4dc000
3fae6000
3f7d5000
40520000
3f793000
403a1000
3f865000
3fae6000
3f63f000
40244000
3fa9b800
3feb2000
3f5bc000
4025d000
3f998800
3fe68000
3f443000
4006f000
3f9ff800
400bf000
3f862800
400e0000
3f386000
40423000
3f6d4000
400c4000
3f21a000
400d7000
3f72e000
40520000
3f72d000
402b7000
3f8c9000
4014f000
3fab8800
40351000
3fb36000
4035b000
3f8d3000
4045c000
3f925800
40048000
3f387000
40069000
3f466000
400c1000
3faa8000
4027d000
3f335000
40512000
3f886000
3fd68000
3f2d7000
404e7000
3f9be800
3f8ee000
3f841800
4046c000
3f80d800
405d3000
3f5f4000
4062e000
3f8b7800
40387000
3f5ca000
3fce0000
3f4b4000
3fdc8000
3fba8800
4056b000
3f7c6000
40091000
3f1cc000
40158000
3f847000
3fd9c000
3f44a000
403e2000
3f71f000
405b7000
3f933000
4018b000
3fa14800
40471000
3f8d9800
400ac000
3fb9d000
4017f000
3f865000
3faf8000
3f77e000
4016a000
3f69b000
40210000
3faa4800
40679000
3f71c000
4006b000
3f48b000
401fc000
3fb2e000
401dd000
3f98d800
40109000
3f759000
3ff88000
3f565000
40040000
3f842800
3ffa6000
3f2d3000
40352000
3f517000
40294000
3f382000
400bc000
3f45e000
40241000
3fa59000
400e2000
3fbf4000
403ef000
3f829000
3ffee000
3f29b000
400d2000
3f43c000
3fbb4000
3f566000
4023f000
3f5a2000
402c4000
3f833000
401ae000
3f1e0000
40332000
3f468000
4000b000
3f345000
40417000
3f456000
4031b000
3f41b000
3fa0e000
3f963800
3fac2000
3f5cb000
3ff3c000
3fe6e000
4011e000
3f280000
3fcfc000
3f5da000
3fd80000
3fa1b000
4023e000
3fa16800
3fdb0000
3f29f000
4012a000
3f1ec000
40201000
3f8a1000
3ff90000
3fcd0000
402b3000
3f40b000
3fb00000
3f484000
4042c000
3f4c7000
4011e000
3f21b000
3fee0000
3fcb3800
400ca000
3f99d800
3feb8000
3fe64000
3fd6e000
3fb60000
403a1000
3f851000
3f9c6000
3f7d5000
4059f000
3f909800
4009a000
3f093000
4043e000
3fa68000
40067000
3f174000
401c0000
3f85b000
3feb2000
3f171000
405a7000
3f6fa000
3ff96000
3fe26000
400fd000
3fd40800
403cd000
3f6ae000
3fe0a000
3fa20800
404d6000
3f6b1000
40068000
3f9c1000
401fe000
3f9b0000
402f8000
3f6d6000
401e3000
3fc31000
402d2000
3f950000
3fb0a000
3f605000
400d0000
3f121000
40601000
3f88d000
40257000
3f2d7000
4007d000
3f41f000
3fa52000
3fa28800
402aa000
3f90f000
40449000
3f776000
402f8000
3f833000
4028c000
3f4c4000
3fe9a000
3f0d6000
401a4000
3f272000
3fd36000
3f952800
402de000
3f883000
40025000
3f04b000
40601000
3f8af000
400c5000
3f5e1000
3fb90000
3f982000
40283000
3fa9e000
40034000
3fd7e000
40066000
3f6c4000
40425000
3f888000
3f9a2000
3f898800
3fbf4000
3f816000
40255000
3fb2c000
403ab000
3f3d9000
40778000
3f7d7000
40120000
3fba4800
4037f000
3f40d000
4002c000
3f44c000
4062e000
3f74f000
3ff38000
3fb32800
4005e000
3fbe0000
3ff90000
3f19e000
3fc62000
3f884800
40598000
3f6a5000
3fd86000
3fa89800
40043000
3faf4000
3fb66000
3fa33800
406e2000
3f74f000
40221000
3f9d8800
4014b000
3f53a000
3fc52000
3f491000
3fa32000
3f898800
3fd74000
3fa7b000
400cd000
3f210000
40215000
3fb87800
405f2000
3f793000
3f936000
3f6ed000
3fc66000
3f9a1800
3ff2e000
3f23f000
40283000
3f622000
3f8b8000
3f88a000
3fec8000
3f5a5000
3fc44000
3fb50000
400cf000
3f820000
401c2000
3f613000
3fb8c000
3fadf000
3ff78000
3f814800
404da000
3f6f1000
402b7000
3f6c2000
3fbae000
3fa6d800
4012b000
3f4a3000
3fdac000
3f1d9000
40022000
3fdf1800
40209000
3fbda000
3fff4000
3fba0800
3ff8a000
3f0f9000
4040c000
3f8ff000
40170000
3f551000
3fb2e000
3f87b800
40157000
3f21f000
401f4000
3f7c6000
405d4000
3f80d800
4045e000
3f46b000
401a4000
3f96d800
40098000
3f6ef000
3ffea000
3f4a1000
404e2000
3f5b3000
3fbea000
3f88d800
3fefc000
3f32f000
40196000
3fa20000
3ff42000
3f573000
40028000
3fcaa000
3fde8000
3fc91800
400e0000
3f9b4800
4018b000
3f668000
4003a000
3f077000
3fb30000
3f4dc000
40000000
3f490000
404d8000
3f89e800
400e8000
3f41a000
3ff16000
3f343000
40281000
3f353000
403d8000
3fa02800
3fcc4000
3f38e000
3febe000
3f337000
40459000
3f9db800
406a6000
3f82f800
4016a000
3f4e2000
40061000
3f08f000
404e4000
3f81e800
40469000
3f7b8000
3feb2000
3f865000
3fe30000
3fccb800
40569000
3f64c000
3ffa2000
3fe90000
403be000
3f9ee800
3fb2e000
3f807800
401ed000
3f377000
402f8000
3f7ee000
40178000
3f424000
3faf8000
3f65c000
3ffa4000
3f6e7000
4006d000
3f060000
405b6000
3f6c7000
405f2000
3f661000
3fc8c000
3f910000
3ff5a000
3f08d000
40346000
3f91f000
3fecc000
3f263000
3fe68000
3fa61800
3fdaa000
3f837000
40037000
3f93b000
4016c000
3f3ca000
4036d000
3f801000
4023b000
3f383000
4032c000
3f86f000
3fb2e000
3f8b5800
40129000
3fb0f800
400f7000
3f453000
3fd52000
3fb20000
40070000
3f1cf000
40181000
3f277000
3fcfa000
3f37d000
3fe56000
3fa53000
40061000
3f223000
403ce000
3f5df000
40001000
3fb06000
4047e000
3fa0f000
3f990000
3f91b000
4045a000
3f7a7000
3fe72000
3f13f000
4012d000
3f1c7000
3fd80000
3f1d3000
3ff4c000
3f715000
3fc6a000
3f3ed000
3ffa4000
3f82b800
4025c000
3f6d6000
400fa000
3fe2c800
40022000
3fbb7800
403cd000
3f4f0000
4031d000
3f622000
3fbfa000
3fa87800
3fe8e000
3f120000
40431000
3f7b4000
3fca6000
3f8de800
40377000
3f3d1000
3fd64000
3fb2e800
40700000
3f7d7000
401b2000
3f39a000
3fba2000
3f3d9000
4003c000
3fb8e800
402ab000
3fae7800
3fe14000
3f229000
4036d000
3f445000
4052d000
3f925000
4074b000
3f85a000
4013f000
3f218000
4033d000
3fa63000
40066000
3f50b000
3fbaa000
3f42d000
401be000
3f276000
402df000
3f95a000
40287000
3f43f000
4056e000
3f957000
4029d000
3f8a1000
40524000
3f8f0000
3ffae000
3f5e8000
402b6000
3f951800
3fefa000
3f1ae000
3ff1a000
3f29f000
3fef4000
3f859800
3ff0e000
3f54b000
4028d000
3f949000
3ff28000
3f49f000
4023f000
3fc71800
3ffcc000
3fca0000
4018d000
3fd07800
40035000
3f893000
40407000
3f89f000
403d4000
3f63f000
40491000
3f4fe000
4011c000
3fa46000
40360000
3f5f7000
40502000
3f82f800
405d4000
3f8d9800
4011e000
3f1b6000
3fd00000
3f604000
40468000
3f6c9000
4024e000
3fb05000
40135000
3fabd000
40333000
3f4cf000
40517000
3f8e6000
4033e000
3f344000
403a6000
3f51d000
40039000
3fa51000
403e0000
3f881000
404d8000
3f513000
400fc000
3f37e000
3fe02000
3f7e4000
4005c000
3f60b000
3fafa000
3f515000
400a3000
3f1b8000
40100000
3f41d000
4044d000
3fa5c800
400ec000
3f61d000
3fc6e000
3f961800
4010a000
3f68f000
3fd0c000
3f36f000
40100000
3f78f000
401da000
3f8ab000
4021e000
3f24a000
3f9b4000
3f8c4000
40059000
3f8b9000
3fd36000
3f5cb000
40131000
3f815000
3fd3c000
3fbdd800
40151000
3f19f000
3ffea000
3f1d1000
3fdb2000
3f601000
40070000
3f5c4000
4027c000
3f2ce000
400ee000
3fba7000
402b8000
3fb93800
40105000
3f70f000
40085000
3fbbe800
402cb000
3f4bf000
3fe2e000
3f8c1000
3fb32000
3f5c1000
40271000
3f2db000
3fc5a000
3f4e5000
401cd000
3f78a000
403f7000
3f5d2000
401db000
3f213000
3fdf6000
3fd6c000
4004c000
3fb02800
40124000
3f16c000
3ff84000
3f1e8000
403a7000
3faf1800
3f9fc000
3f9ac000
3fdd6000
3f7b6000
3fe70000
3f191000
40049000
3fcaf000
40511000
3f86b000
402f8000
3f374000
3ff5c000
3f9da800
4015a000
3fd76000
4002b000
3f25f000
4032f000
3f4b1000
4011d000
3f357000
3fd9c000
3fbae800
40335000
3f940000
40239000
3f433000
4013f000
3f218000
40601000
3f62e000
4037d000
3f9bc800
40589000
3f6b6000
3fc8e000
3fadb800
402b7000
3f69a000
3f95a000
3f679000
4036f000
3f927800
40175000
3f2ef000
403d7000
3f74e000
3fb1c000
3f86d000
40196000
3f49e000
40009000
3f8aa000
40410000
3f4c5000
3ffba000
3f646000
3ff72000
3fd78800
40049000
3fef1000
401a6000
3f833000
40378000
3f95c800
401f7000
3f599000
3fbbc000
3f41a000
4036d000
3f78a000
4062e000
3f81e800
4012c000
3f3d9000
401dc000
3f298000
4018b000
3f8e5000
40146000
3f5ba000
3ff4c000
3f601000
3ff06000
3f164000
4007f000
3f1e0000
4003b000
3f485000
404eb000
3f868000
40180000
3f8d9800
4009a000
3fca1000
4027e000
3f39c000
4007a000
3f67d000
401f5000
3fc63800
3fd3c000
3fbdd800
40025000
3ff47800
400f7000
3fcd6800
4017f000
3f78a000
40380000
3f639000
400da000
3f689000
400fa000
3f30d000
3fe82000
3f2ed000
3fe2e000
3f674000
3fe18000
3f8e3800
404c7000
3f4e2000
3fce0000
3f369000
402a9000
3f5da000
4057a000
3f82f800
4047b000
3f7e8000
3fc66000
3f3c3000
3fe42000
3fb65000
403ac000
3f984800
3fc2a000
3f824800
4070f000
3f71c000
4052f000
3f782000
4031f000
3f83d000
404dc000
3f873800
3fa9e000
3f946800
400a3000
3f153000
3ff36000
3f75a000
3f96c000
3f622000
40503000
3f6e4000
4009b000
3fa2d800
4007e000
3f9d8000
3fef6000
3fa81000
400ff000
3f6a0000
4033e000
3fb61800
3f8dc000
3f88a000
405c6000
3f603000
40769000
3f7e8000
4024f000
3f801000
3fec8000
3f8b5800
40365000
3faac800
40257000
3f455000
3fcd2000
3f2d3000
3fc72000
3f2a5000
401f1000
3f9be000
4000d000
3fd9f800
404e7000
3f893000
404da000
3f6f1000
40151000
3fcd7000
3fe38000
3f20d000
401d6000
3f32a000
4042b000
3f973000
3fcc2000
3fa78800
400fa000
3f567000
40387000
3f951000
40013000
3ff2a800
3fc98000
3fb2a000
3fb1a000
3fa19800
3fa40000
3fa1a000
4053e000
3f862800
401db000
3f9a7000
402a7000
3f5ba000
3fdb6000
3fb9a000
4008c000
3f611000
40143000
3f65f000
403bc000
3f67d000
3f95a000
3f807800
40269000
3f801000
40235000
3f762000
3fa56000
3f51d000
40021000
3f45d000
3fd06000
3f573000
3ffe6000
3f618000
405c5000
3f87c000
4002d000
3f53b000
405c5000
3f7e8000
3fb26000
3faf6800
406d3000
3f782000
402f8000
3f8bf000
3fb76000
3f841800
4008c000
3f925800
3ffe6000
3f618000
403c3000
3f60e000
40394000
3f7ee000
4005e000
3fd91800
3fc0e000
3f8aa800
40269000
3f712000
40048000
3f652000
40290000
3f65e000
3fca0000
3faea000
40097000
3fbdb800
401b6000
3fb04800
402b2000
3f522000
4047b000
3f71a000
40221000
3f9d8800
3fd4a000
3fb43000
40305000
3f851000
400e8000
3f257000
3fe94000
3fd45800
4035e000
3f5d7000
3fbac000
3f88a000
40303000
3f4e5000
4049e000
3f9e2800
3f9ea000
3f727000
400b8000
3f17f000
40283000
3f801000
4043b000
3f4d8000
4009a000
3fd31800
4008b000
3f1b1000
40463000
3f59a000
40085000
3fc4f000
4054d000
3f89e000
3fb2e000
3f679000
3fe02000
3f837000
405ac000
3f621000
3fb2c000
3fa28000
3fc82000
3f2e9000
3fbc2000
3f389000
3fd4a000
3f69d000
3fc40000
3f8f6000
40269000
3f879000
3fede000
3f58e000
402bf000
3f465000
3fe90000
3f219000
40057000
3fbba000
40257000
3fbcc800
3febe000
3f337000
3faf8000
3f8e1000
3fdcc000
3fc51800
40221000
3f201000
402d4000
3f5ed000
4054d000
3f838000
3ff78000
3f68b000
400b4000
3f857000
3fcac000
3fa8a000
400d3000
3faf2000
401d2000
3fcb6000
3f912000
3f727000
3ff4e000
3fbea000
3fd14000
3fb01000
3ff1c000
3f97d800
4030d000
3fa50800
3fe6e000
3f97a800
40250000
3f480000
3fa56000
3f6b3000
3ff4c000
3f89e800
400a6000
3f12e000
401cf000
3f627000
40045000
3f9b8000
4053e000
3f862800
3f85e000
3f841800
3ffd2000
3f2d9000
3fa32000
3f99d800
3f912000
3f727000
402aa000
3f726000
3fc5e000
3fb1e800
407c3000
3f7e8000
400ca000
3fbfd800
400a3000
3f525000
403f5000
3f835000
4041f000
3f4d6000
4028a000
3fac5000
40423000
3f516000
402de000
3f7c6000
3fe8a000
3f51d000
40313000
3f582000
406c4000
3f862800
3fe80000
3fce2800
40024000
3f3bf000
3fe62000
3fad9000
3fe4c000
3f481000
40107000
3fb4b000
3fe18000
3f912000
401da000
3f897000
4027e000
3fb17800
405b6000
3f72d000
404c2000
3f72f000
40130000
3f26c000
400f4000
3fdc2800
3ff36000
3f106000
3fe44000
3fbb9800
40276000
3f636000
4025c000
3f5e6000
3fe2c000
3f552000
40043000
3f519000
3fdca000
3f41d000
3feba000
3f994800
3fe8a000
3fd14000
4019a000
3f9ed000
40420000
3f783000
405d4000
3f895800
4014f000
3f40f000
402f8000
3f833000
4065b000
3f87c000
4007e000
3f50e000
40377000
3f4ca000
4070f000
3f7e8000
4037f000
3f54a000
40133000
3fc76800
3fffc000
3f8fa800
4008b000
3f2e0000
3ff5e000
3f475000
401e7000
3f8a1000
40269000
3f8b5000
40152000
3f8c5000
4008c000
3f611000
401b3000
3f88d000
4041b000
3f8f3800
4011f000
3f3c5000
4025c000
3f883000
403d1000
3f6ee000
40046000
3fd9b000
3fe70000
3f465000
40037000
3f93b000
3fd26000
3f895800
40372000
3f559000
3feaa000
3fc88000
3fb54000
3f8e8000
40100000
3f194000
4001f000
3f809000
405bb000
3f908000
400af000
3fc62800
40075000
3f544000
40194000
3fb40000
401af000
3f3e3000
3fc56000
3f8e4800
404c7000
3f8bf800
3f894000
3f833000
3fbbe000
3f87b800
3ff0a000
3f6a2000
4040d000
3f85e800
3fca2000
3f820000
40511000
3f7c6000
4007f000
3f1e0000
40196000
3f657000
3fd2c000
3f492000
400dc000
3fd3b800
3ffa4000
3f65d000
4055c000
3f6c7000
3fc60000
3f933000
40679000
3f782000
4024f000
3f6ea000
3fefa000
3f1ae000
40601000
3f6b6000
4042f000
3f418000
3fd7e000
3f893000
400fd000
3f1b9000
40368000
3faef000
4001c000
3f4dd000
40046000
3f474000
3fb12000
3fa59800
3fffc000
3fd27000
3fd7e000
3f75a000
40601000
3f89e000
400d9000
3f976000
40100000
3f1f9000
405a7000
3f8af000
3fcaa000
3fc8a000
400b5000
3f1a4000
400dc000
3fe5c800
3fdba000
3f8e9800
3fb02000
3f99c800
401e7000
3f6c2000
3fd9e000
3fc03000
4016f000
3f1c1000
3fcae000
3f89e800
4000e000
3f97e800
3ffc0000
3f96a000
40375000
3f481000
40092000
3f680000
4021e000
3f5d5000
4029a000
3fa57000
40535000
3f688000
3fc20000
3f354000
3fe08000
3f992000
3ffd6000
3fb0c000
40360000
3f79e000
3fd0a000
3f975800
401cd000
3f405000
3fc48000
3f698000
40007000
3f08e000
40556000
3f92d800
40082000
3fe5c000
3fd30000
3fb57800
40254000
3fb8a000
3fd22000
3f8b5800
3ffa8000
3f281000
3fb54000
3fa25000
401f4000
3f86f000
3ff2c000
3f3fb000
40225000
3f9bd000
3ffa4000
3fb89800
401db000
3f3af000
3fcec000
3f392000
40073000
3f274000
3fb0a000
3f824800
3fe0a000
3f126000
3fc10000
3fbb3000
3fa20000
3f9c9000
3ff3a000
3f327000
3fe86000
3f788000
40094000
3f8bf800
400b0000
3f9b9800
401f9000
3fc48000
3fcac000
3f432000
3fd52000
3f551000
4034e000
3f3bc000
40601000
3f71c000
40359000
3faff000
3fa44000
3f86d000
40346000
3f897000
40283000
3f8c9000
3f924000
3f8a7000
401f1000
3f52a000
402ec000
3f31a000
4007c000
3fc40800
3fa9e000
3f6b3000
3fff6000
3f187000
402ad000
3f49d000
40225000
3f57a000
3ffcc000
3f091000
401b7000
3fc8a800
3fc34000
3f956000
3fc30000
3f59c000
4000d000
3f1d8000
3ff50000
3f9d5000
40520000
3f771000
3fb70000
3f43c000
3fd88000
3fb4b800
400b9000
3f7b6000
4012a000
3fc68000
4021f000
3f2b1000
400ca000
3f561000
40491000
3f8ad000
3fa68000
3f622000
402c0000
3f34e000
4016a000
3fbb2800
40261000
3f55f000
3fd52000
3f75a000
3ffbc000
3f58d000
3ff60000
3f068000
3fe08000
3f2ab000
40167000
3f587000
4020e000
3f8ab000
401fe000
3f2d8000
3ff7c000
3f27b000
4055b000
3f98d800
3ff5e000
3fba4000
40037000
3fdb3000
405c5000
3f7e8000
40057000
3f8d2800
3fb64000
3f744000
404c2000
3f85f800
4002f000
3f560000
4047f000
3f843000
4025f000
3f491000
40339000
3f43d000
404da000
3f533000
3fcfc000
3fb80800
3ff48000
3f3bd000
4003b000
3f485000
3fdee000
3faa5000
3f990000
3f7f2000
40305000
3f7b2000
40589000
3f838000
40154000
3f504000
401a7000
3fb14800
400d6000
3f1a1000
3fd98000
3fc7a800
3ff22000
3f42b000
3f8dc000
3f850000
400bb000
3f15a000
402f8000
3f8ab000
403ae000
3f7c6000
4032c000
3f726000
40018000
3f359000
4013c000
3fd15800
3fe94000
3fd45800
401d2000
3fa44000
4063d000
3f8c0000
3fcbc000
3fb47000
4019b000
3f5d7000
4021b000
3f6c2000
3fc9e000
3fc04000
4012a000
3f2b6000
3fcc4000
3f52e000
40610000
3f81e800
4050c000
3f8c6800
4008d000
3f75a000
3fb40000
3f65c000
403fe000
3f563000
3f948000
3f88a000
3fedc000
3f138000
401bb000
3f8e0000
3facc000
3f402000
3fa7a000
3f87b800
403a8000
3f884000
40472000
3f5ab000
3fdf4000
3fba2800
3fb80000
3f4e4000
4001c000
3fe18000
3fa32000
3f841800
40076000
3f24f000
3fbd0000
3f833000
3fb48000
3fa85000
3fd04000
3f62e000
4017e000
3f1d2000
4003d000
3f1e6000
402aa000
3f726000
3ff0a000
3f7e4000
401b3000
3f73a000
3fd94000
3f79f000
3fe7a000
3fbe5000
3ffee000
3fa0c000
40003000
3fbaf000
4015c000
3f845800
4017f000
3f7b2000
40269000
3fbff000
3fe2c000
3f552000
4040c000
3f485000
3fd26000
3f788000
40124000
3f9e0000
404d5000
3f838000
405e3000
3f71c000
400d3000
3f369000
40119000
3f9d4800
3fd20000
3f414000
4025c000
3f883000
403e3000
3f3ff000
3ff7e000
3fde2800
40601000
3f73e000
4005e000
3f38d000
3fb40000
3f8e1000
40138000
3faff800
4038b000
3f60a000
3ffe2000
3fb92000
402a4000
3f964000
402cf000
3fb4c800
3fcb0000
3fa6a000
3fe24000
3f26d000
3fd68000
3f79f000
3fc38000
3f450000
401ff000
3fa14000
3fd34000
3fc00800
40409000
3f9b5000
400c1000
3fd10000
3fe4e000
3f2c5000
3feb4000
3fb44800
400ed000
3fad6000
401f4000
3f897000
40349000
3f566000
400fd000
3f8da800
3fffc000
3f033000
403ef000
3f829000
4004b000
3f7b6000
3fe10000
3f952000
4008e000
3f127000
40469000
3f804000
3fd1e000
3f8d5800
40276000
3f79e000
40338000
3f535000
4057a000
3f80d800
406e2000
3f74f000
403e2000
3f833000
3fc86000
3f6b3000
40061000
3f08f000
40042000
3f409000
3fff0000
3f1ac000
400e2000
3f86b800
4029d000
3f425000
4037c000
3f931800
3fe86000
3f8ef000
40362000
3f91d800
400b9000
3f6bc000
402e1000
3f4a5000
3fcca000
3f63d000
40598000
3f840800
3fa7a000
3f8ef800
402d1000
3f5fa000
402ba000
3f55e000
3fe76000
3f205000
40610000
3f6c7000
4061f000
3f8e2000
3ff80000
3f341000
4057a000
3f895800
3ffe6000
3f7b6000
3fb4c000
3fa65000
401a4000
3f272000
40043000
3fd66000
3fbce000
3f96d800
40201000
3f69a000
400c8000
3f887800
4003a000
3f141000
40043000
3fcd5800
403ed000
3f9b6800
3fc2a000
3f2dd000
40013000
3fc58000
40030000
3fa82800
3fe5c000
3f35b000
400d6000
3f63f000
40088000
3f10c000
4019d000
3fc07800
3fbf4000
3f326000
3ffba000
3f6a2000
3fb88000
3f70a000
402eb000
3fa8c000
3fb90000
3fabf000
3fdec000
3f715000
40489000
3f63c000
40007000
3f0f3000
3fc48000
3f9f3000
3fcae000
3f517000
40255000
3f387000
4009a000
3f093000
40419000
3f476000
4037a000
3f79e000
401cb000
3fa1d000
3fc7c000
3f990000
406a6000
3f840800
3ffd8000
3fd0a000
3f96c000
3f8a7000
4017c000
3fa3c000
4049b000
3f59e000
3fe86000
3f5ea000
40492000
3f5ed000
40361000
3f9be000
40138000
3fa10800
3fc44000
3f2f1000
40077000
3f999800
3fa56000
3f99d800
400dc000
3f6ae000
3f96c000
3f65c000
3fe12000
3fdac000
405a7000
3f6fa000
40679000
3f6b6000
3fe54000
3f1cf000
3ff62000
3f8aa000
40413000
3f81e000
40242000
3f7c6000
4013d000
3f437000
4017b000
3fc5a000
4011b000
3f88b800
3fd0a000
3f257000
401b1000
3f220000
40385000
3f5aa000
3fbca000
3f57d000
3fe72000
3f13f000
40212000
3fca1800
3ffb4000
3f543000
40242000
3f8e7000
4046a000
3f88f000
400bb000
3fc15800
40570000
3f941800
3fcde000
3f251000
3fb68000
3fac2000
40160000
3f370000
400bb000
3f224000
40267000
3fb5e800
3fdbe000
3f67f000
3fc66000
3f864800
402e6000
3f54f000
3fe4e000
3f2c5000
401bb000
3f2bf000
40561000
3f94d000
400cd000
3f0e1000
3fd2e000
3f3d7000
3ff62000
3f906000
3fbe4000
3f5be000
40058000
3f22d000
3fcce000
3f7b6000
3fdb8000
3f2c1000
40011000
3fa7a000
4014e000
3f15f000
3fede000
3f3bf000
3fcae000
3f9db800
40048000
3fb25800
404d1000
3f582000
4065b000
3f8af000
40220000
3f496000
4062e000
3f8ea800
40401000
3fa0b000
400b9000
3f820000
402ba000
3f55e000
4017a000
3fb44800
3ff78000
3f8fa800
40056000
3f743000
404f3000
3f805000
3fed0000
3f493000
401ab000
3f3c5000
400b1000
3f46f000
4021a000
3fc6a800
400d3000
3f369000
4021b000
3f851000
40502000
3f5f5000
3fd26000
3f895800
40175000
3f1dc000
40046000
3f048000
4016c000
3fc72000
4052f000
3f71c000
3fed2000
3f2d7000
40209000
3fa7d800
4008b000
3f6db000
3fc8c000
3f910000
3fd96000
3f28b000
40796000
3f82f800
4008e000
3fd7e800
4019f000
3f36b000
402f9000
3f5a0000
3fda2000
3f373000
3fa8c000
3f850000
3fa20000
3f8a7000
4001f000
3fe4d000
3ff94000
3fbcf800
406f1000
3f71c000
402de000
3f8bf000
40502000
3f5f5000
401a3000
3f389000
403ad000
3f4ae000
3fb52000
3f79b000
402d1000
3f865000
4064c000
3f70b000
400ca000
3f86e000
3f936000
3f8ef800
3f900000
3f8e1000
40060000
3f655000
40518000
3f597000
40011000
3f4ee000
403fa000
3f6e1000
4042a000
3f665000
403ec000
3f443000
3f8ee000
3f8b5800
40127000
3f211000
3ffbe000
3fa00000
4043e000
3f811000
3ffc0000
3f1a5000
4023a000
3f49a000
401a8000
3f5eb000
402bf000
3fbba800
401a6000
3f74e000
3ffa8000
3f16f000
400ca000
3fc8e000
4005a000
3f42d000
40314000
3f8e1800
400be000
3f907000
40053000
3f905800
3fa0e000
3f79b000
40001000
3fccb800
402b8000
3f5eb000
3fac2000
3f761000
3fef4000
3fe34000
4008b000
3f2e0000
3fc9c000
3f2fd000
40042000
3fa9f800
401a6000
3f5c6000
3ff1e000
3f19a000
3fe94000
3fa5b800
400b5000
3fded800
40230000
3f991800
3fbde000
3fa2a800
3fe04000
3fcd1800
3fae4000
3f9ee000
3fc2c000
3f996000
3ffd6000
3f975800
3fde8000
3f223000
403f7000
3f5d2000
3fa68000
3f7f2000
3fdda000
3f605000
3fd68000
3f2d7000
4047d000
3f57c000
40305000
3f435000
3fcc8000
3f86d000
403d1000
3f9b8000
3fc2c000
3f859000
40497000
3f998000
403a4000
3faaf000
3fcb2000
3f9bb800
3fb0c000
3f502000
40024000
3f571000
402bf000
3f986800
402b0000
3f454000
4063d000
3f6b6000
4016f000
3fd37800
401c2000
3fab2000
40062000
3fa0d800
400aa000
3f683000
3fd5e000
3f19d000
3fec8000
3f743000
400a0000
3fe2c000
3fd7c000
3f49a000
406f1000
3f816000
40064000
3fe8c000
402ff000
3f600000
40406000
3fa6b000
4000d000
3f173000
40339000
3f815000
40139000
3f75f000
400e8000
3fbcd800
402e4000
3fa65000
40004000
3f0b3000
4047d000
3f858800
405c5000
3f6b6000
4011a000
3f3a0000
40269000
3f905000
401df000
3f974000
3fb3a000
3f919800
40209000
3fbda000
40360000
3f7c6000
4044c000
3f509000
3fa8c000
3f8c4000
401ff000
3fb70800
3fcac000
3f432000
3fbfe000
3f92a800
40355000
3f626000
400cd000
3fe74800
40490000
3f78b000
40265000
3fc1a800
404b7000
3f838000
40144000
3f595000
401f4000
3f80b000
400ea000
3f935000
40061000
3f820000
401ef000
3f445000
3fd88000
3fcc0800
4034a000
3fb0f000
40276000
3f8d3000
3fda6000
3f989800
406a6000
3f82f800
402b7000
3f6ea000
40233000
3fa0b000
3feca000
3f0dd000
4070f000
3f827000
4032f000
3f584000
403e1000
3f630000
4028e000
3f94d000
3fe58000
3f12b000
3ff8e000
3f8d8000
40131000
3f7da000
3fa56000
3f898800
402ac000
3fa89800
4048d000
3f4be000
40230000
3f50e000
40375000
3fa12800
403a1000
3f815000
3fc7a000
3fbe7000
400eb000
3fc02800
40042000
3f42a000
400e3000
3f8f6800
40251000
3f4e7000
403d5000
3f861800
3fac2000
3f824800
40145000
3fdb4800
402aa000
3f8bf000
3fd5a000
3f96f800
4073c000
3f840800
40194000
3fb40000
400e2000
3fb44000
3ff6e000
3f9ad800
40025000
3ff47800
3fd08000
3fc06800
4056b000
3f782000
3fd8c000
3f2bb000
40173000
3f39f000
404b7000
3f75e000
4021b000
3f78a000
3fc02000
3f489000
40034000
3fd7e000
402c1000
3f59c000
400ed000
3f553000
402d1000
3f815000
3fece000
3fb30000
401b8000
3fa48800
403ae000
3f7c6000
4050a000
3f8dc000
40471000
3f67a000
40224000
3f4b4000
3ffa4000
3f870800
40103000
3f531000
4037b000
3f8a6800
403d9000
3f962000
401ce000
3f2ee000
3fae6000
3f898800
40465000
3f82f000
40392000
3f43c000
3f9c6000
3f824800
401f4000
3f883000
400da000
3fa01000
40522000
3f637000
40588000
3f96b000
40422000
3fa69800
40107000
3f57b000
403a5000
3f5ec000
4031f000
3f762000
3fb1c000
3f6d0000
3ffd0000
3f7cd000
40329000
3faec800
402d3000
3f37d000
404bb000
3f940800
3fa8c000
3f5e8000
40163000
3f884000
3fa7a000
3f605000
40601000
3f86b000
4027f000
3fc16000
40055000
3f39b000
40283000
3f69a000
40306000
3fa29800
40532000
3f985000
4007c000
3f8c2000
3ffba000
3fdb2800
40016000
3f03a000
400b3000
3f494000
3ffa4000
3f887800
3fda2000
3f559000
403cb000
3f9f8800
3fc1a000
3f299000
3f894000
3f70a000
3ff0a000
3f87c000
4048a000
3f82f800
402db000
3f57e000
401dc000
3faad800
405e3000
3f650000
3f9c6000
3f898800
4013e000
3f894800
3fba8000
3f9ff000
3fc9e000
3fc04000
400ee000
3f20d000
3fe1c000
3fa2f000
3fb4c000
3f602000
3fc42000
3fac1800
4002a000
3f6e7000
3fe70000
3f870800
40446000
3f667000
404e9000
3f544000
400cd000
3fde4000
3fa8c000
3fa34000
401d8000
3f935800
3fe5c000
3fcc5800
405f2000
3f8ea800
3fe5a000
3f837000
3fcfe000
3f51f000
40037000
3fdb3000
3f9fc000
3f696000
4018f000
3f4f9000
401a2000
3fb8e000
4036f000
3fb16000
4008b000
3f2e0000
3fcfe000
3f37f000
3fce8000
3fb24000
40610000
3f840800
3fd26000
3f865000
405c8000
3f912000
3fab0000
3f86d000
4033c000
3f575000
40315000
3fb76000
4004a000
3f677000
4030a000
3f94d000
3fbb0000
3fafc000
400d7000
3f72e000
40508000
3f8f1800
40190000
3fd3c800
40598000
3f793000
3fd80000
3f1d3000
400ac000
3fcbe000
403e3000
3fab1800
40004000
3fc03800
4017d000
3f32b000
3ff0a000
3f8aa000
4012e000
3f5b7000
3fe12000
3fc37000
404e4000
3f82f800
3fe72000
3fc08000
4002b000
3f2eb000
3fd2a000
3f3ad000
40305000
3f435000
3ff0a000
3fae4000
3ff0e000
3fb8d000
40073000
3f89d000
3fc54000
3f856000
3ff4e000
3f2c7000
3fda2000
3f373000
40384000
3f679000
40244000
3fa9b800
3fc1a000
3fac4800
402b4000
3f967000
4036c000
3fad3800
3fd12000
3f935800
3ff8e000
3f8c1000
3fe86000
3f837000
400a0000
3fd9b800
3fb96000
3f9f0800
400ee000
3f489000
3ff78000
3f771000
400a4000
3f45b000
40182000
3f4e5000
40511000
3f71c000
3fc48000
3fb30000
40284000
3f488000
40546000
3f6b9000
4053e000
3f851800
40221000
3f9d8800
400a6000
3f639000
3fe4c000
3f123000
3fd26000
3f7b6000
4065b000
3f782000
3fb1c000
3f8e1000
4049b000
3f96d000
3feac000
3fcdc800
40353000
3f865000
3ffda000
3f465000
3fe8e000
3f120000
402f2000
3f60f000
402a5000
3fa62800
4010f000
3f2d4000
40274000
3f410000
402ee000
3f94e800
404ee000
3f673000
40390000
3f986000
3fc4c000
3fb10000
3ff12000
3f11a000
4017b000
3f9b1000
40177000
3f3bd000
4020e000
3f883000
3ff4e000
3fbea000
3fa1c000
3f4ea000
3f8ee000
3f7d5000
3fbaa000
3f950800
401a3000
3f8e2800
400a3000
3f84e000
401b0000
3f2cc000
3fed2000
3f2d7000
3ff94000
3fbcf800
40201000
3f83d000
3fde0000
3f574000
3fc6e000
3f417000
3ffa4000
3f715000
3fe96000
3fc25000
4000d000
3f0a9000
40269000
3f829000
400b5000
3f1a4000
3fdc0000
3f89e800
403d8000
3f40c000
402de000
3f74e000
3ff6c000
3f14d000
401ef000
3f9d7800
401e7000
3f83d000
4036e000
3f6d7000
3fce6000
3f5c3000
4002c000
3f605000
40041000
3fbc0000
3fec8000
3f8cc800
401f0000
3fa24000
3ffa4000
3f8b5800
4061f000
3f73e000
3fdaa000
3f5ad000
3fede000
3f7e4000
4013f000
3fb26800
4003e000
3f599000
4014a000
3f44b000
4003e000
3f979800
406c4000
3f80d800
3ff2a000
3fbcd000
3ff50000
3f518000
401c3000
3fa54000
4008b000
3fcb9000
40269000
3f6c2000
3f9c6000
3f6ed000
403a1000
3f801000
400be000
3f63c000
40046000
3f0ad000
3ff58000
3f401000
3ffb2000
3f3bb000
3fbee000
3f6f7000
3ffb0000
3f9d0000
4007f000
3f245000
3fab0000
3f6d0000
3fdca000
3f9a6800
40366000
3f657000
4064c000
3f793000
40397000
3f6ca000
3ff18000
3fd30000
3feaa000
3fb13000
404cb000
3f9c0000
403bc000
3f8d8800
400fd000
3f67b000
40590000
3f915000
403e2000
3f833000
4062e000
3f8fb800
3f990000
3f938000
3ff36000
3f6d0000
4001c000
3fc66800
40071000
3f6b3000
3fcf2000
3f35b000
4065b000
3f86b000
403df000
3fa4d000
401ee000
3fae0000
4006d000
3f12a000
40117000
3f4ea000
4054d000
3f64a000
40269000
3f829000
4014d000
3f718000
40196000
3f23e000
3fb60000
3fb02000
3fd6e000
3f8cf800
403ec000
3f92b800
3fac6000
3f493000
3fbb6000
3f8f0800
40009000
3f8d8000
4001f000
3fc9b800
400cd000
3f8df800
40382000
3f3c4000
401c8000
3f4c9000
4028d000
3f3ad000
4004c000
3f4e3000
40499000
3f838000
3fb0a000
3f85e800
3fbce000
3f96d800
401e4000
3f2d4000
3fe3a000
3fcfd000
405c5000
3f7c6000
3fa8c000
3f77e000
3fec8000
3f814800
3ff82000
3fbc1000
40420000
3f407000
3fd64000
3f9be000
4001a000
3fa88800
3fcec000
3f6d2000
4046d000
3f47c000
3fbf8000
3f8bc000
3ff24000
3f3d9000
3ff8e000
3f8ef000
4061f000
3f6d8000
403ef000
3f875800
4017e000
3f392000
401ca000
3f8b8800
40393000
3f9fb800
3fef4000
3f6b9000
3ff6c000
3fd43800
3fc70000
3f4fc000
3fb3a000
3f919800
3fef8000
3f3d3000
3fa32000
3f51d000
4008e000
3fa3b800
4022a000
3f422000
4035d000
3f6a6000
40346000
3f7c6000
401cc000
3f39e000
4005e000
3f38d000
4010c000
3f1ca000
3fe9a000
3f9e4000
402aa000
3f883000
40008000
3f9cb000
3fe78000
3fd05800
3fbd0000
3f850000
40384000
3f679000
3f9b4000
3f574000
406c4000
3f7b5000
40228000
3f79e000
401e6000
3f9b2800
4009c000
3fab8800
3fdec000
3f887800
3ff82000
3f459000
3fdc2000
3faab000
40311000
3f997800
3fcfa000
3fca1000
400a9000
3f302000
3ff84000
3f11e000
402b5000
3f4d9000
40216000
3f50a000
4012a000
3fd89000
40599000
3f5d0000
40058000
3f0fe000
402aa000
3f4e6000
405ae000
3f8fe000
3fd5a000
3f3ab000
400ff000
3fb82000
40162000
3fa8d000
4010c000
3f165000
40242000
3f897000
40230000
3f50e000
40031000
3fc28000
40778000
3f840800
3ffb4000
3fced000
3ffea000
3f236000
40058000
3fed9000
4063d000
3f7c6000
4027b000
3fc31800
40340000
3f95f800
4045f000
3f99b000
402b4000
3f2f4000
401cd000
3f7b2000
3f9d8000
3f574000
40312000
3f897000
40403000
3f4d4000
3ff0c000
3f4dd000
40001000
3f57f000
400bc000
3f617000
3ff96000
3f1de000
4019b000
3f948800
40271000
3f2db000
3fec8000
3f928800
403ef000
3f7da000
3feac000
3f4af000
40382000
3f49b000
4018c000
3f86f000
403cd000
3f6ae000
404a8000
3f977000
3ff98000
3f23d000
3f900000
3f833000
3fdf2000
3fcc3000
40108000
3f4b1000
40374000
3f579000
3fa9e000
3f7d5000
3fb98000
3f5e0000
40013000
3ffbb000
3ff02000
3fb07000
401b3000
3f7da000
4043d000
3f8b1800
40583000
3f62e000
400af000
3fcf3000
402c4000
3f8fb000
40067000
3f10f000
40424000
3f928800
401f4000
3f80b000
40109000
3fe14800
3fdfc000
3fcf4800
3fde2000
3fa23800
40049000
3fdd0000
3fb1c000
3f850000
4006c000
3f859800
40232000
3f45e000
3fc74000
3f893000
40339000
3f762000
40112000
3fbe1000
3f816000
3f807800
40062000
3fa0d800
4024f000
3f672000
40550000
3f96e000
40194000
3fa39800
40131000
3f6cb000
3fd16000
3f33f000
3fbfc000
3f6ba000
3fdd6000
3f7e4000
40016000
3f09f000
4065b000
3f7c6000
3fb42000
3fa16800
40091000
3f2fb000
40022000
3f269000
3fdba000
3f4b5000
3ff62000
3f8aa000
3fe10000
3f437000
4066a000
3f7f9000
3ff96000
3fe26000
3fba8000
3f688000
40061000
3f893000
40186000
3f6e8000
4014f000
3f983000
3ffd0000
3f6b9000
3fef4000
3f8b5800
40035000
3f6d0000
3fa18000
3f4c0000
40187000
3f918000
40576000
3f63d000
40290000
3f883000
40199000
3f829000
403b7000
3f70c000
3feb2000
3f837000
3fe2a000
3f920800
3fa7a000
3f591000
3fe44000
3f2f5000
4001c000
3fcf7000
3fd34000
3f8c4000
40117000
3f7da000
3fdd6000
3f6a2000
4023d000
3f983800
400a6000
3f909800
402b2000
3fb0e800
3ff1c000
3f97d800
40435000
3f907800
3fb00000
3f484000
400a3000
3f2e7000
40034000
3f9f9000
400e6000
3fa97800
3fb4e000
3f9b6800
4027a000
3f9d6800
40073000
3fcc2800
3fa64000
3f49e000
4016c000
3faf6800
403c4000
3f9ae000
3fffc000
3f82b800
3fc42000
3f3e9000
3fb54000
3f8e8000
3fb74000
3fa62000
3fdbe000
3f335000
40105000
3f556000
402da000
3f352000
40419000
3f634000
401c3000
3fcce000
403e6000
3f5a1000
4049d000
3f957800
40119000
3f9d4800
3ffa8000
3f0a5000
4058e000
3f5ff000
3fe8a000
3f9d7800
40305000
3f660000
4020e000
3f8bf000
3f900000
3f7b8000
40544000
3f699000
4049b000
3f96d000
3fece000
3f211000
3ffcc000
3fca0000
405c5000
3f694000
40283000
3f7da000
40232000
3f978000
400a5000
3f87e800
40778000
3f7b5000
4032c000
3f8bf000
3fb68000
3f3e8000
405b6000
3f771000
403f5000
3f835000
3fab0000
3f5ae000
4018e000
3f5c3000
403be000
3faaa800
400c4000
3fdd5800
401d0000
3f23e000
40384000
3f679000
3feee000
3f0c9000
4064c000
3f683000
3fbf8000
3f9f9000
400d7000
3f3bc000
402db000
3fafa000
3fde2000
3f8e6800
3fe86000
3f646000
3fc7a000
3fb7b800
3fb80000
3f8c5000
3fa0e000
3f6ed000
3fc06000
3f807800
40014000
3f842800
40124000
3f16c000
3fa9e000
3f7d5000
4023b000
3fb30800
4061f000
3f760000
40053000
3f488000
402c8000
3f9c9000
3fcb0000
3fa6a000
3fdfc000
3fb7f800
40046000
3f1dc000
4044f000
3f91b800
404d5000
3f760000
402ec000
3f498000
40145000
3f305000
3ff90000
3fc9b800
4013d000
3fa68800
406a6000
3f895800
40055000
3fbd1800
3fd1e000
3f8d5800
3fa0e000
3f85e800
3fdca000
3f55d000
3fdc6000
3f9c6800
3fbe0000
3f3f4000
3fdc8000
3f478000
40191000
3f898800
40184000
3fbae000
402eb000
3f8dd000
40420000
3f828000
4045d000
3f7e8000
40281000
3f4d1000
405f2000
3f793000
402d8000
3f62d000
40045000
3f53e000
40193000
3f6fc000
400b8000
3fbe0800
40045000
3f313000
3ffd0000
3f7fb000
3fc98000
3f360000
4005b000
3fded000
4071e000
3f81e800
3fb40000
3f70a000
400a4000
3fa52800
400a7000
3f3b6000
4000a000
3f0ce000
4034e000
3faf3800
40085000
3fe00800
401f7000
3fba7800
3ff8e000
3fad2000
40700000
3f851800
3feae000
3fa47000
401cd000
3f762000
4007f000
3f1e0000
401f4000
3fb65000
40339000
3f624000
40158000
3f878800
4029e000
3f30e000
4007e000
3f9d8000
401dc000
3f63b000
3ff14000
3f4ff000
40417000
3f614000
402b9000
3fb35800
3fd56000
3fbc9000
3fdee000
3f12d000
3fcaa000
3fb38800
400f0000
3f8e8800
40239000
3fbec800
40449000
3f95c000
3fb8a000
3fa50800
40598000
3f6c7000
4047b000
3f7c6000
3fac2000
3f469000
4010b000
3f38f000
40029000
3f9ed800
401ac000
3f2ae000
3ffba000
3f84e000
401bb000
3f43d000
40520000
3f862800
3fd0e000
3fb8f000
3fb20000
3f434000
4048a000
3f80d800
40004000
3f118000
3fb66000
3f4a3000
4053e000
3f7b5000
404c8000
3f5d1000
4036f000
3f608000
400f5000
3f3a9000
404c6000
3f960000
400cf000
3f4e1000
40121000
3fc59800
40073000
3f1aa000
40297000
3fa14800
40049000
3f281000
40769000
3f838000
3fe18000
3f89e800
3f97e000
3f79b000
400cd000
3f4bc000
3faa0000
3f994000
3ff2a000
3f1b5000
3ffde000
3fae9000
40008000
3f524000
4004e000
3fbab800
40365000
3f409000
4024f000
3faa7000
40089000
3f4fd000
40240000
3fc13800
4045d000
3f805000
40242000
3f81f000
4014b000
3f2b3000
4028c000
3fb65800
40197000
3f97b800
3fffc000
3f89e800
3fc26000
3fa64800
4019d000
3f29d000
40276000
3f776000
3fa0e000
3f929800
3fd68000
3f771000
3fd60000
3f6b4000
3fe86000
3f3b3000
4006c000
3f82b800
3fb88000
3f77e000
3f9ea000
3f5cb000
40179000
3f51b000
402ad000
3fa2b800
4004c000
3f1f7000
40191000
3f6d7000
40163000
3fc63800
3fd5a000
3f5a5000
4036d000
3f851000
4065b000
3f71c000
406e2000
3f82f800
3fd12000
3f279000
3fa48000
3f9da000
4021c000
3f2fa000
4009a000
3fc10800
4002b000
3f066000
3fce6000
3f5c3000
3faac000
3fa71000
3ff84000
3f1e8000
40052000
3f9aa000
401e2000
3f384000
403be000
3f408000
40252000
3f54e000
4037a000
3f5d9000
402b1000
3f4bb000
401a6000
3f81f000
4052b000
3f5e8000
40679000
3f816000
401d3000
3f8dd800
4047d000
3f984000
4039d000
3f990000
4001f000
3f93d800
40347000
3facc800
3ff5a000
3fd35000
3fe42000
3f569000
40259000
3fb10800
3fa0e000
3f727000
400d0000
3fb46800
402b7000
3f905000
3fb88000
3f816000
3fbfc000
3f89c000
3ff86000
3f24b000
3fdaa000
3fc89000
404d4000
3f8c9800
40268000
3fb00800
4015d000
3fbf9800
400b3000
3fa2b000
400f4000
3f2f2000
40085000
3f66c000
4012d000
3f3cf000
3fe3a000
3fdfe800
4021c000
3f478000
3ffb2000
3f3bb000
402aa000
3fb45800
3ff18000
3fee1800
3ffd2000
3f98f000
3ffd8000
3f240000
4008b000
3fd49800
3fd58000
3f4c0000
40127000
3fde4800
4044b000
3f81b000
3fe18000
3f842800
4007b000
3f3fa000
3ff0c000
3fd56800
3fd10000
3f79f000
3ffac000
3f9f1800
40142000
3f2bd000
4016c000
3f24b000
40276000
3f80b000
402eb000
3f8a1000
3fb2c000
3fa28000
4048d000
3fa03800
4024f000
3f88d000
4056b000
3f760000
3fdca000
3fbfd000
3fe2e000
3f75a000
3fb5a000
3f425000
40132000
3f448000
401ab000
3fcd7800
4065b000
3f87c000
40610000
3f80d800
40301000
3f417000
40173000
3f39f000
3fb64000
3f55e000
404f0000
3f693000
3fe70000
3f8e3800
3ffea000
3f107000
40339000
3fa7e800
3fcf0000
3f6fc000
3fd4c000
3f315000
40037000
3ff64800
401c0000
3f897000
4024f000
3f7da000
4011b000
3fd10800
3fe58000
3f12b000
402d6000
3f60d000
402e5000
3f345000
404f2000
3f9de000
40009000
3f837000
40043000
3f0d2000
40373000
3f3b3000
4075a000
3f793000
40280000
3f2ec000
3fa9e000
3f6ed000
400e2000
3faca800
3fdda000
3f18d000
401ce000
3f46c000
3fc74000
3f526000
40283000
3f88d000
3fd2a000
3fbcf000
40011000
3f42d000
40282000
3f99f800
3fe26000
3fb25000
3fc42000
3f729000
3fddc000
3fc0b800
3fe9c000
3f7fb000
40075000
3f341000
3f990000
3f744000
40160000
3f27a000
404ea000
3f633000
401ae000
3f1e0000
3fec8000
3f911800
4010f000
3f924800
3ffe6000
3f8ef000
402a7000
3f5ba000
3fdba000
3f655000
40688000
3f793000
3fa7a000
3f6ed000
3fdee000
3fc1a000
3fb1c000
3f86d000
3fe0a000
3fae5000
402c5000
3f986800
3fe9c000
3f771000
3fe62000
3f3cf000
40147000
3f6a9000
4037f000
3faa8000
3fb00000
3f484000
3ff60000
3fbf8800
3fd94000
3f173000
3ff62000
3f837000
40587000
3f8e0000
40019000
3f273000
3ff2a000
3f086000
4020b000
3f399000
404e6000
3f933800
4007d000
3fb28000
4005a000
3f36b000
400f7000
3f60c000
402de000
3f6d6000
3fea6000
3fd54000
3ff96000
3fc24000
3ffa4000
3f68b000
40769000
3f827000
404a7000
3f4a0000
40325000
3f3a7000
3ff26000
3f387000
401f5000
3f3b3000
403b6000
3fae1800
401c6000
3fd03000
403ee000
3f463000
403d0000
3fa58800
3fb64000
3f850000
40030000
3fa2c000
40589000
3f8c0000
3ff6e000
3f4b9000
3ffa4000
3f5d3000
40599000
3f5d0000
3fa44000
3f5e8000
3ff94000
3f5d4000
402f3000
3fa55000
40230000
3f991800
40062000
3f8de000
4010a000
3f328000
3fa20000
3f8e1000
3f990000
3f8e1000
400c3000
3fa8e800
400e6000
3fa97800
4002a000
3f715000
3fffc000
3fe48000
4057a000
3f895800
4022d000
3fae2800
403ee000
3f916000
400ff000
3fb82000
3fc68000
3f8f3000
404c0000
3f551000
3fff0000
3f0e2000
40146000
3f401000
400f4000
3fdc2800
3fe86000
3f865000
3fc1e000
3f967800
402e9000
3f4e1000
40238000
3faee000
407a5000
3f7c6000
40082000
3fe5c000
40062000
3f4c1000
3fcd0000
3f82d000
4006f000
3f3c3000
3fffc000
3f098000
40524000
3f657000
3fec6000
3fcc8000
3fc94000
3f8d0000
40061000
3fee7800
3fca0000
3f259000
403ab000
3f64c000
401a7000
3f6b5000
404bf000
3f915800
3feee000
3f12e000
3fa0e000
3f980800
3ff66000
3fe2f800
3ffca000
3f421000
3fc8c000
3f2b9000
4035f000
3f6c6000
40276000
3f8bf000
3f9a2000
3f8ef800
40520000
3f80d800
40235000
3f6c2000
3ff40000
3f505000
40414000
3f505000
3fe70000
3f887800
407b4000
3f80d800
402eb000
3f69a000
3fb76000
3f807800
40146000
3f95e000
40697000
3f7c6000
3fe70000
3fbb3800
3fc04000
3f56e000
3fee2000
3feb6000
40201000
3f801000
4065b000
3f85a000
3fdd6000
3f39b000
4011b000
3f6ed000
3fe9e000
3f2af000
4019a000
3f4e8000
3fb1c000
3f696000
40091000
3f09d000
40035000
3f5cf000
402c4000
3f79e000
3fb56000
3f59b000
4048a000
3f7d7000
3fc9c000
3f890000
3fcc8000
3f86d000
40269000
3f73a000
40064000
3fe8c000
40026000
3f596000
3fff0000
3fd4d800
40430000
3f9d3000
40400000
3f741000
401da000
3fb69800
4004d000
3f952000
4065b000
3f694000
3fdc4000
3f5ee000
40098000
3fb53800
3ffaa000
3fc87000
3f8ca000
3f79b000
403be000
3faaa800
3fade000
3fabc800
40413000
3f949800
400c1000
3f1da000
40144000
3f74e000
40236000
3f5d8000
400a9000
3faaa800
40243000
3faf9800
40048000
3f387000
40189000
3f643000
3fcb0000
3f7e0000
400f5000
3fb18800
40148000
3fc38000
3fb86000
3fa70800
404d5000
3f7a4000
40194000
3fb40000
40187000
3fc9d800
3ff2c000
3f98b000
3ff74000
3fc5b800
3ffba000
3f865000
4012e000
3f960800
4072d000
3f7c6000
3fcf2000
3f4a1000
3fd40000
3f9a1000
40172000
3f201000
4017e000
3f8f3000
400ae000
3f6cd000
3fccc000
3f3e2000
3fd9e000
3f9c9800
3fc18000
3f7b8000
4021b000
3f712000
3fd54000
3f636000
3f9c6000
3f929800
40480000
3f68b000
4057a000
3f74f000
3fcf0000
3f243000
40375000
3f8e7000
3fdf0000
3fc6e800
401ae000
3fa1d800
40427000
3f556000
3fc3a000
3fb01800
40290000
3f883000
3fd7c000
3fac5800
40118000
3f19b000
40487000
3f918800
40410000
3f4c5000
40228000
3f8bf000
3fe10000
3fd57800
40540000
3f8ee800
3fe22000
3f2bf000
40073000
3f6d8000
3ffd6000
3f975800
3fcec000
3fb04000
40022000
3f0d5000
40153000
3f950000
3fe9c000
3f771000
40105000
3f39d000
3faf8000
3f850000
3fc14000
3f616000
404d8000
3f89e800
406d3000
3f87c000
40130000
3f423000
3f97e000
3f8ef800
3fd52000
3fc95000
3ffd4000
3fc2c800
4036a000
3f4d9000
40299000
3f407000
4006a000
3f555000
4044c000
3f6c7000
3fef8000
3f3d3000
401ad000
3f56b000
402ab000
3f932000
402eb000
3f801000
3fe5e000
3f473000
40127000
3f211000
3fdae000
3f5d7000
3fae6000
3f87b800
400f1000
3f844000
402c0000
3f4cc000
3ff64000
3f9b7800
3fc0e000
3f367000
3fb14000
3fae8000
40125000
3f5ed000
3fe64000
3fe50800
3fd6c000
3f97e000
3fef4000
3fda3800
3ff10000
3f2cf000
3fe16000
3fde1800
401d5000
3f1f8000
4010f000
3fc3c800
4004d000
3f5d2000
3ffc2000
3f295000
4000d000
3fd0f000
402ac000
3fbe6000
4037a000
3f85b000
40506000
3f907000
40507000
3f566000
402f5000
3f560000
40436000
3f992800
3fca4000
3f31f000
4014d000
3f55f000
3fd84000
3f9fb000
40270000
3f3f2000
403c9000
3f3fb000
3fd0c000
3f36f000
3fcd4000
3f281000
3ff8e000
3f84e000
40085000
3fd70000
3ff28000
3fa03800
40549000
3f60a000
400e8000
3f5d3000
3fdfc000
3f9f2000
404e3000
3f6a2000
40172000
3f80b000
3fc36000
3fb21800
3f9b4000
3f574000
3fd56000
3f98f800
400ac000
3f4ef000
40126000
3f523000
400b4000
3f857000
40420000
3f5c5000
3fe2e000
3f809000
405a7000
3f8d1000
400ca000
3f561000
4052a000
3f8af800
3fdb0000
3f29f000
400d5000
3f9a9000
400a9000
3f1d3000
3ff62000
3f8d8000
404f3000
3f838000
40393000
3f8d0000
40206000
3f492000
4004f000
3f108000
3fb40000
3f8c4000
40427000
3f872800
3ffbe000
3f4c3000
40199000
3fcba800
3fe04000
3fcd1800
4024b000
3f3fb000
40118000
3fcdb800
407a5000
3f805000
40133000
3fd07000
40035000
3f6d0000
4031f000
3f851000
4027c000
3f44c000
40166000
3f651000
40201000
3f672000
3fb0a000
3f679000
401cb000
3f5dd000
3fecc000
3fadb800
400df000
3fa59000
4006c000
3f870800
401cd000
3f83d000
3fe0a000
3fa20800
4011f000
3f3c5000
3ffa8000
3fda4000
4005e000
3fd91800
40163000
3f6f6000
40391000
3f8e5800
400fd000
3f801000
40031000
3fe6a000
3fc82000
3f349000
403b2000
3f944000
40117000
3f815000
404a5000
3f901800
40272000
3f4c0000
3fef4000
3f911800
3fd58000
3f8e1000
3fab0000
3f574000
40360000
3f81f000
403a1000
3f73a000
400af000
3fbd2000
4011a000
3fa5f800
40246000
3f9df800
40346000
3f8ab000
3fb76000
3f7d5000
40134000
3f46d000
3fa32000
3f5cb000
3fadc000
3fa2e000
3fef0000
3f247000
40035000
3f8aa000
3fd36000
3fc55000
3ff52000
3f9a9000
3fecc000
3f9a3000
3ff62000
3f5bc000
403c8000
3f847000
40071000
3f4fa000
3fe8e000
3fe12000
3fee2000
3fe25800
3fc7e000
3f65f000
3ffd8000
3ff4c000
3fee6000
3f3e1000
400b5000
3fa11800
40091000
3f167000
3fea6000
3f156000
403ab000
3fad6000
404f4000
3f515000
4055c000
3f8ed000
3ffd8000
3fe2b000
401ac000
3f907800
3fdc4000
3f44e000
40016000
3f104000
401c0000
3f231000
3fab0000
3f65c000
40009000
3f837000
3fc64000
3f913000
40098000
3f7fb000
3fe7e000
3f391000
40255000
3fb2c000
3ff60000
3fbf8800
3fe2e000
3f820000
40064000
3fba5800
402f8000
3f374000
401cd000
3f73a000
3fc08000
3f979000
403ed000
3f88b000
405f2000
3f8d9800
40103000
3f6ea000
401da000
3f348000
40002000
3fa17800
3ffae000
3f14a000
4005e000
3f0b4000
404f0000
3f693000
4029d000
3f815000
4004d000
3f5d2000
404fd000
3f8d2000
401e5000
3f605000
3fe62000
3f3cf000
40372000
3f559000
40511000
3f87c000
40013000
3fd79000
402de000
3f8bf000
3fff4000
3fba0800
3fdbe000
3fcec000
400c4000
3fcb4800
3ff06000
3fdb2000
401c4000
3f638000
4010c000
3f2f9000
402f4000
3f62f000
4064c000
3f771000
3fd62000
3f263000
3fb48000
3fa85000
3fc2a000
3f62d000
4018f000
3f4f9000
40242000
3f4d6000
3fe4e000
3fa76000
401c6000
3fbf3000
405d4000
3f7d7000
40013000
3f513000
3f948000
3f91b000
3fcfa000
3f37d000
4017a000
3fb44800
3fe6a000
3f99a800
40432000
3f6e5000
3f9d8000
3f7f2000
3fd4c000
3fa7e000
4015a000
3fd76000
3ff4c000
3f814800
4056b000
3f816000
40533000
3f8e4800
40250000
3f302000
40379000
3f4ea000
40146000
3f36c000
400d0000
3f121000
40019000
3f1a9000
3ff0e000
3fa18000
3ffba000
3f1ca000
40145000
3fd24000
3f9b4000
3f86d000
3fd4a000
3fcb8000
40028000
3f21f000
40345000
3f526000
3fee2000
3fd95000
400a3000
3f1b8000
403a7000
3f60c000
40221000
3fb35000
4015b000
3f8ea000
3ff4c000
3f842800
400d3000
3f52b000
400e2000
3fb44000
3fe6a000
3f3f1000
3fe70000
3f6b9000
3fd6c000
3fabb000
40133000
3f33d000
40063000
3f969000
3ff4e000
3f0d7000
3fc52000
3f904800
3f9fc000
3f622000
403c8000
3f79e000
4015d000
3f29f000
402c0000
3f34e000
3ffac000
3fb66800
3fbf2000
3fac7800
3ff36000
3f6a2000
3f97e000
3f7d5000
402be000
3f3fe000
40037000
3f037000
4027d000
3f4b3000
402f8000
3f374000
40307000
3f385000
3fc92000
3fb7e000
3ff30000
3f12b000
3ffa4000
3f8e3800
402f8000
3f726000
405c4000
3f93d000
40235000
3f815000
40207000
3f9dd000
4006a000
3fe65800
4018c000
3f59e000
3fcda000
3f87b800
3f95a000
3f6b3000
4010d000
3f7a3000
3fef4000
3f771000
3fca6000
3fb58800
40020000
3fb0e800
40056000
3f79f000
3fe34000
3f147000
3fcc6000
3f613000
40353000
3f6ea000
3fd74000
3f5e6000
3fc12000
3f391000
40130000
3f386000
401a3000
3f66b000
40004000
3f4da000
3fd62000
3fa6c800
4008c000
3f925800
3fe58000
3fc1c800
403ba000
3fa19800
4030a000
3f4ba000
402a7000
3f3b1000
3fb6e000
3f9f3800
3fcc2000
3f449000
40221000
3f37f000
3fede000
3f58e000
40265000
3fabe000
4065b000
3f8d1000
40319000
3f9fe000
4008b000
3fdda000
40145000
3fc93800
4031d000
3fb3f000
4047c000
3f8f9000
3fab0000
3f816000
4005e000
3fe22000
4070f000
3f73e000
40040000
3f89e800
3f870000
3f744000
3fee2000
3fa1e000
3ff22000
3fa7b000
40413000
3f81e000
3fc96000
3f75b000
3fd7e000
3fc8f000
402eb000
3f865000
4029e000
3f48c000
3f97e000
3f898800
3ffa2000
3f0ca000
40015000
3f44f000
3ff4c000
3f319000
401d6000
3f4a8000
400d7000
3f98f800
3ff90000
3fc9b800
3f9d8000
3f955000
402d9000
3f469000
4029d000
3fa99800
4010b000
3fa87000
3fa56000
3f841800
40346000
3f897000
40688000
3f771000
40207000
3fb39800
401da000
3f8ab000
402b9000
3fb35800
3fcbe000
3f333000
3ff42000
3fcf1800
4016c000
3fc72000
3fdca000
3f55d000
40196000
3f23e000
402f0000
3f4b6000
4016c000
3fc72000
3fdc0000
3f6e7000
40544000
3f699000
3fd40000
3f704000
4055c000
3f70b000
400df000
3f32b000
40326000
3f40e000
40061000
3f0f4000
3ff60000
3f2b9000
400d4000
3f61a000
3fe5a000
3f8ef000
4042e000
3f6a5000
40100000
3f5d6000
3fd10000
3f771000
3fe00000
3f524000
3fbd0000
3f7f2000
3fa9e000
3f841800
4003a000
3fae5800
4020e000
3f6ae000
3fc56000
3fa21800
40276000
3f7c6000
40014000
3f8e3800
403e7000
3f690000
402b2000
3f9b2000
3f8a6000
3f841800
4057a000
3f70b000
40700000
3f840800
3ff5c000
3f587000
3fc18000
3fa36000
400d2000
3f937800
3fac2000
3fa5f800
40050000
3f9c3800
40305000
3f865000
400f1000
3f1e8000
3ff90000
3f203000
3ff20000
3f549000
40124000
3f80b000
3fe02000
3f820000
40052000
3f07e000
4066a000
3f6e9000
3fd68000
3f743000
402cb000
3f4bf000
4010a000
3f8cc800
402cd000
3f40f000
4023b000
3f383000
3fa0e000
3f6b3000
403a7000
3f924800
3fcbe000
3fb78000
40289000
3f9c6800
401cd000
3f712000
400ca000
3f561000
3ff4c000
3f89e800
3ffd4000
3fab7800
3fbcc000
3f662000
3fce6000
3f5c3000
4009c000
3f580000
404d0000
3f651000
402f3000
3f46d000
40149000
3f6ce000
403ad000
3f4ae000
4070f000
3f86b000
4010e000
3fb72000
4044c000
3f509000
3fe44000
3fbb9800
406c4000
3f6c7000
4007f000
3fe27000
4029d000
3f762000
3fb9a000
3f841800
4020d000
3f467000
3ffcc000
3fca0000
3fffc000
3f887800
4009d000
3fcd6000
405a7000
3f782000
3f96c000
3f5ae000
4042f000
3f5d6000
40184000
3f9d6000
3fdce000
3f379000
40079000
3fede000
4007c000
3f2cf000
3fb36000
3fa76800
3fcb2000
3f24b000
400a0000
3f1dd000
40251000
3f9eb000
40407000
3f9ca800
4050b000
3f967000
3ff8e000
3f820000
4046b000
3f91a000
40341000
3f8bf000
3fd9a000
3f9e9800
4040a000
3fa40000
3ff4c000
3f93f800
3f882000
3f7d5000
3ff24000
3f110000
401bd000
3fb2b800
3fe92000
3f331000
4020e000
3f776000
4063d000
3f8f3000
4010d000
3f5ea000
404bc000
3f8a0000
3ff84000
3f183000
3fe46000
3fc0e000
400b8000
3f5cd000
3ff3c000
3fd4d000
402e5000
3fa07000
40298000
3fb13000
40302000
3f300000
40170000
3fadb000
400af000
3fa5e000
402ed000
3fb2c800
402c9000
3f61c000
40276000
3f8e7000
403b3000
3f8a3800
403a4000
3faaf000
40276000
3f65e000
3fd68000
3f842800
3fec4000
3f167000
4017c000
3fa88800
3fa68000
3f500000
3fe10000
3fbe2800
40329000
3f9c1000
3fe32000
3f46d000
40186000
3f52f000
4033c000
3fac1000
40066000
3f6c4000
40052000
3fdde800
400b9000
3f820000
40028000
3ff7c800
3fede000
3f84e000
40082000
3f285000
3fce2000
3f3f9000
3fe68000
3fd4b800
3fe68000
3fbd6800
4026b000
3f4eb000
3fc02000
3f90a800
3fae6000
3fa7c800
400d0000
3f5d0000
401a8000
3f290000
3fea4000
3f55e000
403cd000
3f4f0000
3fd28000
3f924000
3fdf6000
3f14f000
3fb86000
3f5f3000
3fffc000
3f8fa800
401e7000
3f6c2000
3ff44000
3f2f7000
40305000
3f6ea000
3fb54000
3f656000
40416000
3f6e3000
3ffe6000
3f8c1000
3fa56000
3fa08800
40237000
3f9ef800
4024d000
3fa06800
403c8000
3f81f000
3fbde000
3f8ed800
40016000
3f09f000
3fe92000
3f571000
3fd1a000
3f8f5800
40184000
3f252000
40409000
3f6f2000
3f9a2000
3f824800
3fe40000
3fc85800
401c4000
3f905000
3fcb2000
3f87e800
40156000
3fadf800
40061000
3f87c000
3fc52000
3f491000
404ce000
3f90a000
3fd94000
3f7cd000
4034c000
3f8de800
3f97e000
3f679000
3ffae000
3fcb8000
40598000
3f793000
40094000
3fba6800
4032a000
3f613000
40063000
3fb51000
3fe9c000
3f46b000
3fd48000
3f5b8000
403af000
3f9fa000
4043b000
3f696000
3fa68000
3f744000
40031000
3f01c000
401cd000
3f879000
40199000
3f73a000
400db000
3f5bf000
40219000
3f343000
40022000
3f19f000
400c2000
3f686000
3f8a6000
3f727000
400a3000
3f2e7000
401a3000
3fb30000
3fe20000
3f311000
403f0000
3f900800
400f7000
3fa56800
40290000
3f883000
4054d000
3f805000
4028b000
3fbc3800
40351000
3f93e800
40011000
3fbef000
400c4000
3f1b5000
4055c000
3f81e800
3fede000
3f906000
404e4000
3f949000
4004c000
3fe05000
3fc08000
3f3f8000
40061000
3f7b6000
3fae6000
3f679000
4023a000
3f31c000
40177000
3f9e4000
3f9a2000
3f8d2800
40416000
3f9bf000
401dc000
3fc0a000
402fa000
3fa7c000
40408000
3f445000
401b3000
3f88d000
3fdbc000
3f387000
40106000
3f214000
3fcd8000
3fa67000
40589000
3f87c000
40010000
3f218000
40056000
3fb65800
405d4000
3f873800
4022d000
3fc3f000
401f4000
3f833000
3f894000
3f744000
40191000
3f6d7000
3fd8c000
3f542000
3fde2000
3fa23800
4020e000
3f8ab000
4016d000
3f431000
3f900000
3f77e000
401b1000
3f220000
3ff96000
3f0af000
40520000
3f884800
3fca8000
3f27b000
3fe5e000
3f19f000
40091000
3f591000
3fb44000
3f968000
3ffb4000
3f125000
40082000
3feec800
3f900000
3f833000
4009a000
3fb80000
4018d000
3f8cb800
40159000
3fa33000
3fc0e000
3f6a7000
40013000
3f513000
4063d000
3f694000
40138000
3f670000
4061f000
3f88d000
3fc72000
3f804800
3fca6000
3fb58800
3faf8000
3f86d000
4024f000
3f8c9000
4025e000
3f42a000
3ff3c000
3fd4d000
3fdca000
3f9a6800
40106000
3f48c000
40010000
3f315000
3f9f4000
3fa00000
3fcc2000
3fa78800
3fb0a000
3f90c800
3ff5e000
3fa2f000
4029f000
3f375000
3fd96000
3f4db000
3ff0a000
3f865000
3fd6a000
3fa2c800
3fa36000
3f52b000
3ff0a000
3f5ea000
4048e000
3f5ad000
3ff4e000
3f13c000
40113000
3fa21000
40339000
3f712000
40011000
3fbef000
402cc000
3f56d000
40368000
3faef000
400ef000
3f85d800
3fd88000
3fb4b800
3fdc6000
3f357000
4031f000
3f815000
402d1000
3f42d000
3fc56000
3f4bb000
3fcac000
3f341000
400d3000
3f893000
3ffa4000
3fb89800
3fe6c000
3fc7f800
40787000
3f827000
3fe22000
3f960800
400af000
3f253000
40024000
3f571000
40461000
3f738000
402df000
3f5be000
40419000
3f634000
3ff90000
3fcd0000
400ca000
3f561000
402a2000
3fa20000
4008b000
3fefb000
3ff78000
3fd1d000
40141000
3f481000
40136000
3f64b000
3fab0000
3f70a000
401e7000
3f62a000
3f936000
3f761000
402cc000
3f3a8000
3fec4000
3f241000
404aa000
3f5af000
40225000
3f57a000
3fd08000
3f658000
400f7000
3f203000
40333000
3f4cf000
3fe30000
3f1eb000
400af000
3fb41800
3fc58000
3f973000
40430000
3f9d3000
3f8b8000
3f88a000
400af000
3fd83800
3fc82000
3f689000
402b2000
3f9b2000
3fdec000
3f5f2000
3fbf6000
3fbf9000
40565000
3f60c000
4031d000
3f9e2800
3ff2e000
3f513000
4026b000
3f9e6800
405f2000
3f895800
40163000
3f9b3800
3fc54000
3f716000
3fcdc000
3f2a3000
4038d000
3faf6000
3ff54000
3f0b2000
3fcc6000
3f473000
4019a000
3f6a1000
400d0000
3f121000
40197000
3f97b800
4016c000
3f9d8800
40262000
3fbd8000
3fda8000
3fabf800
4011b000
3f88b800
402c5000
3fae3000
4008d000
3f837000
4044f000
3fa47000
4011c000
3f623000
4013d000
3f939000
3fd0a000
3f73d000
3fed0000
3fe17000
3fec8000
3f65d000
3f9a2000
3f841800
3fdec000
3f7fb000
3ffa4000
3f5d3000
4008c000
3f925800
3fb04000
3fa2b000
400ca000
3fd1e800
3fc44000
3f2f1000
404b7000
3f827000
3fe86000
3f6a2000
4008f000
3fb45000
401d2000
3fcb6000
40336000
3fa3c000
40055000
3f0be000
3fc4e000
3fb9e800
3ffba000
3f837000
40158000
3f81f000
401a2000
3f57c000
4028b000
3f45d000
40138000
3fa10800
406f1000
3f6fa000
3feba000
3facd000
3fcaa000
3f8be800
3f9ea000
3f6b3000
401d2000
3fba0800
40535000
3f688000
4028a000
3f968800
3fc84000
3f813000
406e2000
3f771000
40016000
3fd1d800
3ff28000
3fa03800
40076000
3f90e800
400f4000
3f4f8000
405a7000
3f6d8000
4004b000
3f820000
3fbf6000
3faa7800
40077000
3f865000
3fcc4000
3f6ce000
405a7000
3f89e000
4056b000
3f827000
4011d000
3f9a1800
3fe86000
3f6a2000
3fb52000
3f79b000
404f3000
3f7e8000
3ff12000
3f3e7000
400d3000
3f369000
4066a000
3f862800
40112000
3fe23000
40290000
3f86f000
4025c000
3f776000
4010f000
3fd5d800
3fdba000
3f3d9000
3fe62000
3f9da800
3f924000
3f86d000
4011a000
3f5fe000
4056b000
3f805000
4003b000
3f373000
405a7000
3f816000
3fdac000
3f343000
40115000
3fd37000
4027d000
3f4b3000
3fcf8000
3f410000
3ffb4000
3f05b000
40172000
3f201000
4025c000
3f776000
401b7000
3f41f000
4007f000
3fc75800
3fe3a000
3fb88000
401e6000
3fb17000
3fbcc000
3f4c2000
3fdf2000
3f9a3800
4011f000
3f3c5000
3fb08000
3f4d8000
3fbcc000
3f8df000
3fdba000
3face000
4002a000
3f6b9000
3ff8c000
3fa7d800
401f4000
3f8ab000
401de000
3fb4e000
402d0000
3f5ad000
3ff20000
3f870800
40283000
3f7b2000
3fb1c000
3f88a000
3ffa4000
3f911800
40329000
3f9c1000
3fc50000
3f54c000
400fd000
3fb8f000
403cd000
3fa9a800
3ffde000
3ff81000
40610000
3f8a6800
40226000
3fc18000
401c3000
3fa54000
400c7000
3f12b000
3fd52000
3f809000
3fe78000
3fb90800
4016f000
3f462000
4015c000
3f975000
40521000
3f9a6000
406d3000
3f86b000
3fa56000
3f8d2800
40227000
3f46b000
40032000
3fb2b800
3fc90000
3f8f0000
3fd1c000
3f72a000
40077000
3f7b6000
3fe86000
3f8d8000
3fa56000
3fa08800
4047f000
3f75a000
40339000
3f915000
405e2000
3f605000
3fee0000
3fb3e800
40028000
3fe5b800
3ff62000
3f5bc000
3fd12000
3f279000
40082000
3fd3b000
40056000
3f79f000
3fedc000
3f411000
403ef000
3f9a1000
3fb74000
3f925000
4048c000
3f74b000
4000d000
3fec0800
3fe5c000
3fcc5800
3ff4c000
3f89e800
40161000
3f89d800
3ff88000
3f99f800
3fdaa000
3f788000
40007000
3fee7000
3fa32000
3f929800
4064c000
3f895800
401d1000
3f64c000
40372000
3f559000
3ffa2000
3f065000
400df000
3f261000
40408000
3fa55800
402ec000
3fb8a800
403f5000
3f770000
403da000
3f8c1800
3fe0e000
3f1b5000
40162000
3f607000
404bc000
3f511000
403d8000
3f40c000
40601000
3f7a4000
40259000
3f523000
3fcac000
3fb69800
4014b000
3f3f1000
4008b000
3fdda000
3fb86000
3f5f3000
40037000
3f037000
40317000
3faba000
401cf000
3f627000
3ffba000
3f8ef000
3fd2a000
3fbcf000
40211000
3f485000
3fd36000
3f42b000
40351000
3f373000
40198000
3f4c3000
4003f000
3f4cf000
403ba000
3fac6000
4003d000
3f052000
40070000
3fd1e000
3feba000
3facd000
3fe2e000
3fe25000
3fb56000
3f3fb000
3fd5a000
3f3ab000
403da000
3f69f000
40087000
3f9fd000
3ff74000
3fae6800
3ffaa000
3f399000
40040000
3fee2800
402d2000
3f950000
3fff6000
3f122000
3feb2000
3f906000
3fdda000
3fbb7000
3fce4000
3f2c5000
403a4000
3f8af000
401c0000
3f726000
3feac000
3fb67800
40425000
3f536000
3f924000
3f833000
3f96c000
3f8e1000
3f84c000
3f816000
40334000
3f4f5000
3fdd8000
3fb62800
4044c000
3f509000
3fdba000
3f26f000
40083000
3f900800
40235000
3f8b5000
3ff36000
3f837000
3fdd0000
3f66c000
3fa8c000
3f938000
402f8000
3f6fe000
40062000
3f67a000
3fd06000
3f858800
3fe8a000
3f1a5000
400ef000
3f578000
401f8000
3fb49800
40019000
3f015000
4002e000
3ff56000
3fd1e000
3f361000
3fef8000
3f3d3000
4062e000
3f63f000
401ba000
3f984800
3fb2e000
3f85e800
404c5000
3f4c2000
3ffd8000
3f1db000
3fc2c000
3f996000
40679000
3f7c6000
403cc000
3f5bf000
401a5000
3fc6d800
40071000
3f9e6000
40688000
3f862800
40601000
3f62e000
3fe9c000
3f79f000
3fc10000
3f5ec000
40297000
3fb71000
40439000
3f676000
40688000
3f8a6800
40445000
3f736000
3ffcc000
3fd30800
3fd68000
3f82b800
4013c000
3f8ae000
3fc7c000
3f3da000
40005000
3f5c9000
3fdaa000
3f837000
3fc06000
3f7d5000
40091000
3fc92800
4044d000
3f805800
3fc52000
3f904800
3ffea000
3f1d1000
4018b000
3f453000
3fbc8000
3fa3c000
3fcb0000
3fa6a000
4057a000
3f6e9000
3fb8a000
3f47d000
3fb64000
3fae2000
403fa000
3f6e1000
3febe000
3fceb000
40114000
3f84d000
40147000
3f3d3000
3fc86000
3f513000
403b6000
3f3cc000
40061000
3fee7800
3fdfe000
3f943800
3fa20000
3f9ac000
4000f000
3fa09800
3fe9c000
3f743000
3ff40000
3f231000
404f2000
3f4f5000
3fd9c000
3f195000
40260000
3fb37800
4058e000
3f92a800
3fd86000
3fa89800
3fe9c000
3f814800
40056000
3fb65800
40181000
3fd54800
40225000
3f21f000
4034a000
3f655000
401f9000
3f958000
3fc4a000
3f5dd000
4000e000
3faf1800
40032000
3f4bb000
3fb1a000
3fa19800
3fda6000
3fbe0000
40204000
3f3c4000
40115000
3f8d8000
4005e000
3fd91800
40769000
3f827000
40535000
3f8cf000
4043b000
3f8c7000
3fe3e000
3f3eb000
40505000
3f546000
3fcde000
3f3cf000
40394000
3f847000
4004d000
3f5d2000
402b7000
3f429000
40346000
3f897000
4014e000
3f8f8000
3fde6000
3fc3d000
40402000
3f761000
40031000
3fd49000
402a4000
3f3fa000
400c1000
3f23f000
401c1000
3fb10000
40796000
3f82f800
403d7000
3f590000
4038a000
3f6d9000
40022000
3fc40000
401f4000
3fa08800
40199000
3f73a000
3ff96000
3f1de000
3ffb2000
3fc64000
4028b000
3f2df000
4036b000
3fb31800
40242000
3f65e000
4011b000
3fda1000
3fede000
3f674000
3fe04000
3f54e000
3ff54000
3fd90800
3fbd2000
3f5d1000
3fc12000
3f6d1000
4043a000
3f967800
4021f000
3f2b1000
40199000
3fc23000
40288000
3f328000
40520000
3f82f800
3ff6c000
3fc7e800
3fd08000
3f2a9000
40269000
3f8b5000
4007b000
3f966800
3fb2e000
3f8ef800
3f9fc000
3f9ac000
4020e000
3f85b000
3fe4c000
3f317000
4073c000
3f862800
4022f000
3fa26800
40455000
3f8db000
402b2000
3f97c800
400c3000
3fa8e800
3ffc4000
3fafd800
3f882000
3f841800
4036b000
3f5c8000
40235000
3f7da000
400b8000
3fd01800
40016000
3fd1d800
40178000
3f424000
400a3000
3f0ee000
4018d000
3f8cb800
40121000
3f3ea000
4015a000
3f195000
3fd7e000
3f788000
403fc000
3f7ee000
4037a000
3f883000
40353000
3f7b2000
402ec000
3f5af000
3fa32000
3f4a9000
3fc4a000
3f5dd000
402ee000
3face800
4025c000
3f776000
3fed0000
3f11d000
4005c000
3f92a800
405d4000
3f895800
400ca000
3f235000
3fef4000
3f93f800
3ff16000
3f9f5000
3fa20000
3f65c000
3fff0000
3f147000
3ff80000
3f4ab000
3fb9a000
3f87b800
3fe0e000
3fb8e000
4003f000
3f4cf000
404b7000
3f5a0000
3f9ea000
3f85e800
404ee000
3f673000
3fd70000
3f41c000
4031f000
3f7da000
40162000
3f607000
401e1000
3f49b000
40339000
3fa7e800
3fb6e000
3f9f3800
3fba8000
3f4e8000
40172000
3f81f000
4001f000
3f3ef000
401ca000
3f9e8000
4017d000
3fb87000
404ed000
3f584000
4053e000
3f851800
3fe9c000
3f8b5800
40502000
3f5f5000
3ffec000
3f2ed000
40228000
3f74e000
40258000
3fa12000
40133000
3fd97800
40028000
3fcaa000
3fc5e000
3f9e1800
40127000
3f612000
40014000
3f337000
3fee0000
3fcb3800
40319000
3fb5a800
3fe62000
3f265000
405a7000
3f71c000
4014a000
3fb32000
401ea000
3f3c0000
3fd38000
3f9e1000
3fc72000
3f781000
3ffac000
3f9f1800
40402000
3f761000
3ff26000
3f387000
3fd96000
3f67b000
403cd000
3f6ae000
40038000
3f9c6000
3fe62000
3f3cf000
40137000
3f581000
40218000
3f994000
40787000
3f7e8000
40130000
3fd62800
3fef4000
3f79f000
3faf8000
3f622000
3fc86000
3fc6d000
40145000
3f8d3000
40157000
3fbde000
3fd6e000
3f1e1000
40206000
3fb97800
3fb52000
3f898800
3ffd2000
3f98f000
403e2000
3f7c6000
40371000
3f628000
40156000
3f892000
3fdb6000
3fb9a000
40433000
3f458000
4006d000
3fe0a000
40022000
3ffa3000
402b2000
3f97c800
3ff5c000
3f9da800
3fd5e000
3f5cf000
403fa000
3f9c0800
40014000
3f7cd000
40130000
3f13d000
40225000
3f986000
3fe34000
3fa8a800
402a8000
3fc01800
400cd000
3fd53800
3fd64000
3fca3800
40346000
3fb2a800
40004000
3f17d000
40199000
3f73a000
40167000
3f740000
40141000
3f481000
3fb0a000
3f8ef800
400a4000
3f923000
3fc0a000
3f8ca800
3fec8000
3f89e800
40176000
3fb60000
3fec8000
3f8fa800
3faba000
3fa9f800
402ab000
3f54d000
400f7000
3f2cd000
3fc40000
3f8f6000
3ff2a000
3f2e3000
3fe2a000
3fa59000
40464000
3f8cf800
40009000
3f893000
4017c000
3f62f000
4028d000
3f949000
3fe76000
3fcb1000
3fbd6000
3f92d800
4043a000
3f5a7000
3fe66000
3fcf7000
3fdd0000
3fa15000
4018d000
3f68d000
406d3000
3f71c000
3f9a2000
3f8b5800
404f8000
3f872000
400bb000
3f9c5000
4024c000
3f95c000
3fe6e000
3f97a800
4030a000
3f94d000
3fd94000
3f887800
3f9c6000
3f8ef800
3ff12000
3fd8b800
401eb000
3f427000
402e8000
3f47a000
3fe66000
3f32b000
4051d000
3f6c6000
4013e000
3f833000
400a3000
3fdd0800
40007000
3f029000
3fe02000
3f8aa000
402d1000
3f7b2000
40507000
3f992000
4062e000
3f7f9000
4018d000
3f248000
3ffea000
3fd18800
3fdec000
3f887800
40015000
3f2e5000
4047f000
3f59c000
3fe44000
3f8b5800
3ffc0000
3ff08800
405c5000
3f89e000
403b5000
3f6ec000
404e7000
3f6e2000
4002d000
3f9ba800
4016d000
3fa98800
4005e000
3f1e3000
3ff06000
3f469000
3f8a6000
3f761000
404c4000
3f591000
40067000
3f174000
3fc72000
3f781000
3fbec000
3f472000
3ff62000
3f8ef000
402db000
3f57e000
3fb64000
3f7f2000
40435000
3f636000
4023f000
3f223000
404ce000
3f631000
403eb000
3f6d0000
4066a000
3f840800
406d3000
3f827000
40290000
3f847000
40505000
3f87c000
404bb000
3f940800
402ba000
3fad7800
405f2000
3f8ea800
4022d000
3f3d9000
40037000
3fe43800
4000e000
3f3b9000
400b5000
3f2d3000
4024a000
3f9c4000
4005d000
3f3df000
3fc8c000
3f622000
402a9000
3f947800
3fc42000
3f3e9000
3ffdc000
3f4fc000
401a5000
3f24f000
3ff0e000
3f9b2800
404b7000
3f7c6000
3fe1e000
3f980800
3fea0000
3fd90000
402de000
3f81f000
3fd3e000
3f27f000
40009000
3f674000
40360000
3f384000
3fdfa000
3fca0000
40111000
3f90b000
4040b000
3f99f800
400cc000
3f3cd000
40392000
3fa7c800
3fbde000
3f8ed800
4045d000
3f7e8000
40138000
3f8e1000
3fa82000
3f509000
40166000
3fd29000
3ff94000
3f953000
40446000
3fa12000
3ffdc000
3f413000
3fee0000
3f36d000
40399000
3f411000
3f912000
3f79b000
40115000
3f8d8000
3fffc000
3f8b5800
40449000
3f95c000
3fd0c000
3fa04000
40271000
3fbc8000
3fd3a000
3f5f5000
40067000
3fbee800
3ff62000
3f8aa000
40170000
3fadb000
402b3000
3f40b000
40364000
3f3a2000
404a3000
3f61e000
40271000
3fa6b800
3fd7e000
3f788000
3fd9a000
3f1e7000
3fe4a000
3f95d800
3fe78000
3fd05800
405a7000
3f760000
401ee000
3f3de000
40511000
3f805000
40190000
3fb5b800
3ffde000
3fd3f000
3f990000
3f816000
4005e000
3fc70800
3fa32000
3f824800
3ff06000
3f2ff000
3fcf0000
3f6fc000
3fdee000
3faa5000
4010f000
3fb14000
3fe9c000
3f870800
4042a000
3f4a7000
4028d000
3f52b000
40498000
3f48f000
40679000
3f760000
40787000
3f7a4000
4015a000
3f573000
4004d000
3fb57000
40143000
3f4a6000
40022000
3fc40000
4037c000
3f5f9000
3fe30000
3fccb800
404fe000
3f95d000
4002d000
3f3b1000
3fd66000
3f483000
3fe5a000
3f6d0000
3fe90000
3fb27800
40518000
3f597000
40509000
3f97c800
40342000
3f362000
4008a000
3fa6e800
40601000
3f8f3000
3fe18000
3f8e3800
3fff8000
3f3d5000
3fe44000
3f887800
400eb000
3fdb4000
401da000
3f85b000
40012000
3f5dd000
3ffba000
3f273000
4015d000
3fb06800
3fdaa000
3f6fe000
400d8000
3f664000
40498000
3f64d000
3ffb0000
3f9d0000
3fb1c000
3f40a000
401bb000
3fbe7800
3ffba000
3fed3800
40269000
3f83d000
3fe02000
3f7b6000
3fdf4000
3f30b000
3fe2e000
3f8d8000
3ffa0000
3f25f000
3fb6c000
3f965000
40242000
3f79e000
4004b000
3f7b6000
3fe0e000
3f31f000
3fa84000
3f44e000
3fbd2000
3f431000
3fd52000
3f6f1000
40348000
3f44e000
3fdda000
3fd2c000
40068000
3fb82800
4013e000
3f7ee000
405d4000
3f840800
4043a000
3f967800
40446000
3fa12000
40416000
3f525000
4039a000
3f91a800
3fe2e000
3f87c000
4028e000
3f296000
3ffc8000
3fa31800
40262000
3f2ca000
3fe98000
3f3a5000
4012e000
3f3fe000
3fffc000
3f79f000
40171000
3f901000
3fd4c000
3fa7e000
406a6000
3f8b7800
4009c000
3f3c7000
4006b000
3f903000
40243000
3f241000
4045c000
3f44b000
4030a000
3fa0e000
3fdd2000
3f16b000
3fdd2000
3f966800
400b2000
3f0ff000
3fd6c000
3fc80800
4011c000
3fa46000
3fb3a000
3f919800
405b6000
3f6a5000
3ffa4000
3fa14800
40413000
3f792000
3fc30000
3f3fc000
40421000
3f8b3000
3fbe2000
3f841800
3fbe4000
3f41e000
40079000
3f22a000
3ff44000
3fbb8800
3ff26000
3f387000
405b6000
3f6e9000
4004c000
3f69c000
400c2000
3f8d4000
4044b000
3f81b000
4034b000
3f405000
40452000
3f865800
3fe92000
3fa07000
3fa32000
3f90c800
400bb000
3fd36800
40060000
3f49c000
4019f000
3f1cf000
401ab000
3fcd7800
400e0000
3f6f8000
40520000
3f7f9000
3fad0000
3f42c000
40688000
3f884800
40082000
3fdcb800
4029d000
3f69a000
4052f000
3f73e000
400dc000
3fcab000
3fd04000
3fa44000
3fa8c000
3f77e000
40290000
3f686000
40051000
3fb34000
3fd2c000
3fc23800
40172000
3f776000
40572000
3f5fd000
3ffd0000
3f79f000
401f4000
3f776000
40274000
3f410000
40040000
3f15c000
404fc000
3f595000
4026d000
3f2bd000
3fb0a000
3fa99800
3fe02000
3f865000
401bc000
3f96b000
4001f000
3f5f1000
404fc000
3f972800
40496000
3f62d000
40353000
3f7da000
3fdac000
3fcdd800
4012d000
3fdbe000
4017e000
3f237000
40302000
3fa45000
3fbf8000
3f8bc000
3ffd0000
3f743000
3fba4000
3f4be000
402eb000
3fa8c000
400f2000
3f8cf000
3f85e000
3f85e800
3fee8000
3f38f000
3fdc8000
3f478000
4057a000
3f6c7000
40444000
3f8fc000
40218000
3f45a000
4013e000
3f526000
40679000
3f6d8000
400d4000
3f461000
403ab000
3fad6000
3f83a000
3f7d5000
3fff0000
3f147000
403c5000
3f3dd000
3fd46000
3f673000
40393000
3f9fb800
40208000
3f3e2000
40366000
3fa4e800
400b8000
3fd92000
3fd66000
3f623000
3fc56000
3f4bb000
3f9d8000
3f500000
3ff3c000
3f1ab000
3fd84000
3f4ee000
3fd60000
3f8a1000
3fa56000
3f980800
4047a000
3f90e800
3ff96000
3f3f9000
40124000
3f9e0000
406e2000
3f81e800
3fbac000
3f833000
404bc000
3f511000
40227000
3fa5d800
400f9000
3fa3d000
403a9000
3f46e000
404d5000
3f805000
3fe10000
3f437000
3fcf6000
3f4cb000
3fefc000
3f1c5000
401c0000
3f7ee000
3fb40000
3f6d0000
3f97e000
3f63f000
40304000
3f98d800
40211000
3f955800
401db000
3fb0b800
3fede000
3f8d8000
4012b000
3fa1e800
40178000
3f5e5000
3ff0a000
3f7e4000
3fe34000
3fdc9800
40305000
3f7da000
40387000
3f73a000
40204000
3f5ad000
4015f000
3f8b7000
402eb000
3f762000
40216000
3f9cd000
4017b000
3f1f7000
3fcae000
3f2ef000
40598000
3f8a6800
402b7000
3f88d000
40305000
3f8b5000
401dc000
3f298000
3f948000
3f850000
40246000
3f9df800
407a5000
3f827000
401a9000
3f896000
4033c000
3f575000
3fa2a000
3fa2b800
405a7000
3f73e000
4044c000
3f509000
3fe18000
3f814800
400e8000
3f41a000
4044c000
3f9d1800
3feca000
3fde2000
40382000
3f8f1000
3ff8a000
3f094000
4061f000
3f8f3000
4025c000
3f4da000
403cd000
3f4f0000
3fd96000
3fc26000
4017a000
3f374000
40022000
3fd61000
400ee000
3f2d7000
40291000
3f549000
40523000
3f990800
3fae6000
3f443000
3fc9e000
3fa5b800
401c6000
3f430000
4020c000
3f641000
405f2000
3f851800
40226000
3fc18000
40679000
3f73e000
40187000
3f22d000
4057f000
3f936000
40688000
3f6e9000
40098000
3f6ef000
40354000
3fa1c000
4061f000
3f71c000
3fca4000
3f31f000
4063d000
3f650000
3ff36000
3f906000
3fc68000
3f308000
3ff0c000
3fcad800
3fd96000
3f8cc800
4013c000
3fbf4800
3fee2000
3fe25800
401d3000
3fb42800
40405000
3f8b4800
4012c000
3f97a000
4000a000
3f549000
40115000
3f31b000
3fc74000
3f386000
3fcb2000
3fc67000
4028d000
3fb07800
3ff42000
3f186000
3ff5a000
3f245000
4011f000
3f858800
40610000
3f82f800
3fcc2000
3fc21000
401cd000
3f879000
4002a000
3f79f000
3fdec000
3f715000
40001000
3f98c800
3fbbe000
3f841800
40305000
3f73a000
40093000
3f38b000
403dc000
3f501000
403dc000
3f8ac000
3ffc0000
3ff08800
40276000
3f686000
402c1000
3f59c000
40204000
3f5ad000
4019e000
3f532000
4000a000
3ff1c000
401e5000
3fb75000
4029c000
3f5e9000
4055c000
3f895800
3fd60000
3f6b4000
4008d000
3f865000
3ff8c000
3f429000
4005e000
3fd91800
401f1000
3f52a000
40383000
3f97c000
40502000
3f793000
402bd000
3fb1a000
3fb40000
3f3e4000
3faba000
3f5b5000
40177000
3f4f6000
3ffdc000
3f4fc000
40093000
3f38b000
40079000
3fb4b000
400d1000
3f8ac800
3f8a6000
3f824800
4040c000
3f8ff000
3fd80000
3fa1b000
3fbbe000
3f79b000
3fe88000
3fddd000
3fcc4000
3f6ce000
3fdaa000
3f5ad000
3fbfc000
3f89c000
4005e000
3f248000
40025000
3fd05800
40129000
3f47e000
3fef4000
3f65d000
3ffb4000
3f05b000
4046b000
3f45c000
3fc5c000
3f5ca000
401cd000
3f815000
400ac000
3fe6f800
400f4000
3f8b5800
4003d000
3fe1d000
3ffe4000
3fe04800
40432000
3f6e5000
40387000
3f762000
3fd1c000
3f847000
40133000
3f2ac000
40364000
3f908000
4041c000
3f853000
4053d000
3f9a4800
3fe3c000
3f43d000
40146000
3f5ba000
3ffd0000
3f68b000
403b4000
3f92e800
3fd9c000
3fbae800
40598000
3f873800
40112000
3f996000
3ff02000
3fc7c000
403c8000
3f847000
400d3000
3f0fc000
4020e000
3f86f000
401d6000
3f5cc000
40223000
3fa79000
3fcb0000
3f92d000
4016f000
3fc16800
4014e000
3fd32800
3fef4000
3f82b800
3fca0000
3f259000
3fd94000
3f6e7000
4036d000
3f762000
3ff76000
3f97a800
3f894000
3f86d000
3fe4c000
3fb96800
40056000
3f7fb000
401db000
3fc68000
4010e000
3f9c9000
3fca6000
3fbe1000
4005e000
3f911000
403ea000
3f423000
401f4000
3f7ee000
3ff0a000
3f646000
402b7000
3f919000
3fdca000
3fa88000
40317000
3f3fd000
40212000
3f36e000
3fb0a000
3f6b3000
400be000
3f135000
3ff54000
3fd00000
3fc08000
3fab6000
3ff78000
3f911800
402c3000
3fb9f000
401bc000
3f5a4000
4052f000
3f88d000
405f2000
3f8b7800
402f8000
3f636000
40243000
3f5ec000
406d3000
3f760000
401da000
3fa0d000
401e9000
3f359000
40136000
3f158000
4073c000
3f7f9000
40346000
3f74e000
40151000
3f19f000
4000d000
3f40b000
3f9d8000
3f98f000
3fa56000
3f946800
3fe5a000
3f7e4000
40305000
3f69a000
40103000
3fb66800
4024f000
3f88d000
4032f000
3f980800
3fef4000
3f859800
3fec4000
3fdad000
4065b000
3f85a000
3ffc6000
3f0b6000
40103000
3fb68800
40085000
3fe91000
4028b000
3fa67000
401f5000
3f574000
3ffc4000
3f243000
40045000
3f313000
40387000
3f951000
403d5000
3f861800
40679000
3f87c000
3f9fc000
3f850000
4024a000
3f591000
3fd22000
3f699000
3fbd0000
3f816000
40409000
3f889800
40428000
3fa29000
40610000
3f81e800
401a7000
3f9df000
403da000
3f8c1800
402b7000
3f815000
4010e000
3fb72000
402b1000
3f33d000
3fb4a000
3f9d6800
3f8ee000
3f761000
3fb26000
3f3a3000
405a8000
3f5e1000
3ff56000
3fa52000
40377000
3f4ca000
4028a000
3f3f6000
3ff20000
3f8b5800
404a2000
3f52f000
3f9c6000
3f63f000
40013000
3f1f3000
401c2000
3f613000
3fa8c000
3f622000
402f3000
3f9ae800
403e0000
3f9ac800
3fb2e000
3f824800
403c8000
3f857800
3f9b4000
3f622000
3fb84000
3f50e000
40423000
3f801000
4020b000
3f399000
4012d000
3f681000
4016a000
3f8c2800
4007d000
3f385000
3ff2a000
3fd3e800
40163000
3f327000
3ff2a000
3f086000
40398000
3fb01800
402a5000
3f972800
3febc000
3f389000
403d7000
3f977800
3fcd2000
3f2d3000
3fe64000
3f159000
40133000
3fd97800
400a6000
3f2c2000
40103000
3f303000
400a6000
3fa39000
40229000
3f3bb000
3fa44000
3f938000
40073000
3f145000
3fd10000
3f79f000
400ca000
3f86e000
4063d000
3f694000
4051f000
3f890000
404c2000
3f72f000
4012f000
3f4ed000
40146000
3fb4d800
402eb000
3f69a000
3fd3e000
3f912800
4001f000
3f0fa000
3faf8000
3fa8b000
40007000
3f5ee000
3f948000
3f91b000
3ff30000
3fe04000
400f4000
3fdc2800
400eb000
3f890800
3fc88000
3f7e6000
402d5000
3fbd1800
4000a000
3f069000
3feba000
3fc42000
3fe02000
3f820000
40009000
3f8aa000
3f9c6000
3f980800
3f97e000
3f679000
40290000
3f776000
3fec8000
3f859800
4055c000
3f7d7000
4064c000
3f873800
40610000
3f81e800
40015000
3fbcc000
40385000
3f966800
3fc12000
3fb04800
4028e000
3f296000
3fc2e000
3f8e7800
401b4000
3fce6000
40371000
3f628000
402eb000
3f801000
3fb2e000
3f727000
40017000
3f9a3800
3fd0c000
3fa04000
4004b000
3f820000
400a7000
3f56f000
401c1000
3fb10000
402de000
3f6ae000
3ff30000
3f190000
3fe86000
3f820000
3feb2000
3f7e4000
3fed6000
3fc82000
40226000
3fc18000
3fdf0000
3f47c000
402fb000
3fa1e000
3fd10000
3fbe3800
4017b000
3f25c000
40183000
3fc0c000
3ff0a000
3f8aa000
4033e000
3fb61800
3fb40000
3f696000
4006c000
3f771000
40457000
3f4da000
3fc68000
3fbd8800
3fd92000
3fcf2000
3fc4c000
3f9d3000
402ee000
3f94e800
3fe4e000
3fd60000
40034000
3f1f0000
40271000
3fbc8000
4046e000
3f864000
4005b000
3ff0e000
3ff4c000
3f911800
3fd7e000
3f865000
3faa0000
3f994000
40394000
3f7c6000
3fc76000
3f809000
3fee8000
3f153000
40098000
3f814800
4003d000
3f181000
4002e000
3f170000
3fb92000
3f671000
405e3000
3f760000
3ffba000
3f6fe000
3fcd0000
3f325000
405b6000
3f8d9800
402b7000
3fa95000
40097000
3f2b1000
3f8a6000
3f841800
3fba6000
3f5a3000
3fec8000
3f771000
3fe18000
3f8cc800
40051000
3fb34000
40154000
3f17a000
3ff86000
3faf5000
4014b000
3f53a000
4015d000
3fb06800
3fa60000
3fa57000
40276000
3f65e000
401d4000
3f968800
406e2000
3f7f9000
4030e000
3f611000
403a0000
3f3e6000
40022000
3fc40000
3fcf2000
3fa35800
40004000
3fe21800
400e5000
3f27c000
401dd000
3f571000
4070f000
3f87c000
40035000
3f6fe000
3fb52000
3f7d5000
402ab000
3f932000
3fc46000
3f964800
3ff38000
3f4e3000
40145000
3f298000
3fc7c000
3f275000
403b7000
3f9a4000
4012a000
3f56d000
3ff20000
3f928800
3fae6000
3f90c800
40040000
3fc10000
403f7000
3f94b000
3fd8e000
3f3d3000
402ac000
3fbe6000
3fe24000
3fad0800
3fea4000
3fa15800
3f9ea000
3f90c800
40112000
3f866800
3fe70000
3f814800
3ffa2000
3f0ca000
3fe36000
3fc54000
3fe66000
3fb82000
3fe58000
3faa7800
3fe6a000
3fab6000
40187000
3f2b7000
4049d000
3f5be000
401af000
3f265000
4017e000
3fc8f000
3fa0e000
3f898800
40369000
3f968000
3fd10000
3fbe3800
40172000
3f338000
3fe68000
3fa61800
4061f000
3f782000
400f9000
3fa3d000
40181000
3fc33800
401cd000
3f73a000
3fcca000
3fa38800
3ff1c000
3faf2800
4027b000
3f267000
4001a000
3fa88800
4016d000
3f5f6000
3ff8e000
3f75a000
4002e000
3ff56000
3fe02000
3f788000
3fe86000
3f6d0000
40044000
3f92d000
405e3000
3f89e000
401a9000
3f896000
3ffd8000
3f047000
3fdc8000
3f478000
40511000
3f7a4000
3fdc0000
3f771000
3fd10000
3f9e4000
3ff92000
3fb7b000
3fda4000
3fa38000
40235000
3f829000
3fb2e000
3f8ef800
3fde2000
3fa23800
404c5000
3f8d5000
3ffea000
3fc88000
40430000
3f6c5000
3fc52000
3f904800
40339000
3f83d000
3fb26000
3faf6800
3fc8e000
3f99e800
3ffea000
3fda9000
40303000
3f367000
400f4000
3fb76800
3ff08000
3fc04800
3ffbc000
3f58d000
3fcb0000
3f29d000
401b3000
3f88d000
40077000
3f865000
3fcbc000
3f33a000
3ffba000
3f75a000
40235000
3f78a000
3fd58000
3f4c0000
404d5000
3f838000
401d8000
3fac9000
4062e000
3f7d7000
401a2000
3fcc9000
3fcd6000
3f37b000
4053e000
3f862800
402be000
3f3fe000
40223000
3f2cf000
40255000
3f9cf800
3ff2c000
3f584000
405c5000
3f6fa000
403ea000
3f941000
3ff4c000
3f771000
4015f000
3f6ac000
40253000
3f2b9000
40551000
3f8cd800
40172000
3f847000
400a8000
3fa1f800
402da000
3f352000
3fc40000
3fb70000
3fe06000
3f2fd000
404da000
3f889000
3fa20000
3f7f2000
40122000
3f692000
400bb000
3fb85000
40100000
3f25e000
3f924000
3f622000
401c6000
3fd03000
40125000
3fa6b000
3fc32000
3fa04800
400d9000
3f117000
40462000
3f4ab000
4010f000
3fccd000
400b2000
3f2f8000
4015a000
3f573000
4032b000
3f493000
40506000
3f635000
4047c000
3f8f9000
4065b000
3f672000
3fbfa000
3fa87800
404f3000
3f86b000
403c8000
3f80b000
4019f000
3f621000
3f97e000
3f605000
3feb6000
3fb99000
3fa60000
3fa57000
40610000
3f8ea800
3fb60000
3fb02000
3ffb4000
3f125000
40172000
3f7c6000
400bd000
3f383000
4036f000
3f395000
404d1000
3f740000
3fcec000
3f9c7000
40501000
3f6c4000
3fdf4000
3fba2800
403b1000
3f8b9000
4017f000
3f801000
404be000
3f6ef000
400eb000
3faef800
40276000
3f80b000
40142000
3f1f3000
3fbd2000
3f94d800
40009000
3f8ef000
4025c000
3f5e6000
4004f000
3ff5b000
40219000
3f4c1000
401e7000
3f851000
3fa8c000
3f696000
400d2000
3f5f5000
400a3000
3f84e000
401da000
3f6d6000
3f7e4000
3f807800
3f900000
3f65c000
3fa20000
3f48c000
3faf0000
3f3dc000
3fc10000
3f2ac000
3fce0000
3f1ff000
3fe00000
3f11f000
3fed0000
3f0b8000
3fff0000
3f018000
3f8b8000
3f6d0000
3f9d8000
3f500000
3faa8000
3f428000
3fbc8000
3f2f8000
3fc98000
3f237000
3fdb8000
3f157000
3fe88000
3f0e0000
3ffa8000
3f040000
3f882000
3f761000
3f9a2000
3f591000
3fa76000
3f48b000
3fb96000
3f35b000
3fc6a000
3f283000
3fd8a000
3f1a3000
3fe5e000
3f119000
3ff7e000
3f079000
3f83a000
3f7d5000
3f95a000
3f605000
3fa2e000
3f4d7000
3fb4e000
3f3a7000
3fc22000
3f2bb000
3fd42000
3f1db000
3fe16000
3f141000
3ff36000
3f0a1000
40022000
3f00b000
3f924000
3f696000
3fa32000
3f4e3000
3fb1c000
3f40a000
3fc2a000
3f2ed000
3fd14000
3f227000
3fe22000
3f155000
3ff0c000
3f0da000
4000d000
3f044000
3f8dc000
3f70a000
3f9ea000
3f557000
3fad4000
3f456000
3fbe2000
3f339000
3fccc000
3f25f000
3fdda000
3f18d000
3fec4000
3f102000
3ffd2000
3f06c000
3f8a6000
3f79b000
3f9b4000
3f5e8000
3faa2000
3f4b9000
3fbb0000
3f39c000
3fc9e000
3f2ab000
3fdac000
3f1d9000
3fe9a000
3f13b000
3ffa8000
3f0a5000
3f85e000
3f807800
3f96c000
3f65c000
3fa5a000
3f505000
3fb68000
3f3e8000
3fc56000
3f2e3000
3fd64000
3f211000
3fe52000
3f163000
3ff60000
3f0cd000
40040000
3f02d000
3f936000
3f6ed000
3fa56000
3f51d000
3fb36000
3f44b000
3fc56000
3f31b000
3fd36000
3f25d000
3fe56000
3f17d000
3ff36000
3f106000
4002b000
3f066000
3f8ee000
3f761000
3fa0e000
3f591000
3faee000
3f497000
3fc0e000
3f367000
3fcee000
3f295000
3fe0e000
3f1b5000
3feee000
3f12e000
40007000
3f08e000
3f8b8000
3f7f2000
3f9d8000
3f622000
3fabc000
3f4fa000
3fbdc000
3f3ca000
3fcc0000
3f2e1000
3fde0000
3f201000
3fec4000
3f167000
3ffe4000
3f0c7000
3f870000
3f833000
3f990000
3f696000
3fa74000
3f546000
3fb94000
3f416000
3fc78000
3f319000
3fd98000
3f239000
3fea6000
3f167000
3ff9c000
3f0ef000
40055000
3f059000
3f95a000
3f727000
3fa68000
3f574000
3fb62000
3f479000
3fc70000
3f35c000
3fd6a000
3f285000
3fe78000
3f1b3000
3ff72000
3f128000
40040000
3f092000
3f912000
3f79b000
3fa20000
3f5e8000
3fb1a000
3f4c5000
3fc28000
3f3a8000
3fd22000
3f2bd000
3fe30000
3f1eb000
3ff2a000
3f150000
4001c000
3f0ba000
3f8dc000
3f816000
3f9ea000
3f679000
3fae8000
3f528000
3fbf6000
3f40b000
3fcf4000
3f309000
3fe02000
3f237000
3ff00000
3f189000
40007000
3f0f3000
3f894000
3f850000
3f9a2000
3f6ed000
3faa0000
3f574000
3fbae000
3f457000
3fcac000
3f341000
3fdba000
3f26f000
3feda000
3f18f000
3ffc6000
3f11b000
40073000
3f07b000
3f96c000
3f77e000
3fa8c000
3f5ae000
3fb7c000
3f4ba000
3fc9c000
3f38a000
3fd8c000
3f2bb000
3feac000
3f1db000
3ff9c000
3f154000
4005e000
3f0b4000
3f924000
3f7f2000
3fa44000
3f622000
3fb34000
3f506000
3fc54000
3f3d6000
3fd44000
3f2f3000
3fe64000
3f213000
3ff54000
3f17c000
4003a000
3f0dc000
3f8ee000
3f841800
3fa0e000
3f6b3000
3fb02000
3f569000
3fc22000
3f439000
3fd16000
3f33f000
3fe36000
3f25f000
3ff2a000
3f1b5000
40025000
3f115000
3f8a6000
3f87b800
3f9c6000
3f727000
3faba000
3f5b5000
3fbda000
3f485000
3fce8000
3f368000
3fdee000
3f297000
3fefc000
3f1c5000
40001000
3f13d000
40088000
3f0a7000
3f990000
3f7b8000
3fa9e000
3f605000
3fba8000
3f4e8000
3fcb6000
3f3cb000
3fdc0000
3f2e3000
3fece000
3f211000
3ffd8000
3f176000
40073000
3f0e0000
3f948000
3f816000
3fa56000
3f679000
3fb60000
3f534000
3fc6e000
3f417000
3fd78000
3f31b000
3fe86000
3f249000
3ff90000
3f19e000
4004f000
3f108000
3f912000
3f85e800
3fa20000
3f70a000
3fb2e000
3f597000
3fc3c000
3f47a000
3fd4a000
3f367000
3fe58000
3f295000
3ff66000
3f1d7000
4003a000
3f141000
3f8ca000
3f898800
3f9d8000
3f77e000
3fae6000
3f5e3000
3fbf4000
3f4c6000
3fd14000
3f396000
3fe10000
3f2cd000
3ff30000
3f1ed000
40016000
3f169000
400a6000
3f0c9000
3f9a2000
3f807800
3fac2000
3f63f000
3fbc2000
3f529000
3fce2000
3f3f9000
3fde2000
3f319000
3ff02000
3f239000
40001000
3f1a2000
40091000
3f102000
3f95a000
3f841800
3fa7a000
3f6b3000
3fb7a000
3f575000
3fc9a000
3f445000
3fd9a000
3f351000
3feba000
3f271000
3ffba000
3f1ca000
4006d000
3f12a000
3f924000
3f88a000
3fa44000
3f744000
3fb48000
3f5d8000
3fc68000
3f4a8000
3fd6c000
3f39d000
3fe8c000
3f2bd000
3ff90000
3f203000
40058000
3f163000
3f8dc000
3f8c4000
3f9fc000
3f7b8000
3fb0a000
3f605000
3fc20000
3f4f4000
3fd2e000
3f3d7000
3fe44000
3f2f5000
3ff52000
3f223000
40034000
3f18b000
400bb000
3f0f5000
3f9c6000
3f824800
3fad4000
3f696000
3fbee000
3f557000
3fcfc000
3f43a000
3fe16000
3f341000
3ff24000
3f26f000
4001f000
3f1c4000
400a6000
3f12e000
3f97e000
3f85e800
3fa8c000
3f70a000
3fba6000
3f5a3000
3fcb4000
3f486000
3fdce000
3f379000
3fedc000
3f2a7000
3fff6000
3f1ec000
40082000
3f156000
3f948000
3f8a7000
3fa56000
3f79b000
3fb74000
3f606000
3fc82000
3f4e9000
3fda0000
3f3c5000
3feae000
3f2f3000
3ffcc000
3f225000
4006d000
3f18f000
3f900000
3f8e1000
3fa0e000
3f807800
3fb2e000
3f63f000
3fc3a000
3f535000
3fd5a000
3f405000
3fe66000
3f32b000
3ff86000
3f24b000
40049000
3f1b7000
400d9000
3f117000
3f9d8000
3f850000
3faf8000
3f6d0000
3fc08000
3f598000
3fd28000
3f468000
3fe38000
3f377000
3ff58000
3f297000
40034000
3f1f0000
400c4000
3f150000
3f990000
3f88a000
3fab0000
3f744000
3fbc0000
3f5e4000
3fce0000
3f4b4000
3fdf0000
3f3af000
3ff10000
3f2cf000
40010000
3f218000
400a0000
3f178000
3f95a000
3f8d2800
3fa7a000
3f7d5000
3fb8e000
3f647000
3fcae000
3f517000
3fdc2000
3f3fb000
3fee2000
3f31b000
3fff6000
3f251000
4008b000
3f1b1000
40112000
3f11b000
3fa32000
3f824800
3fb40000
3f696000
3fc66000
3f563000
3fd74000
3f446000
3fe9a000
3f353000
3ffa8000
3f281000
40067000
3f1d9000
400ee000
3f143000
3f9fc000
3f86d000
3fb0a000
3f727000
3fc34000
3f5c6000
3fd42000
3f4a9000
3fe6c000
3f39f000
3ff7a000
3f2cd000
40052000
3f212000
400d9000
3f17c000
3f9b4000
3f8a7000
3fac2000
3f79b000
3fbec000
3f612000
3fcfa000
3f4f5000
3fe24000
3f3d7000
3ff32000
3f305000
4002e000
3f23a000
400b5000
3f1a4000
3f97e000
3f8ef800
3fa8c000
3f816000
3fbba000
3f675000
3fcc8000
3f558000
3fdf6000
3f423000
3ff04000
3f351000
40019000
3f273000
400a0000
3f1dd000
40130000
3f13d000
3fa44000
3f850000
3fb64000
3f6d0000
3fc80000
3f5a4000
3fda0000
3f474000
3febc000
3f389000
3ffdc000
3f2a9000
4007c000
3f205000
4010c000
3f165000
3fa0e000
3f898800
3fb2e000
3f761000
3fc4e000
3f607000
3fd6e000
3f4d7000
3fe8e000
3f3d5000
3ffae000
3f2f5000
40067000
3f23e000
400f7000
3f19e000
3f9c6000
3f8d2800
3fae6000
3f7d5000
3fc06000
3f653000
3fd26000
3f523000
3fe46000
3f40d000
3ff66000
3f32d000
40043000
3f266000
400d3000
3f1c6000
3f990000
3f91b000
3fab0000
3f833000
3fbd4000
3f6b6000
3fcf4000
3f586000
3fe18000
3f459000
3ff38000
3f379000
40023000
3f2a7000
400be000
3f1ff000
40145000
3f169000
3fa68000
3f86d000
3fb76000
3f727000
3fcac000
3f5d2000
3fdba000
3f4b5000
3fef0000
3f3b1000
3fffe000
3f2df000
4009a000
3f227000
40121000
3f191000
3fa32000
3f8b5800
3fb40000
3f7b8000
3fc7a000
3f635000
3fd88000
3f518000
3fec2000
3f3fd000
3ffd0000
3f32b000
40085000
3f260000
4010c000
3f1ca000
3f9ea000
3f8ef800
3faf8000
3f816000
3fc32000
3f681000
3fd40000
3f564000
3fe7a000
3f435000
3ff88000
3f363000
40061000
3f288000
400e8000
3f1f2000
3f9b4000
3f938000
3fac2000
3f85e800
3fc00000
3f6e4000
3fd0e000
3f5c7000
3fe4c000
3f481000
3ff5a000
3f3af000
4003d000
3f2cf000
400d3000
3f22b000
40163000
3f18b000
3fa7a000
3f898800
3fb9a000
3f761000
3fcc6000
3f613000
3fde6000
3f4e3000
3ff12000
3f3e7000
40019000
3f307000
400af000
3f253000
4013f000
3f1b3000
3fa44000
3f8e1000
3fb64000
3f7f2000
3fc94000
3f676000
3fdb4000
3f546000
3fee4000
3f433000
40002000
3f353000
4009a000
3f28c000
4012a000
3f1ec000
3f9fc000
3f91b000
3fb1c000
3f833000
3fc4c000
3f6c2000
3fd6c000
3f592000
3fe9c000
3f46b000
3ffbc000
3f38b000
40076000
3f2b4000
40106000
3f214000
3f9c6000
3f963800
3fae6000
3f87b800
3fc1a000
3f725000
3fd3a000
3f5f5000
3fe48000
3f4d8000
3ff8e000
3f3d7000
4004e000
3f305000
400f1000
3f24d000
40178000
3f1b7000
3fa9e000
3f8b5800
3fbac000
3f7b8000
3fcf2000
3f641000
3fe00000
3f524000
3ff46000
3f40f000
4002a000
3f33d000
400cd000
3f275000
40154000
3f1df000
3fa68000
3f8fe000
3fb76000
3f824800
3fcc0000
3f6a4000
3fdce000
3f587000
3ff18000
3f45b000
40013000
3f389000
400b8000
3f2ae000
4013f000
3f218000
3fa20000
3f938000
3fb2e000
3f85e800
3fc78000
3f6f0000
3fd86000
3f5d3000
3fed0000
3f493000
3ffde000
3f3c1000
40094000
3f2d6000
4011b000
3f240000
3f9ea000
3f980800
3faf8000
3f8a7000
3fc46000
3f753000
3fd54000
3f636000
3fe74000
3f506000
3ffb0000
3f40d000
40068000
3f32d000
40106000
3f279000
40196000
3f1d9000
3fab0000
3f8e1000
3fbd0000
3f7f2000
3fd0c000
3f682000
3fe2c000
3f552000
3ff68000
3f445000
40044000
3f365000
400e2000
3f2a1000
40172000
3f201000
3fa7a000
3f929800
3fb9a000
3f841800
3fcda000
3f6e5000
3fdfa000
3f5b5000
3ff3a000
3f491000
4002d000
3f3b1000
400cd000
3f2da000
4015d000
3f23a000
3fa32000
3f963800
3fb52000
3f87b800
3fc92000
3f731000
3fdb2000
3f601000
3fef2000
3f4c9000
40009000
3f3e9000
400a9000
3f302000
40139000
3f262000
3f9fc000
3f9ac000
3fb1c000
3f8c4000
3fc2a000
3f7d5000
3fd80000
3f664000
3fe8e000
3f547000
3ffe4000
3f435000
40079000
3f363000
40124000
3f29b000
401ab000
3f205000
3fad4000
3f8fe000
3fbe2000
3f824800
3fd38000
3f6b0000
3fe46000
3f593000
3ff9c000
3f46d000
40055000
3f39b000
40100000
3f2c3000
40187000
3f22d000
3fa9e000
3f946800
3fbac000
3f86d000
3fd06000
3f713000
3fe14000
3f5f6000
3ff6e000
3f4b9000
4003e000
3f3e7000
400eb000
3f2fc000
40172000
3f266000
3fa56000
3f980800
3fb64000
3f8a7000
3fcbe000
3f75f000
3fdcc000
3f642000
3ff26000
3f4f1000
4001a000
3f41f000
400c7000
3f324000
4014e000
3f28e000
3fa20000
3f9c9000
3fb2e000
3f8ef800
3fc4e000
3f807800
3fd9a000
3f6a5000
3feba000
3f575000
40003000
3f46b000
40093000
3f38b000
40139000
3f2c7000
401c9000
3f227000
3fae6000
3f929800
3fc06000
3f841800
3fd52000
3f6f1000
3fe72000
3f5c1000
3ffbe000
3f4a3000
4006f000
3f3c3000
40115000
3f2ef000
401a5000
3f24f000
3fa8e000
3f985800
3fbee000
3f86d800
3fcfa000
3f788000
3fe5a000
3f618000
3ff66000
3f507000
40063000
3f3f7000
400e9000
3f34f000
40199000
3f27f000
3fa36000
3f9cb800
3fb96000
3f8b3800
3fca2000
3f7e4000
3fe02000
3f674000
3ff0e000
3f54b000
40037000
3f43b000
400bd000
3f383000
4016d000
3f2b3000
40212000
3f1f0000
3fb50000
3f908000
3fc9a000
3f801800
3fdc0000
3f6e7000
3ff0a000
3f58e000
40018000
3f493000
400bd000
3f394000
40150000
3f2f8000
401f5000
3f235000
3faf8000
3f94e000
3fc42000
3f847800
3fd68000
3f743000
3feb2000
3f5ea000
3ffd8000
3f4d7000
40091000
3f3d8000
40124000
3f32c000
401c9000
3f269000
3fab2000
3f9a2800
3fbfc000
3f89c000
3fd26000
3f7b6000
3fe70000
3f65d000
3ff9a000
3f52f000
40072000
3f430000
40107000
3f371000
401ac000
3f2ae000
3fa5a000
3f9e8800
3fba4000
3f8e2000
3fcce000
3f809000
3fe18000
3f6b9000
3ff42000
3f573000
40046000
3f474000
400db000
3f3a5000
40180000
3f2e2000
40230000
3f212000
3fb5e000
3f936800
3fcbe000
3f81e800
3fdd6000
3f72c000
3ff36000
3f5bc000
40027000
3f4cc000
400d7000
3f3bc000
40163000
3f327000
40213000
3f257000
3fb06000
3f97c800
3fc66000
3f864800
3fd7e000
3f788000
3fede000
3f618000
3fff6000
3f510000
400ab000
3f400000
40137000
3f35b000
401e7000
3f28b000
3fac0000
3f9d1000
3fc20000
3f8b9000
3fd3c000
3f7fb000
3fe9c000
3f68b000
3ffb8000
3f568000
4008c000
3f458000
4011a000
3f3a0000
401ca000
3f2d0000
3fa68000
3fa17000
3fbc8000
3f8ff000
3fce4000
3f82b800
3fe44000
3f6e7000
3ff60000
3f5ac000
40060000
3f49c000
40105000
3f39d000
4019e000
3f304000
40243000
3f241000
3fb82000
3f953800
3fccc000
3f84d000
3fe02000
3f75a000
3ff4c000
3f601000
40041000
3f4f4000
400e6000
3f3f5000
40181000
3f349000
40226000
3f286000
3fb2a000
3f999800
3fc74000
3f893000
3fdaa000
3f7b6000
3fef4000
3f65d000
40015000
3f538000
400ba000
3f439000
40155000
3f37d000
401fa000
3f2ba000
3fae4000
3f9ee000
3fc2e000
3f8e7800
3fd68000
3f814800
3feb2000
3f6d0000
3ffec000
3f590000
4009b000
3f491000
40138000
3f3c2000
401dd000
3f2ff000
3fa8c000
3fa34000
3fbd6000
3f92d800
3fd10000
3f842800
3fe5a000
3f72c000
3ff94000
3f5d4000
4006f000
3f4d5000
4011f000
3f3c5000
401b1000
3f333000
40261000
3f263000
3fb90000
3f982000
3fcf0000
3f86a000
3fe18000
3f79f000
3ff78000
3f62f000
40050000
3f52d000
40100000
3f41d000
40194000
3f378000
40244000
3f2a8000
3fb38000
3f9c8000
3fc98000
3f8b0000
3fdc0000
3f7fb000
3ff20000
3f68b000
40024000
3f571000
400d4000
3f461000
40168000
3f3ac000
40218000
3f2dc000
3faf2000
3fa1c800
3fc52000
3f904800
3fd7e000
3f837000
3fede000
3f6fe000
40005000
3f5c9000
400b5000
3f4b9000
4014b000
3f3f1000
401fb000
3f321000
3fa9a000
3fa62800
3fbfa000
3f94a800
3fd26000
3f865000
3fe86000
3f75a000
3ffd0000
3f601000
40089000
3f4fd000
4012e000
3f3fe000
401cf000
3f355000
40274000
3f292000
3fbb4000
3f99f000
3fcfe000
3f898800
3fe44000
3f7cd000
3ff8e000
3f674000
4006a000
3f555000
4010f000
3f456000
401b2000
3f39a000
40257000
3f2d7000
3fb5c000
3f9e5000
3fca6000
3f8de800
3fdec000
3f814800
3ff36000
3f6d0000
4003e000
3f599000
400e3000
3f49a000
40186000
3f3ce000
4022b000
3f30b000
3fb16000
3fa39800
3fc60000
3f933000
3fdaa000
3f84e000
3fef4000
3f743000
4001f000
3f5f1000
400c4000
3f4f2000
40169000
3f413000
4020e000
3f350000
3fabe000
3fa7f800
3fc08000
3f979000
3fd52000
3f87c000
3fe9c000
3f79f000
3fffc000
3f62f000
40098000
3f536000
40148000
3f426000
401e2000
3f384000
40292000
3f2b4000
3fbc2000
3f9cd800
3fd22000
3f8b5800
3fe5a000
3f809000
3ffba000
3f6a2000
40079000
3f58e000
40129000
3f47e000
401c5000
3f3c9000
40275000
3f2f9000
3fb6a000
3fa13800
3fcca000
3f8fb800
3fe02000
3f837000
3ff62000
3f6fe000
4004d000
3f5d2000
400fd000
3f4c2000
40199000
3f3fd000
40249000
3f32d000
3fb24000
3fa68000
3fc84000
3f950000
3fdc0000
3f870800
3ff20000
3f771000
4002e000
3f62a000
400de000
3f51a000
4017c000
3f442000
4022c000
3f372000
3facc000
3faae000
3fc2c000
3f996000
3fd76000
3f88f800
3fec8000
3f7cd000
40009000
3f674000
400b2000
3f55e000
40157000
3f45f000
40200000
3f3a6000
402a5000
3f2e3000
3fbe6000
3f9ea800
3fd30000
3f8e4000
3fe86000
3f820000
3ffd0000
3f6e7000
40093000
3f5b6000
40138000
3f4b7000
401e3000
3f3eb000
40288000
3f328000
3fb8e000
3fa30800
3fcd8000
3f92a000
3fe2e000
3f84e000
3ff78000
3f743000
40067000
3f5fa000
4010c000
3f4fb000
401b7000
3f41f000
4025c000
3f35c000
3fb48000
3fa85000
3fc92000
3f97e800
3fdec000
3f887800
3ff36000
3f7b6000
40048000
3f652000
400ed000
3f553000
4019a000
3f464000
4023f000
3f3a1000
3faf0000
3facb000
3fc3a000
3f9c4800
3fd9a000
3f8ac800
3fede000
3f809000
4001f000
3f6a2000
400c1000
3f597000
40171000
3f487000
40213000
3f3d5000
402c3000
3f305000
3fbf4000
3fa19000
3fd54000
3f901000
3fe9c000
3f842800
3fffc000
3f715000
400a2000
3f5ef000
40152000
3f4df000
401f6000
3f41a000
402a6000
3f34a000
3fb9c000
3fa5f000
3fcfc000
3f947000
3fe44000
3f870800
3ffa4000
3f771000
40076000
3f633000
40126000
3f523000
401ca000
3f44e000
4027a000
3f37e000
3fb56000
3fab3800
3fcb6000
3f99b800
3fe02000
3f8aa000
3ff62000
3f7e4000
40057000
3f68b000
40107000
3f57b000
401ad000
3f493000
4025d000
3f3c3000
40302000
3f300000
3fc5e000
3f9e1800
3fda8000
3f8db000
3ff0a000
3f820000
4002a000
3f6e7000
400db000
3f5bf000
40180000
3f4c0000
40231000
3f3f7000
402d6000
3f334000
3fc18000
3fa36000
3fd62000
3f92f800
3fec8000
3f859800
40009000
3f75a000
400bc000
3f617000
40161000
3f518000
40214000
3f43c000
402b9000
3f379000
3fbc0000
3fa7c000
3fd0a000
3f975800
3fe70000
3f887800
3ffba000
3f7b6000
40090000
3f65b000
40135000
3f55c000
401e8000
3f470000
4028d000
3f3ad000
3fb7a000
3fad0800
3fcc4000
3f9ca000
3fe2e000
3f8c1000
3ff78000
3f814800
40071000
3f6b3000
40116000
3f5b4000
401cb000
3f4b5000
40270000
3f3f2000
40320000
3f322000
3fc6c000
3fa10000
3fdcc000
3f8f8000
3ff20000
3f842800
40040000
3f715000
400ea000
3f5f8000
4019a000
3f4e8000
40244000
3f426000
402f4000
3f356000
3fc26000
3fa64800
3fd86000
3f94c800
3fede000
3f87c000
4001f000
3f788000
400cb000
3f650000
4017b000
3f540000
40227000
3f46b000
402d7000
3f39b000
3fbce000
3faaa800
3fd2e000
3f992800
3fe86000
3f8aa000
3ffe6000
3f7e4000
4009f000
3f694000
4014f000
3f584000
401fb000
3f49f000
402ab000
3f3cf000
3fb88000
3faff000
3fce8000
3f9e7000
3fe44000
3f8e3800
3ffa4000
3f82b800
40080000
3f6ec000
40130000
3f5dc000
401d5000
3f4dd000
4028e000
3f414000
40333000
3f351000
3fc90000
3fa2d000
3fdda000
3f926800
3ff4c000
3f859800
4004b000
3f75a000
40104000
3f620000
401a9000
3f521000
40262000
3f448000
40307000
3f385000
3fc4a000
3fa81800
3fd94000
3f97b000
3ff0a000
3f893000
4002a000
3f7cd000
400e5000
3f678000
4018a000
3f579000
40245000
3f48d000
402ea000
3f3ca000
3fbf2000
3fac7800
3fd3c000
3f9c1000
3feb2000
3f8c1000
3fffc000
3f814800
400b9000
3f6bc000
4015e000
3f5bd000
40219000
3f4c1000
402be000
3f3fe000
3fbac000
3fb1c000
3fcf6000
3fa15800
3fe70000
3f8fa800
3ffba000
3f84e000
4009a000
3f714000
4013f000
3f615000
401ef000
3f505000
402a1000
3f443000
40351000
3f373000
3fc9e000
3fa5b800
3fdfe000
3f943800
3ff62000
3f87c000
40061000
3f788000
40113000
3f659000
401c3000
3f549000
40275000
3f477000
40325000
3f3a7000
3fc58000
3fab0000
3fdb8000
3f998000
3ff20000
3f8b5800
40040000
3f7fb000
400f4000
3f6b1000
401a4000
3f5a1000
40258000
3f4bc000
40308000
3f3ec000
3fc00000
3faf6000
3fd60000
3f9de000
3fec8000
3f8e3800
40014000
3f82b800
400c8000
3f6f5000
40178000
3f5e5000
4022c000
3f4f0000
402dc000
3f420000
3fbba000
3fb4a800
3fd1a000
3fa32800
3fe86000
3f91d000
3ffe6000
3f865000
40098000
3f771000
40159000
3f63d000
401fe000
3f53e000
402bf000
3f465000
40364000
3f3a2000
3fcc2000
3fa78800
3fe0c000
3f972000
3ff8e000
3f893000
4006c000
3f7cd000
4012d000
3f681000
401d2000
3f582000
40293000
3f499000
40338000
3f3d6000
3fc7c000
3facd000
3fdc6000
3f9c6800
3ff4c000
3f8cc800
4004b000
3f820000
4010e000
3f6d9000
401b3000
3f5da000
40276000
3f4de000
4031b000
3f41b000
3fc24000
3fb13000
3fd6e000
3fa0c800
3fef4000
3f8fa800
4001f000
3f84e000
400e2000
3f71d000
40187000
3f61e000
4024a000
3f512000
402ef000
3f44f000
3fbde000
3fb67800
3fd28000
3fa61000
3feb2000
3f934000
3fffc000
3f887800
400ae000
3f79f000
40168000
3f676000
40218000
3f566000
402d2000
3f494000
40382000
3f3c4000
3fcd0000
3faa7000
3fe30000
3f98f000
3ffa4000
3f8b5800
40082000
3f7fb000
4013c000
3f6ba000
401ec000
3f5aa000
402a6000
3f4c8000
40356000
3f3f8000
3fc8a000
3fafb800
3fdea000
3f9e3800
3ff62000
3f8ef000
40061000
3f837000
4011d000
3f712000
401cd000
3f602000
40289000
3f50d000
40339000
3f43d000
3fc32000
3fb41800
3fd92000
3fa29800
3ff0a000
3f91d000
40035000
3f865000
400f1000
3f756000
401a1000
3f646000
4025d000
3f541000
4030d000
3f471000
3fbec000
3fb96000
3fd4c000
3fa7e000
3fe96000
3f977800
40014000
3f89e800
400b9000
3f7e4000
40182000
3f69e000
40227000
3f59f000
402f0000
3f4b6000
40395000
3f3f3000
3fcf4000
3fac4000
3fe3e000
3f9bd800
3ffd0000
3f8cc800
4008d000
3f820000
40156000
3f6e2000
401fb000
3f5e3000
402c4000
3f4ea000
40369000
3f427000
3fcae000
3fb18800
3fdf8000
3fa12000
3ff8e000
3f906000
4006c000
3f859800
40137000
3f73a000
401dc000
3f63b000
402a7000
3f52f000
4034c000
3f46c000
3fc56000
3fb5e800
3fda0000
3fa58000
3ff36000
3f934000
40040000
3f887800
4010b000
3f77e000
401b0000
3f67f000
4027b000
3f563000
40320000
3f4a0000
3fc10000
3fbb3000
3fd5a000
3faac800
3feba000
3f994800
4001f000
3f8c1000
400cf000
3f809000
40191000
3f6d7000
40241000
3f5c7000
40303000
3f4e5000
403b3000
3f415000
3fd02000
3faf2800
3fe62000
3f9da800
3ffe6000
3f8ef000
400a3000
3f837000
40165000
3f71b000
40215000
3f60b000
402d7000
3f519000
40387000
3f449000
3fcbc000
3fb47000
3fe1c000
3fa2f000
3ffa4000
3f928800
40082000
3f870800
40146000
3f773000
401f6000
3f663000
402ba000
3f55e000
4036a000
3f48e000
3fc64000
3fb8d000
3fdc4000
3fa75000
3ff4c000
3f956800
40056000
3f89e800
4011a000
3f7b7000
401ca000
3f6a7000
4028e000
3f592000
4033e000
3f4c2000
403e3000
3f3ff000
3fd7c000
3fac5800
3ff02000
3f992000
40032000
3f8e3000
400f5000
3f811000
401a6000
3f6fe000
40269000
3f5d2000
4031a000
3f513000
403dd000
3f432000
3fd14000
3fb17800
3fe9a000
3f9e4000
3fffc000
3f91b000
400c1000
3f849000
40172000
3f74e000
40235000
3f622000
402e6000
3f54f000
403a9000
3f46e000
3fcbe000
3fb78000
3fe44000
3fa44800
3ffaa000
3f95e800
40098000
3f88c800
4014b000
3f7b2000
4020e000
3f686000
402c1000
3f59c000
40384000
3f4bb000
3fc56000
3fbca000
3fddc000
3fa96800
3ff42000
3f996800
40064000
3f8c4800
40117000
3f801000
401da000
3f6d6000
4028d000
3f5d8000
40350000
3f4f7000
40420000
3f407000
3fd86000
3faf7000
3ff26000
3f9af000
4003b000
3f908000
4010b000
3f828000
401b3000
3f73a000
40283000
3f5fa000
4032b000
3f544000
403fb000
3f454000
3fd1e000
3fb49000
3febe000
3fa01000
40007000
3f940000
400d7000
3f860000
4017f000
3f78a000
4024f000
3f64a000
402f7000
3f580000
403c7000
3f490000
3fcc8000
3fba9800
3fe68000
3fa61800
3ffbc000
3f983800
400ae000
3f8a3800
40158000
3f7ee000
40228000
3f6ae000
402d2000
3f5cd000
403a2000
3f4dd000
3fc60000
3fbfb800
3fe00000
3fab3800
3ff54000
3f9bb800
4007a000
3f8db800
40124000
3f81f000
401f4000
3f6fe000
402b7000
3f5d2000
4036e000
3f519000
40431000
3f438000
3fdaa000
3fb14000
3ff30000
3f9e0800
40051000
3f91f000
40114000
3f84d000
401cd000
3f762000
40290000
3f636000
40349000
3f566000
4040c000
3f485000
3fd42000
3fb66000
3fec8000
3fa32800
4001d000
3f957000
400e0000
3f885000
40199000
3f7b2000
4025c000
3f686000
40315000
3f5a2000
403d8000
3f4c1000
3fcec000
3fbc6800
3fe72000
3fa93000
3ffe8000
3f99a800
400b7000
3f8c8800
40172000
3f80b000
40235000
3f6ea000
402f0000
3f5ef000
403b3000
3f50e000
3fc84000
3fc18800
3fe0a000
3fae5000
3ff80000
3f9d2800
40083000
3f900800
4013e000
3f833000
40201000
3f73a000
402d1000
3f5fa000
4037f000
3f54a000
4044f000
3f45a000
3fdb4000
3fb45800
3ff54000
3f9fd800
4005a000
3f944000
4012a000
3f864000
401da000
3f79e000
402aa000
3f65e000
4035a000
3f597000
4042a000
3f4a7000
3fd4c000
3fb97800
3feec000
3fa4f800
40026000
3f97c000
400f6000
3f89c000
401a6000
3f7ee000
40276000
3f6ae000
40326000
3f5d3000
403f6000
3f4e3000
3fcf6000
3fbf8000
3fe96000
3fab0000
3fffa000
3f9bf800
400cd000
3f8df800
4017f000
3f829000
4024f000
3f712000
40301000
3f620000
403d1000
3f530000
3fc8e000
3fc4a000
3fe2e000
3fb02000
3ff92000
3f9f7800
40099000
3f917800
4015c000
3f845800
4021b000
3f762000
402de000
3f636000
4039d000
3f56c000
40460000
3f48b000
3fdd8000
3fb62800
3ff5e000
3fa2f000
40070000
3f95b000
40133000
3f889000
401f4000
3f7c6000
402b7000
3f69a000
40378000
3f5b9000
4043b000
3f4d8000
3fd70000
3fbb4800
3fef6000
3fa81000
4003c000
3f993000
400ff000
3f8c1000
401c0000
3f80b000
40283000
3f6ea000
40344000
3f5f5000
40407000
3f514000
3fd1a000
3fc15000
3fea0000
3fae1800
40013000
3f9d6800
400d6000
3f904800
40199000
3f83d000
4025c000
3f74e000
4031f000
3f642000
403e2000
3f561000
3fcb2000
3fc67000
3fe38000
3fb33800
3ffbe000
3fa0e800
400a2000
3f93c800
40172000
3f85c800
40228000
3f79e000
402f8000
3f65e000
403ae000
3f59d000
4047e000
3f4ad000
3fde2000
3fb94000
3ff82000
3fa4c000
40079000
3f980000
40149000
3f8a0000
40201000
3f801000
402d1000
3f6c2000
40389000
3f5ea000
40459000
3f4fa000
3fd7a000
3fbe6000
3ff1a000
3fa9e000
40045000
3f9b8000
40115000
3f8d8000
401cd000
3f829000
4029d000
3f712000
40355000
3f626000
40425000
3f536000
3fd24000
3fc46800
3fec4000
3fafe800
4001c000
3f9fb800
400ec000
3f91b800
401a6000
3f85b000
40276000
3f776000
40330000
3f673000
40400000
3f583000
3fcbc000
3fc98800
3fe5c000
3fb50800
3ffe2000
3fa1d000
400b8000
3f953800
4017b000
3f881800
40242000
3f7c6000
40305000
3f69a000
403cc000
3f5bf000
4048f000
3f4de000
3fe06000
3fbb1000
3ff8c000
3fa7d800
4008f000
3f997000
40152000
3f8c5000
4021b000
3f815000
402de000
3f6fe000
403a7000
3f60c000
4046a000
3f52b000
3fd9e000
3fc03000
3ff24000
3facf800
4005b000
3f9cf000
4011e000
3f8fd000
401e7000
3f83d000
402aa000
3f74e000
40373000
3f648000
40436000
3f567000
3fd48000
3fc63800
3fece000
3fb30000
40032000
3fa12800
400f5000
3f940800
401c0000
3f86f000
40283000
3f7b2000
4034e000
3f695000
40411000
3f5b4000
3fce0000
3fcb5800
3fe66000
3fb82000
40003000
3fa3a000
400c1000
3f978800
40191000
3f898800
4024f000
3f801000
4031f000
3f6c2000
403dd000
3f5f0000
404ad000
3f500000
3fe10000
3fbe2800
3ffb0000
3fa9a800
40098000
3f9bc000
40168000
3f8dc000
40228000
3f833000
402f8000
3f726000
403b8000
3f63d000
40488000
3f54d000
3fda8000
3fc34800
3ff48000
3faec800
40064000
3f9f4000
40134000
3f914000
401f4000
3f85b000
402c4000
3f776000
40384000
3f679000
40454000
3f589000
3fd52000
3fc95000
3fef2000
3fb4d000
4003b000
3fa37800
4010b000
3f957800
401cd000
3f88d000
4029d000
3f7da000
4035f000
3f6c6000
4042f000
3f5d6000
404f2000
3f4f5000
3fe8a000
3fb9f000
40008000
3fa6b800
400d7000
3f98f800
4019a000
3f8bd800
40269000
3f815000
4032c000
3f6fe000
403fb000
3f612000
404be000
3f531000
3fe34000
3fbff800
3ffba000
3facc000
400ae000
3f9d3000
40171000
3f901000
40242000
3f847000
40305000
3f762000
403d6000
3f65f000
40499000
3f57e000
3fdcc000
3fc51800
3ff52000
3fb1e000
4007a000
3fa0b000
4013d000
3f939000
4020e000
3f86f000
402d1000
3f7b2000
403a2000
3f69b000
40465000
3f5ba000
3fd76000
3fcb2000
3fefc000
3fb7e800
40051000
3fa4e800
40114000
3f97c800
401e7000
3f8a1000
402aa000
3f80b000
4037d000
3f6e8000
40440000
3f607000
40510000
3f517000
3fe94000
3fbd0800
4001a000
3fa88800
400e0000
3f9b4800
401b0000
3f8d4800
40276000
3f833000
40346000
3f726000
4040c000
3f643000
404dc000
3f553000
3fe3e000
3fc31000
3ffde000
3fae9000
400b7000
3f9f8000
40187000
3f918000
4024f000
3f865000
4031f000
3f78a000
403e7000
3f690000
404b7000
3f5a0000
3fdd6000
3fc83000
3ff76000
3fb3b000
40083000
3fa30000
40153000
3f950000
4021b000
3f88d000
402eb000
3f7da000
403b3000
3f6cc000
40483000
3f5dc000
3fd80000
3fce3800
3ff20000
3fb9b800
4005a000
3fa73800
4012a000
3f993800
401f4000
3f8bf000
402c4000
3f81f000
40387000
3f712000
4045e000
3f629000
40521000
3f548000
3feb8000
3fbed800
4001f000
3faba000
400f6000
3f9cb800
401b9000
3f8f9800
40290000
3f847000
40353000
3f762000
4042a000
3f665000
404ed000
3f584000
3fe62000
3fc4e000
3ffe8000
3fb1a800
400cd000
3fa0f000
40190000
3f93d000
40269000
3f879000
4032c000
3f7c6000
40405000
3f6b2000
404c8000
3f5d1000
3fdfa000
3fca0000
3ff80000
3fb6c800
40099000
3fa47000
4015c000
3f975000
40235000
3f8a1000
402f8000
3f80b000
403d1000
3f6ee000
40494000
3f60d000
3fda4000
3fd00800
3ff2a000
3fbcd000
40070000
3fa8a800
40133000
3f9b8800
4020e000
3f8d3000
402d1000
3f83d000
403a1000
3f73a000
4046f000
3f65a000
4053f000
3f56a000
3fec2000
3fc1f000
40031000
3fad7000
400ff000
3f9f0800
401cf000
3f910800
4029d000
3f865000
4036d000
3f78a000
4043b000
3f696000
4050b000
3f5a6000
3fe6c000
3fc7f800
40006000
3fb37800
400d6000
3fa34000
401a6000
3f954000
40276000
3f897000
40346000
3f7ee000
40416000
3f6e3000
404e6000
3f5f3000
3fe04000
3fcd1800
3ffa4000
3fb89800
400a2000
3fa6c000
40172000
3f98c000
40242000
3f8bf000
40312000
3f81f000
403e2000
3f71f000
404b2000
3f62f000
3fdae000
3fd32000
3ff4e000
3fbea000
40079000
3faaf800
40149000
3f9cf800
4020c000
3f8fd800
402eb000
3f851000
403ae000
3f776000
4048d000
3f67c000
40550000
3f59b000
3fee6000
3fc3c000
40036000
3fb08800
40115000
3fa07800
401d8000
3f935800
402b7000
3f879000
4037a000
3f7c6000
40459000
3f6b8000
4051c000
3f5d7000
3fe90000
3fc9c800
4000b000
3fb69000
400ec000
3fa4b000
401af000
3f979000
40290000
3f8ab000
40353000
3f815000
40434000
3f705000
404f7000
3f624000
3fe28000
3fcee800
3ffae000
3fbbb000
400b8000
3fa83000
4017b000
3f9b1000
4025c000
3f8d3000
4031f000
3f83d000
40400000
3f741000
404c3000
3f660000
3fdd2000
3fd4f000
3ff58000
3fc1b800
4008f000
3fac6800
40152000
3f9f4800
40222000
3f914800
402f8000
3f86f000
403c8000
3f79e000
4049e000
3f6ad000
4056e000
3f5bd000
3fef0000
3fc6d800
40048000
3fb25800
4011e000
3fa2c800
401ee000
3f94c800
402c4000
3f897000
40394000
3f7ee000
4046a000
3f6e9000
4053a000
3f5f9000
3fe9a000
3fcce000
4001d000
3fb86000
400f5000
3fa70000
401c5000
3f990000
4029d000
3f8c9000
4036d000
3f829000
40445000
3f736000
40515000
3f646000
3fe32000
3fd20000
3ffd2000
3fbd8000
400c1000
3faa8000
40191000
3f9c8000
40269000
3f8f1000
40339000
3f851000
40411000
3f772000
404e1000
3f682000
3fddc000
3fd80800
3ff7c000
3fc38800
40081000
3fb05000
40168000
3fa0b800
4022b000
3f939800
40312000
3f883000
403d5000
3f7da000
404bc000
3f6cf000
4057f000
3f5ee000
3ff14000
3fc8a800
4004d000
3fb57000
40134000
3fa43800
401f7000
3f971800
402de000
3f8ab000
403a1000
3f815000
40488000
3f70b000
4054b000
3f62a000
3febe000
3fceb000
40022000
3fbb7800
4010b000
3fa87000
401ce000
3f9b5000
402b7000
3f8dd000
4037a000
3f847000
40463000
3f758000
40526000
3f677000
3fe56000
3fd3d000
3ffdc000
3fc09800
400d7000
3fabf000
4019a000
3f9ed000
40283000
3f905000
40346000
3f86f000
4042f000
3f794000
404f2000
3f6b3000
3fe00000
3fd9d800
3ff86000
3fc6a000
40093000
3fb22000
40171000
3fa30800
40241000
3f950800
4031f000
3f8a1000
403ef000
3f801000
404cd000
3f700000
4059d000
3f610000
3ff1e000
3fcbc000
4005f000
3fb74000
4013d000
3fa68800
4020d000
3f988800
402eb000
3f8c9000
403bb000
3f829000
40499000
3f73c000
40569000
3f64c000
3fec8000
3fd1c800
40034000
3fbd4800
40114000
3faac000
401e4000
3f9cc000
402c4000
3f8fb000
40394000
3f85b000
40474000
3f789000
40544000
3f699000
3fe60000
3fd6e800
40000000
3fc26800
400e0000
3fae4000
401b0000
3fa04000
40290000
3f923000
40360000
3f883000
40440000
3f7c5000
40510000
3f6d5000
405d3000
3f5f4000
3ffaa000
3fc87000
40098000
3fb53800
40187000
3fa47800
4024a000
3f975800
40339000
3f8b5000
403fc000
3f81f000
404eb000
3f722000
405ae000
3f641000
3ff42000
3fcd9000
40064000
3fba5800
40153000
3fa7f800
40216000
3f9ad800
40305000
3f8dd000
403c8000
3f847000
404b7000
3f75e000
4057a000
3f67d000
3feca000
3fd51800
40046000
3fbe9800
40117000
3fadd000
401f8000
3f9ed000
402c9000
3f91b000
403aa000
3f86e800
4047b000
3f7c6000
4055c000
3f6c7000
3fe52000
3fdb1800
4000a000
3fc49800
400db000
3fb1d000
401bc000
3fa2d000
4028d000
3f949000
4036e000
3f89c800
4043f000
3f805000
40520000
3f70b000
40610000
3f5fb000
3ffae000
3fcb8000
400c7000
3fb38000
4018b000
3fa78800
4027b000
3f978800
4033f000
3f8d4800
4042f000
3f81c800
404f3000
3f760000
405e3000
3f650000
3ff36000
3fd18000
4008b000
3fb98000
4014f000
3fab8800
4023f000
3f9b8800
40303000
3f902800
403f3000
3f84a800
404b7000
3f7a4000
405a7000
3f694000
3fed0000
3fd86800
40058000
3fc06800
4011e000
3fb04000
4020e000
3fa04000
402d4000
3f93a800
403c4000
3f882800
4048a000
3f7f9000
4057a000
3f6e9000
3fe58000
3fde6800
4001c000
3fc66800
400e2000
3fb44000
401d2000
3fa44000
40298000
3f968800
40388000
3f8b0800
40469000
3f804000
4053e000
3f72d000
4061f000
3f62e000
3ffd2000
3fcd5000
400ca000
3fb6d000
401a1000
3fa8f800
40282000
3f99f800
40359000
3f8e8800
4043a000
3f83c000
40511000
3f782000
405f2000
3f683000
3ff5a000
3fd35000
4008e000
3fbcd000
40165000
3facf800
40246000
3f9df800
4031d000
3f916800
403fe000
3f86a000
404d5000
3f7c6000
405b6000
3f6c7000
3fef4000
3fda3800
4005b000
3fc3b800
40134000
3fb1b000
40215000
3fa2b000
402ee000
3f94e800
403cf000
3f8a2000
404a8000
3f80d800
40589000
3f71c000
3fe7c000
3fe03800
4001f000
3fc9b800
400f8000
3fb5b000
401d9000
3fa6b000
402b2000
3f97c800
40393000
3f8d0000
40483000
3f818000
4054d000
3f760000
4063d000
3f650000
3ffd8000
3fd0a000
400dc000
3fb8a000
401a8000
3fab6800
40298000
3f9b6800
40364000
3f908000
40454000
3f850000
40520000
3f7b5000
40610000
3f6a5000
3ff60000
3fd6a000
400a0000
3fbea000
4016c000
3faf6800
4025c000
3f9f6800
40328000
3f936000
40418000
3f87e000
404e4000
3f7f9000
405d4000
3f6e9000
3fefa000
3fdd8800
4006d000
3fc58800
4013b000
3fb42000
4022b000
3fa42000
402f9000
3f96e000
403e9000
3f8b6000
404b7000
3f827000
405a7000
3f73e000
3fe82000
3fe38800
40031000
3fcb8800
400ff000
3fb82000
401ef000
3fa82000
402d0000
3f992000
403ad000
3f8e4000
4048e000
3f837800
4056b000
3f782000
4064c000
3f683000
3fffc000
3fd27000
400df000
3fbbf000
401be000
3facd800
4029f000
3f9dd800
4037e000
3f91c000
4045f000
3f86f800
4053e000
3f7d7000
4061f000
3f6d8000
3ff84000
3fd87000
400a3000
3fc1f000
40182000
3fb0d800
40263000
3fa1d800
40342000
3f94a000
40423000
3f89d800
40502000
3f80d800
405e3000
3f71c000
3ff1e000
3fdf5800
40070000
3fc8d800
40151000
3fb59000
40232000
3fa69000
40313000
3f982000
403f4000
3f8d5800
404d5000
3f838000
405b6000
3f771000
3fea6000
3fe55800
40034000
3fced800
40115000
3fb99000
401f6000
3faa9000
402e6000
3f9a9000
403b8000
3f903800
404a8000
3f84b800
4057a000
3f7b5000
4066a000
3f6a5000
40001000
3fd5c000
400f1000
3fbdc000
401c5000
3faf4800
402b5000
3f9f4800
40389000
3f93b800
40479000
3f883800
4054d000
3f805000
4063d000
3f6fa000
3ff8a000
3fdbc000
400b5000
3fc3c000
40189000
3fb34800
40279000
3fa34800
4034d000
3f969800
4043d000
3f8b1800
40511000
3f827000
40601000
3f73e000
3ff24000
3fe2a800
40082000
3fcaa800
40158000
3fb80000
40248000
3fa80000
4031e000
3f9a1800
4040e000
3f8e9800
404e4000
3f851800
405d4000
3f793000
3feac000
3fe8a800
40046000
3fd0a800
40127000
3fba2800
4020c000
3fac0000
402ed000
3f9d0000
403d2000
3f917800
404b3000
3f86b000
40598000
3f7d7000
40679000
3f6d8000
40013000
3fd79000
400f4000
3fc11000
401db000
3fb0b800
402bc000
3fa1b800
403a3000
3f94f800
40484000
3f8a3000
4056b000
3f816000
4064c000
3f72d000
3ffae000
3fdd9000
400b8000
3fc71000
4019f000
3fb4b800
40280000
3fa5b800
40367000
3f97d800
40448000
3f8d1000
4052f000
3f838000
40610000
3f771000
3ff48000
3fe47800
40085000
3fcdf800
4016e000
3fb97000
4024f000
3faa7000
40338000
3f9b5800
40419000
3f909000
40502000
3f862800
405e3000
3f7c6000
3fed0000
3fea7800
40049000
3fd3f800
40139000
3fbbf800
40213000
3fae7000
40303000
3f9e7000
403dd000
3f937000
404cd000
3f87f000
405a7000
3f805000
40697000
3f6fa000
40016000
3fdae000
40106000
3fc2e000
401e2000
3fb32800
402d2000
3fa32800
403ae000
3f96f000
4049e000
3f8b7000
4057a000
3f82f800
4066a000
3f74f000
3ffb4000
3fe0e000
400ca000
3fc8e000
401a6000
3fb72800
40296000
3fa72800
40372000
3f99d000
40462000
3f8e5000
4053e000
3f851800
4062e000
3f793000
3ff4e000
3fe7c800
40097000
3fcfc800
40175000
3fbbe000
40265000
3fabe000
40343000
3f9d5000
40433000
3f91d000
40511000
3f87c000
40601000
3f7e8000
406e2000
3f6e9000
4005b000
3fd5c800
4013c000
3fbf4800
40229000
3fafe000
4030a000
3fa0e000
403f7000
3f94b000
404d8000
3f89e800
405c5000
3f816000
406a6000
3f72d000
40028000
3fdcb000
40109000
3fc63000
401f8000
3fb49800
402d9000
3fa59800
403c8000
3f983000
404a9000
3f8d6800
40598000
3f840800
40679000
3f782000
3ffd8000
3fe2b000
400cd000
3fcc3000
401bc000
3fb89800
4029d000
3fa99800
4038c000
3f9b1000
4046d000
3f904800
4055c000
3f862800
4063d000
3f7c6000
3ff72000
3fe99800
4009a000
3fd31800
4018b000
3fbd5000
4026c000
3fae5000
4035d000
3f9e9000
4043e000
3f93c800
4052f000
3f88d000
40610000
3f80d800
40700000
3f70b000
4005e000
3fd91800
4014e000
3fc11800
40230000
3fb25000
40320000
3fa25000
40402000
3f96a800
404f2000
3f8b2800
405d4000
3f82f800
406c4000
3f74f000
4002b000
3fe00000
4011b000
3fc80000
401ff000
3fb70800
402ef000
3fa70800
403d3000
3f9a2800
404c3000
3f8ea800
405a7000
3f85a000
40697000
3f7a4000
3ffde000
3fe60000
400df000
3fce0000
401c3000
3fbb0800
402b3000
3fab0800
40397000
3f9d0800
40487000
3f918800
4056b000
3f87c000
4065b000
3f7e8000
3ff78000
3fece800
400ac000
3fd4e800
40192000
3fbfc000
40282000
3fafc000
40368000
3fa08800
40458000
3f950800
40539000
3f8a4000
4062e000
3f81e800
4070f000
3f73e000
40070000
3fdae800
40151000
3fc46800
40246000
3fb3c000
40327000
3fa4c000
4041c000
3f97e800
404fd000
3f8d2000
405f2000
3f840800
406d3000
3f782000
4003d000
3fe1d000
4011e000
3fcb5000
40215000
3fb87800
402f6000
3fa97800
403ed000
3f9b6800
404ce000
3f90a000
405c5000
3f86b000
406a6000
3f7d7000
40001000
3fe7d000
400e2000
3fd15000
401d9000
3fbc7800
402ba000
3fad7800
403b1000
3f9e4800
40492000
3f938000
40589000
3f88d000
4066a000
3f80d800
3ff9c000
3feeb800
400af000
3fd83800
401a8000
3fc13000
40289000
3fb23000
40382000
3fa1c800
40463000
3f970000
40553000
3f8b8000
4063d000
3f838000
4072d000
3f760000
40073000
3fde3800
40163000
3fc63800
4024d000
3fb63000
4033d000
3fa63000
40427000
3f99e000
40517000
3f8e6000
40601000
3f85a000
406f1000
3f7a4000
40040000
3fe52000
40130000
3fcd2000
4021c000
3fbae800
4030c000
3faae800
403f8000
3f9d6000
404e8000
3f91e000
405d4000
3f884800
406c4000
3f7f9000
40004000
3feb2000
400f4000
3fd32000
401e0000
3fbee800
402d0000
3faee800
403bc000
3fa04000
404ac000
3f94c000
40598000
3f8a6800
40688000
3f81e800
3ffa2000
3ff20800
400c1000
3fda0800
401af000
3fc3a000
4029f000
3fb3a000
40380000
3fa4a000
4047d000
3f984000
4055e000
3f8d7800
4065b000
3f849000
4073c000
3f793000
40085000
3fe00800
40166000
3fc98800
40263000
3fb7a000
40344000
3fa8a000
40441000
3f9b2000
40522000
3f905800
4061f000
3f86b000
40700000
3f7d7000
40052000
3fe6f000
40133000
3fd07000
40232000
3fbc5800
40313000
3fad5800
40412000
3f9ea000
404f3000
3f93d800
405f2000
3f895800
406d3000
3f816000
40016000
3fecf000
400f7000
3fd67000
401f6000
3fc05800
402d7000
3fb15800
403d6000
3fa18000
404b7000
3f96b800
405b6000
3f8b7800
40697000
3f838000
3ffc6000
3ff3d800
400c4000
3fdd5800
401c5000
3fc51000
402a6000
3fb61000
40396000
3fa61000
40488000
3f9a3800
40578000
3f8eb800
4066a000
3f862800
4075a000
3f7b5000
40088000
3fe35800
40178000
3fcb5800
4026a000
3fba1000
4035a000
3faa1000
4044c000
3f9d1800
4053c000
3f919800
4062e000
3f884800
4071e000
3f7f9000
40055000
3fea4000
40145000
3fd24000
40239000
3fbec800
40329000
3faec800
4041d000
3fa09800
4050d000
3f951800
40601000
3f8af000
406f1000
3f827000
40019000
3ff04000
40109000
3fd84000
401fd000
3fc2c800
402ed000
3fb2c800
403e1000
3fa37800
404d1000
3f97f800
405c5000
3f8d1000
406b5000
3f849000
3ffcc000
3ff72800
400d6000
3fdf2800
401b7000
3fc8a800
402bc000
3fb78000
4039d000
3fa88000
404a2000
3f9b7800
40583000
3f90b000
40688000
3f873800
40769000
3f7e8000
4009a000
3fe52800
4017b000
3fcea800
40280000
3fbb8000
40361000
3fac8000
40466000
3f9e5800
40547000
3f939000
4064c000
3f895800
4072d000
3f816000
40067000
3fec1000
40148000
3fd59000
4024f000
3fc03800
40330000
3fb13800
40437000
3fa1d800
40518000
3f971000
4061f000
3f8c0000
40700000
3f840800
4002b000
3ff21000
4010c000
3fdb9000
40213000
3fc43800
402f4000
3fb53800
403fb000
3fa4b800
404dc000
3f99f000
405e3000
3f8e2000
406c4000
3f862800
3fff0000
3ff8f800
400d9000
3fe27800
401c9000
3fca7800
402c3000
3fb9f000
403b3000
3fa9f000
404ad000
3f9d7000
4059d000
3f91f000
40697000
3f88d000
40787000
3f805000
4009d000
3fe87800
4018d000
3fd07800
40287000
3fbdf000
40377000
3fadf000
40471000
3fa05000
40561000
3f94d000
4065b000
3f8af000
4074b000
3f827000
4006a000
3fef6000
4015a000
3fd76000
40256000
3fc2a800
40346000
3fb2a800
40442000
3fa3d000
40532000
3f985000
4062e000
3f8d9800
4071e000
3f851800
4002e000
3ff56000
4011e000
3fdd6000
4021a000
3fc6a800
4030a000
3fb6a800
40406000
3fa6b000
404f6000
3f9b3000
405f2000
3f8fb800
406e2000
3f873800
407c3000
3f7e8000
400eb000
3fe44800
401cc000
3fcdc800
402d9000
3fbb6000
403ba000
3fac6000
404c7000
3f9eb000
405a8000
3f93e800
406b5000
3f89e000
40796000
3f81e800
400af000
3fea4800
40190000
3fd3c800
4029d000
3fbf6000
4037e000
3fb06000
4048b000
3fa19000
4056c000
3f96c800
40679000
3f8c0000
4075a000
3f840800
4007c000
3ff13000
4015d000
3fdab000
4026c000
3fc41800
4034d000
3fb51800
4045c000
3fa51000
4053d000
3f9a4800
4064c000
3f8ea800
4072d000
3f86b000
40040000
3ff73000
40121000
3fe0b000
40230000
3fc81800
40311000
3fb91800
40420000
3fa7f000
40501000
3f9d2800
40610000
3f90c800
406f1000
3f88d000
407e1000
3f805000
3f8ee000
3f679000
3fa0e000
3f4a9000
3fade000
3f3ef000
3fbfe000
3f2bf000
3fcce000
3f20d000
3fdee000
3f12d000
3febe000
3f0c2000
3ffde000
3f022000
3f8a6000
3f6ed000
3f9c6000
3f51d000
3fa96000
3f43b000
3fbb6000
3f30b000
3fc86000
3f245000
3fda6000
3f165000
3fe76000
3f0ea000
3ff96000
3f04a000
3f870000
3f77e000
3f990000
3f5ae000
3fa64000
3f49e000
3fb84000
3f36e000
3fc58000
3f291000
3fd78000
3f1b1000
3fe4c000
3f123000
3ff6c000
3f083000
3f828000
3f7f2000
3f948000
3f622000
3fa1c000
3f4ea000
3fb3c000
3f3ba000
3fc10000
3f2c9000
3fd30000
3f1e9000
3fe3e000
3f117000
3ff24000
3f0ab000
40019000
3f015000
3f912000
3f6b3000
3fa20000
3f500000
3fb0a000
3f41d000
3fc18000
3f300000
3fd02000
3f235000
3fe10000
3f163000
3fefa000
3f0e4000
40004000
3f04e000
3f8ca000
3f727000
3f9d8000
3f574000
3fac2000
3f469000
3fbd0000
3f34c000
3fcba000
3f26d000
3fdc8000
3f19b000
3feb2000
3f10c000
3ffc0000
3f076000
3f894000
3f7b8000
3f9a2000
3f605000
3fa90000
3f4cc000
3fb9e000
3f3af000
3fc8c000
3f2b9000
3fd9a000
3f1e7000
3fe88000
3f145000
3ff96000
3f0af000
3f84c000
3f816000
3f95a000
3f679000
3fa48000
3f518000
3fb56000
3f3fb000
3fc44000
3f2f1000
3fd52000
3f21f000
3fe72000
3f13f000
3ff4e000
3f0d7000
40037000
3f037000
3f924000
3f70a000
3fa44000
3f53a000
3fb24000
3f45e000
3fc44000
3f32e000
3fd24000
3f26b000
3fe44000
3f18b000
3ff24000
3f110000
40022000
3f070000
3f8dc000
3f77e000
3f9fc000
3f5ae000
3fadc000
3f4aa000
3fbfc000
3f37a000
3fcdc000
3f2a3000
3fdfc000
3f1c3000
3fedc000
3f138000
3fffc000
3f098000
3f8a6000
3f807800
3f9c6000
3f63f000
3faaa000
3f50d000
3fbca000
3f3dd000
3fcae000
3f2ef000
3fdce000
3f20f000
3feb2000
3f171000
3ffd2000
3f0d1000
3f85e000
3f841800
3f97e000
3f6b3000
3fa62000
3f559000
3fb82000
3f429000
3fc90000
3f30c000
3fd86000
3f247000
3fe94000
3f175000
3ff8a000
3f0f9000
4004c000
3f063000
3f948000
3f744000
3fa56000
3f591000
3fb50000
3f48c000
3fc5e000
3f36f000
3fd58000
3f293000
3fe66000
3f1c1000
3ff60000
3f132000
40037000
3f09c000
3f900000
3f7b8000
3fa0e000
3f605000
3fb08000
3f4d8000
3fc16000
3f3bb000
3fd10000
3f2cb000
3fe1e000
3f1f9000
3ff18000
3f15a000
40013000
3f0c4000
3f8ca000
3f824800
3f9d8000
3f696000
3fad6000
3f53b000
3fbe4000
3f41e000
3fce2000
3f317000
3fdf0000
3f245000
3feee000
3f193000
3fffc000
3f0fd000
3f882000
3f85e800
3f990000
3f70a000
3fa8e000
3f587000
3fb9c000
3f46a000
3fcbc000
3f33a000
3fda8000
3f27d000
3fec8000
3f19d000
3ffb4000
3f125000
4006a000
3f085000
3f95a000
3f79b000
3fa7a000
3f5cb000
3fb6a000
3f4cd000
3fc8a000
3f39d000
3fd7a000
3f2c9000
3fe9a000
3f1e9000
3ff8a000
3f15e000
40055000
3f0be000
3f912000
3f807800
3fa32000
3f63f000
3fb22000
3f519000
3fc42000
3f3e9000
3fd32000
3f301000
3fe52000
3f221000
3ff42000
3f186000
40031000
3f0e6000
3f8dc000
3f850000
3f9fc000
3f6d0000
3faf0000
3f57c000
3fc10000
3f44c000
3fd04000
3f34d000
3fe24000
3f26d000
3ff18000
3f1bf000
4001c000
3f11f000
3f894000
3f88a000
3f9b4000
3f744000
3fac2000
3f591000
3fbc8000
3f498000
3fcd6000
3f37b000
3fddc000
3f2a5000
3feea000
3f1d3000
3fff0000
3f147000
4007f000
3f0b1000
3f97e000
3f7d5000
3fa8c000
3f622000
3fb96000
3f4fb000
3fca4000
3f3de000
3fdae000
3f2f1000
3febc000
3f21f000
3ffc6000
3f180000
4006a000
3f0ea000
3f936000
3f824800
3fa44000
3f696000
3fb4e000
3f547000
3fc5c000
3f42a000
3fd66000
3f329000
3fe74000
3f257000
3ff7e000
3f1a8000
40046000
3f112000
3f900000
3f86d000
3fa0e000
3f727000
3fb1c000
3f5aa000
3fc2a000
3f48d000
3fd38000
3f375000
3fe46000
3f2a3000
3ff54000
3f1e1000
40031000
3f14b000
3f8b8000
3f8a7000
3f9c6000
3f79b000
3fae6000
3f5cb000
3fbe2000
3f4d9000
3fd02000
3f3a9000
3fdfe000
3f2db000
3ff1e000
3f1fb000
4000d000
3f173000
4009d000
3f0d3000
3f990000
3f816000
3fab0000
3f65c000
3fbb0000
3f53c000
3fcd0000
3f40c000
3fdd0000
3f327000
3fef0000
3f247000
3fff0000
3f1ac000
40088000
3f10c000
3f948000
3f850000
3fa68000
3f6d0000
3fb68000
3f588000
3fc88000
3f458000
3fd88000
3f35f000
3fea8000
3f27f000
3ffa8000
3f1d4000
40064000
3f134000
3f912000
3f898800
3fa32000
3f761000
3fb36000
3f5eb000
3fc56000
3f4bb000
3fd5a000
3f3ab000
3fe7a000
3f2cb000
3ff7e000
3f20d000
4004f000
3f16d000
400d6000
3f0d7000
3f9ea000
3f7d5000
3faf8000
3f622000
3fc0e000
3f507000
3fd1c000
3f3ea000
3fe32000
3f303000
3ff40000
3f231000
4002b000
3f195000
400b2000
3f0ff000
3f9b4000
3f833000
3fac2000
3f6b3000
3fbdc000
3f56a000
3fcea000
3f44d000
3fe04000
3f34f000
3ff12000
3f27d000
40016000
3f1ce000
4009d000
3f138000
3f96c000
3f86d000
3fa7a000
3f727000
3fb94000
3f5b6000
3fca2000
3f499000
3fdbc000
3f387000
3feca000
3f2b5000
3ffe4000
3f1f6000
40079000
3f160000
3f936000
3f8b5800
3fa44000
3f7b8000
3fb62000
3f619000
3fc70000
3f4fc000
3fd8e000
3f3d3000
3fe9c000
3f301000
3ffba000
3f22f000
40064000
3f199000
400f4000
3f0f9000
3f9fc000
3f816000
3fb1c000
3f65c000
3fc28000
3f548000
3fd48000
3f418000
3fe54000
3f339000
3ff74000
3f259000
40040000
3f1c1000
400d0000
3f121000
3f9c6000
3f85e800
3fae6000
3f6ed000
3fbf6000
3f5ab000
3fd16000
3f47b000
3fe26000
3f385000
3ff46000
3f2a5000
4002b000
3f1fa000
400bb000
3f15a000
3f97e000
3f898800
3fa9e000
3f761000
3fbae000
3f5f7000
3fcce000
3f4c7000
3fdde000
3f3bd000
3fefe000
3f2dd000
40007000
3f222000
40097000
3f182000
3f948000
3f8e1000
3fa68000
3f7f2000
3fb7c000
3f65a000
3fc9c000
3f52a000
3fdb0000
3f409000
3fed0000
3f329000
3ffde000
3f257000
40082000
3f1bb000
40109000
3f125000
3fa20000
3f833000
3fb2e000
3f6b3000
3fc54000
3f576000
3fd62000
3f459000
3fe88000
3f361000
3ff96000
3f28f000
4005e000
3f1e3000
400e5000
3f14d000
3f9ea000
3f87b800
3faf8000
3f744000
3fc22000
3f5d9000
3fd30000
3f4bc000
3fe5a000
3f3ad000
3ff68000
3f2db000
40049000
3f21c000
400d0000
3f186000
3f9a2000
3f8b5800
3fab0000
3f7b8000
3fbda000
3f625000
3fce8000
3f508000
3fe12000
3f3e5000
3ff20000
3f313000
40025000
3f244000
400ac000
3f1ae000
3f96c000
3f8fe000
3fa7a000
3f824800
3fba8000
3f688000
3fcb6000
3f56b000
3fde4000
3f431000
3fef2000
3f35f000
40009000
3f27f000
40097000
3f1e7000
40127000
3f147000
3fa32000
3f85e800
3fb52000
3f6ed000
3fc6e000
3f5b7000
3fd8e000
3f487000
3feaa000
3f397000
3ffca000
3f2b7000
40073000
3f20f000
40103000
3f16f000
3f9fc000
3f8a7000
3fb1c000
3f77e000
3fc3c000
3f61a000
3fd5c000
3f4ea000
3fe7c000
3f3e3000
3ff9c000
3f303000
4005e000
3f248000
400ee000
3f1a8000
3f9b4000
3f8e1000
3fad4000
3f7f2000
3fbf4000
3f666000
3fd14000
3f536000
3fe34000
3f41b000
3ff54000
3f33b000
4003a000
3f270000
400ca000
3f1d0000
3f97e000
3f929800
3fa9e000
3f841800
3fbc2000
3f6c9000
3fce2000
3f599000
3fdf0000
3f47c000
3ff26000
3f387000
4001a000
3f2b5000
400b5000
3f209000
4013c000
3f173000
3fa56000
3f87b800
3fb64000
3f744000
3fc9a000
3f5e5000
3fda8000
3f4c8000
3fede000
3f3bf000
3ffec000
3f2ed000
40091000
3f231000
40118000
3f19b000
3fa20000
3f8c4000
3fb2e000
3f7d5000
3fc68000
3f648000
3fd76000
3f52b000
3feb0000
3f40b000
3ffbe000
3f339000
4007c000
3f26a000
40103000
3f1d4000
3f9d8000
3f8fe000
3fae6000
3f824800
3fc20000
3f694000
3fd2e000
3f577000
3fe68000
3f443000
3ff76000
3f371000
40058000
3f292000
400df000
3f1fc000
3f9a2000
3f946800
3fab0000
3f86d000
3fbee000
3f6f7000
3fcfc000
3f5da000
3fe1c000
3f4aa000
3ff48000
3f3bd000
40034000
3f2dd000
400ca000
3f235000
4015a000
3f195000
3fa68000
3f8a7000
3fb88000
3f77e000
3fcb4000
3f626000
3fdd4000
3f4f6000
3ff00000
3f3f5000
40010000
3f315000
400a6000
3f25d000
40136000
3f1bd000
3fa32000
3f8ef800
3fb52000
3f807800
3fc82000
3f689000
3fda2000
3f559000
3fed2000
3f441000
3fff2000
3f361000
40091000
3f296000
40121000
3f1f6000
3f9ea000
3f929800
3fb0a000
3f841800
3fc3a000
3f6d5000
3fd5a000
3f5a5000
3fe8a000
3f479000
3ffaa000
3f399000
4006d000
3f2be000
400fd000
3f21e000
3f9b4000
3f972000
3fad4000
3f88a000
3fbe2000
3f761000
3fd28000
3f608000
3fe36000
3f4eb000
3ff7c000
3f3e5000
40045000
3f313000
400e8000
3f257000
4016f000
3f1c1000
3fa8c000
3f8c4000
3fb9a000
3f7d5000
3fce0000
3f654000
3fdee000
3f537000
3ff34000
3f41d000
40021000
3f34b000
400c4000
3f27f000
4014b000
3f1e9000
3fa56000
3f90c800
3fb64000
3f833000
3fcae000
3f6b7000
3fdbc000
3f59a000
3ff06000
3f469000
4000a000
3f397000
400af000
3f2b8000
40136000
3f222000
3fa0e000
3f946800
3fb1c000
3f86d000
3fc66000
3f703000
3fd74000
3f5e6000
3febe000
3f4a1000
3ffcc000
3f3cf000
4008b000
3f2e0000
40112000
3f24a000
3f9d8000
3f98f000
3fae6000
3f8b5800
3fc06000
3f79b000
3fd42000
3f649000
3fe62000
3f519000
3ff9e000
3f41b000
4005f000
3f33b000
400fd000
3f283000
4018d000
3f1e3000
3fa9e000
3f8ef800
3fbbe000
3f807800
3fcfa000
3f695000
3fe1a000
3f565000
3ff56000
3f453000
4003b000
3f373000
400d9000
3f2ab000
40169000
3f20b000
3fa68000
3f938000
3fb88000
3f850000
3fcc8000
3f6f8000
3fde8000
3f5c8000
3ff28000
3f49f000
40024000
3f3bf000
400c4000
3f2e4000
40154000
3f244000
3fa20000
3f972000
3fb40000
3f88a000
3fc80000
3f744000
3fda0000
3f614000
3fee0000
3f4d7000
40000000
3f3f7000
400a0000
3f30c000
40130000
3f26c000
401b7000
3f1d6000
3fb0a000
3f8d2800
3fc18000
3f7f2000
3fd6e000
3f677000
3fe7c000
3f55a000
3ffd2000
3f443000
40070000
3f371000
4011b000
3f2a5000
401a2000
3f20f000
3fac2000
3f90c800
3fbd0000
3f833000
3fd26000
3f6c3000
3fe34000
3f5a6000
3ff8a000
3f47b000
4004c000
3f3a9000
400f7000
3f2cd000
4017e000
3f237000
3fa8c000
3f955000
3fb9a000
3f87b800
3fcf4000
3f726000
3fe02000
3f609000
3ff5c000
3f4c7000
40035000
3f3f5000
400e2000
3f306000
40169000
3f270000
3fa44000
3f98f000
3fb52000
3f8b5800
3fcac000
3f772000
3fdba000
3f655000
3ff14000
3f4ff000
40011000
3f42d000
400be000
3f32e000
40145000
3f298000
401d5000
3f1f8000
3fb1c000
3f8fe000
3fc3c000
3f816000
3fd88000
3f6b8000
3fea8000
3f588000
3fff4000
3f479000
4008a000
3f399000
40130000
3f2d1000
401c0000
3f231000
3fad4000
3f938000
3fbf4000
3f850000
3fd40000
3f704000
3fe60000
3f5d4000
3ffac000
3f4b1000
40066000
3f3d1000
4010c000
3f2f9000
4019c000
3f259000
3fa78000
3f997000
3fbd8000
3f87f000
3fce4000
3f79f000
3fe44000
3f62f000
3ff50000
3f518000
40058000
3f408000
400de000
3f35c000
4018e000
3f28c000
3fa20000
3f9dd000
3fb80000
3f8c5000
3fc8c000
3f7fb000
3fdec000
3f68b000
3fef8000
3f55c000
4002c000
3f44c000
400d1000
3f34d000
40162000
3f2c0000
40207000
3f1fd000
3fb3a000
3f919800
3fc84000
3f813000
3fdaa000
3f6fe000
3fef4000
3f5a5000
4000d000
3f4a4000
400b2000
3f3a5000
40145000
3f305000
401ea000
3f242000
3fae2000
3f95f800
3fc2c000
3f859000
3fd52000
3f75a000
3fe9c000
3f601000
3ffc2000
3f4e8000
40086000
3f3e9000
40119000
3f339000
401be000
3f276000
3fa9c000
3f9b4000
3fbe6000
3f8ad800
3fd10000
3f7cd000
3fe5a000
3f674000
3ff84000
3f540000
40067000
3f441000
400fc000
3f37e000
401a1000
3f2bb000
3fa44000
3f9fa000
3fb8e000
3f8f3800
3fcb8000
3f814800
3fe02000
3f6d0000
3ff2c000
3f584000
4003b000
3f485000
400eb000
3f375000
40175000
3f2ef000
40225000
3f21f000
3fb48000
3f948000
3fca8000
3f830000
3fdc0000
3f743000
3ff20000
3f5d3000
4001c000
3f4dd000
400cc000
3f3cd000
40158000
3f334000
40208000
3f264000
3faf0000
3f98e000
3fc50000
3f876000
3fd68000
3f79f000
3fec8000
3f62f000
3ffe0000
3f521000
400a0000
3f411000
4012c000
3f368000
401dc000
3f298000
3faaa000
3f9e2800
3fc0a000
3f8ca800
3fd26000
3f809000
3fe86000
3f6a2000
3ffa2000
3f579000
40081000
3f469000
4010f000
3f3ad000
401bf000
3f2dd000
3fa52000
3fa28800
3fbb2000
3f910800
3fcce000
3f837000
3fe2e000
3f6fe000
3ff78000
3f5a5000
40055000
3f4ad000
400fa000
3f3ae000
40193000
3f311000
40238000
3f24e000
3fb6c000
3f965000
3fcb6000
3f85e800
3fdec000
3f771000
3ff36000
3f618000
40036000
3f505000
400db000
3f406000
40176000
3f356000
4021b000
3f293000
3fb14000
3f9ab000
3fc5e000
3f8a4800
3fd94000
3f7cd000
3fede000
3f674000
4000a000
3f549000
400af000
3f44a000
4014a000
3f38a000
401ef000
3f2c7000
3face000
3f9ff800
3fc18000
3f8f9000
3fd52000
3f820000
3fe9c000
3f6e7000
3ffd6000
3f5a1000
40090000
3f4a2000
4012d000
3f3cf000
401d2000
3f30c000
3fa76000
3fa45800
3fbc0000
3f93f000
3fcfa000
3f84e000
3fe44000
3f743000
3ffa4000
3f5d3000
40064000
3f4e6000
40114000
3f3d6000
401a6000
3f340000
40256000
3f270000
3fb7a000
3f993800
3fcda000
3f87b800
3fe02000
3f7b6000
3ff62000
3f646000
40045000
3f53e000
400f5000
3f42e000
40189000
3f385000
40239000
3f2b5000
3fb22000
3f9d9800
3fc82000
3f8c1800
3fdaa000
3f809000
3ff0a000
3f6a2000
40019000
3f582000
400c9000
3f472000
4015d000
3f3b9000
4020d000
3f2e9000
3fadc000
3fa2e000
3fc3c000
3f916000
3fd68000
3f842800
3fec8000
3f715000
3fff4000
3f5da000
400aa000
3f4ca000
40140000
3f3fe000
401f0000
3f32e000
3fa84000
3fa74000
3fbe4000
3f95c000
3fd2e000
3f855800
3fe70000
3f771000
3ffba000
3f618000
4007e000
3f50e000
40123000
3f40f000
401c4000
3f362000
40269000
3f29f000
3fb9e000
3f9b0800
3fce8000
3f8aa000
3fe2e000
3f7e4000
3ff78000
3f68b000
4005f000
3f566000
40104000
3f467000
401a7000
3f3a7000
4024c000
3f2e4000
3fb46000
3f9f6800
3fc90000
3f8f0000
3fdd6000
3f820000
3ff20000
3f6e7000
40033000
3f5aa000
400d8000
3f4ab000
4017b000
3f3db000
40220000
3f318000
3fb00000
3fa4b000
3fc4a000
3f944800
3fd94000
3f859800
3fede000
3f75a000
40014000
3f602000
400b9000
3f503000
4015e000
3f420000
40203000
3f35d000
3faa8000
3fa91000
3fbf2000
3f98a800
3fd52000
3f872800
3fe86000
3f7b6000
3ffe6000
3f646000
4008d000
3f547000
4013d000
3f437000
401d7000
3f391000
40287000
3f2c1000
3fbac000
3f9df000
3fd0c000
3f8c7000
3fe44000
3f814800
3ffa4000
3f6b9000
4006e000
3f59f000
4011e000
3f48f000
401ba000
3f3d6000
4026a000
3f306000
3fb54000
3fa25000
3fcb4000
3f90d000
3fdec000
3f842800
3ff4c000
3f715000
40042000
3f5e3000
400f2000
3f4d3000
4018e000
3f40a000
4023e000
3f33a000
3fb0e000
3fa79800
3fc6e000
3f961800
3fdaa000
3f87c000
3ff0a000
3f788000
40023000
3f63b000
400d3000
3f52b000
40171000
3f44f000
40221000
3f37f000
402c6000
3f2bc000
3fc16000
3f9a7800
3fd60000
3f8a1000
3feb2000
3f7e4000
3fffc000
3f68b000
400a7000
3f56f000
4014c000
3f470000
401f5000
3f3b3000
4029a000
3f2f0000
3fbd0000
3f9fc000
3fd1a000
3f8f5800
3fe70000
3f82b800
3ffba000
3f6fe000
40088000
3f5c7000
4012d000
3f4c8000
401d8000
3f3f8000
4027d000
3f335000
3fb78000
3fa42000
3fcc2000
3f93b800
3fe18000
3f859800
3ff62000
3f75a000
4005c000
3f60b000
40101000
3f50c000
401ac000
3f42c000
40251000
3f369000
3fb32000
3fa96800
3fc7c000
3f990000
3fdd6000
3f893000
3ff20000
3f7cd000
4003d000
3f663000
400e2000
3f564000
4018f000
3f471000
40234000
3f3ae000
402e4000
3f2de000
3fc24000
3f9d6000
3fd84000
3f8be000
3fec8000
3f814800
40014000
3f6b9000
400b6000
3f5a8000
40166000
3f498000
40208000
3f3e2000
402b8000
3f312000
3fbde000
3fa2a800
3fd3e000
3f912800
3fe86000
3f84e000
3ffe6000
3f72c000
40097000
3f600000
40147000
3f4f0000
401eb000
3f427000
4029b000
3f357000
3fb86000
3fa70800
3fce6000
3f958800
3fe2e000
3f87c000
3ff8e000
3f788000
4006b000
3f644000
4011b000
3f534000
401bf000
3f45b000
4026f000
3f38b000
3fb40000
3fac5000
3fca0000
3f9ad000
3fdec000
3f8b5800
3ff4c000
3f7fb000
4004c000
3f69c000
400fc000
3f58c000
401a1000
3f48d000
40252000
3f3d0000
402f7000
3f30d000
3fc48000
3f9f3000
3fd92000
3f8ec800
3fef4000
3f82b800
4001f000
3f6fe000
400d0000
3f5d0000
40175000
3f4d1000
40226000
3f404000
402cb000
3f341000
3fc02000
3fa47800
3fd4c000
3f941000
3feb2000
3f865000
3fffc000
3f771000
400b1000
3f628000
40156000
3f529000
40209000
3f449000
402ae000
3f386000
3fbaa000
3fa8d800
3fcf4000
3f987000
3fe5a000
3f893000
3ffa4000
3f7cd000
40085000
3f66c000
4012a000
3f56d000
401dd000
3f47d000
40282000
3f3ba000
3fb64000
3fae2000
3fcae000
3f9db800
3fe18000
3f8cc800
3ff62000
3f820000
40066000
3f6c4000
4010b000
3f5c5000
401bb000
3f4b5000
40265000
3f3ff000
40315000
3f32f000
3fc56000
3fa21800
3fdb6000
3f909800
3ff0a000
3f84e000
40035000
3f72c000
400df000
3f609000
4018f000
3f4f9000
40239000
3f433000
402e9000
3f363000
3fc10000
3fa76000
3fd70000
3f95e000
3fec8000
3f887800
40014000
3f79f000
400c0000
3f661000
40170000
3f551000
4021c000
3f478000
402cc000
3f3a8000
3fbb8000
3fabc000
3fd18000
3f9a4000
3fe70000
3f8b5800
3ffd0000
3f7fb000
40094000
3f6a5000
40144000
3f595000
401f0000
3f4ac000
402a0000
3f3dc000
3fb72000
3fb10800
3fcd2000
3f9f8800
3fe2e000
3f8ef000
3ff8e000
3f837000
4006c000
3f715000
40125000
3f5ed000
401ca000
3f4ee000
40283000
3f421000
40328000
3f35e000
3fc7a000
3fa3e800
3fdc4000
3f938000
3ff36000
3f865000
40040000
3f771000
400f9000
3f631000
4019e000
3f532000
40257000
3f455000
402fc000
3f392000
3fc34000
3fa93000
3fd7e000
3f98c800
3fef4000
3f89e800
4001f000
3f7e4000
400da000
3f689000
4017f000
3f58a000
4023a000
3f49a000
402df000
3f3d7000
3fbdc000
3fad9000
3fd26000
3f9d2800
3fe9c000
3f8cc800
3ffe6000
3f820000
400ae000
3f6cd000
40153000
3f5ce000
4020e000
3f4ce000
402b3000
3f40b000
3fb96000
3fb2d800
3fce0000
3fa27000
3fe5a000
3f906000
3ffa4000
3f859800
40082000
3f743000
40134000
3f626000
401e4000
3f516000
40296000
3f450000
40346000
3f380000
3fc88000
3fa6d000
3fde8000
3f955000
3ff4c000
3f887800
40056000
3f79f000
40108000
3f66a000
401b8000
3f55a000
4026a000
3f484000
4031a000
3f3b4000
3fc42000
3fac1800
3fda2000
3f9a9800
3ff0a000
3f8c1000
40035000
3f809000
400e9000
3f6c2000
40199000
3f5b2000
4024d000
3f4c9000
402fd000
3f3f9000
3fbea000
3fb07800
3fd4a000
3f9ef800
3feb2000
3f8ef000
40009000
3f837000
400bd000
3f706000
4016d000
3f5f6000
40221000
3f4fd000
402d1000
3f42d000
3fba4000
3fb5c000
3fd04000
3fa44000
3fe4e000
3f93d800
3ffd0000
3f870800
4008d000
3f788000
4014e000
3f64e000
401f3000
3f54f000
402b4000
3f472000
40359000
3f3af000
3fcac000
3fa8a000
3fdf6000
3f983800
3ff78000
3f89e800
40061000
3f7e4000
40122000
3f692000
401c7000
3f593000
40288000
3f4a6000
4032d000
3f3e3000
3fc66000
3fade800
3fdb0000
3f9d8000
3ff36000
3f8d8000
40040000
3f82b800
40103000
3f6ea000
401a8000
3f5eb000
4026b000
3f4eb000
40310000
3f428000
3fc0e000
3fb24800
3fd58000
3fa1e000
3fede000
3f906000
40014000
3f859800
400d7000
3f72e000
4017c000
3f62f000
4023f000
3f51f000
402e4000
3f45c000
3fbc8000
3fb79000
3fd12000
3fa72800
3fe72000
3f95a800
3ffe6000
3f893000
400a3000
3f7b6000
4015d000
3f687000
4020d000
3f577000
402c7000
3f4a1000
40377000
3f3d1000
3fcba000
3fab8800
3fe1a000
3f9a0800
3ff8e000
3f8c1000
40077000
3f809000
40131000
3f6cb000
401e1000
3f5bb000
4029b000
3f4d5000
4034b000
3f405000
3fc74000
3fb0d000
3fdd4000
3f9f5000
3ff4c000
3f8fa800
40056000
3f842800
40112000
3f723000
401c2000
3f613000
4027e000
3f51a000
4032e000
3f44a000
3fc1c000
3fb53000
3fd7c000
3fa3b000
3fef4000
3f928800
4002a000
3f870800
400e6000
3f767000
40196000
3f657000
40252000
3f54e000
40302000
3f47e000
403a7000
3f3bb000
3fd36000
3fa8f800
3fe80000
3f989000
40009000
3f8aa000
400ae000
3f7fb000
40177000
3f6af000
4021c000
3f5b0000
402e5000
3f4c3000
4038a000
3f400000
3fcde000
3fad5800
3fe28000
3f9cf000
3ffba000
3f8d8000
40082000
3f82b800
4014b000
3f6f3000
401f0000
3f5f4000
402b9000
3f4f7000
4035e000
3f434000
3fc98000
3fb2a000
3fde2000
3fa23800
3ff78000
3f911800
40061000
3f865000
4012c000
3f74b000
401d1000
3f64c000
4029c000
3f53c000
40341000
3f479000
3fc40000
3fb70000
3fd8a000
3fa69800
3ff20000
3f93f800
40035000
3f893000
40100000
3f78f000
401a5000
3f690000
40270000
3f570000
40315000
3f4ad000
403c5000
3f3dd000
3fd44000
3fabe000
3fea4000
3f9a6000
40014000
3f8cc800
400c4000
3f814800
40186000
3f6e8000
40236000
3f5d8000
402f8000
3f4f2000
403a8000
3f422000
3fcec000
3fb04000
3fe4c000
3f9ec000
3ffd0000
3f8fa800
40098000
3f842800
4015a000
3f72c000
4020a000
3f61c000
402cc000
3f526000
4037c000
3f456000
3fca6000
3fb58800
3fe06000
3fa40800
3ff8e000
3f934000
40077000
3f87c000
4013b000
3f784000
401eb000
3f674000
402af000
3f56b000
4035f000
3f49b000
3fc4e000
3fb9e800
3fdae000
3fa86800
3ff36000
3f962000
4004b000
3f8aa000
4010f000
3f7c8000
401bf000
3f6b8000
40264000
3f5b9000
40333000
3f4cf000
403d8000
3f40c000
3fd62000
3fada000
3fee8000
3f9a6800
40025000
3f8f1000
400e8000
3f81f000
40199000
3f712000
4025c000
3f5e6000
4030d000
3f522000
403d0000
3f441000
3fcfa000
3fb2c000
3fe80000
3f9f8800
3ffe2000
3f929000
400b4000
3f857000
40165000
3f762000
40228000
3f636000
402d9000
3f55e000
4039c000
3f47d000
3fca4000
3fb8c800
3fe2a000
3fa59000
3ff90000
3f96c800
4008b000
3f89a800
4013e000
3f7c6000
40201000
3f69a000
402b4000
3f5ab000
40377000
3f4ca000
3fc3c000
3fbde800
3fdc2000
3faab000
3ff28000
3f9a4800
40057000
3f8d2800
4010a000
3f80b000
401cd000
3f6ea000
4029d000
3f5aa000
40343000
3f506000
40413000
3f416000
3fd6c000
3fb0b800
3ff0c000
3f9c3800
4002e000
3f916000
400fe000
3f836000
401a6000
3f74e000
40276000
3f60e000
4031e000
3f553000
403ee000
3f463000
3fd04000
3fb5d800
3fea4000
3fa15800
3fff4000
3f94e000
400ca000
3f86e000
40172000
3f79e000
40242000
3f65e000
402ea000
3f58f000
403ba000
3f49f000
3fcae000
3fbbe000
3fe4e000
3fa76000
3ffa2000
3f991800
400a1000
3f8b1800
4014b000
3f801000
4021b000
3f6c2000
402c5000
3f5dc000
40395000
3f4ec000
3fc46000
3fc10000
3fde6000
3fac8000
3ff3a000
3f9c9800
4006d000
3f8e9800
40130000
3f817800
401e7000
3f712000
402aa000
3f5e6000
40361000
3f528000
40424000
3f447000
3fd90000
3fb28800
3ff16000
3f9f5000
40044000
3f92d000
40107000
3f85b000
401c0000
3f776000
40283000
3f64a000
4033c000
3f575000
403ff000
3f494000
3fd28000
3fb7a800
3feae000
3fa47000
40010000
3f965000
400d3000
3f893000
4018c000
3f7c6000
4024f000
3f69a000
40308000
3f5b1000
403cb000
3f4d0000
3fcd2000
3fbdb000
3fe58000
3faa7800
3ffce000
3f9a8800
400aa000
3f8d6800
40165000
3f815000
40228000
3f6fe000
402e3000
3f5fe000
403a6000
3f51d000
3fc6a000
3fc2d000
3fdf0000
3faf9800
3ff66000
3f9e0800
40076000
3f90e800
40146000
3f82e800
401f4000
3f74e000
402c4000
3f60e000
40372000
3f559000
40442000
3f469000
3fd9a000
3fb5a000
3ff3a000
3fa12000
4004d000
3f952000
4011d000
3f872000
401cd000
3f7b2000
4029d000
3f672000
4034d000
3f5a6000
4041d000
3f4b6000
3fd32000
3fbac000
3fed2000
3fa64000
40019000
3f98a000
400e9000
3f8aa000
40199000
3f801000
40269000
3f6c2000
40319000
3f5e2000
403e9000
3f4f2000
3fcdc000
3fc0c800
3fe7c000
3fac4800
3ffe0000
3f9cd800
400c0000
3f8ed800
40172000
3f833000
40242000
3f726000
402f4000
3f62f000
403c4000
3f53f000
3fc74000
3fc5e800
3fe14000
3fb16800
3ff9a000
3f9e3000
4008c000
3f925800
4014f000
3f853800
4020e000
3f776000
402d1000
3f64a000
40390000
3f57b000
40453000
3f49a000
3fdbe000
3fb77000
3ff44000
3fa43800
40063000
3f969000
40126000
3f897000
401e7000
3f7da000
402aa000
3f6ae000
4036b000
3f5c8000
4042e000
3f4e7000
3fd56000
3fbc9000
3fedc000
3fa95800
4002f000
3f9a1000
400f2000
3f8cf000
401b3000
3f815000
40276000
3f6fe000
40337000
3f604000
403fa000
3f523000
3fd00000
3fc29800
3fe86000
3faf6000
40006000
3f9e4800
400c9000
3f912800
4018c000
3f847000
4024f000
3f762000
40312000
3f651000
403d5000
3f570000
3fc98000
3fc7b800
3fe1e000
3fb48000
3ffbe000
3fa00000
40095000
3f94a800
40165000
3f86a800
4021b000
3f7b2000
402eb000
3f672000
403a1000
3f5ac000
40471000
3f4bc000
3fdc8000
3fba8800
3ff68000
3fa60800
4006c000
3f98e000
4013c000
3f8ae000
401f4000
3f80b000
402c4000
3f6d6000
4037c000
3f5f9000
4044c000
3f509000
3fd60000
3fbfa800
3ff00000
3fab2800
40038000
3f9c6000
40108000
3f8e6000
401c0000
3f833000
40290000
3f726000
40348000
3f635000
40418000
3f545000
3fd0a000
3fc5b000
3feaa000
3fb13000
4000f000
3fa09800
400df000
3f929800
40199000
3f865000
40269000
3f78a000
40323000
3f682000
403f3000
3f592000
404b6000
3f4b1000
3fe42000
3fb65000
3ffc8000
3fa31800
400ab000
3f961800
4016e000
3f88f800
40235000
3f7da000
402f8000
3f6ae000
403bf000
3f5ce000
40482000
3f4ed000
3fdec000
3fbc5800
3ff72000
3fa92000
40082000
3f9a5000
40145000
3f8d3000
4020e000
3f81f000
402d1000
3f712000
4039a000
3f61b000
4045d000
3f53a000
3fd84000
3fc17800
3ff0a000
3fae4000
4004e000
3f9dd000
40111000
3f90b000
401da000
3f847000
4029d000
3f762000
40366000
3f657000
40429000
3f576000
3fd2e000
3fc78000
3feb4000
3fb44800
40025000
3fa20800
400e8000
3f94e800
401b3000
3f879000
40276000
3f7c6000
40341000
3f6a4000
40404000
3f5c3000
404d4000
3f4d3000
3fe4c000
3fb96800
3ffec000
3fa4e800
400b4000
3f986800
40184000
3f8a6800
40242000
3f80b000
40312000
3f6d6000
403d0000
3f5ff000
404a0000
3f50f000
3fdf6000
3fbf7000
3ff96000
3faaf000
4008b000
3f9ca000
4015b000
3f8ea000
4021b000
3f83d000
402eb000
3f73a000
403ab000
3f64c000
4047b000
3f55c000
3fd8e000
3fc49000
3ff2e000
3fb01000
40057000
3fa02000
40127000
3f922000
401e7000
3f865000
402b7000
3f78a000
40377000
3f688000
40447000
3f598000
3fd38000
3fca9800
3fed8000
3fb61800
4002e000
3fa45800
400fe000
3f965800
401c0000
3f897000
40290000
3f7ee000
40353000
3f6c2000
40422000
3f5e5000
404e5000
3f504000
3fe70000
3fbb3800
3fff6000
3fa80000
400ca000
3f99d800
4018d000
3f8cb800
4025c000
3f81f000
4031f000
3f712000
403ee000
3f621000
404b1000
3f540000
3fe1a000
3fc14000
3ffa0000
3fae0800
400a1000
3f9e1000
40164000
3f90f000
40235000
3f851000
402f8000
3f776000
403c9000
3f66e000
4048c000
3f58d000
3fdb2000
3fc66000
3ff38000
3fb32800
4006d000
3fa19000
40130000
3f947000
40201000
3f879000
402c4000
3f7c6000
40395000
3f6aa000
40458000
3f5c9000
3fd5c000
3fcc6800
3fee2000
3fb93000
40044000
3fa5c800
40107000
3f98a800
401da000
3f8ab000
4029d000
3f815000
4036d000
3f6ea000
40433000
3f616000
40503000
3f526000
3fe7a000
3fbe5000
4000d000
3fa9d000
400d3000
3f9c2800
401a3000
3f8e2800
40269000
3f83d000
40339000
3f73a000
403ff000
3f652000
404cf000
3f562000
3fe24000
3fc45800
3ffc4000
3fafd800
400aa000
3fa06000
4017a000
3f926000
40242000
3f86f000
40312000
3f79e000
403da000
3f69f000
404aa000
3f5af000
3fdbc000
3fc97800
3ff5c000
3fb4f800
40076000
3fa3e000
40146000
3f95e000
4020e000
3f897000
402de000
3f7ee000
403a6000
3f6db000
40476000
3f5eb000
3fd66000
3fcf8000
3ff06000
3fbb0000
4004d000
3fa81800
4011d000
3f9a1800
401e0000
3f8cf800
402b7000
3f829000
4037a000
3f726000
40451000
3f638000
40514000
3f557000
3fe9e000
3fc02000
40012000
3face800
400e9000
3f9d9800
401ac000
3f907800
40283000
3f851000
40346000
3f776000
4041d000
3f674000
404e0000
3f593000
3fe48000
3fc62800
3ffce000
3fb2f000
400c0000
3fa1d000
40183000
3f94b000
4025c000
3f883000
4031f000
3f7da000
403f8000
3f6c1000
404bb000
3f5e0000
3fde0000
3fcb4800
3ff66000
3fb81000
4008c000
3fa55000
4014f000
3f983000
40228000
3f8ab000
402eb000
3f815000
403c4000
3f6fd000
40487000
3f61c000
3fd8a000
3fd15000
3ff10000
3fbe1800
40063000
3fa98800
40126000
3f9c6800
401f6000
3f8e6800
402c4000
3f847000
40394000
3f74e000
40462000
3f669000
40532000
3f579000
3fea8000
3fc33800
40024000
3faeb800
400f2000
3f9fe800
401c2000
3f91e800
40290000
3f86f000
40360000
3f79e000
4042e000
3f6a5000
404fe000
3f5b5000
3fe52000
3fc94000
3fff2000
3fb4c000
400c9000
3fa42000
40199000
3f962000
40269000
3f8a1000
40339000
3f801000
40409000
3f6f2000
404d9000
3f602000
3fdea000
3fce6000
3ff8a000
3fb9e000
40095000
3fa7a000
40165000
3f99a000
40235000
3f8c9000
40305000
3f829000
403d5000
3f72e000
404a5000
3f63e000
3fd94000
3fd46800
3ff34000
3fbfe800
4005d000
3facb000
4013c000
3f9dd800
401ff000
3f90b800
402de000
3f85b000
403a1000
3f78a000
40480000
3f68b000
40543000
3f5aa000
3fecc000
3fc50800
40029000
3fb1d000
40108000
3fa15800
401cb000
3f943800
402aa000
3f883000
4036d000
3f7da000
4044c000
3f6c7000
4050f000
3f5e6000
3fe76000
3fcb1000
3fffc000
3fb7d800
400df000
3fa59000
401a2000
3f987000
40283000
3f8b5000
40346000
3f81f000
40427000
3f714000
404ea000
3f633000
3fe0e000
3fd03000
3ff94000
3fbcf800
400ab000
3fa91000
4016e000
3f9bf000
4024f000
3f8dd000
40312000
3f847000
403f3000
3f750000
404b6000
3f66f000
3fdb8000
3fd63800
3ff3e000
3fc30000
4006f000
3fae8000
40145000
3fa02800
40215000
3f922800
402eb000
3f879000
403bb000
3f7b2000
40491000
3f6bc000
40561000
3f5cc000
3fed6000
3fc82000
4003b000
3fb3a000
40111000
3fa3a800
401e1000
3f95a800
402b7000
3f8a1000
40387000
3f801000
4045d000
3f6f8000
4052d000
3f608000
3fe80000
3fce2800
40010000
3fb9a800
400e8000
3fa7e000
401b8000
3f99e000
40290000
3f8d3000
40360000
3f833000
40438000
3f745000
40508000
3f655000
3fe18000
3fd34800
3ffb8000
3fbec800
400b4000
3fab6000
40184000
3f9d6000
4025c000
3f8fb000
4032c000
3f85b000
40404000
3f781000
404d4000
3f691000
40597000
3f5b0000
3ff62000
3fc4d000
40074000
3fb19800
4015b000
3fa19800
4021e000
3f947800
40305000
3f88d000
403c8000
3f7ee000
404af000
3f6de000
40572000
3f5fd000
3fefa000
3fc9f000
40040000
3fb6b800
40127000
3fa51800
401ea000
3f97f800
402d1000
3f8b5000
40394000
3f81f000
4047b000
3f71a000
4053e000
3f639000
3fea4000
3fcff800
40015000
3fbcc000
400fe000
3fa95000
401c1000
3f9c3000
402aa000
3f8e7000
4036d000
3f851000
40456000
3f767000
40519000
3f686000
3fe3c000
3fd51800
3ffc2000
3fc1e000
400ca000
3facd000
4018d000
3f9fb000
40276000
3f90f000
40339000
3f879000
40422000
3f7a3000
404e5000
3f6c2000
405b5000
3f5d2000
3ff6c000
3fc7e800
40086000
3fb36800
40164000
3fa3e800
40234000
3f95e800
40312000
3f8ab000
403e2000
3f80b000
404c0000
3f70f000
40590000
3f61f000
3ff04000
3fcd0800
40052000
3fb88800
40130000
3fa76800
40200000
3f996800
402de000
3f8d3000
403ae000
3f833000
4048c000
3f74b000
4055c000
3f65b000
3feae000
3fd31000
40027000
3fbe9000
40107000
3faba000
401d7000
3f9da000
402b7000
3f905000
40387000
3f865000
40467000
3f798000
40537000
3f6a8000
3fe46000
3fd83000
3ffe6000
3fc3b000
400d3000
3faf2000
401a3000
3fa12000
40283000
3f92d000
40353000
3f88d000
40416000
3f7ee000
40503000
3f6e4000
405c6000
3f603000
3ff90000
3fc9b800
4008b000
3fb68000
4017a000
3fa55800
4023d000
3f983800
4032c000
3f8bf000
403ef000
3f829000
404de000
3f731000
405a1000
3f650000
3ff28000
3fced800
40057000
3fbba000
40146000
3fa8d800
40209000
3f9bb800
402f8000
3f8e7000
403bb000
3f851000
404aa000
3f76d000
4056d000
3f68c000
3feac000
3fd69800
40037000
3fc01800
40108000
3faed000
401e9000
3f9fd000
402ba000
3f926800
4039b000
3f87a000
4046c000
3f7d7000
4054d000
3f6d8000
3fe34000
3fdc9800
3fff6000
3fc61800
400cc000
3fb2d000
401ad000
3fa3d000
4027e000
3f954800
4035f000
3f8a8000
4044f000
3f7e0000
40511000
3f71c000
40601000
3f60c000
3ff90000
3fcd0000
400b8000
3fb50000
4017c000
3fa88800
4026c000
3f988800
40330000
3f8e0000
40420000
3f828000
404e4000
3f771000
405d4000
3f661000
3ff18000
3fd30000
4007c000
3fbb0000
40140000
3fac8800
40230000
3f9c8800
402f4000
3f90e000
403e4000
3f856000
404a8000
3f7b5000
40598000
3f6a5000
3feb2000
3fd9e800
40049000
3fc1e800
4010f000
3fb14000
401ff000
3fa14000
402c5000
3f946000
403b5000
3f88e000
4047b000
3f805000
4056b000
3f6fa000
3fe3a000
3fdfe800
4000d000
3fc7e800
400d3000
3fb54000
401c3000
3fa54000
402a4000
3f964000
40379000
3f8bc000
4045a000
3f80f800
4052f000
3f73e000
40610000
3f63f000
3ffb4000
3fced000
400bb000
3fb85000
40192000
3fa9f800
40273000
3f9af800
4034a000
3f8f4000
4042b000
3f847800
40502000
3f793000
405e3000
3f694000
3ff3c000
3fd4d000
4007f000
3fbe5000
40156000
3fadf800
40237000
3f9ef800
4030e000
3f922000
403ef000
3f875800
404c6000
3f7d7000
405a7000
3f6d8000
3fed6000
3fdbb800
4004c000
3fc53800
40125000
3fb2b000
40206000
3fa3b000
402df000
3f95a000
403c0000
3f8ad800
40499000
3f816000
4057a000
3f72d000
3fe5e000
3fe1b800
40010000
3fcb3800
400e9000
3fb6b000
401ca000
3fa7b000
402ba000
3f97b000
40384000
3f8db800
40474000
3f823800
4053e000
3f771000
4062e000
3f661000
3ffba000
3fd22000
400cd000
3fba2000
40199000
3fac6800
40289000
3f9c6800
40355000
3f913800
40445000
3f85b800
40511000
3f7c6000
40601000
3f6b6000
3ff42000
3fd82000
40091000
3fc02000
4015d000
3fb06800
4024d000
3fa06800
40319000
3f941800
40409000
3f889800
404d5000
3f805000
405c5000
3f6fa000
3fedc000
3fdf0800
4005e000
3fc70800
4012c000
3fb52000
4021c000
3fa52000
402ea000
3f979800
403da000
3f8c1800
404a8000
3f82f800
40598000
3f74f000
3fe64000
3fe50800
40022000
3fcd0800
40103000
3fb68800
401e0000
3fa92000
402c1000
3f9a2000
4039e000
3f8ef800
4047f000
3f843000
4055c000
3f793000
4063d000
3f694000
3ffde000
3fd3f000
400d0000
3fbd7000
401af000
3fadd800
40290000
3f9ed800
4036f000
3f927800
40450000
3f87b000
4052f000
3f7e8000
40610000
3f6e9000
3ff66000
3fd9f000
40094000
3fc37000
40173000
3fb1d800
40254000
3fa2d800
40333000
3f955800
40414000
3f8a9000
404f3000
3f816000
405d4000
3f72d000
3ff00000
3fe0d800
40061000
3fca5800
40142000
3fb69000
40223000
3fa79000
40304000
3f98d800
403e5000
3f8e1000
404c6000
3f840800
405a7000
3f782000
3fe88000
3fe6d800
40025000
3fd05800
40115000
3fb85800
401e7000
3fab9000
402d7000
3f9b9000
403a9000
3f90f000
40499000
3f857000
4056b000
3f7c6000
4065b000
3f6b6000
3ffe4000
3fd74000
400e2000
3fbf4000
401b6000
3fb04800
402a6000
3fa04800
4037a000
3f947000
4046a000
3f88f000
4053e000
3f80d800
4062e000
3f70b000
3ff6c000
3fdd4000
400a6000
3fc54000
4017a000
3fb44800
4026a000
3fa44800
4033e000
3f975000
4042e000
3f8bd000
40502000
3f82f800
405f2000
3f74f000
3ff06000
3fe42800
40073000
3fcc2800
40149000
3fb90000
40239000
3fa90000
4030f000
3f9ad000
403ff000
3f8f5000
404d5000
3f85a000
405c5000
3f7a4000
406a6000
3f6a5000
40037000
3fd22800
40118000
3fbba800
401fd000
3fad0000
402de000
3f9e0000
403c3000
3f923000
404a4000
3f876800
40589000
3f7e8000
4066a000
3f6e9000
40004000
3fd91000
400e5000
3fc29000
401cc000
3fb1b800
402ad000
3fa2b800
40394000
3f95b000
40475000
3f8ae800
4055c000
3f81e800
4063d000
3f73e000
3ff90000
3fdf1000
400a9000
3fc89000
40190000
3fb5b800
40271000
3fa6b800
40358000
3f989000
40439000
3f8dc800
40520000
3f840800
40601000
3f782000
3ff2a000
3fe5f800
40076000
3fcf7800
4015f000
3fba7000
40240000
3fab7000
40329000
3f9c1000
4040a000
3f914800
404f3000
3f86b000
405d4000
3f7d7000
406c4000
3f6c7000
4003a000
3fd57800
4012a000
3fbd7800
40204000
3faf7000
402f4000
3f9f7000
403ce000
3f942800
404be000
3f88a800
40598000
3f80d800
40688000
3f70b000
40007000
3fdc6000
400f7000
3fc46000
401d3000
3fb42800
402c3000
3fa42800
4039f000
3f97a800
4048f000
3f8c2800
4056b000
3f838000
4065b000
3f760000
3ff96000
3fe26000
400bb000
3fca6000
40197000
3fb82800
40287000
3fa82800
40363000
3f9a8800
40453000
3f8f0800
4052f000
3f85a000
4061f000
3f7a4000
3ff30000
3fe94800
40088000
3fd14800
40166000
3fbce000
40256000
3face000
40334000
3f9e0800
40424000
3f928800
40505000
3f87c000
405f2000
3f7f9000
406d3000
3f6fa000
4004c000
3fd74800
4012d000
3fc0c800
4021a000
3fb0e000
402fb000
3fa1e000
403e8000
3f956800
404c9000
3f8aa000
405b6000
3f81e800
40697000
3f73e000
40019000
3fde3000
400fa000
3fc7b000
401e9000
3fb59800
402ca000
3fa69800
403b9000
3f98e800
4049a000
3f8e2000
40589000
3f849000
4066a000
3f793000
3ffba000
3fe43000
400be000
3fcdb000
401ad000
3fb99800
4028e000
3faa9800
4037d000
3f9bc800
4045e000
3f910000
4054d000
3f86b000
4062e000
3f7d7000
3ff54000
3feb1800
4008b000
3fd49800
4017c000
3fbe5000
4025d000
3faf5000
4034e000
3f9f4800
4042f000
3f948000
4051f000
3f890000
40601000
3f816000
406f1000
3f71c000
4004f000
3fda9800
4013f000
3fc29800
40221000
3fb35000
40311000
3fa35000
403f3000
3f976000
404e3000
3f8be000
405c5000
3f838000
406b5000
3f760000
4001c000
3fe18000
4010c000
3fc98000
401f0000
3fb80800
402e0000
3fa80800
403c4000
3f9ae000
404b4000
3f8f6000
40598000
3f862800
40688000
3f7b5000
3ffc0000
3fe78000
400d0000
3fcf8000
401b4000
3fbc0800
402a4000
3fac0800
40388000
3f9dc000
40478000
3f924000
4055c000
3f884800
4064c000
3f7f9000
3ff5a000
3fee6800
4009d000
3fd66800
40183000
3fc0c000
40273000
3fb0c000
40354000
3fa1c000
40449000
3f95c000
4052a000
3f8af800
4061f000
3f827000
40700000
3f74f000
40061000
3fdc6800
40142000
3fc5e800
40237000
3fb4c000
40318000
3fa5c000
4040d000
3f98a000
404ee000
3f8dd800
405e3000
3f849000
406c4000
3f793000
4002e000
3fe35000
4010f000
3fccd000
40206000
3fb97800
402e7000
3faa7800
403de000
3f9c2000
404bf000
3f915800
405b6000
3f873800
40697000
3f7e8000
3ffe4000
3fe95000
400d3000
3fd2d000
401ca000
3fbd7800
402ab000
3fae7800
403a2000
3f9f0000
40483000
3f943800
4057a000
3f895800
4065b000
3f816000
3ff7e000
3ff03800
400a0000
3fd9b800
40199000
3fc23000
4027a000
3fb33000
4036a000
3fa33000
40454000
3f97b800
40544000
3f8c3800
4062e000
3f840800
4071e000
3f771000
40064000
3fdfb800
40154000
3fc7b800
4023e000
3fb73000
4032e000
3fa73000
40418000
3f9a9800
40508000
3f8f1800
405f2000
3f862800
406e2000
3f7b5000
40031000
3fe6a000
40121000
3fcea000
4020d000
3fbbe800
402fd000
3fabe800
403e9000
3f9e1800
404d9000
3f929800
405c5000
3f88d000
406b5000
3f805000
3ffea000
3feca000
400e5000
3fd4a000
401d1000
3fbfe800
402c1000
3fafe800
403ad000
3fa0f800
4049d000
3f957800
40589000
3f8af000
40679000
3f827000
3ff84000
3ff38800
400b2000
3fdb8800
40193000
3fc50800
40290000
3fb4a000
40371000
3fa5a000
4046e000
3f98f800
4054f000
3f8e3000
4064c000
3f851800
4072d000
3f7a4000
40076000
3fe18800
40157000
3fcb0800
40254000
3fb8a000
40335000
3fa9a000
40432000
3f9bd800
40513000
3f911000
40610000
3f873800
406f1000
3f7e8000
40043000
3fe87000
40124000
3fd1f000
40223000
3fbd5800
40304000
3fae5800
40403000
3f9f5800
404e4000
3f949000
405e3000
3f89e000
406c4000
3f81e800
40007000
3fee7000
400e8000
3fd7f000
401e7000
3fc15800
402c8000
3fb25800
403c7000
3fa23800
404a8000
3f977000
405a7000
3f8c0000
40688000
3f840800
3ffa8000
3ff55800
400b5000
3fded800
401a5000
3fc6d800
40297000
3fb71000
40387000
3fa71000
40479000
3f9af000
40569000
3f8f7000
4065b000
3f86b000
4074b000
3f7c6000
40079000
3fe4d800
40169000
3fccd800
4025b000
3fbb1000
4034b000
3fab1000
4043d000
3f9dd000
4052d000
3f925000
4061f000
3f88d000
4070f000
3f805000
40046000
3febc000
40136000
3fd3c000
4022a000
3fbfc800
4031a000
3fafc800
4040e000
3fa15000
404fe000
3f95d000
405f2000
3f8b7800
406e2000
3f82f800
4000a000
3ff1c000
400fa000
3fd9c000
401ee000
3fc3c800
402de000
3fb3c800
403d2000
3fa43000
404c2000
3f98b000
405b6000
3f8d9800
406a6000
3f851800
40787000
3f7a4000
400c7000
3fe0a800
401a8000
3fca2800
402ad000
3fb88000
4038e000
3fa98000
40493000
3f9c3000
40574000
3f916800
40679000
3f87c000
4075a000
3f7f9000
4008b000
3fe6a800
4016c000
3fd02800
40271000
3fbc8000
40352000
3fad8000
40457000
3f9f1000
40538000
3f944800
4063d000
3f89e000
4071e000
3f81e800
40058000
3fed9000
40139000
3fd71000
40240000
3fc13800
40321000
3fb23800
40428000
3fa29000
40509000
3f97c800
40610000
3f8c8800
406f1000
3f849000
4001c000
3ff39000
400fd000
3fdd1000
40204000
3fc53800
402e5000
3fb63800
403ec000
3fa57000
404cd000
3f9aa800
405d4000
3f8ea800
406b5000
3f86b000
407a5000
3f7c6000
400ca000
3fe3f800
401ba000
3fcbf800
402b4000
3fbaf000
403a4000
3faaf000
4049e000
3f9e2800
4058e000
3f92a800
40688000
3f895800
40778000
3f80d800
4008e000
3fe9f800
4017e000
3fd1f800
40278000
3fbef000
40368000
3faef000
40462000
3fa10800
40552000
3f958800
4064c000
3f8b7800
4073c000
3f82f800
4005b000
3ff0e000
4014b000
3fd8e000
40247000
3fc3a800
40337000
3fb3a800
40433000
3fa48800
40523000
3f990800
4061f000
3f8e2000
4070f000
3f85a000
4001f000
3ff6e000
4010f000
3fdee000
4020b000
3fc7a800
402fb000
3fb7a800
403f7000
3fa76800
404e7000
3f9be800
405c8000
3f912000
406d3000
3f87c000
407b4000
3f7f9000
400dc000
3fe5c800
401bd000
3fcf4800
402ca000
3fbc6000
403ab000
3fad6000
404b8000
3f9f6800
40599000
3f94a000
406a6000
3f8a6800
40787000
3f827000
400a0000
3febc800
40181000
3fd54800
4028e000
3fc06000
4036f000
3fb16000
4047c000
3fa24800
4055d000
3f978000
4066a000
3f8c8800
4074b000
3f849000
4006d000
3ff2b000
4014e000
3fdc3000
4025d000
3fc51800
4033e000
3fb61800
4044d000
3fa5c800
4052e000
3f9b0000
4063d000
3f8f3000
4071e000
3f873800
40031000
3ff8b000
40112000
3fe23000
40221000
3fc91800
40302000
3fba1800
40411000
3fa8a800
404f2000
3f9de000
405e2000
3f926000
406e2000
3f895800
407d2000
3f80d800
44b52000
403d1000
4c37a000
447c6000
bea8c000
cb86d000
45abe000
3fa7f800
4b804000
39918000
358c8000
44ef5000
40947000
4fbd3000
bcc80000
bc404000
42f20000
438cc800
3da80000
4e3b8000
b7268000
b9155000
bfec4000
b900d800
ceec0000
c1a55800
40c93000
2f097800
36415000
43934000
37ab0000
368fe000
bcf72000
b9576000
42274000
3ac0a800
37c2c000
480d2800
3f3df000
4d452000
c4fd0000
bd911800
3ab57000
44e46000
bd3ce000
ca5df000
c7496000
bc90d000
3e620000
4839c800
43b0a000
41898800
4a894000
45a0c000
c6320000
bfb81800
330c6000
43b00000
bd620000
cbcd4000
c58a6000
c1824800
4ae3d000
3b005000
42bfe000
3c5ff000
b8dc8000
c5918000
bb50a000
cc2b2800
ca29e000
c3dcb000
390aa000
37a06000
3a2ab000
4598b000
c1034000
b71f0000
bdca8000
b1fd7000
be022000
c9fa3000
c1d0c000
b7682000
c79da000
b701f000
be5ce000
b1d87000
416a6000
33655800
c8873000
c3553000
407a5000
377c6000
47a47000
3e43a800
b9453000
c849a000
bf6e8000
bea25000
47712000
47d70000
cbee2000
c4fd7000
3c630000
37d7c000
3bd25000
4c17b000
b67c0000
c3557000
bdd20000
c5fd7000
c834d000
ba5a6000
c8e70000
c668b000
b4b40000
bd3e4000
41c6c000
481a5000
47cde000
3e70f000
35b53000
41015000
44c42000
37e27000
3b794000
463cf800
38f0a000
43893000
3d19f000
46b4b800
c9360000
b8b26000
c6261000
c6263000
bf27f000
b6c16000
c31d9000
b745f000
3806c000
47715000
336fc000
4237e800
3fb3f000
460d4800
c332b000
be9ab800
3715a000
3c25f000
ba56e000
b6360000
b55f2000
ba63f000
31532000
3f985000
bd700000
b474f000
c3213000
ba93c000
b8da7000
c3eb6000
41ad5000
4c3d1800
42ae3000
33bf5000
331c6000
3d180800
436f1000
4d849000
c2a56000
cc99d800
b3225000
bc9bd000
b3338000
c0305000
4f048000
40499000
419cb000
4cddd000
3a874000
43128000
4a72c000
432ac800
3f222000
3dad7000
ba975000
bf480800
48032000
364bb000
435b5000
4a5d2000
3a41a000
39994000
b6898000
b7eef000
afc5e000
bfba7000
b5bd4000
c3e3f000
c9cf4000
c6ed3000
bd88d000
b5fb6000
4bc26000
41927800
3bcb2000
4b6e1000
3e416000
48d5b000
3ece0000
3b1ff000
41ed2000
352d7000
b86de000
be0c1000
c4018000
b8a2e800
b7190000
b893d000
4acac000
44341000
c330a000
cb0ef800
c81ea000
bfdcb000
38620000
3f9a7000
37f88000
449d4800
c74f3000
c493d800
c0d4d000
caf60000
ba3da000
c6ae5000
bcb31000
c6c01000
40978000
4ade5000
478d3000
481c2800
b97ae000
b7a14000
b5845000
c439d000
37075000
3d341000
3fd7e000
3075a000
c84be000
bc378000
bd8d2000
c1137800
3a73c000
41862800
4bbf9000
3adf2000
ca6f4000
be09e800
bcdcc000
ca8f8000
bb16f000
b7381000
bda8b000
b6adf000
3f01c000
47b31800
bed76000
c236d000
475ae000
47532000
c0882000
c7b55000
4008b000
3789a800
42dda000
43a63800
bf241000
ba46f000
b7804000
b928e800
4cacf000
4234c800
3318f000
40471000
43c38000
435f0000
bde4e000
ca5e7000
453de000
44caf000
4428d000
3c52b000
bb01c000
c5cf7000
4b009000
3c820000
c2480000
c268b000
c24d2000
c78df000
45100000
36f0a000
c61ca000
bd9e8000
bf484000
cea97000
b1080000
c088f000
bcb34000
c0bb8000
3999d000
36c1b000
3105c000
3ea5a000
433fe000
44c5f000
44e32000
38bab000
35a94000
3cd00000
bb32e000
baa73000
3a035000
387e4000
3cba5000
38dec000
44ec6000
4acc8000
4141e000
3583d800
47073000
3a20f000
3cfe6000
3287c000
464e4000
4002b800
ce1c6000
bf041800
b8720000
c7d49000
bacc2000
b993b800
ba6be000
b7578000
3c1c0000
45938000
b8458000
bba91000
c5bf9000
b4df2000
4042a000
3fadd000
3b037000
4b037000
c582a000
be059800
b98e5000
b4ae1000
351c9000
3a5b8000
38a0c000
36e41000
c1085000
af8e7000
41e70000
4d771000
be903000
b9368800
41538000
3ad10000
bba83000
bcec2000
cc977000
bceaf000
3711c000
40a46000
c1a86000
c7d56000
3efae000
32e69800
c041a000
bd723000
38ed4000
47c2d800
3b99c000
3445f000
44b40000
4386d000
42c90000
4da2d000
4cc50000
433ac000
b7664000
bc959000
3541e000
3a763000
b49f4000
be083000
3e43e000
42a68000
c5c0c000
ca22a800
32816000
406cf000
c1fe4000
bb546000
33afc000
3ea6b000
4455c000
3f80d800
48f84000
4229d000
c401f000
ccdbc800
4e52c000
3ee32000
b3af1000
bb1b4800
bf60e000
cfce7000
3f4b8000
44abf000
b56f4000
c26c4800
c3966000
bd225000
3ee70000
4b771000
3d5c5000
45816000
c183a000
c5557800
c2028000
c0026000
3cacb000
3c368000
41398000
385fb000
43ffc000
43033000
3ba9e000
47946800
359a8000
39a2a000
ba406000
ca024800
c0552000
bb320000
c21f9000
bc3d1000
bd6f4000
b7e01000
38a20000
378fe000
b656b000
c68af000
429fd000
49e08000
3c941000
36e3a000
c9af4000
c2406000
c2242000
bc686000
3cd78000
45610000
460ad000
3b5de000
35328000
39248000
bf2d3000
b69d4800
3a395000
3a9e6000
478a3000
3cfe4000
bd81f000
ba0c1000
c4b3e000
bc205000
b6c98000
c0b2a000
40011000
3c9f0000
bebe2000
b201f000
b41ea000
c0eb3000
479a4000
4316d800
ba930000
bcf95000
c800d000
b940b000
ba112000
c5180000
c78a6000
baac2000
4096c000
47981000
37ff0000
45cbd000
c7cdf000
c00e9000
bd9b9000
c0347000
3c035000
39893000
bea72000
bfa65800
c5130000
b9423000
409f9000
37dbe000
bc1fe000
ba53e000
41ae6000
438ef800
b7730000
bb604000
c2b08000
bdbec000
398ee000
3c824800
bd1e0000
b2434000
bb10f000
bed5d800
3e4ce000
3c009000
c3510000
beeac000
c0c9f000
b6dde000
c94c0000
c370f000
c42c2000
cbaa0800
c490f000
b2fc8000
3c935000
4706f800
caaec000
bbb1a000
c555e000
bd51b000
3664c000
38d02000
3bab4000
464a6000
41dbc000
4e978000
46d84000
3a299000
ccba8000
c04e8000
bfbaf000
ba2ba800
c4882000
bb8f1000
bb6da000
ca241000
43d02000
419b5800
41f1e000
4e051800
37049000
40e60800
330ca000
3eeed000
cf277000
beaf0800
cf29d000
bd2a7000
38ace000
4717b000
c0adf000
badbe000
c5cdc000
c362a000
c3602000
b8e74000
b84da000
c4ba5000
358ca000
3cf1a000
41c44000
4eb50000
40604000
501b2000
c68be000
bb107000
430fe000
485b1000
3d402000
3c83f000
4ca05000
40aad000
3954d000
3c8f8800
bf888000
c9288000
31d16000
3c33f000
b8a22000
bd2d7000
3d424000
42605000
4aaeb000
3c001000
3cd98000
41ff9000
bc17c000
b5442000
44c7c000
35224800
c1ca9000
cde7e000
cc96f000
bb11a800
363a1000
3873a000
d03ee000
be463000
b9396000
c245a000
b41f4000
c286f000
3eedc000
3da95800
40109000
4d759000
bf362000
af116800
3ca83000
3512d000
c5c4c000
cb0a6000
3ac98000
48223000
3ecb3000
3d196800
cb7d4000
bfa87000
c6b7f000
b9d4a000
c6d62000
bc3cd000
b7e04000
c5cd1800
3cf3e000
479b0000
367c0000
3dae7000
460da000
3b814800
37bae000
3b01f000
40b13000
42182000
39df6000
45983800
c0079000
d03d5000
c29b8000
b1b08000
cc082000
bb08c000
46b8c000
38adf000
bbc93000
c5097800
3e82e000
395a4800
360dc000
401bc000
c7256000
c20b5800
43310000
47d2c000
3966a000
427d7000
3e17f000
4178a000
c4c7b000
bff1a000
cbb5b000
bee86000
41a0d000
40262000
c0813000
c6a58000
38403000
3e4d4000
407d4000
39cb2000
3e310000
3c1cb000
4b57a000
3f6a5000
b6ac4000
b9e86000
b24da000
bf07b800
46cd6000
44c84000
46870000
42850000
461a0000
4aaed800
31462000
3d2fe800
3717f000
3d3f9000
385d0000
40385800
c6990000
c386d000
be930000
c6ad1000
437ba000
42bdd000
c9787000
c77a4000
bf564000
af1be000
c8b86000
ba5f3000
40a69000
36ec2000
c6679000
bc816000
3334e000
3c1b6800
c1990000
c977e000
406d4000
44a85000
c4a41000
c0af1000
b5dba000
bc26f000
3dab8000
3313c000
c1972000
b8fee000
c4ad1000
c8290800
c4b1a000
bebb4000
39033000
3c96e000
bf5cc000
c22dc800
3c1ea000
3de79000
40234000
36c66000
cd388000
c0f0a000
41440000
39370000
ba1ea000
c3eed000
b39dc000
c0e3b000
3aac3000
41b05000
c56de000
b6009000
c7f26000
c4c99000
ba1b3000
b96ea000
364eb000
3d564000
3d4d4000
4714a000
31990000
3f744000
ba378000
c7a81000
bec6a000
beee9000
446f6000
45abb000
c281f000
b513d800
ca7de000
bea57000
bf60c000
c6da2000
36524000
44c3e000
c000d000
c4c12000
c0810000
c8db8000
b0ce3000
bf0be000
3ace6000
3581b800
c1b87000
b6015000
bb57a000
c11ac800
bd2bd000
b9b1a000
3ba0e000
4799d800
3f132000
4c601000
c490c000
ba9ca000
bd2c6000
c8a85000
453ea000
3c307800
4b36d000
417da000
bda74000
b7a92000
c4934000
c2e26000
c6148000
c508a000
4748e000
37d67000
bd932000
ccc48000
4db2c000
3e06f000
c8d14000
bd391000
41052000
4ee6f000
bcc94000
b6122800
c178e000
b6efe000
44841000
453c0000
bfc65000
af15a800
46c86000
41c6d000
c2924000
cd48e800
bdfa6000
cd59e000
4152f000
3e90f800
c3eda000
b52f9000
cc835000
bbed0000
b6d34000
c54e6000
3195a000
3cc02000
3a8c1000
3a510000
37423000
3789d800
b7a42000
c80ab000
387f8000
3a134800
3a632000
39b03000
4247a000
4de35000
ba397000
c48a5000
ce878000
bf0f5000
b2d82000
be181000
4a57a000
40ac9000
3f89a000
47073000
c5a5c000
c30fb000
41fa4000
3365d000
34c6d000
41230000
bff20000
cc911800
b50b8000
ba11a000
33082000
3c7cd000
bd93d000
bbc37000
bad64000
b953e000
4e912000
41f23000
c10ca000
c3eb3000
42b0a000
367d5000
3a990000
47744000
4108f000
36b45000
3f610000
316c7000
bda7a000
b68d2800
3a283000
41905000
b7a5b000
c2af5000
b28db000
c102d000
b1929000
bf238000
c16c4000
c2473800
41bb6000
4264b000
c2201000
bd7b2000
3d946000
4a28d800
c83a9000
c7a3a800
4145d000
4a816000
402cb000
43a0b800
c1c23000
bdd16000
c0a42000
b1033000
40481000
3277a000
3b05e000
3404f000
ce7d0000
bd383800
39996000
42284000
49b26000
4214b800
c396c000
b2622000
311d8000
3dde8000
38380000
3e33f000
c7954000
c4a44000
bff0f000
bbfc6000
bbf1e000
c6f4f000
34448000
3bcf8000
3e333000
344cf000
36a9d000
43fda000
b6640000
c0a2f000
3e1a4000
3dad2000
cca13000
c313c000
441c6000
34024800
3e394000
3b162000
bf490000
b3b0c000
af27a000
c0098800
46a67000
3eccd000
c1bbc000
c20d8800
429df000
3ad96000
c3594000
baffb000
cd6ac000
bc569800
3a05e000
3d119000
47e0c000
3d5a2000
b6700000
c08bf000
49b94000
3ef9e000
3fda0000
3d91b000
3a700000
34840800
3a819000
3d8df000
bc133000
c2537000
40217000
31acb800
457a6000
41d9e000
c4a4e000
c7487000
b7b2c000
be32f000
be52f000
ce88d000
c8957000
b8a84000
cfc23000
c0001000
380ae000
47514000
481b3000
41879000
3df78000
4093f800
b2014000
bf6b9000
bc37b000
c83ef000
ba8fa000
c6b0d000
c0b6f000
af127800
37846000
3c977000
c0867000
ce47f000
3ba48000
4a280000
c1e5c000
b935b000
c090c000
cb528800
43931000
47015000
4724d000
4534b000
cad2a000
bf3ad000
39680000
45ca9000
c170f000
bc782000
bf704000
c64d0800
b7592000
bc229800
3ee79000
36e94000
ca97e000
c38b5800
c1251000
b94e7000
c3bda000
b7625000
b82aa000
c6847000
4b888000
436c6000
3b496000
4bdbb000
c30bd000
bd706000
be119000
b69d4800
cce01000
c2e72000
b7522000
c2cf9000
3fc09000
3e089800
be116000
c0963000
b6994000
c0340000
b6a7a000
bb7d5000
3530f000
449ad000
bdd58000
b68e1000
b6b31000
c02b5800
415e4000
3cd9e000
c5bd2000
c4e1f000
4184f000
3f5a9800
c494b000
c1d3a000
b9c7f000
b616e800
4b131000
3aad8800
b7e94000
c1d45800
36470000
3a84e800
c38cc000
c1b94000
b1e62000
bc265000
4094f000
4fd84000
c0b82000
bba90800
42056000
45b65800
3bb3e000
46d95000
c4ede000
b37b6000
b6849000
bf37a000
c39e4000
cbc52000
40aee000
3dbe8000
463cc000
3bb22000
3132e000
3ce79000
b97fc000
bb898000
b4e1c000
c5c68800
bed16000
cc47b000
3e875000
3cd44000
cd736000
c3106000
4ee64000
3f0f4000
b9cc6000
ba160000
bf155000
c85f3000
bf1ca000
ce6a7000
3af78000
42b8f800
477fc000
43f15000
47d9c000
3e93b000
48873000
40a74000
50bc5000
3ec70000
c8d80000
bb4c4000
35c4e000
3cff9000
c8ff0000
bcf8f800
3f7fa000
48b83000
47298000
38b13000
39823000
3d23a000
cab9c000
c146a000
383b1000
3c9e4800
3e54e000
43ec7000
3f7e6000
310ef000
3bb39000
3827e800
35ace000
3d3aa800
4194b000
349e9000
4ad16000
3cb6c000
af232000
c0180800
be443000
bb716000
4a130000
41795000
b60c1000
bfb5e800
41112000
3c11b000
bf8fa000
af914000
41c51000
4ac7a000
3afa0000
34ae0800
b7155000
bfb3d800
4170f000
4b7a4000
bd38c000
bc885800
430eb000
47375000
c0a83000
b2065000
bfa44000
bd622000
4cb10000
3ae31000
b6b9c000
b746a000
3f8f6000
3309c000
b5b4a000
bdb9e000
3b124000
3eed0000
cb21b000
c5801000
bbaeb000
b2e9a000
bca02000
b3c74000
b9ce4000
c9fd7000
400ed000
33ad6000
b4877000
c3fe4000
397fc000
37648000
3cb31000
342b5800
cd44a000
bf6a7000
3dbb8000
48e3d000
c1a42000
bb00b000
391a2000
47e05000
bdea6000
b1f0b000
46183000
4a94b000
4083f000
46317000
4bfb0000
4251e000
4302a000
48771000
c1f0e000
b41b7000
382e6000
47098800
34b2b000
3cc93000
bf41a000
b204a800
bb0e8000
b5cee800
38059000
383bd000
bdc38000
c22b0000
c26e2000
b4595000
3a1e9000
38b59800
c5235000
b78f1000
4733e000
394c2000
bc1ac000
c442c000
c8f7c000
b79ec000
4872a000
45950000
b8ffa000
b6535000
d1383000
bfa8c800
3c055000
3a123000
3e57d000
3894b800
b551a000
be5b7000
ba42a000
c03d0000
47b42000
37dd5000
bd238000
c392b800
c4a0e000
c7727000
3e7d2000
49936000
c5ec8000
c07fb000
4008f000
3e997000
b1ab2000
bcba4000
bd5aa000
c0b95000
3c5d4000
4c8a6800
c194e000
c5532800
be28c000
c8f0a000
bd5c8000
b699b000
3d4f3000
45827000
46c6e000
4618f800
cdd6b000
bf005000
3c7cc000
3e82c000
b7064000
bbba5800
33762000
4311d000
c2a0e000
bb557000
b768e000
b7581800
45dac000
3e9f8000
44474000
405cb000
c7e5a000
b68ef000
c3878000
bf0f5000
40366000
4e470000
c69f2000
bbe19000
389fc000
448c4000
c06c4000
b863d800
3ef72000
3a0c3000
c51b9000
c7649000
b389d000
bd8d3000
c0724000
af1be000
c6c87000
c4118800
3fd16000
32d77000
46d5c000
4968a000
bbf4c000
c6a20800
35d2e000
42c78000
4053c000
40f43000
bc41a000
cbd85000
bdcf6000
cc2b7000
c320e000
c1d91000
4920e000
3e4ce000
d0a94000
bfd00000
cbe68000
ba2d9000
bf453000
cf49a000
c71bf000
c72dd000
b8bfc000
b7fee000
44f26000
4821d000
41e2e000
4a0b7800
4117f000
44acb000
39ca2000
44eed000
40139000
44ce0800
d0933000
bf597800
c2bb8000
c1590000
ba370000
b49b2800
3f103000
4288e000
b9456000
c5966000
3f70e000
3cb21000
c282c000
c4c03000
cda70000
bed70000
34100000
440e1000
c0c0a000
d0240000
3e5ac000
4ecf2000
3cc75000
321da000
c2dea000
c41d1000
c31ea000
b410c800
c25dc000
b5aa5000
4522e000
422c2000
36326000
4040e000
c6eae000
babbc000
c97fe000
c1adf000
c9b4f000
c2c23000
b45ac000
b99d9000
41d42000
3e649000
c3ed2000
baa64000
bdf5c000
ce988800
c597f000
babf9000
ca86d000
b98c5000
4cd98000
3ef4f000
3881f000
49020000
cc0a6000
c1f27000
cf55c000
be884800
4577c000
47438800
45f62000
4a837000
c22eb000
b4622000
b4af8000
c2b74000
c011a000
c73a0000
41e24000
3dc45800
409fc000
4091b000
3d4a8000
4816d000
3b565000
4b922000
4082d000
4bd3b000
40be2000
3f00b000
c6e1c000
b5e16800
ba4ce000
c2218800
43a08000
39a64000
47490000
4594d800
b6d74000
bba7b000
440cd000
392da000
b9210000
c3aa4800
488f4000
3d376800
36352000
3af61000
bc9ba000
bfa58000
40854000
3c2bc800
c93ab000
bfa25000
beb25000
ba308000
3cc3e000
35de7000
3e8f7000
3a127000
4437b000
3e8a6800
45952000
3f1f4800
c05d4000
b82b9800
3dcd5000
3cdc2000
3e0d6000
31335000
c519e000
b49ba000
b2740000
bbd05000
b9d6c000
c9233000
45ae2000
3d1c4800
b80d6000
c263f000
44b9c000
4bbc8000
415f2000
344c3000
402d0000
3f992000
c6353000
b8865000
bdde6000
b5a03800
4ec02000
3e489000
46a90000
41047000
3b998000
370d7000
3dcf4000
3d586000
c8052000
c2e6f000
411a2000
41d91000
3d46b000
3391a000
42fec000
43457000
b8361000
b73eb000
b778e000
c0020000
c16ec000
caaeb000
4d152000
40afb000
c4cb0000
cac12800
bd12e000
ba770000
3f0e2000
31c84800
39c1d000
3b0de000
3f1e8000
372f2000
37588000
47b5f000
3f3ec000
39a57000
b5e02000
c1c7d000
c2e52000
b7c94000
bd6fc000
cdc99000
3abbe000
4ab2a800
3cef4000
425a5000
bd308000
c33ec000
420c1000
4023f000
3d5a8000
3e0db000
3a0ac000
374ef000
37326000
472f6800
cd08d000
c284e000
49dd6000
3cb0e000
b2b9a000
c3b0d800
c2f2d000
b5038000
3f9ea000
4b841800
cccae000
c12ef000
49e9e000
43419000
c09b5000
c4dff000
b7e1e000
be363000
4283d000
4073e000
3eff0000
335b5000
bc8e1000
b3e2e000
40f90000
42d60800
4612e000
3f831000
46ab0000
4770a000
c1928000
c307d800
baa56000
b387b800
c6813000
b4a58000
3a184000
428a6800
440e5000
33c29000
b98c1000
c4a3f000
40458000
4441e800
425b0000
3fa9f000
bf84c000
afce3000
b93c1000
c35ee000
3886c000
38059800
42ceb000
3fd64000
43915000
3e537000
b8944000
b7048000
b34f0000
be1a7000
4fa38000
3ebcc000
41368000
41aef000
b92e6000
ca10c800
c19a2000
ce841800
4e47c000
412cd000
3e7a8000
46513800
44dda000
43465000
c2238000
bf3cc000
bf21c000
b61fd000
b96a8000
c8be9000
bd2ad000
cbb88000
b19d8000
c2744000
bc6c8000
c4da5000
c0948000
ba86d000
46ea6000
37dc5000
b68c4000
c0424000
c80d9000
bb753000
b977c000
bca7b000
3ce02000
43788000
b983f000
ba317000
bb9a8000
c5c0e000
b9183000
b994b000
33c7e000
42cad000
472b7000
458a1000
3d523000
39990800
cc266000
c22e8000
3e42d000
4e774000
3d844000
4a25c800
3a40d000
3c574000
c6edc000
c219d000
c5290000
c0883000
36302000
3d9a3000
4d478000
412ed000
c8085000
c6d70000
c1d0a000
c2c5b000
b8fde000
c4151000
4e04c000
3d12d000
b2c78000
bd3b0000
42122000
334d9000
44784000
35983000
c18c1000
c947f800
c42d1000
c7815000
bd9ea000
b4963800
43894000
3c3a6800
41478000
2fd50000
c08ff000
b70c1000
4205e000
43d91800
4855e000
4699d000
c0163000
cbd84800
c11cd000
b76ea000
3a98a000
38a08000
43244000
4a172000
c1da0000
bd3c5000
39a20000
3612e000
c44ce000
bc020000
b1c83000
c1143800
beb2c000
b2eae000
3d2e6000
32dcb000
46078000
463b5000
b2f87000
bd038000
36825000
3b97a000
be42d000
c55b6000
3b4e7000
3d893000
b420e000
bd897000
bd35a000
c2973800
46a20000
427b8000
c9b91000
c6bd5000
beb3f000
bdbab000
370fd000
378da800
bcf7e000
b8d52000
35366000
3aa4e800
bb644000
b4059800
bdf4c000
ccb95800
3e05c000
3a92a800
bd0e9000
bd9d9800
cfee4000
c0a72800
cca83000
c2e72000
49883000
3de47000
bc156000
b23e4000
4d19a000
404e8000
be2d4000
bf08a000
bbb60000
c0534000
4d160000
3fd4f800
ba2ba000
bf55e000
44a5c000
381f6800
bb9a2000
c9679000
bca44000
c786d000
3c10e000
499c9000
46d7a000
43555000
3ad2c000
4709a000
cb207000
bbb39800
bab19000
c5b4d000
b7dd4000
c2ee9000
be8f5000
c7140800
be686000
bff2c000
cceb5000
c1efa000
39ba7000
3b124800
c4027000
b84cc000
43462000
32450000
b6b2c000
be06f000
3e2d4000
40050000
bd6e2000
c68ae000
40580000
414e3800
b1a1b000
bd015000
4da96000
3d272800
462e8000
36ba6000
400ee000
402d7000
b2a1e000
c3147800
4783a000
377d5000
bb305000
ba865000
c5c7e000
b965f000
ccce5000
c0ec2000
40d7b000
47161000
3c9c0000
34f9e000
c5158000
b4334000
41fc2000
4baa9000
be7b4000
c7343800
4f882000
3d88c000
b3a32000
bd6ed000
45902000
34132800
4817b000
429b1000
be92a000
ce589000
bcdec000
c4870800
bf0dc000
b2157000
bcd2f000
b2038000
c7025000
be660000
4b762000
41f2c000
cc840000
be014800
3e278000
4dbef000
3ac6d000
35c7c000
cac14000
b90a9000
37a10000
42401000
4d48b000
3ca19000
c7290000
b6883000
bb676000
b9a05000
3faeb000
46e22000
400e6000
38767000
c28b5000
c243c000
c210f000
c0bac000
41736000
378a1000
ca5b2000
ba2f1000
c00eb000
b09c0000
ca1c0000
c1231000
c0416000
bb1a7800
42881000
3e11a000
b8a8c000
b8cc4000
38cb7000
3c016000
b328c000
beb65800
b32f4000
c2c06000
b4965000
c5029000
3e965000
31f1b000
c84d1000
c7582000
b9ad1000
b6c2d000
bbb40000
c58a7000
39724000
3aa6f000
3d720000
3202b800
b8029000
c84f1000
37019000
38f94800
bd323000
bd682000
3d596000
3a2b1000
c0473000
b74dc000
bf29e000
c6024800
3d7e4000
409f6000
42f20000
358cc800
b5157000
c51ba000
3a0ba000
44a69800
b8754000
c96b1800
b883a000
b7841800
4555e000
3728c800
c63a9000
be46e000
c6996000
bc220000
bdb3a000
c71a0000
48e92000
41331000
b66b2000
bdbb9000
37a10000
40401000
408f4000
4f380800
bd291000
b1549000
42601000
4d6fa000
c594e000
c54a2000
4470f000
47816000
42837000
42966000
41058000
475c1000
be1b7000
c941f000
3b17e000
33024800
3ca86000
469c5800
37762000
3f44d000
c4bd0000
c99fc000
3dcae000
48b18800
c62d4000
b7e22000
3826c000
41988800
bca75000
b4c77000
c3c33000
b7e16000
472f7000
44580000
c1bfc000
b06ba000
40201000
36815000
47aff000
42e00000
3d2b2000
329b2000
42b60000
4bf26000
3a454000
3bf16000
3e853000
30e41000
3ef7e000
4520d000
3e534000
3c201000
bb32a000
c5199800
38c78000
37b92800
43a7a000
355cb000
3928e000
38185800
39001000
47207000
48f5a000
3d051800
49332000
41159800
4aa48000
3b280000
c4877000
b4f88000
4aa49000
4037e800
cd035000
c06d0000
499d0000
3c45c800
37b30000
43a08000
3bc15000
49df4000
c66b2000
bdf5a000
c2c82000
b2ced000
3fea6000
33ec7000
46bed000
43ef0000
47f58000
3f9a2000
b9a52000
c6bd0000
38c1b000
36c96000
b1883000
bd100800
bdc68000
b5d0b000
bd61f000
bb838000
cbaaa000
bb10f000
44ddc000
43d80800
b6251000
c6369000
bb0b8000
b6ed0000
44967000
49f40000
438a2000
3bdef000
be6c0000
b053f800
3c201000
3f652000
b6cbd000
b9e00000
39225000
3d51b000
3d428000
4cba8000
493e8000
42279000
c1496000
ca15e800
4201f000
4b87c000
bf7f6000
b0abd000
bf9c6000
bcab2000
43be2000
3a841800
43794000
3d3cf800
c90f0000
c78e8800
4105e000
3e041800
4582a000
37042800
bf6b2000
c4e18000
45e86000
376a2000
cd4bc000
bf8a0000
c7074000
c9455000
385b6000
37661000
b49c6000
bd87b800
300d3000
3e2f5000
c1520000
bc81e800
45b05000
4af62000
bc232000
cd129800
cb867000
c3136000
31c9e000
400b7000
4964c000
438ea800
cb4e9000
be87d800
377f2000
4334c000
3847c000
49053000
c39a8000
cca90000
c3444000
c93bb800
b5c82000
c24e9000
c736d000
ba445000
c170f000
b07c6000
c42ea000
c9c6d000
413c3000
4960e000
c0228000
c680b000
c3aac000
be452000
34816000
3a5ae000
428c4000
48a7f000
b4e1f000
bae72000
39cbe000
4308a800
465d3000
475f4000
45ff6000
45058000
416a6000
32554000
ba1e4000
b59cc000
36502000
41862800
433ac000
36f44000
cbd82000
c0d38000
c4f80000
b39d2800
4385f000
41d66000
b583b000
bde3e000
c1034000
bdc5d000
c20d0000
b4186000
371a2000
37041800
3fdfc000
4c4fa000
babc9000
c90e2800
ce90e000
c0099800
40548000
43c18000
3f1c5000
3ac51000
b3bb8000
c1abc000
c123a000
cfb8e800
cded2000
bea64000
c9746000
bc40d000
30879000
4152c800
49e6a000
3b084800
c52fa000
bcd15000
34086000
3b377000
31a5c000
420fb000
b8418000
c49a9800
bcee8000
b938f000
44606000
37afd000
37b0a000
43761000
42852000
331aa000
45176000
49356000
c02d4000
aefb8000
c853e000
c27b5000
4cb1f000
42001000
4f562000
3ddf9000
3a2d5000
36a75000
49936000
3d8b5800
c6c26000
b723e800
3c398000
42930000
3e2f7000
44580000
bcb04000
c5a2b000
cb0e0000
c2386000
3fb48000
2f26e800
3b17e000
47d1f800
3c81f000
38fb6000
3801f000
44dbc800
3c5f4000
3fb0b000
befa8000
af10a000
c7690000
c6a19000
3842f000
3681c800
4fbfb000
3e24b800
44132000
39448000
36a69000
3d0c9000
3dbac000
3270a000
c6480000
b54cd000
c4b23000
ba267800
c0354000
c49b4000
3964c000
46771000
c3cc6000
beb55000
3986a000
35885000
3561c000
4522f000
b670f000
c37a4000
ba342000
bacc9000
cd75a000
bd7d7000
4656b000
4871c000
ba7a4000
c0b25000
45e3d000
38e2e000
3c8c2000
48e86000
43476000
495eb000
3dcee000
38c1b000
c1cb7000
c9f5e000
bbf0f000
b607c000
b91e7000
be865000
cb011000
c09f0000
467f8000
42bd5000
3a34f000
3ca95800
c0052000
bd148000
c1742000
c94d9000
49948000
417f2000
4647d000
39984000
ba46e000
b5864000
c813d000
be5f0000
be778000
c289e000
49d1a000
3a15b800
35a18000
41a1d000
41199000
46962000
40ba4000
42cfd000
be74c000
bd111800
bdc75000
c31da000
b2764000
c0a15000
346c4000
3f5ad000
ba894000
c1816000
c2fd0000
b379f000
c3562000
be12f800
bba42000
bbe0e000
3f0f3000
3f77b000
3c1ea000
48d91000
c126b000
b9b43000
c0df2000
bc00d800
3cd7e000
34b1a000
ba14b000
bc53a000
c4e7a000
bb2cb000
3ddae000
3a187000
c7816000
c1248000
b55b8000
c0ac1000
312c4000
3e90f000
bdbdf000
ba121800
c874b000
c2782000
be1c3000
b420c000
41794000
45dd4000
bf8a8000
b6ca5000
c4136000
c9f27000
3d212000
3a1f0000
411b5000
47b62800
3ca55000
3ad05000
be9cf000
bee27000
3b0f7000
45a56800
3f5c5000
408c0000
c991e000
c0c8f000
bea76000
b6e86000
b7e18000
c5859800
45c14000
43ec3000
3c001000
45f9e000
3a025000
44a20800
48860000
48227000
c0fae000
c05e8000
3b3f1000
3c572000
3fc25000
4eef4000
c9312000
c1897000
c6339000
ca865000
4813c000
438ae000
bd78e000
bf0c1000
3c280000
33a5b800
bffdc000
afa94800
3ea98000
33168800
b770a000
c6065000
352de000
3b7ee000
4b8b9000
44fe4000
bc736000
bf0aa000
b89ef000
b7ac7000
404ac000
37010000
3a497000
4a998000
c496c000
ba91b000
48ede000
3f6fe000
c2b8c000
b63c2000
4a612000
461e0800
c3a5c000
bab5c000
3a95a000
46c02000
4cd2e000
43577000
c95a7000
c37c6000
387ba000
48f5a000
447d0000
35383800
3e9c6000
3c90c800
3bac6000
473e1800
39a4a000
47d91000
4da11000
41dc1000
3fae3000
3fbf5000
3e190000
49cac000
41ba3000
3114f800
c10bf000
cd72b000
bead5000
ba275000
42787000
4e7a4000
41387000
45865000
38441000
426f6000
b8b44000
bfc30000
41e64000
30ca2800
3628e000
3bd87000
c9924000
bd816000
38bf3000
36f50000
499da000
3af76000
411a2000
30e3f000
4798c000
36f26000
413d0000
320bf000
c647e000
c135b800
c1d69000
cd0f7000
cda41000
c2150800
4336d000
3e879000
38f0a000
488aa000
c5df6000
c1d6c000
474be000
3a88a800
c9ac7000
c4130800
3ffea000
2e0a2000
416ca000
34942000
34ba0000
402ca800
4c5f2000
44873800
40922000
3acd9000
4a80a000
4068b800
4c9df000
40bcd000
46a56000
3d4e3000
c1e70000
c682b800
47646000
4717d800
46121000
34a9e000
bbe7c000
c9ac4800
bcbd2000
cbc61000
3f9ba000
302e9000
c6b0a000
b790c800
350fa000
3c3ae000
b685d000
be2cb000
4b54c000
3cde2000
474c4000
45307000
4bac2000
3b824800
48813000
3db89000
c36f4000
bf09e800
ca0c7000
c0190000
4d0cd000
408df800
b695f000
c63a7000
c1243000
b8241000
30f78000
408b5800
c9d2f000
bf005000
c6019000
bde73800
33232000
3c041800
b9c74000
c0c5e800
3775a000
4288d000
bd8bf000
cc2c1800
382bc000
461f1000
bf4aa000
c15af000
44ee8000
35225000
c14ee000
b3a95000
c10be000
c719a000
b7af8000
c50ab000
bd503000
ca891800
478f1000
362a3000
bfcd4000
b71f5000
4cb7a000
3b00b000
43073000
400e0000
3f06b000
3b644000
39a5c000
350e7000
b9388000
c9f44000
38f5a000
3b1bc000
b3dd4000
bc073800
3f5fe000
4425f000
b2b22000
bfbf0000
4172a000
4465f800
c1e7e000
c6c8e000
c536d000
b573a000
c9088000
b8958800
c08e2000
bbb7a000
cd511000
bc816000
40fea000
454a1000
49d0e000
455c7000
3a015000
34a57000
ca8be000
b9935000
c18b7000
cb1f8000
c6474000
b95cb000
44a47000
38bdd000
b9dd6000
ca6fe000
4f472000
4140a000
c178c000
c9186000
3f903000
2f3f9000
bac9e000
cacef000
4bb3c000
429a8000
c4736000
c99d0000
c749b000
b959e000
be0e8000
b05d3000
bc993000
cbd43000
46674000
3c2e7800
bbe7a000
b4435000
3faf3000
371ae800
bb2a3000
c2b1e800
c5bba000
b92c6000
40ff8000
405ff000
3cbff000
37220800
c201d000
cb957000
c28db000
b9c06000
44e84000
3b405000
ca3ac000
c3440000
bcfee000
b6405000
3f9a2000
3d4c9000
4f2f6000
3d64f000
bab8c000
bc085800
bf3a4000
c121f000
b897e000
bf90c800
c6598000
b9862800
b2d02000
c202f800
3d6b0000
3f410800
3a85d000
36bdf000
34d7f000
43dee000
39f5c000
3cb4f800
c71f8000
bc36a000
c1d5c000
b4040800
bba9d000
b8065000
bc95a000
cd6ed000
c2fba000
b3865000
bb0c7000
c0c59000
4b748000
3e2ec800
c2be4000
bbd81000
bc388000
c5f44000
32250000
41302000
c0c5d000
c1ef8000
ba264000
c75b9000
4fe02000
3e75a000
436c4000
49473800
c0a28000
c0e36000
c4f18000
c01bf000
49ccd000
3dd42000
41792000
35ce5000
47bdd000
37137000
c538f000
c78fb000
3f502000
43d49000
42a1a000
4146a800
c9576000
bcd2b000
33f78000
4401e800
be279000
c8317000
c453e000
c47b5000
3ae1c000
3311c000
bac84000
bdd0d000
b9022000
c513a000
43caa000
49161800
bb83f000
b6b95000
c0426000
b4ac3000
3d9da000
34f9e000
440ef000
383bf000
c1397000
c59d0800
b6f12000
ba11a000
443c6000
45bb3000
3489a000
442d2000
c3c19000
bbe34000
30589000
40816000
3c0b5000
492d3000
3aa32000
357d5000
3ce02000
32609000
c551e000
bb0d5800
bba99000
b5158800
ba014000
c2337000
3f269000
426c2000
38a83000
43119000
be96d000
c3c31000
34fde000
3cae9000
b92e3000
c55fe000
3aa30000
47191800
c1a4e000
b7142800
c1bce000
b1aaa800
3de32000
32bab000
31a32000
41ae0000
cdb38000
c22dc800
49efe000
3f2dd000
46406000
46b13000
b56e2000
c09b1000
b1582000
be3c3000
bee44000
c7870800
c9253000
bdbe8000
c3d5e000
cb19d000
bf66e000
b34d4000
3ab7d000
39ee8000
bed18000
baae1000
3e114000
39aac000
b7b00000
c4d31000
c8cbc000
c567a000
c36ee000
b7419000
b61c6000
c3d57000
c7290000
b6b4a000
bfc2c000
aee85000
38f0a000
376a2000
b4472000
c3c41000
bc5e3000
bc782000
368c0000
37e61000
46552000
3bd51000
4dab7000
3fe22000
b4f44000
bf2f7000
45265000
4b3ff000
38376000
40eb3000
b74f3000
c4760000
be8b8000
cb97f000
cc646000
c2aa3000
c86ce000
bf1bb000
b6364000
c51a5000
c1060000
c049c000
40ce8000
379e7000
48e10000
42ec7000
34e10000
41ec7000
3c14a000
4744b000
3c784000
35738800
bd29e000
bc024800
33b34000
402f8000
40eea000
31b70000
400e2000
4371d000
360d6000
451a1000
4800c000
3a45d000
4533e000
480f9800
c295a000
c1a5f000
c1f20000
c86b9000
c2201000
b0762000
43cb3000
47d60000
47940000
3df04000
379fc000
389ac000
c00e3000
cca26000
3d153000
3a950000
b7584000
c30be000
b327a000
c14fc000
4c762000
3cf88000
ba8e8000
b5b21000
b866a000
c26c7000
b039b000
bf54c000
bf27d000
c1b75800
3bb8a000
3e47d000
47400000
42ee4000
b43ba000
c2a19800
3c84d000
3add2000
42bb3000
38ecc000
47a10000
3caa0000
bbdf2000
b8e1d000
c52c2000
c70d2800
bfd42000
bfe79000
3f1c0000
4180b000
41f84000
389b9000
bf073000
cfc32000
3c7e6000
4a037000
cdb1f000
c1e72000
cdb56000
bfd57000
ba184000
c0c68800
4566a000
3c934000
be784000
b4587000
40720000
32f9f000
42f20000
498e3800
43036000
4ab08800
b0138000
be4b7000
3490d000
3e00e800
c64e7000
bd524000
41a62000
489a8800
3cd24000
4bc46800
b4bd8000
c0af9000
bf0be000
cc63c000
43ed8000
3ecd6800
43e79000
3d06b000
b651e000
c3930800
3e3e8000
4b5c1000
4924e000
3d3b2000
3d598000
33840800
c31dd000
b9571000
be0f7000
ba268000
425f2000
3b6e9000
3579a000
3fd2f000
c50e2000
cab63800
c0858000
b3a2d000
3a4a6000
3b21b800
c009c000
b4ab8800
3d7e6000
40ed0000
31fcc000
3dc4f800
3f306000
3431e000
3f299000
4d289000
39afb000
45158800
41013000
46c58000
bf61f000
b0849000
b6d00000
badd5000
3ff6c000
43237000
c0118000
b4c4b000
c0a2e000
b6284800
c6f00000
c6fb5000
42ab7000
35fda000
b635a000
b7dc5000
c51f4000
c84ca000
c7e5a000
c07e4000
3ba7e000
4aa05800
40be0000
3aab9000
bf60c000
b8172000
b54d5000
bb5c2000
47fde000
44022000
46546000
3d40f000
40afe000
3c9bc800
50362000
3f253800
cec6d000
c0c7c000
4114c000
4ea41000
c5141000
b7a35800
4e7f0000
3e5de000
b5602000
c1fb6000
45a0e000
42807800
3965b000
3e85a000
3221b000
4064a000
3e13c000
3e501000
c0c99000
b3038000
c9028000
c5f7c800
4ab50000
3a237800
b8ee2000
c8fb5000
451a3000
4366b000
c083a000
cc4c7000
ca456000
beb1b000
41562000
4526c800
423bb000
4c78a000
ba8c1000
bca3f000
b4d02000
c5549000
347a8000
45755800
39870000
34c0b000
c027a000
af180800
baeb2000
b8934000
bd8d3000
b08fc000
ba9fa000
cac38000
c44cf000
c0995000
3f949000
3eece000
3b1da000
478ab000
47e9a000
37cce000
418af000
398bf000
c7ac2000
c7946800
2f482000
3f1fe800
c6851000
c4c63000
b6312000
bfc71000
bf425000
c9888000
48918000
40f92000
bc882000
c88f1000
c41d8000
c63f8000
b7a01000
c5029000
c291c000
c0246000
c3438000
bc851800
49035000
43820000
42e9a000
43deb800
41c9c000
326ca000
3e1e6000
3d3a2000
c57cc000
bb82c000
bca7a000
bb333000
c09b3000
ca015000
c3d31000
c60fa000
39050000
383cb000
cfa83000
bee72000
3ca01000
362b4800
363c8000
3d80b000
4517f000
3458a000
3bad0000
44bc6000
bf51c000
bf047000
4c163000
3eb8b800
c87f0000
bb4bd000
bea83000
b5dfa000
b2900000
be3c4000
43d7e000
3887c000
3b7f6000
3d4f2000
46db6000
43084800
b149a000
be4af000
c1a53000
b2ab9000
ca445000
b9578000
37037000
47101000
bb8d0000
c3921000
be980000
c60d9800
cabca000
c2aca800
40082000
46c1a000
c3f7c000
b69ec000
40891000
419cc000
bc340000
c8f0a000
44876000
4b6a9000
469c8000
45337000
cb431000
c35f6000
b3cd4000
bd0c9800
c359a000
b6d05000
b6cb2000
c310b800
b9f66000
cad9f000
434fa000
45fb6000
bb112000
c7866800
3728c000
37016000
c822d000
be25b000
b81c9000
bd3e7000
472c8000
46b25800
c3131000
c17b2000
4010a000
329fc000
3f8ae000
3cfcd000
b9265000
bd281000
3f772000
4d85e000
c57f0000
b9db5000
45d38000
446b0000
33407000
426d2000
b9fa4000
be814800
448bd000
41b83000
42750000
42bdf000
3125c000
40897000
3fe4c000
44f2d000
c7a0e000
b6f4e000
c4c60000
c02b3000
3ff72000
3e05e000
33143000
3da1c000
46235000
3e815000
48552000
3d065000
c22a8000
cdaa5000
31b62000
4211d800
44af8000
45fc6000
c67a4000
bddd3000
3757c000
37c9a000
b5434000
c0c26000
42af8000
467b8000
467ec000
363c3800
ccd02000
bc9b5800
4fd5c000
3e00d800
4b8c7000
40a5a000
40437000
42a1d800
4345e000
43d0f000
341d5000
3fbe3000
49b60000
41f76000
be408000
b7445000
43778000
47e01000
c97d4000
b9cb2000
c4a0e000
c7824800
c227a000
c0d1d000
3ef94000
432e1000
b9bc6000
bdd5f000
41e10000
4bf0b000
c5269000
bb78a000
4803d000
3724b000
3bd84000
3dc17800
391a0000
3a557000
bc64c000
c674f000
bb93e000
b3fee000
46463000
3b970000
bef18000
c81bf000
c9ebc000
b8b21800
b75b2000
b7466000
3bf96000
459de000
417d2000
3999b000
c1819000
bc18a000
bf4d9000
b1929800
c5e38000
b9ca8800
3afbe000
3e4a3000
2f178000
3f1b7000
452de000
4a86f000
354cd000
439aa800
419be000
40dc9000
427f4000
41dda000
bbf42000
b30bc000
3cab0000
4288a000
c572a000
be3cd000
4a296000
3aa72800
bc5e8000
c1491800
3caa7000
39bb1000
cd18a000
c3ad6800
c157a000
c6862800
4f45e000
3d629000
46fba000
44c41000
47a7e000
3b1bb000
3d9d3000
49b73000
bf8fe000
b5f6a000
bf6c4000
b48a6800
caa28000
c0083000
46880000
3dd33000
c0bb9000
bd18e800
c08c1000
b5a3f000
bbdd6000
b7865000
473ec000
40c72000
c9200000
bf228000
c0bec000
c9b96000
420b0000
3b88a000
cd1ea000
bff61000
c0c32000
c08c7800
c5be9000
c3eb0000
3c762000
4aed0000
3d290000
4a596000
be3a4000
b34fd000
40949000
37b23000
b8f66000
ba0a8000
c71b4000
c61fb000
3fcc6000
4b160000
b70d8000
baa1a800
43463000
3b59a000
3eb39000
35ec2000
33232000
43d91000
b6942000
c5d70000
b5339000
c469a000
b5821000
ba363000
c6b53000
c3e06000
47c47000
40f56000
3c22d000
3760e000
b844c000
c9310000
c386d000
bd60a000
4748d000
3fa03800
c7ad1000
bd0c9000
b8ffe000
be9a6000
be1a6000
b680b000
4481f000
34a29000
bb610000
cb862800
c7502000
b57b5000
383f0000
42376000
398f9000
3610d800
37421000
414f6000
cf30a000
bf07b800
4b0aa000
3e683000
bf8b9000
b0ebc000
4fce4000
3f01e800
3762e000
430c1000
39c61000
45d7a000
426de000
462ea000
bba90000
c9033000
bf220000
ce18f000
ca21b000
bc8c9000
4a9ee000
4514c800
3b858000
48497000
418ce000
45f64000
32407000
3e6d2000
c105e000
c7f43000
bd492000
b3d91000
b88f7000
bc567000
3e37d000
3952a000
ca158000
c57ee000
b196d000
be134000
448b2000
4b497800
c2bd0000
be7b8000
ce0ca000
bd71a000
3d091000
35c02000
cc0bb000
bb224000
bd353000
b7801000
40a0e000
486ed000
c635c000
c81e5000
c1b99000
c008f800
b9070000
bc16a000
bb8f3000
b4c09000
c5d40000
c8564000
32f5a000
43040800
4a8df000
454e0000
c309d000
b8bb5000
464fb000
388e7800
3f2e8000
4298f000
c54f0000
c52e4000
394c2000
35de9000
4315c000
33598000
36307000
469cb800
35494000
4034a000
35145000
3e233000
caad6000
bc217000
bf339000
c1762000
c2bfe000
bf92a800
b32b0000
c3bca800
3e124000
47f0a000
444bb000
39940800
b5b48000
be438000
3aa4f000
47f3a000
c1e32000
bc46d000
38fb4000
3805b000
bbe6a000
c8073800
c1784000
cdd40000
448ac000
3c0bd000
413dc000
41501000
4b3c0000
3b9d9000
49f4c000
3a8e3800
4a514000
3cd36000
431c5000
38af4800
c3283000
c978a000
b8f9e000
c741b000
b7328000
b8b4a800
49fd6000
3839f000
37b3e000
4649f000
30232000
3e05e800
bc342000
c8216800
3eb52000
3e824800
c7893000
c8164000
c48e8000
be01f000
cc64c000
bb63f000
bbed3000
c6fe8000
c6462000
c02fe800
bf186000
b49bc800
42d34000
47c00800
c34f9000
c98fd000
c257c000
b843a800
35b7b000
3fd0a000
c376e000
cc1ad800
3d3e5000
35a0c800
4a461000
4285a000
3829f000
42375000
c5337000
c236f000
3e07f000
445fd000
3d7ae000
3f246000
47a03000
3cb5d000
459e7000
35eea000
be2f9000
bb5a0000
4a238000
3d5fd000
4b429000
40988800
494b7000
3a849000
3d5f2000
3bb5d000
38442000
3cf29000
3fe6a000
2f99a800
409e0000
35292000
c28be000
c68d0000
bc624000
b2bd7000
3fc77000
4ad1c000
4154d000
4173e000
be7c4000
c8a43000
c0690000
ceb83000
c8656000
be53d000
c5bc8000
c1a3c000
469b5000
44dff000
3ae86000
3f5ea000
39c00000
4687c000
3e05f000
3033b000
36136000
3ae79000
c0714000
b7cff000
38235000
36712000
c3b32000
cd257800
31b1c000
3c7f2000
44fd4000
40ab7800
bd164000
cc38e000
3d244000
42cee000
bec7b000
b8199800
4579c000
4aa1e000
43ec8000
4a65d000
43832000
3fe74000
3dcd1000
3f054000
c1769000
b07a4000
becaa000
b368d000
4108c000
46458000
c48c4000
befcd000
bc7a4000
cb214800
3bb6d000
42001000
3ebf2000
460eb000
3faf8000
4bf9e000
3e9bf000
3026f800
b2f62000
bd75a000
44f4c000
49814800
41658000
4b92b000
4b2aa000
3e74e000
cc130000
bdc41800
b7b65000
c5193000
cf7ae000
c13bb000
c1442000
c5f29000
3b4e4000
3f02b800
4901f000
3b229000
b88b5000
bf5ed800
4ace4000
3a2c5000
438e7000
401f3000
35a5c000
45f76000
392e2000
419c4800
ca11a000
c1445000
354d1000
44740000
c4c9e000
c10b7000
4033f000
47684000
47410000
41683000
c12d2000
bb316000
c0a7e000
c5a05800
414b4000
3e24a000
c2bbb000
b3f8a000
450df000
3e1fc000
4257e000
43020000
449af000
49179000
3bb1c000
4a622000
c527a000
b705e800
364d5000
42827000
3f2d6000
374b2000
3c870000
3d744000
bac8c000
bc7fb000
450c7000
3325a000
c8085000
b9cdf800
c5abd000
cad15000
3b376000
34f61000
439b4000
413c0800
33049000
3fd3f800
c4ca8000
bdf4d000
46909000
4a463000
3dd5c000
44f93000
43d94000
3ebd1800
c622d000
c2c3f000
42b46000
3bf4e000
37618000
4424a800
3bba2000
373d9000
46de3000
47f3e000
c863d000
bd838000
3c889000
47eb6000
49c50000
39876000
4a124000
45f7e000
be630000
bd18f000
4c055000
3f059000
4c35a000
44597000
b7129000
b7a38000
3ef2d000
44027000
b7b74000
c3d79000
c0b12000
bb471000
c1beb000
c31cc000
41906000
4a39d800
3eb9c000
2f46a000
422eb000
48762000
c3cf0000
b80c8000
be871000
baeb3000
b5476000
c5009000
3b7aa000
3b15e800
408b2000
3f407000
c8144000
bd848000
b3370000
c1539000
4aad4000
396d0000
3f2eb000
46879000
496f4000
41042800
c0e6a000
be062800
c893c000
c85a6000
45696000
3fbf7000
43d3c000
47814800
4d882000
40389800
bb23c000
bcc9a000
ca927000
bc947000
421be000
3e5c9000
3ccd0000
3b96a000
bbdf8000
b3c4b800
b30eb000
c2c93000
bbff0000
ba967800
bacce000
c84c7000
40a83000
40029000
c8862000
c6baf000
bcd98000
c795b000
bf916000
b9db4000
c8361000
b73eb000
44814000
45e5d000
3f7e4000
3f807800
3f7e4000
3f807800
3f870000
3f744000
3f882000
3f727000
3f882000
3f727000
3f900000
3f65c000
3f912000
3f63f000
3f912000
3f63f000
3f990000
3f574000
3f9a2000
3f557000
3f9a2000
3f557000
3fa20000
3f48c000
3f9f4000
3f4e6000
3f9f4000
3f4e6000
3fa72000
3f461000
3fa84000
3f44e000
3fa84000
3f44e000
3fb02000
3f3c9000
3fb14000
3f3b6000
3fb14000
3f3b6000
3fb92000
3f331000
3fba4000
3f31e000
3fba4000
3f31e000
3fc22000
3f299000
3fbf6000
3f2b5000
3fbf6000
3f2b5000
3fc74000
3f253000
3fc86000
3f245000
3fc86000
3f245000
3fd04000
3f1e3000
3fd16000
3f1d5000
3fd16000
3f1d5000
3fd94000
3f173000
3fda6000
3f165000
3fda6000
3f165000
3fe24000
3f103000
3fdf8000
3f130000
3fdf8000
3f130000
3fe76000
3f0ea000
3fe88000
3f0e0000
3fe88000
3f0e0000
3ff06000
3f09a000
3ff18000
3f090000
3ff18000
3f090000
3ff96000
3f04a000
3ffa8000
3f040000
3ffa8000
3f040000
40013000
3eff4000
3f7e4000
3f807800
3f7e4000
3f807800
3f870000
3f744000
3f882000
3f727000
3f882000
3f727000
3f900000
3f65c000
3f912000
3f63f000
3f912000
3f63f000
3f990000
3f574000
3f9a2000
3f557000
3f9a2000
3f557000
3fa20000
3f48c000
3f9f4000
3f4e6000
3f9f4000
3f4e6000
3fa72000
3f461000
3fa84000
3f44e000
3fa84000
3f44e000
3fb02000
3f3c9000
3fb14000
3f3b6000
3fb14000
3f3b6000
3fb92000
3f331000
3fba4000
3f31e000
3fba4000
3f31e000
3fc22000
3f299000
3fbf6000
3f2b5000
3fbf6000
3f2b5000
3fc74000
3f253000
3fc86000
3f245000
3fc86000
3f245000
3fd04000
3f1e3000
3fd16000
3f1d5000
3fd16000
3f1d5000
3fd94000
3f173000
3fda6000
3f165000
3fda6000
3f165000
3fe24000
3f103000
3fdf8000
3f130000
3fdf8000
3f130000
3fe76000
3f0ea000
3fe88000
3f0e0000
3fe88000
3f0e0000
3ff06000
3f09a000
3ff18000
3f090000
3ff18000
3f090000
3ff96000
3f04a000
3ffa8000
3f040000
3ffa8000
3f040000
40013000
3eff4000
3f870000
3f86d000
3f870000
3f86d000
3f8ee000
3f807800
3f900000
3f7f2000
3f900000
3f7f2000
3f97e000
3f727000
3f990000
3f70a000
3f990000
3f70a000
3fa0e000
3f63f000
3fa20000
3f622000
3fa20000
3f622000
3fa9e000
3f557000
3fa8e000
3f587000
3fa8e000
3f587000
3fb0c000
3f502000
3fb1e000
3f4ef000
3fb1e000
3f4ef000
3fb9c000
3f46a000
3fbae000
3f457000
3fbae000
3f457000
3fc2c000
3f3d2000
3fc3e000
3f3bf000
3fc3e000
3f3bf000
3fcbc000
3f33a000
3fcac000
3f341000
3fcac000
3f341000
3fd2a000
3f2df000
3fd3c000
3f2d1000
3fd3c000
3f2d1000
3fdba000
3f26f000
3fdcc000
3f261000
3fdcc000
3f261000
3fe4a000
3f1ff000
3fe5c000
3f1f1000
3fe5c000
3f1f1000
3feda000
3f18f000
3feca000
3f1a7000
3feca000
3f1a7000
3ff48000
3f161000
3ff5a000
3f157000
3ff5a000
3f157000
3ffd8000
3f111000
3ffea000
3f107000
3ffea000
3f107000
40034000
3f0c1000
4003d000
3f0b7000
4003d000
3f0b7000
4007c000
3f071000
3f882000
3f87b800
3f882000
3f87b800
3f900000
3f816000
3f912000
3f807800
3f912000
3f807800
3f990000
3f744000
3f9a2000
3f727000
3f9a2000
3f727000
3fa20000
3f65c000
3fa32000
3f63f000
3fa32000
3f63f000
3fab0000
3f574000
3faa4000
3f59e000
3faa4000
3f59e000
3fb22000
3f519000
3fb34000
3f506000
3fb34000
3f506000
3fbb2000
3f481000
3fbc4000
3f46e000
3fbc4000
3f46e000
3fc42000
3f3e9000
3fc54000
3f3d6000
3fc54000
3f3d6000
3fcd2000
3f351000
3fcc6000
3f355000
3fcc6000
3f355000
3fd44000
3f2f3000
3fd56000
3f2e5000
3fd56000
3f2e5000
3fdd4000
3f283000
3fde6000
3f275000
3fde6000
3f275000
3fe64000
3f213000
3fe76000
3f205000
3fe76000
3f205000
3fef4000
3f1a3000
3fee8000
3f1b8000
3fee8000
3f1b8000
3ff66000
3f172000
3ff78000
3f168000
3ff78000
3f168000
3fff6000
3f122000
40004000
3f118000
40004000
3f118000
40043000
3f0d2000
4004c000
3f0c8000
4004c000
3f0c8000
4008b000
3f082000
3f882000
3f87b800
3f882000
3f87b800
3f900000
3f816000
3f912000
3f807800
3f912000
3f807800
3f990000
3f744000
3f9a2000
3f727000
3f9a2000
3f727000
3fa20000
3f65c000
3fa32000
3f63f000
3fa32000
3f63f000
3fab0000
3f574000
3faa4000
3f59e000
3faa4000
3f59e000
3fb22000
3f519000
3fb34000
3f506000
3fb34000
3f506000
3fbb2000
3f481000
3fbc4000
3f46e000
3fbc4000
3f46e000
3fc42000
3f3e9000
3fc54000
3f3d6000
3fc54000
3f3d6000
3fcd2000
3f351000
3fcc6000
3f355000
3fcc6000
3f355000
3fd44000
3f2f3000
3fd56000
3f2e5000
3fd56000
3f2e5000
3fdd4000
3f283000
3fde6000
3f275000
3fde6000
3f275000
3fe64000
3f213000
3fe76000
3f205000
3fe76000
3f205000
3fef4000
3f1a3000
3fee8000
3f1b8000
3fee8000
3f1b8000
3ff66000
3f172000
3ff78000
3f168000
3ff78000
3f168000
3fff6000
3f122000
40004000
3f118000
40004000
3f118000
40043000
3f0d2000
4004c000
3f0c8000
4004c000
3f0c8000
4008b000
3f082000
3f900000
3f8e1000
3f900000
3f8e1000
3f97e000
3f87b800
3f990000
3f86d000
3f990000
3f86d000
3fa0e000
3f807800
3fa20000
3f7f2000
3fa20000
3f7f2000
3fa9e000
3f727000
3fab0000
3f70a000
3fab0000
3f70a000
3fb2e000
3f63f000
3fb3e000
3f63f000
3fb3e000
3f63f000
3fbbc000
3f5ba000
3fbce000
3f5a7000
3fbce000
3f5a7000
3fc4c000
3f522000
3fc5e000
3f50f000
3fc5e000
3f50f000
3fcdc000
3f48a000
3fcee000
3f477000
3fcee000
3f477000
3fd6c000
3f3f2000
3fd7c000
3f3e1000
3fd7c000
3f3e1000
3fdfa000
3f37f000
3fe0c000
3f371000
3fe0c000
3f371000
3fe8a000
3f30f000
3fe9c000
3f301000
3fe9c000
3f301000
3ff1a000
3f29f000
3ff2c000
3f291000
3ff2c000
3f291000
3ffaa000
3f22f000
3ffba000
3f22f000
3ffba000
3f22f000
4001c000
3f1e9000
40025000
3f1df000
40025000
3f1df000
40064000
3f199000
4006d000
3f18f000
4006d000
3f18f000
400ac000
3f149000
400b5000
3f13f000
400b5000
3f13f000
400f4000
3f0f9000
3f912000
3f8ef800
3f912000
3f8ef800
3f990000
3f88a000
3f9a2000
3f87b800
3f9a2000
3f87b800
3fa20000
3f816000
3fa32000
3f807800
3fa32000
3f807800
3fab0000
3f744000
3fac2000
3f727000
3fac2000
3f727000
3fb40000
3f65c000
3fb54000
3f656000
3fb54000
3f656000
3fbd2000
3f5d1000
3fbe4000
3f5be000
3fbe4000
3f5be000
3fc62000
3f539000
3fc74000
3f526000
3fc74000
3f526000
3fcf2000
3f4a1000
3fd04000
3f48e000
3fd04000
3f48e000
3fd82000
3f409000
3fd96000
3f3f5000
3fd96000
3f3f5000
3fe14000
3f393000
3fe26000
3f385000
3fe26000
3f385000
3fea4000
3f323000
3feb6000
3f315000
3feb6000
3f315000
3ff34000
3f2b3000
3ff46000
3f2a5000
3ff46000
3f2a5000
3ffc4000
3f243000
3ffd8000
3f240000
3ffd8000
3f240000
4002b000
3f1fa000
40034000
3f1f0000
40034000
3f1f0000
40073000
3f1aa000
4007c000
3f1a0000
4007c000
3f1a0000
400bb000
3f15a000
400c4000
3f150000
400c4000
3f150000
40103000
3f10a000
3f912000
3f8ef800
3f912000
3f8ef800
3f990000
3f88a000
3f9a2000
3f87b800
3f9a2000
3f87b800
3fa20000
3f816000
3fa32000
3f807800
3fa32000
3f807800
3fab0000
3f744000
3fac2000
3f727000
3fac2000
3f727000
3fb40000
3f65c000
3fb54000
3f656000
3fb54000
3f656000
3fbd2000
3f5d1000
3fbe4000
3f5be000
3fbe4000
3f5be000
3fc62000
3f539000
3fc74000
3f526000
3fc74000
3f526000
3fcf2000
3f4a1000
3fd04000
3f48e000
3fd04000
3f48e000
3fd82000
3f409000
3fd96000
3f3f5000
3fd96000
3f3f5000
3fe14000
3f393000
3fe26000
3f385000
3fe26000
3f385000
3fea4000
3f323000
3feb6000
3f315000
3feb6000
3f315000
3ff34000
3f2b3000
3ff46000
3f2a5000
3ff46000
3f2a5000
3ffc4000
3f243000
3ffd8000
3f240000
3ffd8000
3f240000
4002b000
3f1fa000
40034000
3f1f0000
40034000
3f1f0000
40073000
3f1aa000
4007c000
3f1a0000
4007c000
3f1a0000
400bb000
3f15a000
400c4000
3f150000
400c4000
3f150000
40103000
3f10a000
3f990000
3f955000
3f990000
3f955000
3fa0e000
3f8ef800
3fa20000
3f8e1000
3fa20000
3f8e1000
3fa9e000
3f87b800
3fab0000
3f86d000
3fab0000
3f86d000
3fb2e000
3f807800
3fb40000
3f7f2000
3fb40000
3f7f2000
3fbbe000
3f727000
3fbee000
3f6f7000
3fbee000
3f6f7000
3fc6c000
3f672000
3fc7e000
3f65f000
3fc7e000
3f65f000
3fcfc000
3f5da000
3fd0e000
3f5c7000
3fd0e000
3f5c7000
3fd8c000
3f542000
3fd9e000
3f52f000
3fd9e000
3f52f000
3fe1c000
3f4aa000
3fe4c000
3f481000
3fe4c000
3f481000
3feca000
3f41f000
3fedc000
3f411000
3fedc000
3f411000
3ff5a000
3f3af000
3ff6c000
3f3a1000
3ff6c000
3f3a1000
3ffea000
3f33f000
3fffc000
3f331000
3fffc000
3f331000
4003d000
3f2cf000
40055000
3f2b7000
40055000
3f2b7000
40094000
3f271000
4009d000
3f267000
4009d000
3f267000
400dc000
3f221000
400e5000
3f217000
400e5000
3f217000
40124000
3f1d1000
4012d000
3f1c7000
4012d000
3f1c7000
4016c000
3f181000
3f9a2000
3f963800
3f9a2000
3f963800
3fa20000
3f8fe000
3fa32000
3f8ef800
3fa32000
3f8ef800
3fab0000
3f88a000
3fac2000
3f87b800
3fac2000
3f87b800
3fb40000
3f816000
3fb52000
3f807800
3fb52000
3f807800
3fbd0000
3f744000
3fc04000
3f70e000
3fc04000
3f70e000
3fc82000
3f689000
3fc94000
3f676000
3fc94000
3f676000
3fd12000
3f5f1000
3fd24000
3f5de000
3fd24000
3f5de000
3fda2000
3f559000
3fdb4000
3f546000
3fdb4000
3f546000
3fe32000
3f4c1000
3fe66000
3f495000
3fe66000
3f495000
3fee4000
3f433000
3fef6000
3f425000
3fef6000
3f425000
3ff74000
3f3c3000
3ff86000
3f3b5000
3ff86000
3f3b5000
40002000
3f353000
4000b000
3f345000
4000b000
3f345000
4004a000
3f2e3000
40064000
3f2c8000
40064000
3f2c8000
400a3000
3f282000
400ac000
3f278000
400ac000
3f278000
400eb000
3f232000
400f4000
3f228000
400f4000
3f228000
40133000
3f1e2000
4013c000
3f1d8000
4013c000
3f1d8000
4017b000
3f192000
3f9a2000
3f963800
3f9a2000
3f963800
3fa20000
3f8fe000
3fa32000
3f8ef800
3fa32000
3f8ef800
3fab0000
3f88a000
3fac2000
3f87b800
3fac2000
3f87b800
3fb40000
3f816000
3fb52000
3f807800
3fb52000
3f807800
3fbd0000
3f744000
3fc04000
3f70e000
3fc04000
3f70e000
3fc82000
3f689000
3fc94000
3f676000
3fc94000
3f676000
3fd12000
3f5f1000
3fd24000
3f5de000
3fd24000
3f5de000
3fda2000
3f559000
3fdb4000
3f546000
3fdb4000
3f546000
3fe32000
3f4c1000
3fe66000
3f495000
3fe66000
3f495000
3fee4000
3f433000
3fef6000
3f425000
3fef6000
3f425000
3ff74000
3f3c3000
3ff86000
3f3b5000
3ff86000
3f3b5000
40002000
3f353000
4000b000
3f345000
4000b000
3f345000
4004a000
3f2e3000
40064000
3f2c8000
40064000
3f2c8000
400a3000
3f282000
400ac000
3f278000
400ac000
3f278000
400eb000
3f232000
400f4000
3f228000
400f4000
3f228000
40133000
3f1e2000
4013c000
3f1d8000
4013c000
3f1d8000
4017b000
3f192000
3fa20000
3f9c9000
3fa20000
3f9c9000
3fa9e000
3f963800
3fab0000
3f955000
3fab0000
3f955000
3fb2e000
3f8ef800
3fb40000
3f8e1000
3fb40000
3f8e1000
3fbbe000
3f87b800
3fbd0000
3f86d000
3fbd0000
3f86d000
3fc4e000
3f807800
3fc9e000
3f7af000
3fc9e000
3f7af000
3fd1c000
3f72a000
3fd2e000
3f717000
3fd2e000
3f717000
3fdac000
3f692000
3fdbe000
3f67f000
3fdbe000
3f67f000
3fe3c000
3f5fa000
3fe4e000
3f5e7000
3fe4e000
3f5e7000
3fecc000
3f562000
3ff1c000
3f521000
3ff1c000
3f521000
3ff9a000
3f4bf000
3ffac000
3f4b1000
3ffac000
3f4b1000
40015000
3f44f000
4001e000
3f441000
4001e000
3f441000
4005d000
3f3df000
40066000
3f3d1000
40066000
3f3d1000
400a5000
3f36f000
400cd000
3f33f000
400cd000
3f33f000
4010c000
3f2f9000
40115000
3f2ef000
40115000
3f2ef000
40154000
3f2a9000
4015d000
3f29f000
4015d000
3f29f000
4019c000
3f259000
401a5000
3f24f000
401a5000
3f24f000
401e4000
3f209000
3f9f4000
3fa00000
3f9f4000
3fa00000
3fa8e000
3f985800
3faa4000
3f974000
3faa4000
3f974000
3fb3e000
3f8f9800
3fb54000
3f8e8000
3fb54000
3f8e8000
3fbee000
3f86d800
3fc04000
3f85c000
3fc04000
3f85c000
3fc9e000
3f7c3000
3fc76000
3f809000
3fc76000
3f809000
3fd10000
3f771000
3fd26000
3f75a000
3fd26000
3f75a000
3fdc0000
3f6b9000
3fdd6000
3f6a2000
3fdd6000
3f6a2000
3fe70000
3f601000
3fe86000
3f5ea000
3fe86000
3f5ea000
3ff20000
3f549000
3fef8000
3f55c000
3fef8000
3f55c000
3ff92000
3f4e5000
3ffa8000
3f4d4000
3ffa8000
3f4d4000
40021000
3f45d000
4002c000
3f44c000
4002c000
3f44c000
40079000
3f3d5000
40084000
3f3c4000
40084000
3f3c4000
400d1000
3f34d000
400bd000
3f383000
400bd000
3f383000
4010a000
3f328000
40115000
3f31b000
40115000
3f31b000
40162000
3f2c0000
4016d000
3f2b3000
4016d000
3f2b3000
401ba000
3f258000
401c5000
3f24b000
401c5000
3f24b000
40212000
3f1f0000
3f9f4000
3fa00000
3f9f4000
3fa00000
3fa8e000
3f985800
3faa4000
3f974000
3faa4000
3f974000
3fb3e000
3f8f9800
3fb54000
3f8e8000
3fb54000
3f8e8000
3fbee000
3f86d800
3fc04000
3f85c000
3fc04000
3f85c000
3fc9e000
3f7c3000
3fc76000
3f809000
3fc76000
3f809000
3fd10000
3f771000
3fd26000
3f75a000
3fd26000
3f75a000
3fdc0000
3f6b9000
3fdd6000
3f6a2000
3fdd6000
3f6a2000
3fe70000
3f601000
3fe86000
3f5ea000
3fe86000
3f5ea000
3ff20000
3f549000
3fef8000
3f55c000
3fef8000
3f55c000
3ff92000
3f4e5000
3ffa8000
3f4d4000
3ffa8000
3f4d4000
40021000
3f45d000
4002c000
3f44c000
4002c000
3f44c000
40079000
3f3d5000
40084000
3f3c4000
40084000
3f3c4000
400d1000
3f34d000
400bd000
3f383000
400bd000
3f383000
4010a000
3f328000
40115000
3f31b000
40115000
3f31b000
40162000
3f2c0000
4016d000
3f2b3000
4016d000
3f2b3000
401ba000
3f258000
401c5000
3f24b000
401c5000
3f24b000
40212000
3f1f0000
3fa72000
3fa65800
3fa72000
3fa65800
3fb0c000
3f9eb000
3fb22000
3f9d9800
3fb22000
3f9d9800
3fbbc000
3f95f000
3fbd2000
3f94d800
3fbd2000
3f94d800
3fc6c000
3f8d3000
3fc82000
3f8c1800
3fc82000
3f8c1800
3fd1c000
3f847000
3fd10000
3f859800
3fd10000
3f859800
3fdaa000
3f809000
3fdc0000
3f7fb000
3fdc0000
3f7fb000
3fe5a000
3f75a000
3fe70000
3f743000
3fe70000
3f743000
3ff0a000
3f6a2000
3ff20000
3f68b000
3ff20000
3f68b000
3ffba000
3f5ea000
3ffae000
3f5e8000
3ffae000
3f5e8000
40024000
3f571000
4002f000
3f560000
4002f000
3f560000
4007c000
3f4e9000
40087000
3f4d8000
40087000
3f4d8000
400d4000
3f461000
400df000
3f450000
400df000
3f450000
4012c000
3f3d9000
40126000
3f3fa000
40126000
3f3fa000
40173000
3f39f000
4017e000
3f392000
4017e000
3f392000
401cb000
3f337000
401d6000
3f32a000
401d6000
3f32a000
40223000
3f2cf000
4022e000
3f2c2000
4022e000
3f2c2000
4027b000
3f267000
3fa84000
3fa74000
3fa84000
3fa74000
3fb1e000
3f9f9800
3fb34000
3f9e8000
3fb34000
3f9e8000
3fbce000
3f96d800
3fbe4000
3f95c000
3fbe4000
3f95c000
3fc7e000
3f8e1800
3fc94000
3f8d0000
3fc94000
3f8d0000
3fd2e000
3f855800
3fd26000
3f865000
3fd26000
3f865000
3fdc0000
3f814800
3fdd6000
3f809000
3fdd6000
3f809000
3fe70000
3f771000
3fe86000
3f75a000
3fe86000
3f75a000
3ff20000
3f6b9000
3ff36000
3f6a2000
3ff36000
3f6a2000
3ffd0000
3f601000
3ffc8000
3f5fc000
3ffc8000
3f5fc000
40031000
3f585000
4003c000
3f574000
4003c000
3f574000
40089000
3f4fd000
40094000
3f4ec000
40094000
3f4ec000
400e1000
3f475000
400ec000
3f464000
400ec000
3f464000
40139000
3f3ed000
40135000
3f40b000
40135000
3f40b000
40182000
3f3b0000
4018d000
3f3a3000
4018d000
3f3a3000
401da000
3f348000
401e5000
3f33b000
401e5000
3f33b000
40232000
3f2e0000
4023d000
3f2d3000
4023d000
3f2d3000
4028a000
3f278000
3fa84000
3fa74000
3fa84000
3fa74000
3fb1e000
3f9f9800
3fb34000
3f9e8000
3fb34000
3f9e8000
3fbce000
3f96d800
3fbe4000
3f95c000
3fbe4000
3f95c000
3fc7e000
3f8e1800
3fc94000
3f8d0000
3fc94000
3f8d0000
3fd2e000
3f855800
3fd26000
3f865000
3fd26000
3f865000
3fdc0000
3f814800
3fdd6000
3f809000
3fdd6000
3f809000
3fe70000
3f771000
3fe86000
3f75a000
3fe86000
3f75a000
3ff20000
3f6b9000
3ff36000
3f6a2000
3ff36000
3f6a2000
3ffd0000
3f601000
3ffc8000
3f5fc000
3ffc8000
3f5fc000
40031000
3f585000
4003c000
3f574000
4003c000
3f574000
40089000
3f4fd000
40094000
3f4ec000
40094000
3f4ec000
400e1000
3f475000
400ec000
3f464000
400ec000
3f464000
40139000
3f3ed000
40135000
3f40b000
40135000
3f40b000
40182000
3f3b0000
4018d000
3f3a3000
4018d000
3f3a3000
401da000
3f348000
401e5000
3f33b000
401e5000
3f33b000
40232000
3f2e0000
4023d000
3f2d3000
4023d000
3f2d3000
4028a000
3f278000
3fb02000
3fad9800
3fb02000
3fad9800
3fb9c000
3fa5f000
3fbb2000
3fa4d800
3fbb2000
3fa4d800
3fc4c000
3f9d3000
3fc62000
3f9c1800
3fc62000
3f9c1800
3fcfc000
3f947000
3fd12000
3f935800
3fd12000
3f935800
3fdac000
3f8bb000
3fdc0000
3f8b5800
3fdc0000
3f8b5800
3fe5a000
3f865000
3fe70000
3f859800
3fe70000
3f859800
3ff0a000
3f809000
3ff20000
3f7fb000
3ff20000
3f7fb000
3ffba000
3f75a000
3ffd0000
3f743000
3ffd0000
3f743000
40035000
3f6a2000
4003f000
3f688000
4003f000
3f688000
4008c000
3f611000
40097000
3f600000
40097000
3f600000
400e4000
3f589000
400ef000
3f578000
400ef000
3f578000
4013c000
3f501000
40147000
3f4f0000
40147000
3f4f0000
40194000
3f479000
4019e000
3f482000
4019e000
3f482000
401eb000
3f427000
401f6000
3f41a000
401f6000
3f41a000
40243000
3f3bf000
4024e000
3f3b2000
4024e000
3f3b2000
4029b000
3f357000
402a6000
3f34a000
402a6000
3f34a000
402f3000
3f2ef000
3fb14000
3fae8000
3fb14000
3fae8000
3fbae000
3fa6d800
3fbc4000
3fa5c000
3fbc4000
3fa5c000
3fc5e000
3f9e1800
3fc74000
3f9d0000
3fc74000
3f9d0000
3fd0e000
3f955800
3fd24000
3f944000
3fd24000
3f944000
3fdbe000
3f8c9800
3fdd6000
3f8c1000
3fdd6000
3f8c1000
3fe70000
3f870800
3fe86000
3f865000
3fe86000
3f865000
3ff20000
3f814800
3ff36000
3f809000
3ff36000
3f809000
3ffd0000
3f771000
3ffe6000
3f75a000
3ffe6000
3f75a000
40040000
3f6b9000
4004c000
3f69c000
4004c000
3f69c000
40099000
3f625000
400a4000
3f614000
400a4000
3f614000
400f1000
3f59d000
400fc000
3f58c000
400fc000
3f58c000
40149000
3f515000
40154000
3f504000
40154000
3f504000
401a1000
3f48d000
401ad000
3f493000
401ad000
3f493000
401fa000
3f438000
40205000
3f42b000
40205000
3f42b000
40252000
3f3d0000
4025d000
3f3c3000
4025d000
3f3c3000
402aa000
3f368000
402b5000
3f35b000
402b5000
3f35b000
40302000
3f300000
3fb14000
3fae8000
3fb14000
3fae8000
3fbae000
3fa6d800
3fbc4000
3fa5c000
3fbc4000
3fa5c000
3fc5e000
3f9e1800
3fc74000
3f9d0000
3fc74000
3f9d0000
3fd0e000
3f955800
3fd24000
3f944000
3fd24000
3f944000
3fdbe000
3f8c9800
3fdd6000
3f8c1000
3fdd6000
3f8c1000
3fe70000
3f870800
3fe86000
3f865000
3fe86000
3f865000
3ff20000
3f814800
3ff36000
3f809000
3ff36000
3f809000
3ffd0000
3f771000
3ffe6000
3f75a000
3ffe6000
3f75a000
40040000
3f6b9000
4004c000
3f69c000
4004c000
3f69c000
40099000
3f625000
400a4000
3f614000
400a4000
3f614000
400f1000
3f59d000
400fc000
3f58c000
400fc000
3f58c000
40149000
3f515000
40154000
3f504000
40154000
3f504000
401a1000
3f48d000
401ad000
3f493000
401ad000
3f493000
401fa000
3f438000
40205000
3f42b000
40205000
3f42b000
40252000
3f3d0000
4025d000
3f3c3000
4025d000
3f3c3000
402aa000
3f368000
402b5000
3f35b000
402b5000
3f35b000
40302000
3f300000
3fb92000
3fb4d800
3fb92000
3fb4d800
3fc2c000
3fad3000
3fc42000
3fac1800
3fc42000
3fac1800
3fcdc000
3fa47000
3fcf2000
3fa35800
3fcf2000
3fa35800
3fd8c000
3f9bb000
3fda2000
3f9a9800
3fda2000
3f9a9800
3fe3c000
3f92f000
3fe70000
3f911800
3fe70000
3f911800
3ff0a000
3f8c1000
3ff20000
3f8b5800
3ff20000
3f8b5800
3ffba000
3f865000
3ffd0000
3f859800
3ffd0000
3f859800
40035000
3f809000
40040000
3f7fb000
40040000
3f7fb000
4008d000
3f75a000
400a7000
3f728000
400a7000
3f728000
400f4000
3f6b1000
400ff000
3f6a0000
400ff000
3f6a0000
4014c000
3f629000
40157000
3f618000
40157000
3f618000
401a4000
3f5a1000
401af000
3f590000
401af000
3f590000
401fc000
3f519000
40216000
3f50a000
40216000
3f50a000
40263000
3f4af000
4026e000
3f4a2000
4026e000
3f4a2000
402bb000
3f447000
402c6000
3f43a000
402c6000
3f43a000
40313000
3f3df000
4031e000
3f3d2000
4031e000
3f3d2000
4036b000
3f377000
3fba4000
3fb5c000
3fba4000
3fb5c000
3fc3e000
3fae1800
3fc54000
3fad0000
3fc54000
3fad0000
3fcee000
3fa55800
3fd04000
3fa44000
3fd04000
3fa44000
3fd9e000
3f9c9800
3fdb4000
3f9b8000
3fdb4000
3f9b8000
3fe4e000
3f93d800
3fe86000
3f91d000
3fe86000
3f91d000
3ff20000
3f8cc800
3ff36000
3f8c1000
3ff36000
3f8c1000
3ffd0000
3f870800
3ffe6000
3f865000
3ffe6000
3f865000
40040000
3f814800
4004b000
3f809000
4004b000
3f809000
40098000
3f771000
400b4000
3f73c000
400b4000
3f73c000
40101000
3f6c5000
4010c000
3f6b4000
4010c000
3f6b4000
40159000
3f63d000
40164000
3f62c000
40164000
3f62c000
401b1000
3f5b5000
401bc000
3f5a4000
401bc000
3f5a4000
40209000
3f52d000
40225000
3f51b000
40225000
3f51b000
40272000
3f4c0000
4027d000
3f4b3000
4027d000
3f4b3000
402ca000
3f458000
402d5000
3f44b000
402d5000
3f44b000
40322000
3f3f0000
4032d000
3f3e3000
4032d000
3f3e3000
4037a000
3f388000
3fba4000
3fb5c000
3fba4000
3fb5c000
3fc3e000
3fae1800
3fc54000
3fad0000
3fc54000
3fad0000
3fcee000
3fa55800
3fd04000
3fa44000
3fd04000
3fa44000
3fd9e000
3f9c9800
3fdb4000
3f9b8000
3fdb4000
3f9b8000
3fe4e000
3f93d800
3fe86000
3f91d000
3fe86000
3f91d000
3ff20000
3f8cc800
3ff36000
3f8c1000
3ff36000
3f8c1000
3ffd0000
3f870800
3ffe6000
3f865000
3ffe6000
3f865000
40040000
3f814800
4004b000
3f809000
4004b000
3f809000
40098000
3f771000
400b4000
3f73c000
400b4000
3f73c000
40101000
3f6c5000
4010c000
3f6b4000
4010c000
3f6b4000
40159000
3f63d000
40164000
3f62c000
40164000
3f62c000
401b1000
3f5b5000
401bc000
3f5a4000
401bc000
3f5a4000
40209000
3f52d000
40225000
3f51b000
40225000
3f51b000
40272000
3f4c0000
4027d000
3f4b3000
4027d000
3f4b3000
402ca000
3f458000
402d5000
3f44b000
402d5000
3f44b000
40322000
3f3f0000
4032d000
3f3e3000
4032d000
3f3e3000
4037a000
3f388000
3fc22000
3fbc1800
3fc22000
3fbc1800
3fcbc000
3fb47000
3fcd2000
3fb35800
3fcd2000
3fb35800
3fd6c000
3fabb000
3fd82000
3faa9800
3fd82000
3faa9800
3fe1c000
3fa2f000
3fe32000
3fa1d800
3fe32000
3fa1d800
3fecc000
3f9a3000
3ff20000
3f96d800
3ff20000
3f96d800
3ffba000
3f91d000
3ffd0000
3f911800
3ffd0000
3f911800
40035000
3f8c1000
40040000
3f8b5800
40040000
3f8b5800
4008d000
3f865000
40098000
3f859800
40098000
3f859800
400e5000
3f809000
4010f000
3f7c8000
4010f000
3f7c8000
4015c000
3f751000
40167000
3f740000
40167000
3f740000
401b4000
3f6c9000
401bf000
3f6b8000
401bf000
3f6b8000
4020c000
3f641000
40217000
3f630000
40217000
3f630000
40264000
3f5b9000
4028e000
3f592000
4028e000
3f592000
402db000
3f537000
402e6000
3f52a000
402e6000
3f52a000
40333000
3f4cf000
4033e000
3f4c2000
4033e000
3f4c2000
4038b000
3f467000
40396000
3f45a000
40396000
3f45a000
403e3000
3f3ff000
3fbf6000
3fbf9000
3fbf6000
3fbf9000
3fcac000
3fb69800
3fcc6000
3fb55000
3fcc6000
3fb55000
3fd7c000
3fac5800
3fd96000
3fab1000
3fd96000
3fab1000
3fe4c000
3fa21800
3fe66000
3fa0d000
3fe66000
3fa0d000
3ff1c000
3f97d800
3fef8000
3f9a7000
3fef8000
3f9a7000
3ffae000
3f945000
3ffc8000
3f937000
3ffc8000
3f937000
4003f000
3f8d5000
4004c000
3f8c7000
4004c000
3f8c7000
400a7000
3f865000
400b4000
3f857000
400b4000
3f857000
4010f000
3f7ea000
400fd000
3f801000
400fd000
3f801000
40158000
3f776000
40165000
3f762000
40165000
3f762000
401c0000
3f6d6000
401cd000
3f6c2000
401cd000
3f6c2000
40228000
3f636000
40235000
3f622000
40235000
3f622000
40290000
3f596000
4027e000
3f5c7000
4027e000
3f5c7000
402d9000
3f55e000
402e6000
3f54f000
402e6000
3f54f000
40341000
3f4e6000
4034e000
3f4d7000
4034e000
3f4d7000
403a9000
3f46e000
403b6000
3f45f000
403b6000
3f45f000
40411000
3f3f6000
3fbf6000
3fbf9000
3fbf6000
3fbf9000
3fcac000
3fb69800
3fcc6000
3fb55000
3fcc6000
3fb55000
3fd7c000
3fac5800
3fd96000
3fab1000
3fd96000
3fab1000
3fe4c000
3fa21800
3fe66000
3fa0d000
3fe66000
3fa0d000
3ff1c000
3f97d800
3fef8000
3f9a7000
3fef8000
3f9a7000
3ffae000
3f945000
3ffc8000
3f937000
3ffc8000
3f937000
4003f000
3f8d5000
4004c000
3f8c7000
4004c000
3f8c7000
400a7000
3f865000
400b4000
3f857000
400b4000
3f857000
4010f000
3f7ea000
400fd000
3f801000
400fd000
3f801000
40158000
3f776000
40165000
3f762000
40165000
3f762000
401c0000
3f6d6000
401cd000
3f6c2000
401cd000
3f6c2000
40228000
3f636000
40235000
3f622000
40235000
3f622000
40290000
3f596000
4027e000
3f5c7000
4027e000
3f5c7000
402d9000
3f55e000
402e6000
3f54f000
402e6000
3f54f000
40341000
3f4e6000
4034e000
3f4d7000
4034e000
3f4d7000
403a9000
3f46e000
403b6000
3f45f000
403b6000
3f45f000
40411000
3f3f6000
3fc74000
3fc5e800
3fc74000
3fc5e800
3fd2a000
3fbcf000
3fd44000
3fbba800
3fd44000
3fbba800
3fdfa000
3fb2b000
3fe14000
3fb16800
3fe14000
3fb16800
3feca000
3fa87000
3fee4000
3fa72800
3fee4000
3fa72800
3ff9a000
3f9e3000
3ff92000
3f9f7800
3ff92000
3f9f7800
40024000
3f995800
40031000
3f987800
40031000
3f987800
4008c000
3f925800
40099000
3f917800
40099000
3f917800
400f4000
3f8b5800
40101000
3f8a7800
40101000
3f8a7800
4015c000
3f845800
40158000
3f847000
40158000
3f847000
401b3000
3f801000
401c0000
3f7ee000
401c0000
3f7ee000
4021b000
3f762000
40228000
3f74e000
40228000
3f74e000
40283000
3f6c2000
40290000
3f6ae000
40290000
3f6ae000
402eb000
3f622000
402e7000
3f63e000
402e7000
3f63e000
40342000
3f5d5000
4034f000
3f5c6000
4034f000
3f5c6000
403aa000
3f55d000
403b7000
3f54e000
403b7000
3f54e000
40412000
3f4e5000
4041f000
3f4d6000
4041f000
3f4d6000
4047a000
3f46d000
3fc86000
3fc6d000
3fc86000
3fc6d000
3fd3c000
3fbdd800
3fd56000
3fbc9000
3fd56000
3fbc9000
3fe0c000
3fb39800
3fe26000
3fb25000
3fe26000
3fb25000
3fedc000
3fa95800
3fef6000
3fa81000
3fef6000
3fa81000
3ffac000
3f9f1800
3ffa8000
3fa03000
3ffa8000
3fa03000
4002f000
3f9a1000
4003c000
3f993000
4003c000
3f993000
40097000
3f931000
400a4000
3f923000
400a4000
3f923000
400ff000
3f8c1000
4010c000
3f8b3000
4010c000
3f8b3000
40167000
3f851000
40165000
3f851000
40165000
3f851000
401c0000
3f80b000
401cd000
3f801000
401cd000
3f801000
40228000
3f776000
40235000
3f762000
40235000
3f762000
40290000
3f6d6000
4029d000
3f6c2000
4029d000
3f6c2000
402f8000
3f636000
402f6000
3f64f000
402f6000
3f64f000
40351000
3f5e6000
4035e000
3f5d7000
4035e000
3f5d7000
403b9000
3f56e000
403c6000
3f55f000
403c6000
3f55f000
40421000
3f4f6000
4042e000
3f4e7000
4042e000
3f4e7000
40489000
3f47e000
3fc86000
3fc6d000
3fc86000
3fc6d000
3fd3c000
3fbdd800
3fd56000
3fbc9000
3fd56000
3fbc9000
3fe0c000
3fb39800
3fe26000
3fb25000
3fe26000
3fb25000
3fedc000
3fa95800
3fef6000
3fa81000
3fef6000
3fa81000
3ffac000
3f9f1800
3ffa8000
3fa03000
3ffa8000
3fa03000
4002f000
3f9a1000
4003c000
3f993000
4003c000
3f993000
40097000
3f931000
400a4000
3f923000
400a4000
3f923000
400ff000
3f8c1000
4010c000
3f8b3000
4010c000
3f8b3000
40167000
3f851000
40165000
3f851000
40165000
3f851000
401c0000
3f80b000
401cd000
3f801000
401cd000
3f801000
40228000
3f776000
40235000
3f762000
40235000
3f762000
40290000
3f6d6000
4029d000
3f6c2000
4029d000
3f6c2000
402f8000
3f636000
402f6000
3f64f000
402f6000
3f64f000
40351000
3f5e6000
4035e000
3f5d7000
4035e000
3f5d7000
403b9000
3f56e000
403c6000
3f55f000
403c6000
3f55f000
40421000
3f4f6000
4042e000
3f4e7000
4042e000
3f4e7000
40489000
3f47e000
3fd04000
3fcd2800
3fd04000
3fcd2800
3fdba000
3fc43000
3fdd4000
3fc2e800
3fdd4000
3fc2e800
3fe8a000
3fb9f000
3fea4000
3fb8a800
3fea4000
3fb8a800
3ff5a000
3fafb000
3ff74000
3fae6800
3ff74000
3fae6800
40015000
3fa57000
40021000
3fa53800
40021000
3fa53800
4007c000
3f9f1800
40089000
3f9e3800
40089000
3f9e3800
400e4000
3f981800
400f1000
3f973800
400f1000
3f973800
4014c000
3f911800
40159000
3f903800
40159000
3f903800
401b4000
3f8a1800
401c0000
3f897000
401c0000
3f897000
4021b000
3f851000
40228000
3f847000
40228000
3f847000
40283000
3f801000
40290000
3f7ee000
40290000
3f7ee000
402eb000
3f762000
402f8000
3f74e000
402f8000
3f74e000
40353000
3f6c2000
4035f000
3f6c6000
4035f000
3f6c6000
403ba000
3f65d000
403c7000
3f64e000
403c7000
3f64e000
40422000
3f5e5000
4042f000
3f5d6000
4042f000
3f5d6000
4048a000
3f56d000
40497000
3f55e000
40497000
3f55e000
404f2000
3f4f5000
3fd16000
3fce1000
3fd16000
3fce1000
3fdcc000
3fc51800
3fde6000
3fc3d000
3fde6000
3fc3d000
3fe9c000
3fbad800
3feb6000
3fb99000
3feb6000
3fb99000
3ff6c000
3fb09800
3ff86000
3faf5000
3ff86000
3faf5000
4001e000
3fa65800
4002c000
3fa5f000
4002c000
3fa5f000
40087000
3f9fd000
40094000
3f9ef000
40094000
3f9ef000
400ef000
3f98d000
400fc000
3f97f000
400fc000
3f97f000
40157000
3f91d000
40164000
3f90f000
40164000
3f90f000
401bf000
3f8ad000
401cd000
3f8a1000
401cd000
3f8a1000
40228000
3f85b000
40235000
3f851000
40235000
3f851000
40290000
3f80b000
4029d000
3f801000
4029d000
3f801000
402f8000
3f776000
40305000
3f762000
40305000
3f762000
40360000
3f6d6000
4036e000
3f6d7000
4036e000
3f6d7000
403c9000
3f66e000
403d6000
3f65f000
403d6000
3f65f000
40431000
3f5f6000
4043e000
3f5e7000
4043e000
3f5e7000
40499000
3f57e000
404a6000
3f56f000
404a6000
3f56f000
40501000
3f506000
3fd16000
3fce1000
3fd16000
3fce1000
3fdcc000
3fc51800
3fde6000
3fc3d000
3fde6000
3fc3d000
3fe9c000
3fbad800
3feb6000
3fb99000
3feb6000
3fb99000
3ff6c000
3fb09800
3ff86000
3faf5000
3ff86000
3faf5000
4001e000
3fa65800
4002c000
3fa5f000
4002c000
3fa5f000
40087000
3f9fd000
40094000
3f9ef000
40094000
3f9ef000
400ef000
3f98d000
400fc000
3f97f000
400fc000
3f97f000
40157000
3f91d000
40164000
3f90f000
40164000
3f90f000
401bf000
3f8ad000
401cd000
3f8a1000
401cd000
3f8a1000
40228000
3f85b000
40235000
3f851000
40235000
3f851000
40290000
3f80b000
4029d000
3f801000
4029d000
3f801000
402f8000
3f776000
40305000
3f762000
40305000
3f762000
40360000
3f6d6000
4036e000
3f6d7000
4036e000
3f6d7000
403c9000
3f66e000
403d6000
3f65f000
403d6000
3f65f000
40431000
3f5f6000
4043e000
3f5e7000
4043e000
3f5e7000
40499000
3f57e000
404a6000
3f56f000
404a6000
3f56f000
40501000
3f506000
3fd94000
3fd46800
3fd94000
3fd46800
3fe4a000
3fcb7000
3fe64000
3fca2800
3fe64000
3fca2800
3ff1a000
3fc13000
3ff34000
3fbfe800
3ff34000
3fbfe800
3ffea000
3fb6f000
40002000
3fb5a800
40002000
3fb5a800
4005d000
3facb000
40079000
3faaf800
40079000
3faaf800
400d4000
3fa4d800
400e1000
3fa3f800
400e1000
3fa3f800
4013c000
3f9dd800
40149000
3f9cf800
40149000
3f9cf800
401a4000
3f96d800
401b1000
3f95f800
401b1000
3f95f800
4020c000
3f8fd800
40228000
3f8e7000
40228000
3f8e7000
40283000
3f8a1000
40290000
3f897000
40290000
3f897000
402eb000
3f851000
402f8000
3f847000
402f8000
3f847000
40353000
3f801000
40360000
3f7ee000
40360000
3f7ee000
403bb000
3f762000
403d7000
3f74e000
403d7000
3f74e000
40432000
3f6e5000
4043f000
3f6d6000
4043f000
3f6d6000
4049a000
3f66d000
404a7000
3f65e000
404a7000
3f65e000
40502000
3f5f5000
4050f000
3f5e6000
4050f000
3f5e6000
4056a000
3f57d000
3fda6000
3fd55000
3fda6000
3fd55000
3fe5c000
3fcc5800
3fe76000
3fcb1000
3fe76000
3fcb1000
3ff2c000
3fc21800
3ff46000
3fc0d000
3ff46000
3fc0d000
3fffc000
3fb7d800
4000b000
3fb69000
4000b000
3fb69000
40066000
3fad9800
40084000
3fabb000
40084000
3fabb000
400df000
3fa59000
400ec000
3fa4b000
400ec000
3fa4b000
40147000
3f9e9000
40154000
3f9db000
40154000
3f9db000
401af000
3f979000
401bc000
3f96b000
401bc000
3f96b000
40217000
3f909000
40235000
3f8f1000
40235000
3f8f1000
40290000
3f8ab000
4029d000
3f8a1000
4029d000
3f8a1000
402f8000
3f85b000
40305000
3f851000
40305000
3f851000
40360000
3f80b000
4036d000
3f801000
4036d000
3f801000
403c8000
3f776000
403e6000
3f75f000
403e6000
3f75f000
40441000
3f6f6000
4044e000
3f6e7000
4044e000
3f6e7000
404a9000
3f67e000
404b6000
3f66f000
404b6000
3f66f000
40511000
3f606000
4051e000
3f5f7000
4051e000
3f5f7000
40579000
3f58e000
3fda6000
3fd55000
3fda6000
3fd55000
3fe5c000
3fcc5800
3fe76000
3fcb1000
3fe76000
3fcb1000
3ff2c000
3fc21800
3ff46000
3fc0d000
3ff46000
3fc0d000
3fffc000
3fb7d800
4000b000
3fb69000
4000b000
3fb69000
40066000
3fad9800
40084000
3fabb000
40084000
3fabb000
400df000
3fa59000
400ec000
3fa4b000
400ec000
3fa4b000
40147000
3f9e9000
40154000
3f9db000
40154000
3f9db000
401af000
3f979000
401bc000
3f96b000
401bc000
3f96b000
40217000
3f909000
40235000
3f8f1000
40235000
3f8f1000
40290000
3f8ab000
4029d000
3f8a1000
4029d000
3f8a1000
402f8000
3f85b000
40305000
3f851000
40305000
3f851000
40360000
3f80b000
4036d000
3f801000
4036d000
3f801000
403c8000
3f776000
403e6000
3f75f000
403e6000
3f75f000
40441000
3f6f6000
4044e000
3f6e7000
4044e000
3f6e7000
404a9000
3f67e000
404b6000
3f66f000
404b6000
3f66f000
40511000
3f606000
4051e000
3f5f7000
4051e000
3f5f7000
40579000
3f58e000
3fe24000
3fdba800
3fe24000
3fdba800
3feda000
3fd2b000
3fef4000
3fd16800
3fef4000
3fd16800
3ffaa000
3fc87000
3ffc4000
3fc72800
3ffc4000
3fc72800
4003d000
3fbe3000
4004a000
3fbce800
4004a000
3fbce800
400a5000
3fb3f000
400d1000
3fb0b800
400d1000
3fb0b800
4012c000
3faa9800
40139000
3fa9b800
40139000
3fa9b800
40194000
3fa39800
401a1000
3fa2b800
401a1000
3fa2b800
401fc000
3f9c9800
40209000
3f9bb800
40209000
3f9bb800
40264000
3f959800
40290000
3f937000
40290000
3f937000
402eb000
3f8f1000
402f8000
3f8e7000
402f8000
3f8e7000
40353000
3f8a1000
40360000
3f897000
40360000
3f897000
403bb000
3f851000
403c8000
3f847000
403c8000
3f847000
40423000
3f801000
4044f000
3f7d6000
4044f000
3f7d6000
404aa000
3f76d000
404b7000
3f75e000
404b7000
3f75e000
40512000
3f6f5000
4051f000
3f6e6000
4051f000
3f6e6000
4057a000
3f67d000
40587000
3f66e000
40587000
3f66e000
405e2000
3f605000
3fdf8000
3fdf9800
3fdf8000
3fdf9800
3feca000
3fd51800
3fee8000
3fd39800
3fee8000
3fd39800
3ffba000
3fc91800
3ffd8000
3fc79800
3ffd8000
3fc79800
40055000
3fbd1800
40064000
3fbb9800
40064000
3fbb9800
400cd000
3fb11800
400bd000
3fb3d000
400bd000
3fb3d000
40126000
3facd000
40135000
3fabd000
40135000
3fabd000
4019e000
3fa4d000
401ad000
3fa3d000
401ad000
3fa3d000
40216000
3f9cd000
40225000
3f9bd000
40225000
3f9bd000
4028e000
3f94d000
4027e000
3f954800
4027e000
3f954800
402e7000
3f904000
402f6000
3f8f8800
402f6000
3f8f8800
4035f000
3f8a8000
4036e000
3f89c800
4036e000
3f89c800
403d7000
3f84c000
403e6000
3f840800
403e6000
3f840800
4044f000
3f7e0000
4043f000
3f805000
4043f000
3f805000
404a8000
3f793000
404b7000
3f782000
404b7000
3f782000
40520000
3f70b000
4052f000
3f6fa000
4052f000
3f6fa000
40598000
3f683000
405a7000
3f672000
405a7000
3f672000
40610000
3f5fb000
3fdf8000
3fdf9800
3fdf8000
3fdf9800
3feca000
3fd51800
3fee8000
3fd39800
3fee8000
3fd39800
3ffba000
3fc91800
3ffd8000
3fc79800
3ffd8000
3fc79800
40055000
3fbd1800
40064000
3fbb9800
40064000
3fbb9800
400cd000
3fb11800
400bd000
3fb3d000
400bd000
3fb3d000
40126000
3facd000
40135000
3fabd000
40135000
3fabd000
4019e000
3fa4d000
401ad000
3fa3d000
401ad000
3fa3d000
40216000
3f9cd000
40225000
3f9bd000
40225000
3f9bd000
4028e000
3f94d000
4027e000
3f954800
4027e000
3f954800
402e7000
3f904000
402f6000
3f8f8800
402f6000
3f8f8800
4035f000
3f8a8000
4036e000
3f89c800
4036e000
3f89c800
403d7000
3f84c000
403e6000
3f840800
403e6000
3f840800
4044f000
3f7e0000
4043f000
3f805000
4043f000
3f805000
404a8000
3f793000
404b7000
3f782000
404b7000
3f782000
40520000
3f70b000
4052f000
3f6fa000
4052f000
3f6fa000
40598000
3f683000
405a7000
3f672000
405a7000
3f672000
40610000
3f5fb000
3fe76000
3fe5f000
3fe76000
3fe5f000
3ff48000
3fdb7000
3ff66000
3fd9f000
3ff66000
3fd9f000
4001c000
3fcf7000
4002b000
3fcdf000
4002b000
3fcdf000
40094000
3fc37000
400a3000
3fc1f000
400a3000
3fc1f000
4010c000
3fb77000
4010a000
3fb8d800
4010a000
3fb8d800
40173000
3fb1d800
40182000
3fb0d800
40182000
3fb0d800
401eb000
3fa9d800
401fa000
3fa8d800
401fa000
3fa8d800
40263000
3fa1d800
40272000
3fa0d800
40272000
3fa0d800
402db000
3f99d800
402d9000
3f99a800
402d9000
3f99a800
40342000
3f94a000
40351000
3f93e800
40351000
3f93e800
403ba000
3f8ee000
403c9000
3f8e2800
403c9000
3f8e2800
40432000
3f892000
40441000
3f886800
40441000
3f886800
404aa000
3f836000
404a8000
3f840800
404a8000
3f840800
40511000
3f805000
40520000
3f7f9000
40520000
3f7f9000
40589000
3f782000
40598000
3f771000
40598000
3f771000
40601000
3f6fa000
40610000
3f6e9000
40610000
3f6e9000
40679000
3f672000
3fe88000
3fe6d800
3fe88000
3fe6d800
3ff5a000
3fdc5800
3ff78000
3fdad800
3ff78000
3fdad800
40025000
3fd05800
40034000
3fced800
40034000
3fced800
4009d000
3fc45800
400ac000
3fc2d800
400ac000
3fc2d800
40115000
3fb85800
40115000
3fb99000
40115000
3fb99000
4017e000
3fb29000
4018d000
3fb19000
4018d000
3fb19000
401f6000
3faa9000
40205000
3fa99000
40205000
3fa99000
4026e000
3fa29000
4027d000
3fa19000
4027d000
3fa19000
402e6000
3f9a9000
402e6000
3f9a4800
402e6000
3f9a4800
4034f000
3f954000
4035e000
3f948800
4035e000
3f948800
403c7000
3f8f8000
403d6000
3f8ec800
403d6000
3f8ec800
4043f000
3f89c000
4044e000
3f890800
4044e000
3f890800
404b7000
3f840000
404b7000
3f849000
404b7000
3f849000
40520000
3f80d800
4052f000
3f805000
4052f000
3f805000
40598000
3f793000
405a7000
3f782000
405a7000
3f782000
40610000
3f70b000
4061f000
3f6fa000
4061f000
3f6fa000
40688000
3f683000
3fe88000
3fe6d800
3fe88000
3fe6d800
3ff5a000
3fdc5800
3ff78000
3fdad800
3ff78000
3fdad800
40025000
3fd05800
40034000
3fced800
40034000
3fced800
4009d000
3fc45800
400ac000
3fc2d800
400ac000
3fc2d800
40115000
3fb85800
40115000
3fb99000
40115000
3fb99000
4017e000
3fb29000
4018d000
3fb19000
4018d000
3fb19000
401f6000
3faa9000
40205000
3fa99000
40205000
3fa99000
4026e000
3fa29000
4027d000
3fa19000
4027d000
3fa19000
402e6000
3f9a9000
402e6000
3f9a4800
402e6000
3f9a4800
4034f000
3f954000
4035e000
3f948800
4035e000
3f948800
403c7000
3f8f8000
403d6000
3f8ec800
403d6000
3f8ec800
4043f000
3f89c000
4044e000
3f890800
4044e000
3f890800
404b7000
3f840000
404b7000
3f849000
404b7000
3f849000
40520000
3f80d800
4052f000
3f805000
4052f000
3f805000
40598000
3f793000
405a7000
3f782000
405a7000
3f782000
40610000
3f70b000
4061f000
3f6fa000
4061f000
3f6fa000
40688000
3f683000
3ff06000
3fed3000
3ff06000
3fed3000
3ffd8000
3fe2b000
3fff6000
3fe13000
3fff6000
3fe13000
40064000
3fd6b000
40073000
3fd53000
40073000
3fd53000
400dc000
3fcab000
400eb000
3fc93000
400eb000
3fc93000
40154000
3fbeb000
40162000
3fbe9800
40162000
3fbe9800
401cb000
3fb79800
401da000
3fb69800
401da000
3fb69800
40243000
3faf9800
40252000
3fae9800
40252000
3fae9800
402bb000
3fa79800
402ca000
3fa69800
402ca000
3fa69800
40333000
3f9f9800
40341000
3f9ea800
40341000
3f9ea800
403aa000
3f99a000
403b9000
3f98e800
403b9000
3f98e800
40422000
3f93e000
40431000
3f932800
40431000
3f932800
4049a000
3f8e2000
404a9000
3f8d6800
404a9000
3f8d6800
40512000
3f886000
40520000
3f884800
40520000
3f884800
40589000
3f849000
40598000
3f840800
40598000
3f840800
40601000
3f805000
40610000
3f7f9000
40610000
3f7f9000
40679000
3f782000
40688000
3f771000
40688000
3f771000
406f1000
3f6fa000
3ff18000
3fee1800
3ff18000
3fee1800
3ffea000
3fe39800
40004000
3fe21800
40004000
3fe21800
4006d000
3fd79800
4007c000
3fd61800
4007c000
3fd61800
400e5000
3fcb9800
400f4000
3fca1800
400f4000
3fca1800
4015d000
3fbf9800
4016d000
3fbf5000
4016d000
3fbf5000
401d6000
3fb85000
401e5000
3fb75000
401e5000
3fb75000
4024e000
3fb05000
4025d000
3faf5000
4025d000
3faf5000
402c6000
3fa85000
402d5000
3fa75000
402d5000
3fa75000
4033e000
3fa05000
4034e000
3f9f4800
4034e000
3f9f4800
403b7000
3f9a4000
403c6000
3f998800
403c6000
3f998800
4042f000
3f948000
4043e000
3f93c800
4043e000
3f93c800
404a7000
3f8ec000
404b6000
3f8e0800
404b6000
3f8e0800
4051f000
3f890000
4052f000
3f88d000
4052f000
3f88d000
40598000
3f851800
405a7000
3f849000
405a7000
3f849000
40610000
3f80d800
4061f000
3f805000
4061f000
3f805000
40688000
3f793000
40697000
3f782000
40697000
3f782000
40700000
3f70b000
3ff18000
3fee1800
3ff18000
3fee1800
3ffea000
3fe39800
40004000
3fe21800
40004000
3fe21800
4006d000
3fd79800
4007c000
3fd61800
4007c000
3fd61800
400e5000
3fcb9800
400f4000
3fca1800
400f4000
3fca1800
4015d000
3fbf9800
4016d000
3fbf5000
4016d000
3fbf5000
401d6000
3fb85000
401e5000
3fb75000
401e5000
3fb75000
4024e000
3fb05000
4025d000
3faf5000
4025d000
3faf5000
402c6000
3fa85000
402d5000
3fa75000
402d5000
3fa75000
4033e000
3fa05000
4034e000
3f9f4800
4034e000
3f9f4800
403b7000
3f9a4000
403c6000
3f998800
403c6000
3f998800
4042f000
3f948000
4043e000
3f93c800
4043e000
3f93c800
404a7000
3f8ec000
404b6000
3f8e0800
404b6000
3f8e0800
4051f000
3f890000
4052f000
3f88d000
4052f000
3f88d000
40598000
3f851800
405a7000
3f849000
405a7000
3f849000
40610000
3f80d800
4061f000
3f805000
4061f000
3f805000
40688000
3f793000
40697000
3f782000
40697000
3f782000
40700000
3f70b000
3ff96000
3ff47000
3ff96000
3ff47000
40034000
3fe9f000
40043000
3fe87000
40043000
3fe87000
400ac000
3fddf000
400bb000
3fdc7000
400bb000
3fdc7000
40124000
3fd1f000
40133000
3fd07000
40133000
3fd07000
4019c000
3fc5f000
401ba000
3fc45800
401ba000
3fc45800
40223000
3fbd5800
40232000
3fbc5800
40232000
3fbc5800
4029b000
3fb55800
402aa000
3fb45800
402aa000
3fb45800
40313000
3fad5800
40322000
3fac5800
40322000
3fac5800
4038b000
3fa55800
403a9000
3fa3a800
403a9000
3fa3a800
40412000
3f9ea000
40421000
3f9de800
40421000
3f9de800
4048a000
3f98e000
40499000
3f982800
40499000
3f982800
40502000
3f932000
40511000
3f926800
40511000
3f926800
4057a000
3f8d6000
40598000
3f8c8800
40598000
3f8c8800
40601000
3f88d000
40610000
3f884800
40610000
3f884800
40679000
3f849000
40688000
3f840800
40688000
3f840800
406f1000
3f805000
40700000
3f7f9000
40700000
3f7f9000
40769000
3f782000
3ffa8000
3ff55800
3ffa8000
3ff55800
4003d000
3fead800
4004c000
3fe95800
4004c000
3fe95800
400b5000
3fded800
400c4000
3fdd5800
400c4000
3fdd5800
4012d000
3fd2d800
4013c000
3fd15800
4013c000
3fd15800
401a5000
3fc6d800
401c5000
3fc51000
401c5000
3fc51000
4022e000
3fbe1000
4023d000
3fbd1000
4023d000
3fbd1000
402a6000
3fb61000
402b5000
3fb51000
402b5000
3fb51000
4031e000
3fae1000
4032d000
3fad1000
4032d000
3fad1000
40396000
3fa61000
403b6000
3fa44800
403b6000
3fa44800
4041f000
3f9f4000
4042e000
3f9e8800
4042e000
3f9e8800
40497000
3f998000
404a6000
3f98c800
404a6000
3f98c800
4050f000
3f93c000
4051e000
3f930800
4051e000
3f930800
40587000
3f8e0000
405a7000
3f8d1000
405a7000
3f8d1000
40610000
3f895800
4061f000
3f88d000
4061f000
3f88d000
40688000
3f851800
40697000
3f849000
40697000
3f849000
40700000
3f80d800
4070f000
3f805000
4070f000
3f805000
40778000
3f793000
3ffa8000
3ff55800
3ffa8000
3ff55800
4003d000
3fead800
4004c000
3fe95800
4004c000
3fe95800
400b5000
3fded800
400c4000
3fdd5800
400c4000
3fdd5800
4012d000
3fd2d800
4013c000
3fd15800
4013c000
3fd15800
401a5000
3fc6d800
401c5000
3fc51000
401c5000
3fc51000
4022e000
3fbe1000
4023d000
3fbd1000
4023d000
3fbd1000
402a6000
3fb61000
402b5000
3fb51000
402b5000
3fb51000
4031e000
3fae1000
4032d000
3fad1000
4032d000
3fad1000
40396000
3fa61000
403b6000
3fa44800
403b6000
3fa44800
4041f000
3f9f4000
4042e000
3f9e8800
4042e000
3f9e8800
40497000
3f998000
404a6000
3f98c800
404a6000
3f98c800
4050f000
3f93c000
4051e000
3f930800
4051e000
3f930800
40587000
3f8e0000
405a7000
3f8d1000
405a7000
3f8d1000
40610000
3f895800
4061f000
3f88d000
4061f000
3f88d000
40688000
3f851800
40697000
3f849000
40697000
3f849000
40700000
3f80d800
4070f000
3f805000
4070f000
3f805000
40778000
3f793000
40013000
3ffbb000
40013000
3ffbb000
4007c000
3ff13000
4008b000
3fefb000
4008b000
3fefb000
400f4000
3fe53000
40103000
3fe3b000
40103000
3fe3b000
4016c000
3fd93000
4017b000
3fd7b000
4017b000
3fd7b000
401e4000
3fcd3000
40212000
3fca1800
40212000
3fca1800
4027b000
3fc31800
4028a000
3fc21800
4028a000
3fc21800
402f3000
3fbb1800
40302000
3fba1800
40302000
3fba1800
4036b000
3fb31800
4037a000
3fb21800
4037a000
3fb21800
403e3000
3fab1800
40411000
3fa8a800
40411000
3fa8a800
4047a000
3fa3a000
40489000
3fa2e800
40489000
3fa2e800
404f2000
3f9de000
40501000
3f9d2800
40501000
3f9d2800
4056a000
3f982000
40579000
3f976800
40579000
3f976800
405e2000
3f926000
40610000
3f90c800
40610000
3f90c800
40679000
3f8d1000
40688000
3f8c8800
40688000
3f8c8800
406f1000
3f88d000
40700000
3f884800
40700000
3f884800
40769000
3f849000
40778000
3f840800
40778000
3f840800
407e1000
3f805000
3f7e4000
3f807800
3f7e4000
3f807800
3f7e4000
3f807800
3f7e4000
3f807800
3f7e4000
3f807800
3f7e4000
3f807800
3f7e4000
3f807800
3f7e4000
3f807800
3f7e4000
3f807800
3f7e4000
3f807800
3f7e4000
3f807800
3f7e4000
3f807800
3f7e4000
3f807800
3f7e4000
3f807800
3f7e4000
3f807800
3f7e4000
3f807800
3f7e4000
3f807800
3f7e4000
3f807800
3f7e4000
3f807800
3f7e4000
3f807800
3f7e4000
3f807800
3f7e4000
3f807800
3f7e4000
3f807800
3f7e4000
3f807800
3f7e4000
3f807800
3f7e4000
3f807800
3f7e4000
3f807800
3f7e4000
3f807800
3f7e4000
3f807800
3f7e4000
3f807800
3f7e4000
3f807800
3f7e4000
3f807800
3f7e4000
3f807800
3f7e4000
3f807800
3f7e4000
3f807800
3f7e4000
3f807800
3f7e4000
3f807800
3f7e4000
3f807800
3f7e4000
3f807800
3f7e4000
3f807800
3f7e4000
3f807800
3f7e4000
3f807800
3f7e4000
3f807800
3f7e4000
3f807800
3f7e4000
3f807800
3f7e4000
3f807800
3f7e4000
3f807800
3f7e4000
3f807800
3f7e4000
3f807800
3f7e4000
3f807800
3f7e4000
3f807800
3f7e4000
3f807800
3f7e4000
3f807800
3f7e4000
3f807800
3f7e4000
3f807800
3f7e4000
3f807800
3f7e4000
3f807800
3f7e4000
3f807800
3f7e4000
3f807800
3f7e4000
3f807800
3f7e4000
3f807800
3f7e4000
3f807800
3f7e4000
3f807800
3f7e4000
3f807800
3f7e4000
3f807800
3f7e4000
3f807800
3f816000
3f807800
3f816000
3f807800
3f816000
3f807800
3f816000
3f807800
3f816000
3f807800
3f816000
3f807800
3f816000
3f807800
3f816000
3f807800
3f816000
3f807800
3f816000
3f807800
3f816000
3f807800
3f816000
3f807800
3f816000
3f807800
3f816000
3f807800
3f816000
3f807800
3f816000
3f807800
3f816000
3f807800
3f816000
3f807800
3f816000
3f807800
3f816000
3f807800
3f816000
3f807800
3f816000
3f807800
3f816000
3f807800
3f816000
3f807800
3f816000
3f807800
3f816000
3f807800
3f816000
3f807800
3f816000
3f807800
3f816000
3f807800
3f816000
3f807800
3f816000
3f807800
3f816000
3f807800
3f816000
3f807800
3f816000
3f807800
3f816000
3f807800
3f816000
3f807800
3f816000
3f807800
3f816000
3f807800
3f816000
3f807800
3f816000
3f807800
3f816000
3f807800
3f816000
3f807800
3f816000
3f807800
3f816000
3f807800
3f816000
3f807800
3f816000
3f807800
3f816000
3f807800
3f816000
3f807800
3f816000
3f807800
3f816000
3f807800
3f816000
3f807800
3f816000
3f807800
3f816000
3f807800
3f816000
3f807800
3f816000
3f807800
3f816000
3f807800
3f816000
3f807800
3f816000
3f807800
3f816000
3f807800
3f816000
3f807800
3f816000
3f807800
3f816000
3f807800
3f816000
3f807800
3f816000
3f807800
3f816000
3f807800
3f816000
3f807800
3f83a000
3f807800
3f83a000
3f807800
3f83a000
3f807800
3f83a000
3f807800
3f83a000
3f807800
3f83a000
3f807800
3f83a000
3f807800
3f83a000
3f807800
3f83a000
3f807800
3f83a000
3f807800
3f83a000
3f807800
3f83a000
3f807800
3f83a000
3f807800
3f83a000
3f807800
3f83a000
3f807800
3f83a000
3f807800
3f83a000
3f807800
3f83a000
3f807800
3f83a000
3f807800
3f83a000
3f807800
3f83a000
3f807800
3f83a000
3f807800
3f83a000
3f807800
3f83a000
3f807800
3f83a000
3f807800
3f83a000
3f807800
3f83a000
3f807800
3f83a000
3f807800
3f83a000
3f807800
3f83a000
3f807800
3f83a000
3f807800
3f83a000
3f807800
3f83a000
3f807800
3f83a000
3f807800
3f83a000
3f807800
3f83a000
3f807800
3f83a000
3f807800
3f83a000
3f807800
3f83a000
3f807800
3f83a000
3f807800
3f83a000
3f807800
3f83a000
3f807800
3f83a000
3f807800
3f83a000
3f807800
3f83a000
3f807800
3f83a000
3f807800
3f83a000
3f807800
3f83a000
3f807800
3f83a000
3f807800
3f83a000
3f807800
3f83a000
3f807800
3f83a000
3f807800
3f83a000
3f807800
3f83a000
3f807800
3f83a000
3f807800
3f83a000
3f807800
3f83a000
3f807800
3f83a000
3f807800
3f83a000
3f807800
3f83a000
3f807800
3f83a000
3f807800
3f83a000
3f807800
3f83a000
3f807800
3f83a000
3f807800
3f83a000
3f807800
3f83a000
3f807800
3f85e000
3f807800
3f85e000
3f807800
3f85e000
3f807800
3f85e000
3f807800
3f85e000
3f807800
3f85e000
3f807800
3f85e000
3f807800
3f85e000
3f807800
3f85e000
3f807800
3f85e000
3f807800
3f85e000
3f807800
3f85e000
3f807800
3f85e000
3f807800
3f85e000
3f807800
3f85e000
3f807800
3f85e000
3f807800
3f85e000
3f807800
3f85e000
3f807800
3f85e000
3f807800
3f85e000
3f807800
3f85e000
3f807800
3f85e000
3f807800
3f85e000
3f807800
3f85e000
3f807800
3f85e000
3f807800
3f85e000
3f807800
3f85e000
3f807800
3f85e000
3f807800
3f85e000
3f807800
3f85e000
3f807800
3f85e000
3f807800
3f85e000
3f807800
3f85e000
3f807800
3f85e000
3f807800
3f85e000
3f807800
3f85e000
3f807800
3f85e000
3f807800
3f85e000
3f807800
3f85e000
3f807800
3f85e000
3f807800
3f85e000
3f807800
3f85e000
3f807800
3f85e000
3f807800
3f85e000
3f807800
3f85e000
3f807800
3f85e000
3f807800
3f85e000
3f807800
3f85e000
3f807800
3f85e000
3f807800
3f85e000
3f807800
3f85e000
3f807800
3f85e000
3f807800
3f85e000
3f807800
3f85e000
3f807800
3f85e000
3f807800
3f85e000
3f807800
3f85e000
3f807800
3f85e000
3f807800
3f85e000
3f807800
3f85e000
3f807800
3f85e000
3f807800
3f85e000
3f807800
3f85e000
3f807800
3f85e000
3f807800
3f85e000
3f807800
3f882000
3f807800
3f882000
3f807800
3f882000
3f807800
3f882000
3f807800
3f882000
3f807800
3f882000
3f807800
3f882000
3f807800
3f882000
3f807800
3f882000
3f807800
3f882000
3f807800
3f882000
3f807800
3f882000
3f807800
3f882000
3f807800
3f882000
3f807800
3f882000
3f807800
3f882000
3f807800
3f882000
3f807800
3f882000
3f807800
3f882000
3f807800
3f882000
3f807800
3f882000
3f807800
3f882000
3f807800
3f882000
3f807800
3f882000
3f807800
3f882000
3f807800
3f882000
3f807800
3f882000
3f807800
3f882000
3f807800
3f882000
3f807800
3f882000
3f807800
3f882000
3f807800
3f882000
3f807800
3f882000
3f807800
3f882000
3f807800
3f882000
3f807800
3f882000
3f807800
3f882000
3f807800
3f882000
3f807800
3f882000
3f807800
3f882000
3f807800
3f882000
3f807800
3f882000
3f807800
3f882000
3f807800
3f882000
3f807800
3f882000
3f807800
3f882000
3f807800
3f882000
3f807800
3f882000
3f807800
3f882000
3f807800
3f882000
3f807800
3f882000
3f807800
3f882000
3f807800
3f882000
3f807800
3f882000
3f807800
3f882000
3f807800
3f882000
3f807800
3f882000
3f807800
3f882000
3f807800
3f882000
3f807800
3f882000
3f807800
3f882000
3f807800
3f882000
3f807800
3f882000
3f807800
3f882000
3f807800
3f882000
3f807800
3f882000
3f807800
3f8a6000
3f807800
3f8a6000
3f807800
3f8a6000
3f807800
3f8a6000
3f807800
3f8a6000
3f807800
3f8a6000
3f807800
3f8a6000
3f807800
3f8a6000
3f807800
3f8a6000
3f807800
3f8a6000
3f807800
3f8a6000
3f807800
3f8a6000
3f807800
3f8a6000
3f807800
3f8a6000
3f807800
3f8a6000
3f807800
3f8a6000
3f807800
3f8a6000
3f807800
3f8a6000
3f807800
3f8a6000
3f807800
3f8a6000
3f807800
3f8a6000
3f807800
3f8a6000
3f807800
3f8a6000
3f807800
3f8a6000
3f807800
3f8a6000
3f807800
3f8a6000
3f807800
3f8a6000
3f807800
3f8a6000
3f807800
3f8a6000
3f807800
3f8a6000
3f807800
3f8a6000
3f807800
3f8a6000
3f807800
3f8a6000
3f807800
3f8a6000
3f807800
3f8a6000
3f807800
3f8a6000
3f807800
3f8a6000
3f807800
3f8a6000
3f807800
3f8a6000
3f807800
3f8a6000
3f807800
3f8a6000
3f807800
3f8a6000
3f807800
3f8a6000
3f807800
3f8a6000
3f807800
3f8a6000
3f807800
3f8a6000
3f807800
3f8a6000
3f807800
3f8a6000
3f807800
3f8a6000
3f807800
3f8a6000
3f807800
3f8a6000
3f807800
3f8a6000
3f807800
3f8a6000
3f807800
3f8a6000
3f807800
3f8a6000
3f807800
3f8a6000
3f807800
3f8a6000
3f807800
3f8a6000
3f807800
3f8a6000
3f807800
3f8a6000
3f807800
3f8a6000
3f807800
3f8a6000
3f807800
3f8a6000
3f807800
3f8a6000
3f807800
3f8a6000
3f807800
3f8a6000
3f807800
3f8ca000
3f807800
3f8ca000
3f807800
3f8ca000
3f807800
3f8ca000
3f807800
3f8ca000
3f807800
3f8ca000
3f807800
3f8ca000
3f807800
3f8ca000
3f807800
3f8ca000
3f807800
3f8ca000
3f807800
3f8ca000
3f807800
3f8ca000
3f807800
3f8ca000
3f807800
3f8ca000
3f807800
3f8ca000
3f807800
3f8ca000
3f807800
3f8ca000
3f807800
3f8ca000
3f807800
3f8ca000
3f807800
3f8ca000
3f807800
3f8ca000
3f807800
3f8ca000
3f807800
3f8ca000
3f807800
3f8ca000
3f807800
3f8ca000
3f807800
3f8ca000
3f807800
3f8ca000
3f807800
3f8ca000
3f807800
3f8ca000
3f807800
3f8ca000
3f807800
3f8ca000
3f807800
3f8ca000
3f807800
3f8ca000
3f807800
3f8ca000
3f807800
3f8ca000
3f807800
3f8ca000
3f807800
3f8ca000
3f807800
3f8ca000
3f807800
3f8ca000
3f807800
3f8ca000
3f807800
3f8ca000
3f807800
3f8ca000
3f807800
3f8ca000
3f807800
3f8ca000
3f807800
3f8ca000
3f807800
3f8ca000
3f807800
3f8ca000
3f807800
3f8ca000
3f807800
3f8ca000
3f807800
3f8ca000
3f807800
3f8ca000
3f807800
3f8ca000
3f807800
3f8ca000
3f807800
3f8ca000
3f807800
3f8ca000
3f807800
3f8ca000
3f807800
3f8ca000
3f807800
3f8ca000
3f807800
3f8ca000
3f807800
3f8ca000
3f807800
3f8ca000
3f807800
3f8ca000
3f807800
3f8ca000
3f807800
3f8ca000
3f807800
3f8ca000
3f807800
3f8ca000
3f807800
3f8ee000
3f807800
3f8ee000
3f807800
3f8ee000
3f807800
3f8ee000
3f807800
3f8ee000
3f807800
3f8ee000
3f807800
3f8ee000
3f807800
3f8ee000
3f807800
3f8ee000
3f807800
3f8ee000
3f807800
3f8ee000
3f807800
3f8ee000
3f807800
3f8ee000
3f807800
3f8ee000
3f807800
3f8ee000
3f807800
3f8ee000
3f807800
3f8ee000
3f807800
3f8ee000
3f807800
3f8ee000
3f807800
3f8ee000
3f807800
3f8ee000
3f807800
3f8ee000
3f807800
3f8ee000
3f807800
3f8ee000
3f807800
3f8ee000
3f807800
3f8ee000
3f807800
3f8ee000
3f807800
3f8ee000
3f807800
3f8ee000
3f807800
3f8ee000
3f807800
3f8ee000
3f807800
3f8ee000
3f807800
3f8ee000
3f807800
3f8ee000
3f807800
3f8ee000
3f807800
3f8ee000
3f807800
3f8ee000
3f807800
3f8ee000
3f807800
3f8ee000
3f807800
3f8ee000
3f807800
3f8ee000
3f807800
3f8ee000
3f807800
3f8ee000
3f807800
3f8ee000
3f807800
3f8ee000
3f807800
3f8ee000
3f807800
3f8ee000
3f807800
3f8ee000
3f807800
3f8ee000
3f807800
3f8ee000
3f807800
3f8ee000
3f807800
3f8ee000
3f807800
3f8ee000
3f807800
3f8ee000
3f807800
3f8ee000
3f807800
3f8ee000
3f807800
3f8ee000
3f807800
3f8ee000
3f807800
3f8ee000
3f807800
3f8ee000
3f807800
3f8ee000
3f807800
3f8ee000
3f807800
3f8ee000
3f807800
3f8ee000
3f807800
3f8ee000
3f807800
3f912000
3f807800
3f912000
3f807800
3f912000
3f807800
3f912000
3f807800
3f912000
3f807800
3f912000
3f807800
3f912000
3f807800
3f912000
3f807800
3f912000
3f807800
3f912000
3f807800
3f912000
3f807800
3f912000
3f807800
3f912000
3f807800
3f912000
3f807800
3f912000
3f807800
3f912000
3f807800
3f912000
3f807800
3f912000
3f807800
3f912000
3f807800
3f912000
3f807800
3f912000
3f807800
3f912000
3f807800
3f912000
3f807800
3f912000
3f807800
3f912000
3f807800
3f912000
3f807800
3f912000
3f807800
3f912000
3f807800
3f912000
3f807800
3f912000
3f807800
3f912000
3f807800
3f912000
3f807800
3f912000
3f807800
3f912000
3f807800
3f912000
3f807800
3f912000
3f807800
3f912000
3f807800
3f912000
3f807800
3f912000
3f807800
3f912000
3f807800
3f912000
3f807800
3f912000
3f807800
3f912000
3f807800
3f912000
3f807800
3f912000
3f807800
3f912000
3f807800
3f912000
3f807800
3f912000
3f807800
3f912000
3f807800
3f912000
3f807800
3f912000
3f807800
3f912000
3f807800
3f912000
3f807800
3f912000
3f807800
3f912000
3f807800
3f912000
3f807800
3f912000
3f807800
3f912000
3f807800
3f912000
3f807800
3f912000
3f807800
3f912000
3f807800
3f912000
3f807800
3f912000
3f807800
3f912000
3f807800
3f912000
3f807800
3f912000
3f807800
3f936000
3f807800
3f936000
3f807800
3f936000
3f807800
3f936000
3f807800
3f936000
3f807800
3f936000
3f807800
3f936000
3f807800
3f936000
3f807800
3f936000
3f807800
3f936000
3f807800
3f936000
3f807800
3f936000
3f807800
3f936000
3f807800
3f936000
3f807800
3f936000
3f807800
3f936000
3f807800
3f936000
3f807800
3f936000
3f807800
3f936000
3f807800
3f936000
3f807800
3f936000
3f807800
3f936000
3f807800
3f936000
3f807800
3f936000
3f807800
3f936000
3f807800
3f936000
3f807800
3f936000
3f807800
3f936000
3f807800
3f936000
3f807800
3f936000
3f807800
3f936000
3f807800
3f936000
3f807800
3f936000
3f807800
3f936000
3f807800
3f936000
3f807800
3f936000
3f807800
3f936000
3f807800
3f936000
3f807800
3f936000
3f807800
3f936000
3f807800
3f936000
3f807800
3f936000
3f807800
3f936000
3f807800
3f936000
3f807800
3f936000
3f807800
3f936000
3f807800
3f936000
3f807800
3f936000
3f807800
3f936000
3f807800
3f936000
3f807800
3f936000
3f807800
3f936000
3f807800
3f936000
3f807800
3f936000
3f807800
3f936000
3f807800
3f936000
3f807800
3f936000
3f807800
3f936000
3f807800
3f936000
3f807800
3f936000
3f807800
3f936000
3f807800
3f936000
3f807800
3f936000
3f807800
3f936000
3f807800
3f936000
3f807800
3f936000
3f807800
3f95a000
3f807800
3f95a000
3f807800
3f95a000
3f807800
3f95a000
3f807800
3f95a000
3f807800
3f95a000
3f807800
3f95a000
3f807800
3f95a000
3f807800
3f95a000
3f807800
3f95a000
3f807800
3f95a000
3f807800
3f95a000
3f807800
3f95a000
3f807800
3f95a000
3f807800
3f95a000
3f807800
3f95a000
3f807800
3f95a000
3f807800
3f95a000
3f807800
3f95a000
3f807800
3f95a000
3f807800
3f95a000
3f807800
3f95a000
3f807800
3f95a000
3f807800
3f95a000
3f807800
3f95a000
3f807800
3f95a000
3f807800
3f95a000
3f807800
3f95a000
3f807800
3f95a000
3f807800
3f95a000
3f807800
3f95a000
3f807800
3f95a000
3f807800
3f95a000
3f807800
3f95a000
3f807800
3f95a000
3f807800
3f95a000
3f807800
3f95a000
3f807800
3f95a000
3f807800
3f95a000
3f807800
3f95a000
3f807800
3f95a000
3f807800
3f95a000
3f807800
3f95a000
3f807800
3f95a000
3f807800
3f95a000
3f807800
3f95a000
3f807800
3f95a000
3f807800
3f95a000
3f807800
3f95a000
3f807800
3f95a000
3f807800
3f95a000
3f807800
3f95a000
3f807800
3f95a000
3f807800
3f95a000
3f807800
3f95a000
3f807800
3f95a000
3f807800
3f95a000
3f807800
3f95a000
3f807800
3f95a000
3f807800
3f95a000
3f807800
3f95a000
3f807800
3f95a000
3f807800
3f95a000
3f807800
3f95a000
3f807800
3f95a000
3f807800
3f95a000
3f807800
3f97e000
3f807800
3f97e000
3f807800
3f97e000
3f807800
3f97e000
3f807800
3f97e000
3f807800
3f97e000
3f807800
3f97e000
3f807800
3f97e000
3f807800
3f97e000
3f807800
3f97e000
3f807800
3f97e000
3f807800
3f97e000
3f807800
3f97e000
3f807800
3f97e000
3f807800
3f97e000
3f807800
3f97e000
3f807800
3f97e000
3f807800
3f97e000
3f807800
3f97e000
3f807800
3f97e000
3f807800
3f97e000
3f807800
3f97e000
3f807800
3f97e000
3f807800
3f97e000
3f807800
3f97e000
3f807800
3f97e000
3f807800
3f97e000
3f807800
3f97e000
3f807800
3f97e000
3f807800
3f97e000
3f807800
3f97e000
3f807800
3f97e000
3f807800
3f97e000
3f807800
3f97e000
3f807800
3f97e000
3f807800
3f97e000
3f807800
3f97e000
3f807800
3f97e000
3f807800
3f97e000
3f807800
3f97e000
3f807800
3f97e000
3f807800
3f97e000
3f807800
3f97e000
3f807800
3f97e000
3f807800
3f97e000
3f807800
3f97e000
3f807800
3f97e000
3f807800
3f97e000
3f807800
3f97e000
3f807800
3f97e000
3f807800
3f97e000
3f807800
3f97e000
3f807800
3f97e000
3f807800
3f97e000
3f807800
3f97e000
3f807800
3f97e000
3f807800
3f97e000
3f807800
3f97e000
3f807800
3f97e000
3f807800
3f97e000
3f807800
3f97e000
3f807800
3f97e000
3f807800
3f97e000
3f807800
3f97e000
3f807800
3f97e000
3f807800
3f9a2000
3f807800
3f9a2000
3f807800
3f9a2000
3f807800
3f9a2000
3f807800
3f9a2000
3f807800
3f9a2000
3f807800
3f9a2000
3f807800
3f9a2000
3f807800
3f9a2000
3f807800
3f9a2000
3f807800
3f9a2000
3f807800
3f9a2000
3f807800
3f9a2000
3f807800
3f9a2000
3f807800
3f9a2000
3f807800
3f9a2000
3f807800
3f9a2000
3f807800
3f9a2000
3f807800
3f9a2000
3f807800
3f9a2000
3f807800
3f9a2000
3f807800
3f9a2000
3f807800
3f9a2000
3f807800
3f9a2000
3f807800
3f9a2000
3f807800
3f9a2000
3f807800
3f9a2000
3f807800
3f9a2000
3f807800
3f9a2000
3f807800
3f9a2000
3f807800
3f9a2000
3f807800
3f9a2000
3f807800
3f9a2000
3f807800
3f9a2000
3f807800
3f9a2000
3f807800
3f9a2000
3f807800
3f9a2000
3f807800
3f9a2000
3f807800
3f9a2000
3f807800
3f9a2000
3f807800
3f9a2000
3f807800
3f9a2000
3f807800
3f9a2000
3f807800
3f9a2000
3f807800
3f9a2000
3f807800
3f9a2000
3f807800
3f9a2000
3f807800
3f9a2000
3f807800
3f9a2000
3f807800
3f9a2000
3f807800
3f9a2000
3f807800
3f9a2000
3f807800
3f9a2000
3f807800
3f9a2000
3f807800
3f9a2000
3f807800
3f9a2000
3f807800
3f9a2000
3f807800
3f9a2000
3f807800
3f9a2000
3f807800
3f9a2000
3f807800
3f9a2000
3f807800
3f9a2000
3f807800
3f9a2000
3f807800
3f9a2000
3f807800
3f9a2000
3f807800
3f9a2000
3f807800
3f9c6000
3f807800
3f9c6000
3f807800
3f9c6000
3f807800
3f9c6000
3f807800
3f9c6000
3f807800
3f9c6000
3f807800
3f9c6000
3f807800
3f9c6000
3f807800
3f9c6000
3f807800
3f9c6000
3f807800
3f9c6000
3f807800
3f9c6000
3f807800
3f9c6000
3f807800
3f9c6000
3f807800
3f9c6000
3f807800
3f9c6000
3f807800
3f9c6000
3f807800
3f9c6000
3f807800
3f9c6000
3f807800
3f9c6000
3f807800
3f9c6000
3f807800
3f9c6000
3f807800
3f9c6000
3f807800
3f9c6000
3f807800
3f9c6000
3f807800
3f9c6000
3f807800
3f9c6000
3f807800
3f9c6000
3f807800
3f9c6000
3f807800
3f9c6000
3f807800
3f9c6000
3f807800
3f9c6000
3f807800
3f9c6000
3f807800
3f9c6000
3f807800
3f9c6000
3f807800
3f9c6000
3f807800
3f9c6000
3f807800
3f9c6000
3f807800
3f9c6000
3f807800
3f9c6000
3f807800
3f9c6000
3f807800
3f9c6000
3f807800
3f9c6000
3f807800
3f9c6000
3f807800
3f9c6000
3f807800
3f9c6000
3f807800
3f9c6000
3f807800
3f9c6000
3f807800
3f9c6000
3f807800
3f9c6000
3f807800
3f9c6000
3f807800
3f9c6000
3f807800
3f9c6000
3f807800
3f9c6000
3f807800
3f9c6000
3f807800
3f9c6000
3f807800
3f9c6000
3f807800
3f9c6000
3f807800
3f9c6000
3f807800
3f9c6000
3f807800
3f9c6000
3f807800
3f9c6000
3f807800
3f9c6000
3f807800
3f9c6000
3f807800
3f9c6000
3f807800
3f9c6000
3f807800
3f9ea000
3f807800
3f9ea000
3f807800
3f9ea000
3f807800
3f9ea000
3f807800
3f9ea000
3f807800
3f9ea000
3f807800
3f9ea000
3f807800
3f9ea000
3f807800
3f9ea000
3f807800
3f9ea000
3f807800
3f9ea000
3f807800
3f9ea000
3f807800
3f9ea000
3f807800
3f9ea000
3f807800
3f9ea000
3f807800
3f9ea000
3f807800
3f9ea000
3f807800
3f9ea000
3f807800
3f9ea000
3f807800
3f9ea000
3f807800
3f9ea000
3f807800
3f9ea000
3f807800
3f9ea000
3f807800
3f9ea000
3f807800
3f9ea000
3f807800
3f9ea000
3f807800
3f9ea000
3f807800
3f9ea000
3f807800
3f9ea000
3f807800
3f9ea000
3f807800
3f9ea000
3f807800
3f9ea000
3f807800
3f9ea000
3f807800
3f9ea000
3f807800
3f9ea000
3f807800
3f9ea000
3f807800
3f9ea000
3f807800
3f9ea000
3f807800
3f9ea000
3f807800
3f9ea000
3f807800
3f9ea000
3f807800
3f9ea000
3f807800
3f9ea000
3f807800
3f9ea000
3f807800
3f9ea000
3f807800
3f9ea000
3f807800
3f9ea000
3f807800
3f9ea000
3f807800
3f9ea000
3f807800
3f9ea000
3f807800
3f9ea000
3f807800
3f9ea000
3f807800
3f9ea000
3f807800
3f9ea000
3f807800
3f9ea000
3f807800
3f9ea000
3f807800
3f9ea000
3f807800
3f9ea000
3f807800
3f9ea000
3f807800
3f9ea000
3f807800
3f9ea000
3f807800
3f9ea000
3f807800
3f9ea000
3f807800
3f9ea000
3f807800
3f9ea000
3f807800
3fa0e000
3f807800
3fa0e000
3f807800
3fa0e000
3f807800
3fa0e000
3f807800
3fa0e000
3f807800
3fa0e000
3f807800
3fa0e000
3f807800
3fa0e000
3f807800
3fa0e000
3f807800
3fa0e000
3f807800
3fa0e000
3f807800
3fa0e000
3f807800
3fa0e000
3f807800
3fa0e000
3f807800
3fa0e000
3f807800
3fa0e000
3f807800
3fa0e000
3f807800
3fa0e000
3f807800
3fa0e000
3f807800
3fa0e000
3f807800
3fa0e000
3f807800
3fa0e000
3f807800
3fa0e000
3f807800
3fa0e000
3f807800
3fa0e000
3f807800
3fa0e000
3f807800
3fa0e000
3f807800
3fa0e000
3f807800
3fa0e000
3f807800
3fa0e000
3f807800
3fa0e000
3f807800
3fa0e000
3f807800
3fa0e000
3f807800
3fa0e000
3f807800
3fa0e000
3f807800
3fa0e000
3f807800
3fa0e000
3f807800
3fa0e000
3f807800
3fa0e000
3f807800
3fa0e000
3f807800
3fa0e000
3f807800
3fa0e000
3f807800
3fa0e000
3f807800
3fa0e000
3f807800
3fa0e000
3f807800
3fa0e000
3f807800
3fa0e000
3f807800
3fa0e000
3f807800
3fa0e000
3f807800
3fa0e000
3f807800
3fa0e000
3f807800
3fa0e000
3f807800
3fa0e000
3f807800
3fa0e000
3f807800
3fa0e000
3f807800
3fa0e000
3f807800
3fa0e000
3f807800
3fa0e000
3f807800
3fa0e000
3f807800
3fa0e000
3f807800
3fa0e000
3f807800
3fa0e000
3f807800
3fa0e000
3f807800
3fa0e000
3f807800
3fa0e000
3f807800
3fa0e000
3f807800
3fa32000
3f807800
3fa32000
3f807800
3fa32000
3f807800
3fa32000
3f807800
3fa32000
3f807800
3fa32000
3f807800
3fa32000
3f807800
3fa32000
3f807800
3fa32000
3f807800
3fa32000
3f807800
3fa32000
3f807800
3fa32000
3f807800
3fa32000
3f807800
3fa32000
3f807800
3fa32000
3f807800
3fa32000
3f807800
3fa32000
3f807800
3fa32000
3f807800
3fa32000
3f807800
3fa32000
3f807800
3fa32000
3f807800
3fa32000
3f807800
3fa32000
3f807800
3fa32000
3f807800
3fa32000
3f807800
3fa32000
3f807800
3fa32000
3f807800
3fa32000
3f807800
3fa32000
3f807800
3fa32000
3f807800
3fa32000
3f807800
3fa32000
3f807800
3fa32000
3f807800
3fa32000
3f807800
3fa32000
3f807800
3fa32000
3f807800
3fa32000
3f807800
3fa32000
3f807800
3fa32000
3f807800
3fa32000
3f807800
3fa32000
3f807800
3fa32000
3f807800
3fa32000
3f807800
3fa32000
3f807800
3fa32000
3f807800
3fa32000
3f807800
3fa32000
3f807800
3fa32000
3f807800
3fa32000
3f807800
3fa32000
3f807800
3fa32000
3f807800
3fa32000
3f807800
3fa32000
3f807800
3fa32000
3f807800
3fa32000
3f807800
3fa32000
3f807800
3fa32000
3f807800
3fa32000
3f807800
3fa32000
3f807800
3fa32000
3f807800
3fa32000
3f807800
3fa32000
3f807800
3fa32000
3f807800
3fa32000
3f807800
3fa32000
3f807800
3fa32000
3f807800
3fa56000
3f807800
3fa56000
3f807800
3fa56000
3f807800
3fa56000
3f807800
3fa56000
3f807800
3fa56000
3f807800
3fa56000
3f807800
3fa56000
3f807800
3fa56000
3f807800
3fa56000
3f807800
3fa56000
3f807800
3fa56000
3f807800
3fa56000
3f807800
3fa56000
3f807800
3fa56000
3f807800
3fa56000
3f807800
3fa56000
3f807800
3fa56000
3f807800
3fa56000
3f807800
3fa56000
3f807800
3fa56000
3f807800
3fa56000
3f807800
3fa56000
3f807800
3fa56000
3f807800
3fa56000
3f807800
3fa56000
3f807800
3fa56000
3f807800
3fa56000
3f807800
3fa56000
3f807800
3fa56000
3f807800
3fa56000
3f807800
3fa56000
3f807800
3fa56000
3f807800
3fa56000
3f807800
3fa56000
3f807800
3fa56000
3f807800
3fa56000
3f807800
3fa56000
3f807800
3fa56000
3f807800
3fa56000
3f807800
3fa56000
3f807800
3fa56000
3f807800
3fa56000
3f807800
3fa56000
3f807800
3fa56000
3f807800
3fa56000
3f807800
3fa56000
3f807800
3fa56000
3f807800
3fa56000
3f807800
3fa56000
3f807800
3fa56000
3f807800
3fa56000
3f807800
3fa56000
3f807800
3fa56000
3f807800
3fa56000
3f807800
3fa56000
3f807800
3fa56000
3f807800
3fa56000
3f807800
3fa56000
3f807800
3fa56000
3f807800
3fa56000
3f807800
3fa56000
3f807800
3fa56000
3f807800
3fa56000
3f807800
3fa56000
3f807800
3fa56000
3f807800
3fa7a000
3f807800
3fa7a000
3f807800
3fa7a000
3f807800
3fa7a000
3f807800
3fa7a000
3f807800
3fa7a000
3f807800
3fa7a000
3f807800
3fa7a000
3f807800
3fa7a000
3f807800
3fa7a000
3f807800
3fa7a000
3f807800
3fa7a000
3f807800
3fa7a000
3f807800
3fa7a000
3f807800
3fa7a000
3f807800
3fa7a000
3f807800
3fa7a000
3f807800
3fa7a000
3f807800
3fa7a000
3f807800
3fa7a000
3f807800
3fa7a000
3f807800
3fa7a000
3f807800
3fa7a000
3f807800
3fa7a000
3f807800
3fa7a000
3f807800
3fa7a000
3f807800
3fa7a000
3f807800
3fa7a000
3f807800
3fa7a000
3f807800
3fa7a000
3f807800
3fa7a000
3f807800
3fa7a000
3f807800
3fa7a000
3f807800
3fa7a000
3f807800
3fa7a000
3f807800
3fa7a000
3f807800
3fa7a000
3f807800
3fa7a000
3f807800
3fa7a000
3f807800
3fa7a000
3f807800
3fa7a000
3f807800
3fa7a000
3f807800
3fa7a000
3f807800
3fa7a000
3f807800
3fa7a000
3f807800
3fa7a000
3f807800
3fa7a000
3f807800
3fa7a000
3f807800
3fa7a000
3f807800
3fa7a000
3f807800
3fa7a000
3f807800
3fa7a000
3f807800
3fa7a000
3f807800
3fa7a000
3f807800
3fa7a000
3f807800
3fa7a000
3f807800
3fa7a000
3f807800
3fa7a000
3f807800
3fa7a000
3f807800
3fa7a000
3f807800
3fa7a000
3f807800
3fa7a000
3f807800
3fa7a000
3f807800
3fa7a000
3f807800
3fa7a000
3f807800
3fa9e000
3f807800
3fa9e000
3f807800
3fa9e000
3f807800
3fa9e000
3f807800
3fa9e000
3f807800
3fa9e000
3f807800
3fa9e000
3f807800
3fa9e000
3f807800
3fa9e000
3f807800
3fa9e000
3f807800
3fa9e000
3f807800
3fa9e000
3f807800
3fa9e000
3f807800
3fa9e000
3f807800
3fa9e000
3f807800
3fa9e000
3f807800
3fa9e000
3f807800
3fa9e000
3f807800
3fa9e000
3f807800
3fa9e000
3f807800
3fa9e000
3f807800
3fa9e000
3f807800
3fa9e000
3f807800
3fa9e000
3f807800
3fa9e000
3f807800
3fa9e000
3f807800
3fa9e000
3f807800
3fa9e000
3f807800
3fa9e000
3f807800
3fa9e000
3f807800
3fa9e000
3f807800
3fa9e000
3f807800
3fa9e000
3f807800
3fa9e000
3f807800
3fa9e000
3f807800
3fa9e000
3f807800
3fa9e000
3f807800
3fa9e000
3f807800
3fa9e000
3f807800
3fa9e000
3f807800
3fa9e000
3f807800
3fa9e000
3f807800
3fa9e000
3f807800
3fa9e000
3f807800
3fa9e000
3f807800
3fa9e000
3f807800
3fa9e000
3f807800
3fa9e000
3f807800
3fa9e000
3f807800
3fa9e000
3f807800
3fa9e000
3f807800
3fa9e000
3f807800
3fa9e000
3f807800
3fa9e000
3f807800
3fa9e000
3f807800
3fa9e000
3f807800
3fa9e000
3f807800
3fa9e000
3f807800
3fa9e000
3f807800
3fa9e000
3f807800
3fa9e000
3f807800
3fa9e000
3f807800
3fa9e000
3f807800
3fa9e000
3f807800
3fa9e000
3f807800
3fa9e000
3f807800
3fac2000
3f807800
3fac2000
3f807800
3fac2000
3f807800
3fac2000
3f807800
3fac2000
3f807800
3fac2000
3f807800
3fac2000
3f807800
3fac2000
3f807800
3fac2000
3f807800
3fac2000
3f807800
3fac2000
3f807800
3fac2000
3f807800
3fac2000
3f807800
3fac2000
3f807800
3fac2000
3f807800
3fac2000
3f807800
3fac2000
3f807800
3fac2000
3f807800
3fac2000
3f807800
3fac2000
3f807800
3fac2000
3f807800
3fac2000
3f807800
3fac2000
3f807800
3fac2000
3f807800
3fac2000
3f807800
3fac2000
3f807800
3fac2000
3f807800
3fac2000
3f807800
3fac2000
3f807800
3fac2000
3f807800
3fac2000
3f807800
3fac2000
3f807800
3fac2000
3f807800
3fac2000
3f807800
3fac2000
3f807800
3fac2000
3f807800
3fac2000
3f807800
3fac2000
3f807800
3fac2000
3f807800
3fac2000
3f807800
3fac2000
3f807800
3fac2000
3f807800
3fac2000
3f807800
3fac2000
3f807800
3fac2000
3f807800
3fac2000
3f807800
3fac2000
3f807800
3fac2000
3f807800
3fac2000
3f807800
3fac2000
3f807800
3fac2000
3f807800
3fac2000
3f807800
3fac2000
3f807800
3fac2000
3f807800
3fac2000
3f807800
3fac2000
3f807800
3fac2000
3f807800
3fac2000
3f807800
3fac2000
3f807800
3fac2000
3f807800
3fac2000
3f807800
3fac2000
3f807800
3fac2000
3f807800
3fac2000
3f807800
3fac2000
3f807800
3fac2000
3f807800
3fae6000
3f807800
3fae6000
3f807800
3fae6000
3f807800
3fae6000
3f807800
3fae6000
3f807800
3fae6000
3f807800
3fae6000
3f807800
3fae6000
3f807800
3fae6000
3f807800
3fae6000
3f807800
3fae6000
3f807800
3fae6000
3f807800
3fae6000
3f807800
3fae6000
3f807800
3fae6000
3f807800
3fae6000
3f807800
3fae6000
3f807800
3fae6000
3f807800
3fae6000
3f807800
3fae6000
3f807800
3fae6000
3f807800
3fae6000
3f807800
3fae6000
3f807800
3fae6000
3f807800
3fae6000
3f807800
3fae6000
3f807800
3fae6000
3f807800
3fae6000
3f807800
3fae6000
3f807800
3fae6000
3f807800
3fae6000
3f807800
3fae6000
3f807800
3fae6000
3f807800
3fae6000
3f807800
3fae6000
3f807800
3fae6000
3f807800
3fae6000
3f807800
3fae6000
3f807800
3fae6000
3f807800
3fae6000
3f807800
3fae6000
3f807800
3fae6000
3f807800
3fae6000
3f807800
3fae6000
3f807800
3fae6000
3f807800
3fae6000
3f807800
3fae6000
3f807800
3fae6000
3f807800
3fae6000
3f807800
3fae6000
3f807800
3fae6000
3f807800
3fae6000
3f807800
3fae6000
3f807800
3fae6000
3f807800
3fae6000
3f807800
3fae6000
3f807800
3fae6000
3f807800
3fae6000
3f807800
3fae6000
3f807800
3fae6000
3f807800
3fae6000
3f807800
3fae6000
3f807800
3fae6000
3f807800
3fae6000
3f807800
3fae6000
3f807800
3fae6000
3f807800
3fb0a000
3f807800
3fb0a000
3f807800
3fb0a000
3f807800
3fb0a000
3f807800
3fb0a000
3f807800
3fb0a000
3f807800
3fb0a000
3f807800
3fb0a000
3f807800
3fb0a000
3f807800
3fb0a000
3f807800
3fb0a000
3f807800
3fb0a000
3f807800
3fb0a000
3f807800
3fb0a000
3f807800
3fb0a000
3f807800
3fb0a000
3f807800
3fb0a000
3f807800
3fb0a000
3f807800
3fb0a000
3f807800
3fb0a000
3f807800
3fb0a000
3f807800
3fb0a000
3f807800
3fb0a000
3f807800
3fb0a000
3f807800
3fb0a000
3f807800
3fb0a000
3f807800
3fb0a000
3f807800
3fb0a000
3f807800
3fb0a000
3f807800
3fb0a000
3f807800
3fb0a000
3f807800
3fb0a000
3f807800
3fb0a000
3f807800
3fb0a000
3f807800
3fb0a000
3f807800
3fb0a000
3f807800
3fb0a000
3f807800
3fb0a000
3f807800
3fb0a000
3f807800
3fb0a000
3f807800
3fb0a000
3f807800
3fb0a000
3f807800
3fb0a000
3f807800
3fb0a000
3f807800
3fb0a000
3f807800
3fb0a000
3f807800
3fb0a000
3f807800
3fb0a000
3f807800
3fb0a000
3f807800
3fb0a000
3f807800
3fb0a000
3f807800
3fb0a000
3f807800
3fb0a000
3f807800
3fb0a000
3f807800
3fb0a000
3f807800
3fb0a000
3f807800
3fb0a000
3f807800
3fb0a000
3f807800
3fb0a000
3f807800
3fb0a000
3f807800
3fb0a000
3f807800
3fb0a000
3f807800
3fb0a000
3f807800
3fb0a000
3f807800
3fb0a000
3f807800
3fb2e000
3f807800
3fb2e000
3f807800
3fb2e000
3f807800
3fb2e000
3f807800
3fb2e000
3f807800
3fb2e000
3f807800
3fb2e000
3f807800
3fb2e000
3f807800
3fb2e000
3f807800
3fb2e000
3f807800
3fb2e000
3f807800
3fb2e000
3f807800
3fb2e000
3f807800
3fb2e000
3f807800
3fb2e000
3f807800
3fb2e000
3f807800
3fb2e000
3f807800
3fb2e000
3f807800
3fb2e000
3f807800
3fb2e000
3f807800
3fb2e000
3f807800
3fb2e000
3f807800
3fb2e000
3f807800
3fb2e000
3f807800
3fb2e000
3f807800
3fb2e000
3f807800
3fb2e000
3f807800
3fb2e000
3f807800
3fb2e000
3f807800
3fb2e000
3f807800
3fb2e000
3f807800
3fb2e000
3f807800
3fb2e000
3f807800
3fb2e000
3f807800
3fb2e000
3f807800
3fb2e000
3f807800
3fb2e000
3f807800
3fb2e000
3f807800
3fb2e000
3f807800
3fb2e000
3f807800
3fb2e000
3f807800
3fb2e000
3f807800
3fb2e000
3f807800
3fb2e000
3f807800
3fb2e000
3f807800
3fb2e000
3f807800
3fb2e000
3f807800
3fb2e000
3f807800
3fb2e000
3f807800
3fb2e000
3f807800
3fb2e000
3f807800
3fb2e000
3f807800
3fb2e000
3f807800
3fb2e000
3f807800
3fb2e000
3f807800
3fb2e000
3f807800
3fb2e000
3f807800
3fb2e000
3f807800
3fb2e000
3f807800
3fb2e000
3f807800
3fb2e000
3f807800
3fb2e000
3f807800
3fb2e000
3f807800
3fb2e000
3f807800
3fb2e000
3f807800
3fb2e000
3f807800
3fb52000
3f807800
3fb52000
3f807800
3fb52000
3f807800
3fb52000
3f807800
3fb52000
3f807800
3fb52000
3f807800
3fb52000
3f807800
3fb52000
3f807800
3fb52000
3f807800
3fb52000
3f807800
3fb52000
3f807800
3fb52000
3f807800
3fb52000
3f807800
3fb52000
3f807800
3fb52000
3f807800
3fb52000
3f807800
3fb52000
3f807800
3fb52000
3f807800
3fb52000
3f807800
3fb52000
3f807800
3fb52000
3f807800
3fb52000
3f807800
3fb52000
3f807800
3fb52000
3f807800
3fb52000
3f807800
3fb52000
3f807800
3fb52000
3f807800
3fb52000
3f807800
3fb52000
3f807800
3fb52000
3f807800
3fb52000
3f807800
3fb52000
3f807800
3fb52000
3f807800
3fb52000
3f807800
3fb52000
3f807800
3fb52000
3f807800
3fb52000
3f807800
3fb52000
3f807800
3fb52000
3f807800
3fb52000
3f807800
3fb52000
3f807800
3fb52000
3f807800
3fb52000
3f807800
3fb52000
3f807800
3fb52000
3f807800
3fb52000
3f807800
3fb52000
3f807800
3fb52000
3f807800
3fb52000
3f807800
3fb52000
3f807800
3fb52000
3f807800
3fb52000
3f807800
3fb52000
3f807800
3fb52000
3f807800
3fb52000
3f807800
3fb52000
3f807800
3fb52000
3f807800
3fb52000
3f807800
3fb52000
3f807800
3fb52000
3f807800
3fb52000
3f807800
3fb52000
3f807800
3fb52000
3f807800
3fb52000
3f807800
3fb52000
3f807800
3fb52000
3f807800
3fb76000
3f807800
3fb76000
3f807800
3fb76000
3f807800
3fb76000
3f807800
3fb76000
3f807800
3fb76000
3f807800
3fb76000
3f807800
3fb76000
3f807800
3fb76000
3f807800
3fb76000
3f807800
3fb76000
3f807800
3fb76000
3f807800
3fb76000
3f807800
3fb76000
3f807800
3fb76000
3f807800
3fb76000
3f807800
3fb76000
3f807800
3fb76000
3f807800
3fb76000
3f807800
3fb76000
3f807800
3fb76000
3f807800
3fb76000
3f807800
3fb76000
3f807800
3fb76000
3f807800
3fb76000
3f807800
3fb76000
3f807800
3fb76000
3f807800
3fb76000
3f807800
3fb76000
3f807800
3fb76000
3f807800
3fb76000
3f807800
3fb76000
3f807800
3fb76000
3f807800
3fb76000
3f807800
3fb76000
3f807800
3fb76000
3f807800
3fb76000
3f807800
3fb76000
3f807800
3fb76000
3f807800
3fb76000
3f807800
3fb76000
3f807800
3fb76000
3f807800
3fb76000
3f807800
3fb76000
3f807800
3fb76000
3f807800
3fb76000
3f807800
3fb76000
3f807800
3fb76000
3f807800
3fb76000
3f807800
3fb76000
3f807800
3fb76000
3f807800
3fb76000
3f807800
3fb76000
3f807800
3fb76000
3f807800
3fb76000
3f807800
3fb76000
3f807800
3fb76000
3f807800
3fb76000
3f807800
3fb76000
3f807800
3fb76000
3f807800
3fb76000
3f807800
3fb76000
3f807800
3fb76000
3f807800
3fb76000
3f807800
3fb76000
3f807800
3fb76000
3f807800
3fb9a000
3f807800
3fb9a000
3f807800
3fb9a000
3f807800
3fb9a000
3f807800
3fb9a000
3f807800
3fb9a000
3f807800
3fb9a000
3f807800
3fb9a000
3f807800
3fb9a000
3f807800
3fb9a000
3f807800
3fb9a000
3f807800
3fb9a000
3f807800
3fb9a000
3f807800
3fb9a000
3f807800
3fb9a000
3f807800
3fb9a000
3f807800
3fb9a000
3f807800
3fb9a000
3f807800
3fb9a000
3f807800
3fb9a000
3f807800
3fb9a000
3f807800
3fb9a000
3f807800
3fb9a000
3f807800
3fb9a000
3f807800
3fb9a000
3f807800
3fb9a000
3f807800
3fb9a000
3f807800
3fb9a000
3f807800
3fb9a000
3f807800
3fb9a000
3f807800
3fb9a000
3f807800
3fb9a000
3f807800
3fb9a000
3f807800
3fb9a000
3f807800
3fb9a000
3f807800
3fb9a000
3f807800
3fb9a000
3f807800
3fb9a000
3f807800
3fb9a000
3f807800
3fb9a000
3f807800
3fb9a000
3f807800
3fb9a000
3f807800
3fb9a000
3f807800
3fb9a000
3f807800
3fb9a000
3f807800
3fb9a000
3f807800
3fb9a000
3f807800
3fb9a000
3f807800
3fb9a000
3f807800
3fb9a000
3f807800
3fb9a000
3f807800
3fb9a000
3f807800
3fb9a000
3f807800
3fb9a000
3f807800
3fb9a000
3f807800
3fb9a000
3f807800
3fb9a000
3f807800
3fb9a000
3f807800
3fb9a000
3f807800
3fb9a000
3f807800
3fb9a000
3f807800
3fb9a000
3f807800
3fb9a000
3f807800
3fb9a000
3f807800
3fb9a000
3f807800
3fbbe000
3f807800
3fbbe000
3f807800
3fbbe000
3f807800
3fbbe000
3f807800
3fbbe000
3f807800
3fbbe000
3f807800
3fbbe000
3f807800
3fbbe000
3f807800
3fbbe000
3f807800
3fbbe000
3f807800
3fbbe000
3f807800
3fbbe000
3f807800
3fbbe000
3f807800
3fbbe000
3f807800
3fbbe000
3f807800
3fbbe000
3f807800
3fbbe000
3f807800
3fbbe000
3f807800
3fbbe000
3f807800
3fbbe000
3f807800
3fbbe000
3f807800
3fbbe000
3f807800
3fbbe000
3f807800
3fbbe000
3f807800
3fbbe000
3f807800
3fbbe000
3f807800
3fbbe000
3f807800
3fbbe000
3f807800
3fbbe000
3f807800
3fbbe000
3f807800
3fbbe000
3f807800
3fbbe000
3f807800
3fbbe000
3f807800
3fbbe000
3f807800
3fbbe000
3f807800
3fbbe000
3f807800
3fbbe000
3f807800
3fbbe000
3f807800
3fbbe000
3f807800
3fbbe000
3f807800
3fbbe000
3f807800
3fbbe000
3f807800
3fbbe000
3f807800
3fbbe000
3f807800
3fbbe000
3f807800
3fbbe000
3f807800
3fbbe000
3f807800
3fbbe000
3f807800
3fbbe000
3f807800
3fbbe000
3f807800
3fbbe000
3f807800
3fbbe000
3f807800
3fbbe000
3f807800
3fbbe000
3f807800
3fbbe000
3f807800
3fbbe000
3f807800
3fbbe000
3f807800
3fbbe000
3f807800
3fbbe000
3f807800
3fbbe000
3f807800
3fbbe000
3f807800
3fbbe000
3f807800
3fbbe000
3f807800
3fbbe000
3f807800
3fbbe000
3f807800
3fbbe000
3f807800
3fbe2000
3f807800
3fbe2000
3f807800
3fbe2000
3f807800
3fbe2000
3f807800
3fbe2000
3f807800
3fbe2000
3f807800
3fbe2000
3f807800
3fbe2000
3f807800
3fbe2000
3f807800
3fbe2000
3f807800
3fbe2000
3f807800
3fbe2000
3f807800
3fbe2000
3f807800
3fbe2000
3f807800
3fbe2000
3f807800
3fbe2000
3f807800
3fbe2000
3f807800
3fbe2000
3f807800
3fbe2000
3f807800
3fbe2000
3f807800
3fbe2000
3f807800
3fbe2000
3f807800
3fbe2000
3f807800
3fbe2000
3f807800
3fbe2000
3f807800
3fbe2000
3f807800
3fbe2000
3f807800
3fbe2000
3f807800
3fbe2000
3f807800
3fbe2000
3f807800
3fbe2000
3f807800
3fbe2000
3f807800
3fbe2000
3f807800
3fbe2000
3f807800
3fbe2000
3f807800
3fbe2000
3f807800
3fbe2000
3f807800
3fbe2000
3f807800
3fbe2000
3f807800
3fbe2000
3f807800
3fbe2000
3f807800
3fbe2000
3f807800
3fbe2000
3f807800
3fbe2000
3f807800
3fbe2000
3f807800
3fbe2000
3f807800
3fbe2000
3f807800
3fbe2000
3f807800
3fbe2000
3f807800
3fbe2000
3f807800
3fbe2000
3f807800
3fbe2000
3f807800
3fbe2000
3f807800
3fbe2000
3f807800
3fbe2000
3f807800
3fbe2000
3f807800
3fbe2000
3f807800
3fbe2000
3f807800
3fbe2000
3f807800
3fbe2000
3f807800
3fbe2000
3f807800
3fbe2000
3f807800
3fbe2000
3f807800
3fbe2000
3f807800
3fbe2000
3f807800
3fbe2000
3f807800
3fc06000
3f807800
3fc06000
3f807800
3fc06000
3f807800
3fc06000
3f807800
3fc06000
3f807800
3fc06000
3f807800
3fc06000
3f807800
3fc06000
3f807800
3fc06000
3f807800
3fc06000
3f807800
3fc06000
3f807800
3fc06000
3f807800
3fc06000
3f807800
3fc06000
3f807800
3fc06000
3f807800
3fc06000
3f807800
3fc06000
3f807800
3fc06000
3f807800
3fc06000
3f807800
3fc06000
3f807800
3fc06000
3f807800
3fc06000
3f807800
3fc06000
3f807800
3fc06000
3f807800
3fc06000
3f807800
3fc06000
3f807800
3fc06000
3f807800
3fc06000
3f807800
3fc06000
3f807800
3fc06000
3f807800
3fc06000
3f807800
3fc06000
3f807800
3fc06000
3f807800
3fc06000
3f807800
3fc06000
3f807800
3fc06000
3f807800
3fc06000
3f807800
3fc06000
3f807800
3fc06000
3f807800
3fc06000
3f807800
3fc06000
3f807800
3fc06000
3f807800
3fc06000
3f807800
3fc06000
3f807800
3fc06000
3f807800
3fc06000
3f807800
3fc06000
3f807800
3fc06000
3f807800
3fc06000
3f807800
3fc06000
3f807800
3fc06000
3f807800
3fc06000
3f807800
3fc06000
3f807800
3fc06000
3f807800
3fc06000
3f807800
3fc06000
3f807800
3fc06000
3f807800
3fc06000
3f807800
3fc06000
3f807800
3fc06000
3f807800
3fc06000
3f807800
3fc06000
3f807800
3fc06000
3f807800
3fc06000
3f807800
3fc06000
3f807800
3fc2a000
3f807800
3fc2a000
3f807800
3fc2a000
3f807800
3fc2a000
3f807800
3fc2a000
3f807800
3fc2a000
3f807800
3fc2a000
3f807800
3fc2a000
3f807800
3fc2a000
3f807800
3fc2a000
3f807800
3fc2a000
3f807800
3fc2a000
3f807800
3fc2a000
3f807800
3fc2a000
3f807800
3fc2a000
3f807800
3fc2a000
3f807800
3fc2a000
3f807800
3fc2a000
3f807800
3fc2a000
3f807800
3fc2a000
3f807800
3fc2a000
3f807800
3fc2a000
3f807800
3fc2a000
3f807800
3fc2a000
3f807800
3fc2a000
3f807800
3fc2a000
3f807800
3fc2a000
3f807800
3fc2a000
3f807800
3fc2a000
3f807800
3fc2a000
3f807800
3fc2a000
3f807800
3fc2a000
3f807800
3fc2a000
3f807800
3fc2a000
3f807800
3fc2a000
3f807800
3fc2a000
3f807800
3fc2a000
3f807800
3fc2a000
3f807800
3fc2a000
3f807800
3fc2a000
3f807800
3fc2a000
3f807800
3fc2a000
3f807800
3fc2a000
3f807800
3fc2a000
3f807800
3fc2a000
3f807800
3fc2a000
3f807800
3fc2a000
3f807800
3fc2a000
3f807800
3fc2a000
3f807800
3fc2a000
3f807800
3fc2a000
3f807800
3fc2a000
3f807800
3fc2a000
3f807800
3fc2a000
3f807800
3fc2a000
3f807800
3fc2a000
3f807800
3fc2a000
3f807800
3fc2a000
3f807800
3fc2a000
3f807800
3fc2a000
3f807800
3fc2a000
3f807800
3fc2a000
3f807800
3fc2a000
3f807800
3fc2a000
3f807800
3fc2a000
3f807800
3fc2a000
3f807800
3fc4e000
3f807800
3fc4e000
3f807800
3fc4e000
3f807800
3fc4e000
3f807800
3fc4e000
3f807800
3fc4e000
3f807800
3fc4e000
3f807800
3fc4e000
3f807800
3fc4e000
3f807800
3fc4e000
3f807800
3fc4e000
3f807800
3fc4e000
3f807800
3fc4e000
3f807800
3fc4e000
3f807800
3fc4e000
3f807800
3fc4e000
3f807800
3fc4e000
3f807800
3fc4e000
3f807800
3fc4e000
3f807800
3fc4e000
3f807800
3fc4e000
3f807800
3fc4e000
3f807800
3fc4e000
3f807800
3fc4e000
3f807800
3fc4e000
3f807800
3fc4e000
3f807800
3fc4e000
3f807800
3fc4e000
3f807800
3fc4e000
3f807800
3fc4e000
3f807800
3fc4e000
3f807800
3fc4e000
3f807800
3fc4e000
3f807800
3fc4e000
3f807800
3fc4e000
3f807800
3fc4e000
3f807800
3fc4e000
3f807800
3fc4e000
3f807800
3fc4e000
3f807800
3fc4e000
3f807800
3fc4e000
3f807800
3fc4e000
3f807800
3fc4e000
3f807800
3fc4e000
3f807800
3fc4e000
3f807800
3fc4e000
3f807800
3fc4e000
3f807800
3fc4e000
3f807800
3fc4e000
3f807800
3fc4e000
3f807800
3fc4e000
3f807800
3fc4e000
3f807800
3fc4e000
3f807800
3fc4e000
3f807800
3fc4e000
3f807800
3fc4e000
3f807800
3fc4e000
3f807800
3fc4e000
3f807800
3fc4e000
3f807800
3fc4e000
3f807800
3fc4e000
3f807800
3fc4e000
3f807800
3fc4e000
3f807800
3fc4e000
3f807800
3fc4e000
3f807800
3fc4e000
3f807800
3fc76000
3f809000
3fc76000
3f809000
3fc76000
3f809000
3fc76000
3f809000
3fc76000
3f809000
3fc76000
3f809000
3fc76000
3f809000
3fc76000
3f809000
3fc76000
3f809000
3fc76000
3f809000
3fc76000
3f809000
3fc76000
3f809000
3fc76000
3f809000
3fc76000
3f809000
3fc76000
3f809000
3fc76000
3f809000
3fc76000
3f809000
3fc76000
3f809000
3fc76000
3f809000
3fc76000
3f809000
3fc76000
3f809000
3fc76000
3f809000
3fc76000
3f809000
3fc76000
3f809000
3fc76000
3f809000
3fc76000
3f809000
3fc76000
3f809000
3fc76000
3f809000
3fc76000
3f809000
3fc76000
3f809000
3fc76000
3f809000
3fc76000
3f809000
3fc76000
3f809000
3fc76000
3f809000
3fc76000
3f809000
3fc76000
3f809000
3fc76000
3f809000
3fc76000
3f809000
3fc76000
3f809000
3fc76000
3f809000
3fc76000
3f809000
3fc76000
3f809000
3fc76000
3f809000
3fc76000
3f809000
3fc76000
3f809000
3fc76000
3f809000
3fc76000
3f809000
3fc76000
3f809000
3fc76000
3f809000
3fc76000
3f809000
3fc76000
3f809000
3fc76000
3f809000
3fc76000
3f809000
3fc76000
3f809000
3fc76000
3f809000
3fc76000
3f809000
3fc76000
3f809000
3fc76000
3f809000
3fc76000
3f809000
3fc76000
3f809000
3fc76000
3f809000
3fc76000
3f809000
3fc76000
3f809000
3fc76000
3f809000
3fc76000
3f809000
3fc76000
3f809000
3fca2000
3f809000
3fca2000
3f809000
3fca2000
3f809000
3fca2000
3f809000
3fca2000
3f809000
3fca2000
3f809000
3fca2000
3f809000
3fca2000
3f809000
3fca2000
3f809000
3fca2000
3f809000
3fca2000
3f809000
3fca2000
3f809000
3fca2000
3f809000
3fca2000
3f809000
3fca2000
3f809000
3fca2000
3f809000
3fca2000
3f809000
3fca2000
3f809000
3fca2000
3f809000
3fca2000
3f809000
3fca2000
3f809000
3fca2000
3f809000
3fca2000
3f809000
3fca2000
3f809000
3fca2000
3f809000
3fca2000
3f809000
3fca2000
3f809000
3fca2000
3f809000
3fca2000
3f809000
3fca2000
3f809000
3fca2000
3f809000
3fca2000
3f809000
3fca2000
3f809000
3fca2000
3f809000
3fca2000
3f809000
3fca2000
3f809000
3fca2000
3f809000
3fca2000
3f809000
3fca2000
3f809000
3fca2000
3f809000
3fca2000
3f809000
3fca2000
3f809000
3fca2000
3f809000
3fca2000
3f809000
3fca2000
3f809000
3fca2000
3f809000
3fca2000
3f809000
3fca2000
3f809000
3fca2000
3f809000
3fca2000
3f809000
3fca2000
3f809000
3fca2000
3f809000
3fca2000
3f809000
3fca2000
3f809000
3fca2000
3f809000
3fca2000
3f809000
3fca2000
3f809000
3fca2000
3f809000
3fca2000
3f809000
3fca2000
3f809000
3fca2000
3f809000
3fca2000
3f809000
3fca2000
3f809000
3fca2000
3f809000
3fca2000
3f809000
3fcce000
3f809000
3fcce000
3f809000
3fcce000
3f809000
3fcce000
3f809000
3fcce000
3f809000
3fcce000
3f809000
3fcce000
3f809000
3fcce000
3f809000
3fcce000
3f809000
3fcce000
3f809000
3fcce000
3f809000
3fcce000
3f809000
3fcce000
3f809000
3fcce000
3f809000
3fcce000
3f809000
3fcce000
3f809000
3fcce000
3f809000
3fcce000
3f809000
3fcce000
3f809000
3fcce000
3f809000
3fcce000
3f809000
3fcce000
3f809000
3fcce000
3f809000
3fcce000
3f809000
3fcce000
3f809000
3fcce000
3f809000
3fcce000
3f809000
3fcce000
3f809000
3fcce000
3f809000
3fcce000
3f809000
3fcce000
3f809000
3fcce000
3f809000
3fcce000
3f809000
3fcce000
3f809000
3fcce000
3f809000
3fcce000
3f809000
3fcce000
3f809000
3fcce000
3f809000
3fcce000
3f809000
3fcce000
3f809000
3fcce000
3f809000
3fcce000
3f809000
3fcce000
3f809000
3fcce000
3f809000
3fcce000
3f809000
3fcce000
3f809000
3fcce000
3f809000
3fcce000
3f809000
3fcce000
3f809000
3fcce000
3f809000
3fcce000
3f809000
3fcce000
3f809000
3fcce000
3f809000
3fcce000
3f809000
3fcce000
3f809000
3fcce000
3f809000
3fcce000
3f809000
3fcce000
3f809000
3fcce000
3f809000
3fcce000
3f809000
3fcce000
3f809000
3fcce000
3f809000
3fcce000
3f809000
3fcce000
3f809000
3fcce000
3f809000
3fcce000
3f809000
3fcfa000
3f809000
3fcfa000
3f809000
3fcfa000
3f809000
3fcfa000
3f809000
3fcfa000
3f809000
3fcfa000
3f809000
3fcfa000
3f809000
3fcfa000
3f809000
3fcfa000
3f809000
3fcfa000
3f809000
3fcfa000
3f809000
3fcfa000
3f809000
3fcfa000
3f809000
3fcfa000
3f809000
3fcfa000
3f809000
3fcfa000
3f809000
3fcfa000
3f809000
3fcfa000
3f809000
3fcfa000
3f809000
3fcfa000
3f809000
3fcfa000
3f809000
3fcfa000
3f809000
3fcfa000
3f809000
3fcfa000
3f809000
3fcfa000
3f809000
3fcfa000
3f809000
3fcfa000
3f809000
3fcfa000
3f809000
3fcfa000
3f809000
3fcfa000
3f809000
3fcfa000
3f809000
3fcfa000
3f809000
3fcfa000
3f809000
3fcfa000
3f809000
3fcfa000
3f809000
3fcfa000
3f809000
3fcfa000
3f809000
3fcfa000
3f809000
3fcfa000
3f809000
3fcfa000
3f809000
3fcfa000
3f809000
3fcfa000
3f809000
3fcfa000
3f809000
3fcfa000
3f809000
3fcfa000
3f809000
3fcfa000
3f809000
3fcfa000
3f809000
3fcfa000
3f809000
3fcfa000
3f809000
3fcfa000
3f809000
3fcfa000
3f809000
3fcfa000
3f809000
3fcfa000
3f809000
3fcfa000
3f809000
3fcfa000
3f809000
3fcfa000
3f809000
3fcfa000
3f809000
3fcfa000
3f809000
3fcfa000
3f809000
3fcfa000
3f809000
3fcfa000
3f809000
3fcfa000
3f809000
3fcfa000
3f809000
3fcfa000
3f809000
3fcfa000
3f809000
3fcfa000
3f809000
3fd26000
3f809000
3fd26000
3f809000
3fd26000
3f809000
3fd26000
3f809000
3fd26000
3f809000
3fd26000
3f809000
3fd26000
3f809000
3fd26000
3f809000
3fd26000
3f809000
3fd26000
3f809000
3fd26000
3f809000
3fd26000
3f809000
3fd26000
3f809000
3fd26000
3f809000
3fd26000
3f809000
3fd26000
3f809000
3fd26000
3f809000
3fd26000
3f809000
3fd26000
3f809000
3fd26000
3f809000
3fd26000
3f809000
3fd26000
3f809000
3fd26000
3f809000
3fd26000
3f809000
3fd26000
3f809000
3fd26000
3f809000
3fd26000
3f809000
3fd26000
3f809000
3fd26000
3f809000
3fd26000
3f809000
3fd26000
3f809000
3fd26000
3f809000
3fd26000
3f809000
3fd26000
3f809000
3fd26000
3f809000
3fd26000
3f809000
3fd26000
3f809000
3fd26000
3f809000
3fd26000
3f809000
3fd26000
3f809000
3fd26000
3f809000
3fd26000
3f809000
3fd26000
3f809000
3fd26000
3f809000
3fd26000
3f809000
3fd26000
3f809000
3fd26000
3f809000
3fd26000
3f809000
3fd26000
3f809000
3fd26000
3f809000
3fd26000
3f809000
3fd26000
3f809000
3fd26000
3f809000
3fd26000
3f809000
3fd26000
3f809000
3fd26000
3f809000
3fd26000
3f809000
3fd26000
3f809000
3fd26000
3f809000
3fd26000
3f809000
3fd26000
3f809000
3fd26000
3f809000
3fd26000
3f809000
3fd26000
3f809000
3fd26000
3f809000
3fd26000
3f809000
3fd52000
3f809000
3fd52000
3f809000
3fd52000
3f809000
3fd52000
3f809000
3fd52000
3f809000
3fd52000
3f809000
3fd52000
3f809000
3fd52000
3f809000
3fd52000
3f809000
3fd52000
3f809000
3fd52000
3f809000
3fd52000
3f809000
3fd52000
3f809000
3fd52000
3f809000
3fd52000
3f809000
3fd52000
3f809000
3fd52000
3f809000
3fd52000
3f809000
3fd52000
3f809000
3fd52000
3f809000
3fd52000
3f809000
3fd52000
3f809000
3fd52000
3f809000
3fd52000
3f809000
3fd52000
3f809000
3fd52000
3f809000
3fd52000
3f809000
3fd52000
3f809000
3fd52000
3f809000
3fd52000
3f809000
3fd52000
3f809000
3fd52000
3f809000
3fd52000
3f809000
3fd52000
3f809000
3fd52000
3f809000
3fd52000
3f809000
3fd52000
3f809000
3fd52000
3f809000
3fd52000
3f809000
3fd52000
3f809000
3fd52000
3f809000
3fd52000
3f809000
3fd52000
3f809000
3fd52000
3f809000
3fd52000
3f809000
3fd52000
3f809000
3fd52000
3f809000
3fd52000
3f809000
3fd52000
3f809000
3fd52000
3f809000
3fd52000
3f809000
3fd52000
3f809000
3fd52000
3f809000
3fd52000
3f809000
3fd52000
3f809000
3fd52000
3f809000
3fd52000
3f809000
3fd52000
3f809000
3fd52000
3f809000
3fd52000
3f809000
3fd52000
3f809000
3fd52000
3f809000
3fd52000
3f809000
3fd52000
3f809000
3fd52000
3f809000
3fd7e000
3f809000
3fd7e000
3f809000
3fd7e000
3f809000
3fd7e000
3f809000
3fd7e000
3f809000
3fd7e000
3f809000
3fd7e000
3f809000
3fd7e000
3f809000
3fd7e000
3f809000
3fd7e000
3f809000
3fd7e000
3f809000
3fd7e000
3f809000
3fd7e000
3f809000
3fd7e000
3f809000
3fd7e000
3f809000
3fd7e000
3f809000
3fd7e000
3f809000
3fd7e000
3f809000
3fd7e000
3f809000
3fd7e000
3f809000
3fd7e000
3f809000
3fd7e000
3f809000
3fd7e000
3f809000
3fd7e000
3f809000
3fd7e000
3f809000
3fd7e000
3f809000
3fd7e000
3f809000
3fd7e000
3f809000
3fd7e000
3f809000
3fd7e000
3f809000
3fd7e000
3f809000
3fd7e000
3f809000
3fd7e000
3f809000
3fd7e000
3f809000
3fd7e000
3f809000
3fd7e000
3f809000
3fd7e000
3f809000
3fd7e000
3f809000
3fd7e000
3f809000
3fd7e000
3f809000
3fd7e000
3f809000
3fd7e000
3f809000
3fd7e000
3f809000
3fd7e000
3f809000
3fd7e000
3f809000
3fd7e000
3f809000
3fd7e000
3f809000
3fd7e000
3f809000
3fd7e000
3f809000
3fd7e000
3f809000
3fd7e000
3f809000
3fd7e000
3f809000
3fd7e000
3f809000
3fd7e000
3f809000
3fd7e000
3f809000
3fd7e000
3f809000
3fd7e000
3f809000
3fd7e000
3f809000
3fd7e000
3f809000
3fd7e000
3f809000
3fd7e000
3f809000
3fd7e000
3f809000
3fd7e000
3f809000
3fd7e000
3f809000
3fd7e000
3f809000
3fd7e000
3f809000
3fdaa000
3f809000
3fdaa000
3f809000
3fdaa000
3f809000
3fdaa000
3f809000
3fdaa000
3f809000
3fdaa000
3f809000
3fdaa000
3f809000
3fdaa000
3f809000
3fdaa000
3f809000
3fdaa000
3f809000
3fdaa000
3f809000
3fdaa000
3f809000
3fdaa000
3f809000
3fdaa000
3f809000
3fdaa000
3f809000
3fdaa000
3f809000
3fdaa000
3f809000
3fdaa000
3f809000
3fdaa000
3f809000
3fdaa000
3f809000
3fdaa000
3f809000
3fdaa000
3f809000
3fdaa000
3f809000
3fdaa000
3f809000
3fdaa000
3f809000
3fdaa000
3f809000
3fdaa000
3f809000
3fdaa000
3f809000
3fdaa000
3f809000
3fdaa000
3f809000
3fdaa000
3f809000
3fdaa000
3f809000
3fdaa000
3f809000
3fdaa000
3f809000
3fdaa000
3f809000
3fdaa000
3f809000
3fdaa000
3f809000
3fdaa000
3f809000
3fdaa000
3f809000
3fdaa000
3f809000
3fdaa000
3f809000
3fdaa000
3f809000
3fdaa000
3f809000
3fdaa000
3f809000
3fdaa000
3f809000
3fdaa000
3f809000
3fdaa000
3f809000
3fdaa000
3f809000
3fdaa000
3f809000
3fdaa000
3f809000
3fdaa000
3f809000
3fdaa000
3f809000
3fdaa000
3f809000
3fdaa000
3f809000
3fdaa000
3f809000
3fdaa000
3f809000
3fdaa000
3f809000
3fdaa000
3f809000
3fdaa000
3f809000
3fdaa000
3f809000
3fdaa000
3f809000
3fdaa000
3f809000
3fdaa000
3f809000
3fdaa000
3f809000
3fdaa000
3f809000
3fdaa000
3f809000
3fdd6000
3f809000
3fdd6000
3f809000
3fdd6000
3f809000
3fdd6000
3f809000
3fdd6000
3f809000
3fdd6000
3f809000
3fdd6000
3f809000
3fdd6000
3f809000
3fdd6000
3f809000
3fdd6000
3f809000
3fdd6000
3f809000
3fdd6000
3f809000
3fdd6000
3f809000
3fdd6000
3f809000
3fdd6000
3f809000
3fdd6000
3f809000
3fdd6000
3f809000
3fdd6000
3f809000
3fdd6000
3f809000
3fdd6000
3f809000
3fdd6000
3f809000
3fdd6000
3f809000
3fdd6000
3f809000
3fdd6000
3f809000
3fdd6000
3f809000
3fdd6000
3f809000
3fdd6000
3f809000
3fdd6000
3f809000
3fdd6000
3f809000
3fdd6000
3f809000
3fdd6000
3f809000
3fdd6000
3f809000
3fdd6000
3f809000
3fdd6000
3f809000
3fdd6000
3f809000
3fdd6000
3f809000
3fdd6000
3f809000
3fdd6000
3f809000
3fdd6000
3f809000
3fdd6000
3f809000
3fdd6000
3f809000
3fdd6000
3f809000
3fdd6000
3f809000
3fdd6000
3f809000
3fdd6000
3f809000
3fdd6000
3f809000
3fdd6000
3f809000
3fdd6000
3f809000
3fdd6000
3f809000
3fdd6000
3f809000
3fdd6000
3f809000
3fdd6000
3f809000
3fdd6000
3f809000
3fdd6000
3f809000
3fdd6000
3f809000
3fdd6000
3f809000
3fdd6000
3f809000
3fdd6000
3f809000
3fdd6000
3f809000
3fdd6000
3f809000
3fdd6000
3f809000
3fdd6000
3f809000
3fdd6000
3f809000
3fdd6000
3f809000
3fdd6000
3f809000
3fdd6000
3f809000
3fe02000
3f809000
3fe02000
3f809000
3fe02000
3f809000
3fe02000
3f809000
3fe02000
3f809000
3fe02000
3f809000
3fe02000
3f809000
3fe02000
3f809000
3fe02000
3f809000
3fe02000
3f809000
3fe02000
3f809000
3fe02000
3f809000
3fe02000
3f809000
3fe02000
3f809000
3fe02000
3f809000
3fe02000
3f809000
3fe02000
3f809000
3fe02000
3f809000
3fe02000
3f809000
3fe02000
3f809000
3fe02000
3f809000
3fe02000
3f809000
3fe02000
3f809000
3fe02000
3f809000
3fe02000
3f809000
3fe02000
3f809000
3fe02000
3f809000
3fe02000
3f809000
3fe02000
3f809000
3fe02000
3f809000
3fe02000
3f809000
3fe02000
3f809000
3fe02000
3f809000
3fe02000
3f809000
3fe02000
3f809000
3fe02000
3f809000
3fe02000
3f809000
3fe02000
3f809000
3fe02000
3f809000
3fe02000
3f809000
3fe02000
3f809000
3fe02000
3f809000
3fe02000
3f809000
3fe02000
3f809000
3fe02000
3f809000
3fe02000
3f809000
3fe02000
3f809000
3fe02000
3f809000
3fe02000
3f809000
3fe02000
3f809000
3fe02000
3f809000
3fe02000
3f809000
3fe02000
3f809000
3fe02000
3f809000
3fe02000
3f809000
3fe02000
3f809000
3fe02000
3f809000
3fe02000
3f809000
3fe02000
3f809000
3fe02000
3f809000
3fe02000
3f809000
3fe02000
3f809000
3fe02000
3f809000
3fe02000
3f809000
3fe02000
3f809000
3fe2e000
3f809000
3fe2e000
3f809000
3fe2e000
3f809000
3fe2e000
3f809000
3fe2e000
3f809000
3fe2e000
3f809000
3fe2e000
3f809000
3fe2e000
3f809000
3fe2e000
3f809000
3fe2e000
3f809000
3fe2e000
3f809000
3fe2e000
3f809000
3fe2e000
3f809000
3fe2e000
3f809000
3fe2e000
3f809000
3fe2e000
3f809000
3fe2e000
3f809000
3fe2e000
3f809000
3fe2e000
3f809000
3fe2e000
3f809000
3fe2e000
3f809000
3fe2e000
3f809000
3fe2e000
3f809000
3fe2e000
3f809000
3fe2e000
3f809000
3fe2e000
3f809000
3fe2e000
3f809000
3fe2e000
3f809000
3fe2e000
3f809000
3fe2e000
3f809000
3fe2e000
3f809000
3fe2e000
3f809000
3fe2e000
3f809000
3fe2e000
3f809000
3fe2e000
3f809000
3fe2e000
3f809000
3fe2e000
3f809000
3fe2e000
3f809000
3fe2e000
3f809000
3fe2e000
3f809000
3fe2e000
3f809000
3fe2e000
3f809000
3fe2e000
3f809000
3fe2e000
3f809000
3fe2e000
3f809000
3fe2e000
3f809000
3fe2e000
3f809000
3fe2e000
3f809000
3fe2e000
3f809000
3fe2e000
3f809000
3fe2e000
3f809000
3fe2e000
3f809000
3fe2e000
3f809000
3fe2e000
3f809000
3fe2e000
3f809000
3fe2e000
3f809000
3fe2e000
3f809000
3fe2e000
3f809000
3fe2e000
3f809000
3fe2e000
3f809000
3fe2e000
3f809000
3fe2e000
3f809000
3fe2e000
3f809000
3fe2e000
3f809000
3fe2e000
3f809000
3fe2e000
3f809000
3fe5a000
3f809000
3fe5a000
3f809000
3fe5a000
3f809000
3fe5a000
3f809000
3fe5a000
3f809000
3fe5a000
3f809000
3fe5a000
3f809000
3fe5a000
3f809000
3fe5a000
3f809000
3fe5a000
3f809000
3fe5a000
3f809000
3fe5a000
3f809000
3fe5a000
3f809000
3fe5a000
3f809000
3fe5a000
3f809000
3fe5a000
3f809000
3fe5a000
3f809000
3fe5a000
3f809000
3fe5a000
3f809000
3fe5a000
3f809000
3fe5a000
3f809000
3fe5a000
3f809000
3fe5a000
3f809000
3fe5a000
3f809000
3fe5a000
3f809000
3fe5a000
3f809000
3fe5a000
3f809000
3fe5a000
3f809000
3fe5a000
3f809000
3fe5a000
3f809000
3fe5a000
3f809000
3fe5a000
3f809000
3fe5a000
3f809000
3fe5a000
3f809000
3fe5a000
3f809000
3fe5a000
3f809000
3fe5a000
3f809000
3fe5a000
3f809000
3fe5a000
3f809000
3fe5a000
3f809000
3fe5a000
3f809000
3fe5a000
3f809000
3fe5a000
3f809000
3fe5a000
3f809000
3fe5a000
3f809000
3fe5a000
3f809000
3fe5a000
3f809000
3fe5a000
3f809000
3fe5a000
3f809000
3fe5a000
3f809000
3fe5a000
3f809000
3fe5a000
3f809000
3fe5a000
3f809000
3fe5a000
3f809000
3fe5a000
3f809000
3fe5a000
3f809000
3fe5a000
3f809000
3fe5a000
3f809000
3fe5a000
3f809000
3fe5a000
3f809000
3fe5a000
3f809000
3fe5a000
3f809000
3fe5a000
3f809000
3fe5a000
3f809000
3fe5a000
3f809000
3fe5a000
3f809000
3fe86000
3f809000
3fe86000
3f809000
3fe86000
3f809000
3fe86000
3f809000
3fe86000
3f809000
3fe86000
3f809000
3fe86000
3f809000
3fe86000
3f809000
3fe86000
3f809000
3fe86000
3f809000
3fe86000
3f809000
3fe86000
3f809000
3fe86000
3f809000
3fe86000
3f809000
3fe86000
3f809000
3fe86000
3f809000
3fe86000
3f809000
3fe86000
3f809000
3fe86000
3f809000
3fe86000
3f809000
3fe86000
3f809000
3fe86000
3f809000
3fe86000
3f809000
3fe86000
3f809000
3fe86000
3f809000
3fe86000
3f809000
3fe86000
3f809000
3fe86000
3f809000
3fe86000
3f809000
3fe86000
3f809000
3fe86000
3f809000
3fe86000
3f809000
3fe86000
3f809000
3fe86000
3f809000
3fe86000
3f809000
3fe86000
3f809000
3fe86000
3f809000
3fe86000
3f809000
3fe86000
3f809000
3fe86000
3f809000
3fe86000
3f809000
3fe86000
3f809000
3fe86000
3f809000
3fe86000
3f809000
3fe86000
3f809000
3fe86000
3f809000
3fe86000
3f809000
3fe86000
3f809000
3fe86000
3f809000
3fe86000
3f809000
3fe86000
3f809000
3fe86000
3f809000
3fe86000
3f809000
3fe86000
3f809000
3fe86000
3f809000
3fe86000
3f809000
3fe86000
3f809000
3fe86000
3f809000
3fe86000
3f809000
3fe86000
3f809000
3fe86000
3f809000
3fe86000
3f809000
3fe86000
3f809000
3fe86000
3f809000
3fe86000
3f809000
3feb2000
3f809000
3feb2000
3f809000
3feb2000
3f809000
3feb2000
3f809000
3feb2000
3f809000
3feb2000
3f809000
3feb2000
3f809000
3feb2000
3f809000
3feb2000
3f809000
3feb2000
3f809000
3feb2000
3f809000
3feb2000
3f809000
3feb2000
3f809000
3feb2000
3f809000
3feb2000
3f809000
3feb2000
3f809000
3feb2000
3f809000
3feb2000
3f809000
3feb2000
3f809000
3feb2000
3f809000
3feb2000
3f809000
3feb2000
3f809000
3feb2000
3f809000
3feb2000
3f809000
3feb2000
3f809000
3feb2000
3f809000
3feb2000
3f809000
3feb2000
3f809000
3feb2000
3f809000
3feb2000
3f809000
3feb2000
3f809000
3feb2000
3f809000
3feb2000
3f809000
3feb2000
3f809000
3feb2000
3f809000
3feb2000
3f809000
3feb2000
3f809000
3feb2000
3f809000
3feb2000
3f809000
3feb2000
3f809000
3feb2000
3f809000
3feb2000
3f809000
3feb2000
3f809000
3feb2000
3f809000
3feb2000
3f809000
3feb2000
3f809000
3feb2000
3f809000
3feb2000
3f809000
3feb2000
3f809000
3feb2000
3f809000
3feb2000
3f809000
3feb2000
3f809000
3feb2000
3f809000
3feb2000
3f809000
3feb2000
3f809000
3feb2000
3f809000
3feb2000
3f809000
3feb2000
3f809000
3feb2000
3f809000
3feb2000
3f809000
3feb2000
3f809000
3feb2000
3f809000
3feb2000
3f809000
3feb2000
3f809000
3feb2000
3f809000
3feb2000
3f809000
3fede000
3f809000
3fede000
3f809000
3fede000
3f809000
3fede000
3f809000
3fede000
3f809000
3fede000
3f809000
3fede000
3f809000
3fede000
3f809000
3fede000
3f809000
3fede000
3f809000
3fede000
3f809000
3fede000
3f809000
3fede000
3f809000
3fede000
3f809000
3fede000
3f809000
3fede000
3f809000
3fede000
3f809000
3fede000
3f809000
3fede000
3f809000
3fede000
3f809000
3fede000
3f809000
3fede000
3f809000
3fede000
3f809000
3fede000
3f809000
3fede000
3f809000
3fede000
3f809000
3fede000
3f809000
3fede000
3f809000
3fede000
3f809000
3fede000
3f809000
3fede000
3f809000
3fede000
3f809000
3fede000
3f809000
3fede000
3f809000
3fede000
3f809000
3fede000
3f809000
3fede000
3f809000
3fede000
3f809000
3fede000
3f809000
3fede000
3f809000
3fede000
3f809000
3fede000
3f809000
3fede000
3f809000
3fede000
3f809000
3fede000
3f809000
3fede000
3f809000
3fede000
3f809000
3fede000
3f809000
3fede000
3f809000
3fede000
3f809000
3fede000
3f809000
3fede000
3f809000
3fede000
3f809000
3fede000
3f809000
3fede000
3f809000
3fede000
3f809000
3fede000
3f809000
3fede000
3f809000
3fede000
3f809000
3fede000
3f809000
3fede000
3f809000
3fede000
3f809000
3fede000
3f809000
3fede000
3f809000
3fede000
3f809000
3fede000
3f809000
3ff0a000
3f809000
3ff0a000
3f809000
3ff0a000
3f809000
3ff0a000
3f809000
3ff0a000
3f809000
3ff0a000
3f809000
3ff0a000
3f809000
3ff0a000
3f809000
3ff0a000
3f809000
3ff0a000
3f809000
3ff0a000
3f809000
3ff0a000
3f809000
3ff0a000
3f809000
3ff0a000
3f809000
3ff0a000
3f809000
3ff0a000
3f809000
3ff0a000
3f809000
3ff0a000
3f809000
3ff0a000
3f809000
3ff0a000
3f809000
3ff0a000
3f809000
3ff0a000
3f809000
3ff0a000
3f809000
3ff0a000
3f809000
3ff0a000
3f809000
3ff0a000
3f809000
3ff0a000
3f809000
3ff0a000
3f809000
3ff0a000
3f809000
3ff0a000
3f809000
3ff0a000
3f809000
3ff0a000
3f809000
3ff0a000
3f809000
3ff0a000
3f809000
3ff0a000
3f809000
3ff0a000
3f809000
3ff0a000
3f809000
3ff0a000
3f809000
3ff0a000
3f809000
3ff0a000
3f809000
3ff0a000
3f809000
3ff0a000
3f809000
3ff0a000
3f809000
3ff0a000
3f809000
3ff0a000
3f809000
3ff0a000
3f809000
3ff0a000
3f809000
3ff0a000
3f809000
3ff0a000
3f809000
3ff0a000
3f809000
3ff0a000
3f809000
3ff0a000
3f809000
3ff0a000
3f809000
3ff0a000
3f809000
3ff0a000
3f809000
3ff0a000
3f809000
3ff0a000
3f809000
3ff0a000
3f809000
3ff0a000
3f809000
3ff0a000
3f809000
3ff0a000
3f809000
3ff0a000
3f809000
3ff0a000
3f809000
3ff0a000
3f809000
3ff0a000
3f809000
3ff0a000
3f809000
3ff36000
3f809000
3ff36000
3f809000
3ff36000
3f809000
3ff36000
3f809000
3ff36000
3f809000
3ff36000
3f809000
3ff36000
3f809000
3ff36000
3f809000
3ff36000
3f809000
3ff36000
3f809000
3ff36000
3f809000
3ff36000
3f809000
3ff36000
3f809000
3ff36000
3f809000
3ff36000
3f809000
3ff36000
3f809000
3ff36000
3f809000
3ff36000
3f809000
3ff36000
3f809000
3ff36000
3f809000
3ff36000
3f809000
3ff36000
3f809000
3ff36000
3f809000
3ff36000
3f809000
3ff36000
3f809000
3ff36000
3f809000
3ff36000
3f809000
3ff36000
3f809000
3ff36000
3f809000
3ff36000
3f809000
3ff36000
3f809000
3ff36000
3f809000
3ff36000
3f809000
3ff36000
3f809000
3ff36000
3f809000
3ff36000
3f809000
3ff36000
3f809000
3ff36000
3f809000
3ff36000
3f809000
3ff36000
3f809000
3ff36000
3f809000
3ff36000
3f809000
3ff36000
3f809000
3ff36000
3f809000
3ff36000
3f809000
3ff36000
3f809000
3ff36000
3f809000
3ff36000
3f809000
3ff36000
3f809000
3ff36000
3f809000
3ff36000
3f809000
3ff36000
3f809000
3ff36000
3f809000
3ff36000
3f809000
3ff36000
3f809000
3ff36000
3f809000
3ff36000
3f809000
3ff36000
3f809000
3ff36000
3f809000
3ff36000
3f809000
3ff36000
3f809000
3ff36000
3f809000
3ff36000
3f809000
3ff36000
3f809000
3ff36000
3f809000
3ff62000
3f809000
3ff62000
3f809000
3ff62000
3f809000
3ff62000
3f809000
3ff62000
3f809000
3ff62000
3f809000
3ff62000
3f809000
3ff62000
3f809000
3ff62000
3f809000
3ff62000
3f809000
3ff62000
3f809000
3ff62000
3f809000
3ff62000
3f809000
3ff62000
3f809000
3ff62000
3f809000
3ff62000
3f809000
3ff62000
3f809000
3ff62000
3f809000
3ff62000
3f809000
3ff62000
3f809000
3ff62000
3f809000
3ff62000
3f809000
3ff62000
3f809000
3ff62000
3f809000
3ff62000
3f809000
3ff62000
3f809000
3ff62000
3f809000
3ff62000
3f809000
3ff62000
3f809000
3ff62000
3f809000
3ff62000
3f809000
3ff62000
3f809000
3ff62000
3f809000
3ff62000
3f809000
3ff62000
3f809000
3ff62000
3f809000
3ff62000
3f809000
3ff62000
3f809000
3ff62000
3f809000
3ff62000
3f809000
3ff62000
3f809000
3ff62000
3f809000
3ff62000
3f809000
3ff62000
3f809000
3ff62000
3f809000
3ff62000
3f809000
3ff62000
3f809000
3ff62000
3f809000
3ff62000
3f809000
3ff62000
3f809000
3ff62000
3f809000
3ff62000
3f809000
3ff62000
3f809000
3ff62000
3f809000
3ff62000
3f809000
3ff62000
3f809000
3ff62000
3f809000
3ff62000
3f809000
3ff62000
3f809000
3ff62000
3f809000
3ff62000
3f809000
3ff62000
3f809000
3ff62000
3f809000
3ff62000
3f809000
3ff62000
3f809000
3ff62000
3f809000
3ff8e000
3f809000
3ff8e000
3f809000
3ff8e000
3f809000
3ff8e000
3f809000
3ff8e000
3f809000
3ff8e000
3f809000
3ff8e000
3f809000
3ff8e000
3f809000
3ff8e000
3f809000
3ff8e000
3f809000
3ff8e000
3f809000
3ff8e000
3f809000
3ff8e000
3f809000
3ff8e000
3f809000
3ff8e000
3f809000
3ff8e000
3f809000
3ff8e000
3f809000
3ff8e000
3f809000
3ff8e000
3f809000
3ff8e000
3f809000
3ff8e000
3f809000
3ff8e000
3f809000
3ff8e000
3f809000
3ff8e000
3f809000
3ff8e000
3f809000
3ff8e000
3f809000
3ff8e000
3f809000
3ff8e000
3f809000
3ff8e000
3f809000
3ff8e000
3f809000
3ff8e000
3f809000
3ff8e000
3f809000
3ff8e000
3f809000
3ff8e000
3f809000
3ff8e000
3f809000
3ff8e000
3f809000
3ff8e000
3f809000
3ff8e000
3f809000
3ff8e000
3f809000
3ff8e000
3f809000
3ff8e000
3f809000
3ff8e000
3f809000
3ff8e000
3f809000
3ff8e000
3f809000
3ff8e000
3f809000
3ff8e000
3f809000
3ff8e000
3f809000
3ff8e000
3f809000
3ff8e000
3f809000
3ff8e000
3f809000
3ff8e000
3f809000
3ff8e000
3f809000
3ff8e000
3f809000
3ff8e000
3f809000
3ff8e000
3f809000
3ff8e000
3f809000
3ff8e000
3f809000
3ff8e000
3f809000
3ff8e000
3f809000
3ff8e000
3f809000
3ff8e000
3f809000
3ff8e000
3f809000
3ff8e000
3f809000
3ff8e000
3f809000
3ff8e000
3f809000
3ff8e000
3f809000
3ffba000
3f809000
3ffba000
3f809000
3ffba000
3f809000
3ffba000
3f809000
3ffba000
3f809000
3ffba000
3f809000
3ffba000
3f809000
3ffba000
3f809000
3ffba000
3f809000
3ffba000
3f809000
3ffba000
3f809000
3ffba000
3f809000
3ffba000
3f809000
3ffba000
3f809000
3ffba000
3f809000
3ffba000
3f809000
3ffba000
3f809000
3ffba000
3f809000
3ffba000
3f809000
3ffba000
3f809000
3ffba000
3f809000
3ffba000
3f809000
3ffba000
3f809000
3ffba000
3f809000
3ffba000
3f809000
3ffba000
3f809000
3ffba000
3f809000
3ffba000
3f809000
3ffba000
3f809000
3ffba000
3f809000
3ffba000
3f809000
3ffba000
3f809000
3ffba000
3f809000
3ffba000
3f809000
3ffba000
3f809000
3ffba000
3f809000
3ffba000
3f809000
3ffba000
3f809000
3ffba000
3f809000
3ffba000
3f809000
3ffba000
3f809000
3ffba000
3f809000
3ffba000
3f809000
3ffba000
3f809000
3ffba000
3f809000
3ffba000
3f809000
3ffba000
3f809000
3ffba000
3f809000
3ffba000
3f809000
3ffba000
3f809000
3ffba000
3f809000
3ffba000
3f809000
3ffba000
3f809000
3ffba000
3f809000
3ffba000
3f809000
3ffba000
3f809000
3ffba000
3f809000
3ffba000
3f809000
3ffba000
3f809000
3ffba000
3f809000
3ffba000
3f809000
3ffba000
3f809000
3ffba000
3f809000
3ffba000
3f809000
3ffba000
3f809000
3ffba000
3f809000
3ffe6000
3f809000
3ffe6000
3f809000
3ffe6000
3f809000
3ffe6000
3f809000
3ffe6000
3f809000
3ffe6000
3f809000
3ffe6000
3f809000
3ffe6000
3f809000
3ffe6000
3f809000
3ffe6000
3f809000
3ffe6000
3f809000
3ffe6000
3f809000
3ffe6000
3f809000
3ffe6000
3f809000
3ffe6000
3f809000
3ffe6000
3f809000
3ffe6000
3f809000
3ffe6000
3f809000
3ffe6000
3f809000
3ffe6000
3f809000
3ffe6000
3f809000
3ffe6000
3f809000
3ffe6000
3f809000
3ffe6000
3f809000
3ffe6000
3f809000
3ffe6000
3f809000
3ffe6000
3f809000
3ffe6000
3f809000
3ffe6000
3f809000
3ffe6000
3f809000
3ffe6000
3f809000
3ffe6000
3f809000
3ffe6000
3f809000
3ffe6000
3f809000
3ffe6000
3f809000
3ffe6000
3f809000
3ffe6000
3f809000
3ffe6000
3f809000
3ffe6000
3f809000
3ffe6000
3f809000
3ffe6000
3f809000
3ffe6000
3f809000
3ffe6000
3f809000
3ffe6000
3f809000
3ffe6000
3f809000
3ffe6000
3f809000
3ffe6000
3f809000
3ffe6000
3f809000
3ffe6000
3f809000
3ffe6000
3f809000
3ffe6000
3f809000
3ffe6000
3f809000
3ffe6000
3f809000
3ffe6000
3f809000
3ffe6000
3f809000
3ffe6000
3f809000
3ffe6000
3f809000
3ffe6000
3f809000
3ffe6000
3f809000
3ffe6000
3f809000
3ffe6000
3f809000
3ffe6000
3f809000
3ffe6000
3f809000
3ffe6000
3f809000
3ffe6000
3f809000
40009000
3f809000
40009000
3f809000
40009000
3f809000
40009000
3f809000
40009000
3f809000
40009000
3f809000
40009000
3f809000
40009000
3f809000
40009000
3f809000
40009000
3f809000
40009000
3f809000
40009000
3f809000
40009000
3f809000
40009000
3f809000
40009000
3f809000
40009000
3f809000
40009000
3f809000
40009000
3f809000
40009000
3f809000
40009000
3f809000
40009000
3f809000
40009000
3f809000
40009000
3f809000
40009000
3f809000
40009000
3f809000
40009000
3f809000
40009000
3f809000
40009000
3f809000
40009000
3f809000
40009000
3f809000
40009000
3f809000
40009000
3f809000
40009000
3f809000
40009000
3f809000
40009000
3f809000
40009000
3f809000
40009000
3f809000
40009000
3f809000
40009000
3f809000
40009000
3f809000
40009000
3f809000
40009000
3f809000
40009000
3f809000
40009000
3f809000
40009000
3f809000
40009000
3f809000
40009000
3f809000
40009000
3f809000
40009000
3f809000
40009000
3f809000
40009000
3f809000
40009000
3f809000
40009000
3f809000
40009000
3f809000
40009000
3f809000
40009000
3f809000
40009000
3f809000
40009000
3f809000
40009000
3f809000
40009000
3f809000
40009000
3f809000
40009000
3f809000
40009000
3f809000
40009000
3f809000
40009000
3f809000
40009000
3f809000
4001f000
3f809000
4001f000
3f809000
4001f000
3f809000
4001f000
3f809000
4001f000
3f809000
4001f000
3f809000
4001f000
3f809000
4001f000
3f809000
4001f000
3f809000
4001f000
3f809000
4001f000
3f809000
4001f000
3f809000
4001f000
3f809000
4001f000
3f809000
4001f000
3f809000
4001f000
3f809000
4001f000
3f809000
4001f000
3f809000
4001f000
3f809000
4001f000
3f809000
4001f000
3f809000
4001f000
3f809000
4001f000
3f809000
4001f000
3f809000
4001f000
3f809000
4001f000
3f809000
4001f000
3f809000
4001f000
3f809000
4001f000
3f809000
4001f000
3f809000
4001f000
3f809000
4001f000
3f809000
4001f000
3f809000
4001f000
3f809000
4001f000
3f809000
4001f000
3f809000
4001f000
3f809000
4001f000
3f809000
4001f000
3f809000
4001f000
3f809000
4001f000
3f809000
4001f000
3f809000
4001f000
3f809000
4001f000
3f809000
4001f000
3f809000
4001f000
3f809000
4001f000
3f809000
4001f000
3f809000
4001f000
3f809000
4001f000
3f809000
4001f000
3f809000
4001f000
3f809000
4001f000
3f809000
4001f000
3f809000
4001f000
3f809000
4001f000
3f809000
4001f000
3f809000
4001f000
3f809000
4001f000
3f809000
4001f000
3f809000
4001f000
3f809000
4001f000
3f809000
4001f000
3f809000
4001f000
3f809000
4001f000
3f809000
4001f000
3f809000
40035000
3f809000
40035000
3f809000
40035000
3f809000
40035000
3f809000
40035000
3f809000
40035000
3f809000
40035000
3f809000
40035000
3f809000
40035000
3f809000
40035000
3f809000
40035000
3f809000
40035000
3f809000
40035000
3f809000
40035000
3f809000
40035000
3f809000
40035000
3f809000
40035000
3f809000
40035000
3f809000
40035000
3f809000
40035000
3f809000
40035000
3f809000
40035000
3f809000
40035000
3f809000
40035000
3f809000
40035000
3f809000
40035000
3f809000
40035000
3f809000
40035000
3f809000
40035000
3f809000
40035000
3f809000
40035000
3f809000
40035000
3f809000
40035000
3f809000
40035000
3f809000
40035000
3f809000
40035000
3f809000
40035000
3f809000
40035000
3f809000
40035000
3f809000
40035000
3f809000
40035000
3f809000
40035000
3f809000
40035000
3f809000
40035000
3f809000
40035000
3f809000
40035000
3f809000
40035000
3f809000
40035000
3f809000
40035000
3f809000
40035000
3f809000
40035000
3f809000
40035000
3f809000
40035000
3f809000
40035000
3f809000
40035000
3f809000
40035000
3f809000
40035000
3f809000
40035000
3f809000
40035000
3f809000
40035000
3f809000
40035000
3f809000
40035000
3f809000
40035000
3f809000
40035000
3f809000
40035000
3f809000
40035000
3f809000
4004b000
3f809000
4004b000
3f809000
4004b000
3f809000
4004b000
3f809000
4004b000
3f809000
4004b000
3f809000
4004b000
3f809000
4004b000
3f809000
4004b000
3f809000
4004b000
3f809000
4004b000
3f809000
4004b000
3f809000
4004b000
3f809000
4004b000
3f809000
4004b000
3f809000
4004b000
3f809000
4004b000
3f809000
4004b000
3f809000
4004b000
3f809000
4004b000
3f809000
4004b000
3f809000
4004b000
3f809000
4004b000
3f809000
4004b000
3f809000
4004b000
3f809000
4004b000
3f809000
4004b000
3f809000
4004b000
3f809000
4004b000
3f809000
4004b000
3f809000
4004b000
3f809000
4004b000
3f809000
4004b000
3f809000
4004b000
3f809000
4004b000
3f809000
4004b000
3f809000
4004b000
3f809000
4004b000
3f809000
4004b000
3f809000
4004b000
3f809000
4004b000
3f809000
4004b000
3f809000
4004b000
3f809000
4004b000
3f809000
4004b000
3f809000
4004b000
3f809000
4004b000
3f809000
4004b000
3f809000
4004b000
3f809000
4004b000
3f809000
4004b000
3f809000
4004b000
3f809000
4004b000
3f809000
4004b000
3f809000
4004b000
3f809000
4004b000
3f809000
4004b000
3f809000
4004b000
3f809000
4004b000
3f809000
4004b000
3f809000
4004b000
3f809000
4004b000
3f809000
4004b000
3f809000
4004b000
3f809000
4004b000
3f809000
40061000
3f809000
40061000
3f809000
40061000
3f809000
40061000
3f809000
40061000
3f809000
40061000
3f809000
40061000
3f809000
40061000
3f809000
40061000
3f809000
40061000
3f809000
40061000
3f809000
40061000
3f809000
40061000
3f809000
40061000
3f809000
40061000
3f809000
40061000
3f809000
40061000
3f809000
40061000
3f809000
40061000
3f809000
40061000
3f809000
40061000
3f809000
40061000
3f809000
40061000
3f809000
40061000
3f809000
40061000
3f809000
40061000
3f809000
40061000
3f809000
40061000
3f809000
40061000
3f809000
40061000
3f809000
40061000
3f809000
40061000
3f809000
40061000
3f809000
40061000
3f809000
40061000
3f809000
40061000
3f809000
40061000
3f809000
40061000
3f809000
40061000
3f809000
40061000
3f809000
40061000
3f809000
40061000
3f809000
40061000
3f809000
40061000
3f809000
40061000
3f809000
40061000
3f809000
40061000
3f809000
40061000
3f809000
40061000
3f809000
40061000
3f809000
40061000
3f809000
40061000
3f809000
40061000
3f809000
40061000
3f809000
40061000
3f809000
40061000
3f809000
40061000
3f809000
40061000
3f809000
40061000
3f809000
40061000
3f809000
40061000
3f809000
40061000
3f809000
40061000
3f809000
40061000
3f809000
40061000
3f809000
40061000
3f809000
40077000
3f809000
40077000
3f809000
40077000
3f809000
40077000
3f809000
40077000
3f809000
40077000
3f809000
40077000
3f809000
40077000
3f809000
40077000
3f809000
40077000
3f809000
40077000
3f809000
40077000
3f809000
40077000
3f809000
40077000
3f809000
40077000
3f809000
40077000
3f809000
40077000
3f809000
40077000
3f809000
40077000
3f809000
40077000
3f809000
40077000
3f809000
40077000
3f809000
40077000
3f809000
40077000
3f809000
40077000
3f809000
40077000
3f809000
40077000
3f809000
40077000
3f809000
40077000
3f809000
40077000
3f809000
40077000
3f809000
40077000
3f809000
40077000
3f809000
40077000
3f809000
40077000
3f809000
40077000
3f809000
40077000
3f809000
40077000
3f809000
40077000
3f809000
40077000
3f809000
40077000
3f809000
40077000
3f809000
40077000
3f809000
40077000
3f809000
40077000
3f809000
40077000
3f809000
40077000
3f809000
40077000
3f809000
40077000
3f809000
40077000
3f809000
40077000
3f809000
40077000
3f809000
40077000
3f809000
40077000
3f809000
40077000
3f809000
40077000
3f809000
40077000
3f809000
40077000
3f809000
40077000
3f809000
40077000
3f809000
40077000
3f809000
40077000
3f809000
40077000
3f809000
40077000
3f809000
40077000
3f809000
40077000
3f809000
4008d000
3f809000
4008d000
3f809000
4008d000
3f809000
4008d000
3f809000
4008d000
3f809000
4008d000
3f809000
4008d000
3f809000
4008d000
3f809000
4008d000
3f809000
4008d000
3f809000
4008d000
3f809000
4008d000
3f809000
4008d000
3f809000
4008d000
3f809000
4008d000
3f809000
4008d000
3f809000
4008d000
3f809000
4008d000
3f809000
4008d000
3f809000
4008d000
3f809000
4008d000
3f809000
4008d000
3f809000
4008d000
3f809000
4008d000
3f809000
4008d000
3f809000
4008d000
3f809000
4008d000
3f809000
4008d000
3f809000
4008d000
3f809000
4008d000
3f809000
4008d000
3f809000
4008d000
3f809000
4008d000
3f809000
4008d000
3f809000
4008d000
3f809000
4008d000
3f809000
4008d000
3f809000
4008d000
3f809000
4008d000
3f809000
4008d000
3f809000
4008d000
3f809000
4008d000
3f809000
4008d000
3f809000
4008d000
3f809000
4008d000
3f809000
4008d000
3f809000
4008d000
3f809000
4008d000
3f809000
4008d000
3f809000
4008d000
3f809000
4008d000
3f809000
4008d000
3f809000
4008d000
3f809000
4008d000
3f809000
4008d000
3f809000
4008d000
3f809000
4008d000
3f809000
4008d000
3f809000
4008d000
3f809000
4008d000
3f809000
4008d000
3f809000
4008d000
3f809000
4008d000
3f809000
4008d000
3f809000
4008d000
3f809000
400a3000
3f809000
400a3000
3f809000
400a3000
3f809000
400a3000
3f809000
400a3000
3f809000
400a3000
3f809000
400a3000
3f809000
400a3000
3f809000
400a3000
3f809000
400a3000
3f809000
400a3000
3f809000
400a3000
3f809000
400a3000
3f809000
400a3000
3f809000
400a3000
3f809000
400a3000
3f809000
400a3000
3f809000
400a3000
3f809000
400a3000
3f809000
400a3000
3f809000
400a3000
3f809000
400a3000
3f809000
400a3000
3f809000
400a3000
3f809000
400a3000
3f809000
400a3000
3f809000
400a3000
3f809000
400a3000
3f809000
400a3000
3f809000
400a3000
3f809000
400a3000
3f809000
400a3000
3f809000
400a3000
3f809000
400a3000
3f809000
400a3000
3f809000
400a3000
3f809000
400a3000
3f809000
400a3000
3f809000
400a3000
3f809000
400a3000
3f809000
400a3000
3f809000
400a3000
3f809000
400a3000
3f809000
400a3000
3f809000
400a3000
3f809000
400a3000
3f809000
400a3000
3f809000
400a3000
3f809000
400a3000
3f809000
400a3000
3f809000
400a3000
3f809000
400a3000
3f809000
400a3000
3f809000
400a3000
3f809000
400a3000
3f809000
400a3000
3f809000
400a3000
3f809000
400a3000
3f809000
400a3000
3f809000
400a3000
3f809000
400a3000
3f809000
400a3000
3f809000
400a3000
3f809000
400a3000
3f809000
400a3000
3f809000
400a3000
3f809000
400b9000
3f809000
400b9000
3f809000
400b9000
3f809000
400b9000
3f809000
400b9000
3f809000
400b9000
3f809000
400b9000
3f809000
400b9000
3f809000
400b9000
3f809000
400b9000
3f809000
400b9000
3f809000
400b9000
3f809000
400b9000
3f809000
400b9000
3f809000
400b9000
3f809000
400b9000
3f809000
400b9000
3f809000
400b9000
3f809000
400b9000
3f809000
400b9000
3f809000
400b9000
3f809000
400b9000
3f809000
400b9000
3f809000
400b9000
3f809000
400b9000
3f809000
400b9000
3f809000
400b9000
3f809000
400b9000
3f809000
400b9000
3f809000
400b9000
3f809000
400b9000
3f809000
400b9000
3f809000
400b9000
3f809000
400b9000
3f809000
400b9000
3f809000
400b9000
3f809000
400b9000
3f809000
400b9000
3f809000
400b9000
3f809000
400b9000
3f809000
400b9000
3f809000
400b9000
3f809000
400b9000
3f809000
400b9000
3f809000
400b9000
3f809000
400b9000
3f809000
400b9000
3f809000
400b9000
3f809000
400b9000
3f809000
400b9000
3f809000
400b9000
3f809000
400b9000
3f809000
400b9000
3f809000
400b9000
3f809000
400b9000
3f809000
400b9000
3f809000
400b9000
3f809000
400b9000
3f809000
400b9000
3f809000
400b9000
3f809000
400b9000
3f809000
400b9000
3f809000
400b9000
3f809000
400b9000
3f809000
400b9000
3f809000
400b9000
3f809000
400cf000
3f809000
400cf000
3f809000
400cf000
3f809000
400cf000
3f809000
400cf000
3f809000
400cf000
3f809000
400cf000
3f809000
400cf000
3f809000
400cf000
3f809000
400cf000
3f809000
400cf000
3f809000
400cf000
3f809000
400cf000
3f809000
400cf000
3f809000
400cf000
3f809000
400cf000
3f809000
400cf000
3f809000
400cf000
3f809000
400cf000
3f809000
400cf000
3f809000
400cf000
3f809000
400cf000
3f809000
400cf000
3f809000
400cf000
3f809000
400cf000
3f809000
400cf000
3f809000
400cf000
3f809000
400cf000
3f809000
400cf000
3f809000
400cf000
3f809000
400cf000
3f809000
400cf000
3f809000
400cf000
3f809000
400cf000
3f809000
400cf000
3f809000
400cf000
3f809000
400cf000
3f809000
400cf000
3f809000
400cf000
3f809000
400cf000
3f809000
400cf000
3f809000
400cf000
3f809000
400cf000
3f809000
400cf000
3f809000
400cf000
3f809000
400cf000
3f809000
400cf000
3f809000
400cf000
3f809000
400cf000
3f809000
400cf000
3f809000
400cf000
3f809000
400cf000
3f809000
400cf000
3f809000
400cf000
3f809000
400cf000
3f809000
400cf000
3f809000
400cf000
3f809000
400cf000
3f809000
400cf000
3f809000
400cf000
3f809000
400cf000
3f809000
400cf000
3f809000
400cf000
3f809000
400cf000
3f809000
400cf000
3f809000
400cf000
3f809000
400e5000
3f809000
400e5000
3f809000
400e5000
3f809000
400e5000
3f809000
400e5000
3f809000
400e5000
3f809000
400e5000
3f809000
400e5000
3f809000
400e5000
3f809000
400e5000
3f809000
400e5000
3f809000
400e5000
3f809000
400e5000
3f809000
400e5000
3f809000
400e5000
3f809000
400e5000
3f809000
400e5000
3f809000
400e5000
3f809000
400e5000
3f809000
400e5000
3f809000
400e5000
3f809000
400e5000
3f809000
400e5000
3f809000
400e5000
3f809000
400e5000
3f809000
400e5000
3f809000
400e5000
3f809000
400e5000
3f809000
400e5000
3f809000
400e5000
3f809000
400e5000
3f809000
400e5000
3f809000
400e5000
3f809000
400e5000
3f809000
400e5000
3f809000
400e5000
3f809000
400e5000
3f809000
400e5000
3f809000
400e5000
3f809000
400e5000
3f809000
400e5000
3f809000
400e5000
3f809000
400e5000
3f809000
400e5000
3f809000
400e5000
3f809000
400e5000
3f809000
400e5000
3f809000
400e5000
3f809000
400e5000
3f809000
400e5000
3f809000
400e5000
3f809000
400e5000
3f809000
400e5000
3f809000
400e5000
3f809000
400e5000
3f809000
400e5000
3f809000
400e5000
3f809000
400e5000
3f809000
400e5000
3f809000
400e5000
3f809000
400e5000
3f809000
400e5000
3f809000
400e5000
3f809000
400e5000
3f809000
400e5000
3f809000
400fd000
3f801000
400fd000
3f801000
400fd000
3f801000
400fd000
3f801000
400fd000
3f801000
400fd000
3f801000
400fd000
3f801000
400fd000
3f801000
400fd000
3f801000
400fd000
3f801000
400fd000
3f801000
400fd000
3f801000
400fd000
3f801000
400fd000
3f801000
400fd000
3f801000
400fd000
3f801000
400fd000
3f801000
400fd000
3f801000
400fd000
3f801000
400fd000
3f801000
400fd000
3f801000
400fd000
3f801000
400fd000
3f801000
400fd000
3f801000
400fd000
3f801000
400fd000
3f801000
400fd000
3f801000
400fd000
3f801000
400fd000
3f801000
400fd000
3f801000
400fd000
3f801000
400fd000
3f801000
400fd000
3f801000
400fd000
3f801000
400fd000
3f801000
400fd000
3f801000
400fd000
3f801000
400fd000
3f801000
400fd000
3f801000
400fd000
3f801000
400fd000
3f801000
400fd000
3f801000
400fd000
3f801000
400fd000
3f801000
400fd000
3f801000
400fd000
3f801000
400fd000
3f801000
400fd000
3f801000
400fd000
3f801000
400fd000
3f801000
400fd000
3f801000
400fd000
3f801000
400fd000
3f801000
400fd000
3f801000
400fd000
3f801000
400fd000
3f801000
400fd000
3f801000
400fd000
3f801000
400fd000
3f801000
400fd000
3f801000
400fd000
3f801000
400fd000
3f801000
400fd000
3f801000
400fd000
3f801000
400fd000
3f801000
400fd000
3f801000
40117000
3f801000
40117000
3f801000
40117000
3f801000
40117000
3f801000
40117000
3f801000
40117000
3f801000
40117000
3f801000
40117000
3f801000
40117000
3f801000
40117000
3f801000
40117000
3f801000
40117000
3f801000
40117000
3f801000
40117000
3f801000
40117000
3f801000
40117000
3f801000
40117000
3f801000
40117000
3f801000
40117000
3f801000
40117000
3f801000
40117000
3f801000
40117000
3f801000
40117000
3f801000
40117000
3f801000
40117000
3f801000
40117000
3f801000
40117000
3f801000
40117000
3f801000
40117000
3f801000
40117000
3f801000
40117000
3f801000
40117000
3f801000
40117000
3f801000
40117000
3f801000
40117000
3f801000
40117000
3f801000
40117000
3f801000
40117000
3f801000
40117000
3f801000
40117000
3f801000
40117000
3f801000
40117000
3f801000
40117000
3f801000
40117000
3f801000
40117000
3f801000
40117000
3f801000
40117000
3f801000
40117000
3f801000
40117000
3f801000
40117000
3f801000
40117000
3f801000
40117000
3f801000
40117000
3f801000
40117000
3f801000
40117000
3f801000
40117000
3f801000
40117000
3f801000
40117000
3f801000
40117000
3f801000
40117000
3f801000
40117000
3f801000
40117000
3f801000
40117000
3f801000
40117000
3f801000
40117000
3f801000
40117000
3f801000
40131000
3f801000
40131000
3f801000
40131000
3f801000
40131000
3f801000
40131000
3f801000
40131000
3f801000
40131000
3f801000
40131000
3f801000
40131000
3f801000
40131000
3f801000
40131000
3f801000
40131000
3f801000
40131000
3f801000
40131000
3f801000
40131000
3f801000
40131000
3f801000
40131000
3f801000
40131000
3f801000
40131000
3f801000
40131000
3f801000
40131000
3f801000
40131000
3f801000
40131000
3f801000
40131000
3f801000
40131000
3f801000
40131000
3f801000
40131000
3f801000
40131000
3f801000
40131000
3f801000
40131000
3f801000
40131000
3f801000
40131000
3f801000
40131000
3f801000
40131000
3f801000
40131000
3f801000
40131000
3f801000
40131000
3f801000
40131000
3f801000
40131000
3f801000
40131000
3f801000
40131000
3f801000
40131000
3f801000
40131000
3f801000
40131000
3f801000
40131000
3f801000
40131000
3f801000
40131000
3f801000
40131000
3f801000
40131000
3f801000
40131000
3f801000
40131000
3f801000
40131000
3f801000
40131000
3f801000
40131000
3f801000
40131000
3f801000
40131000
3f801000
40131000
3f801000
40131000
3f801000
40131000
3f801000
40131000
3f801000
40131000
3f801000
40131000
3f801000
40131000
3f801000
40131000
3f801000
40131000
3f801000
40131000
3f801000
4014b000
3f801000
4014b000
3f801000
4014b000
3f801000
4014b000
3f801000
4014b000
3f801000
4014b000
3f801000
4014b000
3f801000
4014b000
3f801000
4014b000
3f801000
4014b000
3f801000
4014b000
3f801000
4014b000
3f801000
4014b000
3f801000
4014b000
3f801000
4014b000
3f801000
4014b000
3f801000
4014b000
3f801000
4014b000
3f801000
4014b000
3f801000
4014b000
3f801000
4014b000
3f801000
4014b000
3f801000
4014b000
3f801000
4014b000
3f801000
4014b000
3f801000
4014b000
3f801000
4014b000
3f801000
4014b000
3f801000
4014b000
3f801000
4014b000
3f801000
4014b000
3f801000
4014b000
3f801000
4014b000
3f801000
4014b000
3f801000
4014b000
3f801000
4014b000
3f801000
4014b000
3f801000
4014b000
3f801000
4014b000
3f801000
4014b000
3f801000
4014b000
3f801000
4014b000
3f801000
4014b000
3f801000
4014b000
3f801000
4014b000
3f801000
4014b000
3f801000
4014b000
3f801000
4014b000
3f801000
4014b000
3f801000
4014b000
3f801000
4014b000
3f801000
4014b000
3f801000
4014b000
3f801000
4014b000
3f801000
4014b000
3f801000
4014b000
3f801000
4014b000
3f801000
4014b000
3f801000
4014b000
3f801000
4014b000
3f801000
4014b000
3f801000
4014b000
3f801000
4014b000
3f801000
4014b000
3f801000
4014b000
3f801000
40165000
3f801000
40165000
3f801000
40165000
3f801000
40165000
3f801000
40165000
3f801000
40165000
3f801000
40165000
3f801000
40165000
3f801000
40165000
3f801000
40165000
3f801000
40165000
3f801000
40165000
3f801000
40165000
3f801000
40165000
3f801000
40165000
3f801000
40165000
3f801000
40165000
3f801000
40165000
3f801000
40165000
3f801000
40165000
3f801000
40165000
3f801000
40165000
3f801000
40165000
3f801000
40165000
3f801000
40165000
3f801000
40165000
3f801000
40165000
3f801000
40165000
3f801000
40165000
3f801000
40165000
3f801000
40165000
3f801000
40165000
3f801000
40165000
3f801000
40165000
3f801000
40165000
3f801000
40165000
3f801000
40165000
3f801000
40165000
3f801000
40165000
3f801000
40165000
3f801000
40165000
3f801000
40165000
3f801000
40165000
3f801000
40165000
3f801000
40165000
3f801000
40165000
3f801000
40165000
3f801000
40165000
3f801000
40165000
3f801000
40165000
3f801000
40165000
3f801000
40165000
3f801000
40165000
3f801000
40165000
3f801000
40165000
3f801000
40165000
3f801000
40165000
3f801000
40165000
3f801000
40165000
3f801000
40165000
3f801000
40165000
3f801000
40165000
3f801000
40165000
3f801000
40165000
3f801000
40165000
3f801000
40165000
3f801000
4017f000
3f801000
4017f000
3f801000
4017f000
3f801000
4017f000
3f801000
4017f000
3f801000
4017f000
3f801000
4017f000
3f801000
4017f000
3f801000
4017f000
3f801000
4017f000
3f801000
4017f000
3f801000
4017f000
3f801000
4017f000
3f801000
4017f000
3f801000
4017f000
3f801000
4017f000
3f801000
4017f000
3f801000
4017f000
3f801000
4017f000
3f801000
4017f000
3f801000
4017f000
3f801000
4017f000
3f801000
4017f000
3f801000
4017f000
3f801000
4017f000
3f801000
4017f000
3f801000
4017f000
3f801000
4017f000
3f801000
4017f000
3f801000
4017f000
3f801000
4017f000
3f801000
4017f000
3f801000
4017f000
3f801000
4017f000
3f801000
4017f000
3f801000
4017f000
3f801000
4017f000
3f801000
4017f000
3f801000
4017f000
3f801000
4017f000
3f801000
4017f000
3f801000
4017f000
3f801000
4017f000
3f801000
4017f000
3f801000
4017f000
3f801000
4017f000
3f801000
4017f000
3f801000
4017f000
3f801000
4017f000
3f801000
4017f000
3f801000
4017f000
3f801000
4017f000
3f801000
4017f000
3f801000
4017f000
3f801000
4017f000
3f801000
4017f000
3f801000
4017f000
3f801000
4017f000
3f801000
4017f000
3f801000
4017f000
3f801000
4017f000
3f801000
4017f000
3f801000
4017f000
3f801000
4017f000
3f801000
4017f000
3f801000
4017f000
3f801000
40199000
3f801000
40199000
3f801000
40199000
3f801000
40199000
3f801000
40199000
3f801000
40199000
3f801000
40199000
3f801000
40199000
3f801000
40199000
3f801000
40199000
3f801000
40199000
3f801000
40199000
3f801000
40199000
3f801000
40199000
3f801000
40199000
3f801000
40199000
3f801000
40199000
3f801000
40199000
3f801000
40199000
3f801000
40199000
3f801000
40199000
3f801000
40199000
3f801000
40199000
3f801000
40199000
3f801000
40199000
3f801000
40199000
3f801000
40199000
3f801000
40199000
3f801000
40199000
3f801000
40199000
3f801000
40199000
3f801000
40199000
3f801000
40199000
3f801000
40199000
3f801000
40199000
3f801000
40199000
3f801000
40199000
3f801000
40199000
3f801000
40199000
3f801000
40199000
3f801000
40199000
3f801000
40199000
3f801000
40199000
3f801000
40199000
3f801000
40199000
3f801000
40199000
3f801000
40199000
3f801000
40199000
3f801000
40199000
3f801000
40199000
3f801000
40199000
3f801000
40199000
3f801000
40199000
3f801000
40199000
3f801000
40199000
3f801000
40199000
3f801000
40199000
3f801000
40199000
3f801000
40199000
3f801000
40199000
3f801000
40199000
3f801000
40199000
3f801000
40199000
3f801000
40199000
3f801000
40199000
3f801000
40199000
3f801000
401b3000
3f801000
401b3000
3f801000
401b3000
3f801000
401b3000
3f801000
401b3000
3f801000
401b3000
3f801000
401b3000
3f801000
401b3000
3f801000
401b3000
3f801000
401b3000
3f801000
401b3000
3f801000
401b3000
3f801000
401b3000
3f801000
401b3000
3f801000
401b3000
3f801000
401b3000
3f801000
401b3000
3f801000
401b3000
3f801000
401b3000
3f801000
401b3000
3f801000
401b3000
3f801000
401b3000
3f801000
401b3000
3f801000
401b3000
3f801000
401b3000
3f801000
401b3000
3f801000
401b3000
3f801000
401b3000
3f801000
401b3000
3f801000
401b3000
3f801000
401b3000
3f801000
401b3000
3f801000
401b3000
3f801000
401b3000
3f801000
401b3000
3f801000
401b3000
3f801000
401b3000
3f801000
401b3000
3f801000
401b3000
3f801000
401b3000
3f801000
401b3000
3f801000
401b3000
3f801000
401b3000
3f801000
401b3000
3f801000
401b3000
3f801000
401b3000
3f801000
401b3000
3f801000
401b3000
3f801000
401b3000
3f801000
401b3000
3f801000
401b3000
3f801000
401b3000
3f801000
401b3000
3f801000
401b3000
3f801000
401b3000
3f801000
401b3000
3f801000
401b3000
3f801000
401b3000
3f801000
401b3000
3f801000
401b3000
3f801000
401b3000
3f801000
401b3000
3f801000
401b3000
3f801000
401b3000
3f801000
401b3000
3f801000
401cd000
3f801000
401cd000
3f801000
401cd000
3f801000
401cd000
3f801000
401cd000
3f801000
401cd000
3f801000
401cd000
3f801000
401cd000
3f801000
401cd000
3f801000
401cd000
3f801000
401cd000
3f801000
401cd000
3f801000
401cd000
3f801000
401cd000
3f801000
401cd000
3f801000
401cd000
3f801000
401cd000
3f801000
401cd000
3f801000
401cd000
3f801000
401cd000
3f801000
401cd000
3f801000
401cd000
3f801000
401cd000
3f801000
401cd000
3f801000
401cd000
3f801000
401cd000
3f801000
401cd000
3f801000
401cd000
3f801000
401cd000
3f801000
401cd000
3f801000
401cd000
3f801000
401cd000
3f801000
401cd000
3f801000
401cd000
3f801000
401cd000
3f801000
401cd000
3f801000
401cd000
3f801000
401cd000
3f801000
401cd000
3f801000
401cd000
3f801000
401cd000
3f801000
401cd000
3f801000
401cd000
3f801000
401cd000
3f801000
401cd000
3f801000
401cd000
3f801000
401cd000
3f801000
401cd000
3f801000
401cd000
3f801000
401cd000
3f801000
401cd000
3f801000
401cd000
3f801000
401cd000
3f801000
401cd000
3f801000
401cd000
3f801000
401cd000
3f801000
401cd000
3f801000
401cd000
3f801000
401cd000
3f801000
401cd000
3f801000
401cd000
3f801000
401cd000
3f801000
401cd000
3f801000
401cd000
3f801000
401cd000
3f801000
401cd000
3f801000
401e7000
3f801000
401e7000
3f801000
401e7000
3f801000
401e7000
3f801000
401e7000
3f801000
401e7000
3f801000
401e7000
3f801000
401e7000
3f801000
401e7000
3f801000
401e7000
3f801000
401e7000
3f801000
401e7000
3f801000
401e7000
3f801000
401e7000
3f801000
401e7000
3f801000
401e7000
3f801000
401e7000
3f801000
401e7000
3f801000
401e7000
3f801000
401e7000
3f801000
401e7000
3f801000
401e7000
3f801000
401e7000
3f801000
401e7000
3f801000
401e7000
3f801000
401e7000
3f801000
401e7000
3f801000
401e7000
3f801000
401e7000
3f801000
401e7000
3f801000
401e7000
3f801000
401e7000
3f801000
401e7000
3f801000
401e7000
3f801000
401e7000
3f801000
401e7000
3f801000
401e7000
3f801000
401e7000
3f801000
401e7000
3f801000
401e7000
3f801000
401e7000
3f801000
401e7000
3f801000
401e7000
3f801000
401e7000
3f801000
401e7000
3f801000
401e7000
3f801000
401e7000
3f801000
401e7000
3f801000
401e7000
3f801000
401e7000
3f801000
401e7000
3f801000
401e7000
3f801000
401e7000
3f801000
401e7000
3f801000
401e7000
3f801000
401e7000
3f801000
401e7000
3f801000
401e7000
3f801000
401e7000
3f801000
401e7000
3f801000
401e7000
3f801000
401e7000
3f801000
401e7000
3f801000
401e7000
3f801000
401e7000
3f801000
401e7000
3f801000
40201000
3f801000
40201000
3f801000
40201000
3f801000
40201000
3f801000
40201000
3f801000
40201000
3f801000
40201000
3f801000
40201000
3f801000
40201000
3f801000
40201000
3f801000
40201000
3f801000
40201000
3f801000
40201000
3f801000
40201000
3f801000
40201000
3f801000
40201000
3f801000
40201000
3f801000
40201000
3f801000
40201000
3f801000
40201000
3f801000
40201000
3f801000
40201000
3f801000
40201000
3f801000
40201000
3f801000
40201000
3f801000
40201000
3f801000
40201000
3f801000
40201000
3f801000
40201000
3f801000
40201000
3f801000
40201000
3f801000
40201000
3f801000
40201000
3f801000
40201000
3f801000
40201000
3f801000
40201000
3f801000
40201000
3f801000
40201000
3f801000
40201000
3f801000
40201000
3f801000
40201000
3f801000
40201000
3f801000
40201000
3f801000
40201000
3f801000
40201000
3f801000
40201000
3f801000
40201000
3f801000
40201000
3f801000
40201000
3f801000
40201000
3f801000
40201000
3f801000
40201000
3f801000
40201000
3f801000
40201000
3f801000
40201000
3f801000
40201000
3f801000
40201000
3f801000
40201000
3f801000
40201000
3f801000
40201000
3f801000
40201000
3f801000
40201000
3f801000
40201000
3f801000
40201000
3f801000
40201000
3f801000
4021b000
3f801000
4021b000
3f801000
4021b000
3f801000
4021b000
3f801000
4021b000
3f801000
4021b000
3f801000
4021b000
3f801000
4021b000
3f801000
4021b000
3f801000
4021b000
3f801000
4021b000
3f801000
4021b000
3f801000
4021b000
3f801000
4021b000
3f801000
4021b000
3f801000
4021b000
3f801000
4021b000
3f801000
4021b000
3f801000
4021b000
3f801000
4021b000
3f801000
4021b000
3f801000
4021b000
3f801000
4021b000
3f801000
4021b000
3f801000
4021b000
3f801000
4021b000
3f801000
4021b000
3f801000
4021b000
3f801000
4021b000
3f801000
4021b000
3f801000
4021b000
3f801000
4021b000
3f801000
4021b000
3f801000
4021b000
3f801000
4021b000
3f801000
4021b000
3f801000
4021b000
3f801000
4021b000
3f801000
4021b000
3f801000
4021b000
3f801000
4021b000
3f801000
4021b000
3f801000
4021b000
3f801000
4021b000
3f801000
4021b000
3f801000
4021b000
3f801000
4021b000
3f801000
4021b000
3f801000
4021b000
3f801000
4021b000
3f801000
4021b000
3f801000
4021b000
3f801000
4021b000
3f801000
4021b000
3f801000
4021b000
3f801000
4021b000
3f801000
4021b000
3f801000
4021b000
3f801000
4021b000
3f801000
4021b000
3f801000
4021b000
3f801000
4021b000
3f801000
4021b000
3f801000
4021b000
3f801000
4021b000
3f801000
4021b000
3f801000
40235000
3f801000
40235000
3f801000
40235000
3f801000
40235000
3f801000
40235000
3f801000
40235000
3f801000
40235000
3f801000
40235000
3f801000
40235000
3f801000
40235000
3f801000
40235000
3f801000
40235000
3f801000
40235000
3f801000
40235000
3f801000
40235000
3f801000
40235000
3f801000
40235000
3f801000
40235000
3f801000
40235000
3f801000
40235000
3f801000
40235000
3f801000
40235000
3f801000
40235000
3f801000
40235000
3f801000
40235000
3f801000
40235000
3f801000
40235000
3f801000
40235000
3f801000
40235000
3f801000
40235000
3f801000
40235000
3f801000
40235000
3f801000
40235000
3f801000
40235000
3f801000
40235000
3f801000
40235000
3f801000
40235000
3f801000
40235000
3f801000
40235000
3f801000
40235000
3f801000
40235000
3f801000
40235000
3f801000
40235000
3f801000
40235000
3f801000
40235000
3f801000
40235000
3f801000
40235000
3f801000
40235000
3f801000
40235000
3f801000
40235000
3f801000
40235000
3f801000
40235000
3f801000
40235000
3f801000
40235000
3f801000
40235000
3f801000
40235000
3f801000
40235000
3f801000
40235000
3f801000
40235000
3f801000
40235000
3f801000
40235000
3f801000
40235000
3f801000
40235000
3f801000
40235000
3f801000
40235000
3f801000
40235000
3f801000
4024f000
3f801000
4024f000
3f801000
4024f000
3f801000
4024f000
3f801000
4024f000
3f801000
4024f000
3f801000
4024f000
3f801000
4024f000
3f801000
4024f000
3f801000
4024f000
3f801000
4024f000
3f801000
4024f000
3f801000
4024f000
3f801000
4024f000
3f801000
4024f000
3f801000
4024f000
3f801000
4024f000
3f801000
4024f000
3f801000
4024f000
3f801000
4024f000
3f801000
4024f000
3f801000
4024f000
3f801000
4024f000
3f801000
4024f000
3f801000
4024f000
3f801000
4024f000
3f801000
4024f000
3f801000
4024f000
3f801000
4024f000
3f801000
4024f000
3f801000
4024f000
3f801000
4024f000
3f801000
4024f000
3f801000
4024f000
3f801000
4024f000
3f801000
4024f000
3f801000
4024f000
3f801000
4024f000
3f801000
4024f000
3f801000
4024f000
3f801000
4024f000
3f801000
4024f000
3f801000
4024f000
3f801000
4024f000
3f801000
4024f000
3f801000
4024f000
3f801000
4024f000
3f801000
4024f000
3f801000
4024f000
3f801000
4024f000
3f801000
4024f000
3f801000
4024f000
3f801000
4024f000
3f801000
4024f000
3f801000
4024f000
3f801000
4024f000
3f801000
4024f000
3f801000
4024f000
3f801000
4024f000
3f801000
4024f000
3f801000
4024f000
3f801000
4024f000
3f801000
4024f000
3f801000
4024f000
3f801000
4024f000
3f801000
4024f000
3f801000
40269000
3f801000
40269000
3f801000
40269000
3f801000
40269000
3f801000
40269000
3f801000
40269000
3f801000
40269000
3f801000
40269000
3f801000
40269000
3f801000
40269000
3f801000
40269000
3f801000
40269000
3f801000
40269000
3f801000
40269000
3f801000
40269000
3f801000
40269000
3f801000
40269000
3f801000
40269000
3f801000
40269000
3f801000
40269000
3f801000
40269000
3f801000
40269000
3f801000
40269000
3f801000
40269000
3f801000
40269000
3f801000
40269000
3f801000
40269000
3f801000
40269000
3f801000
40269000
3f801000
40269000
3f801000
40269000
3f801000
40269000
3f801000
40269000
3f801000
40269000
3f801000
40269000
3f801000
40269000
3f801000
40269000
3f801000
40269000
3f801000
40269000
3f801000
40269000
3f801000
40269000
3f801000
40269000
3f801000
40269000
3f801000
40269000
3f801000
40269000
3f801000
40269000
3f801000
40269000
3f801000
40269000
3f801000
40269000
3f801000
40269000
3f801000
40269000
3f801000
40269000
3f801000
40269000
3f801000
40269000
3f801000
40269000
3f801000
40269000
3f801000
40269000
3f801000
40269000
3f801000
40269000
3f801000
40269000
3f801000
40269000
3f801000
40269000
3f801000
40269000
3f801000
40269000
3f801000
40269000
3f801000
40283000
3f801000
40283000
3f801000
40283000
3f801000
40283000
3f801000
40283000
3f801000
40283000
3f801000
40283000
3f801000
40283000
3f801000
40283000
3f801000
40283000
3f801000
40283000
3f801000
40283000
3f801000
40283000
3f801000
40283000
3f801000
40283000
3f801000
40283000
3f801000
40283000
3f801000
40283000
3f801000
40283000
3f801000
40283000
3f801000
40283000
3f801000
40283000
3f801000
40283000
3f801000
40283000
3f801000
40283000
3f801000
40283000
3f801000
40283000
3f801000
40283000
3f801000
40283000
3f801000
40283000
3f801000
40283000
3f801000
40283000
3f801000
40283000
3f801000
40283000
3f801000
40283000
3f801000
40283000
3f801000
40283000
3f801000
40283000
3f801000
40283000
3f801000
40283000
3f801000
40283000
3f801000
40283000
3f801000
40283000
3f801000
40283000
3f801000
40283000
3f801000
40283000
3f801000
40283000
3f801000
40283000
3f801000
40283000
3f801000
40283000
3f801000
40283000
3f801000
40283000
3f801000
40283000
3f801000
40283000
3f801000
40283000
3f801000
40283000
3f801000
40283000
3f801000
40283000
3f801000
40283000
3f801000
40283000
3f801000
40283000
3f801000
40283000
3f801000
40283000
3f801000
40283000
3f801000
40283000
3f801000
40283000
3f801000
4029d000
3f801000
4029d000
3f801000
4029d000
3f801000
4029d000
3f801000
4029d000
3f801000
4029d000
3f801000
4029d000
3f801000
4029d000
3f801000
4029d000
3f801000
4029d000
3f801000
4029d000
3f801000
4029d000
3f801000
4029d000
3f801000
4029d000
3f801000
4029d000
3f801000
4029d000
3f801000
4029d000
3f801000
4029d000
3f801000
4029d000
3f801000
4029d000
3f801000
4029d000
3f801000
4029d000
3f801000
4029d000
3f801000
4029d000
3f801000
4029d000
3f801000
4029d000
3f801000
4029d000
3f801000
4029d000
3f801000
4029d000
3f801000
4029d000
3f801000
4029d000
3f801000
4029d000
3f801000
4029d000
3f801000
4029d000
3f801000
4029d000
3f801000
4029d000
3f801000
4029d000
3f801000
4029d000
3f801000
4029d000
3f801000
4029d000
3f801000
4029d000
3f801000
4029d000
3f801000
4029d000
3f801000
4029d000
3f801000
4029d000
3f801000
4029d000
3f801000
4029d000
3f801000
4029d000
3f801000
4029d000
3f801000
4029d000
3f801000
4029d000
3f801000
4029d000
3f801000
4029d000
3f801000
4029d000
3f801000
4029d000
3f801000
4029d000
3f801000
4029d000
3f801000
4029d000
3f801000
4029d000
3f801000
4029d000
3f801000
4029d000
3f801000
4029d000
3f801000
4029d000
3f801000
4029d000
3f801000
4029d000
3f801000
4029d000
3f801000
402b7000
3f801000
402b7000
3f801000
402b7000
3f801000
402b7000
3f801000
402b7000
3f801000
402b7000
3f801000
402b7000
3f801000
402b7000
3f801000
402b7000
3f801000
402b7000
3f801000
402b7000
3f801000
402b7000
3f801000
402b7000
3f801000
402b7000
3f801000
402b7000
3f801000
402b7000
3f801000
402b7000
3f801000
402b7000
3f801000
402b7000
3f801000
402b7000
3f801000
402b7000
3f801000
402b7000
3f801000
402b7000
3f801000
402b7000
3f801000
402b7000
3f801000
402b7000
3f801000
402b7000
3f801000
402b7000
3f801000
402b7000
3f801000
402b7000
3f801000
402b7000
3f801000
402b7000
3f801000
402b7000
3f801000
402b7000
3f801000
402b7000
3f801000
402b7000
3f801000
402b7000
3f801000
402b7000
3f801000
402b7000
3f801000
402b7000
3f801000
402b7000
3f801000
402b7000
3f801000
402b7000
3f801000
402b7000
3f801000
402b7000
3f801000
402b7000
3f801000
402b7000
3f801000
402b7000
3f801000
402b7000
3f801000
402b7000
3f801000
402b7000
3f801000
402b7000
3f801000
402b7000
3f801000
402b7000
3f801000
402b7000
3f801000
402b7000
3f801000
402b7000
3f801000
402b7000
3f801000
402b7000
3f801000
402b7000
3f801000
402b7000
3f801000
402b7000
3f801000
402b7000
3f801000
402b7000
3f801000
402b7000
3f801000
402b7000
3f801000
402d1000
3f801000
402d1000
3f801000
402d1000
3f801000
402d1000
3f801000
402d1000
3f801000
402d1000
3f801000
402d1000
3f801000
402d1000
3f801000
402d1000
3f801000
402d1000
3f801000
402d1000
3f801000
402d1000
3f801000
402d1000
3f801000
402d1000
3f801000
402d1000
3f801000
402d1000
3f801000
402d1000
3f801000
402d1000
3f801000
402d1000
3f801000
402d1000
3f801000
402d1000
3f801000
402d1000
3f801000
402d1000
3f801000
402d1000
3f801000
402d1000
3f801000
402d1000
3f801000
402d1000
3f801000
402d1000
3f801000
402d1000
3f801000
402d1000
3f801000
402d1000
3f801000
402d1000
3f801000
402d1000
3f801000
402d1000
3f801000
402d1000
3f801000
402d1000
3f801000
402d1000
3f801000
402d1000
3f801000
402d1000
3f801000
402d1000
3f801000
402d1000
3f801000
402d1000
3f801000
402d1000
3f801000
402d1000
3f801000
402d1000
3f801000
402d1000
3f801000
402d1000
3f801000
402d1000
3f801000
402d1000
3f801000
402d1000
3f801000
402d1000
3f801000
402d1000
3f801000
402d1000
3f801000
402d1000
3f801000
402d1000
3f801000
402d1000
3f801000
402d1000
3f801000
402d1000
3f801000
402d1000
3f801000
402d1000
3f801000
402d1000
3f801000
402d1000
3f801000
402d1000
3f801000
402d1000
3f801000
402d1000
3f801000
402eb000
3f801000
402eb000
3f801000
402eb000
3f801000
402eb000
3f801000
402eb000
3f801000
402eb000
3f801000
402eb000
3f801000
402eb000
3f801000
402eb000
3f801000
402eb000
3f801000
402eb000
3f801000
402eb000
3f801000
402eb000
3f801000
402eb000
3f801000
402eb000
3f801000
402eb000
3f801000
402eb000
3f801000
402eb000
3f801000
402eb000
3f801000
402eb000
3f801000
402eb000
3f801000
402eb000
3f801000
402eb000
3f801000
402eb000
3f801000
402eb000
3f801000
402eb000
3f801000
402eb000
3f801000
402eb000
3f801000
402eb000
3f801000
402eb000
3f801000
402eb000
3f801000
402eb000
3f801000
402eb000
3f801000
402eb000
3f801000
402eb000
3f801000
402eb000
3f801000
402eb000
3f801000
402eb000
3f801000
402eb000
3f801000
402eb000
3f801000
402eb000
3f801000
402eb000
3f801000
402eb000
3f801000
402eb000
3f801000
402eb000
3f801000
402eb000
3f801000
402eb000
3f801000
402eb000
3f801000
402eb000
3f801000
402eb000
3f801000
402eb000
3f801000
402eb000
3f801000
402eb000
3f801000
402eb000
3f801000
402eb000
3f801000
402eb000
3f801000
402eb000
3f801000
402eb000
3f801000
402eb000
3f801000
402eb000
3f801000
402eb000
3f801000
402eb000
3f801000
402eb000
3f801000
402eb000
3f801000
402eb000
3f801000
402eb000
3f801000
40305000
3f801000
40305000
3f801000
40305000
3f801000
40305000
3f801000
40305000
3f801000
40305000
3f801000
40305000
3f801000
40305000
3f801000
40305000
3f801000
40305000
3f801000
40305000
3f801000
40305000
3f801000
40305000
3f801000
40305000
3f801000
40305000
3f801000
40305000
3f801000
40305000
3f801000
40305000
3f801000
40305000
3f801000
40305000
3f801000
40305000
3f801000
40305000
3f801000
40305000
3f801000
40305000
3f801000
40305000
3f801000
40305000
3f801000
40305000
3f801000
40305000
3f801000
40305000
3f801000
40305000
3f801000
40305000
3f801000
40305000
3f801000
40305000
3f801000
40305000
3f801000
40305000
3f801000
40305000
3f801000
40305000
3f801000
40305000
3f801000
40305000
3f801000
40305000
3f801000
40305000
3f801000
40305000
3f801000
40305000
3f801000
40305000
3f801000
40305000
3f801000
40305000
3f801000
40305000
3f801000
40305000
3f801000
40305000
3f801000
40305000
3f801000
40305000
3f801000
40305000
3f801000
40305000
3f801000
40305000
3f801000
40305000
3f801000
40305000
3f801000
40305000
3f801000
40305000
3f801000
40305000
3f801000
40305000
3f801000
40305000
3f801000
40305000
3f801000
40305000
3f801000
40305000
3f801000
40305000
3f801000
40305000
3f801000
4031f000
3f801000
4031f000
3f801000
4031f000
3f801000
4031f000
3f801000
4031f000
3f801000
4031f000
3f801000
4031f000
3f801000
4031f000
3f801000
4031f000
3f801000
4031f000
3f801000
4031f000
3f801000
4031f000
3f801000
4031f000
3f801000
4031f000
3f801000
4031f000
3f801000
4031f000
3f801000
4031f000
3f801000
4031f000
3f801000
4031f000
3f801000
4031f000
3f801000
4031f000
3f801000
4031f000
3f801000
4031f000
3f801000
4031f000
3f801000
4031f000
3f801000
4031f000
3f801000
4031f000
3f801000
4031f000
3f801000
4031f000
3f801000
4031f000
3f801000
4031f000
3f801000
4031f000
3f801000
4031f000
3f801000
4031f000
3f801000
4031f000
3f801000
4031f000
3f801000
4031f000
3f801000
4031f000
3f801000
4031f000
3f801000
4031f000
3f801000
4031f000
3f801000
4031f000
3f801000
4031f000
3f801000
4031f000
3f801000
4031f000
3f801000
4031f000
3f801000
4031f000
3f801000
4031f000
3f801000
4031f000
3f801000
4031f000
3f801000
4031f000
3f801000
4031f000
3f801000
4031f000
3f801000
4031f000
3f801000
4031f000
3f801000
4031f000
3f801000
4031f000
3f801000
4031f000
3f801000
4031f000
3f801000
4031f000
3f801000
4031f000
3f801000
4031f000
3f801000
4031f000
3f801000
4031f000
3f801000
4031f000
3f801000
4031f000
3f801000
40339000
3f801000
40339000
3f801000
40339000
3f801000
40339000
3f801000
40339000
3f801000
40339000
3f801000
40339000
3f801000
40339000
3f801000
40339000
3f801000
40339000
3f801000
40339000
3f801000
40339000
3f801000
40339000
3f801000
40339000
3f801000
40339000
3f801000
40339000
3f801000
40339000
3f801000
40339000
3f801000
40339000
3f801000
40339000
3f801000
40339000
3f801000
40339000
3f801000
40339000
3f801000
40339000
3f801000
40339000
3f801000
40339000
3f801000
40339000
3f801000
40339000
3f801000
40339000
3f801000
40339000
3f801000
40339000
3f801000
40339000
3f801000
40339000
3f801000
40339000
3f801000
40339000
3f801000
40339000
3f801000
40339000
3f801000
40339000
3f801000
40339000
3f801000
40339000
3f801000
40339000
3f801000
40339000
3f801000
40339000
3f801000
40339000
3f801000
40339000
3f801000
40339000
3f801000
40339000
3f801000
40339000
3f801000
40339000
3f801000
40339000
3f801000
40339000
3f801000
40339000
3f801000
40339000
3f801000
40339000
3f801000
40339000
3f801000
40339000
3f801000
40339000
3f801000
40339000
3f801000
40339000
3f801000
40339000
3f801000
40339000
3f801000
40339000
3f801000
40339000
3f801000
40339000
3f801000
40339000
3f801000
40353000
3f801000
40353000
3f801000
40353000
3f801000
40353000
3f801000
40353000
3f801000
40353000
3f801000
40353000
3f801000
40353000
3f801000
40353000
3f801000
40353000
3f801000
40353000
3f801000
40353000
3f801000
40353000
3f801000
40353000
3f801000
40353000
3f801000
40353000
3f801000
40353000
3f801000
40353000
3f801000
40353000
3f801000
40353000
3f801000
40353000
3f801000
40353000
3f801000
40353000
3f801000
40353000
3f801000
40353000
3f801000
40353000
3f801000
40353000
3f801000
40353000
3f801000
40353000
3f801000
40353000
3f801000
40353000
3f801000
40353000
3f801000
40353000
3f801000
40353000
3f801000
40353000
3f801000
40353000
3f801000
40353000
3f801000
40353000
3f801000
40353000
3f801000
40353000
3f801000
40353000
3f801000
40353000
3f801000
40353000
3f801000
40353000
3f801000
40353000
3f801000
40353000
3f801000
40353000
3f801000
40353000
3f801000
40353000
3f801000
40353000
3f801000
40353000
3f801000
40353000
3f801000
40353000
3f801000
40353000
3f801000
40353000
3f801000
40353000
3f801000
40353000
3f801000
40353000
3f801000
40353000
3f801000
40353000
3f801000
40353000
3f801000
40353000
3f801000
40353000
3f801000
40353000
3f801000
40353000
3f801000
40353000
3f801000
4036d000
3f801000
4036d000
3f801000
4036d000
3f801000
4036d000
3f801000
4036d000
3f801000
4036d000
3f801000
4036d000
3f801000
4036d000
3f801000
4036d000
3f801000
4036d000
3f801000
4036d000
3f801000
4036d000
3f801000
4036d000
3f801000
4036d000
3f801000
4036d000
3f801000
4036d000
3f801000
4036d000
3f801000
4036d000
3f801000
4036d000
3f801000
4036d000
3f801000
4036d000
3f801000
4036d000
3f801000
4036d000
3f801000
4036d000
3f801000
4036d000
3f801000
4036d000
3f801000
4036d000
3f801000
4036d000
3f801000
4036d000
3f801000
4036d000
3f801000
4036d000
3f801000
4036d000
3f801000
4036d000
3f801000
4036d000
3f801000
4036d000
3f801000
4036d000
3f801000
4036d000
3f801000
4036d000
3f801000
4036d000
3f801000
4036d000
3f801000
4036d000
3f801000
4036d000
3f801000
4036d000
3f801000
4036d000
3f801000
4036d000
3f801000
4036d000
3f801000
4036d000
3f801000
4036d000
3f801000
4036d000
3f801000
4036d000
3f801000
4036d000
3f801000
4036d000
3f801000
4036d000
3f801000
4036d000
3f801000
4036d000
3f801000
4036d000
3f801000
4036d000
3f801000
4036d000
3f801000
4036d000
3f801000
4036d000
3f801000
4036d000
3f801000
4036d000
3f801000
4036d000
3f801000
4036d000
3f801000
4036d000
3f801000
4036d000
3f801000
40387000
3f801000
40387000
3f801000
40387000
3f801000
40387000
3f801000
40387000
3f801000
40387000
3f801000
40387000
3f801000
40387000
3f801000
40387000
3f801000
40387000
3f801000
40387000
3f801000
40387000
3f801000
40387000
3f801000
40387000
3f801000
40387000
3f801000
40387000
3f801000
40387000
3f801000
40387000
3f801000
40387000
3f801000
40387000
3f801000
40387000
3f801000
40387000
3f801000
40387000
3f801000
40387000
3f801000
40387000
3f801000
40387000
3f801000
40387000
3f801000
40387000
3f801000
40387000
3f801000
40387000
3f801000
40387000
3f801000
40387000
3f801000
40387000
3f801000
40387000
3f801000
40387000
3f801000
40387000
3f801000
40387000
3f801000
40387000
3f801000
40387000
3f801000
40387000
3f801000
40387000
3f801000
40387000
3f801000
40387000
3f801000
40387000
3f801000
40387000
3f801000
40387000
3f801000
40387000
3f801000
40387000
3f801000
40387000
3f801000
40387000
3f801000
40387000
3f801000
40387000
3f801000
40387000
3f801000
40387000
3f801000
40387000
3f801000
40387000
3f801000
40387000
3f801000
40387000
3f801000
40387000
3f801000
40387000
3f801000
40387000
3f801000
40387000
3f801000
40387000
3f801000
40387000
3f801000
40387000
3f801000
403a1000
3f801000
403a1000
3f801000
403a1000
3f801000
403a1000
3f801000
403a1000
3f801000
403a1000
3f801000
403a1000
3f801000
403a1000
3f801000
403a1000
3f801000
403a1000
3f801000
403a1000
3f801000
403a1000
3f801000
403a1000
3f801000
403a1000
3f801000
403a1000
3f801000
403a1000
3f801000
403a1000
3f801000
403a1000
3f801000
403a1000
3f801000
403a1000
3f801000
403a1000
3f801000
403a1000
3f801000
403a1000
3f801000
403a1000
3f801000
403a1000
3f801000
403a1000
3f801000
403a1000
3f801000
403a1000
3f801000
403a1000
3f801000
403a1000
3f801000
403a1000
3f801000
403a1000
3f801000
403a1000
3f801000
403a1000
3f801000
403a1000
3f801000
403a1000
3f801000
403a1000
3f801000
403a1000
3f801000
403a1000
3f801000
403a1000
3f801000
403a1000
3f801000
403a1000
3f801000
403a1000
3f801000
403a1000
3f801000
403a1000
3f801000
403a1000
3f801000
403a1000
3f801000
403a1000
3f801000
403a1000
3f801000
403a1000
3f801000
403a1000
3f801000
403a1000
3f801000
403a1000
3f801000
403a1000
3f801000
403a1000
3f801000
403a1000
3f801000
403a1000
3f801000
403a1000
3f801000
403a1000
3f801000
403a1000
3f801000
403a1000
3f801000
403a1000
3f801000
403a1000
3f801000
403a1000
3f801000
403a1000
3f801000
403a1000
3f801000
403bb000
3f801000
403bb000
3f801000
403bb000
3f801000
403bb000
3f801000
403bb000
3f801000
403bb000
3f801000
403bb000
3f801000
403bb000
3f801000
403bb000
3f801000
403bb000
3f801000
403bb000
3f801000
403bb000
3f801000
403bb000
3f801000
403bb000
3f801000
403bb000
3f801000
403bb000
3f801000
403bb000
3f801000
403bb000
3f801000
403bb000
3f801000
403bb000
3f801000
403bb000
3f801000
403bb000
3f801000
403bb000
3f801000
403bb000
3f801000
403bb000
3f801000
403bb000
3f801000
403bb000
3f801000
403bb000
3f801000
403bb000
3f801000
403bb000
3f801000
403bb000
3f801000
403bb000
3f801000
403bb000
3f801000
403bb000
3f801000
403bb000
3f801000
403bb000
3f801000
403bb000
3f801000
403bb000
3f801000
403bb000
3f801000
403bb000
3f801000
403bb000
3f801000
403bb000
3f801000
403bb000
3f801000
403bb000
3f801000
403bb000
3f801000
403bb000
3f801000
403bb000
3f801000
403bb000
3f801000
403bb000
3f801000
403bb000
3f801000
403bb000
3f801000
403bb000
3f801000
403bb000
3f801000
403bb000
3f801000
403bb000
3f801000
403bb000
3f801000
403bb000
3f801000
403bb000
3f801000
403bb000
3f801000
403bb000
3f801000
403bb000
3f801000
403bb000
3f801000
403bb000
3f801000
403bb000
3f801000
403bb000
3f801000
403bb000
3f801000
403d5000
3f801000
403d5000
3f801000
403d5000
3f801000
403d5000
3f801000
403d5000
3f801000
403d5000
3f801000
403d5000
3f801000
403d5000
3f801000
403d5000
3f801000
403d5000
3f801000
403d5000
3f801000
403d5000
3f801000
403d5000
3f801000
403d5000
3f801000
403d5000
3f801000
403d5000
3f801000
403d5000
3f801000
403d5000
3f801000
403d5000
3f801000
403d5000
3f801000
403d5000
3f801000
403d5000
3f801000
403d5000
3f801000
403d5000
3f801000
403d5000
3f801000
403d5000
3f801000
403d5000
3f801000
403d5000
3f801000
403d5000
3f801000
403d5000
3f801000
403d5000
3f801000
403d5000
3f801000
403d5000
3f801000
403d5000
3f801000
403d5000
3f801000
403d5000
3f801000
403d5000
3f801000
403d5000
3f801000
403d5000
3f801000
403d5000
3f801000
403d5000
3f801000
403d5000
3f801000
403d5000
3f801000
403d5000
3f801000
403d5000
3f801000
403d5000
3f801000
403d5000
3f801000
403d5000
3f801000
403d5000
3f801000
403d5000
3f801000
403d5000
3f801000
403d5000
3f801000
403d5000
3f801000
403d5000
3f801000
403d5000
3f801000
403d5000
3f801000
403d5000
3f801000
403d5000
3f801000
403d5000
3f801000
403d5000
3f801000
403d5000
3f801000
403d5000
3f801000
403d5000
3f801000
403d5000
3f801000
403d5000
3f801000
403d5000
3f801000
403ef000
3f801000
403ef000
3f801000
403ef000
3f801000
403ef000
3f801000
403ef000
3f801000
403ef000
3f801000
403ef000
3f801000
403ef000
3f801000
403ef000
3f801000
403ef000
3f801000
403ef000
3f801000
403ef000
3f801000
403ef000
3f801000
403ef000
3f801000
403ef000
3f801000
403ef000
3f801000
403ef000
3f801000
403ef000
3f801000
403ef000
3f801000
403ef000
3f801000
403ef000
3f801000
403ef000
3f801000
403ef000
3f801000
403ef000
3f801000
403ef000
3f801000
403ef000
3f801000
403ef000
3f801000
403ef000
3f801000
403ef000
3f801000
403ef000
3f801000
403ef000
3f801000
403ef000
3f801000
403ef000
3f801000
403ef000
3f801000
403ef000
3f801000
403ef000
3f801000
403ef000
3f801000
403ef000
3f801000
403ef000
3f801000
403ef000
3f801000
403ef000
3f801000
403ef000
3f801000
403ef000
3f801000
403ef000
3f801000
403ef000
3f801000
403ef000
3f801000
403ef000
3f801000
403ef000
3f801000
403ef000
3f801000
403ef000
3f801000
403ef000
3f801000
403ef000
3f801000
403ef000
3f801000
403ef000
3f801000
403ef000
3f801000
403ef000
3f801000
403ef000
3f801000
403ef000
3f801000
403ef000
3f801000
403ef000
3f801000
403ef000
3f801000
403ef000
3f801000
403ef000
3f801000
403ef000
3f801000
403ef000
3f801000
40409000
3f801000
40409000
3f801000
40409000
3f801000
40409000
3f801000
40409000
3f801000
40409000
3f801000
40409000
3f801000
40409000
3f801000
40409000
3f801000
40409000
3f801000
40409000
3f801000
40409000
3f801000
40409000
3f801000
40409000
3f801000
40409000
3f801000
40409000
3f801000
40409000
3f801000
40409000
3f801000
40409000
3f801000
40409000
3f801000
40409000
3f801000
40409000
3f801000
40409000
3f801000
40409000
3f801000
40409000
3f801000
40409000
3f801000
40409000
3f801000
40409000
3f801000
40409000
3f801000
40409000
3f801000
40409000
3f801000
40409000
3f801000
40409000
3f801000
40409000
3f801000
40409000
3f801000
40409000
3f801000
40409000
3f801000
40409000
3f801000
40409000
3f801000
40409000
3f801000
40409000
3f801000
40409000
3f801000
40409000
3f801000
40409000
3f801000
40409000
3f801000
40409000
3f801000
40409000
3f801000
40409000
3f801000
40409000
3f801000
40409000
3f801000
40409000
3f801000
40409000
3f801000
40409000
3f801000
40409000
3f801000
40409000
3f801000
40409000
3f801000
40409000
3f801000
40409000
3f801000
40409000
3f801000
40409000
3f801000
40409000
3f801000
40409000
3f801000
40409000
3f801000
40409000
3f801000
40409000
3f801000
40409000
3f801000
40423000
3f801000
40423000
3f801000
40423000
3f801000
40423000
3f801000
40423000
3f801000
40423000
3f801000
40423000
3f801000
40423000
3f801000
40423000
3f801000
40423000
3f801000
40423000
3f801000
40423000
3f801000
40423000
3f801000
40423000
3f801000
40423000
3f801000
40423000
3f801000
40423000
3f801000
40423000
3f801000
40423000
3f801000
40423000
3f801000
40423000
3f801000
40423000
3f801000
40423000
3f801000
40423000
3f801000
40423000
3f801000
40423000
3f801000
40423000
3f801000
40423000
3f801000
40423000
3f801000
40423000
3f801000
40423000
3f801000
40423000
3f801000
40423000
3f801000
40423000
3f801000
40423000
3f801000
40423000
3f801000
40423000
3f801000
40423000
3f801000
40423000
3f801000
40423000
3f801000
40423000
3f801000
40423000
3f801000
40423000
3f801000
40423000
3f801000
40423000
3f801000
40423000
3f801000
40423000
3f801000
40423000
3f801000
40423000
3f801000
40423000
3f801000
40423000
3f801000
40423000
3f801000
40423000
3f801000
40423000
3f801000
40423000
3f801000
40423000
3f801000
40423000
3f801000
40423000
3f801000
40423000
3f801000
40423000
3f801000
40423000
3f801000
40423000
3f801000
40423000
3f801000
40423000
3f801000
40423000
3f801000
40423000
3f801000
4043f000
3f805000
4043f000
3f805000
4043f000
3f805000
4043f000
3f805000
4043f000
3f805000
4043f000
3f805000
4043f000
3f805000
4043f000
3f805000
4043f000
3f805000
4043f000
3f805000
4043f000
3f805000
4043f000
3f805000
4043f000
3f805000
4043f000
3f805000
4043f000
3f805000
4043f000
3f805000
4043f000
3f805000
4043f000
3f805000
4043f000
3f805000
4043f000
3f805000
4043f000
3f805000
4043f000
3f805000
4043f000
3f805000
4043f000
3f805000
4043f000
3f805000
4043f000
3f805000
4043f000
3f805000
4043f000
3f805000
4043f000
3f805000
4043f000
3f805000
4043f000
3f805000
4043f000
3f805000
4043f000
3f805000
4043f000
3f805000
4043f000
3f805000
4043f000
3f805000
4043f000
3f805000
4043f000
3f805000
4043f000
3f805000
4043f000
3f805000
4043f000
3f805000
4043f000
3f805000
4043f000
3f805000
4043f000
3f805000
4043f000
3f805000
4043f000
3f805000
4043f000
3f805000
4043f000
3f805000
4043f000
3f805000
4043f000
3f805000
4043f000
3f805000
4043f000
3f805000
4043f000
3f805000
4043f000
3f805000
4043f000
3f805000
4043f000
3f805000
4043f000
3f805000
4043f000
3f805000
4043f000
3f805000
4043f000
3f805000
4043f000
3f805000
4043f000
3f805000
4043f000
3f805000
4043f000
3f805000
4043f000
3f805000
4043f000
3f805000
4045d000
3f805000
4045d000
3f805000
4045d000
3f805000
4045d000
3f805000
4045d000
3f805000
4045d000
3f805000
4045d000
3f805000
4045d000
3f805000
4045d000
3f805000
4045d000
3f805000
4045d000
3f805000
4045d000
3f805000
4045d000
3f805000
4045d000
3f805000
4045d000
3f805000
4045d000
3f805000
4045d000
3f805000
4045d000
3f805000
4045d000
3f805000
4045d000
3f805000
4045d000
3f805000
4045d000
3f805000
4045d000
3f805000
4045d000
3f805000
4045d000
3f805000
4045d000
3f805000
4045d000
3f805000
4045d000
3f805000
4045d000
3f805000
4045d000
3f805000
4045d000
3f805000
4045d000
3f805000
4045d000
3f805000
4045d000
3f805000
4045d000
3f805000
4045d000
3f805000
4045d000
3f805000
4045d000
3f805000
4045d000
3f805000
4045d000
3f805000
4045d000
3f805000
4045d000
3f805000
4045d000
3f805000
4045d000
3f805000
4045d000
3f805000
4045d000
3f805000
4045d000
3f805000
4045d000
3f805000
4045d000
3f805000
4045d000
3f805000
4045d000
3f805000
4045d000
3f805000
4045d000
3f805000
4045d000
3f805000
4045d000
3f805000
4045d000
3f805000
4045d000
3f805000
4045d000
3f805000
4045d000
3f805000
4045d000
3f805000
4045d000
3f805000
4045d000
3f805000
4045d000
3f805000
4045d000
3f805000
4045d000
3f805000
4047b000
3f805000
4047b000
3f805000
4047b000
3f805000
4047b000
3f805000
4047b000
3f805000
4047b000
3f805000
4047b000
3f805000
4047b000
3f805000
4047b000
3f805000
4047b000
3f805000
4047b000
3f805000
4047b000
3f805000
4047b000
3f805000
4047b000
3f805000
4047b000
3f805000
4047b000
3f805000
4047b000
3f805000
4047b000
3f805000
4047b000
3f805000
4047b000
3f805000
4047b000
3f805000
4047b000
3f805000
4047b000
3f805000
4047b000
3f805000
4047b000
3f805000
4047b000
3f805000
4047b000
3f805000
4047b000
3f805000
4047b000
3f805000
4047b000
3f805000
4047b000
3f805000
4047b000
3f805000
4047b000
3f805000
4047b000
3f805000
4047b000
3f805000
4047b000
3f805000
4047b000
3f805000
4047b000
3f805000
4047b000
3f805000
4047b000
3f805000
4047b000
3f805000
4047b000
3f805000
4047b000
3f805000
4047b000
3f805000
4047b000
3f805000
4047b000
3f805000
4047b000
3f805000
4047b000
3f805000
4047b000
3f805000
4047b000
3f805000
4047b000
3f805000
4047b000
3f805000
4047b000
3f805000
4047b000
3f805000
4047b000
3f805000
4047b000
3f805000
4047b000
3f805000
4047b000
3f805000
4047b000
3f805000
4047b000
3f805000
4047b000
3f805000
4047b000
3f805000
4047b000
3f805000
4047b000
3f805000
4047b000
3f805000
4047b000
3f805000
40499000
3f805000
40499000
3f805000
40499000
3f805000
40499000
3f805000
40499000
3f805000
40499000
3f805000
40499000
3f805000
40499000
3f805000
40499000
3f805000
40499000
3f805000
40499000
3f805000
40499000
3f805000
40499000
3f805000
40499000
3f805000
40499000
3f805000
40499000
3f805000
40499000
3f805000
40499000
3f805000
40499000
3f805000
40499000
3f805000
40499000
3f805000
40499000
3f805000
40499000
3f805000
40499000
3f805000
40499000
3f805000
40499000
3f805000
40499000
3f805000
40499000
3f805000
40499000
3f805000
40499000
3f805000
40499000
3f805000
40499000
3f805000
40499000
3f805000
40499000
3f805000
40499000
3f805000
40499000
3f805000
40499000
3f805000
40499000
3f805000
40499000
3f805000
40499000
3f805000
40499000
3f805000
40499000
3f805000
40499000
3f805000
40499000
3f805000
40499000
3f805000
40499000
3f805000
40499000
3f805000
40499000
3f805000
40499000
3f805000
40499000
3f805000
40499000
3f805000
40499000
3f805000
40499000
3f805000
40499000
3f805000
40499000
3f805000
40499000
3f805000
40499000
3f805000
40499000
3f805000
40499000
3f805000
40499000
3f805000
40499000
3f805000
40499000
3f805000
40499000
3f805000
40499000
3f805000
40499000
3f805000
40499000
3f805000
404b7000
3f805000
404b7000
3f805000
404b7000
3f805000
404b7000
3f805000
404b7000
3f805000
404b7000
3f805000
404b7000
3f805000
404b7000
3f805000
404b7000
3f805000
404b7000
3f805000
404b7000
3f805000
404b7000
3f805000
404b7000
3f805000
404b7000
3f805000
404b7000
3f805000
404b7000
3f805000
404b7000
3f805000
404b7000
3f805000
404b7000
3f805000
404b7000
3f805000
404b7000
3f805000
404b7000
3f805000
404b7000
3f805000
404b7000
3f805000
404b7000
3f805000
404b7000
3f805000
404b7000
3f805000
404b7000
3f805000
404b7000
3f805000
404b7000
3f805000
404b7000
3f805000
404b7000
3f805000
404b7000
3f805000
404b7000
3f805000
404b7000
3f805000
404b7000
3f805000
404b7000
3f805000
404b7000
3f805000
404b7000
3f805000
404b7000
3f805000
404b7000
3f805000
404b7000
3f805000
404b7000
3f805000
404b7000
3f805000
404b7000
3f805000
404b7000
3f805000
404b7000
3f805000
404b7000
3f805000
404b7000
3f805000
404b7000
3f805000
404b7000
3f805000
404b7000
3f805000
404b7000
3f805000
404b7000
3f805000
404b7000
3f805000
404b7000
3f805000
404b7000
3f805000
404b7000
3f805000
404b7000
3f805000
404b7000
3f805000
404b7000
3f805000
404b7000
3f805000
404b7000
3f805000
404b7000
3f805000
404b7000
3f805000
404b7000
3f805000
404d5000
3f805000
404d5000
3f805000
404d5000
3f805000
404d5000
3f805000
404d5000
3f805000
404d5000
3f805000
404d5000
3f805000
404d5000
3f805000
404d5000
3f805000
404d5000
3f805000
404d5000
3f805000
404d5000
3f805000
404d5000
3f805000
404d5000
3f805000
404d5000
3f805000
404d5000
3f805000
404d5000
3f805000
404d5000
3f805000
404d5000
3f805000
404d5000
3f805000
404d5000
3f805000
404d5000
3f805000
404d5000
3f805000
404d5000
3f805000
404d5000
3f805000
404d5000
3f805000
404d5000
3f805000
404d5000
3f805000
404d5000
3f805000
404d5000
3f805000
404d5000
3f805000
404d5000
3f805000
404d5000
3f805000
404d5000
3f805000
404d5000
3f805000
404d5000
3f805000
404d5000
3f805000
404d5000
3f805000
404d5000
3f805000
404d5000
3f805000
404d5000
3f805000
404d5000
3f805000
404d5000
3f805000
404d5000
3f805000
404d5000
3f805000
404d5000
3f805000
404d5000
3f805000
404d5000
3f805000
404d5000
3f805000
404d5000
3f805000
404d5000
3f805000
404d5000
3f805000
404d5000
3f805000
404d5000
3f805000
404d5000
3f805000
404d5000
3f805000
404d5000
3f805000
404d5000
3f805000
404d5000
3f805000
404d5000
3f805000
404d5000
3f805000
404d5000
3f805000
404d5000
3f805000
404d5000
3f805000
404d5000
3f805000
404f3000
3f805000
404f3000
3f805000
404f3000
3f805000
404f3000
3f805000
404f3000
3f805000
404f3000
3f805000
404f3000
3f805000
404f3000
3f805000
404f3000
3f805000
404f3000
3f805000
404f3000
3f805000
404f3000
3f805000
404f3000
3f805000
404f3000
3f805000
404f3000
3f805000
404f3000
3f805000
404f3000
3f805000
404f3000
3f805000
404f3000
3f805000
404f3000
3f805000
404f3000
3f805000
404f3000
3f805000
404f3000
3f805000
404f3000
3f805000
404f3000
3f805000
404f3000
3f805000
404f3000
3f805000
404f3000
3f805000
404f3000
3f805000
404f3000
3f805000
404f3000
3f805000
404f3000
3f805000
404f3000
3f805000
404f3000
3f805000
404f3000
3f805000
404f3000
3f805000
404f3000
3f805000
404f3000
3f805000
404f3000
3f805000
404f3000
3f805000
404f3000
3f805000
404f3000
3f805000
404f3000
3f805000
404f3000
3f805000
404f3000
3f805000
404f3000
3f805000
404f3000
3f805000
404f3000
3f805000
404f3000
3f805000
404f3000
3f805000
404f3000
3f805000
404f3000
3f805000
404f3000
3f805000
404f3000
3f805000
404f3000
3f805000
404f3000
3f805000
404f3000
3f805000
404f3000
3f805000
404f3000
3f805000
404f3000
3f805000
404f3000
3f805000
404f3000
3f805000
404f3000
3f805000
404f3000
3f805000
404f3000
3f805000
404f3000
3f805000
40511000
3f805000
40511000
3f805000
40511000
3f805000
40511000
3f805000
40511000
3f805000
40511000
3f805000
40511000
3f805000
40511000
3f805000
40511000
3f805000
40511000
3f805000
40511000
3f805000
40511000
3f805000
40511000
3f805000
40511000
3f805000
40511000
3f805000
40511000
3f805000
40511000
3f805000
40511000
3f805000
40511000
3f805000
40511000
3f805000
40511000
3f805000
40511000
3f805000
40511000
3f805000
40511000
3f805000
40511000
3f805000
40511000
3f805000
40511000
3f805000
40511000
3f805000
40511000
3f805000
40511000
3f805000
40511000
3f805000
40511000
3f805000
40511000
3f805000
40511000
3f805000
40511000
3f805000
40511000
3f805000
40511000
3f805000
40511000
3f805000
40511000
3f805000
40511000
3f805000
40511000
3f805000
40511000
3f805000
40511000
3f805000
40511000
3f805000
40511000
3f805000
40511000
3f805000
40511000
3f805000
40511000
3f805000
40511000
3f805000
40511000
3f805000
40511000
3f805000
40511000
3f805000
40511000
3f805000
40511000
3f805000
40511000
3f805000
40511000
3f805000
40511000
3f805000
40511000
3f805000
40511000
3f805000
40511000
3f805000
40511000
3f805000
40511000
3f805000
40511000
3f805000
40511000
3f805000
40511000
3f805000
40511000
3f805000
4052f000
3f805000
4052f000
3f805000
4052f000
3f805000
4052f000
3f805000
4052f000
3f805000
4052f000
3f805000
4052f000
3f805000
4052f000
3f805000
4052f000
3f805000
4052f000
3f805000
4052f000
3f805000
4052f000
3f805000
4052f000
3f805000
4052f000
3f805000
4052f000
3f805000
4052f000
3f805000
4052f000
3f805000
4052f000
3f805000
4052f000
3f805000
4052f000
3f805000
4052f000
3f805000
4052f000
3f805000
4052f000
3f805000
4052f000
3f805000
4052f000
3f805000
4052f000
3f805000
4052f000
3f805000
4052f000
3f805000
4052f000
3f805000
4052f000
3f805000
4052f000
3f805000
4052f000
3f805000
4052f000
3f805000
4052f000
3f805000
4052f000
3f805000
4052f000
3f805000
4052f000
3f805000
4052f000
3f805000
4052f000
3f805000
4052f000
3f805000
4052f000
3f805000
4052f000
3f805000
4052f000
3f805000
4052f000
3f805000
4052f000
3f805000
4052f000
3f805000
4052f000
3f805000
4052f000
3f805000
4052f000
3f805000
4052f000
3f805000
4052f000
3f805000
4052f000
3f805000
4052f000
3f805000
4052f000
3f805000
4052f000
3f805000
4052f000
3f805000
4052f000
3f805000
4052f000
3f805000
4052f000
3f805000
4052f000
3f805000
4052f000
3f805000
4052f000
3f805000
4052f000
3f805000
4052f000
3f805000
4052f000
3f805000
4054d000
3f805000
4054d000
3f805000
4054d000
3f805000
4054d000
3f805000
4054d000
3f805000
4054d000
3f805000
4054d000
3f805000
4054d000
3f805000
4054d000
3f805000
4054d000
3f805000
4054d000
3f805000
4054d000
3f805000
4054d000
3f805000
4054d000
3f805000
4054d000
3f805000
4054d000
3f805000
4054d000
3f805000
4054d000
3f805000
4054d000
3f805000
4054d000
3f805000
4054d000
3f805000
4054d000
3f805000
4054d000
3f805000
4054d000
3f805000
4054d000
3f805000
4054d000
3f805000
4054d000
3f805000
4054d000
3f805000
4054d000
3f805000
4054d000
3f805000
4054d000
3f805000
4054d000
3f805000
4054d000
3f805000
4054d000
3f805000
4054d000
3f805000
4054d000
3f805000
4054d000
3f805000
4054d000
3f805000
4054d000
3f805000
4054d000
3f805000
4054d000
3f805000
4054d000
3f805000
4054d000
3f805000
4054d000
3f805000
4054d000
3f805000
4054d000
3f805000
4054d000
3f805000
4054d000
3f805000
4054d000
3f805000
4054d000
3f805000
4054d000
3f805000
4054d000
3f805000
4054d000
3f805000
4054d000
3f805000
4054d000
3f805000
4054d000
3f805000
4054d000
3f805000
4054d000
3f805000
4054d000
3f805000
4054d000
3f805000
4054d000
3f805000
4054d000
3f805000
4054d000
3f805000
4054d000
3f805000
4054d000
3f805000
4054d000
3f805000
4056b000
3f805000
4056b000
3f805000
4056b000
3f805000
4056b000
3f805000
4056b000
3f805000
4056b000
3f805000
4056b000
3f805000
4056b000
3f805000
4056b000
3f805000
4056b000
3f805000
4056b000
3f805000
4056b000
3f805000
4056b000
3f805000
4056b000
3f805000
4056b000
3f805000
4056b000
3f805000
4056b000
3f805000
4056b000
3f805000
4056b000
3f805000
4056b000
3f805000
4056b000
3f805000
4056b000
3f805000
4056b000
3f805000
4056b000
3f805000
4056b000
3f805000
4056b000
3f805000
4056b000
3f805000
4056b000
3f805000
4056b000
3f805000
4056b000
3f805000
4056b000
3f805000
4056b000
3f805000
4056b000
3f805000
4056b000
3f805000
4056b000
3f805000
4056b000
3f805000
4056b000
3f805000
4056b000
3f805000
4056b000
3f805000
4056b000
3f805000
4056b000
3f805000
4056b000
3f805000
4056b000
3f805000
4056b000
3f805000
4056b000
3f805000
4056b000
3f805000
4056b000
3f805000
4056b000
3f805000
4056b000
3f805000
4056b000
3f805000
4056b000
3f805000
4056b000
3f805000
4056b000
3f805000
4056b000
3f805000
4056b000
3f805000
4056b000
3f805000
4056b000
3f805000
4056b000
3f805000
4056b000
3f805000
4056b000
3f805000
4056b000
3f805000
4056b000
3f805000
4056b000
3f805000
4056b000
3f805000
4056b000
3f805000
4056b000
3f805000
40589000
3f805000
40589000
3f805000
40589000
3f805000
40589000
3f805000
40589000
3f805000
40589000
3f805000
40589000
3f805000
40589000
3f805000
40589000
3f805000
40589000
3f805000
40589000
3f805000
40589000
3f805000
40589000
3f805000
40589000
3f805000
40589000
3f805000
40589000
3f805000
40589000
3f805000
40589000
3f805000
40589000
3f805000
40589000
3f805000
40589000
3f805000
40589000
3f805000
40589000
3f805000
40589000
3f805000
40589000
3f805000
40589000
3f805000
40589000
3f805000
40589000
3f805000
40589000
3f805000
40589000
3f805000
40589000
3f805000
40589000
3f805000
40589000
3f805000
40589000
3f805000
40589000
3f805000
40589000
3f805000
40589000
3f805000
40589000
3f805000
40589000
3f805000
40589000
3f805000
40589000
3f805000
40589000
3f805000
40589000
3f805000
40589000
3f805000
40589000
3f805000
40589000
3f805000
40589000
3f805000
40589000
3f805000
40589000
3f805000
40589000
3f805000
40589000
3f805000
40589000
3f805000
40589000
3f805000
40589000
3f805000
40589000
3f805000
40589000
3f805000
40589000
3f805000
40589000
3f805000
40589000
3f805000
40589000
3f805000
40589000
3f805000
40589000
3f805000
40589000
3f805000
40589000
3f805000
40589000
3f805000
40589000
3f805000
405a7000
3f805000
405a7000
3f805000
405a7000
3f805000
405a7000
3f805000
405a7000
3f805000
405a7000
3f805000
405a7000
3f805000
405a7000
3f805000
405a7000
3f805000
405a7000
3f805000
405a7000
3f805000
405a7000
3f805000
405a7000
3f805000
405a7000
3f805000
405a7000
3f805000
405a7000
3f805000
405a7000
3f805000
405a7000
3f805000
405a7000
3f805000
405a7000
3f805000
405a7000
3f805000
405a7000
3f805000
405a7000
3f805000
405a7000
3f805000
405a7000
3f805000
405a7000
3f805000
405a7000
3f805000
405a7000
3f805000
405a7000
3f805000
405a7000
3f805000
405a7000
3f805000
405a7000
3f805000
405a7000
3f805000
405a7000
3f805000
405a7000
3f805000
405a7000
3f805000
405a7000
3f805000
405a7000
3f805000
405a7000
3f805000
405a7000
3f805000
405a7000
3f805000
405a7000
3f805000
405a7000
3f805000
405a7000
3f805000
405a7000
3f805000
405a7000
3f805000
405a7000
3f805000
405a7000
3f805000
405a7000
3f805000
405a7000
3f805000
405a7000
3f805000
405a7000
3f805000
405a7000
3f805000
405a7000
3f805000
405a7000
3f805000
405a7000
3f805000
405a7000
3f805000
405a7000
3f805000
405a7000
3f805000
405a7000
3f805000
405a7000
3f805000
405a7000
3f805000
405a7000
3f805000
405a7000
3f805000
405a7000
3f805000
405c5000
3f805000
405c5000
3f805000
405c5000
3f805000
405c5000
3f805000
405c5000
3f805000
405c5000
3f805000
405c5000
3f805000
405c5000
3f805000
405c5000
3f805000
405c5000
3f805000
405c5000
3f805000
405c5000
3f805000
405c5000
3f805000
405c5000
3f805000
405c5000
3f805000
405c5000
3f805000
405c5000
3f805000
405c5000
3f805000
405c5000
3f805000
405c5000
3f805000
405c5000
3f805000
405c5000
3f805000
405c5000
3f805000
405c5000
3f805000
405c5000
3f805000
405c5000
3f805000
405c5000
3f805000
405c5000
3f805000
405c5000
3f805000
405c5000
3f805000
405c5000
3f805000
405c5000
3f805000
405c5000
3f805000
405c5000
3f805000
405c5000
3f805000
405c5000
3f805000
405c5000
3f805000
405c5000
3f805000
405c5000
3f805000
405c5000
3f805000
405c5000
3f805000
405c5000
3f805000
405c5000
3f805000
405c5000
3f805000
405c5000
3f805000
405c5000
3f805000
405c5000
3f805000
405c5000
3f805000
405c5000
3f805000
405c5000
3f805000
405c5000
3f805000
405c5000
3f805000
405c5000
3f805000
405c5000
3f805000
405c5000
3f805000
405c5000
3f805000
405c5000
3f805000
405c5000
3f805000
405c5000
3f805000
405c5000
3f805000
405c5000
3f805000
405c5000
3f805000
405c5000
3f805000
405c5000
3f805000
405c5000
3f805000
405c5000
3f805000
405e3000
3f805000
405e3000
3f805000
405e3000
3f805000
405e3000
3f805000
405e3000
3f805000
405e3000
3f805000
405e3000
3f805000
405e3000
3f805000
405e3000
3f805000
405e3000
3f805000
405e3000
3f805000
405e3000
3f805000
405e3000
3f805000
405e3000
3f805000
405e3000
3f805000
405e3000
3f805000
405e3000
3f805000
405e3000
3f805000
405e3000
3f805000
405e3000
3f805000
405e3000
3f805000
405e3000
3f805000
405e3000
3f805000
405e3000
3f805000
405e3000
3f805000
405e3000
3f805000
405e3000
3f805000
405e3000
3f805000
405e3000
3f805000
405e3000
3f805000
405e3000
3f805000
405e3000
3f805000
405e3000
3f805000
405e3000
3f805000
405e3000
3f805000
405e3000
3f805000
405e3000
3f805000
405e3000
3f805000
405e3000
3f805000
405e3000
3f805000
405e3000
3f805000
405e3000
3f805000
405e3000
3f805000
405e3000
3f805000
405e3000
3f805000
405e3000
3f805000
405e3000
3f805000
405e3000
3f805000
405e3000
3f805000
405e3000
3f805000
405e3000
3f805000
405e3000
3f805000
405e3000
3f805000
405e3000
3f805000
405e3000
3f805000
405e3000
3f805000
405e3000
3f805000
405e3000
3f805000
405e3000
3f805000
405e3000
3f805000
405e3000
3f805000
405e3000
3f805000
405e3000
3f805000
405e3000
3f805000
405e3000
3f805000
405e3000
3f805000
40601000
3f805000
40601000
3f805000
40601000
3f805000
40601000
3f805000
40601000
3f805000
40601000
3f805000
40601000
3f805000
40601000
3f805000
40601000
3f805000
40601000
3f805000
40601000
3f805000
40601000
3f805000
40601000
3f805000
40601000
3f805000
40601000
3f805000
40601000
3f805000
40601000
3f805000
40601000
3f805000
40601000
3f805000
40601000
3f805000
40601000
3f805000
40601000
3f805000
40601000
3f805000
40601000
3f805000
40601000
3f805000
40601000
3f805000
40601000
3f805000
40601000
3f805000
40601000
3f805000
40601000
3f805000
40601000
3f805000
40601000
3f805000
40601000
3f805000
40601000
3f805000
40601000
3f805000
40601000
3f805000
40601000
3f805000
40601000
3f805000
40601000
3f805000
40601000
3f805000
40601000
3f805000
40601000
3f805000
40601000
3f805000
40601000
3f805000
40601000
3f805000
40601000
3f805000
40601000
3f805000
40601000
3f805000
40601000
3f805000
40601000
3f805000
40601000
3f805000
40601000
3f805000
40601000
3f805000
40601000
3f805000
40601000
3f805000
40601000
3f805000
40601000
3f805000
40601000
3f805000
40601000
3f805000
40601000
3f805000
40601000
3f805000
40601000
3f805000
40601000
3f805000
40601000
3f805000
40601000
3f805000
40601000
3f805000
4061f000
3f805000
4061f000
3f805000
4061f000
3f805000
4061f000
3f805000
4061f000
3f805000
4061f000
3f805000
4061f000
3f805000
4061f000
3f805000
4061f000
3f805000
4061f000
3f805000
4061f000
3f805000
4061f000
3f805000
4061f000
3f805000
4061f000
3f805000
4061f000
3f805000
4061f000
3f805000
4061f000
3f805000
4061f000
3f805000
4061f000
3f805000
4061f000
3f805000
4061f000
3f805000
4061f000
3f805000
4061f000
3f805000
4061f000
3f805000
4061f000
3f805000
4061f000
3f805000
4061f000
3f805000
4061f000
3f805000
4061f000
3f805000
4061f000
3f805000
4061f000
3f805000
4061f000
3f805000
4061f000
3f805000
4061f000
3f805000
4061f000
3f805000
4061f000
3f805000
4061f000
3f805000
4061f000
3f805000
4061f000
3f805000
4061f000
3f805000
4061f000
3f805000
4061f000
3f805000
4061f000
3f805000
4061f000
3f805000
4061f000
3f805000
4061f000
3f805000
4061f000
3f805000
4061f000
3f805000
4061f000
3f805000
4061f000
3f805000
4061f000
3f805000
4061f000
3f805000
4061f000
3f805000
4061f000
3f805000
4061f000
3f805000
4061f000
3f805000
4061f000
3f805000
4061f000
3f805000
4061f000
3f805000
4061f000
3f805000
4061f000
3f805000
4061f000
3f805000
4061f000
3f805000
4061f000
3f805000
4061f000
3f805000
4063d000
3f805000
4063d000
3f805000
4063d000
3f805000
4063d000
3f805000
4063d000
3f805000
4063d000
3f805000
4063d000
3f805000
4063d000
3f805000
4063d000
3f805000
4063d000
3f805000
4063d000
3f805000
4063d000
3f805000
4063d000
3f805000
4063d000
3f805000
4063d000
3f805000
4063d000
3f805000
4063d000
3f805000
4063d000
3f805000
4063d000
3f805000
4063d000
3f805000
4063d000
3f805000
4063d000
3f805000
4063d000
3f805000
4063d000
3f805000
4063d000
3f805000
4063d000
3f805000
4063d000
3f805000
4063d000
3f805000
4063d000
3f805000
4063d000
3f805000
4063d000
3f805000
4063d000
3f805000
4063d000
3f805000
4063d000
3f805000
4063d000
3f805000
4063d000
3f805000
4063d000
3f805000
4063d000
3f805000
4063d000
3f805000
4063d000
3f805000
4063d000
3f805000
4063d000
3f805000
4063d000
3f805000
4063d000
3f805000
4063d000
3f805000
4063d000
3f805000
4063d000
3f805000
4063d000
3f805000
4063d000
3f805000
4063d000
3f805000
4063d000
3f805000
4063d000
3f805000
4063d000
3f805000
4063d000
3f805000
4063d000
3f805000
4063d000
3f805000
4063d000
3f805000
4063d000
3f805000
4063d000
3f805000
4063d000
3f805000
4063d000
3f805000
4063d000
3f805000
4063d000
3f805000
4063d000
3f805000
4063d000
3f805000
4063d000
3f805000
4065b000
3f805000
4065b000
3f805000
4065b000
3f805000
4065b000
3f805000
4065b000
3f805000
4065b000
3f805000
4065b000
3f805000
4065b000
3f805000
4065b000
3f805000
4065b000
3f805000
4065b000
3f805000
4065b000
3f805000
4065b000
3f805000
4065b000
3f805000
4065b000
3f805000
4065b000
3f805000
4065b000
3f805000
4065b000
3f805000
4065b000
3f805000
4065b000
3f805000
4065b000
3f805000
4065b000
3f805000
4065b000
3f805000
4065b000
3f805000
4065b000
3f805000
4065b000
3f805000
4065b000
3f805000
4065b000
3f805000
4065b000
3f805000
4065b000
3f805000
4065b000
3f805000
4065b000
3f805000
4065b000
3f805000
4065b000
3f805000
4065b000
3f805000
4065b000
3f805000
4065b000
3f805000
4065b000
3f805000
4065b000
3f805000
4065b000
3f805000
4065b000
3f805000
4065b000
3f805000
4065b000
3f805000
4065b000
3f805000
4065b000
3f805000
4065b000
3f805000
4065b000
3f805000
4065b000
3f805000
4065b000
3f805000
4065b000
3f805000
4065b000
3f805000
4065b000
3f805000
4065b000
3f805000
4065b000
3f805000
4065b000
3f805000
4065b000
3f805000
4065b000
3f805000
4065b000
3f805000
4065b000
3f805000
4065b000
3f805000
4065b000
3f805000
4065b000
3f805000
4065b000
3f805000
4065b000
3f805000
4065b000
3f805000
4065b000
3f805000
40679000
3f805000
40679000
3f805000
40679000
3f805000
40679000
3f805000
40679000
3f805000
40679000
3f805000
40679000
3f805000
40679000
3f805000
40679000
3f805000
40679000
3f805000
40679000
3f805000
40679000
3f805000
40679000
3f805000
40679000
3f805000
40679000
3f805000
40679000
3f805000
40679000
3f805000
40679000
3f805000
40679000
3f805000
40679000
3f805000
40679000
3f805000
40679000
3f805000
40679000
3f805000
40679000
3f805000
40679000
3f805000
40679000
3f805000
40679000
3f805000
40679000
3f805000
40679000
3f805000
40679000
3f805000
40679000
3f805000
40679000
3f805000
40679000
3f805000
40679000
3f805000
40679000
3f805000
40679000
3f805000
40679000
3f805000
40679000
3f805000
40679000
3f805000
40679000
3f805000
40679000
3f805000
40679000
3f805000
40679000
3f805000
40679000
3f805000
40679000
3f805000
40679000
3f805000
40679000
3f805000
40679000
3f805000
40679000
3f805000
40679000
3f805000
40679000
3f805000
40679000
3f805000
40679000
3f805000
40679000
3f805000
40679000
3f805000
40679000
3f805000
40679000
3f805000
40679000
3f805000
40679000
3f805000
40679000
3f805000
40679000
3f805000
40679000
3f805000
40679000
3f805000
40679000
3f805000
40679000
3f805000
40679000
3f805000
40697000
3f805000
40697000
3f805000
40697000
3f805000
40697000
3f805000
40697000
3f805000
40697000
3f805000
40697000
3f805000
40697000
3f805000
40697000
3f805000
40697000
3f805000
40697000
3f805000
40697000
3f805000
40697000
3f805000
40697000
3f805000
40697000
3f805000
40697000
3f805000
40697000
3f805000
40697000
3f805000
40697000
3f805000
40697000
3f805000
40697000
3f805000
40697000
3f805000
40697000
3f805000
40697000
3f805000
40697000
3f805000
40697000
3f805000
40697000
3f805000
40697000
3f805000
40697000
3f805000
40697000
3f805000
40697000
3f805000
40697000
3f805000
40697000
3f805000
40697000
3f805000
40697000
3f805000
40697000
3f805000
40697000
3f805000
40697000
3f805000
40697000
3f805000
40697000
3f805000
40697000
3f805000
40697000
3f805000
40697000
3f805000
40697000
3f805000
40697000
3f805000
40697000
3f805000
40697000
3f805000
40697000
3f805000
40697000
3f805000
40697000
3f805000
40697000
3f805000
40697000
3f805000
40697000
3f805000
40697000
3f805000
40697000
3f805000
40697000
3f805000
40697000
3f805000
40697000
3f805000
40697000
3f805000
40697000
3f805000
40697000
3f805000
40697000
3f805000
40697000
3f805000
40697000
3f805000
40697000
3f805000
406b5000
3f805000
406b5000
3f805000
406b5000
3f805000
406b5000
3f805000
406b5000
3f805000
406b5000
3f805000
406b5000
3f805000
406b5000
3f805000
406b5000
3f805000
406b5000
3f805000
406b5000
3f805000
406b5000
3f805000
406b5000
3f805000
406b5000
3f805000
406b5000
3f805000
406b5000
3f805000
406b5000
3f805000
406b5000
3f805000
406b5000
3f805000
406b5000
3f805000
406b5000
3f805000
406b5000
3f805000
406b5000
3f805000
406b5000
3f805000
406b5000
3f805000
406b5000
3f805000
406b5000
3f805000
406b5000
3f805000
406b5000
3f805000
406b5000
3f805000
406b5000
3f805000
406b5000
3f805000
406b5000
3f805000
406b5000
3f805000
406b5000
3f805000
406b5000
3f805000
406b5000
3f805000
406b5000
3f805000
406b5000
3f805000
406b5000
3f805000
406b5000
3f805000
406b5000
3f805000
406b5000
3f805000
406b5000
3f805000
406b5000
3f805000
406b5000
3f805000
406b5000
3f805000
406b5000
3f805000
406b5000
3f805000
406b5000
3f805000
406b5000
3f805000
406b5000
3f805000
406b5000
3f805000
406b5000
3f805000
406b5000
3f805000
406b5000
3f805000
406b5000
3f805000
406b5000
3f805000
406b5000
3f805000
406b5000
3f805000
406b5000
3f805000
406b5000
3f805000
406b5000
3f805000
406b5000
3f805000
406b5000
3f805000
406b5000
3f805000
406d3000
3f805000
406d3000
3f805000
406d3000
3f805000
406d3000
3f805000
406d3000
3f805000
406d3000
3f805000
406d3000
3f805000
406d3000
3f805000
406d3000
3f805000
406d3000
3f805000
406d3000
3f805000
406d3000
3f805000
406d3000
3f805000
406d3000
3f805000
406d3000
3f805000
406d3000
3f805000
406d3000
3f805000
406d3000
3f805000
406d3000
3f805000
406d3000
3f805000
406d3000
3f805000
406d3000
3f805000
406d3000
3f805000
406d3000
3f805000
406d3000
3f805000
406d3000
3f805000
406d3000
3f805000
406d3000
3f805000
406d3000
3f805000
406d3000
3f805000
406d3000
3f805000
406d3000
3f805000
406d3000
3f805000
406d3000
3f805000
406d3000
3f805000
406d3000
3f805000
406d3000
3f805000
406d3000
3f805000
406d3000
3f805000
406d3000
3f805000
406d3000
3f805000
406d3000
3f805000
406d3000
3f805000
406d3000
3f805000
406d3000
3f805000
406d3000
3f805000
406d3000
3f805000
406d3000
3f805000
406d3000
3f805000
406d3000
3f805000
406d3000
3f805000
406d3000
3f805000
406d3000
3f805000
406d3000
3f805000
406d3000
3f805000
406d3000
3f805000
406d3000
3f805000
406d3000
3f805000
406d3000
3f805000
406d3000
3f805000
406d3000
3f805000
406d3000
3f805000
406d3000
3f805000
406d3000
3f805000
406d3000
3f805000
406d3000
3f805000
406f1000
3f805000
406f1000
3f805000
406f1000
3f805000
406f1000
3f805000
406f1000
3f805000
406f1000
3f805000
406f1000
3f805000
406f1000
3f805000
406f1000
3f805000
406f1000
3f805000
406f1000
3f805000
406f1000
3f805000
406f1000
3f805000
406f1000
3f805000
406f1000
3f805000
406f1000
3f805000
406f1000
3f805000
406f1000
3f805000
406f1000
3f805000
406f1000
3f805000
406f1000
3f805000
406f1000
3f805000
406f1000
3f805000
406f1000
3f805000
406f1000
3f805000
406f1000
3f805000
406f1000
3f805000
406f1000
3f805000
406f1000
3f805000
406f1000
3f805000
406f1000
3f805000
406f1000
3f805000
406f1000
3f805000
406f1000
3f805000
406f1000
3f805000
406f1000
3f805000
406f1000
3f805000
406f1000
3f805000
406f1000
3f805000
406f1000
3f805000
406f1000
3f805000
406f1000
3f805000
406f1000
3f805000
406f1000
3f805000
406f1000
3f805000
406f1000
3f805000
406f1000
3f805000
406f1000
3f805000
406f1000
3f805000
406f1000
3f805000
406f1000
3f805000
406f1000
3f805000
406f1000
3f805000
406f1000
3f805000
406f1000
3f805000
406f1000
3f805000
406f1000
3f805000
406f1000
3f805000
406f1000
3f805000
406f1000
3f805000
406f1000
3f805000
406f1000
3f805000
406f1000
3f805000
406f1000
3f805000
406f1000
3f805000
4070f000
3f805000
4070f000
3f805000
4070f000
3f805000
4070f000
3f805000
4070f000
3f805000
4070f000
3f805000
4070f000
3f805000
4070f000
3f805000
4070f000
3f805000
4070f000
3f805000
4070f000
3f805000
4070f000
3f805000
4070f000
3f805000
4070f000
3f805000
4070f000
3f805000
4070f000
3f805000
4070f000
3f805000
4070f000
3f805000
4070f000
3f805000
4070f000
3f805000
4070f000
3f805000
4070f000
3f805000
4070f000
3f805000
4070f000
3f805000
4070f000
3f805000
4070f000
3f805000
4070f000
3f805000
4070f000
3f805000
4070f000
3f805000
4070f000
3f805000
4070f000
3f805000
4070f000
3f805000
4070f000
3f805000
4070f000
3f805000
4070f000
3f805000
4070f000
3f805000
4070f000
3f805000
4070f000
3f805000
4070f000
3f805000
4070f000
3f805000
4070f000
3f805000
4070f000
3f805000
4070f000
3f805000
4070f000
3f805000
4070f000
3f805000
4070f000
3f805000
4070f000
3f805000
4070f000
3f805000
4070f000
3f805000
4070f000
3f805000
4070f000
3f805000
4070f000
3f805000
4070f000
3f805000
4070f000
3f805000
4070f000
3f805000
4070f000
3f805000
4070f000
3f805000
4070f000
3f805000
4070f000
3f805000
4070f000
3f805000
4070f000
3f805000
4070f000
3f805000
4070f000
3f805000
4070f000
3f805000
4070f000
3f805000
4070f000
3f805000
4072d000
3f805000
4072d000
3f805000
4072d000
3f805000
4072d000
3f805000
4072d000
3f805000
4072d000
3f805000
4072d000
3f805000
4072d000
3f805000
4072d000
3f805000
4072d000
3f805000
4072d000
3f805000
4072d000
3f805000
4072d000
3f805000
4072d000
3f805000
4072d000
3f805000
4072d000
3f805000
4072d000
3f805000
4072d000
3f805000
4072d000
3f805000
4072d000
3f805000
4072d000
3f805000
4072d000
3f805000
4072d000
3f805000
4072d000
3f805000
4072d000
3f805000
4072d000
3f805000
4072d000
3f805000
4072d000
3f805000
4072d000
3f805000
4072d000
3f805000
4072d000
3f805000
4072d000
3f805000
4072d000
3f805000
4072d000
3f805000
4072d000
3f805000
4072d000
3f805000
4072d000
3f805000
4072d000
3f805000
4072d000
3f805000
4072d000
3f805000
4072d000
3f805000
4072d000
3f805000
4072d000
3f805000
4072d000
3f805000
4072d000
3f805000
4072d000
3f805000
4072d000
3f805000
4072d000
3f805000
4072d000
3f805000
4072d000
3f805000
4072d000
3f805000
4072d000
3f805000
4072d000
3f805000
4072d000
3f805000
4072d000
3f805000
4072d000
3f805000
4072d000
3f805000
4072d000
3f805000
4072d000
3f805000
4072d000
3f805000
4072d000
3f805000
4072d000
3f805000
4072d000
3f805000
4072d000
3f805000
4072d000
3f805000
4072d000
3f805000
4074b000
3f805000
4074b000
3f805000
4074b000
3f805000
4074b000
3f805000
4074b000
3f805000
4074b000
3f805000
4074b000
3f805000
4074b000
3f805000
4074b000
3f805000
4074b000
3f805000
4074b000
3f805000
4074b000
3f805000
4074b000
3f805000
4074b000
3f805000
4074b000
3f805000
4074b000
3f805000
4074b000
3f805000
4074b000
3f805000
4074b000
3f805000
4074b000
3f805000
4074b000
3f805000
4074b000
3f805000
4074b000
3f805000
4074b000
3f805000
4074b000
3f805000
4074b000
3f805000
4074b000
3f805000
4074b000
3f805000
4074b000
3f805000
4074b000
3f805000
4074b000
3f805000
4074b000
3f805000
4074b000
3f805000
4074b000
3f805000
4074b000
3f805000
4074b000
3f805000
4074b000
3f805000
4074b000
3f805000
4074b000
3f805000
4074b000
3f805000
4074b000
3f805000
4074b000
3f805000
4074b000
3f805000
4074b000
3f805000
4074b000
3f805000
4074b000
3f805000
4074b000
3f805000
4074b000
3f805000
4074b000
3f805000
4074b000
3f805000
4074b000
3f805000
4074b000
3f805000
4074b000
3f805000
4074b000
3f805000
4074b000
3f805000
4074b000
3f805000
4074b000
3f805000
4074b000
3f805000
4074b000
3f805000
4074b000
3f805000
4074b000
3f805000
4074b000
3f805000
4074b000
3f805000
4074b000
3f805000
4074b000
3f805000
4074b000
3f805000
40769000
3f805000
40769000
3f805000
40769000
3f805000
40769000
3f805000
40769000
3f805000
40769000
3f805000
40769000
3f805000
40769000
3f805000
40769000
3f805000
40769000
3f805000
40769000
3f805000
40769000
3f805000
40769000
3f805000
40769000
3f805000
40769000
3f805000
40769000
3f805000
40769000
3f805000
40769000
3f805000
40769000
3f805000
40769000
3f805000
40769000
3f805000
40769000
3f805000
40769000
3f805000
40769000
3f805000
40769000
3f805000
40769000
3f805000
40769000
3f805000
40769000
3f805000
40769000
3f805000
40769000
3f805000
40769000
3f805000
40769000
3f805000
40769000
3f805000
40769000
3f805000
40769000
3f805000
40769000
3f805000
40769000
3f805000
40769000
3f805000
40769000
3f805000
40769000
3f805000
40769000
3f805000
40769000
3f805000
40769000
3f805000
40769000
3f805000
40769000
3f805000
40769000
3f805000
40769000
3f805000
40769000
3f805000
40769000
3f805000
40769000
3f805000
40769000
3f805000
40769000
3f805000
40769000
3f805000
40769000
3f805000
40769000
3f805000
40769000
3f805000
40769000
3f805000
40769000
3f805000
40769000
3f805000
40769000
3f805000
40769000
3f805000
40769000
3f805000
40769000
3f805000
40769000
3f805000
40769000
3f805000
40787000
3f805000
40787000
3f805000
40787000
3f805000
40787000
3f805000
40787000
3f805000
40787000
3f805000
40787000
3f805000
40787000
3f805000
40787000
3f805000
40787000
3f805000
40787000
3f805000
40787000
3f805000
40787000
3f805000
40787000
3f805000
40787000
3f805000
40787000
3f805000
40787000
3f805000
40787000
3f805000
40787000
3f805000
40787000
3f805000
40787000
3f805000
40787000
3f805000
40787000
3f805000
40787000
3f805000
40787000
3f805000
40787000
3f805000
40787000
3f805000
40787000
3f805000
40787000
3f805000
40787000
3f805000
40787000
3f805000
40787000
3f805000
40787000
3f805000
40787000
3f805000
40787000
3f805000
40787000
3f805000
40787000
3f805000
40787000
3f805000
40787000
3f805000
40787000
3f805000
40787000
3f805000
40787000
3f805000
40787000
3f805000
40787000
3f805000
40787000
3f805000
40787000
3f805000
40787000
3f805000
40787000
3f805000
40787000
3f805000
40787000
3f805000
40787000
3f805000
40787000
3f805000
40787000
3f805000
40787000
3f805000
40787000
3f805000
40787000
3f805000
40787000
3f805000
40787000
3f805000
40787000
3f805000
40787000
3f805000
40787000
3f805000
40787000
3f805000
40787000
3f805000
40787000
3f805000
40787000
3f805000
40787000
3f805000
407a5000
3f805000
407a5000
3f805000
407a5000
3f805000
407a5000
3f805000
407a5000
3f805000
407a5000
3f805000
407a5000
3f805000
407a5000
3f805000
407a5000
3f805000
407a5000
3f805000
407a5000
3f805000
407a5000
3f805000
407a5000
3f805000
407a5000
3f805000
407a5000
3f805000
407a5000
3f805000
407a5000
3f805000
407a5000
3f805000
407a5000
3f805000
407a5000
3f805000
407a5000
3f805000
407a5000
3f805000
407a5000
3f805000
407a5000
3f805000
407a5000
3f805000
407a5000
3f805000
407a5000
3f805000
407a5000
3f805000
407a5000
3f805000
407a5000
3f805000
407a5000
3f805000
407a5000
3f805000
407a5000
3f805000
407a5000
3f805000
407a5000
3f805000
407a5000
3f805000
407a5000
3f805000
407a5000
3f805000
407a5000
3f805000
407a5000
3f805000
407a5000
3f805000
407a5000
3f805000
407a5000
3f805000
407a5000
3f805000
407a5000
3f805000
407a5000
3f805000
407a5000
3f805000
407a5000
3f805000
407a5000
3f805000
407a5000
3f805000
407a5000
3f805000
407a5000
3f805000
407a5000
3f805000
407a5000
3f805000
407a5000
3f805000
407a5000
3f805000
407a5000
3f805000
407a5000
3f805000
407a5000
3f805000
407a5000
3f805000
407a5000
3f805000
407a5000
3f805000
407a5000
3f805000
407a5000
3f805000
407a5000
3f805000
407a5000
3f805000
407c3000
3f805000
407c3000
3f805000
407c3000
3f805000
407c3000
3f805000
407c3000
3f805000
407c3000
3f805000
407c3000
3f805000
407c3000
3f805000
407c3000
3f805000
407c3000
3f805000
407c3000
3f805000
407c3000
3f805000
407c3000
3f805000
407c3000
3f805000
407c3000
3f805000
407c3000
3f805000
407c3000
3f805000
407c3000
3f805000
407c3000
3f805000
407c3000
3f805000
407c3000
3f805000
407c3000
3f805000
407c3000
3f805000
407c3000
3f805000
407c3000
3f805000
407c3000
3f805000
407c3000
3f805000
407c3000
3f805000
407c3000
3f805000
407c3000
3f805000
407c3000
3f805000
407c3000
3f805000
407c3000
3f805000
407c3000
3f805000
407c3000
3f805000
407c3000
3f805000
407c3000
3f805000
407c3000
3f805000
407c3000
3f805000
407c3000
3f805000
407c3000
3f805000
407c3000
3f805000
407c3000
3f805000
407c3000
3f805000
407c3000
3f805000
407c3000
3f805000
407c3000
3f805000
407c3000
3f805000
407c3000
3f805000
407c3000
3f805000
407c3000
3f805000
407c3000
3f805000
407c3000
3f805000
407c3000
3f805000
407c3000
3f805000
407c3000
3f805000
407c3000
3f805000
407c3000
3f805000
407c3000
3f805000
407c3000
3f805000
407c3000
3f805000
407c3000
3f805000
407c3000
3f805000
407c3000
3f805000
407c3000
3f805000
407c3000
3f805000
407e1000
3f805000
407e1000
3f805000
407e1000
3f805000
407e1000
3f805000
407e1000
3f805000
407e1000
3f805000
407e1000
3f805000
407e1000
3f805000
407e1000
3f805000
407e1000
3f805000
407e1000
3f805000
407e1000
3f805000
407e1000
3f805000
407e1000
3f805000
407e1000
3f805000
407e1000
3f805000
407e1000
3f805000
407e1000
3f805000
407e1000
3f805000
407e1000
3f805000
407e1000
3f805000
407e1000
3f805000
407e1000
3f805000
407e1000
3f805000
407e1000
3f805000
407e1000
3f805000
407e1000
3f805000
407e1000
3f805000
407e1000
3f805000
407e1000
3f805000
407e1000
3f805000
407e1000
3f805000
407e1000
3f805000
407e1000
3f805000
407e1000
3f805000
407e1000
3f805000
407e1000
3f805000
407e1000
3f805000
407e1000
3f805000
407e1000
3f805000
407e1000
3f805000
407e1000
3f805000
407e1000
3f805000
407e1000
3f805000
407e1000
3f805000
407e1000
3f805000
407e1000
3f805000
407e1000
3f805000
407e1000
3f805000
407e1000
3f805000
407e1000
3f805000
407e1000
3f805000
407e1000
3f805000
407e1000
3f805000
407e1000
3f805000
407e1000
3f805000
407e1000
3f805000
407e1000
3f805000
407e1000
3f805000
407e1000
3f805000
407e1000
3f805000
407e1000
3f805000
407e1000
3f805000
407e1000
3f805000
407e1000
3f805000
3f7e4000
3f807800
3f85e000
3f761000
3f882000
3f727000
3f900000
3f65c000
3f95a000
3f5cb000
3f9a2000
3f557000
3fa20000
3f48c000
3fa3c000
3f49a000
3fa84000
3f44e000
3fb02000
3f3c9000
3fb4a000
3f37d000
3fba4000
3f31e000
3fc22000
3f299000
3fc08000
3f2a7000
3fc86000
3f245000
3fd04000
3f1e3000
3fd28000
3f1c7000
3fda6000
3f165000
3fe24000
3f103000
3fdf8000
3f130000
3fe88000
3f0e0000
3ff06000
3f09a000
3ff18000
3f090000
3ffa8000
3f040000
3f7e4000
3f807800
3f85e000
3f761000
3f882000
3f727000
3f900000
3f65c000
3f95a000
3f5cb000
3f9a2000
3f557000
3fa20000
3f48c000
3fa3c000
3f49a000
3fa84000
3f44e000
3fb02000
3f3c9000
3fb4a000
3f37d000
3fba4000
3f31e000
3fc22000
3f299000
3fc08000
3f2a7000
3fc86000
3f245000
3fd04000
3f1e3000
3fd28000
3f1c7000
3fda6000
3f165000
3fe24000
3f103000
3fdf8000
3f130000
3fe88000
3f0e0000
3ff06000
3f09a000
3ff18000
3f090000
3ffa8000
3f040000
3f7e4000
3f807800
3f85e000
3f761000
3f882000
3f727000
3f900000
3f65c000
3f95a000
3f5cb000
3f9a2000
3f557000
3fa20000
3f48c000
3fa3c000
3f49a000
3fa84000
3f44e000
3fb02000
3f3c9000
3fb4a000
3f37d000
3fba4000
3f31e000
3fc22000
3f299000
3fc08000
3f2a7000
3fc86000
3f245000
3fd04000
3f1e3000
3fd28000
3f1c7000
3fda6000
3f165000
3fe24000
3f103000
3fdf8000
3f130000
3fe88000
3f0e0000
3ff06000
3f09a000
3ff18000
3f090000
3ffa8000
3f040000
3f7e4000
3f807800
3f85e000
3f761000
3f882000
3f727000
3f900000
3f65c000
3f95a000
3f5cb000
3f9a2000
3f557000
3fa20000
3f48c000
3fa3c000
3f49a000
3fa84000
3f44e000
3fb02000
3f3c9000
3fb4a000
3f37d000
3fba4000
3f31e000
3fc22000
3f299000
3fc08000
3f2a7000
3fc86000
3f245000
3fd04000
3f1e3000
3fd28000
3f1c7000
3fda6000
3f165000
3fe24000
3f103000
3fdf8000
3f130000
3fe88000
3f0e0000
3ff06000
3f09a000
3ff18000
3f090000
3ffa8000
3f040000
3f7e4000
3f807800
3f85e000
3f761000
3f882000
3f727000
3f900000
3f65c000
3f95a000
3f5cb000
3f9a2000
3f557000
3fa20000
3f48c000
3fa3c000
3f49a000
3fa84000
3f44e000
3fb02000
3f3c9000
3fb4a000
3f37d000
3fba4000
3f31e000
3fc22000
3f299000
3fc08000
3f2a7000
3fc86000
3f245000
3fd04000
3f1e3000
3fd28000
3f1c7000
3fda6000
3f165000
3fe24000
3f103000
3fdf8000
3f130000
3fe88000
3f0e0000
3ff06000
3f09a000
3ff18000
3f090000
3ffa8000
3f040000
3f7e4000
3f807800
3f85e000
3f761000
3f882000
3f727000
3f900000
3f65c000
3f95a000
3f5cb000
3f9a2000
3f557000
3fa20000
3f48c000
3fa3c000
3f49a000
3fa84000
3f44e000
3fb02000
3f3c9000
3fb4a000
3f37d000
3fba4000
3f31e000
3fc22000
3f299000
3fc08000
3f2a7000
3fc86000
3f245000
3fd04000
3f1e3000
3fd28000
3f1c7000
3fda6000
3f165000
3fe24000
3f103000
3fdf8000
3f130000
3fe88000
3f0e0000
3ff06000
3f09a000
3ff18000
3f090000
3ffa8000
3f040000
3f7e4000
3f807800
3f85e000
3f761000
3f882000
3f727000
3f900000
3f65c000
3f95a000
3f5cb000
3f9a2000
3f557000
3fa20000
3f48c000
3fa3c000
3f49a000
3fa84000
3f44e000
3fb02000
3f3c9000
3fb4a000
3f37d000
3fba4000
3f31e000
3fc22000
3f299000
3fc08000
3f2a7000
3fc86000
3f245000
3fd04000
3f1e3000
3fd28000
3f1c7000
3fda6000
3f165000
3fe24000
3f103000
3fdf8000
3f130000
3fe88000
3f0e0000
3ff06000
3f09a000
3ff18000
3f090000
3ffa8000
3f040000
3f7e4000
3f807800
3f85e000
3f761000
3f882000
3f727000
3f900000
3f65c000
3f95a000
3f5cb000
3f9a2000
3f557000
3fa20000
3f48c000
3fa3c000
3f49a000
3fa84000
3f44e000
3fb02000
3f3c9000
3fb4a000
3f37d000
3fba4000
3f31e000
3fc22000
3f299000
3fc08000
3f2a7000
3fc86000
3f245000
3fd04000
3f1e3000
3fd28000
3f1c7000
3fda6000
3f165000
3fe24000
3f103000
3fdf8000
3f130000
3fe88000
3f0e0000
3ff06000
3f09a000
3ff18000
3f090000
3ffa8000
3f040000
3f7e4000
3f807800
3f85e000
3f761000
3f882000
3f727000
3f900000
3f65c000
3f95a000
3f5cb000
3f9a2000
3f557000
3fa20000
3f48c000
3fa3c000
3f49a000
3fa84000
3f44e000
3fb02000
3f3c9000
3fb4a000
3f37d000
3fba4000
3f31e000
3fc22000
3f299000
3fc08000
3f2a7000
3fc86000
3f245000
3fd04000
3f1e3000
3fd28000
3f1c7000
3fda6000
3f165000
3fe24000
3f103000
3fdf8000
3f130000
3fe88000
3f0e0000
3ff06000
3f09a000
3ff18000
3f090000
3ffa8000
3f040000
3f7e4000
3f807800
3f85e000
3f761000
3f882000
3f727000
3f900000
3f65c000
3f95a000
3f5cb000
3f9a2000
3f557000
3fa20000
3f48c000
3fa3c000
3f49a000
3fa84000
3f44e000
3fb02000
3f3c9000
3fb4a000
3f37d000
3fba4000
3f31e000
3fc22000
3f299000
3fc08000
3f2a7000
3fc86000
3f245000
3fd04000
3f1e3000
3fd28000
3f1c7000
3fda6000
3f165000
3fe24000
3f103000
3fdf8000
3f130000
3fe88000
3f0e0000
3ff06000
3f09a000
3ff18000
3f090000
3ffa8000
3f040000
3f7e4000
3f807800
3f85e000
3f761000
3f882000
3f727000
3f900000
3f65c000
3f95a000
3f5cb000
3f9a2000
3f557000
3fa20000
3f48c000
3fa3c000
3f49a000
3fa84000
3f44e000
3fb02000
3f3c9000
3fb4a000
3f37d000
3fba4000
3f31e000
3fc22000
3f299000
3fc08000
3f2a7000
3fc86000
3f245000
3fd04000
3f1e3000
3fd28000
3f1c7000
3fda6000
3f165000
3fe24000
3f103000
3fdf8000
3f130000
3fe88000
3f0e0000
3ff06000
3f09a000
3ff18000
3f090000
3ffa8000
3f040000
3f7e4000
3f807800
3f85e000
3f761000
3f882000
3f727000
3f900000
3f65c000
3f95a000
3f5cb000
3f9a2000
3f557000
3fa20000
3f48c000
3fa3c000
3f49a000
3fa84000
3f44e000
3fb02000
3f3c9000
3fb4a000
3f37d000
3fba4000
3f31e000
3fc22000
3f299000
3fc08000
3f2a7000
3fc86000
3f245000
3fd04000
3f1e3000
3fd28000
3f1c7000
3fda6000
3f165000
3fe24000
3f103000
3fdf8000
3f130000
3fe88000
3f0e0000
3ff06000
3f09a000
3ff18000
3f090000
3ffa8000
3f040000
3f804000
3f816000
3f870000
3f77e000
3f894000
3f744000
3f912000
3f679000
3f96c000
3f5e8000
3f9b4000
3f574000
3fa32000
3f4a9000
3fa52000
3f4b1000
3fa9a000
3f465000
3fb18000
3f3e0000
3fb60000
3f394000
3fbba000
3f335000
3fc38000
3f2b0000
3fc22000
3f2bb000
3fca0000
3f259000
3fd1e000
3f1f7000
3fd42000
3f1db000
3fdc0000
3f179000
3fe3e000
3f117000
3fe16000
3f141000
3fea6000
3f0f1000
3ff24000
3f0ab000
3ff36000
3f0a1000
3ffc6000
3f051000
3f804000
3f816000
3f870000
3f77e000
3f894000
3f744000
3f912000
3f679000
3f96c000
3f5e8000
3f9b4000
3f574000
3fa32000
3f4a9000
3fa52000
3f4b1000
3fa9a000
3f465000
3fb18000
3f3e0000
3fb60000
3f394000
3fbba000
3f335000
3fc38000
3f2b0000
3fc22000
3f2bb000
3fca0000
3f259000
3fd1e000
3f1f7000
3fd42000
3f1db000
3fdc0000
3f179000
3fe3e000
3f117000
3fe16000
3f141000
3fea6000
3f0f1000
3ff24000
3f0ab000
3ff36000
3f0a1000
3ffc6000
3f051000
3f828000
3f833000
3f894000
3f7b8000
3f8b8000
3f77e000
3f936000
3f6b3000
3f990000
3f622000
3f9d8000
3f5ae000
3fa56000
3f4e3000
3fa7e000
3f4df000
3fac6000
3f493000
3fb44000
3f40e000
3fb8c000
3f3c2000
3fbe6000
3f363000
3fc64000
3f2de000
3fc56000
3f2e3000
3fcd4000
3f281000
3fd52000
3f21f000
3fd76000
3f203000
3fdf4000
3f1a1000
3fe72000
3f13f000
3fe52000
3f163000
3fee2000
3f113000
3ff60000
3f0cd000
3ff72000
3f0c3000
40001000
3f073000
3f83a000
3f841800
3f8a6000
3f7d5000
3f8ca000
3f79b000
3f948000
3f6d0000
3f9a2000
3f63f000
3f9ea000
3f5cb000
3fa68000
3f500000
3fa94000
3f4f6000
3fadc000
3f4aa000
3fb5a000
3f425000
3fba2000
3f3d9000
3fbfc000
3f37a000
3fc7a000
3f2f5000
3fc70000
3f2f7000
3fcee000
3f295000
3fd6c000
3f233000
3fd90000
3f217000
3fe0e000
3f1b5000
3fe8c000
3f153000
3fe70000
3f174000
3ff00000
3f124000
3ff7e000
3f0de000
3ff90000
3f0d4000
40010000
3f084000
3f83a000
3f841800
3f8a6000
3f7d5000
3f8ca000
3f79b000
3f948000
3f6d0000
3f9a2000
3f63f000
3f9ea000
3f5cb000
3fa68000
3f500000
3fa94000
3f4f6000
3fadc000
3f4aa000
3fb5a000
3f425000
3fba2000
3f3d9000
3fbfc000
3f37a000
3fc7a000
3f2f5000
3fc70000
3f2f7000
3fcee000
3f295000
3fd6c000
3f233000
3fd90000
3f217000
3fe0e000
3f1b5000
3fe8c000
3f153000
3fe70000
3f174000
3ff00000
3f124000
3ff7e000
3f0de000
3ff90000
3f0d4000
40010000
3f084000
3f85e000
3f85e800
3f8ca000
3f807800
3f8ee000
3f7d5000
3f96c000
3f70a000
3f9c6000
3f679000
3fa0e000
3f605000
3fa8c000
3f53a000
3fac0000
3f524000
3fb08000
3f4d8000
3fb86000
3f453000
3fbce000
3f407000
3fc28000
3f3a8000
3fca6000
3f323000
3fca4000
3f31f000
3fd22000
3f2bd000
3fda0000
3f25b000
3fdc4000
3f23f000
3fe42000
3f1dd000
3fec0000
3f17b000
3feac000
3f196000
3ff3c000
3f146000
3ffba000
3f100000
3ffcc000
3f0f6000
4002e000
3f0a6000
3f870000
3f86d000
3f8dc000
3f816000
3f900000
3f7f2000
3f97e000
3f727000
3f9d8000
3f696000
3fa20000
3f622000
3fa9e000
3f557000
3fad6000
3f53b000
3fb1e000
3f4ef000
3fb9c000
3f46a000
3fbe4000
3f41e000
3fc3e000
3f3bf000
3fcbc000
3f33a000
3fcbe000
3f333000
3fd3c000
3f2d1000
3fdba000
3f26f000
3fdde000
3f253000
3fe5c000
3f1f1000
3feda000
3f18f000
3feca000
3f1a7000
3ff5a000
3f157000
3ffd8000
3f111000
3ffea000
3f107000
4003d000
3f0b7000
3f870000
3f86d000
3f8dc000
3f816000
3f900000
3f7f2000
3f97e000
3f727000
3f9d8000
3f696000
3fa20000
3f622000
3fa9e000
3f557000
3fad6000
3f53b000
3fb1e000
3f4ef000
3fb9c000
3f46a000
3fbe4000
3f41e000
3fc3e000
3f3bf000
3fcbc000
3f33a000
3fcbe000
3f333000
3fd3c000
3f2d1000
3fdba000
3f26f000
3fdde000
3f253000
3fe5c000
3f1f1000
3feda000
3f18f000
3feca000
3f1a7000
3ff5a000
3f157000
3ffd8000
3f111000
3ffea000
3f107000
4003d000
3f0b7000
3f870000
3f86d000
3f8dc000
3f816000
3f900000
3f7f2000
3f97e000
3f727000
3f9d8000
3f696000
3fa20000
3f622000
3fa9e000
3f557000
3fad6000
3f53b000
3fb1e000
3f4ef000
3fb9c000
3f46a000
3fbe4000
3f41e000
3fc3e000
3f3bf000
3fcbc000
3f33a000
3fcbe000
3f333000
3fd3c000
3f2d1000
3fdba000
3f26f000
3fdde000
3f253000
3fe5c000
3f1f1000
3feda000
3f18f000
3feca000
3f1a7000
3ff5a000
3f157000
3ffd8000
3f111000
3ffea000
3f107000
4003d000
3f0b7000
3f870000
3f86d000
3f8dc000
3f816000
3f900000
3f7f2000
3f97e000
3f727000
3f9d8000
3f696000
3fa20000
3f622000
3fa9e000
3f557000
3fad6000
3f53b000
3fb1e000
3f4ef000
3fb9c000
3f46a000
3fbe4000
3f41e000
3fc3e000
3f3bf000
3fcbc000
3f33a000
3fcbe000
3f333000
3fd3c000
3f2d1000
3fdba000
3f26f000
3fdde000
3f253000
3fe5c000
3f1f1000
3feda000
3f18f000
3feca000
3f1a7000
3ff5a000
3f157000
3ffd8000
3f111000
3ffea000
3f107000
4003d000
3f0b7000
3f870000
3f86d000
3f8dc000
3f816000
3f900000
3f7f2000
3f97e000
3f727000
3f9d8000
3f696000
3fa20000
3f622000
3fa9e000
3f557000
3fad6000
3f53b000
3fb1e000
3f4ef000
3fb9c000
3f46a000
3fbe4000
3f41e000
3fc3e000
3f3bf000
3fcbc000
3f33a000
3fcbe000
3f333000
3fd3c000
3f2d1000
3fdba000
3f26f000
3fdde000
3f253000
3fe5c000
3f1f1000
3feda000
3f18f000
3feca000
3f1a7000
3ff5a000
3f157000
3ffd8000
3f111000
3ffea000
3f107000
4003d000
3f0b7000
3f870000
3f86d000
3f8dc000
3f816000
3f900000
3f7f2000
3f97e000
3f727000
3f9d8000
3f696000
3fa20000
3f622000
3fa9e000
3f557000
3fad6000
3f53b000
3fb1e000
3f4ef000
3fb9c000
3f46a000
3fbe4000
3f41e000
3fc3e000
3f3bf000
3fcbc000
3f33a000
3fcbe000
3f333000
3fd3c000
3f2d1000
3fdba000
3f26f000
3fdde000
3f253000
3fe5c000
3f1f1000
3feda000
3f18f000
3feca000
3f1a7000
3ff5a000
3f157000
3ffd8000
3f111000
3ffea000
3f107000
4003d000
3f0b7000
3f870000
3f86d000
3f8dc000
3f816000
3f900000
3f7f2000
3f97e000
3f727000
3f9d8000
3f696000
3fa20000
3f622000
3fa9e000
3f557000
3fad6000
3f53b000
3fb1e000
3f4ef000
3fb9c000
3f46a000
3fbe4000
3f41e000
3fc3e000
3f3bf000
3fcbc000
3f33a000
3fcbe000
3f333000
3fd3c000
3f2d1000
3fdba000
3f26f000
3fdde000
3f253000
3fe5c000
3f1f1000
3feda000
3f18f000
3feca000
3f1a7000
3ff5a000
3f157000
3ffd8000
3f111000
3ffea000
3f107000
4003d000
3f0b7000
3f870000
3f86d000
3f8dc000
3f816000
3f900000
3f7f2000
3f97e000
3f727000
3f9d8000
3f696000
3fa20000
3f622000
3fa9e000
3f557000
3fad6000
3f53b000
3fb1e000
3f4ef000
3fb9c000
3f46a000
3fbe4000
3f41e000
3fc3e000
3f3bf000
3fcbc000
3f33a000
3fcbe000
3f333000
3fd3c000
3f2d1000
3fdba000
3f26f000
3fdde000
3f253000
3fe5c000
3f1f1000
3feda000
3f18f000
3feca000
3f1a7000
3ff5a000
3f157000
3ffd8000
3f111000
3ffea000
3f107000
4003d000
3f0b7000
3f882000
3f87b800
3f8ee000
3f824800
3f912000
3f807800
3f990000
3f744000
3f9ea000
3f6b3000
3fa32000
3f63f000
3fab0000
3f574000
3faec000
3f552000
3fb34000
3f506000
3fbb2000
3f481000
3fbfa000
3f435000
3fc54000
3f3d6000
3fcd2000
3f351000
3fcd8000
3f347000
3fd56000
3f2e5000
3fdd4000
3f283000
3fdf8000
3f267000
3fe76000
3f205000
3fef4000
3f1a3000
3fee8000
3f1b8000
3ff78000
3f168000
3fff6000
3f122000
40004000
3f118000
4004c000
3f0c8000
3f882000
3f87b800
3f8ee000
3f824800
3f912000
3f807800
3f990000
3f744000
3f9ea000
3f6b3000
3fa32000
3f63f000
3fab0000
3f574000
3faec000
3f552000
3fb34000
3f506000
3fbb2000
3f481000
3fbfa000
3f435000
3fc54000
3f3d6000
3fcd2000
3f351000
3fcd8000
3f347000
3fd56000
3f2e5000
3fdd4000
3f283000
3fdf8000
3f267000
3fe76000
3f205000
3fef4000
3f1a3000
3fee8000
3f1b8000
3ff78000
3f168000
3fff6000
3f122000
40004000
3f118000
4004c000
3f0c8000
3f882000
3f87b800
3f8ee000
3f824800
3f912000
3f807800
3f990000
3f744000
3f9ea000
3f6b3000
3fa32000
3f63f000
3fab0000
3f574000
3faec000
3f552000
3fb34000
3f506000
3fbb2000
3f481000
3fbfa000
3f435000
3fc54000
3f3d6000
3fcd2000
3f351000
3fcd8000
3f347000
3fd56000
3f2e5000
3fdd4000
3f283000
3fdf8000
3f267000
3fe76000
3f205000
3fef4000
3f1a3000
3fee8000
3f1b8000
3ff78000
3f168000
3fff6000
3f122000
40004000
3f118000
4004c000
3f0c8000
3f882000
3f87b800
3f8ee000
3f824800
3f912000
3f807800
3f990000
3f744000
3f9ea000
3f6b3000
3fa32000
3f63f000
3fab0000
3f574000
3faec000
3f552000
3fb34000
3f506000
3fbb2000
3f481000
3fbfa000
3f435000
3fc54000
3f3d6000
3fcd2000
3f351000
3fcd8000
3f347000
3fd56000
3f2e5000
3fdd4000
3f283000
3fdf8000
3f267000
3fe76000
3f205000
3fef4000
3f1a3000
3fee8000
3f1b8000
3ff78000
3f168000
3fff6000
3f122000
40004000
3f118000
4004c000
3f0c8000
3f882000
3f87b800
3f8ee000
3f824800
3f912000
3f807800
3f990000
3f744000
3f9ea000
3f6b3000
3fa32000
3f63f000
3fab0000
3f574000
3faec000
3f552000
3fb34000
3f506000
3fbb2000
3f481000
3fbfa000
3f435000
3fc54000
3f3d6000
3fcd2000
3f351000
3fcd8000
3f347000
3fd56000
3f2e5000
3fdd4000
3f283000
3fdf8000
3f267000
3fe76000
3f205000
3fef4000
3f1a3000
3fee8000
3f1b8000
3ff78000
3f168000
3fff6000
3f122000
40004000
3f118000
4004c000
3f0c8000
3f882000
3f87b800
3f8ee000
3f824800
3f912000
3f807800
3f990000
3f744000
3f9ea000
3f6b3000
3fa32000
3f63f000
3fab0000
3f574000
3faec000
3f552000
3fb34000
3f506000
3fbb2000
3f481000
3fbfa000
3f435000
3fc54000
3f3d6000
3fcd2000
3f351000
3fcd8000
3f347000
3fd56000
3f2e5000
3fdd4000
3f283000
3fdf8000
3f267000
3fe76000
3f205000
3fef4000
3f1a3000
3fee8000
3f1b8000
3ff78000
3f168000
3fff6000
3f122000
40004000
3f118000
4004c000
3f0c8000
3f882000
3f87b800
3f8ee000
3f824800
3f912000
3f807800
3f990000
3f744000
3f9ea000
3f6b3000
3fa32000
3f63f000
3fab0000
3f574000
3faec000
3f552000
3fb34000
3f506000
3fbb2000
3f481000
3fbfa000
3f435000
3fc54000
3f3d6000
3fcd2000
3f351000
3fcd8000
3f347000
3fd56000
3f2e5000
3fdd4000
3f283000
3fdf8000
3f267000
3fe76000
3f205000
3fef4000
3f1a3000
3fee8000
3f1b8000
3ff78000
3f168000
3fff6000
3f122000
40004000
3f118000
4004c000
3f0c8000
3f882000
3f87b800
3f8ee000
3f824800
3f912000
3f807800
3f990000
3f744000
3f9ea000
3f6b3000
3fa32000
3f63f000
3fab0000
3f574000
3faec000
3f552000
3fb34000
3f506000
3fbb2000
3f481000
3fbfa000
3f435000
3fc54000
3f3d6000
3fcd2000
3f351000
3fcd8000
3f347000
3fd56000
3f2e5000
3fdd4000
3f283000
3fdf8000
3f267000
3fe76000
3f205000
3fef4000
3f1a3000
3fee8000
3f1b8000
3ff78000
3f168000
3fff6000
3f122000
40004000
3f118000
4004c000
3f0c8000
3f882000
3f87b800
3f8ee000
3f824800
3f912000
3f807800
3f990000
3f744000
3f9ea000
3f6b3000
3fa32000
3f63f000
3fab0000
3f574000
3faec000
3f552000
3fb34000
3f506000
3fbb2000
3f481000
3fbfa000
3f435000
3fc54000
3f3d6000
3fcd2000
3f351000
3fcd8000
3f347000
3fd56000
3f2e5000
3fdd4000
3f283000
3fdf8000
3f267000
3fe76000
3f205000
3fef4000
3f1a3000
3fee8000
3f1b8000
3ff78000
3f168000
3fff6000
3f122000
40004000
3f118000
4004c000
3f0c8000
3f882000
3f87b800
3f8ee000
3f824800
3f912000
3f807800
3f990000
3f744000
3f9ea000
3f6b3000
3fa32000
3f63f000
3fab0000
3f574000
3faec000
3f552000
3fb34000
3f506000
3fbb2000
3f481000
3fbfa000
3f435000
3fc54000
3f3d6000
3fcd2000
3f351000
3fcd8000
3f347000
3fd56000
3f2e5000
3fdd4000
3f283000
3fdf8000
3f267000
3fe76000
3f205000
3fef4000
3f1a3000
3fee8000
3f1b8000
3ff78000
3f168000
3fff6000
3f122000
40004000
3f118000
4004c000
3f0c8000
3f882000
3f87b800
3f8ee000
3f824800
3f912000
3f807800
3f990000
3f744000
3f9ea000
3f6b3000
3fa32000
3f63f000
3fab0000
3f574000
3faec000
3f552000
3fb34000
3f506000
3fbb2000
3f481000
3fbfa000
3f435000
3fc54000
3f3d6000
3fcd2000
3f351000
3fcd8000
3f347000
3fd56000
3f2e5000
3fdd4000
3f283000
3fdf8000
3f267000
3fe76000
3f205000
3fef4000
3f1a3000
3fee8000
3f1b8000
3ff78000
3f168000
3fff6000
3f122000
40004000
3f118000
4004c000
3f0c8000
3f882000
3f87b800
3f8ee000
3f824800
3f912000
3f807800
3f990000
3f744000
3f9ea000
3f6b3000
3fa32000
3f63f000
3fab0000
3f574000
3faec000
3f552000
3fb34000
3f506000
3fbb2000
3f481000
3fbfa000
3f435000
3fc54000
3f3d6000
3fcd2000
3f351000
3fcd8000
3f347000
3fd56000
3f2e5000
3fdd4000
3f283000
3fdf8000
3f267000
3fe76000
3f205000
3fef4000
3f1a3000
3fee8000
3f1b8000
3ff78000
3f168000
3fff6000
3f122000
40004000
3f118000
4004c000
3f0c8000
3f894000
3f88a000
3f900000
3f833000
3f924000
3f816000
3f9a2000
3f761000
3f9fc000
3f6d0000
3fa44000
3f65c000
3fac2000
3f591000
3fb02000
3f569000
3fb4a000
3f51d000
3fbc8000
3f498000
3fc10000
3f44c000
3fc6a000
3f3ed000
3fce8000
3f368000
3fcf2000
3f35b000
3fd70000
3f2f9000
3fdee000
3f297000
3fe12000
3f27b000
3fe90000
3f219000
3ff0e000
3f1b7000
3ff06000
3f1c9000
3ff96000
3f179000
4000a000
3f133000
40013000
3f129000
4005b000
3f0d9000
3f894000
3f88a000
3f900000
3f833000
3f924000
3f816000
3f9a2000
3f761000
3f9fc000
3f6d0000
3fa44000
3f65c000
3fac2000
3f591000
3fb02000
3f569000
3fb4a000
3f51d000
3fbc8000
3f498000
3fc10000
3f44c000
3fc6a000
3f3ed000
3fce8000
3f368000
3fcf2000
3f35b000
3fd70000
3f2f9000
3fdee000
3f297000
3fe12000
3f27b000
3fe90000
3f219000
3ff0e000
3f1b7000
3ff06000
3f1c9000
3ff96000
3f179000
4000a000
3f133000
40013000
3f129000
4005b000
3f0d9000
3f8b8000
3f8a7000
3f924000
3f850000
3f948000
3f833000
3f9c6000
3f79b000
3fa20000
3f70a000
3fa68000
3f696000
3fae6000
3f5cb000
3fb2e000
3f597000
3fb76000
3f54b000
3fbf4000
3f4c6000
3fc3c000
3f47a000
3fc96000
3f41b000
3fd14000
3f396000
3fd26000
3f383000
3fda4000
3f321000
3fe22000
3f2bf000
3fe46000
3f2a3000
3fec4000
3f241000
3ff42000
3f1df000
3ff42000
3f1eb000
3ffd2000
3f19b000
40028000
3f155000
40031000
3f14b000
40079000
3f0fb000
3f8ca000
3f8b5800
3f936000
3f85e800
3f95a000
3f841800
3f9d8000
3f7b8000
3fa32000
3f727000
3fa7a000
3f6b3000
3faf8000
3f5e8000
3fb44000
3f5ae000
3fb8c000
3f562000
3fc0a000
3f4dd000
3fc52000
3f491000
3fcac000
3f432000
3fd2a000
3f3ad000
3fd40000
3f397000
3fdbe000
3f335000
3fe3c000
3f2d3000
3fe60000
3f2b7000
3fede000
3f255000
3ff5c000
3f1f3000
3ff60000
3f1fc000
3fff0000
3f1ac000
40037000
3f166000
40040000
3f15c000
40088000
3f10c000
3f8ca000
3f8b5800
3f936000
3f85e800
3f95a000
3f841800
3f9d8000
3f7b8000
3fa32000
3f727000
3fa7a000
3f6b3000
3faf8000
3f5e8000
3fb44000
3f5ae000
3fb8c000
3f562000
3fc0a000
3f4dd000
3fc52000
3f491000
3fcac000
3f432000
3fd2a000
3f3ad000
3fd40000
3f397000
3fdbe000
3f335000
3fe3c000
3f2d3000
3fe60000
3f2b7000
3fede000
3f255000
3ff5c000
3f1f3000
3ff60000
3f1fc000
3fff0000
3f1ac000
40037000
3f166000
40040000
3f15c000
40088000
3f10c000
3f8ee000
3f8d2800
3f95a000
3f87b800
3f97e000
3f85e800
3f9fc000
3f7f2000
3fa56000
3f761000
3fa9e000
3f6ed000
3fb1c000
3f622000
3fb70000
3f5dc000
3fbb8000
3f590000
3fc36000
3f50b000
3fc7e000
3f4bf000
3fcd8000
3f460000
3fd56000
3f3db000
3fd74000
3f3bf000
3fdf2000
3f35d000
3fe70000
3f2fb000
3fe94000
3f2df000
3ff12000
3f27d000
3ff90000
3f21b000
3ff9c000
3f21e000
40016000
3f1ce000
40055000
3f188000
4005e000
3f17e000
400a6000
3f12e000
3f900000
3f8e1000
3f96c000
3f88a000
3f990000
3f86d000
3fa0e000
3f807800
3fa68000
3f77e000
3fab0000
3f70a000
3fb2e000
3f63f000
3fb86000
3f5f3000
3fbce000
3f5a7000
3fc4c000
3f522000
3fc94000
3f4d6000
3fcee000
3f477000
3fd6c000
3f3f2000
3fd8e000
3f3d3000
3fe0c000
3f371000
3fe8a000
3f30f000
3feae000
3f2f3000
3ff2c000
3f291000
3ffaa000
3f22f000
3ffba000
3f22f000
40025000
3f1df000
40064000
3f199000
4006d000
3f18f000
400b5000
3f13f000
3f900000
3f8e1000
3f96c000
3f88a000
3f990000
3f86d000
3fa0e000
3f807800
3fa68000
3f77e000
3fab0000
3f70a000
3fb2e000
3f63f000
3fb86000
3f5f3000
3fbce000
3f5a7000
3fc4c000
3f522000
3fc94000
3f4d6000
3fcee000
3f477000
3fd6c000
3f3f2000
3fd8e000
3f3d3000
3fe0c000
3f371000
3fe8a000
3f30f000
3feae000
3f2f3000
3ff2c000
3f291000
3ffaa000
3f22f000
3ffba000
3f22f000
40025000
3f1df000
40064000
3f199000
4006d000
3f18f000
400b5000
3f13f000
3f900000
3f8e1000
3f96c000
3f88a000
3f990000
3f86d000
3fa0e000
3f807800
3fa68000
3f77e000
3fab0000
3f70a000
3fb2e000
3f63f000
3fb86000
3f5f3000
3fbce000
3f5a7000
3fc4c000
3f522000
3fc94000
3f4d6000
3fcee000
3f477000
3fd6c000
3f3f2000
3fd8e000
3f3d3000
3fe0c000
3f371000
3fe8a000
3f30f000
3feae000
3f2f3000
3ff2c000
3f291000
3ffaa000
3f22f000
3ffba000
3f22f000
40025000
3f1df000
40064000
3f199000
4006d000
3f18f000
400b5000
3f13f000
3f900000
3f8e1000
3f96c000
3f88a000
3f990000
3f86d000
3fa0e000
3f807800
3fa68000
3f77e000
3fab0000
3f70a000
3fb2e000
3f63f000
3fb86000
3f5f3000
3fbce000
3f5a7000
3fc4c000
3f522000
3fc94000
3f4d6000
3fcee000
3f477000
3fd6c000
3f3f2000
3fd8e000
3f3d3000
3fe0c000
3f371000
3fe8a000
3f30f000
3feae000
3f2f3000
3ff2c000
3f291000
3ffaa000
3f22f000
3ffba000
3f22f000
40025000
3f1df000
40064000
3f199000
4006d000
3f18f000
400b5000
3f13f000
3f900000
3f8e1000
3f96c000
3f88a000
3f990000
3f86d000
3fa0e000
3f807800
3fa68000
3f77e000
3fab0000
3f70a000
3fb2e000
3f63f000
3fb86000
3f5f3000
3fbce000
3f5a7000
3fc4c000
3f522000
3fc94000
3f4d6000
3fcee000
3f477000
3fd6c000
3f3f2000
3fd8e000
3f3d3000
3fe0c000
3f371000
3fe8a000
3f30f000
3feae000
3f2f3000
3ff2c000
3f291000
3ffaa000
3f22f000
3ffba000
3f22f000
40025000
3f1df000
40064000
3f199000
4006d000
3f18f000
400b5000
3f13f000
3f900000
3f8e1000
3f96c000
3f88a000
3f990000
3f86d000
3fa0e000
3f807800
3fa68000
3f77e000
3fab0000
3f70a000
3fb2e000
3f63f000
3fb86000
3f5f3000
3fbce000
3f5a7000
3fc4c000
3f522000
3fc94000
3f4d6000
3fcee000
3f477000
3fd6c000
3f3f2000
3fd8e000
3f3d3000
3fe0c000
3f371000
3fe8a000
3f30f000
3feae000
3f2f3000
3ff2c000
3f291000
3ffaa000
3f22f000
3ffba000
3f22f000
40025000
3f1df000
40064000
3f199000
4006d000
3f18f000
400b5000
3f13f000
3f900000
3f8e1000
3f96c000
3f88a000
3f990000
3f86d000
3fa0e000
3f807800
3fa68000
3f77e000
3fab0000
3f70a000
3fb2e000
3f63f000
3fb86000
3f5f3000
3fbce000
3f5a7000
3fc4c000
3f522000
3fc94000
3f4d6000
3fcee000
3f477000
3fd6c000
3f3f2000
3fd8e000
3f3d3000
3fe0c000
3f371000
3fe8a000
3f30f000
3feae000
3f2f3000
3ff2c000
3f291000
3ffaa000
3f22f000
3ffba000
3f22f000
40025000
3f1df000
40064000
3f199000
4006d000
3f18f000
400b5000
3f13f000
3f900000
3f8e1000
3f96c000
3f88a000
3f990000
3f86d000
3fa0e000
3f807800
3fa68000
3f77e000
3fab0000
3f70a000
3fb2e000
3f63f000
3fb86000
3f5f3000
3fbce000
3f5a7000
3fc4c000
3f522000
3fc94000
3f4d6000
3fcee000
3f477000
3fd6c000
3f3f2000
3fd8e000
3f3d3000
3fe0c000
3f371000
3fe8a000
3f30f000
3feae000
3f2f3000
3ff2c000
3f291000
3ffaa000
3f22f000
3ffba000
3f22f000
40025000
3f1df000
40064000
3f199000
4006d000
3f18f000
400b5000
3f13f000
3f912000
3f8ef800
3f97e000
3f898800
3f9a2000
3f87b800
3fa20000
3f816000
3fa7a000
3f79b000
3fac2000
3f727000
3fb40000
3f65c000
3fb9c000
3f60a000
3fbe4000
3f5be000
3fc62000
3f539000
3fcaa000
3f4ed000
3fd04000
3f48e000
3fd82000
3f409000
3fda8000
3f3e7000
3fe26000
3f385000
3fea4000
3f323000
3fec8000
3f307000
3ff46000
3f2a5000
3ffc4000
3f243000
3ffd8000
3f240000
40034000
3f1f0000
40073000
3f1aa000
4007c000
3f1a0000
400c4000
3f150000
3f912000
3f8ef800
3f97e000
3f898800
3f9a2000
3f87b800
3fa20000
3f816000
3fa7a000
3f79b000
3fac2000
3f727000
3fb40000
3f65c000
3fb9c000
3f60a000
3fbe4000
3f5be000
3fc62000
3f539000
3fcaa000
3f4ed000
3fd04000
3f48e000
3fd82000
3f409000
3fda8000
3f3e7000
3fe26000
3f385000
3fea4000
3f323000
3fec8000
3f307000
3ff46000
3f2a5000
3ffc4000
3f243000
3ffd8000
3f240000
40034000
3f1f0000
40073000
3f1aa000
4007c000
3f1a0000
400c4000
3f150000
3f912000
3f8ef800
3f97e000
3f898800
3f9a2000
3f87b800
3fa20000
3f816000
3fa7a000
3f79b000
3fac2000
3f727000
3fb40000
3f65c000
3fb9c000
3f60a000
3fbe4000
3f5be000
3fc62000
3f539000
3fcaa000
3f4ed000
3fd04000
3f48e000
3fd82000
3f409000
3fda8000
3f3e7000
3fe26000
3f385000
3fea4000
3f323000
3fec8000
3f307000
3ff46000
3f2a5000
3ffc4000
3f243000
3ffd8000
3f240000
40034000
3f1f0000
40073000
3f1aa000
4007c000
3f1a0000
400c4000
3f150000
3f912000
3f8ef800
3f97e000
3f898800
3f9a2000
3f87b800
3fa20000
3f816000
3fa7a000
3f79b000
3fac2000
3f727000
3fb40000
3f65c000
3fb9c000
3f60a000
3fbe4000
3f5be000
3fc62000
3f539000
3fcaa000
3f4ed000
3fd04000
3f48e000
3fd82000
3f409000
3fda8000
3f3e7000
3fe26000
3f385000
3fea4000
3f323000
3fec8000
3f307000
3ff46000
3f2a5000
3ffc4000
3f243000
3ffd8000
3f240000
40034000
3f1f0000
40073000
3f1aa000
4007c000
3f1a0000
400c4000
3f150000
3f912000
3f8ef800
3f97e000
3f898800
3f9a2000
3f87b800
3fa20000
3f816000
3fa7a000
3f79b000
3fac2000
3f727000
3fb40000
3f65c000
3fb9c000
3f60a000
3fbe4000
3f5be000
3fc62000
3f539000
3fcaa000
3f4ed000
3fd04000
3f48e000
3fd82000
3f409000
3fda8000
3f3e7000
3fe26000
3f385000
3fea4000
3f323000
3fec8000
3f307000
3ff46000
3f2a5000
3ffc4000
3f243000
3ffd8000
3f240000
40034000
3f1f0000
40073000
3f1aa000
4007c000
3f1a0000
400c4000
3f150000
3f912000
3f8ef800
3f97e000
3f898800
3f9a2000
3f87b800
3fa20000
3f816000
3fa7a000
3f79b000
3fac2000
3f727000
3fb40000
3f65c000
3fb9c000
3f60a000
3fbe4000
3f5be000
3fc62000
3f539000
3fcaa000
3f4ed000
3fd04000
3f48e000
3fd82000
3f409000
3fda8000
3f3e7000
3fe26000
3f385000
3fea4000
3f323000
3fec8000
3f307000
3ff46000
3f2a5000
3ffc4000
3f243000
3ffd8000
3f240000
40034000
3f1f0000
40073000
3f1aa000
4007c000
3f1a0000
400c4000
3f150000
3f912000
3f8ef800
3f97e000
3f898800
3f9a2000
3f87b800
3fa20000
3f816000
3fa7a000
3f79b000
3fac2000
3f727000
3fb40000
3f65c000
3fb9c000
3f60a000
3fbe4000
3f5be000
3fc62000
3f539000
3fcaa000
3f4ed000
3fd04000
3f48e000
3fd82000
3f409000
3fda8000
3f3e7000
3fe26000
3f385000
3fea4000
3f323000
3fec8000
3f307000
3ff46000
3f2a5000
3ffc4000
3f243000
3ffd8000
3f240000
40034000
3f1f0000
40073000
3f1aa000
4007c000
3f1a0000
400c4000
3f150000
3f912000
3f8ef800
3f97e000
3f898800
3f9a2000
3f87b800
3fa20000
3f816000
3fa7a000
3f79b000
3fac2000
3f727000
3fb40000
3f65c000
3fb9c000
3f60a000
3fbe4000
3f5be000
3fc62000
3f539000
3fcaa000
3f4ed000
3fd04000
3f48e000
3fd82000
3f409000
3fda8000
3f3e7000
3fe26000
3f385000
3fea4000
3f323000
3fec8000
3f307000
3ff46000
3f2a5000
3ffc4000
3f243000
3ffd8000
3f240000
40034000
3f1f0000
40073000
3f1aa000
4007c000
3f1a0000
400c4000
3f150000
3f912000
3f8ef800
3f97e000
3f898800
3f9a2000
3f87b800
3fa20000
3f816000
3fa7a000
3f79b000
3fac2000
3f727000
3fb40000
3f65c000
3fb9c000
3f60a000
3fbe4000
3f5be000
3fc62000
3f539000
3fcaa000
3f4ed000
3fd04000
3f48e000
3fd82000
3f409000
3fda8000
3f3e7000
3fe26000
3f385000
3fea4000
3f323000
3fec8000
3f307000
3ff46000
3f2a5000
3ffc4000
3f243000
3ffd8000
3f240000
40034000
3f1f0000
40073000
3f1aa000
4007c000
3f1a0000
400c4000
3f150000
3f912000
3f8ef800
3f97e000
3f898800
3f9a2000
3f87b800
3fa20000
3f816000
3fa7a000
3f79b000
3fac2000
3f727000
3fb40000
3f65c000
3fb9c000
3f60a000
3fbe4000
3f5be000
3fc62000
3f539000
3fcaa000
3f4ed000
3fd04000
3f48e000
3fd82000
3f409000
3fda8000
3f3e7000
3fe26000
3f385000
3fea4000
3f323000
3fec8000
3f307000
3ff46000
3f2a5000
3ffc4000
3f243000
3ffd8000
3f240000
40034000
3f1f0000
40073000
3f1aa000
4007c000
3f1a0000
400c4000
3f150000
3f912000
3f8ef800
3f97e000
3f898800
3f9a2000
3f87b800
3fa20000
3f816000
3fa7a000
3f79b000
3fac2000
3f727000
3fb40000
3f65c000
3fb9c000
3f60a000
3fbe4000
3f5be000
3fc62000
3f539000
3fcaa000
3f4ed000
3fd04000
3f48e000
3fd82000
3f409000
3fda8000
3f3e7000
3fe26000
3f385000
3fea4000
3f323000
3fec8000
3f307000
3ff46000
3f2a5000
3ffc4000
3f243000
3ffd8000
3f240000
40034000
3f1f0000
40073000
3f1aa000
4007c000
3f1a0000
400c4000
3f150000
3f912000
3f8ef800
3f97e000
3f898800
3f9a2000
3f87b800
3fa20000
3f816000
3fa7a000
3f79b000
3fac2000
3f727000
3fb40000
3f65c000
3fb9c000
3f60a000
3fbe4000
3f5be000
3fc62000
3f539000
3fcaa000
3f4ed000
3fd04000
3f48e000
3fd82000
3f409000
3fda8000
3f3e7000
3fe26000
3f385000
3fea4000
3f323000
3fec8000
3f307000
3ff46000
3f2a5000
3ffc4000
3f243000
3ffd8000
3f240000
40034000
3f1f0000
40073000
3f1aa000
4007c000
3f1a0000
400c4000
3f150000
3f924000
3f8fe000
3f990000
3f8a7000
3f9b4000
3f88a000
3fa32000
3f824800
3fa8c000
3f7b8000
3fad4000
3f744000
3fb52000
3f679000
3fbb2000
3f621000
3fbfa000
3f5d5000
3fc78000
3f550000
3fcc0000
3f504000
3fd1a000
3f4a5000
3fd98000
3f420000
3fdc2000
3f3fb000
3fe40000
3f399000
3febe000
3f337000
3fee2000
3f31b000
3ff60000
3f2b9000
3ffde000
3f257000
3fff6000
3f251000
40043000
3f201000
40082000
3f1bb000
4008b000
3f1b1000
400d3000
3f161000
3f924000
3f8fe000
3f990000
3f8a7000
3f9b4000
3f88a000
3fa32000
3f824800
3fa8c000
3f7b8000
3fad4000
3f744000
3fb52000
3f679000
3fbb2000
3f621000
3fbfa000
3f5d5000
3fc78000
3f550000
3fcc0000
3f504000
3fd1a000
3f4a5000
3fd98000
3f420000
3fdc2000
3f3fb000
3fe40000
3f399000
3febe000
3f337000
3fee2000
3f31b000
3ff60000
3f2b9000
3ffde000
3f257000
3fff6000
3f251000
40043000
3f201000
40082000
3f1bb000
4008b000
3f1b1000
400d3000
3f161000
3f948000
3f91b000
3f9b4000
3f8c4000
3f9d8000
3f8a7000
3fa56000
3f841800
3fab0000
3f7f2000
3faf8000
3f77e000
3fb76000
3f6b3000
3fbde000
3f64f000
3fc26000
3f603000
3fca4000
3f57e000
3fcec000
3f532000
3fd46000
3f4d3000
3fdc4000
3f44e000
3fdf6000
3f423000
3fe74000
3f3c1000
3fef2000
3f35f000
3ff16000
3f343000
3ff94000
3f2e1000
40009000
3f27f000
40019000
3f273000
40061000
3f223000
400a0000
3f1dd000
400a9000
3f1d3000
400f1000
3f183000
3f95a000
3f929800
3f9c6000
3f8d2800
3f9ea000
3f8b5800
3fa68000
3f850000
3fac2000
3f807800
3fb0a000
3f79b000
3fb88000
3f6d0000
3fbf4000
3f666000
3fc3c000
3f61a000
3fcba000
3f595000
3fd02000
3f549000
3fd5c000
3f4ea000
3fdda000
3f465000
3fe10000
3f437000
3fe8e000
3f3d5000
3ff0c000
3f373000
3ff30000
3f357000
3ffae000
3f2f5000
40016000
3f293000
40028000
3f284000
40070000
3f234000
400af000
3f1ee000
400b8000
3f1e4000
40100000
3f194000
3f95a000
3f929800
3f9c6000
3f8d2800
3f9ea000
3f8b5800
3fa68000
3f850000
3fac2000
3f807800
3fb0a000
3f79b000
3fb88000
3f6d0000
3fbf4000
3f666000
3fc3c000
3f61a000
3fcba000
3f595000
3fd02000
3f549000
3fd5c000
3f4ea000
3fdda000
3f465000
3fe10000
3f437000
3fe8e000
3f3d5000
3ff0c000
3f373000
3ff30000
3f357000
3ffae000
3f2f5000
40016000
3f293000
40028000
3f284000
40070000
3f234000
400af000
3f1ee000
400b8000
3f1e4000
40100000
3f194000
3f97e000
3f946800
3f9ea000
3f8ef800
3fa0e000
3f8d2800
3fa8c000
3f86d000
3fae6000
3f824800
3fb2e000
3f7d5000
3fbac000
3f70a000
3fc20000
3f694000
3fc68000
3f648000
3fce6000
3f5c3000
3fd2e000
3f577000
3fd88000
3f518000
3fe06000
3f493000
3fe44000
3f45f000
3fec2000
3f3fd000
3ff40000
3f39b000
3ff64000
3f37f000
3ffe2000
3f31d000
40030000
3f2bb000
40046000
3f2a6000
4008e000
3f256000
400cd000
3f210000
400d6000
3f206000
4011e000
3f1b6000
3f990000
3f955000
3f9fc000
3f8fe000
3fa20000
3f8e1000
3fa9e000
3f87b800
3faf8000
3f833000
3fb40000
3f7f2000
3fbbe000
3f727000
3fc36000
3f6ab000
3fc7e000
3f65f000
3fcfc000
3f5da000
3fd44000
3f58e000
3fd9e000
3f52f000
3fe1c000
3f4aa000
3fe5e000
3f473000
3fedc000
3f411000
3ff5a000
3f3af000
3ff7e000
3f393000
3fffc000
3f331000
4003d000
3f2cf000
40055000
3f2b7000
4009d000
3f267000
400dc000
3f221000
400e5000
3f217000
4012d000
3f1c7000
3f990000
3f955000
3f9fc000
3f8fe000
3fa20000
3f8e1000
3fa9e000
3f87b800
3faf8000
3f833000
3fb40000
3f7f2000
3fbbe000
3f727000
3fc36000
3f6ab000
3fc7e000
3f65f000
3fcfc000
3f5da000
3fd44000
3f58e000
3fd9e000
3f52f000
3fe1c000
3f4aa000
3fe5e000
3f473000
3fedc000
3f411000
3ff5a000
3f3af000
3ff7e000
3f393000
3fffc000
3f331000
4003d000
3f2cf000
40055000
3f2b7000
4009d000
3f267000
400dc000
3f221000
400e5000
3f217000
4012d000
3f1c7000
3f990000
3f955000
3f9fc000
3f8fe000
3fa20000
3f8e1000
3fa9e000
3f87b800
3faf8000
3f833000
3fb40000
3f7f2000
3fbbe000
3f727000
3fc36000
3f6ab000
3fc7e000
3f65f000
3fcfc000
3f5da000
3fd44000
3f58e000
3fd9e000
3f52f000
3fe1c000
3f4aa000
3fe5e000
3f473000
3fedc000
3f411000
3ff5a000
3f3af000
3ff7e000
3f393000
3fffc000
3f331000
4003d000
3f2cf000
40055000
3f2b7000
4009d000
3f267000
400dc000
3f221000
400e5000
3f217000
4012d000
3f1c7000
3f990000
3f955000
3f9fc000
3f8fe000
3fa20000
3f8e1000
3fa9e000
3f87b800
3faf8000
3f833000
3fb40000
3f7f2000
3fbbe000
3f727000
3fc36000
3f6ab000
3fc7e000
3f65f000
3fcfc000
3f5da000
3fd44000
3f58e000
3fd9e000
3f52f000
3fe1c000
3f4aa000
3fe5e000
3f473000
3fedc000
3f411000
3ff5a000
3f3af000
3ff7e000
3f393000
3fffc000
3f331000
4003d000
3f2cf000
40055000
3f2b7000
4009d000
3f267000
400dc000
3f221000
400e5000
3f217000
4012d000
3f1c7000
3f990000
3f955000
3f9fc000
3f8fe000
3fa20000
3f8e1000
3fa9e000
3f87b800
3faf8000
3f833000
3fb40000
3f7f2000
3fbbe000
3f727000
3fc36000
3f6ab000
3fc7e000
3f65f000
3fcfc000
3f5da000
3fd44000
3f58e000
3fd9e000
3f52f000
3fe1c000
3f4aa000
3fe5e000
3f473000
3fedc000
3f411000
3ff5a000
3f3af000
3ff7e000
3f393000
3fffc000
3f331000
4003d000
3f2cf000
40055000
3f2b7000
4009d000
3f267000
400dc000
3f221000
400e5000
3f217000
4012d000
3f1c7000
3f990000
3f955000
3f9fc000
3f8fe000
3fa20000
3f8e1000
3fa9e000
3f87b800
3faf8000
3f833000
3fb40000
3f7f2000
3fbbe000
3f727000
3fc36000
3f6ab000
3fc7e000
3f65f000
3fcfc000
3f5da000
3fd44000
3f58e000
3fd9e000
3f52f000
3fe1c000
3f4aa000
3fe5e000
3f473000
3fedc000
3f411000
3ff5a000
3f3af000
3ff7e000
3f393000
3fffc000
3f331000
4003d000
3f2cf000
40055000
3f2b7000
4009d000
3f267000
400dc000
3f221000
400e5000
3f217000
4012d000
3f1c7000
3f990000
3f955000
3f9fc000
3f8fe000
3fa20000
3f8e1000
3fa9e000
3f87b800
3faf8000
3f833000
3fb40000
3f7f2000
3fbbe000
3f727000
3fc36000
3f6ab000
3fc7e000
3f65f000
3fcfc000
3f5da000
3fd44000
3f58e000
3fd9e000
3f52f000
3fe1c000
3f4aa000
3fe5e000
3f473000
3fedc000
3f411000
3ff5a000
3f3af000
3ff7e000
3f393000
3fffc000
3f331000
4003d000
3f2cf000
40055000
3f2b7000
4009d000
3f267000
400dc000
3f221000
400e5000
3f217000
4012d000
3f1c7000
3f990000
3f955000
3f9fc000
3f8fe000
3fa20000
3f8e1000
3fa9e000
3f87b800
3faf8000
3f833000
3fb40000
3f7f2000
3fbbe000
3f727000
3fc36000
3f6ab000
3fc7e000
3f65f000
3fcfc000
3f5da000
3fd44000
3f58e000
3fd9e000
3f52f000
3fe1c000
3f4aa000
3fe5e000
3f473000
3fedc000
3f411000
3ff5a000
3f3af000
3ff7e000
3f393000
3fffc000
3f331000
4003d000
3f2cf000
40055000
3f2b7000
4009d000
3f267000
400dc000
3f221000
400e5000
3f217000
4012d000
3f1c7000
3f9a2000
3f963800
3fa0e000
3f90c800
3fa32000
3f8ef800
3fab0000
3f88a000
3fb0a000
3f841800
3fb52000
3f807800
3fbd0000
3f744000
3fc4c000
3f6c2000
3fc94000
3f676000
3fd12000
3f5f1000
3fd5a000
3f5a5000
3fdb4000
3f546000
3fe32000
3f4c1000
3fe78000
3f487000
3fef6000
3f425000
3ff74000
3f3c3000
3ff98000
3f3a7000
4000b000
3f345000
4004a000
3f2e3000
40064000
3f2c8000
400ac000
3f278000
400eb000
3f232000
400f4000
3f228000
4013c000
3f1d8000
3f9a2000
3f963800
3fa0e000
3f90c800
3fa32000
3f8ef800
3fab0000
3f88a000
3fb0a000
3f841800
3fb52000
3f807800
3fbd0000
3f744000
3fc4c000
3f6c2000
3fc94000
3f676000
3fd12000
3f5f1000
3fd5a000
3f5a5000
3fdb4000
3f546000
3fe32000
3f4c1000
3fe78000
3f487000
3fef6000
3f425000
3ff74000
3f3c3000
3ff98000
3f3a7000
4000b000
3f345000
4004a000
3f2e3000
40064000
3f2c8000
400ac000
3f278000
400eb000
3f232000
400f4000
3f228000
4013c000
3f1d8000
3f9a2000
3f963800
3fa0e000
3f90c800
3fa32000
3f8ef800
3fab0000
3f88a000
3fb0a000
3f841800
3fb52000
3f807800
3fbd0000
3f744000
3fc4c000
3f6c2000
3fc94000
3f676000
3fd12000
3f5f1000
3fd5a000
3f5a5000
3fdb4000
3f546000
3fe32000
3f4c1000
3fe78000
3f487000
3fef6000
3f425000
3ff74000
3f3c3000
3ff98000
3f3a7000
4000b000
3f345000
4004a000
3f2e3000
40064000
3f2c8000
400ac000
3f278000
400eb000
3f232000
400f4000
3f228000
4013c000
3f1d8000
3f9a2000
3f963800
3fa0e000
3f90c800
3fa32000
3f8ef800
3fab0000
3f88a000
3fb0a000
3f841800
3fb52000
3f807800
3fbd0000
3f744000
3fc4c000
3f6c2000
3fc94000
3f676000
3fd12000
3f5f1000
3fd5a000
3f5a5000
3fdb4000
3f546000
3fe32000
3f4c1000
3fe78000
3f487000
3fef6000
3f425000
3ff74000
3f3c3000
3ff98000
3f3a7000
4000b000
3f345000
4004a000
3f2e3000
40064000
3f2c8000
400ac000
3f278000
400eb000
3f232000
400f4000
3f228000
4013c000
3f1d8000
3f9a2000
3f963800
3fa0e000
3f90c800
3fa32000
3f8ef800
3fab0000
3f88a000
3fb0a000
3f841800
3fb52000
3f807800
3fbd0000
3f744000
3fc4c000
3f6c2000
3fc94000
3f676000
3fd12000
3f5f1000
3fd5a000
3f5a5000
3fdb4000
3f546000
3fe32000
3f4c1000
3fe78000
3f487000
3fef6000
3f425000
3ff74000
3f3c3000
3ff98000
3f3a7000
4000b000
3f345000
4004a000
3f2e3000
40064000
3f2c8000
400ac000
3f278000
400eb000
3f232000
400f4000
3f228000
4013c000
3f1d8000
3f9a2000
3f963800
3fa0e000
3f90c800
3fa32000
3f8ef800
3fab0000
3f88a000
3fb0a000
3f841800
3fb52000
3f807800
3fbd0000
3f744000
3fc4c000
3f6c2000
3fc94000
3f676000
3fd12000
3f5f1000
3fd5a000
3f5a5000
3fdb4000
3f546000
3fe32000
3f4c1000
3fe78000
3f487000
3fef6000
3f425000
3ff74000
3f3c3000
3ff98000
3f3a7000
4000b000
3f345000
4004a000
3f2e3000
40064000
3f2c8000
400ac000
3f278000
400eb000
3f232000
400f4000
3f228000
4013c000
3f1d8000
3f9a2000
3f963800
3fa0e000
3f90c800
3fa32000
3f8ef800
3fab0000
3f88a000
3fb0a000
3f841800
3fb52000
3f807800
3fbd0000
3f744000
3fc4c000
3f6c2000
3fc94000
3f676000
3fd12000
3f5f1000
3fd5a000
3f5a5000
3fdb4000
3f546000
3fe32000
3f4c1000
3fe78000
3f487000
3fef6000
3f425000
3ff74000
3f3c3000
3ff98000
3f3a7000
4000b000
3f345000
4004a000
3f2e3000
40064000
3f2c8000
400ac000
3f278000
400eb000
3f232000
400f4000
3f228000
4013c000
3f1d8000
3f9a2000
3f963800
3fa0e000
3f90c800
3fa32000
3f8ef800
3fab0000
3f88a000
3fb0a000
3f841800
3fb52000
3f807800
3fbd0000
3f744000
3fc4c000
3f6c2000
3fc94000
3f676000
3fd12000
3f5f1000
3fd5a000
3f5a5000
3fdb4000
3f546000
3fe32000
3f4c1000
3fe78000
3f487000
3fef6000
3f425000
3ff74000
3f3c3000
3ff98000
3f3a7000
4000b000
3f345000
4004a000
3f2e3000
40064000
3f2c8000
400ac000
3f278000
400eb000
3f232000
400f4000
3f228000
4013c000
3f1d8000
3f9a2000
3f963800
3fa0e000
3f90c800
3fa32000
3f8ef800
3fab0000
3f88a000
3fb0a000
3f841800
3fb52000
3f807800
3fbd0000
3f744000
3fc4c000
3f6c2000
3fc94000
3f676000
3fd12000
3f5f1000
3fd5a000
3f5a5000
3fdb4000
3f546000
3fe32000
3f4c1000
3fe78000
3f487000
3fef6000
3f425000
3ff74000
3f3c3000
3ff98000
3f3a7000
4000b000
3f345000
4004a000
3f2e3000
40064000
3f2c8000
400ac000
3f278000
400eb000
3f232000
400f4000
3f228000
4013c000
3f1d8000
3f9a2000
3f963800
3fa0e000
3f90c800
3fa32000
3f8ef800
3fab0000
3f88a000
3fb0a000
3f841800
3fb52000
3f807800
3fbd0000
3f744000
3fc4c000
3f6c2000
3fc94000
3f676000
3fd12000
3f5f1000
3fd5a000
3f5a5000
3fdb4000
3f546000
3fe32000
3f4c1000
3fe78000
3f487000
3fef6000
3f425000
3ff74000
3f3c3000
3ff98000
3f3a7000
4000b000
3f345000
4004a000
3f2e3000
40064000
3f2c8000
400ac000
3f278000
400eb000
3f232000
400f4000
3f228000
4013c000
3f1d8000
3f9a2000
3f963800
3fa0e000
3f90c800
3fa32000
3f8ef800
3fab0000
3f88a000
3fb0a000
3f841800
3fb52000
3f807800
3fbd0000
3f744000
3fc4c000
3f6c2000
3fc94000
3f676000
3fd12000
3f5f1000
3fd5a000
3f5a5000
3fdb4000
3f546000
3fe32000
3f4c1000
3fe78000
3f487000
3fef6000
3f425000
3ff74000
3f3c3000
3ff98000
3f3a7000
4000b000
3f345000
4004a000
3f2e3000
40064000
3f2c8000
400ac000
3f278000
400eb000
3f232000
400f4000
3f228000
4013c000
3f1d8000
3f9a2000
3f963800
3fa0e000
3f90c800
3fa32000
3f8ef800
3fab0000
3f88a000
3fb0a000
3f841800
3fb52000
3f807800
3fbd0000
3f744000
3fc4c000
3f6c2000
3fc94000
3f676000
3fd12000
3f5f1000
3fd5a000
3f5a5000
3fdb4000
3f546000
3fe32000
3f4c1000
3fe78000
3f487000
3fef6000
3f425000
3ff74000
3f3c3000
3ff98000
3f3a7000
4000b000
3f345000
4004a000
3f2e3000
40064000
3f2c8000
400ac000
3f278000
400eb000
3f232000
400f4000
3f228000
4013c000
3f1d8000
3f9b4000
3f972000
3fa20000
3f91b000
3fa44000
3f8fe000
3fac2000
3f898800
3fb1c000
3f850000
3fb64000
3f816000
3fbe2000
3f761000
3fc62000
3f6d9000
3fcaa000
3f68d000
3fd28000
3f608000
3fd70000
3f5bc000
3fdca000
3f55d000
3fe48000
3f4d8000
3fe92000
3f49b000
3ff10000
3f439000
3ff8e000
3f3d7000
3ffb2000
3f3bb000
40018000
3f359000
40057000
3f2f7000
40073000
3f2d9000
400bb000
3f289000
400fa000
3f243000
40103000
3f239000
4014b000
3f1e9000
3f9b4000
3f972000
3fa20000
3f91b000
3fa44000
3f8fe000
3fac2000
3f898800
3fb1c000
3f850000
3fb64000
3f816000
3fbe2000
3f761000
3fc62000
3f6d9000
3fcaa000
3f68d000
3fd28000
3f608000
3fd70000
3f5bc000
3fdca000
3f55d000
3fe48000
3f4d8000
3fe92000
3f49b000
3ff10000
3f439000
3ff8e000
3f3d7000
3ffb2000
3f3bb000
40018000
3f359000
40057000
3f2f7000
40073000
3f2d9000
400bb000
3f289000
400fa000
3f243000
40103000
3f239000
4014b000
3f1e9000
3f9d8000
3f98f000
3fa44000
3f938000
3fa68000
3f91b000
3fae6000
3f8b5800
3fb40000
3f86d000
3fb88000
3f833000
3fc06000
3f79b000
3fc8e000
3f707000
3fcd6000
3f6bb000
3fd54000
3f636000
3fd9c000
3f5ea000
3fdf6000
3f58b000
3fe74000
3f506000
3fec6000
3f4c3000
3ff44000
3f461000
3ffc2000
3f3ff000
3ffe6000
3f3e3000
40032000
3f381000
40071000
3f31f000
40091000
3f2fb000
400d9000
3f2ab000
40118000
3f265000
40121000
3f25b000
40169000
3f20b000
3f9ea000
3f99d800
3fa56000
3f946800
3fa7a000
3f929800
3faf8000
3f8c4000
3fb52000
3f87b800
3fb9a000
3f841800
3fc18000
3f7b8000
3fca4000
3f71e000
3fcec000
3f6d2000
3fd6a000
3f64d000
3fdb2000
3f601000
3fe0c000
3f5a2000
3fe8a000
3f51d000
3fee0000
3f4d7000
3ff5e000
3f475000
3ffdc000
3f413000
40000000
3f3f7000
4003f000
3f395000
4007e000
3f333000
400a0000
3f30c000
400e8000
3f2bc000
40127000
3f276000
40130000
3f26c000
40178000
3f21c000
3f9ea000
3f99d800
3fa56000
3f946800
3fa7a000
3f929800
3faf8000
3f8c4000
3fb52000
3f87b800
3fb9a000
3f841800
3fc18000
3f7b8000
3fca4000
3f71e000
3fcec000
3f6d2000
3fd6a000
3f64d000
3fdb2000
3f601000
3fe0c000
3f5a2000
3fe8a000
3f51d000
3fee0000
3f4d7000
3ff5e000
3f475000
3ffdc000
3f413000
40000000
3f3f7000
4003f000
3f395000
4007e000
3f333000
400a0000
3f30c000
400e8000
3f2bc000
40127000
3f276000
40130000
3f26c000
40178000
3f21c000
3fa0e000
3f9ba800
3fa7a000
3f963800
3fa9e000
3f946800
3fb1c000
3f8e1000
3fb76000
3f898800
3fbbe000
3f85e800
3fc3c000
3f7f2000
3fcd0000
3f74c000
3fd18000
3f700000
3fd96000
3f67b000
3fdde000
3f62f000
3fe38000
3f5d0000
3feb6000
3f54b000
3ff14000
3f4ff000
3ff92000
3f49d000
40008000
3f43b000
4001a000
3f41f000
40059000
3f3bd000
40098000
3f35b000
400be000
3f32e000
40106000
3f2de000
40145000
3f298000
4014e000
3f28e000
40196000
3f23e000
3fa20000
3f9c9000
3fa8c000
3f972000
3fab0000
3f955000
3fb2e000
3f8ef800
3fb88000
3f8a7000
3fbd0000
3f86d000
3fc4e000
3f807800
3fce6000
3f763000
3fd2e000
3f717000
3fdac000
3f692000
3fdf4000
3f646000
3fe4e000
3f5e7000
3fecc000
3f562000
3ff2e000
3f513000
3ffac000
3f4b1000
40015000
3f44f000
40027000
3f433000
40066000
3f3d1000
400a5000
3f36f000
400cd000
3f33f000
40115000
3f2ef000
40154000
3f2a9000
4015d000
3f29f000
401a5000
3f24f000
3fa20000
3f9c9000
3fa8c000
3f972000
3fab0000
3f955000
3fb2e000
3f8ef800
3fb88000
3f8a7000
3fbd0000
3f86d000
3fc4e000
3f807800
3fce6000
3f763000
3fd2e000
3f717000
3fdac000
3f692000
3fdf4000
3f646000
3fe4e000
3f5e7000
3fecc000
3f562000
3ff2e000
3f513000
3ffac000
3f4b1000
40015000
3f44f000
40027000
3f433000
40066000
3f3d1000
400a5000
3f36f000
400cd000
3f33f000
40115000
3f2ef000
40154000
3f2a9000
4015d000
3f29f000
401a5000
3f24f000
3fa20000
3f9c9000
3fa8c000
3f972000
3fab0000
3f955000
3fb2e000
3f8ef800
3fb88000
3f8a7000
3fbd0000
3f86d000
3fc4e000
3f807800
3fce6000
3f763000
3fd2e000
3f717000
3fdac000
3f692000
3fdf4000
3f646000
3fe4e000
3f5e7000
3fecc000
3f562000
3ff2e000
3f513000
3ffac000
3f4b1000
40015000
3f44f000
40027000
3f433000
40066000
3f3d1000
400a5000
3f36f000
400cd000
3f33f000
40115000
3f2ef000
40154000
3f2a9000
4015d000
3f29f000
401a5000
3f24f000
3fa20000
3f9c9000
3fa8c000
3f972000
3fab0000
3f955000
3fb2e000
3f8ef800
3fb88000
3f8a7000
3fbd0000
3f86d000
3fc4e000
3f807800
3fce6000
3f763000
3fd2e000
3f717000
3fdac000
3f692000
3fdf4000
3f646000
3fe4e000
3f5e7000
3fecc000
3f562000
3ff2e000
3f513000
3ffac000
3f4b1000
40015000
3f44f000
40027000
3f433000
40066000
3f3d1000
400a5000
3f36f000
400cd000
3f33f000
40115000
3f2ef000
40154000
3f2a9000
4015d000
3f29f000
401a5000
3f24f000
3fa20000
3f9c9000
3fa8c000
3f972000
3fab0000
3f955000
3fb2e000
3f8ef800
3fb88000
3f8a7000
3fbd0000
3f86d000
3fc4e000
3f807800
3fce6000
3f763000
3fd2e000
3f717000
3fdac000
3f692000
3fdf4000
3f646000
3fe4e000
3f5e7000
3fecc000
3f562000
3ff2e000
3f513000
3ffac000
3f4b1000
40015000
3f44f000
40027000
3f433000
40066000
3f3d1000
400a5000
3f36f000
400cd000
3f33f000
40115000
3f2ef000
40154000
3f2a9000
4015d000
3f29f000
401a5000
3f24f000
3fa20000
3f9c9000
3fa8c000
3f972000
3fab0000
3f955000
3fb2e000
3f8ef800
3fb88000
3f8a7000
3fbd0000
3f86d000
3fc4e000
3f807800
3fce6000
3f763000
3fd2e000
3f717000
3fdac000
3f692000
3fdf4000
3f646000
3fe4e000
3f5e7000
3fecc000
3f562000
3ff2e000
3f513000
3ffac000
3f4b1000
40015000
3f44f000
40027000
3f433000
40066000
3f3d1000
400a5000
3f36f000
400cd000
3f33f000
40115000
3f2ef000
40154000
3f2a9000
4015d000
3f29f000
401a5000
3f24f000
3fa20000
3f9c9000
3fa8c000
3f972000
3fab0000
3f955000
3fb2e000
3f8ef800
3fb88000
3f8a7000
3fbd0000
3f86d000
3fc4e000
3f807800
3fce6000
3f763000
3fd2e000
3f717000
3fdac000
3f692000
3fdf4000
3f646000
3fe4e000
3f5e7000
3fecc000
3f562000
3ff2e000
3f513000
3ffac000
3f4b1000
40015000
3f44f000
40027000
3f433000
40066000
3f3d1000
400a5000
3f36f000
400cd000
3f33f000
40115000
3f2ef000
40154000
3f2a9000
4015d000
3f29f000
401a5000
3f24f000
3fa20000
3f9c9000
3fa8c000
3f972000
3fab0000
3f955000
3fb2e000
3f8ef800
3fb88000
3f8a7000
3fbd0000
3f86d000
3fc4e000
3f807800
3fce6000
3f763000
3fd2e000
3f717000
3fdac000
3f692000
3fdf4000
3f646000
3fe4e000
3f5e7000
3fecc000
3f562000
3ff2e000
3f513000
3ffac000
3f4b1000
40015000
3f44f000
40027000
3f433000
40066000
3f3d1000
400a5000
3f36f000
400cd000
3f33f000
40115000
3f2ef000
40154000
3f2a9000
4015d000
3f29f000
401a5000
3f24f000
3f9f4000
3fa00000
3fa78000
3f997000
3faa4000
3f974000
3fb3e000
3f8f9800
3fbac000
3f8a2000
3fc04000
3f85c000
3fc9e000
3f7c3000
3fcce000
3f7b6000
3fd26000
3f75a000
3fdc0000
3f6b9000
3fe18000
3f65d000
3fe86000
3f5ea000
3ff20000
3f549000
3ff0e000
3f54b000
3ffa8000
3f4d4000
40021000
3f45d000
40037000
3f43b000
40084000
3f3c4000
400d1000
3f34d000
400bd000
3f383000
40115000
3f31b000
40162000
3f2c0000
4016d000
3f2b3000
401c5000
3f24b000
3f9f4000
3fa00000
3fa78000
3f997000
3faa4000
3f974000
3fb3e000
3f8f9800
3fbac000
3f8a2000
3fc04000
3f85c000
3fc9e000
3f7c3000
3fcce000
3f7b6000
3fd26000
3f75a000
3fdc0000
3f6b9000
3fe18000
3f65d000
3fe86000
3f5ea000
3ff20000
3f549000
3ff0e000
3f54b000
3ffa8000
3f4d4000
40021000
3f45d000
40037000
3f43b000
40084000
3f3c4000
400d1000
3f34d000
400bd000
3f383000
40115000
3f31b000
40162000
3f2c0000
4016d000
3f2b3000
401c5000
3f24b000
3f9f4000
3fa00000
3fa78000
3f997000
3faa4000
3f974000
3fb3e000
3f8f9800
3fbac000
3f8a2000
3fc04000
3f85c000
3fc9e000
3f7c3000
3fcce000
3f7b6000
3fd26000
3f75a000
3fdc0000
3f6b9000
3fe18000
3f65d000
3fe86000
3f5ea000
3ff20000
3f549000
3ff0e000
3f54b000
3ffa8000
3f4d4000
40021000
3f45d000
40037000
3f43b000
40084000
3f3c4000
400d1000
3f34d000
400bd000
3f383000
40115000
3f31b000
40162000
3f2c0000
4016d000
3f2b3000
401c5000
3f24b000
3f9f4000
3fa00000
3fa78000
3f997000
3faa4000
3f974000
3fb3e000
3f8f9800
3fbac000
3f8a2000
3fc04000
3f85c000
3fc9e000
3f7c3000
3fcce000
3f7b6000
3fd26000
3f75a000
3fdc0000
3f6b9000
3fe18000
3f65d000
3fe86000
3f5ea000
3ff20000
3f549000
3ff0e000
3f54b000
3ffa8000
3f4d4000
40021000
3f45d000
40037000
3f43b000
40084000
3f3c4000
400d1000
3f34d000
400bd000
3f383000
40115000
3f31b000
40162000
3f2c0000
4016d000
3f2b3000
401c5000
3f24b000
3f9f4000
3fa00000
3fa78000
3f997000
3faa4000
3f974000
3fb3e000
3f8f9800
3fbac000
3f8a2000
3fc04000
3f85c000
3fc9e000
3f7c3000
3fcce000
3f7b6000
3fd26000
3f75a000
3fdc0000
3f6b9000
3fe18000
3f65d000
3fe86000
3f5ea000
3ff20000
3f549000
3ff0e000
3f54b000
3ffa8000
3f4d4000
40021000
3f45d000
40037000
3f43b000
40084000
3f3c4000
400d1000
3f34d000
400bd000
3f383000
40115000
3f31b000
40162000
3f2c0000
4016d000
3f2b3000
401c5000
3f24b000
3f9f4000
3fa00000
3fa78000
3f997000
3faa4000
3f974000
3fb3e000
3f8f9800
3fbac000
3f8a2000
3fc04000
3f85c000
3fc9e000
3f7c3000
3fcce000
3f7b6000
3fd26000
3f75a000
3fdc0000
3f6b9000
3fe18000
3f65d000
3fe86000
3f5ea000
3ff20000
3f549000
3ff0e000
3f54b000
3ffa8000
3f4d4000
40021000
3f45d000
40037000
3f43b000
40084000
3f3c4000
400d1000
3f34d000
400bd000
3f383000
40115000
3f31b000
40162000
3f2c0000
4016d000
3f2b3000
401c5000
3f24b000
3f9f4000
3fa00000
3fa78000
3f997000
3faa4000
3f974000
3fb3e000
3f8f9800
3fbac000
3f8a2000
3fc04000
3f85c000
3fc9e000
3f7c3000
3fcce000
3f7b6000
3fd26000
3f75a000
3fdc0000
3f6b9000
3fe18000
3f65d000
3fe86000
3f5ea000
3ff20000
3f549000
3ff0e000
3f54b000
3ffa8000
3f4d4000
40021000
3f45d000
40037000
3f43b000
40084000
3f3c4000
400d1000
3f34d000
400bd000
3f383000
40115000
3f31b000
40162000
3f2c0000
4016d000
3f2b3000
401c5000
3f24b000
3f9f4000
3fa00000
3fa78000
3f997000
3faa4000
3f974000
3fb3e000
3f8f9800
3fbac000
3f8a2000
3fc04000
3f85c000
3fc9e000
3f7c3000
3fcce000
3f7b6000
3fd26000
3f75a000
3fdc0000
3f6b9000
3fe18000
3f65d000
3fe86000
3f5ea000
3ff20000
3f549000
3ff0e000
3f54b000
3ffa8000
3f4d4000
40021000
3f45d000
40037000
3f43b000
40084000
3f3c4000
400d1000
3f34d000
400bd000
3f383000
40115000
3f31b000
40162000
3f2c0000
4016d000
3f2b3000
401c5000
3f24b000
3f9f4000
3fa00000
3fa78000
3f997000
3faa4000
3f974000
3fb3e000
3f8f9800
3fbac000
3f8a2000
3fc04000
3f85c000
3fc9e000
3f7c3000
3fcce000
3f7b6000
3fd26000
3f75a000
3fdc0000
3f6b9000
3fe18000
3f65d000
3fe86000
3f5ea000
3ff20000
3f549000
3ff0e000
3f54b000
3ffa8000
3f4d4000
40021000
3f45d000
40037000
3f43b000
40084000
3f3c4000
400d1000
3f34d000
400bd000
3f383000
40115000
3f31b000
40162000
3f2c0000
4016d000
3f2b3000
401c5000
3f24b000
3f9f4000
3fa00000
3fa78000
3f997000
3faa4000
3f974000
3fb3e000
3f8f9800
3fbac000
3f8a2000
3fc04000
3f85c000
3fc9e000
3f7c3000
3fcce000
3f7b6000
3fd26000
3f75a000
3fdc0000
3f6b9000
3fe18000
3f65d000
3fe86000
3f5ea000
3ff20000
3f549000
3ff0e000
3f54b000
3ffa8000
3f4d4000
40021000
3f45d000
40037000
3f43b000
40084000
3f3c4000
400d1000
3f34d000
400bd000
3f383000
40115000
3f31b000
40162000
3f2c0000
4016d000
3f2b3000
401c5000
3f24b000
3f9f4000
3fa00000
3fa78000
3f997000
3faa4000
3f974000
3fb3e000
3f8f9800
3fbac000
3f8a2000
3fc04000
3f85c000
3fc9e000
3f7c3000
3fcce000
3f7b6000
3fd26000
3f75a000
3fdc0000
3f6b9000
3fe18000
3f65d000
3fe86000
3f5ea000
3ff20000
3f549000
3ff0e000
3f54b000
3ffa8000
3f4d4000
40021000
3f45d000
40037000
3f43b000
40084000
3f3c4000
400d1000
3f34d000
400bd000
3f383000
40115000
3f31b000
40162000
3f2c0000
4016d000
3f2b3000
401c5000
3f24b000
3f9f4000
3fa00000
3fa78000
3f997000
3faa4000
3f974000
3fb3e000
3f8f9800
3fbac000
3f8a2000
3fc04000
3f85c000
3fc9e000
3f7c3000
3fcce000
3f7b6000
3fd26000
3f75a000
3fdc0000
3f6b9000
3fe18000
3f65d000
3fe86000
3f5ea000
3ff20000
3f549000
3ff0e000
3f54b000
3ffa8000
3f4d4000
40021000
3f45d000
40037000
3f43b000
40084000
3f3c4000
400d1000
3f34d000
400bd000
3f383000
40115000
3f31b000
40162000
3f2c0000
4016d000
3f2b3000
401c5000
3f24b000
3fa06000
3fa0e800
3fa8a000
3f9a5800
3fab6000
3f982800
3fb50000
3f908000
3fbbe000
3f8b0800
3fc16000
3f86a800
3fcb0000
3f7e0000
3fce4000
3f7cd000
3fd3c000
3f771000
3fdd6000
3f6d0000
3fe2e000
3f674000
3fe9c000
3f601000
3ff36000
3f560000
3ff28000
3f55f000
3ffc2000
3f4e8000
4002e000
3f471000
40044000
3f44f000
40091000
3f3d8000
400de000
3f361000
400cc000
3f394000
40124000
3f32c000
40171000
3f2d1000
4017c000
3f2c4000
401d4000
3f25c000
3fa06000
3fa0e800
3fa8a000
3f9a5800
3fab6000
3f982800
3fb50000
3f908000
3fbbe000
3f8b0800
3fc16000
3f86a800
3fcb0000
3f7e0000
3fce4000
3f7cd000
3fd3c000
3f771000
3fdd6000
3f6d0000
3fe2e000
3f674000
3fe9c000
3f601000
3ff36000
3f560000
3ff28000
3f55f000
3ffc2000
3f4e8000
4002e000
3f471000
40044000
3f44f000
40091000
3f3d8000
400de000
3f361000
400cc000
3f394000
40124000
3f32c000
40171000
3f2d1000
4017c000
3f2c4000
401d4000
3f25c000
3fa2a000
3fa2b800
3faae000
3f9c2800
3fada000
3f99f800
3fb74000
3f925000
3fbe2000
3f8cd800
3fc3a000
3f887800
3fcd4000
3f80d000
3fd10000
3f7fb000
3fd68000
3f79f000
3fe02000
3f6fe000
3fe5a000
3f6a2000
3fec8000
3f62f000
3ff62000
3f58e000
3ff5c000
3f587000
3fff6000
3f510000
40048000
3f499000
4005e000
3f477000
400ab000
3f400000
400f8000
3f389000
400ea000
3f3b6000
40142000
3f34e000
4018f000
3f2f3000
4019a000
3f2e6000
401f2000
3f27e000
3fa3c000
3fa3a000
3fac0000
3f9d1000
3faec000
3f9ae000
3fb86000
3f933800
3fbf4000
3f8dc000
3fc4c000
3f896000
3fce6000
3f81b800
3fd26000
3f809000
3fd7e000
3f7b6000
3fe18000
3f715000
3fe70000
3f6b9000
3fede000
3f646000
3ff78000
3f5a5000
3ff76000
3f59b000
40008000
3f524000
40055000
3f4ad000
4006b000
3f48b000
400b8000
3f414000
40105000
3f39d000
400f9000
3f3c7000
40151000
3f35f000
4019e000
3f304000
401a9000
3f2f7000
40201000
3f28f000
3fa3c000
3fa3a000
3fac0000
3f9d1000
3faec000
3f9ae000
3fb86000
3f933800
3fbf4000
3f8dc000
3fc4c000
3f896000
3fce6000
3f81b800
3fd26000
3f809000
3fd7e000
3f7b6000
3fe18000
3f715000
3fe70000
3f6b9000
3fede000
3f646000
3ff78000
3f5a5000
3ff76000
3f59b000
40008000
3f524000
40055000
3f4ad000
4006b000
3f48b000
400b8000
3f414000
40105000
3f39d000
400f9000
3f3c7000
40151000
3f35f000
4019e000
3f304000
401a9000
3f2f7000
40201000
3f28f000
3fa60000
3fa57000
3fae4000
3f9ee000
3fb10000
3f9cb000
3fbaa000
3f950800
3fc18000
3f8f9000
3fc70000
3f8b3000
3fd0a000
3f838800
3fd52000
3f820000
3fdaa000
3f7e4000
3fe44000
3f743000
3fe9c000
3f6e7000
3ff0a000
3f674000
3ffa4000
3f5d3000
3ffaa000
3f5c3000
40022000
3f54c000
4006f000
3f4d5000
40085000
3f4b3000
400d2000
3f43c000
4011f000
3f3c5000
40117000
3f3e9000
4016f000
3f381000
401bc000
3f326000
401c7000
3f319000
4021f000
3f2b1000
3fa72000
3fa65800
3faf6000
3f9fc800
3fb22000
3f9d9800
3fbbc000
3f95f000
3fc2a000
3f907800
3fc82000
3f8c1800
3fd1c000
3f847000
3fd68000
3f82b800
3fdc0000
3f7fb000
3fe5a000
3f75a000
3feb2000
3f6fe000
3ff20000
3f68b000
3ffba000
3f5ea000
3ffc4000
3f5d7000
4002f000
3f560000
4007c000
3f4e9000
40092000
3f4c7000
400df000
3f450000
4012c000
3f3d9000
40126000
3f3fa000
4017e000
3f392000
401cb000
3f337000
401d6000
3f32a000
4022e000
3f2c2000
3fa72000
3fa65800
3faf6000
3f9fc800
3fb22000
3f9d9800
3fbbc000
3f95f000
3fc2a000
3f907800
3fc82000
3f8c1800
3fd1c000
3f847000
3fd68000
3f82b800
3fdc0000
3f7fb000
3fe5a000
3f75a000
3feb2000
3f6fe000
3ff20000
3f68b000
3ffba000
3f5ea000
3ffc4000
3f5d7000
4002f000
3f560000
4007c000
3f4e9000
40092000
3f4c7000
400df000
3f450000
4012c000
3f3d9000
40126000
3f3fa000
4017e000
3f392000
401cb000
3f337000
401d6000
3f32a000
4022e000
3f2c2000
3fa72000
3fa65800
3faf6000
3f9fc800
3fb22000
3f9d9800
3fbbc000
3f95f000
3fc2a000
3f907800
3fc82000
3f8c1800
3fd1c000
3f847000
3fd68000
3f82b800
3fdc0000
3f7fb000
3fe5a000
3f75a000
3feb2000
3f6fe000
3ff20000
3f68b000
3ffba000
3f5ea000
3ffc4000
3f5d7000
4002f000
3f560000
4007c000
3f4e9000
40092000
3f4c7000
400df000
3f450000
4012c000
3f3d9000
40126000
3f3fa000
4017e000
3f392000
401cb000
3f337000
401d6000
3f32a000
4022e000
3f2c2000
3fa72000
3fa65800
3faf6000
3f9fc800
3fb22000
3f9d9800
3fbbc000
3f95f000
3fc2a000
3f907800
3fc82000
3f8c1800
3fd1c000
3f847000
3fd68000
3f82b800
3fdc0000
3f7fb000
3fe5a000
3f75a000
3feb2000
3f6fe000
3ff20000
3f68b000
3ffba000
3f5ea000
3ffc4000
3f5d7000
4002f000
3f560000
4007c000
3f4e9000
40092000
3f4c7000
400df000
3f450000
4012c000
3f3d9000
40126000
3f3fa000
4017e000
3f392000
401cb000
3f337000
401d6000
3f32a000
4022e000
3f2c2000
3fa72000
3fa65800
3faf6000
3f9fc800
3fb22000
3f9d9800
3fbbc000
3f95f000
3fc2a000
3f907800
3fc82000
3f8c1800
3fd1c000
3f847000
3fd68000
3f82b800
3fdc0000
3f7fb000
3fe5a000
3f75a000
3feb2000
3f6fe000
3ff20000
3f68b000
3ffba000
3f5ea000
3ffc4000
3f5d7000
4002f000
3f560000
4007c000
3f4e9000
40092000
3f4c7000
400df000
3f450000
4012c000
3f3d9000
40126000
3f3fa000
4017e000
3f392000
401cb000
3f337000
401d6000
3f32a000
4022e000
3f2c2000
3fa72000
3fa65800
3faf6000
3f9fc800
3fb22000
3f9d9800
3fbbc000
3f95f000
3fc2a000
3f907800
3fc82000
3f8c1800
3fd1c000
3f847000
3fd68000
3f82b800
3fdc0000
3f7fb000
3fe5a000
3f75a000
3feb2000
3f6fe000
3ff20000
3f68b000
3ffba000
3f5ea000
3ffc4000
3f5d7000
4002f000
3f560000
4007c000
3f4e9000
40092000
3f4c7000
400df000
3f450000
4012c000
3f3d9000
40126000
3f3fa000
4017e000
3f392000
401cb000
3f337000
401d6000
3f32a000
4022e000
3f2c2000
3fa72000
3fa65800
3faf6000
3f9fc800
3fb22000
3f9d9800
3fbbc000
3f95f000
3fc2a000
3f907800
3fc82000
3f8c1800
3fd1c000
3f847000
3fd68000
3f82b800
3fdc0000
3f7fb000
3fe5a000
3f75a000
3feb2000
3f6fe000
3ff20000
3f68b000
3ffba000
3f5ea000
3ffc4000
3f5d7000
4002f000
3f560000
4007c000
3f4e9000
40092000
3f4c7000
400df000
3f450000
4012c000
3f3d9000
40126000
3f3fa000
4017e000
3f392000
401cb000
3f337000
401d6000
3f32a000
4022e000
3f2c2000
3fa72000
3fa65800
3faf6000
3f9fc800
3fb22000
3f9d9800
3fbbc000
3f95f000
3fc2a000
3f907800
3fc82000
3f8c1800
3fd1c000
3f847000
3fd68000
3f82b800
3fdc0000
3f7fb000
3fe5a000
3f75a000
3feb2000
3f6fe000
3ff20000
3f68b000
3ffba000
3f5ea000
3ffc4000
3f5d7000
4002f000
3f560000
4007c000
3f4e9000
40092000
3f4c7000
400df000
3f450000
4012c000
3f3d9000
40126000
3f3fa000
4017e000
3f392000
401cb000
3f337000
401d6000
3f32a000
4022e000
3f2c2000
3fa84000
3fa74000
3fb08000
3fa0b000
3fb34000
3f9e8000
3fbce000
3f96d800
3fc3c000
3f916000
3fc94000
3f8d0000
3fd2e000
3f855800
3fd7e000
3f837000
3fdd6000
3f809000
3fe70000
3f771000
3fec8000
3f715000
3ff36000
3f6a2000
3ffd0000
3f601000
3ffde000
3f5eb000
4003c000
3f574000
40089000
3f4fd000
4009f000
3f4db000
400ec000
3f464000
40139000
3f3ed000
40135000
3f40b000
4018d000
3f3a3000
401da000
3f348000
401e5000
3f33b000
4023d000
3f2d3000
3fa84000
3fa74000
3fb08000
3fa0b000
3fb34000
3f9e8000
3fbce000
3f96d800
3fc3c000
3f916000
3fc94000
3f8d0000
3fd2e000
3f855800
3fd7e000
3f837000
3fdd6000
3f809000
3fe70000
3f771000
3fec8000
3f715000
3ff36000
3f6a2000
3ffd0000
3f601000
3ffde000
3f5eb000
4003c000
3f574000
40089000
3f4fd000
4009f000
3f4db000
400ec000
3f464000
40139000
3f3ed000
40135000
3f40b000
4018d000
3f3a3000
401da000
3f348000
401e5000
3f33b000
4023d000
3f2d3000
3fa84000
3fa74000
3fb08000
3fa0b000
3fb34000
3f9e8000
3fbce000
3f96d800
3fc3c000
3f916000
3fc94000
3f8d0000
3fd2e000
3f855800
3fd7e000
3f837000
3fdd6000
3f809000
3fe70000
3f771000
3fec8000
3f715000
3ff36000
3f6a2000
3ffd0000
3f601000
3ffde000
3f5eb000
4003c000
3f574000
40089000
3f4fd000
4009f000
3f4db000
400ec000
3f464000
40139000
3f3ed000
40135000
3f40b000
4018d000
3f3a3000
401da000
3f348000
401e5000
3f33b000
4023d000
3f2d3000
3fa84000
3fa74000
3fb08000
3fa0b000
3fb34000
3f9e8000
3fbce000
3f96d800
3fc3c000
3f916000
3fc94000
3f8d0000
3fd2e000
3f855800
3fd7e000
3f837000
3fdd6000
3f809000
3fe70000
3f771000
3fec8000
3f715000
3ff36000
3f6a2000
3ffd0000
3f601000
3ffde000
3f5eb000
4003c000
3f574000
40089000
3f4fd000
4009f000
3f4db000
400ec000
3f464000
40139000
3f3ed000
40135000
3f40b000
4018d000
3f3a3000
401da000
3f348000
401e5000
3f33b000
4023d000
3f2d3000
3fa84000
3fa74000
3fb08000
3fa0b000
3fb34000
3f9e8000
3fbce000
3f96d800
3fc3c000
3f916000
3fc94000
3f8d0000
3fd2e000
3f855800
3fd7e000
3f837000
3fdd6000
3f809000
3fe70000
3f771000
3fec8000
3f715000
3ff36000
3f6a2000
3ffd0000
3f601000
3ffde000
3f5eb000
4003c000
3f574000
40089000
3f4fd000
4009f000
3f4db000
400ec000
3f464000
40139000
3f3ed000
40135000
3f40b000
4018d000
3f3a3000
401da000
3f348000
401e5000
3f33b000
4023d000
3f2d3000
3fa84000
3fa74000
3fb08000
3fa0b000
3fb34000
3f9e8000
3fbce000
3f96d800
3fc3c000
3f916000
3fc94000
3f8d0000
3fd2e000
3f855800
3fd7e000
3f837000
3fdd6000
3f809000
3fe70000
3f771000
3fec8000
3f715000
3ff36000
3f6a2000
3ffd0000
3f601000
3ffde000
3f5eb000
4003c000
3f574000
40089000
3f4fd000
4009f000
3f4db000
400ec000
3f464000
40139000
3f3ed000
40135000
3f40b000
4018d000
3f3a3000
401da000
3f348000
401e5000
3f33b000
4023d000
3f2d3000
3fa84000
3fa74000
3fb08000
3fa0b000
3fb34000
3f9e8000
3fbce000
3f96d800
3fc3c000
3f916000
3fc94000
3f8d0000
3fd2e000
3f855800
3fd7e000
3f837000
3fdd6000
3f809000
3fe70000
3f771000
3fec8000
3f715000
3ff36000
3f6a2000
3ffd0000
3f601000
3ffde000
3f5eb000
4003c000
3f574000
40089000
3f4fd000
4009f000
3f4db000
400ec000
3f464000
40139000
3f3ed000
40135000
3f40b000
4018d000
3f3a3000
401da000
3f348000
401e5000
3f33b000
4023d000
3f2d3000
3fa84000
3fa74000
3fb08000
3fa0b000
3fb34000
3f9e8000
3fbce000
3f96d800
3fc3c000
3f916000
3fc94000
3f8d0000
3fd2e000
3f855800
3fd7e000
3f837000
3fdd6000
3f809000
3fe70000
3f771000
3fec8000
3f715000
3ff36000
3f6a2000
3ffd0000
3f601000
3ffde000
3f5eb000
4003c000
3f574000
40089000
3f4fd000
4009f000
3f4db000
400ec000
3f464000
40139000
3f3ed000
40135000
3f40b000
4018d000
3f3a3000
401da000
3f348000
401e5000
3f33b000
4023d000
3f2d3000
3fa84000
3fa74000
3fb08000
3fa0b000
3fb34000
3f9e8000
3fbce000
3f96d800
3fc3c000
3f916000
3fc94000
3f8d0000
3fd2e000
3f855800
3fd7e000
3f837000
3fdd6000
3f809000
3fe70000
3f771000
3fec8000
3f715000
3ff36000
3f6a2000
3ffd0000
3f601000
3ffde000
3f5eb000
4003c000
3f574000
40089000
3f4fd000
4009f000
3f4db000
400ec000
3f464000
40139000
3f3ed000
40135000
3f40b000
4018d000
3f3a3000
401da000
3f348000
401e5000
3f33b000
4023d000
3f2d3000
3fa84000
3fa74000
3fb08000
3fa0b000
3fb34000
3f9e8000
3fbce000
3f96d800
3fc3c000
3f916000
3fc94000
3f8d0000
3fd2e000
3f855800
3fd7e000
3f837000
3fdd6000
3f809000
3fe70000
3f771000
3fec8000
3f715000
3ff36000
3f6a2000
3ffd0000
3f601000
3ffde000
3f5eb000
4003c000
3f574000
40089000
3f4fd000
4009f000
3f4db000
400ec000
3f464000
40139000
3f3ed000
40135000
3f40b000
4018d000
3f3a3000
401da000
3f348000
401e5000
3f33b000
4023d000
3f2d3000
3fa84000
3fa74000
3fb08000
3fa0b000
3fb34000
3f9e8000
3fbce000
3f96d800
3fc3c000
3f916000
3fc94000
3f8d0000
3fd2e000
3f855800
3fd7e000
3f837000
3fdd6000
3f809000
3fe70000
3f771000
3fec8000
3f715000
3ff36000
3f6a2000
3ffd0000
3f601000
3ffde000
3f5eb000
4003c000
3f574000
40089000
3f4fd000
4009f000
3f4db000
400ec000
3f464000
40139000
3f3ed000
40135000
3f40b000
4018d000
3f3a3000
401da000
3f348000
401e5000
3f33b000
4023d000
3f2d3000
3fa84000
3fa74000
3fb08000
3fa0b000
3fb34000
3f9e8000
3fbce000
3f96d800
3fc3c000
3f916000
3fc94000
3f8d0000
3fd2e000
3f855800
3fd7e000
3f837000
3fdd6000
3f809000
3fe70000
3f771000
3fec8000
3f715000
3ff36000
3f6a2000
3ffd0000
3f601000
3ffde000
3f5eb000
4003c000
3f574000
40089000
3f4fd000
4009f000
3f4db000
400ec000
3f464000
40139000
3f3ed000
40135000
3f40b000
4018d000
3f3a3000
401da000
3f348000
401e5000
3f33b000
4023d000
3f2d3000
3fa96000
3fa82800
3fb1a000
3fa19800
3fb46000
3f9f6800
3fbe0000
3f97c000
3fc4e000
3f924800
3fca6000
3f8de800
3fd40000
3f864000
3fd94000
3f842800
3fdec000
3f814800
3fe86000
3f788000
3fede000
3f72c000
3ff4c000
3f6b9000
3ffe6000
3f618000
3fff8000
3f5ff000
40049000
3f588000
40096000
3f511000
400ac000
3f4ef000
400f9000
3f478000
40146000
3f401000
40144000
3f41c000
4019c000
3f3b4000
401e9000
3f359000
401f4000
3f34c000
4024c000
3f2e4000
3fa96000
3fa82800
3fb1a000
3fa19800
3fb46000
3f9f6800
3fbe0000
3f97c000
3fc4e000
3f924800
3fca6000
3f8de800
3fd40000
3f864000
3fd94000
3f842800
3fdec000
3f814800
3fe86000
3f788000
3fede000
3f72c000
3ff4c000
3f6b9000
3ffe6000
3f618000
3fff8000
3f5ff000
40049000
3f588000
40096000
3f511000
400ac000
3f4ef000
400f9000
3f478000
40146000
3f401000
40144000
3f41c000
4019c000
3f3b4000
401e9000
3f359000
401f4000
3f34c000
4024c000
3f2e4000
3faba000
3fa9f800
3fb3e000
3fa36800
3fb6a000
3fa13800
3fc04000
3f999000
3fc72000
3f941800
3fcca000
3f8fb800
3fd64000
3f881000
3fdc0000
3f859800
3fe18000
3f82b800
3feb2000
3f7b6000
3ff0a000
3f75a000
3ff78000
3f6e7000
40009000
3f646000
40016000
3f627000
40063000
3f5b0000
400b0000
3f539000
400c6000
3f517000
40113000
3f4a0000
40160000
3f429000
40162000
3f43e000
401ba000
3f3d6000
40207000
3f37b000
40212000
3f36e000
4026a000
3f306000
3facc000
3faae000
3fb50000
3fa45000
3fb7c000
3fa22000
3fc16000
3f9a7800
3fc84000
3f950000
3fcdc000
3f90a000
3fd76000
3f88f800
3fdd6000
3f865000
3fe2e000
3f837000
3fec8000
3f7cd000
3ff20000
3f771000
3ff8e000
3f6fe000
40014000
3f65d000
40023000
3f63b000
40070000
3f5c4000
400bd000
3f54d000
400d3000
3f52b000
40120000
3f4b4000
4016d000
3f43d000
40171000
3f44f000
401c9000
3f3e7000
40216000
3f38c000
40221000
3f37f000
40279000
3f317000
3facc000
3faae000
3fb50000
3fa45000
3fb7c000
3fa22000
3fc16000
3f9a7800
3fc84000
3f950000
3fcdc000
3f90a000
3fd76000
3f88f800
3fdd6000
3f865000
3fe2e000
3f837000
3fec8000
3f7cd000
3ff20000
3f771000
3ff8e000
3f6fe000
40014000
3f65d000
40023000
3f63b000
40070000
3f5c4000
400bd000
3f54d000
400d3000
3f52b000
40120000
3f4b4000
4016d000
3f43d000
40171000
3f44f000
401c9000
3f3e7000
40216000
3f38c000
40221000
3f37f000
40279000
3f317000
3faf0000
3facb000
3fb74000
3fa62000
3fba0000
3fa3f000
3fc3a000
3f9c4800
3fca8000
3f96d000
3fd00000
3f927000
3fd9a000
3f8ac800
3fe02000
3f87c000
3fe5a000
3f84e000
3fef4000
3f7fb000
3ff4c000
3f79f000
3ffba000
3f72c000
4002a000
3f68b000
4003d000
3f663000
4008a000
3f5ec000
400d7000
3f575000
400ed000
3f553000
4013a000
3f4dc000
40187000
3f465000
4018f000
3f471000
401e7000
3f409000
40234000
3f3ae000
4023f000
3f3a1000
40297000
3f339000
3fb02000
3fad9800
3fb86000
3fa70800
3fbb2000
3fa4d800
3fc4c000
3f9d3000
3fcba000
3f97b800
3fd12000
3f935800
3fdac000
3f8bb000
3fe18000
3f887800
3fe70000
3f859800
3ff0a000
3f809000
3ff62000
3f7b6000
3ffd0000
3f743000
40035000
3f6a2000
4004a000
3f677000
40097000
3f600000
400e4000
3f589000
400fa000
3f567000
40147000
3f4f0000
40194000
3f479000
4019e000
3f482000
401f6000
3f41a000
40243000
3f3bf000
4024e000
3f3b2000
402a6000
3f34a000
3fb02000
3fad9800
3fb86000
3fa70800
3fbb2000
3fa4d800
3fc4c000
3f9d3000
3fcba000
3f97b800
3fd12000
3f935800
3fdac000
3f8bb000
3fe18000
3f887800
3fe70000
3f859800
3ff0a000
3f809000
3ff62000
3f7b6000
3ffd0000
3f743000
40035000
3f6a2000
4004a000
3f677000
40097000
3f600000
400e4000
3f589000
400fa000
3f567000
40147000
3f4f0000
40194000
3f479000
4019e000
3f482000
401f6000
3f41a000
40243000
3f3bf000
4024e000
3f3b2000
402a6000
3f34a000
3fb02000
3fad9800
3fb86000
3fa70800
3fbb2000
3fa4d800
3fc4c000
3f9d3000
3fcba000
3f97b800
3fd12000
3f935800
3fdac000
3f8bb000
3fe18000
3f887800
3fe70000
3f859800
3ff0a000
3f809000
3ff62000
3f7b6000
3ffd0000
3f743000
40035000
3f6a2000
4004a000
3f677000
40097000
3f600000
400e4000
3f589000
400fa000
3f567000
40147000
3f4f0000
40194000
3f479000
4019e000
3f482000
401f6000
3f41a000
40243000
3f3bf000
4024e000
3f3b2000
402a6000
3f34a000
3fb02000
3fad9800
3fb86000
3fa70800
3fbb2000
3fa4d800
3fc4c000
3f9d3000
3fcba000
3f97b800
3fd12000
3f935800
3fdac000
3f8bb000
3fe18000
3f887800
3fe70000
3f859800
3ff0a000
3f809000
3ff62000
3f7b6000
3ffd0000
3f743000
40035000
3f6a2000
4004a000
3f677000
40097000
3f600000
400e4000
3f589000
400fa000
3f567000
40147000
3f4f0000
40194000
3f479000
4019e000
3f482000
401f6000
3f41a000
40243000
3f3bf000
4024e000
3f3b2000
402a6000
3f34a000
3fb02000
3fad9800
3fb86000
3fa70800
3fbb2000
3fa4d800
3fc4c000
3f9d3000
3fcba000
3f97b800
3fd12000
3f935800
3fdac000
3f8bb000
3fe18000
3f887800
3fe70000
3f859800
3ff0a000
3f809000
3ff62000
3f7b6000
3ffd0000
3f743000
40035000
3f6a2000
4004a000
3f677000
40097000
3f600000
400e4000
3f589000
400fa000
3f567000
40147000
3f4f0000
40194000
3f479000
4019e000
3f482000
401f6000
3f41a000
40243000
3f3bf000
4024e000
3f3b2000
402a6000
3f34a000
3fb02000
3fad9800
3fb86000
3fa70800
3fbb2000
3fa4d800
3fc4c000
3f9d3000
3fcba000
3f97b800
3fd12000
3f935800
3fdac000
3f8bb000
3fe18000
3f887800
3fe70000
3f859800
3ff0a000
3f809000
3ff62000
3f7b6000
3ffd0000
3f743000
40035000
3f6a2000
4004a000
3f677000
40097000
3f600000
400e4000
3f589000
400fa000
3f567000
40147000
3f4f0000
40194000
3f479000
4019e000
3f482000
401f6000
3f41a000
40243000
3f3bf000
4024e000
3f3b2000
402a6000
3f34a000
3fb02000
3fad9800
3fb86000
3fa70800
3fbb2000
3fa4d800
3fc4c000
3f9d3000
3fcba000
3f97b800
3fd12000
3f935800
3fdac000
3f8bb000
3fe18000
3f887800
3fe70000
3f859800
3ff0a000
3f809000
3ff62000
3f7b6000
3ffd0000
3f743000
40035000
3f6a2000
4004a000
3f677000
40097000
3f600000
400e4000
3f589000
400fa000
3f567000
40147000
3f4f0000
40194000
3f479000
4019e000
3f482000
401f6000
3f41a000
40243000
3f3bf000
4024e000
3f3b2000
402a6000
3f34a000
3fb02000
3fad9800
3fb86000
3fa70800
3fbb2000
3fa4d800
3fc4c000
3f9d3000
3fcba000
3f97b800
3fd12000
3f935800
3fdac000
3f8bb000
3fe18000
3f887800
3fe70000
3f859800
3ff0a000
3f809000
3ff62000
3f7b6000
3ffd0000
3f743000
40035000
3f6a2000
4004a000
3f677000
40097000
3f600000
400e4000
3f589000
400fa000
3f567000
40147000
3f4f0000
40194000
3f479000
4019e000
3f482000
401f6000
3f41a000
40243000
3f3bf000
4024e000
3f3b2000
402a6000
3f34a000
3fb14000
3fae8000
3fb98000
3fa7f000
3fbc4000
3fa5c000
3fc5e000
3f9e1800
3fccc000
3f98a000
3fd24000
3f944000
3fdbe000
3f8c9800
3fe2e000
3f893000
3fe86000
3f865000
3ff20000
3f814800
3ff78000
3f7cd000
3ffe6000
3f75a000
40040000
3f6b9000
40057000
3f68b000
400a4000
3f614000
400f1000
3f59d000
40107000
3f57b000
40154000
3f504000
401a1000
3f48d000
401ad000
3f493000
40205000
3f42b000
40252000
3f3d0000
4025d000
3f3c3000
402b5000
3f35b000
3fb14000
3fae8000
3fb98000
3fa7f000
3fbc4000
3fa5c000
3fc5e000
3f9e1800
3fccc000
3f98a000
3fd24000
3f944000
3fdbe000
3f8c9800
3fe2e000
3f893000
3fe86000
3f865000
3ff20000
3f814800
3ff78000
3f7cd000
3ffe6000
3f75a000
40040000
3f6b9000
40057000
3f68b000
400a4000
3f614000
400f1000
3f59d000
40107000
3f57b000
40154000
3f504000
401a1000
3f48d000
401ad000
3f493000
40205000
3f42b000
40252000
3f3d0000
4025d000
3f3c3000
402b5000
3f35b000
3fb14000
3fae8000
3fb98000
3fa7f000
3fbc4000
3fa5c000
3fc5e000
3f9e1800
3fccc000
3f98a000
3fd24000
3f944000
3fdbe000
3f8c9800
3fe2e000
3f893000
3fe86000
3f865000
3ff20000
3f814800
3ff78000
3f7cd000
3ffe6000
3f75a000
40040000
3f6b9000
40057000
3f68b000
400a4000
3f614000
400f1000
3f59d000
40107000
3f57b000
40154000
3f504000
401a1000
3f48d000
401ad000
3f493000
40205000
3f42b000
40252000
3f3d0000
4025d000
3f3c3000
402b5000
3f35b000
3fb14000
3fae8000
3fb98000
3fa7f000
3fbc4000
3fa5c000
3fc5e000
3f9e1800
3fccc000
3f98a000
3fd24000
3f944000
3fdbe000
3f8c9800
3fe2e000
3f893000
3fe86000
3f865000
3ff20000
3f814800
3ff78000
3f7cd000
3ffe6000
3f75a000
40040000
3f6b9000
40057000
3f68b000
400a4000
3f614000
400f1000
3f59d000
40107000
3f57b000
40154000
3f504000
401a1000
3f48d000
401ad000
3f493000
40205000
3f42b000
40252000
3f3d0000
4025d000
3f3c3000
402b5000
3f35b000
3fb14000
3fae8000
3fb98000
3fa7f000
3fbc4000
3fa5c000
3fc5e000
3f9e1800
3fccc000
3f98a000
3fd24000
3f944000
3fdbe000
3f8c9800
3fe2e000
3f893000
3fe86000
3f865000
3ff20000
3f814800
3ff78000
3f7cd000
3ffe6000
3f75a000
40040000
3f6b9000
40057000
3f68b000
400a4000
3f614000
400f1000
3f59d000
40107000
3f57b000
40154000
3f504000
401a1000
3f48d000
401ad000
3f493000
40205000
3f42b000
40252000
3f3d0000
4025d000
3f3c3000
402b5000
3f35b000
3fb14000
3fae8000
3fb98000
3fa7f000
3fbc4000
3fa5c000
3fc5e000
3f9e1800
3fccc000
3f98a000
3fd24000
3f944000
3fdbe000
3f8c9800
3fe2e000
3f893000
3fe86000
3f865000
3ff20000
3f814800
3ff78000
3f7cd000
3ffe6000
3f75a000
40040000
3f6b9000
40057000
3f68b000
400a4000
3f614000
400f1000
3f59d000
40107000
3f57b000
40154000
3f504000
401a1000
3f48d000
401ad000
3f493000
40205000
3f42b000
40252000
3f3d0000
4025d000
3f3c3000
402b5000
3f35b000
3fb14000
3fae8000
3fb98000
3fa7f000
3fbc4000
3fa5c000
3fc5e000
3f9e1800
3fccc000
3f98a000
3fd24000
3f944000
3fdbe000
3f8c9800
3fe2e000
3f893000
3fe86000
3f865000
3ff20000
3f814800
3ff78000
3f7cd000
3ffe6000
3f75a000
40040000
3f6b9000
40057000
3f68b000
400a4000
3f614000
400f1000
3f59d000
40107000
3f57b000
40154000
3f504000
401a1000
3f48d000
401ad000
3f493000
40205000
3f42b000
40252000
3f3d0000
4025d000
3f3c3000
402b5000
3f35b000
3fb14000
3fae8000
3fb98000
3fa7f000
3fbc4000
3fa5c000
3fc5e000
3f9e1800
3fccc000
3f98a000
3fd24000
3f944000
3fdbe000
3f8c9800
3fe2e000
3f893000
3fe86000
3f865000
3ff20000
3f814800
3ff78000
3f7cd000
3ffe6000
3f75a000
40040000
3f6b9000
40057000
3f68b000
400a4000
3f614000
400f1000
3f59d000
40107000
3f57b000
40154000
3f504000
401a1000
3f48d000
401ad000
3f493000
40205000
3f42b000
40252000
3f3d0000
4025d000
3f3c3000
402b5000
3f35b000
3fb14000
3fae8000
3fb98000
3fa7f000
3fbc4000
3fa5c000
3fc5e000
3f9e1800
3fccc000
3f98a000
3fd24000
3f944000
3fdbe000
3f8c9800
3fe2e000
3f893000
3fe86000
3f865000
3ff20000
3f814800
3ff78000
3f7cd000
3ffe6000
3f75a000
40040000
3f6b9000
40057000
3f68b000
400a4000
3f614000
400f1000
3f59d000
40107000
3f57b000
40154000
3f504000
401a1000
3f48d000
401ad000
3f493000
40205000
3f42b000
40252000
3f3d0000
4025d000
3f3c3000
402b5000
3f35b000
3fb14000
3fae8000
3fb98000
3fa7f000
3fbc4000
3fa5c000
3fc5e000
3f9e1800
3fccc000
3f98a000
3fd24000
3f944000
3fdbe000
3f8c9800
3fe2e000
3f893000
3fe86000
3f865000
3ff20000
3f814800
3ff78000
3f7cd000
3ffe6000
3f75a000
40040000
3f6b9000
40057000
3f68b000
400a4000
3f614000
400f1000
3f59d000
40107000
3f57b000
40154000
3f504000
401a1000
3f48d000
401ad000
3f493000
40205000
3f42b000
40252000
3f3d0000
4025d000
3f3c3000
402b5000
3f35b000
3fb14000
3fae8000
3fb98000
3fa7f000
3fbc4000
3fa5c000
3fc5e000
3f9e1800
3fccc000
3f98a000
3fd24000
3f944000
3fdbe000
3f8c9800
3fe2e000
3f893000
3fe86000
3f865000
3ff20000
3f814800
3ff78000
3f7cd000
3ffe6000
3f75a000
40040000
3f6b9000
40057000
3f68b000
400a4000
3f614000
400f1000
3f59d000
40107000
3f57b000
40154000
3f504000
401a1000
3f48d000
401ad000
3f493000
40205000
3f42b000
40252000
3f3d0000
4025d000
3f3c3000
402b5000
3f35b000
3fb14000
3fae8000
3fb98000
3fa7f000
3fbc4000
3fa5c000
3fc5e000
3f9e1800
3fccc000
3f98a000
3fd24000
3f944000
3fdbe000
3f8c9800
3fe2e000
3f893000
3fe86000
3f865000
3ff20000
3f814800
3ff78000
3f7cd000
3ffe6000
3f75a000
40040000
3f6b9000
40057000
3f68b000
400a4000
3f614000
400f1000
3f59d000
40107000
3f57b000
40154000
3f504000
401a1000
3f48d000
401ad000
3f493000
40205000
3f42b000
40252000
3f3d0000
4025d000
3f3c3000
402b5000
3f35b000
3fb26000
3faf6800
3fbaa000
3fa8d800
3fbd6000
3fa6a800
3fc70000
3f9f0000
3fcde000
3f998800
3fd36000
3f952800
3fdd0000
3f8d8000
3fe44000
3f89e800
3fe9c000
3f870800
3ff36000
3f820000
3ff8e000
3f7e4000
3fffc000
3f771000
4004b000
3f6d0000
40064000
3f69f000
400b1000
3f628000
400fe000
3f5b1000
40114000
3f58f000
40161000
3f518000
401ae000
3f4a1000
401bc000
3f4a4000
40214000
3f43c000
40261000
3f3e1000
4026c000
3f3d4000
402c4000
3f36c000
3fb26000
3faf6800
3fbaa000
3fa8d800
3fbd6000
3fa6a800
3fc70000
3f9f0000
3fcde000
3f998800
3fd36000
3f952800
3fdd0000
3f8d8000
3fe44000
3f89e800
3fe9c000
3f870800
3ff36000
3f820000
3ff8e000
3f7e4000
3fffc000
3f771000
4004b000
3f6d0000
40064000
3f69f000
400b1000
3f628000
400fe000
3f5b1000
40114000
3f58f000
40161000
3f518000
401ae000
3f4a1000
401bc000
3f4a4000
40214000
3f43c000
40261000
3f3e1000
4026c000
3f3d4000
402c4000
3f36c000
3fb4a000
3fb13800
3fbce000
3faaa800
3fbfa000
3fa87800
3fc94000
3fa0d000
3fd02000
3f9b5800
3fd5a000
3f96f800
3fdf4000
3f8f5000
3fe70000
3f8b5800
3fec8000
3f887800
3ff62000
3f837000
3ffba000
3f809000
40014000
3f79f000
40061000
3f6fe000
4007e000
3f6c7000
400cb000
3f650000
40118000
3f5d9000
4012e000
3f5b7000
4017b000
3f540000
401c8000
3f4c9000
401da000
3f4c6000
40232000
3f45e000
4027f000
3f403000
4028a000
3f3f6000
402e2000
3f38e000
3fb5c000
3fb22000
3fbe0000
3fab9000
3fc0c000
3fa96000
3fca6000
3fa1b800
3fd14000
3f9c4000
3fd6c000
3f97e000
3fe06000
3f903800
3fe86000
3f8c1000
3fede000
3f893000
3ff78000
3f842800
3ffd0000
3f814800
4001f000
3f7b6000
4006c000
3f715000
4008b000
3f6db000
400d8000
3f664000
40125000
3f5ed000
4013b000
3f5cb000
40188000
3f554000
401d5000
3f4dd000
401e9000
3f4d7000
40241000
3f46f000
4028e000
3f414000
40299000
3f407000
402f1000
3f39f000
3fb5c000
3fb22000
3fbe0000
3fab9000
3fc0c000
3fa96000
3fca6000
3fa1b800
3fd14000
3f9c4000
3fd6c000
3f97e000
3fe06000
3f903800
3fe86000
3f8c1000
3fede000
3f893000
3ff78000
3f842800
3ffd0000
3f814800
4001f000
3f7b6000
4006c000
3f715000
4008b000
3f6db000
400d8000
3f664000
40125000
3f5ed000
4013b000
3f5cb000
40188000
3f554000
401d5000
3f4dd000
401e9000
3f4d7000
40241000
3f46f000
4028e000
3f414000
40299000
3f407000
402f1000
3f39f000
3fb80000
3fb3f000
3fc04000
3fad6000
3fc30000
3fab3000
3fcca000
3fa38800
3fd38000
3f9e1000
3fd90000
3f99b000
3fe2a000
3f920800
3feb2000
3f8d8000
3ff0a000
3f8aa000
3ffa4000
3f859800
3fffc000
3f82b800
40035000
3f7e4000
40082000
3f743000
400a5000
3f703000
400f2000
3f68c000
4013f000
3f615000
40155000
3f5f3000
401a2000
3f57c000
401ef000
3f505000
40207000
3f4f9000
4025f000
3f491000
402ac000
3f436000
402b7000
3f429000
4030f000
3f3c1000
3fb92000
3fb4d800
3fc16000
3fae4800
3fc42000
3fac1800
3fcdc000
3fa47000
3fd4a000
3f9ef800
3fda2000
3f9a9800
3fe3c000
3f92f000
3fec8000
3f8e3800
3ff20000
3f8b5800
3ffba000
3f865000
40009000
3f837000
40040000
3f7fb000
4008d000
3f75a000
400b2000
3f717000
400ff000
3f6a0000
4014c000
3f629000
40162000
3f607000
401af000
3f590000
401fc000
3f519000
40216000
3f50a000
4026e000
3f4a2000
402bb000
3f447000
402c6000
3f43a000
4031e000
3f3d2000
3fb92000
3fb4d800
3fc16000
3fae4800
3fc42000
3fac1800
3fcdc000
3fa47000
3fd4a000
3f9ef800
3fda2000
3f9a9800
3fe3c000
3f92f000
3fec8000
3f8e3800
3ff20000
3f8b5800
3ffba000
3f865000
40009000
3f837000
40040000
3f7fb000
4008d000
3f75a000
400b2000
3f717000
400ff000
3f6a0000
4014c000
3f629000
40162000
3f607000
401af000
3f590000
401fc000
3f519000
40216000
3f50a000
4026e000
3f4a2000
402bb000
3f447000
402c6000
3f43a000
4031e000
3f3d2000
3fb92000
3fb4d800
3fc16000
3fae4800
3fc42000
3fac1800
3fcdc000
3fa47000
3fd4a000
3f9ef800
3fda2000
3f9a9800
3fe3c000
3f92f000
3fec8000
3f8e3800
3ff20000
3f8b5800
3ffba000
3f865000
40009000
3f837000
40040000
3f7fb000
4008d000
3f75a000
400b2000
3f717000
400ff000
3f6a0000
4014c000
3f629000
40162000
3f607000
401af000
3f590000
401fc000
3f519000
40216000
3f50a000
4026e000
3f4a2000
402bb000
3f447000
402c6000
3f43a000
4031e000
3f3d2000
3fb92000
3fb4d800
3fc16000
3fae4800
3fc42000
3fac1800
3fcdc000
3fa47000
3fd4a000
3f9ef800
3fda2000
3f9a9800
3fe3c000
3f92f000
3fec8000
3f8e3800
3ff20000
3f8b5800
3ffba000
3f865000
40009000
3f837000
40040000
3f7fb000
4008d000
3f75a000
400b2000
3f717000
400ff000
3f6a0000
4014c000
3f629000
40162000
3f607000
401af000
3f590000
401fc000
3f519000
40216000
3f50a000
4026e000
3f4a2000
402bb000
3f447000
402c6000
3f43a000
4031e000
3f3d2000
3fb92000
3fb4d800
3fc16000
3fae4800
3fc42000
3fac1800
3fcdc000
3fa47000
3fd4a000
3f9ef800
3fda2000
3f9a9800
3fe3c000
3f92f000
3fec8000
3f8e3800
3ff20000
3f8b5800
3ffba000
3f865000
40009000
3f837000
40040000
3f7fb000
4008d000
3f75a000
400b2000
3f717000
400ff000
3f6a0000
4014c000
3f629000
40162000
3f607000
401af000
3f590000
401fc000
3f519000
40216000
3f50a000
4026e000
3f4a2000
402bb000
3f447000
402c6000
3f43a000
4031e000
3f3d2000
3fb92000
3fb4d800
3fc16000
3fae4800
3fc42000
3fac1800
3fcdc000
3fa47000
3fd4a000
3f9ef800
3fda2000
3f9a9800
3fe3c000
3f92f000
3fec8000
3f8e3800
3ff20000
3f8b5800
3ffba000
3f865000
40009000
3f837000
40040000
3f7fb000
4008d000
3f75a000
400b2000
3f717000
400ff000
3f6a0000
4014c000
3f629000
40162000
3f607000
401af000
3f590000
401fc000
3f519000
40216000
3f50a000
4026e000
3f4a2000
402bb000
3f447000
402c6000
3f43a000
4031e000
3f3d2000
3fb92000
3fb4d800
3fc16000
3fae4800
3fc42000
3fac1800
3fcdc000
3fa47000
3fd4a000
3f9ef800
3fda2000
3f9a9800
3fe3c000
3f92f000
3fec8000
3f8e3800
3ff20000
3f8b5800
3ffba000
3f865000
40009000
3f837000
40040000
3f7fb000
4008d000
3f75a000
400b2000
3f717000
400ff000
3f6a0000
4014c000
3f629000
40162000
3f607000
401af000
3f590000
401fc000
3f519000
40216000
3f50a000
4026e000
3f4a2000
402bb000
3f447000
402c6000
3f43a000
4031e000
3f3d2000
3fb92000
3fb4d800
3fc16000
3fae4800
3fc42000
3fac1800
3fcdc000
3fa47000
3fd4a000
3f9ef800
3fda2000
3f9a9800
3fe3c000
3f92f000
3fec8000
3f8e3800
3ff20000
3f8b5800
3ffba000
3f865000
40009000
3f837000
40040000
3f7fb000
4008d000
3f75a000
400b2000
3f717000
400ff000
3f6a0000
4014c000
3f629000
40162000
3f607000
401af000
3f590000
401fc000
3f519000
40216000
3f50a000
4026e000
3f4a2000
402bb000
3f447000
402c6000
3f43a000
4031e000
3f3d2000
3fba4000
3fb5c000
3fc28000
3faf3000
3fc54000
3fad0000
3fcee000
3fa55800
3fd5c000
3f9fe000
3fdb4000
3f9b8000
3fe4e000
3f93d800
3fede000
3f8ef000
3ff36000
3f8c1000
3ffd0000
3f870800
40014000
3f842800
4004b000
3f809000
40098000
3f771000
400bf000
3f72b000
4010c000
3f6b4000
40159000
3f63d000
4016f000
3f61b000
401bc000
3f5a4000
40209000
3f52d000
40225000
3f51b000
4027d000
3f4b3000
402ca000
3f458000
402d5000
3f44b000
4032d000
3f3e3000
3fba4000
3fb5c000
3fc28000
3faf3000
3fc54000
3fad0000
3fcee000
3fa55800
3fd5c000
3f9fe000
3fdb4000
3f9b8000
3fe4e000
3f93d800
3fede000
3f8ef000
3ff36000
3f8c1000
3ffd0000
3f870800
40014000
3f842800
4004b000
3f809000
40098000
3f771000
400bf000
3f72b000
4010c000
3f6b4000
40159000
3f63d000
4016f000
3f61b000
401bc000
3f5a4000
40209000
3f52d000
40225000
3f51b000
4027d000
3f4b3000
402ca000
3f458000
402d5000
3f44b000
4032d000
3f3e3000
3fba4000
3fb5c000
3fc28000
3faf3000
3fc54000
3fad0000
3fcee000
3fa55800
3fd5c000
3f9fe000
3fdb4000
3f9b8000
3fe4e000
3f93d800
3fede000
3f8ef000
3ff36000
3f8c1000
3ffd0000
3f870800
40014000
3f842800
4004b000
3f809000
40098000
3f771000
400bf000
3f72b000
4010c000
3f6b4000
40159000
3f63d000
4016f000
3f61b000
401bc000
3f5a4000
40209000
3f52d000
40225000
3f51b000
4027d000
3f4b3000
402ca000
3f458000
402d5000
3f44b000
4032d000
3f3e3000
3fba4000
3fb5c000
3fc28000
3faf3000
3fc54000
3fad0000
3fcee000
3fa55800
3fd5c000
3f9fe000
3fdb4000
3f9b8000
3fe4e000
3f93d800
3fede000
3f8ef000
3ff36000
3f8c1000
3ffd0000
3f870800
40014000
3f842800
4004b000
3f809000
40098000
3f771000
400bf000
3f72b000
4010c000
3f6b4000
40159000
3f63d000
4016f000
3f61b000
401bc000
3f5a4000
40209000
3f52d000
40225000
3f51b000
4027d000
3f4b3000
402ca000
3f458000
402d5000
3f44b000
4032d000
3f3e3000
3fba4000
3fb5c000
3fc28000
3faf3000
3fc54000
3fad0000
3fcee000
3fa55800
3fd5c000
3f9fe000
3fdb4000
3f9b8000
3fe4e000
3f93d800
3fede000
3f8ef000
3ff36000
3f8c1000
3ffd0000
3f870800
40014000
3f842800
4004b000
3f809000
40098000
3f771000
400bf000
3f72b000
4010c000
3f6b4000
40159000
3f63d000
4016f000
3f61b000
401bc000
3f5a4000
40209000
3f52d000
40225000
3f51b000
4027d000
3f4b3000
402ca000
3f458000
402d5000
3f44b000
4032d000
3f3e3000
3fba4000
3fb5c000
3fc28000
3faf3000
3fc54000
3fad0000
3fcee000
3fa55800
3fd5c000
3f9fe000
3fdb4000
3f9b8000
3fe4e000
3f93d800
3fede000
3f8ef000
3ff36000
3f8c1000
3ffd0000
3f870800
40014000
3f842800
4004b000
3f809000
40098000
3f771000
400bf000
3f72b000
4010c000
3f6b4000
40159000
3f63d000
4016f000
3f61b000
401bc000
3f5a4000
40209000
3f52d000
40225000
3f51b000
4027d000
3f4b3000
402ca000
3f458000
402d5000
3f44b000
4032d000
3f3e3000
3fba4000
3fb5c000
3fc28000
3faf3000
3fc54000
3fad0000
3fcee000
3fa55800
3fd5c000
3f9fe000
3fdb4000
3f9b8000
3fe4e000
3f93d800
3fede000
3f8ef000
3ff36000
3f8c1000
3ffd0000
3f870800
40014000
3f842800
4004b000
3f809000
40098000
3f771000
400bf000
3f72b000
4010c000
3f6b4000
40159000
3f63d000
4016f000
3f61b000
401bc000
3f5a4000
40209000
3f52d000
40225000
3f51b000
4027d000
3f4b3000
402ca000
3f458000
402d5000
3f44b000
4032d000
3f3e3000
3fba4000
3fb5c000
3fc28000
3faf3000
3fc54000
3fad0000
3fcee000
3fa55800
3fd5c000
3f9fe000
3fdb4000
3f9b8000
3fe4e000
3f93d800
3fede000
3f8ef000
3ff36000
3f8c1000
3ffd0000
3f870800
40014000
3f842800
4004b000
3f809000
40098000
3f771000
400bf000
3f72b000
4010c000
3f6b4000
40159000
3f63d000
4016f000
3f61b000
401bc000
3f5a4000
40209000
3f52d000
40225000
3f51b000
4027d000
3f4b3000
402ca000
3f458000
402d5000
3f44b000
4032d000
3f3e3000
3fba4000
3fb5c000
3fc28000
3faf3000
3fc54000
3fad0000
3fcee000
3fa55800
3fd5c000
3f9fe000
3fdb4000
3f9b8000
3fe4e000
3f93d800
3fede000
3f8ef000
3ff36000
3f8c1000
3ffd0000
3f870800
40014000
3f842800
4004b000
3f809000
40098000
3f771000
400bf000
3f72b000
4010c000
3f6b4000
40159000
3f63d000
4016f000
3f61b000
401bc000
3f5a4000
40209000
3f52d000
40225000
3f51b000
4027d000
3f4b3000
402ca000
3f458000
402d5000
3f44b000
4032d000
3f3e3000
3fba4000
3fb5c000
3fc28000
3faf3000
3fc54000
3fad0000
3fcee000
3fa55800
3fd5c000
3f9fe000
3fdb4000
3f9b8000
3fe4e000
3f93d800
3fede000
3f8ef000
3ff36000
3f8c1000
3ffd0000
3f870800
40014000
3f842800
4004b000
3f809000
40098000
3f771000
400bf000
3f72b000
4010c000
3f6b4000
40159000
3f63d000
4016f000
3f61b000
401bc000
3f5a4000
40209000
3f52d000
40225000
3f51b000
4027d000
3f4b3000
402ca000
3f458000
402d5000
3f44b000
4032d000
3f3e3000
3fba4000
3fb5c000
3fc28000
3faf3000
3fc54000
3fad0000
3fcee000
3fa55800
3fd5c000
3f9fe000
3fdb4000
3f9b8000
3fe4e000
3f93d800
3fede000
3f8ef000
3ff36000
3f8c1000
3ffd0000
3f870800
40014000
3f842800
4004b000
3f809000
40098000
3f771000
400bf000
3f72b000
4010c000
3f6b4000
40159000
3f63d000
4016f000
3f61b000
401bc000
3f5a4000
40209000
3f52d000
40225000
3f51b000
4027d000
3f4b3000
402ca000
3f458000
402d5000
3f44b000
4032d000
3f3e3000
3fba4000
3fb5c000
3fc28000
3faf3000
3fc54000
3fad0000
3fcee000
3fa55800
3fd5c000
3f9fe000
3fdb4000
3f9b8000
3fe4e000
3f93d800
3fede000
3f8ef000
3ff36000
3f8c1000
3ffd0000
3f870800
40014000
3f842800
4004b000
3f809000
40098000
3f771000
400bf000
3f72b000
4010c000
3f6b4000
40159000
3f63d000
4016f000
3f61b000
401bc000
3f5a4000
40209000
3f52d000
40225000
3f51b000
4027d000
3f4b3000
402ca000
3f458000
402d5000
3f44b000
4032d000
3f3e3000
3fbb6000
3fb6a800
3fc3a000
3fb01800
3fc66000
3fade800
3fd00000
3fa64000
3fd6e000
3fa0c800
3fdc6000
3f9c6800
3fe60000
3f94c000
3fef4000
3f8fa800
3ff4c000
3f8cc800
3ffe6000
3f87c000
4001f000
3f84e000
40056000
3f814800
400a3000
3f788000
400cc000
3f73f000
40119000
3f6c8000
40166000
3f651000
4017c000
3f62f000
401c9000
3f5b8000
40216000
3f541000
40234000
3f52c000
4028c000
3f4c4000
402d9000
3f469000
402e4000
3f45c000
4033c000
3f3f4000
3fbb6000
3fb6a800
3fc3a000
3fb01800
3fc66000
3fade800
3fd00000
3fa64000
3fd6e000
3fa0c800
3fdc6000
3f9c6800
3fe60000
3f94c000
3fef4000
3f8fa800
3ff4c000
3f8cc800
3ffe6000
3f87c000
4001f000
3f84e000
40056000
3f814800
400a3000
3f788000
400cc000
3f73f000
40119000
3f6c8000
40166000
3f651000
4017c000
3f62f000
401c9000
3f5b8000
40216000
3f541000
40234000
3f52c000
4028c000
3f4c4000
402d9000
3f469000
402e4000
3f45c000
4033c000
3f3f4000
3fbda000
3fb87800
3fc5e000
3fb1e800
3fc8a000
3fafb800
3fd24000
3fa81000
3fd92000
3fa29800
3fdea000
3f9e3800
3fe84000
3f969000
3ff20000
3f911800
3ff78000
3f8e3800
40009000
3f893000
40035000
3f865000
4006c000
3f82b800
400b9000
3f7b6000
400e6000
3f767000
40133000
3f6f0000
40180000
3f679000
40196000
3f657000
401e3000
3f5e0000
40230000
3f569000
40252000
3f54e000
402aa000
3f4e6000
402f7000
3f48b000
40302000
3f47e000
4035a000
3f416000
3fbec000
3fb96000
3fc70000
3fb2d000
3fc9c000
3fb0a000
3fd36000
3fa8f800
3fda4000
3fa38000
3fdfc000
3f9f2000
3fe96000
3f977800
3ff36000
3f91d000
3ff8e000
3f8ef000
40014000
3f89e800
40040000
3f870800
40077000
3f837000
400c4000
3f7cd000
400f3000
3f77b000
40140000
3f704000
4018d000
3f68d000
401a3000
3f66b000
401f0000
3f5f4000
4023d000
3f57d000
40261000
3f55f000
402b9000
3f4f7000
40306000
3f49c000
40311000
3f48f000
40369000
3f427000
3fbec000
3fb96000
3fc70000
3fb2d000
3fc9c000
3fb0a000
3fd36000
3fa8f800
3fda4000
3fa38000
3fdfc000
3f9f2000
3fe96000
3f977800
3ff36000
3f91d000
3ff8e000
3f8ef000
40014000
3f89e800
40040000
3f870800
40077000
3f837000
400c4000
3f7cd000
400f3000
3f77b000
40140000
3f704000
4018d000
3f68d000
401a3000
3f66b000
401f0000
3f5f4000
4023d000
3f57d000
40261000
3f55f000
402b9000
3f4f7000
40306000
3f49c000
40311000
3f48f000
40369000
3f427000
3fc10000
3fbb3000
3fc94000
3fb4a000
3fcc0000
3fb27000
3fd5a000
3faac800
3fdc8000
3fa55000
3fe20000
3fa0f000
3feba000
3f994800
3ff62000
3f934000
3ffba000
3f906000
4002a000
3f8b5800
40056000
3f887800
4008d000
3f84e000
400da000
3f7fb000
4010d000
3f7a3000
4015a000
3f72c000
401a7000
3f6b5000
401bd000
3f693000
4020a000
3f61c000
40257000
3f5a5000
4027f000
3f581000
402d7000
3f519000
40324000
3f4be000
4032f000
3f4b1000
40387000
3f449000
3fc22000
3fbc1800
3fca6000
3fb58800
3fcd2000
3fb35800
3fd6c000
3fabb000
3fdda000
3fa63800
3fe32000
3fa1d800
3fecc000
3f9a3000
3ff78000
3f93f800
3ffd0000
3f911800
40035000
3f8c1000
40061000
3f893000
40098000
3f859800
400e5000
3f809000
4011a000
3f7b7000
40167000
3f740000
401b4000
3f6c9000
401ca000
3f6a7000
40217000
3f630000
40264000
3f5b9000
4028e000
3f592000
402e6000
3f52a000
40333000
3f4cf000
4033e000
3f4c2000
40396000
3f45a000
3fc22000
3fbc1800
3fca6000
3fb58800
3fcd2000
3fb35800
3fd6c000
3fabb000
3fdda000
3fa63800
3fe32000
3fa1d800
3fecc000
3f9a3000
3ff78000
3f93f800
3ffd0000
3f911800
40035000
3f8c1000
40061000
3f893000
40098000
3f859800
400e5000
3f809000
4011a000
3f7b7000
40167000
3f740000
401b4000
3f6c9000
401ca000
3f6a7000
40217000
3f630000
40264000
3f5b9000
4028e000
3f592000
402e6000
3f52a000
40333000
3f4cf000
4033e000
3f4c2000
40396000
3f45a000
3fc22000
3fbc1800
3fca6000
3fb58800
3fcd2000
3fb35800
3fd6c000
3fabb000
3fdda000
3fa63800
3fe32000
3fa1d800
3fecc000
3f9a3000
3ff78000
3f93f800
3ffd0000
3f911800
40035000
3f8c1000
40061000
3f893000
40098000
3f859800
400e5000
3f809000
4011a000
3f7b7000
40167000
3f740000
401b4000
3f6c9000
401ca000
3f6a7000
40217000
3f630000
40264000
3f5b9000
4028e000
3f592000
402e6000
3f52a000
40333000
3f4cf000
4033e000
3f4c2000
40396000
3f45a000
3fc22000
3fbc1800
3fca6000
3fb58800
3fcd2000
3fb35800
3fd6c000
3fabb000
3fdda000
3fa63800
3fe32000
3fa1d800
3fecc000
3f9a3000
3ff78000
3f93f800
3ffd0000
3f911800
40035000
3f8c1000
40061000
3f893000
40098000
3f859800
400e5000
3f809000
4011a000
3f7b7000
40167000
3f740000
401b4000
3f6c9000
401ca000
3f6a7000
40217000
3f630000
40264000
3f5b9000
4028e000
3f592000
402e6000
3f52a000
40333000
3f4cf000
4033e000
3f4c2000
40396000
3f45a000
3fc22000
3fbc1800
3fca6000
3fb58800
3fcd2000
3fb35800
3fd6c000
3fabb000
3fdda000
3fa63800
3fe32000
3fa1d800
3fecc000
3f9a3000
3ff78000
3f93f800
3ffd0000
3f911800
40035000
3f8c1000
40061000
3f893000
40098000
3f859800
400e5000
3f809000
4011a000
3f7b7000
40167000
3f740000
401b4000
3f6c9000
401ca000
3f6a7000
40217000
3f630000
40264000
3f5b9000
4028e000
3f592000
402e6000
3f52a000
40333000
3f4cf000
4033e000
3f4c2000
40396000
3f45a000
3fc22000
3fbc1800
3fca6000
3fb58800
3fcd2000
3fb35800
3fd6c000
3fabb000
3fdda000
3fa63800
3fe32000
3fa1d800
3fecc000
3f9a3000
3ff78000
3f93f800
3ffd0000
3f911800
40035000
3f8c1000
40061000
3f893000
40098000
3f859800
400e5000
3f809000
4011a000
3f7b7000
40167000
3f740000
401b4000
3f6c9000
401ca000
3f6a7000
40217000
3f630000
40264000
3f5b9000
4028e000
3f592000
402e6000
3f52a000
40333000
3f4cf000
4033e000
3f4c2000
40396000
3f45a000
3fc22000
3fbc1800
3fca6000
3fb58800
3fcd2000
3fb35800
3fd6c000
3fabb000
3fdda000
3fa63800
3fe32000
3fa1d800
3fecc000
3f9a3000
3ff78000
3f93f800
3ffd0000
3f911800
40035000
3f8c1000
40061000
3f893000
40098000
3f859800
400e5000
3f809000
4011a000
3f7b7000
40167000
3f740000
401b4000
3f6c9000
401ca000
3f6a7000
40217000
3f630000
40264000
3f5b9000
4028e000
3f592000
402e6000
3f52a000
40333000
3f4cf000
4033e000
3f4c2000
40396000
3f45a000
3fc22000
3fbc1800
3fca6000
3fb58800
3fcd2000
3fb35800
3fd6c000
3fabb000
3fdda000
3fa63800
3fe32000
3fa1d800
3fecc000
3f9a3000
3ff78000
3f93f800
3ffd0000
3f911800
40035000
3f8c1000
40061000
3f893000
40098000
3f859800
400e5000
3f809000
4011a000
3f7b7000
40167000
3f740000
401b4000
3f6c9000
401ca000
3f6a7000
40217000
3f630000
40264000
3f5b9000
4028e000
3f592000
402e6000
3f52a000
40333000
3f4cf000
4033e000
3f4c2000
40396000
3f45a000
3fbf6000
3fbf9000
3fc92000
3fb7e000
3fcc6000
3fb55000
3fd7c000
3fac5800
3fdfe000
3fa5f000
3fe66000
3fa0d000
3ff1c000
3f97d800
3ff60000
3f96f000
3ffc8000
3f937000
4003f000
3f8d5000
40073000
3f89d000
400b4000
3f857000
4010f000
3f7ea000
4010a000
3f7ee000
40165000
3f762000
401c0000
3f6d6000
401da000
3f6ae000
40235000
3f622000
40290000
3f596000
4027e000
3f5c7000
402e6000
3f54f000
40341000
3f4e6000
4034e000
3f4d7000
403b6000
3f45f000
3fbf6000
3fbf9000
3fc92000
3fb7e000
3fcc6000
3fb55000
3fd7c000
3fac5800
3fdfe000
3fa5f000
3fe66000
3fa0d000
3ff1c000
3f97d800
3ff60000
3f96f000
3ffc8000
3f937000
4003f000
3f8d5000
40073000
3f89d000
400b4000
3f857000
4010f000
3f7ea000
4010a000
3f7ee000
40165000
3f762000
401c0000
3f6d6000
401da000
3f6ae000
40235000
3f622000
40290000
3f596000
4027e000
3f5c7000
402e6000
3f54f000
40341000
3f4e6000
4034e000
3f4d7000
403b6000
3f45f000
3fbf6000
3fbf9000
3fc92000
3fb7e000
3fcc6000
3fb55000
3fd7c000
3fac5800
3fdfe000
3fa5f000
3fe66000
3fa0d000
3ff1c000
3f97d800
3ff60000
3f96f000
3ffc8000
3f937000
4003f000
3f8d5000
40073000
3f89d000
400b4000
3f857000
4010f000
3f7ea000
4010a000
3f7ee000
40165000
3f762000
401c0000
3f6d6000
401da000
3f6ae000
40235000
3f622000
40290000
3f596000
4027e000
3f5c7000
402e6000
3f54f000
40341000
3f4e6000
4034e000
3f4d7000
403b6000
3f45f000
3fbf6000
3fbf9000
3fc92000
3fb7e000
3fcc6000
3fb55000
3fd7c000
3fac5800
3fdfe000
3fa5f000
3fe66000
3fa0d000
3ff1c000
3f97d800
3ff60000
3f96f000
3ffc8000
3f937000
4003f000
3f8d5000
40073000
3f89d000
400b4000
3f857000
4010f000
3f7ea000
4010a000
3f7ee000
40165000
3f762000
401c0000
3f6d6000
401da000
3f6ae000
40235000
3f622000
40290000
3f596000
4027e000
3f5c7000
402e6000
3f54f000
40341000
3f4e6000
4034e000
3f4d7000
403b6000
3f45f000
3fbf6000
3fbf9000
3fc92000
3fb7e000
3fcc6000
3fb55000
3fd7c000
3fac5800
3fdfe000
3fa5f000
3fe66000
3fa0d000
3ff1c000
3f97d800
3ff60000
3f96f000
3ffc8000
3f937000
4003f000
3f8d5000
40073000
3f89d000
400b4000
3f857000
4010f000
3f7ea000
4010a000
3f7ee000
40165000
3f762000
401c0000
3f6d6000
401da000
3f6ae000
40235000
3f622000
40290000
3f596000
4027e000
3f5c7000
402e6000
3f54f000
40341000
3f4e6000
4034e000
3f4d7000
403b6000
3f45f000
3fbf6000
3fbf9000
3fc92000
3fb7e000
3fcc6000
3fb55000
3fd7c000
3fac5800
3fdfe000
3fa5f000
3fe66000
3fa0d000
3ff1c000
3f97d800
3ff60000
3f96f000
3ffc8000
3f937000
4003f000
3f8d5000
40073000
3f89d000
400b4000
3f857000
4010f000
3f7ea000
4010a000
3f7ee000
40165000
3f762000
401c0000
3f6d6000
401da000
3f6ae000
40235000
3f622000
40290000
3f596000
4027e000
3f5c7000
402e6000
3f54f000
40341000
3f4e6000
4034e000
3f4d7000
403b6000
3f45f000
3fbf6000
3fbf9000
3fc92000
3fb7e000
3fcc6000
3fb55000
3fd7c000
3fac5800
3fdfe000
3fa5f000
3fe66000
3fa0d000
3ff1c000
3f97d800
3ff60000
3f96f000
3ffc8000
3f937000
4003f000
3f8d5000
40073000
3f89d000
400b4000
3f857000
4010f000
3f7ea000
4010a000
3f7ee000
40165000
3f762000
401c0000
3f6d6000
401da000
3f6ae000
40235000
3f622000
40290000
3f596000
4027e000
3f5c7000
402e6000
3f54f000
40341000
3f4e6000
4034e000
3f4d7000
403b6000
3f45f000
3fbf6000
3fbf9000
3fc92000
3fb7e000
3fcc6000
3fb55000
3fd7c000
3fac5800
3fdfe000
3fa5f000
3fe66000
3fa0d000
3ff1c000
3f97d800
3ff60000
3f96f000
3ffc8000
3f937000
4003f000
3f8d5000
40073000
3f89d000
400b4000
3f857000
4010f000
3f7ea000
4010a000
3f7ee000
40165000
3f762000
401c0000
3f6d6000
401da000
3f6ae000
40235000
3f622000
40290000
3f596000
4027e000
3f5c7000
402e6000
3f54f000
40341000
3f4e6000
4034e000
3f4d7000
403b6000
3f45f000
3fbf6000
3fbf9000
3fc92000
3fb7e000
3fcc6000
3fb55000
3fd7c000
3fac5800
3fdfe000
3fa5f000
3fe66000
3fa0d000
3ff1c000
3f97d800
3ff60000
3f96f000
3ffc8000
3f937000
4003f000
3f8d5000
40073000
3f89d000
400b4000
3f857000
4010f000
3f7ea000
4010a000
3f7ee000
40165000
3f762000
401c0000
3f6d6000
401da000
3f6ae000
40235000
3f622000
40290000
3f596000
4027e000
3f5c7000
402e6000
3f54f000
40341000
3f4e6000
4034e000
3f4d7000
403b6000
3f45f000
3fbf6000
3fbf9000
3fc92000
3fb7e000
3fcc6000
3fb55000
3fd7c000
3fac5800
3fdfe000
3fa5f000
3fe66000
3fa0d000
3ff1c000
3f97d800
3ff60000
3f96f000
3ffc8000
3f937000
4003f000
3f8d5000
40073000
3f89d000
400b4000
3f857000
4010f000
3f7ea000
4010a000
3f7ee000
40165000
3f762000
401c0000
3f6d6000
401da000
3f6ae000
40235000
3f622000
40290000
3f596000
4027e000
3f5c7000
402e6000
3f54f000
40341000
3f4e6000
4034e000
3f4d7000
403b6000
3f45f000
3fbf6000
3fbf9000
3fc92000
3fb7e000
3fcc6000
3fb55000
3fd7c000
3fac5800
3fdfe000
3fa5f000
3fe66000
3fa0d000
3ff1c000
3f97d800
3ff60000
3f96f000
3ffc8000
3f937000
4003f000
3f8d5000
40073000
3f89d000
400b4000
3f857000
4010f000
3f7ea000
4010a000
3f7ee000
40165000
3f762000
401c0000
3f6d6000
401da000
3f6ae000
40235000
3f622000
40290000
3f596000
4027e000
3f5c7000
402e6000
3f54f000
40341000
3f4e6000
4034e000
3f4d7000
403b6000
3f45f000
3fbf6000
3fbf9000
3fc92000
3fb7e000
3fcc6000
3fb55000
3fd7c000
3fac5800
3fdfe000
3fa5f000
3fe66000
3fa0d000
3ff1c000
3f97d800
3ff60000
3f96f000
3ffc8000
3f937000
4003f000
3f8d5000
40073000
3f89d000
400b4000
3f857000
4010f000
3f7ea000
4010a000
3f7ee000
40165000
3f762000
401c0000
3f6d6000
401da000
3f6ae000
40235000
3f622000
40290000
3f596000
4027e000
3f5c7000
402e6000
3f54f000
40341000
3f4e6000
4034e000
3f4d7000
403b6000
3f45f000
3fc08000
3fc07800
3fca4000
3fb8c800
3fcd8000
3fb63800
3fd8e000
3fad4000
3fe10000
3fa6d800
3fe78000
3fa1b800
3ff2e000
3f98c000
3ff76000
3f97a800
3ffde000
3f942800
4004a000
3f8e0800
4007e000
3f8a8800
400bf000
3f862800
4011a000
3f800800
40117000
3f801000
40172000
3f776000
401cd000
3f6ea000
401e7000
3f6c2000
40242000
3f636000
4029d000
3f5aa000
4028d000
3f5d8000
402f5000
3f560000
40350000
3f4f7000
4035d000
3f4e8000
403c5000
3f470000
3fc08000
3fc07800
3fca4000
3fb8c800
3fcd8000
3fb63800
3fd8e000
3fad4000
3fe10000
3fa6d800
3fe78000
3fa1b800
3ff2e000
3f98c000
3ff76000
3f97a800
3ffde000
3f942800
4004a000
3f8e0800
4007e000
3f8a8800
400bf000
3f862800
4011a000
3f800800
40117000
3f801000
40172000
3f776000
401cd000
3f6ea000
401e7000
3f6c2000
40242000
3f636000
4029d000
3f5aa000
4028d000
3f5d8000
402f5000
3f560000
40350000
3f4f7000
4035d000
3f4e8000
403c5000
3f470000
3fc2c000
3fc24800
3fcc8000
3fba9800
3fcfc000
3fb80800
3fdb2000
3faf1000
3fe34000
3fa8a800
3fe9c000
3fa38800
3ff52000
3f9a9000
3ffa2000
3f991800
40005000
3f959800
40060000
3f8f7800
40094000
3f8bf800
400d5000
3f879800
40130000
3f817800
40131000
3f815000
4018c000
3f79e000
401e7000
3f712000
40201000
3f6ea000
4025c000
3f65e000
402b7000
3f5d2000
402ab000
3f5fa000
40313000
3f582000
4036e000
3f519000
4037b000
3f50a000
403e3000
3f492000
3fc3e000
3fc33000
3fcda000
3fbb8000
3fd0e000
3fb8f000
3fdc4000
3faff800
3fe46000
3fa99000
3feae000
3fa47000
3ff64000
3f9b7800
3ffb8000
3f99d000
40010000
3f965000
4006b000
3f903000
4009f000
3f8cb000
400e0000
3f885000
4013b000
3f823000
4013e000
3f81f000
40199000
3f7b2000
401f4000
3f726000
4020e000
3f6fe000
40269000
3f672000
402c4000
3f5e6000
402ba000
3f60b000
40322000
3f593000
4037d000
3f52a000
4038a000
3f51b000
403f2000
3f4a3000
3fc3e000
3fc33000
3fcda000
3fbb8000
3fd0e000
3fb8f000
3fdc4000
3faff800
3fe46000
3fa99000
3feae000
3fa47000
3ff64000
3f9b7800
3ffb8000
3f99d000
40010000
3f965000
4006b000
3f903000
4009f000
3f8cb000
400e0000
3f885000
4013b000
3f823000
4013e000
3f81f000
40199000
3f7b2000
401f4000
3f726000
4020e000
3f6fe000
40269000
3f672000
402c4000
3f5e6000
402ba000
3f60b000
40322000
3f593000
4037d000
3f52a000
4038a000
3f51b000
403f2000
3f4a3000
3fc62000
3fc50000
3fcfe000
3fbd5000
3fd32000
3fbac000
3fde8000
3fb1c800
3fe6a000
3fab6000
3fed2000
3fa64000
3ff88000
3f9d4800
3ffe4000
3f9b4000
40026000
3f97c000
40081000
3f91a000
400b5000
3f8e2000
400f6000
3f89c000
40151000
3f83a000
40158000
3f833000
401b3000
3f7da000
4020e000
3f74e000
40228000
3f726000
40283000
3f69a000
402de000
3f60e000
402d8000
3f62d000
40340000
3f5b5000
4039b000
3f54c000
403a8000
3f53d000
40410000
3f4c5000
3fc74000
3fc5e800
3fd10000
3fbe3800
3fd44000
3fbba800
3fdfa000
3fb2b000
3fe7c000
3fac4800
3fee4000
3fa72800
3ff9a000
3f9e3000
3fffa000
3f9bf800
40031000
3f987800
4008c000
3f925800
400c0000
3f8ed800
40101000
3f8a7800
4015c000
3f845800
40165000
3f83d000
401c0000
3f7ee000
4021b000
3f762000
40235000
3f73a000
40290000
3f6ae000
402eb000
3f622000
402e7000
3f63e000
4034f000
3f5c6000
403aa000
3f55d000
403b7000
3f54e000
4041f000
3f4d6000
3fc74000
3fc5e800
3fd10000
3fbe3800
3fd44000
3fbba800
3fdfa000
3fb2b000
3fe7c000
3fac4800
3fee4000
3fa72800
3ff9a000
3f9e3000
3fffa000
3f9bf800
40031000
3f987800
4008c000
3f925800
400c0000
3f8ed800
40101000
3f8a7800
4015c000
3f845800
40165000
3f83d000
401c0000
3f7ee000
4021b000
3f762000
40235000
3f73a000
40290000
3f6ae000
402eb000
3f622000
402e7000
3f63e000
4034f000
3f5c6000
403aa000
3f55d000
403b7000
3f54e000
4041f000
3f4d6000
3fc74000
3fc5e800
3fd10000
3fbe3800
3fd44000
3fbba800
3fdfa000
3fb2b000
3fe7c000
3fac4800
3fee4000
3fa72800
3ff9a000
3f9e3000
3fffa000
3f9bf800
40031000
3f987800
4008c000
3f925800
400c0000
3f8ed800
40101000
3f8a7800
4015c000
3f845800
40165000
3f83d000
401c0000
3f7ee000
4021b000
3f762000
40235000
3f73a000
40290000
3f6ae000
402eb000
3f622000
402e7000
3f63e000
4034f000
3f5c6000
403aa000
3f55d000
403b7000
3f54e000
4041f000
3f4d6000
3fc74000
3fc5e800
3fd10000
3fbe3800
3fd44000
3fbba800
3fdfa000
3fb2b000
3fe7c000
3fac4800
3fee4000
3fa72800
3ff9a000
3f9e3000
3fffa000
3f9bf800
40031000
3f987800
4008c000
3f925800
400c0000
3f8ed800
40101000
3f8a7800
4015c000
3f845800
40165000
3f83d000
401c0000
3f7ee000
4021b000
3f762000
40235000
3f73a000
40290000
3f6ae000
402eb000
3f622000
402e7000
3f63e000
4034f000
3f5c6000
403aa000
3f55d000
403b7000
3f54e000
4041f000
3f4d6000
3fc74000
3fc5e800
3fd10000
3fbe3800
3fd44000
3fbba800
3fdfa000
3fb2b000
3fe7c000
3fac4800
3fee4000
3fa72800
3ff9a000
3f9e3000
3fffa000
3f9bf800
40031000
3f987800
4008c000
3f925800
400c0000
3f8ed800
40101000
3f8a7800
4015c000
3f845800
40165000
3f83d000
401c0000
3f7ee000
4021b000
3f762000
40235000
3f73a000
40290000
3f6ae000
402eb000
3f622000
402e7000
3f63e000
4034f000
3f5c6000
403aa000
3f55d000
403b7000
3f54e000
4041f000
3f4d6000
3fc74000
3fc5e800
3fd10000
3fbe3800
3fd44000
3fbba800
3fdfa000
3fb2b000
3fe7c000
3fac4800
3fee4000
3fa72800
3ff9a000
3f9e3000
3fffa000
3f9bf800
40031000
3f987800
4008c000
3f925800
400c0000
3f8ed800
40101000
3f8a7800
4015c000
3f845800
40165000
3f83d000
401c0000
3f7ee000
4021b000
3f762000
40235000
3f73a000
40290000
3f6ae000
402eb000
3f622000
402e7000
3f63e000
4034f000
3f5c6000
403aa000
3f55d000
403b7000
3f54e000
4041f000
3f4d6000
3fc74000
3fc5e800
3fd10000
3fbe3800
3fd44000
3fbba800
3fdfa000
3fb2b000
3fe7c000
3fac4800
3fee4000
3fa72800
3ff9a000
3f9e3000
3fffa000
3f9bf800
40031000
3f987800
4008c000
3f925800
400c0000
3f8ed800
40101000
3f8a7800
4015c000
3f845800
40165000
3f83d000
401c0000
3f7ee000
4021b000
3f762000
40235000
3f73a000
40290000
3f6ae000
402eb000
3f622000
402e7000
3f63e000
4034f000
3f5c6000
403aa000
3f55d000
403b7000
3f54e000
4041f000
3f4d6000
3fc74000
3fc5e800
3fd10000
3fbe3800
3fd44000
3fbba800
3fdfa000
3fb2b000
3fe7c000
3fac4800
3fee4000
3fa72800
3ff9a000
3f9e3000
3fffa000
3f9bf800
40031000
3f987800
4008c000
3f925800
400c0000
3f8ed800
40101000
3f8a7800
4015c000
3f845800
40165000
3f83d000
401c0000
3f7ee000
4021b000
3f762000
40235000
3f73a000
40290000
3f6ae000
402eb000
3f622000
402e7000
3f63e000
4034f000
3f5c6000
403aa000
3f55d000
403b7000
3f54e000
4041f000
3f4d6000
3fc86000
3fc6d000
3fd22000
3fbf2000
3fd56000
3fbc9000
3fe0c000
3fb39800
3fe8e000
3fad3000
3fef6000
3fa81000
3ffac000
3f9f1800
40008000
3f9cb000
4003c000
3f993000
40097000
3f931000
400cb000
3f8f9000
4010c000
3f8b3000
40167000
3f851000
40172000
3f847000
401cd000
3f801000
40228000
3f776000
40242000
3f74e000
4029d000
3f6c2000
402f8000
3f636000
402f6000
3f64f000
4035e000
3f5d7000
403b9000
3f56e000
403c6000
3f55f000
4042e000
3f4e7000
3fc86000
3fc6d000
3fd22000
3fbf2000
3fd56000
3fbc9000
3fe0c000
3fb39800
3fe8e000
3fad3000
3fef6000
3fa81000
3ffac000
3f9f1800
40008000
3f9cb000
4003c000
3f993000
40097000
3f931000
400cb000
3f8f9000
4010c000
3f8b3000
40167000
3f851000
40172000
3f847000
401cd000
3f801000
40228000
3f776000
40242000
3f74e000
4029d000
3f6c2000
402f8000
3f636000
402f6000
3f64f000
4035e000
3f5d7000
403b9000
3f56e000
403c6000
3f55f000
4042e000
3f4e7000
3fc86000
3fc6d000
3fd22000
3fbf2000
3fd56000
3fbc9000
3fe0c000
3fb39800
3fe8e000
3fad3000
3fef6000
3fa81000
3ffac000
3f9f1800
40008000
3f9cb000
4003c000
3f993000
40097000
3f931000
400cb000
3f8f9000
4010c000
3f8b3000
40167000
3f851000
40172000
3f847000
401cd000
3f801000
40228000
3f776000
40242000
3f74e000
4029d000
3f6c2000
402f8000
3f636000
402f6000
3f64f000
4035e000
3f5d7000
403b9000
3f56e000
403c6000
3f55f000
4042e000
3f4e7000
3fc86000
3fc6d000
3fd22000
3fbf2000
3fd56000
3fbc9000
3fe0c000
3fb39800
3fe8e000
3fad3000
3fef6000
3fa81000
3ffac000
3f9f1800
40008000
3f9cb000
4003c000
3f993000
40097000
3f931000
400cb000
3f8f9000
4010c000
3f8b3000
40167000
3f851000
40172000
3f847000
401cd000
3f801000
40228000
3f776000
40242000
3f74e000
4029d000
3f6c2000
402f8000
3f636000
402f6000
3f64f000
4035e000
3f5d7000
403b9000
3f56e000
403c6000
3f55f000
4042e000
3f4e7000
3fc86000
3fc6d000
3fd22000
3fbf2000
3fd56000
3fbc9000
3fe0c000
3fb39800
3fe8e000
3fad3000
3fef6000
3fa81000
3ffac000
3f9f1800
40008000
3f9cb000
4003c000
3f993000
40097000
3f931000
400cb000
3f8f9000
4010c000
3f8b3000
40167000
3f851000
40172000
3f847000
401cd000
3f801000
40228000
3f776000
40242000
3f74e000
4029d000
3f6c2000
402f8000
3f636000
402f6000
3f64f000
4035e000
3f5d7000
403b9000
3f56e000
403c6000
3f55f000
4042e000
3f4e7000
3fc86000
3fc6d000
3fd22000
3fbf2000
3fd56000
3fbc9000
3fe0c000
3fb39800
3fe8e000
3fad3000
3fef6000
3fa81000
3ffac000
3f9f1800
40008000
3f9cb000
4003c000
3f993000
40097000
3f931000
400cb000
3f8f9000
4010c000
3f8b3000
40167000
3f851000
40172000
3f847000
401cd000
3f801000
40228000
3f776000
40242000
3f74e000
4029d000
3f6c2000
402f8000
3f636000
402f6000
3f64f000
4035e000
3f5d7000
403b9000
3f56e000
403c6000
3f55f000
4042e000
3f4e7000
3fc86000
3fc6d000
3fd22000
3fbf2000
3fd56000
3fbc9000
3fe0c000
3fb39800
3fe8e000
3fad3000
3fef6000
3fa81000
3ffac000
3f9f1800
40008000
3f9cb000
4003c000
3f993000
40097000
3f931000
400cb000
3f8f9000
4010c000
3f8b3000
40167000
3f851000
40172000
3f847000
401cd000
3f801000
40228000
3f776000
40242000
3f74e000
4029d000
3f6c2000
402f8000
3f636000
402f6000
3f64f000
4035e000
3f5d7000
403b9000
3f56e000
403c6000
3f55f000
4042e000
3f4e7000
3fc86000
3fc6d000
3fd22000
3fbf2000
3fd56000
3fbc9000
3fe0c000
3fb39800
3fe8e000
3fad3000
3fef6000
3fa81000
3ffac000
3f9f1800
40008000
3f9cb000
4003c000
3f993000
40097000
3f931000
400cb000
3f8f9000
4010c000
3f8b3000
40167000
3f851000
40172000
3f847000
401cd000
3f801000
40228000
3f776000
40242000
3f74e000
4029d000
3f6c2000
402f8000
3f636000
402f6000
3f64f000
4035e000
3f5d7000
403b9000
3f56e000
403c6000
3f55f000
4042e000
3f4e7000
3fc86000
3fc6d000
3fd22000
3fbf2000
3fd56000
3fbc9000
3fe0c000
3fb39800
3fe8e000
3fad3000
3fef6000
3fa81000
3ffac000
3f9f1800
40008000
3f9cb000
4003c000
3f993000
40097000
3f931000
400cb000
3f8f9000
4010c000
3f8b3000
40167000
3f851000
40172000
3f847000
401cd000
3f801000
40228000
3f776000
40242000
3f74e000
4029d000
3f6c2000
402f8000
3f636000
402f6000
3f64f000
4035e000
3f5d7000
403b9000
3f56e000
403c6000
3f55f000
4042e000
3f4e7000
3fc86000
3fc6d000
3fd22000
3fbf2000
3fd56000
3fbc9000
3fe0c000
3fb39800
3fe8e000
3fad3000
3fef6000
3fa81000
3ffac000
3f9f1800
40008000
3f9cb000
4003c000
3f993000
40097000
3f931000
400cb000
3f8f9000
4010c000
3f8b3000
40167000
3f851000
40172000
3f847000
401cd000
3f801000
40228000
3f776000
40242000
3f74e000
4029d000
3f6c2000
402f8000
3f636000
402f6000
3f64f000
4035e000
3f5d7000
403b9000
3f56e000
403c6000
3f55f000
4042e000
3f4e7000
3fc86000
3fc6d000
3fd22000
3fbf2000
3fd56000
3fbc9000
3fe0c000
3fb39800
3fe8e000
3fad3000
3fef6000
3fa81000
3ffac000
3f9f1800
40008000
3f9cb000
4003c000
3f993000
40097000
3f931000
400cb000
3f8f9000
4010c000
3f8b3000
40167000
3f851000
40172000
3f847000
401cd000
3f801000
40228000
3f776000
40242000
3f74e000
4029d000
3f6c2000
402f8000
3f636000
402f6000
3f64f000
4035e000
3f5d7000
403b9000
3f56e000
403c6000
3f55f000
4042e000
3f4e7000
3fc86000
3fc6d000
3fd22000
3fbf2000
3fd56000
3fbc9000
3fe0c000
3fb39800
3fe8e000
3fad3000
3fef6000
3fa81000
3ffac000
3f9f1800
40008000
3f9cb000
4003c000
3f993000
40097000
3f931000
400cb000
3f8f9000
4010c000
3f8b3000
40167000
3f851000
40172000
3f847000
401cd000
3f801000
40228000
3f776000
40242000
3f74e000
4029d000
3f6c2000
402f8000
3f636000
402f6000
3f64f000
4035e000
3f5d7000
403b9000
3f56e000
403c6000
3f55f000
4042e000
3f4e7000
3fc98000
3fc7b800
3fd34000
3fc00800
3fd68000
3fbd7800
3fe1e000
3fb48000
3fea0000
3fae1800
3ff08000
3fa8f800
3ffbe000
3fa00000
40013000
3f9d6800
40047000
3f99e800
400a2000
3f93c800
400d6000
3f904800
40117000
3f8be800
40172000
3f85c800
4017f000
3f851000
401da000
3f80b000
40235000
3f78a000
4024f000
3f762000
402aa000
3f6d6000
40305000
3f64a000
40305000
3f660000
4036d000
3f5e8000
403c8000
3f57f000
403d5000
3f570000
4043d000
3f4f8000
3fc98000
3fc7b800
3fd34000
3fc00800
3fd68000
3fbd7800
3fe1e000
3fb48000
3fea0000
3fae1800
3ff08000
3fa8f800
3ffbe000
3fa00000
40013000
3f9d6800
40047000
3f99e800
400a2000
3f93c800
400d6000
3f904800
40117000
3f8be800
40172000
3f85c800
4017f000
3f851000
401da000
3f80b000
40235000
3f78a000
4024f000
3f762000
402aa000
3f6d6000
40305000
3f64a000
40305000
3f660000
4036d000
3f5e8000
403c8000
3f57f000
403d5000
3f570000
4043d000
3f4f8000
3fcbc000
3fc98800
3fd58000
3fc1d800
3fd8c000
3fbf4800
3fe42000
3fb65000
3fec4000
3fafe800
3ff2c000
3faac800
3ffe2000
3fa1d000
40029000
3f9ed800
4005d000
3f9b5800
400b8000
3f953800
400ec000
3f91b800
4012d000
3f8d5800
40188000
3f873800
40199000
3f865000
401f4000
3f81f000
4024f000
3f7b2000
40269000
3f78a000
402c4000
3f6fe000
4031f000
3f672000
40323000
3f682000
4038b000
3f60a000
403e6000
3f5a1000
403f3000
3f592000
4045b000
3f51a000
3fcce000
3fca7000
3fd6a000
3fc2c000
3fd9e000
3fc03000
3fe54000
3fb73800
3fed6000
3fb0d000
3ff3e000
3fabb000
3fff4000
3fa2b800
40034000
3f9f9000
40068000
3f9c1000
400c3000
3f95f000
400f7000
3f927000
40138000
3f8e1000
40193000
3f87f000
401a6000
3f86f000
40201000
3f829000
4025c000
3f7c6000
40276000
3f79e000
402d1000
3f712000
4032c000
3f686000
40332000
3f693000
4039a000
3f61b000
403f5000
3f5b2000
40402000
3f5a3000
4046a000
3f52b000
3fcce000
3fca7000
3fd6a000
3fc2c000
3fd9e000
3fc03000
3fe54000
3fb73800
3fed6000
3fb0d000
3ff3e000
3fabb000
3fff4000
3fa2b800
40034000
3f9f9000
40068000
3f9c1000
400c3000
3f95f000
400f7000
3f927000
40138000
3f8e1000
40193000
3f87f000
401a6000
3f86f000
40201000
3f829000
4025c000
3f7c6000
40276000
3f79e000
402d1000
3f712000
4032c000
3f686000
40332000
3f693000
4039a000
3f61b000
403f5000
3f5b2000
40402000
3f5a3000
4046a000
3f52b000
3fcf2000
3fcc4000
3fd8e000
3fc49000
3fdc2000
3fc20000
3fe78000
3fb90800
3fefa000
3fb2a000
3ff62000
3fad8000
4000c000
3fa48800
4004a000
3fa10000
4007e000
3f9d8000
400d9000
3f976000
4010d000
3f93e000
4014e000
3f8f8000
401a9000
3f896000
401c0000
3f883000
4021b000
3f83d000
40276000
3f7ee000
40290000
3f7c6000
402eb000
3f73a000
40346000
3f6ae000
40350000
3f6b5000
403b8000
3f63d000
40413000
3f5d4000
40420000
3f5c5000
40488000
3f54d000
3fd04000
3fcd2800
3fda0000
3fc57800
3fdd4000
3fc2e800
3fe8a000
3fb9f000
3ff0c000
3fb38800
3ff74000
3fae6800
40015000
3fa57000
40055000
3fa1b800
40089000
3f9e3800
400e4000
3f981800
40118000
3f949800
40159000
3f903800
401b4000
3f8a1800
401cd000
3f88d000
40228000
3f847000
40283000
3f801000
4029d000
3f7da000
402f8000
3f74e000
40353000
3f6c2000
4035f000
3f6c6000
403c7000
3f64e000
40422000
3f5e5000
4042f000
3f5d6000
40497000
3f55e000
3fd04000
3fcd2800
3fda0000
3fc57800
3fdd4000
3fc2e800
3fe8a000
3fb9f000
3ff0c000
3fb38800
3ff74000
3fae6800
40015000
3fa57000
40055000
3fa1b800
40089000
3f9e3800
400e4000
3f981800
40118000
3f949800
40159000
3f903800
401b4000
3f8a1800
401cd000
3f88d000
40228000
3f847000
40283000
3f801000
4029d000
3f7da000
402f8000
3f74e000
40353000
3f6c2000
4035f000
3f6c6000
403c7000
3f64e000
40422000
3f5e5000
4042f000
3f5d6000
40497000
3f55e000
3fd04000
3fcd2800
3fda0000
3fc57800
3fdd4000
3fc2e800
3fe8a000
3fb9f000
3ff0c000
3fb38800
3ff74000
3fae6800
40015000
3fa57000
40055000
3fa1b800
40089000
3f9e3800
400e4000
3f981800
40118000
3f949800
40159000
3f903800
401b4000
3f8a1800
401cd000
3f88d000
40228000
3f847000
40283000
3f801000
4029d000
3f7da000
402f8000
3f74e000
40353000
3f6c2000
4035f000
3f6c6000
403c7000
3f64e000
40422000
3f5e5000
4042f000
3f5d6000
40497000
3f55e000
3fd04000
3fcd2800
3fda0000
3fc57800
3fdd4000
3fc2e800
3fe8a000
3fb9f000
3ff0c000
3fb38800
3ff74000
3fae6800
40015000
3fa57000
40055000
3fa1b800
40089000
3f9e3800
400e4000
3f981800
40118000
3f949800
40159000
3f903800
401b4000
3f8a1800
401cd000
3f88d000
40228000
3f847000
40283000
3f801000
4029d000
3f7da000
402f8000
3f74e000
40353000
3f6c2000
4035f000
3f6c6000
403c7000
3f64e000
40422000
3f5e5000
4042f000
3f5d6000
40497000
3f55e000
3fd04000
3fcd2800
3fda0000
3fc57800
3fdd4000
3fc2e800
3fe8a000
3fb9f000
3ff0c000
3fb38800
3ff74000
3fae6800
40015000
3fa57000
40055000
3fa1b800
40089000
3f9e3800
400e4000
3f981800
40118000
3f949800
40159000
3f903800
401b4000
3f8a1800
401cd000
3f88d000
40228000
3f847000
40283000
3f801000
4029d000
3f7da000
402f8000
3f74e000
40353000
3f6c2000
4035f000
3f6c6000
403c7000
3f64e000
40422000
3f5e5000
4042f000
3f5d6000
40497000
3f55e000
3fd04000
3fcd2800
3fda0000
3fc57800
3fdd4000
3fc2e800
3fe8a000
3fb9f000
3ff0c000
3fb38800
3ff74000
3fae6800
40015000
3fa57000
40055000
3fa1b800
40089000
3f9e3800
400e4000
3f981800
40118000
3f949800
40159000
3f903800
401b4000
3f8a1800
401cd000
3f88d000
40228000
3f847000
40283000
3f801000
4029d000
3f7da000
402f8000
3f74e000
40353000
3f6c2000
4035f000
3f6c6000
403c7000
3f64e000
40422000
3f5e5000
4042f000
3f5d6000
40497000
3f55e000
3fd04000
3fcd2800
3fda0000
3fc57800
3fdd4000
3fc2e800
3fe8a000
3fb9f000
3ff0c000
3fb38800
3ff74000
3fae6800
40015000
3fa57000
40055000
3fa1b800
40089000
3f9e3800
400e4000
3f981800
40118000
3f949800
40159000
3f903800
401b4000
3f8a1800
401cd000
3f88d000
40228000
3f847000
40283000
3f801000
4029d000
3f7da000
402f8000
3f74e000
40353000
3f6c2000
4035f000
3f6c6000
403c7000
3f64e000
40422000
3f5e5000
4042f000
3f5d6000
40497000
3f55e000
3fd04000
3fcd2800
3fda0000
3fc57800
3fdd4000
3fc2e800
3fe8a000
3fb9f000
3ff0c000
3fb38800
3ff74000
3fae6800
40015000
3fa57000
40055000
3fa1b800
40089000
3f9e3800
400e4000
3f981800
40118000
3f949800
40159000
3f903800
401b4000
3f8a1800
401cd000
3f88d000
40228000
3f847000
40283000
3f801000
4029d000
3f7da000
402f8000
3f74e000
40353000
3f6c2000
4035f000
3f6c6000
403c7000
3f64e000
40422000
3f5e5000
4042f000
3f5d6000
40497000
3f55e000
3fd16000
3fce1000
3fdb2000
3fc66000
3fde6000
3fc3d000
3fe9c000
3fbad800
3ff1e000
3fb47000
3ff86000
3faf5000
4001e000
3fa65800
40060000
3fa27000
40094000
3f9ef000
400ef000
3f98d000
40123000
3f955000
40164000
3f90f000
401bf000
3f8ad000
401da000
3f897000
40235000
3f851000
40290000
3f80b000
402aa000
3f7ee000
40305000
3f762000
40360000
3f6d6000
4036e000
3f6d7000
403d6000
3f65f000
40431000
3f5f6000
4043e000
3f5e7000
404a6000
3f56f000
3fd16000
3fce1000
3fdb2000
3fc66000
3fde6000
3fc3d000
3fe9c000
3fbad800
3ff1e000
3fb47000
3ff86000
3faf5000
4001e000
3fa65800
40060000
3fa27000
40094000
3f9ef000
400ef000
3f98d000
40123000
3f955000
40164000
3f90f000
401bf000
3f8ad000
401da000
3f897000
40235000
3f851000
40290000
3f80b000
402aa000
3f7ee000
40305000
3f762000
40360000
3f6d6000
4036e000
3f6d7000
403d6000
3f65f000
40431000
3f5f6000
4043e000
3f5e7000
404a6000
3f56f000
3fd16000
3fce1000
3fdb2000
3fc66000
3fde6000
3fc3d000
3fe9c000
3fbad800
3ff1e000
3fb47000
3ff86000
3faf5000
4001e000
3fa65800
40060000
3fa27000
40094000
3f9ef000
400ef000
3f98d000
40123000
3f955000
40164000
3f90f000
401bf000
3f8ad000
401da000
3f897000
40235000
3f851000
40290000
3f80b000
402aa000
3f7ee000
40305000
3f762000
40360000
3f6d6000
4036e000
3f6d7000
403d6000
3f65f000
40431000
3f5f6000
4043e000
3f5e7000
404a6000
3f56f000
3fd16000
3fce1000
3fdb2000
3fc66000
3fde6000
3fc3d000
3fe9c000
3fbad800
3ff1e000
3fb47000
3ff86000
3faf5000
4001e000
3fa65800
40060000
3fa27000
40094000
3f9ef000
400ef000
3f98d000
40123000
3f955000
40164000
3f90f000
401bf000
3f8ad000
401da000
3f897000
40235000
3f851000
40290000
3f80b000
402aa000
3f7ee000
40305000
3f762000
40360000
3f6d6000
4036e000
3f6d7000
403d6000
3f65f000
40431000
3f5f6000
4043e000
3f5e7000
404a6000
3f56f000
3fd16000
3fce1000
3fdb2000
3fc66000
3fde6000
3fc3d000
3fe9c000
3fbad800
3ff1e000
3fb47000
3ff86000
3faf5000
4001e000
3fa65800
40060000
3fa27000
40094000
3f9ef000
400ef000
3f98d000
40123000
3f955000
40164000
3f90f000
401bf000
3f8ad000
401da000
3f897000
40235000
3f851000
40290000
3f80b000
402aa000
3f7ee000
40305000
3f762000
40360000
3f6d6000
4036e000
3f6d7000
403d6000
3f65f000
40431000
3f5f6000
4043e000
3f5e7000
404a6000
3f56f000
3fd16000
3fce1000
3fdb2000
3fc66000
3fde6000
3fc3d000
3fe9c000
3fbad800
3ff1e000
3fb47000
3ff86000
3faf5000
4001e000
3fa65800
40060000
3fa27000
40094000
3f9ef000
400ef000
3f98d000
40123000
3f955000
40164000
3f90f000
401bf000
3f8ad000
401da000
3f897000
40235000
3f851000
40290000
3f80b000
402aa000
3f7ee000
40305000
3f762000
40360000
3f6d6000
4036e000
3f6d7000
403d6000
3f65f000
40431000
3f5f6000
4043e000
3f5e7000
404a6000
3f56f000
3fd16000
3fce1000
3fdb2000
3fc66000
3fde6000
3fc3d000
3fe9c000
3fbad800
3ff1e000
3fb47000
3ff86000
3faf5000
4001e000
3fa65800
40060000
3fa27000
40094000
3f9ef000
400ef000
3f98d000
40123000
3f955000
40164000
3f90f000
401bf000
3f8ad000
401da000
3f897000
40235000
3f851000
40290000
3f80b000
402aa000
3f7ee000
40305000
3f762000
40360000
3f6d6000
4036e000
3f6d7000
403d6000
3f65f000
40431000
3f5f6000
4043e000
3f5e7000
404a6000
3f56f000
3fd16000
3fce1000
3fdb2000
3fc66000
3fde6000
3fc3d000
3fe9c000
3fbad800
3ff1e000
3fb47000
3ff86000
3faf5000
4001e000
3fa65800
40060000
3fa27000
40094000
3f9ef000
400ef000
3f98d000
40123000
3f955000
40164000
3f90f000
401bf000
3f8ad000
401da000
3f897000
40235000
3f851000
40290000
3f80b000
402aa000
3f7ee000
40305000
3f762000
40360000
3f6d6000
4036e000
3f6d7000
403d6000
3f65f000
40431000
3f5f6000
4043e000
3f5e7000
404a6000
3f56f000
3fd16000
3fce1000
3fdb2000
3fc66000
3fde6000
3fc3d000
3fe9c000
3fbad800
3ff1e000
3fb47000
3ff86000
3faf5000
4001e000
3fa65800
40060000
3fa27000
40094000
3f9ef000
400ef000
3f98d000
40123000
3f955000
40164000
3f90f000
401bf000
3f8ad000
401da000
3f897000
40235000
3f851000
40290000
3f80b000
402aa000
3f7ee000
40305000
3f762000
40360000
3f6d6000
4036e000
3f6d7000
403d6000
3f65f000
40431000
3f5f6000
4043e000
3f5e7000
404a6000
3f56f000
3fd16000
3fce1000
3fdb2000
3fc66000
3fde6000
3fc3d000
3fe9c000
3fbad800
3ff1e000
3fb47000
3ff86000
3faf5000
4001e000
3fa65800
40060000
3fa27000
40094000
3f9ef000
400ef000
3f98d000
40123000
3f955000
40164000
3f90f000
401bf000
3f8ad000
401da000
3f897000
40235000
3f851000
40290000
3f80b000
402aa000
3f7ee000
40305000
3f762000
40360000
3f6d6000
4036e000
3f6d7000
403d6000
3f65f000
40431000
3f5f6000
4043e000
3f5e7000
404a6000
3f56f000
3fd16000
3fce1000
3fdb2000
3fc66000
3fde6000
3fc3d000
3fe9c000
3fbad800
3ff1e000
3fb47000
3ff86000
3faf5000
4001e000
3fa65800
40060000
3fa27000
40094000
3f9ef000
400ef000
3f98d000
40123000
3f955000
40164000
3f90f000
401bf000
3f8ad000
401da000
3f897000
40235000
3f851000
40290000
3f80b000
402aa000
3f7ee000
40305000
3f762000
40360000
3f6d6000
4036e000
3f6d7000
403d6000
3f65f000
40431000
3f5f6000
4043e000
3f5e7000
404a6000
3f56f000
3fd16000
3fce1000
3fdb2000
3fc66000
3fde6000
3fc3d000
3fe9c000
3fbad800
3ff1e000
3fb47000
3ff86000
3faf5000
4001e000
3fa65800
40060000
3fa27000
40094000
3f9ef000
400ef000
3f98d000
40123000
3f955000
40164000
3f90f000
401bf000
3f8ad000
401da000
3f897000
40235000
3f851000
40290000
3f80b000
402aa000
3f7ee000
40305000
3f762000
40360000
3f6d6000
4036e000
3f6d7000
403d6000
3f65f000
40431000
3f5f6000
4043e000
3f5e7000
404a6000
3f56f000
3fd28000
3fcef800
3fdc4000
3fc74800
3fdf8000
3fc4b800
3feae000
3fbbc000
3ff30000
3fb55800
3ff98000
3fb03800
40027000
3fa74000
4006b000
3fa32800
4009f000
3f9fa800
400fa000
3f998800
4012e000
3f960800
4016f000
3f91a800
401ca000
3f8b8800
401e7000
3f8a1000
40242000
3f85b000
4029d000
3f815000
402b7000
3f801000
40312000
3f776000
4036d000
3f6ea000
4037d000
3f6e8000
403e5000
3f670000
40440000
3f607000
4044d000
3f5f8000
404b5000
3f580000
3fd28000
3fcef800
3fdc4000
3fc74800
3fdf8000
3fc4b800
3feae000
3fbbc000
3ff30000
3fb55800
3ff98000
3fb03800
40027000
3fa74000
4006b000
3fa32800
4009f000
3f9fa800
400fa000
3f998800
4012e000
3f960800
4016f000
3f91a800
401ca000
3f8b8800
401e7000
3f8a1000
40242000
3f85b000
4029d000
3f815000
402b7000
3f801000
40312000
3f776000
4036d000
3f6ea000
4037d000
3f6e8000
403e5000
3f670000
40440000
3f607000
4044d000
3f5f8000
404b5000
3f580000
3fd4c000
3fd0c800
3fde8000
3fc91800
3fe1c000
3fc68800
3fed2000
3fbd9000
3ff54000
3fb72800
3ffbc000
3fb20800
40039000
3fa91000
40081000
3fa49800
400b5000
3fa11800
40110000
3f9af800
40144000
3f977800
40185000
3f931800
401e0000
3f8cf800
40201000
3f8b5000
4025c000
3f86f000
402b7000
3f829000
402d1000
3f815000
4032c000
3f79e000
40387000
3f712000
4039b000
3f70a000
40403000
3f692000
4045e000
3f629000
4046b000
3f61a000
404d3000
3f5a2000
3fd5e000
3fd1b000
3fdfa000
3fca0000
3fe2e000
3fc77000
3fee4000
3fbe7800
3ff66000
3fb81000
3ffce000
3fb2f000
40042000
3fa9f800
4008c000
3fa55000
400c0000
3fa1d000
4011b000
3f9bb000
4014f000
3f983000
40190000
3f93d000
401eb000
3f8db000
4020e000
3f8bf000
40269000
3f879000
402c4000
3f833000
402de000
3f81f000
40339000
3f7b2000
40394000
3f726000
403aa000
3f71b000
40412000
3f6a3000
4046d000
3f63a000
4047a000
3f62b000
404e2000
3f5b3000
3fd5e000
3fd1b000
3fdfa000
3fca0000
3fe2e000
3fc77000
3fee4000
3fbe7800
3ff66000
3fb81000
3ffce000
3fb2f000
40042000
3fa9f800
4008c000
3fa55000
400c0000
3fa1d000
4011b000
3f9bb000
4014f000
3f983000
40190000
3f93d000
401eb000
3f8db000
4020e000
3f8bf000
40269000
3f879000
402c4000
3f833000
402de000
3f81f000
40339000
3f7b2000
40394000
3f726000
403aa000
3f71b000
40412000
3f6a3000
4046d000
3f63a000
4047a000
3f62b000
404e2000
3f5b3000
3fd82000
3fd38000
3fe1e000
3fcbd000
3fe52000
3fc94000
3ff08000
3fc04800
3ff8a000
3fb9e000
3fff2000
3fb4c000
40054000
3fabc800
400a2000
3fa6c000
400d6000
3fa34000
40131000
3f9d2000
40165000
3f99a000
401a6000
3f954000
40201000
3f8f2000
40228000
3f8d3000
40283000
3f88d000
402de000
3f847000
402f8000
3f833000
40353000
3f7da000
403ae000
3f74e000
403c8000
3f73d000
40430000
3f6c5000
4048b000
3f65c000
40498000
3f64d000
40500000
3f5d5000
3fd94000
3fd46800
3fe30000
3fccb800
3fe64000
3fca2800
3ff1a000
3fc13000
3ff9c000
3fbac800
40002000
3fb5a800
4005d000
3facb000
400ad000
3fa77800
400e1000
3fa3f800
4013c000
3f9dd800
40170000
3f9a5800
401b1000
3f95f800
4020c000
3f8fd800
40235000
3f8dd000
40290000
3f897000
402eb000
3f851000
40305000
3f83d000
40360000
3f7ee000
403bb000
3f762000
403d7000
3f74e000
4043f000
3f6d6000
4049a000
3f66d000
404a7000
3f65e000
4050f000
3f5e6000
3fd94000
3fd46800
3fe30000
3fccb800
3fe64000
3fca2800
3ff1a000
3fc13000
3ff9c000
3fbac800
40002000
3fb5a800
4005d000
3facb000
400ad000
3fa77800
400e1000
3fa3f800
4013c000
3f9dd800
40170000
3f9a5800
401b1000
3f95f800
4020c000
3f8fd800
40235000
3f8dd000
40290000
3f897000
402eb000
3f851000
40305000
3f83d000
40360000
3f7ee000
403bb000
3f762000
403d7000
3f74e000
4043f000
3f6d6000
4049a000
3f66d000
404a7000
3f65e000
4050f000
3f5e6000
3fd94000
3fd46800
3fe30000
3fccb800
3fe64000
3fca2800
3ff1a000
3fc13000
3ff9c000
3fbac800
40002000
3fb5a800
4005d000
3facb000
400ad000
3fa77800
400e1000
3fa3f800
4013c000
3f9dd800
40170000
3f9a5800
401b1000
3f95f800
4020c000
3f8fd800
40235000
3f8dd000
40290000
3f897000
402eb000
3f851000
40305000
3f83d000
40360000
3f7ee000
403bb000
3f762000
403d7000
3f74e000
4043f000
3f6d6000
4049a000
3f66d000
404a7000
3f65e000
4050f000
3f5e6000
3fd94000
3fd46800
3fe30000
3fccb800
3fe64000
3fca2800
3ff1a000
3fc13000
3ff9c000
3fbac800
40002000
3fb5a800
4005d000
3facb000
400ad000
3fa77800
400e1000
3fa3f800
4013c000
3f9dd800
40170000
3f9a5800
401b1000
3f95f800
4020c000
3f8fd800
40235000
3f8dd000
40290000
3f897000
402eb000
3f851000
40305000
3f83d000
40360000
3f7ee000
403bb000
3f762000
403d7000
3f74e000
4043f000
3f6d6000
4049a000
3f66d000
404a7000
3f65e000
4050f000
3f5e6000
3fd94000
3fd46800
3fe30000
3fccb800
3fe64000
3fca2800
3ff1a000
3fc13000
3ff9c000
3fbac800
40002000
3fb5a800
4005d000
3facb000
400ad000
3fa77800
400e1000
3fa3f800
4013c000
3f9dd800
40170000
3f9a5800
401b1000
3f95f800
4020c000
3f8fd800
40235000
3f8dd000
40290000
3f897000
402eb000
3f851000
40305000
3f83d000
40360000
3f7ee000
403bb000
3f762000
403d7000
3f74e000
4043f000
3f6d6000
4049a000
3f66d000
404a7000
3f65e000
4050f000
3f5e6000
3fd94000
3fd46800
3fe30000
3fccb800
3fe64000
3fca2800
3ff1a000
3fc13000
3ff9c000
3fbac800
40002000
3fb5a800
4005d000
3facb000
400ad000
3fa77800
400e1000
3fa3f800
4013c000
3f9dd800
40170000
3f9a5800
401b1000
3f95f800
4020c000
3f8fd800
40235000
3f8dd000
40290000
3f897000
402eb000
3f851000
40305000
3f83d000
40360000
3f7ee000
403bb000
3f762000
403d7000
3f74e000
4043f000
3f6d6000
4049a000
3f66d000
404a7000
3f65e000
4050f000
3f5e6000
3fd94000
3fd46800
3fe30000
3fccb800
3fe64000
3fca2800
3ff1a000
3fc13000
3ff9c000
3fbac800
40002000
3fb5a800
4005d000
3facb000
400ad000
3fa77800
400e1000
3fa3f800
4013c000
3f9dd800
40170000
3f9a5800
401b1000
3f95f800
4020c000
3f8fd800
40235000
3f8dd000
40290000
3f897000
402eb000
3f851000
40305000
3f83d000
40360000
3f7ee000
403bb000
3f762000
403d7000
3f74e000
4043f000
3f6d6000
4049a000
3f66d000
404a7000
3f65e000
4050f000
3f5e6000
3fd94000
3fd46800
3fe30000
3fccb800
3fe64000
3fca2800
3ff1a000
3fc13000
3ff9c000
3fbac800
40002000
3fb5a800
4005d000
3facb000
400ad000
3fa77800
400e1000
3fa3f800
4013c000
3f9dd800
40170000
3f9a5800
401b1000
3f95f800
4020c000
3f8fd800
40235000
3f8dd000
40290000
3f897000
402eb000
3f851000
40305000
3f83d000
40360000
3f7ee000
403bb000
3f762000
403d7000
3f74e000
4043f000
3f6d6000
4049a000
3f66d000
404a7000
3f65e000
4050f000
3f5e6000
3fda6000
3fd55000
3fe42000
3fcda000
3fe76000
3fcb1000
3ff2c000
3fc21800
3ffae000
3fbbb000
4000b000
3fb69000
40066000
3fad9800
400b8000
3fa83000
400ec000
3fa4b000
40147000
3f9e9000
4017b000
3f9b1000
401bc000
3f96b000
40217000
3f909000
40242000
3f8e7000
4029d000
3f8a1000
402f8000
3f85b000
40312000
3f847000
4036d000
3f801000
403c8000
3f776000
403e6000
3f75f000
4044e000
3f6e7000
404a9000
3f67e000
404b6000
3f66f000
4051e000
3f5f7000
3fda6000
3fd55000
3fe42000
3fcda000
3fe76000
3fcb1000
3ff2c000
3fc21800
3ffae000
3fbbb000
4000b000
3fb69000
40066000
3fad9800
400b8000
3fa83000
400ec000
3fa4b000
40147000
3f9e9000
4017b000
3f9b1000
401bc000
3f96b000
40217000
3f909000
40242000
3f8e7000
4029d000
3f8a1000
402f8000
3f85b000
40312000
3f847000
4036d000
3f801000
403c8000
3f776000
403e6000
3f75f000
4044e000
3f6e7000
404a9000
3f67e000
404b6000
3f66f000
4051e000
3f5f7000
3fda6000
3fd55000
3fe42000
3fcda000
3fe76000
3fcb1000
3ff2c000
3fc21800
3ffae000
3fbbb000
4000b000
3fb69000
40066000
3fad9800
400b8000
3fa83000
400ec000
3fa4b000
40147000
3f9e9000
4017b000
3f9b1000
401bc000
3f96b000
40217000
3f909000
40242000
3f8e7000
4029d000
3f8a1000
402f8000
3f85b000
40312000
3f847000
4036d000
3f801000
403c8000
3f776000
403e6000
3f75f000
4044e000
3f6e7000
404a9000
3f67e000
404b6000
3f66f000
4051e000
3f5f7000
3fda6000
3fd55000
3fe42000
3fcda000
3fe76000
3fcb1000
3ff2c000
3fc21800
3ffae000
3fbbb000
4000b000
3fb69000
40066000
3fad9800
400b8000
3fa83000
400ec000
3fa4b000
40147000
3f9e9000
4017b000
3f9b1000
401bc000
3f96b000
40217000
3f909000
40242000
3f8e7000
4029d000
3f8a1000
402f8000
3f85b000
40312000
3f847000
4036d000
3f801000
403c8000
3f776000
403e6000
3f75f000
4044e000
3f6e7000
404a9000
3f67e000
404b6000
3f66f000
4051e000
3f5f7000
3fda6000
3fd55000
3fe42000
3fcda000
3fe76000
3fcb1000
3ff2c000
3fc21800
3ffae000
3fbbb000
4000b000
3fb69000
40066000
3fad9800
400b8000
3fa83000
400ec000
3fa4b000
40147000
3f9e9000
4017b000
3f9b1000
401bc000
3f96b000
40217000
3f909000
40242000
3f8e7000
4029d000
3f8a1000
402f8000
3f85b000
40312000
3f847000
4036d000
3f801000
403c8000
3f776000
403e6000
3f75f000
4044e000
3f6e7000
404a9000
3f67e000
404b6000
3f66f000
4051e000
3f5f7000
3fda6000
3fd55000
3fe42000
3fcda000
3fe76000
3fcb1000
3ff2c000
3fc21800
3ffae000
3fbbb000
4000b000
3fb69000
40066000
3fad9800
400b8000
3fa83000
400ec000
3fa4b000
40147000
3f9e9000
4017b000
3f9b1000
401bc000
3f96b000
40217000
3f909000
40242000
3f8e7000
4029d000
3f8a1000
402f8000
3f85b000
40312000
3f847000
4036d000
3f801000
403c8000
3f776000
403e6000
3f75f000
4044e000
3f6e7000
404a9000
3f67e000
404b6000
3f66f000
4051e000
3f5f7000
3fda6000
3fd55000
3fe42000
3fcda000
3fe76000
3fcb1000
3ff2c000
3fc21800
3ffae000
3fbbb000
4000b000
3fb69000
40066000
3fad9800
400b8000
3fa83000
400ec000
3fa4b000
40147000
3f9e9000
4017b000
3f9b1000
401bc000
3f96b000
40217000
3f909000
40242000
3f8e7000
4029d000
3f8a1000
402f8000
3f85b000
40312000
3f847000
4036d000
3f801000
403c8000
3f776000
403e6000
3f75f000
4044e000
3f6e7000
404a9000
3f67e000
404b6000
3f66f000
4051e000
3f5f7000
3fda6000
3fd55000
3fe42000
3fcda000
3fe76000
3fcb1000
3ff2c000
3fc21800
3ffae000
3fbbb000
4000b000
3fb69000
40066000
3fad9800
400b8000
3fa83000
400ec000
3fa4b000
40147000
3f9e9000
4017b000
3f9b1000
401bc000
3f96b000
40217000
3f909000
40242000
3f8e7000
4029d000
3f8a1000
402f8000
3f85b000
40312000
3f847000
4036d000
3f801000
403c8000
3f776000
403e6000
3f75f000
4044e000
3f6e7000
404a9000
3f67e000
404b6000
3f66f000
4051e000
3f5f7000
3fda6000
3fd55000
3fe42000
3fcda000
3fe76000
3fcb1000
3ff2c000
3fc21800
3ffae000
3fbbb000
4000b000
3fb69000
40066000
3fad9800
400b8000
3fa83000
400ec000
3fa4b000
40147000
3f9e9000
4017b000
3f9b1000
401bc000
3f96b000
40217000
3f909000
40242000
3f8e7000
4029d000
3f8a1000
402f8000
3f85b000
40312000
3f847000
4036d000
3f801000
403c8000
3f776000
403e6000
3f75f000
4044e000
3f6e7000
404a9000
3f67e000
404b6000
3f66f000
4051e000
3f5f7000
3fda6000
3fd55000
3fe42000
3fcda000
3fe76000
3fcb1000
3ff2c000
3fc21800
3ffae000
3fbbb000
4000b000
3fb69000
40066000
3fad9800
400b8000
3fa83000
400ec000
3fa4b000
40147000
3f9e9000
4017b000
3f9b1000
401bc000
3f96b000
40217000
3f909000
40242000
3f8e7000
4029d000
3f8a1000
402f8000
3f85b000
40312000
3f847000
4036d000
3f801000
403c8000
3f776000
403e6000
3f75f000
4044e000
3f6e7000
404a9000
3f67e000
404b6000
3f66f000
4051e000
3f5f7000
3fda6000
3fd55000
3fe42000
3fcda000
3fe76000
3fcb1000
3ff2c000
3fc21800
3ffae000
3fbbb000
4000b000
3fb69000
40066000
3fad9800
400b8000
3fa83000
400ec000
3fa4b000
40147000
3f9e9000
4017b000
3f9b1000
401bc000
3f96b000
40217000
3f909000
40242000
3f8e7000
4029d000
3f8a1000
402f8000
3f85b000
40312000
3f847000
4036d000
3f801000
403c8000
3f776000
403e6000
3f75f000
4044e000
3f6e7000
404a9000
3f67e000
404b6000
3f66f000
4051e000
3f5f7000
3fda6000
3fd55000
3fe42000
3fcda000
3fe76000
3fcb1000
3ff2c000
3fc21800
3ffae000
3fbbb000
4000b000
3fb69000
40066000
3fad9800
400b8000
3fa83000
400ec000
3fa4b000
40147000
3f9e9000
4017b000
3f9b1000
401bc000
3f96b000
40217000
3f909000
40242000
3f8e7000
4029d000
3f8a1000
402f8000
3f85b000
40312000
3f847000
4036d000
3f801000
403c8000
3f776000
403e6000
3f75f000
4044e000
3f6e7000
404a9000
3f67e000
404b6000
3f66f000
4051e000
3f5f7000
3fdb8000
3fd63800
3fe54000
3fce8800
3fe88000
3fcbf800
3ff3e000
3fc30000
3ffc0000
3fbc9800
40014000
3fb77800
4006f000
3fae8000
400c3000
3fa8e800
400f7000
3fa56800
40152000
3f9f4800
40186000
3f9bc800
401c7000
3f976800
40222000
3f914800
4024f000
3f8f1000
402aa000
3f8ab000
40305000
3f865000
4031f000
3f851000
4037a000
3f80b000
403d5000
3f78a000
403f5000
3f770000
4045d000
3f6f8000
404b8000
3f68f000
404c5000
3f680000
4052d000
3f608000
3fdb8000
3fd63800
3fe54000
3fce8800
3fe88000
3fcbf800
3ff3e000
3fc30000
3ffc0000
3fbc9800
40014000
3fb77800
4006f000
3fae8000
400c3000
3fa8e800
400f7000
3fa56800
40152000
3f9f4800
40186000
3f9bc800
401c7000
3f976800
40222000
3f914800
4024f000
3f8f1000
402aa000
3f8ab000
40305000
3f865000
4031f000
3f851000
4037a000
3f80b000
403d5000
3f78a000
403f5000
3f770000
4045d000
3f6f8000
404b8000
3f68f000
404c5000
3f680000
4052d000
3f608000
3fddc000
3fd80800
3fe78000
3fd05800
3feac000
3fcdc800
3ff62000
3fc4d000
3ffe4000
3fbe6800
40026000
3fb94800
40081000
3fb05000
400d9000
3faa5800
4010d000
3fa6d800
40168000
3fa0b800
4019c000
3f9d3800
401dd000
3f98d800
40238000
3f92b800
40269000
3f905000
402c4000
3f8bf000
4031f000
3f879000
40339000
3f865000
40394000
3f81f000
403ef000
3f7b2000
40413000
3f792000
4047b000
3f71a000
404d6000
3f6b1000
404e3000
3f6a2000
4054b000
3f62a000
3fdee000
3fd8f000
3fe8a000
3fd14000
3febe000
3fceb000
3ff74000
3fc5b800
3fff6000
3fbf5000
4002f000
3fba3000
4008a000
3fb13800
400e4000
3fab1000
40118000
3fa79000
40173000
3fa17000
401a7000
3f9df000
401e8000
3f999000
40243000
3f937000
40276000
3f90f000
402d1000
3f8c9000
4032c000
3f883000
40346000
3f86f000
403a1000
3f829000
403fc000
3f7c6000
40422000
3f7a3000
4048a000
3f72b000
404e5000
3f6c2000
404f2000
3f6b3000
4055a000
3f63b000
3fdee000
3fd8f000
3fe8a000
3fd14000
3febe000
3fceb000
3ff74000
3fc5b800
3fff6000
3fbf5000
4002f000
3fba3000
4008a000
3fb13800
400e4000
3fab1000
40118000
3fa79000
40173000
3fa17000
401a7000
3f9df000
401e8000
3f999000
40243000
3f937000
40276000
3f90f000
402d1000
3f8c9000
4032c000
3f883000
40346000
3f86f000
403a1000
3f829000
403fc000
3f7c6000
40422000
3f7a3000
4048a000
3f72b000
404e5000
3f6c2000
404f2000
3f6b3000
4055a000
3f63b000
3fe12000
3fdac000
3feae000
3fd31000
3fee2000
3fd08000
3ff98000
3fc78800
4000d000
3fc12000
40041000
3fbc0000
4009c000
3fb30800
400fa000
3fac8000
4012e000
3fa90000
40189000
3fa2e000
401bd000
3f9f6000
401fe000
3f9b0000
40259000
3f94e000
40290000
3f923000
402eb000
3f8dd000
40346000
3f897000
40360000
3f883000
403bb000
3f83d000
40416000
3f7ee000
40440000
3f7c5000
404a8000
3f74d000
40503000
3f6e4000
40510000
3f6d5000
40578000
3f65d000
3fe24000
3fdba800
3fec0000
3fd3f800
3fef4000
3fd16800
3ffaa000
3fc87000
40016000
3fc20800
4004a000
3fbce800
400a5000
3fb3f000
40105000
3fad3800
40139000
3fa9b800
40194000
3fa39800
401c8000
3fa01800
40209000
3f9bb800
40264000
3f959800
4029d000
3f92d000
402f8000
3f8e7000
40353000
3f8a1000
4036d000
3f88d000
403c8000
3f847000
40423000
3f801000
4044f000
3f7d6000
404b7000
3f75e000
40512000
3f6f5000
4051f000
3f6e6000
40587000
3f66e000
3fe24000
3fdba800
3fec0000
3fd3f800
3fef4000
3fd16800
3ffaa000
3fc87000
40016000
3fc20800
4004a000
3fbce800
400a5000
3fb3f000
40105000
3fad3800
40139000
3fa9b800
40194000
3fa39800
401c8000
3fa01800
40209000
3f9bb800
40264000
3f959800
4029d000
3f92d000
402f8000
3f8e7000
40353000
3f8a1000
4036d000
3f88d000
403c8000
3f847000
40423000
3f801000
4044f000
3f7d6000
404b7000
3f75e000
40512000
3f6f5000
4051f000
3f6e6000
40587000
3f66e000
3fe24000
3fdba800
3fec0000
3fd3f800
3fef4000
3fd16800
3ffaa000
3fc87000
40016000
3fc20800
4004a000
3fbce800
400a5000
3fb3f000
40105000
3fad3800
40139000
3fa9b800
40194000
3fa39800
401c8000
3fa01800
40209000
3f9bb800
40264000
3f959800
4029d000
3f92d000
402f8000
3f8e7000
40353000
3f8a1000
4036d000
3f88d000
403c8000
3f847000
40423000
3f801000
4044f000
3f7d6000
404b7000
3f75e000
40512000
3f6f5000
4051f000
3f6e6000
40587000
3f66e000
3fe24000
3fdba800
3fec0000
3fd3f800
3fef4000
3fd16800
3ffaa000
3fc87000
40016000
3fc20800
4004a000
3fbce800
400a5000
3fb3f000
40105000
3fad3800
40139000
3fa9b800
40194000
3fa39800
401c8000
3fa01800
40209000
3f9bb800
40264000
3f959800
4029d000
3f92d000
402f8000
3f8e7000
40353000
3f8a1000
4036d000
3f88d000
403c8000
3f847000
40423000
3f801000
4044f000
3f7d6000
404b7000
3f75e000
40512000
3f6f5000
4051f000
3f6e6000
40587000
3f66e000
3fe24000
3fdba800
3fec0000
3fd3f800
3fef4000
3fd16800
3ffaa000
3fc87000
40016000
3fc20800
4004a000
3fbce800
400a5000
3fb3f000
40105000
3fad3800
40139000
3fa9b800
40194000
3fa39800
401c8000
3fa01800
40209000
3f9bb800
40264000
3f959800
4029d000
3f92d000
402f8000
3f8e7000
40353000
3f8a1000
4036d000
3f88d000
403c8000
3f847000
40423000
3f801000
4044f000
3f7d6000
404b7000
3f75e000
40512000
3f6f5000
4051f000
3f6e6000
40587000
3f66e000
3fe24000
3fdba800
3fec0000
3fd3f800
3fef4000
3fd16800
3ffaa000
3fc87000
40016000
3fc20800
4004a000
3fbce800
400a5000
3fb3f000
40105000
3fad3800
40139000
3fa9b800
40194000
3fa39800
401c8000
3fa01800
40209000
3f9bb800
40264000
3f959800
4029d000
3f92d000
402f8000
3f8e7000
40353000
3f8a1000
4036d000
3f88d000
403c8000
3f847000
40423000
3f801000
4044f000
3f7d6000
404b7000
3f75e000
40512000
3f6f5000
4051f000
3f6e6000
40587000
3f66e000
3fe24000
3fdba800
3fec0000
3fd3f800
3fef4000
3fd16800
3ffaa000
3fc87000
40016000
3fc20800
4004a000
3fbce800
400a5000
3fb3f000
40105000
3fad3800
40139000
3fa9b800
40194000
3fa39800
401c8000
3fa01800
40209000
3f9bb800
40264000
3f959800
4029d000
3f92d000
402f8000
3f8e7000
40353000
3f8a1000
4036d000
3f88d000
403c8000
3f847000
40423000
3f801000
4044f000
3f7d6000
404b7000
3f75e000
40512000
3f6f5000
4051f000
3f6e6000
40587000
3f66e000
3fe24000
3fdba800
3fec0000
3fd3f800
3fef4000
3fd16800
3ffaa000
3fc87000
40016000
3fc20800
4004a000
3fbce800
400a5000
3fb3f000
40105000
3fad3800
40139000
3fa9b800
40194000
3fa39800
401c8000
3fa01800
40209000
3f9bb800
40264000
3f959800
4029d000
3f92d000
402f8000
3f8e7000
40353000
3f8a1000
4036d000
3f88d000
403c8000
3f847000
40423000
3f801000
4044f000
3f7d6000
404b7000
3f75e000
40512000
3f6f5000
4051f000
3f6e6000
40587000
3f66e000
3fdf8000
3fdf9800
3feac000
3fd69800
3fee8000
3fd39800
3ffba000
3fc91800
40028000
3fc19800
40064000
3fbb9800
400cd000
3fb11800
400f9000
3fafd000
40135000
3fabd000
4019e000
3fa4d000
401da000
3fa0d000
40225000
3f9bd000
4028e000
3f94d000
4028d000
3f949000
402f6000
3f8f8800
4035f000
3f8a8000
4037d000
3f891000
403e6000
3f840800
4044f000
3f7e0000
4043f000
3f805000
404b7000
3f782000
40520000
3f70b000
4052f000
3f6fa000
405a7000
3f672000
3fdf8000
3fdf9800
3feac000
3fd69800
3fee8000
3fd39800
3ffba000
3fc91800
40028000
3fc19800
40064000
3fbb9800
400cd000
3fb11800
400f9000
3fafd000
40135000
3fabd000
4019e000
3fa4d000
401da000
3fa0d000
40225000
3f9bd000
4028e000
3f94d000
4028d000
3f949000
402f6000
3f8f8800
4035f000
3f8a8000
4037d000
3f891000
403e6000
3f840800
4044f000
3f7e0000
4043f000
3f805000
404b7000
3f782000
40520000
3f70b000
4052f000
3f6fa000
405a7000
3f672000
3fdf8000
3fdf9800
3feac000
3fd69800
3fee8000
3fd39800
3ffba000
3fc91800
40028000
3fc19800
40064000
3fbb9800
400cd000
3fb11800
400f9000
3fafd000
40135000
3fabd000
4019e000
3fa4d000
401da000
3fa0d000
40225000
3f9bd000
4028e000
3f94d000
4028d000
3f949000
402f6000
3f8f8800
4035f000
3f8a8000
4037d000
3f891000
403e6000
3f840800
4044f000
3f7e0000
4043f000
3f805000
404b7000
3f782000
40520000
3f70b000
4052f000
3f6fa000
405a7000
3f672000
3fdf8000
3fdf9800
3feac000
3fd69800
3fee8000
3fd39800
3ffba000
3fc91800
40028000
3fc19800
40064000
3fbb9800
400cd000
3fb11800
400f9000
3fafd000
40135000
3fabd000
4019e000
3fa4d000
401da000
3fa0d000
40225000
3f9bd000
4028e000
3f94d000
4028d000
3f949000
402f6000
3f8f8800
4035f000
3f8a8000
4037d000
3f891000
403e6000
3f840800
4044f000
3f7e0000
4043f000
3f805000
404b7000
3f782000
40520000
3f70b000
4052f000
3f6fa000
405a7000
3f672000
3fdf8000
3fdf9800
3feac000
3fd69800
3fee8000
3fd39800
3ffba000
3fc91800
40028000
3fc19800
40064000
3fbb9800
400cd000
3fb11800
400f9000
3fafd000
40135000
3fabd000
4019e000
3fa4d000
401da000
3fa0d000
40225000
3f9bd000
4028e000
3f94d000
4028d000
3f949000
402f6000
3f8f8800
4035f000
3f8a8000
4037d000
3f891000
403e6000
3f840800
4044f000
3f7e0000
4043f000
3f805000
404b7000
3f782000
40520000
3f70b000
4052f000
3f6fa000
405a7000
3f672000
3fdf8000
3fdf9800
3feac000
3fd69800
3fee8000
3fd39800
3ffba000
3fc91800
40028000
3fc19800
40064000
3fbb9800
400cd000
3fb11800
400f9000
3fafd000
40135000
3fabd000
4019e000
3fa4d000
401da000
3fa0d000
40225000
3f9bd000
4028e000
3f94d000
4028d000
3f949000
402f6000
3f8f8800
4035f000
3f8a8000
4037d000
3f891000
403e6000
3f840800
4044f000
3f7e0000
4043f000
3f805000
404b7000
3f782000
40520000
3f70b000
4052f000
3f6fa000
405a7000
3f672000
3fdf8000
3fdf9800
3feac000
3fd69800
3fee8000
3fd39800
3ffba000
3fc91800
40028000
3fc19800
40064000
3fbb9800
400cd000
3fb11800
400f9000
3fafd000
40135000
3fabd000
4019e000
3fa4d000
401da000
3fa0d000
40225000
3f9bd000
4028e000
3f94d000
4028d000
3f949000
402f6000
3f8f8800
4035f000
3f8a8000
4037d000
3f891000
403e6000
3f840800
4044f000
3f7e0000
4043f000
3f805000
404b7000
3f782000
40520000
3f70b000
4052f000
3f6fa000
405a7000
3f672000
3fdf8000
3fdf9800
3feac000
3fd69800
3fee8000
3fd39800
3ffba000
3fc91800
40028000
3fc19800
40064000
3fbb9800
400cd000
3fb11800
400f9000
3fafd000
40135000
3fabd000
4019e000
3fa4d000
401da000
3fa0d000
40225000
3f9bd000
4028e000
3f94d000
4028d000
3f949000
402f6000
3f8f8800
4035f000
3f8a8000
4037d000
3f891000
403e6000
3f840800
4044f000
3f7e0000
4043f000
3f805000
404b7000
3f782000
40520000
3f70b000
4052f000
3f6fa000
405a7000
3f672000
3fdf8000
3fdf9800
3feac000
3fd69800
3fee8000
3fd39800
3ffba000
3fc91800
40028000
3fc19800
40064000
3fbb9800
400cd000
3fb11800
400f9000
3fafd000
40135000
3fabd000
4019e000
3fa4d000
401da000
3fa0d000
40225000
3f9bd000
4028e000
3f94d000
4028d000
3f949000
402f6000
3f8f8800
4035f000
3f8a8000
4037d000
3f891000
403e6000
3f840800
4044f000
3f7e0000
4043f000
3f805000
404b7000
3f782000
40520000
3f70b000
4052f000
3f6fa000
405a7000
3f672000
3fdf8000
3fdf9800
3feac000
3fd69800
3fee8000
3fd39800
3ffba000
3fc91800
40028000
3fc19800
40064000
3fbb9800
400cd000
3fb11800
400f9000
3fafd000
40135000
3fabd000
4019e000
3fa4d000
401da000
3fa0d000
40225000
3f9bd000
4028e000
3f94d000
4028d000
3f949000
402f6000
3f8f8800
4035f000
3f8a8000
4037d000
3f891000
403e6000
3f840800
4044f000
3f7e0000
4043f000
3f805000
404b7000
3f782000
40520000
3f70b000
4052f000
3f6fa000
405a7000
3f672000
3fdf8000
3fdf9800
3feac000
3fd69800
3fee8000
3fd39800
3ffba000
3fc91800
40028000
3fc19800
40064000
3fbb9800
400cd000
3fb11800
400f9000
3fafd000
40135000
3fabd000
4019e000
3fa4d000
401da000
3fa0d000
40225000
3f9bd000
4028e000
3f94d000
4028d000
3f949000
402f6000
3f8f8800
4035f000
3f8a8000
4037d000
3f891000
403e6000
3f840800
4044f000
3f7e0000
4043f000
3f805000
404b7000
3f782000
40520000
3f70b000
4052f000
3f6fa000
405a7000
3f672000
3fdf8000
3fdf9800
3feac000
3fd69800
3fee8000
3fd39800
3ffba000
3fc91800
40028000
3fc19800
40064000
3fbb9800
400cd000
3fb11800
400f9000
3fafd000
40135000
3fabd000
4019e000
3fa4d000
401da000
3fa0d000
40225000
3f9bd000
4028e000
3f94d000
4028d000
3f949000
402f6000
3f8f8800
4035f000
3f8a8000
4037d000
3f891000
403e6000
3f840800
4044f000
3f7e0000
4043f000
3f805000
404b7000
3f782000
40520000
3f70b000
4052f000
3f6fa000
405a7000
3f672000
3fe0a000
3fe08000
3febe000
3fd78000
3fefa000
3fd48000
3ffcc000
3fca0000
40031000
3fc28000
4006d000
3fbc8000
400d6000
3fb20000
40104000
3fb08800
40140000
3fac8800
401a9000
3fa58800
401e5000
3fa18800
40230000
3f9c8800
40299000
3f958800
4029a000
3f953000
40303000
3f902800
4036c000
3f8b2000
4038a000
3f89b000
403f3000
3f84a800
4045c000
3f7f4000
4044e000
3f80d800
404c6000
3f793000
4052f000
3f71c000
4053e000
3f70b000
405b6000
3f683000
3fe0a000
3fe08000
3febe000
3fd78000
3fefa000
3fd48000
3ffcc000
3fca0000
40031000
3fc28000
4006d000
3fbc8000
400d6000
3fb20000
40104000
3fb08800
40140000
3fac8800
401a9000
3fa58800
401e5000
3fa18800
40230000
3f9c8800
40299000
3f958800
4029a000
3f953000
40303000
3f902800
4036c000
3f8b2000
4038a000
3f89b000
403f3000
3f84a800
4045c000
3f7f4000
4044e000
3f80d800
404c6000
3f793000
4052f000
3f71c000
4053e000
3f70b000
405b6000
3f683000
3fe2e000
3fe25000
3fee2000
3fd95000
3ff1e000
3fd65000
3fff0000
3fcbd000
40043000
3fc45000
4007f000
3fbe5000
400e8000
3fb3d000
4011a000
3fb1f800
40156000
3fadf800
401bf000
3fa6f800
401fb000
3fa2f800
40246000
3f9df800
402af000
3f96f800
402b4000
3f967000
4031d000
3f916800
40386000
3f8c6000
403a4000
3f8af000
4040d000
3f85e800
40476000
3f80e000
4046c000
3f81e800
404e4000
3f7b5000
4054d000
3f73e000
4055c000
3f72d000
405d4000
3f6a5000
3fe40000
3fe33800
3fef4000
3fda3800
3ff30000
3fd73800
40001000
3fccb800
4004c000
3fc53800
40088000
3fbf3800
400f1000
3fb4b800
40125000
3fb2b000
40161000
3faeb000
401ca000
3fa7b000
40206000
3fa3b000
40251000
3f9eb000
402ba000
3f97b000
402c1000
3f971000
4032a000
3f920800
40393000
3f8d0000
403b1000
3f8b9000
4041a000
3f868800
40483000
3f818000
4047b000
3f827000
404f3000
3f7c6000
4055c000
3f74f000
4056b000
3f73e000
405e3000
3f6b6000
3fe40000
3fe33800
3fef4000
3fda3800
3ff30000
3fd73800
40001000
3fccb800
4004c000
3fc53800
40088000
3fbf3800
400f1000
3fb4b800
40125000
3fb2b000
40161000
3faeb000
401ca000
3fa7b000
40206000
3fa3b000
40251000
3f9eb000
402ba000
3f97b000
402c1000
3f971000
4032a000
3f920800
40393000
3f8d0000
403b1000
3f8b9000
4041a000
3f868800
40483000
3f818000
4047b000
3f827000
404f3000
3f7c6000
4055c000
3f74f000
4056b000
3f73e000
405e3000
3f6b6000
3fe64000
3fe50800
3ff18000
3fdc0800
3ff54000
3fd90800
40013000
3fce8800
4005e000
3fc70800
4009a000
3fc10800
40103000
3fb68800
4013b000
3fb42000
40177000
3fb02000
401e0000
3fa92000
4021c000
3fa52000
40267000
3fa02000
402d0000
3f992000
402db000
3f985000
40344000
3f934800
403ad000
3f8e4000
403cb000
3f8cd000
40434000
3f87c800
4049d000
3f82c000
40499000
3f838000
40511000
3f7e8000
4057a000
3f771000
40589000
3f760000
40601000
3f6d8000
3fe76000
3fe5f000
3ff2a000
3fdcf000
3ff66000
3fd9f000
4001c000
3fcf7000
40067000
3fc7f000
400a3000
3fc1f000
4010c000
3fb77000
40146000
3fb4d800
40182000
3fb0d800
401eb000
3fa9d800
40227000
3fa5d800
40272000
3fa0d800
402db000
3f99d800
402e8000
3f98f000
40351000
3f93e800
403ba000
3f8ee000
403d8000
3f8d7000
40441000
3f886800
404aa000
3f836000
404a8000
3f840800
40520000
3f7f9000
40589000
3f782000
40598000
3f771000
40610000
3f6e9000
3fe76000
3fe5f000
3ff2a000
3fdcf000
3ff66000
3fd9f000
4001c000
3fcf7000
40067000
3fc7f000
400a3000
3fc1f000
4010c000
3fb77000
40146000
3fb4d800
40182000
3fb0d800
401eb000
3fa9d800
40227000
3fa5d800
40272000
3fa0d800
402db000
3f99d800
402e8000
3f98f000
40351000
3f93e800
403ba000
3f8ee000
403d8000
3f8d7000
40441000
3f886800
404aa000
3f836000
404a8000
3f840800
40520000
3f7f9000
40589000
3f782000
40598000
3f771000
40610000
3f6e9000
3fe76000
3fe5f000
3ff2a000
3fdcf000
3ff66000
3fd9f000
4001c000
3fcf7000
40067000
3fc7f000
400a3000
3fc1f000
4010c000
3fb77000
40146000
3fb4d800
40182000
3fb0d800
401eb000
3fa9d800
40227000
3fa5d800
40272000
3fa0d800
402db000
3f99d800
402e8000
3f98f000
40351000
3f93e800
403ba000
3f8ee000
403d8000
3f8d7000
40441000
3f886800
404aa000
3f836000
404a8000
3f840800
40520000
3f7f9000
40589000
3f782000
40598000
3f771000
40610000
3f6e9000
3fe76000
3fe5f000
3ff2a000
3fdcf000
3ff66000
3fd9f000
4001c000
3fcf7000
40067000
3fc7f000
400a3000
3fc1f000
4010c000
3fb77000
40146000
3fb4d800
40182000
3fb0d800
401eb000
3fa9d800
40227000
3fa5d800
40272000
3fa0d800
402db000
3f99d800
402e8000
3f98f000
40351000
3f93e800
403ba000
3f8ee000
403d8000
3f8d7000
40441000
3f886800
404aa000
3f836000
404a8000
3f840800
40520000
3f7f9000
40589000
3f782000
40598000
3f771000
40610000
3f6e9000
3fe76000
3fe5f000
3ff2a000
3fdcf000
3ff66000
3fd9f000
4001c000
3fcf7000
40067000
3fc7f000
400a3000
3fc1f000
4010c000
3fb77000
40146000
3fb4d800
40182000
3fb0d800
401eb000
3fa9d800
40227000
3fa5d800
40272000
3fa0d800
402db000
3f99d800
402e8000
3f98f000
40351000
3f93e800
403ba000
3f8ee000
403d8000
3f8d7000
40441000
3f886800
404aa000
3f836000
404a8000
3f840800
40520000
3f7f9000
40589000
3f782000
40598000
3f771000
40610000
3f6e9000
3fe76000
3fe5f000
3ff2a000
3fdcf000
3ff66000
3fd9f000
4001c000
3fcf7000
40067000
3fc7f000
400a3000
3fc1f000
4010c000
3fb77000
40146000
3fb4d800
40182000
3fb0d800
401eb000
3fa9d800
40227000
3fa5d800
40272000
3fa0d800
402db000
3f99d800
402e8000
3f98f000
40351000
3f93e800
403ba000
3f8ee000
403d8000
3f8d7000
40441000
3f886800
404aa000
3f836000
404a8000
3f840800
40520000
3f7f9000
40589000
3f782000
40598000
3f771000
40610000
3f6e9000
3fe76000
3fe5f000
3ff2a000
3fdcf000
3ff66000
3fd9f000
4001c000
3fcf7000
40067000
3fc7f000
400a3000
3fc1f000
4010c000
3fb77000
40146000
3fb4d800
40182000
3fb0d800
401eb000
3fa9d800
40227000
3fa5d800
40272000
3fa0d800
402db000
3f99d800
402e8000
3f98f000
40351000
3f93e800
403ba000
3f8ee000
403d8000
3f8d7000
40441000
3f886800
404aa000
3f836000
404a8000
3f840800
40520000
3f7f9000
40589000
3f782000
40598000
3f771000
40610000
3f6e9000
3fe76000
3fe5f000
3ff2a000
3fdcf000
3ff66000
3fd9f000
4001c000
3fcf7000
40067000
3fc7f000
400a3000
3fc1f000
4010c000
3fb77000
40146000
3fb4d800
40182000
3fb0d800
401eb000
3fa9d800
40227000
3fa5d800
40272000
3fa0d800
402db000
3f99d800
402e8000
3f98f000
40351000
3f93e800
403ba000
3f8ee000
403d8000
3f8d7000
40441000
3f886800
404aa000
3f836000
404a8000
3f840800
40520000
3f7f9000
40589000
3f782000
40598000
3f771000
40610000
3f6e9000
3fe88000
3fe6d800
3ff3c000
3fddd800
3ff78000
3fdad800
40025000
3fd05800
40070000
3fc8d800
400ac000
3fc2d800
40115000
3fb85800
40151000
3fb59000
4018d000
3fb19000
401f6000
3faa9000
40232000
3fa69000
4027d000
3fa19000
402e6000
3f9a9000
402f5000
3f999000
4035e000
3f948800
403c7000
3f8f8000
403e5000
3f8e1000
4044e000
3f890800
404b7000
3f840000
404b7000
3f849000
4052f000
3f805000
40598000
3f793000
405a7000
3f782000
4061f000
3f6fa000
3fe88000
3fe6d800
3ff3c000
3fddd800
3ff78000
3fdad800
40025000
3fd05800
40070000
3fc8d800
400ac000
3fc2d800
40115000
3fb85800
40151000
3fb59000
4018d000
3fb19000
401f6000
3faa9000
40232000
3fa69000
4027d000
3fa19000
402e6000
3f9a9000
402f5000
3f999000
4035e000
3f948800
403c7000
3f8f8000
403e5000
3f8e1000
4044e000
3f890800
404b7000
3f840000
404b7000
3f849000
4052f000
3f805000
40598000
3f793000
405a7000
3f782000
4061f000
3f6fa000
3fe88000
3fe6d800
3ff3c000
3fddd800
3ff78000
3fdad800
40025000
3fd05800
40070000
3fc8d800
400ac000
3fc2d800
40115000
3fb85800
40151000
3fb59000
4018d000
3fb19000
401f6000
3faa9000
40232000
3fa69000
4027d000
3fa19000
402e6000
3f9a9000
402f5000
3f999000
4035e000
3f948800
403c7000
3f8f8000
403e5000
3f8e1000
4044e000
3f890800
404b7000
3f840000
404b7000
3f849000
4052f000
3f805000
40598000
3f793000
405a7000
3f782000
4061f000
3f6fa000
3fe88000
3fe6d800
3ff3c000
3fddd800
3ff78000
3fdad800
40025000
3fd05800
40070000
3fc8d800
400ac000
3fc2d800
40115000
3fb85800
40151000
3fb59000
4018d000
3fb19000
401f6000
3faa9000
40232000
3fa69000
4027d000
3fa19000
402e6000
3f9a9000
402f5000
3f999000
4035e000
3f948800
403c7000
3f8f8000
403e5000
3f8e1000
4044e000
3f890800
404b7000
3f840000
404b7000
3f849000
4052f000
3f805000
40598000
3f793000
405a7000
3f782000
4061f000
3f6fa000
3fe88000
3fe6d800
3ff3c000
3fddd800
3ff78000
3fdad800
40025000
3fd05800
40070000
3fc8d800
400ac000
3fc2d800
40115000
3fb85800
40151000
3fb59000
4018d000
3fb19000
401f6000
3faa9000
40232000
3fa69000
4027d000
3fa19000
402e6000
3f9a9000
402f5000
3f999000
4035e000
3f948800
403c7000
3f8f8000
403e5000
3f8e1000
4044e000
3f890800
404b7000
3f840000
404b7000
3f849000
4052f000
3f805000
40598000
3f793000
405a7000
3f782000
4061f000
3f6fa000
3fe88000
3fe6d800
3ff3c000
3fddd800
3ff78000
3fdad800
40025000
3fd05800
40070000
3fc8d800
400ac000
3fc2d800
40115000
3fb85800
40151000
3fb59000
4018d000
3fb19000
401f6000
3faa9000
40232000
3fa69000
4027d000
3fa19000
402e6000
3f9a9000
402f5000
3f999000
4035e000
3f948800
403c7000
3f8f8000
403e5000
3f8e1000
4044e000
3f890800
404b7000
3f840000
404b7000
3f849000
4052f000
3f805000
40598000
3f793000
405a7000
3f782000
4061f000
3f6fa000
3fe88000
3fe6d800
3ff3c000
3fddd800
3ff78000
3fdad800
40025000
3fd05800
40070000
3fc8d800
400ac000
3fc2d800
40115000
3fb85800
40151000
3fb59000
4018d000
3fb19000
401f6000
3faa9000
40232000
3fa69000
4027d000
3fa19000
402e6000
3f9a9000
402f5000
3f999000
4035e000
3f948800
403c7000
3f8f8000
403e5000
3f8e1000
4044e000
3f890800
404b7000
3f840000
404b7000
3f849000
4052f000
3f805000
40598000
3f793000
405a7000
3f782000
4061f000
3f6fa000
3fe88000
3fe6d800
3ff3c000
3fddd800
3ff78000
3fdad800
40025000
3fd05800
40070000
3fc8d800
400ac000
3fc2d800
40115000
3fb85800
40151000
3fb59000
4018d000
3fb19000
401f6000
3faa9000
40232000
3fa69000
4027d000
3fa19000
402e6000
3f9a9000
402f5000
3f999000
4035e000
3f948800
403c7000
3f8f8000
403e5000
3f8e1000
4044e000
3f890800
404b7000
3f840000
404b7000
3f849000
4052f000
3f805000
40598000
3f793000
405a7000
3f782000
4061f000
3f6fa000
3fe88000
3fe6d800
3ff3c000
3fddd800
3ff78000
3fdad800
40025000
3fd05800
40070000
3fc8d800
400ac000
3fc2d800
40115000
3fb85800
40151000
3fb59000
4018d000
3fb19000
401f6000
3faa9000
40232000
3fa69000
4027d000
3fa19000
402e6000
3f9a9000
402f5000
3f999000
4035e000
3f948800
403c7000
3f8f8000
403e5000
3f8e1000
4044e000
3f890800
404b7000
3f840000
404b7000
3f849000
4052f000
3f805000
40598000
3f793000
405a7000
3f782000
4061f000
3f6fa000
3fe88000
3fe6d800
3ff3c000
3fddd800
3ff78000
3fdad800
40025000
3fd05800
40070000
3fc8d800
400ac000
3fc2d800
40115000
3fb85800
40151000
3fb59000
4018d000
3fb19000
401f6000
3faa9000
40232000
3fa69000
4027d000
3fa19000
402e6000
3f9a9000
402f5000
3f999000
4035e000
3f948800
403c7000
3f8f8000
403e5000
3f8e1000
4044e000
3f890800
404b7000
3f840000
404b7000
3f849000
4052f000
3f805000
40598000
3f793000
405a7000
3f782000
4061f000
3f6fa000
3fe88000
3fe6d800
3ff3c000
3fddd800
3ff78000
3fdad800
40025000
3fd05800
40070000
3fc8d800
400ac000
3fc2d800
40115000
3fb85800
40151000
3fb59000
4018d000
3fb19000
401f6000
3faa9000
40232000
3fa69000
4027d000
3fa19000
402e6000
3f9a9000
402f5000
3f999000
4035e000
3f948800
403c7000
3f8f8000
403e5000
3f8e1000
4044e000
3f890800
404b7000
3f840000
404b7000
3f849000
4052f000
3f805000
40598000
3f793000
405a7000
3f782000
4061f000
3f6fa000
3fe88000
3fe6d800
3ff3c000
3fddd800
3ff78000
3fdad800
40025000
3fd05800
40070000
3fc8d800
400ac000
3fc2d800
40115000
3fb85800
40151000
3fb59000
4018d000
3fb19000
401f6000
3faa9000
40232000
3fa69000
4027d000
3fa19000
402e6000
3f9a9000
402f5000
3f999000
4035e000
3f948800
403c7000
3f8f8000
403e5000
3f8e1000
4044e000
3f890800
404b7000
3f840000
404b7000
3f849000
4052f000
3f805000
40598000
3f793000
405a7000
3f782000
4061f000
3f6fa000
3fe9a000
3fe7c000
3ff4e000
3fdec000
3ff8a000
3fdbc000
4002e000
3fd14000
40079000
3fc9c000
400b5000
3fc3c000
4011e000
3fb94000
4015c000
3fb64800
40198000
3fb24800
40201000
3fab4800
4023d000
3fa74800
40288000
3fa24800
402f1000
3f9b4800
40302000
3f9a3000
4036b000
3f952800
403d4000
3f902000
403f2000
3f8eb000
4045b000
3f89a800
404c4000
3f84a000
404c6000
3f851800
4053e000
3f80d800
405a7000
3f7a4000
405b6000
3f793000
4062e000
3f70b000
3fe9a000
3fe7c000
3ff4e000
3fdec000
3ff8a000
3fdbc000
4002e000
3fd14000
40079000
3fc9c000
400b5000
3fc3c000
4011e000
3fb94000
4015c000
3fb64800
40198000
3fb24800
40201000
3fab4800
4023d000
3fa74800
40288000
3fa24800
402f1000
3f9b4800
40302000
3f9a3000
4036b000
3f952800
403d4000
3f902000
403f2000
3f8eb000
4045b000
3f89a800
404c4000
3f84a000
404c6000
3f851800
4053e000
3f80d800
405a7000
3f7a4000
405b6000
3f793000
4062e000
3f70b000
3febe000
3fe99000
3ff72000
3fe09000
3ffae000
3fdd9000
40040000
3fd31000
4008b000
3fcb9000
400c7000
3fc59000
40130000
3fbb1000
40172000
3fb7b800
401ae000
3fb3b800
40217000
3facb800
40253000
3fa8b800
4029e000
3fa3b800
40307000
3f9cb800
4031c000
3f9b7000
40385000
3f966800
403ee000
3f916000
4040c000
3f8ff000
40475000
3f8ae800
404de000
3f85e000
404e4000
3f862800
4055c000
3f81e800
405c5000
3f7c6000
405d4000
3f7b5000
4064c000
3f72d000
3fed0000
3fea7800
3ff84000
3fe17800
3ffc0000
3fde7800
40049000
3fd3f800
40094000
3fcc7800
400d0000
3fc67800
40139000
3fbbf800
4017d000
3fb87000
401b9000
3fb47000
40222000
3fad7000
4025e000
3fa97000
402a9000
3fa47000
40312000
3f9d7000
40329000
3f9c1000
40392000
3f970800
403fb000
3f920000
40419000
3f909000
40482000
3f8b8800
404eb000
3f868000
404f3000
3f86b000
4056b000
3f827000
405d4000
3f7d7000
405e3000
3f7c6000
4065b000
3f73e000
3fed0000
3fea7800
3ff84000
3fe17800
3ffc0000
3fde7800
40049000
3fd3f800
40094000
3fcc7800
400d0000
3fc67800
40139000
3fbbf800
4017d000
3fb87000
401b9000
3fb47000
40222000
3fad7000
4025e000
3fa97000
402a9000
3fa47000
40312000
3f9d7000
40329000
3f9c1000
40392000
3f970800
403fb000
3f920000
40419000
3f909000
40482000
3f8b8800
404eb000
3f868000
404f3000
3f86b000
4056b000
3f827000
405d4000
3f7d7000
405e3000
3f7c6000
4065b000
3f73e000
3fef4000
3fec4800
3ffa8000
3fe34800
3ffe4000
3fe04800
4005b000
3fd5c800
400a6000
3fce4800
400e2000
3fc84800
4014b000
3fbdc800
40193000
3fb9e000
401cf000
3fb5e000
40238000
3faee000
40274000
3faae000
402bf000
3fa5e000
40328000
3f9ee000
40343000
3f9d5000
403ac000
3f984800
40415000
3f934000
40433000
3f91d000
4049c000
3f8cc800
40505000
3f87c000
40511000
3f87c000
40589000
3f838000
405f2000
3f7f9000
40601000
3f7e8000
40679000
3f760000
3ff06000
3fed3000
3ffba000
3fe43000
3fff6000
3fe13000
40064000
3fd6b000
400af000
3fcf3000
400eb000
3fc93000
40154000
3fbeb000
4019e000
3fba9800
401da000
3fb69800
40243000
3faf9800
4027f000
3fab9800
402ca000
3fa69800
40333000
3f9f9800
40350000
3f9df000
403b9000
3f98e800
40422000
3f93e000
40440000
3f927000
404a9000
3f8d6800
40512000
3f886000
40520000
3f884800
40598000
3f840800
40601000
3f805000
40610000
3f7f9000
40688000
3f771000
3ff06000
3fed3000
3ffba000
3fe43000
3fff6000
3fe13000
40064000
3fd6b000
400af000
3fcf3000
400eb000
3fc93000
40154000
3fbeb000
4019e000
3fba9800
401da000
3fb69800
40243000
3faf9800
4027f000
3fab9800
402ca000
3fa69800
40333000
3f9f9800
40350000
3f9df000
403b9000
3f98e800
40422000
3f93e000
40440000
3f927000
404a9000
3f8d6800
40512000
3f886000
40520000
3f884800
40598000
3f840800
40601000
3f805000
40610000
3f7f9000
40688000
3f771000
3ff06000
3fed3000
3ffba000
3fe43000
3fff6000
3fe13000
40064000
3fd6b000
400af000
3fcf3000
400eb000
3fc93000
40154000
3fbeb000
4019e000
3fba9800
401da000
3fb69800
40243000
3faf9800
4027f000
3fab9800
402ca000
3fa69800
40333000
3f9f9800
40350000
3f9df000
403b9000
3f98e800
40422000
3f93e000
40440000
3f927000
404a9000
3f8d6800
40512000
3f886000
40520000
3f884800
40598000
3f840800
40601000
3f805000
40610000
3f7f9000
40688000
3f771000
3ff06000
3fed3000
3ffba000
3fe43000
3fff6000
3fe13000
40064000
3fd6b000
400af000
3fcf3000
400eb000
3fc93000
40154000
3fbeb000
4019e000
3fba9800
401da000
3fb69800
40243000
3faf9800
4027f000
3fab9800
402ca000
3fa69800
40333000
3f9f9800
40350000
3f9df000
403b9000
3f98e800
40422000
3f93e000
40440000
3f927000
404a9000
3f8d6800
40512000
3f886000
40520000
3f884800
40598000
3f840800
40601000
3f805000
40610000
3f7f9000
40688000
3f771000
3ff06000
3fed3000
3ffba000
3fe43000
3fff6000
3fe13000
40064000
3fd6b000
400af000
3fcf3000
400eb000
3fc93000
40154000
3fbeb000
4019e000
3fba9800
401da000
3fb69800
40243000
3faf9800
4027f000
3fab9800
402ca000
3fa69800
40333000
3f9f9800
40350000
3f9df000
403b9000
3f98e800
40422000
3f93e000
40440000
3f927000
404a9000
3f8d6800
40512000
3f886000
40520000
3f884800
40598000
3f840800
40601000
3f805000
40610000
3f7f9000
40688000
3f771000
3ff06000
3fed3000
3ffba000
3fe43000
3fff6000
3fe13000
40064000
3fd6b000
400af000
3fcf3000
400eb000
3fc93000
40154000
3fbeb000
4019e000
3fba9800
401da000
3fb69800
40243000
3faf9800
4027f000
3fab9800
402ca000
3fa69800
40333000
3f9f9800
40350000
3f9df000
403b9000
3f98e800
40422000
3f93e000
40440000
3f927000
404a9000
3f8d6800
40512000
3f886000
40520000
3f884800
40598000
3f840800
40601000
3f805000
40610000
3f7f9000
40688000
3f771000
3ff06000
3fed3000
3ffba000
3fe43000
3fff6000
3fe13000
40064000
3fd6b000
400af000
3fcf3000
400eb000
3fc93000
40154000
3fbeb000
4019e000
3fba9800
401da000
3fb69800
40243000
3faf9800
4027f000
3fab9800
402ca000
3fa69800
40333000
3f9f9800
40350000
3f9df000
403b9000
3f98e800
40422000
3f93e000
40440000
3f927000
404a9000
3f8d6800
40512000
3f886000
40520000
3f884800
40598000
3f840800
40601000
3f805000
40610000
3f7f9000
40688000
3f771000
3ff06000
3fed3000
3ffba000
3fe43000
3fff6000
3fe13000
40064000
3fd6b000
400af000
3fcf3000
400eb000
3fc93000
40154000
3fbeb000
4019e000
3fba9800
401da000
3fb69800
40243000
3faf9800
4027f000
3fab9800
402ca000
3fa69800
40333000
3f9f9800
40350000
3f9df000
403b9000
3f98e800
40422000
3f93e000
40440000
3f927000
404a9000
3f8d6800
40512000
3f886000
40520000
3f884800
40598000
3f840800
40601000
3f805000
40610000
3f7f9000
40688000
3f771000
3ff18000
3fee1800
3ffcc000
3fe51800
40004000
3fe21800
4006d000
3fd79800
400b8000
3fd01800
400f4000
3fca1800
4015d000
3fbf9800
401a9000
3fbb5000
401e5000
3fb75000
4024e000
3fb05000
4028a000
3fac5000
402d5000
3fa75000
4033e000
3fa05000
4035d000
3f9e9000
403c6000
3f998800
4042f000
3f948000
4044d000
3f931000
404b6000
3f8e0800
4051f000
3f890000
4052f000
3f88d000
405a7000
3f849000
40610000
3f80d800
4061f000
3f805000
40697000
3f782000
3ff18000
3fee1800
3ffcc000
3fe51800
40004000
3fe21800
4006d000
3fd79800
400b8000
3fd01800
400f4000
3fca1800
4015d000
3fbf9800
401a9000
3fbb5000
401e5000
3fb75000
4024e000
3fb05000
4028a000
3fac5000
402d5000
3fa75000
4033e000
3fa05000
4035d000
3f9e9000
403c6000
3f998800
4042f000
3f948000
4044d000
3f931000
404b6000
3f8e0800
4051f000
3f890000
4052f000
3f88d000
405a7000
3f849000
40610000
3f80d800
4061f000
3f805000
40697000
3f782000
3ff18000
3fee1800
3ffcc000
3fe51800
40004000
3fe21800
4006d000
3fd79800
400b8000
3fd01800
400f4000
3fca1800
4015d000
3fbf9800
401a9000
3fbb5000
401e5000
3fb75000
4024e000
3fb05000
4028a000
3fac5000
402d5000
3fa75000
4033e000
3fa05000
4035d000
3f9e9000
403c6000
3f998800
4042f000
3f948000
4044d000
3f931000
404b6000
3f8e0800
4051f000
3f890000
4052f000
3f88d000
405a7000
3f849000
40610000
3f80d800
4061f000
3f805000
40697000
3f782000
3ff18000
3fee1800
3ffcc000
3fe51800
40004000
3fe21800
4006d000
3fd79800
400b8000
3fd01800
400f4000
3fca1800
4015d000
3fbf9800
401a9000
3fbb5000
401e5000
3fb75000
4024e000
3fb05000
4028a000
3fac5000
402d5000
3fa75000
4033e000
3fa05000
4035d000
3f9e9000
403c6000
3f998800
4042f000
3f948000
4044d000
3f931000
404b6000
3f8e0800
4051f000
3f890000
4052f000
3f88d000
405a7000
3f849000
40610000
3f80d800
4061f000
3f805000
40697000
3f782000
3ff18000
3fee1800
3ffcc000
3fe51800
40004000
3fe21800
4006d000
3fd79800
400b8000
3fd01800
400f4000
3fca1800
4015d000
3fbf9800
401a9000
3fbb5000
401e5000
3fb75000
4024e000
3fb05000
4028a000
3fac5000
402d5000
3fa75000
4033e000
3fa05000
4035d000
3f9e9000
403c6000
3f998800
4042f000
3f948000
4044d000
3f931000
404b6000
3f8e0800
4051f000
3f890000
4052f000
3f88d000
405a7000
3f849000
40610000
3f80d800
4061f000
3f805000
40697000
3f782000
3ff18000
3fee1800
3ffcc000
3fe51800
40004000
3fe21800
4006d000
3fd79800
400b8000
3fd01800
400f4000
3fca1800
4015d000
3fbf9800
401a9000
3fbb5000
401e5000
3fb75000
4024e000
3fb05000
4028a000
3fac5000
402d5000
3fa75000
4033e000
3fa05000
4035d000
3f9e9000
403c6000
3f998800
4042f000
3f948000
4044d000
3f931000
404b6000
3f8e0800
4051f000
3f890000
4052f000
3f88d000
405a7000
3f849000
40610000
3f80d800
4061f000
3f805000
40697000
3f782000
3ff18000
3fee1800
3ffcc000
3fe51800
40004000
3fe21800
4006d000
3fd79800
400b8000
3fd01800
400f4000
3fca1800
4015d000
3fbf9800
401a9000
3fbb5000
401e5000
3fb75000
4024e000
3fb05000
4028a000
3fac5000
402d5000
3fa75000
4033e000
3fa05000
4035d000
3f9e9000
403c6000
3f998800
4042f000
3f948000
4044d000
3f931000
404b6000
3f8e0800
4051f000
3f890000
4052f000
3f88d000
405a7000
3f849000
40610000
3f80d800
4061f000
3f805000
40697000
3f782000
3ff18000
3fee1800
3ffcc000
3fe51800
40004000
3fe21800
4006d000
3fd79800
400b8000
3fd01800
400f4000
3fca1800
4015d000
3fbf9800
401a9000
3fbb5000
401e5000
3fb75000
4024e000
3fb05000
4028a000
3fac5000
402d5000
3fa75000
4033e000
3fa05000
4035d000
3f9e9000
403c6000
3f998800
4042f000
3f948000
4044d000
3f931000
404b6000
3f8e0800
4051f000
3f890000
4052f000
3f88d000
405a7000
3f849000
40610000
3f80d800
4061f000
3f805000
40697000
3f782000
3ff18000
3fee1800
3ffcc000
3fe51800
40004000
3fe21800
4006d000
3fd79800
400b8000
3fd01800
400f4000
3fca1800
4015d000
3fbf9800
401a9000
3fbb5000
401e5000
3fb75000
4024e000
3fb05000
4028a000
3fac5000
402d5000
3fa75000
4033e000
3fa05000
4035d000
3f9e9000
403c6000
3f998800
4042f000
3f948000
4044d000
3f931000
404b6000
3f8e0800
4051f000
3f890000
4052f000
3f88d000
405a7000
3f849000
40610000
3f80d800
4061f000
3f805000
40697000
3f782000
3ff18000
3fee1800
3ffcc000
3fe51800
40004000
3fe21800
4006d000
3fd79800
400b8000
3fd01800
400f4000
3fca1800
4015d000
3fbf9800
401a9000
3fbb5000
401e5000
3fb75000
4024e000
3fb05000
4028a000
3fac5000
402d5000
3fa75000
4033e000
3fa05000
4035d000
3f9e9000
403c6000
3f998800
4042f000
3f948000
4044d000
3f931000
404b6000
3f8e0800
4051f000
3f890000
4052f000
3f88d000
405a7000
3f849000
40610000
3f80d800
4061f000
3f805000
40697000
3f782000
3ff18000
3fee1800
3ffcc000
3fe51800
40004000
3fe21800
4006d000
3fd79800
400b8000
3fd01800
400f4000
3fca1800
4015d000
3fbf9800
401a9000
3fbb5000
401e5000
3fb75000
4024e000
3fb05000
4028a000
3fac5000
402d5000
3fa75000
4033e000
3fa05000
4035d000
3f9e9000
403c6000
3f998800
4042f000
3f948000
4044d000
3f931000
404b6000
3f8e0800
4051f000
3f890000
4052f000
3f88d000
405a7000
3f849000
40610000
3f80d800
4061f000
3f805000
40697000
3f782000
3ff18000
3fee1800
3ffcc000
3fe51800
40004000
3fe21800
4006d000
3fd79800
400b8000
3fd01800
400f4000
3fca1800
4015d000
3fbf9800
401a9000
3fbb5000
401e5000
3fb75000
4024e000
3fb05000
4028a000
3fac5000
402d5000
3fa75000
4033e000
3fa05000
4035d000
3f9e9000
403c6000
3f998800
4042f000
3f948000
4044d000
3f931000
404b6000
3f8e0800
4051f000
3f890000
4052f000
3f88d000
405a7000
3f849000
40610000
3f80d800
4061f000
3f805000
40697000
3f782000
3ff2a000
3fef0000
3ffde000
3fe60000
4000d000
3fe30000
40076000
3fd88000
400c1000
3fd10000
400fd000
3fcb0000
40166000
3fc08000
401b4000
3fbc0800
401f0000
3fb80800
40259000
3fb10800
40295000
3fad0800
402e0000
3fa80800
40349000
3fa10800
4036a000
3f9f3000
403d3000
3f9a2800
4043c000
3f952000
4045a000
3f93b000
404c3000
3f8ea800
4052c000
3f89a000
4053e000
3f895800
405b6000
3f851800
4061f000
3f816000
4062e000
3f80d800
406a6000
3f793000
3ff2a000
3fef0000
3ffde000
3fe60000
4000d000
3fe30000
40076000
3fd88000
400c1000
3fd10000
400fd000
3fcb0000
40166000
3fc08000
401b4000
3fbc0800
401f0000
3fb80800
40259000
3fb10800
40295000
3fad0800
402e0000
3fa80800
40349000
3fa10800
4036a000
3f9f3000
403d3000
3f9a2800
4043c000
3f952000
4045a000
3f93b000
404c3000
3f8ea800
4052c000
3f89a000
4053e000
3f895800
405b6000
3f851800
4061f000
3f816000
4062e000
3f80d800
406a6000
3f793000
3ff4e000
3ff0d000
40001000
3fe7d000
4001f000
3fe4d000
40088000
3fda5000
400d3000
3fd2d000
4010f000
3fccd000
40178000
3fc25000
401ca000
3fbd7800
40206000
3fb97800
4026f000
3fb27800
402ab000
3fae7800
402f6000
3fa97800
4035f000
3fa27800
40384000
3fa07000
403ed000
3f9b6800
40456000
3f966000
40474000
3f94f000
404dd000
3f8fe800
40546000
3f8ae000
4055c000
3f8a6800
405d4000
3f862800
4063d000
3f827000
4064c000
3f81e800
406c4000
3f7b5000
3ff60000
3ff1b800
4000a000
3fe8b800
40028000
3fe5b800
40091000
3fdb3800
400dc000
3fd3b800
40118000
3fcdb800
40181000
3fc33800
401d5000
3fbe3000
40211000
3fba3000
4027a000
3fb33000
402b6000
3faf3000
40301000
3faa3000
4036a000
3fa33000
40391000
3fa11000
403fa000
3f9c0800
40463000
3f970000
40481000
3f959000
404ea000
3f908800
40553000
3f8b8000
4056b000
3f8af000
405e3000
3f86b000
4064c000
3f82f800
4065b000
3f827000
406d3000
3f7c6000
3ff60000
3ff1b800
4000a000
3fe8b800
40028000
3fe5b800
40091000
3fdb3800
400dc000
3fd3b800
40118000
3fcdb800
40181000
3fc33800
401d5000
3fbe3000
40211000
3fba3000
4027a000
3fb33000
402b6000
3faf3000
40301000
3faa3000
4036a000
3fa33000
40391000
3fa11000
403fa000
3f9c0800
40463000
3f970000
40481000
3f959000
404ea000
3f908800
40553000
3f8b8000
4056b000
3f8af000
405e3000
3f86b000
4064c000
3f82f800
4065b000
3f827000
406d3000
3f7c6000
3ff84000
3ff38800
4001c000
3fea8800
4003a000
3fe78800
400a3000
3fdd0800
400ee000
3fd58800
4012a000
3fcf8800
40193000
3fc50800
401eb000
3fbfa000
40227000
3fbba000
40290000
3fb4a000
402cc000
3fb0a000
40317000
3faba000
40380000
3fa4a000
403ab000
3fa25000
40414000
3f9d4800
4047d000
3f984000
4049b000
3f96d000
40504000
3f91c800
4056d000
3f8cc000
40589000
3f8c0000
40601000
3f87c000
4066a000
3f840800
40679000
3f838000
406f1000
3f7e8000
3ff96000
3ff47000
40025000
3feb7000
40043000
3fe87000
400ac000
3fddf000
400f7000
3fd67000
40133000
3fd07000
4019c000
3fc5f000
401f6000
3fc05800
40232000
3fbc5800
4029b000
3fb55800
402d7000
3fb15800
40322000
3fac5800
4038b000
3fa55800
403b8000
3fa2f000
40421000
3f9de800
4048a000
3f98e000
404a8000
3f977000
40511000
3f926800
4057a000
3f8d6000
40598000
3f8c8800
40610000
3f884800
40679000
3f849000
40688000
3f840800
40700000
3f7f9000
3ff96000
3ff47000
40025000
3feb7000
40043000
3fe87000
400ac000
3fddf000
400f7000
3fd67000
40133000
3fd07000
4019c000
3fc5f000
401f6000
3fc05800
40232000
3fbc5800
4029b000
3fb55800
402d7000
3fb15800
40322000
3fac5800
4038b000
3fa55800
403b8000
3fa2f000
40421000
3f9de800
4048a000
3f98e000
404a8000
3f977000
40511000
3f926800
4057a000
3f8d6000
40598000
3f8c8800
40610000
3f884800
40679000
3f849000
40688000
3f840800
40700000
3f7f9000
3ff96000
3ff47000
40025000
3feb7000
40043000
3fe87000
400ac000
3fddf000
400f7000
3fd67000
40133000
3fd07000
4019c000
3fc5f000
401f6000
3fc05800
40232000
3fbc5800
4029b000
3fb55800
402d7000
3fb15800
40322000
3fac5800
4038b000
3fa55800
403b8000
3fa2f000
40421000
3f9de800
4048a000
3f98e000
404a8000
3f977000
40511000
3f926800
4057a000
3f8d6000
40598000
3f8c8800
40610000
3f884800
40679000
3f849000
40688000
3f840800
40700000
3f7f9000
3ff96000
3ff47000
40025000
3feb7000
40043000
3fe87000
400ac000
3fddf000
400f7000
3fd67000
40133000
3fd07000
4019c000
3fc5f000
401f6000
3fc05800
40232000
3fbc5800
4029b000
3fb55800
402d7000
3fb15800
40322000
3fac5800
4038b000
3fa55800
403b8000
3fa2f000
40421000
3f9de800
4048a000
3f98e000
404a8000
3f977000
40511000
3f926800
4057a000
3f8d6000
40598000
3f8c8800
40610000
3f884800
40679000
3f849000
40688000
3f840800
40700000
3f7f9000
3ff96000
3ff47000
40025000
3feb7000
40043000
3fe87000
400ac000
3fddf000
400f7000
3fd67000
40133000
3fd07000
4019c000
3fc5f000
401f6000
3fc05800
40232000
3fbc5800
4029b000
3fb55800
402d7000
3fb15800
40322000
3fac5800
4038b000
3fa55800
403b8000
3fa2f000
40421000
3f9de800
4048a000
3f98e000
404a8000
3f977000
40511000
3f926800
4057a000
3f8d6000
40598000
3f8c8800
40610000
3f884800
40679000
3f849000
40688000
3f840800
40700000
3f7f9000
3ff96000
3ff47000
40025000
3feb7000
40043000
3fe87000
400ac000
3fddf000
400f7000
3fd67000
40133000
3fd07000
4019c000
3fc5f000
401f6000
3fc05800
40232000
3fbc5800
4029b000
3fb55800
402d7000
3fb15800
40322000
3fac5800
4038b000
3fa55800
403b8000
3fa2f000
40421000
3f9de800
4048a000
3f98e000
404a8000
3f977000
40511000
3f926800
4057a000
3f8d6000
40598000
3f8c8800
40610000
3f884800
40679000
3f849000
40688000
3f840800
40700000
3f7f9000
3ff96000
3ff47000
40025000
3feb7000
40043000
3fe87000
400ac000
3fddf000
400f7000
3fd67000
40133000
3fd07000
4019c000
3fc5f000
401f6000
3fc05800
40232000
3fbc5800
4029b000
3fb55800
402d7000
3fb15800
40322000
3fac5800
4038b000
3fa55800
403b8000
3fa2f000
40421000
3f9de800
4048a000
3f98e000
404a8000
3f977000
40511000
3f926800
4057a000
3f8d6000
40598000
3f8c8800
40610000
3f884800
40679000
3f849000
40688000
3f840800
40700000
3f7f9000
3ff96000
3ff47000
40025000
3feb7000
40043000
3fe87000
400ac000
3fddf000
400f7000
3fd67000
40133000
3fd07000
4019c000
3fc5f000
401f6000
3fc05800
40232000
3fbc5800
4029b000
3fb55800
402d7000
3fb15800
40322000
3fac5800
4038b000
3fa55800
403b8000
3fa2f000
40421000
3f9de800
4048a000
3f98e000
404a8000
3f977000
40511000
3f926800
4057a000
3f8d6000
40598000
3f8c8800
40610000
3f884800
40679000
3f849000
40688000
3f840800
40700000
3f7f9000
3ffa8000
3ff55800
4002e000
3fec5800
4004c000
3fe95800
400b5000
3fded800
40100000
3fd75800
4013c000
3fd15800
401a5000
3fc6d800
40201000
3fc11000
4023d000
3fbd1000
402a6000
3fb61000
402e2000
3fb21000
4032d000
3fad1000
40396000
3fa61000
403c5000
3fa39000
4042e000
3f9e8800
40497000
3f998000
404b5000
3f981000
4051e000
3f930800
40587000
3f8e0000
405a7000
3f8d1000
4061f000
3f88d000
40688000
3f851800
40697000
3f849000
4070f000
3f805000
3ffa8000
3ff55800
4002e000
3fec5800
4004c000
3fe95800
400b5000
3fded800
40100000
3fd75800
4013c000
3fd15800
401a5000
3fc6d800
40201000
3fc11000
4023d000
3fbd1000
402a6000
3fb61000
402e2000
3fb21000
4032d000
3fad1000
40396000
3fa61000
403c5000
3fa39000
4042e000
3f9e8800
40497000
3f998000
404b5000
3f981000
4051e000
3f930800
40587000
3f8e0000
405a7000
3f8d1000
4061f000
3f88d000
40688000
3f851800
40697000
3f849000
4070f000
3f805000
3ffa8000
3ff55800
4002e000
3fec5800
4004c000
3fe95800
400b5000
3fded800
40100000
3fd75800
4013c000
3fd15800
401a5000
3fc6d800
40201000
3fc11000
4023d000
3fbd1000
402a6000
3fb61000
402e2000
3fb21000
4032d000
3fad1000
40396000
3fa61000
403c5000
3fa39000
4042e000
3f9e8800
40497000
3f998000
404b5000
3f981000
4051e000
3f930800
40587000
3f8e0000
405a7000
3f8d1000
4061f000
3f88d000
40688000
3f851800
40697000
3f849000
4070f000
3f805000
3ffa8000
3ff55800
4002e000
3fec5800
4004c000
3fe95800
400b5000
3fded800
40100000
3fd75800
4013c000
3fd15800
401a5000
3fc6d800
40201000
3fc11000
4023d000
3fbd1000
402a6000
3fb61000
402e2000
3fb21000
4032d000
3fad1000
40396000
3fa61000
403c5000
3fa39000
4042e000
3f9e8800
40497000
3f998000
404b5000
3f981000
4051e000
3f930800
40587000
3f8e0000
405a7000
3f8d1000
4061f000
3f88d000
40688000
3f851800
40697000
3f849000
4070f000
3f805000
3ffa8000
3ff55800
4002e000
3fec5800
4004c000
3fe95800
400b5000
3fded800
40100000
3fd75800
4013c000
3fd15800
401a5000
3fc6d800
40201000
3fc11000
4023d000
3fbd1000
402a6000
3fb61000
402e2000
3fb21000
4032d000
3fad1000
40396000
3fa61000
403c5000
3fa39000
4042e000
3f9e8800
40497000
3f998000
404b5000
3f981000
4051e000
3f930800
40587000
3f8e0000
405a7000
3f8d1000
4061f000
3f88d000
40688000
3f851800
40697000
3f849000
4070f000
3f805000
3ffa8000
3ff55800
4002e000
3fec5800
4004c000
3fe95800
400b5000
3fded800
40100000
3fd75800
4013c000
3fd15800
401a5000
3fc6d800
40201000
3fc11000
4023d000
3fbd1000
402a6000
3fb61000
402e2000
3fb21000
4032d000
3fad1000
40396000
3fa61000
403c5000
3fa39000
4042e000
3f9e8800
40497000
3f998000
404b5000
3f981000
4051e000
3f930800
40587000
3f8e0000
405a7000
3f8d1000
4061f000
3f88d000
40688000
3f851800
40697000
3f849000
4070f000
3f805000
3ffa8000
3ff55800
4002e000
3fec5800
4004c000
3fe95800
400b5000
3fded800
40100000
3fd75800
4013c000
3fd15800
401a5000
3fc6d800
40201000
3fc11000
4023d000
3fbd1000
402a6000
3fb61000
402e2000
3fb21000
4032d000
3fad1000
40396000
3fa61000
403c5000
3fa39000
4042e000
3f9e8800
40497000
3f998000
404b5000
3f981000
4051e000
3f930800
40587000
3f8e0000
405a7000
3f8d1000
4061f000
3f88d000
40688000
3f851800
40697000
3f849000
4070f000
3f805000
3ffa8000
3ff55800
4002e000
3fec5800
4004c000
3fe95800
400b5000
3fded800
40100000
3fd75800
4013c000
3fd15800
401a5000
3fc6d800
40201000
3fc11000
4023d000
3fbd1000
402a6000
3fb61000
402e2000
3fb21000
4032d000
3fad1000
40396000
3fa61000
403c5000
3fa39000
4042e000
3f9e8800
40497000
3f998000
404b5000
3f981000
4051e000
3f930800
40587000
3f8e0000
405a7000
3f8d1000
4061f000
3f88d000
40688000
3f851800
40697000
3f849000
4070f000
3f805000
3ffa8000
3ff55800
4002e000
3fec5800
4004c000
3fe95800
400b5000
3fded800
40100000
3fd75800
4013c000
3fd15800
401a5000
3fc6d800
40201000
3fc11000
4023d000
3fbd1000
402a6000
3fb61000
402e2000
3fb21000
4032d000
3fad1000
40396000
3fa61000
403c5000
3fa39000
4042e000
3f9e8800
40497000
3f998000
404b5000
3f981000
4051e000
3f930800
40587000
3f8e0000
405a7000
3f8d1000
4061f000
3f88d000
40688000
3f851800
40697000
3f849000
4070f000
3f805000
3ffa8000
3ff55800
4002e000
3fec5800
4004c000
3fe95800
400b5000
3fded800
40100000
3fd75800
4013c000
3fd15800
401a5000
3fc6d800
40201000
3fc11000
4023d000
3fbd1000
402a6000
3fb61000
402e2000
3fb21000
4032d000
3fad1000
40396000
3fa61000
403c5000
3fa39000
4042e000
3f9e8800
40497000
3f998000
404b5000
3f981000
4051e000
3f930800
40587000
3f8e0000
405a7000
3f8d1000
4061f000
3f88d000
40688000
3f851800
40697000
3f849000
4070f000
3f805000
3ffa8000
3ff55800
4002e000
3fec5800
4004c000
3fe95800
400b5000
3fded800
40100000
3fd75800
4013c000
3fd15800
401a5000
3fc6d800
40201000
3fc11000
4023d000
3fbd1000
402a6000
3fb61000
402e2000
3fb21000
4032d000
3fad1000
40396000
3fa61000
403c5000
3fa39000
4042e000
3f9e8800
40497000
3f998000
404b5000
3f981000
4051e000
3f930800
40587000
3f8e0000
405a7000
3f8d1000
4061f000
3f88d000
40688000
3f851800
40697000
3f849000
4070f000
3f805000
3ffa8000
3ff55800
4002e000
3fec5800
4004c000
3fe95800
400b5000
3fded800
40100000
3fd75800
4013c000
3fd15800
401a5000
3fc6d800
40201000
3fc11000
4023d000
3fbd1000
402a6000
3fb61000
402e2000
3fb21000
4032d000
3fad1000
40396000
3fa61000
403c5000
3fa39000
4042e000
3f9e8800
40497000
3f998000
404b5000
3f981000
4051e000
3f930800
40587000
3f8e0000
405a7000
3f8d1000
4061f000
3f88d000
40688000
3f851800
40697000
3f849000
4070f000
3f805000
3ffba000
3ff64000
40037000
3fed4000
40055000
3fea4000
400be000
3fdfc000
40109000
3fd84000
40145000
3fd24000
401ae000
3fc7c000
4020c000
3fc1c800
40248000
3fbdc800
402b1000
3fb6c800
402ed000
3fb2c800
40338000
3fadc800
403a1000
3fa6c800
403d2000
3fa43000
4043b000
3f9f2800
404a4000
3f9a2000
404c2000
3f98b000
4052b000
3f93a800
40594000
3f8ea000
405b6000
3f8d9800
4062e000
3f895800
40697000
3f85a000
406a6000
3f851800
4071e000
3f80d800
3ffba000
3ff64000
40037000
3fed4000
40055000
3fea4000
400be000
3fdfc000
40109000
3fd84000
40145000
3fd24000
401ae000
3fc7c000
4020c000
3fc1c800
40248000
3fbdc800
402b1000
3fb6c800
402ed000
3fb2c800
40338000
3fadc800
403a1000
3fa6c800
403d2000
3fa43000
4043b000
3f9f2800
404a4000
3f9a2000
404c2000
3f98b000
4052b000
3f93a800
40594000
3f8ea000
405b6000
3f8d9800
4062e000
3f895800
40697000
3f85a000
406a6000
3f851800
4071e000
3f80d800
3ffde000
3ff81000
40049000
3fef1000
40067000
3fec1000
400d0000
3fe19000
4011b000
3fda1000
40157000
3fd41000
401c0000
3fc99000
40222000
3fc33800
4025e000
3fbf3800
402c7000
3fb83800
40303000
3fb43800
4034e000
3faf3800
403b7000
3fa83800
403ec000
3fa57000
40455000
3fa06800
404be000
3f9b6000
404dc000
3f99f000
40545000
3f94e800
405ae000
3f8fe000
405d4000
3f8ea800
4064c000
3f8a6800
406b5000
3f86b000
406c4000
3f862800
4073c000
3f81e800
3fff0000
3ff8f800
40052000
3feff800
40070000
3fecf800
400d9000
3fe27800
40124000
3fdaf800
40160000
3fd4f800
401c9000
3fca7800
4022d000
3fc3f000
40269000
3fbff000
402d2000
3fb8f000
4030e000
3fb4f000
40359000
3faff000
403c2000
3fa8f000
403f9000
3fa61000
40462000
3fa10800
404cb000
3f9c0000
404e9000
3f9a9000
40552000
3f958800
405bb000
3f908000
405e3000
3f8f3000
4065b000
3f8af000
406c4000
3f873800
406d3000
3f86b000
4074b000
3f827000
3fff0000
3ff8f800
40052000
3feff800
40070000
3fecf800
400d9000
3fe27800
40124000
3fdaf800
40160000
3fd4f800
401c9000
3fca7800
4022d000
3fc3f000
40269000
3fbff000
402d2000
3fb8f000
4030e000
3fb4f000
40359000
3faff000
403c2000
3fa8f000
403f9000
3fa61000
40462000
3fa10800
404cb000
3f9c0000
404e9000
3f9a9000
40552000
3f958800
405bb000
3f908000
405e3000
3f8f3000
4065b000
3f8af000
406c4000
3f873800
406d3000
3f86b000
4074b000
3f827000
40013000
3ffbb000
4006d000
3ff2b000
4008b000
3fefb000
400f4000
3fe53000
4013f000
3fddb000
4017b000
3fd7b000
401e4000
3fcd3000
4024e000
3fc61800
4028a000
3fc21800
402f3000
3fbb1800
4032f000
3fb71800
4037a000
3fb21800
403e3000
3fab1800
40420000
3fa7f000
40489000
3fa2e800
404f2000
3f9de000
40510000
3f9c7000
40579000
3f976800
405e2000
3f926000
40610000
3f90c800
40688000
3f8c8800
406f1000
3f88d000
40700000
3f884800
40778000
3f840800
