level,dx,dy,w,b,input_bits,objective,coefficients,mae,mred,rmse,max_relative,p99_relative,cost_proxy
0,14,14,14,5,23,mse,15,0.047757928687806595,0.04859976251155235,0.05681079545554198,0.26671664587331706,0.19700261116153014,163
0,14,14,14,6,23,mse,30,0.047757928687806595,0.04859976251155235,0.05681079545554198,0.26671664587331706,0.19700261116153014,174
0,14,14,14,6,23,mred,29,0.040196562608763475,0.04027678822917825,0.05950152191828356,0.2911594243442065,0.22376919078947913,174
0,14,14,14,7,23,mse,59,0.04207117822739121,0.042664957033587525,0.05525834450638656,0.2789380351087618,0.21038590097550466,185
0,14,14,14,7,23,mred,58,0.040196562608763475,0.04027678822917825,0.05950152191828356,0.2911594243442065,0.22376919078947913,185
0,14,14,14,8,23,mse,118,0.04207117822739121,0.042664957033587525,0.05525834450638656,0.2789380351087618,0.21038590097550466,196
0,14,14,14,8,23,mred,116,0.040196562608763475,0.04027678822917825,0.05950152191828356,0.2911594243442065,0.22376919078947913,196
0,14,14,14,9,23,mse,237,0.043185081442635775,0.04386826417617573,0.05509099807286925,0.2758826877999006,0.20704007852201103,207
0,14,14,14,9,23,mred,232,0.040196562608763475,0.04027678822917825,0.05950152191828356,0.2911594243442065,0.22376919078947913,207
0,14,14,14,10,23,mse,474,0.043185081442635775,0.04386826417617573,0.05509099807286925,0.2758826877999006,0.20704007852201103,218
0,14,14,14,10,23,mred,464,0.040196562608763475,0.04027678822917825,0.05950152191828356,0.2911594243442065,0.22376919078947913,218
0,14,14,14,11,23,mse,948,0.043185081442635775,0.04386826417617573,0.05509099807286925,0.2758826877999006,0.20704007852201103,229
0,14,14,14,11,23,mred,927,0.04022441531285026,0.04026778988811873,0.05994005464326333,0.2919232611714218,0.22460564640285255,229
0,14,14,16,5,23,mse,15,0.04721510305669563,0.04808486622887294,0.05648731845583657,0.2685095147098126,0.19870448026390902,153
0,14,14,16,6,23,mse,30,0.04721510305669563,0.04808486622887294,0.05648731845583657,0.2685095147098126,0.19870448026390902,162
0,14,14,16,6,23,mred,29,0.04023195010421702,0.040335798243187226,0.05997743467499423,0.2928925308861522,0.2254143309217787,162
0,14,14,16,7,23,mse,59,0.041796075818452905,0.04241234524325177,0.05535689972697091,0.2807010227979824,0.21205940559284386,171
0,14,14,16,7,23,mred,58,0.04023195010421702,0.040335798243187226,0.05997743467499423,0.2928925308861522,0.2254143309217787,171
0,14,14,16,8,23,mse,119,0.04408480341565049,0.044869745618948326,0.05518319134153483,0.2746052687538975,0.20538194292837642,180
0,14,14,16,8,23,mred,116,0.04023195010421702,0.040335798243187226,0.05997743467499423,0.2928925308861522,0.2254143309217787,180
0,14,14,16,9,23,mse,237,0.04282978092334525,0.04353742246461603,0.05508340214578401,0.27765314577593997,0.20872067426061014,189
0,14,14,16,9,23,mred,232,0.04023195010421702,0.040335798243187226,0.05997743467499423,0.2928925308861522,0.2254143309217787,189
0,14,14,16,10,23,mse,474,0.04282978092334525,0.04353742246461603,0.05508340214578401,0.27765314577593997,0.20872067426061014,198
0,14,14,16,10,23,mred,464,0.04023195010421702,0.040335798243187226,0.05997743467499423,0.2928925308861522,0.2254143309217787,198
0,14,14,16,11,23,mse,949,0.04312487039890267,0.04385255237929522,0.05507330335268548,0.2768911765204294,0.2078859914275517,207
0,14,14,16,11,23,mred,928,0.04023195010421702,0.040335798243187226,0.05997743467499423,0.2928925308861522,0.2254143309217787,207
0,14,14,18,5,23,mse,15,0.04523288823288901,0.04626813034266229,0.055604243003387004,0.2828524654017771,0.2078533886949412,143
0,14,14,18,6,23,mse,30,0.04523288823288901,0.04626813034266229,0.055604243003387004,0.2828524654017771,0.2078533886949412,150
0,14,14,18,6,23,mred,29,0.04090660534066204,0.0411450016874912,0.062277225039785195,0.30675738322171786,0.23425827573844318,150
0,14,14,18,7,23,mse,60,0.04523288823288901,0.04626813034266229,0.055604243003387004,0.2828524654017771,0.2078533886949412,157
0,14,14,18,7,23,mred,58,0.04090660534066204,0.0411450016874912,0.062277225039785195,0.30675738322171786,0.23425827573844318,157
0,14,14,18,8,23,mse,119,0.04263611797270982,0.04356197065679766,0.05516948570136267,0.28882869485676227,0.21445461045581668,164
0,14,14,18,8,23,mred,117,0.04035899795719965,0.04086370251085724,0.05862578453113465,0.30078115376673265,0.22765705397756766,164
0,14,14,18,9,23,mse,238,0.04263611797270982,0.04356197065679766,0.05516948570136267,0.28882869485676227,0.21445461045581668,171
0,14,14,18,9,23,mred,233,0.04045728336220896,0.04083337578346609,0.06031016864660726,0.30376926849422525,0.2309576648580054,171
0,14,14,18,10,23,mse,477,0.04319876973261001,0.04415836025944687,0.055139923305088816,0.28733463749301597,0.2128043050155978,178
0,14,14,18,10,23,mred,467,0.04037400206814884,0.04081514437034382,0.059431045895758774,0.30227521113047895,0.22930735941778654,178
0,14,14,18,11,23,mse,954,0.04319876973261001,0.04415836025944687,0.055139923305088816,0.28733463749301597,0.2128043050155978,185
0,14,14,18,11,23,mred,934,0.04037400206814884,0.04081514437034382,0.059431045895758774,0.30227521113047895,0.22930735941778654,185
0,14,14,20,5,23,mse,15,0.04326564185285422,0.045160783513744376,0.05963680616905754,0.34820791095640435,0.25098020581268704,133
0,14,14,20,6,23,mse,30,0.04326564185285422,0.045160783513744376,0.05963680616905754,0.34820791095640435,0.25098020581268704,138
0,14,14,20,7,23,mse,61,0.046104217732417595,0.048072856748826304,0.05822693087415369,0.3373447094723444,0.23849654257623187,143
0,14,14,20,7,23,mred,60,0.04326564185285422,0.045160783513744376,0.05963680616905754,0.34820791095640435,0.25098020581268704,143
0,14,14,20,8,23,mse,122,0.046104217732417595,0.048072856748826304,0.05822693087415369,0.3373447094723444,0.23849654257623187,148
0,14,14,20,8,23,mred,120,0.04326564185285422,0.045160783513744376,0.05963680616905754,0.34820791095640435,0.25098020581268704,148
0,14,14,20,9,23,mse,243,0.04503642222894487,0.04700411255474106,0.05807797087792206,0.3400605098433594,0.24161745838534568,153
0,14,14,20,9,23,mred,239,0.04325442873240047,0.04509193369060573,0.06079642582919739,0.35092371132741934,0.2541011216218009,153
0,14,14,20,10,23,mse,486,0.04503642222894487,0.04700411255474106,0.05807797087792206,0.3400605098433594,0.24161745838534568,158
0,14,14,20,10,23,mred,478,0.04325442873240047,0.04509193369060573,0.06079642582919739,0.35092371132741934,0.2541011216218009,158
0,14,14,20,11,23,mse,972,0.04503642222894487,0.04700411255474106,0.05807797087792206,0.3400605098433594,0.24161745838534568,163
0,14,14,20,11,23,mred,957,0.04322961846938504,0.04508287532195057,0.060478194031486396,0.3502447612346656,0.2533208926695224,163
0,14,14,22,5,23,mse,16,0.08090740323928866,0.08804304271441547,0.10080438095539089,0.5666495566209466,0.5289532469156134,123
0,14,14,22,6,23,mse,33,0.07855326765564552,0.08526675414067349,0.09662103870946744,0.5531073552653512,0.5142330358817264,126
0,14,14,22,7,23,mse,66,0.07855326765564552,0.08526675414067349,0.09662103870946744,0.5531073552653512,0.5142330358817264,129
0,14,14,22,8,23,mse,132,0.07855326765564552,0.08526675414067349,0.09662103870946744,0.5531073552653512,0.5142330358817264,132
0,14,14,22,9,23,mse,263,0.07841115931139998,0.08521599946268202,0.096551710795771,0.5548001304348006,0.5160730622609623,135
0,14,14,22,10,23,mse,526,0.07841115931139998,0.08521599946268202,0.096551710795771,0.5548001304348006,0.5160730622609623,138
0,14,14,22,11,23,mse,1052,0.07841115931139998,0.08521599946268202,0.096551710795771,0.5548001304348006,0.5160730622609623,141
0,14,14,22,11,23,mred,1053,0.07843270996571094,0.08521549452225229,0.09655287110363693,0.5543769366424383,0.5156130556661533,141
0,14,16,14,5,23,mse,15,0.0485873669457792,0.04938002348491671,0.05733699596498857,0.2577523016908393,0.1934713950703919,151
0,14,16,14,6,23,mse,30,0.0485873669457792,0.04938002348491671,0.05733699596498857,0.2577523016908393,0.1934713950703919,162
0,14,16,14,6,23,mred,29,0.04018366615248065,0.04021228181747565,0.05883008187567477,0.28249389163447797,0.22035568190137883,162
0,14,16,14,7,23,mse,59,0.04249339850473889,0.04304286830699494,0.05515981496958856,0.2701230966626586,0.20691353848588537,173
0,14,16,14,7,23,mred,58,0.04018366615248065,0.04021228181747565,0.05883008187567477,0.28249389163447797,0.22035568190137883,173
0,14,16,14,8,23,mse,118,0.04249339850473889,0.04304286830699494,0.05515981496958856,0.2701230966626586,0.20691353848588537,184
0,14,16,14,8,23,mred,116,0.04018366615248065,0.04021228181747565,0.05883008187567477,0.28249389163447797,0.22035568190137883,184
0,14,16,14,9,23,mse,237,0.04370144673711941,0.04434017725671857,0.055151177331984255,0.2670303979197038,0.203553002632012,195
0,14,16,14,9,23,mred,231,0.040274139184679134,0.04015135905973771,0.060574023971773576,0.28558659037743284,0.2237162177552522,195
0,14,16,14,10,23,mse,473,0.043072996844210246,0.043667912521276414,0.055108499787103,0.2685767472911812,0.2052332705589487,206
0,14,16,14,10,23,mred,463,0.04018468353762632,0.040139034110233,0.05966501010901883,0.2840402410059554,0.22203594982831554,206
0,14,16,14,11,23,mse,946,0.043072996844210246,0.043667912521276414,0.055108499787103,0.2685767472911812,0.2052332705589487,217
0,14,16,14,11,23,mred,925,0.040216014185713016,0.04013227887457661,0.060110459982806154,0.2848134156916941,0.22287608379178386,217
0,14,16,16,5,23,mse,15,0.04801046680187028,0.048832508106449686,0.05696113295762559,0.2613380393638304,0.19676342276717781,141
0,14,16,16,6,23,mse,30,0.04801046680187028,0.048832508106449686,0.05696113295762559,0.2613380393638304,0.19676342276717781,150
0,14,16,16,6,23,mred,29,0.04018734045088686,0.04024646285318591,0.05925760093191406,0.2859601047183694,0.22353797534160522,150
0,14,16,16,7,23,mse,59,0.04218091240564893,0.04275886430685073,0.05520109195007565,0.2736490720410999,0.21015069905439152,159
0,14,16,16,7,23,mred,58,0.04018734045088686,0.04024646285318591,0.05925760093191406,0.2859601047183694,0.22353797534160522,159
0,14,16,16,8,23,mse,118,0.04218091240564893,0.04275886430685073,0.05520109195007565,0.2736490720410999,0.21015069905439152,168
0,14,16,16,8,23,mred,116,0.04018734045088686,0.04024646285318591,0.05925760093191406,0.2859601047183694,0.22353797534160522,168
0,14,16,16,9,23,mse,237,0.043317031016024514,0.04398186255704463,0.05508609174195106,0.2705713138717825,0.20680387998258812,177
0,14,16,16,9,23,mred,232,0.04018734045088686,0.04024646285318591,0.05925760093191406,0.2859601047183694,0.22353797534160522,177
0,14,16,16,10,23,mse,474,0.043317031016024514,0.04398186255704463,0.05508609174195106,0.2705713138717825,0.20680387998258812,186
0,14,16,16,10,23,mred,463,0.0402407639515054,0.04022612438884446,0.06013341659265345,0.2874989838030281,0.22521138487750694,186
0,14,16,16,11,23,mse,947,0.04301376556791873,0.043657973363264505,0.05507967903004398,0.27134075341411185,0.20764058475053895,195
0,14,16,16,11,23,mred,927,0.040203189980805125,0.04022586930576009,0.059686289227783546,0.28672954426069874,0.22437468010955605,195
0,14,16,18,5,23,mse,15,0.04600387641749666,0.04697821252732827,0.0559691744485678,0.2828524654017771,0.20203028180914584,131
0,14,16,18,6,23,mse,30,0.04600387641749666,0.04697821252732827,0.0559691744485678,0.2828524654017771,0.20203028180914584,138
0,14,16,18,6,23,mred,29,0.04070654815150095,0.040896305444603084,0.061457061173077795,0.30675738322171786,0.22862927241550765,138
0,14,16,18,7,23,mse,59,0.04133803524618254,0.0420344455310797,0.05592070622929021,0.2948049243117475,0.21532977711232676,145
0,14,16,18,7,23,mred,58,0.04070654815150095,0.040896305444603084,0.061457061173077795,0.30675738322171786,0.22862927241550765,145
0,14,16,18,8,23,mse,119,0.04316941949924169,0.04405250360075245,0.055208046750934194,0.28882869485676227,0.2086800294607363,152
0,14,16,18,8,23,mred,116,0.04070654815150095,0.040896305444603084,0.061457061173077795,0.30675738322171786,0.22862927241550765,152
0,14,16,18,9,23,mse,238,0.04316941949924169,0.04405250360075245,0.055208046750934194,0.28882869485676227,0.2086800294607363,159
0,14,16,18,9,23,mred,233,0.040435837646187175,0.040763094964797936,0.05960769865751755,0.30376926849422525,0.22530439858971243,159
0,14,16,18,10,23,mse,476,0.04316941949924169,0.04405250360075245,0.055208046750934194,0.28882869485676227,0.2086800294607363,166
0,14,16,18,10,23,mred,466,0.040435837646187175,0.040763094964797936,0.05960769865751755,0.30376926849422525,0.22530439858971243,166
0,14,16,18,11,23,mse,952,0.04316941949924169,0.04405250360075245,0.055208046750934194,0.28882869485676227,0.2086800294607363,173
0,14,16,18,11,23,mred,931,0.040468624809004726,0.04076195737200282,0.06004341291931871,0.3045162971760984,0.22613561704616125,173
0,14,16,20,5,23,mse,15,0.043341800390609364,0.045118788428973725,0.05918852453701317,0.3436199109805724,0.2451539763353961,121
0,14,16,20,6,23,mse,30,0.043341800390609364,0.045118788428973725,0.05918852453701317,0.3436199109805724,0.2451539763353961,126
0,14,16,20,7,23,mse,61,0.04666805479434229,0.0485033721182026,0.05837443523784018,0.3326802428302486,0.23257320927431938,131
0,14,16,20,7,23,mred,60,0.043341800390609364,0.045118788428973725,0.05918852453701317,0.3436199109805724,0.2451539763353961,131
0,14,16,20,8,23,mse,121,0.044528062880841913,0.04636179116691931,0.05810890523122286,0.3381500769054105,0.23886359280485772,136
0,14,16,20,8,23,mred,119,0.04330674243577248,0.04496281724277165,0.06154254137122475,0.3490897450557343,0.25144435986593444,136
0,14,16,20,9,23,mse,243,0.04549129303061415,0.04732970886351151,0.058072489005303984,0.33541515986782955,0.23571840103958855,141
0,14,16,20,9,23,mred,239,0.04316471004395661,0.04488824741070732,0.06021367883351667,0.34635482801815337,0.24829916810066527,141
0,14,16,20,10,23,mse,485,0.044982133982189365,0.04681975719969504,0.058048302933638635,0.33678261838662005,0.23729099692222314,146
0,14,16,20,10,23,mred,477,0.04319061623191289,0.0448824550869276,0.06084128375372832,0.3477222865369438,0.24987176398329985,146
0,14,16,20,11,23,mse,970,0.044982133982189365,0.04681975719969504,0.058048302933638635,0.33678261838662005,0.23729099692222314,151
0,14,16,20,11,23,mred,955,0.043165283235351695,0.044873686622892234,0.060518125188222416,0.34703855727754856,0.2490854660419826,151
0,14,16,22,5,23,mse,16,0.08032980368965732,0.08733828986405434,0.09996382304864558,0.5666495566209466,0.5243697186387789,111
0,14,16,22,6,23,mse,33,0.07854215064995951,0.08508929416998857,0.09650669041587653,0.5531073552653512,0.5095062723462406,114
0,14,16,22,7,23,mse,66,0.07854215064995951,0.08508929416998857,0.09650669041587653,0.5531073552653512,0.5095062723462406,117
0,14,16,22,8,23,mse,131,0.07823328446567743,0.08496517703548906,0.09634597959722807,0.55649290560425,0.5132221339193751,120
0,14,16,22,9,23,mse,263,0.0783292319877208,0.08497262788203758,0.09633956214483697,0.5548001304348006,0.5113642031328078,123
0,14,16,22,9,23,mred,262,0.07823328446567743,0.08496517703548906,0.09634597959722807,0.55649290560425,0.5132221339193751,123
0,14,16,22,10,23,mse,525,0.07826986446854427,0.08495852528067242,0.09632105783795154,0.5556465180195254,0.5122931685260915,126
0,14,16,22,11,23,mse,1050,0.07826986446854427,0.08495852528067242,0.09632105783795154,0.5556465180195254,0.5122931685260915,129
0,14,18,14,5,23,mse,15,0.05257600854162498,0.053151276316089555,0.06064600352955595,0.2577523016908393,0.17313921704701032,139
0,14,18,14,5,23,mred,14,0.04900547969856403,0.04733966876130394,0.07454747462271272,0.30723548157811664,0.2282632692438763,139
0,14,18,14,6,23,mse,29,0.040908788470094534,0.040752619735035765,0.05719690142574563,0.28249389163447797,0.2007012431454433,150
0,14,18,14,7,23,mse,59,0.0450727021661356,0.045423193101274725,0.0560194167855391,0.2701230966626586,0.18692023009622682,161
0,14,18,14,7,23,mred,57,0.041221717637866,0.0403738127978069,0.06385819580328339,0.29486468660629733,0.2144822561946598,161
0,14,18,14,8,23,mse,117,0.04250994626980899,0.04263721447625061,0.05586319136511549,0.2763084941485683,0.19381073662083506,172
0,14,18,14,8,23,mred,115,0.040377217336489885,0.03989128287304498,0.05992114156643534,0.28867928912038765,0.20759174967005156,172
0,14,18,14,9,23,mse,235,0.043690473116869355,0.04393695612849513,0.055753045359920074,0.27321579540561347,0.19036548335853093,183
0,14,18,14,9,23,mred,230,0.040377217336489885,0.03989128287304498,0.05992114156643534,0.28867928912038765,0.20759174967005156,183
0,14,18,14,10,23,mse,470,0.043690473116869355,0.04393695612849513,0.055753045359920074,0.27321579540561347,0.19036548335853093,194
0,14,18,14,10,23,mred,459,0.04045234681793665,0.03987798557252868,0.06079966731428218,0.29022563849186506,0.20931437630120361,194
0,14,18,14,11,23,mse,939,0.043374277624451264,0.04359207111205393,0.05574524015097077,0.27398897009135215,0.191226796674107,205
0,14,18,14,11,23,mred,919,0.040404907487109315,0.03987513086923704,0.06035111250055742,0.2894524638061264,0.2084530629856276,205
0,14,18,16,5,23,mse,15,0.05193030692775247,0.052529622489012516,0.0601259498975088,0.2613380393638304,0.17650777257387873,129
0,14,18,16,5,23,mred,14,0.04991499308682641,0.048273751660017794,0.07534687053643413,0.3105821700729084,0.23140725440228685,129
0,14,18,16,6,23,mse,29,0.040753029312867076,0.04061389921505259,0.057473303182900316,0.2859601047183694,0.20395751348808278,138
0,14,18,16,7,23,mse,59,0.04464712336670557,0.0450195312495312,0.055887523346137516,0.2736490720410999,0.19023264303098078,147
0,14,18,16,7,23,mred,58,0.040753029312867076,0.04061389921505259,0.057473303182900316,0.2859601047183694,0.20395751348808278,147
0,14,18,16,8,23,mse,118,0.04464712336670557,0.0450195312495312,0.055887523346137516,0.2736490720410999,0.19023264303098078,156
0,14,18,16,8,23,mred,115,0.040406144019720786,0.039939766583463446,0.06037274382625641,0.2921156210570041,0.2108199487166338,156
0,14,18,16,9,23,mse,235,0.043317796024886765,0.04358398609606334,0.05572616399454083,0.2767268302104173,0.19366386064525626,165
0,14,18,16,9,23,mred,230,0.040406144019720786,0.039939766583463446,0.06037274382625641,0.2921156210570041,0.2108199487166338,165
0,14,18,16,10,23,mse,470,0.043317796024886765,0.04358398609606334,0.05572616399454083,0.2767268302104173,0.19366386064525626,174
0,14,18,16,10,23,mred,460,0.040406144019720786,0.039939766583463446,0.06037274382625641,0.2921156210570041,0.2108199487166338,174
0,14,18,16,11,23,mse,940,0.043317796024886765,0.04358398609606334,0.05572616399454083,0.2767268302104173,0.19366386064525626,183
0,14,18,16,11,23,mred,920,0.040406144019720786,0.039939766583463446,0.06037274382625641,0.2921156210570041,0.2108199487166338,183
0,14,18,18,5,23,mse,15,0.04953048979742267,0.05022694547146861,0.058384160883794466,0.2828524654017771,0.18738714162682654,119
0,14,18,18,6,23,mse,30,0.04953048979742267,0.05022694547146861,0.058384160883794466,0.2828524654017771,0.18738714162682654,126
0,14,18,18,6,23,mred,29,0.04052678083343559,0.040461383165817176,0.058983804494567985,0.30675738322171786,0.21447423690593231,126
0,14,18,18,7,23,mse,59,0.043211849098079076,0.043656296834022904,0.0557798923018387,0.2948049243117475,0.20093068926637941,133
0,14,18,18,7,23,mred,58,0.04052678083343559,0.040461383165817176,0.058983804494567985,0.30675738322171786,0.21447423690593231,133
0,14,18,18,8,23,mse,118,0.043211849098079076,0.043656296834022904,0.0557798923018387,0.2948049243117475,0.20093068926637941,140
0,14,18,18,8,23,mred,116,0.04052678083343559,0.040461383165817176,0.058983804494567985,0.30675738322171786,0.21447423690593231,140
0,14,18,18,9,23,mse,236,0.043211849098079076,0.043656296834022904,0.0557798923018387,0.2948049243117475,0.20093068926637941,147
0,14,18,18,9,23,mred,231,0.040612889674478514,0.04039397813144534,0.06062111584110017,0.30974549794921047,0.21786012381582054,147
0,14,18,18,10,23,mse,472,0.043211849098079076,0.043656296834022904,0.0557798923018387,0.2948049243117475,0.20093068926637941,154
0,14,18,18,10,23,mred,463,0.04052399595438616,0.04038363141933188,0.05976461390046394,0.30825144058546416,0.21616718036087645,154
0,14,18,18,11,23,mse,945,0.04351595473014835,0.04398403516998813,0.05577181980302764,0.29405789562987433,0.20008421753890737,161
0,14,18,18,11,23,mred,925,0.04055841502366611,0.04037874250600686,0.06018359858885559,0.3089984692673373,0.2170136520883485,161
0,14,18,20,5,23,mse,15,0.04420172011119264,0.04560235822326175,0.057879275559282066,0.33094647823391443,0.23151429111361793,109
0,14,18,20,6,23,mse,30,0.04420172011119264,0.04560235822326175,0.057879275559282066,0.33094647823391443,0.23151429111361793,114
0,14,18,20,7,23,mse,60,0.04420172011119264,0.04560235822326175,0.057879275559282066,0.33094647823391443,0.23151429111361793,119
0,14,18,20,7,23,mred,59,0.04323660338556863,0.044325876159830656,0.061602724197320324,0.3420973702633492,0.24432238626172428,119
0,14,18,20,8,23,mse,120,0.04420172011119264,0.04560235822326175,0.057879275559282066,0.33094647823391443,0.23151429111361793,124
0,14,18,20,8,23,mred,118,0.04323660338556863,0.044325876159830656,0.061602724197320324,0.3420973702633492,0.24432238626172428,124
0,14,18,20,9,23,mse,241,0.04511607867538367,0.046555710839890824,0.0577820958567086,0.32815875522655574,0.22831226732659132,129
0,14,18,20,9,23,mred,237,0.04299720987345518,0.04418946952899047,0.06019705603623535,0.3393096472559905,0.2411203624746977,129
0,14,18,20,10,23,mse,482,0.04511607867538367,0.046555710839890824,0.0577820958567086,0.32815875522655574,0.22831226732659132,134
0,14,18,20,10,23,mred,474,0.04299720987345518,0.04418946952899047,0.06019705603623535,0.3393096472559905,0.2411203624746977,134
0,14,18,20,11,23,mse,963,0.04486550142369261,0.046297046590047485,0.057773967199450035,0.32885568597839543,0.229112773273348,139
0,14,18,20,11,23,mred,948,0.04299720987345518,0.04418946952899047,0.06019705603623535,0.3393096472559905,0.2411203624746977,139
0,14,18,22,5,23,mse,16,0.0781865099685606,0.08487726533711845,0.09689560709763564,0.5602681823387686,0.5217474397840737,99
0,14,18,22,6,23,mse,33,0.07864084365381131,0.08477163795071582,0.09642335770504525,0.5465265630368552,0.5068020472773259,102
0,14,18,22,7,23,mse,65,0.0773460468869802,0.0838633572481535,0.09524064991524776,0.553397372687812,0.5142747435306998,105
0,14,18,22,8,23,mse,130,0.0773460468869802,0.0838633572481535,0.09524064991524776,0.553397372687812,0.5142747435306998,108
0,14,18,22,9,23,mse,260,0.0773460468869802,0.0838633572481535,0.09524064991524776,0.553397372687812,0.5142747435306998,111
0,14,18,22,10,23,mse,521,0.07739898499191966,0.08387843121040754,0.09523303328248567,0.5525385214814423,0.513340656499028,114
0,14,18,22,10,23,mred,520,0.0773460468869802,0.0838633572481535,0.09524064991524776,0.553397372687812,0.5142747435306998,114
0,14,18,22,11,23,mse,1041,0.0773690981448974,0.08386777348058227,0.09523125654727005,0.5529679470846272,0.5138077000148639,117
0,14,18,22,11,23,mred,1040,0.0773460468869802,0.0838633572481535,0.09524064991524776,0.553397372687812,0.5142747435306998,117
0,14,20,14,5,23,mse,14,0.04492419996167382,0.04269839742886419,0.06567861494239319,0.2266800153697345,0.17123065940426446,127
0,14,20,14,6,23,mse,29,0.053276842098410715,0.05280389384568831,0.0652010774722626,0.19906144449008217,0.14866912574469268,138
0,14,20,14,6,23,mred,28,0.04492419996167382,0.04269839742886419,0.06567861494239319,0.2266800153697345,0.17123065940426446,138
0,14,20,14,7,23,mse,57,0.0468906247804554,0.04566006443357479,0.06266054800788069,0.21287072992990835,0.15643120689362636,149
0,14,20,14,7,23,mred,56,0.04492419996167382,0.04269839742886419,0.06567861494239319,0.2266800153697345,0.17123065940426446,149
0,14,20,14,8,23,mse,114,0.0468906247804554,0.04566006443357479,0.06266054800788069,0.21287072992990835,0.15643120689362636,160
0,14,20,14,8,23,mred,112,0.04492419996167382,0.04269839742886419,0.06567861494239319,0.2266800153697345,0.17123065940426446,160
0,14,20,14,9,23,mse,228,0.0468906247804554,0.04566006443357479,0.06266054800788069,0.21287072992990835,0.15643120689362636,171
0,14,20,14,9,23,mred,224,0.04492419996167382,0.04269839742886419,0.06567861494239319,0.2266800153697345,0.17123065940426446,171
0,14,20,14,10,23,mse,456,0.0468906247804554,0.04566006443357479,0.06266054800788069,0.21287072992990835,0.15643120689362636,182
0,14,20,14,10,23,mred,448,0.04492419996167382,0.04269839742886419,0.06567861494239319,0.2266800153697345,0.17123065940426446,182
0,14,20,14,11,23,mse,913,0.047179806725129066,0.046005043344894594,0.06265606207483383,0.21200764958991922,0.15550624111171146,193
0,14,20,14,11,23,mred,896,0.04492419996167382,0.04269839742886419,0.06567861494239319,0.2266800153697345,0.17123065940426446,193
0,14,20,16,5,23,mse,14,0.04497414963791689,0.042733161278444495,0.0659992897845739,0.23144379350914066,0.17555239434689285,117
0,14,20,16,6,23,mse,29,0.052688242187617196,0.052195597030393545,0.06480458810919089,0.20399535756303855,0.1492906960239796,126
0,14,20,16,6,23,mred,28,0.04497414963791689,0.042733161278444495,0.0659992897845739,0.23144379350914066,0.17555239434689285,126
0,14,20,16,7,23,mse,57,0.04656209649192384,0.04531185245595932,0.06262990992666266,0.21771957553608962,0.16083011567451594,135
0,14,20,16,7,23,mred,56,0.04497414963791689,0.042733161278444495,0.0659992897845739,0.23144379350914066,0.17555239434689285,135
0,14,20,16,8,23,mse,114,0.04656209649192384,0.04531185245595932,0.06262990992666266,0.21771957553608962,0.16083011567451594,144
0,14,20,16,8,23,mred,112,0.04497414963791689,0.042733161278444495,0.0659992897845739,0.23144379350914066,0.17555239434689285,144
0,14,20,16,9,23,mse,228,0.04656209649192384,0.04531185245595932,0.06262990992666266,0.21771957553608962,0.16083011567451594,153
0,14,20,16,9,23,mred,224,0.04497414963791689,0.042733161278444495,0.0659992897845739,0.23144379350914066,0.17555239434689285,153
0,14,20,16,10,23,mse,457,0.04712215224574818,0.04598208763334871,0.06259624313499026,0.21600404828945824,0.15898983084046883,162
0,14,20,16,10,23,mred,448,0.04497414963791689,0.042733161278444495,0.0659992897845739,0.23144379350914066,0.17555239434689285,162
0,14,20,16,11,23,mse,914,0.04712215224574818,0.04598208763334871,0.06259624313499026,0.21600404828945824,0.15898983084046883,171
0,14,20,16,11,23,mred,897,0.04490349168003306,0.042729975126532135,0.06563537471403066,0.23058602988582497,0.1746322519298693,171
0,14,20,18,5,23,mse,14,0.04562678511594103,0.043326741054708386,0.06760487693260347,0.23791450681861526,0.18450283287768185,107
0,14,20,18,6,23,mse,29,0.0505558771386109,0.050000113833404705,0.06353368792993756,0.21069716777642294,0.1557099140135576,114
0,14,20,18,6,23,mred,28,0.04562678511594103,0.043326741054708386,0.06760487693260347,0.23791450681861526,0.18450283287768185,114
0,14,20,18,7,23,mse,57,0.04563960599695529,0.04431551185289564,0.06286120416854016,0.2243058372975191,0.16994038346478332,121
0,14,20,18,7,23,mred,56,0.04562678511594103,0.043326741054708386,0.06760487693260347,0.23791450681861526,0.18450283287768185,121
0,14,20,18,8,23,mse,115,0.04758272741587906,0.046672706120678684,0.06249835503632972,0.217501502536971,0.16265915875833406,128
0,14,20,18,8,23,mred,113,0.04491460172949879,0.043120718574997205,0.06459867896322652,0.23111017205806716,0.1772216081712326,128
0,14,20,18,9,23,mse,230,0.04758272741587906,0.046672706120678684,0.06249835503632972,0.217501502536971,0.16265915875833406,135
0,14,20,18,9,23,mred,225,0.04508543584129984,0.043041879701802,0.06595231526305816,0.2345123394383412,0.18086222052445722,135
0,14,20,18,10,23,mse,459,0.046998389962066844,0.04598951107694872,0.06245733491479204,0.21920258622710803,0.16447946493494636,142
0,14,20,18,10,23,mred,451,0.04494933543473812,0.04303235372134692,0.06523687216373157,0.2328112557482042,0.17904191434784492,142
0,14,20,18,11,23,mse,918,0.046998389962066844,0.04598951107694872,0.06245733491479204,0.21920258622710803,0.16447946493494636,149
0,14,20,18,11,23,mred,901,0.04500460132029181,0.04302479375556752,0.0655850890829251,0.2336617975932727,0.17995206743615108,149
0,14,20,20,5,23,mse,15,0.05782708222014778,0.0582315828290845,0.06924580308278772,0.2574724258056803,0.17350182419680404,97
0,14,20,20,5,23,mred,14,0.05436495398647234,0.05227917372767856,0.07811373858598564,0.3069742640853016,0.2216621878369989,97
0,14,20,20,6,23,mse,29,0.04715228763639745,0.04670648153532929,0.06397911339222002,0.28222334494549095,0.19386440883117742,102
0,14,20,20,7,23,mse,58,0.04715228763639745,0.04670648153532929,0.06397911339222002,0.28222334494549095,0.19386440883117742,107
0,14,20,20,8,23,mse,117,0.04832457206705648,0.048182616471285744,0.06336142514103572,0.27603561516053826,0.18691496407972205,112
0,14,20,20,8,23,mred,115,0.0471202678381816,0.04631546803204667,0.06588902733936772,0.2884110747304436,0.2008138535826328,112
0,14,20,20,9,23,mse,234,0.04832457206705648,0.048182616471285744,0.06336142514103572,0.27603561516053826,0.18691496407972205,117
0,14,20,20,9,23,mred,230,0.0471202678381816,0.04631546803204667,0.06588902733936772,0.2884110747304436,0.2008138535826328,117
0,14,20,20,10,23,mse,468,0.04832457206705648,0.048182616471285744,0.06336142514103572,0.27603561516053826,0.18691496407972205,122
0,14,20,20,10,23,mred,461,0.047022428648952536,0.046309903028826684,0.0652952929766336,0.2868641422842054,0.19907649239476896,122
0,14,20,20,11,23,mse,936,0.04832457206705648,0.048182616471285744,0.06336142514103572,0.27603561516053826,0.18691496407972205,127
0,14,20,20,11,23,mred,921,0.047062962475600725,0.04630463142200707,0.06558274408224633,0.2876376085073245,0.19994517298870085,127
0,14,20,22,5,23,mse,16,0.07727527326031679,0.08198584699978245,0.09481152961883449,0.5474117643006051,0.2814466091950498,87
0,14,20,22,6,23,mse,32,0.07727527326031679,0.08198584699978245,0.09481152961883449,0.5474117643006051,0.2814466091950498,90
0,14,22,14,5,23,mse,13,0.1029115268783086,0.10137116200687392,0.12786675999341615,0.36234417310601114,0.28647375294127764,115
0,14,22,14,5,23,mred,12,0.10309579322168619,0.09131326880250512,0.14234734560680273,0.29398194921167375,0.2633921007239156,115
0,14,22,14,6,23,mse,26,0.1029115268783086,0.10137116200687392,0.12786675999341615,0.36234417310601114,0.28647375294127764,126
0,14,22,14,6,23,mred,24,0.10309579322168619,0.09131326880250512,0.14234734560680273,0.29398194921167375,0.2633921007239156,126
0,14,22,14,7,23,mse,51,0.09949961840552947,0.09547867261821068,0.12653663042745492,0.3361452467001263,0.2617338730770223,137
0,14,22,14,7,23,mred,49,0.09963983800918788,0.09038354740507212,0.13404457499271888,0.2837473938883566,0.25329956483094174,137
0,14,22,14,8,23,mse,102,0.09949961840552947,0.09547867261821068,0.12653663042745492,0.3361452467001263,0.2617338730770223,148
0,14,22,14,8,23,mred,98,0.09963983800918788,0.09038354740507212,0.13404457499271888,0.2837473938883566,0.25329956483094174,148
0,14,22,14,9,23,mse,204,0.09949961840552947,0.09547867261821068,0.12653663042745492,0.3361452467001263,0.2617338730770223,159
0,14,22,14,9,23,mred,195,0.10028471721113097,0.09038277768364564,0.13586524577020057,0.28295041716810615,0.25459509195051355,159
0,14,22,14,10,23,mse,409,0.09980127833443476,0.09609741603709766,0.12651409539227004,0.3394201125008619,0.2648263580600542,170
0,14,22,14,10,23,mred,391,0.09994727295573488,0.09036706718903915,0.13493257291550942,0.2811118284941782,0.25356377547555187,170
0,14,22,14,11,23,mse,818,0.09980127833443476,0.09609741603709766,0.12651409539227004,0.3394201125008619,0.2648263580600542,181
0,14,22,14,11,23,mred,782,0.09994727295573488,0.09036706718903915,0.13493257291550942,0.2811118284941782,0.25356377547555187,181
0,14,22,16,5,23,mse,13,0.10261958204075887,0.10092244031327235,0.12764417261450314,0.3611626083418255,0.28416465530202,105
0,14,22,16,5,23,mred,12,0.10331327412864723,0.09141085814218083,0.14278279349619047,0.29509495717403056,0.26442300207354635,105
0,14,22,16,6,23,mse,26,0.10261958204075887,0.10092244031327235,0.12764417261450314,0.3611626083418255,0.28416465530202,114
0,14,22,16,6,23,mred,24,0.10331327412864723,0.09141085814218083,0.14278279349619047,0.29509495717403056,0.26442300207354635,114
0,14,22,16,7,23,mse,51,0.09934646526901027,0.09517305724666283,0.12650163563368386,0.33498640433525195,0.2594691811615965,123
0,14,22,16,7,23,mred,49,0.09974357030556526,0.09035281984287499,0.13434883503798856,0.28263399632210484,0.25420847472251645,123
0,14,22,16,8,23,mse,102,0.09934646526901027,0.09517305724666283,0.12650163563368386,0.33498640433525195,0.2594691811615965,132
0,14,22,16,8,23,mred,98,0.09974357030556526,0.09035281984287499,0.13434883503798856,0.28263399632210484,0.25420847472251645,132
0,14,22,16,9,23,mse,205,0.099955381631825,0.09641230760154743,0.12646399221029644,0.34153045533689536,0.2656430496967024,141
0,14,22,16,9,23,mred,196,0.09974357030556526,0.09035281984287499,0.13434883503798856,0.28263399632210484,0.25420847472251645,141
0,14,22,16,10,23,mse,409,0.09962872689489485,0.09577244449743422,0.12645576157436672,0.3382584298360737,0.2625561154291495,150
0,14,22,16,10,23,mred,392,0.09974357030556526,0.09035281984287499,0.13434883503798856,0.28263399632210484,0.25420847472251645,150
0,14,22,16,11,23,mse,819,0.09978757346522077,0.09608811479964371,0.1264531128380293,0.3398944425864845,0.2640995825629259,159
0,14,22,16,11,23,mred,783,0.09990100919411533,0.0903490344770719,0.13479625645484233,0.2813272805563358,0.2538127026530614,159
0,14,22,18,5,23,mse,13,0.10161126389013767,0.09930854245380301,0.12689650270685254,0.3611626083418255,0.278574978546638,95
0,14,22,18,5,23,mred,12,0.10429276297879658,0.09191663336961345,0.1446570711485004,0.2995469890234577,0.26673324366914464,95
0,14,22,18,6,23,mse,26,0.10161126389013767,0.09930854245380301,0.12689650270685254,0.3611626083418255,0.278574978546638,102
0,14,22,18,6,23,mred,25,0.09841380006621989,0.09105402102380378,0.12952716785642654,0.3088102003286784,0.24820200478258442,102
0,14,22,18,7,23,mse,51,0.09886111596683554,0.09408922037700376,0.1265139430269791,0.33498640433525195,0.25588893708104105,109
0,14,22,18,7,23,mred,49,0.10023474223010921,0.09032338103519222,0.13571017167939092,0.28495421796144643,0.2537230956015096,109
0,14,22,18,8,23,mse,103,0.09995378345297674,0.0964312790078703,0.1262762579952117,0.34807450633853876,0.2662809883683049,116
0,14,22,18,8,23,mred,98,0.10023474223010921,0.09032338103519222,0.13571017167939092,0.28495421796144643,0.2537230956015096,116
0,14,22,18,9,23,mse,206,0.09995378345297674,0.0964312790078703,0.1262762579952117,0.34807450633853876,0.2662809883683049,123
0,14,22,18,9,23,mred,197,0.09957687339460713,0.09029557094674584,0.13388742382621308,0.28917804732374824,0.25157454520885436,123
0,14,22,18,10,23,mse,411,0.09962135719557805,0.09579167254958815,0.12625513871988486,0.34480248083771703,0.26320749082372163,130
0,14,22,18,10,23,mred,393,0.09988938234010405,0.09029189339775462,0.13477671045383255,0.2859060218229265,0.2529832729306865,130
0,14,22,18,11,23,mse,822,0.09962135719557805,0.09579167254958815,0.12625513871988486,0.34480248083771703,0.26320749082372163,137
0,14,22,18,11,23,mred,787,0.09972912997078592,0.09028940181992041,0.13432648945933354,0.2875420345733374,0.25203286997003854,137
0,14,22,20,5,23,mse,13,0.09888528208529945,0.09422561092368889,0.1259961948568295,0.3611626083418255,0.2499153022423164,85
0,14,22,20,6,23,mse,26,0.09888528208529945,0.09422561092368889,0.1259961948568295,0.3611626083418255,0.2499153022423164,90
0,14,22,20,6,23,mred,25,0.10000089518377211,0.09052473570436614,0.13433681787814264,0.3088102003286784,0.2521392081511948,90
0,14,22,20,7,23,mse,52,0.09888528208529945,0.09422561092368889,0.1259961948568295,0.3611626083418255,0.2499153022423164,95
0,14,22,20,7,23,mred,50,0.10000089518377211,0.09052473570436614,0.13433681787814264,0.3088102003286784,0.2521392081511948,95
0,14,22,20,8,23,mse,105,0.10000363134540002,0.09652000363976956,0.12592215769761217,0.3742507103451123,0.2585569826835686,100
0,14,22,20,8,23,mred,100,0.10000089518377211,0.09052473570436614,0.13433681787814264,0.3088102003286784,0.2521392081511948,100
0,14,22,20,9,23,mse,209,0.09937871086761468,0.09530883625620652,0.12585510033677538,0.3677066593434689,0.2525638541945992,105
0,14,22,20,9,23,mred,201,0.09939339804835406,0.09050852010215493,0.1326329482123585,0.3153542513303218,0.2498895182521683,105
0,14,22,20,10,23,mse,418,0.09937871086761468,0.09530883625620652,0.12585510033677538,0.3677066593434689,0.2525638541945992,110
0,14,22,20,10,23,mred,401,0.09968479731993524,0.09050347447366894,0.13346305668631997,0.31208222582950007,0.25094712943456904,110
0,14,22,20,11,23,mse,837,0.09952184036004066,0.09559949201261225,0.12585234578469143,0.3693426720938798,0.25406213631684155,115
0,14,22,20,11,23,mred,803,0.09953534012487715,0.09050217416496177,0.13304249378357297,0.31371823857991094,0.2500131482992007,115
0,14,22,22,5,23,mse,14,0.10541000502180961,0.10174047482832788,0.1327419023796439,0.3929051860921088,0.28831341866090016,75
0,14,22,22,6,23,mse,28,0.10541000502180961,0.10174047482832788,0.1327419023796439,0.3929051860921088,0.28831341866090016,78
0,14,22,22,6,23,mred,27,0.10683863571064027,0.09987075689955649,0.13876522612572476,0.3431585723031049,0.2718495064114516,78
0,14,22,22,7,23,mse,56,0.10541000502180961,0.10174047482832788,0.1327419023796439,0.3929051860921088,0.28831341866090016,81
0,14,22,22,7,23,mred,55,0.10517164706856715,0.09986063683620477,0.13444181413675768,0.3680318791976069,0.27098059452556145,81
0,14,22,22,8,23,mse,112,0.10541000502180961,0.10174047482832788,0.1327419023796439,0.3929051860921088,0.28831341866090016,84
0,14,22,22,8,23,mred,109,0.10577133557513635,0.0996387661777636,0.1362876368329583,0.3555952257503559,0.2696453933069404,84
0,14,22,22,9,23,mse,224,0.10541000502180961,0.10174047482832788,0.1327419023796439,0.3929051860921088,0.28831341866090016,87
0,14,22,22,9,23,mred,218,0.10577133557513635,0.0996387661777636,0.1362876368329583,0.3555952257503559,0.2696453933069404,87
0,14,22,22,10,23,mse,449,0.1055626306752149,0.10210354444291833,0.13272059407353326,0.39601434945392155,0.2911891182561253,90
0,14,22,22,10,23,mred,436,0.10577133557513635,0.0996387661777636,0.1362876368329583,0.3555952257503559,0.2696453933069404,90
0,14,22,22,11,23,mse,898,0.1055626306752149,0.10210354444291833,0.13272059407353326,0.39601434945392155,0.2911891182561253,93
0,14,22,22,11,23,mred,872,0.10577133557513635,0.0996387661777636,0.1362876368329583,0.3555952257503559,0.2696453933069404,93
0,16,14,14,5,23,mse,15,0.04695765722236345,0.047856407803924014,0.05635834527231461,0.26671664587331706,0.2020323442612012,151
0,16,14,14,6,23,mse,30,0.04695765722236345,0.047856407803924014,0.05635834527231461,0.26671664587331706,0.2020323442612012,162
0,16,14,14,6,23,mred,29,0.040288144530376185,0.04041109950505409,0.06025767401661059,0.2911594243442065,0.22863126611916115,162
0,16,14,14,7,23,mse,59,0.04166690567017372,0.042301688942766855,0.05544698705619062,0.2789380351087618,0.2153318051901812,173
0,16,14,14,7,23,mred,58,0.040288144530376185,0.04041109950505409,0.06025767401661059,0.2911594243442065,0.22863126611916115,173
0,16,14,14,8,23,mse,119,0.04389516828526535,0.044701601501087526,0.05516340749226836,0.2728273404910394,0.2086820747256912,184
0,16,14,14,8,23,mred,116,0.040288144530376185,0.04041109950505409,0.06025767401661059,0.2911594243442065,0.22863126611916115,184
0,16,14,14,9,23,mse,237,0.04266788085252108,0.04339674581701965,0.05511902030599666,0.2758826877999006,0.21200693995793618,195
0,16,14,14,9,23,mred,232,0.040288144530376185,0.04041109950505409,0.06025767401661059,0.2911594243442065,0.22863126611916115,195
0,16,14,14,10,23,mse,475,0.04325795445021899,0.04402765749998326,0.05509454896110641,0.27435501414547003,0.2103445073418137,206
0,16,14,14,10,23,mred,465,0.04021800911455466,0.04041057472409714,0.05937505748774311,0.2896317506897759,0.22696883350303867,206
0,16,14,14,11,23,mse,950,0.04325795445021899,0.04402765749998326,0.05509454896110641,0.27435501414547003,0.2103445073418137,217
0,16,14,14,11,23,mred,929,0.04023964368481462,0.040397708877284104,0.05980724208139869,0.2903955875169912,0.22780004981109994,217
0,16,14,16,5,23,mse,15,0.04646896782755363,0.04740919215149391,0.056087615877532984,0.2685095147098126,0.2038147030052522,141
0,16,14,16,6,23,mse,30,0.04646896782755363,0.04740919215149391,0.056087615877532984,0.2685095147098126,0.2038147030052522,150
0,16,14,16,6,23,mred,29,0.04038300524390289,0.04054398480912931,0.06076213507661051,0.2928925308861522,0.23035421290507713,150
0,16,14,16,7,23,mse,59,0.041439466695114474,0.04210628724592942,0.05559183419174389,0.2807010227979824,0.21708445795516465,159
0,16,14,16,7,23,mred,58,0.04038300524390289,0.04054398480912931,0.06076213507661051,0.2928925308861522,0.23035421290507713,159
0,16,14,16,8,23,mse,119,0.04352346870761556,0.04436591435507453,0.05510006474386269,0.2746052687538975,0.21044958048020843,168
0,16,14,16,8,23,mred,116,0.04038300524390289,0.04054398480912931,0.06076213507661051,0.2928925308861522,0.23035421290507713,168
0,16,14,16,9,23,mse,238,0.04352346870761556,0.04436591435507453,0.05510006474386269,0.2746052687538975,0.21044958048020843,177
0,16,14,16,9,23,mred,233,0.040225272756536444,0.0405214310927042,0.058991960437204186,0.28984465386410974,0.22703677416759901,177
0,16,14,16,10,23,mse,475,0.042910003886690806,0.04371395285377435,0.05508383162929665,0.27612920726491874,0.21210829984894747,186
0,16,14,16,10,23,mred,465,0.040260585195119686,0.04048966279708521,0.059840720059226415,0.29136859237513096,0.22869549353633806,186
0,16,14,16,11,23,mse,951,0.04320964597679838,0.04403351652153421,0.05508030236174581,0.27536723800940816,0.21127894016457793,195
0,16,14,16,11,23,mred,930,0.040260585195119686,0.04048966279708521,0.059840720059226415,0.29136859237513096,0.22869549353633806,195
0,16,14,18,5,23,mse,15,0.04460793870189374,0.045740082977678814,0.05535017993176783,0.2851641425293347,0.21076035509727745,131
0,16,14,18,6,23,mse,30,0.04460793870189374,0.045740082977678814,0.05535017993176783,0.2851641425293347,0.21076035509727745,138
0,16,14,18,6,23,mred,29,0.041286554274109016,0.04157850278151429,0.06313515074239175,0.30899200444502356,0.23706834326070153,138
0,16,14,18,7,23,mse,60,0.04460793870189374,0.045740082977678814,0.05535017993176783,0.2851641425293347,0.21076035509727745,145
0,16,14,18,7,23,mred,58,0.041286554274109016,0.04157850278151429,0.06313515074239175,0.30899200444502356,0.23706834326070153,145
0,16,14,18,8,23,mse,119,0.0422090518966738,0.04321355847673476,0.05522952606679367,0.2911211080082569,0.2173373521381335,152
0,16,14,18,8,23,mred,117,0.04037919635591672,0.04094359135019025,0.059257935923852166,0.30303503896610134,0.23049134621984552,152
0,16,14,18,9,23,mse,239,0.04330736665457817,0.04438436498909132,0.05510574284132999,0.2881426252687958,0.21404885361770545,159
0,16,14,18,9,23,mred,234,0.04037919635591672,0.04094359135019025,0.059257935923852166,0.30303503896610134,0.23049134621984552,159
0,16,14,18,10,23,mse,478,0.04330736665457817,0.04438436498909132,0.05510574284132999,0.2881426252687958,0.21404885361770545,166
0,16,14,18,10,23,mred,468,0.04037919635591672,0.04094359135019025,0.059257935923852166,0.30303503896610134,0.23049134621984552,166
0,16,14,18,11,23,mse,955,0.04301148903872759,0.044071428913297704,0.055102138772924386,0.2888872459536611,0.21487097824781248,173
0,16,14,18,11,23,mred,936,0.04037919635591672,0.04094359135019025,0.059257935923852166,0.30303503896610134,0.23049134621984552,173
0,16,14,20,5,23,mse,15,0.04314710708843206,0.04515017939477114,0.06002024157727625,0.34820791095640435,0.25520395295999115,121
0,16,14,20,6,23,mse,30,0.04314710708843206,0.04515017939477114,0.06002024157727625,0.34820791095640435,0.25520395295999115,126
0,16,14,20,7,23,mse,61,0.04558683649881999,0.04768149214211946,0.058060984436486274,0.3373447094723444,0.24279068550932437,131
0,16,14,20,7,23,mred,60,0.04314710708843206,0.04515017939477114,0.06002024157727625,0.34820791095640435,0.25520395295999115,131
0,16,14,20,8,23,mse,122,0.04558683649881999,0.04768149214211946,0.058060984436486274,0.3373447094723444,0.24279068550932437,136
0,16,14,20,8,23,mred,120,0.04314710708843206,0.04515017939477114,0.06002024157727625,0.34820791095640435,0.25520395295999115,136
0,16,14,20,9,23,mse,243,0.04460032972999135,0.04669199107358778,0.05805385782352466,0.3400605098433594,0.24589400237199108,141
0,16,14,20,9,23,mred,240,0.04314710708843206,0.04515017939477114,0.06002024157727625,0.34820791095640435,0.25520395295999115,141
0,16,14,20,10,23,mse,487,0.04506382200343777,0.047158263503646394,0.05801530297739873,0.3387026096578519,0.2443423439406577,146
0,16,14,20,10,23,mred,479,0.04317215261752519,0.04514399655366795,0.06062464323436042,0.3495658111419118,0.2567556113913245,146
0,16,14,20,11,23,mse,974,0.04506382200343777,0.047158263503646394,0.05801530297739873,0.3387026096578519,0.2443423439406577,151
0,16,14,20,11,23,mred,959,0.04315192328790361,0.045139482101403214,0.060313068134467296,0.3488868610491581,0.25597978217565787,151
0,16,14,22,5,23,mse,16,0.08158103370295822,0.08881450496360954,0.10173899326123806,0.5683004286521591,0.531426452086801,111
0,16,14,22,6,23,mse,33,0.07866971031657014,0.0855358754451298,0.09684976302276137,0.5548098170475392,0.5167835287145135,114
0,16,14,22,7,23,mse,66,0.07866971031657014,0.0855358754451298,0.09684976302276137,0.5548098170475392,0.5167835287145135,117
0,16,14,22,8,23,mse,132,0.07866971031657014,0.0855358754451298,0.09684976302276137,0.5548098170475392,0.5167835287145135,120
0,16,14,22,9,23,mse,264,0.07866971031657014,0.0855358754451298,0.09684976302276137,0.5548098170475392,0.5167835287145135,123
0,16,14,22,10,23,mse,527,0.07861684958772186,0.08552577249489789,0.09684187459531313,0.555652980272828,0.5176987114252815,126
0,16,14,22,11,23,mse,1055,0.07863910128958698,0.08552720111106579,0.09684046555409534,0.5552313986601836,0.5172411200698975,129
0,16,14,22,11,23,mred,1054,0.07861684958772186,0.08552577249489789,0.09684187459531313,0.555652980272828,0.5176987114252815,129
0,16,16,14,5,23,mse,15,0.047826571016314254,0.04866486443133766,0.056862934962252185,0.2604121717950328,0.19696761079669736,139
0,16,16,14,6,23,mse,30,0.047826571016314254,0.04866486443133766,0.056862934962252185,0.2604121717950328,0.19696761079669736,150
0,16,16,14,6,23,mred,29,0.04018929096267611,0.040251127536664884,0.05944295226910905,0.28506509940186503,0.22373535710347411,150
0,16,16,14,7,23,mse,59,0.04208981899543941,0.04267241055680571,0.055252650330321375,0.2727386355984489,0.21035148395008574,161
0,16,16,14,7,23,mred,58,0.04018929096267611,0.040251127536664884,0.05944295226910905,0.28506509940186503,0.22373535710347411,161
0,16,16,14,8,23,mse,118,0.04208981899543941,0.04267241055680571,0.055252650330321375,0.2727386355984489,0.21035148395008574,172
0,16,16,14,8,23,mred,116,0.04018929096267611,0.040251127536664884,0.05944295226910905,0.28506509940186503,0.22373535710347411,172
0,16,16,14,9,23,mse,237,0.043202612866206976,0.043877006608380606,0.05509997566779941,0.26965701964759486,0.2070055156617386,183
0,16,16,14,9,23,mred,232,0.04018929096267611,0.040251127536664884,0.05944295226910905,0.28506509940186503,0.22373535710347411,183
0,16,16,14,10,23,mse,474,0.043202612866206976,0.043877006608380606,0.05509997566779941,0.26965701964759486,0.2070055156617386,194
0,16,16,14,10,23,mred,464,0.04018929096267611,0.040251127536664884,0.05944295226910905,0.28506509940186503,0.22373535710347411,194
0,16,16,14,11,23,mse,948,0.043202612866206976,0.043877006608380606,0.05509997566779941,0.26965701964759486,0.2070055156617386,205
0,16,16,14,11,23,mred,927,0.04021684315537456,0.04024277039546301,0.05987866734734517,0.2858355033895785,0.22457184917556086,205
0,16,16,16,5,23,mse,15,0.04748134109479469,0.04833746675677842,0.05665234881380588,0.2637190668052148,0.19804412837143082,129
0,16,16,16,6,23,mse,30,0.04748134109479469,0.04833746675677842,0.05665234881380588,0.2637190668052148,0.19804412837143082,138
0,16,16,16,6,23,mred,29,0.04022735082851809,0.040307005585896755,0.05974998122345567,0.28826176457837427,0.2247759907590498,138
0,16,16,16,7,23,mse,59,0.04192190865676747,0.042522542616984134,0.05531469535690762,0.2759904156917945,0.2114100595652403,147
0,16,16,16,7,23,mred,58,0.04022735082851809,0.040307005585896755,0.05974998122345567,0.28826176457837427,0.2247759907590498,147
0,16,16,16,8,23,mse,119,0.044268252116974355,0.0450370925889703,0.055245699783699316,0.2698547412485046,0.20472709396833555,156
0,16,16,16,8,23,mred,116,0.04022735082851809,0.040307005585896755,0.05974998122345567,0.28826176457837427,0.2247759907590498,156
0,16,16,16,9,23,mse,237,0.04297963704519354,0.04367334207528068,0.05509330949478481,0.27292257847014956,0.20806857676678792,165
0,16,16,16,9,23,mred,232,0.04022735082851809,0.040307005585896755,0.05974998122345567,0.28826176457837427,0.2247759907590498,165
0,16,16,16,10,23,mse,474,0.04297963704519354,0.04367334207528068,0.05509330949478481,0.27292257847014956,0.20806857676678792,174
0,16,16,16,10,23,mred,464,0.04022735082851809,0.040307005585896755,0.05974998122345567,0.28826176457837427,0.2247759907590498,174
0,16,16,16,11,23,mse,948,0.04297963704519354,0.04367334207528068,0.05509330949478481,0.27292257847014956,0.20806857676678792,183
0,16,16,16,11,23,mred,928,0.04022735082851809,0.040307005585896755,0.05974998122345567,0.28826176457837427,0.2247759907590498,183
0,16,16,18,5,23,mse,15,0.0454852353756626,0.046501508803548613,0.055726665498719644,0.2851641425293347,0.20744877357395902,119
0,16,16,18,6,23,mse,30,0.0454852353756626,0.046501508803548613,0.055726665498719644,0.2851641425293347,0.20744877357395902,126
0,16,16,18,6,23,mred,29,0.040916931327978134,0.04112537153347379,0.06202511352802686,0.30899200444502356,0.2338671477881604,126
0,16,16,18,7,23,mse,60,0.0454852353756626,0.046501508803548613,0.055726665498719644,0.2851641425293347,0.20744877357395902,133
0,16,16,18,7,23,mred,58,0.040916931327978134,0.04112537153347379,0.06202511352802686,0.30899200444502356,0.2338671477881604,133
0,16,16,18,8,23,mse,119,0.04281674587767092,0.04372696150698327,0.05518851234764742,0.2911211080082569,0.2140533671275094,140
0,16,16,18,8,23,mred,117,0.04048551896663389,0.040959429331975744,0.05845167769556017,0.30303503896610134,0.22726255423461006,140
0,16,16,18,9,23,mse,238,0.04281674587767092,0.04372696150698327,0.05518851234764742,0.2911211080082569,0.2140533671275094,147
0,16,16,18,9,23,mred,233,0.04053810372592582,0.040881625274923804,0.06009518649882467,0.30601352170556245,0.2305648510113852,147
0,16,16,18,10,23,mse,477,0.04339595924028402,0.04433963595762842,0.05518491925708881,0.28963186663852636,0.2124022187391218,154
0,16,16,18,10,23,mred,466,0.04053810372592582,0.040881625274923804,0.06009518649882467,0.30601352170556245,0.2305648510113852,154
0,16,16,18,11,23,mse,953,0.04309697857191337,0.04402509104853335,0.055175148641619064,0.29037648732339166,0.21322779293331556,161
0,16,16,18,11,23,mred,933,0.040501179896764716,0.04087797471197349,0.059656462404674246,0.3052689010206972,0.22973927681719145,161
0,16,16,20,5,23,mse,15,0.04327683460448978,0.04511708659676278,0.059413034173903354,0.34820791095640435,0.25098020581268704,109
0,16,16,20,6,23,mse,30,0.04327683460448978,0.04511708659676278,0.059413034173903354,0.34820791095640435,0.25098020581268704,114
0,16,16,20,7,23,mse,61,0.046185383655580003,0.048108931567748044,0.05817324792546418,0.3373447094723444,0.23849654257623187,119
0,16,16,20,7,23,mred,60,0.04327683460448978,0.04511708659676278,0.059413034173903354,0.34820791095640435,0.25098020581268704,119
0,16,16,20,8,23,mse,121,0.04424218090234716,0.04615204010181438,0.0581243627981578,0.3427763102143744,0.24473837419445946,124
0,16,16,20,8,23,mred,120,0.04327683460448978,0.04511708659676278,0.059413034173903354,0.34820791095640435,0.25098020581268704,124
0,16,16,20,9,23,mse,243,0.04510354471314221,0.0470242745959899,0.05797965267767907,0.3400605098433594,0.24161745838534568,129
0,16,16,20,9,23,mred,239,0.04321929534470253,0.04499950119065137,0.060535727324773865,0.35092371132741934,0.2541011216218009,129
0,16,16,20,10,23,mse,486,0.04510354471314221,0.0470242745959899,0.05797965267767907,0.3400605098433594,0.24161745838534568,134
0,16,16,20,10,23,mred,478,0.04321929534470253,0.04499950119065137,0.060535727324773865,0.35092371132741934,0.2541011216218009,134
0,16,16,20,11,23,mse,972,0.04510354471314221,0.0470242745959899,0.05797965267767907,0.3400605098433594,0.24161745838534568,139
0,16,16,20,11,23,mred,956,0.04321929534470253,0.04499950119065137,0.060535727324773865,0.35092371132741934,0.2541011216218009,139
0,16,16,22,5,23,mse,16,0.08067334320662442,0.08780422982438355,0.10053002323311186,0.5666495566209466,0.5289532469156134,99
0,16,16,22,6,23,mse,33,0.07841051835539259,0.08510438077030298,0.09643040271265563,0.5531073552653512,0.5142330358817264,102
0,16,16,22,7,23,mse,66,0.07841051835539259,0.08510438077030298,0.09643040271265563,0.5531073552653512,0.5142330358817264,105
0,16,16,22,8,23,mse,132,0.07841051835539259,0.08510438077030298,0.09643040271265563,0.5531073552653512,0.5142330358817264,108
0,16,16,22,8,23,mred,131,0.07822372248361051,0.08509482145511925,0.09643981250143054,0.55649290560425,0.5179130886401981,108
0,16,16,22,9,23,mse,263,0.07825863484940387,0.08504499339200987,0.0963486330697107,0.5548001304348006,0.5160730622609623,111
0,16,16,22,10,23,mse,526,0.07825863484940387,0.08504499339200987,0.0963486330697107,0.5548001304348006,0.5160730622609623,114
0,16,16,22,11,23,mse,1052,0.07825863484940387,0.08504499339200987,0.0963486330697107,0.5548001304348006,0.5160730622609623,117
0,16,18,14,5,23,mse,15,0.05169375959611517,0.052306090949698084,0.059940810358149285,0.2577523016908393,0.17668952507709423,127
0,16,18,14,5,23,mred,14,0.05028222990558297,0.04864388044937687,0.07563670323738689,0.30723548157811664,0.23157689007195462,127
0,16,18,14,6,23,mse,29,0.04070232194230264,0.04056444087302146,0.05757688710014006,0.28249389163447797,0.20413320757452444,138
0,16,18,14,7,23,mse,59,0.04449609222426544,0.04487044377021586,0.055843955504835036,0.2701230966626586,0.19041136632580932,149
0,16,18,14,7,23,mred,58,0.04070232194230264,0.04056444087302146,0.05757688710014006,0.28249389163447797,0.20413320757452444,149
0,16,18,14,8,23,mse,118,0.04449609222426544,0.04487044377021586,0.055843955504835036,0.2701230966626586,0.19041136632580932,160
0,16,18,14,8,23,mred,115,0.04042145047758246,0.03995534387883209,0.06053893116938163,0.28867928912038765,0.21099412819888197,160
0,16,18,14,9,23,mse,235,0.04318456184317197,0.04345443488726676,0.055720622415066284,0.27321579540561347,0.1938418266379881,171
0,16,18,14,9,23,mred,230,0.04042145047758246,0.03995534387883209,0.06053893116938163,0.28867928912038765,0.21099412819888197,171
0,16,18,14,10,23,mse,470,0.04318456184317197,0.04345443488726676,0.055720622415066284,0.27321579540561347,0.1938418266379881,182
0,16,18,14,10,23,mred,460,0.04042145047758246,0.03995534387883209,0.06053893116938163,0.28867928912038765,0.21099412819888197,182
0,16,18,14,11,23,mse,941,0.043488049807153824,0.04378602335452489,0.05571621474548497,0.27244262071987474,0.1929842115599434,193
0,16,18,14,11,23,mred,920,0.04042145047758246,0.03995534387883209,0.06053893116938163,0.28867928912038765,0.21099412819888197,193
0,16,18,16,5,23,mse,15,0.051247302499596255,0.05187836674270899,0.05957676232797779,0.2613380393638304,0.17668952507709423,117
0,16,18,16,5,23,mred,14,0.05093318963842928,0.04930824520934325,0.07617438007099947,0.3105821700729084,0.23157689007195462,117
0,16,18,16,6,23,mse,29,0.040603361691051956,0.04047268984700647,0.057761044611539976,0.2859601047183694,0.20413320757452444,126
0,16,18,16,7,23,mse,59,0.044205699730188355,0.044593318803677215,0.05574906422639515,0.2736490720410999,0.19041136632580932,135
0,16,18,16,7,23,mred,58,0.040603361691051956,0.04047268984700647,0.057761044611539976,0.2859601047183694,0.20413320757452444,135
0,16,18,16,8,23,mse,118,0.044205699730188355,0.044593318803677215,0.05574906422639515,0.2736490720410999,0.19041136632580932,144
0,16,18,16,8,23,mred,115,0.04046127684007421,0.040004335291002016,0.06084166369202771,0.2921156210570041,0.21099412819888197,144
0,16,18,16,9,23,mse,235,0.042940120295813844,0.04322286785577016,0.05569791973454619,0.2767268302104173,0.1938418266379881,153
0,16,18,16,9,23,mred,230,0.04046127684007421,0.040004335291002016,0.06084166369202771,0.2921156210570041,0.21099412819888197,153
0,16,18,16,10,23,mse,471,0.04354267227907812,0.04388014720105202,0.05567652379426547,0.27518795112575856,0.19212659648189873,162
0,16,18,16,10,23,mred,461,0.040364938681947723,0.03999344155835836,0.059955540756402456,0.29057674197234545,0.2092788980427926,162
0,16,18,16,11,23,mse,941,0.043234202450617966,0.0435447163546182,0.05567547534263805,0.27595739066808794,0.1929842115599434,171
0,16,18,16,11,23,mred,921,0.04039932232902467,0.03998565826304947,0.060389396639205103,0.2913461815146748,0.21013651312083728,171
0,16,18,18,5,23,mse,15,0.04884756229571609,0.04957791280175746,0.05793389914862709,0.2828524654017771,0.18904717585884492,107
0,16,18,18,6,23,mse,30,0.04884756229571609,0.04957791280175746,0.05793389914862709,0.2828524654017771,0.18904717585884492,114
0,16,18,18,6,23,mred,29,0.04056570478153938,0.04050243903116126,0.059448818145117675,0.30675738322171786,0.2160789366635501,114
0,16,18,18,7,23,mse,59,0.04284200904862642,0.043297474157705934,0.05580015416072495,0.2948049243117475,0.2025630562611975,121
0,16,18,18,7,23,mred,58,0.04056570478153938,0.04050243903116126,0.059448818145117675,0.30675738322171786,0.2160789366635501,121
0,16,18,18,8,23,mse,118,0.04284200904862642,0.043297474157705934,0.05580015416072495,0.2948049243117475,0.2025630562611975,128
0,16,18,18,8,23,mred,116,0.04056570478153938,0.04050243903116126,0.059448818145117675,0.30675738322171786,0.2160789366635501,128
0,16,18,18,9,23,mse,237,0.044038067194479,0.04459095996368342,0.05578667895068084,0.2918168095842549,0.19918408616060937,135
0,16,18,18,9,23,mred,232,0.04056570478153938,0.04050243903116126,0.059448818145117675,0.30675738322171786,0.2160789366635501,135
0,16,18,18,10,23,mse,473,0.043418136546388514,0.04392349893630906,0.05574696628044514,0.2933108669480012,0.20087357121090343,142
0,16,18,18,10,23,mred,463,0.04062372578203601,0.040488297088312,0.060277319263437226,0.30825144058546416,0.21776842171384417,142
0,16,18,18,11,23,mse,946,0.043418136546388514,0.04392349893630906,0.05574696628044514,0.2933108669480012,0.20087357121090343,149
0,16,18,18,11,23,mred,927,0.04058096200848123,0.04048195746575358,0.05985368256422242,0.307504411903591,0.21692367918869712,149
0,16,18,20,5,23,mse,15,0.044143754360388136,0.045557665124418736,0.05818813917422051,0.33094647823391443,0.23431269095074259,97
0,16,18,20,6,23,mse,30,0.044143754360388136,0.045557665124418736,0.05818813917422051,0.33094647823391443,0.23431269095074259,102
0,16,18,20,7,23,mse,60,0.044143754360388136,0.045557665124418736,0.05818813917422051,0.33094647823391443,0.23431269095074259,107
0,16,18,20,7,23,mred,59,0.043548313099991,0.04464674550510416,0.062266696160562955,0.3420973702633492,0.24707414610156356,107
0,16,18,20,8,23,mse,121,0.046074931395196396,0.04755007346389423,0.058134124259163075,0.32537103221919705,0.22793196337533211,112
0,16,18,20,8,23,mred,119,0.04323349891798972,0.04452105480904782,0.05959626293945905,0.3365219242486318,0.24069341852615306,112
0,16,18,20,9,23,mse,241,0.044977943003600376,0.04643143961102701,0.05798940840483398,0.32815875522655574,0.23112232716303735,117
0,16,18,20,9,23,mred,237,0.0432111437656503,0.044413383977322946,0.06078224673968541,0.3393096472559905,0.24388378231385832,117
0,16,18,20,10,23,mse,482,0.044977943003600376,0.04643143961102701,0.05798940840483398,0.32815875522655574,0.23112232716303735,122
0,16,18,20,10,23,mred,474,0.0432111437656503,0.044413383977322946,0.06078224673968541,0.3393096472559905,0.24388378231385832,122
0,16,18,20,11,23,mse,964,0.044977943003600376,0.04643143961102701,0.05798940840483398,0.32815875522655574,0.23112232716303735,127
0,16,18,20,11,23,mred,949,0.043185932746143824,0.04441177047457053,0.06045700796620118,0.3386127165041508,0.24308619136693202,127
0,16,18,22,5,23,mse,16,0.07847579336529437,0.08516980805488422,0.09737372993508991,0.5602681823387686,0.522084946344864,87
0,16,18,22,6,23,mse,33,0.07840506316037435,0.08459690361530234,0.09617005820848155,0.5465265630368552,0.5071501009181411,90
0,16,18,22,7,23,mse,65,0.07738072640005791,0.08392672730364614,0.0953620838032945,0.553397372687812,0.5146175236315026,93
0,16,18,22,8,23,mse,130,0.07738072640005791,0.08392672730364614,0.0953620838032945,0.553397372687812,0.5146175236315026,96
0,16,18,22,9,23,mse,261,0.07745410207950892,0.08392891918250248,0.09529826228968827,0.5516796702750727,0.5127506679531623,99
0,16,18,22,9,23,mred,260,0.07738072640005791,0.08392672730364614,0.0953620838032945,0.553397372687812,0.5146175236315026,99
0,16,18,22,10,23,mse,522,0.07745410207950892,0.08392891918250248,0.09529826228968827,0.5516796702750727,0.5127506679531623,102
0,16,18,22,10,23,mred,521,0.07740123957823955,0.08391281405687229,0.09530794756885148,0.5525385214814423,0.5136840957923324,102
0,16,18,22,11,23,mse,1043,0.07742349621694704,0.08391704793060978,0.09529754625495203,0.5521090958782575,0.5132173818727472,105
0,16,18,22,11,23,mred,1042,0.07740123957823955,0.08391281405687229,0.09530794756885148,0.5525385214814423,0.5136840957923324,105
0,16,20,14,5,23,mse,14,0.04503368257911941,0.04278488255617937,0.06611782359669646,0.22826794141620324,0.17497295621377518,115
0,16,20,14,6,23,mse,29,0.05249354725904053,0.051997536750171575,0.06466381831881798,0.20070608218106764,0.1492906960239796,126
0,16,20,14,6,23,mred,28,0.04503368257911941,0.04278488255617937,0.06611782359669646,0.22826794141620324,0.17497295621377518,126
0,16,20,14,7,23,mse,57,0.046469508004058496,0.04521528434201999,0.06262204171379904,0.21448701179863544,0.16024033043187833,137
0,16,20,14,7,23,mred,56,0.04503368257911941,0.04278488255617937,0.06611782359669646,0.22826794141620324,0.17497295621377518,137
0,16,20,14,8,23,mse,114,0.046469508004058496,0.04521528434201999,0.06262204171379904,0.21448701179863544,0.16024033043187833,148
0,16,20,14,8,23,mred,112,0.04503368257911941,0.04278488255617937,0.06611782359669646,0.22826794141620324,0.17497295621377518,148
0,16,20,14,9,23,mse,229,0.04762062195834557,0.046581828121820976,0.06260939188195368,0.21104177939424348,0.1565571739864041,159
0,16,20,14,9,23,mred,224,0.04503368257911941,0.04278488255617937,0.06611782359669646,0.22826794141620324,0.17497295621377518,159
0,16,20,14,10,23,mse,457,0.04701159647039914,0.045868384553180874,0.06257141245677426,0.21276439559643945,0.1583987522091412,170
0,16,20,14,10,23,mred,449,0.04488672596580984,0.0427732127648753,0.06539484821531759,0.22654532521400725,0.1731313779910381,170
0,16,20,14,11,23,mse,914,0.04701159647039914,0.045868384553180874,0.06257141245677426,0.21276439559643945,0.1583987522091412,181
0,16,20,14,11,23,mred,897,0.04495026542961246,0.04276969381122314,0.06574678541049733,0.22740663331510524,0.17405216710240665,181
0,16,20,16,5,23,mse,14,0.045093601650354226,0.04283074312066329,0.06633794752150822,0.23144379350914066,0.1759301116538664,105
0,16,20,16,6,23,mse,29,0.05207913417053158,0.051568971989172444,0.06439228560123784,0.20399535756303855,0.150179140214844,114
0,16,20,16,6,23,mred,28,0.045093601650354226,0.04283074312066329,0.06633794752150822,0.23144379350914066,0.1759301116538664,114
0,16,20,16,7,23,mse,57,0.04625010404002662,0.044979713893703546,0.06260303023952644,0.21771957553608962,0.16121457793339972,123
0,16,20,16,7,23,mred,56,0.045093601650354226,0.04283074312066329,0.06633794752150822,0.23144379350914066,0.1759301116538664,123
0,16,20,16,8,23,mse,114,0.04625010404002662,0.044979713893703546,0.06260303023952644,0.21771957553608962,0.16121457793339972,132
0,16,20,16,8,23,mred,112,0.045093601650354226,0.04283074312066329,0.06633794752150822,0.23144379350914066,0.1759301116538664,132
0,16,20,16,9,23,mse,229,0.04734980835438221,0.046295846172022675,0.06252595566937325,0.21428852104282683,0.15753569450328306,141
0,16,20,16,9,23,mred,224,0.045093601650354226,0.04283074312066329,0.06633794752150822,0.23144379350914066,0.1759301116538664,141
0,16,20,16,10,23,mse,457,0.04676331379506145,0.04560435605529725,0.06252023415129246,0.21600404828945824,0.15937513621834137,150
0,16,20,16,10,23,mred,449,0.044919699460352375,0.04279213029677389,0.06558782049687881,0.22972826626250928,0.17409066993880806,150
0,16,20,16,11,23,mse,915,0.04704841576240478,0.04594277756791262,0.06251202291552485,0.21514628466614252,0.15845541536081223,159
0,16,20,16,11,23,mred,898,0.044919699460352375,0.04279213029677389,0.06558782049687881,0.22972826626250928,0.17409066993880806,159
0,16,20,18,5,23,mse,14,0.04594318603136789,0.04362245973270236,0.06811521210288107,0.23791450681861526,0.18466389105261877,95
0,16,20,18,6,23,mse,29,0.0499832707546761,0.04940058214663926,0.06325491705528795,0.21069716777642294,0.15601232227177908,102
0,16,20,18,6,23,mred,28,0.04594318603136789,0.04362245973270236,0.06811521210288107,0.23791450681861526,0.18466389105261877,102
0,16,20,18,7,23,mse,57,0.04547393088081099,0.044125056221711964,0.06300327758961162,0.2243058372975191,0.17010431767855838,109
0,16,20,18,7,23,mred,56,0.04594318603136789,0.04362245973270236,0.06811521210288107,0.23791450681861526,0.18466389105261877,109
0,16,20,18,8,23,mse,115,0.047191840627994766,0.04625565092948042,0.062430310544433806,0.217501502536971,0.16282453099152822,116
0,16,20,18,8,23,mred,113,0.04499231569058233,0.0431738193921538,0.0649368344527896,0.23111017205806716,0.1773841043655886,116
0,16,20,18,9,23,mse,230,0.047191840627994766,0.04625565092948042,0.062430310544433806,0.217501502536971,0.16282453099152822,123
0,16,20,18,9,23,mred,226,0.04499231569058233,0.0431738193921538,0.0649368344527896,0.23111017205806716,0.1773841043655886,123
0,16,20,18,10,23,mse,460,0.047191840627994766,0.04625565092948042,0.062430310544433806,0.217501502536971,0.16282453099152822,130
0,16,20,18,10,23,mred,451,0.04508807084431587,0.043146950022210646,0.06562058216093282,0.2328112557482042,0.17920405103734613,130
0,16,20,18,11,23,mse,919,0.04691863527969553,0.04593291529005082,0.0624253884756249,0.21835204438203953,0.163734504327407,137
0,16,20,18,11,23,mred,902,0.04508807084431587,0.043146950022210646,0.06562058216093282,0.2328112557482042,0.17920405103734613,137
0,16,20,20,5,23,mse,15,0.056952047544426745,0.05737814445214709,0.06851324220415728,0.2574724258056803,0.17416078840459362,85
0,16,20,20,5,23,mred,14,0.05507840138801627,0.05300961174051703,0.07881035604242013,0.3069742640853016,0.22182642620243737,85
0,16,20,20,6,23,mse,29,0.04702686723003494,0.04660181298893255,0.06404030417900912,0.28222334494549095,0.1940345128525244,90
0,16,20,20,7,23,mse,59,0.05001491750526689,0.050142014838112425,0.06371625009415141,0.2698478853755856,0.18013855617756794,95
0,16,20,20,7,23,mred,58,0.04702686723003494,0.04660181298893255,0.06404030417900912,0.28222334494549095,0.1940345128525244,95
0,16,20,20,8,23,mse,117,0.047971160416593474,0.04785243815538922,0.06321390321465803,0.27603561516053826,0.18708653451504617,100
0,16,20,20,8,23,mred,115,0.04722697399193012,0.046441154154624444,0.06614566898281422,0.2884110747304436,0.20098249119000264,100
0,16,20,20,9,23,mse,234,0.047971160416593474,0.04785243815538922,0.06321390321465803,0.27603561516053826,0.18708653451504617,105
0,16,20,20,9,23,mred,231,0.046979109706375984,0.04637921852890679,0.06493911992393338,0.28531720983796727,0.19750850202126352,105
0,16,20,20,10,23,mse,468,0.047971160416593474,0.04785243815538922,0.06321390321465803,0.27603561516053826,0.18708653451504617,110
0,16,20,20,10,23,mred,461,0.047071355456088905,0.0463785019017022,0.06550488893508453,0.2868641422842054,0.1992454966056331,110
0,16,20,20,11,23,mse,937,0.048167887551985186,0.04808287230229694,0.06320387481525652,0.2752621489374192,0.18621803722286137,115
0,16,20,20,11,23,mred,923,0.04701563114164797,0.04636929961956182,0.06521249996232274,0.28609067606108635,0.1983769993134483,115
0,16,20,22,5,23,mse,16,0.07700522863800355,0.0817381651864775,0.09450300657334128,0.5474117643006051,0.2815689504667247,75
0,16,20,22,6,23,mse,32,0.07700522863800355,0.0817381651864775,0.09450300657334128,0.5474117643006051,0.2815689504667247,78
0,16,22,14,5,23,mse,13,0.10254651898643659,0.10079889604337464,0.1275842339992096,0.3611626083418255,0.28297165113820316,103
0,16,22,14,5,23,mred,12,0.10342174029571002,0.09147966893636146,0.14295566246685193,0.2943529518657927,0.2650493191895947,103
0,16,22,14,6,23,mse,26,0.10254651898643659,0.10079889604337464,0.1275842339992096,0.3611626083418255,0.28297165113820316,114
0,16,22,14,6,23,mred,24,0.10342174029571002,0.09147966893636146,0.14295566246685193,0.2943529518657927,0.2650493191895947,114
0,16,22,14,7,23,mse,51,0.09931547319257866,0.09509226458377583,0.1265090177211126,0.33498640433525195,0.2582991193855454,125
0,16,22,14,7,23,mred,49,0.09980423280239009,0.0903681238447074,0.1344761090225565,0.28263399632210484,0.2533833753797948,125
0,16,22,14,8,23,mse,102,0.09931547319257866,0.09509226458377583,0.1265090177211126,0.33498640433525195,0.2582991193855454,136
0,16,22,14,8,23,mred,98,0.09980423280239009,0.0903681238447074,0.1344761090225565,0.28263399632210484,0.2533833753797948,136
0,16,22,14,9,23,mse,205,0.09991111149265969,0.09631922206326898,0.1264546545384062,0.34153045533689536,0.2644672523237098,147
0,16,22,14,9,23,mred,196,0.09980423280239009,0.0903681238447074,0.1344761090225565,0.28263399632210484,0.2533833753797948,147
0,16,22,14,10,23,mse,410,0.09991111149265969,0.09631922206326898,0.1264546545384062,0.34153045533689536,0.2644672523237098,158
0,16,22,14,10,23,mred,392,0.09980423280239009,0.0903681238447074,0.1344761090225565,0.28263399632210484,0.2533833753797948,158
0,16,22,14,11,23,mse,819,0.09975035435629781,0.0960020519051937,0.12644797074828365,0.3398944425864845,0.26292521908916877,169
0,16,22,14,11,23,mred,783,0.09996170196649123,0.09036478730640382,0.1349266962666356,0.280997983571694,0.2538193168585474,169
0,16,22,16,5,23,mse,13,0.10235412983564274,0.10050930748081496,0.1274362785461141,0.3611626083418255,0.28297165113820316,93
0,16,22,16,5,23,mred,12,0.10358542990337938,0.09156948753825603,0.1432563623100185,0.29509495717403056,0.2650493191895947,93
0,16,22,16,6,23,mse,26,0.10235412983564274,0.10050930748081496,0.1274362785461141,0.3611626083418255,0.28297165113820316,102
0,16,22,16,6,23,mred,25,0.09844258964729438,0.09152680279333625,0.1289699396526847,0.3088102003286784,0.24810072333834385,102
0,16,22,16,7,23,mse,51,0.09922144586296788,0.09490294218293632,0.1264896744456103,0.33498640433525195,0.2582991193855454,111
0,16,22,16,7,23,mred,49,0.09988023598448656,0.09036107831035453,0.13468789057545125,0.28263399632210484,0.25420847472251645,111
0,16,22,16,8,23,mse,102,0.09922144586296788,0.09490294218293632,0.1264896744456103,0.33498640433525195,0.2582991193855454,120
0,16,22,16,8,23,mred,98,0.09988023598448656,0.09036107831035453,0.13468789057545125,0.28263399632210484,0.25420847472251645,120
0,16,22,16,9,23,mse,205,0.09979611871277011,0.09611006153206114,0.1264033006994696,0.34153045533689536,0.2644672523237098,129
0,16,22,16,9,23,mred,196,0.09988023598448656,0.09036107831035453,0.13468789057545125,0.28263399632210484,0.25420847472251645,129
0,16,22,16,10,23,mse,410,0.09979611871277011,0.09611006153206114,0.1264033006994696,0.34153045533689536,0.2644672523237098,138
0,16,22,16,10,23,mred,392,0.09988023598448656,0.09036107831035453,0.13468789057545125,0.28263399632210484,0.25420847472251645,138
0,16,22,16,11,23,mse,820,0.09979611871277011,0.09611006153206114,0.1264033006994696,0.34153045533689536,0.2644672523237098,147
0,16,22,16,11,23,mred,784,0.09988023598448656,0.09036107831035453,0.13468789057545125,0.28263399632210484,0.25420847472251645,147
0,16,22,18,5,23,mse,13,0.10138048952762521,0.09892590133523138,0.12674915967306222,0.3611626083418255,0.2777349938482706,83
0,16,22,18,5,23,mred,12,0.10462669241828162,0.09213487268475988,0.1452214256354348,0.2995469890234577,0.26766087033465297,83
0,16,22,18,6,23,mse,26,0.10138048952762521,0.09892590133523138,0.12674915967306222,0.3611626083418255,0.2777349938482706,90
0,16,22,18,6,23,mred,25,0.09850973142707228,0.09100378317945565,0.12978645842508824,0.3088102003286784,0.24847213463467221,90
0,16,22,18,7,23,mse,51,0.09879816195843452,0.09387840752530105,0.12657701939582927,0.33498640433525195,0.25347526347952803,97
0,16,22,18,7,23,mred,49,0.1004566833357391,0.09041137750823296,0.1361385262591471,0.28495421796144643,0.2548519684035197,97
0,16,22,18,8,23,mse,103,0.09979335725204314,0.09612382316645737,0.12623488754983103,0.34807450633853876,0.2654490804458834,104
0,16,22,18,8,23,mred,99,0.09919448577140676,0.09040988969993706,0.13259265717794683,0.2957220983253916,0.2494181238194335,104
0,16,22,18,9,23,mse,206,0.09979335725204314,0.09612382316645737,0.12623488754983103,0.34807450633853876,0.2654490804458834,111
0,16,22,18,9,23,mred,197,0.09976432046718303,0.0903461087982638,0.13427650884953848,0.28917804732374824,0.25157454520885436,111
0,16,22,18,10,23,mse,412,0.09979335725204314,0.09612382316645737,0.12623488754983103,0.34807450633853876,0.2654490804458834,118
0,16,22,18,10,23,mred,394,0.09976432046718303,0.0903461087982638,0.13427650884953848,0.28917804732374824,0.25157454520885436,118
0,16,22,18,11,23,mse,823,0.09963333461214696,0.0958104329719397,0.12623079468347376,0.3464384935881279,0.26391334127058497,125
0,16,22,18,11,23,mred,788,0.09976432046718303,0.0903461087982638,0.13427650884953848,0.28917804732374824,0.25157454520885436,125
0,16,22,20,5,23,mse,13,0.09869005749590179,0.09390396950240779,0.12591154101119792,0.3611626083418255,0.2499153022423164,73
0,16,22,20,6,23,mse,26,0.09869005749590179,0.09390396950240779,0.12591154101119792,0.3611626083418255,0.2499153022423164,78
0,16,22,20,6,23,mred,25,0.1001568775540384,0.09057000263285361,0.13465260810049454,0.3088102003286784,0.2528952458839672,78
0,16,22,20,7,23,mse,52,0.09869005749590179,0.09390396950240779,0.12591154101119792,0.3611626083418255,0.2499153022423164,83
0,16,22,20,7,23,mred,50,0.1001568775540384,0.09057000263285361,0.13465260810049454,0.3088102003286784,0.2528952458839672,83
0,16,22,20,8,23,mse,105,0.09971079031096802,0.09610389398089333,0.12572660589886667,0.3742507103451123,0.2580344300036102,88
0,16,22,20,8,23,mred,100,0.1001568775540384,0.09057000263285361,0.13465260810049454,0.3088102003286784,0.2528952458839672,88
0,16,22,20,9,23,mse,209,0.09913497210335354,0.09493922607603991,0.1257151722065575,0.3677066593434689,0.2520437898607359,93
0,16,22,20,9,23,mred,201,0.09951876223938591,0.09052006553057523,0.1329045555007711,0.3153542513303218,0.25013070928630676,93
0,16,22,20,10,23,mse,419,0.0994037051045221,0.0955037816014788,0.12569489312929477,0.37097868484429064,0.25503910993217305,98
0,16,22,20,10,23,mred,402,0.09951876223938591,0.09052006553057523,0.1329045555007711,0.3153542513303218,0.25013070928630676,98
0,16,22,20,11,23,mse,838,0.0994037051045221,0.0955037816014788,0.12569489312929477,0.37097868484429064,0.25503910993217305,103
0,16,22,20,11,23,mred,804,0.09951876223938591,0.09052006553057523,0.1329045555007711,0.3153542513303218,0.25013070928630676,103
0,16,22,22,5,23,mse,14,0.10517251896044295,0.10139511327371342,0.13261680115654997,0.3929051860921088,0.2872148469984642,63
0,16,22,22,6,23,mse,28,0.10517251896044295,0.10139511327371342,0.13261680115654997,0.3929051860921088,0.2872148469984642,66
0,16,22,22,6,23,mred,27,0.1069256791054182,0.09987607499893895,0.13897590234992377,0.3431585723031049,0.272100588970987,66
0,16,22,22,7,23,mse,56,0.10517251896044295,0.10139511327371342,0.13261680115654997,0.3929051860921088,0.2872148469984642,69
0,16,22,22,7,23,mred,55,0.10509342461804033,0.099687109304887,0.13449199959715136,0.3680318791976069,0.26883550048603433,69
0,16,22,22,8,23,mse,112,0.10517251896044295,0.10139511327371342,0.13261680115654997,0.3929051860921088,0.2872148469984642,72
0,16,22,22,8,23,mred,109,0.10577493246722874,0.0995537110651033,0.13642043289348726,0.3555952257503559,0.26984730621191866,72
0,16,22,22,9,23,mse,225,0.10547016285730203,0.10210955150404252,0.13257196885950887,0.39912351281573427,0.2929613418511359,75
0,16,22,22,9,23,mred,218,0.10577493246722874,0.0995537110651033,0.13642043289348726,0.3555952257503559,0.26984730621191866,75
0,16,22,22,10,23,mse,450,0.10547016285730203,0.10210955150404252,0.13257196885950887,0.39912351281573427,0.2929613418511359,78
0,16,22,22,10,23,mred,437,0.1055605216604702,0.09954477134454807,0.13587834871697596,0.3587043891121686,0.2710012436526902,78
0,16,22,22,11,23,mse,899,0.10538423438889497,0.10191984456393002,0.1325671499739499,0.39756893113482794,0.291524718137968,81
0,16,22,22,11,23,mred,874,0.1055605216604702,0.09954477134454807,0.13587834871697596,0.3587043891121686,0.2710012436526902,81
0,18,14,14,5,23,mse,15,0.04430715746632857,0.0454390289372532,0.05538672058323132,0.2921087930038171,0.21551859459253891,139
0,18,14,14,6,23,mse,30,0.04430715746632857,0.0454390289372532,0.05538672058323132,0.2921087930038171,0.21551859459253891,150
0,18,14,14,6,23,mred,29,0.04174011430047056,0.04206824447015035,0.06391671170763163,0.3157051665703565,0.24166797477278762,150
0,18,14,14,7,23,mse,60,0.04430715746632857,0.0454390289372532,0.05538672058323132,0.2921087930038171,0.21551859459253891,161
0,18,14,14,7,23,mred,59,0.04073891295398334,0.04156119967697635,0.05702703123405145,0.3039069797870868,0.22859328468266327,161
0,18,14,14,8,23,mse,120,0.04430715746632857,0.0454390289372532,0.05538672058323132,0.2921087930038171,0.21551859459253891,172
0,18,14,14,8,23,mred,117,0.04052595428106042,0.041117831707194005,0.05989662244004396,0.30980607317872166,0.23513062972772544,172
0,18,14,14,9,23,mse,239,0.043057208342819134,0.04413785820673986,0.05525355733143087,0.2950583396996345,0.21878726711507,183
0,18,14,14,9,23,mred,234,0.04052595428106042,0.041117831707194005,0.05989662244004396,0.30980607317872166,0.23513062972772544,183
0,18,14,14,10,23,mse,478,0.043057208342819134,0.04413785820673986,0.05525355733143087,0.2950583396996345,0.21878726711507,194
0,18,14,14,10,23,mred,468,0.04052595428106042,0.041117831707194005,0.05989662244004396,0.30980607317872166,0.23513062972772544,194
0,18,14,14,11,23,mse,957,0.04335038640419506,0.04444427904288915,0.05525248345855371,0.2943209530256801,0.21797009898443723,205
0,18,14,14,11,23,mred,937,0.04048783161742773,0.041110975590199786,0.05947094854180132,0.30906868650476726,0.23431346159709268,205
0,18,14,16,5,23,mse,15,0.04389518412937039,0.04506527929297533,0.055307161707409014,0.2956306398047931,0.21736118457945391,129
0,18,14,16,6,23,mse,30,0.04389518412937039,0.04506527929297533,0.055307161707409014,0.2956306398047931,0.21736118457945391,138
0,18,14,16,6,23,mred,29,0.04209332726875005,0.04245957069514695,0.0645652521684728,0.31910961847796665,0.24344914509347212,138
0,18,14,16,7,23,mse,60,0.04389518412937039,0.04506527929297533,0.055307161707409014,0.2956306398047931,0.21736118457945391,147
0,18,14,16,7,23,mred,59,0.04064054719126817,0.04149836253995483,0.05735968568113428,0.3073701291413799,0.230405164836463,147
0,18,14,16,8,23,mse,120,0.04389518412937039,0.04506527929297533,0.055307161707409014,0.2956306398047931,0.21736118457945391,156
0,18,14,16,8,23,mred,117,0.040614094301699044,0.04124303678620532,0.06040274670414115,0.3132398738096733,0.23692715496496755,156
0,18,14,16,9,23,mse,239,0.042719515653965964,0.043839670865271976,0.05528120698871225,0.2985655121389398,0.2206221796437062,165
0,18,14,16,9,23,mred,235,0.04047963688687355,0.04122848498760527,0.058728910782046784,0.3103050014755266,0.2336661599007153,165
0,18,14,16,10,23,mse,479,0.043278545947635735,0.04442477684888617,0.055248439459275024,0.29709807597186644,0.21899168211158004,174
0,18,14,16,10,23,mred,469,0.040507594669441455,0.04119786108409414,0.059529248752870474,0.31177243764259993,0.23529665743284142,174
0,18,14,16,11,23,mse,958,0.043278545947635735,0.04442477684888617,0.055248439459275024,0.29709807597186644,0.21899168211158004,183
0,18,14,16,11,23,mred,938,0.040507594669441455,0.04119786108409414,0.059529248752870474,0.31177243764259993,0.23529665743284142,183
0,18,14,18,5,23,mse,15,0.04256603122527824,0.043906412319934626,0.05541063704752271,0.3099163536968695,0.22605433670741126,119
0,18,14,18,6,23,mse,30,0.04256603122527824,0.043906412319934626,0.05541063704752271,0.3099163536968695,0.22605433670741126,126
0,18,14,18,7,23,mse,60,0.04256603122527824,0.043906412319934626,0.05541063704752271,0.3099163536968695,0.22605433670741126,133
0,18,14,18,7,23,mred,59,0.04066807959917975,0.04168567767603659,0.05909028213827999,0.32141774780192167,0.2389534310956211,133
0,18,14,18,8,23,mse,120,0.04256603122527824,0.043906412319934626,0.05541063704752271,0.3099163536968695,0.22605433670741126,140
0,18,14,18,8,23,mred,118,0.04066807959917975,0.04168567767603659,0.05909028213827999,0.32141774780192167,0.2389534310956211,140
0,18,14,18,9,23,mse,241,0.04367916149144014,0.04506224691038026,0.05536369600612979,0.30704100517060645,0.2228295631103588,147
0,18,14,18,9,23,mred,236,0.04066807959917975,0.04168567767603659,0.05909028213827999,0.32141774780192167,0.2389534310956211,147
0,18,14,18,10,23,mse,481,0.043089920227620274,0.044453789293653276,0.05534195718935829,0.30847867943373797,0.22444194990888505,154
0,18,14,18,10,23,mred,472,0.04066807959917975,0.04168567767603659,0.05909028213827999,0.32141774780192167,0.2389534310956211,154
0,18,14,18,11,23,mse,963,0.04337534879576711,0.04474979668541765,0.055341520535735364,0.30775984230217224,0.22363575650962195,161
0,18,14,18,11,23,mred,944,0.04066807959917975,0.04168567767603659,0.05909028213827999,0.32141774780192167,0.2389534310956211,161
0,18,14,20,5,23,mse,15,0.044437816604304514,0.04677995176805337,0.0631901226406703,0.35466573556069414,0.27595009644084945,109
0,18,14,20,6,23,mse,31,0.04918787794300299,0.05151376425053413,0.05993689105512426,0.3331545934127173,0.25181509965554444,114
0,18,14,20,6,23,mred,30,0.044437816604304514,0.04677995176805337,0.0631901226406703,0.35466573556069414,0.27595009644084945,114
0,18,14,20,7,23,mse,61,0.04468968507480663,0.04713061785056018,0.05902948052372168,0.34391016448670575,0.2638825980481969,119
0,18,14,20,7,23,mred,60,0.044437816604304514,0.04677995176805337,0.0631901226406703,0.35466573556069414,0.27595009644084945,119
0,18,14,20,8,23,mse,123,0.04649551512255898,0.04890507895888231,0.05883364105055156,0.3385323789497115,0.25784884885187065,124
0,18,14,20,8,23,mred,121,0.04394821121192881,0.046371088355193824,0.060511797727878694,0.34928795002369994,0.2699163472445231,124
0,18,14,20,9,23,mse,245,0.04546258650312785,0.047896211146763075,0.05876796716636789,0.34122127171820865,0.2608657234500338,129
0,18,14,20,9,23,mred,242,0.04394821121192881,0.046371088355193824,0.060511797727878694,0.34928795002369994,0.2699163472445231,129
0,18,14,20,10,23,mse,491,0.04595319665411195,0.0483768391463002,0.05875984617076823,0.3398768253339601,0.2593572861509522,134
0,18,14,20,10,23,mred,483,0.0439374966160752,0.04634824447432444,0.061074199035835865,0.3506323964079485,0.27142478454360475,134
0,18,14,20,11,23,mse,981,0.045701943602367026,0.04813101750584991,0.058753661276777905,0.34054904852608436,0.260111504800493,139
0,18,14,20,11,23,mred,966,0.0439374966160752,0.04634824447432444,0.061074199035835865,0.3506323964079485,0.27142478454360475,139
0,18,14,22,5,23,mse,17,0.08323455786884373,0.08966231328124599,0.1021847061019843,0.5511074349125948,0.5104124718777645,99
0,18,14,22,6,23,mse,33,0.0799136975539519,0.08733859772087496,0.0988994607343868,0.5643101574151657,0.5248121050578303,102
0,18,14,22,7,23,mse,66,0.0799136975539519,0.08733859772087496,0.0988994607343868,0.5643101574151657,0.5248121050578303,105
0,18,14,22,8,23,mse,133,0.08002622018854996,0.08727991094865728,0.09874187286105934,0.561009476789523,0.5212121967628138,108
0,18,14,22,9,23,mse,265,0.07990764330765705,0.08725295484989636,0.09873789636947522,0.5626598171023443,0.5230121509103222,111
0,18,14,22,10,23,mse,531,0.07994969737303595,0.08725115184418768,0.0987191737402059,0.5618346469459335,0.522112173836568,114
0,18,14,22,11,23,mse,1062,0.07994969737303595,0.08725115184418768,0.0987191737402059,0.5618346469459335,0.522112173836568,117
0,18,14,22,11,23,mred,1061,0.0799247615258041,0.08724843149431014,0.09872335758699144,0.562247232024139,0.5225621623734451,117
0,18,16,14,5,23,mse,15,0.04497107275887492,0.0460317563441064,0.05556943828679374,0.2921087930038171,0.20783704791762658,127
0,18,16,14,6,23,mse,30,0.04497107275887492,0.0460317563441064,0.05556943828679374,0.2921087930038171,0.20783704791762658,138
0,18,16,14,6,23,mred,29,0.041253372474910226,0.041508451134505346,0.06287593222535293,0.3157051665703565,0.2342424796537057,138
0,18,16,14,7,23,mse,60,0.04497107275887492,0.0460317563441064,0.05556943828679374,0.2921087930038171,0.20783704791762658,149
0,18,16,14,7,23,mred,58,0.041253372474910226,0.041508451134505346,0.06287593222535293,0.3157051665703565,0.2342424796537057,149
0,18,16,14,8,23,mse,119,0.0424642642912179,0.043410215630170765,0.05531736883845205,0.29800788639545195,0.21443840585164636,160
0,18,16,14,8,23,mred,117,0.040444413434591486,0.04096830411221701,0.05909925114633893,0.30980607317872166,0.22764112171968592,160
0,18,16,14,9,23,mse,239,0.0436135113844602,0.04462491989616414,0.0552596419404116,0.2950583396996345,0.21113772688463645,171
0,18,16,14,9,23,mred,234,0.040444413434591486,0.04096830411221701,0.05909925114633893,0.30980607317872166,0.22764112171968592,171
0,18,16,14,10,23,mse,477,0.0430096740527388,0.04398989493190235,0.05524246507263823,0.2965331130475432,0.2127880663681414,182
0,18,16,14,10,23,mred,467,0.04050188711838184,0.0409607672659726,0.05993844914462275,0.31128084652663035,0.22929146120319086,182
0,18,16,14,11,23,mse,955,0.043305652376017405,0.0443015598163279,0.055239538003530674,0.29579572637358886,0.21196289662638895,193
0,18,16,14,11,23,mred,935,0.040464004010061866,0.04095520409702572,0.059509639197878855,0.310543459852676,0.22846629146143838,193
0,18,16,16,5,23,mse,15,0.04470158674348863,0.04579214463205675,0.05549621028665565,0.2956306398047931,0.2102751791445396,117
0,18,16,16,6,23,mse,30,0.04470158674348863,0.04579214463205675,0.05549621028665565,0.2956306398047931,0.2102751791445396,126
0,18,16,16,6,23,mred,29,0.04147299711964454,0.04175921222334133,0.06330184787722908,0.31910961847796665,0.23659933983972162,126
0,18,16,16,7,23,mse,60,0.04470158674348863,0.04579214463205675,0.05549621028665565,0.2956306398047931,0.2102751791445396,135
0,18,16,16,7,23,mred,59,0.040867023019033985,0.04165061829661591,0.056729763052788776,0.3073701291413799,0.2234372594921306,135
0,18,16,16,8,23,mse,119,0.04230018602910231,0.04327333750874023,0.05538722801786484,0.3015003844730865,0.2168562193183351,144
0,18,16,16,8,23,mred,117,0.040497436799602486,0.0410491272632479,0.05942551911215017,0.3132398738096733,0.2300182996659261,144
0,18,16,16,9,23,mse,239,0.04339658195256968,0.04443686813252071,0.05525813539372988,0.2985655121389398,0.21356569923143737,153
0,18,16,16,9,23,mred,234,0.040497436799602486,0.0410491272632479,0.05942551911215017,0.3132398738096733,0.2300182996659261,153
0,18,16,16,10,23,mse,478,0.04339658195256968,0.04443686813252071,0.05525813539372988,0.2985655121389398,0.21356569923143737,162
0,18,16,16,10,23,mred,468,0.040497436799602486,0.0410491272632479,0.05942551911215017,0.3132398738096733,0.2300182996659261,162
0,18,16,16,11,23,mse,955,0.043099302464545845,0.04412474927076675,0.055255962032596015,0.29929923022247645,0.2143883292531618,171
0,18,16,16,11,23,mred,936,0.040497436799602486,0.0410491272632479,0.05942551911215017,0.3132398738096733,0.2300182996659261,171
0,18,16,18,5,23,mse,15,0.043316065907870835,0.04460226229963636,0.055401826984447095,0.3024531504545779,0.22532275812053584,107
0,18,16,18,6,23,mse,30,0.043316065907870835,0.04460226229963636,0.055401826984447095,0.3024531504545779,0.22532275812053584,114
0,18,16,18,6,23,mred,29,0.0432543051041414,0.04373075705050114,0.06608317474653475,0.3257047121060919,0.2511453328498513,114
0,18,16,18,7,23,mse,60,0.043316065907870835,0.04460226229963636,0.055401826984447095,0.3024531504545779,0.22532275812053584,121
0,18,16,18,7,23,mred,59,0.04080180800637941,0.04176824274464704,0.05827652235523234,0.3140789312803349,0.23823404548519359,121
0,18,16,18,8,23,mse,120,0.043316065907870835,0.04460226229963636,0.055401826984447095,0.3024531504545779,0.22532275812053584,128
0,18,16,18,8,23,mred,118,0.04080180800637941,0.04176824274464704,0.05827652235523234,0.3140789312803349,0.23823404548519359,128
0,18,16,18,9,23,mse,240,0.043316065907870835,0.04460226229963636,0.055401826984447095,0.3024531504545779,0.22532275812053584,135
0,18,16,18,9,23,mred,235,0.0408470454835677,0.04171142752768383,0.059820417281084476,0.31698537648677416,0.24146186732635802,135
0,18,16,18,10,23,mse,480,0.043316065907870835,0.04460226229963636,0.055401826984447095,0.3024531504545779,0.22532275812053584,142
0,18,16,18,10,23,mred,471,0.040784951911072204,0.0417014887647092,0.05901089823300345,0.31553215388355454,0.23984795640577578,142
0,18,16,18,11,23,mse,960,0.043316065907870835,0.04460226229963636,0.055401826984447095,0.3024531504545779,0.22532275812053584,149
0,18,16,18,11,23,mred,941,0.04080647206497133,0.041697303893438675,0.05940645017044094,0.3162587651851644,0.2406549118660669,149
0,18,16,20,5,23,mse,15,0.04413223097578575,0.04636117296377663,0.06228036339464364,0.35466573556069414,0.2751664015643022,97
0,18,16,20,6,23,mse,31,0.04997719476913692,0.052218074796935625,0.06041940523772939,0.3331545934127173,0.2510052816164456,102
0,18,16,20,6,23,mred,30,0.04413223097578575,0.04636117296377663,0.06228036339464364,0.35466573556069414,0.2751664015643022,102
0,18,16,20,7,23,mse,61,0.04500647174044418,0.047340628860297725,0.058779442367570996,0.34391016448670575,0.2630858415903739,107
0,18,16,20,7,23,mred,60,0.04413223097578575,0.04636117296377663,0.06228036339464364,0.35466573556069414,0.2751664015643022,107
0,18,16,20,8,23,mse,122,0.04500647174044418,0.047340628860297725,0.058779442367570996,0.34391016448670575,0.2630858415903739,112
0,18,16,20,8,23,mred,121,0.04398162721100873,0.046292521175067075,0.05991260670205525,0.34928795002369994,0.26912612157733806,112
0,18,16,20,9,23,mse,245,0.045917531273134915,0.04824962976961914,0.058701223636090046,0.34122127171820865,0.2600657015968918,117
0,18,16,20,9,23,mred,241,0.043881103224438514,0.04616085059397827,0.06094939581291489,0.35197684279219704,0.2721462615708201,117
0,18,16,20,10,23,mse,489,0.045427887242641476,0.04776247571348724,0.058699147778292035,0.3425657181024572,0.2615757715936329,122
0,18,16,20,10,23,mred,482,0.043881103224438514,0.04616085059397827,0.06094939581291489,0.35197684279219704,0.2721462615708201,122
0,18,16,20,11,23,mse,979,0.045662962975738436,0.04799687203807129,0.05868988181904396,0.3418934949103329,0.26082073659526234,127
0,18,16,20,11,23,mred,964,0.043881103224438514,0.04616085059397827,0.06094939581291489,0.35197684279219704,0.2721462615708201,127
0,18,16,22,5,23,mse,17,0.08315134934565276,0.08949663975601424,0.10204542450992747,0.5511074349125948,0.5087557581428963,87
0,18,16,22,6,23,mse,33,0.07925049632713374,0.08663513421234405,0.09798246705798366,0.5643101574151657,0.523204118197517,90
0,18,16,22,7,23,mse,66,0.07925049632713374,0.08663513421234405,0.09798246705798366,0.5643101574151657,0.523204118197517,93
0,18,16,22,8,23,mse,132,0.07925049632713374,0.08663513421234405,0.09798246705798366,0.5643101574151657,0.523204118197517,96
0,18,16,22,9,23,mse,265,0.07931429872451565,0.08661526006387102,0.097913929409993,0.5626598171023443,0.5213980731906894,99
0,18,16,22,10,23,mse,530,0.07931429872451565,0.08661526006387102,0.097913929409993,0.5626598171023443,0.5213980731906894,102
0,18,16,22,10,23,mred,529,0.0792670377980281,0.08661154521180708,0.09792723347064375,0.563484987258755,0.5223010956941031,102
0,18,16,22,11,23,mse,1060,0.07931429872451565,0.08661526006387102,0.097913929409993,0.5626598171023443,0.5213980731906894,105
0,18,16,22,11,23,mred,1059,0.07928706799568289,0.08661014438133166,0.09791533791880504,0.5630724021805497,0.5218495844423963,105
0,18,18,14,5,23,mse,15,0.04823153199390647,0.0490169486342702,0.0575262259189447,0.28154325260088897,0.19448553020054465,115
0,18,18,14,6,23,mse,30,0.04823153199390647,0.0490169486342702,0.0575262259189447,0.28154325260088897,0.19448553020054465,126
0,18,18,14,6,23,mred,29,0.04061857646206301,0.040615739106385974,0.06004892185560586,0.305491810847526,0.22133601252719315,126
0,18,18,14,7,23,mse,59,0.04249005412375975,0.04301078999168176,0.05591947934768455,0.29351753172420747,0.2079107713638689,137
0,18,18,14,7,23,mred,58,0.04061857646206301,0.040615739106385974,0.06004892185560586,0.305491810847526,0.22133601252719315,137
0,18,18,14,8,23,mse,118,0.04249005412375975,0.04301078999168176,0.05591947934768455,0.29351753172420747,0.2079107713638689,148
0,18,18,14,8,23,mred,116,0.04061857646206301,0.040615739106385974,0.06004892185560586,0.305491810847526,0.22133601252719315,148
0,18,18,14,9,23,mse,237,0.04356287514418952,0.044181962284534665,0.055772517708603836,0.2905239619433779,0.20455446107303785,159
0,18,18,14,9,23,mred,232,0.04061857646206301,0.040615739106385974,0.06004892185560586,0.305491810847526,0.22133601252719315,159
0,18,18,14,10,23,mse,474,0.04356287514418952,0.044181962284534665,0.055772517708603836,0.2905239619433779,0.20455446107303785,170
0,18,18,14,10,23,mred,464,0.04061857646206301,0.040615739106385974,0.06004892185560586,0.305491810847526,0.22133601252719315,170
0,18,18,14,11,23,mse,948,0.04356287514418952,0.044181962284534665,0.055772517708603836,0.2905239619433779,0.20455446107303785,181
0,18,18,14,11,23,mred,928,0.04061857646206301,0.040615739106385974,0.06004892185560586,0.305491810847526,0.22133601252719315,181
0,18,18,16,5,23,mse,15,0.04823153199390647,0.0490169486342702,0.0575262259189447,0.28154325260088897,0.19448553020054465,105
0,18,18,16,6,23,mse,30,0.04823153199390647,0.0490169486342702,0.0575262259189447,0.28154325260088897,0.19448553020054465,114
0,18,18,16,6,23,mred,29,0.04061857646206301,0.040615739106385974,0.06004892185560586,0.305491810847526,0.22133601252719315,114
0,18,18,16,7,23,mse,59,0.04249005412375975,0.04301078999168176,0.05591947934768455,0.29351753172420747,0.2079107713638689,123
0,18,18,16,7,23,mred,58,0.04061857646206301,0.040615739106385974,0.06004892185560586,0.305491810847526,0.22133601252719315,123
0,18,18,16,8,23,mse,118,0.04249005412375975,0.04301078999168176,0.05591947934768455,0.29351753172420747,0.2079107713638689,132
0,18,18,16,8,23,mred,116,0.04061857646206301,0.040615739106385974,0.06004892185560586,0.305491810847526,0.22133601252719315,132
0,18,18,16,9,23,mse,237,0.04356287514418952,0.044181962284534665,0.055772517708603836,0.2905239619433779,0.20455446107303785,141
0,18,18,16,9,23,mred,232,0.04061857646206301,0.040615739106385974,0.06004892185560586,0.305491810847526,0.22133601252719315,141
0,18,18,16,10,23,mse,474,0.04356287514418952,0.044181962284534665,0.055772517708603836,0.2905239619433779,0.20455446107303785,150
0,18,18,16,10,23,mred,464,0.04061857646206301,0.040615739106385974,0.06004892185560586,0.305491810847526,0.22133601252719315,150
0,18,18,16,11,23,mse,948,0.04356287514418952,0.044181962284534665,0.055772517708603836,0.2905239619433779,0.20455446107303785,159
0,18,18,16,11,23,mred,928,0.04061857646206301,0.040615739106385974,0.06004892185560586,0.305491810847526,0.22133601252719315,159
0,18,18,18,5,23,mse,15,0.046868218340916964,0.04775855983611394,0.05685519351401278,0.2956306398047931,0.2014556635232894,95
0,18,18,18,6,23,mse,30,0.046868218340916964,0.04775855983611394,0.05685519351401278,0.2956306398047931,0.2014556635232894,102
0,18,18,18,6,23,mred,29,0.04105488862624082,0.04113587784990168,0.0614993991933488,0.31910961847796665,0.22807380807251307,102
0,18,18,18,7,23,mse,59,0.041888963854919456,0.04248952183587888,0.05638193293455373,0.3073701291413799,0.21476473579790123,109
0,18,18,18,7,23,mred,58,0.04105488862624082,0.04113587784990168,0.0614993991933488,0.31910961847796665,0.22807380807251307,109
0,18,18,18,8,23,mse,119,0.04390905469210635,0.044695741600245496,0.055889284702015714,0.3015003844730865,0.2081101996605953,116
0,18,18,18,8,23,mred,116,0.04105488862624082,0.04113587784990168,0.0614993991933488,0.31910961847796665,0.22807380807251307,116
0,18,18,18,9,23,mse,238,0.04390905469210635,0.044695741600245496,0.055889284702015714,0.3015003844730865,0.2081101996605953,123
0,18,18,18,9,23,mred,233,0.04077665582690969,0.041000135990345334,0.05974766525134161,0.31617474614381996,0.2247465400038601,123
0,18,18,18,10,23,mse,475,0.043312482628963755,0.04406024457556626,0.05587526203901756,0.30296782064015987,0.20977383369492178,130
0,18,18,18,10,23,mred,466,0.04077665582690969,0.041000135990345334,0.05974766525134161,0.31617474614381996,0.2247465400038601,130
0,18,18,18,11,23,mse,951,0.0436046313465059,0.04437258011606009,0.05587079404288045,0.3022341025566232,0.20894201667775855,137
0,18,18,18,11,23,mred,932,0.04077665582690969,0.041000135990345334,0.05974766525134161,0.31617474614381996,0.2247465400038601,137
0,18,18,20,5,23,mse,15,0.04382634229351608,0.04541558292467917,0.05948262632333497,0.3451535362389919,0.2483098646048113,85
0,18,18,20,6,23,mse,30,0.04382634229351608,0.04541558292467917,0.05948262632333497,0.3451535362389919,0.2483098646048113,90
0,18,18,20,7,23,mse,61,0.04724692575491013,0.04891338418147033,0.05898657991492833,0.33423942850964183,0.23578169568155818,95
0,18,18,20,7,23,mred,60,0.04382634229351608,0.04541558292467917,0.05948262632333497,0.3451535362389919,0.2483098646048113,95
0,18,18,20,8,23,mse,121,0.045054640415598424,0.04671193732985109,0.05856507077300822,0.3396964823743169,0.24204578014318476,100
0,18,18,20,8,23,mred,119,0.0437046303513281,0.04516164442812694,0.061679514987411733,0.350610590103667,0.2545739490664379,100
0,18,18,20,9,23,mse,242,0.045054640415598424,0.04671193732985109,0.05856507077300822,0.3396964823743169,0.24204578014318476,105
0,18,18,20,9,23,mred,239,0.04362255287765303,0.04515167117740047,0.0604279707570598,0.34788206317132947,0.2514419068356246,105
0,18,18,20,10,23,mse,485,0.04552609380902821,0.047188841404603554,0.058544470273342336,0.33833221890814813,0.2404797590277781,110
0,18,18,20,10,23,mred,477,0.043624848219311896,0.04511954623250632,0.061016537483519574,0.34924632663749827,0.2530079279510313,110
0,18,18,20,11,23,mse,969,0.04528479372510952,0.04694548352792398,0.058544239181784544,0.3390143506412325,0.24126276958548143,115
0,18,18,20,11,23,mred,954,0.043624848219311896,0.04511954623250632,0.061016537483519574,0.34924632663749827,0.2530079279510313,115
0,18,18,22,5,23,mse,16,0.07933504874192958,0.0863350689389935,0.09890935422146746,0.5666495566209466,0.531426452086801,75
0,18,18,22,6,23,mse,33,0.07778496140306304,0.08438347679389845,0.09566538236764861,0.5531073552653512,0.5167835287145135,78
0,18,18,22,7,23,mse,66,0.07778496140306304,0.08438347679389845,0.09566538236764861,0.5531073552653512,0.5167835287145135,81
0,18,18,22,8,23,mse,131,0.07741810341503998,0.08418581178649254,0.09543874647660547,0.55649290560425,0.5204442595575854,84
0,18,18,22,9,23,mse,262,0.07741810341503998,0.08418581178649254,0.09543874647660547,0.55649290560425,0.5204442595575854,87
0,18,18,22,10,23,mse,525,0.07746863090478427,0.08419724121679234,0.09542962187056375,0.5556465180195254,0.5195290768468175,90
0,18,18,22,10,23,mred,524,0.07741810341503998,0.08418581178649254,0.09543874647660547,0.55649290560425,0.5204442595575854,90
0,18,18,22,11,23,mse,1049,0.0774398455494555,0.08418837828861353,0.0954286963278559,0.5560697118118877,0.5199866682022014,93
0,18,18,22,11,23,mred,1048,0.07741810341503998,0.08418581178649254,0.09543874647660547,0.55649290560425,0.5204442595575854,93
0,18,20,14,5,23,mse,14,0.04618817450688055,0.04386532736159396,0.06867105485165217,0.24817954342467635,0.1875248380620061,103
0,18,20,14,6,23,mse,29,0.04942232095499785,0.048832039733098465,0.06288927576917078,0.2213288128327005,0.15850786799279204,114
0,18,20,14,6,23,mred,28,0.04618817450688055,0.04386532736159396,0.06867105485165217,0.24817954342467635,0.1875248380620061,114
0,18,20,14,7,23,mse,58,0.04942232095499785,0.048832039733098465,0.06288927576917078,0.2213288128327005,0.15850786799279204,125
0,18,20,14,7,23,mred,56,0.04618817450688055,0.04386532736159396,0.06867105485165217,0.24817954342467635,0.1875248380620061,125
0,18,20,14,8,23,mse,115,0.04676229569496439,0.04581655127909484,0.06231184716924514,0.22804149548069447,0.16576211051009554,136
0,18,20,14,8,23,mred,113,0.044999580448280445,0.043173116011647146,0.06529236311757501,0.2414668607766824,0.18027059554470257,136
0,18,20,14,9,23,mse,230,0.04676229569496439,0.04581655127909484,0.06231184716924514,0.22804149548069447,0.16576211051009554,147
0,18,20,14,9,23,mred,226,0.044999580448280445,0.043173116011647146,0.06529236311757501,0.2414668607766824,0.18027059554470257,147
0,18,20,14,10,23,mse,460,0.04676229569496439,0.04581655127909484,0.06231184716924514,0.22804149548069447,0.16576211051009554,158
0,18,20,14,10,23,mred,452,0.044999580448280445,0.043173116011647146,0.06529236311757501,0.2414668607766824,0.18027059554470257,158
0,18,20,14,11,23,mse,921,0.04703918844386851,0.04614177005309989,0.06230757866136391,0.22720241014969522,0.16485533019543258,169
0,18,20,14,11,23,mred,904,0.044999580448280445,0.043173116011647146,0.06529236311757501,0.2414668607766824,0.18027059554470257,169
0,18,20,16,5,23,mse,14,0.04618817450688055,0.04386532736159396,0.06867105485165217,0.24817954342467635,0.1875248380620061,93
0,18,20,16,6,23,mse,29,0.04942232095499785,0.048832039733098465,0.06288927576917078,0.2213288128327005,0.15850786799279204,102
0,18,20,16,6,23,mred,28,0.04618817450688055,0.04386532736159396,0.06867105485165217,0.24817954342467635,0.1875248380620061,102
0,18,20,16,7,23,mse,58,0.04942232095499785,0.048832039733098465,0.06288927576917078,0.2213288128327005,0.15850786799279204,111
0,18,20,16,7,23,mred,56,0.04618817450688055,0.04386532736159396,0.06867105485165217,0.24817954342467635,0.1875248380620061,111
0,18,20,16,8,23,mse,115,0.04676229569496439,0.04581655127909484,0.06231184716924514,0.22804149548069447,0.16576211051009554,120
0,18,20,16,8,23,mred,113,0.044999580448280445,0.043173116011647146,0.06529236311757501,0.2414668607766824,0.18027059554470257,120
0,18,20,16,9,23,mse,230,0.04676229569496439,0.04581655127909484,0.06231184716924514,0.22804149548069447,0.16576211051009554,129
0,18,20,16,9,23,mred,226,0.044999580448280445,0.043173116011647146,0.06529236311757501,0.2414668607766824,0.18027059554470257,129
0,18,20,16,10,23,mse,460,0.04676229569496439,0.04581655127909484,0.06231184716924514,0.22804149548069447,0.16576211051009554,138
0,18,20,16,10,23,mred,452,0.044999580448280445,0.043173116011647146,0.06529236311757501,0.2414668607766824,0.18027059554470257,138
0,18,20,16,11,23,mse,921,0.04703918844386851,0.04614177005309989,0.06230757866136391,0.22720241014969522,0.16485533019543258,147
0,18,20,16,11,23,mred,904,0.044999580448280445,0.043173116011647146,0.06529236311757501,0.2414668607766824,0.18027059554470257,147
0,18,20,18,5,23,mse,14,0.04705842273075782,0.044689089337437156,0.07008819404250806,0.24817954342467635,0.19311677591809034,83
0,18,20,18,6,23,mse,29,0.04833113266729747,0.04768223140154154,0.062461596881302116,0.2213288128327005,0.164299517915165,90
0,18,20,18,6,23,mred,28,0.04705842273075782,0.044689089337437156,0.07008819404250806,0.24817954342467635,0.19311677591809034,90
0,18,20,18,7,23,mse,58,0.04833113266729747,0.04768223140154154,0.062461596881302116,0.2213288128327005,0.164299517915165,97
0,18,20,18,7,23,mred,57,0.04508752107867697,0.04366753720488281,0.06371167103223635,0.23475417812868843,0.17870814691662767,97
0,18,20,18,8,23,mse,115,0.046114884210429044,0.04510801364243962,0.062396975552772224,0.22804149548069447,0.1715038324158963,104
0,18,20,18,8,23,mred,113,0.045375131038549704,0.04349375521706574,0.06632370984589327,0.2414668607766824,0.185912461417359,104
0,18,20,18,9,23,mse,231,0.04708992449797973,0.04626755589172342,0.06225499134403451,0.2246851541566975,0.16790167516553064,111
0,18,20,18,9,23,mred,227,0.04504843850249082,0.04340372840565469,0.06486349421993169,0.2381105194526854,0.18231030416699334,111
0,18,20,18,10,23,mse,462,0.04708992449797973,0.04626755589172342,0.06225499134403451,0.2246851541566975,0.16790167516553064,118
0,18,20,18,10,23,mred,454,0.04504843850249082,0.04340372840565469,0.06486349421993169,0.2381105194526854,0.18231030416699334,118
0,18,20,18,11,23,mse,924,0.04708992449797973,0.04626755589172342,0.06225499134403451,0.2246851541566975,0.16790167516553064,125
0,18,20,18,11,23,mred,907,0.04509626155636462,0.04339258314674527,0.06520037093309573,0.23894960478368465,0.18321084347958475,125
0,18,20,20,5,23,mse,15,0.05454073344184308,0.05490523413562613,0.06648240475112806,0.2703976281436986,0.17618886204630277,73
0,18,20,20,6,23,mse,29,0.04685389451499854,0.04636284124716545,0.06497743606176021,0.29471770720557533,0.20175872722739588,78
0,18,20,20,7,23,mse,59,0.04859473121548173,0.048640140520842146,0.06313844830308495,0.28255766767463697,0.18799594666235098,83
0,18,20,20,7,23,mred,58,0.04685389451499854,0.04636284124716545,0.06497743606176021,0.29471770720557533,0.20175872722739588,83
0,18,20,20,8,23,mse,118,0.04859473121548173,0.048640140520842146,0.06313844830308495,0.28255766767463697,0.18799594666235098,88
0,18,20,20,8,23,mred,116,0.04685389451499854,0.04636284124716545,0.06497743606176021,0.29471770720557533,0.20175872722739588,88
0,18,20,20,9,23,mse,235,0.0477204738660754,0.047651566503991515,0.0631081698318852,0.2855976775573716,0.19143664180361222,93
0,18,20,20,9,23,mred,232,0.04685389451499854,0.04636284124716545,0.06497743606176021,0.29471770720557533,0.20175872722739588,93
0,18,20,20,10,23,mse,471,0.04812550253880879,0.048114916833894156,0.0630818945773121,0.28407767261600425,0.1897162942329816,98
0,18,20,20,10,23,mred,464,0.04685389451499854,0.04636284124716545,0.06497743606176021,0.29471770720557533,0.20175872722739588,98
0,18,20,20,11,23,mse,942,0.04812550253880879,0.048114916833894156,0.0630818945773121,0.28407767261600425,0.1897162942329816,103
0,18,20,20,11,23,mred,928,0.04685389451499854,0.04636284124716545,0.06497743606176021,0.29471770720557533,0.20175872722739588,103
0,18,20,22,5,23,mse,16,0.07656423880453175,0.08150711716682273,0.09412380132573243,0.5552899828685401,0.2852088674534753,63
0,18,20,22,6,23,mse,32,0.07656423880453175,0.08150711716682273,0.09412380132573243,0.5552899828685401,0.2852088674534753,66
0,18,20,22,7,23,mse,64,0.07656423880453175,0.08150711716682273,0.09412380132573243,0.5552899828685401,0.2852088674534753,69
0,18,22,14,5,23,mse,13,0.10089543048749014,0.0982431081291976,0.12646238896136422,0.3611626083418255,0.2767786706188881,91
0,18,22,14,5,23,mred,12,0.10486454011737475,0.09222366135168963,0.1457908932604308,0.29657896779050624,0.26756246418562263,91
0,18,22,14,6,23,mse,26,0.10089543048749014,0.0982431081291976,0.12646238896136422,0.3611626083418255,0.2767786706188881,102
0,18,22,14,6,23,mred,25,0.0983973876665785,0.09072032136853977,0.12998433740129156,0.3088102003286784,0.24780200516946832,102
0,18,22,14,7,23,mse,52,0.10089543048749014,0.0982431081291976,0.12646238896136422,0.3611626083418255,0.2767786706188881,113
0,18,22,14,7,23,mred,49,0.10051100443460505,0.09030460458563841,0.136541104465434,0.28263399632210484,0.25471542037931827,113
0,18,22,14,8,23,mse,103,0.09939242115393726,0.09552584427794057,0.12607357600824798,0.34807450633853876,0.264501952632168,124
0,18,22,14,8,23,mred,99,0.09918196445031331,0.09022950107444543,0.13289734694639668,0.2957220983253916,0.2494842703232978,124
0,18,22,14,9,23,mse,206,0.09939242115393726,0.09552584427794057,0.12607357600824798,0.34807450633853876,0.264501952632168,135
0,18,22,14,9,23,mred,197,0.09978015529532999,0.09019467350063291,0.13463131164805905,0.28917804732374824,0.2515749374166118,135
0,18,22,14,10,23,mse,412,0.09939242115393726,0.09552584427794057,0.12607357600824798,0.34807450633853876,0.264501952632168,146
0,18,22,14,10,23,mred,395,0.09946217610523687,0.09019237599952931,0.13374190710281925,0.2924500728245699,0.2503316093144965,146
0,18,22,14,11,23,mse,824,0.09939242115393726,0.09552584427794057,0.12607357600824798,0.34807450633853876,0.264501952632168,157
0,18,22,14,11,23,mred,789,0.09961769408075762,0.09019001558352996,0.13418105850670312,0.29081406007415905,0.2508716087979125,157
0,18,22,16,5,23,mse,13,0.10089543048749014,0.0982431081291976,0.12646238896136422,0.3611626083418255,0.2767786706188881,81
0,18,22,16,5,23,mred,12,0.10486454011737475,0.09222366135168963,0.1457908932604308,0.29657896779050624,0.26756246418562263,81
0,18,22,16,6,23,mse,26,0.10089543048749014,0.0982431081291976,0.12646238896136422,0.3611626083418255,0.2767786706188881,90
0,18,22,16,6,23,mred,25,0.0983973876665785,0.09072032136853977,0.12998433740129156,0.3088102003286784,0.24780200516946832,90
0,18,22,16,7,23,mse,52,0.10089543048749014,0.0982431081291976,0.12646238896136422,0.3611626083418255,0.2767786706188881,99
0,18,22,16,7,23,mred,49,0.10051100443460505,0.09030460458563841,0.136541104465434,0.28263399632210484,0.25471542037931827,99
0,18,22,16,8,23,mse,103,0.09939242115393726,0.09552584427794057,0.12607357600824798,0.34807450633853876,0.264501952632168,108
0,18,22,16,8,23,mred,99,0.09918196445031331,0.09022950107444543,0.13289734694639668,0.2957220983253916,0.2494842703232978,108
0,18,22,16,9,23,mse,206,0.09939242115393726,0.09552584427794057,0.12607357600824798,0.34807450633853876,0.264501952632168,117
0,18,22,16,9,23,mred,197,0.09978015529532999,0.09019467350063291,0.13463131164805905,0.28917804732374824,0.2515749374166118,117
0,18,22,16,10,23,mse,412,0.09939242115393726,0.09552584427794057,0.12607357600824798,0.34807450633853876,0.264501952632168,126
0,18,22,16,10,23,mred,395,0.09946217610523687,0.09019237599952931,0.13374190710281925,0.2924500728245699,0.2503316093144965,126
0,18,22,16,11,23,mse,824,0.09939242115393726,0.09552584427794057,0.12607357600824798,0.34807450633853876,0.264501952632168,135
0,18,22,16,11,23,mred,789,0.09961769408075762,0.09019001558352996,0.13418105850670312,0.29081406007415905,0.2508716087979125,135
0,18,22,18,5,23,mse,13,0.10040115469487683,0.09734926968138675,0.12620487702246846,0.3611626083418255,0.27220958491513186,71
0,18,22,18,5,23,mred,12,0.10570430735704363,0.09275634764556678,0.14721107033715625,0.2995469890234577,0.2697561048474087,71
0,18,22,18,6,23,mse,26,0.10040115469487683,0.09734926968138675,0.12620487702246846,0.3611626083418255,0.27220958491513186,78
0,18,22,18,6,23,mred,25,0.09857408262987749,0.09052814579154939,0.13069572751045608,0.3088102003286784,0.24820200478258442,78
0,18,22,18,7,23,mse,52,0.10040115469487683,0.09734926968138675,0.12620487702246846,0.3611626083418255,0.27220958491513186,85
0,18,22,18,7,23,mred,49,0.10101523415290056,0.09047484941315223,0.13764713302594675,0.28495421796144643,0.2556035371754305,85
0,18,22,18,8,23,mse,103,0.09907325494872461,0.09480807252947535,0.12607128658431385,0.34807450633853876,0.2599768004447941,92
0,18,22,18,8,23,mred,99,0.09951589192894128,0.09021147109632727,0.1338158341341875,0.2957220983253916,0.25033289959666505,92
0,18,22,18,9,23,mse,207,0.0996605593766002,0.09600463953087826,0.12603164763831595,0.35461855734018216,0.266093192679963,99
0,18,22,18,9,23,mred,198,0.09951589192894128,0.09021147109632727,0.1338158341341875,0.2957220983253916,0.25033289959666505,99
0,18,22,18,10,23,mse,413,0.09934942509328248,0.09538938562322061,0.12602484584268886,0.35134653183936043,0.26303499656237855,106
0,18,22,18,10,23,mred,396,0.09951589192894128,0.09021147109632727,0.1338158341341875,0.2957220983253916,0.25033289959666505,106
0,18,22,18,11,23,mse,827,0.0995006785191606,0.09569297510808514,0.12602159038052899,0.3529825445897713,0.26456409462117075,113
0,18,22,18,11,23,mred,792,0.09951589192894128,0.09021147109632727,0.1338158341341875,0.2957220983253916,0.25033289959666505,113
0,18,22,20,5,23,mse,13,0.09851326978422059,0.09309214336370031,0.12636881059354438,0.3611626083418255,0.24657072570562982,61
0,18,22,20,6,23,mse,26,0.09851326978422059,0.09309214336370031,0.12636881059354438,0.3611626083418255,0.24657072570562982,66
0,18,22,20,6,23,mred,25,0.1008618823292646,0.09073379207806087,0.13643035006463955,0.3088102003286784,0.2555478926027167,66
0,18,22,20,7,23,mse,53,0.10065797334822427,0.09755552911526992,0.12605848456960603,0.3873388123483991,0.26766931289690965,71
0,18,22,20,7,23,mred,50,0.1008618823292646,0.09073379207806087,0.13643035006463955,0.3088102003286784,0.2555478926027167,71
0,18,22,20,8,23,mse,105,0.09930273597498573,0.09505102872629861,0.1258024773311159,0.3742507103451123,0.2557101684356181,76
0,18,22,20,8,23,mred,101,0.099463362378908,0.09049555662108327,0.13282041469780012,0.3218983023319652,0.2493627382300517,76
0,18,22,20,9,23,mse,210,0.09930273597498573,0.09505102872629861,0.1258024773311159,0.3742507103451123,0.2557101684356181,81
0,18,22,20,9,23,mred,202,0.099463362378908,0.09049555662108327,0.13282041469780012,0.3218983023319652,0.2493627382300517,81
0,18,22,20,10,23,mse,421,0.09958753765205049,0.09562595659359309,0.12578930522241655,0.377522735845934,0.25869995455094097,86
0,18,22,20,10,23,mred,404,0.099463362378908,0.09049555662108327,0.13282041469780012,0.3218983023319652,0.2493627382300517,86
0,18,22,20,11,23,mse,842,0.09958753765205049,0.09562595659359309,0.12578930522241655,0.377522735845934,0.25869995455094097,91
0,18,22,20,11,23,mred,807,0.0996102686960885,0.09049534108557736,0.13323446834179392,0.32026228958155434,0.2502917447421432,91
0,18,22,22,5,23,mse,14,0.10510808722073367,0.10085955139700709,0.13281579058448464,0.36530515919864304,0.28100704496981405,51
0,18,22,22,6,23,mse,28,0.10510808722073367,0.10085955139700709,0.13281579058448464,0.36530515919864304,0.28100704496981405,54
0,18,22,22,6,23,mred,27,0.10780201802549663,0.10034336703030874,0.14044399326414111,0.31654426065583435,0.27118558401804216,54
0,18,22,22,7,23,mse,56,0.10510808722073367,0.10085955139700709,0.13281579058448464,0.36530515919864304,0.28100704496981405,57
0,18,22,22,7,23,mred,55,0.10550063456371297,0.09965112364854256,0.13536225723838552,0.3409247099272387,0.26644662999028135,57
0,18,22,22,8,23,mse,113,0.10557310599877859,0.10214468673485043,0.13254463979823503,0.3774953838343452,0.29244460787133025,60
0,18,22,22,8,23,mred,110,0.10550063456371297,0.09965112364854256,0.13536225723838552,0.3409247099272387,0.26644662999028135,60
0,18,22,22,9,23,mse,226,0.10557310599877859,0.10214468673485043,0.13254463979823503,0.3774953838343452,0.29244460787133025,63
0,18,22,22,9,23,mred,219,0.10589724484777965,0.09965018190513038,0.1364036626701093,0.33482959760938763,0.2687147921550153,63
0,18,22,22,10,23,mse,452,0.10557310599877859,0.10214468673485043,0.13254463979823503,0.3774953838343452,0.29244460787133025,66
0,18,22,22,10,23,mred,439,0.10568289354041281,0.09963418205491748,0.13586329652518198,0.3378771537683132,0.26779464346165194,66
0,18,22,22,11,23,mse,903,0.10548793161109056,0.10195691584177355,0.13254150325440484,0.3759716057548825,0.2910149125086407,69
0,18,22,22,11,23,mred,878,0.10568289354041281,0.09963418205491748,0.13586329652518198,0.3378771537683132,0.26779464346165194,69
0,20,14,14,5,23,mse,15,0.04812571850731377,0.05022481905877696,0.06690625941016387,0.36092561821105584,0.2647644563497601,127
0,20,14,14,6,23,mse,31,0.048980118300647565,0.05142389019507739,0.06125397677570461,0.33962313881809103,0.2402566048947521,138
0,20,14,14,6,23,mred,30,0.04812571850731377,0.05022481905877696,0.06690625941016387,0.36092561821105584,0.2647644563497601,138
0,20,14,14,7,23,mse,62,0.048980118300647565,0.05142389019507739,0.06125397677570461,0.33962313881809103,0.2402566048947521,149
0,20,14,14,7,23,mred,61,0.0463224527371343,0.04871643159446533,0.06171513977622682,0.35027437851457344,0.2525105306222561,149
0,20,14,14,8,23,mse,123,0.047117165272312814,0.04956933486074266,0.060860755345553776,0.34494875866633223,0.2463835677585041,160
0,20,14,14,8,23,mred,122,0.0463224527371343,0.04871643159446533,0.06171513977622682,0.35027437851457344,0.2525105306222561,160
0,20,14,14,9,23,mse,246,0.047117165272312814,0.04956933486074266,0.060860755345553776,0.34494875866633223,0.2463835677585041,171
0,20,14,14,9,23,mred,243,0.046320632931923095,0.04866733004997366,0.06259713528208614,0.35293718843869404,0.2555740120541321,171
0,20,14,14,10,23,mse,493,0.04749398015043095,0.04994961295832842,0.06084173093936424,0.34361735370427193,0.2448518270425661,182
0,20,14,14,10,23,mred,487,0.04628815342796779,0.04866053240440901,0.06211929352664745,0.35160578347663374,0.25404227133819407,182
0,20,14,14,11,23,mse,985,0.04729605539584944,0.04975036232084079,0.06084143786628273,0.3442830561853021,0.2456176974005351,193
0,20,14,14,11,23,mred,973,0.04629538453101101,0.04865537268777817,0.06234910316964358,0.3522714859576639,0.25480814169616306,193
0,20,14,16,5,23,mse,15,0.048512376605647445,0.0506581030338811,0.06751396858464905,0.36258555167024786,0.26558480236704407,117
0,20,14,16,6,23,mse,31,0.04866421364395056,0.05116795064128711,0.0611670293863858,0.3413384033925895,0.2411042957792789,126
0,20,14,16,6,23,mred,30,0.048512376605647445,0.0506581030338811,0.06751396858464905,0.36258555167024786,0.26558480236704407,126
0,20,14,16,7,23,mse,62,0.04866421364395056,0.05116795064128711,0.0611670293863858,0.3413384033925895,0.2411042957792789,135
0,20,14,16,7,23,mred,61,0.04634077301876055,0.0487889034791917,0.06200844429578567,0.35196197753141867,0.2533445490731615,135
0,20,14,16,8,23,mse,123,0.046962821651602864,0.04947054956168746,0.06096757691769177,0.34665019046200407,0.2472244224262202,144
0,20,14,16,8,23,mred,122,0.04634077301876055,0.0487889034791917,0.06200844429578567,0.35196197753141867,0.2533445490731615,144
0,20,14,16,9,23,mse,247,0.04769205897868968,0.05020589484533552,0.06091124885763033,0.34399429692729677,0.24416435910274953,153
0,20,14,16,9,23,mred,244,0.04634077301876055,0.0487889034791917,0.06200844429578567,0.35196197753141867,0.2533445490731615,153
0,20,14,16,10,23,mse,493,0.047294606317411614,0.049807528817227234,0.06090034097407218,0.3453222436946504,0.24569439076448485,162
0,20,14,16,10,23,mred,487,0.04634991446519106,0.04877626233405411,0.06245681807386278,0.3532899242987723,0.2548745807348968,162
0,20,14,16,11,23,mse,987,0.04748732932885612,0.05000104055893259,0.060896022511247996,0.3446582703109736,0.24492937493361722,171
0,20,14,16,11,23,mred,975,0.04633650154905825,0.04877412425396223,0.062223470793268856,0.3526259509150955,0.25410956490402914,171
0,20,14,18,5,23,mse,15,0.0504888413149121,0.05284118228834886,0.07028900105378548,0.3641169097377631,0.2751438716276503,107
0,20,14,18,6,23,mse,31,0.04790680267975233,0.05067769569197768,0.06131167811653569,0.34292080672902187,0.25098200068190535,114
0,20,14,18,7,23,mse,62,0.04790680267975233,0.05067769569197768,0.06131167811653569,0.34292080672902187,0.25098200068190535,121
0,20,14,18,7,23,mred,61,0.04693290658625544,0.04961677940113701,0.06362509782416109,0.3535188582333925,0.2630629361547779,121
0,20,14,18,8,23,mse,124,0.04790680267975233,0.05067769569197768,0.06131167811653569,0.34292080672902187,0.25098200068190535,128
0,20,14,18,8,23,mred,122,0.04693290658625544,0.04961677940113701,0.06362509782416109,0.3535188582333925,0.2630629361547779,128
0,20,14,18,9,23,mse,248,0.04790680267975233,0.05067769569197768,0.06131167811653569,0.34292080672902187,0.25098200068190535,135
0,20,14,18,9,23,mred,245,0.04678953142913766,0.04951173290001861,0.062604555184191,0.35086934535729986,0.26004270228655973,135
0,20,14,18,10,23,mse,496,0.04790680267975233,0.05067769569197768,0.06131167811653569,0.34292080672902187,0.25098200068190535,142
0,20,14,18,10,23,mred,490,0.04678953142913766,0.04951173290001861,0.062604555184191,0.35086934535729986,0.26004270228655973,142
0,20,14,18,11,23,mse,992,0.04790680267975233,0.05067769569197768,0.06131167811653569,0.34292080672902187,0.25098200068190535,149
0,20,14,18,11,23,mred,980,0.04678953142913766,0.04951173290001861,0.062604555184191,0.35086934535729986,0.26004270228655973,149
0,20,14,20,5,23,mse,16,0.05347095870674033,0.05705473705601884,0.06621196402933147,0.3490561716121753,0.28280513019921305,97
0,20,14,20,6,23,mse,32,0.05347095870674033,0.05705473705601884,0.06621196402933147,0.3490561716121753,0.28280513019921305,102
0,20,14,20,6,23,mred,31,0.05088395592634172,0.054707993581469855,0.06823849992285833,0.3693981662492948,0.3052174698804877,102
0,20,14,20,7,23,mse,63,0.05039747012311001,0.05422687021744631,0.06504274567524605,0.35922716893073503,0.2940113000398503,107
0,20,14,20,8,23,mse,126,0.05039747012311001,0.05422687021744631,0.06504274567524605,0.35922716893073503,0.2940113000398503,112
0,20,14,20,8,23,mred,125,0.050153700575287966,0.05401525889623081,0.0661143016150749,0.3643126675900149,0.29961438496016907,112
0,20,14,20,9,23,mse,253,0.050869037398627776,0.05465570006964062,0.06492000010522175,0.3566844196010951,0.29120975757969103,117
0,20,14,20,9,23,mred,251,0.05014828904855638,0.05400706757713459,0.06544252124144596,0.36176991826037497,0.29681284250000967,117
0,20,14,20,10,23,mse,506,0.050869037398627776,0.05465570006964062,0.06492000010522175,0.3566844196010951,0.29120975757969103,122
0,20,14,20,10,23,mred,501,0.050115502264655415,0.05397824841306115,0.06574485282875304,0.36304129292519494,0.29821361373008937,122
0,20,14,20,11,23,mse,1012,0.050869037398627776,0.05465570006964062,0.06492000010522175,0.3566844196010951,0.29120975757969103,127
0,20,14,20,11,23,mred,1002,0.050115502264655415,0.05397824841306115,0.06574485282875304,0.36304129292519494,0.29821361373008937,127
0,20,14,22,5,23,mse,17,0.08738024569313013,0.09623677508382328,0.10881981327997883,0.5801411857579463,0.5360105406145814,87
0,20,14,22,6,23,mse,34,0.08738024569313013,0.09623677508382328,0.10881981327997883,0.5801411857579463,0.5360105406145814,90
0,20,14,22,7,23,mse,69,0.08761279584120163,0.0959983332731889,0.10860678229731291,0.5739667914308573,0.5291871662118547,93
0,20,14,22,8,23,mse,137,0.08728584454299983,0.09592589207993019,0.10843174666133801,0.5770539885944018,0.5325988534132181,96
0,20,14,22,9,23,mse,274,0.08728584454299983,0.09592589207993019,0.10843174666133801,0.5770539885944018,0.5325988534132181,99
0,20,14,22,9,23,mred,275,0.08739780146829645,0.09591432989145277,0.10844884152493851,0.5755103900126295,0.5308930098125364,99
0,20,14,22,10,23,mse,549,0.08732991780519754,0.09590878746634057,0.10842267132599459,0.5762821893035157,0.5317459316128772,102
0,20,14,22,11,23,mse,1098,0.08732991780519754,0.09590878746634057,0.10842267132599459,0.5762821893035157,0.5317459316128772,105
0,20,16,14,5,23,mse,15,0.047554809817153806,0.049563009535369344,0.06594188387542774,0.3526259509150955,0.2591048971156958,115
0,20,16,14,6,23,mse,31,0.04952864604317615,0.05186873474823653,0.06145377130395597,0.3310468159455987,0.23440839368621896,126
0,20,16,14,6,23,mred,30,0.047554809817153806,0.049563009535369344,0.06594188387542774,0.3526259509150955,0.2591048971156958,126
0,20,16,14,7,23,mse,61,0.04633664079649259,0.04862967020758967,0.06128371361754358,0.3418363834303471,0.24675664540095738,137
0,20,16,14,8,23,mse,123,0.047409942287298515,0.04976092111332118,0.060740768127694675,0.3364415996879729,0.24058251954358817,148
0,20,16,14,8,23,mred,121,0.046321271158103826,0.048507923659591244,0.06305016997219837,0.3472311671727213,0.2529307712583266,148
0,20,16,14,9,23,mse,246,0.047409942287298515,0.04976092111332118,0.060740768127694675,0.3364415996879729,0.24058251954358817,159
0,20,16,14,9,23,mred,243,0.04619227566826503,0.04844008192167385,0.06201884009755577,0.3445337753015342,0.24984370832964198,159
0,20,16,14,10,23,mse,492,0.047409942287298515,0.04976092111332118,0.060740768127694675,0.3364415996879729,0.24058251954358817,170
0,20,16,14,10,23,mred,485,0.046220926706996394,0.04844004447845738,0.062498297384898184,0.34588247123712773,0.25138723979398425,170
0,20,16,14,11,23,mse,983,0.04721711593926549,0.04956525254127052,0.06073989338166165,0.3371159476557697,0.24135428527575933,181
0,20,16,14,11,23,mred,971,0.046197784584158956,0.04843183117969242,0.06224940632616757,0.345208123269331,0.2506154740618131,181
0,20,16,16,5,23,mse,15,0.047811019596149494,0.049855118650489985,0.06634107316823533,0.3559458178334796,0.2600699132976967,105
0,20,16,16,6,23,mse,31,0.04931591075457677,0.05170023041724747,0.06137898308586059,0.3344773450945956,0.23540557707428655,114
0,20,16,16,6,23,mred,30,0.047811019596149494,0.049855118650489985,0.06634107316823533,0.3559458178334796,0.2600699132976967,114
0,20,16,16,7,23,mse,62,0.04931591075457677,0.05170023041724747,0.06137898308586059,0.3344773450945956,0.23540557707428655,123
0,20,16,16,7,23,mred,61,0.046344504509526235,0.048679736730775754,0.06146557928709473,0.34521158146403763,0.24773774518599162,123
0,20,16,16,8,23,mse,123,0.04730499935211062,0.049697111101075456,0.06079587293500963,0.3398444632793166,0.2415716611301391,132
0,20,16,16,8,23,mred,121,0.04645134069952419,0.04867786576094739,0.06334838102240052,0.35057869964875865,0.2539038292418441,132
0,20,16,16,9,23,mse,246,0.04730499935211062,0.049697111101075456,0.06079587293500963,0.3398444632793166,0.2415716611301391,141
0,20,16,16,9,23,mred,243,0.04626015238274937,0.04854977666098364,0.06226055993879335,0.34789514055639814,0.2508207872139179,141
0,20,16,16,10,23,mse,492,0.04730499935211062,0.049697111101075456,0.06079587293500963,0.3398444632793166,0.2415716611301391,150
0,20,16,16,10,23,mred,486,0.04626015238274937,0.04854977666098364,0.06226055993879335,0.34789514055639814,0.2508207872139179,150
0,20,16,16,11,23,mse,984,0.04730499935211062,0.049697111101075456,0.06079587293500963,0.3398444632793166,0.2415716611301391,159
0,20,16,16,11,23,mred,972,0.04626015238274937,0.04854977666098364,0.06226055993879335,0.34789514055639814,0.2508207872139179,159
0,20,16,18,5,23,mse,15,0.04954018646012812,0.05182348282850412,0.06885613358867279,0.3641169097377631,0.2738574048606214,95
0,20,16,18,6,23,mse,31,0.04816756886404076,0.050861760673681075,0.061133254273922834,0.34292080672902187,0.24965265168930878,102
0,20,16,18,7,23,mse,62,0.04816756886404076,0.050861760673681075,0.061133254273922834,0.34292080672902187,0.24965265168930878,109
0,20,16,18,7,23,mred,61,0.046588899529224743,0.04920510817211232,0.06273799464757222,0.3535188582333925,0.2617550282749651,109
0,20,16,18,8,23,mse,124,0.04816756886404076,0.050861760673681075,0.061133254273922834,0.34292080672902187,0.24965265168930878,116
0,20,16,18,8,23,mred,122,0.046588899529224743,0.04920510817211232,0.06273799464757222,0.3535188582333925,0.2617550282749651,116
0,20,16,18,9,23,mse,247,0.047385796837138436,0.05008139493973383,0.06107476272870456,0.34557031960511453,0.25267824583572285,123
0,20,16,18,9,23,mred,244,0.046588899529224743,0.04920510817211232,0.06273799464757222,0.3535188582333925,0.2617550282749651,123
0,20,16,18,10,23,mse,495,0.04774634368265232,0.050444215571019795,0.061065241810572136,0.3442455631670682,0.25116544876251584,130
0,20,16,18,10,23,mred,489,0.04655980622689418,0.04919657932106583,0.062273988575429054,0.35219410179534616,0.2602422312017581,130
0,20,16,18,11,23,mse,989,0.047558036362854134,0.05025527161115548,0.06106030594142612,0.3449079413860914,0.2519218472991194,137
0,20,16,18,11,23,mred,977,0.046565373912315855,0.04919214740825907,0.062496948521753345,0.35285648001436937,0.2609986297383616,137
0,20,16,20,5,23,mse,16,0.0539434151868212,0.057387908064578476,0.06625914304543885,0.3490561716121753,0.2826095216953213,85
0,20,16,20,6,23,mse,32,0.0539434151868212,0.057387908064578476,0.06625914304543885,0.3490561716121753,0.2826095216953213,90
0,20,16,20,6,23,mred,31,0.050082158346314444,0.053805652158513614,0.06688638742990245,0.3693981662492948,0.30502797414234245,90
0,20,16,20,7,23,mse,63,0.050275018934058446,0.05398204698803111,0.06434912137958287,0.35922716893073503,0.2938187479188319,95
0,20,16,20,7,23,mred,62,0.050082158346314444,0.053805652158513614,0.06688638742990245,0.3693981662492948,0.30502797414234245,95
0,20,16,20,8,23,mse,126,0.050275018934058446,0.05398204698803111,0.06434912137958287,0.35922716893073503,0.2938187479188319,100
0,20,16,20,8,23,mred,125,0.049694027934025525,0.053443812443821834,0.06507298687541056,0.3643126675900149,0.29942336103058714,100
0,20,16,20,9,23,mse,252,0.050275018934058446,0.05398204698803111,0.06434912137958287,0.35922716893073503,0.2938187479188319,105
0,20,16,20,9,23,mred,250,0.049694027934025525,0.053443812443821834,0.06507298687541056,0.3643126675900149,0.29942336103058714,105
0,20,16,20,10,23,mse,505,0.05056674957665301,0.0542503035889719,0.06434392039699043,0.35795579426591506,0.29241759464089306,110
0,20,16,20,10,23,mred,500,0.049694027934025525,0.053443812443821834,0.06507298687541056,0.3643126675900149,0.29942336103058714,110
0,20,16,20,11,23,mse,1009,0.050415409610048575,0.05411076777163497,0.06433768080387052,0.35859148159832505,0.29311817127986245,115
0,20,16,20,11,23,mred,1000,0.049694027934025525,0.053443812443821834,0.06507298687541056,0.3643126675900149,0.29942336103058714,115
0,20,16,22,5,23,mse,17,0.08655986350772578,0.09527473605262818,0.1076808342136767,0.5801411857579463,0.5337786377827881,75
0,20,16,22,6,23,mse,34,0.08655986350772578,0.09527473605262818,0.1076808342136767,0.5801411857579463,0.5337786377827881,78
0,20,16,22,7,23,mse,68,0.08655986350772578,0.09527473605262818,0.1076808342136767,0.5801411857579463,0.5337786377827881,81
0,20,16,22,8,23,mse,137,0.08660987041864264,0.0950967611915032,0.1074756638569869,0.5770539885944018,0.5303505395311909,84
0,20,16,22,9,23,mse,274,0.08660987041864264,0.0950967611915032,0.1074756638569869,0.5770539885944018,0.5303505395311909,87
0,20,16,22,10,23,mse,547,0.08655818655519044,0.09510549778165805,0.10747339860915012,0.5778257878852879,0.5312075640940902,90
0,20,16,22,10,23,mred,548,0.08660987041864264,0.0950967611915032,0.1074756638569869,0.5770539885944018,0.5303505395311909,90
0,20,16,22,11,23,mse,1095,0.08658056605827094,0.09509803161494851,0.10747006386813251,0.5774398882398448,0.5307790518126405,93
0,20,16,22,11,23,mred,1096,0.08660987041864264,0.0950967611915032,0.1074756638569869,0.5770539885944018,0.5303505395311909,93
0,20,18,14,5,23,mse,15,0.04647704375606554,0.04811953481588169,0.06342768067338733,0.34192463868683,0.24992041945284044,103
0,20,18,14,6,23,mse,31,0.05236093123202405,0.054300878044582626,0.06341761172754287,0.3199887933097243,0.22491776676793512,114
0,20,18,14,6,23,mred,30,0.04647704375606554,0.04811953481588169,0.06342768067338733,0.34192463868683,0.24992041945284044,114
0,20,18,14,7,23,mse,61,0.04742430425646124,0.049327694304116085,0.06091788284717699,0.33095671599827714,0.23741909311038778,125
0,20,18,14,7,23,mred,60,0.04647704375606554,0.04811953481588169,0.06342768067338733,0.34192463868683,0.24992041945284044,125
0,20,18,14,8,23,mse,122,0.04742430425646124,0.049327694304116085,0.06091788284717699,0.33095671599827714,0.23741909311038778,136
0,20,18,14,8,23,mred,120,0.04647704375606554,0.04811953481588169,0.06342768067338733,0.34192463868683,0.24992041945284044,136
0,20,18,14,9,23,mse,244,0.04742430425646124,0.049327694304116085,0.06091788284717699,0.33095671599827714,0.23741909311038778,147
0,20,18,14,9,23,mred,241,0.04628801000927933,0.04801612794210218,0.06234303842054716,0.3391826580146918,0.2467950878672273,147
0,20,18,14,10,23,mse,488,0.04742430425646124,0.049327694304116085,0.06091788284717699,0.33095671599827714,0.23741909311038778,158
0,20,18,14,10,23,mred,482,0.04628801000927933,0.04801612794210218,0.06234303842054716,0.3391826580146918,0.2467950878672273,158
0,20,18,14,11,23,mse,976,0.04742430425646124,0.049327694304116085,0.06091788284717699,0.33095671599827714,0.23741909311038778,169
0,20,18,14,11,23,mred,963,0.04630256818431161,0.04801199563471922,0.06258680986070814,0.33986815318272634,0.2475764207636306,169
0,20,18,16,5,23,mse,15,0.04647704375606554,0.04811953481588169,0.06342768067338733,0.34192463868683,0.24992041945284044,93
0,20,18,16,6,23,mse,31,0.05236093123202405,0.054300878044582626,0.06341761172754287,0.3199887933097243,0.22491776676793512,102
0,20,18,16,6,23,mred,30,0.04647704375606554,0.04811953481588169,0.06342768067338733,0.34192463868683,0.24992041945284044,102
0,20,18,16,7,23,mse,61,0.04742430425646124,0.049327694304116085,0.06091788284717699,0.33095671599827714,0.23741909311038778,111
0,20,18,16,7,23,mred,60,0.04647704375606554,0.04811953481588169,0.06342768067338733,0.34192463868683,0.24992041945284044,111
0,20,18,16,8,23,mse,122,0.04742430425646124,0.049327694304116085,0.06091788284717699,0.33095671599827714,0.23741909311038778,120
0,20,18,16,8,23,mred,120,0.04647704375606554,0.04811953481588169,0.06342768067338733,0.34192463868683,0.24992041945284044,120
0,20,18,16,9,23,mse,244,0.04742430425646124,0.049327694304116085,0.06091788284717699,0.33095671599827714,0.23741909311038778,129
0,20,18,16,9,23,mred,241,0.04628801000927933,0.04801612794210218,0.06234303842054716,0.3391826580146918,0.2467950878672273,129
0,20,18,16,10,23,mse,488,0.04742430425646124,0.049327694304116085,0.06091788284717699,0.33095671599827714,0.23741909311038778,138
0,20,18,16,10,23,mred,482,0.04628801000927933,0.04801612794210218,0.06234303842054716,0.3391826580146918,0.2467950878672273,138
0,20,18,16,11,23,mse,976,0.04742430425646124,0.049327694304116085,0.06091788284717699,0.33095671599827714,0.23741909311038778,147
0,20,18,16,11,23,mred,963,0.04630256818431161,0.04801199563471922,0.06258680986070814,0.33986815318272634,0.2475764207636306,147
0,20,18,18,5,23,mse,15,0.0470295192915665,0.04881453255910392,0.06461642750809148,0.3548280771439509,0.2616633102592528,83
0,20,18,18,6,23,mse,31,0.051181330412482566,0.05327026339453872,0.06265444302189707,0.33332234638208263,0.23705208726789453,90
0,20,18,18,6,23,mred,30,0.0470295192915665,0.04881453255910392,0.06461642750809148,0.3548280771439509,0.2616633102592528,90
0,20,18,18,7,23,mse,61,0.04704602789928858,0.04909192612635987,0.061163973842680235,0.3440752117630168,0.2493576987635737,97
0,20,18,18,7,23,mred,60,0.0470295192915665,0.04881453255910392,0.06461642750809148,0.3548280771439509,0.2616633102592528,97
0,20,18,18,8,23,mse,122,0.04704602789928858,0.04909192612635987,0.061163973842680235,0.3440752117630168,0.2493576987635737,104
0,20,18,18,8,23,mred,121,0.04649141538901055,0.04843770557795525,0.06229612654361987,0.34945164445348387,0.25551050451141327,104
0,20,18,18,9,23,mse,245,0.04772389891942429,0.04979897914793187,0.06106681763830439,0.3413869954177833,0.2462812958896539,111
0,20,18,18,9,23,mred,242,0.04649141538901055,0.04843770557795525,0.06229612654361987,0.34945164445348387,0.25551050451141327,111
0,20,18,18,10,23,mse,490,0.04772389891942429,0.04979897914793187,0.06106681763830439,0.3413869954177833,0.2462812958896539,118
0,20,18,18,10,23,mred,483,0.046522432018203705,0.04843420734331771,0.06276880691798152,0.35079575262610063,0.2570487059483731,118
0,20,18,18,11,23,mse,979,0.04753165665429801,0.04960029898109287,0.06106143884403142,0.34205904950409166,0.24705039660813383,125
0,20,18,18,11,23,mred,967,0.04649885275314988,0.04842823063041348,0.06252324896565076,0.35012369853979225,0.2562796052298932,125
0,20,18,20,5,23,mse,16,0.05811169057828354,0.06102977876601859,0.06983482511494965,0.3464002122581831,0.2681789176969006,73
0,20,18,20,5,23,mred,15,0.05626425625204774,0.05901933941709274,0.07639813467616066,0.3872501989920467,0.31391773534084433,73
0,20,18,20,6,23,mse,31,0.049700955709236654,0.052973713581684435,0.06455068194356035,0.36682520562511495,0.29104832651887247,78
0,20,18,20,7,23,mse,62,0.049700955709236654,0.052973713581684435,0.06455068194356035,0.36682520562511495,0.29104832651887247,83
0,20,18,20,8,23,mse,125,0.05058932313759171,0.053860462643529255,0.06419652571146967,0.361718957283382,0.28533097431337945,88
0,20,18,20,8,23,mred,124,0.049700955709236654,0.052973713581684435,0.06455068194356035,0.36682520562511495,0.29104832651887247,88
0,20,18,20,9,23,mse,250,0.05058932313759171,0.053860462643529255,0.06419652571146967,0.361718957283382,0.28533097431337945,93
0,20,18,20,9,23,mred,247,0.0496064687770042,0.052855616194576543,0.06515650408870341,0.3693783297959814,0.2939070026216189,93
0,20,18,20,10,23,mse,499,0.050291761930750724,0.05356729159660892,0.06417669184942451,0.3629955193688152,0.28676031236475275,98
0,20,18,20,10,23,mred,494,0.0496064687770042,0.052855616194576543,0.06515650408870341,0.3693783297959814,0.2939070026216189,98
0,20,18,20,11,23,mse,998,0.050291761930750724,0.05356729159660892,0.06417669184942451,0.3629955193688152,0.28676031236475275,103
0,20,18,20,11,23,mred,988,0.0496064687770042,0.052855616194576543,0.06515650408870341,0.3693783297959814,0.2939070026216189,103
0,20,18,22,5,23,mse,17,0.08409430696276671,0.09212130811019598,0.10424341435821718,0.5737646032407383,0.5305839552987862,63
0,20,18,22,6,23,mse,34,0.08409430696276671,0.09212130811019598,0.10424341435821718,0.5737646032407383,0.5305839552987862,66
0,20,18,22,7,23,mse,68,0.08409430696276671,0.09212130811019598,0.10424341435821718,0.5737646032407383,0.5305839552987862,69
0,20,18,22,8,23,mse,135,0.08384545368284668,0.0920629058659772,0.1042007648181956,0.5768986870404387,0.5340355438627656,72
0,20,18,22,9,23,mse,271,0.08390692244796943,0.09203946170693034,0.10414674683064756,0.5753316451405885,0.5323097495807759,75
0,20,18,22,10,23,mse,542,0.08390692244796943,0.09203946170693034,0.10414674683064756,0.5753316451405885,0.5323097495807759,78
0,20,18,22,10,23,mred,541,0.0838622404995163,0.09203935758684101,0.10415491945983262,0.5761151660905136,0.5331726467217708,78
0,20,18,22,11,23,mse,1083,0.08388078925135312,0.09203641142225708,0.10414612254161783,0.575723405615551,0.5327411981512734,81
0,20,20,14,5,23,mse,15,0.05402183585434414,0.05456630244464805,0.06731919127758101,0.25384122237960843,0.18529965040703592,91
0,20,20,14,6,23,mse,30,0.05402183585434414,0.05456630244464805,0.06731919127758101,0.25384122237960843,0.18529965040703592,102
0,20,20,14,6,23,mred,29,0.05033882669485079,0.04979308041659987,0.06951141526057461,0.2787131816336215,0.21072919333609383,102
0,20,20,14,7,23,mse,59,0.05007373137487701,0.05018150346671507,0.06596706583241094,0.266277202006615,0.1971210759798196,113
0,20,20,14,7,23,mred,58,0.05033882669485079,0.04979308041659987,0.06951141526057461,0.2787131816336215,0.21072919333609383,113
0,20,20,14,8,23,mse,118,0.05007373137487701,0.05018150346671507,0.06596706583241094,0.266277202006615,0.1971210759798196,124
0,20,20,14,8,23,mred,117,0.04964837572838926,0.04945763383940806,0.06715053954319954,0.2724951918201182,0.2039251346579567,124
0,20,20,14,9,23,mse,237,0.050692151439608965,0.05092895044383694,0.06583916725933421,0.2631682070998633,0.193719046640751,135
0,20,20,14,9,23,mred,234,0.04964837572838926,0.04945763383940806,0.06715053954319954,0.2724951918201182,0.2039251346579567,135
0,20,20,14,10,23,mse,474,0.050692151439608965,0.05092895044383694,0.06583916725933421,0.2631682070998633,0.193719046640751,146
0,20,20,14,10,23,mred,467,0.049722102653882674,0.0494473900276859,0.06763414258029912,0.27404968927349405,0.20562614932749096,146
0,20,20,14,11,23,mse,948,0.050692151439608965,0.05092895044383694,0.06583916725933421,0.2631682070998633,0.193719046640751,157
0,20,20,14,11,23,mred,935,0.049675908999497004,0.049443413906945635,0.06738320452832525,0.27327244054680616,0.20477564199272386,157
0,20,20,16,5,23,mse,15,0.05402183585434414,0.05456630244464805,0.06731919127758101,0.25384122237960843,0.18529965040703592,81
0,20,20,16,6,23,mse,30,0.05402183585434414,0.05456630244464805,0.06731919127758101,0.25384122237960843,0.18529965040703592,90
0,20,20,16,6,23,mred,29,0.05033882669485079,0.04979308041659987,0.06951141526057461,0.2787131816336215,0.21072919333609383,90
0,20,20,16,7,23,mse,59,0.05007373137487701,0.05018150346671507,0.06596706583241094,0.266277202006615,0.1971210759798196,99
0,20,20,16,7,23,mred,58,0.05033882669485079,0.04979308041659987,0.06951141526057461,0.2787131816336215,0.21072919333609383,99
0,20,20,16,8,23,mse,118,0.05007373137487701,0.05018150346671507,0.06596706583241094,0.266277202006615,0.1971210759798196,108
0,20,20,16,8,23,mred,117,0.04964837572838926,0.04945763383940806,0.06715053954319954,0.2724951918201182,0.2039251346579567,108
0,20,20,16,9,23,mse,237,0.050692151439608965,0.05092895044383694,0.06583916725933421,0.2631682070998633,0.193719046640751,117
0,20,20,16,9,23,mred,234,0.04964837572838926,0.04945763383940806,0.06715053954319954,0.2724951918201182,0.2039251346579567,117
0,20,20,16,10,23,mse,474,0.050692151439608965,0.05092895044383694,0.06583916725933421,0.2631682070998633,0.193719046640751,126
0,20,20,16,10,23,mred,467,0.049722102653882674,0.0494473900276859,0.06763414258029912,0.27404968927349405,0.20562614932749096,126
0,20,20,16,11,23,mse,948,0.050692151439608965,0.05092895044383694,0.06583916725933421,0.2631682070998633,0.193719046640751,135
0,20,20,16,11,23,mred,935,0.049675908999497004,0.049443413906945635,0.06738320452832525,0.27327244054680616,0.20477564199272386,135
0,20,20,18,5,23,mse,15,0.05402183585434414,0.05456630244464805,0.06731919127758101,0.25384122237960843,0.18529965040703592,71
0,20,20,18,6,23,mse,30,0.05402183585434414,0.05456630244464805,0.06731919127758101,0.25384122237960843,0.18529965040703592,78
0,20,20,18,6,23,mred,29,0.05033882669485079,0.04979308041659987,0.06951141526057461,0.2787131816336215,0.21072919333609383,78
0,20,20,18,7,23,mse,59,0.05007373137487701,0.05018150346671507,0.06596706583241094,0.266277202006615,0.1971210759798196,85
0,20,20,18,7,23,mred,58,0.05033882669485079,0.04979308041659987,0.06951141526057461,0.2787131816336215,0.21072919333609383,85
0,20,20,18,8,23,mse,118,0.05007373137487701,0.05018150346671507,0.06596706583241094,0.266277202006615,0.1971210759798196,92
0,20,20,18,8,23,mred,117,0.04964837572838926,0.04945763383940806,0.06715053954319954,0.2724951918201182,0.2039251346579567,92
0,20,20,18,9,23,mse,237,0.050692151439608965,0.05092895044383694,0.06583916725933421,0.2631682070998633,0.193719046640751,99
0,20,20,18,9,23,mred,234,0.04964837572838926,0.04945763383940806,0.06715053954319954,0.2724951918201182,0.2039251346579567,99
0,20,20,18,10,23,mse,474,0.050692151439608965,0.05092895044383694,0.06583916725933421,0.2631682070998633,0.193719046640751,106
0,20,20,18,10,23,mred,467,0.049722102653882674,0.0494473900276859,0.06763414258029912,0.27404968927349405,0.20562614932749096,106
0,20,20,18,11,23,mse,948,0.050692151439608965,0.05092895044383694,0.06583916725933421,0.2631682070998633,0.193719046640751,113
0,20,20,18,11,23,mred,935,0.049675908999497004,0.049443413906945635,0.06738320452832525,0.27327244054680616,0.20477564199272386,113
0,20,20,20,5,23,mse,15,0.05198162186065613,0.05285328446676705,0.06724100381384758,0.30358514088763455,0.23164722979006958,61
0,20,20,20,6,23,mse,30,0.05198162186065613,0.05285328446676705,0.06724100381384758,0.30358514088763455,0.23164722979006958,66
0,20,20,20,7,23,mse,60,0.05198162186065613,0.05285328446676705,0.06724100381384758,0.30358514088763455,0.23164722979006958,71
0,20,20,20,7,23,mred,59,0.05127569409126265,0.05166009921091218,0.0696279837730489,0.315192055206174,0.2444531092935684,71
0,20,20,20,8,23,mse,120,0.05198162186065613,0.05285328446676705,0.06724100381384758,0.30358514088763455,0.23164722979006958,76
0,20,20,20,8,23,mred,118,0.05127569409126265,0.05166009921091218,0.0696279837730489,0.315192055206174,0.2444531092935684,76
0,20,20,20,9,23,mse,240,0.05198162186065613,0.05285328446676705,0.06724100381384758,0.30358514088763455,0.23164722979006958,81
0,20,20,20,9,23,mred,237,0.05105604126001108,0.05158104991021223,0.06860085936303875,0.3122903266265391,0.24125163941769368,81
0,20,20,20,10,23,mse,480,0.05198162186065613,0.05285328446676705,0.06724100381384758,0.30358514088763455,0.23164722979006958,86
0,20,20,20,10,23,mred,474,0.05105604126001108,0.05158104991021223,0.06860085936303875,0.3122903266265391,0.24125163941769368,86
0,20,20,20,11,23,mse,960,0.05198162186065613,0.05285328446676705,0.06724100381384758,0.30358514088763455,0.23164722979006958,91
0,20,20,20,11,23,mred,947,0.05108451863030805,0.05157519025457067,0.06883170464301765,0.3130157587714478,0.24205200688666237,91
0,20,20,22,5,23,mse,16,0.07874187107045015,0.0843965955301325,0.09846863725888112,0.575518562064844,0.531670692443471,51
0,20,20,22,6,23,mse,32,0.07874187107045015,0.0843965955301325,0.09846863725888112,0.575518562064844,0.531670692443471,54
0,20,20,22,7,23,mse,65,0.07848213382909897,0.08407049340633273,0.0974572488937229,0.5688860395971072,0.5243530470129002,57
0,20,20,22,8,23,mse,130,0.07848213382909897,0.08407049340633273,0.0974572488937229,0.5688860395971072,0.5243530470129002,60
0,20,20,22,8,23,mred,129,0.07833413521540256,0.08398588243905036,0.0976138775501825,0.5722023008309756,0.5280118697281856,60
0,20,20,22,9,23,mse,259,0.07833429317402557,0.0839619611484465,0.09744773477643681,0.5705441702140414,0.5261824583705429,63
0,20,20,22,10,23,mse,519,0.07838527477508336,0.08399589347429642,0.09743051567256135,0.5697151049055742,0.5252677526917215,66
0,20,20,22,10,23,mred,517,0.07831787977276905,0.08395913780694517,0.09750888292071501,0.5713732355225084,0.5270971640493642,66
0,20,20,22,11,23,mse,1038,0.07838527477508336,0.08399589347429642,0.09743051567256135,0.5697151049055742,0.5252677526917215,69
0,20,20,22,11,23,mred,1035,0.07832176802197921,0.08395662580797958,0.09747282149365312,0.5709587028682749,0.5266398112099536,69
0,20,22,14,5,23,mse,13,0.09919362358759048,0.09309208367293831,0.12814701848597426,0.3611626083418255,0.25084332970594186,79
0,20,22,14,6,23,mse,26,0.09919362358759048,0.09309208367293831,0.12814701848597426,0.3611626083418255,0.25084332970594186,90
0,20,22,14,6,23,mred,25,0.10285128972784088,0.09213850782494643,0.13972689560003249,0.3088102003286784,0.25740727176543005,90
0,20,22,14,7,23,mse,53,0.10045083934341843,0.0966886908257765,0.12688647072063583,0.3873388123483991,0.2627328007060084,101
0,20,22,14,7,23,mred,51,0.09992732675362846,0.09151109835336874,0.13252471963451132,0.33498640433525195,0.24951739908097925,101
0,20,22,14,8,23,mse,106,0.10045083934341843,0.0966886908257765,0.12688647072063583,0.3873388123483991,0.2627328007060084,112
0,20,22,14,8,23,mred,102,0.09992732675362846,0.09151109835336874,0.13252471963451132,0.33498640433525195,0.24951739908097925,112
0,20,22,14,9,23,mse,212,0.10045083934341843,0.0966886908257765,0.12688647072063583,0.3873388123483991,0.2627328007060084,123
0,20,22,14,9,23,mred,203,0.1004590471683495,0.09146384902530925,0.1340751994166605,0.32844235333360855,0.25147343996575666,123
0,20,22,14,10,23,mse,423,0.1001821245374809,0.09612996389667913,0.12686818542842843,0.3840667868475774,0.2597546573081169,134
0,20,22,14,10,23,mred,406,0.1004590471683495,0.09146384902530925,0.1340751994166605,0.32844235333360855,0.25147343996575666,134
0,20,22,14,11,23,mse,846,0.1001821245374809,0.09612996389667913,0.12686818542842843,0.3840667868475774,0.2597546573081169,145
0,20,22,14,11,23,mred,812,0.1004590471683495,0.09146384902530925,0.1340751994166605,0.32844235333360855,0.25147343996575666,145
0,20,22,16,5,23,mse,13,0.09919362358759048,0.09309208367293831,0.12814701848597426,0.3611626083418255,0.25084332970594186,69
0,20,22,16,6,23,mse,26,0.09919362358759048,0.09309208367293831,0.12814701848597426,0.3611626083418255,0.25084332970594186,78
0,20,22,16,6,23,mred,25,0.10285128972784088,0.09213850782494643,0.13972689560003249,0.3088102003286784,0.25740727176543005,78
0,20,22,16,7,23,mse,53,0.10045083934341843,0.0966886908257765,0.12688647072063583,0.3873388123483991,0.2627328007060084,87
0,20,22,16,7,23,mred,51,0.09992732675362846,0.09151109835336874,0.13252471963451132,0.33498640433525195,0.24951739908097925,87
0,20,22,16,8,23,mse,106,0.10045083934341843,0.0966886908257765,0.12688647072063583,0.3873388123483991,0.2627328007060084,96
0,20,22,16,8,23,mred,102,0.09992732675362846,0.09151109835336874,0.13252471963451132,0.33498640433525195,0.24951739908097925,96
0,20,22,16,9,23,mse,212,0.10045083934341843,0.0966886908257765,0.12688647072063583,0.3873388123483991,0.2627328007060084,105
0,20,22,16,9,23,mred,203,0.1004590471683495,0.09146384902530925,0.1340751994166605,0.32844235333360855,0.25147343996575666,105
0,20,22,16,10,23,mse,423,0.1001821245374809,0.09612996389667913,0.12686818542842843,0.3840667868475774,0.2597546573081169,114
0,20,22,16,10,23,mred,406,0.1004590471683495,0.09146384902530925,0.1340751994166605,0.32844235333360855,0.25147343996575666,114
0,20,22,16,11,23,mse,846,0.1001821245374809,0.09612996389667913,0.12686818542842843,0.3840667868475774,0.2597546573081169,123
0,20,22,16,11,23,mred,812,0.1004590471683495,0.09146384902530925,0.1340751994166605,0.32844235333360855,0.25147343996575666,123
0,20,22,18,5,23,mse,13,0.09919362358759048,0.09309208367293831,0.12814701848597426,0.3611626083418255,0.25084332970594186,59
0,20,22,18,6,23,mse,26,0.09919362358759048,0.09309208367293831,0.12814701848597426,0.3611626083418255,0.25084332970594186,66
0,20,22,18,6,23,mred,25,0.10285128972784088,0.09213850782494643,0.13972689560003249,0.3088102003286784,0.25740727176543005,66
0,20,22,18,7,23,mse,53,0.10045083934341843,0.0966886908257765,0.12688647072063583,0.3873388123483991,0.2627328007060084,73
0,20,22,18,7,23,mred,51,0.09992732675362846,0.09151109835336874,0.13252471963451132,0.33498640433525195,0.24951739908097925,73
0,20,22,18,8,23,mse,106,0.10045083934341843,0.0966886908257765,0.12688647072063583,0.3873388123483991,0.2627328007060084,80
0,20,22,18,8,23,mred,102,0.09992732675362846,0.09151109835336874,0.13252471963451132,0.33498640433525195,0.24951739908097925,80
0,20,22,18,9,23,mse,212,0.10045083934341843,0.0966886908257765,0.12688647072063583,0.3873388123483991,0.2627328007060084,87
0,20,22,18,9,23,mred,203,0.1004590471683495,0.09146384902530925,0.1340751994166605,0.32844235333360855,0.25147343996575666,87
0,20,22,18,10,23,mse,423,0.1001821245374809,0.09612996389667913,0.12686818542842843,0.3840667868475774,0.2597546573081169,94
0,20,22,18,10,23,mred,406,0.1004590471683495,0.09146384902530925,0.1340751994166605,0.32844235333360855,0.25147343996575666,94
0,20,22,18,11,23,mse,846,0.1001821245374809,0.09612996389667913,0.12686818542842843,0.3840667868475774,0.2597546573081169,101
0,20,22,18,11,23,mred,812,0.1004590471683495,0.09146384902530925,0.1340751994166605,0.32844235333360855,0.25147343996575666,101
0,20,22,20,5,23,mse,13,0.0996781261458119,0.09209512081398145,0.130998329381013,0.3611626083418255,0.25046436906326885,49
0,20,22,20,6,23,mse,27,0.10173312600609927,0.09864725663460815,0.12761948577185042,0.4135150163549727,0.28266907013742776,54
0,20,22,20,6,23,mred,26,0.0996781261458119,0.09209512081398145,0.130998329381013,0.3611626083418255,0.25046436906326885,54
0,20,22,20,7,23,mse,54,0.10173312600609927,0.09864725663460815,0.12761948577185042,0.4135150163549727,0.28266907013742776,59
0,20,22,20,7,23,mred,51,0.10175162027870716,0.09193833952069042,0.1371021435577179,0.33498640433525195,0.25292586723923727,59
0,20,22,20,8,23,mse,107,0.10052906344723793,0.09634051093498996,0.1273000793942198,0.40042691435168587,0.2707925046731923,64
0,20,22,20,8,23,mred,103,0.1004174692503454,0.09171672825574767,0.13371170464874932,0.34807450633853876,0.2508451396830233,64
0,20,22,20,9,23,mse,214,0.10052906344723793,0.09634051093498996,0.1273000793942198,0.40042691435168587,0.2707925046731923,69
0,20,22,20,9,23,mred,206,0.1004174692503454,0.09171672825574767,0.13371170464874932,0.34807450633853876,0.2508451396830233,69
0,20,22,20,10,23,mse,428,0.10052906344723793,0.09634051093498996,0.1273000793942198,0.40042691435168587,0.2707925046731923,74
0,20,22,20,10,23,mred,412,0.1004174692503454,0.09171672825574767,0.13371170464874932,0.34807450633853876,0.2508451396830233,74
0,20,22,20,11,23,mse,857,0.10065391644923212,0.09660530769792752,0.1272971128797147,0.40206292710209673,0.27227707535622175,79
0,20,22,20,11,23,mred,823,0.10055280314890351,0.09171241205026186,0.13409943718358502,0.3464384935881279,0.25068742616419837,79
0,20,22,22,5,23,mse,14,0.10541100081623092,0.09933999300145412,0.13530936011958308,0.30790146353631126,0.2654760782983741,39
0,20,22,22,6,23,mse,29,0.10591869357373657,0.10297651750253996,0.13252266901368012,0.35461223009117954,0.29655122259105415,42
0,20,22,22,6,23,mred,28,0.10541100081623092,0.09933999300145412,0.13530936011958308,0.30790146353631126,0.2654760782983741,42
0,20,22,22,7,23,mse,58,0.10591869357373657,0.10297651750253996,0.13252266901368012,0.35461223009117954,0.29655122259105415,45
0,20,22,22,7,23,mred,56,0.10541100081623092,0.09933999300145412,0.13530936011958308,0.30790146353631126,0.2654760782983741,45
0,20,22,22,8,23,mse,115,0.10505950712517267,0.10134596510438507,0.1322476372742396,0.34293453845246247,0.2853740568790623,48
0,20,22,22,8,23,mred,112,0.10541100081623092,0.09933999300145412,0.13530936011958308,0.30790146353631126,0.2654760782983741,48
0,20,22,22,9,23,mse,230,0.10505950712517267,0.10134596510438507,0.1322476372742396,0.34293453845246247,0.2853740568790623,51
0,20,22,22,9,23,mred,224,0.10541100081623092,0.09933999300145412,0.13530936011958308,0.30790146353631126,0.2654760782983741,51
0,20,22,22,10,23,mse,460,0.10505950712517267,0.10134596510438507,0.1322476372742396,0.34293453845246247,0.2853740568790623,54
0,20,22,22,10,23,mred,449,0.10521253707690256,0.09933805144517649,0.1348366011687375,0.31082088644599054,0.26517258175374453,54
0,20,22,22,11,23,mse,921,0.10514605775962668,0.10152892789938536,0.13224629440042057,0.3443942499073021,0.2867712025930613,57
0,20,22,22,11,23,mred,897,0.10530846518805018,0.0993357227834476,0.13506818601610407,0.3093611749911509,0.26510197355352916,57
0,22,14,14,5,23,mse,17,0.10440903826295514,0.10909185919519535,0.12638999658945285,0.45605203616453555,0.39371019405092517,115
0,22,14,14,6,23,mse,35,0.10294849351289118,0.1081715263624048,0.12315957898336516,0.4400535666399631,0.37587814093477595,126
0,22,14,14,7,23,mse,70,0.10294849351289118,0.1081715263624048,0.12315957898336516,0.4400535666399631,0.37587814093477595,137
0,22,14,14,7,23,mred,69,0.10303502599499087,0.10803888426957084,0.12383949449721741,0.4480528014022493,0.38479416749285056,137
0,22,14,14,8,23,mse,140,0.10294849351289118,0.1081715263624048,0.12315957898336516,0.4400535666399631,0.37587814093477595,148
0,22,14,14,8,23,mred,139,0.10284095714722771,0.1079684921985112,0.12326178282022142,0.44405318402110616,0.3803361542138132,148
0,22,14,14,9,23,mse,279,0.10285718011980252,0.10803550924269037,0.12315103933426097,0.4420533753305346,0.3781071475742946,159
0,22,14,14,9,23,mred,278,0.10284095714722771,0.1079684921985112,0.12326178282022142,0.44405318402110616,0.3803361542138132,159
0,22,14,14,10,23,mse,559,0.10289351361817783,0.10809476733569813,0.12314039219358122,0.44105347098524883,0.37699264425453527,170
0,22,14,14,10,23,mred,555,0.10286175690554578,0.1079615465458318,0.12336179886581777,0.44505308836639196,0.3814506575335726,170
0,22,14,14,11,23,mse,1118,0.10289351361817783,0.10809476733569813,0.12314039219358122,0.44105347098524883,0.37699264425453527,181
0,22,14,14,11,23,mred,1110,0.10286175690554578,0.1079615465458318,0.12336179886581777,0.44505308836639196,0.3814506575335726,181
0,22,14,16,5,23,mse,17,0.10475238125165892,0.1094683556589994,0.12692176184754123,0.46022554995355447,0.3965049067552081,105
0,22,14,16,6,23,mse,35,0.10306654569526708,0.10832289719333682,0.12334312567669699,0.4443498308345413,0.37875505107153773,114
0,22,14,16,7,23,mse,70,0.10306654569526708,0.10832289719333682,0.12334312567669699,0.4443498308345413,0.37875505107153773,123
0,22,14,16,7,23,mred,69,0.1032657836586208,0.10830360371968394,0.12420491638310609,0.4522876903940479,0.3876299789133729,123
0,22,14,16,8,23,mse,140,0.10306654569526708,0.10832289719333682,0.12334312567669699,0.4443498308345413,0.37875505107153773,132
0,22,14,16,8,23,mred,139,0.10301288704825778,0.108176057851369,0.1235377542732457,0.44831876061429465,0.3831925149924554,132
0,22,14,16,9,23,mse,280,0.10306654569526708,0.10832289719333682,0.12334312567669699,0.4443498308345413,0.37875505107153773,141
0,22,14,16,9,23,mred,278,0.10301288704825778,0.108176057851369,0.1235377542732457,0.44831876061429465,0.3831925149924554,141
0,22,14,16,10,23,mse,560,0.10306654569526708,0.10832289719333682,0.12334312567669699,0.4443498308345413,0.37875505107153773,150
0,22,14,16,10,23,mred,556,0.10301288704825778,0.108176057851369,0.1235377542732457,0.44831876061429465,0.3831925149924554,150
0,22,14,16,11,23,mse,1119,0.10304224266296118,0.10828817937799398,0.12334148390933293,0.4448459470570105,0.37930973406165247,159
0,22,14,16,11,23,mred,1112,0.10301288704825778,0.108176057851369,0.1235377542732457,0.44831876061429465,0.3831925149924554,159
0,22,14,18,5,23,mse,18,0.10580007213947464,0.11131192080639786,0.12673667945260325,0.43855582130350385,0.36601205157252303,95
0,22,14,18,5,23,mred,17,0.10636653940804405,0.11115363507958644,0.1292511926324015,0.46974716456442034,0.40123360426293847,95
0,22,14,18,6,23,mse,35,0.10367835812084339,0.10903874437628747,0.1243251966957612,0.45415149293396206,0.3836228279177307,102
0,22,14,18,7,23,mse,70,0.10367835812084339,0.10903874437628747,0.1243251966957612,0.45415149293396206,0.3836228279177307,109
0,22,14,18,8,23,mse,141,0.10379630034856649,0.10923671536578904,0.1242346511150694,0.4502525750263475,0.37922013383142883,116
0,22,14,18,8,23,mred,140,0.10367835812084339,0.10903874437628747,0.1243251966957612,0.45415149293396206,0.3836228279177307,116
0,22,14,18,9,23,mse,281,0.10370187291888996,0.10910476621154165,0.12422162807682069,0.4522020339801548,0.3814214808745798,123
0,22,14,18,9,23,mred,280,0.10367835812084339,0.10903874437628747,0.1243251966957612,0.45415149293396206,0.3836228279177307,123
0,22,14,18,10,23,mse,563,0.1037395821346554,0.10916187490382542,0.12421356023596272,0.45122730450325116,0.38032080735300433,130
0,22,14,18,10,23,mred,559,0.10369953997140091,0.10903527068762686,0.124420624694062,0.45512622241086576,0.3847235014393062,130
0,22,14,18,11,23,mse,1126,0.1037395821346554,0.10916187490382542,0.12421356023596272,0.45122730450325116,0.38032080735300433,137
0,22,14,18,11,23,mred,1119,0.10368609828786757,0.10903439347434853,0.12436927936796163,0.4546388576724139,0.3841731646785185,137
0,22,14,20,5,23,mse,18,0.10699418798787193,0.11309268031498321,0.12854086038492782,0.45604980503842113,0.39390758233295436,85
0,22,14,20,6,23,mse,36,0.10699418798787193,0.11309268031498321,0.12854086038492782,0.45604980503842113,0.39390758233295436,90
0,22,14,20,7,23,mse,72,0.10699418798787193,0.11309268031498321,0.12854086038492782,0.45604980503842113,0.39390758233295436,95
0,22,14,20,8,23,mse,144,0.10699418798787193,0.11309268031498321,0.12854086038492782,0.45604980503842113,0.39390758233295436,100
0,22,14,20,8,23,mred,143,0.10700145848869416,0.11304820090316867,0.12871214197592204,0.4598272369478765,0.3981165574556421,100
0,22,14,20,9,23,mse,288,0.10699418798787193,0.11309268031498321,0.12854086038492782,0.45604980503842113,0.39390758233295436,105
0,22,14,20,9,23,mred,287,0.10696442592784117,0.11304114443113426,0.1285727291474258,0.4579385209931488,0.39601206989429827,105
0,22,14,20,10,23,mse,576,0.10699418798787193,0.11309268031498321,0.12854086038492782,0.45604980503842113,0.39390758233295436,110
0,22,14,20,10,23,mred,573,0.10697337286602192,0.11303630146003664,0.12862900808628672,0.45888287897051266,0.3970643136749702,110
0,22,14,20,11,23,mse,1151,0.10698054425431536,0.11307437125500272,0.12853873633172322,0.45652198402710303,0.3944337042232903,115
0,22,14,20,11,23,mred,1146,0.10697337286602192,0.11303630146003664,0.12862900808628672,0.45888287897051266,0.3970643136749702,115
0,22,14,22,5,23,mse,20,0.13911280831089592,0.15098589800892875,0.17449421440742297,0.6153281364165479,0.5853424097117935,75
0,22,14,22,6,23,mse,39,0.13748747730824953,0.14971432093891812,0.17399866558753124,0.6249449330061343,0.5957088494689987,78
0,22,14,22,7,23,mse,79,0.13788974177572028,0.149983200393926,0.17372200945403374,0.6201365347113411,0.5905256295903961,81
0,22,14,22,7,23,mred,78,0.13748747730824953,0.14971432093891812,0.17399866558753124,0.6249449330061343,0.5957088494689987,81
0,22,14,22,8,23,mse,158,0.13788974177572028,0.149983200393926,0.17372200945403374,0.6201365347113411,0.5905256295903961,84
0,22,14,22,8,23,mred,156,0.13748747730824953,0.14971432093891812,0.17399866558753124,0.6249449330061343,0.5957088494689987,84
0,22,14,22,9,23,mse,315,0.13770486097944426,0.14984023453825568,0.1736927138124105,0.6213386342850394,0.5918214345600468,87
0,22,14,22,9,23,mred,313,0.13749799535647353,0.14969950530243165,0.1738311202295694,0.623742833432436,0.5944130444993481,87
0,22,14,22,10,23,mse,630,0.13770486097944426,0.14984023453825568,0.1736927138124105,0.6213386342850394,0.5918214345600468,90
0,22,14,22,10,23,mred,625,0.13748435487339475,0.14969894966968528,0.17390671264058263,0.6243438832192851,0.5950609469841733,90
0,22,14,22,11,23,mse,1260,0.13770486097944426,0.14984023453825568,0.1736927138124105,0.6213386342850394,0.5918214345600468,93
0,22,14,22,11,23,mred,1251,0.13748856162853013,0.14969663945137487,0.17386686992613223,0.6240433583258606,0.5947369957417608,93
0,22,16,14,5,23,mse,17,0.10389949845646225,0.10851539388709572,0.12560387833003847,0.449096179849504,0.38901817960824,103
0,22,16,14,6,23,mse,35,0.10285566745030579,0.10801206679461997,0.12295960230364979,0.4328931263156659,0.3710481260673058,114
0,22,16,14,7,23,mse,70,0.10285566745030579,0.10801206679461997,0.12295960230364979,0.4328931263156659,0.3710481260673058,125
0,22,16,14,7,23,mred,69,0.10274441192303235,0.10768736659603174,0.1233347388944439,0.44099465308258495,0.3800331528377729,125
0,22,16,14,8,23,mse,139,0.10265599142192144,0.1077187291046762,0.12290728418885105,0.43694388969912545,0.37554063945253935,136
0,22,16,14,8,23,mred,138,0.10274441192303235,0.10768736659603174,0.1233347388944439,0.44099465308258495,0.3800331528377729,136
0,22,16,14,9,23,mse,279,0.10272141348353163,0.10783390485291261,0.12287337822832518,0.4349185080073957,0.3732943827599226,147
0,22,16,14,9,23,mred,277,0.10265914358821401,0.10766582880658274,0.12306122089019564,0.43896927139085523,0.37778689614515615,147
0,22,16,14,10,23,mse,558,0.10272141348353163,0.10783390485291261,0.12287337822832518,0.4349185080073957,0.3732943827599226,158
0,22,16,14,10,23,mred,554,0.10265914358821401,0.10766582880658274,0.12306122089019564,0.43896927139085523,0.37778689614515615,158
0,22,16,14,11,23,mse,1115,0.10269856433137287,0.10779898951625197,0.12287059039068954,0.4354248534303281,0.3738559469330768,169
0,22,16,14,11,23,mred,1107,0.10267257152158549,0.10766422515199892,0.12311841482140425,0.43947561681378766,0.3783484603183103,169
0,22,16,16,5,23,mse,17,0.10410716674103708,0.1087394246069399,0.12593326630245724,0.449096179849504,0.3910411464209095,93
0,22,16,16,6,23,mse,35,0.10289268530988091,0.10806828860384923,0.1230509646492532,0.4328931263156659,0.37313059190387743,102
0,22,16,16,7,23,mse,70,0.10289268530988091,0.10806828860384923,0.1230509646492532,0.4328931263156659,0.37313059190387743,111
0,22,16,16,7,23,mred,69,0.10286156865380719,0.10782247486189185,0.12354987331574324,0.44099465308258495,0.38208586916239345,111
0,22,16,16,8,23,mse,140,0.10289268530988091,0.10806828860384923,0.1230509646492532,0.4328931263156659,0.37313059190387743,120
0,22,16,16,8,23,mred,139,0.10272578461731721,0.10780882400246539,0.12306139693245954,0.43694388969912545,0.3776082305331354,120
0,22,16,16,9,23,mse,279,0.10277193521766793,0.10790481471522582,0.12299628703583355,0.4349185080073957,0.3753694112185064,129
0,22,16,16,9,23,mred,277,0.10274708948289529,0.10777345612894396,0.12324610449102795,0.43896927139085523,0.37984704984776446,129
0,22,16,16,10,23,mse,558,0.10277193521766793,0.10790481471522582,0.12299628703583355,0.4349185080073957,0.3753694112185064,138
0,22,16,16,10,23,mred,554,0.10274708948289529,0.10777345612894396,0.12324610449102795,0.43896927139085523,0.37984704984776446,138
0,22,16,16,11,23,mse,1116,0.10277193521766793,0.10790481471522582,0.12299628703583355,0.4349185080073957,0.3753694112185064,147
0,22,16,16,11,23,mred,1108,0.10274708948289529,0.10777345612894396,0.12324610449102795,0.43896927139085523,0.37984704984776446,147
0,22,16,18,5,23,mse,18,0.10586330668182087,0.11131085860327838,0.12685917567257232,0.4343661311823785,0.36317399953182217,83
0,22,16,18,5,23,mred,17,0.10549782880356065,0.11027956096775071,0.12800141281570498,0.46579023500557964,0.3985532217800543,83
0,22,16,18,6,23,mse,35,0.10329918213014438,0.10864006723730303,0.12371892626498929,0.45007818309397907,0.38086361065593827,90
0,22,16,18,7,23,mse,70,0.10329918213014438,0.10864006723730303,0.12371892626498929,0.45007818309397907,0.38086361065593827,97
0,22,16,18,8,23,mse,140,0.10329918213014438,0.10864006723730303,0.12371892626498929,0.45007818309397907,0.38086361065593827,104
0,22,16,18,8,23,mred,139,0.10337802566970364,0.1086171292096787,0.12410092144878052,0.4540061960718792,0.3852860134369673,104
0,22,16,18,9,23,mse,281,0.10337583051790955,0.10875434644346986,0.1237042745234451,0.448114176605029,0.37865240926542376,111
0,22,16,18,9,23,mred,279,0.1033031273356298,0.10859598441065237,0.12385126741048459,0.45204218958292913,0.3830748120464527,111
0,22,16,18,10,23,mse,561,0.10332882651801109,0.10868934972538741,0.12369687873179308,0.449096179849504,0.379758009960681,118
0,22,16,18,10,23,mred,557,0.10332814546362176,0.10859547109625597,0.12396146681138837,0.4530241928274042,0.38418041274171,118
0,22,16,18,11,23,mse,1122,0.10332882651801109,0.10868934972538741,0.12369687873179308,0.449096179849504,0.379758009960681,125
0,22,16,18,11,23,mred,1115,0.10331234861227803,0.10859267752164148,0.12390270484199453,0.45253319120516666,0.3836276123940814,125
0,22,16,20,5,23,mse,18,0.10690583153145644,0.11302471108377901,0.12826589617575418,0.45604980503842113,0.3933868573702622,73
0,22,16,20,6,23,mse,36,0.10690583153145644,0.11302471108377901,0.12826589617575418,0.45604980503842113,0.3933868573702622,78
0,22,16,20,7,23,mse,72,0.10690583153145644,0.11302471108377901,0.12826589617575418,0.45604980503842113,0.3933868573702622,83
0,22,16,20,7,23,mred,71,0.106848443879895,0.11286527506328894,0.12866093512252746,0.4636046688573319,0.40181203990678627,83
0,22,16,20,8,23,mse,143,0.10673834602896218,0.11281849288494714,0.1282466068706741,0.4598272369478765,0.3975994486385242,88
0,22,16,20,9,23,mse,287,0.10678831143912448,0.11289204242003152,0.1282019584394834,0.4579385209931488,0.3954931530043932,93
0,22,16,20,9,23,mred,285,0.10675767576677482,0.11280908683396405,0.12839972819338819,0.46171595290260425,0.39970574427265526,93
0,22,16,20,10,23,mse,574,0.10678831143912448,0.11289204242003152,0.1282019584394834,0.4579385209931488,0.3954931530043932,98
0,22,16,20,10,23,mred,571,0.10674156400548561,0.11280706820731898,0.1283096262443587,0.4607715949252404,0.39865259645558976,98
0,22,16,20,11,23,mse,1148,0.10678831143912448,0.11289204242003152,0.1282019584394834,0.4579385209931488,0.3954931530043932,103
0,22,16,20,11,23,mred,1141,0.10674794572335872,0.11280642373768286,0.12835129505987114,0.4612437739139223,0.3991791703641225,103
0,22,16,22,5,23,mse,20,0.13905459133724163,0.15089441533539097,0.17435115253664588,0.6153281364165479,0.5850258001316819,63
0,22,16,22,6,23,mse,39,0.13686639049138116,0.14913896758528114,0.1731470186587593,0.6249449330061343,0.5954001551283898,66
0,22,16,22,7,23,mse,78,0.13686639049138116,0.14913896758528114,0.1731470186587593,0.6249449330061343,0.5954001551283898,69
0,22,16,22,8,23,mse,157,0.1370836524236811,0.14928345221023692,0.17305028520011226,0.6225407338587376,0.5928065663792129,72
0,22,16,22,8,23,mred,156,0.13686639049138116,0.14913896758528114,0.1731470186587593,0.6249449330061343,0.5954001551283898,72
0,22,16,22,9,23,mse,314,0.1370836524236811,0.14928345221023692,0.17305028520011226,0.6225407338587376,0.5928065663792129,75
0,22,16,22,9,23,mred,312,0.13686639049138116,0.14913896758528114,0.1731470186587593,0.6249449330061343,0.5954001551283898,75
0,22,16,22,10,23,mse,627,0.13700543217535566,0.14922546480470544,0.1730495372236413,0.6231417836455868,0.5934549635665072,78
0,22,16,22,10,23,mred,624,0.13686639049138116,0.14913896758528114,0.1731470186587593,0.6249449330061343,0.5954001551283898,78
0,22,16,22,11,23,mse,1255,0.13704294742350442,0.1492530427626002,0.17304783302042331,0.6228412587521622,0.59313076497286,81
0,22,16,22,11,23,mred,1247,0.13685700925732455,0.14913778106925699,0.17317779735250344,0.6252454578995589,0.595724353722037,81
0,22,18,14,5,23,mse,17,0.1024379626595666,0.10687917762546519,0.12318463222901857,0.4366063623496966,0.37833904261361345,91
0,22,18,14,6,23,mse,35,0.10277413986450136,0.10770565776472676,0.12276621437700797,0.4200359612423347,0.36005489680813146,102
0,22,18,14,6,23,mred,34,0.1024379626595666,0.10687917762546519,0.12318463222901857,0.4366063623496966,0.37833904261361345,102
0,22,18,14,7,23,mse,69,0.10201784556379563,0.10675585980878136,0.12199455371677884,0.42832116179601565,0.36919696971087246,113
0,22,18,14,8,23,mse,138,0.10201784556379563,0.10675585980878136,0.12199455371677884,0.42832116179601565,0.36919696971087246,124
0,22,18,14,8,23,mred,137,0.10207574680891864,0.10667900112245124,0.1223457417930179,0.43246376207285614,0.3737680061622429,124
0,22,18,14,9,23,mse,276,0.10201784556379563,0.10675585980878136,0.12199455371677884,0.42832116179601565,0.36919696971087246,135
0,22,18,14,9,23,mred,275,0.10200337649742189,0.10667760920194852,0.12210878500417792,0.43039246193443587,0.3714824879365577,135
0,22,18,14,10,23,mse,553,0.10204404023866484,0.1068133926810835,0.12198358234872557,0.4272855117268055,0.36805421059802984,146
0,22,18,14,10,23,mred,549,0.1020268225737461,0.1066670548031095,0.12221195866161924,0.431428112003646,0.3726252470494003,146
0,22,18,14,11,23,mse,1106,0.10204404023866484,0.1068133926810835,0.12198358234872557,0.4272855117268055,0.36805421059802984,157
0,22,18,14,11,23,mred,1098,0.1020268225737461,0.1066670548031095,0.12221195866161924,0.431428112003646,0.3726252470494003,157
0,22,18,16,5,23,mse,17,0.1024379626595666,0.10687917762546519,0.12318463222901857,0.4366063623496966,0.37833904261361345,81
0,22,18,16,6,23,mse,35,0.10277413986450136,0.10770565776472676,0.12276621437700797,0.4200359612423347,0.36005489680813146,90
0,22,18,16,6,23,mred,34,0.1024379626595666,0.10687917762546519,0.12318463222901857,0.4366063623496966,0.37833904261361345,90
0,22,18,16,7,23,mse,69,0.10201784556379563,0.10675585980878136,0.12199455371677884,0.42832116179601565,0.36919696971087246,99
0,22,18,16,8,23,mse,138,0.10201784556379563,0.10675585980878136,0.12199455371677884,0.42832116179601565,0.36919696971087246,108
0,22,18,16,8,23,mred,137,0.10207574680891864,0.10667900112245124,0.1223457417930179,0.43246376207285614,0.3737680061622429,108
0,22,18,16,9,23,mse,276,0.10201784556379563,0.10675585980878136,0.12199455371677884,0.42832116179601565,0.36919696971087246,117
0,22,18,16,9,23,mred,275,0.10200337649742189,0.10667760920194852,0.12210878500417792,0.43039246193443587,0.3714824879365577,117
0,22,18,16,10,23,mse,553,0.10204404023866484,0.1068133926810835,0.12198358234872557,0.4272855117268055,0.36805421059802984,126
0,22,18,16,10,23,mred,549,0.1020268225737461,0.1066670548031095,0.12221195866161924,0.431428112003646,0.3726252470494003,126
0,22,18,16,11,23,mse,1106,0.10204404023866484,0.1068133926810835,0.12198358234872557,0.4272855117268055,0.36805421059802984,135
0,22,18,16,11,23,mred,1098,0.1020268225737461,0.1066670548031095,0.12221195866161924,0.431428112003646,0.3726252470494003,135
0,22,18,18,5,23,mse,17,0.10310896937818237,0.10763063488802971,0.12429174907258676,0.44765329642127116,0.3872018111403114,71
0,22,18,18,6,23,mse,35,0.10284718046846153,0.10788129886055947,0.12289882640959407,0.43140780513954385,0.3691783349973794,78
0,22,18,18,6,23,mred,34,0.10310896937818237,0.10763063488802971,0.12429174907258676,0.44765329642127116,0.3872018111403114,78
0,22,18,18,7,23,mse,69,0.10238301591830314,0.10720924478318374,0.12262844180037048,0.4395305507804075,0.37819007306884544,85
0,22,18,18,8,23,mse,139,0.10247507135248496,0.10742003910354828,0.12252057691535168,0.4354691779599757,0.3736842040331124,92
0,22,18,18,8,23,mred,138,0.10238301591830314,0.10720924478318374,0.12262844180037048,0.4395305507804075,0.37819007306884544,92
0,22,18,18,9,23,mse,277,0.10238821854217586,0.10727743695791947,0.12251368968830006,0.43749986437019156,0.37593713855097893,99
0,22,18,18,9,23,mred,275,0.1024400120674968,0.10719970785773325,0.12286449242847958,0.4415612371906234,0.3804430075867119,99
0,22,18,18,10,23,mse,555,0.1024246294962371,0.1073421252260727,0.12250192117415519,0.4364845211650836,0.37481067129204565,106
0,22,18,18,10,23,mred,551,0.10240486149087238,0.10719769735585088,0.12273134011347905,0.44054589398551547,0.3793165403277787,106
0,22,18,18,11,23,mse,1110,0.1024246294962371,0.1073421252260727,0.12250192117415519,0.4364845211650836,0.37481067129204565,113
0,22,18,18,11,23,mred,1101,0.10242012040546479,0.10719648064120864,0.12279414014776913,0.44105356558806946,0.3798797739572453,113
0,22,18,20,5,23,mse,18,0.10720614110342327,0.11320396152198768,0.12859657311360173,0.4453536276152244,0.3869103361358116,61
0,22,18,20,6,23,mse,35,0.10625296454457706,0.11210894358903656,0.12821978079003474,0.4607604712925793,0.4039406045764835,66
0,22,18,20,7,23,mse,71,0.10616218459526211,0.11213715379690212,0.12751707529175152,0.45305704945390185,0.3954254703561476,71
0,22,18,20,7,23,mred,70,0.10625296454457706,0.11210894358903656,0.12821978079003474,0.4607604712925793,0.4039406045764835,71
0,22,18,20,8,23,mse,142,0.10616218459526211,0.11213715379690212,0.12751707529175152,0.45305704945390185,0.3954254703561476,76
0,22,18,20,8,23,mred,141,0.10605226567316968,0.1119822010692913,0.12764574262717554,0.4569087603732406,0.39968303746631556,76
0,22,18,20,9,23,mse,284,0.10616218459526211,0.11213715379690212,0.12751707529175152,0.45305704945390185,0.3954254703561476,81
0,22,18,20,9,23,mred,282,0.10605226567316968,0.1119822010692913,0.12764574262717554,0.4569087603732406,0.39968303746631556,81
0,22,18,20,10,23,mse,567,0.10610839010614777,0.11207482128907917,0.12750733512043497,0.45401997718373655,0.3964898621336896,86
0,22,18,20,10,23,mred,564,0.10605226567316968,0.1119822010692913,0.12764574262717554,0.4569087603732406,0.39968303746631556,86
0,22,18,20,11,23,mse,1134,0.10610839010614777,0.11207482128907917,0.12750733512043497,0.45401997718373655,0.3964898621336896,91
0,22,18,20,11,23,mred,1127,0.1060590018843407,0.11198084147328927,0.12769321956114746,0.4573902242381579,0.4002152333550866,91
0,22,18,22,5,23,mse,19,0.1353913135138369,0.1477862496049756,0.17176343148983714,0.6325637796308828,0.6043698106549136,51
0,22,18,22,6,23,mse,39,0.1354849293406693,0.14766594180013237,0.17112096296394522,0.6228944054106429,0.5939584898826745,54
0,22,18,22,7,23,mse,77,0.13483557515361289,0.14719188424495086,0.17088824914532502,0.6277290925207629,0.599164150268794,57
0,22,18,22,8,23,mse,155,0.1350177348817465,0.147302696889282,0.1708658968590894,0.625311748965703,0.5965613200757341,60
0,22,18,22,8,23,mred,154,0.13483557515361289,0.14719188424495086,0.17088824914532502,0.6277290925207629,0.599164150268794,60
0,22,18,22,9,23,mse,309,0.13489107873476458,0.14721509620533552,0.1708423708345364,0.6265204207432329,0.5978627351722642,63
0,22,18,22,9,23,mred,308,0.13483557515361289,0.14719188424495086,0.17088824914532502,0.6277290925207629,0.599164150268794,63
0,22,18,22,10,23,mse,618,0.13489107873476458,0.14721509620533552,0.1708423708345364,0.6265204207432329,0.5978627351722642,66
0,22,18,22,10,23,mred,616,0.13483557515361289,0.14719188424495086,0.17088824914532502,0.6277290925207629,0.599164150268794,66
0,22,18,22,11,23,mse,1237,0.13491451275644895,0.14722975268617594,0.1708417453586797,0.6262182527988505,0.5975373813981316,69
0,22,18,22,11,23,mred,1233,0.13484076814549803,0.14718974829973233,0.17087027452315423,0.6274269245763804,0.5988387964946615,69
0,22,20,14,5,23,mse,17,0.10131603794075744,0.10489696330364628,0.12217315516882374,0.36394228874379597,0.32919867139394077,79
0,22,20,14,6,23,mse,33,0.10065666317453698,0.10338578047264987,0.12164671838268107,0.3826498684866255,0.340731552102576,90
0,22,20,14,7,23,mse,67,0.10029362338172387,0.10350523908059578,0.12085281127475034,0.37329607861521075,0.33105347822800474,101
0,22,20,14,7,23,mred,66,0.10065666317453698,0.10338578047264987,0.12164671838268107,0.3826498684866255,0.340731552102576,101
0,22,20,14,8,23,mse,134,0.10029362338172387,0.10350523908059578,0.12085281127475034,0.37329607861521075,0.33105347822800474,112
0,22,20,14,8,23,mred,133,0.10033410071496426,0.10331753280506853,0.12098548693644157,0.37797297355091813,0.33573709416395914,112
0,22,20,14,9,23,mse,267,0.10027999251944339,0.1033809600284391,0.1208528082944513,0.3756345260830644,0.3332398651946507,123
0,22,20,14,9,23,mred,265,0.10045331095624777,0.10331320670250954,0.12125041163966349,0.3803114210187718,0.33823432313326757,123
0,22,20,14,10,23,mse,535,0.100275313755834,0.10343304389447067,0.12083621433872575,0.3744653023491376,0.33228399133848224,134
0,22,20,14,10,23,mred,531,0.1003850065872158,0.10330750333901267,0.12110146262080991,0.37914219728484494,0.3369857086486134,134
0,22,20,14,11,23,mse,1070,0.100275313755834,0.10343304389447067,0.12083621433872575,0.3744653023491376,0.33228399133848224,145
0,22,20,14,11,23,mred,1062,0.1003850065872158,0.10330750333901267,0.12110146262080991,0.37914219728484494,0.3369857086486134,145
0,22,20,16,5,23,mse,17,0.10131603794075744,0.10489696330364628,0.12217315516882374,0.36394228874379597,0.32919867139394077,69
0,22,20,16,6,23,mse,33,0.10065666317453698,0.10338578047264987,0.12164671838268107,0.3826498684866255,0.340731552102576,78
0,22,20,16,7,23,mse,67,0.10029362338172387,0.10350523908059578,0.12085281127475034,0.37329607861521075,0.33105347822800474,87
0,22,20,16,7,23,mred,66,0.10065666317453698,0.10338578047264987,0.12164671838268107,0.3826498684866255,0.340731552102576,87
0,22,20,16,8,23,mse,134,0.10029362338172387,0.10350523908059578,0.12085281127475034,0.37329607861521075,0.33105347822800474,96
0,22,20,16,8,23,mred,133,0.10033410071496426,0.10331753280506853,0.12098548693644157,0.37797297355091813,0.33573709416395914,96
0,22,20,16,9,23,mse,267,0.10027999251944339,0.1033809600284391,0.1208528082944513,0.3756345260830644,0.3332398651946507,105
0,22,20,16,9,23,mred,265,0.10045331095624777,0.10331320670250954,0.12125041163966349,0.3803114210187718,0.33823432313326757,105
0,22,20,16,10,23,mse,535,0.100275313755834,0.10343304389447067,0.12083621433872575,0.3744653023491376,0.33228399133848224,114
0,22,20,16,10,23,mred,531,0.1003850065872158,0.10330750333901267,0.12110146262080991,0.37914219728484494,0.3369857086486134,114
0,22,20,16,11,23,mse,1070,0.100275313755834,0.10343304389447067,0.12083621433872575,0.3744653023491376,0.33228399133848224,123
0,22,20,16,11,23,mred,1062,0.1003850065872158,0.10330750333901267,0.12110146262080991,0.37914219728484494,0.3369857086486134,123
0,22,20,18,5,23,mse,17,0.10131603794075744,0.10489696330364628,0.12217315516882374,0.36394228874379597,0.32919867139394077,59
0,22,20,18,6,23,mse,33,0.10065666317453698,0.10338578047264987,0.12164671838268107,0.3826498684866255,0.340731552102576,66
0,22,20,18,7,23,mse,67,0.10029362338172387,0.10350523908059578,0.12085281127475034,0.37329607861521075,0.33105347822800474,73
0,22,20,18,7,23,mred,66,0.10065666317453698,0.10338578047264987,0.12164671838268107,0.3826498684866255,0.340731552102576,73
0,22,20,18,8,23,mse,134,0.10029362338172387,0.10350523908059578,0.12085281127475034,0.37329607861521075,0.33105347822800474,80
0,22,20,18,8,23,mred,133,0.10033410071496426,0.10331753280506853,0.12098548693644157,0.37797297355091813,0.33573709416395914,80
0,22,20,18,9,23,mse,267,0.10027999251944339,0.1033809600284391,0.1208528082944513,0.3756345260830644,0.3332398651946507,87
0,22,20,18,9,23,mred,265,0.10045331095624777,0.10331320670250954,0.12125041163966349,0.3803114210187718,0.33823432313326757,87
0,22,20,18,10,23,mse,535,0.100275313755834,0.10343304389447067,0.12083621433872575,0.3744653023491376,0.33228399133848224,94
0,22,20,18,10,23,mred,531,0.1003850065872158,0.10330750333901267,0.12110146262080991,0.37914219728484494,0.3369857086486134,94
0,22,20,18,11,23,mse,1070,0.100275313755834,0.10343304389447067,0.12083621433872575,0.3744653023491376,0.33228399133848224,101
0,22,20,18,11,23,mred,1062,0.1003850065872158,0.10330750333901267,0.12110146262080991,0.37914219728484494,0.3369857086486134,101
0,22,20,20,5,23,mse,17,0.10285825788682532,0.10713076977246197,0.12395686352442492,0.4063461361608762,0.3660368056582347,49
0,22,20,20,6,23,mse,34,0.10285825788682532,0.10713076977246197,0.12395686352442492,0.4063461361608762,0.3660368056582347,54
0,22,20,20,7,23,mse,68,0.10285825788682532,0.10713076977246197,0.12395686352442492,0.4063461361608762,0.3660368056582347,59
0,22,20,20,7,23,mred,67,0.10307030067854533,0.10693032773250746,0.12453413932638714,0.41507634004086336,0.3753597938103195,59
0,22,20,20,8,23,mse,136,0.10285825788682532,0.10713076977246197,0.12395686352442492,0.4063461361608762,0.3660368056582347,64
0,22,20,20,8,23,mred,135,0.10277394324503715,0.10686026787589953,0.12399439338692765,0.4107112381008698,0.3706982997342771,64
0,22,20,20,9,23,mse,271,0.10276656304437762,0.10695139018507599,0.12391267980670286,0.40852868713087304,0.3683675526962559,69
0,22,20,20,9,23,mred,269,0.10287918405023415,0.10685391905807559,0.12420175577806465,0.4128937890708666,0.37302904677229826,69
0,22,20,20,10,23,mse,542,0.10276656304437762,0.10695139018507599,0.12391267980670286,0.40852868713087304,0.3683675526962559,74
0,22,20,20,10,23,mred,539,0.10281673524842161,0.10684723509134347,0.12408239890619892,0.41180251358586817,0.3718636732532877,74
0,22,20,20,11,23,mse,1085,0.10278169417531947,0.10698875054082366,0.12391192156707548,0.4079830493883738,0.36778486593675064,79
0,22,20,20,11,23,mred,1078,0.10281673524842161,0.10684723509134347,0.12408239890619892,0.41180251358586817,0.3718636732532877,79
0,22,20,22,5,23,mse,18,0.12968110526054322,0.1412598565912827,0.16322476999026006,0.640814468937673,0.616425630314226,39
0,22,20,22,6,23,mse,37,0.12830051715691948,0.13992347119837564,0.16181784323711396,0.6308370930748306,0.6057707867118434,42
0,22,20,22,7,23,mse,74,0.12830051715691948,0.13992347119837564,0.16181784323711396,0.6308370930748306,0.6057707867118434,45
0,22,20,22,8,23,mse,147,0.12826546812713044,0.13990954189554614,0.1616841093661677,0.6333314370405412,0.6084344976124391,48
0,22,20,22,9,23,mse,294,0.12826546812713044,0.13990954189554614,0.1616841093661677,0.6333314370405412,0.6084344976124391,51
0,22,20,22,9,23,mred,295,0.12825667340820912,0.13989213678205725,0.16171038997571052,0.6320842650576859,0.6071026421621413,51
0,22,20,22,10,23,mse,588,0.12826546812713044,0.13990954189554614,0.1616841093661677,0.6333314370405412,0.6084344976124391,54
0,22,20,22,10,23,mred,590,0.12825667340820912,0.13989213678205725,0.16171038997571052,0.6320842650576859,0.6071026421621413,54
0,22,20,22,11,23,mse,1177,0.12825802450904178,0.13990056838230164,0.16168306532841537,0.6330196440448274,0.6081015337498646,57
0,22,20,22,11,23,mred,1180,0.12825667340820912,0.13989213678205725,0.16171038997571052,0.6320842650576859,0.6071026421621413,57
0,22,22,14,5,23,mse,15,0.1241906786806625,0.12382081932200414,0.15582989751326592,0.5705722403944141,0.40910446295358915,67
0,22,22,14,5,23,mred,14,0.1264217417747062,0.1186859114072921,0.16430308587470183,0.4658674243681198,0.32235348387897517,67
0,22,22,14,6,23,mse,30,0.1241906786806625,0.12382081932200414,0.15582989751326592,0.5705722403944141,0.40910446295358915,78
0,22,22,14,6,23,mred,29,0.12200680733717276,0.11805085945562256,0.15598875532880352,0.5182198323812669,0.36213431418846953,78
0,22,22,14,7,23,mse,59,0.12225946078452235,0.12011632716449858,0.15485812764560147,0.5443960363878405,0.38561938857102934,89
0,22,22,14,7,23,mred,57,0.12340990696591567,0.11758110142715678,0.1591769871318676,0.49204362837469334,0.33864923980590966,89
0,22,22,14,8,23,mse,118,0.12225946078452235,0.12011632716449858,0.15485812764560147,0.5443960363878405,0.38561938857102934,100
0,22,22,14,8,23,mred,114,0.12340990696591567,0.11758110142715678,0.1591769871318676,0.49204362837469334,0.33864923980590966,100
0,22,22,14,9,23,mse,236,0.12225946078452235,0.12011632716449858,0.15485812764560147,0.5443960363878405,0.38561938857102934,111
0,22,22,14,9,23,mred,229,0.12290565227146316,0.11754652668855406,0.15819246029685052,0.49858767937633675,0.34452050840154963,111
0,22,22,14,10,23,mse,472,0.12225946078452235,0.12011632716449858,0.15485812764560147,0.5443960363878405,0.38561938857102934,122
0,22,22,14,10,23,mred,458,0.12290565227146316,0.11754652668855406,0.15819246029685052,0.49858767937633675,0.34452050840154963,122
0,22,22,14,11,23,mse,945,0.12232487046406568,0.12029405610664284,0.15485724989963784,0.5460320491382513,0.38708720571993926,133
0,22,22,14,11,23,mred,915,0.12302260090359546,0.11754564001516765,0.15842708367928915,0.49695166662592594,0.34305269125263965,133
0,22,22,16,5,23,mse,15,0.1241906786806625,0.12382081932200414,0.15582989751326592,0.5705722403944141,0.40910446295358915,57
0,22,22,16,5,23,mred,14,0.1264217417747062,0.1186859114072921,0.16430308587470183,0.4658674243681198,0.32235348387897517,57
0,22,22,16,6,23,mse,30,0.1241906786806625,0.12382081932200414,0.15582989751326592,0.5705722403944141,0.40910446295358915,66
0,22,22,16,6,23,mred,29,0.12200680733717276,0.11805085945562256,0.15598875532880352,0.5182198323812669,0.36213431418846953,66
0,22,22,16,7,23,mse,59,0.12225946078452235,0.12011632716449858,0.15485812764560147,0.5443960363878405,0.38561938857102934,75
0,22,22,16,7,23,mred,57,0.12340990696591567,0.11758110142715678,0.1591769871318676,0.49204362837469334,0.33864923980590966,75
0,22,22,16,8,23,mse,118,0.12225946078452235,0.12011632716449858,0.15485812764560147,0.5443960363878405,0.38561938857102934,84
0,22,22,16,8,23,mred,114,0.12340990696591567,0.11758110142715678,0.1591769871318676,0.49204362837469334,0.33864923980590966,84
0,22,22,16,9,23,mse,236,0.12225946078452235,0.12011632716449858,0.15485812764560147,0.5443960363878405,0.38561938857102934,93
0,22,22,16,9,23,mred,229,0.12290565227146316,0.11754652668855406,0.15819246029685052,0.49858767937633675,0.34452050840154963,93
0,22,22,16,10,23,mse,472,0.12225946078452235,0.12011632716449858,0.15485812764560147,0.5443960363878405,0.38561938857102934,102
0,22,22,16,10,23,mred,458,0.12290565227146316,0.11754652668855406,0.15819246029685052,0.49858767937633675,0.34452050840154963,102
0,22,22,16,11,23,mse,945,0.12232487046406568,0.12029405610664284,0.15485724989963784,0.5460320491382513,0.38708720571993926,111
0,22,22,16,11,23,mred,915,0.12302260090359546,0.11754564001516765,0.15842708367928915,0.49695166662592594,0.34305269125263965,111
0,22,22,18,5,23,mse,15,0.1241906786806625,0.12382081932200414,0.15582989751326592,0.5705722403944141,0.40910446295358915,47
0,22,22,18,5,23,mred,14,0.1264217417747062,0.1186859114072921,0.16430308587470183,0.4658674243681198,0.32235348387897517,47
0,22,22,18,6,23,mse,30,0.1241906786806625,0.12382081932200414,0.15582989751326592,0.5705722403944141,0.40910446295358915,54
0,22,22,18,6,23,mred,29,0.12200680733717276,0.11805085945562256,0.15598875532880352,0.5182198323812669,0.36213431418846953,54
0,22,22,18,7,23,mse,59,0.12225946078452235,0.12011632716449858,0.15485812764560147,0.5443960363878405,0.38561938857102934,61
0,22,22,18,7,23,mred,57,0.12340990696591567,0.11758110142715678,0.1591769871318676,0.49204362837469334,0.33864923980590966,61
0,22,22,18,8,23,mse,118,0.12225946078452235,0.12011632716449858,0.15485812764560147,0.5443960363878405,0.38561938857102934,68
0,22,22,18,8,23,mred,114,0.12340990696591567,0.11758110142715678,0.1591769871318676,0.49204362837469334,0.33864923980590966,68
0,22,22,18,9,23,mse,236,0.12225946078452235,0.12011632716449858,0.15485812764560147,0.5443960363878405,0.38561938857102934,75
0,22,22,18,9,23,mred,229,0.12290565227146316,0.11754652668855406,0.15819246029685052,0.49858767937633675,0.34452050840154963,75
0,22,22,18,10,23,mse,472,0.12225946078452235,0.12011632716449858,0.15485812764560147,0.5443960363878405,0.38561938857102934,82
0,22,22,18,10,23,mred,458,0.12290565227146316,0.11754652668855406,0.15819246029685052,0.49858767937633675,0.34452050840154963,82
0,22,22,18,11,23,mse,945,0.12232487046406568,0.12029405610664284,0.15485724989963784,0.5460320491382513,0.38708720571993926,89
0,22,22,18,11,23,mred,915,0.12302260090359546,0.11754564001516765,0.15842708367928915,0.49695166662592594,0.34305269125263965,89
0,22,22,20,5,23,mse,15,0.1241906786806625,0.12382081932200414,0.15582989751326592,0.5705722403944141,0.40910446295358915,37
0,22,22,20,5,23,mred,14,0.1264217417747062,0.1186859114072921,0.16430308587470183,0.4658674243681198,0.32235348387897517,37
0,22,22,20,6,23,mse,30,0.1241906786806625,0.12382081932200414,0.15582989751326592,0.5705722403944141,0.40910446295358915,42
0,22,22,20,6,23,mred,29,0.12200680733717276,0.11805085945562256,0.15598875532880352,0.5182198323812669,0.36213431418846953,42
0,22,22,20,7,23,mse,59,0.12225946078452235,0.12011632716449858,0.15485812764560147,0.5443960363878405,0.38561938857102934,47
0,22,22,20,7,23,mred,57,0.12340990696591567,0.11758110142715678,0.1591769871318676,0.49204362837469334,0.33864923980590966,47
0,22,22,20,8,23,mse,118,0.12225946078452235,0.12011632716449858,0.15485812764560147,0.5443960363878405,0.38561938857102934,52
0,22,22,20,8,23,mred,114,0.12340990696591567,0.11758110142715678,0.1591769871318676,0.49204362837469334,0.33864923980590966,52
0,22,22,20,9,23,mse,236,0.12225946078452235,0.12011632716449858,0.15485812764560147,0.5443960363878405,0.38561938857102934,57
0,22,22,20,9,23,mred,229,0.12290565227146316,0.11754652668855406,0.15819246029685052,0.49858767937633675,0.34452050840154963,57
0,22,22,20,10,23,mse,472,0.12225946078452235,0.12011632716449858,0.15485812764560147,0.5443960363878405,0.38561938857102934,62
0,22,22,20,10,23,mred,458,0.12290565227146316,0.11754652668855406,0.15819246029685052,0.49858767937633675,0.34452050840154963,62
0,22,22,20,11,23,mse,945,0.12232487046406568,0.12029405610664284,0.15485724989963784,0.5460320491382513,0.38708720571993926,67
0,22,22,20,11,23,mred,915,0.12302260090359546,0.11754564001516765,0.15842708367928915,0.49695166662592594,0.34305269125263965,67
0,22,22,22,5,23,mse,16,0.1265202107370818,0.1257954652833685,0.1597182922582016,0.4947445297557843,0.4140136182992676,27
0,22,22,22,5,23,mred,15,0.12545343687209057,0.11853019662132003,0.16072432495097833,0.4013229966460478,0.3393354318368936,27
0,22,22,22,6,23,mse,31,0.12346298628157834,0.11971607638534171,0.15649917530499266,0.44803376320091604,0.3698256927274155,30
0,22,22,22,6,23,mred,30,0.12545343687209057,0.11853019662132003,0.16072432495097833,0.4013229966460478,0.3393354318368936,30
0,22,22,22,7,23,mse,62,0.12346298628157834,0.11971607638534171,0.15649917530499266,0.44803376320091604,0.3698256927274155,33
0,22,22,22,7,23,mred,61,0.12379608051039889,0.11847301662288323,0.15769390612743397,0.42467837992348195,0.34780607773903377,33
0,22,22,22,8,23,mse,124,0.12346298628157834,0.11971607638534171,0.15649917530499266,0.44803376320091604,0.3698256927274155,36
0,22,22,22,8,23,mred,121,0.12447168858698299,0.11835324988100394,0.158984724973843,0.4130006882847649,0.33923635123133317,36
0,22,22,22,9,23,mse,249,0.12357562484273507,0.12021878796662996,0.15649366528923206,0.4538726090202746,0.375349183423897,39
0,22,22,22,9,23,mred,242,0.12447168858698299,0.11835324988100394,0.158984724973843,0.4130006882847649,0.33923635123133317,39
0,22,22,22,10,23,mse,497,0.12351076069327083,0.11995846304864394,0.15648170372664155,0.4509531861105953,0.37258743807565625,42
0,22,22,22,10,23,mred,484,0.12447168858698299,0.11835324988100394,0.158984724973843,0.4130006882847649,0.33923635123133317,42
0,22,22,22,11,23,mse,994,0.12351076069327083,0.11995846304864394,0.15648170372664155,0.4509531861105953,0.37258743807565625,45
0,22,22,22,11,23,mred,969,0.12437040551097436,0.11835217170988922,0.15879856888676383,0.41446039973960447,0.34059437310660184,45
1,12,12,12,5,23,mse,21 11,0.030332098647661482,0.03174566085720951,0.03367844373571982,0.07190360013151269,0.06034020817598351,185
1,12,12,12,6,23,mse,42 21,0.01407628553616691,0.01301666858306151,0.018480113341872776,0.07190360013151269,0.03848041808383114,198
1,12,12,12,6,23,mred,41 21,0.011838702108493672,0.011076220136077664,0.019162703102479386,0.09400113346171476,0.05777253148633507,198
1,12,12,12,7,23,mse,83 42,0.011197399376384181,0.010623951491980373,0.015559632627850255,0.08295236679661373,0.046421659195584275,211
1,12,12,12,8,23,mse,166 84,0.011197399376384181,0.010623951491980373,0.015559632627850255,0.08295236679661373,0.046421659195584275,224
1,12,12,12,8,23,mred,165 84,0.01096774890527088,0.010400107775311954,0.016631017657282837,0.08847675012916426,0.05202724204417858,224
1,12,12,12,9,23,mse,332 168,0.011197399376384181,0.010623951491980373,0.015559632627850255,0.08295236679661373,0.046421659195584275,237
1,12,12,12,9,23,mred,330 168,0.01096774890527088,0.010400107775311954,0.016631017657282837,0.08847675012916426,0.05202724204417858,237
1,12,12,12,10,23,mse,664 337,0.01142819804827314,0.010897267140781201,0.015502637162117881,0.08295236679661373,0.046281952602022086,250
1,12,12,12,10,23,mred,661 336,0.010939772060191087,0.010386045829414586,0.016208221020222846,0.08709565429602661,0.050590919683639456,250
1,12,12,12,11,23,mse,1329 674,0.011520526413435404,0.01097645021787095,0.015490878517263827,0.08226181888004491,0.04556379142175252,263
1,12,12,12,11,23,mred,1322 671,0.010934099106425904,0.010374250098569501,0.01631433151117955,0.08709565429602661,0.050590919683639456,263
1,12,12,14,5,23,mse,21 11,0.03007749862242253,0.031486271859758344,0.03343936525914321,0.07238077051704919,0.05982985802559499,175
1,12,12,14,6,23,mse,42 21,0.013942377260681493,0.012905117631244177,0.018323273215461785,0.07238077051704919,0.039119293023976404,186
1,12,12,14,6,23,mred,41 21,0.011948858636742044,0.011170912016833186,0.019362835748380814,0.09446694264759564,0.05854927291589619,186
1,12,12,14,7,23,mse,83 42,0.011157831710895402,0.010591606830046696,0.015593346244115704,0.08342385658232242,0.04710380532075533,197
1,12,12,14,8,23,mse,166 84,0.011157831710895402,0.010591606830046696,0.015593346244115704,0.08342385658232242,0.04710380532075533,208
1,12,12,14,8,23,mred,165 84,0.010985112519266278,0.010415670224915158,0.016762795731399962,0.08894539961495902,0.05280871970196873,208
1,12,12,14,9,23,mse,332 168,0.011157831710895402,0.010591606830046696,0.015593346244115704,0.08342385658232242,0.04710380532075533,219
1,12,12,14,9,23,mred,331 168,0.01095640384078148,0.010409587330350462,0.015970620907793876,0.08618462809864072,0.049938443095004996,219
1,12,12,14,10,23,mse,665 337,0.011545984739052034,0.010991947857138303,0.015494242654393312,0.08204347082416326,0.0456330281845594,230
1,12,12,14,10,23,mred,661 336,0.010941727653173278,0.010388483157405776,0.01631788094465632,0.08756501385679988,0.05137358139848686,230
1,12,12,14,11,23,mse,1329 674,0.011449252279195573,0.010909326388772653,0.015491328149132757,0.08273366370324284,0.046350597336300335,241
1,12,12,14,11,23,mred,1322 672,0.010941727653173278,0.010388483157405776,0.01631788094465632,0.08756501385679988,0.05137358139848686,241
1,12,12,16,5,23,mse,21 11,0.02907999777359509,0.03047067715159875,0.03248785010190231,0.07619813360134117,0.058682201609437344,165
1,12,12,16,6,23,mse,42 21,0.013450618234415238,0.012499390991531575,0.017755839387198113,0.07619813360134117,0.04248592463141347,174
1,12,12,16,6,23,mred,41 21,0.012520521099050951,0.01165628688798532,0.020221597816778007,0.09819341613464257,0.059815917874745224,174
1,12,12,16,7,23,mse,83 42,0.01102375768955313,0.010482733245546653,0.015819030930966434,0.08719577486799186,0.048892239337023545,183
1,12,12,16,8,23,mse,166 84,0.01102375768955313,0.010482733245546653,0.015819030930966434,0.08719577486799186,0.048892239337023545,192
1,12,12,16,9,23,mse,333 169,0.011792728635869693,0.011286627607797833,0.01557316923841343,0.08444636455132919,0.04558880446801848,201
1,12,12,16,9,23,mred,331 168,0.010942293953280712,0.010402600467553891,0.01639932142473037,0.08994518518465454,0.051240445882726894,201
1,12,12,16,10,23,mse,666 337,0.01143260253759049,0.010868674114777564,0.015511724238331422,0.08444636455132919,0.04602745692538808,210
1,12,12,16,10,23,mred,662 336,0.010942293953280712,0.010402600467553891,0.01639932142473037,0.08994518518465454,0.051240445882726894,210
1,12,12,16,11,23,mse,1331 674,0.011333857141016656,0.010784446577012077,0.015507467509636195,0.08513371713049486,0.04674365252829694,219
1,12,12,16,11,23,mred,1324 672,0.010942293953280712,0.010402600467553891,0.01639932142473037,0.08994518518465454,0.051240445882726894,219
1,12,12,18,5,23,mse,21 11,0.025634014431573794,0.026893420806652385,0.02944904205915057,0.08981621596429791,0.05689225129608625,155
1,12,12,18,6,23,mse,42 21,0.012895550796131751,0.012420830636441494,0.01709093518484864,0.08981621596429791,0.05180982729622463,162
1,12,12,18,7,23,mse,84 42,0.012895550796131751,0.012420830636441494,0.01709093518484864,0.08981621596429791,0.05180982729622463,169
1,12,12,18,7,23,mred,83 42,0.012440877951578012,0.012085031961626304,0.01846799250354579,0.10065173720281817,0.06070405385504003,169
1,12,12,18,8,23,mse,167 85,0.01207475524217844,0.011670023329125123,0.01644398300111529,0.09523397658355805,0.05317285786421839,176
1,12,12,18,9,23,mse,335 169,0.01175904794262294,0.011249714269772719,0.01614987365524136,0.09252509627392798,0.05300374544415347,183
1,12,12,18,9,23,mred,334 169,0.01149427601881797,0.011042754730451828,0.01631425459061016,0.09523397658355805,0.05504564454091378,183
1,12,12,18,10,23,mse,670 339,0.011919125647031185,0.011410899816819827,0.01611089933096152,0.09252509627392798,0.05221643988385064,190
1,12,12,18,10,23,mred,667 338,0.011459084341101308,0.011019432915031479,0.016553006817763786,0.09658841673837308,0.056460246869445334,190
1,12,12,18,11,23,mse,1340 677,0.011808585207949099,0.011294439388771175,0.01610416726961166,0.09252509627392798,0.052288383914764876,197
1,12,12,18,11,23,mred,1334 676,0.011459084341101308,0.011019432915031479,0.016553006817763786,0.09658841673837308,0.056460246869445334,197
1,12,12,20,5,23,mse,21 11,0.027308713674629434,0.026793387108209457,0.03457581856058731,0.17249968133828622,0.10360964854763381,145
1,12,12,20,6,23,mse,43 22,0.023428657674802487,0.023383763841935946,0.029006341481112155,0.15279729279872162,0.08226702113210128,150
1,12,12,20,7,23,mse,86 43,0.019574053619827038,0.019451568075494086,0.025749546287037305,0.15279729279872162,0.08477959476507863,155
1,12,12,20,8,23,mse,172 86,0.019574053619827038,0.019451568075494086,0.025749546287037305,0.15279729279872162,0.08477959476507863,160
1,12,12,20,9,23,mse,343 172,0.019534130865875063,0.01947211112293627,0.025716649045315988,0.1552600913661672,0.08675313681361903,165
1,12,12,20,9,23,mred,344 172,0.019574053619827038,0.019451568075494086,0.025749546287037305,0.15279729279872162,0.08477959476507863,165
1,12,12,20,10,23,mse,687 345,0.019538091623831275,0.019405416765116302,0.025689994968545644,0.1540286920824444,0.0854218731646593,170
1,12,12,20,11,23,mse,1373 689,0.019516747554049887,0.019417673332646806,0.025679445876026302,0.1546443917243058,0.08608750498913917,175
1,12,12,20,11,23,mred,1375 690,0.019551566459418003,0.019403130619166955,0.025706214324634904,0.153412992440583,0.08475624134017942,175
1,12,14,12,5,23,mse,21 11,0.03071808056709968,0.03212728407259116,0.03405370406745681,0.07190360013151269,0.06054579771406468,173
1,12,14,12,6,23,mse,42 21,0.014292352756146117,0.013196481777268128,0.018742578140935853,0.07190360013151269,0.0377866404525942,186
1,12,14,12,6,23,mred,41 21,0.011691049631703872,0.010958256158573557,0.018847077117102397,0.09400113346171476,0.057372916261622844,186
1,12,14,12,7,23,mse,83 42,0.011279431476230624,0.010696095695059745,0.015519579140806023,0.08295236679661373,0.045986938274989064,199
1,12,14,12,8,23,mse,166 84,0.011279431476230624,0.010696095695059745,0.015519579140806023,0.08295236679661373,0.045986938274989064,212
1,12,14,12,8,23,mred,165 84,0.010953963840821684,0.01039282411404516,0.01642976237066203,0.08847675012916426,0.05162519014126688,212
1,12,14,12,9,23,mse,332 168,0.011279431476230624,0.010696095695059745,0.015519579140806023,0.08295236679661373,0.045986938274989064,225
1,12,14,12,9,23,mred,330 168,0.010953963840821684,0.01039282411404516,0.01642976237066203,0.08847675012916426,0.05162519014126688,225
1,12,14,12,10,23,mse,664 337,0.01154421681253692,0.011008979069632916,0.015492680469618395,0.08295236679661373,0.045877464020910926,238
1,12,14,12,10,23,mred,660 336,0.010953963840821684,0.01039282411404516,0.01642976237066203,0.08847675012916426,0.05162519014126688,238
1,12,14,12,11,23,mse,1328 673,0.011379689189075701,0.01081550595384278,0.015478510478959208,0.08295236679661373,0.045877464020910926,251
1,12,14,12,11,23,mred,1321 671,0.01091725180855796,0.010353552545155905,0.016316062456121556,0.08778620221259543,0.050906724376222394,251
1,12,14,14,5,23,mse,21 11,0.03045570619348581,0.03186109566952762,0.0338034955100064,0.07238077051704919,0.06018086353223835,163
1,12,14,14,6,23,mse,42 21,0.014146122422537138,0.01307076417090848,0.018564020422471794,0.07238077051704919,0.03813106351066599,174
1,12,14,14,6,23,mred,41 21,0.01178278318255834,0.011035520213387799,0.019035502586787694,0.09446694264759564,0.05779176795323996,174
1,12,14,14,7,23,mse,83 42,0.01121615135389329,0.010640158972210649,0.015529931726255589,0.08342385658232242,0.04682211178765785,185
1,12,14,14,8,23,mse,166 84,0.01121615135389329,0.010640158972210649,0.015529931726255589,0.08342385658232242,0.04682211178765785,196
1,12,14,14,8,23,mred,165 84,0.010948746075968805,0.010386960269337312,0.016543506650956035,0.08894539961495902,0.052046595806613374,196
1,12,14,14,9,23,mse,332 168,0.01121615135389329,0.010640158972210649,0.015529931726255589,0.08342385658232242,0.04682211178765785,207
1,12,14,14,9,23,mred,330 168,0.010948746075968805,0.010386960269337312,0.016543506650956035,0.08894539961495902,0.052046595806613374,207
1,12,14,14,10,23,mse,664 337,0.011457940782645636,0.010925778438470313,0.015483129778079825,0.08342385658232242,0.04630142365998679,218
1,12,14,14,10,23,mred,661 336,0.01092823599226472,0.01037892884770377,0.016133690671835205,0.08756501385679988,0.050610302769956726,218
1,12,14,14,11,23,mse,1329 673,0.011402101586735755,0.010828899479873913,0.015475214526175094,0.08273366370324284,0.046034215500846465,229
1,12,14,14,11,23,mred,1321 671,0.010914770339389777,0.010353511815036317,0.016426969213203406,0.08825520673587944,0.051328449288285054,229
1,12,14,16,5,23,mse,21 11,0.029447150098798766,0.030833658002934312,0.03285416594023036,0.07619813360134117,0.05901559807174581,153
1,12,14,16,6,23,mse,42 21,0.013624630707031437,0.012636587553054137,0.017964493195157676,0.07619813360134117,0.042227270063163166,162
1,12,14,16,6,23,mred,41 21,0.01232246501037483,0.011496836652326438,0.01988657652816273,0.09819341613464257,0.05959251362627886,162
1,12,14,16,7,23,mse,83 42,0.011058571247236658,0.010510637778259408,0.015720166639388803,0.08719577486799186,0.048342451328229855,171
1,12,14,16,8,23,mse,166 84,0.011058571247236658,0.010510637778259408,0.015720166639388803,0.08719577486799186,0.048342451328229855,180
1,12,14,16,8,23,mred,165 84,0.011032625190388605,0.010461546869223511,0.017126173672530692,0.09269459550131721,0.0538583216361952,180
1,12,14,16,9,23,mse,333 169,0.011947161501047108,0.011435396679153099,0.015620589139135686,0.08444636455132919,0.045393862390364886,189
1,12,14,16,9,23,mred,331 168,0.010928764585045497,0.01039175570045499,0.016223940410201237,0.08994518518465454,0.051127232586218554,189
1,12,14,16,10,23,mse,665 337,0.011351596699638207,0.010807954926189621,0.015504805052970983,0.08582106970966052,0.0468272049393283,198
1,12,14,16,10,23,mred,662 336,0.010928764585045497,0.01039175570045499,0.016223940410201237,0.08994518518465454,0.051127232586218554,198
1,12,14,16,11,23,mse,1331 674,0.011448229861387545,0.010890273138851797,0.015502015328609568,0.08513371713049486,0.0461105336648466,207
1,12,14,16,11,23,mred,1323 672,0.01093187338167353,0.010390078573303142,0.016414213999239712,0.09063253776382021,0.05170799963991382,207
1,12,14,18,5,23,mse,21 11,0.025950087757987364,0.02722608372489143,0.029756514335769337,0.08981621596429791,0.057163266242849384,143
1,12,14,18,6,23,mse,42 21,0.01289759112704198,0.012386335737222445,0.017087087240872375,0.08981621596429791,0.05167663710776533,150
1,12,14,18,7,23,mse,84 42,0.01289759112704198,0.012386335737222445,0.017087087240872375,0.08981621596429791,0.05167663710776533,157
1,12,14,18,7,23,mred,83 42,0.012255527936469442,0.011899086528740006,0.018176915283661527,0.10065173720281817,0.05933892217709746,157
1,12,14,18,8,23,mse,167 85,0.012189963170435593,0.011803483941048971,0.016413423118705174,0.09523397658355805,0.05253567377023055,164
1,12,14,18,8,23,mred,167 84,0.01207135164706097,0.011729592189547111,0.016838408884191743,0.09523397658355805,0.05595035306174011,164
1,12,14,18,9,23,mse,335 169,0.01184177686916451,0.011326246931773646,0.016131632850065556,0.09252509627392798,0.05221643988385064,171
1,12,14,18,9,23,mred,333 169,0.01149009840163586,0.011059192310006166,0.01671662130442113,0.09794285689318812,0.055968277260504434,171
1,12,14,18,10,23,mse,669 339,0.011858849464539174,0.011392203889830938,0.016115250135739587,0.09387953642874301,0.05175545196281752,178
1,12,14,18,10,23,mred,667 338,0.011472851597425868,0.011040539035528681,0.0164151345743535,0.09658841673837308,0.054590263765619255,178
1,12,14,18,11,23,mse,1339 677,0.011813967979413193,0.011318819678291995,0.016083749556536193,0.0932023163513355,0.05230037348463606,185
1,12,14,18,11,23,mred,1334 676,0.011472851597425868,0.011040539035528681,0.0164151345743535,0.09658841673837308,0.054590263765619255,185
1,12,14,20,5,23,mse,21 11,0.027280728105350312,0.02682891835953683,0.03441891914016125,0.17249968133828622,0.10360964854763381,133
1,12,14,20,6,23,mse,43 22,0.02363574389316949,0.023616397556545096,0.029194846744162187,0.15279729279872162,0.08226702113210128,138
1,12,14,20,7,23,mse,86 43,0.019570259725674027,0.01943776304298673,0.02574640104432431,0.15279729279872162,0.08477959476507863,143
1,12,14,20,8,23,mse,172 86,0.019570259725674027,0.01943776304298673,0.02574640104432431,0.15279729279872162,0.08477959476507863,148
1,12,14,20,9,23,mse,343 172,0.019498150119993812,0.019431880787087803,0.025659360375263507,0.1552600913661672,0.08675313681361903,153
1,12,14,20,10,23,mse,686 344,0.019498150119993812,0.019431880787087803,0.025659360375263507,0.1552600913661672,0.08675313681361903,158
1,12,14,20,10,23,mred,687 345,0.01954904987926017,0.0194135644145288,0.02568628316288822,0.1540286920824444,0.0854218731646593,158
1,12,14,20,11,23,mse,1373 689,0.01950408712543701,0.019401551103151102,0.02564888815085193,0.1546443917243058,0.08608750498913917,163
1,12,14,20,11,23,mred,1374 689,0.019515689398327787,0.01939831716285457,0.025662681373936083,0.1540286920824444,0.0854218731646593,163
1,12,16,12,5,23,mse,21 11,0.03231292878285472,0.0337044120731033,0.03564082586608199,0.07190360013151269,0.06288336097642108,161
1,12,16,12,6,23,mse,41 21,0.011427114588350652,0.010770720960335017,0.01784127261843374,0.09400113346171476,0.05517431654138478,174
1,12,16,12,7,23,mse,83 42,0.011784043239932655,0.011135991860533174,0.015680233531568975,0.08295236679661373,0.04377318519167994,187
1,12,16,12,7,23,mred,82 42,0.011427114588350652,0.010770720960335017,0.01784127261843374,0.09400113346171476,0.05517431654138478,187
1,12,16,12,8,23,mse,166 84,0.011784043239932655,0.011135991860533174,0.015680233531568975,0.08295236679661373,0.04377318519167994,200
1,12,16,12,8,23,mred,165 84,0.011135252278410194,0.010570330363631605,0.015933143515147994,0.08847675012916426,0.04941318432517371,200
1,12,16,12,9,23,mse,331 168,0.011363314750316758,0.010774142984246452,0.015582396060194665,0.08571455846288899,0.046532618217068174,213
1,12,16,12,9,23,mred,329 168,0.011140816075424442,0.01055574935353081,0.01670424226048991,0.09123894179543951,0.05229375043327924,213
1,12,16,12,10,23,mse,663 336,0.011546075750519337,0.010932621803528348,0.015574861598100715,0.08433346262975136,0.04509233516301541,226
1,12,16,12,10,23,mred,659 335,0.010958131499299643,0.010355958488396516,0.016390202326615335,0.08985784596230188,0.050853467379226476,226
1,12,16,12,11,23,mse,1325 672,0.011449504233376913,0.010849096886358113,0.015564468189299487,0.08502401054632018,0.04581247669004179,239
1,12,16,12,11,23,mred,1318 670,0.010958131499299643,0.010355958488396516,0.016390202326615335,0.08985784596230188,0.050853467379226476,239
1,12,16,14,5,23,mse,21 11,0.032044797355056234,0.03343200589934676,0.03538453698227579,0.07238077051704919,0.062360823145573334,151
1,12,16,14,6,23,mse,41 21,0.011463167593422748,0.010793411752819181,0.01800119355712736,0.09446694264759564,0.055306135448592544,162
1,12,16,14,7,23,mse,83 42,0.011701035021928829,0.01105727944940935,0.01565228711805412,0.08342385658232242,0.04413008557168965,173
1,12,16,14,7,23,mred,82 42,0.011463167593422748,0.010793411752819181,0.01800119355712736,0.09446694264759564,0.055306135448592544,173
1,12,16,14,8,23,mse,166 84,0.011701035021928829,0.01105727944940935,0.01565228711805412,0.08342385658232242,0.04413008557168965,184
1,12,16,14,8,23,mred,165 84,0.011101677206832413,0.010535077415771709,0.016009788826686702,0.08894539961495902,0.049545807006205915,184
1,12,16,14,9,23,mse,331 168,0.011305720168049364,0.010717306510856884,0.015607767842677965,0.08618462809864072,0.0466656427850126,195
1,12,16,14,9,23,mred,330 168,0.011101677206832413,0.010535077415771709,0.016009788826686702,0.08894539961495902,0.049545807006205915,195
1,12,16,14,10,23,mse,663 336,0.011477300478920247,0.010866210886918004,0.015573549049544316,0.08480424234048156,0.04522556067441594,206
1,12,16,14,10,23,mred,659 335,0.01096377617407872,0.0103618634985902,0.01650877807762463,0.09032578537311818,0.050985889116802574,206
1,12,16,14,11,23,mse,1326 672,0.011477300478920247,0.010866210886918004,0.015573549049544316,0.08480424234048156,0.04522556067441594,217
1,12,16,14,11,23,mred,1318 670,0.01096377617407872,0.0103618634985902,0.01650877807762463,0.09032578537311818,0.050985889116802574,217
1,12,16,16,5,23,mse,21 11,0.03095241935363326,0.03232058044457796,0.03435768955951634,0.07619813360134117,0.06145886321886732,141
1,12,16,16,6,23,mse,41 21,0.01173942470473091,0.011016268433897745,0.018736147631313753,0.09819341613464257,0.0575370341996244,150
1,12,16,16,7,23,mse,83 42,0.01140287219004189,0.010790637286322938,0.015610662441516517,0.08719577486799186,0.0465026706664074,159
1,12,16,16,8,23,mse,166 84,0.01140287219004189,0.010790637286322938,0.015610662441516517,0.08719577486799186,0.0465026706664074,168
1,12,16,16,8,23,mred,165 84,0.011024416120006247,0.010459384054241188,0.016408808843303865,0.09269459550131721,0.0517903087984026,168
1,12,16,16,9,23,mse,332 168,0.01140287219004189,0.010790637286322938,0.015610662441516517,0.08719577486799186,0.0465026706664074,177
1,12,16,16,9,23,mred,330 168,0.011024416120006247,0.010459384054241188,0.016408808843303865,0.09269459550131721,0.0517903087984026,177
1,12,16,16,10,23,mse,664 337,0.011682440855818576,0.011117909829909404,0.015604615677667757,0.08719577486799186,0.046043583397180794,186
1,12,16,16,10,23,mred,660 335,0.011026031396480847,0.010452657436351258,0.016621950253845472,0.09269459550131721,0.0517903087984026,186
1,12,16,16,11,23,mse,1328 673,0.011513176646604367,0.010920465911703522,0.015580178826287542,0.08719577486799186,0.04643375413393827,195
1,12,16,16,11,23,mred,1320 671,0.010982381895796143,0.010407396940800593,0.016489775166825486,0.09269459550131721,0.0517903087984026,195
1,12,16,18,5,23,mse,21 11,0.027263073166160535,0.028537863966771854,0.031025095562164866,0.08981621596429791,0.05821434236338524,131
1,12,16,18,6,23,mse,42 21,0.013186318923406527,0.012494300010449424,0.017531701807151138,0.08981621596429791,0.04937650910660142,138
1,12,16,18,7,23,mse,83 42,0.011884060368593612,0.01145219240869317,0.017457178713403524,0.10065173720281817,0.05623451728717748,145
1,12,16,18,8,23,mse,167 84,0.012096341116998907,0.011615848467386832,0.016681776084413867,0.09523397658355805,0.05171752460831295,152
1,12,16,18,8,23,mred,166 84,0.011884060368593612,0.01145219240869317,0.017457178713403524,0.10065173720281817,0.05623451728717748,152
1,12,16,18,9,23,mse,334 169,0.0119550458945741,0.011421407800733186,0.016281269520035863,0.09523397658355805,0.05056475087201534,159
1,12,16,18,9,23,mred,333 169,0.011726732725492447,0.011240675212099677,0.016473362166129015,0.09794285689318812,0.052189360102496155,159
1,12,16,18,10,23,mse,668 338,0.0119550458945741,0.011421407800733186,0.016281269520035863,0.09523397658355805,0.05056475087201534,166
1,12,16,18,10,23,mred,665 337,0.011605041598459516,0.011125841493961484,0.016820521612370347,0.09929729704800315,0.054720673110000936,166
1,12,16,18,11,23,mse,1336 676,0.0119550458945741,0.011421407800733186,0.016281269520035863,0.09523397658355805,0.05056475087201534,173
1,12,16,18,11,23,mred,1330 674,0.011605041598459516,0.011125841493961484,0.016820521612370347,0.09929729704800315,0.054720673110000936,173
1,12,16,20,5,23,mse,21 11,0.026860673077139435,0.026546996980288423,0.03352755182505137,0.17249968133828622,0.09668135796489567,121
1,12,16,20,6,23,mse,43 21,0.02394070485749144,0.024426079374397038,0.029593857560452644,0.15279729279872162,0.085901685224108,126
1,12,16,20,6,23,mred,43 22,0.02422871571201901,0.02414587830385248,0.029769184275496567,0.15279729279872162,0.0753316113149491,126
1,12,16,20,7,23,mse,86 43,0.01967247163009083,0.01936080541477093,0.025905562887334616,0.15279729279872162,0.07747732599836915,131
1,12,16,20,8,23,mse,171 86,0.01941223083502716,0.019250662453438698,0.02551995995514386,0.15772288993361278,0.08159127509259397,136
1,12,16,20,9,23,mse,342 172,0.01941223083502716,0.019250662453438698,0.02551995995514386,0.15772288993361278,0.08159127509259397,141
1,12,16,20,9,23,mred,343 172,0.019462816726804576,0.019244354176820487,0.02558465740698744,0.1552600913661672,0.07956811297178693,141
1,12,16,20,10,23,mse,684 344,0.01941223083502716,0.019250662453438698,0.02551995995514386,0.15772288993361278,0.08159127509259397,146
1,12,16,20,10,23,mred,685 344,0.019413919474375513,0.01922987721003433,0.025519980034338523,0.15649149064988999,0.08024857227840185,146
1,12,16,20,11,23,mse,1369 688,0.01940815515272465,0.019236672475611782,0.02551187630159173,0.15710719029175138,0.08091992368549791,151
1,12,16,20,11,23,mred,1370 688,0.019413919474375513,0.01922987721003433,0.025519980034338523,0.15649149064988999,0.08024857227840185,151
1,12,18,12,5,23,mse,21 10,0.034138442934973964,0.03426624661410792,0.03738040572926613,0.0877285736965106,0.06807090262203976,149
1,12,18,12,5,23,mred,20 10,0.03296888547397178,0.032984156582357496,0.038149207611978056,0.10120024577132404,0.07324964059826555,149
1,12,18,12,6,23,mse,41 21,0.013424493745055182,0.01287114633743582,0.017787266889392032,0.07873025191560715,0.04686381985636461,162
1,12,18,12,7,23,mse,82 42,0.013424493745055182,0.01287114633743582,0.017787266889392032,0.07873025191560715,0.04686381985636461,175
1,12,18,12,8,23,mse,164 83,0.012568241149463085,0.011791664882071392,0.017657554806781977,0.07873025191560715,0.04754036016387415,188
1,12,18,12,8,23,mred,163 83,0.012571808588255493,0.01173814977757777,0.018649258066080948,0.08434775037953636,0.05286353097898729,188
1,12,18,12,9,23,mse,328 167,0.012458440919235493,0.011718772220175703,0.017325228022882975,0.07873025191560715,0.047052877794809295,201
1,12,18,12,9,23,mred,327 167,0.01232530834194542,0.0115799441293457,0.01763461158104631,0.08153900114757175,0.04976972284460741,201
1,12,18,12,10,23,mse,657 334,0.012625716549528706,0.011870074138040329,0.017324711276983134,0.07732587729962484,0.04566614347209146,214
1,12,18,12,10,23,mred,654 333,0.012221271730046893,0.011434352374512218,0.01770060032419193,0.08153900114757175,0.04995820438689829,214
1,12,18,12,11,23,mse,1313 668,0.012534372426925594,0.011788047380754379,0.017312001585325178,0.078028064607616,0.04639242494585699,227
1,12,18,12,11,23,mred,1307 666,0.012227425512265352,0.011431981855601354,0.01783987456421533,0.0822411884555629,0.0506683958068178,227
1,12,18,14,5,23,mse,21 10,0.0340814142104545,0.034260559156330486,0.03731709072637601,0.08802738516925986,0.0683596402576525,139
1,12,18,14,5,23,mred,20 10,0.033292010900061314,0.033301606359730195,0.03843486269693598,0.10254374316180039,0.0736460919409546,139
1,12,18,14,6,23,mse,41 21,0.013333021627204884,0.012771240475500902,0.017763722206365552,0.0801073367408454,0.04741922177284821,150
1,12,18,14,7,23,mse,82 42,0.013333021627204884,0.012771240475500902,0.017763722206365552,0.0801073367408454,0.04741922177284821,161
1,12,18,14,8,23,mse,164 83,0.012575166101411558,0.011808495571148932,0.017705273093670617,0.0801073367408454,0.04802355900079646,172
1,12,18,14,9,23,mse,328 167,0.012406633832696684,0.011665140472370711,0.017337712858487925,0.0801073367408454,0.04754782686431883,183
1,12,18,14,9,23,mred,327 167,0.012306783915588931,0.011554079053038539,0.017693786842326305,0.08291188754346476,0.050323431462565134,183
1,12,18,14,10,23,mse,657 334,0.012556789556781333,0.011801570813062549,0.017313164715683917,0.07870506133953571,0.04627114338264912,194
1,12,18,14,10,23,mred,654 333,0.012233049838057473,0.011444464699366618,0.017777262259646893,0.08291188754346476,0.050451487560508046,194
1,12,18,14,11,23,mse,1313 668,0.01247294202183726,0.011725917477093147,0.017312484584052112,0.07940619904019056,0.046963013236493864,205
1,12,18,14,11,23,mred,1308 666,0.012233049838057473,0.011444464699366618,0.017777262259646893,0.08291188754346476,0.050451487560508046,205
1,12,18,16,5,23,mse,21 10,0.033835085356062014,0.03421807178818364,0.03708726597685168,0.09161312284225097,0.0700401266877677,129
1,12,18,16,6,23,mse,41 21,0.01304682688700217,0.012450093998806644,0.01777480322459822,0.08194344984116307,0.04938266642566616,138
1,12,18,16,7,23,mse,82 42,0.01304682688700217,0.012450093998806644,0.01777480322459822,0.08194344984116307,0.04938266642566616,147
1,12,18,16,8,23,mse,164 84,0.01304682688700217,0.012450093998806644,0.01777480322459822,0.08194344984116307,0.04938266642566616,156
1,12,18,16,8,23,mred,164 83,0.012686242334814215,0.01195518062998073,0.017998296318805236,0.08194344984116307,0.0503788752874992,156
1,12,18,16,9,23,mse,329 167,0.012525098398892782,0.01175750491052318,0.017350824111416096,0.07914449694433735,0.04712659596559838,165
1,12,18,16,9,23,mred,328 167,0.012293183064875108,0.011544791816496883,0.017494408692025665,0.08194344984116307,0.04945815948848167,165
1,12,18,16,10,23,mse,658 334,0.012525098398892782,0.01175750491052318,0.017350824111416096,0.07914449694433735,0.04712659596559838,174
1,12,18,16,10,23,mred,655 334,0.012277388751932928,0.011520547951047462,0.017717970946139736,0.08334292628957593,0.050907156196578505,174
1,12,18,16,11,23,mse,1315 669,0.012537016593354659,0.011801961988107288,0.01734438865243287,0.07984423516854378,0.047585745230863855,183
1,12,18,16,11,23,mred,1310 667,0.0122605115600341,0.011490698239301938,0.017770588072583974,0.08334292628957593,0.050907156196578505,183
1,12,18,18,5,23,mse,21 10,0.033120706544089246,0.034290431324140905,0.036839183271187584,0.10117508997022728,0.07708230363614023,119
1,12,18,18,6,23,mse,41 21,0.013329129528933729,0.01257854160762881,0.019382534711638182,0.10193029092165422,0.05614112373738873,126
1,12,18,18,7,23,mse,83 42,0.013533411967962705,0.012755667702894559,0.018204521716001357,0.09097822129874757,0.04506701510696083,133
1,12,18,18,7,23,mred,82 42,0.013329129528933729,0.01257854160762881,0.019382534711638182,0.10193029092165422,0.05614112373738873,133
1,12,18,18,8,23,mse,165 84,0.012901137542075104,0.01223483633352353,0.01803427396993727,0.09645425611020089,0.050430250848583595,140
1,12,18,18,9,23,mse,331 168,0.013106915080238701,0.012404648398302607,0.017923244009573774,0.09371623870447422,0.04794331927832541,147
1,12,18,18,9,23,mred,330 168,0.012901137542075104,0.01223483633352353,0.01803427396993727,0.09645425611020089,0.050430250848583595,147
1,12,18,18,10,23,mse,662 336,0.013106915080238701,0.012404648398302607,0.017923244009573774,0.09371623870447422,0.04794331927832541,154
1,12,18,18,10,23,mred,660 335,0.01277873319229055,0.01209299149623308,0.01806389149117957,0.09645425611020089,0.0508181300982925,154
1,12,18,18,11,23,mse,1323 671,0.012937832563436055,0.012233297369217577,0.01790495774394859,0.09440074305590589,0.04866239532116655,161
1,12,18,18,11,23,mred,1319 670,0.012772550385680752,0.012087258327941561,0.018152517046989808,0.09713876046163256,0.05151884348546087,161
1,12,18,20,5,23,mse,21 11,0.027534704595099144,0.027623433403023607,0.03317500173311195,0.1690558789330176,0.08261672910600718,109
1,12,18,20,6,23,mse,42 21,0.022721238797686595,0.0226721995469273,0.028970338753271846,0.1690558789330176,0.08553451365837077,114
1,12,18,20,7,23,mse,85 43,0.020715927429897286,0.02012916674964408,0.02685861623138795,0.1591636870155535,0.07218542427868835,119
1,12,18,20,8,23,mse,169 85,0.0202608316669014,0.019857890206204848,0.026460072358243304,0.16410978297428555,0.07804582246647991,124
1,12,18,20,8,23,mred,170 85,0.020330084862413497,0.019835639267528453,0.026631961522340993,0.1591636870155535,0.07464801977335137,124
1,12,18,20,9,23,mse,339 171,0.020125024356759127,0.019612460058594995,0.026281380874433786,0.16163673499491954,0.07491429067786867,129
1,12,18,20,10,23,mse,677 342,0.020123524974087086,0.01963024750979262,0.026270073533222867,0.16287325898460253,0.07627872387745883,134
1,12,18,20,10,23,mred,678 342,0.020125024356759127,0.019612460058594995,0.026281380874433786,0.16163673499491954,0.07491429067786867,134
1,12,18,20,11,23,mse,1355 683,0.02008862569061605,0.01960008982459615,0.02625467266056776,0.16225499698976104,0.07559650727766376,139
1,12,18,20,11,23,mred,1357 683,0.020102282470923438,0.01959220483452829,0.026298085915985578,0.16101847300007802,0.074604432434743,139
1,12,20,12,5,23,mse,20 10,0.027242348594966055,0.025382183504331662,0.035763754499105044,0.09224526294725274,0.07281799528424504,137
1,12,20,12,6,23,mse,40 20,0.027242348594966055,0.025382183504331662,0.035763754499105044,0.09224526294725274,0.07281799528424504,150
1,12,20,12,6,23,mred,39 20,0.0273587362107665,0.02499755370305482,0.03730708121058019,0.10247166456416354,0.07853463362957794,150
1,12,20,12,7,23,mse,79 41,0.02579436660126886,0.02410589825905197,0.03385063527544839,0.09096489103293486,0.06857258358050568,163
1,12,20,12,8,23,mse,158 81,0.025076027612162457,0.023082783638572586,0.03347122341558395,0.09096489103293486,0.06857258358050568,176
1,12,20,12,9,23,mse,317 163,0.025259565577605798,0.023439711858440515,0.0333470751275813,0.0880881976501277,0.07031456990085738,189
1,12,20,12,9,23,mred,316 162,0.025076027612162457,0.023082783638572586,0.03347122341558395,0.09096489103293486,0.06857258358050568,189
1,12,20,12,10,23,mse,634 325,0.025127898970408524,0.023238897252539754,0.03330630926246872,0.0880881976501277,0.07031456990085738,202
1,12,20,12,10,23,mred,631 324,0.025102655958281195,0.02307441724226588,0.03360501450449192,0.09240323772433845,0.0695960602923827,202
1,12,20,12,11,23,mse,1268 650,0.025127898970408524,0.023238897252539754,0.03330630926246872,0.0880881976501277,0.07031456990085738,215
1,12,20,12,11,23,mred,1262 648,0.025102655958281195,0.02307441724226588,0.03360501450449192,0.09240323772433845,0.0695960602923827,215
1,12,20,14,5,23,mse,20 10,0.027233865458527604,0.02538139760784893,0.035726448759437715,0.09111183652427048,0.07253981117190508,127
1,12,20,14,6,23,mse,40 20,0.027233865458527604,0.02538139760784893,0.035726448759437715,0.09111183652427048,0.07253981117190508,138
1,12,20,14,6,23,mred,39 20,0.02745611688731135,0.02508869183077622,0.03744906117023845,0.1028904831994579,0.07863777398114685,138
1,12,20,14,7,23,mse,79 41,0.025763602662750792,0.02405686455195933,0.03383652088658698,0.0913890791379125,0.06904374246658783,149
1,12,20,14,8,23,mse,159 81,0.025254095177988895,0.02334385923698859,0.03348411168872153,0.08563837710713978,0.07056015994159334,160
1,12,20,14,8,23,mred,158 81,0.025083179035786912,0.023080510283048267,0.03349484999705164,0.0913890791379125,0.06904374246658783,160
1,12,20,14,9,23,mse,317 163,0.025230749628620937,0.02339799493523824,0.03332691425421286,0.08851372812252614,0.06991248150956914,171
1,12,20,14,9,23,mred,316 162,0.025083179035786912,0.023080510283048267,0.03349484999705164,0.0913890791379125,0.06904374246658783,171
1,12,20,14,10,23,mse,634 325,0.025108782999478163,0.023209330191538848,0.03329562248807064,0.08851372812252614,0.06991248150956914,182
1,12,20,14,10,23,mred,631 324,0.025116536771199065,0.023078189579896803,0.033640866779133055,0.09282675464560566,0.06992573317805686,182
1,12,20,14,11,23,mse,1268 650,0.025108782999478163,0.023209330191538848,0.03329562248807064,0.08851372812252614,0.06991248150956914,193
1,12,20,14,11,23,mred,1263 648,0.0250962222060037,0.023076325833424973,0.03356077011081752,0.09210791689175908,0.06932934452537279,193
1,12,20,16,5,23,mse,20 10,0.02724753752790341,0.02542271268982659,0.03565852559471693,0.08818107249875769,0.07251069197110421,117
1,12,20,16,6,23,mse,40 20,0.02724753752790341,0.02542271268982659,0.03565852559471693,0.08818107249875769,0.07251069197110421,126
1,12,20,16,7,23,mse,79 41,0.02568765138848466,0.023906360526590627,0.033879062083359314,0.09393420776777829,0.069059924795693,135
1,12,20,16,8,23,mse,159 81,0.025230301769357304,0.023297977412186005,0.03347256533854898,0.08819961414605536,0.06920960844531711,144
1,12,20,16,8,23,mred,158 81,0.025179150944816257,0.023139114727560715,0.033688321302033385,0.09393420776777829,0.069059924795693,144
1,12,20,16,9,23,mse,317 163,0.025169751859932372,0.02328265046631261,0.033343511133007285,0.09106691095691682,0.06863057461825037,153
1,12,20,16,9,23,mred,316 162,0.025179150944816257,0.023139114727560715,0.033688321302033385,0.09393420776777829,0.069059924795693,153
1,12,20,16,10,23,mse,635 326,0.025198236334875466,0.023336011247480963,0.03331795812298,0.0896332625514861,0.06864736154917601,162
1,12,20,16,10,23,mred,632 325,0.025131041873622806,0.02312357508242801,0.03357303263874029,0.09393420776777829,0.069059924795693,162
1,12,20,16,11,23,mse,1270 651,0.025145411083622077,0.023252593122838526,0.033307507479582166,0.0896332625514861,0.06864736154917601,171
1,12,20,16,11,23,mred,1265 649,0.025118273567012364,0.023109113874026817,0.0335401427690946,0.09321738356506291,0.0687622283174886,171
1,12,20,18,5,23,mse,20 10,0.027725169685642117,0.02604059168415462,0.035928825647139985,0.09277440231619387,0.07297839578840162,107
1,12,20,18,6,23,mse,40 20,0.027725169685642117,0.02604059168415462,0.035928825647139985,0.09277440231619387,0.07297839578840162,114
1,12,20,18,7,23,mse,80 41,0.025428417121301804,0.023622489293736216,0.03349030492290204,0.09277440231619387,0.06969878116048428,121
1,12,20,18,8,23,mse,160 82,0.025428417121301804,0.023622489293736216,0.03349030492290204,0.09277440231619387,0.06969878116048428,128
1,12,20,18,8,23,mred,159 82,0.02536494684613634,0.02346981588226759,0.033663256424689224,0.09844456230171766,0.07051474401854461,128
1,12,20,18,9,23,mse,319 163,0.02519710670506843,0.023259506550746323,0.033445484177247624,0.09560948230895577,0.06989533419478419,135
1,12,20,18,9,23,mred,318 163,0.025228259540038156,0.023238460547054487,0.0336450991366848,0.09844456230171766,0.07051474401854461,135
1,12,20,18,10,23,mse,639 327,0.02524252684488009,0.02336418409336863,0.033385261333245396,0.09419194231257483,0.07003393525548476,142
1,12,20,18,10,23,mred,637 326,0.025196574813401915,0.02323574515032298,0.03351716383478629,0.09702702230533672,0.06940892872862064,142
1,12,20,18,11,23,mse,1278 654,0.02524252684488009,0.02336418409336863,0.033385261333245396,0.09419194231257483,0.07003393525548476,149
1,12,20,18,11,23,mred,1273 652,0.025207271984475414,0.02323293523149475,0.033574133095786995,0.09773579230352719,0.07010230202241344,149
1,12,20,20,5,23,mse,20 10,0.03863756629133783,0.03752400388659055,0.04820441140364985,0.15211154380861253,0.10144388714715954,97
1,12,20,20,6,23,mse,41 21,0.029823834724178447,0.028205949831669214,0.03884021369523382,0.13091433240382783,0.08602270874097259,102
1,12,20,20,7,23,mse,82 42,0.029823834724178447,0.028205949831669214,0.03884021369523382,0.13091433240382783,0.08602270874097259,107
1,12,20,20,8,23,mse,163 83,0.028926128992910347,0.027179899852847317,0.03816994266682281,0.136213635255024,0.08385939636169927,112
1,12,20,20,9,23,mse,327 166,0.02892508478305459,0.02719349511715605,0.038107577774916065,0.13356398382942591,0.08448234048449027,117
1,12,20,20,9,23,mred,326 166,0.028926128992910347,0.027179899852847317,0.03816994266682281,0.136213635255024,0.08385939636169927,117
1,12,20,20,10,23,mse,654 332,0.02892508478305459,0.02719349511715605,0.038107577774916065,0.13356398382942591,0.08448234048449027,122
1,12,20,20,10,23,mred,653 332,0.028908151588572767,0.027173256923847446,0.03811503344324035,0.13488880954222496,0.08436213214828672,122
1,12,20,20,11,23,mse,1307 665,0.028916995106545617,0.027185478898407164,0.038101272862162056,0.13422639668582542,0.08447452741979142,127
1,12,20,20,11,23,mred,1305 664,0.028911829704386785,0.02717243096822502,0.0381365650196277,0.13555122239862447,0.08461368585770743,127
1,14,12,12,5,23,mse,21 11,0.029951131465899124,0.03134478182937607,0.033308069914367126,0.07190360013151269,0.05977144440741103,173
1,14,12,12,6,23,mse,42 21,0.013913609944786152,0.01288103037412245,0.018292235073226883,0.07190360013151269,0.039200165917462663,186
1,14,12,12,6,23,mred,41 21,0.011985514833794154,0.011202612043727203,0.019430470018426994,0.09400113346171476,0.058518624122811086,186
1,14,12,12,7,23,mse,83 42,0.01114825551348718,0.010584373230336713,0.015617899247630728,0.08295236679661373,0.047074375812672035,199
1,14,12,12,8,23,mse,166 84,0.01114825551348718,0.010584373230336713,0.015617899247630728,0.08295236679661373,0.047074375812672035,212
1,14,12,12,8,23,mred,165 84,0.010997126182139837,0.010427008028628448,0.016813448088106607,0.08847675012916426,0.05277788402599895,212
1,14,12,12,9,23,mse,332 168,0.01114825551348718,0.010584373230336713,0.015617899247630728,0.08295236679661373,0.047074375812672035,225
1,14,12,12,9,23,mred,331 168,0.010955969859076958,0.010410893537685277,0.01600923711978173,0.08571455846288899,0.04990751397759289,225
1,14,12,12,10,23,mse,665 337,0.01151115458623739,0.010954824240033658,0.015496651152774071,0.0815712709634761,0.045601958904983794,238
1,14,12,12,10,23,mred,661 336,0.01094431915749966,0.010392379411894713,0.016362806039420644,0.08709565429602661,0.05134269900179592,238
1,14,12,12,11,23,mse,1330 674,0.01151115458623739,0.010954824240033658,0.015496651152774071,0.0815712709634761,0.045601958904983794,251
1,14,12,12,11,23,mred,1322 672,0.01094431915749966,0.010392379411894713,0.016362806039420644,0.08709565429602661,0.05134269900179592,251
1,14,12,14,5,23,mse,21 11,0.029700661677207595,0.031089169442853268,0.03307134893028108,0.07238077051704919,0.05937431177220769,163
1,14,12,14,6,23,mse,42 21,0.013785998354584075,0.012776170388783687,0.018138704623870447,0.07238077051704919,0.040083017394658034,174
1,14,12,14,6,23,mred,41 21,0.012114774068220629,0.011315480201021006,0.019634644829684644,0.09446694264759564,0.05907662689396154,174
1,14,12,14,7,23,mse,83 42,0.011110593520726523,0.010555085897160438,0.015658609340712948,0.08342385658232242,0.04772460561741481,185
1,14,12,14,8,23,mse,166 84,0.011110593520726523,0.010555085897160438,0.015658609340712948,0.08342385658232242,0.04772460561741481,196
1,14,12,14,8,23,mred,165 84,0.011019781093746671,0.010449093562342198,0.016951023222220033,0.08894539961495902,0.05333928925307106,196
1,14,12,14,9,23,mse,333 169,0.012053911154992488,0.011534198424668246,0.015654763052413617,0.0806630850660041,0.04473328279173534,207
1,14,12,14,9,23,mred,331 168,0.01094921109367427,0.010407844619865346,0.016101552687352794,0.08618462809864072,0.050470620432625825,207
1,14,12,14,10,23,mse,665 337,0.011432456710306533,0.010881716759539879,0.01549079149837496,0.08204347082416326,0.046167617201957965,218
1,14,12,14,10,23,mred,661 336,0.010952234568858129,0.010402402435074048,0.01647869652011823,0.08756501385679988,0.05190495484284844,218
1,14,12,14,11,23,mse,1330 674,0.011432456710306533,0.010881716759539879,0.01549079149837496,0.08204347082416326,0.046167617201957965,229
1,14,12,14,11,23,mred,1323 672,0.010943889996536043,0.010399238949727057,0.016277774120574236,0.0868748209777203,0.05118778763773713,229
1,14,12,16,5,23,mse,21 11,0.028725524689321203,0.03008714526819222,0.03215874741077912,0.07619813360134117,0.058220731422973744,153
1,14,12,16,6,23,mse,42 21,0.013325437434569962,0.012405701647787547,0.017623243752762696,0.07619813360134117,0.042631388360480284,162
1,14,12,16,6,23,mred,41 21,0.012755796348018121,0.011872405932751101,0.020528194128447842,0.09819341613464257,0.06035136898356543,162
1,14,12,16,7,23,mse,83 42,0.011024008176400969,0.01049568275848898,0.015945123576835026,0.08719577486799186,0.0492707902278545,171
1,14,12,16,8,23,mse,166 84,0.011024008176400969,0.01049568275848898,0.015945123576835026,0.08719577486799186,0.0492707902278545,180
1,14,12,16,9,23,mse,333 169,0.011668597091833783,0.011159081015401747,0.015568685046117426,0.08444636455132919,0.04602745692538808,189
1,14,12,16,9,23,mred,331 168,0.010980828887690098,0.010448282192114303,0.016585673963341586,0.08994518518465454,0.05175702174865902,189
1,14,12,16,10,23,mse,666 337,0.01134543802112268,0.010788303216192443,0.015539370462535188,0.08444636455132919,0.04643953454387049,198
1,14,12,16,10,23,mred,662 336,0.010980828887690098,0.010448282192114303,0.016585673963341586,0.08994518518465454,0.05175702174865902,198
1,14,12,16,11,23,mse,1332 675,0.011477720009310625,0.010939804557933629,0.015526616244614794,0.08444636455132919,0.046239963828967716,207
1,14,12,16,11,23,mred,1325 673,0.010959047007652857,0.010431161437678658,0.016271469052205605,0.08925783260548888,0.05104082614575015,207
1,14,12,18,5,23,mse,21 11,0.025372030160857623,0.026602104328897664,0.029192375282247128,0.08981621596429791,0.05676513653546015,143
1,14,12,18,6,23,mse,42 21,0.012938332772857268,0.012506591713979906,0.01714712494378377,0.08981621596429791,0.05262007730883642,150
1,14,12,18,7,23,mse,84 42,0.012938332772857268,0.012506591713979906,0.01714712494378377,0.08981621596429791,0.05262007730883642,157
1,14,12,18,7,23,mred,83 42,0.012634201386287064,0.012300824160801475,0.018715443026849,0.10065173720281817,0.06162521107056858,157
1,14,12,18,8,23,mse,168 85,0.0126944683056611,0.012154046366324112,0.01647324679788137,0.08981621596429791,0.05031949072202121,164
1,14,12,18,8,23,mred,167 85,0.012023571563573624,0.011624846285392211,0.016489116305029174,0.09523397658355805,0.05318062318546516,164
1,14,12,18,9,23,mse,335 169,0.011731309119913987,0.011248861911429691,0.01620312152737898,0.09252509627392798,0.05368511437865604,171
1,14,12,18,9,23,mred,334 169,0.011505284023311253,0.011074860553630456,0.01642261887084143,0.09523397658355805,0.055972350896294897,171
1,14,12,18,10,23,mse,670 339,0.01185922692037414,0.011370625009224719,0.016132460429061954,0.09252509627392798,0.05314592080915805,178
1,14,12,18,10,23,mred,667 338,0.011490464126434608,0.011069158010305218,0.016687055719568147,0.09658841673837308,0.05693826158246282,178
1,14,12,18,11,23,mse,1340 678,0.01185922692037414,0.011370625009224719,0.016132460429061954,0.09252509627392798,0.05314592080915805,185
1,14,12,18,11,23,mred,1335 676,0.011489955280280177,0.011065404436214508,0.01654233621311097,0.09591119666096556,0.05665579720660875,185
1,14,12,20,5,23,mse,21 11,0.02733330774704669,0.026790364630728813,0.0346606257467358,0.17249968133828622,0.10363732703966413,133
1,14,12,20,6,23,mse,43 22,0.023304788717657655,0.023265670821553883,0.028875272913942804,0.15279729279872162,0.08229535863584661,138
1,14,12,20,7,23,mse,86 43,0.019593350788169456,0.019510061488067693,0.025750791499849573,0.15279729279872162,0.08493815188089268,143
1,14,12,20,8,23,mse,172 86,0.019593350788169456,0.019510061488067693,0.025750791499849573,0.15279729279872162,0.08493815188089268,148
1,14,12,20,9,23,mse,344 172,0.019593350788169456,0.019510061488067693,0.025750791499849573,0.15279729279872162,0.08493815188089268,153
1,14,12,20,10,23,mse,687 345,0.019546115361985836,0.01944657532323465,0.025689737775902277,0.1540286920824444,0.08592742090226489,158
1,14,12,20,10,23,mred,688 345,0.019574777995238036,0.019442964466015025,0.025721405041761423,0.15279729279872162,0.08477959476507863,158
1,14,12,20,11,23,mse,1374 689,0.01953923424449492,0.019461721379269818,0.025688576117590678,0.1540286920824444,0.08610985698198985,163
1,14,12,20,11,23,mred,1375 690,0.019554479099283078,0.0194403776826087,0.02569759958949639,0.153412992440583,0.08544472587353424,163
1,14,14,12,5,23,mse,21 11,0.03039364280598629,0.031784623246476365,0.03373574286274282,0.07190360013151269,0.06014529514585527,161
1,14,14,12,6,23,mse,42 21,0.014149178376194296,0.013073972076664837,0.018579746529897023,0.07190360013151269,0.038769627893156376,174
1,14,14,12,6,23,mred,41 21,0.011786227697254112,0.011038069234128008,0.019051040957978677,0.09400113346171476,0.057917367368988955,174
1,14,14,12,7,23,mse,83 42,0.011225729269179517,0.010649335212798483,0.015548853034593493,0.08295236679661373,0.0466342301740309,187
1,14,14,12,8,23,mse,166 84,0.011225729269179517,0.010649335212798483,0.015548853034593493,0.08295236679661373,0.0466342301740309,200
1,14,14,12,8,23,mred,165 84,0.010959774038773313,0.010396877239545741,0.016561327270862257,0.08847675012916426,0.0521729610724584,200
1,14,14,12,9,23,mse,332 168,0.011225729269179517,0.010649335212798483,0.015548853034593493,0.08295236679661373,0.0466342301740309,213
1,14,14,12,9,23,mred,330 168,0.010959774038773313,0.010396877239545741,0.016561327270862257,0.08847675012916426,0.0521729610724584,213
1,14,14,12,10,23,mse,664 337,0.011452839408675605,0.010916597863903872,0.015492147560867264,0.08295236679661373,0.04642855477592785,226
1,14,14,12,10,23,mred,661 336,0.01093740883315382,0.010387443646148128,0.016151948893523043,0.08709565429602661,0.05073685949832576,226
1,14,14,12,11,23,mse,1329 674,0.011549827522138775,0.010999655487584642,0.015488418698176515,0.08226181888004491,0.04571050398886153,239
1,14,14,12,11,23,mred,1321 671,0.01093257806658996,0.010372187783318155,0.016449580654980738,0.08778620221259543,0.051454910285392085,239
1,14,14,14,5,23,mse,21 11,0.030142895734774633,0.03152835629039513,0.03349974672055297,0.07238077051704919,0.059815997736412205,151
1,14,14,14,6,23,mse,42 21,0.014017778258816681,0.012964595141805719,0.018424099930766668,0.07238077051704919,0.03901226481033021,162
1,14,14,14,6,23,mred,41 21,0.011897213549752176,0.011133187202852696,0.019257722858556085,0.09446694264759564,0.05856694138796105,162
1,14,14,14,7,23,mse,83 42,0.01118412364930293,0.010615411826189245,0.015586161092606902,0.08342385658232242,0.04710380532075533,173
1,14,14,14,8,23,mse,166 84,0.01118412364930293,0.010615411826189245,0.015586161092606902,0.08342385658232242,0.04710380532075533,184
1,14,14,14,8,23,mred,165 84,0.010977709695656989,0.010413424113377784,0.01669843823707828,0.08894539961495902,0.052826495908619354,184
1,14,14,14,9,23,mse,332 168,0.01118412364930293,0.010615411826189245,0.015586161092606902,0.08342385658232242,0.04710380532075533,195
1,14,14,14,9,23,mred,330 168,0.010977709695656989,0.010413424113377784,0.01669843823707828,0.08894539961495902,0.052826495908619354,195
1,14,14,14,10,23,mse,665 337,0.011578760060742857,0.011017407683711806,0.01550334534196114,0.08204347082416326,0.04565093905944222,206
1,14,14,14,10,23,mred,661 336,0.01094079925135825,0.010391582169890005,0.016266527754158752,0.08756501385679988,0.051391384538783925,206
1,14,14,14,11,23,mse,1329 674,0.01147457198247285,0.01092870090953069,0.015492585825207633,0.08273366370324284,0.04636849474435994,217
1,14,14,14,11,23,mred,1322 672,0.01094079925135825,0.010391582169890005,0.016266527754158752,0.08756501385679988,0.051391384538783925,217
1,14,14,16,5,23,mse,21 11,0.02915135384802167,0.030515253830023056,0.03255620745639105,0.07619813360134117,0.058682201609437344,141
1,14,14,16,6,23,mse,42 21,0.013528686152166916,0.012563352199276904,0.01785255323293375,0.07619813360134117,0.04248592463141347,150
1,14,14,16,6,23,mred,41 21,0.012464784544887276,0.011622676750541804,0.020110092200225204,0.09819341613464257,0.059815917874745224,150
1,14,14,16,7,23,mse,83 42,0.011056228776405583,0.010516015340998566,0.015800858210124714,0.08719577486799186,0.048892239337023545,159
1,14,14,16,8,23,mse,166 84,0.011056228776405583,0.010516015340998566,0.015800858210124714,0.08719577486799186,0.048892239337023545,168
1,14,14,16,8,23,mred,165 84,0.011084858769873522,0.010512048295812395,0.017293555479674847,0.09269459550131721,0.054083088105688785,168
1,14,14,16,9,23,mse,333 169,0.011839990752523635,0.011324469787243198,0.015590539860483914,0.08444636455132919,0.04558880446801848,177
1,14,14,16,9,23,mred,331 168,0.010950826312080872,0.010417323347503272,0.01635155924904178,0.08994518518465454,0.051240445882726894,177
1,14,14,16,10,23,mse,666 337,0.011484932923950137,0.010912877804792288,0.015527220625837097,0.08444636455132919,0.04602745692538808,186
1,14,14,16,10,23,mred,662 336,0.010950826312080872,0.010417323347503272,0.01635155924904178,0.08994518518465454,0.051240445882726894,186
1,14,14,16,11,23,mse,1331 674,0.011381677039928501,0.010825744593284132,0.015514930623545567,0.08513371713049486,0.04674365252829694,195
1,14,14,16,11,23,mred,1324 672,0.010950826312080872,0.010417323347503272,0.01635155924904178,0.08994518518465454,0.051240445882726894,195
1,14,14,18,5,23,mse,21 11,0.025730620297869797,0.026989658742369832,0.029534902928984922,0.08981621596429791,0.05696927372522326,131
1,14,14,18,6,23,mse,42 21,0.012928235632178356,0.012446358923558788,0.01712818011209573,0.08981621596429791,0.05180982729622463,138
1,14,14,18,7,23,mse,84 42,0.012928235632178356,0.012446358923558788,0.01712818011209573,0.08981621596429791,0.05180982729622463,145
1,14,14,18,7,23,mred,83 42,0.012430844438129786,0.012076976461468299,0.018416099431572984,0.10065173720281817,0.06070405385504003,145
1,14,14,18,8,23,mse,167 85,0.01214749311657282,0.011753411820880393,0.01646178196762753,0.09523397658355805,0.05317285786421839,152
1,14,14,18,9,23,mse,335 169,0.011817249817994509,0.011312329277525965,0.016178486188566592,0.09252509627392798,0.05300374544415347,159
1,14,14,18,9,23,mred,334 169,0.011546247953144477,0.011100332864846865,0.01631809989526168,0.09523397658355805,0.05504564454091378,159
1,14,14,18,10,23,mse,670 339,0.011990086112131591,0.011488966692901868,0.016146686981973146,0.09252509627392798,0.05221643988385064,166
1,14,14,18,10,23,mred,667 338,0.011507305301289386,0.011073915238264564,0.01654477403267986,0.09658841673837308,0.056460246869445334,166
1,14,14,18,11,23,mse,1339 677,0.011782827789913065,0.011293148932827395,0.0161314232618558,0.0932023163513355,0.052923741048116424,173
1,14,14,18,11,23,mred,1334 676,0.011507305301289386,0.011073915238264564,0.01654477403267986,0.09658841673837308,0.056460246869445334,173
1,14,14,20,5,23,mse,21 11,0.02732723379980201,0.02682875413688092,0.03455301430419723,0.17249968133828622,0.10360964854763381,121
1,14,14,20,6,23,mse,43 22,0.023555896672045374,0.023510450948264712,0.02913368520032426,0.15279729279872162,0.08226702113210128,126
1,14,14,20,7,23,mse,86 43,0.019589962604387556,0.01945073780291756,0.025784465262940138,0.15279729279872162,0.08477959476507863,131
1,14,14,20,8,23,mse,172 86,0.019589962604387556,0.01945073780291756,0.025784465262940138,0.15279729279872162,0.08477959476507863,136
1,14,14,20,9,23,mse,343 172,0.019536449991426785,0.019459865840652582,0.02572935683830971,0.1552600913661672,0.08675313681361903,141
1,14,14,20,9,23,mred,344 172,0.019589962604387556,0.01945073780291756,0.025784465262940138,0.15279729279872162,0.08477959476507863,141
1,14,14,20,10,23,mse,687 344,0.019544282845051983,0.019440818165930396,0.02572502747973111,0.1540286920824444,0.08564492822197343,146
1,14,14,20,10,23,mred,687 345,0.01956249427027228,0.019415850009163405,0.02572718800924686,0.1540286920824444,0.0854218731646593,146
1,14,14,20,11,23,mse,1373 689,0.019530108440046254,0.019416767313528514,0.025704402290435774,0.1546443917243058,0.08608750498913917,151
1,14,14,20,11,23,mred,1374 689,0.01953716551522338,0.019409837215320507,0.025710220957556117,0.1540286920824444,0.0854218731646593,151
1,14,16,12,5,23,mse,21 11,0.03197874782881204,0.03335239856534459,0.03531020534015523,0.07190360013151269,0.0623359947504979,149
1,14,16,12,6,23,mse,41 21,0.01145515771022336,0.010784725211481239,0.018006942802720197,0.09400113346171476,0.05569360499592926,162
1,14,16,12,7,23,mse,83 42,0.011685995722585768,0.011042647865532468,0.015651093437117642,0.08295236679661373,0.04420757050954235,175
1,14,16,12,7,23,mred,82 42,0.01145515771022336,0.010784725211481239,0.018006942802720197,0.09400113346171476,0.05569360499592926,175
1,14,16,12,8,23,mse,166 84,0.011685995722585768,0.011042647865532468,0.015651093437117642,0.08295236679661373,0.04420757050954235,188
1,14,16,12,8,23,mred,165 84,0.011092689147055575,0.010524905761382708,0.01601246080617787,0.08847675012916426,0.04993563917273371,188
1,14,16,12,9,23,mse,331 168,0.011293405839660726,0.010704665997725921,0.015608545714800028,0.08571455846288899,0.047056656261135935,201
1,14,16,12,9,23,mred,330 168,0.011092689147055575,0.010524905761382708,0.01601246080617787,0.08847675012916426,0.04993563917273371,201
1,14,16,12,10,23,mse,663 336,0.011464499058436977,0.010853049794191284,0.015573340490437465,0.08433346262975136,0.04561716480533704,214
1,14,16,12,10,23,mred,659 335,0.010971729691558484,0.010371281900861222,0.01652123622778234,0.08985784596230188,0.0513751306285326,214
1,14,16,12,11,23,mse,1326 672,0.011464499058436977,0.010853049794191284,0.015573340490437465,0.08433346262975136,0.04561716480533704,227
1,14,16,12,11,23,mred,1318 670,0.010971729691558484,0.010371281900861222,0.01652123622778234,0.08985784596230188,0.0513751306285326,227
1,14,16,14,5,23,mse,21 11,0.031706079114938085,0.03307882870825747,0.03505026029119267,0.07238077051704919,0.061944585190774996,139
1,14,16,14,6,23,mse,41 21,0.011512011527218896,0.010828668899081755,0.018177206302263264,0.09446694264759564,0.05620275430674354,150
1,14,16,14,7,23,mse,83 42,0.011607731068978434,0.010972485434984403,0.015624501035327516,0.08342385658232242,0.04470115283236305,161
1,14,16,14,7,23,mred,82 42,0.011512011527218896,0.010828668899081755,0.018177206302263264,0.09446694264759564,0.05620275430674354,161
1,14,16,14,8,23,mse,166 84,0.011607731068978434,0.010972485434984403,0.015624501035327516,0.08342385658232242,0.04470115283236305,172
1,14,16,14,8,23,mred,165 84,0.011071008639018073,0.010502712919340263,0.016096109918542868,0.08894539961495902,0.050447893052516374,172
1,14,16,14,9,23,mse,332 168,0.011607731068978434,0.010972485434984403,0.015624501035327516,0.08342385658232242,0.04470115283236305,183
1,14,16,14,9,23,mred,330 168,0.011071008639018073,0.010502712919340263,0.016096109918542868,0.08894539961495902,0.050447893052516374,183
1,14,16,14,10,23,mse,663 336,0.011402079075941813,0.010796202390781304,0.015574999760166774,0.08480424234048156,0.04613174711184599,194
1,14,16,14,10,23,mred,659 335,0.010994263790080568,0.010394422093508425,0.016646987430701934,0.09032578537311818,0.05188660836607316,194
1,14,16,14,11,23,mse,1326 673,0.011542653800589211,0.01096322227766474,0.015569465714596276,0.08480424234048156,0.04613174711184599,205
1,14,16,14,11,23,mred,1319 670,0.010983633835305836,0.010390335613573564,0.016444094437162687,0.0896355924940386,0.05116725070929476,205
1,14,16,16,5,23,mse,21 11,0.03062197449977575,0.031975998972687034,0.034019802510809945,0.07619813360134117,0.06070635603618944,129
1,14,16,16,6,23,mse,42 21,0.014307293778096641,0.013193787607642442,0.018835834459656486,0.07619813360134117,0.03907520533782362,138
1,14,16,16,6,23,mred,41 21,0.011825257114977157,0.01108580666585886,0.018917071770104744,0.09819341613464257,0.05863234026568332,138
1,14,16,16,7,23,mse,83 42,0.011346665271076965,0.010744024373009168,0.015618140276937083,0.08719577486799186,0.047239034661937386,147
1,14,16,16,8,23,mse,166 84,0.011346665271076965,0.010744024373009168,0.015618140276937083,0.08719577486799186,0.047239034661937386,156
1,14,16,16,8,23,mred,165 84,0.011028399710278846,0.010462210836090268,0.016516416028964958,0.09269459550131721,0.05289229355998627,156
1,14,16,16,9,23,mse,332 168,0.011346665271076965,0.010744024373009168,0.015618140276937083,0.08719577486799186,0.047239034661937386,165
1,14,16,16,9,23,mred,330 168,0.011028399710278846,0.010462210836090268,0.016516416028964958,0.09269459550131721,0.05289229355998627,165
1,14,16,16,10,23,mse,664 337,0.011586990636342016,0.011025583796216251,0.015580258671136238,0.08719577486799186,0.04715224685428922,174
1,14,16,16,10,23,mred,660 336,0.011028399710278846,0.010462210836090268,0.016516416028964958,0.09269459550131721,0.05289229355998627,174
1,14,16,16,11,23,mse,1328 673,0.011435889991196043,0.010849378755573421,0.015571759288155143,0.08719577486799186,0.04715224685428922,183
1,14,16,16,11,23,mred,1321 671,0.011001336904326246,0.010434406629943611,0.016409401974727893,0.09200724292215155,0.05217478772177414,183
1,14,16,18,5,23,mse,21 11,0.027022588124770076,0.02828691118027303,0.03077235759251808,0.08981621596429791,0.057833399351801214,119
1,14,16,18,6,23,mse,42 21,0.013210426458760697,0.012552194124380935,0.01752090990445266,0.08981621596429791,0.049714290481984745,126
1,14,16,18,7,23,mse,84 42,0.013210426458760697,0.012552194124380935,0.01752090990445266,0.08981621596429791,0.049714290481984745,133
1,14,16,18,7,23,mred,83 42,0.012006675244880936,0.011597981951987135,0.01762618126926413,0.10065173720281817,0.05726155219725559,133
1,14,16,18,8,23,mse,167 85,0.012772844903961437,0.012351718183491865,0.016678267263350983,0.09523397658355805,0.05045625509395582,140
1,14,16,18,8,23,mred,166 84,0.012006675244880936,0.011597981951987135,0.01762618126926413,0.10065173720281817,0.05726155219725559,140
1,14,16,18,9,23,mse,334 169,0.011924216072993949,0.011406228216849742,0.016310894499028634,0.09523397658355805,0.05158578359536061,147
1,14,16,18,9,23,mred,333 169,0.011723217901043288,0.011250079754226329,0.016550206624946932,0.09794285689318812,0.05340750286915484,147
1,14,16,18,10,23,mse,668 338,0.011924216072993949,0.011406228216849742,0.016310894499028634,0.09523397658355805,0.05158578359536061,154
1,14,16,18,10,23,mred,665 337,0.01166421288797416,0.011202620283936664,0.016946010723300525,0.09929729704800315,0.05499353359331717,154
1,14,16,18,11,23,mse,1336 676,0.011924216072993949,0.011406228216849742,0.016310894499028634,0.09523397658355805,0.05158578359536061,161
1,14,16,18,11,23,mred,1331 675,0.011648996646466405,0.011177483416361036,0.0167109598334957,0.09862007697059563,0.054183259842662215,161
1,14,16,20,5,23,mse,21 11,0.026861296891239762,0.026530413292357592,0.033571427237370326,0.17249968133828622,0.09668135796489567,109
1,14,16,20,6,23,mse,43 21,0.024002176784307966,0.024525718091611207,0.029622945046354522,0.15279729279872162,0.085901685224108,114
1,14,16,20,6,23,mred,43 22,0.02411717785323003,0.024033353370183752,0.02965243505591937,0.15279729279872162,0.0753316113149491,114
1,14,16,20,7,23,mse,86 43,0.019646237199205868,0.019354544183476277,0.025857136815439614,0.15279729279872162,0.07747732599836915,119
1,14,16,20,8,23,mse,171 86,0.01941493006426214,0.019269409157534428,0.02552010732789741,0.15772288993361278,0.08159127509259397,124
1,14,16,20,9,23,mse,342 172,0.01941493006426214,0.019269409157534428,0.02552010732789741,0.15772288993361278,0.08159127509259397,129
1,14,16,20,9,23,mred,343 172,0.019450555190200933,0.019250269737476303,0.025560296868632516,0.1552600913661672,0.07956811297178693,129
1,14,16,20,10,23,mse,685 344,0.019409138320691185,0.019242208342410104,0.025507863409803648,0.15649149064988999,0.08024857227840185,134
1,14,16,20,11,23,mse,1369 688,0.019407114190499977,0.019252211393847536,0.025505894986426136,0.15710719029175138,0.08091992368549791,139
1,14,16,20,11,23,mred,1371 688,0.01942402667325869,0.0192418345396368,0.025526008854719315,0.1558757910080286,0.07960163489596563,139
1,14,18,12,5,23,mse,21 10,0.03412606634110807,0.034317472795814735,0.03736337920202539,0.08802738516925986,0.06849689572242909,137
1,14,18,12,5,23,mred,20 10,0.03335618853904457,0.03337765587254593,0.03849254220690104,0.10209591069830827,0.07413765312833963,137
1,14,18,12,6,23,mse,41 21,0.013301935250767177,0.01273413696897687,0.017746295062570847,0.07964830846576598,0.047406157974709144,150
1,14,18,12,7,23,mse,82 42,0.013301935250767177,0.01273413696897687,0.017746295062570847,0.07964830846576598,0.047406157974709144,163
1,14,18,12,8,23,mse,164 83,0.012591176356727261,0.011827200454531521,0.017721314476569206,0.07964830846576598,0.04802355900079646,176
1,14,18,12,9,23,mse,328 167,0.012398350536907233,0.011654944915957657,0.017337086624800508,0.07964830846576598,0.0474221461568078,189
1,14,18,12,9,23,mred,327 167,0.012296190991897375,0.011542120222127292,0.017694899293359004,0.08245425874483377,0.050310407493078926,189
1,14,18,12,10,23,mse,657 334,0.01254572690906173,0.011789420410103463,0.017311651496394204,0.07824533332623208,0.046096613770612443,202
1,14,18,12,10,23,mred,654 333,0.012231601035481536,0.01144332413542111,0.017786689245858196,0.08245425874483377,0.050326346930719974,202
1,14,18,12,11,23,mse,1313 668,0.01246352076387342,0.01171494743480031,0.01731141471190506,0.07894682089599903,0.0468204745406102,215
1,14,18,12,11,23,mred,1308 666,0.012231601035481536,0.01144332413542111,0.017786689245858196,0.08245425874483377,0.050326346930719974,215
1,14,18,14,5,23,mse,21 10,0.03404839729191295,0.03429251891136535,0.03728760102542851,0.08802738516925986,0.06897518336038823,127
1,14,18,14,5,23,mred,20 10,0.03368663603542847,0.033699458330645644,0.03878383937185034,0.10254374316180039,0.07453001463614069,127
1,14,18,14,6,23,mse,41 21,0.013220724817500338,0.012645945181993759,0.017726141993544213,0.0801073367408454,0.047722192888198185,138
1,14,18,14,7,23,mse,82 42,0.013220724817500338,0.012645945181993759,0.017726141993544213,0.0801073367408454,0.047722192888198185,149
1,14,18,14,8,23,mse,164 84,0.013220724817500338,0.012645945181993759,0.017726141993544213,0.0801073367408454,0.047722192888198185,160
1,14,18,14,8,23,mred,164 83,0.012608441825907958,0.011854942352304991,0.017770477380635967,0.0801073367408454,0.048098708954901176,160
1,14,18,14,9,23,mse,328 167,0.01235643322654568,0.01161275915743,0.01735214514139164,0.0801073367408454,0.04785184164077095,171
1,14,18,14,9,23,mred,327 167,0.012288379565221452,0.011529480011855622,0.017759136092486378,0.08291188754346476,0.050625478885490266,171
1,14,18,14,10,23,mse,657 334,0.012485751584309257,0.011732297373688586,0.01730127379063895,0.07870506133953571,0.0465066513495236,182
1,14,18,14,10,23,mred,654 333,0.012252778212084025,0.011464323388815818,0.01786776050960069,0.08291188754346476,0.050754732367475915,182
1,14,18,14,11,23,mse,1314 668,0.012485751584309257,0.011732297373688586,0.01730127379063895,0.07870506133953571,0.0465066513495236,193
1,14,18,14,11,23,mred,1309 667,0.012219789718363225,0.011448627615954485,0.017650346700467945,0.08221074984280993,0.049899657386167244,193
1,14,18,16,5,23,mse,21 10,0.03376496952926239,0.03422134323574527,0.03703577738395355,0.09161312284225097,0.07038707704501117,117
1,14,18,16,6,23,mse,41 21,0.01297472769740736,0.012369662510535156,0.017776409413618112,0.08194344984116307,0.050010278227231704,126
1,14,18,16,7,23,mse,82 42,0.01297472769740736,0.012369662510535156,0.017776409413618112,0.08194344984116307,0.050010278227231704,135
1,14,18,16,8,23,mse,164 84,0.01297472769740736,0.012369662510535156,0.017776409413618112,0.08194344984116307,0.050010278227231704,144
1,14,18,16,8,23,mred,164 83,0.012758783163059142,0.012050502045047677,0.018093526856866625,0.08194344984116307,0.050947254612420834,144
1,14,18,16,9,23,mse,329 167,0.012471742980557716,0.011719752490498003,0.017341830810733906,0.07914449694433735,0.047850641857475645,153
1,14,18,16,9,23,mred,328 167,0.012283757029152199,0.011541545932544441,0.017544559008284395,0.08194344984116307,0.05013967510761056,153
1,14,18,16,10,23,mse,658 334,0.012471742980557716,0.011719752490498003,0.017341830810733906,0.07914449694433735,0.047850641857475645,162
1,14,18,16,10,23,mred,655 334,0.012284213719060993,0.011530909954185204,0.017796448896197786,0.08334292628957593,0.05158511144857729,162
1,14,18,16,11,23,mse,1316 669,0.012547679913556058,0.011815904039281181,0.01732583374800463,0.07914449694433735,0.04759232370169244,171
1,14,18,16,11,23,mred,1311 667,0.012277283222180984,0.011521652287030913,0.017722995954850822,0.0826431880653695,0.05087693134804277,171
1,14,18,18,5,23,mse,21 10,0.033115779517972656,0.03435575094392306,0.03687459494451969,0.10117508997022728,0.07777956032748085,107
1,14,18,18,6,23,mse,41 21,0.01340720584874244,0.012668683643333576,0.019543704314448487,0.10193029092165422,0.0562497658470279,114
1,14,18,18,7,23,mse,83 42,0.013470490824557238,0.012723043835891231,0.018130965321392228,0.09097822129874757,0.045415508244996204,121
1,14,18,18,7,23,mred,82 42,0.01340720584874244,0.012668683643333576,0.019543704314448487,0.10193029092165422,0.0562497658470279,121
1,14,18,18,8,23,mse,165 84,0.012902934119847737,0.012259178340873506,0.01808487482369016,0.09645425611020089,0.05081962344968999,128
1,14,18,18,9,23,mse,331 168,0.013076641755518072,0.01240102093934332,0.017911642570047993,0.09371623870447422,0.04826012070012809,135
1,14,18,18,9,23,mred,330 168,0.012902934119847737,0.012259178340873506,0.01808487482369016,0.09645425611020089,0.05081962344968999,135
1,14,18,18,10,23,mse,662 336,0.013076641755518072,0.01240102093934332,0.017911642570047993,0.09371623870447422,0.04826012070012809,142
1,14,18,18,10,23,mred,660 335,0.0128184518206635,0.012163039663917232,0.018140484570824383,0.09645425611020089,0.05112319287948445,142
1,14,18,18,11,23,mse,1324 672,0.013076641755518072,0.01240102093934332,0.017911642570047993,0.09371623870447422,0.04826012070012809,149
1,14,18,18,11,23,mred,1320 670,0.0128184518206635,0.012163039663917232,0.018140484570824383,0.09645425611020089,0.05112319287948445,149
1,14,18,20,5,23,mse,21 11,0.027487562114356597,0.027561173270653473,0.03318709959987898,0.1690558789330176,0.08350117262940016,97
1,14,18,20,6,23,mse,42 21,0.022914724551664566,0.022906109320622838,0.0292036010093745,0.1690558789330176,0.08687584278348214,102
1,14,18,20,7,23,mse,85 43,0.020689356305499465,0.020134475436012017,0.026846612568643725,0.1591636870155535,0.07363870771827155,107
1,14,18,20,8,23,mse,169 85,0.020348881950871006,0.019982442217549787,0.026583054009878433,0.16410978297428555,0.07908789179051702,112
1,14,18,20,8,23,mred,170 85,0.020375458220723928,0.019925784349270174,0.026679044794459383,0.1591636870155535,0.07600531710233312,112
1,14,18,20,9,23,mse,339 171,0.020156698683913524,0.019678583650775936,0.026337530423025907,0.16163673499491954,0.07636329975439429,117
1,14,18,20,10,23,mse,678 342,0.020156698683913524,0.019678583650775936,0.026337530423025907,0.16163673499491954,0.07636329975439429,122
1,14,18,20,10,23,mred,679 342,0.020176038184465298,0.019674447251168712,0.026393739054110986,0.16040021100523652,0.07500100373633292,122
1,14,18,20,11,23,mse,1355 683,0.02013472434180609,0.0196811655923197,0.02632788282336241,0.16225499698976104,0.07704444776342496,127
1,14,18,20,11,23,mred,1357 683,0.02013771189069869,0.019664678869851036,0.02635214567400282,0.16101847300007802,0.07568215174536361,127
1,14,20,12,5,23,mse,20 10,0.027263718068487167,0.025415197661269782,0.03575201747846041,0.09186745413959199,0.07276674072540992,125
1,14,20,12,6,23,mse,40 20,0.027263718068487167,0.025415197661269782,0.03575201747846041,0.09186745413959199,0.07276674072540992,138
1,14,20,12,6,23,mred,39 20,0.027500778055777428,0.025137657867388884,0.03747975092109805,0.10268107388181072,0.07902445027981328,138
1,14,20,12,7,23,mse,79 41,0.025751458851457756,0.024038473091902268,0.033832389243363,0.09117698508542368,0.06914622728098088,151
1,14,20,12,8,23,mse,159 81,0.025261048852225763,0.023347419062046296,0.033495896667220325,0.08542494068723015,0.07060805716700676,164
1,14,20,12,8,23,mred,158 81,0.02509036795756664,0.02308538303159728,0.03350840302256243,0.09117698508542368,0.06914622728098088,164
1,14,20,12,9,23,mse,317 163,0.025226237435514626,0.023388539153547487,0.033330795619835096,0.08830096288632691,0.06966821898930281,177
1,14,20,12,9,23,mred,316 162,0.02509036795756664,0.02308538303159728,0.03350840302256243,0.09117698508542368,0.06914622728098088,177
1,14,20,12,10,23,mse,634 325,0.025108967984034593,0.023205160585290183,0.03330395184068568,0.08830096288632691,0.06966821898930281,190
1,14,20,12,10,23,mred,631 324,0.025124174234577315,0.02308343649994913,0.033654798515161094,0.09261499618497206,0.06997229502512355,190
1,14,20,12,11,23,mse,1268 651,0.02515460269197447,0.023281535809937286,0.03330362084654751,0.08830096288632691,0.06966821898930281,203
1,14,20,12,11,23,mred,1263 648,0.025103797159696153,0.023081651071335904,0.033574515980954456,0.09189599063519786,0.0693124537471349,203
1,14,20,14,5,23,mse,20 10,0.027253007769837648,0.025412222748813565,0.03571095111420484,0.09111183652427048,0.07250872986039741,115
1,14,20,14,6,23,mse,40 20,0.027253007769837648,0.025412222748813565,0.03571095111420484,0.09111183652427048,0.07250872986039741,126
1,14,20,14,6,23,mred,39 20,0.02760927839721699,0.0252399462384836,0.03762781424669541,0.1028904831994579,0.07924145799346563,126
1,14,20,14,7,23,mse,79 41,0.025717762425609237,0.023988573109461134,0.03382200630091525,0.0913890791379125,0.06918405263672918,137
1,14,20,14,8,23,mse,159 81,0.02523981361544738,0.02332221478935224,0.03346952430282395,0.08563837710713978,0.07056015994159334,148
1,14,20,14,8,23,mred,158 81,0.02509665920588841,0.023083802580409374,0.0335348052807258,0.0913890791379125,0.06918405263672918,148
1,14,20,14,9,23,mse,317 163,0.02519778431959628,0.02334845400383175,0.033312472595711545,0.08851372812252614,0.06910063499324774,159
1,14,20,14,9,23,mred,316 162,0.02509665920588841,0.023083802580409374,0.0335348052807258,0.0913890791379125,0.06918405263672918,159
1,14,20,14,10,23,mse,634 325,0.02508968344620994,0.0231760508826969,0.033294869663080894,0.08851372812252614,0.06910063499324774,170
1,14,20,14,10,23,mred,632 324,0.02509665920588841,0.023083802580409374,0.0335348052807258,0.0913890791379125,0.06918405263672918,170
1,14,20,14,11,23,mse,1269 651,0.0251517653509888,0.02328004782962696,0.033288927338826824,0.08779489036867956,0.06966909616658908,181
1,14,20,14,11,23,mred,1263 649,0.025088520854130145,0.02307453054345865,0.033547930655502566,0.09210791689175908,0.06933498828015401,181
1,14,20,16,5,23,mse,20 10,0.027268780001062726,0.0254670265788492,0.035629730092159625,0.08818107249875769,0.07251069197110421,105
1,14,20,16,6,23,mse,40 20,0.027268780001062726,0.0254670265788492,0.035629730092159625,0.08818107249875769,0.07251069197110421,114
1,14,20,16,7,23,mse,79 41,0.025654911319971014,0.02385635615714554,0.03387324385949888,0.09393420776777829,0.06952541178936297,123
1,14,20,16,8,23,mse,159 81,0.025216124580115684,0.023280417390413973,0.033455297394821525,0.08819961414605536,0.06920960844531711,132
1,14,20,16,8,23,mred,158 81,0.025195901128475702,0.023148793320726682,0.03373275770884354,0.09393420776777829,0.06952541178936297,132
1,14,20,16,9,23,mse,318 163,0.025217566635364046,0.02336492980781006,0.033307370610137006,0.08819961414605536,0.06920960844531711,141
1,14,20,16,9,23,mred,316 162,0.025195901128475702,0.023148793320726682,0.03373275770884354,0.09393420776777829,0.06952541178936297,141
1,14,20,16,10,23,mse,635 326,0.025166770851116144,0.023293983908875052,0.03329097141819676,0.0896332625514861,0.06873307042075875,150
1,14,20,16,10,23,mred,633 325,0.025090288931480867,0.023106090529663448,0.03344983663247895,0.09250055936234755,0.06922774512679038,150
1,14,20,16,11,23,mse,1270 651,0.025116097703386006,0.023213270435615663,0.03328686853879819,0.0896332625514861,0.06873307042075875,159
1,14,20,16,11,23,mred,1265 649,0.02512126128274763,0.023103065198467155,0.0335708477035023,0.09321738356506291,0.06918972931580292,159
1,14,20,18,5,23,mse,20 10,0.02781996768855314,0.026160166161763858,0.036014682909627165,0.09277440231619387,0.07337767507640862,95
1,14,20,18,6,23,mse,40 20,0.02781996768855314,0.026160166161763858,0.036014682909627165,0.09277440231619387,0.07337767507640862,102
1,14,20,18,7,23,mse,80 41,0.025412206357234058,0.02360733031813013,0.033480644689434444,0.09277440231619387,0.06966415386103132,109
1,14,20,18,8,23,mse,160 82,0.025412206357234058,0.02360733031813013,0.033480644689434444,0.09277440231619387,0.06966415386103132,116
1,14,20,18,8,23,mred,159 82,0.02539962663127059,0.02349943039875748,0.03370741062312155,0.09844456230171766,0.07051474401854461,116
1,14,20,18,9,23,mse,320 164,0.025412206357234058,0.02360733031813013,0.033480644689434444,0.09277440231619387,0.06966415386103132,123
1,14,20,18,9,23,mred,319 163,0.025232180495298445,0.023299914179085585,0.03348892300738912,0.09560948230895577,0.06989533419478419,123
1,14,20,18,10,23,mse,639 327,0.025251400359808086,0.023376414954570116,0.033402246389487265,0.09419194231257483,0.06963989802879542,130
1,14,20,18,10,23,mred,637 326,0.025244275233495553,0.023287300832102155,0.03357397528170682,0.09702702230533672,0.06940892872862064,130
1,14,20,18,11,23,mse,1278 654,0.025251400359808086,0.023376414954570116,0.033402246389487265,0.09419194231257483,0.06963989802879542,137
1,14,20,18,11,23,mred,1274 653,0.02522845674104054,0.023286340251998758,0.03353152949505649,0.09702702230533672,0.06940892872862064,137
1,14,20,20,5,23,mse,20 10,0.0389536646332921,0.03784806133132111,0.04850696617698188,0.15211154380861253,0.10165497766087206,85
1,14,20,20,6,23,mse,41 21,0.029752785275883556,0.02812857054678601,0.03879286109401429,0.13091433240382783,0.08593225549736633,90
1,14,20,20,7,23,mse,82 42,0.029752785275883556,0.02812857054678601,0.03879286109401429,0.13091433240382783,0.08593225549736633,95
1,14,20,20,8,23,mse,163 83,0.028973191657379355,0.02722634892466432,0.03823270213812774,0.136213635255024,0.08392289023293024,100
1,14,20,20,9,23,mse,327 166,0.028953942036562486,0.027224544403799136,0.0381456174342121,0.13356398382942591,0.08498945238770932,105
1,14,20,20,10,23,mse,654 333,0.028970213685794832,0.027242625050838316,0.03814527429460378,0.13356398382942591,0.08498945238770932,110
1,14,20,20,10,23,mred,653 332,0.02894642256793741,0.027212249836119067,0.038165495552775874,0.13488880954222496,0.08505244075614973,110
1,14,20,20,11,23,mse,1308 665,0.028948225425110163,0.02721791946026189,0.03813395196918845,0.13356398382942591,0.08498945238770932,115
1,14,20,20,11,23,mred,1306 665,0.028940705956485086,0.027205624892581822,0.038153836165450795,0.13488880954222496,0.08505244075614973,115
1,16,12,12,5,23,mse,21 11,0.028477752526349417,0.029797108033003807,0.031884004355708026,0.07701675650129586,0.05802721765266987,161
1,16,12,12,6,23,mse,42 21,0.013397821649381548,0.012504969786502819,0.01768016902405931,0.07701675650129586,0.04279478502133804,174
1,16,12,12,6,23,mred,41 21,0.012911720487102707,0.01203552445461186,0.020632570817234228,0.09899254801316976,0.06004441384616919,174
1,16,12,12,7,23,mse,83 42,0.011130870181021314,0.01062317502122091,0.016044118457042515,0.08800465225723281,0.0491956700430487,187
1,16,12,12,8,23,mse,167 84,0.011880304509359268,0.011256733335054303,0.0160333425009081,0.08251070437926433,0.04629503006336975,200
1,16,12,12,8,23,mred,166 84,0.011130870181021314,0.01062317502122091,0.016044118457042515,0.08800465225723281,0.0491956700430487,200
1,16,12,12,9,23,mse,333 169,0.011653502402561772,0.011146849688118547,0.01558561983988931,0.08525767831824857,0.04571582259382421,213
1,16,12,12,9,23,mred,331 168,0.011090710703589213,0.010576897321558,0.016689407076787677,0.09075162619621704,0.0514472590947622,213
1,16,12,12,10,23,mse,666 338,0.011653502402561772,0.011146849688118547,0.01558561983988931,0.08525767831824857,0.04571582259382421,226
1,16,12,12,10,23,mred,663 337,0.01106939906225521,0.010562788931096252,0.016098165446030877,0.08937813922672493,0.0500143999695277,226
1,16,12,12,11,23,mse,1332 675,0.011491715894243654,0.010962362104116986,0.015562588332570144,0.08525767831824857,0.04576275166216581,239
1,16,12,12,11,23,mred,1325 673,0.011027730572719802,0.010513286730103377,0.016357134855148968,0.09006488271147099,0.05073082953214495,239
1,16,12,14,5,23,mse,21 11,0.028243879518868295,0.029557246138103264,0.031662741241399846,0.07843891866385164,0.05773971830867387,151
1,16,12,14,6,23,mse,42 21,0.013313606311185135,0.012448805782905727,0.01756869943723867,0.07843891866385164,0.04282027387272854,162
1,16,12,14,6,23,mred,41 21,0.013111384359860048,0.01221744891197391,0.02087013435802385,0.10038084917185516,0.06061609704706698,162
1,16,12,14,7,23,mse,83 42,0.01113779791224687,0.010643104973692266,0.016138843611205187,0.0894098839178534,0.049606439711893435,173
1,16,12,14,8,23,mse,167 84,0.01183427804955277,0.011232711673923288,0.01602025565599592,0.08392440129085252,0.04659582692397826,184
1,16,12,14,8,23,mred,166 84,0.01113779791224687,0.010643104973692266,0.016138843611205187,0.0894098839178534,0.049606439711893435,184
1,16,12,14,9,23,mse,333 169,0.011575552740630985,0.011076383449052797,0.015588953499248461,0.08666714260435296,0.04629622047766251,195
1,16,12,14,9,23,mred,331 168,0.011128792935081587,0.010622813119147761,0.016831613794870783,0.09215262523135384,0.052024171105424295,195
1,16,12,14,10,23,mse,666 338,0.011575552740630985,0.011076383449052797,0.015588953499248461,0.08666714260435296,0.04629622047766251,206
1,16,12,14,10,23,mred,663 337,0.011056343471728033,0.01055435135146367,0.016200427763676906,0.09078125457460362,0.05059218344848385,206
1,16,12,14,11,23,mse,1333 675,0.011518465059002257,0.010983821545991174,0.015574427975264229,0.08598145727597785,0.045611105426340046,217
1,16,12,14,11,23,mred,1326 673,0.011033341201652655,0.01052902303846482,0.01629248891719844,0.09078125457460362,0.05059218344848385,217
1,16,12,16,5,23,mse,21 11,0.027313630578781452,0.02860059902042033,0.030820663220648727,0.08223135109733373,0.0568916636484771,141
1,16,12,16,6,23,mse,42 21,0.013039289237395165,0.012289515535627536,0.01724149013008879,0.08223135109733373,0.04623092614987512,150
1,16,12,16,7,23,mse,83 42,0.011285464127704155,0.0108357986743318,0.016650441316969702,0.09315716834617499,0.05288718964691977,159
1,16,12,16,8,23,mse,167 84,0.011744490547237207,0.011227688835995238,0.016106681603491848,0.08769425972175436,0.04900930001950121,168
1,16,12,16,8,23,mred,166 84,0.011285464127704155,0.0108357986743318,0.016650441316969702,0.09315716834617499,0.05288718964691977,168
1,16,12,16,9,23,mse,334 169,0.011689892982027378,0.011152092066480788,0.01568171509493556,0.08769425972175436,0.04721157778954393,177
1,16,12,16,9,23,mred,332 169,0.011230866562494324,0.010760201904817352,0.016239710345086786,0.09315716834617499,0.05210841155180577,177
1,16,12,16,10,23,mse,667 338,0.011495247724862993,0.010990227918635742,0.015657313263474356,0.08905998687785951,0.047825768832913326,186
1,16,12,16,10,23,mred,664 337,0.011089487242263957,0.010605347305269242,0.016342785534340983,0.09315716834617499,0.05210841155180577,186
1,16,12,16,11,23,mse,1335 676,0.0115855205153796,0.011065792249080237,0.015655638364138552,0.08837712329980695,0.0476968115984694,195
1,16,12,16,11,23,mred,1328 674,0.011089487242263957,0.010605347305269242,0.016342785534340983,0.09315716834617499,0.05210841155180577,195
1,16,12,18,5,23,mse,21 11,0.024232959541307414,0.025374507443672045,0.028189387876941027,0.09964222871705883,0.05635603172600217,131
1,16,12,18,6,23,mse,42 21,0.01325127583670913,0.013049022593601762,0.017479575638109448,0.09964222871705883,0.056247269397031126,138
1,16,12,18,7,23,mse,84 42,0.01325127583670913,0.013049022593601762,0.017479575638109448,0.09964222871705883,0.056247269397031126,145
1,16,12,18,8,23,mse,168 85,0.012236339555710286,0.011779931701976783,0.016315895732972287,0.09964222871705883,0.05319763375375363,152
1,16,12,18,8,23,mred,167 85,0.011893837345115888,0.011528635030999192,0.01682139482024278,0.10500150116517157,0.0584761403527712,152
1,16,12,18,9,23,mse,336 170,0.012236339555710286,0.011779931701976783,0.016315895732972287,0.09964222871705883,0.05319763375375363,159
1,16,12,18,9,23,mred,334 169,0.011746762841149205,0.01142255137362972,0.017004585001504393,0.10500150116517157,0.058833362124267,159
1,16,12,18,10,23,mse,671 339,0.011847371079276421,0.011425317670391589,0.01627793371005679,0.10098204682908701,0.054962989910110276,166
1,16,12,18,10,23,mred,669 339,0.011665527825592513,0.011291436834903214,0.016533195726587065,0.10366168305314338,0.05742443003163866,166
1,16,12,18,11,23,mse,1342 679,0.011922689123212177,0.011495611357972902,0.016256188499478335,0.10098204682908701,0.05460656584638197,173
1,16,12,18,11,23,mred,1338 678,0.011665527825592513,0.011291436834903214,0.016533195726587065,0.10366168305314338,0.05742443003163866,173
1,16,12,20,5,23,mse,22 11,0.027547230915392535,0.02607233588734771,0.0348354510565181,0.13309490425915702,0.07142072069461507,121
1,16,12,20,6,23,mse,43 22,0.022741129320972282,0.02270240067597374,0.028326742044568316,0.15279729279872162,0.08409060951569955,126
1,16,12,20,7,23,mse,86 43,0.019696798294149616,0.01975646544670127,0.025761966490060996,0.15279729279872162,0.08530792274121947,131
1,16,12,20,8,23,mse,172 86,0.019696798294149616,0.01975646544670127,0.025761966490060996,0.15279729279872162,0.08530792274121947,136
1,16,12,20,9,23,mse,344 173,0.01962612078772205,0.019568539620921865,0.025677434318186972,0.15279729279872162,0.08486932337260723,141
1,16,12,20,10,23,mse,688 345,0.019590697102107122,0.019584635178993906,0.025656428158086504,0.15279729279872162,0.08493815188089268,146
1,16,12,20,10,23,mred,689 346,0.019652683272699326,0.019561930851149982,0.02570027209495566,0.15156589351499883,0.08353919157518369,146
1,16,12,20,11,23,mse,1376 691,0.019588930543051435,0.019555050860444338,0.025651088712386354,0.15279729279872162,0.08486932337260723,151
1,16,12,20,11,23,mred,1378 691,0.01961549302802871,0.019548442090672455,0.025673949924401293,0.15156589351499883,0.0836081201249056,151
1,16,14,12,5,23,mse,21 11,0.028898415920103546,0.030216641211335278,0.03228672030351547,0.07559459433874006,0.058404323339297466,149
1,16,14,12,6,23,mse,42 21,0.013577287271104632,0.012638310401915832,0.017900459267656516,0.07559459433874006,0.041670177670038264,162
1,16,14,12,6,23,mred,41 21,0.012596523172630977,0.011762765675723423,0.02020981205304369,0.09760424685448435,0.05992921247198869,162
1,16,14,12,7,23,mse,83 42,0.01113443440898074,0.010614638704558303,0.015891753300092227,0.08659942059661221,0.048635752739619946,175
1,16,14,12,8,23,mse,166 84,0.01113443440898074,0.010614638704558303,0.015891753300092227,0.08659942059661221,0.048635752739619946,188
1,16,14,12,9,23,mse,333 169,0.011799010265906015,0.011283528421628117,0.015599803187523433,0.08384821403214418,0.04559886510113486,201
1,16,14,12,9,23,mred,331 168,0.011036696479703938,0.010520463322167592,0.016448155176424256,0.08935062716108025,0.05133100404947639,201
1,16,14,12,10,23,mse,666 337,0.011494017455398495,0.010933769801019566,0.015573636116975998,0.08384821403214418,0.045771903062522254,214
1,16,14,12,10,23,mred,662 336,0.011036696479703938,0.010520463322167592,0.016448155176424256,0.08935062716108025,0.05133100404947639,214
1,16,14,12,11,23,mse,1331 675,0.01151705602833418,0.010991251567813632,0.01554943368516852,0.08453601567326119,0.04631538246967755,227
1,16,14,12,11,23,mred,1324 673,0.011018145759190669,0.010499590446088827,0.016330619226588232,0.08935062716108025,0.05133100404947639,227
1,16,14,14,5,23,mse,21 11,0.028657881257089964,0.029968990315331262,0.032059784076791054,0.07654270244711059,0.05807463364048183,139
1,16,14,14,6,23,mse,42 21,0.013481026317697301,0.012567881097237275,0.017778298648839837,0.07654270244711059,0.0425606758407754,150
1,16,14,14,6,23,mred,41 21,0.0127708602963379,0.011920263203463271,0.02043669553210416,0.09852978096027462,0.06040107060351858,150
1,16,14,14,7,23,mse,83 42,0.011129929282542028,0.010621565537100518,0.015970648170995715,0.0875362417036926,0.049182167557723554,161
1,16,14,14,8,23,mse,166 84,0.011129929282542028,0.010621565537100518,0.015970648170995715,0.0875362417036926,0.049182167557723554,172
1,16,14,14,9,23,mse,333 169,0.011711901480260783,0.011202801064913977,0.015586391239191673,0.0847878568895471,0.04607791619198685,183
1,16,14,14,9,23,mred,331 168,0.011061423894909727,0.010551895822441305,0.0165755250698031,0.09028462651783811,0.05180717795659954,183
1,16,14,14,10,23,mse,666 337,0.01142944814626721,0.010879875559873138,0.015579999236862365,0.0847878568895471,0.04634880481439752,194
1,16,14,14,10,23,mred,662 336,0.011061423894909727,0.010551895822441305,0.0165755250698031,0.09028462651783811,0.05180717795659954,194
1,16,14,14,11,23,mse,1332 675,0.011543206129098585,0.011010083405801705,0.015555845593070952,0.0847878568895471,0.04607791619198685,205
1,16,14,14,11,23,mred,1325 673,0.011018724867675089,0.010508714369078508,0.016259077382329762,0.08959753031430173,0.05109102023602295,205
1,16,14,16,5,23,mse,21 11,0.027758432139145525,0.029041012645537448,0.031231167100249303,0.08223135109733373,0.057039501776130964,129
1,16,14,16,6,23,mse,42 21,0.013182402552981202,0.012372914391688647,0.017428431089441605,0.08223135109733373,0.044774097915684076,138
1,16,14,16,7,23,mse,83 42,0.011235831379917134,0.010764416259539425,0.016456496698029857,0.09315716834617499,0.051932652969881914,147
1,16,14,16,8,23,mse,167 84,0.011810231588184308,0.011249309654024917,0.01610642127455661,0.08769425972175436,0.048413421680814854,156
1,16,14,16,8,23,mred,166 84,0.011235831379917134,0.010764416259539425,0.016456496698029857,0.09315716834617499,0.051932652969881914,156
1,16,14,16,9,23,mse,333 169,0.011478536896620706,0.010982912663401442,0.015713683853344547,0.09042571403396468,0.048640635900724496,165
1,16,14,16,9,23,mred,332 168,0.011235831379917134,0.010764416259539425,0.016456496698029857,0.09315716834617499,0.051932652969881914,165
1,16,14,16,10,23,mse,667 338,0.0116528920824304,0.011129105845969151,0.015678381404267746,0.08905998687785951,0.04726011862917769,174
1,16,14,16,10,23,mred,663 337,0.011113943645723143,0.0106158645957063,0.01653360006416969,0.09452289550228016,0.052926038441712224,174
1,16,14,16,11,23,mse,1334 676,0.0116528920824304,0.011129105845969151,0.015678381404267746,0.08905998687785951,0.04726011862917769,183
1,16,14,16,11,23,mred,1327 674,0.011105301990383622,0.010610617961610036,0.016344584789338614,0.09384003192422757,0.05221180468488094,183
1,16,14,18,5,23,mse,21 11,0.024583523093385126,0.02574236898291763,0.028495675436367943,0.08981621596429791,0.05635603172600217,119
1,16,14,18,6,23,mse,42 21,0.013216419262259001,0.012966083105630872,0.01739508234820666,0.08981621596429791,0.0553798794039893,126
1,16,14,18,7,23,mse,84 42,0.013216419262259001,0.012966083105630872,0.01739508234820666,0.08981621596429791,0.0553798794039893,133
1,16,14,18,8,23,mse,168 85,0.01241459076332128,0.011945414579069166,0.016375714769804615,0.08981621596429791,0.05252368614435991,140
1,16,14,18,8,23,mred,167 85,0.011970293189349734,0.011607526530721387,0.01673158402871467,0.09523397658355805,0.05748204703952722,140
1,16,14,18,9,23,mse,335 170,0.012078660862114059,0.011683737709756878,0.01634539939920315,0.09252509627392798,0.055242964916452246,147
1,16,14,18,9,23,mred,334 169,0.011727122815562454,0.011388394259127143,0.01684270730055312,0.09523397658355805,0.05810039348823692,147
1,16,14,18,10,23,mse,671 339,0.011960391213132757,0.011521121337912988,0.016261684808957278,0.09117065611911294,0.05413160044205946,154
1,16,14,18,10,23,mred,668 339,0.011708340218772002,0.011334459011745963,0.01668655030186594,0.09523397658355805,0.05806313517043298,154
1,16,14,18,11,23,mse,1342 679,0.012059705124894635,0.011619762970778678,0.016258913492955506,0.09117065611911294,0.05391786298032916,161
1,16,14,18,11,23,mred,1337 677,0.011686093476304341,0.01132094993956376,0.01660518839375176,0.09455675650615053,0.05735809260693779,161
1,16,14,20,5,23,mse,21 11,0.027365043910830836,0.02672883377791998,0.03489720139445252,0.17249968133828622,0.10405818775836048,109
1,16,14,20,5,23,mred,22 11,0.027875637560628302,0.026368421081713743,0.035230264282239125,0.13309490425915702,0.07226763256046259,109
1,16,14,20,6,23,mse,43 22,0.022875535522055464,0.022839246823345264,0.028470433308384367,0.15279729279872162,0.08409060951569955,114
1,16,14,20,7,23,mse,86 43,0.019689654353689082,0.019719433226115378,0.025780274448466037,0.15279729279872162,0.08530792274121947,119
1,16,14,20,8,23,mse,172 86,0.019689654353689082,0.019719433226115378,0.025780274448466037,0.15279729279872162,0.08530792274121947,124
1,16,14,20,9,23,mse,344 173,0.01965436842249149,0.019574073192520004,0.025730287152783297,0.15279729279872162,0.08486932337260723,129
1,16,14,20,10,23,mse,688 345,0.019601017322565785,0.019568708820953996,0.025692023302333413,0.15279729279872162,0.08493815188089268,134
1,16,14,20,11,23,mse,1376 690,0.019601017322565785,0.019568708820953996,0.025692023302333413,0.15279729279872162,0.08493815188089268,139
1,16,14,20,11,23,mred,1377 691,0.019625355279479208,0.019549568167520934,0.0257103902312485,0.15218159315686022,0.08427313600289914,139
1,16,16,12,5,23,mse,21 11,0.030411578522014995,0.03171981507725026,0.03378616117835309,0.07428945205919518,0.0600883033849263,137
1,16,16,12,6,23,mse,42 21,0.014332990961700574,0.013230815479200603,0.018897487547413657,0.07428945205919518,0.03980487042859508,150
1,16,16,12,6,23,mred,41 21,0.011895708270569707,0.011158990097204807,0.01899131821889553,0.0963301793911191,0.05731479158159163,150
1,16,16,12,7,23,mse,83 42,0.011383002983908238,0.010788044816624986,0.015700313986270996,0.08530981572515714,0.04629724008396621,163
1,16,16,12,8,23,mse,166 84,0.011383002983908238,0.010788044816624986,0.015700313986270996,0.08530981572515714,0.04629724008396621,176
1,16,16,12,8,23,mred,165 84,0.011081703151445733,0.01051481369311895,0.016597795874280962,0.09081999755813812,0.051566711042455006,176
1,16,16,12,9,23,mse,332 168,0.011383002983908238,0.010788044816624986,0.015700313986270996,0.08530981572515714,0.04629724008396621,189
1,16,16,12,9,23,mred,330 168,0.011081703151445733,0.01051481369311895,0.016597795874280962,0.09081999755813812,0.051566711042455006,189
1,16,16,12,10,23,mse,664 337,0.011582772211587176,0.011021377033514532,0.015627893779661044,0.08530981572515714,0.045818630503318365,202
1,16,16,12,10,23,mred,661 336,0.01106760288815232,0.010510725845281807,0.01621640144825638,0.08944245209989288,0.05012969090767084,202
1,16,16,12,11,23,mse,1328 674,0.011582772211587176,0.011021377033514532,0.015627893779661044,0.08530981572515714,0.045818630503318365,215
1,16,16,12,11,23,mred,1321 672,0.011065984389297512,0.010505749397180644,0.016394822894979105,0.0901312248290155,0.05084820097506292,215
1,16,16,14,5,23,mse,21 11,0.030411578522014995,0.03171981507725026,0.03378616117835309,0.07428945205919518,0.0600883033849263,127
1,16,16,14,6,23,mse,42 21,0.014332990961700574,0.013230815479200603,0.018897487547413657,0.07428945205919518,0.03980487042859508,138
1,16,16,14,6,23,mred,41 21,0.011895708270569707,0.011158990097204807,0.01899131821889553,0.0963301793911191,0.05731479158159163,138
1,16,16,14,7,23,mse,83 42,0.011383002983908238,0.010788044816624986,0.015700313986270996,0.08530981572515714,0.04629724008396621,149
1,16,16,14,8,23,mse,166 84,0.011383002983908238,0.010788044816624986,0.015700313986270996,0.08530981572515714,0.04629724008396621,160
1,16,16,14,8,23,mred,165 84,0.011081703151445733,0.01051481369311895,0.016597795874280962,0.09081999755813812,0.051566711042455006,160
1,16,16,14,9,23,mse,332 168,0.011383002983908238,0.010788044816624986,0.015700313986270996,0.08530981572515714,0.04629724008396621,171
1,16,16,14,9,23,mred,330 168,0.011081703151445733,0.01051481369311895,0.016597795874280962,0.09081999755813812,0.051566711042455006,171
1,16,16,14,10,23,mse,664 337,0.011582772211587176,0.011021377033514532,0.015627893779661044,0.08530981572515714,0.045818630503318365,182
1,16,16,14,10,23,mred,661 336,0.01106760288815232,0.010510725845281807,0.01621640144825638,0.08944245209989288,0.05012969090767084,182
1,16,16,14,11,23,mse,1328 674,0.011582772211587176,0.011021377033514532,0.015627893779661044,0.08530981572515714,0.045818630503318365,193
1,16,16,14,11,23,mred,1321 672,0.011065984389297512,0.010505749397180644,0.016394822894979105,0.0901312248290155,0.05084820097506292,193
1,16,16,16,5,23,mse,21 11,0.029416607019839645,0.030699400016880797,0.03283912663192708,0.07619813360134117,0.059013831492679115,117
1,16,16,16,6,23,mse,42 21,0.013854370185738544,0.012841479425732279,0.018301702246849103,0.07619813360134117,0.04027338383816225,126
1,16,16,16,6,23,mred,41 21,0.012422291590819555,0.011627148037700262,0.0198376215221966,0.09819341613464257,0.05938983997644894,126
1,16,16,16,7,23,mse,83 42,0.011247583081190532,0.010694785849968516,0.01588020484820438,0.08719577486799186,0.0482619630611563,135
1,16,16,16,8,23,mse,166 84,0.011247583081190532,0.010694785849968516,0.01588020484820438,0.08719577486799186,0.0482619630611563,144
1,16,16,16,8,23,mred,165 84,0.01119329953269636,0.010632141797495009,0.01717093042749517,0.09269459550131721,0.05365441217142729,144
1,16,16,16,9,23,mse,333 169,0.012058387147429055,0.011511910774157228,0.01578769463817415,0.08444636455132919,0.04505127046389481,153
1,16,16,16,9,23,mred,331 168,0.01109563400981945,0.010561396775057949,0.01632504441372274,0.08994518518465454,0.05078669826891646,153
1,16,16,16,10,23,mse,665 337,0.011502427142190796,0.010938402733378129,0.01567012769072588,0.08582106970966052,0.04648512741515022,162
1,16,16,16,10,23,mred,662 336,0.01109563400981945,0.010561396775057949,0.01632504441372274,0.08994518518465454,0.05078669826891646,162
1,16,16,16,11,23,mse,1330 674,0.011502427142190796,0.010938402733378129,0.01567012769072588,0.08582106970966052,0.04648512741515022,171
1,16,16,16,11,23,mred,1323 672,0.011096127609331971,0.010558742829755448,0.016500827435661367,0.09063253776382021,0.051503626744544166,171
1,16,16,18,5,23,mse,21 11,0.025962412495203716,0.02714570605662668,0.029752037553779878,0.08981621596429791,0.056984735053708775,107
1,16,16,18,6,23,mse,42 21,0.013234422267003488,0.012709302756117574,0.017440465054457625,0.08981621596429791,0.05126124307992239,114
1,16,16,18,7,23,mse,84 42,0.013234422267003488,0.012709302756117574,0.017440465054457625,0.08981621596429791,0.05126124307992239,121
1,16,16,18,7,23,mred,83 42,0.012504981937481717,0.0121596051492816,0.018301998128237473,0.10065173720281817,0.058506321384727375,121
1,16,16,18,8,23,mse,167 85,0.01233745594028027,0.011900302298614095,0.01657560554078254,0.09523397658355805,0.050848502638264806,128
1,16,16,18,9,23,mse,335 169,0.012086740651037377,0.011537882923584286,0.016401482865181123,0.09252509627392798,0.0520501608489109,135
1,16,16,18,9,23,mred,333 169,0.01168878191300137,0.01123717005541954,0.016864320243103637,0.09794285689318812,0.05371243626356246,135
1,16,16,18,10,23,mse,669 339,0.012056904014530006,0.011547316640549645,0.01633299619204972,0.09387953642874301,0.05023044394672267,142
1,16,16,18,10,23,mred,667 338,0.011687171741858075,0.011230151367416195,0.01659418734040886,0.09658841673837308,0.053032124053074524,142
1,16,16,18,11,23,mse,1338 677,0.011945373001137228,0.011431597849303868,0.016320905055156373,0.09387953642874301,0.05142098010063585,149
1,16,16,18,11,23,mred,1333 676,0.011678284863196508,0.011225963648659777,0.016716870283741202,0.0972656368157806,0.05367694061449781,149
1,16,16,20,5,23,mse,21 11,0.02687388963887006,0.026387295472673357,0.033927221184987234,0.17249968133828622,0.09770370886289935,97
1,16,16,20,6,23,mse,43 22,0.023431564451125,0.023321446194207406,0.02899968196572482,0.15279729279872162,0.07738975962357689,102
1,16,16,20,7,23,mse,86 43,0.019613881230437714,0.019449890024596114,0.025711781813164806,0.15279729279872162,0.08272623984784525,107
1,16,16,20,8,23,mse,171 86,0.019566647286383,0.019515953338073697,0.02568330382707428,0.15772288993361278,0.08478675232018595,112
1,16,16,20,8,23,mred,172 86,0.019613881230437714,0.019449890024596114,0.025711781813164806,0.15279729279872162,0.08272623984784525,112
1,16,16,20,9,23,mse,343 172,0.01951053879089519,0.019421516724032778,0.025569162078159305,0.1552600913661672,0.08435816155754466,117
1,16,16,20,10,23,mse,686 345,0.01951649219331206,0.019378907104523876,0.02556164333175112,0.1552600913661672,0.08211146770028041,122
1,16,16,20,10,23,mred,687 345,0.01954873349252231,0.019378335495401397,0.025600956662663172,0.1540286920824444,0.08169641202718869,122
1,16,16,20,11,23,mse,1372 689,0.019497541135254128,0.019381984077866093,0.025549423435248155,0.1552600913661672,0.08302728679236668,127
1,16,16,20,11,23,mred,1373 690,0.019529323011165955,0.01937594667453183,0.0255732659169494,0.1546443917243058,0.08169641202718869,127
1,16,18,12,5,23,mse,21 10,0.033991889243121784,0.03449453684884958,0.03726499965437909,0.09121932884362506,0.07111075740809027,125
1,16,18,12,6,23,mse,41 21,0.012891874709720242,0.012270132179130063,0.017720071123130947,0.08194344984116307,0.04890138332089063,138
1,16,18,12,7,23,mse,82 42,0.012891874709720242,0.012270132179130063,0.017720071123130947,0.08194344984116307,0.04890138332089063,151
1,16,18,12,8,23,mse,164 84,0.012891874709720242,0.012270132179130063,0.017720071123130947,0.08194344984116307,0.04890138332089063,164
1,16,18,12,8,23,mred,164 83,0.012869383267227443,0.012181078913204513,0.018169061082709687,0.08194344984116307,0.0504992069831678,164
1,16,18,12,9,23,mse,329 167,0.012488870000443918,0.011738620757017097,0.017355568228245747,0.07914449694433735,0.04696442461769194,177
1,16,18,12,9,23,mred,328 167,0.01229887551551286,0.011558797609466119,0.017555494990117222,0.08194344984116307,0.04923601927827933,177
1,16,18,12,10,23,mse,658 335,0.012656228121956048,0.011946182984620395,0.017339345290067566,0.07914449694433735,0.04633734860534725,190
1,16,18,12,10,23,mred,655 334,0.012304973186908581,0.011553165696721457,0.01780593337840233,0.08334292628957593,0.05068535461474537,190
1,16,18,12,11,23,mse,1316 669,0.012541617232654258,0.011806217826444119,0.017322468614919352,0.07914449694433735,0.04671208124009859,203
1,16,18,12,11,23,mred,1311 668,0.012292972174290654,0.011548533516079798,0.01766850770846276,0.0826431880653695,0.04996068694651235,203
1,16,18,14,5,23,mse,21 10,0.033991889243121784,0.03449453684884958,0.03726499965437909,0.09121932884362506,0.07111075740809027,115
1,16,18,14,6,23,mse,41 21,0.012891874709720242,0.012270132179130063,0.017720071123130947,0.08194344984116307,0.04890138332089063,126
1,16,18,14,7,23,mse,82 42,0.012891874709720242,0.012270132179130063,0.017720071123130947,0.08194344984116307,0.04890138332089063,137
1,16,18,14,8,23,mse,164 84,0.012891874709720242,0.012270132179130063,0.017720071123130947,0.08194344984116307,0.04890138332089063,148
1,16,18,14,8,23,mred,164 83,0.012869383267227443,0.012181078913204513,0.018169061082709687,0.08194344984116307,0.0504992069831678,148
1,16,18,14,9,23,mse,329 167,0.012488870000443918,0.011738620757017097,0.017355568228245747,0.07914449694433735,0.04696442461769194,159
1,16,18,14,9,23,mred,328 167,0.01229887551551286,0.011558797609466119,0.017555494990117222,0.08194344984116307,0.04923601927827933,159
1,16,18,14,10,23,mse,658 335,0.012656228121956048,0.011946182984620395,0.017339345290067566,0.07914449694433735,0.04633734860534725,170
1,16,18,14,10,23,mred,655 334,0.012304973186908581,0.011553165696721457,0.01780593337840233,0.08334292628957593,0.05068535461474537,170
1,16,18,14,11,23,mse,1316 669,0.012541617232654258,0.011806217826444119,0.017322468614919352,0.07914449694433735,0.04671208124009859,181
1,16,18,14,11,23,mred,1311 668,0.012292972174290654,0.011548533516079798,0.01766850770846276,0.0826431880653695,0.04996068694651235,181
1,16,18,16,5,23,mse,21 10,0.03377039180241624,0.034475992060829436,0.03709412686954287,0.0935797981193559,0.07267344074792081,105
1,16,18,16,6,23,mse,41 21,0.012714582829513696,0.012064466747589321,0.017867772240819153,0.08194344984116307,0.0510030583386221,114
1,16,18,16,7,23,mse,82 42,0.012714582829513696,0.012064466747589321,0.017867772240819153,0.08194344984116307,0.0510030583386221,123
1,16,18,16,8,23,mse,165 84,0.013089940968334723,0.012410890542651183,0.017482772614582358,0.07634554404751162,0.04539037731557166,132
1,16,18,16,8,23,mred,164 84,0.012714582829513696,0.012064466747589321,0.017867772240819153,0.08194344984116307,0.0510030583386221,132
1,16,18,16,9,23,mse,329 167,0.012377712168201209,0.011657766819521142,0.017452431571028458,0.07914449694433735,0.048806137230341905,141
1,16,18,16,9,23,mred,328 167,0.012327660822744125,0.011596987658818676,0.01784729172962853,0.08194344984116307,0.05117589018032578,141
1,16,18,16,10,23,mse,659 335,0.012571755079248487,0.011857840325722705,0.01731692642944206,0.07774502049592448,0.0468367555317602,150
1,16,18,16,10,23,mred,656 334,0.012327660822744125,0.011596987658818676,0.01784729172962853,0.08194344984116307,0.05117589018032578,150
1,16,18,16,11,23,mse,1318 670,0.012571755079248487,0.011857840325722705,0.01731692642944206,0.07774502049592448,0.0468367555317602,159
1,16,18,16,11,23,mred,1313 669,0.012310994202132731,0.011591583210548165,0.017643497815005012,0.08124371161695663,0.05043339221826066,159
1,16,18,18,5,23,mse,21 11,0.03211555531437385,0.03317249967735015,0.03607916337233791,0.08259225616768201,0.06800045051339285,95
1,16,18,18,6,23,mse,41 21,0.013657416111088946,0.01291004943000482,0.0200134139660173,0.10193029092165422,0.05704517170384911,102
1,16,18,18,7,23,mse,83 42,0.013206227886123339,0.012527191436091663,0.017901607389719278,0.09097822129874757,0.0476350096686873,109
1,16,18,18,8,23,mse,166 84,0.013206227886123339,0.012527191436091663,0.017901607389719278,0.09097822129874757,0.0476350096686873,116
1,16,18,18,8,23,mred,165 84,0.012878583333015137,0.012268410178265778,0.01822915738994095,0.09645425611020089,0.05218584181023263,116
1,16,18,18,9,23,mse,331 168,0.012928849985379093,0.012304837311444517,0.017869943262763914,0.09371623870447422,0.04933451926016541,123
1,16,18,18,9,23,mred,330 168,0.012878583333015137,0.012268410178265778,0.01822915738994095,0.09645425611020089,0.05218584181023263,123
1,16,18,18,10,23,mse,663 336,0.013038898407267616,0.012391808507079199,0.017836443365852557,0.0923472300016109,0.04829767428887219,130
1,16,18,18,10,23,mred,661 336,0.01287131861522094,0.012260919871537684,0.01800155626464165,0.09508524740733755,0.050749759752369346,130
1,16,18,18,11,23,mse,1326 673,0.01310075838890453,0.012456513460770187,0.017823676692704144,0.0923472300016109,0.0478995370081069,137
1,16,18,18,11,23,mred,1321 672,0.012865943435966174,0.01225743673934435,0.01810354879892914,0.09576975175876923,0.05146780078130099,137
1,16,18,20,5,23,mse,21 11,0.026959153528749037,0.026882577754889586,0.03284584499689282,0.1690558789330176,0.08466054165791494,85
1,16,18,20,6,23,mse,42 21,0.023743496863714686,0.023913853504090178,0.03002394388784963,0.1690558789330176,0.08844228247366266,90
1,16,18,20,7,23,mse,85 43,0.020400980055852207,0.019937767617614323,0.02648340856536128,0.1591636870155535,0.07506847080301843,95
1,16,18,20,8,23,mse,170 86,0.020400980055852207,0.019937767617614323,0.02648340856536128,0.1591636870155535,0.07506847080301843,100
1,16,18,20,9,23,mse,339 171,0.020163490326897533,0.01980276036297267,0.026296640358076034,0.16163673499491954,0.07872523954357165,105
1,16,18,20,9,23,mred,340 171,0.020144096512273706,0.019747331635945522,0.026314138975408668,0.1591636870155535,0.0766097762607784,105
1,16,18,20,10,23,mse,679 342,0.020135395455797157,0.019760640077760003,0.026273446013879053,0.16040021100523652,0.07736642721251497,110
1,16,18,20,10,23,mred,680 342,0.020144096512273706,0.019747331635945522,0.026314138975408668,0.1591636870155535,0.0766097762607784,110
1,16,18,20,11,23,mse,1358 685,0.020143143564616103,0.019745626400223787,0.02626872303597164,0.16040021100523652,0.07736642721251497,115
1,16,18,20,11,23,mred,1360 685,0.02015184462109265,0.01973231795840931,0.026309423302563886,0.1591636870155535,0.07600761488145828,115
1,16,20,12,5,23,mse,20 10,0.027373208917051764,0.0255909871789559,0.03569779404545815,0.08818107249875769,0.07220142499729629,113
1,16,20,12,6,23,mse,40 20,0.027373208917051764,0.0255909871789559,0.03569779404545815,0.08818107249875769,0.07220142499729629,126
1,16,20,12,7,23,mse,79 41,0.025568853219707036,0.02375691592549671,0.033800916140489065,0.09223745534786776,0.07040535532820523,139
1,16,20,12,8,23,mse,159 81,0.025234140021537274,0.023303815307706845,0.03345585642757859,0.08649212278677831,0.06953001845669346,152
1,16,20,12,8,23,mred,158 81,0.025193101791592454,0.02315311516907608,0.033730873516777816,0.09223745534786776,0.07040535532820523,152
1,16,20,12,9,23,mse,318 163,0.025184630042460562,0.023324691964661276,0.03327234827699279,0.08649212278677831,0.06953001845669346,165
1,16,20,12,9,23,mred,316 162,0.025193101791592454,0.02315311516907608,0.033730873516777816,0.09223745534786776,0.07040535532820523,165
1,16,20,12,10,23,mse,635 326,0.025126054094859084,0.023246723776242876,0.03325531024280965,0.08792845592705067,0.06969664404323604,178
1,16,20,12,10,23,mred,633 325,0.025061633185559894,0.02307942501038375,0.03343089047855963,0.0908011222075954,0.07004974411573857,178
1,16,20,12,11,23,mse,1270 652,0.025126054094859084,0.023246723776242876,0.03325531024280965,0.08792845592705067,0.06969664404323604,191
1,16,20,12,11,23,mred,1265 650,0.025075449727896215,0.023076434588006824,0.03350121127518391,0.09151928877773158,0.07037289891518642,191
1,16,20,14,5,23,mse,20 10,0.027373208917051764,0.0255909871789559,0.03569779404545815,0.08818107249875769,0.07220142499729629,103
1,16,20,14,6,23,mse,40 20,0.027373208917051764,0.0255909871789559,0.03569779404545815,0.08818107249875769,0.07220142499729629,114
1,16,20,14,7,23,mse,79 41,0.025568853219707036,0.02375691592549671,0.033800916140489065,0.09223745534786776,0.07040535532820523,125
1,16,20,14,8,23,mse,159 81,0.025234140021537274,0.023303815307706845,0.03345585642757859,0.08649212278677831,0.06953001845669346,136
1,16,20,14,8,23,mred,158 81,0.025193101791592454,0.02315311516907608,0.033730873516777816,0.09223745534786776,0.07040535532820523,136
1,16,20,14,9,23,mse,318 163,0.025184630042460562,0.023324691964661276,0.03327234827699279,0.08649212278677831,0.06953001845669346,147
1,16,20,14,9,23,mred,316 162,0.025193101791592454,0.02315311516907608,0.033730873516777816,0.09223745534786776,0.07040535532820523,147
1,16,20,14,10,23,mse,635 326,0.025126054094859084,0.023246723776242876,0.03325531024280965,0.08792845592705067,0.06969664404323604,158
1,16,20,14,10,23,mred,633 325,0.025061633185559894,0.02307942501038375,0.03343089047855963,0.0908011222075954,0.07004974411573857,158
1,16,20,14,11,23,mse,1270 652,0.025126054094859084,0.023246723776242876,0.03325531024280965,0.08792845592705067,0.06969664404323604,169
1,16,20,14,11,23,mred,1265 650,0.025075449727896215,0.023076434588006824,0.03350121127518391,0.09151928877773158,0.07037289891518642,169
1,16,20,16,5,23,mse,20 10,0.027444107182940644,0.025707076253801038,0.035659545716017656,0.08818107249875769,0.0718610187715942,93
1,16,20,16,6,23,mse,40 20,0.027444107182940644,0.025707076253801038,0.035659545716017656,0.08818107249875769,0.0718610187715942,102
1,16,20,16,7,23,mse,80 41,0.0258432559531517,0.024137315371558665,0.03382536889583596,0.08818107249875769,0.07066549689676585,111
1,16,20,16,7,23,mred,79 41,0.025519200075642318,0.02364355186730216,0.03387900947347075,0.09393420776777829,0.07113273688647298,111
1,16,20,16,8,23,mse,159 82,0.02543860959645723,0.023688552287108033,0.033397267346984345,0.08819961414605536,0.06961171267577247,120
1,16,20,16,8,23,mred,158 81,0.02533242500112168,0.023270480861676143,0.03395871908914513,0.09393420776777829,0.07113273688647298,120
1,16,20,16,9,23,mse,318 163,0.02509515869974869,0.02320630480590747,0.03321900063567894,0.08819961414605536,0.06961171267577247,129
1,16,20,16,9,23,mred,317 163,0.025075932474374167,0.023134111552686715,0.03334753994139819,0.09106691095691682,0.07008596137539351,129
1,16,20,16,10,23,mse,636 326,0.02509515869974869,0.02320630480590747,0.03321900063567894,0.08819961414605536,0.06961171267577247,138
1,16,20,16,10,23,mred,634 325,0.025085661003391727,0.02310926882019457,0.033422373204536296,0.09106691095691682,0.07008596137539351,138
1,16,20,16,11,23,mse,1272 652,0.02509515869974869,0.02320630480590747,0.03321900063567894,0.08819961414605536,0.06961171267577247,147
1,16,20,16,11,23,mred,1267 651,0.02507430990276813,0.02309592001722538,0.033439120622611486,0.09178373515963219,0.07007302163199873,147
1,16,20,18,5,23,mse,20 10,0.02823499905957473,0.026645524790501605,0.03633298935340713,0.09277440231619387,0.07439285019000307,83
1,16,20,18,6,23,mse,40 20,0.02823499905957473,0.026645524790501605,0.03633298935340713,0.09277440231619387,0.07439285019000307,90
1,16,20,18,7,23,mse,80 41,0.025378184427330055,0.0235482794892708,0.03339811529228272,0.09277440231619387,0.06966415386103132,97
1,16,20,18,8,23,mse,160 82,0.025378184427330055,0.0235482794892708,0.03339811529228272,0.09277440231619387,0.06966415386103132,104
1,16,20,18,8,23,mred,159 82,0.02545406969660312,0.023519088993668166,0.03379799068282785,0.09844456230171766,0.07153079686266037,104
1,16,20,18,9,23,mse,320 164,0.025378184427330055,0.0235482794892708,0.03339811529228272,0.09277440231619387,0.06966415386103132,111
1,16,20,18,9,23,mred,319 163,0.02535784883687471,0.02342041764010788,0.033602003430028386,0.09560948230895577,0.07008266755191137,111
1,16,20,18,10,23,mse,640 328,0.025378184427330055,0.0235482794892708,0.03339811529228272,0.09277440231619387,0.06966415386103132,118
1,16,20,18,10,23,mred,638 327,0.025297997043433357,0.023383137342372594,0.03349009693347774,0.09560948230895577,0.07008266755191137,118
1,16,20,18,11,23,mse,1280 655,0.0253352433608086,0.023482933854675425,0.033386670411690404,0.09277440231619387,0.06966415386103132,125
1,16,20,18,11,23,mred,1275 653,0.025324967667035778,0.02338235409377197,0.03358970488938846,0.09631825230714625,0.07062341815105892,125
1,16,20,20,5,23,mse,20 10,0.03982980254890646,0.03883703098192261,0.04939563745275111,0.16239871718558296,0.10257279978680198,73
1,16,20,20,6,23,mse,41 21,0.029460586939323824,0.027844239283468752,0.0383573861429503,0.14145868511522255,0.08531582528296633,78
1,16,20,20,7,23,mse,82 42,0.029460586939323824,0.027844239283468752,0.0383573861429503,0.14145868511522255,0.08531582528296633,83
1,16,20,20,8,23,mse,164 83,0.0290120696792074,0.027341913035283064,0.038040561388180245,0.14145868511522255,0.08544215651630209,88
1,16,20,20,8,23,mred,163 83,0.029023617940026968,0.027324223815390188,0.03819910956993631,0.14669369313281266,0.08392289023293024,88
1,16,20,20,9,23,mse,327 167,0.028972906435402207,0.027291463324213932,0.03800053637805428,0.1440761891240176,0.08401492561160481,93
1,16,20,20,9,23,mred,327 166,0.02896425877509152,0.02729070068574604,0.03802516496735409,0.1440761891240176,0.08412784089189693,93
1,16,20,20,10,23,mse,655 333,0.028927046810647734,0.027246033652036296,0.037950824742973635,0.1427674371196201,0.08452814068634283,98
1,16,20,20,10,23,mred,654 333,0.028916982969223678,0.027231466754545075,0.037966870707757276,0.1440761891240176,0.08412784089189693,98
1,16,20,20,11,23,mse,1310 666,0.028927046810647734,0.027246033652036296,0.037950824742973635,0.1427674371196201,0.08452814068634283,103
1,16,20,20,11,23,mred,1307 666,0.028919747303165558,0.02723059463922984,0.03799269883344904,0.14473056512621638,0.08437033401521855,103
1,18,12,12,5,23,mse,21 11,0.02357170153092026,0.024557727918698022,0.027434984001072697,0.08932562925444179,0.05687810912111012,149
1,18,12,12,6,23,mse,42 21,0.014308258769592836,0.014230486179095359,0.018316787496175758,0.08932562925444179,0.055835451172873585,162
1,18,12,12,7,23,mse,84 43,0.014652361456623492,0.014448936824730065,0.018150753186393944,0.08932562925444179,0.04970914287943119,175
1,18,12,12,7,23,mred,84 42,0.014308258769592836,0.014230486179095359,0.018316787496175758,0.08932562925444179,0.055835451172873585,175
1,18,12,12,8,23,mse,168 85,0.012493266020436955,0.012071647739355377,0.016697809784524908,0.08932562925444179,0.050960816919923504,188
1,18,12,12,8,23,mred,167 85,0.012146945004712403,0.011829570325661336,0.017123470521623184,0.09474631003268916,0.055520407169238936,188
1,18,12,12,9,23,mse,336 170,0.012493266020436955,0.012071647739355377,0.016697809784524908,0.08932562925444179,0.050960816919923504,201
1,18,12,12,9,23,mred,334 170,0.012146945004712403,0.011829570325661336,0.017123470521623184,0.09474631003268916,0.055520407169238936,201
1,18,12,12,10,23,mse,671 340,0.012308419663092249,0.011930771752864864,0.01665102868361285,0.09068079944900363,0.052126845072426646,214
1,18,12,12,10,23,mred,669 340,0.012134680565645645,0.011808586787719242,0.016865792355381912,0.09339113983812732,0.05438033660364951,214
1,18,12,12,11,23,mse,1342 680,0.012308419663092249,0.011930771752864864,0.01665102868361285,0.09068079944900363,0.052126845072426646,227
1,18,12,12,11,23,mred,1338 679,0.012112058156195791,0.011796992776744293,0.01690182903678817,0.09339113983812732,0.05439994952980118,227
1,18,12,14,5,23,mse,21 11,0.023406428505223845,0.024383058861236102,0.0272940531051281,0.09026350193286152,0.05638355470781679,139
1,18,12,14,6,23,mse,42 21,0.01435378956453296,0.014310180211506776,0.018378480999811212,0.09026350193286152,0.05615735446454637,150
1,18,12,14,7,23,mse,84 43,0.014528621566452215,0.014326802947704186,0.018078718021727187,0.09026350193286152,0.04981680412755261,161
1,18,12,14,7,23,mred,84 42,0.01435378956453296,0.014310180211506776,0.018378480999811212,0.09026350193286152,0.05615735446454637,161
1,18,12,14,8,23,mse,168 85,0.012440578616481726,0.012036789175395975,0.016693489107023327,0.09026350193286152,0.05135294558090578,172
1,18,12,14,8,23,mred,167 85,0.012162402682036326,0.01185312047963765,0.017219871262437514,0.09567860013564211,0.05612164204676544,172
1,18,12,14,9,23,mse,336 170,0.012440578616481726,0.012036789175395975,0.016693489107023327,0.09026350193286152,0.05135294558090578,183
1,18,12,14,9,23,mred,335 170,0.012167257282670079,0.011835047465806683,0.016754835641772006,0.09297105103425181,0.053849970403275715,183
1,18,12,14,10,23,mse,671 340,0.012270708615357652,0.011908925413785763,0.016672735504787296,0.09161727648355666,0.05272057919220541,194
1,18,12,14,10,23,mred,669 340,0.012134777557566232,0.011819311261915846,0.01693829398366029,0.09432482558494695,0.055185895710399856,194
1,18,12,14,11,23,mse,1343 680,0.012348717294888616,0.011967151205998679,0.016670234977316966,0.0909403892082091,0.05205878416306284,205
1,18,12,14,11,23,mred,1338 680,0.012134777557566232,0.011819311261915846,0.01693829398366029,0.09432482558494695,0.055185895710399856,205
1,18,12,16,5,23,mse,21 11,0.022799574620728208,0.023733316460998084,0.02677814465629995,0.09241253762222293,0.056553816083447915,129
1,18,12,16,6,23,mse,42 21,0.014635047590548194,0.0147274216389414,0.01873175926319738,0.09241253762222293,0.05830705201382576,138
1,18,12,16,7,23,mse,84 43,0.014120908198490323,0.013927645391912557,0.01788628699291372,0.09241253762222293,0.05250792192438005,147
1,18,12,16,8,23,mse,168 85,0.012336789505875634,0.012007494036761789,0.016789442212320014,0.09241253762222293,0.05324661885670584,156
1,18,12,16,9,23,mse,336 170,0.012336789505875634,0.012007494036761789,0.016789442212320014,0.09241253762222293,0.05324661885670584,165
1,18,12,16,9,23,mred,335 170,0.012198965235351987,0.011923082239256075,0.017058781253748254,0.09511369078406155,0.05564366613932641,165
1,18,12,16,10,23,mse,672 341,0.01246189745438082,0.012114047889033388,0.016773789999864952,0.09241253762222293,0.05282469200839903,174
1,18,12,16,10,23,mred,670 340,0.012198965235351987,0.011923082239256075,0.017058781253748254,0.09511369078406155,0.05564366613932641,174
1,18,12,16,11,23,mse,1345 681,0.012439823114441542,0.012075985215768078,0.016752577155426687,0.09173724933176328,0.05254218925764089,183
1,18,12,16,11,23,mred,1340 680,0.012198965235351987,0.011923082239256075,0.017058781253748254,0.09511369078406155,0.05564366613932641,183
1,18,12,18,5,23,mse,21 11,0.021459640085886987,0.022089091845305532,0.02583427163897822,0.09967323732124514,0.058683953192062425,119
1,18,12,18,6,23,mse,42 21,0.0170191339680336,0.017561567072757217,0.021581732225257836,0.09967323732124514,0.0672116559765632,126
1,18,12,18,7,23,mse,85 43,0.014460478581546816,0.01395880001976673,0.018498233467033963,0.0889550615750695,0.05080984308280997,133
1,18,12,18,7,23,mred,84 43,0.01380855919187446,0.013582984845989382,0.01882651860112352,0.09967323732124514,0.059280319827238345,133
1,18,12,18,8,23,mse,169 86,0.01365671572093728,0.01338694153551086,0.01792301406952758,0.09431414944815732,0.05444973345853858,140
1,18,12,18,8,23,mred,169 85,0.013402384102783431,0.013292942448769267,0.017996193235746593,0.09431414944815732,0.05826976860087674,140
1,18,12,18,9,23,mse,338 171,0.013081158555313456,0.012831455503212318,0.017586618952127615,0.09431414944815732,0.05639331459408756,147
1,18,12,18,9,23,mred,337 171,0.013029273553760684,0.012826628986394091,0.017863976423168504,0.09699369338470124,0.059185050349726355,147
1,18,12,18,10,23,mse,676 342,0.013081158555313456,0.012831455503212318,0.017586618952127615,0.09431414944815732,0.05639331459408756,154
1,18,12,18,10,23,mred,675 342,0.013022101941198431,0.012802660748056237,0.017678040349957565,0.09565392141642927,0.05778918247190695,154
1,18,12,18,11,23,mse,1353 684,0.013136921279057329,0.012866712547568153,0.01757687169018315,0.09364426346402134,0.05579861513658876,161
1,18,12,18,11,23,mred,1350 684,0.013022101941198431,0.012802660748056237,0.017678040349957565,0.09565392141642927,0.05778918247190695,161
1,18,12,20,5,23,mse,22 11,0.02400412293242456,0.02296544002208418,0.030983017215229586,0.14807790198139326,0.0744431336332135,109
1,18,12,20,6,23,mse,43 22,0.022015628404966892,0.0219275291799246,0.02850812141751663,0.1674397678454525,0.09179496913550997,114
1,18,12,20,7,23,mse,87 44,0.021875503813943577,0.02154968004944028,0.02798606302664888,0.15775883491342288,0.08170570669636182,119
1,18,12,20,8,23,mse,173 87,0.020518753382588795,0.020550385975781696,0.026870615390504095,0.16259930137943768,0.08795417874486974,124
1,18,12,20,9,23,mse,347 174,0.020572819291518586,0.020523231548003146,0.026853324909193132,0.1601790681464303,0.08697961879958434,129
1,18,12,20,10,23,mse,693 348,0.020521429931171214,0.020517626596983002,0.02683196627772461,0.16138918476293398,0.08788839580436489,134
1,18,12,20,11,23,mse,1386 696,0.020521429931171214,0.020517626596983002,0.02683196627772461,0.16138918476293398,0.08788839580436489,139
1,18,12,20,11,23,mred,1387 697,0.020575545299895408,0.02051507754031374,0.026847558972301552,0.16078412645468212,0.08661049854901796,139
1,18,14,12,5,23,mse,21 11,0.02387423028408523,0.02486808904605263,0.02770108314114239,0.08791882023681219,0.05706137489235223,137
1,18,14,12,6,23,mse,42 21,0.014251582015643484,0.01412075860608032,0.018232936322846123,0.08791882023681219,0.055224206511341245,150
1,18,14,12,7,23,mse,84 42,0.014251582015643484,0.01412075860608032,0.018232936322846123,0.08791882023681219,0.055224206511341245,163
1,18,14,12,8,23,mse,168 85,0.012612284497504902,0.012161016320958371,0.01673419534582967,0.08791882023681219,0.05009752765543432,176
1,18,14,12,8,23,mred,167 85,0.01214381678133055,0.01181728347533242,0.01697458511555324,0.09334787487825974,0.05484713883355158,176
1,18,14,12,9,23,mse,335 170,0.012246337907989197,0.011881690590778302,0.016649221695111623,0.09063334755753596,0.05237428342796273,189
1,18,14,12,9,23,mred,334 170,0.01214381678133055,0.01181728347533242,0.01697458511555324,0.09334787487825974,0.05484713883355158,189
1,18,14,12,10,23,mse,671 340,0.012399948758045403,0.011996804443387354,0.016640097806540435,0.08927608389717408,0.05134309720260444,202
1,18,14,12,10,23,mred,668 340,0.01214381678133055,0.01181728347533242,0.01697458511555324,0.09334787487825974,0.05484713883355158,202
1,18,14,12,11,23,mse,1341 680,0.01231597662583403,0.011933414111453959,0.01663172264587289,0.08995471572735503,0.051667100057386575,215
1,18,14,12,11,23,mred,1337 679,0.012101447809097344,0.011776959860282654,0.01687560779448463,0.0926692430480788,0.05437277312522203,215
1,18,14,14,5,23,mse,21 11,0.023699853261561467,0.024683930362238232,0.027550459877034975,0.08838775657602206,0.0567953337383688,127
1,18,14,14,6,23,mse,42 21,0.014288449928423952,0.014192254167626976,0.018281245118591662,0.08838775657602206,0.05585226103670772,138
1,18,14,14,7,23,mse,84 43,0.014754995814335018,0.01454580235926545,0.018217746938412358,0.08838775657602206,0.049296590568840365,149
1,18,14,14,7,23,mred,84 42,0.014288449928423952,0.014192254167626976,0.018281245118591662,0.08838775657602206,0.05585226103670772,149
1,18,14,14,8,23,mse,168 85,0.012550962578981417,0.01211726434129685,0.01671414726696436,0.08838775657602206,0.05104640977786447,160
1,18,14,14,8,23,mred,167 85,0.012148351673504507,0.011830252022871156,0.017054887398124104,0.09381401992973622,0.05550240752383917,160
1,18,14,14,9,23,mse,335 170,0.012215393617245269,0.011863979491116821,0.016680308907868622,0.09110088825287914,0.05297618988775381,171
1,18,14,14,9,23,mred,334 170,0.012148351673504507,0.011830252022871156,0.017054887398124104,0.09381401992973622,0.05550240752383917,171
1,18,14,14,10,23,mse,671 340,0.01235328520705031,0.011966211093972178,0.01664562706837051,0.0897443224144506,0.052319295753911005,182
1,18,14,14,10,23,mred,669 340,0.012152208374674045,0.011822169514700387,0.016817554315349453,0.09245745409130768,0.054088488972228156,182
1,18,14,14,11,23,mse,1342 680,0.01235328520705031,0.011966211093972178,0.01664562706837051,0.0897443224144506,0.052319295753911005,193
1,18,14,14,11,23,mred,1337 679,0.012111602546167458,0.011799861757417334,0.01695296712679003,0.09313573701052194,0.05494372097016338,193
1,18,14,16,5,23,mse,21 11,0.023075073414335408,0.024016440136079453,0.027010464267377278,0.09241253762222293,0.0561444087253091,117
1,18,14,16,6,23,mse,42 21,0.014535921906197671,0.014573360488855885,0.01859783525863598,0.09241253762222293,0.056905354512249505,126
1,18,14,16,7,23,mse,84 43,0.014318970561660635,0.014117932238888173,0.017985169148931248,0.09241253762222293,0.05170011863124931,135
1,18,14,16,8,23,mse,168 85,0.012410686784015077,0.012049285704626956,0.01676630215967744,0.09241253762222293,0.05306357749734037,144
1,18,14,16,8,23,mred,167 85,0.012267551858582982,0.011981279442183392,0.0175166536816983,0.09781484394590018,0.057915606556403716,144
1,18,14,16,9,23,mse,336 170,0.012410686784015077,0.012049285704626956,0.01676630215967744,0.09241253762222293,0.05306357749734037,153
1,18,14,16,9,23,mred,335 170,0.012206005942413993,0.011907836266594843,0.016944292961737568,0.09511369078406155,0.055414636584298474,153
1,18,14,16,10,23,mse,672 340,0.012410686784015077,0.012049285704626956,0.01676630215967744,0.09241253762222293,0.05306357749734037,162
1,18,14,16,10,23,mred,670 340,0.012206005942413993,0.011907836266594843,0.016944292961737568,0.09511369078406155,0.055414636584298474,162
1,18,14,16,11,23,mse,1344 681,0.012456875228068985,0.012083742844906955,0.016749477685769513,0.09241253762222293,0.05306357749734037,171
1,18,14,16,11,23,mred,1339 680,0.012195055975018729,0.011904936510130758,0.01705149465212804,0.0957889790745212,0.056119551034608695,171
1,18,14,18,5,23,mse,21 11,0.02168169095425878,0.022329283564268505,0.026032012966774484,0.09967323732124514,0.058683953192062425,107
1,18,14,18,6,23,mse,42 21,0.01682723725142655,0.017319499766062375,0.02137937264375061,0.09967323732124514,0.06688429473239532,114
1,18,14,18,7,23,mse,85 43,0.01476781642050614,0.014227560374613361,0.018834111032452708,0.0889550615750695,0.050462890090331926,121
1,18,14,18,7,23,mred,84 43,0.013911160241488457,0.01367843509484035,0.01884144783633624,0.09967323732124514,0.059280319827238345,121
1,18,14,18,8,23,mse,169 85,0.013471200267507625,0.013311119733135065,0.018047041265662127,0.09431414944815732,0.05781143974379997,128
1,18,14,18,9,23,mse,338 171,0.013228504820639149,0.012940919485592816,0.017704506811703078,0.09431414944815732,0.055986700904954646,135
1,18,14,18,9,23,mred,337 171,0.013125946460251448,0.012892646143259606,0.01789683458017604,0.09699369338470124,0.05727900829269065,135
1,18,14,18,10,23,mse,676 342,0.013228504820639149,0.012940919485592816,0.017704506811703078,0.09431414944815732,0.055986700904954646,142
1,18,14,18,10,23,mred,675 342,0.013145657265478112,0.012891513766100659,0.01775327066256921,0.09565392141642927,0.05605649468063463,142
1,18,14,18,11,23,mse,1352 684,0.013228504820639149,0.012940919485592816,0.017704506811703078,0.09431414944815732,0.055986700904954646,149
1,18,14,18,11,23,mred,1349 683,0.01309687617843619,0.012874465309194422,0.017829381178110865,0.09632380740056525,0.05740255049645032,149
1,18,14,20,5,23,mse,22 11,0.02422956325564754,0.023155942630367375,0.031242273974403007,0.14807790198139326,0.0744431336332135,97
1,18,14,20,6,23,mse,43 22,0.02207644696469354,0.021995410719723628,0.028539629894207722,0.1674397678454525,0.09179496913550997,102
1,18,14,20,7,23,mse,87 43,0.02183950365271685,0.022040612464308624,0.028035681834886115,0.15775883491342288,0.08731913535033813,107
1,18,14,20,7,23,mred,87 44,0.02202000729493487,0.021679839649954954,0.02814432283273319,0.15775883491342288,0.08170570669636182,107
1,18,14,20,8,23,mse,173 87,0.020528979042689674,0.02054730683819344,0.02689197899605939,0.16259930137943768,0.08795417874486974,112
1,18,14,20,9,23,mse,346 174,0.020528979042689674,0.02054730683819344,0.02689197899605939,0.16259930137943768,0.08795417874486974,117
1,18,14,20,9,23,mred,347 174,0.02060396618193563,0.02053572192559381,0.0269077340800151,0.1601790681464303,0.08697961879958434,117
1,18,14,20,10,23,mse,693 348,0.020542116206430178,0.020522332216984206,0.0268698709738156,0.16138918476293398,0.08788839580436489,122
1,18,14,20,11,23,mse,1386 696,0.020542116206430178,0.020522332216984206,0.0268698709738156,0.16138918476293398,0.08788839580436489,127
1,18,16,12,5,23,mse,21 11,0.02503598731990236,0.026041508955230275,0.028793532361832515,0.08333666299844515,0.05827396813832431,125
1,18,16,12,6,23,mse,42 21,0.014224301853024857,0.013891970957179676,0.018240354931386853,0.08333666299844515,0.05243817735707466,138
1,18,16,12,7,23,mse,84 42,0.014224301853024857,0.013891970957179676,0.018240354931386853,0.08333666299844515,0.05243817735707466,151
1,18,16,12,7,23,mred,83 42,0.013602139097105028,0.013448640031516731,0.019024239249163116,0.09424932177227319,0.05899587121640119,151
1,18,16,12,8,23,mse,167 85,0.012375819568517014,0.011991026443829492,0.016794712837089894,0.08879299238535918,0.05298064299539685,164
1,18,16,12,9,23,mse,335 170,0.01267386536695503,0.012215820218890627,0.016783310494731706,0.08606482769190216,0.05030007004939499,177
1,18,16,12,9,23,mred,333 169,0.012272226472610918,0.01195628497968278,0.017366639616923654,0.09152115707881618,0.05596992037745831,177
1,18,16,12,10,23,mse,669 339,0.012329647818727793,0.011912921469840763,0.016716175648018642,0.08742891003863067,0.05172800559249115,190
1,18,16,12,10,23,mred,667 339,0.012145990991754466,0.011782315273370056,0.016933201441015778,0.09015707473208767,0.054552457795442474,190
1,18,16,12,11,23,mse,1338 679,0.012380096335217913,0.011957669355477762,0.016701609233740783,0.08742891003863067,0.051717532631410816,203
1,18,16,12,11,23,mred,1334 678,0.012145990991754466,0.011782315273370056,0.016933201441015778,0.09015707473208767,0.054552457795442474,203
1,18,16,14,5,23,mse,21 11,0.02503598731990236,0.026041508955230275,0.028793532361832515,0.08333666299844515,0.05827396813832431,115
1,18,16,14,6,23,mse,42 21,0.014224301853024857,0.013891970957179676,0.018240354931386853,0.08333666299844515,0.05243817735707466,126
1,18,16,14,7,23,mse,84 42,0.014224301853024857,0.013891970957179676,0.018240354931386853,0.08333666299844515,0.05243817735707466,137
1,18,16,14,7,23,mred,83 42,0.013602139097105028,0.013448640031516731,0.019024239249163116,0.09424932177227319,0.05899587121640119,137
1,18,16,14,8,23,mse,167 85,0.012375819568517014,0.011991026443829492,0.016794712837089894,0.08879299238535918,0.05298064299539685,148
1,18,16,14,9,23,mse,335 170,0.01267386536695503,0.012215820218890627,0.016783310494731706,0.08606482769190216,0.05030007004939499,159
1,18,16,14,9,23,mred,333 169,0.012272226472610918,0.01195628497968278,0.017366639616923654,0.09152115707881618,0.05596992037745831,159
1,18,16,14,10,23,mse,669 339,0.012329647818727793,0.011912921469840763,0.016716175648018642,0.08742891003863067,0.05172800559249115,170
1,18,16,14,10,23,mred,667 339,0.012145990991754466,0.011782315273370056,0.016933201441015778,0.09015707473208767,0.054552457795442474,170
1,18,16,14,11,23,mse,1338 679,0.012380096335217913,0.011957669355477762,0.016701609233740783,0.08742891003863067,0.051717532631410816,181
1,18,16,14,11,23,mred,1334 678,0.012145990991754466,0.011782315273370056,0.016933201441015778,0.09015707473208767,0.054552457795442474,181
1,18,16,16,5,23,mse,21 11,0.02429089220558625,0.02526336730958154,0.028110400999593166,0.0851518379232007,0.05740836481688238,105
1,18,16,16,6,23,mse,42 21,0.014295130982669282,0.014097960866586524,0.018291343079068535,0.0851518379232007,0.05423478543668785,114
1,18,16,16,7,23,mse,84 42,0.014295130982669282,0.014097960866586524,0.018291343079068535,0.0851518379232007,0.05423478543668785,123
1,18,16,16,8,23,mse,168 85,0.012851790339897641,0.012354843457729131,0.016945978251755135,0.0851518379232007,0.04966084311936866,132
1,18,16,16,8,23,mred,167 85,0.012287253522808943,0.01193769060832643,0.016965741897431018,0.09059736269746738,0.0537939367093848,132
1,18,16,16,9,23,mse,335 170,0.012461534414626857,0.012056378219773815,0.01675117559698083,0.08787460031033403,0.05216595031417674,141
1,18,16,16,9,23,mred,334 170,0.012287253522808943,0.01193769060832643,0.016965741897431018,0.09059736269746738,0.0537939367093848,141
1,18,16,16,10,23,mse,670 340,0.012461534414626857,0.012056378219773815,0.01675117559698083,0.08787460031033403,0.05216595031417674,150
1,18,16,16,10,23,mred,668 339,0.01222346545991089,0.011895356028665224,0.017017818189851035,0.09059736269746738,0.05499530568637324,150
1,18,16,16,11,23,mse,1340 680,0.012461534414626857,0.012056378219773815,0.01675117559698083,0.08787460031033403,0.05216595031417674,159
1,18,16,16,11,23,mred,1336 679,0.012220256959895745,0.011875950863478792,0.01696705921059293,0.09059736269746738,0.05439785781037333,159
1,18,16,18,5,23,mse,21 11,0.022411185352225613,0.02316307209981696,0.026582540551394203,0.09967323732124514,0.05780781290491688,95
1,18,16,18,6,23,mse,42 21,0.015925988163295813,0.016211816375784872,0.02029860764760504,0.09967323732124514,0.062079333882908566,102
1,18,16,18,7,23,mse,84 43,0.014183659132165764,0.013937628052181962,0.01860392754729506,0.09967323732124514,0.05680196578183609,109
1,18,16,18,8,23,mse,169 85,0.01351412449862608,0.013142581533297667,0.01798547698292972,0.09431414944815732,0.05420039319505502,116
1,18,16,18,8,23,mred,168 85,0.013113925098892247,0.012879542423318131,0.0180489115885063,0.09967323732124514,0.05779840685546886,116
1,18,16,18,9,23,mse,337 171,0.013317551152581233,0.012966247197296601,0.017738375955379027,0.09699369338470124,0.054215645910623875,123
1,18,16,18,9,23,mred,336 170,0.013113925098892247,0.012879542423318131,0.0180489115885063,0.09967323732124514,0.05779840685546886,123
1,18,16,18,10,23,mse,674 341,0.01312729361319621,0.012793151825914456,0.017688864167724357,0.09699369338470124,0.05502557624651898,130
1,18,16,18,10,23,mred,673 341,0.013054682164937655,0.012749346638268926,0.017753060387002934,0.09833346535297319,0.05596713669309378,130
1,18,16,18,11,23,mse,1348 682,0.01312729361319621,0.012793151825914456,0.017688864167724357,0.09699369338470124,0.05502557624651898,137
1,18,16,18,11,23,mred,1345 682,0.01303794910271092,0.012743549748999407,0.01782095977915103,0.09900335133710916,0.05665170876384049,137
1,18,16,20,5,23,mse,22 11,0.025322436500156545,0.02403757604915931,0.03269207263627789,0.14807790198139326,0.07526957883055524,85
1,18,16,20,6,23,mse,43 22,0.022127526708928466,0.022062770103697327,0.028361401980291637,0.1674397678454525,0.09128421235544454,90
1,18,16,20,7,23,mse,86 43,0.021195887398748253,0.02156680326398723,0.027602932659454252,0.1674397678454525,0.09485469964725408,95
1,18,16,20,8,23,mse,173 87,0.020509015906296866,0.02042134087447847,0.026831394384448495,0.16259930137943768,0.0869041204518376,100
1,18,16,20,9,23,mse,345 174,0.020468708891383212,0.02045783405734035,0.02681985752003998,0.1650195346124451,0.08950328720981023,105
1,18,16,20,9,23,mred,346 174,0.020509015906296866,0.02042134087447847,0.026831394384448495,0.16259930137943768,0.0869041204518376,105
1,18,16,20,10,23,mse,691 347,0.02040979305357122,0.020428408797900127,0.026756395845184456,0.1638094179959414,0.08822362316794766,110
1,18,16,20,10,23,mred,692 348,0.020509015906296866,0.02042134087447847,0.026831394384448495,0.16259930137943768,0.0869041204518376,110
1,18,16,20,11,23,mse,1382 694,0.02040979305357122,0.020428408797900127,0.026756395845184456,0.1638094179959414,0.08822362316794766,115
1,18,16,20,11,23,mred,1383 695,0.02043287772824978,0.020398060021616444,0.02677133434562262,0.16320435968768954,0.08756387180989261,115
1,18,18,12,5,23,mse,21 11,0.031226025558971783,0.03213608044246065,0.03513322710702798,0.08259225616768201,0.06737363975773118,113
1,18,18,12,6,23,mse,41 21,0.014087990198835956,0.01339135036950247,0.020457548266380632,0.09468779326779658,0.059453395591797784,126
1,18,18,12,7,23,mse,83 42,0.013593838568143687,0.012991963804158036,0.018366629599987125,0.08364740050276971,0.05022183543285363,139
1,18,18,12,8,23,mse,166 84,0.013593838568143687,0.012991963804158036,0.018366629599987125,0.08364740050276971,0.05022183543285363,152
1,18,18,12,8,23,mred,165 84,0.013290787944308467,0.012745405620423568,0.01870095914214344,0.08916759688528315,0.05450099887537665,152
1,18,18,12,9,23,mse,331 169,0.013468585058653032,0.012920790786580365,0.018302296731119556,0.08640749869402643,0.051635850387120215,165
1,18,18,12,9,23,mred,330 168,0.013290787944308467,0.012745405620423568,0.01870095914214344,0.08916759688528315,0.05450099887537665,165
1,18,18,12,10,23,mse,663 337,0.013370053057764817,0.012780524912993595,0.01819278989530352,0.08502744959839807,0.050527455722281414,178
1,18,18,12,10,23,mred,661 337,0.013209817812331059,0.0126506780301794,0.018362298308249852,0.0877875477896548,0.05306842463124844,178
1,18,18,12,11,23,mse,1326 674,0.013370053057764817,0.012780524912993595,0.01819278989530352,0.08502744959839807,0.050527455722281414,191
1,18,18,12,11,23,mred,1322 673,0.013200962138777882,0.012647129608423322,0.018395760600819863,0.0877875477896548,0.05306842463124844,191
1,18,18,14,5,23,mse,21 11,0.031226025558971783,0.03213608044246065,0.03513322710702798,0.08259225616768201,0.06737363975773118,103
1,18,18,14,6,23,mse,41 21,0.014087990198835956,0.01339135036950247,0.020457548266380632,0.09468779326779658,0.059453395591797784,114
1,18,18,14,7,23,mse,83 42,0.013593838568143687,0.012991963804158036,0.018366629599987125,0.08364740050276971,0.05022183543285363,125
1,18,18,14,8,23,mse,166 84,0.013593838568143687,0.012991963804158036,0.018366629599987125,0.08364740050276971,0.05022183543285363,136
1,18,18,14,8,23,mred,165 84,0.013290787944308467,0.012745405620423568,0.01870095914214344,0.08916759688528315,0.05450099887537665,136
1,18,18,14,9,23,mse,331 169,0.013468585058653032,0.012920790786580365,0.018302296731119556,0.08640749869402643,0.051635850387120215,147
1,18,18,14,9,23,mred,330 168,0.013290787944308467,0.012745405620423568,0.01870095914214344,0.08916759688528315,0.05450099887537665,147
1,18,18,14,10,23,mse,663 337,0.013370053057764817,0.012780524912993595,0.01819278989530352,0.08502744959839807,0.050527455722281414,158
1,18,18,14,10,23,mred,661 337,0.013209817812331059,0.0126506780301794,0.018362298308249852,0.0877875477896548,0.05306842463124844,158
1,18,18,14,11,23,mse,1326 674,0.013370053057764817,0.012780524912993595,0.01819278989530352,0.08502744959839807,0.050527455722281414,169
1,18,18,14,11,23,mred,1322 673,0.013200962138777882,0.012647129608423322,0.018395760600819863,0.0877875477896548,0.05306842463124844,169
1,18,18,16,5,23,mse,21 11,0.031226025558971783,0.03213608044246065,0.03513322710702798,0.08259225616768201,0.06737363975773118,93
1,18,18,16,6,23,mse,41 21,0.014087990198835956,0.01339135036950247,0.020457548266380632,0.09468779326779658,0.059453395591797784,102
1,18,18,16,7,23,mse,83 42,0.013593838568143687,0.012991963804158036,0.018366629599987125,0.08364740050276971,0.05022183543285363,111
1,18,18,16,8,23,mse,166 84,0.013593838568143687,0.012991963804158036,0.018366629599987125,0.08364740050276971,0.05022183543285363,120
1,18,18,16,8,23,mred,165 84,0.013290787944308467,0.012745405620423568,0.01870095914214344,0.08916759688528315,0.05450099887537665,120
1,18,18,16,9,23,mse,331 169,0.013468585058653032,0.012920790786580365,0.018302296731119556,0.08640749869402643,0.051635850387120215,129
1,18,18,16,9,23,mred,330 168,0.013290787944308467,0.012745405620423568,0.01870095914214344,0.08916759688528315,0.05450099887537665,129
1,18,18,16,10,23,mse,663 337,0.013370053057764817,0.012780524912993595,0.01819278989530352,0.08502744959839807,0.050527455722281414,138
1,18,18,16,10,23,mred,661 337,0.013209817812331059,0.0126506780301794,0.018362298308249852,0.0877875477896548,0.05306842463124844,138
1,18,18,16,11,23,mse,1326 674,0.013370053057764817,0.012780524912993595,0.01819278989530352,0.08502744959839807,0.050527455722281414,147
1,18,18,16,11,23,mred,1322 673,0.013200962138777882,0.012647129608423322,0.018395760600819863,0.0877875477896548,0.05306842463124844,147
1,18,18,18,5,23,mse,21 11,0.02780064426171825,0.028609123131948886,0.031961085058713756,0.08476353943064166,0.06607509419044971,83
1,18,18,18,6,23,mse,42 21,0.015923613853674613,0.01523759758244267,0.02080320453436753,0.08476353943064166,0.05319464573130616,90
1,18,18,18,7,23,mse,83 42,0.014540551210871621,0.014173808547672872,0.019949670789171238,0.09565921158027689,0.058754189666359945,97
1,18,18,18,8,23,mse,167 85,0.014541210185835242,0.013955765322652566,0.019293670457473548,0.09021137550545927,0.05232793821710625,104
1,18,18,18,8,23,mred,166 85,0.014266010343070547,0.01375774397172109,0.019563295111046423,0.09565921158027689,0.05699608082760816,104
1,18,18,18,9,23,mse,333 169,0.013963811380616382,0.013446404924428217,0.0190948355321767,0.09293529354286807,0.055668835787171474,111
1,18,18,18,9,23,mred,332 169,0.013938646241581499,0.013437181492772343,0.01941180916861973,0.09565921158027689,0.05799761516439539,111
1,18,18,18,10,23,mse,667 339,0.014113539102688848,0.013550984263475539,0.019060509760279624,0.09157333452416368,0.05407601269803343,118
1,18,18,18,10,23,mred,665 338,0.013922941427927521,0.013418517964237285,0.01920868921309895,0.09429725256157248,0.05691236648304682,118
1,18,18,18,11,23,mse,1334 677,0.014060595528462144,0.01350427219405808,0.01904397772334422,0.09157333452416368,0.05425092112619125,125
1,18,18,18,11,23,mred,1330 677,0.013924552301329171,0.013405453252619284,0.019181018885017123,0.09429725256157248,0.05658019592757311,125
1,18,18,20,5,23,mse,21 11,0.026454129790309266,0.02595532052540573,0.03352297385839234,0.1690558789330176,0.09211942205487862,73
1,18,18,20,6,23,mse,43 22,0.024818949399613283,0.02426271410710618,0.031104010911498444,0.14927149509808943,0.07411179599781294,78
1,18,18,20,7,23,mse,85 43,0.020901590359310378,0.020636443413486454,0.027589310947926656,0.1591636870155535,0.08314607131878508,83
1,18,18,20,8,23,mse,171 86,0.020742743829115833,0.020413555990009602,0.0273612840350682,0.15421759105682148,0.07775281291477795,88
1,18,18,20,9,23,mse,341 172,0.020745850132715474,0.02046667128529396,0.02735446731984501,0.1566906390361875,0.08044944211678152,93
1,18,18,20,9,23,mred,342 172,0.020742743829115833,0.020413555990009602,0.0273612840350682,0.15421759105682148,0.07775281291477795,93
1,18,18,20,10,23,mse,683 345,0.02072634859963881,0.020368205763682704,0.027316832559909878,0.1554541150465045,0.07910112751577973,98
1,18,18,20,10,23,mred,684 345,0.020742221348797246,0.02035509785065715,0.02735060061852889,0.15421759105682148,0.07775281291477795,98
1,18,18,20,11,23,mse,1366 689,0.020710917599098693,0.02037959617086024,0.02730723317140535,0.1554541150465045,0.07910112751577973,103
1,18,18,20,11,23,mred,1368 690,0.020742221348797246,0.02035509785065715,0.02735060061852889,0.15421759105682148,0.07775281291477795,103
1,18,20,12,5,23,mse,20 10,0.028963810920658056,0.027527680286784803,0.036937380566520184,0.08933794171890673,0.07540020991019653,101
1,18,20,12,6,23,mse,40 21,0.02898127768186035,0.02794736482224587,0.03655916466342067,0.09393333271489317,0.07345198642750926,114
1,18,20,12,6,23,mred,40 20,0.028963810920658056,0.027527680286784803,0.036937380566520184,0.08933794171890673,0.07540020991019653,114
1,18,20,12,7,23,mse,80 41,0.025367534578157967,0.023534642839453973,0.033468229075230595,0.08933794171890673,0.06981453731891905,127
1,18,20,12,8,23,mse,160 82,0.025367534578157967,0.023534642839453973,0.033468229075230595,0.08933794171890673,0.06981453731891905,140
1,18,20,12,8,23,mred,159 82,0.025424389987654124,0.023489653458805777,0.033869355759262774,0.09502957958316356,0.07339018046369415,140
1,18,20,12,9,23,mse,320 164,0.025367534578157967,0.023534642839453973,0.033468229075230595,0.08933794171890673,0.06981453731891905,153
1,18,20,12,9,23,mred,319 164,0.02533249856141133,0.02346016599213188,0.03355691951863274,0.09218376065103515,0.07113319369658037,153
1,18,20,12,10,23,mse,640 328,0.025367534578157967,0.023534642839453973,0.033468229075230595,0.08933794171890673,0.06981453731891905,166
1,18,20,12,10,23,mred,638 328,0.02533249856141133,0.02346016599213188,0.03355691951863274,0.09218376065103515,0.07113319369658037,166
1,18,20,12,11,23,mse,1280 656,0.025367534578157967,0.023534642839453973,0.033468229075230595,0.08933794171890673,0.06981453731891905,179
1,18,20,12,11,23,mred,1275 655,0.025346357340643305,0.023447162648382057,0.03364051493044745,0.09289521538406725,0.0718611457391379,179
1,18,20,14,5,23,mse,20 10,0.028963810920658056,0.027527680286784803,0.036937380566520184,0.08933794171890673,0.07540020991019653,91
1,18,20,14,6,23,mse,40 21,0.02898127768186035,0.02794736482224587,0.03655916466342067,0.09393333271489317,0.07345198642750926,102
1,18,20,14,6,23,mred,40 20,0.028963810920658056,0.027527680286784803,0.036937380566520184,0.08933794171890673,0.07540020991019653,102
1,18,20,14,7,23,mse,80 41,0.025367534578157967,0.023534642839453973,0.033468229075230595,0.08933794171890673,0.06981453731891905,113
1,18,20,14,8,23,mse,160 82,0.025367534578157967,0.023534642839453973,0.033468229075230595,0.08933794171890673,0.06981453731891905,124
1,18,20,14,8,23,mred,159 82,0.025424389987654124,0.023489653458805777,0.033869355759262774,0.09502957958316356,0.07339018046369415,124
1,18,20,14,9,23,mse,320 164,0.025367534578157967,0.023534642839453973,0.033468229075230595,0.08933794171890673,0.06981453731891905,135
1,18,20,14,9,23,mred,319 164,0.02533249856141133,0.02346016599213188,0.03355691951863274,0.09218376065103515,0.07113319369658037,135
1,18,20,14,10,23,mse,640 328,0.025367534578157967,0.023534642839453973,0.033468229075230595,0.08933794171890673,0.06981453731891905,146
1,18,20,14,10,23,mred,638 328,0.02533249856141133,0.02346016599213188,0.03355691951863274,0.09218376065103515,0.07113319369658037,146
1,18,20,14,11,23,mse,1280 656,0.025367534578157967,0.023534642839453973,0.033468229075230595,0.08933794171890673,0.06981453731891905,157
1,18,20,14,11,23,mred,1275 655,0.025346357340643305,0.023447162648382057,0.03364051493044745,0.09289521538406725,0.0718611457391379,157
1,18,20,16,5,23,mse,20 10,0.028963810920658056,0.027527680286784803,0.036937380566520184,0.08933794171890673,0.07540020991019653,81
1,18,20,16,6,23,mse,40 21,0.02898127768186035,0.02794736482224587,0.03655916466342067,0.09393333271489317,0.07345198642750926,90
1,18,20,16,6,23,mred,40 20,0.028963810920658056,0.027527680286784803,0.036937380566520184,0.08933794171890673,0.07540020991019653,90
1,18,20,16,7,23,mse,80 41,0.025367534578157967,0.023534642839453973,0.033468229075230595,0.08933794171890673,0.06981453731891905,99
1,18,20,16,8,23,mse,160 82,0.025367534578157967,0.023534642839453973,0.033468229075230595,0.08933794171890673,0.06981453731891905,108
1,18,20,16,8,23,mred,159 82,0.025424389987654124,0.023489653458805777,0.033869355759262774,0.09502957958316356,0.07339018046369415,108
1,18,20,16,9,23,mse,320 164,0.025367534578157967,0.023534642839453973,0.033468229075230595,0.08933794171890673,0.06981453731891905,117
1,18,20,16,9,23,mred,319 164,0.02533249856141133,0.02346016599213188,0.03355691951863274,0.09218376065103515,0.07113319369658037,117
1,18,20,16,10,23,mse,640 328,0.025367534578157967,0.023534642839453973,0.033468229075230595,0.08933794171890673,0.06981453731891905,126
1,18,20,16,10,23,mred,638 328,0.02533249856141133,0.02346016599213188,0.03355691951863274,0.09218376065103515,0.07113319369658037,126
1,18,20,16,11,23,mse,1280 656,0.025367534578157967,0.023534642839453973,0.033468229075230595,0.08933794171890673,0.06981453731891905,135
1,18,20,16,11,23,mred,1275 655,0.025346357340643305,0.023447162648382057,0.03364051493044745,0.09289521538406725,0.0718611457391379,135
1,18,20,18,5,23,mse,20 10,0.03050082839911275,0.02923471764520387,0.038646984650282656,0.0966827777017221,0.08002014714260727,71
1,18,20,18,6,23,mse,40 21,0.028049050452167358,0.026665648238309886,0.03613231022486709,0.09278880739202611,0.07464326681512236,78
1,18,20,18,7,23,mse,80 41,0.025756257364085607,0.023835684763066096,0.0342225052727455,0.09278880739202611,0.07337767507640862,85
1,18,20,18,8,23,mse,161 82,0.025685152507008816,0.0238605916693147,0.03387887151643817,0.09488992460087806,0.071774200149282,92
1,18,20,18,8,23,mred,160 82,0.025756257364085607,0.023835684763066096,0.0342225052727455,0.09278880739202611,0.07337767507640862,92
1,18,20,18,9,23,mse,322 165,0.025600470293629607,0.023803078491365436,0.033742353363503355,0.09488992460087806,0.07139488976118313,99
1,18,20,18,9,23,mred,321 165,0.025571562276956658,0.023737566046434386,0.03380495677561,0.09148964533193123,0.07215557232112565,99
1,18,20,18,10,23,mse,644 330,0.025600470293629607,0.023803078491365436,0.033742353363503355,0.09488992460087806,0.07139488976118313,106
1,18,20,18,10,23,mred,642 329,0.02555420072225286,0.023696577630030018,0.03382044236484864,0.09148964533193123,0.07215557232112565,106
1,18,20,18,11,23,mse,1287 659,0.02555943061319272,0.02374074073876805,0.03373179517837989,0.09403985478364135,0.07210900336634085,113
1,18,20,18,11,23,mred,1284 658,0.02555420072225286,0.023696577630030018,0.03382044236484864,0.09148964533193123,0.07215557232112565,113
1,18,20,20,5,23,mse,21 10,0.042136892735239684,0.041967721094711384,0.05098470510067005,0.140776621056773,0.11019515483026446,61
1,18,20,20,6,23,mse,41 21,0.029510467703509326,0.02791778789595755,0.038673201378695274,0.14145868511522255,0.088544384530979,66
1,18,20,20,7,23,mse,82 42,0.029510467703509326,0.02791778789595755,0.038673201378695274,0.14145868511522255,0.088544384530979,71
1,18,20,20,8,23,mse,165 84,0.02948578987921608,0.027905965767467872,0.03855910044492429,0.13622367709763245,0.0899702535771922,76
1,18,20,20,9,23,mse,329 168,0.02944883194173501,0.027871190455264802,0.038523736620051784,0.13884118110642749,0.08865745746989075,81
1,18,20,20,10,23,mse,659 335,0.029416904736772866,0.027846189607332372,0.03849283854193238,0.13753242910202998,0.08940586221432176,86
1,18,20,20,10,23,mred,658 335,0.02940855870269022,0.02783695188540599,0.03849829434854269,0.13884118110642749,0.0889770135338373,86
1,18,20,20,11,23,mse,1317 670,0.029409954792697583,0.02783942023873149,0.038489776411462624,0.13818680510422873,0.08947994120105723,91
1,18,20,20,11,23,mred,1316 671,0.029412381438997756,0.027834707525585162,0.03849981669070729,0.13884118110642749,0.08865745746989075,91
1,20,12,12,5,23,mse,22 11,0.02733690061522034,0.02678183356657727,0.0345028422768568,0.11502742101756652,0.07766570677509065,137
1,20,12,12,6,23,mse,43 22,0.025361928967536848,0.025500643424069797,0.03137569827227853,0.1351404341762582,0.09160817986530014,150
1,20,12,12,7,23,mse,87 44,0.025303767674935626,0.025323111972887193,0.03136888863848687,0.12508392759691236,0.08246707647787067,163
1,20,12,12,8,23,mse,173 88,0.02504834813463016,0.025187451467328936,0.03095743094864356,0.13011218088658527,0.08756888171211506,176
1,20,12,12,9,23,mse,346 175,0.02495034199696659,0.025152772110753986,0.0308737247169817,0.13011218088658527,0.08774025419926224,189
1,20,12,12,10,23,mse,692 351,0.02495770152643046,0.025125578295017614,0.03086454601102308,0.13011218088658527,0.08766195447761645,202
1,20,12,12,10,23,mred,693 351,0.024960153422846867,0.025111067169891498,0.030889851639990338,0.12885511756416704,0.08642195976891434,202
1,20,12,12,11,23,mse,1384 701,0.024946219997912758,0.025130563826138826,0.03085635936391239,0.13011218088658527,0.08774025419926224,215
1,20,12,12,11,23,mred,1386 702,0.024960153422846867,0.025111067169891498,0.030889851639990338,0.12885511756416704,0.08642195976891434,215
1,20,12,14,5,23,mse,22 11,0.027248608568513986,0.02672095981092144,0.03436759846306823,0.1163882194475754,0.07814275975554037,127
1,20,12,14,6,23,mse,43 22,0.025408093182950862,0.02554956820109521,0.03144974045545599,0.13647030536922142,0.09171746319308963,138
1,20,12,14,7,23,mse,87 44,0.02527857557530673,0.02531355297294586,0.03133298464534388,0.1264292624083984,0.08351032606454459,149
1,20,12,14,8,23,mse,173 88,0.025062381007126905,0.025210367994640194,0.030977133221014974,0.1314497838888099,0.08799540662568471,160
1,20,12,14,9,23,mse,346 175,0.024979467646451065,0.025192967198874282,0.030913214311425224,0.1314497838888099,0.0887775080986564,171
1,20,12,14,9,23,mred,347 175,0.02500583272449365,0.025179626798455756,0.030987962568085094,0.12893952314860416,0.08623777757134352,171
1,20,12,14,10,23,mse,692 351,0.024980494859055947,0.02515837722196785,0.030894207143438088,0.1314497838888099,0.08854670476818946,182
1,20,12,14,10,23,mred,693 351,0.024971434580005544,0.02513462342825399,0.030905511576258662,0.13019465351870702,0.08746071259012843,182
1,20,12,14,11,23,mse,1385 701,0.024963534579777954,0.025151718075092627,0.03089007636823762,0.13082221870375846,0.08811911034439242,193
1,20,12,14,11,23,mred,1386 702,0.024971434580005544,0.02513462342825399,0.030905511576258662,0.13019465351870702,0.08746071259012843,193
1,20,12,16,5,23,mse,22 11,0.02688856554909673,0.026472530141088604,0.033847350689385436,0.12183141316761087,0.07887556549981711,117
1,20,12,16,6,23,mse,43 22,0.025614859925879415,0.025774292327194286,0.03179050945414682,0.14178979014107426,0.09347561195315889,126
1,20,12,16,7,23,mse,87 44,0.025186996735144924,0.02529180681598448,0.03122681146875514,0.13181060165434255,0.08594905687499699,135
1,20,12,16,8,23,mse,173 88,0.02514124705654404,0.025331045956946897,0.031098530617224143,0.1368001958977084,0.08965885066705293,144
1,20,12,16,8,23,mred,174 88,0.025186996735144924,0.02529180681598448,0.03122681146875514,0.13181060165434255,0.08594905687499699,144
1,20,12,16,9,23,mse,347 176,0.025081753719495323,0.025246692064843604,0.03105925065794388,0.1343053987760255,0.08753241145656807,153
1,20,12,16,10,23,mse,693 351,0.02505088715750057,0.025265192592970116,0.03101075799710338,0.13555279733686695,0.08887446356657996,162
1,20,12,16,10,23,mred,694 351,0.025036454886696653,0.0252353915213545,0.03101702945592783,0.1343053987760255,0.08857414805711862,162
1,20,12,16,11,23,mse,1387 702,0.025038463573480073,0.02524630427384185,0.031007405056598606,0.1349290980564462,0.08880520487431388,171
1,20,12,16,11,23,mred,1389 703,0.02505880278979311,0.02522820769892496,0.031048059809580586,0.13368169949560474,0.087506411495814,171
1,20,12,18,5,23,mse,22 11,0.026248919938197286,0.0261848914375154,0.03281895138898867,0.1373576630615476,0.08742535856357082,107
1,20,12,18,6,23,mse,44 22,0.026248919938197286,0.0261848914375154,0.03281895138898867,0.1373576630615476,0.08742535856357082,114
1,20,12,18,7,23,mse,87 44,0.025641663962003167,0.025905129320486265,0.031900473411293484,0.14716041689039364,0.09484996962359435,121
1,20,12,18,8,23,mse,174 88,0.025641663962003167,0.025905129320486265,0.031900473411293484,0.14716041689039364,0.09484996962359435,128
1,20,12,18,8,23,mred,175 88,0.025677750380854385,0.025837505442862625,0.0319675157802017,0.1422590399759706,0.09242096248270953,128
1,20,12,18,9,23,mse,349 176,0.025589369673361922,0.02581749873654923,0.03183427679456884,0.1447097284331821,0.09363965015011481,135
1,20,12,18,10,23,mse,698 353,0.025585986646684385,0.02577228524825837,0.03181385249178793,0.1447097284331821,0.09226556301989029,142
1,20,12,18,10,23,mred,699 353,0.02561327768393167,0.02576928621044803,0.03185563787717799,0.14348438420457638,0.09187321230760594,142
1,20,12,18,11,23,mse,1395 705,0.025576836612731038,0.02579463291523525,0.03180965739991354,0.145322400547485,0.09351956214019161,149
1,20,12,18,11,23,mred,1397 706,0.025595758329287465,0.0257677241763307,0.03182850829442382,0.14409705631887926,0.09223308322561873,149
1,20,12,20,5,23,mse,22 11,0.03444467319244611,0.035521399288070056,0.04364468213694276,0.2068059812507506,0.14305754903453824,97
1,20,12,20,6,23,mse,45 22,0.033550259082850406,0.034338613030732316,0.04198602236194663,0.18877884446099494,0.13330695586151828,102
1,20,12,20,6,23,mred,45 23,0.03425277640114188,0.03417020012559867,0.042826184111169285,0.18877884446099494,0.11662356386616173,102
1,20,12,20,7,23,mse,89 45,0.031038317629200896,0.03141464234311491,0.03975451415200486,0.19779241285587276,0.12857347944989797,107
1,20,12,20,8,23,mse,179 90,0.031034431511477868,0.03129057804412122,0.0396121838806319,0.19328562865843385,0.1257367091491396,112
1,20,12,20,9,23,mse,357 180,0.030991748186962174,0.03131881184317764,0.039607074011199804,0.19553902075715332,0.12612565214498192,117
1,20,12,20,9,23,mred,358 180,0.031034431511477868,0.03129057804412122,0.0396121838806319,0.19328562865843385,0.1257367091491396,117
1,20,12,20,10,23,mse,715 359,0.03097743977335056,0.03132882105855455,0.039572201474738035,0.19441232470779357,0.12810494440191522,122
1,20,12,20,10,23,mred,716 360,0.031034431511477868,0.03129057804412122,0.0396121838806319,0.19328562865843385,0.1257367091491396,122
1,20,12,20,11,23,mse,1430 719,0.030977094955537313,0.03129888464034747,0.0395718778306688,0.19441232470779357,0.12695130233711677,127
1,20,12,20,11,23,mred,1432 720,0.031034431511477868,0.03129057804412122,0.0396121838806319,0.19328562865843385,0.1257367091491396,127
1,20,14,12,5,23,mse,22 11,0.027517476905208855,0.026907718479234337,0.034775895975296796,0.11321302311088803,0.07766619505438264,125
1,20,14,12,6,23,mse,43 22,0.025290560803155608,0.025426697030339635,0.031270797114516975,0.13336727258564057,0.09001812512025872,138
1,20,14,12,7,23,mse,86 44,0.025290560803155608,0.025426697030339635,0.031270797114516975,0.13336727258564057,0.09001812512025872,151
1,20,14,12,7,23,mred,87 44,0.025357718395844477,0.025350237384560003,0.03146480414694171,0.12329014784826431,0.08229119126456559,151
1,20,14,12,8,23,mse,173 88,0.0250342332651448,0.025159844630228377,0.03095244076740877,0.12832871021695244,0.0864922445250284,164
1,20,14,12,9,23,mse,346 175,0.024909396075268937,0.02509542858130528,0.030833600363244718,0.12832871021695244,0.08753000425242956,177
1,20,14,12,10,23,mse,692 350,0.024909396075268937,0.02509542858130528,0.030833600363244718,0.12832871021695244,0.08753000425242956,190
1,20,14,12,10,23,mred,692 351,0.024928735321392594,0.02508120659586585,0.03084193022157007,0.12832871021695244,0.08695818399118849,190
1,20,14,12,11,23,mse,1383 701,0.024915189282267127,0.025090851366935167,0.030819187147658023,0.12895853051303846,0.08762409092255952,203
1,20,14,12,11,23,mred,1385 701,0.02491411143473584,0.025073920608633695,0.03084385984148035,0.12769888992086642,0.0863046752912111,203
1,20,14,14,5,23,mse,22 11,0.027422019577738578,0.026840987499524453,0.03463290500444157,0.1145738215408969,0.0777978441058801,115
1,20,14,14,6,23,mse,43 22,0.025329629139369182,0.025469735346352912,0.031332235006445684,0.13469714377860378,0.09013295528518839,126
1,20,14,14,7,23,mse,86 44,0.025329629139369182,0.025469735346352912,0.031332235006445684,0.13469714377860378,0.09013295528518839,137
1,20,14,14,7,23,mred,87 44,0.025324200529068842,0.025333242732534386,0.03141772426130804,0.12463548265975034,0.08262876085043959,137
1,20,14,14,8,23,mse,173 88,0.02504271325649426,0.025177481258071434,0.030959911839765167,0.12966631321917707,0.08696326379522368,148
1,20,14,14,9,23,mse,346 175,0.02493408882946605,0.0251314977638826,0.030861059374171797,0.12966631321917707,0.08784409281544646,159
1,20,14,14,10,23,mse,692 351,0.02494626352183965,0.025109341665876143,0.030859434996686773,0.12966631321917707,0.0872914182984953,170
1,20,14,14,10,23,mred,693 351,0.024953764605969125,0.025098722227819815,0.030896479957836617,0.12840860557932038,0.0859854032545067,170
1,20,14,14,11,23,mse,1384 701,0.02493174016410212,0.025111394100608517,0.030847461779396974,0.12966631321917707,0.08730432763653481,181
1,20,14,14,11,23,mred,1386 702,0.024953764605969125,0.025098722227819815,0.030896479957836617,0.12840860557932038,0.0859854032545067,181
1,20,14,16,5,23,mse,22 11,0.027053504350155428,0.026588531033959126,0.034101338156514054,0.11579160463808627,0.07786932826536723,105
1,20,14,16,6,23,mse,43 22,0.025528334513196627,0.0256803103285365,0.03166529002493131,0.13588724998722068,0.09347561195315889,114
1,20,14,16,7,23,mse,87 44,0.02524610773911886,0.025318672560836784,0.03129897029215441,0.12583942731265346,0.08594905687499699,123
1,20,14,16,8,23,mse,173 88,0.025126815641671685,0.025294767878222095,0.031070331027201633,0.13086333864993707,0.08965885066705293,132
1,20,14,16,9,23,mse,346 175,0.02508310613920129,0.025321397544500506,0.031052840678769452,0.13086333864993707,0.09119923923924023,141
1,20,14,16,9,23,mred,347 176,0.02510601939212982,0.025243712743849102,0.03108130236276267,0.12835138298129528,0.08753241145656807,141
1,20,14,16,10,23,mse,693 351,0.02503600943510419,0.02522476675438306,0.030990360291217333,0.12960736081561616,0.08887446356657996,150
1,20,14,16,10,23,mred,694 351,0.02504335254919419,0.02521337445548706,0.031021853772574846,0.12835138298129528,0.08857414805711862,150
1,20,14,16,11,23,mse,1386 702,0.02503600943510419,0.02522476675438306,0.030990360291217333,0.12960736081561616,0.08887446356657996,159
1,20,14,16,11,23,mred,1388 702,0.02504335254919419,0.02521337445548706,0.031021853772574846,0.12835138298129528,0.08857414805711862,159
1,20,14,18,5,23,mse,22 11,0.02639575761094303,0.026284069528783042,0.03302702999011733,0.1373576630615476,0.0872347965540393,95
1,20,14,18,6,23,mse,44 22,0.02639575761094303,0.026284069528783042,0.03302702999011733,0.1373576630615476,0.0872347965540393,102
1,20,14,18,7,23,mse,87 44,0.02567689951620037,0.025916075943961225,0.031910569464615894,0.14716041689039364,0.09484996962359435,109
1,20,14,18,8,23,mse,174 88,0.02567689951620037,0.025916075943961225,0.031910569464615894,0.14716041689039364,0.09484996962359435,116
1,20,14,18,8,23,mred,175 88,0.025771165249243732,0.025894607647055833,0.032078928686240085,0.1422590399759706,0.09208188259839475,116
1,20,14,18,9,23,mse,349 176,0.025656169531972292,0.025853324694925038,0.03189516933377487,0.1447097284331821,0.09334429634974888,123
1,20,14,18,10,23,mse,697 353,0.025655172471183672,0.025836248376052754,0.0318721384182084,0.14593507266178787,0.09354946670638686,130
1,20,14,18,10,23,mred,698 353,0.025661398882012063,0.0258174302384245,0.031889405857283705,0.1447097284331821,0.09226556301989029,130
1,20,14,18,11,23,mse,1394 705,0.025641104657108484,0.025841632438095806,0.03186278712184714,0.14593507266178787,0.09355204193446318,137
1,20,14,18,11,23,mred,1396 706,0.025661398882012063,0.0258174302384245,0.031889405857283705,0.1447097284331821,0.09226556301989029,137
1,20,14,20,5,23,mse,22 11,0.03419425515167019,0.03530459749466656,0.04335193698291912,0.2068059812507506,0.14305754903453824,85
1,20,14,20,6,23,mse,45 22,0.03351931337962314,0.034288534069507506,0.04196463376795806,0.18877884446099494,0.13330695586151828,90
1,20,14,20,7,23,mse,89 45,0.03098645281817617,0.03137917714160593,0.039652190798300554,0.19779241285587276,0.12857347944989797,95
1,20,14,20,8,23,mse,179 90,0.031037944239026997,0.0312971293071612,0.03958473948755257,0.19328562865843385,0.1257367091491396,100
1,20,14,20,9,23,mse,357 180,0.03096676507073115,0.03130370802766286,0.03954190915152195,0.19553902075715332,0.12612565214498192,105
1,20,14,20,9,23,mred,358 180,0.031037944239026997,0.0312971293071612,0.03958473948755257,0.19328562865843385,0.1257367091491396,105
1,20,14,20,10,23,mse,714 359,0.030933121671258487,0.03132562799804424,0.039514468765137076,0.19553902075715332,0.12816589552509397,110
1,20,14,20,10,23,mred,715 360,0.030989561187094748,0.03129072990538849,0.039544174731985925,0.19441232470779357,0.1257976602723183,110
1,20,14,20,11,23,mse,1429 718,0.030941455109340613,0.03131695025131136,0.03951080859824542,0.19497567273247343,0.1281354199635046,115
1,20,14,20,11,23,mred,1430 719,0.030960475451841614,0.03128819378644268,0.03952095397260543,0.19441232470779357,0.12695130233711677,115
1,20,16,12,5,23,mse,22 11,0.028279913318429082,0.027474132989374206,0.03588144273767892,0.11094502572753992,0.07849931864953534,113
1,20,16,12,6,23,mse,43 22,0.025227323500065433,0.025342117706179522,0.031146700327893493,0.13115082059736857,0.0875980556272536,126
1,20,16,12,7,23,mse,86 44,0.025227323500065433,0.025342117706179522,0.031146700327893493,0.13115082059736857,0.0875980556272536,139
1,20,16,12,8,23,mse,172 87,0.025123547724436715,0.025365635288354105,0.031076369329273903,0.13115082059736857,0.08814324397873478,152
1,20,16,12,8,23,mred,173 88,0.02519877711935089,0.0252543786432003,0.031167381744446502,0.1260993718799114,0.08256567115460745,152
1,20,16,12,9,23,mse,345 175,0.024905702871117555,0.02505398135855489,0.03081226704958607,0.12862509623864,0.08541544017029319,165
1,20,16,12,10,23,mse,690 350,0.024905702871117555,0.02505398135855489,0.03081226704958607,0.12862509623864,0.08541544017029319,178
1,20,16,12,10,23,mred,691 350,0.024915880378539444,0.025045539094334233,0.030843865834486582,0.1273622340592757,0.08408995530097477,178
1,20,16,12,11,23,mse,1380 700,0.024905702871117555,0.02505398135855489,0.03081226704958607,0.12862509623864,0.08541544017029319,191
1,20,16,12,11,23,mred,1382 700,0.024915880378539444,0.025045539094334233,0.030843865834486582,0.1273622340592757,0.08408995530097477,191
1,20,16,14,5,23,mse,22 11,0.028279913318429082,0.027474132989374206,0.03588144273767892,0.11094502572753992,0.07849931864953534,103
1,20,16,14,6,23,mse,43 22,0.025227323500065433,0.025342117706179522,0.031146700327893493,0.13115082059736857,0.0875980556272536,114
1,20,16,14,7,23,mse,86 44,0.025227323500065433,0.025342117706179522,0.031146700327893493,0.13115082059736857,0.0875980556272536,125
1,20,16,14,8,23,mse,172 87,0.025123547724436715,0.025365635288354105,0.031076369329273903,0.13115082059736857,0.08814324397873478,136
1,20,16,14,8,23,mred,173 88,0.02519877711935089,0.0252543786432003,0.031167381744446502,0.1260993718799114,0.08256567115460745,136
1,20,16,14,9,23,mse,345 175,0.024905702871117555,0.02505398135855489,0.03081226704958607,0.12862509623864,0.08541544017029319,147
1,20,16,14,10,23,mse,690 350,0.024905702871117555,0.02505398135855489,0.03081226704958607,0.12862509623864,0.08541544017029319,158
1,20,16,14,10,23,mred,691 350,0.024915880378539444,0.025045539094334233,0.030843865834486582,0.1273622340592757,0.08408995530097477,158
1,20,16,14,11,23,mse,1380 700,0.024905702871117555,0.02505398135855489,0.03081226704958607,0.12862509623864,0.08541544017029319,169
1,20,16,14,11,23,mred,1382 700,0.024915880378539444,0.025045539094334233,0.030843865834486582,0.1273622340592757,0.08408995530097477,169
1,20,16,16,5,23,mse,22 11,0.027841469314604867,0.027152272528845854,0.035238900461338936,0.11579160463808627,0.07811493919224952,93
1,20,16,16,6,23,mse,43 22,0.02532218604537042,0.02545425477896869,0.03130549026731413,0.13588724998722068,0.09004955512590325,102
1,20,16,16,7,23,mse,86 44,0.02532218604537042,0.02545425477896869,0.03130549026731413,0.13588724998722068,0.09004955512590325,111
1,20,16,16,8,23,mse,173 88,0.025166330323099954,0.025264075823621782,0.031107187465857115,0.13086333864993707,0.08587485927330164,120
1,20,16,16,9,23,mse,345 175,0.025010017476912717,0.025193882967235792,0.030943107037060966,0.13337529431857886,0.08851683944881233,129
1,20,16,16,9,23,mred,346 175,0.024998021618426795,0.02515041208481059,0.030947891728532108,0.13086333864993707,0.08634223868538066,129
1,20,16,16,10,23,mse,691 350,0.024984517127685738,0.0251569337617448,0.03091929542106968,0.13211931648425798,0.08748997412439806,138
1,20,16,16,10,23,mred,692 350,0.024998021618426795,0.02515041208481059,0.030947891728532108,0.13086333864993707,0.08634223868538066,138
1,20,16,16,11,23,mse,1382 700,0.024984517127685738,0.0251569337617448,0.03091929542106968,0.13211931648425798,0.08748997412439806,147
1,20,16,16,11,23,mred,1383 701,0.024996097734737967,0.02514252361549172,0.030928668236014808,0.13149132756709753,0.08682969190596421,147
1,20,16,18,5,23,mse,22 11,0.026758091508263207,0.026527603342799355,0.033608071164083916,0.1373576630615476,0.08689377907038559,83
1,20,16,18,6,23,mse,43 22,0.02636314307858875,0.026598437752384997,0.03298440494205287,0.15696317071923968,0.10185337773565285,90
1,20,16,18,6,23,mred,44 22,0.026758091508263207,0.026527603342799355,0.033608071164083916,0.1373576630615476,0.08689377907038559,90
1,20,16,18,7,23,mse,87 44,0.025586495209596313,0.025808204754995175,0.03172145760691167,0.14716041689039364,0.09479049148801294,97
1,20,16,18,8,23,mse,174 88,0.025586495209596313,0.025808204754995175,0.03172145760691167,0.14716041689039364,0.09479049148801294,104
1,20,16,18,9,23,mse,348 176,0.025586495209596313,0.025808204754995175,0.03172145760691167,0.14716041689039364,0.09479049148801294,111
1,20,16,18,10,23,mse,695 352,0.02558287114824205,0.025829121341661137,0.03170578017515286,0.1483857611189994,0.09538507075629223,118
1,20,16,18,10,23,mred,696 352,0.025586495209596313,0.025808204754995175,0.03172145760691167,0.14716041689039364,0.09479049148801294,118
1,20,16,18,11,23,mse,1390 704,0.02558287114824205,0.025829121341661137,0.03170578017515286,0.1483857611189994,0.09538507075629223,125
1,20,16,18,11,23,mred,1393 704,0.02560000091231837,0.02580682273389386,0.03174821359840307,0.14654774477609075,0.09418356603115703,125
1,20,16,20,5,23,mse,22 11,0.03326223554126888,0.0343248097814194,0.0422446147973874,0.2068059812507506,0.14205593336916603,73
1,20,16,20,6,23,mse,45 22,0.033250731642956624,0.03381507584950096,0.041805061973049576,0.18877884446099494,0.13242391772536896,78
1,20,16,20,7,23,mse,89 45,0.030893114984681218,0.031235417314992915,0.03943993586352207,0.19779241285587276,0.12805468889420468,83
1,20,16,20,8,23,mse,178 90,0.030893114984681218,0.031235417314992915,0.03943993586352207,0.19779241285587276,0.12805468889420468,88
1,20,16,20,9,23,mse,356 179,0.030788734389784536,0.03122588500031131,0.03933933071094026,0.19779241285587276,0.12852896766698993,93
1,20,16,20,9,23,mred,357 179,0.030852899753152304,0.031214825629158123,0.039358036208300515,0.19553902075715332,0.12848395615942,93
1,20,16,20,10,23,mse,713 358,0.030808828692994145,0.031211264827016805,0.03932933320826497,0.19666571680651304,0.12852896766698993,98
1,20,16,20,10,23,mred,713 359,0.03081696002461764,0.031168030719590626,0.03934133654884938,0.19666571680651304,0.12721219017500981,98
1,20,16,20,11,23,mse,1426 717,0.030803288438111635,0.03117925181005942,0.039325741998369294,0.19666571680651304,0.12731182935367566,103
1,20,16,20,11,23,mred,1426 718,0.03081696002461764,0.031168030719590626,0.03934133654884938,0.19666571680651304,0.12721219017500981,103
1,20,18,12,5,23,mse,21 11,0.02829553428860062,0.027986739102800882,0.03564909753660701,0.14810442245163233,0.09219320317155413,101
1,20,18,12,6,23,mse,43 22,0.026572558496203175,0.026435426037033992,0.033070057041593166,0.12782119441476644,0.07497639960060125,114
1,20,18,12,7,23,mse,85 43,0.02598088739363981,0.026147648306073842,0.0323327794259145,0.13796280843319939,0.08630109685726514,127
1,20,18,12,7,23,mred,86 43,0.02610680291963425,0.026145574619519975,0.03260161790504506,0.12782119441476644,0.0811113569449655,127
1,20,18,12,8,23,mse,171 87,0.025320747018964432,0.02531761521364339,0.03148966276438695,0.13289200142398291,0.08066697024661931,140
1,20,18,12,9,23,mse,342 174,0.025320747018964432,0.02531761521364339,0.03148966276438695,0.13289200142398291,0.08066697024661931,153
1,20,18,12,10,23,mse,683 347,0.025293375102434595,0.02532974210786769,0.03147127804605439,0.13415970317628703,0.08204013956672207,166
1,20,18,12,10,23,mred,684 348,0.025320747018964432,0.02531761521364339,0.03148966276438695,0.13289200142398291,0.08066697024661931,166
1,20,18,12,11,23,mse,1367 695,0.025290735525209697,0.02530693030190978,0.03146112847221292,0.13352585230013497,0.08135984410516227,179
1,20,18,12,11,23,mred,1368 695,0.025297734427702383,0.025306456653472628,0.03147188136374475,0.13289200142398291,0.08069612805803499,179
1,20,18,14,5,23,mse,21 11,0.02829553428860062,0.027986739102800882,0.03564909753660701,0.14810442245163233,0.09219320317155413,91
1,20,18,14,6,23,mse,43 22,0.026572558496203175,0.026435426037033992,0.033070057041593166,0.12782119441476644,0.07497639960060125,102
1,20,18,14,7,23,mse,85 43,0.02598088739363981,0.026147648306073842,0.0323327794259145,0.13796280843319939,0.08630109685726514,113
1,20,18,14,7,23,mred,86 43,0.02610680291963425,0.026145574619519975,0.03260161790504506,0.12782119441476644,0.0811113569449655,113
1,20,18,14,8,23,mse,171 87,0.025320747018964432,0.02531761521364339,0.03148966276438695,0.13289200142398291,0.08066697024661931,124
1,20,18,14,9,23,mse,342 174,0.025320747018964432,0.02531761521364339,0.03148966276438695,0.13289200142398291,0.08066697024661931,135
1,20,18,14,10,23,mse,683 347,0.025293375102434595,0.02532974210786769,0.03147127804605439,0.13415970317628703,0.08204013956672207,146
1,20,18,14,10,23,mred,684 348,0.025320747018964432,0.02531761521364339,0.03148966276438695,0.13289200142398291,0.08066697024661931,146
1,20,18,14,11,23,mse,1367 695,0.025290735525209697,0.02530693030190978,0.03146112847221292,0.13352585230013497,0.08135984410516227,157
1,20,18,14,11,23,mred,1368 695,0.025297734427702383,0.025306456653472628,0.03147188136374475,0.13289200142398291,0.08069612805803499,157
1,20,18,16,5,23,mse,21 11,0.02829553428860062,0.027986739102800882,0.03564909753660701,0.14810442245163233,0.09219320317155413,81
1,20,18,16,6,23,mse,43 22,0.026572558496203175,0.026435426037033992,0.033070057041593166,0.12782119441476644,0.07497639960060125,90
1,20,18,16,7,23,mse,85 43,0.02598088739363981,0.026147648306073842,0.0323327794259145,0.13796280843319939,0.08630109685726514,99
1,20,18,16,7,23,mred,86 43,0.02610680291963425,0.026145574619519975,0.03260161790504506,0.12782119441476644,0.0811113569449655,99
1,20,18,16,8,23,mse,171 87,0.025320747018964432,0.02531761521364339,0.03148966276438695,0.13289200142398291,0.08066697024661931,108
1,20,18,16,9,23,mse,342 174,0.025320747018964432,0.02531761521364339,0.03148966276438695,0.13289200142398291,0.08066697024661931,117
1,20,18,16,10,23,mse,683 347,0.025293375102434595,0.02532974210786769,0.03147127804605439,0.13415970317628703,0.08204013956672207,126
1,20,18,16,10,23,mred,684 348,0.025320747018964432,0.02531761521364339,0.03148966276438695,0.13289200142398291,0.08066697024661931,126
1,20,18,16,11,23,mse,1367 695,0.025290735525209697,0.02530693030190978,0.03146112847221292,0.13352585230013497,0.08135984410516227,135
1,20,18,16,11,23,mred,1368 695,0.025297734427702383,0.025306456653472628,0.03147188136374475,0.13289200142398291,0.08069612805803499,135
1,20,18,18,5,23,mse,21 11,0.029903994860300397,0.029433633303294852,0.03816821726058216,0.15491958707201928,0.10405818775836048,71
1,20,18,18,5,23,mred,22 11,0.03039465904452196,0.029214217078793993,0.03894860973685103,0.11467766264687734,0.0854712415680068,71
1,20,18,18,6,23,mse,43 22,0.026270971911064513,0.026299406613890818,0.032675112877173014,0.13479862485944832,0.0848703790041931,78
1,20,18,18,7,23,mse,86 44,0.026270971911064513,0.026299406613890818,0.032675112877173014,0.13479862485944832,0.0848703790041931,85
1,20,18,18,8,23,mse,172 87,0.025880603823355792,0.02600582162608226,0.032252521470580775,0.13479862485944832,0.0861079579489142,92
1,20,18,18,9,23,mse,344 174,0.025880603823355792,0.02600582162608226,0.032252521470580775,0.13479862485944832,0.0861079579489142,99
1,20,18,18,9,23,mred,344 175,0.02589805188959932,0.02595364397408178,0.032267720747938516,0.13479862485944832,0.08559907635447225,99
1,20,18,18,10,23,mse,687 349,0.025861033183662025,0.02596273179015204,0.03220695412780235,0.136056184997734,0.08699013908047293,106
1,20,18,18,10,23,mred,689 349,0.02586989328996389,0.025931927704985668,0.03226529453087748,0.13354106472116262,0.0847796264924446,106
1,20,18,18,11,23,mse,1375 698,0.025850918974391755,0.025945523010494673,0.03220248413977402,0.13542740492859115,0.08677049178502066,113
1,20,18,18,11,23,mred,1377 699,0.025871980552301384,0.02593012443650151,0.03224782101697191,0.13416984479030547,0.08544315684454598,113
1,20,18,20,5,23,mse,22 11,0.03098336487092997,0.031424819800365586,0.039193402939900715,0.2003540178745989,0.11445007528890892,61
1,20,18,20,6,23,mse,44 22,0.03098336487092997,0.031424819800365586,0.039193402939900715,0.2003540178745989,0.11445007528890892,66
1,20,18,20,7,23,mse,88 44,0.03098336487092997,0.031424819800365586,0.039193402939900715,0.2003540178745989,0.11445007528890892,71
1,20,18,20,7,23,mred,88 45,0.03137047928563107,0.0313852245809253,0.03957785201787854,0.2003540178745989,0.10688697565934889,71
1,20,18,20,8,23,mse,176 89,0.03054735450011152,0.030688106600824272,0.03875773116912562,0.2003540178745989,0.11007342575182154,76
1,20,18,20,9,23,mse,352 178,0.03054735450011152,0.030688106600824272,0.03875773116912562,0.2003540178745989,0.11007342575182154,81
1,20,18,20,9,23,mred,353 178,0.03060806909241961,0.030677245062676203,0.03881523154103286,0.19808229633446992,0.10844324700231606,81
1,20,18,20,10,23,mse,704 355,0.030542440939713374,0.030744528531889317,0.03874848659155371,0.2003540178745989,0.11096783954179171,86
1,20,18,20,10,23,mred,705 356,0.03056657484095544,0.030674073873498967,0.03876638329460004,0.1992181571045344,0.1094069948585763,86
1,20,18,20,11,23,mse,1409 711,0.03054162267579498,0.0306960431568234,0.03874250558244137,0.19978608748956664,0.11004395286848306,91
1,20,18,20,11,23,mred,1411 712,0.030584910845123152,0.030673764616913575,0.03878578946572577,0.19865022671950217,0.10878070794707567,91
1,20,20,12,5,23,mse,21 11,0.041814261611489385,0.04123867717172205,0.05195362391776026,0.1424938343661336,0.11352853477772823,89
1,20,20,12,6,23,mse,41 21,0.03243353585536825,0.031116902870429772,0.04189215729386778,0.12723891713716318,0.09352625517047923,102
1,20,20,12,7,23,mse,82 42,0.03243353585536825,0.031116902870429772,0.04189215729386778,0.12723891713716318,0.09352625517047923,115
1,20,20,12,8,23,mse,165 84,0.032375338948523374,0.031085226257729297,0.04174478731836081,0.12209215875245266,0.09238830209061967,128
1,20,20,12,9,23,mse,329 169,0.03221140907969222,0.030902917888660637,0.041570532115834564,0.12457806017721551,0.09218574961831787,141
1,20,20,12,10,23,mse,659 338,0.03221446892440421,0.030909398614686723,0.04155489364253394,0.12324763169724168,0.09122911483367939,154
1,20,20,12,10,23,mred,658 338,0.03221140907969222,0.030902917888660637,0.041570532115834564,0.12457806017721551,0.09218574961831787,154
1,20,20,12,11,23,mse,1318 676,0.03221446892440421,0.030909398614686723,0.04155489364253394,0.12324763169724168,0.09122911483367939,167
1,20,20,12,11,23,mred,1316 676,0.03221140907969222,0.030902917888660637,0.041570532115834564,0.12457806017721551,0.09218574961831787,167
1,20,20,14,5,23,mse,21 11,0.041814261611489385,0.04123867717172205,0.05195362391776026,0.1424938343661336,0.11352853477772823,79
1,20,20,14,6,23,mse,41 21,0.03243353585536825,0.031116902870429772,0.04189215729386778,0.12723891713716318,0.09352625517047923,90
1,20,20,14,7,23,mse,82 42,0.03243353585536825,0.031116902870429772,0.04189215729386778,0.12723891713716318,0.09352625517047923,101
1,20,20,14,8,23,mse,165 84,0.032375338948523374,0.031085226257729297,0.04174478731836081,0.12209215875245266,0.09238830209061967,112
1,20,20,14,9,23,mse,329 169,0.03221140907969222,0.030902917888660637,0.041570532115834564,0.12457806017721551,0.09218574961831787,123
1,20,20,14,10,23,mse,659 338,0.03221446892440421,0.030909398614686723,0.04155489364253394,0.12324763169724168,0.09122911483367939,134
1,20,20,14,10,23,mred,658 338,0.03221140907969222,0.030902917888660637,0.041570532115834564,0.12457806017721551,0.09218574961831787,134
1,20,20,14,11,23,mse,1318 676,0.03221446892440421,0.030909398614686723,0.04155489364253394,0.12324763169724168,0.09122911483367939,145
1,20,20,14,11,23,mred,1316 676,0.03221140907969222,0.030902917888660637,0.041570532115834564,0.12457806017721551,0.09218574961831787,145
1,20,20,16,5,23,mse,21 11,0.041814261611489385,0.04123867717172205,0.05195362391776026,0.1424938343661336,0.11352853477772823,69
1,20,20,16,6,23,mse,41 21,0.03243353585536825,0.031116902870429772,0.04189215729386778,0.12723891713716318,0.09352625517047923,78
1,20,20,16,7,23,mse,82 42,0.03243353585536825,0.031116902870429772,0.04189215729386778,0.12723891713716318,0.09352625517047923,87
1,20,20,16,8,23,mse,165 84,0.032375338948523374,0.031085226257729297,0.04174478731836081,0.12209215875245266,0.09238830209061967,96
1,20,20,16,9,23,mse,329 169,0.03221140907969222,0.030902917888660637,0.041570532115834564,0.12457806017721551,0.09218574961831787,105
1,20,20,16,10,23,mse,659 338,0.03221446892440421,0.030909398614686723,0.04155489364253394,0.12324763169724168,0.09122911483367939,114
1,20,20,16,10,23,mred,658 338,0.03221140907969222,0.030902917888660637,0.041570532115834564,0.12457806017721551,0.09218574961831787,114
1,20,20,16,11,23,mse,1318 676,0.03221446892440421,0.030909398614686723,0.04155489364253394,0.12324763169724168,0.09122911483367939,123
1,20,20,16,11,23,mred,1316 676,0.03221140907969222,0.030902917888660637,0.041570532115834564,0.12457806017721551,0.09218574961831787,123
1,20,20,18,5,23,mse,21 11,0.041814261611489385,0.04123867717172205,0.05195362391776026,0.1424938343661336,0.11352853477772823,59
1,20,20,18,6,23,mse,41 21,0.03243353585536825,0.031116902870429772,0.04189215729386778,0.12723891713716318,0.09352625517047923,66
1,20,20,18,7,23,mse,82 42,0.03243353585536825,0.031116902870429772,0.04189215729386778,0.12723891713716318,0.09352625517047923,73
1,20,20,18,8,23,mse,165 84,0.032375338948523374,0.031085226257729297,0.04174478731836081,0.12209215875245266,0.09238830209061967,80
1,20,20,18,9,23,mse,329 169,0.03221140907969222,0.030902917888660637,0.041570532115834564,0.12457806017721551,0.09218574961831787,87
1,20,20,18,10,23,mse,659 338,0.03221446892440421,0.030909398614686723,0.04155489364253394,0.12324763169724168,0.09122911483367939,94
1,20,20,18,10,23,mred,658 338,0.03221140907969222,0.030902917888660637,0.041570532115834564,0.12457806017721551,0.09218574961831787,94
1,20,20,18,11,23,mse,1318 676,0.03221446892440421,0.030909398614686723,0.04155489364253394,0.12324763169724168,0.09122911483367939,101
1,20,20,18,11,23,mred,1316 676,0.03221140907969222,0.030902917888660637,0.041570532115834564,0.12457806017721551,0.09218574961831787,101
1,20,20,20,5,23,mse,21 11,0.037521863245207385,0.03672029266165579,0.04748844134770756,0.18258474190407478,0.1135381884581734,49
1,20,20,20,6,23,mse,42 21,0.03744719797695978,0.036997539675842864,0.0474602088500694,0.18258474190407478,0.12167336843979598,54
1,20,20,20,6,23,mred,42 22,0.037521863245207385,0.03672029266165579,0.04748844134770756,0.18258474190407478,0.1135381884581734,54
1,20,20,20,7,23,mse,84 43,0.03515678381315329,0.03422868531786077,0.04521295769853466,0.18258474190407478,0.11328214047713506,59
1,20,20,20,8,23,mse,169 86,0.035003214293726895,0.03410827690727341,0.04506991269524402,0.17771917489159905,0.11226990750521397,64
1,20,20,20,9,23,mse,337 172,0.035039897091810955,0.03413589436923767,0.04506624086865607,0.1801519583978369,0.11270477681590023,69
1,20,20,20,9,23,mred,338 172,0.035003214293726895,0.03410827690727341,0.04506991269524402,0.17771917489159905,0.11226990750521397,69
1,20,20,20,10,23,mse,675 344,0.03501016222039195,0.03411276039112761,0.045049245198187884,0.178935566644718,0.11226900067535625,74
1,20,20,20,10,23,mred,676 344,0.035003214293726895,0.03410827690727341,0.04506991269524402,0.17771917489159905,0.11226990750521397,74
1,20,20,20,11,23,mse,1350 688,0.03501016222039195,0.03411276039112761,0.045049245198187884,0.178935566644718,0.11226900067535625,79
1,20,20,20,11,23,mred,1352 688,0.035003214293726895,0.03410827690727341,0.04506991269524402,0.17771917489159905,0.11226990750521397,79
2,12,12,12,5,23,mse,25 17 12 9,0.011386940014604052,0.010926561299356893,0.01361204028815354,0.03658754046506589,0.026521862853919005,173
2,12,12,12,6,23,mse,51 34 24 18,0.008192892763662231,0.008557048412690567,0.00920030520593168,0.024597302053458794,0.019120073276499207,186
2,12,12,12,7,23,mse,102 68 49 36,0.007452073472049449,0.007744621790516821,0.008370517096512955,0.020824684947951387,0.01805876186173933,199
2,12,12,12,7,23,mred,101 68 49 36,0.007369952296572011,0.007665474792199029,0.008684835217209226,0.026953415869716554,0.018816669903190437,199
2,12,12,12,8,23,mse,203 136 97 73,0.0031298671894359233,0.002934946600226983,0.0042762205943071485,0.022136353572041884,0.012168922410238968,212
2,12,12,12,9,23,mse,406 272 194 146,0.0031298671894359233,0.002934946600226983,0.0042762205943071485,0.022136353572041884,0.012168922410238968,225
2,12,12,12,9,23,mred,406 271 194 146,0.002956333808477282,0.002769539914463391,0.0043574746329130875,0.022136353572041884,0.01255841485882178,225
2,12,12,12,10,23,mse,812 543 389 292,0.0030409680157247373,0.002865640114372469,0.004149027137733025,0.022136353572041884,0.01218280010042772,238
2,12,12,12,10,23,mred,811 542 388 292,0.002939963517624488,0.0027540309295309225,0.004512226632589211,0.02334061914646055,0.013557870349010282,238
2,12,12,12,11,23,mse,1625 1086 777 583,0.002901107567852657,0.002696061957718112,0.004101023914030144,0.02153422078483255,0.011833093972229852,251
2,12,12,12,11,23,mred,1622 1085 777 583,0.002823533834295267,0.002626056653200419,0.004334655038057825,0.02334061914646055,0.013385463146186948,251
2,12,12,14,5,23,mse,25 17 12 9,0.01160704434698078,0.011142306320203833,0.013912524518519568,0.03658754046506589,0.026669101479698285,163
2,12,12,14,6,23,mse,51 34 24 18,0.008195796443474495,0.008603452198443804,0.009253131224620013,0.025233572567448712,0.019551989985855153,174
2,12,12,14,7,23,mse,102 68 49 36,0.007309862527264153,0.007629112795289092,0.008261181558097913,0.021295542683256476,0.018187716907439012,185
2,12,12,14,8,23,mse,203 136 97 73,0.0030866549676710877,0.0028918763331916364,0.004310941518109909,0.022136353572041884,0.01261583059029925,196
2,12,12,14,9,23,mse,406 272 194 146,0.0030866549676710877,0.0028918763331916364,0.004310941518109909,0.022136353572041884,0.01261583059029925,207
2,12,12,14,9,23,mred,406 271 194 146,0.002984472199283557,0.0027935277091602016,0.004476864902875245,0.022136353572041884,0.013153921334665862,207
2,12,12,14,10,23,mse,813 543 389 292,0.003026599942960777,0.002830594902952622,0.004136763103358629,0.020932087997623215,0.011783426613883539,218
2,12,12,14,10,23,mred,812 543 388 292,0.0029418520328551726,0.0027592498055160897,0.004273201774457046,0.022136353572041884,0.012760484696458168,218
2,12,12,14,11,23,mse,1626 1087 777 584,0.003013907043349981,0.0028103210297522867,0.004124036785338194,0.020932087997623215,0.011540559419176005,229
2,12,12,14,11,23,mred,1623 1085 777 583,0.0028286943497043957,0.00263206985461185,0.00435817501604092,0.022738486359251214,0.01325808885018239,229
2,12,12,16,5,23,mse,25 17 12 9,0.012590297642046961,0.012106929220971807,0.015229234732908159,0.04036562854167348,0.028835203552382786,153
2,12,12,16,6,23,mse,51 34 24 18,0.008337329955089297,0.008919587778750529,0.00965294110934113,0.028216035803700096,0.021030719805174288,162
2,12,12,16,7,23,mse,102 68 49 37,0.006750617541680993,0.007088944878834895,0.007905679194057151,0.02117294111250695,0.01662986236298609,171
2,12,12,16,8,23,mse,204 136 97 73,0.0035165969499087414,0.003276612976408964,0.004802064796343241,0.02117294111250695,0.012052980476519362,180
2,12,12,16,8,23,mred,203 136 97 73,0.0033154619919711363,0.003133048699651522,0.004916276643776999,0.02597111296979858,0.014648316012884296,180
2,12,12,16,9,23,mse,407 272 195 146,0.003245796020056265,0.0030442043855526965,0.004433321051090974,0.023572027041152764,0.012353601261585013,189
2,12,12,16,10,23,mse,814 544 389 292,0.0030458500065213435,0.002841766134040493,0.004334277676979043,0.023572027041152764,0.012392598452519407,198
2,12,12,16,10,23,mred,813 544 389 292,0.003024330957332216,0.00282828304928302,0.004445557824359093,0.02477157000547567,0.013424879355118104,198
2,12,12,16,11,23,mse,1628 1088 778 584,0.0030458500065213435,0.002841766134040493,0.004334277676979043,0.023572027041152764,0.012392598452519407,207
2,12,12,16,11,23,mred,1627 1087 778 584,0.0030039859544771603,0.0028104597993792563,0.004411633081181472,0.02417179852331422,0.012974477019892718,207
2,12,12,18,5,23,mse,26 17 12 9,0.01474019097728163,0.014714110135645013,0.016855626366587974,0.04304914695916636,0.029692574786643815,143
2,12,12,18,6,23,mse,51 34 24 18,0.011907154397948814,0.012746665894647078,0.013601047104968081,0.04429484014134537,0.030303144570921578,150
2,12,12,18,7,23,mse,102 68 49 37,0.006901822995005356,0.006846694580284213,0.008683036043322533,0.04429484014134537,0.021541482879648983,157
2,12,12,18,8,23,mse,205 137 98 73,0.005323401035312919,0.005197559190786289,0.0068403898920559305,0.03961001092635196,0.016855515003896215,164
2,12,12,18,9,23,mse,410 274 196 147,0.005123449388316486,0.004897722894428826,0.006681180236291872,0.03961001092635196,0.015531750557076588,171
2,12,12,18,10,23,mse,820 547 391 293,0.004848331268020702,0.004666529051697227,0.00644322388525838,0.03961001092635196,0.016948975458552454,178
2,12,12,18,10,23,mred,819 547 391 293,0.004831468476482834,0.004665444904557482,0.006444698848489946,0.040781218230100315,0.017257560547180337,178
2,12,12,18,11,23,mse,1639 1094 782 587,0.00483935380331173,0.00465301865831564,0.006426771553500404,0.04019561457822614,0.017247436992928578,185
2,12,12,20,5,23,mse,26 17 12 9,0.03031479591488405,0.031479183835288874,0.03450918430828586,0.11985660167349706,0.07709115368389569,133
2,12,12,20,6,23,mse,53 35 25 19,0.01890000308694737,0.01834518477953781,0.023450441864192775,0.10293076709029508,0.049006188234146104,138
2,12,12,20,7,23,mse,105 70 50 37,0.017014709716868484,0.016569124112848332,0.021513244653211375,0.11139368438189608,0.05555925146521949,143
2,12,12,20,8,23,mse,210 140 100 75,0.01691028353976846,0.016322643153574123,0.021474440546071172,0.11139368438189608,0.055112377751627056,148
2,12,12,20,9,23,mse,421 279 199 149,0.0166198204326902,0.016125190471104587,0.021176847599610173,0.10927795505899582,0.05518694950836791,153
2,12,12,20,10,23,mse,841 559 398 298,0.016609529853708012,0.016112012701215334,0.021161955722793262,0.11033581972044595,0.055273832865752034,158
2,12,12,20,11,23,mse,1682 1117 797 596,0.01661238032290377,0.016109226005317685,0.02115675629087754,0.11033581972044595,0.05525551435791459,163
2,12,12,20,11,23,mred,1682 1118 797 597,0.01661894186483623,0.01609251641402409,0.02116677271666926,0.11033581972044595,0.05492771315378739,163
2,12,14,12,5,23,mse,25 17 12 9,0.011059614329352645,0.010621173110745378,0.013149282798541124,0.0346984964267621,0.02549540862558013,161
2,12,14,12,6,23,mse,51 34 24 18,0.008229394170721611,0.00852225403214069,0.009187627737816853,0.024597302053458794,0.018695057784970298,174
2,12,14,12,7,23,mse,101 68 49 36,0.007266664980215632,0.007595569607961606,0.008545597935655186,0.025045481391029724,0.018610270932781645,187
2,12,14,12,8,23,mse,203 136 97 73,0.0032556395989250956,0.0030541859303108744,0.0043186373631578755,0.020218973873163532,0.011367933395112781,200
2,12,14,12,9,23,mse,406 271 194 146,0.002995728479508379,0.002811626157001609,0.004259013568114907,0.020218973873163532,0.012091983291070384,213
2,12,14,12,9,23,mred,405 271 194 146,0.002953838938617115,0.0027749073514904913,0.004556227902227191,0.022632227632096626,0.013766897441543722,213
2,12,14,12,10,23,mse,812 543 388 292,0.0030544711896613504,0.0028700400222953955,0.0041641426515835215,0.020218973873163532,0.011549919059806592,226
2,12,14,12,10,23,mred,811 542 388 292,0.002940573252854482,0.0027677588112512467,0.00432963701242914,0.02142560075263008,0.01297995937545549,226
2,12,14,12,11,23,mse,1624 1086 777 583,0.0029655652767272473,0.002759224735632529,0.004094641944241772,0.020218973873163532,0.011377147650575018,239
2,12,14,12,11,23,mred,1621 1084 776 583,0.0028224239209941474,0.0026251848968977688,0.004393403072595228,0.022028914192363355,0.013194224158545455,239
2,12,14,14,5,23,mse,25 17 12 9,0.011276240259798948,0.010834129603815256,0.013442120538851887,0.0346984964267621,0.02589170365262942,151
2,12,14,14,6,23,mse,51 34 24 18,0.008216616893576592,0.008556455139954613,0.009210199031728759,0.025233572567448712,0.018966958506082477,162
2,12,14,14,7,23,mse,102 68 49 36,0.007536915184223892,0.0078036807345608005,0.008459098214229825,0.021093615273425723,0.018059232217434752,173
2,12,14,14,7,23,mred,101 68 49 36,0.007330605754089616,0.00764107281408559,0.008631556906742444,0.025045481391029724,0.01883981325549825,173
2,12,14,14,8,23,mse,203 136 97 73,0.003172959971942249,0.002975545811676427,0.004295244674168537,0.020218973873163532,0.011894461328930253,184
2,12,14,14,9,23,mse,406 272 194 146,0.003172959971942249,0.002975545811676427,0.004295244674168537,0.020218973873163532,0.011894461328930253,195
2,12,14,14,9,23,mred,406 271 194 146,0.002971965206156008,0.0027877946780008427,0.004324317907747947,0.020218973873163532,0.012658508293314106,195
2,12,14,14,10,23,mse,812 543 389 292,0.003092259431615821,0.0029142551724115934,0.0041612035304882345,0.020218973873163532,0.011976309789596379,206
2,12,14,14,10,23,mred,811 542 388 292,0.002941688332150536,0.0027631898384926842,0.00444646254578458,0.02142560075263008,0.013267433671592558,206
2,12,14,14,11,23,mse,1625 1086 777 583,0.0029382548456545884,0.002727636874905551,0.0041133116081618565,0.01961566043343026,0.011474433207516142,217
2,12,14,14,11,23,mred,1622 1085 777 583,0.0028332121724149294,0.002638505694303582,0.004280807558218765,0.02142560075263008,0.01314527697378756,217
2,12,14,16,5,23,mse,25 17 12 9,0.012196966977362084,0.011738351099394846,0.0147076945091432,0.04036562854167348,0.027886446879514547,141
2,12,14,16,6,23,mse,51 34 24 18,0.008275650416163627,0.008799611686485166,0.009501281051553486,0.027778654623408377,0.020371779507407706,150
2,12,14,16,7,23,mse,102 68 49 36,0.007043742691200004,0.00742242635664602,0.008150390590809383,0.02324505787722039,0.019403187498575804,159
2,12,14,16,7,23,mred,102 68 49 37,0.007052696723786252,0.007390165162043468,0.008206815464764127,0.02117294111250695,0.017054409270243574,159
2,12,14,16,8,23,mse,203 136 97 73,0.0032082024209983758,0.0030330677026343647,0.004676781452041965,0.02597111296979858,0.013975125459453511,168
2,12,14,16,9,23,mse,407 272 195 146,0.003369769237224105,0.0031627659074203907,0.0044687220434747625,0.023572027041152764,0.01185709896319671,177
2,12,14,16,9,23,mred,406 272 194 146,0.0032082024209983758,0.0030330677026343647,0.004676781452041965,0.02597111296979858,0.013975125459453511,177
2,12,14,16,10,23,mse,814 544 389 292,0.003116387957677722,0.002901809994086654,0.004312502221449329,0.023572027041152764,0.01204876731993071,186
2,12,14,16,10,23,mred,813 543 389 292,0.003002052747243108,0.00281493985494283,0.004403975885344298,0.02477157000547567,0.013410780947784707,186
2,12,14,16,11,23,mse,1627 1088 778 584,0.003074154103327069,0.00287135511800711,0.004302147193598896,0.02417179852331422,0.012446797612329245,195
2,12,14,16,11,23,mred,1625 1087 778 584,0.0030000811567351955,0.002812541977876409,0.004408034544085774,0.025371341487637127,0.013368750878785127,195
2,12,14,18,5,23,mse,26 17 12 9,0.014675883800208971,0.01457501491531399,0.016905760943647416,0.04304914695916636,0.029415592512904067,131
2,12,14,18,6,23,mse,51 34 24 18,0.011525204992823815,0.012371178702369057,0.013204117416589249,0.04429484014134537,0.02961960003555729,138
2,12,14,18,7,23,mse,102 68 49 37,0.006788607729710771,0.006781141214385989,0.008476372796233096,0.04429484014134537,0.0203335545726619,145
2,12,14,18,8,23,mse,205 137 98 73,0.005362067341737485,0.005206166170893473,0.006904828648155616,0.03961001092635196,0.015986701452832906,152
2,12,14,18,9,23,mse,409 273 195 147,0.005032845644507526,0.004899840044818571,0.006636879743915602,0.04195242553384866,0.01804406625484335,159
2,12,14,18,10,23,mse,819 547 391 293,0.0047841169999135735,0.004605795868670075,0.0063823383653266435,0.040781218230100315,0.016729147413112943,166
2,12,14,18,11,23,mse,1638 1093 782 586,0.004782095998112447,0.004610640787932457,0.006381496475811709,0.040781218230100315,0.016883686083339424,173
2,12,14,18,11,23,mred,1638 1094 782 586,0.0047841169999135735,0.004605795868670075,0.0063823383653266435,0.040781218230100315,0.016729147413112943,173
2,12,14,20,5,23,mse,26 17 12 9,0.030009026627421886,0.03117003640492878,0.034187951624689156,0.11985660167349706,0.07698397989039407,121
2,12,14,20,6,23,mse,53 35 25 19,0.019002152853798825,0.018437682126007507,0.023600011907276983,0.10293076709029508,0.04902057521292878,126
2,12,14,20,7,23,mse,105 70 50 37,0.017012739027841353,0.016555046048662887,0.021512009561247207,0.11139368438189608,0.055095109308453405,131
2,12,14,20,8,23,mse,210 140 100 75,0.01693930726602453,0.01634779114994179,0.021499394066722063,0.11139368438189608,0.05497716669041854,136
2,12,14,20,9,23,mse,420 279 199 149,0.01657704147227803,0.016099301018395833,0.02115236796882649,0.11139368438189608,0.05603694328750968,141
2,12,14,20,10,23,mse,841 558 398 298,0.016587401449996743,0.016097041715177316,0.02114612601635813,0.11033581972044595,0.05587971061260728,146
2,12,14,20,10,23,mred,841 559 398 298,0.016599542339958587,0.016091869996935196,0.02115143541393275,0.11033581972044595,0.05492771315378739,146
2,12,14,20,11,23,mse,1681 1117 796 596,0.01658318944513354,0.016091165612072644,0.02114213372214022,0.11086475205117101,0.05541918071182648,151
2,12,14,20,11,23,mred,1682 1117 796 597,0.01659315336402606,0.016080856378932543,0.021152491363025945,0.11033581972044595,0.05525551435791459,151
2,12,16,12,5,23,mse,25 17 12 9,0.009833513644802847,0.009458628725512785,0.01157075850265123,0.0346984964267621,0.023527429470517197,149
2,12,16,12,6,23,mse,51 34 24 18,0.008579802637651053,0.008544976735458003,0.009649302334499737,0.024597302053458794,0.017589282840568977,162
2,12,16,12,7,23,mse,101 68 48 36,0.0071916184223274286,0.007497890888669659,0.008260641423944583,0.025045481391029724,0.017985454030161066,175
2,12,16,12,8,23,mse,202 135 97 73,0.0037042143918067758,0.003512306576554061,0.005232173811944869,0.025045481391029724,0.014628322256566437,188
2,12,16,12,9,23,mse,405 271 194 146,0.0035623061783355693,0.003401441653192201,0.004657459484166212,0.022632227632096626,0.012018254915291989,201
2,12,16,12,9,23,mred,404 271 194 146,0.0035503140703655647,0.003385750012105289,0.004894896244526949,0.025045481391029724,0.013774208884897698,201
2,12,16,12,10,23,mse,810 542 388 291,0.0032769527525799745,0.0030511739256291045,0.0045113364412116014,0.022632227632096626,0.012018254915291989,214
2,12,16,12,10,23,mred,809 541 388 291,0.003198277429999535,0.002978036878997581,0.004629023478398498,0.023838854511563173,0.013388189225968612,214
2,12,16,12,11,23,mse,1620 1084 776 582,0.0032769527525799745,0.0030511739256291045,0.0045113364412116014,0.022632227632096626,0.012018254915291989,227
2,12,16,12,11,23,mred,1618 1083 775 582,0.0031479665756761724,0.0029299379532418484,0.004569000862666062,0.023838854511563173,0.012999417059227027,227
2,12,16,14,5,23,mse,25 17 12 9,0.010030223896886849,0.009651523070757218,0.01182846503590506,0.0346984964267621,0.02405850979725789,139
2,12,16,14,6,23,mse,51 34 24 18,0.008530894113671134,0.00854760272980784,0.009576655933699885,0.025233572567448712,0.01785105466229593,150
2,12,16,14,7,23,mse,101 68 48 36,0.007288410871621576,0.007612626138704131,0.008401891306924742,0.025233572567448712,0.018241228944242144,161
2,12,16,14,8,23,mse,203 135 97 73,0.003952686385284135,0.003693530771663427,0.005298438647634008,0.022993635614021714,0.012784093932579116,172
2,12,16,14,8,23,mred,202 135 97 73,0.0037476941546812255,0.003531775621387237,0.005368271839904691,0.025045481391029724,0.014968981932071345,172
2,12,16,14,9,23,mse,405 271 194 146,0.003463450080056907,0.0032966302899481202,0.004628301855252861,0.022632227632096626,0.012188337321086836,183
2,12,16,14,10,23,mse,810 542 388 291,0.0032246251084906167,0.0030060647521572936,0.0045144007601760645,0.022632227632096626,0.012188337321086836,194
2,12,16,14,10,23,mred,809 542 388 291,0.0032009648362813074,0.002985554043495792,0.004612223978645345,0.023838854511563173,0.013235112357195223,194
2,12,16,14,11,23,mse,1620 1084 776 582,0.0032246251084906167,0.0030060647521572936,0.0045144007601760645,0.022632227632096626,0.012188337321086836,205
2,12,16,14,11,23,mred,1618 1083 775 582,0.003169474593661133,0.0029524541475565284,0.004661509151630393,0.023838854511563173,0.013235112357195223,205
2,12,16,16,5,23,mse,25 17 12 9,0.010841881501632013,0.010451100229682188,0.012942166220424565,0.04036562854167348,0.02549223469440122,129
2,12,16,16,6,23,mse,51 34 24 18,0.008408443679763636,0.008630644671105189,0.009490438466004414,0.027778654623408377,0.019193647051307765,138
2,12,16,16,7,23,mse,101 68 49 36,0.007425077109470678,0.007730281715976821,0.008716267228492728,0.030769284827090213,0.018695919914520628,147
2,12,16,16,8,23,mse,203 136 97 73,0.003704039902039174,0.003468145575817246,0.004929329582308249,0.02597111296979858,0.011929111903032365,156
2,12,16,16,9,23,mse,406 271 194 146,0.0034887313650458192,0.0032732365171236595,0.004818021661411416,0.02597111296979858,0.012985153619807706,165
2,12,16,16,9,23,mred,405 271 194 146,0.003429082853019608,0.0032302291459222953,0.004943743915004298,0.028370198898444398,0.014368020646067188,165
2,12,16,16,10,23,mse,811 543 388 292,0.0034475530249449392,0.0032462352151291134,0.004754975429965528,0.02717065593412149,0.013149191705999212,174
2,12,16,16,10,23,mred,811 542 388 291,0.003393374814964117,0.003202435615688618,0.004818340043137183,0.02717065593412149,0.013730304178462535,174
2,12,16,16,11,23,mse,1623 1085 777 583,0.0033475794533951546,0.003123391572270585,0.004680127805585545,0.026570884451960035,0.01297099807488539,183
2,12,16,16,11,23,mred,1621 1085 776 583,0.003300206571376196,0.0030888261892093377,0.004757802520395176,0.027770427416282942,0.013906471604698602,183
2,12,16,18,5,23,mse,26 17 12 9,0.014526417325648142,0.014112733156071356,0.017380310332117718,0.04304914695916636,0.03162956585760128,119
2,12,16,18,6,23,mse,51 34 24 18,0.010533521385007572,0.011271944398589761,0.012145866551642914,0.04429484014134537,0.028003091076859027,126
2,12,16,18,7,23,mse,102 68 49 37,0.00709663464511999,0.007197267921731492,0.008684518546703544,0.04429484014134537,0.0203335545726619,133
2,12,16,18,8,23,mse,204 136 98 73,0.005650298005103935,0.0054844696827359655,0.007424383475938924,0.04429484014134537,0.019138334602866947,140
2,12,16,18,9,23,mse,409 273 195 146,0.005118635067168271,0.004946660032565583,0.006846322019833059,0.04195242553384866,0.01772624062831046,147
2,12,16,18,10,23,mse,817 546 390 293,0.004992016912221543,0.00479818970059244,0.006739456504115847,0.043123632837597015,0.017362028745731513,154
2,12,16,18,11,23,mse,1634 1092 780 585,0.004985040289726917,0.004801578491216114,0.006733507944922342,0.043123632837597015,0.017362028745731513,161
2,12,16,18,11,23,mred,1634 1092 780 586,0.004992016912221543,0.00479818970059244,0.006739456504115847,0.043123632837597015,0.017362028745731513,161
2,12,16,20,5,23,mse,26 17 12 9,0.028546744439619246,0.029650836561251413,0.032678098032908,0.11985660167349706,0.07393167044160544,109
2,12,16,20,6,23,mse,52 35 25 19,0.019231856456118794,0.018885473706994643,0.023869970319563952,0.11985660167349706,0.060797207137206176,114
2,12,16,20,7,23,mse,105 70 50 37,0.017057396584876705,0.016522133877387116,0.021567651844269668,0.11139368438189608,0.05314804059841645,119
2,12,16,20,8,23,mse,210 139 99 74,0.016733616248861015,0.01638079837579378,0.02126327239380408,0.11139368438189608,0.055095109308453405,124
2,12,16,20,9,23,mse,419 279 199 149,0.016557540416684165,0.016054091257048334,0.02108301185740633,0.11350941370479632,0.05556191171400649,129
2,12,16,20,10,23,mse,839 557 397 297,0.016541089873769427,0.016104946501855472,0.021056049599223067,0.1124515490433462,0.0546815162797862,134
2,12,16,20,10,23,mred,839 558 397 298,0.01653476950288556,0.016049708153910627,0.021062671181682226,0.1124515490433462,0.0546815162797862,134
2,12,16,20,11,23,mse,1677 1115 795 595,0.016524936340176558,0.01605319090925965,0.02104013059131035,0.11298048137407125,0.05524487652038227,139
2,12,16,20,11,23,mred,1678 1116 795 596,0.01654277156907149,0.01604361570383741,0.021061563533786985,0.1124515490433462,0.0546815162797862,139
2,12,18,12,5,23,mse,25 17 12 9,0.008589840871282938,0.008009027713485242,0.011346565186905695,0.029749449086046213,0.025098216500766747,137
2,12,18,12,6,23,mse,50 34 24 18,0.008589840871282938,0.008009027713485242,0.011346565186905695,0.029749449086046213,0.025098216500766747,150
2,12,18,12,7,23,mse,100 67 48 36,0.006790135574510853,0.006345065935746809,0.008956396936744332,0.02845306279939461,0.019558866814672896,163
2,12,18,12,8,23,mse,200 134 96 72,0.006790135574510853,0.006345065935746809,0.008956396936744332,0.02845306279939461,0.019558866814672896,176
2,12,18,12,9,23,mse,401 269 193 145,0.006597701008697266,0.006166389414592456,0.008669520492730051,0.026024195456393097,0.01790994294839679,189
2,12,18,12,9,23,mred,401 268 192 145,0.006560601130820906,0.0061038135899143375,0.008718056990485744,0.026024195456393097,0.018311661486775824,189
2,12,18,12,10,23,mse,802 537 385 289,0.006393244971218723,0.005926809169363872,0.008497692361291874,0.026024195456393097,0.01797880067911949,202
2,12,18,12,11,23,mse,1603 1074 770 579,0.006383571558536796,0.0059155065959775165,0.008486852239124012,0.026631412292143476,0.01782425964090037,215
2,12,18,14,5,23,mse,25 17 12 9,0.008580621260478455,0.008006608050205791,0.01130572175344357,0.02914700557767774,0.02490695945813921,127
2,12,18,14,6,23,mse,50 34 24 18,0.008580621260478455,0.008006608050205791,0.01130572175344357,0.02914700557767774,0.02490695945813921,138
2,12,18,14,7,23,mse,100 67 48 36,0.006884532225915935,0.006439722500206378,0.009080916223131431,0.02914700557767774,0.020097795855430197,149
2,12,18,14,8,23,mse,200 134 96 72,0.006884532225915935,0.006439722500206378,0.009080916223131431,0.02914700557767774,0.020097795855430197,160
2,12,18,14,9,23,mse,401 269 193 145,0.006551963699515163,0.006110592229144517,0.008628236570510841,0.026719873091621934,0.017810254987600225,171
2,12,18,14,10,23,mse,802 537 385 289,0.006406306604426294,0.005936869284712494,0.00851520164725248,0.026719873091621934,0.017874998739731807,182
2,12,18,14,11,23,mse,1604 1075 770 579,0.006394371604466781,0.005923373267360496,0.008493719240308376,0.026719873091621934,0.01787401793157782,193
2,12,18,14,11,23,mred,1604 1074 770 579,0.006386700645772414,0.005914370714227901,0.008501115356911245,0.026719873091621934,0.017874998739731807,193
2,12,18,16,5,23,mse,25 17 12 9,0.008642645800898125,0.008100591416504328,0.011308840587799166,0.03288357000486968,0.02417062561309557,117
2,12,18,16,6,23,mse,50 34 24 18,0.008642645800898125,0.008100591416504328,0.011308840587799166,0.03288357000486968,0.02417062561309557,126
2,12,18,16,7,23,mse,100 67 48 36,0.007373723809425619,0.006937168518159393,0.00974194170530875,0.03288357000486968,0.02164338936169797,135
2,12,18,16,8,23,mse,201 135 96 72,0.0072373261551999645,0.006862535827170902,0.009315917483333274,0.02804798785489403,0.01894334294089499,144
2,12,18,16,8,23,mred,201 134 96 72,0.0071897823788047675,0.0068121634686550935,0.009352698376209084,0.02804798785489403,0.020029786399195365,144
2,12,18,16,9,23,mse,402 269 193 145,0.006484900600469964,0.006017948875423482,0.008614211074908009,0.02804798785489403,0.018265252900286952,153
2,12,18,16,10,23,mse,803 538 386 290,0.006476623898338571,0.006009060736987383,0.008596913503092789,0.029256883392387946,0.018135635664473626,162
2,12,18,16,10,23,mred,803 538 385 290,0.006475737809861628,0.0060048482783330815,0.00860844917903098,0.029256883392387946,0.018174511255777778,162
2,12,18,16,11,23,mse,1607 1076 771 579,0.006446904709580321,0.005975556319521286,0.008568571040886347,0.028652435623640986,0.01808118531587731,171
2,12,18,16,11,23,mred,1606 1075 771 579,0.006448196947266759,0.005973826418864707,0.008591010268643397,0.029256883392387946,0.01817538122988284,171
2,12,18,18,5,23,mse,25 17 12 9,0.010669727164569466,0.01027398848994392,0.013769285755386051,0.04922879947436944,0.03147183426255086,107
2,12,18,18,6,23,mse,51 34 24 18,0.010450135550839188,0.010062885558122577,0.013362843006520252,0.03386833019509426,0.02936268443660525,114
2,12,18,18,7,23,mse,101 68 48 36,0.009560258537318636,0.009423249906861064,0.011776195460793094,0.03972108746911314,0.025538663776817776,121
2,12,18,18,8,23,mse,202 135 97 73,0.007686493782995576,0.007248957039204919,0.010140306439746803,0.03972108746911314,0.02296173727338291,128
2,12,18,18,9,23,mse,404 271 194 145,0.007593467788839856,0.007162574621714962,0.010039180663357255,0.03972108746911314,0.022801291702425064,135
2,12,18,18,9,23,mred,404 270 194 145,0.007575364090350818,0.007156608649586126,0.010049572893593322,0.03972108746911314,0.023099045725719018,135
2,12,18,18,10,23,mse,808 541 387 291,0.007443302723554107,0.00698763918594765,0.009911427736389231,0.03972108746911314,0.022870346754470142,142
2,12,18,18,10,23,mred,809 541 387 291,0.007442639060244514,0.006985880096569069,0.009912444498357166,0.0385326234684561,0.02273977051010863,142
2,12,18,18,11,23,mse,1617 1082 775 582,0.007429829471416051,0.006969168180711439,0.009897514041808513,0.039126855468784624,0.022521771073481123,149
2,12,18,20,5,23,mse,26 17 12 9,0.024289351586100037,0.02492069020500645,0.02867160961737743,0.09238049963345792,0.06817954349251669,97
2,12,18,20,6,23,mse,52 35 25 18,0.021525436677684855,0.02155396311934854,0.026082996451890952,0.09238049963345792,0.06016053253411582,102
2,12,18,20,6,23,mred,52 35 25 19,0.021742737378684898,0.02139922308852124,0.026533020593542126,0.09238049963345792,0.0555903049802511,102
2,12,18,20,7,23,mse,104 69 49 37,0.01708438756265626,0.016622351995846787,0.022008712677717004,0.09238049963345792,0.05754436648224018,107
2,12,18,20,8,23,mse,208 138 99 74,0.016957270529922,0.01641177585939664,0.02185284728019225,0.09238049963345792,0.05523589710986417,112
2,12,18,20,9,23,mse,415 276 197 148,0.01688763622961479,0.016398931371222,0.021790759209280218,0.09456227727856979,0.057234202490786076,117
2,12,18,20,9,23,mred,416 277 197 148,0.016926330064084942,0.016380411258790945,0.021825986243640228,0.09238049963345792,0.0547993339101853,117
2,12,18,20,10,23,mse,831 553 395 296,0.016883466352140605,0.01634963778298549,0.02176275276643995,0.09347138845601385,0.05554101127518882,122
2,12,18,20,10,23,mred,832 553 395 296,0.01689465762542872,0.016349389202555218,0.021783787928026564,0.09238049963345792,0.055097146567929474,122
2,12,18,20,11,23,mse,1662 1105 789 591,0.01687019730245192,0.01636996280120278,0.021751986455597755,0.09347138845601385,0.05623284711291995,127
2,12,18,20,11,23,mred,1663 1106 790 592,0.016887539856890794,0.016348349865062686,0.02176941771627347,0.09292594404473588,0.055526499181766935,127
2,12,20,12,5,23,mse,24 16 12 9,0.02756705721968951,0.026421274690290243,0.034350706344038535,0.07259673107522471,0.06338953631170856,125
2,12,20,12,6,23,mse,48 33 23 18,0.026505211855554232,0.025271170701468355,0.03321879415734586,0.070785861418364,0.06060825843811828,138
2,12,20,12,6,23,mred,48 32 23 18,0.026513401541413274,0.025059757416669416,0.033293199303761484,0.06731494028741883,0.05955850609318093,138
2,12,20,12,7,23,mse,96 65 47 35,0.023447801535092516,0.021745558030199386,0.02991921246956947,0.06731494028741883,0.05374847246059052,151
2,12,20,12,8,23,mse,193 130 94 70,0.023443602474448478,0.02178686077610542,0.02984939562112651,0.0624572056014158,0.05542360795836317,164
2,12,20,12,8,23,mred,192 130 94 70,0.023447801535092516,0.021745558030199386,0.02991921246956947,0.06731494028741883,0.05374847246059052,164
2,12,20,12,9,23,mse,385 260 187 141,0.02332550542367614,0.021639585246039234,0.02966607641454426,0.06488607294441731,0.05519418109934311,177
2,12,20,12,9,23,mred,384 260 187 141,0.023342704758371798,0.021630950012637134,0.029753695798408433,0.06731494028741883,0.05374847246059052,177
2,12,20,12,10,23,mse,771 520 375 282,0.02333378798991819,0.02167438176275947,0.029657900873293837,0.06367163927291655,0.055627531903264235,190
2,12,20,12,10,23,mred,768 519 374 281,0.023340692900533963,0.021589229971872792,0.02980296185373232,0.06731494028741883,0.053666349317471156,190
2,12,20,12,11,23,mse,1541 1040 749 564,0.02332344899837373,0.02165060334927131,0.029652108535965657,0.06427885610866693,0.055415930768183685,203
2,12,20,12,11,23,mred,1536 1039 748 562,0.023331729893104468,0.02158861924764833,0.029785913412744867,0.06731494028741883,0.053666349317471156,203
2,12,20,14,5,23,mse,24 16 12 9,0.027525945209624036,0.026354489411510078,0.03434283548338154,0.07259673107522471,0.06306948510588264,115
2,12,20,14,6,23,mse,48 33 23 18,0.02647135023616666,0.025224267635088296,0.03319657737668145,0.06975724867924935,0.060606803969116704,126
2,12,20,14,6,23,mred,48 32 23 18,0.026545638814216017,0.02507500616938866,0.033365155164768075,0.06798112535457063,0.05967434726536778,126
2,12,20,14,7,23,mse,96 65 47 35,0.023455372190908725,0.021745248810687325,0.029943053216616777,0.06798112535457063,0.053648065444096706,137
2,12,20,14,8,23,mse,193 130 94 70,0.023443174762226942,0.021779883005608843,0.029841722808357094,0.06312686038245902,0.055373728447599045,148
2,12,20,14,8,23,mred,192 130 94 70,0.023455372190908725,0.021745248810687325,0.029943053216616777,0.06798112535457063,0.053648065444096706,148
2,12,20,14,9,23,mse,385 260 187 141,0.023325455400462942,0.021629132552205457,0.029675854515560776,0.06555399286851482,0.0548008424680062,159
2,12,20,14,9,23,mred,384 260 187 141,0.02334634579119879,0.021623575767634393,0.029779234294903,0.06798112535457063,0.053648065444096706,159
2,12,20,14,10,23,mse,771 520 375 282,0.023328107955798656,0.02165811234034656,0.029654148384802886,0.06434042662548692,0.05561925075567086,170
2,12,20,14,10,23,mred,768 520 374 281,0.023334869331920707,0.021591132630253532,0.029808815726490183,0.06798112535457063,0.053648065444096706,170
2,12,20,14,11,23,mse,1542 1041 749 564,0.023317260254248788,0.021647557847589788,0.029651142786441168,0.06434042662548692,0.05561925075567086,181
2,12,20,14,11,23,mred,1537 1039 748 562,0.02333472994485126,0.021589756037915367,0.029783920240119183,0.06737434223305667,0.053642242780686696,181
2,12,20,16,5,23,mse,24 16 12 9,0.027377366563298318,0.026096151531839258,0.03433348589412225,0.0715682272046749,0.06290308683083742,105
2,12,20,16,6,23,mse,48 33 23 18,0.02636094952477037,0.025056420475038216,0.033138995177105744,0.0715682272046749,0.059674360274227525,114
2,12,20,16,7,23,mse,97 65 47 35,0.023520954157123963,0.021854381003974785,0.03002967536450718,0.06597313903925076,0.05763303276041503,123
2,12,20,16,7,23,mred,96 65 47 35,0.023498972273589755,0.02175128159322156,0.03007441844184419,0.0715682272046749,0.05519805061609689,123
2,12,20,16,8,23,mse,193 130 94 71,0.023534342170582822,0.02192861021664189,0.02978823100394833,0.06673264505469924,0.054618137136714845,132
2,12,20,16,8,23,mred,192 130 94 70,0.023498972273589755,0.02175128159322156,0.03007441844184419,0.0715682272046749,0.05519805061609689,132
2,12,20,16,9,23,mse,386 260 188 141,0.023339264451392477,0.021654774011875592,0.029674241178479933,0.06673264505469924,0.054618137136714845,141
2,12,20,16,9,23,mred,385 260 187 141,0.023339608471040687,0.021602530256950584,0.029748817637293312,0.06915043612968708,0.05405738216002379,141
2,12,20,16,10,23,mse,772 521 375 282,0.023293187463816114,0.021608575746784462,0.029634907732460795,0.06673264505469924,0.05478282281322778,150
2,12,20,16,10,23,mred,770 521 375 281,0.023312495209124415,0.021590442803400646,0.029748296348234535,0.06915043612968708,0.05411215314546248,150
2,12,20,16,11,23,mse,1544 1042 750 564,0.023293187463816114,0.021608575746784462,0.029634907732460795,0.06673264505469924,0.05478282281322778,159
2,12,20,16,11,23,mred,1540 1041 749 563,0.023308517419211413,0.021575674625574644,0.02972830285829823,0.06915043612968708,0.05411215314546248,159
2,12,20,18,5,23,mse,24 16 12 9,0.027529916134371217,0.02584986047382626,0.035299722551847226,0.0861509252066957,0.06687693818651214,95
2,12,20,18,6,23,mse,49 33 24 18,0.026014509952256598,0.024828086006283806,0.03289357342228392,0.07696255284377912,0.06406564810708718,102
2,12,20,18,6,23,mred,48 33 24 18,0.026191401302596666,0.02481030750578136,0.033311170000373064,0.0861509252066957,0.06366975340733085,102
2,12,20,18,7,23,mse,97 65 47 35,0.024077588008329424,0.022382380141172685,0.03063229113296919,0.07663166401093212,0.056887635360776206,109
2,12,20,18,8,23,mse,194 131 94 71,0.023599190751284964,0.02194122083476813,0.030013169992448758,0.07663166401093212,0.056193514206048525,116
2,12,20,18,9,23,mse,389 262 188 142,0.023591031920866926,0.021955421140371814,0.03000671151460107,0.07425184871199123,0.05747590071210056,123
2,12,20,18,9,23,mred,388 262 188 141,0.023565494406002734,0.021875050518281217,0.030052896726743987,0.07663166401093212,0.056193514206048525,123
2,12,20,18,10,23,mse,777 524 377 283,0.0235192410870572,0.021858182398098502,0.02996856288141337,0.07544175636146168,0.05689402966598616,130
2,12,20,18,10,23,mred,776 523 377 283,0.023538164414108588,0.021853160062826747,0.02999459730628366,0.07663166401093212,0.05611661251335977,130
2,12,20,18,11,23,mse,1554 1048 754 567,0.023538090883706467,0.021888238635303415,0.02996736079494099,0.07544175636146168,0.05689402966598616,137
2,12,20,18,11,23,mred,1552 1047 753 565,0.02353333378107339,0.021842883538933218,0.030003868141131533,0.07663166401093212,0.05613496197779345,137
2,12,20,20,5,23,mse,25 17 12 9,0.027509943064369626,0.02580549281055365,0.03598883974905491,0.10883512209872809,0.07839101565216637,85
2,12,20,20,6,23,mse,50 33 24 18,0.027514859717596013,0.025786645390469435,0.03588548763070304,0.10883512209872809,0.07791153168869912,90
2,12,20,20,7,23,mse,100 67 48 36,0.02686435641337179,0.02521072081334918,0.03496051543874907,0.10883512209872809,0.07490198907032983,95
2,12,20,20,8,23,mse,199 134 96 72,0.026845668335781663,0.025182152131618785,0.03485621161021023,0.11329094648823444,0.07453981052732922,100
2,12,20,20,9,23,mse,398 268 192 144,0.026845668335781663,0.025182152131618785,0.03485621161021023,0.11329094648823444,0.07453981052732922,105
2,12,20,20,10,23,mse,797 536 384 288,0.026841286294323613,0.02518240432926973,0.034850934872565506,0.11217699039085785,0.07427148147868265,110
2,12,20,20,10,23,mred,796 535 384 288,0.026846356820389224,0.025181588536564846,0.03486507083766697,0.11329094648823444,0.07456137962013533,110
2,12,20,20,11,23,mse,1594 1072 768 575,0.02683939846291993,0.025181185396275625,0.034849039428746294,0.11217699039085785,0.07427148147868265,115
2,12,20,20,11,23,mred,1593 1071 768 575,0.026837307230901202,0.025176873306498176,0.034849611899757896,0.11273396843954615,0.07438516324532195,115
2,14,12,12,5,23,mse,25 17 12 9,0.01169917207756642,0.011250227842476677,0.0140067639303031,0.03705980147464184,0.026788209675538154,161
2,14,12,12,6,23,mse,51 34 24 18,0.008252838004892033,0.008684768335983743,0.009337776769663663,0.025233572567448712,0.019807856816475698,174
2,14,12,12,7,23,mse,102 68 49 36,0.00728612002211727,0.007619283315002568,0.008262682632807978,0.021491597262045886,0.018620781351927605,187
2,14,12,12,8,23,mse,203 136 97 73,0.003079781654668851,0.0028858601549879258,0.00432599359499599,0.02261569849676147,0.012650114782930499,200
2,14,12,12,9,23,mse,406 272 194 146,0.003079781654668851,0.0028858601549879258,0.00432599359499599,0.02261569849676147,0.012650114782930499,213
2,14,12,12,9,23,mred,406 271 194 146,0.0030143156352484294,0.002820778420725562,0.0045283704863832,0.02261569849676147,0.013261828398257463,213
2,14,12,12,10,23,mse,813 543 389 292,0.0029950242223725264,0.002795027111719848,0.004141146312537608,0.02141202324860477,0.011638071110354586,226
2,14,12,12,10,23,mred,812 543 389 292,0.0029351865384221743,0.002748347398939124,0.004200550438253002,0.02261569849676147,0.01270892475875823,226
2,14,12,12,11,23,mse,1626 1087 778 584,0.003046106831415295,0.002842528130986971,0.0041187728544267365,0.02141202324860477,0.011549176224787704,239
2,14,12,12,11,23,mred,1623 1085 777 583,0.002851735980814573,0.0026597885515657923,0.004407985971464998,0.023217536120839818,0.01337288623175304,239
2,14,12,14,5,23,mse,25 17 12 9,0.011919956237117318,0.011466958623439365,0.01430442253534543,0.03847658450336969,0.02724149239697586,151
2,14,12,14,6,23,mse,51 34 24 18,0.00826026137366265,0.008735516680119442,0.009401645526788292,0.025233572567448712,0.02011591369262047,162
2,14,12,14,7,23,mse,102 68 49 36,0.007161826453687411,0.007521713250105333,0.008182313138311335,0.022169336575323054,0.01888857808148357,173
2,14,12,14,8,23,mse,203 136 97 73,0.0030767155445074355,0.002886721774843881,0.004402594682838798,0.02405373327092023,0.01314677420348574,184
2,14,12,14,9,23,mse,407 272 194 146,0.00321071169371662,0.0029893974722185555,0.004345163986965887,0.021649924732178655,0.011409260338179827,195
2,14,12,14,9,23,mred,406 272 194 146,0.0030767155445074355,0.002886721774843881,0.004402594682838798,0.02405373327092023,0.01314677420348574,195
2,14,12,14,10,23,mse,813 544 389 292,0.0030355324135972295,0.002827096256085759,0.004147514313440984,0.022851829001549445,0.011984706377533929,206
2,14,12,14,10,23,mred,812 543 389 292,0.00289661848178976,0.002704549833777754,0.004286485009197067,0.02405373327092023,0.013199977341399202,206
2,14,12,14,11,23,mse,1626 1087 778 584,0.002963109321971749,0.002761455633838732,0.004129003290131695,0.022851829001549445,0.01202842966998574,217
2,14,12,14,11,23,mred,1624 1086 777 584,0.0028628108852356343,0.002670778725082007,0.004315702951323141,0.02405373327092023,0.013215221508253869,217
2,14,12,16,5,23,mse,25 17 12 9,0.012932281153000831,0.012467838994789905,0.015615520224470516,0.04036562854167348,0.029193361635697253,141
2,14,12,16,6,23,mse,51 34 24 18,0.008465185893381218,0.009115436295084193,0.009877461436493156,0.028216035803700096,0.021518744726508866,150
2,14,12,16,7,23,mse,102 68 49 37,0.006458314693985886,0.006773954276455524,0.00762989667716321,0.02117294111250695,0.01606127573527202,159
2,14,12,16,8,23,mse,204 136 97 73,0.003544299956270901,0.003344651145704187,0.004812731993373978,0.02117294111250695,0.01263346389328284,168
2,14,12,16,8,23,mred,203 136 97 73,0.0034599676531551532,0.0032920351048662615,0.005116931550341434,0.02597111296979858,0.015510591594563188,168
2,14,12,16,9,23,mse,407 272 195 146,0.003165870677992976,0.002979533675707857,0.004432784511271443,0.023572027041152764,0.013100863803036957,177
2,14,12,16,10,23,mse,815 544 389 292,0.0030966498192274185,0.002896736477002976,0.004388492840339539,0.022372484076829856,0.012655240851206425,186
2,14,12,16,10,23,mred,814 544 389 292,0.0030328768417593977,0.0028504479193057963,0.004394891601488718,0.023572027041152764,0.013204569914721184,186
2,14,12,16,11,23,mse,1629 1089 779 584,0.0031234247673582963,0.002920810709393938,0.0043402054729965575,0.022972255558991312,0.012477407830199131,195
2,14,12,16,11,23,mred,1627 1088 778 584,0.0030285549268985225,0.0028488568270487796,0.004457284358618631,0.02417179852331422,0.013561744773334616,195
2,14,12,18,5,23,mse,26 17 12 9,0.014859356862507106,0.014908787680127317,0.016883735390647095,0.04304914695916636,0.030303144570921578,131
2,14,12,18,6,23,mse,51 34 24 18,0.01221950262451883,0.013085266157647543,0.013927255478954188,0.04429484014134537,0.030796135371722252,138
2,14,12,18,7,23,mse,102 68 49 37,0.006892053654939556,0.006791805588993483,0.00873801190263889,0.04429484014134537,0.021651341759974768,145
2,14,12,18,8,23,mse,205 137 98 73,0.005330433164310325,0.005252818475062553,0.0068128349945573334,0.03961001092635196,0.01751232912291969,152
2,14,12,18,9,23,mse,410 274 196 147,0.005020036845902758,0.004811319075212433,0.006566084800363644,0.03961001092635196,0.016081049415604738,159
2,14,12,18,10,23,mse,820 547 391 293,0.004867278901355734,0.0047183593151002385,0.006436320303820569,0.03961001092635196,0.01724981359849764,166
2,14,12,18,11,23,mse,1640 1095 782 587,0.004844630251884821,0.004666988088790175,0.006408485346087808,0.03961001092635196,0.016985802514926505,173
2,14,12,18,11,23,mred,1640 1095 783 587,0.004847508417634981,0.004660069293620769,0.006415806497476036,0.03961001092635196,0.01677887841560025,173
2,14,12,20,5,23,mse,26 17 12 9,0.030632502415781464,0.03181027822094239,0.034829518729568056,0.11985660167349706,0.07713976982584793,121
2,14,12,20,6,23,mse,53 35 25 19,0.018760417633999906,0.0182086816101643,0.023282309791432445,0.10293076709029508,0.04972574854757012,126
2,14,12,20,7,23,mse,105 70 50 37,0.01704394966343198,0.016623018219676954,0.021542439134141493,0.11139368438189608,0.0558946637748665,131
2,14,12,20,8,23,mse,210 140 100 75,0.01687121656341936,0.016291563045348043,0.02144594246308236,0.11139368438189608,0.0558946637748665,136
2,14,12,20,9,23,mse,421 279 199 149,0.01663231147407181,0.016154854413556588,0.021190546658535876,0.10927795505899582,0.05524085190318647,141
2,14,12,20,9,23,mred,421 280 199 149,0.01665700312216086,0.016146126779791964,0.02120943374646404,0.10927795505899582,0.05427730879869845,141
2,14,12,20,10,23,mse,842 559 398 298,0.01663241222578903,0.01613921973414511,0.021176506259353675,0.10927795505899582,0.05448574573919903,146
2,14,12,20,10,23,mred,842 559 399 299,0.01666630390594647,0.016117357134352348,0.021201427210552716,0.10927795505899582,0.05427460819049058,146
2,14,12,20,11,23,mse,1683 1118 797 597,0.016622302610007703,0.016104621191719053,0.02116645729455208,0.10980688738972089,0.0547121645143048,151
2,14,14,12,5,23,mse,25 17 12 9,0.011336154585463776,0.010910152992975368,0.013496872213118932,0.03517075743633805,0.025984047492879463,149
2,14,14,12,6,23,mse,51 34 24 18,0.008274163578675468,0.008630969444010525,0.009289305026230963,0.025233572567448712,0.019362332901943065,162
2,14,14,12,7,23,mse,102 68 49 36,0.007524161593342111,0.007799096240849645,0.008466231700446468,0.021099488104467063,0.018097425280183342,175
2,14,14,12,7,23,mred,101 68 49 36,0.00732047838058468,0.007638865547172646,0.00863888529453833,0.02552246501070143,0.019021333972338596,175
2,14,14,12,8,23,mse,203 136 97 73,0.0031616555790325717,0.0029592331397883926,0.0042991189873971365,0.02069831879788312,0.011894461328930253,188
2,14,14,12,9,23,mse,406 272 194 146,0.0031616555790325717,0.0029592331397883926,0.0042991189873971365,0.02069831879788312,0.011894461328930253,201
2,14,14,12,9,23,mred,406 271 194 146,0.002981927637248908,0.002790673932448378,0.004355411353826428,0.02069831879788312,0.012645855696516708,201
2,14,14,12,10,23,mse,812 543 389 292,0.0030642492818914856,0.002878511959274858,0.004159225147365723,0.02069831879788312,0.011849943792163996,214
2,14,14,12,10,23,mred,811 542 388 292,0.0029485840658797758,0.0027637892355587773,0.004476788960198347,0.021904355351087697,0.013194128003215119,214
2,14,14,12,11,23,mse,1625 1086 777 583,0.002944500929253975,0.002733573846604596,0.004133279194611849,0.02009530052128083,0.011368963011852386,227
2,14,14,12,11,23,mred,1622 1085 777 583,0.0028376565768802415,0.0026437115306256883,0.004306989869338053,0.021904355351087697,0.013063445806518317,227
2,14,14,14,5,23,mse,25 17 12 9,0.011551802504606632,0.011122270691562705,0.013794347996586562,0.03658754046506589,0.026497006235399263,139
2,14,14,14,6,23,mse,51 34 24 18,0.008269718840859192,0.008670668043229982,0.009330190185063269,0.025233572567448712,0.019695504901700477,150
2,14,14,14,7,23,mse,102 68 49 36,0.00738722762673449,0.007690262346526144,0.00836051815565895,0.021295542683256476,0.018516741554038988,161
2,14,14,14,8,23,mse,203 136 97 73,0.003119355829640418,0.0029223149938528282,0.004325632368776284,0.022136353572041884,0.012169587710964283,172
2,14,14,14,9,23,mse,406 272 194 146,0.003119355829640418,0.0029223149938528282,0.004325632368776284,0.022136353572041884,0.012169587710964283,183
2,14,14,14,9,23,mred,406 271 194 146,0.0030154545731837243,0.00282434242472679,0.004469441548606931,0.022136353572041884,0.013154853637356306,183
2,14,14,14,10,23,mse,813 543 389 292,0.0030640971106093646,0.002857769333709984,0.004179445497095657,0.020932087997623215,0.01146070689436232,194
2,14,14,14,10,23,mred,811 543 388 292,0.002964595447392326,0.0027815131233590836,0.004452659152580776,0.02334061914646055,0.013350893681693222,194
2,14,14,14,11,23,mse,1625 1087 777 584,0.003007745524653518,0.0028051440495226124,0.004157800976910181,0.02153422078483255,0.011582717410436202,205
2,14,14,14,11,23,mred,1623 1085 777 583,0.0028546788786562457,0.002663487006365528,0.004343788459952977,0.022738486359251214,0.013021571380768319,205
2,14,14,16,5,23,mse,25 17 12 9,0.012498128640571787,0.012054021934913662,0.015058434531564425,0.04036562854167348,0.028311841621706663,129
2,14,14,16,6,23,mse,51 34 24 18,0.008378732109723206,0.008962530255587806,0.00968163885055351,0.028216035803700096,0.021278185942418332,138
2,14,14,16,7,23,mse,102 68 49 37,0.006784627408872907,0.007100378058730057,0.007944095156859255,0.02117294111250695,0.01669852823675559,147
2,14,14,16,8,23,mse,203 136 97 73,0.0032914030492978384,0.0031254892786377357,0.004826872336477369,0.02597111296979858,0.014631262060232708,156
2,14,14,16,9,23,mse,407 272 195 146,0.003270265689012012,0.0030710470809786807,0.004431028425771016,0.023572027041152764,0.012232715373711208,165
2,14,14,16,10,23,mse,814 544 389 292,0.0030682563054250916,0.0028668848459782407,0.004324646391735207,0.023572027041152764,0.012335407984547561,174
2,14,14,16,10,23,mred,813 544 389 292,0.0030261037546380925,0.002838046446062642,0.0043950739730374165,0.02477157000547567,0.013339262228009465,174
2,14,14,16,11,23,mse,1628 1088 778 584,0.0030682563054250916,0.0028668848459782407,0.004324646391735207,0.023572027041152764,0.012335407984547561,183
2,14,14,16,11,23,mred,1626 1087 778 584,0.0030020839585413544,0.002818946747803899,0.004429121724899033,0.02477157000547567,0.013443813462042839,183
2,14,14,18,5,23,mse,26 17 12 9,0.014814319945729631,0.014770888567843261,0.016987997914814694,0.04304914695916636,0.029690755444331248,119
2,14,14,18,6,23,mse,51 34 24 18,0.011839738632980667,0.012708782416213114,0.013539102951106594,0.04429484014134537,0.030303144570921578,126
2,14,14,18,7,23,mse,102 68 49 37,0.006822500793751152,0.006783565035857662,0.008586187364088836,0.04429484014134537,0.021541482879648983,133
2,14,14,18,8,23,mse,205 137 98 73,0.005394435119685189,0.005263371143887342,0.006932065082516993,0.03961001092635196,0.016811873257016954,140
2,14,14,18,9,23,mse,410 273 195 147,0.0051415941418003885,0.004981749812281669,0.0067436398724341744,0.03961001092635196,0.0181789214509421,147
2,14,14,18,9,23,mred,410 274 196 147,0.005175524758441383,0.0049387554779495805,0.006761852376874043,0.03961001092635196,0.015533355043199467,147
2,14,14,18,10,23,mse,819 547 391 293,0.00485498516140487,0.004690990759288914,0.006478415577990798,0.040781218230100315,0.017657189931217687,154
2,14,14,18,11,23,mse,1638 1094 782 587,0.004854814048500357,0.0046755068084857404,0.006471215909984719,0.040781218230100315,0.017655553424838155,161
2,14,14,20,5,23,mse,26 17 12 9,0.03028772073418139,0.031483574503839304,0.03445292590529519,0.11985660167349706,0.07709115368389569,109
2,14,14,20,6,23,mse,53 35 25 19,0.01893264633544413,0.01835678450832047,0.023533331180271868,0.10293076709029508,0.04902057521292878,114
2,14,14,20,7,23,mse,105 70 50 37,0.01703327350093835,0.01659508745488703,0.021527443108580846,0.11139368438189608,0.055095109308453405,119
2,14,14,20,8,23,mse,210 140 100 75,0.016917760859910105,0.016329108968907047,0.021479374234603183,0.11139368438189608,0.05497716669041854,124
2,14,14,20,9,23,mse,420 279 199 149,0.016608185572145055,0.016141772990295372,0.021192466326494453,0.11139368438189608,0.05603694328750968,129
2,14,14,20,10,23,mse,841 559 398 298,0.01662341467316301,0.016127672220318905,0.021179177061650775,0.11033581972044595,0.05492771315378739,134
2,14,14,20,10,23,mred,841 559 398 299,0.016647624787459216,0.016125482357764648,0.02121167834036693,0.11033581972044595,0.05492771315378739,134
2,14,14,20,11,23,mse,1682 1117 797 596,0.016627621148027412,0.016126540412937915,0.021175630657419075,0.11033581972044595,0.0550455914285036,139
2,14,14,20,11,23,mred,1682 1118 797 597,0.016632573364550932,0.01610696314505007,0.021184108324611314,0.11033581972044595,0.054770728850788965,139
2,14,16,12,5,23,mse,25 17 12 9,0.01008682839655824,0.009725032932464782,0.011877608010084586,0.03517075743633805,0.024221524443241094,137
2,14,16,12,6,23,mse,51 34 24 18,0.008582696394873222,0.008616786323157967,0.009637529101685569,0.025233572567448712,0.017985374899373345,150
2,14,16,12,7,23,mse,101 68 48 36,0.007347253687246712,0.007686676534416493,0.00847107215012476,0.02552246501070143,0.01876496826557626,163
2,14,16,12,8,23,mse,203 136 97 73,0.004116232950276569,0.003845452047223044,0.005279809827476894,0.02069831879788312,0.010803099365470482,176
2,14,16,12,8,23,mred,202 135 97 73,0.0037401790873539393,0.0035116754374877645,0.005381082514445129,0.02552246501070143,0.015152115504634717,176
2,14,16,12,9,23,mse,405 271 194 146,0.003435164602017154,0.0032583505991100655,0.004621422909832449,0.023110391904292274,0.012429904977326446,189
2,14,16,12,10,23,mse,810 542 388 291,0.0032313318113114595,0.003012860716283718,0.0045283668744152015,0.023110391904292274,0.012429904977326446,202
2,14,16,12,10,23,mred,809 542 388 291,0.0032101313604275448,0.002994015449654837,0.004625863297560791,0.024316428457496854,0.013411403240272611,202
2,14,16,12,11,23,mse,1620 1084 776 583,0.0032509517985882634,0.003034290985434652,0.004520569756509902,0.023110391904292274,0.012429904977326446,215
2,14,16,12,11,23,mred,1618 1083 776 582,0.0031953634166204405,0.002977378163619664,0.004658876082620312,0.024316428457496854,0.01356125590042506,215
2,14,16,14,5,23,mse,25 17 12 9,0.01028805252970978,0.009922056463440009,0.012141499539110144,0.03658754046506589,0.024392090731886536,127
2,14,16,14,6,23,mse,51 34 24 18,0.008538082014554606,0.008624496144783928,0.009581202455240108,0.025233572567448712,0.018374816953463317,138
2,14,16,14,7,23,mse,101 68 49 36,0.007383594716951687,0.007710972346401279,0.008547368399027146,0.026953415869716554,0.01776623433489015,149
2,14,16,14,8,23,mse,203 136 97 73,0.00395976307643576,0.003695101526230845,0.005122604036568638,0.022136353572041884,0.010872347194958578,160
2,14,16,14,8,23,mred,202 135 97 73,0.0038165957086777644,0.0035620302729823155,0.005541326424052237,0.026953415869716554,0.015450823119734017,160
2,14,16,14,9,23,mse,405 271 194 146,0.003368921111983598,0.0031840661463462877,0.004628188079133879,0.024544884720879217,0.012962750423378525,171
2,14,16,14,10,23,mse,810 542 388 291,0.00321511419549507,0.0030032824446230427,0.0045670911423047475,0.024544884720879217,0.012962750423378525,182
2,14,16,14,11,23,mse,1621 1084 776 583,0.0032316193675200815,0.0030069506489854656,0.0045269936405056025,0.023942751933669883,0.012400143560253762,193
2,14,16,14,11,23,mred,1619 1084 776 583,0.003197613616392011,0.002979429863622867,0.0045984471257104744,0.02514701750808855,0.013334784439916654,193
2,14,16,16,5,23,mse,25 17 12 9,0.011143887263079558,0.010768438836500738,0.013290675730958379,0.04036562854167348,0.02650295404715616,117
2,14,16,16,6,23,mse,51 34 24 18,0.00846398434021472,0.008759568465424375,0.0095662487978309,0.027778654623408377,0.019993120960353418,126
2,14,16,16,7,23,mse,101 68 49 36,0.007468168150049567,0.007772384455875156,0.008795652394700414,0.030769284827090213,0.0193670901471755,135
2,14,16,16,8,23,mse,203 136 97 73,0.0036018299447833748,0.0033732073870253974,0.00487132636811595,0.02597111296979858,0.01261725636077125,144
2,14,16,16,9,23,mse,406 271 194 146,0.0034610847026587863,0.0032476901068508356,0.004851416007498312,0.02597111296979858,0.013606991346096069,153
2,14,16,16,10,23,mse,812 543 389 292,0.003505742890524522,0.0032846244967008097,0.004751171231877832,0.02597111296979858,0.012985153619807706,162
2,14,16,16,10,23,mred,811 543 388 292,0.003413394438920119,0.0032089854714185593,0.0047930285130445005,0.02717065593412149,0.013793006070349832,162
2,14,16,16,11,23,mse,1624 1086 777 583,0.003377779359847278,0.003155927983500922,0.004692420668902503,0.02597111296979858,0.013032951320354301,171
2,14,16,16,11,23,mred,1622 1085 777 583,0.0033267358685387365,0.0031167286952582746,0.004756960601998996,0.02717065593412149,0.014002648058731661,171
2,14,16,18,5,23,mse,26 17 12 9,0.014668330936951211,0.014327079906177197,0.017401162458347302,0.04304914695916636,0.03154298075865242,107
2,14,16,18,6,23,mse,51 34 24 18,0.010800737615457088,0.011584667238945284,0.0124431774270277,0.04429484014134537,0.028889332044151,114
2,14,16,18,7,23,mse,102 68 49 37,0.006988839132743868,0.007060428468274179,0.008592678200436224,0.04429484014134537,0.0203335545726619,121
2,14,16,18,8,23,mse,204 136 98 73,0.005698667439124727,0.005546285368548756,0.007478354396559533,0.04429484014134537,0.019834867483424178,128
2,14,16,18,8,23,mred,204 137 98 73,0.005718601192828642,0.005514587353262969,0.007490367624853589,0.04429484014134537,0.017897244158041937,128
2,14,16,18,9,23,mse,409 273 195 146,0.005172881368961769,0.005034895944568773,0.00686329647933064,0.04195242553384866,0.017872819646405223,135
2,14,16,18,10,23,mse,817 546 390 293,0.005002718034354071,0.004825307257310512,0.006742881469293287,0.043123632837597015,0.018047972571464163,142
2,14,16,18,11,23,mse,1635 1092 781 586,0.005001903005862203,0.004806793590014876,0.006728593948163866,0.04253802918572284,0.01793251771685259,149
2,14,16,20,5,23,mse,26 17 12 9,0.02887407235598207,0.030011779225026847,0.03300582646367615,0.11985660167349706,0.07514811497750888,97
2,14,16,20,6,23,mse,52 35 25 19,0.019145498855555332,0.01878964245810427,0.023813042880522464,0.11985660167349706,0.060797207137206176,102
2,14,16,20,7,23,mse,105 70 50 37,0.017041384601580004,0.01653119999159731,0.021530830903841777,0.11139368438189608,0.05314804059841645,107
2,14,16,20,8,23,mse,210 139 99 74,0.016796997652405138,0.0164696926119772,0.02132709010998194,0.11139368438189608,0.055095109308453405,112
2,14,16,20,9,23,mse,419 279 199 149,0.016561794012611097,0.016075028243059765,0.021090537011300314,0.11350941370479632,0.05556191171400649,117
2,14,16,20,9,23,mred,420 279 199 149,0.01657999744411849,0.016072114570573802,0.02109345725570746,0.11139368438189608,0.05355479579859405,117
2,14,16,20,10,23,mse,839 558 398 298,0.016563532502899273,0.016068408450874646,0.021076380621821815,0.1124515490433462,0.054521023598273974,122
2,14,16,20,11,23,mse,1678 1115 795 595,0.01654674783517552,0.016089227960874225,0.021058824884264443,0.1124515490433462,0.0546815162797862,127
2,14,16,20,11,23,mred,1679 1116 796 596,0.016568878255676548,0.016068342332341674,0.021081016301003737,0.11192261671262113,0.054118156039190124,127
2,14,18,12,5,23,mse,25 17 12 9,0.008584203087358968,0.008019967967971773,0.011294105056443803,0.02914700557767774,0.024759078111459065,125
2,14,18,12,6,23,mse,50 34 24 18,0.008584203087358968,0.008019967967971773,0.011294105056443803,0.02914700557767774,0.024759078111459065,138
2,14,18,12,7,23,mse,100 67 48 36,0.006913722633361866,0.006476403789752531,0.009111612042749897,0.02914700557767774,0.019782580359422146,151
2,14,18,12,8,23,mse,200 134 96 72,0.006913722633361866,0.006476403789752531,0.009111612042749897,0.02914700557767774,0.019782580359422146,164
2,14,18,12,9,23,mse,401 269 193 145,0.006529359022498318,0.0060833564177728075,0.008606604612656072,0.026719873091621934,0.017671785451320105,177
2,14,18,12,10,23,mse,802 537 385 289,0.006410945802650494,0.005943736227460943,0.008521046209239568,0.026719873091621934,0.01785997706041788,190
2,14,18,12,11,23,mse,1604 1075 770 579,0.006389560273442499,0.0059177709435125035,0.008490689153988066,0.026719873091621934,0.01785997706041788,203
2,14,18,12,11,23,mred,1604 1074 770 579,0.006383335346875262,0.005910507531252909,0.008501075707801549,0.026719873091621934,0.01785997706041788,203
2,14,18,14,5,23,mse,25 17 12 9,0.008578610098826617,0.008025318283745638,0.011260000426117404,0.02914700557767774,0.02467092413924074,115
2,14,18,14,6,23,mse,50 34 24 18,0.008578610098826617,0.008025318283745638,0.011260000426117404,0.02914700557767774,0.02467092413924074,126
2,14,18,14,7,23,mse,100 67 48 36,0.007010991098803284,0.006578324148748332,0.009236769968158776,0.02914700557767774,0.02020986287407756,137
2,14,18,14,8,23,mse,201 134 96 72,0.006972475522528299,0.00656581179773492,0.009146697059875824,0.02429274060556613,0.019420106217601037,148
2,14,18,14,9,23,mse,401 269 193 145,0.006491204001937213,0.006038132434675235,0.008569667958758133,0.026719873091621934,0.01766765386085925,159
2,14,18,14,10,23,mse,802 538 385 289,0.006449099019238447,0.005984064618174982,0.008530228544841452,0.026719873091621934,0.01775278262979386,170
2,14,18,14,10,23,mred,802 537 385 290,0.006426402066755505,0.005962055365744033,0.008543769597335039,0.026719873091621934,0.017860181887550088,170
2,14,18,14,11,23,mse,1605 1075 771 579,0.006387214669737056,0.005919882133269689,0.008487121804012975,0.026113089970107983,0.017776382657265364,181
2,14,18,14,11,23,mred,1605 1074 770 579,0.006387910400140306,0.005915788242519773,0.008511657805405139,0.026113089970107983,0.017838087863627568,181
2,14,18,16,5,23,mse,25 17 12 9,0.00866588718026597,0.00814310000719632,0.011296342548811105,0.03288357000486968,0.023906531707097108,105
2,14,18,16,6,23,mse,50 34 24 18,0.00866588718026597,0.00814310000719632,0.011296342548811105,0.03288357000486968,0.023906531707097108,114
2,14,18,16,7,23,mse,100 67 48 36,0.007547200742901088,0.007120516447596819,0.009944129901998361,0.03288357000486968,0.021744282153782508,123
2,14,18,16,8,23,mse,201 135 96 72,0.0072778438135350535,0.0069308209040366345,0.009313342999983432,0.02804798785489403,0.01906164304065087,132
2,14,18,16,9,23,mse,402 269 193 145,0.006445597211191622,0.005974917952250934,0.008571136605408126,0.02804798785489403,0.018203174149779146,141
2,14,18,16,10,23,mse,804 538 386 290,0.006445597211191622,0.005974917952250934,0.008571136605408126,0.02804798785489403,0.018203174149779146,150
2,14,18,16,10,23,mred,803 538 386 290,0.006448941102174576,0.005973922215174728,0.008581760242864037,0.029256883392387946,0.018128064917249654,150
2,14,18,16,11,23,mse,1607 1077 771 580,0.006448373528037371,0.00597532987039046,0.008558355547882287,0.028652435623640986,0.017947842147754158,159
2,14,18,16,11,23,mred,1607 1076 771 580,0.006440626386177009,0.0059672187498724175,0.008563151584492132,0.028652435623640986,0.017976860279156338,159
2,14,18,18,5,23,mse,25 17 12 9,0.010881074292701298,0.010496481162832612,0.013968932638072223,0.04922879947436944,0.03150684686651993,95
2,14,18,18,6,23,mse,51 34 24 18,0.010465700031157519,0.010149685595226485,0.013280327774749773,0.03557248380287293,0.029042671965299884,102
2,14,18,18,7,23,mse,101 68 48 36,0.009674898173952232,0.009578709909982493,0.011848489890054624,0.03972108746911314,0.025792468393777652,109
2,14,18,18,8,23,mse,202 135 97 73,0.007674285836911921,0.007241124492770826,0.010121229890441383,0.03972108746911314,0.023099045725719018,116
2,14,18,18,9,23,mse,404 271 194 145,0.00760943782216457,0.007202020826224046,0.010022172951666674,0.03972108746911314,0.022845825527220247,123
2,14,18,18,10,23,mse,809 541 387 291,0.0074617260777057786,0.007027406877735315,0.009895506662623663,0.0385326234684561,0.022669329346714836,130
2,14,18,18,10,23,mred,809 541 388 291,0.0074509770352904825,0.007004469482929664,0.009895766005892485,0.0385326234684561,0.022624936264766162,130
2,14,18,18,11,23,mse,1618 1083 775 582,0.00743856850862454,0.00699364147420996,0.009876232499753052,0.0385326234684561,0.02254597792919178,137
2,14,18,20,5,23,mse,26 17 12 9,0.024521315038223124,0.025186081815977042,0.028910450851435707,0.09238049963345792,0.068940687612041,85
2,14,18,20,6,23,mse,52 35 25 18,0.0214641837673089,0.021517078808911003,0.02599234041596213,0.09238049963345792,0.06036150742146156,90
2,14,18,20,6,23,mred,52 35 25 19,0.021616514041920235,0.02127883565042013,0.02638799123051078,0.09238049963345792,0.05542990190364803,90
2,14,18,20,7,23,mse,104 69 49 37,0.01714730982456912,0.016706305626721922,0.022081999155761367,0.09238049963345792,0.05767288366486918,95
2,14,18,20,8,23,mse,208 138 99 74,0.016989317585841206,0.016461271913637464,0.021892947143364126,0.09238049963345792,0.05604223479052672,100
2,14,18,20,9,23,mse,416 277 197 148,0.016950270888314696,0.016424281836181942,0.021846880150052244,0.09238049963345792,0.055097146567929474,105
2,14,18,20,10,23,mse,831 553 395 296,0.01691503657090161,0.016398673683442062,0.021801760893207414,0.09347138845601385,0.05623284711291995,110
2,14,18,20,10,23,mred,832 554 395 296,0.016939592261328015,0.016392905131252848,0.02183154978682718,0.09238049963345792,0.055097146567929474,110
2,14,18,20,11,23,mse,1662 1106 789 591,0.016912598141519932,0.01642170739920548,0.021797553530757883,0.09347138845601385,0.05623284711291995,115
2,14,18,20,11,23,mred,1664 1107 790 592,0.016927746053094272,0.01639133741803657,0.021817170379572395,0.09238049963345792,0.0551014436485643,115
2,14,20,12,5,23,mse,24 16 12 9,0.02749454414076724,0.0263078994698099,0.03431447569923081,0.07259673107522471,0.06321694803517026,113
2,14,20,12,6,23,mse,48 33 23 18,0.026459033679789253,0.025204924607120507,0.03318391854772623,0.06975724867924935,0.06023524684506106,126
2,14,20,12,6,23,mred,48 32 23 18,0.026553059203333257,0.025073109686979074,0.03337684942775451,0.06798112535457063,0.059908206578820025,126
2,14,20,12,7,23,mse,96 65 47 35,0.02346115236437034,0.021748071035061836,0.02994755513440371,0.06798112535457063,0.05391516023560866,139
2,14,20,12,8,23,mse,193 130 94 70,0.023446812432712474,0.02178121553561837,0.029846587666640605,0.06312686038245902,0.055433499400544935,152
2,14,20,12,8,23,mred,192 130 94 70,0.02346115236437034,0.021748071035061836,0.02994755513440371,0.06798112535457063,0.05391516023560866,152
2,14,20,12,9,23,mse,385 260 187 141,0.02332798707782864,0.021627823323354414,0.02967959742201259,0.06555399286851482,0.0548293539967547,165
2,14,20,12,9,23,mred,384 260 187 141,0.023349981801315232,0.021623114778548256,0.029782790478457045,0.06798112535457063,0.05391516023560866,165
2,14,20,12,10,23,mse,771 520 375 282,0.023326559538941458,0.02165215325961102,0.029655130297575223,0.06434042662548692,0.05544367278597955,178
2,14,20,12,10,23,mred,768 520 374 281,0.02334327380581671,0.021596615433654327,0.029815708876221016,0.06798112535457063,0.05391516023560866,178
2,14,20,12,11,23,mse,1542 1041 749 564,0.023318419978594063,0.021644431370882226,0.029652697676038814,0.06434042662548692,0.05544367278597955,191
2,14,20,12,11,23,mred,1537 1039 748 562,0.02334325101176126,0.021595520446900798,0.029791711743930912,0.06737434223305667,0.0536393850130286,191
2,14,20,14,5,23,mse,24 16 12 9,0.0274544918018124,0.02624232534071296,0.03430451955126205,0.07259673107522471,0.06299502592809844,103
2,14,20,14,6,23,mse,48 33 23 18,0.02642795827899023,0.025160509276878545,0.03315907468840406,0.06975724867924935,0.060231715247931625,114
2,14,20,14,6,23,mred,48 32 23 18,0.02658516474057319,0.025088301028969435,0.033442928700492966,0.06798112535457063,0.060180132486933026,114
2,14,20,14,7,23,mse,96 65 47 35,0.02347192781487733,0.021750453472085762,0.029968897944869302,0.06798112535457063,0.0537713262135412,125
2,14,20,14,8,23,mse,193 130 94 71,0.02358565309313133,0.02201554411977167,0.02982668276010932,0.06312686038245902,0.05533964817419136,136
2,14,20,14,8,23,mred,192 130 94 70,0.02347192781487733,0.021750453472085762,0.029968897944869302,0.06798112535457063,0.0537713262135412,136
2,14,20,14,9,23,mse,386 260 187 141,0.02333126169698134,0.02164361940858762,0.029671228850376073,0.06312686038245902,0.05533964817419136,147
2,14,20,14,9,23,mred,384 260 187 141,0.02335771488234587,0.021620280064287317,0.029805262871876907,0.06798112535457063,0.0537713262135412,147
2,14,20,14,10,23,mse,771 521 375 282,0.023312877468085497,0.021645056232974615,0.02964735587059237,0.06434042662548692,0.05545973022387114,158
2,14,20,14,10,23,mred,769 520 374 281,0.02334023308310349,0.02159934652213996,0.029770358379641065,0.06676755911154272,0.0537418470507332,158
2,14,20,14,11,23,mse,1543 1041 750 564,0.023316020983425157,0.02164577854290013,0.02964242657619959,0.06373364350397297,0.05534566755279264,169
2,14,20,14,11,23,mred,1538 1040 749 563,0.023322047185080075,0.021594173543770846,0.029727272220819265,0.06676755911154272,0.0537418470507332,169
2,14,20,16,5,23,mse,24 16 12 9,0.02733282574199569,0.026016546170739955,0.034341625170243174,0.0715682272046749,0.0631312526360341,93
2,14,20,16,6,23,mse,48 33 23 18,0.026338820995651248,0.025019249918912793,0.03313598419319652,0.0715682272046749,0.05961270929672224,102
2,14,20,16,7,23,mse,97 65 47 35,0.023546384118352533,0.02188180137253771,0.03004490714922109,0.06597313903925076,0.057589045046781785,111
2,14,20,16,7,23,mred,96 65 47 35,0.023553073461298316,0.021802305967113148,0.030147352491588376,0.0715682272046749,0.05546054071109008,111
2,14,20,16,8,23,mse,193 130 94 71,0.023531442748691664,0.021912869502931184,0.029799157658304504,0.06673264505469924,0.054618137136714845,120
2,14,20,16,8,23,mred,193 130 94 70,0.023483136944096532,0.021790952496010704,0.0298891122801545,0.06673264505469924,0.054618137136714845,120
2,14,20,16,9,23,mse,386 261 188 141,0.023326058334740454,0.021664300450033144,0.029687667594136383,0.06673264505469924,0.05478282281322778,129
2,14,20,16,9,23,mred,385 260 187 141,0.023376840067214633,0.021632931229314704,0.029805676902829592,0.06915043612968708,0.05411215314546248,129
2,14,20,16,10,23,mse,772 521 375 282,0.023309554036645287,0.021618317364499734,0.029662135908812233,0.06673264505469924,0.05478282281322778,138
2,14,20,16,10,23,mred,770 521 375 282,0.023328335022368155,0.021611987565861836,0.029740360893788648,0.06915043612968708,0.05421202338910889,138
2,14,20,16,11,23,mse,1545 1042 750 565,0.023329654399534036,0.02165734415996063,0.029656499052238626,0.06612819728595229,0.05501872166623269,147
2,14,20,16,11,23,mred,1541 1042 750 563,0.023321412095657863,0.021603771320782943,0.029731202914851037,0.06854598836094011,0.054581105682839685,147
2,14,20,18,5,23,mse,24 16 12 9,0.02747074261807389,0.025754010083948342,0.035338726476164956,0.0861509252066957,0.06741049631078803,83
2,14,20,18,6,23,mse,49 33 24 18,0.02586410729432006,0.024644825898647724,0.03274028643409076,0.07696255284377912,0.06359449606193832,90
2,14,20,18,7,23,mse,97 66 47 35,0.0240756456273282,0.022479766335737693,0.030710454769931055,0.07663166401093212,0.05722732090265386,97
2,14,20,18,7,23,mred,97 65 47 35,0.02412306677450978,0.02243848713036804,0.03071109135061974,0.07663166401093212,0.05703434231246577,97
2,14,20,18,8,23,mse,194 131 94 71,0.023570733518926697,0.021899826021026726,0.030020442730215,0.07663166401093212,0.056193514206048525,104
2,14,20,18,9,23,mse,389 262 188 142,0.023559934888237374,0.021911515857594765,0.030004895514411222,0.07425184871199123,0.05715699963666903,111
2,14,20,18,9,23,mred,388 262 188 141,0.02356815229627287,0.021877438849754897,0.03007912760356657,0.07663166401093212,0.056193514206048525,111
2,14,20,18,10,23,mse,777 524 377 283,0.023501049281398033,0.02183231093596829,0.029973063229474114,0.07544175636146168,0.05689402966598616,118
2,14,20,18,10,23,mred,776 524 377 283,0.02351021463235591,0.021829221598122783,0.02999362990730449,0.07663166401093212,0.056193514206048525,118
2,14,20,18,11,23,mse,1555 1048 754 567,0.02350985663150864,0.02185445800821458,0.02996640049300276,0.07484680253672645,0.05709270365173519,125
2,14,20,18,11,23,mred,1552 1047 753 566,0.02351983366844841,0.021828097051315547,0.03000258699196123,0.07663166401093212,0.05613496197779345,125
2,14,20,20,5,23,mse,25 17 12 9,0.027461623424621273,0.025773485361247524,0.0359210845964446,0.10883512209872809,0.07839101565216637,73
2,14,20,20,6,23,mse,50 33 24 18,0.02749908539578081,0.02578671427930151,0.035869933040107695,0.10883512209872809,0.07820979550726187,78
2,14,20,20,6,23,mred,50 34 24 18,0.027461623424621273,0.025773485361247524,0.0359210845964446,0.10883512209872809,0.07839101565216637,78
2,14,20,20,7,23,mse,100 67 48 36,0.026833800139652295,0.02519654435540205,0.03491807337234774,0.10883512209872809,0.07490198907032983,83
2,14,20,20,8,23,mse,199 134 96 72,0.026818211503590483,0.0251705191700866,0.03482320250479503,0.11329094648823444,0.07456137962013533,88
2,14,20,20,9,23,mse,398 268 192 144,0.026818211503590483,0.0251705191700866,0.03482320250479503,0.11329094648823444,0.07456137962013533,93
2,14,20,20,10,23,mse,797 536 384 288,0.026813054601750354,0.02517013549363381,0.034815539395524384,0.11217699039085785,0.07432940340938995,98
2,14,20,20,11,23,mse,1594 1072 768 576,0.026813054601750354,0.02517013549363381,0.034815539395524384,0.11217699039085785,0.07432940340938995,103
2,14,20,20,11,23,mred,1593 1071 768 576,0.026812274671916686,0.025167031675081927,0.03481898784776458,0.11273396843954615,0.0746158850131097,103
2,16,12,12,5,23,mse,25 17 12 9,0.013119452475552993,0.012703341093185227,0.015726892364174745,0.041310150560825376,0.02839827049567783,149
2,16,12,12,6,23,mse,51 34 24 18,0.008711879109791062,0.009400926498925872,0.010186397453265892,0.030430387284616143,0.022464084118576054,162
2,16,12,12,7,23,mse,102 68 49 37,0.006302208800840422,0.006578180258925061,0.007466032440247294,0.022136353572041884,0.0164328273351429,175
2,16,12,12,8,23,mse,204 136 97 73,0.0037827460921073704,0.003625537623603811,0.005007757410649643,0.022136353572041884,0.012845900937399965,188
2,16,12,12,8,23,mred,203 136 97 73,0.0036730229218304203,0.003548599820411004,0.00523556511178788,0.026929802819237757,0.015526672316381709,188
2,16,12,12,9,23,mse,407 272 195 146,0.0032571523788358057,0.003106689229657497,0.0044970824843736405,0.02453307819563982,0.013082233706329568,201
2,16,12,12,10,23,mse,814 544 390 292,0.0032571523788358057,0.003106689229657497,0.0044970824843736405,0.02453307819563982,0.013082233706329568,214
2,16,12,12,10,23,mred,814 544 389 292,0.0032058786085727075,0.003067847133034399,0.00451540356793067,0.02453307819563982,0.013332465807210082,214
2,16,12,12,11,23,mse,1629 1089 779 585,0.00321327054402601,0.0030330037005632123,0.004399531783440435,0.023933897039740335,0.012500328496195796,227
2,16,12,12,11,23,mred,1627 1088 779 585,0.003157842822744843,0.0029931585516923343,0.00448945481141501,0.0251322593515393,0.013209913678049568,227
2,16,12,14,5,23,mse,25 17 12 9,0.013385549049544537,0.01296388427683392,0.016042798608675714,0.04225467257997727,0.029187335478867812,139
2,16,12,14,6,23,mse,51 34 24 18,0.008792773314238972,0.009519182891576628,0.010320966802329225,0.030746723210461294,0.02274339715985189,150
2,16,12,14,7,23,mse,102 68 49 37,0.006151222854495177,0.006417927783669334,0.007325094921128026,0.023099766031576815,0.016156712131421756,161
2,16,12,14,8,23,mse,204 136 97 73,0.0038297068164858234,0.0037013733848301443,0.00504420785391404,0.023099766031576815,0.013398385699089535,172
2,16,12,14,9,23,mse,407 272 195 146,0.003262649598169164,0.003122214146645949,0.00456786592483973,0.025494129350126873,0.013336289106587462,183
2,16,12,14,10,23,mse,815 545 390 292,0.003359988295455151,0.003192914805251634,0.004497388700052983,0.024296947690851844,0.012225333889672242,194
2,16,12,14,10,23,mred,814 544 390 292,0.003262649598169164,0.003122214146645949,0.00456786592483973,0.025494129350126873,0.013336289106587462,194
2,16,12,14,11,23,mse,1629 1089 779 585,0.0031805632849323017,0.0030121476486299854,0.0044267555691532,0.024895538520489358,0.012792900519653153,205
2,16,12,14,11,23,mred,1628 1089 779 585,0.0031646127239008657,0.0030008832749179055,0.00446587108589912,0.025494129350126873,0.013274894132844576,205
2,16,12,16,5,23,mse,26 17 12 9,0.014431850388754379,0.013938249661997356,0.01728073863295544,0.03327741061722249,0.02689341436626049,129
2,16,12,16,6,23,mse,51 34 24 18,0.00935583096718479,0.01020221668684421,0.011032627660458132,0.03327741061722249,0.02468020309740608,138
2,16,12,16,7,23,mse,102 68 49 37,0.005798496353041162,0.006006761549554939,0.007009067864535786,0.02888024078878642,0.015668616902344966,147
2,16,12,16,8,23,mse,204 136 98 73,0.004193962954072368,0.004091367194464577,0.005419136479615399,0.02888024078878642,0.014143043549712173,156
2,16,12,16,9,23,mse,408 273 195 146,0.003562921712654387,0.003430985310626358,0.0047665866919885174,0.02888024078878642,0.012909059048052427,165
2,16,12,16,10,23,mse,816 545 390 293,0.003369126750480765,0.003192850430695711,0.00464102862301034,0.02888024078878642,0.013395401837938553,174
2,16,12,16,10,23,mred,815 545 390 293,0.0033587245354207646,0.003191469281926154,0.004724448649923316,0.03007033853291781,0.013861857166874074,174
2,16,12,16,11,23,mse,1632 1091 780 585,0.003359547735762226,0.003191979500500452,0.004623539825333601,0.02888024078878642,0.013026072718723442,183
2,16,12,16,11,23,mred,1631 1090 780 585,0.0033289293640279254,0.0031760383200257584,0.004662877572477761,0.029475289660852114,0.013568351688943148,183
2,16,12,18,5,23,mse,26 17 12 9,0.015576021892628546,0.01592348235995012,0.017379156177464175,0.048461535057789676,0.03306188504342468,119
2,16,12,18,6,23,mse,51 34 24 18,0.01396197500995978,0.014871650206911398,0.015723836103985853,0.048461535057789676,0.03393051323332325,126
2,16,12,18,6,23,mred,51 34 25 18,0.013825936962382782,0.014532202727024334,0.015758147811457575,0.04429484014134537,0.03126432168648152,126
2,16,12,18,7,23,mse,103 69 49 37,0.006803782007818361,0.006500753024328259,0.008631834762462508,0.034925181711358555,0.01832009973468642,133
2,16,12,18,8,23,mse,205 137 98 73,0.005869888816004993,0.005915741976314875,0.00752876805884825,0.03961001092635196,0.02188150338938706,140
2,16,12,18,8,23,mred,205 137 98 74,0.005926646883645002,0.005839228937693886,0.00761100244843954,0.03961001092635196,0.02104087532287329,140
2,16,12,18,9,23,mse,411 274 196 147,0.005182645957616212,0.0050022933154012465,0.006936161422455523,0.03726759631885526,0.019500365296466208,147
2,16,12,18,10,23,mse,822 548 392 294,0.005182645957616212,0.0050022933154012465,0.006936161422455523,0.03726759631885526,0.019500365296466208,154
2,16,12,18,11,23,mse,1643 1097 784 588,0.005176337540343497,0.004996718404210354,0.006918745908932332,0.03785319997072943,0.019821896992451345,161
2,16,12,20,5,23,mse,26 18 12 9,0.031957968971765664,0.032743216950639246,0.03647584368452264,0.11985660167349706,0.07745380215100649,109
2,16,12,20,5,23,mred,26 18 13 9,0.03233906363276672,0.03251156758107644,0.03750879142270932,0.11985660167349706,0.07153933662046444,109
2,16,12,20,6,23,mse,53 35 25 19,0.018588237694207338,0.01807131836975234,0.023156911579463358,0.10293076709029508,0.05274220143555289,114
2,16,12,20,7,23,mse,105 70 50 37,0.017377400673830555,0.017039972910932163,0.02207059352468486,0.11139368438189608,0.05899317553276113,119
2,16,12,20,8,23,mse,211 140 100 75,0.017011226521409826,0.01643487536025725,0.02170370450593442,0.10716222573609557,0.05527439159354659,124
2,16,12,20,9,23,mse,421 280 200 149,0.0169579032931612,0.016465426102703032,0.02165466311612238,0.10927795505899582,0.05677341487739558,129
2,16,12,20,9,23,mred,421 280 200 150,0.016982738571033044,0.016431208714234653,0.021697959716506256,0.10927795505899582,0.05677341487739558,129
2,16,12,20,10,23,mse,843 560 399 299,0.016888141131737297,0.016373922957867597,0.021597180683776113,0.1082200903975457,0.05639675339902162,134
2,16,12,20,11,23,mse,1686 1120 798 598,0.016888141131737297,0.016373922957867597,0.021597180683776113,0.1082200903975457,0.05639675339902162,139
2,16,12,20,11,23,mred,1686 1121 799 598,0.016906548736776626,0.016369052661616652,0.02160612155663999,0.1082200903975457,0.05596837611644054,139
2,16,14,12,5,23,mse,25 17 12 9,0.012696779439067992,0.01230682130554342,0.015192187712713842,0.03942110652252158,0.027945508894642892,137
2,16,14,12,6,23,mse,51 34 24 18,0.008635279032352634,0.009261588751754243,0.010012863038970886,0.029797715432925843,0.02199228809730142,150
2,16,14,12,7,23,mse,102 68 49 37,0.006600063225484059,0.006871352684601867,0.007763993371640877,0.020209528652972014,0.016859838100223276,163
2,16,14,12,8,23,mse,203 136 97 73,0.0034979160320693994,0.0033706798062193696,0.004957218527411213,0.025012423120359405,0.014549275904614321,176
2,16,14,12,9,23,mse,407 272 195 146,0.0033266348731402595,0.003155607520932473,0.004485159090983654,0.02261097588666571,0.011954086850685067,189
2,16,14,12,9,23,mred,406 272 195 146,0.003321749719335813,0.0031552476592086767,0.004736171497578196,0.025012423120359405,0.013733830366563764,189
2,16,14,12,10,23,mse,814 544 389 292,0.003209207120716456,0.003045165849102767,0.004442941010989001,0.02261097588666571,0.012473414045007972,202
2,16,14,12,10,23,mred,813 544 389 292,0.0031639971973863174,0.0030128796645857814,0.004494094492210543,0.023811699503512557,0.013059690329215511,202
2,16,14,12,11,23,mse,1628 1088 779 585,0.0032493630518331982,0.003067315262244627,0.004420907506305007,0.02261097588666571,0.01192817048882382,215
2,16,14,12,11,23,mred,1626 1088 778 584,0.0031639971973863174,0.0030128796645857814,0.004494094492210543,0.023811699503512557,0.013059690329215511,215
2,16,14,14,5,23,mse,25 17 12 9,0.012956454103703033,0.012561215315334748,0.015511438173055227,0.04036562854167348,0.02838958921842951,127
2,16,14,14,6,23,mse,51 34 24 18,0.008687918998890924,0.009354934608659538,0.0101233909530815,0.030746723210461294,0.022203774382376796,138
2,16,14,14,7,23,mse,102 68 49 37,0.006421289519023471,0.006685796989491344,0.007595903652524384,0.02117294111250695,0.01662827070035448,149
2,16,14,14,8,23,mse,204 136 97 73,0.003790722469796832,0.0036168303267204503,0.005039524420092599,0.02117294111250695,0.012865105311150569,160
2,16,14,14,8,23,mred,203 136 97 73,0.0036142731197497677,0.003493542757910903,0.005132955883648207,0.02597111296979858,0.01474179881907744,160
2,16,14,14,9,23,mse,407 272 195 146,0.003295183630410793,0.003136077137297245,0.0045073223634121895,0.023572027041152764,0.01257204989198448,171
2,16,14,14,10,23,mse,814 544 389 292,0.0032208628980018817,0.0030748458263626663,0.004499704283450478,0.023572027041152764,0.013012134867264453,182
2,16,14,14,10,23,mred,813 544 389 292,0.003206056816970579,0.003066063875798947,0.00460266543938238,0.02477157000547567,0.013411629680399413,182
2,16,14,14,11,23,mse,1628 1089 779 585,0.0032407699904193525,0.0030602372650946974,0.004435742635706519,0.023572027041152764,0.0122423090510613,193
2,16,14,14,11,23,mred,1627 1088 779 585,0.003193415440262965,0.0030252454716535844,0.004477055730394539,0.02417179852331422,0.012837126263776429,193
2,16,14,16,5,23,mse,25 17 12 9,0.014102045259890733,0.013684238259431703,0.016832567931911853,0.042225983803421366,0.030120678456575133,117
2,16,14,16,6,23,mse,51 34 24 18,0.009122919384861549,0.009930289514215226,0.010739517158311316,0.03327741061722249,0.024167505059625376,126
2,16,14,16,7,23,mse,102 68 49 37,0.005945634027945691,0.006166567360967134,0.007151827644394282,0.02371953640932431,0.016053415749414317,135
2,16,14,16,8,23,mse,204 136 97 73,0.0041165181706750075,0.004055452383146569,0.005353967346618537,0.02371953640932431,0.015022326094368542,144
2,16,14,16,9,23,mse,408 273 195 146,0.003636773245226919,0.003467040920246014,0.004806406457486096,0.02307050347948979,0.012428044018443005,153
2,16,14,16,9,23,mred,407 272 195 146,0.0035159487712098114,0.0034009519021743033,0.0049763193504221296,0.025464938519981238,0.014760523055850162,153
2,16,14,16,10,23,mse,816 545 390 293,0.0034658810102216877,0.003274513702308613,0.004654938476593367,0.02307050347948979,0.012636010326362601,162
2,16,14,16,10,23,mred,815 545 390 293,0.003413982128979319,0.0032425674157049804,0.004659352600053012,0.024267720999735513,0.013470267364239513,162
2,16,14,16,11,23,mse,1631 1090 780 585,0.0033652215290215165,0.003193361230674338,0.004611141791366033,0.02366911223961265,0.013084580719341902,171
2,16,14,16,11,23,mred,1630 1090 780 585,0.0033483337236851884,0.003184051201893273,0.004632223940049439,0.024267720999735513,0.013470267364239513,171
2,16,14,18,5,23,mse,26 17 12 9,0.01538986433417108,0.01568313914797373,0.017290077259774245,0.048461535057789676,0.032611364274681885,107
2,16,14,18,6,23,mse,51 34 24 18,0.013488345415180528,0.0144296766365428,0.015265987472782575,0.048461535057789676,0.03321716332423917,114
2,16,14,18,6,23,mred,51 34 25 18,0.01355091004399513,0.014279878953552448,0.015581753185498369,0.04429484014134537,0.030782608818164064,114
2,16,14,18,7,23,mse,103 68 49 37,0.0069930028603321336,0.006767045234490003,0.008877637785588945,0.042139922514808754,0.021261300849777204,121
2,16,14,18,7,23,mred,103 69 49 37,0.007093967410724613,0.00675273185777501,0.008969040675525624,0.034925181711358555,0.018787133684541255,121
2,16,14,18,8,23,mse,205 137 98 73,0.005772308108101724,0.005793039420252702,0.007390136443277486,0.03961001092635196,0.02077758395838498,128
2,16,14,18,9,23,mse,411 274 196 147,0.005210622943672834,0.0050055022255322285,0.006948404346155179,0.03726759631885526,0.018896427428696357,135
2,16,14,18,10,23,mse,821 548 392 294,0.005176972937492315,0.00499266755872012,0.006899389895715775,0.03843880362260361,0.019297839892144016,142
2,16,14,18,11,23,mse,1642 1096 784 588,0.005176972937492315,0.00499266755872012,0.006899389895715775,0.03843880362260361,0.019297839892144016,149
2,16,14,20,5,23,mse,26 17 12 9,0.031766674344633206,0.03300134074060114,0.03603410852967894,0.11985660167349706,0.07909270353618415,97
2,16,14,20,5,23,mred,26 18 13 9,0.0323824398796412,0.0325235620567354,0.03756590844450765,0.11985660167349706,0.07140221394032238,97
2,16,14,20,6,23,mse,53 35 25 19,0.018656671324221552,0.018130742956606043,0.02320918533820225,0.10293076709029508,0.05201942399481216,102
2,16,14,20,7,23,mse,105 70 50 37,0.017292293349784296,0.01693895755824653,0.021921885184755453,0.11139368438189608,0.057745059484974944,107
2,16,14,20,8,23,mse,211 140 100 75,0.017010996211523723,0.01642196029221576,0.021655257704982094,0.10716222573609557,0.054390885677072995,112
2,16,14,20,9,23,mse,421 280 200 149,0.016915234476195026,0.016408460892339473,0.021554413653915812,0.10927795505899582,0.05570348517702144,117
2,16,14,20,10,23,mse,843 560 399 299,0.016860164859708253,0.016332846969720705,0.021515107144800313,0.1082200903975457,0.05563243687394955,122
2,16,14,20,10,23,mred,842 560 399 299,0.016847864568229946,0.016332353437241206,0.02151513237686504,0.10927795505899582,0.05614993189390119,122
2,16,14,20,11,23,mse,1685 1119 798 597,0.016846942275540358,0.01635005376106445,0.0215008548888721,0.10874902272827076,0.05619255998375148,127
2,16,14,20,11,23,mred,1685 1120 799 598,0.016866548558319826,0.016330826772120693,0.02151876882383302,0.10874902272827076,0.055594129775741956,127
2,16,16,12,5,23,mse,25 17 12 9,0.011270314949703271,0.010950243856985179,0.013376824839109215,0.03942110652252158,0.02594281031539831,125
2,16,16,12,6,23,mse,51 34 24 18,0.00869729923118313,0.0090238664817084,0.009859225477027935,0.02714238410941846,0.02057779191414983,138
2,16,16,12,7,23,mse,101 68 49 36,0.007438646909814536,0.0077679170204274514,0.008803245756717513,0.029815317587746797,0.020032714622448867,151
2,16,16,12,8,23,mse,203 136 97 73,0.0036614129667589803,0.0034532493187507743,0.004937291962966603,0.025012423120359405,0.012692116790115662,164
2,16,16,12,9,23,mse,406 272 194 146,0.0036614129667589803,0.0034532493187507743,0.004937291962966603,0.025012423120359405,0.012692116790115662,177
2,16,16,12,9,23,mred,406 271 194 146,0.003576854472337486,0.0033795793253126325,0.004951683184862475,0.025012423120359405,0.013602554790751174,177
2,16,16,12,10,23,mse,812 543 389 292,0.003531105483304926,0.0033233217159205674,0.004786147170565594,0.025012423120359405,0.01214524908103902,190
2,16,16,12,10,23,mred,811 543 389 292,0.003490859789921823,0.00329326103939583,0.004804983769770326,0.026213146737206254,0.012704394489753813,190
2,16,16,12,11,23,mse,1623 1086 777 584,0.003457469001048638,0.0032605839982804458,0.004764604714718348,0.02561278492878283,0.01253794847805187,203
2,16,16,12,11,23,mred,1622 1086 777 584,0.0034482208927008873,0.003253687842019898,0.004792471428295492,0.026213146737206254,0.012704394489753813,203
2,16,16,14,5,23,mse,25 17 12 9,0.011414740006071058,0.0110903559535348,0.013565473281323277,0.04036562854167348,0.026531028514764476,115
2,16,16,14,6,23,mse,51 34 24 18,0.008692701340035918,0.009049348164173448,0.00987278523265359,0.027778654623408377,0.020938755758887578,126
2,16,16,14,7,23,mse,101 68 49 36,0.007469676432963517,0.007791260239154705,0.00886653721417079,0.030769284827090213,0.020135616093142315,137
2,16,16,14,8,23,mse,203 136 97 73,0.0036362779817569993,0.003435769971058187,0.004929782336630435,0.02597111296979858,0.012952897785592525,148
2,16,16,14,9,23,mse,406 272 194 146,0.0036362779817569993,0.003435769971058187,0.004929782336630435,0.02597111296979858,0.012952897785592525,159
2,16,16,14,9,23,mred,406 271 194 146,0.003593410347710356,0.0034028634746065536,0.004994963426529291,0.02597111296979858,0.013755540570028183,159
2,16,16,14,10,23,mse,812 543 389 292,0.003501766803977846,0.003298173480392894,0.004784116324925504,0.02597111296979858,0.012530746172833993,170
2,16,16,14,10,23,mred,811 543 389 292,0.003481604284714164,0.003283811565701709,0.004834459122043722,0.02717065593412149,0.013330467504223282,170
2,16,16,14,11,23,mse,1624 1086 777 584,0.003471466312036816,0.003272355929370226,0.004781930466002872,0.02597111296979858,0.012534857856432026,181
2,16,16,14,11,23,mred,1623 1086 777 584,0.003450276803768549,0.003256770727996048,0.004788848859974836,0.026570884451960035,0.01273566791421814,181
2,16,16,16,5,23,mse,25 17 12 9,0.012386135250744515,0.012052138223204762,0.014780975702091297,0.04036562854167348,0.027975527992616336,105
2,16,16,16,6,23,mse,51 34 24 18,0.00880579253095232,0.009347567279271723,0.01013714041816357,0.028216035803700096,0.02231567130632066,114
2,16,16,16,7,23,mse,102 68 49 37,0.007124678947347117,0.007331365572972506,0.008409857921994213,0.021741903038207364,0.018372455691859888,123
2,16,16,16,8,23,mse,203 136 97 73,0.0037803107706756867,0.003632736747064369,0.005219111040805611,0.02597111296979858,0.014762102313823857,132
2,16,16,16,9,23,mse,407 272 195 146,0.0037847850851157674,0.003571933691285701,0.005067893222814154,0.023572027041152764,0.012426686379597493,141
2,16,16,16,9,23,mred,406 272 195 146,0.0037223693393179597,0.003534074419754673,0.005110919937602772,0.02597111296979858,0.013674923944804468,141
2,16,16,16,10,23,mse,813 544 389 292,0.00357085056845531,0.0033891283930176366,0.004930559545048206,0.02477157000547567,0.013338118221769116,150
2,16,16,16,11,23,mse,1626 1088 778 584,0.00357085056845531,0.0033891283930176366,0.004930559545048206,0.02477157000547567,0.013338118221769116,159
2,16,16,16,11,23,mred,1625 1087 778 584,0.003556062534427282,0.0033829683058459567,0.004973055493494916,0.025371341487637127,0.013881860382361501,159
2,16,16,18,5,23,mse,26 17 12 9,0.015107859096695651,0.01505457338724479,0.01747150111670163,0.04304914695916636,0.031686335896515226,95
2,16,16,18,6,23,mse,51 34 24 18,0.011907020747632377,0.012818320173036364,0.01366553811338392,0.04429484014134537,0.031264694372912384,102
2,16,16,18,7,23,mse,102 68 49 37,0.006873238273637049,0.00682845454778655,0.00866514484604684,0.04429484014134537,0.021780993722170763,109
2,16,16,18,8,23,mse,205 137 98 73,0.005731530476635502,0.005597826887968054,0.007384989303329871,0.03961001092635196,0.018175150436149798,116
2,16,16,18,9,23,mse,409 273 196 147,0.005374163285508696,0.0052026758824659375,0.007074820567345993,0.04195242553384866,0.019044093339019484,123
2,16,16,18,10,23,mse,819 547 391 293,0.005182222381560145,0.005027993599043413,0.006882537377039761,0.040781218230100315,0.01869402840295909,130
2,16,16,18,11,23,mse,1637 1093 782 587,0.0051650852515478934,0.005008381371911437,0.006868076164342999,0.04136682188197449,0.018846332848007553,137
2,16,16,18,11,23,mred,1637 1094 782 587,0.005166138181325969,0.0050020515206814055,0.006868293231798062,0.04136682188197449,0.01872818826751987,137
2,16,16,20,5,23,mse,26 17 12 9,0.03006551874942056,0.03127290288565841,0.03426569945011841,0.11985660167349706,0.07733858951837046,85
2,16,16,20,6,23,mse,53 35 25 19,0.0190967563517746,0.018533974513801933,0.023733313294533043,0.10293076709029508,0.050363554298993994,90
2,16,16,20,7,23,mse,105 70 50 37,0.01711849847501905,0.01668673290568843,0.0216216605948914,0.11139368438189608,0.055585095641064036,95
2,16,16,20,8,23,mse,210 140 100 75,0.017036602853644126,0.01646065832064142,0.02160251666580048,0.11139368438189608,0.05509646952823471,100
2,16,16,20,9,23,mse,420 279 199 149,0.01668584075633928,0.0162310384651084,0.02126720268729945,0.11139368438189608,0.0563971695686465,105
2,16,16,20,10,23,mse,840 558 398 298,0.01668584075633928,0.0162310384651084,0.02126720268729945,0.11139368438189608,0.0563971695686465,110
2,16,16,20,10,23,mred,840 559 398 298,0.01669935255313096,0.01622595803337124,0.021274816888930896,0.11139368438189608,0.0560514614140088,110
2,16,16,20,11,23,mse,1681 1117 796 596,0.01669398548479476,0.016224101666695037,0.021261334904737767,0.11086475205117101,0.05583550121719927,115
2,16,16,20,11,23,mred,1681 1117 797 597,0.016709551675496037,0.01621087408194256,0.021272459441268786,0.11086475205117101,0.05583550121719927,115
2,16,18,12,5,23,mse,25 17 12 9,0.008784854173715871,0.00832392672078889,0.011324249655399861,0.031617710803305374,0.02378755958293881,113
2,16,18,12,6,23,mse,50 34 24 18,0.008784854173715871,0.00832392672078889,0.011324249655399861,0.031617710803305374,0.02378755958293881,126
2,16,18,12,7,23,mse,100 67 48 36,0.007713037814116346,0.007341072237375571,0.010031961317531719,0.031617710803305374,0.022080705871678794,139
2,16,18,12,8,23,mse,201 135 96 72,0.007461380860265768,0.0071678563259031155,0.009440549123331931,0.026775799357321904,0.019506721451461307,152
2,16,18,12,9,23,mse,402 269 193 145,0.00648056371017461,0.006025809163327413,0.008594412839848584,0.026775799357321904,0.018496855745174297,165
2,16,18,12,10,23,mse,803 538 386 290,0.006473482108329926,0.006016762011325439,0.008587659963970401,0.027986277218817773,0.018466648381211818,178
2,16,18,12,11,23,mse,1607 1077 772 580,0.006477464516096346,0.006023022744267569,0.008571724254627613,0.02738103828806984,0.018390057327772654,191
2,16,18,12,11,23,mred,1606 1076 772 580,0.006473482108329926,0.006016762011325439,0.008587659963970401,0.027986277218817773,0.018466648381211818,191
2,16,18,14,5,23,mse,25 17 12 9,0.008814398298328422,0.008359915083968984,0.011344354862506335,0.031617710803305374,0.023972830967877563,103
2,16,18,14,6,23,mse,50 34 24 18,0.008814398298328422,0.008359915083968984,0.011344354862506335,0.031617710803305374,0.023972830967877563,114
2,16,18,14,7,23,mse,100 67 48 36,0.007816349740793966,0.00744575675988568,0.010159589681296379,0.031617710803305374,0.022254159224842956,125
2,16,18,14,8,23,mse,201 135 96 72,0.007488964893362946,0.007207357334117942,0.009453518581545443,0.026775799357321904,0.01959934512607489,136
2,16,18,14,9,23,mse,402 269 193 145,0.006479532575492497,0.0060263568468566136,0.008591310842078946,0.026775799357321904,0.018478556065266327,147
2,16,18,14,10,23,mse,804 539 386 290,0.0064987079128184695,0.006044960045835092,0.008589494817253565,0.026775799357321904,0.018378818107585872,158
2,16,18,14,10,23,mred,803 538 386 290,0.006481370279810967,0.006024232179656694,0.008603231101407796,0.027986277218817773,0.01860998813866853,158
2,16,18,14,11,23,mse,1607 1077 772 580,0.006476695727837877,0.00602333015362814,0.008570298746713332,0.02738103828806984,0.018528675305527036,169
2,16,18,14,11,23,mred,1607 1076 772 580,0.0064767876832687666,0.006022718580741986,0.008586827573268091,0.02738103828806984,0.01864685456328091,169
2,16,18,16,5,23,mse,25 17 12 9,0.00909399593589395,0.00868409747199906,0.011625792968343646,0.03288357000486968,0.02424628029656353,93
2,16,18,16,6,23,mse,50 34 24 18,0.00909399593589395,0.00868409747199906,0.011625792968343646,0.03288357000486968,0.02424628029656353,102
2,16,18,16,7,23,mse,101 67 48 36,0.008308677218934538,0.008031632421429876,0.01056002782765124,0.02784528825131551,0.022156061526879375,111
2,16,18,16,8,23,mse,201 135 97 73,0.0072196577676384415,0.0068584947560989895,0.009264529332592824,0.02804798785489403,0.01905982110380885,120
2,16,18,16,9,23,mse,402 270 193 145,0.006595131686832708,0.006147558681876641,0.008742406442864307,0.02804798785489403,0.018966426344036672,129
2,16,18,16,10,23,mse,805 539 386 290,0.00654142183913236,0.006104089180812077,0.008675168010279465,0.02683909231740012,0.018682545357839676,138
2,16,18,16,11,23,mse,1610 1079 773 581,0.006533874461501711,0.006084827020190298,0.008658721322063714,0.02683909231740012,0.018551755494422777,147
2,16,18,16,11,23,mred,1610 1078 773 581,0.0065261987008950004,0.0060779329497250975,0.008660644769630814,0.02683909231740012,0.01861902458356625,147
2,16,18,18,5,23,mse,25 17 12 9,0.011965964962272178,0.011645412543418405,0.0151178575439226,0.04922879947436944,0.032706565043454844,83
2,16,18,18,6,23,mse,51 34 24 18,0.010649638040368855,0.010597399019217323,0.013160356636717632,0.03799756031468305,0.029417281504723596,90
2,16,18,18,7,23,mse,101 68 49 36,0.010049465246061536,0.009969986722689759,0.01225470899509699,0.03972108746911314,0.026791188144253283,97
2,16,18,18,8,23,mse,203 136 97 73,0.007662142726752752,0.007200699146319434,0.010221995804804014,0.03496723146648499,0.023369346745260332,104
2,16,18,18,9,23,mse,405 271 194 146,0.007524276876174609,0.007108433686581722,0.009957221253614314,0.037344159467799065,0.023075564483062222,111
2,16,18,18,9,23,mred,406 271 194 146,0.0075333768668404116,0.007106106847944125,0.010034856260825792,0.03496723146648499,0.023629656858792807,111
2,16,18,18,10,23,mse,810 542 388 291,0.007512832999515621,0.0071227602231355505,0.009942113162058414,0.037344159467799065,0.023197383597011283,118
2,16,18,18,10,23,mred,811 542 388 292,0.00751392882843779,0.007096604292124949,0.009960740257765655,0.03615569546714203,0.023488189080752897,118
2,16,18,18,11,23,mse,1621 1084 776 583,0.007474873990755095,0.007065734512661461,0.009917595747528358,0.03674992746747054,0.02342475094497789,125
2,16,18,18,11,23,mred,1622 1085 777 583,0.007473242006991285,0.007045537428714253,0.009937011121334481,0.03615569546714203,0.02319293346692967,125
2,16,18,20,5,23,mse,26 17 12 9,0.02540351069657708,0.026189353343283844,0.02981746328820662,0.09334641992096482,0.07095384784181674,73
2,16,18,20,6,23,mse,52 35 25 18,0.021402106032160646,0.021558247764325692,0.025915164557235006,0.09238049963345792,0.062164008189409294,78
2,16,18,20,6,23,mred,52 35 25 19,0.021162481194738434,0.020814738762595777,0.025955569114290155,0.09238049963345792,0.05783723033384071,78
2,16,18,20,7,23,mse,104 69 49 37,0.01742869004485295,0.017055321609218597,0.022443369476579843,0.09238049963345792,0.058915979774331356,83
2,16,18,20,8,23,mse,208 138 99 74,0.017087830755954138,0.01661315004810031,0.022059967699731734,0.09238049963345792,0.058781090666227206,88
2,16,18,20,8,23,mred,208 139 99 74,0.01713116372044243,0.016578316862510642,0.022090615929633114,0.09238049963345792,0.058059699668144164,88
2,16,18,20,9,23,mse,416 277 198 148,0.017052453002963056,0.01654544514026722,0.02198331397556894,0.09238049963345792,0.05808967826663305,93
2,16,18,20,9,23,mred,417 277 198 148,0.017061563887467213,0.016534424393318647,0.021994581994744397,0.09019872198834604,0.05643046198289171,93
2,16,18,20,10,23,mse,833 554 396 296,0.01704948589446796,0.016534421777535523,0.021973748664594454,0.09128961081090198,0.05719276035579738,98
2,16,18,20,11,23,mse,1666 1108 791 592,0.017036570496355274,0.016532294264817483,0.021966402997530502,0.09128961081090198,0.05719276035579738,103
2,16,18,20,11,23,mred,1667 1109 791 593,0.017055407979991628,0.016520572718614235,0.02199505250629023,0.090744166399624,0.05639449500980095,103
2,16,20,12,5,23,mse,24 16 12 9,0.02723247703618701,0.025889365593377248,0.034226192250573204,0.07259673107522471,0.06292141305374276,101
2,16,20,12,6,23,mse,48 33 23 18,0.02630774132862906,0.024975947824978147,0.03309601497599006,0.07035300237117316,0.05972836204866211,114
2,16,20,12,7,23,mse,97 65 47 35,0.023575254931042233,0.021913935411980955,0.030065090739487047,0.06660166093726919,0.057671730632629536,127
2,16,20,12,7,23,mred,96 65 47 35,0.02356508055417623,0.021818392005503968,0.03013296847288525,0.07035300237117316,0.054950839305166234,127
2,16,20,12,8,23,mse,193 130 94 71,0.023500464945791513,0.021874051773216226,0.029766332478812052,0.06551109092518968,0.055001582520376194,140
2,16,20,12,8,23,mred,193 130 94 70,0.023501354182230164,0.021813167560290687,0.02989191690832561,0.06551109092518968,0.055001582520376194,140
2,16,20,12,9,23,mse,386 261 188 141,0.023315217026185213,0.021647804629678385,0.029666756648912596,0.06551109092518968,0.0550589979524707,153
2,16,20,12,9,23,mred,385 260 187 141,0.023377197804372474,0.02162919572490446,0.02979899437645586,0.06793204664818142,0.05404711810757876,153
2,16,20,12,10,23,mse,772 521 375 282,0.02330695886735324,0.021610936712213806,0.02965271688570238,0.06551109092518968,0.0550589979524707,166
2,16,20,12,10,23,mred,770 521 375 282,0.02332015710806142,0.02159904603918645,0.029722241761243735,0.06793204664818142,0.05409777167975769,166
2,16,20,12,11,23,mse,1545 1043 751 565,0.02331230815214325,0.021647223346605845,0.029640424699716887,0.06490585199444175,0.055563224957452514,179
2,16,20,12,11,23,mred,1540 1042 750 563,0.023324789288120238,0.021596415396607144,0.029746862258637794,0.06793204664818142,0.05409777167975769,179
2,16,20,14,5,23,mse,24 16 12 9,0.02721714539306888,0.025856849976622853,0.034235637531254755,0.07259673107522471,0.06309683099024599,91
2,16,20,14,6,23,mse,48 33 23 18,0.02629871872732624,0.02495939299216467,0.033097167986363515,0.07035300237117316,0.05977115262210581,102
2,16,20,14,7,23,mse,97 65 47 35,0.023580841912993672,0.02191847175183728,0.03005511968162173,0.06597313903925076,0.0570400503321148,113
2,16,20,14,7,23,mred,96 65 47 35,0.02358641739304677,0.02183526303074068,0.030165671918531756,0.07035300237117316,0.05516868965728942,113
2,16,20,14,8,23,mse,193 130 94 71,0.023498326459480398,0.021864676238903234,0.02976522087929033,0.06551109092518968,0.05465140271743194,124
2,16,20,14,8,23,mred,193 130 94 70,0.023514371116912913,0.021823509052300356,0.029903504955079787,0.06551109092518968,0.05465140271743194,124
2,16,20,14,9,23,mse,386 261 188 141,0.02331451249997312,0.021642169045912207,0.02966322998912012,0.06551109092518968,0.05474981608249843,135
2,16,20,14,9,23,mred,385 261 188 141,0.02333257010374233,0.02163417283273532,0.02974351096818304,0.06793204664818142,0.05434055901898265,135
2,16,20,14,10,23,mse,773 521 375 282,0.023316724783010872,0.02162613198319815,0.029656482486051277,0.06430061306369382,0.05560014375659022,146
2,16,20,14,10,23,mred,770 521 375 282,0.023331566863453102,0.021604562922547258,0.029737722950731075,0.06793204664818142,0.05427733235392073,146
2,16,20,14,11,23,mse,1545 1043 751 565,0.02331365005600692,0.021643256141275158,0.029636703919351116,0.06490585199444175,0.055072324577911565,157
2,16,20,14,11,23,mred,1541 1042 750 563,0.02332968558769194,0.021603060779838017,0.02973409787005954,0.06732680771743349,0.05429769497299652,157
2,16,20,16,5,23,mse,24 16 12 9,0.02715213998858632,0.02569014512732499,0.034361680198351736,0.0715682272046749,0.06358744242783267,81
2,16,20,16,6,23,mse,48 33 23 18,0.026256118281256735,0.024866427599698274,0.033161134200573546,0.0715682272046749,0.05978805361941618,90
2,16,20,16,7,23,mse,97 65 47 35,0.023621422022702752,0.02195361582799473,0.03007057897578904,0.06597313903925076,0.05677034388566152,99
2,16,20,16,7,23,mred,96 65 47 35,0.023716945065968845,0.021942929069852506,0.03043707120052011,0.0715682272046749,0.05679247807178914,99
2,16,20,16,8,23,mse,193 131 94 71,0.023450385398754003,0.02182274531006791,0.029819964358720124,0.06673264505469924,0.05465619139136581,108
2,16,20,16,8,23,mred,193 130 94 71,0.02348875805828486,0.02180725614859673,0.029832381363171716,0.06673264505469924,0.05446327664986413,108
2,16,20,16,9,23,mse,387 261 188 141,0.0233124056495288,0.021629039271895578,0.029675888636185917,0.06431485397971141,0.05522624297793955,117
2,16,20,16,9,23,mred,386 261 188 141,0.02331934430320124,0.02161315339095477,0.02971712444593551,0.06673264505469924,0.054294509858572385,117
2,16,20,16,10,23,mse,774 522 376 283,0.02332689547307264,0.021663003557945947,0.029656697320277668,0.06431485397971141,0.05522624297793955,126
2,16,20,16,10,23,mred,772 522 375 282,0.023327374800669844,0.021608469371829614,0.029737828684380074,0.06673264505469924,0.054294509858572385,126
2,16,20,16,11,23,mse,1548 1044 752 566,0.02332689547307264,0.021663003557945947,0.029656697320277668,0.06431485397971141,0.05522624297793955,135
2,16,20,16,11,23,mred,1544 1044 751 564,0.02331782513382826,0.021604713709852216,0.02972094665623276,0.06673264505469924,0.054294509858572385,135
2,16,20,18,5,23,mse,24 16 12 9,0.027539276349193356,0.02570447165402131,0.03572028562433916,0.0861509252066957,0.06915905610739544,71
2,16,20,18,6,23,mse,49 33 24 18,0.025436815386370923,0.02415517037911574,0.032179512550647195,0.07696255284377912,0.06258853335532343,78
2,16,20,18,7,23,mse,97 66 47 35,0.024173332847510644,0.022580093282517547,0.030885042901524034,0.07663166401093212,0.057687137626268065,85
2,16,20,18,8,23,mse,195 131 94 71,0.023572399997064203,0.021902039540250627,0.03012648714011091,0.07187203341305033,0.05765153875452446,92
2,16,20,18,8,23,mred,194 131 94 71,0.023595496193415774,0.02188220132976372,0.03020417465375345,0.07663166401093212,0.057150415814939265,92
2,16,20,18,9,23,mse,389 262 189 142,0.023536768150277727,0.02186674068139936,0.030060941031247315,0.07425184871199123,0.05751969972171484,99
2,16,20,18,10,23,mse,779 525 378 284,0.0235241619559222,0.02187197099036061,0.030043392902718465,0.07306194106252077,0.05766800713341842,106
2,16,20,18,10,23,mred,777 525 377 283,0.023518619659545575,0.02182345701650585,0.03010676122834852,0.07544175636146168,0.056978321819269956,106
2,16,20,18,11,23,mse,1558 1050 755 568,0.023512108957581525,0.021854344837249552,0.03003762489024312,0.07306194106252077,0.05766800713341842,113
2,16,20,18,11,23,mred,1555 1049 754 567,0.023506110558780588,0.021816268310285596,0.030067949444115453,0.07484680253672645,0.05749104953078709,113
2,16,20,20,5,23,mse,25 17 12 9,0.027200094551020113,0.02555857104396389,0.03556236887118204,0.10883512209872809,0.07827179720805741,61
2,16,20,20,6,23,mse,50 34 24 18,0.027200094551020113,0.02555857104396389,0.03556236887118204,0.10883512209872809,0.07827179720805741,66
2,16,20,20,7,23,mse,100 67 48 36,0.026689802790696535,0.02509107830573952,0.03472881932756375,0.10883512209872809,0.07490198907032983,71
2,16,20,20,8,23,mse,200 134 96 72,0.026689802790696535,0.02509107830573952,0.03472881932756375,0.10883512209872809,0.07490198907032983,76
2,16,20,20,9,23,mse,399 268 192 144,0.026694609845889117,0.025086937680159647,0.03470242624190346,0.11106303429348126,0.07488627150248113,81
2,16,20,20,10,23,mse,798 537 385 288,0.026707428698553685,0.025103405789762685,0.034698325146801226,0.11106303429348126,0.07488595371527955,86
2,16,20,20,10,23,mred,799 536 384 288,0.0266876090881848,0.02508578508086128,0.03470515990741067,0.10994907819610468,0.07515925194120673,86
2,16,20,20,11,23,mse,1597 1073 769 576,0.026689894187885692,0.02508669613663062,0.034689892661073196,0.11050605624479297,0.07519729101829796,91
2,16,20,20,11,23,mred,1597 1072 768 576,0.026689573947264886,0.025085194548212883,0.03470117615897794,0.11050605624479297,0.07519729101829796,91
2,18,12,12,5,23,mse,26 17 12 9,0.01701676021018121,0.01742701970780539,0.019022828276652682,0.049992352920708846,0.0385933624984823,137
2,18,12,12,6,23,mse,51 34 25 18,0.014021753170007407,0.014842653234495937,0.016142109932047493,0.04857308671632429,0.03697159683684309,150
2,18,12,12,7,23,mse,103 69 49 37,0.007177782035515354,0.006964551405229573,0.009127164687661803,0.0309997634912291,0.0192159055726827,163
2,18,12,12,8,23,mse,205 137 98 74,0.00642430194329081,0.006425063278840853,0.008012905542042478,0.03570364813447556,0.020811389739021257,176
2,18,12,12,9,23,mse,410 274 196 147,0.006254372743053973,0.006269663515497647,0.007827059274596421,0.03570364813447556,0.021591060400549165,189
2,18,12,12,10,23,mse,821 549 393 295,0.006195386429741097,0.006142161010892952,0.007765746440466417,0.03452767697366394,0.019789237046168903,202
2,18,12,12,10,23,mred,820 549 393 295,0.006184432015455869,0.006138705002903613,0.0077666017626673465,0.03570364813447556,0.020401933946639396,202
2,18,12,12,11,23,mse,1641 1097 785 589,0.006159276998155414,0.0061347020657547225,0.007714477451145186,0.03511566255406975,0.020536746255280496,215
2,18,12,12,11,23,mred,1641 1098 785 589,0.006153908077086949,0.00612343334303292,0.007719014445794407,0.03511566255406975,0.020405139780768248,215
2,18,12,14,5,23,mse,26 17 12 9,0.017080033848239286,0.01754425011484348,0.01905602632853019,0.049992352920708846,0.03888468142500658,127
2,18,12,14,6,23,mse,51 34 25 18,0.014162047353817788,0.014972422222874635,0.01626428796436589,0.0491013637364707,0.03735841013153029,138
2,18,12,14,7,23,mse,103 69 49 37,0.007067896922876729,0.0068784726887406444,0.00898264832248069,0.032374231911808916,0.019220772503194646,149
2,18,12,14,8,23,mse,205 137 98 74,0.006445373590489572,0.006446801408521994,0.00806470139442856,0.03707144437825644,0.02131789272060587,160
2,18,12,14,9,23,mse,410 274 196 147,0.006312668451964698,0.006338394111239733,0.007917297354005166,0.03707144437825644,0.02222003059527757,171
2,18,12,14,9,23,mred,410 275 196 147,0.00631573237864916,0.006313444111170872,0.007952357082378281,0.03707144437825644,0.021724265003470574,171
2,18,12,14,10,23,mse,821 549 393 295,0.006188681210128005,0.006145059065812794,0.00776261862869105,0.03589714126164456,0.020157414406422283,182
2,18,12,14,11,23,mse,1642 1098 785 589,0.0061759819891733046,0.006152803270549413,0.007746350753555572,0.03589714126164456,0.020672350090786353,193
2,18,12,14,11,23,mred,1642 1098 785 590,0.006177071441289411,0.006141768699935397,0.007753068074614073,0.03589714126164456,0.02043388696365625,193
2,18,12,16,5,23,mse,26 17 12 9,0.017405922657706966,0.018072239041237406,0.019311406643135916,0.053328971880234256,0.04051741611084104,117
2,18,12,16,6,23,mse,51 34 25 18,0.014806767749474007,0.015557327380877006,0.016841005813669985,0.0491013637364707,0.03877251819523692,126
2,18,12,16,7,23,mse,103 69 49 37,0.006797937721462537,0.006693451869853802,0.008626687800094502,0.0336066587944058,0.0206288830863893,135
2,18,12,16,8,23,mse,206 137 98 74,0.006686492062961742,0.006661823193256519,0.008441311637226192,0.0336066587944058,0.02179868110507157,144
2,18,12,16,9,23,mse,411 275 197 147,0.0064679560314560135,0.006471822607521953,0.008115545702744044,0.03545111207098352,0.022335920979770746,153
2,18,12,16,9,23,mred,411 275 197 148,0.006463341502183473,0.006407545710290646,0.008123100777472154,0.03545111207098352,0.02078920887393212,153
2,18,12,16,10,23,mse,822 550 393 295,0.006277959601124773,0.006248610589417631,0.007927809172511131,0.03545111207098352,0.0216098730184137,162
2,18,12,16,11,23,mse,1644 1099 786 590,0.0062802353650532414,0.006258815325959356,0.007919086452651622,0.03545111207098352,0.021747467214562784,171
2,18,12,16,11,23,mred,1645 1100 786 590,0.0062793201281854324,0.006246002341175432,0.007929582083772318,0.03486440350168363,0.021309997551150203,171
2,18,12,18,5,23,mse,26 17 12 9,0.019654119945921582,0.02100930995624948,0.021819251341557107,0.06134637354940302,0.04937733577865968,107
2,18,12,18,6,23,mse,52 35 25 19,0.015027141801739223,0.015182939316163737,0.017740917994622754,0.04412785004486306,0.03893418208505875,114
2,18,12,18,7,23,mse,103 69 49 37,0.008290209274032186,0.0083856013901704,0.010596310079904466,0.0533189284098163,0.030639399363329815,121
2,18,12,18,8,23,mse,207 138 99 74,0.0075422064745708905,0.007518797600409391,0.009628168892659742,0.04872338922733968,0.027014824800568653,128
2,18,12,18,9,23,mse,414 276 197 148,0.007510116918820314,0.0075476761449169115,0.009627880529694929,0.04872338922733968,0.02737842292445833,135
2,18,12,18,9,23,mred,414 277 198 148,0.007591927416249632,0.007514216623944975,0.009731741468875326,0.04872338922733968,0.02504881453938812,135
2,18,12,18,10,23,mse,828 553 395 296,0.007445035269637594,0.007426706089315834,0.009553842776200746,0.04872338922733968,0.026541116488773445,142
2,18,12,18,11,23,mse,1655 1105 790 592,0.007438850097569115,0.007440543693416849,0.009533411952031483,0.04929783162514926,0.026698113841041107,149
2,18,12,18,11,23,mred,1656 1106 790 593,0.007457412026023291,0.007419389631691647,0.009563021088190302,0.04872338922733968,0.0260951976737388,149
2,18,12,20,6,23,mse,53 35 25 19,0.019244782920758423,0.0188967765407433,0.024515058449627324,0.11905351446541391,0.06681499139261553,102
2,18,12,20,7,23,mse,106 71 50 38,0.019110838857971022,0.018623910272054466,0.024265573574257286,0.11905351446541391,0.062481856660708324,107
2,18,12,20,8,23,mse,212 141 101 75,0.01842686278677848,0.01797481068450968,0.023682479133357987,0.11905351446541391,0.06364516565474343,112
2,18,12,20,8,23,mred,213 141 101 75,0.01846368814172885,0.017955790814857202,0.023703314621666995,0.11489810651477907,0.06158961061625208,112
2,18,12,20,9,23,mse,425 282 201 151,0.01839638141182573,0.017903207629679785,0.023561834632140618,0.11697581049009649,0.06260921583675721,117
2,18,12,20,9,23,mred,425 283 202 151,0.018458410078460826,0.017856204732626786,0.02364977257372273,0.11697581049009649,0.06137981151476128,117
2,18,12,20,10,23,mse,850 565 402 301,0.01832611331374045,0.017843811834279168,0.02351423858174755,0.11697581049009649,0.06210179080324592,122
2,18,12,20,10,23,mred,850 565 403 301,0.018323150602683143,0.017805694493077586,0.023520470650528754,0.11697581049009649,0.06198821354127089,122
2,18,12,20,11,23,mse,1700 1130 805 602,0.0183193404841383,0.01781899438340912,0.02351014829472888,0.11697581049009649,0.06198821354127089,127
2,18,12,20,11,23,mred,1701 1131 807 603,0.01837023417063292,0.017799369644618902,0.023569026881736045,0.11645638449626713,0.061158114615201216,127
2,18,14,12,5,23,mse,26 17 12 9,0.01693027634850187,0.0172584947396237,0.019011263676543905,0.04912421477564139,0.03797751334083903,125
2,18,14,12,6,23,mse,51 34 25 18,0.013812060660946502,0.014657196019805474,0.015982176374667804,0.04751653267603148,0.036484371066686026,138
2,18,14,12,7,23,mse,102 69 49 37,0.007318423817537082,0.007124390273804691,0.009395577890562863,0.04040753277772202,0.022343596727959887,151
2,18,14,12,8,23,mse,205 137 98 74,0.006443513756682151,0.0064385754468097465,0.00801372049544693,0.03570364813447556,0.020213616722477745,164
2,18,14,12,9,23,mse,410 274 196 147,0.006213238900365535,0.006209644151092475,0.0077676283210615284,0.03570364813447556,0.02077115970217236,177
2,18,14,12,10,23,mse,820 548 392 295,0.006205614714580313,0.0061756614904846345,0.0077676214754512736,0.03570364813447556,0.020592612528896437,190
2,18,14,12,10,23,mred,820 549 392 295,0.006204875525882671,0.006161915432535964,0.0077855023591870175,0.03570364813447556,0.020266912090986244,190
2,18,14,12,11,23,mse,1640 1097 785 589,0.006161582236544314,0.00612387169569133,0.007719886199349117,0.03570364813447556,0.020307590343947333,203
2,18,14,14,5,23,mse,26 17 12 9,0.01698489558656565,0.017368629014002997,0.019025756011132506,0.049992352920708846,0.038514522827557005,115
2,18,14,14,6,23,mse,51 34 25 18,0.013939279739541772,0.014775077487002148,0.016088198638446714,0.04804480969617789,0.03664376041809149,126
2,18,14,14,7,23,mse,103 69 49 37,0.007282655265520079,0.007046215327534785,0.009272229903226693,0.032374231911808916,0.019297943486488337,137
2,18,14,14,8,23,mse,205 137 98 74,0.006441471479640489,0.006440758983301573,0.00802628256890986,0.03707144437825644,0.020566390930162933,148
2,18,14,14,9,23,mse,410 274 196 147,0.006249587128235815,0.006259866700623529,0.007818761438715101,0.03707144437825644,0.02151245850015075,159
2,18,14,14,10,23,mse,820 549 392 295,0.006204376665708878,0.006171323071533716,0.007793256389499301,0.03707144437825644,0.020566390930162933,170
2,18,14,14,10,23,mred,820 549 393 295,0.0062170540080066,0.0061660113849583646,0.007801324579773478,0.03707144437825644,0.020164473369707236,170
2,18,14,14,11,23,mse,1641 1097 785 589,0.006174983555154908,0.006144588091224354,0.007738605393872066,0.036484292819950505,0.020589923611409003,181
2,18,14,14,11,23,mred,1640 1098 785 589,0.006173689657198907,0.006139536927696567,0.0077527130203930116,0.03707144437825644,0.020564783154586343,181
2,18,14,16,5,23,mse,26 17 12 9,0.017288539799727817,0.0178774356350457,0.019221024898721285,0.053328971880234256,0.04017789504603536,105
2,18,14,16,6,23,mse,51 34 25 18,0.014519914705020629,0.015303717850328961,0.016596693471797666,0.0491013637364707,0.03856205578167865,114
2,18,14,16,7,23,mse,103 69 49 37,0.006901253868987335,0.006755587377377751,0.008770152864653305,0.0336066587944058,0.020332835671017298,123
2,18,14,16,8,23,mse,205 137 98 74,0.006584740546701006,0.006585366753057763,0.008309900354208206,0.03779794634818307,0.022682914173582112,132
2,18,14,16,9,23,mse,411 275 196 147,0.006424822588132042,0.00644812722667075,0.008072618000517775,0.03545111207098352,0.022086205130510798,141
2,18,14,16,9,23,mred,411 275 197 148,0.006502167190121007,0.006432198193124922,0.008159780264347185,0.03545111207098352,0.0197796345766599,141
2,18,14,16,10,23,mse,822 549 393 295,0.0062597045162536905,0.0062247682151582275,0.007880111498835333,0.03545111207098352,0.02100203354946395,150
2,18,14,16,10,23,mred,822 550 393 295,0.006263789760859037,0.006212252496615944,0.007906670565703697,0.03545111207098352,0.02068567188486245,150
2,18,14,16,11,23,mse,1643 1099 786 590,0.006244731487022443,0.006207810417889345,0.007871600781962767,0.0360378206402834,0.021028430055352886,159
2,18,14,18,5,23,mse,26 17 12 9,0.01939650663268859,0.020707079103131347,0.021534562313815894,0.06134637354940302,0.04917882703706013,95
2,18,14,18,6,23,mse,52 35 25 19,0.01538254901896171,0.015512832391320838,0.018099405434289822,0.04412785004486306,0.039579807050719215,102
2,18,14,18,7,23,mse,103 69 49 37,0.008071107454153048,0.008159346483075938,0.010285813096130856,0.0533189284098163,0.030051285945706198,109
2,18,14,18,8,23,mse,207 138 99 74,0.007504273658473769,0.007445925944670445,0.009569962007276047,0.04872338922733968,0.025264279738851186,116
2,18,14,18,9,23,mse,413 276 197 148,0.00742563539763025,0.007455175589587119,0.009504967019658596,0.05102115881857799,0.02717572588392369,123
2,18,14,18,9,23,mred,414 276 197 148,0.007433753323019321,0.007435941248832283,0.009513378353399854,0.04872338922733968,0.026855577485427502,123
2,18,14,18,10,23,mse,827 552 395 296,0.0073738337050289985,0.007362113416646275,0.009427492745173353,0.04987227402295884,0.026199932428245205,130
2,18,14,18,10,23,mred,827 553 395 296,0.0073839514193443125,0.007347693418675521,0.009461216787310553,0.04987227402295884,0.02567803023989783,130
2,18,14,18,11,23,mse,1654 1104 790 592,0.0073738337050289985,0.007362113416646275,0.009427492745173353,0.04987227402295884,0.026199932428245205,137
2,18,14,18,11,23,mred,1654 1106 790 592,0.0073839514193443125,0.007347693418675521,0.009461216787310553,0.04987227402295884,0.02567803023989783,137
2,18,14,20,6,23,mse,53 35 25 19,0.01907394784456662,0.01872712984735123,0.024209069841388913,0.11905351446541391,0.06517353167967553,90
2,18,14,20,7,23,mse,106 71 50 38,0.019026311307413987,0.018536453109993564,0.02407897407431364,0.11905351446541391,0.06206683927734068,95
2,18,14,20,8,23,mse,212 141 101 75,0.018296161354547265,0.017834352092922535,0.02342977284608265,0.11905351446541391,0.062308912150104354,100
2,18,14,20,9,23,mse,424 282 201 150,0.01823849086986422,0.017845922060551883,0.023340266713394838,0.11905351446541391,0.062308912150104354,105
2,18,14,20,9,23,mred,425 282 202 151,0.018348444019728002,0.017776138679258216,0.023441109954742783,0.11697581049009649,0.06041354523803619,105
2,18,14,20,10,23,mse,849 564 402 301,0.018196219905704566,0.01773722863811813,0.023292301738896813,0.1180146624777552,0.061674908401709076,110
2,18,14,20,10,23,mred,850 565 403 301,0.018225976783138087,0.01769596473564681,0.023326205481625308,0.11697581049009649,0.060236448883470246,110
2,18,14,20,11,23,mse,1698 1129 804 602,0.018198596681739492,0.017729699323790142,0.02328910828353089,0.1180146624777552,0.06137554964166967,115
2,18,14,20,11,23,mred,1699 1130 806 602,0.018216529933629606,0.01769470607183834,0.023315749045694167,0.11749523648392585,0.06065026046169062,115
2,18,16,12,5,23,mse,26 17 12 9,0.01674869428675942,0.016739856153084102,0.01924842353358294,0.04751653267603148,0.03653686985539665,113
2,18,16,12,6,23,mse,51 34 24 18,0.013130347370147136,0.0141516494835822,0.015172027603606825,0.04751653267603148,0.036570385232226665,126
2,18,16,12,7,23,mse,102 68 49 37,0.00730534758137104,0.007260152327600355,0.009151354291882682,0.039077761603473926,0.023876722466602565,139
2,18,16,12,8,23,mse,204 137 98 74,0.006864272910599054,0.006825300709813591,0.008571305782045876,0.039077761603473926,0.020666729489013522,152
2,18,16,12,9,23,mse,409 274 196 147,0.006352365717332841,0.006266460293816673,0.008001692915075395,0.03672256003877655,0.01960847920996953,165
2,18,16,12,10,23,mse,818 547 392 294,0.006329858935351243,0.006258451039151526,0.007967618073265601,0.03672256003877655,0.020457822468490466,178
2,18,16,12,11,23,mse,1635 1094 783 588,0.006309997212987965,0.006251588154041182,0.007953789500858384,0.037311360429950896,0.02079106521101728,191
2,18,16,12,11,23,mred,1635 1095 783 588,0.006309829036023467,0.00624527523347712,0.007954579221925778,0.037311360429950896,0.020406712235454944,191
2,18,16,14,5,23,mse,26 17 12 9,0.016775466977008983,0.016804451097558987,0.019230779800892984,0.04804480969617789,0.0366818765039537,103
2,18,16,14,6,23,mse,51 34 24 18,0.013272853727306988,0.014305485451028766,0.015320243643010855,0.04804480969617789,0.03685722671153122,114
2,18,16,14,6,23,mred,51 34 25 18,0.013443135042498116,0.014293265077150178,0.015757100269111243,0.04804480969617789,0.03553356713032614,114
2,18,16,14,7,23,mse,102 68 49 37,0.007344147505588188,0.007291050235575301,0.009220141366291476,0.039077761603473926,0.023876722466602565,125
2,18,16,14,8,23,mse,204 137 98 74,0.00686247496253254,0.006819549881656341,0.008585428999453297,0.039077761603473926,0.02094551557682828,136
2,18,16,14,9,23,mse,409 274 196 147,0.006350883688756002,0.006273253047357378,0.008002873177269913,0.03672256003877655,0.019646995355829578,147
2,18,16,14,10,23,mse,818 547 392 294,0.006338130298409999,0.006274271999076035,0.007984897490463824,0.03672256003877655,0.020649066003415786,158
2,18,16,14,10,23,mred,818 548 392 294,0.006350883688756002,0.006273253047357378,0.008002873177269913,0.03672256003877655,0.019646995355829578,158
2,18,16,14,11,23,mse,1636 1095 783 588,0.006323547695016644,0.00626368568962625,0.007973479827626497,0.03672256003877655,0.020406712235454944,169
2,18,16,14,11,23,mred,1636 1095 784 588,0.006332479003496294,0.0062629129356314515,0.007977649283374997,0.03672256003877655,0.02016791781049135,169
2,18,16,16,5,23,mse,26 17 12 9,0.01699372375748058,0.017243956748424903,0.01923939212598041,0.049992352920708846,0.03799101810891066,93
2,18,16,16,6,23,mse,51 34 25 18,0.013801471069917593,0.014638383204286957,0.016051243527735282,0.0491013637364707,0.03665014040969333,102
2,18,16,16,7,23,mse,102 69 49 37,0.007572475804568966,0.007371865397307739,0.009719393321210358,0.04249161490258217,0.022722337113930836,111
2,18,16,16,8,23,mse,205 137 98 74,0.006752791584547299,0.006707660932148784,0.008472029512756288,0.03779794634818307,0.020594049320491293,120
2,18,16,16,9,23,mse,410 274 196 147,0.006466526156917531,0.006415772670499177,0.008182828521125897,0.03779794634818307,0.021148155637108132,129
2,18,16,16,10,23,mse,819 548 392 294,0.006445439139566214,0.00640670267967687,0.008164981380460326,0.038971363486782845,0.021350915683630203,138
2,18,16,16,11,23,mse,1639 1096 784 589,0.006430282914445589,0.006369245178717896,0.008147797735489475,0.038384654917482955,0.020753483888574585,147
2,18,16,16,11,23,mred,1638 1097 785 589,0.006439026252730488,0.00636436242253274,0.008163594032187492,0.038971363486782845,0.020587086593340468,147
2,18,16,18,5,23,mse,26 17 12 9,0.018771078475960983,0.01981273535524824,0.020884440349196218,0.06134637354940302,0.04717461910672156,83
2,18,16,18,6,23,mse,52 34 25 18,0.016184029213883677,0.016737165143570945,0.018458724080369204,0.06134637354940302,0.043140160825091006,90
2,18,16,18,7,23,mse,103 69 49 37,0.007869806731422003,0.00787847778148135,0.010045147473244595,0.0533189284098163,0.02914112850835314,97
2,18,16,18,8,23,mse,206 138 99 74,0.007821886878210591,0.0077075440565587735,0.009983142413131583,0.0533189284098163,0.026258681505572857,104
2,18,16,18,9,23,mse,412 276 197 148,0.0075756302661205855,0.007508594484967077,0.009727785683450528,0.0533189284098163,0.026908126387841763,111
2,18,16,18,9,23,mred,413 276 197 148,0.007598065729421246,0.007501643146837224,0.009769587922029215,0.05102115881857799,0.026207501985042868,111
2,18,16,18,10,23,mse,825 551 394 296,0.007539990926023067,0.007489468032637855,0.009670320773405088,0.052170043614197144,0.027022305979372448,118
2,18,16,18,10,23,mred,825 552 394 296,0.00756468564937812,0.007489262763917223,0.009713678459910152,0.052170043614197144,0.026464737950851514,118
2,18,16,18,11,23,mse,1649 1102 788 591,0.00752377436589048,0.007494250829715218,0.009651856548986447,0.05274448601200672,0.02753037535852465,125
2,18,16,18,11,23,mred,1650 1103 789 591,0.007537863505692187,0.007477927037964007,0.009672338759849543,0.052170043614197144,0.026651486567404296,125
2,18,16,20,5,23,mse,26 18 13 9,0.032234395330299585,0.032659102886984454,0.03769531025987437,0.11985660167349706,0.08107314634088902,73
2,18,16,20,6,23,mse,53 35 25 19,0.019035575231477767,0.01862817848642883,0.024097297946782337,0.10293076709029508,0.06337166759590354,78
2,18,16,20,7,23,mse,106 70 50 38,0.019035575231477767,0.01862817848642883,0.024097297946782337,0.10293076709029508,0.06337166759590354,83
2,18,16,20,8,23,mse,212 141 100 75,0.01826106920682042,0.017827705057684724,0.02340477279964081,0.10293076709029508,0.06190399867005175,88
2,18,16,20,8,23,mred,212 141 101 75,0.01834188361237534,0.017774593229291154,0.023501591227080686,0.10293076709029508,0.06121593625620433,88
2,18,16,20,9,23,mse,424 282 201 150,0.018212687553961833,0.0177084850871441,0.02333687507580367,0.10293076709029508,0.06139570707934462,93
2,18,16,20,10,23,mse,847 563 402 300,0.01817164531646725,0.017706319440213954,0.023310924464137888,0.1039886317517452,0.06232299293514748,98
2,18,16,20,10,23,mred,847 564 402 301,0.01820273838687907,0.017670105611484018,0.02333190200763717,0.1039886317517452,0.061956653541638776,98
2,18,16,20,11,23,mse,1694 1126 803 601,0.018155561987342205,0.017682171107973453,0.023299607646305176,0.1039886317517452,0.06250255176439257,103
2,18,16,20,11,23,mred,1694 1127 805 601,0.018184118663743067,0.017665103799512933,0.023325628768024475,0.1039886317517452,0.06232291048803699,103
2,18,18,12,5,23,mse,25 17 12 9,0.012648802629854218,0.012555577320248527,0.015583230182121962,0.04888130783403981,0.03493326131881114,101
2,18,18,12,6,23,mse,51 34 24 18,0.01197124871471742,0.012019566923187269,0.014567238050728154,0.042762039494713834,0.03305499560845792,114
2,18,18,12,7,23,mse,101 68 49 37,0.010280750094516435,0.01019288179123094,0.012623674591853738,0.0393701209123802,0.02855327595730255,127
2,18,18,12,8,23,mse,202 136 97 73,0.008355449091084944,0.00803748498052089,0.010769052444064241,0.0393701209123802,0.02478884563454267,140
2,18,18,12,9,23,mse,405 271 194 146,0.008242872738921783,0.007952438114418174,0.01062817795597118,0.036992324181965304,0.025364529057482696,153
2,18,18,12,10,23,mse,809 543 389 292,0.00821366045902593,0.007902390821299836,0.010573705012371724,0.03818122254717275,0.024386140443684257,166
2,18,18,12,10,23,mred,810 543 389 292,0.008216458560625192,0.007901200574689255,0.01058358667472383,0.036992324181965304,0.02441996714714035,166
2,18,18,12,11,23,mse,1619 1085 778 584,0.008199927649409378,0.007893079379272923,0.010558913595342808,0.037586773364569025,0.024529745793513084,179
2,18,18,12,11,23,mred,1619 1085 778 585,0.008207758823733945,0.007891463501679382,0.010570266123638311,0.037586773364569025,0.02451085800617511,179
2,18,18,14,5,23,mse,25 17 12 9,0.012648802629854218,0.012555577320248527,0.015583230182121962,0.04888130783403981,0.03493326131881114,91
2,18,18,14,6,23,mse,51 34 24 18,0.01197124871471742,0.012019566923187269,0.014567238050728154,0.042762039494713834,0.03305499560845792,102
2,18,18,14,7,23,mse,101 68 49 37,0.010280750094516435,0.01019288179123094,0.012623674591853738,0.0393701209123802,0.02855327595730255,113
2,18,18,14,8,23,mse,202 136 97 73,0.008355449091084944,0.00803748498052089,0.010769052444064241,0.0393701209123802,0.02478884563454267,124
2,18,18,14,9,23,mse,405 271 194 146,0.008242872738921783,0.007952438114418174,0.01062817795597118,0.036992324181965304,0.025364529057482696,135
2,18,18,14,10,23,mse,809 543 389 292,0.00821366045902593,0.007902390821299836,0.010573705012371724,0.03818122254717275,0.024386140443684257,146
2,18,18,14,10,23,mred,810 543 389 292,0.008216458560625192,0.007901200574689255,0.01058358667472383,0.036992324181965304,0.02441996714714035,146
2,18,18,14,11,23,mse,1619 1085 778 584,0.008199927649409378,0.007893079379272923,0.010558913595342808,0.037586773364569025,0.024529745793513084,157
2,18,18,14,11,23,mred,1619 1085 778 585,0.008207758823733945,0.007891463501679382,0.010570266123638311,0.037586773364569025,0.02451085800617511,157
2,18,18,16,5,23,mse,25 17 12 9,0.013203312489206497,0.013116631287830551,0.016237555467503748,0.05229033540452712,0.035982431868304375,81
2,18,18,16,6,23,mse,51 34 24 18,0.012055774927168802,0.012215574258737,0.014565844745945923,0.04487514757529946,0.033387464138901445,90
2,18,18,16,7,23,mse,101 68 49 37,0.010146767443771621,0.010017935393944523,0.012527810205250999,0.04281323875857239,0.028191891385328478,99
2,18,18,16,8,23,mse,203 136 97 73,0.008446805053815183,0.008142397892957554,0.010886571234006447,0.03807469043559503,0.02547714106852998,108
2,18,18,16,9,23,mse,405 272 195 146,0.008398555438935133,0.008079050104729117,0.010765394538211263,0.04044396459708371,0.024563191989713663,117
2,18,18,16,10,23,mse,810 543 389 292,0.008303708072794874,0.008010956757761308,0.010665275884609474,0.04044396459708371,0.0252718226681512,126
2,18,18,16,10,23,mred,811 543 389 292,0.008304729099377108,0.008007206702574706,0.010679932832382761,0.039259327516339364,0.025212280023311873,126
2,18,18,16,11,23,mse,1621 1086 778 585,0.0082846869309033,0.007974343791835464,0.010657483282908546,0.039851646056711536,0.025086192121438197,135
2,18,18,18,5,23,mse,25 17 12 9,0.017361699965720432,0.017269704356374392,0.021013418699654826,0.07274450082745099,0.047184537143659694,71
2,18,18,18,5,23,mred,26 17 12 9,0.01737868996934719,0.01708587816805105,0.021281420965842672,0.05378656242329168,0.04403848917803063,71
2,18,18,18,6,23,mse,51 34 24 18,0.013950723399978689,0.01466731140528047,0.01639670062340076,0.054199390844000016,0.0422745720948425,78
2,18,18,18,7,23,mse,102 68 49 37,0.009822090103570106,0.009614729503835278,0.012501608371049152,0.054199390844000016,0.030336322634790004,85
2,18,18,18,8,23,mse,204 136 98 73,0.009446106724218865,0.009278156106161348,0.012162255147765047,0.054199390844000016,0.03125652948797803,92
2,18,18,18,8,23,mred,204 137 98 73,0.009424534421554873,0.009189727611299473,0.012179807260442058,0.054199390844000016,0.03052723236694009,92
2,18,18,18,9,23,mse,408 273 195 147,0.009114640850118866,0.00887283436602559,0.011822170391643223,0.054199390844000016,0.030469951824754742,99
2,18,18,18,9,23,mred,408 273 196 147,0.009115071794691808,0.008821413944382022,0.011845885580577057,0.054199390844000016,0.0300918747266775,99
2,18,18,18,10,23,mse,816 546 391 293,0.009059918346916022,0.008820667895213734,0.011767356978855212,0.054199390844000016,0.03031783040189858,106
2,18,18,18,10,23,mred,816 546 391 294,0.009061744346451957,0.008790200766804935,0.011773170314266402,0.054199390844000016,0.03021581816964066,106
2,18,18,18,11,23,mse,1631 1092 782 587,0.009034330650074498,0.008778147470932007,0.011749353366296034,0.054778925530982854,0.03057721000977895,113
2,18,18,18,11,23,mred,1632 1093 783 587,0.009049476101012534,0.0087675682678553,0.011784051764584129,0.054199390844000016,0.030093445401555258,113
2,18,18,20,5,23,mse,26 17 12 9,0.03018785279958279,0.03148671818137547,0.03488610626575541,0.10193247736340019,0.08251256097505635,61
2,18,18,20,6,23,mse,52 35 25 19,0.02045337655538067,0.01996384584640292,0.025849780596662337,0.09238049963345792,0.06304323330818777,66
2,18,18,20,7,23,mse,105 70 50 37,0.018695117691442817,0.018183766026892634,0.02401190637931112,0.0836533890530104,0.05899322807577268,71
2,18,18,20,8,23,mse,210 139 100 74,0.0186132187484613,0.018193824385126355,0.023924673434845663,0.0836533890530104,0.06143336879110387,76
2,18,18,20,8,23,mred,210 140 100 75,0.0187465970050498,0.01805376765942298,0.02410268551465114,0.0836533890530104,0.057986270938595014,76
2,18,18,20,9,23,mse,419 279 199 149,0.01823806623398834,0.017736777379442986,0.02361301786195095,0.08583516669812227,0.06031300393193822,81
2,18,18,20,10,23,mse,838 557 398 298,0.01823205017854599,0.017752423970824247,0.02361205363675242,0.08583516669812227,0.06057110274180508,86
2,18,18,20,10,23,mred,839 558 398 298,0.018250265339434593,0.01773582468701161,0.023624349245851158,0.08474427787556633,0.060122053837656494,86
2,18,18,20,11,23,mse,1676 1115 796 595,0.018238161433195288,0.0177732949581387,0.023605737716475617,0.08583516669812227,0.06033262115344662,91
2,18,18,20,11,23,mred,1677 1116 796 596,0.018242259084687823,0.017734880384074593,0.023615192025744663,0.0852897222868443,0.0605625684312026,91
2,18,20,12,5,23,mse,24 16 12 9,0.02716537270277243,0.025268051194557904,0.03533337114835633,0.08140428426084358,0.06953347434217112,89
2,18,20,12,6,23,mse,49 33 24 18,0.025151011986527333,0.02377793962553193,0.031911172824290124,0.07429020890208118,0.06335164128641009,102
2,18,20,12,6,23,mred,48 33 24 18,0.025324353750333706,0.02376172088909,0.032606817151787586,0.08129002587268877,0.06386832496607713,102
2,18,20,12,7,23,mse,97 66 47 36,0.024330310054490538,0.022839701797468907,0.03077319500179366,0.07172013030886261,0.05796986574836638,115
2,18,20,12,8,23,mse,194 131 95 71,0.023717828122498855,0.022068906220192638,0.0302106008641711,0.07172013030886261,0.05681236222235328,128
2,18,20,12,9,23,mse,389 263 189 142,0.02363971033833995,0.02201326434239731,0.030074122435837514,0.06932765641790607,0.05762628801004092,141
2,18,20,12,9,23,mred,388 263 189 142,0.023641514112049584,0.02199618817807711,0.030116446408992737,0.07172013030886261,0.05659395618179263,141
2,18,20,12,10,23,mse,778 525 378 285,0.023661356500007842,0.022038227033441472,0.03005820242711936,0.06932765641790607,0.05762628801004092,154
2,18,20,12,10,23,mred,776 525 378 284,0.023641521362099842,0.02198763296305652,0.0301029314202052,0.07172013030886261,0.056637070472983386,154
2,18,20,12,11,23,mse,1556 1050 756 569,0.023640196707786894,0.02200870476312558,0.030050746391259264,0.06932765641790607,0.05762628801004092,167
2,18,20,12,11,23,mred,1551 1050 757 568,0.023643581726998316,0.02198652660484868,0.030131267299803612,0.07231824878160174,0.056638625907616286,167
2,18,20,14,5,23,mse,24 16 12 9,0.02716537270277243,0.025268051194557904,0.03533337114835633,0.08140428426084358,0.06953347434217112,79
2,18,20,14,6,23,mse,49 33 24 18,0.025151011986527333,0.02377793962553193,0.031911172824290124,0.07429020890208118,0.06335164128641009,90
2,18,20,14,6,23,mred,48 33 24 18,0.025324353750333706,0.02376172088909,0.032606817151787586,0.08129002587268877,0.06386832496607713,90
2,18,20,14,7,23,mse,97 66 47 36,0.024330310054490538,0.022839701797468907,0.03077319500179366,0.07172013030886261,0.05796986574836638,101
2,18,20,14,8,23,mse,194 131 95 71,0.023717828122498855,0.022068906220192638,0.0302106008641711,0.07172013030886261,0.05681236222235328,112
2,18,20,14,9,23,mse,389 263 189 142,0.02363971033833995,0.02201326434239731,0.030074122435837514,0.06932765641790607,0.05762628801004092,123
2,18,20,14,9,23,mred,388 263 189 142,0.023641514112049584,0.02199618817807711,0.030116446408992737,0.07172013030886261,0.05659395618179263,123
2,18,20,14,10,23,mse,778 525 378 285,0.023661356500007842,0.022038227033441472,0.03005820242711936,0.06932765641790607,0.05762628801004092,134
2,18,20,14,10,23,mred,776 525 378 284,0.023641521362099842,0.02198763296305652,0.0301029314202052,0.07172013030886261,0.056637070472983386,134
2,18,20,14,11,23,mse,1556 1050 756 569,0.023640196707786894,0.02200870476312558,0.030050746391259264,0.06932765641790607,0.05762628801004092,145
2,18,20,14,11,23,mred,1551 1050 757 568,0.023643581726998316,0.02198652660484868,0.030131267299803612,0.07231824878160174,0.056638625907616286,145
2,18,20,16,5,23,mse,24 16 12 9,0.027277678235578626,0.02531124743298002,0.03564009371980101,0.08219071397544059,0.07108492170438532,69
2,18,20,16,6,23,mse,49 33 24 18,0.024974866057221615,0.023570633808659296,0.03166701478321336,0.07304349314985202,0.062166175818432326,78
2,18,20,16,7,23,mse,97 66 47 36,0.024321830379421865,0.022798066629579575,0.030808312127191703,0.07172013030886261,0.057658970236971696,87
2,18,20,16,8,23,mse,195 131 95 71,0.023759572196273452,0.022120952399638356,0.03023699361241983,0.06756878145010788,0.05785030080950095,96
2,18,20,16,8,23,mred,194 131 95 71,0.02376006439030961,0.022085866757204684,0.030307179141757654,0.07172013030886261,0.056985280813170044,96
2,18,20,16,9,23,mse,389 263 189 142,0.023665269082369145,0.02201959756975774,0.030122222717576325,0.06932765641790607,0.05762628801004092,105
2,18,20,16,9,23,mred,388 263 189 142,0.023685549409009795,0.022018711340355126,0.030208092623823814,0.07172013030886261,0.05673941596047053,105
2,18,20,16,10,23,mse,779 526 378 285,0.023676601365061174,0.022046271688290695,0.030102500399235645,0.0681314194724278,0.057506685400292024,114
2,18,20,16,10,23,mred,777 526 379 284,0.02366469750147271,0.022014396068979904,0.03015444350386628,0.07052389336338434,0.05689402966598616,114
2,18,20,16,11,23,mse,1557 1051 757 569,0.023655790565110454,0.022013501854322055,0.030092369747110437,0.06872953794516694,0.0574862943472733,123
2,18,20,16,11,23,mred,1554 1052 757 569,0.023656142639533646,0.02200430375150844,0.03013113908517486,0.07052389336338434,0.05689402966598616,123
2,18,20,18,5,23,mse,24 17 12 9,0.028113470231842234,0.026009042339501645,0.03759816830500233,0.09186416822004558,0.0799874140667502,59
2,18,20,18,6,23,mse,49 33 24 18,0.024300583979161086,0.022781714895519688,0.030838915788727512,0.0702900714385038,0.05876049387099783,66
2,18,20,18,7,23,mse,98 66 48 36,0.024300583979161086,0.022781714895519688,0.030838915788727512,0.0702900714385038,0.05876049387099783,73
2,18,20,18,8,23,mse,196 132 95 71,0.023888028356696504,0.022300899512706862,0.030420219008203887,0.06924621731043545,0.059159608658899285,80
2,18,20,18,9,23,mse,392 264 190 143,0.023792870839818694,0.022181318020683117,0.03031360657731096,0.06924621731043545,0.05874847104900832,87
2,18,20,18,9,23,mred,391 264 190 143,0.023810280695363707,0.022181282019252395,0.030352150038591395,0.0716205892050517,0.05842247806520989,87
2,18,20,18,10,23,mse,784 528 380 286,0.023792870839818694,0.022181318020683117,0.03031360657731096,0.06924621731043545,0.05874847104900832,94
2,18,20,18,10,23,mred,783 529 380 286,0.023785167561064205,0.02217335398526889,0.030328498823402966,0.07043340325774358,0.058937346352319245,94
2,18,20,18,11,23,mse,1568 1057 760 572,0.023783216990018126,0.022175663328570985,0.03031304150310124,0.06924621731043545,0.05877120831950674,101
2,18,20,18,11,23,mred,1566 1057 761 571,0.023776470836385934,0.022160941084535687,0.030322839153713158,0.07043340325774358,0.05892851195774209,101
2,18,20,20,5,23,mse,25 17 12 9,0.028009292906517297,0.026560377887322816,0.03645312782951286,0.11651278339860983,0.08104716572697211,49
2,18,20,20,6,23,mse,50 34 24 18,0.028009292906517297,0.026560377887322816,0.03645312782951286,0.11651278339860983,0.08104716572697211,54
2,18,20,20,7,23,mse,101 67 48 36,0.027868187356574835,0.026415575117909585,0.03630024971526019,0.10767791123259593,0.08281490207374682,59
2,18,20,20,8,23,mse,201 135 97 72,0.027467257460715024,0.026036700418411173,0.035778089108805596,0.11209534731560288,0.07965012910742897,64
2,18,20,20,9,23,mse,402 270 194 145,0.02737327251900495,0.025893722111299734,0.03570794455177338,0.11209534731560288,0.07917917761013255,69
2,18,20,20,9,23,mred,403 270 194 145,0.02736709004973827,0.0258890996580371,0.035737517032279204,0.10988662927409941,0.07931440772409161,69
2,18,20,20,10,23,mse,804 540 387 290,0.0273694707286712,0.025888612796651965,0.03569784545443579,0.11209534731560288,0.0791865361285504,74
2,18,20,20,10,23,mred,806 540 387 290,0.027363288259404518,0.02588399034338933,0.03572742629421696,0.10988662927409941,0.07951432605735677,74
2,18,20,20,11,23,mse,1609 1079 775 579,0.027356407455648987,0.025880655028192485,0.03569075598205494,0.11154316780522701,0.07879688418624418,79
2,18,20,20,11,23,mred,1611 1080 775 579,0.027350265722489567,0.02587799473870683,0.03570892382745296,0.11043880878447528,0.07933931171237271,79
2,20,12,12,5,23,mse,26 18 13 9,0.0335530955994702,0.03469253255132608,0.039948741250445,0.12583476789321152,0.10125517871915535,125
2,20,12,12,5,23,mred,26 18 13 10,0.03344145614233383,0.03402218836337138,0.04043083391891241,0.1076256271782105,0.09481772293996041,125
2,20,12,12,6,23,mse,53 35 25 19,0.023393375687188245,0.023411590323144445,0.028267781154416975,0.09514824069970709,0.07127643184749191,138
2,20,12,12,7,23,mse,106 71 51 38,0.022841980057713783,0.022761783604457467,0.027493801554759147,0.09046458154702225,0.06239045765726031,151
2,20,12,12,8,23,mse,212 141 101 76,0.02269564983566169,0.022664848050719628,0.027212597773790148,0.09046458154702225,0.06551043878717762,164
2,20,12,12,8,23,mred,212 142 101 76,0.022672804998419747,0.02261110901525912,0.027252324219890947,0.09046458154702225,0.06457459477948335,164
2,20,12,12,9,23,mse,423 283 202 152,0.022650104577695895,0.022617235638142167,0.027148968385040034,0.09260971225092078,0.06551043878717762,177
2,20,12,12,9,23,mred,424 283 203 152,0.022657137246505504,0.022602398292069212,0.027184124011065607,0.09046458154702225,0.06459098564805925,177
2,20,12,12,10,23,mse,847 566 405 304,0.02263271528448825,0.022589238641254547,0.027129978882392568,0.09153714689897151,0.06490963484558124,190
2,20,12,12,10,23,mred,848 567 405 304,0.022636273455934802,0.022578674725205486,0.027175774343860967,0.09046458154702225,0.06347654806565245,190
2,20,12,12,11,23,mse,1693 1131 810 607,0.022637314522002256,0.022608919957197996,0.027126666007331535,0.09207342957494614,0.06587360461557834,203
2,20,12,12,11,23,mred,1696 1134 810 608,0.022636273455934802,0.022578674725205486,0.027175774343860967,0.09046458154702225,0.06347654806565245,203
2,20,12,14,5,23,mse,26 18 13 9,0.03359543948442728,0.034740739869094206,0.040012963175859395,0.12655385089192836,0.10153077816815431,115
2,20,12,14,5,23,mred,27 18 13 10,0.033551423278056824,0.033861528966297676,0.04082738932371142,0.10009586972631485,0.09408153968824108,115
2,20,12,14,6,23,mse,53 35 25 19,0.023447685679730497,0.02347437873965367,0.028344705864370837,0.09574236529543939,0.07161544355723512,126
2,20,12,14,7,23,mse,106 71 51 38,0.02283075484706703,0.02275889175328881,0.02747257381810256,0.09135891332524543,0.06302138829510961,137
2,20,12,14,8,23,mse,212 141 101 76,0.02271745558769072,0.022695050135774025,0.027242297024272732,0.09135891332524543,0.06575294116049246,148
2,20,12,14,8,23,mred,212 142 101 76,0.022678662196985534,0.022626486775398566,0.027254326095458754,0.09135891332524543,0.06473772095319595,148
2,20,12,14,9,23,mse,424 283 202 152,0.02266268059807209,0.022629851167206907,0.027177014313901363,0.09135891332524543,0.0655703500143929,159
2,20,12,14,9,23,mred,424 284 203 152,0.022679203507088037,0.02261321645834908,0.027265652706712832,0.09135891332524543,0.06350077584476083,159
2,20,12,14,10,23,mse,847 566 405 304,0.02264755549004374,0.022611894516492294,0.027148964821319926,0.09243042404066378,0.0655389092603602,170
2,20,12,14,10,23,mred,848 567 405 304,0.022644523373889343,0.022595744298577775,0.027178930042547334,0.09135891332524543,0.06442091407034263,170
2,20,12,14,11,23,mse,1694 1132 810 607,0.0226473735604317,0.02262142078870717,0.027148914400081253,0.09243042404066378,0.0659652588518819,181
2,20,12,14,11,23,mred,1696 1134 811 608,0.022646901992098855,0.022594998039659857,0.02718792517205027,0.09135891332524543,0.06442091407034263,181
2,20,12,16,5,23,mse,27 18 13 10,0.03280220177628172,0.03315535058517157,0.039935381234764096,0.097886857577535,0.09260830149869337,105
2,20,12,16,6,23,mse,53 35 25 19,0.02374252476618735,0.02380533749051868,0.028774435874990133,0.09693061448690399,0.07349074918960653,114
2,20,12,16,7,23,mse,106 71 51 38,0.022864026498153542,0.022824134134180142,0.027510626380581424,0.09396343322814751,0.06534028796394613,123
2,20,12,16,8,23,mse,212 142 101 76,0.02277947704581692,0.022766316281140467,0.027386930183850026,0.09396343322814751,0.06662409991788452,132
2,20,12,16,9,23,mse,424 283 203 152,0.02276151790155219,0.022747148425196206,0.027331010866949255,0.09396343322814751,0.06651115678958477,141
2,20,12,16,9,23,mred,425 284 203 152,0.022747832231900744,0.022706043452949284,0.027369660047280354,0.09182655453293088,0.06534881546061666,141
2,20,12,16,10,23,mse,849 567 405 304,0.022742359168629336,0.022724357707063787,0.027314247273962027,0.09289499388053919,0.06554057899797845,150
2,20,12,16,10,23,mred,850 568 406 304,0.022747832231900744,0.022706043452949284,0.027369660047280354,0.09182655453293088,0.06534881546061666,150
2,20,12,16,11,23,mse,1697 1133 811 608,0.02274438341752002,0.022728647205723283,0.027309147577566598,0.09342921355434336,0.06607515334153165,159
2,20,12,16,11,23,mred,1700 1136 811 609,0.022746542301868147,0.022699283066696323,0.027366365430182976,0.09182655453293088,0.06440344521923139,159
2,20,12,18,5,23,mse,27 18 13 10,0.03056805101944099,0.03098318565290717,0.037240362567018584,0.09676981928917569,0.08946081192483507,95
2,20,12,18,6,23,mse,53 36 25 19,0.024903541689064352,0.024928781171436373,0.030646572667001902,0.11282287600260184,0.0791702738596803,102
2,20,12,18,7,23,mse,107 71 51 38,0.02343095599969449,0.02344406745999817,0.02847797034953472,0.10445328049319241,0.07281899075176042,109
2,20,12,18,8,23,mse,214 142 102 76,0.02343095599969449,0.02344406745999817,0.02847797034953472,0.10445328049319241,0.07281899075176042,116
2,20,12,18,8,23,mred,214 143 102 76,0.02339481889588245,0.02336565424350294,0.028501487482135775,0.10445328049319241,0.07134908796225131,116
2,20,12,18,9,23,mse,427 285 204 153,0.023347540238075504,0.023312072062336986,0.02835282711656975,0.10654567937054477,0.07027207420163623,123
2,20,12,18,9,23,mred,428 286 204 153,0.02337528495577105,0.023296996588054696,0.028462990070228233,0.10445328049319241,0.06959169384945722,123
2,20,12,18,10,23,mse,854 570 407 305,0.023324696980290764,0.023317895552194743,0.028334680930564175,0.10654567937054477,0.07183367776989186,130
2,20,12,18,10,23,mred,856 571 408 306,0.023353793572247025,0.02329030956907254,0.028406625996935206,0.10445328049319241,0.06959169384945722,130
2,20,12,18,11,23,mse,1709 1140 815 611,0.023324069711482605,0.023298679945896916,0.028329326033960857,0.10602257965120668,0.07095671587078213,137
2,20,12,18,11,23,mred,1711 1142 815 611,0.023327107494967227,0.023281791050183465,0.028367647259552972,0.1049763802125305,0.07037704685093783,137
2,20,12,20,5,23,mse,27 18 13 10,0.03240788455745035,0.03242278576213422,0.04059547333883741,0.18355945740470722,0.10516252779123064,85
2,20,12,20,5,23,mred,28 18 13 10,0.03293387805445532,0.03227854934045213,0.04200585600513876,0.15332091879006676,0.09713234183528711,85
2,20,12,20,6,23,mse,55 36 26 19,0.030605007102677415,0.030925988926471377,0.038328320817895986,0.16844018809738698,0.103305573382543,90
2,20,12,20,6,23,mred,55 37 26 19,0.030852629603456125,0.0308065602817806,0.038852127269369166,0.16844018809738698,0.0987734004102729,90
2,20,12,20,7,23,mse,110 73 52 39,0.029075613301414373,0.02878330631604087,0.03688551354800109,0.16844018809738698,0.09467624113295603,95
2,20,12,20,8,23,mse,219 146 104 78,0.029080434224322438,0.02885654318526559,0.03681865533893284,0.17222000542421706,0.09639250116674669,100
2,20,12,20,8,23,mred,220 146 104 78,0.029075613301414373,0.02878330631604087,0.03688551354800109,0.16844018809738698,0.09467624113295603,100
2,20,12,20,9,23,mse,438 291 208 155,0.02905511224951339,0.028939512210535256,0.036753530159232835,0.17222000542421706,0.09828392995125021,105
2,20,12,20,9,23,mred,441 292 208 156,0.029118315466680717,0.028779936759671186,0.037016631452080145,0.16655027943397196,0.09422784293918537,105
2,20,12,20,10,23,mse,877 583 415 311,0.028996348081811337,0.02882874527703964,0.036727899305402545,0.17127505109250954,0.0973369201342023,110
2,20,12,20,10,23,mred,881 584 415 311,0.029028781264385677,0.028763190879864474,0.03688218466525915,0.16749523376567949,0.09485031492479108,110
2,20,12,20,11,23,mse,1754 1165 830 621,0.02899722177339033,0.02885788646360304,0.036720644891972444,0.17127505109250954,0.0973756799145343,115
2,20,12,20,11,23,mred,1763 1169 831 623,0.029072133325764308,0.028758304128945603,0.036957411070561205,0.1670227565998257,0.09399485132778189,115
2,20,14,12,5,23,mse,26 18 13 9,0.03351542776771785,0.0346454684461279,0.03987378175041832,0.12487599056158905,0.10100899857041858,113
2,20,14,12,5,23,mred,26 18 13 10,0.03357069829072602,0.03418356542851396,0.04054222363625438,0.1076256271782105,0.09521038320035405,113
2,20,14,12,6,23,mse,53 35 25 19,0.02331797663768719,0.023326388879562985,0.02817581597669171,0.09425705380610865,0.07069109246798432,126
2,20,14,12,7,23,mse,106 71 51 38,0.022874989799367744,0.022781319241635383,0.027572276501806957,0.09046458154702225,0.06161747668338687,139
2,20,14,12,8,23,mse,212 141 101 76,0.022672379752849657,0.022631259388133332,0.027203874568824837,0.09046458154702225,0.06456994272961154,152
2,20,14,12,8,23,mred,212 142 101 76,0.02267601442927437,0.02260055325420194,0.027291577169095537,0.09046458154702225,0.0636811085816345,152
2,20,14,12,9,23,mse,423 283 202 152,0.022625140603696584,0.022584324922500267,0.02713372436478212,0.09260971225092078,0.06491026832565068,165
2,20,14,12,9,23,mred,424 283 202 152,0.022634754253183974,0.0225815794134967,0.0271763276171518,0.09046458154702225,0.06435629706619497,165
2,20,14,12,10,23,mse,846 565 405 304,0.02262834423269751,0.02258799499731559,0.027126442917306513,0.09260971225092078,0.0650672271277853,178
2,20,14,12,10,23,mred,847 567 405 304,0.022627389318382728,0.022564639068076528,0.02717982957639422,0.09153714689897151,0.06334358396082683,178
2,20,14,12,11,23,mse,1692 1131 809 607,0.022616112033650125,0.022584152112692685,0.027112360950834913,0.09260971225092078,0.06529544518575245,191
2,20,14,12,11,23,mred,1694 1133 810 608,0.02262055025544188,0.022563138191680147,0.02715541874050346,0.09153714689897151,0.06374992180098327,191
2,20,14,14,5,23,mse,26 18 13 9,0.03356154324527283,0.034696463306156375,0.03993941152784705,0.1255950735603059,0.10153077816815431,103
2,20,14,14,5,23,mred,26 18 13 10,0.033509798670020886,0.0340968970016572,0.04048965692434558,0.10850308477193892,0.09495637418217141,103
2,20,14,14,6,23,mse,53 35 25 19,0.023368259410552032,0.023382322948644722,0.028252185415644098,0.0945541161039748,0.07120406070707226,114
2,20,14,14,7,23,mse,106 71 51 38,0.022858208591383093,0.022770031206098086,0.027549878242747534,0.09135891332524543,0.062428596482927146,125
2,20,14,14,8,23,mse,212 141 101 76,0.02269035306595935,0.022654436613619173,0.027232544191285575,0.09135891332524543,0.06539629359352926,136
2,20,14,14,8,23,mred,212 142 101 76,0.022676760754563798,0.022607808536641127,0.027292395165761266,0.09135891332524543,0.06442261235142245,136
2,20,14,14,9,23,mse,423 283 202 152,0.02264336690824207,0.022606746106197312,0.027166589770757213,0.09350193475608211,0.06544622527466092,147
2,20,14,14,9,23,mred,424 283 202 152,0.022645003756324153,0.022597539467472068,0.027191140545905167,0.09135891332524543,0.06472977802531986,147
2,20,14,14,10,23,mse,846 566 405 304,0.022632835154694254,0.022588914926489522,0.027157576577371115,0.09350193475608211,0.0652314889139136,158
2,20,14,14,10,23,mred,848 567 405 304,0.022639230656100268,0.022575185887678782,0.027214988310465565,0.09135891332524543,0.06384549520599929,158
2,20,14,14,11,23,mse,1693 1131 809 607,0.022634234834804985,0.02260464609543064,0.02714575882525612,0.09296617939837294,0.06554284638460062,169
2,20,14,14,11,23,mred,1696 1133 810 608,0.022634022323416006,0.02257510869264469,0.02719410276759566,0.09135891332524543,0.06389604854365803,169
2,20,14,16,5,23,mse,26 18 13 9,0.0337289347456144,0.03488483105077185,0.04023695525421497,0.1255950735603059,0.10336938978490821,93
2,20,14,16,5,23,mred,27 18 13 10,0.033143964900451364,0.03345794096218077,0.040344144714535284,0.09845150067002856,0.09288515264296866,93
2,20,14,16,6,23,mse,53 35 25 19,0.023634896839717763,0.02367904352080557,0.028637023784455314,0.09693061448690399,0.07300755740774532,102
2,20,14,16,7,23,mse,106 71 51 38,0.022857057846186073,0.022796024362345155,0.02753977030906626,0.09135891332524543,0.06483760031888697,111
2,20,14,16,8,23,mse,212 142 101 76,0.022750157840671262,0.022714316170111985,0.027380026304240218,0.09135891332524543,0.06596828673394887,120
2,20,14,16,9,23,mse,424 283 203 152,0.022730172080716614,0.02269671049206071,0.027316398298389187,0.09135891332524543,0.06596828673394887,129
2,20,14,16,9,23,mred,425 284 203 152,0.02274213258667067,0.022675853008326197,0.02741145954901965,0.08921589189440875,0.0645436457179542,129
2,20,14,16,10,23,mse,848 566 405 304,0.02272524219926938,0.022698801854418728,0.027300714373002428,0.09135891332524543,0.06596828673394887,138
2,20,14,16,10,23,mred,849 567 406 304,0.02272273576915925,0.022675166097350347,0.027334478722323544,0.09028740260982708,0.06523620246478729,138
2,20,14,16,11,23,mse,1696 1133 810 608,0.022717680341855936,0.022687910781830568,0.027298948188226046,0.09135891332524543,0.06596800448843898,147
2,20,14,16,11,23,mred,1699 1135 811 609,0.022727391714086165,0.02266597970106336,0.02736200974092988,0.08975164725211791,0.06440673437618152,147
2,20,14,18,5,23,mse,27 18 13 10,0.03074985941985237,0.03113591029850642,0.037489647307728954,0.09676981928917569,0.08946979695534095,83
2,20,14,18,6,23,mse,53 36 25 19,0.024819221859784323,0.024824136843833514,0.030542631695550635,0.11282287600260184,0.07831594920725757,90
2,20,14,18,7,23,mse,107 71 51 38,0.023364944922846593,0.02335392606490369,0.028457357647831406,0.10445328049319241,0.07166334514980657,97
2,20,14,18,8,23,mse,213 142 102 76,0.023368731270135685,0.023383287609015292,0.028431344894271945,0.10863807824789712,0.07283065651639539,104
2,20,14,18,8,23,mred,214 143 102 76,0.023355191278719625,0.023297500408197183,0.02851930941854586,0.10445328049319241,0.07031410015186608,104
2,20,14,18,9,23,mse,427 285 204 153,0.023279270979704798,0.0232208739360467,0.02833620589221929,0.10654567937054477,0.06995170537477623,111
2,20,14,18,10,23,mse,854 570 407 305,0.023249775741452282,0.02322056925251952,0.02830420315145978,0.10654567937054477,0.07125657720500321,118
2,20,14,18,10,23,mred,855 571 407 305,0.023260851709760864,0.023210942385712648,0.028354433738443388,0.10549947993186859,0.07079478605586247,118
2,20,14,18,11,23,mse,1707 1139 814 610,0.02325624386490896,0.023235120694224086,0.02830017858969625,0.10706877908988285,0.07150966412196129,125
2,20,14,18,11,23,mred,1710 1142 815 611,0.023265763307894413,0.02319960599475782,0.02835661610072619,0.10549947993186859,0.07016361322216472,125
2,20,14,20,5,23,mse,27 18 13 10,0.03224677693022701,0.03226947668672902,0.040387336255148856,0.18355945740470722,0.10409144317838386,73
2,20,14,20,6,23,mse,55 36 26 19,0.03048106605438026,0.030783076914685598,0.03820312554819606,0.16844018809738698,0.103305573382543,78
2,20,14,20,6,23,mred,55 37 26 19,0.03080163387361823,0.03072746685654927,0.038799689854057975,0.16844018809738698,0.0987734004102729,78
2,20,14,20,7,23,mse,110 73 52 39,0.029026204213328844,0.028720186752357678,0.0368220214000242,0.16844018809738698,0.09464056335523309,83
2,20,14,20,8,23,mse,219 146 104 78,0.02900693329019776,0.028772438731494716,0.036714482048256405,0.17222000542421706,0.09603444329098938,88
2,20,14,20,8,23,mred,220 146 104 78,0.029026204213328844,0.028720186752357678,0.0368220214000242,0.16844018809738698,0.09464056335523309,88
2,20,14,20,9,23,mse,438 291 207 155,0.02894166866373478,0.028855883593732447,0.036627911255985864,0.17222000542421706,0.09839218995847576,93
2,20,14,20,9,23,mred,440 292 208 156,0.029026204213328844,0.028720186752357678,0.0368220214000242,0.16844018809738698,0.09464056335523309,93
2,20,14,20,10,23,mse,876 582 415 310,0.028936227380286936,0.028829565064181287,0.036612665295245414,0.17222000542421706,0.09828392995125021,98
2,20,14,20,10,23,mred,881 584 415 311,0.02897672946235237,0.02869608740552264,0.036819815290385555,0.16749523376567949,0.09464899942897462,98
2,20,14,20,11,23,mse,1753 1165 830 621,0.028914706925497465,0.028771100051645376,0.036605094325523294,0.17174752825836329,0.09776925182907627,103
2,20,14,20,11,23,mred,1761 1168 830 622,0.028964555018170718,0.028695362189443227,0.03678385479090733,0.16796771093153323,0.09483712366873817,103
2,20,16,12,5,23,mse,26 18 13 9,0.0334572319632854,0.03453920199789218,0.03971647124625809,0.12321135683862934,0.10002196847737428,101
2,20,16,12,6,23,mse,53 35 25 19,0.02317999294272672,0.02314294669144508,0.028055067147508595,0.09158349312531329,0.06883173324852018,114
2,20,16,12,7,23,mse,105 71 50 38,0.02308937870278012,0.02303457629258255,0.027953056069493762,0.09904510436261638,0.06775135364330669,127
2,20,16,12,7,23,mred,106 71 50 38,0.023075338195297633,0.02298643031941229,0.02800322070799089,0.09158349312531329,0.06653590015560061,127
2,20,16,12,8,23,mse,211 141 101 76,0.022667036926901217,0.02261911765838385,0.027179715535683158,0.09475484295481931,0.06372712613494104,140
2,20,16,12,9,23,mse,422 282 202 152,0.022667036926901217,0.02261911765838385,0.027179715535683158,0.09475484295481931,0.06372712613494104,153
2,20,16,12,9,23,mred,423 283 202 152,0.02267884241478648,0.022601125219651172,0.027298724493569154,0.09260971225092078,0.06258813768997815,153
2,20,16,12,10,23,mse,844 564 404 303,0.02264654864402197,0.022613670263074315,0.027148673390184154,0.09475484295481931,0.06567601528604268,166
2,20,16,12,10,23,mred,845 565 404 303,0.022637437391795117,0.02259261253785634,0.02717839417949515,0.09368227760287004,0.06482415067367468,166
2,20,16,12,11,23,mse,1687 1128 808 606,0.022648668227103687,0.022617477697475023,0.027148439727349098,0.09529112563079394,0.06567601528604268,179
2,20,16,12,11,23,mred,1690 1131 808 607,0.022644737432431394,0.02258712668111463,0.027204568208992204,0.09368227760287004,0.06346681401798758,179
2,20,16,14,5,23,mse,26 18 13 9,0.03348006779465669,0.034567184852856224,0.039746607948376464,0.12321135683862934,0.10004204211777898,91
2,20,16,14,6,23,mse,53 35 25 19,0.02320319530828582,0.023171023004194574,0.028085935980976057,0.09217761772104559,0.0691388604006277,102
2,20,16,14,7,23,mse,105 71 50 38,0.023110258734739503,0.023057253464558565,0.027993009647106652,0.09993099904859216,0.06813958260022007,113
2,20,16,14,7,23,mred,106 71 51 38,0.023114531724345258,0.022972553500994627,0.028042054483876425,0.09135891332524543,0.06001933135574494,113
2,20,16,14,8,23,mse,211 141 101 76,0.02267761595567,0.022631900263405315,0.027201375926094985,0.0956449561869188,0.06407082187157531,124
2,20,16,14,9,23,mse,422 282 202 152,0.02267761595567,0.022631900263405315,0.027201375926094985,0.0956449561869188,0.06407082187157531,135
2,20,16,14,9,23,mred,423 283 202 152,0.02268224316867174,0.022608285657986723,0.027299202453065604,0.09350193475608211,0.06277969331873884,135
2,20,16,14,10,23,mse,844 564 404 303,0.02266100961396947,0.0226312248518468,0.027174158199426354,0.0956449561869188,0.06569211909172633,146
2,20,16,14,10,23,mred,845 566 404 303,0.022657097516073286,0.02260661167939818,0.027235679211173733,0.09457344547150046,0.06415112060247084,146
2,20,16,14,11,23,mse,1688 1129 808 606,0.02265325826508848,0.02262046064668971,0.027172950847566133,0.0956449561869188,0.06567652070327229,157
2,20,16,14,11,23,mred,1691 1131 808 607,0.022655857094979408,0.022598462556123668,0.027230420880668668,0.09403769011379129,0.06412833047994303,157
2,20,16,16,5,23,mse,26 18 13 9,0.0336003617744878,0.03470818458673581,0.03994340599967593,0.1255950735603059,0.10206070110605574,81
2,20,16,16,5,23,mred,26 18 13 10,0.03380189348951239,0.034414490363479724,0.04078150613797734,0.10850308477193892,0.0961448744853759,81
2,20,16,16,6,23,mse,53 35 25 19,0.023386111656956702,0.02338189310974586,0.028330994170791577,0.09217761772104559,0.07093319526730361,90
2,20,16,16,7,23,mse,106 71 51 38,0.023026895548860414,0.022910664735399662,0.027885018243413776,0.09135891332524543,0.06211626226388885,99
2,20,16,16,8,23,mse,211 141 101 76,0.02277766451289237,0.02274428537009225,0.02738716514951331,0.0956449561869188,0.06597498399192826,108
2,20,16,16,8,23,mred,212 142 101 76,0.022806694024822858,0.02271283107738517,0.02756954996240121,0.09135891332524543,0.06341483007595947,108
2,20,16,16,9,23,mse,423 283 202 152,0.022733910245073145,0.02268092186724077,0.02736024926304011,0.09350193475608211,0.06534021983379595,117
2,20,16,16,10,23,mse,845 565 404 303,0.022741877866933838,0.022719589827505337,0.027338851805401684,0.09457344547150046,0.06611521055444523,126
2,20,16,16,10,23,mred,847 566 405 304,0.02274409515901872,0.022676250135691207,0.027392199739514882,0.09243042404066378,0.0634229006277378,126
2,20,16,16,11,23,mse,1691 1130 809 607,0.022731480520183926,0.02269250333914253,0.027328142342706706,0.09403769011379129,0.0649657249252775,135
2,20,16,16,11,23,mred,1694 1133 809 608,0.022741761091517772,0.022673331583167707,0.02740333466523197,0.09243042404066378,0.06429997415110453,135
2,20,16,18,5,23,mse,27 18 13 10,0.031980044826658394,0.032265859635602384,0.03902405470563406,0.10183543360414882,0.09142115876622145,71
2,20,16,18,6,23,mse,53 36 25 19,0.02466565759974188,0.02460807896234783,0.03043576356789281,0.11282287600260184,0.0763413545356548,78
2,20,16,18,7,23,mse,106 71 51 38,0.02345593849811377,0.02342904651748724,0.028652761257508153,0.11282287600260184,0.07214373978431185,85
2,20,16,18,7,23,mred,107 71 51 38,0.023512356089110138,0.023410543143781742,0.028811753713228274,0.10445328049319241,0.06957307887477392,85
2,20,16,18,8,23,mse,213 142 102 76,0.023390540261059634,0.02335259266067363,0.02855369606971338,0.10863807824789712,0.0715878003116453,92
2,20,16,18,9,23,mse,426 284 203 152,0.0233404133258929,0.02332322358235126,0.028487466064234437,0.10863807824789712,0.07165317733164744,99
2,20,16,18,9,23,mred,426 285 203 153,0.023381669181819702,0.02330342317153272,0.028571786642037456,0.10863807824789712,0.06874033341630661,99
2,20,16,18,10,23,mse,851 568 406 305,0.02333172007301631,0.023297765557324625,0.02846603168192355,0.10968427768657331,0.07159222531061803,106
2,20,16,18,10,23,mred,852 570 407 305,0.02334872454074596,0.02327216060122772,0.028530667850575932,0.10863807824789712,0.06911076068808635,106
2,20,16,18,11,23,mse,1702 1137 813 609,0.023325946281468345,0.023291420679627015,0.0284622997727015,0.10968427768657331,0.07106043898605639,113
2,20,16,18,11,23,mred,1705 1139 813 610,0.02333633713086032,0.02326719968256056,0.028508611052857104,0.10811497852855903,0.06942642040907496,113
2,20,16,20,5,23,mse,27 18 13 10,0.03222216606672673,0.032227541124096884,0.040176036742973945,0.18355945740470722,0.10275047749086548,61
2,20,16,20,6,23,mse,55 36 26 19,0.030219327902842333,0.030240895034863394,0.03799285031134915,0.16844018809738698,0.09964529878192288,66
2,20,16,20,7,23,mse,109 73 52 39,0.029147279882783136,0.02876302963301307,0.03688732688534059,0.1759998227510471,0.09414980626829393,71
2,20,16,20,7,23,mred,110 73 52 39,0.0292359266772238,0.02869300255394508,0.03716399678532903,0.16844018809738698,0.0920658112017935,71
2,20,16,20,8,23,mse,218 145 103 77,0.029004721172016874,0.02894134423405345,0.03671201113644475,0.1759998227510471,0.09989703753968475,76
2,20,16,20,8,23,mred,219 146 104 78,0.02912191965592354,0.028677262113470957,0.03689465560262549,0.17222000542421706,0.09234739342234785,76
2,20,16,20,9,23,mse,437 291 207 155,0.02885258242346496,0.028583142246290244,0.03655469764417526,0.17410991408763207,0.09643087941716948,81
2,20,16,20,9,23,mred,439 291 207 155,0.02889751912449067,0.02854791630866923,0.0366945473608009,0.17033009676080202,0.09585320815176292,81
2,20,16,20,10,23,mse,874 581 414 310,0.028851802938439683,0.028602310726885467,0.03654594093842738,0.17410991408763207,0.0967111078770481,86
2,20,16,20,10,23,mred,877 583 414 310,0.028892480949860452,0.028543876038631857,0.03666863064000567,0.17127505109250954,0.09524133256144174,86
2,20,16,20,11,23,mse,1748 1162 828 619,0.028856771923157505,0.028625589549330158,0.036542686735684345,0.17410991408763207,0.0967111078770481,91
2,20,16,20,11,23,mred,1755 1165 829 621,0.028909377361119454,0.028533482968839816,0.0366980898849885,0.17080257392665577,0.09518838015872151,91
2,20,18,12,5,23,mse,26 17 13 9,0.03412041319666781,0.035150451926081475,0.04053453610609208,0.12321135683862934,0.09540524229868273,89
2,20,18,12,6,23,mse,52 35 25 19,0.023396388026326407,0.02328081438919962,0.028328016733349535,0.09471135457112201,0.06700883809529772,102
2,20,18,12,7,23,mse,104 70 50 38,0.023396388026326407,0.02328081438919962,0.028328016733349535,0.09471135457112201,0.06700883809529772,115
2,20,18,12,8,23,mse,209 140 100 75,0.02309282494437171,0.02300642406730069,0.027985608482949533,0.09035900531425241,0.06689105337685079,128
2,20,18,12,9,23,mse,417 280 200 151,0.02310740234206228,0.02299293976315742,0.027977590337923353,0.09253517994268722,0.06667766711821192,141
2,20,18,12,9,23,mred,418 280 200 151,0.02310605082656412,0.022983890007349853,0.027983152649990302,0.09035900531425241,0.06522875963716805,141
2,20,18,12,10,23,mse,835 559 401 301,0.0230513808314467,0.022949844756191662,0.027909583468076985,0.09144709262846981,0.06623573926822267,154
2,20,18,12,10,23,mred,835 560 401 301,0.023058301684636167,0.022947798259986666,0.027921438998462535,0.09144709262846981,0.06589680664760808,154
2,20,18,12,11,23,mse,1670 1118 802 602,0.0230513808314467,0.022949844756191662,0.027909583468076985,0.09144709262846981,0.06623573926822267,167
2,20,18,12,11,23,mred,1671 1119 802 602,0.023052942315287518,0.02294492934189618,0.027915433588674828,0.0909030489713611,0.06567659899233538,167
2,20,18,14,5,23,mse,26 17 13 9,0.03412041319666781,0.035150451926081475,0.04053453610609208,0.12321135683862934,0.09540524229868273,79
2,20,18,14,6,23,mse,52 35 25 19,0.023396388026326407,0.02328081438919962,0.028328016733349535,0.09471135457112201,0.06700883809529772,90
2,20,18,14,7,23,mse,104 70 50 38,0.023396388026326407,0.02328081438919962,0.028328016733349535,0.09471135457112201,0.06700883809529772,101
2,20,18,14,8,23,mse,209 140 100 75,0.02309282494437171,0.02300642406730069,0.027985608482949533,0.09035900531425241,0.06689105337685079,112
2,20,18,14,9,23,mse,417 280 200 151,0.02310740234206228,0.02299293976315742,0.027977590337923353,0.09253517994268722,0.06667766711821192,123
2,20,18,14,9,23,mred,418 280 200 151,0.02310605082656412,0.022983890007349853,0.027983152649990302,0.09035900531425241,0.06522875963716805,123
2,20,18,14,10,23,mse,835 559 401 301,0.0230513808314467,0.022949844756191662,0.027909583468076985,0.09144709262846981,0.06623573926822267,134
2,20,18,14,10,23,mred,835 560 401 301,0.023058301684636167,0.022947798259986666,0.027921438998462535,0.09144709262846981,0.06589680664760808,134
2,20,18,14,11,23,mse,1670 1118 802 602,0.0230513808314467,0.022949844756191662,0.027909583468076985,0.09144709262846981,0.06623573926822267,145
2,20,18,14,11,23,mred,1671 1119 802 602,0.023052942315287518,0.02294492934189618,0.027915433588674828,0.0909030489713611,0.06567659899233538,145
2,20,18,16,5,23,mse,26 17 13 9,0.03437374046812341,0.0354168428329055,0.040804978241310984,0.12514687260719748,0.09681334946052643,69
2,20,18,16,5,23,mred,26 18 13 9,0.03452869226421584,0.03525103647202765,0.04104509138401405,0.12514687260719748,0.09566540381568649,69
2,20,18,16,6,23,mse,52 35 25 19,0.023470405101776642,0.023351615342665607,0.02846875961489354,0.09817989344249703,0.06850121178684895,78
2,20,18,16,7,23,mse,104 70 50 38,0.023470405101776642,0.023351615342665607,0.02846875961489354,0.09817989344249703,0.06850121178684895,87
2,20,18,16,7,23,mred,105 70 50 38,0.02345514818292241,0.023304342283618155,0.028501455651605202,0.08950854626405949,0.06476595961360299,87
2,20,18,16,8,23,mse,209 140 100 75,0.023153746941751617,0.023089252682157172,0.028093846873692218,0.09384421985327826,0.06786693188325336,96
2,20,18,16,9,23,mse,418 280 201 151,0.023139240938286565,0.023018231271553936,0.028053026575140534,0.09384421985327826,0.06534717825561522,105
2,20,18,16,10,23,mse,836 560 401 301,0.02309952337707568,0.02300091432569503,0.028016054926259745,0.09384421985327826,0.06681886476253286,114
2,20,18,16,10,23,mred,837 560 401 301,0.02310435523140182,0.022999927873680166,0.02803204462097711,0.09276030145597357,0.066411857738712,114
2,20,18,16,11,23,mse,1672 1119 802 602,0.023098051931085675,0.02300375939996665,0.02801499933354302,0.09384421985327826,0.06710641626312647,123
2,20,18,16,11,23,mred,1673 1120 803 603,0.023109116488885206,0.022995391287647375,0.028025226869657825,0.09330226065462591,0.06613279999821313,123
2,20,18,18,5,23,mse,26 18 13 9,0.034477084718626864,0.03543029831539233,0.04102635088977298,0.1344558179603458,0.10216974314741437,59
2,20,18,18,6,23,mse,53 35 25 19,0.024149087763786378,0.0240092233191561,0.029706721135979636,0.09851404170981494,0.07409444207510885,66
2,20,18,18,7,23,mse,105 70 50 38,0.02398039350796541,0.023941637784314247,0.02928454538168678,0.10351610709076627,0.07583212251301477,73
2,20,18,18,8,23,mse,210 141 101 76,0.023751755505932847,0.023627053878309448,0.029007225685484597,0.10351610709076627,0.07055330231031552,80
2,20,18,18,8,23,mred,211 141 101 76,0.02373880887343213,0.02359083939980918,0.02904141919104148,0.09924713617215088,0.069572894090988,80
2,20,18,18,9,23,mse,421 281 202 151,0.023665741028949264,0.023586622061995702,0.028895243051745418,0.10138162163145857,0.07281186608733824,87
2,20,18,18,9,23,mred,422 282 202 151,0.023676519641080272,0.02356012118035042,0.02898031155930584,0.09924713617215088,0.0704168194167538,87
2,20,18,18,10,23,mse,842 563 403 303,0.02364653357171915,0.023549365163359016,0.028865677649045483,0.10138162163145857,0.07144650324040419,94
2,20,18,18,10,23,mred,843 564 403 303,0.02365865481495956,0.023542809377357855,0.028913942497845974,0.10031437890180472,0.07100822185752641,94
2,20,18,18,11,23,mse,1683 1125 806 605,0.023643892175147355,0.023562751271667633,0.028855380450132397,0.1019152429962855,0.07222512659158815,101
2,20,18,18,11,23,mred,1687 1127 807 605,0.02364772715095312,0.023536924881190253,0.02891213774572374,0.0997807575369778,0.07095387920139033,101
2,20,18,20,5,23,mse,27 18 13 10,0.0327342166437425,0.03274752076938938,0.04052967055270813,0.1264046913532745,0.09811138209251721,49
2,20,18,20,6,23,mse,54 36 26 19,0.029179993697241377,0.02885571767828532,0.0368175061836582,0.1264046913532745,0.09347302598915024,54
2,20,18,20,7,23,mse,108 72 51 38,0.028973454830338044,0.02879078280981708,0.036637289123618834,0.1264046913532745,0.09696641267094884,59
2,20,18,20,8,23,mse,216 144 103 77,0.028601441041587024,0.028158011055225904,0.036252323734260454,0.1264046913532745,0.09170666704025737,64
2,20,18,20,8,23,mred,217 144 103 77,0.028623229023179046,0.028123093014425726,0.03627035237102005,0.12236026862805817,0.09083953641487758,64
2,20,18,20,9,23,mse,433 287 206 153,0.028553773463621576,0.02819286668272197,0.0361918920720218,0.12438247999066633,0.09295032398330617,69
2,20,18,20,9,23,mred,434 288 206 154,0.028623229023179046,0.028123093014425726,0.03627035237102005,0.12236026862805817,0.09083953641487758,69
2,20,18,20,10,23,mse,866 574 411 307,0.028520251418351822,0.02814082090965846,0.03616346679450177,0.12438247999066633,0.09254157739639524,74
2,20,18,20,10,23,mred,867 575 412 307,0.028545611108218513,0.02811287428104641,0.036184951800240145,0.12337137430936225,0.09221335492556247,74
2,20,18,20,11,23,mse,1731 1149 823 614,0.028517568073319267,0.028126220511659854,0.036159822443239405,0.12488803283131837,0.09225550771058472,79
2,20,18,20,11,23,mred,1734 1150 823 615,0.028542665670814843,0.02810510618880345,0.03618477061175036,0.12337137430936225,0.09188162229815645,79
2,20,20,12,5,23,mse,25 17 12 9,0.03204133618635294,0.031103058284109718,0.04067686936737462,0.11232811368050198,0.08926814126957963,77
2,20,20,12,6,23,mse,50 34 24 18,0.03204133618635294,0.031103058284109718,0.04067686936737462,0.11232811368050198,0.08926814126957963,90
2,20,20,12,7,23,mse,100 68 49 37,0.031210751241794635,0.030053724116523454,0.039866915299812,0.10546919319109245,0.08434222577053978,103
2,20,20,12,8,23,mse,200 135 97 73,0.030862584696099624,0.02970989610035142,0.03945410900364794,0.10546919319109245,0.08745310022072939,116
2,20,20,12,9,23,mse,401 270 195 146,0.03081360890725378,0.029663034438414546,0.039401561432169656,0.10323286617407018,0.08686148225585576,129
2,20,20,12,9,23,mred,401 271 195 147,0.030808627425140622,0.029629282657811132,0.039419617725794956,0.10323286617407018,0.085538328852735,129
2,20,20,12,10,23,mse,801 541 390 293,0.030772600468292367,0.02959798438634053,0.039370821470479676,0.10435102968258132,0.08585671096408466,142
2,20,20,12,11,23,mse,1603 1081 779 586,0.030771448218186725,0.0295982745405748,0.039364357677416695,0.10379194792832576,0.08630495140918701,155
2,20,20,12,11,23,mred,1602 1083 779 586,0.030769722845271383,0.02959405500014467,0.03937346460193079,0.10435102968258132,0.08610183046374163,155
2,20,20,14,5,23,mse,25 17 12 9,0.03204133618635294,0.031103058284109718,0.04067686936737462,0.11232811368050198,0.08926814126957963,67
2,20,20,14,6,23,mse,50 34 24 18,0.03204133618635294,0.031103058284109718,0.04067686936737462,0.11232811368050198,0.08926814126957963,78
2,20,20,14,7,23,mse,100 68 49 37,0.031210751241794635,0.030053724116523454,0.039866915299812,0.10546919319109245,0.08434222577053978,89
2,20,20,14,8,23,mse,200 135 97 73,0.030862584696099624,0.02970989610035142,0.03945410900364794,0.10546919319109245,0.08745310022072939,100
2,20,20,14,9,23,mse,401 270 195 146,0.03081360890725378,0.029663034438414546,0.039401561432169656,0.10323286617407018,0.08686148225585576,111
2,20,20,14,9,23,mred,401 271 195 147,0.030808627425140622,0.029629282657811132,0.039419617725794956,0.10323286617407018,0.085538328852735,111
2,20,20,14,10,23,mse,801 541 390 293,0.030772600468292367,0.02959798438634053,0.039370821470479676,0.10435102968258132,0.08585671096408466,122
2,20,20,14,11,23,mse,1603 1081 779 586,0.030771448218186725,0.0295982745405748,0.039364357677416695,0.10379194792832576,0.08630495140918701,133
2,20,20,14,11,23,mred,1602 1083 779 586,0.030769722845271383,0.02959405500014467,0.03937346460193079,0.10435102968258132,0.08610183046374163,133
2,20,20,16,5,23,mse,25 17 12 9,0.03204133618635294,0.031103058284109718,0.04067686936737462,0.11232811368050198,0.08926814126957963,57
2,20,20,16,6,23,mse,50 34 24 18,0.03204133618635294,0.031103058284109718,0.04067686936737462,0.11232811368050198,0.08926814126957963,66
2,20,20,16,7,23,mse,100 68 49 37,0.031210751241794635,0.030053724116523454,0.039866915299812,0.10546919319109245,0.08434222577053978,75
2,20,20,16,8,23,mse,200 135 97 73,0.030862584696099624,0.02970989610035142,0.03945410900364794,0.10546919319109245,0.08745310022072939,84
2,20,20,16,9,23,mse,401 270 195 146,0.03081360890725378,0.029663034438414546,0.039401561432169656,0.10323286617407018,0.08686148225585576,93
2,20,20,16,9,23,mred,401 271 195 147,0.030808627425140622,0.029629282657811132,0.039419617725794956,0.10323286617407018,0.085538328852735,93
2,20,20,16,10,23,mse,801 541 390 293,0.030772600468292367,0.02959798438634053,0.039370821470479676,0.10435102968258132,0.08585671096408466,102
2,20,20,16,11,23,mse,1603 1081 779 586,0.030771448218186725,0.0295982745405748,0.039364357677416695,0.10379194792832576,0.08630495140918701,111
2,20,20,16,11,23,mred,1602 1083 779 586,0.030769722845271383,0.02959405500014467,0.03937346460193079,0.10435102968258132,0.08610183046374163,111
2,20,20,18,5,23,mse,25 17 12 9,0.03279029169508224,0.03191989690462662,0.04153483160403916,0.11920929109383142,0.09049596483968766,47
2,20,20,18,6,23,mse,50 34 24 18,0.03279029169508224,0.03191989690462662,0.04153483160403916,0.11920929109383142,0.09049596483968766,54
2,20,20,18,7,23,mse,101 68 49 37,0.031275241530096254,0.030093181477741673,0.039981209590550244,0.10767791123259593,0.08777042973632944,61
2,20,20,18,8,23,mse,201 136 98 73,0.03116076523858049,0.03002114604770198,0.0398597000981283,0.11209534731560288,0.0873424633758389,68
2,20,20,18,9,23,mse,402 271 195 147,0.031067219563354648,0.029885755545913422,0.0397394515995279,0.11209534731560288,0.0873424633758389,75
2,20,20,18,9,23,mred,402 272 195 147,0.031059198835826377,0.029870744724475626,0.039759177657467004,0.11209534731560288,0.08695432310016665,75
2,20,20,18,10,23,mse,805 543 391 294,0.031043194541942723,0.029861398605108107,0.039722791611222094,0.11099098829485114,0.08757744872427797,82
2,20,20,18,11,23,mse,1610 1085 781 588,0.031046667276719835,0.029866678401014916,0.03971924499247879,0.11099098829485114,0.08841761681937534,89
2,20,20,18,11,23,mred,1610 1087 781 587,0.031034952836312336,0.02985764418401382,0.039729439769194366,0.11099098829485114,0.08713109761582231,89
2,20,20,20,5,23,mse,26 17 12 9,0.03848259132377337,0.03826602990491615,0.04790338463371657,0.1510916796040308,0.11238472576673234,37
2,20,20,20,6,23,mse,52 35 25 18,0.035271021189648574,0.03484810247896035,0.044473763797864684,0.1510916796040308,0.10530654457338359,42
2,20,20,20,6,23,mred,52 35 25 19,0.03511235538823314,0.034154144963817676,0.04450042285241978,0.13161294070550378,0.10044033094885563,42
2,20,20,20,7,23,mse,104 69 50 37,0.03336182715492122,0.03239037435021902,0.04254600743772009,0.13161294070550378,0.09595194405454897,47
2,20,20,20,7,23,mred,103 69 50 37,0.03337341302388681,0.03231274909188863,0.04256168605535417,0.12751089292636497,0.09475155165686874,47
2,20,20,20,8,23,mse,207 138 100 74,0.033294193827067664,0.03229639700552461,0.04242674976293154,0.12751089292636497,0.09516498211074337,52
2,20,20,20,9,23,mse,414 277 199 148,0.0332282644330059,0.03223272258762157,0.04237383168116325,0.12751089292636497,0.09539756113743332,57
2,20,20,20,9,23,mred,413 277 199 148,0.03324551725382125,0.03222465353724748,0.04240961463894223,0.12751089292636497,0.09514106294238765,57
2,20,20,20,10,23,mse,828 553 398 296,0.03322222397653633,0.03223028085464437,0.042365790808520286,0.12751089292636497,0.0958294126977252,62
2,20,20,20,10,23,mred,826 553 398 297,0.03324816559516012,0.03220152835544171,0.042425968327128166,0.12456329459165676,0.09464953030779134,62
2,20,20,20,11,23,mse,1656 1106 797 592,0.03322830184169369,0.0322336146845158,0.04236483194576638,0.12751089292636497,0.0955277192109717,67
2,20,20,20,11,23,mred,1653 1107 796 594,0.0332406191945255,0.032199880951373064,0.04241208722261598,0.12456329459165676,0.0948264651143352,67
3,12,12,12,5,23,mse,28 23 19 15 13 11 10 9,0.023329062259994586,0.02415446418533691,0.025960119148866034,0.05656925213865024,0.055982480937747964,161
3,12,12,12,6,23,mse,57 45 37 31 26 22 19 17,0.009292953317446838,0.009665543195893371,0.011817161101027434,0.027603616778883226,0.026239730276773465,174
3,12,12,12,7,23,mse,114 91 74 62 52 45 39 34,0.003366192214572358,0.003188451103406535,0.004515931158135602,0.011657496830420016,0.00996806682290038,187
3,12,12,12,8,23,mse,227 182 149 124 105 90 78 68,0.0014102262230557333,0.0013953625852117266,0.0017764455566982886,0.005646390464933246,0.004194717482752037,200
3,12,12,12,9,23,mse,454 363 297 248 210 180 156 136,0.0012783787218947154,0.0012921700958829965,0.001659252468780036,0.0057016704387988885,0.00433509274170406,213
3,12,12,12,10,23,mse,908 727 595 496 420 360 312 273,0.0008587120420103977,0.0008112217376741691,0.0011058895426431842,0.004684353620706916,0.0028317045864738434,226
3,12,12,12,11,23,mse,1816 1454 1190 992 839 720 624 546,0.0008212647143272633,0.0007723156122122323,0.0010872716381507492,0.004684353620706916,0.0028835967322482594,239
3,12,12,12,11,23,mred,1816 1453 1189 992 839 720 624 546,0.0008053909259800054,0.0007609227433039415,0.0011375239545407254,0.005016891974913764,0.0033041113398665205,239
3,12,12,14,5,23,mse,28 23 19 16 13 11 10 9,0.023304170759021033,0.024110917568823685,0.025904038331491002,0.05656925213865024,0.055735503173711204,151
3,12,12,14,6,23,mse,57 45 37 31 26 22 19 17,0.009444285158709272,0.0098481154120807,0.012006701170037121,0.028050294869856447,0.026523162122813023,162
3,12,12,14,7,23,mse,114 91 74 62 52 45 39 34,0.003320435958463284,0.0031777623318006076,0.004548824778903252,0.012227146688154644,0.010289206934780668,173
3,12,12,14,8,23,mse,227 182 149 124 105 90 78 68,0.0013107902716071448,0.0013090453703905394,0.0017293142609731231,0.006104829196853516,0.004564987589367898,184
3,12,12,14,9,23,mse,454 364 298 248 210 180 156 136,0.0013107902716071448,0.0013090453703905394,0.0017293142609731231,0.006104829196853516,0.004564987589367898,195
3,12,12,14,10,23,mse,909 727 595 496 420 360 312 273,0.0008147574774432196,0.0007546141431881803,0.0011308144919080646,0.004687299560715904,0.002963714144799171,206
3,12,12,14,10,23,mred,908 727 595 496 420 360 312 273,0.0007974237919364443,0.0007425291326754922,0.0011574894136497814,0.005623571852394345,0.0033444713375104258,206
3,12,12,14,11,23,mse,1817 1454 1190 992 840 720 624 546,0.0007921608687853022,0.0007385108731328483,0.001109137877184566,0.005076007739978262,0.0031541178902661426,217
3,12,12,16,5,23,mse,28 23 19 16 13 11 10 9,0.023044205100833166,0.02379107586361433,0.02550608557105632,0.05600793668398889,0.05544462851175981,141
3,12,12,16,6,23,mse,57 46 37 31 26 23 20 17,0.009744132253718143,0.01018110260786612,0.012155601565151808,0.026996162869687507,0.026226811803760852,150
3,12,12,16,7,23,mse,114 91 74 62 53 45 39 34,0.003524728249752424,0.0035053171206914677,0.004701313586474062,0.012401263416974988,0.010675068435901566,159
3,12,12,16,7,23,mred,114 91 75 62 53 45 39 34,0.003512691478507076,0.0034662041223969767,0.004731136222185826,0.011292250743438573,0.01046851642115759,159
3,12,12,16,8,23,mse,228 182 149 124 105 90 78 68,0.001869120678692208,0.0019049286193608059,0.0024072898405523334,0.008511426390228411,0.006291178291482777,168
3,12,12,16,9,23,mse,455 364 298 248 210 180 156 137,0.0015681881075963525,0.0015781720807834744,0.001960322007457792,0.008212714862045929,0.00481017488382435,177
3,12,12,16,10,23,mse,910 728 596 497 420 360 312 273,0.001336312512799974,0.0013071715871011023,0.001729363567550693,0.0075953749769697,0.004642459233109933,186
3,12,12,16,11,23,mse,1821 1457 1192 993 841 721 625 546,0.0013121635393749356,0.0012647000877761094,0.0016972058890932743,0.007212929292350411,0.004273055240147808,195
3,12,12,16,11,23,mred,1821 1456 1192 994 841 721 625 546,0.001309870319290697,0.0012610706806555736,0.0017007832690296187,0.007376925792102584,0.004299963072483346,195
3,12,12,18,6,23,mse,57 46 37 31 26 23 20 17,0.011401823127802156,0.01173566763090107,0.013013687310402427,0.030577927280466245,0.02562921408011516,138
3,12,12,18,7,23,mse,115 92 75 62 53 45 39 34,0.006040277955901184,0.006034091586403401,0.00734069222157387,0.022650431674806966,0.0160310902684732,145
3,12,12,18,8,23,mse,229 183 150 125 106 90 78 69,0.0051776080509004525,0.0051661258392193595,0.006236348766434874,0.022291872186345492,0.014625243183481549,152
3,12,12,18,9,23,mse,458 367 300 250 211 181 157 137,0.004247575249683449,0.0040747715869082985,0.005446140287784176,0.020433261303811654,0.012878083828890555,159
3,12,12,18,10,23,mse,917 733 599 499 422 362 314 274,0.004227632839292271,0.004079099540642795,0.005376004083528623,0.02095620534507001,0.013547678602672976,166
3,12,12,18,10,23,mred,917 733 600 500 423 362 314 274,0.004245979674654976,0.004065373144354948,0.005409124276254889,0.02095620534507001,0.012790328780339085,166
3,12,12,18,11,23,mse,1834 1466 1199 999 845 724 627 549,0.0041893673044394375,0.0040208199918780625,0.005333758341858066,0.02095620534507001,0.013122329557534758,173
3,12,12,18,11,23,mred,1834 1467 1199 999 845 724 627 549,0.004190793667421302,0.004017802823197686,0.00534179854445563,0.020288371924432266,0.01288102705839761,173
3,12,12,20,5,23,mse,30 24 19 16 13 12 10 9,0.026115994363739563,0.025774526281552586,0.03214989937428802,0.08255202383861109,0.06657899871095425,121
3,12,12,20,6,23,mse,59 47 38 32 27 23 20 17,0.0183499051541853,0.018178738269597802,0.022759411550787204,0.07318922662020033,0.05713828551013748,126
3,12,12,20,7,23,mse,118 94 77 64 54 46 40 35,0.01709301214363048,0.016416833914194358,0.021640928557466983,0.07318922662020033,0.05116045544281828,131
3,12,12,20,8,23,mse,236 188 153 128 108 92 80 70,0.017002890529828254,0.016373737441827973,0.02155142418462094,0.07318922662020033,0.05354551084254053,136
3,12,12,20,8,23,mred,237 189 153 128 108 92 80 70,0.01703819927210532,0.01635645039552888,0.021713872699987185,0.06926206232621814,0.05146009669697115,136
3,12,12,20,9,23,mse,472 376 306 255 215 184 159 139,0.016876566496806827,0.016341353050178038,0.021431876765814477,0.07318922662020033,0.0538103183074361,141
3,12,12,20,9,23,mred,474 377 307 256 216 184 159 139,0.01692759010267321,0.01629030904056449,0.02156855333770792,0.06926206232621814,0.050704708653931826,141
3,12,12,20,10,23,mse,945 753 613 510 431 368 319 279,0.016863126264513976,0.016265393658209365,0.021402070277347328,0.07220743554670478,0.052545772169299565,146
3,12,12,20,10,23,mred,948 754 613 511 431 368 319 279,0.016877188589178985,0.016244335552559094,0.021493979366330407,0.06926206232621814,0.05157316421425637,146
3,12,12,20,11,23,mse,1889 1505 1226 1021 862 737 637 557,0.016853967995366485,0.016265754732896917,0.02138902398455274,0.07269833108345256,0.053044210795317306,151
3,12,12,20,11,23,mred,1895 1508 1226 1023 863 737 638 557,0.016880297995813823,0.016240770368151684,0.021485031707542797,0.06975295786296591,0.0516067529915918,151
3,12,14,12,5,23,mse,28 23 19 15 13 11 10 9,0.023285200692020495,0.024135270845265178,0.025969951654956597,0.05704834214751528,0.056523523896996185,149
3,12,14,12,6,23,mse,57 45 37 31 26 22 19 17,0.009114316153558377,0.009449312675126121,0.011577590136727621,0.027376633496151874,0.025979186416539183,162
3,12,14,12,7,23,mse,113 91 74 62 52 45 39 34,0.003323025389687094,0.0031469339638035354,0.004314643344210973,0.011372671901552701,0.009612969542579218,175
3,12,14,12,8,23,mse,227 182 149 124 105 90 78 68,0.001723582757571796,0.0016635218231676407,0.002098499805309311,0.005193909726349932,0.004041318639730195,188
3,12,14,12,9,23,mse,454 363 297 248 210 180 156 136,0.0013419010536027689,0.0013553275580272736,0.0016465482203044666,0.005588634460899712,0.004026729905268004,201
3,12,14,12,10,23,mse,908 726 595 496 419 360 312 273,0.0011108680512435646,0.0010575607972090081,0.0013973658000199412,0.00441593984022837,0.0031849792993576885,214
3,12,14,12,10,23,mred,907 726 595 496 419 360 312 273,0.0010843576857682367,0.0010383965329926281,0.0014012985043900833,0.00499797432699071,0.0035026825825909143,214
3,12,14,12,11,23,mse,1815 1453 1189 991 839 719 623 546,0.0008758760410023593,0.0008301203340146601,0.0011960811493323248,0.004751587856910571,0.0031433307542176256,227
3,12,14,12,11,23,mred,1815 1452 1189 991 839 719 623 546,0.0008760503493813138,0.0008298087144261178,0.0012207432646129909,0.004751587856910571,0.0033534787816545345,227
3,12,14,14,5,23,mse,28 23 19 15 13 11 10 9,0.023306904233299335,0.024143058320879873,0.02595604447299338,0.056993611591596674,0.05631525123601093,139
3,12,14,14,6,23,mse,57 45 37 31 26 22 19 17,0.009249571496076437,0.009616030009551952,0.011746331410897277,0.027913966189840083,0.02624744514266145,150
3,12,14,14,7,23,mse,113 91 74 62 52 45 39 34,0.003416733097528964,0.003230456965680387,0.004535213990031402,0.012227146688154644,0.009909507969178869,161
3,12,14,14,8,23,mse,227 182 149 124 105 90 78 68,0.0015489934634399468,0.0015092734031141954,0.0019397813315562649,0.005457878367685786,0.0042760506011686765,172
3,12,14,14,9,23,mse,454 363 297 248 210 180 156 136,0.0013420010496605324,0.0013506522369617123,0.0017114985636938424,0.0063600940152357096,0.004399162343431791,183
3,12,14,14,10,23,mse,908 727 595 496 420 360 312 273,0.0010033475041377833,0.0009389907454179676,0.001296035320113586,0.005076055960879798,0.0028905651571816196,194
3,12,14,14,11,23,mse,1816 1453 1190 992 839 719 624 546,0.000929106177847195,0.0008731872456941767,0.001251974660209429,0.005076055960879798,0.0031757837828264683,205
3,12,14,14,11,23,mred,1815 1453 1189 992 839 719 624 546,0.0009202473546476772,0.0008703029337122181,0.0012853994808819467,0.005623921568830855,0.003644196678119284,205
3,12,14,16,5,23,mse,28 23 19 16 13 11 10 9,0.023144042880831946,0.023910597000498093,0.02567657537791872,0.05667028151015823,0.055748824279077534,129
3,12,14,16,6,23,mse,57 45 37 31 26 23 20 17,0.0097463969360135,0.010173567703457332,0.012242659894463551,0.027505265464186395,0.026610175268295688,138
3,12,14,16,7,23,mse,114 91 74 62 53 45 39 34,0.00351251426282506,0.003451698478442437,0.004758816174835504,0.012401263416974988,0.011061554516069614,147
3,12,14,16,8,23,mse,227 182 149 124 105 90 78 68,0.0017630282619271796,0.0017806179166312422,0.002324241785021076,0.009776484042954382,0.006181440027556392,156
3,12,14,16,9,23,mse,455 364 298 248 210 180 156 137,0.0015650136248645816,0.0015553645063468603,0.0020012115411933875,0.008212714862045929,0.004801757482855619,165
3,12,14,16,10,23,mse,910 728 596 496 420 360 312 273,0.0013402874878406805,0.001280003291037243,0.0017883630311043368,0.008212714862045929,0.004482275604454249,174
3,12,14,16,11,23,mse,1819 1456 1191 993 840 720 624 546,0.0012889365467927945,0.0012376745675261678,0.0017280646620794068,0.00814065224346587,0.004479592744712072,183
3,12,14,18,6,23,mse,57 46 37 31 26 23 20 17,0.011224678529004918,0.011571314734873914,0.01288033211756764,0.030577927280466245,0.025760328065515495,126
3,12,14,18,7,23,mse,114 92 75 62 53 45 39 34,0.006023507516987595,0.006007666796207098,0.007436683701550308,0.024710845315585404,0.017235006765810468,133
3,12,14,18,7,23,mred,115 92 75 62 53 45 39 34,0.006049942125867248,0.005987763610329298,0.007456545489562027,0.019771584571259396,0.015927773933529787,133
3,12,14,18,8,23,mse,229 183 150 125 106 90 78 69,0.005208826618278017,0.0051836366148150965,0.006274480262284107,0.020433261303811654,0.014194235622179526,140
3,12,14,18,9,23,mse,458 366 300 250 211 181 157 137,0.004274634269137326,0.00409928856957943,0.0054590061665744875,0.020433261303811654,0.012937827759021189,147
3,12,14,18,9,23,mred,458 367 300 250 211 181 157 137,0.00429336382885754,0.004099098286344433,0.005520873872531811,0.020433261303811654,0.01251992887463506,147
3,12,14,18,10,23,mse,916 733 599 499 422 362 313 274,0.004217526815294275,0.004073663543296789,0.0053806487402223244,0.020433261303811654,0.013239044671824763,154
3,12,14,18,10,23,mred,916 733 599 499 422 362 314 274,0.004223764912145343,0.004065350498147139,0.005384899269481151,0.020433261303811654,0.01319727311696924,154
3,12,14,18,11,23,mse,1832 1465 1198 998 844 723 627 548,0.0041929142941700085,0.004048896176790288,0.005349896964354288,0.020433261303811654,0.01319727311696924,161
3,12,14,18,11,23,mred,1832 1466 1199 998 845 724 627 548,0.004201181283481447,0.0040350570502034125,0.005371636496012957,0.020433261303811654,0.01319727311696924,161
3,12,14,20,5,23,mse,29 24 19 16 13 12 10 9,0.02640625015957449,0.02614721351692261,0.03242264991443562,0.08889788379612915,0.06969067345219289,109
3,12,14,20,5,23,mred,30 24 19 16 13 12 10 9,0.026293392622807693,0.025922310329717303,0.03242641233130798,0.08255202383861109,0.06697641604379466,109
3,12,14,20,6,23,mse,59 47 38 32 27 23 20 17,0.01833538914670812,0.018149622793105346,0.02274263831037574,0.07318922662020033,0.057037016723912676,114
3,12,14,20,7,23,mse,118 94 77 64 54 46 40 35,0.01711101087508085,0.016419056732244128,0.021671358826428476,0.07318922662020033,0.05087471783574277,119
3,12,14,20,8,23,mse,236 188 153 128 108 92 80 70,0.0170093259601922,0.016366415799997557,0.021561873144080167,0.07318922662020033,0.05316525798264304,124
3,12,14,20,8,23,mred,237 188 153 128 108 92 80 70,0.017028225179013496,0.01636039563891769,0.021670955165783046,0.06926206232621814,0.05146579527381154,124
3,12,14,20,9,23,mse,472 376 306 255 215 184 159 139,0.016857491139206905,0.016306179542790004,0.02141132862253114,0.07318922662020033,0.053431991609327566,129
3,12,14,20,9,23,mred,473 377 306 255 216 184 159 139,0.01688873699623348,0.01628501475871905,0.021494305094426295,0.07122564447320923,0.05257227542161215,129
3,12,14,20,10,23,mse,944 752 613 510 431 368 319 279,0.016867869941899268,0.01626263545242488,0.021398684097771358,0.07318922662020033,0.05255765592895896,134
3,12,14,20,10,23,mred,946 753 613 511 431 368 319 279,0.016871416070673495,0.016239593254456175,0.021446022532649454,0.07122564447320923,0.05160665857018955,134
3,12,14,20,11,23,mse,1888 1504 1225 1020 861 736 637 557,0.01684596985173991,0.01626561024210127,0.021387497920969178,0.07318922662020033,0.053037287521739564,139
3,12,14,20,11,23,mred,1893 1507 1226 1022 862 736 638 557,0.016868915718698193,0.01623676266949733,0.021466970814147352,0.07073474893646145,0.051539873284166274,139
3,12,16,12,5,23,mse,28 23 19 15 13 11 10 9,0.023166032380662997,0.02410253007147147,0.026250774105831765,0.060155010437647045,0.05923980840463382,137
3,12,16,12,6,23,mse,57 45 37 31 26 22 19 17,0.008493185024455825,0.008672462417395308,0.01098765395111456,0.02690190896881057,0.025139514762348793,150
3,12,16,12,7,23,mse,113 91 74 62 52 45 39 34,0.003348213654757065,0.003190938481413738,0.004228505716291743,0.011372671901552701,0.008866220303350134,163
3,12,16,12,8,23,mse,226 181 148 124 105 90 78 68,0.0025016072695665855,0.0024157624332958446,0.0030847175235098325,0.008289050486879385,0.0061513010012371385,176
3,12,16,12,9,23,mse,452 362 297 247 209 180 156 136,0.002147015426574571,0.002068649388359142,0.00271780374873511,0.008289050486879385,0.005719797021059283,189
3,12,16,12,10,23,mse,905 725 593 495 419 359 311 272,0.0017383644820157156,0.0016270872657718684,0.002273382286866682,0.007192025100249827,0.004803770039469778,202
3,12,16,12,11,23,mse,1810 1449 1187 989 837 718 622 545,0.0016617353272893895,0.0015404067458320392,0.0022007476770577383,0.007192025100249827,0.004950477489051269,215
3,12,16,14,5,23,mse,28 23 19 15 13 11 10 9,0.023183448112808307,0.024103439675778913,0.026202702270408534,0.06009051538163481,0.05905911610267151,127
3,12,16,14,6,23,mse,57 45 37 31 26 22 19 17,0.008594564908164886,0.008806077582224469,0.01107896952328449,0.027097427974442714,0.02542129847109281,138
3,12,16,14,7,23,mse,113 91 74 62 52 45 39 34,0.0033284693272099364,0.003171286707409648,0.004233221354384009,0.012227146688154644,0.00915622432833915,149
3,12,16,14,8,23,mse,226 181 148 124 105 90 78 68,0.0024856618356345686,0.0023805859296463375,0.0031194633342703955,0.009458980824488258,0.006334544664129665,160
3,12,16,14,9,23,mse,453 362 297 247 209 180 156 136,0.002167783128112624,0.002089748501260239,0.0027281903792390656,0.008440784294339388,0.005618652415490343,171
3,12,16,14,10,23,mse,905 725 594 495 419 359 311 272,0.0017594332106494006,0.0016584889736101186,0.002306192566678082,0.008363249608586143,0.004785010749392909,182
3,12,16,14,11,23,mse,1811 1450 1187 990 838 718 623 545,0.0016625916822412723,0.0015393805622447485,0.002210219358145243,0.007815384000635086,0.004938984882954818,193
3,12,16,16,5,23,mse,28 23 19 15 13 11 10 9,0.023277325428329547,0.024138989420345938,0.026108463858370658,0.059544978619849594,0.05820520801635366,117
3,12,16,16,6,23,mse,57 45 37 31 26 22 19 17,0.009094877229452538,0.009427040307895693,0.011620290649765776,0.029150559575072062,0.02680137229065469,126
3,12,16,16,7,23,mse,113 91 74 62 52 45 39 34,0.003559044829136209,0.0033982648935941473,0.004674104083913493,0.015645045834562412,0.010937825953244123,135
3,12,16,16,8,23,mse,227 182 149 124 105 90 78 68,0.002476138513127245,0.0023220863592528142,0.0032706381096717627,0.009776484042954382,0.006942808384597323,144
3,12,16,16,9,23,mse,454 363 297 248 210 180 156 136,0.0021915641071618697,0.002103989689865281,0.002818403538672622,0.009776484042954382,0.0061813038676514385,153
3,12,16,16,10,23,mse,907 726 594 496 419 360 312 273,0.0019979449852887956,0.0018793835081693743,0.0026299049736669576,0.010867038575946723,0.005901440218050871,162
3,12,16,16,11,23,mse,1814 1452 1189 991 839 719 623 545,0.0018961996337822098,0.001779227512632097,0.002531454328328367,0.010867038575946723,0.005852304902143986,171
3,12,16,18,6,23,mse,57 46 37 31 26 23 20 17,0.010892701830366506,0.011208752647614053,0.01285243260266092,0.029904260125950436,0.027507270459010073,114
3,12,16,18,7,23,mse,114 91 75 62 53 45 39 34,0.005607060648968516,0.005571498446526808,0.0069881750429348416,0.021221608636423035,0.016374353390395915,121
3,12,16,18,8,23,mse,228 183 150 125 105 90 78 68,0.0053276237115650864,0.005289856671305887,0.006594317700140611,0.020698824725884777,0.015409772794788362,128
3,12,16,18,9,23,mse,457 365 299 249 211 181 156 137,0.0045095920614817465,0.00434853442595914,0.0057877462967924065,0.018551234429231015,0.01395287520949233,135
3,12,16,18,9,23,mred,457 365 299 249 211 181 157 137,0.004521923638445609,0.004334187298823934,0.005794429611893399,0.018551234429231015,0.01391739908882257,135
3,12,16,18,10,23,mse,913 731 598 498 421 361 313 274,0.004368540529294494,0.004206755322788668,0.005638211854574084,0.019625029577557896,0.013947968871421766,142
3,12,16,18,10,23,mred,913 731 598 498 422 361 313 274,0.0043726675757317195,0.004200169964880653,0.005655638066609244,0.019625029577557896,0.013790531547459413,142
3,12,16,18,11,23,mse,1827 1461 1196 996 843 722 626 548,0.004352749452898174,0.004186161839144642,0.005620916592858733,0.019088132003394456,0.013785118863856109,149
3,12,16,18,11,23,mred,1827 1461 1196 996 843 723 626 548,0.004358713112126727,0.004182402346153501,0.00562898010149003,0.019088132003394456,0.013785118863856109,149
3,12,16,20,5,23,mse,29 23 19 16 13 11 10 9,0.026253605149519972,0.026498953490656812,0.0315976816350561,0.08889788379612915,0.07558252967778083,97
3,12,16,20,5,23,mred,29 23 19 16 13 12 10 9,0.026331027907758858,0.02635056802662177,0.03199268017122178,0.08889788379612915,0.07038758370036305,97
3,12,16,20,6,23,mse,59 47 38 32 27 23 20 17,0.018342544117953736,0.018014087100190444,0.022896438694962218,0.07318922662020033,0.055929546436273875,102
3,12,16,20,7,23,mse,118 94 76 64 54 46 40 35,0.017370595440855428,0.01666869665286985,0.022141266414508056,0.07318922662020033,0.05376427838021607,107
3,12,16,20,8,23,mse,235 187 153 127 107 92 80 70,0.017181790127347427,0.016599265834117458,0.02173223017588471,0.07711639091418253,0.05415606409916649,112
3,12,16,20,8,23,mred,236 188 153 127 107 92 80 70,0.01715208714453839,0.016529059211723145,0.021784146762244074,0.07318922662020033,0.05133223219632032,112
3,12,16,20,9,23,mse,471 375 306 254 215 184 159 139,0.01691398160578711,0.016308120348429274,0.021495602095344,0.07515280876719144,0.05275605747130452,117
3,12,16,20,9,23,mred,472 376 306 255 215 184 159 139,0.016937331303761974,0.01628333499344194,0.021611403086690385,0.07318922662020033,0.050740713785048734,117
3,12,16,20,10,23,mse,941 750 612 508 430 367 318 278,0.0169060544777956,0.016311600726638176,0.021491553088005808,0.07613459984068699,0.053167892165687326,122
3,12,16,20,10,23,mred,944 752 612 509 430 367 318 278,0.016910549724668468,0.01627602615018428,0.021582695450694356,0.07318922662020033,0.050744923835362485,122
3,12,16,20,11,23,mse,1883 1500 1224 1017 859 735 636 556,0.016898460349824177,0.01629945891180844,0.02148212338002603,0.07564370430393921,0.053120353179649096,127
3,12,16,20,11,23,mred,1888 1504 1224 1018 860 735 636 556,0.01691072882851956,0.01627194916634904,0.021579095081416633,0.07318922662020033,0.050744923835362485,127
3,12,18,12,5,23,mse,28 22 18 15 13 11 10 8,0.02101957371768188,0.0220675167595187,0.025108144351245934,0.0625912383024842,0.06077625298614045,125
3,12,18,12,6,23,mse,56 45 37 31 26 22 19 17,0.009231053651522674,0.009115982961708298,0.011209862200162273,0.026462507835996175,0.02402404307546722,138
3,12,18,12,7,23,mse,112 90 74 61 52 45 39 34,0.007590497238774321,0.007327854808589276,0.009440446503774406,0.01958811340245469,0.018351690159803313,151
3,12,18,12,7,23,mred,112 90 73 61 52 45 39 34,0.00758023090419954,0.007305781286945349,0.00946478637515712,0.021077400678240456,0.018253135556403947,151
3,12,18,12,8,23,mse,224 179 147 123 104 89 77 68,0.006131445069370271,0.005746464155391082,0.007818710666354972,0.017741982095353683,0.014680035897931508,164
3,12,18,12,9,23,mse,448 359 294 245 208 178 155 135,0.0059917456711916,0.005575811620753559,0.007638632105543759,0.01706525357991585,0.01442302273413928,177
3,12,18,12,9,23,mred,448 358 294 245 208 178 155 135,0.0059965331878214685,0.005575033950697285,0.0076715503436881,0.017741982095353683,0.0147767652003434,177
3,12,18,12,10,23,mse,896 717 588 491 416 357 309 271,0.0058738634573728046,0.005447668737529463,0.0075228530086047934,0.01706525357991585,0.01442302273413928,190
3,12,18,12,10,23,mred,896 717 588 491 416 356 309 271,0.005871552419709577,0.005437646286537285,0.007531281764528811,0.01706525357991585,0.01442302273413928,190
3,12,18,12,11,23,mse,1791 1435 1176 981 831 713 618 542,0.005848029254599485,0.005415308713346917,0.007495250153445893,0.01761376627323063,0.014204225472992028,203
3,12,18,12,11,23,mred,1791 1434 1175 981 831 713 618 542,0.00584734215703362,0.005412736509839148,0.007506956092383311,0.01761376627323063,0.014337661931851011,203
3,12,18,14,5,23,mse,28 22 18 15 13 11 10 8,0.021197940625077856,0.02223228430221756,0.0252749435992631,0.06294233514574936,0.06101089468673276,115
3,12,18,14,6,23,mse,56 45 37 31 26 22 19 17,0.009179446978248077,0.009076868265330065,0.011154494446822432,0.026462507835996175,0.02415683223145189,126
3,12,18,14,7,23,mse,112 90 74 61 52 45 39 34,0.0074903609708498724,0.0072146492706040245,0.00933133222555302,0.019573233496091046,0.018081497500951168,137
3,12,18,14,8,23,mse,224 179 147 123 104 89 77 68,0.006120021326716123,0.005729791646194301,0.007825099345542524,0.018224830551705175,0.014882891978774397,148
3,12,18,14,9,23,mse,448 359 294 245 208 178 155 135,0.0059896539125443024,0.0055727096073157735,0.00764159352809361,0.018224830551705175,0.014377445144311019,159
3,12,18,14,10,23,mse,896 718 588 491 416 357 309 271,0.005861582982555817,0.005431888354316976,0.007512591155447184,0.018224830551705175,0.014292862198553854,170
3,12,18,14,10,23,mred,896 717 588 491 416 357 309 271,0.005858684472748818,0.005427279174011158,0.007517821917347726,0.018224830551705175,0.014453459033152797,170
3,12,18,14,11,23,mse,1792 1435 1177 982 831 713 618 542,0.005847101250183254,0.005412631026381316,0.007502336338965565,0.018224830551705175,0.014261296256878055,181
3,12,18,14,11,23,mred,1792 1435 1176 982 831 713 618 542,0.00584366082797113,0.005409051411454195,0.007503255685886012,0.018224830551705175,0.014433580630601158,181
3,12,18,16,5,23,mse,28 22 18 15 13 11 10 8,0.021931585946101968,0.022915347012684068,0.02597954040369762,0.06541410462216632,0.062127153386441515,105
3,12,18,16,6,23,mse,56 45 37 31 26 22 19 17,0.009095297425156346,0.009031839441582621,0.011129298304546374,0.02863422902795321,0.025211486933593187,114
3,12,18,16,7,23,mse,112 90 74 61 52 45 39 34,0.007235193310335908,0.00690808869913816,0.00910462599208979,0.022863138438862472,0.01772919850768909,123
3,12,18,16,8,23,mse,224 180 147 123 104 89 77 68,0.0062038247031649535,0.005803024229818601,0.00795130711191144,0.022863138438862472,0.014985604095786819,132
3,12,18,16,9,23,mse,449 359 295 246 208 179 155 136,0.006049842142254196,0.005644588687818183,0.007751833101624265,0.020682029372877792,0.014876775704586556,141
3,12,18,16,9,23,mred,449 359 294 246 208 178 155 136,0.006042108886707176,0.0056268109369621375,0.007772784099800821,0.020682029372877792,0.014888541169333422,141
3,12,18,16,10,23,mse,897 719 589 491 416 357 309 271,0.005915982275534838,0.0054799036135333564,0.007600768651050032,0.021772583905870134,0.01448711621310357,150
3,12,18,16,10,23,mred,897 718 589 491 416 357 309 271,0.005915303125701157,0.005478257093167389,0.0076122414127243075,0.021772583905870134,0.014890782987424994,150
3,12,18,16,11,23,mse,1795 1437 1178 983 832 714 619 542,0.005893144381863512,0.005455599790074995,0.007576015918142697,0.02122730663937396,0.014524850491743891,159
3,12,18,18,5,23,mse,28 23 19 15 13 11 10 9,0.0237981047363126,0.024618009605756552,0.027917426047064448,0.07168205018784755,0.0666196144411548,95
3,12,18,18,6,23,mse,57 45 37 31 26 22 19 17,0.010703879641633066,0.01067594480556477,0.013597248893837769,0.03898191690461969,0.03204682821369551,102
3,12,18,18,7,23,mse,113 90 74 62 52 45 39 34,0.007328879099674319,0.006896304730304477,0.009678384858997375,0.029864414779748962,0.021791490070898714,109
3,12,18,18,8,23,mse,226 181 148 123 105 90 78 68,0.007193108121978568,0.006768635517464207,0.00938523620329981,0.027108359737991458,0.020256379436890768,116
3,12,18,18,8,23,mred,226 181 148 124 105 90 78 68,0.007156395008988143,0.0067096154052133546,0.00939301598285517,0.027108359737991458,0.0202437689587717,116
3,12,18,18,9,23,mse,452 362 296 247 209 179 155 136,0.006811723988930396,0.006392636511947866,0.00901641367384696,0.027108359737991458,0.020070934384499937,123
3,12,18,18,10,23,mse,904 723 592 494 418 359 311 272,0.006776397252499833,0.006343764375994649,0.008982008094541815,0.027108359737991458,0.02002679040837537,130
3,12,18,18,10,23,mred,905 724 593 494 418 358 311 272,0.006768778665008301,0.006326880092110011,0.009006078238432148,0.026815866794962995,0.019909173347373577,130
3,12,18,18,11,23,mse,1808 1447 1185 988 836 717 622 544,0.006752641741485956,0.006315899957417749,0.008964247622127946,0.027108359737991458,0.019658367914503646,137
3,12,18,18,11,23,mred,1809 1447 1185 989 836 717 622 544,0.006746777622514472,0.006307344848634475,0.00897633160378327,0.026570255954660702,0.019591250028772086,137
3,12,18,20,5,23,mse,29 23 19 16 13 11 10 9,0.025456540249882358,0.025792737412312996,0.030306419141902262,0.086175701734339,0.06769750820074676,85
3,12,18,20,6,23,mse,58 46 38 31 27 23 20 17,0.019699192207128048,0.019174383849452983,0.025005701745329425,0.08459001189473749,0.06169405501647475,90
3,12,18,20,6,23,mred,58 47 38 32 27 23 20 17,0.019824466484982328,0.019004060237737184,0.025334922560661194,0.07908982351939373,0.05651652804592052,90
3,12,18,20,7,23,mse,116 93 76 63 53 46 40 35,0.018512222292581745,0.017905169158530024,0.0234913885404319,0.07908982351939373,0.05672870619079276,95
3,12,18,20,8,23,mse,232 186 152 126 107 91 79 69,0.017456521816371976,0.01674415920027165,0.022671415736422635,0.07908982351939373,0.05650265929648038,100
3,12,18,20,8,23,mred,233 186 152 126 107 91 79 69,0.017476560555642735,0.016737965078594173,0.02268664757525727,0.07512038310352905,0.055326340359512255,100
3,12,18,20,9,23,mse,465 371 303 252 213 182 158 138,0.017429339439274244,0.016760642237131754,0.022603239461978886,0.07712743046996631,0.057137595555660725,105
3,12,18,20,9,23,mred,465 372 304 252 213 182 158 138,0.017430286135686722,0.01672906148805502,0.022619999458425404,0.07710510331146138,0.05626154666071464,105
3,12,18,20,10,23,mse,930 743 607 504 426 365 316 276,0.01741196671671808,0.016722673696420456,0.02258326447276432,0.07710510331146138,0.05703405192073107,110
3,12,18,20,10,23,mred,931 745 607 504 427 365 316 276,0.017423760492845615,0.016700215818712214,0.02263908274350024,0.07611274320749521,0.05602011004107594,110
3,12,18,20,11,23,mse,1859 1485 1214 1008 853 730 632 553,0.017415391029122658,0.016721911270336346,0.02257829213443913,0.07760128336344446,0.05737116155341044,115
3,12,18,20,11,23,mred,1861 1489 1215 1008 854 730 632 553,0.017422889845389776,0.016697925581552107,0.022617968739934227,0.0766089232594783,0.0563927004839361,115
3,14,12,12,5,23,mse,28 23 19 16 13 11 10 9,0.023260547609626044,0.024063047544569106,0.025823874993052047,0.05617470275981766,0.055643987990279135,149
3,14,12,12,6,23,mse,57 45 37 31 26 22 20 17,0.009547845567549229,0.009961541428766707,0.012108869235008384,0.027042096035776193,0.02652492281973566,162
3,14,12,12,7,23,mse,114 91 74 62 52 45 39 34,0.003379188819411006,0.003247802461201881,0.004633688019437042,0.013081621474756586,0.010604808359938257,175
3,14,12,12,8,23,mse,227 182 149 124 105 90 78 68,0.0013115201394300587,0.0013240440965971334,0.0017576483558359376,0.006928301386745656,0.004891963042481979,188
3,14,12,12,9,23,mse,454 364 298 248 210 180 156 137,0.0012844869589048648,0.0012822261723976721,0.0017200290198154406,0.00546775830105268,0.0043855328001501746,201
3,14,12,12,10,23,mse,909 727 595 496 420 360 312 273,0.0008217166240722139,0.0007662417814148343,0.00115615186002231,0.004761280703480782,0.0032774139594414988,214
3,14,12,12,10,23,mred,908 727 595 496 420 360 312 273,0.000801544725362937,0.0007532627528254734,0.0011838214265267506,0.00546775830105268,0.00360126293383516,214
3,14,12,12,11,23,mse,1817 1454 1190 992 840 720 624 546,0.0007960445920340046,0.0007484865195413475,0.0011357756888442118,0.004920108388222864,0.003377310905130732,227
3,14,12,14,5,23,mse,28 23 19 16 13 11 10 9,0.023196897299586523,0.02398613739050475,0.025713508782154615,0.05609833239624968,0.055474473945371104,139
3,14,12,14,6,23,mse,57 45 37 31 26 23 20 17,0.009615998889692359,0.010030366999519686,0.012139632522694573,0.0269643391827591,0.026323477083713992,150
3,14,12,14,7,23,mse,114 91 74 62 53 45 39 34,0.003375352065988148,0.003275331347655499,0.004668812618527721,0.011292250743438573,0.01047257892881713,161
3,14,12,14,8,23,mse,227 182 149 124 105 90 78 68,0.0013318017366508133,0.0013610539526014418,0.0018198876904293277,0.007606783531095409,0.005284216458148709,172
3,14,12,14,9,23,mse,455 364 298 248 210 180 156 137,0.001287986883074649,0.0012701553537061698,0.0016921644679447727,0.004760219015876431,0.004182949728495502,183
3,14,12,14,9,23,mred,454 364 298 248 210 180 156 137,0.0012547042776181478,0.0012521944643453567,0.0017017538030536902,0.006642865321571326,0.004314284321954246,183
3,14,12,14,10,23,mse,909 727 595 496 420 360 312 273,0.0008739425370148015,0.0008322234279234302,0.001254278414539757,0.00604878228083721,0.003736577666565809,194
3,14,12,14,11,23,mse,1818 1455 1191 993 840 720 624 546,0.0008585717237730487,0.0008100582331112064,0.0011755747811959215,0.005548859666639136,0.003364517579631724,205
3,14,12,14,11,23,mred,1818 1455 1191 992 840 720 624 546,0.0008546779775037371,0.0008099489841121728,0.0011898693937307829,0.005548859666639136,0.0034858373160730296,205
3,14,12,16,5,23,mse,28 23 19 16 13 11 10 9,0.022923565299807776,0.02365575459777527,0.02534260888535061,0.05582142993222324,0.05509126401998707,129
3,14,12,16,6,23,mse,57 46 37 31 26 23 20 17,0.009742611806013626,0.010198095269085609,0.012008237963692091,0.0269643391827591,0.025810273941130717,138
3,14,12,16,7,23,mse,114 91 75 62 53 45 39 34,0.0035421337692955173,0.0035360389216105353,0.0046016920874881635,0.011292250743438573,0.009983699098020564,147
3,14,12,16,8,23,mse,228 182 149 124 105 90 78 68,0.0020928447435871545,0.002175821629359905,0.002608908008164431,0.009838676882684194,0.007087987429288416,156
3,14,12,16,9,23,mse,455 364 298 248 210 180 156 137,0.0017545690028136379,0.0017661160685731037,0.0021829079730391553,0.009838676882684194,0.005667112854585334,165
3,14,12,16,10,23,mse,911 729 596 497 421 360 312 273,0.0015208027637200069,0.001505231121842204,0.0019217753826866026,0.008478565175105464,0.004913362626961357,174
3,14,12,16,11,23,mse,1821 1457 1193 994 841 721 625 547,0.0013225714624587664,0.0012682764632041335,0.0017448642261332224,0.009158621028894828,0.004605091698266574,183
3,14,12,18,5,23,mse,29 23 19 16 13 11 10 9,0.02000128383765838,0.021028921127534687,0.0229977366424235,0.05582142993222324,0.0540465657321789,119
3,14,12,18,6,23,mse,57 46 37 31 26 23 20 17,0.011573521825164038,0.011898548603422232,0.013136816943191932,0.03174977768832016,0.025529517041186618,126
3,14,12,18,6,23,mred,57 46 38 31 26 23 20 17,0.011631052060115957,0.011836437356040602,0.013349920283982835,0.02957096723738142,0.02531917620790126,126
3,14,12,18,7,23,mse,115 92 75 62 53 45 39 34,0.006189423425377554,0.00623340729079182,0.00743488075535121,0.02532698410322876,0.016644388801848622,133
3,14,12,18,8,23,mse,229 183 150 125 106 91 78 69,0.00522828441112097,0.00517792468951314,0.006338829906619908,0.022291872186345492,0.015411247010225317,140
3,14,12,18,9,23,mse,459 367 300 250 211 181 157 137,0.0042873291722724015,0.004120409109160885,0.005488792290007212,0.019620538503794523,0.013261875133488227,147
3,14,12,18,10,23,mse,917 733 600 500 423 362 314 274,0.0042669129106241,0.004104368205089656,0.00545458626912816,0.02095620534507001,0.014032451658110151,154
3,14,12,18,10,23,mred,917 734 600 500 423 362 314 274,0.0042670971303917175,0.004095069997623012,0.005465844269718488,0.020411299582965576,0.013475302315956759,154
3,14,12,18,11,23,mse,1835 1467 1199 999 845 724 627 549,0.004235636174747277,0.0040779120125136485,0.005414363002083568,0.020288371924432266,0.01379882415704733,161
3,14,12,18,11,23,mred,1835 1468 1200 1000 845 724 628 549,0.004245229659234119,0.004063012893341687,0.005442032345207177,0.01987717270160405,0.013200961412411947,161
3,14,12,20,5,23,mse,30 24 19 16 13 12 10 9,0.02607112355683592,0.025732431757117043,0.032078239196490554,0.0850331486925952,0.06630849965036116,109
3,14,12,20,6,23,mse,59 47 38 32 27 23 20 17,0.018432088944716804,0.018286373677079002,0.022875310505162148,0.0747573251536446,0.05808508792976276,114
3,14,12,20,7,23,mse,118 94 77 64 54 46 40 35,0.017097592145435294,0.01643121917774539,0.02167009632573748,0.0747573251536446,0.052591358992692086,119
3,14,12,20,8,23,mse,236 188 153 128 108 92 80 70,0.017022610111406017,0.016403907885861744,0.021606793692620294,0.0747573251536446,0.05410894870664366,124
3,14,12,20,8,23,mred,237 189 153 128 108 92 80 70,0.017047428436202616,0.016378402480935736,0.02174106510029653,0.0708368053449736,0.052388650936200536,124
3,14,12,20,9,23,mse,473 376 307 255 215 184 159 139,0.01693860439741865,0.016395173239987577,0.02151551192701878,0.0727970652493091,0.0530871437108111,129
3,14,12,20,9,23,mred,474 377 307 256 216 184 159 139,0.016954283427689697,0.016337108781176224,0.021603950303332457,0.0708368053449736,0.05101706619859715,129
3,14,12,20,10,23,mse,945 753 613 511 431 369 319 279,0.016903110506528873,0.016300808080841944,0.02146293214616108,0.07377719520147684,0.05340857766814027,134
3,14,12,20,10,23,mred,948 754 613 511 432 369 319 279,0.01692260738146821,0.01628370872113546,0.021545092627216825,0.0708368053449736,0.05225933827882233,134
3,14,12,20,11,23,mse,1890 1505 1226 1021 862 737 638 557,0.016892883147546157,0.016311589594742416,0.021456661022699927,0.07377719520147684,0.05350799199884422,139
3,14,12,20,11,23,mred,1896 1508 1227 1023 863 737 638 558,0.016914286707272647,0.016275405950562056,0.021542911523322324,0.0708368053449736,0.051657618454016625,139
3,14,14,12,5,23,mse,28 23 19 15 13 11 10 9,0.02330173353036507,0.024132716337359278,0.02593160504278518,0.05688419875645478,0.05614313085459995,137
3,14,14,12,6,23,mse,57 45 37 31 26 22 19 17,0.009341427635488762,0.009722860793862326,0.011841743320107163,0.028284566627077286,0.02646012739509401,150
3,14,14,12,7,23,mse,113 91 74 62 52 45 39 34,0.003438463730727148,0.0032596350900411675,0.00458866747661527,0.012511971617021958,0.01021317261430839,163
3,14,14,12,8,23,mse,227 182 149 124 105 90 78 68,0.0015210336794119431,0.0014892675345203406,0.0019372943292661144,0.006249819242395904,0.004549574154117227,176
3,14,14,12,9,23,mse,454 363 297 248 210 180 156 136,0.0013408979251457944,0.001354444912756316,0.001745248931250288,0.0063600940152357096,0.004668275721425973,189
3,14,14,12,10,23,mse,908 727 595 496 420 360 312 273,0.0009605613944007288,0.0008960888983473982,0.001272488823158004,0.004857627822654318,0.00298468428284826,202
3,14,14,12,11,23,mse,1816 1453 1190 992 839 720 624 546,0.0009161093266640246,0.0008574638851664381,0.0012512667665991295,0.004857627822654318,0.0032819272910130292,215
3,14,14,12,11,23,mred,1815 1453 1190 992 839 720 624 546,0.0009119920659428437,0.0008550492871998753,0.0012717224258027998,0.005405613710417173,0.0033776632478763275,215
3,14,14,14,5,23,mse,28 23 19 16 13 11 10 9,0.023287690074740637,0.024096954741531056,0.02589649498874721,0.05667028151015823,0.05590304226349112,127
3,14,14,14,6,23,mse,57 45 37 31 26 22 19 17,0.009493330098281298,0.00990328856197512,0.012021301978462616,0.02851154990980864,0.02676558642553562,138
3,14,14,14,7,23,mse,114 91 74 62 52 45 39 34,0.0034321365737013873,0.0032780978562427327,0.004653842784184825,0.0133664464036239,0.01055329258756413,149
3,14,14,14,8,23,mse,227 182 149 124 105 90 78 68,0.0014265990546496825,0.0014181092441996046,0.0018563663796298641,0.0067021406719624055,0.004826739754665759,160
3,14,14,14,9,23,mse,454 364 298 248 210 180 156 136,0.0014265990546496825,0.0014181092441996046,0.0018563663796298641,0.0067021406719624055,0.004826739754665759,171
3,14,14,14,9,23,mred,454 363 298 248 210 180 156 137,0.0014116975004637646,0.001401989409646602,0.0018737308722623048,0.006456286759853385,0.0046394048172166205,171
3,14,14,14,10,23,mse,908 727 595 496 420 360 312 273,0.0009104915000626231,0.000851788034709509,0.0012659901494822862,0.005087769248503321,0.0034980613825968732,182
3,14,14,14,11,23,mse,1817 1454 1190 992 840 720 624 546,0.0009171162035192581,0.0008553878642463577,0.0012590974446936114,0.005087769248503321,0.003275924560097113,193
3,14,14,14,11,23,mred,1816 1454 1190 992 840 720 624 546,0.0009104915000626231,0.000851788034709509,0.0012659901494822862,0.005087769248503321,0.0034980613825968732,193
3,14,14,16,5,23,mse,28 23 19 16 13 11 10 9,0.023018992336093176,0.023771752541318233,0.025490775977755706,0.05667028151015823,0.055479888034858094,117
3,14,14,16,6,23,mse,57 46 37 31 26 23 20 17,0.009783328244678686,0.010200995299849632,0.01217496779044165,0.02737101090049201,0.026295282979747255,126
3,14,14,16,7,23,mse,114 91 74 62 53 45 39 34,0.003609023279176402,0.0035805597349769054,0.004786509261283373,0.013595086019976162,0.010808337733609742,135
3,14,14,16,7,23,mred,114 91 75 62 53 45 39 34,0.0036281670097930334,0.003569236379154316,0.004865404167738607,0.012043105385248588,0.010612139795210822,135
3,14,14,16,8,23,mse,227 182 149 124 105 90 78 68,0.0019729060763686284,0.002019439361698693,0.0025628049569430154,0.009776484042954382,0.007026269988997419,144
3,14,14,16,8,23,mred,228 182 149 124 105 90 78 68,0.0019814332344139565,0.002008287244788039,0.0025790334714235834,0.008511426390228411,0.006740023870487107,144
3,14,14,16,9,23,mse,455 364 298 248 210 180 156 137,0.0016339055748761243,0.0016353714896235254,0.0020572406926078293,0.008212714862045929,0.005061897162903618,153
3,14,14,16,10,23,mse,910 728 596 497 420 360 312 273,0.0014396725929082044,0.0014077334758528406,0.0018687020284976722,0.007830451523657439,0.004916601259446286,162
3,14,14,16,11,23,mse,1820 1456 1192 993 841 721 625 547,0.0013958913949248062,0.0013377005944921715,0.001826482905690734,0.007830451523657439,0.0047733403349245,171
3,14,14,18,6,23,mse,57 46 37 31 26 23 20 17,0.011353329853049168,0.011708886231019844,0.01296097383612469,0.03174977768832016,0.025760328065515495,114
3,14,14,18,7,23,mse,115 92 75 62 53 45 39 34,0.006152477688630257,0.0061289758515455685,0.007507474963613685,0.022650431674806966,0.01617926930936506,121
3,14,14,18,8,23,mse,229 183 150 125 106 90 78 69,0.00524814454266034,0.00523243527178724,0.006337914728903434,0.021479553345688622,0.015339889802452326,128
3,14,14,18,8,23,mred,229 183 150 125 106 91 78 69,0.005287885519296476,0.00522110865501497,0.006396117688294829,0.021479553345688622,0.014814514046264927,128
3,14,14,18,9,23,mse,458 366 300 250 211 181 157 137,0.0043128127310219574,0.004152670094881283,0.0055405438685691335,0.021479553345688622,0.014625243183481549,135
3,14,14,18,9,23,mred,458 367 300 250 211 181 157 137,0.004304124154145491,0.004128524567922861,0.005546530986636792,0.021479553345688622,0.013554707860771691,135
3,14,14,18,10,23,mse,916 733 599 499 422 362 314 274,0.00427416232620893,0.0041318247140547885,0.005479087027376879,0.021479553345688622,0.01443693185159593,142
3,14,14,18,10,23,mred,916 733 600 499 422 362 314 274,0.004278391329577168,0.00412560716233646,0.005491529469762885,0.021479553345688622,0.014195210996885081,142
3,14,14,18,11,23,mse,1833 1466 1199 999 845 724 627 549,0.004244330250719513,0.004075575826743414,0.005444057964144848,0.020945426464327097,0.013876639280724542,149
3,14,14,18,11,23,mred,1833 1467 1199 999 845 724 627 549,0.004246874200790916,0.004073226420109555,0.005454232470325953,0.020945426464327097,0.013749531148536092,149
3,14,14,20,5,23,mse,30 24 19 16 13 12 10 9,0.026160805360705027,0.02580612012751375,0.032232235887914094,0.0850331486925952,0.06663331292438006,97
3,14,14,20,6,23,mse,59 47 38 32 27 23 20 17,0.01839400509710288,0.018228657711384332,0.02281984195084915,0.0747573251536446,0.05735177201435847,102
3,14,14,20,7,23,mse,118 94 77 64 54 46 40 35,0.017107049556053983,0.0164294690874576,0.02167962389323972,0.0747573251536446,0.051219717224489654,107
3,14,14,20,8,23,mse,236 188 153 128 108 92 80 70,0.017016212686514452,0.016386355342026176,0.021589015955882192,0.0747573251536446,0.0538103183074361,112
3,14,14,20,8,23,mred,237 188 153 128 108 92 80 70,0.017024144650697074,0.016372094629780926,0.02166875637411823,0.0708368053449736,0.05293366172750683,112
3,14,14,20,9,23,mse,472 376 306 255 215 184 159 139,0.016899127373433208,0.016367104323177728,0.021474371320295765,0.0747573251536446,0.054438744053180305,117
3,14,14,20,9,23,mred,474 377 307 256 216 184 159 139,0.01696231032683377,0.016324268407451215,0.021636332724821655,0.0708368053449736,0.05091312229440596,117
3,14,14,20,10,23,mse,945 752 613 510 431 368 319 279,0.016886780429549754,0.01629492769388815,0.021442637982957303,0.07377719520147684,0.05343239472010181,122
3,14,14,20,10,23,mred,947 754 613 511 431 368 319 279,0.016895755485089474,0.016268140145752112,0.021512411079092134,0.07181693529714134,0.05245025485691879,122
3,14,14,20,11,23,mse,1889 1505 1226 1020 862 737 637 557,0.016876782481200413,0.0162947076068149,0.0214325647437739,0.07426726017756072,0.05341735401168624,127
3,14,14,20,11,23,mred,1895 1507 1226 1022 863 737 638 558,0.01690346551074099,0.01626515165633272,0.02152252327473219,0.07132687032105747,0.05226085500453789,127
3,14,16,12,5,23,mse,28 23 19 15 13 11 10 9,0.023180747277341922,0.02409844971588458,0.026168409357605688,0.05995042910642043,0.058728436175240206,125
3,14,16,12,6,23,mse,57 45 37 31 26 22 19 17,0.008673535083324309,0.008895462839293397,0.011168389571593091,0.027879503996971297,0.025665789384906417,138
3,14,16,12,7,23,mse,113 91 74 62 52 45 39 34,0.0033303326951260232,0.0031734180220481982,0.004254597444276972,0.012511971617021958,0.0093672919170925,151
3,14,16,12,8,23,mse,226 181 148 124 105 90 78 68,0.0024568723652267027,0.0023464737240082977,0.003101319912281611,0.0090690040452853,0.006507125427655091,164
3,14,16,12,9,23,mse,453 362 297 247 209 180 156 136,0.0021822657067829083,0.0021042931599693743,0.0027532682387857743,0.007795534118127225,0.005750150437370072,177
3,14,16,12,10,23,mse,905 725 594 495 419 359 311 273,0.0017843364401034054,0.0016872693715245766,0.002325319642644059,0.007972841439140704,0.004970271669711187,190
3,14,16,12,11,23,mse,1811 1450 1187 990 838 718 623 545,0.0016761966539877984,0.0015515676429503945,0.0022218443164157527,0.007424760136068406,0.004942114139541775,203
3,14,16,14,5,23,mse,28 23 19 15 13 11 10 9,0.023202506697975238,0.024105420405539507,0.026129018045914863,0.05995042910642043,0.05853074272529703,115
3,14,16,14,6,23,mse,57 45 37 31 26 22 19 17,0.008784844094942094,0.009038173486549873,0.011273424821056954,0.027879503996971297,0.025894175440286733,126
3,14,16,14,7,23,mse,113 91 74 62 52 45 39 34,0.0033449888705004835,0.0031887609035076182,0.004301263151002309,0.0133664464036239,0.00976523565829829,137
3,14,16,14,8,23,mse,226 181 148 124 105 90 78 68,0.002483445111801796,0.002353258556564366,0.0031923075975049757,0.009458980824488258,0.006881874521481324,148
3,14,16,14,9,23,mse,453 363 297 248 210 180 156 136,0.0021606512445176713,0.0020792912176996812,0.0027133225520723538,0.007267518392684027,0.005377628905700249,159
3,14,16,14,10,23,mse,906 725 594 495 419 359 311 273,0.0017972049280867083,0.0017018911164841531,0.0023315129356380054,0.007267518392684027,0.005192421519225353,170
3,14,16,14,11,23,mse,1812 1450 1188 990 838 719 623 545,0.0016868601443789004,0.0015626931947202512,0.0022410026397996965,0.007267518392684027,0.005127904375752665,181
3,14,16,16,5,23,mse,28 23 19 15 13 11 10 9,0.023273629940353473,0.024120740179776688,0.026038966416381645,0.05918368003913555,0.05792977042918528,105
3,14,16,16,6,23,mse,57 45 37 31 26 22 19 17,0.009372967769310923,0.009750051826045412,0.01188765036213412,0.030225732064557045,0.027341624918245207,114
3,14,16,16,7,23,mse,113 91 74 62 52 45 39 34,0.003734906667466533,0.0035765445367844503,0.00492198715115111,0.015645045834562412,0.011595920147744524,123
3,14,16,16,8,23,mse,227 182 149 124 105 90 78 68,0.002359320695031772,0.0022390114172410576,0.003109108902601104,0.009776484042954382,0.006688234267700815,132
3,14,16,16,9,23,mse,454 363 297 248 210 180 156 136,0.0022034673301347227,0.002132833247187579,0.0028275282672474604,0.009881171609405189,0.006386203184034741,141
3,14,16,16,10,23,mse,907 726 595 496 420 360 312 273,0.0019788921079554166,0.0018474073244323492,0.002640981593544096,0.010867038575946723,0.005989048344987826,150
3,14,16,16,11,23,mse,1815 1453 1189 991 839 719 624 546,0.0019495499387178748,0.0018299469162852758,0.0025928388398309176,0.010321761309450552,0.005977501495237263,159
3,14,16,16,11,23,mred,1815 1453 1190 992 839 720 624 546,0.0019474183661383742,0.0018169677555688228,0.0026046337399074663,0.010321761309450552,0.005766343495647112,159
3,14,16,18,6,23,mse,57 46 37 31 26 23 20 17,0.011011808379506643,0.011324146789678115,0.012894634646403202,0.029660904497331976,0.0272783716227482,102
3,14,16,18,7,23,mse,114 91 75 62 53 45 39 34,0.005763600392602961,0.005759572727054564,0.0071571970382603,0.02664798346188572,0.016954440037018226,109
3,14,16,18,8,23,mse,228 183 150 125 105 90 78 68,0.005436443038651217,0.005443250539864778,0.006690761124655394,0.02129989545892905,0.016044560798183168,116
3,14,16,18,8,23,mred,229 183 150 125 105 90 78 69,0.005503375935698022,0.005433696532699126,0.006781640931903481,0.02129989545892905,0.014444529605572626,116
3,14,16,18,9,23,mse,457 365 299 249 211 181 157 137,0.0045269666152862546,0.004347857588227185,0.005831336932042613,0.023973939460407385,0.01449394788698939,123
3,14,16,18,9,23,mred,457 366 299 249 211 181 157 137,0.004540168169093952,0.004346163611673176,0.005849547824115114,0.02129989545892905,0.014124102671891604,123
3,14,16,18,10,23,mse,914 731 598 498 422 361 313 274,0.004419700408705774,0.004259487684403596,0.00572011672510502,0.022636917459668216,0.014296567103052304,130
3,14,16,18,10,23,mred,914 731 599 498 422 361 313 274,0.004425826125978337,0.004256839236611666,0.0057307883831357025,0.022636917459668216,0.014124102671891604,130
3,14,16,18,11,23,mse,1828 1462 1197 997 843 723 626 548,0.004407031944142921,0.004233396764482034,0.0056987857415753355,0.022636917459668216,0.013899926117107787,137
3,14,16,18,11,23,mred,1828 1462 1197 997 844 723 626 548,0.004412645396438168,0.0042332984851134285,0.00571133777376612,0.022636917459668216,0.013857800870065941,137
3,14,16,20,5,23,mse,29 23 19 16 13 11 10 9,0.026415138147397915,0.026645568458276772,0.0318286547689381,0.08889788379612915,0.07642436594722476,85
3,14,16,20,5,23,mred,30 23 19 16 13 12 10 9,0.02663805662095286,0.026416749446938656,0.03271516614472475,0.08658381735808202,0.0686240615998149,85
3,14,16,20,6,23,mse,59 47 38 32 27 23 20 17,0.018369107119510404,0.018075748893213624,0.022908260321148195,0.07318922662020033,0.0559987994464033,90
3,14,16,20,7,23,mse,118 94 76 64 54 46 40 35,0.017350995811425685,0.016664691658452538,0.022116351482842158,0.07318922662020033,0.0551196006204604,95
3,14,16,20,7,23,mred,118 94 77 64 54 46 40 35,0.017418729895313595,0.01666004547601423,0.02212556450323639,0.07318922662020033,0.04966051816995735,95
3,14,16,20,8,23,mse,236 187 153 127 107 92 80 70,0.01720217516515856,0.016621361520205928,0.021803439335403997,0.07318922662020033,0.053170929598528364,100
3,14,16,20,8,23,mred,236 188 153 127 108 92 80 70,0.01719826238767246,0.016541072789728665,0.0218211445482679,0.07318922662020033,0.05157558834411157,100
3,14,16,20,9,23,mse,471 375 306 254 215 184 159 139,0.01695637080692377,0.016376483058583677,0.0215475799410283,0.07515280876719144,0.053164504239061584,105
3,14,16,20,9,23,mred,472 376 306 255 215 184 159 139,0.01696374646009883,0.016337591732021643,0.02163020478268356,0.07318922662020033,0.051131659184764706,105
3,14,16,20,10,23,mse,942 750 612 509 430 368 318 278,0.01695290446256376,0.016362442124674716,0.02154388515077207,0.07515280876719144,0.05306885396241263,110
3,14,16,20,10,23,mred,944 752 612 509 430 368 318 278,0.016951095264786734,0.0163365803854514,0.02160781995889433,0.07318922662020033,0.05266496410752477,110
3,14,16,20,11,23,mse,1884 1500 1224 1017 860 735 637 556,0.016946516448738062,0.016358067958630568,0.021539467100336617,0.07515280876719144,0.053164504239061584,115
3,14,16,20,11,23,mred,1889 1504 1224 1019 860 735 637 556,0.0169516682728868,0.01632498506412183,0.021628070427673122,0.07269833108345256,0.05173437959289561,115
3,14,18,12,5,23,mse,28 22 18 15 13 11 10 8,0.021250370074531774,0.022287099319761625,0.025330679157533915,0.06345981255469409,0.06124304320197361,113
3,14,18,12,6,23,mse,56 45 37 31 26 22 19 17,0.009180105817136963,0.009081999017084131,0.01116596176932922,0.026937558661710555,0.024342025302334695,126
3,14,18,12,7,23,mse,112 90 74 61 52 45 39 34,0.007445991824429324,0.007159571806699443,0.009295161166084531,0.01924202157155893,0.017900585005303327,139
3,14,18,12,8,23,mse,224 179 147 123 104 89 77 68,0.006124703133007177,0.00573174370477952,0.007831296211810885,0.01875911937649046,0.015185466234086667,152
3,14,18,12,9,23,mse,448 359 294 245 208 178 155 135,0.005997627069527998,0.005582265178282626,0.007657329261213284,0.01783830489444207,0.014482889411987648,165
3,14,18,12,10,23,mse,896 718 588 491 416 357 309 271,0.005857356653124487,0.005425925588834614,0.007515745911249626,0.01783830489444207,0.014425523346308262,178
3,14,18,12,10,23,mred,896 717 588 491 416 357 309 271,0.005857774747352072,0.005423987054729487,0.007522641168879072,0.01783830489444207,0.014606386945241582,178
3,14,18,12,11,23,mse,1792 1435 1177 982 832 713 618 542,0.005850973877036375,0.0054155030695506035,0.007509683008067919,0.01783830489444207,0.014422636612679464,191
3,14,18,12,11,23,mred,1792 1435 1176 981 831 713 618 542,0.0058455495793120265,0.005409287644957784,0.007517732599575076,0.01783830489444207,0.014445737201742349,191
3,14,18,14,5,23,mse,28 22 18 15 13 11 10 8,0.02143490117590538,0.022460587218828945,0.025501100486196634,0.06367695611774656,0.06146526289835483,103
3,14,18,14,6,23,mse,56 45 37 31 26 22 19 17,0.009144726600536664,0.009058422732556012,0.011130309570921749,0.027095908936948684,0.024677887026871355,114
3,14,18,14,7,23,mse,112 90 74 61 52 45 39 34,0.007365213352749876,0.007067329232909198,0.00920479692642773,0.019573233496091046,0.01766024885106698,125
3,14,18,14,8,23,mse,224 179 147 123 104 89 77 68,0.006138851280970876,0.005742296687790345,0.007861756803731294,0.01901974112433203,0.015167765003094622,136
3,14,18,14,9,23,mse,448 359 294 246 208 178 155 135,0.00602645645913338,0.005612891223431179,0.007683329375035306,0.018224830551705175,0.01441337374786191,147
3,14,18,14,9,23,mred,448 359 294 245 208 178 155 135,0.006020361651771541,0.005606253336392101,0.007684641032301228,0.018224830551705175,0.014473041870666439,147
3,14,18,14,10,23,mse,896 718 589 491 416 357 309 271,0.005864009465361003,0.005430153573617291,0.007518268850054555,0.018224830551705175,0.014262703291471739,158
3,14,18,14,10,23,mred,896 718 588 491 416 357 309 271,0.005859038441560864,0.005425234421911828,0.007520895615057633,0.018224830551705175,0.01441337374786191,158
3,14,18,14,11,23,mse,1793 1436 1177 982 832 714 619 542,0.005855118902501597,0.005423183531953321,0.007506488274188506,0.017676964943754116,0.014385495475877934,169
3,14,18,14,11,23,mred,1793 1435 1177 982 832 713 619 542,0.005855253041030748,0.005419091446594047,0.007515367183371888,0.017676964943754116,0.014652808667717676,169
3,14,18,16,5,23,mse,28 22 18 15 13 11 10 8,0.02221761138781092,0.023188536945679013,0.026245765993840094,0.06541410462216632,0.06265761178847477,93
3,14,18,16,6,23,mse,56 45 37 31 26 22 19 17,0.009125564158302568,0.00907933068169209,0.011174016200953313,0.029506226737254393,0.025944790147621286,102
3,14,18,16,7,23,mse,112 90 74 61 52 45 39 34,0.00718221220718419,0.006833082756538355,0.009054827949131537,0.022863138438862472,0.017726998344348772,111
3,14,18,16,8,23,mse,224 180 147 123 104 89 77 68,0.006262333920931932,0.005870143654927407,0.008022643230043147,0.022863138438862472,0.015421465244368316,120
3,14,18,16,8,23,mred,225 180 147 123 104 89 77 68,0.006248258542449026,0.0058644723230284555,0.008051699639016169,0.02114285095631679,0.015911670081856344,120
3,14,18,16,9,23,mse,449 360 295 246 208 179 155 136,0.006019762839167687,0.00560510505423417,0.007714209813144363,0.020682029372877792,0.014709417420834337,129
3,14,18,16,9,23,mred,449 359 295 246 208 179 155 136,0.006017937009112918,0.0056026272699261255,0.007721392968880358,0.020682029372877792,0.014891349050133154,129
3,14,18,16,10,23,mse,898 719 589 492 416 357 310 271,0.005928045263234642,0.005493891960069337,0.007617522594021953,0.020682029372877792,0.014685057507190766,138
3,14,18,16,11,23,mse,1796 1438 1179 983 833 715 619 542,0.005917172339020883,0.005483888094300099,0.0075965950388004995,0.020682029372877792,0.014630163784477975,147
3,14,18,16,11,23,mred,1796 1438 1178 983 833 714 619 543,0.00591113220332735,0.005477141292225462,0.0076024679395706625,0.020682029372877792,0.014651836326283394,147
3,14,18,18,5,23,mse,28 23 19 15 13 11 10 9,0.023822689503082077,0.02464096836321462,0.027884551700176265,0.07088484499408475,0.06612330155397715,83
3,14,18,18,6,23,mse,57 45 37 31 26 22 19 17,0.010821754940716188,0.010819892500205095,0.013732622054923156,0.04189550894911923,0.03238536956743349,90
3,14,18,18,7,23,mse,113 90 74 62 52 45 39 34,0.007373092675353247,0.006934905526539938,0.009767321235096861,0.029864414779748962,0.0228849944610265,97
3,14,18,18,8,23,mse,226 181 148 124 105 90 78 68,0.007129265142435403,0.006680572962243421,0.009362708813908348,0.028601946041620967,0.020169001109260225,104
3,14,18,18,9,23,mse,452 362 296 247 209 179 155 136,0.00689677691041508,0.006490333435262926,0.009113628969169332,0.028601946041620967,0.020411409311174925,111
3,14,18,18,9,23,mred,453 362 296 247 209 179 156 136,0.006907976665917049,0.006477441381220226,0.009163385790015584,0.027950469962692237,0.02026153750848596,111
3,14,18,18,10,23,mse,905 724 593 494 418 359 311 272,0.006818360102951691,0.006385945912293972,0.009049631855211576,0.027527390672197984,0.01995621675875709,118
3,14,18,18,10,23,mred,905 724 593 495 418 359 311 272,0.006814938724079428,0.006375363730735916,0.009064685904857003,0.027527390672197984,0.019859432760658054,118
3,14,18,18,11,23,mse,1809 1448 1185 989 837 717 622 545,0.006794223704337155,0.006351417877268429,0.009029191419693067,0.028064668356909475,0.019859432760658054,125
3,14,18,18,11,23,mred,1810 1448 1186 989 837 717 622 545,0.006795934412716231,0.006350218909890229,0.009037626452060413,0.027527390672197984,0.019859432760658054,125
3,14,18,20,5,23,mse,29 23 19 16 13 11 10 9,0.02554603893880191,0.025873282419525124,0.030433282284067116,0.08697038794824359,0.0682211460813198,73
3,14,18,20,6,23,mse,58 46 38 32 27 23 20 17,0.01970710781032768,0.01902748600000638,0.025020105056740093,0.08697038794824359,0.06023679953947343,78
3,14,18,20,6,23,mred,58 47 38 32 27 23 20 17,0.019742434417291902,0.0189296190617562,0.0252603919624523,0.08697038794824359,0.0567341984151834,78
3,14,18,20,7,23,mse,116 93 76 63 53 46 40 35,0.01852341186945294,0.017917379998072108,0.023551723184102435,0.08697038794824359,0.05778511011316346,83
3,14,18,20,8,23,mse,233 186 152 126 107 91 79 69,0.01750432022376149,0.01677667283565957,0.022744981990213728,0.08303491548250326,0.0558154487931608,88
3,14,18,20,9,23,mse,465 371 304 252 213 182 158 138,0.017492140136551853,0.0168130393464503,0.022702111941492874,0.08500265171537343,0.05651943649113022,93
3,14,18,20,9,23,mred,465 372 304 252 214 183 158 138,0.01749363728409624,0.01677030998350561,0.022722093975965054,0.08500265171537343,0.056476070424447314,93
3,14,18,20,10,23,mse,930 743 607 504 427 365 316 276,0.017447711486925713,0.016758414860208726,0.02266513167732323,0.08500265171537343,0.057206311831666225,98
3,14,18,20,10,23,mred,931 745 608 504 427 365 316 276,0.017465436117417465,0.016742138807596285,0.02271188014603762,0.08401878359893834,0.05598694875965624,98
3,14,18,20,11,23,mse,1860 1486 1214 1008 853 730 632 553,0.017451910574346613,0.016762100398767625,0.022662487186117256,0.08500265171537343,0.057206311831666225,103
3,14,18,20,11,23,mred,1862 1490 1215 1009 854 730 632 553,0.017466115453106917,0.016736962149494754,0.02270360258575519,0.08401878359893834,0.05607871751920533,103
3,16,12,12,5,23,mse,28 23 19 16 13 11 10 9,0.022806993515788306,0.023541680053606608,0.025166390527638527,0.05617470275981766,0.055234339900620794,137
3,16,12,12,6,23,mse,57 46 37 31 26 23 20 17,0.009827312631963132,0.010274857049118916,0.011944376796050094,0.026985145798282036,0.02603145076977845,150
3,16,12,12,7,23,mse,114 91 75 62 53 45 39 34,0.0037685444362546075,0.0037894565632003484,0.004721296385054735,0.011730652470589568,0.01016631494418159,163
3,16,12,12,8,23,mse,228 182 149 124 105 90 78 68,0.002436636619224241,0.0025522639904591773,0.002995631213271137,0.011730652470589568,0.008706654811169038,176
3,16,12,12,9,23,mse,455 364 298 249 210 180 156 137,0.0019510609385245395,0.001969104851809202,0.002394916902127885,0.009206961596219726,0.00599993062788017,189
3,16,12,12,10,23,mse,910 729 596 497 421 361 313 274,0.0017189624879607865,0.0017126935012504911,0.0021242498134801733,0.009206961596219726,0.004915628941925238,202
3,16,12,12,11,23,mse,1821 1457 1193 994 841 721 625 547,0.0015683689026879289,0.0015607874945198165,0.0019662610186436977,0.008375759382793736,0.005120010833564664,215
3,16,12,12,11,23,mred,1821 1458 1193 994 841 721 625 547,0.0015710544454652867,0.001560648049168311,0.0019805753121753976,0.008375759382793736,0.004991454544639668,215
3,16,12,14,5,23,mse,28 23 19 16 13 11 10 9,0.022740444929896582,0.023460110902910978,0.025087999315213345,0.05609833239624968,0.054986472654785436,127
3,16,12,14,6,23,mse,57 46 37 31 26 23 20 17,0.009810068097776518,0.010278501316761727,0.011858030541148276,0.026888495496447423,0.02578905979047617,138
3,16,12,14,7,23,mse,114 91 75 62 53 45 39 34,0.0037753149211080987,0.003825404252695464,0.004649407921364879,0.011730652470589568,0.010043958864399514,149
3,16,12,14,8,23,mse,228 182 149 124 105 90 78 68,0.0025758269635233868,0.002721204713320302,0.0031181062858769626,0.011730652470589568,0.00912906711926172,160
3,16,12,14,9,23,mse,455 364 298 249 210 180 156 137,0.0020521394805217076,0.0020747954452223793,0.002526600859033497,0.009434144011999887,0.006504472476438581,171
3,16,12,14,10,23,mse,911 729 597 497 421 361 313 274,0.001697734016383462,0.0016805713811287022,0.00210536322343085,0.008496193419267847,0.004743488991979061,182
3,16,12,14,11,23,mse,1822 1458 1193 994 842 722 625 547,0.0016072624843781757,0.0015980655730104816,0.0020182442770135586,0.008603132387848881,0.005149822696613335,193
3,16,12,16,6,23,mse,57 46 37 31 26 23 20 17,0.00994819523446752,0.010455857345329254,0.011694841201920401,0.026888495496447423,0.024858188797726898,126
3,16,12,16,7,23,mse,114 91 75 62 53 45 39 34,0.004147131796629001,0.004255012974567027,0.004817157061939415,0.01468993537722409,0.010548463528612845,135
3,16,12,16,8,23,mse,228 183 149 124 105 90 78 68,0.0035326248265037424,0.003728747570884596,0.004116631552405553,0.01468993537722409,0.010635340746837741,144
3,16,12,16,9,23,mse,456 365 299 249 211 181 156 137,0.0022279551532154458,0.0022187361580940854,0.0027830121116687143,0.010905913281415902,0.00718224844173469,153
3,16,12,16,9,23,mred,456 365 299 249 211 181 157 137,0.0022313327444432466,0.002197221872287861,0.0027948354205516984,0.010905913281415902,0.006599818632929113,153
3,16,12,16,10,23,mse,912 730 597 498 421 361 313 274,0.0019001064519010653,0.0018843374592270794,0.002459375373698489,0.011889248893309086,0.0068150328040730455,162
3,16,12,16,10,23,mred,913 730 598 498 421 361 313 274,0.0019219349913891003,0.0018805279607428912,0.002491960896886622,0.010905913281415902,0.006206837547766515,162
3,16,12,16,11,23,mse,1825 1460 1195 996 843 722 626 548,0.0018739924306090659,0.0018428823937972003,0.002421638238391721,0.011061685450171154,0.006510710263483165,171
3,16,12,16,11,23,mred,1825 1461 1195 996 843 722 626 548,0.0018759634253766376,0.0018421094831821035,0.0024318275417682033,0.011061685450171154,0.006409111943746969,171
3,16,12,18,5,23,mse,29 23 19 16 13 11 10 9,0.01906094609646184,0.020176655950574583,0.022191532705144255,0.05582142993222324,0.052637558934989524,107
3,16,12,18,6,23,mse,57 46 38 31 26 23 20 17,0.011773389052064943,0.011953841454787464,0.013385540875551851,0.0313891208779845,0.025415879349277717,114
3,16,12,18,7,23,mse,115 92 75 63 53 45 39 34,0.006555737351649496,0.006755388546691662,0.007707048118056261,0.023222655375329415,0.018756302396037688,121
3,16,12,18,8,23,mse,230 184 150 125 106 91 79 69,0.004958548091510988,0.0048204869708476615,0.006167877747153554,0.02111819383517251,0.014228940840839683,128
3,16,12,18,9,23,mse,460 368 300 250 212 181 157 137,0.004611369858957125,0.004518577377782232,0.005863493335317662,0.02111819383517251,0.014930679641032967,135
3,16,12,18,9,23,mred,460 368 301 250 212 181 157 137,0.004639436282744301,0.004514996863219476,0.005912136941457648,0.018325203770469565,0.014369833176089414,135
3,16,12,18,10,23,mse,919 735 601 500 423 363 314 275,0.00445187449007674,0.004313490816015637,0.0056906915055839604,0.01948672415823113,0.014407215185616797,142
3,16,12,18,10,23,mred,920 736 601 501 423 363 315 275,0.004459668318503597,0.004280036691019455,0.005753359266493061,0.01948672415823113,0.013586594237971266,142
3,16,12,18,11,23,mse,1839 1470 1201 1001 847 725 629 550,0.004419587423363042,0.0042689549972263685,0.005659430708051389,0.02030245899670182,0.014101710909673206,149
3,16,12,18,11,23,mred,1841 1471 1202 1002 847 726 629 550,0.004429684446041689,0.004248107490252531,0.005721675140631273,0.01948672415823113,0.013415659359544864,149
3,16,12,20,5,23,mse,30 24 19 16 13 12 10 9,0.02553694302035594,0.025280344333212364,0.03134038782517835,0.0850331486925952,0.0665805717770432,97
3,16,12,20,5,23,mred,30 24 19 16 14 12 10 9,0.02540119532532991,0.02485825469430608,0.031501895122475115,0.0712502603812521,0.06298575087424843,97
3,16,12,20,6,23,mse,59 47 38 32 27 23 20 17,0.018755032423495084,0.018732528675571028,0.023236944072280746,0.0769043454267162,0.06054623908758809,102
3,16,12,20,7,23,mse,118 94 77 64 54 46 40 35,0.017097304936370655,0.016499614474832707,0.021682782659306794,0.0769043454267162,0.05455585827752021,107
3,16,12,20,7,23,mred,119 94 77 64 54 46 40 35,0.017074702147616402,0.016447040295520753,0.021744006237821977,0.06908150089643413,0.04999934330774839,107
3,16,12,20,8,23,mse,237 189 154 128 108 92 80 70,0.017022583504392348,0.016406235669845604,0.021581177826738067,0.07299292316157516,0.05146009669697115,112
3,16,12,20,9,23,mse,474 377 307 256 216 185 160 140,0.016962305088723567,0.016363425374315538,0.021494654810970775,0.07299292316157516,0.05293366172750683,117
3,16,12,20,9,23,mred,475 378 307 256 216 185 160 140,0.016970876378436,0.016350875639561023,0.021557701046823505,0.07103721202900465,0.05118631753508599,117
3,16,12,20,10,23,mse,947 754 614 511 432 369 319 279,0.016950884648657828,0.01640537009033379,0.02147545985271722,0.07397077872786043,0.05344364120137889,122
3,16,12,20,10,23,mred,950 755 614 512 432 370 320 280,0.016963780104832973,0.0163500648658123,0.02153915534544217,0.07103721202900465,0.05136036378563617,122
3,16,12,20,11,23,mse,1895 1509 1228 1023 864 739 639 559,0.016936894638665358,0.01636021214084495,0.021463828389031214,0.07348185094471779,0.05308441709727133,127
3,16,12,20,11,23,mred,1899 1511 1228 1025 864 739 639 559,0.01694325106505249,0.0163402856917549,0.0215220258199233,0.07152613981214728,0.05163050234210601,127
3,16,14,12,5,23,mse,28 23 19 16 13 11 10 9,0.022903269918261755,0.023655810425612468,0.025312555382858305,0.05672958526106943,0.055630761584189586,125
3,16,14,12,6,23,mse,57 46 37 31 26 23 20 17,0.009894172340705302,0.010300412134479369,0.012119106190340952,0.027576113100256688,0.026415421627783493,138
3,16,14,12,7,23,mse,114 91 75 62 53 45 39 34,0.0038515369367790667,0.003816560803662687,0.004952931848567013,0.012043105385248588,0.010688297813560612,151
3,16,14,12,8,23,mse,227 182 149 124 105 90 78 68,0.002255548837516043,0.002361909020671032,0.0028183854405375046,0.0110462554155138,0.008331392510512285,164
3,16,14,12,9,23,mse,455 364 298 248 210 180 156 137,0.00185458589947994,0.0018736379584300624,0.0022953370756856836,0.009206961596219726,0.0058047836782523414,177
3,16,14,12,10,23,mse,910 728 596 497 420 361 312 273,0.0017514981647467,0.001763382863131481,0.0021772646983789575,0.009206961596219726,0.005727412619983272,190
3,16,14,12,10,23,mred,910 728 596 497 421 361 312 273,0.0017612408941135788,0.0017625308872469625,0.002183843814235833,0.009206961596219726,0.005633339178412315,190
3,16,14,12,11,23,mse,1819 1456 1192 994 841 721 625 547,0.0015984790564243375,0.0015806007916529955,0.0020061824785743967,0.009206961596219726,0.005066470952815593,203
3,16,14,14,5,23,mse,28 23 19 16 13 11 10 9,0.022837078960238684,0.023575968351078107,0.02522345241149752,0.056436781275128425,0.05540393142475601,115
3,16,14,14,6,23,mse,57 46 37 31 26 23 20 17,0.009857063255603711,0.01028645659980295,0.0120211450447222,0.02737989845196563,0.026180556584152734,126
3,16,14,14,7,23,mse,114 91 75 62 53 45 39 34,0.003809333837117999,0.0038094008035214236,0.004832941755738864,0.012043105385248588,0.01048468991125958,137
3,16,14,14,8,23,mse,228 182 149 124 105 90 78 68,0.002426123169850556,0.0025257184970456288,0.0030155365447733016,0.011730652470589568,0.008607009178157488,148
3,16,14,14,9,23,mse,455 364 298 248 210 180 156 137,0.0019475935977114707,0.0019776968548549283,0.0024037011596268632,0.009206961596219726,0.006334921744248008,159
3,16,14,14,10,23,mse,910 728 596 497 421 361 313 273,0.0017969240258699447,0.0018030252410997055,0.0022191583256478045,0.009206961596219726,0.005723737467415092,170
3,16,14,14,10,23,mred,910 729 596 497 421 361 313 274,0.001808555454950924,0.0017921664636297444,0.0022380775272255837,0.009206961596219726,0.004969293059188151,170
3,16,14,14,11,23,mse,1820 1457 1192 994 841 721 625 547,0.0016207611121820979,0.0016103056226363871,0.0020431722428021913,0.009206961596219726,0.005417363606989205,181
3,16,14,14,11,23,mred,1820 1457 1193 994 841 721 625 547,0.001621617086492747,0.0016061532644659061,0.0020462410431950798,0.008375759382793736,0.00532231721437023,181
3,16,14,16,5,23,mse,28 23 19 16 13 11 10 9,0.022581089546237602,0.023260952412518646,0.02495885299962756,0.056436781275128425,0.054459760083472246,105
3,16,14,16,6,23,mse,57 46 37 31 26 23 20 17,0.009894830866405462,0.01039000758692456,0.011766181059766293,0.026888495496447423,0.02531889926567255,114
3,16,14,16,7,23,mse,114 91 75 62 53 45 39 34,0.004021617763887308,0.004105939186811881,0.004796236376258229,0.014468240690892645,0.010622923837440738,123
3,16,14,16,8,23,mse,228 182 149 124 105 90 78 68,0.00321636346429955,0.0034108675553787583,0.003799237721256475,0.014468240690892645,0.010266263972331527,132
3,16,14,16,9,23,mse,456 365 298 249 211 181 156 137,0.00235930923134291,0.0023375324551047592,0.002928599079893464,0.011788611031016758,0.007042150825596681,141
3,16,14,16,9,23,mred,456 365 299 249 211 181 156 137,0.002347931114969855,0.0022995484942769494,0.0029289451640227416,0.010905913281415902,0.0067119663238410735,141
3,16,14,16,10,23,mse,912 730 597 498 421 361 313 274,0.001945346290892966,0.0018976182872014356,0.0024982693816323624,0.010905913281415902,0.006170664473036228,150
3,16,14,16,11,23,mse,1823 1459 1194 995 842 722 626 548,0.0019194159703066578,0.0018865098637092523,0.0024629683976616977,0.01158337498464781,0.006359279397791723,159
3,16,14,16,11,23,mred,1824 1459 1194 995 842 722 626 548,0.001917590257687389,0.0018817002751839867,0.0024639688003929116,0.01158337498464781,0.006298036343308863,159
3,16,14,18,5,23,mse,29 23 19 16 13 11 10 9,0.019350742117240527,0.02040253622087831,0.022449269609932217,0.05582142993222324,0.05292112425822078,95
3,16,14,18,6,23,mse,57 46 38 31 26 23 20 17,0.011691032030482391,0.01188971397489411,0.0133215013892429,0.0313891208779845,0.02537815734567954,102
3,16,14,18,7,23,mse,115 92 75 63 53 45 39 34,0.006580685708596591,0.006717590126898104,0.007787360257378352,0.023222655375329415,0.01815134608235391,109
3,16,14,18,8,23,mse,230 184 150 125 106 91 79 69,0.005106433206248047,0.004942898535782654,0.006371043892928726,0.018665315224648812,0.01395155525342887,116
3,16,14,18,9,23,mse,459 367 300 250 212 181 157 137,0.004601256430863258,0.004498500685838687,0.005843130872755477,0.019620538503794523,0.015121473369452826,123
3,16,14,18,9,23,mred,460 367 300 250 212 181 157 137,0.004612414689733513,0.004493800174127626,0.00589478127897265,0.019620538503794523,0.014900027582505066,123
3,16,14,18,10,23,mse,919 734 600 500 423 363 314 275,0.004467770387533368,0.004321173420113817,0.0057309416070175576,0.019620538503794523,0.014770524939881598,130
3,16,14,18,10,23,mred,919 735 601 501 423 363 314 275,0.004485903354020002,0.004301600346842376,0.005777592343463413,0.01828487166251904,0.013773958339002811,130
3,16,14,18,11,23,mse,1837 1469 1201 1000 846 725 628 550,0.004447708541251826,0.0043002862239822515,0.005705242939333447,0.01895270508315678,0.014444860408159952,137
3,16,14,18,11,23,mred,1838 1470 1201 1001 846 725 629 550,0.004444666968027115,0.004272568382995607,0.005725822316841716,0.01828487166251904,0.014048316403818616,137
3,16,14,20,5,23,mse,30 24 19 16 13 12 10 9,0.025729077117400752,0.02542194621572058,0.03163831623572376,0.0850331486925952,0.0665805717770432,85
3,16,14,20,5,23,mred,30 24 19 16 14 12 10 9,0.0256963262485466,0.025094176539547954,0.031931391866776154,0.0712502603812521,0.06316320188990425,85
3,16,14,20,6,23,mse,59 47 38 32 27 23 20 17,0.018718046213777643,0.018674847509170815,0.023221721295444104,0.0769043454267162,0.06054623908758809,90
3,16,14,20,7,23,mse,118 94 77 64 54 46 40 35,0.017148086905195016,0.016534522493151786,0.02176198527543179,0.0769043454267162,0.05455585827752021,95
3,16,14,20,7,23,mred,119 94 77 64 54 46 40 35,0.01717245257652377,0.016510951289020304,0.021947950174903162,0.06908150089643413,0.04999934330774839,95
3,16,14,20,8,23,mse,237 188 153 128 108 92 80 70,0.01708187130037522,0.01650295252031887,0.021746690920847033,0.07299292316157516,0.0538103183074361,100
3,16,14,20,8,23,mred,237 189 154 128 108 92 80 70,0.017112108492320713,0.016466036083499648,0.021755941721457124,0.07299292316157516,0.05146009669697115,100
3,16,14,20,9,23,mse,473 377 307 255 216 185 160 140,0.017054373608046486,0.01646055308873985,0.021624433723869727,0.07494863429414568,0.05423940763290773,105
3,16,14,20,9,23,mred,475 377 307 256 216 185 160 140,0.017056174521024644,0.01641701994376521,0.021722561238815708,0.07103721202900465,0.05136036378563617,105
3,16,14,20,10,23,mse,946 754 614 511 432 369 319 279,0.017005327906701874,0.016438434071411736,0.021586588653752282,0.07494863429414568,0.053985484074702494,110
3,16,14,20,10,23,mred,949 755 614 512 432 370 320 279,0.01702862476883965,0.016406674334081252,0.021670165218501358,0.0720150675952899,0.05204250939723848,110
3,16,14,20,11,23,mse,1893 1508 1228 1022 863 739 639 558,0.017000510647997635,0.016426330508849153,0.02157845098541269,0.07445970651100305,0.05384034220430304,115
3,16,14,20,11,23,mred,1898 1510 1228 1024 864 739 639 559,0.017014545644497586,0.016393540718270636,0.02166053650841385,0.0720150675952899,0.05204250939723848,115
3,16,16,12,5,23,mse,28 23 19 15 13 11 10 9,0.023223010695777972,0.02406576448916996,0.025951182784379443,0.05995042910642043,0.05761532316915824,113
3,16,16,12,6,23,mse,57 45 37 31 26 22 19 17,0.009625608315841253,0.010025060793941717,0.012133183193103655,0.0312698480915665,0.028389036066906976,126
3,16,16,12,7,23,mse,113 91 74 62 52 45 39 34,0.0038669013181919587,0.003757598542336227,0.0050153798131098385,0.015337554911271412,0.012308390081218758,139
3,16,16,12,8,23,mse,227 182 149 124 105 90 78 68,0.002526496899457409,0.0024404315512454576,0.00327557778627294,0.010232496661457218,0.007594703928419291,152
3,16,16,12,9,23,mse,454 363 297 248 210 180 156 136,0.002353589109032302,0.0023166934245297133,0.003001088908640574,0.01034352272027241,0.007337408303789902,165
3,16,16,12,9,23,mred,454 363 297 248 210 180 156 137,0.00234491206468811,0.002285350857933288,0.003002337437824569,0.01034352272027241,0.007028648729641873,165
3,16,16,12,10,23,mse,907 726 595 496 420 360 312 273,0.002092583296303776,0.0019954275043566946,0.0027219588850751738,0.00891068382629472,0.005972696643472599,178
3,16,16,12,11,23,mse,1814 1452 1189 992 839 720 624 546,0.002083157291785501,0.0019921041759019373,0.0027090667280452066,0.009510478547478027,0.006348360109054091,191
3,16,16,12,11,23,mred,1814 1452 1190 992 839 720 624 546,0.0020837925185071982,0.0019900219465723,0.002711901849196129,0.00891068382629472,0.006184351021140254,191
3,16,16,14,5,23,mse,28 23 19 15 13 11 10 9,0.0232367495663987,0.02406566858214376,0.02593448062357687,0.05995042910642043,0.05739482821058698,103
3,16,16,14,5,23,mred,28 23 19 16 13 11 10 9,0.023240512998400915,0.024049731355258782,0.025965790598857532,0.05995042910642043,0.05739482821058698,103
3,16,16,14,6,23,mse,57 45 37 31 26 22 19 17,0.009781592189979968,0.01021188655935187,0.012294030090902793,0.031527969634840794,0.028661040204087423,114
3,16,16,14,6,23,mred,57 45 37 31 26 23 20 17,0.009761588773218286,0.010142095668710138,0.012323581891489918,0.030848219772140667,0.02872725678979207,114
3,16,16,14,7,23,mse,113 91 74 62 52 45 39 34,0.004010957756709938,0.0039033945163074327,0.005202549519541647,0.015605928431328303,0.012781781362608779,125
3,16,16,14,8,23,mse,227 182 149 124 105 90 78 68,0.002478632677167367,0.0024206631609170774,0.0031797768723243673,0.010693926732943719,0.007561590394407485,136
3,16,16,14,9,23,mse,454 363 297 248 210 180 156 137,0.0023437781351450583,0.0022850431371783915,0.002996413210047807,0.011023698993316898,0.007047234964112888,147
3,16,16,14,9,23,mred,454 363 298 248 210 180 156 137,0.002352225523605905,0.002280157022140449,0.003015223608684073,0.009130285368320272,0.006941191823194825,147
3,16,16,14,10,23,mse,907 727 595 496 420 360 312 273,0.0021102513689596272,0.0020146132899218554,0.0027490139086624238,0.009358755725628878,0.006163698850205813,158
3,16,16,14,10,23,mred,908 727 595 496 420 360 312 273,0.002111550556408898,0.002012426605196632,0.002757754035260931,0.009358755725628878,0.006175950932340903,158
3,16,16,14,11,23,mse,1815 1453 1190 992 840 720 624 546,0.002094615179541009,0.002003358654188036,0.0027225406753998292,0.009358755725628878,0.0061816935815157265,169
3,16,16,16,5,23,mse,28 23 19 16 13 11 10 9,0.022977984340487707,0.023730129263328938,0.02554297238897892,0.05877921316265643,0.056771495198206366,93
3,16,16,16,6,23,mse,57 45 37 31 26 23 20 17,0.010057994967723435,0.010447451913873172,0.012347250852373115,0.030257965530154675,0.027546971134421675,102
3,16,16,16,7,23,mse,114 91 74 62 53 45 39 34,0.004299739668672629,0.004213898754036424,0.005507729357080224,0.018420902232150874,0.012556233142896167,111
3,16,16,16,8,23,mse,227 182 149 124 105 90 78 68,0.0027414473676095363,0.0027713475464792208,0.003458580367092595,0.01259314675803571,0.00927788500567332,120
3,16,16,16,9,23,mse,455 364 298 248 210 180 156 137,0.0025120594815910688,0.0024449292382232347,0.0032241213277061135,0.011788611031016758,0.007805532370013416,129
3,16,16,16,10,23,mse,909 728 596 497 420 360 312 273,0.0023965305974652383,0.0023319673162010435,0.003109595120970621,0.011788611031016758,0.007677232327705317,138
3,16,16,16,11,23,mse,1818 1455 1192 993 841 721 625 547,0.0023302982616378734,0.002238228932406758,0.0030460095542720637,0.011788611031016758,0.007471411355311794,147
3,16,16,16,11,23,mred,1818 1456 1192 993 841 721 625 547,0.0023313847691854494,0.002235840656191398,0.0030527815875558417,0.011788611031016758,0.007303585605226144,147
3,16,16,18,6,23,mse,57 46 37 31 26 23 20 17,0.011316257621188871,0.011651509823131775,0.01300143324727807,0.0313891208779845,0.026664782517969044,90
3,16,16,18,7,23,mse,114 92 75 62 53 45 39 34,0.006468592510528474,0.006501776074222473,0.007940178837965804,0.024741672121059183,0.018881936276814386,97
3,16,16,18,8,23,mse,229 183 150 125 106 90 78 69,0.005608624450971706,0.005576513179157559,0.006835823851528693,0.021420118915575097,0.015809784688028176,104
3,16,16,18,8,23,mred,229 183 150 125 106 91 78 69,0.005579967321736894,0.005481940203405863,0.006836167904729648,0.021420118915575097,0.015378642199807039,104
3,16,16,18,9,23,mse,458 366 300 250 211 181 157 137,0.004674392397463095,0.004499430682212209,0.006050205664367068,0.021420118915575097,0.01482551003183915,111
3,16,16,18,10,23,mse,915 732 599 499 422 362 314 274,0.004623812746258249,0.004483839941658008,0.005978744706821845,0.021533585516194248,0.015580490599167583,118
3,16,16,18,10,23,mred,916 733 599 499 422 362 314 274,0.004630433896812271,0.004473825302244477,0.005997731582904706,0.0204642233145726,0.01489157041327108,118
3,16,16,18,11,23,mse,1831 1465 1198 998 845 724 627 549,0.004598462827151341,0.004438882753148821,0.005956713592866014,0.020998904415383424,0.015161788754213822,125
3,16,16,18,11,23,mred,1831 1466 1199 998 845 724 628 549,0.004612255834799215,0.004434137461899574,0.00598135149911461,0.020998904415383424,0.014828482641505726,125
3,16,16,20,5,23,mse,29 23 19 16 13 12 10 9,0.02631376241461696,0.02621922416233278,0.03211914556488998,0.09043940438832858,0.07301944016927009,73
3,16,16,20,5,23,mred,30 24 19 16 13 12 10 9,0.02643640305821634,0.025938176359710314,0.03274920251442918,0.0850331486925952,0.06738934430132079,73
3,16,16,20,6,23,mse,59 47 38 32 27 23 20 17,0.018537662790049945,0.018371883588325047,0.023068335916439527,0.0747573251536446,0.05811888436528258,78
3,16,16,20,7,23,mse,118 94 77 64 54 46 40 35,0.017323062499625643,0.01662800064430567,0.022008038544743532,0.0747573251536446,0.05089942634158251,83
3,16,16,20,8,23,mse,236 188 153 127 108 92 80 70,0.017216797491374152,0.016616617837720643,0.021875543749071896,0.0747573251536446,0.05452613313678307,88
3,16,16,20,8,23,mred,236 188 153 128 108 92 80 70,0.017223880979817557,0.016578428988172106,0.021904323564632434,0.0747573251536446,0.05355255573907073,88
3,16,16,20,9,23,mse,471 376 306 255 215 184 159 139,0.01708731097604365,0.016557728838685105,0.021745966311479337,0.07671758505798008,0.054273780424786956,93
3,16,16,20,9,23,mred,473 376 306 255 215 184 160 139,0.01711188609248422,0.01653515215416898,0.021821884137895882,0.0727970652493091,0.053427309424475176,93
3,16,16,20,10,23,mse,943 751 613 510 430 369 319 279,0.017089538936697145,0.016506824439299034,0.021710157646297978,0.07573745510581234,0.0537318447432347,98
3,16,16,20,10,23,mred,945 753 613 511 431 369 319 279,0.01710360651455833,0.016469504911779547,0.021790799118156838,0.07377719520147684,0.05226410613492695,98
3,16,16,20,11,23,mse,1886 1502 1225 1019 861 737 638 557,0.017071791261637125,0.01650590123324811,0.021700531415994047,0.07573745510581234,0.05390740553553717,103
3,16,16,20,11,23,mred,1890 1506 1226 1021 862 737 638 557,0.017079130080228818,0.016465349880857454,0.02177163924352455,0.07377719520147684,0.05226410613492695,103
3,16,18,12,5,23,mse,28 22 18 15 13 11 10 8,0.022261839226034415,0.023260670694874926,0.026317637493925475,0.06845411450490091,0.06314984685832999,101
3,16,18,12,6,23,mse,56 45 37 31 26 22 19 17,0.009182819775710806,0.009166482838519625,0.01125538218043987,0.0299723723756005,0.026506111450238606,114
3,16,18,12,7,23,mse,112 90 74 61 52 45 39 34,0.007118346954753416,0.006765325871065033,0.008995368417510538,0.020930510152546933,0.01794466195345654,127
3,16,18,12,8,23,mse,224 180 147 123 104 89 77 68,0.006335515346397745,0.0059689374923675015,0.008062777613657736,0.020930510152546933,0.015639931141776475,140
3,16,18,12,9,23,mse,449 359 295 246 208 179 155 136,0.0060044538063471035,0.005599019506907065,0.007709887617222092,0.01874508718413744,0.015361233368022184,153
3,16,18,12,10,23,mse,898 719 589 492 417 357 310 271,0.005962318710386386,0.005545878121374753,0.007650389988439456,0.01874508718413744,0.01528157636252329,166
3,16,18,12,10,23,mred,897 718 589 492 417 357 310 271,0.005966442261535308,0.0055456305313205745,0.007674104706106774,0.019837798668342187,0.015202003069697788,166
3,16,18,12,11,23,mse,1795 1438 1179 983 833 715 620 543,0.00593436981728536,0.005516360523833381,0.0076126691427114805,0.019291442926239813,0.014902103650273058,179
3,16,18,12,11,23,mred,1795 1437 1178 983 833 715 619 543,0.005927921576797639,0.005510870415701193,0.007622906075769913,0.019291442926239813,0.01504887625245971,179
3,16,18,14,5,23,mse,28 22 18 15 13 11 10 8,0.022468627513953152,0.02345429318736383,0.026514759207433132,0.06888840163100585,0.06347034437129061,91
3,16,18,14,6,23,mse,56 45 37 31 26 22 19 17,0.009195228900675657,0.009189575497996823,0.011284308016947454,0.030287680454201278,0.026743673703180797,102
3,16,18,14,7,23,mse,112 90 74 61 52 45 39 34,0.007099955519449105,0.006735888422015841,0.00898459342025457,0.02131703580981004,0.018082904579021862,113
3,16,18,14,8,23,mse,224 180 147 123 104 89 77 68,0.006384600208165101,0.006020174632032978,0.008128853126130531,0.02131703580981004,0.015815575904611388,124
3,16,18,14,9,23,mse,449 360 295 246 208 179 155 136,0.006004577237371571,0.005597041288769462,0.007687860717574816,0.01913247562188551,0.015154800642551832,135
3,16,18,14,9,23,mred,449 359 295 246 208 179 155 136,0.005998371908127134,0.005589179434133257,0.007711751819839848,0.01913247562188551,0.015385561260085032,135
3,16,18,14,10,23,mse,898 719 590 492 417 358 310 271,0.0059736049419218925,0.005561456623553718,0.007650381936412906,0.01913247562188551,0.015151041907528098,146
3,16,18,14,10,23,mred,898 719 589 492 417 357 310 271,0.005970352408385231,0.005556108738258521,0.007658758521534984,0.01913247562188551,0.015315204634412067,146
3,16,18,14,11,23,mse,1796 1438 1179 984 833 715 620 543,0.005933435464697346,0.005515026643742102,0.007616734252349289,0.01913247562188551,0.015269743670917636,157
3,16,18,16,5,23,mse,28 23 18 15 13 11 10 8,0.02308978863805513,0.024046785939369972,0.027136800093714677,0.06972686116875675,0.06465699219634734,81
3,16,18,16,6,23,mse,56 45 37 31 26 22 19 17,0.009357635086537738,0.009385839478450626,0.011563631512791113,0.03232532342938215,0.027955275404867568,90
3,16,18,16,7,23,mse,112 90 74 62 52 45 39 34,0.006924247878847042,0.00650319141929795,0.008896321173957783,0.022863138438862472,0.01779000747084318,99
3,16,18,16,8,23,mse,225 180 148 123 104 89 78 68,0.006457443753803914,0.0060999553614008595,0.00820324996693433,0.019652741060641542,0.016376442184276318,108
3,16,18,16,9,23,mse,450 360 295 246 209 179 155 136,0.006004222885496318,0.005590701367792415,0.007740608411189185,0.019652741060641542,0.015609447506949618,117
3,16,18,16,10,23,mse,900 720 590 492 417 358 310 272,0.005979173066480198,0.005567920908202962,0.007707971789177019,0.019652741060641542,0.015609447506949618,126
3,16,18,16,11,23,mse,1799 1441 1181 985 834 716 620 543,0.00597769507025985,0.005563217861979336,0.007681626676903794,0.019086267315607853,0.015322235367829794,135
3,16,18,16,11,23,mred,1800 1440 1181 985 834 716 620 543,0.005973357052728607,0.0055602935562753565,0.007690399549025696,0.019652741060641542,0.015505679772718493,135
3,16,18,18,5,23,mse,28 23 19 15 13 11 10 9,0.023755204351202097,0.024549054445041872,0.02755543936580103,0.07008558220049423,0.06438897943749224,71
3,16,18,18,6,23,mse,57 45 37 31 26 22 19 17,0.01136489898898681,0.011561870387166136,0.014266764228866859,0.04373130012580696,0.03500020902156438,78
3,16,18,18,7,23,mse,113 91 74 62 52 45 39 34,0.007524906389582123,0.007152452191163991,0.009814169107586526,0.028601946041620967,0.02255327551173294,85
3,16,18,18,8,23,mse,226 181 148 124 105 90 78 68,0.007117707051525324,0.006733938253461998,0.009321714652688983,0.028601946041620967,0.021813759144163482,92
3,16,18,18,8,23,mred,227 181 148 124 105 90 78 68,0.007093503355039839,0.006705798637405463,0.009335675376550735,0.02830398734418712,0.021313486261644206,92
3,16,18,18,9,23,mse,453 362 297 248 210 180 156 136,0.007038999232453404,0.006658537507422039,0.009180113541624353,0.02830398734418712,0.020416900163262086,99
3,16,18,18,10,23,mse,906 725 594 495 419 360 311 273,0.0069298117179145075,0.0065485447155010125,0.009060094595817096,0.026961865779745388,0.020558492695380116,106
3,16,18,18,10,23,mred,907 724 594 495 419 360 312 273,0.006935395958520662,0.0065433801775317615,0.00910252988172888,0.02830398734418712,0.02042950829518459,106
3,16,18,18,11,23,mse,1812 1450 1188 990 838 719 623 546,0.006909186668793729,0.006522601825374235,0.00904195752832546,0.026961865779745388,0.020530329778315645,113
3,16,18,18,11,23,mred,1813 1449 1187 991 838 719 623 546,0.006901236678176582,0.006513304995655484,0.009057385109230048,0.027632926561966253,0.020624754351873716,113
3,16,18,20,5,23,mse,29 23 19 16 13 11 10 9,0.025675888123052958,0.02603280339357634,0.030654970216408103,0.08972776870186229,0.07010144071035236,61
3,16,18,20,6,23,mse,58 46 38 32 27 23 20 17,0.01960423234089603,0.019024758679910405,0.024876045519312055,0.08818325714235663,0.061913710577545175,66
3,16,18,20,6,23,mred,58 47 38 32 27 23 20 17,0.019528932727157125,0.0188427548115297,0.0249162497113467,0.08697038794824359,0.0588084028598729,66
3,16,18,20,7,23,mse,116 93 76 63 53 46 40 35,0.01847410392189557,0.01790349222748088,0.02351988253378279,0.08697038794824359,0.05947031541134388,71
3,16,18,20,7,23,mred,117 93 76 63 53 46 40 35,0.01850620707307201,0.01788599984810324,0.02356465869066941,0.07909944301676293,0.0558154487931608,71
3,16,18,20,8,23,mse,233 186 152 126 107 91 79 69,0.01764305297336835,0.01702549294318214,0.022812948530607596,0.08303491548250326,0.05650937991599551,76
3,16,18,20,8,23,mred,233 186 152 126 107 92 79 69,0.01766505709316127,0.017017300153272102,0.022823350823276994,0.08303491548250326,0.05650265929648038,76
3,16,18,20,9,23,mse,466 372 304 253 214 183 158 138,0.01759203655725342,0.01693098435560584,0.02273281767811827,0.08303491548250326,0.0564763866863404,81
3,16,18,20,9,23,mred,466 373 304 253 214 183 158 138,0.01759910695337747,0.01692096942132198,0.022770493470985226,0.08303491548250326,0.0564420920452355,81
3,16,18,20,10,23,mse,932 744 608 505 427 366 316 277,0.01757129287112117,0.016917351450925173,0.02271467910526897,0.08303491548250326,0.0564763866863404,86
3,16,18,20,10,23,mred,933 746 609 506 428 366 316 277,0.017610848576737306,0.01689814753884823,0.022774516524423985,0.08205104736606818,0.05492453863812714,86
3,16,18,20,11,23,mse,1863 1488 1217 1011 855 732 633 553,0.017569804535572088,0.016902403121436167,0.02270401951429848,0.0835268495407208,0.05632607763867146,91
3,16,18,20,11,23,mred,1865 1491 1218 1011 855 732 633 554,0.017588598634001272,0.016890506780710343,0.02273616903128051,0.08254298142428572,0.05512822375102448,91
3,18,12,12,6,23,mse,57 46 38 31 26 23 20 17,0.011727560841307008,0.01202866089391439,0.013616012966661876,0.04028461222442196,0.030814376197416202,138
3,18,12,12,6,23,mred,57 46 38 31 27 23 20 17,0.01164087549082627,0.011827495825357309,0.013637689473032195,0.03232856834682234,0.028207540727388188,138
3,18,12,12,7,23,mse,115 92 75 63 53 45 39 34,0.007684924643412494,0.008061675429569324,0.00918350562767387,0.03232856834682234,0.025230968969117702,151
3,18,12,12,8,23,mse,229 184 150 125 106 91 79 69,0.005707980184500635,0.005720602985213074,0.006942725795168908,0.022553677523902062,0.017337768156578812,164
3,18,12,12,9,23,mse,459 367 300 250 212 182 157 138,0.005634231082166027,0.0056775746583490536,0.0068227128269377916,0.022553677523902062,0.017999906224897267,177
3,18,12,12,9,23,mred,459 367 301 251 212 182 158 138,0.005636294505254472,0.005637025879347503,0.00685577302949888,0.021828547074891614,0.016211751957477677,177
3,18,12,12,10,23,mse,917 734 601 501 424 363 315 276,0.0055191906753856695,0.0055524599485924555,0.00666605710090277,0.021828547074891614,0.017028266320291814,190
3,18,12,12,11,23,mse,1834 1468 1202 1002 848 727 630 551,0.0055109920572442034,0.005545084057409253,0.006650070247676923,0.021828547074891614,0.017146152833783554,203
3,18,12,12,11,23,mred,1834 1468 1203 1002 848 727 630 552,0.005517005939189171,0.005541753425055973,0.006667854788007797,0.021828547074891614,0.016832469832766855,203
3,18,12,14,6,23,mse,57 46 38 31 27 23 20 17,0.011597061481318999,0.011776450473844957,0.013579906697364662,0.03307696079202974,0.028256623520172528,126
3,18,12,14,7,23,mse,115 92 75 63 53 45 39 34,0.007723528666081111,0.008139931722686695,0.009208861458991174,0.03307696079202974,0.025591253475266015,137
3,18,12,14,8,23,mse,229 184 150 125 106 91 79 69,0.0057186992735658,0.005736684453866929,0.00697276936216252,0.022553677523902062,0.0179363740208479,148
3,18,12,14,9,23,mse,459 367 301 251 212 182 158 138,0.005616473322191533,0.005626867166511312,0.0068251460669621665,0.022156905173712348,0.016816712895982987,159
3,18,12,14,10,23,mse,918 734 601 501 424 363 315 276,0.0055490029698497985,0.005585890394567353,0.006705838366985231,0.022572427343116458,0.017570140359453222,170
3,18,12,14,10,23,mred,918 734 602 501 424 364 315 276,0.00555695881695536,0.005576531538588123,0.006727104938730484,0.022156905173712348,0.017230955976167833,170
3,18,12,14,11,23,mse,1835 1469 1202 1002 848 727 630 551,0.005536377574427742,0.005576225069016399,0.006678643574016947,0.021828547074891614,0.01782309192558672,181
3,18,12,14,11,23,mred,1835 1469 1203 1003 849 727 630 552,0.005534919899804829,0.005557363262619336,0.006698390167774525,0.021490799523285718,0.01694734301433732,181
3,18,12,16,5,23,mse,29 23 19 16 13 11 10 9,0.0185736634884339,0.01963822098709358,0.02182503271435087,0.05571678621991137,0.05238593102358154,105
3,18,12,16,6,23,mse,57 46 38 31 27 23 20 17,0.011582428498965859,0.011723103999630986,0.013520724846913,0.03407481738563962,0.02822437542934735,114
3,18,12,16,7,23,mse,115 92 75 63 53 45 39 34,0.008005058452150228,0.008552527078319994,0.009504059566201095,0.03407481738563962,0.027805570103586683,123
3,18,12,16,7,23,mred,115 92 75 63 53 46 39 35,0.007971356158864112,0.008331863309539021,0.009580698899394604,0.030454685059695234,0.024105227586866708,123
3,18,12,16,8,23,mse,230 184 151 125 106 91 79 69,0.005826366482958704,0.005834803001765325,0.00715885368179696,0.025615017215246873,0.01848874607955311,132
3,18,12,16,9,23,mse,460 368 301 251 212 182 158 138,0.005680628171831121,0.005710313091258468,0.006912622587970566,0.025615017215246873,0.017991686029945903,141
3,18,12,16,10,23,mse,919 736 602 502 425 364 315 276,0.005650625356405579,0.005686874702363764,0.006867040784169424,0.024403204696019167,0.018138202053615517,150
3,18,12,16,10,23,mred,919 735 602 502 425 364 315 276,0.005643578535260542,0.005685666544182259,0.006869459982734763,0.02572874382007349,0.01817670768371732,150
3,18,12,16,11,23,mse,1838 1471 1204 1004 849 728 631 552,0.00563480906143654,0.005673679142680429,0.006848193891669342,0.02506597425804633,0.01817670768371732,159
3,18,12,16,11,23,mred,1839 1471 1205 1004 850 728 631 552,0.005641093195782377,0.005667518760691354,0.006863070039111053,0.02506597425804633,0.017909015636605744,159
3,18,12,18,5,23,mse,29 23 19 16 13 11 10 9,0.017783368590466905,0.019025062712746035,0.02155903903995645,0.0675850871258809,0.051878949848639264,95
3,18,12,18,6,23,mse,58 46 38 32 27 23 20 17,0.011046145272403678,0.011166602518655238,0.013345732194341205,0.044540130614033877,0.03214944077835541,102
3,18,12,18,7,23,mse,116 93 76 63 53 46 40 35,0.008609904652387104,0.00861470716972575,0.01061057836205502,0.03332508925473618,0.024825222324531722,109
3,18,12,18,8,23,mse,231 185 151 126 107 91 79 69,0.007142697886635727,0.0072566125092470984,0.009044341091044633,0.03579821509608139,0.02675568918357821,116
3,18,12,18,8,23,mred,232 185 152 126 107 91 79 69,0.007236289138813837,0.007241573023936805,0.009176259981148469,0.03579821509608139,0.02464066015003638,116
3,18,12,18,9,23,mse,463 370 303 252 213 183 158 139,0.006961627290449253,0.006994974449972069,0.0088167008714343,0.03199675694243336,0.0249777198120502,123
3,18,12,18,9,23,mred,463 370 303 252 214 183 159 139,0.007015826108185962,0.0069855346011337876,0.00889811921002603,0.03199675694243336,0.02420738570114778,123
3,18,12,18,10,23,mse,926 740 606 505 427 365 317 277,0.006864663040245749,0.006870422071873489,0.008711052417341266,0.033149309093598096,0.02449784928196582,130
3,18,12,18,10,23,mred,926 740 606 505 427 366 317 277,0.0068567850753588015,0.00684836544162021,0.008715508198420395,0.03199675694243336,0.02445024602382313,130
3,18,12,18,11,23,mse,1851 1481 1211 1009 853 731 634 554,0.006838538345647427,0.006858861928764492,0.008684685842890895,0.032519436879289494,0.02496182213024667,137
3,18,12,18,11,23,mred,1852 1481 1212 1009 854 732 634 554,0.006847874840119847,0.006841250417963584,0.008704785634763037,0.03199675694243336,0.024448777663481865,137
3,18,12,20,5,23,mse,30 24 19 16 14 12 10 9,0.023452023906876604,0.022899997393519195,0.029217883444602768,0.0900024461203722,0.06425013613435664,85
3,18,12,20,6,23,mse,60 47 39 32 27 23 20 18,0.019811454446887783,0.019506953780807454,0.024867099084687396,0.08636415471479142,0.06121338278468902,90
3,18,12,20,6,23,mred,60 48 39 32 27 23 20 18,0.019835766744347554,0.019463814164808767,0.02496619803843938,0.07936691441115175,0.058104820389685174,90
3,18,12,20,7,23,mse,119 95 77 64 54 46 40 35,0.018421499243701303,0.018248813518882426,0.02330343583898496,0.08703885679105881,0.06335811181648883,95
3,18,12,20,7,23,mred,120 95 77 65 55 47 40 35,0.018599066131722748,0.018047098612378777,0.023777017504194167,0.07936691441115175,0.0557219951460867,95
3,18,12,20,8,23,mse,238 190 155 129 109 93 81 70,0.017774544586261175,0.017311481337952277,0.022622446733429735,0.08703885679105881,0.05845323651405463,100
3,18,12,20,8,23,mred,239 190 155 129 109 93 81 71,0.017821308803359352,0.01724564157200533,0.022706580756682183,0.08320288560110528,0.05707311821505265,100
3,18,12,20,9,23,mse,477 380 310 258 218 186 161 141,0.017641610703489994,0.01712592753214511,0.022504277564350965,0.08512087119608204,0.05803316094502974,105
3,18,12,20,9,23,mred,478 380 310 258 218 186 162 141,0.01767514078170938,0.01711624975428628,0.02258193639603299,0.08320288560110528,0.05707311821505265,105
3,18,12,20,10,23,mse,954 760 619 515 435 372 322 282,0.017644780438820465,0.01716309537885798,0.022494994275461016,0.08512087119608204,0.05823572686531838,110
3,18,12,20,10,23,mred,956 760 619 517 436 373 323 282,0.017643696366744684,0.017081481415147544,0.022579116854838304,0.08320288560110528,0.056693711036178714,110
3,18,12,20,11,23,mse,1907 1519 1238 1031 871 744 645 563,0.017623286779245767,0.017138160978436567,0.022482154590208057,0.08560036759482624,0.05852685425690341,115
3,18,12,20,11,23,mred,1913 1521 1239 1034 872 745 646 564,0.01764425691919869,0.01707751624504701,0.022588113451684565,0.0827233892023611,0.056196166205739265,115
3,18,14,12,6,23,mse,57 46 38 31 26 23 20 17,0.011692577275162918,0.011994943792504598,0.013578438914490827,0.03966544100650223,0.0305348703074119,126
3,18,14,12,6,23,mred,57 46 38 31 27 23 20 17,0.011728293788018743,0.011921244039333898,0.013768774137965047,0.031330711753212455,0.028618739380942608,126
3,18,14,12,7,23,mse,115 92 75 63 53 45 39 34,0.007698365817779177,0.008012604431559007,0.009238258379580215,0.031330711753212455,0.025006055703045774,139
3,18,14,12,8,23,mse,229 183 150 125 106 91 79 69,0.0056910576105141854,0.005718200349425405,0.006921748416254448,0.024414324990684053,0.0175523478636851,152
3,18,14,12,9,23,mse,458 367 300 250 212 182 157 138,0.005622699735304854,0.005662507585759018,0.006799609703911136,0.021981774946747697,0.0175523478636851,165
3,18,14,12,9,23,mred,458 367 301 250 212 182 157 138,0.00564080684706555,0.005661527716167999,0.006845763513998804,0.021981774946747697,0.017095414158311943,165
3,18,14,12,10,23,mse,916 734 601 501 424 363 315 276,0.005546774097746613,0.0055673397193474194,0.0067062962660517315,0.021748790359511057,0.016560313249563374,178
3,18,14,12,10,23,mred,917 734 601 501 424 363 315 276,0.005551854420777995,0.00556701587955748,0.006710442727095032,0.021748790359511057,0.016504216922581846,178
3,18,14,12,11,23,mse,1833 1467 1201 1001 848 726 630 551,0.00553404465674715,0.005565568557681607,0.006674429690333752,0.022415174017304307,0.01722424045258932,191
3,18,14,12,11,23,mred,1833 1467 1202 1002 848 727 630 551,0.00553207380172682,0.0055539010024571265,0.006684780092250199,0.022415174017304307,0.017011023142207576,191
3,18,14,14,6,23,mse,57 46 38 31 26 23 20 17,0.01172609098702608,0.012027860523059685,0.01361387958287911,0.04028461222442196,0.030958073163970694,114
3,18,14,14,6,23,mred,57 46 38 31 27 23 20 17,0.011686623368278314,0.011872491976685322,0.013704262067339946,0.03207910419841987,0.02850062545300695,114
3,18,14,14,7,23,mse,115 92 75 63 53 45 39 34,0.007716467257148105,0.0080699463231921,0.009238496144848337,0.03207910419841987,0.02530030114355488,125
3,18,14,14,8,23,mse,229 183 150 125 106 91 79 69,0.005720795449870817,0.00574623429747333,0.006985245394219095,0.02482132777541885,0.017848826564847778,136
3,18,14,14,9,23,mse,458 367 300 250 212 182 157 138,0.005654168369105586,0.005699157366920324,0.0068564893027027,0.022553677523902062,0.01792440465124823,147
3,18,14,14,9,23,mred,458 367 301 251 212 182 157 138,0.005663381308430455,0.005680198750561559,0.006908120175835014,0.022156905173712348,0.017416865592075285,147
3,18,14,14,10,23,mse,917 734 601 501 424 363 315 276,0.005554196572777435,0.005578767242086374,0.006719670583915798,0.022156905173712348,0.01696800504858525,158
3,18,14,14,11,23,mse,1834 1468 1202 1002 848 727 630 551,0.005545562394041956,0.005570866740253977,0.006703967432633629,0.022156905173712348,0.017232837985813758,169
3,18,14,16,5,23,mse,29 23 19 16 13 11 10 9,0.018834374983894335,0.019848349183020985,0.022028934660239793,0.05571678621991137,0.05283588716602952,93
3,18,14,16,6,23,mse,57 46 38 31 27 23 20 17,0.011638064579984436,0.011797837548120044,0.013589493888848315,0.03407481738563962,0.028168858686538484,102
3,18,14,16,7,23,mse,115 92 75 63 53 45 39 34,0.007934541435816702,0.008433076621551419,0.009455921911442816,0.03407481738563962,0.0266196816135393,111
3,18,14,16,7,23,mred,115 92 75 63 53 45 39 35,0.007948918158300707,0.008351432262608509,0.009553348436640215,0.03289941230091099,0.024936258119321555,111
3,18,14,16,8,23,mse,230 184 150 125 106 91 79 69,0.005857592116640409,0.005875343404476663,0.007196601514141548,0.025615017215246873,0.019037829042756357,120
3,18,14,16,8,23,mred,230 184 151 125 106 91 79 69,0.005891974219754785,0.005866631513926112,0.007269883494469009,0.025615017215246873,0.018114013098499866,120
3,18,14,16,9,23,mse,459 368 301 251 212 182 158 138,0.005714089337600468,0.005731116107712918,0.006989057352901505,0.025615017215246873,0.01800183002156523,129
3,18,14,16,10,23,mse,919 735 602 501 424 364 315 276,0.00566874595415127,0.0057039263764539815,0.006926035693473151,0.02572874382007349,0.018534792542526123,138
3,18,14,16,10,23,mred,919 735 602 502 425 364 315 276,0.005671459656668194,0.005690170481880032,0.006939166714619822,0.02572874382007349,0.018101127928890588,138
3,18,14,16,11,23,mse,1837 1470 1203 1003 849 727 630 552,0.005655041265020099,0.005695023008184929,0.006903145029566607,0.02572874382007349,0.01853765269299618,147
3,18,14,16,11,23,mred,1838 1470 1204 1003 849 728 631 552,0.005658187416327848,0.005681426175981076,0.0069125621927802585,0.02572874382007349,0.018146172572863672,147
3,18,14,18,5,23,mse,29 23 19 16 13 11 10 9,0.0178734342654926,0.01910388002176202,0.02160472489574891,0.0675850871258809,0.05188098358044944,83
3,18,14,18,6,23,mse,58 46 38 32 27 23 20 17,0.011237432619579643,0.011333464929817683,0.013557581104305461,0.044540130614033877,0.03140715400166941,90
3,18,14,18,7,23,mse,116 92 76 63 53 46 40 35,0.008718799545717758,0.00875995516970917,0.010787847088137417,0.03604953750695098,0.026253441216008696,97
3,18,14,18,7,23,mred,116 93 76 63 53 46 40 35,0.008780962685081738,0.008759517195042064,0.010840369566047402,0.03332508925473618,0.02497557050144999,97
3,18,14,18,8,23,mse,231 185 151 126 107 91 79 69,0.007118172154748912,0.007206198975302955,0.009026591538353973,0.03579821509608139,0.02675568918357821,104
3,18,14,18,9,23,mse,463 370 303 252 213 183 158 138,0.0069823982772093465,0.007030253477588113,0.008859817511235766,0.03199675694243336,0.025584826266027465,111
3,18,14,18,9,23,mred,463 370 303 252 213 183 158 139,0.006987138900491304,0.00699002184539316,0.008871994440408303,0.03199675694243336,0.024923888497935833,111
3,18,14,18,10,23,mse,925 740 605 504 427 365 317 277,0.006873147140977429,0.006887047223044529,0.008752230985375775,0.033149309093598096,0.02545058961610075,118
3,18,14,18,10,23,mred,926 740 606 504 427 366 317 277,0.006896733569049069,0.006870296024639023,0.00878997988501111,0.03199675694243336,0.024485246474965392,118
3,18,14,18,11,23,mse,1850 1480 1211 1008 853 731 633 554,0.0068563081826339385,0.006870935307268427,0.00873255921047305,0.033042116816145634,0.025298197764539277,125
3,18,14,18,11,23,mred,1851 1480 1211 1009 854 731 634 554,0.006875624329505348,0.0068634325388009475,0.008753422001053725,0.032519436879289494,0.02477817534186902,125
3,18,14,20,5,23,mse,30 24 19 16 14 12 10 9,0.023505463968090196,0.022940666701425347,0.02931646833290553,0.0900024461203722,0.06419498775984252,73
3,18,14,20,6,23,mse,60 47 39 32 27 23 20 18,0.019829142103452102,0.0195054640534523,0.024908193432198064,0.08636415471479142,0.06089997188471634,78
3,18,14,20,7,23,mse,119 95 77 64 54 46 40 35,0.018385043709206746,0.018198166570146623,0.023268156936305132,0.08703885679105881,0.06252956347438454,83
3,18,14,20,7,23,mred,119 95 77 65 54 47 40 35,0.01844443214563668,0.018049942795881097,0.023457150972523755,0.08703885679105881,0.059793810432448045,83
3,18,14,20,8,23,mse,238 190 155 129 109 93 81 70,0.017818793740792496,0.017336274228962886,0.022686471481628844,0.08703885679105881,0.05828276879409503,88
3,18,14,20,8,23,mred,239 190 155 129 109 93 81 71,0.017898640664240642,0.017303199543325,0.022812937872408786,0.08320288560110528,0.05681200372128999,88
3,18,14,20,9,23,mse,477 380 309 258 218 186 161 141,0.017667464098241464,0.017152725522490787,0.022570526138125987,0.08512087119608204,0.05735334799865799,93
3,18,14,20,9,23,mred,478 380 310 258 218 186 161 141,0.017702016620554737,0.017149230165140784,0.02262402444691157,0.08320288560110528,0.05681200372128999,93
3,18,14,20,10,23,mse,953 759 619 515 435 372 322 282,0.017676593506249817,0.017184715597453125,0.022539220265090608,0.08607986399357043,0.05909808673228484,98
3,18,14,20,10,23,mred,956 759 619 517 436 373 323 282,0.017700356291698017,0.01712012939793303,0.022664671779141807,0.08320288560110528,0.05627197789074967,98
3,18,14,20,11,23,mse,1906 1518 1238 1030 871 744 645 563,0.017664345115890663,0.017168593020357965,0.02253338377199984,0.08607986399357043,0.05902054756877709,103
3,18,14,20,11,23,mred,1912 1519 1238 1033 872 745 646 564,0.017684294497635714,0.01711413195783406,0.02263316725202812,0.08320288560110528,0.05643753059674586,103
3,18,16,12,6,23,mse,57 46 37 31 26 23 20 17,0.011632352175899082,0.012001362012035038,0.013503017475011437,0.03787535444353371,0.02951852911049051,114
3,18,16,12,7,23,mse,114 91 75 62 53 45 39 34,0.007467739798935841,0.007724925893755934,0.00910663590014335,0.031330711753212455,0.024264163420976457,127
3,18,16,12,8,23,mse,228 183 150 125 106 91 79 69,0.006050348243258105,0.006035444521517545,0.007431540786502005,0.022337323478905727,0.01684701219812734,140
3,18,16,12,9,23,mse,457 366 300 250 211 181 157 138,0.005808513241867158,0.005812331958158423,0.007094476755169471,0.023998556671084675,0.01775368911335149,153
3,18,16,12,9,23,mred,457 366 300 250 212 181 157 138,0.005811153013763198,0.005797021611115399,0.0071064860431153416,0.02181144016302568,0.017069128870781016,153
3,18,16,12,10,23,mse,914 732 599 500 423 363 314 275,0.005716773187763521,0.005708821043867395,0.006973307385283911,0.02168575704234317,0.017817979292506135,166
3,18,16,12,10,23,mred,914 732 600 500 423 363 314 275,0.005716229561478905,0.005701020292772583,0.006983632781925684,0.02168575704234317,0.017449845516256425,166
3,18,16,12,11,23,mse,1827 1463 1199 999 846 725 629 550,0.005691548950779906,0.005688285570107857,0.006952399527928355,0.02215849604778292,0.01804357970420138,179
3,18,16,12,11,23,mred,1828 1463 1200 999 846 725 629 550,0.005696839763563508,0.00568669404093552,0.006966312212170811,0.02215849604778292,0.01795379399901974,179
3,18,16,14,6,23,mse,57 46 37 31 26 23 20 17,0.011711596121305436,0.012080450413605406,0.013585418497241132,0.03880195923861217,0.030022426756672636,102
3,18,16,14,6,23,mred,57 46 38 31 26 23 20 17,0.011817986718643569,0.01207081663386904,0.013820549966871782,0.03880195923861217,0.02939976447129022,102
3,18,16,14,7,23,mse,114 92 75 62 53 45 39 34,0.007649152611246195,0.007889218346471246,0.009291127511753853,0.03207910419841987,0.0241899446837949,113
3,18,16,14,8,23,mse,229 183 150 125 106 91 79 69,0.006037578120071402,0.006003132892963137,0.0074124540274697805,0.022303506404399653,0.01671771558701901,124
3,18,16,14,9,23,mse,457 366 300 250 212 181 157 138,0.005812081172456604,0.005807267498048033,0.0071179309940233,0.0226647596394755,0.01773829340218906,135
3,18,16,14,10,23,mse,914 732 600 500 423 363 314 275,0.005731660178450508,0.005727260223852247,0.007007563245169023,0.022627953745031123,0.018218896849094352,146
3,18,16,14,11,23,mse,1828 1464 1199 1000 846 725 629 550,0.005721723878624284,0.005719415307297777,0.00699006165519922,0.022627953745031123,0.018349135321809245,157
3,18,16,14,11,23,mred,1829 1464 1200 1000 847 726 629 551,0.00573713551019589,0.005713926214971725,0.007017630119728582,0.022303506404399653,0.01777623492171232,157
3,18,16,16,6,23,mse,57 46 38 31 26 23 20 17,0.011831129769097764,0.012109386497544589,0.013807929942148495,0.04127290535882139,0.030891079385106487,90
3,18,16,16,7,23,mse,114 92 75 63 53 45 39 34,0.007966073068033087,0.008243501179041593,0.00963811641193601,0.03407481738563962,0.024996470852857847,99
3,18,16,16,7,23,mred,115 92 75 63 53 45 39 34,0.007998738774734051,0.008226292710312494,0.009680554140750067,0.03407481738563962,0.024895304124111686,99
3,18,16,16,8,23,mse,229 183 150 125 106 91 79 69,0.005992747482599392,0.005981627353718601,0.00739127657545209,0.025414837906516094,0.018868641553245212,108
3,18,16,16,9,23,mse,458 367 300 250 212 182 157 138,0.005936687935708694,0.00592564306587684,0.007304231760308877,0.024239650989565074,0.018840603525040436,117
3,18,16,16,10,23,mse,916 733 600 500 424 363 315 275,0.005859604353863154,0.005863362675898853,0.0072095198080304145,0.024083437411852864,0.019215102391557198,126
3,18,16,16,10,23,mred,916 733 601 501 424 363 315 276,0.005865947538515543,0.0058407298246937476,0.007228111188256127,0.024083437411852864,0.018570417174792818,126
3,18,16,16,11,23,mse,1832 1466 1201 1001 847 726 629 551,0.005829431359628795,0.005825856193970733,0.0071702552402964,0.024083437411852864,0.018918626085257177,135
3,18,16,16,11,23,mred,1832 1466 1202 1001 848 726 630 551,0.005835563888868536,0.005817329303706677,0.007191845323038624,0.024083437411852864,0.01879243022448231,135
3,18,16,18,5,23,mse,29 23 19 16 13 11 10 9,0.018427035909421338,0.01957384441089799,0.02202401152554203,0.06280224147409921,0.05223898427771981,71
3,18,16,18,6,23,mse,58 46 38 31 27 23 20 17,0.011614476608908401,0.011727707605199509,0.013885542584867875,0.0446515491473013,0.03338752812777043,78
3,18,16,18,7,23,mse,115 92 76 63 53 46 40 35,0.009216479497212667,0.009280823407294869,0.011353288787945509,0.03604953750695098,0.027548434472117522,85
3,18,16,18,8,23,mse,231 185 151 126 106 91 79 69,0.007218835077061991,0.007202275158153687,0.009246491419507086,0.03290970310580556,0.026626889639920926,92
3,18,16,18,8,23,mred,231 185 151 126 107 91 79 69,0.007263572692457208,0.007189854081986499,0.009316382558973617,0.030852317887988954,0.024008684125523826,92
3,18,16,18,9,23,mse,461 369 302 251 213 182 158 138,0.007030495452321036,0.0070522294288689474,0.009009008693073747,0.0334301069023503,0.026386396939248817,99
3,18,16,18,9,23,mred,462 369 302 252 213 182 158 138,0.007065517063712249,0.007042913462895808,0.009060690334695216,0.0334301069023503,0.025880397108987374,99
3,18,16,18,10,23,mse,923 738 604 503 426 365 316 276,0.006993978134043603,0.0069813815710147425,0.008968400747171909,0.0334301069023503,0.025752625607877565,106
3,18,16,18,10,23,mred,923 739 605 503 426 365 316 277,0.007013622241825128,0.0069595860005090965,0.009014513671582848,0.032120391600049966,0.024772432360141206,106
3,18,16,18,11,23,mse,1845 1476 1208 1006 852 729 632 553,0.006975341624012726,0.0069604089807505255,0.008952727923909571,0.0334301069023503,0.02574111422879587,113
3,18,16,18,11,23,mred,1846 1477 1209 1006 852 730 632 553,0.006978314678226233,0.006942710711321072,0.008965216031376465,0.03277524925120013,0.02552018556218868,113
3,18,16,20,5,23,mse,30 24 19 16 14 12 10 9,0.024183599058592582,0.023524505346233463,0.030271059180913988,0.08830821349721381,0.06446580612602883,61
3,18,16,20,6,23,mse,59 47 39 32 27 23 20 18,0.019949602876443727,0.019632556177605454,0.025004238486907738,0.09471079917096588,0.06174054166193102,66
3,18,16,20,6,23,mred,60 47 39 32 27 23 20 18,0.019929898206319754,0.019533754369858304,0.025133730864907517,0.08636415471479142,0.05853568020138478,66
3,18,16,20,7,23,mse,119 95 77 64 54 46 40 35,0.018243003770455683,0.017916091322447904,0.023245742256667236,0.08703885679105881,0.05907405963817982,71
3,18,16,20,8,23,mse,238 189 154 128 109 93 80 70,0.01799118803243331,0.017555468095730928,0.0229349989819523,0.08703885679105881,0.05855600832776763,76
3,18,16,20,8,23,mred,238 189 154 129 109 93 81 70,0.018020134524753217,0.017487738951528477,0.02304167460008105,0.08703885679105881,0.05739944280208348,76
3,18,16,20,9,23,mse,476 378 309 257 217 186 161 140,0.01788475382015733,0.01739673828458489,0.022819100457595564,0.08703885679105881,0.058849611043708235,81
3,18,16,20,9,23,mred,477 379 309 257 218 186 161 141,0.017910271642131957,0.017310195354643874,0.022917909204106565,0.08512087119608204,0.055077557666333286,81
3,18,16,20,10,23,mse,951 756 618 514 434 371 322 281,0.017853163936208567,0.01735065187301427,0.022788802803673184,0.0879978495885472,0.057586060488189796,86
3,18,16,20,10,23,mred,953 757 618 515 435 372 322 281,0.017853259966596723,0.01729519048708745,0.022839709095969482,0.08607986399357043,0.056571822216834426,86
3,18,16,20,11,23,mse,1903 1513 1235 1027 869 742 643 562,0.01784240829240242,0.01734752726351909,0.022776431374343313,0.087518353189803,0.05739419996048602,91
3,18,16,20,11,23,mred,1907 1514 1236 1030 871 744 644 563,0.01786649956021395,0.017283812871707868,0.022869858541389492,0.08560036759482624,0.055462303729990045,91
3,18,18,12,5,23,mse,28 23 19 15 13 11 10 9,0.023565054326666758,0.024293190607024808,0.027390046402821572,0.07077422887306054,0.06437575126407077,89
3,18,18,12,6,23,mse,57 45 37 31 26 23 20 17,0.012484196770718721,0.012621494003240755,0.015549154242143605,0.043292061536652104,0.03745130860542217,102
3,18,18,12,7,23,mse,113 91 74 62 52 45 39 34,0.00845510008320181,0.008240794736276667,0.010767565266043621,0.03354921857583683,0.025470182008843746,115
3,18,18,12,7,23,mred,113 91 74 62 53 45 39 34,0.008513586242882839,0.008238252119503887,0.010897140642281122,0.031133573597679372,0.025189418176313937,115
3,18,18,12,8,23,mse,226 181 148 124 105 90 78 68,0.007911985240570452,0.00769201335192006,0.010060839170929982,0.031133573597679372,0.023442957500366617,128
3,18,18,12,8,23,mred,226 181 149 124 105 90 78 68,0.007923963571835422,0.0076836176514481535,0.010069977169941303,0.02971405031897489,0.02252204368412787,128
3,18,18,12,9,23,mse,452 362 297 248 210 180 156 137,0.00774991215964938,0.007478920468595303,0.009875829116446638,0.02971405031897489,0.02192040014822868,141
3,18,18,12,10,23,mse,904 724 594 495 420 360 312 273,0.007743722630235193,0.007487381974290803,0.00986702890243089,0.02971405031897489,0.022283804608083577,154
3,18,18,12,10,23,mred,904 725 594 496 420 360 312 274,0.007743447188863443,0.007470406840131045,0.009882280036341983,0.028373876355327066,0.021875349571293883,154
3,18,18,12,11,23,mse,1808 1449 1188 991 839 720 624 547,0.007715795861657293,0.007452589846551349,0.009848264938541717,0.02904396333715098,0.022209445053508116,167
3,18,18,12,11,23,mred,1808 1450 1188 991 840 720 625 547,0.007723010282888802,0.007448565289014749,0.009863648329354291,0.028373876355327066,0.02188646408142156,167
3,18,18,14,5,23,mse,28 23 19 15 13 11 10 9,0.023565054326666758,0.024293190607024808,0.027390046402821572,0.07077422887306054,0.06437575126407077,79
3,18,18,14,6,23,mse,57 45 37 31 26 23 20 17,0.012484196770718721,0.012621494003240755,0.015549154242143605,0.043292061536652104,0.03745130860542217,90
3,18,18,14,7,23,mse,113 91 74 62 52 45 39 34,0.00845510008320181,0.008240794736276667,0.010767565266043621,0.03354921857583683,0.025470182008843746,101
3,18,18,14,7,23,mred,113 91 74 62 53 45 39 34,0.008513586242882839,0.008238252119503887,0.010897140642281122,0.031133573597679372,0.025189418176313937,101
3,18,18,14,8,23,mse,226 181 148 124 105 90 78 68,0.007911985240570452,0.00769201335192006,0.010060839170929982,0.031133573597679372,0.023442957500366617,112
3,18,18,14,8,23,mred,226 181 149 124 105 90 78 68,0.007923963571835422,0.0076836176514481535,0.010069977169941303,0.02971405031897489,0.02252204368412787,112
3,18,18,14,9,23,mse,452 362 297 248 210 180 156 137,0.00774991215964938,0.007478920468595303,0.009875829116446638,0.02971405031897489,0.02192040014822868,123
3,18,18,14,10,23,mse,904 724 594 495 420 360 312 273,0.007743722630235193,0.007487381974290803,0.00986702890243089,0.02971405031897489,0.022283804608083577,134
3,18,18,14,10,23,mred,904 725 594 496 420 360 312 274,0.007743447188863443,0.007470406840131045,0.009882280036341983,0.028373876355327066,0.021875349571293883,134
3,18,18,14,11,23,mse,1808 1449 1188 991 839 720 624 547,0.007715795861657293,0.007452589846551349,0.009848264938541717,0.02904396333715098,0.022209445053508116,145
3,18,18,14,11,23,mred,1808 1450 1188 991 840 720 625 547,0.007723010282888802,0.007448565289014749,0.009863648329354291,0.028373876355327066,0.02188646408142156,145
3,18,18,16,5,23,mse,28 23 19 16 13 11 10 9,0.023387205321917973,0.024009032633219008,0.027232013166004824,0.06972139771190523,0.06359935931722842,69
3,18,18,16,6,23,mse,57 45 37 31 26 23 20 17,0.012472911716061668,0.012623615818143998,0.015376855775903744,0.041856996802763995,0.03657829640837739,78
3,18,18,16,7,23,mse,113 91 74 62 53 45 39 34,0.008562325094068884,0.008335732227284513,0.010914992734530069,0.031478852876999155,0.026004072189323758,87
3,18,18,16,8,23,mse,226 181 149 124 105 90 78 68,0.008089019902475118,0.007899936963985001,0.010229487012964764,0.03322069142627415,0.024439477465481547,96
3,18,18,16,8,23,mred,226 182 149 124 105 90 78 68,0.008104287420741483,0.007897088419276537,0.01031621838397043,0.031029920729074872,0.02434544888924701,96
3,18,18,16,9,23,mse,453 363 297 248 210 180 156 137,0.007847134522372037,0.0076058819453304945,0.00998910643388766,0.03055003035286607,0.023111373608497184,105
3,18,18,16,10,23,mse,906 725 595 496 420 360 312 274,0.007848152704017293,0.007605497367556273,0.009969690474987424,0.031885360889570113,0.022842494019107033,114
3,18,18,16,10,23,mred,906 726 595 496 420 361 313 274,0.007844219168658368,0.007578369553105172,0.009982499538653333,0.03055003035286607,0.02277181634261113,114
3,18,18,16,11,23,mse,1811 1451 1190 992 841 721 625 547,0.007817691182028113,0.00756174482552615,0.009946793669491414,0.03121769562121809,0.022842494019107033,123
3,18,18,16,11,23,mred,1811 1452 1190 993 841 721 625 548,0.00782201456783089,0.0075555232963844254,0.009959518224725392,0.03055003035286607,0.02269996448699388,123
3,18,18,18,5,23,mse,29 23 19 16 13 11 10 9,0.022492662993008887,0.022923864047683033,0.026323163039284402,0.06860932863450778,0.060779416091690776,59
3,18,18,18,6,23,mse,57 46 37 31 26 23 20 17,0.01312134061460199,0.01328651466796407,0.015969339532663496,0.051156689839658286,0.037887009231269454,66
3,18,18,18,7,23,mse,114 91 75 62 53 45 39 34,0.009548235927451604,0.009561600321783062,0.011921184222903699,0.04454429437752442,0.030615374753074298,73
3,18,18,18,8,23,mse,228 183 150 125 106 90 78 69,0.009162375164489043,0.008969312849270727,0.011629022541730516,0.042798637282360844,0.027755835749524376,80
3,18,18,18,8,23,mred,228 183 150 125 106 91 78 69,0.009151718866119238,0.008914455042652038,0.01164139909895091,0.042798637282360844,0.027553604434569046,80
3,18,18,18,9,23,mse,456 365 299 249 211 181 157 137,0.008651971817401252,0.008475198713487009,0.011061392414459796,0.042798637282360844,0.028646878783903318,87
3,18,18,18,10,23,mse,912 730 598 498 422 362 314 275,0.008636538517736268,0.008434070384012272,0.011050754072126447,0.042798637282360844,0.027900696063804784,94
3,18,18,18,10,23,mred,912 731 599 499 423 362 314 275,0.008643379810070349,0.008401624117828457,0.0110848379678634,0.042798637282360844,0.027324083297920954,94
3,18,18,18,11,23,mse,1825 1460 1197 997 845 724 627 549,0.008612886648240612,0.008413199497177178,0.011030487116708218,0.04227385583350249,0.028267922191734178,101
3,18,18,18,11,23,mred,1825 1461 1197 998 846 724 628 550,0.00863207189090769,0.008398350010993101,0.011064749590461465,0.04227385583350249,0.026856179179898274,101
3,18,18,20,5,23,mse,29 23 19 16 13 12 10 9,0.027103999508173812,0.027058940690676513,0.03314683511847537,0.10143700570132631,0.07633098147798965,49
3,18,18,20,5,23,mred,29 23 19 16 14 12 10 9,0.027393725429518366,0.026990704632391886,0.03384580721587555,0.10143700570132631,0.07424658929701794,49
3,18,18,20,6,23,mse,59 47 38 32 27 23 20 17,0.01956473926301201,0.019335590539849647,0.02470484049138236,0.08524911717562579,0.06113851172965165,54
3,18,18,20,7,23,mse,118 94 76 64 54 46 40 35,0.01871367464890128,0.018046395987318567,0.024024852950146385,0.08524911717562579,0.056666811179721964,59
3,18,18,20,8,23,mse,235 187 153 127 108 92 80 69,0.0185360317491808,0.018078648280472735,0.02363905063994364,0.08678652209863055,0.05947575779227534,64
3,18,18,20,8,23,mred,236 188 153 127 108 92 80 70,0.018582490131294517,0.017948293527325923,0.023786953867115823,0.08190302756439863,0.0561677681698971,64
3,18,18,20,9,23,mse,471 374 306 254 215 184 159 139,0.018383803098084343,0.017903118146750184,0.02351796407372885,0.08678652209863055,0.05732561758763027,69
3,18,18,20,9,23,mred,472 375 306 255 216 184 160 139,0.018442294534663485,0.017840152248844596,0.023635237400692524,0.08434477483151459,0.05649491678948233,69
3,18,18,20,10,23,mse,941 748 611 509 431 368 319 278,0.018365044527668812,0.017844608045575375,0.0234932769515284,0.08678652209863055,0.05772570641090358,74
3,18,18,20,10,23,mred,944 751 611 509 432 368 319 278,0.01838839642488054,0.017811652876486322,0.02361397631713465,0.08312390119795661,0.05695078062361898,74
3,18,18,20,11,23,mse,1882 1497 1223 1017 862 737 637 556,0.018365283875241646,0.01784791763866042,0.02348676462316198,0.08617608528185156,0.05756785905520822,79
3,18,18,20,11,23,mred,1888 1502 1223 1019 863 737 638 557,0.018403799634191847,0.017805400183797025,0.023614088879767656,0.08312390119795661,0.0567490959681091,79
2,15,15,15,7,23,mse,102 68 49 36,0.007344921146362577,0.007666507538987158,0.00840127997190163,0.02231186643460653,0.01921123716211297,142
2,15,15,15,8,23,mse,203 136 97 73,0.0032227019583938882,0.0030294143130814768,0.004529565835261463,0.022136353572041884,0.012960752778753856,152
2,15,15,15,9,23,mse,406 272 194 146,0.0032227019583938882,0.0030294143130814768,0.004529565835261463,0.022136353572041884,0.012960752778753856,162
2,15,15,16,7,23,mse,102 68 49 37,0.006858093468459624,0.0071330011169624,0.008038159564479723,0.02117294111250695,0.017085728411236154,135
2,15,15,16,8,23,mse,203 136 97 73,0.0034076715222335022,0.0032430898677205224,0.004910179044024325,0.02597111296979858,0.014631262060232708,144
2,15,15,16,9,23,mse,407 272 195 146,0.0033886220994899462,0.0031803742296843056,0.004578872023514464,0.023572027041152764,0.012204245464321953,153
2,15,15,16,9,23,mred,406 272 195 146,0.0033651340006085554,0.0031703516769942576,0.004792667246379314,0.02597111296979858,0.013905305819068028,153
2,15,15,17,7,23,mse,102 68 49 37,0.006279556810122209,0.006495571158581525,0.007555577608337171,0.02888024078878642,0.01679787672541988,128
2,15,15,17,8,23,mse,204 136 97 73,0.004251772631405111,0.004152367597867014,0.005637876879352032,0.02888024078878642,0.015252617327023347,136
2,15,15,17,9,23,mse,408 272 195 146,0.003779256126177501,0.003613620755794719,0.005197877499084396,0.02888024078878642,0.014046312734194304,144
2,15,16,15,7,23,mse,101 68 49 36,0.007406178687917487,0.007730713013578908,0.008682756635079157,0.026953415869716554,0.019239188925154773,136
2,15,16,15,8,23,mse,203 136 97 73,0.0036341476839924407,0.0033903767020316286,0.00486081634380454,0.022136353572041884,0.012079883258386895,146
2,15,16,15,9,23,mse,406 271 194 146,0.0034340498594563006,0.0032114534034609794,0.004766327479329879,0.022136353572041884,0.012662074797021588,156
2,15,16,15,9,23,mred,405 271 194 146,0.0033722070430685994,0.0031653378902200156,0.004868813756968313,0.024544884720879217,0.014310265668635032,156
2,15,16,16,7,23,mse,102 68 49 36,0.0076613228526839095,0.0079176009757834,0.00880206179687497,0.02374406676944325,0.019295414484811903,129
2,15,16,16,7,23,mred,101 68 49 36,0.007560799495778805,0.007861898296915713,0.008963798776137274,0.030769284827090213,0.02034714984306217,129
2,15,16,16,8,23,mse,203 136 97 73,0.003560222971069186,0.0033491183816844574,0.004885156710513081,0.02597111296979858,0.01312822431813689,138
2,15,16,16,9,23,mse,406 272 194 146,0.003560222971069186,0.0033491183816844574,0.004885156710513081,0.02597111296979858,0.01312822431813689,147
2,15,16,17,7,23,mse,102 68 49 37,0.00698739721742008,0.007191030215795149,0.008306832495177776,0.02888024078878642,0.018386532603569726,122
2,15,16,17,8,23,mse,203 136 97 73,0.0041501384522983934,0.003991002869016132,0.005749220940115617,0.03364063176531198,0.016046215083134793,130
2,15,16,17,9,23,mse,407 272 195 146,0.003931261009045059,0.0037209504256436195,0.005330997559509322,0.0312604362770492,0.014669982519481472,138
2,15,17,15,7,23,mse,101 68 48 36,0.007549679888180811,0.007721171823383043,0.00872995715623466,0.02438644580029346,0.019021682256285782,130
2,15,17,15,8,23,mse,202 135 97 73,0.004511580560838028,0.004276583067797534,0.006036842886310434,0.02438644580029346,0.015037126903245995,140
2,15,17,15,9,23,mse,404 271 194 145,0.004425411238371358,0.004206422857172669,0.005923585222004604,0.02438644580029346,0.01418361513432585,150
2,15,17,16,7,23,mse,101 68 48 36,0.007788061771795533,0.008031938581147105,0.009042545128245743,0.028096003040596527,0.019967818820550348,123
2,15,17,16,8,23,mse,202 135 97 73,0.004598806975739635,0.004336255419491241,0.006286305889736498,0.028096003040596527,0.016303519159041692,132
2,15,17,16,9,23,mse,405 271 194 146,0.004446438464007935,0.004182803889399088,0.005928255928943411,0.025690300077825728,0.01367230154279608,141
2,15,17,16,9,23,mred,404 271 194 146,0.0044343642333977175,0.004179643376368439,0.0060274758349946455,0.028096003040596527,0.015372568545343076,141
2,15,17,17,7,23,mse,101 68 49 36,0.008055983446838777,0.00827856473862795,0.009540367047120628,0.03551511752120266,0.021336781718331643,116
2,15,17,17,8,23,mse,203 136 97 73,0.004755460538067085,0.004460452196227524,0.006417703870834598,0.03074043988516901,0.014930539788673014,124
2,15,17,17,9,23,mse,406 271 194 146,0.004659556994850391,0.004395132914008942,0.006319863450139685,0.03074043988516901,0.015423839721447659,132
2,16,15,15,7,23,mse,102 68 49 37,0.006619632252032954,0.00687078288993302,0.007810163935444483,0.02117294111250695,0.017016427110747388,136
2,16,15,15,8,23,mse,203 136 97 73,0.003598954963359732,0.0034731625668501707,0.005077648060942942,0.02597111296979858,0.014669232124645918,146
2,16,15,15,9,23,mse,407 272 195 146,0.003403232419771223,0.0032314981337867644,0.004603322540504409,0.023572027041152764,0.012353312407324712,156
2,16,15,16,7,23,mse,102 68 49 37,0.006232442699477786,0.006459134259468769,0.00745559565031593,0.02371953640932431,0.01652649441429969,129
2,16,15,16,8,23,mse,204 136 97 73,0.004014890037407905,0.0038969046705138997,0.005290562067224681,0.02371953640932431,0.014253431769210732,138
2,16,15,16,9,23,mse,407 272 195 146,0.0034678873234985043,0.0033346172041190105,0.0048167622790515376,0.025464938519981238,0.013670588171376974,147
2,16,15,17,7,23,mse,102 68 49 37,0.005962011614219826,0.006111462978990722,0.007290663662182463,0.02985966511115246,0.016775372912571147,122
2,16,15,17,8,23,mse,204 136 98 73,0.0045563382801478616,0.004465852352748742,0.005937290686722037,0.02985966511115246,0.015819693389255908,130
2,16,15,17,9,23,mse,408 273 195 146,0.004012318585452642,0.003924469869452187,0.0053742481684572714,0.029214714149430106,0.015105006502731427,138
2,16,16,15,7,23,mse,102 68 49 36,0.007624263117974709,0.007897706267529909,0.00882969402523125,0.02429425671582682,0.019792210238352956,130
2,16,16,15,7,23,mred,101 68 49 37,0.007569670974071321,0.007817750126201305,0.009095587800714356,0.030769284827090213,0.019480230317192673,130
2,16,16,15,8,23,mse,203 136 97 73,0.0036278316614973506,0.0034449205399840976,0.004953428889358447,0.02597111296979858,0.013269101801281815,140
2,16,16,15,9,23,mse,406 272 194 146,0.0036278316614973506,0.0034449205399840976,0.004953428889358447,0.02597111296979858,0.013269101801281815,150
2,16,16,17,7,23,mse,102 68 49 37,0.0064532088467346895,0.00662670861722154,0.007789365113845926,0.02888024078878642,0.018075006057363403,116
2,16,16,17,8,23,mse,204 136 97 73,0.004517738719867469,0.004417657869684798,0.005938493812701817,0.02888024078878642,0.015664263962455228,124
2,16,16,17,9,23,mse,407 272 195 146,0.004037352352829747,0.0038942858512636246,0.005515121761612853,0.0312604362770492,0.015533185016812555,132
2,16,17,15,7,23,mse,101 68 49 36,0.007891536928467602,0.008118715394691715,0.009207908612580498,0.02438644580029346,0.019518570179219912,124
2,16,17,15,8,23,mse,202 135 97 73,0.00461443557313364,0.004349172764325435,0.006327583352077227,0.024803088533176337,0.01642961953496989,134
2,16,17,15,9,23,mse,405 271 194 146,0.0044164011738162725,0.00415559622081401,0.005916375532296133,0.021971560765145674,0.013818206294798022,144
2,16,17,16,7,23,mse,101 68 49 36,0.007867869472891257,0.008106060379007633,0.009265546203677547,0.028096003040596527,0.020481243039864094,117
2,16,17,16,8,23,mse,203 136 97 73,0.004722260906531944,0.004402451547241613,0.006350748453716961,0.023284597115054925,0.014485345494577456,126
2,16,17,16,9,23,mse,405 271 194 146,0.004411723676672006,0.00415580069036928,0.005994375450473015,0.025690300077825728,0.015354745548244897,135
2,16,17,17,7,23,mse,102 68 49 36,0.008137504658438911,0.008318144027650527,0.00965838464665951,0.02841115858622418,0.021741277135844565,110
2,16,17,17,7,23,mred,102 68 49 37,0.008206657584035309,0.008286596215191025,0.009840250391679652,0.02596576224913536,0.020432901699500648,110
2,16,17,17,8,23,mse,203 136 97 73,0.004719629135813033,0.004478299047840392,0.0063916062194946935,0.03074043988516901,0.01604660376869762,118
2,16,17,17,9,23,mse,406 272 194 146,0.004719629135813033,0.004478299047840392,0.0063916062194946935,0.03074043988516901,0.01604660376869762,126
2,17,15,15,7,23,mse,102 68 49 37,0.005930317311314666,0.006043384039987272,0.007262539494390473,0.027250000130229792,0.017321341311495313,130
2,17,15,15,8,23,mse,204 136 98 73,0.004763358524166067,0.004684084966373429,0.006089672113933336,0.027250000130229792,0.016147374367590644,140
2,17,15,15,9,23,mse,408 273 195 147,0.004333491370465828,0.004229065565288824,0.005593152107933879,0.027250000130229792,0.014419892139637543,150
2,17,15,16,7,23,mse,102 68 49 37,0.0058810432864221185,0.00595249493417338,0.007287775064492317,0.029214714149430106,0.017609855798418044,123
2,17,15,16,8,23,mse,204 137 98 73,0.004977093913057541,0.004874098886185882,0.00633258879063436,0.029214714149430106,0.016060150391417394,132
2,17,15,16,9,23,mse,408 273 195 147,0.004373307307732897,0.004286775133655985,0.005730437378784116,0.029214714149430106,0.01600196565721629,141
2,17,15,17,7,23,mse,102 68 49 37,0.006283896112750881,0.006253948921904994,0.007905316843290613,0.033213444486481086,0.019868466687870703,116
2,17,15,17,8,23,mse,205 137 98 73,0.005222111421157551,0.005181570276802319,0.00659667879981857,0.028474294704552074,0.01752066804179924,124
2,17,15,17,9,23,mse,409 274 196 147,0.004712898678669558,0.004550813269374308,0.006173367253739372,0.03084386959551658,0.016321223601024733,132
2,17,16,15,7,23,mse,102 68 49 37,0.00651183255330576,0.0066295371436275174,0.007896133330823459,0.02307050347948979,0.01831774548000886,124
2,17,16,15,8,23,mse,204 136 97 73,0.004923504868091755,0.00483501829336707,0.006341238729455984,0.02307050347948979,0.01641785111965931,134
2,17,16,15,9,23,mse,407 272 195 146,0.004372722736285563,0.004266940338601756,0.00576532584252311,0.025464938519981238,0.015737478804776744,144
2,17,16,16,7,23,mse,102 68 49 37,0.0062910374747793,0.006388712552197527,0.007686382717015329,0.02596576224913536,0.018090988555237733,117
2,17,16,16,8,23,mse,204 136 98 73,0.005005800189554731,0.00488415202555394,0.006424078402037112,0.02596576224913536,0.016399314930630404,126
2,17,16,16,9,23,mse,408 273 195 146,0.004573408122163977,0.004471478423276885,0.005947674469194376,0.02596576224913536,0.015174511369298085,135
2,17,16,17,7,23,mse,102 68 49 37,0.006327522830393629,0.006351369880903818,0.007879808901174687,0.033213444486481086,0.019199439161985323,110
2,17,16,17,8,23,mse,204 137 98 73,0.005419292453875406,0.00531665940041345,0.006948901213600658,0.033213444486481086,0.01754435983156818,118
2,17,16,17,9,23,mse,409 273 195 147,0.004942127953421664,0.004806609257699525,0.006465162583675662,0.03084386959551658,0.016796478511581954,126
2,17,17,15,7,23,mse,101 68 49 36,0.008077612798440013,0.008344533970352487,0.00971907337482973,0.03180556028089959,0.023371270404049675,118
2,17,17,15,7,23,mred,101 68 49 37,0.008059675021769144,0.008227111885966096,0.009779577928434797,0.03180556028089959,0.02212732613339507,118
2,17,17,15,8,23,mse,203 136 97 73,0.005012110759645699,0.0047858604567493105,0.006626546572887897,0.02701251850011197,0.01608943323699715,128
2,17,17,15,9,23,mse,406 272 194 146,0.005012110759645699,0.0047858604567493105,0.006626546572887897,0.02701251850011197,0.01608943323699715,138
2,17,17,16,7,23,mse,102 68 49 37,0.007961236925704093,0.007986422042446165,0.009662902434706116,0.02596576224913536,0.020955154218802587,111
2,17,17,16,8,23,mse,203 136 97 73,0.005089678466498303,0.004903089965779096,0.006734922569099068,0.03074043988516901,0.017314624581463916,120
2,17,17,16,9,23,mse,406 272 195 146,0.00499032055086221,0.004757860330996605,0.006630182841511677,0.03074043988516901,0.01627147596891852,129
2,17,17,17,7,23,mse,102 68 49 37,0.007362284266037036,0.007360542630740667,0.009049270290611627,0.027983912098075846,0.02010139429881192,104
2,17,17,17,8,23,mse,204 136 97 73,0.005782705563469243,0.005602469105035978,0.007586595991800184,0.027983912098075846,0.019106905188025183,112
2,17,17,17,8,23,mred,203 136 97 73,0.0057170770278117695,0.00559121444750589,0.007588790047804738,0.03274869684269312,0.020739305126432427,112
2,17,17,17,9,23,mse,407 272 195 146,0.005292341173227581,0.005095531808315702,0.0070597849864606505,0.03036630447038448,0.018693779834100473,120
3,15,15,15,6,23,mse,57 45 37 31 26 23 20 17,0.00966830566071283,0.010077404324154542,0.012158053561309891,0.0284455431706236,0.027094220432884387,120
3,15,15,15,7,23,mse,114 91 74 62 52 45 39 34,0.0036775700985924925,0.0035733576798210173,0.004918028381545559,0.014080412954456034,0.011789488535122947,130
3,15,15,15,7,23,mred,114 91 74 62 53 45 39 34,0.003672814367949409,0.0035520512009571585,0.004936452576768896,0.012781131113951483,0.011345895039120129,130
3,15,15,15,8,23,mse,227 182 149 124 105 90 78 68,0.0017226905191323298,0.0017379712204881367,0.002214321951116292,0.008280396356949785,0.006165011817820148,140
3,15,15,16,6,23,mse,57 46 37 31 26 23 20 17,0.009857384640561195,0.010255731760973304,0.012235649941874418,0.0284455431706236,0.0264975076645242,114
3,15,15,16,7,23,mse,114 91 74 62 53 45 39 34,0.00375529593929794,0.003722714264738851,0.004917016675287299,0.015856579303627646,0.011287349873514983,123
3,15,15,16,8,23,mse,227 182 149 124 105 90 78 68,0.0021174416354510566,0.0021716737671723554,0.0027162975275678404,0.009780728586364385,0.007527653871317805,132
3,15,15,17,6,23,mse,57 46 37 31 26 23 20 17,0.010069201860719254,0.010504492839465633,0.011986522066501186,0.0284455431706236,0.02608847164848092,108
3,15,15,17,7,23,mse,114 91 75 62 53 45 39 34,0.004225043674752914,0.004248755297705293,0.005097902907408539,0.01468993537722409,0.010984820744567489,116
3,15,15,17,8,23,mse,228 182 149 124 105 90 78 68,0.0033907099390017674,0.0035134537018469457,0.004106709931558345,0.01468993537722409,0.010564459959362725,124
3,15,16,15,6,23,mse,57 45 37 31 26 22 19 17,0.009258146150921069,0.009616976180015818,0.011760624783398729,0.029462997288646427,0.0272614918829987,114
3,15,16,15,7,23,mse,113 91 74 62 52 45 39 34,0.003586821216030177,0.003439041175224519,0.004693631763517798,0.0133664464036239,0.01109523265421376,124
3,15,16,15,8,23,mse,227 181 149 124 105 90 78 68,0.0024056459854250927,0.0022839815364839996,0.0031567363840860614,0.009474760260065291,0.006974385927338194,134
3,15,16,15,8,23,mred,227 182 149 124 105 90 78 68,0.002402529105565926,0.002265906109036878,0.0031608435033000336,0.008280396356949785,0.006668714622637141,134
3,15,16,16,6,23,mse,57 45 37 31 26 22 19 17,0.009684421537880704,0.010122049001499735,0.012209692853091498,0.030450939971038645,0.028291720484790395,108
3,15,16,16,6,23,mred,57 45 37 31 26 22 20 17,0.009691079773303002,0.01011236762400777,0.012247124694914905,0.030257965530154675,0.02840518944362276,108
3,15,16,16,7,23,mse,114 91 74 62 52 45 39 34,0.003980978696146841,0.003820692661142812,0.005266795099769179,0.015645045834562412,0.01233988479296851,117
3,15,16,16,8,23,mse,227 182 149 124 105 90 78 68,0.002315440350641865,0.002248583979191406,0.0030103918485225624,0.009780728586364385,0.007002661127369041,126
3,15,16,17,6,23,mse,57 46 37 31 26 23 20 17,0.010174402294374062,0.010534482182796796,0.012459276640131167,0.02991821817757966,0.027621045213421104,102
3,15,16,17,7,23,mse,114 91 75 62 53 45 39 34,0.004375364095036114,0.004281290717297082,0.005587862070496819,0.015457104867517927,0.012623629356752123,110
3,15,16,17,8,23,mse,228 182 149 124 105 90 78 68,0.003139933856358024,0.003136103527197649,0.0039815997222500035,0.01312920545441191,0.009797364447399448,118
3,15,17,15,6,23,mse,56 45 37 31 26 22 19 17,0.008642849211093815,0.00882690852045244,0.011251884356978967,0.02863422902795321,0.02646657484342131,108
3,15,17,15,7,23,mse,113 90 74 62 52 45 39 34,0.004183449245475962,0.00394405596786246,0.005427722189297434,0.014947275396750014,0.011286970153645532,118
3,15,17,15,8,23,mse,226 181 148 124 105 90 78 68,0.0036663250801482533,0.0034507144849196124,0.004697231219055982,0.011018887941300086,0.009419558957750224,128
3,15,17,16,6,23,mse,57 45 37 31 26 22 19 17,0.009010731751230246,0.009216571906521876,0.011649775953105042,0.030327416171659464,0.027123562793701945,102
3,15,17,16,7,23,mse,113 91 74 62 52 45 39 34,0.004255371983897765,0.003999938304088653,0.005587185322572406,0.014707945610451837,0.01238852372466254,111
3,15,17,16,8,23,mse,226 181 148 124 105 90 78 68,0.0035891309059945184,0.003368413173845529,0.004657605007541415,0.014138702174923745,0.009985237873239806,120
3,15,17,17,6,23,mse,57 45 37 31 26 22 19 17,0.009793651699893113,0.010144634824588017,0.012407723568781868,0.03395914869536111,0.029495875786902225,96
3,15,17,17,7,23,mse,113 91 74 62 52 45 39 34,0.004749796299032286,0.004546889819060263,0.006203698568197644,0.019450518912007976,0.014640137945380802,104
3,15,17,17,8,23,mse,227 181 149 124 105 90 78 68,0.003870172006239219,0.0036434765123703507,0.005160256557098073,0.016647331850724565,0.011853491849901135,112
3,15,17,17,8,23,mred,227 182 149 124 105 90 78 68,0.003874516755065536,0.003628957313979477,0.005192857735606211,0.015111804393919516,0.01151033547148842,112
3,16,15,15,6,23,mse,57 46 37 31 26 23 20 17,0.009923157076240108,0.010327729283046223,0.01214867336847418,0.02820840358834517,0.026539880538540322,114
3,16,15,15,7,23,mse,114 91 75 62 53 45 39 34,0.003912311648630736,0.0038795156721576347,0.005017235286300344,0.012586027240942542,0.010860932201619987,124
3,16,15,15,8,23,mse,227 182 149 124 105 90 78 68,0.002434558242226583,0.002537578697951153,0.003043928328767658,0.011480807531584297,0.009059917266918564,134
3,16,15,16,6,23,mse,57 46 37 31 26 23 20 17,0.009950962268916001,0.010401579178401649,0.011971508618693092,0.027893836810156683,0.026121471563312466,108
3,16,15,16,7,23,mse,114 91 75 62 53 45 39 34,0.003954316249151154,0.003996757745200929,0.0048694342702771684,0.012945517004490656,0.010819199234833021,117
3,16,15,16,8,23,mse,228 182 149 124 105 90 78 68,0.002886303442109016,0.0030340784009393797,0.00351844544028944,0.012945517004490656,0.00986731232225646,126
3,16,15,17,6,23,mse,57 46 37 31 26 23 20 17,0.010313321571033918,0.01077157575244992,0.011957868916821665,0.027893836810156683,0.025208427006971314,102
3,16,15,17,7,23,mse,114 91 75 62 53 45 39 34,0.004643211188029758,0.0047429562980428365,0.005466893458358195,0.01839885668954872,0.013032645169633773,110
3,16,15,17,8,23,mse,228 183 149 125 105 90 78 68,0.004230925735474526,0.0043755336139720425,0.005005426609699637,0.01724834246178462,0.012621371553481912,118
3,16,15,17,8,23,mred,228 183 150 125 105 90 78 69,0.0042465136646787595,0.004278987787482763,0.005070378291595694,0.015700153848161463,0.011457313297247574,118
3,16,16,15,6,23,mse,57 45 37 31 26 23 20 17,0.009821687414825165,0.010209217708921562,0.012294298555145888,0.030848219772140667,0.028273869809212246,108
3,16,16,15,7,23,mse,114 91 74 62 52 45 39 34,0.0042314235702717255,0.004106878605801024,0.005508966687983222,0.01667942251155586,0.01310468157670306,118
3,16,16,15,7,23,mred,114 91 74 62 53 45 39 34,0.004236055571180767,0.004081398731401516,0.005563038371355732,0.015709357763178913,0.012838842324043514,118
3,16,16,15,8,23,mse,227 182 149 124 105 90 78 68,0.0024968330404076078,0.002472835979574097,0.0031712484442373077,0.010693926732943719,0.00785124603196505,128
3,16,16,17,6,23,mse,57 46 37 31 26 23 20 17,0.010275669558325014,0.01066673989916689,0.012251843426062009,0.02952831168024292,0.026987194854191817,96
3,16,16,17,7,23,mse,114 91 75 62 53 45 39 34,0.004538675191280734,0.00453928197759213,0.005563173113823046,0.016320856902296246,0.012727671201756838,104
3,16,16,17,8,23,mse,228 182 149 124 105 90 78 68,0.0037553018571315462,0.0038622479068743183,0.0046022142544706116,0.01724834246178462,0.012072195203346823,112
3,16,17,15,6,23,mse,57 45 37 31 26 22 19 17,0.009228897563378484,0.009472605741351465,0.011905692117623452,0.030973432878824855,0.028096077302736586,102
3,16,17,15,7,23,mse,113 91 74 62 52 45 39 34,0.004345849744199473,0.0041203793781242545,0.005690070952043683,0.01629139292814608,0.012878257014797433,112
3,16,17,15,8,23,mse,226 181 148 124 105 90 78 68,0.0036355290921753253,0.0034336009811949714,0.004709119442912377,0.015709357763178913,0.009953945368714015,122
3,16,17,16,6,23,mse,57 45 37 31 26 22 19 17,0.009564773301410418,0.009881218453893711,0.012209472724390262,0.03232532342938215,0.02887944424660715,96
3,16,17,16,7,23,mse,113 91 74 62 52 45 39 34,0.004474738184698748,0.004278158862591173,0.0058277568966462485,0.018420902232150874,0.013579780180894561,105
3,16,17,16,8,23,mse,226 181 149 124 105 90 78 68,0.0037563000902485506,0.0035358688194952644,0.004930865311290059,0.015294705583332674,0.011123889165541703,114
3,16,17,16,8,23,mred,227 181 149 124 105 90 78 68,0.0037730397708953846,0.0035354166636807653,0.005026701191270083,0.015289672144132805,0.011145177673895166,114
3,16,17,17,6,23,mse,57 45 37 31 26 23 20 17,0.010354628439458129,0.010695716680109931,0.013013774266487912,0.035183864021576236,0.03076388753196797,90
3,16,17,17,7,23,mse,113 91 74 62 52 45 39 34,0.005267674547849681,0.005124498351881175,0.006822651638101454,0.02384399117009479,0.016540969901861404,98
3,16,17,17,7,23,mred,114 91 74 62 53 45 39 34,0.005282172275668831,0.005049914677355416,0.006970657792958299,0.02384399117009479,0.01621428598885555,98
3,16,17,17,8,23,mse,227 182 149 124 105 90 78 68,0.003998945891967314,0.0038617476800661805,0.005225406264765097,0.01724834246178462,0.01248203358549059,106
3,17,15,15,6,23,mse,57 46 37 31 26 23 20 17,0.010208304980098983,0.01066288941992143,0.011911417557385014,0.02820840358834517,0.02598619720383395,108
3,17,15,15,7,23,mse,114 91 75 62 53 45 39 34,0.004792252622230624,0.00491932131787587,0.0057122037657778265,0.01756537187267461,0.01400497150272943,118
3,17,15,15,8,23,mse,228 183 149 125 105 90 78 69,0.004276445610668828,0.0043813037622449785,0.005168215782144776,0.01490684322743957,0.012265094361277278,128
3,17,15,16,6,23,mse,57 46 37 31 26 23 20 17,0.010358878836822797,0.010829893516718354,0.011944099493330577,0.027893836810156683,0.02562167095463357,102
3,17,15,16,7,23,mse,114 91 75 62 53 45 39 34,0.005125256086587414,0.005295335051034054,0.006072220672543176,0.01935326563721648,0.01544600156313192,111
3,17,15,16,8,23,mse,228 183 150 125 105 90 78 69,0.004467417833157992,0.004569276018412247,0.005352738744933217,0.017086144297542648,0.013002024935671146,120
3,17,15,16,8,23,mred,228 183 150 125 106 90 78 69,0.004485453261514091,0.0045368021194246095,0.005389358471573221,0.016654782927349367,0.012341120392199909,120
3,17,15,17,6,23,mse,57 46 37 31 26 23 20 17,0.010911784761404567,0.011359107802247014,0.012347852395696477,0.0313891208779845,0.02534230631352661,96
3,17,15,17,7,23,mse,114 92 75 62 53 45 39 34,0.006034877067960122,0.006206211196821364,0.007140561641340179,0.0228758293220115,0.018050593772130308,104
3,17,15,17,8,23,mse,229 183 150 125 106 91 78 69,0.004450276365161833,0.004499940275237858,0.005441822584861985,0.0182882351046125,0.013468647770303668,112
3,17,15,17,8,23,mred,229 183 150 125 106 91 79 69,0.0044781145902107414,0.004488491765525623,0.00549095516704188,0.01589156901794091,0.012763372420309662,112
3,17,16,15,6,23,mse,57 46 37 31 26 23 20 17,0.01031469331153866,0.010682187628611506,0.012278270025874095,0.030848219772140667,0.0275480433193483,102
3,17,16,15,7,23,mse,114 91 75 62 53 45 39 34,0.004864633167752911,0.004864424378671229,0.0059676783777157,0.01752370083430084,0.013518369800375555,112
3,17,16,15,8,23,mse,228 182 149 124 105 90 78 68,0.004113264573211723,0.004218560347041914,0.005042536649950432,0.01752370083430084,0.013092207060303004,122
3,17,16,16,6,23,mse,57 46 37 31 26 23 20 17,0.010342092367057947,0.010749789753303225,0.012170128757806428,0.030257965530154675,0.026837746194796154,96
3,17,16,16,7,23,mse,114 91 75 62 53 45 39 34,0.004987904488692046,0.005051139254570179,0.00603500911602875,0.01935326563721648,0.014315558164046262,105
3,17,16,16,8,23,mse,228 182 149 124 105 90 78 69,0.004493425021460027,0.004602628842463195,0.005468425636116954,0.017086144297542648,0.013356617676391569,114
3,17,16,17,6,23,mse,57 46 37 31 26 23 20 17,0.010708901717554916,0.011134417319992412,0.01235002513775722,0.0313891208779845,0.026299030413716482,90
3,17,16,17,7,23,mse,114 91 75 62 53 45 39 34,0.005725439814354814,0.005856800178628412,0.006849133441887019,0.022089844266839544,0.01733824735843001,98
3,17,16,17,8,23,mse,228 183 150 125 106 90 78 69,0.0049651818990928374,0.0049770361560072,0.006076758721450067,0.02018898574712021,0.014472502635098491,106
3,17,17,15,6,23,mse,57 45 37 31 26 23 20 17,0.0104006744353553,0.01072286634369152,0.012988324290357218,0.035183864021576236,0.031436914462514905,96
3,17,17,15,7,23,mse,113 91 74 62 53 45 39 34,0.005258364095232997,0.0051093891075480475,0.0067940378120782035,0.020378330642171063,0.016351904846699305,106
3,17,17,15,8,23,mse,227 182 149 124 105 90 78 68,0.004240988884780042,0.004116783652107544,0.005512979984430052,0.016935810485134144,0.012751993923255645,116
3,17,17,16,6,23,mse,57 45 37 31 26 23 20 17,0.010569686026647603,0.010893747358173993,0.012993309960886868,0.035183864021576236,0.03069568573963358,90
3,17,17,16,7,23,mse,113 91 74 62 53 45 39 34,0.005462271789787823,0.005319980733036827,0.007012802700849387,0.022039262394405738,0.016699665156993882,99
3,17,17,16,7,23,mred,114 91 74 62 53 45 39 34,0.005493913541233951,0.005315751629209995,0.007152630236865486,0.020951449103923058,0.016514768721266428,99
3,17,17,16,8,23,mse,227 182 149 124 105 90 78 68,0.004347845314943016,0.004288420520749462,0.005556336080803386,0.0184409257752979,0.013495799449509396,108
3,17,17,17,6,23,mse,57 46 37 31 26 23 20 17,0.010823908214050156,0.011121443272645845,0.013043360635786866,0.035183864021576236,0.029871930984059446,84
3,17,17,17,7,23,mse,114 91 75 62 53 45 39 34,0.005669578359074017,0.005590124273355632,0.007161318298504883,0.022089844266839544,0.017152765163397848,92
3,17,17,17,8,23,mse,227 182 149 124 105 90 78 68,0.005030141181461252,0.005080431433245424,0.006333584485013602,0.024486402476299504,0.016612471493451516,100
2,15,15,15,10,23,mse,813 543 389 292,0.003093676989232889,0.0028842604914978975,0.004351955199716908,0.020932087997623215,0.011863994483168145,172
2,15,15,15,10,23,mred,812 543 389 292,0.0030392844374357696,0.002844734055699707,0.00440200863012629,0.022136353572041884,0.01266655067083021,172
2,15,15,16,10,23,mse,814 544 389 292,0.0032056264759984182,0.002996902041042782,0.004481808113844796,0.023572027041152764,0.01228892638547683,162
2,15,15,16,10,23,mred,813 544 389 292,0.0031541823853278137,0.002962169775808552,0.0045153111812764445,0.02477157000547567,0.013339262228009465,162
2,15,15,17,10,23,mse,815 545 390 293,0.0037113966146781977,0.003512065567077535,0.005076862279095328,0.03007033853291781,0.014113172103050046,152
2,15,16,15,10,23,mse,811 543 388 292,0.0033756137639366886,0.003168577426526703,0.004680469885054919,0.02334061914646055,0.013117369665304555,166
2,15,16,15,10,23,mred,811 542 388 292,0.0033634418868536253,0.0031585117365739925,0.004744171255104611,0.02334061914646055,0.013332716285916115,166
2,15,16,16,10,23,mse,812 543 389 292,0.0034472987021558713,0.003234570506983562,0.004780092866418818,0.02597111296979858,0.01325733785231714,156
2,15,16,17,10,23,mse,814 544 389 292,0.003855066340189747,0.00366002752150016,0.005288172090615283,0.0312604362770492,0.014838372123040611,146
2,15,17,15,10,23,mse,809 541 388 291,0.004169532859542257,0.0038846554833085276,0.005714084925708175,0.023179003282719567,0.013683896765230977,160
2,15,17,15,10,23,mred,808 541 388 291,0.0041461635256901655,0.0038683721417750267,0.005719763392627219,0.02438644580029346,0.0143032906772118,160
2,15,17,16,10,23,mse,809 542 388 291,0.004228473664306801,0.003955741777569002,0.005806876624504835,0.026893151559211126,0.014521917965138733,150
2,15,17,17,10,23,mse,811 543 388 292,0.004604889021323196,0.004348471855668758,0.0062512184896235945,0.03193410929417742,0.015851878421895182,140
2,16,15,15,10,23,mse,814 544 389 292,0.003300465408812912,0.003137918741325102,0.004566267337524625,0.023572027041152764,0.012511981768407635,166
2,16,15,15,10,23,mred,813 544 389 292,0.0032628389256710633,0.0031125155993192103,0.004619332223306162,0.02477157000547567,0.013322776341351351,166
2,16,15,16,10,23,mse,815 545 390 292,0.003536615801846266,0.003371113806941207,0.004751234402103126,0.024267720999735513,0.012806220979646041,156
2,16,15,16,10,23,mred,814 544 390 292,0.0034678873234985043,0.0033346172041190105,0.0048167622790515376,0.025464938519981238,0.013670588171376974,156
2,16,15,17,10,23,mse,817 546 390 293,0.003858478635315359,0.003677658822875323,0.005231974074314825,0.028025026299123037,0.014227907452290738,146
2,16,15,17,10,23,mred,816 545 390 293,0.0038057885973897584,0.003656620589445229,0.005256315619566539,0.029214714149430106,0.014971533584949088,146
2,16,16,15,10,23,mse,812 543 389 292,0.0034775039384152906,0.0032833715939328866,0.004816428991409915,0.02597111296979858,0.013051314917946763,160
2,16,16,17,10,23,mse,815 545 390 293,0.004007308156006911,0.003807590964292667,0.0053832091679968325,0.03007033853291781,0.014147476601492138,140
2,16,17,15,10,23,mse,809 542 388 291,0.004268276002758375,0.00401302431106532,0.005841665926876127,0.023179003282719567,0.014432550994709357,154
2,16,17,16,10,23,mse,810 542 388 291,0.00439442906843451,0.00416182935235517,0.005990516836613617,0.025690300077825728,0.015354745548244897,144
2,16,17,16,10,23,mred,810 542 388 292,0.004411723676672006,0.00415580069036928,0.005994375450473015,0.025690300077825728,0.015354745548244897,144
2,16,17,17,10,23,mse,812 543 389 292,0.004597542832205875,0.004342860518059128,0.00627355320997347,0.03074043988516901,0.015775672942105103,134
2,17,15,15,10,23,mse,816 546 390 293,0.004121268885715838,0.004001325424450544,0.0054157321175402826,0.027250000130229792,0.014566289654484102,160
2,17,15,16,10,23,mse,817 546 391 293,0.004215734899929552,0.004090957950579854,0.005537751366757134,0.028025026299123037,0.015490344597077836,150
2,17,15,17,10,23,mse,819 547 391 294,0.004586162041415183,0.004468233094297655,0.006023727885473421,0.02965908215003433,0.016641110990085542,140
2,17,16,15,10,23,mse,814 545 390 293,0.004286084928491966,0.0041359821300165755,0.005654498566884112,0.025464938519981238,0.014724410249217498,154
2,17,16,16,10,23,mse,815 545 390 293,0.004343271077046457,0.004216445234938358,0.005759166683572113,0.027159431658143773,0.015627723107954808,144
2,17,16,17,10,23,mse,817 546 391 293,0.004733694049678412,0.004602494633965479,0.006279846619397024,0.03202865704099883,0.016790811498079226,134
2,17,17,15,10,23,mse,811 543 389 292,0.004820139724310332,0.004598137607202487,0.006446670600641361,0.028210778945308875,0.016429635733176243,148
2,17,17,16,10,23,mse,812 544 389 292,0.004924115518755819,0.004707924502355448,0.00657343484380006,0.03074043988516901,0.01665205950564634,138
2,17,17,17,10,23,mse,814 545 390 293,0.005271820440046135,0.005021909241629482,0.00703232402996074,0.03036630447038448,0.017925148795435733,128
3,15,15,15,9,23,mse,454 364 298 248 210 180 156 137,0.0016350124821264446,0.0016044080782741518,0.002114041329245196,0.0073009677194796835,0.005122291004719073,150
3,15,15,16,9,23,mse,455 364 298 248 210 180 156 137,0.0018074381834601266,0.0017936644895489929,0.0022987135735830044,0.009206961596219726,0.005665081258719418,141
3,15,15,17,9,23,mse,456 365 299 249 210 180 156 137,0.0027386471104045634,0.0026885832219789474,0.003452349068871095,0.01303191136313291,0.0083047972447683,132
3,15,15,17,9,23,mred,456 365 299 249 211 180 156 137,0.002749100268934516,0.002673693648322232,0.003461489399229663,0.01303191136313291,0.008039229108913543,132
3,15,16,15,9,23,mse,453 363 297 248 210 180 156 136,0.0021209034027443886,0.0020566817036967457,0.0027069535215807094,0.008830876631435707,0.006220334201020611,144
3,15,16,16,9,23,mse,454 363 298 248 210 180 156 137,0.0022576300751859855,0.0021806672209290596,0.00293185134954632,0.009776484042954382,0.006669302691503906,135
3,15,16,17,9,23,mse,455 364 298 248 210 180 156 137,0.002810603872810304,0.0027357599231069103,0.0036251945638953033,0.01312920545441191,0.008941323290711284,126
3,15,17,15,9,23,mse,452 362 296 247 209 179 156 136,0.0033439900407767316,0.003153892902684821,0.004284913836366441,0.011018887941300086,0.008693500546723841,138
3,15,17,16,9,23,mse,452 362 297 247 209 180 156 136,0.00345453969659782,0.0032556777457852333,0.004447431830670163,0.014138702174923745,0.009190302508312678,129
3,15,17,17,9,23,mse,453 363 297 248 210 180 156 136,0.0037273547610275257,0.0035360309778009334,0.0048752658921659454,0.017281161652963745,0.011061459906743242,120
3,15,17,17,9,23,mred,454 363 297 248 210 180 156 136,0.003732035646002008,0.0035317800743024023,0.004914425909714384,0.015119895569143785,0.01101495613791274,120
3,16,15,15,9,23,mse,455 364 298 248 210 180 156 137,0.002026346546166547,0.0020408774536866824,0.0025383058418389443,0.010218847161961624,0.006614128792637208,144
3,16,15,16,9,23,mse,455 364 298 249 210 180 156 137,0.0023914050198363124,0.002404294223698782,0.0029918131590139273,0.011788611031016758,0.007935753071663708,135
3,16,15,16,9,23,mred,456 364 298 249 210 180 156 137,0.0023991642395015302,0.0023959468518637292,0.003021410700041719,0.011788611031016758,0.007871180479795474,135
3,16,15,17,9,23,mse,457 365 299 249 211 181 157 137,0.002827450186506132,0.0027533725108024464,0.003625287098045204,0.014440787563296899,0.008676984286154146,126
3,16,16,15,9,23,mse,454 363 298 248 210 180 156 137,0.0023683127857273374,0.0022994288221079256,0.003040423656376346,0.009776484042954382,0.007102842519262575,138
3,16,16,17,9,23,mse,456 365 298 249 210 180 156 137,0.0032413049115188686,0.003188108283659065,0.0041472717657409135,0.01724834246178462,0.01029114432620075,120
3,16,16,17,9,23,mred,456 365 299 249 211 181 156 137,0.003289358904762064,0.003153377352009667,0.004214537842292185,0.015700153848161463,0.009467877999870459,120
3,16,17,15,9,23,mse,452 362 297 247 209 180 156 136,0.003548288868045668,0.0033751259508504614,0.004551702638366184,0.014138702174923745,0.009660685831940677,132
3,16,17,15,9,23,mred,452 362 297 247 210 180 156 136,0.003535743500364469,0.0033514683230274093,0.004557439163922061,0.014138702174923745,0.009624335027496659,132
3,16,17,16,9,23,mse,453 363 297 248 210 180 156 136,0.003553754060744655,0.0033680673702862233,0.004617774329865386,0.015104756631583815,0.010234064261185151,123
3,16,17,17,9,23,mse,454 363 298 248 210 180 156 137,0.003943135066466065,0.0037651655979777207,0.005147224711047512,0.01902327213058664,0.011732148326084496,114
3,16,17,17,9,23,mred,454 364 298 248 210 180 156 137,0.003951726047188551,0.0037607344133317898,0.005192697690304848,0.01724834246178462,0.011672233730261706,114
3,17,15,15,9,23,mse,456 365 299 249 211 181 157 137,0.0030895358868125488,0.0030796222467618854,0.0038184897835986647,0.01287368318746614,0.009058489288744604,138
3,17,15,16,9,23,mse,456 365 299 249 211 181 157 137,0.003217374167269671,0.003227474881824185,0.0040318490163585,0.015700153848161463,0.010758812197711387,129
3,17,15,16,9,23,mred,457 366 299 249 211 181 157 137,0.0032327502655589186,0.003214262481214554,0.004041062527636157,0.01378481751156505,0.010139434049339388,129
3,17,15,17,9,23,mse,458 366 300 250 211 181 157 137,0.0036559156892921165,0.003659707974664899,0.004650838572198619,0.017418771659878506,0.012772503324781878,120
3,17,16,15,9,23,mse,455 364 298 249 211 181 156 137,0.003501369903277548,0.00345839232186015,0.004405637635885149,0.014163395756312551,0.010587315756398704,132
3,17,16,15,9,23,mred,455 365 298 249 211 181 156 137,0.003494959067117729,0.003439644252116858,0.004422109298280984,0.014163395756312551,0.010299967087229422,132
3,17,16,16,9,23,mse,456 365 299 249 211 181 157 137,0.0035388584091055153,0.0034693734611915454,0.0044729813201303155,0.015700153848161463,0.010188455819738743,123
3,17,16,17,9,23,mse,457 366 299 249 211 181 157 137,0.003858643125972133,0.0038039760607859107,0.0049541734523954545,0.01804027738253056,0.013196153302787075,114
3,17,17,15,9,23,mse,453 363 297 248 210 180 156 137,0.004078428416107818,0.003946473243541599,0.005272043920417716,0.018211026063945777,0.01212965952589231,126
3,17,17,15,9,23,mred,453 363 298 248 210 180 156 137,0.00409011568890628,0.00394347671784725,0.005291148252151633,0.018211026063945777,0.011786607494670412,126
3,17,17,16,9,23,mse,454 364 298 248 210 180 156 137,0.004175941833799823,0.004041925226969283,0.005410082975876418,0.01771200249349603,0.012753197506475085,117
3,17,17,17,9,23,mse,455 364 298 249 211 180 156 137,0.004627186633901121,0.004520382915956342,0.005948435397031359,0.022337694111709855,0.014713026383093547,108
3,17,17,17,9,23,mred,455 365 298 249 211 181 156 137,0.004638529403227559,0.004489153778084673,0.005996085399257333,0.022337694111709855,0.01419969445019977,108
2,13,13,15,8,23,mse,203 136 97 73,0.0030906909724490736,0.0029010826866013237,0.0044277899638523925,0.022136353572041884,0.01300456637343684,176
2,13,13,15,9,23,mse,407 272 194 146,0.0032245216424235225,0.003003153170995679,0.004356774247285648,0.019727822423204547,0.011532600119193149,186
2,13,13,15,9,23,mred,406 272 194 146,0.0030906909724490736,0.0029010826866013237,0.0044277899638523925,0.022136353572041884,0.01300456637343684,186
2,13,13,15,10,23,mse,813 544 389 292,0.0030651366888993425,0.0028580822641186407,0.004177408412540545,0.020932087997623215,0.011699175822861922,196
2,13,13,15,10,23,mred,812 543 389 292,0.0029311850577223666,0.0027408609042333864,0.004317772483236365,0.022136353572041884,0.01300295349347704,196
2,13,13,16,8,23,mse,204 136 97 73,0.0035356132662648543,0.003296369470929114,0.004804016752761339,0.02117294111250695,0.012259801434625083,168
2,13,13,16,8,23,mred,203 136 97 73,0.003313816722732968,0.003136982533663961,0.004893687417385064,0.02597111296979858,0.014638378888506644,168
2,13,13,16,9,23,mse,407 272 195 146,0.0032508484314424913,0.0030529200817288314,0.00442077822028638,0.023572027041152764,0.012335407984547561,177
2,13,13,16,10,23,mse,814 544 389 292,0.003052458600384056,0.0028517422676010732,0.004321988753028448,0.023572027041152764,0.012392598452519407,186
2,13,13,16,10,23,mred,813 544 389 292,0.0030245393567822753,0.0028333469272559253,0.004426804127607646,0.02477157000547567,0.013410780947784707,186
2,13,13,17,8,23,mse,204 136 97 73,0.0041016731132270876,0.004004847077305914,0.0054585968241669044,0.02888024078878642,0.015070054201288418,160
2,13,13,17,9,23,mse,408 273 195 146,0.003679927038175914,0.0034922373400003105,0.004965706784218636,0.02888024078878642,0.01311434763356148,168
2,13,13,17,9,23,mred,408 272 195 146,0.0036135201182461753,0.003453001721410465,0.005003772719561364,0.02888024078878642,0.014055479075903264,168
2,13,13,17,10,23,mse,816 545 390 292,0.0035608845448788064,0.003394681518383484,0.004878699971350947,0.02888024078878642,0.013367536604957228,176
2,13,13,17,10,23,mred,815 545 390 292,0.003550443206074374,0.0033924211723939,0.004940989680432218,0.03007033853291781,0.01416032414229552,176
2,13,14,15,8,23,mse,203 136 97 73,0.003099490726117642,0.002909183430246714,0.004347794498010796,0.022136353572041884,0.012563640880267016,170
2,13,14,15,9,23,mse,406 272 194 146,0.003099490726117642,0.002909183430246714,0.004347794498010796,0.022136353572041884,0.012563640880267016,180
2,13,14,15,9,23,mred,406 271 194 146,0.0030335976009344063,0.0028488438164855903,0.00453087009162766,0.022136353572041884,0.013301403974216764,180
2,13,14,15,10,23,mse,813 543 389 292,0.003022586549433656,0.002822409516267339,0.004169553172211806,0.020932087997623215,0.011805159576912378,190
2,13,14,15,10,23,mred,812 543 389 292,0.0029613664548059863,0.0027757191920836834,0.004225546673936751,0.022136353572041884,0.012510549052779561,190
2,13,14,16,8,23,mse,203 136 97 73,0.0032268301038666986,0.0030560153270705282,0.004710560963376133,0.02597111296979858,0.014295751072389317,162
2,13,14,16,9,23,mse,407 272 195 146,0.0033132107440937177,0.0031079642042080107,0.004429020745265063,0.023572027041152764,0.012054692103250086,171
2,13,14,16,9,23,mred,406 272 194 146,0.0032268301038666986,0.0030560153270705282,0.004710560963376133,0.02597111296979858,0.014295751072389317,171
2,13,14,16,10,23,mse,814 544 389 292,0.0030811565015126927,0.0028717265162812883,0.004290681122191572,0.023572027041152764,0.012204245464321953,180
2,13,14,16,10,23,mred,813 543 389 292,0.002991853185422967,0.002806109641758389,0.004421283602194962,0.02477157000547567,0.013424879355118104,180
2,13,14,17,8,23,mse,204 136 97 73,0.004001225956269384,0.0038787002487912017,0.005366592163148805,0.02888024078878642,0.014619631387295816,154
2,13,14,17,9,23,mse,408 272 195 146,0.0035988887487350377,0.003413223371746642,0.004980430474071229,0.02888024078878642,0.013388894866181217,162
2,13,14,17,10,23,mse,815 545 390 292,0.00354325541641961,0.003363434787656077,0.004892991429430562,0.03007033853291781,0.01392687467583579,170
2,13,15,15,8,23,mse,203 136 97 73,0.0032501932844421384,0.0030429212433589854,0.004410207474905049,0.022136353572041884,0.012168534161952987,164
2,13,15,15,9,23,mse,406 272 194 146,0.0032501932844421384,0.0030429212433589854,0.004410207474905049,0.022136353572041884,0.012168534161952987,174
2,13,15,15,9,23,mred,406 271 194 146,0.0030582447231321053,0.0028663224059021757,0.0044221686127197644,0.022136353572041884,0.01256762991263888,174
2,13,15,15,10,23,mse,812 543 389 292,0.0031689664403271108,0.0029797869186566767,0.004277213295408288,0.022136353572041884,0.012079883258386895,184
2,13,15,15,10,23,mred,811 542 388 292,0.0030209344829114164,0.002837653464765371,0.004523033211702588,0.02334061914646055,0.013299301018807875,184
2,13,15,16,8,23,mse,203 136 97 73,0.003228653843289156,0.0030418781755978336,0.004590463370245,0.02597111296979858,0.013395160912505583,156
2,13,15,16,9,23,mse,407 272 194 146,0.0033690618506772773,0.0031430484098882725,0.004579340424019427,0.023572027041152764,0.011566037815201002,165
2,13,15,16,9,23,mred,406 272 194 146,0.003228653843289156,0.0030418781755978336,0.004590463370245,0.02597111296979858,0.013395160912505583,165
2,13,15,16,10,23,mse,813 544 389 292,0.003199391415803503,0.0029875431207518803,0.004389728316224411,0.02477157000547567,0.012089601641306657,174
2,13,15,16,10,23,mred,812 543 389 292,0.0030757877706671486,0.002885472899056103,0.004481018888119984,0.02597111296979858,0.013302631195017187,174
2,13,15,17,8,23,mse,204 136 97 73,0.003943753048211738,0.003770738335296092,0.005338507194244034,0.02888024078878642,0.014049679962596994,148
2,13,15,17,9,23,mse,407 272 195 146,0.0035812992489028814,0.0033969513817738925,0.0050101103892596175,0.0312604362770492,0.014736839268798735,156
2,13,15,17,10,23,mse,815 545 389 292,0.003599027417653191,0.003401637520450354,0.004955735907877539,0.03007033853291781,0.013691001493698661,164
2,13,15,17,10,23,mred,814 544 389 292,0.0035330781856533914,0.0033635466449184947,0.005006786605495909,0.0312604362770492,0.014899653762235392,164
2,14,13,15,8,23,mse,203 136 97 73,0.0031214699984671293,0.0029363337288250742,0.004515671728726826,0.022136353572041884,0.013416613017071307,170
2,14,13,15,9,23,mse,407 272 195 146,0.00334131280399116,0.0031260874949132354,0.004365326036496356,0.019727822423204547,0.011489563887745313,180
2,14,13,15,9,23,mred,406 272 194 146,0.0031214699984671293,0.0029363337288250742,0.004515671728726826,0.022136353572041884,0.013416613017071307,180
2,14,13,15,10,23,mse,813 544 389 292,0.0030009922822015777,0.0027930509571264398,0.004191889312573069,0.020932087997623215,0.012541478354723594,190
2,14,13,15,10,23,mred,812 543 389 292,0.002914769146490157,0.0027192036537346887,0.004409170953280011,0.022136353572041884,0.013737612754985369,190
2,14,13,16,8,23,mse,204 136 97 73,0.0035486224703431875,0.003336453842389361,0.004813712640180347,0.02117294111250695,0.012573289079506767,162
2,14,13,16,8,23,mred,203 136 97 73,0.0033937806513604685,0.0032304117099863413,0.005018865957224571,0.02597111296979858,0.014984623680398587,162
2,14,13,16,9,23,mse,407 272 195 146,0.0031998321457745596,0.0030122149318554292,0.004420712467836226,0.023572027041152764,0.01295276149444153,171
2,14,13,16,10,23,mse,814 544 389 292,0.0030443335938126178,0.0028584059600129746,0.004360548700929632,0.023572027041152764,0.013121835614320398,180
2,14,13,16,10,23,mred,813 544 389 292,0.0030327799818955716,0.002853002008662083,0.00449643602479898,0.02477157000547567,0.01354875514918571,180
2,14,13,17,8,23,mse,204 136 97 73,0.004196559878396006,0.0041276976193344046,0.005548740856404605,0.02888024078878642,0.01553157345666287,154
2,14,13,17,9,23,mse,408 273 195 146,0.003653744026946171,0.003495400138040319,0.0049418509484442374,0.02888024078878642,0.013309842840357201,162
2,14,13,17,10,23,mse,816 545 390 293,0.0035346188954010036,0.003350686447767423,0.0048542134929667165,0.02888024078878642,0.013387455664927732,170
2,14,14,15,8,23,mse,203 136 97 73,0.003111137140176305,0.002920645987137275,0.004427984715591956,0.022136353572041884,0.012960752778753856,164
2,14,14,15,9,23,mse,407 272 194 146,0.003263632524928381,0.0030352030723516375,0.004412797040226383,0.019727822423204547,0.0119525224113197,174
2,14,14,15,9,23,mred,406 272 194 146,0.003111137140176305,0.002920645987137275,0.004427984715591956,0.022136353572041884,0.012960752778753856,174
2,14,14,15,10,23,mse,813 544 389 292,0.0030893667865457735,0.002874829132336252,0.004208972300127535,0.020932087997623215,0.011699175822861922,184
2,14,14,15,10,23,mred,812 543 389 292,0.002933705454987623,0.0027413503914983342,0.0043121352616069955,0.022136353572041884,0.01296815574155835,184
2,14,14,17,8,23,mse,204 136 97 73,0.004112947053886616,0.0040124944752585046,0.005473829839015111,0.02888024078878642,0.014931451962701903,148
2,14,14,17,9,23,mse,408 273 195 146,0.003726590483176909,0.003531745280869596,0.005020873071640951,0.02888024078878642,0.013032576549374135,156
2,14,14,17,9,23,mred,408 272 195 146,0.0036476084611109204,0.0034823229138680276,0.005044124339017021,0.02888024078878642,0.01400774077457184,156
2,14,14,17,10,23,mse,816 545 390 292,0.0036010580270260696,0.003428845479876587,0.004927450231343274,0.02888024078878642,0.013309842840357201,164
2,14,14,17,10,23,mred,815 545 390 293,0.003601370831904359,0.0034094353265175428,0.004953250848303082,0.03007033853291781,0.014054642449524729,164
2,14,15,15,8,23,mse,203 136 97 73,0.0032136690301574995,0.0030040118756707685,0.004436179925478582,0.022136353572041884,0.012201557456382992,158
2,14,15,15,9,23,mse,406 272 194 146,0.0032136690301574995,0.0030040118756707685,0.004436179925478582,0.022136353572041884,0.012201557456382992,168
2,14,15,15,9,23,mred,406 271 194 146,0.003087940712077631,0.002890863966168878,0.004522657620722731,0.022136353572041884,0.012960752778753856,168
2,14,15,15,10,23,mse,812 543 389 292,0.0030976546084882837,0.0028994944149687077,0.004304353237127396,0.022136353572041884,0.012178164116600798,178
2,14,15,15,10,23,mred,811 543 388 292,0.0030417409053678747,0.0028505875903633918,0.004499444374277756,0.02334061914646055,0.013332716285916115,178
2,14,15,16,8,23,mse,203 136 97 73,0.0032431433115368193,0.003062403329338193,0.004664127443079654,0.02597111296979858,0.013758229449496681,150
2,14,15,16,9,23,mse,407 272 194 146,0.0033470994276117217,0.0031363541613883316,0.004582184910487455,0.023572027041152764,0.01228892638547683,159
2,14,15,16,9,23,mred,406 272 194 146,0.0032431433115368193,0.003062403329338193,0.004664127443079654,0.02597111296979858,0.013758229449496681,159
2,14,15,16,10,23,mse,813 544 389 292,0.0031506288924832335,0.0029449283080551936,0.004397696373574365,0.02477157000547567,0.012547453333744095,168
2,14,15,16,10,23,mred,812 543 389 292,0.0030797489135305275,0.002889624885749723,0.004563896931342373,0.02597111296979858,0.013735491637710538,168
2,14,15,17,8,23,mse,204 136 97 73,0.004018621404648622,0.003868274926205072,0.005403363295160035,0.02888024078878642,0.01447314946846847,142
2,14,15,17,9,23,mse,407 272 195 146,0.003627623403154563,0.003453934885645009,0.005081454475406167,0.0312604362770492,0.014899653762235392,150
2,14,15,17,10,23,mse,815 545 390 292,0.0036454153589875176,0.003451940633307208,0.004966749476946917,0.03007033853291781,0.01384203018229894,158
2,15,13,15,8,23,mse,204 136 97 73,0.0035428772533268914,0.0032996010120204906,0.004801647393686262,0.017651348942402213,0.012047372542862922,164
2,15,13,15,8,23,mred,203 136 97 73,0.0032694604712275067,0.0031022210485591077,0.00480299149638347,0.022364889832450573,0.014624297822387678,164
2,15,13,15,9,23,mse,407 272 195 146,0.003195334707943087,0.0029981582354141716,0.00433677552391451,0.019956921580806364,0.012230388172973587,174
2,15,13,15,10,23,mse,814 544 389 292,0.0030076897281366578,0.0028079425613871554,0.004252768774281414,0.019956921580806364,0.012245670939517197,184
2,15,13,15,10,23,mred,813 544 389 292,0.0029666914246769364,0.0027798963903450926,0.004334644336646147,0.021160905706628468,0.01340085670401436,184
2,15,13,16,8,23,mse,204 136 97 73,0.003635558684530779,0.0034792768130814163,0.004886523266474948,0.02117294111250695,0.013337675665129549,156
2,15,13,16,9,23,mse,407 272 195 146,0.0031749545943694137,0.003013725942544792,0.00452917278267072,0.023572027041152764,0.013946711489903731,165
2,15,13,16,10,23,mse,815 545 390 292,0.003282727976103522,0.0030910934204381483,0.004440191112947528,0.022372484076829856,0.012831606688240798,174
2,15,13,16,10,23,mred,814 544 389 292,0.0031118273459020017,0.002961403466834993,0.004547702175223788,0.023572027041152764,0.01461820211862639,174
2,15,13,17,8,23,mse,204 136 98 73,0.0043599756943156895,0.004252472503498807,0.005723612404206819,0.02888024078878642,0.015263254708494172,148
2,15,13,17,9,23,mse,408 273 195 146,0.003709094990467529,0.003587547934319824,0.005054468254220588,0.02888024078878642,0.01406687319810742,156
2,15,13,17,10,23,mse,817 546 390 293,0.0036050920545959045,0.0034015319532706683,0.004921627805101858,0.02769014304465503,0.013036040002291692,164
2,15,13,17,10,23,mred,816 545 390 293,0.003550031929493174,0.0033763210073400425,0.004970751164486371,0.02888024078878642,0.014233503989209244,164
2,15,14,15,8,23,mse,203 136 97 73,0.0032137290203900857,0.003042524180667955,0.0046600143514195875,0.022364889832450573,0.014269625128903164,158
2,15,14,15,9,23,mse,407 272 195 146,0.0033060336828857877,0.0030948172099334505,0.00440150566103094,0.019956921580806364,0.012048448507294696,168
2,15,14,15,9,23,mred,406 272 194 146,0.0032137290203900857,0.003042524180667955,0.0046600143514195875,0.022364889832450573,0.014269625128903164,168
2,15,14,15,10,23,mse,814 544 389 292,0.0030804675008276067,0.002863019720794657,0.004276163757376921,0.019956921580806364,0.01214320063848761,178
2,15,14,15,10,23,mred,813 543 389 292,0.002975147660933083,0.002785434645268328,0.0043849113713402095,0.021160905706628468,0.01341775376227733,178
2,15,14,16,8,23,mse,204 136 97 73,0.0036292323834699303,0.0034385404692836,0.004894627795760548,0.02117294111250695,0.012971473994385113,150
2,15,14,16,8,23,mred,203 136 97 73,0.0035465610870971855,0.0033972379032551495,0.005182862551661035,0.02597111296979858,0.015044850035388729,150
2,15,14,16,9,23,mse,407 272 195 146,0.0032126044257642164,0.003036753427455989,0.0044872995601893395,0.023572027041152764,0.013036791780811035,159
2,15,14,16,10,23,mse,815 544 389 292,0.0031667377136711853,0.0029771738908469566,0.004460918345484414,0.022372484076829856,0.012985131727404514,168
2,15,14,16,10,23,mred,814 544 389 292,0.0030997225582741882,0.002930912616251996,0.004463964681890332,0.023572027041152764,0.01332040531324254,168
2,15,14,17,8,23,mse,204 136 98 73,0.0043578574123580875,0.004240739143181172,0.005696823449356411,0.02888024078878642,0.01459009577249838,142
2,15,14,17,9,23,mse,408 273 195 146,0.003719402425028112,0.0035781526369758616,0.005022985208429879,0.02888024078878642,0.013359492355450666,150
2,15,14,17,10,23,mse,816 545 390 293,0.0035790970356533187,0.0033982175728121235,0.0049371806184458356,0.02888024078878642,0.013859186274459345,158
0,17,17,17,6,23,mse,30,0.04703660499080486,0.04793109437368612,0.056419818145723825,0.2685095147098126,0.20034461923430186,120
0,17,17,17,6,23,mred,29,0.04029313622386811,0.0403815175550266,0.06009495334655001,0.2928925308861522,0.22699979859315847,120
0,17,17,17,7,23,mse,59,0.04166597101419424,0.0422754351067982,0.055387870898883945,0.2807010227979824,0.21367220891373015,128
0,17,17,17,7,23,mred,58,0.04029313622386811,0.0403815175550266,0.06009495334655001,0.2928925308861522,0.22699979859315847,128
0,17,17,17,8,23,mse,119,0.04392651254400045,0.04471239441272387,0.05516461918355622,0.2746052687538975,0.207008414074016,136
0,17,17,17,8,23,mred,116,0.04029313622386811,0.0403815175550266,0.06009495334655001,0.2928925308861522,0.22699979859315847,136
0,17,17,18,6,23,mse,30,0.04584465548281065,0.046840761495143685,0.0558807527035381,0.2828524654017771,0.20395829667198176,114
0,17,17,18,6,23,mred,29,0.04084751229343302,0.041035864176408254,0.06162841207036737,0.30675738322171786,0.23049302011624903,114
0,17,17,18,7,23,mse,60,0.04584465548281065,0.046840761495143685,0.0558807527035381,0.2828524654017771,0.20395829667198176,121
0,17,17,18,7,23,mred,58,0.04084751229343302,0.041035864176408254,0.06162841207036737,0.30675738322171786,0.23049302011624903,121
0,17,17,18,8,23,mse,119,0.0430479637567549,0.04393278233407799,0.055190414281617695,0.28882869485676227,0.2105919775330486,128
0,17,17,18,8,23,mred,117,0.04048630394650214,0.040944301309549645,0.05816943488101894,0.30078115376673265,0.22385933925518223,128
0,17,17,19,6,23,mse,30,0.043918083278792736,0.04513514311875813,0.05564191156335994,0.311538366785706,0.2182567294838638,108
0,17,17,19,6,23,mred,29,0.04292863417047439,0.04334239284603514,0.06526184226472345,0.33448708789284914,0.24431483850106833,108
0,17,17,19,7,23,mse,60,0.043918083278792736,0.04513514311875813,0.05564191156335994,0.311538366785706,0.2182567294838638,114
0,17,17,19,7,23,mred,59,0.04099911620079629,0.04190205125904721,0.05791711223929475,0.32301272733927755,0.23128578399246605,114
0,17,17,19,8,23,mse,120,0.043918083278792736,0.04513514311875813,0.05564191156335994,0.311538366785706,0.2182567294838638,120
0,17,17,19,8,23,mred,117,0.04121774447715597,0.04189249394379336,0.06104061474314311,0.3287499076160634,0.2378003112467672,120
0,17,18,17,6,23,mse,30,0.049597962124756145,0.05030668644643736,0.05834920956964034,0.2685095147098126,0.1834106228543247,114
0,17,18,17,6,23,mred,29,0.040416327180712634,0.04033651957444583,0.05872169711530083,0.2928925308861522,0.21063026875918056,114
0,17,18,17,7,23,mse,59,0.043190244179084764,0.04363855748851186,0.05562102742138414,0.2807010227979824,0.1970204458067526,122
0,17,18,17,7,23,mred,58,0.040416327180712634,0.04033651957444583,0.05872169711530083,0.2928925308861522,0.21063026875918056,122
0,17,18,17,8,23,mse,118,0.043190244179084764,0.04363855748851186,0.05562102742138414,0.2807010227979824,0.1970204458067526,130
0,17,18,17,8,23,mred,116,0.040416327180712634,0.04033651957444583,0.05872169711530083,0.2928925308861522,0.21063026875918056,130
0,17,18,18,6,23,mse,30,0.048094378448436795,0.04887962186793034,0.0574066260207862,0.2828524654017771,0.19367725985848402,108
0,17,18,18,6,23,mred,29,0.040577786321286405,0.04056113089195375,0.059928370157832665,0.30675738322171786,0.22055468452986787,108
0,17,18,18,7,23,mse,59,0.0424174301583984,0.042913846441814396,0.05579312971406433,0.2948049243117475,0.20711597219417593,115
0,17,18,18,7,23,mred,58,0.040577786321286405,0.04056113089195375,0.059928370157832665,0.30675738322171786,0.22055468452986787,115
0,17,18,18,8,23,mse,118,0.0424174301583984,0.042913846441814396,0.05579312971406433,0.2948049243117475,0.20711597219417593,122
0,17,18,18,8,23,mred,116,0.040577786321286405,0.04056113089195375,0.059928370157832665,0.30675738322171786,0.22055468452986787,122
0,17,18,19,6,23,mse,30,0.045978056543158036,0.04696234552027144,0.056628669343279,0.311538366785706,0.2044703116965349,102
0,17,18,19,6,23,mred,29,0.04204610652136837,0.04224783997369888,0.0632254759980151,0.33448708789284914,0.23098796797331708,102
0,17,18,19,7,23,mse,60,0.045978056543158036,0.04696234552027144,0.056628669343279,0.311538366785706,0.2044703116965349,108
0,17,18,19,7,23,mred,58,0.04204610652136837,0.04224783997369888,0.0632254759980151,0.33448708789284914,0.23098796797331708,108
0,17,18,19,8,23,mse,119,0.043433063894414106,0.04430036086154156,0.056211260342875276,0.3172755470624918,0.21109972576573044,114
0,17,18,19,8,23,mred,117,0.04119573434093581,0.04165947209304675,0.05962409832548482,0.3287499076160634,0.22435855390412152,114
0,17,19,17,6,23,mse,29,0.042349333486930776,0.042106919814437704,0.05780787195671339,0.26858811714238656,0.1932603174657592,108
0,17,19,17,7,23,mse,58,0.042349333486930776,0.042106919814437704,0.05780787195671339,0.26858811714238656,0.1932603174657592,116
0,17,19,17,7,23,mred,57,0.04186945285259125,0.04095843791197222,0.06321614731544245,0.28119866684682815,0.2071696223370392,116
0,17,19,17,8,23,mse,117,0.04439332578713673,0.04443755762427312,0.05717402385259126,0.26228284229016574,0.18630566503011917,124
0,17,19,17,8,23,mred,115,0.041436503081755977,0.040869816113070875,0.05986836242513614,0.27489339199460733,0.2002149699013992,124
0,17,19,18,6,23,mse,29,0.041955497018102084,0.04174573148689625,0.05843508663120442,0.2767203346700018,0.20275768659187013,102
0,17,19,18,7,23,mse,59,0.04611926496042952,0.04641690684108301,0.05753413925931027,0.26424999561258805,0.18901212946414372,109
0,17,19,18,7,23,mred,58,0.041955497018102084,0.04174573148689625,0.05843508663120442,0.2767203346700018,0.20275768659187013,109
0,17,19,18,8,23,mse,117,0.043566012525189504,0.04363103285488718,0.05725532661302348,0.27048516514129495,0.1958849080280069,116
0,17,19,18,8,23,mred,115,0.04158451480754191,0.041069113619555175,0.06098883465362179,0.2829555041987087,0.2096304651557333,116
0,17,19,19,6,23,mse,30,0.05035019029064549,0.051044026566701,0.059967759206148864,0.2794915211272049,0.1853922189681989,96
0,17,19,19,6,23,mred,29,0.041962496925501996,0.04189733194336999,0.060385428473806166,0.3035084704229647,0.21254581166925895,96
0,17,19,19,7,23,mse,59,0.04419374946851959,0.04460421638630716,0.05734669311330647,0.2914999957750848,0.19896901531872893,102
0,17,19,19,7,23,mred,58,0.041962496925501996,0.04189733194336999,0.060385428473806166,0.3035084704229647,0.21254581166925895,102
0,17,19,19,8,23,mse,118,0.04419374946851959,0.04460421638630716,0.05734669311330647,0.2914999957750848,0.19896901531872893,108
0,17,19,19,8,23,mred,116,0.041962496925501996,0.04189733194336999,0.060385428473806166,0.3035084704229647,0.21254581166925895,108
0,18,17,17,6,23,mse,30,0.04525292464440333,0.04630150838100572,0.05568591482469928,0.28640367579779175,0.21124067609956562,114
0,18,17,17,6,23,mred,29,0.04113349401558032,0.04137208279363377,0.06248917193202174,0.3101902199378654,0.23753265356291345,114
0,18,17,17,7,23,mse,60,0.04525292464440333,0.04630150838100572,0.05568591482469928,0.28640367579779175,0.21124067609956562,122
0,18,17,17,7,23,mred,58,0.04113349401558032,0.04137208279363377,0.06248917193202174,0.3101902199378654,0.23753265356291345,122
0,18,17,17,8,23,mse,119,0.042657311597343074,0.04359011211221395,0.05529208110318501,0.2923503118328102,0.21781367046540256,130
0,18,17,17,8,23,mred,117,0.04044795910306867,0.04096513433263696,0.05881498093312829,0.30424358390284695,0.2309596591970765,130
0,18,17,18,6,23,mse,30,0.0442188941285525,0.04539020256545806,0.05548747055954464,0.2956306398047931,0.21706428102741596,108
0,18,17,18,6,23,mred,29,0.04206094669502733,0.04239836579835138,0.06428301683170022,0.31910961847796665,0.24316213832650208,108
0,18,17,18,7,23,mse,60,0.0442188941285525,0.04539020256545806,0.05548747055954464,0.2956306398047931,0.21706428102741596,115
0,18,17,18,7,23,mred,59,0.04081161387101598,0.04166804094865742,0.05728402419112238,0.3073701291413799,0.23011320967695903,115
0,18,17,18,8,23,mse,120,0.0442188941285525,0.04539020256545806,0.05548747055954464,0.2956306398047931,0.21706428102741596,122
0,18,17,18,8,23,mred,117,0.040730298145435315,0.04134960460513915,0.060215047885715606,0.3132398738096733,0.23663767400173055,122
0,18,17,19,6,23,mse,30,0.042800920941179196,0.044278672235680286,0.056027572872068394,0.3238054142126014,0.22680381588365203,102
0,18,17,19,7,23,mse,60,0.042800920941179196,0.044278672235680286,0.056027572872068394,0.3238054142126014,0.22680381588365203,108
0,18,17,19,7,23,mred,59,0.04117331209343926,0.04232329167515483,0.05988969065768236,0.3350753239757247,0.23969041895225782,108
0,18,17,19,8,23,mse,120,0.042800920941179196,0.044278672235680286,0.056027572872068394,0.3238054142126014,0.22680381588365203,114
0,18,17,19,8,23,mred,118,0.04117331209343926,0.04232329167515483,0.05988969065768236,0.3350753239757247,0.23969041895225782,114
0,18,18,17,6,23,mse,30,0.04823153199390647,0.0490169486342702,0.0575262259189447,0.28154325260088897,0.19448553020054465,108
0,18,18,17,6,23,mred,29,0.04061857646206301,0.040615739106385974,0.06004892185560586,0.305491810847526,0.22133601252719315,108
0,18,18,17,7,23,mse,59,0.04249005412375975,0.04301078999168176,0.05591947934768455,0.29351753172420747,0.2079107713638689,116
0,18,18,17,7,23,mred,58,0.04061857646206301,0.040615739106385974,0.06004892185560586,0.305491810847526,0.22133601252719315,116
0,18,18,17,8,23,mse,118,0.04249005412375975,0.04301078999168176,0.05591947934768455,0.29351753172420747,0.2079107713638689,124
0,18,18,17,8,23,mred,116,0.04061857646206301,0.040615739106385974,0.06004892185560586,0.305491810847526,0.22133601252719315,124
0,18,18,19,6,23,mse,30,0.04481088052369157,0.04587684382930968,0.05647827504548629,0.3238054142126014,0.21519071905298562,96
0,18,18,19,6,23,mred,29,0.043184490089374694,0.04346531786423928,0.06515275949636967,0.346345233738848,0.24135102841788608,96
0,18,18,19,7,23,mse,60,0.04481088052369157,0.04587684382930968,0.05647827504548629,0.3238054142126014,0.21519071905298562,102
0,18,18,19,7,23,mred,59,0.0415375677588172,0.04230920389736582,0.05825170753460576,0.3350753239757247,0.22827087373543586,102
0,18,18,19,8,23,mse,120,0.04481088052369157,0.04587684382930968,0.05647827504548629,0.3238054142126014,0.21519071905298562,108
0,18,18,19,8,23,mred,117,0.041578527414417366,0.04212621126902335,0.061139614042416524,0.34071027885728633,0.234810951076661,108
0,18,19,17,6,23,mse,29,0.042012129576531526,0.041810132728872865,0.05850406417860471,0.2767203346700018,0.20123780058582422,102
0,18,19,17,7,23,mse,59,0.04618153048330811,0.04650041756509095,0.057615458506297956,0.26424999561258805,0.18746603852695912,110
0,18,19,17,7,23,mred,58,0.042012129576531526,0.041810132728872865,0.05850406417860471,0.2767203346700018,0.20123780058582422,110
0,18,19,17,8,23,mse,117,0.043609780782129605,0.0436923252563165,0.05733133997484429,0.27048516514129495,0.19435191955639167,118
0,18,19,17,8,23,mred,115,0.04163799819484431,0.041124151432731425,0.06104973386674427,0.2829555041987087,0.20812368161525674,118
0,18,19,18,6,23,mse,29,0.041822429869369376,0.04163795805271297,0.0593327841074814,0.2767203346700018,0.20607154567943278,96
0,18,19,18,7,23,mse,59,0.0451330233107317,0.045466318575729345,0.0573644190582942,0.26424999561258805,0.19238312405321611,103
0,18,19,18,7,23,mred,58,0.041822429869369376,0.04163795805271297,0.0593327841074814,0.2767203346700018,0.20607154567943278,103
0,18,19,18,8,23,mse,118,0.0451330233107317,0.045466318575729345,0.0573644190582942,0.26424999561258805,0.19238312405321611,110
0,18,19,18,8,23,mred,115,0.0420133313898127,0.04152494482953921,0.062340622222886874,0.2829555041987087,0.21291575649254113,110
0,18,19,19,6,23,mse,30,0.04896159991076504,0.049681892261975315,0.05912204560630806,0.2794915211272049,0.19063659671945857,90
0,18,19,19,6,23,mred,29,0.04220497794982321,0.04214779200588009,0.061628279432746146,0.3035084704229647,0.21761537682880994,90
0,18,19,19,7,23,mse,59,0.04344322681140776,0.043864751240978356,0.057586928085482374,0.2914999957750848,0.20412598677413427,96
0,18,19,19,7,23,mred,58,0.04220497794982321,0.04214779200588009,0.061628279432746146,0.3035084704229647,0.21761537682880994,96
0,18,19,19,8,23,mse,118,0.04344322681140776,0.043864751240978356,0.057586928085482374,0.2914999957750848,0.20412598677413427,102
0,18,19,19,8,23,mred,116,0.04220497794982321,0.04214779200588009,0.061628279432746146,0.3035084704229647,0.21761537682880994,102
0,19,17,17,6,23,mse,30,0.043071615196469445,0.04438317594500082,0.056354982538096815,0.3275726945017653,0.22807495414791196,108
0,19,17,17,7,23,mse,60,0.043071615196469445,0.04438317594500082,0.056354982538096815,0.3275726945017653,0.22807495414791196,116
0,19,17,17,7,23,mred,59,0.04157169479896667,0.04254715418436829,0.060215268990863526,0.33877981626006926,0.2409403715787801,116
0,19,17,17,8,23,mse,120,0.043071615196469445,0.04438317594500082,0.056354982538096815,0.3275726945017653,0.22807495414791196,124
0,19,17,17,8,23,mred,118,0.04157169479896667,0.04254715418436829,0.060215268990863526,0.33877981626006926,0.2409403715787801,124
0,19,17,18,6,23,mse,30,0.04253000600258855,0.043979482092450436,0.0567604676573717,0.3412957007364232,0.23743241786928382,102
0,19,17,18,7,23,mse,60,0.04253000600258855,0.043979482092450436,0.0567604676573717,0.3412957007364232,0.23743241786928382,109
0,19,17,18,7,23,mred,59,0.042113213648555074,0.0432292117454023,0.06159010172459766,0.35227410572414947,0.2501418775714624,109
0,19,17,18,8,23,mse,121,0.04439542945076247,0.04593288242257543,0.05634117002456278,0.33580649824256004,0.23107768801819453,116
0,19,17,18,8,23,mred,119,0.04165877478305845,0.04296717277562853,0.05854987975154237,0.3467849032302863,0.24378714772037313,116
0,19,17,19,6,23,mse,30,0.04220275480544064,0.04397064789732502,0.05858272209760454,0.3451535362389919,0.2528338025734149,96
0,19,17,19,7,23,mse,61,0.04508022094623426,0.046973020092605504,0.0569433143115423,0.33423942850964183,0.2403810326163052,102
0,19,17,19,7,23,mred,60,0.04220275480544064,0.04397064789732502,0.05858272209760454,0.3451535362389919,0.2528338025734149,102
0,19,17,19,8,23,mse,122,0.04508022094623426,0.046973020092605504,0.0569433143115423,0.33423942850964183,0.2403810326163052,108
0,19,17,19,8,23,mred,120,0.04220275480544064,0.04397064789732502,0.05858272209760454,0.3451535362389919,0.2528338025734149,108
0,19,18,17,6,23,mse,30,0.0450259615546056,0.04603738804315278,0.056796229148957655,0.30422563225392896,0.21368826204750038,102
0,19,18,17,6,23,mred,29,0.04354330712049259,0.04371741723237506,0.06533469609278958,0.327418111178798,0.23989865331258373,102
0,19,18,17,7,23,mse,60,0.0450259615546056,0.04603738804315278,0.056796229148957655,0.30422563225392896,0.21368826204750038,110
0,19,18,17,7,23,mred,59,0.04180437360479311,0.042494415851317094,0.05850678784609338,0.31582187171636344,0.22679345768004205,110
0,19,18,17,8,23,mse,120,0.0450259615546056,0.04603738804315278,0.056796229148957655,0.30422563225392896,0.21368826204750038,118
0,19,18,17,8,23,mred,117,0.0419255422823327,0.04237898373986569,0.06135788584146835,0.32161999144758074,0.2333460554963129,118
0,19,18,18,6,23,mse,30,0.044143029103221966,0.045275996259311294,0.05672494844147912,0.3178682669156166,0.22533384988322994,96
0,19,18,18,6,23,mred,29,0.04487340086040563,0.04516331111704646,0.0671052225286008,0.3406059913517627,0.2511560548871223,96
0,19,18,18,7,23,mse,60,0.044143029103221966,0.045275996259311294,0.05672494844147912,0.3178682669156166,0.22533384988322994,103
0,19,18,18,7,23,mred,59,0.04182486467332167,0.04263704755749417,0.05948387480195599,0.3292371291336897,0.2382449523851761,103
0,19,18,18,8,23,mse,120,0.044143029103221966,0.045275996259311294,0.05672494844147912,0.3178682669156166,0.22533384988322994,110
0,19,18,18,8,23,mred,118,0.04182486467332167,0.04263704755749417,0.05948387480195599,0.3292371291336897,0.2382449523851761,110
0,19,18,19,6,23,mse,30,0.04325952859546856,0.04462315863207218,0.05767648000245515,0.3451535362389919,0.23301494216834745,90
0,19,18,19,7,23,mse,60,0.04325952859546856,0.04462315863207218,0.05767648000245515,0.3451535362389919,0.23301494216834745,96
0,19,18,19,7,23,mred,59,0.04300360790900469,0.044055922506671244,0.06239007386550727,0.35606764396834206,0.24579802646554166,96
0,19,18,19,8,23,mse,121,0.04502415655066455,0.04646399938438041,0.05728896168499274,0.3396964823743169,0.22662340001975034,102
0,19,18,19,8,23,mred,119,0.042521385751888297,0.04375429092649698,0.059414434897084596,0.350610590103667,0.23940648431694456,102
0,19,19,17,6,23,mse,30,0.049328478615987235,0.05007018536069967,0.05975529308278568,0.268422652004487,0.1933761472822312,96
0,19,19,17,6,23,mred,29,0.04282590617193767,0.04273143817927025,0.06216709383925183,0.29280856360433744,0.2202636090394902,96
0,19,19,17,7,23,mse,59,0.04403956747242947,0.04446571938924024,0.05819959397964612,0.2806156078044122,0.2068198781608607,104
0,19,19,17,7,23,mred,58,0.04282590617193767,0.04273143817927025,0.06216709383925183,0.29280856360433744,0.2202636090394902,104
0,19,19,17,8,23,mse,118,0.04403956747242947,0.04446571938924024,0.05819959397964612,0.2806156078044122,0.2068198781608607,112
0,19,19,17,8,23,mred,116,0.04282590617193767,0.04273143817927025,0.06216709383925183,0.29280856360433744,0.2202636090394902,112
0,19,19,18,6,23,mse,30,0.049328478615987235,0.05007018536069967,0.05975529308278568,0.268422652004487,0.1933761472822312,90
0,19,19,18,6,23,mred,29,0.04282590617193767,0.04273143817927025,0.06216709383925183,0.29280856360433744,0.2202636090394902,90
0,19,19,18,7,23,mse,59,0.04403956747242947,0.04446571938924024,0.05819959397964612,0.2806156078044122,0.2068198781608607,97
0,19,19,18,7,23,mred,58,0.04282590617193767,0.04273143817927025,0.06216709383925183,0.29280856360433744,0.2202636090394902,97
0,19,19,18,8,23,mse,118,0.04403956747242947,0.04446571938924024,0.05819959397964612,0.2806156078044122,0.2068198781608607,104
0,19,19,18,8,23,mred,116,0.04282590617193767,0.04273143817927025,0.06216709383925183,0.29280856360433744,0.2202636090394902,104
0,19,19,19,6,23,mse,30,0.0471253751965712,0.04801477508417993,0.05881239682417292,0.29551810933765416,0.20411417577473617,84
0,19,19,19,6,23,mred,29,0.04440914905098481,0.044492374358658195,0.06518975747136303,0.319000839026399,0.23064370324891162,84
0,19,19,19,7,23,mse,60,0.0471253751965712,0.04801477508417993,0.05881239682417292,0.29551810933765416,0.20411417577473617,90
0,19,19,19,7,23,mred,59,0.04338963761611701,0.04396347481720368,0.05939716256909627,0.3072594741820266,0.2173789395118239,90
0,19,19,19,8,23,mse,119,0.04475911781431316,0.0455176980053195,0.058411393482987045,0.30138879175984035,0.21074655764328004,96
0,19,19,19,8,23,mred,117,0.043204149641611025,0.04355395934532823,0.06170327477622169,0.3131301566042128,0.22401132138036775,96
1,19,19,19,5,23,mse,21 11,0.028464336179913126,0.028486794690910033,0.034448365481133045,0.09894394994039882,0.07737061838573732,66
1,19,19,19,6,23,mse,42 21,0.022041957821755505,0.021572921482270434,0.028324360966917705,0.09894394994039882,0.07063205668912867,72
1,19,19,20,5,23,mse,21 11,0.028169287329150968,0.027599932794304616,0.03559910627216142,0.13477151728561404,0.08585717550227286,61
1,19,19,20,6,23,mse,42 22,0.028169287329150968,0.027599932794304616,0.03559910627216142,0.13477151728561404,0.08585717550227286,66
1,19,19,20,6,23,mred,43 22,0.028128978373586293,0.027249797421734084,0.03562711698790296,0.11417083912574771,0.07967678759979469,66
1,19,19,21,5,23,mse,22 11,0.03670889674323312,0.036136851913528445,0.04679309228034607,0.1589432645311016,0.12017010162027153,56
1,19,19,21,6,23,mse,44 22,0.03670889674323312,0.036136851913528445,0.04679309228034607,0.1589432645311016,0.12017010162027153,60
1,19,20,19,5,23,mse,20 10,0.03937703810389437,0.03869484032882516,0.048675947015908334,0.1314257477901174,0.10158194823213361,60
1,19,20,19,6,23,mse,41 21,0.028011843606523534,0.026357256204124088,0.036687995008036565,0.1025829576608229,0.0812189131185639,66
1,19,20,20,5,23,mse,21 11,0.03956752011266336,0.03894927272504522,0.04890132306548064,0.13477151728561404,0.1081323766971704,55
1,19,20,20,6,23,mse,42 21,0.03182513327093057,0.03028650157369656,0.04180308299487661,0.13477151728561404,0.09876774198275633,60
1,19,20,21,5,23,mse,21 11,0.0442589761119765,0.04267976033378867,0.056979139177699624,0.18258474190407478,0.13837934528086257,50
1,19,20,21,5,23,mred,22 11,0.04383812249703206,0.041742625166737754,0.057450331246555526,0.1801989774651697,0.13180021576092113,50
1,19,20,21,6,23,mse,43 22,0.04160012968802145,0.04029555434701195,0.053433841814093434,0.1631224738541718,0.12326322017241174,54
1,19,21,19,5,23,mse,19 10,0.05046482636734182,0.04618056643050056,0.066512982776578,0.16425278273976648,0.1334249042426086,54
1,19,21,19,6,23,mse,39 20,0.0491405496066582,0.045841655830501815,0.06284208098127829,0.17876347990156644,0.12695812845199864,60
1,19,21,20,5,23,mse,20 10,0.051769567691276726,0.04873271130218411,0.06612830687119575,0.1677691638717065,0.1409302169614489,49
1,19,21,20,6,23,mse,40 20,0.051769567691276726,0.04873271130218411,0.06612830687119575,0.1677691638717065,0.1409302169614489,54
1,19,21,20,6,23,mred,39 20,0.051707170514835074,0.04808077762256936,0.06669990384723086,0.1672640818355519,0.13270530816770468,54
1,19,21,21,5,23,mse,20 10,0.05985207774386858,0.057205734295224575,0.0759672281766039,0.20733338757184724,0.1603194602536239,44
1,19,21,21,6,23,mse,41 21,0.05516897442230983,0.05254641554639684,0.0706784002027683,0.1924715158550181,0.15460168322658388,48
1,20,19,19,5,23,mse,21 11,0.030746622850700338,0.030281600236911684,0.039151854051600606,0.1489263908222414,0.09897331707921847,60
1,20,19,19,6,23,mse,43 22,0.029570613459992963,0.029154738954061864,0.03720822209902197,0.1286627334608662,0.08687712668196522,66
1,20,19,20,5,23,mse,22 11,0.031915876874176505,0.031293964515637415,0.040798236544512805,0.14366020580426883,0.10004232245488441,55
1,20,19,20,6,23,mse,43 22,0.031217694642555086,0.03112334027768282,0.039731991595228874,0.1631224738541718,0.10559762159056851,60
1,20,19,21,5,23,mse,22 11,0.04656059333649813,0.04693559322312938,0.05943557531132138,0.20746584542176977,0.16170954060205944,50
1,20,19,21,5,23,mred,23 11,0.047601529133620576,0.046773257536484064,0.06070522099545383,0.19060334775072774,0.14646908004428963,50
1,20,19,21,6,23,mse,45 22,0.045065606605202126,0.04529707869629561,0.05679575737609627,0.19060334775072774,0.1486900833124288,54
1,20,19,21,6,23,mred,45 23,0.04528991355822136,0.044543169443926695,0.057100461402115395,0.18945370554499183,0.14060912363091277,54
1,20,20,19,5,23,mse,21 11,0.03907476672639347,0.03836994369681067,0.048993360696495895,0.13149628827307946,0.10837571453862117,54
1,20,20,19,6,23,mse,42 21,0.03435654365279189,0.03312753991548602,0.044385346566242614,0.13149628827307946,0.10042872148049337,60
1,20,20,19,6,23,mred,41 21,0.03430420762294697,0.03305940655299558,0.04444320641901595,0.15217494807610138,0.10245879764706459,60
1,20,20,21,5,23,mse,22 11,0.044872155510605694,0.043082082036322744,0.05815407157510705,0.1801989774651697,0.13450685518194166,44
1,20,20,21,6,23,mse,44 22,0.044872155510605694,0.043082082036322744,0.05815407157510705,0.1801989774651697,0.13450685518194166,48
1,20,21,19,5,23,mse,20 10,0.053582966379767415,0.050741975290787486,0.06844529202836888,0.2089881845144271,0.14595110955444002,48
1,20,21,19,6,23,mse,40 21,0.05347725704420828,0.051279365111540576,0.06819614675355821,0.2089881845144271,0.14796597545981702,54
1,20,21,19,6,23,mred,39 20,0.05334821885313938,0.04989029708247274,0.06889256801779889,0.17876347990156644,0.13935147362545464,54
1,20,21,20,5,23,mse,20 10,0.05555354219405692,0.05286509360497969,0.06999413754899503,0.17296484947612595,0.1464995684299712,43
1,20,21,20,6,23,mse,40 21,0.0521445510550165,0.04931236210201527,0.06664732567518432,0.17296484947612595,0.1401338941690226,48
1,20,21,21,5,23,mse,21 11,0.06432522294682061,0.06254542327743746,0.08072496523970997,0.22155618697343316,0.1797814241469512,38
1,20,21,21,6,23,mse,41 21,0.05913472052903951,0.05659692052646575,0.07548601402799908,0.21749751142741147,0.169349456954928,42
1,21,19,19,5,23,mse,22 11,0.05117705214216109,0.05149965004849465,0.0627723925526015,0.20746584542176977,0.16728759003642296,54
1,21,19,19,6,23,mse,45 23,0.0494296344584963,0.04929450603036708,0.061015098025739116,0.18945370554499183,0.14010286258009658,60
1,21,19,20,5,23,mse,23 11,0.05496362493477111,0.05550153950034037,0.06743943724428471,0.22183403963702822,0.17216100203833692,49
1,21,19,20,6,23,mse,45 23,0.049646328652839536,0.0496537216851674,0.0614605074612723,0.21709934148095303,0.15845612432819287,54
1,21,19,21,5,23,mse,23 12,0.05996474060797525,0.05921602247549605,0.0754954489027464,0.23933182106391146,0.1826135304501724,44
1,21,19,21,5,23,mred,24 12,0.06005396866412384,0.05858947331618175,0.07620532295291486,0.2062592915449511,0.168065327027682,44
1,21,19,21,6,23,mse,47 23,0.057999593413266146,0.05770220397173212,0.07255601494672108,0.22279555630443126,0.18139466423026454,48
1,21,19,21,6,23,mred,47 24,0.058433273371439505,0.057650695933541315,0.07350686729795788,0.22279555630443126,0.17220104521158905,48
1,21,20,19,5,23,mse,22 11,0.05242473650100861,0.05155985983048314,0.06535878484166843,0.18941045795523773,0.1527700101110572,48
1,21,20,19,6,23,mse,43 22,0.05114976717961901,0.050538421659387385,0.06361530089914554,0.20513835919802315,0.15109223150232157,54
1,21,20,20,5,23,mse,22 11,0.053343578167853664,0.05334628686274796,0.06636988904368278,0.2344971338924874,0.18437540337545918,43
1,21,20,20,6,23,mse,44 22,0.053343578167853664,0.05334628686274796,0.06636988904368278,0.2344971338924874,0.18437540337545918,48
1,21,20,21,5,23,mse,23 11,0.05938285277771116,0.05916611405745196,0.07433761835003695,0.22352965816305753,0.18333670687412348,38
1,21,20,21,6,23,mse,46 23,0.05798959822760577,0.05700457539055095,0.07286006096329853,0.22352965816305753,0.16656076158176247,42
1,21,21,19,5,23,mse,20 11,0.06659428594967409,0.06453625303109861,0.0846435568539997,0.23181971508447735,0.1825895270838532,42
1,21,21,19,6,23,mse,41 21,0.06266411008132744,0.060437252793245404,0.0800230034138402,0.2392128891272878,0.17593890769502646,48
1,21,21,20,5,23,mse,21 11,0.06440548001484137,0.06274053686235098,0.08200835951496714,0.22615762206529183,0.18469028107158267,37
1,21,21,20,6,23,mse,41 21,0.06407698105968125,0.06154605503567896,0.08156569855880598,0.21749751142741147,0.17929810506898278,42
1,21,21,21,5,23,mse,21 11,0.06666874128088306,0.06369672341206054,0.08541346974775471,0.22155618697343316,0.18339334923113118,32
1,21,21,21,6,23,mse,43 22,0.06498156063586685,0.06302336980520182,0.08315187534370153,0.2506408580918482,0.18786460276494923,36
2,19,19,19,5,23,mse,26 17 12 9,0.023247986501753654,0.02352055562968256,0.028597837525306702,0.08959263360558381,0.07137960756091807,54
2,19,19,19,6,23,mse,51 34 25 18,0.021230765548458163,0.021403391005736128,0.026087155826199804,0.0998217330485446,0.06769915884420882,60
2,19,19,20,5,23,mse,26 17 12 9,0.030718755149798316,0.03164614626402704,0.03676504800977878,0.1121378191840988,0.08895143317037485,49
2,19,19,20,6,23,mse,52 35 25 19,0.0240030802169824,0.02331326026821082,0.03042951688016637,0.09026133442373854,0.06859278817086378,54
2,19,19,21,5,23,mse,27 18 13 9,0.04229919915681261,0.042647457078865594,0.05146945209086691,0.16430216906516149,0.12604746905224498,44
2,19,19,21,6,23,mse,54 36 26 19,0.03735030385583413,0.035974042828134885,0.04765482339937464,0.14993794740008887,0.11459603676465016,48
2,19,20,19,5,23,mse,25 17 12 9,0.02689883099375203,0.02537502283669701,0.034689145601010135,0.09186416822004558,0.07379275274824615,48
2,19,20,19,6,23,mse,50 33 24 18,0.02688185246227416,0.025336553580190616,0.034579135922821344,0.0941428904632959,0.07235066603389231,54
2,19,20,20,5,23,mse,25 17 12 9,0.03157389868327991,0.030489451918461134,0.040549681477746555,0.1252512830997486,0.0961890020688815,43
2,19,20,20,6,23,mse,51 34 24 18,0.030876041227599703,0.02997652517844807,0.03939185076141789,0.1121378191840988,0.09051141071617488,48
2,19,20,21,5,23,mse,26 18 13 9,0.04570459194921257,0.044778753690100134,0.05805486013549216,0.17296484947612595,0.13552768452835007,38
2,19,20,21,6,23,mse,52 35 25 19,0.04142160067513262,0.04010064396839025,0.05376304930539841,0.17296484947612595,0.1307547858188925,42
2,19,20,21,6,23,mred,53 35 25 19,0.04147430959110431,0.04003211198688604,0.05376346075801376,0.15706032735066683,0.12448535578953157,42
2,20,19,19,5,23,mse,26 17 13 9,0.03596769161316757,0.03707940493175146,0.043275096287141615,0.1421502785888654,0.11106297712055892,48
2,20,19,19,6,23,mse,52 35 25 19,0.026368177182397763,0.026103349620406727,0.032909122380761005,0.12729053005289728,0.0801708782331478,54
2,20,19,20,5,23,mse,27 18 13 9,0.035896733093437966,0.03674233935648667,0.04364832245429628,0.1510916796040308,0.11271715003960729,43
2,20,19,20,6,23,mse,53 35 25 19,0.03042376744258319,0.0301396973615298,0.03832124363046784,0.1331657684300607,0.09677708513552334,48
2,20,19,20,6,23,mred,54 36 25 19,0.03059079823708759,0.030036110529559328,0.03853196930231792,0.1140937371199501,0.09164665615986282,48
2,20,19,21,5,23,mse,28 18 13 10,0.04501922048258989,0.044241384144515,0.056450558229021175,0.18945370554499183,0.13983651940911448,38
2,20,19,21,6,23,mse,56 37 26 19,0.0423322439330025,0.041422500678475555,0.05377440730061399,0.16693853069901937,0.13024469143329945,42
2,20,20,19,5,23,mse,25 17 12 9,0.03485696628023604,0.033923742437893575,0.044250742372526616,0.1252512830997486,0.10008681003817388,42
2,20,20,19,6,23,mse,51 34 25 18,0.03355258055718896,0.032792559071652454,0.04240734795594559,0.12456329459165676,0.09588066760438584,48
2,20,20,21,5,23,mse,27 18 13 9,0.0457287236054788,0.04466397686614003,0.05796892438543262,0.16430216906516149,0.13076755384007413,32
2,20,20,21,6,23,mse,54 36 25 19,0.04512376124755241,0.04367535754571143,0.057583249221287186,0.17315415464528677,0.1315937255590675,36
2,20,20,21,6,23,mred,54 36 26 19,0.04521519989273333,0.04329802626799967,0.057736869693425154,0.15299807186125802,0.12599774197947738,36
3,17,17,19,5,23,mse,29 23 19 16 13 11 10 9,0.020168011148487375,0.0211161927041092,0.02367153021752667,0.06111462238286192,0.05545836039243404,66
3,17,17,19,6,23,mse,58 46 38 31 27 23 20 17,0.013260053722343321,0.013130818297076803,0.015995844428272208,0.046563169086108434,0.035197999155332345,72
3,17,17,20,5,23,mse,29 23 19 16 13 12 10 9,0.02664002941422148,0.026552811603462623,0.03256549870272051,0.09674405492368167,0.07386870154569909,61
3,17,17,20,5,23,mred,30 24 19 16 13 12 10 9,0.026869394246241116,0.02632682379413416,0.03336419542543369,0.0850331486925952,0.06861002808982936,61
3,17,17,20,6,23,mse,59 47 38 32 27 23 20 17,0.018783776536329143,0.018595338023123117,0.023522879983590022,0.07710805611767475,0.06027734820463038,66
3,17,17,21,5,23,mse,31 24 20 16 14 12 10 9,0.036674435344380085,0.035379653349716524,0.04720976564623914,0.1621973842770381,0.11772518295354635,56
3,17,17,21,6,23,mse,61 49 39 33 28 24 20 18,0.0358521601170348,0.03476162945858173,0.04564872634709215,0.14474316311614302,0.11913874340765421,60
3,17,18,19,5,23,mse,29 23 19 16 13 11 10 9,0.022140113966635525,0.022716302972364225,0.026116727874141,0.06860932863450778,0.06067786742717324,60
3,17,18,19,6,23,mse,57 46 37 31 26 23 20 17,0.014643716868638607,0.014597577096017025,0.017895704881415467,0.051156689839658286,0.04203364586194906,66
3,17,18,19,6,23,mred,57 46 38 31 26 23 20 17,0.014615494928441192,0.014469565404813776,0.01793065745264936,0.051156689839658286,0.04021799145229547,66
3,17,18,20,5,23,mse,29 23 19 16 13 11 10 9,0.026236746223964436,0.026544111109542922,0.03152260193264822,0.09674405492368167,0.07452149818829533,55
3,17,18,20,6,23,mse,58 47 38 32 27 23 20 17,0.019606923501140246,0.019041276617488615,0.025121162765956263,0.08697038794824359,0.061916745303464804,60
3,17,18,20,6,23,mred,59 47 38 32 27 23 20 17,0.019652053410376322,0.018989758147322126,0.025289551599453994,0.07710805611767475,0.057264279657218004,60
3,17,18,21,5,23,mse,30 24 20 16 14 12 10 9,0.036835979930279206,0.03561243645724234,0.04729335839025807,0.1621973842770381,0.1233216710698821,50
3,17,18,21,5,23,mred,31 24 20 16 14 12 10 9,0.037058987769865416,0.03554594743898977,0.04790177607707754,0.1621973842770381,0.11205694633862405,50
3,17,18,21,6,23,mse,61 48 39 33 28 23 20 18,0.035829425612256695,0.034763301952239756,0.0459764194752497,0.1621973842770381,0.1169232102176023,54
3,17,19,19,5,23,mse,28 23 19 15 13 11 10 9,0.026441317916572227,0.02679466234791853,0.03195521854705092,0.08672135115373672,0.07392891243353256,54
3,17,19,19,6,23,mse,56 45 37 31 26 22 19 17,0.016497765503555736,0.016218538513440413,0.020911289999749103,0.06634130757051483,0.04955628627141732,60
3,17,19,20,5,23,mse,29 23 19 16 13 11 10 9,0.02782508683632452,0.02788840697195035,0.03363284957857449,0.08972776870186229,0.07545795757107991,49
3,17,19,20,6,23,mse,58 46 38 31 27 23 20 17,0.02195185913002249,0.021084242869087815,0.028285626409695827,0.08697038794824359,0.06228354183505051,54
3,17,19,20,6,23,mred,57 46 38 31 27 23 20 17,0.021826268883258997,0.021065121330661938,0.02831677839950623,0.1027122778112049,0.0665752427455323,54
3,17,19,21,5,23,mse,30 24 19 16 14 12 10 9,0.0382921924010631,0.037128450993382175,0.04890589132493858,0.15760117976287052,0.11941646264555451,44
3,17,19,21,6,23,mse,60 48 39 32 27 23 20 18,0.036367705003930384,0.035380724871049346,0.04643331261183041,0.15760117976287052,0.11231442837639866,48
3,18,17,19,5,23,mse,29 23 19 16 13 11 10 9,0.020336706102169907,0.021297895518666888,0.024258548225159743,0.0792443074131501,0.058305811686134947,60
3,18,17,19,6,23,mse,58 46 38 32 27 23 20 17,0.013264163981474937,0.013195134681042477,0.01632577691452413,0.057852711989706526,0.03982436322211671,66
3,18,17,20,5,23,mse,30 24 19 16 14 12 10 9,0.02542542902319283,0.024660754013762182,0.03186661926750438,0.08830821349721381,0.06583763325152561,55
3,18,17,20,6,23,mse,59 47 38 32 27 23 20 17,0.02008398854777654,0.020269710586413844,0.025062913774776086,0.08830821349721381,0.0669765267575155,60
3,18,17,20,6,23,mred,59 47 39 32 27 23 20 18,0.02024153682855119,0.019838701678282444,0.02534090124274207,0.08655143270018496,0.060125162958639615,60
3,18,17,21,5,23,mse,31 24 20 16 14 12 10 9,0.037106032837636374,0.03606657670127568,0.04766548421613321,0.17060008371271845,0.1224625348489194,50
3,18,17,21,6,23,mse,62 49 40 33 28 24 20 18,0.036167612243741015,0.03503651729366228,0.04593535129789538,0.15332091879006676,0.11179594840661809,54
3,18,17,21,6,23,mred,62 49 40 33 28 24 21 18,0.03607195397227195,0.03466849406540476,0.045962712024319965,0.15332091879006676,0.10983983082911994,54
3,18,18,19,5,23,mse,29 23 19 16 13 11 10 9,0.021165307393544774,0.021906553854378168,0.025252983747315265,0.06860932863450778,0.06079363083421683,54
3,18,18,19,6,23,mse,58 46 38 31 27 23 20 17,0.014496870928089862,0.014247167020076279,0.01802069004175535,0.061696473083041437,0.04034816851054264,60
3,18,18,21,5,23,mse,31 24 20 16 14 12 10 9,0.03690105815548103,0.03571373135322193,0.047299026191829095,0.1621973842770381,0.11489964932462095,44
3,18,18,21,6,23,mse,61 49 39 33 28 24 20 18,0.03612265194669043,0.03508320679047885,0.04581473203108694,0.14474316311614302,0.11368760905754079,48
3,18,18,21,6,23,mred,61 48 39 33 28 24 20 18,0.035965014742109905,0.03501422700107408,0.04584696513007406,0.1621973842770381,0.11767819922891004,48
3,18,19,19,5,23,mse,28 23 19 15 13 11 10 9,0.026440873426404877,0.02664401762690368,0.03190270462369827,0.08672135115373672,0.07324263480895674,48
3,18,19,19,5,23,mred,28 23 19 16 13 11 10 9,0.026337032233194294,0.02642317149831439,0.031969405544881174,0.08672135115373672,0.07308165436599724,48
3,18,19,19,6,23,mse,57 45 37 31 26 23 20 17,0.01755557028559538,0.017127574941738263,0.02216102498470002,0.06283560589172056,0.050313080534460985,54
3,18,19,20,5,23,mse,29 23 19 16 13 11 10 9,0.028083137048813794,0.028199366891721662,0.033951408964108816,0.10032218165605174,0.07818488591331262,43
3,18,19,20,6,23,mse,58 46 38 31 27 23 20 17,0.02177780383069371,0.02116071309894776,0.02803608722206515,0.09178329803676064,0.0667392345462778,48
3,18,19,21,5,23,mse,30 24 19 16 14 12 10 9,0.037975324793585466,0.03695399265483514,0.048654059641162595,0.15760117976287052,0.12215084284099816,38
3,18,19,21,6,23,mse,60 48 39 32 28 23 20 18,0.03682386845753872,0.035871570881930576,0.04718026026015112,0.15760117976287052,0.11902741859967732,42
3,19,17,19,5,23,mse,29 23 19 16 14 12 10 9,0.023426329166986684,0.02346527857036204,0.028728072185544032,0.08323548469499065,0.06361539639091633,54
3,19,17,19,6,23,mse,59 47 38 32 27 23 20 17,0.016263152585360506,0.016638077731915297,0.02029369370241222,0.0787937980553721,0.05653267559304834,60
3,19,17,19,6,23,mred,59 47 38 32 27 23 20 18,0.016370163089674115,0.016497087381955426,0.020608866761167417,0.0633058213187948,0.05332248810734312,60
3,19,17,20,5,23,mse,30 24 19 16 14 12 10 9,0.024849422256651668,0.024403299031050044,0.03124864725518637,0.10655231502993706,0.07825095296328843,49
3,19,17,20,5,23,mred,30 24 20 16 14 12 10 9,0.0249374946683123,0.02416797889308448,0.03151253536396452,0.09372478120877795,0.07118591039619437,49
3,19,17,20,6,23,mse,60 48 39 32 27 23 20 18,0.022510803612314126,0.022419299217733297,0.028242635772267398,0.09372478120877795,0.07461289263623386,54
3,19,17,21,5,23,mse,31 25 20 17 14 12 10 9,0.03865291175902144,0.03775296135092787,0.04900149884345282,0.16085627889701662,0.12146015185247622,44
3,19,17,21,6,23,mse,62 49 40 33 28 24 21 18,0.036790433808943646,0.03576662277996391,0.04727824028901963,0.1776391533190763,0.12826683162004854,48
3,19,18,19,5,23,mse,29 23 19 16 13 11 10 9,0.02335891446440758,0.024054566662130003,0.028251113814757083,0.09626004881356126,0.0686264603558694,48
3,19,18,19,6,23,mse,58 47 38 32 27 23 20 17,0.016368960618145974,0.016365966690742216,0.020537728338997096,0.07406696736575946,0.05312395832956367,54
3,19,18,20,5,23,mse,30 24 19 16 14 12 10 9,0.025898066168030774,0.025455336615584297,0.03243193800189139,0.10262652367612551,0.07426846339341739,43
3,19,18,20,6,23,mse,60 47 39 32 27 23 20 18,0.02246806201214769,0.02231326984105074,0.028171718339261197,0.09714001878715824,0.07012620762801398,48
3,19,18,21,5,23,mse,31 24 20 17 14 12 10 9,0.03846926343825275,0.0374297578326569,0.04908315162825281,0.18035758362584345,0.1224625348489194,38
3,19,18,21,6,23,mse,62 49 40 33 28 24 21 18,0.03654518075114205,0.035317498963880534,0.04653776610501007,0.16328169995138186,0.1150787316087775,42
3,19,19,19,5,23,mse,29 23 19 16 13 11 10 9,0.02578066832317898,0.025982398349152905,0.03132090262663678,0.08672135115373672,0.07334546203257312,42
3,19,19,19,6,23,mse,57 46 38 31 27 23 20 17,0.018958747819469324,0.018459288872596166,0.024123170218298393,0.0741207812664826,0.05548952168881229,48
3,19,19,20,5,23,mse,29 23 19 16 13 11 10 9,0.030641383127817355,0.03098253997004411,0.0368480628460537,0.11463365051550933,0.08582643192665265,37
3,19,19,20,5,23,mred,29 23 19 16 13 12 10 9,0.03040932709087424,0.030373728791893213,0.03692618266921336,0.10685292525067083,0.08256267513348357,37
3,19,19,20,6,23,mse,58 47 38 32 27 23 20 17,0.02276301031661227,0.022023011538302887,0.02937777967187419,0.08697038794824359,0.06919886348861988,42
3,19,19,21,5,23,mse,30 24 20 16 14 12 10 9,0.03892422911719788,0.03796811220207954,0.04963496114951286,0.15760117976287052,0.12306655065404588,32
3,19,19,21,6,23,mse,61 48 40 33 28 24 20 18,0.038465657029787687,0.037380460338498865,0.04898612387114834,0.15277339581039492,0.11370035793127536,36
3,19,19,21,6,23,mred,61 48 40 33 28 24 21 18,0.03875388757065441,0.03729027415898595,0.049428525599662244,0.15277339581039492,0.11180204478168743,36
1,15,15,15,6,23,mse,42 21,0.013962107992197227,0.012913401583984126,0.018380046857344016,0.07619813360134117,0.0400740501417196,144
1,15,15,15,6,23,mred,41 21,0.012013549024263917,0.011239812202225297,0.01943316107451418,0.09819341613464257,0.05863234026568332,144
1,15,15,15,7,23,mse,83 42,0.011195516762754085,0.010624015605054948,0.015670435855889835,0.08719577486799186,0.04715224685428922,154
1,15,15,15,8,23,mse,166 84,0.011195516762754085,0.010624015605054948,0.015670435855889835,0.08719577486799186,0.04715224685428922,164
1,15,15,15,8,23,mred,165 84,0.011024639895161878,0.010454919243459137,0.01683928622688334,0.09269459550131721,0.05289229355998627,164
1,15,15,16,6,23,mse,42 21,0.013642308573598582,0.012651947061790205,0.018001947194516775,0.07619813360134117,0.04069032949712406,138
1,15,15,16,6,23,mred,41 21,0.01242361071872399,0.011602466767493467,0.020012300232617884,0.09819341613464257,0.05959251362627886,138
1,15,15,16,7,23,mse,83 42,0.011114444843051715,0.010564092338173594,0.01582174645288961,0.08719577486799186,0.048326024023690496,147
1,15,15,16,8,23,mse,166 84,0.011114444843051715,0.010564092338173594,0.01582174645288961,0.08719577486799186,0.048326024023690496,156
1,15,15,16,8,23,mred,165 84,0.011107151110400462,0.01053737714710706,0.017245913805610205,0.09269459550131721,0.0538583216361952,156
1,15,15,17,6,23,mse,42 21,0.01316341558926745,0.01231638368472658,0.017397765659024067,0.08383285976992512,0.043170097038234954,132
1,15,15,17,7,23,mse,83 42,0.011133739015483157,0.010652884147375544,0.016322264256245864,0.09473961143933078,0.05169132590818069,140
1,15,15,17,8,23,mse,167 84,0.011744685905820416,0.011159858522468239,0.01602101237088921,0.08928623560462795,0.04769362571799344,148
1,15,15,17,8,23,mred,166 84,0.011133739015483157,0.010652884147375544,0.016322264256245864,0.09473961143933078,0.05169132590818069,148
1,15,16,15,6,23,mse,41 21,0.011704525953583903,0.01098373282609229,0.01869035575367778,0.09819341613464257,0.05729692492969307,138
1,15,16,15,7,23,mse,83 42,0.011446104106240213,0.010827969557786988,0.015653917777277364,0.08719577486799186,0.04591403397692623,148
1,15,16,15,8,23,mse,166 84,0.011446104106240213,0.010827969557786988,0.015653917777277364,0.08719577486799186,0.04591403397692623,158
1,15,16,15,8,23,mred,165 84,0.011049879114605747,0.010478321979093336,0.016403016709810522,0.09269459550131721,0.05154873544755706,158
1,15,16,16,6,23,mse,42 21,0.01419829938758522,0.013104680423415432,0.018723259100269774,0.07619813360134117,0.04007239038381243,132
1,15,16,16,6,23,mred,41 21,0.011972633381140633,0.01121529914635919,0.01922488894333928,0.09819341613464257,0.05866974636816147,132
1,15,16,16,7,23,mse,83 42,0.011337854549683151,0.010739189784816125,0.015741002324320442,0.08719577486799186,0.047791355067126916,141
1,15,16,16,8,23,mse,166 84,0.011337854549683151,0.010739189784816125,0.015741002324320442,0.08719577486799186,0.047791355067126916,150
1,15,16,16,8,23,mred,165 84,0.011096177517184735,0.010521709074180569,0.016751505747099726,0.09269459550131721,0.05292992774845513,150
1,15,16,17,6,23,mse,42 21,0.013625456663809089,0.012663052823763258,0.01804506529059839,0.08383285976992512,0.042328640571622445,126
1,15,16,17,6,23,mred,41 21,0.01290935070280458,0.012063564375714713,0.020486280657321748,0.10564636310873643,0.06147721568459749,126
1,15,16,17,7,23,mse,83 42,0.011281257307845391,0.010739512845299342,0.016149613887798238,0.09473961143933078,0.05077354268324013,134
1,15,16,17,8,23,mse,166 84,0.011281257307845391,0.010739512845299342,0.016149613887798238,0.09473961143933078,0.05077354268324013,142
1,15,17,15,6,23,mse,41 21,0.01162972120940086,0.010991312331923837,0.017688541841247418,0.0892744399023719,0.052886532158496244,132
1,15,17,15,7,23,mse,83 42,0.012364427833925079,0.011658697526980965,0.016294895428183017,0.07816803063288863,0.04210679772618608,142
1,15,17,15,7,23,mred,82 42,0.01162972120940086,0.010991312331923837,0.017688541841247418,0.0892744399023719,0.052886532158496244,142
1,15,17,15,8,23,mse,165 84,0.011529128679373009,0.010940483261152645,0.016152488994151868,0.08372123526763027,0.04711145003751146,152
1,15,17,16,6,23,mse,41 21,0.011725300120528935,0.011057128292898274,0.018079983567972933,0.0907404691605487,0.05502281274856877,126
1,15,17,16,7,23,mse,83 42,0.012134870332097779,0.011448676009786747,0.01617863864081627,0.07965193829665296,0.04375711526089595,135
1,15,17,16,7,23,mred,82 42,0.011725300120528935,0.011057128292898274,0.018079983567972933,0.0907404691605487,0.05502281274856877,135
1,15,17,16,8,23,mse,166 84,0.012134870332097779,0.011448676009786747,0.01617863864081627,0.07965193829665296,0.04375711526089595,144
1,15,17,16,8,23,mred,165 84,0.011435828670330501,0.010846149370157415,0.016311650998884715,0.08519620372860083,0.049260756728742965,144
1,15,17,17,6,23,mse,41 21,0.012231770689667033,0.011501580672637603,0.01909036385033914,0.09667871274869408,0.05868314110030515,120
1,15,17,17,7,23,mse,83 42,0.011834116361691531,0.011191275589702225,0.01622065912967051,0.08566259948953181,0.047611487506821135,128
1,15,17,17,8,23,mse,166 84,0.011834116361691531,0.011191275589702225,0.01622065912967051,0.08566259948953181,0.047611487506821135,136
1,15,17,17,8,23,mred,165 84,0.011442023626678273,0.010857689544038922,0.016900860595780522,0.09117065611911294,0.052943404155794814,136
1,16,15,15,6,23,mse,42 21,0.013602444567536696,0.012656384803457484,0.01794273354422731,0.07843891866385164,0.041375101711344925,138
1,16,15,15,6,23,mred,41 21,0.012617380353856839,0.011792470523121247,0.0202188671560442,0.10038084917185516,0.05972683191680001,138
1,16,15,15,7,23,mse,83 42,0.011160415993110191,0.010638973251469263,0.015921107827990506,0.0894098839178534,0.04917411329230765,148
1,16,15,15,8,23,mse,166 84,0.011160415993110191,0.010638973251469263,0.015921107827990506,0.0894098839178534,0.04917411329230765,158
1,16,15,16,6,23,mse,42 21,0.013350612421948557,0.012472809990994647,0.017619703689917447,0.08223135109733373,0.04316874468607677,132
1,16,15,16,6,23,mred,41 21,0.013155378244069284,0.012283416082165186,0.02085626187913892,0.10408298559501626,0.06147447678376031,132
1,16,15,16,7,23,mse,83 42,0.011173843432719231,0.01068365926870583,0.01615722674517432,0.09315716834617499,0.05050430144030055,141
1,16,15,16,8,23,mse,167 84,0.011879740084817443,0.011270470106454477,0.016057373973349852,0.08769425972175436,0.04619478700662107,150
1,16,15,16,8,23,mred,166 84,0.011173843432719231,0.01068365926870583,0.01615722674517432,0.09315716834617499,0.05050430144030055,150
1,16,15,17,6,23,mse,42 21,0.01307393942734516,0.012360894688218155,0.017212225120607643,0.08981621596429791,0.04505864265506166,126
1,16,15,17,7,23,mse,83 42,0.011395756346979858,0.010994793704994642,0.016816428170907817,0.10065173720281817,0.05288718964691977,134
1,16,15,17,8,23,mse,167 85,0.012560058447468516,0.012152216230918408,0.016094381875525636,0.09523397658355805,0.04597862305220587,142
1,16,15,17,8,23,mred,166 84,0.011395756346979858,0.010994793704994642,0.016816428170907817,0.10065173720281817,0.05288718964691977,142
1,16,16,15,6,23,mse,42 21,0.014178113938685328,0.013101034887589218,0.018706533570128938,0.07619813360134117,0.03982041208183363,132
1,16,16,15,6,23,mred,41 21,0.012041536098251055,0.011286467322184121,0.019267728879990082,0.09819341613464257,0.05777527920988047,132
1,16,16,15,7,23,mse,83 42,0.011337369046167643,0.010753957897047384,0.015757673007995195,0.08719577486799186,0.04663605007863084,142
1,16,16,15,8,23,mse,166 84,0.011337369046167643,0.010753957897047384,0.015757673007995195,0.08719577486799186,0.04663605007863084,152
1,16,16,15,8,23,mred,165 84,0.011105693964541037,0.010540121943782014,0.016784022469783028,0.09269459550131721,0.05203000652213584,152
1,16,16,17,6,23,mse,42 21,0.013414816553854474,0.012539890888768147,0.017733545999379433,0.08383285976992512,0.04279616925261671,120
1,16,16,17,7,23,mse,83 42,0.011343363207007321,0.010848185653427177,0.01641354043487494,0.09473961143933078,0.05093304526576991,128
1,16,16,17,8,23,mse,167 84,0.011981846810545836,0.01137292899111719,0.016249273325620525,0.08928623560462795,0.047181690789371095,136
1,16,16,17,8,23,mred,166 84,0.011343363207007321,0.010848185653427177,0.01641354043487494,0.09473961143933078,0.05093304526576991,136
1,16,17,15,6,23,mse,41 21,0.011744185796611788,0.011074066390631816,0.018108086088411947,0.092976576325533,0.05424838945924468,126
1,16,17,15,7,23,mse,83 42,0.012088903535357489,0.011408519307870716,0.01617918484820284,0.08191531506121022,0.043686404553251484,136
1,16,17,15,7,23,mred,82 42,0.011744185796611788,0.011074066390631816,0.018108086088411947,0.092976576325533,0.05424838945924468,136
1,16,17,15,8,23,mse,166 84,0.012088903535357489,0.011408519307870716,0.01617918484820284,0.08191531506121022,0.043686404553251484,146
1,16,17,15,8,23,mred,165 84,0.011395065736699322,0.010810141086089714,0.016327593944064862,0.08744594569337161,0.04848161134619129,146
1,16,17,16,6,23,mse,41 21,0.01192290379786573,0.011228918043224834,0.018554806013728987,0.09667871274869408,0.05552340939740489,120
1,16,17,16,7,23,mse,83 42,0.011882837888170208,0.011230712438816497,0.016111339330722785,0.08566259948953181,0.04487058932616684,129
1,16,17,16,7,23,mred,82 42,0.01192290379786573,0.011228918043224834,0.018554806013728987,0.09667871274869408,0.05552340939740489,129
1,16,17,16,8,23,mse,166 84,0.011882837888170208,0.011230712438816497,0.016111339330722785,0.08566259948953181,0.04487058932616684,138
1,16,17,16,8,23,mred,165 84,0.011354497264453778,0.010776175575381464,0.016545103866531942,0.09117065611911294,0.04976440579616956,138
1,16,17,17,6,23,mse,42 21,0.014533138063515905,0.013432558513698746,0.01921560118138885,0.07464648623036954,0.042177150308397075,114
1,16,17,17,6,23,mred,41 21,0.0126013976755578,0.011852225810792712,0.019647573825860784,0.09667871274869408,0.05896766401257924,114
1,16,17,17,7,23,mse,83 42,0.01172929212510273,0.011136575085098603,0.016288715830285565,0.08566259948953181,0.04871688580668013,122
1,16,17,17,8,23,mse,166 84,0.01172929212510273,0.011136575085098603,0.016288715830285565,0.08566259948953181,0.04871688580668013,130
1,16,17,17,8,23,mred,165 84,0.01152216542507031,0.010962641068683745,0.017250998968771816,0.09117065611911294,0.053229661963875456,130
1,17,15,15,6,23,mse,42 21,0.013303782602027888,0.012608101271905536,0.01740992710949176,0.07843891866385164,0.046192820569273575,132
1,17,15,15,7,23,mse,83 42,0.011564272676802162,0.011183327913980131,0.016796972418871556,0.0894098839178534,0.05222038647685005,142
1,17,15,15,8,23,mse,167 85,0.012507655792950986,0.01208998747504306,0.016073609785544247,0.08392440129085252,0.04597862305220587,152
1,17,15,15,8,23,mred,166 84,0.011564272676802162,0.011183327913980131,0.016796972418871556,0.0894098839178534,0.05222038647685005,152
1,17,15,16,6,23,mse,42 21,0.01319640966912191,0.012586885734057186,0.01725009954052927,0.08223135109733373,0.04853492935025487,126
1,17,15,16,7,23,mse,83 42,0.01176313168586063,0.011427730122745037,0.017182411590417352,0.09315716834617499,0.05323338677922685,135
1,17,15,16,8,23,mse,167 85,0.012235086740340904,0.011828897050636257,0.01598837389430486,0.08769425972175436,0.04639044687495614,144
1,17,15,16,8,23,mred,166 84,0.01176313168586063,0.011427730122745037,0.017182411590417352,0.09315716834617499,0.05323338677922685,144
1,17,15,17,6,23,mse,42 21,0.013242064267927404,0.012795851000957724,0.017265047888660897,0.08981621596429791,0.05141201635054771,120
1,17,15,17,7,23,mse,84 42,0.013242064267927404,0.012795851000957724,0.017265047888660897,0.08981621596429791,0.05141201635054771,128
1,17,15,17,7,23,mred,83 42,0.012431856354561989,0.012168044430637084,0.01821620767964082,0.10065173720281817,0.056350334557690486,128
1,17,15,17,8,23,mse,167 85,0.011921997320244584,0.01152034130000323,0.016157916920283132,0.09523397658355805,0.049729724740911335,136
1,17,16,15,6,23,mse,42 21,0.013649777599414352,0.012802654889574754,0.017933620891335312,0.07619813360134117,0.043582206849856954,126
1,17,16,15,6,23,mred,41 21,0.013453917206579753,0.012627391114801712,0.02089759625306379,0.09819341613464257,0.06056733444124001,126
1,17,16,15,7,23,mse,83 42,0.011455239217155105,0.011004051639833772,0.016353676002454978,0.08719577486799186,0.05065418409122727,136
1,17,16,15,8,23,mse,167 84,0.012163876691028381,0.011591040036115866,0.01632785602286006,0.08169695423466652,0.04639822125994918,146
1,17,16,15,8,23,mred,166 84,0.011455239217155105,0.011004051639833772,0.016353676002454978,0.08719577486799186,0.05065418409122727,146
1,17,16,16,6,23,mse,42 21,0.013485147966046773,0.012713029480452075,0.01769584737579941,0.07619813360134117,0.044471954667019746,120
1,17,16,16,7,23,mse,83 42,0.011550441642117304,0.011137795659609314,0.016648683793831425,0.08719577486799186,0.05169870069723175,129
1,17,16,16,8,23,mse,167 85,0.012802170956688765,0.012355324773729578,0.01630982378661049,0.08169695423466652,0.045201380150371055,138
1,17,16,16,8,23,mred,166 84,0.011550441642117304,0.011137795659609314,0.016648683793831425,0.08719577486799186,0.05169870069723175,138
1,17,16,17,6,23,mse,42 21,0.013362779436811984,0.012761038114849847,0.01747269649935131,0.08383285976992512,0.04853492935025487,114
1,17,16,17,7,23,mse,84 42,0.013362779436811984,0.012761038114849847,0.01747269649935131,0.08383285976992512,0.04853492935025487,122
1,17,16,17,7,23,mred,83 42,0.012043474883856271,0.01170655252725854,0.017563086794405255,0.09473961143933078,0.05467505871579133,122
1,17,16,17,8,23,mse,167 85,0.012347285523987013,0.011914251404488197,0.01628188618463487,0.08928623560462795,0.04830907288860565,130
1,17,16,17,8,23,mred,166 84,0.012043474883856271,0.01170655252725854,0.017563086794405255,0.09473961143933078,0.05467505871579133,130
1,17,17,15,6,23,mse,41 21,0.012303988747631701,0.011594767746337567,0.01917318568675768,0.092976576325533,0.05749760990982172,120
1,17,17,15,7,23,mse,83 42,0.011788778472540302,0.011197310311208051,0.016262039509471932,0.08191531506121022,0.0474372622037562,130
1,17,17,15,8,23,mse,166 84,0.011788778472540302,0.011197310311208051,0.016262039509471932,0.08191531506121022,0.0474372622037562,140
1,17,17,15,8,23,mred,165 84,0.011445031560927629,0.010895765108276275,0.016967651175791857,0.08744594569337161,0.05203363604538634,140
1,17,17,16,6,23,mse,42 21,0.01453950154193478,0.013471116091585154,0.01922286561493816,0.07464648623036954,0.04223448810333582,114
1,17,17,16,6,23,mred,41 21,0.012639340253015528,0.011910149644794152,0.019703202592106804,0.09667871274869408,0.05891392169527721,114
1,17,17,16,7,23,mse,83 42,0.011704102763026962,0.011148122670408845,0.016326900950543344,0.08566259948953181,0.04846202921448252,123
1,17,17,16,8,23,mse,166 84,0.011704102763026962,0.011148122670408845,0.016326900950543344,0.08566259948953181,0.04846202921448252,132
1,17,17,16,8,23,mred,165 84,0.01153971593723629,0.011004744460057614,0.017300780988874314,0.09117065611911294,0.053355973830542434,132
1,17,17,17,6,23,mse,42 21,0.014113599656729365,0.013221452720956702,0.018622179807545006,0.07464648623036954,0.04363919796704998,108
1,17,17,17,6,23,mred,41 21,0.013676665759839515,0.012901289694175887,0.021067609979855937,0.09667871274869408,0.06220815985159498,108
1,17,17,17,7,23,mse,83 42,0.011886155554652613,0.011414266476355218,0.016837126113279595,0.08566259948953181,0.051937358727222244,116
1,17,17,17,8,23,mse,166 84,0.011886155554652613,0.011414266476355218,0.016837126113279595,0.08566259948953181,0.051937358727222244,124
2,17,17,17,6,23,mse,51 34 24 18,0.010270826517982156,0.010889274853751556,0.011934066159284546,0.03664496232701889,0.027575798866903953,96
2,17,17,18,6,23,mse,51 34 24 18,0.012383103596418619,0.013273638881028726,0.014270146668867511,0.044878766067813596,0.03372535485511638,90
2,17,17,18,7,23,mse,102 68 49 37,0.0075392070900235815,0.007442434759006376,0.00956237020309882,0.04249161490258217,0.023326536359402888,97
2,17,17,18,8,23,mse,204 137 98 73,0.0066806923345965295,0.006538213262670567,0.008730725009926329,0.04249161490258217,0.022429078465904508,104
2,17,17,19,6,23,mse,52 34 25 18,0.01678652051365135,0.017123879132468843,0.01957727606747247,0.05841228873502636,0.0430009022497451,84
2,17,17,19,7,23,mse,103 69 49 37,0.009848855099981128,0.009544584968109223,0.012743413785103398,0.0624041481636693,0.03245939991638435,90
2,17,17,19,8,23,mse,206 138 98 74,0.009848855099981128,0.009544584968109223,0.012743413785103398,0.0624041481636693,0.03245939991638435,96
2,17,18,17,6,23,mse,51 34 24 18,0.010788314166606987,0.010562229795647986,0.01337577619744489,0.03489628783073722,0.027977544962992023,90
2,17,18,17,7,23,mse,101 68 48 36,0.009805887869334576,0.009862177478250297,0.011809161612066505,0.03592700306618802,0.026387029958916848,98
2,17,18,17,7,23,mred,101 68 49 36,0.009816648101230993,0.009783614112771238,0.011882837447290087,0.03592700306618802,0.025985909314682355,98
2,17,18,17,8,23,mse,202 135 97 73,0.0072250222705269925,0.006826333479888493,0.00954853528654097,0.03592700306618802,0.022045995044934825,106
2,17,18,18,6,23,mse,51 34 24 18,0.011406952974121934,0.01166083071043281,0.013702575291022933,0.04325611286691211,0.03201296165651542,84
2,17,18,18,7,23,mse,102 68 49 37,0.010029904813679436,0.009829852071735444,0.012578471697113056,0.03360168400507404,0.02799053799540795,91
2,17,18,18,8,23,mse,203 136 97 73,0.007920137981526066,0.007592574253212123,0.010394098348712206,0.03600501078580815,0.02538796113077625,98
2,17,18,19,6,23,mse,51 34 24 18,0.015927666536281217,0.016553882289570214,0.01875903603014476,0.062015796928345204,0.045325400097495167,78
2,17,18,19,6,23,mred,51 34 25 18,0.016132807791163002,0.01646716057389793,0.01924041185044361,0.05841228873502636,0.04423421400094146,78
2,17,18,19,7,23,mse,102 68 49 37,0.011468379475768498,0.011148478771146223,0.014858761808179752,0.054199390844000016,0.03860912642103162,84
2,17,18,19,7,23,mred,103 68 49 37,0.011499325623136589,0.011079476932928595,0.01490738341608469,0.04779712392892321,0.03644007754018133,84
2,17,18,19,8,23,mse,205 137 98 73,0.010602334260081095,0.010315761746528002,0.01384337236068638,0.04956311334813727,0.03534457671804871,90
2,17,19,17,6,23,mse,50 33 24 18,0.01340566032346164,0.012430079626200893,0.017582341576916762,0.04807718359835589,0.03741492871107781,84
2,17,19,17,7,23,mse,100 67 48 36,0.012239970930402487,0.011408134351673968,0.0158323134864146,0.039207651945988194,0.03256467091813719,92
2,17,19,17,8,23,mse,199 134 96 72,0.012198328920265926,0.011374054995814478,0.015756880978606946,0.04401161368625825,0.03245325223210318,100
2,17,19,18,6,23,mse,50 34 24 18,0.013806572960664204,0.013002326905600187,0.01797940350266938,0.05025124215350557,0.03840512038404151,78
2,17,19,18,7,23,mse,100 67 48 36,0.012897609403266749,0.0121562590828859,0.016632366869435627,0.05025124215350557,0.035005370519201114,85
2,17,19,18,8,23,mse,200 134 96 72,0.012897609403266749,0.0121562590828859,0.016632366869435627,0.05025124215350557,0.035005370519201114,92
2,17,19,19,6,23,mse,51 34 24 18,0.016001437536567888,0.015359206690275514,0.020849723432340723,0.05841228873502636,0.04646951199654191,72
2,17,19,19,7,23,mse,101 68 48 36,0.015465866392839119,0.014989294279359744,0.01973953558094526,0.06306180679422572,0.044076428423003335,78
2,17,19,19,7,23,mred,101 68 49 36,0.015518958986301554,0.01491198448925983,0.019873395016807512,0.06306180679422572,0.04263987591528639,78
2,17,19,19,8,23,mse,202 135 97 73,0.014074817863297066,0.01326351348682283,0.018476861937484095,0.06306180679422572,0.04320899162291066,84
2,18,17,17,6,23,mse,51 34 24 18,0.01380886011576601,0.014829308942956506,0.015985910506488968,0.05311256980860831,0.03885943161883668,90
2,18,17,17,6,23,mred,51 34 25 18,0.013859834765216789,0.014646165145226802,0.01630371151386008,0.05311256980860831,0.03768835599042101,90
2,18,17,17,7,23,mse,102 68 49 37,0.007991465686508162,0.007899022308159535,0.01021150077649255,0.04249161490258217,0.02718069174306771,98
2,18,17,17,8,23,mse,205 137 98 74,0.007578716547257513,0.007418074611876546,0.00962402613685318,0.03779794634818307,0.02306891783381607,106
2,18,17,18,6,23,mse,51 34 25 18,0.01541837220133745,0.016159684776719523,0.017766365258601105,0.06134637354940302,0.04147851612312029,84
2,18,17,18,7,23,mse,103 69 49 37,0.008268575713635741,0.00804050196789609,0.010677890844754723,0.04492683585227452,0.026956775160742737,91
2,18,17,18,8,23,mse,205 137 98 74,0.008083425051735905,0.008014626891051478,0.010400212049280535,0.04956311334813727,0.029284965091781624,98
2,18,17,18,8,23,mred,206 137 98 74,0.008120070565600764,0.007992672012650739,0.010461575361909966,0.04492683585227452,0.028124734725246812,98
2,18,17,19,6,23,mse,52 35 25 19,0.01596018534409204,0.015918743157744754,0.019239924292787806,0.057571345717724105,0.043075235236416896,78
2,18,17,19,7,23,mse,104 69 49 37,0.011393473189920147,0.011318028375038385,0.014573649297499712,0.059588389759893605,0.04051654725211219,84
2,18,17,19,8,23,mse,207 138 99 74,0.010702775705365548,0.010573052362548747,0.013847949485262469,0.062102252709465816,0.03828507421494014,90
2,18,17,19,8,23,mred,207 139 99 74,0.010767806243989243,0.010544046058553367,0.013927421037770055,0.062102252709465816,0.03722923463913191,90
2,18,18,17,6,23,mse,51 34 24 18,0.012454694906114741,0.012823786610110403,0.01487674627572066,0.04544663902901107,0.035517482982132705,84
2,18,18,17,7,23,mse,102 68 49 37,0.009992544785394608,0.009748588388822834,0.012628295384731264,0.04029055835641178,0.028039419576919113,92
2,18,18,17,8,23,mse,203 136 97 73,0.008683742467298465,0.008467723968395471,0.011168869885415513,0.04499501640368427,0.027510290031263648,100
2,18,18,19,6,23,mse,51 34 25 18,0.01779629275001658,0.018262265297073633,0.02119745225372029,0.07569497368469096,0.051240737804849244,72
2,18,18,19,6,23,mred,52 34 25 18,0.01803059174874059,0.018224167050359744,0.02160709758616611,0.06888135037977243,0.0492141010427538,72
2,18,18,19,7,23,mse,103 69 49 37,0.011926311513706541,0.01156628570017577,0.015415669077023256,0.06663315970120753,0.03919840309831117,78
2,18,18,19,8,23,mse,206 137 98 74,0.011846760195910312,0.01159016859511314,0.015345577500056953,0.06663315970120753,0.04081357600547619,84
2,18,18,19,8,23,mred,206 138 98 74,0.011926311513706541,0.01156628570017577,0.015415669077023256,0.06663315970120753,0.03919840309831117,84
2,18,19,17,6,23,mse,50 34 24 18,0.014139902636415323,0.013447639856224025,0.01820557621678847,0.04857533916996778,0.03954624631590586,78
2,18,19,17,7,23,mse,100 67 48 36,0.013432852053089273,0.012793561498731626,0.01716613164874132,0.04852480974800211,0.03760349403430073,86
2,18,19,17,8,23,mse,200 134 97 73,0.013226017277833606,0.012438562775868387,0.016994101568884954,0.04852480974800211,0.03588314460197876,94
2,18,19,18,6,23,mse,50 34 24 18,0.014758687981723227,0.014221389052790665,0.01884115229861621,0.062314305258900624,0.042443683516142784,72
2,18,19,18,7,23,mse,101 67 48 36,0.01463002499477608,0.014130388263778696,0.018510217467942666,0.05378656242329168,0.04075710736658275,79
2,18,19,18,8,23,mse,201 135 97 73,0.013139523512154305,0.01237023095816299,0.017009350892685147,0.05762587678519513,0.036375452431794235,86
2,18,19,19,6,23,mse,51 34 24 18,0.017550628265935123,0.017448431797070688,0.021900068845777148,0.07309704074118369,0.05190028200350923,66
2,18,19,19,7,23,mse,101 68 49 37,0.01618751852203366,0.015501408996431383,0.020703612397161276,0.07682162501435157,0.0470320447570037,72
2,18,19,19,7,23,mred,102 68 49 37,0.01620027709310907,0.015463189541536193,0.020815954433239373,0.06768124506399861,0.04603997259077908,72
2,18,19,19,8,23,mse,203 136 97 73,0.015178798489562283,0.014570001001811893,0.019702621517174217,0.0722514350391751,0.04683626451288208,78
2,19,17,17,6,23,mse,52 35 25 19,0.016551103049326586,0.016520184704493974,0.020139326841598103,0.05330127581574375,0.04475590063707118,84
2,19,17,17,7,23,mse,103 69 49 37,0.012565468980144672,0.012711550372333295,0.015538934626526488,0.0624041481636693,0.0436921048189288,92
2,19,17,17,7,23,mred,103 69 50 37,0.012646098046504357,0.012647313637840607,0.01570199914370634,0.0624041481636693,0.03966472039326509,92
2,19,17,17,8,23,mse,207 138 99 74,0.011966413931609248,0.011981233910368328,0.014788246222221232,0.057852711989706526,0.0382350535884497,100
2,19,17,18,6,23,mse,52 35 25 19,0.015270733324911212,0.015305976755978038,0.018688346449323982,0.057571345717724105,0.043042412847443055,78
2,19,17,18,7,23,mse,104 69 50 37,0.012992199031807296,0.013034889010917717,0.016206457853839333,0.05774869936610508,0.04268419501293908,85
2,19,17,18,8,23,mse,208 139 99 74,0.012599492469267854,0.01265429100531773,0.01564229633879699,0.05774869936610508,0.04130705835375612,92
2,19,17,19,6,23,mse,52 35 25 19,0.015639335626238288,0.015661722832840848,0.019707794132820245,0.0821711787945945,0.05199189929741371,72
2,19,17,19,7,23,mse,105 70 50 37,0.014802498295150408,0.014970793658712025,0.01863789591047108,0.07334590166761944,0.05140233328125067,78
2,19,17,19,8,23,mse,210 140 100 75,0.01420094295829161,0.014101545948142856,0.018069934975022045,0.07334590166761944,0.04829413984019157,84
2,19,18,17,6,23,mse,51 34 25 18,0.01788499181014254,0.018515323270437267,0.021521726333082473,0.07502936993757613,0.05494993515936763,78
2,19,18,17,7,23,mse,103 69 49 37,0.013191581697425216,0.01297392402590548,0.016516761845211347,0.052125076772799164,0.03858733644584868,86
2,19,18,17,8,23,mse,205 137 98 74,0.012906924648450321,0.012826805419889425,0.016102065934289745,0.05665100523502657,0.04044097487884395,94
2,19,18,18,6,23,mse,52 34 25 19,0.01867393069616221,0.0186904642901876,0.022825958578330988,0.06705114588120083,0.05233237820215374,72
2,19,18,18,7,23,mse,103 69 49 37,0.013550469997398524,0.013492841717450483,0.016963971843681168,0.06663315970120753,0.04493014649042612,79
2,19,18,18,8,23,mse,206 138 99 74,0.0132295227074785,0.013079733159282552,0.01665817483780086,0.06663315970120753,0.04308093483249655,86
2,19,18,19,6,23,mse,52 35 25 19,0.01743270822289521,0.01733548834990168,0.02167746865703075,0.0821711787945945,0.050175049838950395,66
2,19,18,19,7,23,mse,104 69 50 37,0.01546872265795627,0.015367623019969662,0.01962141021973643,0.0821711787945945,0.05202807602432298,72
2,19,18,19,7,23,mred,104 70 50 37,0.015564892391351396,0.015309815548694053,0.019822982665788958,0.0821711787945945,0.049405242878961975,72
2,19,18,19,8,23,mse,208 139 99 74,0.015014396136564277,0.01495130762629513,0.01905184934617342,0.0821711787945945,0.05109954624757338,78
2,19,18,19,8,23,mred,209 139 99 74,0.015018062887597633,0.014915214281198387,0.019121097873650142,0.07775854023110697,0.05000111034276447,78
2,19,19,17,6,23,mse,51 34 24 18,0.018631374689822035,0.018410302674432666,0.023323012432756075,0.06571918864282296,0.05438857870887375,72
2,19,19,17,7,23,mse,101 68 49 37,0.016483614883040523,0.015942770621016636,0.02087605876312341,0.06686483877749713,0.045711616982644955,80
2,19,19,17,8,23,mse,202 136 97 73,0.01595208253987196,0.015423334573005088,0.02035728177000625,0.06686483877749713,0.04653779121318029,88
2,19,19,17,8,23,mred,202 136 98 73,0.015991135356491205,0.015416572796660661,0.020450523597520826,0.06686483877749713,0.04552382687050556,88
2,19,19,18,6,23,mse,51 34 24 18,0.01937011745610146,0.01944388545752153,0.023803281858411223,0.07333535920568351,0.05825256227507541,66
2,19,19,18,7,23,mse,102 68 49 37,0.0166063038138857,0.015997587594102546,0.02123373445111524,0.07169116220631162,0.04726508748092994,73
2,19,19,18,8,23,mse,203 136 98 73,0.016295843019117677,0.01579581572422667,0.02082466562157156,0.07624169572490813,0.048661867114296924,80
2,19,19,19,7,23,mse,103 69 49 37,0.017687927082995197,0.017092436534598212,0.0228395639280246,0.09099645592156955,0.054533393551594936,66
2,19,19,19,8,23,mse,205 137 98 74,0.017321377273461027,0.016823379057461188,0.02225437463656586,0.09540909448505708,0.05403949709464445,72
3,17,17,18,6,23,mse,57 46 37 31 26 23 20 17,0.011574416388345174,0.011876882188665802,0.013551262179228349,0.036528920697733086,0.02987509716424907,78
3,17,17,18,7,23,mse,114 91 75 62 53 45 39 34,0.0071493972329108755,0.0072265571073890575,0.008871228310742673,0.03210889218724223,0.02260205988490831,85
3,17,17,18,7,23,mred,114 92 75 62 53 45 39 34,0.007133472908316478,0.007145280149405857,0.008909808840154713,0.030762415244171126,0.022099390173980188,85
3,17,17,18,8,23,mse,229 183 150 125 106 91 78 69,0.006492332131809156,0.006325419044081933,0.008149135671692764,0.02679080917728202,0.017971354644551407,92
3,17,17,19,7,23,mse,115 92 75 63 53 46 39 34,0.011183715392659799,0.011307014428975849,0.013713539984818526,0.046563169086108434,0.03427674998875416,78
3,17,17,19,7,23,mred,116 92 76 63 53 46 39 34,0.011286611017857169,0.011245543033527445,0.013938132148474522,0.046563169086108434,0.03161510057594773,78
3,17,17,19,8,23,mse,231 185 151 126 106 91 79 69,0.009300086939091179,0.008963523426693501,0.012029581981770768,0.04138144717896772,0.028992566330421812,84
3,17,18,17,6,23,mse,56 45 37 31 26 22 19 17,0.011094662843200999,0.011253322517414989,0.01387690569808994,0.04142413465259593,0.03463287255386396,78
3,17,18,17,7,23,mse,113 90 74 62 52 45 39 34,0.0071435009845562366,0.00679487293852801,0.009288991556320531,0.030472558953408318,0.02080178879324087,86
3,17,18,17,8,23,mse,226 181 148 124 105 90 78 68,0.006747886307835366,0.006377688293880721,0.0087197717853415,0.02661795910941838,0.018568503021791683,94
3,17,18,18,6,23,mse,57 45 37 31 26 23 20 17,0.012269080390019456,0.01241581569542495,0.015314276829857436,0.0431295450203265,0.03549471341506554,72
3,17,18,18,7,23,mse,113 91 74 62 53 45 39 34,0.008310639936281831,0.007946787416273329,0.010803938559504752,0.03457973603992776,0.025457558145162516,79
3,17,18,18,7,23,mred,114 91 74 62 53 45 39 34,0.00827840935952307,0.007906227436865688,0.010855998353398498,0.03457973603992776,0.024880835951430414,79
3,17,18,18,8,23,mse,227 182 149 124 105 90 78 68,0.007660789697093621,0.007367804686698558,0.009868749067665937,0.03210889218724223,0.02260205988490831,86
3,17,18,19,7,23,mse,115 92 75 62 53 45 39 34,0.011328703484088444,0.011106631944614915,0.014444940647135394,0.046563169086108434,0.03414753952981667,72
3,17,18,19,8,23,mse,229 183 150 125 106 91 78 69,0.010607712269182376,0.010236340091460249,0.013697834562690725,0.051744890993249144,0.03292311426794293,78
3,17,18,19,8,23,mred,229 183 150 125 106 91 79 69,0.010615358029319406,0.010178519185387268,0.013719182737421254,0.051744890993249144,0.03280319789330996,78
3,17,19,17,6,23,mse,56 45 37 31 26 22 19 17,0.014285960841823991,0.013557753269392028,0.018333339366339997,0.04289277234147751,0.03653671186496933,72
3,17,19,17,7,23,mse,111 89 73 61 52 44 39 34,0.012814227072943914,0.012081861011294614,0.0162554236461469,0.04384595983314549,0.03196895563127154,80
3,17,19,17,7,23,mred,111 89 73 61 52 45 39 34,0.012820312220232284,0.01207815675062057,0.016274854025183635,0.04384595983314549,0.031529169149624954,80
3,17,19,17,8,23,mse,223 179 147 122 104 89 77 68,0.012122270047581627,0.011329681439780435,0.015486430668903506,0.03953895965221371,0.029617237601382476,88
3,17,19,17,8,23,mred,222 179 146 122 104 89 77 68,0.012127773036709127,0.011318100252713556,0.015539589173449277,0.04384595983314549,0.030338627257945498,88
3,17,19,18,6,23,mse,56 45 37 31 26 22 19 17,0.01429355771212601,0.013752665053532537,0.01807951133295467,0.04558282745019179,0.038861524281459225,66
3,17,19,18,7,23,mse,112 90 74 61 52 45 39 34,0.01298643455867643,0.012179725648531817,0.01671959206413767,0.04199353278101053,0.03407521109550492,73
3,17,19,18,8,23,mse,224 179 147 123 104 89 77 68,0.012509473916115909,0.01175539828493937,0.016032694352367777,0.04540636210327816,0.03302539183279683,80
3,17,19,19,7,23,mse,113 90 74 62 52 45 39 34,0.01404702238060061,0.013303463168637189,0.018406831122727466,0.058005069245251575,0.04299240221711334,66
3,17,19,19,8,23,mse,226 181 148 123 105 90 78 68,0.013876373416716268,0.013107645725245004,0.018204404732660648,0.058005069245251575,0.04081566494310958,72
3,17,19,19,8,23,mred,226 181 148 124 105 90 78 68,0.013837157840404062,0.013055851598911036,0.018204718571742773,0.058005069245251575,0.04081566494310958,72
3,18,17,17,6,23,mse,57 46 37 31 26 23 20 17,0.01222833263160263,0.012557075852795578,0.014292665201125128,0.04272227488437348,0.032144420346848585,78
3,18,17,17,6,23,mred,57 46 38 31 26 23 20 17,0.012250179558920372,0.012443151920335661,0.01444130711066807,0.04272227488437348,0.031395541584000757,78
3,18,17,17,7,23,mse,114 92 75 62 53 45 39 34,0.008270563191046021,0.008493980825480411,0.010131477015181476,0.03573009524470836,0.026847904722175103,86
3,18,17,17,7,23,mred,114 92 75 63 53 45 39 34,0.008303877754671361,0.008442793799811126,0.010208382780557424,0.03573009524470836,0.026032687886810926,86
3,18,17,17,8,23,mse,229 183 150 125 106 91 79 69,0.006704228373195746,0.006630446954209022,0.008429484341966881,0.032136114886471154,0.020332259748848357,94
3,18,17,18,6,23,mse,57 46 38 31 27 23 20 17,0.012532449905053322,0.01255110444666331,0.01493007668284961,0.0446515491473013,0.033925981253529185,72
3,18,17,18,6,23,mred,58 46 38 31 27 23 20 17,0.01257505190074136,0.012517458454538298,0.01511573945613894,0.0446515491473013,0.03306707419282328,72
3,18,17,18,7,23,mse,115 92 75 63 53 45 39 34,0.0093824785207043,0.009770775307126,0.011387019634844604,0.04205767013451863,0.03150346260015003,79
3,18,17,18,7,23,mred,115 92 75 63 53 46 39 34,0.009383695681865657,0.009661652785436342,0.011454235332441163,0.04205767013451863,0.031103654839825638,79
3,18,17,18,8,23,mse,230 184 151 125 106 91 79 69,0.007561339022903915,0.007455984633533454,0.0096410851759349,0.03694712615655373,0.02666370363507283,86
3,18,17,19,7,23,mse,116 93 76 63 53 46 40 35,0.011503789822747048,0.011328199543661537,0.014409826774905553,0.049897113736746455,0.03469081790164996,72
3,18,17,19,8,23,mse,232 185 152 126 107 92 79 69,0.01050874478242248,0.010346107917866817,0.01347179895538604,0.05273234629399841,0.03451229963863154,78
3,18,17,19,8,23,mred,232 186 152 126 107 92 79 69,0.010545672754756475,0.010341550137577891,0.013555812449358098,0.049897113736746455,0.033784250457342284,78
3,18,18,17,6,23,mse,57 45 37 31 26 23 20 17,0.012712546488922484,0.012859464699388295,0.015519390819635746,0.044055944924101226,0.03622788986430708,72
3,18,18,17,7,23,mse,113 91 74 62 53 45 39 34,0.008894828985405294,0.008712331979153814,0.01134580404410817,0.03639398328766501,0.027944293272716365,80
3,18,18,17,7,23,mred,113 91 75 62 53 45 39 34,0.008899102875738687,0.008671257856564956,0.011350356380591469,0.036370064533846,0.026432383615056954,80
3,18,18,17,8,23,mse,227 182 149 124 105 90 78 69,0.008357521382362612,0.00818843576690148,0.010549102816979078,0.0334343443121468,0.024254041794232697,88
3,18,18,19,7,23,mse,115 92 75 63 53 46 39 34,0.012588485945642462,0.012680641769038343,0.015609906250382007,0.05650885598639263,0.0386845435363027,66
3,18,18,19,8,23,mse,230 184 151 125 106 91 79 69,0.01120609053240067,0.01092343733630095,0.01433807105187006,0.05650885598639263,0.03479837324081743,72
3,18,18,19,8,23,mred,231 184 151 126 106 91 79 69,0.01125360976094062,0.010899640486211464,0.01445985060281547,0.05650885598639263,0.0340489726034545,72
3,18,19,17,6,23,mse,56 45 37 31 26 22 19 17,0.014748975233376047,0.01430438423877994,0.018465478414336416,0.051700886248588,0.04025281049206145,66
3,18,19,17,7,23,mse,112 90 74 61 52 45 39 34,0.013076322054637646,0.012291548304535129,0.016856588815997185,0.04199353278101053,0.03512591547685359,74
3,18,19,17,8,23,mse,224 179 147 123 104 89 78 68,0.012794209345681793,0.012030786830242036,0.016383006622864026,0.04540636210327816,0.03381049590086081,82
3,18,19,17,8,23,mred,224 180 147 123 104 89 78 68,0.012798527968944578,0.012027042481140927,0.01646022983078875,0.04282606479649333,0.03404565573336322,82
3,18,19,18,6,23,mse,56 45 37 31 26 22 19 17,0.015503312596965697,0.015218520949794286,0.019278407801760426,0.057818945046984205,0.044009719220095556,60
3,18,19,18,7,23,mse,112 90 74 62 52 45 39 34,0.013341384854608654,0.012597004234507755,0.01719851987710279,0.047263730534640204,0.03681291043352754,67
3,18,19,18,8,23,mse,225 180 148 123 105 90 78 68,0.013137951862836903,0.01238670840679965,0.01684316040114066,0.04667688525119254,0.03503345283277087,74
3,18,19,19,7,23,mse,113 91 74 62 53 45 39 34,0.015029278820493071,0.014442719009567107,0.019510014568637823,0.06028534374044634,0.045588621809382564,60
3,18,19,19,8,23,mse,227 181 149 124 105 90 78 68,0.014785684545295632,0.014259679691714548,0.01908567057114208,0.054607233687421056,0.04488411582190771,66
3,18,19,19,8,23,mred,227 182 149 124 105 90 78 68,0.014745229516178555,0.014218066168309786,0.019094224642451713,0.054607233687421056,0.044669174181227664,66
3,19,17,17,6,23,mse,58 46 38 32 27 23 20 17,0.014037064060929753,0.014211992776336092,0.017214460586505276,0.06683557604326616,0.044887129059504406,72
3,19,17,17,7,23,mse,115 93 76 63 53 46 40 35,0.012428557888901133,0.012458802967732463,0.01517819422191476,0.049667447202764385,0.03659549485606751,80
3,19,17,17,7,23,mred,115 92 76 63 54 46 40 35,0.012351752028811152,0.012354752564267522,0.015238496800731558,0.057852711989706526,0.03543044177434437,80
3,19,17,17,8,23,mse,231 185 152 126 107 92 79 69,0.011757164337735953,0.011839422964954603,0.014348092851520272,0.05311256980860831,0.03843357706442441,88
3,19,17,18,6,23,mse,58 46 38 32 27 23 20 17,0.014380215940543326,0.01465722934699288,0.017771559451129196,0.07230084300523859,0.04930981313021295,66
3,19,17,18,6,23,mred,58 47 38 32 27 23 20 17,0.014472737263110227,0.014629171758543086,0.01785377399543003,0.07230084300523859,0.047121568012324255,66
3,19,17,18,7,23,mse,116 93 76 63 54 46 40 35,0.012403634400058653,0.01241805129745007,0.015314956090675435,0.051907711978046965,0.0383950584974458,73
3,19,17,18,8,23,mse,232 186 152 126 107 92 80 70,0.012356713639537586,0.012410714443980474,0.015220796665304978,0.051907711978046965,0.03895962969170351,80
3,19,17,18,8,23,mred,232 186 152 127 107 92 80 70,0.012371601588629901,0.012376933668591522,0.0152557635611668,0.051907711978046965,0.03799487130536498,80
3,19,17,19,7,23,mse,117 94 77 64 54 46 40 35,0.014281049399963278,0.01412018769154457,0.018164568246408302,0.06856888055600908,0.04652988238773989,66
3,19,17,19,8,23,mse,234 188 153 127 108 92 80 70,0.014224469859145716,0.014166144235180906,0.01805529824616519,0.06856888055600908,0.048939994880381164,72
3,19,17,19,8,23,mred,235 188 154 128 108 92 80 70,0.01427546637582499,0.014094994630905721,0.01818464052152807,0.06458840568659033,0.04612123630401936,72
3,19,18,17,6,23,mse,57 46 38 31 27 23 20 17,0.015312035585416618,0.015341158545045228,0.018819458682566476,0.06457001669694891,0.043903082753774546,66
3,19,18,17,7,23,mse,115 92 75 63 53 46 39 35,0.013668782783586901,0.013684643409348163,0.01687999361029036,0.05958265589481169,0.03888559900732099,74
3,19,18,17,8,23,mse,229 184 151 125 106 91 79 69,0.012594271961922946,0.012514902401641796,0.01560387608288507,0.050813693413080514,0.03800418729012728,82
3,19,18,17,8,23,mred,229 184 151 125 107 91 79 69,0.01259962693001052,0.012481647520190486,0.015687129329761008,0.050813693413080514,0.037268737297563394,82
3,19,18,18,6,23,mse,58 46 38 31 27 23 20 17,0.015348677874700192,0.015482641418624283,0.01898473203481018,0.07230084300523859,0.04805035405324009,60
3,19,18,18,7,23,mse,115 92 76 63 53 46 40 35,0.013806646250658132,0.013722447283101626,0.017063178977461974,0.062102252709465816,0.03933280381962238,67
3,19,18,18,8,23,mse,230 184 151 126 107 91 79 69,0.012976765596193485,0.012940139705098833,0.01619663860187358,0.062102252709465816,0.04167379130462928,74
3,19,18,18,8,23,mred,231 185 151 126 107 91 79 69,0.012995400200686898,0.01293126020568992,0.016260604428897433,0.05865820834355093,0.041100923856937845,74
3,19,18,19,7,23,mse,117 93 76 63 54 46 40 35,0.014856059816997459,0.014696938491959449,0.018800941456318433,0.06208215781453194,0.047240693328898443,60
3,19,18,19,8,23,mse,233 186 152 127 107 92 80 69,0.014763497311452864,0.014719650623775418,0.01860251744722941,0.06208215781453194,0.04953560439965224,66
3,19,18,19,8,23,mred,233 187 152 127 108 92 80 70,0.014839316945928892,0.014612262832474927,0.018780085700969507,0.059980161909662655,0.04610851470092538,66
3,19,19,17,6,23,mse,56 45 37 31 26 23 20 17,0.018395526503965757,0.018090947096056034,0.023040081884732076,0.06634130757051483,0.05355960365493441,60
3,19,19,17,7,23,mse,113 91 74 62 53 45 39 34,0.015993850520516172,0.015452074641313342,0.020426547065125825,0.058005069245251575,0.0459420526836331,68
3,19,19,17,8,23,mse,226 181 149 124 105 90 78 69,0.015753519572634975,0.01520966534722892,0.020075855522443207,0.058005069245251575,0.04481261264883829,76
3,19,19,18,6,23,mse,57 45 37 31 26 23 20 17,0.0187900797925106,0.01842683747442147,0.023479876374096497,0.06369456874777442,0.0542862714641561,54
3,19,19,18,6,23,mred,57 46 37 31 26 23 20 17,0.018835494557101037,0.018420169423171547,0.02363022757282625,0.06369456874777442,0.05442627640084338,54
3,19,19,18,7,23,mse,113 91 75 62 53 45 39 34,0.01634778528305359,0.01589288547325601,0.020851721537334833,0.060719283080531164,0.04919539703984254,61
3,19,19,18,8,23,mse,227 182 149 124 106 90 79 69,0.01613242697673554,0.015574029694851155,0.020556760809555492,0.05773993269605299,0.04548475113658097,68
3,19,19,19,7,23,mse,115 92 75 62 53 46 39 34,0.018246057528308064,0.018001941935593103,0.023030460077686984,0.07562850080941162,0.05728677357247219,54
3,19,19,19,7,23,mred,114 92 75 62 53 46 40 34,0.018240521261726025,0.01786205672706371,0.023131247430737772,0.0741207812664826,0.05515668824542255,54
3,19,19,19,8,23,mse,229 184 150 125 106 91 79 69,0.01720911789476288,0.016679988758332258,0.021967766278855196,0.06983510727923956,0.05130862280756088,60
3,19,19,19,8,23,mred,229 184 151 125 106 91 79 69,0.01719138633446713,0.01664525082700355,0.021998051035093103,0.06665401337347036,0.05130862280756088,60
