 
****************************************
Report : timing
        -path full
        -delay max
        -max_paths 20
Design : oadm_fixed_l3_div_opt_best2
Version: U-2022.12-SP7
Date   : Thu Aug 20 18:07:34 2026
****************************************

Operating Conditions: NCCOM   Library: tcbn65gplustc_ccs
Wire Load Model Mode: segmented

  Startpoint: y[21] (input port clocked by vclk)
  Endpoint: result[21] (output port clocked by vclk)
  Path Group: vclk
  Path Type: max

  Des/Clust/Port     Wire Load Model       Library
  ------------------------------------------------
  oadm_fixed_l3_div_opt_best2 ZeroWireload tcbn65gplustc_ccs

  Point                                     Incr       Path
  ------------------------------------------------------------
  clock vclk (rise edge)                    0.00       0.00
  clock network delay (ideal)               0.00       0.00
  input external delay                      0.02       0.02 r
  y[21] (in)                                0.01       0.03 r
  U295/Z (BUFFD0)                           0.10       0.13 r
  U320/ZN (INVD0)                           0.11       0.24 f
  U321/ZN (CKND2D0)                         0.05       0.29 r
  U334/ZN (INVD0)                           0.03       0.33 f
  U336/ZN (NR2D0)                           0.13       0.46 r
  U753/ZN (NR2XD0)                          0.13       0.59 f
  U754/ZN (AOI22D0)                         0.07       0.66 r
  U757/ZN (OAI211D0)                        0.05       0.72 f
  U758/ZN (CKND2D0)                         0.05       0.77 r
  U871/Z (OA21D0)                           0.05       0.82 r
  U872/ZN (MAOI222D0)                       0.05       0.87 f
  intadd_1_U25/CO (FA1D0)                   0.09       0.96 f
  intadd_1_U24/CO (FA1D0)                   0.06       1.02 f
  intadd_1_U23/CO (FA1D0)                   0.06       1.07 f
  intadd_1_U22/CO (FA1D0)                   0.06       1.13 f
  intadd_1_U21/CO (FA1D0)                   0.06       1.18 f
  intadd_1_U20/CO (FA1D0)                   0.06       1.24 f
  intadd_1_U19/CO (FA1D0)                   0.06       1.29 f
  intadd_1_U18/CO (FA1D0)                   0.06       1.35 f
  intadd_1_U17/CO (FA1D0)                   0.06       1.40 f
  intadd_1_U16/CO (FA1D0)                   0.06       1.46 f
  intadd_1_U15/CO (FA1D0)                   0.06       1.52 f
  intadd_1_U14/CO (FA1D0)                   0.06       1.57 f
  intadd_1_U13/CO (FA1D0)                   0.06       1.63 f
  intadd_1_U12/CO (FA1D0)                   0.06       1.68 f
  intadd_1_U11/CO (FA1D0)                   0.06       1.74 f
  intadd_1_U10/CO (FA1D0)                   0.06       1.79 f
  intadd_1_U9/CO (FA1D0)                    0.06       1.85 f
  intadd_1_U8/CO (FA1D0)                    0.06       1.90 f
  intadd_1_U7/CO (FA1D0)                    0.06       1.96 f
  intadd_1_U6/CO (FA1D0)                    0.06       2.01 f
  intadd_1_U5/CO (FA1D0)                    0.06       2.07 f
  intadd_1_U4/CO (FA1D0)                    0.06       2.12 f
  intadd_1_U3/S (FA1D0)                     0.05       2.18 f
  U301/ZN (INVD0)                           0.02       2.20 r
  U302/ZN (NR2D0)                           0.02       2.22 f
  U1136/ZN (AOI21D0)                        0.06       2.29 r
  U1138/S (FA1D0)                           0.11       2.40 f
  intadd_2_U3/CO (FA1D0)                    0.10       2.50 f
  intadd_2_U2/CO (FA1D0)                    0.06       2.56 f
  U318/ZN (XNR3D0)                          0.14       2.70 r
  U319/ZN (INVD0)                           0.04       2.74 f
  U539/ZN (OAI221D0)                        0.06       2.80 r
  DP_OP_48J1_122_5734_U61/S (CMPE42D1)      0.13       2.94 f
  U683/ZN (INVD0)                           0.02       2.96 r
  intadd_3_U5/CO (FA1D0)                    0.09       3.05 r
  intadd_3_U4/CO (FA1D0)                    0.05       3.10 r
  intadd_3_U3/CO (FA1D0)                    0.05       3.15 r
  intadd_3_U2/CO (FA1D0)                    0.05       3.20 r
  U470/ZN (XNR3D0)                          0.11       3.31 f
  U484/ZN (NR2D0)                           0.05       3.37 r
  U485/ZN (INVD0)                           0.03       3.40 f
  U663/Z (OR2D0)                            0.05       3.45 f
  DP_OP_52J1_123_4544_U19/CO (FA1D0)        0.10       3.55 f
  U459/Z (OR2D0)                            0.05       3.60 f
  U460/Z (OR2D0)                            0.05       3.65 f
  U461/Z (OR2D0)                            0.06       3.71 f
  U462/Z (OR2D0)                            0.06       3.76 f
  U463/Z (OR2D0)                            0.06       3.82 f
  U500/Z (OR2D0)                            0.06       3.88 f
  U661/Z (OR2D0)                            0.05       3.93 f
  DP_OP_52J1_123_4544_U4/S (HA1D0)          0.05       3.98 r
  U505/ZN (INVD0)                           0.01       4.00 f
  U507/ZN (AOI21D0)                         0.04       4.04 r
  U519/ZN (OAI211D0)                        0.06       4.10 f
  U531/ZN (NR3D0)                           0.06       4.16 r
  U532/ZN (CKND2D0)                         0.17       4.34 f
  U548/ZN (OAI222D0)                        0.14       4.48 r
  result[21] (out)                          0.00       4.48 r
  data arrival time                                    4.48

  clock vclk (rise edge)                   10.00      10.00
  clock network delay (ideal)               0.00      10.00
  output external delay                    -0.02       9.98
  data required time                                   9.98
  ------------------------------------------------------------
  data required time                                   9.98
  data arrival time                                   -4.48
  ------------------------------------------------------------
  slack (MET)                                          5.50


  Startpoint: y[21] (input port clocked by vclk)
  Endpoint: result[20] (output port clocked by vclk)
  Path Group: vclk
  Path Type: max

  Des/Clust/Port     Wire Load Model       Library
  ------------------------------------------------
  oadm_fixed_l3_div_opt_best2 ZeroWireload tcbn65gplustc_ccs

  Point                                     Incr       Path
  ------------------------------------------------------------
  clock vclk (rise edge)                    0.00       0.00
  clock network delay (ideal)               0.00       0.00
  input external delay                      0.02       0.02 r
  y[21] (in)                                0.01       0.03 r
  U295/Z (BUFFD0)                           0.10       0.13 r
  U320/ZN (INVD0)                           0.11       0.24 f
  U321/ZN (CKND2D0)                         0.05       0.29 r
  U334/ZN (INVD0)                           0.03       0.33 f
  U336/ZN (NR2D0)                           0.13       0.46 r
  U753/ZN (NR2XD0)                          0.13       0.59 f
  U754/ZN (AOI22D0)                         0.07       0.66 r
  U757/ZN (OAI211D0)                        0.05       0.72 f
  U758/ZN (CKND2D0)                         0.05       0.77 r
  U871/Z (OA21D0)                           0.05       0.82 r
  U872/ZN (MAOI222D0)                       0.05       0.87 f
  intadd_1_U25/CO (FA1D0)                   0.09       0.96 f
  intadd_1_U24/CO (FA1D0)                   0.06       1.02 f
  intadd_1_U23/CO (FA1D0)                   0.06       1.07 f
  intadd_1_U22/CO (FA1D0)                   0.06       1.13 f
  intadd_1_U21/CO (FA1D0)                   0.06       1.18 f
  intadd_1_U20/CO (FA1D0)                   0.06       1.24 f
  intadd_1_U19/CO (FA1D0)                   0.06       1.29 f
  intadd_1_U18/CO (FA1D0)                   0.06       1.35 f
  intadd_1_U17/CO (FA1D0)                   0.06       1.40 f
  intadd_1_U16/CO (FA1D0)                   0.06       1.46 f
  intadd_1_U15/CO (FA1D0)                   0.06       1.52 f
  intadd_1_U14/CO (FA1D0)                   0.06       1.57 f
  intadd_1_U13/CO (FA1D0)                   0.06       1.63 f
  intadd_1_U12/CO (FA1D0)                   0.06       1.68 f
  intadd_1_U11/CO (FA1D0)                   0.06       1.74 f
  intadd_1_U10/CO (FA1D0)                   0.06       1.79 f
  intadd_1_U9/CO (FA1D0)                    0.06       1.85 f
  intadd_1_U8/CO (FA1D0)                    0.06       1.90 f
  intadd_1_U7/CO (FA1D0)                    0.06       1.96 f
  intadd_1_U6/CO (FA1D0)                    0.06       2.01 f
  intadd_1_U5/CO (FA1D0)                    0.06       2.07 f
  intadd_1_U4/CO (FA1D0)                    0.06       2.12 f
  intadd_1_U3/S (FA1D0)                     0.05       2.18 f
  U301/ZN (INVD0)                           0.02       2.20 r
  U302/ZN (NR2D0)                           0.02       2.22 f
  U1136/ZN (AOI21D0)                        0.06       2.29 r
  U1138/S (FA1D0)                           0.11       2.40 f
  intadd_2_U3/CO (FA1D0)                    0.10       2.50 f
  intadd_2_U2/CO (FA1D0)                    0.06       2.56 f
  U318/ZN (XNR3D0)                          0.14       2.70 r
  U319/ZN (INVD0)                           0.04       2.74 f
  U539/ZN (OAI221D0)                        0.06       2.80 r
  DP_OP_48J1_122_5734_U61/S (CMPE42D1)      0.13       2.94 f
  U683/ZN (INVD0)                           0.02       2.96 r
  intadd_3_U5/CO (FA1D0)                    0.09       3.05 r
  intadd_3_U4/CO (FA1D0)                    0.05       3.10 r
  intadd_3_U3/CO (FA1D0)                    0.05       3.15 r
  intadd_3_U2/CO (FA1D0)                    0.05       3.20 r
  U470/ZN (XNR3D0)                          0.11       3.31 f
  U484/ZN (NR2D0)                           0.05       3.37 r
  U485/ZN (INVD0)                           0.03       3.40 f
  U663/Z (OR2D0)                            0.05       3.45 f
  DP_OP_52J1_123_4544_U19/CO (FA1D0)        0.10       3.55 f
  U459/Z (OR2D0)                            0.05       3.60 f
  U460/Z (OR2D0)                            0.05       3.65 f
  U461/Z (OR2D0)                            0.06       3.71 f
  U462/Z (OR2D0)                            0.06       3.76 f
  U463/Z (OR2D0)                            0.06       3.82 f
  U500/Z (OR2D0)                            0.06       3.88 f
  U661/Z (OR2D0)                            0.05       3.93 f
  DP_OP_52J1_123_4544_U4/S (HA1D0)          0.05       3.98 r
  U505/ZN (INVD0)                           0.01       4.00 f
  U507/ZN (AOI21D0)                         0.04       4.04 r
  U519/ZN (OAI211D0)                        0.06       4.10 f
  U531/ZN (NR3D0)                           0.06       4.16 r
  U532/ZN (CKND2D0)                         0.17       4.34 f
  U547/ZN (OAI222D0)                        0.14       4.48 r
  result[20] (out)                          0.00       4.48 r
  data arrival time                                    4.48

  clock vclk (rise edge)                   10.00      10.00
  clock network delay (ideal)               0.00      10.00
  output external delay                    -0.02       9.98
  data required time                                   9.98
  ------------------------------------------------------------
  data required time                                   9.98
  data arrival time                                   -4.48
  ------------------------------------------------------------
  slack (MET)                                          5.50


  Startpoint: y[21] (input port clocked by vclk)
  Endpoint: result[19] (output port clocked by vclk)
  Path Group: vclk
  Path Type: max

  Des/Clust/Port     Wire Load Model       Library
  ------------------------------------------------
  oadm_fixed_l3_div_opt_best2 ZeroWireload tcbn65gplustc_ccs

  Point                                     Incr       Path
  ------------------------------------------------------------
  clock vclk (rise edge)                    0.00       0.00
  clock network delay (ideal)               0.00       0.00
  input external delay                      0.02       0.02 r
  y[21] (in)                                0.01       0.03 r
  U295/Z (BUFFD0)                           0.10       0.13 r
  U320/ZN (INVD0)                           0.11       0.24 f
  U321/ZN (CKND2D0)                         0.05       0.29 r
  U334/ZN (INVD0)                           0.03       0.33 f
  U336/ZN (NR2D0)                           0.13       0.46 r
  U753/ZN (NR2XD0)                          0.13       0.59 f
  U754/ZN (AOI22D0)                         0.07       0.66 r
  U757/ZN (OAI211D0)                        0.05       0.72 f
  U758/ZN (CKND2D0)                         0.05       0.77 r
  U871/Z (OA21D0)                           0.05       0.82 r
  U872/ZN (MAOI222D0)                       0.05       0.87 f
  intadd_1_U25/CO (FA1D0)                   0.09       0.96 f
  intadd_1_U24/CO (FA1D0)                   0.06       1.02 f
  intadd_1_U23/CO (FA1D0)                   0.06       1.07 f
  intadd_1_U22/CO (FA1D0)                   0.06       1.13 f
  intadd_1_U21/CO (FA1D0)                   0.06       1.18 f
  intadd_1_U20/CO (FA1D0)                   0.06       1.24 f
  intadd_1_U19/CO (FA1D0)                   0.06       1.29 f
  intadd_1_U18/CO (FA1D0)                   0.06       1.35 f
  intadd_1_U17/CO (FA1D0)                   0.06       1.40 f
  intadd_1_U16/CO (FA1D0)                   0.06       1.46 f
  intadd_1_U15/CO (FA1D0)                   0.06       1.52 f
  intadd_1_U14/CO (FA1D0)                   0.06       1.57 f
  intadd_1_U13/CO (FA1D0)                   0.06       1.63 f
  intadd_1_U12/CO (FA1D0)                   0.06       1.68 f
  intadd_1_U11/CO (FA1D0)                   0.06       1.74 f
  intadd_1_U10/CO (FA1D0)                   0.06       1.79 f
  intadd_1_U9/CO (FA1D0)                    0.06       1.85 f
  intadd_1_U8/CO (FA1D0)                    0.06       1.90 f
  intadd_1_U7/CO (FA1D0)                    0.06       1.96 f
  intadd_1_U6/CO (FA1D0)                    0.06       2.01 f
  intadd_1_U5/CO (FA1D0)                    0.06       2.07 f
  intadd_1_U4/CO (FA1D0)                    0.06       2.12 f
  intadd_1_U3/S (FA1D0)                     0.05       2.18 f
  U301/ZN (INVD0)                           0.02       2.20 r
  U302/ZN (NR2D0)                           0.02       2.22 f
  U1136/ZN (AOI21D0)                        0.06       2.29 r
  U1138/S (FA1D0)                           0.11       2.40 f
  intadd_2_U3/CO (FA1D0)                    0.10       2.50 f
  intadd_2_U2/CO (FA1D0)                    0.06       2.56 f
  U318/ZN (XNR3D0)                          0.14       2.70 r
  U319/ZN (INVD0)                           0.04       2.74 f
  U539/ZN (OAI221D0)                        0.06       2.80 r
  DP_OP_48J1_122_5734_U61/S (CMPE42D1)      0.13       2.94 f
  U683/ZN (INVD0)                           0.02       2.96 r
  intadd_3_U5/CO (FA1D0)                    0.09       3.05 r
  intadd_3_U4/CO (FA1D0)                    0.05       3.10 r
  intadd_3_U3/CO (FA1D0)                    0.05       3.15 r
  intadd_3_U2/CO (FA1D0)                    0.05       3.20 r
  U470/ZN (XNR3D0)                          0.11       3.31 f
  U484/ZN (NR2D0)                           0.05       3.37 r
  U485/ZN (INVD0)                           0.03       3.40 f
  U663/Z (OR2D0)                            0.05       3.45 f
  DP_OP_52J1_123_4544_U19/CO (FA1D0)        0.10       3.55 f
  U459/Z (OR2D0)                            0.05       3.60 f
  U460/Z (OR2D0)                            0.05       3.65 f
  U461/Z (OR2D0)                            0.06       3.71 f
  U462/Z (OR2D0)                            0.06       3.76 f
  U463/Z (OR2D0)                            0.06       3.82 f
  U500/Z (OR2D0)                            0.06       3.88 f
  U661/Z (OR2D0)                            0.05       3.93 f
  DP_OP_52J1_123_4544_U4/S (HA1D0)          0.05       3.98 r
  U505/ZN (INVD0)                           0.01       4.00 f
  U507/ZN (AOI21D0)                         0.04       4.04 r
  U519/ZN (OAI211D0)                        0.06       4.10 f
  U531/ZN (NR3D0)                           0.06       4.16 r
  U532/ZN (CKND2D0)                         0.17       4.34 f
  U546/ZN (OAI222D0)                        0.14       4.48 r
  result[19] (out)                          0.00       4.48 r
  data arrival time                                    4.48

  clock vclk (rise edge)                   10.00      10.00
  clock network delay (ideal)               0.00      10.00
  output external delay                    -0.02       9.98
  data required time                                   9.98
  ------------------------------------------------------------
  data required time                                   9.98
  data arrival time                                   -4.48
  ------------------------------------------------------------
  slack (MET)                                          5.50


  Startpoint: y[21] (input port clocked by vclk)
  Endpoint: result[18] (output port clocked by vclk)
  Path Group: vclk
  Path Type: max

  Des/Clust/Port     Wire Load Model       Library
  ------------------------------------------------
  oadm_fixed_l3_div_opt_best2 ZeroWireload tcbn65gplustc_ccs

  Point                                     Incr       Path
  ------------------------------------------------------------
  clock vclk (rise edge)                    0.00       0.00
  clock network delay (ideal)               0.00       0.00
  input external delay                      0.02       0.02 r
  y[21] (in)                                0.01       0.03 r
  U295/Z (BUFFD0)                           0.10       0.13 r
  U320/ZN (INVD0)                           0.11       0.24 f
  U321/ZN (CKND2D0)                         0.05       0.29 r
  U334/ZN (INVD0)                           0.03       0.33 f
  U336/ZN (NR2D0)                           0.13       0.46 r
  U753/ZN (NR2XD0)                          0.13       0.59 f
  U754/ZN (AOI22D0)                         0.07       0.66 r
  U757/ZN (OAI211D0)                        0.05       0.72 f
  U758/ZN (CKND2D0)                         0.05       0.77 r
  U871/Z (OA21D0)                           0.05       0.82 r
  U872/ZN (MAOI222D0)                       0.05       0.87 f
  intadd_1_U25/CO (FA1D0)                   0.09       0.96 f
  intadd_1_U24/CO (FA1D0)                   0.06       1.02 f
  intadd_1_U23/CO (FA1D0)                   0.06       1.07 f
  intadd_1_U22/CO (FA1D0)                   0.06       1.13 f
  intadd_1_U21/CO (FA1D0)                   0.06       1.18 f
  intadd_1_U20/CO (FA1D0)                   0.06       1.24 f
  intadd_1_U19/CO (FA1D0)                   0.06       1.29 f
  intadd_1_U18/CO (FA1D0)                   0.06       1.35 f
  intadd_1_U17/CO (FA1D0)                   0.06       1.40 f
  intadd_1_U16/CO (FA1D0)                   0.06       1.46 f
  intadd_1_U15/CO (FA1D0)                   0.06       1.52 f
  intadd_1_U14/CO (FA1D0)                   0.06       1.57 f
  intadd_1_U13/CO (FA1D0)                   0.06       1.63 f
  intadd_1_U12/CO (FA1D0)                   0.06       1.68 f
  intadd_1_U11/CO (FA1D0)                   0.06       1.74 f
  intadd_1_U10/CO (FA1D0)                   0.06       1.79 f
  intadd_1_U9/CO (FA1D0)                    0.06       1.85 f
  intadd_1_U8/CO (FA1D0)                    0.06       1.90 f
  intadd_1_U7/CO (FA1D0)                    0.06       1.96 f
  intadd_1_U6/CO (FA1D0)                    0.06       2.01 f
  intadd_1_U5/CO (FA1D0)                    0.06       2.07 f
  intadd_1_U4/CO (FA1D0)                    0.06       2.12 f
  intadd_1_U3/S (FA1D0)                     0.05       2.18 f
  U301/ZN (INVD0)                           0.02       2.20 r
  U302/ZN (NR2D0)                           0.02       2.22 f
  U1136/ZN (AOI21D0)                        0.06       2.29 r
  U1138/S (FA1D0)                           0.11       2.40 f
  intadd_2_U3/CO (FA1D0)                    0.10       2.50 f
  intadd_2_U2/CO (FA1D0)                    0.06       2.56 f
  U318/ZN (XNR3D0)                          0.14       2.70 r
  U319/ZN (INVD0)                           0.04       2.74 f
  U539/ZN (OAI221D0)                        0.06       2.80 r
  DP_OP_48J1_122_5734_U61/S (CMPE42D1)      0.13       2.94 f
  U683/ZN (INVD0)                           0.02       2.96 r
  intadd_3_U5/CO (FA1D0)                    0.09       3.05 r
  intadd_3_U4/CO (FA1D0)                    0.05       3.10 r
  intadd_3_U3/CO (FA1D0)                    0.05       3.15 r
  intadd_3_U2/CO (FA1D0)                    0.05       3.20 r
  U470/ZN (XNR3D0)                          0.11       3.31 f
  U484/ZN (NR2D0)                           0.05       3.37 r
  U485/ZN (INVD0)                           0.03       3.40 f
  U663/Z (OR2D0)                            0.05       3.45 f
  DP_OP_52J1_123_4544_U19/CO (FA1D0)        0.10       3.55 f
  U459/Z (OR2D0)                            0.05       3.60 f
  U460/Z (OR2D0)                            0.05       3.65 f
  U461/Z (OR2D0)                            0.06       3.71 f
  U462/Z (OR2D0)                            0.06       3.76 f
  U463/Z (OR2D0)                            0.06       3.82 f
  U500/Z (OR2D0)                            0.06       3.88 f
  U661/Z (OR2D0)                            0.05       3.93 f
  DP_OP_52J1_123_4544_U4/S (HA1D0)          0.05       3.98 r
  U505/ZN (INVD0)                           0.01       4.00 f
  U507/ZN (AOI21D0)                         0.04       4.04 r
  U519/ZN (OAI211D0)                        0.06       4.10 f
  U531/ZN (NR3D0)                           0.06       4.16 r
  U532/ZN (CKND2D0)                         0.17       4.34 f
  U545/ZN (OAI222D0)                        0.14       4.48 r
  result[18] (out)                          0.00       4.48 r
  data arrival time                                    4.48

  clock vclk (rise edge)                   10.00      10.00
  clock network delay (ideal)               0.00      10.00
  output external delay                    -0.02       9.98
  data required time                                   9.98
  ------------------------------------------------------------
  data required time                                   9.98
  data arrival time                                   -4.48
  ------------------------------------------------------------
  slack (MET)                                          5.50


  Startpoint: y[21] (input port clocked by vclk)
  Endpoint: result[17] (output port clocked by vclk)
  Path Group: vclk
  Path Type: max

  Des/Clust/Port     Wire Load Model       Library
  ------------------------------------------------
  oadm_fixed_l3_div_opt_best2 ZeroWireload tcbn65gplustc_ccs

  Point                                     Incr       Path
  ------------------------------------------------------------
  clock vclk (rise edge)                    0.00       0.00
  clock network delay (ideal)               0.00       0.00
  input external delay                      0.02       0.02 r
  y[21] (in)                                0.01       0.03 r
  U295/Z (BUFFD0)                           0.10       0.13 r
  U320/ZN (INVD0)                           0.11       0.24 f
  U321/ZN (CKND2D0)                         0.05       0.29 r
  U334/ZN (INVD0)                           0.03       0.33 f
  U336/ZN (NR2D0)                           0.13       0.46 r
  U753/ZN (NR2XD0)                          0.13       0.59 f
  U754/ZN (AOI22D0)                         0.07       0.66 r
  U757/ZN (OAI211D0)                        0.05       0.72 f
  U758/ZN (CKND2D0)                         0.05       0.77 r
  U871/Z (OA21D0)                           0.05       0.82 r
  U872/ZN (MAOI222D0)                       0.05       0.87 f
  intadd_1_U25/CO (FA1D0)                   0.09       0.96 f
  intadd_1_U24/CO (FA1D0)                   0.06       1.02 f
  intadd_1_U23/CO (FA1D0)                   0.06       1.07 f
  intadd_1_U22/CO (FA1D0)                   0.06       1.13 f
  intadd_1_U21/CO (FA1D0)                   0.06       1.18 f
  intadd_1_U20/CO (FA1D0)                   0.06       1.24 f
  intadd_1_U19/CO (FA1D0)                   0.06       1.29 f
  intadd_1_U18/CO (FA1D0)                   0.06       1.35 f
  intadd_1_U17/CO (FA1D0)                   0.06       1.40 f
  intadd_1_U16/CO (FA1D0)                   0.06       1.46 f
  intadd_1_U15/CO (FA1D0)                   0.06       1.52 f
  intadd_1_U14/CO (FA1D0)                   0.06       1.57 f
  intadd_1_U13/CO (FA1D0)                   0.06       1.63 f
  intadd_1_U12/CO (FA1D0)                   0.06       1.68 f
  intadd_1_U11/CO (FA1D0)                   0.06       1.74 f
  intadd_1_U10/CO (FA1D0)                   0.06       1.79 f
  intadd_1_U9/CO (FA1D0)                    0.06       1.85 f
  intadd_1_U8/CO (FA1D0)                    0.06       1.90 f
  intadd_1_U7/CO (FA1D0)                    0.06       1.96 f
  intadd_1_U6/CO (FA1D0)                    0.06       2.01 f
  intadd_1_U5/CO (FA1D0)                    0.06       2.07 f
  intadd_1_U4/CO (FA1D0)                    0.06       2.12 f
  intadd_1_U3/S (FA1D0)                     0.05       2.18 f
  U301/ZN (INVD0)                           0.02       2.20 r
  U302/ZN (NR2D0)                           0.02       2.22 f
  U1136/ZN (AOI21D0)                        0.06       2.29 r
  U1138/S (FA1D0)                           0.11       2.40 f
  intadd_2_U3/CO (FA1D0)                    0.10       2.50 f
  intadd_2_U2/CO (FA1D0)                    0.06       2.56 f
  U318/ZN (XNR3D0)                          0.14       2.70 r
  U319/ZN (INVD0)                           0.04       2.74 f
  U539/ZN (OAI221D0)                        0.06       2.80 r
  DP_OP_48J1_122_5734_U61/S (CMPE42D1)      0.13       2.94 f
  U683/ZN (INVD0)                           0.02       2.96 r
  intadd_3_U5/CO (FA1D0)                    0.09       3.05 r
  intadd_3_U4/CO (FA1D0)                    0.05       3.10 r
  intadd_3_U3/CO (FA1D0)                    0.05       3.15 r
  intadd_3_U2/CO (FA1D0)                    0.05       3.20 r
  U470/ZN (XNR3D0)                          0.11       3.31 f
  U484/ZN (NR2D0)                           0.05       3.37 r
  U485/ZN (INVD0)                           0.03       3.40 f
  U663/Z (OR2D0)                            0.05       3.45 f
  DP_OP_52J1_123_4544_U19/CO (FA1D0)        0.10       3.55 f
  U459/Z (OR2D0)                            0.05       3.60 f
  U460/Z (OR2D0)                            0.05       3.65 f
  U461/Z (OR2D0)                            0.06       3.71 f
  U462/Z (OR2D0)                            0.06       3.76 f
  U463/Z (OR2D0)                            0.06       3.82 f
  U500/Z (OR2D0)                            0.06       3.88 f
  U661/Z (OR2D0)                            0.05       3.93 f
  DP_OP_52J1_123_4544_U4/S (HA1D0)          0.05       3.98 r
  U505/ZN (INVD0)                           0.01       4.00 f
  U507/ZN (AOI21D0)                         0.04       4.04 r
  U519/ZN (OAI211D0)                        0.06       4.10 f
  U531/ZN (NR3D0)                           0.06       4.16 r
  U532/ZN (CKND2D0)                         0.17       4.34 f
  U554/ZN (OAI222D0)                        0.14       4.48 r
  result[17] (out)                          0.00       4.48 r
  data arrival time                                    4.48

  clock vclk (rise edge)                   10.00      10.00
  clock network delay (ideal)               0.00      10.00
  output external delay                    -0.02       9.98
  data required time                                   9.98
  ------------------------------------------------------------
  data required time                                   9.98
  data arrival time                                   -4.48
  ------------------------------------------------------------
  slack (MET)                                          5.50


  Startpoint: y[21] (input port clocked by vclk)
  Endpoint: result[16] (output port clocked by vclk)
  Path Group: vclk
  Path Type: max

  Des/Clust/Port     Wire Load Model       Library
  ------------------------------------------------
  oadm_fixed_l3_div_opt_best2 ZeroWireload tcbn65gplustc_ccs

  Point                                     Incr       Path
  ------------------------------------------------------------
  clock vclk (rise edge)                    0.00       0.00
  clock network delay (ideal)               0.00       0.00
  input external delay                      0.02       0.02 r
  y[21] (in)                                0.01       0.03 r
  U295/Z (BUFFD0)                           0.10       0.13 r
  U320/ZN (INVD0)                           0.11       0.24 f
  U321/ZN (CKND2D0)                         0.05       0.29 r
  U334/ZN (INVD0)                           0.03       0.33 f
  U336/ZN (NR2D0)                           0.13       0.46 r
  U753/ZN (NR2XD0)                          0.13       0.59 f
  U754/ZN (AOI22D0)                         0.07       0.66 r
  U757/ZN (OAI211D0)                        0.05       0.72 f
  U758/ZN (CKND2D0)                         0.05       0.77 r
  U871/Z (OA21D0)                           0.05       0.82 r
  U872/ZN (MAOI222D0)                       0.05       0.87 f
  intadd_1_U25/CO (FA1D0)                   0.09       0.96 f
  intadd_1_U24/CO (FA1D0)                   0.06       1.02 f
  intadd_1_U23/CO (FA1D0)                   0.06       1.07 f
  intadd_1_U22/CO (FA1D0)                   0.06       1.13 f
  intadd_1_U21/CO (FA1D0)                   0.06       1.18 f
  intadd_1_U20/CO (FA1D0)                   0.06       1.24 f
  intadd_1_U19/CO (FA1D0)                   0.06       1.29 f
  intadd_1_U18/CO (FA1D0)                   0.06       1.35 f
  intadd_1_U17/CO (FA1D0)                   0.06       1.40 f
  intadd_1_U16/CO (FA1D0)                   0.06       1.46 f
  intadd_1_U15/CO (FA1D0)                   0.06       1.52 f
  intadd_1_U14/CO (FA1D0)                   0.06       1.57 f
  intadd_1_U13/CO (FA1D0)                   0.06       1.63 f
  intadd_1_U12/CO (FA1D0)                   0.06       1.68 f
  intadd_1_U11/CO (FA1D0)                   0.06       1.74 f
  intadd_1_U10/CO (FA1D0)                   0.06       1.79 f
  intadd_1_U9/CO (FA1D0)                    0.06       1.85 f
  intadd_1_U8/CO (FA1D0)                    0.06       1.90 f
  intadd_1_U7/CO (FA1D0)                    0.06       1.96 f
  intadd_1_U6/CO (FA1D0)                    0.06       2.01 f
  intadd_1_U5/CO (FA1D0)                    0.06       2.07 f
  intadd_1_U4/CO (FA1D0)                    0.06       2.12 f
  intadd_1_U3/S (FA1D0)                     0.05       2.18 f
  U301/ZN (INVD0)                           0.02       2.20 r
  U302/ZN (NR2D0)                           0.02       2.22 f
  U1136/ZN (AOI21D0)                        0.06       2.29 r
  U1138/S (FA1D0)                           0.11       2.40 f
  intadd_2_U3/CO (FA1D0)                    0.10       2.50 f
  intadd_2_U2/CO (FA1D0)                    0.06       2.56 f
  U318/ZN (XNR3D0)                          0.14       2.70 r
  U319/ZN (INVD0)                           0.04       2.74 f
  U539/ZN (OAI221D0)                        0.06       2.80 r
  DP_OP_48J1_122_5734_U61/S (CMPE42D1)      0.13       2.94 f
  U683/ZN (INVD0)                           0.02       2.96 r
  intadd_3_U5/CO (FA1D0)                    0.09       3.05 r
  intadd_3_U4/CO (FA1D0)                    0.05       3.10 r
  intadd_3_U3/CO (FA1D0)                    0.05       3.15 r
  intadd_3_U2/CO (FA1D0)                    0.05       3.20 r
  U470/ZN (XNR3D0)                          0.11       3.31 f
  U484/ZN (NR2D0)                           0.05       3.37 r
  U485/ZN (INVD0)                           0.03       3.40 f
  U663/Z (OR2D0)                            0.05       3.45 f
  DP_OP_52J1_123_4544_U19/CO (FA1D0)        0.10       3.55 f
  U459/Z (OR2D0)                            0.05       3.60 f
  U460/Z (OR2D0)                            0.05       3.65 f
  U461/Z (OR2D0)                            0.06       3.71 f
  U462/Z (OR2D0)                            0.06       3.76 f
  U463/Z (OR2D0)                            0.06       3.82 f
  U500/Z (OR2D0)                            0.06       3.88 f
  U661/Z (OR2D0)                            0.05       3.93 f
  DP_OP_52J1_123_4544_U4/S (HA1D0)          0.05       3.98 r
  U505/ZN (INVD0)                           0.01       4.00 f
  U507/ZN (AOI21D0)                         0.04       4.04 r
  U519/ZN (OAI211D0)                        0.06       4.10 f
  U531/ZN (NR3D0)                           0.06       4.16 r
  U532/ZN (CKND2D0)                         0.17       4.34 f
  U543/ZN (OAI222D0)                        0.14       4.48 r
  result[16] (out)                          0.00       4.48 r
  data arrival time                                    4.48

  clock vclk (rise edge)                   10.00      10.00
  clock network delay (ideal)               0.00      10.00
  output external delay                    -0.02       9.98
  data required time                                   9.98
  ------------------------------------------------------------
  data required time                                   9.98
  data arrival time                                   -4.48
  ------------------------------------------------------------
  slack (MET)                                          5.50


  Startpoint: y[21] (input port clocked by vclk)
  Endpoint: result[15] (output port clocked by vclk)
  Path Group: vclk
  Path Type: max

  Des/Clust/Port     Wire Load Model       Library
  ------------------------------------------------
  oadm_fixed_l3_div_opt_best2 ZeroWireload tcbn65gplustc_ccs

  Point                                     Incr       Path
  ------------------------------------------------------------
  clock vclk (rise edge)                    0.00       0.00
  clock network delay (ideal)               0.00       0.00
  input external delay                      0.02       0.02 r
  y[21] (in)                                0.01       0.03 r
  U295/Z (BUFFD0)                           0.10       0.13 r
  U320/ZN (INVD0)                           0.11       0.24 f
  U321/ZN (CKND2D0)                         0.05       0.29 r
  U334/ZN (INVD0)                           0.03       0.33 f
  U336/ZN (NR2D0)                           0.13       0.46 r
  U753/ZN (NR2XD0)                          0.13       0.59 f
  U754/ZN (AOI22D0)                         0.07       0.66 r
  U757/ZN (OAI211D0)                        0.05       0.72 f
  U758/ZN (CKND2D0)                         0.05       0.77 r
  U871/Z (OA21D0)                           0.05       0.82 r
  U872/ZN (MAOI222D0)                       0.05       0.87 f
  intadd_1_U25/CO (FA1D0)                   0.09       0.96 f
  intadd_1_U24/CO (FA1D0)                   0.06       1.02 f
  intadd_1_U23/CO (FA1D0)                   0.06       1.07 f
  intadd_1_U22/CO (FA1D0)                   0.06       1.13 f
  intadd_1_U21/CO (FA1D0)                   0.06       1.18 f
  intadd_1_U20/CO (FA1D0)                   0.06       1.24 f
  intadd_1_U19/CO (FA1D0)                   0.06       1.29 f
  intadd_1_U18/CO (FA1D0)                   0.06       1.35 f
  intadd_1_U17/CO (FA1D0)                   0.06       1.40 f
  intadd_1_U16/CO (FA1D0)                   0.06       1.46 f
  intadd_1_U15/CO (FA1D0)                   0.06       1.52 f
  intadd_1_U14/CO (FA1D0)                   0.06       1.57 f
  intadd_1_U13/CO (FA1D0)                   0.06       1.63 f
  intadd_1_U12/CO (FA1D0)                   0.06       1.68 f
  intadd_1_U11/CO (FA1D0)                   0.06       1.74 f
  intadd_1_U10/CO (FA1D0)                   0.06       1.79 f
  intadd_1_U9/CO (FA1D0)                    0.06       1.85 f
  intadd_1_U8/CO (FA1D0)                    0.06       1.90 f
  intadd_1_U7/CO (FA1D0)                    0.06       1.96 f
  intadd_1_U6/CO (FA1D0)                    0.06       2.01 f
  intadd_1_U5/CO (FA1D0)                    0.06       2.07 f
  intadd_1_U4/CO (FA1D0)                    0.06       2.12 f
  intadd_1_U3/S (FA1D0)                     0.05       2.18 f
  U301/ZN (INVD0)                           0.02       2.20 r
  U302/ZN (NR2D0)                           0.02       2.22 f
  U1136/ZN (AOI21D0)                        0.06       2.29 r
  U1138/S (FA1D0)                           0.11       2.40 f
  intadd_2_U3/CO (FA1D0)                    0.10       2.50 f
  intadd_2_U2/CO (FA1D0)                    0.06       2.56 f
  U318/ZN (XNR3D0)                          0.14       2.70 r
  U319/ZN (INVD0)                           0.04       2.74 f
  U539/ZN (OAI221D0)                        0.06       2.80 r
  DP_OP_48J1_122_5734_U61/S (CMPE42D1)      0.13       2.94 f
  U683/ZN (INVD0)                           0.02       2.96 r
  intadd_3_U5/CO (FA1D0)                    0.09       3.05 r
  intadd_3_U4/CO (FA1D0)                    0.05       3.10 r
  intadd_3_U3/CO (FA1D0)                    0.05       3.15 r
  intadd_3_U2/CO (FA1D0)                    0.05       3.20 r
  U470/ZN (XNR3D0)                          0.11       3.31 f
  U484/ZN (NR2D0)                           0.05       3.37 r
  U485/ZN (INVD0)                           0.03       3.40 f
  U663/Z (OR2D0)                            0.05       3.45 f
  DP_OP_52J1_123_4544_U19/CO (FA1D0)        0.10       3.55 f
  U459/Z (OR2D0)                            0.05       3.60 f
  U460/Z (OR2D0)                            0.05       3.65 f
  U461/Z (OR2D0)                            0.06       3.71 f
  U462/Z (OR2D0)                            0.06       3.76 f
  U463/Z (OR2D0)                            0.06       3.82 f
  U500/Z (OR2D0)                            0.06       3.88 f
  U661/Z (OR2D0)                            0.05       3.93 f
  DP_OP_52J1_123_4544_U4/S (HA1D0)          0.05       3.98 r
  U505/ZN (INVD0)                           0.01       4.00 f
  U507/ZN (AOI21D0)                         0.04       4.04 r
  U519/ZN (OAI211D0)                        0.06       4.10 f
  U531/ZN (NR3D0)                           0.06       4.16 r
  U532/ZN (CKND2D0)                         0.17       4.34 f
  U552/ZN (OAI222D0)                        0.14       4.48 r
  result[15] (out)                          0.00       4.48 r
  data arrival time                                    4.48

  clock vclk (rise edge)                   10.00      10.00
  clock network delay (ideal)               0.00      10.00
  output external delay                    -0.02       9.98
  data required time                                   9.98
  ------------------------------------------------------------
  data required time                                   9.98
  data arrival time                                   -4.48
  ------------------------------------------------------------
  slack (MET)                                          5.50


  Startpoint: y[21] (input port clocked by vclk)
  Endpoint: result[14] (output port clocked by vclk)
  Path Group: vclk
  Path Type: max

  Des/Clust/Port     Wire Load Model       Library
  ------------------------------------------------
  oadm_fixed_l3_div_opt_best2 ZeroWireload tcbn65gplustc_ccs

  Point                                     Incr       Path
  ------------------------------------------------------------
  clock vclk (rise edge)                    0.00       0.00
  clock network delay (ideal)               0.00       0.00
  input external delay                      0.02       0.02 r
  y[21] (in)                                0.01       0.03 r
  U295/Z (BUFFD0)                           0.10       0.13 r
  U320/ZN (INVD0)                           0.11       0.24 f
  U321/ZN (CKND2D0)                         0.05       0.29 r
  U334/ZN (INVD0)                           0.03       0.33 f
  U336/ZN (NR2D0)                           0.13       0.46 r
  U753/ZN (NR2XD0)                          0.13       0.59 f
  U754/ZN (AOI22D0)                         0.07       0.66 r
  U757/ZN (OAI211D0)                        0.05       0.72 f
  U758/ZN (CKND2D0)                         0.05       0.77 r
  U871/Z (OA21D0)                           0.05       0.82 r
  U872/ZN (MAOI222D0)                       0.05       0.87 f
  intadd_1_U25/CO (FA1D0)                   0.09       0.96 f
  intadd_1_U24/CO (FA1D0)                   0.06       1.02 f
  intadd_1_U23/CO (FA1D0)                   0.06       1.07 f
  intadd_1_U22/CO (FA1D0)                   0.06       1.13 f
  intadd_1_U21/CO (FA1D0)                   0.06       1.18 f
  intadd_1_U20/CO (FA1D0)                   0.06       1.24 f
  intadd_1_U19/CO (FA1D0)                   0.06       1.29 f
  intadd_1_U18/CO (FA1D0)                   0.06       1.35 f
  intadd_1_U17/CO (FA1D0)                   0.06       1.40 f
  intadd_1_U16/CO (FA1D0)                   0.06       1.46 f
  intadd_1_U15/CO (FA1D0)                   0.06       1.52 f
  intadd_1_U14/CO (FA1D0)                   0.06       1.57 f
  intadd_1_U13/CO (FA1D0)                   0.06       1.63 f
  intadd_1_U12/CO (FA1D0)                   0.06       1.68 f
  intadd_1_U11/CO (FA1D0)                   0.06       1.74 f
  intadd_1_U10/CO (FA1D0)                   0.06       1.79 f
  intadd_1_U9/CO (FA1D0)                    0.06       1.85 f
  intadd_1_U8/CO (FA1D0)                    0.06       1.90 f
  intadd_1_U7/CO (FA1D0)                    0.06       1.96 f
  intadd_1_U6/CO (FA1D0)                    0.06       2.01 f
  intadd_1_U5/CO (FA1D0)                    0.06       2.07 f
  intadd_1_U4/CO (FA1D0)                    0.06       2.12 f
  intadd_1_U3/S (FA1D0)                     0.05       2.18 f
  U301/ZN (INVD0)                           0.02       2.20 r
  U302/ZN (NR2D0)                           0.02       2.22 f
  U1136/ZN (AOI21D0)                        0.06       2.29 r
  U1138/S (FA1D0)                           0.11       2.40 f
  intadd_2_U3/CO (FA1D0)                    0.10       2.50 f
  intadd_2_U2/CO (FA1D0)                    0.06       2.56 f
  U318/ZN (XNR3D0)                          0.14       2.70 r
  U319/ZN (INVD0)                           0.04       2.74 f
  U539/ZN (OAI221D0)                        0.06       2.80 r
  DP_OP_48J1_122_5734_U61/S (CMPE42D1)      0.13       2.94 f
  U683/ZN (INVD0)                           0.02       2.96 r
  intadd_3_U5/CO (FA1D0)                    0.09       3.05 r
  intadd_3_U4/CO (FA1D0)                    0.05       3.10 r
  intadd_3_U3/CO (FA1D0)                    0.05       3.15 r
  intadd_3_U2/CO (FA1D0)                    0.05       3.20 r
  U470/ZN (XNR3D0)                          0.11       3.31 f
  U484/ZN (NR2D0)                           0.05       3.37 r
  U485/ZN (INVD0)                           0.03       3.40 f
  U663/Z (OR2D0)                            0.05       3.45 f
  DP_OP_52J1_123_4544_U19/CO (FA1D0)        0.10       3.55 f
  U459/Z (OR2D0)                            0.05       3.60 f
  U460/Z (OR2D0)                            0.05       3.65 f
  U461/Z (OR2D0)                            0.06       3.71 f
  U462/Z (OR2D0)                            0.06       3.76 f
  U463/Z (OR2D0)                            0.06       3.82 f
  U500/Z (OR2D0)                            0.06       3.88 f
  U661/Z (OR2D0)                            0.05       3.93 f
  DP_OP_52J1_123_4544_U4/S (HA1D0)          0.05       3.98 r
  U505/ZN (INVD0)                           0.01       4.00 f
  U507/ZN (AOI21D0)                         0.04       4.04 r
  U519/ZN (OAI211D0)                        0.06       4.10 f
  U531/ZN (NR3D0)                           0.06       4.16 r
  U532/ZN (CKND2D0)                         0.17       4.34 f
  U551/ZN (OAI222D0)                        0.14       4.48 r
  result[14] (out)                          0.00       4.48 r
  data arrival time                                    4.48

  clock vclk (rise edge)                   10.00      10.00
  clock network delay (ideal)               0.00      10.00
  output external delay                    -0.02       9.98
  data required time                                   9.98
  ------------------------------------------------------------
  data required time                                   9.98
  data arrival time                                   -4.48
  ------------------------------------------------------------
  slack (MET)                                          5.50


  Startpoint: y[21] (input port clocked by vclk)
  Endpoint: result[13] (output port clocked by vclk)
  Path Group: vclk
  Path Type: max

  Des/Clust/Port     Wire Load Model       Library
  ------------------------------------------------
  oadm_fixed_l3_div_opt_best2 ZeroWireload tcbn65gplustc_ccs

  Point                                     Incr       Path
  ------------------------------------------------------------
  clock vclk (rise edge)                    0.00       0.00
  clock network delay (ideal)               0.00       0.00
  input external delay                      0.02       0.02 r
  y[21] (in)                                0.01       0.03 r
  U295/Z (BUFFD0)                           0.10       0.13 r
  U320/ZN (INVD0)                           0.11       0.24 f
  U321/ZN (CKND2D0)                         0.05       0.29 r
  U334/ZN (INVD0)                           0.03       0.33 f
  U336/ZN (NR2D0)                           0.13       0.46 r
  U753/ZN (NR2XD0)                          0.13       0.59 f
  U754/ZN (AOI22D0)                         0.07       0.66 r
  U757/ZN (OAI211D0)                        0.05       0.72 f
  U758/ZN (CKND2D0)                         0.05       0.77 r
  U871/Z (OA21D0)                           0.05       0.82 r
  U872/ZN (MAOI222D0)                       0.05       0.87 f
  intadd_1_U25/CO (FA1D0)                   0.09       0.96 f
  intadd_1_U24/CO (FA1D0)                   0.06       1.02 f
  intadd_1_U23/CO (FA1D0)                   0.06       1.07 f
  intadd_1_U22/CO (FA1D0)                   0.06       1.13 f
  intadd_1_U21/CO (FA1D0)                   0.06       1.18 f
  intadd_1_U20/CO (FA1D0)                   0.06       1.24 f
  intadd_1_U19/CO (FA1D0)                   0.06       1.29 f
  intadd_1_U18/CO (FA1D0)                   0.06       1.35 f
  intadd_1_U17/CO (FA1D0)                   0.06       1.40 f
  intadd_1_U16/CO (FA1D0)                   0.06       1.46 f
  intadd_1_U15/CO (FA1D0)                   0.06       1.52 f
  intadd_1_U14/CO (FA1D0)                   0.06       1.57 f
  intadd_1_U13/CO (FA1D0)                   0.06       1.63 f
  intadd_1_U12/CO (FA1D0)                   0.06       1.68 f
  intadd_1_U11/CO (FA1D0)                   0.06       1.74 f
  intadd_1_U10/CO (FA1D0)                   0.06       1.79 f
  intadd_1_U9/CO (FA1D0)                    0.06       1.85 f
  intadd_1_U8/CO (FA1D0)                    0.06       1.90 f
  intadd_1_U7/CO (FA1D0)                    0.06       1.96 f
  intadd_1_U6/CO (FA1D0)                    0.06       2.01 f
  intadd_1_U5/CO (FA1D0)                    0.06       2.07 f
  intadd_1_U4/CO (FA1D0)                    0.06       2.12 f
  intadd_1_U3/S (FA1D0)                     0.05       2.18 f
  U301/ZN (INVD0)                           0.02       2.20 r
  U302/ZN (NR2D0)                           0.02       2.22 f
  U1136/ZN (AOI21D0)                        0.06       2.29 r
  U1138/S (FA1D0)                           0.11       2.40 f
  intadd_2_U3/CO (FA1D0)                    0.10       2.50 f
  intadd_2_U2/CO (FA1D0)                    0.06       2.56 f
  U318/ZN (XNR3D0)                          0.14       2.70 r
  U319/ZN (INVD0)                           0.04       2.74 f
  U539/ZN (OAI221D0)                        0.06       2.80 r
  DP_OP_48J1_122_5734_U61/S (CMPE42D1)      0.13       2.94 f
  U683/ZN (INVD0)                           0.02       2.96 r
  intadd_3_U5/CO (FA1D0)                    0.09       3.05 r
  intadd_3_U4/CO (FA1D0)                    0.05       3.10 r
  intadd_3_U3/CO (FA1D0)                    0.05       3.15 r
  intadd_3_U2/CO (FA1D0)                    0.05       3.20 r
  U470/ZN (XNR3D0)                          0.11       3.31 f
  U484/ZN (NR2D0)                           0.05       3.37 r
  U485/ZN (INVD0)                           0.03       3.40 f
  U663/Z (OR2D0)                            0.05       3.45 f
  DP_OP_52J1_123_4544_U19/CO (FA1D0)        0.10       3.55 f
  U459/Z (OR2D0)                            0.05       3.60 f
  U460/Z (OR2D0)                            0.05       3.65 f
  U461/Z (OR2D0)                            0.06       3.71 f
  U462/Z (OR2D0)                            0.06       3.76 f
  U463/Z (OR2D0)                            0.06       3.82 f
  U500/Z (OR2D0)                            0.06       3.88 f
  U661/Z (OR2D0)                            0.05       3.93 f
  DP_OP_52J1_123_4544_U4/S (HA1D0)          0.05       3.98 r
  U505/ZN (INVD0)                           0.01       4.00 f
  U507/ZN (AOI21D0)                         0.04       4.04 r
  U519/ZN (OAI211D0)                        0.06       4.10 f
  U531/ZN (NR3D0)                           0.06       4.16 r
  U532/ZN (CKND2D0)                         0.17       4.34 f
  U550/ZN (OAI222D0)                        0.14       4.48 r
  result[13] (out)                          0.00       4.48 r
  data arrival time                                    4.48

  clock vclk (rise edge)                   10.00      10.00
  clock network delay (ideal)               0.00      10.00
  output external delay                    -0.02       9.98
  data required time                                   9.98
  ------------------------------------------------------------
  data required time                                   9.98
  data arrival time                                   -4.48
  ------------------------------------------------------------
  slack (MET)                                          5.50


  Startpoint: y[21] (input port clocked by vclk)
  Endpoint: result[12] (output port clocked by vclk)
  Path Group: vclk
  Path Type: max

  Des/Clust/Port     Wire Load Model       Library
  ------------------------------------------------
  oadm_fixed_l3_div_opt_best2 ZeroWireload tcbn65gplustc_ccs

  Point                                     Incr       Path
  ------------------------------------------------------------
  clock vclk (rise edge)                    0.00       0.00
  clock network delay (ideal)               0.00       0.00
  input external delay                      0.02       0.02 r
  y[21] (in)                                0.01       0.03 r
  U295/Z (BUFFD0)                           0.10       0.13 r
  U320/ZN (INVD0)                           0.11       0.24 f
  U321/ZN (CKND2D0)                         0.05       0.29 r
  U334/ZN (INVD0)                           0.03       0.33 f
  U336/ZN (NR2D0)                           0.13       0.46 r
  U753/ZN (NR2XD0)                          0.13       0.59 f
  U754/ZN (AOI22D0)                         0.07       0.66 r
  U757/ZN (OAI211D0)                        0.05       0.72 f
  U758/ZN (CKND2D0)                         0.05       0.77 r
  U871/Z (OA21D0)                           0.05       0.82 r
  U872/ZN (MAOI222D0)                       0.05       0.87 f
  intadd_1_U25/CO (FA1D0)                   0.09       0.96 f
  intadd_1_U24/CO (FA1D0)                   0.06       1.02 f
  intadd_1_U23/CO (FA1D0)                   0.06       1.07 f
  intadd_1_U22/CO (FA1D0)                   0.06       1.13 f
  intadd_1_U21/CO (FA1D0)                   0.06       1.18 f
  intadd_1_U20/CO (FA1D0)                   0.06       1.24 f
  intadd_1_U19/CO (FA1D0)                   0.06       1.29 f
  intadd_1_U18/CO (FA1D0)                   0.06       1.35 f
  intadd_1_U17/CO (FA1D0)                   0.06       1.40 f
  intadd_1_U16/CO (FA1D0)                   0.06       1.46 f
  intadd_1_U15/CO (FA1D0)                   0.06       1.52 f
  intadd_1_U14/CO (FA1D0)                   0.06       1.57 f
  intadd_1_U13/CO (FA1D0)                   0.06       1.63 f
  intadd_1_U12/CO (FA1D0)                   0.06       1.68 f
  intadd_1_U11/CO (FA1D0)                   0.06       1.74 f
  intadd_1_U10/CO (FA1D0)                   0.06       1.79 f
  intadd_1_U9/CO (FA1D0)                    0.06       1.85 f
  intadd_1_U8/CO (FA1D0)                    0.06       1.90 f
  intadd_1_U7/CO (FA1D0)                    0.06       1.96 f
  intadd_1_U6/CO (FA1D0)                    0.06       2.01 f
  intadd_1_U5/CO (FA1D0)                    0.06       2.07 f
  intadd_1_U4/CO (FA1D0)                    0.06       2.12 f
  intadd_1_U3/S (FA1D0)                     0.05       2.18 f
  U301/ZN (INVD0)                           0.02       2.20 r
  U302/ZN (NR2D0)                           0.02       2.22 f
  U1136/ZN (AOI21D0)                        0.06       2.29 r
  U1138/S (FA1D0)                           0.11       2.40 f
  intadd_2_U3/CO (FA1D0)                    0.10       2.50 f
  intadd_2_U2/CO (FA1D0)                    0.06       2.56 f
  U318/ZN (XNR3D0)                          0.14       2.70 r
  U319/ZN (INVD0)                           0.04       2.74 f
  U539/ZN (OAI221D0)                        0.06       2.80 r
  DP_OP_48J1_122_5734_U61/S (CMPE42D1)      0.13       2.94 f
  U683/ZN (INVD0)                           0.02       2.96 r
  intadd_3_U5/CO (FA1D0)                    0.09       3.05 r
  intadd_3_U4/CO (FA1D0)                    0.05       3.10 r
  intadd_3_U3/CO (FA1D0)                    0.05       3.15 r
  intadd_3_U2/CO (FA1D0)                    0.05       3.20 r
  U470/ZN (XNR3D0)                          0.11       3.31 f
  U484/ZN (NR2D0)                           0.05       3.37 r
  U485/ZN (INVD0)                           0.03       3.40 f
  U663/Z (OR2D0)                            0.05       3.45 f
  DP_OP_52J1_123_4544_U19/CO (FA1D0)        0.10       3.55 f
  U459/Z (OR2D0)                            0.05       3.60 f
  U460/Z (OR2D0)                            0.05       3.65 f
  U461/Z (OR2D0)                            0.06       3.71 f
  U462/Z (OR2D0)                            0.06       3.76 f
  U463/Z (OR2D0)                            0.06       3.82 f
  U500/Z (OR2D0)                            0.06       3.88 f
  U661/Z (OR2D0)                            0.05       3.93 f
  DP_OP_52J1_123_4544_U4/S (HA1D0)          0.05       3.98 r
  U505/ZN (INVD0)                           0.01       4.00 f
  U507/ZN (AOI21D0)                         0.04       4.04 r
  U519/ZN (OAI211D0)                        0.06       4.10 f
  U531/ZN (NR3D0)                           0.06       4.16 r
  U532/ZN (CKND2D0)                         0.17       4.34 f
  U549/ZN (OAI222D0)                        0.14       4.48 r
  result[12] (out)                          0.00       4.48 r
  data arrival time                                    4.48

  clock vclk (rise edge)                   10.00      10.00
  clock network delay (ideal)               0.00      10.00
  output external delay                    -0.02       9.98
  data required time                                   9.98
  ------------------------------------------------------------
  data required time                                   9.98
  data arrival time                                   -4.48
  ------------------------------------------------------------
  slack (MET)                                          5.50


  Startpoint: y[21] (input port clocked by vclk)
  Endpoint: result[11] (output port clocked by vclk)
  Path Group: vclk
  Path Type: max

  Des/Clust/Port     Wire Load Model       Library
  ------------------------------------------------
  oadm_fixed_l3_div_opt_best2 ZeroWireload tcbn65gplustc_ccs

  Point                                     Incr       Path
  ------------------------------------------------------------
  clock vclk (rise edge)                    0.00       0.00
  clock network delay (ideal)               0.00       0.00
  input external delay                      0.02       0.02 r
  y[21] (in)                                0.01       0.03 r
  U295/Z (BUFFD0)                           0.10       0.13 r
  U320/ZN (INVD0)                           0.11       0.24 f
  U321/ZN (CKND2D0)                         0.05       0.29 r
  U334/ZN (INVD0)                           0.03       0.33 f
  U336/ZN (NR2D0)                           0.13       0.46 r
  U753/ZN (NR2XD0)                          0.13       0.59 f
  U754/ZN (AOI22D0)                         0.07       0.66 r
  U757/ZN (OAI211D0)                        0.05       0.72 f
  U758/ZN (CKND2D0)                         0.05       0.77 r
  U871/Z (OA21D0)                           0.05       0.82 r
  U872/ZN (MAOI222D0)                       0.05       0.87 f
  intadd_1_U25/CO (FA1D0)                   0.09       0.96 f
  intadd_1_U24/CO (FA1D0)                   0.06       1.02 f
  intadd_1_U23/CO (FA1D0)                   0.06       1.07 f
  intadd_1_U22/CO (FA1D0)                   0.06       1.13 f
  intadd_1_U21/CO (FA1D0)                   0.06       1.18 f
  intadd_1_U20/CO (FA1D0)                   0.06       1.24 f
  intadd_1_U19/CO (FA1D0)                   0.06       1.29 f
  intadd_1_U18/CO (FA1D0)                   0.06       1.35 f
  intadd_1_U17/CO (FA1D0)                   0.06       1.40 f
  intadd_1_U16/CO (FA1D0)                   0.06       1.46 f
  intadd_1_U15/CO (FA1D0)                   0.06       1.52 f
  intadd_1_U14/CO (FA1D0)                   0.06       1.57 f
  intadd_1_U13/CO (FA1D0)                   0.06       1.63 f
  intadd_1_U12/CO (FA1D0)                   0.06       1.68 f
  intadd_1_U11/CO (FA1D0)                   0.06       1.74 f
  intadd_1_U10/CO (FA1D0)                   0.06       1.79 f
  intadd_1_U9/CO (FA1D0)                    0.06       1.85 f
  intadd_1_U8/CO (FA1D0)                    0.06       1.90 f
  intadd_1_U7/CO (FA1D0)                    0.06       1.96 f
  intadd_1_U6/CO (FA1D0)                    0.06       2.01 f
  intadd_1_U5/CO (FA1D0)                    0.06       2.07 f
  intadd_1_U4/CO (FA1D0)                    0.06       2.12 f
  intadd_1_U3/S (FA1D0)                     0.05       2.18 f
  U301/ZN (INVD0)                           0.02       2.20 r
  U302/ZN (NR2D0)                           0.02       2.22 f
  U1136/ZN (AOI21D0)                        0.06       2.29 r
  U1138/S (FA1D0)                           0.11       2.40 f
  intadd_2_U3/CO (FA1D0)                    0.10       2.50 f
  intadd_2_U2/CO (FA1D0)                    0.06       2.56 f
  U318/ZN (XNR3D0)                          0.14       2.70 r
  U319/ZN (INVD0)                           0.04       2.74 f
  U539/ZN (OAI221D0)                        0.06       2.80 r
  DP_OP_48J1_122_5734_U61/S (CMPE42D1)      0.13       2.94 f
  U683/ZN (INVD0)                           0.02       2.96 r
  intadd_3_U5/CO (FA1D0)                    0.09       3.05 r
  intadd_3_U4/CO (FA1D0)                    0.05       3.10 r
  intadd_3_U3/CO (FA1D0)                    0.05       3.15 r
  intadd_3_U2/CO (FA1D0)                    0.05       3.20 r
  U470/ZN (XNR3D0)                          0.11       3.31 f
  U484/ZN (NR2D0)                           0.05       3.37 r
  U485/ZN (INVD0)                           0.03       3.40 f
  U663/Z (OR2D0)                            0.05       3.45 f
  DP_OP_52J1_123_4544_U19/CO (FA1D0)        0.10       3.55 f
  U459/Z (OR2D0)                            0.05       3.60 f
  U460/Z (OR2D0)                            0.05       3.65 f
  U461/Z (OR2D0)                            0.06       3.71 f
  U462/Z (OR2D0)                            0.06       3.76 f
  U463/Z (OR2D0)                            0.06       3.82 f
  U500/Z (OR2D0)                            0.06       3.88 f
  U661/Z (OR2D0)                            0.05       3.93 f
  DP_OP_52J1_123_4544_U4/S (HA1D0)          0.05       3.98 r
  U505/ZN (INVD0)                           0.01       4.00 f
  U507/ZN (AOI21D0)                         0.04       4.04 r
  U519/ZN (OAI211D0)                        0.06       4.10 f
  U531/ZN (NR3D0)                           0.06       4.16 r
  U532/ZN (CKND2D0)                         0.17       4.34 f
  U542/ZN (OAI222D0)                        0.14       4.48 r
  result[11] (out)                          0.00       4.48 r
  data arrival time                                    4.48

  clock vclk (rise edge)                   10.00      10.00
  clock network delay (ideal)               0.00      10.00
  output external delay                    -0.02       9.98
  data required time                                   9.98
  ------------------------------------------------------------
  data required time                                   9.98
  data arrival time                                   -4.48
  ------------------------------------------------------------
  slack (MET)                                          5.50


  Startpoint: y[21] (input port clocked by vclk)
  Endpoint: result[10] (output port clocked by vclk)
  Path Group: vclk
  Path Type: max

  Des/Clust/Port     Wire Load Model       Library
  ------------------------------------------------
  oadm_fixed_l3_div_opt_best2 ZeroWireload tcbn65gplustc_ccs

  Point                                     Incr       Path
  ------------------------------------------------------------
  clock vclk (rise edge)                    0.00       0.00
  clock network delay (ideal)               0.00       0.00
  input external delay                      0.02       0.02 r
  y[21] (in)                                0.01       0.03 r
  U295/Z (BUFFD0)                           0.10       0.13 r
  U320/ZN (INVD0)                           0.11       0.24 f
  U321/ZN (CKND2D0)                         0.05       0.29 r
  U334/ZN (INVD0)                           0.03       0.33 f
  U336/ZN (NR2D0)                           0.13       0.46 r
  U753/ZN (NR2XD0)                          0.13       0.59 f
  U754/ZN (AOI22D0)                         0.07       0.66 r
  U757/ZN (OAI211D0)                        0.05       0.72 f
  U758/ZN (CKND2D0)                         0.05       0.77 r
  U871/Z (OA21D0)                           0.05       0.82 r
  U872/ZN (MAOI222D0)                       0.05       0.87 f
  intadd_1_U25/CO (FA1D0)                   0.09       0.96 f
  intadd_1_U24/CO (FA1D0)                   0.06       1.02 f
  intadd_1_U23/CO (FA1D0)                   0.06       1.07 f
  intadd_1_U22/CO (FA1D0)                   0.06       1.13 f
  intadd_1_U21/CO (FA1D0)                   0.06       1.18 f
  intadd_1_U20/CO (FA1D0)                   0.06       1.24 f
  intadd_1_U19/CO (FA1D0)                   0.06       1.29 f
  intadd_1_U18/CO (FA1D0)                   0.06       1.35 f
  intadd_1_U17/CO (FA1D0)                   0.06       1.40 f
  intadd_1_U16/CO (FA1D0)                   0.06       1.46 f
  intadd_1_U15/CO (FA1D0)                   0.06       1.52 f
  intadd_1_U14/CO (FA1D0)                   0.06       1.57 f
  intadd_1_U13/CO (FA1D0)                   0.06       1.63 f
  intadd_1_U12/CO (FA1D0)                   0.06       1.68 f
  intadd_1_U11/CO (FA1D0)                   0.06       1.74 f
  intadd_1_U10/CO (FA1D0)                   0.06       1.79 f
  intadd_1_U9/CO (FA1D0)                    0.06       1.85 f
  intadd_1_U8/CO (FA1D0)                    0.06       1.90 f
  intadd_1_U7/CO (FA1D0)                    0.06       1.96 f
  intadd_1_U6/CO (FA1D0)                    0.06       2.01 f
  intadd_1_U5/CO (FA1D0)                    0.06       2.07 f
  intadd_1_U4/CO (FA1D0)                    0.06       2.12 f
  intadd_1_U3/S (FA1D0)                     0.05       2.18 f
  U301/ZN (INVD0)                           0.02       2.20 r
  U302/ZN (NR2D0)                           0.02       2.22 f
  U1136/ZN (AOI21D0)                        0.06       2.29 r
  U1138/S (FA1D0)                           0.11       2.40 f
  intadd_2_U3/CO (FA1D0)                    0.10       2.50 f
  intadd_2_U2/CO (FA1D0)                    0.06       2.56 f
  U318/ZN (XNR3D0)                          0.14       2.70 r
  U319/ZN (INVD0)                           0.04       2.74 f
  U539/ZN (OAI221D0)                        0.06       2.80 r
  DP_OP_48J1_122_5734_U61/S (CMPE42D1)      0.13       2.94 f
  U683/ZN (INVD0)                           0.02       2.96 r
  intadd_3_U5/CO (FA1D0)                    0.09       3.05 r
  intadd_3_U4/CO (FA1D0)                    0.05       3.10 r
  intadd_3_U3/CO (FA1D0)                    0.05       3.15 r
  intadd_3_U2/CO (FA1D0)                    0.05       3.20 r
  U470/ZN (XNR3D0)                          0.11       3.31 f
  U484/ZN (NR2D0)                           0.05       3.37 r
  U485/ZN (INVD0)                           0.03       3.40 f
  U663/Z (OR2D0)                            0.05       3.45 f
  DP_OP_52J1_123_4544_U19/CO (FA1D0)        0.10       3.55 f
  U459/Z (OR2D0)                            0.05       3.60 f
  U460/Z (OR2D0)                            0.05       3.65 f
  U461/Z (OR2D0)                            0.06       3.71 f
  U462/Z (OR2D0)                            0.06       3.76 f
  U463/Z (OR2D0)                            0.06       3.82 f
  U500/Z (OR2D0)                            0.06       3.88 f
  U661/Z (OR2D0)                            0.05       3.93 f
  DP_OP_52J1_123_4544_U4/S (HA1D0)          0.05       3.98 r
  U505/ZN (INVD0)                           0.01       4.00 f
  U507/ZN (AOI21D0)                         0.04       4.04 r
  U519/ZN (OAI211D0)                        0.06       4.10 f
  U531/ZN (NR3D0)                           0.06       4.16 r
  U532/ZN (CKND2D0)                         0.17       4.34 f
  U541/ZN (OAI222D0)                        0.14       4.48 r
  result[10] (out)                          0.00       4.48 r
  data arrival time                                    4.48

  clock vclk (rise edge)                   10.00      10.00
  clock network delay (ideal)               0.00      10.00
  output external delay                    -0.02       9.98
  data required time                                   9.98
  ------------------------------------------------------------
  data required time                                   9.98
  data arrival time                                   -4.48
  ------------------------------------------------------------
  slack (MET)                                          5.50


  Startpoint: y[21] (input port clocked by vclk)
  Endpoint: result[9] (output port clocked by vclk)
  Path Group: vclk
  Path Type: max

  Des/Clust/Port     Wire Load Model       Library
  ------------------------------------------------
  oadm_fixed_l3_div_opt_best2 ZeroWireload tcbn65gplustc_ccs

  Point                                     Incr       Path
  ------------------------------------------------------------
  clock vclk (rise edge)                    0.00       0.00
  clock network delay (ideal)               0.00       0.00
  input external delay                      0.02       0.02 r
  y[21] (in)                                0.01       0.03 r
  U295/Z (BUFFD0)                           0.10       0.13 r
  U320/ZN (INVD0)                           0.11       0.24 f
  U321/ZN (CKND2D0)                         0.05       0.29 r
  U334/ZN (INVD0)                           0.03       0.33 f
  U336/ZN (NR2D0)                           0.13       0.46 r
  U753/ZN (NR2XD0)                          0.13       0.59 f
  U754/ZN (AOI22D0)                         0.07       0.66 r
  U757/ZN (OAI211D0)                        0.05       0.72 f
  U758/ZN (CKND2D0)                         0.05       0.77 r
  U871/Z (OA21D0)                           0.05       0.82 r
  U872/ZN (MAOI222D0)                       0.05       0.87 f
  intadd_1_U25/CO (FA1D0)                   0.09       0.96 f
  intadd_1_U24/CO (FA1D0)                   0.06       1.02 f
  intadd_1_U23/CO (FA1D0)                   0.06       1.07 f
  intadd_1_U22/CO (FA1D0)                   0.06       1.13 f
  intadd_1_U21/CO (FA1D0)                   0.06       1.18 f
  intadd_1_U20/CO (FA1D0)                   0.06       1.24 f
  intadd_1_U19/CO (FA1D0)                   0.06       1.29 f
  intadd_1_U18/CO (FA1D0)                   0.06       1.35 f
  intadd_1_U17/CO (FA1D0)                   0.06       1.40 f
  intadd_1_U16/CO (FA1D0)                   0.06       1.46 f
  intadd_1_U15/CO (FA1D0)                   0.06       1.52 f
  intadd_1_U14/CO (FA1D0)                   0.06       1.57 f
  intadd_1_U13/CO (FA1D0)                   0.06       1.63 f
  intadd_1_U12/CO (FA1D0)                   0.06       1.68 f
  intadd_1_U11/CO (FA1D0)                   0.06       1.74 f
  intadd_1_U10/CO (FA1D0)                   0.06       1.79 f
  intadd_1_U9/CO (FA1D0)                    0.06       1.85 f
  intadd_1_U8/CO (FA1D0)                    0.06       1.90 f
  intadd_1_U7/CO (FA1D0)                    0.06       1.96 f
  intadd_1_U6/CO (FA1D0)                    0.06       2.01 f
  intadd_1_U5/CO (FA1D0)                    0.06       2.07 f
  intadd_1_U4/CO (FA1D0)                    0.06       2.12 f
  intadd_1_U3/S (FA1D0)                     0.05       2.18 f
  U301/ZN (INVD0)                           0.02       2.20 r
  U302/ZN (NR2D0)                           0.02       2.22 f
  U1136/ZN (AOI21D0)                        0.06       2.29 r
  U1138/S (FA1D0)                           0.11       2.40 f
  intadd_2_U3/CO (FA1D0)                    0.10       2.50 f
  intadd_2_U2/CO (FA1D0)                    0.06       2.56 f
  U318/ZN (XNR3D0)                          0.14       2.70 r
  U319/ZN (INVD0)                           0.04       2.74 f
  U539/ZN (OAI221D0)                        0.06       2.80 r
  DP_OP_48J1_122_5734_U61/S (CMPE42D1)      0.13       2.94 f
  U683/ZN (INVD0)                           0.02       2.96 r
  intadd_3_U5/CO (FA1D0)                    0.09       3.05 r
  intadd_3_U4/CO (FA1D0)                    0.05       3.10 r
  intadd_3_U3/CO (FA1D0)                    0.05       3.15 r
  intadd_3_U2/CO (FA1D0)                    0.05       3.20 r
  U470/ZN (XNR3D0)                          0.11       3.31 f
  U484/ZN (NR2D0)                           0.05       3.37 r
  U485/ZN (INVD0)                           0.03       3.40 f
  U663/Z (OR2D0)                            0.05       3.45 f
  DP_OP_52J1_123_4544_U19/CO (FA1D0)        0.10       3.55 f
  U459/Z (OR2D0)                            0.05       3.60 f
  U460/Z (OR2D0)                            0.05       3.65 f
  U461/Z (OR2D0)                            0.06       3.71 f
  U462/Z (OR2D0)                            0.06       3.76 f
  U463/Z (OR2D0)                            0.06       3.82 f
  U500/Z (OR2D0)                            0.06       3.88 f
  U661/Z (OR2D0)                            0.05       3.93 f
  DP_OP_52J1_123_4544_U4/S (HA1D0)          0.05       3.98 r
  U505/ZN (INVD0)                           0.01       4.00 f
  U507/ZN (AOI21D0)                         0.04       4.04 r
  U519/ZN (OAI211D0)                        0.06       4.10 f
  U531/ZN (NR3D0)                           0.06       4.16 r
  U532/ZN (CKND2D0)                         0.17       4.34 f
  U544/ZN (OAI222D0)                        0.14       4.48 r
  result[9] (out)                           0.00       4.48 r
  data arrival time                                    4.48

  clock vclk (rise edge)                   10.00      10.00
  clock network delay (ideal)               0.00      10.00
  output external delay                    -0.02       9.98
  data required time                                   9.98
  ------------------------------------------------------------
  data required time                                   9.98
  data arrival time                                   -4.48
  ------------------------------------------------------------
  slack (MET)                                          5.50


  Startpoint: y[21] (input port clocked by vclk)
  Endpoint: result[8] (output port clocked by vclk)
  Path Group: vclk
  Path Type: max

  Des/Clust/Port     Wire Load Model       Library
  ------------------------------------------------
  oadm_fixed_l3_div_opt_best2 ZeroWireload tcbn65gplustc_ccs

  Point                                     Incr       Path
  ------------------------------------------------------------
  clock vclk (rise edge)                    0.00       0.00
  clock network delay (ideal)               0.00       0.00
  input external delay                      0.02       0.02 r
  y[21] (in)                                0.01       0.03 r
  U295/Z (BUFFD0)                           0.10       0.13 r
  U320/ZN (INVD0)                           0.11       0.24 f
  U321/ZN (CKND2D0)                         0.05       0.29 r
  U334/ZN (INVD0)                           0.03       0.33 f
  U336/ZN (NR2D0)                           0.13       0.46 r
  U753/ZN (NR2XD0)                          0.13       0.59 f
  U754/ZN (AOI22D0)                         0.07       0.66 r
  U757/ZN (OAI211D0)                        0.05       0.72 f
  U758/ZN (CKND2D0)                         0.05       0.77 r
  U871/Z (OA21D0)                           0.05       0.82 r
  U872/ZN (MAOI222D0)                       0.05       0.87 f
  intadd_1_U25/CO (FA1D0)                   0.09       0.96 f
  intadd_1_U24/CO (FA1D0)                   0.06       1.02 f
  intadd_1_U23/CO (FA1D0)                   0.06       1.07 f
  intadd_1_U22/CO (FA1D0)                   0.06       1.13 f
  intadd_1_U21/CO (FA1D0)                   0.06       1.18 f
  intadd_1_U20/CO (FA1D0)                   0.06       1.24 f
  intadd_1_U19/CO (FA1D0)                   0.06       1.29 f
  intadd_1_U18/CO (FA1D0)                   0.06       1.35 f
  intadd_1_U17/CO (FA1D0)                   0.06       1.40 f
  intadd_1_U16/CO (FA1D0)                   0.06       1.46 f
  intadd_1_U15/CO (FA1D0)                   0.06       1.52 f
  intadd_1_U14/CO (FA1D0)                   0.06       1.57 f
  intadd_1_U13/CO (FA1D0)                   0.06       1.63 f
  intadd_1_U12/CO (FA1D0)                   0.06       1.68 f
  intadd_1_U11/CO (FA1D0)                   0.06       1.74 f
  intadd_1_U10/CO (FA1D0)                   0.06       1.79 f
  intadd_1_U9/CO (FA1D0)                    0.06       1.85 f
  intadd_1_U8/CO (FA1D0)                    0.06       1.90 f
  intadd_1_U7/CO (FA1D0)                    0.06       1.96 f
  intadd_1_U6/CO (FA1D0)                    0.06       2.01 f
  intadd_1_U5/CO (FA1D0)                    0.06       2.07 f
  intadd_1_U4/CO (FA1D0)                    0.06       2.12 f
  intadd_1_U3/S (FA1D0)                     0.05       2.18 f
  U301/ZN (INVD0)                           0.02       2.20 r
  U302/ZN (NR2D0)                           0.02       2.22 f
  U1136/ZN (AOI21D0)                        0.06       2.29 r
  U1138/S (FA1D0)                           0.11       2.40 f
  intadd_2_U3/CO (FA1D0)                    0.10       2.50 f
  intadd_2_U2/CO (FA1D0)                    0.06       2.56 f
  U318/ZN (XNR3D0)                          0.14       2.70 r
  U319/ZN (INVD0)                           0.04       2.74 f
  U539/ZN (OAI221D0)                        0.06       2.80 r
  DP_OP_48J1_122_5734_U61/S (CMPE42D1)      0.13       2.94 f
  U683/ZN (INVD0)                           0.02       2.96 r
  intadd_3_U5/CO (FA1D0)                    0.09       3.05 r
  intadd_3_U4/CO (FA1D0)                    0.05       3.10 r
  intadd_3_U3/CO (FA1D0)                    0.05       3.15 r
  intadd_3_U2/CO (FA1D0)                    0.05       3.20 r
  U470/ZN (XNR3D0)                          0.11       3.31 f
  U484/ZN (NR2D0)                           0.05       3.37 r
  U485/ZN (INVD0)                           0.03       3.40 f
  U663/Z (OR2D0)                            0.05       3.45 f
  DP_OP_52J1_123_4544_U19/CO (FA1D0)        0.10       3.55 f
  U459/Z (OR2D0)                            0.05       3.60 f
  U460/Z (OR2D0)                            0.05       3.65 f
  U461/Z (OR2D0)                            0.06       3.71 f
  U462/Z (OR2D0)                            0.06       3.76 f
  U463/Z (OR2D0)                            0.06       3.82 f
  U500/Z (OR2D0)                            0.06       3.88 f
  U661/Z (OR2D0)                            0.05       3.93 f
  DP_OP_52J1_123_4544_U4/S (HA1D0)          0.05       3.98 r
  U505/ZN (INVD0)                           0.01       4.00 f
  U507/ZN (AOI21D0)                         0.04       4.04 r
  U519/ZN (OAI211D0)                        0.06       4.10 f
  U531/ZN (NR3D0)                           0.06       4.16 r
  U532/ZN (CKND2D0)                         0.17       4.34 f
  U540/ZN (OAI222D0)                        0.14       4.48 r
  result[8] (out)                           0.00       4.48 r
  data arrival time                                    4.48

  clock vclk (rise edge)                   10.00      10.00
  clock network delay (ideal)               0.00      10.00
  output external delay                    -0.02       9.98
  data required time                                   9.98
  ------------------------------------------------------------
  data required time                                   9.98
  data arrival time                                   -4.48
  ------------------------------------------------------------
  slack (MET)                                          5.50


  Startpoint: y[21] (input port clocked by vclk)
  Endpoint: result[7] (output port clocked by vclk)
  Path Group: vclk
  Path Type: max

  Des/Clust/Port     Wire Load Model       Library
  ------------------------------------------------
  oadm_fixed_l3_div_opt_best2 ZeroWireload tcbn65gplustc_ccs

  Point                                     Incr       Path
  ------------------------------------------------------------
  clock vclk (rise edge)                    0.00       0.00
  clock network delay (ideal)               0.00       0.00
  input external delay                      0.02       0.02 r
  y[21] (in)                                0.01       0.03 r
  U295/Z (BUFFD0)                           0.10       0.13 r
  U320/ZN (INVD0)                           0.11       0.24 f
  U321/ZN (CKND2D0)                         0.05       0.29 r
  U334/ZN (INVD0)                           0.03       0.33 f
  U336/ZN (NR2D0)                           0.13       0.46 r
  U753/ZN (NR2XD0)                          0.13       0.59 f
  U754/ZN (AOI22D0)                         0.07       0.66 r
  U757/ZN (OAI211D0)                        0.05       0.72 f
  U758/ZN (CKND2D0)                         0.05       0.77 r
  U871/Z (OA21D0)                           0.05       0.82 r
  U872/ZN (MAOI222D0)                       0.05       0.87 f
  intadd_1_U25/CO (FA1D0)                   0.09       0.96 f
  intadd_1_U24/CO (FA1D0)                   0.06       1.02 f
  intadd_1_U23/CO (FA1D0)                   0.06       1.07 f
  intadd_1_U22/CO (FA1D0)                   0.06       1.13 f
  intadd_1_U21/CO (FA1D0)                   0.06       1.18 f
  intadd_1_U20/CO (FA1D0)                   0.06       1.24 f
  intadd_1_U19/CO (FA1D0)                   0.06       1.29 f
  intadd_1_U18/CO (FA1D0)                   0.06       1.35 f
  intadd_1_U17/CO (FA1D0)                   0.06       1.40 f
  intadd_1_U16/CO (FA1D0)                   0.06       1.46 f
  intadd_1_U15/CO (FA1D0)                   0.06       1.52 f
  intadd_1_U14/CO (FA1D0)                   0.06       1.57 f
  intadd_1_U13/CO (FA1D0)                   0.06       1.63 f
  intadd_1_U12/CO (FA1D0)                   0.06       1.68 f
  intadd_1_U11/CO (FA1D0)                   0.06       1.74 f
  intadd_1_U10/CO (FA1D0)                   0.06       1.79 f
  intadd_1_U9/CO (FA1D0)                    0.06       1.85 f
  intadd_1_U8/CO (FA1D0)                    0.06       1.90 f
  intadd_1_U7/CO (FA1D0)                    0.06       1.96 f
  intadd_1_U6/CO (FA1D0)                    0.06       2.01 f
  intadd_1_U5/CO (FA1D0)                    0.06       2.07 f
  intadd_1_U4/CO (FA1D0)                    0.06       2.12 f
  intadd_1_U3/S (FA1D0)                     0.05       2.18 f
  U301/ZN (INVD0)                           0.02       2.20 r
  U302/ZN (NR2D0)                           0.02       2.22 f
  U1136/ZN (AOI21D0)                        0.06       2.29 r
  U1138/S (FA1D0)                           0.11       2.40 f
  intadd_2_U3/CO (FA1D0)                    0.10       2.50 f
  intadd_2_U2/CO (FA1D0)                    0.06       2.56 f
  U318/ZN (XNR3D0)                          0.14       2.70 r
  U319/ZN (INVD0)                           0.04       2.74 f
  U539/ZN (OAI221D0)                        0.06       2.80 r
  DP_OP_48J1_122_5734_U61/S (CMPE42D1)      0.13       2.94 f
  U683/ZN (INVD0)                           0.02       2.96 r
  intadd_3_U5/CO (FA1D0)                    0.09       3.05 r
  intadd_3_U4/CO (FA1D0)                    0.05       3.10 r
  intadd_3_U3/CO (FA1D0)                    0.05       3.15 r
  intadd_3_U2/CO (FA1D0)                    0.05       3.20 r
  U470/ZN (XNR3D0)                          0.11       3.31 f
  U484/ZN (NR2D0)                           0.05       3.37 r
  U485/ZN (INVD0)                           0.03       3.40 f
  U663/Z (OR2D0)                            0.05       3.45 f
  DP_OP_52J1_123_4544_U19/CO (FA1D0)        0.10       3.55 f
  U459/Z (OR2D0)                            0.05       3.60 f
  U460/Z (OR2D0)                            0.05       3.65 f
  U461/Z (OR2D0)                            0.06       3.71 f
  U462/Z (OR2D0)                            0.06       3.76 f
  U463/Z (OR2D0)                            0.06       3.82 f
  U500/Z (OR2D0)                            0.06       3.88 f
  U661/Z (OR2D0)                            0.05       3.93 f
  DP_OP_52J1_123_4544_U4/S (HA1D0)          0.05       3.98 r
  U505/ZN (INVD0)                           0.01       4.00 f
  U507/ZN (AOI21D0)                         0.04       4.04 r
  U519/ZN (OAI211D0)                        0.06       4.10 f
  U531/ZN (NR3D0)                           0.06       4.16 r
  U532/ZN (CKND2D0)                         0.17       4.34 f
  U558/ZN (OAI222D0)                        0.14       4.48 r
  result[7] (out)                           0.00       4.48 r
  data arrival time                                    4.48

  clock vclk (rise edge)                   10.00      10.00
  clock network delay (ideal)               0.00      10.00
  output external delay                    -0.02       9.98
  data required time                                   9.98
  ------------------------------------------------------------
  data required time                                   9.98
  data arrival time                                   -4.48
  ------------------------------------------------------------
  slack (MET)                                          5.50


  Startpoint: y[21] (input port clocked by vclk)
  Endpoint: result[6] (output port clocked by vclk)
  Path Group: vclk
  Path Type: max

  Des/Clust/Port     Wire Load Model       Library
  ------------------------------------------------
  oadm_fixed_l3_div_opt_best2 ZeroWireload tcbn65gplustc_ccs

  Point                                     Incr       Path
  ------------------------------------------------------------
  clock vclk (rise edge)                    0.00       0.00
  clock network delay (ideal)               0.00       0.00
  input external delay                      0.02       0.02 r
  y[21] (in)                                0.01       0.03 r
  U295/Z (BUFFD0)                           0.10       0.13 r
  U320/ZN (INVD0)                           0.11       0.24 f
  U321/ZN (CKND2D0)                         0.05       0.29 r
  U334/ZN (INVD0)                           0.03       0.33 f
  U336/ZN (NR2D0)                           0.13       0.46 r
  U753/ZN (NR2XD0)                          0.13       0.59 f
  U754/ZN (AOI22D0)                         0.07       0.66 r
  U757/ZN (OAI211D0)                        0.05       0.72 f
  U758/ZN (CKND2D0)                         0.05       0.77 r
  U871/Z (OA21D0)                           0.05       0.82 r
  U872/ZN (MAOI222D0)                       0.05       0.87 f
  intadd_1_U25/CO (FA1D0)                   0.09       0.96 f
  intadd_1_U24/CO (FA1D0)                   0.06       1.02 f
  intadd_1_U23/CO (FA1D0)                   0.06       1.07 f
  intadd_1_U22/CO (FA1D0)                   0.06       1.13 f
  intadd_1_U21/CO (FA1D0)                   0.06       1.18 f
  intadd_1_U20/CO (FA1D0)                   0.06       1.24 f
  intadd_1_U19/CO (FA1D0)                   0.06       1.29 f
  intadd_1_U18/CO (FA1D0)                   0.06       1.35 f
  intadd_1_U17/CO (FA1D0)                   0.06       1.40 f
  intadd_1_U16/CO (FA1D0)                   0.06       1.46 f
  intadd_1_U15/CO (FA1D0)                   0.06       1.52 f
  intadd_1_U14/CO (FA1D0)                   0.06       1.57 f
  intadd_1_U13/CO (FA1D0)                   0.06       1.63 f
  intadd_1_U12/CO (FA1D0)                   0.06       1.68 f
  intadd_1_U11/CO (FA1D0)                   0.06       1.74 f
  intadd_1_U10/CO (FA1D0)                   0.06       1.79 f
  intadd_1_U9/CO (FA1D0)                    0.06       1.85 f
  intadd_1_U8/CO (FA1D0)                    0.06       1.90 f
  intadd_1_U7/CO (FA1D0)                    0.06       1.96 f
  intadd_1_U6/CO (FA1D0)                    0.06       2.01 f
  intadd_1_U5/CO (FA1D0)                    0.06       2.07 f
  intadd_1_U4/CO (FA1D0)                    0.06       2.12 f
  intadd_1_U3/S (FA1D0)                     0.05       2.18 f
  U301/ZN (INVD0)                           0.02       2.20 r
  U302/ZN (NR2D0)                           0.02       2.22 f
  U1136/ZN (AOI21D0)                        0.06       2.29 r
  U1138/S (FA1D0)                           0.11       2.40 f
  intadd_2_U3/CO (FA1D0)                    0.10       2.50 f
  intadd_2_U2/CO (FA1D0)                    0.06       2.56 f
  U318/ZN (XNR3D0)                          0.14       2.70 r
  U319/ZN (INVD0)                           0.04       2.74 f
  U539/ZN (OAI221D0)                        0.06       2.80 r
  DP_OP_48J1_122_5734_U61/S (CMPE42D1)      0.13       2.94 f
  U683/ZN (INVD0)                           0.02       2.96 r
  intadd_3_U5/CO (FA1D0)                    0.09       3.05 r
  intadd_3_U4/CO (FA1D0)                    0.05       3.10 r
  intadd_3_U3/CO (FA1D0)                    0.05       3.15 r
  intadd_3_U2/CO (FA1D0)                    0.05       3.20 r
  U470/ZN (XNR3D0)                          0.11       3.31 f
  U484/ZN (NR2D0)                           0.05       3.37 r
  U485/ZN (INVD0)                           0.03       3.40 f
  U663/Z (OR2D0)                            0.05       3.45 f
  DP_OP_52J1_123_4544_U19/CO (FA1D0)        0.10       3.55 f
  U459/Z (OR2D0)                            0.05       3.60 f
  U460/Z (OR2D0)                            0.05       3.65 f
  U461/Z (OR2D0)                            0.06       3.71 f
  U462/Z (OR2D0)                            0.06       3.76 f
  U463/Z (OR2D0)                            0.06       3.82 f
  U500/Z (OR2D0)                            0.06       3.88 f
  U661/Z (OR2D0)                            0.05       3.93 f
  DP_OP_52J1_123_4544_U4/S (HA1D0)          0.05       3.98 r
  U505/ZN (INVD0)                           0.01       4.00 f
  U507/ZN (AOI21D0)                         0.04       4.04 r
  U519/ZN (OAI211D0)                        0.06       4.10 f
  U531/ZN (NR3D0)                           0.06       4.16 r
  U532/ZN (CKND2D0)                         0.17       4.34 f
  U557/ZN (OAI222D0)                        0.14       4.48 r
  result[6] (out)                           0.00       4.48 r
  data arrival time                                    4.48

  clock vclk (rise edge)                   10.00      10.00
  clock network delay (ideal)               0.00      10.00
  output external delay                    -0.02       9.98
  data required time                                   9.98
  ------------------------------------------------------------
  data required time                                   9.98
  data arrival time                                   -4.48
  ------------------------------------------------------------
  slack (MET)                                          5.50


  Startpoint: y[21] (input port clocked by vclk)
  Endpoint: result[5] (output port clocked by vclk)
  Path Group: vclk
  Path Type: max

  Des/Clust/Port     Wire Load Model       Library
  ------------------------------------------------
  oadm_fixed_l3_div_opt_best2 ZeroWireload tcbn65gplustc_ccs

  Point                                     Incr       Path
  ------------------------------------------------------------
  clock vclk (rise edge)                    0.00       0.00
  clock network delay (ideal)               0.00       0.00
  input external delay                      0.02       0.02 r
  y[21] (in)                                0.01       0.03 r
  U295/Z (BUFFD0)                           0.10       0.13 r
  U320/ZN (INVD0)                           0.11       0.24 f
  U321/ZN (CKND2D0)                         0.05       0.29 r
  U334/ZN (INVD0)                           0.03       0.33 f
  U336/ZN (NR2D0)                           0.13       0.46 r
  U753/ZN (NR2XD0)                          0.13       0.59 f
  U754/ZN (AOI22D0)                         0.07       0.66 r
  U757/ZN (OAI211D0)                        0.05       0.72 f
  U758/ZN (CKND2D0)                         0.05       0.77 r
  U871/Z (OA21D0)                           0.05       0.82 r
  U872/ZN (MAOI222D0)                       0.05       0.87 f
  intadd_1_U25/CO (FA1D0)                   0.09       0.96 f
  intadd_1_U24/CO (FA1D0)                   0.06       1.02 f
  intadd_1_U23/CO (FA1D0)                   0.06       1.07 f
  intadd_1_U22/CO (FA1D0)                   0.06       1.13 f
  intadd_1_U21/CO (FA1D0)                   0.06       1.18 f
  intadd_1_U20/CO (FA1D0)                   0.06       1.24 f
  intadd_1_U19/CO (FA1D0)                   0.06       1.29 f
  intadd_1_U18/CO (FA1D0)                   0.06       1.35 f
  intadd_1_U17/CO (FA1D0)                   0.06       1.40 f
  intadd_1_U16/CO (FA1D0)                   0.06       1.46 f
  intadd_1_U15/CO (FA1D0)                   0.06       1.52 f
  intadd_1_U14/CO (FA1D0)                   0.06       1.57 f
  intadd_1_U13/CO (FA1D0)                   0.06       1.63 f
  intadd_1_U12/CO (FA1D0)                   0.06       1.68 f
  intadd_1_U11/CO (FA1D0)                   0.06       1.74 f
  intadd_1_U10/CO (FA1D0)                   0.06       1.79 f
  intadd_1_U9/CO (FA1D0)                    0.06       1.85 f
  intadd_1_U8/CO (FA1D0)                    0.06       1.90 f
  intadd_1_U7/CO (FA1D0)                    0.06       1.96 f
  intadd_1_U6/CO (FA1D0)                    0.06       2.01 f
  intadd_1_U5/CO (FA1D0)                    0.06       2.07 f
  intadd_1_U4/CO (FA1D0)                    0.06       2.12 f
  intadd_1_U3/S (FA1D0)                     0.05       2.18 f
  U301/ZN (INVD0)                           0.02       2.20 r
  U302/ZN (NR2D0)                           0.02       2.22 f
  U1136/ZN (AOI21D0)                        0.06       2.29 r
  U1138/S (FA1D0)                           0.11       2.40 f
  intadd_2_U3/CO (FA1D0)                    0.10       2.50 f
  intadd_2_U2/CO (FA1D0)                    0.06       2.56 f
  U318/ZN (XNR3D0)                          0.14       2.70 r
  U319/ZN (INVD0)                           0.04       2.74 f
  U539/ZN (OAI221D0)                        0.06       2.80 r
  DP_OP_48J1_122_5734_U61/S (CMPE42D1)      0.13       2.94 f
  U683/ZN (INVD0)                           0.02       2.96 r
  intadd_3_U5/CO (FA1D0)                    0.09       3.05 r
  intadd_3_U4/CO (FA1D0)                    0.05       3.10 r
  intadd_3_U3/CO (FA1D0)                    0.05       3.15 r
  intadd_3_U2/CO (FA1D0)                    0.05       3.20 r
  U470/ZN (XNR3D0)                          0.11       3.31 f
  U484/ZN (NR2D0)                           0.05       3.37 r
  U485/ZN (INVD0)                           0.03       3.40 f
  U663/Z (OR2D0)                            0.05       3.45 f
  DP_OP_52J1_123_4544_U19/CO (FA1D0)        0.10       3.55 f
  U459/Z (OR2D0)                            0.05       3.60 f
  U460/Z (OR2D0)                            0.05       3.65 f
  U461/Z (OR2D0)                            0.06       3.71 f
  U462/Z (OR2D0)                            0.06       3.76 f
  U463/Z (OR2D0)                            0.06       3.82 f
  U500/Z (OR2D0)                            0.06       3.88 f
  U661/Z (OR2D0)                            0.05       3.93 f
  DP_OP_52J1_123_4544_U4/S (HA1D0)          0.05       3.98 r
  U505/ZN (INVD0)                           0.01       4.00 f
  U507/ZN (AOI21D0)                         0.04       4.04 r
  U519/ZN (OAI211D0)                        0.06       4.10 f
  U531/ZN (NR3D0)                           0.06       4.16 r
  U532/ZN (CKND2D0)                         0.17       4.34 f
  U556/ZN (OAI222D0)                        0.14       4.48 r
  result[5] (out)                           0.00       4.48 r
  data arrival time                                    4.48

  clock vclk (rise edge)                   10.00      10.00
  clock network delay (ideal)               0.00      10.00
  output external delay                    -0.02       9.98
  data required time                                   9.98
  ------------------------------------------------------------
  data required time                                   9.98
  data arrival time                                   -4.48
  ------------------------------------------------------------
  slack (MET)                                          5.50


  Startpoint: y[21] (input port clocked by vclk)
  Endpoint: result[4] (output port clocked by vclk)
  Path Group: vclk
  Path Type: max

  Des/Clust/Port     Wire Load Model       Library
  ------------------------------------------------
  oadm_fixed_l3_div_opt_best2 ZeroWireload tcbn65gplustc_ccs

  Point                                     Incr       Path
  ------------------------------------------------------------
  clock vclk (rise edge)                    0.00       0.00
  clock network delay (ideal)               0.00       0.00
  input external delay                      0.02       0.02 r
  y[21] (in)                                0.01       0.03 r
  U295/Z (BUFFD0)                           0.10       0.13 r
  U320/ZN (INVD0)                           0.11       0.24 f
  U321/ZN (CKND2D0)                         0.05       0.29 r
  U334/ZN (INVD0)                           0.03       0.33 f
  U336/ZN (NR2D0)                           0.13       0.46 r
  U753/ZN (NR2XD0)                          0.13       0.59 f
  U754/ZN (AOI22D0)                         0.07       0.66 r
  U757/ZN (OAI211D0)                        0.05       0.72 f
  U758/ZN (CKND2D0)                         0.05       0.77 r
  U871/Z (OA21D0)                           0.05       0.82 r
  U872/ZN (MAOI222D0)                       0.05       0.87 f
  intadd_1_U25/CO (FA1D0)                   0.09       0.96 f
  intadd_1_U24/CO (FA1D0)                   0.06       1.02 f
  intadd_1_U23/CO (FA1D0)                   0.06       1.07 f
  intadd_1_U22/CO (FA1D0)                   0.06       1.13 f
  intadd_1_U21/CO (FA1D0)                   0.06       1.18 f
  intadd_1_U20/CO (FA1D0)                   0.06       1.24 f
  intadd_1_U19/CO (FA1D0)                   0.06       1.29 f
  intadd_1_U18/CO (FA1D0)                   0.06       1.35 f
  intadd_1_U17/CO (FA1D0)                   0.06       1.40 f
  intadd_1_U16/CO (FA1D0)                   0.06       1.46 f
  intadd_1_U15/CO (FA1D0)                   0.06       1.52 f
  intadd_1_U14/CO (FA1D0)                   0.06       1.57 f
  intadd_1_U13/CO (FA1D0)                   0.06       1.63 f
  intadd_1_U12/CO (FA1D0)                   0.06       1.68 f
  intadd_1_U11/CO (FA1D0)                   0.06       1.74 f
  intadd_1_U10/CO (FA1D0)                   0.06       1.79 f
  intadd_1_U9/CO (FA1D0)                    0.06       1.85 f
  intadd_1_U8/CO (FA1D0)                    0.06       1.90 f
  intadd_1_U7/CO (FA1D0)                    0.06       1.96 f
  intadd_1_U6/CO (FA1D0)                    0.06       2.01 f
  intadd_1_U5/CO (FA1D0)                    0.06       2.07 f
  intadd_1_U4/CO (FA1D0)                    0.06       2.12 f
  intadd_1_U3/S (FA1D0)                     0.05       2.18 f
  U301/ZN (INVD0)                           0.02       2.20 r
  U302/ZN (NR2D0)                           0.02       2.22 f
  U1136/ZN (AOI21D0)                        0.06       2.29 r
  U1138/S (FA1D0)                           0.11       2.40 f
  intadd_2_U3/CO (FA1D0)                    0.10       2.50 f
  intadd_2_U2/CO (FA1D0)                    0.06       2.56 f
  U318/ZN (XNR3D0)                          0.14       2.70 r
  U319/ZN (INVD0)                           0.04       2.74 f
  U539/ZN (OAI221D0)                        0.06       2.80 r
  DP_OP_48J1_122_5734_U61/S (CMPE42D1)      0.13       2.94 f
  U683/ZN (INVD0)                           0.02       2.96 r
  intadd_3_U5/CO (FA1D0)                    0.09       3.05 r
  intadd_3_U4/CO (FA1D0)                    0.05       3.10 r
  intadd_3_U3/CO (FA1D0)                    0.05       3.15 r
  intadd_3_U2/CO (FA1D0)                    0.05       3.20 r
  U470/ZN (XNR3D0)                          0.11       3.31 f
  U484/ZN (NR2D0)                           0.05       3.37 r
  U485/ZN (INVD0)                           0.03       3.40 f
  U663/Z (OR2D0)                            0.05       3.45 f
  DP_OP_52J1_123_4544_U19/CO (FA1D0)        0.10       3.55 f
  U459/Z (OR2D0)                            0.05       3.60 f
  U460/Z (OR2D0)                            0.05       3.65 f
  U461/Z (OR2D0)                            0.06       3.71 f
  U462/Z (OR2D0)                            0.06       3.76 f
  U463/Z (OR2D0)                            0.06       3.82 f
  U500/Z (OR2D0)                            0.06       3.88 f
  U661/Z (OR2D0)                            0.05       3.93 f
  DP_OP_52J1_123_4544_U4/S (HA1D0)          0.05       3.98 r
  U505/ZN (INVD0)                           0.01       4.00 f
  U507/ZN (AOI21D0)                         0.04       4.04 r
  U519/ZN (OAI211D0)                        0.06       4.10 f
  U531/ZN (NR3D0)                           0.06       4.16 r
  U532/ZN (CKND2D0)                         0.17       4.34 f
  U555/ZN (OAI222D0)                        0.14       4.48 r
  result[4] (out)                           0.00       4.48 r
  data arrival time                                    4.48

  clock vclk (rise edge)                   10.00      10.00
  clock network delay (ideal)               0.00      10.00
  output external delay                    -0.02       9.98
  data required time                                   9.98
  ------------------------------------------------------------
  data required time                                   9.98
  data arrival time                                   -4.48
  ------------------------------------------------------------
  slack (MET)                                          5.50


  Startpoint: y[21] (input port clocked by vclk)
  Endpoint: result[2] (output port clocked by vclk)
  Path Group: vclk
  Path Type: max

  Des/Clust/Port     Wire Load Model       Library
  ------------------------------------------------
  oadm_fixed_l3_div_opt_best2 ZeroWireload tcbn65gplustc_ccs

  Point                                     Incr       Path
  ------------------------------------------------------------
  clock vclk (rise edge)                    0.00       0.00
  clock network delay (ideal)               0.00       0.00
  input external delay                      0.02       0.02 r
  y[21] (in)                                0.01       0.03 r
  U295/Z (BUFFD0)                           0.10       0.13 r
  U320/ZN (INVD0)                           0.11       0.24 f
  U321/ZN (CKND2D0)                         0.05       0.29 r
  U334/ZN (INVD0)                           0.03       0.33 f
  U336/ZN (NR2D0)                           0.13       0.46 r
  U753/ZN (NR2XD0)                          0.13       0.59 f
  U754/ZN (AOI22D0)                         0.07       0.66 r
  U757/ZN (OAI211D0)                        0.05       0.72 f
  U758/ZN (CKND2D0)                         0.05       0.77 r
  U871/Z (OA21D0)                           0.05       0.82 r
  U872/ZN (MAOI222D0)                       0.05       0.87 f
  intadd_1_U25/CO (FA1D0)                   0.09       0.96 f
  intadd_1_U24/CO (FA1D0)                   0.06       1.02 f
  intadd_1_U23/CO (FA1D0)                   0.06       1.07 f
  intadd_1_U22/CO (FA1D0)                   0.06       1.13 f
  intadd_1_U21/CO (FA1D0)                   0.06       1.18 f
  intadd_1_U20/CO (FA1D0)                   0.06       1.24 f
  intadd_1_U19/CO (FA1D0)                   0.06       1.29 f
  intadd_1_U18/CO (FA1D0)                   0.06       1.35 f
  intadd_1_U17/CO (FA1D0)                   0.06       1.40 f
  intadd_1_U16/CO (FA1D0)                   0.06       1.46 f
  intadd_1_U15/CO (FA1D0)                   0.06       1.52 f
  intadd_1_U14/CO (FA1D0)                   0.06       1.57 f
  intadd_1_U13/CO (FA1D0)                   0.06       1.63 f
  intadd_1_U12/CO (FA1D0)                   0.06       1.68 f
  intadd_1_U11/CO (FA1D0)                   0.06       1.74 f
  intadd_1_U10/CO (FA1D0)                   0.06       1.79 f
  intadd_1_U9/CO (FA1D0)                    0.06       1.85 f
  intadd_1_U8/CO (FA1D0)                    0.06       1.90 f
  intadd_1_U7/CO (FA1D0)                    0.06       1.96 f
  intadd_1_U6/CO (FA1D0)                    0.06       2.01 f
  intadd_1_U5/CO (FA1D0)                    0.06       2.07 f
  intadd_1_U4/CO (FA1D0)                    0.06       2.12 f
  intadd_1_U3/S (FA1D0)                     0.05       2.18 f
  U301/ZN (INVD0)                           0.02       2.20 r
  U302/ZN (NR2D0)                           0.02       2.22 f
  U1136/ZN (AOI21D0)                        0.06       2.29 r
  U1138/S (FA1D0)                           0.11       2.40 f
  intadd_2_U3/CO (FA1D0)                    0.10       2.50 f
  intadd_2_U2/CO (FA1D0)                    0.06       2.56 f
  U318/ZN (XNR3D0)                          0.14       2.70 r
  U319/ZN (INVD0)                           0.04       2.74 f
  U539/ZN (OAI221D0)                        0.06       2.80 r
  DP_OP_48J1_122_5734_U61/S (CMPE42D1)      0.13       2.94 f
  U683/ZN (INVD0)                           0.02       2.96 r
  intadd_3_U5/CO (FA1D0)                    0.09       3.05 r
  intadd_3_U4/CO (FA1D0)                    0.05       3.10 r
  intadd_3_U3/CO (FA1D0)                    0.05       3.15 r
  intadd_3_U2/CO (FA1D0)                    0.05       3.20 r
  U470/ZN (XNR3D0)                          0.11       3.31 f
  U484/ZN (NR2D0)                           0.05       3.37 r
  U485/ZN (INVD0)                           0.03       3.40 f
  U663/Z (OR2D0)                            0.05       3.45 f
  DP_OP_52J1_123_4544_U19/CO (FA1D0)        0.10       3.55 f
  U459/Z (OR2D0)                            0.05       3.60 f
  U460/Z (OR2D0)                            0.05       3.65 f
  U461/Z (OR2D0)                            0.06       3.71 f
  U462/Z (OR2D0)                            0.06       3.76 f
  U463/Z (OR2D0)                            0.06       3.82 f
  U500/Z (OR2D0)                            0.06       3.88 f
  U661/Z (OR2D0)                            0.05       3.93 f
  DP_OP_52J1_123_4544_U4/S (HA1D0)          0.05       3.98 r
  U505/ZN (INVD0)                           0.01       4.00 f
  U507/ZN (AOI21D0)                         0.04       4.04 r
  U519/ZN (OAI211D0)                        0.06       4.10 f
  U531/ZN (NR3D0)                           0.06       4.16 r
  U532/ZN (CKND2D0)                         0.17       4.34 f
  U553/ZN (OAI222D0)                        0.14       4.48 r
  result[2] (out)                           0.00       4.48 r
  data arrival time                                    4.48

  clock vclk (rise edge)                   10.00      10.00
  clock network delay (ideal)               0.00      10.00
  output external delay                    -0.02       9.98
  data required time                                   9.98
  ------------------------------------------------------------
  data required time                                   9.98
  data arrival time                                   -4.48
  ------------------------------------------------------------
  slack (MET)                                          5.50


  Startpoint: y[21] (input port clocked by vclk)
  Endpoint: result[3] (output port clocked by vclk)
  Path Group: vclk
  Path Type: max

  Des/Clust/Port     Wire Load Model       Library
  ------------------------------------------------
  oadm_fixed_l3_div_opt_best2 ZeroWireload tcbn65gplustc_ccs

  Point                                     Incr       Path
  ------------------------------------------------------------
  clock vclk (rise edge)                    0.00       0.00
  clock network delay (ideal)               0.00       0.00
  input external delay                      0.02       0.02 r
  y[21] (in)                                0.01       0.03 r
  U295/Z (BUFFD0)                           0.10       0.13 r
  U320/ZN (INVD0)                           0.11       0.24 f
  U321/ZN (CKND2D0)                         0.05       0.29 r
  U334/ZN (INVD0)                           0.03       0.33 f
  U336/ZN (NR2D0)                           0.13       0.46 r
  U753/ZN (NR2XD0)                          0.13       0.59 f
  U754/ZN (AOI22D0)                         0.07       0.66 r
  U757/ZN (OAI211D0)                        0.05       0.72 f
  U758/ZN (CKND2D0)                         0.05       0.77 r
  U871/Z (OA21D0)                           0.05       0.82 r
  U872/ZN (MAOI222D0)                       0.05       0.87 f
  intadd_1_U25/CO (FA1D0)                   0.09       0.96 f
  intadd_1_U24/CO (FA1D0)                   0.06       1.02 f
  intadd_1_U23/CO (FA1D0)                   0.06       1.07 f
  intadd_1_U22/CO (FA1D0)                   0.06       1.13 f
  intadd_1_U21/CO (FA1D0)                   0.06       1.18 f
  intadd_1_U20/CO (FA1D0)                   0.06       1.24 f
  intadd_1_U19/CO (FA1D0)                   0.06       1.29 f
  intadd_1_U18/CO (FA1D0)                   0.06       1.35 f
  intadd_1_U17/CO (FA1D0)                   0.06       1.40 f
  intadd_1_U16/CO (FA1D0)                   0.06       1.46 f
  intadd_1_U15/CO (FA1D0)                   0.06       1.52 f
  intadd_1_U14/CO (FA1D0)                   0.06       1.57 f
  intadd_1_U13/CO (FA1D0)                   0.06       1.63 f
  intadd_1_U12/CO (FA1D0)                   0.06       1.68 f
  intadd_1_U11/CO (FA1D0)                   0.06       1.74 f
  intadd_1_U10/CO (FA1D0)                   0.06       1.79 f
  intadd_1_U9/CO (FA1D0)                    0.06       1.85 f
  intadd_1_U8/CO (FA1D0)                    0.06       1.90 f
  intadd_1_U7/CO (FA1D0)                    0.06       1.96 f
  intadd_1_U6/CO (FA1D0)                    0.06       2.01 f
  intadd_1_U5/CO (FA1D0)                    0.06       2.07 f
  intadd_1_U4/CO (FA1D0)                    0.06       2.12 f
  intadd_1_U3/S (FA1D0)                     0.05       2.18 f
  U301/ZN (INVD0)                           0.02       2.20 r
  U302/ZN (NR2D0)                           0.02       2.22 f
  U1136/ZN (AOI21D0)                        0.06       2.29 r
  U1138/S (FA1D0)                           0.11       2.40 f
  intadd_2_U3/CO (FA1D0)                    0.10       2.50 f
  intadd_2_U2/CO (FA1D0)                    0.06       2.56 f
  U318/ZN (XNR3D0)                          0.14       2.70 r
  U319/ZN (INVD0)                           0.04       2.74 f
  U539/ZN (OAI221D0)                        0.06       2.80 r
  DP_OP_48J1_122_5734_U61/S (CMPE42D1)      0.13       2.94 f
  U683/ZN (INVD0)                           0.02       2.96 r
  intadd_3_U5/CO (FA1D0)                    0.09       3.05 r
  intadd_3_U4/CO (FA1D0)                    0.05       3.10 r
  intadd_3_U3/CO (FA1D0)                    0.05       3.15 r
  intadd_3_U2/CO (FA1D0)                    0.05       3.20 r
  U470/ZN (XNR3D0)                          0.11       3.31 f
  U484/ZN (NR2D0)                           0.05       3.37 r
  U485/ZN (INVD0)                           0.03       3.40 f
  U663/Z (OR2D0)                            0.05       3.45 f
  DP_OP_52J1_123_4544_U19/CO (FA1D0)        0.10       3.55 f
  U459/Z (OR2D0)                            0.05       3.60 f
  U460/Z (OR2D0)                            0.05       3.65 f
  U461/Z (OR2D0)                            0.06       3.71 f
  U462/Z (OR2D0)                            0.06       3.76 f
  U463/Z (OR2D0)                            0.06       3.82 f
  U500/Z (OR2D0)                            0.06       3.88 f
  U661/Z (OR2D0)                            0.05       3.93 f
  DP_OP_52J1_123_4544_U4/S (HA1D0)          0.05       3.98 r
  U505/ZN (INVD0)                           0.01       4.00 f
  U507/ZN (AOI21D0)                         0.04       4.04 r
  U519/ZN (OAI211D0)                        0.06       4.10 f
  U531/ZN (NR3D0)                           0.06       4.16 r
  U532/ZN (CKND2D0)                         0.17       4.34 f
  U537/ZN (OAI222D0)                        0.13       4.47 r
  result[3] (out)                           0.00       4.47 r
  data arrival time                                    4.47

  clock vclk (rise edge)                   10.00      10.00
  clock network delay (ideal)               0.00      10.00
  output external delay                    -0.02       9.98
  data required time                                   9.98
  ------------------------------------------------------------
  data required time                                   9.98
  data arrival time                                   -4.47
  ------------------------------------------------------------
  slack (MET)                                          5.51


1
