 
****************************************
Report : timing
        -path full
        -delay max
        -nworst 10
        -max_paths 10
Design : oadm_fixed_l3_div_root_opt
Version: U-2022.12-SP7
Date   : Thu Sep  3 12:51:46 2026
****************************************

Operating Conditions: NCCOM   Library: tcbn65gplustc_ccs
Wire Load Model Mode: segmented

  Startpoint: y[20] (input port clocked by vclk)
  Endpoint: result[30] (output port clocked by vclk)
  Path Group: vclk
  Path Type: max

  Des/Clust/Port     Wire Load Model       Library
  ------------------------------------------------
  oadm_fixed_l3_div_root_opt ZeroWireload  tcbn65gplustc_ccs
  oadm_fixed_div_root_opt_3_16_16_8_e3_b6_95_7c_69_5a_4e_44 ZeroWireload tcbn65gplustc_ccs
  fp32_normal_finite_wrapper ZeroWireload  tcbn65gplustc_ccs
  oadm_runtime_plane_pruned_RESIDUAL_DROP16_DW_mult_uns_0 ZeroWireload tcbn65gplustc_ccs
  oadm_runtime_plane_pruned_RESIDUAL_DROP16 ZeroWireload tcbn65gplustc_ccs
  oadm_runtime_plane_pruned_RESIDUAL_DROP16_DW_mult_tc_0 ZeroWireload tcbn65gplustc_ccs
  oadm_fixed_div_root_opt_3_16_16_8_e3_b6_95_7c_69_5a_4e_44_DW_mult_uns_0_DW_mult_uns_1 ZeroWireload tcbn65gplustc_ccs

  Point                                                                                                                            Incr       Path
  ---------------------------------------------------------------------------------------------------------------------------------------------------
  clock vclk (rise edge)                                                                                                           0.00       0.00
  clock network delay (ideal)                                                                                                      0.00       0.00
  input external delay                                                                                                             0.02       0.02 r
  y[20] (in)                                                                                                                       0.01       0.03 r
  implementation/y[20] (oadm_fixed_div_root_opt_3_16_16_8_e3_b6_95_7c_69_5a_4e_44)                                                 0.00       0.03 r
  implementation/fp_wrapper/y[20] (fp32_normal_finite_wrapper)                                                                     0.00       0.03 r
  implementation/fp_wrapper/U55/Z (CKBD1)                                                                                          0.09       0.12 r
  implementation/fp_wrapper/fraction_y[20] (fp32_normal_finite_wrapper)                                                            0.00       0.12 r
  implementation/plane/y_mantissa[20] (oadm_runtime_plane_pruned_RESIDUAL_DROP16)                                                  0.00       0.12 r
  implementation/plane/mult_58/b[1] (oadm_runtime_plane_pruned_RESIDUAL_DROP16_DW_mult_tc_0)                                       0.00       0.12 r
  implementation/plane/mult_58/U112/ZN (XNR2D0)                                                                                    0.13       0.25 r
  implementation/plane/mult_58/U108/ZN (OAI211D0)                                                                                  0.11       0.36 f
  implementation/plane/mult_58/U132/ZN (OAI22D0)                                                                                   0.08       0.44 r
  implementation/plane/mult_58/U25/S (HA1D0)                                                                                       0.07       0.51 f
  implementation/plane/mult_58/U10/CO (FA1D0)                                                                                      0.10       0.61 f
  implementation/plane/mult_58/U9/S (FA1D0)                                                                                        0.08       0.69 r
  implementation/plane/mult_58/product[4] (oadm_runtime_plane_pruned_RESIDUAL_DROP16_DW_mult_tc_0)                                 0.00       0.69 r
  implementation/plane/U72/S (FA1D0)                                                                                               0.10       0.79 f
  implementation/plane/U62/CO (FA1D0)                                                                                              0.10       0.89 f
  implementation/plane/U60/CO (FA1D0)                                                                                              0.06       0.94 f
  implementation/plane/U57/CO (FA1D0)                                                                                              0.06       1.00 f
  implementation/plane/U52/CO (FA1D0)                                                                                              0.06       1.05 f
  implementation/plane/U44/CO (FA1D0)                                                                                              0.06       1.11 f
  implementation/plane/U40/CO (FA1D0)                                                                                              0.06       1.17 f
  implementation/plane/U36/CO (FA1D0)                                                                                              0.06       1.22 f
  implementation/plane/U33/CO (FA1D0)                                                                                              0.06       1.28 f
  implementation/plane/U22/S (FA1D0)                                                                                               0.07       1.35 r
  implementation/plane/plane_exact[24] (oadm_runtime_plane_pruned_RESIDUAL_DROP16)                                                 0.00       1.35 r
  implementation/mult_219/a[8] (oadm_fixed_div_root_opt_3_16_16_8_e3_b6_95_7c_69_5a_4e_44_DW_mult_uns_0_DW_mult_uns_1)             0.00       1.35 r
  implementation/mult_219/U147/ZN (INVD1)                                                                                          0.02       1.37 f
  implementation/mult_219/U170/ZN (NR2D0)                                                                                          0.05       1.41 r
  implementation/mult_219/U31/S (CMPE42D1)                                                                                         0.19       1.61 f
  implementation/mult_219/U30/S (CMPE42D1)                                                                                         0.17       1.78 f
  implementation/mult_219/U9/CO (FA1D0)                                                                                            0.10       1.88 f
  implementation/mult_219/U8/CO (FA1D0)                                                                                            0.06       1.94 f
  implementation/mult_219/U7/CO (FA1D0)                                                                                            0.06       1.99 f
  implementation/mult_219/U6/CO (FA1D0)                                                                                            0.06       2.05 f
  implementation/mult_219/U5/CO (FA1D0)                                                                                            0.06       2.10 f
  implementation/mult_219/U4/CO (FA1D0)                                                                                            0.06       2.16 f
  implementation/mult_219/U3/CO (FA1D0)                                                                                            0.05       2.21 f
  implementation/mult_219/U156/Z (XOR3D0)                                                                                          0.10       2.31 f
  implementation/mult_219/product[15] (oadm_fixed_div_root_opt_3_16_16_8_e3_b6_95_7c_69_5a_4e_44_DW_mult_uns_0_DW_mult_uns_1)      0.00       2.31 f
  implementation/U33/ZN (INVD1)                                                                                                    0.06       2.37 r
  implementation/U8/ZN (ND2D1)                                                                                                     0.08       2.45 f
  implementation/U3/ZN (ND2D1)                                                                                                     0.09       2.55 r
  implementation/fp_wrapper/exponent_adjust[1] (fp32_normal_finite_wrapper)                                                        0.00       2.55 r
  implementation/fp_wrapper/U40/CO (FA1D0)                                                                                         0.10       2.65 r
  implementation/fp_wrapper/U41/CO (FA1D0)                                                                                         0.05       2.70 r
  implementation/fp_wrapper/U42/CO (FA1D0)                                                                                         0.05       2.75 r
  implementation/fp_wrapper/U43/CO (FA1D0)                                                                                         0.05       2.80 r
  implementation/fp_wrapper/U44/CO (FA1D0)                                                                                         0.05       2.85 r
  implementation/fp_wrapper/U45/CO (FA1D0)                                                                                         0.05       2.90 r
  implementation/fp_wrapper/U54/Z (XOR3D1)                                                                                         0.08       2.98 f
  implementation/fp_wrapper/result[30] (fp32_normal_finite_wrapper)                                                                0.00       2.98 f
  implementation/result[30] (oadm_fixed_div_root_opt_3_16_16_8_e3_b6_95_7c_69_5a_4e_44)                                            0.00       2.98 f
  result[30] (out)                                                                                                                 0.00       2.98 f
  data arrival time                                                                                                                           2.98

  clock vclk (rise edge)                                                                                                          10.00      10.00
  clock network delay (ideal)                                                                                                      0.00      10.00
  output external delay                                                                                                           -0.02       9.98
  data required time                                                                                                                          9.98
  ---------------------------------------------------------------------------------------------------------------------------------------------------
  data required time                                                                                                                          9.98
  data arrival time                                                                                                                          -2.98
  ---------------------------------------------------------------------------------------------------------------------------------------------------
  slack (MET)                                                                                                                                 7.00


  Startpoint: y[20] (input port clocked by vclk)
  Endpoint: result[30] (output port clocked by vclk)
  Path Group: vclk
  Path Type: max

  Des/Clust/Port     Wire Load Model       Library
  ------------------------------------------------
  oadm_fixed_l3_div_root_opt ZeroWireload  tcbn65gplustc_ccs
  oadm_fixed_div_root_opt_3_16_16_8_e3_b6_95_7c_69_5a_4e_44 ZeroWireload tcbn65gplustc_ccs
  fp32_normal_finite_wrapper ZeroWireload  tcbn65gplustc_ccs
  oadm_runtime_plane_pruned_RESIDUAL_DROP16_DW_mult_uns_0 ZeroWireload tcbn65gplustc_ccs
  oadm_runtime_plane_pruned_RESIDUAL_DROP16 ZeroWireload tcbn65gplustc_ccs
  oadm_runtime_plane_pruned_RESIDUAL_DROP16_DW_mult_tc_0 ZeroWireload tcbn65gplustc_ccs
  oadm_fixed_div_root_opt_3_16_16_8_e3_b6_95_7c_69_5a_4e_44_DW_mult_uns_0_DW_mult_uns_1 ZeroWireload tcbn65gplustc_ccs

  Point                                                                                                                            Incr       Path
  ---------------------------------------------------------------------------------------------------------------------------------------------------
  clock vclk (rise edge)                                                                                                           0.00       0.00
  clock network delay (ideal)                                                                                                      0.00       0.00
  input external delay                                                                                                             0.02       0.02 r
  y[20] (in)                                                                                                                       0.01       0.03 r
  implementation/y[20] (oadm_fixed_div_root_opt_3_16_16_8_e3_b6_95_7c_69_5a_4e_44)                                                 0.00       0.03 r
  implementation/fp_wrapper/y[20] (fp32_normal_finite_wrapper)                                                                     0.00       0.03 r
  implementation/fp_wrapper/U55/Z (CKBD1)                                                                                          0.09       0.12 r
  implementation/fp_wrapper/fraction_y[20] (fp32_normal_finite_wrapper)                                                            0.00       0.12 r
  implementation/plane/y_mantissa[20] (oadm_runtime_plane_pruned_RESIDUAL_DROP16)                                                  0.00       0.12 r
  implementation/plane/mult_58/b[1] (oadm_runtime_plane_pruned_RESIDUAL_DROP16_DW_mult_tc_0)                                       0.00       0.12 r
  implementation/plane/mult_58/U112/ZN (XNR2D0)                                                                                    0.13       0.25 r
  implementation/plane/mult_58/U108/ZN (OAI211D0)                                                                                  0.11       0.36 f
  implementation/plane/mult_58/U132/ZN (OAI22D0)                                                                                   0.08       0.44 r
  implementation/plane/mult_58/U25/S (HA1D0)                                                                                       0.07       0.51 f
  implementation/plane/mult_58/U10/CO (FA1D0)                                                                                      0.10       0.61 f
  implementation/plane/mult_58/U9/S (FA1D0)                                                                                        0.08       0.69 r
  implementation/plane/mult_58/product[4] (oadm_runtime_plane_pruned_RESIDUAL_DROP16_DW_mult_tc_0)                                 0.00       0.69 r
  implementation/plane/U72/S (FA1D0)                                                                                               0.10       0.79 f
  implementation/plane/U62/CO (FA1D0)                                                                                              0.10       0.89 f
  implementation/plane/U60/CO (FA1D0)                                                                                              0.06       0.94 f
  implementation/plane/U57/CO (FA1D0)                                                                                              0.06       1.00 f
  implementation/plane/U52/CO (FA1D0)                                                                                              0.06       1.05 f
  implementation/plane/U44/CO (FA1D0)                                                                                              0.06       1.11 f
  implementation/plane/U40/CO (FA1D0)                                                                                              0.06       1.17 f
  implementation/plane/U36/CO (FA1D0)                                                                                              0.06       1.22 f
  implementation/plane/U33/CO (FA1D0)                                                                                              0.06       1.28 f
  implementation/plane/U22/S (FA1D0)                                                                                               0.07       1.35 r
  implementation/plane/plane_exact[24] (oadm_runtime_plane_pruned_RESIDUAL_DROP16)                                                 0.00       1.35 r
  implementation/mult_219/a[8] (oadm_fixed_div_root_opt_3_16_16_8_e3_b6_95_7c_69_5a_4e_44_DW_mult_uns_0_DW_mult_uns_1)             0.00       1.35 r
  implementation/mult_219/U147/ZN (INVD1)                                                                                          0.02       1.37 f
  implementation/mult_219/U170/ZN (NR2D0)                                                                                          0.05       1.41 r
  implementation/mult_219/U31/S (CMPE42D1)                                                                                         0.19       1.61 f
  implementation/mult_219/U30/S (CMPE42D1)                                                                                         0.17       1.78 f
  implementation/mult_219/U9/CO (FA1D0)                                                                                            0.10       1.88 f
  implementation/mult_219/U8/CO (FA1D0)                                                                                            0.06       1.94 f
  implementation/mult_219/U7/CO (FA1D0)                                                                                            0.06       1.99 f
  implementation/mult_219/U6/CO (FA1D0)                                                                                            0.06       2.05 f
  implementation/mult_219/U5/CO (FA1D0)                                                                                            0.06       2.10 f
  implementation/mult_219/U4/CO (FA1D0)                                                                                            0.06       2.16 f
  implementation/mult_219/U3/CO (FA1D0)                                                                                            0.05       2.21 f
  implementation/mult_219/U156/Z (XOR3D0)                                                                                          0.10       2.31 f
  implementation/mult_219/product[15] (oadm_fixed_div_root_opt_3_16_16_8_e3_b6_95_7c_69_5a_4e_44_DW_mult_uns_0_DW_mult_uns_1)      0.00       2.31 f
  implementation/U33/ZN (INVD1)                                                                                                    0.06       2.37 r
  implementation/U8/ZN (ND2D1)                                                                                                     0.08       2.45 f
  implementation/U3/ZN (ND2D1)                                                                                                     0.09       2.55 r
  implementation/fp_wrapper/exponent_adjust[1] (fp32_normal_finite_wrapper)                                                        0.00       2.55 r
  implementation/fp_wrapper/U40/CO (FA1D0)                                                                                         0.10       2.65 r
  implementation/fp_wrapper/U41/CO (FA1D0)                                                                                         0.05       2.70 r
  implementation/fp_wrapper/U42/CO (FA1D0)                                                                                         0.05       2.75 r
  implementation/fp_wrapper/U43/CO (FA1D0)                                                                                         0.05       2.80 r
  implementation/fp_wrapper/U44/CO (FA1D0)                                                                                         0.05       2.85 r
  implementation/fp_wrapper/U45/CO (FA1D0)                                                                                         0.05       2.90 r
  implementation/fp_wrapper/U54/Z (XOR3D1)                                                                                         0.08       2.98 f
  implementation/fp_wrapper/result[30] (fp32_normal_finite_wrapper)                                                                0.00       2.98 f
  implementation/result[30] (oadm_fixed_div_root_opt_3_16_16_8_e3_b6_95_7c_69_5a_4e_44)                                            0.00       2.98 f
  result[30] (out)                                                                                                                 0.00       2.98 f
  data arrival time                                                                                                                           2.98

  clock vclk (rise edge)                                                                                                          10.00      10.00
  clock network delay (ideal)                                                                                                      0.00      10.00
  output external delay                                                                                                           -0.02       9.98
  data required time                                                                                                                          9.98
  ---------------------------------------------------------------------------------------------------------------------------------------------------
  data required time                                                                                                                          9.98
  data arrival time                                                                                                                          -2.98
  ---------------------------------------------------------------------------------------------------------------------------------------------------
  slack (MET)                                                                                                                                 7.00


  Startpoint: y[20] (input port clocked by vclk)
  Endpoint: result[30] (output port clocked by vclk)
  Path Group: vclk
  Path Type: max

  Des/Clust/Port     Wire Load Model       Library
  ------------------------------------------------
  oadm_fixed_l3_div_root_opt ZeroWireload  tcbn65gplustc_ccs
  oadm_fixed_div_root_opt_3_16_16_8_e3_b6_95_7c_69_5a_4e_44 ZeroWireload tcbn65gplustc_ccs
  fp32_normal_finite_wrapper ZeroWireload  tcbn65gplustc_ccs
  oadm_runtime_plane_pruned_RESIDUAL_DROP16_DW_mult_uns_0 ZeroWireload tcbn65gplustc_ccs
  oadm_runtime_plane_pruned_RESIDUAL_DROP16 ZeroWireload tcbn65gplustc_ccs
  oadm_runtime_plane_pruned_RESIDUAL_DROP16_DW_mult_tc_0 ZeroWireload tcbn65gplustc_ccs
  oadm_fixed_div_root_opt_3_16_16_8_e3_b6_95_7c_69_5a_4e_44_DW_mult_uns_0_DW_mult_uns_1 ZeroWireload tcbn65gplustc_ccs

  Point                                                                                                                            Incr       Path
  ---------------------------------------------------------------------------------------------------------------------------------------------------
  clock vclk (rise edge)                                                                                                           0.00       0.00
  clock network delay (ideal)                                                                                                      0.00       0.00
  input external delay                                                                                                             0.02       0.02 r
  y[20] (in)                                                                                                                       0.01       0.03 r
  implementation/y[20] (oadm_fixed_div_root_opt_3_16_16_8_e3_b6_95_7c_69_5a_4e_44)                                                 0.00       0.03 r
  implementation/fp_wrapper/y[20] (fp32_normal_finite_wrapper)                                                                     0.00       0.03 r
  implementation/fp_wrapper/U55/Z (CKBD1)                                                                                          0.09       0.12 r
  implementation/fp_wrapper/fraction_y[20] (fp32_normal_finite_wrapper)                                                            0.00       0.12 r
  implementation/plane/y_mantissa[20] (oadm_runtime_plane_pruned_RESIDUAL_DROP16)                                                  0.00       0.12 r
  implementation/plane/mult_58/b[1] (oadm_runtime_plane_pruned_RESIDUAL_DROP16_DW_mult_tc_0)                                       0.00       0.12 r
  implementation/plane/mult_58/U112/ZN (XNR2D0)                                                                                    0.13       0.25 r
  implementation/plane/mult_58/U108/ZN (OAI211D0)                                                                                  0.11       0.36 f
  implementation/plane/mult_58/U132/ZN (OAI22D0)                                                                                   0.08       0.44 r
  implementation/plane/mult_58/U25/S (HA1D0)                                                                                       0.07       0.51 f
  implementation/plane/mult_58/U10/CO (FA1D0)                                                                                      0.10       0.61 f
  implementation/plane/mult_58/U9/S (FA1D0)                                                                                        0.08       0.69 r
  implementation/plane/mult_58/product[4] (oadm_runtime_plane_pruned_RESIDUAL_DROP16_DW_mult_tc_0)                                 0.00       0.69 r
  implementation/plane/U72/S (FA1D0)                                                                                               0.10       0.79 f
  implementation/plane/U62/CO (FA1D0)                                                                                              0.10       0.89 f
  implementation/plane/U60/CO (FA1D0)                                                                                              0.06       0.94 f
  implementation/plane/U57/CO (FA1D0)                                                                                              0.06       1.00 f
  implementation/plane/U52/CO (FA1D0)                                                                                              0.06       1.05 f
  implementation/plane/U44/CO (FA1D0)                                                                                              0.06       1.11 f
  implementation/plane/U40/CO (FA1D0)                                                                                              0.06       1.17 f
  implementation/plane/U36/CO (FA1D0)                                                                                              0.06       1.22 f
  implementation/plane/U33/CO (FA1D0)                                                                                              0.06       1.28 f
  implementation/plane/U22/S (FA1D0)                                                                                               0.07       1.35 r
  implementation/plane/plane_exact[24] (oadm_runtime_plane_pruned_RESIDUAL_DROP16)                                                 0.00       1.35 r
  implementation/mult_219/a[8] (oadm_fixed_div_root_opt_3_16_16_8_e3_b6_95_7c_69_5a_4e_44_DW_mult_uns_0_DW_mult_uns_1)             0.00       1.35 r
  implementation/mult_219/U147/ZN (INVD1)                                                                                          0.02       1.37 f
  implementation/mult_219/U170/ZN (NR2D0)                                                                                          0.05       1.41 r
  implementation/mult_219/U31/S (CMPE42D1)                                                                                         0.19       1.61 f
  implementation/mult_219/U30/S (CMPE42D1)                                                                                         0.17       1.78 f
  implementation/mult_219/U9/CO (FA1D0)                                                                                            0.10       1.88 f
  implementation/mult_219/U8/CO (FA1D0)                                                                                            0.06       1.94 f
  implementation/mult_219/U7/CO (FA1D0)                                                                                            0.06       1.99 f
  implementation/mult_219/U6/CO (FA1D0)                                                                                            0.06       2.05 f
  implementation/mult_219/U5/CO (FA1D0)                                                                                            0.06       2.10 f
  implementation/mult_219/U4/CO (FA1D0)                                                                                            0.06       2.16 f
  implementation/mult_219/U3/CO (FA1D0)                                                                                            0.05       2.21 f
  implementation/mult_219/U156/Z (XOR3D0)                                                                                          0.10       2.31 f
  implementation/mult_219/product[15] (oadm_fixed_div_root_opt_3_16_16_8_e3_b6_95_7c_69_5a_4e_44_DW_mult_uns_0_DW_mult_uns_1)      0.00       2.31 f
  implementation/U33/ZN (INVD1)                                                                                                    0.06       2.37 r
  implementation/U8/ZN (ND2D1)                                                                                                     0.08       2.45 f
  implementation/U3/ZN (ND2D1)                                                                                                     0.09       2.55 r
  implementation/fp_wrapper/exponent_adjust[1] (fp32_normal_finite_wrapper)                                                        0.00       2.55 r
  implementation/fp_wrapper/U40/CO (FA1D0)                                                                                         0.10       2.65 r
  implementation/fp_wrapper/U41/CO (FA1D0)                                                                                         0.05       2.70 r
  implementation/fp_wrapper/U42/CO (FA1D0)                                                                                         0.05       2.75 r
  implementation/fp_wrapper/U43/CO (FA1D0)                                                                                         0.05       2.80 r
  implementation/fp_wrapper/U44/CO (FA1D0)                                                                                         0.05       2.85 r
  implementation/fp_wrapper/U45/CO (FA1D0)                                                                                         0.05       2.90 r
  implementation/fp_wrapper/U54/Z (XOR3D1)                                                                                         0.08       2.98 f
  implementation/fp_wrapper/result[30] (fp32_normal_finite_wrapper)                                                                0.00       2.98 f
  implementation/result[30] (oadm_fixed_div_root_opt_3_16_16_8_e3_b6_95_7c_69_5a_4e_44)                                            0.00       2.98 f
  result[30] (out)                                                                                                                 0.00       2.98 f
  data arrival time                                                                                                                           2.98

  clock vclk (rise edge)                                                                                                          10.00      10.00
  clock network delay (ideal)                                                                                                      0.00      10.00
  output external delay                                                                                                           -0.02       9.98
  data required time                                                                                                                          9.98
  ---------------------------------------------------------------------------------------------------------------------------------------------------
  data required time                                                                                                                          9.98
  data arrival time                                                                                                                          -2.98
  ---------------------------------------------------------------------------------------------------------------------------------------------------
  slack (MET)                                                                                                                                 7.00


  Startpoint: y[20] (input port clocked by vclk)
  Endpoint: result[30] (output port clocked by vclk)
  Path Group: vclk
  Path Type: max

  Des/Clust/Port     Wire Load Model       Library
  ------------------------------------------------
  oadm_fixed_l3_div_root_opt ZeroWireload  tcbn65gplustc_ccs
  oadm_fixed_div_root_opt_3_16_16_8_e3_b6_95_7c_69_5a_4e_44 ZeroWireload tcbn65gplustc_ccs
  fp32_normal_finite_wrapper ZeroWireload  tcbn65gplustc_ccs
  oadm_runtime_plane_pruned_RESIDUAL_DROP16_DW_mult_uns_0 ZeroWireload tcbn65gplustc_ccs
  oadm_runtime_plane_pruned_RESIDUAL_DROP16 ZeroWireload tcbn65gplustc_ccs
  oadm_runtime_plane_pruned_RESIDUAL_DROP16_DW_mult_tc_0 ZeroWireload tcbn65gplustc_ccs
  oadm_fixed_div_root_opt_3_16_16_8_e3_b6_95_7c_69_5a_4e_44_DW_mult_uns_0_DW_mult_uns_1 ZeroWireload tcbn65gplustc_ccs

  Point                                                                                                                            Incr       Path
  ---------------------------------------------------------------------------------------------------------------------------------------------------
  clock vclk (rise edge)                                                                                                           0.00       0.00
  clock network delay (ideal)                                                                                                      0.00       0.00
  input external delay                                                                                                             0.02       0.02 r
  y[20] (in)                                                                                                                       0.01       0.03 r
  implementation/y[20] (oadm_fixed_div_root_opt_3_16_16_8_e3_b6_95_7c_69_5a_4e_44)                                                 0.00       0.03 r
  implementation/fp_wrapper/y[20] (fp32_normal_finite_wrapper)                                                                     0.00       0.03 r
  implementation/fp_wrapper/U55/Z (CKBD1)                                                                                          0.09       0.12 r
  implementation/fp_wrapper/fraction_y[20] (fp32_normal_finite_wrapper)                                                            0.00       0.12 r
  implementation/plane/y_mantissa[20] (oadm_runtime_plane_pruned_RESIDUAL_DROP16)                                                  0.00       0.12 r
  implementation/plane/mult_58/b[1] (oadm_runtime_plane_pruned_RESIDUAL_DROP16_DW_mult_tc_0)                                       0.00       0.12 r
  implementation/plane/mult_58/U112/ZN (XNR2D0)                                                                                    0.13       0.25 r
  implementation/plane/mult_58/U108/ZN (OAI211D0)                                                                                  0.11       0.36 f
  implementation/plane/mult_58/U132/ZN (OAI22D0)                                                                                   0.08       0.44 r
  implementation/plane/mult_58/U25/S (HA1D0)                                                                                       0.07       0.51 f
  implementation/plane/mult_58/U10/CO (FA1D0)                                                                                      0.10       0.61 f
  implementation/plane/mult_58/U9/S (FA1D0)                                                                                        0.08       0.69 r
  implementation/plane/mult_58/product[4] (oadm_runtime_plane_pruned_RESIDUAL_DROP16_DW_mult_tc_0)                                 0.00       0.69 r
  implementation/plane/U72/S (FA1D0)                                                                                               0.10       0.79 f
  implementation/plane/U62/CO (FA1D0)                                                                                              0.10       0.89 f
  implementation/plane/U60/CO (FA1D0)                                                                                              0.06       0.94 f
  implementation/plane/U57/CO (FA1D0)                                                                                              0.06       1.00 f
  implementation/plane/U52/CO (FA1D0)                                                                                              0.06       1.05 f
  implementation/plane/U44/CO (FA1D0)                                                                                              0.06       1.11 f
  implementation/plane/U40/CO (FA1D0)                                                                                              0.06       1.17 f
  implementation/plane/U36/CO (FA1D0)                                                                                              0.06       1.22 f
  implementation/plane/U33/CO (FA1D0)                                                                                              0.06       1.28 f
  implementation/plane/U22/S (FA1D0)                                                                                               0.07       1.35 r
  implementation/plane/plane_exact[24] (oadm_runtime_plane_pruned_RESIDUAL_DROP16)                                                 0.00       1.35 r
  implementation/mult_219/a[8] (oadm_fixed_div_root_opt_3_16_16_8_e3_b6_95_7c_69_5a_4e_44_DW_mult_uns_0_DW_mult_uns_1)             0.00       1.35 r
  implementation/mult_219/U147/ZN (INVD1)                                                                                          0.02       1.37 f
  implementation/mult_219/U170/ZN (NR2D0)                                                                                          0.05       1.41 r
  implementation/mult_219/U31/S (CMPE42D1)                                                                                         0.19       1.61 f
  implementation/mult_219/U30/S (CMPE42D1)                                                                                         0.17       1.78 f
  implementation/mult_219/U9/CO (FA1D0)                                                                                            0.10       1.88 f
  implementation/mult_219/U8/CO (FA1D0)                                                                                            0.06       1.94 f
  implementation/mult_219/U7/CO (FA1D0)                                                                                            0.06       1.99 f
  implementation/mult_219/U6/CO (FA1D0)                                                                                            0.06       2.05 f
  implementation/mult_219/U5/CO (FA1D0)                                                                                            0.06       2.10 f
  implementation/mult_219/U4/CO (FA1D0)                                                                                            0.06       2.16 f
  implementation/mult_219/U3/CO (FA1D0)                                                                                            0.05       2.21 f
  implementation/mult_219/U156/Z (XOR3D0)                                                                                          0.10       2.31 f
  implementation/mult_219/product[15] (oadm_fixed_div_root_opt_3_16_16_8_e3_b6_95_7c_69_5a_4e_44_DW_mult_uns_0_DW_mult_uns_1)      0.00       2.31 f
  implementation/U33/ZN (INVD1)                                                                                                    0.06       2.37 r
  implementation/U8/ZN (ND2D1)                                                                                                     0.08       2.45 f
  implementation/U3/ZN (ND2D1)                                                                                                     0.09       2.55 r
  implementation/fp_wrapper/exponent_adjust[1] (fp32_normal_finite_wrapper)                                                        0.00       2.55 r
  implementation/fp_wrapper/U40/CO (FA1D0)                                                                                         0.10       2.65 r
  implementation/fp_wrapper/U41/CO (FA1D0)                                                                                         0.05       2.70 r
  implementation/fp_wrapper/U42/CO (FA1D0)                                                                                         0.05       2.75 r
  implementation/fp_wrapper/U43/CO (FA1D0)                                                                                         0.05       2.80 r
  implementation/fp_wrapper/U44/CO (FA1D0)                                                                                         0.05       2.85 r
  implementation/fp_wrapper/U45/CO (FA1D0)                                                                                         0.05       2.90 r
  implementation/fp_wrapper/U54/Z (XOR3D1)                                                                                         0.08       2.98 f
  implementation/fp_wrapper/result[30] (fp32_normal_finite_wrapper)                                                                0.00       2.98 f
  implementation/result[30] (oadm_fixed_div_root_opt_3_16_16_8_e3_b6_95_7c_69_5a_4e_44)                                            0.00       2.98 f
  result[30] (out)                                                                                                                 0.00       2.98 f
  data arrival time                                                                                                                           2.98

  clock vclk (rise edge)                                                                                                          10.00      10.00
  clock network delay (ideal)                                                                                                      0.00      10.00
  output external delay                                                                                                           -0.02       9.98
  data required time                                                                                                                          9.98
  ---------------------------------------------------------------------------------------------------------------------------------------------------
  data required time                                                                                                                          9.98
  data arrival time                                                                                                                          -2.98
  ---------------------------------------------------------------------------------------------------------------------------------------------------
  slack (MET)                                                                                                                                 7.00


  Startpoint: y[20] (input port clocked by vclk)
  Endpoint: result[30] (output port clocked by vclk)
  Path Group: vclk
  Path Type: max

  Des/Clust/Port     Wire Load Model       Library
  ------------------------------------------------
  oadm_fixed_l3_div_root_opt ZeroWireload  tcbn65gplustc_ccs
  oadm_fixed_div_root_opt_3_16_16_8_e3_b6_95_7c_69_5a_4e_44 ZeroWireload tcbn65gplustc_ccs
  fp32_normal_finite_wrapper ZeroWireload  tcbn65gplustc_ccs
  oadm_runtime_plane_pruned_RESIDUAL_DROP16_DW_mult_uns_0 ZeroWireload tcbn65gplustc_ccs
  oadm_runtime_plane_pruned_RESIDUAL_DROP16 ZeroWireload tcbn65gplustc_ccs
  oadm_runtime_plane_pruned_RESIDUAL_DROP16_DW_mult_tc_0 ZeroWireload tcbn65gplustc_ccs
  oadm_fixed_div_root_opt_3_16_16_8_e3_b6_95_7c_69_5a_4e_44_DW_mult_uns_0_DW_mult_uns_1 ZeroWireload tcbn65gplustc_ccs

  Point                                                                                                                            Incr       Path
  ---------------------------------------------------------------------------------------------------------------------------------------------------
  clock vclk (rise edge)                                                                                                           0.00       0.00
  clock network delay (ideal)                                                                                                      0.00       0.00
  input external delay                                                                                                             0.02       0.02 r
  y[20] (in)                                                                                                                       0.01       0.03 r
  implementation/y[20] (oadm_fixed_div_root_opt_3_16_16_8_e3_b6_95_7c_69_5a_4e_44)                                                 0.00       0.03 r
  implementation/fp_wrapper/y[20] (fp32_normal_finite_wrapper)                                                                     0.00       0.03 r
  implementation/fp_wrapper/U55/Z (CKBD1)                                                                                          0.09       0.12 r
  implementation/fp_wrapper/fraction_y[20] (fp32_normal_finite_wrapper)                                                            0.00       0.12 r
  implementation/plane/y_mantissa[20] (oadm_runtime_plane_pruned_RESIDUAL_DROP16)                                                  0.00       0.12 r
  implementation/plane/mult_58/b[1] (oadm_runtime_plane_pruned_RESIDUAL_DROP16_DW_mult_tc_0)                                       0.00       0.12 r
  implementation/plane/mult_58/U112/ZN (XNR2D0)                                                                                    0.13       0.25 r
  implementation/plane/mult_58/U108/ZN (OAI211D0)                                                                                  0.11       0.36 f
  implementation/plane/mult_58/U132/ZN (OAI22D0)                                                                                   0.08       0.44 r
  implementation/plane/mult_58/U25/S (HA1D0)                                                                                       0.07       0.51 f
  implementation/plane/mult_58/U10/CO (FA1D0)                                                                                      0.10       0.61 f
  implementation/plane/mult_58/U9/S (FA1D0)                                                                                        0.08       0.69 r
  implementation/plane/mult_58/product[4] (oadm_runtime_plane_pruned_RESIDUAL_DROP16_DW_mult_tc_0)                                 0.00       0.69 r
  implementation/plane/U72/S (FA1D0)                                                                                               0.10       0.79 f
  implementation/plane/U62/CO (FA1D0)                                                                                              0.10       0.89 f
  implementation/plane/U60/CO (FA1D0)                                                                                              0.06       0.94 f
  implementation/plane/U57/CO (FA1D0)                                                                                              0.06       1.00 f
  implementation/plane/U52/CO (FA1D0)                                                                                              0.06       1.05 f
  implementation/plane/U44/CO (FA1D0)                                                                                              0.06       1.11 f
  implementation/plane/U40/CO (FA1D0)                                                                                              0.06       1.17 f
  implementation/plane/U36/CO (FA1D0)                                                                                              0.06       1.22 f
  implementation/plane/U33/CO (FA1D0)                                                                                              0.06       1.28 f
  implementation/plane/U22/S (FA1D0)                                                                                               0.07       1.35 r
  implementation/plane/plane_exact[24] (oadm_runtime_plane_pruned_RESIDUAL_DROP16)                                                 0.00       1.35 r
  implementation/mult_219/a[8] (oadm_fixed_div_root_opt_3_16_16_8_e3_b6_95_7c_69_5a_4e_44_DW_mult_uns_0_DW_mult_uns_1)             0.00       1.35 r
  implementation/mult_219/U147/ZN (INVD1)                                                                                          0.02       1.37 f
  implementation/mult_219/U170/ZN (NR2D0)                                                                                          0.05       1.41 r
  implementation/mult_219/U31/S (CMPE42D1)                                                                                         0.19       1.61 f
  implementation/mult_219/U30/S (CMPE42D1)                                                                                         0.17       1.78 f
  implementation/mult_219/U9/CO (FA1D0)                                                                                            0.10       1.88 f
  implementation/mult_219/U8/CO (FA1D0)                                                                                            0.06       1.94 f
  implementation/mult_219/U7/CO (FA1D0)                                                                                            0.06       1.99 f
  implementation/mult_219/U6/CO (FA1D0)                                                                                            0.06       2.05 f
  implementation/mult_219/U5/CO (FA1D0)                                                                                            0.06       2.10 f
  implementation/mult_219/U4/CO (FA1D0)                                                                                            0.06       2.16 f
  implementation/mult_219/U3/CO (FA1D0)                                                                                            0.05       2.21 f
  implementation/mult_219/U156/Z (XOR3D0)                                                                                          0.10       2.31 f
  implementation/mult_219/product[15] (oadm_fixed_div_root_opt_3_16_16_8_e3_b6_95_7c_69_5a_4e_44_DW_mult_uns_0_DW_mult_uns_1)      0.00       2.31 f
  implementation/U33/ZN (INVD1)                                                                                                    0.06       2.37 r
  implementation/U8/ZN (ND2D1)                                                                                                     0.08       2.45 f
  implementation/U3/ZN (ND2D1)                                                                                                     0.09       2.55 r
  implementation/fp_wrapper/exponent_adjust[1] (fp32_normal_finite_wrapper)                                                        0.00       2.55 r
  implementation/fp_wrapper/U40/CO (FA1D0)                                                                                         0.10       2.65 r
  implementation/fp_wrapper/U41/CO (FA1D0)                                                                                         0.05       2.70 r
  implementation/fp_wrapper/U42/CO (FA1D0)                                                                                         0.05       2.75 r
  implementation/fp_wrapper/U43/CO (FA1D0)                                                                                         0.05       2.80 r
  implementation/fp_wrapper/U44/CO (FA1D0)                                                                                         0.05       2.85 r
  implementation/fp_wrapper/U45/CO (FA1D0)                                                                                         0.05       2.90 r
  implementation/fp_wrapper/U54/Z (XOR3D1)                                                                                         0.08       2.98 f
  implementation/fp_wrapper/result[30] (fp32_normal_finite_wrapper)                                                                0.00       2.98 f
  implementation/result[30] (oadm_fixed_div_root_opt_3_16_16_8_e3_b6_95_7c_69_5a_4e_44)                                            0.00       2.98 f
  result[30] (out)                                                                                                                 0.00       2.98 f
  data arrival time                                                                                                                           2.98

  clock vclk (rise edge)                                                                                                          10.00      10.00
  clock network delay (ideal)                                                                                                      0.00      10.00
  output external delay                                                                                                           -0.02       9.98
  data required time                                                                                                                          9.98
  ---------------------------------------------------------------------------------------------------------------------------------------------------
  data required time                                                                                                                          9.98
  data arrival time                                                                                                                          -2.98
  ---------------------------------------------------------------------------------------------------------------------------------------------------
  slack (MET)                                                                                                                                 7.00


  Startpoint: y[20] (input port clocked by vclk)
  Endpoint: result[30] (output port clocked by vclk)
  Path Group: vclk
  Path Type: max

  Des/Clust/Port     Wire Load Model       Library
  ------------------------------------------------
  oadm_fixed_l3_div_root_opt ZeroWireload  tcbn65gplustc_ccs
  oadm_fixed_div_root_opt_3_16_16_8_e3_b6_95_7c_69_5a_4e_44 ZeroWireload tcbn65gplustc_ccs
  fp32_normal_finite_wrapper ZeroWireload  tcbn65gplustc_ccs
  oadm_runtime_plane_pruned_RESIDUAL_DROP16_DW_mult_uns_0 ZeroWireload tcbn65gplustc_ccs
  oadm_runtime_plane_pruned_RESIDUAL_DROP16 ZeroWireload tcbn65gplustc_ccs
  oadm_runtime_plane_pruned_RESIDUAL_DROP16_DW_mult_tc_0 ZeroWireload tcbn65gplustc_ccs
  oadm_fixed_div_root_opt_3_16_16_8_e3_b6_95_7c_69_5a_4e_44_DW_mult_uns_0_DW_mult_uns_1 ZeroWireload tcbn65gplustc_ccs

  Point                                                                                                                            Incr       Path
  ---------------------------------------------------------------------------------------------------------------------------------------------------
  clock vclk (rise edge)                                                                                                           0.00       0.00
  clock network delay (ideal)                                                                                                      0.00       0.00
  input external delay                                                                                                             0.02       0.02 r
  y[20] (in)                                                                                                                       0.01       0.03 r
  implementation/y[20] (oadm_fixed_div_root_opt_3_16_16_8_e3_b6_95_7c_69_5a_4e_44)                                                 0.00       0.03 r
  implementation/fp_wrapper/y[20] (fp32_normal_finite_wrapper)                                                                     0.00       0.03 r
  implementation/fp_wrapper/U55/Z (CKBD1)                                                                                          0.09       0.12 r
  implementation/fp_wrapper/fraction_y[20] (fp32_normal_finite_wrapper)                                                            0.00       0.12 r
  implementation/plane/y_mantissa[20] (oadm_runtime_plane_pruned_RESIDUAL_DROP16)                                                  0.00       0.12 r
  implementation/plane/mult_58/b[1] (oadm_runtime_plane_pruned_RESIDUAL_DROP16_DW_mult_tc_0)                                       0.00       0.12 r
  implementation/plane/mult_58/U112/ZN (XNR2D0)                                                                                    0.13       0.25 r
  implementation/plane/mult_58/U108/ZN (OAI211D0)                                                                                  0.11       0.36 f
  implementation/plane/mult_58/U132/ZN (OAI22D0)                                                                                   0.08       0.44 r
  implementation/plane/mult_58/U25/S (HA1D0)                                                                                       0.07       0.51 f
  implementation/plane/mult_58/U10/CO (FA1D0)                                                                                      0.10       0.61 f
  implementation/plane/mult_58/U9/S (FA1D0)                                                                                        0.08       0.69 r
  implementation/plane/mult_58/product[4] (oadm_runtime_plane_pruned_RESIDUAL_DROP16_DW_mult_tc_0)                                 0.00       0.69 r
  implementation/plane/U72/S (FA1D0)                                                                                               0.10       0.79 f
  implementation/plane/U62/CO (FA1D0)                                                                                              0.10       0.89 f
  implementation/plane/U60/CO (FA1D0)                                                                                              0.06       0.94 f
  implementation/plane/U57/CO (FA1D0)                                                                                              0.06       1.00 f
  implementation/plane/U52/CO (FA1D0)                                                                                              0.06       1.05 f
  implementation/plane/U44/CO (FA1D0)                                                                                              0.06       1.11 f
  implementation/plane/U40/CO (FA1D0)                                                                                              0.06       1.17 f
  implementation/plane/U36/CO (FA1D0)                                                                                              0.06       1.22 f
  implementation/plane/U33/CO (FA1D0)                                                                                              0.06       1.28 f
  implementation/plane/U22/S (FA1D0)                                                                                               0.07       1.35 r
  implementation/plane/plane_exact[24] (oadm_runtime_plane_pruned_RESIDUAL_DROP16)                                                 0.00       1.35 r
  implementation/mult_219/a[8] (oadm_fixed_div_root_opt_3_16_16_8_e3_b6_95_7c_69_5a_4e_44_DW_mult_uns_0_DW_mult_uns_1)             0.00       1.35 r
  implementation/mult_219/U147/ZN (INVD1)                                                                                          0.02       1.37 f
  implementation/mult_219/U170/ZN (NR2D0)                                                                                          0.05       1.41 r
  implementation/mult_219/U31/S (CMPE42D1)                                                                                         0.19       1.61 f
  implementation/mult_219/U30/S (CMPE42D1)                                                                                         0.17       1.78 f
  implementation/mult_219/U9/CO (FA1D0)                                                                                            0.10       1.88 f
  implementation/mult_219/U8/CO (FA1D0)                                                                                            0.06       1.94 f
  implementation/mult_219/U7/CO (FA1D0)                                                                                            0.06       1.99 f
  implementation/mult_219/U6/CO (FA1D0)                                                                                            0.06       2.05 f
  implementation/mult_219/U5/CO (FA1D0)                                                                                            0.06       2.10 f
  implementation/mult_219/U4/CO (FA1D0)                                                                                            0.06       2.16 f
  implementation/mult_219/U3/CO (FA1D0)                                                                                            0.05       2.21 f
  implementation/mult_219/U156/Z (XOR3D0)                                                                                          0.10       2.31 f
  implementation/mult_219/product[15] (oadm_fixed_div_root_opt_3_16_16_8_e3_b6_95_7c_69_5a_4e_44_DW_mult_uns_0_DW_mult_uns_1)      0.00       2.31 f
  implementation/U33/ZN (INVD1)                                                                                                    0.06       2.37 r
  implementation/U8/ZN (ND2D1)                                                                                                     0.08       2.45 f
  implementation/U3/ZN (ND2D1)                                                                                                     0.09       2.55 r
  implementation/fp_wrapper/exponent_adjust[1] (fp32_normal_finite_wrapper)                                                        0.00       2.55 r
  implementation/fp_wrapper/U40/CO (FA1D0)                                                                                         0.10       2.65 r
  implementation/fp_wrapper/U41/CO (FA1D0)                                                                                         0.05       2.70 r
  implementation/fp_wrapper/U42/CO (FA1D0)                                                                                         0.05       2.75 r
  implementation/fp_wrapper/U43/CO (FA1D0)                                                                                         0.05       2.80 r
  implementation/fp_wrapper/U44/CO (FA1D0)                                                                                         0.05       2.85 r
  implementation/fp_wrapper/U45/CO (FA1D0)                                                                                         0.05       2.90 r
  implementation/fp_wrapper/U54/Z (XOR3D1)                                                                                         0.08       2.98 f
  implementation/fp_wrapper/result[30] (fp32_normal_finite_wrapper)                                                                0.00       2.98 f
  implementation/result[30] (oadm_fixed_div_root_opt_3_16_16_8_e3_b6_95_7c_69_5a_4e_44)                                            0.00       2.98 f
  result[30] (out)                                                                                                                 0.00       2.98 f
  data arrival time                                                                                                                           2.98

  clock vclk (rise edge)                                                                                                          10.00      10.00
  clock network delay (ideal)                                                                                                      0.00      10.00
  output external delay                                                                                                           -0.02       9.98
  data required time                                                                                                                          9.98
  ---------------------------------------------------------------------------------------------------------------------------------------------------
  data required time                                                                                                                          9.98
  data arrival time                                                                                                                          -2.98
  ---------------------------------------------------------------------------------------------------------------------------------------------------
  slack (MET)                                                                                                                                 7.00


  Startpoint: y[20] (input port clocked by vclk)
  Endpoint: result[30] (output port clocked by vclk)
  Path Group: vclk
  Path Type: max

  Des/Clust/Port     Wire Load Model       Library
  ------------------------------------------------
  oadm_fixed_l3_div_root_opt ZeroWireload  tcbn65gplustc_ccs
  oadm_fixed_div_root_opt_3_16_16_8_e3_b6_95_7c_69_5a_4e_44 ZeroWireload tcbn65gplustc_ccs
  fp32_normal_finite_wrapper ZeroWireload  tcbn65gplustc_ccs
  oadm_runtime_plane_pruned_RESIDUAL_DROP16_DW_mult_uns_0 ZeroWireload tcbn65gplustc_ccs
  oadm_runtime_plane_pruned_RESIDUAL_DROP16 ZeroWireload tcbn65gplustc_ccs
  oadm_runtime_plane_pruned_RESIDUAL_DROP16_DW_mult_tc_0 ZeroWireload tcbn65gplustc_ccs
  oadm_fixed_div_root_opt_3_16_16_8_e3_b6_95_7c_69_5a_4e_44_DW_mult_uns_0_DW_mult_uns_1 ZeroWireload tcbn65gplustc_ccs

  Point                                                                                                                            Incr       Path
  ---------------------------------------------------------------------------------------------------------------------------------------------------
  clock vclk (rise edge)                                                                                                           0.00       0.00
  clock network delay (ideal)                                                                                                      0.00       0.00
  input external delay                                                                                                             0.02       0.02 r
  y[20] (in)                                                                                                                       0.01       0.03 r
  implementation/y[20] (oadm_fixed_div_root_opt_3_16_16_8_e3_b6_95_7c_69_5a_4e_44)                                                 0.00       0.03 r
  implementation/fp_wrapper/y[20] (fp32_normal_finite_wrapper)                                                                     0.00       0.03 r
  implementation/fp_wrapper/U55/Z (CKBD1)                                                                                          0.09       0.12 r
  implementation/fp_wrapper/fraction_y[20] (fp32_normal_finite_wrapper)                                                            0.00       0.12 r
  implementation/plane/y_mantissa[20] (oadm_runtime_plane_pruned_RESIDUAL_DROP16)                                                  0.00       0.12 r
  implementation/plane/mult_58/b[1] (oadm_runtime_plane_pruned_RESIDUAL_DROP16_DW_mult_tc_0)                                       0.00       0.12 r
  implementation/plane/mult_58/U112/ZN (XNR2D0)                                                                                    0.13       0.25 r
  implementation/plane/mult_58/U108/ZN (OAI211D0)                                                                                  0.11       0.36 f
  implementation/plane/mult_58/U132/ZN (OAI22D0)                                                                                   0.08       0.44 r
  implementation/plane/mult_58/U25/S (HA1D0)                                                                                       0.07       0.51 f
  implementation/plane/mult_58/U10/CO (FA1D0)                                                                                      0.10       0.61 f
  implementation/plane/mult_58/U9/S (FA1D0)                                                                                        0.08       0.69 r
  implementation/plane/mult_58/product[4] (oadm_runtime_plane_pruned_RESIDUAL_DROP16_DW_mult_tc_0)                                 0.00       0.69 r
  implementation/plane/U72/S (FA1D0)                                                                                               0.10       0.79 f
  implementation/plane/U62/CO (FA1D0)                                                                                              0.10       0.89 f
  implementation/plane/U60/CO (FA1D0)                                                                                              0.06       0.94 f
  implementation/plane/U57/CO (FA1D0)                                                                                              0.06       1.00 f
  implementation/plane/U52/CO (FA1D0)                                                                                              0.06       1.05 f
  implementation/plane/U44/CO (FA1D0)                                                                                              0.06       1.11 f
  implementation/plane/U40/CO (FA1D0)                                                                                              0.06       1.17 f
  implementation/plane/U36/CO (FA1D0)                                                                                              0.06       1.22 f
  implementation/plane/U33/CO (FA1D0)                                                                                              0.06       1.28 f
  implementation/plane/U22/S (FA1D0)                                                                                               0.07       1.35 r
  implementation/plane/plane_exact[24] (oadm_runtime_plane_pruned_RESIDUAL_DROP16)                                                 0.00       1.35 r
  implementation/mult_219/a[8] (oadm_fixed_div_root_opt_3_16_16_8_e3_b6_95_7c_69_5a_4e_44_DW_mult_uns_0_DW_mult_uns_1)             0.00       1.35 r
  implementation/mult_219/U147/ZN (INVD1)                                                                                          0.02       1.37 f
  implementation/mult_219/U170/ZN (NR2D0)                                                                                          0.05       1.41 r
  implementation/mult_219/U31/S (CMPE42D1)                                                                                         0.19       1.61 f
  implementation/mult_219/U30/S (CMPE42D1)                                                                                         0.17       1.78 f
  implementation/mult_219/U9/CO (FA1D0)                                                                                            0.10       1.88 f
  implementation/mult_219/U8/CO (FA1D0)                                                                                            0.06       1.94 f
  implementation/mult_219/U7/CO (FA1D0)                                                                                            0.06       1.99 f
  implementation/mult_219/U6/CO (FA1D0)                                                                                            0.06       2.05 f
  implementation/mult_219/U5/CO (FA1D0)                                                                                            0.06       2.10 f
  implementation/mult_219/U4/CO (FA1D0)                                                                                            0.06       2.16 f
  implementation/mult_219/U3/CO (FA1D0)                                                                                            0.05       2.21 f
  implementation/mult_219/U156/Z (XOR3D0)                                                                                          0.10       2.31 f
  implementation/mult_219/product[15] (oadm_fixed_div_root_opt_3_16_16_8_e3_b6_95_7c_69_5a_4e_44_DW_mult_uns_0_DW_mult_uns_1)      0.00       2.31 f
  implementation/U33/ZN (INVD1)                                                                                                    0.06       2.37 r
  implementation/U8/ZN (ND2D1)                                                                                                     0.08       2.45 f
  implementation/U3/ZN (ND2D1)                                                                                                     0.09       2.55 r
  implementation/fp_wrapper/exponent_adjust[1] (fp32_normal_finite_wrapper)                                                        0.00       2.55 r
  implementation/fp_wrapper/U40/CO (FA1D0)                                                                                         0.10       2.65 r
  implementation/fp_wrapper/U41/CO (FA1D0)                                                                                         0.05       2.70 r
  implementation/fp_wrapper/U42/CO (FA1D0)                                                                                         0.05       2.75 r
  implementation/fp_wrapper/U43/CO (FA1D0)                                                                                         0.05       2.80 r
  implementation/fp_wrapper/U44/CO (FA1D0)                                                                                         0.05       2.85 r
  implementation/fp_wrapper/U45/CO (FA1D0)                                                                                         0.05       2.90 r
  implementation/fp_wrapper/U54/Z (XOR3D1)                                                                                         0.08       2.98 f
  implementation/fp_wrapper/result[30] (fp32_normal_finite_wrapper)                                                                0.00       2.98 f
  implementation/result[30] (oadm_fixed_div_root_opt_3_16_16_8_e3_b6_95_7c_69_5a_4e_44)                                            0.00       2.98 f
  result[30] (out)                                                                                                                 0.00       2.98 f
  data arrival time                                                                                                                           2.98

  clock vclk (rise edge)                                                                                                          10.00      10.00
  clock network delay (ideal)                                                                                                      0.00      10.00
  output external delay                                                                                                           -0.02       9.98
  data required time                                                                                                                          9.98
  ---------------------------------------------------------------------------------------------------------------------------------------------------
  data required time                                                                                                                          9.98
  data arrival time                                                                                                                          -2.98
  ---------------------------------------------------------------------------------------------------------------------------------------------------
  slack (MET)                                                                                                                                 7.00


  Startpoint: y[20] (input port clocked by vclk)
  Endpoint: result[30] (output port clocked by vclk)
  Path Group: vclk
  Path Type: max

  Des/Clust/Port     Wire Load Model       Library
  ------------------------------------------------
  oadm_fixed_l3_div_root_opt ZeroWireload  tcbn65gplustc_ccs
  oadm_fixed_div_root_opt_3_16_16_8_e3_b6_95_7c_69_5a_4e_44 ZeroWireload tcbn65gplustc_ccs
  fp32_normal_finite_wrapper ZeroWireload  tcbn65gplustc_ccs
  oadm_runtime_plane_pruned_RESIDUAL_DROP16_DW_mult_uns_0 ZeroWireload tcbn65gplustc_ccs
  oadm_runtime_plane_pruned_RESIDUAL_DROP16 ZeroWireload tcbn65gplustc_ccs
  oadm_runtime_plane_pruned_RESIDUAL_DROP16_DW_mult_tc_0 ZeroWireload tcbn65gplustc_ccs
  oadm_fixed_div_root_opt_3_16_16_8_e3_b6_95_7c_69_5a_4e_44_DW_mult_uns_0_DW_mult_uns_1 ZeroWireload tcbn65gplustc_ccs

  Point                                                                                                                            Incr       Path
  ---------------------------------------------------------------------------------------------------------------------------------------------------
  clock vclk (rise edge)                                                                                                           0.00       0.00
  clock network delay (ideal)                                                                                                      0.00       0.00
  input external delay                                                                                                             0.02       0.02 r
  y[20] (in)                                                                                                                       0.01       0.03 r
  implementation/y[20] (oadm_fixed_div_root_opt_3_16_16_8_e3_b6_95_7c_69_5a_4e_44)                                                 0.00       0.03 r
  implementation/fp_wrapper/y[20] (fp32_normal_finite_wrapper)                                                                     0.00       0.03 r
  implementation/fp_wrapper/U55/Z (CKBD1)                                                                                          0.09       0.12 r
  implementation/fp_wrapper/fraction_y[20] (fp32_normal_finite_wrapper)                                                            0.00       0.12 r
  implementation/plane/y_mantissa[20] (oadm_runtime_plane_pruned_RESIDUAL_DROP16)                                                  0.00       0.12 r
  implementation/plane/mult_58/b[1] (oadm_runtime_plane_pruned_RESIDUAL_DROP16_DW_mult_tc_0)                                       0.00       0.12 r
  implementation/plane/mult_58/U112/ZN (XNR2D0)                                                                                    0.13       0.25 r
  implementation/plane/mult_58/U108/ZN (OAI211D0)                                                                                  0.11       0.36 f
  implementation/plane/mult_58/U132/ZN (OAI22D0)                                                                                   0.08       0.44 r
  implementation/plane/mult_58/U25/S (HA1D0)                                                                                       0.07       0.51 f
  implementation/plane/mult_58/U10/CO (FA1D0)                                                                                      0.10       0.61 f
  implementation/plane/mult_58/U9/S (FA1D0)                                                                                        0.08       0.69 r
  implementation/plane/mult_58/product[4] (oadm_runtime_plane_pruned_RESIDUAL_DROP16_DW_mult_tc_0)                                 0.00       0.69 r
  implementation/plane/U72/S (FA1D0)                                                                                               0.10       0.79 f
  implementation/plane/U62/CO (FA1D0)                                                                                              0.10       0.89 f
  implementation/plane/U60/CO (FA1D0)                                                                                              0.06       0.94 f
  implementation/plane/U57/CO (FA1D0)                                                                                              0.06       1.00 f
  implementation/plane/U52/CO (FA1D0)                                                                                              0.06       1.05 f
  implementation/plane/U44/CO (FA1D0)                                                                                              0.06       1.11 f
  implementation/plane/U40/CO (FA1D0)                                                                                              0.06       1.17 f
  implementation/plane/U36/CO (FA1D0)                                                                                              0.06       1.22 f
  implementation/plane/U33/CO (FA1D0)                                                                                              0.06       1.28 f
  implementation/plane/U22/S (FA1D0)                                                                                               0.07       1.35 r
  implementation/plane/plane_exact[24] (oadm_runtime_plane_pruned_RESIDUAL_DROP16)                                                 0.00       1.35 r
  implementation/mult_219/a[8] (oadm_fixed_div_root_opt_3_16_16_8_e3_b6_95_7c_69_5a_4e_44_DW_mult_uns_0_DW_mult_uns_1)             0.00       1.35 r
  implementation/mult_219/U147/ZN (INVD1)                                                                                          0.02       1.37 f
  implementation/mult_219/U170/ZN (NR2D0)                                                                                          0.05       1.41 r
  implementation/mult_219/U31/S (CMPE42D1)                                                                                         0.19       1.61 f
  implementation/mult_219/U30/S (CMPE42D1)                                                                                         0.17       1.78 f
  implementation/mult_219/U9/CO (FA1D0)                                                                                            0.10       1.88 f
  implementation/mult_219/U8/CO (FA1D0)                                                                                            0.06       1.94 f
  implementation/mult_219/U7/CO (FA1D0)                                                                                            0.06       1.99 f
  implementation/mult_219/U6/CO (FA1D0)                                                                                            0.06       2.05 f
  implementation/mult_219/U5/CO (FA1D0)                                                                                            0.06       2.10 f
  implementation/mult_219/U4/CO (FA1D0)                                                                                            0.06       2.16 f
  implementation/mult_219/U3/CO (FA1D0)                                                                                            0.05       2.21 f
  implementation/mult_219/U156/Z (XOR3D0)                                                                                          0.10       2.31 f
  implementation/mult_219/product[15] (oadm_fixed_div_root_opt_3_16_16_8_e3_b6_95_7c_69_5a_4e_44_DW_mult_uns_0_DW_mult_uns_1)      0.00       2.31 f
  implementation/U33/ZN (INVD1)                                                                                                    0.06       2.37 r
  implementation/U8/ZN (ND2D1)                                                                                                     0.08       2.45 f
  implementation/U3/ZN (ND2D1)                                                                                                     0.09       2.55 r
  implementation/fp_wrapper/exponent_adjust[1] (fp32_normal_finite_wrapper)                                                        0.00       2.55 r
  implementation/fp_wrapper/U40/CO (FA1D0)                                                                                         0.10       2.65 r
  implementation/fp_wrapper/U41/CO (FA1D0)                                                                                         0.05       2.70 r
  implementation/fp_wrapper/U42/CO (FA1D0)                                                                                         0.05       2.75 r
  implementation/fp_wrapper/U43/CO (FA1D0)                                                                                         0.05       2.80 r
  implementation/fp_wrapper/U44/CO (FA1D0)                                                                                         0.05       2.85 r
  implementation/fp_wrapper/U45/CO (FA1D0)                                                                                         0.05       2.90 r
  implementation/fp_wrapper/U54/Z (XOR3D1)                                                                                         0.08       2.98 f
  implementation/fp_wrapper/result[30] (fp32_normal_finite_wrapper)                                                                0.00       2.98 f
  implementation/result[30] (oadm_fixed_div_root_opt_3_16_16_8_e3_b6_95_7c_69_5a_4e_44)                                            0.00       2.98 f
  result[30] (out)                                                                                                                 0.00       2.98 f
  data arrival time                                                                                                                           2.98

  clock vclk (rise edge)                                                                                                          10.00      10.00
  clock network delay (ideal)                                                                                                      0.00      10.00
  output external delay                                                                                                           -0.02       9.98
  data required time                                                                                                                          9.98
  ---------------------------------------------------------------------------------------------------------------------------------------------------
  data required time                                                                                                                          9.98
  data arrival time                                                                                                                          -2.98
  ---------------------------------------------------------------------------------------------------------------------------------------------------
  slack (MET)                                                                                                                                 7.00


  Startpoint: y[20] (input port clocked by vclk)
  Endpoint: result[30] (output port clocked by vclk)
  Path Group: vclk
  Path Type: max

  Des/Clust/Port     Wire Load Model       Library
  ------------------------------------------------
  oadm_fixed_l3_div_root_opt ZeroWireload  tcbn65gplustc_ccs
  oadm_fixed_div_root_opt_3_16_16_8_e3_b6_95_7c_69_5a_4e_44 ZeroWireload tcbn65gplustc_ccs
  fp32_normal_finite_wrapper ZeroWireload  tcbn65gplustc_ccs
  oadm_runtime_plane_pruned_RESIDUAL_DROP16_DW_mult_uns_0 ZeroWireload tcbn65gplustc_ccs
  oadm_runtime_plane_pruned_RESIDUAL_DROP16 ZeroWireload tcbn65gplustc_ccs
  oadm_runtime_plane_pruned_RESIDUAL_DROP16_DW_mult_tc_0 ZeroWireload tcbn65gplustc_ccs
  oadm_fixed_div_root_opt_3_16_16_8_e3_b6_95_7c_69_5a_4e_44_DW_mult_uns_0_DW_mult_uns_1 ZeroWireload tcbn65gplustc_ccs

  Point                                                                                                                            Incr       Path
  ---------------------------------------------------------------------------------------------------------------------------------------------------
  clock vclk (rise edge)                                                                                                           0.00       0.00
  clock network delay (ideal)                                                                                                      0.00       0.00
  input external delay                                                                                                             0.02       0.02 r
  y[20] (in)                                                                                                                       0.01       0.03 r
  implementation/y[20] (oadm_fixed_div_root_opt_3_16_16_8_e3_b6_95_7c_69_5a_4e_44)                                                 0.00       0.03 r
  implementation/fp_wrapper/y[20] (fp32_normal_finite_wrapper)                                                                     0.00       0.03 r
  implementation/fp_wrapper/U55/Z (CKBD1)                                                                                          0.09       0.12 r
  implementation/fp_wrapper/fraction_y[20] (fp32_normal_finite_wrapper)                                                            0.00       0.12 r
  implementation/plane/y_mantissa[20] (oadm_runtime_plane_pruned_RESIDUAL_DROP16)                                                  0.00       0.12 r
  implementation/plane/mult_58/b[1] (oadm_runtime_plane_pruned_RESIDUAL_DROP16_DW_mult_tc_0)                                       0.00       0.12 r
  implementation/plane/mult_58/U112/ZN (XNR2D0)                                                                                    0.13       0.25 r
  implementation/plane/mult_58/U108/ZN (OAI211D0)                                                                                  0.11       0.36 f
  implementation/plane/mult_58/U132/ZN (OAI22D0)                                                                                   0.08       0.44 r
  implementation/plane/mult_58/U25/S (HA1D0)                                                                                       0.07       0.51 f
  implementation/plane/mult_58/U10/CO (FA1D0)                                                                                      0.10       0.61 f
  implementation/plane/mult_58/U9/S (FA1D0)                                                                                        0.08       0.69 r
  implementation/plane/mult_58/product[4] (oadm_runtime_plane_pruned_RESIDUAL_DROP16_DW_mult_tc_0)                                 0.00       0.69 r
  implementation/plane/U72/S (FA1D0)                                                                                               0.10       0.79 f
  implementation/plane/U62/CO (FA1D0)                                                                                              0.10       0.89 f
  implementation/plane/U60/CO (FA1D0)                                                                                              0.06       0.94 f
  implementation/plane/U57/CO (FA1D0)                                                                                              0.06       1.00 f
  implementation/plane/U52/CO (FA1D0)                                                                                              0.06       1.05 f
  implementation/plane/U44/CO (FA1D0)                                                                                              0.06       1.11 f
  implementation/plane/U40/CO (FA1D0)                                                                                              0.06       1.17 f
  implementation/plane/U36/CO (FA1D0)                                                                                              0.06       1.22 f
  implementation/plane/U33/CO (FA1D0)                                                                                              0.06       1.28 f
  implementation/plane/U22/S (FA1D0)                                                                                               0.07       1.35 r
  implementation/plane/plane_exact[24] (oadm_runtime_plane_pruned_RESIDUAL_DROP16)                                                 0.00       1.35 r
  implementation/mult_219/a[8] (oadm_fixed_div_root_opt_3_16_16_8_e3_b6_95_7c_69_5a_4e_44_DW_mult_uns_0_DW_mult_uns_1)             0.00       1.35 r
  implementation/mult_219/U147/ZN (INVD1)                                                                                          0.02       1.37 f
  implementation/mult_219/U170/ZN (NR2D0)                                                                                          0.05       1.41 r
  implementation/mult_219/U31/S (CMPE42D1)                                                                                         0.19       1.61 f
  implementation/mult_219/U30/S (CMPE42D1)                                                                                         0.17       1.78 f
  implementation/mult_219/U9/CO (FA1D0)                                                                                            0.10       1.88 f
  implementation/mult_219/U8/CO (FA1D0)                                                                                            0.06       1.94 f
  implementation/mult_219/U7/CO (FA1D0)                                                                                            0.06       1.99 f
  implementation/mult_219/U6/CO (FA1D0)                                                                                            0.06       2.05 f
  implementation/mult_219/U5/CO (FA1D0)                                                                                            0.06       2.10 f
  implementation/mult_219/U4/CO (FA1D0)                                                                                            0.06       2.16 f
  implementation/mult_219/U3/CO (FA1D0)                                                                                            0.05       2.21 f
  implementation/mult_219/U156/Z (XOR3D0)                                                                                          0.10       2.31 f
  implementation/mult_219/product[15] (oadm_fixed_div_root_opt_3_16_16_8_e3_b6_95_7c_69_5a_4e_44_DW_mult_uns_0_DW_mult_uns_1)      0.00       2.31 f
  implementation/U33/ZN (INVD1)                                                                                                    0.06       2.37 r
  implementation/U8/ZN (ND2D1)                                                                                                     0.08       2.45 f
  implementation/U3/ZN (ND2D1)                                                                                                     0.09       2.55 r
  implementation/fp_wrapper/exponent_adjust[1] (fp32_normal_finite_wrapper)                                                        0.00       2.55 r
  implementation/fp_wrapper/U40/CO (FA1D0)                                                                                         0.10       2.65 r
  implementation/fp_wrapper/U41/CO (FA1D0)                                                                                         0.05       2.70 r
  implementation/fp_wrapper/U42/CO (FA1D0)                                                                                         0.05       2.75 r
  implementation/fp_wrapper/U43/CO (FA1D0)                                                                                         0.05       2.80 r
  implementation/fp_wrapper/U44/CO (FA1D0)                                                                                         0.05       2.85 r
  implementation/fp_wrapper/U45/CO (FA1D0)                                                                                         0.05       2.90 r
  implementation/fp_wrapper/U54/Z (XOR3D1)                                                                                         0.08       2.98 f
  implementation/fp_wrapper/result[30] (fp32_normal_finite_wrapper)                                                                0.00       2.98 f
  implementation/result[30] (oadm_fixed_div_root_opt_3_16_16_8_e3_b6_95_7c_69_5a_4e_44)                                            0.00       2.98 f
  result[30] (out)                                                                                                                 0.00       2.98 f
  data arrival time                                                                                                                           2.98

  clock vclk (rise edge)                                                                                                          10.00      10.00
  clock network delay (ideal)                                                                                                      0.00      10.00
  output external delay                                                                                                           -0.02       9.98
  data required time                                                                                                                          9.98
  ---------------------------------------------------------------------------------------------------------------------------------------------------
  data required time                                                                                                                          9.98
  data arrival time                                                                                                                          -2.98
  ---------------------------------------------------------------------------------------------------------------------------------------------------
  slack (MET)                                                                                                                                 7.00


  Startpoint: y[20] (input port clocked by vclk)
  Endpoint: result[30] (output port clocked by vclk)
  Path Group: vclk
  Path Type: max

  Des/Clust/Port     Wire Load Model       Library
  ------------------------------------------------
  oadm_fixed_l3_div_root_opt ZeroWireload  tcbn65gplustc_ccs
  oadm_fixed_div_root_opt_3_16_16_8_e3_b6_95_7c_69_5a_4e_44 ZeroWireload tcbn65gplustc_ccs
  fp32_normal_finite_wrapper ZeroWireload  tcbn65gplustc_ccs
  oadm_runtime_plane_pruned_RESIDUAL_DROP16_DW_mult_uns_0 ZeroWireload tcbn65gplustc_ccs
  oadm_runtime_plane_pruned_RESIDUAL_DROP16 ZeroWireload tcbn65gplustc_ccs
  oadm_runtime_plane_pruned_RESIDUAL_DROP16_DW_mult_tc_0 ZeroWireload tcbn65gplustc_ccs
  oadm_fixed_div_root_opt_3_16_16_8_e3_b6_95_7c_69_5a_4e_44_DW_mult_uns_0_DW_mult_uns_1 ZeroWireload tcbn65gplustc_ccs

  Point                                                                                                                            Incr       Path
  ---------------------------------------------------------------------------------------------------------------------------------------------------
  clock vclk (rise edge)                                                                                                           0.00       0.00
  clock network delay (ideal)                                                                                                      0.00       0.00
  input external delay                                                                                                             0.02       0.02 r
  y[20] (in)                                                                                                                       0.01       0.03 r
  implementation/y[20] (oadm_fixed_div_root_opt_3_16_16_8_e3_b6_95_7c_69_5a_4e_44)                                                 0.00       0.03 r
  implementation/fp_wrapper/y[20] (fp32_normal_finite_wrapper)                                                                     0.00       0.03 r
  implementation/fp_wrapper/U55/Z (CKBD1)                                                                                          0.09       0.12 r
  implementation/fp_wrapper/fraction_y[20] (fp32_normal_finite_wrapper)                                                            0.00       0.12 r
  implementation/plane/y_mantissa[20] (oadm_runtime_plane_pruned_RESIDUAL_DROP16)                                                  0.00       0.12 r
  implementation/plane/mult_58/b[1] (oadm_runtime_plane_pruned_RESIDUAL_DROP16_DW_mult_tc_0)                                       0.00       0.12 r
  implementation/plane/mult_58/U112/ZN (XNR2D0)                                                                                    0.13       0.25 r
  implementation/plane/mult_58/U108/ZN (OAI211D0)                                                                                  0.11       0.36 f
  implementation/plane/mult_58/U132/ZN (OAI22D0)                                                                                   0.08       0.44 r
  implementation/plane/mult_58/U25/S (HA1D0)                                                                                       0.07       0.51 f
  implementation/plane/mult_58/U10/CO (FA1D0)                                                                                      0.10       0.61 f
  implementation/plane/mult_58/U9/S (FA1D0)                                                                                        0.08       0.69 r
  implementation/plane/mult_58/product[4] (oadm_runtime_plane_pruned_RESIDUAL_DROP16_DW_mult_tc_0)                                 0.00       0.69 r
  implementation/plane/U72/S (FA1D0)                                                                                               0.10       0.79 f
  implementation/plane/U62/CO (FA1D0)                                                                                              0.10       0.89 f
  implementation/plane/U60/CO (FA1D0)                                                                                              0.06       0.94 f
  implementation/plane/U57/CO (FA1D0)                                                                                              0.06       1.00 f
  implementation/plane/U52/CO (FA1D0)                                                                                              0.06       1.05 f
  implementation/plane/U44/CO (FA1D0)                                                                                              0.06       1.11 f
  implementation/plane/U40/CO (FA1D0)                                                                                              0.06       1.17 f
  implementation/plane/U36/CO (FA1D0)                                                                                              0.06       1.22 f
  implementation/plane/U33/CO (FA1D0)                                                                                              0.06       1.28 f
  implementation/plane/U22/S (FA1D0)                                                                                               0.07       1.35 r
  implementation/plane/plane_exact[24] (oadm_runtime_plane_pruned_RESIDUAL_DROP16)                                                 0.00       1.35 r
  implementation/mult_219/a[8] (oadm_fixed_div_root_opt_3_16_16_8_e3_b6_95_7c_69_5a_4e_44_DW_mult_uns_0_DW_mult_uns_1)             0.00       1.35 r
  implementation/mult_219/U147/ZN (INVD1)                                                                                          0.02       1.37 f
  implementation/mult_219/U170/ZN (NR2D0)                                                                                          0.05       1.41 r
  implementation/mult_219/U31/S (CMPE42D1)                                                                                         0.19       1.61 f
  implementation/mult_219/U30/S (CMPE42D1)                                                                                         0.17       1.78 f
  implementation/mult_219/U9/CO (FA1D0)                                                                                            0.10       1.88 f
  implementation/mult_219/U8/CO (FA1D0)                                                                                            0.06       1.94 f
  implementation/mult_219/U7/CO (FA1D0)                                                                                            0.06       1.99 f
  implementation/mult_219/U6/CO (FA1D0)                                                                                            0.06       2.05 f
  implementation/mult_219/U5/CO (FA1D0)                                                                                            0.06       2.10 f
  implementation/mult_219/U4/CO (FA1D0)                                                                                            0.06       2.16 f
  implementation/mult_219/U3/CO (FA1D0)                                                                                            0.05       2.21 f
  implementation/mult_219/U156/Z (XOR3D0)                                                                                          0.10       2.31 f
  implementation/mult_219/product[15] (oadm_fixed_div_root_opt_3_16_16_8_e3_b6_95_7c_69_5a_4e_44_DW_mult_uns_0_DW_mult_uns_1)      0.00       2.31 f
  implementation/U33/ZN (INVD1)                                                                                                    0.06       2.37 r
  implementation/U8/ZN (ND2D1)                                                                                                     0.08       2.45 f
  implementation/U3/ZN (ND2D1)                                                                                                     0.09       2.55 r
  implementation/fp_wrapper/exponent_adjust[1] (fp32_normal_finite_wrapper)                                                        0.00       2.55 r
  implementation/fp_wrapper/U40/CO (FA1D0)                                                                                         0.10       2.65 r
  implementation/fp_wrapper/U41/CO (FA1D0)                                                                                         0.05       2.70 r
  implementation/fp_wrapper/U42/CO (FA1D0)                                                                                         0.05       2.75 r
  implementation/fp_wrapper/U43/CO (FA1D0)                                                                                         0.05       2.80 r
  implementation/fp_wrapper/U44/CO (FA1D0)                                                                                         0.05       2.85 r
  implementation/fp_wrapper/U45/CO (FA1D0)                                                                                         0.05       2.90 r
  implementation/fp_wrapper/U54/Z (XOR3D1)                                                                                         0.08       2.98 f
  implementation/fp_wrapper/result[30] (fp32_normal_finite_wrapper)                                                                0.00       2.98 f
  implementation/result[30] (oadm_fixed_div_root_opt_3_16_16_8_e3_b6_95_7c_69_5a_4e_44)                                            0.00       2.98 f
  result[30] (out)                                                                                                                 0.00       2.98 f
  data arrival time                                                                                                                           2.98

  clock vclk (rise edge)                                                                                                          10.00      10.00
  clock network delay (ideal)                                                                                                      0.00      10.00
  output external delay                                                                                                           -0.02       9.98
  data required time                                                                                                                          9.98
  ---------------------------------------------------------------------------------------------------------------------------------------------------
  data required time                                                                                                                          9.98
  data arrival time                                                                                                                          -2.98
  ---------------------------------------------------------------------------------------------------------------------------------------------------
  slack (MET)                                                                                                                                 7.00


1
