 
****************************************
Report : timing
        -path full
        -delay max
        -max_paths 20
Design : oadm_fixed_l3_div_opt
Version: U-2022.12-SP7
Date   : Thu Aug 20 17:38:25 2026
****************************************

Operating Conditions: NCCOM   Library: tcbn65gplustc_ccs
Wire Load Model Mode: segmented

  Startpoint: y[1] (input port clocked by vclk)
  Endpoint: result[19] (output port clocked by vclk)
  Path Group: vclk
  Path Type: max

  Des/Clust/Port     Wire Load Model       Library
  ------------------------------------------------
  oadm_fixed_l3_div_opt ZeroWireload       tcbn65gplustc_ccs

  Point                                       Incr       Path
  --------------------------------------------------------------
  clock vclk (rise edge)                      0.00       0.00
  clock network delay (ideal)                 0.00       0.00
  input external delay                        0.02       0.02 f
  y[1] (in)                                   0.00       0.02 f
  U199/ZN (INVD0)                             0.01       0.04 r
  U200/ZN (INVD0)                             0.03       0.07 f
  U260/ZN (NR2D0)                             0.05       0.12 r
  U261/ZN (ND3D0)                             0.05       0.18 f
  U262/ZN (NR2D0)                             0.10       0.28 r
  U263/ZN (INVD0)                             0.03       0.30 f
  U264/ZN (NR2D0)                             0.08       0.39 r
  U265/ZN (CKND2D0)                           0.05       0.44 f
  U266/ZN (NR2D0)                             0.08       0.52 r
  U267/ZN (CKND2D0)                           0.06       0.58 f
  U268/ZN (NR2D0)                             0.08       0.66 r
  U269/ZN (CKND2D0)                           0.06       0.71 f
  U270/ZN (NR2D0)                             0.08       0.79 r
  U271/ZN (CKND2D0)                           0.06       0.85 f
  U272/ZN (NR2D0)                             0.10       0.95 r
  U273/ZN (CKND2D0)                           0.06       1.01 f
  U274/ZN (NR2D0)                             0.10       1.11 r
  U275/ZN (CKND2D0)                           0.06       1.16 f
  U276/ZN (NR2D0)                             0.10       1.26 r
  U277/ZN (CKND2D0)                           0.05       1.31 f
  U278/ZN (NR2D0)                             0.12       1.43 r
  U279/ZN (CKND2D0)                           0.07       1.50 f
  U280/ZN (CKND2D0)                           0.06       1.56 r
  U518/ZN (IND2D0)                            0.04       1.60 f
  U1084/ZN (MUX2ND0)                          0.05       1.64 r
  DP_OP_109J1_122_4451_U62/S (CMPE42D1)       0.18       1.82 f
  DP_OP_109J1_122_4451_U61/CO (CMPE42D1)      0.15       1.97 f
  DP_OP_109J1_122_4451_U56/S (CMPE42D1)       0.06       2.04 r
  U848/ZN (INVD0)                             0.02       2.05 f
  intadd_0_U7/CO (FA1D0)                      0.10       2.15 f
  intadd_0_U6/CO (FA1D0)                      0.06       2.21 f
  intadd_0_U5/CO (FA1D0)                      0.06       2.26 f
  intadd_0_U4/CO (FA1D0)                      0.06       2.32 f
  intadd_0_U3/CO (FA1D0)                      0.06       2.37 f
  intadd_0_U2/CO (FA1D0)                      0.06       2.43 f
  U294/ZN (XNR4D0)                            0.09       2.52 f
  U295/Z (XOR3D0)                             0.10       2.63 r
  U296/ZN (INVD0)                             0.04       2.67 f
  U584/ZN (OAI221D0)                          0.07       2.74 r
  DP_OP_110J1_123_9581_U285/S (CMPE42D1)      0.19       2.93 f
  intadd_1_U7/CO (FA1D0)                      0.10       3.03 f
  intadd_1_U6/CO (FA1D0)                      0.06       3.09 f
  intadd_1_U5/CO (FA1D0)                      0.06       3.14 f
  intadd_1_U4/CO (FA1D0)                      0.06       3.20 f
  intadd_1_U3/CO (FA1D0)                      0.06       3.25 f
  intadd_1_U2/CO (FA1D0)                      0.06       3.31 f
  U315/ZN (CKND2D0)                           0.03       3.34 r
  U319/ZN (INR2D0)                            0.02       3.36 f
  U320/ZN (AOI21D0)                           0.04       3.40 r
  U321/ZN (INR2D0)                            0.06       3.46 r
  U323/ZN (CKND2D0)                           0.03       3.50 f
  U324/ZN (IND2D0)                            0.17       3.67 r
  U524/ZN (CKND2D0)                           0.06       3.72 f
  U714/ZN (NR2D0)                             0.07       3.79 r
  U978/ZN (INVD0)                             0.02       3.81 f
  U979/ZN (ND3D0)                             0.02       3.83 r
  U980/Z (XOR2D0)                             0.07       3.90 f
  DP_OP_114J1_130_237_U14/CO (FA1D0)          0.10       4.00 f
  DP_OP_114J1_130_237_U13/CO (FA1D0)          0.06       4.06 f
  DP_OP_114J1_130_237_U12/CO (FA1D0)          0.06       4.11 f
  DP_OP_114J1_130_237_U11/CO (FA1D0)          0.06       4.17 f
  DP_OP_114J1_130_237_U10/CO (FA1D0)          0.06       4.23 f
  DP_OP_114J1_130_237_U9/CO (FA1D0)           0.06       4.28 f
  DP_OP_114J1_130_237_U8/CO (FA1D0)           0.06       4.34 f
  DP_OP_114J1_130_237_U7/CO (FA1D0)           0.06       4.39 f
  DP_OP_114J1_130_237_U6/CO (FA1D0)           0.06       4.45 f
  DP_OP_114J1_130_237_U5/S (FA1D0)            0.07       4.51 r
  U550/ZN (NR3D0)                             0.02       4.53 f
  U551/ZN (AOI21D0)                           0.06       4.60 r
  U567/ZN (OAI31D0)                           0.04       4.63 f
  U575/Z (OR2D0)                              0.08       4.71 f
  U576/ZN (NR2D0)                             0.08       4.79 r
  U579/ZN (CKND2D0)                           0.05       4.85 f
  U733/ZN (INVD0)                             0.13       4.98 r
  U749/ZN (AOI22D0)                           0.05       5.03 f
  U750/ZN (OAI211D0)                          0.06       5.09 r
  result[19] (out)                            0.00       5.09 r
  data arrival time                                      5.09

  clock vclk (rise edge)                     10.00      10.00
  clock network delay (ideal)                 0.00      10.00
  output external delay                      -0.02       9.98
  data required time                                     9.98
  --------------------------------------------------------------
  data required time                                     9.98
  data arrival time                                     -5.09
  --------------------------------------------------------------
  slack (MET)                                            4.89


  Startpoint: y[1] (input port clocked by vclk)
  Endpoint: result[16] (output port clocked by vclk)
  Path Group: vclk
  Path Type: max

  Des/Clust/Port     Wire Load Model       Library
  ------------------------------------------------
  oadm_fixed_l3_div_opt ZeroWireload       tcbn65gplustc_ccs

  Point                                       Incr       Path
  --------------------------------------------------------------
  clock vclk (rise edge)                      0.00       0.00
  clock network delay (ideal)                 0.00       0.00
  input external delay                        0.02       0.02 f
  y[1] (in)                                   0.00       0.02 f
  U199/ZN (INVD0)                             0.01       0.04 r
  U200/ZN (INVD0)                             0.03       0.07 f
  U260/ZN (NR2D0)                             0.05       0.12 r
  U261/ZN (ND3D0)                             0.05       0.18 f
  U262/ZN (NR2D0)                             0.10       0.28 r
  U263/ZN (INVD0)                             0.03       0.30 f
  U264/ZN (NR2D0)                             0.08       0.39 r
  U265/ZN (CKND2D0)                           0.05       0.44 f
  U266/ZN (NR2D0)                             0.08       0.52 r
  U267/ZN (CKND2D0)                           0.06       0.58 f
  U268/ZN (NR2D0)                             0.08       0.66 r
  U269/ZN (CKND2D0)                           0.06       0.71 f
  U270/ZN (NR2D0)                             0.08       0.79 r
  U271/ZN (CKND2D0)                           0.06       0.85 f
  U272/ZN (NR2D0)                             0.10       0.95 r
  U273/ZN (CKND2D0)                           0.06       1.01 f
  U274/ZN (NR2D0)                             0.10       1.11 r
  U275/ZN (CKND2D0)                           0.06       1.16 f
  U276/ZN (NR2D0)                             0.10       1.26 r
  U277/ZN (CKND2D0)                           0.05       1.31 f
  U278/ZN (NR2D0)                             0.12       1.43 r
  U279/ZN (CKND2D0)                           0.07       1.50 f
  U280/ZN (CKND2D0)                           0.06       1.56 r
  U518/ZN (IND2D0)                            0.04       1.60 f
  U1084/ZN (MUX2ND0)                          0.05       1.64 r
  DP_OP_109J1_122_4451_U62/S (CMPE42D1)       0.18       1.82 f
  DP_OP_109J1_122_4451_U61/CO (CMPE42D1)      0.15       1.97 f
  DP_OP_109J1_122_4451_U56/S (CMPE42D1)       0.06       2.04 r
  U848/ZN (INVD0)                             0.02       2.05 f
  intadd_0_U7/CO (FA1D0)                      0.10       2.15 f
  intadd_0_U6/CO (FA1D0)                      0.06       2.21 f
  intadd_0_U5/CO (FA1D0)                      0.06       2.26 f
  intadd_0_U4/CO (FA1D0)                      0.06       2.32 f
  intadd_0_U3/CO (FA1D0)                      0.06       2.37 f
  intadd_0_U2/CO (FA1D0)                      0.06       2.43 f
  U294/ZN (XNR4D0)                            0.09       2.52 f
  U295/Z (XOR3D0)                             0.10       2.63 r
  U296/ZN (INVD0)                             0.04       2.67 f
  U584/ZN (OAI221D0)                          0.07       2.74 r
  DP_OP_110J1_123_9581_U285/S (CMPE42D1)      0.19       2.93 f
  intadd_1_U7/CO (FA1D0)                      0.10       3.03 f
  intadd_1_U6/CO (FA1D0)                      0.06       3.09 f
  intadd_1_U5/CO (FA1D0)                      0.06       3.14 f
  intadd_1_U4/CO (FA1D0)                      0.06       3.20 f
  intadd_1_U3/CO (FA1D0)                      0.06       3.25 f
  intadd_1_U2/CO (FA1D0)                      0.06       3.31 f
  U315/ZN (CKND2D0)                           0.03       3.34 r
  U319/ZN (INR2D0)                            0.02       3.36 f
  U320/ZN (AOI21D0)                           0.04       3.40 r
  U321/ZN (INR2D0)                            0.06       3.46 r
  U323/ZN (CKND2D0)                           0.03       3.50 f
  U324/ZN (IND2D0)                            0.17       3.67 r
  U524/ZN (CKND2D0)                           0.06       3.72 f
  U714/ZN (NR2D0)                             0.07       3.79 r
  U978/ZN (INVD0)                             0.02       3.81 f
  U979/ZN (ND3D0)                             0.02       3.83 r
  U980/Z (XOR2D0)                             0.07       3.90 f
  DP_OP_114J1_130_237_U14/CO (FA1D0)          0.10       4.00 f
  DP_OP_114J1_130_237_U13/CO (FA1D0)          0.06       4.06 f
  DP_OP_114J1_130_237_U12/CO (FA1D0)          0.06       4.11 f
  DP_OP_114J1_130_237_U11/CO (FA1D0)          0.06       4.17 f
  DP_OP_114J1_130_237_U10/CO (FA1D0)          0.06       4.23 f
  DP_OP_114J1_130_237_U9/CO (FA1D0)           0.06       4.28 f
  DP_OP_114J1_130_237_U8/CO (FA1D0)           0.06       4.34 f
  DP_OP_114J1_130_237_U7/CO (FA1D0)           0.06       4.39 f
  DP_OP_114J1_130_237_U6/CO (FA1D0)           0.06       4.45 f
  DP_OP_114J1_130_237_U5/S (FA1D0)            0.07       4.51 r
  U550/ZN (NR3D0)                             0.02       4.53 f
  U551/ZN (AOI21D0)                           0.06       4.60 r
  U567/ZN (OAI31D0)                           0.04       4.63 f
  U575/Z (OR2D0)                              0.08       4.71 f
  U576/ZN (NR2D0)                             0.08       4.79 r
  U579/ZN (CKND2D0)                           0.05       4.85 f
  U733/ZN (INVD0)                             0.13       4.98 r
  U745/ZN (AOI22D0)                           0.05       5.03 f
  U746/ZN (OAI211D0)                          0.06       5.09 r
  result[16] (out)                            0.00       5.09 r
  data arrival time                                      5.09

  clock vclk (rise edge)                     10.00      10.00
  clock network delay (ideal)                 0.00      10.00
  output external delay                      -0.02       9.98
  data required time                                     9.98
  --------------------------------------------------------------
  data required time                                     9.98
  data arrival time                                     -5.09
  --------------------------------------------------------------
  slack (MET)                                            4.89


  Startpoint: y[1] (input port clocked by vclk)
  Endpoint: result[13] (output port clocked by vclk)
  Path Group: vclk
  Path Type: max

  Des/Clust/Port     Wire Load Model       Library
  ------------------------------------------------
  oadm_fixed_l3_div_opt ZeroWireload       tcbn65gplustc_ccs

  Point                                       Incr       Path
  --------------------------------------------------------------
  clock vclk (rise edge)                      0.00       0.00
  clock network delay (ideal)                 0.00       0.00
  input external delay                        0.02       0.02 f
  y[1] (in)                                   0.00       0.02 f
  U199/ZN (INVD0)                             0.01       0.04 r
  U200/ZN (INVD0)                             0.03       0.07 f
  U260/ZN (NR2D0)                             0.05       0.12 r
  U261/ZN (ND3D0)                             0.05       0.18 f
  U262/ZN (NR2D0)                             0.10       0.28 r
  U263/ZN (INVD0)                             0.03       0.30 f
  U264/ZN (NR2D0)                             0.08       0.39 r
  U265/ZN (CKND2D0)                           0.05       0.44 f
  U266/ZN (NR2D0)                             0.08       0.52 r
  U267/ZN (CKND2D0)                           0.06       0.58 f
  U268/ZN (NR2D0)                             0.08       0.66 r
  U269/ZN (CKND2D0)                           0.06       0.71 f
  U270/ZN (NR2D0)                             0.08       0.79 r
  U271/ZN (CKND2D0)                           0.06       0.85 f
  U272/ZN (NR2D0)                             0.10       0.95 r
  U273/ZN (CKND2D0)                           0.06       1.01 f
  U274/ZN (NR2D0)                             0.10       1.11 r
  U275/ZN (CKND2D0)                           0.06       1.16 f
  U276/ZN (NR2D0)                             0.10       1.26 r
  U277/ZN (CKND2D0)                           0.05       1.31 f
  U278/ZN (NR2D0)                             0.12       1.43 r
  U279/ZN (CKND2D0)                           0.07       1.50 f
  U280/ZN (CKND2D0)                           0.06       1.56 r
  U518/ZN (IND2D0)                            0.04       1.60 f
  U1084/ZN (MUX2ND0)                          0.05       1.64 r
  DP_OP_109J1_122_4451_U62/S (CMPE42D1)       0.18       1.82 f
  DP_OP_109J1_122_4451_U61/CO (CMPE42D1)      0.15       1.97 f
  DP_OP_109J1_122_4451_U56/S (CMPE42D1)       0.06       2.04 r
  U848/ZN (INVD0)                             0.02       2.05 f
  intadd_0_U7/CO (FA1D0)                      0.10       2.15 f
  intadd_0_U6/CO (FA1D0)                      0.06       2.21 f
  intadd_0_U5/CO (FA1D0)                      0.06       2.26 f
  intadd_0_U4/CO (FA1D0)                      0.06       2.32 f
  intadd_0_U3/CO (FA1D0)                      0.06       2.37 f
  intadd_0_U2/CO (FA1D0)                      0.06       2.43 f
  U294/ZN (XNR4D0)                            0.09       2.52 f
  U295/Z (XOR3D0)                             0.10       2.63 r
  U296/ZN (INVD0)                             0.04       2.67 f
  U584/ZN (OAI221D0)                          0.07       2.74 r
  DP_OP_110J1_123_9581_U285/S (CMPE42D1)      0.19       2.93 f
  intadd_1_U7/CO (FA1D0)                      0.10       3.03 f
  intadd_1_U6/CO (FA1D0)                      0.06       3.09 f
  intadd_1_U5/CO (FA1D0)                      0.06       3.14 f
  intadd_1_U4/CO (FA1D0)                      0.06       3.20 f
  intadd_1_U3/CO (FA1D0)                      0.06       3.25 f
  intadd_1_U2/CO (FA1D0)                      0.06       3.31 f
  U315/ZN (CKND2D0)                           0.03       3.34 r
  U319/ZN (INR2D0)                            0.02       3.36 f
  U320/ZN (AOI21D0)                           0.04       3.40 r
  U321/ZN (INR2D0)                            0.06       3.46 r
  U323/ZN (CKND2D0)                           0.03       3.50 f
  U324/ZN (IND2D0)                            0.17       3.67 r
  U524/ZN (CKND2D0)                           0.06       3.72 f
  U714/ZN (NR2D0)                             0.07       3.79 r
  U978/ZN (INVD0)                             0.02       3.81 f
  U979/ZN (ND3D0)                             0.02       3.83 r
  U980/Z (XOR2D0)                             0.07       3.90 f
  DP_OP_114J1_130_237_U14/CO (FA1D0)          0.10       4.00 f
  DP_OP_114J1_130_237_U13/CO (FA1D0)          0.06       4.06 f
  DP_OP_114J1_130_237_U12/CO (FA1D0)          0.06       4.11 f
  DP_OP_114J1_130_237_U11/CO (FA1D0)          0.06       4.17 f
  DP_OP_114J1_130_237_U10/CO (FA1D0)          0.06       4.23 f
  DP_OP_114J1_130_237_U9/CO (FA1D0)           0.06       4.28 f
  DP_OP_114J1_130_237_U8/CO (FA1D0)           0.06       4.34 f
  DP_OP_114J1_130_237_U7/CO (FA1D0)           0.06       4.39 f
  DP_OP_114J1_130_237_U6/CO (FA1D0)           0.06       4.45 f
  DP_OP_114J1_130_237_U5/S (FA1D0)            0.07       4.51 r
  U550/ZN (NR3D0)                             0.02       4.53 f
  U551/ZN (AOI21D0)                           0.06       4.60 r
  U567/ZN (OAI31D0)                           0.04       4.63 f
  U575/Z (OR2D0)                              0.08       4.71 f
  U576/ZN (NR2D0)                             0.08       4.79 r
  U579/ZN (CKND2D0)                           0.05       4.85 f
  U733/ZN (INVD0)                             0.13       4.98 r
  U741/ZN (AOI22D0)                           0.05       5.03 f
  U742/ZN (OAI211D0)                          0.06       5.09 r
  result[13] (out)                            0.00       5.09 r
  data arrival time                                      5.09

  clock vclk (rise edge)                     10.00      10.00
  clock network delay (ideal)                 0.00      10.00
  output external delay                      -0.02       9.98
  data required time                                     9.98
  --------------------------------------------------------------
  data required time                                     9.98
  data arrival time                                     -5.09
  --------------------------------------------------------------
  slack (MET)                                            4.89


  Startpoint: y[1] (input port clocked by vclk)
  Endpoint: result[10] (output port clocked by vclk)
  Path Group: vclk
  Path Type: max

  Des/Clust/Port     Wire Load Model       Library
  ------------------------------------------------
  oadm_fixed_l3_div_opt ZeroWireload       tcbn65gplustc_ccs

  Point                                       Incr       Path
  --------------------------------------------------------------
  clock vclk (rise edge)                      0.00       0.00
  clock network delay (ideal)                 0.00       0.00
  input external delay                        0.02       0.02 f
  y[1] (in)                                   0.00       0.02 f
  U199/ZN (INVD0)                             0.01       0.04 r
  U200/ZN (INVD0)                             0.03       0.07 f
  U260/ZN (NR2D0)                             0.05       0.12 r
  U261/ZN (ND3D0)                             0.05       0.18 f
  U262/ZN (NR2D0)                             0.10       0.28 r
  U263/ZN (INVD0)                             0.03       0.30 f
  U264/ZN (NR2D0)                             0.08       0.39 r
  U265/ZN (CKND2D0)                           0.05       0.44 f
  U266/ZN (NR2D0)                             0.08       0.52 r
  U267/ZN (CKND2D0)                           0.06       0.58 f
  U268/ZN (NR2D0)                             0.08       0.66 r
  U269/ZN (CKND2D0)                           0.06       0.71 f
  U270/ZN (NR2D0)                             0.08       0.79 r
  U271/ZN (CKND2D0)                           0.06       0.85 f
  U272/ZN (NR2D0)                             0.10       0.95 r
  U273/ZN (CKND2D0)                           0.06       1.01 f
  U274/ZN (NR2D0)                             0.10       1.11 r
  U275/ZN (CKND2D0)                           0.06       1.16 f
  U276/ZN (NR2D0)                             0.10       1.26 r
  U277/ZN (CKND2D0)                           0.05       1.31 f
  U278/ZN (NR2D0)                             0.12       1.43 r
  U279/ZN (CKND2D0)                           0.07       1.50 f
  U280/ZN (CKND2D0)                           0.06       1.56 r
  U518/ZN (IND2D0)                            0.04       1.60 f
  U1084/ZN (MUX2ND0)                          0.05       1.64 r
  DP_OP_109J1_122_4451_U62/S (CMPE42D1)       0.18       1.82 f
  DP_OP_109J1_122_4451_U61/CO (CMPE42D1)      0.15       1.97 f
  DP_OP_109J1_122_4451_U56/S (CMPE42D1)       0.06       2.04 r
  U848/ZN (INVD0)                             0.02       2.05 f
  intadd_0_U7/CO (FA1D0)                      0.10       2.15 f
  intadd_0_U6/CO (FA1D0)                      0.06       2.21 f
  intadd_0_U5/CO (FA1D0)                      0.06       2.26 f
  intadd_0_U4/CO (FA1D0)                      0.06       2.32 f
  intadd_0_U3/CO (FA1D0)                      0.06       2.37 f
  intadd_0_U2/CO (FA1D0)                      0.06       2.43 f
  U294/ZN (XNR4D0)                            0.09       2.52 f
  U295/Z (XOR3D0)                             0.10       2.63 r
  U296/ZN (INVD0)                             0.04       2.67 f
  U584/ZN (OAI221D0)                          0.07       2.74 r
  DP_OP_110J1_123_9581_U285/S (CMPE42D1)      0.19       2.93 f
  intadd_1_U7/CO (FA1D0)                      0.10       3.03 f
  intadd_1_U6/CO (FA1D0)                      0.06       3.09 f
  intadd_1_U5/CO (FA1D0)                      0.06       3.14 f
  intadd_1_U4/CO (FA1D0)                      0.06       3.20 f
  intadd_1_U3/CO (FA1D0)                      0.06       3.25 f
  intadd_1_U2/CO (FA1D0)                      0.06       3.31 f
  U315/ZN (CKND2D0)                           0.03       3.34 r
  U319/ZN (INR2D0)                            0.02       3.36 f
  U320/ZN (AOI21D0)                           0.04       3.40 r
  U321/ZN (INR2D0)                            0.06       3.46 r
  U323/ZN (CKND2D0)                           0.03       3.50 f
  U324/ZN (IND2D0)                            0.17       3.67 r
  U524/ZN (CKND2D0)                           0.06       3.72 f
  U714/ZN (NR2D0)                             0.07       3.79 r
  U978/ZN (INVD0)                             0.02       3.81 f
  U979/ZN (ND3D0)                             0.02       3.83 r
  U980/Z (XOR2D0)                             0.07       3.90 f
  DP_OP_114J1_130_237_U14/CO (FA1D0)          0.10       4.00 f
  DP_OP_114J1_130_237_U13/CO (FA1D0)          0.06       4.06 f
  DP_OP_114J1_130_237_U12/CO (FA1D0)          0.06       4.11 f
  DP_OP_114J1_130_237_U11/CO (FA1D0)          0.06       4.17 f
  DP_OP_114J1_130_237_U10/CO (FA1D0)          0.06       4.23 f
  DP_OP_114J1_130_237_U9/CO (FA1D0)           0.06       4.28 f
  DP_OP_114J1_130_237_U8/CO (FA1D0)           0.06       4.34 f
  DP_OP_114J1_130_237_U7/CO (FA1D0)           0.06       4.39 f
  DP_OP_114J1_130_237_U6/CO (FA1D0)           0.06       4.45 f
  DP_OP_114J1_130_237_U5/S (FA1D0)            0.07       4.51 r
  U550/ZN (NR3D0)                             0.02       4.53 f
  U551/ZN (AOI21D0)                           0.06       4.60 r
  U567/ZN (OAI31D0)                           0.04       4.63 f
  U575/Z (OR2D0)                              0.08       4.71 f
  U576/ZN (NR2D0)                             0.08       4.79 r
  U579/ZN (CKND2D0)                           0.05       4.85 f
  U733/ZN (INVD0)                             0.13       4.98 r
  U734/ZN (AOI22D0)                           0.05       5.03 f
  U735/ZN (OAI211D0)                          0.06       5.09 r
  result[10] (out)                            0.00       5.09 r
  data arrival time                                      5.09

  clock vclk (rise edge)                     10.00      10.00
  clock network delay (ideal)                 0.00      10.00
  output external delay                      -0.02       9.98
  data required time                                     9.98
  --------------------------------------------------------------
  data required time                                     9.98
  data arrival time                                     -5.09
  --------------------------------------------------------------
  slack (MET)                                            4.89


  Startpoint: y[1] (input port clocked by vclk)
  Endpoint: result[7] (output port clocked by vclk)
  Path Group: vclk
  Path Type: max

  Des/Clust/Port     Wire Load Model       Library
  ------------------------------------------------
  oadm_fixed_l3_div_opt ZeroWireload       tcbn65gplustc_ccs

  Point                                       Incr       Path
  --------------------------------------------------------------
  clock vclk (rise edge)                      0.00       0.00
  clock network delay (ideal)                 0.00       0.00
  input external delay                        0.02       0.02 f
  y[1] (in)                                   0.00       0.02 f
  U199/ZN (INVD0)                             0.01       0.04 r
  U200/ZN (INVD0)                             0.03       0.07 f
  U260/ZN (NR2D0)                             0.05       0.12 r
  U261/ZN (ND3D0)                             0.05       0.18 f
  U262/ZN (NR2D0)                             0.10       0.28 r
  U263/ZN (INVD0)                             0.03       0.30 f
  U264/ZN (NR2D0)                             0.08       0.39 r
  U265/ZN (CKND2D0)                           0.05       0.44 f
  U266/ZN (NR2D0)                             0.08       0.52 r
  U267/ZN (CKND2D0)                           0.06       0.58 f
  U268/ZN (NR2D0)                             0.08       0.66 r
  U269/ZN (CKND2D0)                           0.06       0.71 f
  U270/ZN (NR2D0)                             0.08       0.79 r
  U271/ZN (CKND2D0)                           0.06       0.85 f
  U272/ZN (NR2D0)                             0.10       0.95 r
  U273/ZN (CKND2D0)                           0.06       1.01 f
  U274/ZN (NR2D0)                             0.10       1.11 r
  U275/ZN (CKND2D0)                           0.06       1.16 f
  U276/ZN (NR2D0)                             0.10       1.26 r
  U277/ZN (CKND2D0)                           0.05       1.31 f
  U278/ZN (NR2D0)                             0.12       1.43 r
  U279/ZN (CKND2D0)                           0.07       1.50 f
  U280/ZN (CKND2D0)                           0.06       1.56 r
  U518/ZN (IND2D0)                            0.04       1.60 f
  U1084/ZN (MUX2ND0)                          0.05       1.64 r
  DP_OP_109J1_122_4451_U62/S (CMPE42D1)       0.18       1.82 f
  DP_OP_109J1_122_4451_U61/CO (CMPE42D1)      0.15       1.97 f
  DP_OP_109J1_122_4451_U56/S (CMPE42D1)       0.06       2.04 r
  U848/ZN (INVD0)                             0.02       2.05 f
  intadd_0_U7/CO (FA1D0)                      0.10       2.15 f
  intadd_0_U6/CO (FA1D0)                      0.06       2.21 f
  intadd_0_U5/CO (FA1D0)                      0.06       2.26 f
  intadd_0_U4/CO (FA1D0)                      0.06       2.32 f
  intadd_0_U3/CO (FA1D0)                      0.06       2.37 f
  intadd_0_U2/CO (FA1D0)                      0.06       2.43 f
  U294/ZN (XNR4D0)                            0.09       2.52 f
  U295/Z (XOR3D0)                             0.10       2.63 r
  U296/ZN (INVD0)                             0.04       2.67 f
  U584/ZN (OAI221D0)                          0.07       2.74 r
  DP_OP_110J1_123_9581_U285/S (CMPE42D1)      0.19       2.93 f
  intadd_1_U7/CO (FA1D0)                      0.10       3.03 f
  intadd_1_U6/CO (FA1D0)                      0.06       3.09 f
  intadd_1_U5/CO (FA1D0)                      0.06       3.14 f
  intadd_1_U4/CO (FA1D0)                      0.06       3.20 f
  intadd_1_U3/CO (FA1D0)                      0.06       3.25 f
  intadd_1_U2/CO (FA1D0)                      0.06       3.31 f
  U315/ZN (CKND2D0)                           0.03       3.34 r
  U319/ZN (INR2D0)                            0.02       3.36 f
  U320/ZN (AOI21D0)                           0.04       3.40 r
  U321/ZN (INR2D0)                            0.06       3.46 r
  U323/ZN (CKND2D0)                           0.03       3.50 f
  U324/ZN (IND2D0)                            0.17       3.67 r
  U524/ZN (CKND2D0)                           0.06       3.72 f
  U714/ZN (NR2D0)                             0.07       3.79 r
  U978/ZN (INVD0)                             0.02       3.81 f
  U979/ZN (ND3D0)                             0.02       3.83 r
  U980/Z (XOR2D0)                             0.07       3.90 f
  DP_OP_114J1_130_237_U14/CO (FA1D0)          0.10       4.00 f
  DP_OP_114J1_130_237_U13/CO (FA1D0)          0.06       4.06 f
  DP_OP_114J1_130_237_U12/CO (FA1D0)          0.06       4.11 f
  DP_OP_114J1_130_237_U11/CO (FA1D0)          0.06       4.17 f
  DP_OP_114J1_130_237_U10/CO (FA1D0)          0.06       4.23 f
  DP_OP_114J1_130_237_U9/CO (FA1D0)           0.06       4.28 f
  DP_OP_114J1_130_237_U8/CO (FA1D0)           0.06       4.34 f
  DP_OP_114J1_130_237_U7/CO (FA1D0)           0.06       4.39 f
  DP_OP_114J1_130_237_U6/CO (FA1D0)           0.06       4.45 f
  DP_OP_114J1_130_237_U5/S (FA1D0)            0.07       4.51 r
  U550/ZN (NR3D0)                             0.02       4.53 f
  U551/ZN (AOI21D0)                           0.06       4.60 r
  U567/ZN (OAI31D0)                           0.04       4.63 f
  U575/Z (OR2D0)                              0.08       4.71 f
  U576/ZN (NR2D0)                             0.08       4.79 r
  U579/ZN (CKND2D0)                           0.05       4.85 f
  U733/ZN (INVD0)                             0.13       4.98 r
  U753/ZN (AOI22D0)                           0.05       5.03 f
  U754/ZN (OAI211D0)                          0.06       5.09 r
  result[7] (out)                             0.00       5.09 r
  data arrival time                                      5.09

  clock vclk (rise edge)                     10.00      10.00
  clock network delay (ideal)                 0.00      10.00
  output external delay                      -0.02       9.98
  data required time                                     9.98
  --------------------------------------------------------------
  data required time                                     9.98
  data arrival time                                     -5.09
  --------------------------------------------------------------
  slack (MET)                                            4.89


  Startpoint: y[1] (input port clocked by vclk)
  Endpoint: result[4] (output port clocked by vclk)
  Path Group: vclk
  Path Type: max

  Des/Clust/Port     Wire Load Model       Library
  ------------------------------------------------
  oadm_fixed_l3_div_opt ZeroWireload       tcbn65gplustc_ccs

  Point                                       Incr       Path
  --------------------------------------------------------------
  clock vclk (rise edge)                      0.00       0.00
  clock network delay (ideal)                 0.00       0.00
  input external delay                        0.02       0.02 f
  y[1] (in)                                   0.00       0.02 f
  U199/ZN (INVD0)                             0.01       0.04 r
  U200/ZN (INVD0)                             0.03       0.07 f
  U260/ZN (NR2D0)                             0.05       0.12 r
  U261/ZN (ND3D0)                             0.05       0.18 f
  U262/ZN (NR2D0)                             0.10       0.28 r
  U263/ZN (INVD0)                             0.03       0.30 f
  U264/ZN (NR2D0)                             0.08       0.39 r
  U265/ZN (CKND2D0)                           0.05       0.44 f
  U266/ZN (NR2D0)                             0.08       0.52 r
  U267/ZN (CKND2D0)                           0.06       0.58 f
  U268/ZN (NR2D0)                             0.08       0.66 r
  U269/ZN (CKND2D0)                           0.06       0.71 f
  U270/ZN (NR2D0)                             0.08       0.79 r
  U271/ZN (CKND2D0)                           0.06       0.85 f
  U272/ZN (NR2D0)                             0.10       0.95 r
  U273/ZN (CKND2D0)                           0.06       1.01 f
  U274/ZN (NR2D0)                             0.10       1.11 r
  U275/ZN (CKND2D0)                           0.06       1.16 f
  U276/ZN (NR2D0)                             0.10       1.26 r
  U277/ZN (CKND2D0)                           0.05       1.31 f
  U278/ZN (NR2D0)                             0.12       1.43 r
  U279/ZN (CKND2D0)                           0.07       1.50 f
  U280/ZN (CKND2D0)                           0.06       1.56 r
  U518/ZN (IND2D0)                            0.04       1.60 f
  U1084/ZN (MUX2ND0)                          0.05       1.64 r
  DP_OP_109J1_122_4451_U62/S (CMPE42D1)       0.18       1.82 f
  DP_OP_109J1_122_4451_U61/CO (CMPE42D1)      0.15       1.97 f
  DP_OP_109J1_122_4451_U56/S (CMPE42D1)       0.06       2.04 r
  U848/ZN (INVD0)                             0.02       2.05 f
  intadd_0_U7/CO (FA1D0)                      0.10       2.15 f
  intadd_0_U6/CO (FA1D0)                      0.06       2.21 f
  intadd_0_U5/CO (FA1D0)                      0.06       2.26 f
  intadd_0_U4/CO (FA1D0)                      0.06       2.32 f
  intadd_0_U3/CO (FA1D0)                      0.06       2.37 f
  intadd_0_U2/CO (FA1D0)                      0.06       2.43 f
  U294/ZN (XNR4D0)                            0.09       2.52 f
  U295/Z (XOR3D0)                             0.10       2.63 r
  U296/ZN (INVD0)                             0.04       2.67 f
  U584/ZN (OAI221D0)                          0.07       2.74 r
  DP_OP_110J1_123_9581_U285/S (CMPE42D1)      0.19       2.93 f
  intadd_1_U7/CO (FA1D0)                      0.10       3.03 f
  intadd_1_U6/CO (FA1D0)                      0.06       3.09 f
  intadd_1_U5/CO (FA1D0)                      0.06       3.14 f
  intadd_1_U4/CO (FA1D0)                      0.06       3.20 f
  intadd_1_U3/CO (FA1D0)                      0.06       3.25 f
  intadd_1_U2/CO (FA1D0)                      0.06       3.31 f
  U315/ZN (CKND2D0)                           0.03       3.34 r
  U319/ZN (INR2D0)                            0.02       3.36 f
  U320/ZN (AOI21D0)                           0.04       3.40 r
  U321/ZN (INR2D0)                            0.06       3.46 r
  U323/ZN (CKND2D0)                           0.03       3.50 f
  U324/ZN (IND2D0)                            0.17       3.67 r
  U524/ZN (CKND2D0)                           0.06       3.72 f
  U714/ZN (NR2D0)                             0.07       3.79 r
  U978/ZN (INVD0)                             0.02       3.81 f
  U979/ZN (ND3D0)                             0.02       3.83 r
  U980/Z (XOR2D0)                             0.07       3.90 f
  DP_OP_114J1_130_237_U14/CO (FA1D0)          0.10       4.00 f
  DP_OP_114J1_130_237_U13/CO (FA1D0)          0.06       4.06 f
  DP_OP_114J1_130_237_U12/CO (FA1D0)          0.06       4.11 f
  DP_OP_114J1_130_237_U11/CO (FA1D0)          0.06       4.17 f
  DP_OP_114J1_130_237_U10/CO (FA1D0)          0.06       4.23 f
  DP_OP_114J1_130_237_U9/CO (FA1D0)           0.06       4.28 f
  DP_OP_114J1_130_237_U8/CO (FA1D0)           0.06       4.34 f
  DP_OP_114J1_130_237_U7/CO (FA1D0)           0.06       4.39 f
  DP_OP_114J1_130_237_U6/CO (FA1D0)           0.06       4.45 f
  DP_OP_114J1_130_237_U5/S (FA1D0)            0.07       4.51 r
  U550/ZN (NR3D0)                             0.02       4.53 f
  U551/ZN (AOI21D0)                           0.06       4.60 r
  U567/ZN (OAI31D0)                           0.04       4.63 f
  U575/Z (OR2D0)                              0.08       4.71 f
  U576/ZN (NR2D0)                             0.08       4.79 r
  U579/ZN (CKND2D0)                           0.05       4.85 f
  U733/ZN (INVD0)                             0.13       4.98 r
  U737/ZN (AOI22D0)                           0.05       5.03 f
  U738/ZN (OAI211D0)                          0.06       5.09 r
  result[4] (out)                             0.00       5.09 r
  data arrival time                                      5.09

  clock vclk (rise edge)                     10.00      10.00
  clock network delay (ideal)                 0.00      10.00
  output external delay                      -0.02       9.98
  data required time                                     9.98
  --------------------------------------------------------------
  data required time                                     9.98
  data arrival time                                     -5.09
  --------------------------------------------------------------
  slack (MET)                                            4.89


  Startpoint: y[1] (input port clocked by vclk)
  Endpoint: result[18] (output port clocked by vclk)
  Path Group: vclk
  Path Type: max

  Des/Clust/Port     Wire Load Model       Library
  ------------------------------------------------
  oadm_fixed_l3_div_opt ZeroWireload       tcbn65gplustc_ccs

  Point                                       Incr       Path
  --------------------------------------------------------------
  clock vclk (rise edge)                      0.00       0.00
  clock network delay (ideal)                 0.00       0.00
  input external delay                        0.02       0.02 f
  y[1] (in)                                   0.00       0.02 f
  U199/ZN (INVD0)                             0.01       0.04 r
  U200/ZN (INVD0)                             0.03       0.07 f
  U260/ZN (NR2D0)                             0.05       0.12 r
  U261/ZN (ND3D0)                             0.05       0.18 f
  U262/ZN (NR2D0)                             0.10       0.28 r
  U263/ZN (INVD0)                             0.03       0.30 f
  U264/ZN (NR2D0)                             0.08       0.39 r
  U265/ZN (CKND2D0)                           0.05       0.44 f
  U266/ZN (NR2D0)                             0.08       0.52 r
  U267/ZN (CKND2D0)                           0.06       0.58 f
  U268/ZN (NR2D0)                             0.08       0.66 r
  U269/ZN (CKND2D0)                           0.06       0.71 f
  U270/ZN (NR2D0)                             0.08       0.79 r
  U271/ZN (CKND2D0)                           0.06       0.85 f
  U272/ZN (NR2D0)                             0.10       0.95 r
  U273/ZN (CKND2D0)                           0.06       1.01 f
  U274/ZN (NR2D0)                             0.10       1.11 r
  U275/ZN (CKND2D0)                           0.06       1.16 f
  U276/ZN (NR2D0)                             0.10       1.26 r
  U277/ZN (CKND2D0)                           0.05       1.31 f
  U278/ZN (NR2D0)                             0.12       1.43 r
  U279/ZN (CKND2D0)                           0.07       1.50 f
  U280/ZN (CKND2D0)                           0.06       1.56 r
  U518/ZN (IND2D0)                            0.04       1.60 f
  U1084/ZN (MUX2ND0)                          0.05       1.64 r
  DP_OP_109J1_122_4451_U62/S (CMPE42D1)       0.18       1.82 f
  DP_OP_109J1_122_4451_U61/CO (CMPE42D1)      0.15       1.97 f
  DP_OP_109J1_122_4451_U56/S (CMPE42D1)       0.06       2.04 r
  U848/ZN (INVD0)                             0.02       2.05 f
  intadd_0_U7/CO (FA1D0)                      0.10       2.15 f
  intadd_0_U6/CO (FA1D0)                      0.06       2.21 f
  intadd_0_U5/CO (FA1D0)                      0.06       2.26 f
  intadd_0_U4/CO (FA1D0)                      0.06       2.32 f
  intadd_0_U3/CO (FA1D0)                      0.06       2.37 f
  intadd_0_U2/CO (FA1D0)                      0.06       2.43 f
  U294/ZN (XNR4D0)                            0.09       2.52 f
  U295/Z (XOR3D0)                             0.10       2.63 r
  U296/ZN (INVD0)                             0.04       2.67 f
  U584/ZN (OAI221D0)                          0.07       2.74 r
  DP_OP_110J1_123_9581_U285/S (CMPE42D1)      0.19       2.93 f
  intadd_1_U7/CO (FA1D0)                      0.10       3.03 f
  intadd_1_U6/CO (FA1D0)                      0.06       3.09 f
  intadd_1_U5/CO (FA1D0)                      0.06       3.14 f
  intadd_1_U4/CO (FA1D0)                      0.06       3.20 f
  intadd_1_U3/CO (FA1D0)                      0.06       3.25 f
  intadd_1_U2/CO (FA1D0)                      0.06       3.31 f
  U315/ZN (CKND2D0)                           0.03       3.34 r
  U319/ZN (INR2D0)                            0.02       3.36 f
  U320/ZN (AOI21D0)                           0.04       3.40 r
  U321/ZN (INR2D0)                            0.06       3.46 r
  U323/ZN (CKND2D0)                           0.03       3.50 f
  U324/ZN (IND2D0)                            0.17       3.67 r
  U524/ZN (CKND2D0)                           0.06       3.72 f
  U714/ZN (NR2D0)                             0.07       3.79 r
  U978/ZN (INVD0)                             0.02       3.81 f
  U979/ZN (ND3D0)                             0.02       3.83 r
  U980/Z (XOR2D0)                             0.07       3.90 f
  DP_OP_114J1_130_237_U14/CO (FA1D0)          0.10       4.00 f
  DP_OP_114J1_130_237_U13/CO (FA1D0)          0.06       4.06 f
  DP_OP_114J1_130_237_U12/CO (FA1D0)          0.06       4.11 f
  DP_OP_114J1_130_237_U11/CO (FA1D0)          0.06       4.17 f
  DP_OP_114J1_130_237_U10/CO (FA1D0)          0.06       4.23 f
  DP_OP_114J1_130_237_U9/CO (FA1D0)           0.06       4.28 f
  DP_OP_114J1_130_237_U8/CO (FA1D0)           0.06       4.34 f
  DP_OP_114J1_130_237_U7/CO (FA1D0)           0.06       4.39 f
  DP_OP_114J1_130_237_U6/CO (FA1D0)           0.06       4.45 f
  DP_OP_114J1_130_237_U5/S (FA1D0)            0.07       4.51 r
  U550/ZN (NR3D0)                             0.02       4.53 f
  U551/ZN (AOI21D0)                           0.06       4.60 r
  U567/ZN (OAI31D0)                           0.04       4.63 f
  U575/Z (OR2D0)                              0.08       4.71 f
  U576/ZN (NR2D0)                             0.08       4.79 r
  U577/ZN (CKND2D0)                           0.07       4.86 f
  U732/ZN (INVD0)                             0.12       4.97 r
  U784/ZN (AOI22D0)                           0.05       5.02 f
  U785/ZN (OAI211D0)                          0.06       5.08 r
  result[18] (out)                            0.00       5.08 r
  data arrival time                                      5.08

  clock vclk (rise edge)                     10.00      10.00
  clock network delay (ideal)                 0.00      10.00
  output external delay                      -0.02       9.98
  data required time                                     9.98
  --------------------------------------------------------------
  data required time                                     9.98
  data arrival time                                     -5.08
  --------------------------------------------------------------
  slack (MET)                                            4.90


  Startpoint: y[1] (input port clocked by vclk)
  Endpoint: result[17] (output port clocked by vclk)
  Path Group: vclk
  Path Type: max

  Des/Clust/Port     Wire Load Model       Library
  ------------------------------------------------
  oadm_fixed_l3_div_opt ZeroWireload       tcbn65gplustc_ccs

  Point                                       Incr       Path
  --------------------------------------------------------------
  clock vclk (rise edge)                      0.00       0.00
  clock network delay (ideal)                 0.00       0.00
  input external delay                        0.02       0.02 f
  y[1] (in)                                   0.00       0.02 f
  U199/ZN (INVD0)                             0.01       0.04 r
  U200/ZN (INVD0)                             0.03       0.07 f
  U260/ZN (NR2D0)                             0.05       0.12 r
  U261/ZN (ND3D0)                             0.05       0.18 f
  U262/ZN (NR2D0)                             0.10       0.28 r
  U263/ZN (INVD0)                             0.03       0.30 f
  U264/ZN (NR2D0)                             0.08       0.39 r
  U265/ZN (CKND2D0)                           0.05       0.44 f
  U266/ZN (NR2D0)                             0.08       0.52 r
  U267/ZN (CKND2D0)                           0.06       0.58 f
  U268/ZN (NR2D0)                             0.08       0.66 r
  U269/ZN (CKND2D0)                           0.06       0.71 f
  U270/ZN (NR2D0)                             0.08       0.79 r
  U271/ZN (CKND2D0)                           0.06       0.85 f
  U272/ZN (NR2D0)                             0.10       0.95 r
  U273/ZN (CKND2D0)                           0.06       1.01 f
  U274/ZN (NR2D0)                             0.10       1.11 r
  U275/ZN (CKND2D0)                           0.06       1.16 f
  U276/ZN (NR2D0)                             0.10       1.26 r
  U277/ZN (CKND2D0)                           0.05       1.31 f
  U278/ZN (NR2D0)                             0.12       1.43 r
  U279/ZN (CKND2D0)                           0.07       1.50 f
  U280/ZN (CKND2D0)                           0.06       1.56 r
  U518/ZN (IND2D0)                            0.04       1.60 f
  U1084/ZN (MUX2ND0)                          0.05       1.64 r
  DP_OP_109J1_122_4451_U62/S (CMPE42D1)       0.18       1.82 f
  DP_OP_109J1_122_4451_U61/CO (CMPE42D1)      0.15       1.97 f
  DP_OP_109J1_122_4451_U56/S (CMPE42D1)       0.06       2.04 r
  U848/ZN (INVD0)                             0.02       2.05 f
  intadd_0_U7/CO (FA1D0)                      0.10       2.15 f
  intadd_0_U6/CO (FA1D0)                      0.06       2.21 f
  intadd_0_U5/CO (FA1D0)                      0.06       2.26 f
  intadd_0_U4/CO (FA1D0)                      0.06       2.32 f
  intadd_0_U3/CO (FA1D0)                      0.06       2.37 f
  intadd_0_U2/CO (FA1D0)                      0.06       2.43 f
  U294/ZN (XNR4D0)                            0.09       2.52 f
  U295/Z (XOR3D0)                             0.10       2.63 r
  U296/ZN (INVD0)                             0.04       2.67 f
  U584/ZN (OAI221D0)                          0.07       2.74 r
  DP_OP_110J1_123_9581_U285/S (CMPE42D1)      0.19       2.93 f
  intadd_1_U7/CO (FA1D0)                      0.10       3.03 f
  intadd_1_U6/CO (FA1D0)                      0.06       3.09 f
  intadd_1_U5/CO (FA1D0)                      0.06       3.14 f
  intadd_1_U4/CO (FA1D0)                      0.06       3.20 f
  intadd_1_U3/CO (FA1D0)                      0.06       3.25 f
  intadd_1_U2/CO (FA1D0)                      0.06       3.31 f
  U315/ZN (CKND2D0)                           0.03       3.34 r
  U319/ZN (INR2D0)                            0.02       3.36 f
  U320/ZN (AOI21D0)                           0.04       3.40 r
  U321/ZN (INR2D0)                            0.06       3.46 r
  U323/ZN (CKND2D0)                           0.03       3.50 f
  U324/ZN (IND2D0)                            0.17       3.67 r
  U524/ZN (CKND2D0)                           0.06       3.72 f
  U714/ZN (NR2D0)                             0.07       3.79 r
  U978/ZN (INVD0)                             0.02       3.81 f
  U979/ZN (ND3D0)                             0.02       3.83 r
  U980/Z (XOR2D0)                             0.07       3.90 f
  DP_OP_114J1_130_237_U14/CO (FA1D0)          0.10       4.00 f
  DP_OP_114J1_130_237_U13/CO (FA1D0)          0.06       4.06 f
  DP_OP_114J1_130_237_U12/CO (FA1D0)          0.06       4.11 f
  DP_OP_114J1_130_237_U11/CO (FA1D0)          0.06       4.17 f
  DP_OP_114J1_130_237_U10/CO (FA1D0)          0.06       4.23 f
  DP_OP_114J1_130_237_U9/CO (FA1D0)           0.06       4.28 f
  DP_OP_114J1_130_237_U8/CO (FA1D0)           0.06       4.34 f
  DP_OP_114J1_130_237_U7/CO (FA1D0)           0.06       4.39 f
  DP_OP_114J1_130_237_U6/CO (FA1D0)           0.06       4.45 f
  DP_OP_114J1_130_237_U5/S (FA1D0)            0.07       4.51 r
  U550/ZN (NR3D0)                             0.02       4.53 f
  U551/ZN (AOI21D0)                           0.06       4.60 r
  U567/ZN (OAI31D0)                           0.04       4.63 f
  U575/Z (OR2D0)                              0.08       4.71 f
  U576/ZN (NR2D0)                             0.08       4.79 r
  U577/ZN (CKND2D0)                           0.07       4.86 f
  U732/ZN (INVD0)                             0.12       4.97 r
  U765/ZN (AOI22D0)                           0.05       5.02 f
  U766/ZN (OAI211D0)                          0.06       5.08 r
  result[17] (out)                            0.00       5.08 r
  data arrival time                                      5.08

  clock vclk (rise edge)                     10.00      10.00
  clock network delay (ideal)                 0.00      10.00
  output external delay                      -0.02       9.98
  data required time                                     9.98
  --------------------------------------------------------------
  data required time                                     9.98
  data arrival time                                     -5.08
  --------------------------------------------------------------
  slack (MET)                                            4.90


  Startpoint: y[1] (input port clocked by vclk)
  Endpoint: result[15] (output port clocked by vclk)
  Path Group: vclk
  Path Type: max

  Des/Clust/Port     Wire Load Model       Library
  ------------------------------------------------
  oadm_fixed_l3_div_opt ZeroWireload       tcbn65gplustc_ccs

  Point                                       Incr       Path
  --------------------------------------------------------------
  clock vclk (rise edge)                      0.00       0.00
  clock network delay (ideal)                 0.00       0.00
  input external delay                        0.02       0.02 f
  y[1] (in)                                   0.00       0.02 f
  U199/ZN (INVD0)                             0.01       0.04 r
  U200/ZN (INVD0)                             0.03       0.07 f
  U260/ZN (NR2D0)                             0.05       0.12 r
  U261/ZN (ND3D0)                             0.05       0.18 f
  U262/ZN (NR2D0)                             0.10       0.28 r
  U263/ZN (INVD0)                             0.03       0.30 f
  U264/ZN (NR2D0)                             0.08       0.39 r
  U265/ZN (CKND2D0)                           0.05       0.44 f
  U266/ZN (NR2D0)                             0.08       0.52 r
  U267/ZN (CKND2D0)                           0.06       0.58 f
  U268/ZN (NR2D0)                             0.08       0.66 r
  U269/ZN (CKND2D0)                           0.06       0.71 f
  U270/ZN (NR2D0)                             0.08       0.79 r
  U271/ZN (CKND2D0)                           0.06       0.85 f
  U272/ZN (NR2D0)                             0.10       0.95 r
  U273/ZN (CKND2D0)                           0.06       1.01 f
  U274/ZN (NR2D0)                             0.10       1.11 r
  U275/ZN (CKND2D0)                           0.06       1.16 f
  U276/ZN (NR2D0)                             0.10       1.26 r
  U277/ZN (CKND2D0)                           0.05       1.31 f
  U278/ZN (NR2D0)                             0.12       1.43 r
  U279/ZN (CKND2D0)                           0.07       1.50 f
  U280/ZN (CKND2D0)                           0.06       1.56 r
  U518/ZN (IND2D0)                            0.04       1.60 f
  U1084/ZN (MUX2ND0)                          0.05       1.64 r
  DP_OP_109J1_122_4451_U62/S (CMPE42D1)       0.18       1.82 f
  DP_OP_109J1_122_4451_U61/CO (CMPE42D1)      0.15       1.97 f
  DP_OP_109J1_122_4451_U56/S (CMPE42D1)       0.06       2.04 r
  U848/ZN (INVD0)                             0.02       2.05 f
  intadd_0_U7/CO (FA1D0)                      0.10       2.15 f
  intadd_0_U6/CO (FA1D0)                      0.06       2.21 f
  intadd_0_U5/CO (FA1D0)                      0.06       2.26 f
  intadd_0_U4/CO (FA1D0)                      0.06       2.32 f
  intadd_0_U3/CO (FA1D0)                      0.06       2.37 f
  intadd_0_U2/CO (FA1D0)                      0.06       2.43 f
  U294/ZN (XNR4D0)                            0.09       2.52 f
  U295/Z (XOR3D0)                             0.10       2.63 r
  U296/ZN (INVD0)                             0.04       2.67 f
  U584/ZN (OAI221D0)                          0.07       2.74 r
  DP_OP_110J1_123_9581_U285/S (CMPE42D1)      0.19       2.93 f
  intadd_1_U7/CO (FA1D0)                      0.10       3.03 f
  intadd_1_U6/CO (FA1D0)                      0.06       3.09 f
  intadd_1_U5/CO (FA1D0)                      0.06       3.14 f
  intadd_1_U4/CO (FA1D0)                      0.06       3.20 f
  intadd_1_U3/CO (FA1D0)                      0.06       3.25 f
  intadd_1_U2/CO (FA1D0)                      0.06       3.31 f
  U315/ZN (CKND2D0)                           0.03       3.34 r
  U319/ZN (INR2D0)                            0.02       3.36 f
  U320/ZN (AOI21D0)                           0.04       3.40 r
  U321/ZN (INR2D0)                            0.06       3.46 r
  U323/ZN (CKND2D0)                           0.03       3.50 f
  U324/ZN (IND2D0)                            0.17       3.67 r
  U524/ZN (CKND2D0)                           0.06       3.72 f
  U714/ZN (NR2D0)                             0.07       3.79 r
  U978/ZN (INVD0)                             0.02       3.81 f
  U979/ZN (ND3D0)                             0.02       3.83 r
  U980/Z (XOR2D0)                             0.07       3.90 f
  DP_OP_114J1_130_237_U14/CO (FA1D0)          0.10       4.00 f
  DP_OP_114J1_130_237_U13/CO (FA1D0)          0.06       4.06 f
  DP_OP_114J1_130_237_U12/CO (FA1D0)          0.06       4.11 f
  DP_OP_114J1_130_237_U11/CO (FA1D0)          0.06       4.17 f
  DP_OP_114J1_130_237_U10/CO (FA1D0)          0.06       4.23 f
  DP_OP_114J1_130_237_U9/CO (FA1D0)           0.06       4.28 f
  DP_OP_114J1_130_237_U8/CO (FA1D0)           0.06       4.34 f
  DP_OP_114J1_130_237_U7/CO (FA1D0)           0.06       4.39 f
  DP_OP_114J1_130_237_U6/CO (FA1D0)           0.06       4.45 f
  DP_OP_114J1_130_237_U5/S (FA1D0)            0.07       4.51 r
  U550/ZN (NR3D0)                             0.02       4.53 f
  U551/ZN (AOI21D0)                           0.06       4.60 r
  U567/ZN (OAI31D0)                           0.04       4.63 f
  U575/Z (OR2D0)                              0.08       4.71 f
  U576/ZN (NR2D0)                             0.08       4.79 r
  U577/ZN (CKND2D0)                           0.07       4.86 f
  U732/ZN (INVD0)                             0.12       4.97 r
  U792/ZN (AOI22D0)                           0.05       5.02 f
  U793/ZN (OAI211D0)                          0.06       5.08 r
  result[15] (out)                            0.00       5.08 r
  data arrival time                                      5.08

  clock vclk (rise edge)                     10.00      10.00
  clock network delay (ideal)                 0.00      10.00
  output external delay                      -0.02       9.98
  data required time                                     9.98
  --------------------------------------------------------------
  data required time                                     9.98
  data arrival time                                     -5.08
  --------------------------------------------------------------
  slack (MET)                                            4.90


  Startpoint: y[1] (input port clocked by vclk)
  Endpoint: result[14] (output port clocked by vclk)
  Path Group: vclk
  Path Type: max

  Des/Clust/Port     Wire Load Model       Library
  ------------------------------------------------
  oadm_fixed_l3_div_opt ZeroWireload       tcbn65gplustc_ccs

  Point                                       Incr       Path
  --------------------------------------------------------------
  clock vclk (rise edge)                      0.00       0.00
  clock network delay (ideal)                 0.00       0.00
  input external delay                        0.02       0.02 f
  y[1] (in)                                   0.00       0.02 f
  U199/ZN (INVD0)                             0.01       0.04 r
  U200/ZN (INVD0)                             0.03       0.07 f
  U260/ZN (NR2D0)                             0.05       0.12 r
  U261/ZN (ND3D0)                             0.05       0.18 f
  U262/ZN (NR2D0)                             0.10       0.28 r
  U263/ZN (INVD0)                             0.03       0.30 f
  U264/ZN (NR2D0)                             0.08       0.39 r
  U265/ZN (CKND2D0)                           0.05       0.44 f
  U266/ZN (NR2D0)                             0.08       0.52 r
  U267/ZN (CKND2D0)                           0.06       0.58 f
  U268/ZN (NR2D0)                             0.08       0.66 r
  U269/ZN (CKND2D0)                           0.06       0.71 f
  U270/ZN (NR2D0)                             0.08       0.79 r
  U271/ZN (CKND2D0)                           0.06       0.85 f
  U272/ZN (NR2D0)                             0.10       0.95 r
  U273/ZN (CKND2D0)                           0.06       1.01 f
  U274/ZN (NR2D0)                             0.10       1.11 r
  U275/ZN (CKND2D0)                           0.06       1.16 f
  U276/ZN (NR2D0)                             0.10       1.26 r
  U277/ZN (CKND2D0)                           0.05       1.31 f
  U278/ZN (NR2D0)                             0.12       1.43 r
  U279/ZN (CKND2D0)                           0.07       1.50 f
  U280/ZN (CKND2D0)                           0.06       1.56 r
  U518/ZN (IND2D0)                            0.04       1.60 f
  U1084/ZN (MUX2ND0)                          0.05       1.64 r
  DP_OP_109J1_122_4451_U62/S (CMPE42D1)       0.18       1.82 f
  DP_OP_109J1_122_4451_U61/CO (CMPE42D1)      0.15       1.97 f
  DP_OP_109J1_122_4451_U56/S (CMPE42D1)       0.06       2.04 r
  U848/ZN (INVD0)                             0.02       2.05 f
  intadd_0_U7/CO (FA1D0)                      0.10       2.15 f
  intadd_0_U6/CO (FA1D0)                      0.06       2.21 f
  intadd_0_U5/CO (FA1D0)                      0.06       2.26 f
  intadd_0_U4/CO (FA1D0)                      0.06       2.32 f
  intadd_0_U3/CO (FA1D0)                      0.06       2.37 f
  intadd_0_U2/CO (FA1D0)                      0.06       2.43 f
  U294/ZN (XNR4D0)                            0.09       2.52 f
  U295/Z (XOR3D0)                             0.10       2.63 r
  U296/ZN (INVD0)                             0.04       2.67 f
  U584/ZN (OAI221D0)                          0.07       2.74 r
  DP_OP_110J1_123_9581_U285/S (CMPE42D1)      0.19       2.93 f
  intadd_1_U7/CO (FA1D0)                      0.10       3.03 f
  intadd_1_U6/CO (FA1D0)                      0.06       3.09 f
  intadd_1_U5/CO (FA1D0)                      0.06       3.14 f
  intadd_1_U4/CO (FA1D0)                      0.06       3.20 f
  intadd_1_U3/CO (FA1D0)                      0.06       3.25 f
  intadd_1_U2/CO (FA1D0)                      0.06       3.31 f
  U315/ZN (CKND2D0)                           0.03       3.34 r
  U319/ZN (INR2D0)                            0.02       3.36 f
  U320/ZN (AOI21D0)                           0.04       3.40 r
  U321/ZN (INR2D0)                            0.06       3.46 r
  U323/ZN (CKND2D0)                           0.03       3.50 f
  U324/ZN (IND2D0)                            0.17       3.67 r
  U524/ZN (CKND2D0)                           0.06       3.72 f
  U714/ZN (NR2D0)                             0.07       3.79 r
  U978/ZN (INVD0)                             0.02       3.81 f
  U979/ZN (ND3D0)                             0.02       3.83 r
  U980/Z (XOR2D0)                             0.07       3.90 f
  DP_OP_114J1_130_237_U14/CO (FA1D0)          0.10       4.00 f
  DP_OP_114J1_130_237_U13/CO (FA1D0)          0.06       4.06 f
  DP_OP_114J1_130_237_U12/CO (FA1D0)          0.06       4.11 f
  DP_OP_114J1_130_237_U11/CO (FA1D0)          0.06       4.17 f
  DP_OP_114J1_130_237_U10/CO (FA1D0)          0.06       4.23 f
  DP_OP_114J1_130_237_U9/CO (FA1D0)           0.06       4.28 f
  DP_OP_114J1_130_237_U8/CO (FA1D0)           0.06       4.34 f
  DP_OP_114J1_130_237_U7/CO (FA1D0)           0.06       4.39 f
  DP_OP_114J1_130_237_U6/CO (FA1D0)           0.06       4.45 f
  DP_OP_114J1_130_237_U5/S (FA1D0)            0.07       4.51 r
  U550/ZN (NR3D0)                             0.02       4.53 f
  U551/ZN (AOI21D0)                           0.06       4.60 r
  U567/ZN (OAI31D0)                           0.04       4.63 f
  U575/Z (OR2D0)                              0.08       4.71 f
  U576/ZN (NR2D0)                             0.08       4.79 r
  U577/ZN (CKND2D0)                           0.07       4.86 f
  U732/ZN (INVD0)                             0.12       4.97 r
  U776/ZN (AOI22D0)                           0.05       5.02 f
  U777/ZN (OAI211D0)                          0.06       5.08 r
  result[14] (out)                            0.00       5.08 r
  data arrival time                                      5.08

  clock vclk (rise edge)                     10.00      10.00
  clock network delay (ideal)                 0.00      10.00
  output external delay                      -0.02       9.98
  data required time                                     9.98
  --------------------------------------------------------------
  data required time                                     9.98
  data arrival time                                     -5.08
  --------------------------------------------------------------
  slack (MET)                                            4.90


  Startpoint: y[1] (input port clocked by vclk)
  Endpoint: result[12] (output port clocked by vclk)
  Path Group: vclk
  Path Type: max

  Des/Clust/Port     Wire Load Model       Library
  ------------------------------------------------
  oadm_fixed_l3_div_opt ZeroWireload       tcbn65gplustc_ccs

  Point                                       Incr       Path
  --------------------------------------------------------------
  clock vclk (rise edge)                      0.00       0.00
  clock network delay (ideal)                 0.00       0.00
  input external delay                        0.02       0.02 f
  y[1] (in)                                   0.00       0.02 f
  U199/ZN (INVD0)                             0.01       0.04 r
  U200/ZN (INVD0)                             0.03       0.07 f
  U260/ZN (NR2D0)                             0.05       0.12 r
  U261/ZN (ND3D0)                             0.05       0.18 f
  U262/ZN (NR2D0)                             0.10       0.28 r
  U263/ZN (INVD0)                             0.03       0.30 f
  U264/ZN (NR2D0)                             0.08       0.39 r
  U265/ZN (CKND2D0)                           0.05       0.44 f
  U266/ZN (NR2D0)                             0.08       0.52 r
  U267/ZN (CKND2D0)                           0.06       0.58 f
  U268/ZN (NR2D0)                             0.08       0.66 r
  U269/ZN (CKND2D0)                           0.06       0.71 f
  U270/ZN (NR2D0)                             0.08       0.79 r
  U271/ZN (CKND2D0)                           0.06       0.85 f
  U272/ZN (NR2D0)                             0.10       0.95 r
  U273/ZN (CKND2D0)                           0.06       1.01 f
  U274/ZN (NR2D0)                             0.10       1.11 r
  U275/ZN (CKND2D0)                           0.06       1.16 f
  U276/ZN (NR2D0)                             0.10       1.26 r
  U277/ZN (CKND2D0)                           0.05       1.31 f
  U278/ZN (NR2D0)                             0.12       1.43 r
  U279/ZN (CKND2D0)                           0.07       1.50 f
  U280/ZN (CKND2D0)                           0.06       1.56 r
  U518/ZN (IND2D0)                            0.04       1.60 f
  U1084/ZN (MUX2ND0)                          0.05       1.64 r
  DP_OP_109J1_122_4451_U62/S (CMPE42D1)       0.18       1.82 f
  DP_OP_109J1_122_4451_U61/CO (CMPE42D1)      0.15       1.97 f
  DP_OP_109J1_122_4451_U56/S (CMPE42D1)       0.06       2.04 r
  U848/ZN (INVD0)                             0.02       2.05 f
  intadd_0_U7/CO (FA1D0)                      0.10       2.15 f
  intadd_0_U6/CO (FA1D0)                      0.06       2.21 f
  intadd_0_U5/CO (FA1D0)                      0.06       2.26 f
  intadd_0_U4/CO (FA1D0)                      0.06       2.32 f
  intadd_0_U3/CO (FA1D0)                      0.06       2.37 f
  intadd_0_U2/CO (FA1D0)                      0.06       2.43 f
  U294/ZN (XNR4D0)                            0.09       2.52 f
  U295/Z (XOR3D0)                             0.10       2.63 r
  U296/ZN (INVD0)                             0.04       2.67 f
  U584/ZN (OAI221D0)                          0.07       2.74 r
  DP_OP_110J1_123_9581_U285/S (CMPE42D1)      0.19       2.93 f
  intadd_1_U7/CO (FA1D0)                      0.10       3.03 f
  intadd_1_U6/CO (FA1D0)                      0.06       3.09 f
  intadd_1_U5/CO (FA1D0)                      0.06       3.14 f
  intadd_1_U4/CO (FA1D0)                      0.06       3.20 f
  intadd_1_U3/CO (FA1D0)                      0.06       3.25 f
  intadd_1_U2/CO (FA1D0)                      0.06       3.31 f
  U315/ZN (CKND2D0)                           0.03       3.34 r
  U319/ZN (INR2D0)                            0.02       3.36 f
  U320/ZN (AOI21D0)                           0.04       3.40 r
  U321/ZN (INR2D0)                            0.06       3.46 r
  U323/ZN (CKND2D0)                           0.03       3.50 f
  U324/ZN (IND2D0)                            0.17       3.67 r
  U524/ZN (CKND2D0)                           0.06       3.72 f
  U714/ZN (NR2D0)                             0.07       3.79 r
  U978/ZN (INVD0)                             0.02       3.81 f
  U979/ZN (ND3D0)                             0.02       3.83 r
  U980/Z (XOR2D0)                             0.07       3.90 f
  DP_OP_114J1_130_237_U14/CO (FA1D0)          0.10       4.00 f
  DP_OP_114J1_130_237_U13/CO (FA1D0)          0.06       4.06 f
  DP_OP_114J1_130_237_U12/CO (FA1D0)          0.06       4.11 f
  DP_OP_114J1_130_237_U11/CO (FA1D0)          0.06       4.17 f
  DP_OP_114J1_130_237_U10/CO (FA1D0)          0.06       4.23 f
  DP_OP_114J1_130_237_U9/CO (FA1D0)           0.06       4.28 f
  DP_OP_114J1_130_237_U8/CO (FA1D0)           0.06       4.34 f
  DP_OP_114J1_130_237_U7/CO (FA1D0)           0.06       4.39 f
  DP_OP_114J1_130_237_U6/CO (FA1D0)           0.06       4.45 f
  DP_OP_114J1_130_237_U5/S (FA1D0)            0.07       4.51 r
  U550/ZN (NR3D0)                             0.02       4.53 f
  U551/ZN (AOI21D0)                           0.06       4.60 r
  U567/ZN (OAI31D0)                           0.04       4.63 f
  U575/Z (OR2D0)                              0.08       4.71 f
  U576/ZN (NR2D0)                             0.08       4.79 r
  U577/ZN (CKND2D0)                           0.07       4.86 f
  U732/ZN (INVD0)                             0.12       4.97 r
  U761/ZN (AOI22D0)                           0.05       5.02 f
  U762/ZN (OAI211D0)                          0.06       5.08 r
  result[12] (out)                            0.00       5.08 r
  data arrival time                                      5.08

  clock vclk (rise edge)                     10.00      10.00
  clock network delay (ideal)                 0.00      10.00
  output external delay                      -0.02       9.98
  data required time                                     9.98
  --------------------------------------------------------------
  data required time                                     9.98
  data arrival time                                     -5.08
  --------------------------------------------------------------
  slack (MET)                                            4.90


  Startpoint: y[1] (input port clocked by vclk)
  Endpoint: result[11] (output port clocked by vclk)
  Path Group: vclk
  Path Type: max

  Des/Clust/Port     Wire Load Model       Library
  ------------------------------------------------
  oadm_fixed_l3_div_opt ZeroWireload       tcbn65gplustc_ccs

  Point                                       Incr       Path
  --------------------------------------------------------------
  clock vclk (rise edge)                      0.00       0.00
  clock network delay (ideal)                 0.00       0.00
  input external delay                        0.02       0.02 f
  y[1] (in)                                   0.00       0.02 f
  U199/ZN (INVD0)                             0.01       0.04 r
  U200/ZN (INVD0)                             0.03       0.07 f
  U260/ZN (NR2D0)                             0.05       0.12 r
  U261/ZN (ND3D0)                             0.05       0.18 f
  U262/ZN (NR2D0)                             0.10       0.28 r
  U263/ZN (INVD0)                             0.03       0.30 f
  U264/ZN (NR2D0)                             0.08       0.39 r
  U265/ZN (CKND2D0)                           0.05       0.44 f
  U266/ZN (NR2D0)                             0.08       0.52 r
  U267/ZN (CKND2D0)                           0.06       0.58 f
  U268/ZN (NR2D0)                             0.08       0.66 r
  U269/ZN (CKND2D0)                           0.06       0.71 f
  U270/ZN (NR2D0)                             0.08       0.79 r
  U271/ZN (CKND2D0)                           0.06       0.85 f
  U272/ZN (NR2D0)                             0.10       0.95 r
  U273/ZN (CKND2D0)                           0.06       1.01 f
  U274/ZN (NR2D0)                             0.10       1.11 r
  U275/ZN (CKND2D0)                           0.06       1.16 f
  U276/ZN (NR2D0)                             0.10       1.26 r
  U277/ZN (CKND2D0)                           0.05       1.31 f
  U278/ZN (NR2D0)                             0.12       1.43 r
  U279/ZN (CKND2D0)                           0.07       1.50 f
  U280/ZN (CKND2D0)                           0.06       1.56 r
  U518/ZN (IND2D0)                            0.04       1.60 f
  U1084/ZN (MUX2ND0)                          0.05       1.64 r
  DP_OP_109J1_122_4451_U62/S (CMPE42D1)       0.18       1.82 f
  DP_OP_109J1_122_4451_U61/CO (CMPE42D1)      0.15       1.97 f
  DP_OP_109J1_122_4451_U56/S (CMPE42D1)       0.06       2.04 r
  U848/ZN (INVD0)                             0.02       2.05 f
  intadd_0_U7/CO (FA1D0)                      0.10       2.15 f
  intadd_0_U6/CO (FA1D0)                      0.06       2.21 f
  intadd_0_U5/CO (FA1D0)                      0.06       2.26 f
  intadd_0_U4/CO (FA1D0)                      0.06       2.32 f
  intadd_0_U3/CO (FA1D0)                      0.06       2.37 f
  intadd_0_U2/CO (FA1D0)                      0.06       2.43 f
  U294/ZN (XNR4D0)                            0.09       2.52 f
  U295/Z (XOR3D0)                             0.10       2.63 r
  U296/ZN (INVD0)                             0.04       2.67 f
  U584/ZN (OAI221D0)                          0.07       2.74 r
  DP_OP_110J1_123_9581_U285/S (CMPE42D1)      0.19       2.93 f
  intadd_1_U7/CO (FA1D0)                      0.10       3.03 f
  intadd_1_U6/CO (FA1D0)                      0.06       3.09 f
  intadd_1_U5/CO (FA1D0)                      0.06       3.14 f
  intadd_1_U4/CO (FA1D0)                      0.06       3.20 f
  intadd_1_U3/CO (FA1D0)                      0.06       3.25 f
  intadd_1_U2/CO (FA1D0)                      0.06       3.31 f
  U315/ZN (CKND2D0)                           0.03       3.34 r
  U319/ZN (INR2D0)                            0.02       3.36 f
  U320/ZN (AOI21D0)                           0.04       3.40 r
  U321/ZN (INR2D0)                            0.06       3.46 r
  U323/ZN (CKND2D0)                           0.03       3.50 f
  U324/ZN (IND2D0)                            0.17       3.67 r
  U524/ZN (CKND2D0)                           0.06       3.72 f
  U714/ZN (NR2D0)                             0.07       3.79 r
  U978/ZN (INVD0)                             0.02       3.81 f
  U979/ZN (ND3D0)                             0.02       3.83 r
  U980/Z (XOR2D0)                             0.07       3.90 f
  DP_OP_114J1_130_237_U14/CO (FA1D0)          0.10       4.00 f
  DP_OP_114J1_130_237_U13/CO (FA1D0)          0.06       4.06 f
  DP_OP_114J1_130_237_U12/CO (FA1D0)          0.06       4.11 f
  DP_OP_114J1_130_237_U11/CO (FA1D0)          0.06       4.17 f
  DP_OP_114J1_130_237_U10/CO (FA1D0)          0.06       4.23 f
  DP_OP_114J1_130_237_U9/CO (FA1D0)           0.06       4.28 f
  DP_OP_114J1_130_237_U8/CO (FA1D0)           0.06       4.34 f
  DP_OP_114J1_130_237_U7/CO (FA1D0)           0.06       4.39 f
  DP_OP_114J1_130_237_U6/CO (FA1D0)           0.06       4.45 f
  DP_OP_114J1_130_237_U5/S (FA1D0)            0.07       4.51 r
  U550/ZN (NR3D0)                             0.02       4.53 f
  U551/ZN (AOI21D0)                           0.06       4.60 r
  U567/ZN (OAI31D0)                           0.04       4.63 f
  U575/Z (OR2D0)                              0.08       4.71 f
  U576/ZN (NR2D0)                             0.08       4.79 r
  U577/ZN (CKND2D0)                           0.07       4.86 f
  U732/ZN (INVD0)                             0.12       4.97 r
  U788/ZN (AOI22D0)                           0.05       5.02 f
  U789/ZN (OAI211D0)                          0.06       5.08 r
  result[11] (out)                            0.00       5.08 r
  data arrival time                                      5.08

  clock vclk (rise edge)                     10.00      10.00
  clock network delay (ideal)                 0.00      10.00
  output external delay                      -0.02       9.98
  data required time                                     9.98
  --------------------------------------------------------------
  data required time                                     9.98
  data arrival time                                     -5.08
  --------------------------------------------------------------
  slack (MET)                                            4.90


  Startpoint: y[1] (input port clocked by vclk)
  Endpoint: result[9] (output port clocked by vclk)
  Path Group: vclk
  Path Type: max

  Des/Clust/Port     Wire Load Model       Library
  ------------------------------------------------
  oadm_fixed_l3_div_opt ZeroWireload       tcbn65gplustc_ccs

  Point                                       Incr       Path
  --------------------------------------------------------------
  clock vclk (rise edge)                      0.00       0.00
  clock network delay (ideal)                 0.00       0.00
  input external delay                        0.02       0.02 f
  y[1] (in)                                   0.00       0.02 f
  U199/ZN (INVD0)                             0.01       0.04 r
  U200/ZN (INVD0)                             0.03       0.07 f
  U260/ZN (NR2D0)                             0.05       0.12 r
  U261/ZN (ND3D0)                             0.05       0.18 f
  U262/ZN (NR2D0)                             0.10       0.28 r
  U263/ZN (INVD0)                             0.03       0.30 f
  U264/ZN (NR2D0)                             0.08       0.39 r
  U265/ZN (CKND2D0)                           0.05       0.44 f
  U266/ZN (NR2D0)                             0.08       0.52 r
  U267/ZN (CKND2D0)                           0.06       0.58 f
  U268/ZN (NR2D0)                             0.08       0.66 r
  U269/ZN (CKND2D0)                           0.06       0.71 f
  U270/ZN (NR2D0)                             0.08       0.79 r
  U271/ZN (CKND2D0)                           0.06       0.85 f
  U272/ZN (NR2D0)                             0.10       0.95 r
  U273/ZN (CKND2D0)                           0.06       1.01 f
  U274/ZN (NR2D0)                             0.10       1.11 r
  U275/ZN (CKND2D0)                           0.06       1.16 f
  U276/ZN (NR2D0)                             0.10       1.26 r
  U277/ZN (CKND2D0)                           0.05       1.31 f
  U278/ZN (NR2D0)                             0.12       1.43 r
  U279/ZN (CKND2D0)                           0.07       1.50 f
  U280/ZN (CKND2D0)                           0.06       1.56 r
  U518/ZN (IND2D0)                            0.04       1.60 f
  U1084/ZN (MUX2ND0)                          0.05       1.64 r
  DP_OP_109J1_122_4451_U62/S (CMPE42D1)       0.18       1.82 f
  DP_OP_109J1_122_4451_U61/CO (CMPE42D1)      0.15       1.97 f
  DP_OP_109J1_122_4451_U56/S (CMPE42D1)       0.06       2.04 r
  U848/ZN (INVD0)                             0.02       2.05 f
  intadd_0_U7/CO (FA1D0)                      0.10       2.15 f
  intadd_0_U6/CO (FA1D0)                      0.06       2.21 f
  intadd_0_U5/CO (FA1D0)                      0.06       2.26 f
  intadd_0_U4/CO (FA1D0)                      0.06       2.32 f
  intadd_0_U3/CO (FA1D0)                      0.06       2.37 f
  intadd_0_U2/CO (FA1D0)                      0.06       2.43 f
  U294/ZN (XNR4D0)                            0.09       2.52 f
  U295/Z (XOR3D0)                             0.10       2.63 r
  U296/ZN (INVD0)                             0.04       2.67 f
  U584/ZN (OAI221D0)                          0.07       2.74 r
  DP_OP_110J1_123_9581_U285/S (CMPE42D1)      0.19       2.93 f
  intadd_1_U7/CO (FA1D0)                      0.10       3.03 f
  intadd_1_U6/CO (FA1D0)                      0.06       3.09 f
  intadd_1_U5/CO (FA1D0)                      0.06       3.14 f
  intadd_1_U4/CO (FA1D0)                      0.06       3.20 f
  intadd_1_U3/CO (FA1D0)                      0.06       3.25 f
  intadd_1_U2/CO (FA1D0)                      0.06       3.31 f
  U315/ZN (CKND2D0)                           0.03       3.34 r
  U319/ZN (INR2D0)                            0.02       3.36 f
  U320/ZN (AOI21D0)                           0.04       3.40 r
  U321/ZN (INR2D0)                            0.06       3.46 r
  U323/ZN (CKND2D0)                           0.03       3.50 f
  U324/ZN (IND2D0)                            0.17       3.67 r
  U524/ZN (CKND2D0)                           0.06       3.72 f
  U714/ZN (NR2D0)                             0.07       3.79 r
  U978/ZN (INVD0)                             0.02       3.81 f
  U979/ZN (ND3D0)                             0.02       3.83 r
  U980/Z (XOR2D0)                             0.07       3.90 f
  DP_OP_114J1_130_237_U14/CO (FA1D0)          0.10       4.00 f
  DP_OP_114J1_130_237_U13/CO (FA1D0)          0.06       4.06 f
  DP_OP_114J1_130_237_U12/CO (FA1D0)          0.06       4.11 f
  DP_OP_114J1_130_237_U11/CO (FA1D0)          0.06       4.17 f
  DP_OP_114J1_130_237_U10/CO (FA1D0)          0.06       4.23 f
  DP_OP_114J1_130_237_U9/CO (FA1D0)           0.06       4.28 f
  DP_OP_114J1_130_237_U8/CO (FA1D0)           0.06       4.34 f
  DP_OP_114J1_130_237_U7/CO (FA1D0)           0.06       4.39 f
  DP_OP_114J1_130_237_U6/CO (FA1D0)           0.06       4.45 f
  DP_OP_114J1_130_237_U5/S (FA1D0)            0.07       4.51 r
  U550/ZN (NR3D0)                             0.02       4.53 f
  U551/ZN (AOI21D0)                           0.06       4.60 r
  U567/ZN (OAI31D0)                           0.04       4.63 f
  U575/Z (OR2D0)                              0.08       4.71 f
  U576/ZN (NR2D0)                             0.08       4.79 r
  U577/ZN (CKND2D0)                           0.07       4.86 f
  U732/ZN (INVD0)                             0.12       4.97 r
  U757/ZN (AOI22D0)                           0.05       5.02 f
  U758/ZN (OAI211D0)                          0.06       5.08 r
  result[9] (out)                             0.00       5.08 r
  data arrival time                                      5.08

  clock vclk (rise edge)                     10.00      10.00
  clock network delay (ideal)                 0.00      10.00
  output external delay                      -0.02       9.98
  data required time                                     9.98
  --------------------------------------------------------------
  data required time                                     9.98
  data arrival time                                     -5.08
  --------------------------------------------------------------
  slack (MET)                                            4.90


  Startpoint: y[1] (input port clocked by vclk)
  Endpoint: result[8] (output port clocked by vclk)
  Path Group: vclk
  Path Type: max

  Des/Clust/Port     Wire Load Model       Library
  ------------------------------------------------
  oadm_fixed_l3_div_opt ZeroWireload       tcbn65gplustc_ccs

  Point                                       Incr       Path
  --------------------------------------------------------------
  clock vclk (rise edge)                      0.00       0.00
  clock network delay (ideal)                 0.00       0.00
  input external delay                        0.02       0.02 f
  y[1] (in)                                   0.00       0.02 f
  U199/ZN (INVD0)                             0.01       0.04 r
  U200/ZN (INVD0)                             0.03       0.07 f
  U260/ZN (NR2D0)                             0.05       0.12 r
  U261/ZN (ND3D0)                             0.05       0.18 f
  U262/ZN (NR2D0)                             0.10       0.28 r
  U263/ZN (INVD0)                             0.03       0.30 f
  U264/ZN (NR2D0)                             0.08       0.39 r
  U265/ZN (CKND2D0)                           0.05       0.44 f
  U266/ZN (NR2D0)                             0.08       0.52 r
  U267/ZN (CKND2D0)                           0.06       0.58 f
  U268/ZN (NR2D0)                             0.08       0.66 r
  U269/ZN (CKND2D0)                           0.06       0.71 f
  U270/ZN (NR2D0)                             0.08       0.79 r
  U271/ZN (CKND2D0)                           0.06       0.85 f
  U272/ZN (NR2D0)                             0.10       0.95 r
  U273/ZN (CKND2D0)                           0.06       1.01 f
  U274/ZN (NR2D0)                             0.10       1.11 r
  U275/ZN (CKND2D0)                           0.06       1.16 f
  U276/ZN (NR2D0)                             0.10       1.26 r
  U277/ZN (CKND2D0)                           0.05       1.31 f
  U278/ZN (NR2D0)                             0.12       1.43 r
  U279/ZN (CKND2D0)                           0.07       1.50 f
  U280/ZN (CKND2D0)                           0.06       1.56 r
  U518/ZN (IND2D0)                            0.04       1.60 f
  U1084/ZN (MUX2ND0)                          0.05       1.64 r
  DP_OP_109J1_122_4451_U62/S (CMPE42D1)       0.18       1.82 f
  DP_OP_109J1_122_4451_U61/CO (CMPE42D1)      0.15       1.97 f
  DP_OP_109J1_122_4451_U56/S (CMPE42D1)       0.06       2.04 r
  U848/ZN (INVD0)                             0.02       2.05 f
  intadd_0_U7/CO (FA1D0)                      0.10       2.15 f
  intadd_0_U6/CO (FA1D0)                      0.06       2.21 f
  intadd_0_U5/CO (FA1D0)                      0.06       2.26 f
  intadd_0_U4/CO (FA1D0)                      0.06       2.32 f
  intadd_0_U3/CO (FA1D0)                      0.06       2.37 f
  intadd_0_U2/CO (FA1D0)                      0.06       2.43 f
  U294/ZN (XNR4D0)                            0.09       2.52 f
  U295/Z (XOR3D0)                             0.10       2.63 r
  U296/ZN (INVD0)                             0.04       2.67 f
  U584/ZN (OAI221D0)                          0.07       2.74 r
  DP_OP_110J1_123_9581_U285/S (CMPE42D1)      0.19       2.93 f
  intadd_1_U7/CO (FA1D0)                      0.10       3.03 f
  intadd_1_U6/CO (FA1D0)                      0.06       3.09 f
  intadd_1_U5/CO (FA1D0)                      0.06       3.14 f
  intadd_1_U4/CO (FA1D0)                      0.06       3.20 f
  intadd_1_U3/CO (FA1D0)                      0.06       3.25 f
  intadd_1_U2/CO (FA1D0)                      0.06       3.31 f
  U315/ZN (CKND2D0)                           0.03       3.34 r
  U319/ZN (INR2D0)                            0.02       3.36 f
  U320/ZN (AOI21D0)                           0.04       3.40 r
  U321/ZN (INR2D0)                            0.06       3.46 r
  U323/ZN (CKND2D0)                           0.03       3.50 f
  U324/ZN (IND2D0)                            0.17       3.67 r
  U524/ZN (CKND2D0)                           0.06       3.72 f
  U714/ZN (NR2D0)                             0.07       3.79 r
  U978/ZN (INVD0)                             0.02       3.81 f
  U979/ZN (ND3D0)                             0.02       3.83 r
  U980/Z (XOR2D0)                             0.07       3.90 f
  DP_OP_114J1_130_237_U14/CO (FA1D0)          0.10       4.00 f
  DP_OP_114J1_130_237_U13/CO (FA1D0)          0.06       4.06 f
  DP_OP_114J1_130_237_U12/CO (FA1D0)          0.06       4.11 f
  DP_OP_114J1_130_237_U11/CO (FA1D0)          0.06       4.17 f
  DP_OP_114J1_130_237_U10/CO (FA1D0)          0.06       4.23 f
  DP_OP_114J1_130_237_U9/CO (FA1D0)           0.06       4.28 f
  DP_OP_114J1_130_237_U8/CO (FA1D0)           0.06       4.34 f
  DP_OP_114J1_130_237_U7/CO (FA1D0)           0.06       4.39 f
  DP_OP_114J1_130_237_U6/CO (FA1D0)           0.06       4.45 f
  DP_OP_114J1_130_237_U5/S (FA1D0)            0.07       4.51 r
  U550/ZN (NR3D0)                             0.02       4.53 f
  U551/ZN (AOI21D0)                           0.06       4.60 r
  U567/ZN (OAI31D0)                           0.04       4.63 f
  U575/Z (OR2D0)                              0.08       4.71 f
  U576/ZN (NR2D0)                             0.08       4.79 r
  U577/ZN (CKND2D0)                           0.07       4.86 f
  U732/ZN (INVD0)                             0.12       4.97 r
  U772/ZN (AOI22D0)                           0.05       5.02 f
  U773/ZN (OAI211D0)                          0.06       5.08 r
  result[8] (out)                             0.00       5.08 r
  data arrival time                                      5.08

  clock vclk (rise edge)                     10.00      10.00
  clock network delay (ideal)                 0.00      10.00
  output external delay                      -0.02       9.98
  data required time                                     9.98
  --------------------------------------------------------------
  data required time                                     9.98
  data arrival time                                     -5.08
  --------------------------------------------------------------
  slack (MET)                                            4.90


  Startpoint: y[1] (input port clocked by vclk)
  Endpoint: result[6] (output port clocked by vclk)
  Path Group: vclk
  Path Type: max

  Des/Clust/Port     Wire Load Model       Library
  ------------------------------------------------
  oadm_fixed_l3_div_opt ZeroWireload       tcbn65gplustc_ccs

  Point                                       Incr       Path
  --------------------------------------------------------------
  clock vclk (rise edge)                      0.00       0.00
  clock network delay (ideal)                 0.00       0.00
  input external delay                        0.02       0.02 f
  y[1] (in)                                   0.00       0.02 f
  U199/ZN (INVD0)                             0.01       0.04 r
  U200/ZN (INVD0)                             0.03       0.07 f
  U260/ZN (NR2D0)                             0.05       0.12 r
  U261/ZN (ND3D0)                             0.05       0.18 f
  U262/ZN (NR2D0)                             0.10       0.28 r
  U263/ZN (INVD0)                             0.03       0.30 f
  U264/ZN (NR2D0)                             0.08       0.39 r
  U265/ZN (CKND2D0)                           0.05       0.44 f
  U266/ZN (NR2D0)                             0.08       0.52 r
  U267/ZN (CKND2D0)                           0.06       0.58 f
  U268/ZN (NR2D0)                             0.08       0.66 r
  U269/ZN (CKND2D0)                           0.06       0.71 f
  U270/ZN (NR2D0)                             0.08       0.79 r
  U271/ZN (CKND2D0)                           0.06       0.85 f
  U272/ZN (NR2D0)                             0.10       0.95 r
  U273/ZN (CKND2D0)                           0.06       1.01 f
  U274/ZN (NR2D0)                             0.10       1.11 r
  U275/ZN (CKND2D0)                           0.06       1.16 f
  U276/ZN (NR2D0)                             0.10       1.26 r
  U277/ZN (CKND2D0)                           0.05       1.31 f
  U278/ZN (NR2D0)                             0.12       1.43 r
  U279/ZN (CKND2D0)                           0.07       1.50 f
  U280/ZN (CKND2D0)                           0.06       1.56 r
  U518/ZN (IND2D0)                            0.04       1.60 f
  U1084/ZN (MUX2ND0)                          0.05       1.64 r
  DP_OP_109J1_122_4451_U62/S (CMPE42D1)       0.18       1.82 f
  DP_OP_109J1_122_4451_U61/CO (CMPE42D1)      0.15       1.97 f
  DP_OP_109J1_122_4451_U56/S (CMPE42D1)       0.06       2.04 r
  U848/ZN (INVD0)                             0.02       2.05 f
  intadd_0_U7/CO (FA1D0)                      0.10       2.15 f
  intadd_0_U6/CO (FA1D0)                      0.06       2.21 f
  intadd_0_U5/CO (FA1D0)                      0.06       2.26 f
  intadd_0_U4/CO (FA1D0)                      0.06       2.32 f
  intadd_0_U3/CO (FA1D0)                      0.06       2.37 f
  intadd_0_U2/CO (FA1D0)                      0.06       2.43 f
  U294/ZN (XNR4D0)                            0.09       2.52 f
  U295/Z (XOR3D0)                             0.10       2.63 r
  U296/ZN (INVD0)                             0.04       2.67 f
  U584/ZN (OAI221D0)                          0.07       2.74 r
  DP_OP_110J1_123_9581_U285/S (CMPE42D1)      0.19       2.93 f
  intadd_1_U7/CO (FA1D0)                      0.10       3.03 f
  intadd_1_U6/CO (FA1D0)                      0.06       3.09 f
  intadd_1_U5/CO (FA1D0)                      0.06       3.14 f
  intadd_1_U4/CO (FA1D0)                      0.06       3.20 f
  intadd_1_U3/CO (FA1D0)                      0.06       3.25 f
  intadd_1_U2/CO (FA1D0)                      0.06       3.31 f
  U315/ZN (CKND2D0)                           0.03       3.34 r
  U319/ZN (INR2D0)                            0.02       3.36 f
  U320/ZN (AOI21D0)                           0.04       3.40 r
  U321/ZN (INR2D0)                            0.06       3.46 r
  U323/ZN (CKND2D0)                           0.03       3.50 f
  U324/ZN (IND2D0)                            0.17       3.67 r
  U524/ZN (CKND2D0)                           0.06       3.72 f
  U714/ZN (NR2D0)                             0.07       3.79 r
  U978/ZN (INVD0)                             0.02       3.81 f
  U979/ZN (ND3D0)                             0.02       3.83 r
  U980/Z (XOR2D0)                             0.07       3.90 f
  DP_OP_114J1_130_237_U14/CO (FA1D0)          0.10       4.00 f
  DP_OP_114J1_130_237_U13/CO (FA1D0)          0.06       4.06 f
  DP_OP_114J1_130_237_U12/CO (FA1D0)          0.06       4.11 f
  DP_OP_114J1_130_237_U11/CO (FA1D0)          0.06       4.17 f
  DP_OP_114J1_130_237_U10/CO (FA1D0)          0.06       4.23 f
  DP_OP_114J1_130_237_U9/CO (FA1D0)           0.06       4.28 f
  DP_OP_114J1_130_237_U8/CO (FA1D0)           0.06       4.34 f
  DP_OP_114J1_130_237_U7/CO (FA1D0)           0.06       4.39 f
  DP_OP_114J1_130_237_U6/CO (FA1D0)           0.06       4.45 f
  DP_OP_114J1_130_237_U5/S (FA1D0)            0.07       4.51 r
  U550/ZN (NR3D0)                             0.02       4.53 f
  U551/ZN (AOI21D0)                           0.06       4.60 r
  U567/ZN (OAI31D0)                           0.04       4.63 f
  U575/Z (OR2D0)                              0.08       4.71 f
  U576/ZN (NR2D0)                             0.08       4.79 r
  U577/ZN (CKND2D0)                           0.07       4.86 f
  U732/ZN (INVD0)                             0.12       4.97 r
  U769/ZN (AOI22D0)                           0.05       5.02 f
  U770/ZN (OAI211D0)                          0.06       5.08 r
  result[6] (out)                             0.00       5.08 r
  data arrival time                                      5.08

  clock vclk (rise edge)                     10.00      10.00
  clock network delay (ideal)                 0.00      10.00
  output external delay                      -0.02       9.98
  data required time                                     9.98
  --------------------------------------------------------------
  data required time                                     9.98
  data arrival time                                     -5.08
  --------------------------------------------------------------
  slack (MET)                                            4.90


  Startpoint: y[1] (input port clocked by vclk)
  Endpoint: result[5] (output port clocked by vclk)
  Path Group: vclk
  Path Type: max

  Des/Clust/Port     Wire Load Model       Library
  ------------------------------------------------
  oadm_fixed_l3_div_opt ZeroWireload       tcbn65gplustc_ccs

  Point                                       Incr       Path
  --------------------------------------------------------------
  clock vclk (rise edge)                      0.00       0.00
  clock network delay (ideal)                 0.00       0.00
  input external delay                        0.02       0.02 f
  y[1] (in)                                   0.00       0.02 f
  U199/ZN (INVD0)                             0.01       0.04 r
  U200/ZN (INVD0)                             0.03       0.07 f
  U260/ZN (NR2D0)                             0.05       0.12 r
  U261/ZN (ND3D0)                             0.05       0.18 f
  U262/ZN (NR2D0)                             0.10       0.28 r
  U263/ZN (INVD0)                             0.03       0.30 f
  U264/ZN (NR2D0)                             0.08       0.39 r
  U265/ZN (CKND2D0)                           0.05       0.44 f
  U266/ZN (NR2D0)                             0.08       0.52 r
  U267/ZN (CKND2D0)                           0.06       0.58 f
  U268/ZN (NR2D0)                             0.08       0.66 r
  U269/ZN (CKND2D0)                           0.06       0.71 f
  U270/ZN (NR2D0)                             0.08       0.79 r
  U271/ZN (CKND2D0)                           0.06       0.85 f
  U272/ZN (NR2D0)                             0.10       0.95 r
  U273/ZN (CKND2D0)                           0.06       1.01 f
  U274/ZN (NR2D0)                             0.10       1.11 r
  U275/ZN (CKND2D0)                           0.06       1.16 f
  U276/ZN (NR2D0)                             0.10       1.26 r
  U277/ZN (CKND2D0)                           0.05       1.31 f
  U278/ZN (NR2D0)                             0.12       1.43 r
  U279/ZN (CKND2D0)                           0.07       1.50 f
  U280/ZN (CKND2D0)                           0.06       1.56 r
  U518/ZN (IND2D0)                            0.04       1.60 f
  U1084/ZN (MUX2ND0)                          0.05       1.64 r
  DP_OP_109J1_122_4451_U62/S (CMPE42D1)       0.18       1.82 f
  DP_OP_109J1_122_4451_U61/CO (CMPE42D1)      0.15       1.97 f
  DP_OP_109J1_122_4451_U56/S (CMPE42D1)       0.06       2.04 r
  U848/ZN (INVD0)                             0.02       2.05 f
  intadd_0_U7/CO (FA1D0)                      0.10       2.15 f
  intadd_0_U6/CO (FA1D0)                      0.06       2.21 f
  intadd_0_U5/CO (FA1D0)                      0.06       2.26 f
  intadd_0_U4/CO (FA1D0)                      0.06       2.32 f
  intadd_0_U3/CO (FA1D0)                      0.06       2.37 f
  intadd_0_U2/CO (FA1D0)                      0.06       2.43 f
  U294/ZN (XNR4D0)                            0.09       2.52 f
  U295/Z (XOR3D0)                             0.10       2.63 r
  U296/ZN (INVD0)                             0.04       2.67 f
  U584/ZN (OAI221D0)                          0.07       2.74 r
  DP_OP_110J1_123_9581_U285/S (CMPE42D1)      0.19       2.93 f
  intadd_1_U7/CO (FA1D0)                      0.10       3.03 f
  intadd_1_U6/CO (FA1D0)                      0.06       3.09 f
  intadd_1_U5/CO (FA1D0)                      0.06       3.14 f
  intadd_1_U4/CO (FA1D0)                      0.06       3.20 f
  intadd_1_U3/CO (FA1D0)                      0.06       3.25 f
  intadd_1_U2/CO (FA1D0)                      0.06       3.31 f
  U315/ZN (CKND2D0)                           0.03       3.34 r
  U319/ZN (INR2D0)                            0.02       3.36 f
  U320/ZN (AOI21D0)                           0.04       3.40 r
  U321/ZN (INR2D0)                            0.06       3.46 r
  U323/ZN (CKND2D0)                           0.03       3.50 f
  U324/ZN (IND2D0)                            0.17       3.67 r
  U524/ZN (CKND2D0)                           0.06       3.72 f
  U714/ZN (NR2D0)                             0.07       3.79 r
  U978/ZN (INVD0)                             0.02       3.81 f
  U979/ZN (ND3D0)                             0.02       3.83 r
  U980/Z (XOR2D0)                             0.07       3.90 f
  DP_OP_114J1_130_237_U14/CO (FA1D0)          0.10       4.00 f
  DP_OP_114J1_130_237_U13/CO (FA1D0)          0.06       4.06 f
  DP_OP_114J1_130_237_U12/CO (FA1D0)          0.06       4.11 f
  DP_OP_114J1_130_237_U11/CO (FA1D0)          0.06       4.17 f
  DP_OP_114J1_130_237_U10/CO (FA1D0)          0.06       4.23 f
  DP_OP_114J1_130_237_U9/CO (FA1D0)           0.06       4.28 f
  DP_OP_114J1_130_237_U8/CO (FA1D0)           0.06       4.34 f
  DP_OP_114J1_130_237_U7/CO (FA1D0)           0.06       4.39 f
  DP_OP_114J1_130_237_U6/CO (FA1D0)           0.06       4.45 f
  DP_OP_114J1_130_237_U5/S (FA1D0)            0.07       4.51 r
  U550/ZN (NR3D0)                             0.02       4.53 f
  U551/ZN (AOI21D0)                           0.06       4.60 r
  U567/ZN (OAI31D0)                           0.04       4.63 f
  U575/Z (OR2D0)                              0.08       4.71 f
  U576/ZN (NR2D0)                             0.08       4.79 r
  U577/ZN (CKND2D0)                           0.07       4.86 f
  U732/ZN (INVD0)                             0.12       4.97 r
  U780/ZN (AOI22D0)                           0.05       5.02 f
  U781/ZN (OAI211D0)                          0.06       5.08 r
  result[5] (out)                             0.00       5.08 r
  data arrival time                                      5.08

  clock vclk (rise edge)                     10.00      10.00
  clock network delay (ideal)                 0.00      10.00
  output external delay                      -0.02       9.98
  data required time                                     9.98
  --------------------------------------------------------------
  data required time                                     9.98
  data arrival time                                     -5.08
  --------------------------------------------------------------
  slack (MET)                                            4.90


  Startpoint: y[1] (input port clocked by vclk)
  Endpoint: result[3] (output port clocked by vclk)
  Path Group: vclk
  Path Type: max

  Des/Clust/Port     Wire Load Model       Library
  ------------------------------------------------
  oadm_fixed_l3_div_opt ZeroWireload       tcbn65gplustc_ccs

  Point                                       Incr       Path
  --------------------------------------------------------------
  clock vclk (rise edge)                      0.00       0.00
  clock network delay (ideal)                 0.00       0.00
  input external delay                        0.02       0.02 f
  y[1] (in)                                   0.00       0.02 f
  U199/ZN (INVD0)                             0.01       0.04 r
  U200/ZN (INVD0)                             0.03       0.07 f
  U260/ZN (NR2D0)                             0.05       0.12 r
  U261/ZN (ND3D0)                             0.05       0.18 f
  U262/ZN (NR2D0)                             0.10       0.28 r
  U263/ZN (INVD0)                             0.03       0.30 f
  U264/ZN (NR2D0)                             0.08       0.39 r
  U265/ZN (CKND2D0)                           0.05       0.44 f
  U266/ZN (NR2D0)                             0.08       0.52 r
  U267/ZN (CKND2D0)                           0.06       0.58 f
  U268/ZN (NR2D0)                             0.08       0.66 r
  U269/ZN (CKND2D0)                           0.06       0.71 f
  U270/ZN (NR2D0)                             0.08       0.79 r
  U271/ZN (CKND2D0)                           0.06       0.85 f
  U272/ZN (NR2D0)                             0.10       0.95 r
  U273/ZN (CKND2D0)                           0.06       1.01 f
  U274/ZN (NR2D0)                             0.10       1.11 r
  U275/ZN (CKND2D0)                           0.06       1.16 f
  U276/ZN (NR2D0)                             0.10       1.26 r
  U277/ZN (CKND2D0)                           0.05       1.31 f
  U278/ZN (NR2D0)                             0.12       1.43 r
  U279/ZN (CKND2D0)                           0.07       1.50 f
  U280/ZN (CKND2D0)                           0.06       1.56 r
  U518/ZN (IND2D0)                            0.04       1.60 f
  U1084/ZN (MUX2ND0)                          0.05       1.64 r
  DP_OP_109J1_122_4451_U62/S (CMPE42D1)       0.18       1.82 f
  DP_OP_109J1_122_4451_U61/CO (CMPE42D1)      0.15       1.97 f
  DP_OP_109J1_122_4451_U56/S (CMPE42D1)       0.06       2.04 r
  U848/ZN (INVD0)                             0.02       2.05 f
  intadd_0_U7/CO (FA1D0)                      0.10       2.15 f
  intadd_0_U6/CO (FA1D0)                      0.06       2.21 f
  intadd_0_U5/CO (FA1D0)                      0.06       2.26 f
  intadd_0_U4/CO (FA1D0)                      0.06       2.32 f
  intadd_0_U3/CO (FA1D0)                      0.06       2.37 f
  intadd_0_U2/CO (FA1D0)                      0.06       2.43 f
  U294/ZN (XNR4D0)                            0.09       2.52 f
  U295/Z (XOR3D0)                             0.10       2.63 r
  U296/ZN (INVD0)                             0.04       2.67 f
  U584/ZN (OAI221D0)                          0.07       2.74 r
  DP_OP_110J1_123_9581_U285/S (CMPE42D1)      0.19       2.93 f
  intadd_1_U7/CO (FA1D0)                      0.10       3.03 f
  intadd_1_U6/CO (FA1D0)                      0.06       3.09 f
  intadd_1_U5/CO (FA1D0)                      0.06       3.14 f
  intadd_1_U4/CO (FA1D0)                      0.06       3.20 f
  intadd_1_U3/CO (FA1D0)                      0.06       3.25 f
  intadd_1_U2/CO (FA1D0)                      0.06       3.31 f
  U315/ZN (CKND2D0)                           0.03       3.34 r
  U319/ZN (INR2D0)                            0.02       3.36 f
  U320/ZN (AOI21D0)                           0.04       3.40 r
  U321/ZN (INR2D0)                            0.06       3.46 r
  U323/ZN (CKND2D0)                           0.03       3.50 f
  U324/ZN (IND2D0)                            0.17       3.67 r
  U524/ZN (CKND2D0)                           0.06       3.72 f
  U714/ZN (NR2D0)                             0.07       3.79 r
  U978/ZN (INVD0)                             0.02       3.81 f
  U979/ZN (ND3D0)                             0.02       3.83 r
  U980/Z (XOR2D0)                             0.07       3.90 f
  DP_OP_114J1_130_237_U14/CO (FA1D0)          0.10       4.00 f
  DP_OP_114J1_130_237_U13/CO (FA1D0)          0.06       4.06 f
  DP_OP_114J1_130_237_U12/CO (FA1D0)          0.06       4.11 f
  DP_OP_114J1_130_237_U11/CO (FA1D0)          0.06       4.17 f
  DP_OP_114J1_130_237_U10/CO (FA1D0)          0.06       4.23 f
  DP_OP_114J1_130_237_U9/CO (FA1D0)           0.06       4.28 f
  DP_OP_114J1_130_237_U8/CO (FA1D0)           0.06       4.34 f
  DP_OP_114J1_130_237_U7/CO (FA1D0)           0.06       4.39 f
  DP_OP_114J1_130_237_U6/CO (FA1D0)           0.06       4.45 f
  DP_OP_114J1_130_237_U5/S (FA1D0)            0.07       4.51 r
  U550/ZN (NR3D0)                             0.02       4.53 f
  U551/ZN (AOI21D0)                           0.06       4.60 r
  U567/ZN (OAI31D0)                           0.04       4.63 f
  U575/Z (OR2D0)                              0.08       4.71 f
  U576/ZN (NR2D0)                             0.08       4.79 r
  U577/ZN (CKND2D0)                           0.07       4.86 f
  U732/ZN (INVD0)                             0.12       4.97 r
  U795/ZN (AOI22D0)                           0.05       5.02 f
  U796/ZN (OAI211D0)                          0.06       5.08 r
  result[3] (out)                             0.00       5.08 r
  data arrival time                                      5.08

  clock vclk (rise edge)                     10.00      10.00
  clock network delay (ideal)                 0.00      10.00
  output external delay                      -0.02       9.98
  data required time                                     9.98
  --------------------------------------------------------------
  data required time                                     9.98
  data arrival time                                     -5.08
  --------------------------------------------------------------
  slack (MET)                                            4.90


  Startpoint: y[1] (input port clocked by vclk)
  Endpoint: result[2] (output port clocked by vclk)
  Path Group: vclk
  Path Type: max

  Des/Clust/Port     Wire Load Model       Library
  ------------------------------------------------
  oadm_fixed_l3_div_opt ZeroWireload       tcbn65gplustc_ccs

  Point                                       Incr       Path
  --------------------------------------------------------------
  clock vclk (rise edge)                      0.00       0.00
  clock network delay (ideal)                 0.00       0.00
  input external delay                        0.02       0.02 f
  y[1] (in)                                   0.00       0.02 f
  U199/ZN (INVD0)                             0.01       0.04 r
  U200/ZN (INVD0)                             0.03       0.07 f
  U260/ZN (NR2D0)                             0.05       0.12 r
  U261/ZN (ND3D0)                             0.05       0.18 f
  U262/ZN (NR2D0)                             0.10       0.28 r
  U263/ZN (INVD0)                             0.03       0.30 f
  U264/ZN (NR2D0)                             0.08       0.39 r
  U265/ZN (CKND2D0)                           0.05       0.44 f
  U266/ZN (NR2D0)                             0.08       0.52 r
  U267/ZN (CKND2D0)                           0.06       0.58 f
  U268/ZN (NR2D0)                             0.08       0.66 r
  U269/ZN (CKND2D0)                           0.06       0.71 f
  U270/ZN (NR2D0)                             0.08       0.79 r
  U271/ZN (CKND2D0)                           0.06       0.85 f
  U272/ZN (NR2D0)                             0.10       0.95 r
  U273/ZN (CKND2D0)                           0.06       1.01 f
  U274/ZN (NR2D0)                             0.10       1.11 r
  U275/ZN (CKND2D0)                           0.06       1.16 f
  U276/ZN (NR2D0)                             0.10       1.26 r
  U277/ZN (CKND2D0)                           0.05       1.31 f
  U278/ZN (NR2D0)                             0.12       1.43 r
  U279/ZN (CKND2D0)                           0.07       1.50 f
  U280/ZN (CKND2D0)                           0.06       1.56 r
  U518/ZN (IND2D0)                            0.04       1.60 f
  U1084/ZN (MUX2ND0)                          0.05       1.64 r
  DP_OP_109J1_122_4451_U62/S (CMPE42D1)       0.18       1.82 f
  DP_OP_109J1_122_4451_U61/CO (CMPE42D1)      0.15       1.97 f
  DP_OP_109J1_122_4451_U56/S (CMPE42D1)       0.06       2.04 r
  U848/ZN (INVD0)                             0.02       2.05 f
  intadd_0_U7/CO (FA1D0)                      0.10       2.15 f
  intadd_0_U6/CO (FA1D0)                      0.06       2.21 f
  intadd_0_U5/CO (FA1D0)                      0.06       2.26 f
  intadd_0_U4/CO (FA1D0)                      0.06       2.32 f
  intadd_0_U3/CO (FA1D0)                      0.06       2.37 f
  intadd_0_U2/CO (FA1D0)                      0.06       2.43 f
  U294/ZN (XNR4D0)                            0.09       2.52 f
  U295/Z (XOR3D0)                             0.10       2.63 r
  U296/ZN (INVD0)                             0.04       2.67 f
  U584/ZN (OAI221D0)                          0.07       2.74 r
  DP_OP_110J1_123_9581_U285/S (CMPE42D1)      0.19       2.93 f
  intadd_1_U7/CO (FA1D0)                      0.10       3.03 f
  intadd_1_U6/CO (FA1D0)                      0.06       3.09 f
  intadd_1_U5/CO (FA1D0)                      0.06       3.14 f
  intadd_1_U4/CO (FA1D0)                      0.06       3.20 f
  intadd_1_U3/CO (FA1D0)                      0.06       3.25 f
  intadd_1_U2/CO (FA1D0)                      0.06       3.31 f
  U315/ZN (CKND2D0)                           0.03       3.34 r
  U319/ZN (INR2D0)                            0.02       3.36 f
  U320/ZN (AOI21D0)                           0.04       3.40 r
  U321/ZN (INR2D0)                            0.06       3.46 r
  U323/ZN (CKND2D0)                           0.03       3.50 f
  U324/ZN (IND2D0)                            0.17       3.67 r
  U524/ZN (CKND2D0)                           0.06       3.72 f
  U714/ZN (NR2D0)                             0.07       3.79 r
  U978/ZN (INVD0)                             0.02       3.81 f
  U979/ZN (ND3D0)                             0.02       3.83 r
  U980/Z (XOR2D0)                             0.07       3.90 f
  DP_OP_114J1_130_237_U14/CO (FA1D0)          0.10       4.00 f
  DP_OP_114J1_130_237_U13/CO (FA1D0)          0.06       4.06 f
  DP_OP_114J1_130_237_U12/CO (FA1D0)          0.06       4.11 f
  DP_OP_114J1_130_237_U11/CO (FA1D0)          0.06       4.17 f
  DP_OP_114J1_130_237_U10/CO (FA1D0)          0.06       4.23 f
  DP_OP_114J1_130_237_U9/CO (FA1D0)           0.06       4.28 f
  DP_OP_114J1_130_237_U8/CO (FA1D0)           0.06       4.34 f
  DP_OP_114J1_130_237_U7/CO (FA1D0)           0.06       4.39 f
  DP_OP_114J1_130_237_U6/CO (FA1D0)           0.06       4.45 f
  DP_OP_114J1_130_237_U5/S (FA1D0)            0.07       4.51 r
  U550/ZN (NR3D0)                             0.02       4.53 f
  U551/ZN (AOI21D0)                           0.06       4.60 r
  U567/ZN (OAI31D0)                           0.04       4.63 f
  U575/Z (OR2D0)                              0.08       4.71 f
  U576/ZN (NR2D0)                             0.08       4.79 r
  U577/ZN (CKND2D0)                           0.07       4.86 f
  U732/ZN (INVD0)                             0.12       4.97 r
  U797/ZN (AOI22D0)                           0.05       5.02 f
  U799/ZN (CKND2D0)                           0.06       5.08 r
  result[2] (out)                             0.00       5.08 r
  data arrival time                                      5.08

  clock vclk (rise edge)                     10.00      10.00
  clock network delay (ideal)                 0.00      10.00
  output external delay                      -0.02       9.98
  data required time                                     9.98
  --------------------------------------------------------------
  data required time                                     9.98
  data arrival time                                     -5.08
  --------------------------------------------------------------
  slack (MET)                                            4.90


  Startpoint: y[1] (input port clocked by vclk)
  Endpoint: result[21] (output port clocked by vclk)
  Path Group: vclk
  Path Type: max

  Des/Clust/Port     Wire Load Model       Library
  ------------------------------------------------
  oadm_fixed_l3_div_opt ZeroWireload       tcbn65gplustc_ccs

  Point                                       Incr       Path
  --------------------------------------------------------------
  clock vclk (rise edge)                      0.00       0.00
  clock network delay (ideal)                 0.00       0.00
  input external delay                        0.02       0.02 f
  y[1] (in)                                   0.00       0.02 f
  U199/ZN (INVD0)                             0.01       0.04 r
  U200/ZN (INVD0)                             0.03       0.07 f
  U260/ZN (NR2D0)                             0.05       0.12 r
  U261/ZN (ND3D0)                             0.05       0.18 f
  U262/ZN (NR2D0)                             0.10       0.28 r
  U263/ZN (INVD0)                             0.03       0.30 f
  U264/ZN (NR2D0)                             0.08       0.39 r
  U265/ZN (CKND2D0)                           0.05       0.44 f
  U266/ZN (NR2D0)                             0.08       0.52 r
  U267/ZN (CKND2D0)                           0.06       0.58 f
  U268/ZN (NR2D0)                             0.08       0.66 r
  U269/ZN (CKND2D0)                           0.06       0.71 f
  U270/ZN (NR2D0)                             0.08       0.79 r
  U271/ZN (CKND2D0)                           0.06       0.85 f
  U272/ZN (NR2D0)                             0.10       0.95 r
  U273/ZN (CKND2D0)                           0.06       1.01 f
  U274/ZN (NR2D0)                             0.10       1.11 r
  U275/ZN (CKND2D0)                           0.06       1.16 f
  U276/ZN (NR2D0)                             0.10       1.26 r
  U277/ZN (CKND2D0)                           0.05       1.31 f
  U278/ZN (NR2D0)                             0.12       1.43 r
  U279/ZN (CKND2D0)                           0.07       1.50 f
  U280/ZN (CKND2D0)                           0.06       1.56 r
  U518/ZN (IND2D0)                            0.04       1.60 f
  U1084/ZN (MUX2ND0)                          0.05       1.64 r
  DP_OP_109J1_122_4451_U62/S (CMPE42D1)       0.18       1.82 f
  DP_OP_109J1_122_4451_U61/CO (CMPE42D1)      0.15       1.97 f
  DP_OP_109J1_122_4451_U56/S (CMPE42D1)       0.06       2.04 r
  U848/ZN (INVD0)                             0.02       2.05 f
  intadd_0_U7/CO (FA1D0)                      0.10       2.15 f
  intadd_0_U6/CO (FA1D0)                      0.06       2.21 f
  intadd_0_U5/CO (FA1D0)                      0.06       2.26 f
  intadd_0_U4/CO (FA1D0)                      0.06       2.32 f
  intadd_0_U3/CO (FA1D0)                      0.06       2.37 f
  intadd_0_U2/CO (FA1D0)                      0.06       2.43 f
  U294/ZN (XNR4D0)                            0.09       2.52 f
  U295/Z (XOR3D0)                             0.10       2.63 r
  U296/ZN (INVD0)                             0.04       2.67 f
  U584/ZN (OAI221D0)                          0.07       2.74 r
  DP_OP_110J1_123_9581_U285/S (CMPE42D1)      0.19       2.93 f
  intadd_1_U7/CO (FA1D0)                      0.10       3.03 f
  intadd_1_U6/CO (FA1D0)                      0.06       3.09 f
  intadd_1_U5/CO (FA1D0)                      0.06       3.14 f
  intadd_1_U4/CO (FA1D0)                      0.06       3.20 f
  intadd_1_U3/CO (FA1D0)                      0.06       3.25 f
  intadd_1_U2/CO (FA1D0)                      0.06       3.31 f
  U315/ZN (CKND2D0)                           0.03       3.34 r
  U319/ZN (INR2D0)                            0.02       3.36 f
  U320/ZN (AOI21D0)                           0.04       3.40 r
  U321/ZN (INR2D0)                            0.06       3.46 r
  U323/ZN (CKND2D0)                           0.03       3.50 f
  U324/ZN (IND2D0)                            0.17       3.67 r
  U524/ZN (CKND2D0)                           0.06       3.72 f
  U714/ZN (NR2D0)                             0.07       3.79 r
  U978/ZN (INVD0)                             0.02       3.81 f
  U979/ZN (ND3D0)                             0.02       3.83 r
  U980/Z (XOR2D0)                             0.07       3.90 f
  DP_OP_114J1_130_237_U14/CO (FA1D0)          0.10       4.00 f
  DP_OP_114J1_130_237_U13/CO (FA1D0)          0.06       4.06 f
  DP_OP_114J1_130_237_U12/CO (FA1D0)          0.06       4.11 f
  DP_OP_114J1_130_237_U11/CO (FA1D0)          0.06       4.17 f
  DP_OP_114J1_130_237_U10/CO (FA1D0)          0.06       4.23 f
  DP_OP_114J1_130_237_U9/CO (FA1D0)           0.06       4.28 f
  DP_OP_114J1_130_237_U8/CO (FA1D0)           0.06       4.34 f
  DP_OP_114J1_130_237_U7/CO (FA1D0)           0.06       4.39 f
  DP_OP_114J1_130_237_U6/CO (FA1D0)           0.06       4.45 f
  DP_OP_114J1_130_237_U5/S (FA1D0)            0.07       4.51 r
  U550/ZN (NR3D0)                             0.02       4.53 f
  U551/ZN (AOI21D0)                           0.06       4.60 r
  U567/ZN (OAI31D0)                           0.04       4.63 f
  U575/Z (OR2D0)                              0.08       4.71 f
  U576/ZN (NR2D0)                             0.08       4.79 r
  U579/ZN (CKND2D0)                           0.05       4.85 f
  U733/ZN (INVD0)                             0.13       4.98 r
  U805/ZN (AOI22D0)                           0.04       5.02 f
  U806/ZN (OAI211D0)                          0.06       5.08 r
  result[21] (out)                            0.00       5.08 r
  data arrival time                                      5.08

  clock vclk (rise edge)                     10.00      10.00
  clock network delay (ideal)                 0.00      10.00
  output external delay                      -0.02       9.98
  data required time                                     9.98
  --------------------------------------------------------------
  data required time                                     9.98
  data arrival time                                     -5.08
  --------------------------------------------------------------
  slack (MET)                                            4.90


  Startpoint: y[1] (input port clocked by vclk)
  Endpoint: result[20] (output port clocked by vclk)
  Path Group: vclk
  Path Type: max

  Des/Clust/Port     Wire Load Model       Library
  ------------------------------------------------
  oadm_fixed_l3_div_opt ZeroWireload       tcbn65gplustc_ccs

  Point                                       Incr       Path
  --------------------------------------------------------------
  clock vclk (rise edge)                      0.00       0.00
  clock network delay (ideal)                 0.00       0.00
  input external delay                        0.02       0.02 f
  y[1] (in)                                   0.00       0.02 f
  U199/ZN (INVD0)                             0.01       0.04 r
  U200/ZN (INVD0)                             0.03       0.07 f
  U260/ZN (NR2D0)                             0.05       0.12 r
  U261/ZN (ND3D0)                             0.05       0.18 f
  U262/ZN (NR2D0)                             0.10       0.28 r
  U263/ZN (INVD0)                             0.03       0.30 f
  U264/ZN (NR2D0)                             0.08       0.39 r
  U265/ZN (CKND2D0)                           0.05       0.44 f
  U266/ZN (NR2D0)                             0.08       0.52 r
  U267/ZN (CKND2D0)                           0.06       0.58 f
  U268/ZN (NR2D0)                             0.08       0.66 r
  U269/ZN (CKND2D0)                           0.06       0.71 f
  U270/ZN (NR2D0)                             0.08       0.79 r
  U271/ZN (CKND2D0)                           0.06       0.85 f
  U272/ZN (NR2D0)                             0.10       0.95 r
  U273/ZN (CKND2D0)                           0.06       1.01 f
  U274/ZN (NR2D0)                             0.10       1.11 r
  U275/ZN (CKND2D0)                           0.06       1.16 f
  U276/ZN (NR2D0)                             0.10       1.26 r
  U277/ZN (CKND2D0)                           0.05       1.31 f
  U278/ZN (NR2D0)                             0.12       1.43 r
  U279/ZN (CKND2D0)                           0.07       1.50 f
  U280/ZN (CKND2D0)                           0.06       1.56 r
  U518/ZN (IND2D0)                            0.04       1.60 f
  U1084/ZN (MUX2ND0)                          0.05       1.64 r
  DP_OP_109J1_122_4451_U62/S (CMPE42D1)       0.18       1.82 f
  DP_OP_109J1_122_4451_U61/CO (CMPE42D1)      0.15       1.97 f
  DP_OP_109J1_122_4451_U56/S (CMPE42D1)       0.06       2.04 r
  U848/ZN (INVD0)                             0.02       2.05 f
  intadd_0_U7/CO (FA1D0)                      0.10       2.15 f
  intadd_0_U6/CO (FA1D0)                      0.06       2.21 f
  intadd_0_U5/CO (FA1D0)                      0.06       2.26 f
  intadd_0_U4/CO (FA1D0)                      0.06       2.32 f
  intadd_0_U3/CO (FA1D0)                      0.06       2.37 f
  intadd_0_U2/CO (FA1D0)                      0.06       2.43 f
  U294/ZN (XNR4D0)                            0.09       2.52 f
  U295/Z (XOR3D0)                             0.10       2.63 r
  U296/ZN (INVD0)                             0.04       2.67 f
  U584/ZN (OAI221D0)                          0.07       2.74 r
  DP_OP_110J1_123_9581_U285/S (CMPE42D1)      0.19       2.93 f
  intadd_1_U7/CO (FA1D0)                      0.10       3.03 f
  intadd_1_U6/CO (FA1D0)                      0.06       3.09 f
  intadd_1_U5/CO (FA1D0)                      0.06       3.14 f
  intadd_1_U4/CO (FA1D0)                      0.06       3.20 f
  intadd_1_U3/CO (FA1D0)                      0.06       3.25 f
  intadd_1_U2/CO (FA1D0)                      0.06       3.31 f
  U315/ZN (CKND2D0)                           0.03       3.34 r
  U319/ZN (INR2D0)                            0.02       3.36 f
  U320/ZN (AOI21D0)                           0.04       3.40 r
  U321/ZN (INR2D0)                            0.06       3.46 r
  U323/ZN (CKND2D0)                           0.03       3.50 f
  U324/ZN (IND2D0)                            0.17       3.67 r
  U524/ZN (CKND2D0)                           0.06       3.72 f
  U714/ZN (NR2D0)                             0.07       3.79 r
  U978/ZN (INVD0)                             0.02       3.81 f
  U979/ZN (ND3D0)                             0.02       3.83 r
  U980/Z (XOR2D0)                             0.07       3.90 f
  DP_OP_114J1_130_237_U14/CO (FA1D0)          0.10       4.00 f
  DP_OP_114J1_130_237_U13/CO (FA1D0)          0.06       4.06 f
  DP_OP_114J1_130_237_U12/CO (FA1D0)          0.06       4.11 f
  DP_OP_114J1_130_237_U11/CO (FA1D0)          0.06       4.17 f
  DP_OP_114J1_130_237_U10/CO (FA1D0)          0.06       4.23 f
  DP_OP_114J1_130_237_U9/CO (FA1D0)           0.06       4.28 f
  DP_OP_114J1_130_237_U8/CO (FA1D0)           0.06       4.34 f
  DP_OP_114J1_130_237_U7/CO (FA1D0)           0.06       4.39 f
  DP_OP_114J1_130_237_U6/CO (FA1D0)           0.06       4.45 f
  DP_OP_114J1_130_237_U5/S (FA1D0)            0.07       4.51 r
  U550/ZN (NR3D0)                             0.02       4.53 f
  U551/ZN (AOI21D0)                           0.06       4.60 r
  U567/ZN (OAI31D0)                           0.04       4.63 f
  U575/Z (OR2D0)                              0.08       4.71 f
  U576/ZN (NR2D0)                             0.08       4.79 r
  U579/ZN (CKND2D0)                           0.05       4.85 f
  U733/ZN (INVD0)                             0.13       4.98 r
  U801/ZN (AOI22D0)                           0.04       5.02 f
  U802/ZN (OAI211D0)                          0.06       5.08 r
  result[20] (out)                            0.00       5.08 r
  data arrival time                                      5.08

  clock vclk (rise edge)                     10.00      10.00
  clock network delay (ideal)                 0.00      10.00
  output external delay                      -0.02       9.98
  data required time                                     9.98
  --------------------------------------------------------------
  data required time                                     9.98
  data arrival time                                     -5.08
  --------------------------------------------------------------
  slack (MET)                                            4.90


1
