 
****************************************
Report : timing
        -path full
        -delay max
        -max_paths 20
Design : oadm_fixed_l2_opt
Version: U-2022.12-SP7
Date   : Fri Aug 21 21:24:48 2026
****************************************

Operating Conditions: NCCOM   Library: tcbn65gplustc_ccs
Wire Load Model Mode: segmented

  Startpoint: x[3] (input port clocked by vclk)
  Endpoint: result[21] (output port clocked by vclk)
  Path Group: vclk
  Path Type: max

  Des/Clust/Port     Wire Load Model       Library
  ------------------------------------------------
  oadm_fixed_l2_opt  ZeroWireload          tcbn65gplustc_ccs

  Point                                     Incr       Path
  ------------------------------------------------------------
  clock vclk (rise edge)                    0.00       0.00
  clock network delay (ideal)               0.00       0.00
  input external delay                      0.02       0.02 f
  x[3] (in)                                 0.00       0.02 f
  U225/ZN (INVD0)                           0.04       0.06 r
  U226/ZN (INVD0)                           0.04       0.10 f
  U901/ZN (CKND2D0)                         0.04       0.14 r
  U894/Z (OR3D0)                            0.04       0.18 r
  U893/ZN (OAI31D0)                         0.04       0.22 f
  U784/ZN (CKND2D0)                         0.03       0.25 r
  U891/Z (AO21D0)                           0.04       0.29 r
  U789/ZN (IND3D0)                          0.04       0.34 f
  U793/ZN (CKND2D0)                         0.03       0.37 r
  U887/Z (AO21D0)                           0.04       0.41 r
  U798/ZN (IND3D0)                          0.04       0.45 f
  U802/ZN (CKND2D0)                         0.03       0.48 r
  U886/Z (AO21D0)                           0.04       0.52 r
  U807/ZN (IND3D0)                          0.04       0.57 f
  U811/ZN (CKND2D0)                         0.03       0.60 r
  U884/Z (AO21D0)                           0.04       0.64 r
  U816/ZN (IND3D0)                          0.04       0.68 f
  U820/ZN (CKND2D0)                         0.03       0.71 r
  U878/Z (AO21D0)                           0.04       0.75 r
  U825/ZN (IND3D0)                          0.04       0.80 f
  U829/ZN (CKND2D0)                         0.03       0.83 r
  U877/Z (AO21D0)                           0.04       0.87 r
  U834/ZN (IND3D0)                          0.04       0.91 f
  U838/ZN (CKND2D0)                         0.03       0.94 r
  U875/Z (AO21D0)                           0.04       0.98 r
  U843/ZN (IND3D0)                          0.04       1.03 f
  U847/ZN (CKND2D0)                         0.03       1.06 r
  U869/Z (AO21D0)                           0.04       1.10 r
  U852/ZN (IND3D0)                          0.04       1.14 f
  U856/ZN (CKND2D0)                         0.03       1.17 r
  U868/Z (AO21D0)                           0.04       1.21 r
  U861/ZN (IND3D0)                          0.04       1.26 f
  U865/ZN (CKND2D0)                         0.03       1.29 r
  U866/Z (AO21D0)                           0.04       1.33 r
  U870/ZN (IND3D0)                          0.04       1.37 f
  U874/ZN (CKND2D0)                         0.03       1.40 r
  U860/Z (AO21D0)                           0.04       1.44 r
  U879/ZN (IND3D0)                          0.04       1.49 f
  U883/ZN (CKND2D0)                         0.03       1.52 r
  U851/Z (AO21D0)                           0.04       1.56 r
  U888/ZN (IND3D0)                          0.04       1.60 f
  U890/ZN (CKND2D0)                         0.03       1.63 r
  U850/Z (AO21D0)                           0.04       1.67 r
  U895/ZN (IND3D0)                          0.04       1.72 f
  U897/ZN (CKND2D0)                         0.03       1.75 r
  U848/Z (AO21D0)                           0.04       1.79 r
  U902/ZN (IND3D0)                          0.04       1.83 f
  U905/ZN (CKND2D0)                         0.03       1.86 r
  U841/Z (AO21D0)                           0.04       1.90 r
  U910/ZN (IND3D0)                          0.04       1.95 f
  U911/ZN (XNR2D0)                          0.08       2.02 r
  U796/Z (CKXOR2D0)                         0.06       2.09 r
  DP_OP_120J1_126_8883_U132/CO (FA1D0)      0.08       2.17 r
  DP_OP_120J1_126_8883_U131/S (FA1D0)       0.08       2.25 r
  DP_OP_120J1_126_8883_U73/CO (FA1D0)       0.08       2.33 r
  DP_OP_120J1_126_8883_U72/S (FA1D0)        0.07       2.40 r
  U402/ZN (XNR2D0)                          0.08       2.49 f
  U659/ZN (CKND2D0)                         0.05       2.53 r
  U1133/ZN (XNR3D0)                         0.09       2.62 r
  U1134/ZN (XNR3D0)                         0.07       2.69 f
  intadd_0_U12/CO (FA1D0)                   0.10       2.79 f
  intadd_0_U11/CO (FA1D0)                   0.06       2.85 f
  intadd_0_U10/CO (FA1D0)                   0.06       2.91 f
  intadd_0_U9/CO (FA1D0)                    0.06       2.96 f
  intadd_0_U8/CO (FA1D0)                    0.06       3.02 f
  intadd_0_U7/CO (FA1D0)                    0.06       3.07 f
  intadd_0_U6/CO (FA1D0)                    0.06       3.13 f
  intadd_0_U5/CO (FA1D0)                    0.06       3.18 f
  intadd_0_U4/CO (FA1D0)                    0.06       3.24 f
  intadd_0_U3/CO (FA1D0)                    0.06       3.29 f
  intadd_0_U2/CO (FA1D0)                    0.06       3.35 f
  U324/ZN (MAOI222D0)                       0.06       3.41 r
  U323/ZN (XNR3D0)                          0.08       3.49 f
  U341/ZN (OAI21D0)                         0.08       3.57 r
  U351/ZN (CKND2D0)                         0.06       3.62 f
  U358/ZN (CKND2D0)                         0.15       3.77 r
  U1270/Z (XOR2D0)                          0.07       3.84 f
  DP_OP_109J1_128_5167_U11/CO (FA1D0)       0.06       3.90 f
  DP_OP_109J1_128_5167_U10/CO (FA1D0)       0.06       3.95 f
  DP_OP_109J1_128_5167_U9/CO (FA1D0)        0.06       4.01 f
  DP_OP_109J1_128_5167_U8/CO (FA1D0)        0.06       4.07 f
  DP_OP_109J1_128_5167_U7/CO (FA1D0)        0.06       4.12 f
  DP_OP_109J1_128_5167_U6/CO (FA1D0)        0.06       4.18 f
  DP_OP_109J1_128_5167_U5/CO (FA1D0)        0.06       4.23 f
  DP_OP_109J1_128_5167_U4/CO (FA1D0)        0.06       4.29 f
  DP_OP_109J1_128_5167_U3/S (FA1D0)         0.07       4.35 r
  U377/ZN (CKND2D0)                         0.02       4.37 f
  U378/ZN (IOA21D0)                         0.03       4.41 r
  U385/ZN (NR3D0)                           0.02       4.43 f
  U397/ZN (AOI211XD0)                       0.08       4.51 r
  U398/ZN (INVD0)                           0.05       4.56 f
  U289/ZN (NR3D0)                           0.04       4.60 r
  U260/ZN (CKND0)                           0.04       4.64 f
  U415/ZN (NR2XD0)                          0.12       4.77 r
  U416/ZN (AOI31D0)                         0.04       4.81 f
  U417/ZN (OAI222D0)                        0.11       4.92 r
  result[21] (out)                          0.00       4.92 r
  data arrival time                                    4.92

  clock vclk (rise edge)                   10.00      10.00
  clock network delay (ideal)               0.00      10.00
  output external delay                    -0.02       9.98
  data required time                                   9.98
  ------------------------------------------------------------
  data required time                                   9.98
  data arrival time                                   -4.92
  ------------------------------------------------------------
  slack (MET)                                          5.06


  Startpoint: x[3] (input port clocked by vclk)
  Endpoint: result[1] (output port clocked by vclk)
  Path Group: vclk
  Path Type: max

  Des/Clust/Port     Wire Load Model       Library
  ------------------------------------------------
  oadm_fixed_l2_opt  ZeroWireload          tcbn65gplustc_ccs

  Point                                     Incr       Path
  ------------------------------------------------------------
  clock vclk (rise edge)                    0.00       0.00
  clock network delay (ideal)               0.00       0.00
  input external delay                      0.02       0.02 f
  x[3] (in)                                 0.00       0.02 f
  U225/ZN (INVD0)                           0.04       0.06 r
  U226/ZN (INVD0)                           0.04       0.10 f
  U901/ZN (CKND2D0)                         0.04       0.14 r
  U894/Z (OR3D0)                            0.04       0.18 r
  U893/ZN (OAI31D0)                         0.04       0.22 f
  U784/ZN (CKND2D0)                         0.03       0.25 r
  U891/Z (AO21D0)                           0.04       0.29 r
  U789/ZN (IND3D0)                          0.04       0.34 f
  U793/ZN (CKND2D0)                         0.03       0.37 r
  U887/Z (AO21D0)                           0.04       0.41 r
  U798/ZN (IND3D0)                          0.04       0.45 f
  U802/ZN (CKND2D0)                         0.03       0.48 r
  U886/Z (AO21D0)                           0.04       0.52 r
  U807/ZN (IND3D0)                          0.04       0.57 f
  U811/ZN (CKND2D0)                         0.03       0.60 r
  U884/Z (AO21D0)                           0.04       0.64 r
  U816/ZN (IND3D0)                          0.04       0.68 f
  U820/ZN (CKND2D0)                         0.03       0.71 r
  U878/Z (AO21D0)                           0.04       0.75 r
  U825/ZN (IND3D0)                          0.04       0.80 f
  U829/ZN (CKND2D0)                         0.03       0.83 r
  U877/Z (AO21D0)                           0.04       0.87 r
  U834/ZN (IND3D0)                          0.04       0.91 f
  U838/ZN (CKND2D0)                         0.03       0.94 r
  U875/Z (AO21D0)                           0.04       0.98 r
  U843/ZN (IND3D0)                          0.04       1.03 f
  U847/ZN (CKND2D0)                         0.03       1.06 r
  U869/Z (AO21D0)                           0.04       1.10 r
  U852/ZN (IND3D0)                          0.04       1.14 f
  U856/ZN (CKND2D0)                         0.03       1.17 r
  U868/Z (AO21D0)                           0.04       1.21 r
  U861/ZN (IND3D0)                          0.04       1.26 f
  U865/ZN (CKND2D0)                         0.03       1.29 r
  U866/Z (AO21D0)                           0.04       1.33 r
  U870/ZN (IND3D0)                          0.04       1.37 f
  U874/ZN (CKND2D0)                         0.03       1.40 r
  U860/Z (AO21D0)                           0.04       1.44 r
  U879/ZN (IND3D0)                          0.04       1.49 f
  U883/ZN (CKND2D0)                         0.03       1.52 r
  U851/Z (AO21D0)                           0.04       1.56 r
  U888/ZN (IND3D0)                          0.04       1.60 f
  U890/ZN (CKND2D0)                         0.03       1.63 r
  U850/Z (AO21D0)                           0.04       1.67 r
  U895/ZN (IND3D0)                          0.04       1.72 f
  U897/ZN (CKND2D0)                         0.03       1.75 r
  U848/Z (AO21D0)                           0.04       1.79 r
  U902/ZN (IND3D0)                          0.04       1.83 f
  U905/ZN (CKND2D0)                         0.03       1.86 r
  U841/Z (AO21D0)                           0.04       1.90 r
  U910/ZN (IND3D0)                          0.04       1.95 f
  U911/ZN (XNR2D0)                          0.08       2.02 r
  U796/Z (CKXOR2D0)                         0.06       2.09 r
  DP_OP_120J1_126_8883_U132/CO (FA1D0)      0.08       2.17 r
  DP_OP_120J1_126_8883_U131/S (FA1D0)       0.08       2.25 r
  DP_OP_120J1_126_8883_U73/CO (FA1D0)       0.08       2.33 r
  DP_OP_120J1_126_8883_U72/S (FA1D0)        0.07       2.40 r
  U402/ZN (XNR2D0)                          0.08       2.49 f
  U659/ZN (CKND2D0)                         0.05       2.53 r
  U1133/ZN (XNR3D0)                         0.09       2.62 r
  U1134/ZN (XNR3D0)                         0.07       2.69 f
  intadd_0_U12/CO (FA1D0)                   0.10       2.79 f
  intadd_0_U11/CO (FA1D0)                   0.06       2.85 f
  intadd_0_U10/CO (FA1D0)                   0.06       2.91 f
  intadd_0_U9/CO (FA1D0)                    0.06       2.96 f
  intadd_0_U8/CO (FA1D0)                    0.06       3.02 f
  intadd_0_U7/CO (FA1D0)                    0.06       3.07 f
  intadd_0_U6/CO (FA1D0)                    0.06       3.13 f
  intadd_0_U5/CO (FA1D0)                    0.06       3.18 f
  intadd_0_U4/CO (FA1D0)                    0.06       3.24 f
  intadd_0_U3/CO (FA1D0)                    0.06       3.29 f
  intadd_0_U2/CO (FA1D0)                    0.06       3.35 f
  U324/ZN (MAOI222D0)                       0.06       3.41 r
  U323/ZN (XNR3D0)                          0.08       3.49 f
  U341/ZN (OAI21D0)                         0.08       3.57 r
  U351/ZN (CKND2D0)                         0.06       3.62 f
  U358/ZN (CKND2D0)                         0.15       3.77 r
  U1270/Z (XOR2D0)                          0.07       3.84 f
  DP_OP_109J1_128_5167_U11/CO (FA1D0)       0.06       3.90 f
  DP_OP_109J1_128_5167_U10/CO (FA1D0)       0.06       3.95 f
  DP_OP_109J1_128_5167_U9/CO (FA1D0)        0.06       4.01 f
  DP_OP_109J1_128_5167_U8/CO (FA1D0)        0.06       4.07 f
  DP_OP_109J1_128_5167_U7/CO (FA1D0)        0.06       4.12 f
  DP_OP_109J1_128_5167_U6/CO (FA1D0)        0.06       4.18 f
  DP_OP_109J1_128_5167_U5/CO (FA1D0)        0.06       4.23 f
  DP_OP_109J1_128_5167_U4/CO (FA1D0)        0.06       4.29 f
  DP_OP_109J1_128_5167_U3/S (FA1D0)         0.07       4.35 r
  U377/ZN (CKND2D0)                         0.02       4.37 f
  U378/ZN (IOA21D0)                         0.03       4.41 r
  U385/ZN (NR3D0)                           0.02       4.43 f
  U397/ZN (AOI211XD0)                       0.08       4.51 r
  U398/ZN (INVD0)                           0.05       4.56 f
  U289/ZN (NR3D0)                           0.04       4.60 r
  U260/ZN (CKND0)                           0.04       4.64 f
  U415/ZN (NR2XD0)                          0.12       4.77 r
  U421/ZN (INVD0)                           0.04       4.81 f
  U478/ZN (OAI222D0)                        0.10       4.91 r
  result[1] (out)                           0.00       4.91 r
  data arrival time                                    4.91

  clock vclk (rise edge)                   10.00      10.00
  clock network delay (ideal)               0.00      10.00
  output external delay                    -0.02       9.98
  data required time                                   9.98
  ------------------------------------------------------------
  data required time                                   9.98
  data arrival time                                   -4.91
  ------------------------------------------------------------
  slack (MET)                                          5.07


  Startpoint: x[3] (input port clocked by vclk)
  Endpoint: result[0] (output port clocked by vclk)
  Path Group: vclk
  Path Type: max

  Des/Clust/Port     Wire Load Model       Library
  ------------------------------------------------
  oadm_fixed_l2_opt  ZeroWireload          tcbn65gplustc_ccs

  Point                                     Incr       Path
  ------------------------------------------------------------
  clock vclk (rise edge)                    0.00       0.00
  clock network delay (ideal)               0.00       0.00
  input external delay                      0.02       0.02 f
  x[3] (in)                                 0.00       0.02 f
  U225/ZN (INVD0)                           0.04       0.06 r
  U226/ZN (INVD0)                           0.04       0.10 f
  U901/ZN (CKND2D0)                         0.04       0.14 r
  U894/Z (OR3D0)                            0.04       0.18 r
  U893/ZN (OAI31D0)                         0.04       0.22 f
  U784/ZN (CKND2D0)                         0.03       0.25 r
  U891/Z (AO21D0)                           0.04       0.29 r
  U789/ZN (IND3D0)                          0.04       0.34 f
  U793/ZN (CKND2D0)                         0.03       0.37 r
  U887/Z (AO21D0)                           0.04       0.41 r
  U798/ZN (IND3D0)                          0.04       0.45 f
  U802/ZN (CKND2D0)                         0.03       0.48 r
  U886/Z (AO21D0)                           0.04       0.52 r
  U807/ZN (IND3D0)                          0.04       0.57 f
  U811/ZN (CKND2D0)                         0.03       0.60 r
  U884/Z (AO21D0)                           0.04       0.64 r
  U816/ZN (IND3D0)                          0.04       0.68 f
  U820/ZN (CKND2D0)                         0.03       0.71 r
  U878/Z (AO21D0)                           0.04       0.75 r
  U825/ZN (IND3D0)                          0.04       0.80 f
  U829/ZN (CKND2D0)                         0.03       0.83 r
  U877/Z (AO21D0)                           0.04       0.87 r
  U834/ZN (IND3D0)                          0.04       0.91 f
  U838/ZN (CKND2D0)                         0.03       0.94 r
  U875/Z (AO21D0)                           0.04       0.98 r
  U843/ZN (IND3D0)                          0.04       1.03 f
  U847/ZN (CKND2D0)                         0.03       1.06 r
  U869/Z (AO21D0)                           0.04       1.10 r
  U852/ZN (IND3D0)                          0.04       1.14 f
  U856/ZN (CKND2D0)                         0.03       1.17 r
  U868/Z (AO21D0)                           0.04       1.21 r
  U861/ZN (IND3D0)                          0.04       1.26 f
  U865/ZN (CKND2D0)                         0.03       1.29 r
  U866/Z (AO21D0)                           0.04       1.33 r
  U870/ZN (IND3D0)                          0.04       1.37 f
  U874/ZN (CKND2D0)                         0.03       1.40 r
  U860/Z (AO21D0)                           0.04       1.44 r
  U879/ZN (IND3D0)                          0.04       1.49 f
  U883/ZN (CKND2D0)                         0.03       1.52 r
  U851/Z (AO21D0)                           0.04       1.56 r
  U888/ZN (IND3D0)                          0.04       1.60 f
  U890/ZN (CKND2D0)                         0.03       1.63 r
  U850/Z (AO21D0)                           0.04       1.67 r
  U895/ZN (IND3D0)                          0.04       1.72 f
  U897/ZN (CKND2D0)                         0.03       1.75 r
  U848/Z (AO21D0)                           0.04       1.79 r
  U902/ZN (IND3D0)                          0.04       1.83 f
  U905/ZN (CKND2D0)                         0.03       1.86 r
  U841/Z (AO21D0)                           0.04       1.90 r
  U910/ZN (IND3D0)                          0.04       1.95 f
  U911/ZN (XNR2D0)                          0.08       2.02 r
  U796/Z (CKXOR2D0)                         0.06       2.09 r
  DP_OP_120J1_126_8883_U132/CO (FA1D0)      0.08       2.17 r
  DP_OP_120J1_126_8883_U131/S (FA1D0)       0.08       2.25 r
  DP_OP_120J1_126_8883_U73/CO (FA1D0)       0.08       2.33 r
  DP_OP_120J1_126_8883_U72/S (FA1D0)        0.07       2.40 r
  U402/ZN (XNR2D0)                          0.08       2.49 f
  U659/ZN (CKND2D0)                         0.05       2.53 r
  U1133/ZN (XNR3D0)                         0.09       2.62 r
  U1134/ZN (XNR3D0)                         0.07       2.69 f
  intadd_0_U12/CO (FA1D0)                   0.10       2.79 f
  intadd_0_U11/CO (FA1D0)                   0.06       2.85 f
  intadd_0_U10/CO (FA1D0)                   0.06       2.91 f
  intadd_0_U9/CO (FA1D0)                    0.06       2.96 f
  intadd_0_U8/CO (FA1D0)                    0.06       3.02 f
  intadd_0_U7/CO (FA1D0)                    0.06       3.07 f
  intadd_0_U6/CO (FA1D0)                    0.06       3.13 f
  intadd_0_U5/CO (FA1D0)                    0.06       3.18 f
  intadd_0_U4/CO (FA1D0)                    0.06       3.24 f
  intadd_0_U3/CO (FA1D0)                    0.06       3.29 f
  intadd_0_U2/CO (FA1D0)                    0.06       3.35 f
  U324/ZN (MAOI222D0)                       0.06       3.41 r
  U323/ZN (XNR3D0)                          0.08       3.49 f
  U341/ZN (OAI21D0)                         0.08       3.57 r
  U351/ZN (CKND2D0)                         0.06       3.62 f
  U358/ZN (CKND2D0)                         0.15       3.77 r
  U1270/Z (XOR2D0)                          0.07       3.84 f
  DP_OP_109J1_128_5167_U11/CO (FA1D0)       0.06       3.90 f
  DP_OP_109J1_128_5167_U10/CO (FA1D0)       0.06       3.95 f
  DP_OP_109J1_128_5167_U9/CO (FA1D0)        0.06       4.01 f
  DP_OP_109J1_128_5167_U8/CO (FA1D0)        0.06       4.07 f
  DP_OP_109J1_128_5167_U7/CO (FA1D0)        0.06       4.12 f
  DP_OP_109J1_128_5167_U6/CO (FA1D0)        0.06       4.18 f
  DP_OP_109J1_128_5167_U5/CO (FA1D0)        0.06       4.23 f
  DP_OP_109J1_128_5167_U4/CO (FA1D0)        0.06       4.29 f
  DP_OP_109J1_128_5167_U3/S (FA1D0)         0.07       4.35 r
  U377/ZN (CKND2D0)                         0.02       4.37 f
  U378/ZN (IOA21D0)                         0.03       4.41 r
  U385/ZN (NR3D0)                           0.02       4.43 f
  U397/ZN (AOI211XD0)                       0.08       4.51 r
  U398/ZN (INVD0)                           0.05       4.56 f
  U289/ZN (NR3D0)                           0.04       4.60 r
  U260/ZN (CKND0)                           0.04       4.64 f
  U406/ZN (NR2XD0)                          0.12       4.77 r
  U407/ZN (INVD0)                           0.04       4.81 f
  U480/ZN (OAI22D0)                         0.09       4.90 r
  result[0] (out)                           0.00       4.90 r
  data arrival time                                    4.90

  clock vclk (rise edge)                   10.00      10.00
  clock network delay (ideal)               0.00      10.00
  output external delay                    -0.02       9.98
  data required time                                   9.98
  ------------------------------------------------------------
  data required time                                   9.98
  data arrival time                                   -4.90
  ------------------------------------------------------------
  slack (MET)                                          5.08


  Startpoint: x[3] (input port clocked by vclk)
  Endpoint: result[22] (output port clocked by vclk)
  Path Group: vclk
  Path Type: max

  Des/Clust/Port     Wire Load Model       Library
  ------------------------------------------------
  oadm_fixed_l2_opt  ZeroWireload          tcbn65gplustc_ccs

  Point                                     Incr       Path
  ------------------------------------------------------------
  clock vclk (rise edge)                    0.00       0.00
  clock network delay (ideal)               0.00       0.00
  input external delay                      0.02       0.02 f
  x[3] (in)                                 0.00       0.02 f
  U225/ZN (INVD0)                           0.04       0.06 r
  U226/ZN (INVD0)                           0.04       0.10 f
  U901/ZN (CKND2D0)                         0.04       0.14 r
  U894/Z (OR3D0)                            0.04       0.18 r
  U893/ZN (OAI31D0)                         0.04       0.22 f
  U784/ZN (CKND2D0)                         0.03       0.25 r
  U891/Z (AO21D0)                           0.04       0.29 r
  U789/ZN (IND3D0)                          0.04       0.34 f
  U793/ZN (CKND2D0)                         0.03       0.37 r
  U887/Z (AO21D0)                           0.04       0.41 r
  U798/ZN (IND3D0)                          0.04       0.45 f
  U802/ZN (CKND2D0)                         0.03       0.48 r
  U886/Z (AO21D0)                           0.04       0.52 r
  U807/ZN (IND3D0)                          0.04       0.57 f
  U811/ZN (CKND2D0)                         0.03       0.60 r
  U884/Z (AO21D0)                           0.04       0.64 r
  U816/ZN (IND3D0)                          0.04       0.68 f
  U820/ZN (CKND2D0)                         0.03       0.71 r
  U878/Z (AO21D0)                           0.04       0.75 r
  U825/ZN (IND3D0)                          0.04       0.80 f
  U829/ZN (CKND2D0)                         0.03       0.83 r
  U877/Z (AO21D0)                           0.04       0.87 r
  U834/ZN (IND3D0)                          0.04       0.91 f
  U838/ZN (CKND2D0)                         0.03       0.94 r
  U875/Z (AO21D0)                           0.04       0.98 r
  U843/ZN (IND3D0)                          0.04       1.03 f
  U847/ZN (CKND2D0)                         0.03       1.06 r
  U869/Z (AO21D0)                           0.04       1.10 r
  U852/ZN (IND3D0)                          0.04       1.14 f
  U856/ZN (CKND2D0)                         0.03       1.17 r
  U868/Z (AO21D0)                           0.04       1.21 r
  U861/ZN (IND3D0)                          0.04       1.26 f
  U865/ZN (CKND2D0)                         0.03       1.29 r
  U866/Z (AO21D0)                           0.04       1.33 r
  U870/ZN (IND3D0)                          0.04       1.37 f
  U874/ZN (CKND2D0)                         0.03       1.40 r
  U860/Z (AO21D0)                           0.04       1.44 r
  U879/ZN (IND3D0)                          0.04       1.49 f
  U883/ZN (CKND2D0)                         0.03       1.52 r
  U851/Z (AO21D0)                           0.04       1.56 r
  U888/ZN (IND3D0)                          0.04       1.60 f
  U890/ZN (CKND2D0)                         0.03       1.63 r
  U850/Z (AO21D0)                           0.04       1.67 r
  U895/ZN (IND3D0)                          0.04       1.72 f
  U897/ZN (CKND2D0)                         0.03       1.75 r
  U848/Z (AO21D0)                           0.04       1.79 r
  U902/ZN (IND3D0)                          0.04       1.83 f
  U905/ZN (CKND2D0)                         0.03       1.86 r
  U841/Z (AO21D0)                           0.04       1.90 r
  U910/ZN (IND3D0)                          0.04       1.95 f
  U911/ZN (XNR2D0)                          0.08       2.02 r
  U796/Z (CKXOR2D0)                         0.06       2.09 r
  DP_OP_120J1_126_8883_U132/CO (FA1D0)      0.08       2.17 r
  DP_OP_120J1_126_8883_U131/S (FA1D0)       0.08       2.25 r
  DP_OP_120J1_126_8883_U73/CO (FA1D0)       0.08       2.33 r
  DP_OP_120J1_126_8883_U72/S (FA1D0)        0.07       2.40 r
  U402/ZN (XNR2D0)                          0.08       2.49 f
  U659/ZN (CKND2D0)                         0.05       2.53 r
  U1133/ZN (XNR3D0)                         0.09       2.62 r
  U1134/ZN (XNR3D0)                         0.07       2.69 f
  intadd_0_U12/CO (FA1D0)                   0.10       2.79 f
  intadd_0_U11/CO (FA1D0)                   0.06       2.85 f
  intadd_0_U10/CO (FA1D0)                   0.06       2.91 f
  intadd_0_U9/CO (FA1D0)                    0.06       2.96 f
  intadd_0_U8/CO (FA1D0)                    0.06       3.02 f
  intadd_0_U7/CO (FA1D0)                    0.06       3.07 f
  intadd_0_U6/CO (FA1D0)                    0.06       3.13 f
  intadd_0_U5/CO (FA1D0)                    0.06       3.18 f
  intadd_0_U4/CO (FA1D0)                    0.06       3.24 f
  intadd_0_U3/CO (FA1D0)                    0.06       3.29 f
  intadd_0_U2/CO (FA1D0)                    0.06       3.35 f
  U324/ZN (MAOI222D0)                       0.06       3.41 r
  U323/ZN (XNR3D0)                          0.08       3.49 f
  U341/ZN (OAI21D0)                         0.08       3.57 r
  U351/ZN (CKND2D0)                         0.06       3.62 f
  U358/ZN (CKND2D0)                         0.15       3.77 r
  U1270/Z (XOR2D0)                          0.07       3.84 f
  DP_OP_109J1_128_5167_U11/CO (FA1D0)       0.06       3.90 f
  DP_OP_109J1_128_5167_U10/CO (FA1D0)       0.06       3.95 f
  DP_OP_109J1_128_5167_U9/CO (FA1D0)        0.06       4.01 f
  DP_OP_109J1_128_5167_U8/CO (FA1D0)        0.06       4.07 f
  DP_OP_109J1_128_5167_U7/CO (FA1D0)        0.06       4.12 f
  DP_OP_109J1_128_5167_U6/CO (FA1D0)        0.06       4.18 f
  DP_OP_109J1_128_5167_U5/CO (FA1D0)        0.06       4.23 f
  DP_OP_109J1_128_5167_U4/CO (FA1D0)        0.06       4.29 f
  DP_OP_109J1_128_5167_U3/S (FA1D0)         0.07       4.35 r
  U377/ZN (CKND2D0)                         0.02       4.37 f
  U378/ZN (IOA21D0)                         0.03       4.41 r
  U385/ZN (NR3D0)                           0.02       4.43 f
  U397/ZN (AOI211XD0)                       0.08       4.51 r
  U398/ZN (INVD0)                           0.05       4.56 f
  U289/ZN (NR3D0)                           0.04       4.60 r
  U260/ZN (CKND0)                           0.04       4.64 f
  U415/ZN (NR2XD0)                          0.12       4.77 r
  U421/ZN (INVD0)                           0.04       4.81 f
  U527/ZN (OAI21D0)                         0.08       4.89 r
  result[22] (out)                          0.00       4.89 r
  data arrival time                                    4.89

  clock vclk (rise edge)                   10.00      10.00
  clock network delay (ideal)               0.00      10.00
  output external delay                    -0.02       9.98
  data required time                                   9.98
  ------------------------------------------------------------
  data required time                                   9.98
  data arrival time                                   -4.89
  ------------------------------------------------------------
  slack (MET)                                          5.09


  Startpoint: x[3] (input port clocked by vclk)
  Endpoint: result[18] (output port clocked by vclk)
  Path Group: vclk
  Path Type: max

  Des/Clust/Port     Wire Load Model       Library
  ------------------------------------------------
  oadm_fixed_l2_opt  ZeroWireload          tcbn65gplustc_ccs

  Point                                     Incr       Path
  ------------------------------------------------------------
  clock vclk (rise edge)                    0.00       0.00
  clock network delay (ideal)               0.00       0.00
  input external delay                      0.02       0.02 f
  x[3] (in)                                 0.00       0.02 f
  U225/ZN (INVD0)                           0.04       0.06 r
  U226/ZN (INVD0)                           0.04       0.10 f
  U901/ZN (CKND2D0)                         0.04       0.14 r
  U894/Z (OR3D0)                            0.04       0.18 r
  U893/ZN (OAI31D0)                         0.04       0.22 f
  U784/ZN (CKND2D0)                         0.03       0.25 r
  U891/Z (AO21D0)                           0.04       0.29 r
  U789/ZN (IND3D0)                          0.04       0.34 f
  U793/ZN (CKND2D0)                         0.03       0.37 r
  U887/Z (AO21D0)                           0.04       0.41 r
  U798/ZN (IND3D0)                          0.04       0.45 f
  U802/ZN (CKND2D0)                         0.03       0.48 r
  U886/Z (AO21D0)                           0.04       0.52 r
  U807/ZN (IND3D0)                          0.04       0.57 f
  U811/ZN (CKND2D0)                         0.03       0.60 r
  U884/Z (AO21D0)                           0.04       0.64 r
  U816/ZN (IND3D0)                          0.04       0.68 f
  U820/ZN (CKND2D0)                         0.03       0.71 r
  U878/Z (AO21D0)                           0.04       0.75 r
  U825/ZN (IND3D0)                          0.04       0.80 f
  U829/ZN (CKND2D0)                         0.03       0.83 r
  U877/Z (AO21D0)                           0.04       0.87 r
  U834/ZN (IND3D0)                          0.04       0.91 f
  U838/ZN (CKND2D0)                         0.03       0.94 r
  U875/Z (AO21D0)                           0.04       0.98 r
  U843/ZN (IND3D0)                          0.04       1.03 f
  U847/ZN (CKND2D0)                         0.03       1.06 r
  U869/Z (AO21D0)                           0.04       1.10 r
  U852/ZN (IND3D0)                          0.04       1.14 f
  U856/ZN (CKND2D0)                         0.03       1.17 r
  U868/Z (AO21D0)                           0.04       1.21 r
  U861/ZN (IND3D0)                          0.04       1.26 f
  U865/ZN (CKND2D0)                         0.03       1.29 r
  U866/Z (AO21D0)                           0.04       1.33 r
  U870/ZN (IND3D0)                          0.04       1.37 f
  U874/ZN (CKND2D0)                         0.03       1.40 r
  U860/Z (AO21D0)                           0.04       1.44 r
  U879/ZN (IND3D0)                          0.04       1.49 f
  U883/ZN (CKND2D0)                         0.03       1.52 r
  U851/Z (AO21D0)                           0.04       1.56 r
  U888/ZN (IND3D0)                          0.04       1.60 f
  U890/ZN (CKND2D0)                         0.03       1.63 r
  U850/Z (AO21D0)                           0.04       1.67 r
  U895/ZN (IND3D0)                          0.04       1.72 f
  U897/ZN (CKND2D0)                         0.03       1.75 r
  U848/Z (AO21D0)                           0.04       1.79 r
  U902/ZN (IND3D0)                          0.04       1.83 f
  U905/ZN (CKND2D0)                         0.03       1.86 r
  U841/Z (AO21D0)                           0.04       1.90 r
  U910/ZN (IND3D0)                          0.04       1.95 f
  U911/ZN (XNR2D0)                          0.08       2.02 r
  U796/Z (CKXOR2D0)                         0.06       2.09 r
  DP_OP_120J1_126_8883_U132/CO (FA1D0)      0.08       2.17 r
  DP_OP_120J1_126_8883_U131/S (FA1D0)       0.08       2.25 r
  DP_OP_120J1_126_8883_U73/CO (FA1D0)       0.08       2.33 r
  DP_OP_120J1_126_8883_U72/S (FA1D0)        0.07       2.40 r
  U402/ZN (XNR2D0)                          0.08       2.49 f
  U659/ZN (CKND2D0)                         0.05       2.53 r
  U1133/ZN (XNR3D0)                         0.09       2.62 r
  U1134/ZN (XNR3D0)                         0.07       2.69 f
  intadd_0_U12/CO (FA1D0)                   0.10       2.79 f
  intadd_0_U11/CO (FA1D0)                   0.06       2.85 f
  intadd_0_U10/CO (FA1D0)                   0.06       2.91 f
  intadd_0_U9/CO (FA1D0)                    0.06       2.96 f
  intadd_0_U8/CO (FA1D0)                    0.06       3.02 f
  intadd_0_U7/CO (FA1D0)                    0.06       3.07 f
  intadd_0_U6/CO (FA1D0)                    0.06       3.13 f
  intadd_0_U5/CO (FA1D0)                    0.06       3.18 f
  intadd_0_U4/CO (FA1D0)                    0.06       3.24 f
  intadd_0_U3/CO (FA1D0)                    0.06       3.29 f
  intadd_0_U2/CO (FA1D0)                    0.06       3.35 f
  U324/ZN (MAOI222D0)                       0.06       3.41 r
  U323/ZN (XNR3D0)                          0.08       3.49 f
  U341/ZN (OAI21D0)                         0.08       3.57 r
  U351/ZN (CKND2D0)                         0.06       3.62 f
  U358/ZN (CKND2D0)                         0.15       3.77 r
  U1270/Z (XOR2D0)                          0.07       3.84 f
  DP_OP_109J1_128_5167_U11/CO (FA1D0)       0.06       3.90 f
  DP_OP_109J1_128_5167_U10/CO (FA1D0)       0.06       3.95 f
  DP_OP_109J1_128_5167_U9/CO (FA1D0)        0.06       4.01 f
  DP_OP_109J1_128_5167_U8/CO (FA1D0)        0.06       4.07 f
  DP_OP_109J1_128_5167_U7/CO (FA1D0)        0.06       4.12 f
  DP_OP_109J1_128_5167_U6/CO (FA1D0)        0.06       4.18 f
  DP_OP_109J1_128_5167_U5/CO (FA1D0)        0.06       4.23 f
  DP_OP_109J1_128_5167_U4/CO (FA1D0)        0.06       4.29 f
  DP_OP_109J1_128_5167_U3/S (FA1D0)         0.07       4.35 r
  U377/ZN (CKND2D0)                         0.02       4.37 f
  U378/ZN (IOA21D0)                         0.03       4.41 r
  U385/ZN (NR3D0)                           0.02       4.43 f
  U397/ZN (AOI211XD0)                       0.08       4.51 r
  U398/ZN (INVD0)                           0.05       4.56 f
  U289/ZN (NR3D0)                           0.04       4.60 r
  U260/ZN (CKND0)                           0.04       4.64 f
  U400/ZN (NR2XD0)                          0.12       4.77 r
  U574/ZN (AOI22D0)                         0.05       4.82 f
  U579/ZN (CKND2D0)                         0.06       4.88 r
  result[18] (out)                          0.00       4.88 r
  data arrival time                                    4.88

  clock vclk (rise edge)                   10.00      10.00
  clock network delay (ideal)               0.00      10.00
  output external delay                    -0.02       9.98
  data required time                                   9.98
  ------------------------------------------------------------
  data required time                                   9.98
  data arrival time                                   -4.88
  ------------------------------------------------------------
  slack (MET)                                          5.10


  Startpoint: x[3] (input port clocked by vclk)
  Endpoint: result[17] (output port clocked by vclk)
  Path Group: vclk
  Path Type: max

  Des/Clust/Port     Wire Load Model       Library
  ------------------------------------------------
  oadm_fixed_l2_opt  ZeroWireload          tcbn65gplustc_ccs

  Point                                     Incr       Path
  ------------------------------------------------------------
  clock vclk (rise edge)                    0.00       0.00
  clock network delay (ideal)               0.00       0.00
  input external delay                      0.02       0.02 f
  x[3] (in)                                 0.00       0.02 f
  U225/ZN (INVD0)                           0.04       0.06 r
  U226/ZN (INVD0)                           0.04       0.10 f
  U901/ZN (CKND2D0)                         0.04       0.14 r
  U894/Z (OR3D0)                            0.04       0.18 r
  U893/ZN (OAI31D0)                         0.04       0.22 f
  U784/ZN (CKND2D0)                         0.03       0.25 r
  U891/Z (AO21D0)                           0.04       0.29 r
  U789/ZN (IND3D0)                          0.04       0.34 f
  U793/ZN (CKND2D0)                         0.03       0.37 r
  U887/Z (AO21D0)                           0.04       0.41 r
  U798/ZN (IND3D0)                          0.04       0.45 f
  U802/ZN (CKND2D0)                         0.03       0.48 r
  U886/Z (AO21D0)                           0.04       0.52 r
  U807/ZN (IND3D0)                          0.04       0.57 f
  U811/ZN (CKND2D0)                         0.03       0.60 r
  U884/Z (AO21D0)                           0.04       0.64 r
  U816/ZN (IND3D0)                          0.04       0.68 f
  U820/ZN (CKND2D0)                         0.03       0.71 r
  U878/Z (AO21D0)                           0.04       0.75 r
  U825/ZN (IND3D0)                          0.04       0.80 f
  U829/ZN (CKND2D0)                         0.03       0.83 r
  U877/Z (AO21D0)                           0.04       0.87 r
  U834/ZN (IND3D0)                          0.04       0.91 f
  U838/ZN (CKND2D0)                         0.03       0.94 r
  U875/Z (AO21D0)                           0.04       0.98 r
  U843/ZN (IND3D0)                          0.04       1.03 f
  U847/ZN (CKND2D0)                         0.03       1.06 r
  U869/Z (AO21D0)                           0.04       1.10 r
  U852/ZN (IND3D0)                          0.04       1.14 f
  U856/ZN (CKND2D0)                         0.03       1.17 r
  U868/Z (AO21D0)                           0.04       1.21 r
  U861/ZN (IND3D0)                          0.04       1.26 f
  U865/ZN (CKND2D0)                         0.03       1.29 r
  U866/Z (AO21D0)                           0.04       1.33 r
  U870/ZN (IND3D0)                          0.04       1.37 f
  U874/ZN (CKND2D0)                         0.03       1.40 r
  U860/Z (AO21D0)                           0.04       1.44 r
  U879/ZN (IND3D0)                          0.04       1.49 f
  U883/ZN (CKND2D0)                         0.03       1.52 r
  U851/Z (AO21D0)                           0.04       1.56 r
  U888/ZN (IND3D0)                          0.04       1.60 f
  U890/ZN (CKND2D0)                         0.03       1.63 r
  U850/Z (AO21D0)                           0.04       1.67 r
  U895/ZN (IND3D0)                          0.04       1.72 f
  U897/ZN (CKND2D0)                         0.03       1.75 r
  U848/Z (AO21D0)                           0.04       1.79 r
  U902/ZN (IND3D0)                          0.04       1.83 f
  U905/ZN (CKND2D0)                         0.03       1.86 r
  U841/Z (AO21D0)                           0.04       1.90 r
  U910/ZN (IND3D0)                          0.04       1.95 f
  U911/ZN (XNR2D0)                          0.08       2.02 r
  U796/Z (CKXOR2D0)                         0.06       2.09 r
  DP_OP_120J1_126_8883_U132/CO (FA1D0)      0.08       2.17 r
  DP_OP_120J1_126_8883_U131/S (FA1D0)       0.08       2.25 r
  DP_OP_120J1_126_8883_U73/CO (FA1D0)       0.08       2.33 r
  DP_OP_120J1_126_8883_U72/S (FA1D0)        0.07       2.40 r
  U402/ZN (XNR2D0)                          0.08       2.49 f
  U659/ZN (CKND2D0)                         0.05       2.53 r
  U1133/ZN (XNR3D0)                         0.09       2.62 r
  U1134/ZN (XNR3D0)                         0.07       2.69 f
  intadd_0_U12/CO (FA1D0)                   0.10       2.79 f
  intadd_0_U11/CO (FA1D0)                   0.06       2.85 f
  intadd_0_U10/CO (FA1D0)                   0.06       2.91 f
  intadd_0_U9/CO (FA1D0)                    0.06       2.96 f
  intadd_0_U8/CO (FA1D0)                    0.06       3.02 f
  intadd_0_U7/CO (FA1D0)                    0.06       3.07 f
  intadd_0_U6/CO (FA1D0)                    0.06       3.13 f
  intadd_0_U5/CO (FA1D0)                    0.06       3.18 f
  intadd_0_U4/CO (FA1D0)                    0.06       3.24 f
  intadd_0_U3/CO (FA1D0)                    0.06       3.29 f
  intadd_0_U2/CO (FA1D0)                    0.06       3.35 f
  U324/ZN (MAOI222D0)                       0.06       3.41 r
  U323/ZN (XNR3D0)                          0.08       3.49 f
  U341/ZN (OAI21D0)                         0.08       3.57 r
  U351/ZN (CKND2D0)                         0.06       3.62 f
  U358/ZN (CKND2D0)                         0.15       3.77 r
  U1270/Z (XOR2D0)                          0.07       3.84 f
  DP_OP_109J1_128_5167_U11/CO (FA1D0)       0.06       3.90 f
  DP_OP_109J1_128_5167_U10/CO (FA1D0)       0.06       3.95 f
  DP_OP_109J1_128_5167_U9/CO (FA1D0)        0.06       4.01 f
  DP_OP_109J1_128_5167_U8/CO (FA1D0)        0.06       4.07 f
  DP_OP_109J1_128_5167_U7/CO (FA1D0)        0.06       4.12 f
  DP_OP_109J1_128_5167_U6/CO (FA1D0)        0.06       4.18 f
  DP_OP_109J1_128_5167_U5/CO (FA1D0)        0.06       4.23 f
  DP_OP_109J1_128_5167_U4/CO (FA1D0)        0.06       4.29 f
  DP_OP_109J1_128_5167_U3/S (FA1D0)         0.07       4.35 r
  U377/ZN (CKND2D0)                         0.02       4.37 f
  U378/ZN (IOA21D0)                         0.03       4.41 r
  U385/ZN (NR3D0)                           0.02       4.43 f
  U397/ZN (AOI211XD0)                       0.08       4.51 r
  U398/ZN (INVD0)                           0.05       4.56 f
  U289/ZN (NR3D0)                           0.04       4.60 r
  U260/ZN (CKND0)                           0.04       4.64 f
  U400/ZN (NR2XD0)                          0.12       4.77 r
  U588/ZN (AOI22D0)                         0.05       4.82 f
  U590/ZN (CKND2D0)                         0.06       4.88 r
  result[17] (out)                          0.00       4.88 r
  data arrival time                                    4.88

  clock vclk (rise edge)                   10.00      10.00
  clock network delay (ideal)               0.00      10.00
  output external delay                    -0.02       9.98
  data required time                                   9.98
  ------------------------------------------------------------
  data required time                                   9.98
  data arrival time                                   -4.88
  ------------------------------------------------------------
  slack (MET)                                          5.10


  Startpoint: x[3] (input port clocked by vclk)
  Endpoint: result[16] (output port clocked by vclk)
  Path Group: vclk
  Path Type: max

  Des/Clust/Port     Wire Load Model       Library
  ------------------------------------------------
  oadm_fixed_l2_opt  ZeroWireload          tcbn65gplustc_ccs

  Point                                     Incr       Path
  ------------------------------------------------------------
  clock vclk (rise edge)                    0.00       0.00
  clock network delay (ideal)               0.00       0.00
  input external delay                      0.02       0.02 f
  x[3] (in)                                 0.00       0.02 f
  U225/ZN (INVD0)                           0.04       0.06 r
  U226/ZN (INVD0)                           0.04       0.10 f
  U901/ZN (CKND2D0)                         0.04       0.14 r
  U894/Z (OR3D0)                            0.04       0.18 r
  U893/ZN (OAI31D0)                         0.04       0.22 f
  U784/ZN (CKND2D0)                         0.03       0.25 r
  U891/Z (AO21D0)                           0.04       0.29 r
  U789/ZN (IND3D0)                          0.04       0.34 f
  U793/ZN (CKND2D0)                         0.03       0.37 r
  U887/Z (AO21D0)                           0.04       0.41 r
  U798/ZN (IND3D0)                          0.04       0.45 f
  U802/ZN (CKND2D0)                         0.03       0.48 r
  U886/Z (AO21D0)                           0.04       0.52 r
  U807/ZN (IND3D0)                          0.04       0.57 f
  U811/ZN (CKND2D0)                         0.03       0.60 r
  U884/Z (AO21D0)                           0.04       0.64 r
  U816/ZN (IND3D0)                          0.04       0.68 f
  U820/ZN (CKND2D0)                         0.03       0.71 r
  U878/Z (AO21D0)                           0.04       0.75 r
  U825/ZN (IND3D0)                          0.04       0.80 f
  U829/ZN (CKND2D0)                         0.03       0.83 r
  U877/Z (AO21D0)                           0.04       0.87 r
  U834/ZN (IND3D0)                          0.04       0.91 f
  U838/ZN (CKND2D0)                         0.03       0.94 r
  U875/Z (AO21D0)                           0.04       0.98 r
  U843/ZN (IND3D0)                          0.04       1.03 f
  U847/ZN (CKND2D0)                         0.03       1.06 r
  U869/Z (AO21D0)                           0.04       1.10 r
  U852/ZN (IND3D0)                          0.04       1.14 f
  U856/ZN (CKND2D0)                         0.03       1.17 r
  U868/Z (AO21D0)                           0.04       1.21 r
  U861/ZN (IND3D0)                          0.04       1.26 f
  U865/ZN (CKND2D0)                         0.03       1.29 r
  U866/Z (AO21D0)                           0.04       1.33 r
  U870/ZN (IND3D0)                          0.04       1.37 f
  U874/ZN (CKND2D0)                         0.03       1.40 r
  U860/Z (AO21D0)                           0.04       1.44 r
  U879/ZN (IND3D0)                          0.04       1.49 f
  U883/ZN (CKND2D0)                         0.03       1.52 r
  U851/Z (AO21D0)                           0.04       1.56 r
  U888/ZN (IND3D0)                          0.04       1.60 f
  U890/ZN (CKND2D0)                         0.03       1.63 r
  U850/Z (AO21D0)                           0.04       1.67 r
  U895/ZN (IND3D0)                          0.04       1.72 f
  U897/ZN (CKND2D0)                         0.03       1.75 r
  U848/Z (AO21D0)                           0.04       1.79 r
  U902/ZN (IND3D0)                          0.04       1.83 f
  U905/ZN (CKND2D0)                         0.03       1.86 r
  U841/Z (AO21D0)                           0.04       1.90 r
  U910/ZN (IND3D0)                          0.04       1.95 f
  U911/ZN (XNR2D0)                          0.08       2.02 r
  U796/Z (CKXOR2D0)                         0.06       2.09 r
  DP_OP_120J1_126_8883_U132/CO (FA1D0)      0.08       2.17 r
  DP_OP_120J1_126_8883_U131/S (FA1D0)       0.08       2.25 r
  DP_OP_120J1_126_8883_U73/CO (FA1D0)       0.08       2.33 r
  DP_OP_120J1_126_8883_U72/S (FA1D0)        0.07       2.40 r
  U402/ZN (XNR2D0)                          0.08       2.49 f
  U659/ZN (CKND2D0)                         0.05       2.53 r
  U1133/ZN (XNR3D0)                         0.09       2.62 r
  U1134/ZN (XNR3D0)                         0.07       2.69 f
  intadd_0_U12/CO (FA1D0)                   0.10       2.79 f
  intadd_0_U11/CO (FA1D0)                   0.06       2.85 f
  intadd_0_U10/CO (FA1D0)                   0.06       2.91 f
  intadd_0_U9/CO (FA1D0)                    0.06       2.96 f
  intadd_0_U8/CO (FA1D0)                    0.06       3.02 f
  intadd_0_U7/CO (FA1D0)                    0.06       3.07 f
  intadd_0_U6/CO (FA1D0)                    0.06       3.13 f
  intadd_0_U5/CO (FA1D0)                    0.06       3.18 f
  intadd_0_U4/CO (FA1D0)                    0.06       3.24 f
  intadd_0_U3/CO (FA1D0)                    0.06       3.29 f
  intadd_0_U2/CO (FA1D0)                    0.06       3.35 f
  U324/ZN (MAOI222D0)                       0.06       3.41 r
  U323/ZN (XNR3D0)                          0.08       3.49 f
  U341/ZN (OAI21D0)                         0.08       3.57 r
  U351/ZN (CKND2D0)                         0.06       3.62 f
  U358/ZN (CKND2D0)                         0.15       3.77 r
  U1270/Z (XOR2D0)                          0.07       3.84 f
  DP_OP_109J1_128_5167_U11/CO (FA1D0)       0.06       3.90 f
  DP_OP_109J1_128_5167_U10/CO (FA1D0)       0.06       3.95 f
  DP_OP_109J1_128_5167_U9/CO (FA1D0)        0.06       4.01 f
  DP_OP_109J1_128_5167_U8/CO (FA1D0)        0.06       4.07 f
  DP_OP_109J1_128_5167_U7/CO (FA1D0)        0.06       4.12 f
  DP_OP_109J1_128_5167_U6/CO (FA1D0)        0.06       4.18 f
  DP_OP_109J1_128_5167_U5/CO (FA1D0)        0.06       4.23 f
  DP_OP_109J1_128_5167_U4/CO (FA1D0)        0.06       4.29 f
  DP_OP_109J1_128_5167_U3/S (FA1D0)         0.07       4.35 r
  U377/ZN (CKND2D0)                         0.02       4.37 f
  U378/ZN (IOA21D0)                         0.03       4.41 r
  U385/ZN (NR3D0)                           0.02       4.43 f
  U397/ZN (AOI211XD0)                       0.08       4.51 r
  U398/ZN (INVD0)                           0.05       4.56 f
  U289/ZN (NR3D0)                           0.04       4.60 r
  U260/ZN (CKND0)                           0.04       4.64 f
  U400/ZN (NR2XD0)                          0.12       4.77 r
  U565/ZN (AOI22D0)                         0.05       4.82 f
  U570/ZN (CKND2D0)                         0.06       4.88 r
  result[16] (out)                          0.00       4.88 r
  data arrival time                                    4.88

  clock vclk (rise edge)                   10.00      10.00
  clock network delay (ideal)               0.00      10.00
  output external delay                    -0.02       9.98
  data required time                                   9.98
  ------------------------------------------------------------
  data required time                                   9.98
  data arrival time                                   -4.88
  ------------------------------------------------------------
  slack (MET)                                          5.10


  Startpoint: x[3] (input port clocked by vclk)
  Endpoint: result[15] (output port clocked by vclk)
  Path Group: vclk
  Path Type: max

  Des/Clust/Port     Wire Load Model       Library
  ------------------------------------------------
  oadm_fixed_l2_opt  ZeroWireload          tcbn65gplustc_ccs

  Point                                     Incr       Path
  ------------------------------------------------------------
  clock vclk (rise edge)                    0.00       0.00
  clock network delay (ideal)               0.00       0.00
  input external delay                      0.02       0.02 f
  x[3] (in)                                 0.00       0.02 f
  U225/ZN (INVD0)                           0.04       0.06 r
  U226/ZN (INVD0)                           0.04       0.10 f
  U901/ZN (CKND2D0)                         0.04       0.14 r
  U894/Z (OR3D0)                            0.04       0.18 r
  U893/ZN (OAI31D0)                         0.04       0.22 f
  U784/ZN (CKND2D0)                         0.03       0.25 r
  U891/Z (AO21D0)                           0.04       0.29 r
  U789/ZN (IND3D0)                          0.04       0.34 f
  U793/ZN (CKND2D0)                         0.03       0.37 r
  U887/Z (AO21D0)                           0.04       0.41 r
  U798/ZN (IND3D0)                          0.04       0.45 f
  U802/ZN (CKND2D0)                         0.03       0.48 r
  U886/Z (AO21D0)                           0.04       0.52 r
  U807/ZN (IND3D0)                          0.04       0.57 f
  U811/ZN (CKND2D0)                         0.03       0.60 r
  U884/Z (AO21D0)                           0.04       0.64 r
  U816/ZN (IND3D0)                          0.04       0.68 f
  U820/ZN (CKND2D0)                         0.03       0.71 r
  U878/Z (AO21D0)                           0.04       0.75 r
  U825/ZN (IND3D0)                          0.04       0.80 f
  U829/ZN (CKND2D0)                         0.03       0.83 r
  U877/Z (AO21D0)                           0.04       0.87 r
  U834/ZN (IND3D0)                          0.04       0.91 f
  U838/ZN (CKND2D0)                         0.03       0.94 r
  U875/Z (AO21D0)                           0.04       0.98 r
  U843/ZN (IND3D0)                          0.04       1.03 f
  U847/ZN (CKND2D0)                         0.03       1.06 r
  U869/Z (AO21D0)                           0.04       1.10 r
  U852/ZN (IND3D0)                          0.04       1.14 f
  U856/ZN (CKND2D0)                         0.03       1.17 r
  U868/Z (AO21D0)                           0.04       1.21 r
  U861/ZN (IND3D0)                          0.04       1.26 f
  U865/ZN (CKND2D0)                         0.03       1.29 r
  U866/Z (AO21D0)                           0.04       1.33 r
  U870/ZN (IND3D0)                          0.04       1.37 f
  U874/ZN (CKND2D0)                         0.03       1.40 r
  U860/Z (AO21D0)                           0.04       1.44 r
  U879/ZN (IND3D0)                          0.04       1.49 f
  U883/ZN (CKND2D0)                         0.03       1.52 r
  U851/Z (AO21D0)                           0.04       1.56 r
  U888/ZN (IND3D0)                          0.04       1.60 f
  U890/ZN (CKND2D0)                         0.03       1.63 r
  U850/Z (AO21D0)                           0.04       1.67 r
  U895/ZN (IND3D0)                          0.04       1.72 f
  U897/ZN (CKND2D0)                         0.03       1.75 r
  U848/Z (AO21D0)                           0.04       1.79 r
  U902/ZN (IND3D0)                          0.04       1.83 f
  U905/ZN (CKND2D0)                         0.03       1.86 r
  U841/Z (AO21D0)                           0.04       1.90 r
  U910/ZN (IND3D0)                          0.04       1.95 f
  U911/ZN (XNR2D0)                          0.08       2.02 r
  U796/Z (CKXOR2D0)                         0.06       2.09 r
  DP_OP_120J1_126_8883_U132/CO (FA1D0)      0.08       2.17 r
  DP_OP_120J1_126_8883_U131/S (FA1D0)       0.08       2.25 r
  DP_OP_120J1_126_8883_U73/CO (FA1D0)       0.08       2.33 r
  DP_OP_120J1_126_8883_U72/S (FA1D0)        0.07       2.40 r
  U402/ZN (XNR2D0)                          0.08       2.49 f
  U659/ZN (CKND2D0)                         0.05       2.53 r
  U1133/ZN (XNR3D0)                         0.09       2.62 r
  U1134/ZN (XNR3D0)                         0.07       2.69 f
  intadd_0_U12/CO (FA1D0)                   0.10       2.79 f
  intadd_0_U11/CO (FA1D0)                   0.06       2.85 f
  intadd_0_U10/CO (FA1D0)                   0.06       2.91 f
  intadd_0_U9/CO (FA1D0)                    0.06       2.96 f
  intadd_0_U8/CO (FA1D0)                    0.06       3.02 f
  intadd_0_U7/CO (FA1D0)                    0.06       3.07 f
  intadd_0_U6/CO (FA1D0)                    0.06       3.13 f
  intadd_0_U5/CO (FA1D0)                    0.06       3.18 f
  intadd_0_U4/CO (FA1D0)                    0.06       3.24 f
  intadd_0_U3/CO (FA1D0)                    0.06       3.29 f
  intadd_0_U2/CO (FA1D0)                    0.06       3.35 f
  U324/ZN (MAOI222D0)                       0.06       3.41 r
  U323/ZN (XNR3D0)                          0.08       3.49 f
  U341/ZN (OAI21D0)                         0.08       3.57 r
  U351/ZN (CKND2D0)                         0.06       3.62 f
  U358/ZN (CKND2D0)                         0.15       3.77 r
  U1270/Z (XOR2D0)                          0.07       3.84 f
  DP_OP_109J1_128_5167_U11/CO (FA1D0)       0.06       3.90 f
  DP_OP_109J1_128_5167_U10/CO (FA1D0)       0.06       3.95 f
  DP_OP_109J1_128_5167_U9/CO (FA1D0)        0.06       4.01 f
  DP_OP_109J1_128_5167_U8/CO (FA1D0)        0.06       4.07 f
  DP_OP_109J1_128_5167_U7/CO (FA1D0)        0.06       4.12 f
  DP_OP_109J1_128_5167_U6/CO (FA1D0)        0.06       4.18 f
  DP_OP_109J1_128_5167_U5/CO (FA1D0)        0.06       4.23 f
  DP_OP_109J1_128_5167_U4/CO (FA1D0)        0.06       4.29 f
  DP_OP_109J1_128_5167_U3/S (FA1D0)         0.07       4.35 r
  U377/ZN (CKND2D0)                         0.02       4.37 f
  U378/ZN (IOA21D0)                         0.03       4.41 r
  U385/ZN (NR3D0)                           0.02       4.43 f
  U397/ZN (AOI211XD0)                       0.08       4.51 r
  U398/ZN (INVD0)                           0.05       4.56 f
  U289/ZN (NR3D0)                           0.04       4.60 r
  U260/ZN (CKND0)                           0.04       4.64 f
  U400/ZN (NR2XD0)                          0.12       4.77 r
  U559/ZN (AOI22D0)                         0.05       4.82 f
  U564/ZN (CKND2D0)                         0.06       4.88 r
  result[15] (out)                          0.00       4.88 r
  data arrival time                                    4.88

  clock vclk (rise edge)                   10.00      10.00
  clock network delay (ideal)               0.00      10.00
  output external delay                    -0.02       9.98
  data required time                                   9.98
  ------------------------------------------------------------
  data required time                                   9.98
  data arrival time                                   -4.88
  ------------------------------------------------------------
  slack (MET)                                          5.10


  Startpoint: x[3] (input port clocked by vclk)
  Endpoint: result[14] (output port clocked by vclk)
  Path Group: vclk
  Path Type: max

  Des/Clust/Port     Wire Load Model       Library
  ------------------------------------------------
  oadm_fixed_l2_opt  ZeroWireload          tcbn65gplustc_ccs

  Point                                     Incr       Path
  ------------------------------------------------------------
  clock vclk (rise edge)                    0.00       0.00
  clock network delay (ideal)               0.00       0.00
  input external delay                      0.02       0.02 f
  x[3] (in)                                 0.00       0.02 f
  U225/ZN (INVD0)                           0.04       0.06 r
  U226/ZN (INVD0)                           0.04       0.10 f
  U901/ZN (CKND2D0)                         0.04       0.14 r
  U894/Z (OR3D0)                            0.04       0.18 r
  U893/ZN (OAI31D0)                         0.04       0.22 f
  U784/ZN (CKND2D0)                         0.03       0.25 r
  U891/Z (AO21D0)                           0.04       0.29 r
  U789/ZN (IND3D0)                          0.04       0.34 f
  U793/ZN (CKND2D0)                         0.03       0.37 r
  U887/Z (AO21D0)                           0.04       0.41 r
  U798/ZN (IND3D0)                          0.04       0.45 f
  U802/ZN (CKND2D0)                         0.03       0.48 r
  U886/Z (AO21D0)                           0.04       0.52 r
  U807/ZN (IND3D0)                          0.04       0.57 f
  U811/ZN (CKND2D0)                         0.03       0.60 r
  U884/Z (AO21D0)                           0.04       0.64 r
  U816/ZN (IND3D0)                          0.04       0.68 f
  U820/ZN (CKND2D0)                         0.03       0.71 r
  U878/Z (AO21D0)                           0.04       0.75 r
  U825/ZN (IND3D0)                          0.04       0.80 f
  U829/ZN (CKND2D0)                         0.03       0.83 r
  U877/Z (AO21D0)                           0.04       0.87 r
  U834/ZN (IND3D0)                          0.04       0.91 f
  U838/ZN (CKND2D0)                         0.03       0.94 r
  U875/Z (AO21D0)                           0.04       0.98 r
  U843/ZN (IND3D0)                          0.04       1.03 f
  U847/ZN (CKND2D0)                         0.03       1.06 r
  U869/Z (AO21D0)                           0.04       1.10 r
  U852/ZN (IND3D0)                          0.04       1.14 f
  U856/ZN (CKND2D0)                         0.03       1.17 r
  U868/Z (AO21D0)                           0.04       1.21 r
  U861/ZN (IND3D0)                          0.04       1.26 f
  U865/ZN (CKND2D0)                         0.03       1.29 r
  U866/Z (AO21D0)                           0.04       1.33 r
  U870/ZN (IND3D0)                          0.04       1.37 f
  U874/ZN (CKND2D0)                         0.03       1.40 r
  U860/Z (AO21D0)                           0.04       1.44 r
  U879/ZN (IND3D0)                          0.04       1.49 f
  U883/ZN (CKND2D0)                         0.03       1.52 r
  U851/Z (AO21D0)                           0.04       1.56 r
  U888/ZN (IND3D0)                          0.04       1.60 f
  U890/ZN (CKND2D0)                         0.03       1.63 r
  U850/Z (AO21D0)                           0.04       1.67 r
  U895/ZN (IND3D0)                          0.04       1.72 f
  U897/ZN (CKND2D0)                         0.03       1.75 r
  U848/Z (AO21D0)                           0.04       1.79 r
  U902/ZN (IND3D0)                          0.04       1.83 f
  U905/ZN (CKND2D0)                         0.03       1.86 r
  U841/Z (AO21D0)                           0.04       1.90 r
  U910/ZN (IND3D0)                          0.04       1.95 f
  U911/ZN (XNR2D0)                          0.08       2.02 r
  U796/Z (CKXOR2D0)                         0.06       2.09 r
  DP_OP_120J1_126_8883_U132/CO (FA1D0)      0.08       2.17 r
  DP_OP_120J1_126_8883_U131/S (FA1D0)       0.08       2.25 r
  DP_OP_120J1_126_8883_U73/CO (FA1D0)       0.08       2.33 r
  DP_OP_120J1_126_8883_U72/S (FA1D0)        0.07       2.40 r
  U402/ZN (XNR2D0)                          0.08       2.49 f
  U659/ZN (CKND2D0)                         0.05       2.53 r
  U1133/ZN (XNR3D0)                         0.09       2.62 r
  U1134/ZN (XNR3D0)                         0.07       2.69 f
  intadd_0_U12/CO (FA1D0)                   0.10       2.79 f
  intadd_0_U11/CO (FA1D0)                   0.06       2.85 f
  intadd_0_U10/CO (FA1D0)                   0.06       2.91 f
  intadd_0_U9/CO (FA1D0)                    0.06       2.96 f
  intadd_0_U8/CO (FA1D0)                    0.06       3.02 f
  intadd_0_U7/CO (FA1D0)                    0.06       3.07 f
  intadd_0_U6/CO (FA1D0)                    0.06       3.13 f
  intadd_0_U5/CO (FA1D0)                    0.06       3.18 f
  intadd_0_U4/CO (FA1D0)                    0.06       3.24 f
  intadd_0_U3/CO (FA1D0)                    0.06       3.29 f
  intadd_0_U2/CO (FA1D0)                    0.06       3.35 f
  U324/ZN (MAOI222D0)                       0.06       3.41 r
  U323/ZN (XNR3D0)                          0.08       3.49 f
  U341/ZN (OAI21D0)                         0.08       3.57 r
  U351/ZN (CKND2D0)                         0.06       3.62 f
  U358/ZN (CKND2D0)                         0.15       3.77 r
  U1270/Z (XOR2D0)                          0.07       3.84 f
  DP_OP_109J1_128_5167_U11/CO (FA1D0)       0.06       3.90 f
  DP_OP_109J1_128_5167_U10/CO (FA1D0)       0.06       3.95 f
  DP_OP_109J1_128_5167_U9/CO (FA1D0)        0.06       4.01 f
  DP_OP_109J1_128_5167_U8/CO (FA1D0)        0.06       4.07 f
  DP_OP_109J1_128_5167_U7/CO (FA1D0)        0.06       4.12 f
  DP_OP_109J1_128_5167_U6/CO (FA1D0)        0.06       4.18 f
  DP_OP_109J1_128_5167_U5/CO (FA1D0)        0.06       4.23 f
  DP_OP_109J1_128_5167_U4/CO (FA1D0)        0.06       4.29 f
  DP_OP_109J1_128_5167_U3/S (FA1D0)         0.07       4.35 r
  U377/ZN (CKND2D0)                         0.02       4.37 f
  U378/ZN (IOA21D0)                         0.03       4.41 r
  U385/ZN (NR3D0)                           0.02       4.43 f
  U397/ZN (AOI211XD0)                       0.08       4.51 r
  U398/ZN (INVD0)                           0.05       4.56 f
  U289/ZN (NR3D0)                           0.04       4.60 r
  U260/ZN (CKND0)                           0.04       4.64 f
  U400/ZN (NR2XD0)                          0.12       4.77 r
  U550/ZN (AOI22D0)                         0.05       4.82 f
  U558/ZN (CKND2D0)                         0.06       4.88 r
  result[14] (out)                          0.00       4.88 r
  data arrival time                                    4.88

  clock vclk (rise edge)                   10.00      10.00
  clock network delay (ideal)               0.00      10.00
  output external delay                    -0.02       9.98
  data required time                                   9.98
  ------------------------------------------------------------
  data required time                                   9.98
  data arrival time                                   -4.88
  ------------------------------------------------------------
  slack (MET)                                          5.10


  Startpoint: x[3] (input port clocked by vclk)
  Endpoint: result[13] (output port clocked by vclk)
  Path Group: vclk
  Path Type: max

  Des/Clust/Port     Wire Load Model       Library
  ------------------------------------------------
  oadm_fixed_l2_opt  ZeroWireload          tcbn65gplustc_ccs

  Point                                     Incr       Path
  ------------------------------------------------------------
  clock vclk (rise edge)                    0.00       0.00
  clock network delay (ideal)               0.00       0.00
  input external delay                      0.02       0.02 f
  x[3] (in)                                 0.00       0.02 f
  U225/ZN (INVD0)                           0.04       0.06 r
  U226/ZN (INVD0)                           0.04       0.10 f
  U901/ZN (CKND2D0)                         0.04       0.14 r
  U894/Z (OR3D0)                            0.04       0.18 r
  U893/ZN (OAI31D0)                         0.04       0.22 f
  U784/ZN (CKND2D0)                         0.03       0.25 r
  U891/Z (AO21D0)                           0.04       0.29 r
  U789/ZN (IND3D0)                          0.04       0.34 f
  U793/ZN (CKND2D0)                         0.03       0.37 r
  U887/Z (AO21D0)                           0.04       0.41 r
  U798/ZN (IND3D0)                          0.04       0.45 f
  U802/ZN (CKND2D0)                         0.03       0.48 r
  U886/Z (AO21D0)                           0.04       0.52 r
  U807/ZN (IND3D0)                          0.04       0.57 f
  U811/ZN (CKND2D0)                         0.03       0.60 r
  U884/Z (AO21D0)                           0.04       0.64 r
  U816/ZN (IND3D0)                          0.04       0.68 f
  U820/ZN (CKND2D0)                         0.03       0.71 r
  U878/Z (AO21D0)                           0.04       0.75 r
  U825/ZN (IND3D0)                          0.04       0.80 f
  U829/ZN (CKND2D0)                         0.03       0.83 r
  U877/Z (AO21D0)                           0.04       0.87 r
  U834/ZN (IND3D0)                          0.04       0.91 f
  U838/ZN (CKND2D0)                         0.03       0.94 r
  U875/Z (AO21D0)                           0.04       0.98 r
  U843/ZN (IND3D0)                          0.04       1.03 f
  U847/ZN (CKND2D0)                         0.03       1.06 r
  U869/Z (AO21D0)                           0.04       1.10 r
  U852/ZN (IND3D0)                          0.04       1.14 f
  U856/ZN (CKND2D0)                         0.03       1.17 r
  U868/Z (AO21D0)                           0.04       1.21 r
  U861/ZN (IND3D0)                          0.04       1.26 f
  U865/ZN (CKND2D0)                         0.03       1.29 r
  U866/Z (AO21D0)                           0.04       1.33 r
  U870/ZN (IND3D0)                          0.04       1.37 f
  U874/ZN (CKND2D0)                         0.03       1.40 r
  U860/Z (AO21D0)                           0.04       1.44 r
  U879/ZN (IND3D0)                          0.04       1.49 f
  U883/ZN (CKND2D0)                         0.03       1.52 r
  U851/Z (AO21D0)                           0.04       1.56 r
  U888/ZN (IND3D0)                          0.04       1.60 f
  U890/ZN (CKND2D0)                         0.03       1.63 r
  U850/Z (AO21D0)                           0.04       1.67 r
  U895/ZN (IND3D0)                          0.04       1.72 f
  U897/ZN (CKND2D0)                         0.03       1.75 r
  U848/Z (AO21D0)                           0.04       1.79 r
  U902/ZN (IND3D0)                          0.04       1.83 f
  U905/ZN (CKND2D0)                         0.03       1.86 r
  U841/Z (AO21D0)                           0.04       1.90 r
  U910/ZN (IND3D0)                          0.04       1.95 f
  U911/ZN (XNR2D0)                          0.08       2.02 r
  U796/Z (CKXOR2D0)                         0.06       2.09 r
  DP_OP_120J1_126_8883_U132/CO (FA1D0)      0.08       2.17 r
  DP_OP_120J1_126_8883_U131/S (FA1D0)       0.08       2.25 r
  DP_OP_120J1_126_8883_U73/CO (FA1D0)       0.08       2.33 r
  DP_OP_120J1_126_8883_U72/S (FA1D0)        0.07       2.40 r
  U402/ZN (XNR2D0)                          0.08       2.49 f
  U659/ZN (CKND2D0)                         0.05       2.53 r
  U1133/ZN (XNR3D0)                         0.09       2.62 r
  U1134/ZN (XNR3D0)                         0.07       2.69 f
  intadd_0_U12/CO (FA1D0)                   0.10       2.79 f
  intadd_0_U11/CO (FA1D0)                   0.06       2.85 f
  intadd_0_U10/CO (FA1D0)                   0.06       2.91 f
  intadd_0_U9/CO (FA1D0)                    0.06       2.96 f
  intadd_0_U8/CO (FA1D0)                    0.06       3.02 f
  intadd_0_U7/CO (FA1D0)                    0.06       3.07 f
  intadd_0_U6/CO (FA1D0)                    0.06       3.13 f
  intadd_0_U5/CO (FA1D0)                    0.06       3.18 f
  intadd_0_U4/CO (FA1D0)                    0.06       3.24 f
  intadd_0_U3/CO (FA1D0)                    0.06       3.29 f
  intadd_0_U2/CO (FA1D0)                    0.06       3.35 f
  U324/ZN (MAOI222D0)                       0.06       3.41 r
  U323/ZN (XNR3D0)                          0.08       3.49 f
  U341/ZN (OAI21D0)                         0.08       3.57 r
  U351/ZN (CKND2D0)                         0.06       3.62 f
  U358/ZN (CKND2D0)                         0.15       3.77 r
  U1270/Z (XOR2D0)                          0.07       3.84 f
  DP_OP_109J1_128_5167_U11/CO (FA1D0)       0.06       3.90 f
  DP_OP_109J1_128_5167_U10/CO (FA1D0)       0.06       3.95 f
  DP_OP_109J1_128_5167_U9/CO (FA1D0)        0.06       4.01 f
  DP_OP_109J1_128_5167_U8/CO (FA1D0)        0.06       4.07 f
  DP_OP_109J1_128_5167_U7/CO (FA1D0)        0.06       4.12 f
  DP_OP_109J1_128_5167_U6/CO (FA1D0)        0.06       4.18 f
  DP_OP_109J1_128_5167_U5/CO (FA1D0)        0.06       4.23 f
  DP_OP_109J1_128_5167_U4/CO (FA1D0)        0.06       4.29 f
  DP_OP_109J1_128_5167_U3/S (FA1D0)         0.07       4.35 r
  U377/ZN (CKND2D0)                         0.02       4.37 f
  U378/ZN (IOA21D0)                         0.03       4.41 r
  U385/ZN (NR3D0)                           0.02       4.43 f
  U397/ZN (AOI211XD0)                       0.08       4.51 r
  U398/ZN (INVD0)                           0.05       4.56 f
  U289/ZN (NR3D0)                           0.04       4.60 r
  U260/ZN (CKND0)                           0.04       4.64 f
  U400/ZN (NR2XD0)                          0.12       4.77 r
  U571/ZN (AOI22D0)                         0.05       4.82 f
  U573/ZN (CKND2D0)                         0.06       4.88 r
  result[13] (out)                          0.00       4.88 r
  data arrival time                                    4.88

  clock vclk (rise edge)                   10.00      10.00
  clock network delay (ideal)               0.00      10.00
  output external delay                    -0.02       9.98
  data required time                                   9.98
  ------------------------------------------------------------
  data required time                                   9.98
  data arrival time                                   -4.88
  ------------------------------------------------------------
  slack (MET)                                          5.10


  Startpoint: x[3] (input port clocked by vclk)
  Endpoint: result[12] (output port clocked by vclk)
  Path Group: vclk
  Path Type: max

  Des/Clust/Port     Wire Load Model       Library
  ------------------------------------------------
  oadm_fixed_l2_opt  ZeroWireload          tcbn65gplustc_ccs

  Point                                     Incr       Path
  ------------------------------------------------------------
  clock vclk (rise edge)                    0.00       0.00
  clock network delay (ideal)               0.00       0.00
  input external delay                      0.02       0.02 f
  x[3] (in)                                 0.00       0.02 f
  U225/ZN (INVD0)                           0.04       0.06 r
  U226/ZN (INVD0)                           0.04       0.10 f
  U901/ZN (CKND2D0)                         0.04       0.14 r
  U894/Z (OR3D0)                            0.04       0.18 r
  U893/ZN (OAI31D0)                         0.04       0.22 f
  U784/ZN (CKND2D0)                         0.03       0.25 r
  U891/Z (AO21D0)                           0.04       0.29 r
  U789/ZN (IND3D0)                          0.04       0.34 f
  U793/ZN (CKND2D0)                         0.03       0.37 r
  U887/Z (AO21D0)                           0.04       0.41 r
  U798/ZN (IND3D0)                          0.04       0.45 f
  U802/ZN (CKND2D0)                         0.03       0.48 r
  U886/Z (AO21D0)                           0.04       0.52 r
  U807/ZN (IND3D0)                          0.04       0.57 f
  U811/ZN (CKND2D0)                         0.03       0.60 r
  U884/Z (AO21D0)                           0.04       0.64 r
  U816/ZN (IND3D0)                          0.04       0.68 f
  U820/ZN (CKND2D0)                         0.03       0.71 r
  U878/Z (AO21D0)                           0.04       0.75 r
  U825/ZN (IND3D0)                          0.04       0.80 f
  U829/ZN (CKND2D0)                         0.03       0.83 r
  U877/Z (AO21D0)                           0.04       0.87 r
  U834/ZN (IND3D0)                          0.04       0.91 f
  U838/ZN (CKND2D0)                         0.03       0.94 r
  U875/Z (AO21D0)                           0.04       0.98 r
  U843/ZN (IND3D0)                          0.04       1.03 f
  U847/ZN (CKND2D0)                         0.03       1.06 r
  U869/Z (AO21D0)                           0.04       1.10 r
  U852/ZN (IND3D0)                          0.04       1.14 f
  U856/ZN (CKND2D0)                         0.03       1.17 r
  U868/Z (AO21D0)                           0.04       1.21 r
  U861/ZN (IND3D0)                          0.04       1.26 f
  U865/ZN (CKND2D0)                         0.03       1.29 r
  U866/Z (AO21D0)                           0.04       1.33 r
  U870/ZN (IND3D0)                          0.04       1.37 f
  U874/ZN (CKND2D0)                         0.03       1.40 r
  U860/Z (AO21D0)                           0.04       1.44 r
  U879/ZN (IND3D0)                          0.04       1.49 f
  U883/ZN (CKND2D0)                         0.03       1.52 r
  U851/Z (AO21D0)                           0.04       1.56 r
  U888/ZN (IND3D0)                          0.04       1.60 f
  U890/ZN (CKND2D0)                         0.03       1.63 r
  U850/Z (AO21D0)                           0.04       1.67 r
  U895/ZN (IND3D0)                          0.04       1.72 f
  U897/ZN (CKND2D0)                         0.03       1.75 r
  U848/Z (AO21D0)                           0.04       1.79 r
  U902/ZN (IND3D0)                          0.04       1.83 f
  U905/ZN (CKND2D0)                         0.03       1.86 r
  U841/Z (AO21D0)                           0.04       1.90 r
  U910/ZN (IND3D0)                          0.04       1.95 f
  U911/ZN (XNR2D0)                          0.08       2.02 r
  U796/Z (CKXOR2D0)                         0.06       2.09 r
  DP_OP_120J1_126_8883_U132/CO (FA1D0)      0.08       2.17 r
  DP_OP_120J1_126_8883_U131/S (FA1D0)       0.08       2.25 r
  DP_OP_120J1_126_8883_U73/CO (FA1D0)       0.08       2.33 r
  DP_OP_120J1_126_8883_U72/S (FA1D0)        0.07       2.40 r
  U402/ZN (XNR2D0)                          0.08       2.49 f
  U659/ZN (CKND2D0)                         0.05       2.53 r
  U1133/ZN (XNR3D0)                         0.09       2.62 r
  U1134/ZN (XNR3D0)                         0.07       2.69 f
  intadd_0_U12/CO (FA1D0)                   0.10       2.79 f
  intadd_0_U11/CO (FA1D0)                   0.06       2.85 f
  intadd_0_U10/CO (FA1D0)                   0.06       2.91 f
  intadd_0_U9/CO (FA1D0)                    0.06       2.96 f
  intadd_0_U8/CO (FA1D0)                    0.06       3.02 f
  intadd_0_U7/CO (FA1D0)                    0.06       3.07 f
  intadd_0_U6/CO (FA1D0)                    0.06       3.13 f
  intadd_0_U5/CO (FA1D0)                    0.06       3.18 f
  intadd_0_U4/CO (FA1D0)                    0.06       3.24 f
  intadd_0_U3/CO (FA1D0)                    0.06       3.29 f
  intadd_0_U2/CO (FA1D0)                    0.06       3.35 f
  U324/ZN (MAOI222D0)                       0.06       3.41 r
  U323/ZN (XNR3D0)                          0.08       3.49 f
  U341/ZN (OAI21D0)                         0.08       3.57 r
  U351/ZN (CKND2D0)                         0.06       3.62 f
  U358/ZN (CKND2D0)                         0.15       3.77 r
  U1270/Z (XOR2D0)                          0.07       3.84 f
  DP_OP_109J1_128_5167_U11/CO (FA1D0)       0.06       3.90 f
  DP_OP_109J1_128_5167_U10/CO (FA1D0)       0.06       3.95 f
  DP_OP_109J1_128_5167_U9/CO (FA1D0)        0.06       4.01 f
  DP_OP_109J1_128_5167_U8/CO (FA1D0)        0.06       4.07 f
  DP_OP_109J1_128_5167_U7/CO (FA1D0)        0.06       4.12 f
  DP_OP_109J1_128_5167_U6/CO (FA1D0)        0.06       4.18 f
  DP_OP_109J1_128_5167_U5/CO (FA1D0)        0.06       4.23 f
  DP_OP_109J1_128_5167_U4/CO (FA1D0)        0.06       4.29 f
  DP_OP_109J1_128_5167_U3/S (FA1D0)         0.07       4.35 r
  U377/ZN (CKND2D0)                         0.02       4.37 f
  U378/ZN (IOA21D0)                         0.03       4.41 r
  U385/ZN (NR3D0)                           0.02       4.43 f
  U397/ZN (AOI211XD0)                       0.08       4.51 r
  U398/ZN (INVD0)                           0.05       4.56 f
  U289/ZN (NR3D0)                           0.04       4.60 r
  U260/ZN (CKND0)                           0.04       4.64 f
  U400/ZN (NR2XD0)                          0.12       4.77 r
  U591/ZN (AOI22D0)                         0.05       4.82 f
  U593/ZN (CKND2D0)                         0.06       4.88 r
  result[12] (out)                          0.00       4.88 r
  data arrival time                                    4.88

  clock vclk (rise edge)                   10.00      10.00
  clock network delay (ideal)               0.00      10.00
  output external delay                    -0.02       9.98
  data required time                                   9.98
  ------------------------------------------------------------
  data required time                                   9.98
  data arrival time                                   -4.88
  ------------------------------------------------------------
  slack (MET)                                          5.10


  Startpoint: x[3] (input port clocked by vclk)
  Endpoint: result[11] (output port clocked by vclk)
  Path Group: vclk
  Path Type: max

  Des/Clust/Port     Wire Load Model       Library
  ------------------------------------------------
  oadm_fixed_l2_opt  ZeroWireload          tcbn65gplustc_ccs

  Point                                     Incr       Path
  ------------------------------------------------------------
  clock vclk (rise edge)                    0.00       0.00
  clock network delay (ideal)               0.00       0.00
  input external delay                      0.02       0.02 f
  x[3] (in)                                 0.00       0.02 f
  U225/ZN (INVD0)                           0.04       0.06 r
  U226/ZN (INVD0)                           0.04       0.10 f
  U901/ZN (CKND2D0)                         0.04       0.14 r
  U894/Z (OR3D0)                            0.04       0.18 r
  U893/ZN (OAI31D0)                         0.04       0.22 f
  U784/ZN (CKND2D0)                         0.03       0.25 r
  U891/Z (AO21D0)                           0.04       0.29 r
  U789/ZN (IND3D0)                          0.04       0.34 f
  U793/ZN (CKND2D0)                         0.03       0.37 r
  U887/Z (AO21D0)                           0.04       0.41 r
  U798/ZN (IND3D0)                          0.04       0.45 f
  U802/ZN (CKND2D0)                         0.03       0.48 r
  U886/Z (AO21D0)                           0.04       0.52 r
  U807/ZN (IND3D0)                          0.04       0.57 f
  U811/ZN (CKND2D0)                         0.03       0.60 r
  U884/Z (AO21D0)                           0.04       0.64 r
  U816/ZN (IND3D0)                          0.04       0.68 f
  U820/ZN (CKND2D0)                         0.03       0.71 r
  U878/Z (AO21D0)                           0.04       0.75 r
  U825/ZN (IND3D0)                          0.04       0.80 f
  U829/ZN (CKND2D0)                         0.03       0.83 r
  U877/Z (AO21D0)                           0.04       0.87 r
  U834/ZN (IND3D0)                          0.04       0.91 f
  U838/ZN (CKND2D0)                         0.03       0.94 r
  U875/Z (AO21D0)                           0.04       0.98 r
  U843/ZN (IND3D0)                          0.04       1.03 f
  U847/ZN (CKND2D0)                         0.03       1.06 r
  U869/Z (AO21D0)                           0.04       1.10 r
  U852/ZN (IND3D0)                          0.04       1.14 f
  U856/ZN (CKND2D0)                         0.03       1.17 r
  U868/Z (AO21D0)                           0.04       1.21 r
  U861/ZN (IND3D0)                          0.04       1.26 f
  U865/ZN (CKND2D0)                         0.03       1.29 r
  U866/Z (AO21D0)                           0.04       1.33 r
  U870/ZN (IND3D0)                          0.04       1.37 f
  U874/ZN (CKND2D0)                         0.03       1.40 r
  U860/Z (AO21D0)                           0.04       1.44 r
  U879/ZN (IND3D0)                          0.04       1.49 f
  U883/ZN (CKND2D0)                         0.03       1.52 r
  U851/Z (AO21D0)                           0.04       1.56 r
  U888/ZN (IND3D0)                          0.04       1.60 f
  U890/ZN (CKND2D0)                         0.03       1.63 r
  U850/Z (AO21D0)                           0.04       1.67 r
  U895/ZN (IND3D0)                          0.04       1.72 f
  U897/ZN (CKND2D0)                         0.03       1.75 r
  U848/Z (AO21D0)                           0.04       1.79 r
  U902/ZN (IND3D0)                          0.04       1.83 f
  U905/ZN (CKND2D0)                         0.03       1.86 r
  U841/Z (AO21D0)                           0.04       1.90 r
  U910/ZN (IND3D0)                          0.04       1.95 f
  U911/ZN (XNR2D0)                          0.08       2.02 r
  U796/Z (CKXOR2D0)                         0.06       2.09 r
  DP_OP_120J1_126_8883_U132/CO (FA1D0)      0.08       2.17 r
  DP_OP_120J1_126_8883_U131/S (FA1D0)       0.08       2.25 r
  DP_OP_120J1_126_8883_U73/CO (FA1D0)       0.08       2.33 r
  DP_OP_120J1_126_8883_U72/S (FA1D0)        0.07       2.40 r
  U402/ZN (XNR2D0)                          0.08       2.49 f
  U659/ZN (CKND2D0)                         0.05       2.53 r
  U1133/ZN (XNR3D0)                         0.09       2.62 r
  U1134/ZN (XNR3D0)                         0.07       2.69 f
  intadd_0_U12/CO (FA1D0)                   0.10       2.79 f
  intadd_0_U11/CO (FA1D0)                   0.06       2.85 f
  intadd_0_U10/CO (FA1D0)                   0.06       2.91 f
  intadd_0_U9/CO (FA1D0)                    0.06       2.96 f
  intadd_0_U8/CO (FA1D0)                    0.06       3.02 f
  intadd_0_U7/CO (FA1D0)                    0.06       3.07 f
  intadd_0_U6/CO (FA1D0)                    0.06       3.13 f
  intadd_0_U5/CO (FA1D0)                    0.06       3.18 f
  intadd_0_U4/CO (FA1D0)                    0.06       3.24 f
  intadd_0_U3/CO (FA1D0)                    0.06       3.29 f
  intadd_0_U2/CO (FA1D0)                    0.06       3.35 f
  U324/ZN (MAOI222D0)                       0.06       3.41 r
  U323/ZN (XNR3D0)                          0.08       3.49 f
  U341/ZN (OAI21D0)                         0.08       3.57 r
  U351/ZN (CKND2D0)                         0.06       3.62 f
  U358/ZN (CKND2D0)                         0.15       3.77 r
  U1270/Z (XOR2D0)                          0.07       3.84 f
  DP_OP_109J1_128_5167_U11/CO (FA1D0)       0.06       3.90 f
  DP_OP_109J1_128_5167_U10/CO (FA1D0)       0.06       3.95 f
  DP_OP_109J1_128_5167_U9/CO (FA1D0)        0.06       4.01 f
  DP_OP_109J1_128_5167_U8/CO (FA1D0)        0.06       4.07 f
  DP_OP_109J1_128_5167_U7/CO (FA1D0)        0.06       4.12 f
  DP_OP_109J1_128_5167_U6/CO (FA1D0)        0.06       4.18 f
  DP_OP_109J1_128_5167_U5/CO (FA1D0)        0.06       4.23 f
  DP_OP_109J1_128_5167_U4/CO (FA1D0)        0.06       4.29 f
  DP_OP_109J1_128_5167_U3/S (FA1D0)         0.07       4.35 r
  U377/ZN (CKND2D0)                         0.02       4.37 f
  U378/ZN (IOA21D0)                         0.03       4.41 r
  U385/ZN (NR3D0)                           0.02       4.43 f
  U397/ZN (AOI211XD0)                       0.08       4.51 r
  U398/ZN (INVD0)                           0.05       4.56 f
  U289/ZN (NR3D0)                           0.04       4.60 r
  U260/ZN (CKND0)                           0.04       4.64 f
  U400/ZN (NR2XD0)                          0.12       4.77 r
  U621/ZN (AOI22D0)                         0.05       4.82 f
  U623/ZN (CKND2D0)                         0.06       4.88 r
  result[11] (out)                          0.00       4.88 r
  data arrival time                                    4.88

  clock vclk (rise edge)                   10.00      10.00
  clock network delay (ideal)               0.00      10.00
  output external delay                    -0.02       9.98
  data required time                                   9.98
  ------------------------------------------------------------
  data required time                                   9.98
  data arrival time                                   -4.88
  ------------------------------------------------------------
  slack (MET)                                          5.10


  Startpoint: x[3] (input port clocked by vclk)
  Endpoint: result[10] (output port clocked by vclk)
  Path Group: vclk
  Path Type: max

  Des/Clust/Port     Wire Load Model       Library
  ------------------------------------------------
  oadm_fixed_l2_opt  ZeroWireload          tcbn65gplustc_ccs

  Point                                     Incr       Path
  ------------------------------------------------------------
  clock vclk (rise edge)                    0.00       0.00
  clock network delay (ideal)               0.00       0.00
  input external delay                      0.02       0.02 f
  x[3] (in)                                 0.00       0.02 f
  U225/ZN (INVD0)                           0.04       0.06 r
  U226/ZN (INVD0)                           0.04       0.10 f
  U901/ZN (CKND2D0)                         0.04       0.14 r
  U894/Z (OR3D0)                            0.04       0.18 r
  U893/ZN (OAI31D0)                         0.04       0.22 f
  U784/ZN (CKND2D0)                         0.03       0.25 r
  U891/Z (AO21D0)                           0.04       0.29 r
  U789/ZN (IND3D0)                          0.04       0.34 f
  U793/ZN (CKND2D0)                         0.03       0.37 r
  U887/Z (AO21D0)                           0.04       0.41 r
  U798/ZN (IND3D0)                          0.04       0.45 f
  U802/ZN (CKND2D0)                         0.03       0.48 r
  U886/Z (AO21D0)                           0.04       0.52 r
  U807/ZN (IND3D0)                          0.04       0.57 f
  U811/ZN (CKND2D0)                         0.03       0.60 r
  U884/Z (AO21D0)                           0.04       0.64 r
  U816/ZN (IND3D0)                          0.04       0.68 f
  U820/ZN (CKND2D0)                         0.03       0.71 r
  U878/Z (AO21D0)                           0.04       0.75 r
  U825/ZN (IND3D0)                          0.04       0.80 f
  U829/ZN (CKND2D0)                         0.03       0.83 r
  U877/Z (AO21D0)                           0.04       0.87 r
  U834/ZN (IND3D0)                          0.04       0.91 f
  U838/ZN (CKND2D0)                         0.03       0.94 r
  U875/Z (AO21D0)                           0.04       0.98 r
  U843/ZN (IND3D0)                          0.04       1.03 f
  U847/ZN (CKND2D0)                         0.03       1.06 r
  U869/Z (AO21D0)                           0.04       1.10 r
  U852/ZN (IND3D0)                          0.04       1.14 f
  U856/ZN (CKND2D0)                         0.03       1.17 r
  U868/Z (AO21D0)                           0.04       1.21 r
  U861/ZN (IND3D0)                          0.04       1.26 f
  U865/ZN (CKND2D0)                         0.03       1.29 r
  U866/Z (AO21D0)                           0.04       1.33 r
  U870/ZN (IND3D0)                          0.04       1.37 f
  U874/ZN (CKND2D0)                         0.03       1.40 r
  U860/Z (AO21D0)                           0.04       1.44 r
  U879/ZN (IND3D0)                          0.04       1.49 f
  U883/ZN (CKND2D0)                         0.03       1.52 r
  U851/Z (AO21D0)                           0.04       1.56 r
  U888/ZN (IND3D0)                          0.04       1.60 f
  U890/ZN (CKND2D0)                         0.03       1.63 r
  U850/Z (AO21D0)                           0.04       1.67 r
  U895/ZN (IND3D0)                          0.04       1.72 f
  U897/ZN (CKND2D0)                         0.03       1.75 r
  U848/Z (AO21D0)                           0.04       1.79 r
  U902/ZN (IND3D0)                          0.04       1.83 f
  U905/ZN (CKND2D0)                         0.03       1.86 r
  U841/Z (AO21D0)                           0.04       1.90 r
  U910/ZN (IND3D0)                          0.04       1.95 f
  U911/ZN (XNR2D0)                          0.08       2.02 r
  U796/Z (CKXOR2D0)                         0.06       2.09 r
  DP_OP_120J1_126_8883_U132/CO (FA1D0)      0.08       2.17 r
  DP_OP_120J1_126_8883_U131/S (FA1D0)       0.08       2.25 r
  DP_OP_120J1_126_8883_U73/CO (FA1D0)       0.08       2.33 r
  DP_OP_120J1_126_8883_U72/S (FA1D0)        0.07       2.40 r
  U402/ZN (XNR2D0)                          0.08       2.49 f
  U659/ZN (CKND2D0)                         0.05       2.53 r
  U1133/ZN (XNR3D0)                         0.09       2.62 r
  U1134/ZN (XNR3D0)                         0.07       2.69 f
  intadd_0_U12/CO (FA1D0)                   0.10       2.79 f
  intadd_0_U11/CO (FA1D0)                   0.06       2.85 f
  intadd_0_U10/CO (FA1D0)                   0.06       2.91 f
  intadd_0_U9/CO (FA1D0)                    0.06       2.96 f
  intadd_0_U8/CO (FA1D0)                    0.06       3.02 f
  intadd_0_U7/CO (FA1D0)                    0.06       3.07 f
  intadd_0_U6/CO (FA1D0)                    0.06       3.13 f
  intadd_0_U5/CO (FA1D0)                    0.06       3.18 f
  intadd_0_U4/CO (FA1D0)                    0.06       3.24 f
  intadd_0_U3/CO (FA1D0)                    0.06       3.29 f
  intadd_0_U2/CO (FA1D0)                    0.06       3.35 f
  U324/ZN (MAOI222D0)                       0.06       3.41 r
  U323/ZN (XNR3D0)                          0.08       3.49 f
  U341/ZN (OAI21D0)                         0.08       3.57 r
  U351/ZN (CKND2D0)                         0.06       3.62 f
  U358/ZN (CKND2D0)                         0.15       3.77 r
  U1270/Z (XOR2D0)                          0.07       3.84 f
  DP_OP_109J1_128_5167_U11/CO (FA1D0)       0.06       3.90 f
  DP_OP_109J1_128_5167_U10/CO (FA1D0)       0.06       3.95 f
  DP_OP_109J1_128_5167_U9/CO (FA1D0)        0.06       4.01 f
  DP_OP_109J1_128_5167_U8/CO (FA1D0)        0.06       4.07 f
  DP_OP_109J1_128_5167_U7/CO (FA1D0)        0.06       4.12 f
  DP_OP_109J1_128_5167_U6/CO (FA1D0)        0.06       4.18 f
  DP_OP_109J1_128_5167_U5/CO (FA1D0)        0.06       4.23 f
  DP_OP_109J1_128_5167_U4/CO (FA1D0)        0.06       4.29 f
  DP_OP_109J1_128_5167_U3/S (FA1D0)         0.07       4.35 r
  U377/ZN (CKND2D0)                         0.02       4.37 f
  U378/ZN (IOA21D0)                         0.03       4.41 r
  U385/ZN (NR3D0)                           0.02       4.43 f
  U397/ZN (AOI211XD0)                       0.08       4.51 r
  U398/ZN (INVD0)                           0.05       4.56 f
  U289/ZN (NR3D0)                           0.04       4.60 r
  U260/ZN (CKND0)                           0.04       4.64 f
  U400/ZN (NR2XD0)                          0.12       4.77 r
  U534/ZN (AOI22D0)                         0.05       4.82 f
  U543/ZN (CKND2D0)                         0.06       4.88 r
  result[10] (out)                          0.00       4.88 r
  data arrival time                                    4.88

  clock vclk (rise edge)                   10.00      10.00
  clock network delay (ideal)               0.00      10.00
  output external delay                    -0.02       9.98
  data required time                                   9.98
  ------------------------------------------------------------
  data required time                                   9.98
  data arrival time                                   -4.88
  ------------------------------------------------------------
  slack (MET)                                          5.10


  Startpoint: x[3] (input port clocked by vclk)
  Endpoint: result[9] (output port clocked by vclk)
  Path Group: vclk
  Path Type: max

  Des/Clust/Port     Wire Load Model       Library
  ------------------------------------------------
  oadm_fixed_l2_opt  ZeroWireload          tcbn65gplustc_ccs

  Point                                     Incr       Path
  ------------------------------------------------------------
  clock vclk (rise edge)                    0.00       0.00
  clock network delay (ideal)               0.00       0.00
  input external delay                      0.02       0.02 f
  x[3] (in)                                 0.00       0.02 f
  U225/ZN (INVD0)                           0.04       0.06 r
  U226/ZN (INVD0)                           0.04       0.10 f
  U901/ZN (CKND2D0)                         0.04       0.14 r
  U894/Z (OR3D0)                            0.04       0.18 r
  U893/ZN (OAI31D0)                         0.04       0.22 f
  U784/ZN (CKND2D0)                         0.03       0.25 r
  U891/Z (AO21D0)                           0.04       0.29 r
  U789/ZN (IND3D0)                          0.04       0.34 f
  U793/ZN (CKND2D0)                         0.03       0.37 r
  U887/Z (AO21D0)                           0.04       0.41 r
  U798/ZN (IND3D0)                          0.04       0.45 f
  U802/ZN (CKND2D0)                         0.03       0.48 r
  U886/Z (AO21D0)                           0.04       0.52 r
  U807/ZN (IND3D0)                          0.04       0.57 f
  U811/ZN (CKND2D0)                         0.03       0.60 r
  U884/Z (AO21D0)                           0.04       0.64 r
  U816/ZN (IND3D0)                          0.04       0.68 f
  U820/ZN (CKND2D0)                         0.03       0.71 r
  U878/Z (AO21D0)                           0.04       0.75 r
  U825/ZN (IND3D0)                          0.04       0.80 f
  U829/ZN (CKND2D0)                         0.03       0.83 r
  U877/Z (AO21D0)                           0.04       0.87 r
  U834/ZN (IND3D0)                          0.04       0.91 f
  U838/ZN (CKND2D0)                         0.03       0.94 r
  U875/Z (AO21D0)                           0.04       0.98 r
  U843/ZN (IND3D0)                          0.04       1.03 f
  U847/ZN (CKND2D0)                         0.03       1.06 r
  U869/Z (AO21D0)                           0.04       1.10 r
  U852/ZN (IND3D0)                          0.04       1.14 f
  U856/ZN (CKND2D0)                         0.03       1.17 r
  U868/Z (AO21D0)                           0.04       1.21 r
  U861/ZN (IND3D0)                          0.04       1.26 f
  U865/ZN (CKND2D0)                         0.03       1.29 r
  U866/Z (AO21D0)                           0.04       1.33 r
  U870/ZN (IND3D0)                          0.04       1.37 f
  U874/ZN (CKND2D0)                         0.03       1.40 r
  U860/Z (AO21D0)                           0.04       1.44 r
  U879/ZN (IND3D0)                          0.04       1.49 f
  U883/ZN (CKND2D0)                         0.03       1.52 r
  U851/Z (AO21D0)                           0.04       1.56 r
  U888/ZN (IND3D0)                          0.04       1.60 f
  U890/ZN (CKND2D0)                         0.03       1.63 r
  U850/Z (AO21D0)                           0.04       1.67 r
  U895/ZN (IND3D0)                          0.04       1.72 f
  U897/ZN (CKND2D0)                         0.03       1.75 r
  U848/Z (AO21D0)                           0.04       1.79 r
  U902/ZN (IND3D0)                          0.04       1.83 f
  U905/ZN (CKND2D0)                         0.03       1.86 r
  U841/Z (AO21D0)                           0.04       1.90 r
  U910/ZN (IND3D0)                          0.04       1.95 f
  U911/ZN (XNR2D0)                          0.08       2.02 r
  U796/Z (CKXOR2D0)                         0.06       2.09 r
  DP_OP_120J1_126_8883_U132/CO (FA1D0)      0.08       2.17 r
  DP_OP_120J1_126_8883_U131/S (FA1D0)       0.08       2.25 r
  DP_OP_120J1_126_8883_U73/CO (FA1D0)       0.08       2.33 r
  DP_OP_120J1_126_8883_U72/S (FA1D0)        0.07       2.40 r
  U402/ZN (XNR2D0)                          0.08       2.49 f
  U659/ZN (CKND2D0)                         0.05       2.53 r
  U1133/ZN (XNR3D0)                         0.09       2.62 r
  U1134/ZN (XNR3D0)                         0.07       2.69 f
  intadd_0_U12/CO (FA1D0)                   0.10       2.79 f
  intadd_0_U11/CO (FA1D0)                   0.06       2.85 f
  intadd_0_U10/CO (FA1D0)                   0.06       2.91 f
  intadd_0_U9/CO (FA1D0)                    0.06       2.96 f
  intadd_0_U8/CO (FA1D0)                    0.06       3.02 f
  intadd_0_U7/CO (FA1D0)                    0.06       3.07 f
  intadd_0_U6/CO (FA1D0)                    0.06       3.13 f
  intadd_0_U5/CO (FA1D0)                    0.06       3.18 f
  intadd_0_U4/CO (FA1D0)                    0.06       3.24 f
  intadd_0_U3/CO (FA1D0)                    0.06       3.29 f
  intadd_0_U2/CO (FA1D0)                    0.06       3.35 f
  U324/ZN (MAOI222D0)                       0.06       3.41 r
  U323/ZN (XNR3D0)                          0.08       3.49 f
  U341/ZN (OAI21D0)                         0.08       3.57 r
  U351/ZN (CKND2D0)                         0.06       3.62 f
  U358/ZN (CKND2D0)                         0.15       3.77 r
  U1270/Z (XOR2D0)                          0.07       3.84 f
  DP_OP_109J1_128_5167_U11/CO (FA1D0)       0.06       3.90 f
  DP_OP_109J1_128_5167_U10/CO (FA1D0)       0.06       3.95 f
  DP_OP_109J1_128_5167_U9/CO (FA1D0)        0.06       4.01 f
  DP_OP_109J1_128_5167_U8/CO (FA1D0)        0.06       4.07 f
  DP_OP_109J1_128_5167_U7/CO (FA1D0)        0.06       4.12 f
  DP_OP_109J1_128_5167_U6/CO (FA1D0)        0.06       4.18 f
  DP_OP_109J1_128_5167_U5/CO (FA1D0)        0.06       4.23 f
  DP_OP_109J1_128_5167_U4/CO (FA1D0)        0.06       4.29 f
  DP_OP_109J1_128_5167_U3/S (FA1D0)         0.07       4.35 r
  U377/ZN (CKND2D0)                         0.02       4.37 f
  U378/ZN (IOA21D0)                         0.03       4.41 r
  U385/ZN (NR3D0)                           0.02       4.43 f
  U397/ZN (AOI211XD0)                       0.08       4.51 r
  U398/ZN (INVD0)                           0.05       4.56 f
  U289/ZN (NR3D0)                           0.04       4.60 r
  U260/ZN (CKND0)                           0.04       4.64 f
  U400/ZN (NR2XD0)                          0.12       4.77 r
  U582/ZN (AOI22D0)                         0.05       4.82 f
  U584/ZN (CKND2D0)                         0.06       4.88 r
  result[9] (out)                           0.00       4.88 r
  data arrival time                                    4.88

  clock vclk (rise edge)                   10.00      10.00
  clock network delay (ideal)               0.00      10.00
  output external delay                    -0.02       9.98
  data required time                                   9.98
  ------------------------------------------------------------
  data required time                                   9.98
  data arrival time                                   -4.88
  ------------------------------------------------------------
  slack (MET)                                          5.10


  Startpoint: x[3] (input port clocked by vclk)
  Endpoint: result[8] (output port clocked by vclk)
  Path Group: vclk
  Path Type: max

  Des/Clust/Port     Wire Load Model       Library
  ------------------------------------------------
  oadm_fixed_l2_opt  ZeroWireload          tcbn65gplustc_ccs

  Point                                     Incr       Path
  ------------------------------------------------------------
  clock vclk (rise edge)                    0.00       0.00
  clock network delay (ideal)               0.00       0.00
  input external delay                      0.02       0.02 f
  x[3] (in)                                 0.00       0.02 f
  U225/ZN (INVD0)                           0.04       0.06 r
  U226/ZN (INVD0)                           0.04       0.10 f
  U901/ZN (CKND2D0)                         0.04       0.14 r
  U894/Z (OR3D0)                            0.04       0.18 r
  U893/ZN (OAI31D0)                         0.04       0.22 f
  U784/ZN (CKND2D0)                         0.03       0.25 r
  U891/Z (AO21D0)                           0.04       0.29 r
  U789/ZN (IND3D0)                          0.04       0.34 f
  U793/ZN (CKND2D0)                         0.03       0.37 r
  U887/Z (AO21D0)                           0.04       0.41 r
  U798/ZN (IND3D0)                          0.04       0.45 f
  U802/ZN (CKND2D0)                         0.03       0.48 r
  U886/Z (AO21D0)                           0.04       0.52 r
  U807/ZN (IND3D0)                          0.04       0.57 f
  U811/ZN (CKND2D0)                         0.03       0.60 r
  U884/Z (AO21D0)                           0.04       0.64 r
  U816/ZN (IND3D0)                          0.04       0.68 f
  U820/ZN (CKND2D0)                         0.03       0.71 r
  U878/Z (AO21D0)                           0.04       0.75 r
  U825/ZN (IND3D0)                          0.04       0.80 f
  U829/ZN (CKND2D0)                         0.03       0.83 r
  U877/Z (AO21D0)                           0.04       0.87 r
  U834/ZN (IND3D0)                          0.04       0.91 f
  U838/ZN (CKND2D0)                         0.03       0.94 r
  U875/Z (AO21D0)                           0.04       0.98 r
  U843/ZN (IND3D0)                          0.04       1.03 f
  U847/ZN (CKND2D0)                         0.03       1.06 r
  U869/Z (AO21D0)                           0.04       1.10 r
  U852/ZN (IND3D0)                          0.04       1.14 f
  U856/ZN (CKND2D0)                         0.03       1.17 r
  U868/Z (AO21D0)                           0.04       1.21 r
  U861/ZN (IND3D0)                          0.04       1.26 f
  U865/ZN (CKND2D0)                         0.03       1.29 r
  U866/Z (AO21D0)                           0.04       1.33 r
  U870/ZN (IND3D0)                          0.04       1.37 f
  U874/ZN (CKND2D0)                         0.03       1.40 r
  U860/Z (AO21D0)                           0.04       1.44 r
  U879/ZN (IND3D0)                          0.04       1.49 f
  U883/ZN (CKND2D0)                         0.03       1.52 r
  U851/Z (AO21D0)                           0.04       1.56 r
  U888/ZN (IND3D0)                          0.04       1.60 f
  U890/ZN (CKND2D0)                         0.03       1.63 r
  U850/Z (AO21D0)                           0.04       1.67 r
  U895/ZN (IND3D0)                          0.04       1.72 f
  U897/ZN (CKND2D0)                         0.03       1.75 r
  U848/Z (AO21D0)                           0.04       1.79 r
  U902/ZN (IND3D0)                          0.04       1.83 f
  U905/ZN (CKND2D0)                         0.03       1.86 r
  U841/Z (AO21D0)                           0.04       1.90 r
  U910/ZN (IND3D0)                          0.04       1.95 f
  U911/ZN (XNR2D0)                          0.08       2.02 r
  U796/Z (CKXOR2D0)                         0.06       2.09 r
  DP_OP_120J1_126_8883_U132/CO (FA1D0)      0.08       2.17 r
  DP_OP_120J1_126_8883_U131/S (FA1D0)       0.08       2.25 r
  DP_OP_120J1_126_8883_U73/CO (FA1D0)       0.08       2.33 r
  DP_OP_120J1_126_8883_U72/S (FA1D0)        0.07       2.40 r
  U402/ZN (XNR2D0)                          0.08       2.49 f
  U659/ZN (CKND2D0)                         0.05       2.53 r
  U1133/ZN (XNR3D0)                         0.09       2.62 r
  U1134/ZN (XNR3D0)                         0.07       2.69 f
  intadd_0_U12/CO (FA1D0)                   0.10       2.79 f
  intadd_0_U11/CO (FA1D0)                   0.06       2.85 f
  intadd_0_U10/CO (FA1D0)                   0.06       2.91 f
  intadd_0_U9/CO (FA1D0)                    0.06       2.96 f
  intadd_0_U8/CO (FA1D0)                    0.06       3.02 f
  intadd_0_U7/CO (FA1D0)                    0.06       3.07 f
  intadd_0_U6/CO (FA1D0)                    0.06       3.13 f
  intadd_0_U5/CO (FA1D0)                    0.06       3.18 f
  intadd_0_U4/CO (FA1D0)                    0.06       3.24 f
  intadd_0_U3/CO (FA1D0)                    0.06       3.29 f
  intadd_0_U2/CO (FA1D0)                    0.06       3.35 f
  U324/ZN (MAOI222D0)                       0.06       3.41 r
  U323/ZN (XNR3D0)                          0.08       3.49 f
  U341/ZN (OAI21D0)                         0.08       3.57 r
  U351/ZN (CKND2D0)                         0.06       3.62 f
  U358/ZN (CKND2D0)                         0.15       3.77 r
  U1270/Z (XOR2D0)                          0.07       3.84 f
  DP_OP_109J1_128_5167_U11/CO (FA1D0)       0.06       3.90 f
  DP_OP_109J1_128_5167_U10/CO (FA1D0)       0.06       3.95 f
  DP_OP_109J1_128_5167_U9/CO (FA1D0)        0.06       4.01 f
  DP_OP_109J1_128_5167_U8/CO (FA1D0)        0.06       4.07 f
  DP_OP_109J1_128_5167_U7/CO (FA1D0)        0.06       4.12 f
  DP_OP_109J1_128_5167_U6/CO (FA1D0)        0.06       4.18 f
  DP_OP_109J1_128_5167_U5/CO (FA1D0)        0.06       4.23 f
  DP_OP_109J1_128_5167_U4/CO (FA1D0)        0.06       4.29 f
  DP_OP_109J1_128_5167_U3/S (FA1D0)         0.07       4.35 r
  U377/ZN (CKND2D0)                         0.02       4.37 f
  U378/ZN (IOA21D0)                         0.03       4.41 r
  U385/ZN (NR3D0)                           0.02       4.43 f
  U397/ZN (AOI211XD0)                       0.08       4.51 r
  U398/ZN (INVD0)                           0.05       4.56 f
  U289/ZN (NR3D0)                           0.04       4.60 r
  U260/ZN (CKND0)                           0.04       4.64 f
  U400/ZN (NR2XD0)                          0.12       4.77 r
  U596/ZN (AOI22D0)                         0.05       4.82 f
  U598/ZN (CKND2D0)                         0.06       4.88 r
  result[8] (out)                           0.00       4.88 r
  data arrival time                                    4.88

  clock vclk (rise edge)                   10.00      10.00
  clock network delay (ideal)               0.00      10.00
  output external delay                    -0.02       9.98
  data required time                                   9.98
  ------------------------------------------------------------
  data required time                                   9.98
  data arrival time                                   -4.88
  ------------------------------------------------------------
  slack (MET)                                          5.10


  Startpoint: x[3] (input port clocked by vclk)
  Endpoint: result[7] (output port clocked by vclk)
  Path Group: vclk
  Path Type: max

  Des/Clust/Port     Wire Load Model       Library
  ------------------------------------------------
  oadm_fixed_l2_opt  ZeroWireload          tcbn65gplustc_ccs

  Point                                     Incr       Path
  ------------------------------------------------------------
  clock vclk (rise edge)                    0.00       0.00
  clock network delay (ideal)               0.00       0.00
  input external delay                      0.02       0.02 f
  x[3] (in)                                 0.00       0.02 f
  U225/ZN (INVD0)                           0.04       0.06 r
  U226/ZN (INVD0)                           0.04       0.10 f
  U901/ZN (CKND2D0)                         0.04       0.14 r
  U894/Z (OR3D0)                            0.04       0.18 r
  U893/ZN (OAI31D0)                         0.04       0.22 f
  U784/ZN (CKND2D0)                         0.03       0.25 r
  U891/Z (AO21D0)                           0.04       0.29 r
  U789/ZN (IND3D0)                          0.04       0.34 f
  U793/ZN (CKND2D0)                         0.03       0.37 r
  U887/Z (AO21D0)                           0.04       0.41 r
  U798/ZN (IND3D0)                          0.04       0.45 f
  U802/ZN (CKND2D0)                         0.03       0.48 r
  U886/Z (AO21D0)                           0.04       0.52 r
  U807/ZN (IND3D0)                          0.04       0.57 f
  U811/ZN (CKND2D0)                         0.03       0.60 r
  U884/Z (AO21D0)                           0.04       0.64 r
  U816/ZN (IND3D0)                          0.04       0.68 f
  U820/ZN (CKND2D0)                         0.03       0.71 r
  U878/Z (AO21D0)                           0.04       0.75 r
  U825/ZN (IND3D0)                          0.04       0.80 f
  U829/ZN (CKND2D0)                         0.03       0.83 r
  U877/Z (AO21D0)                           0.04       0.87 r
  U834/ZN (IND3D0)                          0.04       0.91 f
  U838/ZN (CKND2D0)                         0.03       0.94 r
  U875/Z (AO21D0)                           0.04       0.98 r
  U843/ZN (IND3D0)                          0.04       1.03 f
  U847/ZN (CKND2D0)                         0.03       1.06 r
  U869/Z (AO21D0)                           0.04       1.10 r
  U852/ZN (IND3D0)                          0.04       1.14 f
  U856/ZN (CKND2D0)                         0.03       1.17 r
  U868/Z (AO21D0)                           0.04       1.21 r
  U861/ZN (IND3D0)                          0.04       1.26 f
  U865/ZN (CKND2D0)                         0.03       1.29 r
  U866/Z (AO21D0)                           0.04       1.33 r
  U870/ZN (IND3D0)                          0.04       1.37 f
  U874/ZN (CKND2D0)                         0.03       1.40 r
  U860/Z (AO21D0)                           0.04       1.44 r
  U879/ZN (IND3D0)                          0.04       1.49 f
  U883/ZN (CKND2D0)                         0.03       1.52 r
  U851/Z (AO21D0)                           0.04       1.56 r
  U888/ZN (IND3D0)                          0.04       1.60 f
  U890/ZN (CKND2D0)                         0.03       1.63 r
  U850/Z (AO21D0)                           0.04       1.67 r
  U895/ZN (IND3D0)                          0.04       1.72 f
  U897/ZN (CKND2D0)                         0.03       1.75 r
  U848/Z (AO21D0)                           0.04       1.79 r
  U902/ZN (IND3D0)                          0.04       1.83 f
  U905/ZN (CKND2D0)                         0.03       1.86 r
  U841/Z (AO21D0)                           0.04       1.90 r
  U910/ZN (IND3D0)                          0.04       1.95 f
  U911/ZN (XNR2D0)                          0.08       2.02 r
  U796/Z (CKXOR2D0)                         0.06       2.09 r
  DP_OP_120J1_126_8883_U132/CO (FA1D0)      0.08       2.17 r
  DP_OP_120J1_126_8883_U131/S (FA1D0)       0.08       2.25 r
  DP_OP_120J1_126_8883_U73/CO (FA1D0)       0.08       2.33 r
  DP_OP_120J1_126_8883_U72/S (FA1D0)        0.07       2.40 r
  U402/ZN (XNR2D0)                          0.08       2.49 f
  U659/ZN (CKND2D0)                         0.05       2.53 r
  U1133/ZN (XNR3D0)                         0.09       2.62 r
  U1134/ZN (XNR3D0)                         0.07       2.69 f
  intadd_0_U12/CO (FA1D0)                   0.10       2.79 f
  intadd_0_U11/CO (FA1D0)                   0.06       2.85 f
  intadd_0_U10/CO (FA1D0)                   0.06       2.91 f
  intadd_0_U9/CO (FA1D0)                    0.06       2.96 f
  intadd_0_U8/CO (FA1D0)                    0.06       3.02 f
  intadd_0_U7/CO (FA1D0)                    0.06       3.07 f
  intadd_0_U6/CO (FA1D0)                    0.06       3.13 f
  intadd_0_U5/CO (FA1D0)                    0.06       3.18 f
  intadd_0_U4/CO (FA1D0)                    0.06       3.24 f
  intadd_0_U3/CO (FA1D0)                    0.06       3.29 f
  intadd_0_U2/CO (FA1D0)                    0.06       3.35 f
  U324/ZN (MAOI222D0)                       0.06       3.41 r
  U323/ZN (XNR3D0)                          0.08       3.49 f
  U341/ZN (OAI21D0)                         0.08       3.57 r
  U351/ZN (CKND2D0)                         0.06       3.62 f
  U358/ZN (CKND2D0)                         0.15       3.77 r
  U1270/Z (XOR2D0)                          0.07       3.84 f
  DP_OP_109J1_128_5167_U11/CO (FA1D0)       0.06       3.90 f
  DP_OP_109J1_128_5167_U10/CO (FA1D0)       0.06       3.95 f
  DP_OP_109J1_128_5167_U9/CO (FA1D0)        0.06       4.01 f
  DP_OP_109J1_128_5167_U8/CO (FA1D0)        0.06       4.07 f
  DP_OP_109J1_128_5167_U7/CO (FA1D0)        0.06       4.12 f
  DP_OP_109J1_128_5167_U6/CO (FA1D0)        0.06       4.18 f
  DP_OP_109J1_128_5167_U5/CO (FA1D0)        0.06       4.23 f
  DP_OP_109J1_128_5167_U4/CO (FA1D0)        0.06       4.29 f
  DP_OP_109J1_128_5167_U3/S (FA1D0)         0.07       4.35 r
  U377/ZN (CKND2D0)                         0.02       4.37 f
  U378/ZN (IOA21D0)                         0.03       4.41 r
  U385/ZN (NR3D0)                           0.02       4.43 f
  U397/ZN (AOI211XD0)                       0.08       4.51 r
  U398/ZN (INVD0)                           0.05       4.56 f
  U289/ZN (NR3D0)                           0.04       4.60 r
  U260/ZN (CKND0)                           0.04       4.64 f
  U400/ZN (NR2XD0)                          0.12       4.77 r
  U601/ZN (AOI22D0)                         0.05       4.82 f
  U603/ZN (CKND2D0)                         0.06       4.88 r
  result[7] (out)                           0.00       4.88 r
  data arrival time                                    4.88

  clock vclk (rise edge)                   10.00      10.00
  clock network delay (ideal)               0.00      10.00
  output external delay                    -0.02       9.98
  data required time                                   9.98
  ------------------------------------------------------------
  data required time                                   9.98
  data arrival time                                   -4.88
  ------------------------------------------------------------
  slack (MET)                                          5.10


  Startpoint: x[3] (input port clocked by vclk)
  Endpoint: result[6] (output port clocked by vclk)
  Path Group: vclk
  Path Type: max

  Des/Clust/Port     Wire Load Model       Library
  ------------------------------------------------
  oadm_fixed_l2_opt  ZeroWireload          tcbn65gplustc_ccs

  Point                                     Incr       Path
  ------------------------------------------------------------
  clock vclk (rise edge)                    0.00       0.00
  clock network delay (ideal)               0.00       0.00
  input external delay                      0.02       0.02 f
  x[3] (in)                                 0.00       0.02 f
  U225/ZN (INVD0)                           0.04       0.06 r
  U226/ZN (INVD0)                           0.04       0.10 f
  U901/ZN (CKND2D0)                         0.04       0.14 r
  U894/Z (OR3D0)                            0.04       0.18 r
  U893/ZN (OAI31D0)                         0.04       0.22 f
  U784/ZN (CKND2D0)                         0.03       0.25 r
  U891/Z (AO21D0)                           0.04       0.29 r
  U789/ZN (IND3D0)                          0.04       0.34 f
  U793/ZN (CKND2D0)                         0.03       0.37 r
  U887/Z (AO21D0)                           0.04       0.41 r
  U798/ZN (IND3D0)                          0.04       0.45 f
  U802/ZN (CKND2D0)                         0.03       0.48 r
  U886/Z (AO21D0)                           0.04       0.52 r
  U807/ZN (IND3D0)                          0.04       0.57 f
  U811/ZN (CKND2D0)                         0.03       0.60 r
  U884/Z (AO21D0)                           0.04       0.64 r
  U816/ZN (IND3D0)                          0.04       0.68 f
  U820/ZN (CKND2D0)                         0.03       0.71 r
  U878/Z (AO21D0)                           0.04       0.75 r
  U825/ZN (IND3D0)                          0.04       0.80 f
  U829/ZN (CKND2D0)                         0.03       0.83 r
  U877/Z (AO21D0)                           0.04       0.87 r
  U834/ZN (IND3D0)                          0.04       0.91 f
  U838/ZN (CKND2D0)                         0.03       0.94 r
  U875/Z (AO21D0)                           0.04       0.98 r
  U843/ZN (IND3D0)                          0.04       1.03 f
  U847/ZN (CKND2D0)                         0.03       1.06 r
  U869/Z (AO21D0)                           0.04       1.10 r
  U852/ZN (IND3D0)                          0.04       1.14 f
  U856/ZN (CKND2D0)                         0.03       1.17 r
  U868/Z (AO21D0)                           0.04       1.21 r
  U861/ZN (IND3D0)                          0.04       1.26 f
  U865/ZN (CKND2D0)                         0.03       1.29 r
  U866/Z (AO21D0)                           0.04       1.33 r
  U870/ZN (IND3D0)                          0.04       1.37 f
  U874/ZN (CKND2D0)                         0.03       1.40 r
  U860/Z (AO21D0)                           0.04       1.44 r
  U879/ZN (IND3D0)                          0.04       1.49 f
  U883/ZN (CKND2D0)                         0.03       1.52 r
  U851/Z (AO21D0)                           0.04       1.56 r
  U888/ZN (IND3D0)                          0.04       1.60 f
  U890/ZN (CKND2D0)                         0.03       1.63 r
  U850/Z (AO21D0)                           0.04       1.67 r
  U895/ZN (IND3D0)                          0.04       1.72 f
  U897/ZN (CKND2D0)                         0.03       1.75 r
  U848/Z (AO21D0)                           0.04       1.79 r
  U902/ZN (IND3D0)                          0.04       1.83 f
  U905/ZN (CKND2D0)                         0.03       1.86 r
  U841/Z (AO21D0)                           0.04       1.90 r
  U910/ZN (IND3D0)                          0.04       1.95 f
  U911/ZN (XNR2D0)                          0.08       2.02 r
  U796/Z (CKXOR2D0)                         0.06       2.09 r
  DP_OP_120J1_126_8883_U132/CO (FA1D0)      0.08       2.17 r
  DP_OP_120J1_126_8883_U131/S (FA1D0)       0.08       2.25 r
  DP_OP_120J1_126_8883_U73/CO (FA1D0)       0.08       2.33 r
  DP_OP_120J1_126_8883_U72/S (FA1D0)        0.07       2.40 r
  U402/ZN (XNR2D0)                          0.08       2.49 f
  U659/ZN (CKND2D0)                         0.05       2.53 r
  U1133/ZN (XNR3D0)                         0.09       2.62 r
  U1134/ZN (XNR3D0)                         0.07       2.69 f
  intadd_0_U12/CO (FA1D0)                   0.10       2.79 f
  intadd_0_U11/CO (FA1D0)                   0.06       2.85 f
  intadd_0_U10/CO (FA1D0)                   0.06       2.91 f
  intadd_0_U9/CO (FA1D0)                    0.06       2.96 f
  intadd_0_U8/CO (FA1D0)                    0.06       3.02 f
  intadd_0_U7/CO (FA1D0)                    0.06       3.07 f
  intadd_0_U6/CO (FA1D0)                    0.06       3.13 f
  intadd_0_U5/CO (FA1D0)                    0.06       3.18 f
  intadd_0_U4/CO (FA1D0)                    0.06       3.24 f
  intadd_0_U3/CO (FA1D0)                    0.06       3.29 f
  intadd_0_U2/CO (FA1D0)                    0.06       3.35 f
  U324/ZN (MAOI222D0)                       0.06       3.41 r
  U323/ZN (XNR3D0)                          0.08       3.49 f
  U341/ZN (OAI21D0)                         0.08       3.57 r
  U351/ZN (CKND2D0)                         0.06       3.62 f
  U358/ZN (CKND2D0)                         0.15       3.77 r
  U1270/Z (XOR2D0)                          0.07       3.84 f
  DP_OP_109J1_128_5167_U11/CO (FA1D0)       0.06       3.90 f
  DP_OP_109J1_128_5167_U10/CO (FA1D0)       0.06       3.95 f
  DP_OP_109J1_128_5167_U9/CO (FA1D0)        0.06       4.01 f
  DP_OP_109J1_128_5167_U8/CO (FA1D0)        0.06       4.07 f
  DP_OP_109J1_128_5167_U7/CO (FA1D0)        0.06       4.12 f
  DP_OP_109J1_128_5167_U6/CO (FA1D0)        0.06       4.18 f
  DP_OP_109J1_128_5167_U5/CO (FA1D0)        0.06       4.23 f
  DP_OP_109J1_128_5167_U4/CO (FA1D0)        0.06       4.29 f
  DP_OP_109J1_128_5167_U3/S (FA1D0)         0.07       4.35 r
  U377/ZN (CKND2D0)                         0.02       4.37 f
  U378/ZN (IOA21D0)                         0.03       4.41 r
  U385/ZN (NR3D0)                           0.02       4.43 f
  U397/ZN (AOI211XD0)                       0.08       4.51 r
  U398/ZN (INVD0)                           0.05       4.56 f
  U289/ZN (NR3D0)                           0.04       4.60 r
  U260/ZN (CKND0)                           0.04       4.64 f
  U400/ZN (NR2XD0)                          0.12       4.77 r
  U606/ZN (AOI22D0)                         0.05       4.82 f
  U608/ZN (CKND2D0)                         0.06       4.88 r
  result[6] (out)                           0.00       4.88 r
  data arrival time                                    4.88

  clock vclk (rise edge)                   10.00      10.00
  clock network delay (ideal)               0.00      10.00
  output external delay                    -0.02       9.98
  data required time                                   9.98
  ------------------------------------------------------------
  data required time                                   9.98
  data arrival time                                   -4.88
  ------------------------------------------------------------
  slack (MET)                                          5.10


  Startpoint: x[3] (input port clocked by vclk)
  Endpoint: result[5] (output port clocked by vclk)
  Path Group: vclk
  Path Type: max

  Des/Clust/Port     Wire Load Model       Library
  ------------------------------------------------
  oadm_fixed_l2_opt  ZeroWireload          tcbn65gplustc_ccs

  Point                                     Incr       Path
  ------------------------------------------------------------
  clock vclk (rise edge)                    0.00       0.00
  clock network delay (ideal)               0.00       0.00
  input external delay                      0.02       0.02 f
  x[3] (in)                                 0.00       0.02 f
  U225/ZN (INVD0)                           0.04       0.06 r
  U226/ZN (INVD0)                           0.04       0.10 f
  U901/ZN (CKND2D0)                         0.04       0.14 r
  U894/Z (OR3D0)                            0.04       0.18 r
  U893/ZN (OAI31D0)                         0.04       0.22 f
  U784/ZN (CKND2D0)                         0.03       0.25 r
  U891/Z (AO21D0)                           0.04       0.29 r
  U789/ZN (IND3D0)                          0.04       0.34 f
  U793/ZN (CKND2D0)                         0.03       0.37 r
  U887/Z (AO21D0)                           0.04       0.41 r
  U798/ZN (IND3D0)                          0.04       0.45 f
  U802/ZN (CKND2D0)                         0.03       0.48 r
  U886/Z (AO21D0)                           0.04       0.52 r
  U807/ZN (IND3D0)                          0.04       0.57 f
  U811/ZN (CKND2D0)                         0.03       0.60 r
  U884/Z (AO21D0)                           0.04       0.64 r
  U816/ZN (IND3D0)                          0.04       0.68 f
  U820/ZN (CKND2D0)                         0.03       0.71 r
  U878/Z (AO21D0)                           0.04       0.75 r
  U825/ZN (IND3D0)                          0.04       0.80 f
  U829/ZN (CKND2D0)                         0.03       0.83 r
  U877/Z (AO21D0)                           0.04       0.87 r
  U834/ZN (IND3D0)                          0.04       0.91 f
  U838/ZN (CKND2D0)                         0.03       0.94 r
  U875/Z (AO21D0)                           0.04       0.98 r
  U843/ZN (IND3D0)                          0.04       1.03 f
  U847/ZN (CKND2D0)                         0.03       1.06 r
  U869/Z (AO21D0)                           0.04       1.10 r
  U852/ZN (IND3D0)                          0.04       1.14 f
  U856/ZN (CKND2D0)                         0.03       1.17 r
  U868/Z (AO21D0)                           0.04       1.21 r
  U861/ZN (IND3D0)                          0.04       1.26 f
  U865/ZN (CKND2D0)                         0.03       1.29 r
  U866/Z (AO21D0)                           0.04       1.33 r
  U870/ZN (IND3D0)                          0.04       1.37 f
  U874/ZN (CKND2D0)                         0.03       1.40 r
  U860/Z (AO21D0)                           0.04       1.44 r
  U879/ZN (IND3D0)                          0.04       1.49 f
  U883/ZN (CKND2D0)                         0.03       1.52 r
  U851/Z (AO21D0)                           0.04       1.56 r
  U888/ZN (IND3D0)                          0.04       1.60 f
  U890/ZN (CKND2D0)                         0.03       1.63 r
  U850/Z (AO21D0)                           0.04       1.67 r
  U895/ZN (IND3D0)                          0.04       1.72 f
  U897/ZN (CKND2D0)                         0.03       1.75 r
  U848/Z (AO21D0)                           0.04       1.79 r
  U902/ZN (IND3D0)                          0.04       1.83 f
  U905/ZN (CKND2D0)                         0.03       1.86 r
  U841/Z (AO21D0)                           0.04       1.90 r
  U910/ZN (IND3D0)                          0.04       1.95 f
  U911/ZN (XNR2D0)                          0.08       2.02 r
  U796/Z (CKXOR2D0)                         0.06       2.09 r
  DP_OP_120J1_126_8883_U132/CO (FA1D0)      0.08       2.17 r
  DP_OP_120J1_126_8883_U131/S (FA1D0)       0.08       2.25 r
  DP_OP_120J1_126_8883_U73/CO (FA1D0)       0.08       2.33 r
  DP_OP_120J1_126_8883_U72/S (FA1D0)        0.07       2.40 r
  U402/ZN (XNR2D0)                          0.08       2.49 f
  U659/ZN (CKND2D0)                         0.05       2.53 r
  U1133/ZN (XNR3D0)                         0.09       2.62 r
  U1134/ZN (XNR3D0)                         0.07       2.69 f
  intadd_0_U12/CO (FA1D0)                   0.10       2.79 f
  intadd_0_U11/CO (FA1D0)                   0.06       2.85 f
  intadd_0_U10/CO (FA1D0)                   0.06       2.91 f
  intadd_0_U9/CO (FA1D0)                    0.06       2.96 f
  intadd_0_U8/CO (FA1D0)                    0.06       3.02 f
  intadd_0_U7/CO (FA1D0)                    0.06       3.07 f
  intadd_0_U6/CO (FA1D0)                    0.06       3.13 f
  intadd_0_U5/CO (FA1D0)                    0.06       3.18 f
  intadd_0_U4/CO (FA1D0)                    0.06       3.24 f
  intadd_0_U3/CO (FA1D0)                    0.06       3.29 f
  intadd_0_U2/CO (FA1D0)                    0.06       3.35 f
  U324/ZN (MAOI222D0)                       0.06       3.41 r
  U323/ZN (XNR3D0)                          0.08       3.49 f
  U341/ZN (OAI21D0)                         0.08       3.57 r
  U351/ZN (CKND2D0)                         0.06       3.62 f
  U358/ZN (CKND2D0)                         0.15       3.77 r
  U1270/Z (XOR2D0)                          0.07       3.84 f
  DP_OP_109J1_128_5167_U11/CO (FA1D0)       0.06       3.90 f
  DP_OP_109J1_128_5167_U10/CO (FA1D0)       0.06       3.95 f
  DP_OP_109J1_128_5167_U9/CO (FA1D0)        0.06       4.01 f
  DP_OP_109J1_128_5167_U8/CO (FA1D0)        0.06       4.07 f
  DP_OP_109J1_128_5167_U7/CO (FA1D0)        0.06       4.12 f
  DP_OP_109J1_128_5167_U6/CO (FA1D0)        0.06       4.18 f
  DP_OP_109J1_128_5167_U5/CO (FA1D0)        0.06       4.23 f
  DP_OP_109J1_128_5167_U4/CO (FA1D0)        0.06       4.29 f
  DP_OP_109J1_128_5167_U3/S (FA1D0)         0.07       4.35 r
  U377/ZN (CKND2D0)                         0.02       4.37 f
  U378/ZN (IOA21D0)                         0.03       4.41 r
  U385/ZN (NR3D0)                           0.02       4.43 f
  U397/ZN (AOI211XD0)                       0.08       4.51 r
  U398/ZN (INVD0)                           0.05       4.56 f
  U289/ZN (NR3D0)                           0.04       4.60 r
  U260/ZN (CKND0)                           0.04       4.64 f
  U400/ZN (NR2XD0)                          0.12       4.77 r
  U609/ZN (AOI22D0)                         0.05       4.82 f
  U611/ZN (CKND2D0)                         0.06       4.88 r
  result[5] (out)                           0.00       4.88 r
  data arrival time                                    4.88

  clock vclk (rise edge)                   10.00      10.00
  clock network delay (ideal)               0.00      10.00
  output external delay                    -0.02       9.98
  data required time                                   9.98
  ------------------------------------------------------------
  data required time                                   9.98
  data arrival time                                   -4.88
  ------------------------------------------------------------
  slack (MET)                                          5.10


  Startpoint: x[3] (input port clocked by vclk)
  Endpoint: result[4] (output port clocked by vclk)
  Path Group: vclk
  Path Type: max

  Des/Clust/Port     Wire Load Model       Library
  ------------------------------------------------
  oadm_fixed_l2_opt  ZeroWireload          tcbn65gplustc_ccs

  Point                                     Incr       Path
  ------------------------------------------------------------
  clock vclk (rise edge)                    0.00       0.00
  clock network delay (ideal)               0.00       0.00
  input external delay                      0.02       0.02 f
  x[3] (in)                                 0.00       0.02 f
  U225/ZN (INVD0)                           0.04       0.06 r
  U226/ZN (INVD0)                           0.04       0.10 f
  U901/ZN (CKND2D0)                         0.04       0.14 r
  U894/Z (OR3D0)                            0.04       0.18 r
  U893/ZN (OAI31D0)                         0.04       0.22 f
  U784/ZN (CKND2D0)                         0.03       0.25 r
  U891/Z (AO21D0)                           0.04       0.29 r
  U789/ZN (IND3D0)                          0.04       0.34 f
  U793/ZN (CKND2D0)                         0.03       0.37 r
  U887/Z (AO21D0)                           0.04       0.41 r
  U798/ZN (IND3D0)                          0.04       0.45 f
  U802/ZN (CKND2D0)                         0.03       0.48 r
  U886/Z (AO21D0)                           0.04       0.52 r
  U807/ZN (IND3D0)                          0.04       0.57 f
  U811/ZN (CKND2D0)                         0.03       0.60 r
  U884/Z (AO21D0)                           0.04       0.64 r
  U816/ZN (IND3D0)                          0.04       0.68 f
  U820/ZN (CKND2D0)                         0.03       0.71 r
  U878/Z (AO21D0)                           0.04       0.75 r
  U825/ZN (IND3D0)                          0.04       0.80 f
  U829/ZN (CKND2D0)                         0.03       0.83 r
  U877/Z (AO21D0)                           0.04       0.87 r
  U834/ZN (IND3D0)                          0.04       0.91 f
  U838/ZN (CKND2D0)                         0.03       0.94 r
  U875/Z (AO21D0)                           0.04       0.98 r
  U843/ZN (IND3D0)                          0.04       1.03 f
  U847/ZN (CKND2D0)                         0.03       1.06 r
  U869/Z (AO21D0)                           0.04       1.10 r
  U852/ZN (IND3D0)                          0.04       1.14 f
  U856/ZN (CKND2D0)                         0.03       1.17 r
  U868/Z (AO21D0)                           0.04       1.21 r
  U861/ZN (IND3D0)                          0.04       1.26 f
  U865/ZN (CKND2D0)                         0.03       1.29 r
  U866/Z (AO21D0)                           0.04       1.33 r
  U870/ZN (IND3D0)                          0.04       1.37 f
  U874/ZN (CKND2D0)                         0.03       1.40 r
  U860/Z (AO21D0)                           0.04       1.44 r
  U879/ZN (IND3D0)                          0.04       1.49 f
  U883/ZN (CKND2D0)                         0.03       1.52 r
  U851/Z (AO21D0)                           0.04       1.56 r
  U888/ZN (IND3D0)                          0.04       1.60 f
  U890/ZN (CKND2D0)                         0.03       1.63 r
  U850/Z (AO21D0)                           0.04       1.67 r
  U895/ZN (IND3D0)                          0.04       1.72 f
  U897/ZN (CKND2D0)                         0.03       1.75 r
  U848/Z (AO21D0)                           0.04       1.79 r
  U902/ZN (IND3D0)                          0.04       1.83 f
  U905/ZN (CKND2D0)                         0.03       1.86 r
  U841/Z (AO21D0)                           0.04       1.90 r
  U910/ZN (IND3D0)                          0.04       1.95 f
  U911/ZN (XNR2D0)                          0.08       2.02 r
  U796/Z (CKXOR2D0)                         0.06       2.09 r
  DP_OP_120J1_126_8883_U132/CO (FA1D0)      0.08       2.17 r
  DP_OP_120J1_126_8883_U131/S (FA1D0)       0.08       2.25 r
  DP_OP_120J1_126_8883_U73/CO (FA1D0)       0.08       2.33 r
  DP_OP_120J1_126_8883_U72/S (FA1D0)        0.07       2.40 r
  U402/ZN (XNR2D0)                          0.08       2.49 f
  U659/ZN (CKND2D0)                         0.05       2.53 r
  U1133/ZN (XNR3D0)                         0.09       2.62 r
  U1134/ZN (XNR3D0)                         0.07       2.69 f
  intadd_0_U12/CO (FA1D0)                   0.10       2.79 f
  intadd_0_U11/CO (FA1D0)                   0.06       2.85 f
  intadd_0_U10/CO (FA1D0)                   0.06       2.91 f
  intadd_0_U9/CO (FA1D0)                    0.06       2.96 f
  intadd_0_U8/CO (FA1D0)                    0.06       3.02 f
  intadd_0_U7/CO (FA1D0)                    0.06       3.07 f
  intadd_0_U6/CO (FA1D0)                    0.06       3.13 f
  intadd_0_U5/CO (FA1D0)                    0.06       3.18 f
  intadd_0_U4/CO (FA1D0)                    0.06       3.24 f
  intadd_0_U3/CO (FA1D0)                    0.06       3.29 f
  intadd_0_U2/CO (FA1D0)                    0.06       3.35 f
  U324/ZN (MAOI222D0)                       0.06       3.41 r
  U323/ZN (XNR3D0)                          0.08       3.49 f
  U341/ZN (OAI21D0)                         0.08       3.57 r
  U351/ZN (CKND2D0)                         0.06       3.62 f
  U358/ZN (CKND2D0)                         0.15       3.77 r
  U1270/Z (XOR2D0)                          0.07       3.84 f
  DP_OP_109J1_128_5167_U11/CO (FA1D0)       0.06       3.90 f
  DP_OP_109J1_128_5167_U10/CO (FA1D0)       0.06       3.95 f
  DP_OP_109J1_128_5167_U9/CO (FA1D0)        0.06       4.01 f
  DP_OP_109J1_128_5167_U8/CO (FA1D0)        0.06       4.07 f
  DP_OP_109J1_128_5167_U7/CO (FA1D0)        0.06       4.12 f
  DP_OP_109J1_128_5167_U6/CO (FA1D0)        0.06       4.18 f
  DP_OP_109J1_128_5167_U5/CO (FA1D0)        0.06       4.23 f
  DP_OP_109J1_128_5167_U4/CO (FA1D0)        0.06       4.29 f
  DP_OP_109J1_128_5167_U3/S (FA1D0)         0.07       4.35 r
  U377/ZN (CKND2D0)                         0.02       4.37 f
  U378/ZN (IOA21D0)                         0.03       4.41 r
  U385/ZN (NR3D0)                           0.02       4.43 f
  U397/ZN (AOI211XD0)                       0.08       4.51 r
  U398/ZN (INVD0)                           0.05       4.56 f
  U289/ZN (NR3D0)                           0.04       4.60 r
  U260/ZN (CKND0)                           0.04       4.64 f
  U400/ZN (NR2XD0)                          0.12       4.77 r
  U612/ZN (AOI22D0)                         0.05       4.82 f
  U614/ZN (CKND2D0)                         0.06       4.88 r
  result[4] (out)                           0.00       4.88 r
  data arrival time                                    4.88

  clock vclk (rise edge)                   10.00      10.00
  clock network delay (ideal)               0.00      10.00
  output external delay                    -0.02       9.98
  data required time                                   9.98
  ------------------------------------------------------------
  data required time                                   9.98
  data arrival time                                   -4.88
  ------------------------------------------------------------
  slack (MET)                                          5.10


  Startpoint: x[3] (input port clocked by vclk)
  Endpoint: result[3] (output port clocked by vclk)
  Path Group: vclk
  Path Type: max

  Des/Clust/Port     Wire Load Model       Library
  ------------------------------------------------
  oadm_fixed_l2_opt  ZeroWireload          tcbn65gplustc_ccs

  Point                                     Incr       Path
  ------------------------------------------------------------
  clock vclk (rise edge)                    0.00       0.00
  clock network delay (ideal)               0.00       0.00
  input external delay                      0.02       0.02 f
  x[3] (in)                                 0.00       0.02 f
  U225/ZN (INVD0)                           0.04       0.06 r
  U226/ZN (INVD0)                           0.04       0.10 f
  U901/ZN (CKND2D0)                         0.04       0.14 r
  U894/Z (OR3D0)                            0.04       0.18 r
  U893/ZN (OAI31D0)                         0.04       0.22 f
  U784/ZN (CKND2D0)                         0.03       0.25 r
  U891/Z (AO21D0)                           0.04       0.29 r
  U789/ZN (IND3D0)                          0.04       0.34 f
  U793/ZN (CKND2D0)                         0.03       0.37 r
  U887/Z (AO21D0)                           0.04       0.41 r
  U798/ZN (IND3D0)                          0.04       0.45 f
  U802/ZN (CKND2D0)                         0.03       0.48 r
  U886/Z (AO21D0)                           0.04       0.52 r
  U807/ZN (IND3D0)                          0.04       0.57 f
  U811/ZN (CKND2D0)                         0.03       0.60 r
  U884/Z (AO21D0)                           0.04       0.64 r
  U816/ZN (IND3D0)                          0.04       0.68 f
  U820/ZN (CKND2D0)                         0.03       0.71 r
  U878/Z (AO21D0)                           0.04       0.75 r
  U825/ZN (IND3D0)                          0.04       0.80 f
  U829/ZN (CKND2D0)                         0.03       0.83 r
  U877/Z (AO21D0)                           0.04       0.87 r
  U834/ZN (IND3D0)                          0.04       0.91 f
  U838/ZN (CKND2D0)                         0.03       0.94 r
  U875/Z (AO21D0)                           0.04       0.98 r
  U843/ZN (IND3D0)                          0.04       1.03 f
  U847/ZN (CKND2D0)                         0.03       1.06 r
  U869/Z (AO21D0)                           0.04       1.10 r
  U852/ZN (IND3D0)                          0.04       1.14 f
  U856/ZN (CKND2D0)                         0.03       1.17 r
  U868/Z (AO21D0)                           0.04       1.21 r
  U861/ZN (IND3D0)                          0.04       1.26 f
  U865/ZN (CKND2D0)                         0.03       1.29 r
  U866/Z (AO21D0)                           0.04       1.33 r
  U870/ZN (IND3D0)                          0.04       1.37 f
  U874/ZN (CKND2D0)                         0.03       1.40 r
  U860/Z (AO21D0)                           0.04       1.44 r
  U879/ZN (IND3D0)                          0.04       1.49 f
  U883/ZN (CKND2D0)                         0.03       1.52 r
  U851/Z (AO21D0)                           0.04       1.56 r
  U888/ZN (IND3D0)                          0.04       1.60 f
  U890/ZN (CKND2D0)                         0.03       1.63 r
  U850/Z (AO21D0)                           0.04       1.67 r
  U895/ZN (IND3D0)                          0.04       1.72 f
  U897/ZN (CKND2D0)                         0.03       1.75 r
  U848/Z (AO21D0)                           0.04       1.79 r
  U902/ZN (IND3D0)                          0.04       1.83 f
  U905/ZN (CKND2D0)                         0.03       1.86 r
  U841/Z (AO21D0)                           0.04       1.90 r
  U910/ZN (IND3D0)                          0.04       1.95 f
  U911/ZN (XNR2D0)                          0.08       2.02 r
  U796/Z (CKXOR2D0)                         0.06       2.09 r
  DP_OP_120J1_126_8883_U132/CO (FA1D0)      0.08       2.17 r
  DP_OP_120J1_126_8883_U131/S (FA1D0)       0.08       2.25 r
  DP_OP_120J1_126_8883_U73/CO (FA1D0)       0.08       2.33 r
  DP_OP_120J1_126_8883_U72/S (FA1D0)        0.07       2.40 r
  U402/ZN (XNR2D0)                          0.08       2.49 f
  U659/ZN (CKND2D0)                         0.05       2.53 r
  U1133/ZN (XNR3D0)                         0.09       2.62 r
  U1134/ZN (XNR3D0)                         0.07       2.69 f
  intadd_0_U12/CO (FA1D0)                   0.10       2.79 f
  intadd_0_U11/CO (FA1D0)                   0.06       2.85 f
  intadd_0_U10/CO (FA1D0)                   0.06       2.91 f
  intadd_0_U9/CO (FA1D0)                    0.06       2.96 f
  intadd_0_U8/CO (FA1D0)                    0.06       3.02 f
  intadd_0_U7/CO (FA1D0)                    0.06       3.07 f
  intadd_0_U6/CO (FA1D0)                    0.06       3.13 f
  intadd_0_U5/CO (FA1D0)                    0.06       3.18 f
  intadd_0_U4/CO (FA1D0)                    0.06       3.24 f
  intadd_0_U3/CO (FA1D0)                    0.06       3.29 f
  intadd_0_U2/CO (FA1D0)                    0.06       3.35 f
  U324/ZN (MAOI222D0)                       0.06       3.41 r
  U323/ZN (XNR3D0)                          0.08       3.49 f
  U341/ZN (OAI21D0)                         0.08       3.57 r
  U351/ZN (CKND2D0)                         0.06       3.62 f
  U358/ZN (CKND2D0)                         0.15       3.77 r
  U1270/Z (XOR2D0)                          0.07       3.84 f
  DP_OP_109J1_128_5167_U11/CO (FA1D0)       0.06       3.90 f
  DP_OP_109J1_128_5167_U10/CO (FA1D0)       0.06       3.95 f
  DP_OP_109J1_128_5167_U9/CO (FA1D0)        0.06       4.01 f
  DP_OP_109J1_128_5167_U8/CO (FA1D0)        0.06       4.07 f
  DP_OP_109J1_128_5167_U7/CO (FA1D0)        0.06       4.12 f
  DP_OP_109J1_128_5167_U6/CO (FA1D0)        0.06       4.18 f
  DP_OP_109J1_128_5167_U5/CO (FA1D0)        0.06       4.23 f
  DP_OP_109J1_128_5167_U4/CO (FA1D0)        0.06       4.29 f
  DP_OP_109J1_128_5167_U3/S (FA1D0)         0.07       4.35 r
  U377/ZN (CKND2D0)                         0.02       4.37 f
  U378/ZN (IOA21D0)                         0.03       4.41 r
  U385/ZN (NR3D0)                           0.02       4.43 f
  U397/ZN (AOI211XD0)                       0.08       4.51 r
  U398/ZN (INVD0)                           0.05       4.56 f
  U289/ZN (NR3D0)                           0.04       4.60 r
  U260/ZN (CKND0)                           0.04       4.64 f
  U400/ZN (NR2XD0)                          0.12       4.77 r
  U615/ZN (AOI22D0)                         0.05       4.82 f
  U617/ZN (CKND2D0)                         0.06       4.88 r
  result[3] (out)                           0.00       4.88 r
  data arrival time                                    4.88

  clock vclk (rise edge)                   10.00      10.00
  clock network delay (ideal)               0.00      10.00
  output external delay                    -0.02       9.98
  data required time                                   9.98
  ------------------------------------------------------------
  data required time                                   9.98
  data arrival time                                   -4.88
  ------------------------------------------------------------
  slack (MET)                                          5.10


1
