 
****************************************
Report : timing
        -path full
        -delay max
        -max_paths 20
Design : oadm_fixed_l1_opt
Version: U-2022.12-SP7
Date   : Fri Aug 21 21:23:53 2026
****************************************

Operating Conditions: NCCOM   Library: tcbn65gplustc_ccs
Wire Load Model Mode: segmented

  Startpoint: y[22] (input port clocked by vclk)
  Endpoint: result[20] (output port clocked by vclk)
  Path Group: vclk
  Path Type: max

  Des/Clust/Port     Wire Load Model       Library
  ------------------------------------------------
  oadm_fixed_l1_opt  ZeroWireload          tcbn65gplustc_ccs

  Point                                     Incr       Path
  ------------------------------------------------------------
  clock vclk (rise edge)                    0.00       0.00
  clock network delay (ideal)               0.00       0.00
  input external delay                      0.02       0.02 f
  y[22] (in)                                0.00       0.02 f
  U279/ZN (INVD0)                           0.18       0.20 r
  U280/ZN (INVD1)                           0.10       0.31 f
  U283/ZN (INVD0)                           0.20       0.50 r
  U1060/ZN (NR3D0)                          0.04       0.54 f
  DP_OP_122J1_126_6637_U147/CO (FA1D0)      0.07       0.61 f
  DP_OP_122J1_126_6637_U146/CO (FA1D0)      0.06       0.66 f
  DP_OP_122J1_126_6637_U145/S (FA1D0)       0.08       0.74 r
  DP_OP_122J1_126_6637_U87/S (FA1D0)        0.11       0.85 f
  U246/Z (OR2D0)                            0.06       0.90 f
  U247/Z (OR2D0)                            0.06       0.96 f
  U248/Z (OR2D0)                            0.06       1.02 f
  U249/Z (OR2D0)                            0.06       1.07 f
  U250/Z (OR2D0)                            0.06       1.13 f
  U251/Z (OR2D0)                            0.06       1.19 f
  U252/Z (OR2D0)                            0.06       1.25 f
  U253/Z (OR2D0)                            0.06       1.30 f
  U254/Z (OR2D0)                            0.06       1.36 f
  U255/Z (OR2D0)                            0.06       1.42 f
  U256/Z (OR2D0)                            0.06       1.47 f
  U257/Z (OR2D0)                            0.06       1.53 f
  U258/Z (OR2D0)                            0.06       1.59 f
  U259/Z (OR2D0)                            0.06       1.64 f
  U260/Z (OR2D0)                            0.06       1.70 f
  U261/Z (OR2D0)                            0.06       1.76 f
  U262/Z (OR2D0)                            0.06       1.81 f
  U263/Z (OR2D0)                            0.06       1.87 f
  U264/Z (OR2D0)                            0.06       1.93 f
  U265/Z (OR2D0)                            0.06       1.99 f
  U270/Z (OR2D0)                            0.06       2.04 f
  U275/Z (OR2D0)                            0.06       2.10 f
  U276/Z (OR2D0)                            0.06       2.16 f
  U350/ZN (NR2D0)                           0.03       2.19 r
  U349/Z (CKXOR2D0)                         0.14       2.33 r
  U902/ZN (INVD0)                           0.03       2.36 f
  U903/ZN (OAI22D0)                         0.08       2.44 r
  U906/Z (XOR3D0)                           0.12       2.56 f
  intadd_0_U4/CO (FA1D0)                    0.10       2.66 f
  intadd_0_U3/CO (FA1D0)                    0.06       2.71 f
  intadd_0_U2/CO (FA1D0)                    0.05       2.77 f
  U306/ZN (XNR3D0)                          0.11       2.88 r
  U305/ZN (XNR3D0)                          0.06       2.94 r
  U302/ZN (OAI21D0)                         0.04       2.98 f
  U303/ZN (NR3D0)                           0.08       3.06 r
  U310/Z (OR2D0)                            0.12       3.18 r
  U1189/Z (XOR2D0)                          0.07       3.25 f
  DP_OP_111J1_128_3666_U11/CO (FA1D0)       0.06       3.31 f
  DP_OP_111J1_128_3666_U10/CO (FA1D0)       0.06       3.36 f
  DP_OP_111J1_128_3666_U9/CO (FA1D0)        0.06       3.42 f
  DP_OP_111J1_128_3666_U8/CO (FA1D0)        0.06       3.47 f
  DP_OP_111J1_128_3666_U7/CO (FA1D0)        0.06       3.53 f
  DP_OP_111J1_128_3666_U6/CO (FA1D0)        0.06       3.58 f
  DP_OP_111J1_128_3666_U5/CO (FA1D0)        0.06       3.64 f
  DP_OP_111J1_128_3666_U4/CO (FA1D0)        0.06       3.69 f
  DP_OP_111J1_128_3666_U3/S (FA1D0)         0.07       3.76 r
  U335/ZN (CKND2D0)                         0.02       3.78 f
  U336/ZN (IOA21D0)                         0.03       3.81 r
  U293/ZN (OAI31D0)                         0.03       3.84 f
  U288/ZN (AOI21D0)                         0.11       3.95 r
  U366/ZN (CKND2D0)                         0.06       4.02 f
  U367/ZN (INVD0)                           0.04       4.06 r
  U376/ZN (CKND2D0)                         0.04       4.10 f
  U429/ZN (INVD0)                           0.11       4.22 r
  U197/ZN (AOI22D0)                         0.05       4.27 f
  U191/ZN (OAI211D0)                        0.06       4.32 r
  result[20] (out)                          0.00       4.32 r
  data arrival time                                    4.32

  clock vclk (rise edge)                   10.00      10.00
  clock network delay (ideal)               0.00      10.00
  output external delay                    -0.02       9.98
  data required time                                   9.98
  ------------------------------------------------------------
  data required time                                   9.98
  data arrival time                                   -4.32
  ------------------------------------------------------------
  slack (MET)                                          5.66


  Startpoint: y[22] (input port clocked by vclk)
  Endpoint: result[2] (output port clocked by vclk)
  Path Group: vclk
  Path Type: max

  Des/Clust/Port     Wire Load Model       Library
  ------------------------------------------------
  oadm_fixed_l1_opt  ZeroWireload          tcbn65gplustc_ccs

  Point                                     Incr       Path
  ------------------------------------------------------------
  clock vclk (rise edge)                    0.00       0.00
  clock network delay (ideal)               0.00       0.00
  input external delay                      0.02       0.02 f
  y[22] (in)                                0.00       0.02 f
  U279/ZN (INVD0)                           0.18       0.20 r
  U280/ZN (INVD1)                           0.10       0.31 f
  U283/ZN (INVD0)                           0.20       0.50 r
  U1060/ZN (NR3D0)                          0.04       0.54 f
  DP_OP_122J1_126_6637_U147/CO (FA1D0)      0.07       0.61 f
  DP_OP_122J1_126_6637_U146/CO (FA1D0)      0.06       0.66 f
  DP_OP_122J1_126_6637_U145/S (FA1D0)       0.08       0.74 r
  DP_OP_122J1_126_6637_U87/S (FA1D0)        0.11       0.85 f
  U246/Z (OR2D0)                            0.06       0.90 f
  U247/Z (OR2D0)                            0.06       0.96 f
  U248/Z (OR2D0)                            0.06       1.02 f
  U249/Z (OR2D0)                            0.06       1.07 f
  U250/Z (OR2D0)                            0.06       1.13 f
  U251/Z (OR2D0)                            0.06       1.19 f
  U252/Z (OR2D0)                            0.06       1.25 f
  U253/Z (OR2D0)                            0.06       1.30 f
  U254/Z (OR2D0)                            0.06       1.36 f
  U255/Z (OR2D0)                            0.06       1.42 f
  U256/Z (OR2D0)                            0.06       1.47 f
  U257/Z (OR2D0)                            0.06       1.53 f
  U258/Z (OR2D0)                            0.06       1.59 f
  U259/Z (OR2D0)                            0.06       1.64 f
  U260/Z (OR2D0)                            0.06       1.70 f
  U261/Z (OR2D0)                            0.06       1.76 f
  U262/Z (OR2D0)                            0.06       1.81 f
  U263/Z (OR2D0)                            0.06       1.87 f
  U264/Z (OR2D0)                            0.06       1.93 f
  U265/Z (OR2D0)                            0.06       1.99 f
  U270/Z (OR2D0)                            0.06       2.04 f
  U275/Z (OR2D0)                            0.06       2.10 f
  U276/Z (OR2D0)                            0.06       2.16 f
  U350/ZN (NR2D0)                           0.03       2.19 r
  U349/Z (CKXOR2D0)                         0.14       2.33 r
  U902/ZN (INVD0)                           0.03       2.36 f
  U903/ZN (OAI22D0)                         0.08       2.44 r
  U906/Z (XOR3D0)                           0.12       2.56 f
  intadd_0_U4/CO (FA1D0)                    0.10       2.66 f
  intadd_0_U3/CO (FA1D0)                    0.06       2.71 f
  intadd_0_U2/CO (FA1D0)                    0.05       2.77 f
  U306/ZN (XNR3D0)                          0.11       2.88 r
  U305/ZN (XNR3D0)                          0.06       2.94 r
  U302/ZN (OAI21D0)                         0.04       2.98 f
  U303/ZN (NR3D0)                           0.08       3.06 r
  U310/Z (OR2D0)                            0.12       3.18 r
  U1189/Z (XOR2D0)                          0.07       3.25 f
  DP_OP_111J1_128_3666_U11/CO (FA1D0)       0.06       3.31 f
  DP_OP_111J1_128_3666_U10/CO (FA1D0)       0.06       3.36 f
  DP_OP_111J1_128_3666_U9/CO (FA1D0)        0.06       3.42 f
  DP_OP_111J1_128_3666_U8/CO (FA1D0)        0.06       3.47 f
  DP_OP_111J1_128_3666_U7/CO (FA1D0)        0.06       3.53 f
  DP_OP_111J1_128_3666_U6/CO (FA1D0)        0.06       3.58 f
  DP_OP_111J1_128_3666_U5/CO (FA1D0)        0.06       3.64 f
  DP_OP_111J1_128_3666_U4/CO (FA1D0)        0.06       3.69 f
  DP_OP_111J1_128_3666_U3/S (FA1D0)         0.07       3.76 r
  U335/ZN (CKND2D0)                         0.02       3.78 f
  U336/ZN (IOA21D0)                         0.03       3.81 r
  U293/ZN (OAI31D0)                         0.03       3.84 f
  U288/ZN (AOI21D0)                         0.11       3.95 r
  U366/ZN (CKND2D0)                         0.06       4.02 f
  U367/ZN (INVD0)                           0.04       4.06 r
  U376/ZN (CKND2D0)                         0.04       4.10 f
  U429/ZN (INVD0)                           0.11       4.22 r
  U443/ZN (AOI22D0)                         0.04       4.26 f
  U445/ZN (OAI211D0)                        0.06       4.32 r
  result[2] (out)                           0.00       4.32 r
  data arrival time                                    4.32

  clock vclk (rise edge)                   10.00      10.00
  clock network delay (ideal)               0.00      10.00
  output external delay                    -0.02       9.98
  data required time                                   9.98
  ------------------------------------------------------------
  data required time                                   9.98
  data arrival time                                   -4.32
  ------------------------------------------------------------
  slack (MET)                                          5.66


  Startpoint: y[22] (input port clocked by vclk)
  Endpoint: result[3] (output port clocked by vclk)
  Path Group: vclk
  Path Type: max

  Des/Clust/Port     Wire Load Model       Library
  ------------------------------------------------
  oadm_fixed_l1_opt  ZeroWireload          tcbn65gplustc_ccs

  Point                                     Incr       Path
  ------------------------------------------------------------
  clock vclk (rise edge)                    0.00       0.00
  clock network delay (ideal)               0.00       0.00
  input external delay                      0.02       0.02 f
  y[22] (in)                                0.00       0.02 f
  U279/ZN (INVD0)                           0.18       0.20 r
  U280/ZN (INVD1)                           0.10       0.31 f
  U283/ZN (INVD0)                           0.20       0.50 r
  U1060/ZN (NR3D0)                          0.04       0.54 f
  DP_OP_122J1_126_6637_U147/CO (FA1D0)      0.07       0.61 f
  DP_OP_122J1_126_6637_U146/CO (FA1D0)      0.06       0.66 f
  DP_OP_122J1_126_6637_U145/S (FA1D0)       0.08       0.74 r
  DP_OP_122J1_126_6637_U87/S (FA1D0)        0.11       0.85 f
  U246/Z (OR2D0)                            0.06       0.90 f
  U247/Z (OR2D0)                            0.06       0.96 f
  U248/Z (OR2D0)                            0.06       1.02 f
  U249/Z (OR2D0)                            0.06       1.07 f
  U250/Z (OR2D0)                            0.06       1.13 f
  U251/Z (OR2D0)                            0.06       1.19 f
  U252/Z (OR2D0)                            0.06       1.25 f
  U253/Z (OR2D0)                            0.06       1.30 f
  U254/Z (OR2D0)                            0.06       1.36 f
  U255/Z (OR2D0)                            0.06       1.42 f
  U256/Z (OR2D0)                            0.06       1.47 f
  U257/Z (OR2D0)                            0.06       1.53 f
  U258/Z (OR2D0)                            0.06       1.59 f
  U259/Z (OR2D0)                            0.06       1.64 f
  U260/Z (OR2D0)                            0.06       1.70 f
  U261/Z (OR2D0)                            0.06       1.76 f
  U262/Z (OR2D0)                            0.06       1.81 f
  U263/Z (OR2D0)                            0.06       1.87 f
  U264/Z (OR2D0)                            0.06       1.93 f
  U265/Z (OR2D0)                            0.06       1.99 f
  U270/Z (OR2D0)                            0.06       2.04 f
  U275/Z (OR2D0)                            0.06       2.10 f
  U276/Z (OR2D0)                            0.06       2.16 f
  U350/ZN (NR2D0)                           0.03       2.19 r
  U349/Z (CKXOR2D0)                         0.14       2.33 r
  U902/ZN (INVD0)                           0.03       2.36 f
  U903/ZN (OAI22D0)                         0.08       2.44 r
  U906/Z (XOR3D0)                           0.12       2.56 f
  intadd_0_U4/CO (FA1D0)                    0.10       2.66 f
  intadd_0_U3/CO (FA1D0)                    0.06       2.71 f
  intadd_0_U2/CO (FA1D0)                    0.05       2.77 f
  U306/ZN (XNR3D0)                          0.11       2.88 r
  U305/ZN (XNR3D0)                          0.06       2.94 r
  U302/ZN (OAI21D0)                         0.04       2.98 f
  U303/ZN (NR3D0)                           0.08       3.06 r
  U310/Z (OR2D0)                            0.12       3.18 r
  U1189/Z (XOR2D0)                          0.07       3.25 f
  DP_OP_111J1_128_3666_U11/CO (FA1D0)       0.06       3.31 f
  DP_OP_111J1_128_3666_U10/CO (FA1D0)       0.06       3.36 f
  DP_OP_111J1_128_3666_U9/CO (FA1D0)        0.06       3.42 f
  DP_OP_111J1_128_3666_U8/CO (FA1D0)        0.06       3.47 f
  DP_OP_111J1_128_3666_U7/CO (FA1D0)        0.06       3.53 f
  DP_OP_111J1_128_3666_U6/CO (FA1D0)        0.06       3.58 f
  DP_OP_111J1_128_3666_U5/CO (FA1D0)        0.06       3.64 f
  DP_OP_111J1_128_3666_U4/CO (FA1D0)        0.06       3.69 f
  DP_OP_111J1_128_3666_U3/S (FA1D0)         0.07       3.76 r
  U335/ZN (CKND2D0)                         0.02       3.78 f
  U336/ZN (IOA21D0)                         0.03       3.81 r
  U293/ZN (OAI31D0)                         0.03       3.84 f
  U288/ZN (AOI21D0)                         0.11       3.95 r
  U366/ZN (CKND2D0)                         0.06       4.02 f
  U367/ZN (INVD0)                           0.04       4.06 r
  U376/ZN (CKND2D0)                         0.04       4.10 f
  U429/ZN (INVD0)                           0.11       4.22 r
  U446/ZN (AOI22D0)                         0.04       4.26 f
  U448/ZN (OAI211D0)                        0.06       4.32 r
  result[3] (out)                           0.00       4.32 r
  data arrival time                                    4.32

  clock vclk (rise edge)                   10.00      10.00
  clock network delay (ideal)               0.00      10.00
  output external delay                    -0.02       9.98
  data required time                                   9.98
  ------------------------------------------------------------
  data required time                                   9.98
  data arrival time                                   -4.32
  ------------------------------------------------------------
  slack (MET)                                          5.66


  Startpoint: y[22] (input port clocked by vclk)
  Endpoint: result[19] (output port clocked by vclk)
  Path Group: vclk
  Path Type: max

  Des/Clust/Port     Wire Load Model       Library
  ------------------------------------------------
  oadm_fixed_l1_opt  ZeroWireload          tcbn65gplustc_ccs

  Point                                     Incr       Path
  ------------------------------------------------------------
  clock vclk (rise edge)                    0.00       0.00
  clock network delay (ideal)               0.00       0.00
  input external delay                      0.02       0.02 f
  y[22] (in)                                0.00       0.02 f
  U279/ZN (INVD0)                           0.18       0.20 r
  U280/ZN (INVD1)                           0.10       0.31 f
  U283/ZN (INVD0)                           0.20       0.50 r
  U1060/ZN (NR3D0)                          0.04       0.54 f
  DP_OP_122J1_126_6637_U147/CO (FA1D0)      0.07       0.61 f
  DP_OP_122J1_126_6637_U146/CO (FA1D0)      0.06       0.66 f
  DP_OP_122J1_126_6637_U145/S (FA1D0)       0.08       0.74 r
  DP_OP_122J1_126_6637_U87/S (FA1D0)        0.11       0.85 f
  U246/Z (OR2D0)                            0.06       0.90 f
  U247/Z (OR2D0)                            0.06       0.96 f
  U248/Z (OR2D0)                            0.06       1.02 f
  U249/Z (OR2D0)                            0.06       1.07 f
  U250/Z (OR2D0)                            0.06       1.13 f
  U251/Z (OR2D0)                            0.06       1.19 f
  U252/Z (OR2D0)                            0.06       1.25 f
  U253/Z (OR2D0)                            0.06       1.30 f
  U254/Z (OR2D0)                            0.06       1.36 f
  U255/Z (OR2D0)                            0.06       1.42 f
  U256/Z (OR2D0)                            0.06       1.47 f
  U257/Z (OR2D0)                            0.06       1.53 f
  U258/Z (OR2D0)                            0.06       1.59 f
  U259/Z (OR2D0)                            0.06       1.64 f
  U260/Z (OR2D0)                            0.06       1.70 f
  U261/Z (OR2D0)                            0.06       1.76 f
  U262/Z (OR2D0)                            0.06       1.81 f
  U263/Z (OR2D0)                            0.06       1.87 f
  U264/Z (OR2D0)                            0.06       1.93 f
  U265/Z (OR2D0)                            0.06       1.99 f
  U270/Z (OR2D0)                            0.06       2.04 f
  U275/Z (OR2D0)                            0.06       2.10 f
  U276/Z (OR2D0)                            0.06       2.16 f
  U350/ZN (NR2D0)                           0.03       2.19 r
  U349/Z (CKXOR2D0)                         0.14       2.33 r
  U902/ZN (INVD0)                           0.03       2.36 f
  U903/ZN (OAI22D0)                         0.08       2.44 r
  U906/Z (XOR3D0)                           0.12       2.56 f
  intadd_0_U4/CO (FA1D0)                    0.10       2.66 f
  intadd_0_U3/CO (FA1D0)                    0.06       2.71 f
  intadd_0_U2/CO (FA1D0)                    0.05       2.77 f
  U306/ZN (XNR3D0)                          0.11       2.88 r
  U305/ZN (XNR3D0)                          0.06       2.94 r
  U302/ZN (OAI21D0)                         0.04       2.98 f
  U303/ZN (NR3D0)                           0.08       3.06 r
  U310/Z (OR2D0)                            0.12       3.18 r
  U1189/Z (XOR2D0)                          0.07       3.25 f
  DP_OP_111J1_128_3666_U11/CO (FA1D0)       0.06       3.31 f
  DP_OP_111J1_128_3666_U10/CO (FA1D0)       0.06       3.36 f
  DP_OP_111J1_128_3666_U9/CO (FA1D0)        0.06       3.42 f
  DP_OP_111J1_128_3666_U8/CO (FA1D0)        0.06       3.47 f
  DP_OP_111J1_128_3666_U7/CO (FA1D0)        0.06       3.53 f
  DP_OP_111J1_128_3666_U6/CO (FA1D0)        0.06       3.58 f
  DP_OP_111J1_128_3666_U5/CO (FA1D0)        0.06       3.64 f
  DP_OP_111J1_128_3666_U4/CO (FA1D0)        0.06       3.69 f
  DP_OP_111J1_128_3666_U3/S (FA1D0)         0.07       3.76 r
  U335/ZN (CKND2D0)                         0.02       3.78 f
  U336/ZN (IOA21D0)                         0.03       3.81 r
  U293/ZN (OAI31D0)                         0.03       3.84 f
  U288/ZN (AOI21D0)                         0.11       3.95 r
  U366/ZN (CKND2D0)                         0.06       4.02 f
  U367/ZN (INVD0)                           0.04       4.06 r
  U376/ZN (CKND2D0)                         0.04       4.10 f
  U429/ZN (INVD0)                           0.11       4.22 r
  U466/ZN (AOI22D0)                         0.04       4.25 f
  U467/ZN (CKND2D0)                         0.06       4.32 r
  result[19] (out)                          0.00       4.32 r
  data arrival time                                    4.32

  clock vclk (rise edge)                   10.00      10.00
  clock network delay (ideal)               0.00      10.00
  output external delay                    -0.02       9.98
  data required time                                   9.98
  ------------------------------------------------------------
  data required time                                   9.98
  data arrival time                                   -4.32
  ------------------------------------------------------------
  slack (MET)                                          5.66


  Startpoint: y[22] (input port clocked by vclk)
  Endpoint: result[18] (output port clocked by vclk)
  Path Group: vclk
  Path Type: max

  Des/Clust/Port     Wire Load Model       Library
  ------------------------------------------------
  oadm_fixed_l1_opt  ZeroWireload          tcbn65gplustc_ccs

  Point                                     Incr       Path
  ------------------------------------------------------------
  clock vclk (rise edge)                    0.00       0.00
  clock network delay (ideal)               0.00       0.00
  input external delay                      0.02       0.02 f
  y[22] (in)                                0.00       0.02 f
  U279/ZN (INVD0)                           0.18       0.20 r
  U280/ZN (INVD1)                           0.10       0.31 f
  U283/ZN (INVD0)                           0.20       0.50 r
  U1060/ZN (NR3D0)                          0.04       0.54 f
  DP_OP_122J1_126_6637_U147/CO (FA1D0)      0.07       0.61 f
  DP_OP_122J1_126_6637_U146/CO (FA1D0)      0.06       0.66 f
  DP_OP_122J1_126_6637_U145/S (FA1D0)       0.08       0.74 r
  DP_OP_122J1_126_6637_U87/S (FA1D0)        0.11       0.85 f
  U246/Z (OR2D0)                            0.06       0.90 f
  U247/Z (OR2D0)                            0.06       0.96 f
  U248/Z (OR2D0)                            0.06       1.02 f
  U249/Z (OR2D0)                            0.06       1.07 f
  U250/Z (OR2D0)                            0.06       1.13 f
  U251/Z (OR2D0)                            0.06       1.19 f
  U252/Z (OR2D0)                            0.06       1.25 f
  U253/Z (OR2D0)                            0.06       1.30 f
  U254/Z (OR2D0)                            0.06       1.36 f
  U255/Z (OR2D0)                            0.06       1.42 f
  U256/Z (OR2D0)                            0.06       1.47 f
  U257/Z (OR2D0)                            0.06       1.53 f
  U258/Z (OR2D0)                            0.06       1.59 f
  U259/Z (OR2D0)                            0.06       1.64 f
  U260/Z (OR2D0)                            0.06       1.70 f
  U261/Z (OR2D0)                            0.06       1.76 f
  U262/Z (OR2D0)                            0.06       1.81 f
  U263/Z (OR2D0)                            0.06       1.87 f
  U264/Z (OR2D0)                            0.06       1.93 f
  U265/Z (OR2D0)                            0.06       1.99 f
  U270/Z (OR2D0)                            0.06       2.04 f
  U275/Z (OR2D0)                            0.06       2.10 f
  U276/Z (OR2D0)                            0.06       2.16 f
  U350/ZN (NR2D0)                           0.03       2.19 r
  U349/Z (CKXOR2D0)                         0.14       2.33 r
  U902/ZN (INVD0)                           0.03       2.36 f
  U903/ZN (OAI22D0)                         0.08       2.44 r
  U906/Z (XOR3D0)                           0.12       2.56 f
  intadd_0_U4/CO (FA1D0)                    0.10       2.66 f
  intadd_0_U3/CO (FA1D0)                    0.06       2.71 f
  intadd_0_U2/CO (FA1D0)                    0.05       2.77 f
  U306/ZN (XNR3D0)                          0.11       2.88 r
  U305/ZN (XNR3D0)                          0.06       2.94 r
  U302/ZN (OAI21D0)                         0.04       2.98 f
  U303/ZN (NR3D0)                           0.08       3.06 r
  U310/Z (OR2D0)                            0.12       3.18 r
  U1189/Z (XOR2D0)                          0.07       3.25 f
  DP_OP_111J1_128_3666_U11/CO (FA1D0)       0.06       3.31 f
  DP_OP_111J1_128_3666_U10/CO (FA1D0)       0.06       3.36 f
  DP_OP_111J1_128_3666_U9/CO (FA1D0)        0.06       3.42 f
  DP_OP_111J1_128_3666_U8/CO (FA1D0)        0.06       3.47 f
  DP_OP_111J1_128_3666_U7/CO (FA1D0)        0.06       3.53 f
  DP_OP_111J1_128_3666_U6/CO (FA1D0)        0.06       3.58 f
  DP_OP_111J1_128_3666_U5/CO (FA1D0)        0.06       3.64 f
  DP_OP_111J1_128_3666_U4/CO (FA1D0)        0.06       3.69 f
  DP_OP_111J1_128_3666_U3/S (FA1D0)         0.07       3.76 r
  U335/ZN (CKND2D0)                         0.02       3.78 f
  U336/ZN (IOA21D0)                         0.03       3.81 r
  U293/ZN (OAI31D0)                         0.03       3.84 f
  U288/ZN (AOI21D0)                         0.11       3.95 r
  U366/ZN (CKND2D0)                         0.06       4.02 f
  U367/ZN (INVD0)                           0.04       4.06 r
  U376/ZN (CKND2D0)                         0.04       4.10 f
  U429/ZN (INVD0)                           0.11       4.22 r
  U463/ZN (AOI22D0)                         0.04       4.25 f
  U464/ZN (CKND2D0)                         0.06       4.32 r
  result[18] (out)                          0.00       4.32 r
  data arrival time                                    4.32

  clock vclk (rise edge)                   10.00      10.00
  clock network delay (ideal)               0.00      10.00
  output external delay                    -0.02       9.98
  data required time                                   9.98
  ------------------------------------------------------------
  data required time                                   9.98
  data arrival time                                   -4.32
  ------------------------------------------------------------
  slack (MET)                                          5.66


  Startpoint: y[22] (input port clocked by vclk)
  Endpoint: result[17] (output port clocked by vclk)
  Path Group: vclk
  Path Type: max

  Des/Clust/Port     Wire Load Model       Library
  ------------------------------------------------
  oadm_fixed_l1_opt  ZeroWireload          tcbn65gplustc_ccs

  Point                                     Incr       Path
  ------------------------------------------------------------
  clock vclk (rise edge)                    0.00       0.00
  clock network delay (ideal)               0.00       0.00
  input external delay                      0.02       0.02 f
  y[22] (in)                                0.00       0.02 f
  U279/ZN (INVD0)                           0.18       0.20 r
  U280/ZN (INVD1)                           0.10       0.31 f
  U283/ZN (INVD0)                           0.20       0.50 r
  U1060/ZN (NR3D0)                          0.04       0.54 f
  DP_OP_122J1_126_6637_U147/CO (FA1D0)      0.07       0.61 f
  DP_OP_122J1_126_6637_U146/CO (FA1D0)      0.06       0.66 f
  DP_OP_122J1_126_6637_U145/S (FA1D0)       0.08       0.74 r
  DP_OP_122J1_126_6637_U87/S (FA1D0)        0.11       0.85 f
  U246/Z (OR2D0)                            0.06       0.90 f
  U247/Z (OR2D0)                            0.06       0.96 f
  U248/Z (OR2D0)                            0.06       1.02 f
  U249/Z (OR2D0)                            0.06       1.07 f
  U250/Z (OR2D0)                            0.06       1.13 f
  U251/Z (OR2D0)                            0.06       1.19 f
  U252/Z (OR2D0)                            0.06       1.25 f
  U253/Z (OR2D0)                            0.06       1.30 f
  U254/Z (OR2D0)                            0.06       1.36 f
  U255/Z (OR2D0)                            0.06       1.42 f
  U256/Z (OR2D0)                            0.06       1.47 f
  U257/Z (OR2D0)                            0.06       1.53 f
  U258/Z (OR2D0)                            0.06       1.59 f
  U259/Z (OR2D0)                            0.06       1.64 f
  U260/Z (OR2D0)                            0.06       1.70 f
  U261/Z (OR2D0)                            0.06       1.76 f
  U262/Z (OR2D0)                            0.06       1.81 f
  U263/Z (OR2D0)                            0.06       1.87 f
  U264/Z (OR2D0)                            0.06       1.93 f
  U265/Z (OR2D0)                            0.06       1.99 f
  U270/Z (OR2D0)                            0.06       2.04 f
  U275/Z (OR2D0)                            0.06       2.10 f
  U276/Z (OR2D0)                            0.06       2.16 f
  U350/ZN (NR2D0)                           0.03       2.19 r
  U349/Z (CKXOR2D0)                         0.14       2.33 r
  U902/ZN (INVD0)                           0.03       2.36 f
  U903/ZN (OAI22D0)                         0.08       2.44 r
  U906/Z (XOR3D0)                           0.12       2.56 f
  intadd_0_U4/CO (FA1D0)                    0.10       2.66 f
  intadd_0_U3/CO (FA1D0)                    0.06       2.71 f
  intadd_0_U2/CO (FA1D0)                    0.05       2.77 f
  U306/ZN (XNR3D0)                          0.11       2.88 r
  U305/ZN (XNR3D0)                          0.06       2.94 r
  U302/ZN (OAI21D0)                         0.04       2.98 f
  U303/ZN (NR3D0)                           0.08       3.06 r
  U310/Z (OR2D0)                            0.12       3.18 r
  U1189/Z (XOR2D0)                          0.07       3.25 f
  DP_OP_111J1_128_3666_U11/CO (FA1D0)       0.06       3.31 f
  DP_OP_111J1_128_3666_U10/CO (FA1D0)       0.06       3.36 f
  DP_OP_111J1_128_3666_U9/CO (FA1D0)        0.06       3.42 f
  DP_OP_111J1_128_3666_U8/CO (FA1D0)        0.06       3.47 f
  DP_OP_111J1_128_3666_U7/CO (FA1D0)        0.06       3.53 f
  DP_OP_111J1_128_3666_U6/CO (FA1D0)        0.06       3.58 f
  DP_OP_111J1_128_3666_U5/CO (FA1D0)        0.06       3.64 f
  DP_OP_111J1_128_3666_U4/CO (FA1D0)        0.06       3.69 f
  DP_OP_111J1_128_3666_U3/S (FA1D0)         0.07       3.76 r
  U335/ZN (CKND2D0)                         0.02       3.78 f
  U336/ZN (IOA21D0)                         0.03       3.81 r
  U293/ZN (OAI31D0)                         0.03       3.84 f
  U288/ZN (AOI21D0)                         0.11       3.95 r
  U366/ZN (CKND2D0)                         0.06       4.02 f
  U367/ZN (INVD0)                           0.04       4.06 r
  U376/ZN (CKND2D0)                         0.04       4.10 f
  U429/ZN (INVD0)                           0.11       4.22 r
  U517/ZN (AOI22D0)                         0.04       4.25 f
  U518/ZN (CKND2D0)                         0.06       4.32 r
  result[17] (out)                          0.00       4.32 r
  data arrival time                                    4.32

  clock vclk (rise edge)                   10.00      10.00
  clock network delay (ideal)               0.00      10.00
  output external delay                    -0.02       9.98
  data required time                                   9.98
  ------------------------------------------------------------
  data required time                                   9.98
  data arrival time                                   -4.32
  ------------------------------------------------------------
  slack (MET)                                          5.66


  Startpoint: y[22] (input port clocked by vclk)
  Endpoint: result[16] (output port clocked by vclk)
  Path Group: vclk
  Path Type: max

  Des/Clust/Port     Wire Load Model       Library
  ------------------------------------------------
  oadm_fixed_l1_opt  ZeroWireload          tcbn65gplustc_ccs

  Point                                     Incr       Path
  ------------------------------------------------------------
  clock vclk (rise edge)                    0.00       0.00
  clock network delay (ideal)               0.00       0.00
  input external delay                      0.02       0.02 f
  y[22] (in)                                0.00       0.02 f
  U279/ZN (INVD0)                           0.18       0.20 r
  U280/ZN (INVD1)                           0.10       0.31 f
  U283/ZN (INVD0)                           0.20       0.50 r
  U1060/ZN (NR3D0)                          0.04       0.54 f
  DP_OP_122J1_126_6637_U147/CO (FA1D0)      0.07       0.61 f
  DP_OP_122J1_126_6637_U146/CO (FA1D0)      0.06       0.66 f
  DP_OP_122J1_126_6637_U145/S (FA1D0)       0.08       0.74 r
  DP_OP_122J1_126_6637_U87/S (FA1D0)        0.11       0.85 f
  U246/Z (OR2D0)                            0.06       0.90 f
  U247/Z (OR2D0)                            0.06       0.96 f
  U248/Z (OR2D0)                            0.06       1.02 f
  U249/Z (OR2D0)                            0.06       1.07 f
  U250/Z (OR2D0)                            0.06       1.13 f
  U251/Z (OR2D0)                            0.06       1.19 f
  U252/Z (OR2D0)                            0.06       1.25 f
  U253/Z (OR2D0)                            0.06       1.30 f
  U254/Z (OR2D0)                            0.06       1.36 f
  U255/Z (OR2D0)                            0.06       1.42 f
  U256/Z (OR2D0)                            0.06       1.47 f
  U257/Z (OR2D0)                            0.06       1.53 f
  U258/Z (OR2D0)                            0.06       1.59 f
  U259/Z (OR2D0)                            0.06       1.64 f
  U260/Z (OR2D0)                            0.06       1.70 f
  U261/Z (OR2D0)                            0.06       1.76 f
  U262/Z (OR2D0)                            0.06       1.81 f
  U263/Z (OR2D0)                            0.06       1.87 f
  U264/Z (OR2D0)                            0.06       1.93 f
  U265/Z (OR2D0)                            0.06       1.99 f
  U270/Z (OR2D0)                            0.06       2.04 f
  U275/Z (OR2D0)                            0.06       2.10 f
  U276/Z (OR2D0)                            0.06       2.16 f
  U350/ZN (NR2D0)                           0.03       2.19 r
  U349/Z (CKXOR2D0)                         0.14       2.33 r
  U902/ZN (INVD0)                           0.03       2.36 f
  U903/ZN (OAI22D0)                         0.08       2.44 r
  U906/Z (XOR3D0)                           0.12       2.56 f
  intadd_0_U4/CO (FA1D0)                    0.10       2.66 f
  intadd_0_U3/CO (FA1D0)                    0.06       2.71 f
  intadd_0_U2/CO (FA1D0)                    0.05       2.77 f
  U306/ZN (XNR3D0)                          0.11       2.88 r
  U305/ZN (XNR3D0)                          0.06       2.94 r
  U302/ZN (OAI21D0)                         0.04       2.98 f
  U303/ZN (NR3D0)                           0.08       3.06 r
  U310/Z (OR2D0)                            0.12       3.18 r
  U1189/Z (XOR2D0)                          0.07       3.25 f
  DP_OP_111J1_128_3666_U11/CO (FA1D0)       0.06       3.31 f
  DP_OP_111J1_128_3666_U10/CO (FA1D0)       0.06       3.36 f
  DP_OP_111J1_128_3666_U9/CO (FA1D0)        0.06       3.42 f
  DP_OP_111J1_128_3666_U8/CO (FA1D0)        0.06       3.47 f
  DP_OP_111J1_128_3666_U7/CO (FA1D0)        0.06       3.53 f
  DP_OP_111J1_128_3666_U6/CO (FA1D0)        0.06       3.58 f
  DP_OP_111J1_128_3666_U5/CO (FA1D0)        0.06       3.64 f
  DP_OP_111J1_128_3666_U4/CO (FA1D0)        0.06       3.69 f
  DP_OP_111J1_128_3666_U3/S (FA1D0)         0.07       3.76 r
  U335/ZN (CKND2D0)                         0.02       3.78 f
  U336/ZN (IOA21D0)                         0.03       3.81 r
  U293/ZN (OAI31D0)                         0.03       3.84 f
  U288/ZN (AOI21D0)                         0.11       3.95 r
  U366/ZN (CKND2D0)                         0.06       4.02 f
  U367/ZN (INVD0)                           0.04       4.06 r
  U376/ZN (CKND2D0)                         0.04       4.10 f
  U429/ZN (INVD0)                           0.11       4.22 r
  U535/ZN (AOI22D0)                         0.04       4.25 f
  U536/ZN (CKND2D0)                         0.06       4.32 r
  result[16] (out)                          0.00       4.32 r
  data arrival time                                    4.32

  clock vclk (rise edge)                   10.00      10.00
  clock network delay (ideal)               0.00      10.00
  output external delay                    -0.02       9.98
  data required time                                   9.98
  ------------------------------------------------------------
  data required time                                   9.98
  data arrival time                                   -4.32
  ------------------------------------------------------------
  slack (MET)                                          5.66


  Startpoint: y[22] (input port clocked by vclk)
  Endpoint: result[15] (output port clocked by vclk)
  Path Group: vclk
  Path Type: max

  Des/Clust/Port     Wire Load Model       Library
  ------------------------------------------------
  oadm_fixed_l1_opt  ZeroWireload          tcbn65gplustc_ccs

  Point                                     Incr       Path
  ------------------------------------------------------------
  clock vclk (rise edge)                    0.00       0.00
  clock network delay (ideal)               0.00       0.00
  input external delay                      0.02       0.02 f
  y[22] (in)                                0.00       0.02 f
  U279/ZN (INVD0)                           0.18       0.20 r
  U280/ZN (INVD1)                           0.10       0.31 f
  U283/ZN (INVD0)                           0.20       0.50 r
  U1060/ZN (NR3D0)                          0.04       0.54 f
  DP_OP_122J1_126_6637_U147/CO (FA1D0)      0.07       0.61 f
  DP_OP_122J1_126_6637_U146/CO (FA1D0)      0.06       0.66 f
  DP_OP_122J1_126_6637_U145/S (FA1D0)       0.08       0.74 r
  DP_OP_122J1_126_6637_U87/S (FA1D0)        0.11       0.85 f
  U246/Z (OR2D0)                            0.06       0.90 f
  U247/Z (OR2D0)                            0.06       0.96 f
  U248/Z (OR2D0)                            0.06       1.02 f
  U249/Z (OR2D0)                            0.06       1.07 f
  U250/Z (OR2D0)                            0.06       1.13 f
  U251/Z (OR2D0)                            0.06       1.19 f
  U252/Z (OR2D0)                            0.06       1.25 f
  U253/Z (OR2D0)                            0.06       1.30 f
  U254/Z (OR2D0)                            0.06       1.36 f
  U255/Z (OR2D0)                            0.06       1.42 f
  U256/Z (OR2D0)                            0.06       1.47 f
  U257/Z (OR2D0)                            0.06       1.53 f
  U258/Z (OR2D0)                            0.06       1.59 f
  U259/Z (OR2D0)                            0.06       1.64 f
  U260/Z (OR2D0)                            0.06       1.70 f
  U261/Z (OR2D0)                            0.06       1.76 f
  U262/Z (OR2D0)                            0.06       1.81 f
  U263/Z (OR2D0)                            0.06       1.87 f
  U264/Z (OR2D0)                            0.06       1.93 f
  U265/Z (OR2D0)                            0.06       1.99 f
  U270/Z (OR2D0)                            0.06       2.04 f
  U275/Z (OR2D0)                            0.06       2.10 f
  U276/Z (OR2D0)                            0.06       2.16 f
  U350/ZN (NR2D0)                           0.03       2.19 r
  U349/Z (CKXOR2D0)                         0.14       2.33 r
  U902/ZN (INVD0)                           0.03       2.36 f
  U903/ZN (OAI22D0)                         0.08       2.44 r
  U906/Z (XOR3D0)                           0.12       2.56 f
  intadd_0_U4/CO (FA1D0)                    0.10       2.66 f
  intadd_0_U3/CO (FA1D0)                    0.06       2.71 f
  intadd_0_U2/CO (FA1D0)                    0.05       2.77 f
  U306/ZN (XNR3D0)                          0.11       2.88 r
  U305/ZN (XNR3D0)                          0.06       2.94 r
  U302/ZN (OAI21D0)                         0.04       2.98 f
  U303/ZN (NR3D0)                           0.08       3.06 r
  U310/Z (OR2D0)                            0.12       3.18 r
  U1189/Z (XOR2D0)                          0.07       3.25 f
  DP_OP_111J1_128_3666_U11/CO (FA1D0)       0.06       3.31 f
  DP_OP_111J1_128_3666_U10/CO (FA1D0)       0.06       3.36 f
  DP_OP_111J1_128_3666_U9/CO (FA1D0)        0.06       3.42 f
  DP_OP_111J1_128_3666_U8/CO (FA1D0)        0.06       3.47 f
  DP_OP_111J1_128_3666_U7/CO (FA1D0)        0.06       3.53 f
  DP_OP_111J1_128_3666_U6/CO (FA1D0)        0.06       3.58 f
  DP_OP_111J1_128_3666_U5/CO (FA1D0)        0.06       3.64 f
  DP_OP_111J1_128_3666_U4/CO (FA1D0)        0.06       3.69 f
  DP_OP_111J1_128_3666_U3/S (FA1D0)         0.07       3.76 r
  U335/ZN (CKND2D0)                         0.02       3.78 f
  U336/ZN (IOA21D0)                         0.03       3.81 r
  U293/ZN (OAI31D0)                         0.03       3.84 f
  U288/ZN (AOI21D0)                         0.11       3.95 r
  U366/ZN (CKND2D0)                         0.06       4.02 f
  U367/ZN (INVD0)                           0.04       4.06 r
  U376/ZN (CKND2D0)                         0.04       4.10 f
  U429/ZN (INVD0)                           0.11       4.22 r
  U493/ZN (AOI22D0)                         0.04       4.25 f
  U494/ZN (CKND2D0)                         0.06       4.32 r
  result[15] (out)                          0.00       4.32 r
  data arrival time                                    4.32

  clock vclk (rise edge)                   10.00      10.00
  clock network delay (ideal)               0.00      10.00
  output external delay                    -0.02       9.98
  data required time                                   9.98
  ------------------------------------------------------------
  data required time                                   9.98
  data arrival time                                   -4.32
  ------------------------------------------------------------
  slack (MET)                                          5.66


  Startpoint: y[22] (input port clocked by vclk)
  Endpoint: result[14] (output port clocked by vclk)
  Path Group: vclk
  Path Type: max

  Des/Clust/Port     Wire Load Model       Library
  ------------------------------------------------
  oadm_fixed_l1_opt  ZeroWireload          tcbn65gplustc_ccs

  Point                                     Incr       Path
  ------------------------------------------------------------
  clock vclk (rise edge)                    0.00       0.00
  clock network delay (ideal)               0.00       0.00
  input external delay                      0.02       0.02 f
  y[22] (in)                                0.00       0.02 f
  U279/ZN (INVD0)                           0.18       0.20 r
  U280/ZN (INVD1)                           0.10       0.31 f
  U283/ZN (INVD0)                           0.20       0.50 r
  U1060/ZN (NR3D0)                          0.04       0.54 f
  DP_OP_122J1_126_6637_U147/CO (FA1D0)      0.07       0.61 f
  DP_OP_122J1_126_6637_U146/CO (FA1D0)      0.06       0.66 f
  DP_OP_122J1_126_6637_U145/S (FA1D0)       0.08       0.74 r
  DP_OP_122J1_126_6637_U87/S (FA1D0)        0.11       0.85 f
  U246/Z (OR2D0)                            0.06       0.90 f
  U247/Z (OR2D0)                            0.06       0.96 f
  U248/Z (OR2D0)                            0.06       1.02 f
  U249/Z (OR2D0)                            0.06       1.07 f
  U250/Z (OR2D0)                            0.06       1.13 f
  U251/Z (OR2D0)                            0.06       1.19 f
  U252/Z (OR2D0)                            0.06       1.25 f
  U253/Z (OR2D0)                            0.06       1.30 f
  U254/Z (OR2D0)                            0.06       1.36 f
  U255/Z (OR2D0)                            0.06       1.42 f
  U256/Z (OR2D0)                            0.06       1.47 f
  U257/Z (OR2D0)                            0.06       1.53 f
  U258/Z (OR2D0)                            0.06       1.59 f
  U259/Z (OR2D0)                            0.06       1.64 f
  U260/Z (OR2D0)                            0.06       1.70 f
  U261/Z (OR2D0)                            0.06       1.76 f
  U262/Z (OR2D0)                            0.06       1.81 f
  U263/Z (OR2D0)                            0.06       1.87 f
  U264/Z (OR2D0)                            0.06       1.93 f
  U265/Z (OR2D0)                            0.06       1.99 f
  U270/Z (OR2D0)                            0.06       2.04 f
  U275/Z (OR2D0)                            0.06       2.10 f
  U276/Z (OR2D0)                            0.06       2.16 f
  U350/ZN (NR2D0)                           0.03       2.19 r
  U349/Z (CKXOR2D0)                         0.14       2.33 r
  U902/ZN (INVD0)                           0.03       2.36 f
  U903/ZN (OAI22D0)                         0.08       2.44 r
  U906/Z (XOR3D0)                           0.12       2.56 f
  intadd_0_U4/CO (FA1D0)                    0.10       2.66 f
  intadd_0_U3/CO (FA1D0)                    0.06       2.71 f
  intadd_0_U2/CO (FA1D0)                    0.05       2.77 f
  U306/ZN (XNR3D0)                          0.11       2.88 r
  U305/ZN (XNR3D0)                          0.06       2.94 r
  U302/ZN (OAI21D0)                         0.04       2.98 f
  U303/ZN (NR3D0)                           0.08       3.06 r
  U310/Z (OR2D0)                            0.12       3.18 r
  U1189/Z (XOR2D0)                          0.07       3.25 f
  DP_OP_111J1_128_3666_U11/CO (FA1D0)       0.06       3.31 f
  DP_OP_111J1_128_3666_U10/CO (FA1D0)       0.06       3.36 f
  DP_OP_111J1_128_3666_U9/CO (FA1D0)        0.06       3.42 f
  DP_OP_111J1_128_3666_U8/CO (FA1D0)        0.06       3.47 f
  DP_OP_111J1_128_3666_U7/CO (FA1D0)        0.06       3.53 f
  DP_OP_111J1_128_3666_U6/CO (FA1D0)        0.06       3.58 f
  DP_OP_111J1_128_3666_U5/CO (FA1D0)        0.06       3.64 f
  DP_OP_111J1_128_3666_U4/CO (FA1D0)        0.06       3.69 f
  DP_OP_111J1_128_3666_U3/S (FA1D0)         0.07       3.76 r
  U335/ZN (CKND2D0)                         0.02       3.78 f
  U336/ZN (IOA21D0)                         0.03       3.81 r
  U293/ZN (OAI31D0)                         0.03       3.84 f
  U288/ZN (AOI21D0)                         0.11       3.95 r
  U366/ZN (CKND2D0)                         0.06       4.02 f
  U367/ZN (INVD0)                           0.04       4.06 r
  U376/ZN (CKND2D0)                         0.04       4.10 f
  U429/ZN (INVD0)                           0.11       4.22 r
  U490/ZN (AOI22D0)                         0.04       4.25 f
  U491/ZN (CKND2D0)                         0.06       4.32 r
  result[14] (out)                          0.00       4.32 r
  data arrival time                                    4.32

  clock vclk (rise edge)                   10.00      10.00
  clock network delay (ideal)               0.00      10.00
  output external delay                    -0.02       9.98
  data required time                                   9.98
  ------------------------------------------------------------
  data required time                                   9.98
  data arrival time                                   -4.32
  ------------------------------------------------------------
  slack (MET)                                          5.66


  Startpoint: y[22] (input port clocked by vclk)
  Endpoint: result[13] (output port clocked by vclk)
  Path Group: vclk
  Path Type: max

  Des/Clust/Port     Wire Load Model       Library
  ------------------------------------------------
  oadm_fixed_l1_opt  ZeroWireload          tcbn65gplustc_ccs

  Point                                     Incr       Path
  ------------------------------------------------------------
  clock vclk (rise edge)                    0.00       0.00
  clock network delay (ideal)               0.00       0.00
  input external delay                      0.02       0.02 f
  y[22] (in)                                0.00       0.02 f
  U279/ZN (INVD0)                           0.18       0.20 r
  U280/ZN (INVD1)                           0.10       0.31 f
  U283/ZN (INVD0)                           0.20       0.50 r
  U1060/ZN (NR3D0)                          0.04       0.54 f
  DP_OP_122J1_126_6637_U147/CO (FA1D0)      0.07       0.61 f
  DP_OP_122J1_126_6637_U146/CO (FA1D0)      0.06       0.66 f
  DP_OP_122J1_126_6637_U145/S (FA1D0)       0.08       0.74 r
  DP_OP_122J1_126_6637_U87/S (FA1D0)        0.11       0.85 f
  U246/Z (OR2D0)                            0.06       0.90 f
  U247/Z (OR2D0)                            0.06       0.96 f
  U248/Z (OR2D0)                            0.06       1.02 f
  U249/Z (OR2D0)                            0.06       1.07 f
  U250/Z (OR2D0)                            0.06       1.13 f
  U251/Z (OR2D0)                            0.06       1.19 f
  U252/Z (OR2D0)                            0.06       1.25 f
  U253/Z (OR2D0)                            0.06       1.30 f
  U254/Z (OR2D0)                            0.06       1.36 f
  U255/Z (OR2D0)                            0.06       1.42 f
  U256/Z (OR2D0)                            0.06       1.47 f
  U257/Z (OR2D0)                            0.06       1.53 f
  U258/Z (OR2D0)                            0.06       1.59 f
  U259/Z (OR2D0)                            0.06       1.64 f
  U260/Z (OR2D0)                            0.06       1.70 f
  U261/Z (OR2D0)                            0.06       1.76 f
  U262/Z (OR2D0)                            0.06       1.81 f
  U263/Z (OR2D0)                            0.06       1.87 f
  U264/Z (OR2D0)                            0.06       1.93 f
  U265/Z (OR2D0)                            0.06       1.99 f
  U270/Z (OR2D0)                            0.06       2.04 f
  U275/Z (OR2D0)                            0.06       2.10 f
  U276/Z (OR2D0)                            0.06       2.16 f
  U350/ZN (NR2D0)                           0.03       2.19 r
  U349/Z (CKXOR2D0)                         0.14       2.33 r
  U902/ZN (INVD0)                           0.03       2.36 f
  U903/ZN (OAI22D0)                         0.08       2.44 r
  U906/Z (XOR3D0)                           0.12       2.56 f
  intadd_0_U4/CO (FA1D0)                    0.10       2.66 f
  intadd_0_U3/CO (FA1D0)                    0.06       2.71 f
  intadd_0_U2/CO (FA1D0)                    0.05       2.77 f
  U306/ZN (XNR3D0)                          0.11       2.88 r
  U305/ZN (XNR3D0)                          0.06       2.94 r
  U302/ZN (OAI21D0)                         0.04       2.98 f
  U303/ZN (NR3D0)                           0.08       3.06 r
  U310/Z (OR2D0)                            0.12       3.18 r
  U1189/Z (XOR2D0)                          0.07       3.25 f
  DP_OP_111J1_128_3666_U11/CO (FA1D0)       0.06       3.31 f
  DP_OP_111J1_128_3666_U10/CO (FA1D0)       0.06       3.36 f
  DP_OP_111J1_128_3666_U9/CO (FA1D0)        0.06       3.42 f
  DP_OP_111J1_128_3666_U8/CO (FA1D0)        0.06       3.47 f
  DP_OP_111J1_128_3666_U7/CO (FA1D0)        0.06       3.53 f
  DP_OP_111J1_128_3666_U6/CO (FA1D0)        0.06       3.58 f
  DP_OP_111J1_128_3666_U5/CO (FA1D0)        0.06       3.64 f
  DP_OP_111J1_128_3666_U4/CO (FA1D0)        0.06       3.69 f
  DP_OP_111J1_128_3666_U3/S (FA1D0)         0.07       3.76 r
  U335/ZN (CKND2D0)                         0.02       3.78 f
  U336/ZN (IOA21D0)                         0.03       3.81 r
  U293/ZN (OAI31D0)                         0.03       3.84 f
  U288/ZN (AOI21D0)                         0.11       3.95 r
  U366/ZN (CKND2D0)                         0.06       4.02 f
  U367/ZN (INVD0)                           0.04       4.06 r
  U376/ZN (CKND2D0)                         0.04       4.10 f
  U429/ZN (INVD0)                           0.11       4.22 r
  U499/ZN (AOI22D0)                         0.04       4.25 f
  U500/ZN (CKND2D0)                         0.06       4.32 r
  result[13] (out)                          0.00       4.32 r
  data arrival time                                    4.32

  clock vclk (rise edge)                   10.00      10.00
  clock network delay (ideal)               0.00      10.00
  output external delay                    -0.02       9.98
  data required time                                   9.98
  ------------------------------------------------------------
  data required time                                   9.98
  data arrival time                                   -4.32
  ------------------------------------------------------------
  slack (MET)                                          5.66


  Startpoint: y[22] (input port clocked by vclk)
  Endpoint: result[12] (output port clocked by vclk)
  Path Group: vclk
  Path Type: max

  Des/Clust/Port     Wire Load Model       Library
  ------------------------------------------------
  oadm_fixed_l1_opt  ZeroWireload          tcbn65gplustc_ccs

  Point                                     Incr       Path
  ------------------------------------------------------------
  clock vclk (rise edge)                    0.00       0.00
  clock network delay (ideal)               0.00       0.00
  input external delay                      0.02       0.02 f
  y[22] (in)                                0.00       0.02 f
  U279/ZN (INVD0)                           0.18       0.20 r
  U280/ZN (INVD1)                           0.10       0.31 f
  U283/ZN (INVD0)                           0.20       0.50 r
  U1060/ZN (NR3D0)                          0.04       0.54 f
  DP_OP_122J1_126_6637_U147/CO (FA1D0)      0.07       0.61 f
  DP_OP_122J1_126_6637_U146/CO (FA1D0)      0.06       0.66 f
  DP_OP_122J1_126_6637_U145/S (FA1D0)       0.08       0.74 r
  DP_OP_122J1_126_6637_U87/S (FA1D0)        0.11       0.85 f
  U246/Z (OR2D0)                            0.06       0.90 f
  U247/Z (OR2D0)                            0.06       0.96 f
  U248/Z (OR2D0)                            0.06       1.02 f
  U249/Z (OR2D0)                            0.06       1.07 f
  U250/Z (OR2D0)                            0.06       1.13 f
  U251/Z (OR2D0)                            0.06       1.19 f
  U252/Z (OR2D0)                            0.06       1.25 f
  U253/Z (OR2D0)                            0.06       1.30 f
  U254/Z (OR2D0)                            0.06       1.36 f
  U255/Z (OR2D0)                            0.06       1.42 f
  U256/Z (OR2D0)                            0.06       1.47 f
  U257/Z (OR2D0)                            0.06       1.53 f
  U258/Z (OR2D0)                            0.06       1.59 f
  U259/Z (OR2D0)                            0.06       1.64 f
  U260/Z (OR2D0)                            0.06       1.70 f
  U261/Z (OR2D0)                            0.06       1.76 f
  U262/Z (OR2D0)                            0.06       1.81 f
  U263/Z (OR2D0)                            0.06       1.87 f
  U264/Z (OR2D0)                            0.06       1.93 f
  U265/Z (OR2D0)                            0.06       1.99 f
  U270/Z (OR2D0)                            0.06       2.04 f
  U275/Z (OR2D0)                            0.06       2.10 f
  U276/Z (OR2D0)                            0.06       2.16 f
  U350/ZN (NR2D0)                           0.03       2.19 r
  U349/Z (CKXOR2D0)                         0.14       2.33 r
  U902/ZN (INVD0)                           0.03       2.36 f
  U903/ZN (OAI22D0)                         0.08       2.44 r
  U906/Z (XOR3D0)                           0.12       2.56 f
  intadd_0_U4/CO (FA1D0)                    0.10       2.66 f
  intadd_0_U3/CO (FA1D0)                    0.06       2.71 f
  intadd_0_U2/CO (FA1D0)                    0.05       2.77 f
  U306/ZN (XNR3D0)                          0.11       2.88 r
  U305/ZN (XNR3D0)                          0.06       2.94 r
  U302/ZN (OAI21D0)                         0.04       2.98 f
  U303/ZN (NR3D0)                           0.08       3.06 r
  U310/Z (OR2D0)                            0.12       3.18 r
  U1189/Z (XOR2D0)                          0.07       3.25 f
  DP_OP_111J1_128_3666_U11/CO (FA1D0)       0.06       3.31 f
  DP_OP_111J1_128_3666_U10/CO (FA1D0)       0.06       3.36 f
  DP_OP_111J1_128_3666_U9/CO (FA1D0)        0.06       3.42 f
  DP_OP_111J1_128_3666_U8/CO (FA1D0)        0.06       3.47 f
  DP_OP_111J1_128_3666_U7/CO (FA1D0)        0.06       3.53 f
  DP_OP_111J1_128_3666_U6/CO (FA1D0)        0.06       3.58 f
  DP_OP_111J1_128_3666_U5/CO (FA1D0)        0.06       3.64 f
  DP_OP_111J1_128_3666_U4/CO (FA1D0)        0.06       3.69 f
  DP_OP_111J1_128_3666_U3/S (FA1D0)         0.07       3.76 r
  U335/ZN (CKND2D0)                         0.02       3.78 f
  U336/ZN (IOA21D0)                         0.03       3.81 r
  U293/ZN (OAI31D0)                         0.03       3.84 f
  U288/ZN (AOI21D0)                         0.11       3.95 r
  U366/ZN (CKND2D0)                         0.06       4.02 f
  U367/ZN (INVD0)                           0.04       4.06 r
  U376/ZN (CKND2D0)                         0.04       4.10 f
  U429/ZN (INVD0)                           0.11       4.22 r
  U505/ZN (AOI22D0)                         0.04       4.25 f
  U506/ZN (CKND2D0)                         0.06       4.32 r
  result[12] (out)                          0.00       4.32 r
  data arrival time                                    4.32

  clock vclk (rise edge)                   10.00      10.00
  clock network delay (ideal)               0.00      10.00
  output external delay                    -0.02       9.98
  data required time                                   9.98
  ------------------------------------------------------------
  data required time                                   9.98
  data arrival time                                   -4.32
  ------------------------------------------------------------
  slack (MET)                                          5.66


  Startpoint: y[22] (input port clocked by vclk)
  Endpoint: result[11] (output port clocked by vclk)
  Path Group: vclk
  Path Type: max

  Des/Clust/Port     Wire Load Model       Library
  ------------------------------------------------
  oadm_fixed_l1_opt  ZeroWireload          tcbn65gplustc_ccs

  Point                                     Incr       Path
  ------------------------------------------------------------
  clock vclk (rise edge)                    0.00       0.00
  clock network delay (ideal)               0.00       0.00
  input external delay                      0.02       0.02 f
  y[22] (in)                                0.00       0.02 f
  U279/ZN (INVD0)                           0.18       0.20 r
  U280/ZN (INVD1)                           0.10       0.31 f
  U283/ZN (INVD0)                           0.20       0.50 r
  U1060/ZN (NR3D0)                          0.04       0.54 f
  DP_OP_122J1_126_6637_U147/CO (FA1D0)      0.07       0.61 f
  DP_OP_122J1_126_6637_U146/CO (FA1D0)      0.06       0.66 f
  DP_OP_122J1_126_6637_U145/S (FA1D0)       0.08       0.74 r
  DP_OP_122J1_126_6637_U87/S (FA1D0)        0.11       0.85 f
  U246/Z (OR2D0)                            0.06       0.90 f
  U247/Z (OR2D0)                            0.06       0.96 f
  U248/Z (OR2D0)                            0.06       1.02 f
  U249/Z (OR2D0)                            0.06       1.07 f
  U250/Z (OR2D0)                            0.06       1.13 f
  U251/Z (OR2D0)                            0.06       1.19 f
  U252/Z (OR2D0)                            0.06       1.25 f
  U253/Z (OR2D0)                            0.06       1.30 f
  U254/Z (OR2D0)                            0.06       1.36 f
  U255/Z (OR2D0)                            0.06       1.42 f
  U256/Z (OR2D0)                            0.06       1.47 f
  U257/Z (OR2D0)                            0.06       1.53 f
  U258/Z (OR2D0)                            0.06       1.59 f
  U259/Z (OR2D0)                            0.06       1.64 f
  U260/Z (OR2D0)                            0.06       1.70 f
  U261/Z (OR2D0)                            0.06       1.76 f
  U262/Z (OR2D0)                            0.06       1.81 f
  U263/Z (OR2D0)                            0.06       1.87 f
  U264/Z (OR2D0)                            0.06       1.93 f
  U265/Z (OR2D0)                            0.06       1.99 f
  U270/Z (OR2D0)                            0.06       2.04 f
  U275/Z (OR2D0)                            0.06       2.10 f
  U276/Z (OR2D0)                            0.06       2.16 f
  U350/ZN (NR2D0)                           0.03       2.19 r
  U349/Z (CKXOR2D0)                         0.14       2.33 r
  U902/ZN (INVD0)                           0.03       2.36 f
  U903/ZN (OAI22D0)                         0.08       2.44 r
  U906/Z (XOR3D0)                           0.12       2.56 f
  intadd_0_U4/CO (FA1D0)                    0.10       2.66 f
  intadd_0_U3/CO (FA1D0)                    0.06       2.71 f
  intadd_0_U2/CO (FA1D0)                    0.05       2.77 f
  U306/ZN (XNR3D0)                          0.11       2.88 r
  U305/ZN (XNR3D0)                          0.06       2.94 r
  U302/ZN (OAI21D0)                         0.04       2.98 f
  U303/ZN (NR3D0)                           0.08       3.06 r
  U310/Z (OR2D0)                            0.12       3.18 r
  U1189/Z (XOR2D0)                          0.07       3.25 f
  DP_OP_111J1_128_3666_U11/CO (FA1D0)       0.06       3.31 f
  DP_OP_111J1_128_3666_U10/CO (FA1D0)       0.06       3.36 f
  DP_OP_111J1_128_3666_U9/CO (FA1D0)        0.06       3.42 f
  DP_OP_111J1_128_3666_U8/CO (FA1D0)        0.06       3.47 f
  DP_OP_111J1_128_3666_U7/CO (FA1D0)        0.06       3.53 f
  DP_OP_111J1_128_3666_U6/CO (FA1D0)        0.06       3.58 f
  DP_OP_111J1_128_3666_U5/CO (FA1D0)        0.06       3.64 f
  DP_OP_111J1_128_3666_U4/CO (FA1D0)        0.06       3.69 f
  DP_OP_111J1_128_3666_U3/S (FA1D0)         0.07       3.76 r
  U335/ZN (CKND2D0)                         0.02       3.78 f
  U336/ZN (IOA21D0)                         0.03       3.81 r
  U293/ZN (OAI31D0)                         0.03       3.84 f
  U288/ZN (AOI21D0)                         0.11       3.95 r
  U366/ZN (CKND2D0)                         0.06       4.02 f
  U367/ZN (INVD0)                           0.04       4.06 r
  U376/ZN (CKND2D0)                         0.04       4.10 f
  U429/ZN (INVD0)                           0.11       4.22 r
  U532/ZN (AOI22D0)                         0.04       4.25 f
  U533/ZN (CKND2D0)                         0.06       4.32 r
  result[11] (out)                          0.00       4.32 r
  data arrival time                                    4.32

  clock vclk (rise edge)                   10.00      10.00
  clock network delay (ideal)               0.00      10.00
  output external delay                    -0.02       9.98
  data required time                                   9.98
  ------------------------------------------------------------
  data required time                                   9.98
  data arrival time                                   -4.32
  ------------------------------------------------------------
  slack (MET)                                          5.66


  Startpoint: y[22] (input port clocked by vclk)
  Endpoint: result[10] (output port clocked by vclk)
  Path Group: vclk
  Path Type: max

  Des/Clust/Port     Wire Load Model       Library
  ------------------------------------------------
  oadm_fixed_l1_opt  ZeroWireload          tcbn65gplustc_ccs

  Point                                     Incr       Path
  ------------------------------------------------------------
  clock vclk (rise edge)                    0.00       0.00
  clock network delay (ideal)               0.00       0.00
  input external delay                      0.02       0.02 f
  y[22] (in)                                0.00       0.02 f
  U279/ZN (INVD0)                           0.18       0.20 r
  U280/ZN (INVD1)                           0.10       0.31 f
  U283/ZN (INVD0)                           0.20       0.50 r
  U1060/ZN (NR3D0)                          0.04       0.54 f
  DP_OP_122J1_126_6637_U147/CO (FA1D0)      0.07       0.61 f
  DP_OP_122J1_126_6637_U146/CO (FA1D0)      0.06       0.66 f
  DP_OP_122J1_126_6637_U145/S (FA1D0)       0.08       0.74 r
  DP_OP_122J1_126_6637_U87/S (FA1D0)        0.11       0.85 f
  U246/Z (OR2D0)                            0.06       0.90 f
  U247/Z (OR2D0)                            0.06       0.96 f
  U248/Z (OR2D0)                            0.06       1.02 f
  U249/Z (OR2D0)                            0.06       1.07 f
  U250/Z (OR2D0)                            0.06       1.13 f
  U251/Z (OR2D0)                            0.06       1.19 f
  U252/Z (OR2D0)                            0.06       1.25 f
  U253/Z (OR2D0)                            0.06       1.30 f
  U254/Z (OR2D0)                            0.06       1.36 f
  U255/Z (OR2D0)                            0.06       1.42 f
  U256/Z (OR2D0)                            0.06       1.47 f
  U257/Z (OR2D0)                            0.06       1.53 f
  U258/Z (OR2D0)                            0.06       1.59 f
  U259/Z (OR2D0)                            0.06       1.64 f
  U260/Z (OR2D0)                            0.06       1.70 f
  U261/Z (OR2D0)                            0.06       1.76 f
  U262/Z (OR2D0)                            0.06       1.81 f
  U263/Z (OR2D0)                            0.06       1.87 f
  U264/Z (OR2D0)                            0.06       1.93 f
  U265/Z (OR2D0)                            0.06       1.99 f
  U270/Z (OR2D0)                            0.06       2.04 f
  U275/Z (OR2D0)                            0.06       2.10 f
  U276/Z (OR2D0)                            0.06       2.16 f
  U350/ZN (NR2D0)                           0.03       2.19 r
  U349/Z (CKXOR2D0)                         0.14       2.33 r
  U902/ZN (INVD0)                           0.03       2.36 f
  U903/ZN (OAI22D0)                         0.08       2.44 r
  U906/Z (XOR3D0)                           0.12       2.56 f
  intadd_0_U4/CO (FA1D0)                    0.10       2.66 f
  intadd_0_U3/CO (FA1D0)                    0.06       2.71 f
  intadd_0_U2/CO (FA1D0)                    0.05       2.77 f
  U306/ZN (XNR3D0)                          0.11       2.88 r
  U305/ZN (XNR3D0)                          0.06       2.94 r
  U302/ZN (OAI21D0)                         0.04       2.98 f
  U303/ZN (NR3D0)                           0.08       3.06 r
  U310/Z (OR2D0)                            0.12       3.18 r
  U1189/Z (XOR2D0)                          0.07       3.25 f
  DP_OP_111J1_128_3666_U11/CO (FA1D0)       0.06       3.31 f
  DP_OP_111J1_128_3666_U10/CO (FA1D0)       0.06       3.36 f
  DP_OP_111J1_128_3666_U9/CO (FA1D0)        0.06       3.42 f
  DP_OP_111J1_128_3666_U8/CO (FA1D0)        0.06       3.47 f
  DP_OP_111J1_128_3666_U7/CO (FA1D0)        0.06       3.53 f
  DP_OP_111J1_128_3666_U6/CO (FA1D0)        0.06       3.58 f
  DP_OP_111J1_128_3666_U5/CO (FA1D0)        0.06       3.64 f
  DP_OP_111J1_128_3666_U4/CO (FA1D0)        0.06       3.69 f
  DP_OP_111J1_128_3666_U3/S (FA1D0)         0.07       3.76 r
  U335/ZN (CKND2D0)                         0.02       3.78 f
  U336/ZN (IOA21D0)                         0.03       3.81 r
  U293/ZN (OAI31D0)                         0.03       3.84 f
  U288/ZN (AOI21D0)                         0.11       3.95 r
  U366/ZN (CKND2D0)                         0.06       4.02 f
  U367/ZN (INVD0)                           0.04       4.06 r
  U376/ZN (CKND2D0)                         0.04       4.10 f
  U429/ZN (INVD0)                           0.11       4.22 r
  U520/ZN (AOI22D0)                         0.04       4.25 f
  U521/ZN (CKND2D0)                         0.06       4.32 r
  result[10] (out)                          0.00       4.32 r
  data arrival time                                    4.32

  clock vclk (rise edge)                   10.00      10.00
  clock network delay (ideal)               0.00      10.00
  output external delay                    -0.02       9.98
  data required time                                   9.98
  ------------------------------------------------------------
  data required time                                   9.98
  data arrival time                                   -4.32
  ------------------------------------------------------------
  slack (MET)                                          5.66


  Startpoint: y[22] (input port clocked by vclk)
  Endpoint: result[9] (output port clocked by vclk)
  Path Group: vclk
  Path Type: max

  Des/Clust/Port     Wire Load Model       Library
  ------------------------------------------------
  oadm_fixed_l1_opt  ZeroWireload          tcbn65gplustc_ccs

  Point                                     Incr       Path
  ------------------------------------------------------------
  clock vclk (rise edge)                    0.00       0.00
  clock network delay (ideal)               0.00       0.00
  input external delay                      0.02       0.02 f
  y[22] (in)                                0.00       0.02 f
  U279/ZN (INVD0)                           0.18       0.20 r
  U280/ZN (INVD1)                           0.10       0.31 f
  U283/ZN (INVD0)                           0.20       0.50 r
  U1060/ZN (NR3D0)                          0.04       0.54 f
  DP_OP_122J1_126_6637_U147/CO (FA1D0)      0.07       0.61 f
  DP_OP_122J1_126_6637_U146/CO (FA1D0)      0.06       0.66 f
  DP_OP_122J1_126_6637_U145/S (FA1D0)       0.08       0.74 r
  DP_OP_122J1_126_6637_U87/S (FA1D0)        0.11       0.85 f
  U246/Z (OR2D0)                            0.06       0.90 f
  U247/Z (OR2D0)                            0.06       0.96 f
  U248/Z (OR2D0)                            0.06       1.02 f
  U249/Z (OR2D0)                            0.06       1.07 f
  U250/Z (OR2D0)                            0.06       1.13 f
  U251/Z (OR2D0)                            0.06       1.19 f
  U252/Z (OR2D0)                            0.06       1.25 f
  U253/Z (OR2D0)                            0.06       1.30 f
  U254/Z (OR2D0)                            0.06       1.36 f
  U255/Z (OR2D0)                            0.06       1.42 f
  U256/Z (OR2D0)                            0.06       1.47 f
  U257/Z (OR2D0)                            0.06       1.53 f
  U258/Z (OR2D0)                            0.06       1.59 f
  U259/Z (OR2D0)                            0.06       1.64 f
  U260/Z (OR2D0)                            0.06       1.70 f
  U261/Z (OR2D0)                            0.06       1.76 f
  U262/Z (OR2D0)                            0.06       1.81 f
  U263/Z (OR2D0)                            0.06       1.87 f
  U264/Z (OR2D0)                            0.06       1.93 f
  U265/Z (OR2D0)                            0.06       1.99 f
  U270/Z (OR2D0)                            0.06       2.04 f
  U275/Z (OR2D0)                            0.06       2.10 f
  U276/Z (OR2D0)                            0.06       2.16 f
  U350/ZN (NR2D0)                           0.03       2.19 r
  U349/Z (CKXOR2D0)                         0.14       2.33 r
  U902/ZN (INVD0)                           0.03       2.36 f
  U903/ZN (OAI22D0)                         0.08       2.44 r
  U906/Z (XOR3D0)                           0.12       2.56 f
  intadd_0_U4/CO (FA1D0)                    0.10       2.66 f
  intadd_0_U3/CO (FA1D0)                    0.06       2.71 f
  intadd_0_U2/CO (FA1D0)                    0.05       2.77 f
  U306/ZN (XNR3D0)                          0.11       2.88 r
  U305/ZN (XNR3D0)                          0.06       2.94 r
  U302/ZN (OAI21D0)                         0.04       2.98 f
  U303/ZN (NR3D0)                           0.08       3.06 r
  U310/Z (OR2D0)                            0.12       3.18 r
  U1189/Z (XOR2D0)                          0.07       3.25 f
  DP_OP_111J1_128_3666_U11/CO (FA1D0)       0.06       3.31 f
  DP_OP_111J1_128_3666_U10/CO (FA1D0)       0.06       3.36 f
  DP_OP_111J1_128_3666_U9/CO (FA1D0)        0.06       3.42 f
  DP_OP_111J1_128_3666_U8/CO (FA1D0)        0.06       3.47 f
  DP_OP_111J1_128_3666_U7/CO (FA1D0)        0.06       3.53 f
  DP_OP_111J1_128_3666_U6/CO (FA1D0)        0.06       3.58 f
  DP_OP_111J1_128_3666_U5/CO (FA1D0)        0.06       3.64 f
  DP_OP_111J1_128_3666_U4/CO (FA1D0)        0.06       3.69 f
  DP_OP_111J1_128_3666_U3/S (FA1D0)         0.07       3.76 r
  U335/ZN (CKND2D0)                         0.02       3.78 f
  U336/ZN (IOA21D0)                         0.03       3.81 r
  U293/ZN (OAI31D0)                         0.03       3.84 f
  U288/ZN (AOI21D0)                         0.11       3.95 r
  U366/ZN (CKND2D0)                         0.06       4.02 f
  U367/ZN (INVD0)                           0.04       4.06 r
  U376/ZN (CKND2D0)                         0.04       4.10 f
  U429/ZN (INVD0)                           0.11       4.22 r
  U514/ZN (AOI22D0)                         0.04       4.25 f
  U515/ZN (CKND2D0)                         0.06       4.32 r
  result[9] (out)                           0.00       4.32 r
  data arrival time                                    4.32

  clock vclk (rise edge)                   10.00      10.00
  clock network delay (ideal)               0.00      10.00
  output external delay                    -0.02       9.98
  data required time                                   9.98
  ------------------------------------------------------------
  data required time                                   9.98
  data arrival time                                   -4.32
  ------------------------------------------------------------
  slack (MET)                                          5.66


  Startpoint: y[22] (input port clocked by vclk)
  Endpoint: result[8] (output port clocked by vclk)
  Path Group: vclk
  Path Type: max

  Des/Clust/Port     Wire Load Model       Library
  ------------------------------------------------
  oadm_fixed_l1_opt  ZeroWireload          tcbn65gplustc_ccs

  Point                                     Incr       Path
  ------------------------------------------------------------
  clock vclk (rise edge)                    0.00       0.00
  clock network delay (ideal)               0.00       0.00
  input external delay                      0.02       0.02 f
  y[22] (in)                                0.00       0.02 f
  U279/ZN (INVD0)                           0.18       0.20 r
  U280/ZN (INVD1)                           0.10       0.31 f
  U283/ZN (INVD0)                           0.20       0.50 r
  U1060/ZN (NR3D0)                          0.04       0.54 f
  DP_OP_122J1_126_6637_U147/CO (FA1D0)      0.07       0.61 f
  DP_OP_122J1_126_6637_U146/CO (FA1D0)      0.06       0.66 f
  DP_OP_122J1_126_6637_U145/S (FA1D0)       0.08       0.74 r
  DP_OP_122J1_126_6637_U87/S (FA1D0)        0.11       0.85 f
  U246/Z (OR2D0)                            0.06       0.90 f
  U247/Z (OR2D0)                            0.06       0.96 f
  U248/Z (OR2D0)                            0.06       1.02 f
  U249/Z (OR2D0)                            0.06       1.07 f
  U250/Z (OR2D0)                            0.06       1.13 f
  U251/Z (OR2D0)                            0.06       1.19 f
  U252/Z (OR2D0)                            0.06       1.25 f
  U253/Z (OR2D0)                            0.06       1.30 f
  U254/Z (OR2D0)                            0.06       1.36 f
  U255/Z (OR2D0)                            0.06       1.42 f
  U256/Z (OR2D0)                            0.06       1.47 f
  U257/Z (OR2D0)                            0.06       1.53 f
  U258/Z (OR2D0)                            0.06       1.59 f
  U259/Z (OR2D0)                            0.06       1.64 f
  U260/Z (OR2D0)                            0.06       1.70 f
  U261/Z (OR2D0)                            0.06       1.76 f
  U262/Z (OR2D0)                            0.06       1.81 f
  U263/Z (OR2D0)                            0.06       1.87 f
  U264/Z (OR2D0)                            0.06       1.93 f
  U265/Z (OR2D0)                            0.06       1.99 f
  U270/Z (OR2D0)                            0.06       2.04 f
  U275/Z (OR2D0)                            0.06       2.10 f
  U276/Z (OR2D0)                            0.06       2.16 f
  U350/ZN (NR2D0)                           0.03       2.19 r
  U349/Z (CKXOR2D0)                         0.14       2.33 r
  U902/ZN (INVD0)                           0.03       2.36 f
  U903/ZN (OAI22D0)                         0.08       2.44 r
  U906/Z (XOR3D0)                           0.12       2.56 f
  intadd_0_U4/CO (FA1D0)                    0.10       2.66 f
  intadd_0_U3/CO (FA1D0)                    0.06       2.71 f
  intadd_0_U2/CO (FA1D0)                    0.05       2.77 f
  U306/ZN (XNR3D0)                          0.11       2.88 r
  U305/ZN (XNR3D0)                          0.06       2.94 r
  U302/ZN (OAI21D0)                         0.04       2.98 f
  U303/ZN (NR3D0)                           0.08       3.06 r
  U310/Z (OR2D0)                            0.12       3.18 r
  U1189/Z (XOR2D0)                          0.07       3.25 f
  DP_OP_111J1_128_3666_U11/CO (FA1D0)       0.06       3.31 f
  DP_OP_111J1_128_3666_U10/CO (FA1D0)       0.06       3.36 f
  DP_OP_111J1_128_3666_U9/CO (FA1D0)        0.06       3.42 f
  DP_OP_111J1_128_3666_U8/CO (FA1D0)        0.06       3.47 f
  DP_OP_111J1_128_3666_U7/CO (FA1D0)        0.06       3.53 f
  DP_OP_111J1_128_3666_U6/CO (FA1D0)        0.06       3.58 f
  DP_OP_111J1_128_3666_U5/CO (FA1D0)        0.06       3.64 f
  DP_OP_111J1_128_3666_U4/CO (FA1D0)        0.06       3.69 f
  DP_OP_111J1_128_3666_U3/S (FA1D0)         0.07       3.76 r
  U335/ZN (CKND2D0)                         0.02       3.78 f
  U336/ZN (IOA21D0)                         0.03       3.81 r
  U293/ZN (OAI31D0)                         0.03       3.84 f
  U288/ZN (AOI21D0)                         0.11       3.95 r
  U366/ZN (CKND2D0)                         0.06       4.02 f
  U367/ZN (INVD0)                           0.04       4.06 r
  U376/ZN (CKND2D0)                         0.04       4.10 f
  U429/ZN (INVD0)                           0.11       4.22 r
  U526/ZN (AOI22D0)                         0.04       4.25 f
  U527/ZN (CKND2D0)                         0.06       4.32 r
  result[8] (out)                           0.00       4.32 r
  data arrival time                                    4.32

  clock vclk (rise edge)                   10.00      10.00
  clock network delay (ideal)               0.00      10.00
  output external delay                    -0.02       9.98
  data required time                                   9.98
  ------------------------------------------------------------
  data required time                                   9.98
  data arrival time                                   -4.32
  ------------------------------------------------------------
  slack (MET)                                          5.66


  Startpoint: y[22] (input port clocked by vclk)
  Endpoint: result[7] (output port clocked by vclk)
  Path Group: vclk
  Path Type: max

  Des/Clust/Port     Wire Load Model       Library
  ------------------------------------------------
  oadm_fixed_l1_opt  ZeroWireload          tcbn65gplustc_ccs

  Point                                     Incr       Path
  ------------------------------------------------------------
  clock vclk (rise edge)                    0.00       0.00
  clock network delay (ideal)               0.00       0.00
  input external delay                      0.02       0.02 f
  y[22] (in)                                0.00       0.02 f
  U279/ZN (INVD0)                           0.18       0.20 r
  U280/ZN (INVD1)                           0.10       0.31 f
  U283/ZN (INVD0)                           0.20       0.50 r
  U1060/ZN (NR3D0)                          0.04       0.54 f
  DP_OP_122J1_126_6637_U147/CO (FA1D0)      0.07       0.61 f
  DP_OP_122J1_126_6637_U146/CO (FA1D0)      0.06       0.66 f
  DP_OP_122J1_126_6637_U145/S (FA1D0)       0.08       0.74 r
  DP_OP_122J1_126_6637_U87/S (FA1D0)        0.11       0.85 f
  U246/Z (OR2D0)                            0.06       0.90 f
  U247/Z (OR2D0)                            0.06       0.96 f
  U248/Z (OR2D0)                            0.06       1.02 f
  U249/Z (OR2D0)                            0.06       1.07 f
  U250/Z (OR2D0)                            0.06       1.13 f
  U251/Z (OR2D0)                            0.06       1.19 f
  U252/Z (OR2D0)                            0.06       1.25 f
  U253/Z (OR2D0)                            0.06       1.30 f
  U254/Z (OR2D0)                            0.06       1.36 f
  U255/Z (OR2D0)                            0.06       1.42 f
  U256/Z (OR2D0)                            0.06       1.47 f
  U257/Z (OR2D0)                            0.06       1.53 f
  U258/Z (OR2D0)                            0.06       1.59 f
  U259/Z (OR2D0)                            0.06       1.64 f
  U260/Z (OR2D0)                            0.06       1.70 f
  U261/Z (OR2D0)                            0.06       1.76 f
  U262/Z (OR2D0)                            0.06       1.81 f
  U263/Z (OR2D0)                            0.06       1.87 f
  U264/Z (OR2D0)                            0.06       1.93 f
  U265/Z (OR2D0)                            0.06       1.99 f
  U270/Z (OR2D0)                            0.06       2.04 f
  U275/Z (OR2D0)                            0.06       2.10 f
  U276/Z (OR2D0)                            0.06       2.16 f
  U350/ZN (NR2D0)                           0.03       2.19 r
  U349/Z (CKXOR2D0)                         0.14       2.33 r
  U902/ZN (INVD0)                           0.03       2.36 f
  U903/ZN (OAI22D0)                         0.08       2.44 r
  U906/Z (XOR3D0)                           0.12       2.56 f
  intadd_0_U4/CO (FA1D0)                    0.10       2.66 f
  intadd_0_U3/CO (FA1D0)                    0.06       2.71 f
  intadd_0_U2/CO (FA1D0)                    0.05       2.77 f
  U306/ZN (XNR3D0)                          0.11       2.88 r
  U305/ZN (XNR3D0)                          0.06       2.94 r
  U302/ZN (OAI21D0)                         0.04       2.98 f
  U303/ZN (NR3D0)                           0.08       3.06 r
  U310/Z (OR2D0)                            0.12       3.18 r
  U1189/Z (XOR2D0)                          0.07       3.25 f
  DP_OP_111J1_128_3666_U11/CO (FA1D0)       0.06       3.31 f
  DP_OP_111J1_128_3666_U10/CO (FA1D0)       0.06       3.36 f
  DP_OP_111J1_128_3666_U9/CO (FA1D0)        0.06       3.42 f
  DP_OP_111J1_128_3666_U8/CO (FA1D0)        0.06       3.47 f
  DP_OP_111J1_128_3666_U7/CO (FA1D0)        0.06       3.53 f
  DP_OP_111J1_128_3666_U6/CO (FA1D0)        0.06       3.58 f
  DP_OP_111J1_128_3666_U5/CO (FA1D0)        0.06       3.64 f
  DP_OP_111J1_128_3666_U4/CO (FA1D0)        0.06       3.69 f
  DP_OP_111J1_128_3666_U3/S (FA1D0)         0.07       3.76 r
  U335/ZN (CKND2D0)                         0.02       3.78 f
  U336/ZN (IOA21D0)                         0.03       3.81 r
  U293/ZN (OAI31D0)                         0.03       3.84 f
  U288/ZN (AOI21D0)                         0.11       3.95 r
  U366/ZN (CKND2D0)                         0.06       4.02 f
  U367/ZN (INVD0)                           0.04       4.06 r
  U376/ZN (CKND2D0)                         0.04       4.10 f
  U429/ZN (INVD0)                           0.11       4.22 r
  U529/ZN (AOI22D0)                         0.04       4.25 f
  U530/ZN (CKND2D0)                         0.06       4.32 r
  result[7] (out)                           0.00       4.32 r
  data arrival time                                    4.32

  clock vclk (rise edge)                   10.00      10.00
  clock network delay (ideal)               0.00      10.00
  output external delay                    -0.02       9.98
  data required time                                   9.98
  ------------------------------------------------------------
  data required time                                   9.98
  data arrival time                                   -4.32
  ------------------------------------------------------------
  slack (MET)                                          5.66


  Startpoint: y[22] (input port clocked by vclk)
  Endpoint: result[6] (output port clocked by vclk)
  Path Group: vclk
  Path Type: max

  Des/Clust/Port     Wire Load Model       Library
  ------------------------------------------------
  oadm_fixed_l1_opt  ZeroWireload          tcbn65gplustc_ccs

  Point                                     Incr       Path
  ------------------------------------------------------------
  clock vclk (rise edge)                    0.00       0.00
  clock network delay (ideal)               0.00       0.00
  input external delay                      0.02       0.02 f
  y[22] (in)                                0.00       0.02 f
  U279/ZN (INVD0)                           0.18       0.20 r
  U280/ZN (INVD1)                           0.10       0.31 f
  U283/ZN (INVD0)                           0.20       0.50 r
  U1060/ZN (NR3D0)                          0.04       0.54 f
  DP_OP_122J1_126_6637_U147/CO (FA1D0)      0.07       0.61 f
  DP_OP_122J1_126_6637_U146/CO (FA1D0)      0.06       0.66 f
  DP_OP_122J1_126_6637_U145/S (FA1D0)       0.08       0.74 r
  DP_OP_122J1_126_6637_U87/S (FA1D0)        0.11       0.85 f
  U246/Z (OR2D0)                            0.06       0.90 f
  U247/Z (OR2D0)                            0.06       0.96 f
  U248/Z (OR2D0)                            0.06       1.02 f
  U249/Z (OR2D0)                            0.06       1.07 f
  U250/Z (OR2D0)                            0.06       1.13 f
  U251/Z (OR2D0)                            0.06       1.19 f
  U252/Z (OR2D0)                            0.06       1.25 f
  U253/Z (OR2D0)                            0.06       1.30 f
  U254/Z (OR2D0)                            0.06       1.36 f
  U255/Z (OR2D0)                            0.06       1.42 f
  U256/Z (OR2D0)                            0.06       1.47 f
  U257/Z (OR2D0)                            0.06       1.53 f
  U258/Z (OR2D0)                            0.06       1.59 f
  U259/Z (OR2D0)                            0.06       1.64 f
  U260/Z (OR2D0)                            0.06       1.70 f
  U261/Z (OR2D0)                            0.06       1.76 f
  U262/Z (OR2D0)                            0.06       1.81 f
  U263/Z (OR2D0)                            0.06       1.87 f
  U264/Z (OR2D0)                            0.06       1.93 f
  U265/Z (OR2D0)                            0.06       1.99 f
  U270/Z (OR2D0)                            0.06       2.04 f
  U275/Z (OR2D0)                            0.06       2.10 f
  U276/Z (OR2D0)                            0.06       2.16 f
  U350/ZN (NR2D0)                           0.03       2.19 r
  U349/Z (CKXOR2D0)                         0.14       2.33 r
  U902/ZN (INVD0)                           0.03       2.36 f
  U903/ZN (OAI22D0)                         0.08       2.44 r
  U906/Z (XOR3D0)                           0.12       2.56 f
  intadd_0_U4/CO (FA1D0)                    0.10       2.66 f
  intadd_0_U3/CO (FA1D0)                    0.06       2.71 f
  intadd_0_U2/CO (FA1D0)                    0.05       2.77 f
  U306/ZN (XNR3D0)                          0.11       2.88 r
  U305/ZN (XNR3D0)                          0.06       2.94 r
  U302/ZN (OAI21D0)                         0.04       2.98 f
  U303/ZN (NR3D0)                           0.08       3.06 r
  U310/Z (OR2D0)                            0.12       3.18 r
  U1189/Z (XOR2D0)                          0.07       3.25 f
  DP_OP_111J1_128_3666_U11/CO (FA1D0)       0.06       3.31 f
  DP_OP_111J1_128_3666_U10/CO (FA1D0)       0.06       3.36 f
  DP_OP_111J1_128_3666_U9/CO (FA1D0)        0.06       3.42 f
  DP_OP_111J1_128_3666_U8/CO (FA1D0)        0.06       3.47 f
  DP_OP_111J1_128_3666_U7/CO (FA1D0)        0.06       3.53 f
  DP_OP_111J1_128_3666_U6/CO (FA1D0)        0.06       3.58 f
  DP_OP_111J1_128_3666_U5/CO (FA1D0)        0.06       3.64 f
  DP_OP_111J1_128_3666_U4/CO (FA1D0)        0.06       3.69 f
  DP_OP_111J1_128_3666_U3/S (FA1D0)         0.07       3.76 r
  U335/ZN (CKND2D0)                         0.02       3.78 f
  U336/ZN (IOA21D0)                         0.03       3.81 r
  U293/ZN (OAI31D0)                         0.03       3.84 f
  U288/ZN (AOI21D0)                         0.11       3.95 r
  U366/ZN (CKND2D0)                         0.06       4.02 f
  U367/ZN (INVD0)                           0.04       4.06 r
  U376/ZN (CKND2D0)                         0.04       4.10 f
  U429/ZN (INVD0)                           0.11       4.22 r
  U475/ZN (AOI22D0)                         0.04       4.25 f
  U476/ZN (CKND2D0)                         0.06       4.32 r
  result[6] (out)                           0.00       4.32 r
  data arrival time                                    4.32

  clock vclk (rise edge)                   10.00      10.00
  clock network delay (ideal)               0.00      10.00
  output external delay                    -0.02       9.98
  data required time                                   9.98
  ------------------------------------------------------------
  data required time                                   9.98
  data arrival time                                   -4.32
  ------------------------------------------------------------
  slack (MET)                                          5.66


  Startpoint: y[22] (input port clocked by vclk)
  Endpoint: result[5] (output port clocked by vclk)
  Path Group: vclk
  Path Type: max

  Des/Clust/Port     Wire Load Model       Library
  ------------------------------------------------
  oadm_fixed_l1_opt  ZeroWireload          tcbn65gplustc_ccs

  Point                                     Incr       Path
  ------------------------------------------------------------
  clock vclk (rise edge)                    0.00       0.00
  clock network delay (ideal)               0.00       0.00
  input external delay                      0.02       0.02 f
  y[22] (in)                                0.00       0.02 f
  U279/ZN (INVD0)                           0.18       0.20 r
  U280/ZN (INVD1)                           0.10       0.31 f
  U283/ZN (INVD0)                           0.20       0.50 r
  U1060/ZN (NR3D0)                          0.04       0.54 f
  DP_OP_122J1_126_6637_U147/CO (FA1D0)      0.07       0.61 f
  DP_OP_122J1_126_6637_U146/CO (FA1D0)      0.06       0.66 f
  DP_OP_122J1_126_6637_U145/S (FA1D0)       0.08       0.74 r
  DP_OP_122J1_126_6637_U87/S (FA1D0)        0.11       0.85 f
  U246/Z (OR2D0)                            0.06       0.90 f
  U247/Z (OR2D0)                            0.06       0.96 f
  U248/Z (OR2D0)                            0.06       1.02 f
  U249/Z (OR2D0)                            0.06       1.07 f
  U250/Z (OR2D0)                            0.06       1.13 f
  U251/Z (OR2D0)                            0.06       1.19 f
  U252/Z (OR2D0)                            0.06       1.25 f
  U253/Z (OR2D0)                            0.06       1.30 f
  U254/Z (OR2D0)                            0.06       1.36 f
  U255/Z (OR2D0)                            0.06       1.42 f
  U256/Z (OR2D0)                            0.06       1.47 f
  U257/Z (OR2D0)                            0.06       1.53 f
  U258/Z (OR2D0)                            0.06       1.59 f
  U259/Z (OR2D0)                            0.06       1.64 f
  U260/Z (OR2D0)                            0.06       1.70 f
  U261/Z (OR2D0)                            0.06       1.76 f
  U262/Z (OR2D0)                            0.06       1.81 f
  U263/Z (OR2D0)                            0.06       1.87 f
  U264/Z (OR2D0)                            0.06       1.93 f
  U265/Z (OR2D0)                            0.06       1.99 f
  U270/Z (OR2D0)                            0.06       2.04 f
  U275/Z (OR2D0)                            0.06       2.10 f
  U276/Z (OR2D0)                            0.06       2.16 f
  U350/ZN (NR2D0)                           0.03       2.19 r
  U349/Z (CKXOR2D0)                         0.14       2.33 r
  U902/ZN (INVD0)                           0.03       2.36 f
  U903/ZN (OAI22D0)                         0.08       2.44 r
  U906/Z (XOR3D0)                           0.12       2.56 f
  intadd_0_U4/CO (FA1D0)                    0.10       2.66 f
  intadd_0_U3/CO (FA1D0)                    0.06       2.71 f
  intadd_0_U2/CO (FA1D0)                    0.05       2.77 f
  U306/ZN (XNR3D0)                          0.11       2.88 r
  U305/ZN (XNR3D0)                          0.06       2.94 r
  U302/ZN (OAI21D0)                         0.04       2.98 f
  U303/ZN (NR3D0)                           0.08       3.06 r
  U310/Z (OR2D0)                            0.12       3.18 r
  U1189/Z (XOR2D0)                          0.07       3.25 f
  DP_OP_111J1_128_3666_U11/CO (FA1D0)       0.06       3.31 f
  DP_OP_111J1_128_3666_U10/CO (FA1D0)       0.06       3.36 f
  DP_OP_111J1_128_3666_U9/CO (FA1D0)        0.06       3.42 f
  DP_OP_111J1_128_3666_U8/CO (FA1D0)        0.06       3.47 f
  DP_OP_111J1_128_3666_U7/CO (FA1D0)        0.06       3.53 f
  DP_OP_111J1_128_3666_U6/CO (FA1D0)        0.06       3.58 f
  DP_OP_111J1_128_3666_U5/CO (FA1D0)        0.06       3.64 f
  DP_OP_111J1_128_3666_U4/CO (FA1D0)        0.06       3.69 f
  DP_OP_111J1_128_3666_U3/S (FA1D0)         0.07       3.76 r
  U335/ZN (CKND2D0)                         0.02       3.78 f
  U336/ZN (IOA21D0)                         0.03       3.81 r
  U293/ZN (OAI31D0)                         0.03       3.84 f
  U288/ZN (AOI21D0)                         0.11       3.95 r
  U366/ZN (CKND2D0)                         0.06       4.02 f
  U367/ZN (INVD0)                           0.04       4.06 r
  U376/ZN (CKND2D0)                         0.04       4.10 f
  U429/ZN (INVD0)                           0.11       4.22 r
  U523/ZN (AOI22D0)                         0.04       4.25 f
  U524/ZN (CKND2D0)                         0.06       4.32 r
  result[5] (out)                           0.00       4.32 r
  data arrival time                                    4.32

  clock vclk (rise edge)                   10.00      10.00
  clock network delay (ideal)               0.00      10.00
  output external delay                    -0.02       9.98
  data required time                                   9.98
  ------------------------------------------------------------
  data required time                                   9.98
  data arrival time                                   -4.32
  ------------------------------------------------------------
  slack (MET)                                          5.66


  Startpoint: y[22] (input port clocked by vclk)
  Endpoint: result[4] (output port clocked by vclk)
  Path Group: vclk
  Path Type: max

  Des/Clust/Port     Wire Load Model       Library
  ------------------------------------------------
  oadm_fixed_l1_opt  ZeroWireload          tcbn65gplustc_ccs

  Point                                     Incr       Path
  ------------------------------------------------------------
  clock vclk (rise edge)                    0.00       0.00
  clock network delay (ideal)               0.00       0.00
  input external delay                      0.02       0.02 f
  y[22] (in)                                0.00       0.02 f
  U279/ZN (INVD0)                           0.18       0.20 r
  U280/ZN (INVD1)                           0.10       0.31 f
  U283/ZN (INVD0)                           0.20       0.50 r
  U1060/ZN (NR3D0)                          0.04       0.54 f
  DP_OP_122J1_126_6637_U147/CO (FA1D0)      0.07       0.61 f
  DP_OP_122J1_126_6637_U146/CO (FA1D0)      0.06       0.66 f
  DP_OP_122J1_126_6637_U145/S (FA1D0)       0.08       0.74 r
  DP_OP_122J1_126_6637_U87/S (FA1D0)        0.11       0.85 f
  U246/Z (OR2D0)                            0.06       0.90 f
  U247/Z (OR2D0)                            0.06       0.96 f
  U248/Z (OR2D0)                            0.06       1.02 f
  U249/Z (OR2D0)                            0.06       1.07 f
  U250/Z (OR2D0)                            0.06       1.13 f
  U251/Z (OR2D0)                            0.06       1.19 f
  U252/Z (OR2D0)                            0.06       1.25 f
  U253/Z (OR2D0)                            0.06       1.30 f
  U254/Z (OR2D0)                            0.06       1.36 f
  U255/Z (OR2D0)                            0.06       1.42 f
  U256/Z (OR2D0)                            0.06       1.47 f
  U257/Z (OR2D0)                            0.06       1.53 f
  U258/Z (OR2D0)                            0.06       1.59 f
  U259/Z (OR2D0)                            0.06       1.64 f
  U260/Z (OR2D0)                            0.06       1.70 f
  U261/Z (OR2D0)                            0.06       1.76 f
  U262/Z (OR2D0)                            0.06       1.81 f
  U263/Z (OR2D0)                            0.06       1.87 f
  U264/Z (OR2D0)                            0.06       1.93 f
  U265/Z (OR2D0)                            0.06       1.99 f
  U270/Z (OR2D0)                            0.06       2.04 f
  U275/Z (OR2D0)                            0.06       2.10 f
  U276/Z (OR2D0)                            0.06       2.16 f
  U350/ZN (NR2D0)                           0.03       2.19 r
  U349/Z (CKXOR2D0)                         0.14       2.33 r
  U902/ZN (INVD0)                           0.03       2.36 f
  U903/ZN (OAI22D0)                         0.08       2.44 r
  U906/Z (XOR3D0)                           0.12       2.56 f
  intadd_0_U4/CO (FA1D0)                    0.10       2.66 f
  intadd_0_U3/CO (FA1D0)                    0.06       2.71 f
  intadd_0_U2/CO (FA1D0)                    0.05       2.77 f
  U306/ZN (XNR3D0)                          0.11       2.88 r
  U305/ZN (XNR3D0)                          0.06       2.94 r
  U302/ZN (OAI21D0)                         0.04       2.98 f
  U303/ZN (NR3D0)                           0.08       3.06 r
  U310/Z (OR2D0)                            0.12       3.18 r
  U1189/Z (XOR2D0)                          0.07       3.25 f
  DP_OP_111J1_128_3666_U11/CO (FA1D0)       0.06       3.31 f
  DP_OP_111J1_128_3666_U10/CO (FA1D0)       0.06       3.36 f
  DP_OP_111J1_128_3666_U9/CO (FA1D0)        0.06       3.42 f
  DP_OP_111J1_128_3666_U8/CO (FA1D0)        0.06       3.47 f
  DP_OP_111J1_128_3666_U7/CO (FA1D0)        0.06       3.53 f
  DP_OP_111J1_128_3666_U6/CO (FA1D0)        0.06       3.58 f
  DP_OP_111J1_128_3666_U5/CO (FA1D0)        0.06       3.64 f
  DP_OP_111J1_128_3666_U4/CO (FA1D0)        0.06       3.69 f
  DP_OP_111J1_128_3666_U3/S (FA1D0)         0.07       3.76 r
  U335/ZN (CKND2D0)                         0.02       3.78 f
  U336/ZN (IOA21D0)                         0.03       3.81 r
  U293/ZN (OAI31D0)                         0.03       3.84 f
  U288/ZN (AOI21D0)                         0.11       3.95 r
  U366/ZN (CKND2D0)                         0.06       4.02 f
  U367/ZN (INVD0)                           0.04       4.06 r
  U376/ZN (CKND2D0)                         0.04       4.10 f
  U429/ZN (INVD0)                           0.11       4.22 r
  U436/ZN (AOI22D0)                         0.04       4.26 f
  U441/ZN (CKND2D0)                         0.06       4.32 r
  result[4] (out)                           0.00       4.32 r
  data arrival time                                    4.32

  clock vclk (rise edge)                   10.00      10.00
  clock network delay (ideal)               0.00      10.00
  output external delay                    -0.02       9.98
  data required time                                   9.98
  ------------------------------------------------------------
  data required time                                   9.98
  data arrival time                                   -4.32
  ------------------------------------------------------------
  slack (MET)                                          5.66


  Startpoint: y[22] (input port clocked by vclk)
  Endpoint: result[22] (output port clocked by vclk)
  Path Group: vclk
  Path Type: max

  Des/Clust/Port     Wire Load Model       Library
  ------------------------------------------------
  oadm_fixed_l1_opt  ZeroWireload          tcbn65gplustc_ccs

  Point                                     Incr       Path
  ------------------------------------------------------------
  clock vclk (rise edge)                    0.00       0.00
  clock network delay (ideal)               0.00       0.00
  input external delay                      0.02       0.02 f
  y[22] (in)                                0.00       0.02 f
  U279/ZN (INVD0)                           0.18       0.20 r
  U280/ZN (INVD1)                           0.10       0.31 f
  U283/ZN (INVD0)                           0.20       0.50 r
  U1060/ZN (NR3D0)                          0.04       0.54 f
  DP_OP_122J1_126_6637_U147/CO (FA1D0)      0.07       0.61 f
  DP_OP_122J1_126_6637_U146/CO (FA1D0)      0.06       0.66 f
  DP_OP_122J1_126_6637_U145/S (FA1D0)       0.08       0.74 r
  DP_OP_122J1_126_6637_U87/S (FA1D0)        0.11       0.85 f
  U246/Z (OR2D0)                            0.06       0.90 f
  U247/Z (OR2D0)                            0.06       0.96 f
  U248/Z (OR2D0)                            0.06       1.02 f
  U249/Z (OR2D0)                            0.06       1.07 f
  U250/Z (OR2D0)                            0.06       1.13 f
  U251/Z (OR2D0)                            0.06       1.19 f
  U252/Z (OR2D0)                            0.06       1.25 f
  U253/Z (OR2D0)                            0.06       1.30 f
  U254/Z (OR2D0)                            0.06       1.36 f
  U255/Z (OR2D0)                            0.06       1.42 f
  U256/Z (OR2D0)                            0.06       1.47 f
  U257/Z (OR2D0)                            0.06       1.53 f
  U258/Z (OR2D0)                            0.06       1.59 f
  U259/Z (OR2D0)                            0.06       1.64 f
  U260/Z (OR2D0)                            0.06       1.70 f
  U261/Z (OR2D0)                            0.06       1.76 f
  U262/Z (OR2D0)                            0.06       1.81 f
  U263/Z (OR2D0)                            0.06       1.87 f
  U264/Z (OR2D0)                            0.06       1.93 f
  U265/Z (OR2D0)                            0.06       1.99 f
  U270/Z (OR2D0)                            0.06       2.04 f
  U275/Z (OR2D0)                            0.06       2.10 f
  U276/Z (OR2D0)                            0.06       2.16 f
  U350/ZN (NR2D0)                           0.03       2.19 r
  U349/Z (CKXOR2D0)                         0.14       2.33 r
  U902/ZN (INVD0)                           0.03       2.36 f
  U903/ZN (OAI22D0)                         0.08       2.44 r
  U906/Z (XOR3D0)                           0.12       2.56 f
  intadd_0_U4/CO (FA1D0)                    0.10       2.66 f
  intadd_0_U3/CO (FA1D0)                    0.06       2.71 f
  intadd_0_U2/CO (FA1D0)                    0.05       2.77 f
  U306/ZN (XNR3D0)                          0.11       2.88 r
  U305/ZN (XNR3D0)                          0.06       2.94 r
  U302/ZN (OAI21D0)                         0.04       2.98 f
  U303/ZN (NR3D0)                           0.08       3.06 r
  U310/Z (OR2D0)                            0.12       3.18 r
  U1189/Z (XOR2D0)                          0.07       3.25 f
  DP_OP_111J1_128_3666_U11/CO (FA1D0)       0.06       3.31 f
  DP_OP_111J1_128_3666_U10/CO (FA1D0)       0.06       3.36 f
  DP_OP_111J1_128_3666_U9/CO (FA1D0)        0.06       3.42 f
  DP_OP_111J1_128_3666_U8/CO (FA1D0)        0.06       3.47 f
  DP_OP_111J1_128_3666_U7/CO (FA1D0)        0.06       3.53 f
  DP_OP_111J1_128_3666_U6/CO (FA1D0)        0.06       3.58 f
  DP_OP_111J1_128_3666_U5/CO (FA1D0)        0.06       3.64 f
  DP_OP_111J1_128_3666_U4/CO (FA1D0)        0.06       3.69 f
  DP_OP_111J1_128_3666_U3/S (FA1D0)         0.07       3.76 r
  U335/ZN (CKND2D0)                         0.02       3.78 f
  U336/ZN (IOA21D0)                         0.03       3.81 r
  U293/ZN (OAI31D0)                         0.03       3.84 f
  U288/ZN (AOI21D0)                         0.11       3.95 r
  U366/ZN (CKND2D0)                         0.06       4.02 f
  U367/ZN (INVD0)                           0.04       4.06 r
  U368/ZN (CKND2D0)                         0.04       4.10 f
  U426/ZN (INVD0)                           0.11       4.21 r
  U427/ZN (CKND2D0)                         0.03       4.24 f
  U428/ZN (OAI211D0)                        0.06       4.29 r
  result[22] (out)                          0.00       4.29 r
  data arrival time                                    4.29

  clock vclk (rise edge)                   10.00      10.00
  clock network delay (ideal)               0.00      10.00
  output external delay                    -0.02       9.98
  data required time                                   9.98
  ------------------------------------------------------------
  data required time                                   9.98
  data arrival time                                   -4.29
  ------------------------------------------------------------
  slack (MET)                                          5.69


1
