 
****************************************
check_design summary:
Version:     U-2022.12-SP7
Date:        Sun Aug  9 13:55:26 2026
****************************************

                   Name                                            Total
--------------------------------------------------------------------------------
Inputs/Outputs                                                     65
    Unconnected ports (LINT-28)                                    65

Cells                                                              51
    Connected to power or ground (LINT-32)                         51
--------------------------------------------------------------------------------

Warning: In design 'Partial_Product_Generator_BASELINE15_MANTISSA_WIDTH23_MAX_LEVEL1', port 'Partial_Product_Y[15]' is not connected to any nets. (LINT-28)
Warning: In design 'CSA3_2_Array_WIDTH24_1', port 'In_1[0]' is not connected to any nets. (LINT-28)
Warning: In design 'CSA3_2_Array_WIDTH24_1', port 'In_2[0]' is not connected to any nets. (LINT-28)
Warning: In design 'CSA3_2_Array_WIDTH24_1', port 'In_3[23]' is not connected to any nets. (LINT-28)
Warning: In design 'CSA3_2_Array_WIDTH24_1', port 'In_3[22]' is not connected to any nets. (LINT-28)
Warning: In design 'CSA3_2_Array_WIDTH24_1', port 'In_3[21]' is not connected to any nets. (LINT-28)
Warning: In design 'CSA3_2_Array_WIDTH24_1', port 'In_3[20]' is not connected to any nets. (LINT-28)
Warning: In design 'CSA3_2_Array_WIDTH24_1', port 'In_3[19]' is not connected to any nets. (LINT-28)
Warning: In design 'CSA3_2_Array_WIDTH24_1', port 'In_3[18]' is not connected to any nets. (LINT-28)
Warning: In design 'CSA3_2_Array_WIDTH24_1', port 'In_3[17]' is not connected to any nets. (LINT-28)
Warning: In design 'CSA3_2_Array_WIDTH24_1', port 'In_3[16]' is not connected to any nets. (LINT-28)
Warning: In design 'CSA3_2_Array_WIDTH24_1', port 'In_3[15]' is not connected to any nets. (LINT-28)
Warning: In design 'CSA3_2_Array_WIDTH24_1', port 'In_3[14]' is not connected to any nets. (LINT-28)
Warning: In design 'CSA3_2_Array_WIDTH24_1', port 'In_3[13]' is not connected to any nets. (LINT-28)
Warning: In design 'CSA3_2_Array_WIDTH24_1', port 'In_3[12]' is not connected to any nets. (LINT-28)
Warning: In design 'CSA3_2_Array_WIDTH24_1', port 'In_3[11]' is not connected to any nets. (LINT-28)
Warning: In design 'CSA3_2_Array_WIDTH24_1', port 'In_3[10]' is not connected to any nets. (LINT-28)
Warning: In design 'CSA3_2_Array_WIDTH24_1', port 'In_3[9]' is not connected to any nets. (LINT-28)
Warning: In design 'CSA3_2_Array_WIDTH24_1', port 'In_3[8]' is not connected to any nets. (LINT-28)
Warning: In design 'CSA3_2_Array_WIDTH24_1', port 'In_3[7]' is not connected to any nets. (LINT-28)
Warning: In design 'CSA3_2_Array_WIDTH24_1', port 'In_3[6]' is not connected to any nets. (LINT-28)
Warning: In design 'CSA3_2_Array_WIDTH24_1', port 'In_3[5]' is not connected to any nets. (LINT-28)
Warning: In design 'CSA3_2_Array_WIDTH24_1', port 'In_3[4]' is not connected to any nets. (LINT-28)
Warning: In design 'CSA3_2_Array_WIDTH24_1', port 'In_3[3]' is not connected to any nets. (LINT-28)
Warning: In design 'CSA3_2_Array_WIDTH24_1', port 'In_3[2]' is not connected to any nets. (LINT-28)
Warning: In design 'CSA3_2_Array_WIDTH24_1', port 'In_3[1]' is not connected to any nets. (LINT-28)
Warning: In design 'CSA3_2_Array_WIDTH24_1', port 'C[0]' is not connected to any nets. (LINT-28)
Warning: In design 'CSA3_2_Array_WIDTH24_0', port 'In_1[0]' is not connected to any nets. (LINT-28)
Warning: In design 'CSA3_2_Array_WIDTH24_0', port 'In_2[23]' is not connected to any nets. (LINT-28)
Warning: In design 'CSA3_2_Array_WIDTH24_0', port 'In_3[23]' is not connected to any nets. (LINT-28)
Warning: In design 'CSA3_2_Array_WIDTH24_0', port 'In_3[22]' is not connected to any nets. (LINT-28)
Warning: In design 'CSA3_2_Array_WIDTH24_0', port 'S[0]' is not connected to any nets. (LINT-28)
Warning: In design 'CSA3_2_Array_WIDTH24_0', port 'C[23]' is not connected to any nets. (LINT-28)
Warning: In design 'CSA3_2_Array_WIDTH25', port 'In_1[0]' is not connected to any nets. (LINT-28)
Warning: In design 'CSA3_2_Array_WIDTH25', port 'In_2[24]' is not connected to any nets. (LINT-28)
Warning: In design 'CSA3_2_Array_WIDTH25', port 'In_2[0]' is not connected to any nets. (LINT-28)
Warning: In design 'CSA3_2_Array_WIDTH25', port 'In_3[24]' is not connected to any nets. (LINT-28)
Warning: In design 'CSA3_2_Array_WIDTH25', port 'In_3[0]' is not connected to any nets. (LINT-28)
Warning: In design 'CSA3_2_Array_WIDTH25', port 'S[0]' is not connected to any nets. (LINT-28)
Warning: In design 'CSA3_2_Array_WIDTH25', port 'C[24]' is not connected to any nets. (LINT-28)
Warning: In design 'CSA3_2_Array_WIDTH25', port 'C[0]' is not connected to any nets. (LINT-28)
Warning: In design 'CSA3_2_Array_WIDTH26', port 'In_1[25]' is not connected to any nets. (LINT-28)
Warning: In design 'CSA3_2_Array_WIDTH26', port 'In_1[0]' is not connected to any nets. (LINT-28)
Warning: In design 'CSA3_2_Array_WIDTH26', port 'In_2[25]' is not connected to any nets. (LINT-28)
Warning: In design 'CSA3_2_Array_WIDTH26', port 'In_2[1]' is not connected to any nets. (LINT-28)
Warning: In design 'CSA3_2_Array_WIDTH26', port 'In_2[0]' is not connected to any nets. (LINT-28)
Warning: In design 'CSA3_2_Array_WIDTH26', port 'In_3[2]' is not connected to any nets. (LINT-28)
Warning: In design 'CSA3_2_Array_WIDTH26', port 'In_3[1]' is not connected to any nets. (LINT-28)
Warning: In design 'CSA3_2_Array_WIDTH26', port 'In_3[0]' is not connected to any nets. (LINT-28)
Warning: In design 'CSA3_2_Array_WIDTH26', port 'S[0]' is not connected to any nets. (LINT-28)
Warning: In design 'CSA3_2_Array_WIDTH26', port 'C[25]' is not connected to any nets. (LINT-28)
Warning: In design 'CSA3_2_Array_WIDTH26', port 'C[1]' is not connected to any nets. (LINT-28)
Warning: In design 'CSA3_2_Array_WIDTH26', port 'C[0]' is not connected to any nets. (LINT-28)
Warning: In design 'CSA3_2_Array_WIDTH6', port 'In_1[5]' is not connected to any nets. (LINT-28)
Warning: In design 'CSA3_2_Array_WIDTH6', port 'In_2[5]' is not connected to any nets. (LINT-28)
Warning: In design 'CSA3_2_Array_WIDTH6', port 'In_3[5]' is not connected to any nets. (LINT-28)
Warning: In design 'CSA3_2_Array_WIDTH6', port 'In_3[4]' is not connected to any nets. (LINT-28)
Warning: In design 'CSA3_2_Array_WIDTH6', port 'In_3[3]' is not connected to any nets. (LINT-28)
Warning: In design 'CSA3_2_Array_WIDTH6', port 'In_3[2]' is not connected to any nets. (LINT-28)
Warning: In design 'CSA3_2_Array_WIDTH6', port 'In_3[1]' is not connected to any nets. (LINT-28)
Warning: In design 'CSA3_2_Array_WIDTH6', port 'In_3[0]' is not connected to any nets. (LINT-28)
Warning: In design 'CSA3_2_Array_WIDTH6', port 'S[5]' is not connected to any nets. (LINT-28)
Warning: In design 'CSA3_2_Array_WIDTH6', port 'C[5]' is not connected to any nets. (LINT-28)
Warning: In design 'connector_WIDTH23_0', port 'In[22]' is not connected to any nets. (LINT-28)
Warning: In design 'connector_WIDTH23_0', port 'Out[22]' is not connected to any nets. (LINT-28)
Warning: In design 'Mantissa_OAUM_MANTISSA_WIDTH23_ACC_31', a pin on submodule 'Stage_0_0' is connected to logic 1 or logic 0. (LINT-32)
   Pin 'In_1[0]' is connected to logic 0. 
Warning: In design 'Mantissa_OAUM_MANTISSA_WIDTH23_ACC_31', a pin on submodule 'Stage_0_0' is connected to logic 1 or logic 0. (LINT-32)
   Pin 'In_2[0]' is connected to logic 0. 
Warning: In design 'Mantissa_OAUM_MANTISSA_WIDTH23_ACC_31', a pin on submodule 'Stage_0_0' is connected to logic 1 or logic 0. (LINT-32)
   Pin 'In_3[23]' is connected to logic 0. 
Warning: In design 'Mantissa_OAUM_MANTISSA_WIDTH23_ACC_31', a pin on submodule 'Stage_0_0' is connected to logic 1 or logic 0. (LINT-32)
   Pin 'In_3[22]' is connected to logic 0. 
Warning: In design 'Mantissa_OAUM_MANTISSA_WIDTH23_ACC_31', a pin on submodule 'Stage_0_0' is connected to logic 1 or logic 0. (LINT-32)
   Pin 'In_3[21]' is connected to logic 0. 
Warning: In design 'Mantissa_OAUM_MANTISSA_WIDTH23_ACC_31', a pin on submodule 'Stage_0_0' is connected to logic 1 or logic 0. (LINT-32)
   Pin 'In_3[20]' is connected to logic 0. 
Warning: In design 'Mantissa_OAUM_MANTISSA_WIDTH23_ACC_31', a pin on submodule 'Stage_0_0' is connected to logic 1 or logic 0. (LINT-32)
   Pin 'In_3[19]' is connected to logic 0. 
Warning: In design 'Mantissa_OAUM_MANTISSA_WIDTH23_ACC_31', a pin on submodule 'Stage_0_0' is connected to logic 1 or logic 0. (LINT-32)
   Pin 'In_3[18]' is connected to logic 0. 
Warning: In design 'Mantissa_OAUM_MANTISSA_WIDTH23_ACC_31', a pin on submodule 'Stage_0_0' is connected to logic 1 or logic 0. (LINT-32)
   Pin 'In_3[17]' is connected to logic 0. 
Warning: In design 'Mantissa_OAUM_MANTISSA_WIDTH23_ACC_31', a pin on submodule 'Stage_0_0' is connected to logic 1 or logic 0. (LINT-32)
   Pin 'In_3[16]' is connected to logic 0. 
Warning: In design 'Mantissa_OAUM_MANTISSA_WIDTH23_ACC_31', a pin on submodule 'Stage_0_0' is connected to logic 1 or logic 0. (LINT-32)
   Pin 'In_3[15]' is connected to logic 0. 
Warning: In design 'Mantissa_OAUM_MANTISSA_WIDTH23_ACC_31', a pin on submodule 'Stage_0_0' is connected to logic 1 or logic 0. (LINT-32)
   Pin 'In_3[14]' is connected to logic 0. 
Warning: In design 'Mantissa_OAUM_MANTISSA_WIDTH23_ACC_31', a pin on submodule 'Stage_0_0' is connected to logic 1 or logic 0. (LINT-32)
   Pin 'In_3[13]' is connected to logic 0. 
Warning: In design 'Mantissa_OAUM_MANTISSA_WIDTH23_ACC_31', a pin on submodule 'Stage_0_0' is connected to logic 1 or logic 0. (LINT-32)
   Pin 'In_3[12]' is connected to logic 0. 
Warning: In design 'Mantissa_OAUM_MANTISSA_WIDTH23_ACC_31', a pin on submodule 'Stage_0_0' is connected to logic 1 or logic 0. (LINT-32)
   Pin 'In_3[11]' is connected to logic 0. 
Warning: In design 'Mantissa_OAUM_MANTISSA_WIDTH23_ACC_31', a pin on submodule 'Stage_0_0' is connected to logic 1 or logic 0. (LINT-32)
   Pin 'In_3[10]' is connected to logic 0. 
Warning: In design 'Mantissa_OAUM_MANTISSA_WIDTH23_ACC_31', a pin on submodule 'Stage_0_0' is connected to logic 1 or logic 0. (LINT-32)
   Pin 'In_3[9]' is connected to logic 0. 
Warning: In design 'Mantissa_OAUM_MANTISSA_WIDTH23_ACC_31', a pin on submodule 'Stage_0_0' is connected to logic 1 or logic 0. (LINT-32)
   Pin 'In_3[8]' is connected to logic 0. 
Warning: In design 'Mantissa_OAUM_MANTISSA_WIDTH23_ACC_31', a pin on submodule 'Stage_0_0' is connected to logic 1 or logic 0. (LINT-32)
   Pin 'In_3[7]' is connected to logic 0. 
Warning: In design 'Mantissa_OAUM_MANTISSA_WIDTH23_ACC_31', a pin on submodule 'Stage_0_0' is connected to logic 1 or logic 0. (LINT-32)
   Pin 'In_3[6]' is connected to logic 0. 
Warning: In design 'Mantissa_OAUM_MANTISSA_WIDTH23_ACC_31', a pin on submodule 'Stage_0_0' is connected to logic 1 or logic 0. (LINT-32)
   Pin 'In_3[5]' is connected to logic 0. 
Warning: In design 'Mantissa_OAUM_MANTISSA_WIDTH23_ACC_31', a pin on submodule 'Stage_0_0' is connected to logic 1 or logic 0. (LINT-32)
   Pin 'In_3[4]' is connected to logic 0. 
Warning: In design 'Mantissa_OAUM_MANTISSA_WIDTH23_ACC_31', a pin on submodule 'Stage_0_0' is connected to logic 1 or logic 0. (LINT-32)
   Pin 'In_3[3]' is connected to logic 0. 
Warning: In design 'Mantissa_OAUM_MANTISSA_WIDTH23_ACC_31', a pin on submodule 'Stage_0_0' is connected to logic 1 or logic 0. (LINT-32)
   Pin 'In_3[2]' is connected to logic 0. 
Warning: In design 'Mantissa_OAUM_MANTISSA_WIDTH23_ACC_31', a pin on submodule 'Stage_0_0' is connected to logic 1 or logic 0. (LINT-32)
   Pin 'In_3[1]' is connected to logic 0. 
Warning: In design 'Mantissa_OAUM_MANTISSA_WIDTH23_ACC_31', a pin on submodule 'Stage_0_1' is connected to logic 1 or logic 0. (LINT-32)
   Pin 'In_1[0]' is connected to logic 0. 
Warning: In design 'Mantissa_OAUM_MANTISSA_WIDTH23_ACC_31', a pin on submodule 'Stage_0_1' is connected to logic 1 or logic 0. (LINT-32)
   Pin 'In_2[23]' is connected to logic 0. 
Warning: In design 'Mantissa_OAUM_MANTISSA_WIDTH23_ACC_31', a pin on submodule 'Stage_0_1' is connected to logic 1 or logic 0. (LINT-32)
   Pin 'In_3[23]' is connected to logic 0. 
Warning: In design 'Mantissa_OAUM_MANTISSA_WIDTH23_ACC_31', a pin on submodule 'Stage_0_1' is connected to logic 1 or logic 0. (LINT-32)
   Pin 'In_3[22]' is connected to logic 0. 
Warning: In design 'Mantissa_OAUM_MANTISSA_WIDTH23_ACC_31', a pin on submodule 'Stage_1_0' is connected to logic 1 or logic 0. (LINT-32)
   Pin 'In_1[0]' is connected to logic 0. 
Warning: In design 'Mantissa_OAUM_MANTISSA_WIDTH23_ACC_31', a pin on submodule 'Stage_1_0' is connected to logic 1 or logic 0. (LINT-32)
   Pin 'In_2[24]' is connected to logic 0. 
Warning: In design 'Mantissa_OAUM_MANTISSA_WIDTH23_ACC_31', a pin on submodule 'Stage_1_0' is connected to logic 1 or logic 0. (LINT-32)
   Pin 'In_2[0]' is connected to logic 0. 
Warning: In design 'Mantissa_OAUM_MANTISSA_WIDTH23_ACC_31', a pin on submodule 'Stage_1_0' is connected to logic 1 or logic 0. (LINT-32)
   Pin 'In_3[24]' is connected to logic 0. 
Warning: In design 'Mantissa_OAUM_MANTISSA_WIDTH23_ACC_31', a pin on submodule 'Stage_1_0' is connected to logic 1 or logic 0. (LINT-32)
   Pin 'In_3[0]' is connected to logic 0. 
Warning: In design 'Mantissa_OAUM_MANTISSA_WIDTH23_ACC_31', a pin on submodule 'Stage_2_0' is connected to logic 1 or logic 0. (LINT-32)
   Pin 'In_1[25]' is connected to logic 0. 
Warning: In design 'Mantissa_OAUM_MANTISSA_WIDTH23_ACC_31', a pin on submodule 'Stage_2_0' is connected to logic 1 or logic 0. (LINT-32)
   Pin 'In_1[0]' is connected to logic 0. 
Warning: In design 'Mantissa_OAUM_MANTISSA_WIDTH23_ACC_31', a pin on submodule 'Stage_2_0' is connected to logic 1 or logic 0. (LINT-32)
   Pin 'In_2[25]' is connected to logic 0. 
Warning: In design 'Mantissa_OAUM_MANTISSA_WIDTH23_ACC_31', a pin on submodule 'Stage_2_0' is connected to logic 1 or logic 0. (LINT-32)
   Pin 'In_2[1]' is connected to logic 0. 
Warning: In design 'Mantissa_OAUM_MANTISSA_WIDTH23_ACC_31', a pin on submodule 'Stage_2_0' is connected to logic 1 or logic 0. (LINT-32)
   Pin 'In_2[0]' is connected to logic 0. 
Warning: In design 'Mantissa_OAUM_MANTISSA_WIDTH23_ACC_31', a pin on submodule 'Stage_2_0' is connected to logic 1 or logic 0. (LINT-32)
   Pin 'In_3[2]' is connected to logic 0. 
Warning: In design 'Mantissa_OAUM_MANTISSA_WIDTH23_ACC_31', a pin on submodule 'Stage_2_0' is connected to logic 1 or logic 0. (LINT-32)
   Pin 'In_3[1]' is connected to logic 0. 
Warning: In design 'Mantissa_OAUM_MANTISSA_WIDTH23_ACC_31', a pin on submodule 'Stage_2_0' is connected to logic 1 or logic 0. (LINT-32)
   Pin 'In_3[0]' is connected to logic 0. 
Warning: In design 'Mantissa_OAUM_MANTISSA_WIDTH23_ACC_31', a pin on submodule 'Stage_3_0' is connected to logic 1 or logic 0. (LINT-32)
   Pin 'In_1[5]' is connected to logic 0. 
Warning: In design 'Mantissa_OAUM_MANTISSA_WIDTH23_ACC_31', a pin on submodule 'Stage_3_0' is connected to logic 1 or logic 0. (LINT-32)
   Pin 'In_2[5]' is connected to logic 0. 
Warning: In design 'Mantissa_OAUM_MANTISSA_WIDTH23_ACC_31', a pin on submodule 'Stage_3_0' is connected to logic 1 or logic 0. (LINT-32)
   Pin 'In_3[5]' is connected to logic 0. 
Warning: In design 'Mantissa_OAUM_MANTISSA_WIDTH23_ACC_31', a pin on submodule 'Stage_3_0' is connected to logic 1 or logic 0. (LINT-32)
   Pin 'In_3[4]' is connected to logic 0. 
Warning: In design 'Mantissa_OAUM_MANTISSA_WIDTH23_ACC_31', a pin on submodule 'Stage_3_0' is connected to logic 1 or logic 0. (LINT-32)
   Pin 'In_3[3]' is connected to logic 0. 
Warning: In design 'Mantissa_OAUM_MANTISSA_WIDTH23_ACC_31', a pin on submodule 'Stage_3_0' is connected to logic 1 or logic 0. (LINT-32)
   Pin 'In_3[2]' is connected to logic 0. 
Warning: In design 'Mantissa_OAUM_MANTISSA_WIDTH23_ACC_31', a pin on submodule 'Stage_3_0' is connected to logic 1 or logic 0. (LINT-32)
   Pin 'In_3[1]' is connected to logic 0. 
Warning: In design 'Mantissa_OAUM_MANTISSA_WIDTH23_ACC_31', a pin on submodule 'Stage_3_0' is connected to logic 1 or logic 0. (LINT-32)
   Pin 'In_3[0]' is connected to logic 0. 
Warning: In design 'Partial_Product_Generator_BASELINE15_MANTISSA_WIDTH23_MAX_LEVEL1', a pin on submodule 'PP_GEN[1].ConnectPPY' is connected to logic 1 or logic 0. (LINT-32)
   Pin 'In[22]' is connected to logic 0. 
1
 
****************************************
Report : area
Design : top
Version: U-2022.12-SP7
Date   : Sun Aug  9 13:55:26 2026
****************************************

Library(s) Used:

    tcbn65gplustc_ccs (File: /courses/ee6350/pdk2025/tcbn65gplus/TSMCHOME/digital/Front_End/timing_power_noise/CCS/tcbn65gplus_200a/tcbn65gplustc_ccs.db)

Number of ports:                          876
Number of nets:                          1729
Number of cells:                          957
Number of combinational cells:            897
Number of sequential cells:                 0
Number of macros/black boxes:               0
Number of buf/inv:                        363
Number of references:                      34

Combinational area:               2162.520026
Buf/Inv area:                      474.480019
Noncombinational area:               0.000000
Macro/Black Box area:                0.000000
Net Interconnect area:      undefined  (Wire load has zero net area)

Total cell area:                  2162.520026
Total area:                 undefined
1
 
****************************************
Report : constraint
        -all_violators
        -verbose
Design : top
Version: U-2022.12-SP7
Date   : Sun Aug  9 13:55:26 2026
****************************************


    Design: top

    max_leakage_power          0.00
  - Current Leakage Power  11898.35
  ----------------------------------
    Slack                  -11898.35  (VIOLATED)


1
 
****************************************
Report : timing
        -path full
        -delay max
        -nworst 20
        -max_paths 20
Design : top
Version: U-2022.12-SP7
Date   : Sun Aug  9 13:55:26 2026
****************************************

Operating Conditions: NCCOM   Library: tcbn65gplustc_ccs
Wire Load Model Mode: segmented

  Startpoint: mantissa_y[22]
              (input port clocked by vclk)
  Endpoint: exp_out[0] (output port clocked by vclk)
  Path Group: vclk
  Path Type: max

  Des/Clust/Port     Wire Load Model       Library
  ------------------------------------------------
  top                ZeroWireload          tcbn65gplustc_ccs
  Mantissa_OAUM_MANTISSA_WIDTH23_ACC_31
                     ZeroWireload          tcbn65gplustc_ccs
  CSA3_2_Array_WIDTH24_1
                     ZeroWireload          tcbn65gplustc_ccs
  Partial_Product_Generator_BASELINE15_MANTISSA_WIDTH23_MAX_LEVEL1
                     ZeroWireload          tcbn65gplustc_ccs
  CSA3_2_Array_WIDTH24_0
                     ZeroWireload          tcbn65gplustc_ccs
  connector_WIDTH23_0
                     ZeroWireload          tcbn65gplustc_ccs
  CSA3_2_Array_WIDTH25
                     ZeroWireload          tcbn65gplustc_ccs
  CSA3_2_Array_WIDTH26
                     ZeroWireload          tcbn65gplustc_ccs

  Point                                                   Incr       Path
  --------------------------------------------------------------------------
  clock vclk (rise edge)                                  0.00       0.00
  clock network delay (ideal)                             0.00       0.00
  input external delay                                    0.02       0.02 r
  mantissa_y[22] (in)                                     0.02       0.04 r
  OAUM/Mantissa_Y[14] (Mantissa_OAUM_MANTISSA_WIDTH23_ACC_31)
                                                          0.00       0.04 r
  OAUM/U47/Z (CKBD1)                                      0.03       0.07 r
  OAUM/PGEN/Mantissa_Y[14] (Partial_Product_Generator_BASELINE15_MANTISSA_WIDTH23_MAX_LEVEL1)
                                                          0.00       0.07 r
  OAUM/PGEN/U21/Z (CKBD1)                                 0.04       0.11 r
  OAUM/PGEN/U22/Z (CKBD1)                                 0.04       0.15 r
  OAUM/PGEN/U7/Z (BUFFD1)                                 0.05       0.20 r
  OAUM/PGEN/U3/ZN (XNR2D0)                                0.06       0.26 r
  OAUM/PGEN/PP_GEN[1].ConnectPPY/In[18] (connector_WIDTH23_0)
                                                          0.00       0.26 r
  OAUM/PGEN/PP_GEN[1].ConnectPPY/U1/Z (CKBD1)             0.03       0.30 r
  OAUM/PGEN/PP_GEN[1].ConnectPPY/Out[18] (connector_WIDTH23_0)
                                                          0.00       0.30 r
  OAUM/PGEN/Partial_Product_Y[11] (Partial_Product_Generator_BASELINE15_MANTISSA_WIDTH23_MAX_LEVEL1)
                                                          0.00       0.30 r
  OAUM/Stage_0_1/In_3[18] (CSA3_2_Array_WIDTH24_0)        0.00       0.30 r
  OAUM/Stage_0_1/U6/Z (XOR3D0)                            0.11       0.41 f
  OAUM/Stage_0_1/S[18] (CSA3_2_Array_WIDTH24_0)           0.00       0.41 f
  OAUM/Stage_1_0/In_3[18] (CSA3_2_Array_WIDTH25)          0.00       0.41 f
  OAUM/Stage_1_0/U17/Z (XOR3D0)                           0.08       0.49 r
  OAUM/Stage_1_0/S[18] (CSA3_2_Array_WIDTH25)             0.00       0.49 r
  OAUM/Stage_2_0/In_1[18] (CSA3_2_Array_WIDTH26)          0.00       0.49 r
  OAUM/Stage_2_0/U42/Z (XOR3D0)                           0.08       0.56 f
  OAUM/Stage_2_0/S[18] (CSA3_2_Array_WIDTH26)             0.00       0.56 f
  OAUM/U43/ZN (ND2D0)                                     0.03       0.59 r
  OAUM/U133/ZN (INVD0)                                    0.02       0.60 f
  OAUM/U28/ZN (AOI21D0)                                   0.04       0.65 r
  OAUM/U116/ZN (OAI21D0)                                  0.03       0.68 f
  OAUM/U262/ZN (AOI21D1)                                  0.04       0.72 r
  OAUM/U263/ZN (OAI21D1)                                  0.03       0.75 f
  OAUM/U266/ZN (AOI21D1)                                  0.04       0.78 r
  OAUM/U7/ZN (OAI21D0)                                    0.03       0.81 f
  OAUM/U284/CO (FA1D0)                                    0.06       0.87 f
  OAUM/U4/CO (FA1D0)                                      0.06       0.93 f
  OAUM/U3/Z (CKXOR2D1)                                    0.05       0.98 f
  OAUM/U2/Z (BUFFD1)                                      0.04       1.02 f
  OAUM/U6/Z (CKBD1)                                       0.03       1.05 f
  OAUM/Shift[1] (Mantissa_OAUM_MANTISSA_WIDTH23_ACC_31)
                                                          0.00       1.05 f
  U52/Z (OR2D0)                                           0.06       1.11 f
  U51/ZN (INVD0)                                          0.04       1.14 r
  U119/ZN (NR2XD0)                                        0.02       1.16 f
  U197/ZN (AOI21D1)                                       0.03       1.19 r
  U198/Z (CKXOR2D1)                                       0.05       1.25 r
  U46/ZN (ND4D0)                                          0.04       1.29 f
  U203/ZN (NR2D1)                                         0.03       1.32 r
  U42/ZN (OAI21D1)                                        0.03       1.35 f
  U107/Z (BUFFD2)                                         0.04       1.39 f
  U204/Z (CKBD1)                                          0.03       1.42 f
  U50/Z (OA21D0)                                          0.05       1.48 f
  exp_out[0] (out)                                        0.00       1.48 f
  data arrival time                                                  1.48

  clock vclk (rise edge)                                  1.50       1.50
  clock network delay (ideal)                             0.00       1.50
  output external delay                                  -0.02       1.48
  data required time                                                 1.48
  --------------------------------------------------------------------------
  data required time                                                 1.48
  data arrival time                                                 -1.48
  --------------------------------------------------------------------------
  slack (MET)                                                        0.00


  Startpoint: mantissa_y[22]
              (input port clocked by vclk)
  Endpoint: exp_out[0] (output port clocked by vclk)
  Path Group: vclk
  Path Type: max

  Des/Clust/Port     Wire Load Model       Library
  ------------------------------------------------
  top                ZeroWireload          tcbn65gplustc_ccs
  Mantissa_OAUM_MANTISSA_WIDTH23_ACC_31
                     ZeroWireload          tcbn65gplustc_ccs
  CSA3_2_Array_WIDTH24_1
                     ZeroWireload          tcbn65gplustc_ccs
  Partial_Product_Generator_BASELINE15_MANTISSA_WIDTH23_MAX_LEVEL1
                     ZeroWireload          tcbn65gplustc_ccs
  CSA3_2_Array_WIDTH24_0
                     ZeroWireload          tcbn65gplustc_ccs
  connector_WIDTH23_0
                     ZeroWireload          tcbn65gplustc_ccs
  CSA3_2_Array_WIDTH25
                     ZeroWireload          tcbn65gplustc_ccs
  CSA3_2_Array_WIDTH26
                     ZeroWireload          tcbn65gplustc_ccs

  Point                                                   Incr       Path
  --------------------------------------------------------------------------
  clock vclk (rise edge)                                  0.00       0.00
  clock network delay (ideal)                             0.00       0.00
  input external delay                                    0.02       0.02 r
  mantissa_y[22] (in)                                     0.02       0.04 r
  OAUM/Mantissa_Y[14] (Mantissa_OAUM_MANTISSA_WIDTH23_ACC_31)
                                                          0.00       0.04 r
  OAUM/U47/Z (CKBD1)                                      0.03       0.07 r
  OAUM/PGEN/Mantissa_Y[14] (Partial_Product_Generator_BASELINE15_MANTISSA_WIDTH23_MAX_LEVEL1)
                                                          0.00       0.07 r
  OAUM/PGEN/U21/Z (CKBD1)                                 0.04       0.11 r
  OAUM/PGEN/U22/Z (CKBD1)                                 0.04       0.15 r
  OAUM/PGEN/U7/Z (BUFFD1)                                 0.05       0.20 r
  OAUM/PGEN/U3/ZN (XNR2D0)                                0.06       0.26 r
  OAUM/PGEN/PP_GEN[1].ConnectPPY/In[18] (connector_WIDTH23_0)
                                                          0.00       0.26 r
  OAUM/PGEN/PP_GEN[1].ConnectPPY/U1/Z (CKBD1)             0.03       0.30 r
  OAUM/PGEN/PP_GEN[1].ConnectPPY/Out[18] (connector_WIDTH23_0)
                                                          0.00       0.30 r
  OAUM/PGEN/Partial_Product_Y[11] (Partial_Product_Generator_BASELINE15_MANTISSA_WIDTH23_MAX_LEVEL1)
                                                          0.00       0.30 r
  OAUM/Stage_0_1/In_3[18] (CSA3_2_Array_WIDTH24_0)        0.00       0.30 r
  OAUM/Stage_0_1/U6/Z (XOR3D0)                            0.11       0.41 f
  OAUM/Stage_0_1/S[18] (CSA3_2_Array_WIDTH24_0)           0.00       0.41 f
  OAUM/Stage_1_0/In_3[18] (CSA3_2_Array_WIDTH25)          0.00       0.41 f
  OAUM/Stage_1_0/U17/Z (XOR3D0)                           0.08       0.49 r
  OAUM/Stage_1_0/S[18] (CSA3_2_Array_WIDTH25)             0.00       0.49 r
  OAUM/Stage_2_0/In_1[18] (CSA3_2_Array_WIDTH26)          0.00       0.49 r
  OAUM/Stage_2_0/U42/Z (XOR3D0)                           0.08       0.56 f
  OAUM/Stage_2_0/S[18] (CSA3_2_Array_WIDTH26)             0.00       0.56 f
  OAUM/U43/ZN (ND2D0)                                     0.03       0.59 r
  OAUM/U133/ZN (INVD0)                                    0.02       0.60 f
  OAUM/U28/ZN (AOI21D0)                                   0.04       0.65 r
  OAUM/U116/ZN (OAI21D0)                                  0.03       0.68 f
  OAUM/U262/ZN (AOI21D1)                                  0.04       0.72 r
  OAUM/U263/ZN (OAI21D1)                                  0.03       0.75 f
  OAUM/U266/ZN (AOI21D1)                                  0.04       0.78 r
  OAUM/U7/ZN (OAI21D0)                                    0.03       0.81 f
  OAUM/U284/CO (FA1D0)                                    0.06       0.87 f
  OAUM/U4/CO (FA1D0)                                      0.06       0.93 f
  OAUM/U3/Z (CKXOR2D1)                                    0.05       0.98 f
  OAUM/U2/Z (BUFFD1)                                      0.04       1.02 f
  OAUM/U6/Z (CKBD1)                                       0.03       1.05 f
  OAUM/Shift[1] (Mantissa_OAUM_MANTISSA_WIDTH23_ACC_31)
                                                          0.00       1.05 f
  U52/Z (OR2D0)                                           0.06       1.11 f
  U51/ZN (INVD0)                                          0.04       1.14 r
  U119/ZN (NR2XD0)                                        0.02       1.16 f
  U197/ZN (AOI21D1)                                       0.03       1.19 r
  U198/Z (CKXOR2D1)                                       0.05       1.25 r
  U46/ZN (ND4D0)                                          0.04       1.29 f
  U203/ZN (NR2D1)                                         0.03       1.32 r
  U42/ZN (OAI21D1)                                        0.03       1.35 f
  U107/Z (BUFFD2)                                         0.04       1.39 f
  U204/Z (CKBD1)                                          0.03       1.42 f
  U50/Z (OA21D0)                                          0.05       1.48 f
  exp_out[0] (out)                                        0.00       1.48 f
  data arrival time                                                  1.48

  clock vclk (rise edge)                                  1.50       1.50
  clock network delay (ideal)                             0.00       1.50
  output external delay                                  -0.02       1.48
  data required time                                                 1.48
  --------------------------------------------------------------------------
  data required time                                                 1.48
  data arrival time                                                 -1.48
  --------------------------------------------------------------------------
  slack (MET)                                                        0.00


  Startpoint: mantissa_y[22]
              (input port clocked by vclk)
  Endpoint: exp_out[0] (output port clocked by vclk)
  Path Group: vclk
  Path Type: max

  Des/Clust/Port     Wire Load Model       Library
  ------------------------------------------------
  top                ZeroWireload          tcbn65gplustc_ccs
  Mantissa_OAUM_MANTISSA_WIDTH23_ACC_31
                     ZeroWireload          tcbn65gplustc_ccs
  CSA3_2_Array_WIDTH24_1
                     ZeroWireload          tcbn65gplustc_ccs
  Partial_Product_Generator_BASELINE15_MANTISSA_WIDTH23_MAX_LEVEL1
                     ZeroWireload          tcbn65gplustc_ccs
  CSA3_2_Array_WIDTH24_0
                     ZeroWireload          tcbn65gplustc_ccs
  connector_WIDTH23_0
                     ZeroWireload          tcbn65gplustc_ccs
  CSA3_2_Array_WIDTH25
                     ZeroWireload          tcbn65gplustc_ccs
  CSA3_2_Array_WIDTH26
                     ZeroWireload          tcbn65gplustc_ccs

  Point                                                   Incr       Path
  --------------------------------------------------------------------------
  clock vclk (rise edge)                                  0.00       0.00
  clock network delay (ideal)                             0.00       0.00
  input external delay                                    0.02       0.02 r
  mantissa_y[22] (in)                                     0.02       0.04 r
  OAUM/Mantissa_Y[14] (Mantissa_OAUM_MANTISSA_WIDTH23_ACC_31)
                                                          0.00       0.04 r
  OAUM/U47/Z (CKBD1)                                      0.03       0.07 r
  OAUM/PGEN/Mantissa_Y[14] (Partial_Product_Generator_BASELINE15_MANTISSA_WIDTH23_MAX_LEVEL1)
                                                          0.00       0.07 r
  OAUM/PGEN/U21/Z (CKBD1)                                 0.04       0.11 r
  OAUM/PGEN/U22/Z (CKBD1)                                 0.04       0.15 r
  OAUM/PGEN/U7/Z (BUFFD1)                                 0.05       0.20 r
  OAUM/PGEN/U3/ZN (XNR2D0)                                0.06       0.26 r
  OAUM/PGEN/PP_GEN[1].ConnectPPY/In[18] (connector_WIDTH23_0)
                                                          0.00       0.26 r
  OAUM/PGEN/PP_GEN[1].ConnectPPY/U1/Z (CKBD1)             0.03       0.30 r
  OAUM/PGEN/PP_GEN[1].ConnectPPY/Out[18] (connector_WIDTH23_0)
                                                          0.00       0.30 r
  OAUM/PGEN/Partial_Product_Y[11] (Partial_Product_Generator_BASELINE15_MANTISSA_WIDTH23_MAX_LEVEL1)
                                                          0.00       0.30 r
  OAUM/Stage_0_1/In_3[18] (CSA3_2_Array_WIDTH24_0)        0.00       0.30 r
  OAUM/Stage_0_1/U6/Z (XOR3D0)                            0.11       0.41 f
  OAUM/Stage_0_1/S[18] (CSA3_2_Array_WIDTH24_0)           0.00       0.41 f
  OAUM/Stage_1_0/In_3[18] (CSA3_2_Array_WIDTH25)          0.00       0.41 f
  OAUM/Stage_1_0/U17/Z (XOR3D0)                           0.08       0.49 r
  OAUM/Stage_1_0/S[18] (CSA3_2_Array_WIDTH25)             0.00       0.49 r
  OAUM/Stage_2_0/In_1[18] (CSA3_2_Array_WIDTH26)          0.00       0.49 r
  OAUM/Stage_2_0/U42/Z (XOR3D0)                           0.08       0.56 f
  OAUM/Stage_2_0/S[18] (CSA3_2_Array_WIDTH26)             0.00       0.56 f
  OAUM/U43/ZN (ND2D0)                                     0.03       0.59 r
  OAUM/U133/ZN (INVD0)                                    0.02       0.60 f
  OAUM/U28/ZN (AOI21D0)                                   0.04       0.65 r
  OAUM/U116/ZN (OAI21D0)                                  0.03       0.68 f
  OAUM/U262/ZN (AOI21D1)                                  0.04       0.72 r
  OAUM/U263/ZN (OAI21D1)                                  0.03       0.75 f
  OAUM/U266/ZN (AOI21D1)                                  0.04       0.78 r
  OAUM/U7/ZN (OAI21D0)                                    0.03       0.81 f
  OAUM/U284/CO (FA1D0)                                    0.06       0.87 f
  OAUM/U4/CO (FA1D0)                                      0.06       0.93 f
  OAUM/U3/Z (CKXOR2D1)                                    0.05       0.98 f
  OAUM/U2/Z (BUFFD1)                                      0.04       1.02 f
  OAUM/U6/Z (CKBD1)                                       0.03       1.05 f
  OAUM/Shift[1] (Mantissa_OAUM_MANTISSA_WIDTH23_ACC_31)
                                                          0.00       1.05 f
  U52/Z (OR2D0)                                           0.06       1.11 f
  U51/ZN (INVD0)                                          0.04       1.14 r
  U119/ZN (NR2XD0)                                        0.02       1.16 f
  U197/ZN (AOI21D1)                                       0.03       1.19 r
  U198/Z (CKXOR2D1)                                       0.05       1.25 r
  U46/ZN (ND4D0)                                          0.04       1.29 f
  U203/ZN (NR2D1)                                         0.03       1.32 r
  U42/ZN (OAI21D1)                                        0.03       1.35 f
  U107/Z (BUFFD2)                                         0.04       1.39 f
  U204/Z (CKBD1)                                          0.03       1.42 f
  U50/Z (OA21D0)                                          0.05       1.48 f
  exp_out[0] (out)                                        0.00       1.48 f
  data arrival time                                                  1.48

  clock vclk (rise edge)                                  1.50       1.50
  clock network delay (ideal)                             0.00       1.50
  output external delay                                  -0.02       1.48
  data required time                                                 1.48
  --------------------------------------------------------------------------
  data required time                                                 1.48
  data arrival time                                                 -1.48
  --------------------------------------------------------------------------
  slack (MET)                                                        0.00


  Startpoint: mantissa_y[22]
              (input port clocked by vclk)
  Endpoint: exp_out[0] (output port clocked by vclk)
  Path Group: vclk
  Path Type: max

  Des/Clust/Port     Wire Load Model       Library
  ------------------------------------------------
  top                ZeroWireload          tcbn65gplustc_ccs
  Mantissa_OAUM_MANTISSA_WIDTH23_ACC_31
                     ZeroWireload          tcbn65gplustc_ccs
  CSA3_2_Array_WIDTH24_1
                     ZeroWireload          tcbn65gplustc_ccs
  Partial_Product_Generator_BASELINE15_MANTISSA_WIDTH23_MAX_LEVEL1
                     ZeroWireload          tcbn65gplustc_ccs
  CSA3_2_Array_WIDTH24_0
                     ZeroWireload          tcbn65gplustc_ccs
  connector_WIDTH23_0
                     ZeroWireload          tcbn65gplustc_ccs
  CSA3_2_Array_WIDTH25
                     ZeroWireload          tcbn65gplustc_ccs
  CSA3_2_Array_WIDTH26
                     ZeroWireload          tcbn65gplustc_ccs

  Point                                                   Incr       Path
  --------------------------------------------------------------------------
  clock vclk (rise edge)                                  0.00       0.00
  clock network delay (ideal)                             0.00       0.00
  input external delay                                    0.02       0.02 r
  mantissa_y[22] (in)                                     0.02       0.04 r
  OAUM/Mantissa_Y[14] (Mantissa_OAUM_MANTISSA_WIDTH23_ACC_31)
                                                          0.00       0.04 r
  OAUM/U47/Z (CKBD1)                                      0.03       0.07 r
  OAUM/PGEN/Mantissa_Y[14] (Partial_Product_Generator_BASELINE15_MANTISSA_WIDTH23_MAX_LEVEL1)
                                                          0.00       0.07 r
  OAUM/PGEN/U21/Z (CKBD1)                                 0.04       0.11 r
  OAUM/PGEN/U22/Z (CKBD1)                                 0.04       0.15 r
  OAUM/PGEN/U7/Z (BUFFD1)                                 0.05       0.20 r
  OAUM/PGEN/U3/ZN (XNR2D0)                                0.06       0.26 r
  OAUM/PGEN/PP_GEN[1].ConnectPPY/In[18] (connector_WIDTH23_0)
                                                          0.00       0.26 r
  OAUM/PGEN/PP_GEN[1].ConnectPPY/U1/Z (CKBD1)             0.03       0.30 r
  OAUM/PGEN/PP_GEN[1].ConnectPPY/Out[18] (connector_WIDTH23_0)
                                                          0.00       0.30 r
  OAUM/PGEN/Partial_Product_Y[11] (Partial_Product_Generator_BASELINE15_MANTISSA_WIDTH23_MAX_LEVEL1)
                                                          0.00       0.30 r
  OAUM/Stage_0_1/In_3[18] (CSA3_2_Array_WIDTH24_0)        0.00       0.30 r
  OAUM/Stage_0_1/U6/Z (XOR3D0)                            0.11       0.41 f
  OAUM/Stage_0_1/S[18] (CSA3_2_Array_WIDTH24_0)           0.00       0.41 f
  OAUM/Stage_1_0/In_3[18] (CSA3_2_Array_WIDTH25)          0.00       0.41 f
  OAUM/Stage_1_0/U17/Z (XOR3D0)                           0.08       0.49 r
  OAUM/Stage_1_0/S[18] (CSA3_2_Array_WIDTH25)             0.00       0.49 r
  OAUM/Stage_2_0/In_1[18] (CSA3_2_Array_WIDTH26)          0.00       0.49 r
  OAUM/Stage_2_0/U42/Z (XOR3D0)                           0.08       0.56 f
  OAUM/Stage_2_0/S[18] (CSA3_2_Array_WIDTH26)             0.00       0.56 f
  OAUM/U43/ZN (ND2D0)                                     0.03       0.59 r
  OAUM/U133/ZN (INVD0)                                    0.02       0.60 f
  OAUM/U28/ZN (AOI21D0)                                   0.04       0.65 r
  OAUM/U116/ZN (OAI21D0)                                  0.03       0.68 f
  OAUM/U262/ZN (AOI21D1)                                  0.04       0.72 r
  OAUM/U263/ZN (OAI21D1)                                  0.03       0.75 f
  OAUM/U266/ZN (AOI21D1)                                  0.04       0.78 r
  OAUM/U7/ZN (OAI21D0)                                    0.03       0.81 f
  OAUM/U284/CO (FA1D0)                                    0.06       0.87 f
  OAUM/U4/CO (FA1D0)                                      0.06       0.93 f
  OAUM/U3/Z (CKXOR2D1)                                    0.05       0.98 f
  OAUM/U2/Z (BUFFD1)                                      0.04       1.02 f
  OAUM/U6/Z (CKBD1)                                       0.03       1.05 f
  OAUM/Shift[1] (Mantissa_OAUM_MANTISSA_WIDTH23_ACC_31)
                                                          0.00       1.05 f
  U52/Z (OR2D0)                                           0.06       1.11 f
  U51/ZN (INVD0)                                          0.04       1.14 r
  U119/ZN (NR2XD0)                                        0.02       1.16 f
  U197/ZN (AOI21D1)                                       0.03       1.19 r
  U198/Z (CKXOR2D1)                                       0.05       1.25 r
  U46/ZN (ND4D0)                                          0.04       1.29 f
  U203/ZN (NR2D1)                                         0.03       1.32 r
  U42/ZN (OAI21D1)                                        0.03       1.35 f
  U107/Z (BUFFD2)                                         0.04       1.39 f
  U204/Z (CKBD1)                                          0.03       1.42 f
  U50/Z (OA21D0)                                          0.05       1.48 f
  exp_out[0] (out)                                        0.00       1.48 f
  data arrival time                                                  1.48

  clock vclk (rise edge)                                  1.50       1.50
  clock network delay (ideal)                             0.00       1.50
  output external delay                                  -0.02       1.48
  data required time                                                 1.48
  --------------------------------------------------------------------------
  data required time                                                 1.48
  data arrival time                                                 -1.48
  --------------------------------------------------------------------------
  slack (MET)                                                        0.00


  Startpoint: mantissa_y[22]
              (input port clocked by vclk)
  Endpoint: exp_out[0] (output port clocked by vclk)
  Path Group: vclk
  Path Type: max

  Des/Clust/Port     Wire Load Model       Library
  ------------------------------------------------
  top                ZeroWireload          tcbn65gplustc_ccs
  Mantissa_OAUM_MANTISSA_WIDTH23_ACC_31
                     ZeroWireload          tcbn65gplustc_ccs
  CSA3_2_Array_WIDTH24_1
                     ZeroWireload          tcbn65gplustc_ccs
  Partial_Product_Generator_BASELINE15_MANTISSA_WIDTH23_MAX_LEVEL1
                     ZeroWireload          tcbn65gplustc_ccs
  CSA3_2_Array_WIDTH24_0
                     ZeroWireload          tcbn65gplustc_ccs
  connector_WIDTH23_0
                     ZeroWireload          tcbn65gplustc_ccs
  CSA3_2_Array_WIDTH25
                     ZeroWireload          tcbn65gplustc_ccs
  CSA3_2_Array_WIDTH26
                     ZeroWireload          tcbn65gplustc_ccs

  Point                                                   Incr       Path
  --------------------------------------------------------------------------
  clock vclk (rise edge)                                  0.00       0.00
  clock network delay (ideal)                             0.00       0.00
  input external delay                                    0.02       0.02 r
  mantissa_y[22] (in)                                     0.02       0.04 r
  OAUM/Mantissa_Y[14] (Mantissa_OAUM_MANTISSA_WIDTH23_ACC_31)
                                                          0.00       0.04 r
  OAUM/U47/Z (CKBD1)                                      0.03       0.07 r
  OAUM/PGEN/Mantissa_Y[14] (Partial_Product_Generator_BASELINE15_MANTISSA_WIDTH23_MAX_LEVEL1)
                                                          0.00       0.07 r
  OAUM/PGEN/U21/Z (CKBD1)                                 0.04       0.11 r
  OAUM/PGEN/U22/Z (CKBD1)                                 0.04       0.15 r
  OAUM/PGEN/U7/Z (BUFFD1)                                 0.05       0.20 r
  OAUM/PGEN/U3/ZN (XNR2D0)                                0.06       0.26 r
  OAUM/PGEN/PP_GEN[1].ConnectPPY/In[18] (connector_WIDTH23_0)
                                                          0.00       0.26 r
  OAUM/PGEN/PP_GEN[1].ConnectPPY/U1/Z (CKBD1)             0.03       0.30 r
  OAUM/PGEN/PP_GEN[1].ConnectPPY/Out[18] (connector_WIDTH23_0)
                                                          0.00       0.30 r
  OAUM/PGEN/Partial_Product_Y[11] (Partial_Product_Generator_BASELINE15_MANTISSA_WIDTH23_MAX_LEVEL1)
                                                          0.00       0.30 r
  OAUM/Stage_0_1/In_3[18] (CSA3_2_Array_WIDTH24_0)        0.00       0.30 r
  OAUM/Stage_0_1/U6/Z (XOR3D0)                            0.11       0.41 f
  OAUM/Stage_0_1/S[18] (CSA3_2_Array_WIDTH24_0)           0.00       0.41 f
  OAUM/Stage_1_0/In_3[18] (CSA3_2_Array_WIDTH25)          0.00       0.41 f
  OAUM/Stage_1_0/U17/Z (XOR3D0)                           0.08       0.49 r
  OAUM/Stage_1_0/S[18] (CSA3_2_Array_WIDTH25)             0.00       0.49 r
  OAUM/Stage_2_0/In_1[18] (CSA3_2_Array_WIDTH26)          0.00       0.49 r
  OAUM/Stage_2_0/U42/Z (XOR3D0)                           0.08       0.56 f
  OAUM/Stage_2_0/S[18] (CSA3_2_Array_WIDTH26)             0.00       0.56 f
  OAUM/U43/ZN (ND2D0)                                     0.03       0.59 r
  OAUM/U133/ZN (INVD0)                                    0.02       0.60 f
  OAUM/U28/ZN (AOI21D0)                                   0.04       0.65 r
  OAUM/U116/ZN (OAI21D0)                                  0.03       0.68 f
  OAUM/U262/ZN (AOI21D1)                                  0.04       0.72 r
  OAUM/U263/ZN (OAI21D1)                                  0.03       0.75 f
  OAUM/U266/ZN (AOI21D1)                                  0.04       0.78 r
  OAUM/U7/ZN (OAI21D0)                                    0.03       0.81 f
  OAUM/U284/CO (FA1D0)                                    0.06       0.87 f
  OAUM/U4/CO (FA1D0)                                      0.06       0.93 f
  OAUM/U3/Z (CKXOR2D1)                                    0.05       0.98 f
  OAUM/U2/Z (BUFFD1)                                      0.04       1.02 f
  OAUM/U6/Z (CKBD1)                                       0.03       1.05 f
  OAUM/Shift[1] (Mantissa_OAUM_MANTISSA_WIDTH23_ACC_31)
                                                          0.00       1.05 f
  U52/Z (OR2D0)                                           0.06       1.11 f
  U51/ZN (INVD0)                                          0.04       1.14 r
  U119/ZN (NR2XD0)                                        0.02       1.16 f
  U197/ZN (AOI21D1)                                       0.03       1.19 r
  U198/Z (CKXOR2D1)                                       0.05       1.25 r
  U46/ZN (ND4D0)                                          0.04       1.29 f
  U203/ZN (NR2D1)                                         0.03       1.32 r
  U42/ZN (OAI21D1)                                        0.03       1.35 f
  U107/Z (BUFFD2)                                         0.04       1.39 f
  U204/Z (CKBD1)                                          0.03       1.42 f
  U50/Z (OA21D0)                                          0.05       1.48 f
  exp_out[0] (out)                                        0.00       1.48 f
  data arrival time                                                  1.48

  clock vclk (rise edge)                                  1.50       1.50
  clock network delay (ideal)                             0.00       1.50
  output external delay                                  -0.02       1.48
  data required time                                                 1.48
  --------------------------------------------------------------------------
  data required time                                                 1.48
  data arrival time                                                 -1.48
  --------------------------------------------------------------------------
  slack (MET)                                                        0.00


  Startpoint: mantissa_y[22]
              (input port clocked by vclk)
  Endpoint: exp_out[0] (output port clocked by vclk)
  Path Group: vclk
  Path Type: max

  Des/Clust/Port     Wire Load Model       Library
  ------------------------------------------------
  top                ZeroWireload          tcbn65gplustc_ccs
  Mantissa_OAUM_MANTISSA_WIDTH23_ACC_31
                     ZeroWireload          tcbn65gplustc_ccs
  CSA3_2_Array_WIDTH24_1
                     ZeroWireload          tcbn65gplustc_ccs
  Partial_Product_Generator_BASELINE15_MANTISSA_WIDTH23_MAX_LEVEL1
                     ZeroWireload          tcbn65gplustc_ccs
  CSA3_2_Array_WIDTH24_0
                     ZeroWireload          tcbn65gplustc_ccs
  connector_WIDTH23_0
                     ZeroWireload          tcbn65gplustc_ccs
  CSA3_2_Array_WIDTH25
                     ZeroWireload          tcbn65gplustc_ccs
  CSA3_2_Array_WIDTH26
                     ZeroWireload          tcbn65gplustc_ccs

  Point                                                   Incr       Path
  --------------------------------------------------------------------------
  clock vclk (rise edge)                                  0.00       0.00
  clock network delay (ideal)                             0.00       0.00
  input external delay                                    0.02       0.02 r
  mantissa_y[22] (in)                                     0.02       0.04 r
  OAUM/Mantissa_Y[14] (Mantissa_OAUM_MANTISSA_WIDTH23_ACC_31)
                                                          0.00       0.04 r
  OAUM/U47/Z (CKBD1)                                      0.03       0.07 r
  OAUM/PGEN/Mantissa_Y[14] (Partial_Product_Generator_BASELINE15_MANTISSA_WIDTH23_MAX_LEVEL1)
                                                          0.00       0.07 r
  OAUM/PGEN/U21/Z (CKBD1)                                 0.04       0.11 r
  OAUM/PGEN/U22/Z (CKBD1)                                 0.04       0.15 r
  OAUM/PGEN/U7/Z (BUFFD1)                                 0.05       0.20 r
  OAUM/PGEN/U3/ZN (XNR2D0)                                0.06       0.26 r
  OAUM/PGEN/PP_GEN[1].ConnectPPY/In[18] (connector_WIDTH23_0)
                                                          0.00       0.26 r
  OAUM/PGEN/PP_GEN[1].ConnectPPY/U1/Z (CKBD1)             0.03       0.30 r
  OAUM/PGEN/PP_GEN[1].ConnectPPY/Out[18] (connector_WIDTH23_0)
                                                          0.00       0.30 r
  OAUM/PGEN/Partial_Product_Y[11] (Partial_Product_Generator_BASELINE15_MANTISSA_WIDTH23_MAX_LEVEL1)
                                                          0.00       0.30 r
  OAUM/Stage_0_1/In_3[18] (CSA3_2_Array_WIDTH24_0)        0.00       0.30 r
  OAUM/Stage_0_1/U6/Z (XOR3D0)                            0.11       0.41 f
  OAUM/Stage_0_1/S[18] (CSA3_2_Array_WIDTH24_0)           0.00       0.41 f
  OAUM/Stage_1_0/In_3[18] (CSA3_2_Array_WIDTH25)          0.00       0.41 f
  OAUM/Stage_1_0/U17/Z (XOR3D0)                           0.08       0.49 r
  OAUM/Stage_1_0/S[18] (CSA3_2_Array_WIDTH25)             0.00       0.49 r
  OAUM/Stage_2_0/In_1[18] (CSA3_2_Array_WIDTH26)          0.00       0.49 r
  OAUM/Stage_2_0/U42/Z (XOR3D0)                           0.08       0.56 f
  OAUM/Stage_2_0/S[18] (CSA3_2_Array_WIDTH26)             0.00       0.56 f
  OAUM/U43/ZN (ND2D0)                                     0.03       0.59 r
  OAUM/U133/ZN (INVD0)                                    0.02       0.60 f
  OAUM/U28/ZN (AOI21D0)                                   0.04       0.65 r
  OAUM/U116/ZN (OAI21D0)                                  0.03       0.68 f
  OAUM/U262/ZN (AOI21D1)                                  0.04       0.72 r
  OAUM/U263/ZN (OAI21D1)                                  0.03       0.75 f
  OAUM/U266/ZN (AOI21D1)                                  0.04       0.78 r
  OAUM/U7/ZN (OAI21D0)                                    0.03       0.81 f
  OAUM/U284/CO (FA1D0)                                    0.06       0.87 f
  OAUM/U4/CO (FA1D0)                                      0.06       0.93 f
  OAUM/U3/Z (CKXOR2D1)                                    0.05       0.98 f
  OAUM/U2/Z (BUFFD1)                                      0.04       1.02 f
  OAUM/U6/Z (CKBD1)                                       0.03       1.05 f
  OAUM/Shift[1] (Mantissa_OAUM_MANTISSA_WIDTH23_ACC_31)
                                                          0.00       1.05 f
  U52/Z (OR2D0)                                           0.06       1.11 f
  U51/ZN (INVD0)                                          0.04       1.14 r
  U119/ZN (NR2XD0)                                        0.02       1.16 f
  U197/ZN (AOI21D1)                                       0.03       1.19 r
  U198/Z (CKXOR2D1)                                       0.05       1.25 r
  U46/ZN (ND4D0)                                          0.04       1.29 f
  U203/ZN (NR2D1)                                         0.03       1.32 r
  U42/ZN (OAI21D1)                                        0.03       1.35 f
  U107/Z (BUFFD2)                                         0.04       1.39 f
  U204/Z (CKBD1)                                          0.03       1.42 f
  U50/Z (OA21D0)                                          0.05       1.48 f
  exp_out[0] (out)                                        0.00       1.48 f
  data arrival time                                                  1.48

  clock vclk (rise edge)                                  1.50       1.50
  clock network delay (ideal)                             0.00       1.50
  output external delay                                  -0.02       1.48
  data required time                                                 1.48
  --------------------------------------------------------------------------
  data required time                                                 1.48
  data arrival time                                                 -1.48
  --------------------------------------------------------------------------
  slack (MET)                                                        0.00


  Startpoint: mantissa_y[22]
              (input port clocked by vclk)
  Endpoint: exp_out[0] (output port clocked by vclk)
  Path Group: vclk
  Path Type: max

  Des/Clust/Port     Wire Load Model       Library
  ------------------------------------------------
  top                ZeroWireload          tcbn65gplustc_ccs
  Mantissa_OAUM_MANTISSA_WIDTH23_ACC_31
                     ZeroWireload          tcbn65gplustc_ccs
  CSA3_2_Array_WIDTH24_1
                     ZeroWireload          tcbn65gplustc_ccs
  Partial_Product_Generator_BASELINE15_MANTISSA_WIDTH23_MAX_LEVEL1
                     ZeroWireload          tcbn65gplustc_ccs
  CSA3_2_Array_WIDTH24_0
                     ZeroWireload          tcbn65gplustc_ccs
  connector_WIDTH23_0
                     ZeroWireload          tcbn65gplustc_ccs
  CSA3_2_Array_WIDTH25
                     ZeroWireload          tcbn65gplustc_ccs
  CSA3_2_Array_WIDTH26
                     ZeroWireload          tcbn65gplustc_ccs

  Point                                                   Incr       Path
  --------------------------------------------------------------------------
  clock vclk (rise edge)                                  0.00       0.00
  clock network delay (ideal)                             0.00       0.00
  input external delay                                    0.02       0.02 r
  mantissa_y[22] (in)                                     0.02       0.04 r
  OAUM/Mantissa_Y[14] (Mantissa_OAUM_MANTISSA_WIDTH23_ACC_31)
                                                          0.00       0.04 r
  OAUM/U47/Z (CKBD1)                                      0.03       0.07 r
  OAUM/PGEN/Mantissa_Y[14] (Partial_Product_Generator_BASELINE15_MANTISSA_WIDTH23_MAX_LEVEL1)
                                                          0.00       0.07 r
  OAUM/PGEN/U21/Z (CKBD1)                                 0.04       0.11 r
  OAUM/PGEN/U22/Z (CKBD1)                                 0.04       0.15 r
  OAUM/PGEN/U7/Z (BUFFD1)                                 0.05       0.20 r
  OAUM/PGEN/U3/ZN (XNR2D0)                                0.06       0.26 r
  OAUM/PGEN/PP_GEN[1].ConnectPPY/In[18] (connector_WIDTH23_0)
                                                          0.00       0.26 r
  OAUM/PGEN/PP_GEN[1].ConnectPPY/U1/Z (CKBD1)             0.03       0.30 r
  OAUM/PGEN/PP_GEN[1].ConnectPPY/Out[18] (connector_WIDTH23_0)
                                                          0.00       0.30 r
  OAUM/PGEN/Partial_Product_Y[11] (Partial_Product_Generator_BASELINE15_MANTISSA_WIDTH23_MAX_LEVEL1)
                                                          0.00       0.30 r
  OAUM/Stage_0_1/In_3[18] (CSA3_2_Array_WIDTH24_0)        0.00       0.30 r
  OAUM/Stage_0_1/U6/Z (XOR3D0)                            0.11       0.41 f
  OAUM/Stage_0_1/S[18] (CSA3_2_Array_WIDTH24_0)           0.00       0.41 f
  OAUM/Stage_1_0/In_3[18] (CSA3_2_Array_WIDTH25)          0.00       0.41 f
  OAUM/Stage_1_0/U17/Z (XOR3D0)                           0.08       0.49 r
  OAUM/Stage_1_0/S[18] (CSA3_2_Array_WIDTH25)             0.00       0.49 r
  OAUM/Stage_2_0/In_1[18] (CSA3_2_Array_WIDTH26)          0.00       0.49 r
  OAUM/Stage_2_0/U42/Z (XOR3D0)                           0.08       0.56 f
  OAUM/Stage_2_0/S[18] (CSA3_2_Array_WIDTH26)             0.00       0.56 f
  OAUM/U43/ZN (ND2D0)                                     0.03       0.59 r
  OAUM/U133/ZN (INVD0)                                    0.02       0.60 f
  OAUM/U28/ZN (AOI21D0)                                   0.04       0.65 r
  OAUM/U116/ZN (OAI21D0)                                  0.03       0.68 f
  OAUM/U262/ZN (AOI21D1)                                  0.04       0.72 r
  OAUM/U263/ZN (OAI21D1)                                  0.03       0.75 f
  OAUM/U266/ZN (AOI21D1)                                  0.04       0.78 r
  OAUM/U7/ZN (OAI21D0)                                    0.03       0.81 f
  OAUM/U284/CO (FA1D0)                                    0.06       0.87 f
  OAUM/U4/CO (FA1D0)                                      0.06       0.93 f
  OAUM/U3/Z (CKXOR2D1)                                    0.05       0.98 f
  OAUM/U2/Z (BUFFD1)                                      0.04       1.02 f
  OAUM/U6/Z (CKBD1)                                       0.03       1.05 f
  OAUM/Shift[1] (Mantissa_OAUM_MANTISSA_WIDTH23_ACC_31)
                                                          0.00       1.05 f
  U52/Z (OR2D0)                                           0.06       1.11 f
  U51/ZN (INVD0)                                          0.04       1.14 r
  U119/ZN (NR2XD0)                                        0.02       1.16 f
  U197/ZN (AOI21D1)                                       0.03       1.19 r
  U198/Z (CKXOR2D1)                                       0.05       1.25 r
  U46/ZN (ND4D0)                                          0.04       1.29 f
  U203/ZN (NR2D1)                                         0.03       1.32 r
  U42/ZN (OAI21D1)                                        0.03       1.35 f
  U107/Z (BUFFD2)                                         0.04       1.39 f
  U204/Z (CKBD1)                                          0.03       1.42 f
  U50/Z (OA21D0)                                          0.05       1.48 f
  exp_out[0] (out)                                        0.00       1.48 f
  data arrival time                                                  1.48

  clock vclk (rise edge)                                  1.50       1.50
  clock network delay (ideal)                             0.00       1.50
  output external delay                                  -0.02       1.48
  data required time                                                 1.48
  --------------------------------------------------------------------------
  data required time                                                 1.48
  data arrival time                                                 -1.48
  --------------------------------------------------------------------------
  slack (MET)                                                        0.00


  Startpoint: mantissa_y[22]
              (input port clocked by vclk)
  Endpoint: exp_out[0] (output port clocked by vclk)
  Path Group: vclk
  Path Type: max

  Des/Clust/Port     Wire Load Model       Library
  ------------------------------------------------
  top                ZeroWireload          tcbn65gplustc_ccs
  Mantissa_OAUM_MANTISSA_WIDTH23_ACC_31
                     ZeroWireload          tcbn65gplustc_ccs
  CSA3_2_Array_WIDTH24_1
                     ZeroWireload          tcbn65gplustc_ccs
  Partial_Product_Generator_BASELINE15_MANTISSA_WIDTH23_MAX_LEVEL1
                     ZeroWireload          tcbn65gplustc_ccs
  CSA3_2_Array_WIDTH24_0
                     ZeroWireload          tcbn65gplustc_ccs
  connector_WIDTH23_0
                     ZeroWireload          tcbn65gplustc_ccs
  CSA3_2_Array_WIDTH25
                     ZeroWireload          tcbn65gplustc_ccs
  CSA3_2_Array_WIDTH26
                     ZeroWireload          tcbn65gplustc_ccs

  Point                                                   Incr       Path
  --------------------------------------------------------------------------
  clock vclk (rise edge)                                  0.00       0.00
  clock network delay (ideal)                             0.00       0.00
  input external delay                                    0.02       0.02 r
  mantissa_y[22] (in)                                     0.02       0.04 r
  OAUM/Mantissa_Y[14] (Mantissa_OAUM_MANTISSA_WIDTH23_ACC_31)
                                                          0.00       0.04 r
  OAUM/U47/Z (CKBD1)                                      0.03       0.07 r
  OAUM/PGEN/Mantissa_Y[14] (Partial_Product_Generator_BASELINE15_MANTISSA_WIDTH23_MAX_LEVEL1)
                                                          0.00       0.07 r
  OAUM/PGEN/U21/Z (CKBD1)                                 0.04       0.11 r
  OAUM/PGEN/U22/Z (CKBD1)                                 0.04       0.15 r
  OAUM/PGEN/U7/Z (BUFFD1)                                 0.05       0.20 r
  OAUM/PGEN/U3/ZN (XNR2D0)                                0.06       0.26 r
  OAUM/PGEN/PP_GEN[1].ConnectPPY/In[18] (connector_WIDTH23_0)
                                                          0.00       0.26 r
  OAUM/PGEN/PP_GEN[1].ConnectPPY/U1/Z (CKBD1)             0.03       0.30 r
  OAUM/PGEN/PP_GEN[1].ConnectPPY/Out[18] (connector_WIDTH23_0)
                                                          0.00       0.30 r
  OAUM/PGEN/Partial_Product_Y[11] (Partial_Product_Generator_BASELINE15_MANTISSA_WIDTH23_MAX_LEVEL1)
                                                          0.00       0.30 r
  OAUM/Stage_0_1/In_3[18] (CSA3_2_Array_WIDTH24_0)        0.00       0.30 r
  OAUM/Stage_0_1/U6/Z (XOR3D0)                            0.11       0.41 f
  OAUM/Stage_0_1/S[18] (CSA3_2_Array_WIDTH24_0)           0.00       0.41 f
  OAUM/Stage_1_0/In_3[18] (CSA3_2_Array_WIDTH25)          0.00       0.41 f
  OAUM/Stage_1_0/U17/Z (XOR3D0)                           0.08       0.49 r
  OAUM/Stage_1_0/S[18] (CSA3_2_Array_WIDTH25)             0.00       0.49 r
  OAUM/Stage_2_0/In_1[18] (CSA3_2_Array_WIDTH26)          0.00       0.49 r
  OAUM/Stage_2_0/U42/Z (XOR3D0)                           0.08       0.56 f
  OAUM/Stage_2_0/S[18] (CSA3_2_Array_WIDTH26)             0.00       0.56 f
  OAUM/U43/ZN (ND2D0)                                     0.03       0.59 r
  OAUM/U133/ZN (INVD0)                                    0.02       0.60 f
  OAUM/U28/ZN (AOI21D0)                                   0.04       0.65 r
  OAUM/U116/ZN (OAI21D0)                                  0.03       0.68 f
  OAUM/U262/ZN (AOI21D1)                                  0.04       0.72 r
  OAUM/U263/ZN (OAI21D1)                                  0.03       0.75 f
  OAUM/U266/ZN (AOI21D1)                                  0.04       0.78 r
  OAUM/U7/ZN (OAI21D0)                                    0.03       0.81 f
  OAUM/U284/CO (FA1D0)                                    0.06       0.87 f
  OAUM/U4/CO (FA1D0)                                      0.06       0.93 f
  OAUM/U3/Z (CKXOR2D1)                                    0.05       0.98 f
  OAUM/U2/Z (BUFFD1)                                      0.04       1.02 f
  OAUM/U6/Z (CKBD1)                                       0.03       1.05 f
  OAUM/Shift[1] (Mantissa_OAUM_MANTISSA_WIDTH23_ACC_31)
                                                          0.00       1.05 f
  U52/Z (OR2D0)                                           0.06       1.11 f
  U51/ZN (INVD0)                                          0.04       1.14 r
  U119/ZN (NR2XD0)                                        0.02       1.16 f
  U197/ZN (AOI21D1)                                       0.03       1.19 r
  U198/Z (CKXOR2D1)                                       0.05       1.25 r
  U46/ZN (ND4D0)                                          0.04       1.29 f
  U203/ZN (NR2D1)                                         0.03       1.32 r
  U42/ZN (OAI21D1)                                        0.03       1.35 f
  U107/Z (BUFFD2)                                         0.04       1.39 f
  U204/Z (CKBD1)                                          0.03       1.42 f
  U50/Z (OA21D0)                                          0.05       1.48 f
  exp_out[0] (out)                                        0.00       1.48 f
  data arrival time                                                  1.48

  clock vclk (rise edge)                                  1.50       1.50
  clock network delay (ideal)                             0.00       1.50
  output external delay                                  -0.02       1.48
  data required time                                                 1.48
  --------------------------------------------------------------------------
  data required time                                                 1.48
  data arrival time                                                 -1.48
  --------------------------------------------------------------------------
  slack (MET)                                                        0.00


  Startpoint: mantissa_y[22]
              (input port clocked by vclk)
  Endpoint: exp_out[0] (output port clocked by vclk)
  Path Group: vclk
  Path Type: max

  Des/Clust/Port     Wire Load Model       Library
  ------------------------------------------------
  top                ZeroWireload          tcbn65gplustc_ccs
  Mantissa_OAUM_MANTISSA_WIDTH23_ACC_31
                     ZeroWireload          tcbn65gplustc_ccs
  CSA3_2_Array_WIDTH24_1
                     ZeroWireload          tcbn65gplustc_ccs
  Partial_Product_Generator_BASELINE15_MANTISSA_WIDTH23_MAX_LEVEL1
                     ZeroWireload          tcbn65gplustc_ccs
  CSA3_2_Array_WIDTH24_0
                     ZeroWireload          tcbn65gplustc_ccs
  connector_WIDTH23_0
                     ZeroWireload          tcbn65gplustc_ccs
  CSA3_2_Array_WIDTH25
                     ZeroWireload          tcbn65gplustc_ccs
  CSA3_2_Array_WIDTH26
                     ZeroWireload          tcbn65gplustc_ccs

  Point                                                   Incr       Path
  --------------------------------------------------------------------------
  clock vclk (rise edge)                                  0.00       0.00
  clock network delay (ideal)                             0.00       0.00
  input external delay                                    0.02       0.02 r
  mantissa_y[22] (in)                                     0.02       0.04 r
  OAUM/Mantissa_Y[14] (Mantissa_OAUM_MANTISSA_WIDTH23_ACC_31)
                                                          0.00       0.04 r
  OAUM/U47/Z (CKBD1)                                      0.03       0.07 r
  OAUM/PGEN/Mantissa_Y[14] (Partial_Product_Generator_BASELINE15_MANTISSA_WIDTH23_MAX_LEVEL1)
                                                          0.00       0.07 r
  OAUM/PGEN/U21/Z (CKBD1)                                 0.04       0.11 r
  OAUM/PGEN/U22/Z (CKBD1)                                 0.04       0.15 r
  OAUM/PGEN/U7/Z (BUFFD1)                                 0.05       0.20 r
  OAUM/PGEN/U3/ZN (XNR2D0)                                0.06       0.26 r
  OAUM/PGEN/PP_GEN[1].ConnectPPY/In[18] (connector_WIDTH23_0)
                                                          0.00       0.26 r
  OAUM/PGEN/PP_GEN[1].ConnectPPY/U1/Z (CKBD1)             0.03       0.30 r
  OAUM/PGEN/PP_GEN[1].ConnectPPY/Out[18] (connector_WIDTH23_0)
                                                          0.00       0.30 r
  OAUM/PGEN/Partial_Product_Y[11] (Partial_Product_Generator_BASELINE15_MANTISSA_WIDTH23_MAX_LEVEL1)
                                                          0.00       0.30 r
  OAUM/Stage_0_1/In_3[18] (CSA3_2_Array_WIDTH24_0)        0.00       0.30 r
  OAUM/Stage_0_1/U6/Z (XOR3D0)                            0.11       0.41 f
  OAUM/Stage_0_1/S[18] (CSA3_2_Array_WIDTH24_0)           0.00       0.41 f
  OAUM/Stage_1_0/In_3[18] (CSA3_2_Array_WIDTH25)          0.00       0.41 f
  OAUM/Stage_1_0/U17/Z (XOR3D0)                           0.08       0.49 r
  OAUM/Stage_1_0/S[18] (CSA3_2_Array_WIDTH25)             0.00       0.49 r
  OAUM/Stage_2_0/In_1[18] (CSA3_2_Array_WIDTH26)          0.00       0.49 r
  OAUM/Stage_2_0/U42/Z (XOR3D0)                           0.08       0.56 f
  OAUM/Stage_2_0/S[18] (CSA3_2_Array_WIDTH26)             0.00       0.56 f
  OAUM/U43/ZN (ND2D0)                                     0.03       0.59 r
  OAUM/U133/ZN (INVD0)                                    0.02       0.60 f
  OAUM/U28/ZN (AOI21D0)                                   0.04       0.65 r
  OAUM/U116/ZN (OAI21D0)                                  0.03       0.68 f
  OAUM/U262/ZN (AOI21D1)                                  0.04       0.72 r
  OAUM/U263/ZN (OAI21D1)                                  0.03       0.75 f
  OAUM/U266/ZN (AOI21D1)                                  0.04       0.78 r
  OAUM/U7/ZN (OAI21D0)                                    0.03       0.81 f
  OAUM/U284/CO (FA1D0)                                    0.06       0.87 f
  OAUM/U4/CO (FA1D0)                                      0.06       0.93 f
  OAUM/U3/Z (CKXOR2D1)                                    0.05       0.98 f
  OAUM/U2/Z (BUFFD1)                                      0.04       1.02 f
  OAUM/U6/Z (CKBD1)                                       0.03       1.05 f
  OAUM/Shift[1] (Mantissa_OAUM_MANTISSA_WIDTH23_ACC_31)
                                                          0.00       1.05 f
  U52/Z (OR2D0)                                           0.06       1.11 f
  U51/ZN (INVD0)                                          0.04       1.14 r
  U119/ZN (NR2XD0)                                        0.02       1.16 f
  U197/ZN (AOI21D1)                                       0.03       1.19 r
  U198/Z (CKXOR2D1)                                       0.05       1.25 r
  U46/ZN (ND4D0)                                          0.04       1.29 f
  U203/ZN (NR2D1)                                         0.03       1.32 r
  U42/ZN (OAI21D1)                                        0.03       1.35 f
  U107/Z (BUFFD2)                                         0.04       1.39 f
  U204/Z (CKBD1)                                          0.03       1.42 f
  U50/Z (OA21D0)                                          0.05       1.48 f
  exp_out[0] (out)                                        0.00       1.48 f
  data arrival time                                                  1.48

  clock vclk (rise edge)                                  1.50       1.50
  clock network delay (ideal)                             0.00       1.50
  output external delay                                  -0.02       1.48
  data required time                                                 1.48
  --------------------------------------------------------------------------
  data required time                                                 1.48
  data arrival time                                                 -1.48
  --------------------------------------------------------------------------
  slack (MET)                                                        0.00


  Startpoint: mantissa_y[22]
              (input port clocked by vclk)
  Endpoint: exp_out[0] (output port clocked by vclk)
  Path Group: vclk
  Path Type: max

  Des/Clust/Port     Wire Load Model       Library
  ------------------------------------------------
  top                ZeroWireload          tcbn65gplustc_ccs
  Mantissa_OAUM_MANTISSA_WIDTH23_ACC_31
                     ZeroWireload          tcbn65gplustc_ccs
  CSA3_2_Array_WIDTH24_1
                     ZeroWireload          tcbn65gplustc_ccs
  Partial_Product_Generator_BASELINE15_MANTISSA_WIDTH23_MAX_LEVEL1
                     ZeroWireload          tcbn65gplustc_ccs
  CSA3_2_Array_WIDTH24_0
                     ZeroWireload          tcbn65gplustc_ccs
  connector_WIDTH23_0
                     ZeroWireload          tcbn65gplustc_ccs
  CSA3_2_Array_WIDTH25
                     ZeroWireload          tcbn65gplustc_ccs
  CSA3_2_Array_WIDTH26
                     ZeroWireload          tcbn65gplustc_ccs

  Point                                                   Incr       Path
  --------------------------------------------------------------------------
  clock vclk (rise edge)                                  0.00       0.00
  clock network delay (ideal)                             0.00       0.00
  input external delay                                    0.02       0.02 r
  mantissa_y[22] (in)                                     0.02       0.04 r
  OAUM/Mantissa_Y[14] (Mantissa_OAUM_MANTISSA_WIDTH23_ACC_31)
                                                          0.00       0.04 r
  OAUM/U47/Z (CKBD1)                                      0.03       0.07 r
  OAUM/PGEN/Mantissa_Y[14] (Partial_Product_Generator_BASELINE15_MANTISSA_WIDTH23_MAX_LEVEL1)
                                                          0.00       0.07 r
  OAUM/PGEN/U21/Z (CKBD1)                                 0.04       0.11 r
  OAUM/PGEN/U22/Z (CKBD1)                                 0.04       0.15 r
  OAUM/PGEN/U7/Z (BUFFD1)                                 0.05       0.20 r
  OAUM/PGEN/U3/ZN (XNR2D0)                                0.06       0.26 r
  OAUM/PGEN/PP_GEN[1].ConnectPPY/In[18] (connector_WIDTH23_0)
                                                          0.00       0.26 r
  OAUM/PGEN/PP_GEN[1].ConnectPPY/U1/Z (CKBD1)             0.03       0.30 r
  OAUM/PGEN/PP_GEN[1].ConnectPPY/Out[18] (connector_WIDTH23_0)
                                                          0.00       0.30 r
  OAUM/PGEN/Partial_Product_Y[11] (Partial_Product_Generator_BASELINE15_MANTISSA_WIDTH23_MAX_LEVEL1)
                                                          0.00       0.30 r
  OAUM/Stage_0_1/In_3[18] (CSA3_2_Array_WIDTH24_0)        0.00       0.30 r
  OAUM/Stage_0_1/U6/Z (XOR3D0)                            0.11       0.41 f
  OAUM/Stage_0_1/S[18] (CSA3_2_Array_WIDTH24_0)           0.00       0.41 f
  OAUM/Stage_1_0/In_3[18] (CSA3_2_Array_WIDTH25)          0.00       0.41 f
  OAUM/Stage_1_0/U17/Z (XOR3D0)                           0.08       0.49 r
  OAUM/Stage_1_0/S[18] (CSA3_2_Array_WIDTH25)             0.00       0.49 r
  OAUM/Stage_2_0/In_1[18] (CSA3_2_Array_WIDTH26)          0.00       0.49 r
  OAUM/Stage_2_0/U42/Z (XOR3D0)                           0.08       0.56 f
  OAUM/Stage_2_0/S[18] (CSA3_2_Array_WIDTH26)             0.00       0.56 f
  OAUM/U43/ZN (ND2D0)                                     0.03       0.59 r
  OAUM/U133/ZN (INVD0)                                    0.02       0.60 f
  OAUM/U28/ZN (AOI21D0)                                   0.04       0.65 r
  OAUM/U116/ZN (OAI21D0)                                  0.03       0.68 f
  OAUM/U262/ZN (AOI21D1)                                  0.04       0.72 r
  OAUM/U263/ZN (OAI21D1)                                  0.03       0.75 f
  OAUM/U266/ZN (AOI21D1)                                  0.04       0.78 r
  OAUM/U7/ZN (OAI21D0)                                    0.03       0.81 f
  OAUM/U284/CO (FA1D0)                                    0.06       0.87 f
  OAUM/U4/CO (FA1D0)                                      0.06       0.93 f
  OAUM/U3/Z (CKXOR2D1)                                    0.05       0.98 f
  OAUM/U2/Z (BUFFD1)                                      0.04       1.02 f
  OAUM/U6/Z (CKBD1)                                       0.03       1.05 f
  OAUM/Shift[1] (Mantissa_OAUM_MANTISSA_WIDTH23_ACC_31)
                                                          0.00       1.05 f
  U52/Z (OR2D0)                                           0.06       1.11 f
  U51/ZN (INVD0)                                          0.04       1.14 r
  U119/ZN (NR2XD0)                                        0.02       1.16 f
  U197/ZN (AOI21D1)                                       0.03       1.19 r
  U198/Z (CKXOR2D1)                                       0.05       1.25 r
  U46/ZN (ND4D0)                                          0.04       1.29 f
  U203/ZN (NR2D1)                                         0.03       1.32 r
  U42/ZN (OAI21D1)                                        0.03       1.35 f
  U107/Z (BUFFD2)                                         0.04       1.39 f
  U204/Z (CKBD1)                                          0.03       1.42 f
  U50/Z (OA21D0)                                          0.05       1.48 f
  exp_out[0] (out)                                        0.00       1.48 f
  data arrival time                                                  1.48

  clock vclk (rise edge)                                  1.50       1.50
  clock network delay (ideal)                             0.00       1.50
  output external delay                                  -0.02       1.48
  data required time                                                 1.48
  --------------------------------------------------------------------------
  data required time                                                 1.48
  data arrival time                                                 -1.48
  --------------------------------------------------------------------------
  slack (MET)                                                        0.00


  Startpoint: mantissa_y[22]
              (input port clocked by vclk)
  Endpoint: exp_out[0] (output port clocked by vclk)
  Path Group: vclk
  Path Type: max

  Des/Clust/Port     Wire Load Model       Library
  ------------------------------------------------
  top                ZeroWireload          tcbn65gplustc_ccs
  Mantissa_OAUM_MANTISSA_WIDTH23_ACC_31
                     ZeroWireload          tcbn65gplustc_ccs
  CSA3_2_Array_WIDTH24_1
                     ZeroWireload          tcbn65gplustc_ccs
  Partial_Product_Generator_BASELINE15_MANTISSA_WIDTH23_MAX_LEVEL1
                     ZeroWireload          tcbn65gplustc_ccs
  CSA3_2_Array_WIDTH24_0
                     ZeroWireload          tcbn65gplustc_ccs
  connector_WIDTH23_0
                     ZeroWireload          tcbn65gplustc_ccs
  CSA3_2_Array_WIDTH25
                     ZeroWireload          tcbn65gplustc_ccs
  CSA3_2_Array_WIDTH26
                     ZeroWireload          tcbn65gplustc_ccs

  Point                                                   Incr       Path
  --------------------------------------------------------------------------
  clock vclk (rise edge)                                  0.00       0.00
  clock network delay (ideal)                             0.00       0.00
  input external delay                                    0.02       0.02 r
  mantissa_y[22] (in)                                     0.02       0.04 r
  OAUM/Mantissa_Y[14] (Mantissa_OAUM_MANTISSA_WIDTH23_ACC_31)
                                                          0.00       0.04 r
  OAUM/U47/Z (CKBD1)                                      0.03       0.07 r
  OAUM/PGEN/Mantissa_Y[14] (Partial_Product_Generator_BASELINE15_MANTISSA_WIDTH23_MAX_LEVEL1)
                                                          0.00       0.07 r
  OAUM/PGEN/U21/Z (CKBD1)                                 0.04       0.11 r
  OAUM/PGEN/U22/Z (CKBD1)                                 0.04       0.15 r
  OAUM/PGEN/U7/Z (BUFFD1)                                 0.05       0.20 r
  OAUM/PGEN/U3/ZN (XNR2D0)                                0.06       0.26 r
  OAUM/PGEN/PP_GEN[1].ConnectPPY/In[18] (connector_WIDTH23_0)
                                                          0.00       0.26 r
  OAUM/PGEN/PP_GEN[1].ConnectPPY/U1/Z (CKBD1)             0.03       0.30 r
  OAUM/PGEN/PP_GEN[1].ConnectPPY/Out[18] (connector_WIDTH23_0)
                                                          0.00       0.30 r
  OAUM/PGEN/Partial_Product_Y[11] (Partial_Product_Generator_BASELINE15_MANTISSA_WIDTH23_MAX_LEVEL1)
                                                          0.00       0.30 r
  OAUM/Stage_0_1/In_3[18] (CSA3_2_Array_WIDTH24_0)        0.00       0.30 r
  OAUM/Stage_0_1/U6/Z (XOR3D0)                            0.11       0.41 f
  OAUM/Stage_0_1/S[18] (CSA3_2_Array_WIDTH24_0)           0.00       0.41 f
  OAUM/Stage_1_0/In_3[18] (CSA3_2_Array_WIDTH25)          0.00       0.41 f
  OAUM/Stage_1_0/U17/Z (XOR3D0)                           0.08       0.49 r
  OAUM/Stage_1_0/S[18] (CSA3_2_Array_WIDTH25)             0.00       0.49 r
  OAUM/Stage_2_0/In_1[18] (CSA3_2_Array_WIDTH26)          0.00       0.49 r
  OAUM/Stage_2_0/U42/Z (XOR3D0)                           0.08       0.56 f
  OAUM/Stage_2_0/S[18] (CSA3_2_Array_WIDTH26)             0.00       0.56 f
  OAUM/U43/ZN (ND2D0)                                     0.03       0.59 r
  OAUM/U133/ZN (INVD0)                                    0.02       0.60 f
  OAUM/U28/ZN (AOI21D0)                                   0.04       0.65 r
  OAUM/U116/ZN (OAI21D0)                                  0.03       0.68 f
  OAUM/U262/ZN (AOI21D1)                                  0.04       0.72 r
  OAUM/U263/ZN (OAI21D1)                                  0.03       0.75 f
  OAUM/U266/ZN (AOI21D1)                                  0.04       0.78 r
  OAUM/U7/ZN (OAI21D0)                                    0.03       0.81 f
  OAUM/U284/CO (FA1D0)                                    0.06       0.87 f
  OAUM/U4/CO (FA1D0)                                      0.06       0.93 f
  OAUM/U3/Z (CKXOR2D1)                                    0.05       0.98 f
  OAUM/U2/Z (BUFFD1)                                      0.04       1.02 f
  OAUM/U6/Z (CKBD1)                                       0.03       1.05 f
  OAUM/Shift[1] (Mantissa_OAUM_MANTISSA_WIDTH23_ACC_31)
                                                          0.00       1.05 f
  U52/Z (OR2D0)                                           0.06       1.11 f
  U51/ZN (INVD0)                                          0.04       1.14 r
  U119/ZN (NR2XD0)                                        0.02       1.16 f
  U197/ZN (AOI21D1)                                       0.03       1.19 r
  U198/Z (CKXOR2D1)                                       0.05       1.25 r
  U46/ZN (ND4D0)                                          0.04       1.29 f
  U203/ZN (NR2D1)                                         0.03       1.32 r
  U42/ZN (OAI21D1)                                        0.03       1.35 f
  U107/Z (BUFFD2)                                         0.04       1.39 f
  U204/Z (CKBD1)                                          0.03       1.42 f
  U50/Z (OA21D0)                                          0.05       1.48 f
  exp_out[0] (out)                                        0.00       1.48 f
  data arrival time                                                  1.48

  clock vclk (rise edge)                                  1.50       1.50
  clock network delay (ideal)                             0.00       1.50
  output external delay                                  -0.02       1.48
  data required time                                                 1.48
  --------------------------------------------------------------------------
  data required time                                                 1.48
  data arrival time                                                 -1.48
  --------------------------------------------------------------------------
  slack (MET)                                                        0.00


  Startpoint: mantissa_y[22]
              (input port clocked by vclk)
  Endpoint: exp_out[0] (output port clocked by vclk)
  Path Group: vclk
  Path Type: max

  Des/Clust/Port     Wire Load Model       Library
  ------------------------------------------------
  top                ZeroWireload          tcbn65gplustc_ccs
  Mantissa_OAUM_MANTISSA_WIDTH23_ACC_31
                     ZeroWireload          tcbn65gplustc_ccs
  CSA3_2_Array_WIDTH24_1
                     ZeroWireload          tcbn65gplustc_ccs
  Partial_Product_Generator_BASELINE15_MANTISSA_WIDTH23_MAX_LEVEL1
                     ZeroWireload          tcbn65gplustc_ccs
  CSA3_2_Array_WIDTH24_0
                     ZeroWireload          tcbn65gplustc_ccs
  connector_WIDTH23_0
                     ZeroWireload          tcbn65gplustc_ccs
  CSA3_2_Array_WIDTH25
                     ZeroWireload          tcbn65gplustc_ccs
  CSA3_2_Array_WIDTH26
                     ZeroWireload          tcbn65gplustc_ccs

  Point                                                   Incr       Path
  --------------------------------------------------------------------------
  clock vclk (rise edge)                                  0.00       0.00
  clock network delay (ideal)                             0.00       0.00
  input external delay                                    0.02       0.02 r
  mantissa_y[22] (in)                                     0.02       0.04 r
  OAUM/Mantissa_Y[14] (Mantissa_OAUM_MANTISSA_WIDTH23_ACC_31)
                                                          0.00       0.04 r
  OAUM/U47/Z (CKBD1)                                      0.03       0.07 r
  OAUM/PGEN/Mantissa_Y[14] (Partial_Product_Generator_BASELINE15_MANTISSA_WIDTH23_MAX_LEVEL1)
                                                          0.00       0.07 r
  OAUM/PGEN/U21/Z (CKBD1)                                 0.04       0.11 r
  OAUM/PGEN/U22/Z (CKBD1)                                 0.04       0.15 r
  OAUM/PGEN/U7/Z (BUFFD1)                                 0.05       0.20 r
  OAUM/PGEN/U3/ZN (XNR2D0)                                0.06       0.26 r
  OAUM/PGEN/PP_GEN[1].ConnectPPY/In[18] (connector_WIDTH23_0)
                                                          0.00       0.26 r
  OAUM/PGEN/PP_GEN[1].ConnectPPY/U1/Z (CKBD1)             0.03       0.30 r
  OAUM/PGEN/PP_GEN[1].ConnectPPY/Out[18] (connector_WIDTH23_0)
                                                          0.00       0.30 r
  OAUM/PGEN/Partial_Product_Y[11] (Partial_Product_Generator_BASELINE15_MANTISSA_WIDTH23_MAX_LEVEL1)
                                                          0.00       0.30 r
  OAUM/Stage_0_1/In_3[18] (CSA3_2_Array_WIDTH24_0)        0.00       0.30 r
  OAUM/Stage_0_1/U6/Z (XOR3D0)                            0.11       0.41 f
  OAUM/Stage_0_1/S[18] (CSA3_2_Array_WIDTH24_0)           0.00       0.41 f
  OAUM/Stage_1_0/In_3[18] (CSA3_2_Array_WIDTH25)          0.00       0.41 f
  OAUM/Stage_1_0/U17/Z (XOR3D0)                           0.08       0.49 r
  OAUM/Stage_1_0/S[18] (CSA3_2_Array_WIDTH25)             0.00       0.49 r
  OAUM/Stage_2_0/In_1[18] (CSA3_2_Array_WIDTH26)          0.00       0.49 r
  OAUM/Stage_2_0/U42/Z (XOR3D0)                           0.08       0.56 f
  OAUM/Stage_2_0/S[18] (CSA3_2_Array_WIDTH26)             0.00       0.56 f
  OAUM/U43/ZN (ND2D0)                                     0.03       0.59 r
  OAUM/U133/ZN (INVD0)                                    0.02       0.60 f
  OAUM/U28/ZN (AOI21D0)                                   0.04       0.65 r
  OAUM/U116/ZN (OAI21D0)                                  0.03       0.68 f
  OAUM/U262/ZN (AOI21D1)                                  0.04       0.72 r
  OAUM/U263/ZN (OAI21D1)                                  0.03       0.75 f
  OAUM/U266/ZN (AOI21D1)                                  0.04       0.78 r
  OAUM/U7/ZN (OAI21D0)                                    0.03       0.81 f
  OAUM/U284/CO (FA1D0)                                    0.06       0.87 f
  OAUM/U4/CO (FA1D0)                                      0.06       0.93 f
  OAUM/U3/Z (CKXOR2D1)                                    0.05       0.98 f
  OAUM/U2/Z (BUFFD1)                                      0.04       1.02 f
  OAUM/U6/Z (CKBD1)                                       0.03       1.05 f
  OAUM/Shift[1] (Mantissa_OAUM_MANTISSA_WIDTH23_ACC_31)
                                                          0.00       1.05 f
  U52/Z (OR2D0)                                           0.06       1.11 f
  U51/ZN (INVD0)                                          0.04       1.14 r
  U119/ZN (NR2XD0)                                        0.02       1.16 f
  U197/ZN (AOI21D1)                                       0.03       1.19 r
  U198/Z (CKXOR2D1)                                       0.05       1.25 r
  U46/ZN (ND4D0)                                          0.04       1.29 f
  U203/ZN (NR2D1)                                         0.03       1.32 r
  U42/ZN (OAI21D1)                                        0.03       1.35 f
  U107/Z (BUFFD2)                                         0.04       1.39 f
  U204/Z (CKBD1)                                          0.03       1.42 f
  U50/Z (OA21D0)                                          0.05       1.48 f
  exp_out[0] (out)                                        0.00       1.48 f
  data arrival time                                                  1.48

  clock vclk (rise edge)                                  1.50       1.50
  clock network delay (ideal)                             0.00       1.50
  output external delay                                  -0.02       1.48
  data required time                                                 1.48
  --------------------------------------------------------------------------
  data required time                                                 1.48
  data arrival time                                                 -1.48
  --------------------------------------------------------------------------
  slack (MET)                                                        0.00


  Startpoint: mantissa_y[22]
              (input port clocked by vclk)
  Endpoint: exp_out[0] (output port clocked by vclk)
  Path Group: vclk
  Path Type: max

  Des/Clust/Port     Wire Load Model       Library
  ------------------------------------------------
  top                ZeroWireload          tcbn65gplustc_ccs
  Mantissa_OAUM_MANTISSA_WIDTH23_ACC_31
                     ZeroWireload          tcbn65gplustc_ccs
  CSA3_2_Array_WIDTH24_1
                     ZeroWireload          tcbn65gplustc_ccs
  Partial_Product_Generator_BASELINE15_MANTISSA_WIDTH23_MAX_LEVEL1
                     ZeroWireload          tcbn65gplustc_ccs
  CSA3_2_Array_WIDTH24_0
                     ZeroWireload          tcbn65gplustc_ccs
  connector_WIDTH23_0
                     ZeroWireload          tcbn65gplustc_ccs
  CSA3_2_Array_WIDTH25
                     ZeroWireload          tcbn65gplustc_ccs
  CSA3_2_Array_WIDTH26
                     ZeroWireload          tcbn65gplustc_ccs

  Point                                                   Incr       Path
  --------------------------------------------------------------------------
  clock vclk (rise edge)                                  0.00       0.00
  clock network delay (ideal)                             0.00       0.00
  input external delay                                    0.02       0.02 r
  mantissa_y[22] (in)                                     0.02       0.04 r
  OAUM/Mantissa_Y[14] (Mantissa_OAUM_MANTISSA_WIDTH23_ACC_31)
                                                          0.00       0.04 r
  OAUM/U47/Z (CKBD1)                                      0.03       0.07 r
  OAUM/PGEN/Mantissa_Y[14] (Partial_Product_Generator_BASELINE15_MANTISSA_WIDTH23_MAX_LEVEL1)
                                                          0.00       0.07 r
  OAUM/PGEN/U21/Z (CKBD1)                                 0.04       0.11 r
  OAUM/PGEN/U22/Z (CKBD1)                                 0.04       0.15 r
  OAUM/PGEN/U7/Z (BUFFD1)                                 0.05       0.20 r
  OAUM/PGEN/U3/ZN (XNR2D0)                                0.06       0.26 r
  OAUM/PGEN/PP_GEN[1].ConnectPPY/In[18] (connector_WIDTH23_0)
                                                          0.00       0.26 r
  OAUM/PGEN/PP_GEN[1].ConnectPPY/U1/Z (CKBD1)             0.03       0.30 r
  OAUM/PGEN/PP_GEN[1].ConnectPPY/Out[18] (connector_WIDTH23_0)
                                                          0.00       0.30 r
  OAUM/PGEN/Partial_Product_Y[11] (Partial_Product_Generator_BASELINE15_MANTISSA_WIDTH23_MAX_LEVEL1)
                                                          0.00       0.30 r
  OAUM/Stage_0_1/In_3[18] (CSA3_2_Array_WIDTH24_0)        0.00       0.30 r
  OAUM/Stage_0_1/U6/Z (XOR3D0)                            0.11       0.41 f
  OAUM/Stage_0_1/S[18] (CSA3_2_Array_WIDTH24_0)           0.00       0.41 f
  OAUM/Stage_1_0/In_3[18] (CSA3_2_Array_WIDTH25)          0.00       0.41 f
  OAUM/Stage_1_0/U17/Z (XOR3D0)                           0.08       0.49 r
  OAUM/Stage_1_0/S[18] (CSA3_2_Array_WIDTH25)             0.00       0.49 r
  OAUM/Stage_2_0/In_1[18] (CSA3_2_Array_WIDTH26)          0.00       0.49 r
  OAUM/Stage_2_0/U42/Z (XOR3D0)                           0.08       0.56 f
  OAUM/Stage_2_0/S[18] (CSA3_2_Array_WIDTH26)             0.00       0.56 f
  OAUM/U43/ZN (ND2D0)                                     0.03       0.59 r
  OAUM/U133/ZN (INVD0)                                    0.02       0.60 f
  OAUM/U28/ZN (AOI21D0)                                   0.04       0.65 r
  OAUM/U116/ZN (OAI21D0)                                  0.03       0.68 f
  OAUM/U262/ZN (AOI21D1)                                  0.04       0.72 r
  OAUM/U263/ZN (OAI21D1)                                  0.03       0.75 f
  OAUM/U266/ZN (AOI21D1)                                  0.04       0.78 r
  OAUM/U7/ZN (OAI21D0)                                    0.03       0.81 f
  OAUM/U284/CO (FA1D0)                                    0.06       0.87 f
  OAUM/U4/CO (FA1D0)                                      0.06       0.93 f
  OAUM/U3/Z (CKXOR2D1)                                    0.05       0.98 f
  OAUM/U2/Z (BUFFD1)                                      0.04       1.02 f
  OAUM/U6/Z (CKBD1)                                       0.03       1.05 f
  OAUM/Shift[1] (Mantissa_OAUM_MANTISSA_WIDTH23_ACC_31)
                                                          0.00       1.05 f
  U52/Z (OR2D0)                                           0.06       1.11 f
  U51/ZN (INVD0)                                          0.04       1.14 r
  U119/ZN (NR2XD0)                                        0.02       1.16 f
  U197/ZN (AOI21D1)                                       0.03       1.19 r
  U198/Z (CKXOR2D1)                                       0.05       1.25 r
  U46/ZN (ND4D0)                                          0.04       1.29 f
  U203/ZN (NR2D1)                                         0.03       1.32 r
  U42/ZN (OAI21D1)                                        0.03       1.35 f
  U107/Z (BUFFD2)                                         0.04       1.39 f
  U204/Z (CKBD1)                                          0.03       1.42 f
  U50/Z (OA21D0)                                          0.05       1.48 f
  exp_out[0] (out)                                        0.00       1.48 f
  data arrival time                                                  1.48

  clock vclk (rise edge)                                  1.50       1.50
  clock network delay (ideal)                             0.00       1.50
  output external delay                                  -0.02       1.48
  data required time                                                 1.48
  --------------------------------------------------------------------------
  data required time                                                 1.48
  data arrival time                                                 -1.48
  --------------------------------------------------------------------------
  slack (MET)                                                        0.00


  Startpoint: mantissa_y[22]
              (input port clocked by vclk)
  Endpoint: exp_out[0] (output port clocked by vclk)
  Path Group: vclk
  Path Type: max

  Des/Clust/Port     Wire Load Model       Library
  ------------------------------------------------
  top                ZeroWireload          tcbn65gplustc_ccs
  Mantissa_OAUM_MANTISSA_WIDTH23_ACC_31
                     ZeroWireload          tcbn65gplustc_ccs
  CSA3_2_Array_WIDTH24_1
                     ZeroWireload          tcbn65gplustc_ccs
  Partial_Product_Generator_BASELINE15_MANTISSA_WIDTH23_MAX_LEVEL1
                     ZeroWireload          tcbn65gplustc_ccs
  CSA3_2_Array_WIDTH24_0
                     ZeroWireload          tcbn65gplustc_ccs
  connector_WIDTH23_0
                     ZeroWireload          tcbn65gplustc_ccs
  CSA3_2_Array_WIDTH25
                     ZeroWireload          tcbn65gplustc_ccs
  CSA3_2_Array_WIDTH26
                     ZeroWireload          tcbn65gplustc_ccs

  Point                                                   Incr       Path
  --------------------------------------------------------------------------
  clock vclk (rise edge)                                  0.00       0.00
  clock network delay (ideal)                             0.00       0.00
  input external delay                                    0.02       0.02 r
  mantissa_y[22] (in)                                     0.02       0.04 r
  OAUM/Mantissa_Y[14] (Mantissa_OAUM_MANTISSA_WIDTH23_ACC_31)
                                                          0.00       0.04 r
  OAUM/U47/Z (CKBD1)                                      0.03       0.07 r
  OAUM/PGEN/Mantissa_Y[14] (Partial_Product_Generator_BASELINE15_MANTISSA_WIDTH23_MAX_LEVEL1)
                                                          0.00       0.07 r
  OAUM/PGEN/U21/Z (CKBD1)                                 0.04       0.11 r
  OAUM/PGEN/U22/Z (CKBD1)                                 0.04       0.15 r
  OAUM/PGEN/U7/Z (BUFFD1)                                 0.05       0.20 r
  OAUM/PGEN/U3/ZN (XNR2D0)                                0.06       0.26 r
  OAUM/PGEN/PP_GEN[1].ConnectPPY/In[18] (connector_WIDTH23_0)
                                                          0.00       0.26 r
  OAUM/PGEN/PP_GEN[1].ConnectPPY/U1/Z (CKBD1)             0.03       0.30 r
  OAUM/PGEN/PP_GEN[1].ConnectPPY/Out[18] (connector_WIDTH23_0)
                                                          0.00       0.30 r
  OAUM/PGEN/Partial_Product_Y[11] (Partial_Product_Generator_BASELINE15_MANTISSA_WIDTH23_MAX_LEVEL1)
                                                          0.00       0.30 r
  OAUM/Stage_0_1/In_3[18] (CSA3_2_Array_WIDTH24_0)        0.00       0.30 r
  OAUM/Stage_0_1/U6/Z (XOR3D0)                            0.11       0.41 f
  OAUM/Stage_0_1/S[18] (CSA3_2_Array_WIDTH24_0)           0.00       0.41 f
  OAUM/Stage_1_0/In_3[18] (CSA3_2_Array_WIDTH25)          0.00       0.41 f
  OAUM/Stage_1_0/U17/Z (XOR3D0)                           0.08       0.49 r
  OAUM/Stage_1_0/S[18] (CSA3_2_Array_WIDTH25)             0.00       0.49 r
  OAUM/Stage_2_0/In_1[18] (CSA3_2_Array_WIDTH26)          0.00       0.49 r
  OAUM/Stage_2_0/U42/Z (XOR3D0)                           0.08       0.56 f
  OAUM/Stage_2_0/S[18] (CSA3_2_Array_WIDTH26)             0.00       0.56 f
  OAUM/U43/ZN (ND2D0)                                     0.03       0.59 r
  OAUM/U133/ZN (INVD0)                                    0.02       0.60 f
  OAUM/U28/ZN (AOI21D0)                                   0.04       0.65 r
  OAUM/U116/ZN (OAI21D0)                                  0.03       0.68 f
  OAUM/U262/ZN (AOI21D1)                                  0.04       0.72 r
  OAUM/U263/ZN (OAI21D1)                                  0.03       0.75 f
  OAUM/U266/ZN (AOI21D1)                                  0.04       0.78 r
  OAUM/U7/ZN (OAI21D0)                                    0.03       0.81 f
  OAUM/U284/CO (FA1D0)                                    0.06       0.87 f
  OAUM/U4/CO (FA1D0)                                      0.06       0.93 f
  OAUM/U3/Z (CKXOR2D1)                                    0.05       0.98 f
  OAUM/U2/Z (BUFFD1)                                      0.04       1.02 f
  OAUM/U6/Z (CKBD1)                                       0.03       1.05 f
  OAUM/Shift[1] (Mantissa_OAUM_MANTISSA_WIDTH23_ACC_31)
                                                          0.00       1.05 f
  U52/Z (OR2D0)                                           0.06       1.11 f
  U51/ZN (INVD0)                                          0.04       1.14 r
  U119/ZN (NR2XD0)                                        0.02       1.16 f
  U197/ZN (AOI21D1)                                       0.03       1.19 r
  U198/Z (CKXOR2D1)                                       0.05       1.25 r
  U46/ZN (ND4D0)                                          0.04       1.29 f
  U203/ZN (NR2D1)                                         0.03       1.32 r
  U42/ZN (OAI21D1)                                        0.03       1.35 f
  U107/Z (BUFFD2)                                         0.04       1.39 f
  U204/Z (CKBD1)                                          0.03       1.42 f
  U50/Z (OA21D0)                                          0.05       1.48 f
  exp_out[0] (out)                                        0.00       1.48 f
  data arrival time                                                  1.48

  clock vclk (rise edge)                                  1.50       1.50
  clock network delay (ideal)                             0.00       1.50
  output external delay                                  -0.02       1.48
  data required time                                                 1.48
  --------------------------------------------------------------------------
  data required time                                                 1.48
  data arrival time                                                 -1.48
  --------------------------------------------------------------------------
  slack (MET)                                                        0.00


  Startpoint: mantissa_y[22]
              (input port clocked by vclk)
  Endpoint: exp_out[0] (output port clocked by vclk)
  Path Group: vclk
  Path Type: max

  Des/Clust/Port     Wire Load Model       Library
  ------------------------------------------------
  top                ZeroWireload          tcbn65gplustc_ccs
  Mantissa_OAUM_MANTISSA_WIDTH23_ACC_31
                     ZeroWireload          tcbn65gplustc_ccs
  CSA3_2_Array_WIDTH24_1
                     ZeroWireload          tcbn65gplustc_ccs
  Partial_Product_Generator_BASELINE15_MANTISSA_WIDTH23_MAX_LEVEL1
                     ZeroWireload          tcbn65gplustc_ccs
  CSA3_2_Array_WIDTH24_0
                     ZeroWireload          tcbn65gplustc_ccs
  connector_WIDTH23_0
                     ZeroWireload          tcbn65gplustc_ccs
  CSA3_2_Array_WIDTH25
                     ZeroWireload          tcbn65gplustc_ccs
  CSA3_2_Array_WIDTH26
                     ZeroWireload          tcbn65gplustc_ccs

  Point                                                   Incr       Path
  --------------------------------------------------------------------------
  clock vclk (rise edge)                                  0.00       0.00
  clock network delay (ideal)                             0.00       0.00
  input external delay                                    0.02       0.02 r
  mantissa_y[22] (in)                                     0.02       0.04 r
  OAUM/Mantissa_Y[14] (Mantissa_OAUM_MANTISSA_WIDTH23_ACC_31)
                                                          0.00       0.04 r
  OAUM/U47/Z (CKBD1)                                      0.03       0.07 r
  OAUM/PGEN/Mantissa_Y[14] (Partial_Product_Generator_BASELINE15_MANTISSA_WIDTH23_MAX_LEVEL1)
                                                          0.00       0.07 r
  OAUM/PGEN/U21/Z (CKBD1)                                 0.04       0.11 r
  OAUM/PGEN/U22/Z (CKBD1)                                 0.04       0.15 r
  OAUM/PGEN/U7/Z (BUFFD1)                                 0.05       0.20 r
  OAUM/PGEN/U3/ZN (XNR2D0)                                0.06       0.26 r
  OAUM/PGEN/PP_GEN[1].ConnectPPY/In[18] (connector_WIDTH23_0)
                                                          0.00       0.26 r
  OAUM/PGEN/PP_GEN[1].ConnectPPY/U1/Z (CKBD1)             0.03       0.30 r
  OAUM/PGEN/PP_GEN[1].ConnectPPY/Out[18] (connector_WIDTH23_0)
                                                          0.00       0.30 r
  OAUM/PGEN/Partial_Product_Y[11] (Partial_Product_Generator_BASELINE15_MANTISSA_WIDTH23_MAX_LEVEL1)
                                                          0.00       0.30 r
  OAUM/Stage_0_1/In_3[18] (CSA3_2_Array_WIDTH24_0)        0.00       0.30 r
  OAUM/Stage_0_1/U6/Z (XOR3D0)                            0.11       0.41 f
  OAUM/Stage_0_1/S[18] (CSA3_2_Array_WIDTH24_0)           0.00       0.41 f
  OAUM/Stage_1_0/In_3[18] (CSA3_2_Array_WIDTH25)          0.00       0.41 f
  OAUM/Stage_1_0/U17/Z (XOR3D0)                           0.08       0.49 r
  OAUM/Stage_1_0/S[18] (CSA3_2_Array_WIDTH25)             0.00       0.49 r
  OAUM/Stage_2_0/In_1[18] (CSA3_2_Array_WIDTH26)          0.00       0.49 r
  OAUM/Stage_2_0/U42/Z (XOR3D0)                           0.08       0.56 f
  OAUM/Stage_2_0/S[18] (CSA3_2_Array_WIDTH26)             0.00       0.56 f
  OAUM/U43/ZN (ND2D0)                                     0.03       0.59 r
  OAUM/U133/ZN (INVD0)                                    0.02       0.60 f
  OAUM/U28/ZN (AOI21D0)                                   0.04       0.65 r
  OAUM/U116/ZN (OAI21D0)                                  0.03       0.68 f
  OAUM/U262/ZN (AOI21D1)                                  0.04       0.72 r
  OAUM/U263/ZN (OAI21D1)                                  0.03       0.75 f
  OAUM/U266/ZN (AOI21D1)                                  0.04       0.78 r
  OAUM/U7/ZN (OAI21D0)                                    0.03       0.81 f
  OAUM/U284/CO (FA1D0)                                    0.06       0.87 f
  OAUM/U4/CO (FA1D0)                                      0.06       0.93 f
  OAUM/U3/Z (CKXOR2D1)                                    0.05       0.98 f
  OAUM/U2/Z (BUFFD1)                                      0.04       1.02 f
  OAUM/U6/Z (CKBD1)                                       0.03       1.05 f
  OAUM/Shift[1] (Mantissa_OAUM_MANTISSA_WIDTH23_ACC_31)
                                                          0.00       1.05 f
  U52/Z (OR2D0)                                           0.06       1.11 f
  U51/ZN (INVD0)                                          0.04       1.14 r
  U119/ZN (NR2XD0)                                        0.02       1.16 f
  U197/ZN (AOI21D1)                                       0.03       1.19 r
  U198/Z (CKXOR2D1)                                       0.05       1.25 r
  U46/ZN (ND4D0)                                          0.04       1.29 f
  U203/ZN (NR2D1)                                         0.03       1.32 r
  U42/ZN (OAI21D1)                                        0.03       1.35 f
  U107/Z (BUFFD2)                                         0.04       1.39 f
  U204/Z (CKBD1)                                          0.03       1.42 f
  U50/Z (OA21D0)                                          0.05       1.48 f
  exp_out[0] (out)                                        0.00       1.48 f
  data arrival time                                                  1.48

  clock vclk (rise edge)                                  1.50       1.50
  clock network delay (ideal)                             0.00       1.50
  output external delay                                  -0.02       1.48
  data required time                                                 1.48
  --------------------------------------------------------------------------
  data required time                                                 1.48
  data arrival time                                                 -1.48
  --------------------------------------------------------------------------
  slack (MET)                                                        0.00


  Startpoint: mantissa_y[22]
              (input port clocked by vclk)
  Endpoint: exp_out[0] (output port clocked by vclk)
  Path Group: vclk
  Path Type: max

  Des/Clust/Port     Wire Load Model       Library
  ------------------------------------------------
  top                ZeroWireload          tcbn65gplustc_ccs
  Mantissa_OAUM_MANTISSA_WIDTH23_ACC_31
                     ZeroWireload          tcbn65gplustc_ccs
  CSA3_2_Array_WIDTH24_1
                     ZeroWireload          tcbn65gplustc_ccs
  Partial_Product_Generator_BASELINE15_MANTISSA_WIDTH23_MAX_LEVEL1
                     ZeroWireload          tcbn65gplustc_ccs
  CSA3_2_Array_WIDTH24_0
                     ZeroWireload          tcbn65gplustc_ccs
  connector_WIDTH23_0
                     ZeroWireload          tcbn65gplustc_ccs
  CSA3_2_Array_WIDTH25
                     ZeroWireload          tcbn65gplustc_ccs
  CSA3_2_Array_WIDTH26
                     ZeroWireload          tcbn65gplustc_ccs

  Point                                                   Incr       Path
  --------------------------------------------------------------------------
  clock vclk (rise edge)                                  0.00       0.00
  clock network delay (ideal)                             0.00       0.00
  input external delay                                    0.02       0.02 r
  mantissa_y[22] (in)                                     0.02       0.04 r
  OAUM/Mantissa_Y[14] (Mantissa_OAUM_MANTISSA_WIDTH23_ACC_31)
                                                          0.00       0.04 r
  OAUM/U47/Z (CKBD1)                                      0.03       0.07 r
  OAUM/PGEN/Mantissa_Y[14] (Partial_Product_Generator_BASELINE15_MANTISSA_WIDTH23_MAX_LEVEL1)
                                                          0.00       0.07 r
  OAUM/PGEN/U21/Z (CKBD1)                                 0.04       0.11 r
  OAUM/PGEN/U22/Z (CKBD1)                                 0.04       0.15 r
  OAUM/PGEN/U7/Z (BUFFD1)                                 0.05       0.20 r
  OAUM/PGEN/U3/ZN (XNR2D0)                                0.06       0.26 r
  OAUM/PGEN/PP_GEN[1].ConnectPPY/In[18] (connector_WIDTH23_0)
                                                          0.00       0.26 r
  OAUM/PGEN/PP_GEN[1].ConnectPPY/U1/Z (CKBD1)             0.03       0.30 r
  OAUM/PGEN/PP_GEN[1].ConnectPPY/Out[18] (connector_WIDTH23_0)
                                                          0.00       0.30 r
  OAUM/PGEN/Partial_Product_Y[11] (Partial_Product_Generator_BASELINE15_MANTISSA_WIDTH23_MAX_LEVEL1)
                                                          0.00       0.30 r
  OAUM/Stage_0_1/In_3[18] (CSA3_2_Array_WIDTH24_0)        0.00       0.30 r
  OAUM/Stage_0_1/U6/Z (XOR3D0)                            0.11       0.41 f
  OAUM/Stage_0_1/S[18] (CSA3_2_Array_WIDTH24_0)           0.00       0.41 f
  OAUM/Stage_1_0/In_3[18] (CSA3_2_Array_WIDTH25)          0.00       0.41 f
  OAUM/Stage_1_0/U17/Z (XOR3D0)                           0.08       0.49 r
  OAUM/Stage_1_0/S[18] (CSA3_2_Array_WIDTH25)             0.00       0.49 r
  OAUM/Stage_2_0/In_1[18] (CSA3_2_Array_WIDTH26)          0.00       0.49 r
  OAUM/Stage_2_0/U42/Z (XOR3D0)                           0.08       0.56 f
  OAUM/Stage_2_0/S[18] (CSA3_2_Array_WIDTH26)             0.00       0.56 f
  OAUM/U43/ZN (ND2D0)                                     0.03       0.59 r
  OAUM/U133/ZN (INVD0)                                    0.02       0.60 f
  OAUM/U28/ZN (AOI21D0)                                   0.04       0.65 r
  OAUM/U116/ZN (OAI21D0)                                  0.03       0.68 f
  OAUM/U262/ZN (AOI21D1)                                  0.04       0.72 r
  OAUM/U263/ZN (OAI21D1)                                  0.03       0.75 f
  OAUM/U266/ZN (AOI21D1)                                  0.04       0.78 r
  OAUM/U7/ZN (OAI21D0)                                    0.03       0.81 f
  OAUM/U284/CO (FA1D0)                                    0.06       0.87 f
  OAUM/U4/CO (FA1D0)                                      0.06       0.93 f
  OAUM/U3/Z (CKXOR2D1)                                    0.05       0.98 f
  OAUM/U2/Z (BUFFD1)                                      0.04       1.02 f
  OAUM/U6/Z (CKBD1)                                       0.03       1.05 f
  OAUM/Shift[1] (Mantissa_OAUM_MANTISSA_WIDTH23_ACC_31)
                                                          0.00       1.05 f
  U52/Z (OR2D0)                                           0.06       1.11 f
  U51/ZN (INVD0)                                          0.04       1.14 r
  U119/ZN (NR2XD0)                                        0.02       1.16 f
  U197/ZN (AOI21D1)                                       0.03       1.19 r
  U198/Z (CKXOR2D1)                                       0.05       1.25 r
  U46/ZN (ND4D0)                                          0.04       1.29 f
  U203/ZN (NR2D1)                                         0.03       1.32 r
  U42/ZN (OAI21D1)                                        0.03       1.35 f
  U107/Z (BUFFD2)                                         0.04       1.39 f
  U204/Z (CKBD1)                                          0.03       1.42 f
  U50/Z (OA21D0)                                          0.05       1.48 f
  exp_out[0] (out)                                        0.00       1.48 f
  data arrival time                                                  1.48

  clock vclk (rise edge)                                  1.50       1.50
  clock network delay (ideal)                             0.00       1.50
  output external delay                                  -0.02       1.48
  data required time                                                 1.48
  --------------------------------------------------------------------------
  data required time                                                 1.48
  data arrival time                                                 -1.48
  --------------------------------------------------------------------------
  slack (MET)                                                        0.00


  Startpoint: mantissa_y[22]
              (input port clocked by vclk)
  Endpoint: exp_out[0] (output port clocked by vclk)
  Path Group: vclk
  Path Type: max

  Des/Clust/Port     Wire Load Model       Library
  ------------------------------------------------
  top                ZeroWireload          tcbn65gplustc_ccs
  Mantissa_OAUM_MANTISSA_WIDTH23_ACC_31
                     ZeroWireload          tcbn65gplustc_ccs
  CSA3_2_Array_WIDTH24_1
                     ZeroWireload          tcbn65gplustc_ccs
  Partial_Product_Generator_BASELINE15_MANTISSA_WIDTH23_MAX_LEVEL1
                     ZeroWireload          tcbn65gplustc_ccs
  CSA3_2_Array_WIDTH24_0
                     ZeroWireload          tcbn65gplustc_ccs
  connector_WIDTH23_0
                     ZeroWireload          tcbn65gplustc_ccs
  CSA3_2_Array_WIDTH25
                     ZeroWireload          tcbn65gplustc_ccs
  CSA3_2_Array_WIDTH26
                     ZeroWireload          tcbn65gplustc_ccs

  Point                                                   Incr       Path
  --------------------------------------------------------------------------
  clock vclk (rise edge)                                  0.00       0.00
  clock network delay (ideal)                             0.00       0.00
  input external delay                                    0.02       0.02 r
  mantissa_y[22] (in)                                     0.02       0.04 r
  OAUM/Mantissa_Y[14] (Mantissa_OAUM_MANTISSA_WIDTH23_ACC_31)
                                                          0.00       0.04 r
  OAUM/U47/Z (CKBD1)                                      0.03       0.07 r
  OAUM/PGEN/Mantissa_Y[14] (Partial_Product_Generator_BASELINE15_MANTISSA_WIDTH23_MAX_LEVEL1)
                                                          0.00       0.07 r
  OAUM/PGEN/U21/Z (CKBD1)                                 0.04       0.11 r
  OAUM/PGEN/U43/Z (BUFFD1)                                0.05       0.16 r
  OAUM/PGEN/U61/ZN (XNR2D0)                               0.06       0.22 r
  OAUM/PGEN/PP_GEN[1].ConnectPPY/In[2] (connector_WIDTH23_0)
                                                          0.00       0.22 r
  OAUM/PGEN/PP_GEN[1].ConnectPPY/U18/Z (BUFFD0)           0.04       0.26 r
  OAUM/PGEN/PP_GEN[1].ConnectPPY/Out[2] (connector_WIDTH23_0)
                                                          0.00       0.26 r
  OAUM/PGEN/Partial_Product_Y[-5] (Partial_Product_Generator_BASELINE15_MANTISSA_WIDTH23_MAX_LEVEL1)
                                                          0.00       0.26 r
  OAUM/Stage_0_1/In_3[2] (CSA3_2_Array_WIDTH24_0)         0.00       0.26 r
  OAUM/Stage_0_1/U64/Z (XOR3D0)                           0.12       0.37 f
  OAUM/Stage_0_1/S[2] (CSA3_2_Array_WIDTH24_0)            0.00       0.37 f
  OAUM/Stage_1_0/In_3[2] (CSA3_2_Array_WIDTH25)           0.00       0.37 f
  OAUM/Stage_1_0/U58/ZN (MAOI222D0)                       0.06       0.43 r
  OAUM/Stage_1_0/U59/ZN (INVD0)                           0.04       0.47 f
  OAUM/Stage_1_0/C[2] (CSA3_2_Array_WIDTH25)              0.00       0.47 f
  OAUM/Stage_2_0/In_2[3] (CSA3_2_Array_WIDTH26)           0.00       0.47 f
  OAUM/Stage_2_0/U69/Z (XOR3D0)                           0.10       0.57 r
  OAUM/Stage_2_0/S[3] (CSA3_2_Array_WIDTH26)              0.00       0.57 r
  OAUM/U153/ZN (CKND2D0)                                  0.03       0.60 f
  OAUM/U232/ZN (INVD0)                                    0.03       0.63 r
  OAUM/U234/ZN (AOI21D1)                                  0.02       0.65 f
  OAUM/U240/ZN (OAI21D1)                                  0.03       0.68 r
  OAUM/U250/ZN (AOI21D1)                                  0.02       0.71 f
  OAUM/U263/ZN (OAI21D1)                                  0.03       0.74 r
  OAUM/U266/ZN (AOI21D1)                                  0.03       0.76 f
  OAUM/U7/ZN (OAI21D0)                                    0.04       0.80 r
  OAUM/U284/CO (FA1D0)                                    0.06       0.86 r
  OAUM/U4/CO (FA1D0)                                      0.05       0.92 r
  OAUM/U3/Z (CKXOR2D1)                                    0.06       0.98 f
  OAUM/U2/Z (BUFFD1)                                      0.04       1.02 f
  OAUM/U6/Z (CKBD1)                                       0.03       1.05 f
  OAUM/Shift[1] (Mantissa_OAUM_MANTISSA_WIDTH23_ACC_31)
                                                          0.00       1.05 f
  U52/Z (OR2D0)                                           0.06       1.11 f
  U51/ZN (INVD0)                                          0.04       1.14 r
  U119/ZN (NR2XD0)                                        0.02       1.16 f
  U197/ZN (AOI21D1)                                       0.03       1.19 r
  U198/Z (CKXOR2D1)                                       0.05       1.25 r
  U46/ZN (ND4D0)                                          0.04       1.29 f
  U203/ZN (NR2D1)                                         0.03       1.32 r
  U42/ZN (OAI21D1)                                        0.03       1.35 f
  U107/Z (BUFFD2)                                         0.04       1.39 f
  U204/Z (CKBD1)                                          0.03       1.42 f
  U50/Z (OA21D0)                                          0.05       1.48 f
  exp_out[0] (out)                                        0.00       1.48 f
  data arrival time                                                  1.48

  clock vclk (rise edge)                                  1.50       1.50
  clock network delay (ideal)                             0.00       1.50
  output external delay                                  -0.02       1.48
  data required time                                                 1.48
  --------------------------------------------------------------------------
  data required time                                                 1.48
  data arrival time                                                 -1.48
  --------------------------------------------------------------------------
  slack (MET)                                                        0.00


  Startpoint: mantissa_y[22]
              (input port clocked by vclk)
  Endpoint: exp_out[0] (output port clocked by vclk)
  Path Group: vclk
  Path Type: max

  Des/Clust/Port     Wire Load Model       Library
  ------------------------------------------------
  top                ZeroWireload          tcbn65gplustc_ccs
  Mantissa_OAUM_MANTISSA_WIDTH23_ACC_31
                     ZeroWireload          tcbn65gplustc_ccs
  CSA3_2_Array_WIDTH24_1
                     ZeroWireload          tcbn65gplustc_ccs
  Partial_Product_Generator_BASELINE15_MANTISSA_WIDTH23_MAX_LEVEL1
                     ZeroWireload          tcbn65gplustc_ccs
  CSA3_2_Array_WIDTH24_0
                     ZeroWireload          tcbn65gplustc_ccs
  connector_WIDTH23_0
                     ZeroWireload          tcbn65gplustc_ccs
  CSA3_2_Array_WIDTH25
                     ZeroWireload          tcbn65gplustc_ccs
  CSA3_2_Array_WIDTH26
                     ZeroWireload          tcbn65gplustc_ccs

  Point                                                   Incr       Path
  --------------------------------------------------------------------------
  clock vclk (rise edge)                                  0.00       0.00
  clock network delay (ideal)                             0.00       0.00
  input external delay                                    0.02       0.02 r
  mantissa_y[22] (in)                                     0.02       0.04 r
  OAUM/Mantissa_Y[14] (Mantissa_OAUM_MANTISSA_WIDTH23_ACC_31)
                                                          0.00       0.04 r
  OAUM/U47/Z (CKBD1)                                      0.03       0.07 r
  OAUM/PGEN/Mantissa_Y[14] (Partial_Product_Generator_BASELINE15_MANTISSA_WIDTH23_MAX_LEVEL1)
                                                          0.00       0.07 r
  OAUM/PGEN/U21/Z (CKBD1)                                 0.04       0.11 r
  OAUM/PGEN/U43/Z (BUFFD1)                                0.05       0.16 r
  OAUM/PGEN/U61/ZN (XNR2D0)                               0.06       0.22 r
  OAUM/PGEN/PP_GEN[1].ConnectPPY/In[2] (connector_WIDTH23_0)
                                                          0.00       0.22 r
  OAUM/PGEN/PP_GEN[1].ConnectPPY/U18/Z (BUFFD0)           0.04       0.26 r
  OAUM/PGEN/PP_GEN[1].ConnectPPY/Out[2] (connector_WIDTH23_0)
                                                          0.00       0.26 r
  OAUM/PGEN/Partial_Product_Y[-5] (Partial_Product_Generator_BASELINE15_MANTISSA_WIDTH23_MAX_LEVEL1)
                                                          0.00       0.26 r
  OAUM/Stage_0_1/In_3[2] (CSA3_2_Array_WIDTH24_0)         0.00       0.26 r
  OAUM/Stage_0_1/U64/Z (XOR3D0)                           0.12       0.37 f
  OAUM/Stage_0_1/S[2] (CSA3_2_Array_WIDTH24_0)            0.00       0.37 f
  OAUM/Stage_1_0/In_3[2] (CSA3_2_Array_WIDTH25)           0.00       0.37 f
  OAUM/Stage_1_0/U58/ZN (MAOI222D0)                       0.06       0.43 r
  OAUM/Stage_1_0/U59/ZN (INVD0)                           0.04       0.47 f
  OAUM/Stage_1_0/C[2] (CSA3_2_Array_WIDTH25)              0.00       0.47 f
  OAUM/Stage_2_0/In_2[3] (CSA3_2_Array_WIDTH26)           0.00       0.47 f
  OAUM/Stage_2_0/U69/Z (XOR3D0)                           0.10       0.57 r
  OAUM/Stage_2_0/S[3] (CSA3_2_Array_WIDTH26)              0.00       0.57 r
  OAUM/U153/ZN (CKND2D0)                                  0.03       0.60 f
  OAUM/U232/ZN (INVD0)                                    0.03       0.63 r
  OAUM/U234/ZN (AOI21D1)                                  0.02       0.65 f
  OAUM/U240/ZN (OAI21D1)                                  0.03       0.68 r
  OAUM/U250/ZN (AOI21D1)                                  0.02       0.71 f
  OAUM/U263/ZN (OAI21D1)                                  0.03       0.74 r
  OAUM/U266/ZN (AOI21D1)                                  0.03       0.76 f
  OAUM/U7/ZN (OAI21D0)                                    0.04       0.80 r
  OAUM/U284/CO (FA1D0)                                    0.06       0.86 r
  OAUM/U4/CO (FA1D0)                                      0.05       0.92 r
  OAUM/U3/Z (CKXOR2D1)                                    0.06       0.98 f
  OAUM/U2/Z (BUFFD1)                                      0.04       1.02 f
  OAUM/U6/Z (CKBD1)                                       0.03       1.05 f
  OAUM/Shift[1] (Mantissa_OAUM_MANTISSA_WIDTH23_ACC_31)
                                                          0.00       1.05 f
  U52/Z (OR2D0)                                           0.06       1.11 f
  U51/ZN (INVD0)                                          0.04       1.14 r
  U119/ZN (NR2XD0)                                        0.02       1.16 f
  U197/ZN (AOI21D1)                                       0.03       1.19 r
  U198/Z (CKXOR2D1)                                       0.05       1.25 r
  U46/ZN (ND4D0)                                          0.04       1.29 f
  U203/ZN (NR2D1)                                         0.03       1.32 r
  U42/ZN (OAI21D1)                                        0.03       1.35 f
  U107/Z (BUFFD2)                                         0.04       1.39 f
  U204/Z (CKBD1)                                          0.03       1.42 f
  U50/Z (OA21D0)                                          0.05       1.48 f
  exp_out[0] (out)                                        0.00       1.48 f
  data arrival time                                                  1.48

  clock vclk (rise edge)                                  1.50       1.50
  clock network delay (ideal)                             0.00       1.50
  output external delay                                  -0.02       1.48
  data required time                                                 1.48
  --------------------------------------------------------------------------
  data required time                                                 1.48
  data arrival time                                                 -1.48
  --------------------------------------------------------------------------
  slack (MET)                                                        0.00


  Startpoint: mantissa_y[22]
              (input port clocked by vclk)
  Endpoint: exp_out[0] (output port clocked by vclk)
  Path Group: vclk
  Path Type: max

  Des/Clust/Port     Wire Load Model       Library
  ------------------------------------------------
  top                ZeroWireload          tcbn65gplustc_ccs
  Mantissa_OAUM_MANTISSA_WIDTH23_ACC_31
                     ZeroWireload          tcbn65gplustc_ccs
  CSA3_2_Array_WIDTH24_1
                     ZeroWireload          tcbn65gplustc_ccs
  Partial_Product_Generator_BASELINE15_MANTISSA_WIDTH23_MAX_LEVEL1
                     ZeroWireload          tcbn65gplustc_ccs
  CSA3_2_Array_WIDTH24_0
                     ZeroWireload          tcbn65gplustc_ccs
  connector_WIDTH23_0
                     ZeroWireload          tcbn65gplustc_ccs
  CSA3_2_Array_WIDTH25
                     ZeroWireload          tcbn65gplustc_ccs
  CSA3_2_Array_WIDTH26
                     ZeroWireload          tcbn65gplustc_ccs

  Point                                                   Incr       Path
  --------------------------------------------------------------------------
  clock vclk (rise edge)                                  0.00       0.00
  clock network delay (ideal)                             0.00       0.00
  input external delay                                    0.02       0.02 r
  mantissa_y[22] (in)                                     0.02       0.04 r
  OAUM/Mantissa_Y[14] (Mantissa_OAUM_MANTISSA_WIDTH23_ACC_31)
                                                          0.00       0.04 r
  OAUM/U47/Z (CKBD1)                                      0.03       0.07 r
  OAUM/PGEN/Mantissa_Y[14] (Partial_Product_Generator_BASELINE15_MANTISSA_WIDTH23_MAX_LEVEL1)
                                                          0.00       0.07 r
  OAUM/PGEN/U21/Z (CKBD1)                                 0.04       0.11 r
  OAUM/PGEN/U43/Z (BUFFD1)                                0.05       0.16 r
  OAUM/PGEN/U61/ZN (XNR2D0)                               0.06       0.22 r
  OAUM/PGEN/PP_GEN[1].ConnectPPY/In[2] (connector_WIDTH23_0)
                                                          0.00       0.22 r
  OAUM/PGEN/PP_GEN[1].ConnectPPY/U18/Z (BUFFD0)           0.04       0.26 r
  OAUM/PGEN/PP_GEN[1].ConnectPPY/Out[2] (connector_WIDTH23_0)
                                                          0.00       0.26 r
  OAUM/PGEN/Partial_Product_Y[-5] (Partial_Product_Generator_BASELINE15_MANTISSA_WIDTH23_MAX_LEVEL1)
                                                          0.00       0.26 r
  OAUM/Stage_0_1/In_3[2] (CSA3_2_Array_WIDTH24_0)         0.00       0.26 r
  OAUM/Stage_0_1/U64/Z (XOR3D0)                           0.12       0.37 f
  OAUM/Stage_0_1/S[2] (CSA3_2_Array_WIDTH24_0)            0.00       0.37 f
  OAUM/Stage_1_0/In_3[2] (CSA3_2_Array_WIDTH25)           0.00       0.37 f
  OAUM/Stage_1_0/U58/ZN (MAOI222D0)                       0.06       0.43 r
  OAUM/Stage_1_0/U59/ZN (INVD0)                           0.04       0.47 f
  OAUM/Stage_1_0/C[2] (CSA3_2_Array_WIDTH25)              0.00       0.47 f
  OAUM/Stage_2_0/In_2[3] (CSA3_2_Array_WIDTH26)           0.00       0.47 f
  OAUM/Stage_2_0/U69/Z (XOR3D0)                           0.10       0.57 r
  OAUM/Stage_2_0/S[3] (CSA3_2_Array_WIDTH26)              0.00       0.57 r
  OAUM/U153/ZN (CKND2D0)                                  0.03       0.60 f
  OAUM/U232/ZN (INVD0)                                    0.03       0.63 r
  OAUM/U234/ZN (AOI21D1)                                  0.02       0.65 f
  OAUM/U240/ZN (OAI21D1)                                  0.03       0.68 r
  OAUM/U250/ZN (AOI21D1)                                  0.02       0.71 f
  OAUM/U263/ZN (OAI21D1)                                  0.03       0.74 r
  OAUM/U266/ZN (AOI21D1)                                  0.03       0.76 f
  OAUM/U7/ZN (OAI21D0)                                    0.04       0.80 r
  OAUM/U284/CO (FA1D0)                                    0.06       0.86 r
  OAUM/U4/CO (FA1D0)                                      0.05       0.92 r
  OAUM/U3/Z (CKXOR2D1)                                    0.06       0.98 f
  OAUM/U2/Z (BUFFD1)                                      0.04       1.02 f
  OAUM/U6/Z (CKBD1)                                       0.03       1.05 f
  OAUM/Shift[1] (Mantissa_OAUM_MANTISSA_WIDTH23_ACC_31)
                                                          0.00       1.05 f
  U52/Z (OR2D0)                                           0.06       1.11 f
  U51/ZN (INVD0)                                          0.04       1.14 r
  U119/ZN (NR2XD0)                                        0.02       1.16 f
  U197/ZN (AOI21D1)                                       0.03       1.19 r
  U198/Z (CKXOR2D1)                                       0.05       1.25 r
  U46/ZN (ND4D0)                                          0.04       1.29 f
  U203/ZN (NR2D1)                                         0.03       1.32 r
  U42/ZN (OAI21D1)                                        0.03       1.35 f
  U107/Z (BUFFD2)                                         0.04       1.39 f
  U204/Z (CKBD1)                                          0.03       1.42 f
  U50/Z (OA21D0)                                          0.05       1.48 f
  exp_out[0] (out)                                        0.00       1.48 f
  data arrival time                                                  1.48

  clock vclk (rise edge)                                  1.50       1.50
  clock network delay (ideal)                             0.00       1.50
  output external delay                                  -0.02       1.48
  data required time                                                 1.48
  --------------------------------------------------------------------------
  data required time                                                 1.48
  data arrival time                                                 -1.48
  --------------------------------------------------------------------------
  slack (MET)                                                        0.00


  Startpoint: mantissa_y[22]
              (input port clocked by vclk)
  Endpoint: exp_out[0] (output port clocked by vclk)
  Path Group: vclk
  Path Type: max

  Des/Clust/Port     Wire Load Model       Library
  ------------------------------------------------
  top                ZeroWireload          tcbn65gplustc_ccs
  Mantissa_OAUM_MANTISSA_WIDTH23_ACC_31
                     ZeroWireload          tcbn65gplustc_ccs
  CSA3_2_Array_WIDTH24_1
                     ZeroWireload          tcbn65gplustc_ccs
  Partial_Product_Generator_BASELINE15_MANTISSA_WIDTH23_MAX_LEVEL1
                     ZeroWireload          tcbn65gplustc_ccs
  CSA3_2_Array_WIDTH24_0
                     ZeroWireload          tcbn65gplustc_ccs
  connector_WIDTH23_0
                     ZeroWireload          tcbn65gplustc_ccs
  CSA3_2_Array_WIDTH25
                     ZeroWireload          tcbn65gplustc_ccs
  CSA3_2_Array_WIDTH26
                     ZeroWireload          tcbn65gplustc_ccs

  Point                                                   Incr       Path
  --------------------------------------------------------------------------
  clock vclk (rise edge)                                  0.00       0.00
  clock network delay (ideal)                             0.00       0.00
  input external delay                                    0.02       0.02 r
  mantissa_y[22] (in)                                     0.02       0.04 r
  OAUM/Mantissa_Y[14] (Mantissa_OAUM_MANTISSA_WIDTH23_ACC_31)
                                                          0.00       0.04 r
  OAUM/U47/Z (CKBD1)                                      0.03       0.07 r
  OAUM/PGEN/Mantissa_Y[14] (Partial_Product_Generator_BASELINE15_MANTISSA_WIDTH23_MAX_LEVEL1)
                                                          0.00       0.07 r
  OAUM/PGEN/U21/Z (CKBD1)                                 0.04       0.11 r
  OAUM/PGEN/U43/Z (BUFFD1)                                0.05       0.16 r
  OAUM/PGEN/U61/ZN (XNR2D0)                               0.06       0.22 r
  OAUM/PGEN/PP_GEN[1].ConnectPPY/In[2] (connector_WIDTH23_0)
                                                          0.00       0.22 r
  OAUM/PGEN/PP_GEN[1].ConnectPPY/U18/Z (BUFFD0)           0.04       0.26 r
  OAUM/PGEN/PP_GEN[1].ConnectPPY/Out[2] (connector_WIDTH23_0)
                                                          0.00       0.26 r
  OAUM/PGEN/Partial_Product_Y[-5] (Partial_Product_Generator_BASELINE15_MANTISSA_WIDTH23_MAX_LEVEL1)
                                                          0.00       0.26 r
  OAUM/Stage_0_1/In_3[2] (CSA3_2_Array_WIDTH24_0)         0.00       0.26 r
  OAUM/Stage_0_1/U64/Z (XOR3D0)                           0.12       0.37 f
  OAUM/Stage_0_1/S[2] (CSA3_2_Array_WIDTH24_0)            0.00       0.37 f
  OAUM/Stage_1_0/In_3[2] (CSA3_2_Array_WIDTH25)           0.00       0.37 f
  OAUM/Stage_1_0/U58/ZN (MAOI222D0)                       0.06       0.43 r
  OAUM/Stage_1_0/U59/ZN (INVD0)                           0.04       0.47 f
  OAUM/Stage_1_0/C[2] (CSA3_2_Array_WIDTH25)              0.00       0.47 f
  OAUM/Stage_2_0/In_2[3] (CSA3_2_Array_WIDTH26)           0.00       0.47 f
  OAUM/Stage_2_0/U69/Z (XOR3D0)                           0.10       0.57 r
  OAUM/Stage_2_0/S[3] (CSA3_2_Array_WIDTH26)              0.00       0.57 r
  OAUM/U153/ZN (CKND2D0)                                  0.03       0.60 f
  OAUM/U232/ZN (INVD0)                                    0.03       0.63 r
  OAUM/U234/ZN (AOI21D1)                                  0.02       0.65 f
  OAUM/U240/ZN (OAI21D1)                                  0.03       0.68 r
  OAUM/U250/ZN (AOI21D1)                                  0.02       0.71 f
  OAUM/U263/ZN (OAI21D1)                                  0.03       0.74 r
  OAUM/U266/ZN (AOI21D1)                                  0.03       0.76 f
  OAUM/U7/ZN (OAI21D0)                                    0.04       0.80 r
  OAUM/U284/CO (FA1D0)                                    0.06       0.86 r
  OAUM/U4/CO (FA1D0)                                      0.05       0.92 r
  OAUM/U3/Z (CKXOR2D1)                                    0.06       0.98 f
  OAUM/U2/Z (BUFFD1)                                      0.04       1.02 f
  OAUM/U6/Z (CKBD1)                                       0.03       1.05 f
  OAUM/Shift[1] (Mantissa_OAUM_MANTISSA_WIDTH23_ACC_31)
                                                          0.00       1.05 f
  U52/Z (OR2D0)                                           0.06       1.11 f
  U51/ZN (INVD0)                                          0.04       1.14 r
  U119/ZN (NR2XD0)                                        0.02       1.16 f
  U197/ZN (AOI21D1)                                       0.03       1.19 r
  U198/Z (CKXOR2D1)                                       0.05       1.25 r
  U46/ZN (ND4D0)                                          0.04       1.29 f
  U203/ZN (NR2D1)                                         0.03       1.32 r
  U42/ZN (OAI21D1)                                        0.03       1.35 f
  U107/Z (BUFFD2)                                         0.04       1.39 f
  U204/Z (CKBD1)                                          0.03       1.42 f
  U50/Z (OA21D0)                                          0.05       1.48 f
  exp_out[0] (out)                                        0.00       1.48 f
  data arrival time                                                  1.48

  clock vclk (rise edge)                                  1.50       1.50
  clock network delay (ideal)                             0.00       1.50
  output external delay                                  -0.02       1.48
  data required time                                                 1.48
  --------------------------------------------------------------------------
  data required time                                                 1.48
  data arrival time                                                 -1.48
  --------------------------------------------------------------------------
  slack (MET)                                                        0.00


1
