11608
16251
9178
27248
9294
6645
25211
17640
18564
19972
23323
10309
9395
23895
21429
2911
21586
25016
6889
29900
2440
31215
1080
26317
1437
20837
21376
7334
22760
25092
28445
26741
842
19711
25263
16905
21058
30236
32554
30635
14117
6278
3396
973
28836
31046
20398
25828
29098
15676
13669
15268
9724
31981
2583
589
2788
11534
19824
8257
1048
11667
8982
672
920
11357
23855
27581
22118
4236
17911
16507
25163
5462
22603
5480
10185
9542
17147
21933
21651
14379
7904
18438
5265
30680
22034
5431
32405
11269
23973
29734
31196
523
16355
6070
1269
9817
11848
18201
29160
29623
1612
27132
19162
13660
27649
4295
28518
24841
19889
22233
18235
4518
13822
24600
7528
1919
25977
25493
14914
30392
12311
29903
13741
15817
32266
13608
20230
8635
32517
10762
4382
11192
4174
10987
2310
9156
24384
1658
23017
17513
22130
172
31052
21810
7371
5136
27608
6786
3929
10520
32050
19018
16396
23502
16156
17134
25274
6771
28179
32295
31978
5044
20136
24830
30897
1098
17130
18494
5506
24745
16337
5112
6722
25607
10132
3116
11786
23818
27727
26338
15637
17625
20784
12898
3200
15711
1541
18504
20948
14733
27144
23083
7848
25789
6388
4269
13661
8552
23385
14207
2706
12144
26020
24984
28328
9726
24482
13487
7043
6126
15251
1926
10449
27251
18653
12507
15939
12711
10130
8944
7785
16668
14846
32610
23887
12439
5721
9038
23091
4872
31021
3718
75
13713
10760
30980
6268
9778
28651
23027
16095
11001
31085
19306
28699
11577
24481
19675
18464
18384
23442
20196
17408
26047
5582
2081
8882
8368
22111
13438
23039
22800
5538
20712
27526
30492
25377
11647
11184
4738
13554
22582
31422
20668
28586
22174
3859
27465
22789
5843
23007
12773
855
10329
13569
8932
12008
748
15294
10151
14516
14579
7866
244
18892
12018
32049
26520
10904
11272
21326
11705
8823
9867
3744
20139
20692
26276
12607
17552
29798
1528
10957
1036
23345
4822
27362
12412
29362
20168
7938
664
4203
519
27243
23507
29367
10553
3783
30297
4735
12758
20425
2141
7419
16132
20587
31230
20027
22820
14012
13805
16390
23704
17069
15336
7127
15734
24392
31859
4255
28851
18555
17830
2257
22487
28516
3610
1702
20427
16710
31382
25656
15512
20119
22344
354
9985
12081
20981
31483
18420
6694
6124
15349
9703
10281
952
27785
9455
4098
1746
10196
4196
29568
23727
14696
30037
6100
2609
12347
23740
26210
24595
30236
29850
25417
21412
25299
29911
18320
28476
24578
16768
22987
15281
6442
9485
15447
23050
1466
31125
26188
6431
32687
12478
22618
29485
24645
22500
22032
16756
6755
22636
20990
13260
13231
21244
4696
2768
5706
28510
28395
13911
8542
21210
21558
19818
14336
1830
16820
24082
12992
25572
31371
15599
5324
11068
25264
20926
2770
18744
4680
14707
23955
17872
18475
6134
15307
13420
22964
25727
605
29269
1810
2078
7423
12162
26468
12963
8052
29227
19668
8394
2932
27034
12176
19457
7250
27249
32246
18938
18572
31917
4618
17419
28095
30272
21543
30438
28727
15557
21227
18131
12921
28323
8074
18580
1904
11868
5797
20256
22126
12488
10370
31167
20995
32695
29329
26549
29826
14784
393
25016
2765
17153
8862
19692
2839
20434
6304
19643
7836
11663
9579
12257
31009
11715
4979
6946
28853
22014
26048
15525
20706
24520
6386
22586
2858
22006
30077
4001
3813
28554
27966
18258
5510
3363
2648
8117
1662
4860
30301
13857
9839
10158
18565
7480
1402
13444
29927
14120
31040
4592
19250
12490
14674
24303
4262
30782
1664
3743
21862
28299
11913
7258
21350
17200
9889
25297
16889
16597
2125
12164
22543
22215
18068
30070
25711
16444
11751
29080
18017
10302
14321
32335
3526
16204
30737
2842
23690
20087
11832
16949
22936
3492
12441
29114
8012
5187
7425
16958
29127
32433
15471
17072
23546
29224
8834
18538
27622
9588
7787
14343
29313
1530
29161
21876
8378
7919
4880
21226
25814
14465
19205
32730
11686
2496
24317
21190
15535
12674
29951
21715
5549
1585
30394
1435
21880
13555
11280
1694
3128
18278
5467
20187
30801
9906
1362
1880
9756
26986
1479
20154
15243
23459
27035
29038
32498
6815
15996
18367
13807
14543
19582
25091
31266
28998
10408
22013
26348
30664
7502
19095
21813
30184
25173
1810
13828
4702
26047
12723
27955
6584
10911
13984
16697
21570
12532
25189
20401
7182
317
5323
14742
9585
3741
15634
20118
17581
29405
21383
31961
7411
12175
2902
23250
23388
7980
14788
28090
32105
23916
18663
19198
750
8299
11908
15594
29775
12974
2586
30681
17985
16885
11035
10853
18642
6856
28654
19983
3366
18965
9076
157
28989
19086
9252
24031
21193
27474
22376
14566
5989
14386
20486
27630
21055
15747
30362
27612
5589
25424
21613
1896
7627
13821
19493
2375
15349
19519
15178
18480
1299
25515
19600
22628
16988
20
20437
10651
3421
31751
4930
25312
25026
2881
21185
30978
32150
12906
9431
17195
216
4814
9554
19141
23973
4193
21079
17233
10516
1812
3966
425
8334
4012
24161
3085
13293
8820
21269
3884
14496
15540
19914
25545
32593
19481
7007
15546
6165
6105
23460
22354
28458
10203
30768
4373
13635
960
29560
13715
14520
32158
28674
21560
7684
18676
24403
2334
4190
43
20873
32291
13533
1921
23877
298
18586
11029
31010
7857
11993
15096
3887
18549
22218
19745
27066
13870
14121
3843
15225
18613
28709
8065
5601
9870
7482
6647
8859
10043
7179
21701
1297
4127
19966
11230
4487
18307
5089
8159
14492
23233
5626
32154
30150
17940
12902
12399
7546
5723
1461
2273
22616
18137
537
22
29716
9327
26502
15952
21373
15981
23805
27513
24744
25184
27670
31965
2112
32725
26457
17039
20789
19748
28134
23865
16044
3507
24489
5035
6807
28197
32165
1235
24867
8126
18129
16432
29035
11271
15667
12402
20498
28146
7433
18590
18767
6665
25057
16534
17382
4106
20766
17862
26562
10800
22373
26525
12651
22551
19033
23852
13273
24761
11996
29577
8776
24548
9225
29946
19701
9743
3713
2396
3506
26237
25914
3254
29289
32558
25917
14856
7608
12789
5081
30875
19792
14205
11950
23921
10746
28026
14048
30593
30698
31182
23630
19298
6054
10894
16560
30789
10581
3831
8908
8651
18313
11114
28109
13886
26936
17404
24280
12143
24478
26633
7631
827
26303
23509
26998
17257
14862
21527
14018
4635
3713
20044
25473
14709
7966
30694
21953
31537
11866
2641
8260
6385
6672
706
7114
30946
30528
16720
19618
8768
15039
18937
26839
12925
15872
512
6764
16556
12555
270
14502
4178
15426
7968
16792
11431
12495
12746
21988
10522
32004
1532
7601
8969
17698
15021
24018
309
14600
19670
1790
28581
17984
23731
16404
3207
32382
10855
31716
14847
32656
27358
31472
15405
6395
18701
30253
5929
17419
25037
30382
13257
32661
12737
6234
3346
23520
10782
21685
8256
31011
18317
7823
2074
27743
17784
31630
735
18247
31310
29134
5833
16072
9857
29553
29689
8517
12953
23412
5055
17809
23981
16106
23884
5071
22717
13147
26202
16060
9141
8815
15903
6913
20696
14770
31293
29942
28845
16821
18256
3986
14666
28731
29556
7426
16713
18832
16498
9963
15820
24236
21047
11522
11280
31731
16625
4828
12066
25537
20128
30514
11609
15688
128
10592
12541
31467
30248
29011
22912
30710
13483
26917
8634
11404
14155
29439
19244
17017
6787
21628
3056
5350
16857
1109
16750
22781
21206
27947
20173
3914
18306
11771
2684
18792
20618
17738
16189
31447
26591
15615
18977
28902
2023
20765
4117
17676
27788
5218
13238
21573
27268
7989
6679
25735
21791
22413
29502
1967
28239
20680
22393
17435
21711
18735
7371
11503
6987
17018
7948
22995
15113
13614
9476
3511
32701
4392
1756
12361
8373
9019
5296
15453
14627
30449
23510
31659
3974
27750
17604
11385
20457
25265
9516
28333
22408
873
23001
15359
29927
22204
32353
675
27869
12201
20688
31704
16268
31943
27549
19534
9282
18081
23335
17345
20534
6259
24803
5029
15270
11378
4216
4202
20987
31153
16539
21231
26909
23286
2986
10164
16846
28212
31430
2340
16644
15295
16691
20234
2950
10858
16102
3432
5104
2671
9706
9647
15575
16220
20774
477
6314
31962
14813
16149
29779
10426
23101
14540
18566
27386
25761
12928
17537
19880
30882
31553
13685
4467
1944
26919
7492
25297
5332
31807
26628
4646
17519
7277
23015
10502
3108
18132
29831
23960
7841
5794
16492
22513
15608
9882
25851
22757
7926
18224
32052
4580
832
21365
11781
7388
26159
20058
4037
14377
10387
17892
16860
31107
12313
13690
2718
19026
24729
9929
9059
7061
18783
9541
11717
19392
2003
22822
712
10862
1296
28703
7999
10392
26136
18788
4679
3563
2681
14231
17514
168
5098
22696
2814
13572
678
7476
17373
191
13560
18712
6311
23474
22849
23689
6974
6141
30961
6276
10970
18628
12091
8164
10378
27189
27612
14637
28161
21488
14852
19265
19821
30787
20952
17825
13582
25823
16736
12350
12686
27601
29945
12941
5105
32331
30724
22845
9463
8020
27923
18687
9073
714
3965
1388
23724
23528
22768
24153
13684
12071
20532
110
8981
21885
12860
6490
26114
10384
21810
14172
20045
5539
21557
1351
31208
4887
11266
23680
5374
8108
12652
13132
17824
1381
20192
13437
10531
29578
3867
26972
13038
21093
6309
5205
18014
1434
24792
32582
28857
3235
21901
11217
27232
16484
16381
18208
31966
15051
7068
11911
7399
5213
15942
12117
9138
31931
32395
15784
26314
17036
19368
16499
12919
7652
26212
22891
11979
917
29552
11005
15513
22455
28158
10877
10670
17888
32226
18276
29932
8508
16062
4416
19274
17065
14124
4586
10458
10415
6339
11290
32109
22214
32511
23909
11416
17714
28532
26043
19783
12885
18186
26886
14738
16871
18122
8705
12637
4471
19489
15606
27515
31262
14332
7494
9385
14643
8963
4746
10509
2148
9539
6447
13326
32024
1198
579
16925
29639
28160
2887
23957
17626
18590
32180
30878
23834
27504
18277
1845
9078
1154
27021
17357
3230
15565
16321
5563
246
26399
6555
8048
22056
27131
5885
17047
30329
25268
29901
838
8998
11781
32414
27792
8469
25546
18533
20895
27288
23686
28360
23646
22572
9667
11784
8087
2858
32137
24270
19228
16137
26466
6113
22775
12148
21497
25672
19758
2824
22616
16510
5043
9562
27463
23411
20545
25031
12039
26259
13776
2371
6817
21105
18561
23378
7707
4542
9753
14118
7935
21686
21479
28336
15125
28451
13547
29290
12392
4511
21509
9853
3924
7227
21767
11014
637
6762
22640
3960
17086
29511
25996
30983
1475
21815
19254
4843
10474
12406
8520
22101
14687
8697
22752
24108
2628
31969
28535
1203
30365
32185
32298
22131
17963
4645
692
21626
23535
10937
22741
8245
20887
10047
28487
18739
11408
15461
24033
1594
584
11492
2541
22645
16264
9738
13184
10463
4035
20946
23790
2895
14918
9257
18396
29563
17440
32417
27424
1557
17125
3394
30711
23725
20439
11082
26021
11211
26042
30394
12012
16199
31105
10310
32318
14753
1074
3463
6090
28502
8591
8025
20728
1554
21084
29645
31629
31318
29888
6739
31680
32322
12125
31185
31511
20754
11270
19961
27079
29817
3232
5785
7567
18453
29933
21790
15151
4475
12213
15688
31305
11758
972
6534
24965
29264
17040
32243
3583
23139
28332
31431
28743
6890
1722
31045
19994
19069
18767
23337
1800
2330
21141
26504
21843
16897
13847
32589
26918
3561
25044
8242
6800
8501
8214
5519
10769
20261
9112
1945
25103
20680
6470
29724
31070
1246
23612
26988
4926
18544
5603
29301
14061
30511
9418
5780
15735
8211
12281
22399
19138
3593
26214
10478
16852
19183
18914
9731
20677
30462
8763
23603
18515
6911
3546
15027
20300
14983
21495
20869
8735
28384
4823
21709
31441
410
23979
29483
20810
21150
18062
7508
9287
17829
11247
898
5766
12304
23304
32002
26608
19612
20847
7398
31975
23467
22282
10002
9350
24329
16946
29721
25874
3665
28767
28522
10328
28150
6636
5262
1211
15981
25811
8823
7699
21858
12206
15258
2444
16234
12442
20004
30167
19185
11170
26949
28652
31462
1544
20039
13296
6626
24599
6256
3807
21518
21396
13506
26861
27592
4197
15298
12543
21614
22123
23027
8713
2019
18041
27235
20329
17482
19380
17019
29145
7166
10086
16019
17492
18129
18651
4639
16051
9148
23488
14652
26576
32361
31606
27104
26088
16514
11782
2215
32337
19336
10967
22439
28162
20399
6996
17014
30156
3140
153
7477
1558
8839
26719
2209
22600
27892
28906
10756
32299
20453
13728
31288
32497
5561
19693
10243
28975
16825
6269
21308
30300
14089
7377
8101
8899
24560
275
31376
24781
1483
318
720
24701
11254
11496
30227
3305
9389
4530
16861
5224
16622
14310
20842
24113
22837
4212
14248
2109
16244
20721
18874
32489
20672
12845
12346
14512
16385
26081
12564
19321
32054
24573
32284
14484
28945
29464
25671
22047
11772
10201
23862
16937
11507
23127
32189
21560
63
7108
17229
27537
30524
15068
32502
24955
5407
14346
22475
24804
20194
10277
19587
29865
7533
19603
13664
284
4130
11133
23554
22685
27642
13801
23043
8550
5907
3906
26884
30143
17184
32668
19402
4024
1180
4381
17539
10554
30338
22692
26715
16438
15929
18665
7572
19717
5532
29836
19484
15031
14218
4194
18794
2397
6232
5576
18597
12340
3998
11276
8693
21545
136
10590
19571
27801
3106
5156
2286
27309
21075
5084
29894
13799
940
23047
703
1653
21393
19883
2562
31281
573
27395
15412
28906
15970
18403
21188
4966
15576
21343
24753
10169
4995
9078
14122
16876
12162
17338
31145
18505
24205
25936
15624
32507
8392
3210
28004
26395
8649
5627
2908
19987
9119
1375
31533
23472
8677
27709
53
5988
21858
4165
30044
11945
14716
18859
7013
9783
13280
16771
15653
4484
6049
19273
2041
20533
9593
6109
24775
7607
12658
15280
22909
14561
15790
15532
12795
21465
12572
13760
13780
27843
5605
19371
3802
9014
4510
27034
22407
23645
19973
1323
14435
21669
9239
20483
22375
22663
16370
29003
31679
29853
29940
30565
773
25909
6845
11205
21954
31423
5889
8430
32662
15473
20211
30717
2445
25011
30509
13085
31691
21403
22830
3224
6224
13841
6974
19685
1305
14305
27778
20540
25942
12040
23337
26025
32230
7589
30245
20855
17190
31954
16956
21697
27162
12204
16669
18966
17825
14681
28804
17558
18723
11466
5312
138
27153
24145
26681
11696
4760
12423
17814
9620
9362
14930
32351
3192
5359
27926
1638
6342
23664
7031
22380
2111
968
4431
1090
21832
14637
21239
3179
9677
7694
23526
27909
24365
837
32393
25503
13035
15346
27083
2505
9129
25882
14198
8677
5847
2136
5934
15615
9062
9516
9530
6839
22373
29871
3591
11359
2575
10276
19459
23192
8827
13452
6499
1472
6584
19276
31120
32480
9088
15287
26762
15379
19202
22985
36
30068
6542
29167
1531
19114
30434
11159
21145
7297
26489
3668
18241
7522
16590
18898
23342
28399
22865
19807
18990
15001
8547
5623
16677
27883
26167
27913
29752
4685
2918
11060
15119
2501
27484
11150
16962
7984
27371
2659
19500
24480
25462
2028
15150
30728
15994
9113
24750
5727
20164
24780
8008
26270
32584
20001
12399
24875
11030
32234
5141
2243
29476
13270
25225
23497
10692
4283
10491
22312
5729
9164
27935
17762
22667
28493
23189
29533
29339
23692
27306
28615
29569
3603
8903
21761
15830
10910
12822
5924
26904
16926
17177
12433
17220
18323
28610
6115
3042
25768
32037
3011
30558
22738
22284
16647
27186
25507
16022
17979
29889
21638
8977
1630
6042
3314
17349
13280
338
7822
23070
18863
22977
2848
11465
18440
17874
4983
17177
32027
9836
11355
20876
8739
28835
27411
7771
12366
1355
9206
24253
3471
14146
11265
27821
9339
19036
27059
1173
23444
25585
14754
29525
8684
27805
9014
22089
16615
2421
14161
21985
13583
4211
22831
18168
6892
16785
17536
30479
23327
530
7016
21910
4279
24593
10219
9583
1004
16721
6480
23391
11319
18321
3756
23804
12528
11245
28523
29250
12994
369
13885
31393
10719
29103
28556
28385
16186
12150
25275
12373
1456
3127
22106
14654
12979
29080
27728
9643
22693
14680
28624
25784
32289
21946
21792
24346
7038
3694
24705
27912
1338
2579
27402
17300
19269
17533
25849
27459
21899
11593
25836
3079
4216
6353
17931
15007
14954
11827
13588
21804
27058
27311
23087
473
14239
164
12002
250
4122
5550
25932
21654
20767
29211
25227
19567
18705
27974
12836
489
8213
24672
238
29617
16850
15843
12462
12126
18094
26452
2782
19590
32715
8186
22604
18784
10090
21255
26279
20671
31550
31549
18251
10674
24682
28242
19485
11142
17715
26622
3466
13234
27549
15242
27107
14416
14032
18131
2153
12883
24815
24957
6928
28694
19277
11527
17996
10915
17161
12955
16741
28517
22932
11876
3943
4027
435
20537
3915
31788
20770
7832
23091
2479
3273
9054
32164
13225
8485
30132
32086
1966
8681
4330
6342
1708
12695
22034
328
9608
27621
27261
6272
8
31950
10870
24088
23839
24105
5831
20961
25218
31354
22526
28579
32428
7713
2339
32595
2706
27556
18992
26142
6911
7079
11209
4962
29369
17001
4987
391
23862
7286
10001
4652
27579
31931
23419
988
16008
16445
30105
14167
15394
10745
19816
5217
19428
31652
31805
4509
15650
31444
30493
6224
4337
29800
27347
12467
29987
20332
6927
31214
20005
10354
19689
21073
22063
15692
22122
11818
12631
2480
27620
26175
28991
1964
13312
10538
5290
5773
6250
8144
30650
28361
2276
15584
4208
15171
9446
1862
31198
7886
16757
6486
23518
24001
22129
22221
19734
21302
32126
32553
4974
30574
2506
20676
25330
3738
15165
31709
19039
17238
15497
17580
14042
22208
18746
6358
31047
25480
27156
17566
19512
8837
26450
23657
18648
23437
2643
26739
2294
21928
5524
24746
24700
22367
6123
8696
22562
28452
6879
16157
22279
20220
1863
9050
2577
8765
31056
13834
18043
24012
8447
19387
17959
22450
6325
9154
18060
2057
6833
20354
23404
17263
12322
28230
15455
8737
25824
9838
16143
14000
24387
18836
7370
4555
16267
12993
16489
14007
29381
21419
32764
15990
7565
4325
13974
16520
26379
26983
10600
29624
13268
2000
16495
10227
15099
9856
9170
11129
17375
6907
10975
1225
29820
10268
2058
2628
5944
28801
26444
10528
21821
18398
11670
11490
22715
30842
16043
20082
13690
29301
7783
2385
26327
10218
5814
32251
3684
14727
7352
20350
4097
2857
20470
19830
30162
13537
20344
152
4573
21274
19334
19502
21395
25169
13528
13293
27616
20629
13443
468
14361
10308
30131
11866
9633
5267
26732
19317
7711
17902
18554
16659
24778
4808
29226
29262
24896
7275
10504
11126
17141
23112
20303
20757
2880
9953
19480
19674
15147
7903
8443
19093
27014
11555
15580
8802
5003
26536
2420
6388
22681
9409
7801
22893
4267
6780
31002
28521
4265
22466
1306
23421
19191
8280
2763
20964
24330
654
24242
11561
1941
23171
30938
28631
8240
12258
19784
32318
2685
9791
4048
11355
16143
11359
31083
21712
23214
18305
4665
19460
20477
3961
24121
4803
19893
4187
4311
25718
7975
25328
18675
29395
24551
9324
6611
29466
6443
3379
20484
19404
20377
19393
17782
16725
22881
27051
8912
17384
32035
9502
19234
12434
23781
28324
13316
18546
1697
14294
11223
17030
159
26729
26316
16969
26635
28293
8654
19746
32560
30821
29966
15366
18447
18094
10761
6014
10884
13244
12497
15973
30342
2044
10004
10617
12360
7016
16126
4061
21836
5128
20594
26679
11283
7765
10838
26555
31715
20850
31487
20596
32502
28787
977
654
12873
15390
11080
25272
12806
16270
10329
21283
6731
14793
18857
5817
5680
21852
15358
24661
9654
1924
8201
30625
11015
5846
32525
2719
16259
3415
9340
28079
15498
17561
3635
14912
2381
22675
3669
28827
8051
12752
11562
29672
20442
32388
31116
8420
12196
24660
12880
16589
24910
31383
829
27786
18257
10115
26221
22724
16856
4149
12563
5490
30086
20562
32049
20721
21753
17863
8321
5909
21227
11698
26914
11020
1314
28442
2591
9174
14472
16246
25938
8105
14475
8976
558
3752
30744
11161
1178
13996
7413
5940
17123
19164
5675
18735
7736
1125
31213
11085
300
5221
12210
16801
5377
10238
12921
21268
4330
28810
2317
25397
8104
7667
23519
17613
20886
18633
18013
12691
26118
12297
30287
7858
13857
8098
18897
25026
23215
13233
11860
6878
14045
21398
19847
30437
24575
5941
29183
5355
20676
9319
21290
6732
19439
25247
25111
21506
19212
12580
18046
18006
18241
2132
28873
1123
6277
16446
3205
129
18822
20701
12215
12435
15303
26046
22557
20440
24188
8905
20541
9341
16618
20792
4101
27656
8372
21056
16912
26241
9660
20822
28818
21006
373
16309
30004
16975
4775
3021
18152
31399
10793
182
20168
18300
30363
23090
32562
8518
17345
10085
23768
23076
12638
9969
13140
22337
6232
29546
20136
28218
2821
18366
29272
6249
25851
10413
8699
17172
26207
25873
27607
9245
9982
26255
5490
32577
8265
7064
28053
1461
7381
16697
25556
12749
5842
14047
3359
1901
5062
13609
897
23872
929
5284
3218
10123
4369
3544
1451
8958
7430
12733
24172
29180
16924
2279
17022
3562
15645
16764
16610
17286
14374
25945
25812
22112
15605
10677
14618
26872
18326
20008
429
9416
18179
2066
28866
29518
15426
21733
31561
2369
20149
2988
14616
12178
19041
32261
28752
27240
17297
19304
19896
405
18091
25842
18369
31307
30607
15798
28393
5402
131
25573
2536
8438
14034
20069
1038
24952
10040
9115
20932
32156
5198
1717
19650
17287
15614
12116
15385
4246
773
117
3292
19898
26201
30830
13639
23815
23699
13589
20871
28983
10150
13356
22889
16841
8276
22825
13959
15095
5606
24335
4298
23608
26052
6970
12576
4554
19468
28717
13080
1255
22643
3291
6275
6806
12971
17682
5418
24886
19150
14860
5464
16291
2921
30078
17904
28465
15507
8690
11405
24140
23656
24425
10088
31429
14970
30549
5359
14437
11967
2799
4595
28751
14698
28444
29388
23046
4787
7813
30281
25484
5961
21330
27593
21114
16417
5820
1645
1590
8888
8891
14893
30435
7288
29331
16827
19389
14786
9384
11682
17133
31229
18732
6432
14453
26061
2049
20303
20503
6383
22613
18412
23299
4622
23512
26605
27243
9255
8536
4352
28121
23245
20627
2859
9089
8324
16848
9786
30692
25839
9827
455
31156
28644
130
9281
12297
28152
5587
474
11973
29255
18614
1193
28706
17956
27143
13373
17885
16938
10587
12021
12684
23241
7243
19151
10447
29637
14842
6125
30599
23012
19925
670
29418
19598
8275
22505
1252
22972
18500
30959
30706
2755
12957
4102
26100
15965
19171
32460
11248
13113
10970
12864
16030
4304
23725
4366
30855
1623
29414
24566
26835
4462
13272
9636
16340
3040
21318
15846
30374
25677
11963
9126
21950
30008
22216
7687
13134
11825
8500
5098
19785
8285
24370
16893
21972
29029
21894
19242
6005
30434
4578
6057
25057
1036
20786
3900
18887
12617
17650
28938
2288
5396
22596
14772
5645
19291
22635
10535
30443
24803
12627
25558
10933
23549
20882
3046
13976
15722
1508
13348
27761
17572
10829
30698
3900
2511
20251
10404
12539
15361
16195
27193
23077
15098
20875
32482
26853
9469
21472
19498
11495
12672
5328
6805
17364
11498
13102
29998
4437
32202
7773
4066
22293
4050
32078
24575
26815
8028
8128
28885
8978
20363
25340
11903
22201
6936
11946
10074
18718
30292
5137
5132
10986
23738
15959
20553
22313
3918
12811
29305
20012
19345
22810
642
17889
31251
16805
22878
9796
27001
30813
25024
5141
14109
19264
20449
2251
18024
13191
19740
19666
22045
19967
29083
17896
26381
6355
24781
10315
27802
8236
11327
71
4307
27621
760
1847
17077
17429
21991
22706
19048
13263
19774
29562
2811
7364
25680
4367
31817
17045
25812
11275
9687
3984
10856
2630
12357
17443
25049
17052
20493
28610
19417
18802
31233
11295
17520
458
7115
12659
19506
31266
9376
23567
6551
17062
16567
2166
6977
12274
19759
5319
29576
2646
6816
25324
22569
21137
16122
15934
8657
14569
11072
32059
31142
11656
29347
23596
15769
19540
18288
15192
13575
22005
24510
18303
10751
3042
30862
19215
30470
3323
10177
4138
30531
31633
15785
23558
16655
7267
1207
7798
27698
22782
30506
2797
31195
10304
12984
29428
8548
19703
2209
7890
11983
28308
31562
9094
7591
20738
14707
4148
31656
27772
6993
16373
13463
12276
17597
26903
16596
27609
16454
3131
24850
28585
15069
29482
20097
12208
14978
9922
29393
23813
8917
9344
27085
6896
25306
19071
29735
8894
1069
9650
28233
7183
14349
24573
4838
6416
31204
26316
25587
29776
30433
27462
28421
31205
24140
28742
11714
13304
2727
22438
11231
1436
3753
32064
29719
13287
23231
4955
16353
22947
31519
14058
10139
11594
5788
6034
11561
27146
29304
10951
32753
27029
28628
29650
4348
15468
13039
5567
17651
9147
32604
8967
23960
23739
25875
30901
20373
20795
2065
26112
6274
24591
25189
21015
7061
22195
11272
12034
23633
13332
5948
20245
4903
5877
24706
22939
13092
29260
29465
23117
19868
8384
22132
5774
17009
8209
23468
2022
5798
4408
19366
26414
30675
30990
14511
2375
19902
11092
7221
2816
869
15437
22974
30746
14516
2410
18752
597
32207
25122
30323
31620
24180
3043
17733
27327
2607
1849
13956
19876
21207
39
8214
13211
1650
18267
10654
3443
2015
21321
19705
14086
32336
14400
25734
6758
15239
12470
25363
16180
18855
16686
29596
18750
6543
31856
19698
32422
3304
19037
14494
24912
10603
4078
1962
11190
31369
2141
5456
3830
10757
5054
554
28379
11185
12436
30767
26885
2642
12620
25022
21831
4245
15550
26401
27346
17099
15602
28749
20849
19616
5897
12770
3176
3901
12225
31302
30671
23793
17158
23532
28526
24662
22424
14099
6592
30569
9162
9356
11505
427
4827
18348
664
15509
22260
14029
26058
15622
13685
27353
7874
401
1049
11869
16307
21860
19258
21244
25268
32761
16953
27634
16993
5313
23022
7635
16788
3121
10580
29237
10718
30910
20282
20360
29450
26214
17653
27290
1299
30513
12005
2974
14513
2685
32669
2477
12980
11172
11120
22737
9001
27678
29519
6865
1336
1672
11685
18062
4912
16134
6501
27166
32256
28111
1854
25273
10323
5903
4322
32268
6407
24587
24023
11371
22038
21273
29189
31894
18854
1093
6369
7204
19978
4519
10943
8434
1550
26898
23378
11855
728
4468
15035
28701
31914
9050
11628
8235
4770
27182
29606
7947
229
4368
10920
9803
31033
5002
10240
12648
27154
19193
9613
23132
7976
20538
19907
20580
11590
5997
6667
10297
25496
436
9318
31234
31712
12654
23370
14301
30662
16194
14953
3014
5013
27181
8744
16790
22727
27139
26461
25935
20186
11470
1609
4839
17653
29440
25464
29672
24961
31013
29107
6173
32110
32464
22715
8848
11624
17840
21970
28612
13352
15927
29721
29052
17897
31986
28567
17279
20030
20566
2743
24795
25645
29149
4699
23128
5240
17822
10326
6199
2661
24940
5515
26108
31325
31998
5521
13774
8166
4581
9361
30691
15347
22689
15926
15808
23255
19284
17983
5695
15646
6618
32706
19001
24601
2096
3451
17202
29708
4448
2824
13845
8849
10398
31623
14182
6727
14679
26493
24108
8651
13496
31452
12907
19165
10092
5859
190
28117
30387
5844
32285
20873
29276
7775
30040
30966
18149
8332
10773
25040
10828
783
17551
10609
15792
21451
27103
11679
27206
10900
6094
29786
10993
20032
24932
31454
17567
930
28924
6392
14269
6661
19159
5990
621
28962
30960
9771
844
10666
22426
31337
727
11145
625
7056
7256
31644
700
30366
25884
5066
28704
3856
11656
30495
13409
5325
13576
12386
19874
24272
27972
29932
16814
4222
25270
7977
21840
20194
6588
17636
6089
10609
28050
29642
24385
30937
7609
22557
14278
26473
2366
22588
30988
15004
11687
31612
31587
14465
30714
23897
3998
9971
6062
31534
23515
1247
31926
22488
20694
7022
27931
23879
23289
25097
10934
9952
3311
5774
13871
31713
32088
22028
21202
1236
10250
11364
18900
16515
14333
8717
27447
12352
13198
29336
22213
31050
27433
4241
1627
20725
1789
311
19557
24356
21612
28198
11643
6487
16816
6073
28189
19494
12894
7411
2714
25388
21205
7666
20060
10397
32186
16250
20749
6277
26908
15541
15696
1981
28229
27570
18838
27917
21575
28621
28411
9082
28819
16459
4289
31524
8599
18691
2892
21054
17441
515
25712
22594
4202
24273
19797
9775
4019
29205
32120
19578
20580
22497
23687
19383
4194
25645
1860
14133
25569
10023
21889
6521
30086
16364
26940
17633
6931
24038
26444
5529
12798
15705
9455
4285
8101
6729
19377
26980
2999
8024
31426
13428
5725
27685
26376
285
9415
27594
676
15567
11869
22142
22235
4081
6448
7429
13565
25500
19519
15840
4802
6573
1180
14491
11135
17107
6221
2328
6650
29413
15488
28448
30829
9548
27530
25994
755
14478
21112
21789
30284
27379
15417
5698
22382
8629
18569
24468
29715
15208
8540
15174
21374
16229
12079
24740
8147
7432
27639
16250
29781
12851
4837
2823
29086
14483
17218
25047
587
31930
13460
25879
2034
13432
13231
25255
16540
23985
27185
9370
11107
24387
1219
13673
24279
12737
24773
17704
2026
27943
13742
26073
30981
14293
17524
26963
27334
11766
28129
13199
9564
9837
20635
19095
11240
7786
19969
28435
15600
25753
6999
4786
8335
26505
24271
239
866
21446
26282
8123
13717
31937
13470
16360
421
720
7938
12155
22812
7266
25867
9596
17739
18446
18539
28746
14023
24288
1891
20
32420
17317
13993
27331
2971
25933
9551
32130
12880
4306
10477
27654
12907
2157
29885
8371
4661
29630
6013
24988
16284
8834
16506
12078
3441
27097
5622
28987
18455
14536
30120
28176
7459
2884
25296
30295
10523
993
24497
322
8451
25372
2118
27110
9530
728
26854
15094
27628
31194
13991
18955
2473
24440
31655
13879
4574
4734
14331
7458
32068
12319
21096
9592
8615
22465
12724
12292
59
16287
6428
8282
6783
29567
30703
13782
12230
23853
28605
9565
10140
27983
18758
8819
30631
26065
29396
15365
7379
4357
22339
24881
13456
27244
7139
13664
32203
23384
150
7277
12354
29737
24787
29344
25471
27567
20496
13284
3050
5777
12914
31784
25856
15767
22961
242
21433
32258
293
31974
15292
13992
29359
15625
2722
17801
12650
18157
6283
25666
22756
16038
11844
7251
28654
19606
17846
9113
28170
24036
30991
22862
8108
2573
30226
19714
823
88
30999
19638
18776
25827
30364
17728
10655
14507
11227
25961
8289
23625
11229
30535
27000
20589
6613
16671
16006
2686
15386
28982
5287
5596
29479
8267
31904
27069
20271
13220
476
13902
31292
32441
23976
5810
17981
17048
27716
30794
3386
31624
15401
7321
5104
1937
31221
2392
5012
17709
4625
28697
9917
28840
876
7870
17479
17611
20923
21517
26128
1260
9271
14157
13758
16790
24116
32481
2594
5669
6018
20272
23229
5820
19182
7788
20142
21115
19190
10193
15752
29184
28692
23521
2780
31874
2654
8856
17680
3608
26817
21920
14660
6519
22094
13758
9154
16621
21442
23663
12204
17393
13136
9787
20250
7074
12200
27259
5008
14155
368
32205
8482
562
4649
2722
22228
16304
26194
29448
20926
13370
1261
3287
20177
30419
27325
18256
32767
18325
31032
30004
23706
16832
21789
12863
22445
233
22539
23278
14350
4370
17110
4888
31473
11031
30816
22523
16614
31576
15082
17691
17456
26182
3685
10252
4412
9192
14183
9855
30861
26445
17637
27573
9825
28241
6460
29324
6008
30407
3930
25217
25331
13729
30538
660
20175
6066
27709
1316
29767
26244
28481
32455
28063
15393
30048
9258
4368
8067
10285
7288
31164
1192
20127
9677
17809
31577
17491
8109
21130
10699
1596
24340
15547
31070
3192
20844
22965
11710
12010
26104
26226
16771
21266
19568
1058
12726
20406
11743
18646
20038
1802
2733
7546
9338
28048
26031
9780
27603
9661
13206
12494
9953
9517
16584
20640
13561
24454
21337
19960
22371
29720
11569
9034
5795
3955
2590
22165
3425
28578
9969
8878
20937
20469
1022
14090
15414
22901
24190
13944
8762
14286
22081
5675
261
1217
6517
124
12457
1491
26567
7632
23628
20163
14402
20455
11593
6541
12908
23585
15757
27818
29059
21684
18249
5921
15041
551
22653
20625
9451
8375
29371
15601
15454
31726
8215
30964
10130
3114
21384
7389
31970
16541
20430
27701
18444
6357
15017
30764
8782
8658
26574
26323
28216
5884
18986
28561
22155
12951
19695
25565
8749
10450
9233
25289
29254
1916
26328
26123
26820
25650
30904
9926
15828
24076
9041
22250
28927
27670
17079
9950
10352
7213
10658
27451
32532
22664
351
765
11757
25944
5832
32608
15977
4379
26353
26098
25661
18099
25636
15621
7610
22151
24801
9146
8262
3511
29052
21774
26840
14106
2840
7212
17294
8144
26120
31907
27941
29375
23723
1296
5495
16299
30321
2311
21855
11102
26627
26284
17035
15219
23706
3303
24559
31581
7356
3176
21548
30753
6969
18907
21950
29891
25034
31248
29729
26420
24292
29085
28674
15685
11551
11850
7396
12288
31389
15607
21435
5933
1371
13031
21636
7107
25915
1759
6262
26451
10493
4582
21305
5108
4536
31547
10029
31005
27925
7518
1271
8628
11201
6796
15418
20073
5327
351
21732
30890
21284
29726
10098
3055
362
26262
8833
12727
11806
7553
17359
26884
24952
18440
3627
11443
31323
3315
24742
1957
12388
9151
2680
2321
10466
19381
1668
22137
11865
18606
2734
24025
1840
21467
18080
5051
12011
28551
15348
10876
20182
30853
21155
22066
6812
30569
1571
30920
19635
16013
18867
31859
5882
17744
30199
16488
19596
1740
19676
14533
5227
30088
32620
28591
3425
6937
9058
7512
12651
30895
31523
12166
1229
26553
12676
25809
3336
3814
30225
15889
3110
23625
9692
1634
22067
395
20157
12744
21509
17033
16917
25497
10363
2856
6703
2663
23825
19185
8138
27620
23752
201
29128
30912
24697
7031
658
18497
28505
6910
2012
26571
19336
4558
28657
32350
26666
21995
30975
4497
58
4555
15687
25891
799
11069
21784
27312
13542
17703
25392
323
16834
16206
4544
22077
17087
19367
11535
20657
25724
8583
17459
6577
3816
16551
7092
1822
7687
29271
25315
18724
19262
2196
31176
17619
12927
27078
25276
30268
7104
22278
12895
11584
18843
21357
32516
13928
30304
718
286
5646
1250
7811
14443
24935
1141
18106
20800
596
31840
774
5479
5682
28910
1521
30344
13197
10124
449
5425
7174
5064
18602
24446
2924
4985
972
9067
15355
24552
14409
1421
19604
26389
26171
32559
27884
13751
15699
13798
20887
7794
30824
5917
22078
5476
1700
21544
9460
30418
22563
13434
18902
28189
5337
20402
5155
23001
7983
7598
2150
12276
20759
11646
6396
28574
12886
1361
6623
23758
17625
1686
15627
212
13112
8817
22888
10211
4206
25225
7903
21125
8750
32372
4213
5887
24479
32490
3327
2809
19575
15370
27024
21539
421
23019
14140
21966
6088
24734
29981
22716
30837
17001
17099
15764
23066
17614
25227
15058
14943
10154
27521
19873
31353
9736
18856
32326
14301
830
278
25208
11773
22008
7889
5957
30203
30761
8435
30296
1440
14482
100
25087
7770
17266
15931
24804
21119
18835
6050
18070
14191
12315
16242
10400
26880
11021
20550
20776
29791
7260
28339
12275
8919
4753
23261
31491
26843
18218
15199
13421
5356
25048
19912
5776
8008
6803
5056
12838
701
18005
15533
13297
18214
25773
9596
24585
22479
3163
6408
26416
2398
31193
12059
29368
13319
16037
31477
12007
15014
835
3464
20622
23696
17527
31155
4047
10161
28902
10288
13286
22882
28147
11930
24822
24282
8590
10171
16244
13236
23910
9491
20583
12886
19630
32615
29024
26413
8374
30083
12108
9353
4390
21934
16703
1108
7220
8739
7522
17334
31918
39
23903
19
1241
24168
26957
9372
28412
28080
10030
7923
18297
25218
26099
5011
8941
20966
20104
6805
22815
25900
15802
15185
22847
13839
14092
3320
21553
25691
25770
21437
28961
22432
5610
7914
5946
25176
5726
16560
25776
14835
18771
23667
24354
19803
28299
20035
11193
20343
2409
10779
8238
8944
12075
28240
12510
16101
31878
2342
392
16448
17663
2902
18618
18889
30887
11785
9806
26016
80
6264
29761
22536
5072
16492
31075
18164
22316
31628
10694
24929
17968
21930
28918
28972
27574
15066
9600
10905
20262
30409
15825
8039
15179
14303
27975
2221
7219
25088
22506
11556
13966
13775
15597
24933
4599
29936
9010
8735
31113
24661
472
10614
24455
8670
3655
20083
990
14067
11490
15067
8808
14772
22814
10452
31663
11954
2237
16987
31217
28105
7144
15701
27398
28670
8907
8805
30944
17076
25412
2665
4723
12688
30005
3926
19073
17645
11493
14305
16458
6747
12701
28678
24898
2696
5951
6271
8439
28453
27793
11354
25345
17267
22074
17260
30724
25140
7188
8457
28351
2915
3625
15904
11127
30408
6859
14380
30793
10056
6017
11501
19505
8929
16712
21898
3426
1723
9437
7770
20125
5579
8314
30023
14812
1995
9384
22466
28744
20291
28905
3666
27232
32394
12943
9529
18233
27809
9976
520
11309
19260
9479
12142
11629
28612
20603
17071
272
510
4086
7175
16193
30579
29767
5557
5963
3262
9664
31247
6550
24186
24507
21822
20993
30657
12015
15716
18751
7021
27123
4839
30332
27658
2492
25210
21937
13640
12364
8997
1857
21811
929
7035
18056
13610
24672
31944
13422
17324
15782
1639
29101
25608
3703
13086
5453
31321
30834
18870
9623
32310
30252
16106
25715
16209
16123
2196
11009
4846
527
32614
3356
11250
14813
13281
23948
21905
1707
14838
23863
26587
15822
25024
20860
24631
9282
14052
4465
24228
15135
8481
26275
27172
8642
25659
15754
3629
2635
18629
8987
28359
26531
27303
31777
32368
4600
25337
17854
1206
6315
4702
2091
9850
9375
32450
19708
17281
6533
860
2856
28049
143
20488
7466
22335
32311
9960
26437
30419
28075
16517
26802
32156
9493
18972
26565
22759
26382
23962
24406
7285
27722
31644
31650
12197
13658
10851
10567
4449
24996
13809
29845
23030
31542
202
19003
27253
9993
5500
23473
20957
10272
8196
21703
31865
24763
17129
27060
29478
2550
18672
6216
32723
8241
2578
7053
10786
27713
30413
23486
23308
14158
4262
28412
26115
27597
31896
22316
25433
29957
27476
168
1139
17694
14916
19407
24178
31698
29704
30502
32215
29691
25956
30420
8502
27135
14437
5274
18984
544
21461
10073
11657
7972
22496
11872
26548
32133
16816
18344
32744
2940
10765
127
12123
20726
16231
20239
7780
16907
29350
15656
18207
21411
16195
2006
29265
15112
7461
2619
25205
15964
12641
3472
10723
25789
27216
26130
17008
26455
1291
7062
17278
6899
18471
6964
29875
4340
23009
32575
27833
20014
3572
18532
31619
15949
6306
27148
16242
30831
23279
22980
30108
27680
31823
25568
21775
10433
23207
26857
379
6692
25152
22502
6854
28347
16751
32472
1503
20388
15931
8463
21341
21474
32090
16105
29139
21598
25713
589
11469
21620
13165
17770
31203
23035
9875
29758
16118
30570
30953
30492
12535
7121
11672
28592
31375
25726
25649
21969
780
24205
29952
21824
7088
32053
28864
11387
18811
14975
29812
21940
22327
18221
17541
7768
29298
26052
11790
19727
17521
19565
6969
24430
31891
31377
17898
25382
30293
4226
24126
30387
26969
27152
29700
32496
19113
32430
10696
6602
2911
28848
31631
6231
25095
24852
6558
21322
24938
30884
12986
10072
21052
13122
7289
26896
31959
291
4321
24805
28147
25759
16471
9458
14240
21121
2143
7329
12251
10078
3211
17094
16022
6722
19124
4099
5683
7325
13662
19871
29261
11348
23533
21384
27564
5372
9651
32429
2217
15696
11261
32383
11436
2805
2060
13018
5741
19066
21191
13836
1568
22385
1308
28571
2620
32272
9821
17113
23764
4554
15157
8770
32146
30160
32650
2372
17078
29293
21797
8644
32750
29389
32005
14792
29054
25837
439
7293
6023
4789
32597
15777
24119
16572
23028
35
4566
10862
3564
19362
9296
12509
14007
19156
10642
17362
28940
30920
1254
454
25891
27887
19829
26765
10393
23643
17806
30732
25626
2413
8252
23650
17674
27983
16179
18416
31091
27269
22044
3993
15272
11178
22697
9378
17258
8548
14578
12959
1367
30392
32720
29669
31175
9490
9295
26870
1653
1988
23919
16963
17475
10112
3626
31547
27742
22650
19972
18290
16368
7460
8379
23584
23883
15932
26121
13467
17453
20346
14892
2961
3527
12244
1200
10886
16406
18496
9847
1199
6354
32323
24990
16089
14974
7688
17754
140
20998
16814
8084
16776
31554
8817
390
11322
19215
23040
1652
2966
19461
2227
30516
30804
19577
10267
28306
28474
280
18835
31103
12127
25414
20099
16565
27468
1309
6146
13106
12303
127
5770
10389
11786
27228
31405
30146
18083
15817
14273
4933
18460
28441
6235
16121
4650
21859
11699
1957
997
15496
25333
23830
9575
29424
13552
3770
20380
27389
24919
21460
15778
32142
7120
10637
8241
30315
1696
1548
28010
31899
4384
5277
16426
14826
16114
28180
28429
16535
4928
14294
18985
23458
14821
17507
20485
13486
13386
6108
6849
23510
25519
9939
24477
25423
5000
5180
20056
8556
17489
13247
11712
4740
16500
20949
32128
541
15853
4512
21328
29515
20273
30309
14819
23406
30359
14692
11933
4004
30954
7688
15987
20915
20852
19934
30985
7553
5237
17804
25446
23777
30641
7873
9741
26351
5590
7548
28036
20808
24316
19888
13568
25822
1751
16395
32012
19802
732
12404
251
26006
28886
26432
15259
18909
20410
868
17664
1047
18709
9057
21003
17523
31756
32732
3747
30204
14222
29053
12167
2261
7925
28506
14111
8672
8914
11343
26077
29827
26019
27547
19187
15702
26178
12765
26487
26436
1002
20315
23380
17023
22269
10512
30650
24580
27116
24135
29537
28529
19580
6218
31063
16919
17447
30801
31527
23079
14137
8800
7152
25516
20985
23466
20134
14560
15576
3672
26803
852
4372
7605
7345
19486
11631
17552
32512
22183
2618
24461
8936
24101
30430
25764
19225
4918
13954
26217
7790
1993
24608
29486
13878
14789
26640
2621
363
13411
31129
985
17009
24810
12616
9652
19071
21728
18283
26540
8831
24979
25477
11830
24974
27476
2880
5735
8776
23732
4583
316
13967
2806
23405
24375
29839
7004
13130
29731
8777
13769
32216
20796
24902
31832
15137
480
24321
27031
24785
9576
19542
18901
27377
26550
19549
27009
2018
16224
1681
21423
23710
27372
10628
20202
24905
13138
29823
14668
13917
10041
32115
31774
7008
19274
12180
14638
14420
20392
8133
14187
22262
16336
2297
13383
12443
22449
23270
31152
19024
19606
26383
791
21238
25611
24709
29583
31618
32541
2152
16707
22762
12475
18115
14287
14881
5315
29995
23213
8976
8458
29098
19104
10810
4327
28261
28231
13874
2625
16877
11575
15855
10836
9135
2254
9349
2697
14524
17261
30417
14037
30888
16291
15725
7417
6101
17012
26850
22046
17217
27619
2810
31330
4039
30214
19240
2592
28909
26419
26037
9303
11341
24491
29511
13548
819
4002
6526
25530
27860
32030
25247
20365
2192
22527
1846
14737
12670
3982
5329
20356
28669
6241
4009
31130
18931
2117
19687
19490
13735
25928
6078
7927
9333
31687
10566
24518
30212
24352
12335
28276
13544
9079
7738
5196
12892
31659
29899
21531
20092
6168
11861
6524
8528
11116
17949
7898
30939
13953
7341
3851
23025
22485
10921
15309
27699
13309
31071
12051
13269
24418
24826
14743
29331
24200
18964
2896
2872
9986
32542
32135
14954
14802
5235
32673
26084
23400
18271
8389
8009
14964
14347
8361
22024
28130
15161
3742
10103
25749
8711
7106
15065
5178
9935
9560
6829
25408
2991
2012
17585
15402
28259
15135
18385
3179
26218
19622
24922
20295
22740
5648
22799
5503
21859
1976
10573
18226
11540
11484
30149
6308
24811
10341
9528
26502
13305
25033
19747
22623
3001
18359
28268
2699
8445
29496
1377
17070
17786
1163
17352
29835
11571
9994
31881
29349
8491
22101
20238
8460
13968
24043
19054
5722
22671
28901
3196
5492
27712
20581
717
13491
12956
19446
12153
2359
30750
30023
10471
16559
18374
19137
19239
19572
8323
15724
1912
28876
11875
12625
17284
22660
8665
23428
18693
10441
30980
17995
3904
8934
16253
6473
21856
29370
13692
14054
5971
23243
27263
23388
22857
28003
26488
27815
4481
12484
29878
29002
3988
28420
22328
30068
11709
24865
18172
28572
3080
30883
5870
14174
2436
14894
24008
17927
26659
23887
18680
17628
1781
27596
32309
8495
11816
13299
15657
510
18317
4882
987
27956
11402
10128
24983
7637
18283
15008
5434
24776
9928
20814
20962
17256
23537
8581
4713
23223
26944
27946
14518
17609
875
32652
12850
23873
24791
7154
13980
927
7040
14488
31754
7517
25815
6256
22085
32190
19906
18691
1110
28365
16941
10204
27683
31929
28868
15071
10176
11704
14612
20808
17428
32432
26279
25093
13179
3018
19941
4299
13419
10577
31569
2682
21992
8286
13858
11897
22705
3375
9527
8205
15928
20035
1500
15609
23771
4375
20715
19815
30918
24078
4062
22271
9622
3172
31517
24130
29392
25073
26825
28187
23895
25170
29725
1859
30577
16084
14507
283
22392
17964
19580
15330
29308
1514
10787
13076
10101
30721
10383
32200
25197
22675
18791
20864
9086
87
10492
7373
7255
9200
23854
11262
20877
13874
7537
30728
31891
22415
26066
29053
5326
1759
19573
29972
8003
29130
23479
5705
15574
18080
11864
18344
15669
778
19838
10162
10404
7705
23814
26958
10017
7578
11098
22635
9490
27640
8137
25934
19094
20920
27754
31093
6419
16227
30022
9195
11292
13545
17060
17517
15971
16072
10616
11780
20094
23740
12278
3285
23326
26295
513
4201
11452
10763
19547
18690
1707
16930
16053
17916
5351
13261
31397
13796
1379
27651
27740
25244
15035
5314
18600
32659
26694
18657
22319
4874
1234
3862
19349
13865
1945
13265
8309
26987
9229
32265
32712
19901
18138
4575
22742
21081
767
20645
29965
27323
15104
2595
16880
19825
15820
20507
26467
18338
21293
8058
16858
7598
21221
12843
9767
30505
22955
7381
11228
14080
31429
21926
25581
32309
22544
22296
26907
11769
12883
29526
17085
18972
25967
7140
3205
27968
2947
4494
20630
29034
10240
15306
25315
968
20605
17018
19760
14227
22796
22002
30911
31131
16689
24775
21331
15713
15321
29491
18123
14764
10773
23520
30221
12221
12120
17609
19781
5096
25460
15180
18133
3512
26030
15344
30361
28478
20761
5697
17126
21924
9556
28957
11842
27524
15422
7273
1753
1328
845
24268
2690
8433
9937
28095
21413
9940
32549
28225
11341
2496
16363
10221
9830
4247
4068
23424
23447
2510
16575
17180
26402
24212
18730
30239
7046
19919
21615
1683
15545
9780
23137
17839
10251
9885
1303
25196
22886
30947
13770
1286
16653
10619
24598
9765
10020
29937
7369
25787
10748
23401
4299
10728
3503
31034
8183
24359
4155
17336
24541
28181
617
29864
20313
9720
21745
30294
4185
24215
32367
15716
19346
15914
27455
10690
32359
26904
7094
30293
19757
31641
31600
26857
13385
13856
27455
17771
7295
23842
29263
16097
20340
11602
7395
21190
29628
32274
9165
19899
5068
11702
19115
29311
16069
9013
14439
25835
6622
6704
10211
3969
15969
13515
9808
29059
16528
24498
4003
12929
22507
26510
4589
3776
380
23391
13727
15326
9846
6781
21225
7206
8572
31702
3893
2647
8441
1459
4791
22546
1437
2940
26281
22694
27265
16991
16782
20379
6647
12238
20996
16742
23127
17374
32486
23999
4843
18353
22492
31213
10573
3700
5238
29474
27293
31367
1862
31676
30629
15073
23260
6406
11156
17800
25013
17155
11610
22680
10627
23581
1184
22956
17199
24014
28065
13054
2195
31184
24718
31685
14523
18377
22962
1389
20686
13886
12424
20720
16995
13033
1875
4944
7683
13029
1563
4485
30814
29109
27588
20997
10372
8499
24464
28908
11012
16828
26948
12409
12165
18979
878
12240
8489
2117
3139
33
24820
30125
26994
25984
16118
26070
21960
20992
25219
28202
15734
3663
7818
6079
31216
29715
447
18756
20272
11792
22450
23205
3834
183
10572
247
199
11494
23210
24481
12554
23724
5946
5071
27512
31572
31879
1373
1156
11732
19892
9934
18805
11874
31077
2229
30266
18146
8754
22811
24170
16839
31980
4956
11589
31432
22301
30783
24503
2393
14848
24871
16391
29142
24122
10902
11620
27931
29659
14142
11955
13375
30551
13186
9202
13244
9255
28622
1625
11125
18562
17890
30944
10706
15100
13043
7845
10591
18298
21029
7393
21833
11218
29438
21478
23197
31006
4845
29814
32409
29811
31631
12661
17313
22927
15917
2907
8533
10239
3550
17657
30500
14564
18369
27446
31264
7669
21690
5311
20266
27697
10679
21882
11087
27990
24655
21944
6166
26204
26690
10367
656
23536
21600
30729
32398
26155
17383
6991
6033
20338
8918
10966
13624
19954
18355
3438
2124
16674
5949
9483
17641
11908
7891
22581
10618
6178
11038
27200
1626
21338
9521
11013
7420
19864
31866
25624
20353
32097
12768
11218
30582
8783
25509
14426
8288
6016
31868
5050
9090
3588
9616
8986
13630
17112
13581
5301
14035
19730
8869
29906
18421
29980
10732
28199
24075
1948
8007
10668
30205
1876
180
31677
25670
15352
6832
1440
24646
26503
17102
17937
8726
9323
16016
2460
14063
3078
4469
29646
23354
3020
18679
28964
2292
19751
17386
11457
18815
6341
26524
8281
27980
5530
8122
14537
10631
22518
29661
10620
32660
4307
28949
6554
17599
8542
28780
3021
16144
25657
27411
3081
9055
29991
9548
31017
18500
227
15147
25924
12260
4403
23182
24528
7917
12802
3200
26366
10648
30956
26565
3293
32407
1106
11613
14810
5886
23969
15520
22457
9146
27534
32746
4317
2814
25303
4333
1942
14243
14442
4530
10311
11473
18319
26387
21026
31381
24061
22610
3453
11895
8145
5487
9907
19325
12268
17092
22343
20654
20990
13693
27095
1523
24527
13465
4641
7896
2355
24062
21787
13132
2888
2154
29004
693
6288
18405
31924
290
4470
20111
7986
10850
28446
29809
1025
18201
12223
18700
19540
31675
24393
12184
16013
25125
21482
5117
4339
31152
13157
1132
32605
27296
26748
19325
27860
19346
19196
20702
4349
26539
2129
1564
4925
20413
29280
13538
2875
3823
21624
25939
16548
27939
3558
23794
4131
10912
17028
30778
7217
27086
30630
7080
1498
680
22194
9110
10936
778
7869
2702
287
13817
12577
23965
14742
25728
6162
6030
13314
5912
8688
31384
25236
1695
25385
5978
15241
7243
22863
12437
13022
3154
29289
9018
24270
27480
24040
32697
24876
4038
28656
5790
14128
6258
24470
28254
20253
21809
616
20532
9212
6459
19603
30269
31920
31139
7799
25892
32212
12648
32094
8307
20512
17248
23506
15923
32080
3789
30784
17376
14325
24400
7804
14438
727
25344
6472
24834
28805
27873
4769
20254
26273
5368
13427
26486
19001
23397
27367
10639
26238
28442
24084
28843
7092
26480
12998
5444
21024
7165
6314
5398
12059
22688
19371
11391
26225
6300
8134
26429
20556
12677
31019
13479
3439
30882
23665
17943
29996
24240
9942
31882
21295
3538
13616
15803
24901
19128
9043
29168
21420
16241
6644
5024
3448
9587
25993
11261
8984
28370
29358
14322
16496
30696
18999
29780
5617
22560
27162
25598
12588
24487
21597
18067
27054
1848
13842
3801
24290
22843
27921
30333
12642
5418
12259
6851
26602
24266
9565
27595
13199
10634
21130
14851
11079
17390
8291
8668
12053
1611
11445
11779
23947
8081
14828
27111
24189
8383
28045
16176
11023
2453
28137
30000
10594
29834
15896
8668
15915
6553
19421
2009
1837
23464
20144
5573
17302
30753
6720
7704
24738
30802
13179
5281
7992
28058
27595
29117
25300
20571
6031
32357
7943
13302
10825
27453
6931
31510
27993
15852
5162
8318
22160
9215
15998
8911
26342
21512
5006
26277
22157
29684
20098
31285
26481
32670
14208
5683
5967
19756
17981
32429
6071
32013
15864
19793
17063
28490
13663
2570
29477
9803
19646
32763
4354
10776
13203
2917
9807
15403
10098
11078
22403
26578
2260
22203
24801
6060
27815
612
2877
12725
25661
25179
25401
26711
27282
882
11129
11022
10604
27328
25788
18560
24224
27878
22706
23203
9747
16716
31506
15432
1278
27449
9128
28548
28251
18958
7029
18219
4877
26893
23109
7428
16996
2024
32218
20659
30928
6640
7496
3166
12416
1434
8670
6229
29657
11212
723
2540
28929
8561
32324
18333
25006
7746
11249
18824
15351
16147
3821
29890
5251
27499
27976
16173
8508
9743
4188
8716
32218
22510
4137
21463
19507
21760
29693
26829
6052
5501
20339
2692
11637
20079
10945
701
32479
834
24560
29714
14292
25907
19716
18109
27772
32714
20783
31126
21028
12161
17675
2523
30706
10683
7960
22757
158
6888
19439
12362
31020
1516
30182
3858
7586
17395
20233
11723
16129
17059
21571
20063
15313
6116
4000
9914
4485
19696
21124
18063
23685
30014
15851
17270
22457
14583
14438
17088
29015
26508
24947
22643
5710
20443
5651
31086
1485
11971
25748
27833
27910
13750
9142
13825
28762
21684
30848
31163
23394
26689
20297
3103
27966
19128
29485
30675
23790
5589
7367
20441
31295
31669
24169
31081
15074
28265
28708
26088
29828
18444
22163
21919
13611
13957
22172
8357
26914
25202
6957
21642
2110
15872
30260
17255
9837
12706
21232
13324
3652
20267
26852
2181
15458
2560
28706
5395
25243
8840
19928
1896
12358
13768
21619
12300
20966
30081
21969
28714
28947
13382
8171
1508
6914
9988
13947
30389
7397
3833
7573
5705
16894
1308
1140
17913
22161
17526
11552
17516
21079
4388
29292
5343
1661
819
31492
12376
13688
20490
20770
14358
16379
28556
11071
12426
30335
6695
25511
1777
10749
1781
7000
11312
8512
31984
19569
32337
444
20336
20500
14979
18165
24682
465
14548
113
8042
16914
28538
18121
20983
18388
4212
8149
25321
27453
30030
18641
32354
26871
19311
29271
5268
23949
22746
9561
6427
19118
21578
24963
28581
19549
7316
24707
24771
2651
28023
2549
14577
28473
12275
11541
22593
28781
24664
24250
30032
30250
30633
12106
25435
31776
7881
26040
12626
5811
24629
4104
1882
20461
12743
15786
11306
5838
25682
23043
31579
2520
25869
31337
7268
32193
32225
20176
8979
25582
15505
19959
20774
12070
17164
4559
20372
22925
26995
28013
3834
9604
20288
5511
30866
14649
427
22587
4082
6640
5865
9811
279
19520
12481
2608
26585
10826
28879
32021
30671
10062
32089
15829
6946
5203
21628
30016
28723
19127
15644
27444
5782
13659
31933
27779
665
5731
22511
9435
24411
23707
17412
30468
1801
20154
1446
28785
26893
10517
24162
18882
3584
17199
11419
30772
29153
13925
28135
10898
31658
4904
10903
5717
12308
18067
5516
23571
13954
27715
12913
31481
11528
780
14816
6007
10286
16241
4354
29309
14655
11581
15136
16441
32666
1737
8292
31639
14820
11231
10940
24045
15991
21912
25437
16641
26453
1592
2096
14929
15553
12277
19117
23358
21880
16056
28025
950
8174
314
31625
17987
31993
5574
20948
2853
3884
27190
18714
13283
14834
6035
13932
26737
16923
7003
24523
23938
32718
9267
5435
5508
20929
3389
3920
25713
19945
11622
17747
13893
10553
8742
7949
7865
8772
6099
32030
18334
6502
10991
1671
6894
12700
19524
13779
10795
13097
6368
5860
30622
9329
26957
29757
2793
18126
24324
6697
28680
5043
29191
16198
10564
27178
6500
25006
8631
9523
24658
182
8887
30973
3372
15430
17844
14308
23796
10008
32149
9449
9449
21088
30974
11328
9887
6059
13000
19428
30442
12848
14410
19918
19381
26592
4289
27667
23552
4868
23269
4663
8710
29057
5454
8491
26568
19893
19511
32672
11909
18168
19592
545
22797
17244
18019
6491
7690
8989
30660
15582
16365
27129
22011
23504
12285
20441
11488
12743
576
24769
30682
9905
4025
6494
27155
24137
12954
21471
16144
7022
5748
31214
14806
22986
25943
25073
21201
1839
9619
6382
32023
602
1279
17436
26459
26296
22512
26506
9934
17191
29227
8844
25878
17014
21541
17607
16565
23399
7527
2229
12458
14578
3292
5146
16339
25651
2285
14210
13423
11565
6107
10917
4557
15450
12975
11924
5379
6775
11985
3530
8148
13749
20550
9417
30170
3676
23793
24989
24609
18225
1982
8760
27834
23557
19002
30715
13133
499
2806
6365
31166
14100
31076
15114
26170
28900
7974
31821
9788
20893
2553
10431
20675
21514
20652
9711
5480
1770
25050
25978
9001
28770
5186
31835
11351
2169
18779
16399
356
8137
11446
7469
32315
16305
7876
25615
15500
24292
25449
21722
17377
29883
31058
16562
16662
12382
20423
14957
15765
3841
28472
5477
23134
18515
31490
10104
7048
23899
16209
13510
15062
4520
12219
26013
18020
29550
9373
13135
2759
7550
21074
5363
32710
17518
17496
7796
30933
20830
17605
22443
13274
8597
3118
29302
8793
5099
21089
12487
30445
1253
12915
24024
20007
19092
28139
11732
8747
23007
2236
29570
14326
16217
2064
16407
21122
12920
13250
14030
10499
23324
9772
12480
23093
4155
30828
12329
6193
21444
25221
20686
5421
24441
15141
3069
27053
797
19058
25522
3380
22045
29257
4116
27265
4995
3524
24516
17959
9733
21764
19503
24580
29145
155
29234
28297
23228
13697
5786
19464
19074
6302
24301
11776
9058
24507
31567
22583
17554
5952
6750
23179
10226
12367
9853
32493
21064
31043
14434
27159
13517
17847
30138
31730
20319
20026
26813
5846
32422
14215
26408
21016
14924
15695
14338
26264
25040
9086
18502
31996
28489
10613
10664
13313
25481
13939
18261
24044
27355
29833
24589
19788
22346
12121
8686
4918
27986
16796
29666
3209
14385
6437
21214
17813
14116
944
8017
15617
2753
27814
611
27917
16095
28126
1590
32474
30735
2779
18485
6512
12115
5231
24439
2510
23710
31377
11668
1092
24627
8446
4023
10580
20445
28555
25916
23818
32346
6484
14662
28223
10316
20090
5072
22529
30727
23060
22893
3819
28128
10869
10942
2158
22374
30603
13363
9785
26233
2935
19516
14404
17020
19276
18068
4440
8406
27226
2441
1773
17467
5177
17239
32067
14777
18427
21232
30539
4096
19788
5739
21828
22478
27270
7408
2149
25456
7520
30560
31634
29120
30050
19042
29713
7085
9712
23923
14366
722
26423
5045
23353
13235
17108
25068
27088
4103
2733
6619
4909
28969
27121
24353
6904
30417
21477
22574
20849
3090
7722
16788
28192
19942
30185
6834
22844
1985
31606
18227
9121
5222
8044
22365
24743
7617
342
23426
209
19578
32529
23808
17601
21367
15048
2746
28928
9441
20861
27968
13648
2287
11689
3287
18851
20578
12245
30829
8014
22285
2551
5435
13666
29582
2957
4571
18748
16591
5666
3721
16479
27204
15494
13413
6162
3296
6813
24320
13419
18291
11461
15886
9389
29497
22332
19741
3433
19605
30230
15702
12665
29714
84
4312
24139
3054
3107
23745
12529
5671
32699
3406
19551
17263
918
7972
5958
3716
28861
5799
2343
8461
9182
11789
23471
1546
8546
15386
1010
29579
28897
27345
24391
3424
1229
19355
17669
6407
23489
26289
3937
10377
13810
28389
31106
3541
6295
11344
2161
1681
16966
25296
9071
28098
16504
1298
13604
19089
22961
3917
4847
15110
11939
12668
4418
23743
27829
1520
29099
655
16910
29360
15424
9729
4707
21774
29090
16992
13674
20442
28256
11721
20682
19225
9246
30201
11130
25213
18957
16046
7809
829
7401
22789
9856
12395
17047
5598
15
18293
19729
15986
15839
21598
2655
13963
7511
18786
3351
14804
11008
726
26424
32618
21916
1213
6312
11887
30874
22833
11043
3189
11954
22816
30487
9070
20363
11194
470
23376
6649
11152
5956
6495
30913
2276
29699
4291
16453
20536
27033
1874
13123
20748
2502
5921
9433
5483
28754
4829
11628
13722
8006
29146
12897
6549
9624
18772
13460
12244
21564
10558
26754
5123
177
801
17400
16085
12025
3041
23059
12157
23493
26543
5070
26326
12222
20934
9044
14156
14501
6385
26868
15140
30215
15215
21360
12070
28331
2007
12340
3282
10915
14071
19529
21394
25662
20717
8783
18827
24910
13251
4394
20798
10322
25185
11035
9718
15536
19
20286
25233
6445
14195
20956
23052
15961
4132
4564
24048
30781
22764
24612
2233
26215
21645
3968
15079
7254
29129
18011
28500
21169
31597
18537
23965
20309
19222
6602
27229
19958
16174
20974
20722
19780
3181
9062
28847
16835
12438
4616
25539
1453
8764
756
10032
26995
9007
12085
146
14127
18346
20273
1966
24774
12852
3957
21265
5994
6513
31996
24397
23527
18982
25440
13258
5456
6444
13100
24833
12693
16860
19637
4053
749
5953
5231
19987
23832
21960
9177
5674
4414
30366
3008
7209
21635
6836
13361
9277
32071
2179
17393
8099
12910
4106
1524
16849
15894
7659
19440
7105
15047
27803
17726
31316
10285
22551
26299
5931
20531
24768
4593
22159
27142
1723
23232
2985
17044
30525
31915
1099
26476
30891
22054
4476
13491
588
8411
27395
26172
18018
23970
11955
25554
24379
30984
9758
11420
10799
32712
25678
8573
27474
28170
8360
13448
4490
16463
13007
16450
9435
15360
13213
4813
15762
27965
14299
27400
32398
4396
29824
21359
30129
25756
25567
12327
17890
10413
2766
26293
14582
31062
23340
22667
12764
30742
20285
30547
7050
30490
18627
3996
20569
20581
18747
27007
7271
20861
28985
22311
17228
4971
8311
8729
19294
29654
6709
8398
31333
23339
5707
4676
3112
28933
4797
25983
26258
11715
7434
18879
1486
28560
5226
4168
30399
24558
25750
29186
19895
4752
13907
9381
32499
11952
24655
21025
19541
17629
5409
6633
17857
1691
10978
9022
193
20941
30373
22858
16184
25831
27601
4701
2140
13508
6200
21126
16922
25717
14658
19725
15912
27351
10742
17202
9939
8659
30835
24094
1052
17355
31984
16613
32322
23518
21436
10559
2021
27225
25178
8326
29141
19665
32274
2140
18782
25874
10246
15053
4548
10463
4597
22218
2449
7579
10061
3035
23470
30494
8282
14884
9374
19406
30466
11531
22678
27664
948
14816
7543
25285
24329
6493
15043
25240
29655
2029
22380
5900
6877
19984
1553
10735
5685
14584
14995
10559
20305
28176
4617
4244
28381
1453
28604
21872
31660
26215
24167
6514
14281
17398
158
32444
11017
21812
4182
6168
31358
20113
27255
24201
22521
26109
7944
17376
25058
375
4000
17075
10089
3473
9269
18807
11282
25861
16505
6005
5648
12054
24464
5469
23281
29974
4395
14041
4643
19398
25752
10589
13558
2524
10022
17597
26354
19235
29371
13968
28971
2190
13301
22009
24100
28943
31844
11303
10303
15486
12427
17646
20057
8062
9829
9494
30601
17188
12398
9782
143
4238
15941
24465
7702
2574
2999
5638
22548
6231
707
31697
1639
6735
14272
9291
8847
12717
30358
16787
14324
15661
3239
7734
20190
3889
9750
8019
18034
20594
20979
8822
30421
3087
911
24621
20831
17029
9626
25245
18681
9280
20502
655
5797
31528
3349
14981
11644
3136
13088
17143
31995
12790
22388
12721
9421
32029
10467
7970
14440
24569
14721
14464
29802
25036
20501
14832
29415
8813
4686
9621
2608
24926
4836
19756
21556
6458
19639
23480
8589
15613
9304
3394
24199
6836
673
7786
11558
3090
540
28014
14581
12240
16682
30646
14921
3980
27664
3278
23374
20264
6791
9851
6956
11833
4095
28329
31936
17551
22633
7798
23166
13538
22298
9029
3888
13571
6827
23457
6366
27321
21183
22381
13698
2750
11998
28888
22054
13129
23107
8892
30522
12247
21882
6679
26989
28447
29758
29717
25907
7950
27602
16105
10347
25332
3097
14162
28191
26032
29491
8539
31098
19888
18474
24754
23610
31095
4529
5936
29869
15842
16026
14270
12063
17848
32173
25100
7843
29614
2255
1658
29572
5934
726
28323
1014
15323
12689
27849
23219
23617
28015
27719
21086
30603
11340
17571
11705
14765
3098
20408
28647
4334
5074
17431
13124
6358
28790
5665
16932
5634
13426
16678
8734
4266
31895
30350
1952
349
14940
29296
12996
26960
12745
19916
20615
12498
29627
14093
19829
12930
30112
15062
10897
15490
15190
7726
31688
27190
32010
15966
27324
13474
7772
13150
4063
29372
24020
8661
3759
7434
50
27334
13163
28791
18734
32081
31961
23258
17165
14949
6749
27843
5432
28774
8328
32317
19793
9512
9063
625
10260
22481
12203
6893
26759
11618
3109
22879
692
9954
4631
487
27100
14617
24798
9549
2089
8125
3527
6619
29187
16732
16968
5845
2406
4296
32714
29124
7443
21895
28974
25017
6820
9190
145
32046
8962
28003
21418
17666
6723
8464
22892
1632
4586
3817
23750
19564
5169
30805
6270
14682
18033
394
22262
31287
2993
11487
17955
29968
16093
9781
11412
17834
24104
10779
29223
22795
20560
10436
3849
27527
14509
20620
16104
19388
2301
9951
31075
16400
14492
965
1265
6394
23638
9823
6037
4479
32209
1105
22245
1359
8938
19744
29367
6405
17205
19695
10695
27030
23182
10629
19257
2736
4058
2693
19882
25672
22851
9713
6875
5014
12787
30819
18896
26634
19427
502
8789
21972
20507
25756
26229
27365
11099
28388
11551
1354
1021
7076
14926
5181
30811
28245
8709
26928
7778
1647
16503
3442
21454
28621
16077
3400
30993
24286
3036
23188
1837
28684
559
11906
18314
2696
7098
26258
3955
15659
21256
24208
12282
27718
20972
24907
14139
3840
28870
1622
2535
32406
32556
27493
22833
23254
8881
12333
15121
22102
30848
26477
21814
24085
19567
24799
14429
11186
16266
20422
4423
3940
8714
17534
8730
28509
556
22586
4706
24992
6257
22884
31327
9679
13788
2995
30550
281
20077
18740
22392
12781
20029
29222
16158
12323
10824
18311
21246
22885
11629
11174
6987
17713
21063
10214
5733
28594
2888
31348
20540
23113
21866
9253
5040
7060
25327
10454
14271
22026
4050
19053
3557
8367
9487
5545
15391
9433
28984
22834
1367
10080
4501
8454
22079
12524
21102
15605
23373
5215
14626
13303
22112
6880
2560
18856
27229
21624
29441
10996
7308
11317
743
26629
9144
22583
20011
25352
29200
6226
775
13826
13484
7478
30697
18451
5079
11950
31684
27991
2210
16187
16987
31401
5564
20143
1807
28390
20992
9574
27904
21175
16798
32526
10178
29784
4251
13847
29850
30161
8641
288
11588
30851
17665
7437
31346
13919
27840
20632
22433
9732
14826
20871
17154
16813
1784
17899
23072
13647
1189
7869
4600
5696
7746
9407
23753
25938
28303
30467
10505
27005
3892
1527
4286
29067
11583
32709
24543
15410
27172
8405
5609
5602
15833
26610
212
445
10408
11557
20820
4088
13369
5163
3746
10416
29728
19976
71
6171
1085
26061
7951
2069
17724
10675
4854
3390
14617
13269
19722
16594
20038
9210
16317
871
4627
6897
1337
31119
15569
19968
7365
31251
6948
11155
9670
23496
11746
16103
9774
81
18772
19141
29787
7461
21083
20596
32305
6968
7193
16434
2675
8384
8286
22521
19550
26771
7810
14683
12121
46
5852
24761
15244
1088
25402
24642
1649
27746
27358
23689
20768
25068
28275
22918
1706
20376
27661
10342
22561
29179
3862
22744
18584
4909
27759
31416
20390
21646
29641
15250
4506
15448
25442
4143
3377
18000
21917
15640
32556
13700
26732
13820
9660
22723
4747
17611
31484
24
20016
29160
21317
22902
7582
11186
4497
192
8549
6006
25518
30254
3569
25166
18750
6873
13656
3529
17773
26431
5530
26345
15675
32386
16185
31169
10960
9597
15360
15948
7143
14560
14894
25061
2636
26007
27434
30756
895
22027
24812
10337
228
13461
19496
12828
30590
4684
27390
11756
16589
21967
11335
31176
649
16179
16256
8723
7820
17479
25620
2843
22342
19070
16598
30986
9967
18454
8255
11011
25514
17157
24118
27421
2624
16122
6635
17238
15624
2059
528
32300
21425
3861
27871
10358
31611
28237
20112
30006
31306
19941
10292
26380
8800
1525
16516
18171
8448
12522
27160
26380
5729
32252
4407
7626
24978
10470
30623
301
8590
25036
31457
17244
5111
24462
13012
928
21356
24542
30255
32716
18829
17412
20476
11264
18556
10711
1063
11162
8052
2543
11363
21806
13156
810
534
3110
23209
22005
29384
26406
29332
26800
31339
2041
22807
7084
25086
4799
9736
15491
28719
19470
3348
3678
22117
32025
18769
12256
17492
14036
1146
25165
25154
3233
23437
8955
25215
3063
14612
27736
16836
28206
22500
18368
26600
7754
6677
20324
8113
22083
17380
10423
1423
23166
82
814
7047
12740
19271
19514
16740
32006
16128
11305
13093
21292
21627
3814
19081
7840
11640
22394
22396
21468
25649
4445
4189
984
7480
18509
8971
22279
10662
12690
7412
914
31232
27954
32227
25530
22352
24646
32625
7987
21601
9972
10391
11284
14280
4353
15109
13641
29583
31455
28277
11707
24867
5691
17686
13830
6367
28316
27137
341
23484
18162
8097
3619
31722
14849
29896
31954
22193
7563
7001
2865
5159
14684
17791
10728
1240
30275
24505
29751
2957
31994
11960
30596
1584
32616
18737
19828
14646
10351
20848
719
13882
9604
30124
24068
27905
17235
5297
10802
23331
15275
31001
16017
24934
27900
25002
22543
14923
20051
13056
5753
24762
15363
17852
13075
12074
6045
1580
4200
12876
27461
12466
16831
20729
15415
28023
7885
2514
25860
8954
27027
28577
6668
30576
3730
19882
14477
17788
15580
23265
24808
10287
31672
3318
8985
26512
1238
24336
12582
7897
1391
23368
13182
25200
5392
11274
16689
1720
23287
23570
18604
30532
10613
23137
25532
17882
23660
2321
15014
28673
6546
26197
30240
23194
20419
28248
9583
19967
7102
22831
25504
11055
15143
5248
12361
2893
26478
4675
17604
32158
210
25936
31382
1972
4327
20705
27839
28318
1544
3326
11567
24664
25039
16869
9997
7695
31725
21395
947
7307
29126
4048
25622
13417
23010
6457
17495
12786
26611
17719
26343
28444
2536
14570
25748
3124
2995
29910
6444
8002
12846
705
16564
12420
7445
27671
15253
13151
3633
28375
15240
9504
20208
9032
28066
22300
26034
87
3178
21830
29815
14776
14673
21034
5775
28097
28889
24083
26650
17577
11058
17409
17615
28403
26601
20662
7163
10787
5221
17091
7415
21703
4370
7318
24942
25639
22021
16778
22358
6962
1560
31486
12577
11001
16333
18929
23735
20408
22654
15790
14746
8868
8121
26274
1818
18395
29777
28043
25604
6671
26899
10958
19872
9395
17109
22637
30198
15339
19124
10257
3686
25689
12509
32506
19920
17631
13655
8450
32194
19148
5653
24539
11384
20815
13530
30935
31140
15133
26594
22799
9270
27943
18782
506
26082
30820
8111
5953
18865
26001
30034
30655
15129
10083
25721
23347
12805
17301
9166
26333
12300
15895
30422
11425
21966
24250
1447
1160
16497
1471
15335
11980
24365
29448
22872
7584
24757
1601
26299
15633
10278
1618
17896
3979
15499
1992
26977
19916
18839
13374
27918
703
30592
4515
310
24502
2423
20099
4959
26165
19244
19620
22747
1783
31638
5780
18432
4453
26819
12979
8268
2661
16858
6468
8959
31915
3823
24918
17838
19970
23767
27989
572
15745
28534
3191
10466
1238
9075
6348
17462
3793
7616
11686
24836
26070
1800
11795
3354
14769
10742
8352
12784
1901
6615
14651
3397
22302
27689
19017
25053
23032
10435
25725
25987
12193
2645
29042
31261
6601
8495
6701
6492
31555
22108
3377
22010
27600
7552
19180
26067
1156
16490
19489
21470
32222
27352
16745
10681
15374
19709
833
25892
19503
18078
28966
4139
11525
15447
17682
15097
15233
16260
13379
7671
14773
3299
13336
28544
4511
16198
24357
27720
22515
28815
21182
8020
28726
17307
6532
17921
23608
11737
21077
28181
9085
28689
15978
24081
1668
17189
8432
1419
21768
996
199
27747
27118
24102
26092
1473
13773
2917
27125
13415
24763
26037
2048
31291
11076
15548
19053
27443
26961
32010
26023
13341
18688
5089
16414
8121
12807
9560
14920
12422
28720
12096
1522
10108
25509
5872
4272
24566
19894
24443
11409
22545
29615
3093
31672
10565
8660
11097
3355
21118
19499
6548
9960
203
18245
25220
22618
24218
28884
32385
21521
975
26028
11719
12011
17358
1144
27241
18780
8472
15002
5157
6230
26255
31747
23320
441
13391
7822
19921
16739
24335
15772
31973
17876
25116
26029
15972
31149
7864
22121
25407
15552
27241
27671
4442
30763
1454
29419
23615
10856
21443
8409
21695
16829
23371
1085
370
19576
14838
18388
15190
29916
30896
11486
8400
12783
18107
30274
23119
26412
21327
668
6364
21714
21299
2308
29478
11061
10397
18711
26319
19386
13249
22106
9513
22451
21974
22331
18233
19527
5968
25349
23485
30441
3989
26665
14362
7400
3
10347
22427
18103
7934
10274
7402
16685
8568
20894
2051
9594
32215
11141
13035
1494
26699
20024
21366
31583
8824
14319
23499
20133
32488
20579
4724
24338
12049
17293
22532
14449
640
27657
23964
30261
27518
10306
20602
12856
6108
22459
4874
13848
5006
11353
1713
27806
8964
29534
28274
12586
14801
17893
3247
12089
15776
24946
2281
10725
31481
29320
11249
23613
16196
22207
14767
17404
20577
23998
4070
11102
28632
30430
24223
32186
16632
1019
11880
16685
14340
4111
10567
16625
29322
8786
8584
28619
26939
10837
7855
31329
11037
13388
9715
26119
27942
8349
16266
693
13290
32431
493
26988
18467
19419
15246
10636
22657
19939
29647
2771
7263
17748
13621
30404
11638
27349
14764
3607
3024
53
6271
12674
5412
30660
6136
28794
18052
9329
27613
19828
20662
14745
3638
16032
8038
27656
9908
26877
8202
7733
18606
9157
4523
5040
23063
23673
19413
4139
32064
5835
25571
2926
19027
27302
30185
21726
6998
9766
29649
29153
3767
13100
30247
14551
18015
22253
3722
14476
19408
19952
31754
17183
31902
31299
9965
6947
28226
22303
12710
31991
13311
17705
25709
5099
8733
26161
10033
24953
13736
23805
10892
18112
3501
14355
31328
28304
14528
25975
32489
25707
6634
11778
29087
7696
15867
31738
25474
5225
26864
30871
26132
11480
22986
1688
22603
29738
13393
20147
973
16504
10172
1776
62
11841
7862
27708
21135
933
25878
15117
27948
21364
32314
26304
7570
22674
1585
16300
31097
10528
18527
5458
19819
6079
26017
26292
21061
22617
23620
8637
16972
14371
16183
29106
11197
15697
19464
27046
29682
14217
3037
23967
21138
23697
1295
15532
667
22553
30917
24545
18962
10508
7090
14369
26728
1588
23764
27962
29535
15494
14005
5249
17011
12335
25152
21467
15755
14534
7604
5556
14047
25033
16883
29982
3338
13094
10234
20435
337
32178
18540
16533
18644
18956
28639
3803
21423
27890
5955
14744
7246
24995
22012
4138
32082
7086
5279
15060
1780
16628
28568
22905
991
26462
30771
32751
7149
17331
8291
8604
14614
29240
24259
24688
20530
25725
15628
23765
6658
29488
29453
13940
19368
20074
5340
29188
8006
14025
2183
10331
30838
17152
3529
3482
18887
20188
28368
20690
9126
10067
14539
13118
15677
14193
10340
17231
31330
22693
24674
13641
3102
4434
21076
5688
5694
27479
24123
6112
18469
27188
24863
32766
19655
9549
7300
23858
8775
11148
14244
265
17249
31971
13354
18055
25017
9076
19839
12570
4294
27171
18567
9864
25687
8344
25984
12777
14086
18627
12644
31412
10415
12697
15602
14211
19504
26963
20286
1931
31504
21682
20807
4082
12596
27028
21044
7154
3609
29135
25309
4663
15881
19809
7763
25085
22725
24203
16561
17272
20652
18338
3709
19617
6804
1808
20516
5345
32716
2206
4112
28968
12812
15953
10585
26232
28179
28039
23366
20621
30098
9310
17674
25027
12877
29546
4443
8153
27458
3724
32651
13680
11267
6740
22877
17080
21163
16845
8381
14014
3671
19068
24405
11236
9288
31583
31898
7615
24426
20756
25466
11806
14495
725
14861
32664
12381
30485
7205
11177
11938
6072
14123
119
32492
28721
25067
16769
24619
21453
22967
26727
2884
31850
10166
21329
19608
21011
24748
16988
27705
18474
17214
8961
27065
1556
8035
832
25008
27188
11586
176
21799
12344
5522
3550
14246
29958
8049
7414
2095
7557
24556
12454
16800
15115
9339
28158
29036
7303
6112
31397
24060
9990
32740
15500
13708
17158
27272
14608
24096
10682
4228
5404
28796
1170
24732
12715
28141
9300
31202
18950
26045
6798
19504
26585
28348
4695
21046
14774
14568
18300
31839
21456
3059
15189
17835
9858
8732
3373
11740
29058
14002
27454
24347
1417
23331
29210
2218
4748
14378
2395
22548
7333
9973
26941
10082
14235
20132
16953
8740
30702
14719
5131
4135
18228
32567
6670
23407
22165
4704
14284
31387
7840
16683
12470
23420
24427
30208
3901
24187
13937
10418
6882
11634
29863
854
28236
25142
19022
26048
31124
31151
19007
18892
23589
17658
1565
23785
1996
16154
20033
15214
29281
16933
27786
14129
15534
3381
16673
21873
15139
18837
12608
25592
30245
8249
13431
6390
16909
2982
11162
16525
2767
12923
24309
2707
9308
24067
14422
3089
31227
20907
4456
13099
3659
28008
4027
3682
29409
9428
24500
8226
3877
11528
4052
13169
23491
10868
22261
9224
8915
28072
7247
14104
19573
23454
8799
6768
10989
895
31818
26559
23803
24016
16372
24267
20588
20747
13931
27853
24637
15674
6793
23500
32494
16707
14642
14629
28491
10880
4039
4057
12871
30931
14662
21060
22197
17405
30267
32488
9880
4415
12103
9084
18675
16708
13257
10095
23049
3234
25414
5564
25989
4628
29587
25912
22449
5913
6593
27668
29185
28501
6064
26805
8854
628
816
10689
12506
3765
5747
13754
12283
154
27374
25123
9715
18336
10745
13576
31919
21817
11856
27428
11056
11173
31220
6349
24185
4733
21521
30370
12991
1584
9458
16415
8612
9243
21572
16306
11632
16498
11554
6391
32155
8237
8774
22775
20977
29889
10545
16937
11475
1358
31610
12771
28675
29277
19077
23073
32149
8496
31590
980
27591
13804
2482
15990
10344
15971
7244
9807
5693
2353
16206
3549
3949
13334
5255
14494
19138
16877
2580
29963
5078
6126
17442
21690
17588
27936
11770
6267
14864
22829
5935
28321
14834
12383
21498
2713
3005
30689
25408
27535
3965
15832
29244
27081
25926
21529
17292
18991
4490
49
13574
18521
11008
5344
11653
3644
19726
31218
8397
23838
24230
7448
8042
10658
10267
31224
10273
25251
11371
3460
30694
8630
15063
14985
17833
1176
16530
8563
16970
5686
23920
7398
1420
6230
28373
12815
20235
24702
6048
15404
22881
31635
14363
9859
16040
18362
11463
6857
16468
14590
11597
7963
8717
27846
2918
22988
6053
8577
10898
30609
21092
28154
14169
6332
17198
10976
20198
31459
27177
4240
11932
20072
23124
13322
20835
26583
25122
17210
18616
61
4264
26892
3196
29616
11882
2507
32122
31146
25853
7580
18963
26595
27168
12383
12732
10395
18303
10640
29908
13644
4653
15446
15307
9205
31454
24544
9933
6581
18695
12972
2374
32481
27848
4184
15272
8247
17007
1245
4698
23590
741
24592
19055
2080
17845
14955
24764
28100
18206
19450
8378
25793
6678
17977
5263
20859
13457
32257
24115
21352
30723
8175
10717
6983
1499
26277
30743
30237
11069
21223
24360
29645
13078
5591
26386
9739
12850
14761
2241
4344
24570
16309
14621
6410
22785
16580
16905
4737
29240
1889
7341
15508
20608
4961
1060
20369
16983
16900
28042
9444
26075
26379
17370
6124
14363
13831
32758
22195
21867
22322
18931
2847
7189
29000
9298
7470
29028
108
5565
21549
6564
27326
15294
23136
11993
407
11291
7758
15917
22609
2739
14855
7940
15750
16035
25827
30922
4495
20931
1150
31464
4462
8325
28391
8089
27443
22258
29656
12172
6681
20076
9813
18468
20013
32671
25267
11519
1207
5508
10588
17507
19666
14843
24416
7775
8456
21993
10117
13989
29961
17491
8923
2258
21983
2418
13906
12027
3778
20825
14035
21851
23282
12368
14781
27383
10645
22331
2894
22819
9118
22368
12764
8276
13492
17538
9438
10042
22991
11899
16634
13814
26
25244
23100
21287
24165
12330
20146
30194
14888
31478
21296
13813
30963
32019
28430
22552
25566
2174
28164
19219
32117
10133
26542
6591
4584
1302
14793
6696
20843
18305
11574
12664
9888
2024
29682
190
32564
3565
2349
18489
9281
548
21829
15502
28638
16418
7533
22975
22009
13766
21658
8450
4066
15283
6737
22383
14230
15919
11647
8405
5347
22929
1489
11065
1190
25930
31945
15318
24227
20304
29566
14185
14249
4887
14670
25313
20793
31873
28171
4837
16737
19724
8231
23191
29797
2326
18090
16425
23216
10762
16208
4780
2663
32165
12091
7145
27520
13623
26915
2712
29660
27021
5276
1495
14757
20288
18038
32602
20704
31624
11391
26096
1241
20357
3490
28935
26184
3408
18021
19801
22065
1374
27924
24557
29973
25574
3392
23582
23172
21779
6198
2718
3259
15371
14887
4109
14257
20788
31171
9762
455
3361
25362
21623
16367
21982
16282
21673
12990
221
18513
23283
21614
18777
22627
32180
11676
16416
23121
28011
17770
17976
9602
30923
17837
13964
30328
16537
29175
30029
23499
2226
27460
517
15353
27568
26443
7051
4750
23783
19263
26424
24275
29609
12150
11305
26794
17206
27552
2247
19224
7537
17633
1913
13200
28715
13458
4273
4619
20891
4674
5701
10410
31681
22028
23015
4499
16372
9425
1678
23348
8901
28793
16243
17856
4355
30282
29420
16698
83
3799
23453
4455
2062
9740
4164
26247
26272
28819
8423
13924
12613
32191
20080
3692
9667
10030
18696
30529
18693
7111
1424
12714
1607
10802
6092
1331
1094
29306
23361
6743
11659
25839
879
31938
7622
5030
8271
4747
6498
6243
30773
3757
20890
7880
12149
9631
13399
1511
1885
6455
12922
19148
20647
13188
17409
14624
13829
9829
24784
5686
28429
29166
6666
15959
19676
1680
22842
24453
31333
19451
30249
26982
20009
141
14110
17450
29002
14865
1075
21095
13228
31055
23415
5167
28634
12722
2989
11727
4223
21576
31048
5621
3679
30530
12425
6978
23874
27712
22864
5126
22088
11352
24366
30456
13926
5252
7160
27648
17998
8388
9719
18074
11324
29772
30472
25407
14729
18139
26847
19031
2269
20999
8880
3455
11377
24461
28598
16224
24028
23730
1968
27258
11812
10892
20498
31739
28539
15840
32256
1513
28904
19173
20369
23626
24474
15829
3216
12371
19834
6913
11429
32293
20967
3464
7604
12041
2700
27973
23760
31926
12120
24326
23380
20241
13471
30478
14721
11762
17465
6098
11559
25737
865
32672
23364
30641
21241
10826
32548
25841
19770
4849
2555
19991
11360
26101
78
23088
22291
16477
11509
1336
23487
9189
27768
31242
32183
10866
30347
21742
215
4382
12036
28701
5399
3883
1360
27214
21406
22058
2442
21144
14726
17642
2825
5394
25529
27380
1905
25384
13836
23840
9020
28502
13115
12710
27301
12001
28215
29273
30938
12656
4647
9801
26722
21718
32453
2844
13168
17793
24506
27170
10244
20651
23572
24693
19624
15276
9102
30405
18133
29504
26761
26929
29159
12499
2557
19947
2572
19923
30167
25973
2459
21231
1267
29980
11921
1766
9099
12688
14279
25889
26807
16780
515
28155
13018
16274
6882
27278
1008
3174
21698
31316
27292
6609
8311
31197
971
31049
1290
29999
28017
12842
19618
16460
8486
9625
31535
17500
4341
13084
26561
29316
18461
18389
4594
2698
7164
5417
1706
12378
17525
16295
8879
7916
22487
11800
10628
1749
22447
18698
4788
4902
30964
17121
32260
4302
7194
23145
30457
30290
18495
15771
4199
21235
13162
30571
6744
20429
10981
29108
27145
22969
27338
1147
10678
18708
5370
4276
16521
15311
26388
23563
18762
1741
16262
1917
11944
4811
28246
11182
19308
23332
2404
30818
12105
677
21572
29235
18871
1640
25629
2155
5207
3442
23563
14297
32551
27794
17230
18097
17723
15085
9467
1730
28389
892
28566
15485
13901
28431
15504
10273
7699
22750
26955
12393
17700
13557
20089
4422
8734
7710
7291
24389
23737
9396
16804
27353
29078
1621
26897
3352
19382
13536
22554
29887
20402
9731
12126
21192
27330
16927
32334
5681
12622
10582
8479
30797
26619
31425
27895
30649
3295
2791
30128
15298
17029
23975
32503
19906
4937
27800
27599
18111
9642
6023
25257
7440
1084
5526
15449
9191
29049
31143
28552
29435
9946
19773
17407
27213
31556
23298
20411
737
6644
16300
11526
3931
10983
20986
32620
7888
20493
11752
7821
21235
24831
30702
30629
30794
4350
4621
31871
17718
13777
30744
14462
29106
134
6720
10022
9748
13819
28782
25784
24400
27773
12492
23911
22649
23190
26083
3167
1272
32549
13466
12676
10480
8338
21418
31711
3489
23671
2222
16943
9651
23883
6968
26836
3650
7416
9798
16692
20953
75
30751
29429
8021
24249
21272
14705
1613
6513
21120
2084
6024
7526
17972
609
4051
29792
4151
23963
14928
26877
8436
28188
15979
26808
19663
667
24065
5273
11817
31533
12429
13912
27388
17372
6479
4571
16508
22225
4533
5188
13589
9681
6409
10858
32037
4489
2095
12029
203
16514
19942
2667
17156
31627
12628
10283
28750
7485
17967
7660
4404
20846
5451
25386
2772
17350
27510
1273
9211
23488
22477
6010
2030
9834
9501
8770
13079
20535
21540
31949
30892
21000
27770
24579
28584
10820
29009
32539
27588
23184
808
7175
19415
17453
3914
24374
7184
6078
21348
4954
31357
21941
15078
23504
28256
310
2694
5323
4699
11682
31347
15934
19321
7185
21209
16981
19798
118
106
7276
2519
16772
6529
1594
14375
28228
23236
6330
22923
32766
7817
14401
19146
28535
26677
7137
20415
23126
6843
8691
18570
5090
11158
9363
17316
8257
25692
6130
19904
23328
28354
22661
16217
25741
22405
21773
16083
32448
15018
2340
14383
17191
2460
29190
3611
1806
1692
24620
18656
22950
29879
18362
23097
17542
15327
26747
22151
26076
32176
855
218
23213
31855
29319
22859
19861
14235
19969
17858
22383
7599
601
6466
15925
16272
4309
9038
9209
24194
23741
25731
31018
10739
18682
646
25475
21963
13679
10309
28584
22040
29265
16468
30078
11698
10053
6440
31450
9315
28844
32004
17721
6259
31128
1638
13535
18966
30101
31189
8341
4633
27432
19125
15159
24903
13695
22342
511
31831
28383
3398
13637
14239
3720
12609
10319
4774
547
21785
16885
5898
8359
17826
7473
24561
5018
19527
10234
25561
30100
5101
6505
27242
29660
13603
27818
30942
4018
25203
26523
5379
1977
19957
20783
29940
7530
14986
25897
21131
967
3610
21457
10526
17213
15055
19688
1535
3779
2688
11370
2474
11263
3154
18626
3411
26090
18808
10819
15263
31074
16188
30472
8866
7637
22499
32095
18781
6087
17179
29506
29509
16109
13483
15597
7449
22123
19822
2122
41
19721
13200
1406
77
16265
15320
4977
496
15350
18167
21538
32713
12995
25575
10239
14087
18481
3898
15341
29580
2642
26082
19183
21488
7555
674
20305
15956
17465
6400
10513
24036
12226
8315
22425
17067
30243
8699
5710
31010
17788
14481
27416
22440
4588
12768
13462
14167
20882
22688
29728
2739
22931
4179
12248
26516
23372
437
20150
15610
3513
23768
20183
1121
18995
14665
19497
15364
15348
30866
13078
9037
3636
20763
12247
26263
7721
17815
2648
21579
15183
10985
7052
716
3347
8253
8581
10899
1172
5329
4360
32382
8425
2323
8428
2746
29616
11547
1510
30212
22261
17365
31610
20925
25714
29652
6195
6077
5649
31308
27920
24171
32128
7495
17207
21945
14888
4351
20963
5947
29386
2316
32330
10598
11433
23141
25548
18125
12945
5501
1215
24237
3497
12806
26648
31414
19682
621
25182
1959
3447
8640
19918
30662
27425
22664
426
20730
20409
4056
16985
13303
21320
22008
2869
8056
9550
6242
23458
4998
30544
3259
28175
2976
6852
20978
22993
10790
7013
28714
21711
26153
13629
4222
11703
10602
26243
9400
20001
28915
17515
31066
17245
28713
6111
18265
32424
13601
21710
9623
22006
8588
21655
217
29049
4172
15751
7091
9013
11327
26348
13958
446
13556
19475
18371
19932
31369
31418
12751
7936
8760
32268
25680
12595
26436
23399
4154
20070
1879
22066
5189
21286
32164
23692
25035
19083
17194
7254
23099
1376
845
7120
19385
24975
29009
1108
17103
13877
30252
21408
27696
14966
25081
24351
4183
9116
19356
31179
10634
9060
28173
21169
7984
24777
2553
5009
14485
4007
551
20495
20371
420
21111
11615
26198
19781
23478
22914
13416
30579
10761
2797
32051
1322
27648
15235
28668
5283
31577
25210
14809
31023
18075
14158
22776
28800
24204
6093
29383
18433
13575
14651
8185
20965
23021
24895
22788
8847
25131
18292
19860
16007
4083
13910
29025
10944
3924
11563
3467
30039
6828
6356
26036
25254
4965
32188
26994
25230
3449
437
25060
5740
21172
9675
24636
10177
1227
5745
24818
3957
10088
23206
13062
15662
16489
26991
565
12152
30316
4731
8812
6597
32222
1162
4903
14359
18593
11498
15074
28033
3509
18464
765
17761
20314
31590
32384
1024
30624
28110
3125
5614
19933
30402
12485
20881
15325
21983
18639
4398
19971
11829
14773
2145
26338
28032
12037
12183
2802
3137
22470
29391
29539
30886
19338
1796
4431
11223
475
20006
20697
6318
10758
24082
26859
20853
16041
31934
25158
24314
17738
23402
29507
17928
8697
24624
21067
13543
17939
30858
30687
3931
9425
8934
16327
5654
27077
10462
18181
19543
31502
30869
1535
1652
25684
26809
4516
20779
6298
32278
32084
24770
19488
9961
31988
3329
17225
22447
11521
9434
11774
16177
25945
14980
6103
32752
721
27784
593
2402
11350
9226
10876
27215
30042
16532
9997
8024
2040
31526
21066
16336
23794
3844
23264
9210
14366
16736
14876
25990
31750
29746
23662
32052
32471
5454
11653
25979
10875
28167
26314
13544
23349
26056
24142
6656
8154
10148
4776
14648
21401
6299
22539
26678
16462
27827
25800
31729
1525
894
3444
2571
14915
31368
27057
20866
20492
21744
31824
11831
14457
18684
20818
7349
5714
18701
19660
28044
746
6069
32339
13855
16566
271
2451
23490
29134
14079
1970
4836
24233
26693
3103
23956
13771
24478
32387
16899
15097
25583
2790
11805
17918
7281
26652
22337
13756
15713
13063
25148
7536
19492
12831
4304
881
7626
25469
31657
6984
12776
21389
26684
891
27811
11032
25365
12152
12894
3405
6820
8480
12109
13087
11720
26636
12023
26712
8629
8922
7474
19233
28671
21385
17197
25780
31733
27526
3269
8070
19297
20845
27369
2843
25803
13169
10644
11543
13515
14060
2073
6438
20255
32152
21065
19300
25613
29934
15614
13153
4069
15773
10780
14706
18879
14224
3319
13097
6299
2305
7294
11767
24670
20456
11237
21900
20555
19610
28450
15251
19920
18847
28386
32142
21058
23295
6509
18481
9955
21707
23851
19094
7888
23663
25496
14922
5978
2412
18449
6375
11104
896
27799
31407
12122
7708
6131
11633
28730
10087
31040
5566
30283
13338
31901
25925
915
16153
15667
12988
32765
12092
3215
12390
21259
4126
12117
2789
19698
12636
32163
32086
10396
9107
4719
18944
23102
21762
9256
23173
19133
19926
28296
28223
29220
27795
26253
28248
31780
26761
11296
15841
382
16520
29694
13443
20832
13266
31469
12229
20156
16148
25775
28064
9980
2929
3872
27420
14300
31078
1928
20296
30628
30412
398
26743
3091
14180
26419
20445
5914
28159
26551
5164
27317
1291
16253
18637
27940
30782
3479
11422
19502
22412
10534
6595
20554
23438
848
25821
11463
20022
23593
10203
22347
20325
21442
31184
13714
13981
28266
22286
2828
4446
10038
13646
11023
28693
9237
11542
11031
18266
28575
14935
6975
7691
27274
28246
23039
22046
5350
19471
22173
3528
19412
22892
32171
15051
12760
6578
3864
31219
7394
15855
7315
24820
18072
31183
13724
15954
13456
14510
12474
1758
28634
10515
24839
14925
19236
14162
24537
1476
1718
4570
21861
23881
29799
23874
23131
14861
4401
590
23959
19129
20927
2295
777
21354
22896
19028
8428
29747
16124
21020
22801
25354
10149
30107
14031
21498
1032
27998
32355
1936
724
27072
21533
17399
14405
10420
29169
8806
11760
1855
26123
12397
9552
3480
7405
18136
29887
5145
7541
25565
7788
23197
5334
6197
7814
29322
24336
17020
1091
1292
17944
26522
14586
10251
8189
30903
23988
5388
32329
24363
28738
23494
15554
24289
14716
18239
3989
18850
13322
534
2525
30056
8854
13469
25883
28980
14288
5847
15799
23277
6478
31714
29722
6699
3204
15420
27849
16376
8411
11442
15185
12888
19091
18058
22310
1164
22495
17796
8935
11957
14011
10117
3096
20673
4282
4420
7657
11650
28395
20341
19476
18498
1971
452
22095
4034
17728
6711
8346
9943
12486
10382
18587
830
9535
14164
10282
20867
9985
17130
15229
18485
4204
18431
22787
25527
30192
14419
5720
7874
10935
7472
10366
20667
23305
6345
3687
24715
4393
12639
13891
6753
26199
27960
4331
162
11836
31955
13522
31632
21936
22959
32058
10086
12246
15406
21991
12893
20240
1285
17328
32073
21565
10551
2996
22684
10830
1004
2532
23647
15571
16581
12719
31057
17723
15900
31612
28302
16196
2013
4718
16059
23607
5465
18700
11592
28449
10659
16709
7245
3475
1918
10811
8855
10249
21469
27613
32371
26660
11845
29540
9036
12653
12312
3867
26674
27114
4020
18357
12895
19853
20620
23605
26168
11399
29745
8082
10345
14768
24149
7055
9585
14601
31592
30191
7789
31737
1385
16630
4512
27707
22861
16362
26895
30541
15372
8198
18787
15526
31016
10223
856
26501
29113
14247
30637
29458
22324
5498
22442
7323
22615
15949
16882
13404
16930
4079
1129
21649
22130
11225
9024
21110
15388
18004
27918
3367
31636
3157
31571
17411
1560
16121
28988
10792
902
18391
26514
4668
7477
2235
10465
17929
8146
25510
24412
25039
5823
30594
17190
18295
14977
1373
16290
13617
7585
11712
7380
28294
12151
24408
14984
24915
1568
2650
17117
26182
28973
10541
6864
14408
24846
7046
19583
18804
16070
6125
12562
6474
22909
16427
17227
8881
11661
2851
4018
9834
18045
29568
31370
10169
27582
17252
416
9040
17971
30621
5252
21749
2910
13554
4499
18598
18234
24744
9399
8766
4305
22241
14990
24657
1209
22004
27068
22355
15437
653
25676
11014
6506
31258
7482
28828
31655
457
15572
9712
22602
2591
7792
6196
402
25105
4915
11163
11252
2512
1087
2617
17282
3708
180
9019
30957
15012
30095
15377
9607
8906
25902
19820
32755
15698
24707
17392
21837
26086
27342
29859
24468
29613
31771
8245
9480
13049
2738
14973
4362
23922
25266
8343
3944
22864
27262
21507
3624
17216
11660
2556
18118
17900
29892
1175
26095
13494
25453
7575
21948
25597
1426
30704
31977
6309
27974
32418
19021
22726
20437
19246
23053
31525
32673
1939
31743
7572
13450
17596
23808
30055
30432
7235
20759
25777
17708
13117
26751
22516
1946
15884
17004
8784
15799
8725
9689
25946
10732
13936
6138
1286
13360
1307
15968
5856
9709
25470
17030
24945
2616
4076
19468
31614
28282
26943
8667
23089
3430
28617
409
21399
29615
3242
4782
9814
17031
25280
3310
27247
24428
21924
23566
31789
27543
3031
25177
7860
1539
6085
7317
19832
13146
30777
13175
15367
7360
9171
11345
2801
28362
4310
29336
15186
9246
164
6891
23
24396
4365
19373
5625
16791
25137
24016
22547
5362
19438
25046
12598
25507
26060
12219
5365
31504
20858
14214
31892
28670
8410
1017
27678
19354
6756
2992
5607
1615
22121
21325
32085
4028
11661
20710
30668
10718
28138
29307
9996
30103
88
29366
17873
2754
31410
8690
16175
14103
5574
7542
19807
22220
20450
687
32358
4263
16276
29919
9815
20600
13501
3846
28103
11620
147
31752
17125
13978
32640
12279
3148
18463
9844
21743
12947
7014
11326
17182
953
2250
30426
24622
27289
6
19356
13785
2004
18534
16658
7663
5714
11346
15210
22196
29978
15423
18089
24747
14423
9207
15108
18649
29446
6566
14602
6449
22624
30400
28948
30156
17304
2776
26456
1871
26413
26596
23005
26138
27922
6058
22176
25279
30676
19226
1142
3317
5918
4248
17286
19153
15937
27708
29404
22790
5047
22575
101
19944
8322
3921
2793
4147
16170
31837
12109
27573
10816
13812
7318
24371
2913
9645
15033
11835
28142
16412
977
10206
9573
21878
20918
11273
7655
10912
21161
18117
22510
1942
22627
8592
29680
21871
1988
32312
10859
17752
2758
9276
26622
6561
13941
9864
13628
794
2127
26866
14623
26845
18578
18522
1757
25032
23799
10646
20568
28086
21593
28852
21770
5909
3086
1185
18637
25133
1823
19155
13941
23682
30160
2691
3670
23081
28278
1515
5378
18563
31604
15492
32114
25410
9067
10233
8074
10450
7356
22913
18057
18100
27705
711
15
6659
3911
18010
12439
30464
18428
9348
19636
1284
12284
55
9957
12159
31453
16316
31313
23031
24318
9477
27880
20155
9217
2133
2034
21042
16801
10360
575
19117
18329
9131
16280
26926
7568
31428
19938
5433
6123
5502
10777
6747
17847
5655
29168
14996
24683
7231
25620
21254
3786
6177
23726
26310
23772
21040
805
28019
6026
27847
8571
24905
25249
26425
1894
13062
16962
7130
23917
1754
19169
27438
3679
4873
27677
14872
14448
11006
11180
5826
13585
18092
29918
24846
29673
21153
31979
10377
4902
18775
419
10664
30538
24787
13894
1151
1878
17679
23092
23595
13864
15524
6275
25058
5234
5387
26757
30306
30216
14076
32439
14236
32648
1124
21569
28201
28052
24401
2710
31800
28629
7119
1917
30859
6746
16287
8630
29844
1168
30060
23942
3605
8439
16014
28415
20656
6618
5943
12530
32223
15407
13158
32363
7503
24927
28720
25088
29319
7816
8033
18685
2486
18238
9087
30401
30613
1320
31557
24653
1716
23644
9450
29999
4939
24058
9568
26726
25455
8525
14585
7697
25203
28748
5897
1930
5046
10301
5472
8580
24030
918
13524
19269
11571
8521
29600
27367
28976
1318
940
3865
25524
11502
8757
24231
7429
4941
3975
12655
12747
30388
23695
16629
6063
29774
116
29007
30540
28593
13083
11003
27831
1797
2550
22198
9267
23340
11474
15543
30542
11725
4709
20179
24043
4778
14961
22728
17046
1959
23276
23188
18399
23442
31513
29060
32057
4115
16601
20791
32400
19012
2483
17309
22574
5907
30484
675
28273
2294
2327
17812
25855
16294
2416
21644
20301
11397
21795
31499
1396
3253
2295
30091
30638
12858
3390
20898
8773
27199
21018
27412
5584
16781
12098
8694
24705
2924
27234
3417
19478
28127
1148
5987
18914
9538
21577
30880
26840
3601
30841
31303
30546
15789
20101
11121
15753
24632
14598
30130
18942
11748
225
32454
5415
30445
25199
13081
17951
20730
3337
16294
15502
30573
8492
26685
8318
18306
8905
112
9181
30065
26383
24868
22869
23455
537
32682
30440
24670
28616
3622
31
11405
6400
580
14365
17137
24366
13119
15945
18466
18512
16061
4005
24917
12111
23174
21315
16178
524
18956
21428
1449
18726
30688
22753
20958
27350
25356
22389
5912
24736
20204
1742
21342
6698
19992
19509
30471
1285
11632
21962
5101
24625
11259
23757
25208
25862
13783
484
5450
12673
32161
24326
17389
6135
2594
26547
12705
27711
17027
6482
1642
5041
3076
30647
630
3624
26287
8373
7961
6370
1105
3768
31338
6379
6632
3407
10523
22048
4347
23144
8896
11044
4292
20518
19608
21577
27929
30865
17247
9004
9357
316
29054
26112
20003
12810
15198
7897
15611
18370
24821
5048
7228
32467
21046
25545
13092
19791
14899
8547
23098
536
1226
19186
8368
12905
31388
31535
12699
15561
17654
26234
18551
24871
21410
5546
27906
16899
18813
12533
10980
3401
16281
21616
27935
7279
21965
26805
26971
32728
28806
19315
14183
183
32266
5993
9650
23418
16509
20398
9005
7340
18280
31081
20904
6427
11318
11711
10050
19405
10405
16837
1856
21160
23896
9686
5732
18738
2487
6738
16000
2393
19831
28341
20356
10087
4350
23468
10726
22805
21657
27928
28094
3983
29422
5382
11635
11449
5808
13068
25284
22942
8278
24831
11329
14096
19174
32538
6651
16815
21686
8350
31789
10930
26720
18605
25723
23307
31854
4347
10653
24934
11347
23011
15930
16968
10740
4787
6806
2904
12946
7841
12573
4999
20191
2497
29018
8541
28193
22164
3934
4016
28632
21834
32234
26435
25751
7278
7595
4278
18003
5493
3459
17907
20852
29463
14530
18417
25365
10049
7033
2881
1137
20922
28990
6154
1934
20418
19096
28955
7090
24305
26767
9011
25702
31222
1767
29814
12163
22970
4532
1825
27084
19311
9692
4477
15680
16690
30941
10999
7737
1853
635
28183
24737
29297
20185
24635
18196
10343
8076
16365
31244
26655
18048
17332
11843
5307
16001
22139
5489
12981
28560
16328
315
18567
17512
7223
5741
23978
8310
27217
3631
4
23363
16538
4336
27025
16600
22211
1043
15666
11048
13565
26604
32685
12378
23703
24746
13424
20635
29961
9755
13612
22907
24931
2381
29640
3514
9973
7900
24440
29915
25211
14897
27037
8644
2497
17651
29302
32047
13577
28435
29607
32008
21373
29430
5554
22518
26597
13379
26836
10434
23198
5289
8440
17830
28508
22764
6439
21069
19000
13848
3902
31238
11158
2954
23566
333
18774
16366
12754
13808
22105
27862
18347
7373
31694
17351
8949
21350
9203
2794
11709
22226
17135
11374
8220
5115
30518
1113
28887
8792
31861
14266
1969
1809
25037
11768
12592
16303
18678
22591
16078
7087
12482
6701
13307
21570
12618
12950
29528
7162
25854
25494
2971
27971
14373
26097
1930
25699
24567
25962
28321
32694
16592
6550
21139
16730
11314
22556
3124
31065
1713
28533
24940
27513
9398
19424
27561
12504
26535
23628
98
11615
21863
8197
7030
17765
150
10260
19114
16270
18797
15065
8157
1787
26867
30084
24692
10230
6012
11762
6303
14192
31900
29913
29739
22845
16863
29004
696
29411
6736
25375
18642
1960
16436
924
15781
22867
28457
3537
20646
28951
9100
10766
7815
20104
4385
4084
19364
28479
23160
18633
14037
6686
16902
18427
15973
12521
31312
22397
11095
9043
23580
23747
5365
12412
27814
464
24429
22588
32634
23597
18009
4895
8828
22792
13285
29910
20667
2293
22967
22651
17861
8366
21330
30033
20794
17945
21070
18596
16577
1745
1859
29676
30048
11548
19686
17233
395
10079
10111
4785
26782
27492
11641
9900
4878
1247
6001
15608
19097
17081
16401
29643
22740
9439
15085
9399
2923
20251
29291
27518
6565
14594
8785
20424
2720
27076
14450
8248
31880
13714
23154
30326
27673
19653
21033
30100
2211
28986
7158
17182
254
2014
17290
26177
7375
17630
23754
15343
10110
16658
8705
647
9670
4179
16289
29019
28848
15655
22237
14583
20942
11354
218
4491
5640
25484
31404
562
22257
30203
27354
2517
21208
12481
13899
9197
29544
6580
3772
4013
28803
8259
28702
4040
15842
13371
28637
25105
22368
1761
10698
21693
18753
30247
4587
11511
15442
12604
8616
19621
1143
16202
4577
6175
8272
24234
12442
18866
11066
32235
18875
2859
23375
15317
28719
7462
11697
21693
339
15607
28271
11505
14260
23573
26355
12166
20183
24382
28086
8436
26909
14388
3613
26284
14534
8071
29472
29668
5191
16669
14048
31545
10959
28516
16231
17592
15106
28028
28220
27234
14777
28811
29095
4667
12005
31334
20870
20265
21332
24800
14789
2852
13550
8866
12820
32333
24194
32647
21404
1134
16803
16579
9350
22585
3660
3555
26392
32306
9205
24607
4324
14175
24958
29314
32057
17078
5232
6858
10837
10069
30651
18150
23083
2113
29006
13625
12635
20772
18184
23953
4525
11378
14041
2759
8931
14340
21296
20488
20629
5155
11966
17035
1231
23817
27466
29815
15804
6010
1738
27207
1322
29407
11605
3171
1735
20515
23289
8272
29100
25981
21230
27444
32366
6323
1599
1472
20468
30770
7621
15436
21938
32454
7894
12980
32646
22108
3899
7716
12767
11549
10887
9242
11454
9445
12936
606
29594
26630
21189
4364
31746
12836
4118
22269
18415
26374
20300
13216
22365
29263
27124
19490
27381
7078
1677
25557
7452
27137
21899
19135
16293
23759
3518
7018
9546
19229
402
27724
27289
27629
1771
15661
12198
9130
6318
10581
13653
25535
30095
16754
13381
27878
14711
8365
14868
14676
14787
14177
6553
20870
27940
21793
1679
15158
32709
28030
16531
32449
29734
27278
21658
23586
29247
28070
26993
12983
17246
23886
29757
10290
15037
31344
2170
16663
11357
24877
22782
5310
24806
31987
15368
15591
13795
31147
1328
11790
22265
7952
27025
29861
28288
10134
31296
24887
11834
6923
17000
17648
13326
14606
26712
13201
12834
2763
814
24357
4493
4045
5684
6190
16110
1311
9870
3959
9380
26645
28917
6018
25128
1446
1011
30277
8358
25070
14212
31245
30962
8178
19200
8666
10449
11965
20103
32034
4233
13108
4410
24535
25390
14028
2569
10905
32452
413
6819
987
31682
2407
3382
25343
14474
8886
10468
4105
9718
10236
12511
9936
11368
12082
15952
20826
18059
6870
629
14632
19751
11886
2337
25148
9811
2979
22888
23984
8018
25132
28854
2589
29975
14203
16318
2915
16481
26831
17373
18793
31787
18518
21116
11557
13909
15316
28747
21492
1187
17288
18341
27385
31993
32084
22435
10529
20247
30881
27138
23963
22875
30129
17638
16679
16926
5881
7133
29460
906
868
27203
24531
936
29454
8193
17565
8885
18960
10870
8277
12001
1093
22511
29044
17169
25976
3191
23995
26127
17900
156
21097
13096
8223
23610
13990
32652
21655
723
29577
20713
32653
553
7849
23565
23065
17397
23844
20471
27783
9302
19458
30808
30271
22093
30283
12269
19257
29822
23389
30982
28871
21672
9577
12000
22565
121
2939
6377
20543
23004
18911
11873
18130
15120
21692
12999
17214
5513
3623
11878
7636
7500
22969
6838
26080
6436
14072
27719
13824
28663
32630
885
26014
13924
15319
30211
4540
24081
14
24029
7228
16463
18533
27164
6523
16467
27268
22747
18271
15779
20365
4494
21294
5659
18947
6020
5819
1644
30016
20130
7681
12097
27038
9234
16131
23160
8059
24865
5197
13457
26613
6552
7811
27589
32765
1414
4561
992
120
9915
4926
21935
18873
14938
5977
17874
28715
31667
14785
3692
18814
32725
25929
7967
2114
24433
9414
5025
16763
21831
25497
24795
12494
13566
30480
12320
15652
23140
17128
184
14382
16887
21545
30322
17269
7571
11862
26212
9377
10421
2249
27275
16563
3545
20836
19780
10108
9423
11084
26822
12847
22033
779
4634
31930
13771
32763
27642
20212
20747
6858
17178
8258
30639
28900
15166
13404
1052
15625
27332
29609
11465
16108
23269
12246
14466
5261
9273
32464
9838
22849
31191
20059
6350
19379
28093
5671
15555
19931
27393
24975
23876
6253
10813
10513
4373
7853
26552
9852
29738
15239
6757
26635
13049
6465
14855
17025
19769
29644
27628
19856
16741
23016
11688
31235
17795
4468
27791
29492
2596
23023
20600
29856
29299
8746
26109
24444
14995
29574
22362
14232
2056
30157
29804
17118
9503
32477
23629
20994
8185
16139
23112
4604
10612
27422
15398
17351
3177
6377
26677
25019
18008
22433
29285
26905
15709
16133
4877
29040
12914
6752
19965
22471
17403
24926
25109
12731
6569
3535
30374
14457
26302
17275
12994
28040
2322
21729
1569
22670
30369
21247
4117
26739
24798
23539
19384
13195
12414
30545
16584
27646
30789
27961
397
26651
21303
22894
460
12370
8007
27735
21036
23716
27505
9009
16432
30178
30328
15072
25396
22850
2021
2572
19974
21668
23961
8044
14731
17912
8569
2010
25071
12290
31643
14410
16044
30842
19120
6940
226
3699
22568
19044
17487
29917
17637
17782
13032
7419
27687
11228
6993
29062
17220
19625
10432
25826
31167
30286
16908
21302
6420
10451
23480
12108
3882
18508
17819
30322
7852
21307
24759
6761
9152
15204
30649
9364
1324
7019
12071
20257
8122
30042
11665
24709
7876
31835
31161
2270
27493
26308
9453
11239
28954
20249
4524
18742
9714
29904
10881
29938
29591
7709
27611
12342
9085
28797
20684
28041
21414
17934
13989
1013
29651
6923
6937
22001
19430
7868
11431
22573
16738
16952
10109
21360
27938
1561
17607
25558
21868
11895
12683
13630
13580
1310
25109
8515
25084
11891
4717
31114
14996
1268
23074
14404
23426
13552
15050
27448
1355
1874
18660
27020
22751
31937
17013
18153
7616
23440
27614
17634
18632
31540
6689
12293
12529
29788
5240
10299
26144
26115
7893
23483
9432
29933
306
31736
8482
4865
24222
27252
14714
3082
12505
5557
22823
9161
13245
12547
17171
30700
20416
5696
32239
19460
51
8230
1965
29870
25606
8073
21311
32465
6889
32511
5906
16640
19555
26542
1202
28298
23617
18654
8718
11438
14900
11435
13605
23933
9995
16789
17536
8719
15302
28683
26336
18395
31582
3748
15253
16151
14613
730
10514
5065
20159
15198
27498
1030
679
1536
7246
1880
25089
8687
28716
7993
17780
31839
28816
17768
25710
2811
23657
25359
19796
5942
17348
8743
19055
7549
15827
12285
4946
29064
13816
13220
31806
17046
27135
28736
12038
17769
24314
12755
2571
30307
29599
2001
20514
9540
26952
3226
20718
18189
24577
5166
3748
29665
23254
3032
19615
21404
8110
10525
225
12916
6515
6260
17236
30910
18410
11747
25658
2709
18336
23216
165
26582
5358
16753
30091
26816
26842
10312
5367
29112
24436
8639
31338
6227
1636
25292
28022
5182
15910
4908
5108
5352
1045
8736
4421
18988
9223
11635
13069
15584
23876
17232
13003
5925
27864
9965
8346
11867
10354
30504
13725
386
3427
30054
31621
26140
16011
12060
19255
29394
5062
29243
6508
32607
30074
4525
17499
9423
23240
4244
25172
9249
17150
4636
20731
27876
103
9697
27401
7766
242
22612
19599
13747
5301
2533
999
12369
5959
23308
2899
22016
16596
4358
13754
6338
13557
27471
30568
17578
21125
5991
28986
8168
15516
8660
20968
2171
25570
11995
21595
32290
24233
23856
8794
11349
27947
24416
16479
5422
29492
17629
12225
329
24954
10060
12875
21405
12023
567
32737
19589
16501
24743
6174
11852
16067
7276
22340
18697
3445
27569
5538
31588
24721
22119
29593
1149
2206
4736
8743
29689
7842
19340
4990
31099
13101
23544
6610
26908
17399
1812
31088
15177
29471
25948
9986
15254
5446
9254
17391
19070
24166
27169
30323
9219
14200
19080
31420
31812
11859
30742
31932
6327
18824
29606
18350
25273
7596
9254
21195
25788
20217
21848
8471
16762
31248
9531
989
1017
14381
9056
24338
19789
15223
1894
18714
14469
27963
5838
30852
9
22321
30
14878
14034
22037
23671
22620
20542
15540
21671
27312
31927
13529
18644
25160
7723
22890
1269
17917
19293
18442
6572
14907
29091
30192
6272
16403
12715
12967
14824
24399
332
24459
30064
21071
6646
8058
19609
24257
10021
4225
25747
12926
16876
3283
9872
16249
29187
20901
10894
8290
25818
7320
11832
15019
8348
7346
11111
10465
11934
28029
1549
24598
17846
27857
7108
20533
12139
2909
1591
27413
31690
5670
14732
10374
19721
16758
17913
32747
1674
8413
17757
2507
19184
8416
10395
19264
9463
21944
26878
28829
3577
15870
6127
5264
22637
26480
17513
29157
31553
2931
20335
1224
26931
23797
1991
31471
11234
26337
25316
13622
14125
16907
5400
22686
8432
5695
9311
19438
31059
28894
5738
5429
20453
24018
4865
7835
14170
822
25635
14832
466
30256
17218
22978
6463
8075
16134
26076
23513
8972
30399
3976
16748
30621
2606
11350
17164
25318
3365
15464
12592
21424
25774
2534
20883
26556
25135
13002
27790
14799
3766
8011
11290
2662
28875
21239
26486
9306
22068
4113
28400
10135
96
21713
32279
5915
25665
15123
16920
30018
29692
2908
10707
18860
8038
6980
13716
25719
9103
13240
10266
20778
983
28655
31865
30320
1478
24613
14277
20834
24684
26394
30912
1567
26917
15297
6628
30695
32509
685
32653
16747
785
29421
21704
18568
19175
25193
1603
14127
8078
23618
8792
17838
13838
7087
18530
26734
11914
22878
5658
25367
23147
22512
5286
2740
14934
1624
8239
27169
8258
26355
4268
23623
29776
11834
27695
28038
21216
8117
22933
21321
14533
12539
3788
3418
19281
15059
31462
29030
14650
19061
9370
10028
2864
448
11826
23175
29461
11970
9868
11497
16863
10373
6557
6481
4715
22007
2495
511
12350
8467
2919
29986
11043
29575
30667
15284
14844
31622
7342
11315
16430
5159
24618
2380
25118
20271
59
4458
5333
1950
4806
27576
3216
17943
16530
10557
2568
14076
19798
7795
19766
21986
12078
6294
28874
7331
17319
28759
20614
16693
27683
5641
5989
26491
3592
10549
27159
27644
16605
19545
16384
9508
10888
6932
29217
8923
24407
26937
8568
32378
18164
15162
9622
31929
28570
28356
5886
5082
5632
27332
3393
26015
9293
9236
23245
17213
4110
16833
11923
13430
26175
29208
28933
3514
21228
20685
11953
29977
26195
1687
27616
10348
23344
30219
2246
20674
21918
8240
9241
10074
6398
5927
12348
30148
4521
20162
18880
7257
22302
2362
16416
16406
21516
925
24623
8858
22750
18886
7945
12170
12987
11794
13708
30233
12942
25059
28946
17473
19366
2519
25559
18144
15539
12879
17425
30076
28334
26844
9861
18522
6301
2755
25660
23568
14143
21731
30393
15479
9259
14737
11248
25097
4671
32289
10704
86
26024
11816
8655
3790
13103
15515
24733
7174
10951
6544
24866
5929
14269
10065
16019
9779
30605
7947
19301
3378
25106
29326
8290
1861
24046
582
27586
29854
18978
32552
6066
4087
17848
18328
6195
24961
5016
18901
15352
23221
13962
20617
29510
24712
6156
1349
29633
132
17466
3182
6265
5348
31308
14798
21573
30079
9331
30110
25621
16059
9128
760
27979
6396
6001
30209
21062
11997
30774
19294
27994
15961
16891
30520
16
21520
26921
22916
20118
30965
11190
22191
9247
9584
21491
25850
18032
13846
9398
20296
14981
25740
15392
1214
13042
17142
1677
14944
16946
18799
29396
21913
8374
23645
24071
15111
17972
3214
2351
5230
2928
29875
23270
2848
6088
9662
12124
25285
32545
25335
5389
8674
30663
7792
17196
21431
31428
23047
19305
32600
15423
6015
13107
5767
5661
22147
6321
761
16341
21204
10018
490
18125
12626
31122
26318
12035
32039
257
4120
22770
1258
17792
26443
4678
7941
8041
4658
29022
9489
10481
28160
28069
2998
18297
15997
15330
15484
21964
7579
17589
31602
21678
26717
32062
28754
29374
8141
22481
29649
10686
14049
30860
22669
12541
5571
17162
14969
21923
26891
31468
11146
8767
24011
2053
29036
11558
24447
20329
7241
19981
7305
19692
3838
16429
31516
11026
16338
31239
25179
28788
5250
8279
24386
19326
22251
11483
998
24882
7135
25450
5059
11141
11537
5079
4474
8703
12817
19525
26356
20157
4901
12712
26724
14992
15582
12507
29949
8246
17687
22148
3918
6207
21664
786
18391
26454
17852
8796
5835
17226
29610
484
9437
16178
17930
18510
28695
7161
5750
22075
9658
24415
26621
6935
24724
15174
13809
4907
24216
25400
12142
18126
10873
21771
9579
3199
16446
27682
3885
23433
25124
2070
9074
30462
9347
20056
7129
18741
31806
28504
24223
3167
23507
20113
28580
8296
1276
24733
25398
1552
27514
31004
24703
8177
19585
28061
30610
26702
10789
14077
26738
21505
15124
10442
13636
9598
9103
949
27834
32211
14432
24625
12809
22369
24419
1046
31591
1956
20839
9237
2740
9771
1449
9382
5816
13870
31144
25593
21597
21864
3973
4640
11804
32291
6895
9944
6164
30923
19186
10949
444
8707
26539
297
15866
30717
15130
31781
7293
18939
7223
3953
26975
30765
7638
11837
30471
13074
5449
29648
13755
27201
250
28989
4768
16825
31682
1347
25240
26683
12574
29139
4935
25879
29281
5094
22402
13615
9987
7116
3402
10259
20294
1391
18973
6678
26862
10173
27012
8284
20994
13692
32099
11339
7780
24031
4473
3913
4074
30487
19995
1665
14225
22848
17186
25410
10345
6630
25820
31260
15112
19650
14610
1630
14639
13005
3932
15078
21700
5984
4563
26280
22238
22951
12043
12260
12943
20644
1216
24075
23648
4543
13755
6270
7998
18501
7658
7838
18641
3701
17553
2100
9512
20036
6891
19718
12756
8766
16965
24792
27636
26990
28546
4844
23802
27157
14741
15619
22182
3428
19126
32380
12007
22486
29023
19362
19867
15626
18392
17382
10089
4214
19130
1577
25451
16855
5802
6285
5853
742
29562
28629
652
30761
2159
23573
26146
19177
13550
3734
26553
15604
26361
5945
22076
28661
24295
9242
27751
32426
21949
3039
5902
21574
15242
22386
27731
13166
7905
17954
7136
20233
31090
32698
3265
4324
11623
26021
23822
31392
27952
8260
608
3655
15095
32730
28271
15010
26790
3142
29855
3418
15088
27187
5449
32294
6781
28480
18273
1635
5876
29072
31559
24504
8953
21067
24536
16778
25364
24412
856
18967
17952
2159
2897
17841
10474
27867
19473
7459
12323
19350
20806
3925
5158
13268
12866
14751
20894
25911
7685
6505
15322
10604
7828
10831
8047
15178
12538
25180
5328
27617
29636
18345
17926
20461
5405
17281
27215
2453
19817
22393
4824
9444
24200
1370
19259
16925
1394
25693
29819
11308
25743
15732
21248
17155
18223
18289
422
28422
9332
31870
32267
9738
30610
28075
4596
27889
31352
12854
25970
25458
31309
694
21533
18059
29565
2441
8487
3881
17053
18462
26018
20278
14102
29325
28857
31720
29517
16169
2278
3143
20414
27850
15551
3552
25041
31085
23150
30126
433
22096
339
16547
30074
2155
18702
16928
4802
1346
19907
12469
19116
20710
7485
5633
21543
32089
12452
29904
898
14501
14334
7991
13920
25358
29545
27774
16781
20247
29219
26266
26940
4377
26664
645
31948
17882
6514
3077
24729
905
13665
18413
3949
27391
25729
22498
18617
31774
12344
3302
13291
8753
21004
17371
29926
1439
23837
11792
4599
9913
29857
10927
29184
15271
21044
1000
32473
14702
23038
10153
32195
12960
14999
26317
26155
20634
236
14098
13007
10386
24266
25338
18790
19287
14471
25542
16609
27625
22919
21494
22285
4775
4412
1404
7607
12934
18810
10388
12640
29110
14845
24666
25716
3138
30134
10297
24094
28682
31360
4308
17116
27675
7772
1519
11450
3345
219
5475
29976
28911
32706
105
24302
20896
21721
4633
19841
20281
3112
9394
23301
2033
13516
24651
4876
6013
13626
1875
9755
30554
23000
15324
12092
22602
16047
30684
12916
7198
31025
759
15752
31026
27707
29162
840
27442
13850
31741
16039
24930
27478
1008
25796
24572
2513
32302
11467
25990
19501
19775
20963
26680
32527
15787
17384
23581
27681
31828
29431
6743
11601
5655
11425
21299
14247
7127
30913
8947
28342
20302
343
6047
25479
27797
31311
23323
18997
32451
19681
24391
10982
28571
15983
32432
18190
7145
32163
2151
17765
28764
32512
2274
8506
28213
32603
21687
21140
21240
3221
26039
13616
15003
16915
504
23878
19223
5949
27865
9317
18286
23465
10194
20597
5719
17015
14775
10786
21587
4992
14226
6430
11460
16934
12197
3412
24171
14318
31675
11989
18460
21956
4214
2127
15861
23966
28600
21171
28402
26079
20102
21630
17232
8868
31054
20805
17970
31319
17826
18902
8178
3851
15595
13333
26912
26534
1480
27886
12405
16069
6942
8250
13653
26302
8627
3892
14084
27054
11207
15301
5492
24064
11809
30512
15942
12526
12046
23996
10823
10530
5433
9459
28990
10181
11200
14810
26162
1101
31125
8033
20197
21374
32545
8128
25374
8666
90
3858
8725
10385
22678
5355
22737
7791
27298
12319
18299
27138
30446
18036
27449
12852
13343
15244
19623
16133
822
7167
9515
21109
18555
308
20829
16543
12063
16373
4359
8926
25290
12464
24443
456
19883
12631
24458
19400
15400
3417
26740
19218
3777
30764
22251
26865
20650
17437
29765
31758
10075
7116
651
5659
10661
18085
32475
6144
3193
30800
30087
4527
21487
9966
6185
1793
11720
32389
1009
10094
24665
16098
31649
18141
1457
14957
2488
14851
31365
22765
10619
23257
12045
7558
64
3099
16473
15777
25485
7592
22885
8627
5533
29155
1712
24686
8377
3356
28843
9665
31102
29808
32321
11900
11940
23880
28482
9047
25971
18119
26512
29475
10487
16670
9387
3566
14430
11900
5254
6680
16833
303
7729
27329
11899
11600
14433
17529
28281
16923
666
9555
5319
7209
9923
19613
16620
26524
18468
8026
31249
25561
13218
18079
13357
32500
1783
24627
13096
13923
8920
4535
3780
25155
6756
27335
18176
23822
31906
29357
11488
5033
175
4103
3010
6782
1981
1253
10308
11726
22448
10372
26758
28837
25323
25848
26589
5819
32108
15400
17541
22073
2870
20539
1482
21942
6050
16160
7159
29813
24527
23603
32465
32047
22846
11721
12624
17677
30567
17494
20621
5896
9777
15926
19361
19007
27906
31021
7491
9207
28499
30708
2794
26601
15553
29964
27914
27896
13615
7181
18315
14228
963
17961
8682
24337
4144
14024
6881
2320
8048
29438
25298
20085
3617
16173
3480
31831
18145
17107
13493
19152
18666
7232
27189
6305
13124
27378
6573
31570
13587
7383
16886
31186
7100
11053
7838
7890
26498
2639
3220
4162
29175
8424
25381
4043
8135
30138
19051
7151
2257
13983
9848
18031
6886
6084
31848
16990
18066
12449
4157
3804
4133
29808
12892
24246
12073
9500
10696
27417
29971
23396
10638
21421
12181
24493
25536
7241
13907
29957
8169
8736
10491
31235
11414
27222
851
10227
16818
21159
16570
31038
22196
29343
24008
8123
17866
2586
5901
3581
28748
24121
22558
26982
7614
9377
20797
9992
2951
15936
14948
14681
22805
23637
27637
24671
7697
27038
21987
31307
26118
31000
16263
4855
26185
4749
24582
11797
374
16807
29527
5389
31315
18519
4198
20012
1703
13498
16959
1117
7258
22205
30358
27441
6844
9537
5253
9054
27276
16478
27732
26169
20982
2123
22029
3797
9571
31046
29138
7806
24476
12226
1831
32634
1058
32335
27912
32715
20228
13267
6583
21555
24641
32033
13479
770
3143
938
29147
31082
1138
19685
4145
25369
32441
29340
17369
18832
3543
18922
18346
7069
11284
14904
10616
19999
3235
1049
10370
1682
28142
10743
12308
24604
20824
5965
6009
26133
736
11513
23562
10496
768
25702
15264
7287
18858
6732
5411
25427
15334
23559
20100
20973
14575
154
31802
7149
32241
11871
27128
23592
28614
19108
6778
29960
30436
11138
26415
13413
5724
29361
31852
23985
7525
262
24877
9414
23769
13411
28373
25843
27437
23198
21439
9894
20649
20640
10044
13833
4539
16094
17919
11146
27546
12810
31014
6625
7755
7055
756
878
16387
1467
19574
32522
5735
20974
6530
30414
15482
1368
31460
25705
30932
20761
17827
28640
18867
27735
12794
26139
10527
2835
26018
25336
28687
26120
32041
26642
21122
6872
22982
32112
29421
3321
10871
22676
4729
11764
6587
28037
11439
13087
28756
20711
17778
29377
5330
7440
19140
14805
25349
31035
32042
8251
24280
6952
29394
14299
28653
18322
13500
30644
24594
15573
4007
3030
10171
4361
22400
3784
6839
22063
13370
28869
22018
18831
4677
27012
15221
32624
25334
24055
508
17817
3548
12712
16164
30615
19309
11580
17282
6758
19374
31191
4652
1623
14983
17616
20292
4098
4306
440
25619
13744
25606
20366
12255
12513
30435
8347
9072
4900
30580
14282
9307
31
22981
10611
3441
20753
19628
2370
1220
12984
1520
10599
3923
25877
14649
10908
21648
24809
20095
31943
4517
7418
2616
2399
20638
554
5585
18951
11972
6254
30876
7322
6646
20466
1583
28427
31001
13689
29921
29786
13618
5992
28197
5226
10245
17664
8248
1175
15865
9366
24325
6642
5745
21798
30443
847
7088
27320
7358
8013
22062
26911
18036
3819
27972
3386
27036
25587
7076
18197
13190
30723
27574
14743
18596
22019
19932
7813
2019
21412
21443
27149
6596
28822
4553
9495
29986
17369
5559
26692
26378
8837
32317
22712
14123
22310
31515
3198
22779
1595
23495
19926
18339
17431
12612
15998
897
10082
24057
31603
13762
2259
3264
24772
14546
3260
24157
4441
8939
31507
11364
22276
31493
23466
7171
9120
12565
22358
27324
7883
13596
32177
31110
20917
22839
10747
14393
22567
13176
20547
30556
30658
28378
7027
6754
13046
26163
17178
27418
29962
4561
32239
2219
7754
18900
3935
32039
2758
6864
16960
19052
22366
21535
26818
6638
8888
4240
10845
18520
2968
19301
23672
25669
2521
3185
25667
8835
7342
27119
19725
74
16317
31981
27978
23734
21049
613
12739
26044
1497
28816
29519
15972
16348
1842
278
1344
23606
483
12566
4556
30949
11440
29470
17681
10162
5432
5317
25779
18803
24148
7299
3810
15881
20478
27171
358
15974
14528
9206
5170
23906
26858
4623
28971
28962
31101
956
24301
20386
11559
19884
29785
31141
24814
15402
23377
4297
26273
19634
10291
512
22134
12975
26141
30213
14356
30053
14807
6631
32160
27873
29505
9770
4143
11260
13593
27659
7875
18591
20170
19194
17006
1160
3223
9127
4826
21204
2440
23512
18800
11808
3543
21648
32598
1168
22572
1958
26557
29303
18674
17599
17073
8255
14576
5257
28481
20142
13579
11394
29586
14468
4538
31027
8143
29873
23525
4141
14913
24517
26278
12009
19279
9972
20945
9641
24442
24286
6883
91
15670
10181
4708
21298
10932
6922
8201
4964
29787
25708
2201
969
23178
1066
12016
22513
6040
20760
16706
31092
32438
28941
7488
12405
4655
10078
11815
4881
4314
13747
26260
13683
1261
15910
29748
32127
24362
3305
19990
18975
17298
16838
11515
12819
20295
9796
17647
3986
18536
17538
18611
10359
27734
10307
6983
5297
24525
3388
5294
22336
3963
11187
10665
11100
29097
9941
6674
10608
6677
31033
10754
9073
7739
14352
31339
15944
5134
2001
23303
21612
21867
15317
2934
6352
8943
8731
21908
17315
17106
20134
3125
32705
9543
5244
23352
25418
12325
22197
24694
29334
15216
28394
880
24241
4185
16608
8536
12251
1592
7109
30525
10701
28149
27150
18746
26035
27246
20169
20048
25191
7112
19711
19601
15911
29760
2552
16633
12304
16378
8764
26837
6343
25221
3507
6219
753
4085
16015
16003
27879
32554
28755
28761
4762
32148
755
4666
8030
27018
26067
20221
26848
18250
20819
42
30379
13862
27191
15932
12390
440
21490
29128
17980
9158
30893
20737
14970
13720
4411
22480
31705
22579
26152
27115
13439
4990
9649
9687
10379
10931
13796
14315
4056
22629
1646
4613
24454
19811
16642
25194
14634
8526
28413
6660
23168
15100
12489
14740
21758
2521
19881
8513
14643
26060
15506
744
7680
10492
7453
8224
27296
29140
19677
3706
19737
15593
7978
29718
31199
25759
27954
12248
6866
30927
13883
30622
32028
22787
27837
13339
15457
17590
30798
872
6267
27694
13399
14249
306
17880
24225
18658
22686
17271
29565
21506
1384
13679
30958
16571
27170
26887
8641
6080
6320
8521
30799
4375
31677
19024
3017
25448
5855
27166
5803
9815
19610
14564
28087
13537
15882
6266
25976
24199
22356
13707
7741
27773
26986
16688
30600
3505
8643
2898
18903
14544
13116
23252
7653
26427
31849
6503
4734
11478
852
10522
12851
25390
22723
32187
29061
30843
25617
19638
21015
14952
16982
20005
5097
30925
10119
24434
14902
7327
3045
24987
13217
14053
2387
708
5861
27910
4859
8073
13324
13862
5036
7368
11224
18077
14090
1190
12890
3392
21176
10703
9457
26331
76
28956
21632
14092
32363
16921
3096
27492
8720
25786
26573
5562
2466
32050
11045
9520
14645
31261
12533
8094
11222
20448
2447
22414
11245
21192
20320
19753
8585
21873
328
9057
18197
28153
15160
11452
14376
22926
20241
30027
32060
17470
2803
29023
7455
5642
15586
26922
12042
29021
19105
30339
5216
10287
18341
17402
11025
18450
1725
16048
7864
23179
22639
1954
11706
6100
15672
18446
28663
26505
2914
14424
16660
7106
2997
23659
20164
30361
11569
15197
31128
21999
15302
21891
21723
30256
21757
7170
10430
10326
10371
26246
8222
30093
20719
21379
4876
8990
19357
27397
13480
24381
16334
4991
3300
21226
2360
5919
8948
26326
30810
32693
16524
26105
16626
19060
20950
11094
15002
21119
7661
12898
24890
20636
25155
18335
23601
7451
2463
12527
550
27028
21382
12371
17951
26721
6075
16494
21753
9344
31173
10314
15920
1774
26322
30732
10519
31250
27344
8225
12080
24822
5899
1196
26788
16436
15857
2860
5829
5225
12231
8527
23094
24356
13816
27955
26745
20033
7608
14280
11704
29116
21496
8195
11285
10199
19072
32440
3508
32581
27577
30810
26401
16057
20565
9674
533
4383
9412
5256
13539
21660
14069
5736
28871
18912
14848
15750
9033
29657
21345
25757
16012
9999
27584
24678
22428
24342
16080
31108
19961
21654
23144
1780
29132
30306
19204
17761
20378
21410
26931
6777
20799
15962
30961
26431
10529
26615
22721
13801
8682
25301
29611
3271
31157
5511
3113
31336
25124
18135
25279
12646
4064
14339
3075
5782
4320
3132
10857
7413
10368
4907
5360
4539
23338
15521
16126
16168
6499
25527
28939
21051
16435
29948
6151
31574
4973
23712
7867
18410
6952
30720
14686
5206
13622
10141
5761
1573
31994
23011
13184
31188
32171
8983
24013
9684
14893
29705
5956
31887
15422
15826
166
23128
29759
6228
27009
28470
1100
31387
5242
17807
20912
4148
2090
26371
21668
10176
26925
9218
19496
20909
30948
2079
26592
23162
29221
184
29504
26801
32642
23872
31114
12408
29895
1679
26335
26285
3446
26687
14125
10562
17166
29147
13643
7026
19014
1762
24198
20373
27777
21219
14909
29037
18087
9561
27239
29635
11648
18565
731
10544
16420
18353
7280
19930
24438
23789
947
13654
847
13057
23718
20989
29403
25857
9495
26034
1687
31446
14282
32654
12899
31168
23092
16197
29762
21158
1237
17783
16156
29974
25762
14756
25709
3161
32378
3573
25637
23362
12821
20310
31515
28732
30145
25176
21683
1158
915
12889
23329
16112
10782
15838
26792
2376
435
17056
4707
15561
18022
7648
16842
29942
14791
17174
23946
29329
15565
7011
4065
18937
7083
13613
22932
7290
29024
7774
28297
31568
1765
20735
28467
8498
26641
19621
4208
14421
31600
14020
29512
14306
10190
3510
12999
13918
23207
17901
846
2052
29286
2941
9716
13270
19041
25464
9015
15944
9091
14618
3743
23032
5241
1943
17063
292
3354
26850
22480
8777
4065
25001
23134
23138
12976
18822
9776
27861
27003
4952
26239
17400
19015
11765
32307
7591
24191
24933
20215
6588
19637
15645
6898
3875
25329
22781
24532
31795
26843
20575
16396
18591
1962
20230
25696
4006
1516
24823
10944
22501
14620
3238
191
6289
333
24033
15005
10839
1214
19682
886
14831
28455
30930
27061
24832
12636
31007
4172
12386
20126
291
32296
22351
1868
5459
1200
1601
7673
18600
31510
32343
19214
26775
4591
344
9179
4688
9367
30028
5656
8381
16711
16927
8004
12524
29525
7002
20603
31004
19334
22883
14867
31778
7111
13098
29081
32224
19304
24851
10401
6374
17064
28174
11172
23297
2769
13068
26488
22224
11631
30808
9818
1228
17444
14725
27523
28740
11090
22273
6802
22629
13276
1332
20037
13743
12312
5203
23920
1197
13888
29551
18695
5813
12329
6486
17845
21949
5630
21951
29325
31479
22904
6761
5867
22124
11165
3667
18403
15514
3328
20705
25145
15332
19986
11964
2529
27322
27581
19486
12214
16769
19674
16793
24815
964
21297
22351
18698
12638
5207
6985
24727
20121
3618
13402
7385
16568
8356
3003
22668
5414
11330
27598
19221
29292
7144
2518
27558
27487
18559
6090
16767
5074
15288
27478
27959
19123
9612
3057
31078
22753
6336
2482
29624
23476
16235
32497
22239
23410
1362
5023
23560
18834
23880
18936
22323
17688
29503
4982
1559
26821
31827
6593
32625
14406
29567
27788
11152
23866
13130
17283
26029
22695
7544
18936
7760
2289
21562
18252
14281
23782
2394
20355
16724
22409
29829
15954
23143
12775
27090
27555
28531
22756
23997
16192
24730
2198
17170
14064
16998
8653
23967
6560
17703
6025
13719
10291
4439
18989
1282
12014
5195
19812
16980
16451
28913
24695
26472
21887
29079
29001
17445
6606
642
19474
10844
11
6739
32567
17430
9470
28525
22993
29172
17905
9234
23142
24710
12804
3933
17550
3484
1655
10243
20691
28784
14326
19078
25142
10137
120
8343
29032
24536
14056
19654
4674
29727
29097
27436
12784
570
5149
7488
17823
4875
18980
25241
5811
6957
16275
21326
17706
31623
16836
9968
662
4296
1635
29318
12115
6213
16238
6431
21855
6976
14788
14212
10215
6774
931
18274
21468
4229
6895
7998
11351
25805
2386
25463
3893
5779
30325
9299
8363
10046
9163
29278
1608
19121
12933
12812
16915
8483
15783
25989
18173
31206
4120
23835
32247
14193
23782
26166
21355
13107
9970
16799
29206
64
30175
11750
30705
6801
27957
9804
5580
8543
18026
20210
31791
25861
14763
1742
1994
11896
25411
14074
6333
18393
10910
9023
20432
10778
8648
19706
27511
14679
9514
20404
31906
6822
11582
23791
26306
26220
29121
21146
23172
22656
22210
10152
22542
7354
793
30687
9114
20462
24213
10904
18925
7427
30725
4438
10918
18960
32175
21016
3447
31255
5830
6725
14590
7764
101
23070
21893
9668
20610
7596
10018
7010
9956
7725
10637
8822
31240
16623
28589
896
27340
13996
9987
24066
7071
21973
11380
11745
17394
5414
14393
31787
15509
24677
7167
4648
12687
29231
22933
27898
13938
29355
28325
8788
10456
20451
20046
1975
6951
3133
5116
25131
26477
24893
29886
12798
20434
24452
26204
23451
26746
29425
1795
28522
20663
14944
226
15548
23936
22042
29785
18216
15558
10426
9095
139
11893
7965
21511
5468
8882
30297
14614
4479
6539
16794
21133
22722
2180
22707
15528
8991
9411
14985
6188
11920
15754
25004
20484
9236
25121
5575
29901
1693
28264
31923
5408
18595
26164
9436
12056
1039
3757
28874
4428
15526
29410
2713
8587
22839
13701
790
13705
888
5693
27672
6916
14263
24720
24982
24129
9314
24697
19019
27523
4979
6706
17420
23912
9087
4763
28070
16374
468
6933
4068
32692
26494
31197
15224
3169
2025
31800
14576
13021
3053
12158
678
16961
18917
23419
23333
17915
24388
26309
28269
22107
12748
13300
6142
20728
22835
9606
26456
21525
547
10113
29632
30235
13292
8620
2812
7110
7580
26543
30955
6099
17561
23055
1722
1551
12727
1381
10818
9222
10220
16609
4250
1324
31291
7849
24153
14051
26321
25695
12713
26878
27934
32233
17849
27360
23902
27875
26145
3344
5641
6243
11430
23766
11281
582
10842
12131
21819
3422
27546
6263
22714
25095
9061
8552
29856
1867
7690
870
20663
1474
25069
10867
30760
13632
14172
10798
18577
23515
19255
32107
27655
899
9299
8530
25260
3111
15880
21128
5571
239
30626
26222
3312
3004
11604
32044
18855
149
937
4233
11872
6414
25992
361
14801
27498
28912
19463
30900
23642
8539
8778
3400
26969
9835
7366
16165
19898
11740
30439
29236
22599
25728
564
32565
30738
25576
7137
31275
27562
1629
10918
31710
12742
2919
30534
21854
23653
17302
27304
20179
1826
24813
19755
16296
18194
25394
25604
2941
2741
1331
3726
25622
22329
3916
28341
6501
22175
6605
3420
12500
30488
10546
26770
20655
17335
6453
12919
7366
22709
1960
16215
20727
10669
19265
10720
17967
4137
22275
18631
24231
11136
8050
32367
27293
19815
4414
24944
16677
4121
3824
2324
12887
9095
28829
6813
7272
12966
14522
340
15089
14680
24295
28508
30223
4163
2476
10729
19853
14234
19983
1814
3842
31799
11836
24105
29630
21372
15742
11049
31566
29297
9741
5966
15800
20522
27669
10034
22359
9920
30290
14551
29990
23631
16662
7977
2313
559
11504
5422
22527
10625
22759
2205
4851
10180
12459
3446
4277
838
1143
27485
30459
23208
21959
26678
10461
12066
29365
1131
25257
25520
12849
31563
27413
2134
21524
20025
5202
13791
26708
30350
14997
30651
22158
25628
13731
6691
10932
2997
18266
12075
4399
25419
8305
8875
1499
15807
17304
25359
23414
16714
30940
23678
14180
7177
5727
10143
32134
1243
20889
25683
24514
6082
10572
9569
21947
122
32104
5653
31511
23029
12403
19305
17038
2471
8171
31457
30172
19586
16613
30219
6097
22984
10175
12528
21846
5167
28072
25353
8294
11757
2956
16578
7920
2258
31064
30372
1176
3385
1803
11716
7295
24542
2670
32721
9316
4167
20598
32733
6764
18668
31451
17049
6300
9540
26602
29389
23220
29768
17935
1615
14081
31268
5300
7311
24424
28346
12731
17724
4209
2468
24896
9104
24742
3620
3260
9456
3116
13915
17414
9151
32069
10350
15523
18588
22934
22573
23048
11329
10292
27191
25889
12745
28586
13518
25375
11820
23156
29474
12734
29533
19736
4748
11987
31834
31548
12057
3870
31721
11134
27307
11674
26807
30833
11268
4089
6157
29221
14575
30176
13646
22060
18488
22263
5517
14987
8510
27813
14181
15180
758
8551
23435
31756
32340
23006
8099
22873
15289
29703
2430
10126
10908
27043
26022
26935
16142
4996
18719
30970
18163
27285
7397
24928
5041
8686
29780
31284
25385
12259
30305
2472
23123
4676
23654
25253
13818
1973
268
23033
14021
29675
19508
28647
4772
25216
11684
3217
30251
28303
28214
25125
5531
14267
9790
104
3245
10075
29706
2694
18074
15495
409
17362
25269
18586
22149
8350
16034
5471
9366
2035
24135
10143
17639
4971
25486
7634
10473
8053
26213
21980
21039
25103
4060
8089
24146
25601
1753
5248
320
18560
11665
29205
28001
25758
21469
14259
30450
12087
10353
4418
24728
4183
11991
19647
5290
20544
10500
25676
12435
31359
26594
19299
17467
12032
9497
11083
17257
22817
17149
6860
11678
30878
892
7643
6897
13164
3353
29690
26097
12315
20953
17828
22079
16212
10705
10144
29489
939
8952
2873
2925
7779
21835
29433
8584
23199
7640
25574
4687
1566
25589
15335
19804
464
27826
12839
7086
9230
20024
13133
8459
14677
24256
29192
32220
3544
24248
24931
31671
20606
20795
19395
18120
12730
13416
6838
19782
14940
13095
16544
18240
3598
20328
12800
23069
28893
31015
8516
26833
22871
18541
26211
31637
30334
26027
9855
6329
7039
32231
12395
7314
22683
8154
31565
943
14527
21377
257
21221
5100
1239
31645
27063
11851
28447
4022
29070
12430
3715
2165
3982
24274
13574
31324
14486
29405
16828
20184
10178
210
11949
16866
21528
14175
26178
26634
11471
12497
32662
17241
7769
10662
17990
6491
3522
12618
11106
25703
27016
4975
16582
10764
20497
17016
29173
16636
6617
23913
7192
22096
28134
11087
12436
7761
25525
4841
6664
18143
26479
1447
24023
28247
10649
28483
12451
24358
8429
23237
8426
30272
28077
29570
3134
31027
11927
12387
16477
18809
24422
27464
32259
21798
24483
5030
30052
27647
7097
26154
9789
26297
16822
4807
30066
27835
22780
30237
13006
15277
27928
32585
30936
28937
32034
7731
10099
13678
26053
1011
3254
8401
14497
18821
1843
23544
16444
7662
13912
1389
12903
26727
24549
11520
10699
26779
18380
12029
24817
13398
29294
8618
16087
13718
30010
24830
1526
7649
11443
16182
4634
24360
19243
22468
1893
23858
3557
10698
2204
3696
21776
9566
10393
18893
12385
19004
24859
22098
6872
7759
17897
26490
2248
23026
21072
32078
18948
17420
12242
20267
15774
4393
21477
5650
12241
26669
26240
8750
27693
23491
19015
23728
5598
12483
27653
25223
29249
27199
18142
8676
17126
27867
12833
13376
27489
10963
2156
9102
20412
5142
3933
30637
6508
24466
17481
12585
13639
29679
10750
11244
15092
4986
27992
24969
32431
17306
17947
9649
31737
10956
12500
9820
12401
6509
6869
32710
18754
13534
30531
24861
28382
6649
29945
30187
11040
24894
1217
7382
24969
29608
10365
2301
1320
13412
6782
6728
6507
9260
30031
13135
367
15635
17353
7493
21005
27652
7164
28544
4329
14104
19436
14869
14860
15245
15270
27710
4669
29543
17083
6867
5292
10566
24276
18031
681
23535
485
10298
21740
1239
5342
30432
219
9228
1669
3452
29218
7349
23636
7600
23200
8721
13453
23993
12316
25959
9408
29388
9752
32281
48
24622
21848
3843
8893
22494
8708
19407
10774
14010
12338
29522
9454
30614
3352
15739
9654
25580
7985
8210
1378
32558
7540
5996
2119
10223
32713
7133
27598
8135
32658
19715
9249
23345
24726
30111
18603
18112
15562
27812
20927
31020
24971
26438
3690
14358
4389
17576
20906
14783
7191
11697
31201
7331
4849
6980
6336
5708
16026
28011
1851
29330
20081
5944
16810
11216
22455
22247
18261
1280
20153
8395
10882
24184
2131
15375
26357
24218
18462
923
522
15090
3870
18678
28907
10398
22593
6160
31607
11901
30195
4832
3614
7680
9107
26721
26344
27309
5
20703
16351
17398
4290
27067
27392
8088
27894
18585
17811
17203
13673
22295
15170
21828
31964
23230
12489
32591
7226
1899
16895
9518
12207
10740
4260
22774
18363
27408
19998
385
23785
26673
5473
20626
5682
21486
23941
26036
15011
26223
32689
481
10145
4215
21417
17055
14460
3975
31453
18478
24401
2347
24247
30001
16362
23685
26560
24540
7721
23347
882
649
22244
19410
19730
9341
29778
15869
19285
9582
32515
32655
16711
3628
2777
5461
20095
11940
8511
26966
18853
31304
5840
14991
31505
29246
18284
16767
294
5547
5715
12750
24021
552
27048
10827
25969
26580
30405
4280
25384
9369
208
9932
31769
32348
27383
23613
25488
11210
5663
12690
1507
29209
10928
505
29588
14199
19767
9886
32589
26603
12486
3903
12567
20801
17039
11375
31969
12730
8930
27501
8407
7310
19729
21057
29860
17973
16349
19236
14051
32646
25107
15539
25992
23934
19424
7729
25360
15511
8876
31598
26981
7427
26216
14246
2795
31153
16826
29299
3277
30276
24949
16005
2629
32410
24488
24182
31609
18860
1227
9478
6947
8321
28149
307
3764
3290
387
28789
1301
29351
25871
22941
5443
25000
3264
21304
15104
7578
1392
22822
17940
22019
32389
26139
28058
18720
10110
24925
19047
7141
12352
20344
8026
14620
4168
13706
5341
8961
11884
29109
17859
23952
1729
9446
21313
5632
18295
5692
10840
17696
19652
16862
3795
24244
4454
6031
27554
20905
23526
18315
15758
6029
13949
9139
31843
30174
7412
9137
3413
9624
6762
30718
4104
20564
690
12775
32493
13375
7489
14911
51
20287
16631
18699
32376
29970
28250
13713
13843
26983
25808
5553
30855
23587
531
29293
21002
11763
26705
3350
25998
11590
5135
14354
13278
1244
8751
10597
21582
31840
23634
22632
13131
19879
16893
2598
26183
9615
187
10235
1680
24150
7782
19445
11389
32619
24698
13787
23737
10969
12318
12413
22482
28148
16087
16870
20931
13947
23773
6429
13262
27488
8727
7346
23492
20071
22255
17946
8946
15254
2611
6021
27847
21045
31402
393
25430
5199
14005
6989
425
19245
31300
10532
20308
28688
22222
26437
22952
12769
5260
8288
25865
31320
16572
5873
6906
9342
24779
31841
18610
7963
12675
14833
2781
11749
8477
12550
8493
31927
21799
19380
30169
1064
24248
31555
31236
32212
26244
13625
6789
3063
28337
8788
4389
22153
25501
3197
25397
17323
503
181
12659
15323
9118
20362
11268
23638
23666
20489
309
23977
8087
2289
29091
19651
21995
27497
23893
25688
25358
7142
23849
31340
30378
11294
192
28913
32759
1094
15241
25458
5738
29473
6250
23105
596
11215
30737
5128
25882
17461
1832
13763
16740
9419
16319
31764
15677
7505
19213
9964
26096
23055
3595
15659
31773
30503
27196
9795
13562
31174
24079
14613
30940
21198
24590
9802
2563
5460
396
4406
3291
25055
20708
11936
284
21050
22992
410
19753
3879
22568
24924
23102
12647
7509
15747
26049
22524
23792
18889
17864
32515
7561
17730
7893
11018
32046
17623
3952
30375
12184
4342
20977
32014
10503
22067
2287
22685
16638
24549
7437
9746
29490
29390
10229
10149
21206
14828
5229
26858
22379
2470
16238
16979
762
21842
17668
17476
2967
7693
6710
9303
11175
8319
9161
579
27319
28651
15807
18242
7974
30617
28172
15816
9338
14990
17579
6265
6226
17187
23511
13567
28578
26734
4667
31394
15223
4390
20181
30999
21078
8332
21262
18563
25920
17219
17485
3015
27108
21355
10209
24571
8188
9277
9558
1813
30746
14844
28213
16200
24748
23312
14917
22642
30822
25803
16424
15943
5080
23052
26197
27322
10727
25366
15533
2736
25234
28406
8362
8315
13025
17450
30581
31853
17295
1230
6118
29231
24224
31575
14577
1879
9261
336
16282
30418
10570
16292
27618
15474
6350
20885
17783
4247
27379
12611
13410
10361
9706
5377
17936
26593
24789
13241
32438
2602
27641
29921
688
24078
26239
32476
29010
32506
10118
12039
1026
31670
24109
30207
360
14080
28377
22417
16252
16187
14489
29364
3736
27117
6127
23303
10929
26581
14463
5757
29016
22608
7324
13168
4460
15837
13028
4602
15708
20222
1752
20989
1865
2173
5097
566
8017
651
1536
14892
2910
3206
23676
1390
6816
28519
11098
13120
8985
20270
22758
30324
32674
1834
11108
16370
29810
8408
32082
25453
12138
5809
29373
23864
16207
23273
18466
29266
5771
2831
21863
3376
12357
6615
24397
24240
704
6000
15748
3
22320
5396
20696
11472
12514
336
11520
23372
15240
27637
14084
3278
6562
13563
21251
6305
10071
30666
10691
12490
30189
23901
3886
12423
23443
7122
24652
7503
16320
20563
10368
24007
1470
9049
19903
23555
29667
24802
10636
8616
11112
26012
25114
6831
3197
21304
13509
23325
18326
28627
18614
20833
3806
523
15417
3168
26564
27002
26489
24192
18402
30127
26791
27088
17741
7651
18012
11858
30934
19515
26422
14216
4520
16383
1674
3226
29136
7443
25838
25270
14563
2361
26584
30360
14182
31786
30620
13955
17590
15353
16803
28921
18933
16903
17426
10469
7357
23688
25476
23277
20616
5856
18929
15729
28386
26729
31562
10555
27376
577
18826
4447
27314
23098
569
24310
9044
2009
31456
29782
5044
708
22935
13716
11898
18284
25222
5930
29549
5845
11638
2075
12630
7348
2522
14964
19099
24442
30194
21092
25636
7932
27624
31497
30249
6887
19564
15020
9429
4811
19444
24973
3940
13495
25764
6371
3987
11491
14456
3775
12603
11517
18787
21925
18193
7050
14976
22073
22185
20258
27467
31118
18959
16459
25220
29698
299
3366
26367
21497
6581
42
12556
26846
7837
1304
4353
16055
27798
30750
17894
18205
5372
14627
23321
31785
29490
1645
21173
25051
29581
19645
12179
28994
26722
10017
18624
20884
23390
13578
13505
13015
3483
25018
26838
21390
7067
26319
1012
27964
21699
745
5434
26837
3496
16519
11040
6211
8932
7025
5527
16437
743
27522
24554
20263
8060
14107
1171
27861
19590
27432
28710
2177
24026
6253
1115
12746
12645
25962
6561
28705
20943
8509
15892
27913
18932
23324
18607
25905
1026
3223
3012
919
28132
31642
27010
14960
22722
23369
8416
21666
1785
30352
18888
13317
15118
6769
18945
10660
9944
11468
26897
23788
7036
17502
29338
31609
6121
18503
985
22577
19874
30834
9180
15036
30825
28415
23951
10208
13793
9251
2369
15658
25012
25473
27104
7629
18229
6751
25569
12245
230
6702
25504
10775
32320
5015
7733
8000
12474
32250
20347
12629
6669
27196
27227
23006
22563
15730
1310
10849
30371
29092
13065
29694
30919
5254
9805
1578
5457
22783
2089
12830
28980
26746
29058
32442
14808
9895
1186
16397
7852
6288
29136
28532
19319
24751
25555
8429
14380
25963
18809
24994
27249
25761
28730
2026
8142
18014
25849
19662
4230
4019
23319
3771
17662
14336
30403
10482
13781
5065
19168
26723
22520
11644
7660
1006
3742
26434
2344
9572
21099
26770
25739
30887
20293
14630
5032
7901
8632
2611
11589
15748
23889
5701
13023
12328
22075
28392
18866
2333
7857
31111
10659
24812
685
12257
3077
29306
16343
9336
4835
26526
20260
2033
12769
29424
27406
29420
5920
29105
20170
10606
4344
23503
22428
10046
1728
26625
13973
30296
2405
28376
16074
9474
3656
19783
9285
7408
29150
30510
21933
1083
13872
9768
65
3065
12525
25034
30362
2329
26875
13930
22217
17805
20255
24884
5679
12739
26695
27916
9511
23327
7855
25981
28583
3111
15742
20578
9337
29051
27420
6258
16902
31245
25675
4783
7162
4812
16604
3062
95
6129
5928
8090
9841
10422
28525
18920
3243
32401
2116
18715
29827
15033
13167
15871
21683
30294
17271
1249
28858
12630
12793
10576
9392
2839
1359
28375
21838
1762
23868
8570
12825
31069
32615
20723
8360
4689
2431
32072
461
19678
15357
7226
24085
24660
26881
13913
20301
8728
3772
2038
7094
15860
17982
5852
23088
8371
27237
13800
25071
11548
28047
15895
20612
27221
12875
9620
31586
22479
22619
9789
19785
18147
30849
31496
24506
25376
20020
4945
9925
25534
6900
10543
20426
14580
24765
30001
5959
25491
31044
13380
21563
15585
9430
22818
16950
16048
5639
31997
5477
22634
25562
2942
13488
23738
22887
15303
21522
17772
28646
31982
23459
18070
4731
32214
30991
18217
28119
11445
32247
24497
15541
27433
2402
32529
14700
3239
24425
5003
12940
9925
10548
31087
12280
13953
31221
10953
5661
3869
326
15935
27891
22621
21068
11585
2418
6861
8388
22540
23382
15090
5282
11347
18487
27718
1079
3779
25733
31995
656
17871
22040
5376
7863
11579
20133
994
12328
31883
19845
1659
21921
3419
30244
347
15828
6047
26697
25317
23722
1170
27041
15088
28300
14194
2104
13802
1947
1232
21501
2729
2108
19338
4718
8993
15393
32035
2433
47
29378
5429
24755
13041
22281
248
26808
16180
22458
20590
11680
5116
8803
13751
32300
31134
15183
21652
13459
3145
7333
27864
7939
7694
30573
2828
3932
28366
28790
7082
11929
22679
1141
12741
24986
27216
32304
30823
22802
22827
6040
31290
3778
31497
1646
8328
17689
26832
741
721
13484
31710
7282
12924
31946
8302
11568
23395
16009
6032
10310
5118
8946
24797
14453
14761
8908
15646
25128
20557
23731
21236
24239
16861
28614
29664
7298
25243
2112
5120
1368
18404
13858
27070
26246
17320
14584
9710
22968
28777
3631
16215
12169
31445
20657
32179
22031
15176
5242
18458
7569
9617
13395
16050
13553
7195
12695
16344
27306
31601
14224
17337
27006
26345
23778
18711
28812
10854
10599
7302
535
13503
7010
15022
28794
20645
25282
12374
26124
14112
542
11256
31790
25722
19602
10517
1251
16684
30958
24035
29681
19644
20108
7475
14853
24206
5619
5784
12170
26511
7978
1492
30376
11492
3853
27927
12363
12968
32599
15108
26411
6557
29821
26427
29717
30147
22155
2840
12576
21430
4258
9863
21094
29730
9690
1690
2260
25697
8338
18275
21166
22778
1100
19057
15438
8636
22320
31657
12094
13514
21502
17162
18250
30906
27841
2357
25003
8550
935
25187
2420
9408
13161
19163
25318
5198
26205
31438
14335
5437
30856
16138
21901
26951
15598
27220
29675
31940
3148
16263
30806
23944
9927
7199
29860
14072
19543
15641
12854
11479
30513
3468
16213
21620
6835
13810
15749
20188
17320
15782
9306
4949
18891
20903
9431
22698
7385
23452
30431
14263
29595
14436
17163
155
28849
170
21999
19900
4026
27675
9123
10712
25110
19812
28243
13473
21599
7444
13507
31903
6451
29791
5131
5130
9328
27828
8354
12978
21805
10753
6186
12100
13586
14945
29903
24289
23392
20274
21438
1953
21089
30384
25101
31977
4488
32349
3450
22451
12770
1647
733
25711
6721
25360
3061
10803
31364
4165
32280
13095
29211
7566
22770
18556
23008
23059
8505
21340
15635
26595
21183
7028
28468
31216
531
1782
21666
6991
27407
14023
19766
26804
25368
2336
327
21019
21037
15930
20828
10865
14506
30308
1454
24860
30563
19035
31092
15579
26340
11572
28270
15181
28291
4807
2491
15023
25638
17872
27133
9933
26376
9190
24422
17215
25845
21225
26417
25664
29477
4191
7489
13490
17252
22267
27988
24550
2278
19365
26333
16898
17714
14758
28728
16324
17929
7785
26838
12472
9788
6803
13803
2259
3357
15875
14927
12017
25572
7508
15886
14779
26874
28133
22735
2950
16981
6089
597
25331
15960
5667
28477
13449
19154
24900
27473
22709
11960
7640
5606
5373
30975
25305
26658
14346
1422
12123
28681
28482
25304
11024
25301
10861
7682
27500
14424
11736
30611
29236
766
23857
10605
27925
28461
21097
22290
8303
10456
28934
10279
17966
19389
21868
2624
4835
7976
12952
12699
10412
8208
23069
258
8991
10941
23850
19521
29743
31265
9644
21100
742
10668
12601
5761
349
302
13371
31250
17892
29
8054
24258
27347
4114
28540
6463
1675
12569
11132
5196
2037
29816
10770
31072
1941
14474
28152
31958
32324
6446
23165
5669
28678
7664
23253
12853
2335
19842
15875
18501
4890
30661
29268
9285
22530
21585
13313
27969
11719
31161
20993
25278
19899
11668
13209
1622
31035
28585
26019
18635
30917
14195
3383
18264
4740
3129
22544
26778
31778
4870
31674
23169
1542
14029
4108
8625
22853
23993
11671
9302
7448
20420
26584
7218
11763
12456
13511
22720
1096
31029
8460
15819
25865
4472
207
16184
26134
12598
16809
3323
8462
10972
30948
11670
30356
25738
4910
14596
20299
27384
11073
24596
31306
26269
2939
20962
22240
223
1741
7928
4413
25336
15785
17488
6826
26560
2354
10734
18878
4929
21724
25904
24722
6929
15045
32040
25974
12107
19122
17303
27046
2983
30222
8514
6730
26639
19016
24807
18437
32752
29840
21638
783
20371
30988
31816
27106
27230
4609
16852
31501
13079
11822
23086
22754
9278
32129
25508
32255
32174
14103
22317
7703
19076
24277
21464
11553
13446
1651
29981
17379
26989
19986
10703
13027
4591
24923
30313
8860
21144
9558
24469
20093
26329
24456
21378
25224
20549
4266
21898
20375
14276
13277
2465
18392
26506
2927
13623
4563
25127
21513
21890
3478
19628
3845
4894
1860
14672
4821
1540
29634
18399
25647
26825
10927
21380
28970
25896
22228
9721
31060
5586
19104
13279
29294
32617
19355
29295
22152
27031
12316
21376
4363
20551
28941
30451
18124
31664
22107
57
18015
21997
23249
2796
15300
2749
10236
8806
3483
16783
3498
15795
28547
1025
1106
15036
15027
2016
4380
2664
3246
18997
12426
8379
20040
27122
16201
6490
26779
24475
23218
24977
11293
12714
6454
15247
10678
14428
25714
12342
3567
20436
8165
11921
25072
26711
19558
6616
16957
8246
18448
5963
9028
14317
13023
222
776
28696
14417
5346
16441
10128
9309
22978
28484
2599
346
32311
23928
13748
592
9158
13384
2668
28031
24173
25654
27004
28503
21179
11030
19199
28255
2341
25804
11574
20467
11286
2863
28834
6181
8287
6799
20212
10301
20575
4063
50
32132
12194
11942
12444
137
10860
32661
30201
26529
1610
3879
14014
21181
6667
530
25969
17707
26245
1403
7719
32754
29578
21842
16421
21104
4436
9445
2705
1277
25166
3271
14252
29621
20084
30701
24675
21166
26106
7328
12163
12982
24260
24970
28089
30989
18029
19851
11943
9021
107
17138
23064
13261
7576
11441
11304
7344
32312
29141
4471
13120
18003
21885
9641
10217
1033
7810
4604
24628
28384
11339
3641
9313
7198
32192
8412
32700
23803
31879
32119
14588
10744
2780
16900
30166
28371
9602
14384
5000
23364
21883
13354
9480
8752
10434
31198
11020
13222
6519
2900
1750
5004
16675
5920
30425
23272
19689
6065
5704
9977
25444
6765
5861
17368
28702
2128
27741
8098
14040
784
26300
22327
5069
13319
13563
9315
32542
16540
8412
19454
10052
2242
28824
31783
1467
18683
4459
17072
30071
14827
4492
11052
4883
12044
16777
12535
9586
24438
32659
10157
22889
27570
23703
3211
25427
19143
7033
19102
22027
16151
7307
18406
13670
32677
10359
1040
23854
3913
12887
4576
10188
28764
25141
14021
30816
7628
8023
16017
32320
22532
27600
3760
11380
12427
23105
24647
24349
24089
3497
8983
19167
30735
15850
26264
30833
29225
14360
13358
495
24519
21701
3905
4100
28492
5662
2986
14718
9918
14863
27724
12133
9563
2048
18615
6724
22669
27507
6473
31761
30069
29924
18983
28728
22038
4898
3156
28348
6375
27463
22281
3850
9792
14837
7173
10388
9346
21623
18118
13960
12195
4808
7669
876
1021
8870
26211
30232
7540
28919
5569
9610
6655
28098
31215
18677
141
32510
19191
1766
9817
29665
10767
14794
26588
12759
5895
22989
31411
21042
2596
18076
30331
31836
2592
17515
31238
18497
26247
8797
20061
3022
19017
19129
8421
19601
19633
6817
1553
20660
7098
30457
32303
30288
28782
23111
2704
27315
4688
12143
28922
18098
2975
14567
25923
14722
25968
889
11194
9416
31821
21141
12682
2415
16777
18364
17122
27
6894
10569
30710
25750
22490
6081
2101
6934
15617
30598
14378
21074
6600
2804
31127
7781
90
22114
19612
13597
10877
19131
12951
2751
4727
25326
19290
5876
3681
15429
16303
17546
26798
7858
22699
31401
49
5204
23654
3619
18820
15729
14812
2932
13085
13122
7898
28613
23150
23498
3130
5102
8825
28559
3495
30501
1506
18640
12753
20506
1146
21307
18573
3640
25782
711
12218
21310
24364
18722
29406
1617
11755
3764
23085
23733
2930
22181
6356
18631
29016
6217
14997
27805
10457
9275
26856
32484
2984
29593
19949
7960
26111
8959
29947
7685
29618
139
10168
13595
8302
10464
2889
26230
31460
24123
32395
18431
3072
31928
1998
19357
20634
17631
24522
10153
27212
8120
19607
12619
2622
17247
19353
11097
14588
25228
27640
23175
691
10382
16827
3017
31793
23748
24574
12236
13475
9175
2883
5767
15390
20390
10224
28126
3959
9070
2774
27438
9155
17978
6026
18875
25258
14016
31374
22508
15919
21358
9321
21534
9136
12287
7538
30852
25405
4367
25431
22122
27074
31051
17268
24957
18842
9520
24179
15260
19333
20485
23780
16929
23253
2852
5308
2619
24505
25883
24947
8774
9260
30727
18198
4292
16552
17423
17925
23746
17654
22127
19281
10320
23029
30009
4215
26611
3015
17209
24375
7458
31804
17598
18911
17726
22705
26291
14136
2845
6069
1570
6578
12981
27317
5393
1763
24585
6423
23439
7528
8475
3523
374
12268
12154
21337
8781
26706
31332
8680
27565
25468
13039
7967
4984
31350
15069
6669
3045
24615
25277
31332
28476
11607
25004
2830
31503
22703
5094
12675
15080
5409
7757
25940
27545
15664
9954
14902
21393
23148
27603
31249
17318
17493
16956
14609
25460
28987
10189
5335
5416
28124
5220
16352
11912
26633
10486
20935
5969
19971
30814
29692
27547
9983
11269
13222
17958
22987
24973
7776
18525
10808
14187
3824
23409
3559
8398
19800
2817
21177
31348
652
803
3800
3864
13532
28530
8072
13659
8221
28020
725
21805
2555
17522
1054
25679
11988
690
7671
1760
15655
249
16904
9498
6611
31603
22015
32098
31137
22625
32270
4445
3725
1724
18998
19819
16161
18088
22292
12274
32177
20417
3172
23066
2189
17443
32632
7806
26863
24209
9031
1458
10407
16522
26987
3078
18447
16491
12243
5903
1423
11235
7902
4545
8925
16527
31186
2191
65
2452
23577
26283
28392
32373
23291
11717
21123
4279
24390
3334
13649
15467
1546
12445
26435
10796
24072
22658
4241
23850
19418
20764
25446
19895
8444
29232
31476
13366
19031
23565
3683
1178
9008
23845
26078
24673
20760
26588
26703
7970
17296
23125
2121
21091
224
17201
18916
17832
6624
14466
12318
22467
15994
19256
25893
21523
3995
14221
22630
10815
16369
4406
13489
17796
23677
7044
17432
1287
28599
6905
28600
17774
9916
4657
989
29919
31505
21052
10607
13594
3724
11135
21914
11860
4636
23432
15883
20055
12250
17023
27868
30210
2789
5916
25466
18038
12948
10629
19003
13850
4712
20403
20015
6840
542
3695
25543
12006
12131
10822
29022
6868
18361
32374
21651
11692
24010
29842
476
583
4701
23781
26731
32297
16486
32287
12446
15831
32637
14150
29470
5336
20932
18111
15194
10990
30861
2747
18504
29848
5567
30718
26470
28238
10963
15201
29705
10720
2427
13868
10182
22172
9079
15319
26241
2442
9553
12372
14360
2970
11099
31605
9508
27744
26407
31602
19843
28776
13103
28438
27371
5458
1541
20740
10438
18428
18073
21685
1289
20757
2878
20013
20732
25885
21222
6902
8701
1223
13946
604
30734
29713
6924
5445
32596
7156
23860
16517
13650
3029
8449
26609
21911
21196
24680
1976
29385
12849
7971
23314
23135
15475
6435
27986
24741
9208
16181
3381
11973
14939
30039
25416
12145
5858
3674
20473
22405
6323
27748
854
29931
28263
29605
4647
23930
6497
32627
19291
12997
22979
25030
11242
7730
24392
25655
10125
29215
24046
18968
7115
5463
16071
6291
4470
29811
5914
8001
26206
10063
28408
31921
30665
18121
7624
22376
27901
14537
3188
17026
8187
22535
18480
20161
7937
22996
9091
13733
22343
2987
453
12923
16901
16727
361
31770
23281
24800
13389
4270
17034
10250
10883
23415
21937
21332
680
23259
20189
10940
3477
3673
23208
27160
22640
3558
32711
5170
19765
24048
30146
20972
8083
415
19401
23181
9722
31884
24603
31189
14222
24210
17442
15209
7802
14961
30915
28542
29782
29496
14717
20924
21308
3437
30135
26847
12713
7059
17392
10031
1925
31005
14959
26768
14291
8989
17946
20123
23318
5593
30401
3985
26056
3872
20722
7457
6150
24720
18952
11041
23810
28085
28916
23861
23190
26728
31527
304
26901
6178
24909
13003
1609
12747
15109
16347
26864
20276
27224
26405
18630
15429
23641
11366
4766
4405
31008
22763
7325
6360
1121
5419
20777
26903
27541
14166
5690
8382
1406
22671
20589
22605
22483
21725
22575
2490
32092
9875
6685
6046
17105
15290
25953
8833
4503
22120
8742
13372
21112
5039
10565
611
19530
20565
18259
7306
14052
9822
10939
13346
21906
9781
4315
22202
11147
26752
7767
25953
23667
7206
12546
32450
25693
5210
545
6604
17853
17567
3131
30888
31875
13900
3876
24173
28100
7551
17781
12846
16228
27256
32369
4205
20291
4885
16197
13686
10163
405
31134
10476
25209
3637
17712
4032
14149
5652
5583
15067
6191
9898
8574
18473
29880
4189
1003
25834
3800
7006
18592
3490
16171
32302
31783
885
14874
28368
957
467
30140
28602
23892
9172
29920
6973
18425
11115
28961
12540
18651
3084
21968
224
5351
1943
26181
12083
20822
14790
13070
11801
29581
11596
15441
10222
19940
20716
8437
31755
2956
20246
24879
19133
1144
23267
9517
20432
17876
3766
11876
17387
4331
8885
7523
30113
20830
6704
4606
19324
5555
28087
2703
30598
3289
9452
32461
7471
12588
9280
13916
11204
56
3966
6731
23444
27525
16286
10410
8889
28683
21170
20332
752
10356
13239
18905
1805
18188
13436
4660
22177
2669
18153
30951
12557
15309
1608
26964
7625
32269
27099
17649
340
2928
15382
17600
3585
13111
5168
12263
26393
16652
13423
32400
17307
4349
13654
29447
20647
2627
8969
14194
30839
17989
15208
9220
22334
14805
29670
25104
16935
25258
5756
28146
7531
18053
8083
3682
8911
22850
25261
24679
2456
1815
21826
5087
20002
12807
27032
17366
27430
31678
24759
10114
15736
31925
5134
18092
18199
15432
32468
22
24307
5426
23185
18725
23611
29476
27183
4205
27886
8532
27369
26516
8039
9627
2387
16386
16028
31031
17971
29825
30355
20401
30475
10228
7871
28967
30627
27722
13211
15899
11282
24999
20860
24127
32704
32007
9929
44
17439
23248
3368
18170
31012
3306
3795
5235
15469
4801
2825
15052
27605
15970
60
29819
7752
28455
16668
24823
24526
12905
15640
85
26074
17106
18285
24917
20486
1444
6955
2063
19744
25080
26616
13298
9849
22798
17586
11649
21554
25580
27988
24027
583
15911
25162
14381
29662
5114
19466
1946
11004
27563
8596
8167
15920
21138
7036
29951
23202
10339
20352
30877
20505
13050
21180
2072
999
24380
18231
13592
7765
3599
30063
17183
20804
29590
4
25937
24790
18224
23616
23356
1140
5455
21383
15739
5022
23034
951
12534
3501
26168
21127
30476
18302
14909
10642
19508
19536
31500
10693
26113
24069
26920
20312
16123
24837
7457
789
9131
16645
15723
5175
3950
26814
13889
11919
13687
16874
15566
335
6582
21108
18583
8716
5938
10725
24274
29093
5711
15070
2943
5150
31406
27263
25836
7743
15463
18703
24117
15737
31841
9096
30545
31870
2234
6249
30159
28168
25927
614
19661
17415
32150
3954
4989
10795
10734
32613
9025
827
24073
22491
24842
23143
27859
7872
6120
432
11109
8189
30142
1521
27911
21339
32013
10312
13490
26386
13738
10976
8683
29508
13859
21536
19755
7817
29602
25801
8095
20120
3433
27201
1599
21904
12774
27375
28096
7809
20086
23095
10280
971
2655
26617
15213
12589
12485
11451
15238
1986
30529
22554
17883
12814
10064
15936
19433
5407
12612
19944
10358
15011
20353
3033
3224
1648
11077
18502
7095
26910
31120
24147
5282
22515
7928
18578
14012
14549
6901
4931
21066
27728
19831
11411
2230
9180
22614
31398
21886
19681
18831
5923
12552
8637
28838
4927
31782
10380
18117
22856
26298
2320
4430
26189
28060
5664
1016
24220
12558
19292
18275
25314
12514
30832
26936
1057
23313
1407
6102
813
619
31573
8136
8068
8323
30062
27056
12266
15278
5864
32626
27062
14712
13805
23962
6918
18350
26593
17452
18907
26396
25700
5206
24985
23425
16030
2979
19442
10487
20798
3660
28001
30164
11586
8525
6093
24681
27314
4761
763
20410
2417
24177
4627
14140
19412
19631
1822
14213
22609
18407
12295
29317
20506
14412
21165
26378
27734
27451
16695
9945
8804
12870
6313
32219
6255
29753
16409
27098
27279
6238
30812
4912
10752
21249
13868
568
21540
2737
538
16193
23860
7134
28201
23717
19741
30720
30526
27091
7172
15297
19526
19863
20556
1350
16650
21211
5945
7985
22254
21656
3811
22370
31512
9632
389
9753
24701
3493
17994
8698
12845
2459
21274
14663
15720
27650
357
2530
10378
10025
26991
13601
13362
12296
25445
9589
4716
23096
2403
806
28562
4985
9672
13467
17291
27198
3409
14572
4188
21844
2744
2771
19656
3173
25045
26472
26469
23924
19587
28564
956
18100
22087
28122
20237
14825
7657
20050
32445
23926
13392
4745
25988
29658
21277
30805
27333
11373
21425
5420
24480
28174
31730
8331
26541
29013
32417
6140
3845
12501
28232
9181
24053
1403
12381
18488
23551
13348
5376
4669
2445
11617
11281
373
15847
26646
32341
5298
16955
4073
15666
27740
6248
31702
12944
9098
16830
9270
13877
21278
12656
13829
2325
6425
7659
24376
622
19065
1670
19790
11567
17463
24007
30971
5354
8957
26072
11062
30497
400
6865
3575
28943
16649
26038
2711
30873
18876
16779
23770
27040
19352
3641
28021
18598
20021
8748
32219
5678
5631
17524
3499
24465
118
15967
22960
14782
4545
6194
29014
26251
25521
4854
2953
13246
14446
14391
13994
8535
6612
2978
19565
19153
32392
11886
3335
14784
30977
12311
2160
27516
25659
20383
1005
28420
11793
2412
13967
13943
29363
6719
12683
19416
1233
20530
29735
21643
21381
29531
30823
15227
29038
10191
17870
12565
9845
11776
28979
15763
4585
10812
26764
1429
32063
28520
23099
31194
19206
5154
27178
17620
14525
24708
1102
4897
10885
9307
24859
26141
29852
21309
6434
669
6729
24948
24091
9462
4948
527
7638
7954
18323
8364
21402
23341
15327
19667
26420
11794
18854
19937
26920
31138
20093
26646
8001
10769
21981
28132
13905
32675
7957
26965
17460
25292
2322
9546
4047
18349
10039
14585
2147
4755
25745
14695
20428
7210
29712
2045
3731
3946
30578
10174
20847
31273
1067
31669
10486
25531
9135
6871
1774
32242
4861
31398
17555
16681
24232
7954
8011
29997
14870
8438
5759
15587
3560
10841
15712
29523
26228
23058
3969
14444
31684
8027
27975
9143
6687
22211
29482
9491
2815
13227
32399
32671
3047
24331
24668
22081
20106
23952
14015
21071
26980
15474
26513
21275
19506
22161
20940
6775
29310
9022
20279
13851
20397
9112
27607
11573
27596
23169
31271
17240
21587
14349
5756
16168
6823
10175
11959
15042
13033
8266
18846
6562
9744
22644
30886
12178
14237
20707
20906
12788
15760
30575
31522
27022
23483
31920
6287
28813
29874
34
18065
7835
6438
31314
10105
20660
4594
6601
10962
17718
24206
5107
20527
4818
6273
29726
30577
21607
11227
12324
17864
27262
5991
3342
3272
29465
6873
7095
29386
17774
1439
117
279
8577
6148
19518
24898
698
11340
17175
23612
29190
17187
31529
30357
1703
14887
12325
20817
7666
28952
16822
24633
13265
18163
31585
7793
5711
28472
26023
24125
24157
26753
7040
26307
20823
20679
13997
21245
867
20381
26152
16897
18379
4988
11822
22296
2980
22870
14261
7730
11538
17558
1727
30508
23684
28039
5860
5369
16423
5399
15681
29747
15288
27529
13702
13034
28135
32001
31074
5805
17559
28711
28680
21390
18423
20572
6051
17405
3306
13129
22901
16660
19166
2900
12938
25237
24327
10422
24163
21349
32106
1251
11049
11906
9191
6791
1964
3034
14351
1547
20846
7769
12733
6559
18686
911
11937
10633
23343
20813
23173
21486
7287
21968
16461
31096
20115
6148
12930
11643
26091
11307
20065
24170
4166
8775
16408
2066
31279
5401
29316
23875
20326
2927
17503
17888
1065
2676
97
7252
7466
12660
26400
634
31775
22371
23958
2450
13127
462
8369
13284
22230
16047
3710
20758
27660
4997
17008
26160
21478
11007
29073
30640
9176
22212
26463
11636
2193
6833
19472
13009
22655
25971
12911
21415
31061
29116
20121
11830
32227
14449
6107
4640
29611
9252
22434
20073
9263
4447
26295
25741
13911
18768
32619
30643
20317
30578
18865
15894
24324
14706
22943
9320
14261
14852
24201
25930
1063
16921
16563
4823
30845
8065
4069
32397
5479
22245
24260
8853
737
19190
10924
3134
13548
20573
24618
25806
28400
17121
13504
5905
30262
25117
19065
17273
27981
11251
55
17991
19959
6290
24446
22100
2025
6642
8203
16588
14992
6741
7054
1908
8387
14971
32195
2354
21659
23789
463
19179
30604
19287
12724
5137
3225
1511
26670
4495
946
4638
16084
2643
13997
32100
4443
10114
2414
7214
23383
28402
16680
32253
20800
9962
24257
12112
16100
4318
10555
18546
24155
1276
848
29864
22305
6204
25601
6587
20692
29282
5636
10226
16750
10535
11025
18354
20528
6152
8337
15706
19323
9002
22877
19398
20112
6556
934
32745
24435
24341
10332
15560
7614
24885
11086
18149
26787
24197
2639
200
15925
27280
31913
30314
4237
472
10651
15261
24293
30692
19397
16500
9185
19539
6849
30902
31159
6884
15263
4010
13528
32356
23472
16832
31820
7208
31102
11809
23677
17528
6792
4911
29749
18743
1749
14448
13093
20298
30981
6510
27942
3225
7535
12837
29443
11379
3917
9194
2227
15519
6932
27018
2484
24097
10004
21750
21767
24402
19038
18409
31417
22182
30152
24429
16635
9448
28369
7983
20265
8900
31187
12498
14464
30691
17137
20562
8781
28286
7510
17243
9642
11560
14822
12309
15050
12455
24460
9684
21996
7561
7581
28165
31759
25534
25830
25512
22552
15918
31584
7940
12862
30087
16060
16752
7146
14827
19170
45
25391
12182
26397
27195
18296
7181
1254
3123
11338
24539
8274
6953
4752
25586
8244
13942
25188
27108
24132
27544
29484
2355
17947
24533
3967
13932
6570
21588
797
2721
13214
8523
7299
442
21101
30919
31476
17230
13573
19246
26201
21556
11033
1543
29949
15761
22364
28259
16665
31983
3471
22673
18827
14447
27233
14544
14659
19750
6184
30333
11376
8034
13009
20804
16973
30978
663
11544
26691
14713
2993
21561
26148
27064
21370
28833
31593
23564
32689
18589
1551
15946
32521
32519
20195
17005
31548
28284
14949
26740
21104
25732
2316
32532
17498
13999
32642
26556
5339
1007
31660
17908
1676
25792
18262
17300
11692
13900
21869
18358
4169
29181
25549
25729
8309
26086
29558
21059
19627
16004
3033
4227
3043
7757
31097
4552
132
9905
30799
3956
6697
3257
14251
24297
4790
29648
28814
17501
27669
14919
6738
16480
10034
17560
4328
17245
30258
5674
31813
2653
29133
17973
31828
1186
20198
16199
5289
6603
2988
24960
5917
20872
9010
23649
32691
21006
6177
12869
28925
9685
18180
2774
6851
6537
21368
21864
9833
5521
22052
19511
4601
15697
8507
5171
2290
5612
26432
15658
21243
6235
29042
983
11002
3770
19096
2228
15212
17428
29865
21615
11999
6245
18482
31845
9494
21338
14910
29702
13026
6086
8114
16845
29183
9367
25825
29536
13772
8841
7469
31240
30221
5304
20129
31155
11196
25950
9805
1583
24828
13378
17374
4501
14285
3164
31226
22476
5073
19842
20914
5595
32538
27857
5542
24374
17058
6436
6269
23701
17348
17092
10097
11655
21903
9914
7539
21637
32214
13237
28498
5551
30796
403
23564
5375
8747
8377
24626
31721
9101
30398
10988
31693
30270
22381
13564
18172
25541
30259
27898
14396
5451
10430
27163
2027
8872
1177
20880
30035
29419
2835
14699
26913
25319
2373
8914
10342
7012
14304
20106
151
23744
9567
30233
26849
6208
30137
16480
22398
1113
26702
12522
5646
9464
22601
19768
19904
32120
18910
14797
28209
30275
26398
19198
28414
6002
4080
13638
11485
25232
27485
11539
21279
22223
14668
15376
9496
5019
18155
12544
21255
21123
17097
1691
15492
21990
31208
18324
11252
10401
1150
15673
11497
11156
32170
23900
209
1288
17076
11335
886
31477
14085
16128
28609
16352
31649
17905
8227
6361
28300
29094
7269
13571
23310
15020
19452
16170
31488
26845
7791
21501
10673
27120
4987
9368
17732
13951
15755
23036
3996
30589
19437
9311
22422
28832
130
13534
954
31773
21351
30318
13047
3943
10369
6950
24086
26930
12376
13089
2554
1754
7099
31539
4295
10780
15791
9335
4252
14066
12317
28209
27876
30850
8828
24976
22842
2631
22812
13309
28169
20678
2963
15594
26462
29712
698
5281
27109
6825
11821
22000
4181
16944
28276
6652
20030
10439
31861
12476
25795
16485
24719
29789
29207
29720
3781
32608
11203
32483
6687
30143
9244
14373
26253
27634
23028
8596
10653
7934
2632
6842
13631
1895
22401
26005
30448
27690
28221
3163
20837
27948
30567
28977
10700
26513
13388
8704
20585
13621
23742
7425
22138
23574
19827
1366
5566
11894
23410
23074
22325
28440
3251
20016
18964
12701
31163
23376
32516
20548
23398
13171
20834
24704
7038
25967
24738
27364
7556
17305
9198
30656
26352
14367
15395
21802
9994
1769
381
2938
14396
24868
25147
9220
10507
11991
24965
24578
32115
14073
2501
9762
9700
18765
27781
12270
5720
21203
20984
9704
7803
20396
21872
21283
29741
15077
22446
15282
9629
24484
19310
22598
14277
8531
28382
20595
6906
7450
26151
29395
12722
25960
23193
28500
20317
1692
31632
1075
31041
10716
26229
24473
2230
10159
20708
111
20123
8170
11392
18987
4659
29178
13551
18769
24107
12622
19979
17461
4044
26491
22914
14566
11604
31942
31129
7710
13827
13788
5172
6566
22035
20428
14822
3680
17339
22793
6515
30075
5593
16723
29644
17802
24516
2885
8986
6055
28036
28050
99
3946
25332
20714
30433
27688
29273
13501
16065
23801
16700
14526
22874
12267
4057
21532
28078
12265
4265
13053
23751
2235
24826
32136
5026
29825
16247
17634
12187
19300
11423
19376
18881
5314
30313
4646
23263
18740
11397
27904
2390
11374
23838
3247
5036
26599
5309
15798
21618
31038
19954
8647
11880
15440
992
15479
966
24306
22526
20072
25483
32138
25694
28108
2195
31172
705
5190
17144
23730
7303
9386
7554
17936
1488
5910
21853
29431
31166
10737
11637
25980
12262
30140
18943
1408
22470
20209
5740
8129
6595
19456
16667
19332
12102
6733
14819
28851
3049
12942
1909
22484
26181
31196
1267
8952
23743
21012
24026
10652
30261
25307
10409
24942
12663
31700
20407
12793
17274
27693
1870
27658
4489
17969
32657
27964
2617
32121
8469
22928
4442
32586
26620
10396
32470
8661
5309
6341
23454
27495
20380
11918
24794
27355
29883
5092
14542
23153
18761
19510
19279
27072
13405
14595
8850
25526
23463
13254
13367
632
7421
1714
25042
14284
21931
4862
10005
11742
25430
24276
22200
28421
21677
19702
9630
7168
17280
2399
15082
7320
22903
21590
31745
28676
7420
6964
1586
3185
21534
9635
8380
16881
9052
21513
5294
17109
7324
26596
30132
1782
27337
22711
29934
16630
17546
22702
10256
2187
17821
974
17901
10248
10501
3098
2180
13551
26360
13215
24572
16954
20367
22326
28020
23184
29483
3853
7340
31190
7049
3732
17993
8269
17798
8996
14357
5390
17210
19210
29936
29941
31448
4527
21495
27789
32145
4145
3157
10165
4934
5352
17576
4380
3626
4620
11332
32113
31991
10172
2332
24849
21636
25681
23807
740
7447
1552
2708
22644
11361
29248
6024
29709
15226
26059
25233
2063
17778
10485
25465
7014
29727
16464
17095
17241
1222
20165
12398
31897
32124
803
12432
10045
26360
20465
8689
13431
7012
30906
1547
5519
10031
8063
9923
30119
13066
7656
22780
11362
378
29884
20169
30648
6589
32340
18151
6972
9995
14022
24554
6469
29228
6313
5942
857
7534
30452
20082
24106
6941
14320
9983
25583
1637
23709
736
18316
22505
20294
17227
28963
30216
24334
22417
1047
19735
31032
24055
21818
3653
3280
7899
13508
19033
2944
9092
953
15569
11769
8136
22387
17877
8731
6742
25549
1430
3859
26720
18763
19103
22461
21610
16821
26446
700
16817
1878
24760
398
24717
7378
29076
1704
13391
23159
31771
29005
20269
26531
7547
31287
18477
3409
30670
26932
25973
32006
28137
4293
25236
4610
817
9247
28540
14313
29171
3350
9363
14962
1298
29605
23719
28779
6716
19329
23956
52
696
5057
28947
2265
6785
12546
29591
23534
30714
30672
29696
25015
6378
1575
13860
21559
3314
1078
21033
3195
9610
24445
9562
14283
17790
18422
7884
16954
12839
963
27817
29938
488
16718
24923
13587
3911
21295
5578
16049
9860
9402
25156
32753
7642
3158
54
5160
13468
18454
8506
25975
21705
20709
23300
29076
13494
8263
26856
17994
7222
25958
16408
7262
12334
24313
13406
30976
27804
13800
22454
5468
10776
4171
29287
5405
18646
2795
31847
8722
27668
10715
11377
29202
2527
15007
12432
31798
27738
30826
30455
8662
8301
26738
23826
21001
518
30765
2909
19619
25972
29569
22490
29048
6043
31534
25634
27721
23772
29924
3935
4745
29310
7935
30847
12707
19834
25684
1612
19827
4297
23618
28743
12729
19566
14701
7169
20741
4772
12199
1432
4089
10440
14117
66
23873
21246
23064
16843
18183
994
23609
22739
19308
15530
13854
29344
3023
27895
28350
27587
26493
15544
32178
4921
29347
9680
30989
4192
26209
8375
14160
7020
25908
26827
24515
20863
28112
8348
8786
5826
11132
25771
20347
11160
15214
17253
7801
3777
1245
24530
17596
21781
30709
30260
4177
10532
32296
17118
6902
4781
16898
3231
13845
15021
6822
4264
30067
4160
15278
3928
14876
3219
568
22273
7665
25167
30835
3828
32722
14214
14480
6910
13785
21656
23383
31726
7959
26117
6132
19134
29674
19425
17584
19298
17005
32632
8852
18063
22687
6456
24034
5902
12175
16254
16057
13579
1337
19237
4618
13012
31115
1358
19872
23203
5709
2109
13668
6220
30459
1443
27807
1876
17601
22333
29311
9881
16330
12400
12208
18830
26085
5322
10692
3304
28993
30586
19579
7661
7372
18332
13
25457
2705
13644
28601
697
17696
4878
21743
5878
7404
4342
27225
28778
26536
5028
6461
7678
9938
24920
26466
29261
28635
11297
15663
29123
30315
11550
16379
30902
14600
15045
23068
1273
21
29542
7081
13221
10507
2680
13706
25500
7328
10010
30571
10828
7438
16181
18871
17308
1210
16162
17105
5559
15268
9117
18552
10708
10019
16510
11403
31974
1914
15899
22235
31253
7280
17554
31335
22964
7590
22880
14325
6068
25648
9071
30521
7524
14607
27205
14752
30519
23978
19779
16223
3286
28741
12235
25880
20055
10027
21514
11220
820
15255
7237
757
1393
24238
19716
1402
1853
28371
2169
19181
8199
5975
2175
27553
8220
3153
16152
31907
8648
17799
21178
13798
16469
7560
15331
1177
13187
14875
4960
13922
41
1319
29152
25995
21603
32248
6450
21388
19950
5994
32729
13113
20699
16325
30921
7865
14469
28456
1565
5957
16942
17085
1335
7742
6565
23041
18994
21020
8472
16297
23304
14296
15627
167
25790
11898
18333
29154
8418
18222
31405
28103
32711
3930
28521
31244
30994
12876
24098
29191
19009
28034
961
9200
17527
15096
11845
11179
8404
20063
3899
7683
19857
20524
19403
31858
17787
25169
16304
9895
31073
1735
3905
22531
30766
9333
9904
7639
24420
26806
6212
11595
11888
7993
5635
908
23746
32503
4850
2226
17159
9533
32386
14252
22259
27989
8858
32319
11124
17422
25813
14055
11915
28984
19392
18372
18047
17860
14762
12332
5391
19544
17869
27585
38
24111
23224
17707
7416
24893
28458
29103
4451
13561
20593
4951
5387
1327
16318
9958
6437
5851
12084
31361
24417
7679
11833
22998
26927
22597
2787
22868
1345
5808
19982
30175
22007
27764
13104
32079
25517
23988
28643
6468
7066
6003
31893
15933
20122
9468
2222
25223
14923
18020
2434
8898
4644
8510
9355
8256
519
21866
26359
3652
10755
4477
9405
23475
2969
28056
17224
27076
23020
10707
9631
17079
26816
3344
13151
24541
27042
411
31689
19239
16967
16768
26815
26786
21905
12808
14204
7652
13148
23148
16573
8945
26340
25663
10934
5277
19122
20019
31713
9611
16727
1526
2003
8470
31508
9545
27245
2954
25343
11984
31123
26498
32262
32681
17912
14856
24298
13793
25291
21156
22755
1919
21366
8200
10299
26448
24299
313
30911
7358
6549
13748
7456
27737
18086
919
18308
18883
21707
7221
15232
17871
9411
16381
5863
8164
18713
1887
21508
16344
14622
13217
24138
1600
28515
396
17402
871
19408
29840
32586
32663
9194
25615
29500
25143
7378
15789
12171
27456
14334
17064
12069
2562
26566
11222
19659
2143
27528
6242
12336
4407
31639
22436
22346
23031
2264
32183
17920
6545
25751
19680
23025
24083
4892
28685
745
18801
13969
15692
28959
6670
12758
8079
22570
32263
3399
14302
491
19121
6199
22011
21524
4922
15549
30864
23802
24562
500
15156
28904
28888
26206
4107
1755
5581
2107
28496
10562
28000
653
4156
9093
11578
16402
12337
17330
17823
15271
26301
14066
28418
20832
2607
1522
4453
11879
23643
10579
17151
23107
23288
6333
23161
15354
17043
5716
1764
31302
25335
10839
13761
27881
14150
17152
32483
31473
5793
27027
13250
15766
12679
27829
23017
17212
16874
14481
19227
4729
30163
21153
26649
5122
661
32494
12837
12818
31640
20045
9628
11437
20395
3036
11330
9488
31690
18430
5467
24494
4049
13239
11015
6006
20342
15596
18665
28002
16107
32170
21518
31439
19546
19330
9504
24824
15093
31520
9164
25477
7559
18183
6233
8441
8271
22423
2712
18771
27036
20043
33
5525
18928
7085
14886
1448
19846
16348
15527
24737
32750
18705
17264
25956
17056
5256
19426
3458
15848
19748
378
30969
26714
6281
25922
17851
31987
15962
30561
24141
8723
12957
32469
10002
6661
4953
17490
1469
32629
17344
11092
15191
18253
25890
8359
2804
6607
30992
3642
3635
2570
3070
8504
3513
27209
27311
28055
11746
9442
10066
29209
14946
24948
30613
10475
11458
14357
27897
21151
16356
11349
24908
25439
1558
17755
9619
22861
10076
18436
9901
15487
28733
23616
22249
1961
26176
25314
26578
24037
15499
24230
15262
21702
4322
30314
12366
16176
3710
14151
1528
3316
16254
25599
15365
30142
20554
17291
9035
14370
18160
10500
27295
6176
30019
13014
23336
10062
5370
10044
18170
32066
23661
3276
2076
11243
14723
27391
24959
1575
24631
1325
22170
125
30863
31947
21253
7041
20539
15900
20458
4558
9884
12327
4314
17451
17277
2683
22420
20496
1672
23050
23350
21348
5839
25062
8408
27662
5152
15657
1182
20042
16076
30025
14818
1588
1153
26662
25602
10926
12700
17525
26072
4146
29828
12191
4372
3047
17939
15585
15632
13540
28698
30114
16041
21877
13691
3643
22266
4507
12291
20096
8937
7996
6025
15953
21523
3808
27944
15613
22562
11853
22092
26823
28007
18837
6331
10710
22533
8567
1944
23116
4093
22754
11598
24959
11246
9271
4541
18229
4581
28417
14605
10417
12926
15814
27545
8653
28593
18732
28219
22441
10511
2579
16806
23062
7670
5121
5888
15698
15381
18706
29216
13662
26730
30592
5322
22219
27030
11693
8249
19869
46
17441
7390
8326
22807
7673
30041
27098
979
14496
16651
2082
11804
20892
5360
25405
17185
25772
24142
29975
27589
31169
2630
3695
12428
19813
18037
1469
712
8403
5672
25596
24472
1890
11159
20253
1183
26873
25161
26626
3981
3825
32176
4417
19172
20850
488
27035
18727
5381
32419
11603
9178
3343
11055
17470
1642
2688
11995
19701
24791
30776
18479
10960
11057
20078
27363
31845
18520
19515
31067
12476
17040
9406
21865
5307
13495
3324
25487
29745
27092
22689
21611
21662
14065
3251
29554
18370
26620
29739
9211
16994
11734
7708
15904
213
18195
24149
29007
26464
19922
27994
18311
19955
28285
12562
8330
19354
2512
10186
9686
23002
27053
5665
991
15153
7833
7762
7877
29654
5485
28645
558
5278
28269
22116
23261
26979
19327
6102
1463
6919
27370
19706
1616
125
11392
11203
10391
30346
26834
11945
4661
30172
21643
3237
16656
10841
25411
23042
15144
8556
20665
14045
31646
25964
1473
28129
30466
1624
29531
11727
24005
19442
17058
28314
14368
15813
532
23170
24911
26262
20501
6411
32373
28882
31392
8421
19945
8435
7235
32269
19342
5133
11601
17581
9782
32610
24367
18759
3805
20573
12391
1922
17652
20316
2649
23280
20160
18885
12097
29956
21907
26582
990
31770
7965
1794
7531
15854
3534
25337
17156
362
317
5164
30431
31343
11611
916
23200
19850
27521
1978
17949
32446
22287
17605
27710
25948
19320
22906
7606
12560
3252
11286
20007
12549
8084
15495
17600
12419
16237
14535
28863
5781
25626
19064
30329
18387
11196
30534
15671
31160
15056
26647
7759
7887
26547
23756
29345
12095
13568
6316
13482
8093
19591
21162
24648
8159
14327
3472
18445
27997
29121
6238
9392
26025
1295
7224
18211
19598
20054
15874
16867
18613
14687
24985
200
6824
9750
17015
7895
16116
24829
9345
15130
9719
15403
32482
18371
2604
15680
17725
29810
2465
2463
5325
2123
2391
25847
9264
10685
16075
19447
25245
14147
26935
23436
21719
7931
1904
12813
14890
23925
21212
1530
19447
30755
8610
10847
2382
32702
11642
11798
1886
18647
11612
4704
8266
4997
1463
7202
15522
17269
25426
21808
30173
29846
27219
4326
4830
4664
10895
24315
29760
13355
15877
22154
30646
16260
17595
31400
1107
1839
12384
6135
31437
19884
29559
21777
5423
24380
16089
25522
19632
28801
30180
8915
14667
21772
25894
1502
31133
21934
24114
2528
19548
25594
15503
5713
28751
11695
21152
14081
19220
29375
2906
11957
27845
14039
12738
12609
20576
3401
28396
4310
10468
26392
31286
9519
22528
31439
7335
26614
4976
14685
31531
13642
20552
3605
28679
5763
30162
8618
10632
28156
1815
4968
1972
2400
23659
22596
20370
27793
253
17519
4641
6735
18973
961
10454
16627
17632
13485
375
17251
20671
22375
5064
17909
6966
18759
17948
17526
10834
17011
19875
13757
21688
27635
220
21409
20292
1271
9273
28548
13142
12359
10100
16966
26540
3647
2667
2901
23138
22874
18981
22041
23979
24315
6021
3092
13584
23545
11310
7128
3519
32377
16704
11823
14098
32402
30996
8897
12928
12869
18685
6462
31576
29775
18526
862
2309
6094
18210
17379
13901
3745
24325
32169
25635
23551
719
13119
24856
9462
21717
30854
2220
24735
3372
149
22453
32581
8314
23705
15703
24776
19421
9537
25842
26883
6296
5161
23315
29950
6380
16544
19482
30310
25844
26349
408
27594
2326
14461
357
15811
25328
13963
26631
6948
7887
20868
16887
12217
9322
7833
5540
18090
27202
19278
12403
232
6223
11514
15598
16612
17
13028
14248
12578
24990
3623
3387
3146
10495
9415
13397
4768
8005
26219
538
24840
1641
24472
22646
24278
1127
11507
16337
24256
4456
26192
10815
28261
29392
24003
19636
12982
11275
10476
3847
4885
28104
15187
5544
28124
25186
5446
13058
29848
27373
4921
3533
4274
6297
32220
11983
8206
22394
28173
29795
7850
24649
30321
18839
31036
17201
1173
27261
11170
15794
29686
20377
15636
1274
28485
1916
7745
12763
14460
7958
11565
22648
17395
10305
28758
32101
22338
10220
14141
5261
10094
14642
29830
14785
27452
16384
17111
27938
26797
20252
8706
23848
9919
9149
22488
1893
23816
25355
14514
23470
18721
598
9737
26953
27041
31541
5867
14640
14156
2749
6933
18147
25894
12910
1529
18426
6151
30278
6787
25276
21604
6690
17498
17584
110
1330
25415
12938
17312
18180
21519
5736
20670
14574
3738
19288
11512
346
26744
23679
31715
8363
8156
1596
32284
31200
30408
14493
13645
24724
23762
3358
29585
3628
18432
11951
25804
2014
32288
29124
5067
14755
20450
31016
7505
2004
28301
10615
27153
5642
8965
8609
29445
28757
7532
19903
1290
24272
8054
22408
23804
19331
21738
6912
17115
1485
4180
10593
28169
11287
20473
12332
17547
14253
24919
22659
20916
21271
2799
28613
6479
1801
17038
5673
18543
3822
28679
27927
1204
26781
18749
23434
11140
9980
28732
19622
5799
4866
26889
26346
5146
5095
24747
10821
5986
9401
3222
29766
11479
10010
22010
2756
16735
30304
19062
27086
1009
3582
1833
462
30870
10423
19081
28830
31209
3435
8353
9773
30096
25089
17938
31117
6638
22836
24215
1827
20200
32548
20548
9603
15905
10344
16884
30291
1545
13115
11534
3170
19487
3792
10765
2819
267
10686
29604
21862
20748
30955
19430
15068
15691
20328
3677
22692
19077
27731
23639
10589
23982
508
22102
16503
4879
1987
26570
584
7805
2223
32597
5950
23451
4626
9023
8524
22840
21346
4852
21952
23339
9124
2317
4858
25772
21653
3342
26106
3579
5851
25305
20491
31419
8072
24543
21127
12628
25505
15411
18667
6982
27033
2590
6055
7264
8994
1076
8563
13823
11905
1506
23302
27337
21740
12759
8124
20591
12286
2516
31363
15357
3126
7544
12493
25832
7421
8484
8423
21278
32390
20793
16654
19584
11124
10843
20105
25988
15846
7583
5412
3184
4644
15140
7315
11126
23054
15310
12778
8197
29288
4434
32349
2525
1351
4638
24576
26668
25705
25413
16546
12716
23556
1670
3638
7147
16634
1315
12678
17858
7238
4927
19335
22115
31136
235
17743
11321
32611
68
23164
19388
2105
6926
30473
9913
32550
24383
14866
5754
14523
8143
4961
30049
23431
6965
23851
24526
13998
21143
30246
23077
11849
3598
7336
26389
31685
12114
4178
325
6907
16257
18983
8080
12369
6286
10125
8206
7464
1727
15770
15243
15653
2593
1050
22398
23306
22237
29573
6032
2079
27858
27841
12179
12881
2969
30885
23093
29598
17889
17254
12538
22256
8142
16033
15478
24234
1029
4170
28485
5088
20610
28304
4999
7921
20135
9695
2905
4124
15983
24271
10025
17833
29355
1791
13899
28317
21253
17993
23688
15215
17814
16755
8643
14686
12932
3820
7630
17771
25826
27575
24553
11527
26528
8451
17843
5110
2364
17924
3462
28423
31651
20289
20925
1496
26610
31952
32011
21368
27483
27520
20885
1662
6700
32198
17140
23943
21199
30205
2907
29579
14690
10891
10195
24895
21133
9899
6053
27893
27016
3856
2946
7230
16949
14382
23181
2346
31326
22931
8517
27828
3633
23758
24267
29706
18150
5887
10428
7535
25657
29399
9228
5353
3333
10630
19119
31174
31934
15577
5443
16142
28024
9165
12026
31446
1357
9394
22294
9217
6351
29033
6855
29012
27869
8093
30474
21184
18810
28595
447
29687
13015
25099
5067
17983
9632
5822
4346
19078
22904
17160
18216
26395
3142
25503
31633
24269
23553
3333
3992
20067
18412
30495
22949
20148
18422
13344
6281
18733
20517
26707
131
22935
4936
16652
14169
1696
22626
20092
16699
13935
10879
1452
15918
32111
29967
23163
12841
6285
20699
26053
19762
7627
16258
19633
10318
23839
17410
7121
22788
31824
1790
4578
5271
19400
29363
3007
19663
21453
3805
16296
5404
20340
20547
9326
2947
16562
1613
23830
10525
24980
23592
31012
9626
25704
15445
17766
3941
32036
9351
21517
73
5426
30076
32739
15125
17678
30807
28822
23809
15013
22401
21289
23984
6334
6192
19058
31329
30798
9606
27982
27597
16090
5572
7426
25610
3058
18819
14240
24226
11161
16955
12966
12183
2490
13697
28325
30644
15856
17211
1042
9871
22159
19556
19778
27298
25706
10116
18730
25682
6303
26079
13853
21808
15220
10055
18756
11699
9928
13972
3320
11113
15025
21555
21030
4522
13987
14241
30515
14372
14804
32676
2723
7239
20633
16469
25567
25640
21064
21925
28107
29710
23968
30114
21724
28739
19303
368
16162
31877
20921
19664
3494
16452
8306
8771
1974
31597
23925
25197
5236
18227
8689
839
12959
24802
23346
31765
2784
14628
9505
15111
28854
15963
31357
909
9526
22282
20341
9215
1699
26286
32286
1644
9
14918
6710
18294
7514
27407
29198
26186
17879
28357
19800
20642
11533
10394
25746
1071
19996
4859
16870
19337
22064
21827
12520
23087
24563
4886
11854
23534
11756
25023
19822
8724
4030
15121
13503
21857
12008
16376
21452
7768
28432
29912
20736
24980
11976
9525
23482
5816
30929
19235
22834
13925
25910
12452
5985
6219
17764
1148
2030
26882
24508
22085
31463
26186
8320
6083
6606
21417
11081
13288
3741
8639
18572
12649
18709
4601
1087
26889
5238
7527
6663
22803
23438
29228
4300
3654
4764
22134
20797
31903
8393
18269
14718
1569
26470
22186
32172
5119
30330
4541
25609
5568
31323
27615
30178
22732
6378
26528
3258
18053
4681
21584
29821
18828
1617
26351
22761
16698
27447
13259
17854
4737
2762
7814
12444
19570
18247
21719
19517
24492
8832
12977
24181
24207
27500
3113
29620
27695
21223
21059
28380
1582
1233
26780
30889
5222
25117
12364
29560
31259
4953
24251
19072
9012
5547
26966
28320
30725
27870
19390
32076
644
30510
31094
21870
17322
14803
30922
14998
2238
28531
10471
2101
23370
12189
23712
10406
22053
24107
27741
16784
11510
8238
10167
26790
5970
22309
27134
8466
19977
26449
1970
24219
22859
30926
16395
17543
13898
19213
11122
20258
20874
30428
30707
19387
18523
16684
6532
23681
22119
13617
23812
9005
1421
32166
19541
908
1181
11935
1435
6994
28343
1209
22903
24653
8902
11060
7650
6792
31654
30372
12681
2632
21979
31817
19446
24072
27487
31390
29259
792
26190
3060
10483
30640
11964
7826
8787
17389
21035
30897
8499
30276
18028
10575
31467
28960
3745
14529
20448
21004
16377
23082
10238
20011
18287
2483
31072
16314
21455
27063
14013
17325
3876
21530
28394
2920
1126
29277
18948
1877
13402
9890
30229
27638
15848
21353
9204
14751
32552
23719
7041
10547
18726
17449
29595
11576
17167
29699
9852
2077
682
6325
20358
14202
20213
14482
25651
32466
19595
21487
11209
27730
12698
23729
18051
23003
3984
21923
20068
13077
10263
19948
27733
27489
29443
28185
4152
6845
18260
2097
32487
30393
3589
13305
25531
12525
795
266
3201
19934
22915
29916
161
29094
17566
10834
25578
3070
4534
9916
12065
18215
21017
16756
21310
32677
22824
10717
1979
20163
11905
6943
28635
7239
29770
21839
23890
15506
23823
28708
29256
9831
22052
11326
29783
27313
162
6546
10955
28859
30158
25019
30159
25237
18896
26651
7862
19516
29534
5553
2408
30759
3967
11028
2137
6689
4173
13174
10538
14905
25595
30930
18050
22166
32650
27112
26187
14739
13917
4440
17071
10938
5130
31717
9599
23014
17878
5731
9405
5171
24236
7275
31099
16602
1832
3976
30677
6863
5555
9745
1548
11716
27045
18593
19208
3595
26549
11639
17045
22634
30206
5406
26919
6481
26497
21833
27623
3384
11568
4805
7023
11482
30056
7653
19732
4890
32060
29736
18519
1294
10814
19797
10704
27979
23057
22748
6718
8372
20855
30857
22952
16182
29556
9084
26346
31322
6551
11543
32061
3844
29868
13660
24921
27929
20546
27439
30790
8198
20004
5272
28802
15763
15425
10304
13414
13183
22203
6408
3726
29000
28196
18139
2444
15592
325
19010
5361
13871
15273
32523
31911
31716
22690
26927
18795
7186
27522
11304
11782
8139
24521
17237
21551
27132
28939
23040
28520
17565
7800
24447
11706
11127
11154
30398
16851
2523
6526
19833
22057
31000
18382
31869
26265
2719
15200
7245
2783
23901
16555
16063
16889
21823
7186
492
29702
11879
23523
22947
2170
27775
1849
32604
7550
10048
3051
29144
25056
15711
21942
10028
26590
8940
15029
29201
20666
12446
30776
12611
29407
18005
31421
32627
13699
31663
14678
6279
5549
4613
29321
26826
21055
28167
10056
14897
24755
12171
3302
28211
4694
12146
21250
4795
21298
29748
19768
29576
26974
13314
27769
12696
27376
2537
29707
3910
14916
7023
25540
627
31317
23513
27739
13306
23503
1303
5618
12551
399
32513
13830
24074
10650
22382
20382
5233
21305
31211
5663
9240
16554
10797
21677
18825
3769
15145
11669
23836
17041
16717
10564
18312
13166
24870
20109
17942
11946
22421
1844
7445
27748
30757
21881
13821
3541
13913
6320
13675
32390
32616
24754
4055
5212
19283
7362
19492
29287
7999
17911
30116
5568
32566
31066
5010
13695
21436
16947
3723
1081
30426
19049
6028
25204
26447
25695
6237
31469
4332
16439
31720
230
25742
14399
22278
26451
7393
5918
19025
29304
22633
17255
7045
13204
22654
27496
24752
32536
22255
26033
16944
22297
2987
3740
20031
23021
31763
30588
28080
29926
17372
14389
29234
28285
21635
5908
26689
20405
16991
2499
23971
11423
26391
9591
22558
26331
14115
5896
1915
27922
18904
18872
5291
22911
16113
29912
11164
7648
18820
27626
18712
6798
9213
31587
25479
10033
25966
327
18846
5299
7367
16842
26826
22037
8243
25395
5482
1999
16070
19073
9168
14621
15861
6340
6197
1458
19531
20463
5615
15668
5619
29001
19931
22683
1492
27562
27115
25054
24588
31422
15396
20643
14264
17840
560
11926
19672
1341
15295
25793
19253
22432
5970
29996
3728
25864
5996
4955
3785
19197
22695
2334
22622
29667
16743
30722
13893
25833
12554
18098
6841
1725
13349
14753
4553
5209
20983
6995
18475
32477
1545
18996
4983
16481
25422
24835
22665
22945
1297
7032
26500
23223
21242
5692
29426
4115
683
4988
24601
9672
19885
27831
25303
24146
15440
11936
25639
13227
28210
16273
7816
16286
15913
23658
27582
23180
16445
2518
1095
11376
21148
24774
23445
20090
18585
2984
29203
31989
31862
21398
26514
17727
11630
2807
8928
3751
18957
15792
20490
26810
28724
29732
754
16886
12682
1334
5647
9145
17174
23541
3130
16691
20582
24063
945
22735
28315
26676
14666
1372
5382
3294
25106
29056
13607
22061
11274
4154
10806
17787
29019
2982
22363
2102
8105
22727
8274
18254
15204
1606
1053
24533
17802
23867
5916
1306
988
31313
29526
11237
14017
1951
13344
30144
11365
12358
15921
18942
1743
12021
28037
7823
27323
19943
18535
25637
7711
20868
23354
26259
31499
16793
11663
7354
9097
18136
21050
8685
31086
4493
10106
9745
19313
25488
21777
27254
21358
15523
9842
17308
3202
31700
19607
9949
12326
3002
23377
27884
15248
22442
29131
18566
15034
13496
20541
8221
27346
21250
27713
15421
14573
32563
12414
32718
29238
31854
3144
14936
29871
24718
18052
11650
23427
23656
14042
24279
9605
1745
31591
22651
29176
32184
29855
15039
18542
12061
31868
27385
20943
28599
10587
28166
1949
9841
32238
18584
21609
26676
26606
6668
2178
19545
9703
14904
16794
3907
18071
25100
15980
1834
25246
14795
26876
14088
7113
25658
14275
14978
30868
30128
4776
14091
16020
27081
28932
27326
9497
18382
20863
20098
28793
19671
8415
7143
20572
28311
32562
31914
13053
5153
25186
11100
22915
27221
30995
8631
20137
4017
10784
20010
22995
24872
29598
14025
25059
32204
29212
32375
13117
7603
10364
4207
14715
24038
18690
19066
16247
1501
26192
27503
7362
23246
4196
23296
8283
18389
30876
10037
23847
24467
19992
27164
21344
4777
15924
17739
19023
25180
25442
9794
25787
14043
21955
1415
10702
18232
26777
4219
14026
17795
5881
25810
11151
22395
19451
11063
26710
14160
32102
22072
957
11646
22926
3058
8650
3835
8016
8632
29547
25737
21851
17051
29408
18337
12872
19653
20102
23827
629
1023
21462
31543
234
24263
23159
24264
3646
25933
4637
5725
32151
21407
21106
32534
32332
7355
16276
1353
24607
11645
10091
19787
17663
8224
25609
9926
19548
12058
9678
28326
32191
9219
13323
15086
24811
11944
5992
17181
26020
28998
19391
28151
30176
20144
2228
20225
25866
5560
18650
12505
25104
4546
5270
5060
535
30139
12177
7520
13667
10131
14765
2136
12112
10900
6654
26325
3731
6477
95
10896
21990
14880
24064
25443
3087
29384
9301
7720
14188
13090
17813
21578
26293
9256
23941
20794
17779
22907
6835
21088
7253
2466
25685
4149
11078
29151
15087
27008
13330
15397
24488
11407
3761
11289
6467
18032
25506
29480
10204
31315
15788
16627
11731
8129
11795
15868
1986
21670
21704
8663
16092
26883
29563
23387
9272
29193
14806
30993
6495
5288
28370
9032
7918
5190
12284
20393
8162
19844
15684
19277
7194
14910
30645
8851
12873
142
15444
15825
29928
23234
27176
28660
9657
312
24687
8336
14672
17786
22456
4964
11333
6084
27771
2416
11897
17922
255
20628
8872
7615
19878
13006
12937
4246
14097
23881
20961
16784
27059
25616
19585
29678
6600
16225
22051
27560
13934
23120
7339
24136
23698
21604
13235
14928
24972
15383
23362
16340
25511
18122
26111
22632
22534
21771
25112
10237
21515
8173
30225
8342
1429
13839
16626
27945
6328
7089
16077
15538
22334
1133
23149
9819
11530
24211
22897
850
21441
8664
1765
7005
22911
26243
32522
5787
21014
10554
28890
30425
19897
11980
16575
18524
6885
26545
13451
4756
7156
15623
17510
18407
2636
22249
8994
10207
17145
18603
5758
9208
6949
11047
10550
13175
21462
25207
4692
24373
3608
19079
4023
4562
5500
2801
6106
20334
18448
197
13407
8299
21261
21134
6340
10777
26875
10906
18826
729
23420
870
24766
30342
28541
11343
27551
16349
12932
32201
13928
4457
30081
10319
22553
1357
9000
17979
2959
22794
17679
11171
2679
5608
16229
13295
193
23786
27122
24471
5324
3735
25123
30768
28583
19595
31673
24262
30686
2872
11331
16830
19772
6776
3659
10271
7619
5316
6160
5700
18400
2306
7895
10913
17781
30131
2242
13994
32547
6472
25108
30298
5127
10511
8118
31679
877
11144
28964
19848
21980
20827
15744
950
12425
19719
21200
15814
16326
32087
26449
28896
18023
6624
13071
28802
26690
8790
20180
24311
21951
12855
15896
29513
24262
7896
32584
21182
25317
32126
27431
2163
14567
29459
26607
6169
23390
32012
14574
26
12137
13883
22080
23695
23753
13034
30945
26766
4889
21843
27959
6853
16308
28252
19525
25652
23456
4508
22324
19174
2836
13891
9685
1611
23836
3817
21736
25007
8426
18484
13333
26481
11189
22084
31872
7506
23877
8566
28514
1195
27762
18106
9569
20566
22472
17415
6586
18920
5824
1234
8746
27082
18579
22464
23762
26325
10083
22755
31532
31678
32329
16512
6869
6480
12835
24000
30773
8209
19985
2976
9109
32388
18356
10736
12468
24873
18438
25489
16163
14924
27479
20895
12298
4419
9658
18680
9450
10014
6530
26954
14211
21291
21159
13795
7330
30173
19396
12099
4346
20751
6986
11907
21986
14390
31137
18980
6417
25082
25644
14800
13509
32079
17446
15759
2505
7119
15660
15619
17916
161
31886
28289
12360
14256
1201
12871
11827
2879
23975
12101
26336
22934
30851
30628
9921
22420
22115
2161
13691
1040
24245
12961
1582
27950
3189
15439
18916
31856
4524
2660
11021
28340
8051
8741
24810
17932
28855
4129
21179
16221
26947
1654
11265
9041
27175
14242
7646
25863
32141
31686
15922
29688
4040
20047
15999
29790
28425
31567
28000
12640
3424
17953
14878
20443
5183
3803
260
13026
4505
20000
5570
1054
13263
5470
15451
3282
25955
24352
18996
14415
4101
25918
4223
8473
18506
21804
12465
28866
9708
20447
27987
12707
15498
6349
13368
14352
23918
10935
29290
27777
27899
29333
10289
29922
2424
20901
20544
5469
2515
9526
16455
7942
5055
28024
4395
8600
31618
31830
17094
15128
17953
133
24531
16844
12637
11874
24328
6348
7906
21922
25904
14419
4700
13021
22966
19500
15590
20609
17231
26276
11476
8513
30970
10890
15394
17316
7740
1438
5528
31151
5990
23899
30062
30287
15921
19913
12600
11067
8264
4449
27856
11139
6478
12243
23164
8683
26804
32599
30280
13372
20186
28664
32403
25697
26899
21403
11400
26725
16701
15570
12042
8456
1257
27887
25888
15978
16600
19953
15154
196
12523
83
8549
20244
27340
26952
622
28109
3474
17779
6985
24300
21336
3705
6811
21424
31435
28316
30446
12111
24169
13824
18310
20911
22657
4448
18778
26305
22120
20469
26890
17699
16805
21279
17671
18723
6428
14862
15364
14644
1153
29553
1881
28642
3039
8530
21187
553
13421
3836
26945
330
292
274
19900
5023
26817
22896
12578
7465
8216
11238
13962
25311
20700
19270
23326
23471
11046
8180
23527
20551
3450
31916
18849
3515
9454
17641
14610
25835
8824
18923
19985
6857
11149
8155
572
17868
7436
25754
2710
4369
6223
3481
6346
15235
17426
19981
14729
14745
5174
11803
28611
29284
26741
3960
15889
30841
1939
7097
20902
13652
31825
17535
6934
16422
3332
27211
19111
19405
17065
20480
21077
31786
23722
11403
30879
1019
32546
13643
2891
18415
19680
954
31049
28450
1110
10451
18668
7486
1418
14149
21422
20381
2916
19600
2612
11570
16980
13683
18550
20944
27684
2363
29043
9192
19560
8963
5223
26581
13592
25108
29412
27421
8390
18017
17577
9828
129
4682
14454
9459
5033
23626
6855
18620
26670
12968
4833
14518
2914
31691
23492
16424
4486
25614
31436
31830
3364
20415
18047
16934
27624
1556
29177
23239
24156
12451
14458
24547
9222
5891
18634
23044
29724
18456
7024
31452
3337
5973
4645
13843
8202
74
12834
10490
4630
24528
22070
20762
31744
2846
3155
22082
1796
7728
7406
30407
15690
21371
6527
31575
22088
13223
4829
11295
3395
26278
10460
31466
31957
12848
22773
21327
2256
23546
13553
6443
11920
22949
2717
1415
21470
14136
3854
22163
29353
1329
6076
7904
25887
1534
5229
28907
1537
31486
18643
30179
28995
10584
8168
4534
26267
14825
11562
24495
29952
11010
10270
10942
8182
6552
11356
14135
1095
31844
19167
1923
20259
28892
23183
13329
29417
24564
2008
8974
27694
25283
256
4142
4385
31375
22522
20781
30699
32717
14356
24998
9266
31940
13677
237
28649
12672
11640
14108
10979
26356
18815
29527
15794
17928
8586
8798
9407
30
22386
20964
16223
29564
26800
23516
10392
7338
15725
26496
2748
25322
7714
17347
14619
4416
6201
18910
7946
32397
7240
1007
21520
9187
32587
22325
3397
3408
21589
7542
21647
22876
12138
6412
19251
21801
28759
8807
18894
24354
13040
32351
27280
21269
32462
9543
1920
11071
28251
29697
11459
5827
25350
22984
2119
7892
20249
1992
21386
20000
24553
28660
24423
12061
19552
8219
32434
8909
28942
6071
12877
22156
18992
12726
5726
17343
18348
4152
11313
16387
2931
18200
23855
9060
24458
30079
22299
20910
4248
10073
25469
6996
32041
1929
32759
6283
25432
13637
10212
13090
3038
28062
23306
9421
26700
9283
10763
13583
14121
8043
17834
7274
30479
1477
16109
16643
30582
1067
30452
21142
14201
8756
3109
774
15693
8755
7155
18577
8066
12964
24869
5563
8838
9441
26663
3074
25781
2558
25238
20323
4391
29838
18167
12103
28166
25854
7150
30482
5124
24679
3825
32264
25911
8624
28459
19043
15844
24956
1557
27585
22639
18720
25881
23403
16835
16561
21613
13010
7702
29582
17938
32125
24555
21663
21051
16043
17587
23274
5624
5362
22638
23602
24699
19092
10264
29210
2990
9720
28930
14225
29537
12400
4830
6186
13454
28242
2335
10530
14100
23687
15081
7169
26818
3525
27932
31762
450
24872
28203
3000
6613
6939
24916
12927
22198
20739
481
24695
27890
29701
14329
9757
11722
27327
29809
5570
609
22250
14900
12610
2409
20283
28462
11336
26624
15687
12164
4300
29626
24906
10173
26094
20289
1900
20987
6705
28260
24485
15374
10715
29508
16932
445
14213
10197
19034
24619
4135
13154
30242
15124
27397
11101
18322
31620
26166
28507
5175
26747
23295
7166
17091
22076
11486
31146
1318
29879
25056
5569
14168
13790
4398
11676
22862
29731
14421
11010
12062
13853
23275
12716
12662
25665
16457
10739
7969
17647
23733
28839
17093
16762
29469
29842
16712
13704
25692
23394
29632
16093
1903
31303
30234
3050
10380
5038
28914
15182
30585
25330
5138
5293
1356
11989
20111
16729
28785
18442
25902
27486
8223
12028
28807
31508
24630
21172
7623
3912
27378
21185
16599
12935
4195
16335
5857
20470
21387
5841
12552
1481
28688
3368
20505
13350
15542
6095
2312
24602
23579
2223
4086
21794
6441
30224
12003
29070
30864
19175
6892
4046
22042
27226
31933
28841
27091
6614
8964
7585
7713
5822
17186
30733
23665
2142
4428
31241
30570
10751
2207
29619
3296
18794
28768
18930
26236
6122
22585
11785
30220
15081
24496
32540
5358
7347
8518
10135
16076
23204
4325
8797
3780
9538
8393
21207
26736
1619
29523
26833
30163
30846
29820
10571
10252
1773
26735
25594
7326
26130
25660
16458
5051
28157
22550
10445
1412
5541
7668
26742
1786
32331
13606
27210
23991
17277
8134
16815
30516
8937
13765
8076
942
11760
32568
2566
3139
25873
10322
2625
1792
2575
3052
21062
27548
19247
27481
610
2061
4795
21971
21500
28923
6592
27437
11044
7753
9323
20726
15951
13040
3459
14405
6528
4303
2544
144
10568
4192
14676
10052
23350
10485
20421
6538
1418
21662
12129
24339
16316
12301
8077
5194
2094
13905
7178
21007
32479
17603
25200
5127
28630
31518
477
13594
5053
20492
543
10241
7479
8116
7462
28861
20817
2247
16702
20744
8600
21493
13933
4504
17225
27250
7712
13110
6967
19588
8529
9931
9484
914
28601
15753
674
31760
24211
3537
13091
19994
6809
25242
1606
27177
20239
8778
18174
2949
2822
3604
31968
26860
23162
8478
27264
19493
10269
30007
26801
19465
11440
11885
4118
1819
11671
31928
31423
13599
1179
19809
17036
30057
20731
22729
5173
14929
24809
5193
10104
5265
13182
9340
14752
29467
27801
20494
3542
21857
19435
19690
2237
8132
25201
24351
30043
6691
12948
12499
12788
26700
6871
4363
11382
9830
9155
21432
17319
28817
10878
6187
9235
13127
13253
1777
31475
11013
10399
27050
26149
32573
19852
12824
2576
29869
5428
13367
29532
14322
7766
2827
25371
28233
30708
3728
21888
25541
21230
1152
21212
6620
22348
6384
26441
1899
13202
29838
31482
805
6997
595
31536
9182
12879
15145
30071
3686
14968
22625
28885
16234
8394
438
29418
24261
24284
31121
10241
16474
28054
13866
11669
17573
9025
4860
27496
16308
29220
11451
5915
29198
19315
521
31957
27888
20845
27643
7118
15979
148
9938
4777
27253
25481
5979
30343
5932
20899
9900
10984
5677
25376
25694
17537
5694
14241
2282
6467
25996
1101
2678
31626
16942
3712
21224
24537
24434
30478
17378
18927
5096
3473
28842
24881
12531
8349
21580
18084
23637
11838
586
30002
27151
27655
26263
32665
26203
1868
8474
14635
31796
5512
17082
5635
5177
18490
24229
28219
14778
12174
798
1883
4219
20807
11815
2356
5980
1457
14321
32524
9859
17704
17113
15206
27879
13282
18912
3582
28064
24379
32237
30341
4087
30771
28985
11067
5494
23767
13638
2002
15387
29349
17850
1731
22441
3630
6207
2800
21011
4852
27752
29429
30424
26191
11241
6960
15497
31524
23662
11476
32403
23574
9655
529
10001
785
11515
6736
6759
13797
7230
14541
18375
23122
18760
1819
295
16487
20510
30475
18318
9034
22439
17127
8153
1489
12280
30780
7439
17102
6523
31117
2967
21809
10974
21399
26782
23412
8222
6404
29376
14659
19271
19220
3399
26162
16583
16665
19862
23931
24889
13401
3478
13577
9589
26117
9364
32414
15464
644
32106
13806
1379
16797
10621
31889
22377
27113
1312
31343
10891
5577
4080
759
19814
11138
11942
18479
20691
21491
25513
3082
3793
24813
3496
12593
12632
29172
12172
8468
2599
17327
2833
2935
17521
11416
7265
26997
18785
16388
23763
23126
26125
15684
32703
14451
29069
21571
7096
8602
8809
16766
18018
16233
27117
13651
8603
709
28293
11889
28895
10545
32188
14291
25250
10586
4564
3436
20938
32553
24824
24047
27577
23857
19665
5778
12307
1562
32181
22577
29085
18817
22736
23214
21164
25219
14956
25619
12749
17333
31247
25769
5292
32094
28637
30532
22317
6773
30412
25853
24534
12460
29077
17907
18181
295
2275
1387
28965
22677
23019
7692
27214
7355
25216
10586
9422
11600
11724
25778
4126
15217
9404
16311
10943
30899
159
27250
27654
12174
21839
24696
3348
26869
7252
22160
19683
27985
25369
7060
10051
31006
25553
18516
442
20854
32742
20872
24793
63
16210
20015
19908
12441
29481
3939
31181
14895
14638
7267
26526
13949
10764
5487
19776
23430
21537
7343
26575
10601
19350
21391
31540
2983
13711
27423
11155
7163
17146
29416
22048
28466
4134
19361
8724
29823
31647
26272
26256
18927
23129
12779
18296
9742
6809
9345
6826
12536
24669
15724
1070
28416
27583
5833
19963
31334
26102
15771
3704
30456
31617
28564
2990
22169
32294
2447
1586
15700
29127
8319
5765
12723
30302
2772
14958
10093
12823
29959
22928
29740
14479
21988
2854
5624
16494
8527
26224
28798
163
19382
27200
31485
7812
4287
1397
20315
20454
7577
2597
27781
14896
18349
686
22733
4584
24633
21977
17571
32085
18733
32042
10141
11609
8829
18807
26571
4397
20064
23104
14758
30397
10741
23787
25875
10627
23786
8356
12161
10784
1855
30540
11447
2714
21594
23
20079
30914
1231
15310
21681
2308
3651
9884
28724
23311
29165
6421
9055
12646
11728
15901
4182
22277
5061
13676
14223
23816
4275
8645
25763
30295
10000
4113
16211
4831
29452
3410
11018
15489
21640
20519
30677
19757
16545
7216
13612
5960
24014
27933
26640
13599
9379
14899
26471
15063
12551
25673
6113
25718
25421
14499
3416
24939
6945
6142
30301
28826
29518
1325
4044
15396
27483
27915
5083
24158
25943
18731
11167
16632
29754
12491
4088
11624
31608
3547
31892
16633
15015
1574
27149
24966
30711
21406
17136
31202
22173
13729
20825
4657
19713
30376
26143
2866
5712
11555
12450
29102
11050
2726
27907
25794
5493
26370
28936
14502
12516
28165
22138
3937
17849
9472
31320
5770
6617
1990
3465
29165
32421
5143
10473
19677
17659
12440
14665
31829
3569
19415
19762
10448
13365
30787
12996
26030
4706
18609
31207
8342
4690
10850
8130
5629
29373
10954
4452
31079
17222
27944
3487
7330
32609
18330
19317
26320
13556
32412
20277
28590
11754
24491
17021
26189
6244
6784
26318
4029
17138
15061
9809
32565
15511
29905
23591
14636
24128
14490
28196
10355
29176
32117
7831
29247
12889
2049
21706
7337
7460
32760
2464
21714
24751
5999
6343
28506
2192
29416
15504
27619
12082
24825
5424
6941
10576
2342
1820
5972
4914
6145
30305
22798
15299
82
29379
31662
8050
17757
15139
28404
2272
17616
15651
21582
321
15193
13521
8975
10294
11947
15046
23815
27019
31889
6914
22397
18232
9640
5448
11089
25007
7747
12026
21101
2876
8176
4102
6961
21306
18638
27223
1486
19259
20609
15428
31095
12229
29372
2640
1667
1340
13328
19417
22708
18205
17991
17192
24874
31763
16552
31528
5015
12677
689
3990
15460
25418
19620
4150
10488
14124
19514
32307
31080
10000
31643
16248
6497
10272
5400
15331
14766
23734
23229
5879
22288
21001
7233
8889
29683
17280
7187
25344
24404
4609
3488
13212
24296
22783
30109
14656
5968
10275
11918
32559
10552
9104
21343
32019
26910
11868
13058
1314
26742
18343
31311
17877
18409
20949
29867
3921
5771
3335
20995
15956
8951
13647
20569
9595
3950
29142
13462
17820
26475
20116
30500
13424
29947
11027
11952
26471
23215
6252
31243
21434
9391
8769
17934
377
27434
24568
14915
24054
24894
21515
20343
5317
20644
6582
15280
6247
25438
11975
5123
1514
21353
19593
16232
20264
5481
25551
5384
31104
29794
243
32197
19710
5499
28685
290
4042
13104
7919
5670
1757
15275
26830
10712
16869
8582
23408
31290
28978
3493
15247
24674
1979
20482
27185
30985
6629
12644
11283
423
26190
26311
18770
2745
18307
3653
11139
7353
18503
24698
8289
15813
5583
31421
12022
23218
30427
17922
16141
11214
15017
11495
13146
4758
30273
26955
3670
13189
2020
6827
16557
2331
744
9346
31776
28319
31580
24159
20711
16617
17811
372
13976
7624
17950
16848
12684
23116
5976
31083
22646
29663
21735
2471
14238
14540
14159
29464
31132
17683
4059
5689
32509
23795
5147
8727
30647
4761
12031
9522
28526
3977
27131
31956
10129
5842
25239
22423
1776
5388
23884
13661
31848
3577
30089
3268
28117
12254
986
18192
15673
7698
2695
10541
4217
18638
14841
28106
27505
28413
27919
7872
8242
10120
8700
7672
31604
27704
27714
1275
21569
16646
4697
25744
19272
28307
10298
28929
24009
28445
21249
31536
18863
24358
9136
9519
2106
9528
1811
29368
27294
32588
25931
17234
26623
30365
9114
7347
3340
6920
1340
18684
724
30820
28737
28279
31482
5871
25000
105
13791
23322
22872
10109
8112
7435
15138
3027
19181
9727
8395
21324
20815
6673
2581
22445
17474
3645
31922
27470
22825
29902
17750
11685
18217
29422
3703
6804
14267
9751
12346
11919
19393
28483
13477
16629
22305
5192
28
1671
2807
10215
19040
25491
19808
15123
3827
4356
32332
11325
7233
26763
14205
16081
17075
5378
26960
17955
10258
22589
18993
3553
25526
26404
31558
28570
9268
27405
32643
21874
10680
12185
3035
12322
24306
11901
18587
27078
9567
13191
26291
32087
31009
902
11042
267
8173
15491
13004
189
7056
7747
10026
18622
4444
20848
14391
16131
6960
10080
10185
17759
24051
4253
25674
12385
11894
21377
19029
2854
1597
1408
24437
4316
27530
5926
9893
4341
2603
103
5011
27957
13149
24997
7718
20649
13572
29784
3977
31104
12791
18472
13331
6989
5858
21522
26959
30318
22116
6986
32271
31148
12950
6767
20829
561
27356
5430
27129
23382
21546
16071
32743
28145
8498
27099
15134
428
29314
30758
17544
969
5535
21883
18127
4576
7824
22189
29459
24696
17115
22977
27422
8481
25144
27393
16357
3890
9048
24571
12428
12918
16495
825
18669
19434
20952
18196
1107
8621
17167
16759
10735
14951
2323
6520
14911
26227
3378
19233
3273
16493
14171
12306
4482
5831
16000
25495
15955
6786
23397
22395
7781
17976
18429
5380
23537
8575
7072
657
4049
20792
5068
478
29258
23640
22508
26679
21680
31434
20155
8848
412
3664
25825
12909
5730
29557
24600
31558
23225
18109
13340
19770
15225
5031
3188
15860
28577
6797
20814
20902
30447
26234
7807
4671
11976
27071
18655
17844
25537
30326
3061
23599
22304
28776
15366
358
10626
7923
27130
10262
3327
20311
19051
6229
13205
21135
17624
31556
14569
15984
18134
13855
19694
11884
24353
8623
12906
26829
30526
21590
12625
19568
5232
15439
2401
11887
4908
30527
10579
31857
24291
25015
14040
27560
13229
24669
24976
21884
29876
11427
21566
7499
5850
1122
826
2764
11750
32112
28653
27445
14317
30012
25653
23717
10988
2670
27161
24275
19837
7370
29248
28055
13633
14526
14529
14068
13753
8609
26335
7771
23548
24945
24253
16518
19970
22330
20955
17574
19258
27960
6973
10818
1726
10316
7433
16476
1505
29048
22571
29548
21013
25980
31359
9896
2531
30524
20558
7070
19399
4116
8345
4166
30490
22621
4589
31757
30170
1417
25893
16799
1183
15681
4463
8205
12517
3835
23622
22440
5827
9695
24188
10324
9305
23100
12443
27798
23365
30014
22743
1073
9172
11009
20287
10781
21458
17215
16868
7269
21454
23351
12258
15695
471
11941
20229
26330
21549
21316
24899
9896
24725
26672
32412
26063
2737
7859
17669
16917
8102
7992
2382
23968
20345
20733
22908
15231
30635
4163
32749
25256
8385
1125
1167
16618
3794
32663
23870
14947
28249
26010
24534
23849
1116
26249
12816
7732
20166
18658
22230
11093
1084
2834
30830
13158
8132
4035
8019
9915
345
22777
4617
24096
22171
3729
14962
31394
14488
29259
29564
23155
14418
912
24042
18357
7147
4749
28935
1938
16556
29899
13425
13275
28387
30246
366
1445
9825
2493
28869
3594
11570
15957
6576
30168
30339
277
22606
31779
32638
2168
23853
18757
6982
31849
1733
9892
12502
13717
27366
17239
32185
25952
9701
6155
22529
24579
25720
7510
11847
9804
32245
8891
18601
29979
28333
27051
24361
13882
30186
30248
12463
29143
2692
8973
25448
26510
1128
31490
24937
17750
17661
23909
15626
10076
30491
5954
7613
8894
1248
145
16586
16201
21860
29873
30976
25425
3136
26237
11573
20327
16405
20954
12574
32633
1478
10444
23648
643
11541
21367
4343
8161
11846
8745
27743
2231
7819
21994
19347
24070
21375
3919
6433
4130
7486
21208
12396
29555
23833
25214
27909
26041
2037
13128
12281
21816
31793
21679
28644
2164
21699
14877
28351
11735
21282
15207
19821
13064
31897
7668
8512
12420
31372
10327
10590
2526
7283
4862
19617
21217
32645
6979
32408
8180
14646
29801
9304
16641
15578
27359
22919
2530
15430
28896
20348
22426
28088
25744
18263
26059
32668
21768
30739
2431
5189
7058
17810
7856
1518
32501
12101
2298
3664
11464
32025
25326
18848
17317
31289
29397
1922
1579
5106
22696
19915
13077
8226
11990
32333
28411
23673
26660
24332
30021
16067
30659
11480
8079
14314
18550
28737
25735
10923
12048
24860
31765
10126
4334
18282
26398
10540
21265
1138
1400
5939
13998
12866
7594
12792
21409
19980
22257
23024
25093
17310
16661
12461
1576
5149
31350
24426
1405
16745
2745
15947
22113
29521
14557
13702
20140
18023
11535
18218
20758
16693
19754
32345
32152
9403
4732
6141
19201
25079
30036
3198
20876
30303
30552
1721
22416
22307
24154
10067
28290
5828
10603
27013
29275
27911
1555
16865
26475
30440
5110
22424
45
6331
12479
14302
29488
28267
31921
21689
29993
21708
1816
6208
5794
26099
31566
16307
21293
29088
16920
27071
25738
25726
31578
24110
2417
9510
16847
738
29911
10994
21496
32456
19098
21739
9858
17258
22348
17487
21652
585
15133
30003
18213
10607
5106
2613
32665
9691
26128
5140
4798
20738
4250
21213
32303
3510
6482
13705
16252
5548
15706
8465
2199
5470
12958
25311
28749
32606
11625
13619
30384
13969
21845
10542
4033
17262
28716
21449
25350
4255
6862
28286
563
22092
3286
29166
24249
30102
18376
3754
28339
2551
3190
21162
9212
494
11344
23914
7645
22491
30429
30103
29251
18939
28120
16840
2493
17305
20306
21450
23357
917
2391
13207
13469
7379
353
5779
32392
12823
16509
1529
2036
21203
20494
10427
6027
15793
404
6837
29771
22366
16419
15686
28494
96
10367
3177
9003
20597
32008
16564
8841
3007
25269
32338
2658
8410
12294
13295
6153
30642
1211
5747
11625
20916
14531
4906
6927
2007
6876
32595
17290
29668
25909
13037
8826
1127
23929
19648
29764
21984
8715
17568
10406
26624
11211
2270
6507
7613
28811
30351
26627
14536
469
17066
29427
24870
23344
11958
15515
7259
8494
25631
4593
18924
4378
21792
10453
30615
28214
26221
10330
9917
31922
18506
11037
12264
1936
8927
29340
25906
31680
12069
7117
18470
23024
29149
18580
22208
17678
6310
9159
10855
32259
4423
31327
4483
19824
1935
4480
18114
15648
19849
7844
5347
31255
7545
4433
15037
29266
17132
3542
30319
20886
22999
2876
22650
24962
31340
6616
29723
4793
30416
25816
16840
30486
16753
28081
10620
9033
20639
7701
13952
12673
3882
25159
20516
19217
23239
10753
1476
13777
14254
11112
23464
26508
15835
12547
14196
12040
11926
7261
2595
31665
24850
22647
32107
9051
20216
21911
4743
1195
23439
24322
29432
6214
21826
1386
4441
20324
2545
2945
12718
11929
20281
7621
22837
27528
23248
31564
21070
17457
21713
20678
26474
4232
450
22462
14597
29348
5058
2760
18436
5122
14044
14170
804
12933
5031
23285
841
20582
26461
8865
20126
24987
31241
11475
8997
5623
21897
21870
5191
21215
16782
22146
26085
2349
9693
27022
12998
5548
23225
24936
20922
26195
16749
30949
8112
2303
16442
22314
937
19238
5147
13464
9227
12453
24921
14864
29956
1683
16598
3468
27239
2728
19925
15564
18986
13789
8968
17180
27889
27839
11131
13156
9499
15868
4085
11119
2584
25550
21976
15746
32705
9532
30667
17248
8741
15678
21439
25598
27908
13764
17974
6386
25492
5208
15415
18799
31625
28193
32190
2942
32701
20784
29390
6700
8307
25489
9160
14548
633
8559
197
27273
3416
31614
2356
22701
7207
18435
16476
15863
24866
758
19284
9027
30756
31519
936
15554
12703
10906
11381
12455
17297
14591
31165
13409
14000
16138
13631
15459
27936
8325
5058
25994
7689
15148
8261
29917
12511
15940
263
9203
26964
11634
2434
13927
21284
14209
11714
6716
21156
28664
8709
27418
16279
25302
26748
13022
15129
12757
321
11176
8010
10595
20905
16350
746
27888
17197
18903
5660
16323
17069
8980
9714
577
607
14859
5353
27258
19157
1494
20745
28550
6397
20431
23668
3308
3546
24645
23393
32203
6675
9510
19657
6790
16534
24668
21012
5139
28750
7645
21022
27779
14130
15462
16167
16931
30819
29750
26344
6415
16542
16585
22571
18124
23806
21476
7168
10893
18989
1191
30775
3518
23828
22758
16475
18380
1270
32396
28952
19700
11406
26002
24890
29637
10195
30488
20130
3469
18354
23194
10790
12844
14866
3990
30825
11858
10702
21630
16792
9816
482
27180
24017
29545
5117
14411
32621
13536
7001
683
15435
24637
25935
31970
6639
2634
9503
16940
30618
25162
24908
21420
8490
29468
28860
24448
24340
14664
6183
21987
23476
3270
8662
24858
10950
22035
13971
26589
17044
17025
5967
16359
22854
2563
20422
2097
12037
24417
21985
5951
4791
367
16896
29031
23994
7815
13608
31616
5855
5611
1334
13147
28603
31851
16177
22410
21021
21090
10230
32076
15897
23664
18056
13546
28294
10187
613
17995
23067
21134
11566
12382
27142
24034
18976
26116
135
19057
28423
29847
10337
20786
31752
23597
10657
26976
14179
8107
23788
28452
22437
25495
3456
3149
26830
9618
27414
114
12231
4231
2513
4941
8313
23606
710
13906
23765
24967
951
26397
22233
8116
25997
15980
30873
25802
16313
29818
7944
25356
2193
788
22641
6098
28773
13384
24932
10233
8953
2070
13876
9319
21621
30415
21266
18191
28850
8467
19787
3190
7819
14901
9578
13753
13846
27746
25423
28002
4425
26007
4569
30741
31627
24736
1577
5592
1404
10689
17988
1935
30905
2406
24235
11384
21294
26368
25468
24930
15157
10198
28659
3363
23748
8678
13016
30026
12221
9133
2529
2968
23407
13341
7602
26433
19939
11787
17295
8811
17660
26950
30402
13082
30442
17471
19594
14130
4833
3094
30411
20801
9975
13780
17713
5288
25542
17709
23584
4161
20769
24914
2729
22388
23596
25564
26399
30872
30422
29092
4577
29517
7774
11729
32276
21581
21460
11662
18657
28538
14207
22086
502
6540
2388
3145
7359
22017
3279
18365
31521
16111
20311
28292
5712
27446
7197
7302
31782
32315
2432
14027
4562
574
25919
32153
8138
31321
397
20017
15153
24903
10248
18708
10700
15186
17131
6187
13441
32574
27778
2214
30832
27524
31513
32578
15599
25811
26778
172
24862
24144
12599
657
7189
4316
10676
25799
15892
6280
15003
1666
6381
2350
29202
11744
23529
5744
19302
2244
17894
12729
30037
4321
22315
27832
32508
1955
7915
8827
8873
25993
28211
13410
9865
17697
14669
16012
1050
67
3717
25353
18829
23831
30228
24193
10170
29216
8057
31972
28536
1978
8362
15803
8514
9735
14951
20284
11216
13125
28763
16288
4435
24297
15797
28255
3809
3435
10478
19840
20091
20350
14556
8623
2062
14821
11657
3556
10946
24909
1809
3479
31449
15890
9888
7262
19383
6292
20975
30461
25499
8570
24202
23750
32022
17532
24460
21566
995
19965
10518
387
175
31096
17887
31871
21783
20049
8896
17306
6361
13712
11739
25999
18991
883
1704
171
11797
26534
15805
29017
28734
15169
1335
14442
17084
7118
8816
14309
17387
9963
20061
16795
14603
13208
9708
5668
849
15588
231
24056
809
14814
24605
16202
15344
17458
25867
3312
13187
14342
24131
10614
21463
29677
27758
14591
19322
13398
2064
28783
22209
26507
23639
14989
8839
32439
8719
4732
12953
12024
2614
10635
4111
8763
30257
5305
14547
980
14128
21567
11338
20391
19275
31589
22303
32253
944
5699
30166
1752
23992
10798
24883
21956
964
7513
6353
14417
31718
15218
10369
28910
15116
13476
15076
22844
22184
24131
13859
11191
677
3194
11474
17623
17438
7868
22283
27561
19307
26665
3420
16891
16960
28110
25450
14063
20479
24615
12333
5983
12431
21113
24258
30984
17602
23302
30683
17836
14950
15510
13590
27632
15982
6995
4028
32144
2678
24385
4042
10630
5585
10540
23448
3869
3353
2031
15188
25730
8843
10807
15304
1828
2262
13784
3750
13887
22339
8650
28192
9779
20451
31942
32372
2638
12013
21177
3565
32446
22564
17957
6216
15550
5276
5536
9911
1409
8712
11761
2201
3044
13513
3739
11183
24226
25063
31292
12590
28388
20688
12309
17645
16653
5034
30041
13749
8712
17960
31949
1616
8018
9765
27899
31792
5550
23522
1056
21976
29163
28237
10216
8218
14202
24147
600
31379
30700
23196
3133
25974
29799
7289
30979
21954
20526
15211
17061
16264
30898
30084
6880
6527
29219
8869
11404
15583
3962
16357
8978
29244
32473
9440
19669
2790
21550
10455
16508
27725
12904
11798
11633
1830
8277
21957
22598
21580
21103
13921
812
12635
18744
16190
13300
26417
21846
32728
20982
12341
11538
28301
11889
3234
27039
17612
18461
5483
3702
15221
27823
5361
11182
28410
18498
19924
19679
12085
11935
227
25044
3802
4725
13288
3801
22109
20521
30115
27645
31065
22582
13527
32570
11485
19107
22819
4011
31145
24723
11427
14935
23783
14811
9227
25217
28530
24577
16679
12095
15644
6603
30303
14006
7717
28313
13440
4792
15192
4301
11658
32415
17789
32116
6866
7593
15858
12433
8293
27127
9334
1515
5114
5213
8698
18476
29822
22418
3215
16442
3528
20226
4090
18334
56
22039
30678
3788
12416
7706
6917
8040
2302
31543
19654
17120
31989
19507
5600
5012
22628
11608
91
1493
17296
1482
13190
4853
26460
10971
2116
28280
16099
30083
11621
30391
16903
31568
12081
2721
13390
16328
18
32020
16763
29143
27364
14073
21082
2921
7894
10447
26538
19289
23489
24634
5737
3214
7463
23935
6660
14835
25498
23244
24692
14436
10866
17734
4282
19228
11154
17497
14720
32023
17256
12941
28082
4122
9138
8069
1455
7319
15616
20862
16761
26586
7920
17313
30082
14285
24114
8265
4105
5
1193
6317
1051
15676
6579
19450
17377
25794
2649
22882
25595
14994
29774
26699
1365
313
30102
16587
24621
13518
3309
12261
16114
6402
12805
28574
1347
7830
1433
4455
20358
3338
7979
2700
9826
11560
14053
25755
6807
12088
18869
25325
12754
30719
21784
21297
5613
18390
22661
22268
22776
12068
11426
29243
12587
32762
21565
6708
6262
22474
14611
350
13234
23046
17820
30345
14227
14823
4703
31487
14735
22948
6696
16212
14254
23334
6403
4853
22284
23829
10623
17096
10577
3588
3410
28872
12884
1038
25212
18390
2547
26322
29746
27202
23429
8546
18007
6412
23588
22503
27636
8422
15031
25239
11696
19924
216
17914
20499
3645
24993
4924
995
6662
20135
18239
32187
3057
32236
16009
22528
29816
632
24574
1287
15296
27440
27256
24673
31442
9683
19875
18041
20423
14749
30181
15778
20499
9127
22514
16096
3520
25734
18670
23080
30336
28436
23742
30865
26394
3964
28295
21490
10070
29446
32622
258
26554
14587
15304
31822
22429
25701
25703
16522
12222
5869
26771
17365
14734
13458
19120
1382
31011
8954
29969
27602
4175
14250
29251
23799
30747
32527
20658
10967
22642
30334
21850
8270
4362
14473
20904
30966
1185
28227
5121
6760
15152
22691
24086
22090
29796
8340
12918
25686
27870
30180
12786
1313
28915
29634
31696
11168
11807
27459
30351
3786
9426
25387
1701
31500
4356
4358
28955
18791
13172
22730
7631
1028
22199
13741
16465
27691
10324
22111
24077
21796
2792
17356
23053
23926
14592
14296
22973
23333
24207
30012
11125
24041
9721
26682
2072
4008
30521
31200
24368
8022
22059
6543
12542
12787
24477
19890
9797
13837
24415
25428
9763
16208
23056
30309
21592
14847
26468
15433
18599
21347
8520
32434
25947
12595
19763
916
16466
10129
31459
21440
4328
92
11411
13892
9711
16931
26900
12415
8181
58
24658
28287
5931
16945
5999
17932
12594
16859
25434
4725
11184
12896
30601
25539
17430
16261
11777
3219
15380
31976
29666
26563
16826
20400
28626
15412
32572
28184
32192
2503
13059
29733
15246
28997
31014
8474
14872
3589
12989
14097
10889
14546
8457
22097
5591
21763
10296
4968
1103
24656
22058
31478
27405
2930
10797
20028
12181
26445
30046
6521
17418
9814
8170
12388
3978
29708
30751
19323
26026
19029
20151
5532
17289
15459
17968
24941
32244
9337
3895
18776
5552
12580
13920
14050
31798
702
4959
20843
7446
18895
1118
16873
15236
18621
22289
30890
17822
3371
7712
3590
13177
27985
31414
14717
13500
66
9081
14454
6355
30013
21342
27551
25614
25643
15127
12652
31084
9468
28298
29434
7004
20366
24350
25931
1431
26948
8207
26404
25181
11038
28125
13308
14093
19267
20385
8789
10011
31999
18101
10330
17170
5803
16947
18374
27316
30045
4817
11622
391
25170
20917
5922
25083
31634
26941
6769
25184
3453
2890
3685
31745
17547
21041
18531
24457
15836
23632
4010
18328
24133
19221
32334
11603
22898
25576
30282
26774
22653
18484
32236
4411
23209
13480
4880
15362
135
24174
3135
10539
8916
13275
30379
26572
3362
25632
20250
7035
19560
15928
12192
12915
19443
13356
19476
10208
31256
10537
5753
19282
4546
21896
31963
27760
17273
6955
12135
6559
17624
22222
3857
20626
11525
10339
10691
2208
19483
30963
16056
14885
16526
19360
22541
23096
19307
4326
5558
24203
14593
6321
19394
2245
10897
26459
10003
28770
9990
2936
23543
163
21361
20865
392
15431
11649
18647
32758
10635
7273
12255
25195
16580
21897
5496
26953
1555
21895
25951
31803
3119
22550
5872
16031
17568
28081
30674
10646
4899
12227
11105
15916
29601
15381
20998
30099
6788
5795
24946
17318
16237
6725
2384
11987
9075
23931
28524
31650
28914
26393
17350
13016
19075
15127
16603
5626
330
22353
10131
4254
3164
22242
4632
30416
27998
23446
17895
4891
12736
1383
25654
6944
3789
18988
8862
30043
706
14622
5930
11418
4834
28468
32591
10650
10
4548
18862
24172
19373
5604
23463
6860
10112
16913
19224
24421
5441
4239
13937
308
18054
7188
30414
28543
5228
24900
28016
26494
4834
11925
30202
22018
3470
28792
2126
4537
14226
25120
4738
10271
6110
124
21025
22684
8779
9464
24077
21268
1289
5719
19187
28309
27147
23583
22207
8449
15745
26384
1699
1799
4973
12216
24796
12627
19556
14200
15686
27154
30519
27850
5037
12331
13999
25367
14219
29965
26975
13570
5336
4507
5807
24313
10853
31902
20141
29065
24529
25517
3580
8304
21022
27266
20396
20973
18258
28182
20066
27313
2489
30587
2863
5507
4557
7654
15544
23944
18917
6708
2297
10770
5243
17530
19011
21820
24889
6337
25396
6975
19586
1441
31847
29356
23157
30338
9243
28057
25961
20414
31289
4424
27173
962
23723
25766
24320
19090
14521
3359
2494
14165
30171
6453
23379
13766
20789
11271
9860
19030
7749
20364
5380
27784
24758
16325
28645
7563
3281
27097
32018
18046
2703
14873
10996
5425
2707
10814
5924
5299
32568
7444
23817
28057
18833
3080
11163
19917
1912
15791
28773
28063
10079
5958
11576
8470
27802
28865
31792
19743
24925
7439
14181
8610
826
4957
19579
27993
32055
1126
4531
14626
16526
10626
9507
14046
31426
17330
9160
19474
10952
16545
30209
24891
19006
16085
24145
32700
13450
23915
32022
17675
15195
30653
8927
15018
31645
22246
10068
16355
28438
31479
10069
21845
16029
31246
8516
23493
12156
6077
16617
14259
27555
2682
21977
11365
3755
16200
29929
14633
4698
25597
21781
15690
6357
15173
7727
11322
12974
30463
18102
1088
7885
5165
6818
15620
17352
32249
22953
18386
23038
3954
11851
29843
17777
11584
20970
21126
12375
31810
300
10254
22957
14190
7073
27502
30952
14166
8392
25042
21129
3257
17859
24807
18784
18779
24377
27342
6997
7279
31622
25298
10120
26347
32618
28407
22674
25740
20036
22854
21085
28240
25355
1829
15958
26484
2761
29135
16516
28345
28868
18847
7301
28091
30444
26551
1123
10998
4672
709
30381
608
27259
927
11948
28184
5702
5512
9356
16011
3249
15871
11814
28006
3677
30377
8312
14609
28916
14039
28942
25083
27205
4281
23642
28464
30130
3303
19771
29378
19201
20718
14015
9292
24581
18073
305
22084
13964
14105
19485
399
4810
23400
31551
269
28376
21637
10783
19523
13663
18913
18753
11722
32131
7842
2254
8601
21476
6076
20729
5783
3460
3813
20228
26167
9582
2057
26199
27300
13975
12305
21722
4203
14096
17119
31195
12016
16004
4642
23042
16649
14538
32702
23449
31366
13020
26476
28207
15126
11372
31271
12865
28131
20535
3796
17083
13445
3365
7783
21727
4759
2509
2092
11801
9369
25005
24002
3621
6316
27536
22485
29402
32083
23622
2515
15151
28772
15489
15146
21779
10362
13236
15589
9759
31890
28159
4131
31100
31966
14060
9183
3272
8406
20920
6753
9666
32181
23867
27123
4958
18487
7910
813
22631
1222
3067
25381
13835
29529
24181
22389
17448
17406
15823
4991
5447
31230
9812
30496
11695
3915
13374
31686
536
10092
19530
14950
8062
16853
25590
16678
5818
18437
10596
28398
26135
8676
11195
10503
28846
10365
9874
10552
5286
18841
12503
19878
7017
2458
2436
32577
5742
16094
7964
17749
13982
13598
18707
11915
1109
14459
23226
4568
31468
11882
29324
23067
15421
6038
15385
14165
791
9286
16862
3445
11813
21605
27344
16470
30679
11956
31299
30017
1442
16646
5499
26027
12965
6228
17375
12445
16113
21357
27133
21380
26723
32028
15786
13514
9898
6167
17556
1883
6370
28282
31846
16440
17444
28691
29994
18185
31449
3284
31975
23486
9171
25447
28471
790
15453
21499
6158
3491
13833
11434
15513
27519
1589
22556
29955
20988
17335
24849
17358
5339
19339
16052
122
25154
12545
18002
30757
28875
16211
16018
23460
20502
21673
20495
1479
24045
5713
22846
4365
2400
21821
19286
26926
25941
18372
26294
15164
26973
8929
2027
31665
9584
1237
21551
25941
13144
21086
21362
18280
20591
25795
13329
24217
27700
8150
8614
29771
24953
28657
29796
14201
928
13075
32081
21031
29930
28611
6808
26643
2831
24949
7177
8320
30073
14503
22043
20487
9752
20969
23538
24954
2689
21445
3485
14538
28673
8229
18968
10249
9892
24371
17123
31029
6128
7072
11183
2747
31267
19437
4721
15029
1270
32413
4278
1225
9174
25153
21896
26750
17504
28406
3000
1262
1376
26819
9726
12128
3979
8305
24654
16055
5268
29588
28108
18429
15314
29608
5386
7128
15089
831
3391
115
6610
4972
18962
23461
24449
19887
13203
12678
6925
7689
21287
31209
9008
28266
6643
18381
10719
11524
1326
31916
1338
32139
21428
283
1471
4533
25585
2184
32361
31932
1512
23936
16924
8204
10919
26967
8157
19396
31565
18661
30122
8330
11680
26495
32344
16675
21621
8459
23699
1419
30450
10957
10726
23624
19825
14775
29226
24110
24163
22936
6120
14443
867
22713
29381
31328
4439
7602
23097
27610
24771
471
23110
9774
25857
23545
24213
7834
31919
11247
28722
19014
26233
3141
9124
26906
27800
10381
21252
26158
23346
8819
9093
18739
3466
10012
23201
2742
6504
30803
11888
25876
3119
11550
18337
10708
28573
3144
2728
19082
7571
20857
17980
27753
29444
20221
20923
26051
24242
7955
4338
2785
28378
20771
8561
4602
17438
15169
24726
23845
25641
14297
26628
3880
4938
10886
25589
23745
3815
2029
29288
14394
22899
11496
17080
11417
27074
3385
16343
12531
23109
20614
16529
22951
22843
17104
23927
19394
1698
2450
6052
29626
8030
18806
4020
7966
9766
6221
12986
21220
11454
7567
9609
9768
4932
26932
4929
14462
24970
22922
25679
25435
6074
10356
18386
12132
16007
14101
549
5333
23509
32404
3374
8308
17408
24355
6814
3115
229
5210
16305
2457
9824
30242
4151
4054
16619
32612
28004
11546
30047
25209
12829
22140
2798
11890
16391
16402
7612
23856
30101
23594
13517
14896
10647
28027
13985
12570
6909
19953
4041
4607
14605
23957
28069
32146
18246
19409
2785
29066
12048
24452
13624
5634
14993
2818
9292
32067
24022
31546
20500
31704
17706
14733
23578
1682
9975
13143
20911
4171
2210
6445
10200
28475
23560
8679
9981
23752
13546
6096
27771
30634
4551
8296
25605
14009
11510
30386
21689
13011
23557
27109
1268
217
4190
3968
22762
26403
27186
29805
29
12471
14013
7225
12237
10655
24666
31764
888
19993
29140
20025
19854
15083
19123
23552
15049
19667
14573
12413
25678
29154
32131
16844
21914
29650
20395
25333
23870
23367
28812
9733
17434
3657
26359
23821
10390
13472
14489
13286
32377
5349
22617
6446
21869
1694
29557
21027
23679
2039
21322
5748
12265
13499
6452
22734
11074
32517
19889
1656
3307
26268
9016
475
1341
19046
8608
13214
14216
8458
4724
10375
29529
23048
20527
841
2516
30986
32359
631
17070
9848
29552
29868
6627
3101
19344
879
26220
7506
16982
25630
30560
6958
22064
3456
5798
21291
10155
17997
31617
19801
22220
9673
23812
19778
4478
21132
21429
6213
30915
11323
26924
18650
31183
12708
3906
24652
9611
23995
12472
23498
9116
27538
24878
4809
20330
8863
688
4879
23943
7029
26871
5385
17819
31814
20222
6179
28253
22104
2826
23122
12985
2561
16938
232
17390
8156
13722
30058
938
32237
32257
10334
21408
4624
27796
27703
21270
6766
17878
22865
3732
1411
19085
29882
9150
21483
3101
4199
249
20624
18619
2036
3846
17221
3885
10775
28893
890
26173
16672
28607
31023
16431
22369
24689
8027
6682
28745
21627
32216
16521
10349
3612
5936
23938
3832
17610
19091
8082
18697
30030
25157
25939
19164
15762
18449
17563
1858
9525
12970
17975
22056
12781
25814
3213
23249
14969
1188
12586
13813
10972
10229
1764
2032
735
1405
19109
1982
22039
17686
15188
23721
5194
11091
7656
8497
14176
28547
21450
13461
2385
3666
3038
24762
18148
24318
1566
17740
32664
22406
6493
10147
10922
25191
19160
6535
13037
16680
14471
11648
20201
20213
30778
23155
29587
22489
21437
8692
11641
4920
4692
21581
23983
31442
615
32510
28118
21932
17684
4898
32036
21508
9492
13198
18528
23924
7584
19082
7566
2548
21466
912
3861
12826
13482
3758
30474
6326
18182
9534
20960
8874
777
24767
20514
24158
2732
4535
31635
24129
8562
2238
8096
19673
11005
16909
16571
5180
9968
448
18093
7136
12224
28309
31734
22032
4311
14004
3574
19911
26797
24167
17870
11306
24732
21754
20567
748
2783
15291
594
30994
5784
23234
14722
11059
20835
10222
12989
5257
10225
3747
15329
4424
775
30349
23432
20734
30632
25888
19459
16153
403
4696
18383
11393
26785
5218
359
30987
30683
28163
20930
3454
11811
23575
18761
15874
6415
22367
11311
2802
18664
10107
28439
11807
28239
8790
1897
6794
31695
31355
7312
21113
29794
15165
29238
14562
6347
30269
11233
17185
2517
19473
12864
452
4819
7052
17879
18010
29050
9188
29020
28497
1283
9759
24011
19539
25538
1724
25212
11048
1626
29126
17495
22078
28820
2296
9993
23932
19312
22520
21835
8034
16760
8749
326
32674
1198
7463
23177
21120
29250
13066
6043
12519
5176
24030
195
22100
29680
5077
29851
30312
628
21902
7105
8232
6752
8176
6179
24984
21583
2266
13145
5877
16606
28558
13207
30979
4004
30741
11963
3639
4396
4158
15219
11677
20719
16078
2173
21197
13700
22910
19207
11064
26869
18421
23357
4828
8799
18321
28343
25185
10257
9175
4059
6843
3691
20455
3229
7067
14980
8507
12815
30595
3158
5576
31521
14986
7521
9544
32326
11516
17462
23807
32569
31941
26124
22965
17935
13527
3227
24597
22464
26011
16098
10750
7465
29089
25671
25722
19554
14522
10873
8172
2767
29393
1539
18222
16374
3794
8941
32007
5502
364
32543
14433
26102
6149
19176
7732
23672
29342
15028
24102
14503
10759
3953
17937
31403
4343
30542
29862
3749
14504
1339
5613
31272
23224
24929
30537
23206
30357
8913
31139
31883
8704
7344
26298
27674
16936
5020
28938
259
10615
24816
14776
32003
9469
24187
22537
20454
9418
10419
9547
12014
31545
23911
9598
12633
16611
12719
23236
12105
28143
30908
4616
31571
4566
31599
29700
30633
8391
2415
2687
407
17494
3516
11618
28180
2133
22612
32719
14307
14069
3171
13252
5522
739
4422
4619
11694
3034
32740
2114
20206
30184
22179
7079
1162
17468
32651
2435
2853
31436
355
10744
26257
5677
29382
30400
28123
24305
19199
22806
27723
29441
1034
14830
14517
24165
31268
27737
16857
5871
25523
24721
5757
28909
16285
11011
22866
22555
27105
15091
8147
18156
28347
11367
9347
32521
463
19262
21426
4195
976
26330
22025
19027
11767
27509
1048
26642
7879
6147
21794
24052
23660
27543
26160
7620
26452
27087
2401
3661
6886
4735
11169
13987
16620
12956
18940
2372
10183
12912
3492
15410
23658
23104
7722
24343
20552
14402
15053
23359
18876
298
15969
3175
28527
21142
11399
5086
13619
28718
32151
28365
27394
21448
13502
9419
25119
5315
14759
30038
25012
16389
6384
9509
7562
6286
29953
25076
20651
9498
24112
27368
2315
7025
2654
259
6011
29594
32520
21676
23865
3044
9776
3095
25222
15669
27409
20400
24378
20481
21459
31912
817
23568
28873
20587
2684
15643
12732
11459
27316
29530
20878
12584
20780
28260
29398
3156
18221
19605
1711
12310
9061
22801
19632
31295
19570
32557
4815
19710
10403
3568
22760
18342
12410
6981
23103
7248
30444
4658
27161
19192
13432
23286
26194
12825
7752
17950
11106
25807
9396
19832
29346
11239
17735
18840
19142
23256
3207
15664
29451
11103
8591
31605
2443
15731
19166
25886
14397
24993
7839
18077
4218
4858
1062
27292
28425
7820
15941
17219
543
26260
1039
18486
18797
8301
18394
28627
467
27272
18158
12526
19979
30094
11441
1426
21618
30827
29017
420
13248
25519
23301
13723
12634
1997
6091
21847
21315
17110
603
16619
3644
25934
30588
27396
15508
9335
1350
15665
27969
26774
16203
19219
19784
20060
22815
10537
8060
3763
6590
9294
12619
6144
12709
26409
18804
22444
12271
23149
31514
31648
30862
11909
2476
986
13675
3559
22057
30844
12074
24103
2174
21526
8956
30067
11912
12140
28138
2653
23297
2796
12349
30657
13067
17456
1816
7265
13465
3521
17049
3186
22589
19046
9162
32461
23469
479
2216
6597
15038
13045
22236
25198
10887
1443
16269
30331
27013
27366
14815
30697
5717
2534
24565
26925
14778
11389
11029
10158
3771
31374
21187
19947
20244
19280
24444
6726
8106
18704
21680
9976
9613
26038
5787
9002
29194
388
30983
27002
21631
22023
15142
11144
2428
30730
8145
25248
9035
1602
20619
22994
29638
17992
8711
3663
8973
23151
14116
5627
533
18547
2809
31399
8613
11096
10663
25252
10641
16371
30639
17853
31150
27666
6653
8720
12261
11362
15839
15467
15620
10823
1906
29068
8998
513
23754
2953
27822
22899
23409
26527
3897
18413
9795
10077
30719
5447
11967
29847
575
960
5509
23517
6935
23060
24806
16811
7481
9970
6994
17342
3414
978
16297
10455
19084
5509
1441
13826
20944
12056
18742
8213
21909
5733
26613
20812
1570
12249
10835
23741
8188
19630
22170
28692
17314
26041
18880
1870
5032
30493
21345
1954
20854
13759
15795
28503
20214
24662
2498
2110
13112
17181
26841
25045
16823
17827
12165
1573
22416
30320
15194
12842
9638
5580
24731
6639
26430
8
16648
18604
24510
3048
9453
32379
29174
21149
24629
22205
30241
29503
2673
14422
8025
3616
5904
16331
8036
23355
443
23935
5829
15274
3750
3571
3371
17548
24049
13437
28360
11075
7803
15588
26922
17024
23997
7883
21622
3678
21698
4739
20981
29362
4253
30231
23449
22357
27703
11214
15175
18193
20636
28099
4790
17906
30957
4258
4381
12900
4503
22530
4352
20976
8796
14701
7027
31246
21178
252
17325
11303
11482
18420
31376
20403
6749
1836
20641
17485
15841
27464
8603
12031
9371
27015
5397
4224
18737
18331
31390
10801
22876
12705
32764
7065
3073
18688
24087
27967
7551
18082
24667
11345
32024
3799
26558
12273
18543
769
21736
21145
29180
13417
20740
19245
981
25306
31784
28094
26707
23063
147
15557
16271
12555
2991
6754
23316
17667
2951
16791
7536
17730
25226
16278
18330
933
7065
19009
32459
18414
1794
6829
31484
25419
32478
9580
1213
4092
18568
24591
17259
2115
20668
28414
9434
28926
15046
6143
18844
5455
19411
4568
17237
25060
29100
31955
9903
22905
6206
29753
26791
3341
19111
15560
6017
8935
24088
28992
24148
1643
25968
22567
27208
12460
17903
18200
28432
17480
14204
14122
23163
13645
31149
14298
3736
28497
17773
7464
5518
7837
5628
19745
19328
13711
27390
24927
2672
17630
2265
29066
11130
3958
16812
22858
2775
9955
6767
6368
7734
18327
7587
2606
28712
10794
11367
12954
31638
16585
11101
32719
17176
8487
22700
2028
4585
15537
810
31284
24439
23517
12803
2724
32534
32299
31362
9716
5821
436
31098
19908
779
26973
12303
32346
7441
25898
26407
23030
19093
806
3222
7956
6662
15377
16280
19740
26154
12009
998
6683
15873
21170
29120
22246
4873
7309
2432
19657
801
14791
30715
29401
18289
28528
28241
3232
14019
31018
19678
16708
31301
1450
11968
26537
29939
1474
28667
7134
11614
7675
10568
5398
11666
11253
28582
23201
28372
10617
21927
22960
18513
28426
31615
4967
20745
26087
4900
26364
13849
20918
24386
19909
27406
32698
28558
11063
20879
5109
25863
17157
20109
15728
8878
21787
2644
18704
28279
10916
13519
15055
15024
24176
7916
17818
20297
24394
23680
494
14206
887
31116
32159
25834
15908
5732
15103
16738
1187
30390
23675
7369
23736
30608
27279
4313
12310
31363
19501
1265
10560
8884
5057
19034
11814
26324
19477
14440
478
7889
11683
26921
12093
25696
29704
23358
6417
18798
17200
15389
19836
32016
19923
10281
17250
24288
15475
4436
10210
32487
26682
2635
1869
23393
8835
2922
3992
13057
3221
10202
4438
1734
16961
5789
27310
23506
30106
24061
12882
25274
12772
23196
11506
20048
17360
20698
6246
19406
6041
12351
24217
30536
24175
8984
10821
26898
24582
20641
20959
5321
6586
15780
15571
23958
30885
18496
23986
7053
11489
30685
29252
11059
10811
14767
904
5997
21365
6398
2148
12571
5927
8836
13281
25086
16427
20623
9199
16729
30020
28328
14696
18204
2293
15710
23320
21760
30136
6044
27281
19432
24068
13138
26579
14708
12176
3684
23937
7352
529
24087
24891
30218
5812
26743
31178
32249
28603
2461
11468
2160
11270
25431
28191
4402
14556
20941
12356
4384
12099
16079
11796
7704
7834
18401
539
31220
5219
25267
31493
4793
26113
27882
5394
32014
26410
16438
27302
16775
24852
23980
29119
6867
16546
3669
24913
19662
28803
23212
27281
19263
8385
14445
30857
1081
10116
19786
3746
32492
7650
8029
23068
10300
10059
31309
5941
15776
21303
406
3829
21041
8602
15369
13380
22970
17573
8617
17224
30284
8263
12015
2583
10475
32293
13307
10649
27591
27795
24225
3866
23133
5681
32077
3505
12878
8537
13666
30612
14020
5749
5832
18946
19188
28969
9663
18166
16414
24997
3927
9387
16984
19367
926
1046
28559
11297
2145
5685
12947
20717
25404
21748
13993
11424
22321
11844
7523
9775
17386
16327
15107
5105
31048
25001
20756
4234
20062
32654
11246
29413
28332
2182
29194
20664
19247
8853
24519
28431
26103
9312
639
3255
30498
9069
23151
32205
19717
29284
7131
32196
1888
7562
18001
11321
13988
818
21402
13842
24710
19964
21918
21415
19919
4709
1598
7913
3011
32704
19074
10232
23755
4574
4357
13627
24752
20752
17522
30197
17745
19990
31607
22921
12964
5306
18953
30337
14355
29978
7988
5438
31252
19318
13961
28977
15416
19048
6979
2438
21819
26173
11390
31801
6212
26515
17073
25118
29772
15924
17671
31068
32751
29807
13446
25819
14675
29510
7930
23119
30089
3945
14857
16220
20702
24847
20517
30680
21336
30811
32051
9590
16148
6861
18571
23670
11082
5125
14619
10425
32444
16165
18579
5760
8701
13808
27809
10113
16367
312
17116
30847
5178
23363
20658
31187
21099
32365
7753
8100
25921
23343
28074
4270
20227
9094
22659
1927
13048
1973
27535
21801
30454
32279
25151
31087
10338
10187
13731
4656
18654
5010
12370
9730
32596
24756
1015
26055
26093
6976
4946
19222
25791
10772
1466
25178
22608
12654
27457
9448
3597
1788
27144
6793
507
24899
15378
8589
13914
22308
21414
18120
7256
14144
591
29882
19280
15783
19712
28552
28374
19332
487
23360
11176
5744
7424
28853
16216
31813
15084
5478
9355
19738
16566
20438
4062
30530
17459
23474
5800
8759
20266
30177
14095
26448
30501
16867
11469
32
27568
13677
10020
6139
10348
23779
26733
12822
22360
5680
1064
21650
8292
1835
27207
1651
23353
10444
24784
12253
30654
21974
24818
28887
6723
25627
3704
12774
19696
11949
25801
9413
16528
23014
13210
9918
13739
19528
25322
23139
4742
17341
573
6487
30839
7285
26165
7861
9559
30544
32075
5459
28690
23469
24678
31158
7691
31689
30465
5471
6967
25923
1538
21841
4796
20586
3970
32443
22103
3243
6544
6545
11754
18821
11690
20888
11188
12756
16310
1633
19449
9570
6558
29178
18707
5922
26236
1114
18268
7196
7991
371
5966
20491
6847
16557
32096
14374
26339
12591
2006
21596
6823
3210
400
18288
28512
32436
7211
5575
11467
3321
16628
21094
23371
9163
11315
2245
19649
20497
28970
6184
31226
23375
9045
174
11800
26754
26598
15647
15723
8871
27711
14906
5964
2495
9365
1963
3508
22484
24525
26688
15832
29148
3325
8538
1056
16985
27222
15879
670
3584
11193
1661
17735
31110
9974
19848
27930
6214
22599
27101
10095
5048
23720
4588
22069
13526
752
28881
32140
7323
28650
20909
22983
11594
32707
2010
9674
25482
8021
10200
8080
15336
9588
11313
9134
24614
27080
17027
566
16079
29732
30908
2933
208
24216
16061
14817
31154
24441
353
31822
14762
24396
21387
19835
10551
11951
891
27079
24308
26261
26641
12090
22253
18099
9810
18582
12620
16107
1984
28775
30065
4556
26558
23016
10968
13204
15276
8574
9618
20203
15496
19374
26147
9971
24067
10809
16622
19025
18517
12263
15937
31055
7229
23330
4237
16574
23640
17999
19461
4359
22023
23115
24183
31900
10225
4496
19435
27824
23313
14695
5366
30901
4728
8579
10009
2208
849
30125
7468
27921
8982
27877
6966
7290
16090
31963
29589
30968
21892
24084
14094
16573
30046
6117
6225
6376
16810
23054
21594
4863
22962
16883
24941
266
17722
6963
21503
26597
29469
12867
26894
19845
4055
26530
24556
10600
18418
23012
8118
13703
5882
31025
24093
21667
18128
4871
6176
21184
6042
22976
27692
18169
18766
17000
7973
9935
12256
14689
31319
27019
1216
22763
18995
9238
31297
21607
15228
17751
27465
18946
26835
29664
12050
3504
27976
7646
22519
16831
3481
8160
9184
28672
27375
15267
14746
565
27388
7526
19160
1746
30090
13036
27516
7153
26891
17884
8127
25382
5088
10470
10675
30590
15122
27760
27903
25046
19370
11065
26828
17380
1396
32435
23697
32058
22662
14324
10047
6319
30916
13569
3534
23532
5474
1938
24713
341
6344
6041
6760
22725
19303
176
28252
30273
16754
14704
8680
11812
22600
18890
7634
5142
3168
31044
8396
24584
5272
22848
32761
27534
29061
26429
787
20464
27514
19359
13649
13098
4498
30341
7242
23305
26621
25502
28789
11444
14521
3758
13977
7473
22344
20519
7502
665
4832
3319
27691
28658
27382
6590
30658
22860
14430
2892
11448
10433
16425
25631
19779
26312
26841
14168
1654
28121
20307
26934
263
30179
18915
29895
21535
16419
31059
15788
15126
15651
7847
8088
28496
17021
21048
23996
14562
22128
3040
13756
25760
8037
26984
28920
4036
15773
5781
14815
1648
5721
22897
10878
31674
385
24265
27092
21591
19629
14922
7015
30251
10124
16603
28068
12104
5489
5204
10265
214
26657
30894
28727
22072
27604
11153
9482
2618
14750
4726
19649
2252
6981
16380
1010
14840
29062
11733
31960
29107
6254
30875
2959
2864
10808
20769
32533
31640
14403
28741
2730
10624
8967
8477
12277
32602
29707
23550
10402
14274
25250
30626
22001
15379
31531
24164
23310
17925
24372
32305
5863
10633
14858
20542
25126
24805
21586
22647
18226
9893
26001
24411
32271
29353
9029
11890
16591
13807
15630
18000
27274
10488
5415
19641
21841
28864
25895
21989
12003
7832
10804
18785
12585
11185
2473
18994
20077
26521
1022
20584
3071
6483
18178
29604
31908
18363
26755
20521
18904
14070
8852
9465
3939
5621
7179
2769
18981
30562
4765
20284
6818
496
15086
32100
14478
13990
6585
7927
25952
24693
3578
30464
6623
22020
6534
19182
24020
16990
11773
19750
9524
8247
6403
3276
20988
9744
29040
48
6956
30891
24563
16139
9873
10854
11630
20407
32694
11051
23268
21260
21416
25903
18919
31354
20742
1220
19966
20929
19086
7577
22516
20268
6709
22014
32016
9265
2903
3908
10985
13279
4721
24090
22256
11970
13688
18618
28267
6203
2283
30241
22292
28981
17347
26905
14288
13185
28439
2462
294
1846
20732
25437
18408
4923
19759
25552
13746
11736
23713
26617
31237
30689
6992
16290
3516
28337
2069
2277
30059
8046
13927
2277
2314
18527
27213
6287
691
31272
16661
24299
11969
3274
1066
12704
27646
28101
4071
22271
21527
20068
7054
22542
31589
9475
9962
23619
31356
289
14409
20043
5060
6795
16809
19445
17425
30557
15209
18624
15564
863
12411
29520
15382
9410
25183
24950
636
29880
9725
27891
30308
15478
27970
13523
7665
4821
10429
32480
26288
5417
18965
24841
30827
13448
796
1914
1035
10137
659
32231
1591
10133
22429
29255
28665
31651
6462
5906
12867
17143
28272
25855
25002
29409
29232
13278
17454
15642
30809
16806
13418
27037
18725
21500
28590
10417
25533
13689
28216
18119
1377
22340
19765
29826
20558
14939
24584
28646
11796
24125
11691
29365
4705
16285
21731
24943
10693
9122
15672
2878
29352
10035
14846
25053
28355
15770
2777
29377
22283
25181
16172
1384
15483
12653
22656
31581
29651
6122
16042
19195
2827
713
12706
28505
1300
29601
22832
8611
24281
10280
2963
9676
23732
22335
16700
10992
30484
2279
21761
31039
3052
7962
17615
28115
21073
3827
2055
15202
17276
22322
20549
11533
8846
27753
3160
13567
3810
21400
26515
4537
19479
27112
24684
1117
6879
26749
23614
11675
29622
30449
7851
15710
4598
18190
18220
19049
7080
9097
7260
21024
7939
27569
11687
18002
22497
30558
28978
18557
17510
8658
7141
14312
18061
16454
18630
29204
17794
389
14044
20452
16829
18625
14016
16052
1841
30867
24293
6022
4142
16471
32074
31525
22443
10667
10192
20420
952
18433
8187
15138
29502
21996
16466
21875
32387
13982
23195
5513
31300
26612
22900
30892
7856
23193
17759
17670
22761
28437
6773
11753
30325
14327
13985
10006
2403
8190
4570
26713
17745
32316
20018
19869
25505
23034
22015
16411
525
22766
4513
30094
17906
10661
27665
31646
23632
27696
18958
17019
13903
482
3092
10477
16092
156
23263
12904
27673
22379
18439
11904
6652
30217
12510
5007
28495
9278
13636
15996
13110
26546
3646
14189
8235
19249
31089
5291
32043
1789
20318
7089
5905
15780
29417
1940
20357
17211
22295
22980
1655
18110
20087
4945
5684
31239
503
27127
6351
22390
12394
7123
17349
28921
23843
5961
7304
13974
27439
5505
8534
15534
9020
866
21759
28009
6302
1301
19179
25120
7986
29620
22555
10489
24021
30648
30240
28352
5236
28606
5346
9268
23541
25386
14836
23998
27837
15568
26946
739
1134
23819
8316
13820
5393
6133
21285
14062
26590
18545
10156
27915
3091
22372
23392
23784
18021
31201
21975
30015
15885
29913
7995
26357
19697
8695
12067
1885
3248
24333
12149
19694
20019
22946
29445
18648
21349
21427
19131
7968
18886
13498
3089
8951
3826
31832
30299
12901
20741
7695
21850
7962
24550
10845
5157
16035
17260
27114
22939
20165
6783
588
23045
29434
21196
12702
22043
12597
30075
15775
29831
29592
23970
942
256
3525
31939
16694
23158
16385
2086
4608
29008
24501
14295
19344
30461
17472
24922
23329
3288
7911
14685
1139
16979
29046
26876
5406
29506
21002
5848
30002
5150
9028
2845
14348
7442
10438
15311
11279
2099
29573
11916
9374
31047
32687
20161
29334
19661
15384
3735
8703
1850
22274
26138
4784
26089
3517
25304
3730
17661
13890
22607
7633
7227
27633
29487
15054
28549
23284
3181
7742
32017
22808
15093
13153
19250
7483
18715
13680
6524
25168
13473
5381
23652
25234
23153
8023
1374
3948
7826
31293
1911
17151
11471
27192
8417
7161
25425
28355
32233
21945
24834
889
26126
12755
26717
13336
20017
6119
10445
289
11881
31867
1512
27206
4036
7402
16163
28883
23809
10482
4312
8503
31234
16569
1937
20939
21765
6048
12209
11217
13316
6921
4670
21751
16338
4146
30945
12958
923
15583
15413
27286
2842
27533
16120
17084
25475
9361
7854
10448
7435
30198
14184
27094
2662
25612
29683
23113
5369
27209
20275
12537
18943
16576
31042
11175
20819
4176
16192
16531
22699
4177
26630
1760
1401
6307
12776
15448
21419
26159
30533
2413
16527
679
539
26744
10099
32688
9502
11856
29967
7372
24610
15338
18008
20536
9578
11418
6109
7498
32726
27971
3874
23538
10730
4275
15898
20389
24103
17622
25159
26310
32123
8884
2676
21892
25687
16895
26423
23429
3634
25986
29167
16091
9541
7064
22171
22089
6159
8652
28636
31324
14345
17731
24862
20851
30871
13406
21140
15171
25283
11494
8756
2086
12771
2422
350
13358
18039
24095
12391
32495
31022
18574
27488
2830
7521
19892
28563
19526
13633
4943
22791
22578
27984
11115
337
27475
24880
21822
27242
20670
27415
32369
28655
1062
8262
28235
21921
18154
28833
21013
29807
4686
9930
3707
28101
17711
1348
12180
9218
15722
11824
13696
24349
8654
10331
2389
31826
20697
23986
17677
14589
20810
8594
979
9011
27825
1020
16541
2087
14260
10995
11931
21754
28738
8635
13327
30411
3419
11481
9024
3895
5188
24676
31829
19192
26122
13763
262
14056
20890
14786
20723
29307
7418
102
6629
23530
5423
11799
23954
28363
32124
4664
16008
24864
14303
5609
21445
22870
28958
25485
11564
10340
1333
21519
20152
20682
31971
24665
3434
23589
18853
4648
24816
20681
27566
15674
6517
8420
6496
6656
32703
28661
10255
32135
2040
3114
27180
6074
28795
7777
7173
7941
32201
6819
13897
29328
3147
7384
31435
12415
17511
17602
6939
14295
25156
16687
22732
16347
31742
18478
26583
26912
18243
9074
14094
18674
21963
14147
8655
4624
17471
31708
8922
11278
17500
29481
1430
8285
3146
20114
22668
25766
27228
31101
26373
22186
11296
27095
2378
470
13251
6533
4788
15995
4866
28850
10418
29960
20215
5796
32031
10332
13069
6424
29045
28834
17702
10014
28745
4335
1578
31168
26735
22566
25508
15639
3947
29939
5202
10390
7042
2683
21132
26248
26385
23259
4041
32544
21568
21457
32098
28488
10016
8640
27055
32406
24915
19341
20229
19011
17315
18278
22940
24035
27193
21982
30731
5056
15484
15325
15844
6429
30625
9876
14545
29360
18952
6821
21010
4323
19859
26985
7611
14664
10459
11619
19196
32306
30025
3398
21734
2906
13988
29930
1115
1302
21536
13642
18405
15621
3249
15572
274
29892
10472
1873
20468
16342
21953
15293
16868
31833
23171
22427
24144
11499
24992
2267
22350
30690
14046
24404
32243
31043
20866
25633
31349
532
20276
22265
24880
12355
28696
12302
2165
13915
25025
20243
31708
14682
5890
30921
10578
27862
1675
2526
3229
26105
9500
25538
29222
19480
29619
26529
14736
7024
16491
1468
6060
23457
18859
24689
17360
8880
30189
11854
13984
11396
7298
24632
31952
6114
14661
26400
30317
5802
25188
28258
22655
21825
7995
23902
1369
31411
19843
9204
10760
19004
18507
27824
618
7083
23905
7693
9352
16779
27441
9046
27769
7
8606
15160
29872
2646
3423
24486
5285
23627
26231
29793
25586
22813
5403
843
27962
21311
22224
6824
9045
15076
27264
12054
16515
14500
19865
19664
4046
21168
25081
2582
10186
16854
13433
27550
2292
13945
12214
20504
17842
16525
21447
5755
10039
16339
7501
5895
13330
9125
4200
17763
526
24052
7554
20283
9496
13177
11140
13128
20809
27946
3367
27404
16158
12293
30932
26703
4651
1023
19413
4377
30289
11142
23841
18054
24222
2912
30223
15424
27419
9671
9150
18327
2268
15384
26103
2934
28700
14524
10055
25261
1502
3220
8572
3067
9873
185
22792
5129
12130
8842
21157
3665
3762
1828
14232
14217
15064
25591
8608
3941
945
3978
28254
26933
31661
10785
24943
7751
7845
3718
23490
12557
27150
29196
4345
17464
20167
23381
9868
23004
7909
20117
18492
9866
1293
2674
24195
10606
28308
11966
12765
19597
6637
12501
5828
14237
5791
16472
21537
505
25038
19098
24675
11675
22258
19731
32732
10054
495
9382
20201
28419
2762
21216
30327
1524
8793
22177
3547
13414
24252
13289
26888
7196
802
14143
28310
20570
12076
26604
21757
11363
26286
13745
30110
8399
23821
22239
12581
30171
8598
29440
25098
6848
15901
31608
12922
4917
25731
1464
22592
14554
11552
26131
4855
23634
18086
31286
30511
1720
22538
6883
26763
8071
6393
7830
4376
11153
16023
23368
9429
6399
2425
12402
19532
22431
4016
12079
31887
10521
1531
10493
1128
2214
3597
30962
13961
13602
2985
9705
10961
23243
21319
10188
14541
22090
12563
32347
7610
5212
15603
29625
31941
22917
28620
14265
27283
6401
32364
11481
12218
4896
17856
30614
29200
5491
24884
27100
15054
10405
23693
8300
13126
30259
15220
11390
16657
9927
6988
23558
1364
14272
18905
3262
15678
20672
29095
2500
17997
25617
25173
16083
22210
10063
27338
3242
18801
13152
18796
13740
352
4181
28518
8810
18166
29359
22748
27167
27951
5662
24413
8231
766
1034
1452
11107
18813
31724
9653
17966
17875
13603
20912
32470
27212
20910
15715
19591
7618
27236
4758
31598
20337
22560
26693
10253
7997
2360
4517
16999
2610
15226
3613
5302
21775
32066
25111
9555
8484
28409
19905
28700
10524
10676
15604
194
13737
21163
30740
767
7618
23775
30390
12720
17204
6925
9511
8910
12167
21286
22180
30264
29925
4827
25351
31071
15821
11867
15154
20392
14330
27952
30965
22517
28633
25065
13335
6009
13878
5676
4388
19146
17127
15091
8569
2520
10611
6978
2398
6706
15768
7760
4332
26784
31232
4464
29777
18661
29524
32118
15957
9477
1024
5420
1147
27902
28616
7728
29242
15531
18926
641
20561
24407
1850
29837
31341
22738
20749
10749
21992
4515
2212
16582
17574
25521
30870
9475
12252
3733
18493
32551
29631
22086
26078
8237
11852
3727
27768
3554
25808
5690
6128
2099
2524
21641
16910
23846
1882
11328
28588
5120
17340
7632
23921
6626
2300
24907
17445
25438
21447
3910
25547
13562
9784
3674
17017
12351
6284
27919
10874
15556
12407
30817
22677
30168
17698
18764
20132
9115
2975
20823
24874
13212
10588
935
5704
25158
25769
32314
16866
16407
13832
7682
18272
8444
29115
14563
3322
19214
5672
15146
2487
22307
17701
7555
21530
22146
4820
25121
7836
12741
15070
23655
31225
23440
31370
24783
24010
31222
7253
24502
27482
7882
22894
4817
11324
3812
15465
28338
13863
3118
21339
27629
22749
6372
2280
23416
19203
21111
28956
28994
10334
4889
15199
30693
8696
27427
9334
4402
9447
13010
6954
8675
5085
25147
3564
27644
8545
24053
23265
30112
31761
25954
7062
19444
15292
2838
13195
25293
9871
21174
32360
941
21038
10999
28477
27666
17502
22243
30996
31888
23325
10895
3675
2042
16502
11819
15399
13880
26098
25379
4659
27462
28025
3694
8970
28379
7028
6276
26541
24616
17926
2056
10411
23431
22979
21958
29115
8452
21838
776
29028
9612
26737
31542
1427
5515
12453
24840
2313
19290
14535
5718
20307
27529
15038
14631
24702
32018
25896
6372
19626
28662
30665
23775
30645
10869
30669
860
30929
19742
31365
22306
15184
9197
21372
18702
16780
4284
7351
29493
14313
13789
516
6984
10964
16666
10982
30916
19535
10349
29342
27704
21531
28948
23174
28048
1910
1142
20583
23954
10947
17694
1921
28207
30602
22143
28831
20042
30668
14750
13684
13856
5488
19019
26323
20684
17693
2408
23927
8092
17528
903
640
1975
7007
15084
24471
15195
24793
15181
30844
2564
2622
9326
28903
23361
5227
28919
27423
24254
8399
2053
31799
19322
23366
4444
12496
26137
26122
7736
30950
26045
9882
28515
28845
18741
26783
22270
13712
18928
5637
27764
12571
29063
3580
18652
11972
20162
3563
9483
15110
25090
26303
14251
17205
19577
681
6241
26863
19316
31003
15355
8855
13041
19626
23145
32313
7581
10097
29676
5439
12819
7057
30884
32528
20152
16034
18852
23701
27515
19477
9119
18682
19576
17687
27174
5001
20246
20458
2446
12902
22990
3482
12189
6360
18539
6971
27688
441
2472
8761
2883
4801
31364
9209
2397
27747
14412
5327
26606
30268
13180
22372
28007
10835
14278
8344
23894
20543
14400
18019
17124
13347
5230
14083
32357
23806
26358
19963
22223
20928
11360
17790
22406
26946
19811
9072
4153
2059
620
26860
8960
18669
7982
25745
30413
17821
22189
28878
25454
12407
8107
15558
20633
11839
6405
25590
10311
15938
16235
27807
5825
32678
9874
6676
1900
2332
5723
11556
32592
24051
7135
23906
20385
10695
12169
24790
7497
17267
7357
2781
29677
3521
11554
26972
9110
8422
5385
23600
27073
29159
30263
18818
15879
22275
23601
10103
14769
16462
10437
32561
7159
10216
21277
528
3688
10379
21746
8086
15168
9904
23441
14220
7249
4308
31159
13525
1159
24343
8376
18823
31707
16735
19481
28168
10949
5614
20655
22266
21029
20368
4243
21912
26374
30377
24558
7215
27897
344
16268
16399
23402
23989
6030
220
10688
25596
23556
16277
15346
24312
18108
11761
21617
31718
14914
32433
11764
13365
17050
1343
28640
9521
17987
13506
16499
6665
18553
23477
17818
2451
21154
10831
18030
28598
32210
18215
1787
7639
16311
7908
2754
22192
14364
9324
28143
15720
6101
29857
16383
23755
27469
94
25379
5993
2899
4426
10758
26332
19866
25038
2
13366
20574
1923
22055
10021
2367
31410
15663
19162
382
6371
21444
520
4754
5995
8097
13142
22564
29893
424
20263
25406
29874
29547
9697
29051
526
21075
7264
3391
16819
1738
27102
21499
2263
17131
26416
8992
21157
26353
9505
9328
29350
22097
15264
19212
8948
22503
18639
25723
17012
4773
12608
16592
7751
23433
17166
7112
21961
30319
11564
360
18269
18455
19363
23844
2970
6522
21732
31662
19390
17032
5602
2410
430
11759
24050
28641
15398
3607
28733
23336
32282
12583
4119
27110
20574
17837
17294
3769
9655
28687
28362
1102
22087
24101
30696
10859
3295
26758
6324
2925
18277
31851
20838
23961
1145
18918
25383
13923
29320
25368
26485
21165
26065
22716
7686
29110
28865
23843
1236
1842
14173
9661
18161
18379
23279
7190
10714
6574
22460
7250
30880
8675
23414
16497
3283
22941
20446
15009
2508
28401
1091
17003
13783
16599
26548
17593
9568
6779
26709
25114
19343
3404
27343
3024
20687
6012
1212
5616
27457
4114
28979
26501
3074
18692
24640
6373
12482
21928
25721
7663
1416
5854
21886
823
30693
27381
17396
17006
15905
12643
11542
12394
24176
2565
5864
28831
13879
16175
9550
13960
22860
16101
25373
24484
26839
13131
16371
19553
14579
8962
27639
28791
24479
32368
22663
19434
26274
7384
31409
29254
24395
11503
13194
7623
7719
1244
23005
6694
20650
30663
18743
21814
30935
26950
24219
27252
11032
16817
4978
1574
27820
19180
30038
14387
6167
26978
13530
18574
20124
15161
32570
1174
24039
10427
12702
31573
5772
31474
31403
15503
14256
5192
30779
1636
19452
2319
22724
1401
1889
18213
31274
16409
8431
7748
26631
15433
16789
31912
31007
11373
2426
11053
8836
20715
10077
13873
3048
26231
10459
28178
4856
4940
32103
25698
21852
32729
11262
5825
24939
11839
9614
24635
17692
8971
15233
16523
16650
17466
16456
15885
6915
24000
5552
5894
20034
30211
13867
23668
10414
21708
2325
7649
13429
3972
11414
3180
26704
28334
20462
20888
5224
14675
28424
25797
25167
13991
3301
2871
8175
26937
12192
16601
20446
2319
25461
16547
6206
17540
16621
29805
4224
12129
23763
1082
18729
16539
31325
12136
5318
27460
26179
25928
11491
25612
3761
16770
29088
12227
12421
22579
15907
1843
17222
4690
2651
5660
18291
5091
28113
16752
13488
28113
29877
807
20511
18025
13001
14233
29423
17772
20971
10061
14711
14625
19752
6686
12621
16054
8810
18662
8382
6511
31381
15685
28367
28860
15833
18686
13493
11849
1605
5631
31257
10306
1248
25291
12135
13841
32688
24410
16440
603
17776
22841
24074
31992
8826
29472
22059
6868
13245
19938
25584
684
20128
31997
25387
25592
1412
23916
29387
26979
10979
2623
2567
23951
30486
19488
25506
921
30453
6065
14418
7784
13470
26266
17336
18845
21773
23195
16635
28912
13762
23205
3643
13080
21542
31192
26009
20290
31019
27461
7409
2805
2637
17658
7487
9132
16334
24395
2874
25514
30564
29327
32172
25023
12969
17104
12523
31901
9068
28894
3462
31217
6734
15273
8431
22243
15738
10560
6203
13121
27785
4922
5891
14078
15030
10526
20119
12929
28130
13531
4169
20355
12493
25459
12006
31637
22536
4933
2615
11394
28290
30250
16020
25544
14760
27844
22710
6217
9048
18
28928
4820
19443
22594
7360
26013
11536
1256
2552
18935
16664
20322
2168
24856
2778
30197
17962
19369
24657
19226
4683
11988
925
20727
23892
20158
30085
26409
30107
3199
19103
5983
2303
15632
17692
9380
2131
13463
26055
21102
10333
26177
5113
2818
4867
32418
18961
18219
24778
24769
26110
16281
14022
5331
29898
9523
3768
2585
5866
32122
24044
17883
14455
17582
30815
32157
24499
10383
6466
29872
23352
16992
6422
6564
3987
14691
16289
20900
1045
29333
5943
11398
31728
11992
27408
4629
20205
15461
14879
15641
4095
343
13259
30674
9313
6475
23448
1031
13926
21642
22790
2376
8369
21840
5830
853
17587
10293
15477
13511
21609
4207
16226
31060
8447
32546
1192
9357
28464
17422
6489
22478
211
17680
23338
16971
31353
4598
28034
29230
9634
27557
26032
24602
16005
22333
28592
722
8626
13394
32096
8890
30749
8364
16978
21718
27204
14186
13933
473
14571
9575
30595
23131
20878
31480
27914
22784
30959
4770
16728
800
7773
25633
7851
4077
32504
4500
14008
6942
2741
22142
3150
12447
32574
22702
23389
3059
7483
31406
14062
4741
21117
31820
9847
16420
14593
29195
13193
27044
24596
2492
17656
29538
6485
28545
23630
24328
3649
26482
13036
8681
3115
11789
15536
11771
5413
1399
20790
20018
22289
15756
23335
24364
6451
5870
27611
98
25877
6029
25029
8617
13581
15202
16486
19946
28824
28524
25799
13605
13188
17575
3097
31433
30152
20310
29684
30151
19880
29781
7316
8656
16759
24311
26842
8832
20968
18619
31842
9381
237
14652
12602
19877
2233
22873
15631
9728
28089
19194
4083
30279
17655
11079
20577
12504
22268
25776
18441
20058
4675
18514
10389
25129
21890
18873
31283
4463
22814
6471
23700
20103
13272
11419
13159
13144
30863
13055
27761
18861
446
8987
4173
13672
28046
19176
9106
10357
3868
10648
27426
20775
19328
1104
17998
21426
10268
2485
25075
28136
24979
10743
14730
7724
21152
10479
21263
29832
28195
2314
12945
3562
24304
12671
12198
29983
18352
16818
12544
25852
3697
9690
22913
23435
12283
19360
4180
31121
28208
1803
624
17423
32070
21397
24611
16758
30537
10977
18655
28208
17088
32105
7203
29463
30164
29759
4897
28005
12506
17860
6282
6737
22786
15587
18583
11128
26092
2486
19197
30584
21806
4401
23084
24711
18095
26057
8767
19410
14595
30222
8151
23071
30928
13904
29185
2837
8874
31557
29596
142
6492
204
9679
31296
20067
4531
23356
6612
6627
26752
26388
9290
30553
10533
29138
11707
11875
19544
11621
1305
19588
29839
27544
24897
7212
25704
5815
24350
23861
12990
10978
7541
2567
23914
14965
16643
14688
3382
21682
21562
11188
7422
17927
24246
9799
22824
17098
7415
422
6830
13161
18511
1006
19998
26257
26209
31692
27163
15869
32206
27937
25224
14337
10514
29021
9698
27564
19462
29653
22666
9443
28204
16974
22879
4753
31463
2052
29812
4011
17002
20237
21314
10881
2307
26794
18290
4916
7321
27304
13032
3651
30460
15563
31076
9890
23147
30187
6746
16644
25557
27404
10265
8270
16730
30636
26873
5118
3881
19670
20604
6625
15449
29193
7779
28891
15368
17505
1952
7628
6188
15407
19099
10013
21645
21913
7292
9869
3903
5103
17448
6539
14952
20362
15197
9705
3031
7077
29989
10710
32697
21083
18318
27733
30745
20193
30881
7706
20020
21202
26350
26911
24063
8211
16550
20379
11642
5504
29572
10134
24495
9849
20181
23669
28071
23296
13765
15060
10524
490
13052
4654
22566
24310
20743
22390
29964
13950
2218
31808
23497
27179
21023
29358
25551
32495
2817
12693
29406
22786
25691
612
19268
5866
16474
18629
28880
12616
18877
11083
29182
20508
13710
21434
10412
15373
7493
12271
24238
11429
18185
32193
11883
2833
32679
1985
13345
17223
27146
28693
28767
1431
466
5910
17741
14849
8529
29730
288
6887
1477
7015
14398
23904
22736
2288
1625
2045
14514
22690
25805
231
20716
4234
27254
22234
22823
16774
31656
28164
13471
23154
29164
733
32507
1462
993
21082
18236
19002
11456
276
16191
30423
9806
27575
13526
11726
2865
29239
2485
6366
12596
5259
4794
15801
8555
16361
25599
15354
19106
2246
11735
19686
10929
5445
12306
5514
26069
14027
6236
2756
9680
6965
23319
213
8579
6658
17910
5592
20216
14339
24568
31895
29449
9981
12679
1059
26710
17812
14114
14139
19529
9818
31162
2708
3123
32442
5889
25899
18378
30859
8871
264
15293
29150
31599
26083
23417
12751
21947
479
15660
15103
16535
19855
552
9630
17168
1151
30423
26334
16418
10101
6161
28264
17059
16776
18165
31274
31549
11207
13321
12605
6830
29832
17066
25670
15289
22113
1663
6585
3270
15057
7207
9950
10605
7432
22400
14647
2587
24638
6992
22110
17666
4628
30497
24159
27875
32514
28358
31735
4075
782
11545
28742
15030
10091
12761
2120
106
9945
29559
14942
8573
11829
16329
21691
12694
32500
6389
8298
9293
17504
11700
22868
3701
14038
20768
32344
11208
29181
4386
27991
29766
29955
10196
29711
30327
9487
19348
31945
15073
29137
14468
24671
24361
22336
4210
11062
23800
17226
15320
4928
15347
25014
23886
11150
20405
17776
7743
3099
4544
13834
18841
20844
5392
25043
10121
31443
26923
25972
8310
8564
11436
30061
17061
2704
15284
8131
20787
19216
9017
8361
13497
14179
15137
25708
20700
9936
22062
13995
16150
25153
1055
6411
25047
3878
13681
2559
16117
14999
3336
24587
5263
13867
26824
11258
21053
18554
30141
15977
27052
11085
12077
26238
22857
24967
7593
7507
27049
10256
11896
9643
2373
31427
20205
12191
15308
6568
4076
32341
24251
25817
13600
20028
16412
23246
20737
11028
7942
21812
19059
15728
2272
18959
28162
27981
31797
2236
21710
9557
17941
25690
23583
6842
26008
8478
123
13838
29539
32405
27070
27967
29317
13728
4762
16997
8679
22811
264
23879
31223
27856
1001
5746
23008
28957
20611
29408
11910
28899
26784
9473
26828
6049
28677
4606
29571
16283
28330
27872
15234
29710
25727
27819
24937
31734
10706
20592
21312
23519
31024
7606
31131
28665
15299
21448
31541
20661
31628
12373
13978
661
28262
13875
15581
5806
12973
22270
25742
2194
25642
23191
3792
1934
546
5739
32684
10180
29235
12782
19747
30623
26222
1112
13083
13815
14817
22649
6174
25478
19149
14811
13219
8194
11883
9301
4856
280
16433
19268
2764
22231
3258
910
21484
5777
2735
24663
6730
19859
2290
3019
14467
20838
20137
22496
14768
25256
23779
9947
8674
9840
16969
24376
16166
23341
9844
12671
1799
22796
7074
6705
10029
24080
3020
28022
31133
11267
2587
5209
798
70
3524
5506
19611
31188
11473
6498
1572
941
6421
20059
9616
9857
23522
4612
18043
5200
4951
7455
16068
30410
28769
25402
32658
10294
24708
10219
18310
3942
3540
16998
31345
17769
4810
21115
4383
22922
934
17990
13394
4459
13873
19042
7475
16536
9238
18954
31507
3606
3088
12004
10594
8593
434
6949
4058
22252
6121
211
31819
22482
16994
15525
26337
24241
13555
14470
4994
23135
3248
80
20107
30607
24393
23621
28416
32343
7630
16642
21186
20598
19805
13721
21466
16050
26421
27905
1155
30818
25625
24864
17288
7891
12463
20947
27593
3658
26367
25749
2538
2452
30869
14565
22326
28739
3909
16239
24827
30843
12965
23550
17722
32421
3358
12641
9481
26390
26977
16102
2184
32606
2449
28492
3369
32352
6410
14491
22153
10563
9862
8002
30380
4437
21692
2665
21891
20023
22407
23729
26504
18781
25440
12870
23776
17608
24099
20009
9388
13869
16493
13024
28305
15094
5109
29991
2108
22029
7570
4053
2219
16963
14184
9862
31312
19110
24143
10068
16813
2922
20190
8139
18299
17363
16933
2679
7979
25823
26662
8160
29907
32123
31768
15200
32561
32325
6896
18044
15736
24844
25845
11990
6068
12473
20146
21678
24639
21214
114
17632
21778
12140
32366
1688
28422
30396
18975
28617
28840
12273
13055
21786
21288
21647
31470
12141
1293
12814
20084
24783
22992
30346
13101
18434
27880
25792
19310
13415
12987
21364
8390
25084
3351
31314
3540
2543
11036
25668
29460
5995
9801
26205
9531
27238
28156
23073
2164
14912
3657
32571
24687
4915
20669
11679
18189
3983
17503
26600
10531
26163
29312
4164
883
7961
11337
3208
25238
29716
522
24685
6921
13249
15995
13520
32720
25206
5814
14550
2765
22117
16038
29456
23187
20070
17586
26639
25342
5775
27454
2897
9571
29884
2782
13665
12962
9909
19302
8931
30950
25608
23167
9320
8890
29853
4714
20199
1444
28140
2949
11358
2043
11149
11733
14129
12734
24717
32614
25278
7391
28932
31373
25890
5853
31998
29773
6117
20108
30937
13701
10578
31455
1779
6599
17737
24844
8942
30047
21116
7564
15985
955
12685
21205
31265
10969
23721
25454
1003
28471
29245
32069
27120
6881
30481
4400
31867
7994
18208
2760
25146
14972
14559
13315
2751
28783
19102
14937
19660
28638
8259
18113
28199
7844
24291
22181
14710
31697
22098
7011
9140
10813
26867
9694
14943
17539
2414
5266
2346
25689
17829
4611
11939
6004
18979
27765
1604
16278
25072
7043
19163
13285
28786
17221
21405
22050
8620
31898
5448
20809
9245
16746
6810
20066
30353
13056
30652
20145
16080
26962
5081
31749
30786
16392
824
8857
18541
12018
1425
21811
1933
2060
2821
1772
9778
12264
23408
32686
7911
32396
12995
7678
32093
32594
3549
23757
22920
24938
4630
167
25028
3028
17760
13725
25560
14221
8115
17685
28625
1240
23831
24711
1480
32301
26671
30298
32347
22517
24449
9189
10705
30169
24904
23421
12891
32593
7217
13304
32045
4003
27277
24735
10752
15212
21550
14713
27882
17530
9600
17193
28867
26252
2221
10844
23980
30007
18582
30703
27883
2659
24691
10974
13732
30894
13931
13377
19113
18230
14189
480
24197
2437
20881
19101
27266
2633
5533
2727
7180
8455
6757
30673
0
25719
6359
29985
4841
10836
32436
13362
32598
160
25242
30846
27679
23894
10122
15528
24065
26533
6382
28876
6485
30505
21474
15032
12604
21681
1597
3787
21039
31301
12484
12900
20245
28051
15267
31791
21282
29743
11499
9700
13297
27554
22357
14119
7861
19376
12621
15764
8081
383
24128
2541
17037
25758
28305
29592
24766
4603
6118
16452
13051
9760
2291
23436
13397
19867
11298
1614
5908
15026
15256
28079
26580
18179
2371
13597
15401
7282
32683
4614
15811
18116
8010
2981
18182
26369
1858
28766
4551
20735
15456
12931
20816
28028
9170
1744
10663
22875
2644
11742
14803
22581
30017
22828
32134
15337
19761
14311
5464
17557
20525
8936
6876
408
11923
24854
1847
21010
9763
15313
27224
12843
24562
20223
13387
30382
6901
14307
4549
3782
15834
12356
9156
29744
28628
31564
19561
25361
31698
20608
15431
25999
25443
16964
16965
27356
23079
24359
25260
23676
3702
6863
3499
28013
32744
10747
30755
30383
18620
23833
20206
13030
23241
24247
25409
13730
14698
19202
25954
31694
16553
18736
32600
26208
25550
10409
119
16082
5862
9662
7586
28792
25663
15609
15699
2130
19409
22924
12230
18806
12290
22742
13451
11627
11034
15259
30754
14890
15342
6915
1395
2687
21746
1382
29756
14289
32504
30729
21528
10992
17684
1
32232
9800
13657
27563
11417
4550
10190
3656
5534
12785
15573
17886
24382
18628
24069
11881
4774
11627
12797
9608
28533
26557
22002
31693
27553
4896
959
23494
25346
5893
22053
14341
22604
22162
1685
25765
28221
10925
10977
31550
22772
20724
27816
27315
26358
28982
2046
11342
11110
16097
1748
4339
23423
24466
15312
5573
28218
1513
30349
28539
15470
4064
3407
16723
26956
3733
9991
21396
789
6344
6547
21512
9961
21752
31999
23542
25767
17803
28541
16726
873
11461
29146
19866
12045
24829
11578
2338
31812
12299
6850
6476
27956
6733
19792
434
9666
6439
6537
30617
9132
26362
1728
10038
13881
26626
5879
3084
19171
12292
26135
8279
20690
28030
17672
1411
14658
21952
30927
31744
16375
6571
12434
11244
3866
30608
3871
20325
19850
21634
19616
7113
24529
11432
28274
28752
30489
32755
1364
29695
13140
10724
12148
30494
73
26341
17662
30196
32281
15629
15434
29685
4480
10325
20023
32068
2820
29914
14674
12487
21554
6011
3026
16104
11133
3375
17920
4771
6376
22144
24112
6674
3530
17188
4026
5428
10318
21400
348
20057
24004
2633
9096
7846
19735
12379
14174
15682
18717
28312
6196
27387
32154
18316
11202
31257
24155
12478
26698
28327
26161
18699
32460
16302
9924
32738
29433
20217
10984
3759
5616
12417
18130
2422
2533
24296
14625
25070
24628
15988
8329
24547
12411
15025
25618
4651
25886
31924
5413
12955
11917
24517
21675
245
4074
24151
11986
22391
19712
22060
17053
17956
1709
20227
22465
21558
14353
32021
4288
3632
9998
21997
15156
25921
18178
21915
1729
18998
32385
24032
8614
20069
2647
26944
8795
5259
6699
30747
21008
1432
12418
3212
27318
11591
21629
2715
31203
22154
3606
12477
31546
23309
9570
19775
21742
2645
2666
27992
18113
11278
24650
27468
26390
25798
15057
25138
11613
17719
21616
3934
32168
6766
25985
1072
26107
6172
54
18640
27977
13723
13542
12530
32167
417
32356
84
3586
831
12934
9343
13145
13149
28353
12375
6567
16714
32056
15991
12988
4864
20412
21312
10105
18754
16549
22453
11166
30121
2826
11865
29161
26157
26095
24535
7515
16733
15769
25872
18159
30967
22679
5899
31165
18108
2974
6087
20579
6574
3402
18607
9142
22419
28658
1961
27238
9910
28141
24368
4280
16159
5952
20612
17672
25781
30853
13921
26496
8045
13759
10673
15301
9676
27042
12721
31875
29026
26811
6240
25901
18145
29296
18499
8779
21270
1074
28459
10759
30050
13071
8801
24111
13137
5556
1042
24006
29376
23647
27980
4894
10214
31445
8251
9250
25009
7284
5343
14228
19252
23929
21640
30496
21078
3046
7091
27937
32579
26217
25032
28735
28206
17649
11178
16271
14176
13340
31923
13606
29862
29931
12128
14967
8667
9887
15113
17965
22830
10328
16388
11219
3539
27052
18188
23576
12861
25449
26275
17212
12464
4625
23422
19909
749
10290
1242
3526
13310
22318
18173
19471
8494
28949
8664
17868
20159
3345
5647
15131
9401
13017
14599
29643
24059
20384
10504
22183
8831
32466
6004
7259
11977
23605
19441
22070
3715
26440
20607
30777
4376
25906
22813
815
13312
8351
16912
21480
12242
10224
9193
15735
23288
89
18851
10343
16382
1348
6740
9665
9090
28324
8702
11352
27203
30213
23623
12553
10207
27275
30359
7748
1258
20824
3725
6132
32486
26309
2005
12738
22791
9309
25352
8442
12065
2681
18044
11487
28186
30666
16786
29241
4723
8673
24463
7452
821
2437
23477
9216
25564
28841
15012
17433
9424
24974
28144
22711
15758
20151
30733
9757
5950
21797
4249
25077
10244
27148
18329
24319
25361
379
20053
18621
21252
23508
18561
7718
24688
17139
31852
20584
6666
29104
9233
5304
13084
12272
10868
19833
2345
146
5269
15963
16146
2597
17499
28648
9108
3573
30973
21837
19172
23071
8317
17381
8838
14926
19732
29241
4654
16834
18581
12232
30931
4710
26171
32457
28053
3714
15236
4969
15481
3126
1194
25724
24876
21233
9492
13017
5185
1690
15339
15237
29315
8545
17863
29326
12107
25432
28466
20014
29380
25544
31836
27531
10338
18007
11493
18843
8216
19714
25323
3611
1061
12840
4656
31089
23003
5560
15992
22486
31910
7501
16986
31552
20449
4015
10817
21191
24838
24134
1259
28940
20509
932
6251
21217
32722
23240
29473
8155
16214
21273
13442
22318
20714
2699
16389
18235
22377
3994
32518
26315
32530
4942
13
12963
19309
14549
23945
5049
3155
17985
7363
16577
153
23089
13464
10950
14946
30157
15149
27284
13455
22726
20576
3016
12278
32576
21567
14486
1913
11617
3175
5577
28669
1669
27811
21060
6685
27871
22937
29969
19609
8628
2047
29566
12865
29197
8535
5768
17055
28572
20085
14290
4713
9599
16604
31569
25082
7951
32044
2225
14144
25190
26307
20409
3755
17477
7735
19854
32580
9513
29096
27826
9959
6332
30482
21009
16443
20746
30214
14010
22597
12827
22129
8821
5644
30893
14371
28781
19032
15781
22213
430
31860
414
22492
18564
1576
16999
6295
31894
23495
12545
10922
13896
1999
5034
23132
1685
19189
28898
8910
32485
1159
30060
17733
11113
22361
16908
18869
8268
11823
1044
301
31585
5436
25135
20892
32537
32457
25192
16380
20487
18848
7109
3470
28504
26906
24765
26970
25529
23152
10875
5182
10484
25054
12868
7667
13427
17505
32345
3863
22124
7350
5384
21300
17168
19896
22974
26121
32449
26976
10288
28542
24372
26362
25345
14982
14266
13980
19420
506
13609
31420
32101
27282
21164
2615
30215
4043
4514
18240
14268
18592
19453
28118
28443
17986
26872
24164
31489
21063
16688
5707
30174
24463
29214
22636
7251
9248
16984
1518
29186
6070
3269
12840
18545
27872
32080
5854
18453
32520
7745
12698
2861
16967
7929
7068
25341
19195
9563
12962
3495
21539
26924
13126
28960
27676
23264
5940
4013
24304
1744
99
28686
2286
21333
30987
28740
29339
3839
17112
3790
30587
30369
31448
23923
2573
6116
26172
29131
23683
31408
1465
5302
1831
27284
20523
9436
29972
30436
30791
1386
21591
11257
12669
1775
15083
3929
15727
5604
2787
12404
23735
18544
4673
5935
5457
17919
30155
3159
19472
22164
7946
6963
14677
22065
5874
10407
27930
24819
17458
17957
16245
26156
19651
7165
30406
29335
2405
27953
3658
31956
26320
12939
6367
28726
10093
20752
2621
30011
9042
13073
9147
12228
28917
4002
14942
6511
20480
29137
19640
19763
18081
17887
27308
6525
32735
14199
8496
6095
26458
24699
2217
3121
2686
21904
30244
14783
10363
5063
26793
13704
8921
1814
31031
24433
31418
14387
28235
31061
28092
6608
18601
2542
26434
27848
13787
2945
13844
21935
20269
32452
2457
19996
8233
11204
15172
29089
20210
5985
10548
13392
6149
20411
4786
25991
27631
8486
4974
28195
7348
11320
26073
2224
30559
19868
26421
15487
3500
3739
9322
14461
29866
8924
25420
24851
17159
11616
14198
15149
28512
27270
25389
15001
24113
14245
14938
1263
10161
28787
18745
13186
18595
20034
24586
28953
2364
18104
7575
19028
7790
11382
17570
20256
3676
10168
15815
24174
22658
8816
5334
30972
18489
16639
27823
2204
28441
16943
14429
8846
30517
12969
28352
24513
31461
20231
27399
18662
10973
2367
14238
846
6825
9371
25840
16875
19561
27192
28636
21007
20884
24590
19062
13971
28217
15177
108
18757
3567
15521
30895
2263
16375
31666
11198
5187
22022
29900
15743
17090
5086
23101
23321
9702
31464
24683
3100
620
28139
3298
24667
19974
28391
13226
10623
26647
20812
5431
8758
965
3668
3201
30264
2773
8059
296
11962
27766
30566
16839
27756
2761
29655
22728
23478
10400
26810
549
17367
1380
19737
4031
10387
4870
10569
27851
30021
12924
27333
4469
19395
26694
21504
30643
3313
20242
9770
15358
18301
14365
28073
3161
10846
21174
29132
12083
32540
28582
19707
27450
29669
17406
30795
16746
22794
23413
7185
31819
11430
11731
14692
30397
9440
9551
10443
21803
11407
25832
31367
28460
4425
19206
24951
22435
1349
29102
29988
7248
16460
24323
22437
12512
19170
27548
26313
10321
5636
21601
17904
19329
29982
19249
17824
12338
19292
27237
24749
26667
2042
21118
30599
10697
14452
4840
28778
5594
9659
12978
4432
27417
22411
7500
32251
18302
28275
1390
24346
18397
1080
9564
8534
8757
32017
16213
27729
26999
7247
20762
13632
20921
18493
17203
2834
20203
32437
28557
1795
19125
18027
14760
31768
7008
22378
21087
19581
8425
14268
25623
29575
9167
15466
28226
7236
17736
17763
20630
17667
11596
11477
8207
11240
21318
19422
30581
18281
1903
29923
6714
30602
27497
3947
14988
24278
2298
30118
30557
12603
11235
24758
7314
25540
6657
31516
4851
5709
1053
29846
3850
14
7066
23572
10145
23693
29535
32325
12450
9866
12064
4970
15611
23992
25163
1329
5859
14036
26892
18924
100
2249
388
13582
9636
18212
8887
2875
30612
12177
32649
16651
5073
32091
8119
29888
23635
7037
5063
9004
4336
14134
6528
3029
20333
16218
28116
449
10807
15287
21289
28999
30907
7796
15893
30121
6802
19594
10643
2770
23771
17999
13635
14727
14031
18617
30085
10213
21369
2677
8818
8386
4804
17958
8523
19547
20046
13418
3290
3122
19625
11850
10443
11019
31959
8501
26696
27139
32048
22631
21275
27536
8210
19378
29129
7758
10863
27430
62
26341
261
27267
18138
1689
31409
15668
17028
25480
24204
17843
15411
18383
12549
8067
23579
1736
2347
3535
1455
4691
27175
30562
2312
26469
12606
13929
15779
17992
29671
32531
19736
17535
18155
12372
21319
16086
11398
16511
24243
8626
14513
17970
9559
2668
14341
24185
6903
24739
18237
32113
22286
9385
27808
16916
6790
23761
21194
9581
4204
21464
16167
16751
24091
18058
4133
23467
5786
15115
6339
25552
21958
6039
31419
17583
31225
14038
28163
26655
18775
10550
13914
26687
31358
9628
880
24208
12458
30193
24092
17482
2903
32603
3552
29037
19150
14728
23798
3961
26090
25864
25859
5728
9289
2742
19558
6918
22188
2952
1484
1824
29551
4934
11708
9732
18309
7396
11599
26518
23912
2965
18908
15906
12359
23404
12118
695
14497
8865
28517
21438
15877
32491
1491
498
10201
7093
19087
29451
25846
24764
30371
10270
10757
5245
6536
2454
18788
17808
23065
807
12704
3263
27776
20149
22821
406
24209
20388
21644
7900
11783
15950
28804
27300
28342
8227
22954
30716
25467
28478
18134
1400
28283
6016
32467
24863
10980
32684
20712
21290
26849
764
14287
79
3328
29067
32174
20208
21260
16766
19067
9286
35
12454
31626
4825
27184
9717
18029
9533
21139
19795
15329
21720
11662
18777
6075
29450
30077
14781
5255
29104
7519
28194
14186
5453
5356
13970
21167
13545
332
27227
24309
861
16431
25483
9471
28735
16413
20351
14925
14755
28847
20051
3071
7310
27540
23631
14082
6307
25149
25913
10490
9791
25400
32323
4522
8751
15766
31181
8981
30206
20429
18845
4014
28307
7644
31193
3360
32286
14258
9176
81
11930
13024
14264
4078
9761
20856
2324
26226
13447
7219
14173
8599
31769
31863
6363
9466
14310
20153
28545
19615
30040
19644
30918
28111
11684
14309
24902
3429
3326
4426
13299
4597
16719
7635
5535
18426
6788
20960
14111
30705
16888
16804
17512
13172
28823
15201
27552
14230
9143
12233
29586
20326
24703
20172
2508
25259
1388
20637
9557
459
26519
18558
18116
26068
30373
6458
1092
24845
8502
18971
29410
1283
11664
662
17100
3005
14555
28314
27961
31407
22948
14088
32453
29335
31953
20515
3140
17891
30188
20174
9967
31342
24727
11837
17715
27830
14306
17794
19433
15006
30547
21741
29806
12801
26460
8957
29514
20345
17659
4508
31498
7317
7881
19728
12118
787
18605
27650
12155
9420
11428
8230
12266
15134
25251
5419
19297
4963
32121
18728
26442
12553
18135
28771
26483
8333
26974
7647
3009
3030
30546
25543
23129
22749
369
14190
17293
16800
9312
1165
29087
20766
22391
28760
851
30903
19659
13256
12046
21236
31386
10666
19144
24551
13709
26147
9244
14257
12579
179
3609
19786
864
24968
15741
17311
19013
483
25950
15222
7172
32690
14568
30324
27017
2366
9052
21391
32175
30926
2554
12440
7975
14553
19534
3504
28734
3847
22214
18976
8133
16423
19403
16064
10729
3051
12642
28010
32167
21755
13430
7495
20659
4611
31904
21930
28033
9638
15999
19749
24261
22110
13232
7654
7291
3227
15315
22997
24603
28273
13038
11016
1925
4496
4030
3037
22140
12647
17869
7756
17234
25869
24028
15472
19340
29015
25817
30797
20529
2076
18309
25553
3300
27384
26943
21529
21035
26773
12389
26179
13441
5278
27572
29992
6424
29073
31804
25175
9427
21328
8977
7467
18944
30190
26650
21027
32636
26242
24321
2253
27578
11971
19075
10849
21948
1902
23465
17511
3705
6239
1001
7620
9797
19870
20172
30031
24470
28973
10768
18184
25422
26418
7020
11526
24017
24
5284
28115
10264
8195
24009
24196
16576
11199
11104
12137
10481
23328
24706
16110
5303
8759
2044
12282
26750
4464
5806
28862
10416
28501
29522
16638
23904
29841
21639
21716
7380
9378
26769
32143
3642
16856
8473
8152
2829
21780
19418
30943
19483
9940
14873
6715
16333
22835
17564
18482
16002
30032
23621
26252
12960
25715
17751
9529
16315
32374
10170
32402
23714
3475
8264
31917
31574
13013
9989
12610
17111
14853
31729
20209
2640
17476
26497
20818
8856
27812
32399
5465
12650
18594
617
19927
22944
6315
19799
26834
17089
1414
17648
7345
17385
6430
19420
14858
16428
27770
30583
16028
14243
25357
19631
27288
27501
25327
26525
31138
27245
24097
2318
12766
31051
1179
14520
30368
1676
21816
25640
28302
14712
15618
11208
13559
25362
8622
26084
25510
17560
24777
13864
3849
13141
18602
23547
2000
20224
24255
27842
26619
26812
22135
7304
37
6015
25629
5427
14820
27550
32090
21926
19933
11226
27491
3594
5640
18065
29755
29584
10748
29943
18238
25937
15408
1805
2798
17508
26193
31788
11766
24160
15444
20298
21525
1055
32254
14359
26290
18061
17898
3151
20114
10506
27908
11859
22461
11917
4550
27456
4129
19943
4992
30470
10741
12389
626
6568
12997
8794
13225
13719
24503
5357
21765
31395
5792
26043
3461
31160
23711
604
25841
19739
8092
3632
19955
18525
23784
15359
11432
14730
13255
19211
26101
19021
660
30593
14493
12160
12480
7513
7929
9152
28546
9772
17146
12725
5046
19890
32691
6456
19520
18645
15040
21325
21881
3266
21595
27387
14592
1393
23841
26046
3958
1371
24904
5610
27291
22387
1120
27863
12508
22710
18710
7447
28513
18186
3689
13774
16519
24255
19505
3533
14191
5789
31474
4072
4552
19144
11462
20430
26576
6146
11778
23111
5424
6381
10464
12339
20839
29043
8863
9704
19951
1196
30498
19553
17578
6772
668
23932
24958
13255
6
23294
3922
1015
12809
9891
25195
26907
29057
3284
24532
16306
25351
15252
4685
11831
6576
9514
3310
19083
22311
17945
13614
30181
31270
18768
16715
12195
5143
8672
12766
27085
14395
28579
29755
25625
12058
32364
16823
26463
30877
4034
19060
16786
13884
3485
17204
31156
30354
7831
5497
18748
21128
14337
903
21750
13948
15529
27780
4502
31706
18085
6503
24780
26008
3614
3340
21234
4467
4818
13531
31642
272
5260
1932
23801
19020
22731
3749
30019
19693
3073
27632
20638
598
5534
24437
2475
14001
7407
27726
32045
8078
2732
28676
21
12878
11597
3860
26350
7208
28596
747
9362
2309
18483
686
22767
4500
17141
8475
3388
26044
19699
4956
8585
10278
25193
11221
17775
27756
23813
5947
16847
4813
4620
7003
7827
6239
23945
22895
206
23514
2929
30410
451
7114
4972
587
14028
28247
32200
18287
28537
32428
19173
1633
14634
31491
30291
12890
23773
21229
6808
31039
13405
3349
12913
27151
3068
22739
18375
1974
19487
23187
3568
24151
26616
28768
17478
27089
27916
12010
16948
26637
26039
23832
20174
6312
21538
3094
31992
15316
31263
5135
1629
18955
6712
22436
22135
10054
12339
13743
26271
23075
16919
14432
15249
21865
29439
30752
19849
32139
18351
2960
18069
1182
28319
7490
24389
10641
26865
14561
18763
11317
26636
12583
27004
23588
27532
23908
21459
9461
4345
4872
8003
10958
25712
2474
27419
18419
6763
26612
29105
30509
10631
4767
6317
23401
23146
27868
10512
5484
16846
4235
4421
17301
30536
17488
10457
15000
5862
3926
17931
22350
32232
31283
10848
31211
3667
5173
30285
1833
14641
13957
16587
30995
9664
32471
30137
18123
30238
32629
3484
348
17342
16074
21541
25388
17341
14350
23108
16456
15182
9230
7518
3561
21200
9173
26555
11406
11477
1226
23386
11513
29513
31057
858
13541
18225
30234
7350
24093
26762
16301
28397
15480
8933
9607
4682
20431
9831
25371
19999
5542
32093
30502
13745
27790
30064
29719
9359
13196
17437
23769
25393
8427
1737
16976
26956
24885
3317
77
26487
23726
30620
2215
19107
18773
32342
28202
5664
28963
32145
5201
1072
10819
1614
11522
24003
31703
28747
20557
17758
10925
6870
19675
2882
25096
19669
16025
11537
15719
4540
8046
28465
10806
22955
13076
26781
30716
28461
16958
26249
23479
5061
3032
13676
31560
14554
2351
9937
22202
11575
16808
20002
27836
28649
7129
10618
16040
7077
16428
6150
2185
7784
3576
31748
4831
19513
29835
5095
2601
1158
26188
31458
5630
15809
14427
5588
15163
4045
8970
9287
28262
16443
24001
3647
18752
15416
11054
24212
28953
29452
2813
6567
7
16713
28349
12050
12209
24644
1360
19469
2384
606
18365
23593
26567
21382
3025
24847
10286
27103
7081
13387
32667
2011
13489
6920
19372
29030
5587
11701
16227
2841
8056
21665
21813
24467
13350
19061
3341
19648
6365
28800
3062
26430
1111
23348
21696
2545
20274
32111
31002
9810
31185
12540
11134
11415
13786
11927
9639
28380
29849
29722
10771
27894
15568
12944
14154
29590
14112
4603
12977
13812
29532
14558
13047
14345
9026
31219
31148
5869
3671
28187
16570
18078
15373
23365
19365
11197
1323
24423
20426
17705
31100
3332
5021
6391
32015
17311
5027
2448
1145
5919
22707
1910
11259
16216
11253
13114
7629
32555
22592
6131
1821
24722
1991
26669
19799
12782
5599
4112
2832
20319
21484
1416
24982
27558
18411
9137
32000
29603
17120
15897
2179
1304
9296
2658
18006
3621
17756
12491
11751
11583
20588
17034
1598
17037
8493
21650
9231
14197
4405
3275
31855
24739
24608
28836
2103
9404
15933
22981
5612
6622
29269
27349
3737
19063
31811
6470
32588
31795
4567
32622
30681
6202
10948
12019
19537
21193
8031
25439
27291
27720
27328
1002
40
18643
24501
3476
1333
5421
3587
10245
17969
6218
10907
3714
25149
27491
25607
26798
23898
16807
12666
4217
31362
14921
5013
14407
11439
29489
4950
12377
14603
12800
2868
20704
6853
6019
2035
19139
23609
19151
23882
8860
18518
1221
12355
32564
151
28944
19126
27571
19115
1567
30762
639
3773
14933
15155
8586
19897
9609
31653
7375
17276
16731
18878
17628
27477
29642
18401
8988
8622
13981
32360
31502
10327
2380
25214
21432
18340
25602
14740
19230
14328
14055
24589
10118
24981
29383
27045
4672
8440
30775
8812
31701
1534
18868
28936
15064
4141
25130
3723
29698
26708
11516
15662
6434
17254
2716
13136
25372
26218
30793
23317
11521
22178
16892
23118
19940
21697
24136
26490
13008
31551
29253
26063
16258
3880
23217
10971
18174
25320
9274
28573
25339
22912
9637
21314
12936
32275
19707
11602
25370
30786
6905
20143
6311
4755
12841
1772
25115
1732
21056
14558
23624
4482
17154
21213
1907
469
16529
19782
19531
11128
22590
5565
26654
30049
21709
5650
32476
21047
7096
22504
15075
4778
4125
17996
25110
8064
10998
658
16332
12632
25634
1288
17042
4679
19342
9379
28983
12753
1649
1210
19555
18057
9522
30695
9297
1428
17610
25230
27257
187
27674
31983
2318
4400
14920
7084
22549
3267
19008
21489
31973
18540
24832
12408
19840
10941
31077
6785
19950
24879
6205
26806
20523
13042
16843
24388
21778
15683
25126
24892
27096
599
28826
25069
26184
21633
11412
14550
15266
13540
9289
15551
18470
32563
17758
10266
28626
9117
23242
23852
7176
18597
15606
23615
24641
29610
18486
24462
19010
12141
14273
22166
30158
18095
10060
23948
18623
13002
3228
8503
15376
23177
7755
28495
17570
19642
178
18969
9984
28762
17228
11293
20991
21776
18308
19056
9507
2255
2841
14001
24676
9946
5438
20185
9007
5749
12532
29500
15851
31779
23318
28595
19016
6432
22199
28799
11864
31130
3857
28479
7441
486
10733
27450
13718
28717
4924
16765
27325
21687
5976
14071
4071
29077
11366
1313
32631
23602
27686
23800
9195
18198
11483
10954
7240
24648
3250
3405
23530
20522
32427
19351
3873
2631
24643
9999
18636
8043
13977
22660
21032
16205
15922
29447
7818
1157
24152
26133
4560
17862
29414
13004
10917
30199
18267
2162
20851
15531
16798
1345
27360
2363
31252
23212
30642
31980
18425
24604
22396
12623
12639
4201
12132
28419
18293
32095
16945
28828
18551
22260
9489
24518
20465
5776
15427
5115
21844
31278
30806
16726
11702
1083
32391
7727
32641
238
25977
1730
12343
7812
19089
23237
18013
15880
22184
1701
24195
12027
7879
27499
12826
30685
14342
25313
26004
20631
19359
18615
18529
366
24704
12861
29837
2394
5768
4417
9290
19927
3654
1219
31648
15683
10709
32628
32533
3150
7059
8553
23114
13671
5436
5368
2479
31554
6246
25786
19429
13815
14884
24772
21676
18575
1061
5868
270
26638
11863
11413
4769
13048
13433
30515
2725
22891
14667
28433
10179
20919
19769
11123
10007
3936
23999
11998
14586
28434
9737
9633
29457
24124
1262
10584
16879
3346
5485
3821
31432
30591
15260
30790
20197
11932
8166
18950
10065
27182
17208
19957
19602
25533
13368
19604
8988
15308
30381
28618
7430
15988
8883
5836
2390
15462
26667
14635
7805
3515
3458
3162
18581
6413
18490
2478
11421
11902
7878
26426
27542
8859
23186
8208
11511
9912
769
11034
8669
22921
30036
31256
5873
23161
23559
17098
20664
28232
1791
20864
7647
15443
10612
13378
1264
16975
17262
18091
17114
15929
13768
9349
31119
3486
17644
27130
521
1998
19189
27853
2748
18576
16021
825
25554
32173
15595
25819
20567
16505
13715
7130
27539
24056
12205
3576
19858
29300
2075
10362
29944
8560
30739
24843
6998
29963
16623
15009
2065
11819
3886
19593
22125
25486
3209
21971
29282
7875
4474
19453
24740
32682
9354
9785
499
6605
21014
1294
17643
14771
28927
30555
20799
22434
15878
12417
8331
7002
24138
14185
17150
26364
2626
1827
30594
16058
20110
3523
29941
30709
11681
27320
4700
884
22731
23505
25472
20327
22300
10123
22946
8818
15633
15399
4529
10255
9722
20746
4420
18264
1932
6711
10235
31093
16272
7878
31342
9901
3117
22430
16473
11108
29060
12270
4560
31951
6469
859
7643
29646
31162
3648
28623
5617
15232
24265
11076
9196
17354
5923
14091
18755
14971
3449
2190
16145
1366
1993
17620
5174
26786
22765
32103
28965
28131
5441
31794
21381
23108
25664
828
8904
8562
29013
4452
22591
1854
17801
14708
20225
25666
22402
12658
10019
16275
16602
21993
8327
8370
8280
25958
10871
20816
30354
2134
10968
25809
10160
19956
22809
20555
27791
8519
19776
29313
25829
25628
7187
25051
12859
5599
18441
4722
4229
19870
29685
29948
29345
1089
25856
4528
2102
623
30375
17708
11221
23033
10995
16639
10723
3083
24198
1490
26210
31495
7877
26519
26354
28744
31041
29561
7886
460
20622
30292
21018
13593
11808
23211
32633
10081
30669
20669
3454
19432
5596
1811
2283
11885
23627
29984
18397
27503
5676
13109
1342
21516
9213
17902
25160
10672
9572
5988
17356
12720
32342
13600
9383
1263
14406
20088
20338
11342
27604
9351
10323
6210
6278
27587
16802
26704
18356
17612
28056
9545
6474
21026
1619
29245
12349
1076
10505
10965
24319
26057
2753
4096
8587
25064
8993
11243
20875
7905
13395
10833
32514
2404
30151
22771
13252
26068
590
9728
30136
19901
15822
8695
16322
30274
18557
68
2341
6673
12298
30330
28808
6476
10669
30458
7334
24808
4067
23018
16512
7925
24029
8685
23482
31621
31509
19497
1135
17236
3798
18209
1698
13197
10274
15958
18087
9375
8625
4371
19980
2637
31430
31276
12803
17948
8907
15071
3781
3916
26000
25566
875
2978
782
28543
31440
18760
13185
13876
25868
24269
30271
8148
29737
165
15665
26701
24273
14684
24606
18279
24509
16398
14059
5526
28021
25412
2362
16410
948
1203
23309
11651
25782
11033
31317
13940
16871
19862
5982
21763
3127
19491
4025
26066
8595
3056
23869
3169
21098
11093
4917
22906
19645
27519
27657
7073
27580
3600
29462
21003
23268
21716
22534
9532
6488
12795
25476
2851
32264
12601
10945
3840
24175
14809
4547
19147
287
32032
7442
23669
27047
12655
13282
514
26223
25618
29398
21276
28326
25373
11718
7740
5728
23130
12305
31676
12606
10497
1836
30774
12072
25235
11145
14636
8471
9009
22384
10346
6310
16353
13992
27531
10147
2330
12213
20734
10439
22277
13504
10496
21149
19266
26809
13346
5837
9064
4756
7392
25129
28451
18926
18378
13896
18872
3988
5320
7478
23591
17636
11000
14292
2438
2370
31805
29817
922
27056
17480
14599
18248
12038
27119
31492
17353
3874
18921
31772
17474
27165
20654
31294
18812
3854
16948
3263
17361
22852
30707
27816
31056
4947
21625
12516
22938
24322
28879
4162
26874
3902
23256
3774
4532
4948
245
6522
26765
32544
30550
20477
32475
4970
3816
10682
11242
29765
13817
8004
4981
2964
24308
16694
13775
11388
3380
18035
17240
8250
31331
25295
26108
16037
16524
26455
2080
16273
20175
2511
15547
29208
14917
3384
25770
11052
32743
13744
29769
15102
6464
11962
29944
31415
13315
36
21375
26403
4623
12912
2589
29212
567
22384
17361
2546
25524
7651
6496
12967
1838
3396
30781
19059
28856
6056
1166
14508
22734
18459
17921
15408
1593
28536
30968
32246
6140
28905
7516
22547
17016
1130
2091
10453
11121
15261
14390
31711
5546
13814
23691
9417
6977
4484
31909
9145
11174
28469
12090
541
10425
19116
21670
16324
12020
22522
5817
7504
15300
17147
1897
12808
9082
18517
32295
15939
11982
10601
29863
23554
24614
24474
3804
3601
32735
25470
32560
18923
20083
32583
4119
25187
5132
27571
5865
31636
29797
15451
18361
5561
3536
30767
7843
19844
26290
31530
24500
2972
14843
14141
11871
18977
25309
25575
14389
29071
13192
9597
13019
14178
24496
5539
12488
30155
13854
25275
4708
24049
10032
438
1450
18404
27583
30340
31653
11264
69
2901
15265
25707
23217
14361
15891
15721
13396
3440
16313
13331
5160
13192
3860
22565
13922
26446
31881
30255
12833
28858
169
18692
13740
1078
14714
26773
14308
8295
17690
26453
5892
18114
32647
28474
13752
6841
9696
4937
32478
6301
6548
6604
21300
355
14517
8396
6637
31346
14988
20840
19563
12296
18532
19977
21889
29749
14731
9214
25277
31017
14818
21532
31594
25701
12365
31024
29164
20105
31750
2068
3617
22959
22809
23611
18477
19764
20460
4805
27852
10767
22125
13061
17710
20097
11383
10205
15704
22353
9040
22280
27832
1718
18237
31619
18343
12993
20915
31890
20689
25364
30563
27541
6556
5809
13193
2205
17617
26756
10040
27223
17670
26753
13171
4780
3837
30942
29803
8414
25141
893
4505
9593
28234
8956
18207
578
30218
14739
624
27508
24363
7950
28968
13786
18969
27174
6182
25733
16411
21998
2350
8485
8490
13364
260
5244
4757
17506
10198
11693
19823
18416
524
9851
18110
7490
20337
7497
6130
2585
1257
25710
13872
5488
8795
8565
13852
29170
10142
31228
29027
26251
20141
22128
1631
9297
11395
9241
18935
25591
12728
26563
2407
12681
18257
25732
26017
19724
14749
31412
20933
4232
13296
12884
19635
23103
365
26851
8016
14596
2191
10701
5125
7103
25917
31742
27000
18660
1136
30508
27341
32157
20302
2090
28872
9621
18259
25300
13686
18706
28317
2504
13532
21902
6541
27377
11118
26870
27113
9148
9049
30760
31809
25031
2329
15906
978
29922
6614
14509
4309
16765
5184
9056
10557
5885
21263
22826
14138
8691
21791
13271
6447
509
5326
27472
2411
25452
32003
13477
24796
22584
9754
905
6190
6373
31180
15610
5625
24753
21626
11117
4906
3553
13447
32159
8333
11504
18528
21211
20938
30785
5375
4670
30082
10672
12615
30069
28691
28463
20811
6104
18790
23396
2433
2709
1786
12925
28877
10364
4930
2419
4504
19448
173
22188
11730
5540
7720
282
24991
27467
28967
24716
9125
5269
15806
1884
30754
18659
26219
8754
5699
20268
12459
27352
29182
27817
32630
11017
15648
1825
20191
3491
23898
16137
25028
15361
4157
11291
22200
7200
11073
10640
23317
2813
8275
21076
29233
25457
12561
8212
857
22236
22504
16742
4938
19231
20218
28507
21820
24552
29877
23267
671
27990
18941
14941
3275
29779
26150
27158
29018
1099
3760
17403
24544
23381
7698
29400
32580
19067
16637
15279
6209
23569
21815
15256
14841
27273
5734
8103
22841
24828
21233
15229
1132
18812
10182
11579
22452
20397
11517
18919
9063
5298
10638
14932
3754
21280
25828
32508
23260
14859
21696
13302
22942
8840
20625
23859
26648
28774
17514
15314
21038
11202
13835
8103
28284
30311
26736
10724
23481
13629
5332
27082
12692
6297
1442
20323
890
26370
6136
21660
18364
11723
2481
18694
8966
15518
10325
15867
30317
20076
22682
13564
27321
1604
14262
6810
23614
20474
37
30097
8430
6111
19469
29701
26574
12307
30548
10864
18345
28755
6770
28892
12767
17665
7504
29769
18286
7762
17982
8752
14403
15909
32760
23991
19462
11086
5754
273
13904
6237
3776
12856
3878
32354
11840
12917
26402
11022
23760
28224
23540
13213
27267
22421
3230
5687
15048
1068
27125
12779
22744
27767
17172
30784
26377
16772
20785
28718
19296
31967
16259
11257
13121
30104
30116
19466
22139
29117
7030
6129
23061
24610
14275
6928
16501
29962
11994
20148
18282
3085
836
10122
14026
26049
6007
18082
9108
21633
18823
25182
19343
20806
13173
13159
1169
13610
25478
14347
22540
10656
2271
21301
2527
16824
23972
25447
20360
26559
6448
19713
15446
9046
15322
9224
5460
13342
17621
14344
16578
21341
29341
31281
18035
23290
23086
6034
10916
14891
12797
28631
22708
1163
7808
8597
28460
24964
28765
11385
24489
12067
18001
8531
16722
16559
5702
9902
2197
8870
20534
11581
10402
24913
7126
29954
23811
6620
28549
26254
9877
22826
24951
32244
24408
26615
6962
15334
14871
15563
11168
8267
9948
30726
3218
31170
5246
15581
9646
8096
29188
5391
15318
10008
30061
1823
16346
11843
11677
9053
19419
23235
21691
31717
29968
8347
28381
6899
24150
23462
30289
28067
15590
9798
14587
23977
17557
25196
17639
9910
31592
24406
16574
14500
29893
1549
8904
12186
1131
26207
9824
6133
1865
11803
30936
5700
24950
864
16145
4478
6693
30682
1136
13445
10598
19639
19984
23814
12645
20985
18589
23675
15831
18411
14145
30147
21475
9764
12429
12253
3970
5928
15066
4595
3964
4846
174
28054
22225
16664
13224
32000
6717
25079
7924
31814
4337
13888
1965
17054
1861
31259
12669
3637
21095
17720
451
9787
13658
4580
17594
10376
18773
14754
32645
24317
29792
25338
3443
3055
486
22687
32278
6422
7957
27714
11870
26853
23810
31177
8174
22475
5954
16298
10431
2358
26473
10058
19802
16614
6780
1994
12777
27836
19022
13157
21188
6940
1484
6797
16322
30580
25027
10355
25137
31910
3830
28296
16605
4038
28038
29763
32282
26499
31668
12437
18471
29495
5215
24638
14330
9030
25796
13152
31888
5287
26796
30353
26517
13794
30123
28204
491
31413
6152
8782
23716
21005
12116
9000
11811
4379
29215
26649
5014
18990
11096
15826
15265
23661
9017
9573
2716
31282
19161
29622
32541
4509
17562
788
26653
10654
8554
9897
20958
25
16595
3928
27511
12084
27382
26637
19379
24210
20444
25815
16537
24869
28335
28249
6054
9053
17483
4760
24154
19043
3469
18195
9783
2331
27299
16482
22772
648
17509
10774
26352
30616
25102
30473
27184
7157
23037
15305
9535
10385
25966
4800
8391
1844
9365
18576
28926
7807
18393
23987
16964
3517
25760
20080
16366
30267
24714
32637
15152
2137
18510
30453
9201
10681
12694
6304
29401
8232
17643
18228
28322
32578
20204
31045
21674
29614
11220
17701
19032
14431
28320
7101
20182
21389
2083
17427
13020
26129
15552
18406
3439
19399
24133
28008
26447
22976
14135
31595
28684
7047
27050
1587
28675
18536
12680
1770
24058
26283
3476
16695
32059
1748
6335
22276
23049
32569
29457
24421
9321
1743
27838
380
22259
30795
10164
17618
8419
29678
15601
14058
8172
9006
13860
15465
25717
11907
2151
17250
7525
17580
4919
5495
23866
28945
17780
31444
18811
28897
31391
19671
22415
27893
26324
19652
19566
17048
5524
31485
11506
14163
6972
29795
7117
14490
18883
14656
25436
23828
17489
12813
25065
2724
23235
22614
2666
17243
28393
14397
28699
25644
1821
27011
28018
1659
12146
6364
29550
2697
9130
23598
8748
15945
24132
12564
8091
3722
8151
24431
19873
21599
26509
21323
12086
20348
6464
12665
9839
14732
26363
23425
11166
32118
16164
3887
19088
3868
25424
23403
15043
8958
25401
5836
24285
12899
20592
28102
7930
19704
29315
13390
4665
13573
10057
6134
2973
11276
19826
20980
2018
28486
2181
17569
3712
31958
1980
6181
2185
29455
17081
18368
17050
15454
19241
15024
1763
9723
21653
17299
8402
11137
19517
27745
3256
21721
31144
22983
23896
22676
2823
14653
20240
9539
11287
25690
22254
2419
10138
27065
21043
15010
23185
13799
30838
8830
2822
27538
20207
6702
8647
16939
12519
18721
19209
16624
28243
13258
22777
20259
2103
20653
16696
6750
20336
3153
6684
6449
4844
31563
16859
7641
15612
22238
32362
31109
5805
2067
9673
32141
30770
2895
17497
29122
3019
17978
30316
2345
2015
17242
21285
14115
4014
30183
31738
25753
10005
28005
16878
13547
5706
28493
9279
14011
4763
22494
22672
20184
25409
2952
8830
28059
13955
2885
28338
1933
14171
27932
28771
25286
30872
29283
2343
7225
22956
894
20673
10660
31746
25429
26939
20207
30053
18830
16130
32767
4301
20475
11215
30507
15862
638
8252
5926
17149
2216
24853
18816
23186
10714
955
23868
30059
27220
5964
23525
19260
2829
1540
31816
23678
8111
25532
7594
22681
20928
12387
6189
25667
12033
13757
16119
19391
21248
28775
5883
11694
15579
16100
8802
31058
20930
25518
26035
21723
32182
4579
21451
22341
15654
2784
18270
29543
27507
31560
26342
16029
26789
24095
12830
14476
30113
5955
22012
13776
32248
18789
18483
4159
6929
26998
4798
11775
2058
20613
27101
24996
9059
22274
28814
7132
26962
24070
12970
6888
24254
8879
8383
18137
17417
7767
26042
17767
28806
8918
16555
27141
10111
1798
25099
15951
32573
14601
15708
16976
2788
2172
32136
12456
4901
931
27093
15596
17865
13196
14109
13831
8861
14972
26232
25647
31517
26603
5029
1089
26000
4965
16149
24540
26552
26945
23580
15943
7417
29618
20107
30476
13277
26719
1194
28043
21802
11435
31740
13681
19499
243
30549
13929
24122
5804
11213
12515
28707
6308
4072
25579
26426
22994
17032
5503
30499
26881
29920
6688
4610
12634
18055
7956
10495
15765
32365
15966
24283
13894
6433
23846
12314
18304
12211
32644
27797
8804
8029
6903
981
3923
17747
26978
23157
8901
16230
12946
15738
13678
16986
31681
29295
15726
22638
25246
30063
23893
2266
31808
31683
21803
26227
24432
23751
29230
24788
3308
23290
16997
8693
17749
6180
16485
20545
2085
18622
32437
16225
5823
16382
18626
28609
30758
31084
15477
24410
27064
27774
19127
19147
11119
18152
29541
21473
11690
19320
12202
1266
456
15574
23940
27995
14693
22217
29867
5102
21871
26675
8565
25982
21874
18906
18211
11914
3307
18066
11422
32485
20433
11147
11026
9689
2614
3208
17656
19719
26861
29442
16321
4720
30347
8120
2641
23367
27285
31053
19629
26503
9696
4473
11428
3994
2017
31803
20513
18717
8821
26544
11953
60
17171
12468
31578
30117
25265
18064
5002
30020
11298
7218
16950
24377
22370
18645
27372
12780
30678
12909
2093
20899
7336
19949
7703
8353
14945
772
31538
10314
2657
23082
1719
13520
3413
10890
27386
16161
7305
17700
23825
3373
14511
3245
11181
2144
7122
21324
20611
21455
24303
1319
5783
9922
16319
7431
22459
31706
4317
2701
6531
30736
21916
18476
4510
28922
2120
28006
22212
28807
25520
31212
7990
12543
571
14049
12334
29599
170
27970
14065
11061
334
3622
17483
3132
28119
15707
29536
12068
2128
14054
12321
32462
10121
31601
13973
7152
15224
29045
4514
13453
12345
18940
14615
11519
30149
19448
20623
8254
6959
11111
25061
9291
29542
8218
30990
24420
6236
17096
5688
22680
8646
21943
1715
12217
32639
32490
607
901
19583
16066
29954
21909
25374
11619
23907
26002
21019
32736
21146
26442
1793
30196
14510
20352
13773
12254
31383
32226
23787
234
23125
19758
14203
20482
11689
5762
7825
21222
19012
26406
19018
8163
11713
15950
20775
27699
11386
21475
18360
14839
22118
9713
8370
28825
1902
17960
20260
18852
32194
322
4668
2424
8287
27838
9577
7949
29276
1768
12431
32056
3997
29203
15787
31180
29155
31658
22871
2023
31586
16755
9317
15834
27429
25299
29751
2738
15034
22714
28576
30385
27442
14344
11157
15341
702
5880
10483
30591
9723
31544
15903
9816
4814
26764
23869
17140
26224
9493
6516
2439
14797
16301
23919
11681
3325
25656
9552
10846
5111
1413
27436
31552
21147
14572
5335
5383
24050
18016
27482
16864
21483
28077
9746
6279
17077
18359
30597
29201
22829
4816
21665
188
13956
11691
22701
32617
24835
716
10670
13811
6663
11455
29861
4984
6594
11725
4643
29958
13352
24559
7609
32411
8560
30874
27606
4967
23720
24636
10842
27335
18833
31391
11664
15369
1165
4197
30337
23797
1755
2847
4868
2304
22232
12818
12790
3951
9424
7799
20173
9966
12156
16734
14977
10066
18766
7063
30701
1250
16390
4261
20312
31701
25908
9183
25308
26377
18424
6571
12760
14426
27715
10809
8708
19589
13246
22477
21596
365
15812
22044
111
11582
2111
11201
19088
9265
3250
16130
21413
13201
17413
14963
28234
1987
3430
11027
3244
17285
2135
31111
16511
28760
17486
3240
23452
1634
9506
21943
16190
21194
22356
15332
24599
2448
7674
19641
10556
19200
27653
21197
9699
19910
3711
15650
16995
23649
27044
18656
6789
4687
17217
29641
25683
30673
15380
19808
6182
14850
1758
31336
25648
5875
26006
9225
12076
540
12302
29800
431
16533
25528
5373
1375
11148
31091
3855
19684
21631
966
15216
26709
29501
12475
3920
3104
7294
25807
22476
32270
15586
18571
10057
11336
26942
28017
4249
28407
1394
16320
21472
3615
28099
8229
28457
2671
30914
3740
10446
18234
30831
15333
27606
19286
17490
1321
10880
4637
2138
808
16704
25391
28114
17886
19699
2768
5810
26281
21780
20129
12560
29600
9466
11369
19375
7848
10460
29352
4815
25912
8657
29380
11645
5042
11545
2731
24612
12196
27469
10896
8358
14427
14152
20115
32127
4715
25499
20563
27217
7749
6680
30565
5442
26005
18636
5689
20375
14470
3696
17026
26081
13474
32147
27584
10597
30024
11263
4739
20424
25215
3129
8184
9924
3016
5214
222
24594
11947
1571
22590
26981
970
29356
30202
14157
27877
14068
28215
17334
24027
30967
8877
25957
3415
25605
900
13560
2156
11636
4842
15328
21608
13109
27143
5004
10197
21254
5849
7821
18177
23674
19777
21702
9352
31456
14101
11913
31988
17054
20999
5773
32430
9412
21351
15514
15482
4626
13475
26170
12448
18552
31042
26363
28780
6329
31175
12832
27077
16341
19690
2779
27808
21280
26572
26191
15992
26756
21849
2188
17613
24836
2047
30845
25982
15887
6460
1951
31356
28437
5633
28372
32301
9605
31112
9343
31378
10300
31503
19879
27810
32206
17518
10024
10218
22404
2540
14441
9749
4075
16549
4888
9977
11074
25161
27939
12829
10652
7524
23528
1848
19673
16568
24394
31815
25008
5364
31723
20346
3293
28344
4360
22908
17090
14975
19538
8427
13499
7677
7700
22412
4502
32184
31450
27394
26158
15196
9069
2456
12708
18898
12363
23244
10624
32585
6771
1610
811
18255
5308
6255
3592
21258
28668
29881
16236
3324
3066
16140
11802
1632
11233
12347
10037
14177
27043
5037
10994
21388
138
13516
2838
7069
14364
32757
2171
1098
595
15859
20280
5258
8780
27744
4005
15733
20559
29283
14580
29623
28349
25035
27307
27048
10781
22061
17329
11370
1380
19715
6359
24006
2146
19456
25080
16747
5751
18187
24511
32199
2855
29239
22003
4211
10820
20418
1171
8150
25465
20376
16099
20913
18731
1845
12513
25264
12289
20479
2224
24134
14407
25494
794
19789
22817
14395
4329
15707
14640
4160
25746
29072
27663
20022
12237
4256
28177
10737
16245
30956
7633
4123
1931
31953
25824
27963
11489
11301
5791
5251
27627
4408
11334
17074
23516
7446
26312
26890
4526
27556
19914
19861
3698
19427
14532
5884
11393
12057
25613
21856
31276
27062
8769
5440
15005
1990
3151
3785
20836
2629
26666
5821
11508
10007
13029
11820
20857
30575
16841
26439
15884
3753
7964
31948
11421
16058
16624
11164
16152
18177
913
19142
10694
10194
16447
1852
26992
23428
10794
6252
29471
2081
18828
31986
7880
26951
13696
2538
26467
10035
25294
27490
10350
17804
32676
11173
20965
13065
17455
9331
15993
20679
14414
11058
16719
30553
18803
17496
29453
18037
24530
27458
23553
3649
12569
30722
14017
24232
30586
5937
23351
10919
10591
24845
14316
26652
5975
13180
15740
20619
6961
28713
32425
11212
5750
27248
26306
11828
14151
25018
27566
32609
23342
15305
25194
304
21726
14647
11314
7909
20091
8192
6414
24290
7045
20150
23045
29554
23443
10247
19624
11729
11924
10436
4184
14808
13965
31015
12000
30499
27260
14871
22665
31869
2328
26054
14531
24398
17416
6846
26760
6970
31344
7201
20753
14316
2866
14837
12033
302
13970
4825
17952
30969
13134
2464
2977
28383
23575
6194
22525
28779
25052
27559
21679
5152
12086
29270
11787
1788
1465
29078
10127
23694
28051
14644
5321
9430
30055
26787
24115
8615
13060
10384
3178
14095
22698
23424
13584
8555
9902
24986
14678
25334
15812
6157
6215
28427
29866
3231
28659
12972
26369
11738
26880
29214
18089
2605
26289
18736
23811
29047
28200
24750
23871
2149
5172
29479
18849
861
18064
28198
1989
24041
18214
31719
14085
13761
626
27362
8638
15118
1709
5024
9456
2612
26731
28813
13939
10783
8297
8995
25416
19005
27183
7642
27269
23369
11846
21198
22953
3467
6770
25174
4012
4291
6081
27820
7406
2468
4399
22622
27240
14498
25698
2620
9790
25949
8124
7148
18673
1538
6713
126
20788
9740
32572
12599
17261
15639
25978
26288
16590
20739
19720
32217
32579
32055
5544
16593
5857
22216
29744
2475
7222
23487
22610
921
10119
14209
20869
8761
17455
30661
25791
4284
19856
5151
13150
30934
28832
32381
25262
3266
1820
25444
21261
7343
25593
14907
7203
27402
7959
6170
20218
6488
32404
28035
2775
5186
893
27069
18203
17914
29640
4430
26151
24277
1243
3072
25107
19691
16046
18084
10939
28736
10246
1857
11501
8902
19136
8234
27343
26902
19231
27277
16393
2869
14126
12575
19858
1438
22152
8106
23133
16404
20785
2139
18248
23427
23819
31402
10861
16314
7436
6554
4516
28671
26769
812
17532
15405
5184
8920
6742
27920
21264
8692
28091
2981
17481
24469
20050
32628
15913
11400
23266
29213
20841
27557
2498
5148
23330
18649
29197
2509
31825
9432
23018
30015
19440
27403
27512
2087
13525
27339
1733
20031
29074
20359
3991
29204
22252
17101
24355
4029
9499
26996
1311
7364
27010
10948
18934
14004
11840
8177
15442
1840
4632
16166
15760
16312
16884
32009
9749
17043
6296
2773
11319
1332
24626
2605
2055
4982
2365
4694
12062
14840
2867
15849
12534
15623
32005
18011
26405
31318
18376
2088
29494
3361
12670
23536
4210
28446
11700
27403
9823
21959
29130
4518
5986
10275
12314
31140
25881
29242
14883
19841
25287
32699
16731
28408
13260
28154
2186
18530
2150
21807
24649
28567
25020
12252
20427
12911
315
13325
10683
29540
5658
23462
21242
14372
12548
9310
18836
15409
24076
12465
22419
7933
27410
27303
12827
102
12158
27168
9354
32241
3028
7804
9739
9813
7296
21394
25399
6222
23227
22741
31157
31725
27134
3023
19217
1041
7676
2455
12212
9942
23501
11768
14153
29636
8313
2750
20529
26125
26414
7192
19270
2610
19358
160
7907
15042
7487
10847
555
12785
4081
24677
26855
10923
13044
13345
20695
17903
26895
16470
25092
24639
32623
23441
4884
13072
30124
12024
3708
4067
5220
13359
7955
11759
8179
28703
1989
28430
18718
12250
26643
9232
30941
16002
3539
19135
28602
29173
30539
31580
21547
30568
8950
29303
26050
5452
16249
792
4695
14726
8876
28175
2581
3379
16659
19592
7574
13301
19865
23385
32535
2923
8558
3719
636
22227
6183
2499
17797
26958
13105
13298
21547
4235
3060
30441
14401
24381
7300
18885
21334
10804
32656
2252
12053
28335
17550
15258
19997
32423
8955
9637
26261
2267
26684
22030
2886
23423
16567
9196
7547
32756
28882
17742
11250
4547
2800
22314
21769
10952
28318
32196
15719
24333
23445
19369
1971
16482
8479
10159
27540
31190
21563
15117
29366
15101
15173
7871
28809
31231
26107
2701
10084
20304
1279
17477
52
6890
30300
13918
12051
13889
16488
3002
28580
27124
29935
12295
23875
17272
20351
514
20389
4590
13944
4942
10936
12203
20897
12286
13640
6409
21973
22769
27749
8191
9863
28624
10585
15517
17148
6772
25281
24855
31582
14333
24100
28353
10863
2960
26507
802
4596
12336
28044
30428
27416
2253
926
1385
16977
29224
32484
31593
5450
17816
25421
116
8636
747
2386
8204
5743
15141
24654
4899
6695
4567
3838
30769
30745
16205
14870
15989
17695
19727
7701
7725
13687
16558
2873
27680
4940
31935
4140
6874
14747
13524
5586
13342
26145
22185
31298
12479
22020
19105
1712
1201
1189
23983
30380
2469
16610
11300
25127
31595
8505
29854
8446
27973
9707
4857
4283
19495
14648
3311
17743
555
13276
8867
11892
31647
10656
14473
15016
27745
1779
28534
3509
6244
2656
13549
31749
9992
31237
23780
18659
20914
2531
27330
9644
2561
1060
5608
18666
18899
32038
28903
26970
14089
17346
30659
12430
17693
23599
11855
10931
29663
25929
10515
24192
17132
9949
18798
22471
26852
6681
20883
18452
29426
20074
15862
2348
20044
9129
13030
13292
140
12772
11056
25901
1656
25872
25202
22016
11838
21907
16607
8522
6563
26521
17057
29437
23110
16875
31263
3587
5214
14956
31709
32724
9699
20833
24523
15965
26822
12483
20513
16045
6161
19559
10938
26500
4054
23026
12666
16913
23666
6657
4109
20421
15040
27047
5497
32143
16922
29412
27950
4751
25325
30817
24378
3331
5518
20444
17850
31150
9037
12983
2955
166
21331
32133
10533
12891
30388
14231
22114
25389
25348
30791
15630
16631
18713
3431
12937
26183
29507
30992
17279
2132
11195
21659
8737
27958
1664
8634
12147
23251
23848
18667
2429
6547
19855
25455
4662
17303
20062
29075
1208
9835
11891
31067
3187
16147
4765
21936
14298
20372
26697
23505
3554
14348
6477
4650
15501
30792
16393
16421
1953
25838
19372
4730
27730
20199
14741
5075
3393
14694
14450
5437
2280
11238
17737
13400
414
32524
31417
18729
13934
10755
29635
28712
30543
31170
7764
25241
20666
465
30548
28358
24024
20088
3806
18922
1980
15184
14604
18140
26014
6579
23359
1716
3240
25848
7126
4429
27244
25150
30106
28454
18749
10771
21087
14798
29369
28289
24451
21186
4717
4683
28076
26150
5878
25087
9257
18096
1249
3551
1643
3841
16978
27373
20893
19552
10048
43
29505
26361
7557
27075
12353
29754
28899
23349
16111
16853
31596
21984
29647
22900
15283
27649
2757
31899
14552
29959
15721
17208
26411
27090
13767
31063
9253
23570
8196
16502
9473
24817
21150
1769
16
15234
12550
19134
15008
113
24650
17608
18933
19574
8367
12036
25049
22943
10432
5371
30609
16478
4716
5742
1309
13734
27401
8528
30455
32451
26148
23475
17784
20433
1166
3822
12110
2815
17606
3962
3699
8687
21167
31523
29580
1559
24681
16086
30463
8659
4186
26929
20661
31641
2296
21234
18450
5082
16310
27510
15105
8465
31834
12049
32472
24656
9989
2176
27058
16189
9629
14891
21356
4727
15122
14974
10829
20252
17835
11256
28975
11387
12160
32543
29399
27481
18451
19733
31826
16429
29993
13240
1392
913
23604
15717
9707
5280
7922
2973
24561
28449
1602
32292
1924
6721
16116
6211
12614
2061
31842
1124
5894
13869
27830
10536
10282
5510
9591
14312
10926
16214
3680
2877
12783
31962
23891
27775
17746
11309
29907
18984
24331
1188
5318
10583
30585
11928
9959
7125
11752
26153
29976
4794
8728
5283
27067
32459
1731
15891
9941
28426
15351
740
4231
1032
11241
8601
20200
26271
8086
31242
29351
10680
30348
10518
24642
4605
3427
3574
8645
23284
14113
6748
4750
29621
884
23653
1911
24617
24184
1940
21124
26114
29449
17685
19045
16027
26464
14271
11607
17463
30974
4318
11258
29628
9276
30262
2268
25516
26428
1956
14545
18033
17022
10832
12145
6536
32371
9601
25920
18884
7539
24312
3538
11041
17192
31748
28227
21632
12752
15535
9867
8163
23888
9786
27410
2207
17881
14108
3193
13439
12763
20158
8990
30656
1804
591
22917
11958
4319
17699
1277
25456
16538
8592
14703
24883
20463
11007
23531
8049
28707
18398
11131
31352
4333
4754
34
3556
11788
26755
26885
24966
18351
12279
31136
7376
30504
23770
23416
10793
4751
14505
5620
5618
2837
16255
2816
22109
10519
31759
5804
32280
28920
13013
26235
28433
31990
17144
10953
25562
2050
11941
10472
15004
6110
8671
25850
29279
3487
27235
29229
31298
28344
2905
26412
15797
20293
10232
17754
12269
19165
16160
13672
3570
31172
12527
15128
4655
7140
13529
10583
11933
10558
24060
11213
21031
5517
11512
26668
26938
32535
12153
13591
11994
31260
23226
19679
10713
22004
12940
9634
30195
9438
12855
13266
179
17235
32587
8773
757
8013
21622
13070
32020
5800
14882
21888
28331
23934
23013
30520
7800
10146
27506
1264
28911
17855
10947
10414
29402
9682
17736
8678
9897
23582
5295
31379
8772
30506
7981
10366
14898
7494
23117
10644
8462
22672
29125
11289
2574
2556
16014
20698
13381
21098
8339
12761
11401
26375
18611
14693
26270
7854
30652
28409
31112
877
2082
8815
564
21762
15493
15902
20314
7376
21793
18689
8341
25102
23990
16299
19559
21553
104
23905
19414
11652
22104
10100
23594
13073
17923
13353
7603
26245
6260
5840
4728
25866
25134
26265
13254
25433
26311
31210
26509
12044
10335
31069
19851
31846
16356
12799
6201
27231
1041
31118
21218
18115
27846
23238
8875
1637
28881
26659
13519
32091
5514
24448
8515
9729
27431
23312
15629
9536
22851
1927
31671
27822
18169
30821
5974
3912
7899
18491
23749
19478
25646
11997
9819
13091
16760
20078
27271
2480
3422
32254
26294
13063
24116
32370
28194
14669
29101
24569
16880
18071
32391
11802
30005
29267
22462
578
19975
14018
23411
12406
13243
2992
4742
29971
10801
10357
21347
20459
910
29788
1033
5397
828
12559
23820
18292
27721
28694
8511
17093
318
1397
22105
4091
15638
24914
30278
28761
21180
25581
4710
8261
1505
9186
12288
4573
3076
9274
13902
20525
28491
19295
8532
4170
10549
6712
23922
27251
30541
12030
12173
6292
6744
28268
14697
13952
16676
24955
17355
21766
22074
10179
4662
4608
23747
31227
15975
11273
30528
18324
1736
20049
18796
12605
5875
570
7714
2126
19718
23971
29338
15098
21045
23840
10884
32448
1881
27318
18963
12419
6209
24888
16132
7071
31885
15982
19106
10386
27762
17614
22559
18512
29806
25862
22778
9701
20052
28777
19814
18531
21583
17842
14030
13264
16722
28228
4486
10081
2202
16911
30288
27508
17484
16513
8784
2068
23230
30634
9727
1490
17421
18671
20568
2566
19823
28177
18060
8765
17310
20171
28852
3683
27726
14694
9223
14033
13219
25013
9761
27576
32077
5972
2752
16773
12885
426
136
19080
22026
12799
22838
22219
11356
25021
29041
21430
5558
10259
17478
25668
3236
8576
11438
5649
32168
6718
4435
3604
7387
25415
3596
31275
14463
5430
29458
26180
1550
21887
16597
16326
21526
16096
25926
11229
4303
15679
13790
842
28144
11774
4033
26999
31767
10462
9388
19575
753
26003
13459
271
31758
23282
24124
30217
31731
9488
14874
3102
6540
8295
15732
30010
26071
5790
10136
24362
22828
12897
31171
3174
3832
24109
13400
27015
20959
24221
15907
26200
20419
109
5977
20919
27759
4893
2443
11039
26680
29114
18394
12750
5112
31269
17810
26824
8924
13351
14388
18612
202
20782
18320
22570
10596
15378
9006
30518
25915
16125
26365
14628
6862
13908
27427
666
17089
22999
15142
22733
11332
25837
31182
32166
3066
24663
7828
30439
32523
22330
713
8434
23158
31013
27796
10115
18941
28550
16873
7997
16670
11979
26321
18716
14594
9232
20689
12663
8114
13046
23704
14383
8061
17797
417
10731
6885
638
4779
6072
18884
25404
14314
15537
6051
12202
13320
27181
22458
8294
14633
16405
17635
12187
1090
14994
186
13242
30051
29385
18954
24647
9314
30420
22360
9792
93
9894
9820
24935
10420
359
15044
15337
3555
7051
27902
22820
29638
27106
16465
5311
19700
25101
20248
30070
14475
28443
15290
10317
22136
1813
21559
30448
19910
25577
13720
12201
20282
20367
5193
6512
11892
17003
28729
26104
28946
453
20969
28575
7507
14335
21456
11072
19145
25743
23933
1686
25005
20811
25392
492
21084
29467
20538
24062
3455
7009
11006
17427
574
11992
28620
27999
1852
12207
4744
20643
28071
20335
6664
8036
107
26517
15257
17189
29613
30133
4743
30779
29639
1212
12976
16091
115
26054
12238
17329
12020
13027
17954
6330
22469
4454
11401
17710
17475
5217
11639
8842
15567
23140
13478
32379
423
28363
546
24012
13216
25547
13343
29111
13181
27007
19772
15592
11456
25249
1228
32747
24450
31105
5119
28205
24691
7592
18491
31393
23405
7860
22068
21023
2305
21717
14688
11737
581
28889
23013
8355
19299
19132
4871
21749
23837
18313
17885
18463
26715
23728
32026
23761
24878
30092
7953
5579
2256
13945
21267
20064
7063
14615
2657
2757
19484
20763
23395
30954
17253
25699
1678
11916
12629
7824
8102
6951
20997
24390
30690
14479
15228
30792
18861
2163
22145
20975
16703
23696
7707
10816
14607
22489
26156
6399
18016
11260
1887
25113
13726
18689
26028
23964
26767
18789
26706
8909
5007
6563
21695
4678
19743
770
3241
12718
20677
21908
714
32607
15703
3693
8942
15458
16062
28494
19733
3244
13707
7199
21473
14611
6114
17857
26202
20508
10789
11996
2588
25673
17340
26332
20037
15158
3590
10142
20008
29217
17583
22863
3783
2395
1523
27136
24928
17179
19582
14113
27286
6394
6338
10738
23057
12780
25096
3999
20561
4127
15427
3065
4167
13327
13656
10283
30153
29330
23315
6577
9168
21903
4413
2098
8524
29985
6334
5760
10163
17690
17543
31529
31347
8544
25846
30740
15080
25947
23481
1044
21048
26285
25201
21262
12267
13205
18534
18191
27001
24492
26187
22620
29144
28489
20278
32667
25775
29516
9169
9524
6200
1197
2786
31579
22036
2972
28230
27863
27231
10833
32601
21745
6471
1841
5113
14720
19100
11667
15743
10643
27435
3720
9470
25429
14480
24191
23266
8814
10721
30619
13986
9822
24118
29937
27874
25319
9240
22595
27845
8900
20021
2894
17702
27155
4371
27066
872
21579
7675
5904
19159
12711
13736
21938
32088
27854
9769
17326
12572
24964
14774
15888
25259
18263
5582
5103
24445
12241
32742
3625
16728
17114
23791
19207
10346
30013
8254
7511
14931
10542
4857
14276
18625
12289
6594
28369
24344
2
19038
24728
14984
29498
4319
27662
20586
17223
16228
6518
5697
24220
10166
3100
10852
21143
9422
17287
25271
3461
29943
17592
17298
24690
17893
30815
23798
29118
11084
7825
319
939
4773
17756
18526
26887
2955
2469
31876
27717
14728
12362
21080
22771
32695
5498
18340
11171
1266
25226
29039
19571
19960
18562
9263
9187
15852
21392
7552
11701
28456
15485
13682
24797
30396
26250
25321
4094
9832
24457
7797
29268
3602
31073
7612
2673
32498
28107
18778
2996
31177
25136
26757
21751
859
28842
23950
14311
18610
27425
25681
30119
7351
6387
93
29674
20853
23484
24409
9476
31440
21671
18993
13238
15501
24005
27924
31141
30618
22374
26792
32762
7750
22898
18459
15767
5491
6185
27672
20934
24332
11772
8780
4826
10510
6166
7339
26691
30477
22264
26967
17808
29764
2361
31068
32
15793
11413
5129
30616
17067
28867
21109
31123
1133
17265
1487
29029
31424
32738
12380
659
10148
18223
14581
24334
28047
29086
12835
1327
4409
14823
22626
11683
833
20361
21181
11449
9885
29988
10012
20709
25643
9854
6210
5505
21313
17454
6506
11784
12792
25434
26339
22077
26301
19640
30096
31935
5344
21435
14771
15505
13670
30465
26796
8141
3105
47
21117
29323
19385
10237
18857
30611
21334
22425
14159
19210
2926
8807
5932
17024
22847
10684
2539
21485
18102
20456
19056
21201
16472
32221
29752
10885
7309
23508
28140
7795
17042
4392
24634
25426
1721
15162
28487
24499
8345
29495
27128
18891
25779
500
23165
20131
14439
19596
14934
2337
26772
3006
31707
31030
19917
31494
22158
618
15392
14219
6073
32696
28597
25474
31267
15915
1202
10792
2836
19535
12828
23744
32660
15821
10313
16612
1977
27958
12664
23539
17413
9047
31501
20232
2016
15714
8104
3438
2887
6575
16449
6924
13226
28486
15709
32679
10059
16186
3896
2569
27542
31126
22769
27578
30854
303
6291
24004
1693
10085
1043
28561
15457
27083
10872
194
17816
28682
15343
18921
27749
28280
1493
8580
5250
31925
22049
9601
20956
30028
21546
32756
418
32338
29454
4733
31483
19929
21994
23955
958
5005
8149
25284
32678
8979
7859
29435
32734
24079
29836
28150
8192
27509
19064
20406
8278
15227
24190
8492
29906
2691
7044
29397
24588
12004
9239
21875
32733
22082
11984
31864
8843
22902
22355
12762
19132
97
21218
8722
5005
5195
30052
14079
24281
21981
32221
8035
8564
23250
10989
14413
10284
25797
6542
5087
23009
15312
1005
28222
15876
19563
25255
11978
8605
14416
771
18780
21830
24161
16073
11002
29995
501
25171
20674
1739
3329
4893
3945
9288
31080
3429
273
27399
12088
14495
19256
17831
17807
20942
3026
7178
19509
16345
9221
11999
21136
13396
32723
21602
29008
16010
32547
23417
17516
7449
2225
21465
20951
14304
8995
18332
10685
28066
1587
22456
22174
11612
15634
10536
31790
13209
1507
7099
18367
24424
27677
23708
29902
20560
28019
22691
7676
1562
4812
26780
13241
30826
7390
19333
335
371
32202
27565
13950
23942
17451
25924
5605
5078
18906
5402
30370
28322
14354
5166
17333
25783
20457
13866
23629
14782
32147
14043
10574
31037
18800
13739
5266
9342
7846
32635
15888
8762
24767
30840
20478
22430
22099
26062
26591
32456
14700
22808
9978
9861
1427
32132
2488
8183
31305
7361
13767
19646
25802
16115
23114
18978
5962
28805
1906
2933
2098
30713
401
26520
7918
18895
29400
22766
17097
4975
9066
10592
28222
7794
2948
22293
6988
14933
1383
6930
20590
5948
13311
18734
12055
19935
9808
26174
23485
3010
6796
28454
8336
24229
2948
18985
21661
14385
15207
14114
14794
5243
3634
24183
7078
5973
27029
13123
16135
4842
12607
31243
26564
21363
15172
10924
19774
4925
31389
29321
7644
13840
30552
12034
22347
10722
31124
29309
26575
18314
12696
4009
18672
11758
25307
6067
28562
21706
11
25600
13363
2535
16378
4797
24456
32162
6560
20803
17836
12804
12104
19087
982
18128
23776
32210
10041
29157
20877
10671
29003
4271
22713
32002
13019
28622
18882
11857
1771
1317
25357
11189
21479
14766
6751
28041
27329
12740
1572
9111
18548
20841
25320
32308
13822
2261
7988
31532
24623
5537
12789
11165
4998
18838
3919
7677
11986
32321
7205
32590
26879
20553
22546
28672
6728
6027
6193
31282
11395
7597
6233
7867
8849
32102
19324
32224
128
7037
30772
12558
21288
25010
14411
3890
28356
3261
10697
18594
4492
9177
13598
21712
13426
1628
13481
30762
3995
15806
5466
12094
8968
18026
31475
14414
27803
27633
30088
22971
30348
24285
26965
13162
1398
30907
5933
14565
21209
6352
17135
19188
2504
32070
22149
17553
27102
29233
4920
27494
31028
10674
16972
21700
29858
18456
26026
28418
25380
26915
15056
26300
8612
20010
31757
23674
20510
32250
24370
19169
20991
20476
10713
7726
14434
17274
6484
29237
11095
793
7103
25078
13273
19761
14780
13595
6442
31526
2271
1715
18877
21219
23056
8329
17545
27643
13591
32238
23298
13224
13052
10730
26033
9663
9406
32757
13778
647
13364
20859
30415
19537
1968
21827
21320
22569
94
5237
30424
23455
4198
152
10563
26022
7438
13289
30227
4225
24221
9547
32407
1218
4481
31366
15281
10822
28265
10909
24512
20772
8921
6293
11779
24106
6569
11230
4977
9956
15589
12087
23540
25022
26119
18548
16864
15179
3488
23891
252
15575
3578
19524
5201
28931
32411
25755
419
16709
27305
32242
23684
2669
15756
15827
28480
11346
20631
8022
28084
21764
12502
29033
26428
11711
10986
27126
3690
21480
9842
2937
7139
2106
2358
31911
8588
22362
25289
31488
32261
28950
8899
4461
821
25600
8598
8576
9648
2125
31380
22361
943
5611
10167
25354
4243
16448
19976
30022
15266
10796
10174
21818
11457
1164
6990
3294
8480
19470
22523
11610
9157
15016
10106
7588
28763
25925
6035
14598
13099
19546
4840
31179
28031
5588
1346
29006
17433
24745
5839
22989
32768
9420
7093
5305
5620
16837
17603
5001
12113
29953
11410
4259
498
27701
29688
7182
11688
9518
23299
10262
19952
22996
29629
15420
20472
10955
27006
18529
8452
23314
6420
173
29736
31514
2766
27136
25700
123
24861
24741
20503
13478
24403
13703
20138
18204
14392
8488
17716
10902
23974
16032
24235
31154
17627
21759
21199
3008
10544
13746
5348
18925
32749
13986
6000
20243
24978
12331
20764
21705
31767
25818
25076
2240
21575
21281
27599
5093
2868
16369
31345
12380
26644
24066
28884
27627
13210
26672
2428
16878
32696
5262
1620
32531
2425
25579
24694
19039
25192
26625
7741
30469
23257
25783
4460
24214
20613
3166
25398
3203
28818
27477
30265
32011
21361
28862
15099
15559
2690
29530
24042
15455
20306
7270
32029
17752
207
5042
10242
21272
29348
21720
23251
21800
21823
17339
17744
29041
1510
9996
15370
22887
25164
24857
31714
17798
29425
29170
8960
27641
20617
26396
820
24760
17060
4268
27766
22444
9876
16657
4910
21061
20139
30807
13570
13655
11598
19318
12220
22559
28689
8045
22670
26695
4583
16401
27580
30011
3160
6057
18424
7901
31326
8126
12503
10090
2248
20986
12736
6745
5987
6648
8829
188
30135
8897
21237
6959
28996
27024
8624
4792
20976
14863
25206
1496
14244
4962
28436
22797
9854
22299
5341
1595
6531
6363
18132
9298
30266
771
32537
2803
26718
18202
7709
10805
8895
3357
6630
19243
25706
16331
21449
19683
6147
13732
28277
22226
21137
717
14735
5403
3985
12992
4315
1013
20333
32445
17370
11070
13328
7410
20226
10160
23937
9693
22795
2565
16904
30712
6154
2539
645
21493
21065
9368
27782
10138
5342
2005
10961
10284
32358
133
2182
1077
18538
30299
14654
7556
26208
29486
6844
14367
26799
18335
16720
1708
9353
28096
29729
23777
29123
14814
32727
4783
22779
20481
12321
29010
17321
30828
18764
26645
17799
23120
4759
23987
394
7744
13792
10150
14905
29897
25627
8912
27486
3616
15679
16734
15168
13979
22131
5494
4022
30343
5185
11783
15616
30368
732
24287
14499
22127
26713
22578
14883
17792
22751
6854
31939
12518
26142
24039
16733
6045
416
29487
17805
8738
13734
3693
5466
24117
909
6953
17657
20147
1650
16851
4996
23949
19482
2844
14982
22133
17198
20639
28258
26654
7912
22619
24341
1191
2122
25577
25482
25650
1481
11532
27885
3014
5484
22148
4621
23652
21729
16236
8239
23915
906
5474
31371
3797
30597
29152
26144
23293
22836
15356
24546
9681
32458
7548
12012
12794
30458
19429
15878
18231
24509
10036
13008
7917
22800
9259
18385
31368
12073
15419
23456
5271
14413
18818
4689
25119
18458
15656
12660
5093
22630
4187
11057
21542
14220
16364
25763
86
31204
24369
30161
11302
12367
24779
14690
30788
13105
3734
13001
4483
28839
32463
7170
16890
17725
22031
22719
4513
24617
26474
4176
26768
10411
16230
731
8886
12313
3489
5169
22354
14547
2284
25020
19723
11016
29466
11312
19327
22385
27297
15701
15372
305
2138
7388
16773
15114
13533
9403
3922
14886
3907
1223
22545
26844
7389
22867
11179
18243
28993
28330
27219
19642
16141
11408
22141
13724
5724
3815
20656
27236
7454
715
4472
4446
2698
10231
9467
12409
10107
4451
29703
12185
30429
29047
18141
26568
9383
31480
32463
32235
1255
23316
19997
4886
734
25085
26242
20908
15883
28354
27855
1137
9777
19885
20416
11409
30812
21557
14253
13596
14384
215
15717
16483
1607
1877
1829
21057
18881
7160
22605
26225
13308
663
13818
20160
30066
28084
16487
16928
16802
12893
28565
5442
5639
13403
31810
8801
16523
26832
17396
16518
21600
6650
15517
27663
12593
9639
19749
30721
28076
30406
4741
10494
10509
9843
7332
30909
28709
19491
8127
10206
31378
27194
2547
27854
21504
9169
16797
2118
10317
12860
21257
10889
1920
5183
29404
20951
28059
8028
1726
10231
25146
2284
7778
6063
4816
13051
28630
2088
29020
31753
19864
27195
18140
12418
25452
14250
31705
4415
5785
24162
2962
5439
15480
3279
2965
15802
15593
15445
30386
10733
22264
18864
10403
28798
6441
16774
1618
29148
10768
15902
11372
19627
27537
20460
4958
16957
1621
12908
8063
10184
17721
13347
18050
5066
6354
30734
3238
10933
13351
18762
24126
15006
1542
14032
11039
13613
30503
30726
27247
14597
26663
16129
9998
32576
20052
27751
15469
11508
11975
23231
27157
12518
2458
3762
32179
16154
8355
32526
30391
5796
29670
2421
5482
5275
20071
22652
14006
17429
6852
21836
3233
12735
2092
32519
24450
13064
19510
28666
16269
24630
7392
18805
27365
16103
7672
15556
16265
25535
31872
2913
11277
3877
14824
17941
7391
2104
6245
17549
1747
14542
29750
25563
31965
24399
16586
5084
1886
28796
15857
20744
24179
20694
23796
14218
12052
18304
18347
17449
24616
18096
11433
5083
5349
6944
7839
16952
5755
4093
22137
22332
17930
15804
14779
22298
1077
22704
27645
1464
6671
3763
31106
30489
21256
31054
8707
22925
20601
19838
7716
25822
10867
14163
3330
30684
31732
8933
1206
7793
9229
17086
9668
1497
32447
15870
6172
22821
31395
5939
13189
13694
14879
27934
31053
29032
5472
9880
28690
29851
11453
9426
11226
14245
7538
29213
19137
12215
31735
11791
10497
2339
24595
10766
29249
25213
27484
6264
32258
23514
8000
22094
17579
31979
8186
6143
13323
5815
22963
17367
30480
27686
3370
3784
27819
21619
30977
22469
30355
1657
12796
3436
5638
4294
13274
6413
8437
3599
27400
24712
1037
32499
6322
4491
17881
17711
29069
20383
15984
29174
24302
25229
17740
30879
11587
19449
14724
26415
2307
11904
29074
2889
23521
10428
18632
9064
11959
11747
32104
6401
21154
11120
10152
14423
19742
29497
11316
29761
3369
27005
12392
28410
2429
19760
24920
5200
12581
12917
6904
13951
20280
20898
14003
23718
19668
32734
1663
5054
324
19223
15371
27230
22190
21817
9080
20595
21989
9879
3255
6724
15436
8014
4684
25688
14877
26465
1627
16543
19006
7204
26933
15167
3316
8594
29696
8402
18270
23940
11334
4875
189
11529
20089
14919
10016
384
4374
32048
16108
1929
11151
16936
2078
5657
5310
18255
25662
19921
18103
23035
32501
24995
23292
4746
24576
18268
974
4320
13407
15119
29475
17595
5411
32298
23453
10221
23707
22720
2038
377
31495
27176
28553
16607
15483
16051
21175
14709
22918
6795
23607
8334
30600
31228
12801
29257
19806
22021
22191
16748
12448
25366
461
13408
5769
20110
24819
4286
25055
5017
20394
25145
25831
12567
14759
25765
12182
7777
25150
8966
20776
12757
5053
10452
28625
646
413
2674
27363
29079
18982
10888
28238
17717
31465
4006
3811
12353
8877
9460
2051
16284
32283
6163
3729
27111
12199
23258
23142
13125
3630
6247
12811
30802
8753
25164
2352
23749
23994
17509
16207
31373
27032
28018
27855
25716
3820
22049
32505
32381
26533
8519
9036
15749
20242
16732
4134
17082
14670
12920
12262
2491
4220
10139
8253
22810
20248
22531
1221
8466
920
11318
9948
18210
815
7210
26479
4136
4969
21096
26716
15866
27294
16449
17697
4159
2964
29897
15689
32350
15404
5523
27787
7529
3297
3202
31254
9653
3782
29082
20331
18703
11870
907
8424
31537
6848
8593
16169
24373
7982
30003
3003
9308
26089
20081
28359
13223
24367
24521
17418
32277
6171
17249
21107
15383
16506
20593
9066
21030
28528
28178
25174
16812
27392
22493
32458
21433
9833
22069
9461
14795
30769
27310
20039
32626
997
6815
12614
17689
7914
27682
20599
8219
9083
2327
9390
4572
32137
2994
27197
22673
14725
24988
27949
13778
31905
27475
16088
21878
24659
26587
22721
6535
16075
20474
31132
25288
12623
20177
22929
4936
18868
28825
12796
32724
13202
3330
14744
27398
2115
31127
710
8945
24971
22703
31696
2083
26425
31736
715
7386
28823
32727
31278
2820
20742
13946
5911
8950
16346
3808
3560
14441
10341
13086
9717
839
13823
899
11734
296
13512
14763
6631
11116
6039
7195
7866
5890
31280
9709
18157
20234
14602
244
428
28859
433
31142
30099
31740
14616
16194
23180
18051
16451
5090
15757
9088
5144
21589
17289
19523
11003
22431
26658
12449
9300
19209
10928
11396
9358
32063
16392
25588
8125
25685
32376
16636
29783
17720
228
16687
24237
14673
25098
8733
14604
28015
13253
29501
9159
24512
1684
31990
9284
3698
9903
9566
18570
17591
15731
858
19771
26901
29977
28093
299
4260
7311
6635
1475
6489
6347
11713
20880
12600
17309
20827
12633
20546
13247
17742
32590
18445
24994
13170
11050
22156
8845
8845
1118
454
148
24098
7211
11167
29428
5208
30743
19112
23106
30072
28257
8064
22576
21825
17501
20261
5331
14553
4824
4242
29014
32009
27357
12594
8037
78
25501
2994
8745
18022
23829
28641
2054
15460
16024
16054
30210
7220
30748
28244
21171
32071
31781
14234
14077
13861
30389
9587
14655
8684
19101
19891
11088
3888
16350
28122
10621
27023
16045
4954
6362
8217
20027
7498
240
11857
6346
25394
29690
12173
31385
28074
27945
23450
16911
8228
12212
3773
5199
29528
11066
16255
30738
12857
5850
15389
23529
24214
10959
25229
8339
384
28710
25887
23078
4913
8928
8732
4744
7229
3313
4881
27965
29548
20331
17278
13385
12144
14734
22240
20935
2693
31385
10571
21411
10865
9773
23307
18573
5316
25905
22514
24799
16579
30057
1199
6877
25228
15026
11045
28106
21008
4209
3615
24127
9845
32319
28642
25282
10036
26003
4397
24555
15909
22272
25965
16701
2568
24613
25573
22221
18400
27892
25669
3013
3807
16267
27008
20041
2874
24972
14991
2383
30822
23123
29935
3252
12508
11743
16983
27014
23823
30332
19705
9883
2989
24716
9214
15940
18418
1232
2020
26681
21034
23115
26799
1603
21276
18677
29681
20957
23950
14748
19211
7202
15642
30803
29633
4132
26016
2920
21090
25816
6298
1215
23496
31199
3428
8352
5320
5019
16461
5984
30311
32383
18381
18024
26235
13588
4498
7032
6930
11524
2638
14323
17753
6225
25341
18143
9039
7124
31224
26934
26422
29278
8544
14197
22927
21929
26523
3973
25441
3904
31113
29461
27732
10911
9484
28886
840
9702
6306
27752
9139
25441
10336
7266
2455
689
26458
16021
8851
26579
19550
20703
31231
13995
16219
19982
14274
10901
23000
10191
8075
5219
3403
24259
246
7589
11741
4905
9865
7474
23871
15801
2411
20648
15230
27623
21017
3894
11922
2188
843
11316
4757
14829
31918
30849
31873
16705
3865
24511
15989
9827
22364
8656
3812
8306
14375
7723
27121
3068
13908
2944
11308
32605
23041
19316
22187
24227
30619
8417
17407
6003
19542
10788
23178
3431
5241
13050
7184
19108
25132
19936
19157
10570
12687
7146
2348
21744
31396
15796
2200
29524
10071
2564
3572
3620
13243
22587
14641
8791
5197
22502
5715
2998
9443
26866
7224
9586
8165
12874
1259
20750
14329
24143
28667
4348
10746
19911
28991
24156
32413
25899
6234
29990
24855
32097
11969
1119
8415
581
17652
19619
23061
10320
31699
8414
10913
16422
2454
22190
16550
24337
23561
21602
25490
14370
32440
31896
30559
19040
750
4092
2310
9694
8443
16135
7123
21772
27026
13844
25868
22467
14082
3079
20984
27126
20394
23232
13667
4193
26040
32624
18786
3512
18524
24189
26292
9295
30556
16036
3347
11654
29898
30009
4944
30561
28212
7937
2121
3936
12114
20803
28772
12881
20236
19052
17793
22623
15333
8713
14233
6814
22576
12421
24490
22071
15914
23826
1407
19495
31273
30686
4323
6875
14532
12122
32223
6837
4582
1410
1761
23939
18671
12667
29925
2022
15864
10352
32275
32583
13089
31030
26522
18774
26329
10677
7761
1705
281
1086
754
21105
17368
27626
9451
14671
3828
9486
30105
25686
1519
23889
5313
28253
30638
27187
29122
29803
3362
3826
1866
14131
9984
21461
20374
12949
2725
32182
32308
17493
13429
6938
29756
6202
13909
21363
970
28329
22818
10879
16088
29158
19554
996
22003
31280
13061
5330
2477
26855
3925
2559
17169
26785
32313
23585
17572
31886
29046
13885
12102
16117
25393
5615
4466
8700
23332
10622
3837
5303
27804
26126
8787
16775
15262
19734
25652
19076
11948
25653
11660
3086
25641
9730
23702
27466
4427
17923
32409
14483
1798
16787
23447
18961
25445
1363
26176
17095
17153
10860
20322
27331
14525
18722
19352
23130
25876
16256
12657
25898
26968
15784
5581
29427
26457
12858
4161
12220
22454
2462
11000
21932
2338
17593
8109
29979
6688
4592
23739
5374
23578
27389
22880
9393
23636
10903
28361
25492
30109
29909
26254
18298
4703
25970
13590
15105
30606
27885
198
3629
2262
1436
9039
29984
15237
17388
12100
694
1073
28697
24453
5296
19375
24963
30858
18262
20605
16496
10593
30943
2094
27698
16377
19158
7313
25010
762
14154
1892
20459
29549
10738
19205
958
32571
29597
169
14875
7605
32370
21131
15468
12055
32639
32707
650
28966
15286
6119
29718
8992
6765
29878
6583
27480
15136
26827
13975
5133
15250
15414
24402
24794
2600
22301
29113
10043
31884
15993
14842
14792
2232
3237
637
21853
9386
31985
13935
5764
7428
8814
962
31724
11546
32455
30654
12064
3135
5901
9812
19414
12744
23334
28901
27782
9932
3486
25075
11470
3277
10791
11938
5136
26990
11673
25395
4565
16896
22091
26058
7138
1804
27527
19915
7737
31279
16120
27858
19964
29005
29379
29318
11232
28509
28155
15975
19956
9109
9027
20032
15693
13011
21458
28027
7739
31946
19404
28440
21259
10574
2966
5069
2656
27348
23084
17815
14138
20683
9409
6801
3873
11825
17007
10973
1660
15538
30533
18945
12377
6061
7558
7374
28797
12863
21733
12133
14331
7532
1734
12844
3687
32638
17108
29436
834
14105
17209
20826
5205
3212
8131
21494
15908
6831
8541
20528
10791
14719
27794
31760
31815
3465
28925
20970
30460
27359
10024
27140
1740
11961
7496
14723
1256
7884
11118
12098
21392
19937
25940
7587
6812
19140
8864
4957
10184
30576
21929
27783
31427
10050
30006
13657
21510
25720
25294
11878
17729
15559
32513
27660
10556
18634
1104
4140
11051
7234
17777
18151
650
16490
5080
7863
7787
32692
20755
30454
24821
27609
21032
30257
7124
31026
29260
20374
11577
31437
12232
6345
10882
27295
5643
21608
19738
16036
4340
20361
16293
16146
7039
11077
31034
16970
31838
24342
3948
7750
25942
31322
28725
4461
26511
14178
25556
32737
2588
10498
2071
734
13585
21085
22869
20724
18009
2936
23824
10893
16295
19852
22193
18495
29723
10351
25754
22187
19813
92
5974
21401
32339
5047
8791
16929
6589
6811
6165
20370
21849
497
10140
26918
2039
22013
10373
459
30367
13287
16865
4981
22345
4720
30512
25205
24522
21251
32297
22329
6369
18202
16016
31809
15472
25199
8061
19688
31723
975
26373
20413
6062
5730
6138
31683
30364
27445
3288
10610
25603
7272
1242
4848
4364
23204
20693
14948
504
23792
8115
2675
17817
772
13979
19314
29687
2240
3691
19928
9784
14425
18844
3331
30238
12542
507
24581
17173
24168
29354
15269
3818
28686
9193
23863
14188
4158
28765
28014
10499
6525
14623
11514
11434
7263
8844
6555
11420
25271
2175
19063
5039
30395
23778
28364
28092
17933
14153
12368
11415
9325
18559
22910
29327
11177
25050
29876
12291
19364
27687
27941
20945
22175
27755
13154
28944
14790
27665
3162
5792
8312
2074
26802
30763
18457
9769
21657
15143
15849
79
12139
26896
8269
15976
7936
32423
9201
13742
4361
3474
2711
3791
19810
25139
18974
85
7619
25736
1460
17057
11090
11518
19397
21747
11081
4615
32550
16064
29112
3672
20187
31207
26313
1284
4226
15647
12882
29275
32731
21228
11500
17216
7989
26811
9482
12134
25451
26230
23446
3261
12002
31594
601
8031
5584
268
7257
6799
25951
2634
20471
14152
8919
4433
25798
26985
18175
12536
13682
27506
22774
17655
18443
15882
29432
29484
21091
16881
6759
6465
24757
11724
13487
2677
5758
22856
29994
7424
22179
11903
6274
6958
4156
16065
7948
11974
4257
30451
17472
31864
19248
9793
20840
20933
19273
21561
1495
31985
31951
4980
18028
15845
12017
8558
25130
31351
31372
32708
26820
25965
23715
13476
26688
15964
24570
24520
25820
15562
3586
28263
30073
15120
15836
21739
30134
6044
32746
8619
25852
12374
11877
8297
22136
28698
6419
12013
28188
26268
20681
25493
14377
5698
30220
3809
21036
18419
9080
20211
23278
3309
31310
32213
24348
24999
29025
561
18342
29090
7827
25757
18608
14645
8468
11934
23199
19817
9982
17299
28615
15740
24130
26483
15555
21854
2011
6328
28029
17411
1252
19968
16335
14631
19658
4285
3265
2576
20787
5893
16583
20238
3001
17899
20145
11654
10711
9428
28088
1695
24268
22176
9544
16811
29354
14927
21795
25295
15876
2139
22493
24090
7908
28016
19267
26127
8015
10302
619
25884
21738
31613
18507
16647
18599
8652
21359
22990
25806
21243
3093
30485
4923
12643
21421
11285
23502
1422
30840
19894
26287
12697
7534
8504
27208
15948
18171
31964
29343
21110
15997
19989
19337
10756
14487
15976
1154
17545
7735
19069
23567
26382
6064
14800
21093
20750
1445
2232
11181
178
9153
11788
21176
14930
11943
2786
11143
9186
30035
10547
22866
13887
10785
26062
17371
18521
29332
11224
20526
18472
25487
16283
501
6251
21340
30133
3318
16581
20937
28190
3440
31064
32277
25009
22468
15712
10864
6191
9659
2251
30952
3195
26116
11369
11651
27667
3281
3721
28244
15274
8721
24054
16989
6598
6459
30543
31843
16606
20936
24814
14134
5076
26913
9921
26848
781
21962
11251
4884
4125
12080
16770
26051
7278
6215
23044
3437
6683
1410
32745
15938
17229
25467
13118
21920
20124
8621
22840
29894
11532
1031
21147
15397
5657
5607
30120
16594
15810
8867
18212
30483
24186
29679
16795
23322
6440
31447
30748
29285
13173
9881
29585
1533
15350
331
24347
768
27684
19100
2660
1892
22244
13317
19037
17676
19697
1905
4521
27951
5813
28566
24316
11333
518
28357
26532
23897
24789
8304
14255
14799
6322
4677
14431
29886
2582
4919
26894
30360
8740
22143
24839
8401
30946
5752
27758
32161
3182
28073
10151
15203
6778
23192
5622
12597
27605
10435
11658
8322
15985
10965
1018
18434
24202
26609
22652
3075
11678
764
27647
30258
4789
27075
18696
16239
5280
15092
19282
5338
29858
13232
14102
11448
14300
57
14908
6596
1509
10469
10909
13604
7183
1926
21482
3246
10690
18158
16656
19266
31688
7913
24245
13634
9235
11478
19767
5366
10289
1543
25768
1342
22648
3627
862
6170
4693
8974
12590
15306
16935
24723
21917
16251
31229
22378
29387
25090
9754
8404
16226
29093
14132
10335
9869
21220
8883
13819
2548
1274
27290
31878
27702
29177
15291
13248
23686
28366
11911
16345
633
28923
30204
28046
585
23939
26134
10009
10183
3875
24330
30235
22446
31090
10657
18079
18974
1918
25747
30228
5651
11848
28045
27949
5267
4128
26012
7042
15649
15203
12816
28463
12862
27049
27844
14757
9471
29896
14061
27145
14164
31570
1027
21136
24597
17410
5868
22147
8903
15148
11549
15340
17831
29891
28795
17134
24300
6156
30583
24493
27716
32739
26618
15542
5528
11873
12703
11110
9678
1468
2850
22209
1086
25571
17673
16879
22884
26304
29312
1768
7284
12345
26730
28596
7530
14050
4781
4993
15818
20138
8649
29361
17909
874
5476
1702
198
7249
10671
6105
6180
16174
24782
3104
29493
11791
12461
9542
17346
32053
6240
26618
1157
29843
9336
31880
27685
7296
1068
4803
205
18918
30736
12341
8140
1079
31158
18575
26930
7782
18244
20166
13000
15015
11109
8094
29056
6033
8965
3971
23360
8300
16724
5364
15340
11540
5849
19993
31762
11410
28313
20196
11862
20955
18673
11234
5595
24243
18075
23262
22472
14530
13948
27757
29998
8930
4031
16553
2598
9640
7070
7151
28171
11968
5801
1579
15193
20967
11094
18588
28190
18687
25559
11453
17866
32263
10679
11666
16608
376
4736
9376
18802
31192
25548
1399
26561
9120
27697
4394
30281
6633
2368
2178
31936
4519
6293
22804
16569
10013
32393
2743
10313
19296
177
7422
32328
4891
22227
3105
31837
21431
25752
8706
5763
29195
19234
15631
21160
16593
443
27750
32116
25288
11523
18069
19988
1872
28988
5452
32410
18384
10930
20693
8925
6672
10205
19912
14485
16548
2580
22231
29199
18793
26146
5363
27813
14857
24092
24583
557
18751
18652
9447
29171
23501
10295
784
20386
31874
28082
32601
24690
14075
4488
18745
14487
13267
21492
2604
4091
20436
27825
24119
29849
5734
15362
16330
8090
11064
25885
6575
27396
23736
28951
22473
29541
31115
29656
2239
10480
8012
3991
16718
28104
15830
24025
24592
3974
10189
12568
13369
16039
10295
24892
26240
11294
11310
30800
22309
30097
1317
15466
4989
24968
18176
3498
5603
17622
22341
17563
8453
23727
28310
7519
10336
21161
21939
3650
4819
7924
15277
19658
5165
3719
29571
27412
7565
27260
19378
29225
3334
751
2213
11544
17416
18049
30909
1509
30165
874
3012
235
10610
27842
26632
29084
5092
25502
29083
32015
17924
31470
16993
1181
6058
2731
1778
17533
19611
1460
17963
18049
16637
12287
10534
8809
5035
22206
31538
31727
24498
11458
15654
25963
6768
5752
30045
18814
19230
12113
5293
28128
20805
11674
16682
4221
6284
20120
24139
17004
20511
15476
21588
11460
3944
14148
29499
22463
19863
10446
8455
18242
19614
14210
22561
16467
25777
6999
8158
13693
4008
14099
4238
32043
14192
23121
1700
30788
24432
13449
7107
22804
10424
695
28185
25112
25871
31122
25642
27618
25074
2808
22304
23141
13045
6676
2172
2198
23705
9979
25870
14831
1665
5778
2584
1817
3891
17327
15741
30972
6943
1459
22229
1111
12985
23547
4374
3767
28996
15000
24015
14386
30704
31982
3009
29206
19079
25281
15052
7075
10276
29509
8009
6086
15637
26923
23247
10848
12467
4590
28883
22971
31522
15887
7132
5410
13580
20029
23976
29923
5703
18245
17873
28722
3831
18970
21785
19988
24944
30286
19790
29890
28810
19441
13916
13206
15116
21352
31695
13383
16010
32594
28510
5264
24977
20041
44
12762
27415
31088
21072
12971
7692
28060
6020
11739
9742
7414
32491
22349
17100
7915
30141
25139
171
30340
20189
25785
28364
20889
32424
1082
29039
15858
1890
3551
14936
22215
14571
21755
11810
29824
2730
13306
13938
684
28974
26537
14467
21452
14661
12096
7150
27299
12649
10645
29455
17606
23271
6097
17531
1756
17762
15510
25066
18012
15916
15058
22584
12582
21998
19887
2377
2311
25677
23619
11375
738
4572
27197
16918
24773
26718
2085
27757
5678
5572
27494
17660
11910
19232
5077
12324
16025
2577
1330
19731
10688
23981
25674
30535
293
67
2100
9581
8543
2093
14452
8671
27776
27440
24659
6404
8537
11300
15947
24137
6840
20065
3700
9486
11299
15170
4649
5637
31404
16951
28315
25771
1282
29881
28753
8190
23221
29065
27586
1370
21770
28587
31673
30584
4070
627
23222
5654
17910
3981
31967
2135
15824
24455
30154
11529
112
22413
1888
1909
4622
5273
31509
20628
9840
27590
32669
15512
23691
12154
24853
16699
2147
376
31777
7058
548
5652
5716
27608
14353
25910
24768
11985
19962
29950
2187
26248
6917
18840
18004
14931
26418
15815
10716
20675
2200
5898
16484
6692
10053
20842
28511
11606
1149
31950
26686
26605
14137
12337
16127
9031
30383
29740
5016
4712
5274
2896
31712
2514
9018
31818
27635
1152
4726
13738
31561
18360
30982
7994
26938
6912
10921
25730
23287
2546
17789
13325
3765
25632
13230
28643
19335
15768
615
21786
11199
27490
10501
20685
6856
14624
2239
31857
19000
23913
7180
27116
2073
26454
28731
27692
24019
15166
20435
20624
30868
32681
8758
23917
18274
15248
11236
20094
24487
26776
16312
17908
2241
32229
13485
1369
4272
28837
21371
8340
29084
20778
3938
15819
236
17421
13513
25536
22954
26570
16616
13163
22438
22126
19533
900
8433
28958
6659
10102
24180
10419
17875
14557
22248
13111
28312
13671
10901
22793
15176
5818
14289
5597
29256
372
4487
17326
26692
2211
3575
27810
20946
7922
12832
31544
22448
8738
6510
27806
3194
7236
600
26269
5629
15367
4528
12234
8714
8070
592
14075
30190
14963
30126
22613
19023
7574
10217
16455
25262
13194
28068
3600
418
32198
19518
13233
25063
20116
13442
14889
23930
24413
21782
27339
18569
19377
5052
13155
30627
8113
2378
12838
2365
12831
15671
18864
12093
9669
5473
13875
28992
9226
26180
22338
9675
15796
15759
13137
28281
27094
16783
15603
13750
6922
29804
15144
560
22083
27504
12060
15488
18093
31294
20604
15751
9012
286
7395
4796
17176
14932
27118
22133
23022
29992
12125
13102
32736
4259
28462
4771
19345
6263
30752
21941
19522
14829
18253
23683
10461
2626
5718
17855
32290
17321
11105
19020
19026
8354
4653
3204
11817
6755
29763
32109
23859
28652
16941
1666
32621
17598
19465
5911
22145
25048
8488
3855
5463
24593
18888
12019
20940
17753
20040
9111
3716
4542
12691
7270
15191
24428
13435
26334
8387
31351
29833
12035
30522
21927
4806
904
3863
6163
32130
24888
8638
32032
17785
5644
21900
31461
4914
31236
17975
12853
863
9603
12134
25078
31408
31741
13472
7958
22167
26100
11655
7000
11117
26821
24843
2672
22404
12903
8798
23085
28401
17270
17523
20820
23473
28295
27533
23272
15028
7560
5026
30123
7582
19314
30447
19475
6908
17589
11225
17942
17324
28695
9794
17880
10254
14369
40
18679
32731
18285
20047
5543
11818
18535
27997
20520
24002
4691
19978
19599
13412
13106
31443
27429
205
7931
13737
2461
23907
26203
1027
7664
5507
3639
26015
1292
21611
27448
9092
14161
2008
3889
19803
15935
20254
29830
20509
19045
11547
18423
20601
2383
2281
3775
11981
17764
11748
28467
18246
20791
3566
21407
571
3128
8540
8442
29607
24786
16426
29671
18146
10315
28648
10058
20096
2938
28821
25348
14351
10687
20342
19216
18435
14967
16360
17359
29652
29617
21741
2778
25949
32505
30058
31258
9657
13752
29071
19370
8041
15850
19538
354
27977
16433
26795
2943
18727
1873
14908
7516
5223
21379
19935
10983
12515
14002
11447
1667
18514
9974
19830
6324
15923
1950
9698
13586
11770
7268
2050
8476
3108
24485
1120
23081
6621
19533
2177
7102
3494
23156
2664
15946
16332
27084
13486
247
7214
1872
12728
4387
26371
31772
8169
23058
5462
5138
29298
32169
17642
26174
5481
22785
4387
7049
20364
28569
25293
24013
3343
28786
2810
9101
8582
13559
6461
16743
8162
25821
22525
14830
5541
7451
4386
24099
4883
27017
32073
29337
9826
28434
11708
16298
4569
18154
7686
25616
623
30344
19339
31173
11835
10510
11036
25913
1316
17841
27011
26698
18325
7479
15342
13543
13183
19227
32754
9878
20399
20003
3297
16974
16124
6137
19634
7724
17391
10997
25030
27866
16971
6734
32635
27368
14392
1640
11821
5812
18949
26661
23106
3022
10851
4905
16257
7019
13851
16761
15800
28346
28042
14966
2726
3980
10458
20537
2054
7337
2336
28172
13081
10872
18930
21667
26216
32328
21317
13401
22315
26928
22768
29813
16457
9199
28931
26859
13502
20773
254
25399
751
21783
671
6570
25560
16558
19145
11611
8283
28821
19218
17646
7756
14242
17062
22923
28830
25378
4523
2282
25986
10937
5009
16125
1184
18874
12022
29357
7829
5444
15211
7327
24651
2244
17621
4271
14906
19149
30491
17839
19702
32394
2467
12686
648
21054
8303
18710
8500
6406
781
7322
25859
20780
8811
7368
9015
6115
14512
18377
27723
14663
15328
635
14724
16820
24989
26661
13770
2467
30889
24228
19068
31947
18537
26315
13108
5179
19401
15600
21788
32336
5427
29711
30279
15356
31386
22982
20466
28009
126
15450
14148
24873
26280
17766
25914
7410
29773
22537
23386
16394
27736
29267
31860
323
12561
29516
20447
18373
16676
9330
3531
3064
32310
16410
14131
17469
23569
24307
10070
6085
1503
18770
20571
19991
7802
10508
27470
342
7597
27559
28753
2203
27995
7403
5628
15519
19913
28918
18030
9509
22132
14807
7731
31785
28890
25143
11718
4108
14446
31833
1339
15388
12462
25762
3186
14283
30905
29374
8032
9889
10731
23168
8805
20320
15873
9068
32292
15413
28203
6037
28035
2542
23774
9947
1051
29691
18663
2946
24398
14868
15955
17588
19708
24858
1096
11323
17673
17556
22519
28838
25847
22157
9756
24369
31853
17627
12193
32160
16611
3183
28475
28396
14555
13710
7600
6402
29415
14208
14989
23036
19272
20939
7423
12847
27023
24073
31108
25370
7231
10883
30523
5076
5486
30572
8225
27152
27370
27305
29436
10991
32655
14196
28224
12559
31441
19876
19288
31082
28972
21481
23890
9553
2849
2776
30939
11070
26562
13936
26492
19289
1413
13237
20954
15217
28387
14019
30193
331
29905
16159
24104
3640
31218
20856
18819
12077
11599
14229
14903
27610
6645
13602
28105
976
17414
3149
3593
14895
31288
19562
13626
2734
22498
12820
19252
14639
21906
5022
11592
27096
27173
32074
8193
22718
18355
25287
5980
14428
20924
2603
10721
16710
29119
18549
31384
5410
32435
28999
29544
6189
13114
13880
25144
14444
28484
17366
9316
26093
1451
12236
25316
2002
13884
26050
31753
2176
25165
19208
27996
1750
18273
18042
11841
15041
2627
12591
18967
4506
3137
5126
27679
1235
11765
8943
20642
15520
20821
5158
10399
7407
15476
9153
5017
18893
22886
24345
121
4847
18312
1605
10102
12223
25067
16906
4978
19156
22712
8940
30688
12379
14498
9332
324
30026
23273
12888
27211
6155
14756
24713
20607
20275
10136
7973
16185
2578
20900
5762
18156
1581
1462
16001
23827
20979
9748
386
5285
1967
17508
16066
19109
2528
24384
4767
3267
17285
16279
17884
3253
7386
3285
30998
30409
22162
24545
22666
20176
27026
2113
30924
17010
3280
27681
30900
31652
29258
27271
16973
3081
3411
26879
26482
634
13764
27414
27755
6145
22745
24287
10305
12573
22580
13256
14087
12935
28306
19877
7338
15044
14657
19584
26997
21107
32062
19655
13627
14606
22024
5900
20754
14705
15075
14653
7517
28662
7382
16681
1869
24178
28594
22580
12587
14552
1433
25342
20285
3173
9767
4021
17103
16939
5562
6599
4935
23384
3717
7484
28
22297
13353
30054
13025
4986
11847
383
1483
32189
9133
4274
6580
1281
27702
25785
14236
8611
7674
16115
32469
643
5337
20387
12052
12589
12773
20777
8397
15705
28608
7847
18387
17683
24583
16595
8726
25897
4861
20472
15205
11572
6741
14107
29274
9671
12901
10502
11580
5824
26749
17265
5486
30230
28746
29521
12537
15102
22930
13721
11741
29272
4024
15296
9906
8917
8032
22533
19656
25918
17716
12680
27336
5772
6008
18947
5844
32380
7481
26282
17124
9751
2167
29686
10824
4850
18272
30395
27622
29328
24825
21879
32683
4267
9799
4077
14290
6682
25829
19005
9850
15714
11536
1561
5275
16400
30018
29555
32708
12272
31905
31424
2549
9083
21931
3583
29818
30024
25183
27165
4153
31654
30098
26629
3871
12365
27452
26886
22524
22645
32327
6878
8273
30312
20648
19293
17051
17517
30947
2243
22719
28606
1866
31400
17895
4845
1711
29099
4037
26366
6091
7617
9179
24196
2481
11730
17755
18913
6655
984
17668
22192
10825
5520
17867
24644
13828
2958
2423
517
23434
20236
27156
14074
24918
15059
25611
5766
16914
30836
13852
18443
14270
29253
32592
10192
12667
21021
20936
16940
19384
10684
22030
5801
25003
14223
29337
31797
15577
7237
19687
20384
1409
11047
16042
29852
13611
20585
253
7374
21876
31611
4123
15213
9688
20980
25406
11180
5340
30837
18817
13242
2129
18934
9016
21940
1775
6096
11292
23183
6374
14976
9427
20117
10546
21446
15231
1387
18430
24857
31559
20767
23374
15987
19672
8040
10709
25198
16261
8191
4714
22694
29199
11301
20178
30904
25555
3522
9439
9576
9188
31893
3707
2855
15238
22169
17087
10049
6019
7549
6641
2430
18728
2379
27923
3434
10303
3706
19155
16191
6426
32649
4269
16737
25790
5401
30033
32748
9275
10527
23210
24427
30144
28390
18469
8130
15529
23982
26577
27380
761
4779
16417
30231
26961
11710
27287
17688
31512
16222
22827
16248
4261
15772
19860
32741
15507
3339
10772
15490
24725
2723
9105
11780
2812
21574
12119
17424
23023
16916
15865
6707
20908
6520
11402
17626
6504
29741
26327
18755
9615
24294
1802
31451
17160
21782
4476
25133
20637
32316
13942
2046
24019
25655
4579
31494
9594
12028
11591
16006
5279
3997
8085
16686
21576
30153
16616
21257
1281
19261
21978
29612
5258
29658
9979
6821
4785
30867
18331
21503
23136
1564
31147
22883
20438
16447
22803
17424
24609
25515
11531
14323
3972
8999
30200
21730
8069
10812
4084
13318
22624
22071
17397
18148
28428
9327
32670
18738
27107
19946
4273
30200
2203
17074
31802
26776
21471
1732
21734
580
3107
30438
17984
28473
134
2202
31866
22168
11863
31968
19532
26812
14839
14704
29801
30731
32065
22308
2392
14318
20195
23682
9272
24848
14987
3833
22950
9202
31465
4947
23311
32355
18783
676
29983
1898
16796
26656
19431
2958
27651
19806
9248
19930
23293
9266
24906
14865
7738
221
3457
23379
23910
13170
6950
19902
30118
31722
29970
25463
13806
5018
14447
20616
7715
11353
3798
13178
28405
4952
795
9042
8606
18765
4017
25340
21346
1016
28200
18105
16027
25052
24284
8633
4191
9360
17962
13403
1116
16398
8167
31425
3744
22853
16666
6046
11673
8110
29423
3274
2489
23275
363
1353
13420
32304
8913
28229
21639
29603
11337
2273
6273
7283
7622
5965
17520
11080
3774
6641
9515
15967
4136
3426
556
32155
28012
3432
4719
24040
8803
18230
25985
15391
11755
4251
28116
13512
22501
16918
9877
24886
1020
8005
31433
28428
11982
25263
9764
13694
24418
5312
10263
29870
10199
14993
1908
28527
137
25919
7873
19035
2299
26657
27652
28757
10209
17727
18260
2107
5687
11198
32197
2715
24962
29156
1
2213
10857
23756
5981
13221
17828
9809
16453
21610
6926
2609
16112
14293
32114
26777
22312
27978
21568
31438
6621
29081
18339
7312
14206
3228
15682
19425
23461
12473
19238
14715
28404
20224
8522
6022
8729
16536
14941
11160
24887
8857
20318
24960
6082
1871
28619
10561
21158
1260
30254
5181
10987
28112
18694
7292
19455
29793
27982
12668
30467
12961
15101
9957
23974
13043
6608
21215
18192
15675
21606
5345
12235
17195
24383
195
25979
9216
255
10800
10212
23300
23888
30207
7153
1600
15838
24788
1012
16397
16989
10023
4612
19818
23698
25248
31703
21747
22363
17473
2013
23633
31960
22509
27780
4128
27690
5247
9184
22816
29834
29909
14543
20321
3374
23124
14379
25011
19036
6945
22242
32204
29512
14504
1112
6164
21694
29370
10874
9410
20665
13376
2792
26080
29262
28067
24882
19728
8380
15425
32536
7595
31732
13377
32582
26164
6919
19684
11424
3387
27787
13337
31858
26644
23604
10561
26745
19097
11426
15106
12211
17343
26518
5600
10261
23587
20075
3852
5892
21879
27579
329
10827
7404
25646
8850
32741
10360
20606
28283
30080
14420
15823
31572
12194
15856
27057
4015
4147
9251
1818
6607
1710
5590
8975
17275
12030
29659
4404
12127
32420
32644
23650
8898
25025
25840
31036
949
17731
12168
13578
24405
6337
9279
23533
23774
17734
9391
1660
13438
26686
18816
27996
3122
10051
32288
26250
3673
22041
3404
16671
27767
30051
15737
26499
23928
21237
1710
20707
14582
12566
13428
13865
13389
2183
7471
3927
7193
24490
21028
24548
25043
10228
28403
9682
3661
7405
28399
15638
29709
23090
4639
23694
26347
28052
19241
2212
9617
29515
89
31205
24524
17385
29742
7932
10479
21155
11103
2077
21919
29055
22924
8553
3579
3256
12224
5049
11928
4458
13294
5962
19349
20026
26545
26485
27218
30115
4631
18609
10269
4911
23167
1631
12579
32401
27471
28062
17206
25944
6092
13620
8407
23373
1343
3268
16838
19922
31666
13895
31506
9879
31458
22773
21329
29133
9964
27763
6266
18402
9089
13318
14484
22535
32525
28959
28511
32726
17986
28878
32419
10838
11937
7200
17328
25272
18281
4457
9264
14067
15456
544
13215
15189
15321
19643
23219
14459
9734
15132
269
7850
2891
11672
23959
10127
31143
707
13229
5843
15047
9899
13837
11444
12615
23072
2600
17965
1784
30310
28123
12410
15205
16277
5145
13386
7705
1983
1851
7005
30630
17133
3298
9760
17122
23176
14882
25800
10381
6794
26783
21769
23864
11437
29346
26569
28769
13357
8694
18194
4228
11738
32255
20391
15406
5848
1751
610
21922
412
26010
31254
8669
13811
19467
21877
15032
23285
21151
15164
12422
26410
30960
14937
30749
4051
319
23220
8454
23418
26947
22178
11462
13262
27676
29034
32240
3909
15847
13067
1517
15837
30356
12233
30232
2522
31212
16221
21649
32447
21309
24182
25638
28788
29044
1997
16785
18159
8413
21301
241
27210
21306
6777
21807
13510
16439
13943
3203
12234
9669
7326
15286
32211
27835
17785
6779
10805
15570
16222
15960
17988
2199
12072
1035
26803
31823
17529
6423
22784
26296
16702
19240
16749
5516
9105
16024
3141
24756
5764
32352
4800
12496
31838
6080
11200
5021
20796
13160
24782
13965
7215
18494
18161
6395
23283
9725
13355
557
9821
23908
24936
19203
1119
1315
19232
7377
23946
19703
16824
18187
13444
16507
21129
31022
17332
2368
23690
24419
28576
6416
959
5888
26375
2846
26683
30385
9734
8619
6393
31431
4288
7244
3636
381
4256
9886
4175
30624
26438
20257
5386
3681
22958
10494
15107
29291
14802
20615
14608
15854
144
844
23242
9627
20602
2250
21961
3570
18088
3463
13507
15150
12438
5578
13181
22838
16292
5834
8077
10437
14458
415
7472
5667
27039
5883
7679
27409
14508
12447
17977
17542
14332
26900
4993
8755
18101
19613
21629
16554
13165
26569
10840
1097
25116
26788
6083
2808
1792
824
21675
9098
14589
3502
10625
16358
27799
11136
23953
2300
5052
30899
19479
20559
10990
14132
7670
19805
275
25066
19614
18097
31178
10575
22168
630
23820
27040
25286
20599
30925
20813
602
32267
6653
13861
29462
27631
10277
3170
6832
1504
3412
31164
20086
24611
13727
5075
23651
15700
9506
13890
24120
19752
7009
10096
1352
15013
8212
24901
6389
28133
24244
16890
22507
2153
25957
17484
2274
18076
31727
26546
29031
26305
9556
24037
17381
29514
30679
19118
14881
23586
26984
31360
26185
18683
16667
3836
29498
8607
13840
18547
25523
14515
1739
27689
1130
19572
16015
1275
30072
15543
6748
15518
13074
9478
26851
14570
30108
13521
17128
28605
28908
5841
17918
6954
3938
8140
32362
26129
1224
4615
19562
3842
9735
13481
6643
18894
31664
356
9501
17617
13781
5008
10727
27615
14505
6205
20821
17989
28705
835
15522
15835
204
641
12
13769
8215
32643
157
25077
21694
28895
4711
29627
28153
7499
3545
32213
8284
6745
30860
22232
11728
21832
22717
3648
6457
28026
24120
6067
5769
23646
24524
20653
18473
15196
24294
20404
4276
29480
20359
7529
30554
6727
31885
15853
9390
14398
26256
13014
9003
16368
17259
5874
13634
23651
25204
29075
25870
14630
16031
14455
7261
7403
12393
29444
23635
9919
26608
7456
6137
8710
16119
30335
18040
30555
17323
30551
9911
23406
9846
15077
27424
11219
31396
11383
26942
8293
30165
22704
20646
19313
4100
12859
29064
32209
3503
13803
2291
17388
16692
26846
10132
5176
20755
28220
1029
32072
15206
15438
22280
4221
16764
29989
22201
25383
31739
13549
18294
818
20736
32040
30403
1000
29908
2503
21502
3908
5020
17582
11585
19467
4848
14394
18932
20220
29151
30000
30336
16906
21369
24640
20140
19130
12186
6268
26450
16645
10144
20771
28488
29762
12613
5746
241
5461
2898
32065
21737
21378
28666
32083
13228
22103
21481
11931
20100
9221
18206
11206
8085
19720
22890
29589
15473
31270
9250
5751
932
9402
11123
2961
30263
26793
11530
20054
7006
31210
1948
21121
32623
6598
12299
16551
29802
9646
7658
6153
6061
30953
20270
23294
29382
13054
22204
2374
13164
12205
20773
32530
8055
12239
18516
22729
61
5211
2893
2285
21148
22966
19411
11311
6220
1717
24538
1365
15843
29499
22167
16233
32528
26140
17184
20156
21397
21370
11509
4809
3184
28288
21264
20779
23094
27472
6294
27821
31699
14960
30092
550
15643
4864
26077
11466
26550
12896
30154
16302
411
11114
334
11368
22263
6257
21100
31264
30127
25932
25578
4450
19184
10907
4060
4281
3896
1069
23355
13139
10155
7431
22944
9065
16232
9580
5306
19691
24327
17394
4021
19193
22538
8688
8825
15628
29252
23076
22410
14691
20570
14559
6106
11753
32129
12343
24282
10993
30421
4409
23681
27435
32353
29584
31341
21593
2882
7048
2166
10156
5523
22985
11799
32230
17119
9348
32384
6426
569
5440
1208
14472
26544
31588
18511
1580
31780
10975
25280
26916
21106
8996
24339
22506
19283
21674
11842
26408
9106
24842
21796
17246
6475
31747
12206
28880
19431
24141
21195
3376
16483
13735
2601
1856
16342
4236
10096
2194
599
9099
11500
12952
4660
25624
19422
18508
30224
28529
16757
15230
22730
22606
14057
28327
28291
30427
23202
13650
6397
9359
17142
2439
17767
18439
28090
8820
27539
3322
27865
6909
14399
20439
7100
29661
1955
6383
9021
7394
8646
29196
19242
21727
2602
1947
474
12824
1958
27789
20627
14008
5028
32425
22746
31434
19551
17417
10064
19846
12469
5249
24565
27068
7625
8203
22611
11307
3025
10011
27348
13393
16542
23562
6290
30253
28569
3027
19723
32031
22718
14632
25252
29364
186
8595
7744
24344
29280
27351
1488
29929
17194
25021
9836
17314
32273
32348
21544
31498
24998
25610
15409
20180
15452
21511
2850
28186
23051
17549
17031
8604
20828
4863
20127
21344
15061
17729
18252
594
20520
29286
11255
1891
20214
24080
22662
28711
32099
21758
13218
30150
3120
15912
16663
9908
18045
24838
13558
6380
20858
17207
3452
30093
8559
19597
4976
14456
22958
1673
31877
13535
17242
17033
12624
13919
30177
30367
18276
24719
4980
29725
29442
6362
10371
15375
32416
18915
26308
24160
30104
5925
30655
12521
15159
23095
5998
15730
7232
12396
2886
13497
16640
15252
30090
6418
21427
8351
72
17961
23146
3506
16315
26228
10520
7155
1806
30896
1097
17591
1300
30653
8730
31775
15395
201
29538
1398
27
20751
14118
18716
27532
18142
15187
25428
31615
5938
17851
2357
27903
22474
18899
11358
16725
18465
1963
32026
23571
20467
15549
21043
8146
1593
3612
9930
26074
11518
20231
1428
27567
12200
22767
1778
18203
7590
11502
7564
25091
17344
25546
24298
22267
17559
16808
19764
28799
4298
7882
12168
1714
25922
3848
699
25895
2186
28898
7789
23766
18144
7286
31520
2652
7363
27003
14368
32153
20299
11450
30265
6654
8642
7454
29946
23233
18612
19136
5085
19512
32061
18072
5367
12520
29456
9397
3152
29163
29918
28554
11254
13541
8158
14033
19306
30008
32611
8785
11012
25232
17401
10421
25767
3364
23062
25983
21552
19936
26532
22895
32038
11563
22975
26384
1344
22328
6971
27354
16951
265
9625
28417
28863
16475
352
31862
29612
16068
26193
4419
730
9952
5233
22403
25568
3053
23824
11348
22963
13455
8217
5979
5154
29915
14435
2231
26478
10261
2558
26971
13167
8938
2146
19754
2484
23247
12320
32285
28453
8999
5070
23524
18558
13361
4587
18373
10810
16674
7945
30997
605
26372
25960
32675
20309
28311
14953
2752
29437
21894
31827
27614
7808
13539
14854
18042
13607
17544
20862
2352
24431
25995
17173
76
5656
2819
19237
16136
11978
10962
18417
11974
30676
19847
21292
24924
11088
8244
25347
24513
3106
5880
16003
5788
12685
24991
4764
13005
1307
277
22000
29050
26638
10981
21752
32426
32054
12294
32225
4711
17163
28597
19402
850
31062
16706
6028
24348
16246
24089
31687
18457
2344
20879
1057
15890
26391
27896
24514
30604
11091
25254
11861
5807
20223
29305
15845
9262
21440
6280
20452
697
15282
20706
8055
22291
32427
796
1697
1808
19810
2446
9258
18825
11042
907
7148
576
2532
24430
23795
8892
1155
21617
7953
18834
20440
14702
15726
9635
8464
31050
7101
19647
28377
19962
11046
1949
25774
23561
16855
10376
25310
14519
13454
25231
32636
11143
31629
14265
18301
4931
14845
29966
5059
729
21489
14142
29742
25380
1167
1361
1907
26131
25324
4355
7021
6698
26368
10242
6636
11813
9595
15087
10374
20743
26573
27984
3152
20831
2124
24833
30437
13155
29218
27859
12397
5139
8365
26538
24409
25064
22832
3519
25858
11616
4230
22855
14262
8575
27763
22272
23227
32252
17292
11606
15481
9479
14998
1817
9372
16140
21603
28681
6059
25253
16018
17640
10506
21548
8199
7026
10946
6859
26387
25041
2717
26614
811
19581
29768
19119
32416
29693
2333
25498
17175
16183
20683
28398
22150
13382
5971
13339
10665
11464
7512
24504
14629
4960
22852
17068
1864
6261
14780
12025
23542
9747
29011
24032
2916
2142
6632
9614
23051
15818
2144
16872
28405
14747
493
24827
837
24486
497
31388
9656
9534
28217
26198
704
32265
10006
11652
1014
18542
26149
3069
19363
26789
15049
10165
16351
29055
28340
8308
32721
13176
31471
7306
28954
12089
10498
12110
27717
22180
22418
19836
5543
11266
32408
5478
23523
17638
12717
17915
8337
32685
3688
10042
26724
20790
14796
4366
20947
25207
17446
2500
15689
27706
9261
12857
25780
31530
25190
27525
26760
7104
31355
29845
18034
5050
18523
8335
206
17338
24734
8673
30280
4097
3756
6713
6609
31751
20339
13903
22033
4220
8400
10608
28083
19458
11853
17562
25157
14657
14343
16882
10247
18492
13334
6036
31850
32468
15618
10997
27661
13031
14889
11626
967
26094
19330
32612
27572
7906
2695
30122
25074
32680
16654
15974
26064
22409
26372
7142
26196
16959
5913
19261
8119
7255
25472
11472
432
1169
18251
30951
5091
26136
12584
16329
29111
28924
19090
10015
3236
3951
9590
31037
3852
19254
23709
28587
22099
21970
28723
16435
22957
29430
11277
14506
13230
26725
4966
12868
9691
25880
28125
26882
4629
19891
3603
17435
16082
23291
28161
21258
19494
15986
13337
12424
32693
28817
13699
11361
31876
9991
21884
3581
16323
28498
4218
1673
28257
5837
29695
3159
30226
13178
21669
2220
12548
31733
19975
13373
6690
28514
25378
12210
25417
30785
26968
25810
15452
32666
27827
16996
8557
28145
3355
19804
4680
19454
4869
18039
32566
20464
20316
17378
30182
11379
1161
25347
30564
6435
12
18623
3662
25377
1129
8926
26656
10333
29558
8980
11446
5475
7515
27350
13434
23238
7401
4121
4697
16715
881
29411
5027
18160
14064
24283
13523
19178
25623
22051
18724
15345
7387
8533
28061
11925
15175
29207
25621
6056
19796
19704
11775
32110
19423
22359
26772
27765
19143
28210
16705
23274
18870
15566
19426
22743
3618
21009
4150
30759
32330
13566
6846
1420
28618
1517
20483
11386
18858
27866
26169
30477
18987
26110
7484
390
29270
4432
21416
1864
30188
17681
9472
3117
2306
25813
3709
4427
10424
26586
30345
930
2031
11232
30145
9262
24546
5679
22399
17760
28012
20219
10394
4904
2032
21946
6036
25266
9710
16203
19521
28183
24451
23078
25177
7329
28182
6192
20524
13897
13422
21978
17650
1867
9442
1172
2832
28809
19835
26075
8718
32555
19158
22047
8234
25134
16901
19347
16415
19557
14748
20378
15345
4932
12802
13468
27617
17010
24567
20321
27659
9951
26132
28937
7470
26632
7476
30523
25329
19319
32229
10539
2152
15418
29653
27953
10015
9920
4290
7568
2871
4549
8554
21069
15927
13966
9030
2264
23713
17117
11902
10722
8243
9121
25739
22411
6335
14338
616
17594
30029
26484
1030
22991
30363
22194
7655
20235
15775
2861
11595
17964
3165
6828
21189
3054
23714
27874
28950
24848
19177
12106
25138
11320
10832
29279
15131
28591
22697
23644
27907
5295
11824
21592
10632
28499
28633
32138
32690
29063
27901
21910
17440
4144
21725
20354
11965
21049
10489
17564
24837
25168
16403
32260
7467
5246
21224
10920
18505
8298
18408
16888
22150
7492
9656
8583
3500
15546
11626
6038
28157
13283
4094
8419
22050
28032
16171
21829
19929
14376
2689
4705
26751
19110
22352
29841
7573
31233
23037
21229
14286
10622
21168
8571
11877
2426
31135
2299
8357
13782
23549
3548
7365
7641
3591
28272
25858
7700
25844
7910
2744
17944
20232
516
30898
8906
25
25235
16218
31361
17452
27933
16434
15315
3018
17861
26530
9149
6938
4174
32631
7274
9592
485
3049
5551
23010
32613
27255
4766
1527
14671
9393
23990
29973
1785
18209
25231
23972
19353
5100
27297
28225
10375
30883
16049
21756
5045
27754
27361
9645
16850
1895
7335
11157
18951
4124
27345
1071
4913
12949
3383
25773
19312
26385
19348
16288
26143
3532
2315
19285
28231
3711
17644
19995
20897
32518
17041
24564
28151
24557
214
15022
11659
18040
5981
2234
16977
9832
18396
28604
14258
29987
2977
1537
26465
22241
16513
17800
12661
2904
13139
31489
18254
10778
22700
23555
15718
27194
4429
5124
8893
13895
24731
3999
6452
3395
25525
28490
7308
5759
28350
14083
3206
8557
15132
21979
28976
1028
23292
25490
31976
18676
21766
21386
18127
24057
8066
23702
6648
15019
8327
11749
27283
21664
22422
12317
15516
7332
5354
6529
25151
14660
23595
18027
1205
18999
31277
13290
5504
22323
10045
17464
12466
2157
25140
32680
6248
31285
16219
21114
4061
29118
24854
4099
13930
23700
17691
29770
20489
31253
17803
32033
18862
26916
338
29733
18249
4882
27140
32125
27473
7921
21040
10830
3013
16655
3289
457
15428
7313
7583
31794
8233
2043
28245
29300
13958
2544
21715
19794
21564
19777
8181
20387
458
19886
13264
8607
10484
16413
21323
240
19229
2084
8386
10914
19455
439
17933
32217
12692
17436
7926
25471
17618
24624
1018
11381
12791
32557
7131
5793
12471
25630
8567
26685
15443
7017
21068
22036
18236
8949
31277
6204
13208
19054
21606
25927
19739
7902
28758
24494
17867
16188
30507
6628
7400
19709
27374
27087
13094
3147
6703
7715
30572
5038
1356
29156
276
1487
15808
28448
24475
11553
17068
15591
27198
26297
7238
27592
15257
19178
13332
6289
28537
2189
13620
31743
8566
14699
25171
12556
2130
5168
23222
24875
26993
8236
31796
2167
14425
15761
1554
32748
11279
8476
3414
6379
14869
7611
10361
21267
28563
13863
13294
1363
20971
6169
10027
181
28085
16716
3213
24770
31107
2650
1898
10321
11191
28470
10157
10429
3971
22025
1824
23080
5527
8068
22452
12188
31661
12301
10687
18499
2427
29697
29192
29108
17251
8448
20290
12190
31223
11523
4681
17832
10754
3675
593
30712
3602
28397
5234
29403
17264
24177
3993
6282
9231
9397
22093
6634
424
14903
9878
3315
19528
27517
3956
8551
31413
23670
6502
14836
6784
21834
22930
20277
4186
3217
10516
28040
21756
29223
30208
25563
11122
31003
22055
11744
18467
11777
27341
12709
30824
29914
30111
13804
23398
22248
8526
19386
21037
31616
30469
30514
31269
7599
13668
15727
26664
11331
13784
25462
22313
2304
13522
18083
3138
32717
15893
23834
26831
23002
25175
13709
5496
4673
4950
23271
13733
14913
11442
21915
3796
17695
23189
7201
2478
28995
1122
22349
4213
30527
5982
9828
26623
6908
11605
6684
5536
25302
5531
28148
7110
7971
19013
22938
17101
16204
285
17129
26795
4090
19795
28287
7190
26157
11004
7176
32375
21625
15210
25459
13452
21238
4466
23524
15163
21967
9843
27158
4313
2613
16136
13825
21730
1424
7996
16854
31052
19857
23590
26024
27020
31667
19358
23450
32657
24264
15079
28721
17619
20053
15816
8389
31416
5998
28588
7892
11566
18949
1747
24414
20122
17791
26071
1826
2275
4559
29778
9652
1807
31863
5529
3897
18104
26599
2105
20564
20504
12991
22968
4784
4293
23413
3697
16354
11205
8483
20512
4895
21053
9793
30766
7057
29520
3531
9648
6494
21824
6850
27141
4277
18670
29625
20330
29158
25094
3041
7171
5156
29323
11302
31262
23577
19295
26137
22601
23280
17891
23075
10154
8100
24323
2388
26441
11255
13072
20313
6500
22541
14009
16274
19416
11187
5960
29035
32199
25588
27089
28870
1498
12047
10803
7776
21080
3006
26440
30589
26714
16894
17569
22945
23152
26813
7684
27742
19958
8182
5162
16683
14979
26535
17139
19513
25584
24643
24414
19839
8273
27727
11893
15218
5395
4391
26823
4949
30856
30183
1500
20720
26607
10440
26566
32283
6390
4565
28136
11288
7216
14703
6717
11299
7271
7450
8053
8813
3360
29561
9167
19139
10799
21210
30813
14958
30636
6898
15285
6538
19948
22937
26381
15744
25603
5228
10258
14451
2735
20891
15435
14519
15694
2071
29631
21641
20417
17746
8702
718
6675
28278
16361
30596
30730
9413
13360
5554
6572
26365
1589
2912
19050
10441
12492
15859
6103
16240
28236
3406
5645
13772
15527
27105
7717
27167
16262
30239
30404
4799
28568
17585
12216
21245
14110
22745
1501
22495
15486
12495
13892
17284
8200
17555
25675
13779
2067
16849
2862
13794
12874
28930
16033
16690
6455
7034
18265
27502
2652
19351
7543
1354
29169
5666
22509
2849
30378
1767
21672
9284
2879
22206
12249
22973
4287
13505
31801
9269
28846
9166
31380
25094
12748
32240
1563
31728
30998
28555
13160
12032
4338
509
17974
11828
32140
7491
311
320
15824
11137
14320
30809
22940
15249
2980
25413
20131
14965
28336
8091
23500
8057
14539
19030
13983
5722
8939
4305
7559
7453
8463
28553
25014
23878
11539
13898
25998
2623
22473
5245
6327
9943
13059
1070
24916
19008
16892
31331
10003
1984
4605
5834
16157
25420
9988
26328
12821
13435
7696
18653
8744
25339
1326
15326
3829
109
1838
18162
18850
3451
25346
30468
31978
18635
69
31882
9051
23511
429
31908
19112
21485
1533
9141
20687
9123
28097
22017
3585
28565
1797
30632
24605
30243
14738
17486
18758
28049
28981
16240
14255
28623
6175
10072
26433
23882
14796
631
22460
9465
17283
21316
17531
13698
18048
19168
24508
6714
16532
29673
13440
26992
13652
27060
23422
13730
4822
19837
27319
14854
19084
16155
9457
5668
28557
5253
30148
30605
370
26200
6425
6222
11192
24476
13082
11956
29468
22306
25964
17
24473
16155
4892
21957
13088
18608
9554
21661
20006
9305
25113
25403
30664
5338
21385
26996
5597
24983
5151
20913
4867
28808
2377
1135
15471
15670
3898
15441
196
30117
3502
20262
21271
4543
2937
24263
7912
17052
14973
25736
30804
15649
30971
18719
2537
15155
21362
19522
10521
10293
2502
1689
23170
28856
12617
8047
19423
3839
1059
982
8376
9144
10193
19436
4782
17506
28756
11206
17312
29494
17266
3064
11745
4110
17540
11210
20978
4916
4666
23600
5937
26527
17013
16872
27729
26011
17548
1378
11981
5247
22319
2158
19773
4730
2702
26267
3848
25513
12043
20125
3662
1280
3894
3444
15809
26009
7242
10595
20632
10210
19050
11484
13832
2353
4242
19794
18025
28608
19905
22095
9400
31415
12872
28374
27590
2791
13669
18105
24071
27706
11623
11024
29068
16172
28385
32208
17635
6002
21735
9931
3448
26949
20874
11805
11922
4263
7301
6139
5673
6518
14955
763
27073
27061
11614
19498
14947
3596
1204
30027
24152
16023
14319
12401
28114
4804
13726
27276
29125
672
307
673
10442
17196
21510
21103
32262
14527
1272
13674
23576
5525
29629
20475
22615
21748
4693
18244
14120
13648
27336
7933
9909
27840
20733
14689
14133
17469
31613
32641
26069
16739
4245
27308
27179
23966
22998
10467
17322
14959
19623
27852
7514
23262
12457
5520
19085
21790
12188
3457
32686
22287
7853
28523
20202
27926
28827
13492
30302
28589
4869
3883
10253
30997
8578
26726
25363
6387
27495
15652
26775
25959
6326
8461
8194
19253
7409
18358
2154
21000
28519
8184
23387
11703
28469
5211
16358
7907
19248
32245
12575
19044
11588
31938
22247
27725
4335
6693
816
12130
24620
24685
18414
27055
11089
28820
31472
22752
20907
9907
26759
23947
23711
30352
10639
10543
9185
9683
21335
2269
3004
12157
20193
10307
1470
7359
17775
32539
23900
1532
17865
7588
7545
14833
5703
8605
27851
23989
11961
30080
11068
31496
31103
29597
21634
22988
16450
29229
31755
28065
28729
223
16430
29602
15578
22855
4378
13910
24686
21788
2162
13797
7569
30270
14328
15493
525
25833
12657
5300
24538
18279
26705
924
9724
7361
28815
11169
15279
14229
4838
1278
6454
26701
7297
31109
15524
13881
1657
17468
8095
17148
25997
853
30670
23903
4963
15636
9077
347
12517
15968
7353
24749
20996
20865
6834
687
23228
1620
27517
10353
21800
26868
8418
23620
699
3942
13320
18795
6159
16615
28784
14770
16721
22806
29026
31094
7399
248
30783
809
28127
22682
4607
20867
18366
314
30186
24730
14106
17717
14901
26674
22345
18452
7576
28855
13760
3891
4450
4107
31909
6173
20425
26673
1835
26862
13959
11826
18953
24586
27080
24239
11019
30924
26959
4465
7034
8497
17337
1884
17268
19463
20101
18681
26902
20393
12512
25436
1684
5239
22234
9325
13143
30139
20178
13271
17575
21241
22414
22549
31913
32027
13335
8947
1037
14057
20782
4302
17712
8538
5148
2860
233
5545
14697
4403
26087
15694
18842
32287
2857
21240
16354
5270
17331
3088
12326
364
29662
18465
16819
24785
5594
17439
14024
1174
20171
14146
26091
32001
31297
27233
3423
12047
8771
9198
27218
20802
12239
22483
26554
14362
16127
4538
1504
19722
15805
18352
27792
29844
9872
2870
17917
13425
24700
18175
26716
5743
3727
21893
8665
18890
1246
15746
24022
27287
25860
8578
31584
12817
23255
13466
21861
26733
1321
1996
4642
16081
30699
29790
31807
3403
3301
18664
23835
24786
10843
6936
3095
18319
19746
32228
3751
19881
922
1581
20725
38
2017
25062
6763
1915
15470
5643
7681
14880
15691
32075
32092
11288
31766
19726
19989
21505
28891
8916
28078
20518
19569
21688
18220
4994
32148
28677
9100
6719
4079
16696
27625
3187
25830
9318
6261
30285
21847
13359
26196
21281
13291
28270
6776
24606
27900
28639
26814
10296
31206
11587
28650
29264
10279
30229
70
11054
9081
7157
20695
24193
2396
28656
29096
21333
7797
8445
2593
10914
16063
869
19154
16210
5537
20349
5390
32648
28551
31335
14078
7018
23548
26675
5371
29246
6800
19871
15324
14279
8808
3339
9758
18970
5691
14710
29082
17434
13174
24981
14059
24897
6707
12041
14215
28083
7987
22141
4526
1218
31811
8715
14867
9077
15255
26696
31466
12228
8403
17364
7197
32273
23715
24252
8768
27147
29391
7969
3083
9140
185
20765
5969
7158
4410
25991
27246
15222
10964
29308
12689
26888
836
22611
17447
27630
15363
26064
23969
19204
29027
865
31304
9173
5107
8281
345
5383
32162
1395
2494
1456
7952
19326
15338
2962
20950
7662
14683
23176
27700
8633
15704
19341
6990
17806
20531
10817
22607
7636
22916
3737
31692
20382
19973
9134
6726
3477
19826
10582
22595
21507
6715
31668
12190
800
26854
18909
21585
25778
8663
6104
72
27987
20802
25290
14315
27257
10
23759
16243
4722
13972
5416
3165
12939
2470
13651
3963
16363
2302
30574
31028
24345
21173
30780
25136
26653
31719
946
7383
30517
3183
17383
13436
12973
24714
2435
10788
21737
1065
5708
7191
29928
4475
25312
28513
28766
1372
14787
30044
8015
16437
31135
8489
10647
5357
24515
24483
32474
7075
19047
21955
29885
14968
16150
13849
7870
10602
14477
2862
1448
8161
19152
12735
27093
27638
10852
12119
22294
17002
29789
25946
23276
16744
27738
14415
32415
32228
14515
21552
8228
614
15167
1230
13321
5737
15463
23430
11325
18938
30481
31539
18553
7943
16464
28120
13148
30606
4614
30796
15810
10084
17136
586
2890
16359
28367
14650
17354
22091
14898
20349
7319
19161
25903
14885
23885
28877
26213
19278
6847
29859
5025
3536
6392
13044
1114
9883
19251
16673
7082
16386
10202
8179
26492
9647
25570
30191
15434
19275
7468
8324
29829
23211
14070
25512
19816
6516
26343
25843
32575
11793
6483
6774
26954
3370
10146
15269
27361
6418
31972
23543
9574
12159
11075
26671
18908
22290
22997
30307
1705
7601
25308
3791
887
18107
7980
27739
4001
8861
1103
30933
15530
3571
17357
4943
9912
1205
10667
15023
4252
489
13628
8509
17165
15733
4254
13802
799
3689
31630
13310
32327
297
5765
32496
20167
27357
1352
5163
7763
30850
2557
24482
8895
18897
19457
7981
20368
25172
30277
25461
28607
30483
16588
563
9688
3532
23842
251
26439
26349
29189
15419
22144
26495
17748
30566
14736
3241
21584
9978
17193
12147
9527
31670
26766
8366
13827
8453
16744
6591
21663
8317
1719
19951
17363
20618
13141
1161
5153
24166
17401
3818
21081
13338
1628
24956
28997
20896
19791
6900
29997
26598
20308
18199
15718
25528
23118
1969
16394
32119
32208
25987
21108
17145
7125
28345
32443
25900
6450
5144
23708
7509
12136
25029
9802
3389
1425
2389
9358
4635
30672
23885
13408
24715
431
4073
3787
15863
4032
25582
15715
27881
12151
32207
21939
4939
7281
29574
31944
12742
24911
9474
23655
24436
2359
17768
23641
29341
32276
8316
21975
19886
18509
8152
282
16648
21335
2867
22080
17460
5601
16717
21964
28844
8873
22022
28725
9800
3520
14003
5239
669
13618
1641
17457
5179
31079
23531
13116
16053
17534
31518
23598
30631
4351
19820
9360
9891
22641
1928
4206
21422
3752
19331
30034
5408
15545
28205
29012
18747
26004
26577
31596
29162
682
20713
12778
31008
6319
8409
28835
23918
20781
14445
25115
20334
24680
7213
15285
14145
7829
9330
12931
3421
10026
21965
3952
1983
6893
20192
22229
786
32272
21441
6158
13792
6884
13349
12384
32144
27301
14408
28102
2379
1863
8864
29798
9122
23847
21605
12602
28424
24047
404
4052
16073
21646
12124
9485
15622
25403
20219
8972
12354
28704
11455
27428
804
24459
26031
4257
22288
28849
15072
28934
6198
10736
3120
9283
16672
11977
10956
24435
901
12348
31349
12477
10213
4239
20075
7138
28250
3299
1312
24912
9452
9026
11810
12662
15774
9958
3180
22499
27999
25310
15612
22972
5140
12568
6916
11388
4536
22802
5161
4575
23020
27426
25955
30713
19536
23252
20279
7234
21728
5216
22920
6014
29179
9536
2506
24059
14119
32108
17732
17432
18971
18616
22463
6874
21354
15245
21247
14850
14126
24015
6651
29274
18792
10966
4227
15387
2720
18808
8613
15898
32640
20701
2197
20903
13060
1995
17161
7990
30836
9481
9065
6227
31766
28292
12330
9373
25916
10899

