Copyright 1986-2017 Xilinx, Inc. All Rights Reserved.
-------------------------------------------------------------------------------------------------------------------------------------------------------
| Tool Version : Vivado v.2017.4 (lin64) Build 2086221 Fri Dec 15 20:54:30 MST 2017
| Date         : Thu Mar 25 21:07:40 2021
| Host         : athena running 64-bit unknown
| Command      : report_timing_summary -delay_type min_max -report_unconstrained -check_timing_verbose -max_paths 32 -input_pins -file top_wrapper.twr
| Design       : top_wrapper
| Device       : 7vx485t-ffg1761
| Speed File   : -2  PRODUCTION 1.12 2014-09-11
-------------------------------------------------------------------------------------------------------------------------------------------------------

Timing Summary Report

------------------------------------------------------------------------------------------------
| Timer Settings
| --------------
------------------------------------------------------------------------------------------------

  Enable Multi Corner Analysis               :  Yes
  Enable Pessimism Removal                   :  Yes
  Pessimism Removal Resolution               :  Nearest Common Node
  Enable Input Delay Default Clock           :  No
  Enable Preset / Clear Arcs                 :  No
  Disable Flight Delays                      :  No
  Ignore I/O Paths                           :  No
  Timing Early Launch at Borrowing Latches   :  false

  Corner  Analyze    Analyze    
  Name    Max Paths  Min Paths  
  ------  ---------  ---------  
  Slow    Yes        Yes        
  Fast    Yes        Yes        



check_timing report

Table of Contents
-----------------
1. checking no_clock
2. checking constant_clock
3. checking pulse_width_clock
4. checking unconstrained_internal_endpoints
5. checking no_input_delay
6. checking no_output_delay
7. checking multiple_clock
8. checking generated_clocks
9. checking loops
10. checking partial_input_delay
11. checking partial_output_delay
12. checking latch_loops

1. checking no_clock
--------------------
 There are 0 register/latch pins with no clock.


2. checking constant_clock
--------------------------
 There are 0 register/latch pins with constant_clock.


3. checking pulse_width_clock
-----------------------------
 There are 0 register/latch pins which need pulse_width check


4. checking unconstrained_internal_endpoints
--------------------------------------------
 There are 0 pins that are not constrained for maximum delay.

 There are 0 pins that are not constrained for maximum delay due to constant clock.


5. checking no_input_delay
--------------------------
 There are 33 input ports with no input delay specified. (HIGH)

a[0]
a[10]
a[11]
a[12]
a[13]
a[14]
a[15]
a[1]
a[2]
a[3]
a[4]
a[5]
a[6]
a[7]
a[8]
a[9]
b[0]
b[10]
b[11]
b[12]
b[13]
b[14]
b[15]
b[1]
b[2]
b[3]
b[4]
b[5]
b[6]
b[7]
b[8]
b[9]
func

 There are 0 input ports with no input delay but user has a false path constraint.


6. checking no_output_delay
---------------------------
 There are 32 ports with no output delay specified. (HIGH)

prod[0]
prod[10]
prod[11]
prod[12]
prod[13]
prod[14]
prod[15]
prod[16]
prod[17]
prod[18]
prod[19]
prod[1]
prod[20]
prod[21]
prod[22]
prod[23]
prod[24]
prod[25]
prod[26]
prod[27]
prod[28]
prod[29]
prod[2]
prod[30]
prod[31]
prod[3]
prod[4]
prod[5]
prod[6]
prod[7]
prod[8]
prod[9]

 There are 0 ports with no output delay but user has a false path constraint

 There are 0 ports with no output delay but with a timing clock defined on it or propagating through it


7. checking multiple_clock
--------------------------
 There are 0 register/latch pins with multiple clocks.


8. checking generated_clocks
----------------------------
 There are 0 generated clocks that are not connected to a clock source.


9. checking loops
-----------------
 There are 0 combinational loops in the design.


10. checking partial_input_delay
--------------------------------
 There are 0 input ports with partial input delay specified.


11. checking partial_output_delay
---------------------------------
 There are 0 ports with partial output delay specified.


12. checking latch_loops
------------------------
 There are 0 combinational latch loops in the design through latch input



------------------------------------------------------------------------------------------------
| Design Timing Summary
| ---------------------
------------------------------------------------------------------------------------------------

    WNS(ns)      TNS(ns)  TNS Failing Endpoints  TNS Total Endpoints      WHS(ns)      THS(ns)  THS Failing Endpoints  THS Total Endpoints     WPWS(ns)     TPWS(ns)  TPWS Failing Endpoints  TPWS Total Endpoints  
    -------      -------  ---------------------  -------------------      -------      -------  ---------------------  -------------------     --------     --------  ----------------------  --------------------  
     -0.023       -0.069                      4                   49        0.983        0.000                      0                   49        3.109        0.000                       0                    66  


Timing constraints are not met.


------------------------------------------------------------------------------------------------
| Clock Summary
| -------------
------------------------------------------------------------------------------------------------

Clock  Waveform(ns)         Period(ns)      Frequency(MHz)
-----  ------------         ----------      --------------
clock  {0.000 3.508}        7.017           142.511         


------------------------------------------------------------------------------------------------
| Intra Clock Table
| -----------------
------------------------------------------------------------------------------------------------

Clock             WNS(ns)      TNS(ns)  TNS Failing Endpoints  TNS Total Endpoints      WHS(ns)      THS(ns)  THS Failing Endpoints  THS Total Endpoints     WPWS(ns)     TPWS(ns)  TPWS Failing Endpoints  TPWS Total Endpoints  
-----             -------      -------  ---------------------  -------------------      -------      -------  ---------------------  -------------------     --------     --------  ----------------------  --------------------  
clock              -0.023       -0.069                      4                   49        0.983        0.000                      0                   49        3.109        0.000                       0                    66  


------------------------------------------------------------------------------------------------
| Inter Clock Table
| -----------------
------------------------------------------------------------------------------------------------

From Clock    To Clock          WNS(ns)      TNS(ns)  TNS Failing Endpoints  TNS Total Endpoints      WHS(ns)      THS(ns)  THS Failing Endpoints  THS Total Endpoints  
----------    --------          -------      -------  ---------------------  -------------------      -------      -------  ---------------------  -------------------  


------------------------------------------------------------------------------------------------
| Other Path Groups Table
| -----------------------
------------------------------------------------------------------------------------------------

Path Group    From Clock    To Clock          WNS(ns)      TNS(ns)  TNS Failing Endpoints  TNS Total Endpoints      WHS(ns)      THS(ns)  THS Failing Endpoints  THS Total Endpoints  
----------    ----------    --------          -------      -------  ---------------------  -------------------      -------      -------  ---------------------  -------------------  


------------------------------------------------------------------------------------------------
| User Ignored Path Table
| -----------------------
------------------------------------------------------------------------------------------------

Path Group    From Clock    To Clock    
----------    ----------    --------    


------------------------------------------------------------------------------------------------
| Unconstrained Path Table
| ------------------------
------------------------------------------------------------------------------------------------

Path Group    From Clock    To Clock    
----------    ----------    --------    
(none)        clock                       
(none)                      clock         


------------------------------------------------------------------------------------------------
| Timing Details
| --------------
------------------------------------------------------------------------------------------------


---------------------------------------------------------------------------------------------------
From Clock:  clock
  To Clock:  clock

Setup :            4  Failing Endpoints,  Worst Slack       -0.023ns,  Total Violation       -0.069ns
Hold  :            0  Failing Endpoints,  Worst Slack        0.983ns,  Total Violation        0.000ns
PW    :            0  Failing Endpoints,  Worst Slack        3.109ns,  Total Violation        0.000ns
---------------------------------------------------------------------------------------------------


Max Delay Paths
--------------------------------------------------------------------------------------
Slack (VIOLATED) :        -0.023ns  (required time - arrival time)
  Source:                 b_reg_reg[0]/C
                            (rising edge-triggered cell FDRE clocked by clock  {rise@0.000ns fall@3.508ns period=7.017ns})
  Destination:            prod_reg[28]/D
                            (rising edge-triggered cell FDRE clocked by clock  {rise@0.000ns fall@3.508ns period=7.017ns})
  Path Group:             clock
  Path Type:              Setup (Max at Slow Process Corner)
  Requirement:            7.017ns  (clock rise@7.017ns - clock rise@0.000ns)
  Data Path Delay:        6.975ns  (logic 1.814ns (26.006%)  route 5.161ns (73.993%))
  Logic Levels:           15  (CARRY4=5 LUT2=2 LUT4=1 LUT6=7)
  Clock Path Skew:        -0.063ns (DCD - SCD + CPR)
    Destination Clock Delay (DCD):    4.860ns = ( 11.877 - 7.017 ) 
    Source Clock Delay      (SCD):    5.266ns
    Clock Pessimism Removal (CPR):    0.342ns
  Clock Uncertainty:      0.035ns  ((TSJ^2 + TIJ^2)^1/2 + DJ) / 2 + PE
    Total System Jitter     (TSJ):    0.071ns
    Total Input Jitter      (TIJ):    0.000ns
    Discrete Jitter          (DJ):    0.000ns
    Phase Error              (PE):    0.000ns

    Location             Delay type                Incr(ns)  Path(ns)    Netlist Resource(s)
  -------------------------------------------------------------------    -------------------
                         (clock clock rise edge)      0.000     0.000 r  
    AU32                                              0.000     0.000 r  clk (IN)
                         net (fo=0)                   0.000     0.000    clk
    AU32                                                              r  clk_IBUF_inst/I
    AU32                 IBUF (Prop_ibuf_I_O)         0.642     0.642 r  clk_IBUF_inst/O
                         net (fo=1, routed)           2.644     3.286    clk_IBUF
    BUFGCTRL_X0Y0                                                     r  clk_IBUF_BUFG_inst/I
    BUFGCTRL_X0Y0        BUFG (Prop_bufg_I_O)         0.093     3.379 r  clk_IBUF_BUFG_inst/O
                         net (fo=65, routed)          1.887     5.266    clk_IBUF_BUFG
    SLICE_X45Y36         FDRE                                         r  b_reg_reg[0]/C
  -------------------------------------------------------------------    -------------------
    SLICE_X45Y36         FDRE (Prop_fdre_C_Q)         0.223     5.489 r  b_reg_reg[0]/Q
                         net (fo=9, routed)           0.726     6.214    inst0/adder_inst_2/b_reg_reg[15][0]
    SLICE_X44Y37                                                      r  inst0/adder_inst_2/g0_b0_i_23/I4
    SLICE_X44Y37         LUT6 (Prop_lut6_I4_O)        0.043     6.257 r  inst0/adder_inst_2/g0_b0_i_23/O
                         net (fo=3, routed)           0.233     6.491    inst0/adder_inst_2/lgN4.lod_detected__0
    SLICE_X45Y36                                                      r  inst0/adder_inst_2/prod[16]_i_7/I0
    SLICE_X45Y36         LUT2 (Prop_lut2_I0_O)        0.043     6.534 r  inst0/adder_inst_2/prod[16]_i_7/O
                         net (fo=24, routed)          0.480     7.014    inst0/adder_inst_2/prod_reg[16]_6
    SLICE_X47Y37                                                      r  inst0/adder_inst_2/g0_b0_i_13/I4
    SLICE_X47Y37         LUT6 (Prop_lut6_I4_O)        0.043     7.057 r  inst0/adder_inst_2/g0_b0_i_13/O
                         net (fo=2, routed)           0.535     7.591    inst0/adder_inst_2/g0_b0_i_13_n_0
    SLICE_X44Y34                                                      r  inst0/adder_inst_2/g0_b0_i_3/I3
    SLICE_X44Y34         LUT6 (Prop_lut6_I3_O)        0.043     7.634 r  inst0/adder_inst_2/g0_b0_i_3/O
                         net (fo=26, routed)          0.691     8.325    inst0/adder_inst_2/sel[2]
    SLICE_X45Y32                                                      r  inst0/adder_inst_2/g0_b1__0/I2
    SLICE_X45Y32         LUT6 (Prop_lut6_I2_O)        0.043     8.368 r  inst0/adder_inst_2/g0_b1__0/O
                         net (fo=1, routed)           0.267     8.636    inst0/adder_inst_1/out[1]
    SLICE_X47Y33                                                      r  inst0/adder_inst_1/prod[29]_i_26/I2
    SLICE_X47Y33         LUT4 (Prop_lut4_I2_O)        0.043     8.679 r  inst0/adder_inst_1/prod[29]_i_26/O
                         net (fo=1, routed)           0.000     8.679    inst0/adder_inst_1/prod[29]_i_26_n_0
    SLICE_X47Y33                                                      r  inst0/adder_inst_1/prod_reg[29]_i_14/S[1]
    SLICE_X47Y33         CARRY4 (Prop_carry4_S[1]_O[3])
                                                      0.312     8.991 r  inst0/adder_inst_1/prod_reg[29]_i_14/O[3]
                         net (fo=2, routed)           0.553     9.544    inst0_n_8
    SLICE_X49Y34                                                      r  prod[29]_i_7/I1
    SLICE_X49Y34         LUT2 (Prop_lut2_I1_O)        0.120     9.664 r  prod[29]_i_7/O
                         net (fo=1, routed)           0.109     9.773    inst0/adder_inst_2/func_reg_reg[3]
    SLICE_X48Y34                                                      r  inst0/adder_inst_2/prod_reg[29]_i_5/DI[3]
    SLICE_X48Y34         CARRY4 (Prop_carry4_DI[3]_CO[3])
                                                      0.193     9.966 r  inst0/adder_inst_2/prod_reg[29]_i_5/CO[3]
                         net (fo=1, routed)           0.000     9.966    inst0/adder_inst_2/prod_reg[29]_i_5_n_0
    SLICE_X48Y35                                                      r  inst0/adder_inst_2/prod_reg[16]_i_17/CI
    SLICE_X48Y35         CARRY4 (Prop_carry4_CI_CO[3])
                                                      0.297    10.263 r  inst0/adder_inst_2/prod_reg[16]_i_17/CO[3]
                         net (fo=1, routed)           0.000    10.263    inst0/adder_inst_2/prod_reg[16]_i_17_n_0
    SLICE_X48Y36                                                      r  inst0/adder_inst_2/prod_reg[27]_i_5/CI
    SLICE_X48Y36         CARRY4 (Prop_carry4_CI_CO[3])
                                                      0.054    10.317 r  inst0/adder_inst_2/prod_reg[27]_i_5/CO[3]
                         net (fo=1, routed)           0.000    10.317    inst0/adder_inst_2/prod_reg[27]_i_5_n_0
    SLICE_X48Y37                                                      r  inst0/adder_inst_2/prod_reg[30]_i_12/CI
    SLICE_X48Y37         CARRY4 (Prop_carry4_CI_O[3])
                                                      0.151    10.468 r  inst0/adder_inst_2/prod_reg[30]_i_12/O[3]
                         net (fo=22, routed)          0.328    10.795    add_int_part_inst/0
    SLICE_X48Y38                                                      r  prod[31]_i_10/I3
    SLICE_X48Y38         LUT6 (Prop_lut6_I3_O)        0.120    10.915 r  prod[31]_i_10/O
                         net (fo=26, routed)          0.789    11.704    log_int[1]
    SLICE_X50Y34                                                      r  prod[28]_i_2/I4
    SLICE_X50Y34         LUT6 (Prop_lut6_I4_O)        0.043    11.747 r  prod[28]_i_2/O
                         net (fo=4, routed)           0.450    12.198    prod[28]_i_2_n_0
    SLICE_X51Y35                                                      r  prod[28]_i_1/I0
    SLICE_X51Y35         LUT6 (Prop_lut6_I0_O)        0.043    12.241 r  prod[28]_i_1/O
                         net (fo=1, routed)           0.000    12.241    prod_reg__0[28]
    SLICE_X51Y35         FDRE                                         r  prod_reg[28]/D
  -------------------------------------------------------------------    -------------------

                         (clock clock rise edge)      7.017     7.017 r  
    AU32                                              0.000     7.017 r  clk (IN)
                         net (fo=0)                   0.000     7.017    clk
    AU32                                                              r  clk_IBUF_inst/I
    AU32                 IBUF (Prop_ibuf_I_O)         0.535     7.552 r  clk_IBUF_inst/O
                         net (fo=1, routed)           2.510    10.062    clk_IBUF
    BUFGCTRL_X0Y0                                                     r  clk_IBUF_BUFG_inst/I
    BUFGCTRL_X0Y0        BUFG (Prop_bufg_I_O)         0.083    10.145 r  clk_IBUF_BUFG_inst/O
                         net (fo=65, routed)          1.732    11.877    clk_IBUF_BUFG
    SLICE_X51Y35         FDRE                                         r  prod_reg[28]/C
                         clock pessimism              0.342    12.220    
                         clock uncertainty           -0.035    12.184    
    SLICE_X51Y35         FDRE (Setup_fdre_C_D)        0.034    12.218    prod_reg[28]
  -------------------------------------------------------------------
                         required time                         12.218    
                         arrival time                         -12.241    
  -------------------------------------------------------------------
                         slack                                 -0.023    

Slack (VIOLATED) :        -0.019ns  (required time - arrival time)
  Source:                 b_reg_reg[0]/C
                            (rising edge-triggered cell FDRE clocked by clock  {rise@0.000ns fall@3.508ns period=7.017ns})
  Destination:            prod_reg[0]/D
                            (rising edge-triggered cell FDRE clocked by clock  {rise@0.000ns fall@3.508ns period=7.017ns})
  Path Group:             clock
  Path Type:              Setup (Max at Slow Process Corner)
  Requirement:            7.017ns  (clock rise@7.017ns - clock rise@0.000ns)
  Data Path Delay:        6.972ns  (logic 1.814ns (26.019%)  route 5.158ns (73.981%))
  Logic Levels:           15  (CARRY4=5 LUT2=2 LUT4=1 LUT6=7)
  Clock Path Skew:        -0.063ns (DCD - SCD + CPR)
    Destination Clock Delay (DCD):    4.860ns = ( 11.877 - 7.017 ) 
    Source Clock Delay      (SCD):    5.266ns
    Clock Pessimism Removal (CPR):    0.342ns
  Clock Uncertainty:      0.035ns  ((TSJ^2 + TIJ^2)^1/2 + DJ) / 2 + PE
    Total System Jitter     (TSJ):    0.071ns
    Total Input Jitter      (TIJ):    0.000ns
    Discrete Jitter          (DJ):    0.000ns
    Phase Error              (PE):    0.000ns

    Location             Delay type                Incr(ns)  Path(ns)    Netlist Resource(s)
  -------------------------------------------------------------------    -------------------
                         (clock clock rise edge)      0.000     0.000 r  
    AU32                                              0.000     0.000 r  clk (IN)
                         net (fo=0)                   0.000     0.000    clk
    AU32                                                              r  clk_IBUF_inst/I
    AU32                 IBUF (Prop_ibuf_I_O)         0.642     0.642 r  clk_IBUF_inst/O
                         net (fo=1, routed)           2.644     3.286    clk_IBUF
    BUFGCTRL_X0Y0                                                     r  clk_IBUF_BUFG_inst/I
    BUFGCTRL_X0Y0        BUFG (Prop_bufg_I_O)         0.093     3.379 r  clk_IBUF_BUFG_inst/O
                         net (fo=65, routed)          1.887     5.266    clk_IBUF_BUFG
    SLICE_X45Y36         FDRE                                         r  b_reg_reg[0]/C
  -------------------------------------------------------------------    -------------------
    SLICE_X45Y36         FDRE (Prop_fdre_C_Q)         0.223     5.489 r  b_reg_reg[0]/Q
                         net (fo=9, routed)           0.726     6.214    inst0/adder_inst_2/b_reg_reg[15][0]
    SLICE_X44Y37                                                      r  inst0/adder_inst_2/g0_b0_i_23/I4
    SLICE_X44Y37         LUT6 (Prop_lut6_I4_O)        0.043     6.257 r  inst0/adder_inst_2/g0_b0_i_23/O
                         net (fo=3, routed)           0.233     6.491    inst0/adder_inst_2/lgN4.lod_detected__0
    SLICE_X45Y36                                                      r  inst0/adder_inst_2/prod[16]_i_7/I0
    SLICE_X45Y36         LUT2 (Prop_lut2_I0_O)        0.043     6.534 r  inst0/adder_inst_2/prod[16]_i_7/O
                         net (fo=24, routed)          0.480     7.014    inst0/adder_inst_2/prod_reg[16]_6
    SLICE_X47Y37                                                      r  inst0/adder_inst_2/g0_b0_i_13/I4
    SLICE_X47Y37         LUT6 (Prop_lut6_I4_O)        0.043     7.057 r  inst0/adder_inst_2/g0_b0_i_13/O
                         net (fo=2, routed)           0.535     7.591    inst0/adder_inst_2/g0_b0_i_13_n_0
    SLICE_X44Y34                                                      r  inst0/adder_inst_2/g0_b0_i_3/I3
    SLICE_X44Y34         LUT6 (Prop_lut6_I3_O)        0.043     7.634 r  inst0/adder_inst_2/g0_b0_i_3/O
                         net (fo=26, routed)          0.691     8.325    inst0/adder_inst_2/sel[2]
    SLICE_X45Y32                                                      r  inst0/adder_inst_2/g0_b1__0/I2
    SLICE_X45Y32         LUT6 (Prop_lut6_I2_O)        0.043     8.368 r  inst0/adder_inst_2/g0_b1__0/O
                         net (fo=1, routed)           0.267     8.636    inst0/adder_inst_1/out[1]
    SLICE_X47Y33                                                      r  inst0/adder_inst_1/prod[29]_i_26/I2
    SLICE_X47Y33         LUT4 (Prop_lut4_I2_O)        0.043     8.679 r  inst0/adder_inst_1/prod[29]_i_26/O
                         net (fo=1, routed)           0.000     8.679    inst0/adder_inst_1/prod[29]_i_26_n_0
    SLICE_X47Y33                                                      r  inst0/adder_inst_1/prod_reg[29]_i_14/S[1]
    SLICE_X47Y33         CARRY4 (Prop_carry4_S[1]_O[3])
                                                      0.312     8.991 r  inst0/adder_inst_1/prod_reg[29]_i_14/O[3]
                         net (fo=2, routed)           0.553     9.544    inst0_n_8
    SLICE_X49Y34                                                      r  prod[29]_i_7/I1
    SLICE_X49Y34         LUT2 (Prop_lut2_I1_O)        0.120     9.664 r  prod[29]_i_7/O
                         net (fo=1, routed)           0.109     9.773    inst0/adder_inst_2/func_reg_reg[3]
    SLICE_X48Y34                                                      r  inst0/adder_inst_2/prod_reg[29]_i_5/DI[3]
    SLICE_X48Y34         CARRY4 (Prop_carry4_DI[3]_CO[3])
                                                      0.193     9.966 r  inst0/adder_inst_2/prod_reg[29]_i_5/CO[3]
                         net (fo=1, routed)           0.000     9.966    inst0/adder_inst_2/prod_reg[29]_i_5_n_0
    SLICE_X48Y35                                                      r  inst0/adder_inst_2/prod_reg[16]_i_17/CI
    SLICE_X48Y35         CARRY4 (Prop_carry4_CI_CO[3])
                                                      0.297    10.263 r  inst0/adder_inst_2/prod_reg[16]_i_17/CO[3]
                         net (fo=1, routed)           0.000    10.263    inst0/adder_inst_2/prod_reg[16]_i_17_n_0
    SLICE_X48Y36                                                      r  inst0/adder_inst_2/prod_reg[27]_i_5/CI
    SLICE_X48Y36         CARRY4 (Prop_carry4_CI_CO[3])
                                                      0.054    10.317 r  inst0/adder_inst_2/prod_reg[27]_i_5/CO[3]
                         net (fo=1, routed)           0.000    10.317    inst0/adder_inst_2/prod_reg[27]_i_5_n_0
    SLICE_X48Y37                                                      r  inst0/adder_inst_2/prod_reg[30]_i_12/CI
    SLICE_X48Y37         CARRY4 (Prop_carry4_CI_O[3])
                                                      0.151    10.468 r  inst0/adder_inst_2/prod_reg[30]_i_12/O[3]
                         net (fo=22, routed)          0.328    10.795    add_int_part_inst/0
    SLICE_X48Y38                                                      r  prod[31]_i_10/I3
    SLICE_X48Y38         LUT6 (Prop_lut6_I3_O)        0.120    10.915 r  prod[31]_i_10/O
                         net (fo=26, routed)          0.798    11.714    log_int[1]
    SLICE_X50Y35                                                      r  prod[24]_i_3/I4
    SLICE_X50Y35         LUT6 (Prop_lut6_I4_O)        0.043    11.757 r  prod[24]_i_3/O
                         net (fo=4, routed)           0.438    12.194    prod[24]_i_3_n_0
    SLICE_X49Y35                                                      r  prod[0]_i_1/I0
    SLICE_X49Y35         LUT6 (Prop_lut6_I0_O)        0.043    12.237 r  prod[0]_i_1/O
                         net (fo=1, routed)           0.000    12.237    prod[0]_i_1_n_0
    SLICE_X49Y35         FDRE                                         r  prod_reg[0]/D
  -------------------------------------------------------------------    -------------------

                         (clock clock rise edge)      7.017     7.017 r  
    AU32                                              0.000     7.017 r  clk (IN)
                         net (fo=0)                   0.000     7.017    clk
    AU32                                                              r  clk_IBUF_inst/I
    AU32                 IBUF (Prop_ibuf_I_O)         0.535     7.552 r  clk_IBUF_inst/O
                         net (fo=1, routed)           2.510    10.062    clk_IBUF
    BUFGCTRL_X0Y0                                                     r  clk_IBUF_BUFG_inst/I
    BUFGCTRL_X0Y0        BUFG (Prop_bufg_I_O)         0.083    10.145 r  clk_IBUF_BUFG_inst/O
                         net (fo=65, routed)          1.732    11.877    clk_IBUF_BUFG
    SLICE_X49Y35         FDRE                                         r  prod_reg[0]/C
                         clock pessimism              0.342    12.220    
                         clock uncertainty           -0.035    12.184    
    SLICE_X49Y35         FDRE (Setup_fdre_C_D)        0.034    12.218    prod_reg[0]
  -------------------------------------------------------------------
                         required time                         12.218    
                         arrival time                         -12.237    
  -------------------------------------------------------------------
                         slack                                 -0.019    

Slack (VIOLATED) :        -0.019ns  (required time - arrival time)
  Source:                 b_reg_reg[0]/C
                            (rising edge-triggered cell FDRE clocked by clock  {rise@0.000ns fall@3.508ns period=7.017ns})
  Destination:            prod_reg[16]/D
                            (rising edge-triggered cell FDRE clocked by clock  {rise@0.000ns fall@3.508ns period=7.017ns})
  Path Group:             clock
  Path Type:              Setup (Max at Slow Process Corner)
  Requirement:            7.017ns  (clock rise@7.017ns - clock rise@0.000ns)
  Data Path Delay:        6.972ns  (logic 1.814ns (26.019%)  route 5.158ns (73.981%))
  Logic Levels:           15  (CARRY4=5 LUT2=2 LUT4=1 LUT6=7)
  Clock Path Skew:        -0.063ns (DCD - SCD + CPR)
    Destination Clock Delay (DCD):    4.860ns = ( 11.877 - 7.017 ) 
    Source Clock Delay      (SCD):    5.266ns
    Clock Pessimism Removal (CPR):    0.342ns
  Clock Uncertainty:      0.035ns  ((TSJ^2 + TIJ^2)^1/2 + DJ) / 2 + PE
    Total System Jitter     (TSJ):    0.071ns
    Total Input Jitter      (TIJ):    0.000ns
    Discrete Jitter          (DJ):    0.000ns
    Phase Error              (PE):    0.000ns

    Location             Delay type                Incr(ns)  Path(ns)    Netlist Resource(s)
  -------------------------------------------------------------------    -------------------
                         (clock clock rise edge)      0.000     0.000 r  
    AU32                                              0.000     0.000 r  clk (IN)
                         net (fo=0)                   0.000     0.000    clk
    AU32                                                              r  clk_IBUF_inst/I
    AU32                 IBUF (Prop_ibuf_I_O)         0.642     0.642 r  clk_IBUF_inst/O
                         net (fo=1, routed)           2.644     3.286    clk_IBUF
    BUFGCTRL_X0Y0                                                     r  clk_IBUF_BUFG_inst/I
    BUFGCTRL_X0Y0        BUFG (Prop_bufg_I_O)         0.093     3.379 r  clk_IBUF_BUFG_inst/O
                         net (fo=65, routed)          1.887     5.266    clk_IBUF_BUFG
    SLICE_X45Y36         FDRE                                         r  b_reg_reg[0]/C
  -------------------------------------------------------------------    -------------------
    SLICE_X45Y36         FDRE (Prop_fdre_C_Q)         0.223     5.489 r  b_reg_reg[0]/Q
                         net (fo=9, routed)           0.726     6.214    inst0/adder_inst_2/b_reg_reg[15][0]
    SLICE_X44Y37                                                      r  inst0/adder_inst_2/g0_b0_i_23/I4
    SLICE_X44Y37         LUT6 (Prop_lut6_I4_O)        0.043     6.257 r  inst0/adder_inst_2/g0_b0_i_23/O
                         net (fo=3, routed)           0.233     6.491    inst0/adder_inst_2/lgN4.lod_detected__0
    SLICE_X45Y36                                                      r  inst0/adder_inst_2/prod[16]_i_7/I0
    SLICE_X45Y36         LUT2 (Prop_lut2_I0_O)        0.043     6.534 r  inst0/adder_inst_2/prod[16]_i_7/O
                         net (fo=24, routed)          0.480     7.014    inst0/adder_inst_2/prod_reg[16]_6
    SLICE_X47Y37                                                      r  inst0/adder_inst_2/g0_b0_i_13/I4
    SLICE_X47Y37         LUT6 (Prop_lut6_I4_O)        0.043     7.057 r  inst0/adder_inst_2/g0_b0_i_13/O
                         net (fo=2, routed)           0.535     7.591    inst0/adder_inst_2/g0_b0_i_13_n_0
    SLICE_X44Y34                                                      r  inst0/adder_inst_2/g0_b0_i_3/I3
    SLICE_X44Y34         LUT6 (Prop_lut6_I3_O)        0.043     7.634 r  inst0/adder_inst_2/g0_b0_i_3/O
                         net (fo=26, routed)          0.691     8.325    inst0/adder_inst_2/sel[2]
    SLICE_X45Y32                                                      r  inst0/adder_inst_2/g0_b1__0/I2
    SLICE_X45Y32         LUT6 (Prop_lut6_I2_O)        0.043     8.368 r  inst0/adder_inst_2/g0_b1__0/O
                         net (fo=1, routed)           0.267     8.636    inst0/adder_inst_1/out[1]
    SLICE_X47Y33                                                      r  inst0/adder_inst_1/prod[29]_i_26/I2
    SLICE_X47Y33         LUT4 (Prop_lut4_I2_O)        0.043     8.679 r  inst0/adder_inst_1/prod[29]_i_26/O
                         net (fo=1, routed)           0.000     8.679    inst0/adder_inst_1/prod[29]_i_26_n_0
    SLICE_X47Y33                                                      r  inst0/adder_inst_1/prod_reg[29]_i_14/S[1]
    SLICE_X47Y33         CARRY4 (Prop_carry4_S[1]_O[3])
                                                      0.312     8.991 r  inst0/adder_inst_1/prod_reg[29]_i_14/O[3]
                         net (fo=2, routed)           0.553     9.544    inst0_n_8
    SLICE_X49Y34                                                      r  prod[29]_i_7/I1
    SLICE_X49Y34         LUT2 (Prop_lut2_I1_O)        0.120     9.664 r  prod[29]_i_7/O
                         net (fo=1, routed)           0.109     9.773    inst0/adder_inst_2/func_reg_reg[3]
    SLICE_X48Y34                                                      r  inst0/adder_inst_2/prod_reg[29]_i_5/DI[3]
    SLICE_X48Y34         CARRY4 (Prop_carry4_DI[3]_CO[3])
                                                      0.193     9.966 r  inst0/adder_inst_2/prod_reg[29]_i_5/CO[3]
                         net (fo=1, routed)           0.000     9.966    inst0/adder_inst_2/prod_reg[29]_i_5_n_0
    SLICE_X48Y35                                                      r  inst0/adder_inst_2/prod_reg[16]_i_17/CI
    SLICE_X48Y35         CARRY4 (Prop_carry4_CI_CO[3])
                                                      0.297    10.263 r  inst0/adder_inst_2/prod_reg[16]_i_17/CO[3]
                         net (fo=1, routed)           0.000    10.263    inst0/adder_inst_2/prod_reg[16]_i_17_n_0
    SLICE_X48Y36                                                      r  inst0/adder_inst_2/prod_reg[27]_i_5/CI
    SLICE_X48Y36         CARRY4 (Prop_carry4_CI_CO[3])
                                                      0.054    10.317 r  inst0/adder_inst_2/prod_reg[27]_i_5/CO[3]
                         net (fo=1, routed)           0.000    10.317    inst0/adder_inst_2/prod_reg[27]_i_5_n_0
    SLICE_X48Y37                                                      r  inst0/adder_inst_2/prod_reg[30]_i_12/CI
    SLICE_X48Y37         CARRY4 (Prop_carry4_CI_O[3])
                                                      0.151    10.468 r  inst0/adder_inst_2/prod_reg[30]_i_12/O[3]
                         net (fo=22, routed)          0.328    10.795    add_int_part_inst/0
    SLICE_X48Y38                                                      r  prod[31]_i_10/I3
    SLICE_X48Y38         LUT6 (Prop_lut6_I3_O)        0.120    10.915 r  prod[31]_i_10/O
                         net (fo=26, routed)          0.798    11.714    log_int[1]
    SLICE_X50Y35                                                      r  prod[24]_i_3/I4
    SLICE_X50Y35         LUT6 (Prop_lut6_I4_O)        0.043    11.757 r  prod[24]_i_3/O
                         net (fo=4, routed)           0.438    12.194    prod[24]_i_3_n_0
    SLICE_X49Y35                                                      r  prod[16]_i_2/I1
    SLICE_X49Y35         LUT6 (Prop_lut6_I1_O)        0.043    12.237 r  prod[16]_i_2/O
                         net (fo=1, routed)           0.000    12.237    prod[16]_i_2_n_0
    SLICE_X49Y35         FDRE                                         r  prod_reg[16]/D
  -------------------------------------------------------------------    -------------------

                         (clock clock rise edge)      7.017     7.017 r  
    AU32                                              0.000     7.017 r  clk (IN)
                         net (fo=0)                   0.000     7.017    clk
    AU32                                                              r  clk_IBUF_inst/I
    AU32                 IBUF (Prop_ibuf_I_O)         0.535     7.552 r  clk_IBUF_inst/O
                         net (fo=1, routed)           2.510    10.062    clk_IBUF
    BUFGCTRL_X0Y0                                                     r  clk_IBUF_BUFG_inst/I
    BUFGCTRL_X0Y0        BUFG (Prop_bufg_I_O)         0.083    10.145 r  clk_IBUF_BUFG_inst/O
                         net (fo=65, routed)          1.732    11.877    clk_IBUF_BUFG
    SLICE_X49Y35         FDRE                                         r  prod_reg[16]/C
                         clock pessimism              0.342    12.220    
                         clock uncertainty           -0.035    12.184    
    SLICE_X49Y35         FDRE (Setup_fdre_C_D)        0.034    12.218    prod_reg[16]
  -------------------------------------------------------------------
                         required time                         12.218    
                         arrival time                         -12.237    
  -------------------------------------------------------------------
                         slack                                 -0.019    

Slack (VIOLATED) :        -0.009ns  (required time - arrival time)
  Source:                 b_reg_reg[0]/C
                            (rising edge-triggered cell FDRE clocked by clock  {rise@0.000ns fall@3.508ns period=7.017ns})
  Destination:            prod_reg[4]/D
                            (rising edge-triggered cell FDRE clocked by clock  {rise@0.000ns fall@3.508ns period=7.017ns})
  Path Group:             clock
  Path Type:              Setup (Max at Slow Process Corner)
  Requirement:            7.017ns  (clock rise@7.017ns - clock rise@0.000ns)
  Data Path Delay:        6.957ns  (logic 1.814ns (26.074%)  route 5.143ns (73.926%))
  Logic Levels:           15  (CARRY4=5 LUT2=2 LUT4=1 LUT6=7)
  Clock Path Skew:        -0.066ns (DCD - SCD + CPR)
    Destination Clock Delay (DCD):    4.857ns = ( 11.874 - 7.017 ) 
    Source Clock Delay      (SCD):    5.266ns
    Clock Pessimism Removal (CPR):    0.342ns
  Clock Uncertainty:      0.035ns  ((TSJ^2 + TIJ^2)^1/2 + DJ) / 2 + PE
    Total System Jitter     (TSJ):    0.071ns
    Total Input Jitter      (TIJ):    0.000ns
    Discrete Jitter          (DJ):    0.000ns
    Phase Error              (PE):    0.000ns

    Location             Delay type                Incr(ns)  Path(ns)    Netlist Resource(s)
  -------------------------------------------------------------------    -------------------
                         (clock clock rise edge)      0.000     0.000 r  
    AU32                                              0.000     0.000 r  clk (IN)
                         net (fo=0)                   0.000     0.000    clk
    AU32                                                              r  clk_IBUF_inst/I
    AU32                 IBUF (Prop_ibuf_I_O)         0.642     0.642 r  clk_IBUF_inst/O
                         net (fo=1, routed)           2.644     3.286    clk_IBUF
    BUFGCTRL_X0Y0                                                     r  clk_IBUF_BUFG_inst/I
    BUFGCTRL_X0Y0        BUFG (Prop_bufg_I_O)         0.093     3.379 r  clk_IBUF_BUFG_inst/O
                         net (fo=65, routed)          1.887     5.266    clk_IBUF_BUFG
    SLICE_X45Y36         FDRE                                         r  b_reg_reg[0]/C
  -------------------------------------------------------------------    -------------------
    SLICE_X45Y36         FDRE (Prop_fdre_C_Q)         0.223     5.489 r  b_reg_reg[0]/Q
                         net (fo=9, routed)           0.726     6.214    inst0/adder_inst_2/b_reg_reg[15][0]
    SLICE_X44Y37                                                      r  inst0/adder_inst_2/g0_b0_i_23/I4
    SLICE_X44Y37         LUT6 (Prop_lut6_I4_O)        0.043     6.257 r  inst0/adder_inst_2/g0_b0_i_23/O
                         net (fo=3, routed)           0.233     6.491    inst0/adder_inst_2/lgN4.lod_detected__0
    SLICE_X45Y36                                                      r  inst0/adder_inst_2/prod[16]_i_7/I0
    SLICE_X45Y36         LUT2 (Prop_lut2_I0_O)        0.043     6.534 r  inst0/adder_inst_2/prod[16]_i_7/O
                         net (fo=24, routed)          0.480     7.014    inst0/adder_inst_2/prod_reg[16]_6
    SLICE_X47Y37                                                      r  inst0/adder_inst_2/g0_b0_i_13/I4
    SLICE_X47Y37         LUT6 (Prop_lut6_I4_O)        0.043     7.057 r  inst0/adder_inst_2/g0_b0_i_13/O
                         net (fo=2, routed)           0.535     7.591    inst0/adder_inst_2/g0_b0_i_13_n_0
    SLICE_X44Y34                                                      r  inst0/adder_inst_2/g0_b0_i_3/I3
    SLICE_X44Y34         LUT6 (Prop_lut6_I3_O)        0.043     7.634 r  inst0/adder_inst_2/g0_b0_i_3/O
                         net (fo=26, routed)          0.691     8.325    inst0/adder_inst_2/sel[2]
    SLICE_X45Y32                                                      r  inst0/adder_inst_2/g0_b1__0/I2
    SLICE_X45Y32         LUT6 (Prop_lut6_I2_O)        0.043     8.368 r  inst0/adder_inst_2/g0_b1__0/O
                         net (fo=1, routed)           0.267     8.636    inst0/adder_inst_1/out[1]
    SLICE_X47Y33                                                      r  inst0/adder_inst_1/prod[29]_i_26/I2
    SLICE_X47Y33         LUT4 (Prop_lut4_I2_O)        0.043     8.679 r  inst0/adder_inst_1/prod[29]_i_26/O
                         net (fo=1, routed)           0.000     8.679    inst0/adder_inst_1/prod[29]_i_26_n_0
    SLICE_X47Y33                                                      r  inst0/adder_inst_1/prod_reg[29]_i_14/S[1]
    SLICE_X47Y33         CARRY4 (Prop_carry4_S[1]_O[3])
                                                      0.312     8.991 r  inst0/adder_inst_1/prod_reg[29]_i_14/O[3]
                         net (fo=2, routed)           0.553     9.544    inst0_n_8
    SLICE_X49Y34                                                      r  prod[29]_i_7/I1
    SLICE_X49Y34         LUT2 (Prop_lut2_I1_O)        0.120     9.664 r  prod[29]_i_7/O
                         net (fo=1, routed)           0.109     9.773    inst0/adder_inst_2/func_reg_reg[3]
    SLICE_X48Y34                                                      r  inst0/adder_inst_2/prod_reg[29]_i_5/DI[3]
    SLICE_X48Y34         CARRY4 (Prop_carry4_DI[3]_CO[3])
                                                      0.193     9.966 r  inst0/adder_inst_2/prod_reg[29]_i_5/CO[3]
                         net (fo=1, routed)           0.000     9.966    inst0/adder_inst_2/prod_reg[29]_i_5_n_0
    SLICE_X48Y35                                                      r  inst0/adder_inst_2/prod_reg[16]_i_17/CI
    SLICE_X48Y35         CARRY4 (Prop_carry4_CI_CO[3])
                                                      0.297    10.263 r  inst0/adder_inst_2/prod_reg[16]_i_17/CO[3]
                         net (fo=1, routed)           0.000    10.263    inst0/adder_inst_2/prod_reg[16]_i_17_n_0
    SLICE_X48Y36                                                      r  inst0/adder_inst_2/prod_reg[27]_i_5/CI
    SLICE_X48Y36         CARRY4 (Prop_carry4_CI_CO[3])
                                                      0.054    10.317 r  inst0/adder_inst_2/prod_reg[27]_i_5/CO[3]
                         net (fo=1, routed)           0.000    10.317    inst0/adder_inst_2/prod_reg[27]_i_5_n_0
    SLICE_X48Y37                                                      r  inst0/adder_inst_2/prod_reg[30]_i_12/CI
    SLICE_X48Y37         CARRY4 (Prop_carry4_CI_O[3])
                                                      0.151    10.468 r  inst0/adder_inst_2/prod_reg[30]_i_12/O[3]
                         net (fo=22, routed)          0.328    10.795    add_int_part_inst/0
    SLICE_X48Y38                                                      r  prod[31]_i_10/I3
    SLICE_X48Y38         LUT6 (Prop_lut6_I3_O)        0.120    10.915 r  prod[31]_i_10/O
                         net (fo=26, routed)          0.789    11.704    log_int[1]
    SLICE_X50Y34                                                      r  prod[28]_i_2/I4
    SLICE_X50Y34         LUT6 (Prop_lut6_I4_O)        0.043    11.747 r  prod[28]_i_2/O
                         net (fo=4, routed)           0.432    12.180    prod[28]_i_2_n_0
    SLICE_X53Y35                                                      r  prod[4]_i_1/I2
    SLICE_X53Y35         LUT6 (Prop_lut6_I2_O)        0.043    12.223 r  prod[4]_i_1/O
                         net (fo=1, routed)           0.000    12.223    prod[4]_i_1_n_0
    SLICE_X53Y35         FDRE                                         r  prod_reg[4]/D
  -------------------------------------------------------------------    -------------------

                         (clock clock rise edge)      7.017     7.017 r  
    AU32                                              0.000     7.017 r  clk (IN)
                         net (fo=0)                   0.000     7.017    clk
    AU32                                                              r  clk_IBUF_inst/I
    AU32                 IBUF (Prop_ibuf_I_O)         0.535     7.552 r  clk_IBUF_inst/O
                         net (fo=1, routed)           2.510    10.062    clk_IBUF
    BUFGCTRL_X0Y0                                                     r  clk_IBUF_BUFG_inst/I
    BUFGCTRL_X0Y0        BUFG (Prop_bufg_I_O)         0.083    10.145 r  clk_IBUF_BUFG_inst/O
                         net (fo=65, routed)          1.729    11.874    clk_IBUF_BUFG
    SLICE_X53Y35         FDRE                                         r  prod_reg[4]/C
                         clock pessimism              0.342    12.217    
                         clock uncertainty           -0.035    12.181    
    SLICE_X53Y35         FDRE (Setup_fdre_C_D)        0.033    12.214    prod_reg[4]
  -------------------------------------------------------------------
                         required time                         12.214    
                         arrival time                         -12.223    
  -------------------------------------------------------------------
                         slack                                 -0.009    

Slack (MET) :             0.002ns  (required time - arrival time)
  Source:                 b_reg_reg[0]/C
                            (rising edge-triggered cell FDRE clocked by clock  {rise@0.000ns fall@3.508ns period=7.017ns})
  Destination:            prod_reg[12]/D
                            (rising edge-triggered cell FDRE clocked by clock  {rise@0.000ns fall@3.508ns period=7.017ns})
  Path Group:             clock
  Path Type:              Setup (Max at Slow Process Corner)
  Requirement:            7.017ns  (clock rise@7.017ns - clock rise@0.000ns)
  Data Path Delay:        6.950ns  (logic 1.814ns (26.100%)  route 5.136ns (73.900%))
  Logic Levels:           15  (CARRY4=5 LUT2=2 LUT4=1 LUT6=7)
  Clock Path Skew:        -0.064ns (DCD - SCD + CPR)
    Destination Clock Delay (DCD):    4.859ns = ( 11.876 - 7.017 ) 
    Source Clock Delay      (SCD):    5.266ns
    Clock Pessimism Removal (CPR):    0.342ns
  Clock Uncertainty:      0.035ns  ((TSJ^2 + TIJ^2)^1/2 + DJ) / 2 + PE
    Total System Jitter     (TSJ):    0.071ns
    Total Input Jitter      (TIJ):    0.000ns
    Discrete Jitter          (DJ):    0.000ns
    Phase Error              (PE):    0.000ns

    Location             Delay type                Incr(ns)  Path(ns)    Netlist Resource(s)
  -------------------------------------------------------------------    -------------------
                         (clock clock rise edge)      0.000     0.000 r  
    AU32                                              0.000     0.000 r  clk (IN)
                         net (fo=0)                   0.000     0.000    clk
    AU32                                                              r  clk_IBUF_inst/I
    AU32                 IBUF (Prop_ibuf_I_O)         0.642     0.642 r  clk_IBUF_inst/O
                         net (fo=1, routed)           2.644     3.286    clk_IBUF
    BUFGCTRL_X0Y0                                                     r  clk_IBUF_BUFG_inst/I
    BUFGCTRL_X0Y0        BUFG (Prop_bufg_I_O)         0.093     3.379 r  clk_IBUF_BUFG_inst/O
                         net (fo=65, routed)          1.887     5.266    clk_IBUF_BUFG
    SLICE_X45Y36         FDRE                                         r  b_reg_reg[0]/C
  -------------------------------------------------------------------    -------------------
    SLICE_X45Y36         FDRE (Prop_fdre_C_Q)         0.223     5.489 r  b_reg_reg[0]/Q
                         net (fo=9, routed)           0.726     6.214    inst0/adder_inst_2/b_reg_reg[15][0]
    SLICE_X44Y37                                                      r  inst0/adder_inst_2/g0_b0_i_23/I4
    SLICE_X44Y37         LUT6 (Prop_lut6_I4_O)        0.043     6.257 r  inst0/adder_inst_2/g0_b0_i_23/O
                         net (fo=3, routed)           0.233     6.491    inst0/adder_inst_2/lgN4.lod_detected__0
    SLICE_X45Y36                                                      r  inst0/adder_inst_2/prod[16]_i_7/I0
    SLICE_X45Y36         LUT2 (Prop_lut2_I0_O)        0.043     6.534 r  inst0/adder_inst_2/prod[16]_i_7/O
                         net (fo=24, routed)          0.480     7.014    inst0/adder_inst_2/prod_reg[16]_6
    SLICE_X47Y37                                                      r  inst0/adder_inst_2/g0_b0_i_13/I4
    SLICE_X47Y37         LUT6 (Prop_lut6_I4_O)        0.043     7.057 r  inst0/adder_inst_2/g0_b0_i_13/O
                         net (fo=2, routed)           0.535     7.591    inst0/adder_inst_2/g0_b0_i_13_n_0
    SLICE_X44Y34                                                      r  inst0/adder_inst_2/g0_b0_i_3/I3
    SLICE_X44Y34         LUT6 (Prop_lut6_I3_O)        0.043     7.634 r  inst0/adder_inst_2/g0_b0_i_3/O
                         net (fo=26, routed)          0.691     8.325    inst0/adder_inst_2/sel[2]
    SLICE_X45Y32                                                      r  inst0/adder_inst_2/g0_b1__0/I2
    SLICE_X45Y32         LUT6 (Prop_lut6_I2_O)        0.043     8.368 r  inst0/adder_inst_2/g0_b1__0/O
                         net (fo=1, routed)           0.267     8.636    inst0/adder_inst_1/out[1]
    SLICE_X47Y33                                                      r  inst0/adder_inst_1/prod[29]_i_26/I2
    SLICE_X47Y33         LUT4 (Prop_lut4_I2_O)        0.043     8.679 r  inst0/adder_inst_1/prod[29]_i_26/O
                         net (fo=1, routed)           0.000     8.679    inst0/adder_inst_1/prod[29]_i_26_n_0
    SLICE_X47Y33                                                      r  inst0/adder_inst_1/prod_reg[29]_i_14/S[1]
    SLICE_X47Y33         CARRY4 (Prop_carry4_S[1]_O[3])
                                                      0.312     8.991 r  inst0/adder_inst_1/prod_reg[29]_i_14/O[3]
                         net (fo=2, routed)           0.553     9.544    inst0_n_8
    SLICE_X49Y34                                                      r  prod[29]_i_7/I1
    SLICE_X49Y34         LUT2 (Prop_lut2_I1_O)        0.120     9.664 r  prod[29]_i_7/O
                         net (fo=1, routed)           0.109     9.773    inst0/adder_inst_2/func_reg_reg[3]
    SLICE_X48Y34                                                      r  inst0/adder_inst_2/prod_reg[29]_i_5/DI[3]
    SLICE_X48Y34         CARRY4 (Prop_carry4_DI[3]_CO[3])
                                                      0.193     9.966 r  inst0/adder_inst_2/prod_reg[29]_i_5/CO[3]
                         net (fo=1, routed)           0.000     9.966    inst0/adder_inst_2/prod_reg[29]_i_5_n_0
    SLICE_X48Y35                                                      r  inst0/adder_inst_2/prod_reg[16]_i_17/CI
    SLICE_X48Y35         CARRY4 (Prop_carry4_CI_CO[3])
                                                      0.297    10.263 r  inst0/adder_inst_2/prod_reg[16]_i_17/CO[3]
                         net (fo=1, routed)           0.000    10.263    inst0/adder_inst_2/prod_reg[16]_i_17_n_0
    SLICE_X48Y36                                                      r  inst0/adder_inst_2/prod_reg[27]_i_5/CI
    SLICE_X48Y36         CARRY4 (Prop_carry4_CI_CO[3])
                                                      0.054    10.317 r  inst0/adder_inst_2/prod_reg[27]_i_5/CO[3]
                         net (fo=1, routed)           0.000    10.317    inst0/adder_inst_2/prod_reg[27]_i_5_n_0
    SLICE_X48Y37                                                      r  inst0/adder_inst_2/prod_reg[30]_i_12/CI
    SLICE_X48Y37         CARRY4 (Prop_carry4_CI_O[3])
                                                      0.151    10.468 r  inst0/adder_inst_2/prod_reg[30]_i_12/O[3]
                         net (fo=22, routed)          0.328    10.795    add_int_part_inst/0
    SLICE_X48Y38                                                      r  prod[31]_i_10/I3
    SLICE_X48Y38         LUT6 (Prop_lut6_I3_O)        0.120    10.915 r  prod[31]_i_10/O
                         net (fo=26, routed)          0.789    11.704    log_int[1]
    SLICE_X50Y34                                                      r  prod[28]_i_2/I4
    SLICE_X50Y34         LUT6 (Prop_lut6_I4_O)        0.043    11.747 r  prod[28]_i_2/O
                         net (fo=4, routed)           0.425    12.173    prod[28]_i_2_n_0
    SLICE_X51Y34                                                      r  prod[12]_i_1/I1
    SLICE_X51Y34         LUT6 (Prop_lut6_I1_O)        0.043    12.216 r  prod[12]_i_1/O
                         net (fo=1, routed)           0.000    12.216    prod[12]_i_1_n_0
    SLICE_X51Y34         FDRE                                         r  prod_reg[12]/D
  -------------------------------------------------------------------    -------------------

                         (clock clock rise edge)      7.017     7.017 r  
    AU32                                              0.000     7.017 r  clk (IN)
                         net (fo=0)                   0.000     7.017    clk
    AU32                                                              r  clk_IBUF_inst/I
    AU32                 IBUF (Prop_ibuf_I_O)         0.535     7.552 r  clk_IBUF_inst/O
                         net (fo=1, routed)           2.510    10.062    clk_IBUF
    BUFGCTRL_X0Y0                                                     r  clk_IBUF_BUFG_inst/I
    BUFGCTRL_X0Y0        BUFG (Prop_bufg_I_O)         0.083    10.145 r  clk_IBUF_BUFG_inst/O
                         net (fo=65, routed)          1.731    11.876    clk_IBUF_BUFG
    SLICE_X51Y34         FDRE                                         r  prod_reg[12]/C
                         clock pessimism              0.342    12.219    
                         clock uncertainty           -0.035    12.183    
    SLICE_X51Y34         FDRE (Setup_fdre_C_D)        0.034    12.217    prod_reg[12]
  -------------------------------------------------------------------
                         required time                         12.217    
                         arrival time                         -12.216    
  -------------------------------------------------------------------
                         slack                                  0.002    

Slack (MET) :             0.011ns  (required time - arrival time)
  Source:                 b_reg_reg[0]/C
                            (rising edge-triggered cell FDRE clocked by clock  {rise@0.000ns fall@3.508ns period=7.017ns})
  Destination:            prod_reg[23]/D
                            (rising edge-triggered cell FDRE clocked by clock  {rise@0.000ns fall@3.508ns period=7.017ns})
  Path Group:             clock
  Path Type:              Setup (Max at Slow Process Corner)
  Requirement:            7.017ns  (clock rise@7.017ns - clock rise@0.000ns)
  Data Path Delay:        6.974ns  (logic 2.003ns (28.719%)  route 4.971ns (71.281%))
  Logic Levels:           16  (CARRY4=5 LUT2=2 LUT4=1 LUT6=7 MUXF7=1)
  Clock Path Skew:        -0.062ns (DCD - SCD + CPR)
    Destination Clock Delay (DCD):    4.861ns = ( 11.878 - 7.017 ) 
    Source Clock Delay      (SCD):    5.266ns
    Clock Pessimism Removal (CPR):    0.342ns
  Clock Uncertainty:      0.035ns  ((TSJ^2 + TIJ^2)^1/2 + DJ) / 2 + PE
    Total System Jitter     (TSJ):    0.071ns
    Total Input Jitter      (TIJ):    0.000ns
    Discrete Jitter          (DJ):    0.000ns
    Phase Error              (PE):    0.000ns

    Location             Delay type                Incr(ns)  Path(ns)    Netlist Resource(s)
  -------------------------------------------------------------------    -------------------
                         (clock clock rise edge)      0.000     0.000 r  
    AU32                                              0.000     0.000 r  clk (IN)
                         net (fo=0)                   0.000     0.000    clk
    AU32                                                              r  clk_IBUF_inst/I
    AU32                 IBUF (Prop_ibuf_I_O)         0.642     0.642 r  clk_IBUF_inst/O
                         net (fo=1, routed)           2.644     3.286    clk_IBUF
    BUFGCTRL_X0Y0                                                     r  clk_IBUF_BUFG_inst/I
    BUFGCTRL_X0Y0        BUFG (Prop_bufg_I_O)         0.093     3.379 r  clk_IBUF_BUFG_inst/O
                         net (fo=65, routed)          1.887     5.266    clk_IBUF_BUFG
    SLICE_X45Y36         FDRE                                         r  b_reg_reg[0]/C
  -------------------------------------------------------------------    -------------------
    SLICE_X45Y36         FDRE (Prop_fdre_C_Q)         0.223     5.489 r  b_reg_reg[0]/Q
                         net (fo=9, routed)           0.726     6.214    inst0/adder_inst_2/b_reg_reg[15][0]
    SLICE_X44Y37                                                      r  inst0/adder_inst_2/g0_b0_i_23/I4
    SLICE_X44Y37         LUT6 (Prop_lut6_I4_O)        0.043     6.257 r  inst0/adder_inst_2/g0_b0_i_23/O
                         net (fo=3, routed)           0.233     6.491    inst0/adder_inst_2/lgN4.lod_detected__0
    SLICE_X45Y36                                                      r  inst0/adder_inst_2/prod[16]_i_7/I0
    SLICE_X45Y36         LUT2 (Prop_lut2_I0_O)        0.043     6.534 r  inst0/adder_inst_2/prod[16]_i_7/O
                         net (fo=24, routed)          0.480     7.014    inst0/adder_inst_2/prod_reg[16]_6
    SLICE_X47Y37                                                      r  inst0/adder_inst_2/g0_b0_i_13/I4
    SLICE_X47Y37         LUT6 (Prop_lut6_I4_O)        0.043     7.057 r  inst0/adder_inst_2/g0_b0_i_13/O
                         net (fo=2, routed)           0.535     7.591    inst0/adder_inst_2/g0_b0_i_13_n_0
    SLICE_X44Y34                                                      r  inst0/adder_inst_2/g0_b0_i_3/I3
    SLICE_X44Y34         LUT6 (Prop_lut6_I3_O)        0.043     7.634 r  inst0/adder_inst_2/g0_b0_i_3/O
                         net (fo=26, routed)          0.691     8.325    inst0/adder_inst_2/sel[2]
    SLICE_X45Y32                                                      r  inst0/adder_inst_2/g0_b1__0/I2
    SLICE_X45Y32         LUT6 (Prop_lut6_I2_O)        0.043     8.368 r  inst0/adder_inst_2/g0_b1__0/O
                         net (fo=1, routed)           0.267     8.636    inst0/adder_inst_1/out[1]
    SLICE_X47Y33                                                      r  inst0/adder_inst_1/prod[29]_i_26/I2
    SLICE_X47Y33         LUT4 (Prop_lut4_I2_O)        0.043     8.679 r  inst0/adder_inst_1/prod[29]_i_26/O
                         net (fo=1, routed)           0.000     8.679    inst0/adder_inst_1/prod[29]_i_26_n_0
    SLICE_X47Y33                                                      r  inst0/adder_inst_1/prod_reg[29]_i_14/S[1]
    SLICE_X47Y33         CARRY4 (Prop_carry4_S[1]_O[3])
                                                      0.312     8.991 r  inst0/adder_inst_1/prod_reg[29]_i_14/O[3]
                         net (fo=2, routed)           0.553     9.544    inst0_n_8
    SLICE_X49Y34                                                      r  prod[29]_i_7/I1
    SLICE_X49Y34         LUT2 (Prop_lut2_I1_O)        0.120     9.664 r  prod[29]_i_7/O
                         net (fo=1, routed)           0.109     9.773    inst0/adder_inst_2/func_reg_reg[3]
    SLICE_X48Y34                                                      r  inst0/adder_inst_2/prod_reg[29]_i_5/DI[3]
    SLICE_X48Y34         CARRY4 (Prop_carry4_DI[3]_CO[3])
                                                      0.193     9.966 r  inst0/adder_inst_2/prod_reg[29]_i_5/CO[3]
                         net (fo=1, routed)           0.000     9.966    inst0/adder_inst_2/prod_reg[29]_i_5_n_0
    SLICE_X48Y35                                                      r  inst0/adder_inst_2/prod_reg[16]_i_17/CI
    SLICE_X48Y35         CARRY4 (Prop_carry4_CI_CO[3])
                                                      0.297    10.263 r  inst0/adder_inst_2/prod_reg[16]_i_17/CO[3]
                         net (fo=1, routed)           0.000    10.263    inst0/adder_inst_2/prod_reg[16]_i_17_n_0
    SLICE_X48Y36                                                      r  inst0/adder_inst_2/prod_reg[27]_i_5/CI
    SLICE_X48Y36         CARRY4 (Prop_carry4_CI_CO[3])
                                                      0.054    10.317 r  inst0/adder_inst_2/prod_reg[27]_i_5/CO[3]
                         net (fo=1, routed)           0.000    10.317    inst0/adder_inst_2/prod_reg[27]_i_5_n_0
    SLICE_X48Y37                                                      r  inst0/adder_inst_2/prod_reg[30]_i_12/CI
    SLICE_X48Y37         CARRY4 (Prop_carry4_CI_O[3])
                                                      0.151    10.468 r  inst0/adder_inst_2/prod_reg[30]_i_12/O[3]
                         net (fo=22, routed)          0.313    10.781    add_int_part_inst/0
    SLICE_X49Y38                                                      r  prod[16]_i_19/I0
    SLICE_X49Y38         LUT6 (Prop_lut6_I0_O)        0.120    10.901 r  prod[16]_i_19/O
                         net (fo=1, routed)           0.000    10.901    prod[16]_i_19_n_0
    SLICE_X49Y38                                                      r  prod_reg[16]_i_9/I1
    SLICE_X49Y38         MUXF7 (Prop_muxf7_I1_O)      0.108    11.009 r  prod_reg[16]_i_9/O
                         net (fo=28, routed)          0.492    11.501    log_int[2]
    SLICE_X49Y37                                                      r  prod[31]_i_3/I2
    SLICE_X49Y37         LUT6 (Prop_lut6_I2_O)        0.124    11.625 r  prod[31]_i_3/O
                         net (fo=4, routed)           0.572    12.197    prod[31]_i_3_n_0
    SLICE_X50Y37                                                      r  prod[23]_i_1/I0
    SLICE_X50Y37         LUT6 (Prop_lut6_I0_O)        0.043    12.240 r  prod[23]_i_1/O
                         net (fo=1, routed)           0.000    12.240    prod_reg__0[23]
    SLICE_X50Y37         FDRE                                         r  prod_reg[23]/D
  -------------------------------------------------------------------    -------------------

                         (clock clock rise edge)      7.017     7.017 r  
    AU32                                              0.000     7.017 r  clk (IN)
                         net (fo=0)                   0.000     7.017    clk
    AU32                                                              r  clk_IBUF_inst/I
    AU32                 IBUF (Prop_ibuf_I_O)         0.535     7.552 r  clk_IBUF_inst/O
                         net (fo=1, routed)           2.510    10.062    clk_IBUF
    BUFGCTRL_X0Y0                                                     r  clk_IBUF_BUFG_inst/I
    BUFGCTRL_X0Y0        BUFG (Prop_bufg_I_O)         0.083    10.145 r  clk_IBUF_BUFG_inst/O
                         net (fo=65, routed)          1.733    11.878    clk_IBUF_BUFG
    SLICE_X50Y37         FDRE                                         r  prod_reg[23]/C
                         clock pessimism              0.342    12.221    
                         clock uncertainty           -0.035    12.185    
    SLICE_X50Y37         FDRE (Setup_fdre_C_D)        0.066    12.251    prod_reg[23]
  -------------------------------------------------------------------
                         required time                         12.251    
                         arrival time                         -12.240    
  -------------------------------------------------------------------
                         slack                                  0.011    

Slack (MET) :             0.027ns  (required time - arrival time)
  Source:                 b_reg_reg[0]/C
                            (rising edge-triggered cell FDRE clocked by clock  {rise@0.000ns fall@3.508ns period=7.017ns})
  Destination:            prod_reg[29]/D
                            (rising edge-triggered cell FDRE clocked by clock  {rise@0.000ns fall@3.508ns period=7.017ns})
  Path Group:             clock
  Path Type:              Setup (Max at Slow Process Corner)
  Requirement:            7.017ns  (clock rise@7.017ns - clock rise@0.000ns)
  Data Path Delay:        6.959ns  (logic 2.003ns (28.784%)  route 4.956ns (71.216%))
  Logic Levels:           16  (CARRY4=5 LUT2=2 LUT4=1 LUT6=7 MUXF7=1)
  Clock Path Skew:        -0.062ns (DCD - SCD + CPR)
    Destination Clock Delay (DCD):    4.861ns = ( 11.878 - 7.017 ) 
    Source Clock Delay      (SCD):    5.266ns
    Clock Pessimism Removal (CPR):    0.342ns
  Clock Uncertainty:      0.035ns  ((TSJ^2 + TIJ^2)^1/2 + DJ) / 2 + PE
    Total System Jitter     (TSJ):    0.071ns
    Total Input Jitter      (TIJ):    0.000ns
    Discrete Jitter          (DJ):    0.000ns
    Phase Error              (PE):    0.000ns

    Location             Delay type                Incr(ns)  Path(ns)    Netlist Resource(s)
  -------------------------------------------------------------------    -------------------
                         (clock clock rise edge)      0.000     0.000 r  
    AU32                                              0.000     0.000 r  clk (IN)
                         net (fo=0)                   0.000     0.000    clk
    AU32                                                              r  clk_IBUF_inst/I
    AU32                 IBUF (Prop_ibuf_I_O)         0.642     0.642 r  clk_IBUF_inst/O
                         net (fo=1, routed)           2.644     3.286    clk_IBUF
    BUFGCTRL_X0Y0                                                     r  clk_IBUF_BUFG_inst/I
    BUFGCTRL_X0Y0        BUFG (Prop_bufg_I_O)         0.093     3.379 r  clk_IBUF_BUFG_inst/O
                         net (fo=65, routed)          1.887     5.266    clk_IBUF_BUFG
    SLICE_X45Y36         FDRE                                         r  b_reg_reg[0]/C
  -------------------------------------------------------------------    -------------------
    SLICE_X45Y36         FDRE (Prop_fdre_C_Q)         0.223     5.489 r  b_reg_reg[0]/Q
                         net (fo=9, routed)           0.726     6.214    inst0/adder_inst_2/b_reg_reg[15][0]
    SLICE_X44Y37                                                      r  inst0/adder_inst_2/g0_b0_i_23/I4
    SLICE_X44Y37         LUT6 (Prop_lut6_I4_O)        0.043     6.257 r  inst0/adder_inst_2/g0_b0_i_23/O
                         net (fo=3, routed)           0.233     6.491    inst0/adder_inst_2/lgN4.lod_detected__0
    SLICE_X45Y36                                                      r  inst0/adder_inst_2/prod[16]_i_7/I0
    SLICE_X45Y36         LUT2 (Prop_lut2_I0_O)        0.043     6.534 r  inst0/adder_inst_2/prod[16]_i_7/O
                         net (fo=24, routed)          0.480     7.014    inst0/adder_inst_2/prod_reg[16]_6
    SLICE_X47Y37                                                      r  inst0/adder_inst_2/g0_b0_i_13/I4
    SLICE_X47Y37         LUT6 (Prop_lut6_I4_O)        0.043     7.057 r  inst0/adder_inst_2/g0_b0_i_13/O
                         net (fo=2, routed)           0.535     7.591    inst0/adder_inst_2/g0_b0_i_13_n_0
    SLICE_X44Y34                                                      r  inst0/adder_inst_2/g0_b0_i_3/I3
    SLICE_X44Y34         LUT6 (Prop_lut6_I3_O)        0.043     7.634 r  inst0/adder_inst_2/g0_b0_i_3/O
                         net (fo=26, routed)          0.691     8.325    inst0/adder_inst_2/sel[2]
    SLICE_X45Y32                                                      r  inst0/adder_inst_2/g0_b1__0/I2
    SLICE_X45Y32         LUT6 (Prop_lut6_I2_O)        0.043     8.368 r  inst0/adder_inst_2/g0_b1__0/O
                         net (fo=1, routed)           0.267     8.636    inst0/adder_inst_1/out[1]
    SLICE_X47Y33                                                      r  inst0/adder_inst_1/prod[29]_i_26/I2
    SLICE_X47Y33         LUT4 (Prop_lut4_I2_O)        0.043     8.679 r  inst0/adder_inst_1/prod[29]_i_26/O
                         net (fo=1, routed)           0.000     8.679    inst0/adder_inst_1/prod[29]_i_26_n_0
    SLICE_X47Y33                                                      r  inst0/adder_inst_1/prod_reg[29]_i_14/S[1]
    SLICE_X47Y33         CARRY4 (Prop_carry4_S[1]_O[3])
                                                      0.312     8.991 r  inst0/adder_inst_1/prod_reg[29]_i_14/O[3]
                         net (fo=2, routed)           0.553     9.544    inst0_n_8
    SLICE_X49Y34                                                      r  prod[29]_i_7/I1
    SLICE_X49Y34         LUT2 (Prop_lut2_I1_O)        0.120     9.664 r  prod[29]_i_7/O
                         net (fo=1, routed)           0.109     9.773    inst0/adder_inst_2/func_reg_reg[3]
    SLICE_X48Y34                                                      r  inst0/adder_inst_2/prod_reg[29]_i_5/DI[3]
    SLICE_X48Y34         CARRY4 (Prop_carry4_DI[3]_CO[3])
                                                      0.193     9.966 r  inst0/adder_inst_2/prod_reg[29]_i_5/CO[3]
                         net (fo=1, routed)           0.000     9.966    inst0/adder_inst_2/prod_reg[29]_i_5_n_0
    SLICE_X48Y35                                                      r  inst0/adder_inst_2/prod_reg[16]_i_17/CI
    SLICE_X48Y35         CARRY4 (Prop_carry4_CI_CO[3])
                                                      0.297    10.263 r  inst0/adder_inst_2/prod_reg[16]_i_17/CO[3]
                         net (fo=1, routed)           0.000    10.263    inst0/adder_inst_2/prod_reg[16]_i_17_n_0
    SLICE_X48Y36                                                      r  inst0/adder_inst_2/prod_reg[27]_i_5/CI
    SLICE_X48Y36         CARRY4 (Prop_carry4_CI_CO[3])
                                                      0.054    10.317 r  inst0/adder_inst_2/prod_reg[27]_i_5/CO[3]
                         net (fo=1, routed)           0.000    10.317    inst0/adder_inst_2/prod_reg[27]_i_5_n_0
    SLICE_X48Y37                                                      r  inst0/adder_inst_2/prod_reg[30]_i_12/CI
    SLICE_X48Y37         CARRY4 (Prop_carry4_CI_O[3])
                                                      0.151    10.468 r  inst0/adder_inst_2/prod_reg[30]_i_12/O[3]
                         net (fo=22, routed)          0.313    10.781    add_int_part_inst/0
    SLICE_X49Y38                                                      r  prod[16]_i_19/I0
    SLICE_X49Y38         LUT6 (Prop_lut6_I0_O)        0.120    10.901 r  prod[16]_i_19/O
                         net (fo=1, routed)           0.000    10.901    prod[16]_i_19_n_0
    SLICE_X49Y38                                                      r  prod_reg[16]_i_9/I1
    SLICE_X49Y38         MUXF7 (Prop_muxf7_I1_O)      0.108    11.009 r  prod_reg[16]_i_9/O
                         net (fo=28, routed)          0.495    11.504    log_int[2]
    SLICE_X49Y37                                                      r  prod[29]_i_2/I2
    SLICE_X49Y37         LUT6 (Prop_lut6_I2_O)        0.124    11.628 r  prod[29]_i_2/O
                         net (fo=4, routed)           0.553    12.181    prod[29]_i_2_n_0
    SLICE_X50Y38                                                      r  prod[29]_i_1/I0
    SLICE_X50Y38         LUT6 (Prop_lut6_I0_O)        0.043    12.224 r  prod[29]_i_1/O
                         net (fo=1, routed)           0.000    12.224    prod_reg__0[29]
    SLICE_X50Y38         FDRE                                         r  prod_reg[29]/D
  -------------------------------------------------------------------    -------------------

                         (clock clock rise edge)      7.017     7.017 r  
    AU32                                              0.000     7.017 r  clk (IN)
                         net (fo=0)                   0.000     7.017    clk
    AU32                                                              r  clk_IBUF_inst/I
    AU32                 IBUF (Prop_ibuf_I_O)         0.535     7.552 r  clk_IBUF_inst/O
                         net (fo=1, routed)           2.510    10.062    clk_IBUF
    BUFGCTRL_X0Y0                                                     r  clk_IBUF_BUFG_inst/I
    BUFGCTRL_X0Y0        BUFG (Prop_bufg_I_O)         0.083    10.145 r  clk_IBUF_BUFG_inst/O
                         net (fo=65, routed)          1.733    11.878    clk_IBUF_BUFG
    SLICE_X50Y38         FDRE                                         r  prod_reg[29]/C
                         clock pessimism              0.342    12.221    
                         clock uncertainty           -0.035    12.185    
    SLICE_X50Y38         FDRE (Setup_fdre_C_D)        0.066    12.251    prod_reg[29]
  -------------------------------------------------------------------
                         required time                         12.251    
                         arrival time                         -12.224    
  -------------------------------------------------------------------
                         slack                                  0.027    

Slack (MET) :             0.035ns  (required time - arrival time)
  Source:                 b_reg_reg[0]/C
                            (rising edge-triggered cell FDRE clocked by clock  {rise@0.000ns fall@3.508ns period=7.017ns})
  Destination:            prod_reg[24]/D
                            (rising edge-triggered cell FDRE clocked by clock  {rise@0.000ns fall@3.508ns period=7.017ns})
  Path Group:             clock
  Path Type:              Setup (Max at Slow Process Corner)
  Requirement:            7.017ns  (clock rise@7.017ns - clock rise@0.000ns)
  Data Path Delay:        6.949ns  (logic 1.814ns (26.105%)  route 5.135ns (73.895%))
  Logic Levels:           15  (CARRY4=5 LUT2=2 LUT4=1 LUT5=1 LUT6=6)
  Clock Path Skew:        -0.063ns (DCD - SCD + CPR)
    Destination Clock Delay (DCD):    4.860ns = ( 11.877 - 7.017 ) 
    Source Clock Delay      (SCD):    5.266ns
    Clock Pessimism Removal (CPR):    0.342ns
  Clock Uncertainty:      0.035ns  ((TSJ^2 + TIJ^2)^1/2 + DJ) / 2 + PE
    Total System Jitter     (TSJ):    0.071ns
    Total Input Jitter      (TIJ):    0.000ns
    Discrete Jitter          (DJ):    0.000ns
    Phase Error              (PE):    0.000ns

    Location             Delay type                Incr(ns)  Path(ns)    Netlist Resource(s)
  -------------------------------------------------------------------    -------------------
                         (clock clock rise edge)      0.000     0.000 r  
    AU32                                              0.000     0.000 r  clk (IN)
                         net (fo=0)                   0.000     0.000    clk
    AU32                                                              r  clk_IBUF_inst/I
    AU32                 IBUF (Prop_ibuf_I_O)         0.642     0.642 r  clk_IBUF_inst/O
                         net (fo=1, routed)           2.644     3.286    clk_IBUF
    BUFGCTRL_X0Y0                                                     r  clk_IBUF_BUFG_inst/I
    BUFGCTRL_X0Y0        BUFG (Prop_bufg_I_O)         0.093     3.379 r  clk_IBUF_BUFG_inst/O
                         net (fo=65, routed)          1.887     5.266    clk_IBUF_BUFG
    SLICE_X45Y36         FDRE                                         r  b_reg_reg[0]/C
  -------------------------------------------------------------------    -------------------
    SLICE_X45Y36         FDRE (Prop_fdre_C_Q)         0.223     5.489 r  b_reg_reg[0]/Q
                         net (fo=9, routed)           0.726     6.214    inst0/adder_inst_2/b_reg_reg[15][0]
    SLICE_X44Y37                                                      r  inst0/adder_inst_2/g0_b0_i_23/I4
    SLICE_X44Y37         LUT6 (Prop_lut6_I4_O)        0.043     6.257 r  inst0/adder_inst_2/g0_b0_i_23/O
                         net (fo=3, routed)           0.233     6.491    inst0/adder_inst_2/lgN4.lod_detected__0
    SLICE_X45Y36                                                      r  inst0/adder_inst_2/prod[16]_i_7/I0
    SLICE_X45Y36         LUT2 (Prop_lut2_I0_O)        0.043     6.534 r  inst0/adder_inst_2/prod[16]_i_7/O
                         net (fo=24, routed)          0.480     7.014    inst0/adder_inst_2/prod_reg[16]_6
    SLICE_X47Y37                                                      r  inst0/adder_inst_2/g0_b0_i_13/I4
    SLICE_X47Y37         LUT6 (Prop_lut6_I4_O)        0.043     7.057 r  inst0/adder_inst_2/g0_b0_i_13/O
                         net (fo=2, routed)           0.535     7.591    inst0/adder_inst_2/g0_b0_i_13_n_0
    SLICE_X44Y34                                                      r  inst0/adder_inst_2/g0_b0_i_3/I3
    SLICE_X44Y34         LUT6 (Prop_lut6_I3_O)        0.043     7.634 r  inst0/adder_inst_2/g0_b0_i_3/O
                         net (fo=26, routed)          0.691     8.325    inst0/adder_inst_2/sel[2]
    SLICE_X45Y32                                                      r  inst0/adder_inst_2/g0_b1__0/I2
    SLICE_X45Y32         LUT6 (Prop_lut6_I2_O)        0.043     8.368 r  inst0/adder_inst_2/g0_b1__0/O
                         net (fo=1, routed)           0.267     8.636    inst0/adder_inst_1/out[1]
    SLICE_X47Y33                                                      r  inst0/adder_inst_1/prod[29]_i_26/I2
    SLICE_X47Y33         LUT4 (Prop_lut4_I2_O)        0.043     8.679 r  inst0/adder_inst_1/prod[29]_i_26/O
                         net (fo=1, routed)           0.000     8.679    inst0/adder_inst_1/prod[29]_i_26_n_0
    SLICE_X47Y33                                                      r  inst0/adder_inst_1/prod_reg[29]_i_14/S[1]
    SLICE_X47Y33         CARRY4 (Prop_carry4_S[1]_O[3])
                                                      0.312     8.991 r  inst0/adder_inst_1/prod_reg[29]_i_14/O[3]
                         net (fo=2, routed)           0.553     9.544    inst0_n_8
    SLICE_X49Y34                                                      r  prod[29]_i_7/I1
    SLICE_X49Y34         LUT2 (Prop_lut2_I1_O)        0.120     9.664 r  prod[29]_i_7/O
                         net (fo=1, routed)           0.109     9.773    inst0/adder_inst_2/func_reg_reg[3]
    SLICE_X48Y34                                                      r  inst0/adder_inst_2/prod_reg[29]_i_5/DI[3]
    SLICE_X48Y34         CARRY4 (Prop_carry4_DI[3]_CO[3])
                                                      0.193     9.966 r  inst0/adder_inst_2/prod_reg[29]_i_5/CO[3]
                         net (fo=1, routed)           0.000     9.966    inst0/adder_inst_2/prod_reg[29]_i_5_n_0
    SLICE_X48Y35                                                      r  inst0/adder_inst_2/prod_reg[16]_i_17/CI
    SLICE_X48Y35         CARRY4 (Prop_carry4_CI_CO[3])
                                                      0.297    10.263 r  inst0/adder_inst_2/prod_reg[16]_i_17/CO[3]
                         net (fo=1, routed)           0.000    10.263    inst0/adder_inst_2/prod_reg[16]_i_17_n_0
    SLICE_X48Y36                                                      r  inst0/adder_inst_2/prod_reg[27]_i_5/CI
    SLICE_X48Y36         CARRY4 (Prop_carry4_CI_CO[3])
                                                      0.054    10.317 r  inst0/adder_inst_2/prod_reg[27]_i_5/CO[3]
                         net (fo=1, routed)           0.000    10.317    inst0/adder_inst_2/prod_reg[27]_i_5_n_0
    SLICE_X48Y37                                                      r  inst0/adder_inst_2/prod_reg[30]_i_12/CI
    SLICE_X48Y37         CARRY4 (Prop_carry4_CI_O[3])
                                                      0.151    10.468 r  inst0/adder_inst_2/prod_reg[30]_i_12/O[3]
                         net (fo=22, routed)          0.328    10.795    add_int_part_inst/0
    SLICE_X48Y38                                                      r  prod[31]_i_10/I3
    SLICE_X48Y38         LUT6 (Prop_lut6_I3_O)        0.120    10.915 r  prod[31]_i_10/O
                         net (fo=26, routed)          0.780    11.695    log_int[1]
    SLICE_X50Y34                                                      r  prod[24]_i_2/I4
    SLICE_X50Y34         LUT6 (Prop_lut6_I4_O)        0.043    11.738 r  prod[24]_i_2/O
                         net (fo=1, routed)           0.433    12.171    prod[24]_i_2_n_0
    SLICE_X50Y35                                                      r  prod[24]_i_1/I0
    SLICE_X50Y35         LUT5 (Prop_lut5_I0_O)        0.043    12.214 r  prod[24]_i_1/O
                         net (fo=1, routed)           0.000    12.214    prod_reg__0[24]
    SLICE_X50Y35         FDRE                                         r  prod_reg[24]/D
  -------------------------------------------------------------------    -------------------

                         (clock clock rise edge)      7.017     7.017 r  
    AU32                                              0.000     7.017 r  clk (IN)
                         net (fo=0)                   0.000     7.017    clk
    AU32                                                              r  clk_IBUF_inst/I
    AU32                 IBUF (Prop_ibuf_I_O)         0.535     7.552 r  clk_IBUF_inst/O
                         net (fo=1, routed)           2.510    10.062    clk_IBUF
    BUFGCTRL_X0Y0                                                     r  clk_IBUF_BUFG_inst/I
    BUFGCTRL_X0Y0        BUFG (Prop_bufg_I_O)         0.083    10.145 r  clk_IBUF_BUFG_inst/O
                         net (fo=65, routed)          1.732    11.877    clk_IBUF_BUFG
    SLICE_X50Y35         FDRE                                         r  prod_reg[24]/C
                         clock pessimism              0.342    12.220    
                         clock uncertainty           -0.035    12.184    
    SLICE_X50Y35         FDRE (Setup_fdre_C_D)        0.065    12.249    prod_reg[24]
  -------------------------------------------------------------------
                         required time                         12.249    
                         arrival time                         -12.214    
  -------------------------------------------------------------------
                         slack                                  0.035    

Slack (MET) :             0.051ns  (required time - arrival time)
  Source:                 b_reg_reg[0]/C
                            (rising edge-triggered cell FDRE clocked by clock  {rise@0.000ns fall@3.508ns period=7.017ns})
  Destination:            prod_reg[20]/D
                            (rising edge-triggered cell FDRE clocked by clock  {rise@0.000ns fall@3.508ns period=7.017ns})
  Path Group:             clock
  Path Type:              Setup (Max at Slow Process Corner)
  Requirement:            7.017ns  (clock rise@7.017ns - clock rise@0.000ns)
  Data Path Delay:        6.928ns  (logic 2.003ns (28.910%)  route 4.925ns (71.090%))
  Logic Levels:           16  (CARRY4=5 LUT2=2 LUT4=1 LUT6=7 MUXF7=1)
  Clock Path Skew:        -0.068ns (DCD - SCD + CPR)
    Destination Clock Delay (DCD):    4.855ns = ( 11.872 - 7.017 ) 
    Source Clock Delay      (SCD):    5.266ns
    Clock Pessimism Removal (CPR):    0.342ns
  Clock Uncertainty:      0.035ns  ((TSJ^2 + TIJ^2)^1/2 + DJ) / 2 + PE
    Total System Jitter     (TSJ):    0.071ns
    Total Input Jitter      (TIJ):    0.000ns
    Discrete Jitter          (DJ):    0.000ns
    Phase Error              (PE):    0.000ns

    Location             Delay type                Incr(ns)  Path(ns)    Netlist Resource(s)
  -------------------------------------------------------------------    -------------------
                         (clock clock rise edge)      0.000     0.000 r  
    AU32                                              0.000     0.000 r  clk (IN)
                         net (fo=0)                   0.000     0.000    clk
    AU32                                                              r  clk_IBUF_inst/I
    AU32                 IBUF (Prop_ibuf_I_O)         0.642     0.642 r  clk_IBUF_inst/O
                         net (fo=1, routed)           2.644     3.286    clk_IBUF
    BUFGCTRL_X0Y0                                                     r  clk_IBUF_BUFG_inst/I
    BUFGCTRL_X0Y0        BUFG (Prop_bufg_I_O)         0.093     3.379 r  clk_IBUF_BUFG_inst/O
                         net (fo=65, routed)          1.887     5.266    clk_IBUF_BUFG
    SLICE_X45Y36         FDRE                                         r  b_reg_reg[0]/C
  -------------------------------------------------------------------    -------------------
    SLICE_X45Y36         FDRE (Prop_fdre_C_Q)         0.223     5.489 r  b_reg_reg[0]/Q
                         net (fo=9, routed)           0.726     6.214    inst0/adder_inst_2/b_reg_reg[15][0]
    SLICE_X44Y37                                                      r  inst0/adder_inst_2/g0_b0_i_23/I4
    SLICE_X44Y37         LUT6 (Prop_lut6_I4_O)        0.043     6.257 r  inst0/adder_inst_2/g0_b0_i_23/O
                         net (fo=3, routed)           0.233     6.491    inst0/adder_inst_2/lgN4.lod_detected__0
    SLICE_X45Y36                                                      r  inst0/adder_inst_2/prod[16]_i_7/I0
    SLICE_X45Y36         LUT2 (Prop_lut2_I0_O)        0.043     6.534 r  inst0/adder_inst_2/prod[16]_i_7/O
                         net (fo=24, routed)          0.480     7.014    inst0/adder_inst_2/prod_reg[16]_6
    SLICE_X47Y37                                                      r  inst0/adder_inst_2/g0_b0_i_13/I4
    SLICE_X47Y37         LUT6 (Prop_lut6_I4_O)        0.043     7.057 r  inst0/adder_inst_2/g0_b0_i_13/O
                         net (fo=2, routed)           0.535     7.591    inst0/adder_inst_2/g0_b0_i_13_n_0
    SLICE_X44Y34                                                      r  inst0/adder_inst_2/g0_b0_i_3/I3
    SLICE_X44Y34         LUT6 (Prop_lut6_I3_O)        0.043     7.634 r  inst0/adder_inst_2/g0_b0_i_3/O
                         net (fo=26, routed)          0.691     8.325    inst0/adder_inst_2/sel[2]
    SLICE_X45Y32                                                      r  inst0/adder_inst_2/g0_b1__0/I2
    SLICE_X45Y32         LUT6 (Prop_lut6_I2_O)        0.043     8.368 r  inst0/adder_inst_2/g0_b1__0/O
                         net (fo=1, routed)           0.267     8.636    inst0/adder_inst_1/out[1]
    SLICE_X47Y33                                                      r  inst0/adder_inst_1/prod[29]_i_26/I2
    SLICE_X47Y33         LUT4 (Prop_lut4_I2_O)        0.043     8.679 r  inst0/adder_inst_1/prod[29]_i_26/O
                         net (fo=1, routed)           0.000     8.679    inst0/adder_inst_1/prod[29]_i_26_n_0
    SLICE_X47Y33                                                      r  inst0/adder_inst_1/prod_reg[29]_i_14/S[1]
    SLICE_X47Y33         CARRY4 (Prop_carry4_S[1]_O[3])
                                                      0.312     8.991 r  inst0/adder_inst_1/prod_reg[29]_i_14/O[3]
                         net (fo=2, routed)           0.553     9.544    inst0_n_8
    SLICE_X49Y34                                                      r  prod[29]_i_7/I1
    SLICE_X49Y34         LUT2 (Prop_lut2_I1_O)        0.120     9.664 r  prod[29]_i_7/O
                         net (fo=1, routed)           0.109     9.773    inst0/adder_inst_2/func_reg_reg[3]
    SLICE_X48Y34                                                      r  inst0/adder_inst_2/prod_reg[29]_i_5/DI[3]
    SLICE_X48Y34         CARRY4 (Prop_carry4_DI[3]_CO[3])
                                                      0.193     9.966 r  inst0/adder_inst_2/prod_reg[29]_i_5/CO[3]
                         net (fo=1, routed)           0.000     9.966    inst0/adder_inst_2/prod_reg[29]_i_5_n_0
    SLICE_X48Y35                                                      r  inst0/adder_inst_2/prod_reg[16]_i_17/CI
    SLICE_X48Y35         CARRY4 (Prop_carry4_CI_CO[3])
                                                      0.297    10.263 r  inst0/adder_inst_2/prod_reg[16]_i_17/CO[3]
                         net (fo=1, routed)           0.000    10.263    inst0/adder_inst_2/prod_reg[16]_i_17_n_0
    SLICE_X48Y36                                                      r  inst0/adder_inst_2/prod_reg[27]_i_5/CI
    SLICE_X48Y36         CARRY4 (Prop_carry4_CI_CO[3])
                                                      0.054    10.317 r  inst0/adder_inst_2/prod_reg[27]_i_5/CO[3]
                         net (fo=1, routed)           0.000    10.317    inst0/adder_inst_2/prod_reg[27]_i_5_n_0
    SLICE_X48Y37                                                      r  inst0/adder_inst_2/prod_reg[30]_i_12/CI
    SLICE_X48Y37         CARRY4 (Prop_carry4_CI_O[3])
                                                      0.151    10.468 r  inst0/adder_inst_2/prod_reg[30]_i_12/O[3]
                         net (fo=22, routed)          0.313    10.781    add_int_part_inst/0
    SLICE_X49Y38                                                      r  prod[16]_i_19/I0
    SLICE_X49Y38         LUT6 (Prop_lut6_I0_O)        0.120    10.901 r  prod[16]_i_19/O
                         net (fo=1, routed)           0.000    10.901    prod[16]_i_19_n_0
    SLICE_X49Y38                                                      r  prod_reg[16]_i_9/I1
    SLICE_X49Y38         MUXF7 (Prop_muxf7_I1_O)      0.108    11.009 r  prod_reg[16]_i_9/O
                         net (fo=28, routed)          0.557    11.566    log_int[2]
    SLICE_X53Y34                                                      r  prod[28]_i_4/I0
    SLICE_X53Y34         LUT6 (Prop_lut6_I0_O)        0.124    11.690 r  prod[28]_i_4/O
                         net (fo=2, routed)           0.461    12.151    prod[28]_i_4_n_0
    SLICE_X54Y35                                                      r  prod[20]_i_1/I3
    SLICE_X54Y35         LUT6 (Prop_lut6_I3_O)        0.043    12.194 r  prod[20]_i_1/O
                         net (fo=1, routed)           0.000    12.194    prod_reg__0[20]
    SLICE_X54Y35         FDRE                                         r  prod_reg[20]/D
  -------------------------------------------------------------------    -------------------

                         (clock clock rise edge)      7.017     7.017 r  
    AU32                                              0.000     7.017 r  clk (IN)
                         net (fo=0)                   0.000     7.017    clk
    AU32                                                              r  clk_IBUF_inst/I
    AU32                 IBUF (Prop_ibuf_I_O)         0.535     7.552 r  clk_IBUF_inst/O
                         net (fo=1, routed)           2.510    10.062    clk_IBUF
    BUFGCTRL_X0Y0                                                     r  clk_IBUF_BUFG_inst/I
    BUFGCTRL_X0Y0        BUFG (Prop_bufg_I_O)         0.083    10.145 r  clk_IBUF_BUFG_inst/O
                         net (fo=65, routed)          1.727    11.872    clk_IBUF_BUFG
    SLICE_X54Y35         FDRE                                         r  prod_reg[20]/C
                         clock pessimism              0.342    12.215    
                         clock uncertainty           -0.035    12.179    
    SLICE_X54Y35         FDRE (Setup_fdre_C_D)        0.066    12.245    prod_reg[20]
  -------------------------------------------------------------------
                         required time                         12.245    
                         arrival time                         -12.194    
  -------------------------------------------------------------------
                         slack                                  0.051    

Slack (MET) :             0.057ns  (required time - arrival time)
  Source:                 b_reg_reg[0]/C
                            (rising edge-triggered cell FDRE clocked by clock  {rise@0.000ns fall@3.508ns period=7.017ns})
  Destination:            prod_reg[19]/D
                            (rising edge-triggered cell FDRE clocked by clock  {rise@0.000ns fall@3.508ns period=7.017ns})
  Path Group:             clock
  Path Type:              Setup (Max at Slow Process Corner)
  Requirement:            7.017ns  (clock rise@7.017ns - clock rise@0.000ns)
  Data Path Delay:        6.924ns  (logic 2.003ns (28.928%)  route 4.921ns (71.072%))
  Logic Levels:           16  (CARRY4=5 LUT2=2 LUT4=1 LUT6=7 MUXF7=1)
  Clock Path Skew:        -0.065ns (DCD - SCD + CPR)
    Destination Clock Delay (DCD):    4.858ns = ( 11.875 - 7.017 ) 
    Source Clock Delay      (SCD):    5.266ns
    Clock Pessimism Removal (CPR):    0.342ns
  Clock Uncertainty:      0.035ns  ((TSJ^2 + TIJ^2)^1/2 + DJ) / 2 + PE
    Total System Jitter     (TSJ):    0.071ns
    Total Input Jitter      (TIJ):    0.000ns
    Discrete Jitter          (DJ):    0.000ns
    Phase Error              (PE):    0.000ns

    Location             Delay type                Incr(ns)  Path(ns)    Netlist Resource(s)
  -------------------------------------------------------------------    -------------------
                         (clock clock rise edge)      0.000     0.000 r  
    AU32                                              0.000     0.000 r  clk (IN)
                         net (fo=0)                   0.000     0.000    clk
    AU32                                                              r  clk_IBUF_inst/I
    AU32                 IBUF (Prop_ibuf_I_O)         0.642     0.642 r  clk_IBUF_inst/O
                         net (fo=1, routed)           2.644     3.286    clk_IBUF
    BUFGCTRL_X0Y0                                                     r  clk_IBUF_BUFG_inst/I
    BUFGCTRL_X0Y0        BUFG (Prop_bufg_I_O)         0.093     3.379 r  clk_IBUF_BUFG_inst/O
                         net (fo=65, routed)          1.887     5.266    clk_IBUF_BUFG
    SLICE_X45Y36         FDRE                                         r  b_reg_reg[0]/C
  -------------------------------------------------------------------    -------------------
    SLICE_X45Y36         FDRE (Prop_fdre_C_Q)         0.223     5.489 r  b_reg_reg[0]/Q
                         net (fo=9, routed)           0.726     6.214    inst0/adder_inst_2/b_reg_reg[15][0]
    SLICE_X44Y37                                                      r  inst0/adder_inst_2/g0_b0_i_23/I4
    SLICE_X44Y37         LUT6 (Prop_lut6_I4_O)        0.043     6.257 r  inst0/adder_inst_2/g0_b0_i_23/O
                         net (fo=3, routed)           0.233     6.491    inst0/adder_inst_2/lgN4.lod_detected__0
    SLICE_X45Y36                                                      r  inst0/adder_inst_2/prod[16]_i_7/I0
    SLICE_X45Y36         LUT2 (Prop_lut2_I0_O)        0.043     6.534 r  inst0/adder_inst_2/prod[16]_i_7/O
                         net (fo=24, routed)          0.480     7.014    inst0/adder_inst_2/prod_reg[16]_6
    SLICE_X47Y37                                                      r  inst0/adder_inst_2/g0_b0_i_13/I4
    SLICE_X47Y37         LUT6 (Prop_lut6_I4_O)        0.043     7.057 r  inst0/adder_inst_2/g0_b0_i_13/O
                         net (fo=2, routed)           0.535     7.591    inst0/adder_inst_2/g0_b0_i_13_n_0
    SLICE_X44Y34                                                      r  inst0/adder_inst_2/g0_b0_i_3/I3
    SLICE_X44Y34         LUT6 (Prop_lut6_I3_O)        0.043     7.634 r  inst0/adder_inst_2/g0_b0_i_3/O
                         net (fo=26, routed)          0.691     8.325    inst0/adder_inst_2/sel[2]
    SLICE_X45Y32                                                      r  inst0/adder_inst_2/g0_b1__0/I2
    SLICE_X45Y32         LUT6 (Prop_lut6_I2_O)        0.043     8.368 r  inst0/adder_inst_2/g0_b1__0/O
                         net (fo=1, routed)           0.267     8.636    inst0/adder_inst_1/out[1]
    SLICE_X47Y33                                                      r  inst0/adder_inst_1/prod[29]_i_26/I2
    SLICE_X47Y33         LUT4 (Prop_lut4_I2_O)        0.043     8.679 r  inst0/adder_inst_1/prod[29]_i_26/O
                         net (fo=1, routed)           0.000     8.679    inst0/adder_inst_1/prod[29]_i_26_n_0
    SLICE_X47Y33                                                      r  inst0/adder_inst_1/prod_reg[29]_i_14/S[1]
    SLICE_X47Y33         CARRY4 (Prop_carry4_S[1]_O[3])
                                                      0.312     8.991 r  inst0/adder_inst_1/prod_reg[29]_i_14/O[3]
                         net (fo=2, routed)           0.553     9.544    inst0_n_8
    SLICE_X49Y34                                                      r  prod[29]_i_7/I1
    SLICE_X49Y34         LUT2 (Prop_lut2_I1_O)        0.120     9.664 r  prod[29]_i_7/O
                         net (fo=1, routed)           0.109     9.773    inst0/adder_inst_2/func_reg_reg[3]
    SLICE_X48Y34                                                      r  inst0/adder_inst_2/prod_reg[29]_i_5/DI[3]
    SLICE_X48Y34         CARRY4 (Prop_carry4_DI[3]_CO[3])
                                                      0.193     9.966 r  inst0/adder_inst_2/prod_reg[29]_i_5/CO[3]
                         net (fo=1, routed)           0.000     9.966    inst0/adder_inst_2/prod_reg[29]_i_5_n_0
    SLICE_X48Y35                                                      r  inst0/adder_inst_2/prod_reg[16]_i_17/CI
    SLICE_X48Y35         CARRY4 (Prop_carry4_CI_CO[3])
                                                      0.297    10.263 r  inst0/adder_inst_2/prod_reg[16]_i_17/CO[3]
                         net (fo=1, routed)           0.000    10.263    inst0/adder_inst_2/prod_reg[16]_i_17_n_0
    SLICE_X48Y36                                                      r  inst0/adder_inst_2/prod_reg[27]_i_5/CI
    SLICE_X48Y36         CARRY4 (Prop_carry4_CI_CO[3])
                                                      0.054    10.317 r  inst0/adder_inst_2/prod_reg[27]_i_5/CO[3]
                         net (fo=1, routed)           0.000    10.317    inst0/adder_inst_2/prod_reg[27]_i_5_n_0
    SLICE_X48Y37                                                      r  inst0/adder_inst_2/prod_reg[30]_i_12/CI
    SLICE_X48Y37         CARRY4 (Prop_carry4_CI_O[3])
                                                      0.151    10.468 r  inst0/adder_inst_2/prod_reg[30]_i_12/O[3]
                         net (fo=22, routed)          0.313    10.781    add_int_part_inst/0
    SLICE_X49Y38                                                      r  prod[16]_i_19/I0
    SLICE_X49Y38         LUT6 (Prop_lut6_I0_O)        0.120    10.901 r  prod[16]_i_19/O
                         net (fo=1, routed)           0.000    10.901    prod[16]_i_19_n_0
    SLICE_X49Y38                                                      r  prod_reg[16]_i_9/I1
    SLICE_X49Y38         MUXF7 (Prop_muxf7_I1_O)      0.108    11.009 r  prod_reg[16]_i_9/O
                         net (fo=28, routed)          0.489    11.498    log_int[2]
    SLICE_X50Y38                                                      r  prod[27]_i_4/I3
    SLICE_X50Y38         LUT6 (Prop_lut6_I3_O)        0.124    11.622 r  prod[27]_i_4/O
                         net (fo=4, routed)           0.525    12.147    prod[27]_i_4_n_0
    SLICE_X52Y36                                                      r  prod[19]_i_1/I3
    SLICE_X52Y36         LUT6 (Prop_lut6_I3_O)        0.043    12.190 r  prod[19]_i_1/O
                         net (fo=1, routed)           0.000    12.190    prod_reg__0[19]
    SLICE_X52Y36         FDRE                                         r  prod_reg[19]/D
  -------------------------------------------------------------------    -------------------

                         (clock clock rise edge)      7.017     7.017 r  
    AU32                                              0.000     7.017 r  clk (IN)
                         net (fo=0)                   0.000     7.017    clk
    AU32                                                              r  clk_IBUF_inst/I
    AU32                 IBUF (Prop_ibuf_I_O)         0.535     7.552 r  clk_IBUF_inst/O
                         net (fo=1, routed)           2.510    10.062    clk_IBUF
    BUFGCTRL_X0Y0                                                     r  clk_IBUF_BUFG_inst/I
    BUFGCTRL_X0Y0        BUFG (Prop_bufg_I_O)         0.083    10.145 r  clk_IBUF_BUFG_inst/O
                         net (fo=65, routed)          1.730    11.875    clk_IBUF_BUFG
    SLICE_X52Y36         FDRE                                         r  prod_reg[19]/C
                         clock pessimism              0.342    12.218    
                         clock uncertainty           -0.035    12.182    
    SLICE_X52Y36         FDRE (Setup_fdre_C_D)        0.064    12.246    prod_reg[19]
  -------------------------------------------------------------------
                         required time                         12.246    
                         arrival time                         -12.190    
  -------------------------------------------------------------------
                         slack                                  0.057    

Slack (MET) :             0.059ns  (required time - arrival time)
  Source:                 b_reg_reg[0]/C
                            (rising edge-triggered cell FDRE clocked by clock  {rise@0.000ns fall@3.508ns period=7.017ns})
  Destination:            prod_reg[2]/D
                            (rising edge-triggered cell FDRE clocked by clock  {rise@0.000ns fall@3.508ns period=7.017ns})
  Path Group:             clock
  Path Type:              Setup (Max at Slow Process Corner)
  Requirement:            7.017ns  (clock rise@7.017ns - clock rise@0.000ns)
  Data Path Delay:        6.895ns  (logic 2.003ns (29.050%)  route 4.892ns (70.950%))
  Logic Levels:           16  (CARRY4=5 LUT2=2 LUT4=1 LUT5=2 LUT6=5 MUXF7=1)
  Clock Path Skew:        -0.062ns (DCD - SCD + CPR)
    Destination Clock Delay (DCD):    4.861ns = ( 11.878 - 7.017 ) 
    Source Clock Delay      (SCD):    5.266ns
    Clock Pessimism Removal (CPR):    0.342ns
  Clock Uncertainty:      0.035ns  ((TSJ^2 + TIJ^2)^1/2 + DJ) / 2 + PE
    Total System Jitter     (TSJ):    0.071ns
    Total Input Jitter      (TIJ):    0.000ns
    Discrete Jitter          (DJ):    0.000ns
    Phase Error              (PE):    0.000ns

    Location             Delay type                Incr(ns)  Path(ns)    Netlist Resource(s)
  -------------------------------------------------------------------    -------------------
                         (clock clock rise edge)      0.000     0.000 r  
    AU32                                              0.000     0.000 r  clk (IN)
                         net (fo=0)                   0.000     0.000    clk
    AU32                                                              r  clk_IBUF_inst/I
    AU32                 IBUF (Prop_ibuf_I_O)         0.642     0.642 r  clk_IBUF_inst/O
                         net (fo=1, routed)           2.644     3.286    clk_IBUF
    BUFGCTRL_X0Y0                                                     r  clk_IBUF_BUFG_inst/I
    BUFGCTRL_X0Y0        BUFG (Prop_bufg_I_O)         0.093     3.379 r  clk_IBUF_BUFG_inst/O
                         net (fo=65, routed)          1.887     5.266    clk_IBUF_BUFG
    SLICE_X45Y36         FDRE                                         r  b_reg_reg[0]/C
  -------------------------------------------------------------------    -------------------
    SLICE_X45Y36         FDRE (Prop_fdre_C_Q)         0.223     5.489 r  b_reg_reg[0]/Q
                         net (fo=9, routed)           0.726     6.214    inst0/adder_inst_2/b_reg_reg[15][0]
    SLICE_X44Y37                                                      r  inst0/adder_inst_2/g0_b0_i_23/I4
    SLICE_X44Y37         LUT6 (Prop_lut6_I4_O)        0.043     6.257 r  inst0/adder_inst_2/g0_b0_i_23/O
                         net (fo=3, routed)           0.233     6.491    inst0/adder_inst_2/lgN4.lod_detected__0
    SLICE_X45Y36                                                      r  inst0/adder_inst_2/prod[16]_i_7/I0
    SLICE_X45Y36         LUT2 (Prop_lut2_I0_O)        0.043     6.534 r  inst0/adder_inst_2/prod[16]_i_7/O
                         net (fo=24, routed)          0.480     7.014    inst0/adder_inst_2/prod_reg[16]_6
    SLICE_X47Y37                                                      r  inst0/adder_inst_2/g0_b0_i_13/I4
    SLICE_X47Y37         LUT6 (Prop_lut6_I4_O)        0.043     7.057 r  inst0/adder_inst_2/g0_b0_i_13/O
                         net (fo=2, routed)           0.535     7.591    inst0/adder_inst_2/g0_b0_i_13_n_0
    SLICE_X44Y34                                                      r  inst0/adder_inst_2/g0_b0_i_3/I3
    SLICE_X44Y34         LUT6 (Prop_lut6_I3_O)        0.043     7.634 r  inst0/adder_inst_2/g0_b0_i_3/O
                         net (fo=26, routed)          0.691     8.325    inst0/adder_inst_2/sel[2]
    SLICE_X45Y32                                                      r  inst0/adder_inst_2/g0_b1__0/I2
    SLICE_X45Y32         LUT6 (Prop_lut6_I2_O)        0.043     8.368 r  inst0/adder_inst_2/g0_b1__0/O
                         net (fo=1, routed)           0.267     8.636    inst0/adder_inst_1/out[1]
    SLICE_X47Y33                                                      r  inst0/adder_inst_1/prod[29]_i_26/I2
    SLICE_X47Y33         LUT4 (Prop_lut4_I2_O)        0.043     8.679 r  inst0/adder_inst_1/prod[29]_i_26/O
                         net (fo=1, routed)           0.000     8.679    inst0/adder_inst_1/prod[29]_i_26_n_0
    SLICE_X47Y33                                                      r  inst0/adder_inst_1/prod_reg[29]_i_14/S[1]
    SLICE_X47Y33         CARRY4 (Prop_carry4_S[1]_O[3])
                                                      0.312     8.991 r  inst0/adder_inst_1/prod_reg[29]_i_14/O[3]
                         net (fo=2, routed)           0.553     9.544    inst0_n_8
    SLICE_X49Y34                                                      r  prod[29]_i_7/I1
    SLICE_X49Y34         LUT2 (Prop_lut2_I1_O)        0.120     9.664 r  prod[29]_i_7/O
                         net (fo=1, routed)           0.109     9.773    inst0/adder_inst_2/func_reg_reg[3]
    SLICE_X48Y34                                                      r  inst0/adder_inst_2/prod_reg[29]_i_5/DI[3]
    SLICE_X48Y34         CARRY4 (Prop_carry4_DI[3]_CO[3])
                                                      0.193     9.966 r  inst0/adder_inst_2/prod_reg[29]_i_5/CO[3]
                         net (fo=1, routed)           0.000     9.966    inst0/adder_inst_2/prod_reg[29]_i_5_n_0
    SLICE_X48Y35                                                      r  inst0/adder_inst_2/prod_reg[16]_i_17/CI
    SLICE_X48Y35         CARRY4 (Prop_carry4_CI_CO[3])
                                                      0.297    10.263 r  inst0/adder_inst_2/prod_reg[16]_i_17/CO[3]
                         net (fo=1, routed)           0.000    10.263    inst0/adder_inst_2/prod_reg[16]_i_17_n_0
    SLICE_X48Y36                                                      r  inst0/adder_inst_2/prod_reg[27]_i_5/CI
    SLICE_X48Y36         CARRY4 (Prop_carry4_CI_CO[3])
                                                      0.054    10.317 r  inst0/adder_inst_2/prod_reg[27]_i_5/CO[3]
                         net (fo=1, routed)           0.000    10.317    inst0/adder_inst_2/prod_reg[27]_i_5_n_0
    SLICE_X48Y37                                                      r  inst0/adder_inst_2/prod_reg[30]_i_12/CI
    SLICE_X48Y37         CARRY4 (Prop_carry4_CI_O[3])
                                                      0.151    10.468 r  inst0/adder_inst_2/prod_reg[30]_i_12/O[3]
                         net (fo=22, routed)          0.313    10.781    add_int_part_inst/0
    SLICE_X49Y38                                                      r  prod[16]_i_19/I0
    SLICE_X49Y38         LUT6 (Prop_lut6_I0_O)        0.120    10.901 f  prod[16]_i_19/O
                         net (fo=1, routed)           0.000    10.901    prod[16]_i_19_n_0
    SLICE_X49Y38                                                      f  prod_reg[16]_i_9/I1
    SLICE_X49Y38         MUXF7 (Prop_muxf7_I1_O)      0.108    11.009 f  prod_reg[16]_i_9/O
                         net (fo=28, routed)          0.318    11.327    log_int[2]
    SLICE_X48Y38                                                      f  prod[26]_i_3/I4
    SLICE_X48Y38         LUT5 (Prop_lut5_I4_O)        0.124    11.451 r  prod[26]_i_3/O
                         net (fo=4, routed)           0.666    12.118    prod[26]_i_3_n_0
    SLICE_X49Y36                                                      r  prod[2]_i_1/I0
    SLICE_X49Y36         LUT5 (Prop_lut5_I0_O)        0.043    12.161 r  prod[2]_i_1/O
                         net (fo=1, routed)           0.000    12.161    prod[2]_i_1_n_0
    SLICE_X49Y36         FDRE                                         r  prod_reg[2]/D
  -------------------------------------------------------------------    -------------------

                         (clock clock rise edge)      7.017     7.017 r  
    AU32                                              0.000     7.017 r  clk (IN)
                         net (fo=0)                   0.000     7.017    clk
    AU32                                                              r  clk_IBUF_inst/I
    AU32                 IBUF (Prop_ibuf_I_O)         0.535     7.552 r  clk_IBUF_inst/O
                         net (fo=1, routed)           2.510    10.062    clk_IBUF
    BUFGCTRL_X0Y0                                                     r  clk_IBUF_BUFG_inst/I
    BUFGCTRL_X0Y0        BUFG (Prop_bufg_I_O)         0.083    10.145 r  clk_IBUF_BUFG_inst/O
                         net (fo=65, routed)          1.733    11.878    clk_IBUF_BUFG
    SLICE_X49Y36         FDRE                                         r  prod_reg[2]/C
                         clock pessimism              0.342    12.221    
                         clock uncertainty           -0.035    12.185    
    SLICE_X49Y36         FDRE (Setup_fdre_C_D)        0.034    12.219    prod_reg[2]
  -------------------------------------------------------------------
                         required time                         12.219    
                         arrival time                         -12.161    
  -------------------------------------------------------------------
                         slack                                  0.059    

Slack (MET) :             0.065ns  (required time - arrival time)
  Source:                 b_reg_reg[0]/C
                            (rising edge-triggered cell FDRE clocked by clock  {rise@0.000ns fall@3.508ns period=7.017ns})
  Destination:            prod_reg[26]/D
                            (rising edge-triggered cell FDRE clocked by clock  {rise@0.000ns fall@3.508ns period=7.017ns})
  Path Group:             clock
  Path Type:              Setup (Max at Slow Process Corner)
  Requirement:            7.017ns  (clock rise@7.017ns - clock rise@0.000ns)
  Data Path Delay:        6.887ns  (logic 1.814ns (26.338%)  route 5.073ns (73.662%))
  Logic Levels:           15  (CARRY4=5 LUT2=2 LUT4=1 LUT6=7)
  Clock Path Skew:        -0.063ns (DCD - SCD + CPR)
    Destination Clock Delay (DCD):    4.860ns = ( 11.877 - 7.017 ) 
    Source Clock Delay      (SCD):    5.266ns
    Clock Pessimism Removal (CPR):    0.342ns
  Clock Uncertainty:      0.035ns  ((TSJ^2 + TIJ^2)^1/2 + DJ) / 2 + PE
    Total System Jitter     (TSJ):    0.071ns
    Total Input Jitter      (TIJ):    0.000ns
    Discrete Jitter          (DJ):    0.000ns
    Phase Error              (PE):    0.000ns

    Location             Delay type                Incr(ns)  Path(ns)    Netlist Resource(s)
  -------------------------------------------------------------------    -------------------
                         (clock clock rise edge)      0.000     0.000 r  
    AU32                                              0.000     0.000 r  clk (IN)
                         net (fo=0)                   0.000     0.000    clk
    AU32                                                              r  clk_IBUF_inst/I
    AU32                 IBUF (Prop_ibuf_I_O)         0.642     0.642 r  clk_IBUF_inst/O
                         net (fo=1, routed)           2.644     3.286    clk_IBUF
    BUFGCTRL_X0Y0                                                     r  clk_IBUF_BUFG_inst/I
    BUFGCTRL_X0Y0        BUFG (Prop_bufg_I_O)         0.093     3.379 r  clk_IBUF_BUFG_inst/O
                         net (fo=65, routed)          1.887     5.266    clk_IBUF_BUFG
    SLICE_X45Y36         FDRE                                         r  b_reg_reg[0]/C
  -------------------------------------------------------------------    -------------------
    SLICE_X45Y36         FDRE (Prop_fdre_C_Q)         0.223     5.489 r  b_reg_reg[0]/Q
                         net (fo=9, routed)           0.726     6.214    inst0/adder_inst_2/b_reg_reg[15][0]
    SLICE_X44Y37                                                      r  inst0/adder_inst_2/g0_b0_i_23/I4
    SLICE_X44Y37         LUT6 (Prop_lut6_I4_O)        0.043     6.257 r  inst0/adder_inst_2/g0_b0_i_23/O
                         net (fo=3, routed)           0.233     6.491    inst0/adder_inst_2/lgN4.lod_detected__0
    SLICE_X45Y36                                                      r  inst0/adder_inst_2/prod[16]_i_7/I0
    SLICE_X45Y36         LUT2 (Prop_lut2_I0_O)        0.043     6.534 r  inst0/adder_inst_2/prod[16]_i_7/O
                         net (fo=24, routed)          0.480     7.014    inst0/adder_inst_2/prod_reg[16]_6
    SLICE_X47Y37                                                      r  inst0/adder_inst_2/g0_b0_i_13/I4
    SLICE_X47Y37         LUT6 (Prop_lut6_I4_O)        0.043     7.057 r  inst0/adder_inst_2/g0_b0_i_13/O
                         net (fo=2, routed)           0.535     7.591    inst0/adder_inst_2/g0_b0_i_13_n_0
    SLICE_X44Y34                                                      r  inst0/adder_inst_2/g0_b0_i_3/I3
    SLICE_X44Y34         LUT6 (Prop_lut6_I3_O)        0.043     7.634 r  inst0/adder_inst_2/g0_b0_i_3/O
                         net (fo=26, routed)          0.691     8.325    inst0/adder_inst_2/sel[2]
    SLICE_X45Y32                                                      r  inst0/adder_inst_2/g0_b1__0/I2
    SLICE_X45Y32         LUT6 (Prop_lut6_I2_O)        0.043     8.368 r  inst0/adder_inst_2/g0_b1__0/O
                         net (fo=1, routed)           0.267     8.636    inst0/adder_inst_1/out[1]
    SLICE_X47Y33                                                      r  inst0/adder_inst_1/prod[29]_i_26/I2
    SLICE_X47Y33         LUT4 (Prop_lut4_I2_O)        0.043     8.679 r  inst0/adder_inst_1/prod[29]_i_26/O
                         net (fo=1, routed)           0.000     8.679    inst0/adder_inst_1/prod[29]_i_26_n_0
    SLICE_X47Y33                                                      r  inst0/adder_inst_1/prod_reg[29]_i_14/S[1]
    SLICE_X47Y33         CARRY4 (Prop_carry4_S[1]_O[3])
                                                      0.312     8.991 r  inst0/adder_inst_1/prod_reg[29]_i_14/O[3]
                         net (fo=2, routed)           0.553     9.544    inst0_n_8
    SLICE_X49Y34                                                      r  prod[29]_i_7/I1
    SLICE_X49Y34         LUT2 (Prop_lut2_I1_O)        0.120     9.664 r  prod[29]_i_7/O
                         net (fo=1, routed)           0.109     9.773    inst0/adder_inst_2/func_reg_reg[3]
    SLICE_X48Y34                                                      r  inst0/adder_inst_2/prod_reg[29]_i_5/DI[3]
    SLICE_X48Y34         CARRY4 (Prop_carry4_DI[3]_CO[3])
                                                      0.193     9.966 r  inst0/adder_inst_2/prod_reg[29]_i_5/CO[3]
                         net (fo=1, routed)           0.000     9.966    inst0/adder_inst_2/prod_reg[29]_i_5_n_0
    SLICE_X48Y35                                                      r  inst0/adder_inst_2/prod_reg[16]_i_17/CI
    SLICE_X48Y35         CARRY4 (Prop_carry4_CI_CO[3])
                                                      0.297    10.263 r  inst0/adder_inst_2/prod_reg[16]_i_17/CO[3]
                         net (fo=1, routed)           0.000    10.263    inst0/adder_inst_2/prod_reg[16]_i_17_n_0
    SLICE_X48Y36                                                      r  inst0/adder_inst_2/prod_reg[27]_i_5/CI
    SLICE_X48Y36         CARRY4 (Prop_carry4_CI_CO[3])
                                                      0.054    10.317 r  inst0/adder_inst_2/prod_reg[27]_i_5/CO[3]
                         net (fo=1, routed)           0.000    10.317    inst0/adder_inst_2/prod_reg[27]_i_5_n_0
    SLICE_X48Y37                                                      r  inst0/adder_inst_2/prod_reg[30]_i_12/CI
    SLICE_X48Y37         CARRY4 (Prop_carry4_CI_O[3])
                                                      0.151    10.468 r  inst0/adder_inst_2/prod_reg[30]_i_12/O[3]
                         net (fo=22, routed)          0.328    10.795    add_int_part_inst/0
    SLICE_X48Y38                                                      r  prod[31]_i_10/I3
    SLICE_X48Y38         LUT6 (Prop_lut6_I3_O)        0.120    10.915 r  prod[31]_i_10/O
                         net (fo=26, routed)          0.671    11.586    log_int[1]
    SLICE_X51Y36                                                      r  prod[26]_i_2/I4
    SLICE_X51Y36         LUT6 (Prop_lut6_I4_O)        0.043    11.629 r  prod[26]_i_2/O
                         net (fo=4, routed)           0.481    12.110    prod[26]_i_2_n_0
    SLICE_X51Y35                                                      r  prod[26]_i_1/I0
    SLICE_X51Y35         LUT6 (Prop_lut6_I0_O)        0.043    12.153 r  prod[26]_i_1/O
                         net (fo=1, routed)           0.000    12.153    prod_reg__0[26]
    SLICE_X51Y35         FDRE                                         r  prod_reg[26]/D
  -------------------------------------------------------------------    -------------------

                         (clock clock rise edge)      7.017     7.017 r  
    AU32                                              0.000     7.017 r  clk (IN)
                         net (fo=0)                   0.000     7.017    clk
    AU32                                                              r  clk_IBUF_inst/I
    AU32                 IBUF (Prop_ibuf_I_O)         0.535     7.552 r  clk_IBUF_inst/O
                         net (fo=1, routed)           2.510    10.062    clk_IBUF
    BUFGCTRL_X0Y0                                                     r  clk_IBUF_BUFG_inst/I
    BUFGCTRL_X0Y0        BUFG (Prop_bufg_I_O)         0.083    10.145 r  clk_IBUF_BUFG_inst/O
                         net (fo=65, routed)          1.732    11.877    clk_IBUF_BUFG
    SLICE_X51Y35         FDRE                                         r  prod_reg[26]/C
                         clock pessimism              0.342    12.220    
                         clock uncertainty           -0.035    12.184    
    SLICE_X51Y35         FDRE (Setup_fdre_C_D)        0.034    12.218    prod_reg[26]
  -------------------------------------------------------------------
                         required time                         12.218    
                         arrival time                         -12.153    
  -------------------------------------------------------------------
                         slack                                  0.065    

Slack (MET) :             0.072ns  (required time - arrival time)
  Source:                 b_reg_reg[0]/C
                            (rising edge-triggered cell FDRE clocked by clock  {rise@0.000ns fall@3.508ns period=7.017ns})
  Destination:            prod_reg[30]/D
                            (rising edge-triggered cell FDRE clocked by clock  {rise@0.000ns fall@3.508ns period=7.017ns})
  Path Group:             clock
  Path Type:              Setup (Max at Slow Process Corner)
  Requirement:            7.017ns  (clock rise@7.017ns - clock rise@0.000ns)
  Data Path Delay:        6.911ns  (logic 2.003ns (28.983%)  route 4.908ns (71.017%))
  Logic Levels:           16  (CARRY4=5 LUT2=2 LUT4=1 LUT6=7 MUXF7=1)
  Clock Path Skew:        -0.063ns (DCD - SCD + CPR)
    Destination Clock Delay (DCD):    4.860ns = ( 11.877 - 7.017 ) 
    Source Clock Delay      (SCD):    5.266ns
    Clock Pessimism Removal (CPR):    0.342ns
  Clock Uncertainty:      0.035ns  ((TSJ^2 + TIJ^2)^1/2 + DJ) / 2 + PE
    Total System Jitter     (TSJ):    0.071ns
    Total Input Jitter      (TIJ):    0.000ns
    Discrete Jitter          (DJ):    0.000ns
    Phase Error              (PE):    0.000ns

    Location             Delay type                Incr(ns)  Path(ns)    Netlist Resource(s)
  -------------------------------------------------------------------    -------------------
                         (clock clock rise edge)      0.000     0.000 r  
    AU32                                              0.000     0.000 r  clk (IN)
                         net (fo=0)                   0.000     0.000    clk
    AU32                                                              r  clk_IBUF_inst/I
    AU32                 IBUF (Prop_ibuf_I_O)         0.642     0.642 r  clk_IBUF_inst/O
                         net (fo=1, routed)           2.644     3.286    clk_IBUF
    BUFGCTRL_X0Y0                                                     r  clk_IBUF_BUFG_inst/I
    BUFGCTRL_X0Y0        BUFG (Prop_bufg_I_O)         0.093     3.379 r  clk_IBUF_BUFG_inst/O
                         net (fo=65, routed)          1.887     5.266    clk_IBUF_BUFG
    SLICE_X45Y36         FDRE                                         r  b_reg_reg[0]/C
  -------------------------------------------------------------------    -------------------
    SLICE_X45Y36         FDRE (Prop_fdre_C_Q)         0.223     5.489 r  b_reg_reg[0]/Q
                         net (fo=9, routed)           0.726     6.214    inst0/adder_inst_2/b_reg_reg[15][0]
    SLICE_X44Y37                                                      r  inst0/adder_inst_2/g0_b0_i_23/I4
    SLICE_X44Y37         LUT6 (Prop_lut6_I4_O)        0.043     6.257 r  inst0/adder_inst_2/g0_b0_i_23/O
                         net (fo=3, routed)           0.233     6.491    inst0/adder_inst_2/lgN4.lod_detected__0
    SLICE_X45Y36                                                      r  inst0/adder_inst_2/prod[16]_i_7/I0
    SLICE_X45Y36         LUT2 (Prop_lut2_I0_O)        0.043     6.534 r  inst0/adder_inst_2/prod[16]_i_7/O
                         net (fo=24, routed)          0.480     7.014    inst0/adder_inst_2/prod_reg[16]_6
    SLICE_X47Y37                                                      r  inst0/adder_inst_2/g0_b0_i_13/I4
    SLICE_X47Y37         LUT6 (Prop_lut6_I4_O)        0.043     7.057 r  inst0/adder_inst_2/g0_b0_i_13/O
                         net (fo=2, routed)           0.535     7.591    inst0/adder_inst_2/g0_b0_i_13_n_0
    SLICE_X44Y34                                                      r  inst0/adder_inst_2/g0_b0_i_3/I3
    SLICE_X44Y34         LUT6 (Prop_lut6_I3_O)        0.043     7.634 r  inst0/adder_inst_2/g0_b0_i_3/O
                         net (fo=26, routed)          0.691     8.325    inst0/adder_inst_2/sel[2]
    SLICE_X45Y32                                                      r  inst0/adder_inst_2/g0_b1__0/I2
    SLICE_X45Y32         LUT6 (Prop_lut6_I2_O)        0.043     8.368 r  inst0/adder_inst_2/g0_b1__0/O
                         net (fo=1, routed)           0.267     8.636    inst0/adder_inst_1/out[1]
    SLICE_X47Y33                                                      r  inst0/adder_inst_1/prod[29]_i_26/I2
    SLICE_X47Y33         LUT4 (Prop_lut4_I2_O)        0.043     8.679 r  inst0/adder_inst_1/prod[29]_i_26/O
                         net (fo=1, routed)           0.000     8.679    inst0/adder_inst_1/prod[29]_i_26_n_0
    SLICE_X47Y33                                                      r  inst0/adder_inst_1/prod_reg[29]_i_14/S[1]
    SLICE_X47Y33         CARRY4 (Prop_carry4_S[1]_O[3])
                                                      0.312     8.991 r  inst0/adder_inst_1/prod_reg[29]_i_14/O[3]
                         net (fo=2, routed)           0.553     9.544    inst0_n_8
    SLICE_X49Y34                                                      r  prod[29]_i_7/I1
    SLICE_X49Y34         LUT2 (Prop_lut2_I1_O)        0.120     9.664 r  prod[29]_i_7/O
                         net (fo=1, routed)           0.109     9.773    inst0/adder_inst_2/func_reg_reg[3]
    SLICE_X48Y34                                                      r  inst0/adder_inst_2/prod_reg[29]_i_5/DI[3]
    SLICE_X48Y34         CARRY4 (Prop_carry4_DI[3]_CO[3])
                                                      0.193     9.966 r  inst0/adder_inst_2/prod_reg[29]_i_5/CO[3]
                         net (fo=1, routed)           0.000     9.966    inst0/adder_inst_2/prod_reg[29]_i_5_n_0
    SLICE_X48Y35                                                      r  inst0/adder_inst_2/prod_reg[16]_i_17/CI
    SLICE_X48Y35         CARRY4 (Prop_carry4_CI_CO[3])
                                                      0.297    10.263 r  inst0/adder_inst_2/prod_reg[16]_i_17/CO[3]
                         net (fo=1, routed)           0.000    10.263    inst0/adder_inst_2/prod_reg[16]_i_17_n_0
    SLICE_X48Y36                                                      r  inst0/adder_inst_2/prod_reg[27]_i_5/CI
    SLICE_X48Y36         CARRY4 (Prop_carry4_CI_CO[3])
                                                      0.054    10.317 r  inst0/adder_inst_2/prod_reg[27]_i_5/CO[3]
                         net (fo=1, routed)           0.000    10.317    inst0/adder_inst_2/prod_reg[27]_i_5_n_0
    SLICE_X48Y37                                                      r  inst0/adder_inst_2/prod_reg[30]_i_12/CI
    SLICE_X48Y37         CARRY4 (Prop_carry4_CI_O[3])
                                                      0.151    10.468 r  inst0/adder_inst_2/prod_reg[30]_i_12/O[3]
                         net (fo=22, routed)          0.313    10.781    add_int_part_inst/0
    SLICE_X49Y38                                                      r  prod[16]_i_19/I0
    SLICE_X49Y38         LUT6 (Prop_lut6_I0_O)        0.120    10.901 r  prod[16]_i_19/O
                         net (fo=1, routed)           0.000    10.901    prod[16]_i_19_n_0
    SLICE_X49Y38                                                      r  prod_reg[16]_i_9/I1
    SLICE_X49Y38         MUXF7 (Prop_muxf7_I1_O)      0.108    11.009 r  prod_reg[16]_i_9/O
                         net (fo=28, routed)          0.538    11.547    log_int[2]
    SLICE_X51Y34                                                      r  prod[30]_i_2/I2
    SLICE_X51Y34         LUT6 (Prop_lut6_I2_O)        0.124    11.671 r  prod[30]_i_2/O
                         net (fo=4, routed)           0.463    12.134    prod[30]_i_2_n_0
    SLICE_X50Y35                                                      r  prod[30]_i_1/I0
    SLICE_X50Y35         LUT6 (Prop_lut6_I0_O)        0.043    12.177 r  prod[30]_i_1/O
                         net (fo=1, routed)           0.000    12.177    prod_reg__0[30]
    SLICE_X50Y35         FDRE                                         r  prod_reg[30]/D
  -------------------------------------------------------------------    -------------------

                         (clock clock rise edge)      7.017     7.017 r  
    AU32                                              0.000     7.017 r  clk (IN)
                         net (fo=0)                   0.000     7.017    clk
    AU32                                                              r  clk_IBUF_inst/I
    AU32                 IBUF (Prop_ibuf_I_O)         0.535     7.552 r  clk_IBUF_inst/O
                         net (fo=1, routed)           2.510    10.062    clk_IBUF
    BUFGCTRL_X0Y0                                                     r  clk_IBUF_BUFG_inst/I
    BUFGCTRL_X0Y0        BUFG (Prop_bufg_I_O)         0.083    10.145 r  clk_IBUF_BUFG_inst/O
                         net (fo=65, routed)          1.732    11.877    clk_IBUF_BUFG
    SLICE_X50Y35         FDRE                                         r  prod_reg[30]/C
                         clock pessimism              0.342    12.220    
                         clock uncertainty           -0.035    12.184    
    SLICE_X50Y35         FDRE (Setup_fdre_C_D)        0.064    12.248    prod_reg[30]
  -------------------------------------------------------------------
                         required time                         12.248    
                         arrival time                         -12.177    
  -------------------------------------------------------------------
                         slack                                  0.072    

Slack (MET) :             0.076ns  (required time - arrival time)
  Source:                 b_reg_reg[0]/C
                            (rising edge-triggered cell FDRE clocked by clock  {rise@0.000ns fall@3.508ns period=7.017ns})
  Destination:            prod_reg[11]/D
                            (rising edge-triggered cell FDRE clocked by clock  {rise@0.000ns fall@3.508ns period=7.017ns})
  Path Group:             clock
  Path Type:              Setup (Max at Slow Process Corner)
  Requirement:            7.017ns  (clock rise@7.017ns - clock rise@0.000ns)
  Data Path Delay:        6.875ns  (logic 2.003ns (29.133%)  route 4.872ns (70.867%))
  Logic Levels:           16  (CARRY4=5 LUT2=2 LUT4=1 LUT5=1 LUT6=6 MUXF7=1)
  Clock Path Skew:        -0.064ns (DCD - SCD + CPR)
    Destination Clock Delay (DCD):    4.859ns = ( 11.876 - 7.017 ) 
    Source Clock Delay      (SCD):    5.266ns
    Clock Pessimism Removal (CPR):    0.342ns
  Clock Uncertainty:      0.035ns  ((TSJ^2 + TIJ^2)^1/2 + DJ) / 2 + PE
    Total System Jitter     (TSJ):    0.071ns
    Total Input Jitter      (TIJ):    0.000ns
    Discrete Jitter          (DJ):    0.000ns
    Phase Error              (PE):    0.000ns

    Location             Delay type                Incr(ns)  Path(ns)    Netlist Resource(s)
  -------------------------------------------------------------------    -------------------
                         (clock clock rise edge)      0.000     0.000 r  
    AU32                                              0.000     0.000 r  clk (IN)
                         net (fo=0)                   0.000     0.000    clk
    AU32                                                              r  clk_IBUF_inst/I
    AU32                 IBUF (Prop_ibuf_I_O)         0.642     0.642 r  clk_IBUF_inst/O
                         net (fo=1, routed)           2.644     3.286    clk_IBUF
    BUFGCTRL_X0Y0                                                     r  clk_IBUF_BUFG_inst/I
    BUFGCTRL_X0Y0        BUFG (Prop_bufg_I_O)         0.093     3.379 r  clk_IBUF_BUFG_inst/O
                         net (fo=65, routed)          1.887     5.266    clk_IBUF_BUFG
    SLICE_X45Y36         FDRE                                         r  b_reg_reg[0]/C
  -------------------------------------------------------------------    -------------------
    SLICE_X45Y36         FDRE (Prop_fdre_C_Q)         0.223     5.489 r  b_reg_reg[0]/Q
                         net (fo=9, routed)           0.726     6.214    inst0/adder_inst_2/b_reg_reg[15][0]
    SLICE_X44Y37                                                      r  inst0/adder_inst_2/g0_b0_i_23/I4
    SLICE_X44Y37         LUT6 (Prop_lut6_I4_O)        0.043     6.257 r  inst0/adder_inst_2/g0_b0_i_23/O
                         net (fo=3, routed)           0.233     6.491    inst0/adder_inst_2/lgN4.lod_detected__0
    SLICE_X45Y36                                                      r  inst0/adder_inst_2/prod[16]_i_7/I0
    SLICE_X45Y36         LUT2 (Prop_lut2_I0_O)        0.043     6.534 r  inst0/adder_inst_2/prod[16]_i_7/O
                         net (fo=24, routed)          0.480     7.014    inst0/adder_inst_2/prod_reg[16]_6
    SLICE_X47Y37                                                      r  inst0/adder_inst_2/g0_b0_i_13/I4
    SLICE_X47Y37         LUT6 (Prop_lut6_I4_O)        0.043     7.057 r  inst0/adder_inst_2/g0_b0_i_13/O
                         net (fo=2, routed)           0.535     7.591    inst0/adder_inst_2/g0_b0_i_13_n_0
    SLICE_X44Y34                                                      r  inst0/adder_inst_2/g0_b0_i_3/I3
    SLICE_X44Y34         LUT6 (Prop_lut6_I3_O)        0.043     7.634 r  inst0/adder_inst_2/g0_b0_i_3/O
                         net (fo=26, routed)          0.691     8.325    inst0/adder_inst_2/sel[2]
    SLICE_X45Y32                                                      r  inst0/adder_inst_2/g0_b1__0/I2
    SLICE_X45Y32         LUT6 (Prop_lut6_I2_O)        0.043     8.368 r  inst0/adder_inst_2/g0_b1__0/O
                         net (fo=1, routed)           0.267     8.636    inst0/adder_inst_1/out[1]
    SLICE_X47Y33                                                      r  inst0/adder_inst_1/prod[29]_i_26/I2
    SLICE_X47Y33         LUT4 (Prop_lut4_I2_O)        0.043     8.679 r  inst0/adder_inst_1/prod[29]_i_26/O
                         net (fo=1, routed)           0.000     8.679    inst0/adder_inst_1/prod[29]_i_26_n_0
    SLICE_X47Y33                                                      r  inst0/adder_inst_1/prod_reg[29]_i_14/S[1]
    SLICE_X47Y33         CARRY4 (Prop_carry4_S[1]_O[3])
                                                      0.312     8.991 r  inst0/adder_inst_1/prod_reg[29]_i_14/O[3]
                         net (fo=2, routed)           0.553     9.544    inst0_n_8
    SLICE_X49Y34                                                      r  prod[29]_i_7/I1
    SLICE_X49Y34         LUT2 (Prop_lut2_I1_O)        0.120     9.664 r  prod[29]_i_7/O
                         net (fo=1, routed)           0.109     9.773    inst0/adder_inst_2/func_reg_reg[3]
    SLICE_X48Y34                                                      r  inst0/adder_inst_2/prod_reg[29]_i_5/DI[3]
    SLICE_X48Y34         CARRY4 (Prop_carry4_DI[3]_CO[3])
                                                      0.193     9.966 r  inst0/adder_inst_2/prod_reg[29]_i_5/CO[3]
                         net (fo=1, routed)           0.000     9.966    inst0/adder_inst_2/prod_reg[29]_i_5_n_0
    SLICE_X48Y35                                                      r  inst0/adder_inst_2/prod_reg[16]_i_17/CI
    SLICE_X48Y35         CARRY4 (Prop_carry4_CI_CO[3])
                                                      0.297    10.263 r  inst0/adder_inst_2/prod_reg[16]_i_17/CO[3]
                         net (fo=1, routed)           0.000    10.263    inst0/adder_inst_2/prod_reg[16]_i_17_n_0
    SLICE_X48Y36                                                      r  inst0/adder_inst_2/prod_reg[27]_i_5/CI
    SLICE_X48Y36         CARRY4 (Prop_carry4_CI_CO[3])
                                                      0.054    10.317 r  inst0/adder_inst_2/prod_reg[27]_i_5/CO[3]
                         net (fo=1, routed)           0.000    10.317    inst0/adder_inst_2/prod_reg[27]_i_5_n_0
    SLICE_X48Y37                                                      r  inst0/adder_inst_2/prod_reg[30]_i_12/CI
    SLICE_X48Y37         CARRY4 (Prop_carry4_CI_O[3])
                                                      0.151    10.468 r  inst0/adder_inst_2/prod_reg[30]_i_12/O[3]
                         net (fo=22, routed)          0.313    10.781    add_int_part_inst/0
    SLICE_X49Y38                                                      r  prod[16]_i_19/I0
    SLICE_X49Y38         LUT6 (Prop_lut6_I0_O)        0.120    10.901 r  prod[16]_i_19/O
                         net (fo=1, routed)           0.000    10.901    prod[16]_i_19_n_0
    SLICE_X49Y38                                                      r  prod_reg[16]_i_9/I1
    SLICE_X49Y38         MUXF7 (Prop_muxf7_I1_O)      0.108    11.009 r  prod_reg[16]_i_9/O
                         net (fo=28, routed)          0.489    11.498    log_int[2]
    SLICE_X50Y38                                                      r  prod[27]_i_4/I3
    SLICE_X50Y38         LUT6 (Prop_lut6_I3_O)        0.124    11.622 r  prod[27]_i_4/O
                         net (fo=4, routed)           0.476    12.098    prod[27]_i_4_n_0
    SLICE_X49Y34                                                      r  prod[11]_i_1/I4
    SLICE_X49Y34         LUT5 (Prop_lut5_I4_O)        0.043    12.141 r  prod[11]_i_1/O
                         net (fo=1, routed)           0.000    12.141    prod[11]_i_1_n_0
    SLICE_X49Y34         FDRE                                         r  prod_reg[11]/D
  -------------------------------------------------------------------    -------------------

                         (clock clock rise edge)      7.017     7.017 r  
    AU32                                              0.000     7.017 r  clk (IN)
                         net (fo=0)                   0.000     7.017    clk
    AU32                                                              r  clk_IBUF_inst/I
    AU32                 IBUF (Prop_ibuf_I_O)         0.535     7.552 r  clk_IBUF_inst/O
                         net (fo=1, routed)           2.510    10.062    clk_IBUF
    BUFGCTRL_X0Y0                                                     r  clk_IBUF_BUFG_inst/I
    BUFGCTRL_X0Y0        BUFG (Prop_bufg_I_O)         0.083    10.145 r  clk_IBUF_BUFG_inst/O
                         net (fo=65, routed)          1.731    11.876    clk_IBUF_BUFG
    SLICE_X49Y34         FDRE                                         r  prod_reg[11]/C
                         clock pessimism              0.342    12.219    
                         clock uncertainty           -0.035    12.183    
    SLICE_X49Y34         FDRE (Setup_fdre_C_D)        0.034    12.217    prod_reg[11]
  -------------------------------------------------------------------
                         required time                         12.217    
                         arrival time                         -12.141    
  -------------------------------------------------------------------
                         slack                                  0.076    

Slack (MET) :             0.084ns  (required time - arrival time)
  Source:                 b_reg_reg[0]/C
                            (rising edge-triggered cell FDRE clocked by clock  {rise@0.000ns fall@3.508ns period=7.017ns})
  Destination:            prod_reg[9]/D
                            (rising edge-triggered cell FDRE clocked by clock  {rise@0.000ns fall@3.508ns period=7.017ns})
  Path Group:             clock
  Path Type:              Setup (Max at Slow Process Corner)
  Requirement:            7.017ns  (clock rise@7.017ns - clock rise@0.000ns)
  Data Path Delay:        6.868ns  (logic 1.720ns (25.044%)  route 5.148ns (74.956%))
  Logic Levels:           14  (CARRY4=4 LUT2=2 LUT4=1 LUT5=2 LUT6=5)
  Clock Path Skew:        -0.064ns (DCD - SCD + CPR)
    Destination Clock Delay (DCD):    4.859ns = ( 11.876 - 7.017 ) 
    Source Clock Delay      (SCD):    5.266ns
    Clock Pessimism Removal (CPR):    0.342ns
  Clock Uncertainty:      0.035ns  ((TSJ^2 + TIJ^2)^1/2 + DJ) / 2 + PE
    Total System Jitter     (TSJ):    0.071ns
    Total Input Jitter      (TIJ):    0.000ns
    Discrete Jitter          (DJ):    0.000ns
    Phase Error              (PE):    0.000ns

    Location             Delay type                Incr(ns)  Path(ns)    Netlist Resource(s)
  -------------------------------------------------------------------    -------------------
                         (clock clock rise edge)      0.000     0.000 r  
    AU32                                              0.000     0.000 r  clk (IN)
                         net (fo=0)                   0.000     0.000    clk
    AU32                                                              r  clk_IBUF_inst/I
    AU32                 IBUF (Prop_ibuf_I_O)         0.642     0.642 r  clk_IBUF_inst/O
                         net (fo=1, routed)           2.644     3.286    clk_IBUF
    BUFGCTRL_X0Y0                                                     r  clk_IBUF_BUFG_inst/I
    BUFGCTRL_X0Y0        BUFG (Prop_bufg_I_O)         0.093     3.379 r  clk_IBUF_BUFG_inst/O
                         net (fo=65, routed)          1.887     5.266    clk_IBUF_BUFG
    SLICE_X45Y36         FDRE                                         r  b_reg_reg[0]/C
  -------------------------------------------------------------------    -------------------
    SLICE_X45Y36         FDRE (Prop_fdre_C_Q)         0.223     5.489 r  b_reg_reg[0]/Q
                         net (fo=9, routed)           0.726     6.214    inst0/adder_inst_2/b_reg_reg[15][0]
    SLICE_X44Y37                                                      r  inst0/adder_inst_2/g0_b0_i_23/I4
    SLICE_X44Y37         LUT6 (Prop_lut6_I4_O)        0.043     6.257 r  inst0/adder_inst_2/g0_b0_i_23/O
                         net (fo=3, routed)           0.233     6.491    inst0/adder_inst_2/lgN4.lod_detected__0
    SLICE_X45Y36                                                      r  inst0/adder_inst_2/prod[16]_i_7/I0
    SLICE_X45Y36         LUT2 (Prop_lut2_I0_O)        0.043     6.534 r  inst0/adder_inst_2/prod[16]_i_7/O
                         net (fo=24, routed)          0.480     7.014    inst0/adder_inst_2/prod_reg[16]_6
    SLICE_X47Y37                                                      r  inst0/adder_inst_2/g0_b0_i_13/I4
    SLICE_X47Y37         LUT6 (Prop_lut6_I4_O)        0.043     7.057 r  inst0/adder_inst_2/g0_b0_i_13/O
                         net (fo=2, routed)           0.535     7.591    inst0/adder_inst_2/g0_b0_i_13_n_0
    SLICE_X44Y34                                                      r  inst0/adder_inst_2/g0_b0_i_3/I3
    SLICE_X44Y34         LUT6 (Prop_lut6_I3_O)        0.043     7.634 r  inst0/adder_inst_2/g0_b0_i_3/O
                         net (fo=26, routed)          0.691     8.325    inst0/adder_inst_2/sel[2]
    SLICE_X45Y32                                                      r  inst0/adder_inst_2/g0_b1__0/I2
    SLICE_X45Y32         LUT6 (Prop_lut6_I2_O)        0.043     8.368 r  inst0/adder_inst_2/g0_b1__0/O
                         net (fo=1, routed)           0.267     8.636    inst0/adder_inst_1/out[1]
    SLICE_X47Y33                                                      r  inst0/adder_inst_1/prod[29]_i_26/I2
    SLICE_X47Y33         LUT4 (Prop_lut4_I2_O)        0.043     8.679 r  inst0/adder_inst_1/prod[29]_i_26/O
                         net (fo=1, routed)           0.000     8.679    inst0/adder_inst_1/prod[29]_i_26_n_0
    SLICE_X47Y33                                                      r  inst0/adder_inst_1/prod_reg[29]_i_14/S[1]
    SLICE_X47Y33         CARRY4 (Prop_carry4_S[1]_O[3])
                                                      0.312     8.991 r  inst0/adder_inst_1/prod_reg[29]_i_14/O[3]
                         net (fo=2, routed)           0.553     9.544    inst0_n_8
    SLICE_X49Y34                                                      r  prod[29]_i_7/I1
    SLICE_X49Y34         LUT2 (Prop_lut2_I1_O)        0.120     9.664 r  prod[29]_i_7/O
                         net (fo=1, routed)           0.109     9.773    inst0/adder_inst_2/func_reg_reg[3]
    SLICE_X48Y34                                                      r  inst0/adder_inst_2/prod_reg[29]_i_5/DI[3]
    SLICE_X48Y34         CARRY4 (Prop_carry4_DI[3]_CO[3])
                                                      0.193     9.966 r  inst0/adder_inst_2/prod_reg[29]_i_5/CO[3]
                         net (fo=1, routed)           0.000     9.966    inst0/adder_inst_2/prod_reg[29]_i_5_n_0
    SLICE_X48Y35                                                      r  inst0/adder_inst_2/prod_reg[16]_i_17/CI
    SLICE_X48Y35         CARRY4 (Prop_carry4_CI_CO[3])
                                                      0.297    10.263 r  inst0/adder_inst_2/prod_reg[16]_i_17/CO[3]
                         net (fo=1, routed)           0.000    10.263    inst0/adder_inst_2/prod_reg[16]_i_17_n_0
    SLICE_X48Y36                                                      r  inst0/adder_inst_2/prod_reg[27]_i_5/CI
    SLICE_X48Y36         CARRY4 (Prop_carry4_CI_O[0])
                                                      0.108    10.371 r  inst0/adder_inst_2/prod_reg[27]_i_5/O[0]
                         net (fo=2, routed)           0.550    10.920    inst0_n_32
    SLICE_X51Y39                                                      r  prod[31]_i_7/I4
    SLICE_X51Y39         LUT5 (Prop_lut5_I4_O)        0.123    11.043 r  prod[31]_i_7/O
                         net (fo=4, routed)           0.538    11.581    prod[31]_i_7_n_0
    SLICE_X51Y38                                                      r  prod[25]_i_2/I5
    SLICE_X51Y38         LUT6 (Prop_lut6_I5_O)        0.043    11.624 r  prod[25]_i_2/O
                         net (fo=4, routed)           0.466    12.090    prod[25]_i_2_n_0
    SLICE_X51Y34                                                      r  prod[9]_i_1/I1
    SLICE_X51Y34         LUT5 (Prop_lut5_I1_O)        0.043    12.133 r  prod[9]_i_1/O
                         net (fo=1, routed)           0.000    12.133    prod[9]_i_1_n_0
    SLICE_X51Y34         FDRE                                         r  prod_reg[9]/D
  -------------------------------------------------------------------    -------------------

                         (clock clock rise edge)      7.017     7.017 r  
    AU32                                              0.000     7.017 r  clk (IN)
                         net (fo=0)                   0.000     7.017    clk
    AU32                                                              r  clk_IBUF_inst/I
    AU32                 IBUF (Prop_ibuf_I_O)         0.535     7.552 r  clk_IBUF_inst/O
                         net (fo=1, routed)           2.510    10.062    clk_IBUF
    BUFGCTRL_X0Y0                                                     r  clk_IBUF_BUFG_inst/I
    BUFGCTRL_X0Y0        BUFG (Prop_bufg_I_O)         0.083    10.145 r  clk_IBUF_BUFG_inst/O
                         net (fo=65, routed)          1.731    11.876    clk_IBUF_BUFG
    SLICE_X51Y34         FDRE                                         r  prod_reg[9]/C
                         clock pessimism              0.342    12.219    
                         clock uncertainty           -0.035    12.183    
    SLICE_X51Y34         FDRE (Setup_fdre_C_D)        0.034    12.217    prod_reg[9]
  -------------------------------------------------------------------
                         required time                         12.217    
                         arrival time                         -12.133    
  -------------------------------------------------------------------
                         slack                                  0.084    

Slack (MET) :             0.096ns  (required time - arrival time)
  Source:                 b_reg_reg[0]/C
                            (rising edge-triggered cell FDRE clocked by clock  {rise@0.000ns fall@3.508ns period=7.017ns})
  Destination:            prod_reg[7]/D
                            (rising edge-triggered cell FDRE clocked by clock  {rise@0.000ns fall@3.508ns period=7.017ns})
  Path Group:             clock
  Path Type:              Setup (Max at Slow Process Corner)
  Requirement:            7.017ns  (clock rise@7.017ns - clock rise@0.000ns)
  Data Path Delay:        6.858ns  (logic 2.003ns (29.207%)  route 4.855ns (70.793%))
  Logic Levels:           16  (CARRY4=5 LUT2=2 LUT4=1 LUT5=1 LUT6=6 MUXF7=1)
  Clock Path Skew:        -0.062ns (DCD - SCD + CPR)
    Destination Clock Delay (DCD):    4.861ns = ( 11.878 - 7.017 ) 
    Source Clock Delay      (SCD):    5.266ns
    Clock Pessimism Removal (CPR):    0.342ns
  Clock Uncertainty:      0.035ns  ((TSJ^2 + TIJ^2)^1/2 + DJ) / 2 + PE
    Total System Jitter     (TSJ):    0.071ns
    Total Input Jitter      (TIJ):    0.000ns
    Discrete Jitter          (DJ):    0.000ns
    Phase Error              (PE):    0.000ns

    Location             Delay type                Incr(ns)  Path(ns)    Netlist Resource(s)
  -------------------------------------------------------------------    -------------------
                         (clock clock rise edge)      0.000     0.000 r  
    AU32                                              0.000     0.000 r  clk (IN)
                         net (fo=0)                   0.000     0.000    clk
    AU32                                                              r  clk_IBUF_inst/I
    AU32                 IBUF (Prop_ibuf_I_O)         0.642     0.642 r  clk_IBUF_inst/O
                         net (fo=1, routed)           2.644     3.286    clk_IBUF
    BUFGCTRL_X0Y0                                                     r  clk_IBUF_BUFG_inst/I
    BUFGCTRL_X0Y0        BUFG (Prop_bufg_I_O)         0.093     3.379 r  clk_IBUF_BUFG_inst/O
                         net (fo=65, routed)          1.887     5.266    clk_IBUF_BUFG
    SLICE_X45Y36         FDRE                                         r  b_reg_reg[0]/C
  -------------------------------------------------------------------    -------------------
    SLICE_X45Y36         FDRE (Prop_fdre_C_Q)         0.223     5.489 r  b_reg_reg[0]/Q
                         net (fo=9, routed)           0.726     6.214    inst0/adder_inst_2/b_reg_reg[15][0]
    SLICE_X44Y37                                                      r  inst0/adder_inst_2/g0_b0_i_23/I4
    SLICE_X44Y37         LUT6 (Prop_lut6_I4_O)        0.043     6.257 r  inst0/adder_inst_2/g0_b0_i_23/O
                         net (fo=3, routed)           0.233     6.491    inst0/adder_inst_2/lgN4.lod_detected__0
    SLICE_X45Y36                                                      r  inst0/adder_inst_2/prod[16]_i_7/I0
    SLICE_X45Y36         LUT2 (Prop_lut2_I0_O)        0.043     6.534 r  inst0/adder_inst_2/prod[16]_i_7/O
                         net (fo=24, routed)          0.480     7.014    inst0/adder_inst_2/prod_reg[16]_6
    SLICE_X47Y37                                                      r  inst0/adder_inst_2/g0_b0_i_13/I4
    SLICE_X47Y37         LUT6 (Prop_lut6_I4_O)        0.043     7.057 r  inst0/adder_inst_2/g0_b0_i_13/O
                         net (fo=2, routed)           0.535     7.591    inst0/adder_inst_2/g0_b0_i_13_n_0
    SLICE_X44Y34                                                      r  inst0/adder_inst_2/g0_b0_i_3/I3
    SLICE_X44Y34         LUT6 (Prop_lut6_I3_O)        0.043     7.634 r  inst0/adder_inst_2/g0_b0_i_3/O
                         net (fo=26, routed)          0.691     8.325    inst0/adder_inst_2/sel[2]
    SLICE_X45Y32                                                      r  inst0/adder_inst_2/g0_b1__0/I2
    SLICE_X45Y32         LUT6 (Prop_lut6_I2_O)        0.043     8.368 r  inst0/adder_inst_2/g0_b1__0/O
                         net (fo=1, routed)           0.267     8.636    inst0/adder_inst_1/out[1]
    SLICE_X47Y33                                                      r  inst0/adder_inst_1/prod[29]_i_26/I2
    SLICE_X47Y33         LUT4 (Prop_lut4_I2_O)        0.043     8.679 r  inst0/adder_inst_1/prod[29]_i_26/O
                         net (fo=1, routed)           0.000     8.679    inst0/adder_inst_1/prod[29]_i_26_n_0
    SLICE_X47Y33                                                      r  inst0/adder_inst_1/prod_reg[29]_i_14/S[1]
    SLICE_X47Y33         CARRY4 (Prop_carry4_S[1]_O[3])
                                                      0.312     8.991 r  inst0/adder_inst_1/prod_reg[29]_i_14/O[3]
                         net (fo=2, routed)           0.553     9.544    inst0_n_8
    SLICE_X49Y34                                                      r  prod[29]_i_7/I1
    SLICE_X49Y34         LUT2 (Prop_lut2_I1_O)        0.120     9.664 r  prod[29]_i_7/O
                         net (fo=1, routed)           0.109     9.773    inst0/adder_inst_2/func_reg_reg[3]
    SLICE_X48Y34                                                      r  inst0/adder_inst_2/prod_reg[29]_i_5/DI[3]
    SLICE_X48Y34         CARRY4 (Prop_carry4_DI[3]_CO[3])
                                                      0.193     9.966 r  inst0/adder_inst_2/prod_reg[29]_i_5/CO[3]
                         net (fo=1, routed)           0.000     9.966    inst0/adder_inst_2/prod_reg[29]_i_5_n_0
    SLICE_X48Y35                                                      r  inst0/adder_inst_2/prod_reg[16]_i_17/CI
    SLICE_X48Y35         CARRY4 (Prop_carry4_CI_CO[3])
                                                      0.297    10.263 r  inst0/adder_inst_2/prod_reg[16]_i_17/CO[3]
                         net (fo=1, routed)           0.000    10.263    inst0/adder_inst_2/prod_reg[16]_i_17_n_0
    SLICE_X48Y36                                                      r  inst0/adder_inst_2/prod_reg[27]_i_5/CI
    SLICE_X48Y36         CARRY4 (Prop_carry4_CI_CO[3])
                                                      0.054    10.317 r  inst0/adder_inst_2/prod_reg[27]_i_5/CO[3]
                         net (fo=1, routed)           0.000    10.317    inst0/adder_inst_2/prod_reg[27]_i_5_n_0
    SLICE_X48Y37                                                      r  inst0/adder_inst_2/prod_reg[30]_i_12/CI
    SLICE_X48Y37         CARRY4 (Prop_carry4_CI_O[3])
                                                      0.151    10.468 r  inst0/adder_inst_2/prod_reg[30]_i_12/O[3]
                         net (fo=22, routed)          0.313    10.781    add_int_part_inst/0
    SLICE_X49Y38                                                      r  prod[16]_i_19/I0
    SLICE_X49Y38         LUT6 (Prop_lut6_I0_O)        0.120    10.901 r  prod[16]_i_19/O
                         net (fo=1, routed)           0.000    10.901    prod[16]_i_19_n_0
    SLICE_X49Y38                                                      r  prod_reg[16]_i_9/I1
    SLICE_X49Y38         MUXF7 (Prop_muxf7_I1_O)      0.108    11.009 r  prod_reg[16]_i_9/O
                         net (fo=28, routed)          0.492    11.501    log_int[2]
    SLICE_X49Y37                                                      r  prod[31]_i_3/I2
    SLICE_X49Y37         LUT6 (Prop_lut6_I2_O)        0.124    11.625 r  prod[31]_i_3/O
                         net (fo=4, routed)           0.456    12.081    prod[31]_i_3_n_0
    SLICE_X51Y36                                                      r  prod[7]_i_1/I0
    SLICE_X51Y36         LUT5 (Prop_lut5_I0_O)        0.043    12.124 r  prod[7]_i_1/O
                         net (fo=1, routed)           0.000    12.124    prod[7]_i_1_n_0
    SLICE_X51Y36         FDRE                                         r  prod_reg[7]/D
  -------------------------------------------------------------------    -------------------

                         (clock clock rise edge)      7.017     7.017 r  
    AU32                                              0.000     7.017 r  clk (IN)
                         net (fo=0)                   0.000     7.017    clk
    AU32                                                              r  clk_IBUF_inst/I
    AU32                 IBUF (Prop_ibuf_I_O)         0.535     7.552 r  clk_IBUF_inst/O
                         net (fo=1, routed)           2.510    10.062    clk_IBUF
    BUFGCTRL_X0Y0                                                     r  clk_IBUF_BUFG_inst/I
    BUFGCTRL_X0Y0        BUFG (Prop_bufg_I_O)         0.083    10.145 r  clk_IBUF_BUFG_inst/O
                         net (fo=65, routed)          1.733    11.878    clk_IBUF_BUFG
    SLICE_X51Y36         FDRE                                         r  prod_reg[7]/C
                         clock pessimism              0.342    12.221    
                         clock uncertainty           -0.035    12.185    
    SLICE_X51Y36         FDRE (Setup_fdre_C_D)        0.034    12.219    prod_reg[7]
  -------------------------------------------------------------------
                         required time                         12.219    
                         arrival time                         -12.124    
  -------------------------------------------------------------------
                         slack                                  0.096    

Slack (MET) :             0.104ns  (required time - arrival time)
  Source:                 b_reg_reg[0]/C
                            (rising edge-triggered cell FDRE clocked by clock  {rise@0.000ns fall@3.508ns period=7.017ns})
  Destination:            prod_reg[13]/D
                            (rising edge-triggered cell FDRE clocked by clock  {rise@0.000ns fall@3.508ns period=7.017ns})
  Path Group:             clock
  Path Type:              Setup (Max at Slow Process Corner)
  Requirement:            7.017ns  (clock rise@7.017ns - clock rise@0.000ns)
  Data Path Delay:        6.850ns  (logic 2.003ns (29.242%)  route 4.847ns (70.758%))
  Logic Levels:           16  (CARRY4=5 LUT2=2 LUT4=1 LUT5=1 LUT6=6 MUXF7=1)
  Clock Path Skew:        -0.062ns (DCD - SCD + CPR)
    Destination Clock Delay (DCD):    4.861ns = ( 11.878 - 7.017 ) 
    Source Clock Delay      (SCD):    5.266ns
    Clock Pessimism Removal (CPR):    0.342ns
  Clock Uncertainty:      0.035ns  ((TSJ^2 + TIJ^2)^1/2 + DJ) / 2 + PE
    Total System Jitter     (TSJ):    0.071ns
    Total Input Jitter      (TIJ):    0.000ns
    Discrete Jitter          (DJ):    0.000ns
    Phase Error              (PE):    0.000ns

    Location             Delay type                Incr(ns)  Path(ns)    Netlist Resource(s)
  -------------------------------------------------------------------    -------------------
                         (clock clock rise edge)      0.000     0.000 r  
    AU32                                              0.000     0.000 r  clk (IN)
                         net (fo=0)                   0.000     0.000    clk
    AU32                                                              r  clk_IBUF_inst/I
    AU32                 IBUF (Prop_ibuf_I_O)         0.642     0.642 r  clk_IBUF_inst/O
                         net (fo=1, routed)           2.644     3.286    clk_IBUF
    BUFGCTRL_X0Y0                                                     r  clk_IBUF_BUFG_inst/I
    BUFGCTRL_X0Y0        BUFG (Prop_bufg_I_O)         0.093     3.379 r  clk_IBUF_BUFG_inst/O
                         net (fo=65, routed)          1.887     5.266    clk_IBUF_BUFG
    SLICE_X45Y36         FDRE                                         r  b_reg_reg[0]/C
  -------------------------------------------------------------------    -------------------
    SLICE_X45Y36         FDRE (Prop_fdre_C_Q)         0.223     5.489 r  b_reg_reg[0]/Q
                         net (fo=9, routed)           0.726     6.214    inst0/adder_inst_2/b_reg_reg[15][0]
    SLICE_X44Y37                                                      r  inst0/adder_inst_2/g0_b0_i_23/I4
    SLICE_X44Y37         LUT6 (Prop_lut6_I4_O)        0.043     6.257 r  inst0/adder_inst_2/g0_b0_i_23/O
                         net (fo=3, routed)           0.233     6.491    inst0/adder_inst_2/lgN4.lod_detected__0
    SLICE_X45Y36                                                      r  inst0/adder_inst_2/prod[16]_i_7/I0
    SLICE_X45Y36         LUT2 (Prop_lut2_I0_O)        0.043     6.534 r  inst0/adder_inst_2/prod[16]_i_7/O
                         net (fo=24, routed)          0.480     7.014    inst0/adder_inst_2/prod_reg[16]_6
    SLICE_X47Y37                                                      r  inst0/adder_inst_2/g0_b0_i_13/I4
    SLICE_X47Y37         LUT6 (Prop_lut6_I4_O)        0.043     7.057 r  inst0/adder_inst_2/g0_b0_i_13/O
                         net (fo=2, routed)           0.535     7.591    inst0/adder_inst_2/g0_b0_i_13_n_0
    SLICE_X44Y34                                                      r  inst0/adder_inst_2/g0_b0_i_3/I3
    SLICE_X44Y34         LUT6 (Prop_lut6_I3_O)        0.043     7.634 r  inst0/adder_inst_2/g0_b0_i_3/O
                         net (fo=26, routed)          0.691     8.325    inst0/adder_inst_2/sel[2]
    SLICE_X45Y32                                                      r  inst0/adder_inst_2/g0_b1__0/I2
    SLICE_X45Y32         LUT6 (Prop_lut6_I2_O)        0.043     8.368 r  inst0/adder_inst_2/g0_b1__0/O
                         net (fo=1, routed)           0.267     8.636    inst0/adder_inst_1/out[1]
    SLICE_X47Y33                                                      r  inst0/adder_inst_1/prod[29]_i_26/I2
    SLICE_X47Y33         LUT4 (Prop_lut4_I2_O)        0.043     8.679 r  inst0/adder_inst_1/prod[29]_i_26/O
                         net (fo=1, routed)           0.000     8.679    inst0/adder_inst_1/prod[29]_i_26_n_0
    SLICE_X47Y33                                                      r  inst0/adder_inst_1/prod_reg[29]_i_14/S[1]
    SLICE_X47Y33         CARRY4 (Prop_carry4_S[1]_O[3])
                                                      0.312     8.991 r  inst0/adder_inst_1/prod_reg[29]_i_14/O[3]
                         net (fo=2, routed)           0.553     9.544    inst0_n_8
    SLICE_X49Y34                                                      r  prod[29]_i_7/I1
    SLICE_X49Y34         LUT2 (Prop_lut2_I1_O)        0.120     9.664 r  prod[29]_i_7/O
                         net (fo=1, routed)           0.109     9.773    inst0/adder_inst_2/func_reg_reg[3]
    SLICE_X48Y34                                                      r  inst0/adder_inst_2/prod_reg[29]_i_5/DI[3]
    SLICE_X48Y34         CARRY4 (Prop_carry4_DI[3]_CO[3])
                                                      0.193     9.966 r  inst0/adder_inst_2/prod_reg[29]_i_5/CO[3]
                         net (fo=1, routed)           0.000     9.966    inst0/adder_inst_2/prod_reg[29]_i_5_n_0
    SLICE_X48Y35                                                      r  inst0/adder_inst_2/prod_reg[16]_i_17/CI
    SLICE_X48Y35         CARRY4 (Prop_carry4_CI_CO[3])
                                                      0.297    10.263 r  inst0/adder_inst_2/prod_reg[16]_i_17/CO[3]
                         net (fo=1, routed)           0.000    10.263    inst0/adder_inst_2/prod_reg[16]_i_17_n_0
    SLICE_X48Y36                                                      r  inst0/adder_inst_2/prod_reg[27]_i_5/CI
    SLICE_X48Y36         CARRY4 (Prop_carry4_CI_CO[3])
                                                      0.054    10.317 r  inst0/adder_inst_2/prod_reg[27]_i_5/CO[3]
                         net (fo=1, routed)           0.000    10.317    inst0/adder_inst_2/prod_reg[27]_i_5_n_0
    SLICE_X48Y37                                                      r  inst0/adder_inst_2/prod_reg[30]_i_12/CI
    SLICE_X48Y37         CARRY4 (Prop_carry4_CI_O[3])
                                                      0.151    10.468 r  inst0/adder_inst_2/prod_reg[30]_i_12/O[3]
                         net (fo=22, routed)          0.313    10.781    add_int_part_inst/0
    SLICE_X49Y38                                                      r  prod[16]_i_19/I0
    SLICE_X49Y38         LUT6 (Prop_lut6_I0_O)        0.120    10.901 r  prod[16]_i_19/O
                         net (fo=1, routed)           0.000    10.901    prod[16]_i_19_n_0
    SLICE_X49Y38                                                      r  prod_reg[16]_i_9/I1
    SLICE_X49Y38         MUXF7 (Prop_muxf7_I1_O)      0.108    11.009 r  prod_reg[16]_i_9/O
                         net (fo=28, routed)          0.495    11.504    log_int[2]
    SLICE_X49Y37                                                      r  prod[29]_i_2/I2
    SLICE_X49Y37         LUT6 (Prop_lut6_I2_O)        0.124    11.628 r  prod[29]_i_2/O
                         net (fo=4, routed)           0.444    12.072    prod[29]_i_2_n_0
    SLICE_X51Y36                                                      r  prod[13]_i_1/I1
    SLICE_X51Y36         LUT5 (Prop_lut5_I1_O)        0.043    12.115 r  prod[13]_i_1/O
                         net (fo=1, routed)           0.000    12.115    prod[13]_i_1_n_0
    SLICE_X51Y36         FDRE                                         r  prod_reg[13]/D
  -------------------------------------------------------------------    -------------------

                         (clock clock rise edge)      7.017     7.017 r  
    AU32                                              0.000     7.017 r  clk (IN)
                         net (fo=0)                   0.000     7.017    clk
    AU32                                                              r  clk_IBUF_inst/I
    AU32                 IBUF (Prop_ibuf_I_O)         0.535     7.552 r  clk_IBUF_inst/O
                         net (fo=1, routed)           2.510    10.062    clk_IBUF
    BUFGCTRL_X0Y0                                                     r  clk_IBUF_BUFG_inst/I
    BUFGCTRL_X0Y0        BUFG (Prop_bufg_I_O)         0.083    10.145 r  clk_IBUF_BUFG_inst/O
                         net (fo=65, routed)          1.733    11.878    clk_IBUF_BUFG
    SLICE_X51Y36         FDRE                                         r  prod_reg[13]/C
                         clock pessimism              0.342    12.221    
                         clock uncertainty           -0.035    12.185    
    SLICE_X51Y36         FDRE (Setup_fdre_C_D)        0.034    12.219    prod_reg[13]
  -------------------------------------------------------------------
                         required time                         12.219    
                         arrival time                         -12.115    
  -------------------------------------------------------------------
                         slack                                  0.104    

Slack (MET) :             0.104ns  (required time - arrival time)
  Source:                 b_reg_reg[0]/C
                            (rising edge-triggered cell FDRE clocked by clock  {rise@0.000ns fall@3.508ns period=7.017ns})
  Destination:            prod_reg[15]/D
                            (rising edge-triggered cell FDRE clocked by clock  {rise@0.000ns fall@3.508ns period=7.017ns})
  Path Group:             clock
  Path Type:              Setup (Max at Slow Process Corner)
  Requirement:            7.017ns  (clock rise@7.017ns - clock rise@0.000ns)
  Data Path Delay:        6.849ns  (logic 2.003ns (29.244%)  route 4.846ns (70.756%))
  Logic Levels:           16  (CARRY4=5 LUT2=2 LUT4=1 LUT5=1 LUT6=6 MUXF7=1)
  Clock Path Skew:        -0.062ns (DCD - SCD + CPR)
    Destination Clock Delay (DCD):    4.861ns = ( 11.878 - 7.017 ) 
    Source Clock Delay      (SCD):    5.266ns
    Clock Pessimism Removal (CPR):    0.342ns
  Clock Uncertainty:      0.035ns  ((TSJ^2 + TIJ^2)^1/2 + DJ) / 2 + PE
    Total System Jitter     (TSJ):    0.071ns
    Total Input Jitter      (TIJ):    0.000ns
    Discrete Jitter          (DJ):    0.000ns
    Phase Error              (PE):    0.000ns

    Location             Delay type                Incr(ns)  Path(ns)    Netlist Resource(s)
  -------------------------------------------------------------------    -------------------
                         (clock clock rise edge)      0.000     0.000 r  
    AU32                                              0.000     0.000 r  clk (IN)
                         net (fo=0)                   0.000     0.000    clk
    AU32                                                              r  clk_IBUF_inst/I
    AU32                 IBUF (Prop_ibuf_I_O)         0.642     0.642 r  clk_IBUF_inst/O
                         net (fo=1, routed)           2.644     3.286    clk_IBUF
    BUFGCTRL_X0Y0                                                     r  clk_IBUF_BUFG_inst/I
    BUFGCTRL_X0Y0        BUFG (Prop_bufg_I_O)         0.093     3.379 r  clk_IBUF_BUFG_inst/O
                         net (fo=65, routed)          1.887     5.266    clk_IBUF_BUFG
    SLICE_X45Y36         FDRE                                         r  b_reg_reg[0]/C
  -------------------------------------------------------------------    -------------------
    SLICE_X45Y36         FDRE (Prop_fdre_C_Q)         0.223     5.489 r  b_reg_reg[0]/Q
                         net (fo=9, routed)           0.726     6.214    inst0/adder_inst_2/b_reg_reg[15][0]
    SLICE_X44Y37                                                      r  inst0/adder_inst_2/g0_b0_i_23/I4
    SLICE_X44Y37         LUT6 (Prop_lut6_I4_O)        0.043     6.257 r  inst0/adder_inst_2/g0_b0_i_23/O
                         net (fo=3, routed)           0.233     6.491    inst0/adder_inst_2/lgN4.lod_detected__0
    SLICE_X45Y36                                                      r  inst0/adder_inst_2/prod[16]_i_7/I0
    SLICE_X45Y36         LUT2 (Prop_lut2_I0_O)        0.043     6.534 r  inst0/adder_inst_2/prod[16]_i_7/O
                         net (fo=24, routed)          0.480     7.014    inst0/adder_inst_2/prod_reg[16]_6
    SLICE_X47Y37                                                      r  inst0/adder_inst_2/g0_b0_i_13/I4
    SLICE_X47Y37         LUT6 (Prop_lut6_I4_O)        0.043     7.057 r  inst0/adder_inst_2/g0_b0_i_13/O
                         net (fo=2, routed)           0.535     7.591    inst0/adder_inst_2/g0_b0_i_13_n_0
    SLICE_X44Y34                                                      r  inst0/adder_inst_2/g0_b0_i_3/I3
    SLICE_X44Y34         LUT6 (Prop_lut6_I3_O)        0.043     7.634 r  inst0/adder_inst_2/g0_b0_i_3/O
                         net (fo=26, routed)          0.691     8.325    inst0/adder_inst_2/sel[2]
    SLICE_X45Y32                                                      r  inst0/adder_inst_2/g0_b1__0/I2
    SLICE_X45Y32         LUT6 (Prop_lut6_I2_O)        0.043     8.368 r  inst0/adder_inst_2/g0_b1__0/O
                         net (fo=1, routed)           0.267     8.636    inst0/adder_inst_1/out[1]
    SLICE_X47Y33                                                      r  inst0/adder_inst_1/prod[29]_i_26/I2
    SLICE_X47Y33         LUT4 (Prop_lut4_I2_O)        0.043     8.679 r  inst0/adder_inst_1/prod[29]_i_26/O
                         net (fo=1, routed)           0.000     8.679    inst0/adder_inst_1/prod[29]_i_26_n_0
    SLICE_X47Y33                                                      r  inst0/adder_inst_1/prod_reg[29]_i_14/S[1]
    SLICE_X47Y33         CARRY4 (Prop_carry4_S[1]_O[3])
                                                      0.312     8.991 r  inst0/adder_inst_1/prod_reg[29]_i_14/O[3]
                         net (fo=2, routed)           0.553     9.544    inst0_n_8
    SLICE_X49Y34                                                      r  prod[29]_i_7/I1
    SLICE_X49Y34         LUT2 (Prop_lut2_I1_O)        0.120     9.664 r  prod[29]_i_7/O
                         net (fo=1, routed)           0.109     9.773    inst0/adder_inst_2/func_reg_reg[3]
    SLICE_X48Y34                                                      r  inst0/adder_inst_2/prod_reg[29]_i_5/DI[3]
    SLICE_X48Y34         CARRY4 (Prop_carry4_DI[3]_CO[3])
                                                      0.193     9.966 r  inst0/adder_inst_2/prod_reg[29]_i_5/CO[3]
                         net (fo=1, routed)           0.000     9.966    inst0/adder_inst_2/prod_reg[29]_i_5_n_0
    SLICE_X48Y35                                                      r  inst0/adder_inst_2/prod_reg[16]_i_17/CI
    SLICE_X48Y35         CARRY4 (Prop_carry4_CI_CO[3])
                                                      0.297    10.263 r  inst0/adder_inst_2/prod_reg[16]_i_17/CO[3]
                         net (fo=1, routed)           0.000    10.263    inst0/adder_inst_2/prod_reg[16]_i_17_n_0
    SLICE_X48Y36                                                      r  inst0/adder_inst_2/prod_reg[27]_i_5/CI
    SLICE_X48Y36         CARRY4 (Prop_carry4_CI_CO[3])
                                                      0.054    10.317 r  inst0/adder_inst_2/prod_reg[27]_i_5/CO[3]
                         net (fo=1, routed)           0.000    10.317    inst0/adder_inst_2/prod_reg[27]_i_5_n_0
    SLICE_X48Y37                                                      r  inst0/adder_inst_2/prod_reg[30]_i_12/CI
    SLICE_X48Y37         CARRY4 (Prop_carry4_CI_O[3])
                                                      0.151    10.468 r  inst0/adder_inst_2/prod_reg[30]_i_12/O[3]
                         net (fo=22, routed)          0.313    10.781    add_int_part_inst/0
    SLICE_X49Y38                                                      r  prod[16]_i_19/I0
    SLICE_X49Y38         LUT6 (Prop_lut6_I0_O)        0.120    10.901 r  prod[16]_i_19/O
                         net (fo=1, routed)           0.000    10.901    prod[16]_i_19_n_0
    SLICE_X49Y38                                                      r  prod_reg[16]_i_9/I1
    SLICE_X49Y38         MUXF7 (Prop_muxf7_I1_O)      0.108    11.009 r  prod_reg[16]_i_9/O
                         net (fo=28, routed)          0.492    11.501    log_int[2]
    SLICE_X49Y37                                                      r  prod[31]_i_3/I2
    SLICE_X49Y37         LUT6 (Prop_lut6_I2_O)        0.124    11.625 r  prod[31]_i_3/O
                         net (fo=4, routed)           0.447    12.072    prod[31]_i_3_n_0
    SLICE_X49Y36                                                      r  prod[15]_i_1/I0
    SLICE_X49Y36         LUT5 (Prop_lut5_I0_O)        0.043    12.115 r  prod[15]_i_1/O
                         net (fo=1, routed)           0.000    12.115    prod[15]_i_1_n_0
    SLICE_X49Y36         FDRE                                         r  prod_reg[15]/D
  -------------------------------------------------------------------    -------------------

                         (clock clock rise edge)      7.017     7.017 r  
    AU32                                              0.000     7.017 r  clk (IN)
                         net (fo=0)                   0.000     7.017    clk
    AU32                                                              r  clk_IBUF_inst/I
    AU32                 IBUF (Prop_ibuf_I_O)         0.535     7.552 r  clk_IBUF_inst/O
                         net (fo=1, routed)           2.510    10.062    clk_IBUF
    BUFGCTRL_X0Y0                                                     r  clk_IBUF_BUFG_inst/I
    BUFGCTRL_X0Y0        BUFG (Prop_bufg_I_O)         0.083    10.145 r  clk_IBUF_BUFG_inst/O
                         net (fo=65, routed)          1.733    11.878    clk_IBUF_BUFG
    SLICE_X49Y36         FDRE                                         r  prod_reg[15]/C
                         clock pessimism              0.342    12.221    
                         clock uncertainty           -0.035    12.185    
    SLICE_X49Y36         FDRE (Setup_fdre_C_D)        0.034    12.219    prod_reg[15]
  -------------------------------------------------------------------
                         required time                         12.219    
                         arrival time                         -12.115    
  -------------------------------------------------------------------
                         slack                                  0.104    

Slack (MET) :             0.110ns  (required time - arrival time)
  Source:                 b_reg_reg[0]/C
                            (rising edge-triggered cell FDRE clocked by clock  {rise@0.000ns fall@3.508ns period=7.017ns})
  Destination:            prod_reg[10]/D
                            (rising edge-triggered cell FDRE clocked by clock  {rise@0.000ns fall@3.508ns period=7.017ns})
  Path Group:             clock
  Path Type:              Setup (Max at Slow Process Corner)
  Requirement:            7.017ns  (clock rise@7.017ns - clock rise@0.000ns)
  Data Path Delay:        6.844ns  (logic 1.814ns (26.505%)  route 5.030ns (73.495%))
  Logic Levels:           15  (CARRY4=5 LUT2=2 LUT4=1 LUT5=1 LUT6=6)
  Clock Path Skew:        -0.062ns (DCD - SCD + CPR)
    Destination Clock Delay (DCD):    4.861ns = ( 11.878 - 7.017 ) 
    Source Clock Delay      (SCD):    5.266ns
    Clock Pessimism Removal (CPR):    0.342ns
  Clock Uncertainty:      0.035ns  ((TSJ^2 + TIJ^2)^1/2 + DJ) / 2 + PE
    Total System Jitter     (TSJ):    0.071ns
    Total Input Jitter      (TIJ):    0.000ns
    Discrete Jitter          (DJ):    0.000ns
    Phase Error              (PE):    0.000ns

    Location             Delay type                Incr(ns)  Path(ns)    Netlist Resource(s)
  -------------------------------------------------------------------    -------------------
                         (clock clock rise edge)      0.000     0.000 r  
    AU32                                              0.000     0.000 r  clk (IN)
                         net (fo=0)                   0.000     0.000    clk
    AU32                                                              r  clk_IBUF_inst/I
    AU32                 IBUF (Prop_ibuf_I_O)         0.642     0.642 r  clk_IBUF_inst/O
                         net (fo=1, routed)           2.644     3.286    clk_IBUF
    BUFGCTRL_X0Y0                                                     r  clk_IBUF_BUFG_inst/I
    BUFGCTRL_X0Y0        BUFG (Prop_bufg_I_O)         0.093     3.379 r  clk_IBUF_BUFG_inst/O
                         net (fo=65, routed)          1.887     5.266    clk_IBUF_BUFG
    SLICE_X45Y36         FDRE                                         r  b_reg_reg[0]/C
  -------------------------------------------------------------------    -------------------
    SLICE_X45Y36         FDRE (Prop_fdre_C_Q)         0.223     5.489 r  b_reg_reg[0]/Q
                         net (fo=9, routed)           0.726     6.214    inst0/adder_inst_2/b_reg_reg[15][0]
    SLICE_X44Y37                                                      r  inst0/adder_inst_2/g0_b0_i_23/I4
    SLICE_X44Y37         LUT6 (Prop_lut6_I4_O)        0.043     6.257 r  inst0/adder_inst_2/g0_b0_i_23/O
                         net (fo=3, routed)           0.233     6.491    inst0/adder_inst_2/lgN4.lod_detected__0
    SLICE_X45Y36                                                      r  inst0/adder_inst_2/prod[16]_i_7/I0
    SLICE_X45Y36         LUT2 (Prop_lut2_I0_O)        0.043     6.534 r  inst0/adder_inst_2/prod[16]_i_7/O
                         net (fo=24, routed)          0.480     7.014    inst0/adder_inst_2/prod_reg[16]_6
    SLICE_X47Y37                                                      r  inst0/adder_inst_2/g0_b0_i_13/I4
    SLICE_X47Y37         LUT6 (Prop_lut6_I4_O)        0.043     7.057 r  inst0/adder_inst_2/g0_b0_i_13/O
                         net (fo=2, routed)           0.535     7.591    inst0/adder_inst_2/g0_b0_i_13_n_0
    SLICE_X44Y34                                                      r  inst0/adder_inst_2/g0_b0_i_3/I3
    SLICE_X44Y34         LUT6 (Prop_lut6_I3_O)        0.043     7.634 r  inst0/adder_inst_2/g0_b0_i_3/O
                         net (fo=26, routed)          0.691     8.325    inst0/adder_inst_2/sel[2]
    SLICE_X45Y32                                                      r  inst0/adder_inst_2/g0_b1__0/I2
    SLICE_X45Y32         LUT6 (Prop_lut6_I2_O)        0.043     8.368 r  inst0/adder_inst_2/g0_b1__0/O
                         net (fo=1, routed)           0.267     8.636    inst0/adder_inst_1/out[1]
    SLICE_X47Y33                                                      r  inst0/adder_inst_1/prod[29]_i_26/I2
    SLICE_X47Y33         LUT4 (Prop_lut4_I2_O)        0.043     8.679 r  inst0/adder_inst_1/prod[29]_i_26/O
                         net (fo=1, routed)           0.000     8.679    inst0/adder_inst_1/prod[29]_i_26_n_0
    SLICE_X47Y33                                                      r  inst0/adder_inst_1/prod_reg[29]_i_14/S[1]
    SLICE_X47Y33         CARRY4 (Prop_carry4_S[1]_O[3])
                                                      0.312     8.991 r  inst0/adder_inst_1/prod_reg[29]_i_14/O[3]
                         net (fo=2, routed)           0.553     9.544    inst0_n_8
    SLICE_X49Y34                                                      r  prod[29]_i_7/I1
    SLICE_X49Y34         LUT2 (Prop_lut2_I1_O)        0.120     9.664 r  prod[29]_i_7/O
                         net (fo=1, routed)           0.109     9.773    inst0/adder_inst_2/func_reg_reg[3]
    SLICE_X48Y34                                                      r  inst0/adder_inst_2/prod_reg[29]_i_5/DI[3]
    SLICE_X48Y34         CARRY4 (Prop_carry4_DI[3]_CO[3])
                                                      0.193     9.966 r  inst0/adder_inst_2/prod_reg[29]_i_5/CO[3]
                         net (fo=1, routed)           0.000     9.966    inst0/adder_inst_2/prod_reg[29]_i_5_n_0
    SLICE_X48Y35                                                      r  inst0/adder_inst_2/prod_reg[16]_i_17/CI
    SLICE_X48Y35         CARRY4 (Prop_carry4_CI_CO[3])
                                                      0.297    10.263 r  inst0/adder_inst_2/prod_reg[16]_i_17/CO[3]
                         net (fo=1, routed)           0.000    10.263    inst0/adder_inst_2/prod_reg[16]_i_17_n_0
    SLICE_X48Y36                                                      r  inst0/adder_inst_2/prod_reg[27]_i_5/CI
    SLICE_X48Y36         CARRY4 (Prop_carry4_CI_CO[3])
                                                      0.054    10.317 r  inst0/adder_inst_2/prod_reg[27]_i_5/CO[3]
                         net (fo=1, routed)           0.000    10.317    inst0/adder_inst_2/prod_reg[27]_i_5_n_0
    SLICE_X48Y37                                                      r  inst0/adder_inst_2/prod_reg[30]_i_12/CI
    SLICE_X48Y37         CARRY4 (Prop_carry4_CI_O[3])
                                                      0.151    10.468 r  inst0/adder_inst_2/prod_reg[30]_i_12/O[3]
                         net (fo=22, routed)          0.328    10.795    add_int_part_inst/0
    SLICE_X48Y38                                                      r  prod[31]_i_10/I3
    SLICE_X48Y38         LUT6 (Prop_lut6_I3_O)        0.120    10.915 r  prod[31]_i_10/O
                         net (fo=26, routed)          0.671    11.586    log_int[1]
    SLICE_X51Y36                                                      r  prod[26]_i_2/I4
    SLICE_X51Y36         LUT6 (Prop_lut6_I4_O)        0.043    11.629 r  prod[26]_i_2/O
                         net (fo=4, routed)           0.437    12.067    prod[26]_i_2_n_0
    SLICE_X49Y36                                                      r  prod[10]_i_1/I1
    SLICE_X49Y36         LUT5 (Prop_lut5_I1_O)        0.043    12.110 r  prod[10]_i_1/O
                         net (fo=1, routed)           0.000    12.110    prod[10]_i_1_n_0
    SLICE_X49Y36         FDRE                                         r  prod_reg[10]/D
  -------------------------------------------------------------------    -------------------

                         (clock clock rise edge)      7.017     7.017 r  
    AU32                                              0.000     7.017 r  clk (IN)
                         net (fo=0)                   0.000     7.017    clk
    AU32                                                              r  clk_IBUF_inst/I
    AU32                 IBUF (Prop_ibuf_I_O)         0.535     7.552 r  clk_IBUF_inst/O
                         net (fo=1, routed)           2.510    10.062    clk_IBUF
    BUFGCTRL_X0Y0                                                     r  clk_IBUF_BUFG_inst/I
    BUFGCTRL_X0Y0        BUFG (Prop_bufg_I_O)         0.083    10.145 r  clk_IBUF_BUFG_inst/O
                         net (fo=65, routed)          1.733    11.878    clk_IBUF_BUFG
    SLICE_X49Y36         FDRE                                         r  prod_reg[10]/C
                         clock pessimism              0.342    12.221    
                         clock uncertainty           -0.035    12.185    
    SLICE_X49Y36         FDRE (Setup_fdre_C_D)        0.034    12.219    prod_reg[10]
  -------------------------------------------------------------------
                         required time                         12.219    
                         arrival time                         -12.110    
  -------------------------------------------------------------------
                         slack                                  0.110    

Slack (MET) :             0.116ns  (required time - arrival time)
  Source:                 b_reg_reg[0]/C
                            (rising edge-triggered cell FDRE clocked by clock  {rise@0.000ns fall@3.508ns period=7.017ns})
  Destination:            prod_reg[25]/D
                            (rising edge-triggered cell FDRE clocked by clock  {rise@0.000ns fall@3.508ns period=7.017ns})
  Path Group:             clock
  Path Type:              Setup (Max at Slow Process Corner)
  Requirement:            7.017ns  (clock rise@7.017ns - clock rise@0.000ns)
  Data Path Delay:        6.838ns  (logic 1.720ns (25.153%)  route 5.118ns (74.847%))
  Logic Levels:           14  (CARRY4=4 LUT2=2 LUT4=1 LUT5=1 LUT6=6)
  Clock Path Skew:        -0.061ns (DCD - SCD + CPR)
    Destination Clock Delay (DCD):    4.862ns = ( 11.879 - 7.017 ) 
    Source Clock Delay      (SCD):    5.266ns
    Clock Pessimism Removal (CPR):    0.342ns
  Clock Uncertainty:      0.035ns  ((TSJ^2 + TIJ^2)^1/2 + DJ) / 2 + PE
    Total System Jitter     (TSJ):    0.071ns
    Total Input Jitter      (TIJ):    0.000ns
    Discrete Jitter          (DJ):    0.000ns
    Phase Error              (PE):    0.000ns

    Location             Delay type                Incr(ns)  Path(ns)    Netlist Resource(s)
  -------------------------------------------------------------------    -------------------
                         (clock clock rise edge)      0.000     0.000 r  
    AU32                                              0.000     0.000 r  clk (IN)
                         net (fo=0)                   0.000     0.000    clk
    AU32                                                              r  clk_IBUF_inst/I
    AU32                 IBUF (Prop_ibuf_I_O)         0.642     0.642 r  clk_IBUF_inst/O
                         net (fo=1, routed)           2.644     3.286    clk_IBUF
    BUFGCTRL_X0Y0                                                     r  clk_IBUF_BUFG_inst/I
    BUFGCTRL_X0Y0        BUFG (Prop_bufg_I_O)         0.093     3.379 r  clk_IBUF_BUFG_inst/O
                         net (fo=65, routed)          1.887     5.266    clk_IBUF_BUFG
    SLICE_X45Y36         FDRE                                         r  b_reg_reg[0]/C
  -------------------------------------------------------------------    -------------------
    SLICE_X45Y36         FDRE (Prop_fdre_C_Q)         0.223     5.489 r  b_reg_reg[0]/Q
                         net (fo=9, routed)           0.726     6.214    inst0/adder_inst_2/b_reg_reg[15][0]
    SLICE_X44Y37                                                      r  inst0/adder_inst_2/g0_b0_i_23/I4
    SLICE_X44Y37         LUT6 (Prop_lut6_I4_O)        0.043     6.257 r  inst0/adder_inst_2/g0_b0_i_23/O
                         net (fo=3, routed)           0.233     6.491    inst0/adder_inst_2/lgN4.lod_detected__0
    SLICE_X45Y36                                                      r  inst0/adder_inst_2/prod[16]_i_7/I0
    SLICE_X45Y36         LUT2 (Prop_lut2_I0_O)        0.043     6.534 r  inst0/adder_inst_2/prod[16]_i_7/O
                         net (fo=24, routed)          0.480     7.014    inst0/adder_inst_2/prod_reg[16]_6
    SLICE_X47Y37                                                      r  inst0/adder_inst_2/g0_b0_i_13/I4
    SLICE_X47Y37         LUT6 (Prop_lut6_I4_O)        0.043     7.057 r  inst0/adder_inst_2/g0_b0_i_13/O
                         net (fo=2, routed)           0.535     7.591    inst0/adder_inst_2/g0_b0_i_13_n_0
    SLICE_X44Y34                                                      r  inst0/adder_inst_2/g0_b0_i_3/I3
    SLICE_X44Y34         LUT6 (Prop_lut6_I3_O)        0.043     7.634 r  inst0/adder_inst_2/g0_b0_i_3/O
                         net (fo=26, routed)          0.691     8.325    inst0/adder_inst_2/sel[2]
    SLICE_X45Y32                                                      r  inst0/adder_inst_2/g0_b1__0/I2
    SLICE_X45Y32         LUT6 (Prop_lut6_I2_O)        0.043     8.368 r  inst0/adder_inst_2/g0_b1__0/O
                         net (fo=1, routed)           0.267     8.636    inst0/adder_inst_1/out[1]
    SLICE_X47Y33                                                      r  inst0/adder_inst_1/prod[29]_i_26/I2
    SLICE_X47Y33         LUT4 (Prop_lut4_I2_O)        0.043     8.679 r  inst0/adder_inst_1/prod[29]_i_26/O
                         net (fo=1, routed)           0.000     8.679    inst0/adder_inst_1/prod[29]_i_26_n_0
    SLICE_X47Y33                                                      r  inst0/adder_inst_1/prod_reg[29]_i_14/S[1]
    SLICE_X47Y33         CARRY4 (Prop_carry4_S[1]_O[3])
                                                      0.312     8.991 r  inst0/adder_inst_1/prod_reg[29]_i_14/O[3]
                         net (fo=2, routed)           0.553     9.544    inst0_n_8
    SLICE_X49Y34                                                      r  prod[29]_i_7/I1
    SLICE_X49Y34         LUT2 (Prop_lut2_I1_O)        0.120     9.664 r  prod[29]_i_7/O
                         net (fo=1, routed)           0.109     9.773    inst0/adder_inst_2/func_reg_reg[3]
    SLICE_X48Y34                                                      r  inst0/adder_inst_2/prod_reg[29]_i_5/DI[3]
    SLICE_X48Y34         CARRY4 (Prop_carry4_DI[3]_CO[3])
                                                      0.193     9.966 r  inst0/adder_inst_2/prod_reg[29]_i_5/CO[3]
                         net (fo=1, routed)           0.000     9.966    inst0/adder_inst_2/prod_reg[29]_i_5_n_0
    SLICE_X48Y35                                                      r  inst0/adder_inst_2/prod_reg[16]_i_17/CI
    SLICE_X48Y35         CARRY4 (Prop_carry4_CI_CO[3])
                                                      0.297    10.263 r  inst0/adder_inst_2/prod_reg[16]_i_17/CO[3]
                         net (fo=1, routed)           0.000    10.263    inst0/adder_inst_2/prod_reg[16]_i_17_n_0
    SLICE_X48Y36                                                      r  inst0/adder_inst_2/prod_reg[27]_i_5/CI
    SLICE_X48Y36         CARRY4 (Prop_carry4_CI_O[0])
                                                      0.108    10.371 r  inst0/adder_inst_2/prod_reg[27]_i_5/O[0]
                         net (fo=2, routed)           0.550    10.920    inst0_n_32
    SLICE_X51Y39                                                      r  prod[31]_i_7/I4
    SLICE_X51Y39         LUT5 (Prop_lut5_I4_O)        0.123    11.043 r  prod[31]_i_7/O
                         net (fo=4, routed)           0.538    11.581    prod[31]_i_7_n_0
    SLICE_X51Y38                                                      r  prod[25]_i_2/I5
    SLICE_X51Y38         LUT6 (Prop_lut6_I5_O)        0.043    11.624 r  prod[25]_i_2/O
                         net (fo=4, routed)           0.436    12.061    prod[25]_i_2_n_0
    SLICE_X51Y39                                                      r  prod[25]_i_1/I0
    SLICE_X51Y39         LUT6 (Prop_lut6_I0_O)        0.043    12.104 r  prod[25]_i_1/O
                         net (fo=1, routed)           0.000    12.104    prod_reg__0[25]
    SLICE_X51Y39         FDRE                                         r  prod_reg[25]/D
  -------------------------------------------------------------------    -------------------

                         (clock clock rise edge)      7.017     7.017 r  
    AU32                                              0.000     7.017 r  clk (IN)
                         net (fo=0)                   0.000     7.017    clk
    AU32                                                              r  clk_IBUF_inst/I
    AU32                 IBUF (Prop_ibuf_I_O)         0.535     7.552 r  clk_IBUF_inst/O
                         net (fo=1, routed)           2.510    10.062    clk_IBUF
    BUFGCTRL_X0Y0                                                     r  clk_IBUF_BUFG_inst/I
    BUFGCTRL_X0Y0        BUFG (Prop_bufg_I_O)         0.083    10.145 r  clk_IBUF_BUFG_inst/O
                         net (fo=65, routed)          1.734    11.879    clk_IBUF_BUFG
    SLICE_X51Y39         FDRE                                         r  prod_reg[25]/C
                         clock pessimism              0.342    12.222    
                         clock uncertainty           -0.035    12.186    
    SLICE_X51Y39         FDRE (Setup_fdre_C_D)        0.033    12.219    prod_reg[25]
  -------------------------------------------------------------------
                         required time                         12.219    
                         arrival time                         -12.104    
  -------------------------------------------------------------------
                         slack                                  0.116    

Slack (MET) :             0.117ns  (required time - arrival time)
  Source:                 b_reg_reg[0]/C
                            (rising edge-triggered cell FDRE clocked by clock  {rise@0.000ns fall@3.508ns period=7.017ns})
  Destination:            prod_reg[21]/D
                            (rising edge-triggered cell FDRE clocked by clock  {rise@0.000ns fall@3.508ns period=7.017ns})
  Path Group:             clock
  Path Type:              Setup (Max at Slow Process Corner)
  Requirement:            7.017ns  (clock rise@7.017ns - clock rise@0.000ns)
  Data Path Delay:        6.837ns  (logic 2.003ns (29.296%)  route 4.834ns (70.704%))
  Logic Levels:           16  (CARRY4=5 LUT2=2 LUT4=1 LUT6=7 MUXF7=1)
  Clock Path Skew:        -0.062ns (DCD - SCD + CPR)
    Destination Clock Delay (DCD):    4.861ns = ( 11.878 - 7.017 ) 
    Source Clock Delay      (SCD):    5.266ns
    Clock Pessimism Removal (CPR):    0.342ns
  Clock Uncertainty:      0.035ns  ((TSJ^2 + TIJ^2)^1/2 + DJ) / 2 + PE
    Total System Jitter     (TSJ):    0.071ns
    Total Input Jitter      (TIJ):    0.000ns
    Discrete Jitter          (DJ):    0.000ns
    Phase Error              (PE):    0.000ns

    Location             Delay type                Incr(ns)  Path(ns)    Netlist Resource(s)
  -------------------------------------------------------------------    -------------------
                         (clock clock rise edge)      0.000     0.000 r  
    AU32                                              0.000     0.000 r  clk (IN)
                         net (fo=0)                   0.000     0.000    clk
    AU32                                                              r  clk_IBUF_inst/I
    AU32                 IBUF (Prop_ibuf_I_O)         0.642     0.642 r  clk_IBUF_inst/O
                         net (fo=1, routed)           2.644     3.286    clk_IBUF
    BUFGCTRL_X0Y0                                                     r  clk_IBUF_BUFG_inst/I
    BUFGCTRL_X0Y0        BUFG (Prop_bufg_I_O)         0.093     3.379 r  clk_IBUF_BUFG_inst/O
                         net (fo=65, routed)          1.887     5.266    clk_IBUF_BUFG
    SLICE_X45Y36         FDRE                                         r  b_reg_reg[0]/C
  -------------------------------------------------------------------    -------------------
    SLICE_X45Y36         FDRE (Prop_fdre_C_Q)         0.223     5.489 r  b_reg_reg[0]/Q
                         net (fo=9, routed)           0.726     6.214    inst0/adder_inst_2/b_reg_reg[15][0]
    SLICE_X44Y37                                                      r  inst0/adder_inst_2/g0_b0_i_23/I4
    SLICE_X44Y37         LUT6 (Prop_lut6_I4_O)        0.043     6.257 r  inst0/adder_inst_2/g0_b0_i_23/O
                         net (fo=3, routed)           0.233     6.491    inst0/adder_inst_2/lgN4.lod_detected__0
    SLICE_X45Y36                                                      r  inst0/adder_inst_2/prod[16]_i_7/I0
    SLICE_X45Y36         LUT2 (Prop_lut2_I0_O)        0.043     6.534 r  inst0/adder_inst_2/prod[16]_i_7/O
                         net (fo=24, routed)          0.480     7.014    inst0/adder_inst_2/prod_reg[16]_6
    SLICE_X47Y37                                                      r  inst0/adder_inst_2/g0_b0_i_13/I4
    SLICE_X47Y37         LUT6 (Prop_lut6_I4_O)        0.043     7.057 r  inst0/adder_inst_2/g0_b0_i_13/O
                         net (fo=2, routed)           0.535     7.591    inst0/adder_inst_2/g0_b0_i_13_n_0
    SLICE_X44Y34                                                      r  inst0/adder_inst_2/g0_b0_i_3/I3
    SLICE_X44Y34         LUT6 (Prop_lut6_I3_O)        0.043     7.634 r  inst0/adder_inst_2/g0_b0_i_3/O
                         net (fo=26, routed)          0.691     8.325    inst0/adder_inst_2/sel[2]
    SLICE_X45Y32                                                      r  inst0/adder_inst_2/g0_b1__0/I2
    SLICE_X45Y32         LUT6 (Prop_lut6_I2_O)        0.043     8.368 r  inst0/adder_inst_2/g0_b1__0/O
                         net (fo=1, routed)           0.267     8.636    inst0/adder_inst_1/out[1]
    SLICE_X47Y33                                                      r  inst0/adder_inst_1/prod[29]_i_26/I2
    SLICE_X47Y33         LUT4 (Prop_lut4_I2_O)        0.043     8.679 r  inst0/adder_inst_1/prod[29]_i_26/O
                         net (fo=1, routed)           0.000     8.679    inst0/adder_inst_1/prod[29]_i_26_n_0
    SLICE_X47Y33                                                      r  inst0/adder_inst_1/prod_reg[29]_i_14/S[1]
    SLICE_X47Y33         CARRY4 (Prop_carry4_S[1]_O[3])
                                                      0.312     8.991 r  inst0/adder_inst_1/prod_reg[29]_i_14/O[3]
                         net (fo=2, routed)           0.553     9.544    inst0_n_8
    SLICE_X49Y34                                                      r  prod[29]_i_7/I1
    SLICE_X49Y34         LUT2 (Prop_lut2_I1_O)        0.120     9.664 r  prod[29]_i_7/O
                         net (fo=1, routed)           0.109     9.773    inst0/adder_inst_2/func_reg_reg[3]
    SLICE_X48Y34                                                      r  inst0/adder_inst_2/prod_reg[29]_i_5/DI[3]
    SLICE_X48Y34         CARRY4 (Prop_carry4_DI[3]_CO[3])
                                                      0.193     9.966 r  inst0/adder_inst_2/prod_reg[29]_i_5/CO[3]
                         net (fo=1, routed)           0.000     9.966    inst0/adder_inst_2/prod_reg[29]_i_5_n_0
    SLICE_X48Y35                                                      r  inst0/adder_inst_2/prod_reg[16]_i_17/CI
    SLICE_X48Y35         CARRY4 (Prop_carry4_CI_CO[3])
                                                      0.297    10.263 r  inst0/adder_inst_2/prod_reg[16]_i_17/CO[3]
                         net (fo=1, routed)           0.000    10.263    inst0/adder_inst_2/prod_reg[16]_i_17_n_0
    SLICE_X48Y36                                                      r  inst0/adder_inst_2/prod_reg[27]_i_5/CI
    SLICE_X48Y36         CARRY4 (Prop_carry4_CI_CO[3])
                                                      0.054    10.317 r  inst0/adder_inst_2/prod_reg[27]_i_5/CO[3]
                         net (fo=1, routed)           0.000    10.317    inst0/adder_inst_2/prod_reg[27]_i_5_n_0
    SLICE_X48Y37                                                      r  inst0/adder_inst_2/prod_reg[30]_i_12/CI
    SLICE_X48Y37         CARRY4 (Prop_carry4_CI_O[3])
                                                      0.151    10.468 r  inst0/adder_inst_2/prod_reg[30]_i_12/O[3]
                         net (fo=22, routed)          0.313    10.781    add_int_part_inst/0
    SLICE_X49Y38                                                      r  prod[16]_i_19/I0
    SLICE_X49Y38         LUT6 (Prop_lut6_I0_O)        0.120    10.901 r  prod[16]_i_19/O
                         net (fo=1, routed)           0.000    10.901    prod[16]_i_19_n_0
    SLICE_X49Y38                                                      r  prod_reg[16]_i_9/I1
    SLICE_X49Y38         MUXF7 (Prop_muxf7_I1_O)      0.108    11.009 r  prod_reg[16]_i_9/O
                         net (fo=28, routed)          0.495    11.504    log_int[2]
    SLICE_X49Y37                                                      r  prod[29]_i_2/I2
    SLICE_X49Y37         LUT6 (Prop_lut6_I2_O)        0.124    11.628 r  prod[29]_i_2/O
                         net (fo=4, routed)           0.432    12.060    prod[29]_i_2_n_0
    SLICE_X51Y38                                                      r  prod[21]_i_1/I5
    SLICE_X51Y38         LUT6 (Prop_lut6_I5_O)        0.043    12.103 r  prod[21]_i_1/O
                         net (fo=1, routed)           0.000    12.103    prod_reg__0[21]
    SLICE_X51Y38         FDRE                                         r  prod_reg[21]/D
  -------------------------------------------------------------------    -------------------

                         (clock clock rise edge)      7.017     7.017 r  
    AU32                                              0.000     7.017 r  clk (IN)
                         net (fo=0)                   0.000     7.017    clk
    AU32                                                              r  clk_IBUF_inst/I
    AU32                 IBUF (Prop_ibuf_I_O)         0.535     7.552 r  clk_IBUF_inst/O
                         net (fo=1, routed)           2.510    10.062    clk_IBUF
    BUFGCTRL_X0Y0                                                     r  clk_IBUF_BUFG_inst/I
    BUFGCTRL_X0Y0        BUFG (Prop_bufg_I_O)         0.083    10.145 r  clk_IBUF_BUFG_inst/O
                         net (fo=65, routed)          1.733    11.878    clk_IBUF_BUFG
    SLICE_X51Y38         FDRE                                         r  prod_reg[21]/C
                         clock pessimism              0.342    12.221    
                         clock uncertainty           -0.035    12.185    
    SLICE_X51Y38         FDRE (Setup_fdre_C_D)        0.034    12.219    prod_reg[21]
  -------------------------------------------------------------------
                         required time                         12.219    
                         arrival time                         -12.103    
  -------------------------------------------------------------------
                         slack                                  0.117    

Slack (MET) :             0.120ns  (required time - arrival time)
  Source:                 b_reg_reg[0]/C
                            (rising edge-triggered cell FDRE clocked by clock  {rise@0.000ns fall@3.508ns period=7.017ns})
  Destination:            prod_reg[5]/D
                            (rising edge-triggered cell FDRE clocked by clock  {rise@0.000ns fall@3.508ns period=7.017ns})
  Path Group:             clock
  Path Type:              Setup (Max at Slow Process Corner)
  Requirement:            7.017ns  (clock rise@7.017ns - clock rise@0.000ns)
  Data Path Delay:        6.858ns  (logic 2.011ns (29.324%)  route 4.847ns (70.676%))
  Logic Levels:           16  (CARRY4=5 LUT2=2 LUT4=1 LUT5=1 LUT6=6 MUXF7=1)
  Clock Path Skew:        -0.062ns (DCD - SCD + CPR)
    Destination Clock Delay (DCD):    4.861ns = ( 11.878 - 7.017 ) 
    Source Clock Delay      (SCD):    5.266ns
    Clock Pessimism Removal (CPR):    0.342ns
  Clock Uncertainty:      0.035ns  ((TSJ^2 + TIJ^2)^1/2 + DJ) / 2 + PE
    Total System Jitter     (TSJ):    0.071ns
    Total Input Jitter      (TIJ):    0.000ns
    Discrete Jitter          (DJ):    0.000ns
    Phase Error              (PE):    0.000ns

    Location             Delay type                Incr(ns)  Path(ns)    Netlist Resource(s)
  -------------------------------------------------------------------    -------------------
                         (clock clock rise edge)      0.000     0.000 r  
    AU32                                              0.000     0.000 r  clk (IN)
                         net (fo=0)                   0.000     0.000    clk
    AU32                                                              r  clk_IBUF_inst/I
    AU32                 IBUF (Prop_ibuf_I_O)         0.642     0.642 r  clk_IBUF_inst/O
                         net (fo=1, routed)           2.644     3.286    clk_IBUF
    BUFGCTRL_X0Y0                                                     r  clk_IBUF_BUFG_inst/I
    BUFGCTRL_X0Y0        BUFG (Prop_bufg_I_O)         0.093     3.379 r  clk_IBUF_BUFG_inst/O
                         net (fo=65, routed)          1.887     5.266    clk_IBUF_BUFG
    SLICE_X45Y36         FDRE                                         r  b_reg_reg[0]/C
  -------------------------------------------------------------------    -------------------
    SLICE_X45Y36         FDRE (Prop_fdre_C_Q)         0.223     5.489 r  b_reg_reg[0]/Q
                         net (fo=9, routed)           0.726     6.214    inst0/adder_inst_2/b_reg_reg[15][0]
    SLICE_X44Y37                                                      r  inst0/adder_inst_2/g0_b0_i_23/I4
    SLICE_X44Y37         LUT6 (Prop_lut6_I4_O)        0.043     6.257 r  inst0/adder_inst_2/g0_b0_i_23/O
                         net (fo=3, routed)           0.233     6.491    inst0/adder_inst_2/lgN4.lod_detected__0
    SLICE_X45Y36                                                      r  inst0/adder_inst_2/prod[16]_i_7/I0
    SLICE_X45Y36         LUT2 (Prop_lut2_I0_O)        0.043     6.534 r  inst0/adder_inst_2/prod[16]_i_7/O
                         net (fo=24, routed)          0.480     7.014    inst0/adder_inst_2/prod_reg[16]_6
    SLICE_X47Y37                                                      r  inst0/adder_inst_2/g0_b0_i_13/I4
    SLICE_X47Y37         LUT6 (Prop_lut6_I4_O)        0.043     7.057 r  inst0/adder_inst_2/g0_b0_i_13/O
                         net (fo=2, routed)           0.535     7.591    inst0/adder_inst_2/g0_b0_i_13_n_0
    SLICE_X44Y34                                                      r  inst0/adder_inst_2/g0_b0_i_3/I3
    SLICE_X44Y34         LUT6 (Prop_lut6_I3_O)        0.043     7.634 r  inst0/adder_inst_2/g0_b0_i_3/O
                         net (fo=26, routed)          0.691     8.325    inst0/adder_inst_2/sel[2]
    SLICE_X45Y32                                                      r  inst0/adder_inst_2/g0_b1__0/I2
    SLICE_X45Y32         LUT6 (Prop_lut6_I2_O)        0.043     8.368 r  inst0/adder_inst_2/g0_b1__0/O
                         net (fo=1, routed)           0.267     8.636    inst0/adder_inst_1/out[1]
    SLICE_X47Y33                                                      r  inst0/adder_inst_1/prod[29]_i_26/I2
    SLICE_X47Y33         LUT4 (Prop_lut4_I2_O)        0.043     8.679 r  inst0/adder_inst_1/prod[29]_i_26/O
                         net (fo=1, routed)           0.000     8.679    inst0/adder_inst_1/prod[29]_i_26_n_0
    SLICE_X47Y33                                                      r  inst0/adder_inst_1/prod_reg[29]_i_14/S[1]
    SLICE_X47Y33         CARRY4 (Prop_carry4_S[1]_O[3])
                                                      0.312     8.991 r  inst0/adder_inst_1/prod_reg[29]_i_14/O[3]
                         net (fo=2, routed)           0.553     9.544    inst0_n_8
    SLICE_X49Y34                                                      r  prod[29]_i_7/I1
    SLICE_X49Y34         LUT2 (Prop_lut2_I1_O)        0.120     9.664 r  prod[29]_i_7/O
                         net (fo=1, routed)           0.109     9.773    inst0/adder_inst_2/func_reg_reg[3]
    SLICE_X48Y34                                                      r  inst0/adder_inst_2/prod_reg[29]_i_5/DI[3]
    SLICE_X48Y34         CARRY4 (Prop_carry4_DI[3]_CO[3])
                                                      0.193     9.966 r  inst0/adder_inst_2/prod_reg[29]_i_5/CO[3]
                         net (fo=1, routed)           0.000     9.966    inst0/adder_inst_2/prod_reg[29]_i_5_n_0
    SLICE_X48Y35                                                      r  inst0/adder_inst_2/prod_reg[16]_i_17/CI
    SLICE_X48Y35         CARRY4 (Prop_carry4_CI_CO[3])
                                                      0.297    10.263 r  inst0/adder_inst_2/prod_reg[16]_i_17/CO[3]
                         net (fo=1, routed)           0.000    10.263    inst0/adder_inst_2/prod_reg[16]_i_17_n_0
    SLICE_X48Y36                                                      r  inst0/adder_inst_2/prod_reg[27]_i_5/CI
    SLICE_X48Y36         CARRY4 (Prop_carry4_CI_CO[3])
                                                      0.054    10.317 r  inst0/adder_inst_2/prod_reg[27]_i_5/CO[3]
                         net (fo=1, routed)           0.000    10.317    inst0/adder_inst_2/prod_reg[27]_i_5_n_0
    SLICE_X48Y37                                                      r  inst0/adder_inst_2/prod_reg[30]_i_12/CI
    SLICE_X48Y37         CARRY4 (Prop_carry4_CI_O[3])
                                                      0.151    10.468 r  inst0/adder_inst_2/prod_reg[30]_i_12/O[3]
                         net (fo=22, routed)          0.313    10.781    add_int_part_inst/0
    SLICE_X49Y38                                                      r  prod[16]_i_19/I0
    SLICE_X49Y38         LUT6 (Prop_lut6_I0_O)        0.120    10.901 r  prod[16]_i_19/O
                         net (fo=1, routed)           0.000    10.901    prod[16]_i_19_n_0
    SLICE_X49Y38                                                      r  prod_reg[16]_i_9/I1
    SLICE_X49Y38         MUXF7 (Prop_muxf7_I1_O)      0.108    11.009 r  prod_reg[16]_i_9/O
                         net (fo=28, routed)          0.495    11.504    log_int[2]
    SLICE_X49Y37                                                      r  prod[29]_i_2/I2
    SLICE_X49Y37         LUT6 (Prop_lut6_I2_O)        0.124    11.628 r  prod[29]_i_2/O
                         net (fo=4, routed)           0.444    12.072    prod[29]_i_2_n_0
    SLICE_X51Y36                                                      r  prod[5]_i_1/I2
    SLICE_X51Y36         LUT5 (Prop_lut5_I2_O)        0.051    12.123 r  prod[5]_i_1/O
                         net (fo=1, routed)           0.000    12.123    prod[5]_i_1_n_0
    SLICE_X51Y36         FDRE                                         r  prod_reg[5]/D
  -------------------------------------------------------------------    -------------------

                         (clock clock rise edge)      7.017     7.017 r  
    AU32                                              0.000     7.017 r  clk (IN)
                         net (fo=0)                   0.000     7.017    clk
    AU32                                                              r  clk_IBUF_inst/I
    AU32                 IBUF (Prop_ibuf_I_O)         0.535     7.552 r  clk_IBUF_inst/O
                         net (fo=1, routed)           2.510    10.062    clk_IBUF
    BUFGCTRL_X0Y0                                                     r  clk_IBUF_BUFG_inst/I
    BUFGCTRL_X0Y0        BUFG (Prop_bufg_I_O)         0.083    10.145 r  clk_IBUF_BUFG_inst/O
                         net (fo=65, routed)          1.733    11.878    clk_IBUF_BUFG
    SLICE_X51Y36         FDRE                                         r  prod_reg[5]/C
                         clock pessimism              0.342    12.221    
                         clock uncertainty           -0.035    12.185    
    SLICE_X51Y36         FDRE (Setup_fdre_C_D)        0.058    12.243    prod_reg[5]
  -------------------------------------------------------------------
                         required time                         12.243    
                         arrival time                         -12.123    
  -------------------------------------------------------------------
                         slack                                  0.120    

Slack (MET) :             0.128ns  (required time - arrival time)
  Source:                 b_reg_reg[0]/C
                            (rising edge-triggered cell FDRE clocked by clock  {rise@0.000ns fall@3.508ns period=7.017ns})
  Destination:            prod_reg[1]/D
                            (rising edge-triggered cell FDRE clocked by clock  {rise@0.000ns fall@3.508ns period=7.017ns})
  Path Group:             clock
  Path Type:              Setup (Max at Slow Process Corner)
  Requirement:            7.017ns  (clock rise@7.017ns - clock rise@0.000ns)
  Data Path Delay:        6.825ns  (logic 1.720ns (25.202%)  route 5.105ns (74.798%))
  Logic Levels:           14  (CARRY4=4 LUT2=2 LUT4=1 LUT5=2 LUT6=5)
  Clock Path Skew:        -0.062ns (DCD - SCD + CPR)
    Destination Clock Delay (DCD):    4.861ns = ( 11.878 - 7.017 ) 
    Source Clock Delay      (SCD):    5.266ns
    Clock Pessimism Removal (CPR):    0.342ns
  Clock Uncertainty:      0.035ns  ((TSJ^2 + TIJ^2)^1/2 + DJ) / 2 + PE
    Total System Jitter     (TSJ):    0.071ns
    Total Input Jitter      (TIJ):    0.000ns
    Discrete Jitter          (DJ):    0.000ns
    Phase Error              (PE):    0.000ns

    Location             Delay type                Incr(ns)  Path(ns)    Netlist Resource(s)
  -------------------------------------------------------------------    -------------------
                         (clock clock rise edge)      0.000     0.000 r  
    AU32                                              0.000     0.000 r  clk (IN)
                         net (fo=0)                   0.000     0.000    clk
    AU32                                                              r  clk_IBUF_inst/I
    AU32                 IBUF (Prop_ibuf_I_O)         0.642     0.642 r  clk_IBUF_inst/O
                         net (fo=1, routed)           2.644     3.286    clk_IBUF
    BUFGCTRL_X0Y0                                                     r  clk_IBUF_BUFG_inst/I
    BUFGCTRL_X0Y0        BUFG (Prop_bufg_I_O)         0.093     3.379 r  clk_IBUF_BUFG_inst/O
                         net (fo=65, routed)          1.887     5.266    clk_IBUF_BUFG
    SLICE_X45Y36         FDRE                                         r  b_reg_reg[0]/C
  -------------------------------------------------------------------    -------------------
    SLICE_X45Y36         FDRE (Prop_fdre_C_Q)         0.223     5.489 r  b_reg_reg[0]/Q
                         net (fo=9, routed)           0.726     6.214    inst0/adder_inst_2/b_reg_reg[15][0]
    SLICE_X44Y37                                                      r  inst0/adder_inst_2/g0_b0_i_23/I4
    SLICE_X44Y37         LUT6 (Prop_lut6_I4_O)        0.043     6.257 r  inst0/adder_inst_2/g0_b0_i_23/O
                         net (fo=3, routed)           0.233     6.491    inst0/adder_inst_2/lgN4.lod_detected__0
    SLICE_X45Y36                                                      r  inst0/adder_inst_2/prod[16]_i_7/I0
    SLICE_X45Y36         LUT2 (Prop_lut2_I0_O)        0.043     6.534 r  inst0/adder_inst_2/prod[16]_i_7/O
                         net (fo=24, routed)          0.480     7.014    inst0/adder_inst_2/prod_reg[16]_6
    SLICE_X47Y37                                                      r  inst0/adder_inst_2/g0_b0_i_13/I4
    SLICE_X47Y37         LUT6 (Prop_lut6_I4_O)        0.043     7.057 r  inst0/adder_inst_2/g0_b0_i_13/O
                         net (fo=2, routed)           0.535     7.591    inst0/adder_inst_2/g0_b0_i_13_n_0
    SLICE_X44Y34                                                      r  inst0/adder_inst_2/g0_b0_i_3/I3
    SLICE_X44Y34         LUT6 (Prop_lut6_I3_O)        0.043     7.634 r  inst0/adder_inst_2/g0_b0_i_3/O
                         net (fo=26, routed)          0.691     8.325    inst0/adder_inst_2/sel[2]
    SLICE_X45Y32                                                      r  inst0/adder_inst_2/g0_b1__0/I2
    SLICE_X45Y32         LUT6 (Prop_lut6_I2_O)        0.043     8.368 r  inst0/adder_inst_2/g0_b1__0/O
                         net (fo=1, routed)           0.267     8.636    inst0/adder_inst_1/out[1]
    SLICE_X47Y33                                                      r  inst0/adder_inst_1/prod[29]_i_26/I2
    SLICE_X47Y33         LUT4 (Prop_lut4_I2_O)        0.043     8.679 r  inst0/adder_inst_1/prod[29]_i_26/O
                         net (fo=1, routed)           0.000     8.679    inst0/adder_inst_1/prod[29]_i_26_n_0
    SLICE_X47Y33                                                      r  inst0/adder_inst_1/prod_reg[29]_i_14/S[1]
    SLICE_X47Y33         CARRY4 (Prop_carry4_S[1]_O[3])
                                                      0.312     8.991 r  inst0/adder_inst_1/prod_reg[29]_i_14/O[3]
                         net (fo=2, routed)           0.553     9.544    inst0_n_8
    SLICE_X49Y34                                                      r  prod[29]_i_7/I1
    SLICE_X49Y34         LUT2 (Prop_lut2_I1_O)        0.120     9.664 r  prod[29]_i_7/O
                         net (fo=1, routed)           0.109     9.773    inst0/adder_inst_2/func_reg_reg[3]
    SLICE_X48Y34                                                      r  inst0/adder_inst_2/prod_reg[29]_i_5/DI[3]
    SLICE_X48Y34         CARRY4 (Prop_carry4_DI[3]_CO[3])
                                                      0.193     9.966 r  inst0/adder_inst_2/prod_reg[29]_i_5/CO[3]
                         net (fo=1, routed)           0.000     9.966    inst0/adder_inst_2/prod_reg[29]_i_5_n_0
    SLICE_X48Y35                                                      r  inst0/adder_inst_2/prod_reg[16]_i_17/CI
    SLICE_X48Y35         CARRY4 (Prop_carry4_CI_CO[3])
                                                      0.297    10.263 r  inst0/adder_inst_2/prod_reg[16]_i_17/CO[3]
                         net (fo=1, routed)           0.000    10.263    inst0/adder_inst_2/prod_reg[16]_i_17_n_0
    SLICE_X48Y36                                                      r  inst0/adder_inst_2/prod_reg[27]_i_5/CI
    SLICE_X48Y36         CARRY4 (Prop_carry4_CI_O[0])
                                                      0.108    10.371 r  inst0/adder_inst_2/prod_reg[27]_i_5/O[0]
                         net (fo=2, routed)           0.550    10.920    inst0_n_32
    SLICE_X51Y39                                                      r  prod[31]_i_7/I4
    SLICE_X51Y39         LUT5 (Prop_lut5_I4_O)        0.123    11.043 r  prod[31]_i_7/O
                         net (fo=4, routed)           0.538    11.581    prod[31]_i_7_n_0
    SLICE_X51Y38                                                      r  prod[25]_i_2/I5
    SLICE_X51Y38         LUT6 (Prop_lut6_I5_O)        0.043    11.624 r  prod[25]_i_2/O
                         net (fo=4, routed)           0.423    12.047    prod[25]_i_2_n_0
    SLICE_X51Y36                                                      r  prod[1]_i_1/I2
    SLICE_X51Y36         LUT5 (Prop_lut5_I2_O)        0.043    12.090 r  prod[1]_i_1/O
                         net (fo=1, routed)           0.000    12.090    prod[1]_i_1_n_0
    SLICE_X51Y36         FDRE                                         r  prod_reg[1]/D
  -------------------------------------------------------------------    -------------------

                         (clock clock rise edge)      7.017     7.017 r  
    AU32                                              0.000     7.017 r  clk (IN)
                         net (fo=0)                   0.000     7.017    clk
    AU32                                                              r  clk_IBUF_inst/I
    AU32                 IBUF (Prop_ibuf_I_O)         0.535     7.552 r  clk_IBUF_inst/O
                         net (fo=1, routed)           2.510    10.062    clk_IBUF
    BUFGCTRL_X0Y0                                                     r  clk_IBUF_BUFG_inst/I
    BUFGCTRL_X0Y0        BUFG (Prop_bufg_I_O)         0.083    10.145 r  clk_IBUF_BUFG_inst/O
                         net (fo=65, routed)          1.733    11.878    clk_IBUF_BUFG
    SLICE_X51Y36         FDRE                                         r  prod_reg[1]/C
                         clock pessimism              0.342    12.221    
                         clock uncertainty           -0.035    12.185    
    SLICE_X51Y36         FDRE (Setup_fdre_C_D)        0.033    12.218    prod_reg[1]
  -------------------------------------------------------------------
                         required time                         12.218    
                         arrival time                         -12.090    
  -------------------------------------------------------------------
                         slack                                  0.128    

Slack (MET) :             0.132ns  (required time - arrival time)
  Source:                 b_reg_reg[0]/C
                            (rising edge-triggered cell FDRE clocked by clock  {rise@0.000ns fall@3.508ns period=7.017ns})
  Destination:            prod_reg[0]/R
                            (rising edge-triggered cell FDRE clocked by clock  {rise@0.000ns fall@3.508ns period=7.017ns})
  Path Group:             clock
  Path Type:              Setup (Max at Slow Process Corner)
  Requirement:            7.017ns  (clock rise@7.017ns - clock rise@0.000ns)
  Data Path Delay:        6.483ns  (logic 1.771ns (27.317%)  route 4.712ns (72.683%))
  Logic Levels:           14  (CARRY4=5 LUT2=2 LUT4=1 LUT5=1 LUT6=5)
  Clock Path Skew:        -0.063ns (DCD - SCD + CPR)
    Destination Clock Delay (DCD):    4.860ns = ( 11.877 - 7.017 ) 
    Source Clock Delay      (SCD):    5.266ns
    Clock Pessimism Removal (CPR):    0.342ns
  Clock Uncertainty:      0.035ns  ((TSJ^2 + TIJ^2)^1/2 + DJ) / 2 + PE
    Total System Jitter     (TSJ):    0.071ns
    Total Input Jitter      (TIJ):    0.000ns
    Discrete Jitter          (DJ):    0.000ns
    Phase Error              (PE):    0.000ns

    Location             Delay type                Incr(ns)  Path(ns)    Netlist Resource(s)
  -------------------------------------------------------------------    -------------------
                         (clock clock rise edge)      0.000     0.000 r  
    AU32                                              0.000     0.000 r  clk (IN)
                         net (fo=0)                   0.000     0.000    clk
    AU32                                                              r  clk_IBUF_inst/I
    AU32                 IBUF (Prop_ibuf_I_O)         0.642     0.642 r  clk_IBUF_inst/O
                         net (fo=1, routed)           2.644     3.286    clk_IBUF
    BUFGCTRL_X0Y0                                                     r  clk_IBUF_BUFG_inst/I
    BUFGCTRL_X0Y0        BUFG (Prop_bufg_I_O)         0.093     3.379 r  clk_IBUF_BUFG_inst/O
                         net (fo=65, routed)          1.887     5.266    clk_IBUF_BUFG
    SLICE_X45Y36         FDRE                                         r  b_reg_reg[0]/C
  -------------------------------------------------------------------    -------------------
    SLICE_X45Y36         FDRE (Prop_fdre_C_Q)         0.223     5.489 r  b_reg_reg[0]/Q
                         net (fo=9, routed)           0.726     6.214    inst0/adder_inst_2/b_reg_reg[15][0]
    SLICE_X44Y37                                                      r  inst0/adder_inst_2/g0_b0_i_23/I4
    SLICE_X44Y37         LUT6 (Prop_lut6_I4_O)        0.043     6.257 r  inst0/adder_inst_2/g0_b0_i_23/O
                         net (fo=3, routed)           0.233     6.491    inst0/adder_inst_2/lgN4.lod_detected__0
    SLICE_X45Y36                                                      r  inst0/adder_inst_2/prod[16]_i_7/I0
    SLICE_X45Y36         LUT2 (Prop_lut2_I0_O)        0.043     6.534 r  inst0/adder_inst_2/prod[16]_i_7/O
                         net (fo=24, routed)          0.480     7.014    inst0/adder_inst_2/prod_reg[16]_6
    SLICE_X47Y37                                                      r  inst0/adder_inst_2/g0_b0_i_13/I4
    SLICE_X47Y37         LUT6 (Prop_lut6_I4_O)        0.043     7.057 r  inst0/adder_inst_2/g0_b0_i_13/O
                         net (fo=2, routed)           0.535     7.591    inst0/adder_inst_2/g0_b0_i_13_n_0
    SLICE_X44Y34                                                      r  inst0/adder_inst_2/g0_b0_i_3/I3
    SLICE_X44Y34         LUT6 (Prop_lut6_I3_O)        0.043     7.634 r  inst0/adder_inst_2/g0_b0_i_3/O
                         net (fo=26, routed)          0.691     8.325    inst0/adder_inst_2/sel[2]
    SLICE_X45Y32                                                      r  inst0/adder_inst_2/g0_b1__0/I2
    SLICE_X45Y32         LUT6 (Prop_lut6_I2_O)        0.043     8.368 r  inst0/adder_inst_2/g0_b1__0/O
                         net (fo=1, routed)           0.267     8.636    inst0/adder_inst_1/out[1]
    SLICE_X47Y33                                                      r  inst0/adder_inst_1/prod[29]_i_26/I2
    SLICE_X47Y33         LUT4 (Prop_lut4_I2_O)        0.043     8.679 r  inst0/adder_inst_1/prod[29]_i_26/O
                         net (fo=1, routed)           0.000     8.679    inst0/adder_inst_1/prod[29]_i_26_n_0
    SLICE_X47Y33                                                      r  inst0/adder_inst_1/prod_reg[29]_i_14/S[1]
    SLICE_X47Y33         CARRY4 (Prop_carry4_S[1]_O[3])
                                                      0.312     8.991 r  inst0/adder_inst_1/prod_reg[29]_i_14/O[3]
                         net (fo=2, routed)           0.553     9.544    inst0_n_8
    SLICE_X49Y34                                                      r  prod[29]_i_7/I1
    SLICE_X49Y34         LUT2 (Prop_lut2_I1_O)        0.120     9.664 r  prod[29]_i_7/O
                         net (fo=1, routed)           0.109     9.773    inst0/adder_inst_2/func_reg_reg[3]
    SLICE_X48Y34                                                      r  inst0/adder_inst_2/prod_reg[29]_i_5/DI[3]
    SLICE_X48Y34         CARRY4 (Prop_carry4_DI[3]_CO[3])
                                                      0.193     9.966 r  inst0/adder_inst_2/prod_reg[29]_i_5/CO[3]
                         net (fo=1, routed)           0.000     9.966    inst0/adder_inst_2/prod_reg[29]_i_5_n_0
    SLICE_X48Y35                                                      r  inst0/adder_inst_2/prod_reg[16]_i_17/CI
    SLICE_X48Y35         CARRY4 (Prop_carry4_CI_CO[3])
                                                      0.297    10.263 r  inst0/adder_inst_2/prod_reg[16]_i_17/CO[3]
                         net (fo=1, routed)           0.000    10.263    inst0/adder_inst_2/prod_reg[16]_i_17_n_0
    SLICE_X48Y36                                                      r  inst0/adder_inst_2/prod_reg[27]_i_5/CI
    SLICE_X48Y36         CARRY4 (Prop_carry4_CI_CO[3])
                                                      0.054    10.317 r  inst0/adder_inst_2/prod_reg[27]_i_5/CO[3]
                         net (fo=1, routed)           0.000    10.317    inst0/adder_inst_2/prod_reg[27]_i_5_n_0
    SLICE_X48Y37                                                      r  inst0/adder_inst_2/prod_reg[30]_i_12/CI
    SLICE_X48Y37         CARRY4 (Prop_carry4_CI_O[3])
                                                      0.151    10.468 r  inst0/adder_inst_2/prod_reg[30]_i_12/O[3]
                         net (fo=22, routed)          0.317    10.784    add_int_part_inst/0
    SLICE_X51Y35                                                      r  prod[16]_i_5/I4
    SLICE_X51Y35         LUT5 (Prop_lut5_I4_O)        0.120    10.904 f  prod[16]_i_5/O
                         net (fo=3, routed)           0.263    11.168    prod[16]_i_5_n_0
    SLICE_X50Y34                                                      f  prod[16]_i_1/I3
    SLICE_X50Y34         LUT6 (Prop_lut6_I3_O)        0.043    11.211 r  prod[16]_i_1/O
                         net (fo=32, routed)          0.538    11.749    prod[16]_i_1_n_0
    SLICE_X49Y35         FDRE                                         r  prod_reg[0]/R
  -------------------------------------------------------------------    -------------------

                         (clock clock rise edge)      7.017     7.017 r  
    AU32                                              0.000     7.017 r  clk (IN)
                         net (fo=0)                   0.000     7.017    clk
    AU32                                                              r  clk_IBUF_inst/I
    AU32                 IBUF (Prop_ibuf_I_O)         0.535     7.552 r  clk_IBUF_inst/O
                         net (fo=1, routed)           2.510    10.062    clk_IBUF
    BUFGCTRL_X0Y0                                                     r  clk_IBUF_BUFG_inst/I
    BUFGCTRL_X0Y0        BUFG (Prop_bufg_I_O)         0.083    10.145 r  clk_IBUF_BUFG_inst/O
                         net (fo=65, routed)          1.732    11.877    clk_IBUF_BUFG
    SLICE_X49Y35         FDRE                                         r  prod_reg[0]/C
                         clock pessimism              0.342    12.220    
                         clock uncertainty           -0.035    12.184    
    SLICE_X49Y35         FDRE (Setup_fdre_C_R)       -0.304    11.880    prod_reg[0]
  -------------------------------------------------------------------
                         required time                         11.880    
                         arrival time                         -11.749    
  -------------------------------------------------------------------
                         slack                                  0.132    

Slack (MET) :             0.132ns  (required time - arrival time)
  Source:                 b_reg_reg[0]/C
                            (rising edge-triggered cell FDRE clocked by clock  {rise@0.000ns fall@3.508ns period=7.017ns})
  Destination:            prod_reg[16]/R
                            (rising edge-triggered cell FDRE clocked by clock  {rise@0.000ns fall@3.508ns period=7.017ns})
  Path Group:             clock
  Path Type:              Setup (Max at Slow Process Corner)
  Requirement:            7.017ns  (clock rise@7.017ns - clock rise@0.000ns)
  Data Path Delay:        6.483ns  (logic 1.771ns (27.317%)  route 4.712ns (72.683%))
  Logic Levels:           14  (CARRY4=5 LUT2=2 LUT4=1 LUT5=1 LUT6=5)
  Clock Path Skew:        -0.063ns (DCD - SCD + CPR)
    Destination Clock Delay (DCD):    4.860ns = ( 11.877 - 7.017 ) 
    Source Clock Delay      (SCD):    5.266ns
    Clock Pessimism Removal (CPR):    0.342ns
  Clock Uncertainty:      0.035ns  ((TSJ^2 + TIJ^2)^1/2 + DJ) / 2 + PE
    Total System Jitter     (TSJ):    0.071ns
    Total Input Jitter      (TIJ):    0.000ns
    Discrete Jitter          (DJ):    0.000ns
    Phase Error              (PE):    0.000ns

    Location             Delay type                Incr(ns)  Path(ns)    Netlist Resource(s)
  -------------------------------------------------------------------    -------------------
                         (clock clock rise edge)      0.000     0.000 r  
    AU32                                              0.000     0.000 r  clk (IN)
                         net (fo=0)                   0.000     0.000    clk
    AU32                                                              r  clk_IBUF_inst/I
    AU32                 IBUF (Prop_ibuf_I_O)         0.642     0.642 r  clk_IBUF_inst/O
                         net (fo=1, routed)           2.644     3.286    clk_IBUF
    BUFGCTRL_X0Y0                                                     r  clk_IBUF_BUFG_inst/I
    BUFGCTRL_X0Y0        BUFG (Prop_bufg_I_O)         0.093     3.379 r  clk_IBUF_BUFG_inst/O
                         net (fo=65, routed)          1.887     5.266    clk_IBUF_BUFG
    SLICE_X45Y36         FDRE                                         r  b_reg_reg[0]/C
  -------------------------------------------------------------------    -------------------
    SLICE_X45Y36         FDRE (Prop_fdre_C_Q)         0.223     5.489 r  b_reg_reg[0]/Q
                         net (fo=9, routed)           0.726     6.214    inst0/adder_inst_2/b_reg_reg[15][0]
    SLICE_X44Y37                                                      r  inst0/adder_inst_2/g0_b0_i_23/I4
    SLICE_X44Y37         LUT6 (Prop_lut6_I4_O)        0.043     6.257 r  inst0/adder_inst_2/g0_b0_i_23/O
                         net (fo=3, routed)           0.233     6.491    inst0/adder_inst_2/lgN4.lod_detected__0
    SLICE_X45Y36                                                      r  inst0/adder_inst_2/prod[16]_i_7/I0
    SLICE_X45Y36         LUT2 (Prop_lut2_I0_O)        0.043     6.534 r  inst0/adder_inst_2/prod[16]_i_7/O
                         net (fo=24, routed)          0.480     7.014    inst0/adder_inst_2/prod_reg[16]_6
    SLICE_X47Y37                                                      r  inst0/adder_inst_2/g0_b0_i_13/I4
    SLICE_X47Y37         LUT6 (Prop_lut6_I4_O)        0.043     7.057 r  inst0/adder_inst_2/g0_b0_i_13/O
                         net (fo=2, routed)           0.535     7.591    inst0/adder_inst_2/g0_b0_i_13_n_0
    SLICE_X44Y34                                                      r  inst0/adder_inst_2/g0_b0_i_3/I3
    SLICE_X44Y34         LUT6 (Prop_lut6_I3_O)        0.043     7.634 r  inst0/adder_inst_2/g0_b0_i_3/O
                         net (fo=26, routed)          0.691     8.325    inst0/adder_inst_2/sel[2]
    SLICE_X45Y32                                                      r  inst0/adder_inst_2/g0_b1__0/I2
    SLICE_X45Y32         LUT6 (Prop_lut6_I2_O)        0.043     8.368 r  inst0/adder_inst_2/g0_b1__0/O
                         net (fo=1, routed)           0.267     8.636    inst0/adder_inst_1/out[1]
    SLICE_X47Y33                                                      r  inst0/adder_inst_1/prod[29]_i_26/I2
    SLICE_X47Y33         LUT4 (Prop_lut4_I2_O)        0.043     8.679 r  inst0/adder_inst_1/prod[29]_i_26/O
                         net (fo=1, routed)           0.000     8.679    inst0/adder_inst_1/prod[29]_i_26_n_0
    SLICE_X47Y33                                                      r  inst0/adder_inst_1/prod_reg[29]_i_14/S[1]
    SLICE_X47Y33         CARRY4 (Prop_carry4_S[1]_O[3])
                                                      0.312     8.991 r  inst0/adder_inst_1/prod_reg[29]_i_14/O[3]
                         net (fo=2, routed)           0.553     9.544    inst0_n_8
    SLICE_X49Y34                                                      r  prod[29]_i_7/I1
    SLICE_X49Y34         LUT2 (Prop_lut2_I1_O)        0.120     9.664 r  prod[29]_i_7/O
                         net (fo=1, routed)           0.109     9.773    inst0/adder_inst_2/func_reg_reg[3]
    SLICE_X48Y34                                                      r  inst0/adder_inst_2/prod_reg[29]_i_5/DI[3]
    SLICE_X48Y34         CARRY4 (Prop_carry4_DI[3]_CO[3])
                                                      0.193     9.966 r  inst0/adder_inst_2/prod_reg[29]_i_5/CO[3]
                         net (fo=1, routed)           0.000     9.966    inst0/adder_inst_2/prod_reg[29]_i_5_n_0
    SLICE_X48Y35                                                      r  inst0/adder_inst_2/prod_reg[16]_i_17/CI
    SLICE_X48Y35         CARRY4 (Prop_carry4_CI_CO[3])
                                                      0.297    10.263 r  inst0/adder_inst_2/prod_reg[16]_i_17/CO[3]
                         net (fo=1, routed)           0.000    10.263    inst0/adder_inst_2/prod_reg[16]_i_17_n_0
    SLICE_X48Y36                                                      r  inst0/adder_inst_2/prod_reg[27]_i_5/CI
    SLICE_X48Y36         CARRY4 (Prop_carry4_CI_CO[3])
                                                      0.054    10.317 r  inst0/adder_inst_2/prod_reg[27]_i_5/CO[3]
                         net (fo=1, routed)           0.000    10.317    inst0/adder_inst_2/prod_reg[27]_i_5_n_0
    SLICE_X48Y37                                                      r  inst0/adder_inst_2/prod_reg[30]_i_12/CI
    SLICE_X48Y37         CARRY4 (Prop_carry4_CI_O[3])
                                                      0.151    10.468 r  inst0/adder_inst_2/prod_reg[30]_i_12/O[3]
                         net (fo=22, routed)          0.317    10.784    add_int_part_inst/0
    SLICE_X51Y35                                                      r  prod[16]_i_5/I4
    SLICE_X51Y35         LUT5 (Prop_lut5_I4_O)        0.120    10.904 f  prod[16]_i_5/O
                         net (fo=3, routed)           0.263    11.168    prod[16]_i_5_n_0
    SLICE_X50Y34                                                      f  prod[16]_i_1/I3
    SLICE_X50Y34         LUT6 (Prop_lut6_I3_O)        0.043    11.211 r  prod[16]_i_1/O
                         net (fo=32, routed)          0.538    11.749    prod[16]_i_1_n_0
    SLICE_X49Y35         FDRE                                         r  prod_reg[16]/R
  -------------------------------------------------------------------    -------------------

                         (clock clock rise edge)      7.017     7.017 r  
    AU32                                              0.000     7.017 r  clk (IN)
                         net (fo=0)                   0.000     7.017    clk
    AU32                                                              r  clk_IBUF_inst/I
    AU32                 IBUF (Prop_ibuf_I_O)         0.535     7.552 r  clk_IBUF_inst/O
                         net (fo=1, routed)           2.510    10.062    clk_IBUF
    BUFGCTRL_X0Y0                                                     r  clk_IBUF_BUFG_inst/I
    BUFGCTRL_X0Y0        BUFG (Prop_bufg_I_O)         0.083    10.145 r  clk_IBUF_BUFG_inst/O
                         net (fo=65, routed)          1.732    11.877    clk_IBUF_BUFG
    SLICE_X49Y35         FDRE                                         r  prod_reg[16]/C
                         clock pessimism              0.342    12.220    
                         clock uncertainty           -0.035    12.184    
    SLICE_X49Y35         FDRE (Setup_fdre_C_R)       -0.304    11.880    prod_reg[16]
  -------------------------------------------------------------------
                         required time                         11.880    
                         arrival time                         -11.749    
  -------------------------------------------------------------------
                         slack                                  0.132    

Slack (MET) :             0.149ns  (required time - arrival time)
  Source:                 b_reg_reg[0]/C
                            (rising edge-triggered cell FDRE clocked by clock  {rise@0.000ns fall@3.508ns period=7.017ns})
  Destination:            prod_reg[8]/D
                            (rising edge-triggered cell FDRE clocked by clock  {rise@0.000ns fall@3.508ns period=7.017ns})
  Path Group:             clock
  Path Type:              Setup (Max at Slow Process Corner)
  Requirement:            7.017ns  (clock rise@7.017ns - clock rise@0.000ns)
  Data Path Delay:        6.830ns  (logic 1.814ns (26.560%)  route 5.016ns (73.440%))
  Logic Levels:           15  (CARRY4=5 LUT2=2 LUT4=1 LUT6=7)
  Clock Path Skew:        -0.067ns (DCD - SCD + CPR)
    Destination Clock Delay (DCD):    4.856ns = ( 11.873 - 7.017 ) 
    Source Clock Delay      (SCD):    5.266ns
    Clock Pessimism Removal (CPR):    0.342ns
  Clock Uncertainty:      0.035ns  ((TSJ^2 + TIJ^2)^1/2 + DJ) / 2 + PE
    Total System Jitter     (TSJ):    0.071ns
    Total Input Jitter      (TIJ):    0.000ns
    Discrete Jitter          (DJ):    0.000ns
    Phase Error              (PE):    0.000ns

    Location             Delay type                Incr(ns)  Path(ns)    Netlist Resource(s)
  -------------------------------------------------------------------    -------------------
                         (clock clock rise edge)      0.000     0.000 r  
    AU32                                              0.000     0.000 r  clk (IN)
                         net (fo=0)                   0.000     0.000    clk
    AU32                                                              r  clk_IBUF_inst/I
    AU32                 IBUF (Prop_ibuf_I_O)         0.642     0.642 r  clk_IBUF_inst/O
                         net (fo=1, routed)           2.644     3.286    clk_IBUF
    BUFGCTRL_X0Y0                                                     r  clk_IBUF_BUFG_inst/I
    BUFGCTRL_X0Y0        BUFG (Prop_bufg_I_O)         0.093     3.379 r  clk_IBUF_BUFG_inst/O
                         net (fo=65, routed)          1.887     5.266    clk_IBUF_BUFG
    SLICE_X45Y36         FDRE                                         r  b_reg_reg[0]/C
  -------------------------------------------------------------------    -------------------
    SLICE_X45Y36         FDRE (Prop_fdre_C_Q)         0.223     5.489 r  b_reg_reg[0]/Q
                         net (fo=9, routed)           0.726     6.214    inst0/adder_inst_2/b_reg_reg[15][0]
    SLICE_X44Y37                                                      r  inst0/adder_inst_2/g0_b0_i_23/I4
    SLICE_X44Y37         LUT6 (Prop_lut6_I4_O)        0.043     6.257 r  inst0/adder_inst_2/g0_b0_i_23/O
                         net (fo=3, routed)           0.233     6.491    inst0/adder_inst_2/lgN4.lod_detected__0
    SLICE_X45Y36                                                      r  inst0/adder_inst_2/prod[16]_i_7/I0
    SLICE_X45Y36         LUT2 (Prop_lut2_I0_O)        0.043     6.534 r  inst0/adder_inst_2/prod[16]_i_7/O
                         net (fo=24, routed)          0.480     7.014    inst0/adder_inst_2/prod_reg[16]_6
    SLICE_X47Y37                                                      r  inst0/adder_inst_2/g0_b0_i_13/I4
    SLICE_X47Y37         LUT6 (Prop_lut6_I4_O)        0.043     7.057 r  inst0/adder_inst_2/g0_b0_i_13/O
                         net (fo=2, routed)           0.535     7.591    inst0/adder_inst_2/g0_b0_i_13_n_0
    SLICE_X44Y34                                                      r  inst0/adder_inst_2/g0_b0_i_3/I3
    SLICE_X44Y34         LUT6 (Prop_lut6_I3_O)        0.043     7.634 r  inst0/adder_inst_2/g0_b0_i_3/O
                         net (fo=26, routed)          0.691     8.325    inst0/adder_inst_2/sel[2]
    SLICE_X45Y32                                                      r  inst0/adder_inst_2/g0_b1__0/I2
    SLICE_X45Y32         LUT6 (Prop_lut6_I2_O)        0.043     8.368 r  inst0/adder_inst_2/g0_b1__0/O
                         net (fo=1, routed)           0.267     8.636    inst0/adder_inst_1/out[1]
    SLICE_X47Y33                                                      r  inst0/adder_inst_1/prod[29]_i_26/I2
    SLICE_X47Y33         LUT4 (Prop_lut4_I2_O)        0.043     8.679 r  inst0/adder_inst_1/prod[29]_i_26/O
                         net (fo=1, routed)           0.000     8.679    inst0/adder_inst_1/prod[29]_i_26_n_0
    SLICE_X47Y33                                                      r  inst0/adder_inst_1/prod_reg[29]_i_14/S[1]
    SLICE_X47Y33         CARRY4 (Prop_carry4_S[1]_O[3])
                                                      0.312     8.991 r  inst0/adder_inst_1/prod_reg[29]_i_14/O[3]
                         net (fo=2, routed)           0.553     9.544    inst0_n_8
    SLICE_X49Y34                                                      r  prod[29]_i_7/I1
    SLICE_X49Y34         LUT2 (Prop_lut2_I1_O)        0.120     9.664 r  prod[29]_i_7/O
                         net (fo=1, routed)           0.109     9.773    inst0/adder_inst_2/func_reg_reg[3]
    SLICE_X48Y34                                                      r  inst0/adder_inst_2/prod_reg[29]_i_5/DI[3]
    SLICE_X48Y34         CARRY4 (Prop_carry4_DI[3]_CO[3])
                                                      0.193     9.966 r  inst0/adder_inst_2/prod_reg[29]_i_5/CO[3]
                         net (fo=1, routed)           0.000     9.966    inst0/adder_inst_2/prod_reg[29]_i_5_n_0
    SLICE_X48Y35                                                      r  inst0/adder_inst_2/prod_reg[16]_i_17/CI
    SLICE_X48Y35         CARRY4 (Prop_carry4_CI_CO[3])
                                                      0.297    10.263 r  inst0/adder_inst_2/prod_reg[16]_i_17/CO[3]
                         net (fo=1, routed)           0.000    10.263    inst0/adder_inst_2/prod_reg[16]_i_17_n_0
    SLICE_X48Y36                                                      r  inst0/adder_inst_2/prod_reg[27]_i_5/CI
    SLICE_X48Y36         CARRY4 (Prop_carry4_CI_CO[3])
                                                      0.054    10.317 r  inst0/adder_inst_2/prod_reg[27]_i_5/CO[3]
                         net (fo=1, routed)           0.000    10.317    inst0/adder_inst_2/prod_reg[27]_i_5_n_0
    SLICE_X48Y37                                                      r  inst0/adder_inst_2/prod_reg[30]_i_12/CI
    SLICE_X48Y37         CARRY4 (Prop_carry4_CI_O[3])
                                                      0.151    10.468 r  inst0/adder_inst_2/prod_reg[30]_i_12/O[3]
                         net (fo=22, routed)          0.328    10.795    add_int_part_inst/0
    SLICE_X48Y38                                                      r  prod[31]_i_10/I3
    SLICE_X48Y38         LUT6 (Prop_lut6_I3_O)        0.120    10.915 r  prod[31]_i_10/O
                         net (fo=26, routed)          0.798    11.714    log_int[1]
    SLICE_X50Y35                                                      r  prod[24]_i_3/I4
    SLICE_X50Y35         LUT6 (Prop_lut6_I4_O)        0.043    11.757 r  prod[24]_i_3/O
                         net (fo=4, routed)           0.296    12.052    prod[24]_i_3_n_0
    SLICE_X52Y34                                                      r  prod[8]_i_1/I5
    SLICE_X52Y34         LUT6 (Prop_lut6_I5_O)        0.043    12.095 r  prod[8]_i_1/O
                         net (fo=1, routed)           0.000    12.095    prod[8]_i_1_n_0
    SLICE_X52Y34         FDRE                                         r  prod_reg[8]/D
  -------------------------------------------------------------------    -------------------

                         (clock clock rise edge)      7.017     7.017 r  
    AU32                                              0.000     7.017 r  clk (IN)
                         net (fo=0)                   0.000     7.017    clk
    AU32                                                              r  clk_IBUF_inst/I
    AU32                 IBUF (Prop_ibuf_I_O)         0.535     7.552 r  clk_IBUF_inst/O
                         net (fo=1, routed)           2.510    10.062    clk_IBUF
    BUFGCTRL_X0Y0                                                     r  clk_IBUF_BUFG_inst/I
    BUFGCTRL_X0Y0        BUFG (Prop_bufg_I_O)         0.083    10.145 r  clk_IBUF_BUFG_inst/O
                         net (fo=65, routed)          1.728    11.873    clk_IBUF_BUFG
    SLICE_X52Y34         FDRE                                         r  prod_reg[8]/C
                         clock pessimism              0.342    12.216    
                         clock uncertainty           -0.035    12.180    
    SLICE_X52Y34         FDRE (Setup_fdre_C_D)        0.064    12.244    prod_reg[8]
  -------------------------------------------------------------------
                         required time                         12.244    
                         arrival time                         -12.095    
  -------------------------------------------------------------------
                         slack                                  0.149    

Slack (MET) :             0.149ns  (required time - arrival time)
  Source:                 b_reg_reg[0]/C
                            (rising edge-triggered cell FDRE clocked by clock  {rise@0.000ns fall@3.508ns period=7.017ns})
  Destination:            prod_reg[18]/D
                            (rising edge-triggered cell FDRE clocked by clock  {rise@0.000ns fall@3.508ns period=7.017ns})
  Path Group:             clock
  Path Type:              Setup (Max at Slow Process Corner)
  Requirement:            7.017ns  (clock rise@7.017ns - clock rise@0.000ns)
  Data Path Delay:        6.806ns  (logic 2.010ns (29.534%)  route 4.796ns (70.466%))
  Logic Levels:           16  (CARRY4=5 LUT2=2 LUT4=1 LUT5=2 LUT6=5 MUXF7=1)
  Clock Path Skew:        -0.061ns (DCD - SCD + CPR)
    Destination Clock Delay (DCD):    4.862ns = ( 11.879 - 7.017 ) 
    Source Clock Delay      (SCD):    5.266ns
    Clock Pessimism Removal (CPR):    0.342ns
  Clock Uncertainty:      0.035ns  ((TSJ^2 + TIJ^2)^1/2 + DJ) / 2 + PE
    Total System Jitter     (TSJ):    0.071ns
    Total Input Jitter      (TIJ):    0.000ns
    Discrete Jitter          (DJ):    0.000ns
    Phase Error              (PE):    0.000ns

    Location             Delay type                Incr(ns)  Path(ns)    Netlist Resource(s)
  -------------------------------------------------------------------    -------------------
                         (clock clock rise edge)      0.000     0.000 r  
    AU32                                              0.000     0.000 r  clk (IN)
                         net (fo=0)                   0.000     0.000    clk
    AU32                                                              r  clk_IBUF_inst/I
    AU32                 IBUF (Prop_ibuf_I_O)         0.642     0.642 r  clk_IBUF_inst/O
                         net (fo=1, routed)           2.644     3.286    clk_IBUF
    BUFGCTRL_X0Y0                                                     r  clk_IBUF_BUFG_inst/I
    BUFGCTRL_X0Y0        BUFG (Prop_bufg_I_O)         0.093     3.379 r  clk_IBUF_BUFG_inst/O
                         net (fo=65, routed)          1.887     5.266    clk_IBUF_BUFG
    SLICE_X45Y36         FDRE                                         r  b_reg_reg[0]/C
  -------------------------------------------------------------------    -------------------
    SLICE_X45Y36         FDRE (Prop_fdre_C_Q)         0.223     5.489 r  b_reg_reg[0]/Q
                         net (fo=9, routed)           0.726     6.214    inst0/adder_inst_2/b_reg_reg[15][0]
    SLICE_X44Y37                                                      r  inst0/adder_inst_2/g0_b0_i_23/I4
    SLICE_X44Y37         LUT6 (Prop_lut6_I4_O)        0.043     6.257 r  inst0/adder_inst_2/g0_b0_i_23/O
                         net (fo=3, routed)           0.233     6.491    inst0/adder_inst_2/lgN4.lod_detected__0
    SLICE_X45Y36                                                      r  inst0/adder_inst_2/prod[16]_i_7/I0
    SLICE_X45Y36         LUT2 (Prop_lut2_I0_O)        0.043     6.534 r  inst0/adder_inst_2/prod[16]_i_7/O
                         net (fo=24, routed)          0.480     7.014    inst0/adder_inst_2/prod_reg[16]_6
    SLICE_X47Y37                                                      r  inst0/adder_inst_2/g0_b0_i_13/I4
    SLICE_X47Y37         LUT6 (Prop_lut6_I4_O)        0.043     7.057 r  inst0/adder_inst_2/g0_b0_i_13/O
                         net (fo=2, routed)           0.535     7.591    inst0/adder_inst_2/g0_b0_i_13_n_0
    SLICE_X44Y34                                                      r  inst0/adder_inst_2/g0_b0_i_3/I3
    SLICE_X44Y34         LUT6 (Prop_lut6_I3_O)        0.043     7.634 r  inst0/adder_inst_2/g0_b0_i_3/O
                         net (fo=26, routed)          0.691     8.325    inst0/adder_inst_2/sel[2]
    SLICE_X45Y32                                                      r  inst0/adder_inst_2/g0_b1__0/I2
    SLICE_X45Y32         LUT6 (Prop_lut6_I2_O)        0.043     8.368 r  inst0/adder_inst_2/g0_b1__0/O
                         net (fo=1, routed)           0.267     8.636    inst0/adder_inst_1/out[1]
    SLICE_X47Y33                                                      r  inst0/adder_inst_1/prod[29]_i_26/I2
    SLICE_X47Y33         LUT4 (Prop_lut4_I2_O)        0.043     8.679 r  inst0/adder_inst_1/prod[29]_i_26/O
                         net (fo=1, routed)           0.000     8.679    inst0/adder_inst_1/prod[29]_i_26_n_0
    SLICE_X47Y33                                                      r  inst0/adder_inst_1/prod_reg[29]_i_14/S[1]
    SLICE_X47Y33         CARRY4 (Prop_carry4_S[1]_O[3])
                                                      0.312     8.991 r  inst0/adder_inst_1/prod_reg[29]_i_14/O[3]
                         net (fo=2, routed)           0.553     9.544    inst0_n_8
    SLICE_X49Y34                                                      r  prod[29]_i_7/I1
    SLICE_X49Y34         LUT2 (Prop_lut2_I1_O)        0.120     9.664 r  prod[29]_i_7/O
                         net (fo=1, routed)           0.109     9.773    inst0/adder_inst_2/func_reg_reg[3]
    SLICE_X48Y34                                                      r  inst0/adder_inst_2/prod_reg[29]_i_5/DI[3]
    SLICE_X48Y34         CARRY4 (Prop_carry4_DI[3]_CO[3])
                                                      0.193     9.966 r  inst0/adder_inst_2/prod_reg[29]_i_5/CO[3]
                         net (fo=1, routed)           0.000     9.966    inst0/adder_inst_2/prod_reg[29]_i_5_n_0
    SLICE_X48Y35                                                      r  inst0/adder_inst_2/prod_reg[16]_i_17/CI
    SLICE_X48Y35         CARRY4 (Prop_carry4_CI_CO[3])
                                                      0.297    10.263 r  inst0/adder_inst_2/prod_reg[16]_i_17/CO[3]
                         net (fo=1, routed)           0.000    10.263    inst0/adder_inst_2/prod_reg[16]_i_17_n_0
    SLICE_X48Y36                                                      r  inst0/adder_inst_2/prod_reg[27]_i_5/CI
    SLICE_X48Y36         CARRY4 (Prop_carry4_CI_CO[3])
                                                      0.054    10.317 r  inst0/adder_inst_2/prod_reg[27]_i_5/CO[3]
                         net (fo=1, routed)           0.000    10.317    inst0/adder_inst_2/prod_reg[27]_i_5_n_0
    SLICE_X48Y37                                                      r  inst0/adder_inst_2/prod_reg[30]_i_12/CI
    SLICE_X48Y37         CARRY4 (Prop_carry4_CI_O[3])
                                                      0.151    10.468 r  inst0/adder_inst_2/prod_reg[30]_i_12/O[3]
                         net (fo=22, routed)          0.317    10.784    add_int_part_inst/0
    SLICE_X51Y35                                                      r  prod[16]_i_5/I4
    SLICE_X51Y35         LUT5 (Prop_lut5_I4_O)        0.120    10.904 f  prod[16]_i_5/O
                         net (fo=3, routed)           0.275    11.180    prod[16]_i_5_n_0
    SLICE_X52Y35                                                      f  prod[31]_i_17/I2
    SLICE_X52Y35         LUT5 (Prop_lut5_I2_O)        0.043    11.223 r  prod[31]_i_17/O
                         net (fo=1, routed)           0.000    11.223    prod[31]_i_17_n_0
    SLICE_X52Y35                                                      r  prod_reg[31]_i_4/I1
    SLICE_X52Y35         MUXF7 (Prop_muxf7_I1_O)      0.117    11.340 r  prod_reg[31]_i_4/O
                         net (fo=32, routed)          0.609    11.949    log_int[4]
    SLICE_X51Y39                                                      r  prod[18]_i_1/I2
    SLICE_X51Y39         LUT6 (Prop_lut6_I2_O)        0.122    12.071 r  prod[18]_i_1/O
                         net (fo=1, routed)           0.000    12.071    prod_reg__0[18]
    SLICE_X51Y39         FDRE                                         r  prod_reg[18]/D
  -------------------------------------------------------------------    -------------------

                         (clock clock rise edge)      7.017     7.017 r  
    AU32                                              0.000     7.017 r  clk (IN)
                         net (fo=0)                   0.000     7.017    clk
    AU32                                                              r  clk_IBUF_inst/I
    AU32                 IBUF (Prop_ibuf_I_O)         0.535     7.552 r  clk_IBUF_inst/O
                         net (fo=1, routed)           2.510    10.062    clk_IBUF
    BUFGCTRL_X0Y0                                                     r  clk_IBUF_BUFG_inst/I
    BUFGCTRL_X0Y0        BUFG (Prop_bufg_I_O)         0.083    10.145 r  clk_IBUF_BUFG_inst/O
                         net (fo=65, routed)          1.734    11.879    clk_IBUF_BUFG
    SLICE_X51Y39         FDRE                                         r  prod_reg[18]/C
                         clock pessimism              0.342    12.222    
                         clock uncertainty           -0.035    12.186    
    SLICE_X51Y39         FDRE (Setup_fdre_C_D)        0.034    12.220    prod_reg[18]
  -------------------------------------------------------------------
                         required time                         12.220    
                         arrival time                         -12.071    
  -------------------------------------------------------------------
                         slack                                  0.149    

Slack (MET) :             0.149ns  (required time - arrival time)
  Source:                 b_reg_reg[0]/C
                            (rising edge-triggered cell FDRE clocked by clock  {rise@0.000ns fall@3.508ns period=7.017ns})
  Destination:            prod_reg[31]/D
                            (rising edge-triggered cell FDRE clocked by clock  {rise@0.000ns fall@3.508ns period=7.017ns})
  Path Group:             clock
  Path Type:              Setup (Max at Slow Process Corner)
  Requirement:            7.017ns  (clock rise@7.017ns - clock rise@0.000ns)
  Data Path Delay:        6.836ns  (logic 1.814ns (26.537%)  route 5.022ns (73.463%))
  Logic Levels:           15  (CARRY4=5 LUT2=2 LUT4=1 LUT5=1 LUT6=6)
  Clock Path Skew:        -0.062ns (DCD - SCD + CPR)
    Destination Clock Delay (DCD):    4.861ns = ( 11.878 - 7.017 ) 
    Source Clock Delay      (SCD):    5.266ns
    Clock Pessimism Removal (CPR):    0.342ns
  Clock Uncertainty:      0.035ns  ((TSJ^2 + TIJ^2)^1/2 + DJ) / 2 + PE
    Total System Jitter     (TSJ):    0.071ns
    Total Input Jitter      (TIJ):    0.000ns
    Discrete Jitter          (DJ):    0.000ns
    Phase Error              (PE):    0.000ns

    Location             Delay type                Incr(ns)  Path(ns)    Netlist Resource(s)
  -------------------------------------------------------------------    -------------------
                         (clock clock rise edge)      0.000     0.000 r  
    AU32                                              0.000     0.000 r  clk (IN)
                         net (fo=0)                   0.000     0.000    clk
    AU32                                                              r  clk_IBUF_inst/I
    AU32                 IBUF (Prop_ibuf_I_O)         0.642     0.642 r  clk_IBUF_inst/O
                         net (fo=1, routed)           2.644     3.286    clk_IBUF
    BUFGCTRL_X0Y0                                                     r  clk_IBUF_BUFG_inst/I
    BUFGCTRL_X0Y0        BUFG (Prop_bufg_I_O)         0.093     3.379 r  clk_IBUF_BUFG_inst/O
                         net (fo=65, routed)          1.887     5.266    clk_IBUF_BUFG
    SLICE_X45Y36         FDRE                                         r  b_reg_reg[0]/C
  -------------------------------------------------------------------    -------------------
    SLICE_X45Y36         FDRE (Prop_fdre_C_Q)         0.223     5.489 r  b_reg_reg[0]/Q
                         net (fo=9, routed)           0.726     6.214    inst0/adder_inst_2/b_reg_reg[15][0]
    SLICE_X44Y37                                                      r  inst0/adder_inst_2/g0_b0_i_23/I4
    SLICE_X44Y37         LUT6 (Prop_lut6_I4_O)        0.043     6.257 r  inst0/adder_inst_2/g0_b0_i_23/O
                         net (fo=3, routed)           0.233     6.491    inst0/adder_inst_2/lgN4.lod_detected__0
    SLICE_X45Y36                                                      r  inst0/adder_inst_2/prod[16]_i_7/I0
    SLICE_X45Y36         LUT2 (Prop_lut2_I0_O)        0.043     6.534 r  inst0/adder_inst_2/prod[16]_i_7/O
                         net (fo=24, routed)          0.480     7.014    inst0/adder_inst_2/prod_reg[16]_6
    SLICE_X47Y37                                                      r  inst0/adder_inst_2/g0_b0_i_13/I4
    SLICE_X47Y37         LUT6 (Prop_lut6_I4_O)        0.043     7.057 r  inst0/adder_inst_2/g0_b0_i_13/O
                         net (fo=2, routed)           0.535     7.591    inst0/adder_inst_2/g0_b0_i_13_n_0
    SLICE_X44Y34                                                      r  inst0/adder_inst_2/g0_b0_i_3/I3
    SLICE_X44Y34         LUT6 (Prop_lut6_I3_O)        0.043     7.634 r  inst0/adder_inst_2/g0_b0_i_3/O
                         net (fo=26, routed)          0.691     8.325    inst0/adder_inst_2/sel[2]
    SLICE_X45Y32                                                      r  inst0/adder_inst_2/g0_b1__0/I2
    SLICE_X45Y32         LUT6 (Prop_lut6_I2_O)        0.043     8.368 r  inst0/adder_inst_2/g0_b1__0/O
                         net (fo=1, routed)           0.267     8.636    inst0/adder_inst_1/out[1]
    SLICE_X47Y33                                                      r  inst0/adder_inst_1/prod[29]_i_26/I2
    SLICE_X47Y33         LUT4 (Prop_lut4_I2_O)        0.043     8.679 r  inst0/adder_inst_1/prod[29]_i_26/O
                         net (fo=1, routed)           0.000     8.679    inst0/adder_inst_1/prod[29]_i_26_n_0
    SLICE_X47Y33                                                      r  inst0/adder_inst_1/prod_reg[29]_i_14/S[1]
    SLICE_X47Y33         CARRY4 (Prop_carry4_S[1]_O[3])
                                                      0.312     8.991 r  inst0/adder_inst_1/prod_reg[29]_i_14/O[3]
                         net (fo=2, routed)           0.553     9.544    inst0_n_8
    SLICE_X49Y34                                                      r  prod[29]_i_7/I1
    SLICE_X49Y34         LUT2 (Prop_lut2_I1_O)        0.120     9.664 r  prod[29]_i_7/O
                         net (fo=1, routed)           0.109     9.773    inst0/adder_inst_2/func_reg_reg[3]
    SLICE_X48Y34                                                      r  inst0/adder_inst_2/prod_reg[29]_i_5/DI[3]
    SLICE_X48Y34         CARRY4 (Prop_carry4_DI[3]_CO[3])
                                                      0.193     9.966 r  inst0/adder_inst_2/prod_reg[29]_i_5/CO[3]
                         net (fo=1, routed)           0.000     9.966    inst0/adder_inst_2/prod_reg[29]_i_5_n_0
    SLICE_X48Y35                                                      r  inst0/adder_inst_2/prod_reg[16]_i_17/CI
    SLICE_X48Y35         CARRY4 (Prop_carry4_CI_CO[3])
                                                      0.297    10.263 r  inst0/adder_inst_2/prod_reg[16]_i_17/CO[3]
                         net (fo=1, routed)           0.000    10.263    inst0/adder_inst_2/prod_reg[16]_i_17_n_0
    SLICE_X48Y36                                                      r  inst0/adder_inst_2/prod_reg[27]_i_5/CI
    SLICE_X48Y36         CARRY4 (Prop_carry4_CI_CO[3])
                                                      0.054    10.317 r  inst0/adder_inst_2/prod_reg[27]_i_5/CO[3]
                         net (fo=1, routed)           0.000    10.317    inst0/adder_inst_2/prod_reg[27]_i_5_n_0
    SLICE_X48Y37                                                      r  inst0/adder_inst_2/prod_reg[30]_i_12/CI
    SLICE_X48Y37         CARRY4 (Prop_carry4_CI_O[3])
                                                      0.151    10.468 r  inst0/adder_inst_2/prod_reg[30]_i_12/O[3]
                         net (fo=22, routed)          0.478    10.946    add_int_part_inst/0
    SLICE_X48Y38                                                      r  prod[31]_i_8/I2
    SLICE_X48Y38         LUT5 (Prop_lut5_I2_O)        0.120    11.066 r  prod[31]_i_8/O
                         net (fo=4, routed)           0.480    11.546    prod[31]_i_8_n_0
    SLICE_X50Y37                                                      r  prod[31]_i_2/I1
    SLICE_X50Y37         LUT6 (Prop_lut6_I1_O)        0.043    11.589 r  prod[31]_i_2/O
                         net (fo=4, routed)           0.469    12.058    prod[31]_i_2_n_0
    SLICE_X50Y38                                                      r  prod[31]_i_1/I0
    SLICE_X50Y38         LUT6 (Prop_lut6_I0_O)        0.043    12.101 r  prod[31]_i_1/O
                         net (fo=1, routed)           0.000    12.101    prod_reg__0[31]
    SLICE_X50Y38         FDRE                                         r  prod_reg[31]/D
  -------------------------------------------------------------------    -------------------

                         (clock clock rise edge)      7.017     7.017 r  
    AU32                                              0.000     7.017 r  clk (IN)
                         net (fo=0)                   0.000     7.017    clk
    AU32                                                              r  clk_IBUF_inst/I
    AU32                 IBUF (Prop_ibuf_I_O)         0.535     7.552 r  clk_IBUF_inst/O
                         net (fo=1, routed)           2.510    10.062    clk_IBUF
    BUFGCTRL_X0Y0                                                     r  clk_IBUF_BUFG_inst/I
    BUFGCTRL_X0Y0        BUFG (Prop_bufg_I_O)         0.083    10.145 r  clk_IBUF_BUFG_inst/O
                         net (fo=65, routed)          1.733    11.878    clk_IBUF_BUFG
    SLICE_X50Y38         FDRE                                         r  prod_reg[31]/C
                         clock pessimism              0.342    12.221    
                         clock uncertainty           -0.035    12.185    
    SLICE_X50Y38         FDRE (Setup_fdre_C_D)        0.065    12.250    prod_reg[31]
  -------------------------------------------------------------------
                         required time                         12.250    
                         arrival time                         -12.101    
  -------------------------------------------------------------------
                         slack                                  0.149    

Slack (MET) :             0.152ns  (required time - arrival time)
  Source:                 b_reg_reg[0]/C
                            (rising edge-triggered cell FDRE clocked by clock  {rise@0.000ns fall@3.508ns period=7.017ns})
  Destination:            prod_reg[3]/D
                            (rising edge-triggered cell FDRE clocked by clock  {rise@0.000ns fall@3.508ns period=7.017ns})
  Path Group:             clock
  Path Type:              Setup (Max at Slow Process Corner)
  Requirement:            7.017ns  (clock rise@7.017ns - clock rise@0.000ns)
  Data Path Delay:        6.830ns  (logic 2.003ns (29.325%)  route 4.827ns (70.675%))
  Logic Levels:           16  (CARRY4=5 LUT2=2 LUT4=1 LUT5=1 LUT6=6 MUXF7=1)
  Clock Path Skew:        -0.064ns (DCD - SCD + CPR)
    Destination Clock Delay (DCD):    4.859ns = ( 11.876 - 7.017 ) 
    Source Clock Delay      (SCD):    5.266ns
    Clock Pessimism Removal (CPR):    0.342ns
  Clock Uncertainty:      0.035ns  ((TSJ^2 + TIJ^2)^1/2 + DJ) / 2 + PE
    Total System Jitter     (TSJ):    0.071ns
    Total Input Jitter      (TIJ):    0.000ns
    Discrete Jitter          (DJ):    0.000ns
    Phase Error              (PE):    0.000ns

    Location             Delay type                Incr(ns)  Path(ns)    Netlist Resource(s)
  -------------------------------------------------------------------    -------------------
                         (clock clock rise edge)      0.000     0.000 r  
    AU32                                              0.000     0.000 r  clk (IN)
                         net (fo=0)                   0.000     0.000    clk
    AU32                                                              r  clk_IBUF_inst/I
    AU32                 IBUF (Prop_ibuf_I_O)         0.642     0.642 r  clk_IBUF_inst/O
                         net (fo=1, routed)           2.644     3.286    clk_IBUF
    BUFGCTRL_X0Y0                                                     r  clk_IBUF_BUFG_inst/I
    BUFGCTRL_X0Y0        BUFG (Prop_bufg_I_O)         0.093     3.379 r  clk_IBUF_BUFG_inst/O
                         net (fo=65, routed)          1.887     5.266    clk_IBUF_BUFG
    SLICE_X45Y36         FDRE                                         r  b_reg_reg[0]/C
  -------------------------------------------------------------------    -------------------
    SLICE_X45Y36         FDRE (Prop_fdre_C_Q)         0.223     5.489 r  b_reg_reg[0]/Q
                         net (fo=9, routed)           0.726     6.214    inst0/adder_inst_2/b_reg_reg[15][0]
    SLICE_X44Y37                                                      r  inst0/adder_inst_2/g0_b0_i_23/I4
    SLICE_X44Y37         LUT6 (Prop_lut6_I4_O)        0.043     6.257 r  inst0/adder_inst_2/g0_b0_i_23/O
                         net (fo=3, routed)           0.233     6.491    inst0/adder_inst_2/lgN4.lod_detected__0
    SLICE_X45Y36                                                      r  inst0/adder_inst_2/prod[16]_i_7/I0
    SLICE_X45Y36         LUT2 (Prop_lut2_I0_O)        0.043     6.534 r  inst0/adder_inst_2/prod[16]_i_7/O
                         net (fo=24, routed)          0.480     7.014    inst0/adder_inst_2/prod_reg[16]_6
    SLICE_X47Y37                                                      r  inst0/adder_inst_2/g0_b0_i_13/I4
    SLICE_X47Y37         LUT6 (Prop_lut6_I4_O)        0.043     7.057 r  inst0/adder_inst_2/g0_b0_i_13/O
                         net (fo=2, routed)           0.535     7.591    inst0/adder_inst_2/g0_b0_i_13_n_0
    SLICE_X44Y34                                                      r  inst0/adder_inst_2/g0_b0_i_3/I3
    SLICE_X44Y34         LUT6 (Prop_lut6_I3_O)        0.043     7.634 r  inst0/adder_inst_2/g0_b0_i_3/O
                         net (fo=26, routed)          0.691     8.325    inst0/adder_inst_2/sel[2]
    SLICE_X45Y32                                                      r  inst0/adder_inst_2/g0_b1__0/I2
    SLICE_X45Y32         LUT6 (Prop_lut6_I2_O)        0.043     8.368 r  inst0/adder_inst_2/g0_b1__0/O
                         net (fo=1, routed)           0.267     8.636    inst0/adder_inst_1/out[1]
    SLICE_X47Y33                                                      r  inst0/adder_inst_1/prod[29]_i_26/I2
    SLICE_X47Y33         LUT4 (Prop_lut4_I2_O)        0.043     8.679 r  inst0/adder_inst_1/prod[29]_i_26/O
                         net (fo=1, routed)           0.000     8.679    inst0/adder_inst_1/prod[29]_i_26_n_0
    SLICE_X47Y33                                                      r  inst0/adder_inst_1/prod_reg[29]_i_14/S[1]
    SLICE_X47Y33         CARRY4 (Prop_carry4_S[1]_O[3])
                                                      0.312     8.991 r  inst0/adder_inst_1/prod_reg[29]_i_14/O[3]
                         net (fo=2, routed)           0.553     9.544    inst0_n_8
    SLICE_X49Y34                                                      r  prod[29]_i_7/I1
    SLICE_X49Y34         LUT2 (Prop_lut2_I1_O)        0.120     9.664 r  prod[29]_i_7/O
                         net (fo=1, routed)           0.109     9.773    inst0/adder_inst_2/func_reg_reg[3]
    SLICE_X48Y34                                                      r  inst0/adder_inst_2/prod_reg[29]_i_5/DI[3]
    SLICE_X48Y34         CARRY4 (Prop_carry4_DI[3]_CO[3])
                                                      0.193     9.966 r  inst0/adder_inst_2/prod_reg[29]_i_5/CO[3]
                         net (fo=1, routed)           0.000     9.966    inst0/adder_inst_2/prod_reg[29]_i_5_n_0
    SLICE_X48Y35                                                      r  inst0/adder_inst_2/prod_reg[16]_i_17/CI
    SLICE_X48Y35         CARRY4 (Prop_carry4_CI_CO[3])
                                                      0.297    10.263 r  inst0/adder_inst_2/prod_reg[16]_i_17/CO[3]
                         net (fo=1, routed)           0.000    10.263    inst0/adder_inst_2/prod_reg[16]_i_17_n_0
    SLICE_X48Y36                                                      r  inst0/adder_inst_2/prod_reg[27]_i_5/CI
    SLICE_X48Y36         CARRY4 (Prop_carry4_CI_CO[3])
                                                      0.054    10.317 r  inst0/adder_inst_2/prod_reg[27]_i_5/CO[3]
                         net (fo=1, routed)           0.000    10.317    inst0/adder_inst_2/prod_reg[27]_i_5_n_0
    SLICE_X48Y37                                                      r  inst0/adder_inst_2/prod_reg[30]_i_12/CI
    SLICE_X48Y37         CARRY4 (Prop_carry4_CI_O[3])
                                                      0.151    10.468 r  inst0/adder_inst_2/prod_reg[30]_i_12/O[3]
                         net (fo=22, routed)          0.313    10.781    add_int_part_inst/0
    SLICE_X49Y38                                                      r  prod[16]_i_19/I0
    SLICE_X49Y38         LUT6 (Prop_lut6_I0_O)        0.120    10.901 r  prod[16]_i_19/O
                         net (fo=1, routed)           0.000    10.901    prod[16]_i_19_n_0
    SLICE_X49Y38                                                      r  prod_reg[16]_i_9/I1
    SLICE_X49Y38         MUXF7 (Prop_muxf7_I1_O)      0.108    11.009 r  prod_reg[16]_i_9/O
                         net (fo=28, routed)          0.489    11.498    log_int[2]
    SLICE_X50Y38                                                      r  prod[27]_i_4/I3
    SLICE_X50Y38         LUT6 (Prop_lut6_I3_O)        0.124    11.622 r  prod[27]_i_4/O
                         net (fo=4, routed)           0.431    12.053    prod[27]_i_4_n_0
    SLICE_X50Y34                                                      r  prod[3]_i_1/I4
    SLICE_X50Y34         LUT5 (Prop_lut5_I4_O)        0.043    12.096 r  prod[3]_i_1/O
                         net (fo=1, routed)           0.000    12.096    prod[3]_i_1_n_0
    SLICE_X50Y34         FDRE                                         r  prod_reg[3]/D
  -------------------------------------------------------------------    -------------------

                         (clock clock rise edge)      7.017     7.017 r  
    AU32                                              0.000     7.017 r  clk (IN)
                         net (fo=0)                   0.000     7.017    clk
    AU32                                                              r  clk_IBUF_inst/I
    AU32                 IBUF (Prop_ibuf_I_O)         0.535     7.552 r  clk_IBUF_inst/O
                         net (fo=1, routed)           2.510    10.062    clk_IBUF
    BUFGCTRL_X0Y0                                                     r  clk_IBUF_BUFG_inst/I
    BUFGCTRL_X0Y0        BUFG (Prop_bufg_I_O)         0.083    10.145 r  clk_IBUF_BUFG_inst/O
                         net (fo=65, routed)          1.731    11.876    clk_IBUF_BUFG
    SLICE_X50Y34         FDRE                                         r  prod_reg[3]/C
                         clock pessimism              0.342    12.219    
                         clock uncertainty           -0.035    12.183    
    SLICE_X50Y34         FDRE (Setup_fdre_C_D)        0.065    12.248    prod_reg[3]
  -------------------------------------------------------------------
                         required time                         12.248    
                         arrival time                         -12.096    
  -------------------------------------------------------------------
                         slack                                  0.152    

Slack (MET) :             0.159ns  (required time - arrival time)
  Source:                 b_reg_reg[0]/C
                            (rising edge-triggered cell FDRE clocked by clock  {rise@0.000ns fall@3.508ns period=7.017ns})
  Destination:            prod_reg[6]/D
                            (rising edge-triggered cell FDRE clocked by clock  {rise@0.000ns fall@3.508ns period=7.017ns})
  Path Group:             clock
  Path Type:              Setup (Max at Slow Process Corner)
  Requirement:            7.017ns  (clock rise@7.017ns - clock rise@0.000ns)
  Data Path Delay:        6.792ns  (logic 2.003ns (29.491%)  route 4.789ns (70.509%))
  Logic Levels:           16  (CARRY4=5 LUT2=2 LUT4=1 LUT5=1 LUT6=6 MUXF7=1)
  Clock Path Skew:        -0.064ns (DCD - SCD + CPR)
    Destination Clock Delay (DCD):    4.859ns = ( 11.876 - 7.017 ) 
    Source Clock Delay      (SCD):    5.266ns
    Clock Pessimism Removal (CPR):    0.342ns
  Clock Uncertainty:      0.035ns  ((TSJ^2 + TIJ^2)^1/2 + DJ) / 2 + PE
    Total System Jitter     (TSJ):    0.071ns
    Total Input Jitter      (TIJ):    0.000ns
    Discrete Jitter          (DJ):    0.000ns
    Phase Error              (PE):    0.000ns

    Location             Delay type                Incr(ns)  Path(ns)    Netlist Resource(s)
  -------------------------------------------------------------------    -------------------
                         (clock clock rise edge)      0.000     0.000 r  
    AU32                                              0.000     0.000 r  clk (IN)
                         net (fo=0)                   0.000     0.000    clk
    AU32                                                              r  clk_IBUF_inst/I
    AU32                 IBUF (Prop_ibuf_I_O)         0.642     0.642 r  clk_IBUF_inst/O
                         net (fo=1, routed)           2.644     3.286    clk_IBUF
    BUFGCTRL_X0Y0                                                     r  clk_IBUF_BUFG_inst/I
    BUFGCTRL_X0Y0        BUFG (Prop_bufg_I_O)         0.093     3.379 r  clk_IBUF_BUFG_inst/O
                         net (fo=65, routed)          1.887     5.266    clk_IBUF_BUFG
    SLICE_X45Y36         FDRE                                         r  b_reg_reg[0]/C
  -------------------------------------------------------------------    -------------------
    SLICE_X45Y36         FDRE (Prop_fdre_C_Q)         0.223     5.489 r  b_reg_reg[0]/Q
                         net (fo=9, routed)           0.726     6.214    inst0/adder_inst_2/b_reg_reg[15][0]
    SLICE_X44Y37                                                      r  inst0/adder_inst_2/g0_b0_i_23/I4
    SLICE_X44Y37         LUT6 (Prop_lut6_I4_O)        0.043     6.257 r  inst0/adder_inst_2/g0_b0_i_23/O
                         net (fo=3, routed)           0.233     6.491    inst0/adder_inst_2/lgN4.lod_detected__0
    SLICE_X45Y36                                                      r  inst0/adder_inst_2/prod[16]_i_7/I0
    SLICE_X45Y36         LUT2 (Prop_lut2_I0_O)        0.043     6.534 r  inst0/adder_inst_2/prod[16]_i_7/O
                         net (fo=24, routed)          0.480     7.014    inst0/adder_inst_2/prod_reg[16]_6
    SLICE_X47Y37                                                      r  inst0/adder_inst_2/g0_b0_i_13/I4
    SLICE_X47Y37         LUT6 (Prop_lut6_I4_O)        0.043     7.057 r  inst0/adder_inst_2/g0_b0_i_13/O
                         net (fo=2, routed)           0.535     7.591    inst0/adder_inst_2/g0_b0_i_13_n_0
    SLICE_X44Y34                                                      r  inst0/adder_inst_2/g0_b0_i_3/I3
    SLICE_X44Y34         LUT6 (Prop_lut6_I3_O)        0.043     7.634 r  inst0/adder_inst_2/g0_b0_i_3/O
                         net (fo=26, routed)          0.691     8.325    inst0/adder_inst_2/sel[2]
    SLICE_X45Y32                                                      r  inst0/adder_inst_2/g0_b1__0/I2
    SLICE_X45Y32         LUT6 (Prop_lut6_I2_O)        0.043     8.368 r  inst0/adder_inst_2/g0_b1__0/O
                         net (fo=1, routed)           0.267     8.636    inst0/adder_inst_1/out[1]
    SLICE_X47Y33                                                      r  inst0/adder_inst_1/prod[29]_i_26/I2
    SLICE_X47Y33         LUT4 (Prop_lut4_I2_O)        0.043     8.679 r  inst0/adder_inst_1/prod[29]_i_26/O
                         net (fo=1, routed)           0.000     8.679    inst0/adder_inst_1/prod[29]_i_26_n_0
    SLICE_X47Y33                                                      r  inst0/adder_inst_1/prod_reg[29]_i_14/S[1]
    SLICE_X47Y33         CARRY4 (Prop_carry4_S[1]_O[3])
                                                      0.312     8.991 r  inst0/adder_inst_1/prod_reg[29]_i_14/O[3]
                         net (fo=2, routed)           0.553     9.544    inst0_n_8
    SLICE_X49Y34                                                      r  prod[29]_i_7/I1
    SLICE_X49Y34         LUT2 (Prop_lut2_I1_O)        0.120     9.664 r  prod[29]_i_7/O
                         net (fo=1, routed)           0.109     9.773    inst0/adder_inst_2/func_reg_reg[3]
    SLICE_X48Y34                                                      r  inst0/adder_inst_2/prod_reg[29]_i_5/DI[3]
    SLICE_X48Y34         CARRY4 (Prop_carry4_DI[3]_CO[3])
                                                      0.193     9.966 r  inst0/adder_inst_2/prod_reg[29]_i_5/CO[3]
                         net (fo=1, routed)           0.000     9.966    inst0/adder_inst_2/prod_reg[29]_i_5_n_0
    SLICE_X48Y35                                                      r  inst0/adder_inst_2/prod_reg[16]_i_17/CI
    SLICE_X48Y35         CARRY4 (Prop_carry4_CI_CO[3])
                                                      0.297    10.263 r  inst0/adder_inst_2/prod_reg[16]_i_17/CO[3]
                         net (fo=1, routed)           0.000    10.263    inst0/adder_inst_2/prod_reg[16]_i_17_n_0
    SLICE_X48Y36                                                      r  inst0/adder_inst_2/prod_reg[27]_i_5/CI
    SLICE_X48Y36         CARRY4 (Prop_carry4_CI_CO[3])
                                                      0.054    10.317 r  inst0/adder_inst_2/prod_reg[27]_i_5/CO[3]
                         net (fo=1, routed)           0.000    10.317    inst0/adder_inst_2/prod_reg[27]_i_5_n_0
    SLICE_X48Y37                                                      r  inst0/adder_inst_2/prod_reg[30]_i_12/CI
    SLICE_X48Y37         CARRY4 (Prop_carry4_CI_O[3])
                                                      0.151    10.468 r  inst0/adder_inst_2/prod_reg[30]_i_12/O[3]
                         net (fo=22, routed)          0.313    10.781    add_int_part_inst/0
    SLICE_X49Y38                                                      r  prod[16]_i_19/I0
    SLICE_X49Y38         LUT6 (Prop_lut6_I0_O)        0.120    10.901 r  prod[16]_i_19/O
                         net (fo=1, routed)           0.000    10.901    prod[16]_i_19_n_0
    SLICE_X49Y38                                                      r  prod_reg[16]_i_9/I1
    SLICE_X49Y38         MUXF7 (Prop_muxf7_I1_O)      0.108    11.009 r  prod_reg[16]_i_9/O
                         net (fo=28, routed)          0.538    11.547    log_int[2]
    SLICE_X51Y34                                                      r  prod[30]_i_2/I2
    SLICE_X51Y34         LUT6 (Prop_lut6_I2_O)        0.124    11.671 r  prod[30]_i_2/O
                         net (fo=4, routed)           0.344    12.014    prod[30]_i_2_n_0
    SLICE_X51Y34                                                      r  prod[6]_i_1/I2
    SLICE_X51Y34         LUT5 (Prop_lut5_I2_O)        0.043    12.057 r  prod[6]_i_1/O
                         net (fo=1, routed)           0.000    12.057    prod[6]_i_1_n_0
    SLICE_X51Y34         FDRE                                         r  prod_reg[6]/D
  -------------------------------------------------------------------    -------------------

                         (clock clock rise edge)      7.017     7.017 r  
    AU32                                              0.000     7.017 r  clk (IN)
                         net (fo=0)                   0.000     7.017    clk
    AU32                                                              r  clk_IBUF_inst/I
    AU32                 IBUF (Prop_ibuf_I_O)         0.535     7.552 r  clk_IBUF_inst/O
                         net (fo=1, routed)           2.510    10.062    clk_IBUF
    BUFGCTRL_X0Y0                                                     r  clk_IBUF_BUFG_inst/I
    BUFGCTRL_X0Y0        BUFG (Prop_bufg_I_O)         0.083    10.145 r  clk_IBUF_BUFG_inst/O
                         net (fo=65, routed)          1.731    11.876    clk_IBUF_BUFG
    SLICE_X51Y34         FDRE                                         r  prod_reg[6]/C
                         clock pessimism              0.342    12.219    
                         clock uncertainty           -0.035    12.183    
    SLICE_X51Y34         FDRE (Setup_fdre_C_D)        0.033    12.216    prod_reg[6]
  -------------------------------------------------------------------
                         required time                         12.216    
                         arrival time                         -12.057    
  -------------------------------------------------------------------
                         slack                                  0.159    

Slack (MET) :             0.161ns  (required time - arrival time)
  Source:                 b_reg_reg[0]/C
                            (rising edge-triggered cell FDRE clocked by clock  {rise@0.000ns fall@3.508ns period=7.017ns})
  Destination:            prod_reg[12]/R
                            (rising edge-triggered cell FDRE clocked by clock  {rise@0.000ns fall@3.508ns period=7.017ns})
  Path Group:             clock
  Path Type:              Setup (Max at Slow Process Corner)
  Requirement:            7.017ns  (clock rise@7.017ns - clock rise@0.000ns)
  Data Path Delay:        6.453ns  (logic 1.771ns (27.444%)  route 4.682ns (72.556%))
  Logic Levels:           14  (CARRY4=5 LUT2=2 LUT4=1 LUT5=1 LUT6=5)
  Clock Path Skew:        -0.064ns (DCD - SCD + CPR)
    Destination Clock Delay (DCD):    4.859ns = ( 11.876 - 7.017 ) 
    Source Clock Delay      (SCD):    5.266ns
    Clock Pessimism Removal (CPR):    0.342ns
  Clock Uncertainty:      0.035ns  ((TSJ^2 + TIJ^2)^1/2 + DJ) / 2 + PE
    Total System Jitter     (TSJ):    0.071ns
    Total Input Jitter      (TIJ):    0.000ns
    Discrete Jitter          (DJ):    0.000ns
    Phase Error              (PE):    0.000ns

    Location             Delay type                Incr(ns)  Path(ns)    Netlist Resource(s)
  -------------------------------------------------------------------    -------------------
                         (clock clock rise edge)      0.000     0.000 r  
    AU32                                              0.000     0.000 r  clk (IN)
                         net (fo=0)                   0.000     0.000    clk
    AU32                                                              r  clk_IBUF_inst/I
    AU32                 IBUF (Prop_ibuf_I_O)         0.642     0.642 r  clk_IBUF_inst/O
                         net (fo=1, routed)           2.644     3.286    clk_IBUF
    BUFGCTRL_X0Y0                                                     r  clk_IBUF_BUFG_inst/I
    BUFGCTRL_X0Y0        BUFG (Prop_bufg_I_O)         0.093     3.379 r  clk_IBUF_BUFG_inst/O
                         net (fo=65, routed)          1.887     5.266    clk_IBUF_BUFG
    SLICE_X45Y36         FDRE                                         r  b_reg_reg[0]/C
  -------------------------------------------------------------------    -------------------
    SLICE_X45Y36         FDRE (Prop_fdre_C_Q)         0.223     5.489 r  b_reg_reg[0]/Q
                         net (fo=9, routed)           0.726     6.214    inst0/adder_inst_2/b_reg_reg[15][0]
    SLICE_X44Y37                                                      r  inst0/adder_inst_2/g0_b0_i_23/I4
    SLICE_X44Y37         LUT6 (Prop_lut6_I4_O)        0.043     6.257 r  inst0/adder_inst_2/g0_b0_i_23/O
                         net (fo=3, routed)           0.233     6.491    inst0/adder_inst_2/lgN4.lod_detected__0
    SLICE_X45Y36                                                      r  inst0/adder_inst_2/prod[16]_i_7/I0
    SLICE_X45Y36         LUT2 (Prop_lut2_I0_O)        0.043     6.534 r  inst0/adder_inst_2/prod[16]_i_7/O
                         net (fo=24, routed)          0.480     7.014    inst0/adder_inst_2/prod_reg[16]_6
    SLICE_X47Y37                                                      r  inst0/adder_inst_2/g0_b0_i_13/I4
    SLICE_X47Y37         LUT6 (Prop_lut6_I4_O)        0.043     7.057 r  inst0/adder_inst_2/g0_b0_i_13/O
                         net (fo=2, routed)           0.535     7.591    inst0/adder_inst_2/g0_b0_i_13_n_0
    SLICE_X44Y34                                                      r  inst0/adder_inst_2/g0_b0_i_3/I3
    SLICE_X44Y34         LUT6 (Prop_lut6_I3_O)        0.043     7.634 r  inst0/adder_inst_2/g0_b0_i_3/O
                         net (fo=26, routed)          0.691     8.325    inst0/adder_inst_2/sel[2]
    SLICE_X45Y32                                                      r  inst0/adder_inst_2/g0_b1__0/I2
    SLICE_X45Y32         LUT6 (Prop_lut6_I2_O)        0.043     8.368 r  inst0/adder_inst_2/g0_b1__0/O
                         net (fo=1, routed)           0.267     8.636    inst0/adder_inst_1/out[1]
    SLICE_X47Y33                                                      r  inst0/adder_inst_1/prod[29]_i_26/I2
    SLICE_X47Y33         LUT4 (Prop_lut4_I2_O)        0.043     8.679 r  inst0/adder_inst_1/prod[29]_i_26/O
                         net (fo=1, routed)           0.000     8.679    inst0/adder_inst_1/prod[29]_i_26_n_0
    SLICE_X47Y33                                                      r  inst0/adder_inst_1/prod_reg[29]_i_14/S[1]
    SLICE_X47Y33         CARRY4 (Prop_carry4_S[1]_O[3])
                                                      0.312     8.991 r  inst0/adder_inst_1/prod_reg[29]_i_14/O[3]
                         net (fo=2, routed)           0.553     9.544    inst0_n_8
    SLICE_X49Y34                                                      r  prod[29]_i_7/I1
    SLICE_X49Y34         LUT2 (Prop_lut2_I1_O)        0.120     9.664 r  prod[29]_i_7/O
                         net (fo=1, routed)           0.109     9.773    inst0/adder_inst_2/func_reg_reg[3]
    SLICE_X48Y34                                                      r  inst0/adder_inst_2/prod_reg[29]_i_5/DI[3]
    SLICE_X48Y34         CARRY4 (Prop_carry4_DI[3]_CO[3])
                                                      0.193     9.966 r  inst0/adder_inst_2/prod_reg[29]_i_5/CO[3]
                         net (fo=1, routed)           0.000     9.966    inst0/adder_inst_2/prod_reg[29]_i_5_n_0
    SLICE_X48Y35                                                      r  inst0/adder_inst_2/prod_reg[16]_i_17/CI
    SLICE_X48Y35         CARRY4 (Prop_carry4_CI_CO[3])
                                                      0.297    10.263 r  inst0/adder_inst_2/prod_reg[16]_i_17/CO[3]
                         net (fo=1, routed)           0.000    10.263    inst0/adder_inst_2/prod_reg[16]_i_17_n_0
    SLICE_X48Y36                                                      r  inst0/adder_inst_2/prod_reg[27]_i_5/CI
    SLICE_X48Y36         CARRY4 (Prop_carry4_CI_CO[3])
                                                      0.054    10.317 r  inst0/adder_inst_2/prod_reg[27]_i_5/CO[3]
                         net (fo=1, routed)           0.000    10.317    inst0/adder_inst_2/prod_reg[27]_i_5_n_0
    SLICE_X48Y37                                                      r  inst0/adder_inst_2/prod_reg[30]_i_12/CI
    SLICE_X48Y37         CARRY4 (Prop_carry4_CI_O[3])
                                                      0.151    10.468 r  inst0/adder_inst_2/prod_reg[30]_i_12/O[3]
                         net (fo=22, routed)          0.317    10.784    add_int_part_inst/0
    SLICE_X51Y35                                                      r  prod[16]_i_5/I4
    SLICE_X51Y35         LUT5 (Prop_lut5_I4_O)        0.120    10.904 f  prod[16]_i_5/O
                         net (fo=3, routed)           0.263    11.168    prod[16]_i_5_n_0
    SLICE_X50Y34                                                      f  prod[16]_i_1/I3
    SLICE_X50Y34         LUT6 (Prop_lut6_I3_O)        0.043    11.211 r  prod[16]_i_1/O
                         net (fo=32, routed)          0.508    11.719    prod[16]_i_1_n_0
    SLICE_X51Y34         FDRE                                         r  prod_reg[12]/R
  -------------------------------------------------------------------    -------------------

                         (clock clock rise edge)      7.017     7.017 r  
    AU32                                              0.000     7.017 r  clk (IN)
                         net (fo=0)                   0.000     7.017    clk
    AU32                                                              r  clk_IBUF_inst/I
    AU32                 IBUF (Prop_ibuf_I_O)         0.535     7.552 r  clk_IBUF_inst/O
                         net (fo=1, routed)           2.510    10.062    clk_IBUF
    BUFGCTRL_X0Y0                                                     r  clk_IBUF_BUFG_inst/I
    BUFGCTRL_X0Y0        BUFG (Prop_bufg_I_O)         0.083    10.145 r  clk_IBUF_BUFG_inst/O
                         net (fo=65, routed)          1.731    11.876    clk_IBUF_BUFG
    SLICE_X51Y34         FDRE                                         r  prod_reg[12]/C
                         clock pessimism              0.342    12.219    
                         clock uncertainty           -0.035    12.183    
    SLICE_X51Y34         FDRE (Setup_fdre_C_R)       -0.304    11.879    prod_reg[12]
  -------------------------------------------------------------------
                         required time                         11.879    
                         arrival time                         -11.719    
  -------------------------------------------------------------------
                         slack                                  0.161    

Slack (MET) :             0.161ns  (required time - arrival time)
  Source:                 b_reg_reg[0]/C
                            (rising edge-triggered cell FDRE clocked by clock  {rise@0.000ns fall@3.508ns period=7.017ns})
  Destination:            prod_reg[6]/R
                            (rising edge-triggered cell FDRE clocked by clock  {rise@0.000ns fall@3.508ns period=7.017ns})
  Path Group:             clock
  Path Type:              Setup (Max at Slow Process Corner)
  Requirement:            7.017ns  (clock rise@7.017ns - clock rise@0.000ns)
  Data Path Delay:        6.453ns  (logic 1.771ns (27.444%)  route 4.682ns (72.556%))
  Logic Levels:           14  (CARRY4=5 LUT2=2 LUT4=1 LUT5=1 LUT6=5)
  Clock Path Skew:        -0.064ns (DCD - SCD + CPR)
    Destination Clock Delay (DCD):    4.859ns = ( 11.876 - 7.017 ) 
    Source Clock Delay      (SCD):    5.266ns
    Clock Pessimism Removal (CPR):    0.342ns
  Clock Uncertainty:      0.035ns  ((TSJ^2 + TIJ^2)^1/2 + DJ) / 2 + PE
    Total System Jitter     (TSJ):    0.071ns
    Total Input Jitter      (TIJ):    0.000ns
    Discrete Jitter          (DJ):    0.000ns
    Phase Error              (PE):    0.000ns

    Location             Delay type                Incr(ns)  Path(ns)    Netlist Resource(s)
  -------------------------------------------------------------------    -------------------
                         (clock clock rise edge)      0.000     0.000 r  
    AU32                                              0.000     0.000 r  clk (IN)
                         net (fo=0)                   0.000     0.000    clk
    AU32                                                              r  clk_IBUF_inst/I
    AU32                 IBUF (Prop_ibuf_I_O)         0.642     0.642 r  clk_IBUF_inst/O
                         net (fo=1, routed)           2.644     3.286    clk_IBUF
    BUFGCTRL_X0Y0                                                     r  clk_IBUF_BUFG_inst/I
    BUFGCTRL_X0Y0        BUFG (Prop_bufg_I_O)         0.093     3.379 r  clk_IBUF_BUFG_inst/O
                         net (fo=65, routed)          1.887     5.266    clk_IBUF_BUFG
    SLICE_X45Y36         FDRE                                         r  b_reg_reg[0]/C
  -------------------------------------------------------------------    -------------------
    SLICE_X45Y36         FDRE (Prop_fdre_C_Q)         0.223     5.489 r  b_reg_reg[0]/Q
                         net (fo=9, routed)           0.726     6.214    inst0/adder_inst_2/b_reg_reg[15][0]
    SLICE_X44Y37                                                      r  inst0/adder_inst_2/g0_b0_i_23/I4
    SLICE_X44Y37         LUT6 (Prop_lut6_I4_O)        0.043     6.257 r  inst0/adder_inst_2/g0_b0_i_23/O
                         net (fo=3, routed)           0.233     6.491    inst0/adder_inst_2/lgN4.lod_detected__0
    SLICE_X45Y36                                                      r  inst0/adder_inst_2/prod[16]_i_7/I0
    SLICE_X45Y36         LUT2 (Prop_lut2_I0_O)        0.043     6.534 r  inst0/adder_inst_2/prod[16]_i_7/O
                         net (fo=24, routed)          0.480     7.014    inst0/adder_inst_2/prod_reg[16]_6
    SLICE_X47Y37                                                      r  inst0/adder_inst_2/g0_b0_i_13/I4
    SLICE_X47Y37         LUT6 (Prop_lut6_I4_O)        0.043     7.057 r  inst0/adder_inst_2/g0_b0_i_13/O
                         net (fo=2, routed)           0.535     7.591    inst0/adder_inst_2/g0_b0_i_13_n_0
    SLICE_X44Y34                                                      r  inst0/adder_inst_2/g0_b0_i_3/I3
    SLICE_X44Y34         LUT6 (Prop_lut6_I3_O)        0.043     7.634 r  inst0/adder_inst_2/g0_b0_i_3/O
                         net (fo=26, routed)          0.691     8.325    inst0/adder_inst_2/sel[2]
    SLICE_X45Y32                                                      r  inst0/adder_inst_2/g0_b1__0/I2
    SLICE_X45Y32         LUT6 (Prop_lut6_I2_O)        0.043     8.368 r  inst0/adder_inst_2/g0_b1__0/O
                         net (fo=1, routed)           0.267     8.636    inst0/adder_inst_1/out[1]
    SLICE_X47Y33                                                      r  inst0/adder_inst_1/prod[29]_i_26/I2
    SLICE_X47Y33         LUT4 (Prop_lut4_I2_O)        0.043     8.679 r  inst0/adder_inst_1/prod[29]_i_26/O
                         net (fo=1, routed)           0.000     8.679    inst0/adder_inst_1/prod[29]_i_26_n_0
    SLICE_X47Y33                                                      r  inst0/adder_inst_1/prod_reg[29]_i_14/S[1]
    SLICE_X47Y33         CARRY4 (Prop_carry4_S[1]_O[3])
                                                      0.312     8.991 r  inst0/adder_inst_1/prod_reg[29]_i_14/O[3]
                         net (fo=2, routed)           0.553     9.544    inst0_n_8
    SLICE_X49Y34                                                      r  prod[29]_i_7/I1
    SLICE_X49Y34         LUT2 (Prop_lut2_I1_O)        0.120     9.664 r  prod[29]_i_7/O
                         net (fo=1, routed)           0.109     9.773    inst0/adder_inst_2/func_reg_reg[3]
    SLICE_X48Y34                                                      r  inst0/adder_inst_2/prod_reg[29]_i_5/DI[3]
    SLICE_X48Y34         CARRY4 (Prop_carry4_DI[3]_CO[3])
                                                      0.193     9.966 r  inst0/adder_inst_2/prod_reg[29]_i_5/CO[3]
                         net (fo=1, routed)           0.000     9.966    inst0/adder_inst_2/prod_reg[29]_i_5_n_0
    SLICE_X48Y35                                                      r  inst0/adder_inst_2/prod_reg[16]_i_17/CI
    SLICE_X48Y35         CARRY4 (Prop_carry4_CI_CO[3])
                                                      0.297    10.263 r  inst0/adder_inst_2/prod_reg[16]_i_17/CO[3]
                         net (fo=1, routed)           0.000    10.263    inst0/adder_inst_2/prod_reg[16]_i_17_n_0
    SLICE_X48Y36                                                      r  inst0/adder_inst_2/prod_reg[27]_i_5/CI
    SLICE_X48Y36         CARRY4 (Prop_carry4_CI_CO[3])
                                                      0.054    10.317 r  inst0/adder_inst_2/prod_reg[27]_i_5/CO[3]
                         net (fo=1, routed)           0.000    10.317    inst0/adder_inst_2/prod_reg[27]_i_5_n_0
    SLICE_X48Y37                                                      r  inst0/adder_inst_2/prod_reg[30]_i_12/CI
    SLICE_X48Y37         CARRY4 (Prop_carry4_CI_O[3])
                                                      0.151    10.468 r  inst0/adder_inst_2/prod_reg[30]_i_12/O[3]
                         net (fo=22, routed)          0.317    10.784    add_int_part_inst/0
    SLICE_X51Y35                                                      r  prod[16]_i_5/I4
    SLICE_X51Y35         LUT5 (Prop_lut5_I4_O)        0.120    10.904 f  prod[16]_i_5/O
                         net (fo=3, routed)           0.263    11.168    prod[16]_i_5_n_0
    SLICE_X50Y34                                                      f  prod[16]_i_1/I3
    SLICE_X50Y34         LUT6 (Prop_lut6_I3_O)        0.043    11.211 r  prod[16]_i_1/O
                         net (fo=32, routed)          0.508    11.719    prod[16]_i_1_n_0
    SLICE_X51Y34         FDRE                                         r  prod_reg[6]/R
  -------------------------------------------------------------------    -------------------

                         (clock clock rise edge)      7.017     7.017 r  
    AU32                                              0.000     7.017 r  clk (IN)
                         net (fo=0)                   0.000     7.017    clk
    AU32                                                              r  clk_IBUF_inst/I
    AU32                 IBUF (Prop_ibuf_I_O)         0.535     7.552 r  clk_IBUF_inst/O
                         net (fo=1, routed)           2.510    10.062    clk_IBUF
    BUFGCTRL_X0Y0                                                     r  clk_IBUF_BUFG_inst/I
    BUFGCTRL_X0Y0        BUFG (Prop_bufg_I_O)         0.083    10.145 r  clk_IBUF_BUFG_inst/O
                         net (fo=65, routed)          1.731    11.876    clk_IBUF_BUFG
    SLICE_X51Y34         FDRE                                         r  prod_reg[6]/C
                         clock pessimism              0.342    12.219    
                         clock uncertainty           -0.035    12.183    
    SLICE_X51Y34         FDRE (Setup_fdre_C_R)       -0.304    11.879    prod_reg[6]
  -------------------------------------------------------------------
                         required time                         11.879    
                         arrival time                         -11.719    
  -------------------------------------------------------------------
                         slack                                  0.161    





Min Delay Paths
--------------------------------------------------------------------------------------
Slack (MET) :             0.983ns  (arrival time - required time)
  Source:                 func_reg_reg/C
                            (rising edge-triggered cell FDRE clocked by clock  {rise@0.000ns fall@3.508ns period=7.017ns})
  Destination:            prod_reg[20]/D
                            (rising edge-triggered cell FDRE clocked by clock  {rise@0.000ns fall@3.508ns period=7.017ns})
  Path Group:             clock
  Path Type:              Hold (Min at Fast Process Corner)
  Requirement:            0.000ns  (clock rise@0.000ns - clock rise@0.000ns)
  Data Path Delay:        1.089ns  (logic 0.156ns (14.321%)  route 0.933ns (85.679%))
  Logic Levels:           2  (LUT6=2)
  Clock Path Skew:        0.019ns (DCD - SCD - CPR)
    Destination Clock Delay (DCD):    2.723ns
    Source Clock Delay      (SCD):    2.233ns
    Clock Pessimism Removal (CPR):    0.470ns

    Location             Delay type                Incr(ns)  Path(ns)    Netlist Resource(s)
  -------------------------------------------------------------------    -------------------
                         (clock clock rise edge)      0.000     0.000 r  
    AU32                                              0.000     0.000 r  clk (IN)
                         net (fo=0)                   0.000     0.000    clk
    AU32                                                              r  clk_IBUF_inst/I
    AU32                 IBUF (Prop_ibuf_I_O)         0.148     0.148 r  clk_IBUF_inst/O
                         net (fo=1, routed)           1.274     1.422    clk_IBUF
    BUFGCTRL_X0Y0                                                     r  clk_IBUF_BUFG_inst/I
    BUFGCTRL_X0Y0        BUFG (Prop_bufg_I_O)         0.026     1.448 r  clk_IBUF_BUFG_inst/O
                         net (fo=65, routed)          0.785     2.233    clk_IBUF_BUFG
    SLICE_X47Y30         FDRE                                         r  func_reg_reg/C
  -------------------------------------------------------------------    -------------------
    SLICE_X47Y30         FDRE (Prop_fdre_C_Q)         0.100     2.333 r  func_reg_reg/Q
                         net (fo=47, routed)          0.780     3.113    func_reg_reg_n_0
    SLICE_X53Y35                                                      r  prod[31]_i_6/I1
    SLICE_X53Y35         LUT6 (Prop_lut6_I1_O)        0.028     3.141 r  prod[31]_i_6/O
                         net (fo=32, routed)          0.154     3.294    log_int[3]
    SLICE_X54Y35                                                      r  prod[20]_i_1/I4
    SLICE_X54Y35         LUT6 (Prop_lut6_I4_O)        0.028     3.322 r  prod[20]_i_1/O
                         net (fo=1, routed)           0.000     3.322    prod_reg__0[20]
    SLICE_X54Y35         FDRE                                         r  prod_reg[20]/D
  -------------------------------------------------------------------    -------------------

                         (clock clock rise edge)      0.000     0.000 r  
    AU32                                              0.000     0.000 r  clk (IN)
                         net (fo=0)                   0.000     0.000    clk
    AU32                                                              r  clk_IBUF_inst/I
    AU32                 IBUF (Prop_ibuf_I_O)         0.315     0.315 r  clk_IBUF_inst/O
                         net (fo=1, routed)           1.346     1.661    clk_IBUF
    BUFGCTRL_X0Y0                                                     r  clk_IBUF_BUFG_inst/I
    BUFGCTRL_X0Y0        BUFG (Prop_bufg_I_O)         0.030     1.691 r  clk_IBUF_BUFG_inst/O
                         net (fo=65, routed)          1.032     2.723    clk_IBUF_BUFG
    SLICE_X54Y35         FDRE                                         r  prod_reg[20]/C
                         clock pessimism             -0.470     2.252    
    SLICE_X54Y35         FDRE (Hold_fdre_C_D)         0.087     2.339    prod_reg[20]
  -------------------------------------------------------------------
                         required time                         -2.339    
                         arrival time                           3.322    
  -------------------------------------------------------------------
                         slack                                  0.983    

Slack (MET) :             1.007ns  (arrival time - required time)
  Source:                 func_reg_reg/C
                            (rising edge-triggered cell FDRE clocked by clock  {rise@0.000ns fall@3.508ns period=7.017ns})
  Destination:            prod_reg[8]/R
                            (rising edge-triggered cell FDRE clocked by clock  {rise@0.000ns fall@3.508ns period=7.017ns})
  Path Group:             clock
  Path Type:              Hold (Min at Fast Process Corner)
  Requirement:            0.000ns  (clock rise@0.000ns - clock rise@0.000ns)
  Data Path Delay:        1.034ns  (logic 0.128ns (12.382%)  route 0.906ns (87.618%))
  Logic Levels:           1  (LUT6=1)
  Clock Path Skew:        0.021ns (DCD - SCD - CPR)
    Destination Clock Delay (DCD):    2.725ns
    Source Clock Delay      (SCD):    2.233ns
    Clock Pessimism Removal (CPR):    0.470ns

    Location             Delay type                Incr(ns)  Path(ns)    Netlist Resource(s)
  -------------------------------------------------------------------    -------------------
                         (clock clock rise edge)      0.000     0.000 r  
    AU32                                              0.000     0.000 r  clk (IN)
                         net (fo=0)                   0.000     0.000    clk
    AU32                                                              r  clk_IBUF_inst/I
    AU32                 IBUF (Prop_ibuf_I_O)         0.148     0.148 r  clk_IBUF_inst/O
                         net (fo=1, routed)           1.274     1.422    clk_IBUF
    BUFGCTRL_X0Y0                                                     r  clk_IBUF_BUFG_inst/I
    BUFGCTRL_X0Y0        BUFG (Prop_bufg_I_O)         0.026     1.448 r  clk_IBUF_BUFG_inst/O
                         net (fo=65, routed)          0.785     2.233    clk_IBUF_BUFG
    SLICE_X47Y30         FDRE                                         r  func_reg_reg/C
  -------------------------------------------------------------------    -------------------
    SLICE_X47Y30         FDRE (Prop_fdre_C_Q)         0.100     2.333 r  func_reg_reg/Q
                         net (fo=47, routed)          0.739     3.072    func_reg_reg_n_0
    SLICE_X50Y34                                                      r  prod[16]_i_1/I0
    SLICE_X50Y34         LUT6 (Prop_lut6_I0_O)        0.028     3.100 r  prod[16]_i_1/O
                         net (fo=32, routed)          0.167     3.267    prod[16]_i_1_n_0
    SLICE_X52Y34         FDRE                                         r  prod_reg[8]/R
  -------------------------------------------------------------------    -------------------

                         (clock clock rise edge)      0.000     0.000 r  
    AU32                                              0.000     0.000 r  clk (IN)
                         net (fo=0)                   0.000     0.000    clk
    AU32                                                              r  clk_IBUF_inst/I
    AU32                 IBUF (Prop_ibuf_I_O)         0.315     0.315 r  clk_IBUF_inst/O
                         net (fo=1, routed)           1.346     1.661    clk_IBUF
    BUFGCTRL_X0Y0                                                     r  clk_IBUF_BUFG_inst/I
    BUFGCTRL_X0Y0        BUFG (Prop_bufg_I_O)         0.030     1.691 r  clk_IBUF_BUFG_inst/O
                         net (fo=65, routed)          1.034     2.725    clk_IBUF_BUFG
    SLICE_X52Y34         FDRE                                         r  prod_reg[8]/C
                         clock pessimism             -0.470     2.254    
    SLICE_X52Y34         FDRE (Hold_fdre_C_R)         0.006     2.260    prod_reg[8]
  -------------------------------------------------------------------
                         required time                         -2.260    
                         arrival time                           3.267    
  -------------------------------------------------------------------
                         slack                                  1.007    

Slack (MET) :             1.032ns  (arrival time - required time)
  Source:                 func_reg_reg/C
                            (rising edge-triggered cell FDRE clocked by clock  {rise@0.000ns fall@3.508ns period=7.017ns})
  Destination:            prod_reg[27]/D
                            (rising edge-triggered cell FDRE clocked by clock  {rise@0.000ns fall@3.508ns period=7.017ns})
  Path Group:             clock
  Path Type:              Hold (Min at Fast Process Corner)
  Requirement:            0.000ns  (clock rise@0.000ns - clock rise@0.000ns)
  Data Path Delay:        1.146ns  (logic 0.156ns (13.612%)  route 0.990ns (86.388%))
  Logic Levels:           2  (LUT6=2)
  Clock Path Skew:        0.027ns (DCD - SCD - CPR)
    Destination Clock Delay (DCD):    2.731ns
    Source Clock Delay      (SCD):    2.233ns
    Clock Pessimism Removal (CPR):    0.470ns

    Location             Delay type                Incr(ns)  Path(ns)    Netlist Resource(s)
  -------------------------------------------------------------------    -------------------
                         (clock clock rise edge)      0.000     0.000 r  
    AU32                                              0.000     0.000 r  clk (IN)
                         net (fo=0)                   0.000     0.000    clk
    AU32                                                              r  clk_IBUF_inst/I
    AU32                 IBUF (Prop_ibuf_I_O)         0.148     0.148 r  clk_IBUF_inst/O
                         net (fo=1, routed)           1.274     1.422    clk_IBUF
    BUFGCTRL_X0Y0                                                     r  clk_IBUF_BUFG_inst/I
    BUFGCTRL_X0Y0        BUFG (Prop_bufg_I_O)         0.026     1.448 r  clk_IBUF_BUFG_inst/O
                         net (fo=65, routed)          0.785     2.233    clk_IBUF_BUFG
    SLICE_X47Y30         FDRE                                         r  func_reg_reg/C
  -------------------------------------------------------------------    -------------------
    SLICE_X47Y30         FDRE (Prop_fdre_C_Q)         0.100     2.333 r  func_reg_reg/Q
                         net (fo=47, routed)          0.739     3.072    func_reg_reg_n_0
    SLICE_X50Y34                                                      r  prod[16]_i_1/I0
    SLICE_X50Y34         LUT6 (Prop_lut6_I0_O)        0.028     3.100 r  prod[16]_i_1/O
                         net (fo=32, routed)          0.251     3.351    prod[16]_i_1_n_0
    SLICE_X50Y38                                                      r  prod[27]_i_1/I2
    SLICE_X50Y38         LUT6 (Prop_lut6_I2_O)        0.028     3.379 r  prod[27]_i_1/O
                         net (fo=1, routed)           0.000     3.379    prod_reg__0[27]
    SLICE_X50Y38         FDRE                                         r  prod_reg[27]/D
  -------------------------------------------------------------------    -------------------

                         (clock clock rise edge)      0.000     0.000 r  
    AU32                                              0.000     0.000 r  clk (IN)
                         net (fo=0)                   0.000     0.000    clk
    AU32                                                              r  clk_IBUF_inst/I
    AU32                 IBUF (Prop_ibuf_I_O)         0.315     0.315 r  clk_IBUF_inst/O
                         net (fo=1, routed)           1.346     1.661    clk_IBUF
    BUFGCTRL_X0Y0                                                     r  clk_IBUF_BUFG_inst/I
    BUFGCTRL_X0Y0        BUFG (Prop_bufg_I_O)         0.030     1.691 r  clk_IBUF_BUFG_inst/O
                         net (fo=65, routed)          1.040     2.731    clk_IBUF_BUFG
    SLICE_X50Y38         FDRE                                         r  prod_reg[27]/C
                         clock pessimism             -0.470     2.260    
    SLICE_X50Y38         FDRE (Hold_fdre_C_D)         0.087     2.347    prod_reg[27]
  -------------------------------------------------------------------
                         required time                         -2.347    
                         arrival time                           3.379    
  -------------------------------------------------------------------
                         slack                                  1.032    

Slack (MET) :             1.034ns  (arrival time - required time)
  Source:                 func_reg_reg/C
                            (rising edge-triggered cell FDRE clocked by clock  {rise@0.000ns fall@3.508ns period=7.017ns})
  Destination:            prod_reg[24]/D
                            (rising edge-triggered cell FDRE clocked by clock  {rise@0.000ns fall@3.508ns period=7.017ns})
  Path Group:             clock
  Path Type:              Hold (Min at Fast Process Corner)
  Requirement:            0.000ns  (clock rise@0.000ns - clock rise@0.000ns)
  Data Path Delay:        1.145ns  (logic 0.156ns (13.624%)  route 0.989ns (86.376%))
  Logic Levels:           2  (LUT5=1 LUT6=1)
  Clock Path Skew:        0.024ns (DCD - SCD - CPR)
    Destination Clock Delay (DCD):    2.728ns
    Source Clock Delay      (SCD):    2.233ns
    Clock Pessimism Removal (CPR):    0.470ns

    Location             Delay type                Incr(ns)  Path(ns)    Netlist Resource(s)
  -------------------------------------------------------------------    -------------------
                         (clock clock rise edge)      0.000     0.000 r  
    AU32                                              0.000     0.000 r  clk (IN)
                         net (fo=0)                   0.000     0.000    clk
    AU32                                                              r  clk_IBUF_inst/I
    AU32                 IBUF (Prop_ibuf_I_O)         0.148     0.148 r  clk_IBUF_inst/O
                         net (fo=1, routed)           1.274     1.422    clk_IBUF
    BUFGCTRL_X0Y0                                                     r  clk_IBUF_BUFG_inst/I
    BUFGCTRL_X0Y0        BUFG (Prop_bufg_I_O)         0.026     1.448 r  clk_IBUF_BUFG_inst/O
                         net (fo=65, routed)          0.785     2.233    clk_IBUF_BUFG
    SLICE_X47Y30         FDRE                                         r  func_reg_reg/C
  -------------------------------------------------------------------    -------------------
    SLICE_X47Y30         FDRE (Prop_fdre_C_Q)         0.100     2.333 r  func_reg_reg/Q
                         net (fo=47, routed)          0.739     3.072    func_reg_reg_n_0
    SLICE_X50Y34                                                      r  prod[16]_i_1/I0
    SLICE_X50Y34         LUT6 (Prop_lut6_I0_O)        0.028     3.100 r  prod[16]_i_1/O
                         net (fo=32, routed)          0.250     3.350    prod[16]_i_1_n_0
    SLICE_X50Y35                                                      r  prod[24]_i_1/I1
    SLICE_X50Y35         LUT5 (Prop_lut5_I1_O)        0.028     3.378 r  prod[24]_i_1/O
                         net (fo=1, routed)           0.000     3.378    prod_reg__0[24]
    SLICE_X50Y35         FDRE                                         r  prod_reg[24]/D
  -------------------------------------------------------------------    -------------------

                         (clock clock rise edge)      0.000     0.000 r  
    AU32                                              0.000     0.000 r  clk (IN)
                         net (fo=0)                   0.000     0.000    clk
    AU32                                                              r  clk_IBUF_inst/I
    AU32                 IBUF (Prop_ibuf_I_O)         0.315     0.315 r  clk_IBUF_inst/O
                         net (fo=1, routed)           1.346     1.661    clk_IBUF
    BUFGCTRL_X0Y0                                                     r  clk_IBUF_BUFG_inst/I
    BUFGCTRL_X0Y0        BUFG (Prop_bufg_I_O)         0.030     1.691 r  clk_IBUF_BUFG_inst/O
                         net (fo=65, routed)          1.037     2.728    clk_IBUF_BUFG
    SLICE_X50Y35         FDRE                                         r  prod_reg[24]/C
                         clock pessimism             -0.470     2.257    
    SLICE_X50Y35         FDRE (Hold_fdre_C_D)         0.087     2.344    prod_reg[24]
  -------------------------------------------------------------------
                         required time                         -2.344    
                         arrival time                           3.378    
  -------------------------------------------------------------------
                         slack                                  1.034    

Slack (MET) :             1.034ns  (arrival time - required time)
  Source:                 func_reg_reg/C
                            (rising edge-triggered cell FDRE clocked by clock  {rise@0.000ns fall@3.508ns period=7.017ns})
  Destination:            prod_reg[30]/D
                            (rising edge-triggered cell FDRE clocked by clock  {rise@0.000ns fall@3.508ns period=7.017ns})
  Path Group:             clock
  Path Type:              Hold (Min at Fast Process Corner)
  Requirement:            0.000ns  (clock rise@0.000ns - clock rise@0.000ns)
  Data Path Delay:        1.145ns  (logic 0.156ns (13.624%)  route 0.989ns (86.376%))
  Logic Levels:           2  (LUT6=2)
  Clock Path Skew:        0.024ns (DCD - SCD - CPR)
    Destination Clock Delay (DCD):    2.728ns
    Source Clock Delay      (SCD):    2.233ns
    Clock Pessimism Removal (CPR):    0.470ns

    Location             Delay type                Incr(ns)  Path(ns)    Netlist Resource(s)
  -------------------------------------------------------------------    -------------------
                         (clock clock rise edge)      0.000     0.000 r  
    AU32                                              0.000     0.000 r  clk (IN)
                         net (fo=0)                   0.000     0.000    clk
    AU32                                                              r  clk_IBUF_inst/I
    AU32                 IBUF (Prop_ibuf_I_O)         0.148     0.148 r  clk_IBUF_inst/O
                         net (fo=1, routed)           1.274     1.422    clk_IBUF
    BUFGCTRL_X0Y0                                                     r  clk_IBUF_BUFG_inst/I
    BUFGCTRL_X0Y0        BUFG (Prop_bufg_I_O)         0.026     1.448 r  clk_IBUF_BUFG_inst/O
                         net (fo=65, routed)          0.785     2.233    clk_IBUF_BUFG
    SLICE_X47Y30         FDRE                                         r  func_reg_reg/C
  -------------------------------------------------------------------    -------------------
    SLICE_X47Y30         FDRE (Prop_fdre_C_Q)         0.100     2.333 r  func_reg_reg/Q
                         net (fo=47, routed)          0.739     3.072    func_reg_reg_n_0
    SLICE_X50Y34                                                      r  prod[16]_i_1/I0
    SLICE_X50Y34         LUT6 (Prop_lut6_I0_O)        0.028     3.100 r  prod[16]_i_1/O
                         net (fo=32, routed)          0.250     3.350    prod[16]_i_1_n_0
    SLICE_X50Y35                                                      r  prod[30]_i_1/I2
    SLICE_X50Y35         LUT6 (Prop_lut6_I2_O)        0.028     3.378 r  prod[30]_i_1/O
                         net (fo=1, routed)           0.000     3.378    prod_reg__0[30]
    SLICE_X50Y35         FDRE                                         r  prod_reg[30]/D
  -------------------------------------------------------------------    -------------------

                         (clock clock rise edge)      0.000     0.000 r  
    AU32                                              0.000     0.000 r  clk (IN)
                         net (fo=0)                   0.000     0.000    clk
    AU32                                                              r  clk_IBUF_inst/I
    AU32                 IBUF (Prop_ibuf_I_O)         0.315     0.315 r  clk_IBUF_inst/O
                         net (fo=1, routed)           1.346     1.661    clk_IBUF
    BUFGCTRL_X0Y0                                                     r  clk_IBUF_BUFG_inst/I
    BUFGCTRL_X0Y0        BUFG (Prop_bufg_I_O)         0.030     1.691 r  clk_IBUF_BUFG_inst/O
                         net (fo=65, routed)          1.037     2.728    clk_IBUF_BUFG
    SLICE_X50Y35         FDRE                                         r  prod_reg[30]/C
                         clock pessimism             -0.470     2.257    
    SLICE_X50Y35         FDRE (Hold_fdre_C_D)         0.087     2.344    prod_reg[30]
  -------------------------------------------------------------------
                         required time                         -2.344    
                         arrival time                           3.378    
  -------------------------------------------------------------------
                         slack                                  1.034    

Slack (MET) :             1.034ns  (arrival time - required time)
  Source:                 func_reg_reg/C
                            (rising edge-triggered cell FDRE clocked by clock  {rise@0.000ns fall@3.508ns period=7.017ns})
  Destination:            prod_reg[31]/D
                            (rising edge-triggered cell FDRE clocked by clock  {rise@0.000ns fall@3.508ns period=7.017ns})
  Path Group:             clock
  Path Type:              Hold (Min at Fast Process Corner)
  Requirement:            0.000ns  (clock rise@0.000ns - clock rise@0.000ns)
  Data Path Delay:        1.148ns  (logic 0.156ns (13.588%)  route 0.992ns (86.412%))
  Logic Levels:           2  (LUT6=2)
  Clock Path Skew:        0.027ns (DCD - SCD - CPR)
    Destination Clock Delay (DCD):    2.731ns
    Source Clock Delay      (SCD):    2.233ns
    Clock Pessimism Removal (CPR):    0.470ns

    Location             Delay type                Incr(ns)  Path(ns)    Netlist Resource(s)
  -------------------------------------------------------------------    -------------------
                         (clock clock rise edge)      0.000     0.000 r  
    AU32                                              0.000     0.000 r  clk (IN)
                         net (fo=0)                   0.000     0.000    clk
    AU32                                                              r  clk_IBUF_inst/I
    AU32                 IBUF (Prop_ibuf_I_O)         0.148     0.148 r  clk_IBUF_inst/O
                         net (fo=1, routed)           1.274     1.422    clk_IBUF
    BUFGCTRL_X0Y0                                                     r  clk_IBUF_BUFG_inst/I
    BUFGCTRL_X0Y0        BUFG (Prop_bufg_I_O)         0.026     1.448 r  clk_IBUF_BUFG_inst/O
                         net (fo=65, routed)          0.785     2.233    clk_IBUF_BUFG
    SLICE_X47Y30         FDRE                                         r  func_reg_reg/C
  -------------------------------------------------------------------    -------------------
    SLICE_X47Y30         FDRE (Prop_fdre_C_Q)         0.100     2.333 r  func_reg_reg/Q
                         net (fo=47, routed)          0.739     3.072    func_reg_reg_n_0
    SLICE_X50Y34                                                      r  prod[16]_i_1/I0
    SLICE_X50Y34         LUT6 (Prop_lut6_I0_O)        0.028     3.100 r  prod[16]_i_1/O
                         net (fo=32, routed)          0.253     3.353    prod[16]_i_1_n_0
    SLICE_X50Y38                                                      r  prod[31]_i_1/I2
    SLICE_X50Y38         LUT6 (Prop_lut6_I2_O)        0.028     3.381 r  prod[31]_i_1/O
                         net (fo=1, routed)           0.000     3.381    prod_reg__0[31]
    SLICE_X50Y38         FDRE                                         r  prod_reg[31]/D
  -------------------------------------------------------------------    -------------------

                         (clock clock rise edge)      0.000     0.000 r  
    AU32                                              0.000     0.000 r  clk (IN)
                         net (fo=0)                   0.000     0.000    clk
    AU32                                                              r  clk_IBUF_inst/I
    AU32                 IBUF (Prop_ibuf_I_O)         0.315     0.315 r  clk_IBUF_inst/O
                         net (fo=1, routed)           1.346     1.661    clk_IBUF
    BUFGCTRL_X0Y0                                                     r  clk_IBUF_BUFG_inst/I
    BUFGCTRL_X0Y0        BUFG (Prop_bufg_I_O)         0.030     1.691 r  clk_IBUF_BUFG_inst/O
                         net (fo=65, routed)          1.040     2.731    clk_IBUF_BUFG
    SLICE_X50Y38         FDRE                                         r  prod_reg[31]/C
                         clock pessimism             -0.470     2.260    
    SLICE_X50Y38         FDRE (Hold_fdre_C_D)         0.087     2.347    prod_reg[31]
  -------------------------------------------------------------------
                         required time                         -2.347    
                         arrival time                           3.381    
  -------------------------------------------------------------------
                         slack                                  1.034    

Slack (MET) :             1.040ns  (arrival time - required time)
  Source:                 a_reg_reg[0]/C
                            (rising edge-triggered cell FDRE clocked by clock  {rise@0.000ns fall@3.508ns period=7.017ns})
  Destination:            prod_reg[17]/D
                            (rising edge-triggered cell FDRE clocked by clock  {rise@0.000ns fall@3.508ns period=7.017ns})
  Path Group:             clock
  Path Type:              Hold (Min at Fast Process Corner)
  Requirement:            0.000ns  (clock rise@0.000ns - clock rise@0.000ns)
  Data Path Delay:        1.146ns  (logic 0.364ns (31.760%)  route 0.782ns (68.240%))
  Logic Levels:           4  (CARRY4=1 LUT4=1 LUT5=1 LUT6=1)
  Clock Path Skew:        0.019ns (DCD - SCD - CPR)
    Destination Clock Delay (DCD):    2.729ns
    Source Clock Delay      (SCD):    2.220ns
    Clock Pessimism Removal (CPR):    0.489ns

    Location             Delay type                Incr(ns)  Path(ns)    Netlist Resource(s)
  -------------------------------------------------------------------    -------------------
                         (clock clock rise edge)      0.000     0.000 r  
    AU32                                              0.000     0.000 r  clk (IN)
                         net (fo=0)                   0.000     0.000    clk
    AU32                                                              r  clk_IBUF_inst/I
    AU32                 IBUF (Prop_ibuf_I_O)         0.148     0.148 r  clk_IBUF_inst/O
                         net (fo=1, routed)           1.274     1.422    clk_IBUF
    BUFGCTRL_X0Y0                                                     r  clk_IBUF_BUFG_inst/I
    BUFGCTRL_X0Y0        BUFG (Prop_bufg_I_O)         0.026     1.448 r  clk_IBUF_BUFG_inst/O
                         net (fo=65, routed)          0.772     2.220    clk_IBUF_BUFG
    SLICE_X48Y29         FDRE                                         r  a_reg_reg[0]/C
  -------------------------------------------------------------------    -------------------
    SLICE_X48Y29         FDRE (Prop_fdre_C_Q)         0.118     2.338 r  a_reg_reg[0]/Q
                         net (fo=9, routed)           0.186     2.524    a_reg[0]
    SLICE_X48Y31                                                      r  prod[29]_i_6/I2
    SLICE_X48Y31         LUT5 (Prop_lut5_I2_O)        0.028     2.552 r  prod[29]_i_6/O
                         net (fo=1, routed)           0.179     2.730    inst0/adder_inst_2/a_reg_reg[0]
    SLICE_X48Y34                                                      r  inst0/adder_inst_2/prod_reg[29]_i_5/CYINIT
    SLICE_X48Y34         CARRY4 (Prop_carry4_CYINIT_O[0])
                                                      0.124     2.854 r  inst0/adder_inst_2/prod_reg[29]_i_5/O[0]
                         net (fo=8, routed)           0.278     3.132    inst0_n_24
    SLICE_X50Y37                                                      r  prod[25]_i_3/I1
    SLICE_X50Y37         LUT4 (Prop_lut4_I1_O)        0.066     3.198 r  prod[25]_i_3/O
                         net (fo=4, routed)           0.140     3.338    prod[25]_i_3_n_0
    SLICE_X50Y37                                                      r  prod[17]_i_1/I0
    SLICE_X50Y37         LUT6 (Prop_lut6_I0_O)        0.028     3.366 r  prod[17]_i_1/O
                         net (fo=1, routed)           0.000     3.366    prod_reg__0[17]
    SLICE_X50Y37         FDRE                                         r  prod_reg[17]/D
  -------------------------------------------------------------------    -------------------

                         (clock clock rise edge)      0.000     0.000 r  
    AU32                                              0.000     0.000 r  clk (IN)
                         net (fo=0)                   0.000     0.000    clk
    AU32                                                              r  clk_IBUF_inst/I
    AU32                 IBUF (Prop_ibuf_I_O)         0.315     0.315 r  clk_IBUF_inst/O
                         net (fo=1, routed)           1.346     1.661    clk_IBUF
    BUFGCTRL_X0Y0                                                     r  clk_IBUF_BUFG_inst/I
    BUFGCTRL_X0Y0        BUFG (Prop_bufg_I_O)         0.030     1.691 r  clk_IBUF_BUFG_inst/O
                         net (fo=65, routed)          1.038     2.729    clk_IBUF_BUFG
    SLICE_X50Y37         FDRE                                         r  prod_reg[17]/C
                         clock pessimism             -0.489     2.239    
    SLICE_X50Y37         FDRE (Hold_fdre_C_D)         0.087     2.326    prod_reg[17]
  -------------------------------------------------------------------
                         required time                         -2.326    
                         arrival time                           3.366    
  -------------------------------------------------------------------
                         slack                                  1.040    

Slack (MET) :             1.041ns  (arrival time - required time)
  Source:                 a_reg_reg[0]/C
                            (rising edge-triggered cell FDRE clocked by clock  {rise@0.000ns fall@3.508ns period=7.017ns})
  Destination:            prod_reg[1]/D
                            (rising edge-triggered cell FDRE clocked by clock  {rise@0.000ns fall@3.508ns period=7.017ns})
  Path Group:             clock
  Path Type:              Hold (Min at Fast Process Corner)
  Requirement:            0.000ns  (clock rise@0.000ns - clock rise@0.000ns)
  Data Path Delay:        1.119ns  (logic 0.364ns (32.524%)  route 0.755ns (67.476%))
  Logic Levels:           4  (CARRY4=1 LUT4=1 LUT5=2)
  Clock Path Skew:        0.018ns (DCD - SCD - CPR)
    Destination Clock Delay (DCD):    2.728ns
    Source Clock Delay      (SCD):    2.220ns
    Clock Pessimism Removal (CPR):    0.489ns

    Location             Delay type                Incr(ns)  Path(ns)    Netlist Resource(s)
  -------------------------------------------------------------------    -------------------
                         (clock clock rise edge)      0.000     0.000 r  
    AU32                                              0.000     0.000 r  clk (IN)
                         net (fo=0)                   0.000     0.000    clk
    AU32                                                              r  clk_IBUF_inst/I
    AU32                 IBUF (Prop_ibuf_I_O)         0.148     0.148 r  clk_IBUF_inst/O
                         net (fo=1, routed)           1.274     1.422    clk_IBUF
    BUFGCTRL_X0Y0                                                     r  clk_IBUF_BUFG_inst/I
    BUFGCTRL_X0Y0        BUFG (Prop_bufg_I_O)         0.026     1.448 r  clk_IBUF_BUFG_inst/O
                         net (fo=65, routed)          0.772     2.220    clk_IBUF_BUFG
    SLICE_X48Y29         FDRE                                         r  a_reg_reg[0]/C
  -------------------------------------------------------------------    -------------------
    SLICE_X48Y29         FDRE (Prop_fdre_C_Q)         0.118     2.338 r  a_reg_reg[0]/Q
                         net (fo=9, routed)           0.186     2.524    a_reg[0]
    SLICE_X48Y31                                                      r  prod[29]_i_6/I2
    SLICE_X48Y31         LUT5 (Prop_lut5_I2_O)        0.028     2.552 r  prod[29]_i_6/O
                         net (fo=1, routed)           0.179     2.730    inst0/adder_inst_2/a_reg_reg[0]
    SLICE_X48Y34                                                      r  inst0/adder_inst_2/prod_reg[29]_i_5/CYINIT
    SLICE_X48Y34         CARRY4 (Prop_carry4_CYINIT_O[0])
                                                      0.124     2.854 r  inst0/adder_inst_2/prod_reg[29]_i_5/O[0]
                         net (fo=8, routed)           0.278     3.132    inst0_n_24
    SLICE_X50Y37                                                      r  prod[25]_i_3/I1
    SLICE_X50Y37         LUT4 (Prop_lut4_I1_O)        0.066     3.198 r  prod[25]_i_3/O
                         net (fo=4, routed)           0.113     3.311    prod[25]_i_3_n_0
    SLICE_X51Y36                                                      r  prod[1]_i_1/I0
    SLICE_X51Y36         LUT5 (Prop_lut5_I0_O)        0.028     3.339 r  prod[1]_i_1/O
                         net (fo=1, routed)           0.000     3.339    prod[1]_i_1_n_0
    SLICE_X51Y36         FDRE                                         r  prod_reg[1]/D
  -------------------------------------------------------------------    -------------------

                         (clock clock rise edge)      0.000     0.000 r  
    AU32                                              0.000     0.000 r  clk (IN)
                         net (fo=0)                   0.000     0.000    clk
    AU32                                                              r  clk_IBUF_inst/I
    AU32                 IBUF (Prop_ibuf_I_O)         0.315     0.315 r  clk_IBUF_inst/O
                         net (fo=1, routed)           1.346     1.661    clk_IBUF
    BUFGCTRL_X0Y0                                                     r  clk_IBUF_BUFG_inst/I
    BUFGCTRL_X0Y0        BUFG (Prop_bufg_I_O)         0.030     1.691 r  clk_IBUF_BUFG_inst/O
                         net (fo=65, routed)          1.037     2.728    clk_IBUF_BUFG
    SLICE_X51Y36         FDRE                                         r  prod_reg[1]/C
                         clock pessimism             -0.489     2.238    
    SLICE_X51Y36         FDRE (Hold_fdre_C_D)         0.060     2.298    prod_reg[1]
  -------------------------------------------------------------------
                         required time                         -2.298    
                         arrival time                           3.339    
  -------------------------------------------------------------------
                         slack                                  1.041    

Slack (MET) :             1.046ns  (arrival time - required time)
  Source:                 func_reg_reg/C
                            (rising edge-triggered cell FDRE clocked by clock  {rise@0.000ns fall@3.508ns period=7.017ns})
  Destination:            prod_reg[26]/D
                            (rising edge-triggered cell FDRE clocked by clock  {rise@0.000ns fall@3.508ns period=7.017ns})
  Path Group:             clock
  Path Type:              Hold (Min at Fast Process Corner)
  Requirement:            0.000ns  (clock rise@0.000ns - clock rise@0.000ns)
  Data Path Delay:        1.131ns  (logic 0.156ns (13.794%)  route 0.975ns (86.206%))
  Logic Levels:           2  (LUT6=2)
  Clock Path Skew:        0.024ns (DCD - SCD - CPR)
    Destination Clock Delay (DCD):    2.728ns
    Source Clock Delay      (SCD):    2.233ns
    Clock Pessimism Removal (CPR):    0.470ns

    Location             Delay type                Incr(ns)  Path(ns)    Netlist Resource(s)
  -------------------------------------------------------------------    -------------------
                         (clock clock rise edge)      0.000     0.000 r  
    AU32                                              0.000     0.000 r  clk (IN)
                         net (fo=0)                   0.000     0.000    clk
    AU32                                                              r  clk_IBUF_inst/I
    AU32                 IBUF (Prop_ibuf_I_O)         0.148     0.148 r  clk_IBUF_inst/O
                         net (fo=1, routed)           1.274     1.422    clk_IBUF
    BUFGCTRL_X0Y0                                                     r  clk_IBUF_BUFG_inst/I
    BUFGCTRL_X0Y0        BUFG (Prop_bufg_I_O)         0.026     1.448 r  clk_IBUF_BUFG_inst/O
                         net (fo=65, routed)          0.785     2.233    clk_IBUF_BUFG
    SLICE_X47Y30         FDRE                                         r  func_reg_reg/C
  -------------------------------------------------------------------    -------------------
    SLICE_X47Y30         FDRE (Prop_fdre_C_Q)         0.100     2.333 r  func_reg_reg/Q
                         net (fo=47, routed)          0.739     3.072    func_reg_reg_n_0
    SLICE_X50Y34                                                      r  prod[16]_i_1/I0
    SLICE_X50Y34         LUT6 (Prop_lut6_I0_O)        0.028     3.100 r  prod[16]_i_1/O
                         net (fo=32, routed)          0.236     3.336    prod[16]_i_1_n_0
    SLICE_X51Y35                                                      r  prod[26]_i_1/I2
    SLICE_X51Y35         LUT6 (Prop_lut6_I2_O)        0.028     3.364 r  prod[26]_i_1/O
                         net (fo=1, routed)           0.000     3.364    prod_reg__0[26]
    SLICE_X51Y35         FDRE                                         r  prod_reg[26]/D
  -------------------------------------------------------------------    -------------------

                         (clock clock rise edge)      0.000     0.000 r  
    AU32                                              0.000     0.000 r  clk (IN)
                         net (fo=0)                   0.000     0.000    clk
    AU32                                                              r  clk_IBUF_inst/I
    AU32                 IBUF (Prop_ibuf_I_O)         0.315     0.315 r  clk_IBUF_inst/O
                         net (fo=1, routed)           1.346     1.661    clk_IBUF
    BUFGCTRL_X0Y0                                                     r  clk_IBUF_BUFG_inst/I
    BUFGCTRL_X0Y0        BUFG (Prop_bufg_I_O)         0.030     1.691 r  clk_IBUF_BUFG_inst/O
                         net (fo=65, routed)          1.037     2.728    clk_IBUF_BUFG
    SLICE_X51Y35         FDRE                                         r  prod_reg[26]/C
                         clock pessimism             -0.470     2.257    
    SLICE_X51Y35         FDRE (Hold_fdre_C_D)         0.061     2.318    prod_reg[26]
  -------------------------------------------------------------------
                         required time                         -2.318    
                         arrival time                           3.364    
  -------------------------------------------------------------------
                         slack                                  1.046    

Slack (MET) :             1.048ns  (arrival time - required time)
  Source:                 func_reg_reg/C
                            (rising edge-triggered cell FDRE clocked by clock  {rise@0.000ns fall@3.508ns period=7.017ns})
  Destination:            prod_reg[8]/D
                            (rising edge-triggered cell FDRE clocked by clock  {rise@0.000ns fall@3.508ns period=7.017ns})
  Path Group:             clock
  Path Type:              Hold (Min at Fast Process Corner)
  Requirement:            0.000ns  (clock rise@0.000ns - clock rise@0.000ns)
  Data Path Delay:        1.156ns  (logic 0.156ns (13.499%)  route 1.000ns (86.501%))
  Logic Levels:           2  (LUT6=2)
  Clock Path Skew:        0.021ns (DCD - SCD - CPR)
    Destination Clock Delay (DCD):    2.725ns
    Source Clock Delay      (SCD):    2.233ns
    Clock Pessimism Removal (CPR):    0.470ns

    Location             Delay type                Incr(ns)  Path(ns)    Netlist Resource(s)
  -------------------------------------------------------------------    -------------------
                         (clock clock rise edge)      0.000     0.000 r  
    AU32                                              0.000     0.000 r  clk (IN)
                         net (fo=0)                   0.000     0.000    clk
    AU32                                                              r  clk_IBUF_inst/I
    AU32                 IBUF (Prop_ibuf_I_O)         0.148     0.148 r  clk_IBUF_inst/O
                         net (fo=1, routed)           1.274     1.422    clk_IBUF
    BUFGCTRL_X0Y0                                                     r  clk_IBUF_BUFG_inst/I
    BUFGCTRL_X0Y0        BUFG (Prop_bufg_I_O)         0.026     1.448 r  clk_IBUF_BUFG_inst/O
                         net (fo=65, routed)          0.785     2.233    clk_IBUF_BUFG
    SLICE_X47Y30         FDRE                                         r  func_reg_reg/C
  -------------------------------------------------------------------    -------------------
    SLICE_X47Y30         FDRE (Prop_fdre_C_Q)         0.100     2.333 r  func_reg_reg/Q
                         net (fo=47, routed)          0.780     3.113    func_reg_reg_n_0
    SLICE_X53Y35                                                      r  prod[31]_i_6/I1
    SLICE_X53Y35         LUT6 (Prop_lut6_I1_O)        0.028     3.141 r  prod[31]_i_6/O
                         net (fo=32, routed)          0.220     3.361    log_int[3]
    SLICE_X52Y34                                                      r  prod[8]_i_1/I4
    SLICE_X52Y34         LUT6 (Prop_lut6_I4_O)        0.028     3.389 r  prod[8]_i_1/O
                         net (fo=1, routed)           0.000     3.389    prod[8]_i_1_n_0
    SLICE_X52Y34         FDRE                                         r  prod_reg[8]/D
  -------------------------------------------------------------------    -------------------

                         (clock clock rise edge)      0.000     0.000 r  
    AU32                                              0.000     0.000 r  clk (IN)
                         net (fo=0)                   0.000     0.000    clk
    AU32                                                              r  clk_IBUF_inst/I
    AU32                 IBUF (Prop_ibuf_I_O)         0.315     0.315 r  clk_IBUF_inst/O
                         net (fo=1, routed)           1.346     1.661    clk_IBUF
    BUFGCTRL_X0Y0                                                     r  clk_IBUF_BUFG_inst/I
    BUFGCTRL_X0Y0        BUFG (Prop_bufg_I_O)         0.030     1.691 r  clk_IBUF_BUFG_inst/O
                         net (fo=65, routed)          1.034     2.725    clk_IBUF_BUFG
    SLICE_X52Y34         FDRE                                         r  prod_reg[8]/C
                         clock pessimism             -0.470     2.254    
    SLICE_X52Y34         FDRE (Hold_fdre_C_D)         0.087     2.341    prod_reg[8]
  -------------------------------------------------------------------
                         required time                         -2.341    
                         arrival time                           3.389    
  -------------------------------------------------------------------
                         slack                                  1.048    

Slack (MET) :             1.057ns  (arrival time - required time)
  Source:                 func_reg_reg/C
                            (rising edge-triggered cell FDRE clocked by clock  {rise@0.000ns fall@3.508ns period=7.017ns})
  Destination:            prod_reg[19]/D
                            (rising edge-triggered cell FDRE clocked by clock  {rise@0.000ns fall@3.508ns period=7.017ns})
  Path Group:             clock
  Path Type:              Hold (Min at Fast Process Corner)
  Requirement:            0.000ns  (clock rise@0.000ns - clock rise@0.000ns)
  Data Path Delay:        1.166ns  (logic 0.156ns (13.383%)  route 1.010ns (86.617%))
  Logic Levels:           2  (LUT6=2)
  Clock Path Skew:        0.022ns (DCD - SCD - CPR)
    Destination Clock Delay (DCD):    2.726ns
    Source Clock Delay      (SCD):    2.233ns
    Clock Pessimism Removal (CPR):    0.470ns

    Location             Delay type                Incr(ns)  Path(ns)    Netlist Resource(s)
  -------------------------------------------------------------------    -------------------
                         (clock clock rise edge)      0.000     0.000 r  
    AU32                                              0.000     0.000 r  clk (IN)
                         net (fo=0)                   0.000     0.000    clk
    AU32                                                              r  clk_IBUF_inst/I
    AU32                 IBUF (Prop_ibuf_I_O)         0.148     0.148 r  clk_IBUF_inst/O
                         net (fo=1, routed)           1.274     1.422    clk_IBUF
    BUFGCTRL_X0Y0                                                     r  clk_IBUF_BUFG_inst/I
    BUFGCTRL_X0Y0        BUFG (Prop_bufg_I_O)         0.026     1.448 r  clk_IBUF_BUFG_inst/O
                         net (fo=65, routed)          0.785     2.233    clk_IBUF_BUFG
    SLICE_X47Y30         FDRE                                         r  func_reg_reg/C
  -------------------------------------------------------------------    -------------------
    SLICE_X47Y30         FDRE (Prop_fdre_C_Q)         0.100     2.333 r  func_reg_reg/Q
                         net (fo=47, routed)          0.780     3.113    func_reg_reg_n_0
    SLICE_X53Y35                                                      r  prod[31]_i_6/I1
    SLICE_X53Y35         LUT6 (Prop_lut6_I1_O)        0.028     3.141 r  prod[31]_i_6/O
                         net (fo=32, routed)          0.230     3.371    log_int[3]
    SLICE_X52Y36                                                      r  prod[19]_i_1/I4
    SLICE_X52Y36         LUT6 (Prop_lut6_I4_O)        0.028     3.399 r  prod[19]_i_1/O
                         net (fo=1, routed)           0.000     3.399    prod_reg__0[19]
    SLICE_X52Y36         FDRE                                         r  prod_reg[19]/D
  -------------------------------------------------------------------    -------------------

                         (clock clock rise edge)      0.000     0.000 r  
    AU32                                              0.000     0.000 r  clk (IN)
                         net (fo=0)                   0.000     0.000    clk
    AU32                                                              r  clk_IBUF_inst/I
    AU32                 IBUF (Prop_ibuf_I_O)         0.315     0.315 r  clk_IBUF_inst/O
                         net (fo=1, routed)           1.346     1.661    clk_IBUF
    BUFGCTRL_X0Y0                                                     r  clk_IBUF_BUFG_inst/I
    BUFGCTRL_X0Y0        BUFG (Prop_bufg_I_O)         0.030     1.691 r  clk_IBUF_BUFG_inst/O
                         net (fo=65, routed)          1.035     2.726    clk_IBUF_BUFG
    SLICE_X52Y36         FDRE                                         r  prod_reg[19]/C
                         clock pessimism             -0.470     2.255    
    SLICE_X52Y36         FDRE (Hold_fdre_C_D)         0.087     2.342    prod_reg[19]
  -------------------------------------------------------------------
                         required time                         -2.342    
                         arrival time                           3.399    
  -------------------------------------------------------------------
                         slack                                  1.057    

Slack (MET) :             1.067ns  (arrival time - required time)
  Source:                 func_reg_reg/C
                            (rising edge-triggered cell FDRE clocked by clock  {rise@0.000ns fall@3.508ns period=7.017ns})
  Destination:            prod_reg[10]/R
                            (rising edge-triggered cell FDRE clocked by clock  {rise@0.000ns fall@3.508ns period=7.017ns})
  Path Group:             clock
  Path Type:              Hold (Min at Fast Process Corner)
  Requirement:            0.000ns  (clock rise@0.000ns - clock rise@0.000ns)
  Data Path Delay:        1.077ns  (logic 0.128ns (11.889%)  route 0.949ns (88.111%))
  Logic Levels:           1  (LUT6=1)
  Clock Path Skew:        0.024ns (DCD - SCD - CPR)
    Destination Clock Delay (DCD):    2.728ns
    Source Clock Delay      (SCD):    2.233ns
    Clock Pessimism Removal (CPR):    0.470ns

    Location             Delay type                Incr(ns)  Path(ns)    Netlist Resource(s)
  -------------------------------------------------------------------    -------------------
                         (clock clock rise edge)      0.000     0.000 r  
    AU32                                              0.000     0.000 r  clk (IN)
                         net (fo=0)                   0.000     0.000    clk
    AU32                                                              r  clk_IBUF_inst/I
    AU32                 IBUF (Prop_ibuf_I_O)         0.148     0.148 r  clk_IBUF_inst/O
                         net (fo=1, routed)           1.274     1.422    clk_IBUF
    BUFGCTRL_X0Y0                                                     r  clk_IBUF_BUFG_inst/I
    BUFGCTRL_X0Y0        BUFG (Prop_bufg_I_O)         0.026     1.448 r  clk_IBUF_BUFG_inst/O
                         net (fo=65, routed)          0.785     2.233    clk_IBUF_BUFG
    SLICE_X47Y30         FDRE                                         r  func_reg_reg/C
  -------------------------------------------------------------------    -------------------
    SLICE_X47Y30         FDRE (Prop_fdre_C_Q)         0.100     2.333 r  func_reg_reg/Q
                         net (fo=47, routed)          0.739     3.072    func_reg_reg_n_0
    SLICE_X50Y34                                                      r  prod[16]_i_1/I0
    SLICE_X50Y34         LUT6 (Prop_lut6_I0_O)        0.028     3.100 r  prod[16]_i_1/O
                         net (fo=32, routed)          0.209     3.310    prod[16]_i_1_n_0
    SLICE_X49Y36         FDRE                                         r  prod_reg[10]/R
  -------------------------------------------------------------------    -------------------

                         (clock clock rise edge)      0.000     0.000 r  
    AU32                                              0.000     0.000 r  clk (IN)
                         net (fo=0)                   0.000     0.000    clk
    AU32                                                              r  clk_IBUF_inst/I
    AU32                 IBUF (Prop_ibuf_I_O)         0.315     0.315 r  clk_IBUF_inst/O
                         net (fo=1, routed)           1.346     1.661    clk_IBUF
    BUFGCTRL_X0Y0                                                     r  clk_IBUF_BUFG_inst/I
    BUFGCTRL_X0Y0        BUFG (Prop_bufg_I_O)         0.030     1.691 r  clk_IBUF_BUFG_inst/O
                         net (fo=65, routed)          1.037     2.728    clk_IBUF_BUFG
    SLICE_X49Y36         FDRE                                         r  prod_reg[10]/C
                         clock pessimism             -0.470     2.257    
    SLICE_X49Y36         FDRE (Hold_fdre_C_R)        -0.014     2.243    prod_reg[10]
  -------------------------------------------------------------------
                         required time                         -2.243    
                         arrival time                           3.310    
  -------------------------------------------------------------------
                         slack                                  1.067    

Slack (MET) :             1.067ns  (arrival time - required time)
  Source:                 func_reg_reg/C
                            (rising edge-triggered cell FDRE clocked by clock  {rise@0.000ns fall@3.508ns period=7.017ns})
  Destination:            prod_reg[15]/R
                            (rising edge-triggered cell FDRE clocked by clock  {rise@0.000ns fall@3.508ns period=7.017ns})
  Path Group:             clock
  Path Type:              Hold (Min at Fast Process Corner)
  Requirement:            0.000ns  (clock rise@0.000ns - clock rise@0.000ns)
  Data Path Delay:        1.077ns  (logic 0.128ns (11.889%)  route 0.949ns (88.111%))
  Logic Levels:           1  (LUT6=1)
  Clock Path Skew:        0.024ns (DCD - SCD - CPR)
    Destination Clock Delay (DCD):    2.728ns
    Source Clock Delay      (SCD):    2.233ns
    Clock Pessimism Removal (CPR):    0.470ns

    Location             Delay type                Incr(ns)  Path(ns)    Netlist Resource(s)
  -------------------------------------------------------------------    -------------------
                         (clock clock rise edge)      0.000     0.000 r  
    AU32                                              0.000     0.000 r  clk (IN)
                         net (fo=0)                   0.000     0.000    clk
    AU32                                                              r  clk_IBUF_inst/I
    AU32                 IBUF (Prop_ibuf_I_O)         0.148     0.148 r  clk_IBUF_inst/O
                         net (fo=1, routed)           1.274     1.422    clk_IBUF
    BUFGCTRL_X0Y0                                                     r  clk_IBUF_BUFG_inst/I
    BUFGCTRL_X0Y0        BUFG (Prop_bufg_I_O)         0.026     1.448 r  clk_IBUF_BUFG_inst/O
                         net (fo=65, routed)          0.785     2.233    clk_IBUF_BUFG
    SLICE_X47Y30         FDRE                                         r  func_reg_reg/C
  -------------------------------------------------------------------    -------------------
    SLICE_X47Y30         FDRE (Prop_fdre_C_Q)         0.100     2.333 r  func_reg_reg/Q
                         net (fo=47, routed)          0.739     3.072    func_reg_reg_n_0
    SLICE_X50Y34                                                      r  prod[16]_i_1/I0
    SLICE_X50Y34         LUT6 (Prop_lut6_I0_O)        0.028     3.100 r  prod[16]_i_1/O
                         net (fo=32, routed)          0.209     3.310    prod[16]_i_1_n_0
    SLICE_X49Y36         FDRE                                         r  prod_reg[15]/R
  -------------------------------------------------------------------    -------------------

                         (clock clock rise edge)      0.000     0.000 r  
    AU32                                              0.000     0.000 r  clk (IN)
                         net (fo=0)                   0.000     0.000    clk
    AU32                                                              r  clk_IBUF_inst/I
    AU32                 IBUF (Prop_ibuf_I_O)         0.315     0.315 r  clk_IBUF_inst/O
                         net (fo=1, routed)           1.346     1.661    clk_IBUF
    BUFGCTRL_X0Y0                                                     r  clk_IBUF_BUFG_inst/I
    BUFGCTRL_X0Y0        BUFG (Prop_bufg_I_O)         0.030     1.691 r  clk_IBUF_BUFG_inst/O
                         net (fo=65, routed)          1.037     2.728    clk_IBUF_BUFG
    SLICE_X49Y36         FDRE                                         r  prod_reg[15]/C
                         clock pessimism             -0.470     2.257    
    SLICE_X49Y36         FDRE (Hold_fdre_C_R)        -0.014     2.243    prod_reg[15]
  -------------------------------------------------------------------
                         required time                         -2.243    
                         arrival time                           3.310    
  -------------------------------------------------------------------
                         slack                                  1.067    

Slack (MET) :             1.067ns  (arrival time - required time)
  Source:                 func_reg_reg/C
                            (rising edge-triggered cell FDRE clocked by clock  {rise@0.000ns fall@3.508ns period=7.017ns})
  Destination:            prod_reg[2]/R
                            (rising edge-triggered cell FDRE clocked by clock  {rise@0.000ns fall@3.508ns period=7.017ns})
  Path Group:             clock
  Path Type:              Hold (Min at Fast Process Corner)
  Requirement:            0.000ns  (clock rise@0.000ns - clock rise@0.000ns)
  Data Path Delay:        1.077ns  (logic 0.128ns (11.889%)  route 0.949ns (88.111%))
  Logic Levels:           1  (LUT6=1)
  Clock Path Skew:        0.024ns (DCD - SCD - CPR)
    Destination Clock Delay (DCD):    2.728ns
    Source Clock Delay      (SCD):    2.233ns
    Clock Pessimism Removal (CPR):    0.470ns

    Location             Delay type                Incr(ns)  Path(ns)    Netlist Resource(s)
  -------------------------------------------------------------------    -------------------
                         (clock clock rise edge)      0.000     0.000 r  
    AU32                                              0.000     0.000 r  clk (IN)
                         net (fo=0)                   0.000     0.000    clk
    AU32                                                              r  clk_IBUF_inst/I
    AU32                 IBUF (Prop_ibuf_I_O)         0.148     0.148 r  clk_IBUF_inst/O
                         net (fo=1, routed)           1.274     1.422    clk_IBUF
    BUFGCTRL_X0Y0                                                     r  clk_IBUF_BUFG_inst/I
    BUFGCTRL_X0Y0        BUFG (Prop_bufg_I_O)         0.026     1.448 r  clk_IBUF_BUFG_inst/O
                         net (fo=65, routed)          0.785     2.233    clk_IBUF_BUFG
    SLICE_X47Y30         FDRE                                         r  func_reg_reg/C
  -------------------------------------------------------------------    -------------------
    SLICE_X47Y30         FDRE (Prop_fdre_C_Q)         0.100     2.333 r  func_reg_reg/Q
                         net (fo=47, routed)          0.739     3.072    func_reg_reg_n_0
    SLICE_X50Y34                                                      r  prod[16]_i_1/I0
    SLICE_X50Y34         LUT6 (Prop_lut6_I0_O)        0.028     3.100 r  prod[16]_i_1/O
                         net (fo=32, routed)          0.209     3.310    prod[16]_i_1_n_0
    SLICE_X49Y36         FDRE                                         r  prod_reg[2]/R
  -------------------------------------------------------------------    -------------------

                         (clock clock rise edge)      0.000     0.000 r  
    AU32                                              0.000     0.000 r  clk (IN)
                         net (fo=0)                   0.000     0.000    clk
    AU32                                                              r  clk_IBUF_inst/I
    AU32                 IBUF (Prop_ibuf_I_O)         0.315     0.315 r  clk_IBUF_inst/O
                         net (fo=1, routed)           1.346     1.661    clk_IBUF
    BUFGCTRL_X0Y0                                                     r  clk_IBUF_BUFG_inst/I
    BUFGCTRL_X0Y0        BUFG (Prop_bufg_I_O)         0.030     1.691 r  clk_IBUF_BUFG_inst/O
                         net (fo=65, routed)          1.037     2.728    clk_IBUF_BUFG
    SLICE_X49Y36         FDRE                                         r  prod_reg[2]/C
                         clock pessimism             -0.470     2.257    
    SLICE_X49Y36         FDRE (Hold_fdre_C_R)        -0.014     2.243    prod_reg[2]
  -------------------------------------------------------------------
                         required time                         -2.243    
                         arrival time                           3.310    
  -------------------------------------------------------------------
                         slack                                  1.067    

Slack (MET) :             1.067ns  (arrival time - required time)
  Source:                 func_reg_reg/C
                            (rising edge-triggered cell FDRE clocked by clock  {rise@0.000ns fall@3.508ns period=7.017ns})
  Destination:            prod_reg[14]/D
                            (rising edge-triggered cell FDRE clocked by clock  {rise@0.000ns fall@3.508ns period=7.017ns})
  Path Group:             clock
  Path Type:              Hold (Min at Fast Process Corner)
  Requirement:            0.000ns  (clock rise@0.000ns - clock rise@0.000ns)
  Data Path Delay:        1.151ns  (logic 0.156ns (13.556%)  route 0.995ns (86.444%))
  Logic Levels:           2  (LUT5=1 LUT6=1)
  Clock Path Skew:        0.023ns (DCD - SCD - CPR)
    Destination Clock Delay (DCD):    2.727ns
    Source Clock Delay      (SCD):    2.233ns
    Clock Pessimism Removal (CPR):    0.470ns

    Location             Delay type                Incr(ns)  Path(ns)    Netlist Resource(s)
  -------------------------------------------------------------------    -------------------
                         (clock clock rise edge)      0.000     0.000 r  
    AU32                                              0.000     0.000 r  clk (IN)
                         net (fo=0)                   0.000     0.000    clk
    AU32                                                              r  clk_IBUF_inst/I
    AU32                 IBUF (Prop_ibuf_I_O)         0.148     0.148 r  clk_IBUF_inst/O
                         net (fo=1, routed)           1.274     1.422    clk_IBUF
    BUFGCTRL_X0Y0                                                     r  clk_IBUF_BUFG_inst/I
    BUFGCTRL_X0Y0        BUFG (Prop_bufg_I_O)         0.026     1.448 r  clk_IBUF_BUFG_inst/O
                         net (fo=65, routed)          0.785     2.233    clk_IBUF_BUFG
    SLICE_X47Y30         FDRE                                         r  func_reg_reg/C
  -------------------------------------------------------------------    -------------------
    SLICE_X47Y30         FDRE (Prop_fdre_C_Q)         0.100     2.333 r  func_reg_reg/Q
                         net (fo=47, routed)          0.780     3.113    func_reg_reg_n_0
    SLICE_X53Y35                                                      r  prod[31]_i_6/I1
    SLICE_X53Y35         LUT6 (Prop_lut6_I1_O)        0.028     3.141 r  prod[31]_i_6/O
                         net (fo=32, routed)          0.215     3.356    log_int[3]
    SLICE_X49Y34                                                      r  prod[14]_i_1/I3
    SLICE_X49Y34         LUT5 (Prop_lut5_I3_O)        0.028     3.384 r  prod[14]_i_1/O
                         net (fo=1, routed)           0.000     3.384    prod[14]_i_1_n_0
    SLICE_X49Y34         FDRE                                         r  prod_reg[14]/D
  -------------------------------------------------------------------    -------------------

                         (clock clock rise edge)      0.000     0.000 r  
    AU32                                              0.000     0.000 r  clk (IN)
                         net (fo=0)                   0.000     0.000    clk
    AU32                                                              r  clk_IBUF_inst/I
    AU32                 IBUF (Prop_ibuf_I_O)         0.315     0.315 r  clk_IBUF_inst/O
                         net (fo=1, routed)           1.346     1.661    clk_IBUF
    BUFGCTRL_X0Y0                                                     r  clk_IBUF_BUFG_inst/I
    BUFGCTRL_X0Y0        BUFG (Prop_bufg_I_O)         0.030     1.691 r  clk_IBUF_BUFG_inst/O
                         net (fo=65, routed)          1.036     2.727    clk_IBUF_BUFG
    SLICE_X49Y34         FDRE                                         r  prod_reg[14]/C
                         clock pessimism             -0.470     2.256    
    SLICE_X49Y34         FDRE (Hold_fdre_C_D)         0.061     2.317    prod_reg[14]
  -------------------------------------------------------------------
                         required time                         -2.317    
                         arrival time                           3.384    
  -------------------------------------------------------------------
                         slack                                  1.067    

Slack (MET) :             1.067ns  (arrival time - required time)
  Source:                 a_reg_reg[0]/C
                            (rising edge-triggered cell FDRE clocked by clock  {rise@0.000ns fall@3.508ns period=7.017ns})
  Destination:            prod_reg[21]/D
                            (rising edge-triggered cell FDRE clocked by clock  {rise@0.000ns fall@3.508ns period=7.017ns})
  Path Group:             clock
  Path Type:              Hold (Min at Fast Process Corner)
  Requirement:            0.000ns  (clock rise@0.000ns - clock rise@0.000ns)
  Data Path Delay:        1.148ns  (logic 0.462ns (40.229%)  route 0.686ns (59.771%))
  Logic Levels:           7  (CARRY4=3 LUT5=2 LUT6=2)
  Clock Path Skew:        0.021ns (DCD - SCD - CPR)
    Destination Clock Delay (DCD):    2.731ns
    Source Clock Delay      (SCD):    2.220ns
    Clock Pessimism Removal (CPR):    0.489ns

    Location             Delay type                Incr(ns)  Path(ns)    Netlist Resource(s)
  -------------------------------------------------------------------    -------------------
                         (clock clock rise edge)      0.000     0.000 r  
    AU32                                              0.000     0.000 r  clk (IN)
                         net (fo=0)                   0.000     0.000    clk
    AU32                                                              r  clk_IBUF_inst/I
    AU32                 IBUF (Prop_ibuf_I_O)         0.148     0.148 r  clk_IBUF_inst/O
                         net (fo=1, routed)           1.274     1.422    clk_IBUF
    BUFGCTRL_X0Y0                                                     r  clk_IBUF_BUFG_inst/I
    BUFGCTRL_X0Y0        BUFG (Prop_bufg_I_O)         0.026     1.448 r  clk_IBUF_BUFG_inst/O
                         net (fo=65, routed)          0.772     2.220    clk_IBUF_BUFG
    SLICE_X48Y29         FDRE                                         r  a_reg_reg[0]/C
  -------------------------------------------------------------------    -------------------
    SLICE_X48Y29         FDRE (Prop_fdre_C_Q)         0.118     2.338 r  a_reg_reg[0]/Q
                         net (fo=9, routed)           0.167     2.505    inst0/adder_inst_2/Q[0]
    SLICE_X49Y31                                                      r  inst0/adder_inst_2/prod[16]_i_36/I1
    SLICE_X49Y31         LUT6 (Prop_lut6_I1_O)        0.028     2.533 r  inst0/adder_inst_2/prod[16]_i_36/O
                         net (fo=2, routed)           0.183     2.716    inst0/adder_inst_2/prod[16]_i_36_n_0
    SLICE_X48Y35                                                      r  inst0/adder_inst_2/prod[16]_i_30/I2
    SLICE_X48Y35         LUT5 (Prop_lut5_I2_O)        0.028     2.744 r  inst0/adder_inst_2/prod[16]_i_30/O
                         net (fo=1, routed)           0.000     2.744    inst0/adder_inst_2/prod[16]_i_30_n_0
    SLICE_X48Y35                                                      r  inst0/adder_inst_2/prod_reg[16]_i_17/S[1]
    SLICE_X48Y35         CARRY4 (Prop_carry4_S[1]_CO[3])
                                                      0.108     2.852 r  inst0/adder_inst_2/prod_reg[16]_i_17/CO[3]
                         net (fo=1, routed)           0.000     2.852    inst0/adder_inst_2/prod_reg[16]_i_17_n_0
    SLICE_X48Y36                                                      r  inst0/adder_inst_2/prod_reg[27]_i_5/CI
    SLICE_X48Y36         CARRY4 (Prop_carry4_CI_CO[3])
                                                      0.027     2.879 r  inst0/adder_inst_2/prod_reg[27]_i_5/CO[3]
                         net (fo=1, routed)           0.000     2.879    inst0/adder_inst_2/prod_reg[27]_i_5_n_0
    SLICE_X48Y37                                                      r  inst0/adder_inst_2/prod_reg[30]_i_12/CI
    SLICE_X48Y37         CARRY4 (Prop_carry4_CI_O[2])
                                                      0.054     2.933 r  inst0/adder_inst_2/prod_reg[30]_i_12/O[2]
                         net (fo=7, routed)           0.232     3.165    inst0_n_34
    SLICE_X51Y37                                                      r  prod[29]_i_4/I3
    SLICE_X51Y37         LUT5 (Prop_lut5_I3_O)        0.071     3.236 r  prod[29]_i_4/O
                         net (fo=4, routed)           0.105     3.341    prod[29]_i_4_n_0
    SLICE_X51Y38                                                      r  prod[21]_i_1/I3
    SLICE_X51Y38         LUT6 (Prop_lut6_I3_O)        0.028     3.369 r  prod[21]_i_1/O
                         net (fo=1, routed)           0.000     3.369    prod_reg__0[21]
    SLICE_X51Y38         FDRE                                         r  prod_reg[21]/D
  -------------------------------------------------------------------    -------------------

                         (clock clock rise edge)      0.000     0.000 r  
    AU32                                              0.000     0.000 r  clk (IN)
                         net (fo=0)                   0.000     0.000    clk
    AU32                                                              r  clk_IBUF_inst/I
    AU32                 IBUF (Prop_ibuf_I_O)         0.315     0.315 r  clk_IBUF_inst/O
                         net (fo=1, routed)           1.346     1.661    clk_IBUF
    BUFGCTRL_X0Y0                                                     r  clk_IBUF_BUFG_inst/I
    BUFGCTRL_X0Y0        BUFG (Prop_bufg_I_O)         0.030     1.691 r  clk_IBUF_BUFG_inst/O
                         net (fo=65, routed)          1.040     2.731    clk_IBUF_BUFG
    SLICE_X51Y38         FDRE                                         r  prod_reg[21]/C
                         clock pessimism             -0.489     2.241    
    SLICE_X51Y38         FDRE (Hold_fdre_C_D)         0.060     2.301    prod_reg[21]
  -------------------------------------------------------------------
                         required time                         -2.301    
                         arrival time                           3.369    
  -------------------------------------------------------------------
                         slack                                  1.067    

Slack (MET) :             1.071ns  (arrival time - required time)
  Source:                 a_reg_reg[0]/C
                            (rising edge-triggered cell FDRE clocked by clock  {rise@0.000ns fall@3.508ns period=7.017ns})
  Destination:            prod_reg[25]/D
                            (rising edge-triggered cell FDRE clocked by clock  {rise@0.000ns fall@3.508ns period=7.017ns})
  Path Group:             clock
  Path Type:              Hold (Min at Fast Process Corner)
  Requirement:            0.000ns  (clock rise@0.000ns - clock rise@0.000ns)
  Data Path Delay:        1.152ns  (logic 0.364ns (31.595%)  route 0.788ns (68.405%))
  Logic Levels:           4  (CARRY4=1 LUT4=1 LUT5=1 LUT6=1)
  Clock Path Skew:        0.021ns (DCD - SCD - CPR)
    Destination Clock Delay (DCD):    2.731ns
    Source Clock Delay      (SCD):    2.220ns
    Clock Pessimism Removal (CPR):    0.489ns

    Location             Delay type                Incr(ns)  Path(ns)    Netlist Resource(s)
  -------------------------------------------------------------------    -------------------
                         (clock clock rise edge)      0.000     0.000 r  
    AU32                                              0.000     0.000 r  clk (IN)
                         net (fo=0)                   0.000     0.000    clk
    AU32                                                              r  clk_IBUF_inst/I
    AU32                 IBUF (Prop_ibuf_I_O)         0.148     0.148 r  clk_IBUF_inst/O
                         net (fo=1, routed)           1.274     1.422    clk_IBUF
    BUFGCTRL_X0Y0                                                     r  clk_IBUF_BUFG_inst/I
    BUFGCTRL_X0Y0        BUFG (Prop_bufg_I_O)         0.026     1.448 r  clk_IBUF_BUFG_inst/O
                         net (fo=65, routed)          0.772     2.220    clk_IBUF_BUFG
    SLICE_X48Y29         FDRE                                         r  a_reg_reg[0]/C
  -------------------------------------------------------------------    -------------------
    SLICE_X48Y29         FDRE (Prop_fdre_C_Q)         0.118     2.338 r  a_reg_reg[0]/Q
                         net (fo=9, routed)           0.186     2.524    a_reg[0]
    SLICE_X48Y31                                                      r  prod[29]_i_6/I2
    SLICE_X48Y31         LUT5 (Prop_lut5_I2_O)        0.028     2.552 r  prod[29]_i_6/O
                         net (fo=1, routed)           0.179     2.730    inst0/adder_inst_2/a_reg_reg[0]
    SLICE_X48Y34                                                      r  inst0/adder_inst_2/prod_reg[29]_i_5/CYINIT
    SLICE_X48Y34         CARRY4 (Prop_carry4_CYINIT_O[0])
                                                      0.124     2.854 r  inst0/adder_inst_2/prod_reg[29]_i_5/O[0]
                         net (fo=8, routed)           0.278     3.132    inst0_n_24
    SLICE_X50Y37                                                      r  prod[25]_i_3/I1
    SLICE_X50Y37         LUT4 (Prop_lut4_I1_O)        0.066     3.198 r  prod[25]_i_3/O
                         net (fo=4, routed)           0.146     3.344    prod[25]_i_3_n_0
    SLICE_X51Y39                                                      r  prod[25]_i_1/I1
    SLICE_X51Y39         LUT6 (Prop_lut6_I1_O)        0.028     3.372 r  prod[25]_i_1/O
                         net (fo=1, routed)           0.000     3.372    prod_reg__0[25]
    SLICE_X51Y39         FDRE                                         r  prod_reg[25]/D
  -------------------------------------------------------------------    -------------------

                         (clock clock rise edge)      0.000     0.000 r  
    AU32                                              0.000     0.000 r  clk (IN)
                         net (fo=0)                   0.000     0.000    clk
    AU32                                                              r  clk_IBUF_inst/I
    AU32                 IBUF (Prop_ibuf_I_O)         0.315     0.315 r  clk_IBUF_inst/O
                         net (fo=1, routed)           1.346     1.661    clk_IBUF
    BUFGCTRL_X0Y0                                                     r  clk_IBUF_BUFG_inst/I
    BUFGCTRL_X0Y0        BUFG (Prop_bufg_I_O)         0.030     1.691 r  clk_IBUF_BUFG_inst/O
                         net (fo=65, routed)          1.040     2.731    clk_IBUF_BUFG
    SLICE_X51Y39         FDRE                                         r  prod_reg[25]/C
                         clock pessimism             -0.489     2.241    
    SLICE_X51Y39         FDRE (Hold_fdre_C_D)         0.060     2.301    prod_reg[25]
  -------------------------------------------------------------------
                         required time                         -2.301    
                         arrival time                           3.372    
  -------------------------------------------------------------------
                         slack                                  1.071    

Slack (MET) :             1.071ns  (arrival time - required time)
  Source:                 a_reg_reg[0]/C
                            (rising edge-triggered cell FDRE clocked by clock  {rise@0.000ns fall@3.508ns period=7.017ns})
  Destination:            prod_reg[4]/D
                            (rising edge-triggered cell FDRE clocked by clock  {rise@0.000ns fall@3.508ns period=7.017ns})
  Path Group:             clock
  Path Type:              Hold (Min at Fast Process Corner)
  Requirement:            0.000ns  (clock rise@0.000ns - clock rise@0.000ns)
  Data Path Delay:        1.166ns  (logic 0.462ns (39.608%)  route 0.704ns (60.392%))
  Logic Levels:           7  (CARRY4=3 LUT5=2 LUT6=2)
  Clock Path Skew:        0.035ns (DCD - SCD - CPR)
    Destination Clock Delay (DCD):    2.726ns
    Source Clock Delay      (SCD):    2.220ns
    Clock Pessimism Removal (CPR):    0.470ns

    Location             Delay type                Incr(ns)  Path(ns)    Netlist Resource(s)
  -------------------------------------------------------------------    -------------------
                         (clock clock rise edge)      0.000     0.000 r  
    AU32                                              0.000     0.000 r  clk (IN)
                         net (fo=0)                   0.000     0.000    clk
    AU32                                                              r  clk_IBUF_inst/I
    AU32                 IBUF (Prop_ibuf_I_O)         0.148     0.148 r  clk_IBUF_inst/O
                         net (fo=1, routed)           1.274     1.422    clk_IBUF
    BUFGCTRL_X0Y0                                                     r  clk_IBUF_BUFG_inst/I
    BUFGCTRL_X0Y0        BUFG (Prop_bufg_I_O)         0.026     1.448 r  clk_IBUF_BUFG_inst/O
                         net (fo=65, routed)          0.772     2.220    clk_IBUF_BUFG
    SLICE_X48Y29         FDRE                                         r  a_reg_reg[0]/C
  -------------------------------------------------------------------    -------------------
    SLICE_X48Y29         FDRE (Prop_fdre_C_Q)         0.118     2.338 r  a_reg_reg[0]/Q
                         net (fo=9, routed)           0.167     2.505    inst0/adder_inst_2/Q[0]
    SLICE_X49Y31                                                      r  inst0/adder_inst_2/prod[16]_i_36/I1
    SLICE_X49Y31         LUT6 (Prop_lut6_I1_O)        0.028     2.533 r  inst0/adder_inst_2/prod[16]_i_36/O
                         net (fo=2, routed)           0.183     2.716    inst0/adder_inst_2/prod[16]_i_36_n_0
    SLICE_X48Y35                                                      r  inst0/adder_inst_2/prod[16]_i_30/I2
    SLICE_X48Y35         LUT5 (Prop_lut5_I2_O)        0.028     2.744 r  inst0/adder_inst_2/prod[16]_i_30/O
                         net (fo=1, routed)           0.000     2.744    inst0/adder_inst_2/prod[16]_i_30_n_0
    SLICE_X48Y35                                                      r  inst0/adder_inst_2/prod_reg[16]_i_17/S[1]
    SLICE_X48Y35         CARRY4 (Prop_carry4_S[1]_CO[3])
                                                      0.108     2.852 r  inst0/adder_inst_2/prod_reg[16]_i_17/CO[3]
                         net (fo=1, routed)           0.000     2.852    inst0/adder_inst_2/prod_reg[16]_i_17_n_0
    SLICE_X48Y36                                                      r  inst0/adder_inst_2/prod_reg[27]_i_5/CI
    SLICE_X48Y36         CARRY4 (Prop_carry4_CI_CO[3])
                                                      0.027     2.879 r  inst0/adder_inst_2/prod_reg[27]_i_5/CO[3]
                         net (fo=1, routed)           0.000     2.879    inst0/adder_inst_2/prod_reg[27]_i_5_n_0
    SLICE_X48Y37                                                      r  inst0/adder_inst_2/prod_reg[30]_i_12/CI
    SLICE_X48Y37         CARRY4 (Prop_carry4_CI_O[2])
                                                      0.054     2.933 r  inst0/adder_inst_2/prod_reg[30]_i_12/O[2]
                         net (fo=7, routed)           0.156     3.089    inst0_n_34
    SLICE_X48Y38                                                      r  prod[12]_i_2/I3
    SLICE_X48Y38         LUT5 (Prop_lut5_I3_O)        0.071     3.160 r  prod[12]_i_2/O
                         net (fo=2, routed)           0.199     3.359    prod[12]_i_2_n_0
    SLICE_X53Y35                                                      r  prod[4]_i_1/I5
    SLICE_X53Y35         LUT6 (Prop_lut6_I5_O)        0.028     3.387 r  prod[4]_i_1/O
                         net (fo=1, routed)           0.000     3.387    prod[4]_i_1_n_0
    SLICE_X53Y35         FDRE                                         r  prod_reg[4]/D
  -------------------------------------------------------------------    -------------------

                         (clock clock rise edge)      0.000     0.000 r  
    AU32                                              0.000     0.000 r  clk (IN)
                         net (fo=0)                   0.000     0.000    clk
    AU32                                                              r  clk_IBUF_inst/I
    AU32                 IBUF (Prop_ibuf_I_O)         0.315     0.315 r  clk_IBUF_inst/O
                         net (fo=1, routed)           1.346     1.661    clk_IBUF
    BUFGCTRL_X0Y0                                                     r  clk_IBUF_BUFG_inst/I
    BUFGCTRL_X0Y0        BUFG (Prop_bufg_I_O)         0.030     1.691 r  clk_IBUF_BUFG_inst/O
                         net (fo=65, routed)          1.035     2.726    clk_IBUF_BUFG
    SLICE_X53Y35         FDRE                                         r  prod_reg[4]/C
                         clock pessimism             -0.470     2.255    
    SLICE_X53Y35         FDRE (Hold_fdre_C_D)         0.060     2.315    prod_reg[4]
  -------------------------------------------------------------------
                         required time                         -2.315    
                         arrival time                           3.387    
  -------------------------------------------------------------------
                         slack                                  1.071    

Slack (MET) :             1.073ns  (arrival time - required time)
  Source:                 func_reg_reg/C
                            (rising edge-triggered cell FDRE clocked by clock  {rise@0.000ns fall@3.508ns period=7.017ns})
  Destination:            prod_reg[22]/D
                            (rising edge-triggered cell FDRE clocked by clock  {rise@0.000ns fall@3.508ns period=7.017ns})
  Path Group:             clock
  Path Type:              Hold (Min at Fast Process Corner)
  Requirement:            0.000ns  (clock rise@0.000ns - clock rise@0.000ns)
  Data Path Delay:        1.184ns  (logic 0.156ns (13.174%)  route 1.028ns (86.826%))
  Logic Levels:           2  (LUT6=2)
  Clock Path Skew:        0.024ns (DCD - SCD - CPR)
    Destination Clock Delay (DCD):    2.728ns
    Source Clock Delay      (SCD):    2.233ns
    Clock Pessimism Removal (CPR):    0.470ns

    Location             Delay type                Incr(ns)  Path(ns)    Netlist Resource(s)
  -------------------------------------------------------------------    -------------------
                         (clock clock rise edge)      0.000     0.000 r  
    AU32                                              0.000     0.000 r  clk (IN)
                         net (fo=0)                   0.000     0.000    clk
    AU32                                                              r  clk_IBUF_inst/I
    AU32                 IBUF (Prop_ibuf_I_O)         0.148     0.148 r  clk_IBUF_inst/O
                         net (fo=1, routed)           1.274     1.422    clk_IBUF
    BUFGCTRL_X0Y0                                                     r  clk_IBUF_BUFG_inst/I
    BUFGCTRL_X0Y0        BUFG (Prop_bufg_I_O)         0.026     1.448 r  clk_IBUF_BUFG_inst/O
                         net (fo=65, routed)          0.785     2.233    clk_IBUF_BUFG
    SLICE_X47Y30         FDRE                                         r  func_reg_reg/C
  -------------------------------------------------------------------    -------------------
    SLICE_X47Y30         FDRE (Prop_fdre_C_Q)         0.100     2.333 r  func_reg_reg/Q
                         net (fo=47, routed)          0.739     3.072    func_reg_reg_n_0
    SLICE_X50Y34                                                      r  prod[16]_i_1/I0
    SLICE_X50Y34         LUT6 (Prop_lut6_I0_O)        0.028     3.100 r  prod[16]_i_1/O
                         net (fo=32, routed)          0.289     3.389    prod[16]_i_1_n_0
    SLICE_X50Y36                                                      r  prod[22]_i_1/I1
    SLICE_X50Y36         LUT6 (Prop_lut6_I1_O)        0.028     3.417 r  prod[22]_i_1/O
                         net (fo=1, routed)           0.000     3.417    prod_reg__0[22]
    SLICE_X50Y36         FDRE                                         r  prod_reg[22]/D
  -------------------------------------------------------------------    -------------------

                         (clock clock rise edge)      0.000     0.000 r  
    AU32                                              0.000     0.000 r  clk (IN)
                         net (fo=0)                   0.000     0.000    clk
    AU32                                                              r  clk_IBUF_inst/I
    AU32                 IBUF (Prop_ibuf_I_O)         0.315     0.315 r  clk_IBUF_inst/O
                         net (fo=1, routed)           1.346     1.661    clk_IBUF
    BUFGCTRL_X0Y0                                                     r  clk_IBUF_BUFG_inst/I
    BUFGCTRL_X0Y0        BUFG (Prop_bufg_I_O)         0.030     1.691 r  clk_IBUF_BUFG_inst/O
                         net (fo=65, routed)          1.037     2.728    clk_IBUF_BUFG
    SLICE_X50Y36         FDRE                                         r  prod_reg[22]/C
                         clock pessimism             -0.470     2.257    
    SLICE_X50Y36         FDRE (Hold_fdre_C_D)         0.087     2.344    prod_reg[22]
  -------------------------------------------------------------------
                         required time                         -2.344    
                         arrival time                           3.417    
  -------------------------------------------------------------------
                         slack                                  1.073    

Slack (MET) :             1.075ns  (arrival time - required time)
  Source:                 a_reg_reg[0]/C
                            (rising edge-triggered cell FDRE clocked by clock  {rise@0.000ns fall@3.508ns period=7.017ns})
  Destination:            prod_reg[2]/D
                            (rising edge-triggered cell FDRE clocked by clock  {rise@0.000ns fall@3.508ns period=7.017ns})
  Path Group:             clock
  Path Type:              Hold (Min at Fast Process Corner)
  Requirement:            0.000ns  (clock rise@0.000ns - clock rise@0.000ns)
  Data Path Delay:        1.154ns  (logic 0.462ns (40.035%)  route 0.692ns (59.965%))
  Logic Levels:           7  (CARRY4=3 LUT5=2 LUT6=2)
  Clock Path Skew:        0.018ns (DCD - SCD - CPR)
    Destination Clock Delay (DCD):    2.728ns
    Source Clock Delay      (SCD):    2.220ns
    Clock Pessimism Removal (CPR):    0.489ns

    Location             Delay type                Incr(ns)  Path(ns)    Netlist Resource(s)
  -------------------------------------------------------------------    -------------------
                         (clock clock rise edge)      0.000     0.000 r  
    AU32                                              0.000     0.000 r  clk (IN)
                         net (fo=0)                   0.000     0.000    clk
    AU32                                                              r  clk_IBUF_inst/I
    AU32                 IBUF (Prop_ibuf_I_O)         0.148     0.148 r  clk_IBUF_inst/O
                         net (fo=1, routed)           1.274     1.422    clk_IBUF
    BUFGCTRL_X0Y0                                                     r  clk_IBUF_BUFG_inst/I
    BUFGCTRL_X0Y0        BUFG (Prop_bufg_I_O)         0.026     1.448 r  clk_IBUF_BUFG_inst/O
                         net (fo=65, routed)          0.772     2.220    clk_IBUF_BUFG
    SLICE_X48Y29         FDRE                                         r  a_reg_reg[0]/C
  -------------------------------------------------------------------    -------------------
    SLICE_X48Y29         FDRE (Prop_fdre_C_Q)         0.118     2.338 r  a_reg_reg[0]/Q
                         net (fo=9, routed)           0.167     2.505    inst0/adder_inst_2/Q[0]
    SLICE_X49Y31                                                      r  inst0/adder_inst_2/prod[16]_i_36/I1
    SLICE_X49Y31         LUT6 (Prop_lut6_I1_O)        0.028     2.533 r  inst0/adder_inst_2/prod[16]_i_36/O
                         net (fo=2, routed)           0.183     2.716    inst0/adder_inst_2/prod[16]_i_36_n_0
    SLICE_X48Y35                                                      r  inst0/adder_inst_2/prod[16]_i_30/I2
    SLICE_X48Y35         LUT5 (Prop_lut5_I2_O)        0.028     2.744 r  inst0/adder_inst_2/prod[16]_i_30/O
                         net (fo=1, routed)           0.000     2.744    inst0/adder_inst_2/prod[16]_i_30_n_0
    SLICE_X48Y35                                                      r  inst0/adder_inst_2/prod_reg[16]_i_17/S[1]
    SLICE_X48Y35         CARRY4 (Prop_carry4_S[1]_CO[3])
                                                      0.108     2.852 r  inst0/adder_inst_2/prod_reg[16]_i_17/CO[3]
                         net (fo=1, routed)           0.000     2.852    inst0/adder_inst_2/prod_reg[16]_i_17_n_0
    SLICE_X48Y36                                                      r  inst0/adder_inst_2/prod_reg[27]_i_5/CI
    SLICE_X48Y36         CARRY4 (Prop_carry4_CI_CO[3])
                                                      0.027     2.879 r  inst0/adder_inst_2/prod_reg[27]_i_5/CO[3]
                         net (fo=1, routed)           0.000     2.879    inst0/adder_inst_2/prod_reg[27]_i_5_n_0
    SLICE_X48Y37                                                      r  inst0/adder_inst_2/prod_reg[30]_i_12/CI
    SLICE_X48Y37         CARRY4 (Prop_carry4_CI_O[2])
                                                      0.054     2.933 r  inst0/adder_inst_2/prod_reg[30]_i_12/O[2]
                         net (fo=7, routed)           0.204     3.137    inst0_n_34
    SLICE_X49Y38                                                      r  prod[26]_i_4/I5
    SLICE_X49Y38         LUT6 (Prop_lut6_I5_O)        0.071     3.208 r  prod[26]_i_4/O
                         net (fo=4, routed)           0.138     3.346    prod[26]_i_4_n_0
    SLICE_X49Y36                                                      r  prod[2]_i_1/I4
    SLICE_X49Y36         LUT5 (Prop_lut5_I4_O)        0.028     3.374 r  prod[2]_i_1/O
                         net (fo=1, routed)           0.000     3.374    prod[2]_i_1_n_0
    SLICE_X49Y36         FDRE                                         r  prod_reg[2]/D
  -------------------------------------------------------------------    -------------------

                         (clock clock rise edge)      0.000     0.000 r  
    AU32                                              0.000     0.000 r  clk (IN)
                         net (fo=0)                   0.000     0.000    clk
    AU32                                                              r  clk_IBUF_inst/I
    AU32                 IBUF (Prop_ibuf_I_O)         0.315     0.315 r  clk_IBUF_inst/O
                         net (fo=1, routed)           1.346     1.661    clk_IBUF
    BUFGCTRL_X0Y0                                                     r  clk_IBUF_BUFG_inst/I
    BUFGCTRL_X0Y0        BUFG (Prop_bufg_I_O)         0.030     1.691 r  clk_IBUF_BUFG_inst/O
                         net (fo=65, routed)          1.037     2.728    clk_IBUF_BUFG
    SLICE_X49Y36         FDRE                                         r  prod_reg[2]/C
                         clock pessimism             -0.489     2.238    
    SLICE_X49Y36         FDRE (Hold_fdre_C_D)         0.061     2.299    prod_reg[2]
  -------------------------------------------------------------------
                         required time                         -2.299    
                         arrival time                           3.374    
  -------------------------------------------------------------------
                         slack                                  1.075    

Slack (MET) :             1.084ns  (arrival time - required time)
  Source:                 a_reg_reg[0]/C
                            (rising edge-triggered cell FDRE clocked by clock  {rise@0.000ns fall@3.508ns period=7.017ns})
  Destination:            prod_reg[0]/D
                            (rising edge-triggered cell FDRE clocked by clock  {rise@0.000ns fall@3.508ns period=7.017ns})
  Path Group:             clock
  Path Type:              Hold (Min at Fast Process Corner)
  Requirement:            0.000ns  (clock rise@0.000ns - clock rise@0.000ns)
  Data Path Delay:        1.162ns  (logic 0.385ns (33.127%)  route 0.777ns (66.873%))
  Logic Levels:           5  (CARRY4=1 LUT5=1 LUT6=3)
  Clock Path Skew:        0.018ns (DCD - SCD - CPR)
    Destination Clock Delay (DCD):    2.728ns
    Source Clock Delay      (SCD):    2.220ns
    Clock Pessimism Removal (CPR):    0.489ns

    Location             Delay type                Incr(ns)  Path(ns)    Netlist Resource(s)
  -------------------------------------------------------------------    -------------------
                         (clock clock rise edge)      0.000     0.000 r  
    AU32                                              0.000     0.000 r  clk (IN)
                         net (fo=0)                   0.000     0.000    clk
    AU32                                                              r  clk_IBUF_inst/I
    AU32                 IBUF (Prop_ibuf_I_O)         0.148     0.148 r  clk_IBUF_inst/O
                         net (fo=1, routed)           1.274     1.422    clk_IBUF
    BUFGCTRL_X0Y0                                                     r  clk_IBUF_BUFG_inst/I
    BUFGCTRL_X0Y0        BUFG (Prop_bufg_I_O)         0.026     1.448 r  clk_IBUF_BUFG_inst/O
                         net (fo=65, routed)          0.772     2.220    clk_IBUF_BUFG
    SLICE_X48Y29         FDRE                                         r  a_reg_reg[0]/C
  -------------------------------------------------------------------    -------------------
    SLICE_X48Y29         FDRE (Prop_fdre_C_Q)         0.118     2.338 r  a_reg_reg[0]/Q
                         net (fo=9, routed)           0.167     2.505    inst0/adder_inst_2/Q[0]
    SLICE_X49Y31                                                      r  inst0/adder_inst_2/prod[16]_i_36/I1
    SLICE_X49Y31         LUT6 (Prop_lut6_I1_O)        0.028     2.533 r  inst0/adder_inst_2/prod[16]_i_36/O
                         net (fo=2, routed)           0.183     2.716    inst0/adder_inst_2/prod[16]_i_36_n_0
    SLICE_X48Y35                                                      r  inst0/adder_inst_2/prod[16]_i_30/I2
    SLICE_X48Y35         LUT5 (Prop_lut5_I2_O)        0.028     2.744 r  inst0/adder_inst_2/prod[16]_i_30/O
                         net (fo=1, routed)           0.000     2.744    inst0/adder_inst_2/prod[16]_i_30_n_0
    SLICE_X48Y35                                                      r  inst0/adder_inst_2/prod_reg[16]_i_17/S[1]
    SLICE_X48Y35         CARRY4 (Prop_carry4_S[1]_O[2])
                                                      0.112     2.856 r  inst0/adder_inst_2/prod_reg[16]_i_17/O[2]
                         net (fo=3, routed)           0.244     3.100    inst0_n_26
    SLICE_X52Y34                                                      r  prod[16]_i_8/I3
    SLICE_X52Y34         LUT6 (Prop_lut6_I3_O)        0.071     3.171 r  prod[16]_i_8/O
                         net (fo=3, routed)           0.184     3.354    prod[16]_i_8_n_0
    SLICE_X49Y35                                                      r  prod[0]_i_1/I2
    SLICE_X49Y35         LUT6 (Prop_lut6_I2_O)        0.028     3.382 r  prod[0]_i_1/O
                         net (fo=1, routed)           0.000     3.382    prod[0]_i_1_n_0
    SLICE_X49Y35         FDRE                                         r  prod_reg[0]/D
  -------------------------------------------------------------------    -------------------

                         (clock clock rise edge)      0.000     0.000 r  
    AU32                                              0.000     0.000 r  clk (IN)
                         net (fo=0)                   0.000     0.000    clk
    AU32                                                              r  clk_IBUF_inst/I
    AU32                 IBUF (Prop_ibuf_I_O)         0.315     0.315 r  clk_IBUF_inst/O
                         net (fo=1, routed)           1.346     1.661    clk_IBUF
    BUFGCTRL_X0Y0                                                     r  clk_IBUF_BUFG_inst/I
    BUFGCTRL_X0Y0        BUFG (Prop_bufg_I_O)         0.030     1.691 r  clk_IBUF_BUFG_inst/O
                         net (fo=65, routed)          1.037     2.728    clk_IBUF_BUFG
    SLICE_X49Y35         FDRE                                         r  prod_reg[0]/C
                         clock pessimism             -0.489     2.238    
    SLICE_X49Y35         FDRE (Hold_fdre_C_D)         0.060     2.298    prod_reg[0]
  -------------------------------------------------------------------
                         required time                         -2.298    
                         arrival time                           3.382    
  -------------------------------------------------------------------
                         slack                                  1.084    

Slack (MET) :             1.085ns  (arrival time - required time)
  Source:                 func_reg_reg/C
                            (rising edge-triggered cell FDRE clocked by clock  {rise@0.000ns fall@3.508ns period=7.017ns})
  Destination:            prod_reg[18]/D
                            (rising edge-triggered cell FDRE clocked by clock  {rise@0.000ns fall@3.508ns period=7.017ns})
  Path Group:             clock
  Path Type:              Hold (Min at Fast Process Corner)
  Requirement:            0.000ns  (clock rise@0.000ns - clock rise@0.000ns)
  Data Path Delay:        1.172ns  (logic 0.156ns (13.307%)  route 1.016ns (86.693%))
  Logic Levels:           2  (LUT6=2)
  Clock Path Skew:        0.027ns (DCD - SCD - CPR)
    Destination Clock Delay (DCD):    2.731ns
    Source Clock Delay      (SCD):    2.233ns
    Clock Pessimism Removal (CPR):    0.470ns

    Location             Delay type                Incr(ns)  Path(ns)    Netlist Resource(s)
  -------------------------------------------------------------------    -------------------
                         (clock clock rise edge)      0.000     0.000 r  
    AU32                                              0.000     0.000 r  clk (IN)
                         net (fo=0)                   0.000     0.000    clk
    AU32                                                              r  clk_IBUF_inst/I
    AU32                 IBUF (Prop_ibuf_I_O)         0.148     0.148 r  clk_IBUF_inst/O
                         net (fo=1, routed)           1.274     1.422    clk_IBUF
    BUFGCTRL_X0Y0                                                     r  clk_IBUF_BUFG_inst/I
    BUFGCTRL_X0Y0        BUFG (Prop_bufg_I_O)         0.026     1.448 r  clk_IBUF_BUFG_inst/O
                         net (fo=65, routed)          0.785     2.233    clk_IBUF_BUFG
    SLICE_X47Y30         FDRE                                         r  func_reg_reg/C
  -------------------------------------------------------------------    -------------------
    SLICE_X47Y30         FDRE (Prop_fdre_C_Q)         0.100     2.333 r  func_reg_reg/Q
                         net (fo=47, routed)          0.780     3.113    func_reg_reg_n_0
    SLICE_X53Y35                                                      r  prod[31]_i_6/I1
    SLICE_X53Y35         LUT6 (Prop_lut6_I1_O)        0.028     3.141 r  prod[31]_i_6/O
                         net (fo=32, routed)          0.237     3.377    log_int[3]
    SLICE_X51Y39                                                      r  prod[18]_i_1/I4
    SLICE_X51Y39         LUT6 (Prop_lut6_I4_O)        0.028     3.405 r  prod[18]_i_1/O
                         net (fo=1, routed)           0.000     3.405    prod_reg__0[18]
    SLICE_X51Y39         FDRE                                         r  prod_reg[18]/D
  -------------------------------------------------------------------    -------------------

                         (clock clock rise edge)      0.000     0.000 r  
    AU32                                              0.000     0.000 r  clk (IN)
                         net (fo=0)                   0.000     0.000    clk
    AU32                                                              r  clk_IBUF_inst/I
    AU32                 IBUF (Prop_ibuf_I_O)         0.315     0.315 r  clk_IBUF_inst/O
                         net (fo=1, routed)           1.346     1.661    clk_IBUF
    BUFGCTRL_X0Y0                                                     r  clk_IBUF_BUFG_inst/I
    BUFGCTRL_X0Y0        BUFG (Prop_bufg_I_O)         0.030     1.691 r  clk_IBUF_BUFG_inst/O
                         net (fo=65, routed)          1.040     2.731    clk_IBUF_BUFG
    SLICE_X51Y39         FDRE                                         r  prod_reg[18]/C
                         clock pessimism             -0.470     2.260    
    SLICE_X51Y39         FDRE (Hold_fdre_C_D)         0.060     2.320    prod_reg[18]
  -------------------------------------------------------------------
                         required time                         -2.320    
                         arrival time                           3.405    
  -------------------------------------------------------------------
                         slack                                  1.085    

Slack (MET) :             1.087ns  (arrival time - required time)
  Source:                 a_reg_reg[0]/C
                            (rising edge-triggered cell FDRE clocked by clock  {rise@0.000ns fall@3.508ns period=7.017ns})
  Destination:            prod_reg[9]/D
                            (rising edge-triggered cell FDRE clocked by clock  {rise@0.000ns fall@3.508ns period=7.017ns})
  Path Group:             clock
  Path Type:              Hold (Min at Fast Process Corner)
  Requirement:            0.000ns  (clock rise@0.000ns - clock rise@0.000ns)
  Data Path Delay:        1.165ns  (logic 0.364ns (31.245%)  route 0.801ns (68.755%))
  Logic Levels:           4  (CARRY4=1 LUT4=1 LUT5=2)
  Clock Path Skew:        0.017ns (DCD - SCD - CPR)
    Destination Clock Delay (DCD):    2.727ns
    Source Clock Delay      (SCD):    2.220ns
    Clock Pessimism Removal (CPR):    0.489ns

    Location             Delay type                Incr(ns)  Path(ns)    Netlist Resource(s)
  -------------------------------------------------------------------    -------------------
                         (clock clock rise edge)      0.000     0.000 r  
    AU32                                              0.000     0.000 r  clk (IN)
                         net (fo=0)                   0.000     0.000    clk
    AU32                                                              r  clk_IBUF_inst/I
    AU32                 IBUF (Prop_ibuf_I_O)         0.148     0.148 r  clk_IBUF_inst/O
                         net (fo=1, routed)           1.274     1.422    clk_IBUF
    BUFGCTRL_X0Y0                                                     r  clk_IBUF_BUFG_inst/I
    BUFGCTRL_X0Y0        BUFG (Prop_bufg_I_O)         0.026     1.448 r  clk_IBUF_BUFG_inst/O
                         net (fo=65, routed)          0.772     2.220    clk_IBUF_BUFG
    SLICE_X48Y29         FDRE                                         r  a_reg_reg[0]/C
  -------------------------------------------------------------------    -------------------
    SLICE_X48Y29         FDRE (Prop_fdre_C_Q)         0.118     2.338 r  a_reg_reg[0]/Q
                         net (fo=9, routed)           0.186     2.524    a_reg[0]
    SLICE_X48Y31                                                      r  prod[29]_i_6/I2
    SLICE_X48Y31         LUT5 (Prop_lut5_I2_O)        0.028     2.552 r  prod[29]_i_6/O
                         net (fo=1, routed)           0.179     2.730    inst0/adder_inst_2/a_reg_reg[0]
    SLICE_X48Y34                                                      r  inst0/adder_inst_2/prod_reg[29]_i_5/CYINIT
    SLICE_X48Y34         CARRY4 (Prop_carry4_CYINIT_O[0])
                                                      0.124     2.854 r  inst0/adder_inst_2/prod_reg[29]_i_5/O[0]
                         net (fo=8, routed)           0.278     3.132    inst0_n_24
    SLICE_X50Y37                                                      r  prod[25]_i_3/I1
    SLICE_X50Y37         LUT4 (Prop_lut4_I1_O)        0.066     3.198 r  prod[25]_i_3/O
                         net (fo=4, routed)           0.159     3.357    prod[25]_i_3_n_0
    SLICE_X51Y34                                                      r  prod[9]_i_1/I0
    SLICE_X51Y34         LUT5 (Prop_lut5_I0_O)        0.028     3.385 r  prod[9]_i_1/O
                         net (fo=1, routed)           0.000     3.385    prod[9]_i_1_n_0
    SLICE_X51Y34         FDRE                                         r  prod_reg[9]/D
  -------------------------------------------------------------------    -------------------

                         (clock clock rise edge)      0.000     0.000 r  
    AU32                                              0.000     0.000 r  clk (IN)
                         net (fo=0)                   0.000     0.000    clk
    AU32                                                              r  clk_IBUF_inst/I
    AU32                 IBUF (Prop_ibuf_I_O)         0.315     0.315 r  clk_IBUF_inst/O
                         net (fo=1, routed)           1.346     1.661    clk_IBUF
    BUFGCTRL_X0Y0                                                     r  clk_IBUF_BUFG_inst/I
    BUFGCTRL_X0Y0        BUFG (Prop_bufg_I_O)         0.030     1.691 r  clk_IBUF_BUFG_inst/O
                         net (fo=65, routed)          1.036     2.727    clk_IBUF_BUFG
    SLICE_X51Y34         FDRE                                         r  prod_reg[9]/C
                         clock pessimism             -0.489     2.237    
    SLICE_X51Y34         FDRE (Hold_fdre_C_D)         0.061     2.298    prod_reg[9]
  -------------------------------------------------------------------
                         required time                         -2.298    
                         arrival time                           3.385    
  -------------------------------------------------------------------
                         slack                                  1.087    

Slack (MET) :             1.100ns  (arrival time - required time)
  Source:                 a_reg_reg[0]/C
                            (rising edge-triggered cell FDRE clocked by clock  {rise@0.000ns fall@3.508ns period=7.017ns})
  Destination:            prod_reg[3]/D
                            (rising edge-triggered cell FDRE clocked by clock  {rise@0.000ns fall@3.508ns period=7.017ns})
  Path Group:             clock
  Path Type:              Hold (Min at Fast Process Corner)
  Requirement:            0.000ns  (clock rise@0.000ns - clock rise@0.000ns)
  Data Path Delay:        1.204ns  (logic 0.364ns (30.235%)  route 0.840ns (69.765%))
  Logic Levels:           4  (CARRY4=1 LUT5=2 LUT6=1)
  Clock Path Skew:        0.017ns (DCD - SCD - CPR)
    Destination Clock Delay (DCD):    2.727ns
    Source Clock Delay      (SCD):    2.220ns
    Clock Pessimism Removal (CPR):    0.489ns

    Location             Delay type                Incr(ns)  Path(ns)    Netlist Resource(s)
  -------------------------------------------------------------------    -------------------
                         (clock clock rise edge)      0.000     0.000 r  
    AU32                                              0.000     0.000 r  clk (IN)
                         net (fo=0)                   0.000     0.000    clk
    AU32                                                              r  clk_IBUF_inst/I
    AU32                 IBUF (Prop_ibuf_I_O)         0.148     0.148 r  clk_IBUF_inst/O
                         net (fo=1, routed)           1.274     1.422    clk_IBUF
    BUFGCTRL_X0Y0                                                     r  clk_IBUF_BUFG_inst/I
    BUFGCTRL_X0Y0        BUFG (Prop_bufg_I_O)         0.026     1.448 r  clk_IBUF_BUFG_inst/O
                         net (fo=65, routed)          0.772     2.220    clk_IBUF_BUFG
    SLICE_X48Y29         FDRE                                         r  a_reg_reg[0]/C
  -------------------------------------------------------------------    -------------------
    SLICE_X48Y29         FDRE (Prop_fdre_C_Q)         0.118     2.338 r  a_reg_reg[0]/Q
                         net (fo=9, routed)           0.186     2.524    a_reg[0]
    SLICE_X48Y31                                                      r  prod[29]_i_6/I2
    SLICE_X48Y31         LUT5 (Prop_lut5_I2_O)        0.028     2.552 r  prod[29]_i_6/O
                         net (fo=1, routed)           0.179     2.730    inst0/adder_inst_2/a_reg_reg[0]
    SLICE_X48Y34                                                      r  inst0/adder_inst_2/prod_reg[29]_i_5/CYINIT
    SLICE_X48Y34         CARRY4 (Prop_carry4_CYINIT_O[0])
                                                      0.124     2.854 r  inst0/adder_inst_2/prod_reg[29]_i_5/O[0]
                         net (fo=8, routed)           0.230     3.084    inst0_n_24
    SLICE_X49Y37                                                      r  prod[27]_i_3/I4
    SLICE_X49Y37         LUT6 (Prop_lut6_I4_O)        0.066     3.150 r  prod[27]_i_3/O
                         net (fo=4, routed)           0.246     3.396    prod[27]_i_3_n_0
    SLICE_X50Y34                                                      r  prod[3]_i_1/I0
    SLICE_X50Y34         LUT5 (Prop_lut5_I0_O)        0.028     3.424 r  prod[3]_i_1/O
                         net (fo=1, routed)           0.000     3.424    prod[3]_i_1_n_0
    SLICE_X50Y34         FDRE                                         r  prod_reg[3]/D
  -------------------------------------------------------------------    -------------------

                         (clock clock rise edge)      0.000     0.000 r  
    AU32                                              0.000     0.000 r  clk (IN)
                         net (fo=0)                   0.000     0.000    clk
    AU32                                                              r  clk_IBUF_inst/I
    AU32                 IBUF (Prop_ibuf_I_O)         0.315     0.315 r  clk_IBUF_inst/O
                         net (fo=1, routed)           1.346     1.661    clk_IBUF
    BUFGCTRL_X0Y0                                                     r  clk_IBUF_BUFG_inst/I
    BUFGCTRL_X0Y0        BUFG (Prop_bufg_I_O)         0.030     1.691 r  clk_IBUF_BUFG_inst/O
                         net (fo=65, routed)          1.036     2.727    clk_IBUF_BUFG
    SLICE_X50Y34         FDRE                                         r  prod_reg[3]/C
                         clock pessimism             -0.489     2.237    
    SLICE_X50Y34         FDRE (Hold_fdre_C_D)         0.087     2.324    prod_reg[3]
  -------------------------------------------------------------------
                         required time                         -2.324    
                         arrival time                           3.424    
  -------------------------------------------------------------------
                         slack                                  1.100    

Slack (MET) :             1.101ns  (arrival time - required time)
  Source:                 func_reg_reg/C
                            (rising edge-triggered cell FDRE clocked by clock  {rise@0.000ns fall@3.508ns period=7.017ns})
  Destination:            prod_reg[23]/D
                            (rising edge-triggered cell FDRE clocked by clock  {rise@0.000ns fall@3.508ns period=7.017ns})
  Path Group:             clock
  Path Type:              Hold (Min at Fast Process Corner)
  Requirement:            0.000ns  (clock rise@0.000ns - clock rise@0.000ns)
  Data Path Delay:        1.213ns  (logic 0.156ns (12.861%)  route 1.057ns (87.139%))
  Logic Levels:           2  (LUT6=2)
  Clock Path Skew:        0.025ns (DCD - SCD - CPR)
    Destination Clock Delay (DCD):    2.729ns
    Source Clock Delay      (SCD):    2.233ns
    Clock Pessimism Removal (CPR):    0.470ns

    Location             Delay type                Incr(ns)  Path(ns)    Netlist Resource(s)
  -------------------------------------------------------------------    -------------------
                         (clock clock rise edge)      0.000     0.000 r  
    AU32                                              0.000     0.000 r  clk (IN)
                         net (fo=0)                   0.000     0.000    clk
    AU32                                                              r  clk_IBUF_inst/I
    AU32                 IBUF (Prop_ibuf_I_O)         0.148     0.148 r  clk_IBUF_inst/O
                         net (fo=1, routed)           1.274     1.422    clk_IBUF
    BUFGCTRL_X0Y0                                                     r  clk_IBUF_BUFG_inst/I
    BUFGCTRL_X0Y0        BUFG (Prop_bufg_I_O)         0.026     1.448 r  clk_IBUF_BUFG_inst/O
                         net (fo=65, routed)          0.785     2.233    clk_IBUF_BUFG
    SLICE_X47Y30         FDRE                                         r  func_reg_reg/C
  -------------------------------------------------------------------    -------------------
    SLICE_X47Y30         FDRE (Prop_fdre_C_Q)         0.100     2.333 r  func_reg_reg/Q
                         net (fo=47, routed)          0.739     3.072    func_reg_reg_n_0
    SLICE_X50Y34                                                      r  prod[16]_i_1/I0
    SLICE_X50Y34         LUT6 (Prop_lut6_I0_O)        0.028     3.100 r  prod[16]_i_1/O
                         net (fo=32, routed)          0.318     3.418    prod[16]_i_1_n_0
    SLICE_X50Y37                                                      r  prod[23]_i_1/I1
    SLICE_X50Y37         LUT6 (Prop_lut6_I1_O)        0.028     3.446 r  prod[23]_i_1/O
                         net (fo=1, routed)           0.000     3.446    prod_reg__0[23]
    SLICE_X50Y37         FDRE                                         r  prod_reg[23]/D
  -------------------------------------------------------------------    -------------------

                         (clock clock rise edge)      0.000     0.000 r  
    AU32                                              0.000     0.000 r  clk (IN)
                         net (fo=0)                   0.000     0.000    clk
    AU32                                                              r  clk_IBUF_inst/I
    AU32                 IBUF (Prop_ibuf_I_O)         0.315     0.315 r  clk_IBUF_inst/O
                         net (fo=1, routed)           1.346     1.661    clk_IBUF
    BUFGCTRL_X0Y0                                                     r  clk_IBUF_BUFG_inst/I
    BUFGCTRL_X0Y0        BUFG (Prop_bufg_I_O)         0.030     1.691 r  clk_IBUF_BUFG_inst/O
                         net (fo=65, routed)          1.038     2.729    clk_IBUF_BUFG
    SLICE_X50Y37         FDRE                                         r  prod_reg[23]/C
                         clock pessimism             -0.470     2.258    
    SLICE_X50Y37         FDRE (Hold_fdre_C_D)         0.087     2.345    prod_reg[23]
  -------------------------------------------------------------------
                         required time                         -2.345    
                         arrival time                           3.446    
  -------------------------------------------------------------------
                         slack                                  1.101    

Slack (MET) :             1.103ns  (arrival time - required time)
  Source:                 func_reg_reg/C
                            (rising edge-triggered cell FDRE clocked by clock  {rise@0.000ns fall@3.508ns period=7.017ns})
  Destination:            prod_reg[13]/R
                            (rising edge-triggered cell FDRE clocked by clock  {rise@0.000ns fall@3.508ns period=7.017ns})
  Path Group:             clock
  Path Type:              Hold (Min at Fast Process Corner)
  Requirement:            0.000ns  (clock rise@0.000ns - clock rise@0.000ns)
  Data Path Delay:        1.113ns  (logic 0.128ns (11.498%)  route 0.985ns (88.502%))
  Logic Levels:           1  (LUT6=1)
  Clock Path Skew:        0.024ns (DCD - SCD - CPR)
    Destination Clock Delay (DCD):    2.728ns
    Source Clock Delay      (SCD):    2.233ns
    Clock Pessimism Removal (CPR):    0.470ns

    Location             Delay type                Incr(ns)  Path(ns)    Netlist Resource(s)
  -------------------------------------------------------------------    -------------------
                         (clock clock rise edge)      0.000     0.000 r  
    AU32                                              0.000     0.000 r  clk (IN)
                         net (fo=0)                   0.000     0.000    clk
    AU32                                                              r  clk_IBUF_inst/I
    AU32                 IBUF (Prop_ibuf_I_O)         0.148     0.148 r  clk_IBUF_inst/O
                         net (fo=1, routed)           1.274     1.422    clk_IBUF
    BUFGCTRL_X0Y0                                                     r  clk_IBUF_BUFG_inst/I
    BUFGCTRL_X0Y0        BUFG (Prop_bufg_I_O)         0.026     1.448 r  clk_IBUF_BUFG_inst/O
                         net (fo=65, routed)          0.785     2.233    clk_IBUF_BUFG
    SLICE_X47Y30         FDRE                                         r  func_reg_reg/C
  -------------------------------------------------------------------    -------------------
    SLICE_X47Y30         FDRE (Prop_fdre_C_Q)         0.100     2.333 r  func_reg_reg/Q
                         net (fo=47, routed)          0.739     3.072    func_reg_reg_n_0
    SLICE_X50Y34                                                      r  prod[16]_i_1/I0
    SLICE_X50Y34         LUT6 (Prop_lut6_I0_O)        0.028     3.100 r  prod[16]_i_1/O
                         net (fo=32, routed)          0.246     3.346    prod[16]_i_1_n_0
    SLICE_X51Y36         FDRE                                         r  prod_reg[13]/R
  -------------------------------------------------------------------    -------------------

                         (clock clock rise edge)      0.000     0.000 r  
    AU32                                              0.000     0.000 r  clk (IN)
                         net (fo=0)                   0.000     0.000    clk
    AU32                                                              r  clk_IBUF_inst/I
    AU32                 IBUF (Prop_ibuf_I_O)         0.315     0.315 r  clk_IBUF_inst/O
                         net (fo=1, routed)           1.346     1.661    clk_IBUF
    BUFGCTRL_X0Y0                                                     r  clk_IBUF_BUFG_inst/I
    BUFGCTRL_X0Y0        BUFG (Prop_bufg_I_O)         0.030     1.691 r  clk_IBUF_BUFG_inst/O
                         net (fo=65, routed)          1.037     2.728    clk_IBUF_BUFG
    SLICE_X51Y36         FDRE                                         r  prod_reg[13]/C
                         clock pessimism             -0.470     2.257    
    SLICE_X51Y36         FDRE (Hold_fdre_C_R)        -0.014     2.243    prod_reg[13]
  -------------------------------------------------------------------
                         required time                         -2.243    
                         arrival time                           3.346    
  -------------------------------------------------------------------
                         slack                                  1.103    

Slack (MET) :             1.103ns  (arrival time - required time)
  Source:                 func_reg_reg/C
                            (rising edge-triggered cell FDRE clocked by clock  {rise@0.000ns fall@3.508ns period=7.017ns})
  Destination:            prod_reg[1]/R
                            (rising edge-triggered cell FDRE clocked by clock  {rise@0.000ns fall@3.508ns period=7.017ns})
  Path Group:             clock
  Path Type:              Hold (Min at Fast Process Corner)
  Requirement:            0.000ns  (clock rise@0.000ns - clock rise@0.000ns)
  Data Path Delay:        1.113ns  (logic 0.128ns (11.498%)  route 0.985ns (88.502%))
  Logic Levels:           1  (LUT6=1)
  Clock Path Skew:        0.024ns (DCD - SCD - CPR)
    Destination Clock Delay (DCD):    2.728ns
    Source Clock Delay      (SCD):    2.233ns
    Clock Pessimism Removal (CPR):    0.470ns

    Location             Delay type                Incr(ns)  Path(ns)    Netlist Resource(s)
  -------------------------------------------------------------------    -------------------
                         (clock clock rise edge)      0.000     0.000 r  
    AU32                                              0.000     0.000 r  clk (IN)
                         net (fo=0)                   0.000     0.000    clk
    AU32                                                              r  clk_IBUF_inst/I
    AU32                 IBUF (Prop_ibuf_I_O)         0.148     0.148 r  clk_IBUF_inst/O
                         net (fo=1, routed)           1.274     1.422    clk_IBUF
    BUFGCTRL_X0Y0                                                     r  clk_IBUF_BUFG_inst/I
    BUFGCTRL_X0Y0        BUFG (Prop_bufg_I_O)         0.026     1.448 r  clk_IBUF_BUFG_inst/O
                         net (fo=65, routed)          0.785     2.233    clk_IBUF_BUFG
    SLICE_X47Y30         FDRE                                         r  func_reg_reg/C
  -------------------------------------------------------------------    -------------------
    SLICE_X47Y30         FDRE (Prop_fdre_C_Q)         0.100     2.333 r  func_reg_reg/Q
                         net (fo=47, routed)          0.739     3.072    func_reg_reg_n_0
    SLICE_X50Y34                                                      r  prod[16]_i_1/I0
    SLICE_X50Y34         LUT6 (Prop_lut6_I0_O)        0.028     3.100 r  prod[16]_i_1/O
                         net (fo=32, routed)          0.246     3.346    prod[16]_i_1_n_0
    SLICE_X51Y36         FDRE                                         r  prod_reg[1]/R
  -------------------------------------------------------------------    -------------------

                         (clock clock rise edge)      0.000     0.000 r  
    AU32                                              0.000     0.000 r  clk (IN)
                         net (fo=0)                   0.000     0.000    clk
    AU32                                                              r  clk_IBUF_inst/I
    AU32                 IBUF (Prop_ibuf_I_O)         0.315     0.315 r  clk_IBUF_inst/O
                         net (fo=1, routed)           1.346     1.661    clk_IBUF
    BUFGCTRL_X0Y0                                                     r  clk_IBUF_BUFG_inst/I
    BUFGCTRL_X0Y0        BUFG (Prop_bufg_I_O)         0.030     1.691 r  clk_IBUF_BUFG_inst/O
                         net (fo=65, routed)          1.037     2.728    clk_IBUF_BUFG
    SLICE_X51Y36         FDRE                                         r  prod_reg[1]/C
                         clock pessimism             -0.470     2.257    
    SLICE_X51Y36         FDRE (Hold_fdre_C_R)        -0.014     2.243    prod_reg[1]
  -------------------------------------------------------------------
                         required time                         -2.243    
                         arrival time                           3.346    
  -------------------------------------------------------------------
                         slack                                  1.103    

Slack (MET) :             1.103ns  (arrival time - required time)
  Source:                 func_reg_reg/C
                            (rising edge-triggered cell FDRE clocked by clock  {rise@0.000ns fall@3.508ns period=7.017ns})
  Destination:            prod_reg[5]/R
                            (rising edge-triggered cell FDRE clocked by clock  {rise@0.000ns fall@3.508ns period=7.017ns})
  Path Group:             clock
  Path Type:              Hold (Min at Fast Process Corner)
  Requirement:            0.000ns  (clock rise@0.000ns - clock rise@0.000ns)
  Data Path Delay:        1.113ns  (logic 0.128ns (11.498%)  route 0.985ns (88.502%))
  Logic Levels:           1  (LUT6=1)
  Clock Path Skew:        0.024ns (DCD - SCD - CPR)
    Destination Clock Delay (DCD):    2.728ns
    Source Clock Delay      (SCD):    2.233ns
    Clock Pessimism Removal (CPR):    0.470ns

    Location             Delay type                Incr(ns)  Path(ns)    Netlist Resource(s)
  -------------------------------------------------------------------    -------------------
                         (clock clock rise edge)      0.000     0.000 r  
    AU32                                              0.000     0.000 r  clk (IN)
                         net (fo=0)                   0.000     0.000    clk
    AU32                                                              r  clk_IBUF_inst/I
    AU32                 IBUF (Prop_ibuf_I_O)         0.148     0.148 r  clk_IBUF_inst/O
                         net (fo=1, routed)           1.274     1.422    clk_IBUF
    BUFGCTRL_X0Y0                                                     r  clk_IBUF_BUFG_inst/I
    BUFGCTRL_X0Y0        BUFG (Prop_bufg_I_O)         0.026     1.448 r  clk_IBUF_BUFG_inst/O
                         net (fo=65, routed)          0.785     2.233    clk_IBUF_BUFG
    SLICE_X47Y30         FDRE                                         r  func_reg_reg/C
  -------------------------------------------------------------------    -------------------
    SLICE_X47Y30         FDRE (Prop_fdre_C_Q)         0.100     2.333 r  func_reg_reg/Q
                         net (fo=47, routed)          0.739     3.072    func_reg_reg_n_0
    SLICE_X50Y34                                                      r  prod[16]_i_1/I0
    SLICE_X50Y34         LUT6 (Prop_lut6_I0_O)        0.028     3.100 r  prod[16]_i_1/O
                         net (fo=32, routed)          0.246     3.346    prod[16]_i_1_n_0
    SLICE_X51Y36         FDRE                                         r  prod_reg[5]/R
  -------------------------------------------------------------------    -------------------

                         (clock clock rise edge)      0.000     0.000 r  
    AU32                                              0.000     0.000 r  clk (IN)
                         net (fo=0)                   0.000     0.000    clk
    AU32                                                              r  clk_IBUF_inst/I
    AU32                 IBUF (Prop_ibuf_I_O)         0.315     0.315 r  clk_IBUF_inst/O
                         net (fo=1, routed)           1.346     1.661    clk_IBUF
    BUFGCTRL_X0Y0                                                     r  clk_IBUF_BUFG_inst/I
    BUFGCTRL_X0Y0        BUFG (Prop_bufg_I_O)         0.030     1.691 r  clk_IBUF_BUFG_inst/O
                         net (fo=65, routed)          1.037     2.728    clk_IBUF_BUFG
    SLICE_X51Y36         FDRE                                         r  prod_reg[5]/C
                         clock pessimism             -0.470     2.257    
    SLICE_X51Y36         FDRE (Hold_fdre_C_R)        -0.014     2.243    prod_reg[5]
  -------------------------------------------------------------------
                         required time                         -2.243    
                         arrival time                           3.346    
  -------------------------------------------------------------------
                         slack                                  1.103    

Slack (MET) :             1.103ns  (arrival time - required time)
  Source:                 func_reg_reg/C
                            (rising edge-triggered cell FDRE clocked by clock  {rise@0.000ns fall@3.508ns period=7.017ns})
  Destination:            prod_reg[7]/R
                            (rising edge-triggered cell FDRE clocked by clock  {rise@0.000ns fall@3.508ns period=7.017ns})
  Path Group:             clock
  Path Type:              Hold (Min at Fast Process Corner)
  Requirement:            0.000ns  (clock rise@0.000ns - clock rise@0.000ns)
  Data Path Delay:        1.113ns  (logic 0.128ns (11.498%)  route 0.985ns (88.502%))
  Logic Levels:           1  (LUT6=1)
  Clock Path Skew:        0.024ns (DCD - SCD - CPR)
    Destination Clock Delay (DCD):    2.728ns
    Source Clock Delay      (SCD):    2.233ns
    Clock Pessimism Removal (CPR):    0.470ns

    Location             Delay type                Incr(ns)  Path(ns)    Netlist Resource(s)
  -------------------------------------------------------------------    -------------------
                         (clock clock rise edge)      0.000     0.000 r  
    AU32                                              0.000     0.000 r  clk (IN)
                         net (fo=0)                   0.000     0.000    clk
    AU32                                                              r  clk_IBUF_inst/I
    AU32                 IBUF (Prop_ibuf_I_O)         0.148     0.148 r  clk_IBUF_inst/O
                         net (fo=1, routed)           1.274     1.422    clk_IBUF
    BUFGCTRL_X0Y0                                                     r  clk_IBUF_BUFG_inst/I
    BUFGCTRL_X0Y0        BUFG (Prop_bufg_I_O)         0.026     1.448 r  clk_IBUF_BUFG_inst/O
                         net (fo=65, routed)          0.785     2.233    clk_IBUF_BUFG
    SLICE_X47Y30         FDRE                                         r  func_reg_reg/C
  -------------------------------------------------------------------    -------------------
    SLICE_X47Y30         FDRE (Prop_fdre_C_Q)         0.100     2.333 r  func_reg_reg/Q
                         net (fo=47, routed)          0.739     3.072    func_reg_reg_n_0
    SLICE_X50Y34                                                      r  prod[16]_i_1/I0
    SLICE_X50Y34         LUT6 (Prop_lut6_I0_O)        0.028     3.100 r  prod[16]_i_1/O
                         net (fo=32, routed)          0.246     3.346    prod[16]_i_1_n_0
    SLICE_X51Y36         FDRE                                         r  prod_reg[7]/R
  -------------------------------------------------------------------    -------------------

                         (clock clock rise edge)      0.000     0.000 r  
    AU32                                              0.000     0.000 r  clk (IN)
                         net (fo=0)                   0.000     0.000    clk
    AU32                                                              r  clk_IBUF_inst/I
    AU32                 IBUF (Prop_ibuf_I_O)         0.315     0.315 r  clk_IBUF_inst/O
                         net (fo=1, routed)           1.346     1.661    clk_IBUF
    BUFGCTRL_X0Y0                                                     r  clk_IBUF_BUFG_inst/I
    BUFGCTRL_X0Y0        BUFG (Prop_bufg_I_O)         0.030     1.691 r  clk_IBUF_BUFG_inst/O
                         net (fo=65, routed)          1.037     2.728    clk_IBUF_BUFG
    SLICE_X51Y36         FDRE                                         r  prod_reg[7]/C
                         clock pessimism             -0.470     2.257    
    SLICE_X51Y36         FDRE (Hold_fdre_C_R)        -0.014     2.243    prod_reg[7]
  -------------------------------------------------------------------
                         required time                         -2.243    
                         arrival time                           3.346    
  -------------------------------------------------------------------
                         slack                                  1.103    

Slack (MET) :             1.108ns  (arrival time - required time)
  Source:                 func_reg_reg/C
                            (rising edge-triggered cell FDRE clocked by clock  {rise@0.000ns fall@3.508ns period=7.017ns})
  Destination:            prod_reg[3]/R
                            (rising edge-triggered cell FDRE clocked by clock  {rise@0.000ns fall@3.508ns period=7.017ns})
  Path Group:             clock
  Path Type:              Hold (Min at Fast Process Corner)
  Requirement:            0.000ns  (clock rise@0.000ns - clock rise@0.000ns)
  Data Path Delay:        1.137ns  (logic 0.128ns (11.257%)  route 1.009ns (88.743%))
  Logic Levels:           1  (LUT6=1)
  Clock Path Skew:        0.023ns (DCD - SCD - CPR)
    Destination Clock Delay (DCD):    2.727ns
    Source Clock Delay      (SCD):    2.233ns
    Clock Pessimism Removal (CPR):    0.470ns

    Location             Delay type                Incr(ns)  Path(ns)    Netlist Resource(s)
  -------------------------------------------------------------------    -------------------
                         (clock clock rise edge)      0.000     0.000 r  
    AU32                                              0.000     0.000 r  clk (IN)
                         net (fo=0)                   0.000     0.000    clk
    AU32                                                              r  clk_IBUF_inst/I
    AU32                 IBUF (Prop_ibuf_I_O)         0.148     0.148 r  clk_IBUF_inst/O
                         net (fo=1, routed)           1.274     1.422    clk_IBUF
    BUFGCTRL_X0Y0                                                     r  clk_IBUF_BUFG_inst/I
    BUFGCTRL_X0Y0        BUFG (Prop_bufg_I_O)         0.026     1.448 r  clk_IBUF_BUFG_inst/O
                         net (fo=65, routed)          0.785     2.233    clk_IBUF_BUFG
    SLICE_X47Y30         FDRE                                         r  func_reg_reg/C
  -------------------------------------------------------------------    -------------------
    SLICE_X47Y30         FDRE (Prop_fdre_C_Q)         0.100     2.333 r  func_reg_reg/Q
                         net (fo=47, routed)          0.739     3.072    func_reg_reg_n_0
    SLICE_X50Y34                                                      r  prod[16]_i_1/I0
    SLICE_X50Y34         LUT6 (Prop_lut6_I0_O)        0.028     3.100 r  prod[16]_i_1/O
                         net (fo=32, routed)          0.270     3.370    prod[16]_i_1_n_0
    SLICE_X50Y34         FDRE                                         r  prod_reg[3]/R
  -------------------------------------------------------------------    -------------------

                         (clock clock rise edge)      0.000     0.000 r  
    AU32                                              0.000     0.000 r  clk (IN)
                         net (fo=0)                   0.000     0.000    clk
    AU32                                                              r  clk_IBUF_inst/I
    AU32                 IBUF (Prop_ibuf_I_O)         0.315     0.315 r  clk_IBUF_inst/O
                         net (fo=1, routed)           1.346     1.661    clk_IBUF
    BUFGCTRL_X0Y0                                                     r  clk_IBUF_BUFG_inst/I
    BUFGCTRL_X0Y0        BUFG (Prop_bufg_I_O)         0.030     1.691 r  clk_IBUF_BUFG_inst/O
                         net (fo=65, routed)          1.036     2.727    clk_IBUF_BUFG
    SLICE_X50Y34         FDRE                                         r  prod_reg[3]/C
                         clock pessimism             -0.470     2.256    
    SLICE_X50Y34         FDRE (Hold_fdre_C_R)         0.006     2.262    prod_reg[3]
  -------------------------------------------------------------------
                         required time                         -2.262    
                         arrival time                           3.370    
  -------------------------------------------------------------------
                         slack                                  1.108    

Slack (MET) :             1.110ns  (arrival time - required time)
  Source:                 a_reg_reg[0]/C
                            (rising edge-triggered cell FDRE clocked by clock  {rise@0.000ns fall@3.508ns period=7.017ns})
  Destination:            prod_reg[29]/D
                            (rising edge-triggered cell FDRE clocked by clock  {rise@0.000ns fall@3.508ns period=7.017ns})
  Path Group:             clock
  Path Type:              Hold (Min at Fast Process Corner)
  Requirement:            0.000ns  (clock rise@0.000ns - clock rise@0.000ns)
  Data Path Delay:        1.218ns  (logic 0.364ns (29.891%)  route 0.854ns (70.109%))
  Logic Levels:           4  (CARRY4=1 LUT5=1 LUT6=2)
  Clock Path Skew:        0.021ns (DCD - SCD - CPR)
    Destination Clock Delay (DCD):    2.731ns
    Source Clock Delay      (SCD):    2.220ns
    Clock Pessimism Removal (CPR):    0.489ns

    Location             Delay type                Incr(ns)  Path(ns)    Netlist Resource(s)
  -------------------------------------------------------------------    -------------------
                         (clock clock rise edge)      0.000     0.000 r  
    AU32                                              0.000     0.000 r  clk (IN)
                         net (fo=0)                   0.000     0.000    clk
    AU32                                                              r  clk_IBUF_inst/I
    AU32                 IBUF (Prop_ibuf_I_O)         0.148     0.148 r  clk_IBUF_inst/O
                         net (fo=1, routed)           1.274     1.422    clk_IBUF
    BUFGCTRL_X0Y0                                                     r  clk_IBUF_BUFG_inst/I
    BUFGCTRL_X0Y0        BUFG (Prop_bufg_I_O)         0.026     1.448 r  clk_IBUF_BUFG_inst/O
                         net (fo=65, routed)          0.772     2.220    clk_IBUF_BUFG
    SLICE_X48Y29         FDRE                                         r  a_reg_reg[0]/C
  -------------------------------------------------------------------    -------------------
    SLICE_X48Y29         FDRE (Prop_fdre_C_Q)         0.118     2.338 r  a_reg_reg[0]/Q
                         net (fo=9, routed)           0.186     2.524    a_reg[0]
    SLICE_X48Y31                                                      r  prod[29]_i_6/I2
    SLICE_X48Y31         LUT5 (Prop_lut5_I2_O)        0.028     2.552 r  prod[29]_i_6/O
                         net (fo=1, routed)           0.179     2.730    inst0/adder_inst_2/a_reg_reg[0]
    SLICE_X48Y34                                                      r  inst0/adder_inst_2/prod_reg[29]_i_5/CYINIT
    SLICE_X48Y34         CARRY4 (Prop_carry4_CYINIT_O[0])
                                                      0.124     2.854 r  inst0/adder_inst_2/prod_reg[29]_i_5/O[0]
                         net (fo=8, routed)           0.299     3.153    inst0_n_24
    SLICE_X49Y37                                                      r  prod[29]_i_3/I1
    SLICE_X49Y37         LUT6 (Prop_lut6_I1_O)        0.066     3.219 r  prod[29]_i_3/O
                         net (fo=4, routed)           0.191     3.410    prod[29]_i_3_n_0
    SLICE_X50Y38                                                      r  prod[29]_i_1/I1
    SLICE_X50Y38         LUT6 (Prop_lut6_I1_O)        0.028     3.438 r  prod[29]_i_1/O
                         net (fo=1, routed)           0.000     3.438    prod_reg__0[29]
    SLICE_X50Y38         FDRE                                         r  prod_reg[29]/D
  -------------------------------------------------------------------    -------------------

                         (clock clock rise edge)      0.000     0.000 r  
    AU32                                              0.000     0.000 r  clk (IN)
                         net (fo=0)                   0.000     0.000    clk
    AU32                                                              r  clk_IBUF_inst/I
    AU32                 IBUF (Prop_ibuf_I_O)         0.315     0.315 r  clk_IBUF_inst/O
                         net (fo=1, routed)           1.346     1.661    clk_IBUF
    BUFGCTRL_X0Y0                                                     r  clk_IBUF_BUFG_inst/I
    BUFGCTRL_X0Y0        BUFG (Prop_bufg_I_O)         0.030     1.691 r  clk_IBUF_BUFG_inst/O
                         net (fo=65, routed)          1.040     2.731    clk_IBUF_BUFG
    SLICE_X50Y38         FDRE                                         r  prod_reg[29]/C
                         clock pessimism             -0.489     2.241    
    SLICE_X50Y38         FDRE (Hold_fdre_C_D)         0.087     2.328    prod_reg[29]
  -------------------------------------------------------------------
                         required time                         -2.328    
                         arrival time                           3.438    
  -------------------------------------------------------------------
                         slack                                  1.110    

Slack (MET) :             1.110ns  (arrival time - required time)
  Source:                 func_reg_reg/C
                            (rising edge-triggered cell FDRE clocked by clock  {rise@0.000ns fall@3.508ns period=7.017ns})
  Destination:            prod_reg[11]/R
                            (rising edge-triggered cell FDRE clocked by clock  {rise@0.000ns fall@3.508ns period=7.017ns})
  Path Group:             clock
  Path Type:              Hold (Min at Fast Process Corner)
  Requirement:            0.000ns  (clock rise@0.000ns - clock rise@0.000ns)
  Data Path Delay:        1.119ns  (logic 0.128ns (11.438%)  route 0.991ns (88.562%))
  Logic Levels:           1  (LUT6=1)
  Clock Path Skew:        0.023ns (DCD - SCD - CPR)
    Destination Clock Delay (DCD):    2.727ns
    Source Clock Delay      (SCD):    2.233ns
    Clock Pessimism Removal (CPR):    0.470ns

    Location             Delay type                Incr(ns)  Path(ns)    Netlist Resource(s)
  -------------------------------------------------------------------    -------------------
                         (clock clock rise edge)      0.000     0.000 r  
    AU32                                              0.000     0.000 r  clk (IN)
                         net (fo=0)                   0.000     0.000    clk
    AU32                                                              r  clk_IBUF_inst/I
    AU32                 IBUF (Prop_ibuf_I_O)         0.148     0.148 r  clk_IBUF_inst/O
                         net (fo=1, routed)           1.274     1.422    clk_IBUF
    BUFGCTRL_X0Y0                                                     r  clk_IBUF_BUFG_inst/I
    BUFGCTRL_X0Y0        BUFG (Prop_bufg_I_O)         0.026     1.448 r  clk_IBUF_BUFG_inst/O
                         net (fo=65, routed)          0.785     2.233    clk_IBUF_BUFG
    SLICE_X47Y30         FDRE                                         r  func_reg_reg/C
  -------------------------------------------------------------------    -------------------
    SLICE_X47Y30         FDRE (Prop_fdre_C_Q)         0.100     2.333 r  func_reg_reg/Q
                         net (fo=47, routed)          0.739     3.072    func_reg_reg_n_0
    SLICE_X50Y34                                                      r  prod[16]_i_1/I0
    SLICE_X50Y34         LUT6 (Prop_lut6_I0_O)        0.028     3.100 r  prod[16]_i_1/O
                         net (fo=32, routed)          0.252     3.352    prod[16]_i_1_n_0
    SLICE_X49Y34         FDRE                                         r  prod_reg[11]/R
  -------------------------------------------------------------------    -------------------

                         (clock clock rise edge)      0.000     0.000 r  
    AU32                                              0.000     0.000 r  clk (IN)
                         net (fo=0)                   0.000     0.000    clk
    AU32                                                              r  clk_IBUF_inst/I
    AU32                 IBUF (Prop_ibuf_I_O)         0.315     0.315 r  clk_IBUF_inst/O
                         net (fo=1, routed)           1.346     1.661    clk_IBUF
    BUFGCTRL_X0Y0                                                     r  clk_IBUF_BUFG_inst/I
    BUFGCTRL_X0Y0        BUFG (Prop_bufg_I_O)         0.030     1.691 r  clk_IBUF_BUFG_inst/O
                         net (fo=65, routed)          1.036     2.727    clk_IBUF_BUFG
    SLICE_X49Y34         FDRE                                         r  prod_reg[11]/C
                         clock pessimism             -0.470     2.256    
    SLICE_X49Y34         FDRE (Hold_fdre_C_R)        -0.014     2.242    prod_reg[11]
  -------------------------------------------------------------------
                         required time                         -2.242    
                         arrival time                           3.352    
  -------------------------------------------------------------------
                         slack                                  1.110    





Pulse Width Checks
--------------------------------------------------------------------------------------
Clock Name:         clock
Waveform(ns):       { 0.000 3.509 }
Period(ns):         7.017
Sources:            { clk }

Check Type        Corner  Lib Pin  Reference Pin  Required(ns)  Actual(ns)  Slack(ns)  Location       Pin
Min Period        n/a     BUFG/I   n/a            1.409         7.017       5.609      BUFGCTRL_X0Y0  clk_IBUF_BUFG_inst/I
Min Period        n/a     FDRE/C   n/a            0.750         7.017       6.267      SLICE_X48Y29   a_reg_reg[3]/C
Min Period        n/a     FDRE/C   n/a            0.750         7.017       6.267      SLICE_X51Y36   prod_reg[5]/C
Min Period        n/a     FDRE/C   n/a            0.700         7.017       6.317      SLICE_X48Y29   a_reg_reg[0]/C
Min Period        n/a     FDRE/C   n/a            0.700         7.017       6.317      SLICE_X49Y29   a_reg_reg[10]/C
Min Period        n/a     FDRE/C   n/a            0.700         7.017       6.317      SLICE_X51Y29   a_reg_reg[11]/C
Min Period        n/a     FDRE/C   n/a            0.700         7.017       6.317      SLICE_X49Y29   a_reg_reg[12]/C
Min Period        n/a     FDRE/C   n/a            0.700         7.017       6.317      SLICE_X50Y29   a_reg_reg[13]/C
Min Period        n/a     FDRE/C   n/a            0.700         7.017       6.317      SLICE_X51Y29   a_reg_reg[14]/C
Min Period        n/a     FDRE/C   n/a            0.700         7.017       6.317      SLICE_X49Y29   a_reg_reg[15]/C
Min Period        n/a     FDRE/C   n/a            0.700         7.017       6.317      SLICE_X47Y32   a_reg_reg[1]/C
Min Period        n/a     FDRE/C   n/a            0.700         7.017       6.317      SLICE_X48Y29   a_reg_reg[2]/C
Min Period        n/a     FDRE/C   n/a            0.700         7.017       6.317      SLICE_X48Y30   a_reg_reg[4]/C
Min Period        n/a     FDRE/C   n/a            0.700         7.017       6.317      SLICE_X48Y30   a_reg_reg[5]/C
Min Period        n/a     FDRE/C   n/a            0.700         7.017       6.317      SLICE_X49Y30   a_reg_reg[6]/C
Min Period        n/a     FDRE/C   n/a            0.700         7.017       6.317      SLICE_X48Y30   a_reg_reg[7]/C
Min Period        n/a     FDRE/C   n/a            0.700         7.017       6.317      SLICE_X45Y36   b_reg_reg[0]/C
Min Period        n/a     FDRE/C   n/a            0.700         7.017       6.317      SLICE_X44Y38   b_reg_reg[10]/C
Min Period        n/a     FDRE/C   n/a            0.700         7.017       6.317      SLICE_X44Y36   b_reg_reg[11]/C
Min Period        n/a     FDRE/C   n/a            0.700         7.017       6.317      SLICE_X45Y36   b_reg_reg[12]/C
Min Period        n/a     FDRE/C   n/a            0.700         7.017       6.317      SLICE_X45Y36   b_reg_reg[13]/C
Min Period        n/a     FDRE/C   n/a            0.700         7.017       6.317      SLICE_X44Y36   b_reg_reg[14]/C
Min Period        n/a     FDRE/C   n/a            0.700         7.017       6.317      SLICE_X45Y37   b_reg_reg[15]/C
Min Period        n/a     FDRE/C   n/a            0.700         7.017       6.317      SLICE_X44Y35   b_reg_reg[1]/C
Min Period        n/a     FDRE/C   n/a            0.700         7.017       6.317      SLICE_X45Y38   b_reg_reg[2]/C
Min Period        n/a     FDRE/C   n/a            0.700         7.017       6.317      SLICE_X44Y37   b_reg_reg[3]/C
Min Period        n/a     FDRE/C   n/a            0.700         7.017       6.317      SLICE_X45Y38   b_reg_reg[4]/C
Min Period        n/a     FDRE/C   n/a            0.700         7.017       6.317      SLICE_X47Y38   b_reg_reg[5]/C
Min Period        n/a     FDRE/C   n/a            0.700         7.017       6.317      SLICE_X46Y38   b_reg_reg[6]/C
Min Period        n/a     FDRE/C   n/a            0.700         7.017       6.317      SLICE_X44Y37   b_reg_reg[7]/C
Min Period        n/a     FDRE/C   n/a            0.700         7.017       6.317      SLICE_X47Y38   b_reg_reg[8]/C
Min Period        n/a     FDRE/C   n/a            0.700         7.017       6.317      SLICE_X45Y38   b_reg_reg[9]/C
Low Pulse Width   Fast    FDRE/C   n/a            0.400         3.509       3.109      SLICE_X48Y29   a_reg_reg[3]/C
Low Pulse Width   Slow    FDRE/C   n/a            0.400         3.509       3.109      SLICE_X48Y29   a_reg_reg[3]/C
Low Pulse Width   Fast    FDRE/C   n/a            0.400         3.509       3.109      SLICE_X51Y36   prod_reg[5]/C
Low Pulse Width   Slow    FDRE/C   n/a            0.400         3.509       3.109      SLICE_X51Y36   prod_reg[5]/C
Low Pulse Width   Slow    FDRE/C   n/a            0.350         3.508       3.158      SLICE_X47Y32   a_reg_reg[1]/C
Low Pulse Width   Fast    FDRE/C   n/a            0.350         3.508       3.158      SLICE_X47Y32   a_reg_reg[1]/C
Low Pulse Width   Fast    FDRE/C   n/a            0.350         3.508       3.158      SLICE_X45Y36   b_reg_reg[0]/C
Low Pulse Width   Fast    FDRE/C   n/a            0.350         3.508       3.158      SLICE_X44Y36   b_reg_reg[11]/C
Low Pulse Width   Fast    FDRE/C   n/a            0.350         3.508       3.158      SLICE_X45Y36   b_reg_reg[12]/C
Low Pulse Width   Fast    FDRE/C   n/a            0.350         3.508       3.158      SLICE_X45Y36   b_reg_reg[13]/C
Low Pulse Width   Fast    FDRE/C   n/a            0.350         3.508       3.158      SLICE_X44Y36   b_reg_reg[14]/C
Low Pulse Width   Fast    FDRE/C   n/a            0.350         3.508       3.158      SLICE_X45Y37   b_reg_reg[15]/C
Low Pulse Width   Fast    FDRE/C   n/a            0.350         3.508       3.158      SLICE_X44Y35   b_reg_reg[1]/C
Low Pulse Width   Fast    FDRE/C   n/a            0.350         3.508       3.158      SLICE_X44Y37   b_reg_reg[3]/C
Low Pulse Width   Fast    FDRE/C   n/a            0.350         3.508       3.158      SLICE_X44Y37   b_reg_reg[7]/C
Low Pulse Width   Fast    FDRE/C   n/a            0.350         3.508       3.158      SLICE_X48Y30   a_reg_reg[4]/C
Low Pulse Width   Fast    FDRE/C   n/a            0.350         3.508       3.158      SLICE_X48Y30   a_reg_reg[5]/C
Low Pulse Width   Fast    FDRE/C   n/a            0.350         3.508       3.158      SLICE_X49Y30   a_reg_reg[6]/C
Low Pulse Width   Fast    FDRE/C   n/a            0.350         3.508       3.158      SLICE_X48Y30   a_reg_reg[7]/C
Low Pulse Width   Slow    FDRE/C   n/a            0.350         3.508       3.158      SLICE_X45Y36   b_reg_reg[0]/C
Low Pulse Width   Slow    FDRE/C   n/a            0.350         3.508       3.158      SLICE_X44Y38   b_reg_reg[10]/C
Low Pulse Width   Slow    FDRE/C   n/a            0.350         3.508       3.158      SLICE_X44Y36   b_reg_reg[11]/C
Low Pulse Width   Slow    FDRE/C   n/a            0.350         3.508       3.158      SLICE_X45Y36   b_reg_reg[12]/C
Low Pulse Width   Slow    FDRE/C   n/a            0.350         3.508       3.158      SLICE_X45Y36   b_reg_reg[13]/C
Low Pulse Width   Slow    FDRE/C   n/a            0.350         3.508       3.158      SLICE_X44Y36   b_reg_reg[14]/C
Low Pulse Width   Slow    FDRE/C   n/a            0.350         3.508       3.158      SLICE_X45Y37   b_reg_reg[15]/C
Low Pulse Width   Slow    FDRE/C   n/a            0.350         3.508       3.158      SLICE_X45Y38   b_reg_reg[2]/C
Low Pulse Width   Slow    FDRE/C   n/a            0.350         3.508       3.158      SLICE_X44Y37   b_reg_reg[3]/C
Low Pulse Width   Slow    FDRE/C   n/a            0.350         3.508       3.158      SLICE_X45Y38   b_reg_reg[4]/C
Low Pulse Width   Slow    FDRE/C   n/a            0.350         3.508       3.158      SLICE_X47Y38   b_reg_reg[5]/C
Low Pulse Width   Slow    FDRE/C   n/a            0.350         3.508       3.158      SLICE_X46Y38   b_reg_reg[6]/C
Low Pulse Width   Slow    FDRE/C   n/a            0.350         3.508       3.158      SLICE_X44Y37   b_reg_reg[7]/C
High Pulse Width  Slow    FDRE/C   n/a            0.350         3.508       3.158      SLICE_X48Y29   a_reg_reg[0]/C
High Pulse Width  Slow    FDRE/C   n/a            0.350         3.508       3.158      SLICE_X49Y29   a_reg_reg[10]/C
High Pulse Width  Slow    FDRE/C   n/a            0.350         3.508       3.158      SLICE_X51Y29   a_reg_reg[11]/C
High Pulse Width  Slow    FDRE/C   n/a            0.350         3.508       3.158      SLICE_X49Y29   a_reg_reg[12]/C
High Pulse Width  Slow    FDRE/C   n/a            0.350         3.508       3.158      SLICE_X50Y29   a_reg_reg[13]/C
High Pulse Width  Slow    FDRE/C   n/a            0.350         3.508       3.158      SLICE_X51Y29   a_reg_reg[14]/C
High Pulse Width  Slow    FDRE/C   n/a            0.350         3.508       3.158      SLICE_X49Y29   a_reg_reg[15]/C
High Pulse Width  Slow    FDRE/C   n/a            0.350         3.508       3.158      SLICE_X48Y29   a_reg_reg[2]/C
High Pulse Width  Slow    FDRE/C   n/a            0.350         3.508       3.158      SLICE_X48Y29   a_reg_reg[3]/C
High Pulse Width  Slow    FDRE/C   n/a            0.350         3.508       3.158      SLICE_X48Y30   a_reg_reg[4]/C
High Pulse Width  Slow    FDRE/C   n/a            0.350         3.508       3.158      SLICE_X48Y30   a_reg_reg[5]/C
High Pulse Width  Slow    FDRE/C   n/a            0.350         3.508       3.158      SLICE_X49Y30   a_reg_reg[6]/C
High Pulse Width  Slow    FDRE/C   n/a            0.350         3.508       3.158      SLICE_X48Y30   a_reg_reg[7]/C
High Pulse Width  Slow    FDRE/C   n/a            0.350         3.508       3.158      SLICE_X44Y35   b_reg_reg[1]/C
High Pulse Width  Slow    FDRE/C   n/a            0.350         3.508       3.158      SLICE_X51Y39   prod_reg[18]/C
High Pulse Width  Slow    FDRE/C   n/a            0.350         3.508       3.158      SLICE_X51Y36   prod_reg[1]/C
High Pulse Width  Slow    FDRE/C   n/a            0.350         3.508       3.158      SLICE_X54Y35   prod_reg[20]/C
High Pulse Width  Slow    FDRE/C   n/a            0.350         3.508       3.158      SLICE_X51Y38   prod_reg[21]/C
High Pulse Width  Slow    FDRE/C   n/a            0.350         3.508       3.158      SLICE_X50Y36   prod_reg[22]/C
High Pulse Width  Slow    FDRE/C   n/a            0.350         3.508       3.158      SLICE_X50Y37   prod_reg[23]/C
High Pulse Width  Slow    FDRE/C   n/a            0.350         3.508       3.158      SLICE_X51Y39   prod_reg[25]/C
High Pulse Width  Slow    FDRE/C   n/a            0.350         3.508       3.158      SLICE_X50Y38   prod_reg[27]/C
High Pulse Width  Slow    FDRE/C   n/a            0.350         3.508       3.158      SLICE_X50Y38   prod_reg[29]/C
High Pulse Width  Slow    FDRE/C   n/a            0.350         3.508       3.158      SLICE_X49Y36   prod_reg[2]/C
High Pulse Width  Slow    FDRE/C   n/a            0.350         3.508       3.158      SLICE_X50Y38   prod_reg[31]/C
High Pulse Width  Slow    FDRE/C   n/a            0.350         3.508       3.158      SLICE_X51Y36   prod_reg[5]/C
High Pulse Width  Slow    FDRE/C   n/a            0.350         3.508       3.158      SLICE_X51Y36   prod_reg[7]/C
High Pulse Width  Slow    FDRE/C   n/a            0.350         3.508       3.158      SLICE_X51Y29   a_reg_reg[8]/C
High Pulse Width  Slow    FDRE/C   n/a            0.350         3.508       3.158      SLICE_X48Y29   a_reg_reg[9]/C
High Pulse Width  Slow    FDRE/C   n/a            0.350         3.508       3.158      SLICE_X49Y36   prod_reg[10]/C
High Pulse Width  Slow    FDRE/C   n/a            0.350         3.508       3.158      SLICE_X51Y36   prod_reg[13]/C
High Pulse Width  Slow    FDRE/C   n/a            0.350         3.508       3.158      SLICE_X49Y36   prod_reg[15]/C



--------------------------------------------------------------------------------------
Path Group:  (none)
From Clock:  clock
  To Clock:  

Max Delay            32 Endpoints
Min Delay            32 Endpoints
--------------------------------------------------------------------------------------


Max Delay Paths
--------------------------------------------------------------------------------------
Slack:                    inf
  Source:                 prod_reg[10]/C
                            (rising edge-triggered cell FDRE clocked by clock  {rise@0.000ns fall@3.508ns period=7.017ns})
  Destination:            prod[10]
                            (output port)
  Path Group:             (none)
  Path Type:              Max at Slow Process Corner
  Data Path Delay:        4.495ns  (logic 2.280ns (50.728%)  route 2.215ns (49.272%))
  Logic Levels:           1  (OBUF=1)
  Clock Uncertainty:      0.025ns  ((TSJ^2 + TIJ^2)^1/2 + DJ) / 2 + PE
    Total System Jitter     (TSJ):    0.050ns
    Total Input Jitter      (TIJ):    0.000ns
    Discrete Jitter          (DJ):    0.000ns
    Phase Error              (PE):    0.000ns

    Location             Delay type                Incr(ns)  Path(ns)    Netlist Resource(s)
  -------------------------------------------------------------------    -------------------
                         (clock clock rise edge)      0.000     0.000 r  
    AU32                                              0.000     0.000 r  clk (IN)
                         net (fo=0)                   0.000     0.000    clk
    AU32                                                              r  clk_IBUF_inst/I
    AU32                 IBUF (Prop_ibuf_I_O)         0.642     0.642 r  clk_IBUF_inst/O
                         net (fo=1, routed)           2.644     3.286    clk_IBUF
    BUFGCTRL_X0Y0                                                     r  clk_IBUF_BUFG_inst/I
    BUFGCTRL_X0Y0        BUFG (Prop_bufg_I_O)         0.093     3.379 r  clk_IBUF_BUFG_inst/O
                         net (fo=65, routed)          1.873     5.252    clk_IBUF_BUFG
    SLICE_X49Y36         FDRE                                         r  prod_reg[10]/C
  -------------------------------------------------------------------    -------------------
    SLICE_X49Y36         FDRE (Prop_fdre_C_Q)         0.223     5.475 r  prod_reg[10]/Q
                         net (fo=1, routed)           2.215     7.689    prod_OBUF[10]
    AV33                                                              r  prod_OBUF[10]_inst/I
    AV33                 OBUF (Prop_obuf_I_O)         2.057     9.747 r  prod_OBUF[10]_inst/O
                         net (fo=0)                   0.000     9.747    prod[10]
    AV33                                                              r  prod[10] (OUT)
  -------------------------------------------------------------------    -------------------

Slack:                    inf
  Source:                 prod_reg[1]/C
                            (rising edge-triggered cell FDRE clocked by clock  {rise@0.000ns fall@3.508ns period=7.017ns})
  Destination:            prod[1]
                            (output port)
  Path Group:             (none)
  Path Type:              Max at Slow Process Corner
  Data Path Delay:        4.399ns  (logic 2.284ns (51.927%)  route 2.115ns (48.073%))
  Logic Levels:           1  (OBUF=1)
  Clock Uncertainty:      0.025ns  ((TSJ^2 + TIJ^2)^1/2 + DJ) / 2 + PE
    Total System Jitter     (TSJ):    0.050ns
    Total Input Jitter      (TIJ):    0.000ns
    Discrete Jitter          (DJ):    0.000ns
    Phase Error              (PE):    0.000ns

    Location             Delay type                Incr(ns)  Path(ns)    Netlist Resource(s)
  -------------------------------------------------------------------    -------------------
                         (clock clock rise edge)      0.000     0.000 r  
    AU32                                              0.000     0.000 r  clk (IN)
                         net (fo=0)                   0.000     0.000    clk
    AU32                                                              r  clk_IBUF_inst/I
    AU32                 IBUF (Prop_ibuf_I_O)         0.642     0.642 r  clk_IBUF_inst/O
                         net (fo=1, routed)           2.644     3.286    clk_IBUF
    BUFGCTRL_X0Y0                                                     r  clk_IBUF_BUFG_inst/I
    BUFGCTRL_X0Y0        BUFG (Prop_bufg_I_O)         0.093     3.379 r  clk_IBUF_BUFG_inst/O
                         net (fo=65, routed)          1.873     5.252    clk_IBUF_BUFG
    SLICE_X51Y36         FDRE                                         r  prod_reg[1]/C
  -------------------------------------------------------------------    -------------------
    SLICE_X51Y36         FDRE (Prop_fdre_C_Q)         0.223     5.475 r  prod_reg[1]/Q
                         net (fo=1, routed)           2.115     7.589    prod_OBUF[1]
    AW30                                                              r  prod_OBUF[1]_inst/I
    AW30                 OBUF (Prop_obuf_I_O)         2.061     9.651 r  prod_OBUF[1]_inst/O
                         net (fo=0)                   0.000     9.651    prod[1]
    AW30                                                              r  prod[1] (OUT)
  -------------------------------------------------------------------    -------------------

Slack:                    inf
  Source:                 prod_reg[3]/C
                            (rising edge-triggered cell FDRE clocked by clock  {rise@0.000ns fall@3.508ns period=7.017ns})
  Destination:            prod[3]
                            (output port)
  Path Group:             (none)
  Path Type:              Max at Slow Process Corner
  Data Path Delay:        4.380ns  (logic 2.341ns (53.459%)  route 2.038ns (46.541%))
  Logic Levels:           1  (OBUF=1)
  Clock Uncertainty:      0.025ns  ((TSJ^2 + TIJ^2)^1/2 + DJ) / 2 + PE
    Total System Jitter     (TSJ):    0.050ns
    Total Input Jitter      (TIJ):    0.000ns
    Discrete Jitter          (DJ):    0.000ns
    Phase Error              (PE):    0.000ns

    Location             Delay type                Incr(ns)  Path(ns)    Netlist Resource(s)
  -------------------------------------------------------------------    -------------------
                         (clock clock rise edge)      0.000     0.000 r  
    AU32                                              0.000     0.000 r  clk (IN)
                         net (fo=0)                   0.000     0.000    clk
    AU32                                                              r  clk_IBUF_inst/I
    AU32                 IBUF (Prop_ibuf_I_O)         0.642     0.642 r  clk_IBUF_inst/O
                         net (fo=1, routed)           2.644     3.286    clk_IBUF
    BUFGCTRL_X0Y0                                                     r  clk_IBUF_BUFG_inst/I
    BUFGCTRL_X0Y0        BUFG (Prop_bufg_I_O)         0.093     3.379 r  clk_IBUF_BUFG_inst/O
                         net (fo=65, routed)          1.870     5.249    clk_IBUF_BUFG
    SLICE_X50Y34         FDRE                                         r  prod_reg[3]/C
  -------------------------------------------------------------------    -------------------
    SLICE_X50Y34         FDRE (Prop_fdre_C_Q)         0.259     5.508 r  prod_reg[3]/Q
                         net (fo=1, routed)           2.038     7.546    prod_OBUF[3]
    BA31                                                              r  prod_OBUF[3]_inst/I
    BA31                 OBUF (Prop_obuf_I_O)         2.082     9.628 r  prod_OBUF[3]_inst/O
                         net (fo=0)                   0.000     9.628    prod[3]
    BA31                                                              r  prod[3] (OUT)
  -------------------------------------------------------------------    -------------------

Slack:                    inf
  Source:                 prod_reg[27]/C
                            (rising edge-triggered cell FDRE clocked by clock  {rise@0.000ns fall@3.508ns period=7.017ns})
  Destination:            prod[27]
                            (output port)
  Path Group:             (none)
  Path Type:              Max at Slow Process Corner
  Data Path Delay:        4.246ns  (logic 2.349ns (55.318%)  route 1.897ns (44.682%))
  Logic Levels:           1  (OBUF=1)
  Clock Uncertainty:      0.025ns  ((TSJ^2 + TIJ^2)^1/2 + DJ) / 2 + PE
    Total System Jitter     (TSJ):    0.050ns
    Total Input Jitter      (TIJ):    0.000ns
    Discrete Jitter          (DJ):    0.000ns
    Phase Error              (PE):    0.000ns

    Location             Delay type                Incr(ns)  Path(ns)    Netlist Resource(s)
  -------------------------------------------------------------------    -------------------
                         (clock clock rise edge)      0.000     0.000 r  
    AU32                                              0.000     0.000 r  clk (IN)
                         net (fo=0)                   0.000     0.000    clk
    AU32                                                              r  clk_IBUF_inst/I
    AU32                 IBUF (Prop_ibuf_I_O)         0.642     0.642 r  clk_IBUF_inst/O
                         net (fo=1, routed)           2.644     3.286    clk_IBUF
    BUFGCTRL_X0Y0                                                     r  clk_IBUF_BUFG_inst/I
    BUFGCTRL_X0Y0        BUFG (Prop_bufg_I_O)         0.093     3.379 r  clk_IBUF_BUFG_inst/O
                         net (fo=65, routed)          1.874     5.253    clk_IBUF_BUFG
    SLICE_X50Y38         FDRE                                         r  prod_reg[27]/C
  -------------------------------------------------------------------    -------------------
    SLICE_X50Y38         FDRE (Prop_fdre_C_Q)         0.259     5.512 r  prod_reg[27]/Q
                         net (fo=1, routed)           1.897     7.409    prod_OBUF[27]
    AW36                                                              r  prod_OBUF[27]_inst/I
    AW36                 OBUF (Prop_obuf_I_O)         2.090     9.499 r  prod_OBUF[27]_inst/O
                         net (fo=0)                   0.000     9.499    prod[27]
    AW36                                                              r  prod[27] (OUT)
  -------------------------------------------------------------------    -------------------

Slack:                    inf
  Source:                 prod_reg[31]/C
                            (rising edge-triggered cell FDRE clocked by clock  {rise@0.000ns fall@3.508ns period=7.017ns})
  Destination:            prod[31]
                            (output port)
  Path Group:             (none)
  Path Type:              Max at Slow Process Corner
  Data Path Delay:        4.141ns  (logic 2.317ns (55.956%)  route 1.824ns (44.044%))
  Logic Levels:           1  (OBUF=1)
  Clock Uncertainty:      0.025ns  ((TSJ^2 + TIJ^2)^1/2 + DJ) / 2 + PE
    Total System Jitter     (TSJ):    0.050ns
    Total Input Jitter      (TIJ):    0.000ns
    Discrete Jitter          (DJ):    0.000ns
    Phase Error              (PE):    0.000ns

    Location             Delay type                Incr(ns)  Path(ns)    Netlist Resource(s)
  -------------------------------------------------------------------    -------------------
                         (clock clock rise edge)      0.000     0.000 r  
    AU32                                              0.000     0.000 r  clk (IN)
                         net (fo=0)                   0.000     0.000    clk
    AU32                                                              r  clk_IBUF_inst/I
    AU32                 IBUF (Prop_ibuf_I_O)         0.642     0.642 r  clk_IBUF_inst/O
                         net (fo=1, routed)           2.644     3.286    clk_IBUF
    BUFGCTRL_X0Y0                                                     r  clk_IBUF_BUFG_inst/I
    BUFGCTRL_X0Y0        BUFG (Prop_bufg_I_O)         0.093     3.379 r  clk_IBUF_BUFG_inst/O
                         net (fo=65, routed)          1.874     5.253    clk_IBUF_BUFG
    SLICE_X50Y38         FDRE                                         r  prod_reg[31]/C
  -------------------------------------------------------------------    -------------------
    SLICE_X50Y38         FDRE (Prop_fdre_C_Q)         0.259     5.512 r  prod_reg[31]/Q
                         net (fo=1, routed)           1.824     7.335    prod_OBUF[31]
    AR35                                                              r  prod_OBUF[31]_inst/I
    AR35                 OBUF (Prop_obuf_I_O)         2.058     9.393 r  prod_OBUF[31]_inst/O
                         net (fo=0)                   0.000     9.393    prod[31]
    AR35                                                              r  prod[31] (OUT)
  -------------------------------------------------------------------    -------------------

Slack:                    inf
  Source:                 prod_reg[19]/C
                            (rising edge-triggered cell FDRE clocked by clock  {rise@0.000ns fall@3.508ns period=7.017ns})
  Destination:            prod[19]
                            (output port)
  Path Group:             (none)
  Path Type:              Max at Slow Process Corner
  Data Path Delay:        4.091ns  (logic 2.350ns (57.459%)  route 1.740ns (42.541%))
  Logic Levels:           1  (OBUF=1)
  Clock Uncertainty:      0.025ns  ((TSJ^2 + TIJ^2)^1/2 + DJ) / 2 + PE
    Total System Jitter     (TSJ):    0.050ns
    Total Input Jitter      (TIJ):    0.000ns
    Discrete Jitter          (DJ):    0.000ns
    Phase Error              (PE):    0.000ns

    Location             Delay type                Incr(ns)  Path(ns)    Netlist Resource(s)
  -------------------------------------------------------------------    -------------------
                         (clock clock rise edge)      0.000     0.000 r  
    AU32                                              0.000     0.000 r  clk (IN)
                         net (fo=0)                   0.000     0.000    clk
    AU32                                                              r  clk_IBUF_inst/I
    AU32                 IBUF (Prop_ibuf_I_O)         0.642     0.642 r  clk_IBUF_inst/O
                         net (fo=1, routed)           2.644     3.286    clk_IBUF
    BUFGCTRL_X0Y0                                                     r  clk_IBUF_BUFG_inst/I
    BUFGCTRL_X0Y0        BUFG (Prop_bufg_I_O)         0.093     3.379 r  clk_IBUF_BUFG_inst/O
                         net (fo=65, routed)          1.870     5.249    clk_IBUF_BUFG
    SLICE_X52Y36         FDRE                                         r  prod_reg[19]/C
  -------------------------------------------------------------------    -------------------
    SLICE_X52Y36         FDRE (Prop_fdre_C_Q)         0.259     5.508 r  prod_reg[19]/Q
                         net (fo=1, routed)           1.740     7.248    prod_OBUF[19]
    AY35                                                              r  prod_OBUF[19]_inst/I
    AY35                 OBUF (Prop_obuf_I_O)         2.091     9.339 r  prod_OBUF[19]_inst/O
                         net (fo=0)                   0.000     9.339    prod[19]
    AY35                                                              r  prod[19] (OUT)
  -------------------------------------------------------------------    -------------------

Slack:                    inf
  Source:                 prod_reg[7]/C
                            (rising edge-triggered cell FDRE clocked by clock  {rise@0.000ns fall@3.508ns period=7.017ns})
  Destination:            prod[7]
                            (output port)
  Path Group:             (none)
  Path Type:              Max at Slow Process Corner
  Data Path Delay:        4.069ns  (logic 2.294ns (56.379%)  route 1.775ns (43.621%))
  Logic Levels:           1  (OBUF=1)
  Clock Uncertainty:      0.025ns  ((TSJ^2 + TIJ^2)^1/2 + DJ) / 2 + PE
    Total System Jitter     (TSJ):    0.050ns
    Total Input Jitter      (TIJ):    0.000ns
    Discrete Jitter          (DJ):    0.000ns
    Phase Error              (PE):    0.000ns

    Location             Delay type                Incr(ns)  Path(ns)    Netlist Resource(s)
  -------------------------------------------------------------------    -------------------
                         (clock clock rise edge)      0.000     0.000 r  
    AU32                                              0.000     0.000 r  clk (IN)
                         net (fo=0)                   0.000     0.000    clk
    AU32                                                              r  clk_IBUF_inst/I
    AU32                 IBUF (Prop_ibuf_I_O)         0.642     0.642 r  clk_IBUF_inst/O
                         net (fo=1, routed)           2.644     3.286    clk_IBUF
    BUFGCTRL_X0Y0                                                     r  clk_IBUF_BUFG_inst/I
    BUFGCTRL_X0Y0        BUFG (Prop_bufg_I_O)         0.093     3.379 r  clk_IBUF_BUFG_inst/O
                         net (fo=65, routed)          1.873     5.252    clk_IBUF_BUFG
    SLICE_X51Y36         FDRE                                         r  prod_reg[7]/C
  -------------------------------------------------------------------    -------------------
    SLICE_X51Y36         FDRE (Prop_fdre_C_Q)         0.223     5.475 r  prod_reg[7]/Q
                         net (fo=1, routed)           1.775     7.249    prod_OBUF[7]
    AV34                                                              r  prod_OBUF[7]_inst/I
    AV34                 OBUF (Prop_obuf_I_O)         2.071     9.320 r  prod_OBUF[7]_inst/O
                         net (fo=0)                   0.000     9.320    prod[7]
    AV34                                                              r  prod[7] (OUT)
  -------------------------------------------------------------------    -------------------

Slack:                    inf
  Source:                 prod_reg[25]/C
                            (rising edge-triggered cell FDRE clocked by clock  {rise@0.000ns fall@3.508ns period=7.017ns})
  Destination:            prod[25]
                            (output port)
  Path Group:             (none)
  Path Type:              Max at Slow Process Corner
  Data Path Delay:        4.023ns  (logic 2.324ns (57.772%)  route 1.699ns (42.228%))
  Logic Levels:           1  (OBUF=1)
  Clock Uncertainty:      0.025ns  ((TSJ^2 + TIJ^2)^1/2 + DJ) / 2 + PE
    Total System Jitter     (TSJ):    0.050ns
    Total Input Jitter      (TIJ):    0.000ns
    Discrete Jitter          (DJ):    0.000ns
    Phase Error              (PE):    0.000ns

    Location             Delay type                Incr(ns)  Path(ns)    Netlist Resource(s)
  -------------------------------------------------------------------    -------------------
                         (clock clock rise edge)      0.000     0.000 r  
    AU32                                              0.000     0.000 r  clk (IN)
                         net (fo=0)                   0.000     0.000    clk
    AU32                                                              r  clk_IBUF_inst/I
    AU32                 IBUF (Prop_ibuf_I_O)         0.642     0.642 r  clk_IBUF_inst/O
                         net (fo=1, routed)           2.644     3.286    clk_IBUF
    BUFGCTRL_X0Y0                                                     r  clk_IBUF_BUFG_inst/I
    BUFGCTRL_X0Y0        BUFG (Prop_bufg_I_O)         0.093     3.379 r  clk_IBUF_BUFG_inst/O
                         net (fo=65, routed)          1.875     5.254    clk_IBUF_BUFG
    SLICE_X51Y39         FDRE                                         r  prod_reg[25]/C
  -------------------------------------------------------------------    -------------------
    SLICE_X51Y39         FDRE (Prop_fdre_C_Q)         0.223     5.477 r  prod_reg[25]/Q
                         net (fo=1, routed)           1.699     7.175    prod_OBUF[25]
    BB34                                                              r  prod_OBUF[25]_inst/I
    BB34                 OBUF (Prop_obuf_I_O)         2.101     9.277 r  prod_OBUF[25]_inst/O
                         net (fo=0)                   0.000     9.277    prod[25]
    BB34                                                              r  prod[25] (OUT)
  -------------------------------------------------------------------    -------------------

Slack:                    inf
  Source:                 prod_reg[22]/C
                            (rising edge-triggered cell FDRE clocked by clock  {rise@0.000ns fall@3.508ns period=7.017ns})
  Destination:            prod[22]
                            (output port)
  Path Group:             (none)
  Path Type:              Max at Slow Process Corner
  Data Path Delay:        4.018ns  (logic 2.365ns (58.858%)  route 1.653ns (41.142%))
  Logic Levels:           1  (OBUF=1)
  Clock Uncertainty:      0.025ns  ((TSJ^2 + TIJ^2)^1/2 + DJ) / 2 + PE
    Total System Jitter     (TSJ):    0.050ns
    Total Input Jitter      (TIJ):    0.000ns
    Discrete Jitter          (DJ):    0.000ns
    Phase Error              (PE):    0.000ns

    Location             Delay type                Incr(ns)  Path(ns)    Netlist Resource(s)
  -------------------------------------------------------------------    -------------------
                         (clock clock rise edge)      0.000     0.000 r  
    AU32                                              0.000     0.000 r  clk (IN)
                         net (fo=0)                   0.000     0.000    clk
    AU32                                                              r  clk_IBUF_inst/I
    AU32                 IBUF (Prop_ibuf_I_O)         0.642     0.642 r  clk_IBUF_inst/O
                         net (fo=1, routed)           2.644     3.286    clk_IBUF
    BUFGCTRL_X0Y0                                                     r  clk_IBUF_BUFG_inst/I
    BUFGCTRL_X0Y0        BUFG (Prop_bufg_I_O)         0.093     3.379 r  clk_IBUF_BUFG_inst/O
                         net (fo=65, routed)          1.873     5.252    clk_IBUF_BUFG
    SLICE_X50Y36         FDRE                                         r  prod_reg[22]/C
  -------------------------------------------------------------------    -------------------
    SLICE_X50Y36         FDRE (Prop_fdre_C_Q)         0.259     5.511 r  prod_reg[22]/Q
                         net (fo=1, routed)           1.653     7.164    prod_OBUF[22]
    BB32                                                              r  prod_OBUF[22]_inst/I
    BB32                 OBUF (Prop_obuf_I_O)         2.106     9.270 r  prod_OBUF[22]_inst/O
                         net (fo=0)                   0.000     9.270    prod[22]
    BB32                                                              r  prod[22] (OUT)
  -------------------------------------------------------------------    -------------------

Slack:                    inf
  Source:                 prod_reg[12]/C
                            (rising edge-triggered cell FDRE clocked by clock  {rise@0.000ns fall@3.508ns period=7.017ns})
  Destination:            prod[12]
                            (output port)
  Path Group:             (none)
  Path Type:              Max at Slow Process Corner
  Data Path Delay:        3.997ns  (logic 2.269ns (56.758%)  route 1.729ns (43.242%))
  Logic Levels:           1  (OBUF=1)
  Clock Uncertainty:      0.025ns  ((TSJ^2 + TIJ^2)^1/2 + DJ) / 2 + PE
    Total System Jitter     (TSJ):    0.050ns
    Total Input Jitter      (TIJ):    0.000ns
    Discrete Jitter          (DJ):    0.000ns
    Phase Error              (PE):    0.000ns

    Location             Delay type                Incr(ns)  Path(ns)    Netlist Resource(s)
  -------------------------------------------------------------------    -------------------
                         (clock clock rise edge)      0.000     0.000 r  
    AU32                                              0.000     0.000 r  clk (IN)
                         net (fo=0)                   0.000     0.000    clk
    AU32                                                              r  clk_IBUF_inst/I
    AU32                 IBUF (Prop_ibuf_I_O)         0.642     0.642 r  clk_IBUF_inst/O
                         net (fo=1, routed)           2.644     3.286    clk_IBUF
    BUFGCTRL_X0Y0                                                     r  clk_IBUF_BUFG_inst/I
    BUFGCTRL_X0Y0        BUFG (Prop_bufg_I_O)         0.093     3.379 r  clk_IBUF_BUFG_inst/O
                         net (fo=65, routed)          1.870     5.249    clk_IBUF_BUFG
    SLICE_X51Y34         FDRE                                         r  prod_reg[12]/C
  -------------------------------------------------------------------    -------------------
    SLICE_X51Y34         FDRE (Prop_fdre_C_Q)         0.223     5.472 r  prod_reg[12]/Q
                         net (fo=1, routed)           1.729     7.200    prod_OBUF[12]
    AR34                                                              r  prod_OBUF[12]_inst/I
    AR34                 OBUF (Prop_obuf_I_O)         2.046     9.246 r  prod_OBUF[12]_inst/O
                         net (fo=0)                   0.000     9.246    prod[12]
    AR34                                                              r  prod[12] (OUT)
  -------------------------------------------------------------------    -------------------

Slack:                    inf
  Source:                 prod_reg[11]/C
                            (rising edge-triggered cell FDRE clocked by clock  {rise@0.000ns fall@3.508ns period=7.017ns})
  Destination:            prod[11]
                            (output port)
  Path Group:             (none)
  Path Type:              Max at Slow Process Corner
  Data Path Delay:        3.989ns  (logic 2.282ns (57.217%)  route 1.707ns (42.783%))
  Logic Levels:           1  (OBUF=1)
  Clock Uncertainty:      0.025ns  ((TSJ^2 + TIJ^2)^1/2 + DJ) / 2 + PE
    Total System Jitter     (TSJ):    0.050ns
    Total Input Jitter      (TIJ):    0.000ns
    Discrete Jitter          (DJ):    0.000ns
    Phase Error              (PE):    0.000ns

    Location             Delay type                Incr(ns)  Path(ns)    Netlist Resource(s)
  -------------------------------------------------------------------    -------------------
                         (clock clock rise edge)      0.000     0.000 r  
    AU32                                              0.000     0.000 r  clk (IN)
                         net (fo=0)                   0.000     0.000    clk
    AU32                                                              r  clk_IBUF_inst/I
    AU32                 IBUF (Prop_ibuf_I_O)         0.642     0.642 r  clk_IBUF_inst/O
                         net (fo=1, routed)           2.644     3.286    clk_IBUF
    BUFGCTRL_X0Y0                                                     r  clk_IBUF_BUFG_inst/I
    BUFGCTRL_X0Y0        BUFG (Prop_bufg_I_O)         0.093     3.379 r  clk_IBUF_BUFG_inst/O
                         net (fo=65, routed)          1.870     5.249    clk_IBUF_BUFG
    SLICE_X49Y34         FDRE                                         r  prod_reg[11]/C
  -------------------------------------------------------------------    -------------------
    SLICE_X49Y34         FDRE (Prop_fdre_C_Q)         0.223     5.472 r  prod_reg[11]/Q
                         net (fo=1, routed)           1.707     7.178    prod_OBUF[11]
    AT35                                                              r  prod_OBUF[11]_inst/I
    AT35                 OBUF (Prop_obuf_I_O)         2.059     9.238 r  prod_OBUF[11]_inst/O
                         net (fo=0)                   0.000     9.238    prod[11]
    AT35                                                              r  prod[11] (OUT)
  -------------------------------------------------------------------    -------------------

Slack:                    inf
  Source:                 prod_reg[2]/C
                            (rising edge-triggered cell FDRE clocked by clock  {rise@0.000ns fall@3.508ns period=7.017ns})
  Destination:            prod[2]
                            (output port)
  Path Group:             (none)
  Path Type:              Max at Slow Process Corner
  Data Path Delay:        3.882ns  (logic 2.307ns (59.432%)  route 1.575ns (40.568%))
  Logic Levels:           1  (OBUF=1)
  Clock Uncertainty:      0.025ns  ((TSJ^2 + TIJ^2)^1/2 + DJ) / 2 + PE
    Total System Jitter     (TSJ):    0.050ns
    Total Input Jitter      (TIJ):    0.000ns
    Discrete Jitter          (DJ):    0.000ns
    Phase Error              (PE):    0.000ns

    Location             Delay type                Incr(ns)  Path(ns)    Netlist Resource(s)
  -------------------------------------------------------------------    -------------------
                         (clock clock rise edge)      0.000     0.000 r  
    AU32                                              0.000     0.000 r  clk (IN)
                         net (fo=0)                   0.000     0.000    clk
    AU32                                                              r  clk_IBUF_inst/I
    AU32                 IBUF (Prop_ibuf_I_O)         0.642     0.642 r  clk_IBUF_inst/O
                         net (fo=1, routed)           2.644     3.286    clk_IBUF
    BUFGCTRL_X0Y0                                                     r  clk_IBUF_BUFG_inst/I
    BUFGCTRL_X0Y0        BUFG (Prop_bufg_I_O)         0.093     3.379 r  clk_IBUF_BUFG_inst/O
                         net (fo=65, routed)          1.873     5.252    clk_IBUF_BUFG
    SLICE_X49Y36         FDRE                                         r  prod_reg[2]/C
  -------------------------------------------------------------------    -------------------
    SLICE_X49Y36         FDRE (Prop_fdre_C_Q)         0.223     5.475 r  prod_reg[2]/Q
                         net (fo=1, routed)           1.575     7.049    prod_OBUF[2]
    BA32                                                              r  prod_OBUF[2]_inst/I
    BA32                 OBUF (Prop_obuf_I_O)         2.084     9.134 r  prod_OBUF[2]_inst/O
                         net (fo=0)                   0.000     9.134    prod[2]
    BA32                                                              r  prod[2] (OUT)
  -------------------------------------------------------------------    -------------------

Slack:                    inf
  Source:                 prod_reg[5]/C
                            (rising edge-triggered cell FDRE clocked by clock  {rise@0.000ns fall@3.508ns period=7.017ns})
  Destination:            prod[5]
                            (output port)
  Path Group:             (none)
  Path Type:              Max at Slow Process Corner
  Data Path Delay:        3.871ns  (logic 2.356ns (60.870%)  route 1.515ns (39.130%))
  Logic Levels:           1  (OBUF=1)
  Clock Uncertainty:      0.025ns  ((TSJ^2 + TIJ^2)^1/2 + DJ) / 2 + PE
    Total System Jitter     (TSJ):    0.050ns
    Total Input Jitter      (TIJ):    0.000ns
    Discrete Jitter          (DJ):    0.000ns
    Phase Error              (PE):    0.000ns

    Location             Delay type                Incr(ns)  Path(ns)    Netlist Resource(s)
  -------------------------------------------------------------------    -------------------
                         (clock clock rise edge)      0.000     0.000 r  
    AU32                                              0.000     0.000 r  clk (IN)
                         net (fo=0)                   0.000     0.000    clk
    AU32                                                              r  clk_IBUF_inst/I
    AU32                 IBUF (Prop_ibuf_I_O)         0.642     0.642 r  clk_IBUF_inst/O
                         net (fo=1, routed)           2.644     3.286    clk_IBUF
    BUFGCTRL_X0Y0                                                     r  clk_IBUF_BUFG_inst/I
    BUFGCTRL_X0Y0        BUFG (Prop_bufg_I_O)         0.093     3.379 r  clk_IBUF_BUFG_inst/O
                         net (fo=65, routed)          1.873     5.252    clk_IBUF_BUFG
    SLICE_X51Y36         FDRE                                         r  prod_reg[5]/C
  -------------------------------------------------------------------    -------------------
    SLICE_X51Y36         FDRE (Prop_fdre_C_Q)         0.204     5.456 r  prod_reg[5]/Q
                         net (fo=1, routed)           1.515     6.970    prod_OBUF[5]
    AY32                                                              r  prod_OBUF[5]_inst/I
    AY32                 OBUF (Prop_obuf_I_O)         2.152     9.122 r  prod_OBUF[5]_inst/O
                         net (fo=0)                   0.000     9.122    prod[5]
    AY32                                                              r  prod[5] (OUT)
  -------------------------------------------------------------------    -------------------

Slack:                    inf
  Source:                 prod_reg[4]/C
                            (rising edge-triggered cell FDRE clocked by clock  {rise@0.000ns fall@3.508ns period=7.017ns})
  Destination:            prod[4]
                            (output port)
  Path Group:             (none)
  Path Type:              Max at Slow Process Corner
  Data Path Delay:        3.865ns  (logic 2.294ns (59.345%)  route 1.571ns (40.655%))
  Logic Levels:           1  (OBUF=1)
  Clock Uncertainty:      0.025ns  ((TSJ^2 + TIJ^2)^1/2 + DJ) / 2 + PE
    Total System Jitter     (TSJ):    0.050ns
    Total Input Jitter      (TIJ):    0.000ns
    Discrete Jitter          (DJ):    0.000ns
    Phase Error              (PE):    0.000ns

    Location             Delay type                Incr(ns)  Path(ns)    Netlist Resource(s)
  -------------------------------------------------------------------    -------------------
                         (clock clock rise edge)      0.000     0.000 r  
    AU32                                              0.000     0.000 r  clk (IN)
                         net (fo=0)                   0.000     0.000    clk
    AU32                                                              r  clk_IBUF_inst/I
    AU32                 IBUF (Prop_ibuf_I_O)         0.642     0.642 r  clk_IBUF_inst/O
                         net (fo=1, routed)           2.644     3.286    clk_IBUF
    BUFGCTRL_X0Y0                                                     r  clk_IBUF_BUFG_inst/I
    BUFGCTRL_X0Y0        BUFG (Prop_bufg_I_O)         0.093     3.379 r  clk_IBUF_BUFG_inst/O
                         net (fo=65, routed)          1.868     5.247    clk_IBUF_BUFG
    SLICE_X53Y35         FDRE                                         r  prod_reg[4]/C
  -------------------------------------------------------------------    -------------------
    SLICE_X53Y35         FDRE (Prop_fdre_C_Q)         0.223     5.470 r  prod_reg[4]/Q
                         net (fo=1, routed)           1.571     7.041    prod_OBUF[4]
    AY33                                                              r  prod_OBUF[4]_inst/I
    AY33                 OBUF (Prop_obuf_I_O)         2.071     9.112 r  prod_OBUF[4]_inst/O
                         net (fo=0)                   0.000     9.112    prod[4]
    AY33                                                              r  prod[4] (OUT)
  -------------------------------------------------------------------    -------------------

Slack:                    inf
  Source:                 prod_reg[0]/C
                            (rising edge-triggered cell FDRE clocked by clock  {rise@0.000ns fall@3.508ns period=7.017ns})
  Destination:            prod[0]
                            (output port)
  Path Group:             (none)
  Path Type:              Max at Slow Process Corner
  Data Path Delay:        3.846ns  (logic 2.287ns (59.458%)  route 1.559ns (40.542%))
  Logic Levels:           1  (OBUF=1)
  Clock Uncertainty:      0.025ns  ((TSJ^2 + TIJ^2)^1/2 + DJ) / 2 + PE
    Total System Jitter     (TSJ):    0.050ns
    Total Input Jitter      (TIJ):    0.000ns
    Discrete Jitter          (DJ):    0.000ns
    Phase Error              (PE):    0.000ns

    Location             Delay type                Incr(ns)  Path(ns)    Netlist Resource(s)
  -------------------------------------------------------------------    -------------------
                         (clock clock rise edge)      0.000     0.000 r  
    AU32                                              0.000     0.000 r  clk (IN)
                         net (fo=0)                   0.000     0.000    clk
    AU32                                                              r  clk_IBUF_inst/I
    AU32                 IBUF (Prop_ibuf_I_O)         0.642     0.642 r  clk_IBUF_inst/O
                         net (fo=1, routed)           2.644     3.286    clk_IBUF
    BUFGCTRL_X0Y0                                                     r  clk_IBUF_BUFG_inst/I
    BUFGCTRL_X0Y0        BUFG (Prop_bufg_I_O)         0.093     3.379 r  clk_IBUF_BUFG_inst/O
                         net (fo=65, routed)          1.871     5.250    clk_IBUF_BUFG
    SLICE_X49Y35         FDRE                                         r  prod_reg[0]/C
  -------------------------------------------------------------------    -------------------
    SLICE_X49Y35         FDRE (Prop_fdre_C_Q)         0.223     5.473 r  prod_reg[0]/Q
                         net (fo=1, routed)           1.559     7.032    prod_OBUF[0]
    AY30                                                              r  prod_OBUF[0]_inst/I
    AY30                 OBUF (Prop_obuf_I_O)         2.064     9.096 r  prod_OBUF[0]_inst/O
                         net (fo=0)                   0.000     9.096    prod[0]
    AY30                                                              r  prod[0] (OUT)
  -------------------------------------------------------------------    -------------------

Slack:                    inf
  Source:                 prod_reg[20]/C
                            (rising edge-triggered cell FDRE clocked by clock  {rise@0.000ns fall@3.508ns period=7.017ns})
  Destination:            prod[20]
                            (output port)
  Path Group:             (none)
  Path Type:              Max at Slow Process Corner
  Data Path Delay:        3.783ns  (logic 2.339ns (61.817%)  route 1.445ns (38.183%))
  Logic Levels:           1  (OBUF=1)
  Clock Uncertainty:      0.025ns  ((TSJ^2 + TIJ^2)^1/2 + DJ) / 2 + PE
    Total System Jitter     (TSJ):    0.050ns
    Total Input Jitter      (TIJ):    0.000ns
    Discrete Jitter          (DJ):    0.000ns
    Phase Error              (PE):    0.000ns

    Location             Delay type                Incr(ns)  Path(ns)    Netlist Resource(s)
  -------------------------------------------------------------------    -------------------
                         (clock clock rise edge)      0.000     0.000 r  
    AU32                                              0.000     0.000 r  clk (IN)
                         net (fo=0)                   0.000     0.000    clk
    AU32                                                              r  clk_IBUF_inst/I
    AU32                 IBUF (Prop_ibuf_I_O)         0.642     0.642 r  clk_IBUF_inst/O
                         net (fo=1, routed)           2.644     3.286    clk_IBUF
    BUFGCTRL_X0Y0                                                     r  clk_IBUF_BUFG_inst/I
    BUFGCTRL_X0Y0        BUFG (Prop_bufg_I_O)         0.093     3.379 r  clk_IBUF_BUFG_inst/O
                         net (fo=65, routed)          1.866     5.245    clk_IBUF_BUFG
    SLICE_X54Y35         FDRE                                         r  prod_reg[20]/C
  -------------------------------------------------------------------    -------------------
    SLICE_X54Y35         FDRE (Prop_fdre_C_Q)         0.259     5.504 r  prod_reg[20]/Q
                         net (fo=1, routed)           1.445     6.948    prod_OBUF[20]
    AW35                                                              r  prod_OBUF[20]_inst/I
    AW35                 OBUF (Prop_obuf_I_O)         2.080     9.028 r  prod_OBUF[20]_inst/O
                         net (fo=0)                   0.000     9.028    prod[20]
    AW35                                                              r  prod[20] (OUT)
  -------------------------------------------------------------------    -------------------

Slack:                    inf
  Source:                 prod_reg[30]/C
                            (rising edge-triggered cell FDRE clocked by clock  {rise@0.000ns fall@3.508ns period=7.017ns})
  Destination:            prod[30]
                            (output port)
  Path Group:             (none)
  Path Type:              Max at Slow Process Corner
  Data Path Delay:        3.751ns  (logic 2.344ns (62.506%)  route 1.406ns (37.494%))
  Logic Levels:           1  (OBUF=1)
  Clock Uncertainty:      0.025ns  ((TSJ^2 + TIJ^2)^1/2 + DJ) / 2 + PE
    Total System Jitter     (TSJ):    0.050ns
    Total Input Jitter      (TIJ):    0.000ns
    Discrete Jitter          (DJ):    0.000ns
    Phase Error              (PE):    0.000ns

    Location             Delay type                Incr(ns)  Path(ns)    Netlist Resource(s)
  -------------------------------------------------------------------    -------------------
                         (clock clock rise edge)      0.000     0.000 r  
    AU32                                              0.000     0.000 r  clk (IN)
                         net (fo=0)                   0.000     0.000    clk
    AU32                                                              r  clk_IBUF_inst/I
    AU32                 IBUF (Prop_ibuf_I_O)         0.642     0.642 r  clk_IBUF_inst/O
                         net (fo=1, routed)           2.644     3.286    clk_IBUF
    BUFGCTRL_X0Y0                                                     r  clk_IBUF_BUFG_inst/I
    BUFGCTRL_X0Y0        BUFG (Prop_bufg_I_O)         0.093     3.379 r  clk_IBUF_BUFG_inst/O
                         net (fo=65, routed)          1.871     5.250    clk_IBUF_BUFG
    SLICE_X50Y35         FDRE                                         r  prod_reg[30]/C
  -------------------------------------------------------------------    -------------------
    SLICE_X50Y35         FDRE (Prop_fdre_C_Q)         0.259     5.509 r  prod_reg[30]/Q
                         net (fo=1, routed)           1.406     6.915    prod_OBUF[30]
    AY34                                                              r  prod_OBUF[30]_inst/I
    AY34                 OBUF (Prop_obuf_I_O)         2.085     9.000 r  prod_OBUF[30]_inst/O
                         net (fo=0)                   0.000     9.000    prod[30]
    AY34                                                              r  prod[30] (OUT)
  -------------------------------------------------------------------    -------------------

Slack:                    inf
  Source:                 prod_reg[8]/C
                            (rising edge-triggered cell FDRE clocked by clock  {rise@0.000ns fall@3.508ns period=7.017ns})
  Destination:            prod[8]
                            (output port)
  Path Group:             (none)
  Path Type:              Max at Slow Process Corner
  Data Path Delay:        3.734ns  (logic 2.328ns (62.334%)  route 1.406ns (37.666%))
  Logic Levels:           1  (OBUF=1)
  Clock Uncertainty:      0.025ns  ((TSJ^2 + TIJ^2)^1/2 + DJ) / 2 + PE
    Total System Jitter     (TSJ):    0.050ns
    Total Input Jitter      (TIJ):    0.000ns
    Discrete Jitter          (DJ):    0.000ns
    Phase Error              (PE):    0.000ns

    Location             Delay type                Incr(ns)  Path(ns)    Netlist Resource(s)
  -------------------------------------------------------------------    -------------------
                         (clock clock rise edge)      0.000     0.000 r  
    AU32                                              0.000     0.000 r  clk (IN)
                         net (fo=0)                   0.000     0.000    clk
    AU32                                                              r  clk_IBUF_inst/I
    AU32                 IBUF (Prop_ibuf_I_O)         0.642     0.642 r  clk_IBUF_inst/O
                         net (fo=1, routed)           2.644     3.286    clk_IBUF
    BUFGCTRL_X0Y0                                                     r  clk_IBUF_BUFG_inst/I
    BUFGCTRL_X0Y0        BUFG (Prop_bufg_I_O)         0.093     3.379 r  clk_IBUF_BUFG_inst/O
                         net (fo=65, routed)          1.867     5.246    clk_IBUF_BUFG
    SLICE_X52Y34         FDRE                                         r  prod_reg[8]/C
  -------------------------------------------------------------------    -------------------
    SLICE_X52Y34         FDRE (Prop_fdre_C_Q)         0.259     5.505 r  prod_reg[8]/Q
                         net (fo=1, routed)           1.406     6.911    prod_OBUF[8]
    AW33                                                              r  prod_OBUF[8]_inst/I
    AW33                 OBUF (Prop_obuf_I_O)         2.069     8.980 r  prod_OBUF[8]_inst/O
                         net (fo=0)                   0.000     8.980    prod[8]
    AW33                                                              r  prod[8] (OUT)
  -------------------------------------------------------------------    -------------------

Slack:                    inf
  Source:                 prod_reg[6]/C
                            (rising edge-triggered cell FDRE clocked by clock  {rise@0.000ns fall@3.508ns period=7.017ns})
  Destination:            prod[6]
                            (output port)
  Path Group:             (none)
  Path Type:              Max at Slow Process Corner
  Data Path Delay:        3.719ns  (logic 2.294ns (61.676%)  route 1.425ns (38.324%))
  Logic Levels:           1  (OBUF=1)
  Clock Uncertainty:      0.025ns  ((TSJ^2 + TIJ^2)^1/2 + DJ) / 2 + PE
    Total System Jitter     (TSJ):    0.050ns
    Total Input Jitter      (TIJ):    0.000ns
    Discrete Jitter          (DJ):    0.000ns
    Phase Error              (PE):    0.000ns

    Location             Delay type                Incr(ns)  Path(ns)    Netlist Resource(s)
  -------------------------------------------------------------------    -------------------
                         (clock clock rise edge)      0.000     0.000 r  
    AU32                                              0.000     0.000 r  clk (IN)
                         net (fo=0)                   0.000     0.000    clk
    AU32                                                              r  clk_IBUF_inst/I
    AU32                 IBUF (Prop_ibuf_I_O)         0.642     0.642 r  clk_IBUF_inst/O
                         net (fo=1, routed)           2.644     3.286    clk_IBUF
    BUFGCTRL_X0Y0                                                     r  clk_IBUF_BUFG_inst/I
    BUFGCTRL_X0Y0        BUFG (Prop_bufg_I_O)         0.093     3.379 r  clk_IBUF_BUFG_inst/O
                         net (fo=65, routed)          1.870     5.249    clk_IBUF_BUFG
    SLICE_X51Y34         FDRE                                         r  prod_reg[6]/C
  -------------------------------------------------------------------    -------------------
    SLICE_X51Y34         FDRE (Prop_fdre_C_Q)         0.223     5.472 r  prod_reg[6]/Q
                         net (fo=1, routed)           1.425     6.897    prod_OBUF[6]
    AV35                                                              r  prod_OBUF[6]_inst/I
    AV35                 OBUF (Prop_obuf_I_O)         2.071     8.968 r  prod_OBUF[6]_inst/O
                         net (fo=0)                   0.000     8.968    prod[6]
    AV35                                                              r  prod[6] (OUT)
  -------------------------------------------------------------------    -------------------

Slack:                    inf
  Source:                 prod_reg[28]/C
                            (rising edge-triggered cell FDRE clocked by clock  {rise@0.000ns fall@3.508ns period=7.017ns})
  Destination:            prod[28]
                            (output port)
  Path Group:             (none)
  Path Type:              Max at Slow Process Corner
  Data Path Delay:        3.705ns  (logic 2.302ns (62.148%)  route 1.402ns (37.852%))
  Logic Levels:           1  (OBUF=1)
  Clock Uncertainty:      0.025ns  ((TSJ^2 + TIJ^2)^1/2 + DJ) / 2 + PE
    Total System Jitter     (TSJ):    0.050ns
    Total Input Jitter      (TIJ):    0.000ns
    Discrete Jitter          (DJ):    0.000ns
    Phase Error              (PE):    0.000ns

    Location             Delay type                Incr(ns)  Path(ns)    Netlist Resource(s)
  -------------------------------------------------------------------    -------------------
                         (clock clock rise edge)      0.000     0.000 r  
    AU32                                              0.000     0.000 r  clk (IN)
                         net (fo=0)                   0.000     0.000    clk
    AU32                                                              r  clk_IBUF_inst/I
    AU32                 IBUF (Prop_ibuf_I_O)         0.642     0.642 r  clk_IBUF_inst/O
                         net (fo=1, routed)           2.644     3.286    clk_IBUF
    BUFGCTRL_X0Y0                                                     r  clk_IBUF_BUFG_inst/I
    BUFGCTRL_X0Y0        BUFG (Prop_bufg_I_O)         0.093     3.379 r  clk_IBUF_BUFG_inst/O
                         net (fo=65, routed)          1.871     5.250    clk_IBUF_BUFG
    SLICE_X51Y35         FDRE                                         r  prod_reg[28]/C
  -------------------------------------------------------------------    -------------------
    SLICE_X51Y35         FDRE (Prop_fdre_C_Q)         0.223     5.473 r  prod_reg[28]/Q
                         net (fo=1, routed)           1.402     6.875    prod_OBUF[28]
    AV36                                                              r  prod_OBUF[28]_inst/I
    AV36                 OBUF (Prop_obuf_I_O)         2.079     8.954 r  prod_OBUF[28]_inst/O
                         net (fo=0)                   0.000     8.954    prod[28]
    AV36                                                              r  prod[28] (OUT)
  -------------------------------------------------------------------    -------------------

Slack:                    inf
  Source:                 prod_reg[29]/C
                            (rising edge-triggered cell FDRE clocked by clock  {rise@0.000ns fall@3.508ns period=7.017ns})
  Destination:            prod[29]
                            (output port)
  Path Group:             (none)
  Path Type:              Max at Slow Process Corner
  Data Path Delay:        3.685ns  (logic 2.358ns (63.974%)  route 1.328ns (36.026%))
  Logic Levels:           1  (OBUF=1)
  Clock Uncertainty:      0.025ns  ((TSJ^2 + TIJ^2)^1/2 + DJ) / 2 + PE
    Total System Jitter     (TSJ):    0.050ns
    Total Input Jitter      (TIJ):    0.000ns
    Discrete Jitter          (DJ):    0.000ns
    Phase Error              (PE):    0.000ns

    Location             Delay type                Incr(ns)  Path(ns)    Netlist Resource(s)
  -------------------------------------------------------------------    -------------------
                         (clock clock rise edge)      0.000     0.000 r  
    AU32                                              0.000     0.000 r  clk (IN)
                         net (fo=0)                   0.000     0.000    clk
    AU32                                                              r  clk_IBUF_inst/I
    AU32                 IBUF (Prop_ibuf_I_O)         0.642     0.642 r  clk_IBUF_inst/O
                         net (fo=1, routed)           2.644     3.286    clk_IBUF
    BUFGCTRL_X0Y0                                                     r  clk_IBUF_BUFG_inst/I
    BUFGCTRL_X0Y0        BUFG (Prop_bufg_I_O)         0.093     3.379 r  clk_IBUF_BUFG_inst/O
                         net (fo=65, routed)          1.874     5.253    clk_IBUF_BUFG
    SLICE_X50Y38         FDRE                                         r  prod_reg[29]/C
  -------------------------------------------------------------------    -------------------
    SLICE_X50Y38         FDRE (Prop_fdre_C_Q)         0.259     5.512 r  prod_reg[29]/Q
                         net (fo=1, routed)           1.328     6.839    prod_OBUF[29]
    BA35                                                              r  prod_OBUF[29]_inst/I
    BA35                 OBUF (Prop_obuf_I_O)         2.099     8.938 r  prod_OBUF[29]_inst/O
                         net (fo=0)                   0.000     8.938    prod[29]
    BA35                                                              r  prod[29] (OUT)
  -------------------------------------------------------------------    -------------------

Slack:                    inf
  Source:                 prod_reg[9]/C
                            (rising edge-triggered cell FDRE clocked by clock  {rise@0.000ns fall@3.508ns period=7.017ns})
  Destination:            prod[9]
                            (output port)
  Path Group:             (none)
  Path Type:              Max at Slow Process Corner
  Data Path Delay:        3.664ns  (logic 2.299ns (62.740%)  route 1.365ns (37.260%))
  Logic Levels:           1  (OBUF=1)
  Clock Uncertainty:      0.025ns  ((TSJ^2 + TIJ^2)^1/2 + DJ) / 2 + PE
    Total System Jitter     (TSJ):    0.050ns
    Total Input Jitter      (TIJ):    0.000ns
    Discrete Jitter          (DJ):    0.000ns
    Phase Error              (PE):    0.000ns

    Location             Delay type                Incr(ns)  Path(ns)    Netlist Resource(s)
  -------------------------------------------------------------------    -------------------
                         (clock clock rise edge)      0.000     0.000 r  
    AU32                                              0.000     0.000 r  clk (IN)
                         net (fo=0)                   0.000     0.000    clk
    AU32                                                              r  clk_IBUF_inst/I
    AU32                 IBUF (Prop_ibuf_I_O)         0.642     0.642 r  clk_IBUF_inst/O
                         net (fo=1, routed)           2.644     3.286    clk_IBUF
    BUFGCTRL_X0Y0                                                     r  clk_IBUF_BUFG_inst/I
    BUFGCTRL_X0Y0        BUFG (Prop_bufg_I_O)         0.093     3.379 r  clk_IBUF_BUFG_inst/O
                         net (fo=65, routed)          1.870     5.249    clk_IBUF_BUFG
    SLICE_X51Y34         FDRE                                         r  prod_reg[9]/C
  -------------------------------------------------------------------    -------------------
    SLICE_X51Y34         FDRE (Prop_fdre_C_Q)         0.223     5.472 r  prod_reg[9]/Q
                         net (fo=1, routed)           1.365     6.837    prod_OBUF[9]
    AW32                                                              r  prod_OBUF[9]_inst/I
    AW32                 OBUF (Prop_obuf_I_O)         2.076     8.912 r  prod_OBUF[9]_inst/O
                         net (fo=0)                   0.000     8.912    prod[9]
    AW32                                                              r  prod[9] (OUT)
  -------------------------------------------------------------------    -------------------

Slack:                    inf
  Source:                 prod_reg[26]/C
                            (rising edge-triggered cell FDRE clocked by clock  {rise@0.000ns fall@3.508ns period=7.017ns})
  Destination:            prod[26]
                            (output port)
  Path Group:             (none)
  Path Type:              Max at Slow Process Corner
  Data Path Delay:        3.652ns  (logic 2.325ns (63.649%)  route 1.328ns (36.351%))
  Logic Levels:           1  (OBUF=1)
  Clock Uncertainty:      0.025ns  ((TSJ^2 + TIJ^2)^1/2 + DJ) / 2 + PE
    Total System Jitter     (TSJ):    0.050ns
    Total Input Jitter      (TIJ):    0.000ns
    Discrete Jitter          (DJ):    0.000ns
    Phase Error              (PE):    0.000ns

    Location             Delay type                Incr(ns)  Path(ns)    Netlist Resource(s)
  -------------------------------------------------------------------    -------------------
                         (clock clock rise edge)      0.000     0.000 r  
    AU32                                              0.000     0.000 r  clk (IN)
                         net (fo=0)                   0.000     0.000    clk
    AU32                                                              r  clk_IBUF_inst/I
    AU32                 IBUF (Prop_ibuf_I_O)         0.642     0.642 r  clk_IBUF_inst/O
                         net (fo=1, routed)           2.644     3.286    clk_IBUF
    BUFGCTRL_X0Y0                                                     r  clk_IBUF_BUFG_inst/I
    BUFGCTRL_X0Y0        BUFG (Prop_bufg_I_O)         0.093     3.379 r  clk_IBUF_BUFG_inst/O
                         net (fo=65, routed)          1.871     5.250    clk_IBUF_BUFG
    SLICE_X51Y35         FDRE                                         r  prod_reg[26]/C
  -------------------------------------------------------------------    -------------------
    SLICE_X51Y35         FDRE (Prop_fdre_C_Q)         0.223     5.473 r  prod_reg[26]/Q
                         net (fo=1, routed)           1.328     6.800    prod_OBUF[26]
    BA34                                                              r  prod_OBUF[26]_inst/I
    BA34                 OBUF (Prop_obuf_I_O)         2.102     8.902 r  prod_OBUF[26]_inst/O
                         net (fo=0)                   0.000     8.902    prod[26]
    BA34                                                              r  prod[26] (OUT)
  -------------------------------------------------------------------    -------------------

Slack:                    inf
  Source:                 prod_reg[23]/C
                            (rising edge-triggered cell FDRE clocked by clock  {rise@0.000ns fall@3.508ns period=7.017ns})
  Destination:            prod[23]
                            (output port)
  Path Group:             (none)
  Path Type:              Max at Slow Process Corner
  Data Path Delay:        3.641ns  (logic 2.370ns (65.105%)  route 1.270ns (34.895%))
  Logic Levels:           1  (OBUF=1)
  Clock Uncertainty:      0.025ns  ((TSJ^2 + TIJ^2)^1/2 + DJ) / 2 + PE
    Total System Jitter     (TSJ):    0.050ns
    Total Input Jitter      (TIJ):    0.000ns
    Discrete Jitter          (DJ):    0.000ns
    Phase Error              (PE):    0.000ns

    Location             Delay type                Incr(ns)  Path(ns)    Netlist Resource(s)
  -------------------------------------------------------------------    -------------------
                         (clock clock rise edge)      0.000     0.000 r  
    AU32                                              0.000     0.000 r  clk (IN)
                         net (fo=0)                   0.000     0.000    clk
    AU32                                                              r  clk_IBUF_inst/I
    AU32                 IBUF (Prop_ibuf_I_O)         0.642     0.642 r  clk_IBUF_inst/O
                         net (fo=1, routed)           2.644     3.286    clk_IBUF
    BUFGCTRL_X0Y0                                                     r  clk_IBUF_BUFG_inst/I
    BUFGCTRL_X0Y0        BUFG (Prop_bufg_I_O)         0.093     3.379 r  clk_IBUF_BUFG_inst/O
                         net (fo=65, routed)          1.874     5.253    clk_IBUF_BUFG
    SLICE_X50Y37         FDRE                                         r  prod_reg[23]/C
  -------------------------------------------------------------------    -------------------
    SLICE_X50Y37         FDRE (Prop_fdre_C_Q)         0.259     5.512 r  prod_reg[23]/Q
                         net (fo=1, routed)           1.270     6.782    prod_OBUF[23]
    BB36                                                              r  prod_OBUF[23]_inst/I
    BB36                 OBUF (Prop_obuf_I_O)         2.111     8.893 r  prod_OBUF[23]_inst/O
                         net (fo=0)                   0.000     8.893    prod[23]
    BB36                                                              r  prod[23] (OUT)
  -------------------------------------------------------------------    -------------------

Slack:                    inf
  Source:                 prod_reg[24]/C
                            (rising edge-triggered cell FDRE clocked by clock  {rise@0.000ns fall@3.508ns period=7.017ns})
  Destination:            prod[24]
                            (output port)
  Path Group:             (none)
  Path Type:              Max at Slow Process Corner
  Data Path Delay:        3.628ns  (logic 2.358ns (64.993%)  route 1.270ns (35.007%))
  Logic Levels:           1  (OBUF=1)
  Clock Uncertainty:      0.025ns  ((TSJ^2 + TIJ^2)^1/2 + DJ) / 2 + PE
    Total System Jitter     (TSJ):    0.050ns
    Total Input Jitter      (TIJ):    0.000ns
    Discrete Jitter          (DJ):    0.000ns
    Phase Error              (PE):    0.000ns

    Location             Delay type                Incr(ns)  Path(ns)    Netlist Resource(s)
  -------------------------------------------------------------------    -------------------
                         (clock clock rise edge)      0.000     0.000 r  
    AU32                                              0.000     0.000 r  clk (IN)
                         net (fo=0)                   0.000     0.000    clk
    AU32                                                              r  clk_IBUF_inst/I
    AU32                 IBUF (Prop_ibuf_I_O)         0.642     0.642 r  clk_IBUF_inst/O
                         net (fo=1, routed)           2.644     3.286    clk_IBUF
    BUFGCTRL_X0Y0                                                     r  clk_IBUF_BUFG_inst/I
    BUFGCTRL_X0Y0        BUFG (Prop_bufg_I_O)         0.093     3.379 r  clk_IBUF_BUFG_inst/O
                         net (fo=65, routed)          1.871     5.250    clk_IBUF_BUFG
    SLICE_X50Y35         FDRE                                         r  prod_reg[24]/C
  -------------------------------------------------------------------    -------------------
    SLICE_X50Y35         FDRE (Prop_fdre_C_Q)         0.259     5.509 r  prod_reg[24]/Q
                         net (fo=1, routed)           1.270     6.779    prod_OBUF[24]
    BA36                                                              r  prod_OBUF[24]_inst/I
    BA36                 OBUF (Prop_obuf_I_O)         2.099     8.877 r  prod_OBUF[24]_inst/O
                         net (fo=0)                   0.000     8.877    prod[24]
    BA36                                                              r  prod[24] (OUT)
  -------------------------------------------------------------------    -------------------

Slack:                    inf
  Source:                 prod_reg[13]/C
                            (rising edge-triggered cell FDRE clocked by clock  {rise@0.000ns fall@3.508ns period=7.017ns})
  Destination:            prod[13]
                            (output port)
  Path Group:             (none)
  Path Type:              Max at Slow Process Corner
  Data Path Delay:        3.541ns  (logic 2.273ns (64.196%)  route 1.268ns (35.804%))
  Logic Levels:           1  (OBUF=1)
  Clock Uncertainty:      0.025ns  ((TSJ^2 + TIJ^2)^1/2 + DJ) / 2 + PE
    Total System Jitter     (TSJ):    0.050ns
    Total Input Jitter      (TIJ):    0.000ns
    Discrete Jitter          (DJ):    0.000ns
    Phase Error              (PE):    0.000ns

    Location             Delay type                Incr(ns)  Path(ns)    Netlist Resource(s)
  -------------------------------------------------------------------    -------------------
                         (clock clock rise edge)      0.000     0.000 r  
    AU32                                              0.000     0.000 r  clk (IN)
                         net (fo=0)                   0.000     0.000    clk
    AU32                                                              r  clk_IBUF_inst/I
    AU32                 IBUF (Prop_ibuf_I_O)         0.642     0.642 r  clk_IBUF_inst/O
                         net (fo=1, routed)           2.644     3.286    clk_IBUF
    BUFGCTRL_X0Y0                                                     r  clk_IBUF_BUFG_inst/I
    BUFGCTRL_X0Y0        BUFG (Prop_bufg_I_O)         0.093     3.379 r  clk_IBUF_BUFG_inst/O
                         net (fo=65, routed)          1.873     5.252    clk_IBUF_BUFG
    SLICE_X51Y36         FDRE                                         r  prod_reg[13]/C
  -------------------------------------------------------------------    -------------------
    SLICE_X51Y36         FDRE (Prop_fdre_C_Q)         0.223     5.475 r  prod_reg[13]/Q
                         net (fo=1, routed)           1.268     6.742    prod_OBUF[13]
    AU33                                                              r  prod_OBUF[13]_inst/I
    AU33                 OBUF (Prop_obuf_I_O)         2.050     8.792 r  prod_OBUF[13]_inst/O
                         net (fo=0)                   0.000     8.792    prod[13]
    AU33                                                              r  prod[13] (OUT)
  -------------------------------------------------------------------    -------------------

Slack:                    inf
  Source:                 prod_reg[17]/C
                            (rising edge-triggered cell FDRE clocked by clock  {rise@0.000ns fall@3.508ns period=7.017ns})
  Destination:            prod[17]
                            (output port)
  Path Group:             (none)
  Path Type:              Max at Slow Process Corner
  Data Path Delay:        3.535ns  (logic 2.318ns (65.585%)  route 1.217ns (34.415%))
  Logic Levels:           1  (OBUF=1)
  Clock Uncertainty:      0.025ns  ((TSJ^2 + TIJ^2)^1/2 + DJ) / 2 + PE
    Total System Jitter     (TSJ):    0.050ns
    Total Input Jitter      (TIJ):    0.000ns
    Discrete Jitter          (DJ):    0.000ns
    Phase Error              (PE):    0.000ns

    Location             Delay type                Incr(ns)  Path(ns)    Netlist Resource(s)
  -------------------------------------------------------------------    -------------------
                         (clock clock rise edge)      0.000     0.000 r  
    AU32                                              0.000     0.000 r  clk (IN)
                         net (fo=0)                   0.000     0.000    clk
    AU32                                                              r  clk_IBUF_inst/I
    AU32                 IBUF (Prop_ibuf_I_O)         0.642     0.642 r  clk_IBUF_inst/O
                         net (fo=1, routed)           2.644     3.286    clk_IBUF
    BUFGCTRL_X0Y0                                                     r  clk_IBUF_BUFG_inst/I
    BUFGCTRL_X0Y0        BUFG (Prop_bufg_I_O)         0.093     3.379 r  clk_IBUF_BUFG_inst/O
                         net (fo=65, routed)          1.874     5.253    clk_IBUF_BUFG
    SLICE_X50Y37         FDRE                                         r  prod_reg[17]/C
  -------------------------------------------------------------------    -------------------
    SLICE_X50Y37         FDRE (Prop_fdre_C_Q)         0.259     5.512 r  prod_reg[17]/Q
                         net (fo=1, routed)           1.217     6.728    prod_OBUF[17]
    AU34                                                              r  prod_OBUF[17]_inst/I
    AU34                 OBUF (Prop_obuf_I_O)         2.059     8.788 r  prod_OBUF[17]_inst/O
                         net (fo=0)                   0.000     8.788    prod[17]
    AU34                                                              r  prod[17] (OUT)
  -------------------------------------------------------------------    -------------------

Slack:                    inf
  Source:                 prod_reg[15]/C
                            (rising edge-triggered cell FDRE clocked by clock  {rise@0.000ns fall@3.508ns period=7.017ns})
  Destination:            prod[15]
                            (output port)
  Path Group:             (none)
  Path Type:              Max at Slow Process Corner
  Data Path Delay:        3.517ns  (logic 2.298ns (65.339%)  route 1.219ns (34.661%))
  Logic Levels:           1  (OBUF=1)
  Clock Uncertainty:      0.025ns  ((TSJ^2 + TIJ^2)^1/2 + DJ) / 2 + PE
    Total System Jitter     (TSJ):    0.050ns
    Total Input Jitter      (TIJ):    0.000ns
    Discrete Jitter          (DJ):    0.000ns
    Phase Error              (PE):    0.000ns

    Location             Delay type                Incr(ns)  Path(ns)    Netlist Resource(s)
  -------------------------------------------------------------------    -------------------
                         (clock clock rise edge)      0.000     0.000 r  
    AU32                                              0.000     0.000 r  clk (IN)
                         net (fo=0)                   0.000     0.000    clk
    AU32                                                              r  clk_IBUF_inst/I
    AU32                 IBUF (Prop_ibuf_I_O)         0.642     0.642 r  clk_IBUF_inst/O
                         net (fo=1, routed)           2.644     3.286    clk_IBUF
    BUFGCTRL_X0Y0                                                     r  clk_IBUF_BUFG_inst/I
    BUFGCTRL_X0Y0        BUFG (Prop_bufg_I_O)         0.093     3.379 r  clk_IBUF_BUFG_inst/O
                         net (fo=65, routed)          1.873     5.252    clk_IBUF_BUFG
    SLICE_X49Y36         FDRE                                         r  prod_reg[15]/C
  -------------------------------------------------------------------    -------------------
    SLICE_X49Y36         FDRE (Prop_fdre_C_Q)         0.223     5.475 r  prod_reg[15]/Q
                         net (fo=1, routed)           1.219     6.694    prod_OBUF[15]
    AU36                                                              r  prod_OBUF[15]_inst/I
    AU36                 OBUF (Prop_obuf_I_O)         2.075     8.769 r  prod_OBUF[15]_inst/O
                         net (fo=0)                   0.000     8.769    prod[15]
    AU36                                                              r  prod[15] (OUT)
  -------------------------------------------------------------------    -------------------

Slack:                    inf
  Source:                 prod_reg[14]/C
                            (rising edge-triggered cell FDRE clocked by clock  {rise@0.000ns fall@3.508ns period=7.017ns})
  Destination:            prod[14]
                            (output port)
  Path Group:             (none)
  Path Type:              Max at Slow Process Corner
  Data Path Delay:        3.481ns  (logic 2.274ns (65.316%)  route 1.207ns (34.684%))
  Logic Levels:           1  (OBUF=1)
  Clock Uncertainty:      0.025ns  ((TSJ^2 + TIJ^2)^1/2 + DJ) / 2 + PE
    Total System Jitter     (TSJ):    0.050ns
    Total Input Jitter      (TIJ):    0.000ns
    Discrete Jitter          (DJ):    0.000ns
    Phase Error              (PE):    0.000ns

    Location             Delay type                Incr(ns)  Path(ns)    Netlist Resource(s)
  -------------------------------------------------------------------    -------------------
                         (clock clock rise edge)      0.000     0.000 r  
    AU32                                              0.000     0.000 r  clk (IN)
                         net (fo=0)                   0.000     0.000    clk
    AU32                                                              r  clk_IBUF_inst/I
    AU32                 IBUF (Prop_ibuf_I_O)         0.642     0.642 r  clk_IBUF_inst/O
                         net (fo=1, routed)           2.644     3.286    clk_IBUF
    BUFGCTRL_X0Y0                                                     r  clk_IBUF_BUFG_inst/I
    BUFGCTRL_X0Y0        BUFG (Prop_bufg_I_O)         0.093     3.379 r  clk_IBUF_BUFG_inst/O
                         net (fo=65, routed)          1.870     5.249    clk_IBUF_BUFG
    SLICE_X49Y34         FDRE                                         r  prod_reg[14]/C
  -------------------------------------------------------------------    -------------------
    SLICE_X49Y34         FDRE (Prop_fdre_C_Q)         0.223     5.472 r  prod_reg[14]/Q
                         net (fo=1, routed)           1.207     6.679    prod_OBUF[14]
    AT32                                                              r  prod_OBUF[14]_inst/I
    AT32                 OBUF (Prop_obuf_I_O)         2.051     8.730 r  prod_OBUF[14]_inst/O
                         net (fo=0)                   0.000     8.730    prod[14]
    AT32                                                              r  prod[14] (OUT)
  -------------------------------------------------------------------    -------------------

Slack:                    inf
  Source:                 prod_reg[18]/C
                            (rising edge-triggered cell FDRE clocked by clock  {rise@0.000ns fall@3.508ns period=7.017ns})
  Destination:            prod[18]
                            (output port)
  Path Group:             (none)
  Path Type:              Max at Slow Process Corner
  Data Path Delay:        3.466ns  (logic 2.275ns (65.628%)  route 1.191ns (34.372%))
  Logic Levels:           1  (OBUF=1)
  Clock Uncertainty:      0.025ns  ((TSJ^2 + TIJ^2)^1/2 + DJ) / 2 + PE
    Total System Jitter     (TSJ):    0.050ns
    Total Input Jitter      (TIJ):    0.000ns
    Discrete Jitter          (DJ):    0.000ns
    Phase Error              (PE):    0.000ns

    Location             Delay type                Incr(ns)  Path(ns)    Netlist Resource(s)
  -------------------------------------------------------------------    -------------------
                         (clock clock rise edge)      0.000     0.000 r  
    AU32                                              0.000     0.000 r  clk (IN)
                         net (fo=0)                   0.000     0.000    clk
    AU32                                                              r  clk_IBUF_inst/I
    AU32                 IBUF (Prop_ibuf_I_O)         0.642     0.642 r  clk_IBUF_inst/O
                         net (fo=1, routed)           2.644     3.286    clk_IBUF
    BUFGCTRL_X0Y0                                                     r  clk_IBUF_BUFG_inst/I
    BUFGCTRL_X0Y0        BUFG (Prop_bufg_I_O)         0.093     3.379 r  clk_IBUF_BUFG_inst/O
                         net (fo=65, routed)          1.875     5.254    clk_IBUF_BUFG
    SLICE_X51Y39         FDRE                                         r  prod_reg[18]/C
  -------------------------------------------------------------------    -------------------
    SLICE_X51Y39         FDRE (Prop_fdre_C_Q)         0.223     5.477 r  prod_reg[18]/Q
                         net (fo=1, routed)           1.191     6.668    prod_OBUF[18]
    AT34                                                              r  prod_OBUF[18]_inst/I
    AT34                 OBUF (Prop_obuf_I_O)         2.052     8.719 r  prod_OBUF[18]_inst/O
                         net (fo=0)                   0.000     8.719    prod[18]
    AT34                                                              r  prod[18] (OUT)
  -------------------------------------------------------------------    -------------------

Slack:                    inf
  Source:                 prod_reg[21]/C
                            (rising edge-triggered cell FDRE clocked by clock  {rise@0.000ns fall@3.508ns period=7.017ns})
  Destination:            prod[21]
                            (output port)
  Path Group:             (none)
  Path Type:              Max at Slow Process Corner
  Data Path Delay:        3.460ns  (logic 2.327ns (67.242%)  route 1.133ns (32.758%))
  Logic Levels:           1  (OBUF=1)
  Clock Uncertainty:      0.025ns  ((TSJ^2 + TIJ^2)^1/2 + DJ) / 2 + PE
    Total System Jitter     (TSJ):    0.050ns
    Total Input Jitter      (TIJ):    0.000ns
    Discrete Jitter          (DJ):    0.000ns
    Phase Error              (PE):    0.000ns

    Location             Delay type                Incr(ns)  Path(ns)    Netlist Resource(s)
  -------------------------------------------------------------------    -------------------
                         (clock clock rise edge)      0.000     0.000 r  
    AU32                                              0.000     0.000 r  clk (IN)
                         net (fo=0)                   0.000     0.000    clk
    AU32                                                              r  clk_IBUF_inst/I
    AU32                 IBUF (Prop_ibuf_I_O)         0.642     0.642 r  clk_IBUF_inst/O
                         net (fo=1, routed)           2.644     3.286    clk_IBUF
    BUFGCTRL_X0Y0                                                     r  clk_IBUF_BUFG_inst/I
    BUFGCTRL_X0Y0        BUFG (Prop_bufg_I_O)         0.093     3.379 r  clk_IBUF_BUFG_inst/O
                         net (fo=65, routed)          1.874     5.253    clk_IBUF_BUFG
    SLICE_X51Y38         FDRE                                         r  prod_reg[21]/C
  -------------------------------------------------------------------    -------------------
    SLICE_X51Y38         FDRE (Prop_fdre_C_Q)         0.223     5.476 r  prod_reg[21]/Q
                         net (fo=1, routed)           1.133     6.609    prod_OBUF[21]
    BB33                                                              r  prod_OBUF[21]_inst/I
    BB33                 OBUF (Prop_obuf_I_O)         2.104     8.713 r  prod_OBUF[21]_inst/O
                         net (fo=0)                   0.000     8.713    prod[21]
    BB33                                                              r  prod[21] (OUT)
  -------------------------------------------------------------------    -------------------

Slack:                    inf
  Source:                 prod_reg[16]/C
                            (rising edge-triggered cell FDRE clocked by clock  {rise@0.000ns fall@3.508ns period=7.017ns})
  Destination:            prod[16]
                            (output port)
  Path Group:             (none)
  Path Type:              Max at Slow Process Corner
  Data Path Delay:        3.416ns  (logic 2.285ns (66.903%)  route 1.130ns (33.097%))
  Logic Levels:           1  (OBUF=1)
  Clock Uncertainty:      0.025ns  ((TSJ^2 + TIJ^2)^1/2 + DJ) / 2 + PE
    Total System Jitter     (TSJ):    0.050ns
    Total Input Jitter      (TIJ):    0.000ns
    Discrete Jitter          (DJ):    0.000ns
    Phase Error              (PE):    0.000ns

    Location             Delay type                Incr(ns)  Path(ns)    Netlist Resource(s)
  -------------------------------------------------------------------    -------------------
                         (clock clock rise edge)      0.000     0.000 r  
    AU32                                              0.000     0.000 r  clk (IN)
                         net (fo=0)                   0.000     0.000    clk
    AU32                                                              r  clk_IBUF_inst/I
    AU32                 IBUF (Prop_ibuf_I_O)         0.642     0.642 r  clk_IBUF_inst/O
                         net (fo=1, routed)           2.644     3.286    clk_IBUF
    BUFGCTRL_X0Y0                                                     r  clk_IBUF_BUFG_inst/I
    BUFGCTRL_X0Y0        BUFG (Prop_bufg_I_O)         0.093     3.379 r  clk_IBUF_BUFG_inst/O
                         net (fo=65, routed)          1.871     5.250    clk_IBUF_BUFG
    SLICE_X49Y35         FDRE                                         r  prod_reg[16]/C
  -------------------------------------------------------------------    -------------------
    SLICE_X49Y35         FDRE (Prop_fdre_C_Q)         0.223     5.473 r  prod_reg[16]/Q
                         net (fo=1, routed)           1.130     6.603    prod_OBUF[16]
    AT36                                                              r  prod_OBUF[16]_inst/I
    AT36                 OBUF (Prop_obuf_I_O)         2.062     8.665 r  prod_OBUF[16]_inst/O
                         net (fo=0)                   0.000     8.665    prod[16]
    AT36                                                              r  prod[16] (OUT)
  -------------------------------------------------------------------    -------------------





Min Delay Paths
--------------------------------------------------------------------------------------
Slack:                    inf
  Source:                 prod_reg[16]/C
                            (rising edge-triggered cell FDRE clocked by clock  {rise@0.000ns fall@3.508ns period=7.017ns})
  Destination:            prod[16]
                            (output port)
  Path Group:             (none)
  Path Type:              Min at Fast Process Corner
  Data Path Delay:        1.577ns  (logic 1.255ns (79.553%)  route 0.322ns (20.447%))
  Logic Levels:           1  (OBUF=1)
  Clock Uncertainty:      0.025ns  ((TSJ^2 + TIJ^2)^1/2 + DJ) / 2 + PE
    Total System Jitter     (TSJ):    0.050ns
    Total Input Jitter      (TIJ):    0.000ns
    Discrete Jitter          (DJ):    0.000ns
    Phase Error              (PE):    0.000ns

    Location             Delay type                Incr(ns)  Path(ns)    Netlist Resource(s)
  -------------------------------------------------------------------    -------------------
                         (clock clock rise edge)      0.000     0.000 r  
    AU32                                              0.000     0.000 r  clk (IN)
                         net (fo=0)                   0.000     0.000    clk
    AU32                                                              r  clk_IBUF_inst/I
    AU32                 IBUF (Prop_ibuf_I_O)         0.148     0.148 r  clk_IBUF_inst/O
                         net (fo=1, routed)           1.274     1.422    clk_IBUF
    BUFGCTRL_X0Y0                                                     r  clk_IBUF_BUFG_inst/I
    BUFGCTRL_X0Y0        BUFG (Prop_bufg_I_O)         0.026     1.448 r  clk_IBUF_BUFG_inst/O
                         net (fo=65, routed)          0.777     2.225    clk_IBUF_BUFG
    SLICE_X49Y35         FDRE                                         r  prod_reg[16]/C
  -------------------------------------------------------------------    -------------------
    SLICE_X49Y35         FDRE (Prop_fdre_C_Q)         0.100     2.325 r  prod_reg[16]/Q
                         net (fo=1, routed)           0.322     2.648    prod_OBUF[16]
    AT36                                                              r  prod_OBUF[16]_inst/I
    AT36                 OBUF (Prop_obuf_I_O)         1.155     3.802 r  prod_OBUF[16]_inst/O
                         net (fo=0)                   0.000     3.802    prod[16]
    AT36                                                              r  prod[16] (OUT)
  -------------------------------------------------------------------    -------------------

Slack:                    inf
  Source:                 prod_reg[14]/C
                            (rising edge-triggered cell FDRE clocked by clock  {rise@0.000ns fall@3.508ns period=7.017ns})
  Destination:            prod[14]
                            (output port)
  Path Group:             (none)
  Path Type:              Min at Fast Process Corner
  Data Path Delay:        1.602ns  (logic 1.244ns (77.622%)  route 0.358ns (22.378%))
  Logic Levels:           1  (OBUF=1)
  Clock Uncertainty:      0.025ns  ((TSJ^2 + TIJ^2)^1/2 + DJ) / 2 + PE
    Total System Jitter     (TSJ):    0.050ns
    Total Input Jitter      (TIJ):    0.000ns
    Discrete Jitter          (DJ):    0.000ns
    Phase Error              (PE):    0.000ns

    Location             Delay type                Incr(ns)  Path(ns)    Netlist Resource(s)
  -------------------------------------------------------------------    -------------------
                         (clock clock rise edge)      0.000     0.000 r  
    AU32                                              0.000     0.000 r  clk (IN)
                         net (fo=0)                   0.000     0.000    clk
    AU32                                                              r  clk_IBUF_inst/I
    AU32                 IBUF (Prop_ibuf_I_O)         0.148     0.148 r  clk_IBUF_inst/O
                         net (fo=1, routed)           1.274     1.422    clk_IBUF
    BUFGCTRL_X0Y0                                                     r  clk_IBUF_BUFG_inst/I
    BUFGCTRL_X0Y0        BUFG (Prop_bufg_I_O)         0.026     1.448 r  clk_IBUF_BUFG_inst/O
                         net (fo=65, routed)          0.777     2.225    clk_IBUF_BUFG
    SLICE_X49Y34         FDRE                                         r  prod_reg[14]/C
  -------------------------------------------------------------------    -------------------
    SLICE_X49Y34         FDRE (Prop_fdre_C_Q)         0.100     2.325 r  prod_reg[14]/Q
                         net (fo=1, routed)           0.358     2.684    prod_OBUF[14]
    AT32                                                              r  prod_OBUF[14]_inst/I
    AT32                 OBUF (Prop_obuf_I_O)         1.144     3.827 r  prod_OBUF[14]_inst/O
                         net (fo=0)                   0.000     3.827    prod[14]
    AT32                                                              r  prod[14] (OUT)
  -------------------------------------------------------------------    -------------------

Slack:                    inf
  Source:                 prod_reg[18]/C
                            (rising edge-triggered cell FDRE clocked by clock  {rise@0.000ns fall@3.508ns period=7.017ns})
  Destination:            prod[18]
                            (output port)
  Path Group:             (none)
  Path Type:              Min at Fast Process Corner
  Data Path Delay:        1.606ns  (logic 1.244ns (77.448%)  route 0.362ns (22.552%))
  Logic Levels:           1  (OBUF=1)
  Clock Uncertainty:      0.025ns  ((TSJ^2 + TIJ^2)^1/2 + DJ) / 2 + PE
    Total System Jitter     (TSJ):    0.050ns
    Total Input Jitter      (TIJ):    0.000ns
    Discrete Jitter          (DJ):    0.000ns
    Phase Error              (PE):    0.000ns

    Location             Delay type                Incr(ns)  Path(ns)    Netlist Resource(s)
  -------------------------------------------------------------------    -------------------
                         (clock clock rise edge)      0.000     0.000 r  
    AU32                                              0.000     0.000 r  clk (IN)
                         net (fo=0)                   0.000     0.000    clk
    AU32                                                              r  clk_IBUF_inst/I
    AU32                 IBUF (Prop_ibuf_I_O)         0.148     0.148 r  clk_IBUF_inst/O
                         net (fo=1, routed)           1.274     1.422    clk_IBUF
    BUFGCTRL_X0Y0                                                     r  clk_IBUF_BUFG_inst/I
    BUFGCTRL_X0Y0        BUFG (Prop_bufg_I_O)         0.026     1.448 r  clk_IBUF_BUFG_inst/O
                         net (fo=65, routed)          0.779     2.227    clk_IBUF_BUFG
    SLICE_X51Y39         FDRE                                         r  prod_reg[18]/C
  -------------------------------------------------------------------    -------------------
    SLICE_X51Y39         FDRE (Prop_fdre_C_Q)         0.100     2.327 r  prod_reg[18]/Q
                         net (fo=1, routed)           0.362     2.689    prod_OBUF[18]
    AT34                                                              r  prod_OBUF[18]_inst/I
    AT34                 OBUF (Prop_obuf_I_O)         1.144     3.834 r  prod_OBUF[18]_inst/O
                         net (fo=0)                   0.000     3.834    prod[18]
    AT34                                                              r  prod[18] (OUT)
  -------------------------------------------------------------------    -------------------

Slack:                    inf
  Source:                 prod_reg[21]/C
                            (rising edge-triggered cell FDRE clocked by clock  {rise@0.000ns fall@3.508ns period=7.017ns})
  Destination:            prod[21]
                            (output port)
  Path Group:             (none)
  Path Type:              Min at Fast Process Corner
  Data Path Delay:        1.615ns  (logic 1.296ns (80.221%)  route 0.319ns (19.779%))
  Logic Levels:           1  (OBUF=1)
  Clock Uncertainty:      0.025ns  ((TSJ^2 + TIJ^2)^1/2 + DJ) / 2 + PE
    Total System Jitter     (TSJ):    0.050ns
    Total Input Jitter      (TIJ):    0.000ns
    Discrete Jitter          (DJ):    0.000ns
    Phase Error              (PE):    0.000ns

    Location             Delay type                Incr(ns)  Path(ns)    Netlist Resource(s)
  -------------------------------------------------------------------    -------------------
                         (clock clock rise edge)      0.000     0.000 r  
    AU32                                              0.000     0.000 r  clk (IN)
                         net (fo=0)                   0.000     0.000    clk
    AU32                                                              r  clk_IBUF_inst/I
    AU32                 IBUF (Prop_ibuf_I_O)         0.148     0.148 r  clk_IBUF_inst/O
                         net (fo=1, routed)           1.274     1.422    clk_IBUF
    BUFGCTRL_X0Y0                                                     r  clk_IBUF_BUFG_inst/I
    BUFGCTRL_X0Y0        BUFG (Prop_bufg_I_O)         0.026     1.448 r  clk_IBUF_BUFG_inst/O
                         net (fo=65, routed)          0.779     2.227    clk_IBUF_BUFG
    SLICE_X51Y38         FDRE                                         r  prod_reg[21]/C
  -------------------------------------------------------------------    -------------------
    SLICE_X51Y38         FDRE (Prop_fdre_C_Q)         0.100     2.327 r  prod_reg[21]/Q
                         net (fo=1, routed)           0.319     2.647    prod_OBUF[21]
    BB33                                                              r  prod_OBUF[21]_inst/I
    BB33                 OBUF (Prop_obuf_I_O)         1.196     3.842 r  prod_OBUF[21]_inst/O
                         net (fo=0)                   0.000     3.842    prod[21]
    BB33                                                              r  prod[21] (OUT)
  -------------------------------------------------------------------    -------------------

Slack:                    inf
  Source:                 prod_reg[17]/C
                            (rising edge-triggered cell FDRE clocked by clock  {rise@0.000ns fall@3.508ns period=7.017ns})
  Destination:            prod[17]
                            (output port)
  Path Group:             (none)
  Path Type:              Min at Fast Process Corner
  Data Path Delay:        1.631ns  (logic 1.270ns (77.838%)  route 0.362ns (22.162%))
  Logic Levels:           1  (OBUF=1)
  Clock Uncertainty:      0.025ns  ((TSJ^2 + TIJ^2)^1/2 + DJ) / 2 + PE
    Total System Jitter     (TSJ):    0.050ns
    Total Input Jitter      (TIJ):    0.000ns
    Discrete Jitter          (DJ):    0.000ns
    Phase Error              (PE):    0.000ns

    Location             Delay type                Incr(ns)  Path(ns)    Netlist Resource(s)
  -------------------------------------------------------------------    -------------------
                         (clock clock rise edge)      0.000     0.000 r  
    AU32                                              0.000     0.000 r  clk (IN)
                         net (fo=0)                   0.000     0.000    clk
    AU32                                                              r  clk_IBUF_inst/I
    AU32                 IBUF (Prop_ibuf_I_O)         0.148     0.148 r  clk_IBUF_inst/O
                         net (fo=1, routed)           1.274     1.422    clk_IBUF
    BUFGCTRL_X0Y0                                                     r  clk_IBUF_BUFG_inst/I
    BUFGCTRL_X0Y0        BUFG (Prop_bufg_I_O)         0.026     1.448 r  clk_IBUF_BUFG_inst/O
                         net (fo=65, routed)          0.778     2.226    clk_IBUF_BUFG
    SLICE_X50Y37         FDRE                                         r  prod_reg[17]/C
  -------------------------------------------------------------------    -------------------
    SLICE_X50Y37         FDRE (Prop_fdre_C_Q)         0.118     2.344 r  prod_reg[17]/Q
                         net (fo=1, routed)           0.362     2.706    prod_OBUF[17]
    AU34                                                              r  prod_OBUF[17]_inst/I
    AU34                 OBUF (Prop_obuf_I_O)         1.152     3.858 r  prod_OBUF[17]_inst/O
                         net (fo=0)                   0.000     3.858    prod[17]
    AU34                                                              r  prod[17] (OUT)
  -------------------------------------------------------------------    -------------------

Slack:                    inf
  Source:                 prod_reg[15]/C
                            (rising edge-triggered cell FDRE clocked by clock  {rise@0.000ns fall@3.508ns period=7.017ns})
  Destination:            prod[15]
                            (output port)
  Path Group:             (none)
  Path Type:              Min at Fast Process Corner
  Data Path Delay:        1.633ns  (logic 1.268ns (77.634%)  route 0.365ns (22.366%))
  Logic Levels:           1  (OBUF=1)
  Clock Uncertainty:      0.025ns  ((TSJ^2 + TIJ^2)^1/2 + DJ) / 2 + PE
    Total System Jitter     (TSJ):    0.050ns
    Total Input Jitter      (TIJ):    0.000ns
    Discrete Jitter          (DJ):    0.000ns
    Phase Error              (PE):    0.000ns

    Location             Delay type                Incr(ns)  Path(ns)    Netlist Resource(s)
  -------------------------------------------------------------------    -------------------
                         (clock clock rise edge)      0.000     0.000 r  
    AU32                                              0.000     0.000 r  clk (IN)
                         net (fo=0)                   0.000     0.000    clk
    AU32                                                              r  clk_IBUF_inst/I
    AU32                 IBUF (Prop_ibuf_I_O)         0.148     0.148 r  clk_IBUF_inst/O
                         net (fo=1, routed)           1.274     1.422    clk_IBUF
    BUFGCTRL_X0Y0                                                     r  clk_IBUF_BUFG_inst/I
    BUFGCTRL_X0Y0        BUFG (Prop_bufg_I_O)         0.026     1.448 r  clk_IBUF_BUFG_inst/O
                         net (fo=65, routed)          0.777     2.225    clk_IBUF_BUFG
    SLICE_X49Y36         FDRE                                         r  prod_reg[15]/C
  -------------------------------------------------------------------    -------------------
    SLICE_X49Y36         FDRE (Prop_fdre_C_Q)         0.100     2.325 r  prod_reg[15]/Q
                         net (fo=1, routed)           0.365     2.690    prod_OBUF[15]
    AU36                                                              r  prod_OBUF[15]_inst/I
    AU36                 OBUF (Prop_obuf_I_O)         1.168     3.858 r  prod_OBUF[15]_inst/O
                         net (fo=0)                   0.000     3.858    prod[15]
    AU36                                                              r  prod[15] (OUT)
  -------------------------------------------------------------------    -------------------

Slack:                    inf
  Source:                 prod_reg[13]/C
                            (rising edge-triggered cell FDRE clocked by clock  {rise@0.000ns fall@3.508ns period=7.017ns})
  Destination:            prod[13]
                            (output port)
  Path Group:             (none)
  Path Type:              Min at Fast Process Corner
  Data Path Delay:        1.644ns  (logic 1.243ns (75.569%)  route 0.402ns (24.431%))
  Logic Levels:           1  (OBUF=1)
  Clock Uncertainty:      0.025ns  ((TSJ^2 + TIJ^2)^1/2 + DJ) / 2 + PE
    Total System Jitter     (TSJ):    0.050ns
    Total Input Jitter      (TIJ):    0.000ns
    Discrete Jitter          (DJ):    0.000ns
    Phase Error              (PE):    0.000ns

    Location             Delay type                Incr(ns)  Path(ns)    Netlist Resource(s)
  -------------------------------------------------------------------    -------------------
                         (clock clock rise edge)      0.000     0.000 r  
    AU32                                              0.000     0.000 r  clk (IN)
                         net (fo=0)                   0.000     0.000    clk
    AU32                                                              r  clk_IBUF_inst/I
    AU32                 IBUF (Prop_ibuf_I_O)         0.148     0.148 r  clk_IBUF_inst/O
                         net (fo=1, routed)           1.274     1.422    clk_IBUF
    BUFGCTRL_X0Y0                                                     r  clk_IBUF_BUFG_inst/I
    BUFGCTRL_X0Y0        BUFG (Prop_bufg_I_O)         0.026     1.448 r  clk_IBUF_BUFG_inst/O
                         net (fo=65, routed)          0.777     2.225    clk_IBUF_BUFG
    SLICE_X51Y36         FDRE                                         r  prod_reg[13]/C
  -------------------------------------------------------------------    -------------------
    SLICE_X51Y36         FDRE (Prop_fdre_C_Q)         0.100     2.325 r  prod_reg[13]/Q
                         net (fo=1, routed)           0.402     2.727    prod_OBUF[13]
    AU33                                                              r  prod_OBUF[13]_inst/I
    AU33                 OBUF (Prop_obuf_I_O)         1.143     3.869 r  prod_OBUF[13]_inst/O
                         net (fo=0)                   0.000     3.869    prod[13]
    AU33                                                              r  prod[13] (OUT)
  -------------------------------------------------------------------    -------------------

Slack:                    inf
  Source:                 prod_reg[24]/C
                            (rising edge-triggered cell FDRE clocked by clock  {rise@0.000ns fall@3.508ns period=7.017ns})
  Destination:            prod[24]
                            (output port)
  Path Group:             (none)
  Path Type:              Min at Fast Process Corner
  Data Path Delay:        1.701ns  (logic 1.309ns (76.953%)  route 0.392ns (23.047%))
  Logic Levels:           1  (OBUF=1)
  Clock Uncertainty:      0.025ns  ((TSJ^2 + TIJ^2)^1/2 + DJ) / 2 + PE
    Total System Jitter     (TSJ):    0.050ns
    Total Input Jitter      (TIJ):    0.000ns
    Discrete Jitter          (DJ):    0.000ns
    Phase Error              (PE):    0.000ns

    Location             Delay type                Incr(ns)  Path(ns)    Netlist Resource(s)
  -------------------------------------------------------------------    -------------------
                         (clock clock rise edge)      0.000     0.000 r  
    AU32                                              0.000     0.000 r  clk (IN)
                         net (fo=0)                   0.000     0.000    clk
    AU32                                                              r  clk_IBUF_inst/I
    AU32                 IBUF (Prop_ibuf_I_O)         0.148     0.148 r  clk_IBUF_inst/O
                         net (fo=1, routed)           1.274     1.422    clk_IBUF
    BUFGCTRL_X0Y0                                                     r  clk_IBUF_BUFG_inst/I
    BUFGCTRL_X0Y0        BUFG (Prop_bufg_I_O)         0.026     1.448 r  clk_IBUF_BUFG_inst/O
                         net (fo=65, routed)          0.777     2.225    clk_IBUF_BUFG
    SLICE_X50Y35         FDRE                                         r  prod_reg[24]/C
  -------------------------------------------------------------------    -------------------
    SLICE_X50Y35         FDRE (Prop_fdre_C_Q)         0.118     2.343 r  prod_reg[24]/Q
                         net (fo=1, routed)           0.392     2.735    prod_OBUF[24]
    BA36                                                              r  prod_OBUF[24]_inst/I
    BA36                 OBUF (Prop_obuf_I_O)         1.191     3.926 r  prod_OBUF[24]_inst/O
                         net (fo=0)                   0.000     3.926    prod[24]
    BA36                                                              r  prod[24] (OUT)
  -------------------------------------------------------------------    -------------------

Slack:                    inf
  Source:                 prod_reg[9]/C
                            (rising edge-triggered cell FDRE clocked by clock  {rise@0.000ns fall@3.508ns period=7.017ns})
  Destination:            prod[9]
                            (output port)
  Path Group:             (none)
  Path Type:              Min at Fast Process Corner
  Data Path Delay:        1.722ns  (logic 1.268ns (73.629%)  route 0.454ns (26.371%))
  Logic Levels:           1  (OBUF=1)
  Clock Uncertainty:      0.025ns  ((TSJ^2 + TIJ^2)^1/2 + DJ) / 2 + PE
    Total System Jitter     (TSJ):    0.050ns
    Total Input Jitter      (TIJ):    0.000ns
    Discrete Jitter          (DJ):    0.000ns
    Phase Error              (PE):    0.000ns

    Location             Delay type                Incr(ns)  Path(ns)    Netlist Resource(s)
  -------------------------------------------------------------------    -------------------
                         (clock clock rise edge)      0.000     0.000 r  
    AU32                                              0.000     0.000 r  clk (IN)
                         net (fo=0)                   0.000     0.000    clk
    AU32                                                              r  clk_IBUF_inst/I
    AU32                 IBUF (Prop_ibuf_I_O)         0.148     0.148 r  clk_IBUF_inst/O
                         net (fo=1, routed)           1.274     1.422    clk_IBUF
    BUFGCTRL_X0Y0                                                     r  clk_IBUF_BUFG_inst/I
    BUFGCTRL_X0Y0        BUFG (Prop_bufg_I_O)         0.026     1.448 r  clk_IBUF_BUFG_inst/O
                         net (fo=65, routed)          0.777     2.225    clk_IBUF_BUFG
    SLICE_X51Y34         FDRE                                         r  prod_reg[9]/C
  -------------------------------------------------------------------    -------------------
    SLICE_X51Y34         FDRE (Prop_fdre_C_Q)         0.100     2.325 r  prod_reg[9]/Q
                         net (fo=1, routed)           0.454     2.779    prod_OBUF[9]
    AW32                                                              r  prod_OBUF[9]_inst/I
    AW32                 OBUF (Prop_obuf_I_O)         1.168     3.947 r  prod_OBUF[9]_inst/O
                         net (fo=0)                   0.000     3.947    prod[9]
    AW32                                                              r  prod[9] (OUT)
  -------------------------------------------------------------------    -------------------

Slack:                    inf
  Source:                 prod_reg[23]/C
                            (rising edge-triggered cell FDRE clocked by clock  {rise@0.000ns fall@3.508ns period=7.017ns})
  Destination:            prod[23]
                            (output port)
  Path Group:             (none)
  Path Type:              Min at Fast Process Corner
  Data Path Delay:        1.725ns  (logic 1.321ns (76.610%)  route 0.403ns (23.390%))
  Logic Levels:           1  (OBUF=1)
  Clock Uncertainty:      0.025ns  ((TSJ^2 + TIJ^2)^1/2 + DJ) / 2 + PE
    Total System Jitter     (TSJ):    0.050ns
    Total Input Jitter      (TIJ):    0.000ns
    Discrete Jitter          (DJ):    0.000ns
    Phase Error              (PE):    0.000ns

    Location             Delay type                Incr(ns)  Path(ns)    Netlist Resource(s)
  -------------------------------------------------------------------    -------------------
                         (clock clock rise edge)      0.000     0.000 r  
    AU32                                              0.000     0.000 r  clk (IN)
                         net (fo=0)                   0.000     0.000    clk
    AU32                                                              r  clk_IBUF_inst/I
    AU32                 IBUF (Prop_ibuf_I_O)         0.148     0.148 r  clk_IBUF_inst/O
                         net (fo=1, routed)           1.274     1.422    clk_IBUF
    BUFGCTRL_X0Y0                                                     r  clk_IBUF_BUFG_inst/I
    BUFGCTRL_X0Y0        BUFG (Prop_bufg_I_O)         0.026     1.448 r  clk_IBUF_BUFG_inst/O
                         net (fo=65, routed)          0.778     2.226    clk_IBUF_BUFG
    SLICE_X50Y37         FDRE                                         r  prod_reg[23]/C
  -------------------------------------------------------------------    -------------------
    SLICE_X50Y37         FDRE (Prop_fdre_C_Q)         0.118     2.344 r  prod_reg[23]/Q
                         net (fo=1, routed)           0.403     2.747    prod_OBUF[23]
    BB36                                                              r  prod_OBUF[23]_inst/I
    BB36                 OBUF (Prop_obuf_I_O)         1.203     3.951 r  prod_OBUF[23]_inst/O
                         net (fo=0)                   0.000     3.951    prod[23]
    BB36                                                              r  prod[23] (OUT)
  -------------------------------------------------------------------    -------------------

Slack:                    inf
  Source:                 prod_reg[26]/C
                            (rising edge-triggered cell FDRE clocked by clock  {rise@0.000ns fall@3.508ns period=7.017ns})
  Destination:            prod[26]
                            (output port)
  Path Group:             (none)
  Path Type:              Min at Fast Process Corner
  Data Path Delay:        1.729ns  (logic 1.294ns (74.808%)  route 0.436ns (25.192%))
  Logic Levels:           1  (OBUF=1)
  Clock Uncertainty:      0.025ns  ((TSJ^2 + TIJ^2)^1/2 + DJ) / 2 + PE
    Total System Jitter     (TSJ):    0.050ns
    Total Input Jitter      (TIJ):    0.000ns
    Discrete Jitter          (DJ):    0.000ns
    Phase Error              (PE):    0.000ns

    Location             Delay type                Incr(ns)  Path(ns)    Netlist Resource(s)
  -------------------------------------------------------------------    -------------------
                         (clock clock rise edge)      0.000     0.000 r  
    AU32                                              0.000     0.000 r  clk (IN)
                         net (fo=0)                   0.000     0.000    clk
    AU32                                                              r  clk_IBUF_inst/I
    AU32                 IBUF (Prop_ibuf_I_O)         0.148     0.148 r  clk_IBUF_inst/O
                         net (fo=1, routed)           1.274     1.422    clk_IBUF
    BUFGCTRL_X0Y0                                                     r  clk_IBUF_BUFG_inst/I
    BUFGCTRL_X0Y0        BUFG (Prop_bufg_I_O)         0.026     1.448 r  clk_IBUF_BUFG_inst/O
                         net (fo=65, routed)          0.777     2.225    clk_IBUF_BUFG
    SLICE_X51Y35         FDRE                                         r  prod_reg[26]/C
  -------------------------------------------------------------------    -------------------
    SLICE_X51Y35         FDRE (Prop_fdre_C_Q)         0.100     2.325 r  prod_reg[26]/Q
                         net (fo=1, routed)           0.436     2.761    prod_OBUF[26]
    BA34                                                              r  prod_OBUF[26]_inst/I
    BA34                 OBUF (Prop_obuf_I_O)         1.194     3.955 r  prod_OBUF[26]_inst/O
                         net (fo=0)                   0.000     3.955    prod[26]
    BA34                                                              r  prod[26] (OUT)
  -------------------------------------------------------------------    -------------------

Slack:                    inf
  Source:                 prod_reg[28]/C
                            (rising edge-triggered cell FDRE clocked by clock  {rise@0.000ns fall@3.508ns period=7.017ns})
  Destination:            prod[28]
                            (output port)
  Path Group:             (none)
  Path Type:              Min at Fast Process Corner
  Data Path Delay:        1.744ns  (logic 1.272ns (72.920%)  route 0.472ns (27.080%))
  Logic Levels:           1  (OBUF=1)
  Clock Uncertainty:      0.025ns  ((TSJ^2 + TIJ^2)^1/2 + DJ) / 2 + PE
    Total System Jitter     (TSJ):    0.050ns
    Total Input Jitter      (TIJ):    0.000ns
    Discrete Jitter          (DJ):    0.000ns
    Phase Error              (PE):    0.000ns

    Location             Delay type                Incr(ns)  Path(ns)    Netlist Resource(s)
  -------------------------------------------------------------------    -------------------
                         (clock clock rise edge)      0.000     0.000 r  
    AU32                                              0.000     0.000 r  clk (IN)
                         net (fo=0)                   0.000     0.000    clk
    AU32                                                              r  clk_IBUF_inst/I
    AU32                 IBUF (Prop_ibuf_I_O)         0.148     0.148 r  clk_IBUF_inst/O
                         net (fo=1, routed)           1.274     1.422    clk_IBUF
    BUFGCTRL_X0Y0                                                     r  clk_IBUF_BUFG_inst/I
    BUFGCTRL_X0Y0        BUFG (Prop_bufg_I_O)         0.026     1.448 r  clk_IBUF_BUFG_inst/O
                         net (fo=65, routed)          0.777     2.225    clk_IBUF_BUFG
    SLICE_X51Y35         FDRE                                         r  prod_reg[28]/C
  -------------------------------------------------------------------    -------------------
    SLICE_X51Y35         FDRE (Prop_fdre_C_Q)         0.100     2.325 r  prod_reg[28]/Q
                         net (fo=1, routed)           0.472     2.797    prod_OBUF[28]
    AV36                                                              r  prod_OBUF[28]_inst/I
    AV36                 OBUF (Prop_obuf_I_O)         1.172     3.969 r  prod_OBUF[28]_inst/O
                         net (fo=0)                   0.000     3.969    prod[28]
    AV36                                                              r  prod[28] (OUT)
  -------------------------------------------------------------------    -------------------

Slack:                    inf
  Source:                 prod_reg[6]/C
                            (rising edge-triggered cell FDRE clocked by clock  {rise@0.000ns fall@3.508ns period=7.017ns})
  Destination:            prod[6]
                            (output port)
  Path Group:             (none)
  Path Type:              Min at Fast Process Corner
  Data Path Delay:        1.745ns  (logic 1.263ns (72.409%)  route 0.481ns (27.591%))
  Logic Levels:           1  (OBUF=1)
  Clock Uncertainty:      0.025ns  ((TSJ^2 + TIJ^2)^1/2 + DJ) / 2 + PE
    Total System Jitter     (TSJ):    0.050ns
    Total Input Jitter      (TIJ):    0.000ns
    Discrete Jitter          (DJ):    0.000ns
    Phase Error              (PE):    0.000ns

    Location             Delay type                Incr(ns)  Path(ns)    Netlist Resource(s)
  -------------------------------------------------------------------    -------------------
                         (clock clock rise edge)      0.000     0.000 r  
    AU32                                              0.000     0.000 r  clk (IN)
                         net (fo=0)                   0.000     0.000    clk
    AU32                                                              r  clk_IBUF_inst/I
    AU32                 IBUF (Prop_ibuf_I_O)         0.148     0.148 r  clk_IBUF_inst/O
                         net (fo=1, routed)           1.274     1.422    clk_IBUF
    BUFGCTRL_X0Y0                                                     r  clk_IBUF_BUFG_inst/I
    BUFGCTRL_X0Y0        BUFG (Prop_bufg_I_O)         0.026     1.448 r  clk_IBUF_BUFG_inst/O
                         net (fo=65, routed)          0.777     2.225    clk_IBUF_BUFG
    SLICE_X51Y34         FDRE                                         r  prod_reg[6]/C
  -------------------------------------------------------------------    -------------------
    SLICE_X51Y34         FDRE (Prop_fdre_C_Q)         0.100     2.325 r  prod_reg[6]/Q
                         net (fo=1, routed)           0.481     2.806    prod_OBUF[6]
    AV35                                                              r  prod_OBUF[6]_inst/I
    AV35                 OBUF (Prop_obuf_I_O)         1.163     3.970 r  prod_OBUF[6]_inst/O
                         net (fo=0)                   0.000     3.970    prod[6]
    AV35                                                              r  prod[6] (OUT)
  -------------------------------------------------------------------    -------------------

Slack:                    inf
  Source:                 prod_reg[29]/C
                            (rising edge-triggered cell FDRE clocked by clock  {rise@0.000ns fall@3.508ns period=7.017ns})
  Destination:            prod[29]
                            (output port)
  Path Group:             (none)
  Path Type:              Min at Fast Process Corner
  Data Path Delay:        1.744ns  (logic 1.309ns (75.025%)  route 0.436ns (24.975%))
  Logic Levels:           1  (OBUF=1)
  Clock Uncertainty:      0.025ns  ((TSJ^2 + TIJ^2)^1/2 + DJ) / 2 + PE
    Total System Jitter     (TSJ):    0.050ns
    Total Input Jitter      (TIJ):    0.000ns
    Discrete Jitter          (DJ):    0.000ns
    Phase Error              (PE):    0.000ns

    Location             Delay type                Incr(ns)  Path(ns)    Netlist Resource(s)
  -------------------------------------------------------------------    -------------------
                         (clock clock rise edge)      0.000     0.000 r  
    AU32                                              0.000     0.000 r  clk (IN)
                         net (fo=0)                   0.000     0.000    clk
    AU32                                                              r  clk_IBUF_inst/I
    AU32                 IBUF (Prop_ibuf_I_O)         0.148     0.148 r  clk_IBUF_inst/O
                         net (fo=1, routed)           1.274     1.422    clk_IBUF
    BUFGCTRL_X0Y0                                                     r  clk_IBUF_BUFG_inst/I
    BUFGCTRL_X0Y0        BUFG (Prop_bufg_I_O)         0.026     1.448 r  clk_IBUF_BUFG_inst/O
                         net (fo=65, routed)          0.779     2.227    clk_IBUF_BUFG
    SLICE_X50Y38         FDRE                                         r  prod_reg[29]/C
  -------------------------------------------------------------------    -------------------
    SLICE_X50Y38         FDRE (Prop_fdre_C_Q)         0.118     2.345 r  prod_reg[29]/Q
                         net (fo=1, routed)           0.436     2.781    prod_OBUF[29]
    BA35                                                              r  prod_OBUF[29]_inst/I
    BA35                 OBUF (Prop_obuf_I_O)         1.191     3.971 r  prod_OBUF[29]_inst/O
                         net (fo=0)                   0.000     3.971    prod[29]
    BA35                                                              r  prod[29] (OUT)
  -------------------------------------------------------------------    -------------------

Slack:                    inf
  Source:                 prod_reg[8]/C
                            (rising edge-triggered cell FDRE clocked by clock  {rise@0.000ns fall@3.508ns period=7.017ns})
  Destination:            prod[8]
                            (output port)
  Path Group:             (none)
  Path Type:              Min at Fast Process Corner
  Data Path Delay:        1.759ns  (logic 1.279ns (72.693%)  route 0.480ns (27.307%))
  Logic Levels:           1  (OBUF=1)
  Clock Uncertainty:      0.025ns  ((TSJ^2 + TIJ^2)^1/2 + DJ) / 2 + PE
    Total System Jitter     (TSJ):    0.050ns
    Total Input Jitter      (TIJ):    0.000ns
    Discrete Jitter          (DJ):    0.000ns
    Phase Error              (PE):    0.000ns

    Location             Delay type                Incr(ns)  Path(ns)    Netlist Resource(s)
  -------------------------------------------------------------------    -------------------
                         (clock clock rise edge)      0.000     0.000 r  
    AU32                                              0.000     0.000 r  clk (IN)
                         net (fo=0)                   0.000     0.000    clk
    AU32                                                              r  clk_IBUF_inst/I
    AU32                 IBUF (Prop_ibuf_I_O)         0.148     0.148 r  clk_IBUF_inst/O
                         net (fo=1, routed)           1.274     1.422    clk_IBUF
    BUFGCTRL_X0Y0                                                     r  clk_IBUF_BUFG_inst/I
    BUFGCTRL_X0Y0        BUFG (Prop_bufg_I_O)         0.026     1.448 r  clk_IBUF_BUFG_inst/O
                         net (fo=65, routed)          0.774     2.222    clk_IBUF_BUFG
    SLICE_X52Y34         FDRE                                         r  prod_reg[8]/C
  -------------------------------------------------------------------    -------------------
    SLICE_X52Y34         FDRE (Prop_fdre_C_Q)         0.118     2.340 r  prod_reg[8]/Q
                         net (fo=1, routed)           0.480     2.821    prod_OBUF[8]
    AW33                                                              r  prod_OBUF[8]_inst/I
    AW33                 OBUF (Prop_obuf_I_O)         1.161     3.982 r  prod_OBUF[8]_inst/O
                         net (fo=0)                   0.000     3.982    prod[8]
    AW33                                                              r  prod[8] (OUT)
  -------------------------------------------------------------------    -------------------

Slack:                    inf
  Source:                 prod_reg[30]/C
                            (rising edge-triggered cell FDRE clocked by clock  {rise@0.000ns fall@3.508ns period=7.017ns})
  Destination:            prod[30]
                            (output port)
  Path Group:             (none)
  Path Type:              Min at Fast Process Corner
  Data Path Delay:        1.760ns  (logic 1.296ns (73.620%)  route 0.464ns (26.380%))
  Logic Levels:           1  (OBUF=1)
  Clock Uncertainty:      0.025ns  ((TSJ^2 + TIJ^2)^1/2 + DJ) / 2 + PE
    Total System Jitter     (TSJ):    0.050ns
    Total Input Jitter      (TIJ):    0.000ns
    Discrete Jitter          (DJ):    0.000ns
    Phase Error              (PE):    0.000ns

    Location             Delay type                Incr(ns)  Path(ns)    Netlist Resource(s)
  -------------------------------------------------------------------    -------------------
                         (clock clock rise edge)      0.000     0.000 r  
    AU32                                              0.000     0.000 r  clk (IN)
                         net (fo=0)                   0.000     0.000    clk
    AU32                                                              r  clk_IBUF_inst/I
    AU32                 IBUF (Prop_ibuf_I_O)         0.148     0.148 r  clk_IBUF_inst/O
                         net (fo=1, routed)           1.274     1.422    clk_IBUF
    BUFGCTRL_X0Y0                                                     r  clk_IBUF_BUFG_inst/I
    BUFGCTRL_X0Y0        BUFG (Prop_bufg_I_O)         0.026     1.448 r  clk_IBUF_BUFG_inst/O
                         net (fo=65, routed)          0.777     2.225    clk_IBUF_BUFG
    SLICE_X50Y35         FDRE                                         r  prod_reg[30]/C
  -------------------------------------------------------------------    -------------------
    SLICE_X50Y35         FDRE (Prop_fdre_C_Q)         0.118     2.343 r  prod_reg[30]/Q
                         net (fo=1, routed)           0.464     2.807    prod_OBUF[30]
    AY34                                                              r  prod_OBUF[30]_inst/I
    AY34                 OBUF (Prop_obuf_I_O)         1.178     3.985 r  prod_OBUF[30]_inst/O
                         net (fo=0)                   0.000     3.985    prod[30]
    AY34                                                              r  prod[30] (OUT)
  -------------------------------------------------------------------    -------------------

Slack:                    inf
  Source:                 prod_reg[20]/C
                            (rising edge-triggered cell FDRE clocked by clock  {rise@0.000ns fall@3.508ns period=7.017ns})
  Destination:            prod[20]
                            (output port)
  Path Group:             (none)
  Path Type:              Min at Fast Process Corner
  Data Path Delay:        1.778ns  (logic 1.290ns (72.570%)  route 0.488ns (27.430%))
  Logic Levels:           1  (OBUF=1)
  Clock Uncertainty:      0.025ns  ((TSJ^2 + TIJ^2)^1/2 + DJ) / 2 + PE
    Total System Jitter     (TSJ):    0.050ns
    Total Input Jitter      (TIJ):    0.000ns
    Discrete Jitter          (DJ):    0.000ns
    Phase Error              (PE):    0.000ns

    Location             Delay type                Incr(ns)  Path(ns)    Netlist Resource(s)
  -------------------------------------------------------------------    -------------------
                         (clock clock rise edge)      0.000     0.000 r  
    AU32                                              0.000     0.000 r  clk (IN)
                         net (fo=0)                   0.000     0.000    clk
    AU32                                                              r  clk_IBUF_inst/I
    AU32                 IBUF (Prop_ibuf_I_O)         0.148     0.148 r  clk_IBUF_inst/O
                         net (fo=1, routed)           1.274     1.422    clk_IBUF
    BUFGCTRL_X0Y0                                                     r  clk_IBUF_BUFG_inst/I
    BUFGCTRL_X0Y0        BUFG (Prop_bufg_I_O)         0.026     1.448 r  clk_IBUF_BUFG_inst/O
                         net (fo=65, routed)          0.772     2.220    clk_IBUF_BUFG
    SLICE_X54Y35         FDRE                                         r  prod_reg[20]/C
  -------------------------------------------------------------------    -------------------
    SLICE_X54Y35         FDRE (Prop_fdre_C_Q)         0.118     2.338 r  prod_reg[20]/Q
                         net (fo=1, routed)           0.488     2.826    prod_OBUF[20]
    AW35                                                              r  prod_OBUF[20]_inst/I
    AW35                 OBUF (Prop_obuf_I_O)         1.172     3.998 r  prod_OBUF[20]_inst/O
                         net (fo=0)                   0.000     3.998    prod[20]
    AW35                                                              r  prod[20] (OUT)
  -------------------------------------------------------------------    -------------------

Slack:                    inf
  Source:                 prod_reg[0]/C
                            (rising edge-triggered cell FDRE clocked by clock  {rise@0.000ns fall@3.508ns period=7.017ns})
  Destination:            prod[0]
                            (output port)
  Path Group:             (none)
  Path Type:              Min at Fast Process Corner
  Data Path Delay:        1.822ns  (logic 1.256ns (68.964%)  route 0.565ns (31.036%))
  Logic Levels:           1  (OBUF=1)
  Clock Uncertainty:      0.025ns  ((TSJ^2 + TIJ^2)^1/2 + DJ) / 2 + PE
    Total System Jitter     (TSJ):    0.050ns
    Total Input Jitter      (TIJ):    0.000ns
    Discrete Jitter          (DJ):    0.000ns
    Phase Error              (PE):    0.000ns

    Location             Delay type                Incr(ns)  Path(ns)    Netlist Resource(s)
  -------------------------------------------------------------------    -------------------
                         (clock clock rise edge)      0.000     0.000 r  
    AU32                                              0.000     0.000 r  clk (IN)
                         net (fo=0)                   0.000     0.000    clk
    AU32                                                              r  clk_IBUF_inst/I
    AU32                 IBUF (Prop_ibuf_I_O)         0.148     0.148 r  clk_IBUF_inst/O
                         net (fo=1, routed)           1.274     1.422    clk_IBUF
    BUFGCTRL_X0Y0                                                     r  clk_IBUF_BUFG_inst/I
    BUFGCTRL_X0Y0        BUFG (Prop_bufg_I_O)         0.026     1.448 r  clk_IBUF_BUFG_inst/O
                         net (fo=65, routed)          0.777     2.225    clk_IBUF_BUFG
    SLICE_X49Y35         FDRE                                         r  prod_reg[0]/C
  -------------------------------------------------------------------    -------------------
    SLICE_X49Y35         FDRE (Prop_fdre_C_Q)         0.100     2.325 r  prod_reg[0]/Q
                         net (fo=1, routed)           0.565     2.890    prod_OBUF[0]
    AY30                                                              r  prod_OBUF[0]_inst/I
    AY30                 OBUF (Prop_obuf_I_O)         1.156     4.047 r  prod_OBUF[0]_inst/O
                         net (fo=0)                   0.000     4.047    prod[0]
    AY30                                                              r  prod[0] (OUT)
  -------------------------------------------------------------------    -------------------

Slack:                    inf
  Source:                 prod_reg[5]/C
                            (rising edge-triggered cell FDRE clocked by clock  {rise@0.000ns fall@3.508ns period=7.017ns})
  Destination:            prod[5]
                            (output port)
  Path Group:             (none)
  Path Type:              Min at Fast Process Corner
  Data Path Delay:        1.828ns  (logic 1.290ns (70.594%)  route 0.538ns (29.406%))
  Logic Levels:           1  (OBUF=1)
  Clock Uncertainty:      0.025ns  ((TSJ^2 + TIJ^2)^1/2 + DJ) / 2 + PE
    Total System Jitter     (TSJ):    0.050ns
    Total Input Jitter      (TIJ):    0.000ns
    Discrete Jitter          (DJ):    0.000ns
    Phase Error              (PE):    0.000ns

    Location             Delay type                Incr(ns)  Path(ns)    Netlist Resource(s)
  -------------------------------------------------------------------    -------------------
                         (clock clock rise edge)      0.000     0.000 r  
    AU32                                              0.000     0.000 r  clk (IN)
                         net (fo=0)                   0.000     0.000    clk
    AU32                                                              r  clk_IBUF_inst/I
    AU32                 IBUF (Prop_ibuf_I_O)         0.148     0.148 r  clk_IBUF_inst/O
                         net (fo=1, routed)           1.274     1.422    clk_IBUF
    BUFGCTRL_X0Y0                                                     r  clk_IBUF_BUFG_inst/I
    BUFGCTRL_X0Y0        BUFG (Prop_bufg_I_O)         0.026     1.448 r  clk_IBUF_BUFG_inst/O
                         net (fo=65, routed)          0.777     2.225    clk_IBUF_BUFG
    SLICE_X51Y36         FDRE                                         r  prod_reg[5]/C
  -------------------------------------------------------------------    -------------------
    SLICE_X51Y36         FDRE (Prop_fdre_C_Q)         0.091     2.316 r  prod_reg[5]/Q
                         net (fo=1, routed)           0.538     2.854    prod_OBUF[5]
    AY32                                                              r  prod_OBUF[5]_inst/I
    AY32                 OBUF (Prop_obuf_I_O)         1.199     4.053 r  prod_OBUF[5]_inst/O
                         net (fo=0)                   0.000     4.053    prod[5]
    AY32                                                              r  prod[5] (OUT)
  -------------------------------------------------------------------    -------------------

Slack:                    inf
  Source:                 prod_reg[4]/C
                            (rising edge-triggered cell FDRE clocked by clock  {rise@0.000ns fall@3.508ns period=7.017ns})
  Destination:            prod[4]
                            (output port)
  Path Group:             (none)
  Path Type:              Min at Fast Process Corner
  Data Path Delay:        1.843ns  (logic 1.263ns (68.554%)  route 0.579ns (31.446%))
  Logic Levels:           1  (OBUF=1)
  Clock Uncertainty:      0.025ns  ((TSJ^2 + TIJ^2)^1/2 + DJ) / 2 + PE
    Total System Jitter     (TSJ):    0.050ns
    Total Input Jitter      (TIJ):    0.000ns
    Discrete Jitter          (DJ):    0.000ns
    Phase Error              (PE):    0.000ns

    Location             Delay type                Incr(ns)  Path(ns)    Netlist Resource(s)
  -------------------------------------------------------------------    -------------------
                         (clock clock rise edge)      0.000     0.000 r  
    AU32                                              0.000     0.000 r  clk (IN)
                         net (fo=0)                   0.000     0.000    clk
    AU32                                                              r  clk_IBUF_inst/I
    AU32                 IBUF (Prop_ibuf_I_O)         0.148     0.148 r  clk_IBUF_inst/O
                         net (fo=1, routed)           1.274     1.422    clk_IBUF
    BUFGCTRL_X0Y0                                                     r  clk_IBUF_BUFG_inst/I
    BUFGCTRL_X0Y0        BUFG (Prop_bufg_I_O)         0.026     1.448 r  clk_IBUF_BUFG_inst/O
                         net (fo=65, routed)          0.774     2.222    clk_IBUF_BUFG
    SLICE_X53Y35         FDRE                                         r  prod_reg[4]/C
  -------------------------------------------------------------------    -------------------
    SLICE_X53Y35         FDRE (Prop_fdre_C_Q)         0.100     2.322 r  prod_reg[4]/Q
                         net (fo=1, routed)           0.579     2.902    prod_OBUF[4]
    AY33                                                              r  prod_OBUF[4]_inst/I
    AY33                 OBUF (Prop_obuf_I_O)         1.163     4.065 r  prod_OBUF[4]_inst/O
                         net (fo=0)                   0.000     4.065    prod[4]
    AY33                                                              r  prod[4] (OUT)
  -------------------------------------------------------------------    -------------------

Slack:                    inf
  Source:                 prod_reg[2]/C
                            (rising edge-triggered cell FDRE clocked by clock  {rise@0.000ns fall@3.508ns period=7.017ns})
  Destination:            prod[2]
                            (output port)
  Path Group:             (none)
  Path Type:              Min at Fast Process Corner
  Data Path Delay:        1.856ns  (logic 1.276ns (68.762%)  route 0.580ns (31.238%))
  Logic Levels:           1  (OBUF=1)
  Clock Uncertainty:      0.025ns  ((TSJ^2 + TIJ^2)^1/2 + DJ) / 2 + PE
    Total System Jitter     (TSJ):    0.050ns
    Total Input Jitter      (TIJ):    0.000ns
    Discrete Jitter          (DJ):    0.000ns
    Phase Error              (PE):    0.000ns

    Location             Delay type                Incr(ns)  Path(ns)    Netlist Resource(s)
  -------------------------------------------------------------------    -------------------
                         (clock clock rise edge)      0.000     0.000 r  
    AU32                                              0.000     0.000 r  clk (IN)
                         net (fo=0)                   0.000     0.000    clk
    AU32                                                              r  clk_IBUF_inst/I
    AU32                 IBUF (Prop_ibuf_I_O)         0.148     0.148 r  clk_IBUF_inst/O
                         net (fo=1, routed)           1.274     1.422    clk_IBUF
    BUFGCTRL_X0Y0                                                     r  clk_IBUF_BUFG_inst/I
    BUFGCTRL_X0Y0        BUFG (Prop_bufg_I_O)         0.026     1.448 r  clk_IBUF_BUFG_inst/O
                         net (fo=65, routed)          0.777     2.225    clk_IBUF_BUFG
    SLICE_X49Y36         FDRE                                         r  prod_reg[2]/C
  -------------------------------------------------------------------    -------------------
    SLICE_X49Y36         FDRE (Prop_fdre_C_Q)         0.100     2.325 r  prod_reg[2]/Q
                         net (fo=1, routed)           0.580     2.905    prod_OBUF[2]
    BA32                                                              r  prod_OBUF[2]_inst/I
    BA32                 OBUF (Prop_obuf_I_O)         1.176     4.081 r  prod_OBUF[2]_inst/O
                         net (fo=0)                   0.000     4.081    prod[2]
    BA32                                                              r  prod[2] (OUT)
  -------------------------------------------------------------------    -------------------

Slack:                    inf
  Source:                 prod_reg[22]/C
                            (rising edge-triggered cell FDRE clocked by clock  {rise@0.000ns fall@3.508ns period=7.017ns})
  Destination:            prod[22]
                            (output port)
  Path Group:             (none)
  Path Type:              Min at Fast Process Corner
  Data Path Delay:        1.917ns  (logic 1.316ns (68.644%)  route 0.601ns (31.356%))
  Logic Levels:           1  (OBUF=1)
  Clock Uncertainty:      0.025ns  ((TSJ^2 + TIJ^2)^1/2 + DJ) / 2 + PE
    Total System Jitter     (TSJ):    0.050ns
    Total Input Jitter      (TIJ):    0.000ns
    Discrete Jitter          (DJ):    0.000ns
    Phase Error              (PE):    0.000ns

    Location             Delay type                Incr(ns)  Path(ns)    Netlist Resource(s)
  -------------------------------------------------------------------    -------------------
                         (clock clock rise edge)      0.000     0.000 r  
    AU32                                              0.000     0.000 r  clk (IN)
                         net (fo=0)                   0.000     0.000    clk
    AU32                                                              r  clk_IBUF_inst/I
    AU32                 IBUF (Prop_ibuf_I_O)         0.148     0.148 r  clk_IBUF_inst/O
                         net (fo=1, routed)           1.274     1.422    clk_IBUF
    BUFGCTRL_X0Y0                                                     r  clk_IBUF_BUFG_inst/I
    BUFGCTRL_X0Y0        BUFG (Prop_bufg_I_O)         0.026     1.448 r  clk_IBUF_BUFG_inst/O
                         net (fo=65, routed)          0.777     2.225    clk_IBUF_BUFG
    SLICE_X50Y36         FDRE                                         r  prod_reg[22]/C
  -------------------------------------------------------------------    -------------------
    SLICE_X50Y36         FDRE (Prop_fdre_C_Q)         0.118     2.343 r  prod_reg[22]/Q
                         net (fo=1, routed)           0.601     2.944    prod_OBUF[22]
    BB32                                                              r  prod_OBUF[22]_inst/I
    BB32                 OBUF (Prop_obuf_I_O)         1.198     4.142 r  prod_OBUF[22]_inst/O
                         net (fo=0)                   0.000     4.142    prod[22]
    BB32                                                              r  prod[22] (OUT)
  -------------------------------------------------------------------    -------------------

Slack:                    inf
  Source:                 prod_reg[7]/C
                            (rising edge-triggered cell FDRE clocked by clock  {rise@0.000ns fall@3.508ns period=7.017ns})
  Destination:            prod[7]
                            (output port)
  Path Group:             (none)
  Path Type:              Min at Fast Process Corner
  Data Path Delay:        1.930ns  (logic 1.263ns (65.452%)  route 0.667ns (34.548%))
  Logic Levels:           1  (OBUF=1)
  Clock Uncertainty:      0.025ns  ((TSJ^2 + TIJ^2)^1/2 + DJ) / 2 + PE
    Total System Jitter     (TSJ):    0.050ns
    Total Input Jitter      (TIJ):    0.000ns
    Discrete Jitter          (DJ):    0.000ns
    Phase Error              (PE):    0.000ns

    Location             Delay type                Incr(ns)  Path(ns)    Netlist Resource(s)
  -------------------------------------------------------------------    -------------------
                         (clock clock rise edge)      0.000     0.000 r  
    AU32                                              0.000     0.000 r  clk (IN)
                         net (fo=0)                   0.000     0.000    clk
    AU32                                                              r  clk_IBUF_inst/I
    AU32                 IBUF (Prop_ibuf_I_O)         0.148     0.148 r  clk_IBUF_inst/O
                         net (fo=1, routed)           1.274     1.422    clk_IBUF
    BUFGCTRL_X0Y0                                                     r  clk_IBUF_BUFG_inst/I
    BUFGCTRL_X0Y0        BUFG (Prop_bufg_I_O)         0.026     1.448 r  clk_IBUF_BUFG_inst/O
                         net (fo=65, routed)          0.777     2.225    clk_IBUF_BUFG
    SLICE_X51Y36         FDRE                                         r  prod_reg[7]/C
  -------------------------------------------------------------------    -------------------
    SLICE_X51Y36         FDRE (Prop_fdre_C_Q)         0.100     2.325 r  prod_reg[7]/Q
                         net (fo=1, routed)           0.667     2.992    prod_OBUF[7]
    AV34                                                              r  prod_OBUF[7]_inst/I
    AV34                 OBUF (Prop_obuf_I_O)         1.163     4.155 r  prod_OBUF[7]_inst/O
                         net (fo=0)                   0.000     4.155    prod[7]
    AV34                                                              r  prod[7] (OUT)
  -------------------------------------------------------------------    -------------------

Slack:                    inf
  Source:                 prod_reg[19]/C
                            (rising edge-triggered cell FDRE clocked by clock  {rise@0.000ns fall@3.508ns period=7.017ns})
  Destination:            prod[19]
                            (output port)
  Path Group:             (none)
  Path Type:              Min at Fast Process Corner
  Data Path Delay:        1.986ns  (logic 1.302ns (65.545%)  route 0.684ns (34.455%))
  Logic Levels:           1  (OBUF=1)
  Clock Uncertainty:      0.025ns  ((TSJ^2 + TIJ^2)^1/2 + DJ) / 2 + PE
    Total System Jitter     (TSJ):    0.050ns
    Total Input Jitter      (TIJ):    0.000ns
    Discrete Jitter          (DJ):    0.000ns
    Phase Error              (PE):    0.000ns

    Location             Delay type                Incr(ns)  Path(ns)    Netlist Resource(s)
  -------------------------------------------------------------------    -------------------
                         (clock clock rise edge)      0.000     0.000 r  
    AU32                                              0.000     0.000 r  clk (IN)
                         net (fo=0)                   0.000     0.000    clk
    AU32                                                              r  clk_IBUF_inst/I
    AU32                 IBUF (Prop_ibuf_I_O)         0.148     0.148 r  clk_IBUF_inst/O
                         net (fo=1, routed)           1.274     1.422    clk_IBUF
    BUFGCTRL_X0Y0                                                     r  clk_IBUF_BUFG_inst/I
    BUFGCTRL_X0Y0        BUFG (Prop_bufg_I_O)         0.026     1.448 r  clk_IBUF_BUFG_inst/O
                         net (fo=65, routed)          0.774     2.222    clk_IBUF_BUFG
    SLICE_X52Y36         FDRE                                         r  prod_reg[19]/C
  -------------------------------------------------------------------    -------------------
    SLICE_X52Y36         FDRE (Prop_fdre_C_Q)         0.118     2.340 r  prod_reg[19]/Q
                         net (fo=1, routed)           0.684     3.024    prod_OBUF[19]
    AY35                                                              r  prod_OBUF[19]_inst/I
    AY35                 OBUF (Prop_obuf_I_O)         1.184     4.208 r  prod_OBUF[19]_inst/O
                         net (fo=0)                   0.000     4.208    prod[19]
    AY35                                                              r  prod[19] (OUT)
  -------------------------------------------------------------------    -------------------

Slack:                    inf
  Source:                 prod_reg[31]/C
                            (rising edge-triggered cell FDRE clocked by clock  {rise@0.000ns fall@3.508ns period=7.017ns})
  Destination:            prod[31]
                            (output port)
  Path Group:             (none)
  Path Type:              Min at Fast Process Corner
  Data Path Delay:        2.002ns  (logic 1.268ns (63.353%)  route 0.734ns (36.647%))
  Logic Levels:           1  (OBUF=1)
  Clock Uncertainty:      0.025ns  ((TSJ^2 + TIJ^2)^1/2 + DJ) / 2 + PE
    Total System Jitter     (TSJ):    0.050ns
    Total Input Jitter      (TIJ):    0.000ns
    Discrete Jitter          (DJ):    0.000ns
    Phase Error              (PE):    0.000ns

    Location             Delay type                Incr(ns)  Path(ns)    Netlist Resource(s)
  -------------------------------------------------------------------    -------------------
                         (clock clock rise edge)      0.000     0.000 r  
    AU32                                              0.000     0.000 r  clk (IN)
                         net (fo=0)                   0.000     0.000    clk
    AU32                                                              r  clk_IBUF_inst/I
    AU32                 IBUF (Prop_ibuf_I_O)         0.148     0.148 r  clk_IBUF_inst/O
                         net (fo=1, routed)           1.274     1.422    clk_IBUF
    BUFGCTRL_X0Y0                                                     r  clk_IBUF_BUFG_inst/I
    BUFGCTRL_X0Y0        BUFG (Prop_bufg_I_O)         0.026     1.448 r  clk_IBUF_BUFG_inst/O
                         net (fo=65, routed)          0.779     2.227    clk_IBUF_BUFG
    SLICE_X50Y38         FDRE                                         r  prod_reg[31]/C
  -------------------------------------------------------------------    -------------------
    SLICE_X50Y38         FDRE (Prop_fdre_C_Q)         0.118     2.345 r  prod_reg[31]/Q
                         net (fo=1, routed)           0.734     3.079    prod_OBUF[31]
    AR35                                                              r  prod_OBUF[31]_inst/I
    AR35                 OBUF (Prop_obuf_I_O)         1.150     4.229 r  prod_OBUF[31]_inst/O
                         net (fo=0)                   0.000     4.229    prod[31]
    AR35                                                              r  prod[31] (OUT)
  -------------------------------------------------------------------    -------------------

Slack:                    inf
  Source:                 prod_reg[27]/C
                            (rising edge-triggered cell FDRE clocked by clock  {rise@0.000ns fall@3.508ns period=7.017ns})
  Destination:            prod[27]
                            (output port)
  Path Group:             (none)
  Path Type:              Min at Fast Process Corner
  Data Path Delay:        2.028ns  (logic 1.300ns (64.096%)  route 0.728ns (35.904%))
  Logic Levels:           1  (OBUF=1)
  Clock Uncertainty:      0.025ns  ((TSJ^2 + TIJ^2)^1/2 + DJ) / 2 + PE
    Total System Jitter     (TSJ):    0.050ns
    Total Input Jitter      (TIJ):    0.000ns
    Discrete Jitter          (DJ):    0.000ns
    Phase Error              (PE):    0.000ns

    Location             Delay type                Incr(ns)  Path(ns)    Netlist Resource(s)
  -------------------------------------------------------------------    -------------------
                         (clock clock rise edge)      0.000     0.000 r  
    AU32                                              0.000     0.000 r  clk (IN)
                         net (fo=0)                   0.000     0.000    clk
    AU32                                                              r  clk_IBUF_inst/I
    AU32                 IBUF (Prop_ibuf_I_O)         0.148     0.148 r  clk_IBUF_inst/O
                         net (fo=1, routed)           1.274     1.422    clk_IBUF
    BUFGCTRL_X0Y0                                                     r  clk_IBUF_BUFG_inst/I
    BUFGCTRL_X0Y0        BUFG (Prop_bufg_I_O)         0.026     1.448 r  clk_IBUF_BUFG_inst/O
                         net (fo=65, routed)          0.779     2.227    clk_IBUF_BUFG
    SLICE_X50Y38         FDRE                                         r  prod_reg[27]/C
  -------------------------------------------------------------------    -------------------
    SLICE_X50Y38         FDRE (Prop_fdre_C_Q)         0.118     2.345 r  prod_reg[27]/Q
                         net (fo=1, routed)           0.728     3.073    prod_OBUF[27]
    AW36                                                              r  prod_OBUF[27]_inst/I
    AW36                 OBUF (Prop_obuf_I_O)         1.182     4.255 r  prod_OBUF[27]_inst/O
                         net (fo=0)                   0.000     4.255    prod[27]
    AW36                                                              r  prod[27] (OUT)
  -------------------------------------------------------------------    -------------------

Slack:                    inf
  Source:                 prod_reg[11]/C
                            (rising edge-triggered cell FDRE clocked by clock  {rise@0.000ns fall@3.508ns period=7.017ns})
  Destination:            prod[11]
                            (output port)
  Path Group:             (none)
  Path Type:              Min at Fast Process Corner
  Data Path Delay:        2.086ns  (logic 1.252ns (59.999%)  route 0.835ns (40.001%))
  Logic Levels:           1  (OBUF=1)
  Clock Uncertainty:      0.025ns  ((TSJ^2 + TIJ^2)^1/2 + DJ) / 2 + PE
    Total System Jitter     (TSJ):    0.050ns
    Total Input Jitter      (TIJ):    0.000ns
    Discrete Jitter          (DJ):    0.000ns
    Phase Error              (PE):    0.000ns

    Location             Delay type                Incr(ns)  Path(ns)    Netlist Resource(s)
  -------------------------------------------------------------------    -------------------
                         (clock clock rise edge)      0.000     0.000 r  
    AU32                                              0.000     0.000 r  clk (IN)
                         net (fo=0)                   0.000     0.000    clk
    AU32                                                              r  clk_IBUF_inst/I
    AU32                 IBUF (Prop_ibuf_I_O)         0.148     0.148 r  clk_IBUF_inst/O
                         net (fo=1, routed)           1.274     1.422    clk_IBUF
    BUFGCTRL_X0Y0                                                     r  clk_IBUF_BUFG_inst/I
    BUFGCTRL_X0Y0        BUFG (Prop_bufg_I_O)         0.026     1.448 r  clk_IBUF_BUFG_inst/O
                         net (fo=65, routed)          0.777     2.225    clk_IBUF_BUFG
    SLICE_X49Y34         FDRE                                         r  prod_reg[11]/C
  -------------------------------------------------------------------    -------------------
    SLICE_X49Y34         FDRE (Prop_fdre_C_Q)         0.100     2.325 r  prod_reg[11]/Q
                         net (fo=1, routed)           0.835     3.160    prod_OBUF[11]
    AT35                                                              r  prod_OBUF[11]_inst/I
    AT35                 OBUF (Prop_obuf_I_O)         1.152     4.312 r  prod_OBUF[11]_inst/O
                         net (fo=0)                   0.000     4.312    prod[11]
    AT35                                                              r  prod[11] (OUT)
  -------------------------------------------------------------------    -------------------

Slack:                    inf
  Source:                 prod_reg[12]/C
                            (rising edge-triggered cell FDRE clocked by clock  {rise@0.000ns fall@3.508ns period=7.017ns})
  Destination:            prod[12]
                            (output port)
  Path Group:             (none)
  Path Type:              Min at Fast Process Corner
  Data Path Delay:        2.096ns  (logic 1.238ns (59.086%)  route 0.858ns (40.914%))
  Logic Levels:           1  (OBUF=1)
  Clock Uncertainty:      0.025ns  ((TSJ^2 + TIJ^2)^1/2 + DJ) / 2 + PE
    Total System Jitter     (TSJ):    0.050ns
    Total Input Jitter      (TIJ):    0.000ns
    Discrete Jitter          (DJ):    0.000ns
    Phase Error              (PE):    0.000ns

    Location             Delay type                Incr(ns)  Path(ns)    Netlist Resource(s)
  -------------------------------------------------------------------    -------------------
                         (clock clock rise edge)      0.000     0.000 r  
    AU32                                              0.000     0.000 r  clk (IN)
                         net (fo=0)                   0.000     0.000    clk
    AU32                                                              r  clk_IBUF_inst/I
    AU32                 IBUF (Prop_ibuf_I_O)         0.148     0.148 r  clk_IBUF_inst/O
                         net (fo=1, routed)           1.274     1.422    clk_IBUF
    BUFGCTRL_X0Y0                                                     r  clk_IBUF_BUFG_inst/I
    BUFGCTRL_X0Y0        BUFG (Prop_bufg_I_O)         0.026     1.448 r  clk_IBUF_BUFG_inst/O
                         net (fo=65, routed)          0.777     2.225    clk_IBUF_BUFG
    SLICE_X51Y34         FDRE                                         r  prod_reg[12]/C
  -------------------------------------------------------------------    -------------------
    SLICE_X51Y34         FDRE (Prop_fdre_C_Q)         0.100     2.325 r  prod_reg[12]/Q
                         net (fo=1, routed)           0.858     3.183    prod_OBUF[12]
    AR34                                                              r  prod_OBUF[12]_inst/I
    AR34                 OBUF (Prop_obuf_I_O)         1.138     4.321 r  prod_OBUF[12]_inst/O
                         net (fo=0)                   0.000     4.321    prod[12]
    AR34                                                              r  prod[12] (OUT)
  -------------------------------------------------------------------    -------------------

Slack:                    inf
  Source:                 prod_reg[25]/C
                            (rising edge-triggered cell FDRE clocked by clock  {rise@0.000ns fall@3.508ns period=7.017ns})
  Destination:            prod[25]
                            (output port)
  Path Group:             (none)
  Path Type:              Min at Fast Process Corner
  Data Path Delay:        2.123ns  (logic 1.293ns (60.913%)  route 0.830ns (39.087%))
  Logic Levels:           1  (OBUF=1)
  Clock Uncertainty:      0.025ns  ((TSJ^2 + TIJ^2)^1/2 + DJ) / 2 + PE
    Total System Jitter     (TSJ):    0.050ns
    Total Input Jitter      (TIJ):    0.000ns
    Discrete Jitter          (DJ):    0.000ns
    Phase Error              (PE):    0.000ns

    Location             Delay type                Incr(ns)  Path(ns)    Netlist Resource(s)
  -------------------------------------------------------------------    -------------------
                         (clock clock rise edge)      0.000     0.000 r  
    AU32                                              0.000     0.000 r  clk (IN)
                         net (fo=0)                   0.000     0.000    clk
    AU32                                                              r  clk_IBUF_inst/I
    AU32                 IBUF (Prop_ibuf_I_O)         0.148     0.148 r  clk_IBUF_inst/O
                         net (fo=1, routed)           1.274     1.422    clk_IBUF
    BUFGCTRL_X0Y0                                                     r  clk_IBUF_BUFG_inst/I
    BUFGCTRL_X0Y0        BUFG (Prop_bufg_I_O)         0.026     1.448 r  clk_IBUF_BUFG_inst/O
                         net (fo=65, routed)          0.779     2.227    clk_IBUF_BUFG
    SLICE_X51Y39         FDRE                                         r  prod_reg[25]/C
  -------------------------------------------------------------------    -------------------
    SLICE_X51Y39         FDRE (Prop_fdre_C_Q)         0.100     2.327 r  prod_reg[25]/Q
                         net (fo=1, routed)           0.830     3.157    prod_OBUF[25]
    BB34                                                              r  prod_OBUF[25]_inst/I
    BB34                 OBUF (Prop_obuf_I_O)         1.193     4.350 r  prod_OBUF[25]_inst/O
                         net (fo=0)                   0.000     4.350    prod[25]
    BB34                                                              r  prod[25] (OUT)
  -------------------------------------------------------------------    -------------------

Slack:                    inf
  Source:                 prod_reg[1]/C
                            (rising edge-triggered cell FDRE clocked by clock  {rise@0.000ns fall@3.508ns period=7.017ns})
  Destination:            prod[1]
                            (output port)
  Path Group:             (none)
  Path Type:              Min at Fast Process Corner
  Data Path Delay:        2.160ns  (logic 1.254ns (58.058%)  route 0.906ns (41.942%))
  Logic Levels:           1  (OBUF=1)
  Clock Uncertainty:      0.025ns  ((TSJ^2 + TIJ^2)^1/2 + DJ) / 2 + PE
    Total System Jitter     (TSJ):    0.050ns
    Total Input Jitter      (TIJ):    0.000ns
    Discrete Jitter          (DJ):    0.000ns
    Phase Error              (PE):    0.000ns

    Location             Delay type                Incr(ns)  Path(ns)    Netlist Resource(s)
  -------------------------------------------------------------------    -------------------
                         (clock clock rise edge)      0.000     0.000 r  
    AU32                                              0.000     0.000 r  clk (IN)
                         net (fo=0)                   0.000     0.000    clk
    AU32                                                              r  clk_IBUF_inst/I
    AU32                 IBUF (Prop_ibuf_I_O)         0.148     0.148 r  clk_IBUF_inst/O
                         net (fo=1, routed)           1.274     1.422    clk_IBUF
    BUFGCTRL_X0Y0                                                     r  clk_IBUF_BUFG_inst/I
    BUFGCTRL_X0Y0        BUFG (Prop_bufg_I_O)         0.026     1.448 r  clk_IBUF_BUFG_inst/O
                         net (fo=65, routed)          0.777     2.225    clk_IBUF_BUFG
    SLICE_X51Y36         FDRE                                         r  prod_reg[1]/C
  -------------------------------------------------------------------    -------------------
    SLICE_X51Y36         FDRE (Prop_fdre_C_Q)         0.100     2.325 r  prod_reg[1]/Q
                         net (fo=1, routed)           0.906     3.231    prod_OBUF[1]
    AW30                                                              r  prod_OBUF[1]_inst/I
    AW30                 OBUF (Prop_obuf_I_O)         1.154     4.385 r  prod_OBUF[1]_inst/O
                         net (fo=0)                   0.000     4.385    prod[1]
    AW30                                                              r  prod[1] (OUT)
  -------------------------------------------------------------------    -------------------

Slack:                    inf
  Source:                 prod_reg[3]/C
                            (rising edge-triggered cell FDRE clocked by clock  {rise@0.000ns fall@3.508ns period=7.017ns})
  Destination:            prod[3]
                            (output port)
  Path Group:             (none)
  Path Type:              Min at Fast Process Corner
  Data Path Delay:        2.339ns  (logic 1.293ns (55.264%)  route 1.046ns (44.736%))
  Logic Levels:           1  (OBUF=1)
  Clock Uncertainty:      0.025ns  ((TSJ^2 + TIJ^2)^1/2 + DJ) / 2 + PE
    Total System Jitter     (TSJ):    0.050ns
    Total Input Jitter      (TIJ):    0.000ns
    Discrete Jitter          (DJ):    0.000ns
    Phase Error              (PE):    0.000ns

    Location             Delay type                Incr(ns)  Path(ns)    Netlist Resource(s)
  -------------------------------------------------------------------    -------------------
                         (clock clock rise edge)      0.000     0.000 r  
    AU32                                              0.000     0.000 r  clk (IN)
                         net (fo=0)                   0.000     0.000    clk
    AU32                                                              r  clk_IBUF_inst/I
    AU32                 IBUF (Prop_ibuf_I_O)         0.148     0.148 r  clk_IBUF_inst/O
                         net (fo=1, routed)           1.274     1.422    clk_IBUF
    BUFGCTRL_X0Y0                                                     r  clk_IBUF_BUFG_inst/I
    BUFGCTRL_X0Y0        BUFG (Prop_bufg_I_O)         0.026     1.448 r  clk_IBUF_BUFG_inst/O
                         net (fo=65, routed)          0.777     2.225    clk_IBUF_BUFG
    SLICE_X50Y34         FDRE                                         r  prod_reg[3]/C
  -------------------------------------------------------------------    -------------------
    SLICE_X50Y34         FDRE (Prop_fdre_C_Q)         0.118     2.343 r  prod_reg[3]/Q
                         net (fo=1, routed)           1.046     3.389    prod_OBUF[3]
    BA31                                                              r  prod_OBUF[3]_inst/I
    BA31                 OBUF (Prop_obuf_I_O)         1.175     4.564 r  prod_OBUF[3]_inst/O
                         net (fo=0)                   0.000     4.564    prod[3]
    BA31                                                              r  prod[3] (OUT)
  -------------------------------------------------------------------    -------------------

Slack:                    inf
  Source:                 prod_reg[10]/C
                            (rising edge-triggered cell FDRE clocked by clock  {rise@0.000ns fall@3.508ns period=7.017ns})
  Destination:            prod[10]
                            (output port)
  Path Group:             (none)
  Path Type:              Min at Fast Process Corner
  Data Path Delay:        2.402ns  (logic 1.250ns (52.039%)  route 1.152ns (47.961%))
  Logic Levels:           1  (OBUF=1)
  Clock Uncertainty:      0.025ns  ((TSJ^2 + TIJ^2)^1/2 + DJ) / 2 + PE
    Total System Jitter     (TSJ):    0.050ns
    Total Input Jitter      (TIJ):    0.000ns
    Discrete Jitter          (DJ):    0.000ns
    Phase Error              (PE):    0.000ns

    Location             Delay type                Incr(ns)  Path(ns)    Netlist Resource(s)
  -------------------------------------------------------------------    -------------------
                         (clock clock rise edge)      0.000     0.000 r  
    AU32                                              0.000     0.000 r  clk (IN)
                         net (fo=0)                   0.000     0.000    clk
    AU32                                                              r  clk_IBUF_inst/I
    AU32                 IBUF (Prop_ibuf_I_O)         0.148     0.148 r  clk_IBUF_inst/O
                         net (fo=1, routed)           1.274     1.422    clk_IBUF
    BUFGCTRL_X0Y0                                                     r  clk_IBUF_BUFG_inst/I
    BUFGCTRL_X0Y0        BUFG (Prop_bufg_I_O)         0.026     1.448 r  clk_IBUF_BUFG_inst/O
                         net (fo=65, routed)          0.777     2.225    clk_IBUF_BUFG
    SLICE_X49Y36         FDRE                                         r  prod_reg[10]/C
  -------------------------------------------------------------------    -------------------
    SLICE_X49Y36         FDRE (Prop_fdre_C_Q)         0.100     2.325 r  prod_reg[10]/Q
                         net (fo=1, routed)           1.152     3.477    prod_OBUF[10]
    AV33                                                              r  prod_OBUF[10]_inst/I
    AV33                 OBUF (Prop_obuf_I_O)         1.150     4.627 r  prod_OBUF[10]_inst/O
                         net (fo=0)                   0.000     4.627    prod[10]
    AV33                                                              r  prod[10] (OUT)
  -------------------------------------------------------------------    -------------------





--------------------------------------------------------------------------------------
Path Group:  (none)
From Clock:  
  To Clock:  clock

Max Delay            33 Endpoints
Min Delay            33 Endpoints
--------------------------------------------------------------------------------------


Max Delay Paths
--------------------------------------------------------------------------------------
Slack:                    inf
  Source:                 b[15]
                            (input port)
  Destination:            b_reg_reg[15]/D
                            (rising edge-triggered cell FDRE clocked by clock  {rise@0.000ns fall@3.508ns period=7.017ns})
  Path Group:             (none)
  Path Type:              Setup (Max at Slow Process Corner)
  Data Path Delay:        2.386ns  (logic 0.626ns (26.229%)  route 1.760ns (73.771%))
  Logic Levels:           1  (IBUF=1)
  Clock Path Skew:        4.875ns (DCD - SCD + CPR)
    Destination Clock Delay (DCD):    4.875ns
    Source Clock Delay      (SCD):    0.000ns
    Clock Pessimism Removal (CPR):    0.000ns

    Location             Delay type                Incr(ns)  Path(ns)    Netlist Resource(s)
  -------------------------------------------------------------------    -------------------
    AN33                                              0.000     0.000 r  b[15] (IN)
                         net (fo=0)                   0.000     0.000    b[15]
    AN33                                                              r  b_IBUF[15]_inst/I
    AN33                 IBUF (Prop_ibuf_I_O)         0.626     0.626 r  b_IBUF[15]_inst/O
                         net (fo=1, routed)           1.760     2.386    b_IBUF[15]
    SLICE_X45Y37         FDRE                                         r  b_reg_reg[15]/D
  -------------------------------------------------------------------    -------------------

                         (clock clock rise edge)      0.000     0.000 r  
    AU32                                              0.000     0.000 r  clk (IN)
                         net (fo=0)                   0.000     0.000    clk
    AU32                                                              r  clk_IBUF_inst/I
    AU32                 IBUF (Prop_ibuf_I_O)         0.535     0.535 r  clk_IBUF_inst/O
                         net (fo=1, routed)           2.510     3.045    clk_IBUF
    BUFGCTRL_X0Y0                                                     r  clk_IBUF_BUFG_inst/I
    BUFGCTRL_X0Y0        BUFG (Prop_bufg_I_O)         0.083     3.128 r  clk_IBUF_BUFG_inst/O
                         net (fo=65, routed)          1.747     4.875    clk_IBUF_BUFG
    SLICE_X45Y37         FDRE                                         r  b_reg_reg[15]/C

Slack:                    inf
  Source:                 b[13]
                            (input port)
  Destination:            b_reg_reg[13]/D
                            (rising edge-triggered cell FDRE clocked by clock  {rise@0.000ns fall@3.508ns period=7.017ns})
  Path Group:             (none)
  Path Type:              Setup (Max at Slow Process Corner)
  Data Path Delay:        2.352ns  (logic 0.600ns (25.500%)  route 1.753ns (74.500%))
  Logic Levels:           1  (IBUF=1)
  Clock Path Skew:        4.875ns (DCD - SCD + CPR)
    Destination Clock Delay (DCD):    4.875ns
    Source Clock Delay      (SCD):    0.000ns
    Clock Pessimism Removal (CPR):    0.000ns

    Location             Delay type                Incr(ns)  Path(ns)    Netlist Resource(s)
  -------------------------------------------------------------------    -------------------
    AL30                                              0.000     0.000 r  b[13] (IN)
                         net (fo=0)                   0.000     0.000    b[13]
    AL30                                                              r  b_IBUF[13]_inst/I
    AL30                 IBUF (Prop_ibuf_I_O)         0.600     0.600 r  b_IBUF[13]_inst/O
                         net (fo=1, routed)           1.753     2.352    b_IBUF[13]
    SLICE_X45Y36         FDRE                                         r  b_reg_reg[13]/D
  -------------------------------------------------------------------    -------------------

                         (clock clock rise edge)      0.000     0.000 r  
    AU32                                              0.000     0.000 r  clk (IN)
                         net (fo=0)                   0.000     0.000    clk
    AU32                                                              r  clk_IBUF_inst/I
    AU32                 IBUF (Prop_ibuf_I_O)         0.535     0.535 r  clk_IBUF_inst/O
                         net (fo=1, routed)           2.510     3.045    clk_IBUF
    BUFGCTRL_X0Y0                                                     r  clk_IBUF_BUFG_inst/I
    BUFGCTRL_X0Y0        BUFG (Prop_bufg_I_O)         0.083     3.128 r  clk_IBUF_BUFG_inst/O
                         net (fo=65, routed)          1.747     4.875    clk_IBUF_BUFG
    SLICE_X45Y36         FDRE                                         r  b_reg_reg[13]/C

Slack:                    inf
  Source:                 b[12]
                            (input port)
  Destination:            b_reg_reg[12]/D
                            (rising edge-triggered cell FDRE clocked by clock  {rise@0.000ns fall@3.508ns period=7.017ns})
  Path Group:             (none)
  Path Type:              Setup (Max at Slow Process Corner)
  Data Path Delay:        2.225ns  (logic 0.614ns (27.591%)  route 1.611ns (72.409%))
  Logic Levels:           1  (IBUF=1)
  Clock Path Skew:        4.875ns (DCD - SCD + CPR)
    Destination Clock Delay (DCD):    4.875ns
    Source Clock Delay      (SCD):    0.000ns
    Clock Pessimism Removal (CPR):    0.000ns

    Location             Delay type                Incr(ns)  Path(ns)    Netlist Resource(s)
  -------------------------------------------------------------------    -------------------
    AH29                                              0.000     0.000 r  b[12] (IN)
                         net (fo=0)                   0.000     0.000    b[12]
    AH29                                                              r  b_IBUF[12]_inst/I
    AH29                 IBUF (Prop_ibuf_I_O)         0.614     0.614 r  b_IBUF[12]_inst/O
                         net (fo=1, routed)           1.611     2.225    b_IBUF[12]
    SLICE_X45Y36         FDRE                                         r  b_reg_reg[12]/D
  -------------------------------------------------------------------    -------------------

                         (clock clock rise edge)      0.000     0.000 r  
    AU32                                              0.000     0.000 r  clk (IN)
                         net (fo=0)                   0.000     0.000    clk
    AU32                                                              r  clk_IBUF_inst/I
    AU32                 IBUF (Prop_ibuf_I_O)         0.535     0.535 r  clk_IBUF_inst/O
                         net (fo=1, routed)           2.510     3.045    clk_IBUF
    BUFGCTRL_X0Y0                                                     r  clk_IBUF_BUFG_inst/I
    BUFGCTRL_X0Y0        BUFG (Prop_bufg_I_O)         0.083     3.128 r  clk_IBUF_BUFG_inst/O
                         net (fo=65, routed)          1.747     4.875    clk_IBUF_BUFG
    SLICE_X45Y36         FDRE                                         r  b_reg_reg[12]/C

Slack:                    inf
  Source:                 b[11]
                            (input port)
  Destination:            b_reg_reg[11]/D
                            (rising edge-triggered cell FDRE clocked by clock  {rise@0.000ns fall@3.508ns period=7.017ns})
  Path Group:             (none)
  Path Type:              Setup (Max at Slow Process Corner)
  Data Path Delay:        2.211ns  (logic 0.597ns (26.993%)  route 1.615ns (73.007%))
  Logic Levels:           1  (IBUF=1)
  Clock Path Skew:        4.875ns (DCD - SCD + CPR)
    Destination Clock Delay (DCD):    4.875ns
    Source Clock Delay      (SCD):    0.000ns
    Clock Pessimism Removal (CPR):    0.000ns

    Location             Delay type                Incr(ns)  Path(ns)    Netlist Resource(s)
  -------------------------------------------------------------------    -------------------
    AH30                                              0.000     0.000 r  b[11] (IN)
                         net (fo=0)                   0.000     0.000    b[11]
    AH30                                                              r  b_IBUF[11]_inst/I
    AH30                 IBUF (Prop_ibuf_I_O)         0.597     0.597 r  b_IBUF[11]_inst/O
                         net (fo=1, routed)           1.615     2.211    b_IBUF[11]
    SLICE_X44Y36         FDRE                                         r  b_reg_reg[11]/D
  -------------------------------------------------------------------    -------------------

                         (clock clock rise edge)      0.000     0.000 r  
    AU32                                              0.000     0.000 r  clk (IN)
                         net (fo=0)                   0.000     0.000    clk
    AU32                                                              r  clk_IBUF_inst/I
    AU32                 IBUF (Prop_ibuf_I_O)         0.535     0.535 r  clk_IBUF_inst/O
                         net (fo=1, routed)           2.510     3.045    clk_IBUF
    BUFGCTRL_X0Y0                                                     r  clk_IBUF_BUFG_inst/I
    BUFGCTRL_X0Y0        BUFG (Prop_bufg_I_O)         0.083     3.128 r  clk_IBUF_BUFG_inst/O
                         net (fo=65, routed)          1.747     4.875    clk_IBUF_BUFG
    SLICE_X44Y36         FDRE                                         r  b_reg_reg[11]/C

Slack:                    inf
  Source:                 a[12]
                            (input port)
  Destination:            a_reg_reg[12]/D
                            (rising edge-triggered cell FDRE clocked by clock  {rise@0.000ns fall@3.508ns period=7.017ns})
  Path Group:             (none)
  Path Type:              Setup (Max at Slow Process Corner)
  Data Path Delay:        2.158ns  (logic 0.626ns (28.991%)  route 1.533ns (71.009%))
  Logic Levels:           1  (IBUF=1)
  Clock Path Skew:        4.855ns (DCD - SCD + CPR)
    Destination Clock Delay (DCD):    4.855ns
    Source Clock Delay      (SCD):    0.000ns
    Clock Pessimism Removal (CPR):    0.000ns

    Location             Delay type                Incr(ns)  Path(ns)    Netlist Resource(s)
  -------------------------------------------------------------------    -------------------
    AR30                                              0.000     0.000 r  a[12] (IN)
                         net (fo=0)                   0.000     0.000    a[12]
    AR30                                                              r  a_IBUF[12]_inst/I
    AR30                 IBUF (Prop_ibuf_I_O)         0.626     0.626 r  a_IBUF[12]_inst/O
                         net (fo=1, routed)           1.533     2.158    a_IBUF[12]
    SLICE_X49Y29         FDRE                                         r  a_reg_reg[12]/D
  -------------------------------------------------------------------    -------------------

                         (clock clock rise edge)      0.000     0.000 r  
    AU32                                              0.000     0.000 r  clk (IN)
                         net (fo=0)                   0.000     0.000    clk
    AU32                                                              r  clk_IBUF_inst/I
    AU32                 IBUF (Prop_ibuf_I_O)         0.535     0.535 r  clk_IBUF_inst/O
                         net (fo=1, routed)           2.510     3.045    clk_IBUF
    BUFGCTRL_X0Y0                                                     r  clk_IBUF_BUFG_inst/I
    BUFGCTRL_X0Y0        BUFG (Prop_bufg_I_O)         0.083     3.128 r  clk_IBUF_BUFG_inst/O
                         net (fo=65, routed)          1.727     4.855    clk_IBUF_BUFG
    SLICE_X49Y29         FDRE                                         r  a_reg_reg[12]/C

Slack:                    inf
  Source:                 b[14]
                            (input port)
  Destination:            b_reg_reg[14]/D
                            (rising edge-triggered cell FDRE clocked by clock  {rise@0.000ns fall@3.508ns period=7.017ns})
  Path Group:             (none)
  Path Type:              Setup (Max at Slow Process Corner)
  Data Path Delay:        2.022ns  (logic 0.607ns (30.006%)  route 1.416ns (69.994%))
  Logic Levels:           1  (IBUF=1)
  Clock Path Skew:        4.875ns (DCD - SCD + CPR)
    Destination Clock Delay (DCD):    4.875ns
    Source Clock Delay      (SCD):    0.000ns
    Clock Pessimism Removal (CPR):    0.000ns

    Location             Delay type                Incr(ns)  Path(ns)    Netlist Resource(s)
  -------------------------------------------------------------------    -------------------
    AL29                                              0.000     0.000 r  b[14] (IN)
                         net (fo=0)                   0.000     0.000    b[14]
    AL29                                                              r  b_IBUF[14]_inst/I
    AL29                 IBUF (Prop_ibuf_I_O)         0.607     0.607 r  b_IBUF[14]_inst/O
                         net (fo=1, routed)           1.416     2.022    b_IBUF[14]
    SLICE_X44Y36         FDRE                                         r  b_reg_reg[14]/D
  -------------------------------------------------------------------    -------------------

                         (clock clock rise edge)      0.000     0.000 r  
    AU32                                              0.000     0.000 r  clk (IN)
                         net (fo=0)                   0.000     0.000    clk
    AU32                                                              r  clk_IBUF_inst/I
    AU32                 IBUF (Prop_ibuf_I_O)         0.535     0.535 r  clk_IBUF_inst/O
                         net (fo=1, routed)           2.510     3.045    clk_IBUF
    BUFGCTRL_X0Y0                                                     r  clk_IBUF_BUFG_inst/I
    BUFGCTRL_X0Y0        BUFG (Prop_bufg_I_O)         0.083     3.128 r  clk_IBUF_BUFG_inst/O
                         net (fo=65, routed)          1.747     4.875    clk_IBUF_BUFG
    SLICE_X44Y36         FDRE                                         r  b_reg_reg[14]/C

Slack:                    inf
  Source:                 b[1]
                            (input port)
  Destination:            b_reg_reg[1]/D
                            (rising edge-triggered cell FDRE clocked by clock  {rise@0.000ns fall@3.508ns period=7.017ns})
  Path Group:             (none)
  Path Type:              Setup (Max at Slow Process Corner)
  Data Path Delay:        1.987ns  (logic 0.566ns (28.471%)  route 1.422ns (71.529%))
  Logic Levels:           1  (IBUF=1)
  Clock Path Skew:        4.874ns (DCD - SCD + CPR)
    Destination Clock Delay (DCD):    4.874ns
    Source Clock Delay      (SCD):    0.000ns
    Clock Pessimism Removal (CPR):    0.000ns

    Location             Delay type                Incr(ns)  Path(ns)    Netlist Resource(s)
  -------------------------------------------------------------------    -------------------
    AJ28                                              0.000     0.000 r  b[1] (IN)
                         net (fo=0)                   0.000     0.000    b[1]
    AJ28                                                              r  b_IBUF[1]_inst/I
    AJ28                 IBUF (Prop_ibuf_I_O)         0.566     0.566 r  b_IBUF[1]_inst/O
                         net (fo=1, routed)           1.422     1.987    b_IBUF[1]
    SLICE_X44Y35         FDRE                                         r  b_reg_reg[1]/D
  -------------------------------------------------------------------    -------------------

                         (clock clock rise edge)      0.000     0.000 r  
    AU32                                              0.000     0.000 r  clk (IN)
                         net (fo=0)                   0.000     0.000    clk
    AU32                                                              r  clk_IBUF_inst/I
    AU32                 IBUF (Prop_ibuf_I_O)         0.535     0.535 r  clk_IBUF_inst/O
                         net (fo=1, routed)           2.510     3.045    clk_IBUF
    BUFGCTRL_X0Y0                                                     r  clk_IBUF_BUFG_inst/I
    BUFGCTRL_X0Y0        BUFG (Prop_bufg_I_O)         0.083     3.128 r  clk_IBUF_BUFG_inst/O
                         net (fo=65, routed)          1.746     4.874    clk_IBUF_BUFG
    SLICE_X44Y35         FDRE                                         r  b_reg_reg[1]/C

Slack:                    inf
  Source:                 a[4]
                            (input port)
  Destination:            a_reg_reg[4]/D
                            (rising edge-triggered cell FDRE clocked by clock  {rise@0.000ns fall@3.508ns period=7.017ns})
  Path Group:             (none)
  Path Type:              Setup (Max at Slow Process Corner)
  Data Path Delay:        1.945ns  (logic 0.608ns (31.242%)  route 1.337ns (68.758%))
  Logic Levels:           1  (IBUF=1)
  Clock Path Skew:        4.856ns (DCD - SCD + CPR)
    Destination Clock Delay (DCD):    4.856ns
    Source Clock Delay      (SCD):    0.000ns
    Clock Pessimism Removal (CPR):    0.000ns

    Location             Delay type                Incr(ns)  Path(ns)    Netlist Resource(s)
  -------------------------------------------------------------------    -------------------
    AN31                                              0.000     0.000 r  a[4] (IN)
                         net (fo=0)                   0.000     0.000    a[4]
    AN31                                                              r  a_IBUF[4]_inst/I
    AN31                 IBUF (Prop_ibuf_I_O)         0.608     0.608 r  a_IBUF[4]_inst/O
                         net (fo=1, routed)           1.337     1.945    a_IBUF[4]
    SLICE_X48Y30         FDRE                                         r  a_reg_reg[4]/D
  -------------------------------------------------------------------    -------------------

                         (clock clock rise edge)      0.000     0.000 r  
    AU32                                              0.000     0.000 r  clk (IN)
                         net (fo=0)                   0.000     0.000    clk
    AU32                                                              r  clk_IBUF_inst/I
    AU32                 IBUF (Prop_ibuf_I_O)         0.535     0.535 r  clk_IBUF_inst/O
                         net (fo=1, routed)           2.510     3.045    clk_IBUF
    BUFGCTRL_X0Y0                                                     r  clk_IBUF_BUFG_inst/I
    BUFGCTRL_X0Y0        BUFG (Prop_bufg_I_O)         0.083     3.128 r  clk_IBUF_BUFG_inst/O
                         net (fo=65, routed)          1.728     4.856    clk_IBUF_BUFG
    SLICE_X48Y30         FDRE                                         r  a_reg_reg[4]/C

Slack:                    inf
  Source:                 b[10]
                            (input port)
  Destination:            b_reg_reg[10]/D
                            (rising edge-triggered cell FDRE clocked by clock  {rise@0.000ns fall@3.508ns period=7.017ns})
  Path Group:             (none)
  Path Type:              Setup (Max at Slow Process Corner)
  Data Path Delay:        1.927ns  (logic 0.586ns (30.421%)  route 1.341ns (69.579%))
  Logic Levels:           1  (IBUF=1)
  Clock Path Skew:        4.875ns (DCD - SCD + CPR)
    Destination Clock Delay (DCD):    4.875ns
    Source Clock Delay      (SCD):    0.000ns
    Clock Pessimism Removal (CPR):    0.000ns

    Location             Delay type                Incr(ns)  Path(ns)    Netlist Resource(s)
  -------------------------------------------------------------------    -------------------
    AJ30                                              0.000     0.000 r  b[10] (IN)
                         net (fo=0)                   0.000     0.000    b[10]
    AJ30                                                              r  b_IBUF[10]_inst/I
    AJ30                 IBUF (Prop_ibuf_I_O)         0.586     0.586 r  b_IBUF[10]_inst/O
                         net (fo=1, routed)           1.341     1.927    b_IBUF[10]
    SLICE_X44Y38         FDRE                                         r  b_reg_reg[10]/D
  -------------------------------------------------------------------    -------------------

                         (clock clock rise edge)      0.000     0.000 r  
    AU32                                              0.000     0.000 r  clk (IN)
                         net (fo=0)                   0.000     0.000    clk
    AU32                                                              r  clk_IBUF_inst/I
    AU32                 IBUF (Prop_ibuf_I_O)         0.535     0.535 r  clk_IBUF_inst/O
                         net (fo=1, routed)           2.510     3.045    clk_IBUF
    BUFGCTRL_X0Y0                                                     r  clk_IBUF_BUFG_inst/I
    BUFGCTRL_X0Y0        BUFG (Prop_bufg_I_O)         0.083     3.128 r  clk_IBUF_BUFG_inst/O
                         net (fo=65, routed)          1.747     4.875    clk_IBUF_BUFG
    SLICE_X44Y38         FDRE                                         r  b_reg_reg[10]/C

Slack:                    inf
  Source:                 b[9]
                            (input port)
  Destination:            b_reg_reg[9]/D
                            (rising edge-triggered cell FDRE clocked by clock  {rise@0.000ns fall@3.508ns period=7.017ns})
  Path Group:             (none)
  Path Type:              Setup (Max at Slow Process Corner)
  Data Path Delay:        1.917ns  (logic 0.587ns (30.613%)  route 1.330ns (69.387%))
  Logic Levels:           1  (IBUF=1)
  Clock Path Skew:        4.875ns (DCD - SCD + CPR)
    Destination Clock Delay (DCD):    4.875ns
    Source Clock Delay      (SCD):    0.000ns
    Clock Pessimism Removal (CPR):    0.000ns

    Location             Delay type                Incr(ns)  Path(ns)    Netlist Resource(s)
  -------------------------------------------------------------------    -------------------
    AK30                                              0.000     0.000 r  b[9] (IN)
                         net (fo=0)                   0.000     0.000    b[9]
    AK30                                                              r  b_IBUF[9]_inst/I
    AK30                 IBUF (Prop_ibuf_I_O)         0.587     0.587 r  b_IBUF[9]_inst/O
                         net (fo=1, routed)           1.330     1.917    b_IBUF[9]
    SLICE_X45Y38         FDRE                                         r  b_reg_reg[9]/D
  -------------------------------------------------------------------    -------------------

                         (clock clock rise edge)      0.000     0.000 r  
    AU32                                              0.000     0.000 r  clk (IN)
                         net (fo=0)                   0.000     0.000    clk
    AU32                                                              r  clk_IBUF_inst/I
    AU32                 IBUF (Prop_ibuf_I_O)         0.535     0.535 r  clk_IBUF_inst/O
                         net (fo=1, routed)           2.510     3.045    clk_IBUF
    BUFGCTRL_X0Y0                                                     r  clk_IBUF_BUFG_inst/I
    BUFGCTRL_X0Y0        BUFG (Prop_bufg_I_O)         0.083     3.128 r  clk_IBUF_BUFG_inst/O
                         net (fo=65, routed)          1.747     4.875    clk_IBUF_BUFG
    SLICE_X45Y38         FDRE                                         r  b_reg_reg[9]/C

Slack:                    inf
  Source:                 b[8]
                            (input port)
  Destination:            b_reg_reg[8]/D
                            (rising edge-triggered cell FDRE clocked by clock  {rise@0.000ns fall@3.508ns period=7.017ns})
  Path Group:             (none)
  Path Type:              Setup (Max at Slow Process Corner)
  Data Path Delay:        1.882ns  (logic 0.592ns (31.455%)  route 1.290ns (68.545%))
  Logic Levels:           1  (IBUF=1)
  Clock Path Skew:        4.875ns (DCD - SCD + CPR)
    Destination Clock Delay (DCD):    4.875ns
    Source Clock Delay      (SCD):    0.000ns
    Clock Pessimism Removal (CPR):    0.000ns

    Location             Delay type                Incr(ns)  Path(ns)    Netlist Resource(s)
  -------------------------------------------------------------------    -------------------
    AF29                                              0.000     0.000 r  b[8] (IN)
                         net (fo=0)                   0.000     0.000    b[8]
    AF29                                                              r  b_IBUF[8]_inst/I
    AF29                 IBUF (Prop_ibuf_I_O)         0.592     0.592 r  b_IBUF[8]_inst/O
                         net (fo=1, routed)           1.290     1.882    b_IBUF[8]
    SLICE_X47Y38         FDRE                                         r  b_reg_reg[8]/D
  -------------------------------------------------------------------    -------------------

                         (clock clock rise edge)      0.000     0.000 r  
    AU32                                              0.000     0.000 r  clk (IN)
                         net (fo=0)                   0.000     0.000    clk
    AU32                                                              r  clk_IBUF_inst/I
    AU32                 IBUF (Prop_ibuf_I_O)         0.535     0.535 r  clk_IBUF_inst/O
                         net (fo=1, routed)           2.510     3.045    clk_IBUF
    BUFGCTRL_X0Y0                                                     r  clk_IBUF_BUFG_inst/I
    BUFGCTRL_X0Y0        BUFG (Prop_bufg_I_O)         0.083     3.128 r  clk_IBUF_BUFG_inst/O
                         net (fo=65, routed)          1.747     4.875    clk_IBUF_BUFG
    SLICE_X47Y38         FDRE                                         r  b_reg_reg[8]/C

Slack:                    inf
  Source:                 a[0]
                            (input port)
  Destination:            a_reg_reg[0]/D
                            (rising edge-triggered cell FDRE clocked by clock  {rise@0.000ns fall@3.508ns period=7.017ns})
  Path Group:             (none)
  Path Type:              Setup (Max at Slow Process Corner)
  Data Path Delay:        1.859ns  (logic 0.618ns (33.218%)  route 1.242ns (66.782%))
  Logic Levels:           1  (IBUF=1)
  Clock Path Skew:        4.855ns (DCD - SCD + CPR)
    Destination Clock Delay (DCD):    4.855ns
    Source Clock Delay      (SCD):    0.000ns
    Clock Pessimism Removal (CPR):    0.000ns

    Location             Delay type                Incr(ns)  Path(ns)    Netlist Resource(s)
  -------------------------------------------------------------------    -------------------
    AT31                                              0.000     0.000 r  a[0] (IN)
                         net (fo=0)                   0.000     0.000    a[0]
    AT31                                                              r  a_IBUF[0]_inst/I
    AT31                 IBUF (Prop_ibuf_I_O)         0.618     0.618 r  a_IBUF[0]_inst/O
                         net (fo=1, routed)           1.242     1.859    a_IBUF[0]
    SLICE_X48Y29         FDRE                                         r  a_reg_reg[0]/D
  -------------------------------------------------------------------    -------------------

                         (clock clock rise edge)      0.000     0.000 r  
    AU32                                              0.000     0.000 r  clk (IN)
                         net (fo=0)                   0.000     0.000    clk
    AU32                                                              r  clk_IBUF_inst/I
    AU32                 IBUF (Prop_ibuf_I_O)         0.535     0.535 r  clk_IBUF_inst/O
                         net (fo=1, routed)           2.510     3.045    clk_IBUF
    BUFGCTRL_X0Y0                                                     r  clk_IBUF_BUFG_inst/I
    BUFGCTRL_X0Y0        BUFG (Prop_bufg_I_O)         0.083     3.128 r  clk_IBUF_BUFG_inst/O
                         net (fo=65, routed)          1.727     4.855    clk_IBUF_BUFG
    SLICE_X48Y29         FDRE                                         r  a_reg_reg[0]/C

Slack:                    inf
  Source:                 a[9]
                            (input port)
  Destination:            a_reg_reg[9]/D
                            (rising edge-triggered cell FDRE clocked by clock  {rise@0.000ns fall@3.508ns period=7.017ns})
  Path Group:             (none)
  Path Type:              Setup (Max at Slow Process Corner)
  Data Path Delay:        1.854ns  (logic 0.644ns (34.733%)  route 1.210ns (65.267%))
  Logic Levels:           1  (IBUF=1)
  Clock Path Skew:        4.855ns (DCD - SCD + CPR)
    Destination Clock Delay (DCD):    4.855ns
    Source Clock Delay      (SCD):    0.000ns
    Clock Pessimism Removal (CPR):    0.000ns

    Location             Delay type                Incr(ns)  Path(ns)    Netlist Resource(s)
  -------------------------------------------------------------------    -------------------
    AV31                                              0.000     0.000 r  a[9] (IN)
                         net (fo=0)                   0.000     0.000    a[9]
    AV31                                                              r  a_IBUF[9]_inst/I
    AV31                 IBUF (Prop_ibuf_I_O)         0.644     0.644 r  a_IBUF[9]_inst/O
                         net (fo=1, routed)           1.210     1.854    a_IBUF[9]
    SLICE_X48Y29         FDRE                                         r  a_reg_reg[9]/D
  -------------------------------------------------------------------    -------------------

                         (clock clock rise edge)      0.000     0.000 r  
    AU32                                              0.000     0.000 r  clk (IN)
                         net (fo=0)                   0.000     0.000    clk
    AU32                                                              r  clk_IBUF_inst/I
    AU32                 IBUF (Prop_ibuf_I_O)         0.535     0.535 r  clk_IBUF_inst/O
                         net (fo=1, routed)           2.510     3.045    clk_IBUF
    BUFGCTRL_X0Y0                                                     r  clk_IBUF_BUFG_inst/I
    BUFGCTRL_X0Y0        BUFG (Prop_bufg_I_O)         0.083     3.128 r  clk_IBUF_BUFG_inst/O
                         net (fo=65, routed)          1.727     4.855    clk_IBUF_BUFG
    SLICE_X48Y29         FDRE                                         r  a_reg_reg[9]/C

Slack:                    inf
  Source:                 b[7]
                            (input port)
  Destination:            b_reg_reg[7]/D
                            (rising edge-triggered cell FDRE clocked by clock  {rise@0.000ns fall@3.508ns period=7.017ns})
  Path Group:             (none)
  Path Type:              Setup (Max at Slow Process Corner)
  Data Path Delay:        1.852ns  (logic 0.588ns (31.756%)  route 1.264ns (68.244%))
  Logic Levels:           1  (IBUF=1)
  Clock Path Skew:        4.875ns (DCD - SCD + CPR)
    Destination Clock Delay (DCD):    4.875ns
    Source Clock Delay      (SCD):    0.000ns
    Clock Pessimism Removal (CPR):    0.000ns

    Location             Delay type                Incr(ns)  Path(ns)    Netlist Resource(s)
  -------------------------------------------------------------------    -------------------
    AG29                                              0.000     0.000 r  b[7] (IN)
                         net (fo=0)                   0.000     0.000    b[7]
    AG29                                                              r  b_IBUF[7]_inst/I
    AG29                 IBUF (Prop_ibuf_I_O)         0.588     0.588 r  b_IBUF[7]_inst/O
                         net (fo=1, routed)           1.264     1.852    b_IBUF[7]
    SLICE_X44Y37         FDRE                                         r  b_reg_reg[7]/D
  -------------------------------------------------------------------    -------------------

                         (clock clock rise edge)      0.000     0.000 r  
    AU32                                              0.000     0.000 r  clk (IN)
                         net (fo=0)                   0.000     0.000    clk
    AU32                                                              r  clk_IBUF_inst/I
    AU32                 IBUF (Prop_ibuf_I_O)         0.535     0.535 r  clk_IBUF_inst/O
                         net (fo=1, routed)           2.510     3.045    clk_IBUF
    BUFGCTRL_X0Y0                                                     r  clk_IBUF_BUFG_inst/I
    BUFGCTRL_X0Y0        BUFG (Prop_bufg_I_O)         0.083     3.128 r  clk_IBUF_BUFG_inst/O
                         net (fo=65, routed)          1.747     4.875    clk_IBUF_BUFG
    SLICE_X44Y37         FDRE                                         r  b_reg_reg[7]/C

Slack:                    inf
  Source:                 b[5]
                            (input port)
  Destination:            b_reg_reg[5]/D
                            (rising edge-triggered cell FDRE clocked by clock  {rise@0.000ns fall@3.508ns period=7.017ns})
  Path Group:             (none)
  Path Type:              Setup (Max at Slow Process Corner)
  Data Path Delay:        1.845ns  (logic 0.584ns (31.662%)  route 1.261ns (68.338%))
  Logic Levels:           1  (IBUF=1)
  Clock Path Skew:        4.875ns (DCD - SCD + CPR)
    Destination Clock Delay (DCD):    4.875ns
    Source Clock Delay      (SCD):    0.000ns
    Clock Pessimism Removal (CPR):    0.000ns

    Location             Delay type                Incr(ns)  Path(ns)    Netlist Resource(s)
  -------------------------------------------------------------------    -------------------
    AK29                                              0.000     0.000 r  b[5] (IN)
                         net (fo=0)                   0.000     0.000    b[5]
    AK29                                                              r  b_IBUF[5]_inst/I
    AK29                 IBUF (Prop_ibuf_I_O)         0.584     0.584 r  b_IBUF[5]_inst/O
                         net (fo=1, routed)           1.261     1.845    b_IBUF[5]
    SLICE_X47Y38         FDRE                                         r  b_reg_reg[5]/D
  -------------------------------------------------------------------    -------------------

                         (clock clock rise edge)      0.000     0.000 r  
    AU32                                              0.000     0.000 r  clk (IN)
                         net (fo=0)                   0.000     0.000    clk
    AU32                                                              r  clk_IBUF_inst/I
    AU32                 IBUF (Prop_ibuf_I_O)         0.535     0.535 r  clk_IBUF_inst/O
                         net (fo=1, routed)           2.510     3.045    clk_IBUF
    BUFGCTRL_X0Y0                                                     r  clk_IBUF_BUFG_inst/I
    BUFGCTRL_X0Y0        BUFG (Prop_bufg_I_O)         0.083     3.128 r  clk_IBUF_BUFG_inst/O
                         net (fo=65, routed)          1.747     4.875    clk_IBUF_BUFG
    SLICE_X47Y38         FDRE                                         r  b_reg_reg[5]/C

Slack:                    inf
  Source:                 a[8]
                            (input port)
  Destination:            a_reg_reg[8]/D
                            (rising edge-triggered cell FDRE clocked by clock  {rise@0.000ns fall@3.508ns period=7.017ns})
  Path Group:             (none)
  Path Type:              Setup (Max at Slow Process Corner)
  Data Path Delay:        1.833ns  (logic 0.622ns (33.912%)  route 1.211ns (66.088%))
  Logic Levels:           1  (IBUF=1)
  Clock Path Skew:        4.855ns (DCD - SCD + CPR)
    Destination Clock Delay (DCD):    4.855ns
    Source Clock Delay      (SCD):    0.000ns
    Clock Pessimism Removal (CPR):    0.000ns

    Location             Delay type                Incr(ns)  Path(ns)    Netlist Resource(s)
  -------------------------------------------------------------------    -------------------
    AN30                                              0.000     0.000 r  a[8] (IN)
                         net (fo=0)                   0.000     0.000    a[8]
    AN30                                                              r  a_IBUF[8]_inst/I
    AN30                 IBUF (Prop_ibuf_I_O)         0.622     0.622 r  a_IBUF[8]_inst/O
                         net (fo=1, routed)           1.211     1.833    a_IBUF[8]
    SLICE_X51Y29         FDRE                                         r  a_reg_reg[8]/D
  -------------------------------------------------------------------    -------------------

                         (clock clock rise edge)      0.000     0.000 r  
    AU32                                              0.000     0.000 r  clk (IN)
                         net (fo=0)                   0.000     0.000    clk
    AU32                                                              r  clk_IBUF_inst/I
    AU32                 IBUF (Prop_ibuf_I_O)         0.535     0.535 r  clk_IBUF_inst/O
                         net (fo=1, routed)           2.510     3.045    clk_IBUF
    BUFGCTRL_X0Y0                                                     r  clk_IBUF_BUFG_inst/I
    BUFGCTRL_X0Y0        BUFG (Prop_bufg_I_O)         0.083     3.128 r  clk_IBUF_BUFG_inst/O
                         net (fo=65, routed)          1.727     4.855    clk_IBUF_BUFG
    SLICE_X51Y29         FDRE                                         r  a_reg_reg[8]/C

Slack:                    inf
  Source:                 func
                            (input port)
  Destination:            func_reg_reg/D
                            (rising edge-triggered cell FDRE clocked by clock  {rise@0.000ns fall@3.508ns period=7.017ns})
  Path Group:             (none)
  Path Type:              Setup (Max at Slow Process Corner)
  Data Path Delay:        1.830ns  (logic 0.670ns (36.594%)  route 1.160ns (63.406%))
  Logic Levels:           1  (IBUF=1)
  Clock Path Skew:        4.870ns (DCD - SCD + CPR)
    Destination Clock Delay (DCD):    4.870ns
    Source Clock Delay      (SCD):    0.000ns
    Clock Pessimism Removal (CPR):    0.000ns

    Location             Delay type                Incr(ns)  Path(ns)    Netlist Resource(s)
  -------------------------------------------------------------------    -------------------
    BA30                                              0.000     0.000 r  func (IN)
                         net (fo=0)                   0.000     0.000    func
    BA30                                                              r  func_IBUF_inst/I
    BA30                 IBUF (Prop_ibuf_I_O)         0.670     0.670 r  func_IBUF_inst/O
                         net (fo=1, routed)           1.160     1.830    func_IBUF
    SLICE_X47Y30         FDRE                                         r  func_reg_reg/D
  -------------------------------------------------------------------    -------------------

                         (clock clock rise edge)      0.000     0.000 r  
    AU32                                              0.000     0.000 r  clk (IN)
                         net (fo=0)                   0.000     0.000    clk
    AU32                                                              r  clk_IBUF_inst/I
    AU32                 IBUF (Prop_ibuf_I_O)         0.535     0.535 r  clk_IBUF_inst/O
                         net (fo=1, routed)           2.510     3.045    clk_IBUF
    BUFGCTRL_X0Y0                                                     r  clk_IBUF_BUFG_inst/I
    BUFGCTRL_X0Y0        BUFG (Prop_bufg_I_O)         0.083     3.128 r  clk_IBUF_BUFG_inst/O
                         net (fo=65, routed)          1.742     4.870    clk_IBUF_BUFG
    SLICE_X47Y30         FDRE                                         r  func_reg_reg/C

Slack:                    inf
  Source:                 a[7]
                            (input port)
  Destination:            a_reg_reg[7]/D
                            (rising edge-triggered cell FDRE clocked by clock  {rise@0.000ns fall@3.508ns period=7.017ns})
  Path Group:             (none)
  Path Type:              Setup (Max at Slow Process Corner)
  Data Path Delay:        1.829ns  (logic 0.621ns (33.942%)  route 1.208ns (66.058%))
  Logic Levels:           1  (IBUF=1)
  Clock Path Skew:        4.856ns (DCD - SCD + CPR)
    Destination Clock Delay (DCD):    4.856ns
    Source Clock Delay      (SCD):    0.000ns
    Clock Pessimism Removal (CPR):    0.000ns

    Location             Delay type                Incr(ns)  Path(ns)    Netlist Resource(s)
  -------------------------------------------------------------------    -------------------
    AP30                                              0.000     0.000 r  a[7] (IN)
                         net (fo=0)                   0.000     0.000    a[7]
    AP30                                                              r  a_IBUF[7]_inst/I
    AP30                 IBUF (Prop_ibuf_I_O)         0.621     0.621 r  a_IBUF[7]_inst/O
                         net (fo=1, routed)           1.208     1.829    a_IBUF[7]
    SLICE_X48Y30         FDRE                                         r  a_reg_reg[7]/D
  -------------------------------------------------------------------    -------------------

                         (clock clock rise edge)      0.000     0.000 r  
    AU32                                              0.000     0.000 r  clk (IN)
                         net (fo=0)                   0.000     0.000    clk
    AU32                                                              r  clk_IBUF_inst/I
    AU32                 IBUF (Prop_ibuf_I_O)         0.535     0.535 r  clk_IBUF_inst/O
                         net (fo=1, routed)           2.510     3.045    clk_IBUF
    BUFGCTRL_X0Y0                                                     r  clk_IBUF_BUFG_inst/I
    BUFGCTRL_X0Y0        BUFG (Prop_bufg_I_O)         0.083     3.128 r  clk_IBUF_BUFG_inst/O
                         net (fo=65, routed)          1.728     4.856    clk_IBUF_BUFG
    SLICE_X48Y30         FDRE                                         r  a_reg_reg[7]/C

Slack:                    inf
  Source:                 a[1]
                            (input port)
  Destination:            a_reg_reg[1]/D
                            (rising edge-triggered cell FDRE clocked by clock  {rise@0.000ns fall@3.508ns period=7.017ns})
  Path Group:             (none)
  Path Type:              Setup (Max at Slow Process Corner)
  Data Path Delay:        1.802ns  (logic 0.618ns (34.285%)  route 1.184ns (65.715%))
  Logic Levels:           1  (IBUF=1)
  Clock Path Skew:        4.871ns (DCD - SCD + CPR)
    Destination Clock Delay (DCD):    4.871ns
    Source Clock Delay      (SCD):    0.000ns
    Clock Pessimism Removal (CPR):    0.000ns

    Location             Delay type                Incr(ns)  Path(ns)    Netlist Resource(s)
  -------------------------------------------------------------------    -------------------
    AR33                                              0.000     0.000 r  a[1] (IN)
                         net (fo=0)                   0.000     0.000    a[1]
    AR33                                                              r  a_IBUF[1]_inst/I
    AR33                 IBUF (Prop_ibuf_I_O)         0.618     0.618 r  a_IBUF[1]_inst/O
                         net (fo=1, routed)           1.184     1.802    a_IBUF[1]
    SLICE_X47Y32         FDRE                                         r  a_reg_reg[1]/D
  -------------------------------------------------------------------    -------------------

                         (clock clock rise edge)      0.000     0.000 r  
    AU32                                              0.000     0.000 r  clk (IN)
                         net (fo=0)                   0.000     0.000    clk
    AU32                                                              r  clk_IBUF_inst/I
    AU32                 IBUF (Prop_ibuf_I_O)         0.535     0.535 r  clk_IBUF_inst/O
                         net (fo=1, routed)           2.510     3.045    clk_IBUF
    BUFGCTRL_X0Y0                                                     r  clk_IBUF_BUFG_inst/I
    BUFGCTRL_X0Y0        BUFG (Prop_bufg_I_O)         0.083     3.128 r  clk_IBUF_BUFG_inst/O
                         net (fo=65, routed)          1.743     4.871    clk_IBUF_BUFG
    SLICE_X47Y32         FDRE                                         r  a_reg_reg[1]/C

Slack:                    inf
  Source:                 a[10]
                            (input port)
  Destination:            a_reg_reg[10]/D
                            (rising edge-triggered cell FDRE clocked by clock  {rise@0.000ns fall@3.508ns period=7.017ns})
  Path Group:             (none)
  Path Type:              Setup (Max at Slow Process Corner)
  Data Path Delay:        1.799ns  (logic 0.648ns (36.026%)  route 1.151ns (63.974%))
  Logic Levels:           1  (IBUF=1)
  Clock Path Skew:        4.855ns (DCD - SCD + CPR)
    Destination Clock Delay (DCD):    4.855ns
    Source Clock Delay      (SCD):    0.000ns
    Clock Pessimism Removal (CPR):    0.000ns

    Location             Delay type                Incr(ns)  Path(ns)    Netlist Resource(s)
  -------------------------------------------------------------------    -------------------
    AU31                                              0.000     0.000 r  a[10] (IN)
                         net (fo=0)                   0.000     0.000    a[10]
    AU31                                                              r  a_IBUF[10]_inst/I
    AU31                 IBUF (Prop_ibuf_I_O)         0.648     0.648 r  a_IBUF[10]_inst/O
                         net (fo=1, routed)           1.151     1.799    a_IBUF[10]
    SLICE_X49Y29         FDRE                                         r  a_reg_reg[10]/D
  -------------------------------------------------------------------    -------------------

                         (clock clock rise edge)      0.000     0.000 r  
    AU32                                              0.000     0.000 r  clk (IN)
                         net (fo=0)                   0.000     0.000    clk
    AU32                                                              r  clk_IBUF_inst/I
    AU32                 IBUF (Prop_ibuf_I_O)         0.535     0.535 r  clk_IBUF_inst/O
                         net (fo=1, routed)           2.510     3.045    clk_IBUF
    BUFGCTRL_X0Y0                                                     r  clk_IBUF_BUFG_inst/I
    BUFGCTRL_X0Y0        BUFG (Prop_bufg_I_O)         0.083     3.128 r  clk_IBUF_BUFG_inst/O
                         net (fo=65, routed)          1.727     4.855    clk_IBUF_BUFG
    SLICE_X49Y29         FDRE                                         r  a_reg_reg[10]/C

Slack:                    inf
  Source:                 b[6]
                            (input port)
  Destination:            b_reg_reg[6]/D
                            (rising edge-triggered cell FDRE clocked by clock  {rise@0.000ns fall@3.508ns period=7.017ns})
  Path Group:             (none)
  Path Type:              Setup (Max at Slow Process Corner)
  Data Path Delay:        1.799ns  (logic 0.592ns (32.912%)  route 1.207ns (67.088%))
  Logic Levels:           1  (IBUF=1)
  Clock Path Skew:        4.875ns (DCD - SCD + CPR)
    Destination Clock Delay (DCD):    4.875ns
    Source Clock Delay      (SCD):    0.000ns
    Clock Pessimism Removal (CPR):    0.000ns

    Location             Delay type                Incr(ns)  Path(ns)    Netlist Resource(s)
  -------------------------------------------------------------------    -------------------
    AK28                                              0.000     0.000 r  b[6] (IN)
                         net (fo=0)                   0.000     0.000    b[6]
    AK28                                                              r  b_IBUF[6]_inst/I
    AK28                 IBUF (Prop_ibuf_I_O)         0.592     0.592 r  b_IBUF[6]_inst/O
                         net (fo=1, routed)           1.207     1.799    b_IBUF[6]
    SLICE_X46Y38         FDRE                                         r  b_reg_reg[6]/D
  -------------------------------------------------------------------    -------------------

                         (clock clock rise edge)      0.000     0.000 r  
    AU32                                              0.000     0.000 r  clk (IN)
                         net (fo=0)                   0.000     0.000    clk
    AU32                                                              r  clk_IBUF_inst/I
    AU32                 IBUF (Prop_ibuf_I_O)         0.535     0.535 r  clk_IBUF_inst/O
                         net (fo=1, routed)           2.510     3.045    clk_IBUF
    BUFGCTRL_X0Y0                                                     r  clk_IBUF_BUFG_inst/I
    BUFGCTRL_X0Y0        BUFG (Prop_bufg_I_O)         0.083     3.128 r  clk_IBUF_BUFG_inst/O
                         net (fo=65, routed)          1.747     4.875    clk_IBUF_BUFG
    SLICE_X46Y38         FDRE                                         r  b_reg_reg[6]/C

Slack:                    inf
  Source:                 a[3]
                            (input port)
  Destination:            a_reg_reg[3]/D
                            (rising edge-triggered cell FDRE clocked by clock  {rise@0.000ns fall@3.508ns period=7.017ns})
  Path Group:             (none)
  Path Type:              Setup (Max at Slow Process Corner)
  Data Path Delay:        1.769ns  (logic 0.607ns (34.326%)  route 1.162ns (65.674%))
  Logic Levels:           1  (IBUF=1)
  Clock Path Skew:        4.855ns (DCD - SCD + CPR)
    Destination Clock Delay (DCD):    4.855ns
    Source Clock Delay      (SCD):    0.000ns
    Clock Pessimism Removal (CPR):    0.000ns

    Location             Delay type                Incr(ns)  Path(ns)    Netlist Resource(s)
  -------------------------------------------------------------------    -------------------
    AP31                                              0.000     0.000 r  a[3] (IN)
                         net (fo=0)                   0.000     0.000    a[3]
    AP31                                                              r  a_IBUF[3]_inst/I
    AP31                 IBUF (Prop_ibuf_I_O)         0.607     0.607 r  a_IBUF[3]_inst/O
                         net (fo=1, routed)           1.162     1.769    a_IBUF[3]
    SLICE_X48Y29         FDRE                                         r  a_reg_reg[3]/D
  -------------------------------------------------------------------    -------------------

                         (clock clock rise edge)      0.000     0.000 r  
    AU32                                              0.000     0.000 r  clk (IN)
                         net (fo=0)                   0.000     0.000    clk
    AU32                                                              r  clk_IBUF_inst/I
    AU32                 IBUF (Prop_ibuf_I_O)         0.535     0.535 r  clk_IBUF_inst/O
                         net (fo=1, routed)           2.510     3.045    clk_IBUF
    BUFGCTRL_X0Y0                                                     r  clk_IBUF_BUFG_inst/I
    BUFGCTRL_X0Y0        BUFG (Prop_bufg_I_O)         0.083     3.128 r  clk_IBUF_BUFG_inst/O
                         net (fo=65, routed)          1.727     4.855    clk_IBUF_BUFG
    SLICE_X48Y29         FDRE                                         r  a_reg_reg[3]/C

Slack:                    inf
  Source:                 a[11]
                            (input port)
  Destination:            a_reg_reg[11]/D
                            (rising edge-triggered cell FDRE clocked by clock  {rise@0.000ns fall@3.508ns period=7.017ns})
  Path Group:             (none)
  Path Type:              Setup (Max at Slow Process Corner)
  Data Path Delay:        1.768ns  (logic 0.621ns (35.141%)  route 1.147ns (64.859%))
  Logic Levels:           1  (IBUF=1)
  Clock Path Skew:        4.855ns (DCD - SCD + CPR)
    Destination Clock Delay (DCD):    4.855ns
    Source Clock Delay      (SCD):    0.000ns
    Clock Pessimism Removal (CPR):    0.000ns

    Location             Delay type                Incr(ns)  Path(ns)    Netlist Resource(s)
  -------------------------------------------------------------------    -------------------
    AT30                                              0.000     0.000 r  a[11] (IN)
                         net (fo=0)                   0.000     0.000    a[11]
    AT30                                                              r  a_IBUF[11]_inst/I
    AT30                 IBUF (Prop_ibuf_I_O)         0.621     0.621 r  a_IBUF[11]_inst/O
                         net (fo=1, routed)           1.147     1.768    a_IBUF[11]
    SLICE_X51Y29         FDRE                                         r  a_reg_reg[11]/D
  -------------------------------------------------------------------    -------------------

                         (clock clock rise edge)      0.000     0.000 r  
    AU32                                              0.000     0.000 r  clk (IN)
                         net (fo=0)                   0.000     0.000    clk
    AU32                                                              r  clk_IBUF_inst/I
    AU32                 IBUF (Prop_ibuf_I_O)         0.535     0.535 r  clk_IBUF_inst/O
                         net (fo=1, routed)           2.510     3.045    clk_IBUF
    BUFGCTRL_X0Y0                                                     r  clk_IBUF_BUFG_inst/I
    BUFGCTRL_X0Y0        BUFG (Prop_bufg_I_O)         0.083     3.128 r  clk_IBUF_BUFG_inst/O
                         net (fo=65, routed)          1.727     4.855    clk_IBUF_BUFG
    SLICE_X51Y29         FDRE                                         r  a_reg_reg[11]/C

Slack:                    inf
  Source:                 a[15]
                            (input port)
  Destination:            a_reg_reg[15]/D
                            (rising edge-triggered cell FDRE clocked by clock  {rise@0.000ns fall@3.508ns period=7.017ns})
  Path Group:             (none)
  Path Type:              Setup (Max at Slow Process Corner)
  Data Path Delay:        1.760ns  (logic 0.671ns (38.119%)  route 1.089ns (61.881%))
  Logic Levels:           1  (IBUF=1)
  Clock Path Skew:        4.855ns (DCD - SCD + CPR)
    Destination Clock Delay (DCD):    4.855ns
    Source Clock Delay      (SCD):    0.000ns
    Clock Pessimism Removal (CPR):    0.000ns

    Location             Delay type                Incr(ns)  Path(ns)    Netlist Resource(s)
  -------------------------------------------------------------------    -------------------
    BB31                                              0.000     0.000 r  a[15] (IN)
                         net (fo=0)                   0.000     0.000    a[15]
    BB31                                                              r  a_IBUF[15]_inst/I
    BB31                 IBUF (Prop_ibuf_I_O)         0.671     0.671 r  a_IBUF[15]_inst/O
                         net (fo=1, routed)           1.089     1.760    a_IBUF[15]
    SLICE_X49Y29         FDRE                                         r  a_reg_reg[15]/D
  -------------------------------------------------------------------    -------------------

                         (clock clock rise edge)      0.000     0.000 r  
    AU32                                              0.000     0.000 r  clk (IN)
                         net (fo=0)                   0.000     0.000    clk
    AU32                                                              r  clk_IBUF_inst/I
    AU32                 IBUF (Prop_ibuf_I_O)         0.535     0.535 r  clk_IBUF_inst/O
                         net (fo=1, routed)           2.510     3.045    clk_IBUF
    BUFGCTRL_X0Y0                                                     r  clk_IBUF_BUFG_inst/I
    BUFGCTRL_X0Y0        BUFG (Prop_bufg_I_O)         0.083     3.128 r  clk_IBUF_BUFG_inst/O
                         net (fo=65, routed)          1.727     4.855    clk_IBUF_BUFG
    SLICE_X49Y29         FDRE                                         r  a_reg_reg[15]/C

Slack:                    inf
  Source:                 a[2]
                            (input port)
  Destination:            a_reg_reg[2]/D
                            (rising edge-triggered cell FDRE clocked by clock  {rise@0.000ns fall@3.508ns period=7.017ns})
  Path Group:             (none)
  Path Type:              Setup (Max at Slow Process Corner)
  Data Path Delay:        1.743ns  (logic 0.618ns (35.447%)  route 1.125ns (64.553%))
  Logic Levels:           1  (IBUF=1)
  Clock Path Skew:        4.855ns (DCD - SCD + CPR)
    Destination Clock Delay (DCD):    4.855ns
    Source Clock Delay      (SCD):    0.000ns
    Clock Pessimism Removal (CPR):    0.000ns

    Location             Delay type                Incr(ns)  Path(ns)    Netlist Resource(s)
  -------------------------------------------------------------------    -------------------
    AP33                                              0.000     0.000 r  a[2] (IN)
                         net (fo=0)                   0.000     0.000    a[2]
    AP33                                                              r  a_IBUF[2]_inst/I
    AP33                 IBUF (Prop_ibuf_I_O)         0.618     0.618 r  a_IBUF[2]_inst/O
                         net (fo=1, routed)           1.125     1.743    a_IBUF[2]
    SLICE_X48Y29         FDRE                                         r  a_reg_reg[2]/D
  -------------------------------------------------------------------    -------------------

                         (clock clock rise edge)      0.000     0.000 r  
    AU32                                              0.000     0.000 r  clk (IN)
                         net (fo=0)                   0.000     0.000    clk
    AU32                                                              r  clk_IBUF_inst/I
    AU32                 IBUF (Prop_ibuf_I_O)         0.535     0.535 r  clk_IBUF_inst/O
                         net (fo=1, routed)           2.510     3.045    clk_IBUF
    BUFGCTRL_X0Y0                                                     r  clk_IBUF_BUFG_inst/I
    BUFGCTRL_X0Y0        BUFG (Prop_bufg_I_O)         0.083     3.128 r  clk_IBUF_BUFG_inst/O
                         net (fo=65, routed)          1.727     4.855    clk_IBUF_BUFG
    SLICE_X48Y29         FDRE                                         r  a_reg_reg[2]/C

Slack:                    inf
  Source:                 a[6]
                            (input port)
  Destination:            a_reg_reg[6]/D
                            (rising edge-triggered cell FDRE clocked by clock  {rise@0.000ns fall@3.508ns period=7.017ns})
  Path Group:             (none)
  Path Type:              Setup (Max at Slow Process Corner)
  Data Path Delay:        1.738ns  (logic 0.612ns (35.235%)  route 1.126ns (64.765%))
  Logic Levels:           1  (IBUF=1)
  Clock Path Skew:        4.856ns (DCD - SCD + CPR)
    Destination Clock Delay (DCD):    4.856ns
    Source Clock Delay      (SCD):    0.000ns
    Clock Pessimism Removal (CPR):    0.000ns

    Location             Delay type                Incr(ns)  Path(ns)    Netlist Resource(s)
  -------------------------------------------------------------------    -------------------
    AP32                                              0.000     0.000 r  a[6] (IN)
                         net (fo=0)                   0.000     0.000    a[6]
    AP32                                                              r  a_IBUF[6]_inst/I
    AP32                 IBUF (Prop_ibuf_I_O)         0.612     0.612 r  a_IBUF[6]_inst/O
                         net (fo=1, routed)           1.126     1.738    a_IBUF[6]
    SLICE_X49Y30         FDRE                                         r  a_reg_reg[6]/D
  -------------------------------------------------------------------    -------------------

                         (clock clock rise edge)      0.000     0.000 r  
    AU32                                              0.000     0.000 r  clk (IN)
                         net (fo=0)                   0.000     0.000    clk
    AU32                                                              r  clk_IBUF_inst/I
    AU32                 IBUF (Prop_ibuf_I_O)         0.535     0.535 r  clk_IBUF_inst/O
                         net (fo=1, routed)           2.510     3.045    clk_IBUF
    BUFGCTRL_X0Y0                                                     r  clk_IBUF_BUFG_inst/I
    BUFGCTRL_X0Y0        BUFG (Prop_bufg_I_O)         0.083     3.128 r  clk_IBUF_BUFG_inst/O
                         net (fo=65, routed)          1.728     4.856    clk_IBUF_BUFG
    SLICE_X49Y30         FDRE                                         r  a_reg_reg[6]/C

Slack:                    inf
  Source:                 a[13]
                            (input port)
  Destination:            a_reg_reg[13]/D
                            (rising edge-triggered cell FDRE clocked by clock  {rise@0.000ns fall@3.508ns period=7.017ns})
  Path Group:             (none)
  Path Type:              Setup (Max at Slow Process Corner)
  Data Path Delay:        1.727ns  (logic 0.647ns (37.473%)  route 1.080ns (62.527%))
  Logic Levels:           1  (IBUF=1)
  Clock Path Skew:        4.855ns (DCD - SCD + CPR)
    Destination Clock Delay (DCD):    4.855ns
    Source Clock Delay      (SCD):    0.000ns
    Clock Pessimism Removal (CPR):    0.000ns

    Location             Delay type                Incr(ns)  Path(ns)    Netlist Resource(s)
  -------------------------------------------------------------------    -------------------
    AW31                                              0.000     0.000 r  a[13] (IN)
                         net (fo=0)                   0.000     0.000    a[13]
    AW31                                                              r  a_IBUF[13]_inst/I
    AW31                 IBUF (Prop_ibuf_I_O)         0.647     0.647 r  a_IBUF[13]_inst/O
                         net (fo=1, routed)           1.080     1.727    a_IBUF[13]
    SLICE_X50Y29         FDRE                                         r  a_reg_reg[13]/D
  -------------------------------------------------------------------    -------------------

                         (clock clock rise edge)      0.000     0.000 r  
    AU32                                              0.000     0.000 r  clk (IN)
                         net (fo=0)                   0.000     0.000    clk
    AU32                                                              r  clk_IBUF_inst/I
    AU32                 IBUF (Prop_ibuf_I_O)         0.535     0.535 r  clk_IBUF_inst/O
                         net (fo=1, routed)           2.510     3.045    clk_IBUF
    BUFGCTRL_X0Y0                                                     r  clk_IBUF_BUFG_inst/I
    BUFGCTRL_X0Y0        BUFG (Prop_bufg_I_O)         0.083     3.128 r  clk_IBUF_BUFG_inst/O
                         net (fo=65, routed)          1.727     4.855    clk_IBUF_BUFG
    SLICE_X50Y29         FDRE                                         r  a_reg_reg[13]/C

Slack:                    inf
  Source:                 b[4]
                            (input port)
  Destination:            b_reg_reg[4]/D
                            (rising edge-triggered cell FDRE clocked by clock  {rise@0.000ns fall@3.508ns period=7.017ns})
  Path Group:             (none)
  Path Type:              Setup (Max at Slow Process Corner)
  Data Path Delay:        1.723ns  (logic 0.578ns (33.519%)  route 1.145ns (66.481%))
  Logic Levels:           1  (IBUF=1)
  Clock Path Skew:        4.875ns (DCD - SCD + CPR)
    Destination Clock Delay (DCD):    4.875ns
    Source Clock Delay      (SCD):    0.000ns
    Clock Pessimism Removal (CPR):    0.000ns

    Location             Delay type                Incr(ns)  Path(ns)    Netlist Resource(s)
  -------------------------------------------------------------------    -------------------
    AF30                                              0.000     0.000 r  b[4] (IN)
                         net (fo=0)                   0.000     0.000    b[4]
    AF30                                                              r  b_IBUF[4]_inst/I
    AF30                 IBUF (Prop_ibuf_I_O)         0.578     0.578 r  b_IBUF[4]_inst/O
                         net (fo=1, routed)           1.145     1.723    b_IBUF[4]
    SLICE_X45Y38         FDRE                                         r  b_reg_reg[4]/D
  -------------------------------------------------------------------    -------------------

                         (clock clock rise edge)      0.000     0.000 r  
    AU32                                              0.000     0.000 r  clk (IN)
                         net (fo=0)                   0.000     0.000    clk
    AU32                                                              r  clk_IBUF_inst/I
    AU32                 IBUF (Prop_ibuf_I_O)         0.535     0.535 r  clk_IBUF_inst/O
                         net (fo=1, routed)           2.510     3.045    clk_IBUF
    BUFGCTRL_X0Y0                                                     r  clk_IBUF_BUFG_inst/I
    BUFGCTRL_X0Y0        BUFG (Prop_bufg_I_O)         0.083     3.128 r  clk_IBUF_BUFG_inst/O
                         net (fo=65, routed)          1.747     4.875    clk_IBUF_BUFG
    SLICE_X45Y38         FDRE                                         r  b_reg_reg[4]/C

Slack:                    inf
  Source:                 b[3]
                            (input port)
  Destination:            b_reg_reg[3]/D
                            (rising edge-triggered cell FDRE clocked by clock  {rise@0.000ns fall@3.508ns period=7.017ns})
  Path Group:             (none)
  Path Type:              Setup (Max at Slow Process Corner)
  Data Path Delay:        1.716ns  (logic 0.570ns (33.216%)  route 1.146ns (66.784%))
  Logic Levels:           1  (IBUF=1)
  Clock Path Skew:        4.875ns (DCD - SCD + CPR)
    Destination Clock Delay (DCD):    4.875ns
    Source Clock Delay      (SCD):    0.000ns
    Clock Pessimism Removal (CPR):    0.000ns

    Location             Delay type                Incr(ns)  Path(ns)    Netlist Resource(s)
  -------------------------------------------------------------------    -------------------
    AG31                                              0.000     0.000 r  b[3] (IN)
                         net (fo=0)                   0.000     0.000    b[3]
    AG31                                                              r  b_IBUF[3]_inst/I
    AG31                 IBUF (Prop_ibuf_I_O)         0.570     0.570 r  b_IBUF[3]_inst/O
                         net (fo=1, routed)           1.146     1.716    b_IBUF[3]
    SLICE_X44Y37         FDRE                                         r  b_reg_reg[3]/D
  -------------------------------------------------------------------    -------------------

                         (clock clock rise edge)      0.000     0.000 r  
    AU32                                              0.000     0.000 r  clk (IN)
                         net (fo=0)                   0.000     0.000    clk
    AU32                                                              r  clk_IBUF_inst/I
    AU32                 IBUF (Prop_ibuf_I_O)         0.535     0.535 r  clk_IBUF_inst/O
                         net (fo=1, routed)           2.510     3.045    clk_IBUF
    BUFGCTRL_X0Y0                                                     r  clk_IBUF_BUFG_inst/I
    BUFGCTRL_X0Y0        BUFG (Prop_bufg_I_O)         0.083     3.128 r  clk_IBUF_BUFG_inst/O
                         net (fo=65, routed)          1.747     4.875    clk_IBUF_BUFG
    SLICE_X44Y37         FDRE                                         r  b_reg_reg[3]/C

Slack:                    inf
  Source:                 b[0]
                            (input port)
  Destination:            b_reg_reg[0]/D
                            (rising edge-triggered cell FDRE clocked by clock  {rise@0.000ns fall@3.508ns period=7.017ns})
  Path Group:             (none)
  Path Type:              Setup (Max at Slow Process Corner)
  Data Path Delay:        1.692ns  (logic 0.586ns (34.615%)  route 1.106ns (65.385%))
  Logic Levels:           1  (IBUF=1)
  Clock Path Skew:        4.875ns (DCD - SCD + CPR)
    Destination Clock Delay (DCD):    4.875ns
    Source Clock Delay      (SCD):    0.000ns
    Clock Pessimism Removal (CPR):    0.000ns

    Location             Delay type                Incr(ns)  Path(ns)    Netlist Resource(s)
  -------------------------------------------------------------------    -------------------
    AG32                                              0.000     0.000 r  b[0] (IN)
                         net (fo=0)                   0.000     0.000    b[0]
    AG32                                                              r  b_IBUF[0]_inst/I
    AG32                 IBUF (Prop_ibuf_I_O)         0.586     0.586 r  b_IBUF[0]_inst/O
                         net (fo=1, routed)           1.106     1.692    b_IBUF[0]
    SLICE_X45Y36         FDRE                                         r  b_reg_reg[0]/D
  -------------------------------------------------------------------    -------------------

                         (clock clock rise edge)      0.000     0.000 r  
    AU32                                              0.000     0.000 r  clk (IN)
                         net (fo=0)                   0.000     0.000    clk
    AU32                                                              r  clk_IBUF_inst/I
    AU32                 IBUF (Prop_ibuf_I_O)         0.535     0.535 r  clk_IBUF_inst/O
                         net (fo=1, routed)           2.510     3.045    clk_IBUF
    BUFGCTRL_X0Y0                                                     r  clk_IBUF_BUFG_inst/I
    BUFGCTRL_X0Y0        BUFG (Prop_bufg_I_O)         0.083     3.128 r  clk_IBUF_BUFG_inst/O
                         net (fo=65, routed)          1.747     4.875    clk_IBUF_BUFG
    SLICE_X45Y36         FDRE                                         r  b_reg_reg[0]/C

Slack:                    inf
  Source:                 a[5]
                            (input port)
  Destination:            a_reg_reg[5]/D
                            (rising edge-triggered cell FDRE clocked by clock  {rise@0.000ns fall@3.508ns period=7.017ns})
  Path Group:             (none)
  Path Type:              Setup (Max at Slow Process Corner)
  Data Path Delay:        1.672ns  (logic 0.611ns (36.514%)  route 1.062ns (63.486%))
  Logic Levels:           1  (IBUF=1)
  Clock Path Skew:        4.856ns (DCD - SCD + CPR)
    Destination Clock Delay (DCD):    4.856ns
    Source Clock Delay      (SCD):    0.000ns
    Clock Pessimism Removal (CPR):    0.000ns

    Location             Delay type                Incr(ns)  Path(ns)    Netlist Resource(s)
  -------------------------------------------------------------------    -------------------
    AR32                                              0.000     0.000 r  a[5] (IN)
                         net (fo=0)                   0.000     0.000    a[5]
    AR32                                                              r  a_IBUF[5]_inst/I
    AR32                 IBUF (Prop_ibuf_I_O)         0.611     0.611 r  a_IBUF[5]_inst/O
                         net (fo=1, routed)           1.062     1.672    a_IBUF[5]
    SLICE_X48Y30         FDRE                                         r  a_reg_reg[5]/D
  -------------------------------------------------------------------    -------------------

                         (clock clock rise edge)      0.000     0.000 r  
    AU32                                              0.000     0.000 r  clk (IN)
                         net (fo=0)                   0.000     0.000    clk
    AU32                                                              r  clk_IBUF_inst/I
    AU32                 IBUF (Prop_ibuf_I_O)         0.535     0.535 r  clk_IBUF_inst/O
                         net (fo=1, routed)           2.510     3.045    clk_IBUF
    BUFGCTRL_X0Y0                                                     r  clk_IBUF_BUFG_inst/I
    BUFGCTRL_X0Y0        BUFG (Prop_bufg_I_O)         0.083     3.128 r  clk_IBUF_BUFG_inst/O
                         net (fo=65, routed)          1.728     4.856    clk_IBUF_BUFG
    SLICE_X48Y30         FDRE                                         r  a_reg_reg[5]/C

Slack:                    inf
  Source:                 b[2]
                            (input port)
  Destination:            b_reg_reg[2]/D
                            (rising edge-triggered cell FDRE clocked by clock  {rise@0.000ns fall@3.508ns period=7.017ns})
  Path Group:             (none)
  Path Type:              Setup (Max at Slow Process Corner)
  Data Path Delay:        1.637ns  (logic 0.569ns (34.759%)  route 1.068ns (65.241%))
  Logic Levels:           1  (IBUF=1)
  Clock Path Skew:        4.875ns (DCD - SCD + CPR)
    Destination Clock Delay (DCD):    4.875ns
    Source Clock Delay      (SCD):    0.000ns
    Clock Pessimism Removal (CPR):    0.000ns

    Location             Delay type                Incr(ns)  Path(ns)    Netlist Resource(s)
  -------------------------------------------------------------------    -------------------
    AH28                                              0.000     0.000 r  b[2] (IN)
                         net (fo=0)                   0.000     0.000    b[2]
    AH28                                                              r  b_IBUF[2]_inst/I
    AH28                 IBUF (Prop_ibuf_I_O)         0.569     0.569 r  b_IBUF[2]_inst/O
                         net (fo=1, routed)           1.068     1.637    b_IBUF[2]
    SLICE_X45Y38         FDRE                                         r  b_reg_reg[2]/D
  -------------------------------------------------------------------    -------------------

                         (clock clock rise edge)      0.000     0.000 r  
    AU32                                              0.000     0.000 r  clk (IN)
                         net (fo=0)                   0.000     0.000    clk
    AU32                                                              r  clk_IBUF_inst/I
    AU32                 IBUF (Prop_ibuf_I_O)         0.535     0.535 r  clk_IBUF_inst/O
                         net (fo=1, routed)           2.510     3.045    clk_IBUF
    BUFGCTRL_X0Y0                                                     r  clk_IBUF_BUFG_inst/I
    BUFGCTRL_X0Y0        BUFG (Prop_bufg_I_O)         0.083     3.128 r  clk_IBUF_BUFG_inst/O
                         net (fo=65, routed)          1.747     4.875    clk_IBUF_BUFG
    SLICE_X45Y38         FDRE                                         r  b_reg_reg[2]/C





Min Delay Paths
--------------------------------------------------------------------------------------
Slack:                    inf
  Source:                 a[5]
                            (input port)
  Destination:            a_reg_reg[5]/D
                            (rising edge-triggered cell FDRE clocked by clock  {rise@0.000ns fall@3.508ns period=7.017ns})
  Path Group:             (none)
  Path Type:              Hold (Min at Fast Process Corner)
  Data Path Delay:        0.679ns  (logic 0.117ns (17.286%)  route 0.562ns (82.714%))
  Logic Levels:           1  (IBUF=1)
  Clock Path Skew:        2.723ns (DCD - SCD - CPR)
    Destination Clock Delay (DCD):    2.723ns
    Source Clock Delay      (SCD):    0.000ns
    Clock Pessimism Removal (CPR):    -0.000ns

    Location             Delay type                Incr(ns)  Path(ns)    Netlist Resource(s)
  -------------------------------------------------------------------    -------------------
    AR32                                              0.000     0.000 r  a[5] (IN)
                         net (fo=0)                   0.000     0.000    a[5]
    AR32                                                              r  a_IBUF[5]_inst/I
    AR32                 IBUF (Prop_ibuf_I_O)         0.117     0.117 r  a_IBUF[5]_inst/O
                         net (fo=1, routed)           0.562     0.679    a_IBUF[5]
    SLICE_X48Y30         FDRE                                         r  a_reg_reg[5]/D
  -------------------------------------------------------------------    -------------------

                         (clock clock rise edge)      0.000     0.000 r  
    AU32                                              0.000     0.000 r  clk (IN)
                         net (fo=0)                   0.000     0.000    clk
    AU32                                                              r  clk_IBUF_inst/I
    AU32                 IBUF (Prop_ibuf_I_O)         0.315     0.315 r  clk_IBUF_inst/O
                         net (fo=1, routed)           1.346     1.661    clk_IBUF
    BUFGCTRL_X0Y0                                                     r  clk_IBUF_BUFG_inst/I
    BUFGCTRL_X0Y0        BUFG (Prop_bufg_I_O)         0.030     1.691 r  clk_IBUF_BUFG_inst/O
                         net (fo=65, routed)          1.032     2.723    clk_IBUF_BUFG
    SLICE_X48Y30         FDRE                                         r  a_reg_reg[5]/C

Slack:                    inf
  Source:                 a[14]
                            (input port)
  Destination:            a_reg_reg[14]/D
                            (rising edge-triggered cell FDRE clocked by clock  {rise@0.000ns fall@3.508ns period=7.017ns})
  Path Group:             (none)
  Path Type:              Hold (Min at Fast Process Corner)
  Data Path Delay:        0.688ns  (logic 0.147ns (21.316%)  route 0.542ns (78.684%))
  Logic Levels:           1  (IBUF=1)
  Clock Path Skew:        2.722ns (DCD - SCD - CPR)
    Destination Clock Delay (DCD):    2.722ns
    Source Clock Delay      (SCD):    0.000ns
    Clock Pessimism Removal (CPR):    -0.000ns

    Location             Delay type                Incr(ns)  Path(ns)    Netlist Resource(s)
  -------------------------------------------------------------------    -------------------
    AV30                                              0.000     0.000 r  a[14] (IN)
                         net (fo=0)                   0.000     0.000    a[14]
    AV30                                                              r  a_IBUF[14]_inst/I
    AV30                 IBUF (Prop_ibuf_I_O)         0.147     0.147 r  a_IBUF[14]_inst/O
                         net (fo=1, routed)           0.542     0.688    a_IBUF[14]
    SLICE_X51Y29         FDRE                                         r  a_reg_reg[14]/D
  -------------------------------------------------------------------    -------------------

                         (clock clock rise edge)      0.000     0.000 r  
    AU32                                              0.000     0.000 r  clk (IN)
                         net (fo=0)                   0.000     0.000    clk
    AU32                                                              r  clk_IBUF_inst/I
    AU32                 IBUF (Prop_ibuf_I_O)         0.315     0.315 r  clk_IBUF_inst/O
                         net (fo=1, routed)           1.346     1.661    clk_IBUF
    BUFGCTRL_X0Y0                                                     r  clk_IBUF_BUFG_inst/I
    BUFGCTRL_X0Y0        BUFG (Prop_bufg_I_O)         0.030     1.691 r  clk_IBUF_BUFG_inst/O
                         net (fo=65, routed)          1.031     2.722    clk_IBUF_BUFG
    SLICE_X51Y29         FDRE                                         r  a_reg_reg[14]/C

Slack:                    inf
  Source:                 b[2]
                            (input port)
  Destination:            b_reg_reg[2]/D
                            (rising edge-triggered cell FDRE clocked by clock  {rise@0.000ns fall@3.508ns period=7.017ns})
  Path Group:             (none)
  Path Type:              Hold (Min at Fast Process Corner)
  Data Path Delay:        0.707ns  (logic 0.076ns (10.774%)  route 0.631ns (89.226%))
  Logic Levels:           1  (IBUF=1)
  Clock Path Skew:        2.744ns (DCD - SCD - CPR)
    Destination Clock Delay (DCD):    2.744ns
    Source Clock Delay      (SCD):    0.000ns
    Clock Pessimism Removal (CPR):    -0.000ns

    Location             Delay type                Incr(ns)  Path(ns)    Netlist Resource(s)
  -------------------------------------------------------------------    -------------------
    AH28                                              0.000     0.000 r  b[2] (IN)
                         net (fo=0)                   0.000     0.000    b[2]
    AH28                                                              r  b_IBUF[2]_inst/I
    AH28                 IBUF (Prop_ibuf_I_O)         0.076     0.076 r  b_IBUF[2]_inst/O
                         net (fo=1, routed)           0.631     0.707    b_IBUF[2]
    SLICE_X45Y38         FDRE                                         r  b_reg_reg[2]/D
  -------------------------------------------------------------------    -------------------

                         (clock clock rise edge)      0.000     0.000 r  
    AU32                                              0.000     0.000 r  clk (IN)
                         net (fo=0)                   0.000     0.000    clk
    AU32                                                              r  clk_IBUF_inst/I
    AU32                 IBUF (Prop_ibuf_I_O)         0.315     0.315 r  clk_IBUF_inst/O
                         net (fo=1, routed)           1.346     1.661    clk_IBUF
    BUFGCTRL_X0Y0                                                     r  clk_IBUF_BUFG_inst/I
    BUFGCTRL_X0Y0        BUFG (Prop_bufg_I_O)         0.030     1.691 r  clk_IBUF_BUFG_inst/O
                         net (fo=65, routed)          1.053     2.744    clk_IBUF_BUFG
    SLICE_X45Y38         FDRE                                         r  b_reg_reg[2]/C

Slack:                    inf
  Source:                 a[2]
                            (input port)
  Destination:            a_reg_reg[2]/D
                            (rising edge-triggered cell FDRE clocked by clock  {rise@0.000ns fall@3.508ns period=7.017ns})
  Path Group:             (none)
  Path Type:              Hold (Min at Fast Process Corner)
  Data Path Delay:        0.716ns  (logic 0.125ns (17.410%)  route 0.591ns (82.590%))
  Logic Levels:           1  (IBUF=1)
  Clock Path Skew:        2.722ns (DCD - SCD - CPR)
    Destination Clock Delay (DCD):    2.722ns
    Source Clock Delay      (SCD):    0.000ns
    Clock Pessimism Removal (CPR):    -0.000ns

    Location             Delay type                Incr(ns)  Path(ns)    Netlist Resource(s)
  -------------------------------------------------------------------    -------------------
    AP33                                              0.000     0.000 r  a[2] (IN)
                         net (fo=0)                   0.000     0.000    a[2]
    AP33                                                              r  a_IBUF[2]_inst/I
    AP33                 IBUF (Prop_ibuf_I_O)         0.125     0.125 r  a_IBUF[2]_inst/O
                         net (fo=1, routed)           0.591     0.716    a_IBUF[2]
    SLICE_X48Y29         FDRE                                         r  a_reg_reg[2]/D
  -------------------------------------------------------------------    -------------------

                         (clock clock rise edge)      0.000     0.000 r  
    AU32                                              0.000     0.000 r  clk (IN)
                         net (fo=0)                   0.000     0.000    clk
    AU32                                                              r  clk_IBUF_inst/I
    AU32                 IBUF (Prop_ibuf_I_O)         0.315     0.315 r  clk_IBUF_inst/O
                         net (fo=1, routed)           1.346     1.661    clk_IBUF
    BUFGCTRL_X0Y0                                                     r  clk_IBUF_BUFG_inst/I
    BUFGCTRL_X0Y0        BUFG (Prop_bufg_I_O)         0.030     1.691 r  clk_IBUF_BUFG_inst/O
                         net (fo=65, routed)          1.031     2.722    clk_IBUF_BUFG
    SLICE_X48Y29         FDRE                                         r  a_reg_reg[2]/C

Slack:                    inf
  Source:                 a[6]
                            (input port)
  Destination:            a_reg_reg[6]/D
                            (rising edge-triggered cell FDRE clocked by clock  {rise@0.000ns fall@3.508ns period=7.017ns})
  Path Group:             (none)
  Path Type:              Hold (Min at Fast Process Corner)
  Data Path Delay:        0.733ns  (logic 0.119ns (16.273%)  route 0.614ns (83.727%))
  Logic Levels:           1  (IBUF=1)
  Clock Path Skew:        2.723ns (DCD - SCD - CPR)
    Destination Clock Delay (DCD):    2.723ns
    Source Clock Delay      (SCD):    0.000ns
    Clock Pessimism Removal (CPR):    -0.000ns

    Location             Delay type                Incr(ns)  Path(ns)    Netlist Resource(s)
  -------------------------------------------------------------------    -------------------
    AP32                                              0.000     0.000 r  a[6] (IN)
                         net (fo=0)                   0.000     0.000    a[6]
    AP32                                                              r  a_IBUF[6]_inst/I
    AP32                 IBUF (Prop_ibuf_I_O)         0.119     0.119 r  a_IBUF[6]_inst/O
                         net (fo=1, routed)           0.614     0.733    a_IBUF[6]
    SLICE_X49Y30         FDRE                                         r  a_reg_reg[6]/D
  -------------------------------------------------------------------    -------------------

                         (clock clock rise edge)      0.000     0.000 r  
    AU32                                              0.000     0.000 r  clk (IN)
                         net (fo=0)                   0.000     0.000    clk
    AU32                                                              r  clk_IBUF_inst/I
    AU32                 IBUF (Prop_ibuf_I_O)         0.315     0.315 r  clk_IBUF_inst/O
                         net (fo=1, routed)           1.346     1.661    clk_IBUF
    BUFGCTRL_X0Y0                                                     r  clk_IBUF_BUFG_inst/I
    BUFGCTRL_X0Y0        BUFG (Prop_bufg_I_O)         0.030     1.691 r  clk_IBUF_BUFG_inst/O
                         net (fo=65, routed)          1.032     2.723    clk_IBUF_BUFG
    SLICE_X49Y30         FDRE                                         r  a_reg_reg[6]/C

Slack:                    inf
  Source:                 a[3]
                            (input port)
  Destination:            a_reg_reg[3]/D
                            (rising edge-triggered cell FDRE clocked by clock  {rise@0.000ns fall@3.508ns period=7.017ns})
  Path Group:             (none)
  Path Type:              Hold (Min at Fast Process Corner)
  Data Path Delay:        0.738ns  (logic 0.114ns (15.465%)  route 0.624ns (84.535%))
  Logic Levels:           1  (IBUF=1)
  Clock Path Skew:        2.722ns (DCD - SCD - CPR)
    Destination Clock Delay (DCD):    2.722ns
    Source Clock Delay      (SCD):    0.000ns
    Clock Pessimism Removal (CPR):    -0.000ns

    Location             Delay type                Incr(ns)  Path(ns)    Netlist Resource(s)
  -------------------------------------------------------------------    -------------------
    AP31                                              0.000     0.000 r  a[3] (IN)
                         net (fo=0)                   0.000     0.000    a[3]
    AP31                                                              r  a_IBUF[3]_inst/I
    AP31                 IBUF (Prop_ibuf_I_O)         0.114     0.114 r  a_IBUF[3]_inst/O
                         net (fo=1, routed)           0.624     0.738    a_IBUF[3]
    SLICE_X48Y29         FDRE                                         r  a_reg_reg[3]/D
  -------------------------------------------------------------------    -------------------

                         (clock clock rise edge)      0.000     0.000 r  
    AU32                                              0.000     0.000 r  clk (IN)
                         net (fo=0)                   0.000     0.000    clk
    AU32                                                              r  clk_IBUF_inst/I
    AU32                 IBUF (Prop_ibuf_I_O)         0.315     0.315 r  clk_IBUF_inst/O
                         net (fo=1, routed)           1.346     1.661    clk_IBUF
    BUFGCTRL_X0Y0                                                     r  clk_IBUF_BUFG_inst/I
    BUFGCTRL_X0Y0        BUFG (Prop_bufg_I_O)         0.030     1.691 r  clk_IBUF_BUFG_inst/O
                         net (fo=65, routed)          1.031     2.722    clk_IBUF_BUFG
    SLICE_X48Y29         FDRE                                         r  a_reg_reg[3]/C

Slack:                    inf
  Source:                 a[13]
                            (input port)
  Destination:            a_reg_reg[13]/D
                            (rising edge-triggered cell FDRE clocked by clock  {rise@0.000ns fall@3.508ns period=7.017ns})
  Path Group:             (none)
  Path Type:              Hold (Min at Fast Process Corner)
  Data Path Delay:        0.744ns  (logic 0.154ns (20.631%)  route 0.591ns (79.369%))
  Logic Levels:           1  (IBUF=1)
  Clock Path Skew:        2.722ns (DCD - SCD - CPR)
    Destination Clock Delay (DCD):    2.722ns
    Source Clock Delay      (SCD):    0.000ns
    Clock Pessimism Removal (CPR):    -0.000ns

    Location             Delay type                Incr(ns)  Path(ns)    Netlist Resource(s)
  -------------------------------------------------------------------    -------------------
    AW31                                              0.000     0.000 r  a[13] (IN)
                         net (fo=0)                   0.000     0.000    a[13]
    AW31                                                              r  a_IBUF[13]_inst/I
    AW31                 IBUF (Prop_ibuf_I_O)         0.154     0.154 r  a_IBUF[13]_inst/O
                         net (fo=1, routed)           0.591     0.744    a_IBUF[13]
    SLICE_X50Y29         FDRE                                         r  a_reg_reg[13]/D
  -------------------------------------------------------------------    -------------------

                         (clock clock rise edge)      0.000     0.000 r  
    AU32                                              0.000     0.000 r  clk (IN)
                         net (fo=0)                   0.000     0.000    clk
    AU32                                                              r  clk_IBUF_inst/I
    AU32                 IBUF (Prop_ibuf_I_O)         0.315     0.315 r  clk_IBUF_inst/O
                         net (fo=1, routed)           1.346     1.661    clk_IBUF
    BUFGCTRL_X0Y0                                                     r  clk_IBUF_BUFG_inst/I
    BUFGCTRL_X0Y0        BUFG (Prop_bufg_I_O)         0.030     1.691 r  clk_IBUF_BUFG_inst/O
                         net (fo=65, routed)          1.031     2.722    clk_IBUF_BUFG
    SLICE_X50Y29         FDRE                                         r  a_reg_reg[13]/C

Slack:                    inf
  Source:                 b[3]
                            (input port)
  Destination:            b_reg_reg[3]/D
                            (rising edge-triggered cell FDRE clocked by clock  {rise@0.000ns fall@3.508ns period=7.017ns})
  Path Group:             (none)
  Path Type:              Hold (Min at Fast Process Corner)
  Data Path Delay:        0.744ns  (logic 0.077ns (10.378%)  route 0.667ns (89.622%))
  Logic Levels:           1  (IBUF=1)
  Clock Path Skew:        2.742ns (DCD - SCD - CPR)
    Destination Clock Delay (DCD):    2.742ns
    Source Clock Delay      (SCD):    0.000ns
    Clock Pessimism Removal (CPR):    -0.000ns

    Location             Delay type                Incr(ns)  Path(ns)    Netlist Resource(s)
  -------------------------------------------------------------------    -------------------
    AG31                                              0.000     0.000 r  b[3] (IN)
                         net (fo=0)                   0.000     0.000    b[3]
    AG31                                                              r  b_IBUF[3]_inst/I
    AG31                 IBUF (Prop_ibuf_I_O)         0.077     0.077 r  b_IBUF[3]_inst/O
                         net (fo=1, routed)           0.667     0.744    b_IBUF[3]
    SLICE_X44Y37         FDRE                                         r  b_reg_reg[3]/D
  -------------------------------------------------------------------    -------------------

                         (clock clock rise edge)      0.000     0.000 r  
    AU32                                              0.000     0.000 r  clk (IN)
                         net (fo=0)                   0.000     0.000    clk
    AU32                                                              r  clk_IBUF_inst/I
    AU32                 IBUF (Prop_ibuf_I_O)         0.315     0.315 r  clk_IBUF_inst/O
                         net (fo=1, routed)           1.346     1.661    clk_IBUF
    BUFGCTRL_X0Y0                                                     r  clk_IBUF_BUFG_inst/I
    BUFGCTRL_X0Y0        BUFG (Prop_bufg_I_O)         0.030     1.691 r  clk_IBUF_BUFG_inst/O
                         net (fo=65, routed)          1.051     2.742    clk_IBUF_BUFG
    SLICE_X44Y37         FDRE                                         r  b_reg_reg[3]/C

Slack:                    inf
  Source:                 a[11]
                            (input port)
  Destination:            a_reg_reg[11]/D
                            (rising edge-triggered cell FDRE clocked by clock  {rise@0.000ns fall@3.508ns period=7.017ns})
  Path Group:             (none)
  Path Type:              Hold (Min at Fast Process Corner)
  Data Path Delay:        0.747ns  (logic 0.128ns (17.139%)  route 0.619ns (82.861%))
  Logic Levels:           1  (IBUF=1)
  Clock Path Skew:        2.722ns (DCD - SCD - CPR)
    Destination Clock Delay (DCD):    2.722ns
    Source Clock Delay      (SCD):    0.000ns
    Clock Pessimism Removal (CPR):    -0.000ns

    Location             Delay type                Incr(ns)  Path(ns)    Netlist Resource(s)
  -------------------------------------------------------------------    -------------------
    AT30                                              0.000     0.000 r  a[11] (IN)
                         net (fo=0)                   0.000     0.000    a[11]
    AT30                                                              r  a_IBUF[11]_inst/I
    AT30                 IBUF (Prop_ibuf_I_O)         0.128     0.128 r  a_IBUF[11]_inst/O
                         net (fo=1, routed)           0.619     0.747    a_IBUF[11]
    SLICE_X51Y29         FDRE                                         r  a_reg_reg[11]/D
  -------------------------------------------------------------------    -------------------

                         (clock clock rise edge)      0.000     0.000 r  
    AU32                                              0.000     0.000 r  clk (IN)
                         net (fo=0)                   0.000     0.000    clk
    AU32                                                              r  clk_IBUF_inst/I
    AU32                 IBUF (Prop_ibuf_I_O)         0.315     0.315 r  clk_IBUF_inst/O
                         net (fo=1, routed)           1.346     1.661    clk_IBUF
    BUFGCTRL_X0Y0                                                     r  clk_IBUF_BUFG_inst/I
    BUFGCTRL_X0Y0        BUFG (Prop_bufg_I_O)         0.030     1.691 r  clk_IBUF_BUFG_inst/O
                         net (fo=65, routed)          1.031     2.722    clk_IBUF_BUFG
    SLICE_X51Y29         FDRE                                         r  a_reg_reg[11]/C

Slack:                    inf
  Source:                 b[4]
                            (input port)
  Destination:            b_reg_reg[4]/D
                            (rising edge-triggered cell FDRE clocked by clock  {rise@0.000ns fall@3.508ns period=7.017ns})
  Path Group:             (none)
  Path Type:              Hold (Min at Fast Process Corner)
  Data Path Delay:        0.750ns  (logic 0.085ns (11.287%)  route 0.665ns (88.713%))
  Logic Levels:           1  (IBUF=1)
  Clock Path Skew:        2.744ns (DCD - SCD - CPR)
    Destination Clock Delay (DCD):    2.744ns
    Source Clock Delay      (SCD):    0.000ns
    Clock Pessimism Removal (CPR):    -0.000ns

    Location             Delay type                Incr(ns)  Path(ns)    Netlist Resource(s)
  -------------------------------------------------------------------    -------------------
    AF30                                              0.000     0.000 r  b[4] (IN)
                         net (fo=0)                   0.000     0.000    b[4]
    AF30                                                              r  b_IBUF[4]_inst/I
    AF30                 IBUF (Prop_ibuf_I_O)         0.085     0.085 r  b_IBUF[4]_inst/O
                         net (fo=1, routed)           0.665     0.750    b_IBUF[4]
    SLICE_X45Y38         FDRE                                         r  b_reg_reg[4]/D
  -------------------------------------------------------------------    -------------------

                         (clock clock rise edge)      0.000     0.000 r  
    AU32                                              0.000     0.000 r  clk (IN)
                         net (fo=0)                   0.000     0.000    clk
    AU32                                                              r  clk_IBUF_inst/I
    AU32                 IBUF (Prop_ibuf_I_O)         0.315     0.315 r  clk_IBUF_inst/O
                         net (fo=1, routed)           1.346     1.661    clk_IBUF
    BUFGCTRL_X0Y0                                                     r  clk_IBUF_BUFG_inst/I
    BUFGCTRL_X0Y0        BUFG (Prop_bufg_I_O)         0.030     1.691 r  clk_IBUF_BUFG_inst/O
                         net (fo=65, routed)          1.053     2.744    clk_IBUF_BUFG
    SLICE_X45Y38         FDRE                                         r  b_reg_reg[4]/C

Slack:                    inf
  Source:                 a[15]
                            (input port)
  Destination:            a_reg_reg[15]/D
                            (rising edge-triggered cell FDRE clocked by clock  {rise@0.000ns fall@3.508ns period=7.017ns})
  Path Group:             (none)
  Path Type:              Hold (Min at Fast Process Corner)
  Data Path Delay:        0.753ns  (logic 0.177ns (23.554%)  route 0.575ns (76.446%))
  Logic Levels:           1  (IBUF=1)
  Clock Path Skew:        2.722ns (DCD - SCD - CPR)
    Destination Clock Delay (DCD):    2.722ns
    Source Clock Delay      (SCD):    0.000ns
    Clock Pessimism Removal (CPR):    -0.000ns

    Location             Delay type                Incr(ns)  Path(ns)    Netlist Resource(s)
  -------------------------------------------------------------------    -------------------
    BB31                                              0.000     0.000 r  a[15] (IN)
                         net (fo=0)                   0.000     0.000    a[15]
    BB31                                                              r  a_IBUF[15]_inst/I
    BB31                 IBUF (Prop_ibuf_I_O)         0.177     0.177 r  a_IBUF[15]_inst/O
                         net (fo=1, routed)           0.575     0.753    a_IBUF[15]
    SLICE_X49Y29         FDRE                                         r  a_reg_reg[15]/D
  -------------------------------------------------------------------    -------------------

                         (clock clock rise edge)      0.000     0.000 r  
    AU32                                              0.000     0.000 r  clk (IN)
                         net (fo=0)                   0.000     0.000    clk
    AU32                                                              r  clk_IBUF_inst/I
    AU32                 IBUF (Prop_ibuf_I_O)         0.315     0.315 r  clk_IBUF_inst/O
                         net (fo=1, routed)           1.346     1.661    clk_IBUF
    BUFGCTRL_X0Y0                                                     r  clk_IBUF_BUFG_inst/I
    BUFGCTRL_X0Y0        BUFG (Prop_bufg_I_O)         0.030     1.691 r  clk_IBUF_BUFG_inst/O
                         net (fo=65, routed)          1.031     2.722    clk_IBUF_BUFG
    SLICE_X49Y29         FDRE                                         r  a_reg_reg[15]/C

Slack:                    inf
  Source:                 a[10]
                            (input port)
  Destination:            a_reg_reg[10]/D
                            (rising edge-triggered cell FDRE clocked by clock  {rise@0.000ns fall@3.508ns period=7.017ns})
  Path Group:             (none)
  Path Type:              Hold (Min at Fast Process Corner)
  Data Path Delay:        0.769ns  (logic 0.155ns (20.120%)  route 0.614ns (79.880%))
  Logic Levels:           1  (IBUF=1)
  Clock Path Skew:        2.722ns (DCD - SCD - CPR)
    Destination Clock Delay (DCD):    2.722ns
    Source Clock Delay      (SCD):    0.000ns
    Clock Pessimism Removal (CPR):    -0.000ns

    Location             Delay type                Incr(ns)  Path(ns)    Netlist Resource(s)
  -------------------------------------------------------------------    -------------------
    AU31                                              0.000     0.000 r  a[10] (IN)
                         net (fo=0)                   0.000     0.000    a[10]
    AU31                                                              r  a_IBUF[10]_inst/I
    AU31                 IBUF (Prop_ibuf_I_O)         0.155     0.155 r  a_IBUF[10]_inst/O
                         net (fo=1, routed)           0.614     0.769    a_IBUF[10]
    SLICE_X49Y29         FDRE                                         r  a_reg_reg[10]/D
  -------------------------------------------------------------------    -------------------

                         (clock clock rise edge)      0.000     0.000 r  
    AU32                                              0.000     0.000 r  clk (IN)
                         net (fo=0)                   0.000     0.000    clk
    AU32                                                              r  clk_IBUF_inst/I
    AU32                 IBUF (Prop_ibuf_I_O)         0.315     0.315 r  clk_IBUF_inst/O
                         net (fo=1, routed)           1.346     1.661    clk_IBUF
    BUFGCTRL_X0Y0                                                     r  clk_IBUF_BUFG_inst/I
    BUFGCTRL_X0Y0        BUFG (Prop_bufg_I_O)         0.030     1.691 r  clk_IBUF_BUFG_inst/O
                         net (fo=65, routed)          1.031     2.722    clk_IBUF_BUFG
    SLICE_X49Y29         FDRE                                         r  a_reg_reg[10]/C

Slack:                    inf
  Source:                 b[0]
                            (input port)
  Destination:            b_reg_reg[0]/D
                            (rising edge-triggered cell FDRE clocked by clock  {rise@0.000ns fall@3.508ns period=7.017ns})
  Path Group:             (none)
  Path Type:              Hold (Min at Fast Process Corner)
  Data Path Delay:        0.769ns  (logic 0.093ns (12.063%)  route 0.676ns (87.937%))
  Logic Levels:           1  (IBUF=1)
  Clock Path Skew:        2.741ns (DCD - SCD - CPR)
    Destination Clock Delay (DCD):    2.741ns
    Source Clock Delay      (SCD):    0.000ns
    Clock Pessimism Removal (CPR):    -0.000ns

    Location             Delay type                Incr(ns)  Path(ns)    Netlist Resource(s)
  -------------------------------------------------------------------    -------------------
    AG32                                              0.000     0.000 r  b[0] (IN)
                         net (fo=0)                   0.000     0.000    b[0]
    AG32                                                              r  b_IBUF[0]_inst/I
    AG32                 IBUF (Prop_ibuf_I_O)         0.093     0.093 r  b_IBUF[0]_inst/O
                         net (fo=1, routed)           0.676     0.769    b_IBUF[0]
    SLICE_X45Y36         FDRE                                         r  b_reg_reg[0]/D
  -------------------------------------------------------------------    -------------------

                         (clock clock rise edge)      0.000     0.000 r  
    AU32                                              0.000     0.000 r  clk (IN)
                         net (fo=0)                   0.000     0.000    clk
    AU32                                                              r  clk_IBUF_inst/I
    AU32                 IBUF (Prop_ibuf_I_O)         0.315     0.315 r  clk_IBUF_inst/O
                         net (fo=1, routed)           1.346     1.661    clk_IBUF
    BUFGCTRL_X0Y0                                                     r  clk_IBUF_BUFG_inst/I
    BUFGCTRL_X0Y0        BUFG (Prop_bufg_I_O)         0.030     1.691 r  clk_IBUF_BUFG_inst/O
                         net (fo=65, routed)          1.050     2.741    clk_IBUF_BUFG
    SLICE_X45Y36         FDRE                                         r  b_reg_reg[0]/C

Slack:                    inf
  Source:                 a[8]
                            (input port)
  Destination:            a_reg_reg[8]/D
                            (rising edge-triggered cell FDRE clocked by clock  {rise@0.000ns fall@3.508ns period=7.017ns})
  Path Group:             (none)
  Path Type:              Hold (Min at Fast Process Corner)
  Data Path Delay:        0.776ns  (logic 0.128ns (16.546%)  route 0.647ns (83.454%))
  Logic Levels:           1  (IBUF=1)
  Clock Path Skew:        2.722ns (DCD - SCD - CPR)
    Destination Clock Delay (DCD):    2.722ns
    Source Clock Delay      (SCD):    0.000ns
    Clock Pessimism Removal (CPR):    -0.000ns

    Location             Delay type                Incr(ns)  Path(ns)    Netlist Resource(s)
  -------------------------------------------------------------------    -------------------
    AN30                                              0.000     0.000 r  a[8] (IN)
                         net (fo=0)                   0.000     0.000    a[8]
    AN30                                                              r  a_IBUF[8]_inst/I
    AN30                 IBUF (Prop_ibuf_I_O)         0.128     0.128 r  a_IBUF[8]_inst/O
                         net (fo=1, routed)           0.647     0.776    a_IBUF[8]
    SLICE_X51Y29         FDRE                                         r  a_reg_reg[8]/D
  -------------------------------------------------------------------    -------------------

                         (clock clock rise edge)      0.000     0.000 r  
    AU32                                              0.000     0.000 r  clk (IN)
                         net (fo=0)                   0.000     0.000    clk
    AU32                                                              r  clk_IBUF_inst/I
    AU32                 IBUF (Prop_ibuf_I_O)         0.315     0.315 r  clk_IBUF_inst/O
                         net (fo=1, routed)           1.346     1.661    clk_IBUF
    BUFGCTRL_X0Y0                                                     r  clk_IBUF_BUFG_inst/I
    BUFGCTRL_X0Y0        BUFG (Prop_bufg_I_O)         0.030     1.691 r  clk_IBUF_BUFG_inst/O
                         net (fo=65, routed)          1.031     2.722    clk_IBUF_BUFG
    SLICE_X51Y29         FDRE                                         r  a_reg_reg[8]/C

Slack:                    inf
  Source:                 a[7]
                            (input port)
  Destination:            a_reg_reg[7]/D
                            (rising edge-triggered cell FDRE clocked by clock  {rise@0.000ns fall@3.508ns period=7.017ns})
  Path Group:             (none)
  Path Type:              Hold (Min at Fast Process Corner)
  Data Path Delay:        0.780ns  (logic 0.128ns (16.361%)  route 0.652ns (83.639%))
  Logic Levels:           1  (IBUF=1)
  Clock Path Skew:        2.723ns (DCD - SCD - CPR)
    Destination Clock Delay (DCD):    2.723ns
    Source Clock Delay      (SCD):    0.000ns
    Clock Pessimism Removal (CPR):    -0.000ns

    Location             Delay type                Incr(ns)  Path(ns)    Netlist Resource(s)
  -------------------------------------------------------------------    -------------------
    AP30                                              0.000     0.000 r  a[7] (IN)
                         net (fo=0)                   0.000     0.000    a[7]
    AP30                                                              r  a_IBUF[7]_inst/I
    AP30                 IBUF (Prop_ibuf_I_O)         0.128     0.128 r  a_IBUF[7]_inst/O
                         net (fo=1, routed)           0.652     0.780    a_IBUF[7]
    SLICE_X48Y30         FDRE                                         r  a_reg_reg[7]/D
  -------------------------------------------------------------------    -------------------

                         (clock clock rise edge)      0.000     0.000 r  
    AU32                                              0.000     0.000 r  clk (IN)
                         net (fo=0)                   0.000     0.000    clk
    AU32                                                              r  clk_IBUF_inst/I
    AU32                 IBUF (Prop_ibuf_I_O)         0.315     0.315 r  clk_IBUF_inst/O
                         net (fo=1, routed)           1.346     1.661    clk_IBUF
    BUFGCTRL_X0Y0                                                     r  clk_IBUF_BUFG_inst/I
    BUFGCTRL_X0Y0        BUFG (Prop_bufg_I_O)         0.030     1.691 r  clk_IBUF_BUFG_inst/O
                         net (fo=65, routed)          1.032     2.723    clk_IBUF_BUFG
    SLICE_X48Y30         FDRE                                         r  a_reg_reg[7]/C

Slack:                    inf
  Source:                 a[9]
                            (input port)
  Destination:            a_reg_reg[9]/D
                            (rising edge-triggered cell FDRE clocked by clock  {rise@0.000ns fall@3.508ns period=7.017ns})
  Path Group:             (none)
  Path Type:              Hold (Min at Fast Process Corner)
  Data Path Delay:        0.792ns  (logic 0.151ns (19.012%)  route 0.641ns (80.988%))
  Logic Levels:           1  (IBUF=1)
  Clock Path Skew:        2.722ns (DCD - SCD - CPR)
    Destination Clock Delay (DCD):    2.722ns
    Source Clock Delay      (SCD):    0.000ns
    Clock Pessimism Removal (CPR):    -0.000ns

    Location             Delay type                Incr(ns)  Path(ns)    Netlist Resource(s)
  -------------------------------------------------------------------    -------------------
    AV31                                              0.000     0.000 r  a[9] (IN)
                         net (fo=0)                   0.000     0.000    a[9]
    AV31                                                              r  a_IBUF[9]_inst/I
    AV31                 IBUF (Prop_ibuf_I_O)         0.151     0.151 r  a_IBUF[9]_inst/O
                         net (fo=1, routed)           0.641     0.792    a_IBUF[9]
    SLICE_X48Y29         FDRE                                         r  a_reg_reg[9]/D
  -------------------------------------------------------------------    -------------------

                         (clock clock rise edge)      0.000     0.000 r  
    AU32                                              0.000     0.000 r  clk (IN)
                         net (fo=0)                   0.000     0.000    clk
    AU32                                                              r  clk_IBUF_inst/I
    AU32                 IBUF (Prop_ibuf_I_O)         0.315     0.315 r  clk_IBUF_inst/O
                         net (fo=1, routed)           1.346     1.661    clk_IBUF
    BUFGCTRL_X0Y0                                                     r  clk_IBUF_BUFG_inst/I
    BUFGCTRL_X0Y0        BUFG (Prop_bufg_I_O)         0.030     1.691 r  clk_IBUF_BUFG_inst/O
                         net (fo=65, routed)          1.031     2.722    clk_IBUF_BUFG
    SLICE_X48Y29         FDRE                                         r  a_reg_reg[9]/C

Slack:                    inf
  Source:                 a[0]
                            (input port)
  Destination:            a_reg_reg[0]/D
                            (rising edge-triggered cell FDRE clocked by clock  {rise@0.000ns fall@3.508ns period=7.017ns})
  Path Group:             (none)
  Path Type:              Hold (Min at Fast Process Corner)
  Data Path Delay:        0.795ns  (logic 0.124ns (15.642%)  route 0.671ns (84.358%))
  Logic Levels:           1  (IBUF=1)
  Clock Path Skew:        2.722ns (DCD - SCD - CPR)
    Destination Clock Delay (DCD):    2.722ns
    Source Clock Delay      (SCD):    0.000ns
    Clock Pessimism Removal (CPR):    -0.000ns

    Location             Delay type                Incr(ns)  Path(ns)    Netlist Resource(s)
  -------------------------------------------------------------------    -------------------
    AT31                                              0.000     0.000 r  a[0] (IN)
                         net (fo=0)                   0.000     0.000    a[0]
    AT31                                                              r  a_IBUF[0]_inst/I
    AT31                 IBUF (Prop_ibuf_I_O)         0.124     0.124 r  a_IBUF[0]_inst/O
                         net (fo=1, routed)           0.671     0.795    a_IBUF[0]
    SLICE_X48Y29         FDRE                                         r  a_reg_reg[0]/D
  -------------------------------------------------------------------    -------------------

                         (clock clock rise edge)      0.000     0.000 r  
    AU32                                              0.000     0.000 r  clk (IN)
                         net (fo=0)                   0.000     0.000    clk
    AU32                                                              r  clk_IBUF_inst/I
    AU32                 IBUF (Prop_ibuf_I_O)         0.315     0.315 r  clk_IBUF_inst/O
                         net (fo=1, routed)           1.346     1.661    clk_IBUF
    BUFGCTRL_X0Y0                                                     r  clk_IBUF_BUFG_inst/I
    BUFGCTRL_X0Y0        BUFG (Prop_bufg_I_O)         0.030     1.691 r  clk_IBUF_BUFG_inst/O
                         net (fo=65, routed)          1.031     2.722    clk_IBUF_BUFG
    SLICE_X48Y29         FDRE                                         r  a_reg_reg[0]/C

Slack:                    inf
  Source:                 b[6]
                            (input port)
  Destination:            b_reg_reg[6]/D
                            (rising edge-triggered cell FDRE clocked by clock  {rise@0.000ns fall@3.508ns period=7.017ns})
  Path Group:             (none)
  Path Type:              Hold (Min at Fast Process Corner)
  Data Path Delay:        0.804ns  (logic 0.099ns (12.321%)  route 0.705ns (87.679%))
  Logic Levels:           1  (IBUF=1)
  Clock Path Skew:        2.744ns (DCD - SCD - CPR)
    Destination Clock Delay (DCD):    2.744ns
    Source Clock Delay      (SCD):    0.000ns
    Clock Pessimism Removal (CPR):    -0.000ns

    Location             Delay type                Incr(ns)  Path(ns)    Netlist Resource(s)
  -------------------------------------------------------------------    -------------------
    AK28                                              0.000     0.000 r  b[6] (IN)
                         net (fo=0)                   0.000     0.000    b[6]
    AK28                                                              r  b_IBUF[6]_inst/I
    AK28                 IBUF (Prop_ibuf_I_O)         0.099     0.099 r  b_IBUF[6]_inst/O
                         net (fo=1, routed)           0.705     0.804    b_IBUF[6]
    SLICE_X46Y38         FDRE                                         r  b_reg_reg[6]/D
  -------------------------------------------------------------------    -------------------

                         (clock clock rise edge)      0.000     0.000 r  
    AU32                                              0.000     0.000 r  clk (IN)
                         net (fo=0)                   0.000     0.000    clk
    AU32                                                              r  clk_IBUF_inst/I
    AU32                 IBUF (Prop_ibuf_I_O)         0.315     0.315 r  clk_IBUF_inst/O
                         net (fo=1, routed)           1.346     1.661    clk_IBUF
    BUFGCTRL_X0Y0                                                     r  clk_IBUF_BUFG_inst/I
    BUFGCTRL_X0Y0        BUFG (Prop_bufg_I_O)         0.030     1.691 r  clk_IBUF_BUFG_inst/O
                         net (fo=65, routed)          1.053     2.744    clk_IBUF_BUFG
    SLICE_X46Y38         FDRE                                         r  b_reg_reg[6]/C

Slack:                    inf
  Source:                 a[1]
                            (input port)
  Destination:            a_reg_reg[1]/D
                            (rising edge-triggered cell FDRE clocked by clock  {rise@0.000ns fall@3.508ns period=7.017ns})
  Path Group:             (none)
  Path Type:              Hold (Min at Fast Process Corner)
  Data Path Delay:        0.815ns  (logic 0.125ns (15.286%)  route 0.690ns (84.714%))
  Logic Levels:           1  (IBUF=1)
  Clock Path Skew:        2.738ns (DCD - SCD - CPR)
    Destination Clock Delay (DCD):    2.738ns
    Source Clock Delay      (SCD):    0.000ns
    Clock Pessimism Removal (CPR):    -0.000ns

    Location             Delay type                Incr(ns)  Path(ns)    Netlist Resource(s)
  -------------------------------------------------------------------    -------------------
    AR33                                              0.000     0.000 r  a[1] (IN)
                         net (fo=0)                   0.000     0.000    a[1]
    AR33                                                              r  a_IBUF[1]_inst/I
    AR33                 IBUF (Prop_ibuf_I_O)         0.125     0.125 r  a_IBUF[1]_inst/O
                         net (fo=1, routed)           0.690     0.815    a_IBUF[1]
    SLICE_X47Y32         FDRE                                         r  a_reg_reg[1]/D
  -------------------------------------------------------------------    -------------------

                         (clock clock rise edge)      0.000     0.000 r  
    AU32                                              0.000     0.000 r  clk (IN)
                         net (fo=0)                   0.000     0.000    clk
    AU32                                                              r  clk_IBUF_inst/I
    AU32                 IBUF (Prop_ibuf_I_O)         0.315     0.315 r  clk_IBUF_inst/O
                         net (fo=1, routed)           1.346     1.661    clk_IBUF
    BUFGCTRL_X0Y0                                                     r  clk_IBUF_BUFG_inst/I
    BUFGCTRL_X0Y0        BUFG (Prop_bufg_I_O)         0.030     1.691 r  clk_IBUF_BUFG_inst/O
                         net (fo=65, routed)          1.047     2.738    clk_IBUF_BUFG
    SLICE_X47Y32         FDRE                                         r  a_reg_reg[1]/C

Slack:                    inf
  Source:                 b[7]
                            (input port)
  Destination:            b_reg_reg[7]/D
                            (rising edge-triggered cell FDRE clocked by clock  {rise@0.000ns fall@3.508ns period=7.017ns})
  Path Group:             (none)
  Path Type:              Hold (Min at Fast Process Corner)
  Data Path Delay:        0.825ns  (logic 0.095ns (11.529%)  route 0.730ns (88.471%))
  Logic Levels:           1  (IBUF=1)
  Clock Path Skew:        2.742ns (DCD - SCD - CPR)
    Destination Clock Delay (DCD):    2.742ns
    Source Clock Delay      (SCD):    0.000ns
    Clock Pessimism Removal (CPR):    -0.000ns

    Location             Delay type                Incr(ns)  Path(ns)    Netlist Resource(s)
  -------------------------------------------------------------------    -------------------
    AG29                                              0.000     0.000 r  b[7] (IN)
                         net (fo=0)                   0.000     0.000    b[7]
    AG29                                                              r  b_IBUF[7]_inst/I
    AG29                 IBUF (Prop_ibuf_I_O)         0.095     0.095 r  b_IBUF[7]_inst/O
                         net (fo=1, routed)           0.730     0.825    b_IBUF[7]
    SLICE_X44Y37         FDRE                                         r  b_reg_reg[7]/D
  -------------------------------------------------------------------    -------------------

                         (clock clock rise edge)      0.000     0.000 r  
    AU32                                              0.000     0.000 r  clk (IN)
                         net (fo=0)                   0.000     0.000    clk
    AU32                                                              r  clk_IBUF_inst/I
    AU32                 IBUF (Prop_ibuf_I_O)         0.315     0.315 r  clk_IBUF_inst/O
                         net (fo=1, routed)           1.346     1.661    clk_IBUF
    BUFGCTRL_X0Y0                                                     r  clk_IBUF_BUFG_inst/I
    BUFGCTRL_X0Y0        BUFG (Prop_bufg_I_O)         0.030     1.691 r  clk_IBUF_BUFG_inst/O
                         net (fo=65, routed)          1.051     2.742    clk_IBUF_BUFG
    SLICE_X44Y37         FDRE                                         r  b_reg_reg[7]/C

Slack:                    inf
  Source:                 a[4]
                            (input port)
  Destination:            a_reg_reg[4]/D
                            (rising edge-triggered cell FDRE clocked by clock  {rise@0.000ns fall@3.508ns period=7.017ns})
  Path Group:             (none)
  Path Type:              Hold (Min at Fast Process Corner)
  Data Path Delay:        0.840ns  (logic 0.115ns (13.638%)  route 0.725ns (86.362%))
  Logic Levels:           1  (IBUF=1)
  Clock Path Skew:        2.723ns (DCD - SCD - CPR)
    Destination Clock Delay (DCD):    2.723ns
    Source Clock Delay      (SCD):    0.000ns
    Clock Pessimism Removal (CPR):    -0.000ns

    Location             Delay type                Incr(ns)  Path(ns)    Netlist Resource(s)
  -------------------------------------------------------------------    -------------------
    AN31                                              0.000     0.000 r  a[4] (IN)
                         net (fo=0)                   0.000     0.000    a[4]
    AN31                                                              r  a_IBUF[4]_inst/I
    AN31                 IBUF (Prop_ibuf_I_O)         0.115     0.115 r  a_IBUF[4]_inst/O
                         net (fo=1, routed)           0.725     0.840    a_IBUF[4]
    SLICE_X48Y30         FDRE                                         r  a_reg_reg[4]/D
  -------------------------------------------------------------------    -------------------

                         (clock clock rise edge)      0.000     0.000 r  
    AU32                                              0.000     0.000 r  clk (IN)
                         net (fo=0)                   0.000     0.000    clk
    AU32                                                              r  clk_IBUF_inst/I
    AU32                 IBUF (Prop_ibuf_I_O)         0.315     0.315 r  clk_IBUF_inst/O
                         net (fo=1, routed)           1.346     1.661    clk_IBUF
    BUFGCTRL_X0Y0                                                     r  clk_IBUF_BUFG_inst/I
    BUFGCTRL_X0Y0        BUFG (Prop_bufg_I_O)         0.030     1.691 r  clk_IBUF_BUFG_inst/O
                         net (fo=65, routed)          1.032     2.723    clk_IBUF_BUFG
    SLICE_X48Y30         FDRE                                         r  a_reg_reg[4]/C

Slack:                    inf
  Source:                 b[5]
                            (input port)
  Destination:            b_reg_reg[5]/D
                            (rising edge-triggered cell FDRE clocked by clock  {rise@0.000ns fall@3.508ns period=7.017ns})
  Path Group:             (none)
  Path Type:              Hold (Min at Fast Process Corner)
  Data Path Delay:        0.841ns  (logic 0.091ns (10.854%)  route 0.750ns (89.146%))
  Logic Levels:           1  (IBUF=1)
  Clock Path Skew:        2.744ns (DCD - SCD - CPR)
    Destination Clock Delay (DCD):    2.744ns
    Source Clock Delay      (SCD):    0.000ns
    Clock Pessimism Removal (CPR):    -0.000ns

    Location             Delay type                Incr(ns)  Path(ns)    Netlist Resource(s)
  -------------------------------------------------------------------    -------------------
    AK29                                              0.000     0.000 r  b[5] (IN)
                         net (fo=0)                   0.000     0.000    b[5]
    AK29                                                              r  b_IBUF[5]_inst/I
    AK29                 IBUF (Prop_ibuf_I_O)         0.091     0.091 r  b_IBUF[5]_inst/O
                         net (fo=1, routed)           0.750     0.841    b_IBUF[5]
    SLICE_X47Y38         FDRE                                         r  b_reg_reg[5]/D
  -------------------------------------------------------------------    -------------------

                         (clock clock rise edge)      0.000     0.000 r  
    AU32                                              0.000     0.000 r  clk (IN)
                         net (fo=0)                   0.000     0.000    clk
    AU32                                                              r  clk_IBUF_inst/I
    AU32                 IBUF (Prop_ibuf_I_O)         0.315     0.315 r  clk_IBUF_inst/O
                         net (fo=1, routed)           1.346     1.661    clk_IBUF
    BUFGCTRL_X0Y0                                                     r  clk_IBUF_BUFG_inst/I
    BUFGCTRL_X0Y0        BUFG (Prop_bufg_I_O)         0.030     1.691 r  clk_IBUF_BUFG_inst/O
                         net (fo=65, routed)          1.053     2.744    clk_IBUF_BUFG
    SLICE_X47Y38         FDRE                                         r  b_reg_reg[5]/C

Slack:                    inf
  Source:                 b[8]
                            (input port)
  Destination:            b_reg_reg[8]/D
                            (rising edge-triggered cell FDRE clocked by clock  {rise@0.000ns fall@3.508ns period=7.017ns})
  Path Group:             (none)
  Path Type:              Hold (Min at Fast Process Corner)
  Data Path Delay:        0.850ns  (logic 0.099ns (11.656%)  route 0.751ns (88.344%))
  Logic Levels:           1  (IBUF=1)
  Clock Path Skew:        2.744ns (DCD - SCD - CPR)
    Destination Clock Delay (DCD):    2.744ns
    Source Clock Delay      (SCD):    0.000ns
    Clock Pessimism Removal (CPR):    -0.000ns

    Location             Delay type                Incr(ns)  Path(ns)    Netlist Resource(s)
  -------------------------------------------------------------------    -------------------
    AF29                                              0.000     0.000 r  b[8] (IN)
                         net (fo=0)                   0.000     0.000    b[8]
    AF29                                                              r  b_IBUF[8]_inst/I
    AF29                 IBUF (Prop_ibuf_I_O)         0.099     0.099 r  b_IBUF[8]_inst/O
                         net (fo=1, routed)           0.751     0.850    b_IBUF[8]
    SLICE_X47Y38         FDRE                                         r  b_reg_reg[8]/D
  -------------------------------------------------------------------    -------------------

                         (clock clock rise edge)      0.000     0.000 r  
    AU32                                              0.000     0.000 r  clk (IN)
                         net (fo=0)                   0.000     0.000    clk
    AU32                                                              r  clk_IBUF_inst/I
    AU32                 IBUF (Prop_ibuf_I_O)         0.315     0.315 r  clk_IBUF_inst/O
                         net (fo=1, routed)           1.346     1.661    clk_IBUF
    BUFGCTRL_X0Y0                                                     r  clk_IBUF_BUFG_inst/I
    BUFGCTRL_X0Y0        BUFG (Prop_bufg_I_O)         0.030     1.691 r  clk_IBUF_BUFG_inst/O
                         net (fo=65, routed)          1.053     2.744    clk_IBUF_BUFG
    SLICE_X47Y38         FDRE                                         r  b_reg_reg[8]/C

Slack:                    inf
  Source:                 func
                            (input port)
  Destination:            func_reg_reg/D
                            (rising edge-triggered cell FDRE clocked by clock  {rise@0.000ns fall@3.508ns period=7.017ns})
  Path Group:             (none)
  Path Type:              Hold (Min at Fast Process Corner)
  Data Path Delay:        0.865ns  (logic 0.176ns (20.325%)  route 0.689ns (79.675%))
  Logic Levels:           1  (IBUF=1)
  Clock Path Skew:        2.736ns (DCD - SCD - CPR)
    Destination Clock Delay (DCD):    2.736ns
    Source Clock Delay      (SCD):    0.000ns
    Clock Pessimism Removal (CPR):    -0.000ns

    Location             Delay type                Incr(ns)  Path(ns)    Netlist Resource(s)
  -------------------------------------------------------------------    -------------------
    BA30                                              0.000     0.000 r  func (IN)
                         net (fo=0)                   0.000     0.000    func
    BA30                                                              r  func_IBUF_inst/I
    BA30                 IBUF (Prop_ibuf_I_O)         0.176     0.176 r  func_IBUF_inst/O
                         net (fo=1, routed)           0.689     0.865    func_IBUF
    SLICE_X47Y30         FDRE                                         r  func_reg_reg/D
  -------------------------------------------------------------------    -------------------

                         (clock clock rise edge)      0.000     0.000 r  
    AU32                                              0.000     0.000 r  clk (IN)
                         net (fo=0)                   0.000     0.000    clk
    AU32                                                              r  clk_IBUF_inst/I
    AU32                 IBUF (Prop_ibuf_I_O)         0.315     0.315 r  clk_IBUF_inst/O
                         net (fo=1, routed)           1.346     1.661    clk_IBUF
    BUFGCTRL_X0Y0                                                     r  clk_IBUF_BUFG_inst/I
    BUFGCTRL_X0Y0        BUFG (Prop_bufg_I_O)         0.030     1.691 r  clk_IBUF_BUFG_inst/O
                         net (fo=65, routed)          1.045     2.736    clk_IBUF_BUFG
    SLICE_X47Y30         FDRE                                         r  func_reg_reg/C

Slack:                    inf
  Source:                 b[9]
                            (input port)
  Destination:            b_reg_reg[9]/D
                            (rising edge-triggered cell FDRE clocked by clock  {rise@0.000ns fall@3.508ns period=7.017ns})
  Path Group:             (none)
  Path Type:              Hold (Min at Fast Process Corner)
  Data Path Delay:        0.887ns  (logic 0.094ns (10.583%)  route 0.793ns (89.417%))
  Logic Levels:           1  (IBUF=1)
  Clock Path Skew:        2.744ns (DCD - SCD - CPR)
    Destination Clock Delay (DCD):    2.744ns
    Source Clock Delay      (SCD):    0.000ns
    Clock Pessimism Removal (CPR):    -0.000ns

    Location             Delay type                Incr(ns)  Path(ns)    Netlist Resource(s)
  -------------------------------------------------------------------    -------------------
    AK30                                              0.000     0.000 r  b[9] (IN)
                         net (fo=0)                   0.000     0.000    b[9]
    AK30                                                              r  b_IBUF[9]_inst/I
    AK30                 IBUF (Prop_ibuf_I_O)         0.094     0.094 r  b_IBUF[9]_inst/O
                         net (fo=1, routed)           0.793     0.887    b_IBUF[9]
    SLICE_X45Y38         FDRE                                         r  b_reg_reg[9]/D
  -------------------------------------------------------------------    -------------------

                         (clock clock rise edge)      0.000     0.000 r  
    AU32                                              0.000     0.000 r  clk (IN)
                         net (fo=0)                   0.000     0.000    clk
    AU32                                                              r  clk_IBUF_inst/I
    AU32                 IBUF (Prop_ibuf_I_O)         0.315     0.315 r  clk_IBUF_inst/O
                         net (fo=1, routed)           1.346     1.661    clk_IBUF
    BUFGCTRL_X0Y0                                                     r  clk_IBUF_BUFG_inst/I
    BUFGCTRL_X0Y0        BUFG (Prop_bufg_I_O)         0.030     1.691 r  clk_IBUF_BUFG_inst/O
                         net (fo=65, routed)          1.053     2.744    clk_IBUF_BUFG
    SLICE_X45Y38         FDRE                                         r  b_reg_reg[9]/C

Slack:                    inf
  Source:                 b[10]
                            (input port)
  Destination:            b_reg_reg[10]/D
                            (rising edge-triggered cell FDRE clocked by clock  {rise@0.000ns fall@3.508ns period=7.017ns})
  Path Group:             (none)
  Path Type:              Hold (Min at Fast Process Corner)
  Data Path Delay:        0.894ns  (logic 0.093ns (10.434%)  route 0.801ns (89.566%))
  Logic Levels:           1  (IBUF=1)
  Clock Path Skew:        2.744ns (DCD - SCD - CPR)
    Destination Clock Delay (DCD):    2.744ns
    Source Clock Delay      (SCD):    0.000ns
    Clock Pessimism Removal (CPR):    -0.000ns

    Location             Delay type                Incr(ns)  Path(ns)    Netlist Resource(s)
  -------------------------------------------------------------------    -------------------
    AJ30                                              0.000     0.000 r  b[10] (IN)
                         net (fo=0)                   0.000     0.000    b[10]
    AJ30                                                              r  b_IBUF[10]_inst/I
    AJ30                 IBUF (Prop_ibuf_I_O)         0.093     0.093 r  b_IBUF[10]_inst/O
                         net (fo=1, routed)           0.801     0.894    b_IBUF[10]
    SLICE_X44Y38         FDRE                                         r  b_reg_reg[10]/D
  -------------------------------------------------------------------    -------------------

                         (clock clock rise edge)      0.000     0.000 r  
    AU32                                              0.000     0.000 r  clk (IN)
                         net (fo=0)                   0.000     0.000    clk
    AU32                                                              r  clk_IBUF_inst/I
    AU32                 IBUF (Prop_ibuf_I_O)         0.315     0.315 r  clk_IBUF_inst/O
                         net (fo=1, routed)           1.346     1.661    clk_IBUF
    BUFGCTRL_X0Y0                                                     r  clk_IBUF_BUFG_inst/I
    BUFGCTRL_X0Y0        BUFG (Prop_bufg_I_O)         0.030     1.691 r  clk_IBUF_BUFG_inst/O
                         net (fo=65, routed)          1.053     2.744    clk_IBUF_BUFG
    SLICE_X44Y38         FDRE                                         r  b_reg_reg[10]/C

Slack:                    inf
  Source:                 b[1]
                            (input port)
  Destination:            b_reg_reg[1]/D
                            (rising edge-triggered cell FDRE clocked by clock  {rise@0.000ns fall@3.508ns period=7.017ns})
  Path Group:             (none)
  Path Type:              Hold (Min at Fast Process Corner)
  Data Path Delay:        0.976ns  (logic 0.073ns (7.494%)  route 0.903ns (92.506%))
  Logic Levels:           1  (IBUF=1)
  Clock Path Skew:        2.741ns (DCD - SCD - CPR)
    Destination Clock Delay (DCD):    2.741ns
    Source Clock Delay      (SCD):    0.000ns
    Clock Pessimism Removal (CPR):    -0.000ns

    Location             Delay type                Incr(ns)  Path(ns)    Netlist Resource(s)
  -------------------------------------------------------------------    -------------------
    AJ28                                              0.000     0.000 r  b[1] (IN)
                         net (fo=0)                   0.000     0.000    b[1]
    AJ28                                                              r  b_IBUF[1]_inst/I
    AJ28                 IBUF (Prop_ibuf_I_O)         0.073     0.073 r  b_IBUF[1]_inst/O
                         net (fo=1, routed)           0.903     0.976    b_IBUF[1]
    SLICE_X44Y35         FDRE                                         r  b_reg_reg[1]/D
  -------------------------------------------------------------------    -------------------

                         (clock clock rise edge)      0.000     0.000 r  
    AU32                                              0.000     0.000 r  clk (IN)
                         net (fo=0)                   0.000     0.000    clk
    AU32                                                              r  clk_IBUF_inst/I
    AU32                 IBUF (Prop_ibuf_I_O)         0.315     0.315 r  clk_IBUF_inst/O
                         net (fo=1, routed)           1.346     1.661    clk_IBUF
    BUFGCTRL_X0Y0                                                     r  clk_IBUF_BUFG_inst/I
    BUFGCTRL_X0Y0        BUFG (Prop_bufg_I_O)         0.030     1.691 r  clk_IBUF_BUFG_inst/O
                         net (fo=65, routed)          1.050     2.741    clk_IBUF_BUFG
    SLICE_X44Y35         FDRE                                         r  b_reg_reg[1]/C

Slack:                    inf
  Source:                 b[14]
                            (input port)
  Destination:            b_reg_reg[14]/D
                            (rising edge-triggered cell FDRE clocked by clock  {rise@0.000ns fall@3.508ns period=7.017ns})
  Path Group:             (none)
  Path Type:              Hold (Min at Fast Process Corner)
  Data Path Delay:        0.999ns  (logic 0.114ns (11.379%)  route 0.886ns (88.621%))
  Logic Levels:           1  (IBUF=1)
  Clock Path Skew:        2.741ns (DCD - SCD - CPR)
    Destination Clock Delay (DCD):    2.741ns
    Source Clock Delay      (SCD):    0.000ns
    Clock Pessimism Removal (CPR):    -0.000ns

    Location             Delay type                Incr(ns)  Path(ns)    Netlist Resource(s)
  -------------------------------------------------------------------    -------------------
    AL29                                              0.000     0.000 r  b[14] (IN)
                         net (fo=0)                   0.000     0.000    b[14]
    AL29                                                              r  b_IBUF[14]_inst/I
    AL29                 IBUF (Prop_ibuf_I_O)         0.114     0.114 r  b_IBUF[14]_inst/O
                         net (fo=1, routed)           0.886     0.999    b_IBUF[14]
    SLICE_X44Y36         FDRE                                         r  b_reg_reg[14]/D
  -------------------------------------------------------------------    -------------------

                         (clock clock rise edge)      0.000     0.000 r  
    AU32                                              0.000     0.000 r  clk (IN)
                         net (fo=0)                   0.000     0.000    clk
    AU32                                                              r  clk_IBUF_inst/I
    AU32                 IBUF (Prop_ibuf_I_O)         0.315     0.315 r  clk_IBUF_inst/O
                         net (fo=1, routed)           1.346     1.661    clk_IBUF
    BUFGCTRL_X0Y0                                                     r  clk_IBUF_BUFG_inst/I
    BUFGCTRL_X0Y0        BUFG (Prop_bufg_I_O)         0.030     1.691 r  clk_IBUF_BUFG_inst/O
                         net (fo=65, routed)          1.050     2.741    clk_IBUF_BUFG
    SLICE_X44Y36         FDRE                                         r  b_reg_reg[14]/C

Slack:                    inf
  Source:                 b[12]
                            (input port)
  Destination:            b_reg_reg[12]/D
                            (rising edge-triggered cell FDRE clocked by clock  {rise@0.000ns fall@3.508ns period=7.017ns})
  Path Group:             (none)
  Path Type:              Hold (Min at Fast Process Corner)
  Data Path Delay:        1.082ns  (logic 0.121ns (11.161%)  route 0.961ns (88.839%))
  Logic Levels:           1  (IBUF=1)
  Clock Path Skew:        2.741ns (DCD - SCD - CPR)
    Destination Clock Delay (DCD):    2.741ns
    Source Clock Delay      (SCD):    0.000ns
    Clock Pessimism Removal (CPR):    -0.000ns

    Location             Delay type                Incr(ns)  Path(ns)    Netlist Resource(s)
  -------------------------------------------------------------------    -------------------
    AH29                                              0.000     0.000 r  b[12] (IN)
                         net (fo=0)                   0.000     0.000    b[12]
    AH29                                                              r  b_IBUF[12]_inst/I
    AH29                 IBUF (Prop_ibuf_I_O)         0.121     0.121 r  b_IBUF[12]_inst/O
                         net (fo=1, routed)           0.961     1.082    b_IBUF[12]
    SLICE_X45Y36         FDRE                                         r  b_reg_reg[12]/D
  -------------------------------------------------------------------    -------------------

                         (clock clock rise edge)      0.000     0.000 r  
    AU32                                              0.000     0.000 r  clk (IN)
                         net (fo=0)                   0.000     0.000    clk
    AU32                                                              r  clk_IBUF_inst/I
    AU32                 IBUF (Prop_ibuf_I_O)         0.315     0.315 r  clk_IBUF_inst/O
                         net (fo=1, routed)           1.346     1.661    clk_IBUF
    BUFGCTRL_X0Y0                                                     r  clk_IBUF_BUFG_inst/I
    BUFGCTRL_X0Y0        BUFG (Prop_bufg_I_O)         0.030     1.691 r  clk_IBUF_BUFG_inst/O
                         net (fo=65, routed)          1.050     2.741    clk_IBUF_BUFG
    SLICE_X45Y36         FDRE                                         r  b_reg_reg[12]/C

Slack:                    inf
  Source:                 b[11]
                            (input port)
  Destination:            b_reg_reg[11]/D
                            (rising edge-triggered cell FDRE clocked by clock  {rise@0.000ns fall@3.508ns period=7.017ns})
  Path Group:             (none)
  Path Type:              Hold (Min at Fast Process Corner)
  Data Path Delay:        1.097ns  (logic 0.104ns (9.469%)  route 0.994ns (90.531%))
  Logic Levels:           1  (IBUF=1)
  Clock Path Skew:        2.741ns (DCD - SCD - CPR)
    Destination Clock Delay (DCD):    2.741ns
    Source Clock Delay      (SCD):    0.000ns
    Clock Pessimism Removal (CPR):    -0.000ns

    Location             Delay type                Incr(ns)  Path(ns)    Netlist Resource(s)
  -------------------------------------------------------------------    -------------------
    AH30                                              0.000     0.000 r  b[11] (IN)
                         net (fo=0)                   0.000     0.000    b[11]
    AH30                                                              r  b_IBUF[11]_inst/I
    AH30                 IBUF (Prop_ibuf_I_O)         0.104     0.104 r  b_IBUF[11]_inst/O
                         net (fo=1, routed)           0.994     1.097    b_IBUF[11]
    SLICE_X44Y36         FDRE                                         r  b_reg_reg[11]/D
  -------------------------------------------------------------------    -------------------

                         (clock clock rise edge)      0.000     0.000 r  
    AU32                                              0.000     0.000 r  clk (IN)
                         net (fo=0)                   0.000     0.000    clk
    AU32                                                              r  clk_IBUF_inst/I
    AU32                 IBUF (Prop_ibuf_I_O)         0.315     0.315 r  clk_IBUF_inst/O
                         net (fo=1, routed)           1.346     1.661    clk_IBUF
    BUFGCTRL_X0Y0                                                     r  clk_IBUF_BUFG_inst/I
    BUFGCTRL_X0Y0        BUFG (Prop_bufg_I_O)         0.030     1.691 r  clk_IBUF_BUFG_inst/O
                         net (fo=65, routed)          1.050     2.741    clk_IBUF_BUFG
    SLICE_X44Y36         FDRE                                         r  b_reg_reg[11]/C

Slack:                    inf
  Source:                 a[12]
                            (input port)
  Destination:            a_reg_reg[12]/D
                            (rising edge-triggered cell FDRE clocked by clock  {rise@0.000ns fall@3.508ns period=7.017ns})
  Path Group:             (none)
  Path Type:              Hold (Min at Fast Process Corner)
  Data Path Delay:        1.170ns  (logic 0.132ns (11.319%)  route 1.038ns (88.681%))
  Logic Levels:           1  (IBUF=1)
  Clock Path Skew:        2.722ns (DCD - SCD - CPR)
    Destination Clock Delay (DCD):    2.722ns
    Source Clock Delay      (SCD):    0.000ns
    Clock Pessimism Removal (CPR):    -0.000ns

    Location             Delay type                Incr(ns)  Path(ns)    Netlist Resource(s)
  -------------------------------------------------------------------    -------------------
    AR30                                              0.000     0.000 r  a[12] (IN)
                         net (fo=0)                   0.000     0.000    a[12]
    AR30                                                              r  a_IBUF[12]_inst/I
    AR30                 IBUF (Prop_ibuf_I_O)         0.132     0.132 r  a_IBUF[12]_inst/O
                         net (fo=1, routed)           1.038     1.170    a_IBUF[12]
    SLICE_X49Y29         FDRE                                         r  a_reg_reg[12]/D
  -------------------------------------------------------------------    -------------------

                         (clock clock rise edge)      0.000     0.000 r  
    AU32                                              0.000     0.000 r  clk (IN)
                         net (fo=0)                   0.000     0.000    clk
    AU32                                                              r  clk_IBUF_inst/I
    AU32                 IBUF (Prop_ibuf_I_O)         0.315     0.315 r  clk_IBUF_inst/O
                         net (fo=1, routed)           1.346     1.661    clk_IBUF
    BUFGCTRL_X0Y0                                                     r  clk_IBUF_BUFG_inst/I
    BUFGCTRL_X0Y0        BUFG (Prop_bufg_I_O)         0.030     1.691 r  clk_IBUF_BUFG_inst/O
                         net (fo=65, routed)          1.031     2.722    clk_IBUF_BUFG
    SLICE_X49Y29         FDRE                                         r  a_reg_reg[12]/C

Slack:                    inf
  Source:                 b[13]
                            (input port)
  Destination:            b_reg_reg[13]/D
                            (rising edge-triggered cell FDRE clocked by clock  {rise@0.000ns fall@3.508ns period=7.017ns})
  Path Group:             (none)
  Path Type:              Hold (Min at Fast Process Corner)
  Data Path Delay:        1.335ns  (logic 0.107ns (7.998%)  route 1.229ns (92.002%))
  Logic Levels:           1  (IBUF=1)
  Clock Path Skew:        2.741ns (DCD - SCD - CPR)
    Destination Clock Delay (DCD):    2.741ns
    Source Clock Delay      (SCD):    0.000ns
    Clock Pessimism Removal (CPR):    -0.000ns

    Location             Delay type                Incr(ns)  Path(ns)    Netlist Resource(s)
  -------------------------------------------------------------------    -------------------
    AL30                                              0.000     0.000 r  b[13] (IN)
                         net (fo=0)                   0.000     0.000    b[13]
    AL30                                                              r  b_IBUF[13]_inst/I
    AL30                 IBUF (Prop_ibuf_I_O)         0.107     0.107 r  b_IBUF[13]_inst/O
                         net (fo=1, routed)           1.229     1.335    b_IBUF[13]
    SLICE_X45Y36         FDRE                                         r  b_reg_reg[13]/D
  -------------------------------------------------------------------    -------------------

                         (clock clock rise edge)      0.000     0.000 r  
    AU32                                              0.000     0.000 r  clk (IN)
                         net (fo=0)                   0.000     0.000    clk
    AU32                                                              r  clk_IBUF_inst/I
    AU32                 IBUF (Prop_ibuf_I_O)         0.315     0.315 r  clk_IBUF_inst/O
                         net (fo=1, routed)           1.346     1.661    clk_IBUF
    BUFGCTRL_X0Y0                                                     r  clk_IBUF_BUFG_inst/I
    BUFGCTRL_X0Y0        BUFG (Prop_bufg_I_O)         0.030     1.691 r  clk_IBUF_BUFG_inst/O
                         net (fo=65, routed)          1.050     2.741    clk_IBUF_BUFG
    SLICE_X45Y36         FDRE                                         r  b_reg_reg[13]/C





