 
****************************************
check_design summary:
Version:     U-2022.12-SP7
Date:        Thu Sep  3 12:44:44 2026
****************************************

                   Name                                            Total
--------------------------------------------------------------------------------
Inputs/Outputs                                                    591
    Unloaded inputs (LINT-8)                                      137
    Unconnected ports (LINT-28)                                   454

Cells                                                             264
    Connected to power or ground (LINT-32)                        227
    Nets connected to multiple pins on same cell (LINT-33)         37

Nets                                                              138
    Unloaded nets (LINT-2)                                        138
--------------------------------------------------------------------------------

Warning: In design 'qiad_prior_fp32_paceio', net 'qiad_core/u_quad/add_0_root_sub_0_root_add_36/A[49]' driven by pin 'qiad_core/u_quad/add_0_root_sub_0_root_add_36/A[49]' has no loads. (LINT-2)
Warning: In design 'qiad_prior_fp32_paceio', net 'qiad_core/u_quad/add_0_root_sub_0_root_add_36/A[50]' driven by pin 'qiad_core/u_quad/add_0_root_sub_0_root_add_36/A[50]' has no loads. (LINT-2)
Warning: In design 'qiad_prior_fp32_paceio', net 'qiad_core/u_quad/add_0_root_sub_0_root_add_36/A[51]' driven by pin 'qiad_core/u_quad/add_0_root_sub_0_root_add_36/A[51]' has no loads. (LINT-2)
Warning: In design 'qiad_prior_fp32_paceio', net 'qiad_core/u_quad/add_0_root_sub_0_root_add_36/A[19]' driven by pin 'qiad_core/u_quad/add_0_root_sub_0_root_add_36/A[19]' has no loads. (LINT-2)
Warning: In design 'qiad_prior_fp32_paceio', net 'qiad_core/u_quad/sub_1_root_sub_0_root_add_36/B[19]' driven by pin 'qiad_core/u_quad/sub_1_root_sub_0_root_add_36/B[19]' has no loads. (LINT-2)
Warning: In design 'qiad_prior_fp32_paceio', net 'qiad_core/u_quad/add_0_root_sub_0_root_add_36/A[18]' driven by pin 'qiad_core/u_quad/add_0_root_sub_0_root_add_36/A[18]' has no loads. (LINT-2)
Warning: In design 'qiad_prior_fp32_paceio', net 'qiad_core/u_quad/sub_1_root_sub_0_root_add_36/B[18]' driven by pin 'qiad_core/u_quad/sub_1_root_sub_0_root_add_36/B[18]' has no loads. (LINT-2)
Warning: In design 'qiad_prior_fp32_paceio', net 'qiad_core/u_quad/add_0_root_sub_0_root_add_36/A[17]' driven by pin 'qiad_core/u_quad/add_0_root_sub_0_root_add_36/A[17]' has no loads. (LINT-2)
Warning: In design 'qiad_prior_fp32_paceio', net 'qiad_core/u_quad/sub_1_root_sub_0_root_add_36/B[17]' driven by pin 'qiad_core/u_quad/sub_1_root_sub_0_root_add_36/B[17]' has no loads. (LINT-2)
Warning: In design 'qiad_prior_fp32_paceio', net 'qiad_core/u_quad/add_0_root_sub_0_root_add_36/A[16]' driven by pin 'qiad_core/u_quad/add_0_root_sub_0_root_add_36/A[16]' has no loads. (LINT-2)
Warning: In design 'qiad_prior_fp32_paceio', net 'qiad_core/u_quad/sub_1_root_sub_0_root_add_36/B[16]' driven by pin 'qiad_core/u_quad/sub_1_root_sub_0_root_add_36/B[16]' has no loads. (LINT-2)
Warning: In design 'qiad_prior_fp32_paceio', net 'qiad_core/u_quad/add_0_root_sub_0_root_add_36/A[15]' driven by pin 'qiad_core/u_quad/add_0_root_sub_0_root_add_36/A[15]' has no loads. (LINT-2)
Warning: In design 'qiad_prior_fp32_paceio', net 'qiad_core/u_quad/sub_1_root_sub_0_root_add_36/B[15]' driven by pin 'qiad_core/u_quad/sub_1_root_sub_0_root_add_36/B[15]' has no loads. (LINT-2)
Warning: In design 'qiad_prior_fp32_paceio', net 'qiad_core/u_quad/add_0_root_sub_0_root_add_36/A[14]' driven by pin 'qiad_core/u_quad/add_0_root_sub_0_root_add_36/A[14]' has no loads. (LINT-2)
Warning: In design 'qiad_prior_fp32_paceio', net 'qiad_core/u_quad/sub_1_root_sub_0_root_add_36/B[14]' driven by pin 'qiad_core/u_quad/sub_1_root_sub_0_root_add_36/B[14]' has no loads. (LINT-2)
Warning: In design 'qiad_prior_fp32_paceio', net 'qiad_core/u_quad/add_0_root_sub_0_root_add_36/A[13]' driven by pin 'qiad_core/u_quad/add_0_root_sub_0_root_add_36/A[13]' has no loads. (LINT-2)
Warning: In design 'qiad_prior_fp32_paceio', net 'qiad_core/u_quad/sub_1_root_sub_0_root_add_36/B[13]' driven by pin 'qiad_core/u_quad/sub_1_root_sub_0_root_add_36/B[13]' has no loads. (LINT-2)
Warning: In design 'qiad_prior_fp32_paceio', net 'qiad_core/u_quad/add_0_root_sub_0_root_add_36/A[12]' driven by pin 'qiad_core/u_quad/add_0_root_sub_0_root_add_36/A[12]' has no loads. (LINT-2)
Warning: In design 'qiad_prior_fp32_paceio', net 'qiad_core/u_quad/sub_1_root_sub_0_root_add_36/B[12]' driven by pin 'qiad_core/u_quad/sub_1_root_sub_0_root_add_36/B[12]' has no loads. (LINT-2)
Warning: In design 'qiad_prior_fp32_paceio', net 'qiad_core/u_quad/add_0_root_sub_0_root_add_36/A[11]' driven by pin 'qiad_core/u_quad/add_0_root_sub_0_root_add_36/A[11]' has no loads. (LINT-2)
Warning: In design 'qiad_prior_fp32_paceio', net 'qiad_core/u_quad/sub_1_root_sub_0_root_add_36/B[11]' driven by pin 'qiad_core/u_quad/sub_1_root_sub_0_root_add_36/B[11]' has no loads. (LINT-2)
Warning: In design 'qiad_prior_fp32_paceio', net 'qiad_core/u_quad/add_0_root_sub_0_root_add_36/A[10]' driven by pin 'qiad_core/u_quad/add_0_root_sub_0_root_add_36/A[10]' has no loads. (LINT-2)
Warning: In design 'qiad_prior_fp32_paceio', net 'qiad_core/u_quad/sub_1_root_sub_0_root_add_36/B[10]' driven by pin 'qiad_core/u_quad/sub_1_root_sub_0_root_add_36/B[10]' has no loads. (LINT-2)
Warning: In design 'qiad_prior_fp32_paceio', net 'qiad_core/u_quad/add_0_root_sub_0_root_add_36/A[9]' driven by pin 'qiad_core/u_quad/add_0_root_sub_0_root_add_36/A[9]' has no loads. (LINT-2)
Warning: In design 'qiad_prior_fp32_paceio', net 'qiad_core/u_quad/sub_1_root_sub_0_root_add_36/B[9]' driven by pin 'qiad_core/u_quad/sub_1_root_sub_0_root_add_36/B[9]' has no loads. (LINT-2)
Warning: In design 'qiad_prior_fp32_paceio', net 'qiad_core/u_quad/add_0_root_sub_0_root_add_36/A[8]' driven by pin 'qiad_core/u_quad/add_0_root_sub_0_root_add_36/A[8]' has no loads. (LINT-2)
Warning: In design 'qiad_prior_fp32_paceio', net 'qiad_core/u_quad/sub_1_root_sub_0_root_add_36/B[8]' driven by pin 'qiad_core/u_quad/sub_1_root_sub_0_root_add_36/B[8]' has no loads. (LINT-2)
Warning: In design 'qiad_prior_fp32_paceio', net 'qiad_core/u_quad/add_0_root_sub_0_root_add_36/A[7]' driven by pin 'qiad_core/u_quad/add_0_root_sub_0_root_add_36/A[7]' has no loads. (LINT-2)
Warning: In design 'qiad_prior_fp32_paceio', net 'qiad_core/u_quad/sub_1_root_sub_0_root_add_36/B[7]' driven by pin 'qiad_core/u_quad/sub_1_root_sub_0_root_add_36/B[7]' has no loads. (LINT-2)
Warning: In design 'qiad_prior_fp32_paceio', net 'qiad_core/u_quad/add_0_root_sub_0_root_add_36/A[6]' driven by pin 'qiad_core/u_quad/add_0_root_sub_0_root_add_36/A[6]' has no loads. (LINT-2)
Warning: In design 'qiad_prior_fp32_paceio', net 'qiad_core/u_quad/sub_1_root_sub_0_root_add_36/B[6]' driven by pin 'qiad_core/u_quad/sub_1_root_sub_0_root_add_36/B[6]' has no loads. (LINT-2)
Warning: In design 'qiad_prior_fp32_paceio', net 'qiad_core/u_quad/add_0_root_sub_0_root_add_36/A[5]' driven by pin 'qiad_core/u_quad/add_0_root_sub_0_root_add_36/A[5]' has no loads. (LINT-2)
Warning: In design 'qiad_prior_fp32_paceio', net 'qiad_core/u_quad/sub_1_root_sub_0_root_add_36/B[5]' driven by pin 'qiad_core/u_quad/sub_1_root_sub_0_root_add_36/B[5]' has no loads. (LINT-2)
Warning: In design 'qiad_prior_fp32_paceio', net 'qiad_core/u_quad/add_0_root_sub_0_root_add_36/A[4]' driven by pin 'qiad_core/u_quad/add_0_root_sub_0_root_add_36/A[4]' has no loads. (LINT-2)
Warning: In design 'qiad_prior_fp32_paceio', net 'qiad_core/u_quad/sub_1_root_sub_0_root_add_36/B[4]' driven by pin 'qiad_core/u_quad/sub_1_root_sub_0_root_add_36/B[4]' has no loads. (LINT-2)
Warning: In design 'qiad_prior_fp32_paceio', net 'qiad_core/u_quad/add_0_root_sub_0_root_add_36/A[3]' driven by pin 'qiad_core/u_quad/add_0_root_sub_0_root_add_36/A[3]' has no loads. (LINT-2)
Warning: In design 'qiad_prior_fp32_paceio', net 'qiad_core/u_quad/sub_1_root_sub_0_root_add_36/B[3]' driven by pin 'qiad_core/u_quad/sub_1_root_sub_0_root_add_36/B[3]' has no loads. (LINT-2)
Warning: In design 'qiad_prior_fp32_paceio', net 'qiad_core/u_quad/add_0_root_sub_0_root_add_36/A[2]' driven by pin 'qiad_core/u_quad/add_0_root_sub_0_root_add_36/A[2]' has no loads. (LINT-2)
Warning: In design 'qiad_prior_fp32_paceio', net 'qiad_core/u_quad/sub_1_root_sub_0_root_add_36/B[2]' driven by pin 'qiad_core/u_quad/sub_1_root_sub_0_root_add_36/B[2]' has no loads. (LINT-2)
Warning: In design 'qiad_prior_fp32_paceio', net 'qiad_core/u_quad/add_0_root_sub_0_root_add_36/A[1]' driven by pin 'qiad_core/u_quad/add_0_root_sub_0_root_add_36/A[1]' has no loads. (LINT-2)
Warning: In design 'qiad_prior_fp32_paceio', net 'qiad_core/u_quad/sub_1_root_sub_0_root_add_36/B[1]' driven by pin 'qiad_core/u_quad/sub_1_root_sub_0_root_add_36/B[1]' has no loads. (LINT-2)
Warning: In design 'qiad_prior_fp32_paceio', net 'qiad_core/u_quad/add_0_root_sub_0_root_add_36/A[0]' driven by pin 'qiad_core/u_quad/add_0_root_sub_0_root_add_36/A[0]' has no loads. (LINT-2)
Warning: In design 'qiad_prior_fp32_paceio', net 'qiad_core/u_quad/sub_1_root_sub_0_root_add_36/B[0]' driven by pin 'qiad_core/u_quad/sub_1_root_sub_0_root_add_36/B[0]' has no loads. (LINT-2)
Warning: In design 'qiad_prior_fp32_paceio', net 'qiad_core/u_quad/sub_1_root_sub_0_root_add_36/B[49]' driven by pin 'qiad_core/u_quad/sub_1_root_sub_0_root_add_36/B[49]' has no loads. (LINT-2)
Warning: In design 'qiad_prior_fp32_paceio', net 'qiad_core/u_quad/sub_1_root_sub_0_root_add_36/B[50]' driven by pin 'qiad_core/u_quad/sub_1_root_sub_0_root_add_36/B[50]' has no loads. (LINT-2)
Warning: In design 'qiad_prior_fp32_paceio', net 'qiad_core/u_quad/sub_1_root_sub_0_root_add_36/B[51]' driven by pin 'qiad_core/u_quad/sub_1_root_sub_0_root_add_36/B[51]' has no loads. (LINT-2)
Warning: In design 'qiad_prior_fp32_paceio', net 'qiad_core/u_quad/add_0_root_sub_0_root_add_36/B[0]' driven by pin 'qiad_core/u_quad/add_0_root_sub_0_root_add_36/B[0]' has no loads. (LINT-2)
Warning: In design 'qiad_prior_fp32_paceio', net 'qiad_core/u_quad/add_0_root_sub_0_root_add_36/B[1]' driven by pin 'qiad_core/u_quad/add_0_root_sub_0_root_add_36/B[1]' has no loads. (LINT-2)
Warning: In design 'qiad_prior_fp32_paceio', net 'qiad_core/u_quad/add_0_root_sub_0_root_add_36/B[2]' driven by pin 'qiad_core/u_quad/add_0_root_sub_0_root_add_36/B[2]' has no loads. (LINT-2)
Warning: In design 'qiad_prior_fp32_paceio', net 'qiad_core/u_quad/add_0_root_sub_0_root_add_36/B[3]' driven by pin 'qiad_core/u_quad/add_0_root_sub_0_root_add_36/B[3]' has no loads. (LINT-2)
Warning: In design 'qiad_prior_fp32_paceio', net 'qiad_core/u_quad/add_0_root_sub_0_root_add_36/B[4]' driven by pin 'qiad_core/u_quad/add_0_root_sub_0_root_add_36/B[4]' has no loads. (LINT-2)
Warning: In design 'qiad_prior_fp32_paceio', net 'qiad_core/u_quad/add_0_root_sub_0_root_add_36/B[5]' driven by pin 'qiad_core/u_quad/add_0_root_sub_0_root_add_36/B[5]' has no loads. (LINT-2)
Warning: In design 'qiad_prior_fp32_paceio', net 'qiad_core/u_quad/add_0_root_sub_0_root_add_36/B[6]' driven by pin 'qiad_core/u_quad/add_0_root_sub_0_root_add_36/B[6]' has no loads. (LINT-2)
Warning: In design 'qiad_prior_fp32_paceio', net 'qiad_core/u_quad/add_0_root_sub_0_root_add_36/B[7]' driven by pin 'qiad_core/u_quad/add_0_root_sub_0_root_add_36/B[7]' has no loads. (LINT-2)
Warning: In design 'qiad_prior_fp32_paceio', net 'qiad_core/u_quad/add_0_root_sub_0_root_add_36/B[8]' driven by pin 'qiad_core/u_quad/add_0_root_sub_0_root_add_36/B[8]' has no loads. (LINT-2)
Warning: In design 'qiad_prior_fp32_paceio', net 'qiad_core/u_quad/add_0_root_sub_0_root_add_36/B[9]' driven by pin 'qiad_core/u_quad/add_0_root_sub_0_root_add_36/B[9]' has no loads. (LINT-2)
Warning: In design 'qiad_prior_fp32_paceio', net 'qiad_core/u_quad/add_0_root_sub_0_root_add_36/B[10]' driven by pin 'qiad_core/u_quad/add_0_root_sub_0_root_add_36/B[10]' has no loads. (LINT-2)
Warning: In design 'qiad_prior_fp32_paceio', net 'qiad_core/u_quad/add_0_root_sub_0_root_add_36/B[11]' driven by pin 'qiad_core/u_quad/add_0_root_sub_0_root_add_36/B[11]' has no loads. (LINT-2)
Warning: In design 'qiad_prior_fp32_paceio', net 'qiad_core/u_quad/add_0_root_sub_0_root_add_36/B[12]' driven by pin 'qiad_core/u_quad/add_0_root_sub_0_root_add_36/B[12]' has no loads. (LINT-2)
Warning: In design 'qiad_prior_fp32_paceio', net 'qiad_core/u_quad/add_0_root_sub_0_root_add_36/B[13]' driven by pin 'qiad_core/u_quad/add_0_root_sub_0_root_add_36/B[13]' has no loads. (LINT-2)
Warning: In design 'qiad_prior_fp32_paceio', net 'qiad_core/u_quad/add_0_root_sub_0_root_add_36/B[14]' driven by pin 'qiad_core/u_quad/add_0_root_sub_0_root_add_36/B[14]' has no loads. (LINT-2)
Warning: In design 'qiad_prior_fp32_paceio', net 'qiad_core/u_quad/add_0_root_sub_0_root_add_36/B[15]' driven by pin 'qiad_core/u_quad/add_0_root_sub_0_root_add_36/B[15]' has no loads. (LINT-2)
Warning: In design 'qiad_prior_fp32_paceio', net 'qiad_core/u_quad/add_0_root_sub_0_root_add_36/B[16]' driven by pin 'qiad_core/u_quad/add_0_root_sub_0_root_add_36/B[16]' has no loads. (LINT-2)
Warning: In design 'qiad_prior_fp32_paceio', net 'qiad_core/u_quad/add_0_root_sub_0_root_add_36/B[17]' driven by pin 'qiad_core/u_quad/add_0_root_sub_0_root_add_36/B[17]' has no loads. (LINT-2)
Warning: In design 'qiad_prior_fp32_paceio', net 'qiad_core/u_quad/add_0_root_sub_0_root_add_36/B[18]' driven by pin 'qiad_core/u_quad/add_0_root_sub_0_root_add_36/B[18]' has no loads. (LINT-2)
Warning: In design 'qiad_prior_fp32_paceio', net 'qiad_core/u_quad/add_0_root_sub_0_root_add_36/B[19]' driven by pin 'qiad_core/u_quad/add_0_root_sub_0_root_add_36/B[19]' has no loads. (LINT-2)
Warning: In design 'qiad_prior_fp32_paceio', net 'qiad_core/u_quad/add_0_root_sub_0_root_add_36/B[49]' driven by pin 'qiad_core/u_quad/add_0_root_sub_0_root_add_36/B[49]' has no loads. (LINT-2)
Warning: In design 'qiad_prior_fp32_paceio', net 'qiad_core/u_quad/add_0_root_sub_0_root_add_36/B[50]' driven by pin 'qiad_core/u_quad/add_0_root_sub_0_root_add_36/B[50]' has no loads. (LINT-2)
Warning: In design 'qiad_prior_fp32_paceio', net 'qiad_core/u_quad/add_0_root_sub_0_root_add_36/B[51]' driven by pin 'qiad_core/u_quad/add_0_root_sub_0_root_add_36/B[51]' has no loads. (LINT-2)
Warning: In design 'qiad_prior_fp32_paceio', net 'qiad_core/mul_xRy/mult_13/a[23]' driven by pin 'qiad_core/mul_xRy/mult_13/a[23]' has no loads. (LINT-2)
Warning: In design 'qiad_prior_fp32_paceio', net 'qiad_core/mul_xRy/mult_13/a[24]' driven by pin 'qiad_core/mul_xRy/mult_13/a[24]' has no loads. (LINT-2)
Warning: In design 'qiad_prior_fp32_paceio', net 'qiad_core/mul_xRy/mult_13/a[25]' driven by pin 'qiad_core/mul_xRy/mult_13/a[25]' has no loads. (LINT-2)
Warning: In design 'qiad_prior_fp32_paceio', net 'qiad_core/mul_xRy/mult_13/a[22]' driven by pin 'qiad_core/mul_xRy/mult_13/a[22]' has no loads. (LINT-2)
Warning: In design 'qiad_prior_fp32_paceio', net 'qiad_core/u_quad/mul_by/mult_13/a[0]' driven by pin 'qiad_core/u_quad/mul_by/mult_13/a[0]' has no loads. (LINT-2)
Warning: In design 'qiad_prior_fp32_paceio', net 'qiad_core/u_quad/mul_by/mult_13/a[1]' driven by pin 'qiad_core/u_quad/mul_by/mult_13/a[1]' has no loads. (LINT-2)
Warning: In design 'qiad_prior_fp32_paceio', net 'qiad_core/u_quad/mul_by/mult_13/a[2]' driven by pin 'qiad_core/u_quad/mul_by/mult_13/a[2]' has no loads. (LINT-2)
Warning: In design 'qiad_prior_fp32_paceio', net 'qiad_core/u_quad/mul_by/mult_13/a[3]' driven by pin 'qiad_core/u_quad/mul_by/mult_13/a[3]' has no loads. (LINT-2)
Warning: In design 'qiad_prior_fp32_paceio', net 'qiad_core/u_quad/mul_by/mult_13/a[4]' driven by pin 'qiad_core/u_quad/mul_by/mult_13/a[4]' has no loads. (LINT-2)
Warning: In design 'qiad_prior_fp32_paceio', net 'qiad_core/u_quad/mul_by/mult_13/a[5]' driven by pin 'qiad_core/u_quad/mul_by/mult_13/a[5]' has no loads. (LINT-2)
Warning: In design 'qiad_prior_fp32_paceio', net 'qiad_core/u_quad/mul_by/mult_13/a[6]' driven by pin 'qiad_core/u_quad/mul_by/mult_13/a[6]' has no loads. (LINT-2)
Warning: In design 'qiad_prior_fp32_paceio', net 'qiad_core/u_quad/mul_by/mult_13/a[7]' driven by pin 'qiad_core/u_quad/mul_by/mult_13/a[7]' has no loads. (LINT-2)
Warning: In design 'qiad_prior_fp32_paceio', net 'qiad_core/u_quad/mul_by/mult_13/a[8]' driven by pin 'qiad_core/u_quad/mul_by/mult_13/a[8]' has no loads. (LINT-2)
Warning: In design 'qiad_prior_fp32_paceio', net 'qiad_core/u_quad/mul_by/mult_13/a[9]' driven by pin 'qiad_core/u_quad/mul_by/mult_13/a[9]' has no loads. (LINT-2)
Warning: In design 'qiad_prior_fp32_paceio', net 'qiad_core/u_quad/mul_by/mult_13/a[10]' driven by pin 'qiad_core/u_quad/mul_by/mult_13/a[10]' has no loads. (LINT-2)
Warning: In design 'qiad_prior_fp32_paceio', net 'qiad_core/u_quad/mul_by/mult_13/a[11]' driven by pin 'qiad_core/u_quad/mul_by/mult_13/a[11]' has no loads. (LINT-2)
Warning: In design 'qiad_prior_fp32_paceio', net 'qiad_core/u_quad/mul_by/mult_13/a[12]' driven by pin 'qiad_core/u_quad/mul_by/mult_13/a[12]' has no loads. (LINT-2)
Warning: In design 'qiad_prior_fp32_paceio', net 'qiad_core/u_quad/mul_by/mult_13/a[13]' driven by pin 'qiad_core/u_quad/mul_by/mult_13/a[13]' has no loads. (LINT-2)
Warning: In design 'qiad_prior_fp32_paceio', net 'qiad_core/u_quad/mul_by/mult_13/a[14]' driven by pin 'qiad_core/u_quad/mul_by/mult_13/a[14]' has no loads. (LINT-2)
Warning: In design 'qiad_prior_fp32_paceio', net 'qiad_core/u_quad/mul_by/mult_13/a[15]' driven by pin 'qiad_core/u_quad/mul_by/mult_13/a[15]' has no loads. (LINT-2)
Warning: In design 'qiad_prior_fp32_paceio', net 'qiad_core/u_quad/mul_by/mult_13/a[16]' driven by pin 'qiad_core/u_quad/mul_by/mult_13/a[16]' has no loads. (LINT-2)
Warning: In design 'qiad_prior_fp32_paceio', net 'qiad_core/u_quad/mul_by/mult_13/a[17]' driven by pin 'qiad_core/u_quad/mul_by/mult_13/a[17]' has no loads. (LINT-2)
Warning: In design 'qiad_prior_fp32_paceio', net 'qiad_core/u_quad/mul_by/mult_13/a[18]' driven by pin 'qiad_core/u_quad/mul_by/mult_13/a[18]' has no loads. (LINT-2)
Warning: In design 'qiad_prior_fp32_paceio', net 'qiad_core/u_quad/mul_by/mult_13/a[19]' driven by pin 'qiad_core/u_quad/mul_by/mult_13/a[19]' has no loads. (LINT-2)
Warning: In design 'qiad_prior_fp32_paceio', net 'qiad_core/u_quad/mul_by/mult_13/a[24]' driven by pin 'qiad_core/u_quad/mul_by/mult_13/a[24]' has no loads. (LINT-2)
Warning: In design 'qiad_prior_fp32_paceio', net 'qiad_core/u_quad/mul_by/mult_13/b[23]' driven by pin 'qiad_core/u_quad/mul_by/mult_13/b[23]' has no loads. (LINT-2)
Warning: In design 'qiad_prior_fp32_paceio', net 'qiad_core/u_quad/mul_by/mult_13/b[24]' driven by pin 'qiad_core/u_quad/mul_by/mult_13/b[24]' has no loads. (LINT-2)
Warning: In design 'qiad_prior_fp32_paceio', net 'qiad_core/u_quad/mul_by/mult_13/b[25]' driven by pin 'qiad_core/u_quad/mul_by/mult_13/b[25]' has no loads. (LINT-2)
Warning: In design 'qiad_prior_fp32_paceio', net 'qiad_core/u_quad/mul_by/mult_13/a[20]' driven by pin 'qiad_core/u_quad/mul_by/mult_13/a[20]' has no loads. (LINT-2)
Warning: In design 'qiad_prior_fp32_paceio', net 'qiad_core/u_quad/mul_by/mult_13/a[21]' driven by pin 'qiad_core/u_quad/mul_by/mult_13/a[21]' has no loads. (LINT-2)
Warning: In design 'qiad_prior_fp32_paceio', net 'qiad_core/u_quad/mul_by/mult_13/a[22]' driven by pin 'qiad_core/u_quad/mul_by/mult_13/a[22]' has no loads. (LINT-2)
Warning: In design 'qiad_prior_fp32_paceio', net 'qiad_core/u_quad/mul_by/mult_13/a[23]' driven by pin 'qiad_core/u_quad/mul_by/mult_13/a[23]' has no loads. (LINT-2)
Warning: In design 'qiad_prior_fp32_paceio', net 'qiad_core/u_quad/mul_by/mult_13/a[25]' driven by pin 'qiad_core/u_quad/mul_by/mult_13/a[25]' has no loads. (LINT-2)
Warning: In design 'qiad_prior_fp32_paceio', net 'qiad_core/u_quad/mul_by/mult_13/b[22]' driven by pin 'qiad_core/u_quad/mul_by/mult_13/b[22]' has no loads. (LINT-2)
Warning: In design 'qiad_prior_fp32_paceio', net 'qiad_core/u_quad/mul_ay2/mult_13/a[1]' driven by pin 'qiad_core/u_quad/mul_ay2/mult_13/a[1]' has no loads. (LINT-2)
Warning: In design 'qiad_prior_fp32_paceio', net 'qiad_core/u_quad/mul_ay2/mult_13/a[3]' driven by pin 'qiad_core/u_quad/mul_ay2/mult_13/a[3]' has no loads. (LINT-2)
Warning: In design 'qiad_prior_fp32_paceio', net 'qiad_core/u_quad/mul_ay2/mult_13/a[4]' driven by pin 'qiad_core/u_quad/mul_ay2/mult_13/a[4]' has no loads. (LINT-2)
Warning: In design 'qiad_prior_fp32_paceio', net 'qiad_core/u_quad/mul_ay2/mult_13/a[5]' driven by pin 'qiad_core/u_quad/mul_ay2/mult_13/a[5]' has no loads. (LINT-2)
Warning: In design 'qiad_prior_fp32_paceio', net 'qiad_core/u_quad/mul_ay2/mult_13/a[6]' driven by pin 'qiad_core/u_quad/mul_ay2/mult_13/a[6]' has no loads. (LINT-2)
Warning: In design 'qiad_prior_fp32_paceio', net 'qiad_core/u_quad/mul_ay2/mult_13/a[10]' driven by pin 'qiad_core/u_quad/mul_ay2/mult_13/a[10]' has no loads. (LINT-2)
Warning: In design 'qiad_prior_fp32_paceio', net 'qiad_core/u_quad/mul_ay2/mult_13/a[12]' driven by pin 'qiad_core/u_quad/mul_ay2/mult_13/a[12]' has no loads. (LINT-2)
Warning: In design 'qiad_prior_fp32_paceio', net 'qiad_core/u_quad/mul_ay2/mult_13/a[17]' driven by pin 'qiad_core/u_quad/mul_ay2/mult_13/a[17]' has no loads. (LINT-2)
Warning: In design 'qiad_prior_fp32_paceio', net 'qiad_core/u_quad/mul_ay2/mult_13/a[18]' driven by pin 'qiad_core/u_quad/mul_ay2/mult_13/a[18]' has no loads. (LINT-2)
Warning: In design 'qiad_prior_fp32_paceio', net 'qiad_core/u_quad/mul_ay2/mult_13/a[19]' driven by pin 'qiad_core/u_quad/mul_ay2/mult_13/a[19]' has no loads. (LINT-2)
Warning: In design 'qiad_prior_fp32_paceio', net 'qiad_core/u_quad/mul_ay2/mult_13/a[21]' driven by pin 'qiad_core/u_quad/mul_ay2/mult_13/a[21]' has no loads. (LINT-2)
Warning: In design 'qiad_prior_fp32_paceio', net 'qiad_core/u_quad/mul_ay2/mult_13/a[23]' driven by pin 'qiad_core/u_quad/mul_ay2/mult_13/a[23]' has no loads. (LINT-2)
Warning: In design 'qiad_prior_fp32_paceio', net 'qiad_core/u_quad/mul_ay2/mult_13/a[25]' driven by pin 'qiad_core/u_quad/mul_ay2/mult_13/a[25]' has no loads. (LINT-2)
Warning: In design 'qiad_prior_fp32_paceio', net 'qiad_core/u_quad/mul_ay2/mult_13/a[0]' driven by pin 'qiad_core/u_quad/mul_ay2/mult_13/a[0]' has no loads. (LINT-2)
Warning: In design 'qiad_prior_fp32_paceio', net 'qiad_core/u_quad/mul_ay2/mult_13/a[2]' driven by pin 'qiad_core/u_quad/mul_ay2/mult_13/a[2]' has no loads. (LINT-2)
Warning: In design 'qiad_prior_fp32_paceio', net 'qiad_core/u_quad/mul_ay2/mult_13/a[7]' driven by pin 'qiad_core/u_quad/mul_ay2/mult_13/a[7]' has no loads. (LINT-2)
Warning: In design 'qiad_prior_fp32_paceio', net 'qiad_core/u_quad/mul_ay2/mult_13/a[8]' driven by pin 'qiad_core/u_quad/mul_ay2/mult_13/a[8]' has no loads. (LINT-2)
Warning: In design 'qiad_prior_fp32_paceio', net 'qiad_core/u_quad/mul_ay2/mult_13/a[9]' driven by pin 'qiad_core/u_quad/mul_ay2/mult_13/a[9]' has no loads. (LINT-2)
Warning: In design 'qiad_prior_fp32_paceio', net 'qiad_core/u_quad/mul_ay2/mult_13/a[11]' driven by pin 'qiad_core/u_quad/mul_ay2/mult_13/a[11]' has no loads. (LINT-2)
Warning: In design 'qiad_prior_fp32_paceio', net 'qiad_core/u_quad/mul_ay2/mult_13/a[13]' driven by pin 'qiad_core/u_quad/mul_ay2/mult_13/a[13]' has no loads. (LINT-2)
Warning: In design 'qiad_prior_fp32_paceio', net 'qiad_core/u_quad/mul_ay2/mult_13/a[14]' driven by pin 'qiad_core/u_quad/mul_ay2/mult_13/a[14]' has no loads. (LINT-2)
Warning: In design 'qiad_prior_fp32_paceio', net 'qiad_core/u_quad/mul_ay2/mult_13/a[15]' driven by pin 'qiad_core/u_quad/mul_ay2/mult_13/a[15]' has no loads. (LINT-2)
Warning: In design 'qiad_prior_fp32_paceio', net 'qiad_core/u_quad/mul_ay2/mult_13/a[16]' driven by pin 'qiad_core/u_quad/mul_ay2/mult_13/a[16]' has no loads. (LINT-2)
Warning: In design 'qiad_prior_fp32_paceio', net 'qiad_core/u_quad/mul_ay2/mult_13/a[20]' driven by pin 'qiad_core/u_quad/mul_ay2/mult_13/a[20]' has no loads. (LINT-2)
Warning: In design 'qiad_prior_fp32_paceio', net 'qiad_core/u_quad/mul_ay2/mult_13/a[22]' driven by pin 'qiad_core/u_quad/mul_ay2/mult_13/a[22]' has no loads. (LINT-2)
Warning: In design 'qiad_prior_fp32_paceio', net 'qiad_core/u_quad/mul_ay2/mult_13/a[24]' driven by pin 'qiad_core/u_quad/mul_ay2/mult_13/a[24]' has no loads. (LINT-2)
Warning: In design 'qiad_prior_fp32_paceio', net 'qiad_core/u_quad/mul_y2/mult_13/b[23]' driven by pin 'qiad_core/u_quad/mul_y2/mult_13/b[23]' has no loads. (LINT-2)
Warning: In design 'qiad_prior_fp32_paceio', net 'qiad_core/u_quad/mul_y2/mult_13/a[23]' driven by pin 'qiad_core/u_quad/mul_y2/mult_13/a[23]' has no loads. (LINT-2)
Warning: In design 'qiad_prior_fp32_paceio', net 'qiad_core/u_quad/mul_y2/mult_13/b[24]' driven by pin 'qiad_core/u_quad/mul_y2/mult_13/b[24]' has no loads. (LINT-2)
Warning: In design 'qiad_prior_fp32_paceio', net 'qiad_core/u_quad/mul_y2/mult_13/a[24]' driven by pin 'qiad_core/u_quad/mul_y2/mult_13/a[24]' has no loads. (LINT-2)
Warning: In design 'qiad_prior_fp32_paceio', net 'qiad_core/u_quad/mul_y2/mult_13/b[25]' driven by pin 'qiad_core/u_quad/mul_y2/mult_13/b[25]' has no loads. (LINT-2)
Warning: In design 'qiad_prior_fp32_paceio', net 'qiad_core/u_quad/mul_y2/mult_13/a[25]' driven by pin 'qiad_core/u_quad/mul_y2/mult_13/a[25]' has no loads. (LINT-2)
Warning: In design 'qiad_prior_fp32_paceio', net 'qiad_core/u_quad/mul_y2/mult_13/a[22]' driven by pin 'qiad_core/u_quad/mul_y2/mult_13/a[22]' has no loads. (LINT-2)
Warning: In design 'qiad_prior_fp32_paceio', net 'qiad_core/u_quad/mul_y2/mult_13/b[22]' driven by pin 'qiad_core/u_quad/mul_y2/mult_13/b[22]' has no loads. (LINT-2)
Warning: In design 'qiad_prior_fp32_paceio', net 'qiad_core/mul_xRy/mult_13/n147' driven by pin 'qiad_core/mul_xRy/mult_13/U148/CO' has no loads. (LINT-2)
Warning: In design 'MUL_width26_3_DW_mult_uns_0', input port 'a[25]' is unloaded. (LINT-8)
Warning: In design 'MUL_width26_3_DW_mult_uns_0', input port 'a[24]' is unloaded. (LINT-8)
Warning: In design 'MUL_width26_3_DW_mult_uns_0', input port 'a[23]' is unloaded. (LINT-8)
Warning: In design 'MUL_width26_3_DW_mult_uns_0', input port 'a[22]' is unloaded. (LINT-8)
Warning: In design 'MUL_width26_3_DW_mult_uns_0', input port 'b[25]' is unloaded. (LINT-8)
Warning: In design 'MUL_width26_3_DW_mult_uns_0', input port 'b[24]' is unloaded. (LINT-8)
Warning: In design 'MUL_width26_3_DW_mult_uns_0', input port 'b[23]' is unloaded. (LINT-8)
Warning: In design 'MUL_width26_3_DW_mult_uns_0', input port 'b[22]' is unloaded. (LINT-8)
Warning: In design 'MUL_width26_1_DW_mult_uns_0_DW_mult_uns_1', input port 'a[25]' is unloaded. (LINT-8)
Warning: In design 'MUL_width26_1_DW_mult_uns_0_DW_mult_uns_1', input port 'a[24]' is unloaded. (LINT-8)
Warning: In design 'MUL_width26_1_DW_mult_uns_0_DW_mult_uns_1', input port 'a[23]' is unloaded. (LINT-8)
Warning: In design 'MUL_width26_1_DW_mult_uns_0_DW_mult_uns_1', input port 'a[22]' is unloaded. (LINT-8)
Warning: In design 'MUL_width26_1_DW_mult_uns_0_DW_mult_uns_1', input port 'a[21]' is unloaded. (LINT-8)
Warning: In design 'MUL_width26_1_DW_mult_uns_0_DW_mult_uns_1', input port 'a[20]' is unloaded. (LINT-8)
Warning: In design 'MUL_width26_1_DW_mult_uns_0_DW_mult_uns_1', input port 'a[19]' is unloaded. (LINT-8)
Warning: In design 'MUL_width26_1_DW_mult_uns_0_DW_mult_uns_1', input port 'a[18]' is unloaded. (LINT-8)
Warning: In design 'MUL_width26_1_DW_mult_uns_0_DW_mult_uns_1', input port 'a[17]' is unloaded. (LINT-8)
Warning: In design 'MUL_width26_1_DW_mult_uns_0_DW_mult_uns_1', input port 'a[16]' is unloaded. (LINT-8)
Warning: In design 'MUL_width26_1_DW_mult_uns_0_DW_mult_uns_1', input port 'a[15]' is unloaded. (LINT-8)
Warning: In design 'MUL_width26_1_DW_mult_uns_0_DW_mult_uns_1', input port 'a[14]' is unloaded. (LINT-8)
Warning: In design 'MUL_width26_1_DW_mult_uns_0_DW_mult_uns_1', input port 'a[13]' is unloaded. (LINT-8)
Warning: In design 'MUL_width26_1_DW_mult_uns_0_DW_mult_uns_1', input port 'a[12]' is unloaded. (LINT-8)
Warning: In design 'MUL_width26_1_DW_mult_uns_0_DW_mult_uns_1', input port 'a[11]' is unloaded. (LINT-8)
Warning: In design 'MUL_width26_1_DW_mult_uns_0_DW_mult_uns_1', input port 'a[10]' is unloaded. (LINT-8)
Warning: In design 'MUL_width26_1_DW_mult_uns_0_DW_mult_uns_1', input port 'a[9]' is unloaded. (LINT-8)
Warning: In design 'MUL_width26_1_DW_mult_uns_0_DW_mult_uns_1', input port 'a[8]' is unloaded. (LINT-8)
Warning: In design 'MUL_width26_1_DW_mult_uns_0_DW_mult_uns_1', input port 'a[7]' is unloaded. (LINT-8)
Warning: In design 'MUL_width26_1_DW_mult_uns_0_DW_mult_uns_1', input port 'a[6]' is unloaded. (LINT-8)
Warning: In design 'MUL_width26_1_DW_mult_uns_0_DW_mult_uns_1', input port 'a[5]' is unloaded. (LINT-8)
Warning: In design 'MUL_width26_1_DW_mult_uns_0_DW_mult_uns_1', input port 'a[4]' is unloaded. (LINT-8)
Warning: In design 'MUL_width26_1_DW_mult_uns_0_DW_mult_uns_1', input port 'a[3]' is unloaded. (LINT-8)
Warning: In design 'MUL_width26_1_DW_mult_uns_0_DW_mult_uns_1', input port 'a[2]' is unloaded. (LINT-8)
Warning: In design 'MUL_width26_1_DW_mult_uns_0_DW_mult_uns_1', input port 'a[1]' is unloaded. (LINT-8)
Warning: In design 'MUL_width26_1_DW_mult_uns_0_DW_mult_uns_1', input port 'a[0]' is unloaded. (LINT-8)
Warning: In design 'MUL_width26_1_DW_mult_uns_0_DW_mult_uns_1', input port 'b[25]' is unloaded. (LINT-8)
Warning: In design 'MUL_width26_1_DW_mult_uns_0_DW_mult_uns_1', input port 'b[24]' is unloaded. (LINT-8)
Warning: In design 'MUL_width26_1_DW_mult_uns_0_DW_mult_uns_1', input port 'b[23]' is unloaded. (LINT-8)
Warning: In design 'MUL_width26_1_DW_mult_uns_0_DW_mult_uns_1', input port 'b[22]' is unloaded. (LINT-8)
Warning: In design 'MUL_width26_2_DW_mult_uns_0_DW_mult_uns_2', input port 'a[25]' is unloaded. (LINT-8)
Warning: In design 'MUL_width26_2_DW_mult_uns_0_DW_mult_uns_2', input port 'a[24]' is unloaded. (LINT-8)
Warning: In design 'MUL_width26_2_DW_mult_uns_0_DW_mult_uns_2', input port 'a[23]' is unloaded. (LINT-8)
Warning: In design 'MUL_width26_2_DW_mult_uns_0_DW_mult_uns_2', input port 'a[22]' is unloaded. (LINT-8)
Warning: In design 'MUL_width26_2_DW_mult_uns_0_DW_mult_uns_2', input port 'a[21]' is unloaded. (LINT-8)
Warning: In design 'MUL_width26_2_DW_mult_uns_0_DW_mult_uns_2', input port 'a[20]' is unloaded. (LINT-8)
Warning: In design 'MUL_width26_2_DW_mult_uns_0_DW_mult_uns_2', input port 'a[19]' is unloaded. (LINT-8)
Warning: In design 'MUL_width26_2_DW_mult_uns_0_DW_mult_uns_2', input port 'a[18]' is unloaded. (LINT-8)
Warning: In design 'MUL_width26_2_DW_mult_uns_0_DW_mult_uns_2', input port 'a[17]' is unloaded. (LINT-8)
Warning: In design 'MUL_width26_2_DW_mult_uns_0_DW_mult_uns_2', input port 'a[16]' is unloaded. (LINT-8)
Warning: In design 'MUL_width26_2_DW_mult_uns_0_DW_mult_uns_2', input port 'a[15]' is unloaded. (LINT-8)
Warning: In design 'MUL_width26_2_DW_mult_uns_0_DW_mult_uns_2', input port 'a[14]' is unloaded. (LINT-8)
Warning: In design 'MUL_width26_2_DW_mult_uns_0_DW_mult_uns_2', input port 'a[13]' is unloaded. (LINT-8)
Warning: In design 'MUL_width26_2_DW_mult_uns_0_DW_mult_uns_2', input port 'a[12]' is unloaded. (LINT-8)
Warning: In design 'MUL_width26_2_DW_mult_uns_0_DW_mult_uns_2', input port 'a[11]' is unloaded. (LINT-8)
Warning: In design 'MUL_width26_2_DW_mult_uns_0_DW_mult_uns_2', input port 'a[10]' is unloaded. (LINT-8)
Warning: In design 'MUL_width26_2_DW_mult_uns_0_DW_mult_uns_2', input port 'a[9]' is unloaded. (LINT-8)
Warning: In design 'MUL_width26_2_DW_mult_uns_0_DW_mult_uns_2', input port 'a[8]' is unloaded. (LINT-8)
Warning: In design 'MUL_width26_2_DW_mult_uns_0_DW_mult_uns_2', input port 'a[7]' is unloaded. (LINT-8)
Warning: In design 'MUL_width26_2_DW_mult_uns_0_DW_mult_uns_2', input port 'a[6]' is unloaded. (LINT-8)
Warning: In design 'MUL_width26_2_DW_mult_uns_0_DW_mult_uns_2', input port 'a[5]' is unloaded. (LINT-8)
Warning: In design 'MUL_width26_2_DW_mult_uns_0_DW_mult_uns_2', input port 'a[4]' is unloaded. (LINT-8)
Warning: In design 'MUL_width26_2_DW_mult_uns_0_DW_mult_uns_2', input port 'a[3]' is unloaded. (LINT-8)
Warning: In design 'MUL_width26_2_DW_mult_uns_0_DW_mult_uns_2', input port 'a[2]' is unloaded. (LINT-8)
Warning: In design 'MUL_width26_2_DW_mult_uns_0_DW_mult_uns_2', input port 'a[1]' is unloaded. (LINT-8)
Warning: In design 'MUL_width26_2_DW_mult_uns_0_DW_mult_uns_2', input port 'a[0]' is unloaded. (LINT-8)
Warning: In design 'QUAD_RECIPROCAL_width26_DW01_add_0', input port 'A[51]' is unloaded. (LINT-8)
Warning: In design 'QUAD_RECIPROCAL_width26_DW01_add_0', input port 'A[50]' is unloaded. (LINT-8)
Warning: In design 'QUAD_RECIPROCAL_width26_DW01_add_0', input port 'A[49]' is unloaded. (LINT-8)
Warning: In design 'QUAD_RECIPROCAL_width26_DW01_add_0', input port 'A[19]' is unloaded. (LINT-8)
Warning: In design 'QUAD_RECIPROCAL_width26_DW01_add_0', input port 'A[18]' is unloaded. (LINT-8)
Warning: In design 'QUAD_RECIPROCAL_width26_DW01_add_0', input port 'A[17]' is unloaded. (LINT-8)
Warning: In design 'QUAD_RECIPROCAL_width26_DW01_add_0', input port 'A[16]' is unloaded. (LINT-8)
Warning: In design 'QUAD_RECIPROCAL_width26_DW01_add_0', input port 'A[15]' is unloaded. (LINT-8)
Warning: In design 'QUAD_RECIPROCAL_width26_DW01_add_0', input port 'A[14]' is unloaded. (LINT-8)
Warning: In design 'QUAD_RECIPROCAL_width26_DW01_add_0', input port 'A[13]' is unloaded. (LINT-8)
Warning: In design 'QUAD_RECIPROCAL_width26_DW01_add_0', input port 'A[12]' is unloaded. (LINT-8)
Warning: In design 'QUAD_RECIPROCAL_width26_DW01_add_0', input port 'A[11]' is unloaded. (LINT-8)
Warning: In design 'QUAD_RECIPROCAL_width26_DW01_add_0', input port 'A[10]' is unloaded. (LINT-8)
Warning: In design 'QUAD_RECIPROCAL_width26_DW01_add_0', input port 'A[9]' is unloaded. (LINT-8)
Warning: In design 'QUAD_RECIPROCAL_width26_DW01_add_0', input port 'A[8]' is unloaded. (LINT-8)
Warning: In design 'QUAD_RECIPROCAL_width26_DW01_add_0', input port 'A[7]' is unloaded. (LINT-8)
Warning: In design 'QUAD_RECIPROCAL_width26_DW01_add_0', input port 'A[6]' is unloaded. (LINT-8)
Warning: In design 'QUAD_RECIPROCAL_width26_DW01_add_0', input port 'A[5]' is unloaded. (LINT-8)
Warning: In design 'QUAD_RECIPROCAL_width26_DW01_add_0', input port 'A[4]' is unloaded. (LINT-8)
Warning: In design 'QUAD_RECIPROCAL_width26_DW01_add_0', input port 'A[3]' is unloaded. (LINT-8)
Warning: In design 'QUAD_RECIPROCAL_width26_DW01_add_0', input port 'A[2]' is unloaded. (LINT-8)
Warning: In design 'QUAD_RECIPROCAL_width26_DW01_add_0', input port 'A[1]' is unloaded. (LINT-8)
Warning: In design 'QUAD_RECIPROCAL_width26_DW01_add_0', input port 'A[0]' is unloaded. (LINT-8)
Warning: In design 'QUAD_RECIPROCAL_width26_DW01_add_0', input port 'B[51]' is unloaded. (LINT-8)
Warning: In design 'QUAD_RECIPROCAL_width26_DW01_add_0', input port 'B[50]' is unloaded. (LINT-8)
Warning: In design 'QUAD_RECIPROCAL_width26_DW01_add_0', input port 'B[49]' is unloaded. (LINT-8)
Warning: In design 'QUAD_RECIPROCAL_width26_DW01_add_0', input port 'B[19]' is unloaded. (LINT-8)
Warning: In design 'QUAD_RECIPROCAL_width26_DW01_add_0', input port 'B[18]' is unloaded. (LINT-8)
Warning: In design 'QUAD_RECIPROCAL_width26_DW01_add_0', input port 'B[17]' is unloaded. (LINT-8)
Warning: In design 'QUAD_RECIPROCAL_width26_DW01_add_0', input port 'B[16]' is unloaded. (LINT-8)
Warning: In design 'QUAD_RECIPROCAL_width26_DW01_add_0', input port 'B[15]' is unloaded. (LINT-8)
Warning: In design 'QUAD_RECIPROCAL_width26_DW01_add_0', input port 'B[14]' is unloaded. (LINT-8)
Warning: In design 'QUAD_RECIPROCAL_width26_DW01_add_0', input port 'B[13]' is unloaded. (LINT-8)
Warning: In design 'QUAD_RECIPROCAL_width26_DW01_add_0', input port 'B[12]' is unloaded. (LINT-8)
Warning: In design 'QUAD_RECIPROCAL_width26_DW01_add_0', input port 'B[11]' is unloaded. (LINT-8)
Warning: In design 'QUAD_RECIPROCAL_width26_DW01_add_0', input port 'B[10]' is unloaded. (LINT-8)
Warning: In design 'QUAD_RECIPROCAL_width26_DW01_add_0', input port 'B[9]' is unloaded. (LINT-8)
Warning: In design 'QUAD_RECIPROCAL_width26_DW01_add_0', input port 'B[8]' is unloaded. (LINT-8)
Warning: In design 'QUAD_RECIPROCAL_width26_DW01_add_0', input port 'B[7]' is unloaded. (LINT-8)
Warning: In design 'QUAD_RECIPROCAL_width26_DW01_add_0', input port 'B[6]' is unloaded. (LINT-8)
Warning: In design 'QUAD_RECIPROCAL_width26_DW01_add_0', input port 'B[5]' is unloaded. (LINT-8)
Warning: In design 'QUAD_RECIPROCAL_width26_DW01_add_0', input port 'B[4]' is unloaded. (LINT-8)
Warning: In design 'QUAD_RECIPROCAL_width26_DW01_add_0', input port 'B[3]' is unloaded. (LINT-8)
Warning: In design 'QUAD_RECIPROCAL_width26_DW01_add_0', input port 'B[2]' is unloaded. (LINT-8)
Warning: In design 'QUAD_RECIPROCAL_width26_DW01_add_0', input port 'B[1]' is unloaded. (LINT-8)
Warning: In design 'QUAD_RECIPROCAL_width26_DW01_add_0', input port 'B[0]' is unloaded. (LINT-8)
Warning: In design 'QUAD_RECIPROCAL_width26_DW01_sub_0_DW01_sub_2', input port 'B[51]' is unloaded. (LINT-8)
Warning: In design 'QUAD_RECIPROCAL_width26_DW01_sub_0_DW01_sub_2', input port 'B[50]' is unloaded. (LINT-8)
Warning: In design 'QUAD_RECIPROCAL_width26_DW01_sub_0_DW01_sub_2', input port 'B[49]' is unloaded. (LINT-8)
Warning: In design 'QUAD_RECIPROCAL_width26_DW01_sub_0_DW01_sub_2', input port 'B[19]' is unloaded. (LINT-8)
Warning: In design 'QUAD_RECIPROCAL_width26_DW01_sub_0_DW01_sub_2', input port 'B[18]' is unloaded. (LINT-8)
Warning: In design 'QUAD_RECIPROCAL_width26_DW01_sub_0_DW01_sub_2', input port 'B[17]' is unloaded. (LINT-8)
Warning: In design 'QUAD_RECIPROCAL_width26_DW01_sub_0_DW01_sub_2', input port 'B[16]' is unloaded. (LINT-8)
Warning: In design 'QUAD_RECIPROCAL_width26_DW01_sub_0_DW01_sub_2', input port 'B[15]' is unloaded. (LINT-8)
Warning: In design 'QUAD_RECIPROCAL_width26_DW01_sub_0_DW01_sub_2', input port 'B[14]' is unloaded. (LINT-8)
Warning: In design 'QUAD_RECIPROCAL_width26_DW01_sub_0_DW01_sub_2', input port 'B[13]' is unloaded. (LINT-8)
Warning: In design 'QUAD_RECIPROCAL_width26_DW01_sub_0_DW01_sub_2', input port 'B[12]' is unloaded. (LINT-8)
Warning: In design 'QUAD_RECIPROCAL_width26_DW01_sub_0_DW01_sub_2', input port 'B[11]' is unloaded. (LINT-8)
Warning: In design 'QUAD_RECIPROCAL_width26_DW01_sub_0_DW01_sub_2', input port 'B[10]' is unloaded. (LINT-8)
Warning: In design 'QUAD_RECIPROCAL_width26_DW01_sub_0_DW01_sub_2', input port 'B[9]' is unloaded. (LINT-8)
Warning: In design 'QUAD_RECIPROCAL_width26_DW01_sub_0_DW01_sub_2', input port 'B[8]' is unloaded. (LINT-8)
Warning: In design 'QUAD_RECIPROCAL_width26_DW01_sub_0_DW01_sub_2', input port 'B[7]' is unloaded. (LINT-8)
Warning: In design 'QUAD_RECIPROCAL_width26_DW01_sub_0_DW01_sub_2', input port 'B[6]' is unloaded. (LINT-8)
Warning: In design 'QUAD_RECIPROCAL_width26_DW01_sub_0_DW01_sub_2', input port 'B[5]' is unloaded. (LINT-8)
Warning: In design 'QUAD_RECIPROCAL_width26_DW01_sub_0_DW01_sub_2', input port 'B[4]' is unloaded. (LINT-8)
Warning: In design 'QUAD_RECIPROCAL_width26_DW01_sub_0_DW01_sub_2', input port 'B[3]' is unloaded. (LINT-8)
Warning: In design 'QUAD_RECIPROCAL_width26_DW01_sub_0_DW01_sub_2', input port 'B[2]' is unloaded. (LINT-8)
Warning: In design 'QUAD_RECIPROCAL_width26_DW01_sub_0_DW01_sub_2', input port 'B[1]' is unloaded. (LINT-8)
Warning: In design 'QUAD_RECIPROCAL_width26_DW01_sub_0_DW01_sub_2', input port 'B[0]' is unloaded. (LINT-8)
Warning: In design 'MUL_width26_0_DW_mult_uns_0_DW_mult_uns_3', input port 'a[25]' is unloaded. (LINT-8)
Warning: In design 'MUL_width26_0_DW_mult_uns_0_DW_mult_uns_3', input port 'a[24]' is unloaded. (LINT-8)
Warning: In design 'MUL_width26_0_DW_mult_uns_0_DW_mult_uns_3', input port 'a[23]' is unloaded. (LINT-8)
Warning: In design 'MUL_width26_0_DW_mult_uns_0_DW_mult_uns_3', input port 'a[22]' is unloaded. (LINT-8)
Warning: In design 'qiad_prior_fp32_paceio', port 'x[0]' is not connected to any nets. (LINT-28)
Warning: In design 'qiad_prior_fp32_paceio', port 'y[0]' is not connected to any nets. (LINT-28)
Warning: In design 'top_width23', port 'x[22]' is not connected to any nets. (LINT-28)
Warning: In design 'top_width23', port 'y[22]' is not connected to any nets. (LINT-28)
Warning: In design 'top_width23', port 'out0[45]' is not connected to any nets. (LINT-28)
Warning: In design 'top_width23', port 'out0[44]' is not connected to any nets. (LINT-28)
Warning: In design 'top_width23', port 'out0[43]' is not connected to any nets. (LINT-28)
Warning: In design 'top_width23', port 'out0[42]' is not connected to any nets. (LINT-28)
Warning: In design 'top_width23', port 'out0[41]' is not connected to any nets. (LINT-28)
Warning: In design 'top_width23', port 'out0[40]' is not connected to any nets. (LINT-28)
Warning: In design 'top_width23', port 'out0[39]' is not connected to any nets. (LINT-28)
Warning: In design 'top_width23', port 'out0[38]' is not connected to any nets. (LINT-28)
Warning: In design 'top_width23', port 'out0[37]' is not connected to any nets. (LINT-28)
Warning: In design 'top_width23', port 'out0[36]' is not connected to any nets. (LINT-28)
Warning: In design 'top_width23', port 'out0[35]' is not connected to any nets. (LINT-28)
Warning: In design 'top_width23', port 'out0[34]' is not connected to any nets. (LINT-28)
Warning: In design 'top_width23', port 'out0[33]' is not connected to any nets. (LINT-28)
Warning: In design 'top_width23', port 'out0[32]' is not connected to any nets. (LINT-28)
Warning: In design 'top_width23', port 'out0[31]' is not connected to any nets. (LINT-28)
Warning: In design 'top_width23', port 'out0[30]' is not connected to any nets. (LINT-28)
Warning: In design 'top_width23', port 'out0[29]' is not connected to any nets. (LINT-28)
Warning: In design 'top_width23', port 'out0[28]' is not connected to any nets. (LINT-28)
Warning: In design 'top_width23', port 'out0[27]' is not connected to any nets. (LINT-28)
Warning: In design 'top_width23', port 'out0[26]' is not connected to any nets. (LINT-28)
Warning: In design 'top_width23', port 'out0[25]' is not connected to any nets. (LINT-28)
Warning: In design 'top_width23', port 'out0[24]' is not connected to any nets. (LINT-28)
Warning: In design 'FP_DIV_WRAPPER_32', port 'x[0]' is not connected to any nets. (LINT-28)
Warning: In design 'FP_DIV_WRAPPER_32', port 'y[0]' is not connected to any nets. (LINT-28)
Warning: In design 'FP_DIV_WRAPPER_32', port 'mantissa_x[0]' is not connected to any nets. (LINT-28)
Warning: In design 'FP_DIV_WRAPPER_32', port 'mantissa_y[0]' is not connected to any nets. (LINT-28)
Warning: In design 'NORMALIZE_width23', port 'x[22]' is not connected to any nets. (LINT-28)
Warning: In design 'NORMALIZE_width23', port 'out0[22]' is not connected to any nets. (LINT-28)
Warning: In design 'NORMALIZE_width23', port 'num0[4]' is not connected to any nets. (LINT-28)
Warning: In design 'NORMALIZE_width23', port 'num0[3]' is not connected to any nets. (LINT-28)
Warning: In design 'NORMALIZE_width23', port 'num0[2]' is not connected to any nets. (LINT-28)
Warning: In design 'NORMALIZE_width23', port 'num0[1]' is not connected to any nets. (LINT-28)
Warning: In design 'NORMALIZE_width23', port 'num0[0]' is not connected to any nets. (LINT-28)
Warning: In design 'QUAD_RECIPROCAL_width26', port 'y[25]' is not connected to any nets. (LINT-28)
Warning: In design 'QUAD_RECIPROCAL_width26', port 'y[24]' is not connected to any nets. (LINT-28)
Warning: In design 'QUAD_RECIPROCAL_width26', port 'y[23]' is not connected to any nets. (LINT-28)
Warning: In design 'QUAD_RECIPROCAL_width26', port 'y[22]' is not connected to any nets. (LINT-28)
Warning: In design 'QUAD_RECIPROCAL_width26', port 'Ry[51]' is not connected to any nets. (LINT-28)
Warning: In design 'QUAD_RECIPROCAL_width26', port 'Ry[50]' is not connected to any nets. (LINT-28)
Warning: In design 'QUAD_RECIPROCAL_width26', port 'Ry[49]' is not connected to any nets. (LINT-28)
Warning: In design 'QUAD_RECIPROCAL_width26', port 'Ry[22]' is not connected to any nets. (LINT-28)
Warning: In design 'QUAD_RECIPROCAL_width26', port 'Ry[21]' is not connected to any nets. (LINT-28)
Warning: In design 'QUAD_RECIPROCAL_width26', port 'Ry[20]' is not connected to any nets. (LINT-28)
Warning: In design 'QUAD_RECIPROCAL_width26', port 'Ry[19]' is not connected to any nets. (LINT-28)
Warning: In design 'QUAD_RECIPROCAL_width26', port 'Ry[18]' is not connected to any nets. (LINT-28)
Warning: In design 'QUAD_RECIPROCAL_width26', port 'Ry[17]' is not connected to any nets. (LINT-28)
Warning: In design 'QUAD_RECIPROCAL_width26', port 'Ry[16]' is not connected to any nets. (LINT-28)
Warning: In design 'QUAD_RECIPROCAL_width26', port 'Ry[15]' is not connected to any nets. (LINT-28)
Warning: In design 'QUAD_RECIPROCAL_width26', port 'Ry[14]' is not connected to any nets. (LINT-28)
Warning: In design 'QUAD_RECIPROCAL_width26', port 'Ry[13]' is not connected to any nets. (LINT-28)
Warning: In design 'QUAD_RECIPROCAL_width26', port 'Ry[12]' is not connected to any nets. (LINT-28)
Warning: In design 'QUAD_RECIPROCAL_width26', port 'Ry[11]' is not connected to any nets. (LINT-28)
Warning: In design 'QUAD_RECIPROCAL_width26', port 'Ry[10]' is not connected to any nets. (LINT-28)
Warning: In design 'QUAD_RECIPROCAL_width26', port 'Ry[9]' is not connected to any nets. (LINT-28)
Warning: In design 'QUAD_RECIPROCAL_width26', port 'Ry[8]' is not connected to any nets. (LINT-28)
Warning: In design 'QUAD_RECIPROCAL_width26', port 'Ry[7]' is not connected to any nets. (LINT-28)
Warning: In design 'QUAD_RECIPROCAL_width26', port 'Ry[6]' is not connected to any nets. (LINT-28)
Warning: In design 'QUAD_RECIPROCAL_width26', port 'Ry[5]' is not connected to any nets. (LINT-28)
Warning: In design 'QUAD_RECIPROCAL_width26', port 'Ry[4]' is not connected to any nets. (LINT-28)
Warning: In design 'QUAD_RECIPROCAL_width26', port 'Ry[3]' is not connected to any nets. (LINT-28)
Warning: In design 'QUAD_RECIPROCAL_width26', port 'Ry[2]' is not connected to any nets. (LINT-28)
Warning: In design 'QUAD_RECIPROCAL_width26', port 'Ry[1]' is not connected to any nets. (LINT-28)
Warning: In design 'QUAD_RECIPROCAL_width26', port 'Ry[0]' is not connected to any nets. (LINT-28)
Warning: In design 'MUL_width26_0', port 'x[25]' is not connected to any nets. (LINT-28)
Warning: In design 'MUL_width26_0', port 'x[24]' is not connected to any nets. (LINT-28)
Warning: In design 'MUL_width26_0', port 'x[23]' is not connected to any nets. (LINT-28)
Warning: In design 'MUL_width26_0', port 'x[22]' is not connected to any nets. (LINT-28)
Warning: In design 'MUL_width26_0', port 'xy[51]' is not connected to any nets. (LINT-28)
Warning: In design 'MUL_width26_0', port 'xy[50]' is not connected to any nets. (LINT-28)
Warning: In design 'MUL_width26_0', port 'xy[49]' is not connected to any nets. (LINT-28)
Warning: In design 'MUL_width26_0', port 'xy[48]' is not connected to any nets. (LINT-28)
Warning: In design 'MUL_width26_0', port 'xy[47]' is not connected to any nets. (LINT-28)
Warning: In design 'MUL_width26_0', port 'xy[22]' is not connected to any nets. (LINT-28)
Warning: In design 'MUL_width26_0', port 'xy[21]' is not connected to any nets. (LINT-28)
Warning: In design 'MUL_width26_0', port 'xy[20]' is not connected to any nets. (LINT-28)
Warning: In design 'MUL_width26_0', port 'xy[19]' is not connected to any nets. (LINT-28)
Warning: In design 'MUL_width26_0', port 'xy[18]' is not connected to any nets. (LINT-28)
Warning: In design 'MUL_width26_0', port 'xy[17]' is not connected to any nets. (LINT-28)
Warning: In design 'MUL_width26_0', port 'xy[16]' is not connected to any nets. (LINT-28)
Warning: In design 'MUL_width26_0', port 'xy[15]' is not connected to any nets. (LINT-28)
Warning: In design 'MUL_width26_0', port 'xy[14]' is not connected to any nets. (LINT-28)
Warning: In design 'MUL_width26_0', port 'xy[13]' is not connected to any nets. (LINT-28)
Warning: In design 'MUL_width26_0', port 'xy[12]' is not connected to any nets. (LINT-28)
Warning: In design 'MUL_width26_0', port 'xy[11]' is not connected to any nets. (LINT-28)
Warning: In design 'MUL_width26_0', port 'xy[10]' is not connected to any nets. (LINT-28)
Warning: In design 'MUL_width26_0', port 'xy[9]' is not connected to any nets. (LINT-28)
Warning: In design 'MUL_width26_0', port 'xy[8]' is not connected to any nets. (LINT-28)
Warning: In design 'MUL_width26_0', port 'xy[7]' is not connected to any nets. (LINT-28)
Warning: In design 'MUL_width26_0', port 'xy[6]' is not connected to any nets. (LINT-28)
Warning: In design 'MUL_width26_0', port 'xy[5]' is not connected to any nets. (LINT-28)
Warning: In design 'MUL_width26_0', port 'xy[4]' is not connected to any nets. (LINT-28)
Warning: In design 'MUL_width26_0', port 'xy[3]' is not connected to any nets. (LINT-28)
Warning: In design 'MUL_width26_0', port 'xy[2]' is not connected to any nets. (LINT-28)
Warning: In design 'MUL_width26_0', port 'xy[1]' is not connected to any nets. (LINT-28)
Warning: In design 'MUL_width26_0', port 'xy[0]' is not connected to any nets. (LINT-28)
Warning: In design 'SHIFTER_width46', port 'x[45]' is not connected to any nets. (LINT-28)
Warning: In design 'SHIFTER_width46', port 'x[44]' is not connected to any nets. (LINT-28)
Warning: In design 'SHIFTER_width46', port 'x[43]' is not connected to any nets. (LINT-28)
Warning: In design 'SHIFTER_width46', port 'x[42]' is not connected to any nets. (LINT-28)
Warning: In design 'SHIFTER_width46', port 'x[41]' is not connected to any nets. (LINT-28)
Warning: In design 'SHIFTER_width46', port 'x[40]' is not connected to any nets. (LINT-28)
Warning: In design 'SHIFTER_width46', port 'x[39]' is not connected to any nets. (LINT-28)
Warning: In design 'SHIFTER_width46', port 'x[38]' is not connected to any nets. (LINT-28)
Warning: In design 'SHIFTER_width46', port 'x[37]' is not connected to any nets. (LINT-28)
Warning: In design 'SHIFTER_width46', port 'x[36]' is not connected to any nets. (LINT-28)
Warning: In design 'SHIFTER_width46', port 'x[35]' is not connected to any nets. (LINT-28)
Warning: In design 'SHIFTER_width46', port 'x[34]' is not connected to any nets. (LINT-28)
Warning: In design 'SHIFTER_width46', port 'x[33]' is not connected to any nets. (LINT-28)
Warning: In design 'SHIFTER_width46', port 'x[32]' is not connected to any nets. (LINT-28)
Warning: In design 'SHIFTER_width46', port 'x[31]' is not connected to any nets. (LINT-28)
Warning: In design 'SHIFTER_width46', port 'x[30]' is not connected to any nets. (LINT-28)
Warning: In design 'SHIFTER_width46', port 'x[29]' is not connected to any nets. (LINT-28)
Warning: In design 'SHIFTER_width46', port 'x[28]' is not connected to any nets. (LINT-28)
Warning: In design 'SHIFTER_width46', port 'x[27]' is not connected to any nets. (LINT-28)
Warning: In design 'SHIFTER_width46', port 'x[26]' is not connected to any nets. (LINT-28)
Warning: In design 'SHIFTER_width46', port 'x[25]' is not connected to any nets. (LINT-28)
Warning: In design 'SHIFTER_width46', port 'x[24]' is not connected to any nets. (LINT-28)
Warning: In design 'SHIFTER_width46', port 'shift[5]' is not connected to any nets. (LINT-28)
Warning: In design 'SHIFTER_width46', port 'shift[4]' is not connected to any nets. (LINT-28)
Warning: In design 'SHIFTER_width46', port 'shift[3]' is not connected to any nets. (LINT-28)
Warning: In design 'SHIFTER_width46', port 'shift[2]' is not connected to any nets. (LINT-28)
Warning: In design 'SHIFTER_width46', port 'shift[1]' is not connected to any nets. (LINT-28)
Warning: In design 'SHIFTER_width46', port 'shift[0]' is not connected to any nets. (LINT-28)
Warning: In design 'SHIFTER_width46', port 'left' is not connected to any nets. (LINT-28)
Warning: In design 'SHIFTER_width46', port 'out0[45]' is not connected to any nets. (LINT-28)
Warning: In design 'SHIFTER_width46', port 'out0[44]' is not connected to any nets. (LINT-28)
Warning: In design 'SHIFTER_width46', port 'out0[43]' is not connected to any nets. (LINT-28)
Warning: In design 'SHIFTER_width46', port 'out0[42]' is not connected to any nets. (LINT-28)
Warning: In design 'SHIFTER_width46', port 'out0[41]' is not connected to any nets. (LINT-28)
Warning: In design 'SHIFTER_width46', port 'out0[40]' is not connected to any nets. (LINT-28)
Warning: In design 'SHIFTER_width46', port 'out0[39]' is not connected to any nets. (LINT-28)
Warning: In design 'SHIFTER_width46', port 'out0[38]' is not connected to any nets. (LINT-28)
Warning: In design 'SHIFTER_width46', port 'out0[37]' is not connected to any nets. (LINT-28)
Warning: In design 'SHIFTER_width46', port 'out0[36]' is not connected to any nets. (LINT-28)
Warning: In design 'SHIFTER_width46', port 'out0[35]' is not connected to any nets. (LINT-28)
Warning: In design 'SHIFTER_width46', port 'out0[34]' is not connected to any nets. (LINT-28)
Warning: In design 'SHIFTER_width46', port 'out0[33]' is not connected to any nets. (LINT-28)
Warning: In design 'SHIFTER_width46', port 'out0[32]' is not connected to any nets. (LINT-28)
Warning: In design 'SHIFTER_width46', port 'out0[31]' is not connected to any nets. (LINT-28)
Warning: In design 'SHIFTER_width46', port 'out0[30]' is not connected to any nets. (LINT-28)
Warning: In design 'SHIFTER_width46', port 'out0[29]' is not connected to any nets. (LINT-28)
Warning: In design 'SHIFTER_width46', port 'out0[28]' is not connected to any nets. (LINT-28)
Warning: In design 'SHIFTER_width46', port 'out0[27]' is not connected to any nets. (LINT-28)
Warning: In design 'SHIFTER_width46', port 'out0[26]' is not connected to any nets. (LINT-28)
Warning: In design 'SHIFTER_width46', port 'out0[25]' is not connected to any nets. (LINT-28)
Warning: In design 'SHIFTER_width46', port 'out0[24]' is not connected to any nets. (LINT-28)
Warning: In design 'fp32_normal_finite_wrapper', port 'x[0]' is not connected to any nets. (LINT-28)
Warning: In design 'fp32_normal_finite_wrapper', port 'y[0]' is not connected to any nets. (LINT-28)
Warning: In design 'fp32_normal_finite_wrapper', port 'divide_mode' is not connected to any nets. (LINT-28)
Warning: In design 'fp32_normal_finite_wrapper', port 'fraction_x[0]' is not connected to any nets. (LINT-28)
Warning: In design 'fp32_normal_finite_wrapper', port 'fraction_y[0]' is not connected to any nets. (LINT-28)
Warning: In design 'SHIFTER_width23', port 'x[22]' is not connected to any nets. (LINT-28)
Warning: In design 'SHIFTER_width23', port 'shift[4]' is not connected to any nets. (LINT-28)
Warning: In design 'SHIFTER_width23', port 'shift[3]' is not connected to any nets. (LINT-28)
Warning: In design 'SHIFTER_width23', port 'shift[2]' is not connected to any nets. (LINT-28)
Warning: In design 'SHIFTER_width23', port 'shift[1]' is not connected to any nets. (LINT-28)
Warning: In design 'SHIFTER_width23', port 'shift[0]' is not connected to any nets. (LINT-28)
Warning: In design 'SHIFTER_width23', port 'left' is not connected to any nets. (LINT-28)
Warning: In design 'SHIFTER_width23', port 'out0[22]' is not connected to any nets. (LINT-28)
Warning: In design 'MUL_width26_1', port 'x[25]' is not connected to any nets. (LINT-28)
Warning: In design 'MUL_width26_1', port 'x[24]' is not connected to any nets. (LINT-28)
Warning: In design 'MUL_width26_1', port 'x[23]' is not connected to any nets. (LINT-28)
Warning: In design 'MUL_width26_1', port 'x[22]' is not connected to any nets. (LINT-28)
Warning: In design 'MUL_width26_1', port 'x[21]' is not connected to any nets. (LINT-28)
Warning: In design 'MUL_width26_1', port 'x[20]' is not connected to any nets. (LINT-28)
Warning: In design 'MUL_width26_1', port 'x[19]' is not connected to any nets. (LINT-28)
Warning: In design 'MUL_width26_1', port 'x[18]' is not connected to any nets. (LINT-28)
Warning: In design 'MUL_width26_1', port 'x[17]' is not connected to any nets. (LINT-28)
Warning: In design 'MUL_width26_1', port 'x[16]' is not connected to any nets. (LINT-28)
Warning: In design 'MUL_width26_1', port 'x[15]' is not connected to any nets. (LINT-28)
Warning: In design 'MUL_width26_1', port 'x[14]' is not connected to any nets. (LINT-28)
Warning: In design 'MUL_width26_1', port 'x[13]' is not connected to any nets. (LINT-28)
Warning: In design 'MUL_width26_1', port 'x[12]' is not connected to any nets. (LINT-28)
Warning: In design 'MUL_width26_1', port 'x[11]' is not connected to any nets. (LINT-28)
Warning: In design 'MUL_width26_1', port 'x[10]' is not connected to any nets. (LINT-28)
Warning: In design 'MUL_width26_1', port 'x[9]' is not connected to any nets. (LINT-28)
Warning: In design 'MUL_width26_1', port 'x[8]' is not connected to any nets. (LINT-28)
Warning: In design 'MUL_width26_1', port 'x[7]' is not connected to any nets. (LINT-28)
Warning: In design 'MUL_width26_1', port 'x[6]' is not connected to any nets. (LINT-28)
Warning: In design 'MUL_width26_1', port 'x[5]' is not connected to any nets. (LINT-28)
Warning: In design 'MUL_width26_1', port 'x[4]' is not connected to any nets. (LINT-28)
Warning: In design 'MUL_width26_1', port 'x[3]' is not connected to any nets. (LINT-28)
Warning: In design 'MUL_width26_1', port 'x[2]' is not connected to any nets. (LINT-28)
Warning: In design 'MUL_width26_1', port 'x[1]' is not connected to any nets. (LINT-28)
Warning: In design 'MUL_width26_1', port 'x[0]' is not connected to any nets. (LINT-28)
Warning: In design 'MUL_width26_1', port 'y[25]' is not connected to any nets. (LINT-28)
Warning: In design 'MUL_width26_1', port 'y[24]' is not connected to any nets. (LINT-28)
Warning: In design 'MUL_width26_1', port 'y[23]' is not connected to any nets. (LINT-28)
Warning: In design 'MUL_width26_1', port 'y[22]' is not connected to any nets. (LINT-28)
Warning: In design 'MUL_width26_1', port 'xy[19]' is not connected to any nets. (LINT-28)
Warning: In design 'MUL_width26_1', port 'xy[18]' is not connected to any nets. (LINT-28)
Warning: In design 'MUL_width26_1', port 'xy[17]' is not connected to any nets. (LINT-28)
Warning: In design 'MUL_width26_1', port 'xy[16]' is not connected to any nets. (LINT-28)
Warning: In design 'MUL_width26_1', port 'xy[15]' is not connected to any nets. (LINT-28)
Warning: In design 'MUL_width26_1', port 'xy[14]' is not connected to any nets. (LINT-28)
Warning: In design 'MUL_width26_1', port 'xy[13]' is not connected to any nets. (LINT-28)
Warning: In design 'MUL_width26_1', port 'xy[12]' is not connected to any nets. (LINT-28)
Warning: In design 'MUL_width26_1', port 'xy[11]' is not connected to any nets. (LINT-28)
Warning: In design 'MUL_width26_1', port 'xy[10]' is not connected to any nets. (LINT-28)
Warning: In design 'MUL_width26_1', port 'xy[9]' is not connected to any nets. (LINT-28)
Warning: In design 'MUL_width26_1', port 'xy[8]' is not connected to any nets. (LINT-28)
Warning: In design 'MUL_width26_1', port 'xy[7]' is not connected to any nets. (LINT-28)
Warning: In design 'MUL_width26_1', port 'xy[6]' is not connected to any nets. (LINT-28)
Warning: In design 'MUL_width26_1', port 'xy[5]' is not connected to any nets. (LINT-28)
Warning: In design 'MUL_width26_1', port 'xy[4]' is not connected to any nets. (LINT-28)
Warning: In design 'MUL_width26_1', port 'xy[3]' is not connected to any nets. (LINT-28)
Warning: In design 'MUL_width26_1', port 'xy[2]' is not connected to any nets. (LINT-28)
Warning: In design 'MUL_width26_1', port 'xy[1]' is not connected to any nets. (LINT-28)
Warning: In design 'MUL_width26_1', port 'xy[0]' is not connected to any nets. (LINT-28)
Warning: In design 'MUL_width26_2', port 'x[25]' is not connected to any nets. (LINT-28)
Warning: In design 'MUL_width26_2', port 'x[24]' is not connected to any nets. (LINT-28)
Warning: In design 'MUL_width26_2', port 'x[23]' is not connected to any nets. (LINT-28)
Warning: In design 'MUL_width26_2', port 'x[22]' is not connected to any nets. (LINT-28)
Warning: In design 'MUL_width26_2', port 'x[21]' is not connected to any nets. (LINT-28)
Warning: In design 'MUL_width26_2', port 'x[20]' is not connected to any nets. (LINT-28)
Warning: In design 'MUL_width26_2', port 'x[19]' is not connected to any nets. (LINT-28)
Warning: In design 'MUL_width26_2', port 'x[18]' is not connected to any nets. (LINT-28)
Warning: In design 'MUL_width26_2', port 'x[17]' is not connected to any nets. (LINT-28)
Warning: In design 'MUL_width26_2', port 'x[16]' is not connected to any nets. (LINT-28)
Warning: In design 'MUL_width26_2', port 'x[15]' is not connected to any nets. (LINT-28)
Warning: In design 'MUL_width26_2', port 'x[14]' is not connected to any nets. (LINT-28)
Warning: In design 'MUL_width26_2', port 'x[13]' is not connected to any nets. (LINT-28)
Warning: In design 'MUL_width26_2', port 'x[12]' is not connected to any nets. (LINT-28)
Warning: In design 'MUL_width26_2', port 'x[11]' is not connected to any nets. (LINT-28)
Warning: In design 'MUL_width26_2', port 'x[10]' is not connected to any nets. (LINT-28)
Warning: In design 'MUL_width26_2', port 'x[9]' is not connected to any nets. (LINT-28)
Warning: In design 'MUL_width26_2', port 'x[8]' is not connected to any nets. (LINT-28)
Warning: In design 'MUL_width26_2', port 'x[7]' is not connected to any nets. (LINT-28)
Warning: In design 'MUL_width26_2', port 'x[6]' is not connected to any nets. (LINT-28)
Warning: In design 'MUL_width26_2', port 'x[5]' is not connected to any nets. (LINT-28)
Warning: In design 'MUL_width26_2', port 'x[4]' is not connected to any nets. (LINT-28)
Warning: In design 'MUL_width26_2', port 'x[3]' is not connected to any nets. (LINT-28)
Warning: In design 'MUL_width26_2', port 'x[2]' is not connected to any nets. (LINT-28)
Warning: In design 'MUL_width26_2', port 'x[1]' is not connected to any nets. (LINT-28)
Warning: In design 'MUL_width26_2', port 'x[0]' is not connected to any nets. (LINT-28)
Warning: In design 'MUL_width26_3', port 'x[25]' is not connected to any nets. (LINT-28)
Warning: In design 'MUL_width26_3', port 'x[24]' is not connected to any nets. (LINT-28)
Warning: In design 'MUL_width26_3', port 'x[23]' is not connected to any nets. (LINT-28)
Warning: In design 'MUL_width26_3', port 'x[22]' is not connected to any nets. (LINT-28)
Warning: In design 'MUL_width26_3', port 'y[25]' is not connected to any nets. (LINT-28)
Warning: In design 'MUL_width26_3', port 'y[24]' is not connected to any nets. (LINT-28)
Warning: In design 'MUL_width26_3', port 'y[23]' is not connected to any nets. (LINT-28)
Warning: In design 'MUL_width26_3', port 'y[22]' is not connected to any nets. (LINT-28)
Warning: In design 'MUL_width26_3', port 'xy[51]' is not connected to any nets. (LINT-28)
Warning: In design 'MUL_width26_3', port 'xy[50]' is not connected to any nets. (LINT-28)
Warning: In design 'MUL_width26_3', port 'xy[49]' is not connected to any nets. (LINT-28)
Warning: In design 'MUL_width26_3', port 'xy[22]' is not connected to any nets. (LINT-28)
Warning: In design 'MUL_width26_3', port 'xy[21]' is not connected to any nets. (LINT-28)
Warning: In design 'MUL_width26_3', port 'xy[20]' is not connected to any nets. (LINT-28)
Warning: In design 'MUL_width26_3', port 'xy[19]' is not connected to any nets. (LINT-28)
Warning: In design 'MUL_width26_3', port 'xy[18]' is not connected to any nets. (LINT-28)
Warning: In design 'MUL_width26_3', port 'xy[17]' is not connected to any nets. (LINT-28)
Warning: In design 'MUL_width26_3', port 'xy[16]' is not connected to any nets. (LINT-28)
Warning: In design 'MUL_width26_3', port 'xy[15]' is not connected to any nets. (LINT-28)
Warning: In design 'MUL_width26_3', port 'xy[14]' is not connected to any nets. (LINT-28)
Warning: In design 'MUL_width26_3', port 'xy[13]' is not connected to any nets. (LINT-28)
Warning: In design 'MUL_width26_3', port 'xy[12]' is not connected to any nets. (LINT-28)
Warning: In design 'MUL_width26_3', port 'xy[11]' is not connected to any nets. (LINT-28)
Warning: In design 'MUL_width26_3', port 'xy[10]' is not connected to any nets. (LINT-28)
Warning: In design 'MUL_width26_3', port 'xy[9]' is not connected to any nets. (LINT-28)
Warning: In design 'MUL_width26_3', port 'xy[8]' is not connected to any nets. (LINT-28)
Warning: In design 'MUL_width26_3', port 'xy[7]' is not connected to any nets. (LINT-28)
Warning: In design 'MUL_width26_3', port 'xy[6]' is not connected to any nets. (LINT-28)
Warning: In design 'MUL_width26_3', port 'xy[5]' is not connected to any nets. (LINT-28)
Warning: In design 'MUL_width26_3', port 'xy[4]' is not connected to any nets. (LINT-28)
Warning: In design 'MUL_width26_3', port 'xy[3]' is not connected to any nets. (LINT-28)
Warning: In design 'MUL_width26_3', port 'xy[2]' is not connected to any nets. (LINT-28)
Warning: In design 'MUL_width26_3', port 'xy[1]' is not connected to any nets. (LINT-28)
Warning: In design 'MUL_width26_3', port 'xy[0]' is not connected to any nets. (LINT-28)
Warning: In design 'MUL_width26_3_DW_mult_uns_0', port 'product[51]' is not connected to any nets. (LINT-28)
Warning: In design 'MUL_width26_3_DW_mult_uns_0', port 'product[50]' is not connected to any nets. (LINT-28)
Warning: In design 'MUL_width26_3_DW_mult_uns_0', port 'product[49]' is not connected to any nets. (LINT-28)
Warning: In design 'MUL_width26_3_DW_mult_uns_0', port 'product[22]' is not connected to any nets. (LINT-28)
Warning: In design 'MUL_width26_3_DW_mult_uns_0', port 'product[21]' is not connected to any nets. (LINT-28)
Warning: In design 'MUL_width26_3_DW_mult_uns_0', port 'product[20]' is not connected to any nets. (LINT-28)
Warning: In design 'MUL_width26_3_DW_mult_uns_0', port 'product[19]' is not connected to any nets. (LINT-28)
Warning: In design 'MUL_width26_3_DW_mult_uns_0', port 'product[18]' is not connected to any nets. (LINT-28)
Warning: In design 'MUL_width26_3_DW_mult_uns_0', port 'product[17]' is not connected to any nets. (LINT-28)
Warning: In design 'MUL_width26_3_DW_mult_uns_0', port 'product[16]' is not connected to any nets. (LINT-28)
Warning: In design 'MUL_width26_3_DW_mult_uns_0', port 'product[15]' is not connected to any nets. (LINT-28)
Warning: In design 'MUL_width26_3_DW_mult_uns_0', port 'product[14]' is not connected to any nets. (LINT-28)
Warning: In design 'MUL_width26_3_DW_mult_uns_0', port 'product[13]' is not connected to any nets. (LINT-28)
Warning: In design 'MUL_width26_3_DW_mult_uns_0', port 'product[12]' is not connected to any nets. (LINT-28)
Warning: In design 'MUL_width26_3_DW_mult_uns_0', port 'product[11]' is not connected to any nets. (LINT-28)
Warning: In design 'MUL_width26_3_DW_mult_uns_0', port 'product[10]' is not connected to any nets. (LINT-28)
Warning: In design 'MUL_width26_3_DW_mult_uns_0', port 'product[9]' is not connected to any nets. (LINT-28)
Warning: In design 'MUL_width26_3_DW_mult_uns_0', port 'product[8]' is not connected to any nets. (LINT-28)
Warning: In design 'MUL_width26_3_DW_mult_uns_0', port 'product[7]' is not connected to any nets. (LINT-28)
Warning: In design 'MUL_width26_3_DW_mult_uns_0', port 'product[6]' is not connected to any nets. (LINT-28)
Warning: In design 'MUL_width26_3_DW_mult_uns_0', port 'product[5]' is not connected to any nets. (LINT-28)
Warning: In design 'MUL_width26_3_DW_mult_uns_0', port 'product[4]' is not connected to any nets. (LINT-28)
Warning: In design 'MUL_width26_3_DW_mult_uns_0', port 'product[3]' is not connected to any nets. (LINT-28)
Warning: In design 'MUL_width26_3_DW_mult_uns_0', port 'product[2]' is not connected to any nets. (LINT-28)
Warning: In design 'MUL_width26_3_DW_mult_uns_0', port 'product[1]' is not connected to any nets. (LINT-28)
Warning: In design 'MUL_width26_3_DW_mult_uns_0', port 'product[0]' is not connected to any nets. (LINT-28)
Warning: In design 'MUL_width26_1_DW_mult_uns_0_DW_mult_uns_1', port 'product[19]' is not connected to any nets. (LINT-28)
Warning: In design 'MUL_width26_1_DW_mult_uns_0_DW_mult_uns_1', port 'product[18]' is not connected to any nets. (LINT-28)
Warning: In design 'MUL_width26_1_DW_mult_uns_0_DW_mult_uns_1', port 'product[17]' is not connected to any nets. (LINT-28)
Warning: In design 'MUL_width26_1_DW_mult_uns_0_DW_mult_uns_1', port 'product[16]' is not connected to any nets. (LINT-28)
Warning: In design 'MUL_width26_1_DW_mult_uns_0_DW_mult_uns_1', port 'product[15]' is not connected to any nets. (LINT-28)
Warning: In design 'MUL_width26_1_DW_mult_uns_0_DW_mult_uns_1', port 'product[14]' is not connected to any nets. (LINT-28)
Warning: In design 'MUL_width26_1_DW_mult_uns_0_DW_mult_uns_1', port 'product[13]' is not connected to any nets. (LINT-28)
Warning: In design 'MUL_width26_1_DW_mult_uns_0_DW_mult_uns_1', port 'product[12]' is not connected to any nets. (LINT-28)
Warning: In design 'MUL_width26_1_DW_mult_uns_0_DW_mult_uns_1', port 'product[11]' is not connected to any nets. (LINT-28)
Warning: In design 'MUL_width26_1_DW_mult_uns_0_DW_mult_uns_1', port 'product[10]' is not connected to any nets. (LINT-28)
Warning: In design 'MUL_width26_1_DW_mult_uns_0_DW_mult_uns_1', port 'product[9]' is not connected to any nets. (LINT-28)
Warning: In design 'MUL_width26_1_DW_mult_uns_0_DW_mult_uns_1', port 'product[8]' is not connected to any nets. (LINT-28)
Warning: In design 'MUL_width26_1_DW_mult_uns_0_DW_mult_uns_1', port 'product[7]' is not connected to any nets. (LINT-28)
Warning: In design 'MUL_width26_1_DW_mult_uns_0_DW_mult_uns_1', port 'product[6]' is not connected to any nets. (LINT-28)
Warning: In design 'MUL_width26_1_DW_mult_uns_0_DW_mult_uns_1', port 'product[5]' is not connected to any nets. (LINT-28)
Warning: In design 'MUL_width26_1_DW_mult_uns_0_DW_mult_uns_1', port 'product[4]' is not connected to any nets. (LINT-28)
Warning: In design 'MUL_width26_1_DW_mult_uns_0_DW_mult_uns_1', port 'product[3]' is not connected to any nets. (LINT-28)
Warning: In design 'MUL_width26_1_DW_mult_uns_0_DW_mult_uns_1', port 'product[2]' is not connected to any nets. (LINT-28)
Warning: In design 'MUL_width26_1_DW_mult_uns_0_DW_mult_uns_1', port 'product[1]' is not connected to any nets. (LINT-28)
Warning: In design 'MUL_width26_1_DW_mult_uns_0_DW_mult_uns_1', port 'product[0]' is not connected to any nets. (LINT-28)
Warning: In design 'QUAD_RECIPROCAL_width26_DW01_add_0', port 'CI' is not connected to any nets. (LINT-28)
Warning: In design 'QUAD_RECIPROCAL_width26_DW01_add_0', port 'SUM[51]' is not connected to any nets. (LINT-28)
Warning: In design 'QUAD_RECIPROCAL_width26_DW01_add_0', port 'SUM[50]' is not connected to any nets. (LINT-28)
Warning: In design 'QUAD_RECIPROCAL_width26_DW01_add_0', port 'SUM[49]' is not connected to any nets. (LINT-28)
Warning: In design 'QUAD_RECIPROCAL_width26_DW01_add_0', port 'SUM[22]' is not connected to any nets. (LINT-28)
Warning: In design 'QUAD_RECIPROCAL_width26_DW01_add_0', port 'SUM[21]' is not connected to any nets. (LINT-28)
Warning: In design 'QUAD_RECIPROCAL_width26_DW01_add_0', port 'SUM[20]' is not connected to any nets. (LINT-28)
Warning: In design 'QUAD_RECIPROCAL_width26_DW01_add_0', port 'SUM[19]' is not connected to any nets. (LINT-28)
Warning: In design 'QUAD_RECIPROCAL_width26_DW01_add_0', port 'SUM[18]' is not connected to any nets. (LINT-28)
Warning: In design 'QUAD_RECIPROCAL_width26_DW01_add_0', port 'SUM[17]' is not connected to any nets. (LINT-28)
Warning: In design 'QUAD_RECIPROCAL_width26_DW01_add_0', port 'SUM[16]' is not connected to any nets. (LINT-28)
Warning: In design 'QUAD_RECIPROCAL_width26_DW01_add_0', port 'SUM[15]' is not connected to any nets. (LINT-28)
Warning: In design 'QUAD_RECIPROCAL_width26_DW01_add_0', port 'SUM[14]' is not connected to any nets. (LINT-28)
Warning: In design 'QUAD_RECIPROCAL_width26_DW01_add_0', port 'SUM[13]' is not connected to any nets. (LINT-28)
Warning: In design 'QUAD_RECIPROCAL_width26_DW01_add_0', port 'SUM[12]' is not connected to any nets. (LINT-28)
Warning: In design 'QUAD_RECIPROCAL_width26_DW01_add_0', port 'SUM[11]' is not connected to any nets. (LINT-28)
Warning: In design 'QUAD_RECIPROCAL_width26_DW01_add_0', port 'SUM[10]' is not connected to any nets. (LINT-28)
Warning: In design 'QUAD_RECIPROCAL_width26_DW01_add_0', port 'SUM[9]' is not connected to any nets. (LINT-28)
Warning: In design 'QUAD_RECIPROCAL_width26_DW01_add_0', port 'SUM[8]' is not connected to any nets. (LINT-28)
Warning: In design 'QUAD_RECIPROCAL_width26_DW01_add_0', port 'SUM[7]' is not connected to any nets. (LINT-28)
Warning: In design 'QUAD_RECIPROCAL_width26_DW01_add_0', port 'SUM[6]' is not connected to any nets. (LINT-28)
Warning: In design 'QUAD_RECIPROCAL_width26_DW01_add_0', port 'SUM[5]' is not connected to any nets. (LINT-28)
Warning: In design 'QUAD_RECIPROCAL_width26_DW01_add_0', port 'SUM[4]' is not connected to any nets. (LINT-28)
Warning: In design 'QUAD_RECIPROCAL_width26_DW01_add_0', port 'SUM[3]' is not connected to any nets. (LINT-28)
Warning: In design 'QUAD_RECIPROCAL_width26_DW01_add_0', port 'SUM[2]' is not connected to any nets. (LINT-28)
Warning: In design 'QUAD_RECIPROCAL_width26_DW01_add_0', port 'SUM[1]' is not connected to any nets. (LINT-28)
Warning: In design 'QUAD_RECIPROCAL_width26_DW01_add_0', port 'SUM[0]' is not connected to any nets. (LINT-28)
Warning: In design 'QUAD_RECIPROCAL_width26_DW01_add_0', port 'CO' is not connected to any nets. (LINT-28)
Warning: In design 'QUAD_RECIPROCAL_width26_DW01_sub_0_DW01_sub_2', port 'A[51]' is not connected to any nets. (LINT-28)
Warning: In design 'QUAD_RECIPROCAL_width26_DW01_sub_0_DW01_sub_2', port 'A[50]' is not connected to any nets. (LINT-28)
Warning: In design 'QUAD_RECIPROCAL_width26_DW01_sub_0_DW01_sub_2', port 'A[49]' is not connected to any nets. (LINT-28)
Warning: In design 'QUAD_RECIPROCAL_width26_DW01_sub_0_DW01_sub_2', port 'A[48]' is not connected to any nets. (LINT-28)
Warning: In design 'QUAD_RECIPROCAL_width26_DW01_sub_0_DW01_sub_2', port 'A[47]' is not connected to any nets. (LINT-28)
Warning: In design 'QUAD_RECIPROCAL_width26_DW01_sub_0_DW01_sub_2', port 'A[46]' is not connected to any nets. (LINT-28)
Warning: In design 'QUAD_RECIPROCAL_width26_DW01_sub_0_DW01_sub_2', port 'A[45]' is not connected to any nets. (LINT-28)
Warning: In design 'QUAD_RECIPROCAL_width26_DW01_sub_0_DW01_sub_2', port 'A[44]' is not connected to any nets. (LINT-28)
Warning: In design 'QUAD_RECIPROCAL_width26_DW01_sub_0_DW01_sub_2', port 'A[43]' is not connected to any nets. (LINT-28)
Warning: In design 'QUAD_RECIPROCAL_width26_DW01_sub_0_DW01_sub_2', port 'A[42]' is not connected to any nets. (LINT-28)
Warning: In design 'QUAD_RECIPROCAL_width26_DW01_sub_0_DW01_sub_2', port 'A[41]' is not connected to any nets. (LINT-28)
Warning: In design 'QUAD_RECIPROCAL_width26_DW01_sub_0_DW01_sub_2', port 'A[40]' is not connected to any nets. (LINT-28)
Warning: In design 'QUAD_RECIPROCAL_width26_DW01_sub_0_DW01_sub_2', port 'A[39]' is not connected to any nets. (LINT-28)
Warning: In design 'QUAD_RECIPROCAL_width26_DW01_sub_0_DW01_sub_2', port 'A[38]' is not connected to any nets. (LINT-28)
Warning: In design 'QUAD_RECIPROCAL_width26_DW01_sub_0_DW01_sub_2', port 'A[37]' is not connected to any nets. (LINT-28)
Warning: In design 'QUAD_RECIPROCAL_width26_DW01_sub_0_DW01_sub_2', port 'A[36]' is not connected to any nets. (LINT-28)
Warning: In design 'QUAD_RECIPROCAL_width26_DW01_sub_0_DW01_sub_2', port 'A[35]' is not connected to any nets. (LINT-28)
Warning: In design 'QUAD_RECIPROCAL_width26_DW01_sub_0_DW01_sub_2', port 'A[34]' is not connected to any nets. (LINT-28)
Warning: In design 'QUAD_RECIPROCAL_width26_DW01_sub_0_DW01_sub_2', port 'A[33]' is not connected to any nets. (LINT-28)
Warning: In design 'QUAD_RECIPROCAL_width26_DW01_sub_0_DW01_sub_2', port 'A[32]' is not connected to any nets. (LINT-28)
Warning: In design 'QUAD_RECIPROCAL_width26_DW01_sub_0_DW01_sub_2', port 'A[31]' is not connected to any nets. (LINT-28)
Warning: In design 'QUAD_RECIPROCAL_width26_DW01_sub_0_DW01_sub_2', port 'A[30]' is not connected to any nets. (LINT-28)
Warning: In design 'QUAD_RECIPROCAL_width26_DW01_sub_0_DW01_sub_2', port 'A[29]' is not connected to any nets. (LINT-28)
Warning: In design 'QUAD_RECIPROCAL_width26_DW01_sub_0_DW01_sub_2', port 'A[28]' is not connected to any nets. (LINT-28)
Warning: In design 'QUAD_RECIPROCAL_width26_DW01_sub_0_DW01_sub_2', port 'A[27]' is not connected to any nets. (LINT-28)
Warning: In design 'QUAD_RECIPROCAL_width26_DW01_sub_0_DW01_sub_2', port 'A[26]' is not connected to any nets. (LINT-28)
Warning: In design 'QUAD_RECIPROCAL_width26_DW01_sub_0_DW01_sub_2', port 'A[25]' is not connected to any nets. (LINT-28)
Warning: In design 'QUAD_RECIPROCAL_width26_DW01_sub_0_DW01_sub_2', port 'A[24]' is not connected to any nets. (LINT-28)
Warning: In design 'QUAD_RECIPROCAL_width26_DW01_sub_0_DW01_sub_2', port 'A[23]' is not connected to any nets. (LINT-28)
Warning: In design 'QUAD_RECIPROCAL_width26_DW01_sub_0_DW01_sub_2', port 'A[22]' is not connected to any nets. (LINT-28)
Warning: In design 'QUAD_RECIPROCAL_width26_DW01_sub_0_DW01_sub_2', port 'A[21]' is not connected to any nets. (LINT-28)
Warning: In design 'QUAD_RECIPROCAL_width26_DW01_sub_0_DW01_sub_2', port 'A[20]' is not connected to any nets. (LINT-28)
Warning: In design 'QUAD_RECIPROCAL_width26_DW01_sub_0_DW01_sub_2', port 'A[19]' is not connected to any nets. (LINT-28)
Warning: In design 'QUAD_RECIPROCAL_width26_DW01_sub_0_DW01_sub_2', port 'A[18]' is not connected to any nets. (LINT-28)
Warning: In design 'QUAD_RECIPROCAL_width26_DW01_sub_0_DW01_sub_2', port 'A[17]' is not connected to any nets. (LINT-28)
Warning: In design 'QUAD_RECIPROCAL_width26_DW01_sub_0_DW01_sub_2', port 'A[16]' is not connected to any nets. (LINT-28)
Warning: In design 'QUAD_RECIPROCAL_width26_DW01_sub_0_DW01_sub_2', port 'A[15]' is not connected to any nets. (LINT-28)
Warning: In design 'QUAD_RECIPROCAL_width26_DW01_sub_0_DW01_sub_2', port 'A[14]' is not connected to any nets. (LINT-28)
Warning: In design 'QUAD_RECIPROCAL_width26_DW01_sub_0_DW01_sub_2', port 'A[13]' is not connected to any nets. (LINT-28)
Warning: In design 'QUAD_RECIPROCAL_width26_DW01_sub_0_DW01_sub_2', port 'A[12]' is not connected to any nets. (LINT-28)
Warning: In design 'QUAD_RECIPROCAL_width26_DW01_sub_0_DW01_sub_2', port 'A[11]' is not connected to any nets. (LINT-28)
Warning: In design 'QUAD_RECIPROCAL_width26_DW01_sub_0_DW01_sub_2', port 'A[10]' is not connected to any nets. (LINT-28)
Warning: In design 'QUAD_RECIPROCAL_width26_DW01_sub_0_DW01_sub_2', port 'A[9]' is not connected to any nets. (LINT-28)
Warning: In design 'QUAD_RECIPROCAL_width26_DW01_sub_0_DW01_sub_2', port 'A[8]' is not connected to any nets. (LINT-28)
Warning: In design 'QUAD_RECIPROCAL_width26_DW01_sub_0_DW01_sub_2', port 'A[7]' is not connected to any nets. (LINT-28)
Warning: In design 'QUAD_RECIPROCAL_width26_DW01_sub_0_DW01_sub_2', port 'A[6]' is not connected to any nets. (LINT-28)
Warning: In design 'QUAD_RECIPROCAL_width26_DW01_sub_0_DW01_sub_2', port 'A[5]' is not connected to any nets. (LINT-28)
Warning: In design 'QUAD_RECIPROCAL_width26_DW01_sub_0_DW01_sub_2', port 'A[4]' is not connected to any nets. (LINT-28)
Warning: In design 'QUAD_RECIPROCAL_width26_DW01_sub_0_DW01_sub_2', port 'A[3]' is not connected to any nets. (LINT-28)
Warning: In design 'QUAD_RECIPROCAL_width26_DW01_sub_0_DW01_sub_2', port 'A[2]' is not connected to any nets. (LINT-28)
Warning: In design 'QUAD_RECIPROCAL_width26_DW01_sub_0_DW01_sub_2', port 'A[1]' is not connected to any nets. (LINT-28)
Warning: In design 'QUAD_RECIPROCAL_width26_DW01_sub_0_DW01_sub_2', port 'A[0]' is not connected to any nets. (LINT-28)
Warning: In design 'QUAD_RECIPROCAL_width26_DW01_sub_0_DW01_sub_2', port 'CI' is not connected to any nets. (LINT-28)
Warning: In design 'QUAD_RECIPROCAL_width26_DW01_sub_0_DW01_sub_2', port 'DIFF[51]' is not connected to any nets. (LINT-28)
Warning: In design 'QUAD_RECIPROCAL_width26_DW01_sub_0_DW01_sub_2', port 'DIFF[50]' is not connected to any nets. (LINT-28)
Warning: In design 'QUAD_RECIPROCAL_width26_DW01_sub_0_DW01_sub_2', port 'DIFF[49]' is not connected to any nets. (LINT-28)
Warning: In design 'QUAD_RECIPROCAL_width26_DW01_sub_0_DW01_sub_2', port 'DIFF[19]' is not connected to any nets. (LINT-28)
Warning: In design 'QUAD_RECIPROCAL_width26_DW01_sub_0_DW01_sub_2', port 'DIFF[18]' is not connected to any nets. (LINT-28)
Warning: In design 'QUAD_RECIPROCAL_width26_DW01_sub_0_DW01_sub_2', port 'DIFF[17]' is not connected to any nets. (LINT-28)
Warning: In design 'QUAD_RECIPROCAL_width26_DW01_sub_0_DW01_sub_2', port 'DIFF[16]' is not connected to any nets. (LINT-28)
Warning: In design 'QUAD_RECIPROCAL_width26_DW01_sub_0_DW01_sub_2', port 'DIFF[15]' is not connected to any nets. (LINT-28)
Warning: In design 'QUAD_RECIPROCAL_width26_DW01_sub_0_DW01_sub_2', port 'DIFF[14]' is not connected to any nets. (LINT-28)
Warning: In design 'QUAD_RECIPROCAL_width26_DW01_sub_0_DW01_sub_2', port 'DIFF[13]' is not connected to any nets. (LINT-28)
Warning: In design 'QUAD_RECIPROCAL_width26_DW01_sub_0_DW01_sub_2', port 'DIFF[12]' is not connected to any nets. (LINT-28)
Warning: In design 'QUAD_RECIPROCAL_width26_DW01_sub_0_DW01_sub_2', port 'DIFF[11]' is not connected to any nets. (LINT-28)
Warning: In design 'QUAD_RECIPROCAL_width26_DW01_sub_0_DW01_sub_2', port 'DIFF[10]' is not connected to any nets. (LINT-28)
Warning: In design 'QUAD_RECIPROCAL_width26_DW01_sub_0_DW01_sub_2', port 'DIFF[9]' is not connected to any nets. (LINT-28)
Warning: In design 'QUAD_RECIPROCAL_width26_DW01_sub_0_DW01_sub_2', port 'DIFF[8]' is not connected to any nets. (LINT-28)
Warning: In design 'QUAD_RECIPROCAL_width26_DW01_sub_0_DW01_sub_2', port 'DIFF[7]' is not connected to any nets. (LINT-28)
Warning: In design 'QUAD_RECIPROCAL_width26_DW01_sub_0_DW01_sub_2', port 'DIFF[6]' is not connected to any nets. (LINT-28)
Warning: In design 'QUAD_RECIPROCAL_width26_DW01_sub_0_DW01_sub_2', port 'DIFF[5]' is not connected to any nets. (LINT-28)
Warning: In design 'QUAD_RECIPROCAL_width26_DW01_sub_0_DW01_sub_2', port 'DIFF[4]' is not connected to any nets. (LINT-28)
Warning: In design 'QUAD_RECIPROCAL_width26_DW01_sub_0_DW01_sub_2', port 'DIFF[3]' is not connected to any nets. (LINT-28)
Warning: In design 'QUAD_RECIPROCAL_width26_DW01_sub_0_DW01_sub_2', port 'DIFF[2]' is not connected to any nets. (LINT-28)
Warning: In design 'QUAD_RECIPROCAL_width26_DW01_sub_0_DW01_sub_2', port 'DIFF[1]' is not connected to any nets. (LINT-28)
Warning: In design 'QUAD_RECIPROCAL_width26_DW01_sub_0_DW01_sub_2', port 'DIFF[0]' is not connected to any nets. (LINT-28)
Warning: In design 'QUAD_RECIPROCAL_width26_DW01_sub_0_DW01_sub_2', port 'CO' is not connected to any nets. (LINT-28)
Warning: In design 'MUL_width26_0_DW_mult_uns_0_DW_mult_uns_3', port 'product[51]' is not connected to any nets. (LINT-28)
Warning: In design 'MUL_width26_0_DW_mult_uns_0_DW_mult_uns_3', port 'product[50]' is not connected to any nets. (LINT-28)
Warning: In design 'MUL_width26_0_DW_mult_uns_0_DW_mult_uns_3', port 'product[49]' is not connected to any nets. (LINT-28)
Warning: In design 'MUL_width26_0_DW_mult_uns_0_DW_mult_uns_3', port 'product[48]' is not connected to any nets. (LINT-28)
Warning: In design 'MUL_width26_0_DW_mult_uns_0_DW_mult_uns_3', port 'product[47]' is not connected to any nets. (LINT-28)
Warning: In design 'MUL_width26_0_DW_mult_uns_0_DW_mult_uns_3', port 'product[22]' is not connected to any nets. (LINT-28)
Warning: In design 'MUL_width26_0_DW_mult_uns_0_DW_mult_uns_3', port 'product[21]' is not connected to any nets. (LINT-28)
Warning: In design 'MUL_width26_0_DW_mult_uns_0_DW_mult_uns_3', port 'product[20]' is not connected to any nets. (LINT-28)
Warning: In design 'MUL_width26_0_DW_mult_uns_0_DW_mult_uns_3', port 'product[19]' is not connected to any nets. (LINT-28)
Warning: In design 'MUL_width26_0_DW_mult_uns_0_DW_mult_uns_3', port 'product[18]' is not connected to any nets. (LINT-28)
Warning: In design 'MUL_width26_0_DW_mult_uns_0_DW_mult_uns_3', port 'product[17]' is not connected to any nets. (LINT-28)
Warning: In design 'MUL_width26_0_DW_mult_uns_0_DW_mult_uns_3', port 'product[16]' is not connected to any nets. (LINT-28)
Warning: In design 'MUL_width26_0_DW_mult_uns_0_DW_mult_uns_3', port 'product[15]' is not connected to any nets. (LINT-28)
Warning: In design 'MUL_width26_0_DW_mult_uns_0_DW_mult_uns_3', port 'product[14]' is not connected to any nets. (LINT-28)
Warning: In design 'MUL_width26_0_DW_mult_uns_0_DW_mult_uns_3', port 'product[13]' is not connected to any nets. (LINT-28)
Warning: In design 'MUL_width26_0_DW_mult_uns_0_DW_mult_uns_3', port 'product[12]' is not connected to any nets. (LINT-28)
Warning: In design 'MUL_width26_0_DW_mult_uns_0_DW_mult_uns_3', port 'product[11]' is not connected to any nets. (LINT-28)
Warning: In design 'MUL_width26_0_DW_mult_uns_0_DW_mult_uns_3', port 'product[10]' is not connected to any nets. (LINT-28)
Warning: In design 'MUL_width26_0_DW_mult_uns_0_DW_mult_uns_3', port 'product[9]' is not connected to any nets. (LINT-28)
Warning: In design 'MUL_width26_0_DW_mult_uns_0_DW_mult_uns_3', port 'product[8]' is not connected to any nets. (LINT-28)
Warning: In design 'MUL_width26_0_DW_mult_uns_0_DW_mult_uns_3', port 'product[7]' is not connected to any nets. (LINT-28)
Warning: In design 'MUL_width26_0_DW_mult_uns_0_DW_mult_uns_3', port 'product[6]' is not connected to any nets. (LINT-28)
Warning: In design 'MUL_width26_0_DW_mult_uns_0_DW_mult_uns_3', port 'product[5]' is not connected to any nets. (LINT-28)
Warning: In design 'MUL_width26_0_DW_mult_uns_0_DW_mult_uns_3', port 'product[4]' is not connected to any nets. (LINT-28)
Warning: In design 'MUL_width26_0_DW_mult_uns_0_DW_mult_uns_3', port 'product[3]' is not connected to any nets. (LINT-28)
Warning: In design 'MUL_width26_0_DW_mult_uns_0_DW_mult_uns_3', port 'product[2]' is not connected to any nets. (LINT-28)
Warning: In design 'MUL_width26_0_DW_mult_uns_0_DW_mult_uns_3', port 'product[1]' is not connected to any nets. (LINT-28)
Warning: In design 'MUL_width26_0_DW_mult_uns_0_DW_mult_uns_3', port 'product[0]' is not connected to any nets. (LINT-28)
Warning: In design 'fp32_normal_finite_wrapper_DW01_add_1_DW01_add_2', port 'CI' is not connected to any nets. (LINT-28)
Warning: In design 'fp32_normal_finite_wrapper_DW01_add_1_DW01_add_2', port 'CO' is not connected to any nets. (LINT-28)
Warning: In design 'qiad_prior_fp32_paceio', a pin on submodule 'qiad_core' is connected to logic 1 or logic 0. (LINT-32)
   Pin 'x[22]' is connected to logic 0. 
Warning: In design 'qiad_prior_fp32_paceio', a pin on submodule 'qiad_core' is connected to logic 1 or logic 0. (LINT-32)
   Pin 'y[22]' is connected to logic 0. 
Warning: In design 'qiad_prior_fp32_paceio', a pin on submodule 'fp_wrapper' is connected to logic 1 or logic 0. (LINT-32)
   Pin 'x[0]' is connected to logic 0. 
Warning: In design 'qiad_prior_fp32_paceio', a pin on submodule 'fp_wrapper' is connected to logic 1 or logic 0. (LINT-32)
   Pin 'y[0]' is connected to logic 0. 
Warning: In design 'top_width23', a pin on submodule 'u_norm' is connected to logic 1 or logic 0. (LINT-32)
   Pin 'x[22]' is connected to logic 1. 
Warning: In design 'top_width23', a pin on submodule 'u_quad' is connected to logic 1 or logic 0. (LINT-32)
   Pin 'y[25]' is connected to logic 0. 
Warning: In design 'top_width23', a pin on submodule 'u_quad' is connected to logic 1 or logic 0. (LINT-32)
   Pin 'y[24]' is connected to logic 0. 
Warning: In design 'top_width23', a pin on submodule 'u_quad' is connected to logic 1 or logic 0. (LINT-32)
   Pin 'y[23]' is connected to logic 0. 
Warning: In design 'top_width23', a pin on submodule 'u_quad' is connected to logic 1 or logic 0. (LINT-32)
   Pin 'y[22]' is connected to logic 1. 
Warning: In design 'top_width23', a pin on submodule 'mul_xRy' is connected to logic 1 or logic 0. (LINT-32)
   Pin 'x[25]' is connected to logic 0. 
Warning: In design 'top_width23', a pin on submodule 'mul_xRy' is connected to logic 1 or logic 0. (LINT-32)
   Pin 'x[24]' is connected to logic 0. 
Warning: In design 'top_width23', a pin on submodule 'mul_xRy' is connected to logic 1 or logic 0. (LINT-32)
   Pin 'x[23]' is connected to logic 0. 
Warning: In design 'top_width23', a pin on submodule 'mul_xRy' is connected to logic 1 or logic 0. (LINT-32)
   Pin 'x[22]' is connected to logic 1. 
Warning: In design 'top_width23', a pin on submodule 'res_shift' is connected to logic 1 or logic 0. (LINT-32)
   Pin 'x[45]' is connected to logic 0. 
Warning: In design 'top_width23', a pin on submodule 'res_shift' is connected to logic 1 or logic 0. (LINT-32)
   Pin 'x[44]' is connected to logic 0. 
Warning: In design 'top_width23', a pin on submodule 'res_shift' is connected to logic 1 or logic 0. (LINT-32)
   Pin 'x[43]' is connected to logic 0. 
Warning: In design 'top_width23', a pin on submodule 'res_shift' is connected to logic 1 or logic 0. (LINT-32)
   Pin 'x[42]' is connected to logic 0. 
Warning: In design 'top_width23', a pin on submodule 'res_shift' is connected to logic 1 or logic 0. (LINT-32)
   Pin 'x[41]' is connected to logic 0. 
Warning: In design 'top_width23', a pin on submodule 'res_shift' is connected to logic 1 or logic 0. (LINT-32)
   Pin 'x[40]' is connected to logic 0. 
Warning: In design 'top_width23', a pin on submodule 'res_shift' is connected to logic 1 or logic 0. (LINT-32)
   Pin 'x[39]' is connected to logic 0. 
Warning: In design 'top_width23', a pin on submodule 'res_shift' is connected to logic 1 or logic 0. (LINT-32)
   Pin 'x[38]' is connected to logic 0. 
Warning: In design 'top_width23', a pin on submodule 'res_shift' is connected to logic 1 or logic 0. (LINT-32)
   Pin 'x[37]' is connected to logic 0. 
Warning: In design 'top_width23', a pin on submodule 'res_shift' is connected to logic 1 or logic 0. (LINT-32)
   Pin 'x[36]' is connected to logic 0. 
Warning: In design 'top_width23', a pin on submodule 'res_shift' is connected to logic 1 or logic 0. (LINT-32)
   Pin 'x[35]' is connected to logic 0. 
Warning: In design 'top_width23', a pin on submodule 'res_shift' is connected to logic 1 or logic 0. (LINT-32)
   Pin 'x[34]' is connected to logic 0. 
Warning: In design 'top_width23', a pin on submodule 'res_shift' is connected to logic 1 or logic 0. (LINT-32)
   Pin 'x[33]' is connected to logic 0. 
Warning: In design 'top_width23', a pin on submodule 'res_shift' is connected to logic 1 or logic 0. (LINT-32)
   Pin 'x[32]' is connected to logic 0. 
Warning: In design 'top_width23', a pin on submodule 'res_shift' is connected to logic 1 or logic 0. (LINT-32)
   Pin 'x[31]' is connected to logic 0. 
Warning: In design 'top_width23', a pin on submodule 'res_shift' is connected to logic 1 or logic 0. (LINT-32)
   Pin 'x[30]' is connected to logic 0. 
Warning: In design 'top_width23', a pin on submodule 'res_shift' is connected to logic 1 or logic 0. (LINT-32)
   Pin 'x[29]' is connected to logic 0. 
Warning: In design 'top_width23', a pin on submodule 'res_shift' is connected to logic 1 or logic 0. (LINT-32)
   Pin 'x[28]' is connected to logic 0. 
Warning: In design 'top_width23', a pin on submodule 'res_shift' is connected to logic 1 or logic 0. (LINT-32)
   Pin 'x[27]' is connected to logic 0. 
Warning: In design 'top_width23', a pin on submodule 'res_shift' is connected to logic 1 or logic 0. (LINT-32)
   Pin 'x[26]' is connected to logic 0. 
Warning: In design 'top_width23', a pin on submodule 'res_shift' is connected to logic 1 or logic 0. (LINT-32)
   Pin 'x[25]' is connected to logic 0. 
Warning: In design 'top_width23', a pin on submodule 'res_shift' is connected to logic 1 or logic 0. (LINT-32)
   Pin 'x[24]' is connected to logic 0. 
Warning: In design 'top_width23', a pin on submodule 'res_shift' is connected to logic 1 or logic 0. (LINT-32)
   Pin 'shift[5]' is connected to logic 0. 
Warning: In design 'top_width23', a pin on submodule 'res_shift' is connected to logic 1 or logic 0. (LINT-32)
   Pin 'shift[4]' is connected to logic 0. 
Warning: In design 'top_width23', a pin on submodule 'res_shift' is connected to logic 1 or logic 0. (LINT-32)
   Pin 'shift[3]' is connected to logic 0. 
Warning: In design 'top_width23', a pin on submodule 'res_shift' is connected to logic 1 or logic 0. (LINT-32)
   Pin 'shift[2]' is connected to logic 0. 
Warning: In design 'top_width23', a pin on submodule 'res_shift' is connected to logic 1 or logic 0. (LINT-32)
   Pin 'shift[1]' is connected to logic 0. 
Warning: In design 'top_width23', a pin on submodule 'res_shift' is connected to logic 1 or logic 0. (LINT-32)
   Pin 'shift[0]' is connected to logic 0. 
Warning: In design 'top_width23', a pin on submodule 'res_shift' is connected to logic 1 or logic 0. (LINT-32)
   Pin 'left' is connected to logic 0. 
Warning: In design 'FP_DIV_WRAPPER_32', a pin on submodule 'shared_wrapper' is connected to logic 1 or logic 0. (LINT-32)
   Pin 'x[0]' is connected to logic 0. 
Warning: In design 'FP_DIV_WRAPPER_32', a pin on submodule 'shared_wrapper' is connected to logic 1 or logic 0. (LINT-32)
   Pin 'y[0]' is connected to logic 0. 
Warning: In design 'FP_DIV_WRAPPER_32', a pin on submodule 'shared_wrapper' is connected to logic 1 or logic 0. (LINT-32)
   Pin 'divide_mode' is connected to logic 0. 
Warning: In design 'NORMALIZE_width23', a pin on submodule 'shifter' is connected to logic 1 or logic 0. (LINT-32)
   Pin 'x[22]' is connected to logic 1. 
Warning: In design 'NORMALIZE_width23', a pin on submodule 'shifter' is connected to logic 1 or logic 0. (LINT-32)
   Pin 'shift[4]' is connected to logic 0. 
Warning: In design 'NORMALIZE_width23', a pin on submodule 'shifter' is connected to logic 1 or logic 0. (LINT-32)
   Pin 'shift[3]' is connected to logic 0. 
Warning: In design 'NORMALIZE_width23', a pin on submodule 'shifter' is connected to logic 1 or logic 0. (LINT-32)
   Pin 'shift[2]' is connected to logic 0. 
Warning: In design 'NORMALIZE_width23', a pin on submodule 'shifter' is connected to logic 1 or logic 0. (LINT-32)
   Pin 'shift[1]' is connected to logic 0. 
Warning: In design 'NORMALIZE_width23', a pin on submodule 'shifter' is connected to logic 1 or logic 0. (LINT-32)
   Pin 'shift[0]' is connected to logic 0. 
Warning: In design 'NORMALIZE_width23', a pin on submodule 'shifter' is connected to logic 1 or logic 0. (LINT-32)
   Pin 'left' is connected to logic 0. 
Warning: In design 'QUAD_RECIPROCAL_width26', a pin on submodule 'mul_y2' is connected to logic 1 or logic 0. (LINT-32)
   Pin 'x[25]' is connected to logic 0. 
Warning: In design 'QUAD_RECIPROCAL_width26', a pin on submodule 'mul_y2' is connected to logic 1 or logic 0. (LINT-32)
   Pin 'x[24]' is connected to logic 0. 
Warning: In design 'QUAD_RECIPROCAL_width26', a pin on submodule 'mul_y2' is connected to logic 1 or logic 0. (LINT-32)
   Pin 'x[23]' is connected to logic 0. 
Warning: In design 'QUAD_RECIPROCAL_width26', a pin on submodule 'mul_y2' is connected to logic 1 or logic 0. (LINT-32)
   Pin 'x[22]' is connected to logic 1. 
Warning: In design 'QUAD_RECIPROCAL_width26', a pin on submodule 'mul_y2' is connected to logic 1 or logic 0. (LINT-32)
   Pin 'y[25]' is connected to logic 0. 
Warning: In design 'QUAD_RECIPROCAL_width26', a pin on submodule 'mul_y2' is connected to logic 1 or logic 0. (LINT-32)
   Pin 'y[24]' is connected to logic 0. 
Warning: In design 'QUAD_RECIPROCAL_width26', a pin on submodule 'mul_y2' is connected to logic 1 or logic 0. (LINT-32)
   Pin 'y[23]' is connected to logic 0. 
Warning: In design 'QUAD_RECIPROCAL_width26', a pin on submodule 'mul_y2' is connected to logic 1 or logic 0. (LINT-32)
   Pin 'y[22]' is connected to logic 1. 
Warning: In design 'QUAD_RECIPROCAL_width26', a pin on submodule 'mul_ay2' is connected to logic 1 or logic 0. (LINT-32)
   Pin 'x[25]' is connected to logic 0. 
Warning: In design 'QUAD_RECIPROCAL_width26', a pin on submodule 'mul_ay2' is connected to logic 1 or logic 0. (LINT-32)
   Pin 'x[24]' is connected to logic 0. 
Warning: In design 'QUAD_RECIPROCAL_width26', a pin on submodule 'mul_ay2' is connected to logic 1 or logic 0. (LINT-32)
   Pin 'x[23]' is connected to logic 0. 
Warning: In design 'QUAD_RECIPROCAL_width26', a pin on submodule 'mul_ay2' is connected to logic 1 or logic 0. (LINT-32)
   Pin 'x[22]' is connected to logic 0. 
Warning: In design 'QUAD_RECIPROCAL_width26', a pin on submodule 'mul_ay2' is connected to logic 1 or logic 0. (LINT-32)
   Pin 'x[21]' is connected to logic 0. 
Warning: In design 'QUAD_RECIPROCAL_width26', a pin on submodule 'mul_ay2' is connected to logic 1 or logic 0. (LINT-32)
   Pin 'x[20]' is connected to logic 0. 
Warning: In design 'QUAD_RECIPROCAL_width26', a pin on submodule 'mul_ay2' is connected to logic 1 or logic 0. (LINT-32)
   Pin 'x[19]' is connected to logic 0. 
Warning: In design 'QUAD_RECIPROCAL_width26', a pin on submodule 'mul_ay2' is connected to logic 1 or logic 0. (LINT-32)
   Pin 'x[18]' is connected to logic 0. 
Warning: In design 'QUAD_RECIPROCAL_width26', a pin on submodule 'mul_ay2' is connected to logic 1 or logic 0. (LINT-32)
   Pin 'x[17]' is connected to logic 0. 
Warning: In design 'QUAD_RECIPROCAL_width26', a pin on submodule 'mul_ay2' is connected to logic 1 or logic 0. (LINT-32)
   Pin 'x[16]' is connected to logic 0. 
Warning: In design 'QUAD_RECIPROCAL_width26', a pin on submodule 'mul_ay2' is connected to logic 1 or logic 0. (LINT-32)
   Pin 'x[15]' is connected to logic 0. 
Warning: In design 'QUAD_RECIPROCAL_width26', a pin on submodule 'mul_ay2' is connected to logic 1 or logic 0. (LINT-32)
   Pin 'x[14]' is connected to logic 0. 
Warning: In design 'QUAD_RECIPROCAL_width26', a pin on submodule 'mul_ay2' is connected to logic 1 or logic 0. (LINT-32)
   Pin 'x[13]' is connected to logic 0. 
Warning: In design 'QUAD_RECIPROCAL_width26', a pin on submodule 'mul_ay2' is connected to logic 1 or logic 0. (LINT-32)
   Pin 'x[12]' is connected to logic 0. 
Warning: In design 'QUAD_RECIPROCAL_width26', a pin on submodule 'mul_ay2' is connected to logic 1 or logic 0. (LINT-32)
   Pin 'x[11]' is connected to logic 0. 
Warning: In design 'QUAD_RECIPROCAL_width26', a pin on submodule 'mul_ay2' is connected to logic 1 or logic 0. (LINT-32)
   Pin 'x[10]' is connected to logic 0. 
Warning: In design 'QUAD_RECIPROCAL_width26', a pin on submodule 'mul_ay2' is connected to logic 1 or logic 0. (LINT-32)
   Pin 'x[9]' is connected to logic 0. 
Warning: In design 'QUAD_RECIPROCAL_width26', a pin on submodule 'mul_ay2' is connected to logic 1 or logic 0. (LINT-32)
   Pin 'x[8]' is connected to logic 0. 
Warning: In design 'QUAD_RECIPROCAL_width26', a pin on submodule 'mul_ay2' is connected to logic 1 or logic 0. (LINT-32)
   Pin 'x[7]' is connected to logic 0. 
Warning: In design 'QUAD_RECIPROCAL_width26', a pin on submodule 'mul_ay2' is connected to logic 1 or logic 0. (LINT-32)
   Pin 'x[6]' is connected to logic 0. 
Warning: In design 'QUAD_RECIPROCAL_width26', a pin on submodule 'mul_ay2' is connected to logic 1 or logic 0. (LINT-32)
   Pin 'x[5]' is connected to logic 0. 
Warning: In design 'QUAD_RECIPROCAL_width26', a pin on submodule 'mul_ay2' is connected to logic 1 or logic 0. (LINT-32)
   Pin 'x[4]' is connected to logic 0. 
Warning: In design 'QUAD_RECIPROCAL_width26', a pin on submodule 'mul_ay2' is connected to logic 1 or logic 0. (LINT-32)
   Pin 'x[3]' is connected to logic 0. 
Warning: In design 'QUAD_RECIPROCAL_width26', a pin on submodule 'mul_ay2' is connected to logic 1 or logic 0. (LINT-32)
   Pin 'x[2]' is connected to logic 0. 
Warning: In design 'QUAD_RECIPROCAL_width26', a pin on submodule 'mul_ay2' is connected to logic 1 or logic 0. (LINT-32)
   Pin 'x[1]' is connected to logic 0. 
Warning: In design 'QUAD_RECIPROCAL_width26', a pin on submodule 'mul_ay2' is connected to logic 1 or logic 0. (LINT-32)
   Pin 'x[0]' is connected to logic 0. 
Warning: In design 'QUAD_RECIPROCAL_width26', a pin on submodule 'mul_by' is connected to logic 1 or logic 0. (LINT-32)
   Pin 'x[25]' is connected to logic 0. 
Warning: In design 'QUAD_RECIPROCAL_width26', a pin on submodule 'mul_by' is connected to logic 1 or logic 0. (LINT-32)
   Pin 'x[24]' is connected to logic 0. 
Warning: In design 'QUAD_RECIPROCAL_width26', a pin on submodule 'mul_by' is connected to logic 1 or logic 0. (LINT-32)
   Pin 'x[23]' is connected to logic 0. 
Warning: In design 'QUAD_RECIPROCAL_width26', a pin on submodule 'mul_by' is connected to logic 1 or logic 0. (LINT-32)
   Pin 'x[22]' is connected to logic 0. 
Warning: In design 'QUAD_RECIPROCAL_width26', a pin on submodule 'mul_by' is connected to logic 1 or logic 0. (LINT-32)
   Pin 'x[21]' is connected to logic 0. 
Warning: In design 'QUAD_RECIPROCAL_width26', a pin on submodule 'mul_by' is connected to logic 1 or logic 0. (LINT-32)
   Pin 'x[20]' is connected to logic 0. 
Warning: In design 'QUAD_RECIPROCAL_width26', a pin on submodule 'mul_by' is connected to logic 1 or logic 0. (LINT-32)
   Pin 'x[19]' is connected to logic 0. 
Warning: In design 'QUAD_RECIPROCAL_width26', a pin on submodule 'mul_by' is connected to logic 1 or logic 0. (LINT-32)
   Pin 'x[18]' is connected to logic 0. 
Warning: In design 'QUAD_RECIPROCAL_width26', a pin on submodule 'mul_by' is connected to logic 1 or logic 0. (LINT-32)
   Pin 'x[17]' is connected to logic 0. 
Warning: In design 'QUAD_RECIPROCAL_width26', a pin on submodule 'mul_by' is connected to logic 1 or logic 0. (LINT-32)
   Pin 'x[16]' is connected to logic 0. 
Warning: In design 'QUAD_RECIPROCAL_width26', a pin on submodule 'mul_by' is connected to logic 1 or logic 0. (LINT-32)
   Pin 'x[15]' is connected to logic 0. 
Warning: In design 'QUAD_RECIPROCAL_width26', a pin on submodule 'mul_by' is connected to logic 1 or logic 0. (LINT-32)
   Pin 'x[14]' is connected to logic 0. 
Warning: In design 'QUAD_RECIPROCAL_width26', a pin on submodule 'mul_by' is connected to logic 1 or logic 0. (LINT-32)
   Pin 'x[13]' is connected to logic 0. 
Warning: In design 'QUAD_RECIPROCAL_width26', a pin on submodule 'mul_by' is connected to logic 1 or logic 0. (LINT-32)
   Pin 'x[12]' is connected to logic 0. 
Warning: In design 'QUAD_RECIPROCAL_width26', a pin on submodule 'mul_by' is connected to logic 1 or logic 0. (LINT-32)
   Pin 'x[11]' is connected to logic 0. 
Warning: In design 'QUAD_RECIPROCAL_width26', a pin on submodule 'mul_by' is connected to logic 1 or logic 0. (LINT-32)
   Pin 'x[10]' is connected to logic 0. 
Warning: In design 'QUAD_RECIPROCAL_width26', a pin on submodule 'mul_by' is connected to logic 1 or logic 0. (LINT-32)
   Pin 'x[9]' is connected to logic 0. 
Warning: In design 'QUAD_RECIPROCAL_width26', a pin on submodule 'mul_by' is connected to logic 1 or logic 0. (LINT-32)
   Pin 'x[8]' is connected to logic 0. 
Warning: In design 'QUAD_RECIPROCAL_width26', a pin on submodule 'mul_by' is connected to logic 1 or logic 0. (LINT-32)
   Pin 'x[7]' is connected to logic 0. 
Warning: In design 'QUAD_RECIPROCAL_width26', a pin on submodule 'mul_by' is connected to logic 1 or logic 0. (LINT-32)
   Pin 'x[6]' is connected to logic 0. 
Warning: In design 'QUAD_RECIPROCAL_width26', a pin on submodule 'mul_by' is connected to logic 1 or logic 0. (LINT-32)
   Pin 'x[5]' is connected to logic 0. 
Warning: In design 'QUAD_RECIPROCAL_width26', a pin on submodule 'mul_by' is connected to logic 1 or logic 0. (LINT-32)
   Pin 'x[4]' is connected to logic 0. 
Warning: In design 'QUAD_RECIPROCAL_width26', a pin on submodule 'mul_by' is connected to logic 1 or logic 0. (LINT-32)
   Pin 'x[3]' is connected to logic 0. 
Warning: In design 'QUAD_RECIPROCAL_width26', a pin on submodule 'mul_by' is connected to logic 1 or logic 0. (LINT-32)
   Pin 'x[2]' is connected to logic 0. 
Warning: In design 'QUAD_RECIPROCAL_width26', a pin on submodule 'mul_by' is connected to logic 1 or logic 0. (LINT-32)
   Pin 'x[1]' is connected to logic 0. 
Warning: In design 'QUAD_RECIPROCAL_width26', a pin on submodule 'mul_by' is connected to logic 1 or logic 0. (LINT-32)
   Pin 'x[0]' is connected to logic 0. 
Warning: In design 'QUAD_RECIPROCAL_width26', a pin on submodule 'mul_by' is connected to logic 1 or logic 0. (LINT-32)
   Pin 'y[25]' is connected to logic 0. 
Warning: In design 'QUAD_RECIPROCAL_width26', a pin on submodule 'mul_by' is connected to logic 1 or logic 0. (LINT-32)
   Pin 'y[24]' is connected to logic 0. 
Warning: In design 'QUAD_RECIPROCAL_width26', a pin on submodule 'mul_by' is connected to logic 1 or logic 0. (LINT-32)
   Pin 'y[23]' is connected to logic 0. 
Warning: In design 'QUAD_RECIPROCAL_width26', a pin on submodule 'mul_by' is connected to logic 1 or logic 0. (LINT-32)
   Pin 'y[22]' is connected to logic 1. 
Warning: In design 'QUAD_RECIPROCAL_width26', a pin on submodule 'sub_1_root_sub_0_root_add_36' is connected to logic 1 or logic 0. (LINT-32)
   Pin 'B[19]' is connected to logic 0. 
Warning: In design 'QUAD_RECIPROCAL_width26', a pin on submodule 'sub_1_root_sub_0_root_add_36' is connected to logic 1 or logic 0. (LINT-32)
   Pin 'B[18]' is connected to logic 0. 
Warning: In design 'QUAD_RECIPROCAL_width26', a pin on submodule 'sub_1_root_sub_0_root_add_36' is connected to logic 1 or logic 0. (LINT-32)
   Pin 'B[17]' is connected to logic 0. 
Warning: In design 'QUAD_RECIPROCAL_width26', a pin on submodule 'sub_1_root_sub_0_root_add_36' is connected to logic 1 or logic 0. (LINT-32)
   Pin 'B[16]' is connected to logic 0. 
Warning: In design 'QUAD_RECIPROCAL_width26', a pin on submodule 'sub_1_root_sub_0_root_add_36' is connected to logic 1 or logic 0. (LINT-32)
   Pin 'B[15]' is connected to logic 0. 
Warning: In design 'QUAD_RECIPROCAL_width26', a pin on submodule 'sub_1_root_sub_0_root_add_36' is connected to logic 1 or logic 0. (LINT-32)
   Pin 'B[14]' is connected to logic 0. 
Warning: In design 'QUAD_RECIPROCAL_width26', a pin on submodule 'sub_1_root_sub_0_root_add_36' is connected to logic 1 or logic 0. (LINT-32)
   Pin 'B[13]' is connected to logic 0. 
Warning: In design 'QUAD_RECIPROCAL_width26', a pin on submodule 'sub_1_root_sub_0_root_add_36' is connected to logic 1 or logic 0. (LINT-32)
   Pin 'B[12]' is connected to logic 0. 
Warning: In design 'QUAD_RECIPROCAL_width26', a pin on submodule 'sub_1_root_sub_0_root_add_36' is connected to logic 1 or logic 0. (LINT-32)
   Pin 'B[11]' is connected to logic 0. 
Warning: In design 'QUAD_RECIPROCAL_width26', a pin on submodule 'sub_1_root_sub_0_root_add_36' is connected to logic 1 or logic 0. (LINT-32)
   Pin 'B[10]' is connected to logic 0. 
Warning: In design 'QUAD_RECIPROCAL_width26', a pin on submodule 'sub_1_root_sub_0_root_add_36' is connected to logic 1 or logic 0. (LINT-32)
   Pin 'B[9]' is connected to logic 0. 
Warning: In design 'QUAD_RECIPROCAL_width26', a pin on submodule 'sub_1_root_sub_0_root_add_36' is connected to logic 1 or logic 0. (LINT-32)
   Pin 'B[8]' is connected to logic 0. 
Warning: In design 'QUAD_RECIPROCAL_width26', a pin on submodule 'sub_1_root_sub_0_root_add_36' is connected to logic 1 or logic 0. (LINT-32)
   Pin 'B[7]' is connected to logic 0. 
Warning: In design 'QUAD_RECIPROCAL_width26', a pin on submodule 'sub_1_root_sub_0_root_add_36' is connected to logic 1 or logic 0. (LINT-32)
   Pin 'B[6]' is connected to logic 0. 
Warning: In design 'QUAD_RECIPROCAL_width26', a pin on submodule 'sub_1_root_sub_0_root_add_36' is connected to logic 1 or logic 0. (LINT-32)
   Pin 'B[5]' is connected to logic 0. 
Warning: In design 'QUAD_RECIPROCAL_width26', a pin on submodule 'sub_1_root_sub_0_root_add_36' is connected to logic 1 or logic 0. (LINT-32)
   Pin 'B[4]' is connected to logic 0. 
Warning: In design 'QUAD_RECIPROCAL_width26', a pin on submodule 'sub_1_root_sub_0_root_add_36' is connected to logic 1 or logic 0. (LINT-32)
   Pin 'B[3]' is connected to logic 0. 
Warning: In design 'QUAD_RECIPROCAL_width26', a pin on submodule 'sub_1_root_sub_0_root_add_36' is connected to logic 1 or logic 0. (LINT-32)
   Pin 'B[2]' is connected to logic 0. 
Warning: In design 'QUAD_RECIPROCAL_width26', a pin on submodule 'sub_1_root_sub_0_root_add_36' is connected to logic 1 or logic 0. (LINT-32)
   Pin 'B[1]' is connected to logic 0. 
Warning: In design 'QUAD_RECIPROCAL_width26', a pin on submodule 'sub_1_root_sub_0_root_add_36' is connected to logic 1 or logic 0. (LINT-32)
   Pin 'B[0]' is connected to logic 0. 
Warning: In design 'QUAD_RECIPROCAL_width26', a pin on submodule 'add_0_root_sub_0_root_add_36' is connected to logic 1 or logic 0. (LINT-32)
   Pin 'A[51]' is connected to logic 0. 
Warning: In design 'QUAD_RECIPROCAL_width26', a pin on submodule 'add_0_root_sub_0_root_add_36' is connected to logic 1 or logic 0. (LINT-32)
   Pin 'A[50]' is connected to logic 0. 
Warning: In design 'QUAD_RECIPROCAL_width26', a pin on submodule 'add_0_root_sub_0_root_add_36' is connected to logic 1 or logic 0. (LINT-32)
   Pin 'A[49]' is connected to logic 0. 
Warning: In design 'QUAD_RECIPROCAL_width26', a pin on submodule 'add_0_root_sub_0_root_add_36' is connected to logic 1 or logic 0. (LINT-32)
   Pin 'A[19]' is connected to logic 0. 
Warning: In design 'QUAD_RECIPROCAL_width26', a pin on submodule 'add_0_root_sub_0_root_add_36' is connected to logic 1 or logic 0. (LINT-32)
   Pin 'A[18]' is connected to logic 0. 
Warning: In design 'QUAD_RECIPROCAL_width26', a pin on submodule 'add_0_root_sub_0_root_add_36' is connected to logic 1 or logic 0. (LINT-32)
   Pin 'A[17]' is connected to logic 0. 
Warning: In design 'QUAD_RECIPROCAL_width26', a pin on submodule 'add_0_root_sub_0_root_add_36' is connected to logic 1 or logic 0. (LINT-32)
   Pin 'A[16]' is connected to logic 0. 
Warning: In design 'QUAD_RECIPROCAL_width26', a pin on submodule 'add_0_root_sub_0_root_add_36' is connected to logic 1 or logic 0. (LINT-32)
   Pin 'A[15]' is connected to logic 0. 
Warning: In design 'QUAD_RECIPROCAL_width26', a pin on submodule 'add_0_root_sub_0_root_add_36' is connected to logic 1 or logic 0. (LINT-32)
   Pin 'A[14]' is connected to logic 0. 
Warning: In design 'QUAD_RECIPROCAL_width26', a pin on submodule 'add_0_root_sub_0_root_add_36' is connected to logic 1 or logic 0. (LINT-32)
   Pin 'A[13]' is connected to logic 0. 
Warning: In design 'QUAD_RECIPROCAL_width26', a pin on submodule 'add_0_root_sub_0_root_add_36' is connected to logic 1 or logic 0. (LINT-32)
   Pin 'A[12]' is connected to logic 0. 
Warning: In design 'QUAD_RECIPROCAL_width26', a pin on submodule 'add_0_root_sub_0_root_add_36' is connected to logic 1 or logic 0. (LINT-32)
   Pin 'A[11]' is connected to logic 0. 
Warning: In design 'QUAD_RECIPROCAL_width26', a pin on submodule 'add_0_root_sub_0_root_add_36' is connected to logic 1 or logic 0. (LINT-32)
   Pin 'A[10]' is connected to logic 0. 
Warning: In design 'QUAD_RECIPROCAL_width26', a pin on submodule 'add_0_root_sub_0_root_add_36' is connected to logic 1 or logic 0. (LINT-32)
   Pin 'A[9]' is connected to logic 0. 
Warning: In design 'QUAD_RECIPROCAL_width26', a pin on submodule 'add_0_root_sub_0_root_add_36' is connected to logic 1 or logic 0. (LINT-32)
   Pin 'A[8]' is connected to logic 0. 
Warning: In design 'QUAD_RECIPROCAL_width26', a pin on submodule 'add_0_root_sub_0_root_add_36' is connected to logic 1 or logic 0. (LINT-32)
   Pin 'A[7]' is connected to logic 0. 
Warning: In design 'QUAD_RECIPROCAL_width26', a pin on submodule 'add_0_root_sub_0_root_add_36' is connected to logic 1 or logic 0. (LINT-32)
   Pin 'A[6]' is connected to logic 0. 
Warning: In design 'QUAD_RECIPROCAL_width26', a pin on submodule 'add_0_root_sub_0_root_add_36' is connected to logic 1 or logic 0. (LINT-32)
   Pin 'A[5]' is connected to logic 0. 
Warning: In design 'QUAD_RECIPROCAL_width26', a pin on submodule 'add_0_root_sub_0_root_add_36' is connected to logic 1 or logic 0. (LINT-32)
   Pin 'A[4]' is connected to logic 0. 
Warning: In design 'QUAD_RECIPROCAL_width26', a pin on submodule 'add_0_root_sub_0_root_add_36' is connected to logic 1 or logic 0. (LINT-32)
   Pin 'A[3]' is connected to logic 0. 
Warning: In design 'QUAD_RECIPROCAL_width26', a pin on submodule 'add_0_root_sub_0_root_add_36' is connected to logic 1 or logic 0. (LINT-32)
   Pin 'A[2]' is connected to logic 0. 
Warning: In design 'QUAD_RECIPROCAL_width26', a pin on submodule 'add_0_root_sub_0_root_add_36' is connected to logic 1 or logic 0. (LINT-32)
   Pin 'A[1]' is connected to logic 0. 
Warning: In design 'QUAD_RECIPROCAL_width26', a pin on submodule 'add_0_root_sub_0_root_add_36' is connected to logic 1 or logic 0. (LINT-32)
   Pin 'A[0]' is connected to logic 0. 
Warning: In design 'MUL_width26_0', a pin on submodule 'mult_13' is connected to logic 1 or logic 0. (LINT-32)
   Pin 'a[25]' is connected to logic 0. 
Warning: In design 'MUL_width26_0', a pin on submodule 'mult_13' is connected to logic 1 or logic 0. (LINT-32)
   Pin 'a[24]' is connected to logic 0. 
Warning: In design 'MUL_width26_0', a pin on submodule 'mult_13' is connected to logic 1 or logic 0. (LINT-32)
   Pin 'a[23]' is connected to logic 0. 
Warning: In design 'MUL_width26_0', a pin on submodule 'mult_13' is connected to logic 1 or logic 0. (LINT-32)
   Pin 'a[22]' is connected to logic 1. 
Warning: In design 'MUL_width26_1', a pin on submodule 'mult_13' is connected to logic 1 or logic 0. (LINT-32)
   Pin 'a[25]' is connected to logic 1. 
Warning: In design 'MUL_width26_1', a pin on submodule 'mult_13' is connected to logic 1 or logic 0. (LINT-32)
   Pin 'a[24]' is connected to logic 0. 
Warning: In design 'MUL_width26_1', a pin on submodule 'mult_13' is connected to logic 1 or logic 0. (LINT-32)
   Pin 'a[23]' is connected to logic 1. 
Warning: In design 'MUL_width26_1', a pin on submodule 'mult_13' is connected to logic 1 or logic 0. (LINT-32)
   Pin 'a[22]' is connected to logic 1. 
Warning: In design 'MUL_width26_1', a pin on submodule 'mult_13' is connected to logic 1 or logic 0. (LINT-32)
   Pin 'a[21]' is connected to logic 1. 
Warning: In design 'MUL_width26_1', a pin on submodule 'mult_13' is connected to logic 1 or logic 0. (LINT-32)
   Pin 'a[20]' is connected to logic 1. 
Warning: In design 'MUL_width26_1', a pin on submodule 'mult_13' is connected to logic 1 or logic 0. (LINT-32)
   Pin 'a[19]' is connected to logic 0. 
Warning: In design 'MUL_width26_1', a pin on submodule 'mult_13' is connected to logic 1 or logic 0. (LINT-32)
   Pin 'a[18]' is connected to logic 0. 
Warning: In design 'MUL_width26_1', a pin on submodule 'mult_13' is connected to logic 1 or logic 0. (LINT-32)
   Pin 'a[17]' is connected to logic 0. 
Warning: In design 'MUL_width26_1', a pin on submodule 'mult_13' is connected to logic 1 or logic 0. (LINT-32)
   Pin 'a[16]' is connected to logic 0. 
Warning: In design 'MUL_width26_1', a pin on submodule 'mult_13' is connected to logic 1 or logic 0. (LINT-32)
   Pin 'a[15]' is connected to logic 0. 
Warning: In design 'MUL_width26_1', a pin on submodule 'mult_13' is connected to logic 1 or logic 0. (LINT-32)
   Pin 'a[14]' is connected to logic 0. 
Warning: In design 'MUL_width26_1', a pin on submodule 'mult_13' is connected to logic 1 or logic 0. (LINT-32)
   Pin 'a[13]' is connected to logic 0. 
Warning: In design 'MUL_width26_1', a pin on submodule 'mult_13' is connected to logic 1 or logic 0. (LINT-32)
   Pin 'a[12]' is connected to logic 0. 
Warning: In design 'MUL_width26_1', a pin on submodule 'mult_13' is connected to logic 1 or logic 0. (LINT-32)
   Pin 'a[11]' is connected to logic 0. 
Warning: In design 'MUL_width26_1', a pin on submodule 'mult_13' is connected to logic 1 or logic 0. (LINT-32)
   Pin 'a[10]' is connected to logic 0. 
Warning: In design 'MUL_width26_1', a pin on submodule 'mult_13' is connected to logic 1 or logic 0. (LINT-32)
   Pin 'a[9]' is connected to logic 0. 
Warning: In design 'MUL_width26_1', a pin on submodule 'mult_13' is connected to logic 1 or logic 0. (LINT-32)
   Pin 'a[8]' is connected to logic 0. 
Warning: In design 'MUL_width26_1', a pin on submodule 'mult_13' is connected to logic 1 or logic 0. (LINT-32)
   Pin 'a[7]' is connected to logic 0. 
Warning: In design 'MUL_width26_1', a pin on submodule 'mult_13' is connected to logic 1 or logic 0. (LINT-32)
   Pin 'a[6]' is connected to logic 0. 
Warning: In design 'MUL_width26_1', a pin on submodule 'mult_13' is connected to logic 1 or logic 0. (LINT-32)
   Pin 'a[5]' is connected to logic 0. 
Warning: In design 'MUL_width26_1', a pin on submodule 'mult_13' is connected to logic 1 or logic 0. (LINT-32)
   Pin 'a[4]' is connected to logic 0. 
Warning: In design 'MUL_width26_1', a pin on submodule 'mult_13' is connected to logic 1 or logic 0. (LINT-32)
   Pin 'a[3]' is connected to logic 0. 
Warning: In design 'MUL_width26_1', a pin on submodule 'mult_13' is connected to logic 1 or logic 0. (LINT-32)
   Pin 'a[2]' is connected to logic 0. 
Warning: In design 'MUL_width26_1', a pin on submodule 'mult_13' is connected to logic 1 or logic 0. (LINT-32)
   Pin 'a[1]' is connected to logic 0. 
Warning: In design 'MUL_width26_1', a pin on submodule 'mult_13' is connected to logic 1 or logic 0. (LINT-32)
   Pin 'a[0]' is connected to logic 0. 
Warning: In design 'MUL_width26_1', a pin on submodule 'mult_13' is connected to logic 1 or logic 0. (LINT-32)
   Pin 'b[25]' is connected to logic 0. 
Warning: In design 'MUL_width26_1', a pin on submodule 'mult_13' is connected to logic 1 or logic 0. (LINT-32)
   Pin 'b[24]' is connected to logic 0. 
Warning: In design 'MUL_width26_1', a pin on submodule 'mult_13' is connected to logic 1 or logic 0. (LINT-32)
   Pin 'b[23]' is connected to logic 0. 
Warning: In design 'MUL_width26_1', a pin on submodule 'mult_13' is connected to logic 1 or logic 0. (LINT-32)
   Pin 'b[22]' is connected to logic 1. 
Warning: In design 'MUL_width26_2', a pin on submodule 'mult_13' is connected to logic 1 or logic 0. (LINT-32)
   Pin 'a[25]' is connected to logic 0. 
Warning: In design 'MUL_width26_2', a pin on submodule 'mult_13' is connected to logic 1 or logic 0. (LINT-32)
   Pin 'a[24]' is connected to logic 1. 
Warning: In design 'MUL_width26_2', a pin on submodule 'mult_13' is connected to logic 1 or logic 0. (LINT-32)
   Pin 'a[23]' is connected to logic 0. 
Warning: In design 'MUL_width26_2', a pin on submodule 'mult_13' is connected to logic 1 or logic 0. (LINT-32)
   Pin 'a[22]' is connected to logic 1. 
Warning: In design 'MUL_width26_2', a pin on submodule 'mult_13' is connected to logic 1 or logic 0. (LINT-32)
   Pin 'a[21]' is connected to logic 0. 
Warning: In design 'MUL_width26_2', a pin on submodule 'mult_13' is connected to logic 1 or logic 0. (LINT-32)
   Pin 'a[20]' is connected to logic 1. 
Warning: In design 'MUL_width26_2', a pin on submodule 'mult_13' is connected to logic 1 or logic 0. (LINT-32)
   Pin 'a[19]' is connected to logic 0. 
Warning: In design 'MUL_width26_2', a pin on submodule 'mult_13' is connected to logic 1 or logic 0. (LINT-32)
   Pin 'a[18]' is connected to logic 0. 
Warning: In design 'MUL_width26_2', a pin on submodule 'mult_13' is connected to logic 1 or logic 0. (LINT-32)
   Pin 'a[17]' is connected to logic 0. 
Warning: In design 'MUL_width26_2', a pin on submodule 'mult_13' is connected to logic 1 or logic 0. (LINT-32)
   Pin 'a[16]' is connected to logic 1. 
Warning: In design 'MUL_width26_2', a pin on submodule 'mult_13' is connected to logic 1 or logic 0. (LINT-32)
   Pin 'a[15]' is connected to logic 1. 
Warning: In design 'MUL_width26_2', a pin on submodule 'mult_13' is connected to logic 1 or logic 0. (LINT-32)
   Pin 'a[14]' is connected to logic 1. 
Warning: In design 'MUL_width26_2', a pin on submodule 'mult_13' is connected to logic 1 or logic 0. (LINT-32)
   Pin 'a[13]' is connected to logic 1. 
Warning: In design 'MUL_width26_2', a pin on submodule 'mult_13' is connected to logic 1 or logic 0. (LINT-32)
   Pin 'a[12]' is connected to logic 0. 
Warning: In design 'MUL_width26_2', a pin on submodule 'mult_13' is connected to logic 1 or logic 0. (LINT-32)
   Pin 'a[11]' is connected to logic 1. 
Warning: In design 'MUL_width26_2', a pin on submodule 'mult_13' is connected to logic 1 or logic 0. (LINT-32)
   Pin 'a[10]' is connected to logic 0. 
Warning: In design 'MUL_width26_2', a pin on submodule 'mult_13' is connected to logic 1 or logic 0. (LINT-32)
   Pin 'a[9]' is connected to logic 1. 
Warning: In design 'MUL_width26_2', a pin on submodule 'mult_13' is connected to logic 1 or logic 0. (LINT-32)
   Pin 'a[8]' is connected to logic 1. 
Warning: In design 'MUL_width26_2', a pin on submodule 'mult_13' is connected to logic 1 or logic 0. (LINT-32)
   Pin 'a[7]' is connected to logic 1. 
Warning: In design 'MUL_width26_2', a pin on submodule 'mult_13' is connected to logic 1 or logic 0. (LINT-32)
   Pin 'a[6]' is connected to logic 0. 
Warning: In design 'MUL_width26_2', a pin on submodule 'mult_13' is connected to logic 1 or logic 0. (LINT-32)
   Pin 'a[5]' is connected to logic 0. 
Warning: In design 'MUL_width26_2', a pin on submodule 'mult_13' is connected to logic 1 or logic 0. (LINT-32)
   Pin 'a[4]' is connected to logic 0. 
Warning: In design 'MUL_width26_2', a pin on submodule 'mult_13' is connected to logic 1 or logic 0. (LINT-32)
   Pin 'a[3]' is connected to logic 0. 
Warning: In design 'MUL_width26_2', a pin on submodule 'mult_13' is connected to logic 1 or logic 0. (LINT-32)
   Pin 'a[2]' is connected to logic 1. 
Warning: In design 'MUL_width26_2', a pin on submodule 'mult_13' is connected to logic 1 or logic 0. (LINT-32)
   Pin 'a[1]' is connected to logic 0. 
Warning: In design 'MUL_width26_2', a pin on submodule 'mult_13' is connected to logic 1 or logic 0. (LINT-32)
   Pin 'a[0]' is connected to logic 1. 
Warning: In design 'MUL_width26_3', a pin on submodule 'mult_13' is connected to logic 1 or logic 0. (LINT-32)
   Pin 'a[25]' is connected to logic 0. 
Warning: In design 'MUL_width26_3', a pin on submodule 'mult_13' is connected to logic 1 or logic 0. (LINT-32)
   Pin 'a[24]' is connected to logic 0. 
Warning: In design 'MUL_width26_3', a pin on submodule 'mult_13' is connected to logic 1 or logic 0. (LINT-32)
   Pin 'a[23]' is connected to logic 0. 
Warning: In design 'MUL_width26_3', a pin on submodule 'mult_13' is connected to logic 1 or logic 0. (LINT-32)
   Pin 'a[22]' is connected to logic 1. 
Warning: In design 'MUL_width26_3', a pin on submodule 'mult_13' is connected to logic 1 or logic 0. (LINT-32)
   Pin 'b[25]' is connected to logic 0. 
Warning: In design 'MUL_width26_3', a pin on submodule 'mult_13' is connected to logic 1 or logic 0. (LINT-32)
   Pin 'b[24]' is connected to logic 0. 
Warning: In design 'MUL_width26_3', a pin on submodule 'mult_13' is connected to logic 1 or logic 0. (LINT-32)
   Pin 'b[23]' is connected to logic 0. 
Warning: In design 'MUL_width26_3', a pin on submodule 'mult_13' is connected to logic 1 or logic 0. (LINT-32)
   Pin 'b[22]' is connected to logic 1. 
Warning: In design 'top_width23', the same net is connected to more than one pin on submodule 'res_shift'. (LINT-33)
   Net 'n36' is connected to pins 'shift[4]', 'shift[1]'', 'shift[0]'.
Warning: In design 'FP_DIV_WRAPPER_32', the same net is connected to more than one pin on submodule 'shared_wrapper'. (LINT-33)
   Net 'shift[0]' is connected to pins 'exponent_adjust[2]', 'exponent_adjust[1]'', 'exponent_adjust[0]'.
Warning: In design 'QUAD_RECIPROCAL_width26', the same net is connected to more than one pin on submodule 'mul_y2'. (LINT-33)
   Net 'n76' is connected to pins 'x[25]', 'x[24]'', 'x[23]', 'y[25]', 'y[24]', 'y[23]'.
Warning: In design 'QUAD_RECIPROCAL_width26', the same net is connected to more than one pin on submodule 'mul_y2'. (LINT-33)
   Net 'n75' is connected to pins 'x[22]', 'y[22]''.
Warning: In design 'QUAD_RECIPROCAL_width26', the same net is connected to more than one pin on submodule 'mul_y2'. (LINT-33)
   Net 'y[21]' is connected to pins 'x[21]', 'y[21]''.
Warning: In design 'QUAD_RECIPROCAL_width26', the same net is connected to more than one pin on submodule 'mul_y2'. (LINT-33)
   Net 'n200' is connected to pins 'x[20]', 'y[20]''.
Warning: In design 'QUAD_RECIPROCAL_width26', the same net is connected to more than one pin on submodule 'mul_y2'. (LINT-33)
   Net 'y[19]' is connected to pins 'x[19]', 'y[19]''.
Warning: In design 'QUAD_RECIPROCAL_width26', the same net is connected to more than one pin on submodule 'mul_y2'. (LINT-33)
   Net 'y[18]' is connected to pins 'x[18]', 'y[18]''.
Warning: In design 'QUAD_RECIPROCAL_width26', the same net is connected to more than one pin on submodule 'mul_y2'. (LINT-33)
   Net 'y[17]' is connected to pins 'x[17]', 'y[17]''.
Warning: In design 'QUAD_RECIPROCAL_width26', the same net is connected to more than one pin on submodule 'mul_y2'. (LINT-33)
   Net 'y[16]' is connected to pins 'x[16]', 'y[16]''.
Warning: In design 'QUAD_RECIPROCAL_width26', the same net is connected to more than one pin on submodule 'mul_y2'. (LINT-33)
   Net 'y[15]' is connected to pins 'x[15]', 'y[15]''.
Warning: In design 'QUAD_RECIPROCAL_width26', the same net is connected to more than one pin on submodule 'mul_y2'. (LINT-33)
   Net 'n14' is connected to pins 'x[14]', 'y[14]''.
Warning: In design 'QUAD_RECIPROCAL_width26', the same net is connected to more than one pin on submodule 'mul_y2'. (LINT-33)
   Net 'y[13]' is connected to pins 'x[13]', 'y[13]''.
Warning: In design 'QUAD_RECIPROCAL_width26', the same net is connected to more than one pin on submodule 'mul_y2'. (LINT-33)
   Net 'y[12]' is connected to pins 'x[12]', 'y[12]''.
Warning: In design 'QUAD_RECIPROCAL_width26', the same net is connected to more than one pin on submodule 'mul_y2'. (LINT-33)
   Net 'y[11]' is connected to pins 'x[11]', 'y[11]''.
Warning: In design 'QUAD_RECIPROCAL_width26', the same net is connected to more than one pin on submodule 'mul_y2'. (LINT-33)
   Net 'y[10]' is connected to pins 'x[10]', 'y[10]''.
Warning: In design 'QUAD_RECIPROCAL_width26', the same net is connected to more than one pin on submodule 'mul_y2'. (LINT-33)
   Net 'y[9]' is connected to pins 'x[9]', 'y[9]''.
Warning: In design 'QUAD_RECIPROCAL_width26', the same net is connected to more than one pin on submodule 'mul_y2'. (LINT-33)
   Net 'y[8]' is connected to pins 'x[8]', 'y[8]''.
Warning: In design 'QUAD_RECIPROCAL_width26', the same net is connected to more than one pin on submodule 'mul_y2'. (LINT-33)
   Net 'y[7]' is connected to pins 'x[7]', 'y[7]''.
Warning: In design 'QUAD_RECIPROCAL_width26', the same net is connected to more than one pin on submodule 'mul_y2'. (LINT-33)
   Net 'y[6]' is connected to pins 'x[6]', 'y[6]''.
Warning: In design 'QUAD_RECIPROCAL_width26', the same net is connected to more than one pin on submodule 'mul_y2'. (LINT-33)
   Net 'y[5]' is connected to pins 'x[5]', 'y[5]''.
Warning: In design 'QUAD_RECIPROCAL_width26', the same net is connected to more than one pin on submodule 'mul_y2'. (LINT-33)
   Net 'y[4]' is connected to pins 'x[4]', 'y[4]''.
Warning: In design 'QUAD_RECIPROCAL_width26', the same net is connected to more than one pin on submodule 'mul_y2'. (LINT-33)
   Net 'y[3]' is connected to pins 'x[3]', 'y[3]''.
Warning: In design 'QUAD_RECIPROCAL_width26', the same net is connected to more than one pin on submodule 'mul_y2'. (LINT-33)
   Net 'y[2]' is connected to pins 'x[2]', 'y[2]''.
Warning: In design 'QUAD_RECIPROCAL_width26', the same net is connected to more than one pin on submodule 'mul_y2'. (LINT-33)
   Net 'y[1]' is connected to pins 'x[1]', 'y[1]''.
Warning: In design 'QUAD_RECIPROCAL_width26', the same net is connected to more than one pin on submodule 'mul_y2'. (LINT-33)
   Net 'y[0]' is connected to pins 'x[0]', 'y[0]''.
Warning: In design 'QUAD_RECIPROCAL_width26', the same net is connected to more than one pin on submodule 'mul_by'. (LINT-33)
   Net 'n76' is connected to pins 'y[25]', 'y[24]'', 'y[23]'.
Warning: In design 'QUAD_RECIPROCAL_width26', the same net is connected to more than one pin on submodule 'sub_1_root_sub_0_root_add_36'. (LINT-33)
   Net 'n210' is connected to pins 'A[51]', 'A[50]'', 'A[49]', 'A[47]', 'A[46]', 'A[45]', 'A[43]', 'A[42]', 'A[41]', 'A[40]', 'A[39]', 'A[38]', 'A[37]', 'A[36]', 'A[35]', 'A[34]', 'A[33]', 'A[32]', 'A[31]', 'A[30]', 'A[29]', 'A[28]', 'A[27]', 'A[26]', 'A[25]', 'A[24]', 'A[23]', 'A[22]', 'A[21]', 'A[20]', 'A[19]', 'A[18]', 'A[17]', 'A[16]', 'A[15]', 'A[14]', 'A[13]', 'A[12]', 'A[11]', 'A[10]', 'A[9]', 'A[8]', 'A[7]', 'A[6]', 'A[5]', 'A[4]', 'A[3]', 'A[2]', 'A[1]', 'A[0]', 'CI'.
Warning: In design 'QUAD_RECIPROCAL_width26', the same net is connected to more than one pin on submodule 'sub_1_root_sub_0_root_add_36'. (LINT-33)
   Net 'n220' is connected to pins 'A[48]', 'A[44]''.
Warning: In design 'QUAD_RECIPROCAL_width26', the same net is connected to more than one pin on submodule 'sub_1_root_sub_0_root_add_36'. (LINT-33)
   Net 'n76' is connected to pins 'B[19]', 'B[18]'', 'B[17]', 'B[16]', 'B[15]', 'B[14]', 'B[13]', 'B[12]', 'B[11]', 'B[10]', 'B[9]', 'B[8]', 'B[7]', 'B[6]', 'B[5]', 'B[4]', 'B[3]', 'B[2]', 'B[1]', 'B[0]'.
Warning: In design 'QUAD_RECIPROCAL_width26', the same net is connected to more than one pin on submodule 'add_0_root_sub_0_root_add_36'. (LINT-33)
   Net 'n76' is connected to pins 'A[51]', 'A[50]'', 'A[49]', 'A[19]', 'A[18]', 'A[17]', 'A[16]', 'A[15]', 'A[14]', 'A[13]', 'A[12]', 'A[11]', 'A[10]', 'A[9]', 'A[8]', 'A[7]', 'A[6]', 'A[5]', 'A[4]', 'A[3]', 'A[2]', 'A[1]', 'A[0]'.
Warning: In design 'MUL_width26_0', the same net is connected to more than one pin on submodule 'mult_13'. (LINT-33)
   Net 'n2' is connected to pins 'a[25]', 'a[24]'', 'a[23]'.
Warning: In design 'MUL_width26_1', the same net is connected to more than one pin on submodule 'mult_13'. (LINT-33)
   Net 'n21' is connected to pins 'a[25]', 'a[23]'', 'a[22]', 'a[21]', 'a[20]'.
Warning: In design 'MUL_width26_1', the same net is connected to more than one pin on submodule 'mult_13'. (LINT-33)
   Net 'n22' is connected to pins 'a[24]', 'a[19]'', 'a[18]', 'a[17]', 'a[16]', 'a[15]', 'a[14]', 'a[13]', 'a[12]', 'a[11]', 'a[10]', 'a[9]', 'a[8]', 'a[7]', 'a[6]', 'a[5]', 'a[4]', 'a[3]', 'a[2]', 'a[1]', 'a[0]', 'b[25]', 'b[24]', 'b[23]'.
Warning: In design 'MUL_width26_2', the same net is connected to more than one pin on submodule 'mult_13'. (LINT-33)
   Net 'n2' is connected to pins 'a[25]', 'a[23]'', 'a[21]', 'a[19]', 'a[18]', 'a[17]', 'a[12]', 'a[10]', 'a[6]', 'a[5]', 'a[4]', 'a[3]', 'a[1]'.
Warning: In design 'MUL_width26_2', the same net is connected to more than one pin on submodule 'mult_13'. (LINT-33)
   Net 'n1' is connected to pins 'a[24]', 'a[22]'', 'a[20]', 'a[16]', 'a[15]', 'a[14]', 'a[13]', 'a[11]', 'a[9]', 'a[8]', 'a[7]', 'a[2]', 'a[0]'.
Warning: In design 'MUL_width26_3', the same net is connected to more than one pin on submodule 'mult_13'. (LINT-33)
   Net 'n6' is connected to pins 'a[25]', 'a[24]'', 'a[23]', 'b[25]', 'b[24]', 'b[23]'.
1
 
****************************************
Report : area
Design : qiad_prior_fp32_paceio
Version: U-2022.12-SP7
Date   : Thu Sep  3 12:44:44 2026
****************************************

Library(s) Used:

    tcbn65gplustc_ccs (File: /courses/ee6350/pdk2025/tcbn65gplus/TSMCHOME/digital/Front_End/timing_power_noise/CCS/tcbn65gplus_200a/tcbn65gplustc_ccs.db)

Number of ports:                         1977
Number of nets:                          5185
Number of cells:                         3135
Number of combinational cells:           3005
Number of sequential cells:                 0
Number of macros/black boxes:               0
Number of buf/inv:                        647
Number of references:                       5

Combinational area:              12097.799951
Buf/Inv area:                      725.400029
Noncombinational area:               0.000000
Macro/Black Box area:                0.000000
Net Interconnect area:      undefined  (Wire load has zero net area)

Total cell area:                 12097.799951
Total area:                 undefined
1
 
****************************************
Report : area
Design : qiad_prior_fp32_paceio
Version: U-2022.12-SP7
Date   : Thu Sep  3 12:44:44 2026
****************************************

Library(s) Used:

    tcbn65gplustc_ccs (File: /courses/ee6350/pdk2025/tcbn65gplus/TSMCHOME/digital/Front_End/timing_power_noise/CCS/tcbn65gplus_200a/tcbn65gplustc_ccs.db)

Number of ports:                         1977
Number of nets:                          5185
Number of cells:                         3135
Number of combinational cells:           3005
Number of sequential cells:                 0
Number of macros/black boxes:               0
Number of buf/inv:                        647
Number of references:                       5

Combinational area:              12097.799951
Buf/Inv area:                      725.400029
Noncombinational area:               0.000000
Macro/Black Box area:                0.000000
Net Interconnect area:      undefined  (Wire load has zero net area)

Total cell area:                 12097.799951
Total area:                 undefined

Hierarchical area distribution
------------------------------

                                  Global cell area            Local cell area
                                  -------------------  ----------------------------- 
Hierarchical cell                 Absolute    Percent  Combi-      Noncombi-  Black-
                                  Total       Total    national    national   boxes   Design
--------------------------------  ----------  -------  ----------  ---------  ------  ------------------------------------------------
qiad_prior_fp32_paceio            12097.8000    100.0     66.6000     0.0000  0.0000  qiad_prior_fp32_paceio
fp_wrapper                          240.4800      2.0      0.0000     0.0000  0.0000  FP_DIV_WRAPPER_32
fp_wrapper/shared_wrapper           240.4800      2.0    174.6000     0.0000  0.0000  fp32_normal_finite_wrapper
fp_wrapper/shared_wrapper/add_1_root_add_0_root_add_22_2
                                     65.8800      0.5     65.8800     0.0000  0.0000  fp32_normal_finite_wrapper_DW01_add_1_DW01_add_2
qiad_core                         11790.7199     97.5      0.0000     0.0000  0.0000  top_width23
qiad_core/mul_xRy                  4060.0800     33.6      0.0000     0.0000  0.0000  MUL_width26_0
qiad_core/mul_xRy/mult_13          4060.0800     33.6   4060.0800     0.0000  0.0000  MUL_width26_0_DW_mult_uns_0_DW_mult_uns_3
qiad_core/res_shift                  51.8400      0.4     51.8400     0.0000  0.0000  SHIFTER_width46
qiad_core/u_norm                     47.5200      0.4      0.0000     0.0000  0.0000  NORMALIZE_width23
qiad_core/u_norm/shifter             47.5200      0.4     47.5200     0.0000  0.0000  SHIFTER_width23
qiad_core/u_quad                   7631.2800     63.1      5.0400     0.0000  0.0000  QUAD_RECIPROCAL_width26
qiad_core/u_quad/add_0_root_sub_0_root_add_36
                                    241.9200      2.0    241.9200     0.0000  0.0000  QUAD_RECIPROCAL_width26_DW01_add_0
qiad_core/u_quad/mul_ay2           2432.1600     20.1      0.0000     0.0000  0.0000  MUL_width26_2
qiad_core/u_quad/mul_ay2/mult_13   2432.1600     20.1   2432.1600     0.0000  0.0000  MUL_width26_2_DW_mult_uns_0_DW_mult_uns_2
qiad_core/u_quad/mul_by             957.9600      7.9      5.7600     0.0000  0.0000  MUL_width26_1
qiad_core/u_quad/mul_by/mult_13     952.2000      7.9    952.2000     0.0000  0.0000  MUL_width26_1_DW_mult_uns_0_DW_mult_uns_1
qiad_core/u_quad/mul_y2            3806.2800     31.5      1.4400     0.0000  0.0000  MUL_width26_3
qiad_core/u_quad/mul_y2/mult_13    3804.8400     31.5   3804.8400     0.0000  0.0000  MUL_width26_3_DW_mult_uns_0
qiad_core/u_quad/sub_1_root_sub_0_root_add_36
                                    187.9200      1.6    187.9200     0.0000  0.0000  QUAD_RECIPROCAL_width26_DW01_sub_0_DW01_sub_2
--------------------------------  ----------  -------  ----------  ---------  ------  ------------------------------------------------
Total                                                  12097.8000     0.0000  0.0000

1
Information: Propagating switching activity (medium effort zero delay simulation). (PWR-6)
Warning: Design has unannotated primary inputs. (PWR-414)
 
****************************************
Report : power
        -hier
        -analysis_effort medium
        -verbose
Design : qiad_prior_fp32_paceio
Version: U-2022.12-SP7
Date   : Thu Sep  3 12:44:45 2026
****************************************


Library(s) Used:

    tcbn65gplustc_ccs (File: /courses/ee6350/pdk2025/tcbn65gplus/TSMCHOME/digital/Front_End/timing_power_noise/CCS/tcbn65gplus_200a/tcbn65gplustc_ccs.db)


Operating Conditions: NCCOM   Library: tcbn65gplustc_ccs
Wire Load Model Mode: segmented

Design        Wire Load Model            Library
------------------------------------------------
qiad_prior_fp32_paceio ZeroWireload      tcbn65gplustc_ccs
top_width23            ZeroWireload      tcbn65gplustc_ccs
FP_DIV_WRAPPER_32      ZeroWireload      tcbn65gplustc_ccs
NORMALIZE_width23      ZeroWireload      tcbn65gplustc_ccs
QUAD_RECIPROCAL_width26
                       ZeroWireload      tcbn65gplustc_ccs
MUL_width26_0          ZeroWireload      tcbn65gplustc_ccs
SHIFTER_width46        ZeroWireload      tcbn65gplustc_ccs
fp32_normal_finite_wrapper
                       ZeroWireload      tcbn65gplustc_ccs
SHIFTER_width23        ZeroWireload      tcbn65gplustc_ccs
MUL_width26_1          ZeroWireload      tcbn65gplustc_ccs
MUL_width26_2          ZeroWireload      tcbn65gplustc_ccs
MUL_width26_3          ZeroWireload      tcbn65gplustc_ccs
MUL_width26_3_DW_mult_uns_0
                       ZeroWireload      tcbn65gplustc_ccs
MUL_width26_1_DW_mult_uns_0_DW_mult_uns_1
                       ZeroWireload      tcbn65gplustc_ccs
MUL_width26_2_DW_mult_uns_0_DW_mult_uns_2
                       ZeroWireload      tcbn65gplustc_ccs
QUAD_RECIPROCAL_width26_DW01_add_0
                       ZeroWireload      tcbn65gplustc_ccs
QUAD_RECIPROCAL_width26_DW01_sub_0_DW01_sub_2
                       ZeroWireload      tcbn65gplustc_ccs
MUL_width26_0_DW_mult_uns_0_DW_mult_uns_3
                       ZeroWireload      tcbn65gplustc_ccs
fp32_normal_finite_wrapper_DW01_add_1_DW01_add_2
                       ZeroWireload      tcbn65gplustc_ccs


Global Operating Voltage = 1    
Power-specific unit information :
    Voltage Units = 1V
    Capacitance Units = 1.000000pf
    Time Units = 1ns
    Dynamic Power Units = 1mW    (derived from V,C,T units)
    Leakage Power Units = 1nW


--------------------------------------------------------------------------------
                                       Switch   Int      Leak     Total
Hierarchy                              Power    Power    Power    Power    %
--------------------------------------------------------------------------------
qiad_prior_fp32_paceio                    0.166    0.504 6.85e+04    0.739 100.0
  fp_wrapper (FP_DIV_WRAPPER_32)       5.09e-03 7.79e-03 1.70e+03 1.46e-02   2.0
    shared_wrapper (fp32_normal_finite_wrapper)
                                       5.09e-03 7.79e-03 1.70e+03 1.46e-02   2.0
      add_1_root_add_0_root_add_22_2 (fp32_normal_finite_wrapper_DW01_add_1_DW01_add_2)
                                       2.56e-04 1.70e-03  452.427 2.41e-03   0.3
  qiad_core (top_width23)                 0.160    0.493 6.66e+04    0.719  97.4
    res_shift (SHIFTER_width46)        2.27e-03 1.66e-03  207.971 4.14e-03   0.6
    mul_xRy (MUL_width26_0)            6.28e-02    0.198 2.16e+04    0.282  38.2
      mult_13 (MUL_width26_0_DW_mult_uns_0_DW_mult_uns_3)
                                       6.28e-02    0.198 2.16e+04    0.282  38.2
    u_quad (QUAD_RECIPROCAL_width26)   9.21e-02    0.294 4.46e+04    0.430  58.2
      add_0_root_sub_0_root_add_36 (QUAD_RECIPROCAL_width26_DW01_add_0)
                                       7.85e-03 1.13e-02 1.65e+03 2.08e-02   2.8
      sub_1_root_sub_0_root_add_36 (QUAD_RECIPROCAL_width26_DW01_sub_0_DW01_sub_2)
                                       1.96e-03 4.00e-03 1.14e+03 7.10e-03   1.0
      mul_by (MUL_width26_1)           7.57e-03 1.91e-02 4.86e+03 3.16e-02   4.3
        mult_13 (MUL_width26_1_DW_mult_uns_0_DW_mult_uns_1)
                                       7.44e-03 1.90e-02 4.82e+03 3.13e-02   4.2
      mul_ay2 (MUL_width26_2)          3.10e-02    0.140 1.63e+04    0.188  25.4
        mult_13 (MUL_width26_2_DW_mult_uns_0_DW_mult_uns_2)
                                       3.10e-02    0.140 1.63e+04    0.188  25.4
      mul_y2 (MUL_width26_3)           4.34e-02    0.119 2.06e+04    0.183  24.7
        mult_13 (MUL_width26_3_DW_mult_uns_0)
                                       4.32e-02    0.119 2.06e+04    0.183  24.7
    u_norm (NORMALIZE_width23)         2.35e-03 2.32e-04  185.327 2.77e-03   0.4
      shifter (SHIFTER_width23)        2.35e-03 2.32e-04  185.327 2.77e-03   0.4
1
 
****************************************
Report : constraint
        -all_violators
        -verbose
Design : qiad_prior_fp32_paceio
Version: U-2022.12-SP7
Date   : Thu Sep  3 12:44:45 2026
****************************************


    Design: qiad_prior_fp32_paceio

    max_area               0.00
  - Current Area       12097.80
  ------------------------------
    Slack              -12097.80  (VIOLATED)


1
