4037c800
3f584400
40263e00
3f950700
40360100
3fa4f180
40473700
3f4ff900
3fd9e000
3f53de00
3f9dda00
3f934400
402e7a00
3f593800
3fe67200
3fc17800
40313000
3fab2b80
3fe72200
3f5c4300
3ffbd000
3f119900
40029400
3fa18900
40020c00
3f5cda00
40037c00
3f77df00
40482400
3f98c400
403c0900
3f94f180
403c6900
3f647b00
40485d00
3f679300
402fbf00
3f960500
40085300
3f412400
40202500
3fbb4300
3fb1ca00
3f5e6700
3fc5e400
3fa5f000
4030c300
3f8fc800
3ff99000
3f624f00
40102800
3f6b8900
40031f00
3f967680
403fdf00
3f995580
3fdf9000
3f974200
3ff87c00
3ff35b00
40708700
3f843d00
3ffd9000
3f4b8100
4044f200
3f90ff80
402e5c00
3f447700
40267d00
3fac3c80
4002a000
3f8c1b80
3fb85c00
3f76d700
404c1900
3f517100
402c7700
3f32e600
3fe89600
3f1e3a00
40085900
3f1c1700
3fe6f400
3f133100
3fc27200
3f3a0b00
3f99d800
3f8c6980
3fae1e00
3f3ff900
402d7000
3f361700
3fb62800
3f40b200
4004d100
3f86da00
402b2200
3f89b800
3fd2c800
3f9baf00
3ff49200
3fd15880
400c9700
3f1aaa00
401e0100
3f371a00
40270d00
3fa19000
3fb74e00
3f820c00
400eaa00
3fdbfa00
400a3600
3fd46d00
40095800
3fbca380
403fc200
3f5a7400
404e1a00
3f530400
3ff24000
3f485c00
40507200
3f916280
3f9f0c00
3f72fd00
403fed00
3f633d00
3fdda200
3f860b00
401fd100
3f403800
40501c00
3f53c800
400ffd00
3fa43d00
3fd8a800
3f1b3800
3fde6800
3f786900
4038a000
3f926900
403af200
3f8c2f80
3f9f9c00
3f640900
3ff26a00
3f986280
3ffa6200
3fc49400
4023cd00
3f493600
3fcd4600
3f8ced80
3fb27000
3f576600
3fed8800
3f893b80
40081d00
3f555b00
3fda8800
3f91b100
40432c00
3f8b7e80
3fde5200
3fa58780
3ff84c00
3f1efe00
3fc2a200
3f3da300
3fa87c00
3f450400
3fd78200
3f242000
3f9ca800
3f8ab680
40294800
3fb49a00
3fd0fa00
3f261000
3fc6d600
3f6d0500
3fd0bc00
3f9fad00
400a1e00
3f2c2400
3f982800
3f86bf80
401dcb00
3f245c00
4047c600
3f4d9600
3fadd000
3f7da300
40528700
3f795600
4039dc00
3f867000
3faf0200
3f63b200
4023aa00
3fa98800
3feaf400
3f5ba900
4025b500
3f991a80
3fe6ec00
3f44c200
4006f600
3fa03080
400c6700
3f861580
400dc400
3f386b00
4042ac00
3f6d3400
400bd100
3f217100
400d3600
3f731000
40523c00
3f72c300
402b0800
3f8cd800
40153600
3faae180
4034e300
3fb2c000
4035a700
3f8d8380
40464900
3f926380
40046d00
3f385a00
40069400
3f45e000
400bb500
3faa3780
4027c900
3f32de00
40505b00
3f886800
3fd6a200
3f2d2200
404e2c00
3f9bc900
3f8fa600
3f843300
40474700
3f80a700
405d6c00
3f5eb000
4062d100
3f8b5800
4038d400
3f5cd200
3fce2c00
3f4abc00
3fdcc000
3fb9fb80
4056ce00
3f7cdb00
40091300
3f1c9900
4015c100
3f840e00
3fd9c000
3f43ee00
403dab00
3f71a300
405ba700
3f932a80
4018a300
3fa0ab80
4046d100
3f8dd900
400ab700
3fb9c480
40187200
3f863400
3fb04600
3f781600
4016a000
3f68e600
40204800
3faa5380
4067bd00
3f70f800
40074e00
3f48fb00
401ff700
3fb24980
401d3600
3f98bc00
40100e00
3f75b700
3ff85c00
3f55f200
40046300
3f83e300
3ffa2200
3f2cb400
40350f00
3f522900
40291200
3f386700
400bb800
3f463b00
40247900
3fa5ac80
400dcf00
3fbec080
403ed600
3f82ec00
3ffeee00
3f29c200
400cea00
3f443a00
3fbaea00
3f563700
40240900
3f5a4800
402c7400
3f83a000
401b1600
3f1e2700
40338d00
3f467800
4000b700
3f346200
40418c00
3f464c00
4031cd00
3f424c00
3fa0f200
3f96e400
3fac7a00
3f5dce00
3ff2ee00
3fe66a00
40125800
3f282100
3fd08a00
3f5de700
3fd7b000
3fa24000
4023fd00
3fa0d600
3fdaee00
3f297a00
4012ee00
3f1f5300
40209f00
3f8a3a00
3ff96c00
3fccc980
402b7800
3f40b100
3fafd800
3f478a00
40436700
3f4c7700
40116e00
3f21a600
3fed7200
3fcba400
400c9800
3f999380
3fea4e00
3fe66d80
3fd78000
3fb54480
403a1000
3f85a800
3f9cba00
3f7dfa00
4059d500
3f908180
40094300
3f095200
40446000
3fa65680
40063700
3f179f00
401bcc00
3f85e400
3febaa00
3f17ad00
405a1600
3f6f7100
3ff8fa00
3fe2d180
400fbe00
3fd47e80
403c8600
3f6aa600
3fe04e00
3fa20980
404d8000
3f6a7e00
4006a500
3f9c8480
401f7800
3f9ac580
402f2500
3f6d1400
401e8c00
3fc28080
402d3a00
3f947100
3fb0a000
3f5ff500
400d0600
3f122900
405f8900
3f88e300
40254100
3f2d5000
4007ac00
3f41fe00
3fa46000
3fa2e100
402a6c00
3f90c000
40449300
3f779b00
402f6600
3f831400
40291f00
3f4c8e00
3fe97600
3f0dfc00
401a7d00
3f272e00
3fd3c400
3f950c00
402e0700
3f883200
4002e600
3f04f300
40602e00
3f8a8380
400c9600
3f5ee300
3fb8d000
3f97b000
40286e00
3fa97080
4003b500
3fd77e80
40060700
3f6cc800
40424900
3f88be00
3f995a00
3f898600
3fbf5200
3f81ef00
4025e300
3fb26a00
403a8000
3f3d0900
40778000
3f7e7300
4011af00
3fba9f80
4037ea00
3f40c500
40025600
3f44ea00
40627700
3f757c00
3ff3f800
3fb31b80
4005b000
3fbe1600
3ff95a00
3f1a1100
3fc63e00
3f874380
40595300
3f6a1000
3fd84e00
3fa91380
40048a00
3faee780
3fb68a00
3fa31080
406e1100
3f74b000
4022c400
3f9d5480
40152200
3f542f00
3fc5dc00
3f499400
3fa26c00
3f899480
3fd6e600
3fa7f180
400cdf00
3f210f00
40213100
3fb82600
405e5d00
3f791200
3f940200
3f6e9200
3fc72000
3f999600
3ff2ce00
3f237a00
40288b00
3f61fc00
3f8ba400
3f883880
3febe600
3f5a2200
3fc47800
3fb50700
400cc400
3f81c680
401c7400
3f614d00
3fb8d000
3fadfa00
3ff73e00
3f80be00
404dcc00
3f6f3e00
402b7000
3f6b2000
3fb9ee00
3fa6e580
40130d00
3f4a1700
3fda4c00
3f1d3e00
40022000
3fddfa00
4020b800
3fbd1980
3ffe5e00
3fb9b400
3ff9b400
3f100200
4040a400
3f907a00
40173600
3f54bb00
3fb35e00
3f87f000
40159a00
3f22ab00
401fdc00
3f7c7800
405d2200
3f808d80
40461000
3f471e00
4019fa00
3f974b00
40097800
3f6f4b00
3fff4c00
3f4a5200
404e9e00
3f5b4400
3fbe8a00
3f883680
3fef7000
3f328200
40197a00
3fa26900
3ff32000
3f577c00
40028000
3fcaa300
3fde0a00
3fc91b00
400e3c00
3f9b2f00
40189a00
3f65d800
40037300
3f073b00
3fb30000
3f4d0e00
40001000
3f495e00
404e1c00
3f89bd00
400e1900
3f412500
3ff1d200
3f353600
4027f800
3f355d00
403d9a00
3f9f9900
3fcbde00
3f383900
3feba800
3f336800
40458900
3f9df600
4069d900
3f82e900
4016a000
3f4d5600
40061000
3f08ee00
404ef400
3f820380
40468f00
3f7b7b00
3fec1200
3f862200
3fe32200
3fcb9700
40572100
3f652500
3ff99600
3fe8c400
403bfb00
3f9ee400
3fb2e000
3f7f3900
401ead00
3f37aa00
402f6600
3f7de000
4016c800
3f423700
3fafc800
3f65d900
3ff9bc00
3f6eb500
4006b200
3f057700
405b6f00
3f6b8600
405f0200
3f662500
3fc86400
3f90b300
3ff5fa00
3f090100
4034d700
3f919180
3fec4c00
3f25de00
3fe70200
3fa63d00
3fdb2400
3f833680
40033000
3f93d680
40167c00
3f3d0100
40376c00
3f7fe800
4023d800
3f38bf00
4032a600
3f876000
3fb37000
3f8b8180
4012bb00
3fb0b400
400fb100
3f44ca00
3fd55c00
3fb23f80
40073300
3f1cd700
40177d00
3f276900
3fcfd800
3f383a00
3fe5de00
3fa4ac00
40066700
3f22b900
403ca100
3f5d8700
40004b00
3fafff00
40476d00
3fa10900
3f994800
3f914880
40458d00
3f7b0900
3fe6c800
3f136000
40130000
3f1d4600
3fd7ec00
3f1d0c00
3ff52e00
3f71da00
3fc66200
3f3e0300
3ff96400
3f829580
4025c000
3f6c3800
400f7900
3fe37d00
4001e300
3fbad200
403d1f00
3f4ec100
4031ea00
3f62ec00
3fc00000
3fa87c00
3fea2400
3f127900
40431300
3f7b7b00
3fca4400
3f8e1500
4037ba00
3f3ddf00
3fd62600
3fb21300
406fb500
3f7d9600
401a8a00
3f39d700
3fba4600
3f3d9d00
40043900
3fb89800
402adb00
3fae3400
3fe11200
3f225800
4036e800
3f446700
4052cb00
3f927880
40756400
3f858880
40143200
3f217800
4033cb00
3fa5d980
4005d800
3f506800
3fbad000
3f441600
401b8200
3f27bd00
402d9300
3f95f800
40284300
3f449e00
40561d00
3f956280
402a6c00
3f8a0800
4052ab00
3f8f2280
3ffb1000
3f5db900
402b2300
3f954380
3ff07e00
3f1b0b00
3ff1dc00
3f2b2000
3fef2a00
3f862200
3ff04800
3f554c00
40280d00
3f948280
3ff32a00
3f4a7a00
40236100
3fc70f00
3ffd0200
3fc97780
4018b200
3fd01a80
4002e200
3f892480
40406a00
3f898d80
403d4900
3f648b00
4048df00
3f505700
4011a800
3fa4e780
4035f400
3f5f9a00
404fb700
3f831c00
405cf500
3f8d6700
4011f800
3f1b6500
3fcfea00
3f611700
4045c800
3f6c6e00
4024bc00
3fb07780
40134300
3fabb080
40332b00
3f4d4c00
40519800
3f8e6600
4033b500
3f343e00
4039e900
3f516300
40034100
3fa55e00
403dee00
3f882e80
404df800
3f50e400
400f2900
3f37b000
3fe07800
3f7d4300
4005a500
3f608800
3fae9800
3f512a00
40098500
3f1b7200
400ff200
3f41bc00
4044ad00
3fa60780
400e6c00
3f61d800
3fc77e00
3f960780
40107400
3f686a00
3fd0a600
3f37c200
400fb900
3f790c00
401d8600
3f8a8000
40219700
3f247c00
3f9ac200
3f8bca00
40053800
3f8bb900
3fd39a00
3f5bef00
40136b00
3f818e00
3fd35800
3fbd4080
4014e300
3f1a8500
3ffe4000
3f1c9b00
3fdafa00
3f603f00
4006fe00
3f5d0a00
40283200
3f2d5d00
400ec200
3fb98200
402bdc00
3fb8a880
40109300
3f70af00
4008c200
3fbb5180
402c7700
3f4c4400
3fe25c00
3f8c7780
3fb2ba00
3f5cdf00
40272a00
3f2e9500
3fc53400
3f4e1000
401d1e00
3f789000
403f1300
3f5c9500
401d0b00
3f213d00
3fdfd200
3fd5b600
40050c00
3faf8f80
4011d400
3f166c00
3ff75c00
3f1e7600
403a7d00
3faef400
3fa05000
3f9b2380
3fdd4a00
3f7ad600
3fe80c00
3f197600
40042100
3fcaa080
4050b600
3f86ba80
402f9f00
3f372c00
3ff4c600
3f9dbd00
4014fb00
3fd74a00
4002fe00
3f261e00
40334300
3f4b0400
4011ca00
3f356500
3fd9d000
3fbb2d80
40336f00
3f93d100
40230800
3f431100
4013fc00
3f221900
40602e00
3f624b00
40378a00
3f9bbe80
40591700
3f6bca00
3fc93000
3fae3c00
402b5600
3f699000
3f964200
3f66de00
40377900
3f928380
4016f100
3f2ee600
403dd800
3f755200
3fb28600
3f86b100
40193900
3f4a9300
40002200
3f8ac280
40405900
3f4c5f00
3ffbe200
3f648e00
3ff73200
3fd79980
40047200
3fef4300
401a3900
3f835a00
4037cc00
3f957680
401f5000
3f59e800
3fbbd200
3f427b00
4036dd00
3f79bc00
40632b00
3f819500
40129800
3f3d5400
401db900
3f290e00
40181600
3f8e3400
40144600
3f5aae00
3ff51800
3f608300
3feff400
3f167a00
40077200
3f1e2500
4003a100
3f474d00
404eb300
3f865280
40188200
3f8d9100
4009cd00
3fc9cb00
4027fb00
3f398e00
4007f800
3f683700
401ee200
3fc65180
3fd3f800
3fbd6e80
40027400
3ff39400
400f5e00
3fcd4e00
4017f000
3f793000
4038b600
3f63a800
400d3200
3f687000
400ffa00
3f313400
3fe81800
3f2e2a00
3fe2e000
3f672900
3fe1d800
3f8e1580
404d0e00
3f4e7600
3fcec600
3f36dc00
402aff00
3f5da300
4057a000
3f835780
4047b000
3f7e7300
3fc5ea00
3f3c5700
3fe43000
3fb69580
403ad600
3f97e400
3fc37800
3f827180
40711d00
3f70f800
40534a00
3f783500
4031bc00
3f83dc00
404e1a00
3f877b80
3fa9bc00
3f940080
400a7b00
3f151e00
3ff43c00
3f75e500
3f972c00
3f61ff00
40506500
3f6e1f00
4009b700
3fa26c00
40078700
3f9d1e00
3fef4c00
3fa83880
40105700
3f6aa000
4033c000
3fb62400
3f8df600
3f891200
405bbb00
3f605f00
40766300
3f7f5000
40258c00
3f800800
3fec1200
3f8b8600
40364d00
3fab1200
4025b000
3f451500
3fccd200
3f2c7000
3fc67c00
3f2a9c00
401f9000
3f9bf280
4000b200
3fd90a00
404e3f00
3f88da80
404e2000
3f6f4400
4014f200
3fcc8200
3fe38e00
3f20e200
401e1400
3f32cf00
40428c00
3f96e480
3fcc7c00
3fa7ac00
400fa600
3f561500
40387400
3f956d80
40017e00
3ff26800
3fc96600
3fb21e80
3fb21400
3fa0fc00
3fa30000
3fa17f00
40530e00
3f862180
401dee00
3f9a3d80
402a6500
3f5afb00
3fdc1c00
3fb92480
40088e00
3f61d400
4013a300
3f662800
403b9700
3f670900
3f961e00
3f803c00
40261b00
3f7fd400
40230f00
3f764c00
3fa4ac00
3f51af00
40021300
3f461a00
3fd03000
3f562600
3ffe1e00
3f609a00
405bd800
3f87db80
40033700
3f545000
405c4100
3f7ec800
3fb20800
3faefb00
406d3f00
3f773600
402ff500
3f8bde00
3fb73c00
3f839380
40086a00
3f926780
3ffece00
3f61dc00
403bd900
3f60b500
40393300
3f7f8400
4005b900
3fd8ac00
3fc15000
3f8a2c00
40265c00
3f70e800
4003ef00
3f650e00
40297500
3f65e400
3fc9ea00
3faf3b80
40092500
3fbe3300
401be100
3fafbf80
402b4500
3f52f800
40479800
3f710a00
4021fd00
3f9ce380
3fd50a00
3fb34900
40306a00
3f853000
400ea100
3f256b00
3fea0400
3fd3b980
40364200
3f5d8200
3fbae400
3f888f80
402f9900
3f4e2000
404a7800
3f9e2800
3f9e7c00
3f737100
400b7d00
3f17ae00
40288b00
3f806200
4043ee00
3f4d1000
40096d00
3fd2f900
40082900
3f1ada00
40459600
3f59a000
4008ce00
3fc40c80
4054d000
3f89fb80
3fb27400
3f676f00
3fdf5a00
3f837000
405acf00
3f630b00
3fb31e00
3fa1f580
3fc7be00
3f2e3000
3fbbae00
3f38e100
3fd3f600
3f697500
3fc46600
3f8fd280
40267600
3f877400
3fee3800
3f592500
402be100
3f472000
3fe86600
3f21ac00
40051500
3fbb4600
4025bc00
3fbca680
3fed0600
3f33ea00
3faffe00
3f8e4800
3fdd2c00
3fc48580
40223600
3f1fd100
402da000
3f5ec200
4054d000
3f83df80
3ff6e600
3f688200
400b2800
3f85f780
3fcb1e00
3fa81580
400ce900
3faf0800
401cf300
3fcb1a80
3f912000
3f73ab00
3ff5e200
3fbe0a00
3fd0fe00
3faf9180
3ff22000
3f983480
40313000
3fa45d00
3fe78a00
3f973780
4024f100
3f475200
3fa56000
3f6b8300
3ff54400
3f89f380
400ac000
3f135f00
401d1600
3f62ac00
40049000
3f9b3400
4053ef00
3f862a00
3f85e000
3f833c80
3ffdcc00
3f2dc800
3fa2b400
3f99c780
3f910e00
3f738e00
402ad400
3f731800
3fc56400
3fb15e00
407c3f00
3f7dda00
400c7600
3fbfc780
400a2900
3f51e100
403f9c00
3f82fe80
40424100
3f4d4100
40288d00
3fabab80
4041fe00
3f50e800
402e5500
3f7bec00
3fe87000
3f50c600
40317800
3f585000
406c4f00
3f860800
3fe8b200
3fcd7b00
40021e00
3f3c6a00
3fe55400
3fadf380
3fe54a00
3f481200
40111900
3fb47100
3fe1c400
3f90c700
401d7900
3f899a00
4027b900
3fb15d00
405bab00
3f722a00
404c7d00
3f739100
40133900
3f278c00
400f4c00
3fdb4d80
3ff2d000
3f10ae00
3fe43a00
3fbb2600
40271200
3f62b000
40257f00
3f5dc400
3fe30a00
3f550700
40044b00
3f51dd00
3fdcba00
3f42ca00
3feb6800
3f991800
3fe9d000
3fd0f880
4019ef00
3f9e5c80
40423700
3f782f00
405d4f00
3f89af00
40156c00
3f40f900
402f1800
3f833c00
40659200
3f87ca80
4007af00
3f50da00
4036f600
3f4ce200
4070c300
3f7db800
4037cd00
3f543900
40135d00
3fc7b380
3fff2600
3f8f9100
40087100
3f2ddf00
3ff5ee00
3f476200
401e8a00
3f8a0800
40263500
3f8b2a00
40152500
3f8bfd80
40094400
3f613300
401b3000
3f895400
4041c500
3f8f7480
4011b800
3f3ca500
4025e700
3f889600
403d9b00
3f6ee500
40041200
3fd96580
3fe70400
3f469200
40037b00
3f931100
3fd2c400
3f893c00
40374a00
3f559e00
3feaac00
3fc81c80
3fb56000
3f8e0a00
400f8800
3f198000
40021100
3f80be00
405b4a00
3f90a300
400b2600
3fc5f180
40076200
3f54c300
4018e100
3fb40980
401ade00
3f3dcb00
3fc46e00
3f8e5580
404c4600
3f8bed00
3f89ac00
3f83b080
3fbc1600
3f877c00
3ff1ea00
3f6a2000
4040a400
3f85f280
3fca0a00
3f81d200
4051d300
3f7c8600
4007ae00
3f1e0400
40194d00
3f65dc00
3fd2a200
3f49a300
400e2c00
3fd34800
3ff9e800
3f650100
40560b00
3f6cfc00
3fc54c00
3f932900
4067db00
3f78ce00
4024bc00
3f6ee000
3feee600
3f1b0200
40604c00
3f6b5300
4042cb00
3f40f900
3fd80c00
3f895280
40108400
3f1bf500
4035d700
3faeeb80
4001e600
3f4e0c00
40049e00
3f477f00
3fb02a00
3fa5c580
40003700
3fd23e80
3fd7b400
3f761300
405fc500
3f89d100
400da000
3f971900
400fbb00
3f1fb900
405a7000
3f8b3e80
3fcb9a00
3fc82d00
400af900
3f1a1800
400d6c00
3fe5a400
3fdb7600
3f8e9680
3fafc800
3f995b00
401ea400
3f6b7000
3fda5e00
3fbfac00
40166c00
3f1c1a00
3fcb1200
3f898080
40019400
3f97c280
3ffbaa00
3f965280
4037aa00
3f47d900
40096300
3f67bf00
40215100
3f5d6300
4029f000
3fa53300
40539b00
3f680100
3fc20800
3f368200
3fdfea00
3f98c780
3ffd1a00
3faff100
40358b00
3f799400
3fd07800
3f97e500
401cdd00
3f407400
3fc4be00
3f6a8900
40000400
3f088c00
40554c00
3f930c00
40085900
3fe5be80
3fd40400
3fb53680
40259500
3fb7e980
3fd31600
3f8b0180
3ffa8000
3f278c00
3fb53200
3fa2ab80
401ed800
3f872400
3ff2da00
3f40aa00
4021d400
3f9b9b80
3ffb5600
3fb86500
401dc300
3f3a8200
3fce9200
3f38fb00
40072700
3f27ad00
3fb04600
3f81d200
3fe14800
3f130e00
3fc07000
3fbb4600
3fa18200
3f9c3700
3ff2d800
3f32d800
3fe81e00
3f77f600
4008f900
3f8be000
400b4c00
3f9be280
401f8900
3fc4e580
3fca4c00
3f428c00
3fd59000
3f55b600
40350500
3f3c9800
405fb600
3f723b00
40362600
3fafdc80
3fa38c00
3f86bf80
4034bb00
3f894a00
40284a00
3f8cc400
3f927600
3f8a6e00
401f8200
3f532f00
402e9500
3f319e00
40076f00
3fc4a980
3faa5e00
3f6a4400
3fffde00
3f18f200
402a2300
3f49ba00
40222500
3f580900
3ffd3e00
3f092d00
401bd300
3fc79900
3fc42000
3f951b00
3fc31a00
3f594f00
40011800
3f1d9300
3ff61e00
3f9d3b00
40520000
3f76bf00
3fb71a00
3f44ef00
3fd8b600
3fb3fa00
400b1700
3f7b0400
40133300
3fc5ee80
4021c000
3f2a8900
400c7300
3f565400
4048a700
3f8a7d80
3fa6fe00
3f62ca00
402b7400
3f34a300
40167800
3fbb6b00
4025f000
3f55e100
3fd52000
3f758900
3ffb3800
3f584700
3ff5b800
3f064100
3fe14e00
3f2b1e00
4015e800
3f582800
4020c600
3f8a5800
40201900
3f2d7000
3ff7c000
3f289600
40554500
3f989b00
3ff6d200
3fb9f000
4002ef00
3fdb5400
405caa00
3f7ed900
40058800
3f8c7b00
3fb64000
3f750700
404c3400
3f85a980
40030600
3f56cd00
40485000
3f843300
40259200
3f496d00
40339500
3f43b800
404d0400
3f531000
3fcfdc00
3fb75e80
3ff46e00
3f3b5a00
40036c00
3f47c700
3fdf3200
3fa9d200
3f99a200
3f7f1c00
40300f00
3f7ad400
40588100
3f838200
40158000
3f50a400
401aa000
3fb08a80
400dcc00
3f1ac500
3fd8a800
3fc78580
3ff16e00
3f426600
3f8e1a00
3f846d00
400bdd00
3f163600
402f8d00
3f8a6200
403ac600
3f7ca000
4032a600
3f725000
40014b00
3f350e00
4013d200
3fd0e780
3fe91e00
3fd51b00
401d9600
3fa3ac00
40649300
3f8c0200
3fcc8600
3fb45c80
40193b00
3f5dab00
4021ca00
3f6c3800
3fca0400
3fbf7380
4012e500
3f2bfd00
3fcc9000
3f53d600
40610f00
3f81d900
4050ef00
3f8cb880
4008fc00
3f74a300
3fb3b800
3f668700
403f7c00
3f561400
3f93ba00
3f886400
3fee1a00
3f134c00
401ba500
3f8e7980
3fad8a00
3f406700
3fa71000
3f876d80
403a6600
3f88b480
40475400
3f5b5e00
3fdf8e00
3fb90100
3fb7fc00
3f4d6400
40019600
3fe20000
3fa38c00
3f839380
40077500
3f24b500
3fbd9000
3f835980
3fb40800
3fa8e300
3fd05800
3f632a00
4017cb00
3f1d5700
40040300
3f1e4700
402aee00
3f72f000
3ff01c00
3f7f0f00
401abb00
3f73f400
3fd86400
3f7a6300
3fe71000
3fbe6780
3fff1400
3f9ff980
40001500
3fbb5000
40158400
3f844b80
4017a200
3f7b1000
4026df00
3fc01100
3fe2f200
3f55ab00
4040b400
3f487a00
3fd24a00
3f773e00
40123800
3f9dbb80
404d5f00
3f83e800
405eb700
3f722a00
400cec00
3f36f100
4011ce00
3f9d1580
3fd1de00
3f419900
4025da00
3f88b400
403e3000
3f3f5300
3ff8b200
3fdd8300
40603d00
3f737e00
4005f100
3f388200
3fb3dc00
3f8da880
4012f100
3fafef00
40385900
3f607500
3ffd7800
3fb9a080
40299e00
3f966280
402d2000
3fb40a80
3fca6a00
3fa64780
3fe1e200
3f273600
3fd6ac00
3f7a6300
3fc3ee00
3f44c100
40205e00
3fa0e300
3fd3d800
3fbf6f80
40406e00
3f9aef00
400c3400
3fd0ac80
3fe4bc00
3f2be800
3feb3800
3fb38180
400f2b00
3fad8300
401ef200
3f894000
4034d400
3f565000
400ff100
3f8d2000
3ffedc00
3f032600
403ebc00
3f829c00
40051e00
3f7b1b00
3fe09000
3f957300
40091900
3f133c00
40466600
3f803500
3fd1fe00
3f8d9080
4026de00
3f798000
4033da00
3f52e200
40573700
3f80fc00
406e5c00
3f74e300
403e6100
3f831e00
3fc84800
3f6b2200
4005ce00
3f08f400
4003ed00
3f40d400
3ffeca00
3f1a7700
400e8c00
3f869a00
4029c000
3f42b900
40379000
3f934d80
3fe76e00
3f8ec200
40357500
3f91f400
400bab00
3f6c0d00
402d8f00
3f4a0600
3fcbc000
3f63ae00
4059f800
3f83df80
3fa80c00
3f8eca80
402d2a00
3f5fb800
402aec00
3f55f500
3fe77200
3f1fbe00
40613c00
3f6c1f00
4061c300
3f8e4400
3ff88600
3f34b600
40575500
3f89af00
3fff3c00
3f7ba500
3fb42c00
3fa68600
401a9f00
3f276e00
4003cd00
3fd6e480
3fbd2200
3f972d80
40201d00
3f695400
400c9e00
3f88ae00
4003be00
3f149500
4003f700
3fcdf000
403e1800
3f9b7a00
3fc2fe00
3f2dcc00
40016900
3fc45d80
40039800
3fa7e080
3fe5b400
3f35ae00
400dba00
3f647c00
4007f300
3f10d400
4019e600
3fbfbf00
3fc00600
3f327d00
3ffb0600
3f6aaa00
3fb81400
3f704500
402ef000
3fa8f100
3fb93a00
3fac8580
3fdec000
3f71f100
4048f200
3f63d200
4000df00
3f0f5b00
3fc46e00
3f9e6e80
3fcac200
3f505300
40258900
3f386000
4009eb00
3f09e800
40418900
3f46fb00
4037ad00
3f7ad400
401c6f00
3fa1b980
3fc77600
3f98c180
406a5100
3f845f00
3ffc6000
3fd0dc00
3f964200
3f8a8b00
4017a800
3fa31800
4049a000
3f59ca00
3fe79a00
3f5e7200
40490300
3f5ec900
40364c00
3f9c3a80
4013d800
3fa0b980
3fc44800
3f301800
40075b00
3f996180
3fa61400
3f99c780
400e4600
3f6b2800
3f95e800
3f65d900
3fe0e000
3fdaee80
405a8e00
3f6f2d00
40670900
3f6b6400
3fe4a800
3f1cba00
3ff6fc00
3f8aab80
40413900
3f817200
4023c500
3f7cdc00
4013a900
3f442300
40172c00
3fc58f00
4011d500
3f87fd00
3fcfdc00
3f253400
401ac800
3f224e00
40387c00
3f5ace00
3fbd6000
3f587e00
3fe70000
3f144e00
40211500
3fca9900
3ffca800
3f545900
40239100
3f8e4a00
40466a00
3f896600
400b8600
3fc0b700
40571800
3f939e80
3fce1800
3f257a00
3fb71c00
3fab8100
40161000
3f36db00
400c1c00
3f22f500
4025fb00
3fb5da80
3fdb9200
3f681b00
3fc69400
3f866f00
402e9900
3f550f00
3fe4fa00
3f2be000
401b9400
3f2bff00
4055a700
3f947d80
400cfd00
3f0ddc00
3fd2f600
3f3e7500
3ff68e00
3f90bc00
3fbdec00
3f5afc00
40056500
3f235100
3fcd2200
3f7a4c00
3fdbec00
3f2ca200
40016500
3fa71600
4014c500
3f160c00
3fee0c00
3f3cdc00
3fcaa600
3f9e3680
40045100
3fb1f200
404d1500
3f587b00
40667300
3f8ae100
4021e600
3f48bf00
40623b00
3f8e8800
40404300
3fa0d580
400b6400
3f825080
402b8200
3f552100
4017d100
3fb48900
3ff67800
3f8fca80
4004dc00
3f744700
404e6d00
3f806300
3fec1800
3f491000
401aca00
3f3d3500
400b2e00
3f469800
40216400
3fc61800
400dbf00
3f36c800
4021a300
3f857600
40502c00
3f5f3c00
3fd27c00
3f890200
4017aa00
3f1e2400
40049c00
3f045d00
4016f000
3fc67f80
40527800
3f721900
3fec2e00
3f2d8000
40202d00
3fa7fd00
4008ce00
3f6d5800
3fc7e400
3f90fc00
3fd9ee00
3f297800
4078bb00
3f831c00
4008e300
3fd78f80
4019f100
3f367a00
402eda00
3f59fe00
3fd9be00
3f36d000
3fa8f600
3f84c400
3fa21200
3f8a1700
40018d00
3fe55480
3ff9ae00
3fbcba00
406ef200
3f710900
402dac00
3f8b8400
40501f00
3f5f4b00
4019ca00
3f38b100
403b0400
3f4b8e00
3fb56800
3f7a3d00
402ca800
3f863400
4064ed00
3f702c00
400cd400
3f872d00
3f930600
3f8e9f00
3f8fee00
3f8e4800
4005f500
3f665000
40518c00
3f595c00
4000a900
3f4e6500
403fbc00
3f6efc00
4042c700
3f670d00
403f0100
3f44cf00
3f8f1600
3f8b3900
4012a600
3f220100
3ffc2200
3f9fc800
40437300
3f80e880
3ffb4600
3f1a0d00
4023f400
3f49fb00
401b0d00
3f5e9d00
402c4b00
3fbb7680
401a4600
3f745800
3ffa2c00
3f176000
400c5e00
3fc8d900
40051a00
3f42ad00
4030ff00
3f8e6e80
400b8100
3f905a80
40057b00
3f901780
3fa07400
3f78a700
3fffba00
3fcc0880
402acc00
3f5ece00
3fabfc00
3f774b00
3fef0400
3fe37300
40085c00
3f2e1800
3fc8c600
3f2fbe00
4004aa00
3fa97080
401a6600
3f5c0500
3ff12c00
3f1a0200
3fea4400
3fa57680
400b0800
3fdf8800
40236500
3f98bb80
3fbe7a00
3fa2b780
3fdffe00
3fccf200
3fad8800
3f9ef900
3fc2c600
3f991b80
3ffc5800
3f975300
3fddb200
3f222400
403f2c00
3f5d4600
3fa6ec00
3f7e8b00
3fde8000
3f60ae00
3fd61200
3f2d9200
4047d000
3f58aa00
4030fd00
3f43aa00
3fcc5c00
3f860000
403d7200
3f9b6d80
3fc2f600
3f850880
4049a600
3f98ef80
403a2200
3fab9c80
3fcbce00
3f9b2780
3fb06600
3f4fcd00
40022a00
3f566800
402bf700
3f980f80
402b2b00
3f458600
40641b00
3f6afe00
4016ba00
3fd3b480
401bff00
3fab8a00
40069700
3fa0c580
400a0600
3f685400
3fd53800
3f195600
3fec8000
3f747500
400a0900
3fe2d180
3fd76a00
3f497700
406ec500
3f819500
40069100
3fe82480
402f9700
3f5fb500
4040be00
3fa6c880
40006400
3f16dc00
40331b00
3f817a00
40135600
3f762000
400e4700
3fbd7000
402e5100
3fa61080
40000a00
3f0aa000
40478300
3f853400
405cc800
3f6b3100
40120300
3f3a6c00
4026d100
3f903e00
401e0d00
3f96eb00
3fb49600
3f914180
40202900
3fbde080
40360000
3f7b3800
4044a000
3f513800
3fa8d200
3f8bca00
401ffa00
3fb6a180
3fca9a00
3f434f00
3fc02e00
3f929d80
4034ff00
3f629500
400cd900
3fe75980
40490000
3f77dc00
40266400
3fc1ab00
404b2500
3f834f00
40143700
3f58bc00
401fe900
3f809e00
400e8f00
3f92e680
40063100
3f827300
401e8d00
3f442800
3fd80400
3fcc8280
40349800
3fb05700
40273900
3f8ce200
3fdb3200
3f982480
406a0600
3f82be80
402b5600
3f6e4000
40236200
3fa09300
3fec7000
3f0e2c00
40718600
3f824780
4032aa00
3f584600
403d8100
3f62d100
40290300
3f94c300
3fe52000
3f136800
3ff94e00
3f8df300
4013c600
3f7db800
3fa51800
3f89ce80
402aec00
3fa7f600
40485f00
3f4bd300
40228700
3f50d200
40376800
3fa0ae80
403aac00
3f813400
3fc74000
3fbf2a80
400e2900
3fbfe200
4003e000
3f426100
400e2500
3f8eb200
40255000
3f4e3500
403d6300
3f866a00
3fac3200
3f829d00
40144700
3fdbcd00
402b0800
3f8bfc00
3fd69600
3f96a180
4073ed00
3f841b00
40192300
3fb44e80
400dd500
3fb3c000
3ff6ce00
3f9b3800
40025300
3ff4b000
3fd03a00
3fc10e00
4056fb00
3f78ac00
3fd97a00
3f2c7e00
40177100
3f3a1c00
404c0c00
3f761600
4021a300
3f79bc00
3fbff000
3f478600
40031900
3fd89500
402b6b00
3f59ef00
400f1e00
3f54de00
402c6700
3f815200
3fec1200
3fb30f00
401bad00
3fa4e480
403aed00
3f7b4c00
4050a100
3f8da800
40470500
3f66fb00
40218800
3f4b3700
3ff94e00
3f86da00
40100300
3f535400
40374e00
3f8a6000
403d5300
3f964b80
401ce500
3f2ec800
3fae4e00
3f894c00
40462900
3f835a80
40391800
3f446500
3f9c2a00
3f824600
401eff00
3f885a00
400dc200
3fa01300
4051e400
3f641600
40590900
3f96bb80
4041c300
3fa6f000
40104f00
3f571900
403a9d00
3f5e6100
40319500
3f769c00
3fb18a00
3f6d3600
3ffc9200
3f7bea00
40323500
3faeb600
402d8500
3f389200
404b9d00
3f939b80
3fa7c400
3f5e5f00
4015f200
3f884d00
3fa84200
3f604c00
40601000
3f872080
40285200
3fc15580
40051000
3f39e000
40283000
3f6aa800
40307e00
3fa30480
4052fa00
3f981a00
4007b100
3f8ccc80
3ffc0600
3fdb4d00
4000d900
3f03cf00
400b6500
3f49b500
3ff9a600
3f88d400
3fda4400
3f54b800
403cd200
3f9fce80
3fc24a00
3f2a1a00
3f892e00
3f6fee00
3ff08a00
3f884a00
40491800
3f832480
402dc000
3f580c00
401de500
3faa0f00
405e9900
3f650400
3f9c7200
3f898600
40147e00
3f890b80
3fbb4e00
3f9f9c80
3fc99e00
3fc01a00
400e5900
3f20ff00
3fe25a00
3fa2ff80
3fb5da00
3f606f00
3fc44600
3fac1080
40032f00
3f6e9e00
3fe7b000
3f86b780
40441500
3f670500
404e7700
3f547900
400c8b00
3fde9480
3fa90200
3fa25880
401de800
3f936d00
3fe55e00
3fccbe00
405f2f00
3f8eff00
3fe6be00
3f835900
3fcf8c00
3f510c00
40030a00
3fdaef00
3f9fe400
3f690500
4018cb00
3f506800
401aa800
3fb87e80
40367b00
3fb15280
40084d00
3f2e0700
3fcfd200
3f377b00
3fce2c00
3fb2f000
4060e200
3f846780
3fd33c00
3f868980
405cea00
3f90b780
3faaee00
3f874200
40344000
3f578400
4030da00
3fb7b080
40046800
3f67c500
40303a00
3f94f300
3fba6400
3fb03600
400da600
3f728b00
4050a300
3f8ebe00
4018df00
3fd3c600
40590800
3f796700
3fd86000
3f1e4400
400af600
3fcba980
403e8a00
3fab4480
40002f00
3fbf8600
4017ed00
3f334c00
3ff00600
3f8a8900
40133600
3f5bb200
3fe00c00
3fc39980
404e8b00
3f830b00
3fe70e00
3fbf8800
40032800
3f2f5400
3fd1ce00
3f3a7100
40307e00
3f434d00
3ff10c00
3fadad80
3ff13200
3fb85200
40071f00
3f896680
3fc49200
3f85c780
3ff59e00
3f2c9a00
3fdb2c00
3f379600
40385a00
3f685c00
40242600
3faa4900
3fc22c00
3fac2900
402ac900
3f96b400
40364800
3face800
3fd18e00
3f938a80
3ff85c00
3f8c4980
3fe91000
3f839280
4009e200
3fd8ca00
3fb8c200
3f9eef80
400eb500
3f48f900
3ff76a00
3f773e00
400a6000
3f457d00
40184700
3f4dc200
4050b600
3f71f700
3fc49400
3fb2ea00
4027a600
3f489900
4054b700
3f6bd100
4053fe00
3f84cd80
40224c00
3f9dd480
400a9400
3f631600
3fe55600
3f128300
3fd20800
3f7c0100
40662800
3f787900
3fb14200
3f8df100
4049fb00
3f971f00
3fea0600
3fce3a00
4034e200
3f86ac00
3ffd2000
3f468000
3fe82c00
3f126200
402f3000
3f611c00
402a5c00
3fa66200
40109c00
3f2cf300
40271700
3f404e00
402e8400
3f949f80
404eb200
3f66f800
40384a00
3f985c80
3fc49400
3fb07000
3ff1f200
3f121500
40179800
3f9a6800
40174000
3f3b4900
4020d300
3f87ce00
3ff50200
3fbd7f00
3fa15000
3f4e3600
3f8ee000
3f7ec500
3fbab200
3f946380
401a6600
3f8e5b80
400a9300
3f84c900
401b8b00
3f2cda00
3fecbe00
3f2d1000
3ff96000
3fbcf780
40203700
3f836e00
3fdd1600
3f578500
3fc67c00
3f418400
3ff92200
3f717e00
3fe96c00
3fc1ec80
40018400
3f0af500
40269000
3f829c00
400ae400
3f1a5100
3fdd0800
3f89f380
403dd800
3f413900
402db900
3f74bc00
3ff6ba00
3f155800
401ed200
3f9d1c80
401e6300
3f840e00
40373700
3f6db100
3fcf2e00
3f5ca100
40028a00
3f60ca00
40044000
3fbae780
3fed9e00
3f8cc800
401ef400
3fa1c280
3ff9fe00
3f8ae500
4061e100
3f73c200
3fdbcc00
3f5b0c00
3fee6400
3f7d7100
40137e00
3fb29d00
40042c00
3f591900
4014b200
3f453300
4003aa00
3f973f00
406c5e00
3f80d180
3ff1ee00
3fbd1f00
3ff4c600
3f513300
401b8e00
3fa56280
4008ce00
3fca4200
4026b700
3f6bfc00
3f9c3c00
3f6dc700
403a1d00
3f801200
400bb900
3f647300
40047b00
3f0ab000
3ff5ba00
3f402800
3ffaca00
3f3c3800
3fbfaa00
3f6fb700
3ffaea00
3f9d7980
40084100
3f245900
3faba200
3f6d7000
3fdcbe00
3f996380
4036ba00
3f650200
40642a00
3f790100
40395800
3f6c0a00
3ff04e00
3fd32d80
3feaa000
3fb1bb80
404cc000
3f9bdc80
403b5e00
3f8d8000
400ff000
3f677d00
4058da00
3f911a00
403dc500
3f831e00
40637600
3f8fa080
3f984c00
3f93c680
3ff45200
3f6d2e00
4001fc00
3fc60b00
4006bc00
3f6b3800
3fcebe00
3f355000
40654700
3f867f00
403e7000
3fa4a680
401f2f00
3fae2100
40069d00
3f12b500
40117a00
3f4e8f00
40547900
3f647500
4026b700
3f825600
40149400
3f718b00
4018d900
3f23aa00
3fb55e00
3fb02780
3fd71800
3f8cff00
403e8400
3f924300
3facf000
3f498600
3fbb1000
3f8f9800
40008500
3f8d5200
40015a00
3fc98a00
400cd200
3f8e6380
4038af00
3f3c7800
401c3500
3f4c6200
40295700
3f3acc00
4004a300
3f4de300
4049bd00
3f836000
3fafb600
3f85c900
3fbc2400
3f971100
401e3f00
3f2dba00
3fe35800
3fd02180
405c5000
3f7cb900
3fa8d200
3f76ba00
3fecd800
3f80e080
3ff86a00
3fbbb500
40421400
3f40dc00
3fd64800
3f9c2a00
4001da00
3fa7d280
3fcee800
3f6c7200
40471b00
3f474100
3fbfcc00
3f8b2700
3ff30c00
3f3e5000
3ff8e000
3f8ee480
40627700
3f6d8400
403eb400
3f86e300
40186b00
3f393a00
401ce500
3f8b9400
40395100
3f9f7380
3fef5600
3f6bec00
3ff62a00
3fd39200
3fc77200
3f4fab00
3fb42400
3f91b900
3fefb400
3f3e3e00
3fa2a200
3f52b400
40094a00
3fa3b380
40225a00
3f41b300
4035f300
3f6add00
4033d100
3f7cb400
401d1b00
3f3a1000
40063500
3f395a00
4010bd00
3f1cc300
3fe90a00
3f9ecf00
402aee00
3f880000
40004900
3f9cfb80
3fe7e800
3fd09180
3fbc9400
3f84b580
40384b00
3f684b00
3f9c0600
3f577600
406c5e00
3f7bcb00
40228000
3f7a9800
401df400
3f9b2080
400a2100
3fab5e80
3fddb800
3f885580
3ff85800
3f45fa00
3fdc3400
3faa2980
4031a800
3f997800
3fd02800
3fc9bd80
400a2100
3f305600
3ff84600
3f121e00
402ba700
3f4da200
40222300
3f50e000
40126100
3fd8be00
405a4800
3f5d3800
40060700
3f101200
402ab000
3f4e3b00
405aa400
3f8f6b00
3fd4e400
3f3a9600
400fd100
3fb7ce00
4016c200
3fa86a00
4010e100
3f164b00
4023c500
3f894a00
40239600
3f50ed00
4002c500
3fc26a80
40772600
3f83bd80
3ffa9200
3fcf0780
3fff3000
3f237300
4005b300
3fedb500
40639400
3f7c9700
40274200
3fc33180
40340300
3f95ca80
4045f200
3f9a2300
402ba200
3f2f4500
401cea00
3f7bb000
3f9d4a00
3f565400
4031af00
3f894a00
403ffb00
3f4d7700
3ff12800
3f4d9c00
40003900
3f578700
400c3200
3f61ff00
3ff9c600
3f1e9100
40197c00
3f941580
40274600
3f2de900
3fed1a00
3f92cd00
403f3e00
3f7d9000
3feb3c00
3f4bc600
40386200
3f498000
4018f400
3f876000
403d0600
3f6bae00
404a8f00
3f97ed00
3ff9ce00
3f238800
3f8f2800
3f833c80
3fdeba00
3fcbed00
40100d00
3f4b7000
4036f600
3f575600
3fa9bc00
3f7ddd00
3fb9e200
3f5ee300
40013300
3ffac700
3feff800
3fb03580
401b1600
3f7e3000
4043a600
3f8b0d00
4057f500
3f62b700
400ac900
3fcfe500
402c8e00
3f8ff800
40061600
3f115200
40425800
3f920e80
401f5a00
3f809400
4010b700
3fe00880
3fdfd000
3fcf8d80
3fde3800
3fa20200
4004cf00
3fdc4780
3fb20800
3f84b580
40066800
3f854780
40236f00
3f45b600
3fc78200
3f898580
40333500
3f767400
4010a200
3fbdd880
3f80e200
3f801f00
40068c00
3fa0ba00
4024bc00
3f671000
40548f00
3f96e380
4018be00
3fa37980
40130500
3f6db000
3fd1fa00
3f343600
3fc00800
3f6c4200
3fdcf200
3f7ef800
40013f00
3f0a5600
40662800
3f7c9700
3fb39000
3fa17e00
40096a00
3f307900
40029e00
3f26cc00
3fdb3c00
3f4b6400
3ff6a400
3f8a6680
3fe0d200
3f433800
40672700
3f7f5000
3ffa0200
3fe25500
3fba1a00
3f67af00
40069400
3f895280
4017f600
3f6eaa00
40150900
3f980e00
3ffc9200
3f6b9000
3fee7a00
3f8b4100
4002f800
3f6da100
3fa1ca00
3f4be700
4017d200
3f919700
4056a800
3f63ae00
4028f300
3f889600
40199000
3f82b000
403bbd00
3f706100
3feb0a00
3f835900
3fe22800
3f929b00
3fa72200
3f58d200
3fe4ae00
3f2f9000
4001bd00
3fcf3e00
3fd32400
3f8c6d00
40115600
3f7d9000
3fde6800
3f69db00
40239e00
3f97ac00
400a7c00
3f90e780
402b7100
3fb04d00
3ff20e00
3f982600
40438f00
3f901c80
3faf6e00
3f48e100
400ac300
3f2ed800
40034d00
3f9ed780
400e8700
3fa9d300
3fb53a00
3f9afd80
40270200
3f9d6f00
40073900
3fcba900
3fa5e400
3f4a4800
40171400
3faf0f80
403c3100
3f9b7400
3fff5200
3f827300
3fc45e00
3f3f9900
3fb52200
3f8e1e80
3fb75000
3fa62a00
3fdbb600
3f33de00
40102900
3f561300
402daf00
3f349400
40418100
3f625b00
401c8a00
3fcce380
403dc400
3f59f000
4049b100
3f958c80
4011fe00
3f9d1080
3ffada00
3f0b4b00
4058b000
3f5f9800
3fe89c00
3f9e2200
4030ba00
3f669200
4020fa00
3f8bc000
3f901200
3f7cd800
4054d800
3f698600
404a5500
3f96da00
3fed0600
3f218800
3ffc6c00
3fc95f00
405c3200
3f695500
40287e00
3f7e5800
4022f100
3f976580
400aad00
3f87f180
4077ad00
3f7bdc00
40334200
3f8bc000
3fb66c00
3f3e9c00
405bba00
3f767b00
403fce00
3f833c00
3faa2800
3f5b3300
40186b00
3f5c6b00
403bec00
3faae200
400cbb00
3fdcd000
401d4600
3f249100
4038da00
3f67a600
3fef9400
3f0c8f00
40653800
3f686700
3fbe8e00
3f9f9d80
400d2f00
3f3c4b00
402d9b00
3fafb780
3fde2400
3f8d9500
3fe84a00
3f65a200
3fc74600
3fb7f980
3fb8c000
3f8bce00
3fa0e000
3f6f5d00
3fc02a00
3f7f9000
40017700
3f846d00
4012c700
3f16f200
3faaa600
3f7dc000
40242900
3fb2b680
4061ff00
3f76f200
4005b600
3f48c800
402c6f00
3f9c8c00
3fca4200
3fa64a80
3fdf1600
3fb82400
40043300
3f1df000
4044c600
3f91ad00
404d0500
3f764800
402ecf00
3f48f400
40150400
3f307f00
3ff81e00
3fc96400
4013b700
3fa68480
406aba00
3f891e80
40053500
3fbc5f00
3fd27200
3f8da780
3fa17000
3f85d780
3fdc8400
3f559800
3fdca600
3f9c9d80
3fbe1200
3f3e7b00
3fdd8000
3f478e00
40188a00
3f899c80
40186c00
3fba3e00
402e6f00
3f8dfa00
4041b800
3f828c00
4045ee00
3f7f6100
40285d00
3f4d9600
405e9900
3f799a00
402d5f00
3f628900
40040d00
3f544600
4018ec00
3f6f3700
400c2b00
3fbd6d00
40045500
3f31e600
3ffd5800
3f7ff500
3fc9e200
3f36e300
40054100
3fdf1100
4071b300
3f81a600
3fb41200
3f6f4000
400a3a00
3fa4ca00
400aab00
3f3c4400
40004300
3f0d0200
40357600
3faf2480
40082900
3fe02c80
401f5900
3fb9ef00
3ff8bc00
3fad8e80
40701e00
3f853380
3feadc00
3fa45280
401d9300
3f762400
40082600
3f1ef100
401ef300
3fb68c00
4033c000
3f62ae00
40158300
3f874f00
402a2800
3f30e100
40078400
3f9ddc00
401dcd00
3f62fa00
3ff11400
3f50d000
40412c00
3f616600
402b6300
3fb2b800
3fd62600
3fbc4600
3fdea400
3f120200
3fca1c00
3fb33e00
400e9b00
3f8ebf00
40237200
3fbf7480
40440e00
3f95e480
3fb8ac00
3fa53200
40591700
3f6cb800
40484600
3f7c3100
3facde00
3f465900
4010a100
3f384200
40028100
3f9e5500
401aac00
3f2b2b00
3ffca800
3f84bd80
401bcd00
3f446c00
40521e00
3f868780
3fd00800
3fb8cd80
3fb19400
3f430000
40488200
3f811580
40008b00
3f116e00
3fb67800
3f4a7a00
40536800
3f7b8700
404cf500
3f5d7300
40370100
3f5fdd00
400fcd00
3f3b0000
404ceb00
3f95f600
400d4800
3f4e7700
40122b00
3fc5c680
40071b00
3f1b3c00
40294400
3fa1a680
4004ae00
3f283000
40771700
3f834f00
3fe1d800
3f89f380
3f97ce00
3f793800
400c8d00
3f4c2600
3fa9b400
3f99b000
3ff23a00
3f1bca00
3ffd2200
3fae5900
4000ec00
3f526000
4004be00
3fba3d80
40362b00
3f3ffc00
40255000
3fa9c500
4008ef00
3f4fdc00
40246b00
3fc09880
40461b00
3f803000
40246e00
3f81e800
4014aa00
3f2b7800
40280c00
3fb64800
4019bb00
3f977780
3fff7e00
3f8a7200
3fc28200
3fa66080
40192300
3f29ba00
4026f800
3f76d800
3fa12800
3f924d80
3fd5d000
3f766f00
3fd71a00
3f6b8f00
3fe89a00
3f3b4800
4006b500
3f82e600
3fb82600
3f76f400
3f9e1000
3f5d3d00
40173a00
3f519300
402b1200
3fa22d00
40052f00
3f1f9b00
40198000
3f6dda00
40163600
3fc6a500
3fd5dc00
3f5a7400
4036b600
3f850800
4065ec00
3f71b300
406e3e00
3f831380
3fd15200
3f278600
3fa51a00
3f9daf80
40215900
3f2f5a00
40095b00
3fc15c80
40031f00
3f068b00
3fcefe00
3f5c4900
3faab200
3fa76b80
3ff7e000
3f1e7000
40051000
3f9ac180
401dd400
3f386500
403baf00
3f411000
40249900
3f552800
40377f00
3f5d4900
402b4000
3f4c7b00
401aa100
3f824200
4052b100
3f5e9b00
40677200
3f815980
401cf100
3f8d5a00
4047d000
3f979d00
403a3000
3f990300
40025700
3f936200
4033d900
3facf600
3ff5c400
3fd2df80
3fe45800
3f568a00
4025a200
3fb06a80
3fa1dc00
3f728900
400ce200
3fb40a80
402b4900
3f907a00
3fb82600
3f81d200
3fbfae00
3f8a3b80
3ff98600
3f252a00
3fda5a00
3fc93600
404cb100
3f8cb280
4026ad00
3fb06480
40161e00
3fbf5800
400af200
3fa2bd00
400ef800
3f2f6e00
40085f00
3f67e800
40126900
3f3caa00
3fe40c00
3fdfb180
4021d300
3f471200
3ffac600
3f3b7200
402adb00
3fb3a600
3ff2c400
3fed6e80
3ffc3c00
3f993500
3ffd8c00
3f241900
4008d400
3fd44480
3fd4f800
3f4c3a00
40128200
3fdd4700
4044a800
3f816300
3fe18000
3f83c080
40085900
3f3fda00
3ff11400
3fd4ee00
3fd1b000
3f7a3500
3ffad800
3f9f3a80
40141700
3f2b7300
40172300
3f250a00
40276d00
3f80da00
402e4800
3f8a0800
3fb3d600
3fa26680
40487b00
3fa03a00
40246100
3f88e600
4056dd00
3f76ae00
3fdc9600
3fc02a00
3fe37a00
3f75ce00
3fb50200
3f427300
40137a00
3f450c00
401b0d00
3fcd2000
4064fc00
3f87b980
40605b00
3f80eb00
402fa900
3f412a00
40178400
3f3a4b00
3fb64400
3f555800
404f0d00
3f6a0b00
3fe66600
3f8e0a00
3ffdf200
3f10ad00
4033f300
3fa77f80
3fcefc00
3f6ee400
3fd3e800
3f317400
4003d300
3ff53900
401bf300
3f893600
40253100
3f7e1c00
40115600
3fd10a80
3fe67200
3f130200
402d7a00
3f619c00
402e2100
3f343000
404f6800
3f9db980
4000a600
3f836480
40043900
3f0dde00
4037c600
3f3b3d00
40752800
3f792300
4027d400
3f2e5700
3fa97400
3f6dc700
400dbb00
3facdf00
3fdd3a00
3f191400
401c7e00
3f46ff00
3fc6aa00
3f52d700
40287e00
3f890400
3fd31400
3fbc3a80
4000d000
3f430000
4027a800
3f99a800
3fe22400
3fb1b280
3fc3ec00
3f72fc00
3fde7600
3fc0b400
3fea7000
3f802880
40078400
3f33dc00
3f982800
3f749300
4015af00
3f279300
404e9700
3f62ab00
401a8000
3f1de200
3fed0400
3f912380
40113c00
3f929280
3fff7e00
3f8ed900
402a1400
3f5c0400
3fdb8a00
3f648700
40690700
3f799a00
3fa80c00
3f6ee900
3fde6000
3fc17180
3fb29800
3f86bf80
3fe08000
3fadf280
402ce600
3f985480
3fe96800
3f764100
3fe68c00
3f3d8200
40149900
3f6a2700
40378700
3faa2000
3faf1200
3f485b00
3ff62200
3fbfdc00
3fd8f600
3f173600
3ff5b200
3f83cc00
40586100
3f8e9400
40015d00
3f26e000
3ff1da00
3f080200
4020e000
3f3a5b00
404e6f00
3f93b500
40073d00
3fb29b00
40057d00
3f377c00
40100c00
3f60e600
402e1400
3f6e4000
3feac000
3fd59c80
3ff99e00
3fc15f00
3ffa6c00
3f67e100
40775300
3f828300
404a8300
3f497d00
40328100
3f3a2400
3ff22400
3f37a200
401f4f00
3f3baa00
403b3900
3fadfd00
401c8d00
3fcf5a80
403f2100
3f46cf00
403ce400
3fa61200
3fb66400
3f84ef80
40030800
3fa2df00
40581800
3f8bf980
3ff6b400
3f4c7000
3ffa1400
3f5d4700
40598b00
3f5cbb00
3fa4e200
3f5e0800
3ff99800
3f5deb00
402f1d00
3fa4ab80
4022a300
3f98e900
40063a00
3f8e4900
4010e900
3f32e800
3fa2ea00
3f8df100
3f991200
3f8d7d00
400bc400
3fa8e080
400e5700
3fa9d800
40026900
3f71ac00
40001900
3fe47e80
4057a000
3f894080
4022e000
3fae4680
403edd00
3f917300
400f3c00
3fb81000
3fc68000
3f8fba00
404bb800
3f54f600
3ffe2e00
3f0e7100
40146100
3f403500
400f9400
3fdb3100
3fe87600
3f85f400
3fc1b200
3f969680
402e8500
3f4d8000
40238000
3faf6c80
407a6e00
3f7d1f00
4007fc00
3fe58900
4005c100
3f4c2900
3fcda200
3f829f80
40070300
3f3ca800
3fff6600
3f09b000
40520d00
3f65c700
3fed0000
3fcbc480
3fc9fe00
3f8d2c80
4005c500
3fee6280
3fc97e00
3f261200
403b2800
3f647400
401a2b00
3f6b9100
404c6700
3f90f980
3fef6a00
3f131800
3fa0bc00
3f988880
3ff5fa00
3fe24880
3ffdea00
3f426e00
3fc87a00
3f2af200
4035dc00
3f6c0a00
40274600
3f8c7400
3f991200
3f8ef600
40520f00
3f80fc00
40234300
3f6b3400
3ff4fc00
3f507200
40410400
3f50f600
3fe6be00
3f880500
407b5e00
3f806b80
402e4800
3f694000
3fb77200
3f7fca00
4014e800
3f958c80
40699d00
3f7bba00
3fe80200
3fbaa200
3fc00200
3f561300
3fee1a00
3feb2e00
40202a00
3f7f4800
40665500
3f85a200
3fdd8c00
3f393200
40115f00
3f6e3300
3fe9c600
3f2a5800
4019da00
3f4e7500
3fb1e400
3f67e300
40091600
3f0a4e00
40038e00
3f5d2f00
402c3300
3f78cc00
3fb5a200
3f5ae300
40487300
3f7ca800
3fca8e00
3f88ac80
3fcd2600
3f867f80
4026c400
3f736800
40061300
3fe87a80
4002f100
3f599700
3fff0600
3fd51000
40432000
3f9d8c00
403f9700
3f748300
401db800
3fb67f80
4004c100
3f949d00
4065b000
3f6a2100
3fdc5400
3f5f0000
4009b900
3fb42e00
3ff9be00
3fc81c00
3f8c5800
3f791b00
403bc700
3faadb00
3fada000
3fabd800
40410e00
3f943700
400bd700
3f1dff00
40149100
3f75a200
4022ee00
3f5d1600
400a6d00
3fab2400
4023d800
3fafc880
4003e800
3f388800
40182b00
3f63da00
3fcb1800
3f7d9400
400efd00
3fb13f00
4014b600
3fc34980
3fb7ac00
3fa70100
404d5f00
3f795600
4019d700
3fb38e80
40183400
3fc91a00
3ff28800
3f983b00
3ff83a00
3fc54500
3ffc5000
3f864480
4012bb00
3f956e00
40729400
3f7d1f00
3fcefa00
3f4a3f00
3fd34c00
3f9a0900
40176e00
3f20a300
40177900
3f8f8080
400aa000
3f6c9100
3fcd6e00
3f3ee100
3fda7e00
3f9c8780
3fc19200
3f7c6400
4021b000
3f70c000
3fd4ce00
3f63b100
3f9cde00
3f929600
40476800
3f68d000
4057cd00
3f755a00
3fcf8600
3f24d600
4037d900
3f8e7b80
3fdef000
3fc64480
401aea00
3fa1dd80
40425f00
3f561900
3fc2e800
3fb03100
4028f300
3f88be00
3fd7f800
3fabee80
40120d00
3f19fd00
40482a00
3f917e80
40415a00
3f4be200
4022a700
3f8c4200
3fe1a000
3fd4bc80
4053e900
3f8ea680
3fe1ca00
3f2c7800
40075500
3f6e8600
3ffd6600
3f971f00
3fced200
3fb0d880
40029800
3f0dd600
4014be00
3f954500
3fea4400
3f772700
40107100
3f3a8c00
3fafa400
3f84ef80
3fc07e00
3f61a900
404d5600
3f89dd00
406d5d00
3f876d00
40138400
3f425300
3f980400
3f8f5b80
3fd66a00
3fc8f400
3ffdb600
3fc26700
40369100
3f4e6900
402a3d00
3f40ca00
40069f00
3f555000
40452d00
3f6c5300
3ff04e00
3f3d9e00
401aad00
3f55f400
402b0900
3f92d880
402e7c00
3f7f4800
3fe5dc00
3f475000
4011d400
3f211300
3fd9f200
3f5d8b00
3faecc00
3f876d80
400e7600
3f842400
402c6e00
3f4d1f00
3ff67000
3f9b3180
3fc00400
3f367800
3fb0aa00
3fae2780
40127100
3f5f8c00
3fe55c00
3fe51400
3fd72600
3f971580
3feef200
3fd9cc00
3ff11200
3f2c5e00
3fe1cc00
3fdde180
401cea00
3f1f4700
40112c00
3fc3fb80
40049600
3f5d5000
3ffbcc00
3f298600
40011800
3fcfb580
402a5e00
3fbe2700
4037ad00
3f853a00
404fc600
3f906b00
40508e00
3f55ae00
402fa000
3f56b000
40434500
3f991180
3fc96200
3f31a000
4014c500
3f553700
3fd92a00
3f9fb980
40274a00
3f3fef00
403c6e00
3f405100
3fd13c00
3f37c600
3fcc2200
3f281a00
3ff8b400
3f854780
40089800
3fd6e680
3ff32400
3fa02580
40551d00
3f60c500
400f1c00
3f5d5600
3fdfa000
3f9f6d00
404de600
3f69e600
40173a00
3f809400
3fc2d000
3fb22e00
3f9a9e00
3f568e00
3fd52600
3f997680
400aec00
3f4f9b00
40128800
3f529100
400bdc00
3f854d00
4041d400
3f5c3800
3fe3a600
3f80a700
405a7f00
3f8d6700
400cab00
3f553500
40529600
3f8ac080
3fdbb600
3f29f800
400d5d00
3f99d780
400a9000
3f1cc900
3ff63600
3f8dae00
404ec700
3f834f00
40392200
3f8cf380
4020d600
3f49bb00
4004de00
3f109200
3fb45a00
3f8be700
4042cb00
3f86cb00
3ffaac00
3f4c5400
40198d00
3fcc0680
3fdf6800
3fccf580
4024e200
3f3fcb00
40114400
3fce1b00
407a3200
3f805a80
40131800
3fd10d00
40034500
3f6c1a00
40323100
3f852600
40281c00
3f455700
40166e00
3f654900
40201000
3f67b000
3fb0d600
3f663000
401cf200
3f5e5900
3fec5800
3fad2080
400d7000
3fa55800
40067300
3f86ac00
401cea00
3f842c00
3fe09200
3fa12680
40118d00
3f3c1f00
3ffa5000
3fda4c80
40062500
3fd83900
40166f00
3f6ed500
4038b700
3f8e8500
400f5b00
3f7fac00
40031600
3fe70d00
3fc79800
3f34ca00
403ab800
3f947880
40117000
3f818400
404acc00
3f901980
40274e00
3f4bfd00
3ff05e00
3f911800
3fd4ee00
3f8d9780
3fabea00
3f577600
40354a00
3f81e800
4039cf00
3f73f400
400b0e00
3fbd8380
40111100
3fa5e780
4024a400
3f9e0d80
40351600
3f8aa800
3fb78400
3f7bd300
4012f400
3f476c00
3fa36800
3f5c5500
3fad5000
3fa33300
3fef1a00
3f240000
40032400
3f8a9480
3fd41a00
3fc48000
3ff5a400
3f999480
3fed0200
3f994880
3ff73e00
3f5b9200
403ce800
3f846800
4007a100
3f4fd700
3fe93a00
3fe0db00
3fee0800
3fe2a800
3fc7e000
3f66de00
3ffe2800
3ff45980
3fed9800
3f3e7800
400b7800
3fa0ce80
40094c00
3f164d00
3fea4e00
3f150300
403a0b00
3fad4000
404f4d00
3f522b00
4055bf00
3f8ecd80
3ffe9a00
3fe24500
401ac200
3f8fb400
3fdd3200
3f452b00
4001e700
3f107200
401c6c00
3f236000
3fab0000
3f661300
40004e00
3f833680
3fc63a00
3f914b80
4009a100
3f7e9c00
3fe7ca00
3f393e00
40252d00
3fb28980
3ff63a00
3fbf7300
3fe19600
3f820000
4006be00
3fba3980
402fbb00
3f37fe00
401cd000
3f73e000
3fbfbe00
3f975a80
403e6c00
3f88bd80
405f5c00
3f8d6f80
40100200
3f6df500
401d0d00
3f346e00
40002d00
3fa1ef00
3ffbca00
3f14e600
40063700
3f0bc900
404ee700
3f696900
40298200
3f812000
40050300
3f5d7000
40507b00
3f8ce980
401e6900
3f607800
3fe5e600
3f3d3a00
4036ed00
3f55e700
40511f00
3f876d00
40011e00
3fd77600
402de000
3f8bc000
40001500
3fb9db00
3fdb1200
3fcecf00
400ca000
3fcb2500
3fef9a00
3fdba480
401bd900
3f630500
40111d00
3f2fcf00
402ee400
3f635400
40644800
3f769d00
3fd5d200
3f257000
3fb42c00
3fa7c300
3fc2e000
3f631e00
40190800
3f4ec900
40237e00
3f4d3d00
3fe5c800
3fa6de80
401ca900
3fbecc00
405d3100
3f7cca00
4000b300
3f50d700
3f94c800
3f914880
3fcf0400
3f383e00
4017b200
3fb3aa80
3fe6e000
3f996f00
4043e500
3f6e7900
3f9ca800
3f7f7300
3fd56c00
3fa7fe00
4015a300
3fd70780
3ff5de00
3f813100
4056dd00
3f81c800
40536c00
3f8ea280
40251b00
3f2fee00
4037cd00
3f4eff00
4014d600
3f375b00
400ce800
3f11a200
40014200
3f1a5e00
3ff07000
3fa10b80
3ffbd600
3f1c8000
4014a100
3fd23500
3f9b9a00
3f870800
3fd54200
3fcb1900
40026800
3f21e700
4034cc00
3f525400
3fee3800
3fd99680
400a7b00
3f1c3800
403ad200
3f60d200
4021c400
3fb32e00
4015cc00
3f8eef80
3ff4aa00
3f83fa00
400ccb00
3f525a00
400e5e00
3fb3d080
3fe6b200
3f3e7e00
3fe62400
3f6ba700
3fd69e00
3fab6e80
4012bf00
3f33fe00
40066e00
3f965d80
3ff3ae00
3f0d4e00
3fc56c00
3f8faf00
3f9fd200
3f625600
403c6600
3f7ae800
40165700
3f2a8700
402c1600
3f35a700
3ff9bc00
3fb64b80
3fbfd400
3fac5600
3ff2c600
3f6a2000
3f977400
3f7ddd00
402c3c00
3f407700
4003bb00
3f035e00
40279f00
3f4bc000
402f8000
3f382100
4030d700
3f38da00
3fc8fa00
3fb7fa00
3ff1d400
3f12ce00
3ff9bc00
3f8de780
402fb400
3f725000
405c4600
3f941800
4022db00
3f813e00
40201500
3f9dbe00
4006a000
3fe53a00
40189900
3f5a9300
3fce9200
3f878180
3f95c400
3f6a9b00
40110800
3f7a0000
3fef6c00
3f780d00
3fcac600
3fb4bd80
40024200
3fafec80
4005ef00
3f7a1e00
3fe3d800
3f150800
3fcc2200
3f606300
40352300
3f6e7c00
3fd7a400
3f5e8800
3fc08800
3f38a200
4012fe00
3f387300
4019eb00
3f66f100
3fff9a00
3f4e0000
3fd64400
3fa63200
40082f00
3f926100
3fe5ea00
3fc0e100
403b4b00
3fa19a00
4030a000
3f4b0300
402a2700
3f3aec00
3fb78c00
3f9f5600
3fcb2000
3f44be00
4021ce00
3f37a100
3fee4e00
3f582800
40262900
3fabc500
40659200
3f8d2b80
40318100
3fa07c80
40088900
3fddc480
40148600
3fc90180
4031ea00
3fb31b80
40486900
3f8f6f00
3faaee00
3f81b500
40059500
3fe17a00
4071a400
3f741700
4003df00
3f898c00
3f86b800
3f750700
3fee7400
3fa1b680
3ff2a400
3fa6b480
40412c00
3f816800
3fc9e400
3f758800
3fd7d000
3fc84c80
402e7c00
3f86c000
4029bd00
3f48fa00
3f981600
3f8a3400
3ff9d800
3f0d2b00
4001d100
3f458600
3ff53000
3f317e00
401cbe00
3f4a5d00
400d0f00
3f98fc00
3ff8aa00
3fc92f00
3f9d9200
3f958800
402de800
3f470900
402a0d00
3fa98680
40109000
3fa82e00
3fa52a00
3f83dc00
40346000
3f892c00
40691600
3f76bf00
40208e00
3fb40480
401dad00
3f8ab200
402b9b00
3fb29380
3fcbbc00
3f32c800
3ff37200
3fcebf00
4016c000
3fc72300
3fdc2800
3f551200
4019d500
3f248b00
402f5800
3f4bd900
4016c600
3fc66c00
3fdbea00
3f6db800
4053ef00
3f69c500
3fd43800
3f703a00
4055a200
3f6ff900
400e2000
3f32bc00
40323000
3f405900
40059b00
3f0ef600
3ff51600
3f2bc200
400cbc00
3f61a200
3fe67c00
3f8efb80
40433100
3f6a3100
400f9000
3f5d1b00
3fd14200
3f77f600
3fe08600
3f52fd00
3fbca600
3f7dfa00
3faa0400
3f83cd80
40040c00
3fae1c80
40206b00
3f6b0c00
3fc46000
3fa1f700
40272c00
3f7bd800
40017700
3f8e4f00
403e1500
3f689500
402b2100
3f9b4e80
3f8a2a00
3f848a00
4057cd00
3f704e00
40702d00
3f847000
3ff5b200
3f580100
3fc1b000
3fa26a00
400d7000
3f938f80
3fab8400
3fa66e00
40052100
3f9bb000
402fb400
3f864800
400ea400
3f1e2c00
3ff8b800
3f20bb00
3ff24200
3f546200
40127400
3f80bc00
3fdf2e00
3f822e00
40052900
3f089e00
40674500
3f6e7200
3fd6ee00
3f737800
402c5800
3f4bbb00
400ff900
3f8cba00
402c8e00
3f40a100
4023b000
3f379300
3fa0f200
3f6ba000
403ab300
3f91c180
3fcbf400
3fb6f980
40292300
3f9c1200
401d5f00
3f714c00
400c8e00
3f55b200
3ff49400
3f8a4f80
3ffd4400
3fab3780
3fbcfe00
3f672900
3fcda800
3f5c1200
40094900
3f581600
404ca300
3f648500
402f4000
3f46ab00
40147b00
3f6d2700
403afa00
3f4aee00
4070f000
3f86ed80
4010ae00
3fb6f980
4044cc00
3f507c00
3fe3d000
3fbb2380
406c8b00
3f6d1e00
4007fc00
3fe19580
4029ea00
3f770000
3fba0c00
3f839380
4020d500
3f465800
3ffd6e00
3fc93e00
40000c00
3f888380
4009cd00
3fcc9d80
405abb00
3f788a00
3f970800
3f5ba700
4042ee00
3f5e2a00
40179700
3f9d6b80
3fdd2200
3f37ca00
4007a200
3fee0000
40076300
3f2d1200
3fb32200
3fa6c980
3fcbfe00
3f256200
40096700
3f1dae00
4024bd00
3f9e6700
4040e300
3f9c7480
4050dc00
3f964b00
3ff89e00
3f828a00
40472e00
3f918c00
4033ec00
3f8ba480
3fd9cc00
3f9eff00
40401500
3fa3ef80
3ff3fa00
3f940f00
3f874800
3f7d2f00
3ff25e00
3f10aa00
401c0f00
3fb1ea80
3fe8d800
3f32c400
40212100
3f780400
4063fd00
3f8f2100
4010c800
3f5efb00
404c5e00
3f89bf80
3ff79800
3f17e300
3fe55a00
3fc06d00
400b3200
3f5d4700
3ff31800
3fd4ac00
402dee00
3fa03700
40298100
3fb15e80
40308a00
3f304100
40171d00
3fad1e00
400b5500
3fa58380
402e9e00
3fb2a180
402cee00
3f619200
4027c800
3f8e5400
403b0400
3f8a4280
403a1200
3faaae00
4027e200
3f65a800
3fd73000
3f844a80
3febc800
3f162a00
40176900
3fa85a80
3fa62600
3f503600
3fe17800
3fbe1b80
4032f400
3f9be800
3fe2e200
3f465400
4018bd00
3f52d700
40339a00
3fab9700
4006c300
3f6c9600
40055000
3fdcb700
400b8500
3f818d00
40022c00
3ff83480
3fee0c00
3f84a680
4007b700
3f283c00
3fcef800
3f3f9a00
3fe69400
3fd43180
3fe65c00
3fbdd680
40265b00
3f4e3200
3fbf2a00
3f90d580
3faddc00
3fa77e00
400cf100
3f5bfd00
401a9000
3f28db00
3feade00
3f55f900
403cba00
3f4e8a00
3fd27a00
3f925b80
3fdf7800
3f14d200
3fb7b800
3f5fba00
3ffece00
3f8fbf00
401dba00
3f6c1000
3ff37400
3f2f1200
402fe800
3f6e9000
3fb5b800
3f665a00
4041ae00
3f6ec000
3ffee400
3f8c6080
3fa58800
3fa10f00
4022e800
3f9f1600
40246d00
3fa08d00
403c8000
3f818400
3fbd7800
3f8eeb00
40013900
3f09d600
3fe8a200
3f56e300
3fd16a00
3f8fb680
4018a900
3f253000
40408f00
3f6f1b00
3f99a200
3f82ba00
3fe50400
3fc81680
401c0400
3f904380
3fcbb400
3f878900
4015bb00
3fadc680
4005fa00
3f874180
3fc4ca00
3f48e700
404d3500
3f908380
3fd99800
3f7d9f00
4034cc00
3f8def80
3f97aa00
3f66de00
3ffa0200
3fcbc100
405a1600
3f790100
4008f500
3fb9c200
40321900
3f618100
4006cc00
3fb4a580
3fe90600
3f464400
3fd4f600
3f5b9500
403ae100
3fa03400
4043cd00
3f697d00
3fa5f000
3f741f00
40030700
3f01c800
401c5b00
3f87ba00
401a2c00
3f73e000
400e0a00
3f5c7c00
40216300
3f34de00
40026e00
3f1a1e00
400bf900
3f691300
3f8aa800
3f71db00
400aa800
3f2e9100
401a7c00
3fb2de80
3fe2f200
3f316200
403f2a00
3f8ff880
400f7b00
3fa5f880
40294e00
3f87ec00
40549400
3f806b80
4028f400
3fbc4d80
40353d00
3f944e00
4000a000
3fbef080
400c1000
3f1ba500
4055de00
3f821480
3fee2200
3f8fed00
404e7100
3f94cb00
40053800
3fdf9300
3fc15400
3f3f6000
4005b800
3f7b4900
3fae4e00
3f65f600
40244500
3f31de00
4017f200
3f9e3900
3f9a6800
3f8ca380
40416100
3f9bd800
401e1a00
3fc0cc80
402f9400
3fa74280
40409800
3f44fc00
401b0900
3f886e00
3fdbd600
3f38a400
40107200
3f21f400
3fcd7c00
3fa5dd00
4058cc00
3f879780
4000b500
3f21f300
40055600
3fb68080
405cc800
3f875380
4022b700
3fc42300
401f4d00
3f833200
3f894000
3f757b00
40195b00
3f6dc300
3fd9ec00
3f545c00
3fdda200
3fa25c80
40209f00
3f8a4e00
4016ec00
3f434500
3f907e00
3f77a200
401b1f00
3f220f00
3ff93000
3f0b4c00
40514c00
3f884180
3fca6e00
3f28a400
3fe65000
3f19de00
40092e00
3f58b800
3fb49a00
3f961580
3ffae000
3f11db00
40087100
3fed9c00
3f901200
3f834b00
40094c00
3fb7dc00
40192b00
3f8cdb00
40157d00
3fa2e000
3fc17e00
3f6a8900
40016000
3f522500
4063d000
3f6a4300
40138500
3f676f00
40626800
3f88eb80
3fc7b600
3f807780
3fc9ce00
3fb50f80
3faf9200
3f872500
4024fd00
3f8c4200
40261f00
3f437c00
3ff34200
3fd46d80
3fdcfa00
3f99fd80
4010a500
3f48a400
40009100
3f310000
3f9fe200
3f9fcf80
3fcb9400
3fa77e00
3fb07c00
3f906080
3ff5ca00
3fa2c400
4029fc00
3f370d00
3fd94000
3f4d4e00
3ff12400
3f86a080
3fd63800
3fa2db00
3fa37400
3f52d000
3ff12400
3f5f6f00
40497c00
3f5b0600
3ff47a00
3f143a00
40117d00
3fa1b600
40334f00
3f71ec00
4000ef00
3fbeca00
402d5600
3f56a600
40367c00
3fae3b80
400f2800
3f85f200
3fd91c00
3fb4c880
3fdd9800
3f35dc00
4031af00
3f80ee00
402cdd00
3f429200
3fc54c00
3f4bcc00
3fca5c00
3f340200
400d2300
3f889380
3ffae000
3fb7dc80
3fe71800
3fc70280
4078bb00
3f829400
3fe16c00
3f960100
400ade00
3f25a700
4001c300
3f56b700
40460300
3f72bb00
402dc200
3f5ba800
40414100
3f639500
3ff8b800
3fcc3880
400cbe00
3f55b800
402a4500
3fa13700
40089200
3feec200
3ff7da00
3fd18b00
40145f00
3f48ad00
40138200
3f64a200
3fac0e00
3f709c00
401e9300
3f638100
3f942600
3f764600
402cc400
3f3a0100
3fec3e00
3f23de00
404ad000
3f5b5e00
40220200
3f581700
3fd12a00
3f661700
400f2e00
3f1fcf00
4033ad00
3f4d6000
3fe28600
3f1f5400
400a6900
3fb46280
3fc54200
3f969180
4042e500
3f9d1980
3f8ba400
3f895a80
400ae100
3fd73200
3fc91200
3f68db00
402b2500
3f9b3300
3fdfc400
3f5f5800
3fbfe600
3fbee900
40568b00
3f60ff00
40322000
3f9deb00
3ff20a00
3f510200
4026e400
3f9d8f00
405e4e00
3f895180
40160a00
3f9b4280
3fc51000
3f71f600
3fce3000
3f2a1e00
40388400
3faf3e00
3ff5d600
3f0b7300
3fcd8c00
3f476c00
401a3e00
3f6a5b00
400d2d00
3f130b00
40193c00
3f974580
40168400
3f9d7b80
40260f00
3fbd7c00
3fda5400
3fac8980
40119400
3f884300
402c6f00
3fae3e80
4008fc00
3f83ee80
4044b700
3fa47080
4011f200
3f619100
40142000
3f93a780
3fd0ba00
3f74ff00
3feda200
3fe04400
3fed0400
3f661500
3f99fc00
3f83cd80
3fde2600
3f7f2600
3ffac400
3f5d7500
40084d00
3f921200
3faf3800
3fa2cf00
400d1200
3fd15180
3fc48400
3f2ef800
404bd900
3f829400
3fe86000
3f6aef00
4008e300
3fb4f000
401cb700
3fcb7a80
4033d800
3fa3cc80
40052600
3f0beb00
3fc47c00
3fb9db00
3ffb7400
3f82f180
40156600
3f81c000
401a2500
3f582f00
40291900
3f45aa00
40130e00
3fa14d00
406ed400
3f6fb500
3feb3e00
3fad3600
3fcaae00
3f8ca080
3f9eb200
3f6cc200
401d0f00
3fba0400
4053f900
3f68a700
40287200
3f964600
3fc74e00
3f813d80
406e2f00
3f762600
40015700
3fd25d00
3ff2dc00
3f9feb80
40073100
3f90cd80
400f3300
3f505b00
405a1600
3f6e1d00
40049a00
3f822280
3fbfb600
3faa2d80
4007e900
3f865000
3fcb4a00
3f6ca700
4059f800
3f8a0c80
40561a00
3f827a80
40127700
3f9a0080
3fe86000
3f6aef00
3fb57a00
3f79ac00
404f4e00
3f7e0d00
3ff21a00
3f3ee400
400d4000
3f366b00
4066dc00
3f866580
40110800
3fe2cd00
40290000
3f874c00
4025da00
3f781800
40110e00
3fd48a00
3fdc9200
3f3de200
3fe65c00
3f9d8f00
3f925200
3f865a00
40118100
3f5f6e00
4056bf00
3f801f00
40034800
3f377600
405a9d00
3f815100
3fdb6000
3f34ea00
4011b000
3fd34d00
4027b900
3f4bc400
3fd06000
3f415e00
3ffb9a00
3f05e100
40178f00
3f203b00
40250a00
3f777800
401b7c00
3f41ad00
40086800
3fc69b00
3fe43c00
3fb89080
401e1e00
3fb1b780
3fbcc200
3f4c5300
3fdec000
3f9a0b00
4011bc00
3f3cef00
3fb04e00
3f4d3100
3fbc8a00
3f8e4e80
3fdbba00
3fad5700
4002ab00
3f6bbe00
3ff87a00
3fa87e00
401e8a00
3f8abc00
401e0200
3fb53100
402c3d00
3f5add00
3ff20000
3f867280
40286400
3f7b1000
3fb25000
3f883880
3ffb4800
3f90f580
4032a800
3f9b9680
3fc59800
3f556a00
400ffa00
3fb7e580
403d7900
3fa96900
3ffdc800
3ff86000
4060f100
3f8a5900
4022c300
3fc11780
401bf400
3fa4b000
400c6700
3f125300
3fd4f400
3f805680
3fe7f600
3fb8a700
40168000
3f45db00
4015ae00
3f978b00
40520300
3f9ade80
406d3f00
3f864c00
3fa54e00
3f8d0900
40227f00
3f462400
40032b00
3fb28600
3fc9d200
3f8e8c80
3fd1e200
3f728300
40079c00
3f7c2f00
3fe86000
3f8da280
3fa4f000
3fa0db00
4047da00
3f752a00
4033d800
3f912980
405e9500
3f60b300
3fee1c00
3fb33e80
40024a00
3fe5f480
3ff6a400
3f5b7b00
3fd16c00
3f279a00
40087a00
3fd29280
40055500
3f793800
3feeb200
3f416200
403f4b00
3f99b300
3fb6f800
3f92a000
40485600
3f743400
4000e200
3fec2800
3fe53a00
3fcca100
3ff4c000
3f896980
4016ae00
3f899b80
3ff96400
3f998d80
3fda0600
3f793800
40004900
3fef2500
3fa30e00
3f920500
4064b100
3f898d00
401d5200
3f654900
4036e900
3f55a700
3ffab600
3f063e00
400d7800
3f25eb00
40401700
3fa50580
402ea300
3fb8f680
403f4500
3f765b00
403dba00
3f8b8900
3fe04a00
3f1ac800
40160900
3f609200
404afb00
3f50fd00
403d5000
3f403900
40601f00
3f7a8800
4025fa00
3f527100
3fcbaa00
3fb66b00
4014c300
3f3ea200
40082900
3fddea80
3fb89000
3f607600
40030400
3f031c00
4031e600
3fab0c00
401d1800
3f62d100
3ffada00
3f8eab00
3fd2e200
3fbcb800
4020a300
3f489c00
3fd2a800
3f429200
4034de00
3f375900
40196e00
3f4bd200
40038b00
3f4c9a00
403baf00
3facdc80
40043600
3f055500
40074200
3fd0cc00
3fea7000
3facb980
3fe41200
3fe19800
3fb55400
3f402000
3fd66800
3f3aaa00
403d4b00
3f69e500
40081300
3f9fa100
3ff68400
3fae8580
3ff99c00
3f39ae00
40040900
3fee3980
402d2500
3f94bd00
40001f00
3f124b00
3feade00
3f900400
3fdd0a00
3fbbff00
3fced200
3f2c7400
40399900
3f8ae100
401b8b00
3f721400
3feaa400
3fb6c380
4042d400
3f53d400
3f920a00
3f83bf00
3f972c00
3f8e3980
3f84ae00
3f81ef00
40335e00
3f4e9e00
3fdd8c00
3fb5c480
40443700
3f50c100
3fdac000
3f26f200
40081600
3f90a900
4022ce00
3f8b7000
3ff26e00
3f835900
3fdcea00
3f679700
3fa90800
3f940080
402f4c00
3f6ff800
40060f00
3f683100
3fcf6a00
3f85b580
3fe7b800
3f1a3000
400edf00
3f581100
401f2500
3fb48600
40014800
3f019e00
40033100
3ff55500
3fd2b800
3f364e00
3fef4c00
3f3dee00
4062a400
3f633900
401b7400
3f989f00
3fb34c00
3f861180
404c3e00
3f4bea00
3ffdf800
3f1df200
3fc38000
3f98de00
4066be00
3f7c5300
403cf500
3f5bcf00
401a3e00
3fc6be00
4007b900
3f9e2f00
40689e00
3f862180
4060d300
3f630600
3fe97e00
3f796600
3fc06600
3f5f0d00
4028e100
3fb70700
40437800
3f66ca00
40688f00
3f8a0400
40446400
3f73cc00
3ffcde00
3fd2f300
3fd69600
3f828a00
40138d00
3f8af880
3fc7d600
3f3d0500
40004e00
3f5ba100
3fdaf800
3f831f80
3fc01800
3f7da300
4008dd00
3fc99980
40448d00
3f80c400
3fc49400
3f903e00
3fff0c00
3f1d3700
4018c500
3f459000
3fbcd400
3fa42400
3fcbc600
3fa68c80
4057a000
3f6e3f00
3fb88a00
3f470700
3fb6c800
3fae2100
403f2800
3f6e7200
3fec3c00
3fce6380
40111c00
3f84c100
4014a200
3f3d4b00
3fc8e400
3f510800
403bba00
3f3c8900
40064900
3fee7680
3fe02600
3f946d80
3fa1dc00
3f9acc80
40006300
3fa06e00
3fe88c00
3f741900
3ff35600
3f22e800
404fe500
3f4f7900
3fd9ac00
3f192c00
40269300
3fb32200
40591d00
3f926200
3fd90c00
3fa8b600
3fe8ce00
3f815f00
40052f00
3fb6be00
4017a700
3fd4d200
40220500
3f227c00
40351e00
3f656400
401f2400
3f957880
3fc52c00
3f5dfc00
4000f100
3faf6c00
40028400
3f4baf00
3fb1cc00
3fa1ff00
3fdb2c00
3fbd3e80
401ff000
3f3c4700
4011b800
3f8d9500
40068500
3fd8a380
4076ae00
3f820380
40535200
3f8d6300
40442e00
3f8c5c00
3fe41600
3f3f6c00
40504f00
3f545b00
3fcd6600
3f3ced00
40391900
3f849a00
40048d00
3f5d8600
402b8300
3f422200
4034fc00
3f897c00
40158900
3f8f4f00
3fdd9800
3fc36780
40402a00
3f75dc00
4002e000
3fd53680
402a0700
3f3ff400
400be300
3f248500
401bea00
3fb08700
40799c00
3f82ad80
403d9f00
3f587f00
40387100
3f6e2700
4002a700
3fc32b00
401f7f00
3f9fba80
4019eb00
3f737c00
3ff8fa00
3f1d9000
3ffafe00
3fc70300
4028e500
3f2dc200
40368600
3fb2ba80
40240600
3f65f800
40118300
3fda5b00
3fedb400
3f683d00
3fdffa00
3f555f00
3ff5a000
3fd86780
3fbcc800
3f5da200
3fc0f200
3f6ceb00
4043fb00
3f961b00
4021e400
3f2b9700
4018eb00
3fc21000
40288200
3f32b100
4051f100
3f82a500
3ff7c400
3fc7a680
3fd08000
3f2b7600
40265c00
3f8b9800
4007ff00
3f95f480
3fb35e00
3f8f4d00
3fa00800
3f9aaf80
40205e00
3f85d000
3fe3f400
3f311200
40738400
3f85ff80
40231200
3fa2b900
4044f700
3f8ddd00
402aa000
3f97d700
400c5a00
3fa88500
3ffcb000
3fafee80
3f879000
3f83b080
4036d600
3f5c4e00
4023d200
3f7d9000
400b4100
3fd04600
40015400
3fd22800
40180800
3f42a300
4009f400
3f0eff00
4018e200
3f8c5780
4011ef00
3f3e0900
40159d00
3f197300
3fd6ee00
3f782400
403ff400
3f7f9800
40379300
3f87ba00
40355700
3f7b2400
402f6500
3f5ad700
3fa37a00
3f49de00
3fc44800
3f5e6200
402ed000
3fac8600
40255800
3f77c800
3fecb200
3f115100
40054000
3f927000
405de500
3f896b00
400d2a00
3f23c200
3feea600
3f942600
3ff05400
3f9f5680
3fa1dc00
3f664d00
40001600
3f14b300
3ff7ba00
3f4b7c00
3fb8fe00
3f877c00
3fe11800
3fb87680
40047600
3f4d3800
404bc100
3f59e100
3f9ee800
3f85ba80
404ed100
3f664b00
3fd77600
3f41d500
4031c900
3f7d5400
4015ec00
3f610f00
401e2e00
3f4ab300
4033bb00
3fa7a400
3fb76a00
3f9e8a80
3fbb3c00
3f4f0400
40169e00
3f821000
4001c400
3f3e6000
401ca400
3f9ed200
40185700
3fb86c80
404f2500
3f586100
4053c200
3f84cd80
3fe9c000
3f8bbf80
404f7700
3f5f3f00
3ffefc00
3f300000
40225900
3f744400
40251500
3fa17c00
4012f700
3fd97f80
40027a00
3fcac980
3fc64600
3f9d4d80
40124e00
3f615300
4000ee00
3f33bc00
3fedcc00
3fca7780
4031cc00
3fb5f480
3fe6c000
3f270a00
405aca00
3f71f700
40151d00
3fb2b300
401f1d00
3f3c7000
3fd46a00
3f9e1980
3fc6c000
3f784e00
3ffbc200
3f9e8200
4040ba00
3f762600
3ff17800
3f385000
3fda0800
3f676200
403d4300
3f6b2300
40038300
3f9c2700
3fe61c00
3f3d1000
40136100
3f58c600
40218b00
3f98a100
4077cb00
3f7e6200
40131e00
3fd4da00
3ff08a00
3f79f000
3fb02200
3f61e200
3fc91400
3fc67780
4014af00
3f8d2000
40154800
3fbe2300
3fd70600
3f1e8800
401fe700
3fb98600
3fb4c600
3f89dd00
3ffd2a00
3f989d80
403ea200
3f7cc800
40370100
3f635900
40155300
3f89b300
3fdb7800
3fb9c280
40434100
3f44dd00
4006cd00
3fe0fe80
40023e00
3ffa0300
402af300
3f974780
3ff5d800
3f9dca80
3fd62200
3f5e2300
403fea00
3f9bcc00
40018200
3f7d7100
40127300
3f13e400
40227a00
3f97fd00
3fe40c00
3fa7e680
402a7100
3fc0b480
400d0000
3fd40700
3fd61400
3fcac980
40347100
3fb26880
40007000
3f184100
40199000
3f74a800
40163000
3f73c100
40140300
3f48eb00
3fb04600
3f8ebc00
400a9000
3f924780
3fc13e00
3f8c9780
3fecc200
3f8a7200
40173f00
3fb66a00
3fec3e00
3f8f1e00
3faad600
3faa0280
402b3f00
3f550800
40100300
3f2d3800
3fc3d600
3f8f5e80
3ff28600
3f2d9800
3fe26200
3fa61300
4046b700
3f8c9980
40006f00
3f894700
4017f600
3f629b00
40295700
3f94b100
3fe72e00
3fcaa400
3fbd7a00
3f933080
40434400
3f5ad400
3fe5b400
3fcf4780
3fdd9200
3fa19f80
40189e00
3f699400
406ca900
3f722a00
3f9a3200
3f8c0400
404ed700
3f872680
400ba700
3f9cb000
40245200
3f95d200
3fe70400
3f984f00
40308800
3f952f00
3fd8d200
3f88d400
3f9d2600
3f8f1300
3ff14400
3fd8d800
401f0f00
3f42be00
402eb700
3f484000
3fe5f400
3f328000
40519400
3f6d0600
40146f00
3f830a00
400a4500
3fdc3c00
4000dc00
3f02e000
3fe0ba00
3f8a4400
402d1d00
3f7c3c00
40507c00
3f992780
40633a00
3f7f8300
40190300
3f24cc00
3ffd8c00
3fd19d80
3fde9400
3f87f980
40015f00
3f2ea600
40480300
3f593d00
3fe46c00
3f8bed80
3ffd4a00
3ff01380
405c9b00
3f8a1500
403b3200
3f6f8800
404e2800
3f6e0600
40035600
3f9b6e00
40168a00
3fa9eb00
40060a00
3f1e2100
3ff11400
3f46ea00
3f8a6000
3f778500
404c0a00
3f585800
40061000
3f178700
3fc67400
3f787000
3fbeb800
3f47ba00
3ff58600
3f8e9400
402d7200
3f586600
3fb6ac00
3f7fe700
40437600
3f632e00
4023ff00
3f21a400
404d6b00
3f631500
403f2a00
3f6cd400
40671800
3f844580
406d9900
3f822e00
40293400
3f84cc00
40509600
3f87af00
404b8400
3f941280
402bb500
3fad1d00
405f2f00
3f8eee00
40229300
3f3dc600
40035b00
3fe47980
40008e00
3f3bdc00
400b9200
3f2d8d00
40243a00
3f9c2280
4005b600
3f3d4400
3fc86000
3f625e00
402a4e00
3f944380
3fc43200
3f3dcb00
3ffe1e00
3f4fc600
4019e100
3f24c100
3ff16000
3f9adc00
404c1500
3f7c6400
3fe1e200
3f97e380
3fea7200
3fd86e00
402dd300
3f825600
3fd3b200
3f27b800
4000b100
3f665a00
40356900
3f381000
3fde9400
3fca0680
4010fb00
3f907980
40407900
3f99e300
400c5f00
3f3cc400
40394600
3fa7fd80
3fbe3400
3f8dff00
4045fd00
3f7dfc00
4013c500
3f8e1c00
3fa82400
3f51a800
40161500
3fd30b00
3ff7d800
3f953000
40440000
3fa10280
3ffd2a00
3f40a800
3fed5800
3f365600
40397100
3f416800
3f915600
3f7a9400
4011cd00
3f8d2100
3ffece00
3f8b4100
40453500
3f95ca00
3fd13600
3fa03280
4026bf00
3fbcd780
3fd30600
3f5f9d00
40066700
3fbe4c00
3ff6d000
3f8aab80
40171d00
3fad1e00
402b6600
3f40e900
4036b100
3f3a3600
404aaa00
3f61b400
40274000
3fa5fa80
3fd91400
3f789700
3fd98200
3f1e7c00
3fe4ba00
3f94f380
3fe78000
3fd0e380
405abb00
3f768c00
401f6f00
3f3e1800
40503e00
3f805a80
40198800
3fb55680
3ffe2200
3fd36780
3f997e00
3f81d200
40062500
3fc6b980
3fa21200
3f824600
3ff02e00
3f305c00
3fcf3200
3f704b00
3fdfa800
3faa5a80
4010ed00
3fb18a00
3fe9aa00
3f879200
40432b00
3f4a7500
40292500
3f537200
40498000
3f49da00
40679f00
3f76ae00
4078ac00
3f7a1100
4015a600
3f56d500
40045200
3fb53080
40141a00
3f49b800
40021d00
3fc45e80
4037a600
3f5eda00
3fe3f000
3fcc1380
404fe600
3f961800
4002d700
3f3b2200
3fd71c00
3f48b400
3fe51c00
3f6d1700
3fe8d200
3fb2b500
40523400
3f596800
40502a00
3f97eb00
40338200
3f361b00
40086a00
3fa68f00
405f9800
3f8f0780
3fe0d000
3f8e7180
3fffb400
3f3e5e00
3fe3d200
3f880500
400f2b00
3fdab800
401d5200
3f858000
4000e800
3f5e2500
3ffbcc00
3f281c00
40165c00
3fafeb00
3fd9f000
3f6ff700
400d4900
3f65cb00
4049a700
3f658d00
3ff9fc00
3f9ce180
3fb18a00
3f402700
401b7000
3fbe0380
3ffb4000
3fed4e00
4026aa00
3f83c800
3fe07800
3f7b4900
3fdf8c00
3f30ba00
3fe27200
3f8d5200
3ffa9200
3f261400
3fb63e00
3f969480
40248800
3f79f800
40044200
3f7ba500
3fe0fe00
3f324600
3fa81800
3f442a00
3fbd6800
3f43b200
3fd58a00
3f6ea700
40343e00
3f449100
3fdd4200
3fd25a00
40063300
3fb80e00
40138500
3f7e4400
405cd700
3f83e800
4043f300
3f967100
40448e00
3fa0e580
4041a600
3f526000
403a2f00
3f917300
3fe25c00
3f875880
40287500
3f28fc00
3ffbdc00
3fa2cc80
4026c200
3f2d0700
3fe9c200
3f3a8a00
4012f200
3f406300
3fff2600
3f799400
40171000
3f8f6580
3fd45a00
3fa74480
406a2400
3f8bd780
4009a600
3f3d3700
4006eb00
3f8f8c00
40239200
3f240b00
4045a400
3f43da00
40309800
3fa04700
3fdbd600
3f16b400
3fdccc00
3f95db00
400af000
3f0f7b00
3fd70200
3fc7d000
4011c200
3fa39c00
3fb41e00
3f914a80
405b1500
3f6a7600
3ffb2000
3fa0e980
4040fc00
3f788800
3fc2ea00
3f409700
40428800
3f8b5c80
3fbdfc00
3f849880
3fbea200
3f42c300
40076300
3f226b00
3ff4be00
3fbb0400
3ff25e00
3f383e00
405af700
3f6e0c00
4004b500
3f690700
400bd300
3f8d7480
4044ae00
3f812280
40351300
3f40bc00
40459300
3f862480
3fe8b400
3fa0a480
3fa3c200
3f90a900
400b3500
3fd36580
40068f00
3f49d200
40195700
3f1cce00
401b2800
3fccbb00
400ddb00
3f6e9f00
40514c00
3f7fa500
3fac6c00
3f427c00
40686200
3f884180
4007a800
3fdc5a00
40296800
3f69b800
40536800
3f741700
400d6c00
3fcb1c80
3fd10000
3fa3be00
3fa8ae00
3f78fe00
4028f300
3f686400
4004c600
3fb2ae80
3fd34000
3fc20880
4016c500
3f77b400
4056c500
3f5f6500
3ffc9200
3f790a00
401ed800
3f770000
40274f00
3f407400
40039100
3f159100
404f1900
3f595f00
4026c000
3f2c3900
3fb0ac00
3fa9c200
3fe0e600
3f860b00
401baf00
3f964680
40023c00
3f5e9900
404f7200
3f977480
404a1600
3f62e800
40355700
3f7da400
3fd9f800
3fcd6f80
40128500
3fdb3a00
40184300
3f242f00
402fd800
3fa41280
3fbf1400
3f8bf300
3ffd8400
3f74a300
3fba0200
3f4cb300
402ed600
3fa8f580
400f8500
3f8c9380
3f851a00
3f85ac00
3fede800
3f38ba00
3fdbda00
3f474f00
4057eb00
3f6c9600
4044c200
3f8f8100
40221300
3f45f600
4013a200
3f524600
4067f900
3f6cfc00
400d2200
3f468d00
403b0f00
3fad1300
3f82b600
3f7d1200
3ffe2200
3f144100
403c6c00
3f3e0500
3fd3ca00
3f67a700
40396200
3f9f5280
4020bd00
3f3e2e00
4036c600
3fa4c200
400b2900
3fd8c700
3fd5a000
3f61be00
3fc56800
3f4cf200
3f9d2600
3f4eda00
3ff37800
3f1b3b00
3fd88600
3f4e9d00
3fd50000
3f89ef00
3fa63800
3f983180
4047fc00
3f911600
3ff97c00
3f403800
40124b00
3f9e9080
406e2000
3f824780
3fbb1a00
3f838500
404b3500
3f512100
40222000
3fa5d180
40100500
3fa3d700
403a0100
3f46b100
404cf600
3f802780
3fe07e00
3f43f200
3fcec400
3f4c1800
3fefb400
3f1c4e00
401bbf00
3f7fac00
3fb3ee00
3f6c4e00
3f983a00
3f62ca00
40302c00
3f990c00
4020e000
3f95e200
401e0800
3fb04400
3fee3800
3f8d1880
40124200
3fa1fa00
40180200
3f5e4e00
3ff04800
3f7d4300
3fe36a00
3fdbcc00
40306a00
3f7e0800
4037fb00
3f735400
40207900
3f5b8f00
40161000
3f8b8c80
402ef100
3f76ec00
40215900
3f9d3580
40172900
3f1f3a00
3fcade00
3f2ebe00
40596200
3f8ad880
402b7000
3f890400
40306a00
3f8b7000
401d4e00
3f294700
3f954600
3f853800
40248d00
3f9e5480
407a2300
3f82a500
401a6c00
3f895100
40330c00
3f576e00
3fa21000
3fa2ce00
405aca00
3f73f500
40449300
3f514700
3fe1ee00
3f810300
400e3700
3f419700
40441b00
3f9cf380
3fed7e00
3fdd5480
4037fe00
3f8eaf00
3ff90000
3f094c00
4062a400
3f8f2980
4025b600
3f4d7700
403cde00
3f4f0c00
3fd96c00
3fc1fc80
40179000
3f37a900
40024700
3fd5f180
400e8900
3f2d4800
40296b00
3f54c000
40521300
3f990700
3fae1000
3f437600
3fc9f600
3fa63080
401cb800
3f437900
40203300
3f644800
405f8900
3f84d600
40226000
3fc0b000
40687100
3f73e400
40183a00
3f230a00
40572b00
3f936800
4067db00
3f6e7200
40098d00
3f6e3a00
4035aa00
3fa17e80
40628600
3f71f700
3fca4000
3f316c00
40634900
3f654800
3ff42600
3f906000
3fc65800
3f316a00
3ff01e00
3fcae100
3fd87600
3f8c9580
4013c900
3fbe3880
3feeb600
3fe1e300
401d5200
3fb47900
403fb400
3f8b5880
4012b300
3f970380
40004300
3f54ce00
4011a000
3f31ed00
3fc69a00
3f382f00
3fcbb200
3fc64f00
4028c200
3fb0b680
3ff49200
3f18c700
3ff5d400
3f23f400
40121500
3f84cd00
40611e00
3f82e080
3fcc0200
3fc20700
401ca900
3f879200
40028a00
3f79d900
3fde3c00
3f721f00
3fff4800
3f98c080
3fbbaa00
3f841600
40301c00
3f72c800
4008df00
3f38aa00
403e2d00
3f4ff300
403d9800
3f8a9f80
3ffc5a00
3ff04300
40272c00
3f691800
402be900
3f591900
40204700
3f5b6400
4019c400
3f53c200
40007900
3ff27500
401ec600
3fb6bc00
4029a200
3f5f5800
40559300
3f897c00
3fd65800
3f6aea00
40091d00
3f863900
3ff86000
3f434800
40064900
3fd90380
401f2200
3f532300
40383500
3f977d00
40500200
3f78df00
402b8f00
3fb18980
3fb3da00
3f3e6f00
3fac3c00
3f5c2400
40181700
3f4f7500
3ffc8c00
3f4fe400
40099300
3f38fc00
40078d00
3fb43e00
400d0000
3f8ae980
3f89d000
3f828e80
40410b00
3f903f00
3fd75600
3fa1f780
3fbcb800
3f798f00
3fe96400
3fdd3980
3fcc4e00
3f6bf100
3fdab200
3f5bab00
3fbf9000
3f8a8d00
40061900
3f254c00
40028c00
3fcf6a80
40124400
3f487c00
3feea600
3f668800
3ffbd600
3f060300
40469400
3f44ea00
3fc51400
3f5d0000
401c4e00
3f814800
400a3900
3fe74280
400f9100
3f8acb00
40044e00
3fe17d00
3ffdf800
3fe01100
40430500
3f6e6900
4038b100
3f764c00
3fd21800
3f84b400
40136f00
3f2b4200
4035fd00
3f90ec00
40414800
3f84e900
40541300
3f99c180
3fe4f800
3f443c00
40142c00
3f5c3f00
3ffc9200
3f67f800
403b3800
3f929b00
3fd9a600
3fba1300
4058db00
3f873a00
40117600
3f992b00
3fef7c00
3fc77480
403ca700
3f84c200
400d5400
3f0f9600
40205e00
3f86fc00
401d5d00
3f5c9b00
40222f00
3fa71e00
3fca5400
3f928900
40174100
3fc0cc80
4014fe00
3fd38b80
3fef1400
3f82c380
3fca3000
3f25d800
3fd83800
3f6eb500
40368200
3f75c000
3ff83000
3f97bd00
3f890a00
3f877c00
3fe5c400
3fb92680
40051e00
3f7f3d00
401d4a00
3fc66280
40108800
3f9cb900
3fcaea00
3fbe1200
40064e00
3f90d880
403e9700
3f41ab00
401f3300
3f7e4400
3ff00600
3f640400
402b9700
3f912e00
3fdca800
3fa77380
40319400
3f404100
4020b200
3f36c500
3fb17800
3f6b0f00
400b9e00
3f13b900
3ff4e600
3fcf2a00
3fc0f600
3fab5280
3ff6a400
3f90f580
402bf000
3fb97b80
401b9100
3f5a5f00
40528700
3f88c100
405f0200
3f8b3e80
402fe800
3f630000
40242000
3f5e8700
406d8a00
3f765900
401d8500
3fa06280
401e9c00
3f354d00
40138700
3f15fb00
40739300
3f7fd800
40345300
3f73cc00
4014c800
3f19d900
4000f500
3f410c00
3f9d4a00
3f98d100
3fa4f400
3f93e380
3fe63a00
3f7d8800
40300f00
3f69cc00
40107000
3fb69900
4024a200
3f88b400
40327800
3f97c100
3fef1400
3f853080
3feca000
3fdac000
4065dd00
3f85c400
3ffc4800
3f0b8d00
40104800
3fb68180
40088000
3fe86f80
4028c700
3fa6b580
401e9c00
3f573c00
3ffc4c00
3f249400
40041900
3f315200
4038fb00
3f950600
403cdf00
3f861b80
40675400
3f87a880
3f9f9c00
3f859d80
40243600
3f593a00
3fd1c000
3f69ce00
3fbd3600
3f81d200
40407000
3f882180
40428600
3fa2d800
40610f00
3f823f00
401acd00
3f9df980
403de600
3f8c0700
402b3c00
3f81ac00
4010f100
3fb6e080
402b2e00
3f34d300
3fb4fe00
3f9cdd80
3f8f0400
3f75b500
3fb24200
3f391300
405af500
3f5e7300
3ff5d200
3fa41600
40372000
3f4c0600
40284500
3f3f7400
3ff2b000
3f8b0780
404a8b00
3f52b300
3f9c2a00
3f649a00
4000ca00
3f1f5c00
401c0800
3f606300
3fa83000
3f627300
402f5c00
3f9ac300
403e1b00
3f9ac400
3fb35e00
3f820c00
403bd900
3f856900
3f9b9a00
3f613400
3fb7d400
3f50a000
4042a500
3f7ffc00
4020c300
3f392200
40125500
3f67dc00
4016ce00
3f8b9200
4007b400
3f384800
3ff2fa00
3fd31280
40161a00
3f31ed00
3ff13800
3f085c00
40395d00
3fafe180
402a8b00
3f96f780
3febe200
3f39ac00
403da700
3f977280
3fcdce00
3f2d1600
3fe6dc00
3f162300
40137800
3fd83d80
400a4e00
3f2c9700
40102100
3f308200
400a2400
3fa38380
40226e00
3f3c5100
3fa3e600
3f930a00
4006bb00
3f140600
3fd19a00
3f79f000
400cac00
3f86cc00
40640c00
3f69bb00
40517b00
3f892e80
404bdd00
3f724700
40131500
3f4e1d00
4014d500
3fb4a200
402eb000
3f696800
3fd32200
3f90d280
4001ab00
3f0fc900
3faf0c00
3fa92300
40006000
3f5ea700
3f941400
3f91bc80
3ff22e00
3fe05a80
400edd00
3fdcac80
400ec500
3f891900
3fc83000
3f7f8000
402ca300
3fbd2f00
40012100
3f070c00
3fec1400
3fc36a80
3fe06200
3f820000
40008500
3f8a7200
3f9c6000
3f972c80
3f985e00
3f680000
4029a900
3f776400
3fec8000
3f858c80
4055b100
3f7ca800
4064fc00
3f877580
4060f100
3f822e00
40012e00
3fbc4580
40384e00
3f95da80
3fc1b000
3fb00900
4028a900
3f290400
3fc21200
3f8ea280
401ae900
3fce9780
40372c00
3f636c00
402e9600
3f7f4800
3fb27400
3f721500
4000fd00
3f99f200
3fd0c800
3fa08a00
40048400
3f825080
400a2f00
3f577b00
401baa00
3fb0e280
402d9f00
3f6a4400
3ff2b800
3f198b00
3fe8fa00
3f822e00
3feb3600
3f7e1200
3fed8800
3fc7fc80
4022e000
3fc15580
3fde9800
3f47aa00
402ff600
3fa13980
3fcfd000
3fbe2180
40183700
3f265700
4018b400
3fc07a00
3ff00600
3f8ab700
4033d400
3fb59a80
3fb49000
3f690500
4006b500
3f75ce00
40450e00
3f4da400
3fc60c00
3fbddf80
3fd9a400
3fce2480
3fc56200
3f9cff80
402ee600
3f953000
3fe3ca00
3fd5d500
4002ef00
3f1ef300
40273b00
3fbc3c00
4046d600
3f860880
4005b000
3ff17380
3ff54400
3f912380
3fd79e00
3f867e00
3fa9e800
3f994d00
40397400
3f7d4000
3fc7fa00
3f803400
3fef8800
3f158700
4009a100
3f813100
40042400
3f18be00
40037c00
3f175e00
3fb98e00
3f66d100
405e5d00
3f764800
3ffbcc00
3f710b00
3fcdfc00
3f327200
405c1400
3f8d8080
402b4100
3fa96c00
40092500
3f2ab900
3f8aa800
3f83b080
3fba5400
3f5aa000
3fec9600
3f75fc00
3fe29e00
3f8cb100
40057f00
3fb28d00
4014c500
3f17a000
3ff7d200
3fafbc00
4014cb00
3f53ed00
40166700
3faff680
3fa65e00
3fa4e580
40272c00
3f655800
401da800
3f969d00
406de400
3f801680
4030e100
3f612b00
40395e00
3f3e3d00
40025f00
3fc3d800
3fcf7600
3fa30d80
40000d00
3fe1f900
400e0800
3f280e00
401e5000
3f56e900
4070f000
3f880e80
40031900
3f6f8400
3fb4fc00
3f7e5100
402ab100
3f930800
3fc45c00
3f96f200
3ff2d400
3f4e5a00
40143b00
3f2a1c00
3fc6d000
3f270e00
403b6900
3f9a7e00
40130a00
3f56cb00
3ff13a00
3f92cd00
3faea800
3f904380
4003dc00
3fc03880
403f8700
3f94d700
3fd88400
3f3d4400
402b1500
3fbda980
3fe2f600
3fad0400
3feaaa00
3fa07100
3f9dec00
3f90b780
40109100
3f865780
3fe66600
3f813100
3ff96600
3f0c5d00
3fe2c600
3fc52600
3fe66800
3fb71380
3fe64600
3faa2e00
3fe69000
3faabc80
40186400
3f2bf700
4049a800
3f5c0800
401b1900
3f274600
40175f00
3fc91400
3fa0f200
3f89fa00
40366d00
3f96bf80
3fd13a00
3fbe2300
4017c900
3f33bc00
3fe6c000
3fa58b80
4061d200
3f789b00
400ff500
3fa37380
4017b300
3fc30580
401d5200
3f739000
3fcc5200
3fa36980
3ff22400
3faeb880
4027af00
3f26ea00
40015800
3fa89f80
4016f200
3f5f5200
3ff96400
3f75e500
40028600
3ff5f300
3fe0fc00
3f78c500
3fe80800
3f6d4500
40040d00
3f92e880
405e8a00
3f8a0c80
401ab200
3f896300
3ffd0e00
3f04cf00
3fdc2e00
3f478100
40514c00
3f7aff00
3fdc9a00
3f76e200
3fd0fc00
3f9dad00
3ff88e00
3fb77300
3fda4e00
3fa43880
4022ce00
3f829c00
3fb30400
3f8ead80
3fde5a00
3fa2cd80
404d1300
3f8d4300
3fffe400
3fc7d680
4042a000
3f6c7400
3fc56600
3f907d80
4033b700
3f840e00
3fb2f200
3fafb780
3fc8bc00
3f991800
3fffd200
3fd9d800
40302700
3f36ae00
400f8400
3fb77d80
3ff09e00
3fbff300
3ffb7600
3f59a800
3fca6600
3f29ec00
401b7e00
3f888c00
40074400
3f862d80
3fcb4800
3f32e200
3ffb8a00
3f76b400
4022ce00
3f789000
3fd5aa00
3f4c3700
404cc900
3f83b500
401e2d00
3fac3580
40627700
3f7dfc00
401a3500
3fcc5480
3fcca200
3f382300
40546700
3f861900
402c3400
3f403b00
40222700
3f2d2e00
4024ba00
3f9cc800
3ff2e600
3f57f900
405c0500
3f6f8200
403f2f00
3f93db00
3ff43c00
3f764100
40153c00
3f6abc00
40256d00
3f2b9e00
4054eb00
3f8d2d00
40176e00
3f849000
400a4d00
3fa21080
402d7600
3f358500
3fc45800
3fb74400
3fe16200
3f306600
404d7600
3f888500
3fa22400
3f804a80
4012a400
3f694300
400c1000
3fb79c80
400fd600
3f258600
3f926400
3f618b00
401c5700
3fcf9400
40129300
3fa6d580
3fc37c00
3fa06c00
400dcc00
3f121700
40462900
3f4b4b00
4010f600
3fcd3d00
400bd400
3f2fe500
4015ac00
3f574400
40326c00
3f499100
40508300
3f63cd00
4047d600
3f8f2c00
40667300
3f674600
3fbf8800
3fa88500
404f8a00
3f86a980
403c5900
3f806200
401a4200
3f620800
3f987000
3f602f00
3feb4600
3fba3000
3fa6bc00
3fa50e00
4060c400
3f8e9080
3fb4f800
3fb03f00
3ffbbe00
3f133700
4016ec00
3f7c7800
400beb00
3f37fe00
40370100
3f399200
404d7000
3f73f200
3fce4600
3f9c7480
40507f00
3f6c4300
3fdef000
3fba9c80
403ad300
3f8bbb80
4017fd00
3f802600
404beb00
3f6fab00
400ebe00
3faeca80
4027bb00
3f80c600
40146e00
3f1fc300
3fbd4800
3f955f00
40008500
3f8f9100
40256500
3f5e3c00
4004e400
3ff4df00
40214700
3f4bec00
401e6300
3f84ae00
3fa83000
3f69ed00
400dbe00
3f5f9b00
400a5100
3f84f700
401d4500
3f6cec00
3f7c2400
3f807600
3f8f8200
3f64d400
3fa0f200
3f48bc00
3fae6400
3f3d2800
3fbfd400
3f2ac000
3fcd4600
3f1f8400
3fdeb600
3f11f400
3fec2800
3f0b2c00
3ffd9800
3f017c00
3f8b9200
3f6cfc00
3f9d0200
3f50e400
3faa9400
3f42a000
3fbc0400
3f303800
3fc99600
3f23a400
3fdb0600
3f161400
3fe89800
3f0e3400
3ffa0800
3f048400
3f87a200
3f752400
3f991200
3f590c00
3fa6c400
3f481800
3fb83400
3f35b000
3fc5e600
3f27c400
3fd75600
3f1a3400
3fe50800
3f113c00
3ff67800
3f078c00
3f83b200
3f7d4c00
3f952200
3f613400
3fa2f400
3f4d9000
3fb46400
3f3b2800
3fc23600
3f2be400
3fd3a600
3f1e5400
3fe17800
3f144400
3ff2e800
3f0a9400
40022c00
3f00e400
3f913200
3f695c00
3fa2a200
3f4d4400
3fb09400
3f40a000
3fc20400
3f2e3800
3fcff600
3f227400
3fe16600
3f14e400
3fef5800
3f0d9c00
40006400
3f03ec00
3f8d4200
3f718400
3f9eb200
3f556c00
3facc400
3f461800
3fbe3400
3f33b000
3fcc4600
3f269400
3fddb600
3f190400
3febc800
3f10a400
3ffd3800
3f06f400
3f895200
3f79ac00
3f9ac200
3f5d9400
3fa8f400
3f4b9000
3fba6400
3f392800
3fc89600
3f2ab400
3fda0600
3f1d2400
3fe83800
3f13ac00
3ff9a800
3f09fc00
3f856200
3f80ea00
3f96d200
3f65bc00
3fa52400
3f510800
3fb69400
3f3ea000
3fc4e600
3f2ed400
3fd65600
3f214400
3fe4a800
3f16b400
3ff61800
3f0d0400
4003c400
3f035400
3f92e200
3f6de400
3fa45200
3f51cc00
3fb2c400
3f441800
3fc43400
3f31b000
3fd2a600
3f256400
3fe41600
3f17d400
3ff28800
3f100c00
4001fc00
3f065c00
3f8ef200
3f760c00
3fa06200
3f59f400
3faef400
3f499000
3fc06400
3f372800
3fcef600
3f298400
3fe06600
3f1bf400
3feef800
3f131400
40003400
3f096400
3f8b0200
3f7e3400
3f9c7200
3f621c00
3fab2400
3f4f0800
3fbc9400
3f3ca000
3fcb4600
3f2da400
3fdcb600
3f201400
3feb6800
3f161c00
3ffcd800
3f0c6c00
3f871200
3f832e00
3f988200
3f6a4400
3fa75400
3f548000
3fb8c400
3f421800
3fc79600
3f31c400
3fd90600
3f243400
3fea7600
3f16a400
3ff94800
3f0f7400
40055c00
3f05c400
3f949200
3f726c00
3fa60200
3f565400
3fb4f400
3f479000
3fc66400
3f352800
3fd55600
3f285400
3fe6c600
3f1ac400
3ff5b800
3f127c00
40039400
3f08cc00
3f90a200
3f7a9400
3fa21200
3f5e7c00
3fb12400
3f4d0800
3fc29400
3f3aa000
3fd1a600
3f2c7400
3fe31600
3f1ee400
3ff22800
3f158400
4001cc00
3f0bd400
3f8cb200
3f815e00
3f9e2200
3f66a400
3fad5400
3f528000
3fbec400
3f401800
3fcdf600
3f309400
3fdf6600
3f230400
3fee9800
3f188c00
40000400
3f0edc00
3f88c200
3f857200
3f9a3200
3f6ecc00
3fa98400
3f57f800
3fbaf400
3f459000
3fca4600
3f34b400
3fdbb600
3f272400
3fed2600
3f199400
3ffc7800
3f11e400
4006f400
3f083400
3f964200
3f76f400
3fa7b200
3f5adc00
3fb72400
3f4b0800
3fc89400
3f38a000
3fd80600
3f2b4400
3fe97600
3f1db400
3ff8e800
3f14ec00
40052c00
3f0b3c00
3f925200
3f7f1c00
3fa3c200
3f630400
3fb35400
3f508000
3fc4c400
3f3e1800
3fd45600
3f2f6400
3fe5c600
3f21d400
3ff55800
3f17f400
40036400
3f0e4400
3f8e6200
3f83a200
3f9fd200
3f6b2c00
3faf8400
3f55f800
3fc0f400
3f439000
3fd0a600
3f338400
3fe21600
3f25f400
3ff1c800
3f1afc00
40019c00
3f114c00
3f8a7200
3f87b600
3f9be200
3f735400
3fabb400
3f5b7000
3fbd2400
3f490800
3fce9400
3f36a000
3fde6600
3f2a1400
3fefd600
3f1c8400
3fffa800
3f145400
40088c00
3f0aa400
3f97f200
3f7b7c00
3fa96200
3f5f6400
3fb95400
3f4e8000
3fcac400
3f3c1800
3fdab600
3f2e3400
3fec2600
3f20a400
3ffc1800
3f175c00
4006c400
3f0dac00
3f940200
3f81d200
3fa57200
3f678c00
3fb58400
3f53f800
3fc6f400
3f419000
3fd70600
3f325400
3fe87600
3f24c400
3ff88800
3f1a6400
4004fc00
3f10b400
3f901200
3f85e600
3fa18200
3f6fb400
3fb1b400
3f597000
3fc32400
3f470800
3fd35600
3f367400
3fe4c600
3f28e400
3ff4f800
3f1d6c00
40033400
3f13bc00
3f8c2200
3f89fa00
3f9d9200
3f77dc00
3fade400
3f5ee800
3fbf5400
3f4c8000
3fd0c400
3f3a1800
3fe11600
3f2d0400
3ff28600
3f1f7400
40016c00
3f16c400
400a2400
3f0d1400
3f99a200
3f800200
3fab1200
3f63ec00
3fbb8400
3f51f800
3fccf400
3f3f9000
3fdd6600
3f312400
3feed600
3f239400
3fff4800
3f19cc00
40085c00
3f101c00
3f95b200
3f841600
3fa72200
3f6c1400
3fb7b400
3f577000
3fc92400
3f450800
3fd9b600
3f354400
3feb2600
3f27b400
3ffbb800
3f1cd400
40069400
3f132400
3f91c200
3f882a00
3fa33200
3f743c00
3fb3e400
3f5ce800
3fc55400
3f4a8000
3fd60600
3f396400
3fe77600
3f2bd400
3ff82800
3f1fdc00
4004cc00
3f162c00
3f8dd200
3f8c3e00
3f9f4200
3f7c6400
3fb0b200
3f604c00
3fc18400
3f4ff800
3fd2f400
3f3d9000
3fe3c600
3f2ff400
3ff53600
3f226400
40030400
3f193400
400bbc00
3f0f8400
3f9b5200
3f824600
3facc200
3f687400
3fbdb400
3f557000
3fcf2400
3f430800
3fe01600
3f341400
3ff18600
3f268400
40013c00
3f1c3c00
4009f400
3f128c00
3f976200
3f865a00
3fa8d200
3f709c00
3fb9e400
3f5ae800
3fcb5400
3f488000
3fdc6600
3f383400
3fedd600
3f2aa400
3ffee800
3f1f4400
40082c00
3f159400
3f937200
3f8a6e00
3fa4e200
3f78c400
3fb61400
3f606000
3fc78400
3f4df800
3fd8b600
3f3c5400
3fea2600
3f2ec400
3ffb5800
3f224c00
40066400
3f189c00
3f8f8200
3f8e8200
3fa0f200
3f807600
3fb26200
3f64d400
3fc3b400
3f537000
3fd52400
3f410800
3fe67600
3f32e400
3ff7e600
3f255400
40049c00
3f1ba400
400d5400
3f11f400
3f9d0200
3f848a00
3fae7200
3f6cfc00
3fbfe400
3f58e800
3fd15400
3f468000
3fe2c600
3f370400
3ff43600
3f297400
4002d400
3f1eac00
400b8c00
3f14fc00
3f991200
3f889e00
3faa8200
3f752400
3fbc1400
3f5e6000
3fcd8400
3f4bf800
3fdf1600
3f3b2400
3ff08600
3f2d9400
40010c00
3f21b400
4009c400
3f180400
3f952200
3f8cb200
3fa69200
3f7d4c00
3fb84400
3f63d800
3fc9b400
3f517000
3fdb6600
3f3f4400
3fecd600
3f31b400
3ffe8800
3f24bc00
4007fc00
3f1b0c00
4010b400
3f115c00
3fa2a200
3f82ba00
3fb41200
3f695c00
3fc5e400
3f56e800
3fd75400
3f448000
3fe92600
3f35d400
3ffa9600
3f284400
40063400
3f1e1400
400eec00
3f146400
3f9eb200
3f86ce00
3fb02200
3f718400
3fc21400
3f5c6000
3fd38400
3f49f800
3fe57600
3f39f400
3ff6e600
3f2c6400
40046c00
3f211c00
400d2400
3f176c00
3f9ac200
3f8ae200
3fac3200
3f79ac00
3fbe4400
3f61d800
3fcfb400
3f4f7000
3fe1c600
3f3e1400
3ff33600
3f308400
4002a400
3f242400
400b5c00
3f1a7400
3f96d200
3f8ef600
3fa84200
3f80ea00
3fba7400
3f675000
3fcbe400
3f54e800
3fde1600
3f423400
3fef8600
3f34a400
4000dc00
3f272c00
40099400
3f1d7c00
40124c00
3f13cc00
3fa45200
3f84fe00
3fb5c200
3f6de400
3fc81400
3f5a6000
3fd98400
3f47f800
3febd600
3f38c400
3ffd4600
3f2b3400
4007cc00
3f208400
40108400
3f16d400
3fa06200
3f891200
3fb1d200
3f760c00
3fc44400
3f5fd800
3fd5b400
3f4d7000
3fe82600
3f3ce400
3ff99600
3f2f5400
40060400
3f238c00
400ebc00
3f19dc00
3f9c7200
3f8d2600
3fade200
3f7e3400
3fc07400
3f655000
3fd1e400
3f52e800
3fe47600
3f410400
3ff5e600
3f337400
40043c00
3f269400
400cf400
3f1ce400
3f988200
3f913a00
3fa9f200
3f832e00
3fbca400
3f6ac800
3fce1400
3f586000
3fe0c600
3f452400
3ff23600
3f379400
4001d300
3f2a0400
400b2c00
3f1fec00
4013e400
3f163c00
3fa60200
3f874200
3fb77200
3f726c00
3fca4400
3f5dd800
3fdbb400
3f4b7000
3fee8600
3f3bb400
3ffff600
3f2e2400
40096400
3f22f400
40121c00
3f194400
3fa21200
3f8b5600
3fb38200
3f7a9400
3fc67400
3f635000
3fd7e400
3f50e800
3fead600
3f3fd400
3ffc4600
3f324400
40079c00
3f25fc00
40105400
3f1c4c00
3f9e2200
3f8f6a00
3faf9200
3f815e00
3fc2a400
3f68c800
3fd41400
3f566000
3fe72600
3f43f400
3ff89600
3f366400
4005d400
3f290400
400e8c00
3f1f5400
3f9a3200
3f937e00
3faba200
3f857200
3fbed400
3f6e4000
3fd04400
3f5bd800
3fe37600
3f481400
3ff4e600
3f3a8400
40032b00
3f2cf400
400cc400
3f225c00
40157c00
3f18ac00
3fa7b200
3f898600
3fb92200
3f76f400
3fcc7400
3f615000
3fdde400
3f4ee800
3ff13600
3f3ea400
40015300
3f311400
400afc00
3f256400
4013b400
3f1bb400
3fa3c200
3f8d9a00
3fb53200
3f7f1c00
3fc8a400
3f66c800
3fda1400
3f546000
3fed8600
3f42c400
3ffef600
3f353400
40093400
3f286c00
4011ec00
3f1ebc00
3f9fd200
3f91ae00
3fb14200
3f83a200
3fc4d400
3f6c4000
3fd64400
3f59d800
3fe9d600
3f46e400
3ffb4600
3f395400
40076c00
3f2b7400
40102400
3f21c400
3f9be200
3f95c200
3fad5200
3f87b600
3fc10400
3f71b800
3fd27400
3f5f5000
3fe3e400
3f4ce800
3ff79600
3f3d7400
40048300
3f2fe400
400e5c00
3f24cc00
40171400
3f1b1c00
3fa96200
3f8bca00
3fbad200
3f7b7c00
3fcea400
3f64c800
3fe01400
3f526000
3ff3e600
3f419400
4002ab00
3f340400
400c9400
3f27d400
40154c00
3f1e2400
3fa57200
3f8fde00
3fb6e200
3f81d200
3fcad400
3f6a4000
3fdc4400
3f57d800
3ff03600
3f45b400
4000d300
3f382400
400acc00
3f2adc00
40138400
3f212c00
3fa18200
3f93f200
3fb2f200
3f85e600
3fc70400
3f6fb800
3fd87400
3f5d5000
3fec8600
3f49d400
3ffdf600
3f3c4400
40090400
3f2de400
4011bc00
3f243400
3f9d9200
3f980600
3faf0200
3f89fa00
3fc33400
3f753000
3fd4a400
3f62c800
3fe61400
3f506000
3ffa4600
3f406400
4005db00
3f32d400
400ff400
3f273c00
4018ac00
3f1d8c00
3fab1200
3f8e0e00
3fbc8200
3f800200
3fd0d400
3f684000
3fe24400
3f55d800
3ff69600
3f448400
40040300
3f36f400
400e2c00
3f2a4400
4016e400
3f209400
3fa72200
3f922200
3fb89200
3f841600
3fcd0400
3f6db800
3fde7400
3f5b5000
3ff2e600
3f48a400
40022b00
3f3b1400
400c6400
3f2d4c00
40151c00
3f239c00
3fa33200
3f963600
3fb4a200
3f882a00
3fc93400
3f733000
3fdaa400
3f60c800
3fef3600
3f4cc400
40005300
3f3f3400
400a9c00
3f305400
40135400
3f26a400
3f9f4200
3f9a4a00
3fb0b200
3f8c3e00
3fc22200
3f7c6400
3fd6d400
3f664000
3fe84400
3f53d800
3ffcf600
3f435400
40073300
3f35c400
40118c00
3f29ac00
401a4400
3f1ffc00
3facc200
3f905200
3fbe3200
3f824600
3fd30400
3f6bb800
3fe47400
3f595000
3ff94600
3f477400
40055b00
3f39e400
400fc400
3f2cb400
40187c00
3f230400
3fa8d200
3f946600
3fba4200
3f865a00
3fcf3400
3f713000
3fe0a400
3f5ec800
3ff59600
3f4b9400
40038300
3f3e0400
400dfc00
3f2fbc00
4016b400
3f260c00
3fa4e200
3f987a00
3fb65200
3f8a6e00
3fcb6400
3f76a800
3fdcd400
3f644000
3ff1e600
3f4fb400
4001ab00
3f422400
400c3400
3f32c400
4014ec00
3f291400
3fa0f200
3f9c8e00
3fb26200
3f8e8200
3fc3d200
3f807600
3fd90400
3f69b800
3fea7400
3f575000
3fffa600
3f464400
40088b00
3f38b400
40132400
3f2c1c00
401bdc00
3f226c00
3fae7200
3f929600
3fbfe200
3f848a00
3fd53400
3f6f3000
3fe6a400
3f5cc800
3ffbf600
3f4a6400
4006b300
3f3cd400
40115c00
3f2f2400
401a1400
3f257400
3fa86400
3f97ce00
3fbdb400
3f86da00
3fcf0600
3f77c800
3fe45600
3f618000
3ff5a800
3f4fe400
40057c00
3f3f6c00
400e2500
3f348c00
4018cd00
3f27f400
3fa37400
3f9ca200
3fb8c400
3f8bae00
3fca3600
3f7e4000
3fdf8600
3f67f800
3ff0f800
3f54c400
40032400
3f444c00
400bdd00
3f385400
40168500
3f2bbc00
40212d00
3f1f2400
3fb3d400
3f908200
3fc92400
3f7f1c00
3fdab600
3f6e7000
3ff00600
3f582800
4000cc00
3f492c00
400b7400
3f38b400
40143d00
3f2f8400
401ee500
3f22ec00
3faee400
3f955600
3fc43400
3f846200
3fd5e600
3f74e800
3feb3600
3f5ea000
3ffce800
3f4e0c00
40091c00
3f3d9400
4011f500
3f334c00
401c9d00
3f26b400
3fa9f400
3f9a2a00
3fbf4400
3f893600
3fd11600
3f7b6000
3fe66600
3f651800
3ff83800
3f52ec00
4006c400
3f427400
400fad00
3f371400
401a5500
3f2a7c00
3fa50400
3f9efe00
3fba5400
3f8e0a00
3fcc4600
3f80ec00
3fe19600
3f6b9000
3ff38800
3f57cc00
40046c00
3f475400
400d6500
3f3adc00
40180d00
3f2e4400
4022b500
3f21ac00
3fb56400
3f92de00
3fcab400
3f81ea00
3fdcc600
3f720800
3ff21600
3f5bc000
40021400
3f4c3400
400cbc00
3f3bbc00
4015c500
3f320c00
40206d00
3f257400
3fb07400
3f97b200
3fc5c400
3f86be00
3fd7f600
3f788000
3fed4600
3f623800
3fff7800
3f511400
400a6400
3f409c00
40137d00
3f35d400
401e2500
3f293c00
3fab8400
3f9c8600
3fc0d400
3f8b9200
3fd32600
3f7ef800
3fe87600
3f68b000
3ffac800
3f55f400
40080c00
3f457c00
40113500
3f399c00
401bdd00
3f2d0400
3fa69400
3fa15a00
3fbbe400
3f906600
3fce5600
3f82b800
3fe3a600
3f6f2800
3ff61800
3f5ad400
4005b400
3f4a5c00
40105c00
3f39e400
40199500
3f30cc00
40243d00
3f243400
3fb6f400
3f953a00
3fcc4400
3f844600
3fded600
3f75a000
3ff42600
3f5f5800
40035c00
3f4f3c00
400e0400
3f3ec400
40174d00
3f349400
4021f500
3f27fc00
3fb20400
3f9a0e00
3fc75400
3f891a00
3fda0600
3f7c1800
3fef5600
3f65d000
40010400
3f541c00
400bac00
3f43a400
40150500
3f385c00
401fad00
3f2bc400
3fad1400
3f9ee200
3fc26400
3f8dee00
3fd53600
3f814800
3fea8600
3f6c4800
3ffd5800
3f58fc00
40095400
3f488400
4012bd00
3f3c2400
401d6500
3f2f8c00
3fa82400
3fa3b600
3fbd7400
3f92c200
3fd06600
3f848400
3fe5b600
3f72c000
3ff8a800
3f5ddc00
4006fc00
3f4d6400
4011a400
3f3cec00
401b1d00
3f335400
4025c500
3f26bc00
3fb88400
3f979600
3fcdd400
3f86a200
3fe0e600
3f793800
3ff63600
3f62f000
4004a400
3f524400
400f4c00
3f41cc00
4018d500
3f371c00
40237d00
3f2a8400
3fb39400
3f9c6a00
3fc8e400
3f8b7600
3fdc1600
3f7fb000
3ff16600
3f696800
40024c00
3f572400
400cf400
3f46ac00
40168d00
3f3ae400
40213500
3f2e4c00
3faea400
3fa13e00
3fc3f400
3f904a00
3fd74600
3f831400
3fec9600
3f6fe000
3fffe800
3f5c0400
400a9c00
3f4b8c00
40144500
3f3eac00
401eed00
3f321400
3fa9b400
3fa61200
3fbf0400
3f951e00
3fd27600
3f865000
3fe7c600
3f765800
3ffd1600
3f601000
40084400
3f506c00
4012ec00
3f3ff400
401ca500
3f35dc00
40274d00
3f294400
3fba1400
3f99f200
3fcf6400
3f88fe00
3fe2f600
3f7cd000
3ff84600
3f668800
4005ec00
3f554c00
40109400
3f44d400
401a5d00
3f39a400
40250500
3f2d0c00
3fb52400
3f9ec600
3fca7400
3f8dd200
3fde2600
3f81a400
3ff37600
3f6d0000
40039400
3f5a2c00
400e3c00
3f49b400
40181500
3f3d6c00
4022bd00
3f30d400
3fb03400
3fa39a00
3fc58400
3f92a600
3fd95600
3f84e000
3feea600
3f737800
40013c00
3f5f0c00
400be400
3f4e9400
4015cd00
3f413400
40207500
3f349c00
3fab4400
3fa86e00
3fc09400
3f977a00
3fd48600
3f881c00
3fe9d600
3f79f000
3fff2600
3f63a800
40098c00
3f537400
40143400
3f42fc00
401e2d00
3f386400
4028d500
3f2bcc00
3fbba400
3f9c4e00
3fd0f400
3f8b5a00
3fe50600
3f803400
3ffa5600
3f6a2000
40073400
3f585400
4011dc00
3f47dc00
401be500
3f3c2c00
40268d00
3f2f9400
3fb6b400
3fa12200
3fcc0400
3f902e00
3fe03600
3f837000
3ff58600
3f709800
4004dc00
3f5d3400
400f8400
3f4cbc00
40199d00
3f3ff400
40244500
3f335c00
3fb1c400
3fa5f600
3fc71400
3f950200
3fdb6600
3f86ac00
3ff0b600
3f771000
40028400
3f621400
400d2c00
3f519c00
40175500
3f43bc00
4021fd00
3f372400
3facd400
3faaca00
3fc22400
3f99d600
3fd77400
3f88e200
3febe600
3f7d8800
40009b00
3f674000
400ad400
3f567c00
40157c00
3f460400
401fb500
3f3aec00
402a5d00
3f2e5400
3fbd3400
3f9eaa00
3fd28400
3f8db600
3fe71600
3f820000
3ffc6600
3f6db800
40087c00
3f5b5c00
40132400
3f4ae400
401d6d00
3f3eb400
40281500
3f321c00
3fb84400
3fa37e00
3fcd9400
3f928a00
3fe24600
3f853c00
3ff79600
3f743000
40062400
3f603c00
4010cc00
3f4fc400
401b2500
3f427c00
4025cd00
3f35e400
3fb35400
3fa85200
3fc8a400
3f975e00
3fdd7600
3f887800
3ff2c600
3f7aa800
4003cc00
3f651c00
400e7400
3f54a400
4018dd00
3f464400
40238500
3f39ac00
3fae6400
3fad2600
3fc3b400
3f9c3200
3fd90400
3f8b3e00
3fedf600
3f809000
4001a300
3f6ad800
400c1c00
3f598400
4016c400
3f490c00
40213d00
3f3d7400
402be500
3f30dc00
3fbec400
3fa10600
3fd41400
3f901200
3fe92600
3f83cc00
3ffe7600
3f715000
4009c400
3f5e6400
40146c00
3f4dec00
401ef500
3f413c00
40299d00
3f34a400
3fb9d400
3fa5da00
3fcf2400
3f94e600
3fe45600
3f870800
3ff9a600
3f77c800
40076c00
3f634400
40121400
3f52cc00
401cad00
3f450400
40275500
3f386c00
3fb4e400
3faaae00
3fca3400
3f99ba00
3fdf8600
3f8a4400
3ff4d600
3f7e4000
40051400
3f682400
400fbc00
3f57ac00
401a6500
3f48cc00
40250d00
3f3c3400
402fb500
3f2f9c00
3fc54400
3f9e8e00
3fda9400
3f8d9a00
3ff00600
3f825c00
4002ab00
3f6e7000
400d6400
3f5c8c00
40180c00
3f4c1400
4022c500
3f3ffc00
402d6d00
3f336400
3fc05400
3fa36200
3fd5a400
3f926e00
3feb3600
3f859800
40004300
3f74e800
400b0c00
3f616c00
4015b400
3f50f400
40207d00
3f43c400
402b2500
3f372c00
3fbb6400
3fa83600
3fd0b400
3f974200
3fe66600
3f88d400
3ffbb600
3f7b6000
4008b400
3f664c00
40135c00
3f55d400
401e3500
3f478c00
4028dd00
3f3af400
3fb67400
3fad0a00
3fcbc400
3f9c1600
3fe19600
3f8c1000
3ff6e600
3f80ec00
40065c00
3f6b2c00
40110400
3f5ab400
401bed00
3f4b5400
40269500
3f3ebc00
40313d00
3f322400
3fc6d400
3fa0ea00
3fdc2400
3f8ff600
3ff21600
3f842800
4003b300
3f720800
400eac00
3f5f9400
40195400
3f4f1c00
40244d00
3f428400
402ef500
3f35ec00
3fc1e400
3fa5be00
3fd73400
3f94ca00
3fed4600
3f876400
40014b00
3f788000
400c5400
3f647400
4016fc00
3f53fc00
40220500
3f464c00
402cad00
3f39b400
3fbcf400
3faa9200
3fd24400
3f999e00
3fe87600
3f8aa000
3ffdc600
3f7ef800
4009fc00
3f695400
4014a400
3f58dc00
401fbd00
3f4a1400
402a6500
3f3d7c00
3fb80400
3faf6600
3fcd5400
3f9e7200
3fe3a600
3f8ddc00
3ff8f600
3f82b800
4007a400
3f6e3400
40124c00
3f5dbc00
401cf400
3f4d4400
40281d00
3f414400
4032c500
3f34ac00
3fc86400
3fa34600
3fddb400
3f925200
3ff42600
3f85f400
4004bb00
3f75a000
400ff400
3f629c00
401a9c00
3f522400
4025d500
3f450c00
40307d00
3f387400
3fc37400
3fa81a00
3fd8c400
3f972600
3fef5600
3f893000
40025300
3f7c1800
400d9c00
3f677c00
40184400
3f570400
40238d00
3f48d400
402e3500
3f3c3c00
3fbe8400
3facee00
3fd3d400
3f9bfa00
3fea8600
3f8c6c00
3fffd600
3f814800
400b4400
3f6c5c00
4015ec00
3f5be400
40214500
3f4c9c00
402bed00
3f400400
3fb99400
3fb1c200
3fcee400
3fa0ce00
3fe5b600
3f8fa800
3ffb0600
3f848400
4008ec00
3f713c00
40139400
3f60c400
401e3c00
3f504c00
4029a500
3f43cc00
40344d00
3f373400
3fc9f400
3fa5a200
3fdf4400
3f94ae00
3ff63600
3f87c000
4005c300
3f793800
40113c00
3f65a400
401be400
3f552c00
40275d00
3f479400
40320500
3f3afc00
3fc50400
3faa7600
3fda5400
3f998200
3ff16600
3f8afc00
40035b00
3f7fb000
400ee400
3f6a8400
40198c00
3f5a0c00
40251500
3f4b5c00
402fbd00
3f3ec400
3fc01400
3faf4a00
3fd56400
3f9e5600
3fec9600
3f8e3800
4000f300
3f831400
400c8c00
3f6f6400
40173400
3f5eec00
4022cd00
3f4f2400
402d7500
3f428c00
3fbb2400
3fb41e00
3fd07400
3fa32a00
3fe7c600
3f917400
3ffd1600
3f865000
40093300
3f765800
4014dc00
3f63cc00
401f8400
3f535400
402b2d00
3f465400
4035d500
3f39bc00
3fcb8400
3fa7fe00
3fe0d400
3f970a00
3ff84600
3f898c00
4006cb00
3f7cd000
40128400
3f68ac00
401d2c00
3f583400
4028e500
3f4a1c00
40338d00
3f3d8400
3fc69400
3facd200
3fdbe400
3f9bde00
3ff37600
3f8cc800
40046300
3f81a400
40102c00
3f6d8c00
401ad400
3f5d1400
40269d00
3f4de400
40314500
3f414c00
3fc1a400
3fb1a600
3fd6f400
3fa0b200
3feea600
3f900400
4001fb00
3f84e000
400dd400
3f726c00
40187c00
3f61f400
40245500
3f51ac00
402efd00
3f451400
3fbcb400
3fb67a00
3fd20400
3fa58600
3fe9d600
3f934000
3fff2600
3f881c00
400a3b00
3f79f000
40162400
3f66d400
4020cc00
3f565c00
402cb500
3f48dc00
40375d00
3f3c4400
3fcd1400
3faa5a00
3fe26400
3f996600
3ffa5600
3f8b5800
4007d300
3f803400
4013cc00
3f6bb400
401e7400
3f5b3c00
402a6d00
3f4ca400
40351500
3f400c00
3fc82400
3faf2e00
3fdd7400
3f9e3a00
3ff58600
3f8e9400
40056b00
3f837000
40117400
3f709400
401c1c00
3f601c00
40282500
3f506c00
4032cd00
3f43d400
3fc33400
3fb40200
3fd88400
3fa30e00
3ff0b600
3f91d000
40030300
3f86ac00
400f1c00
3f757400
4019c400
3f64fc00
4025dd00
3f543400
40308500
3f479c00
3fbe4400
3fb8d600
3fd39400
3fa7e200
3fe8e400
3f96ee00
40009b00
3f89e800
400b4300
3f7d8800
40176c00
3f69dc00
40221400
3f596400
402e3d00
3f4b6400
4038e500
3f3ecc00
3fcea400
3facb600
3fe3f400
3f9bc200
3ffc6600
3f8d2400
4008db00
3f820000
40151400
3f6ebc00
401fbc00
3f5e4400
402bf500
3f4f2c00
40369d00
3f429400
3fc9b400
3fb18a00
3fdf0400
3fa09600
3ff79600
3f906000
40067300
3f853c00
4012bc00
3f739c00
401d6400
3f632400
4029ad00
3f52f400
40345500
3f465c00
3fc4c400
3fb65e00
3fda1400
3fa56a00
3ff2c600
3f939c00
40040b00
3f887800
40106400
3f787c00
401b0c00
3f680400
40276500
3f56bc00
40320d00
3f4a2400
3fbfd400
3fbb3200
3fd52400
3faa3e00
3fea7400
3f994a00
4001a300
3f8bb400
400c4b00
3f809000
4018b400
3f6ce400
40235c00
3f5c6c00
402fc500
3f4dec00
403a6d00
3f415400
3fd03400
3faf1200
3fe58400
3f9e1e00
3ffe7600
3f8ef000
4009e300
3f83cc00
40165c00
3f71c400
40210400
3f614c00
402d7d00
3f51b400
40382500
3f451c00
3fcb4400
3fb3e600
3fe09400
3fa2f200
3ff9a600
3f922c00
40077b00
3f870800
40140400
3f76a400
401eac00
3f662c00
402b3500
3f557c00
4035dd00
3f48e400
3fc65400
3fb8ba00
3fdba400
3fa7c600
3ff4d600
3f956800
40051300
3f8a4400
4011ac00
3f7b8400
401c5400
3f6b0c00
4028ed00
3f594400
40339500
3f4cac00
403e3d00
3f401400
3fd67600
3fac5600
3fefa600
3f987a00
40026c00
3f8e3000
400f0400
3f80a000
40199d00
3f6fe400
40263500
3f5c8400
4030ce00
3f512c00
403d6600
3f42a400
3fd08600
3fb1ea00
3fe9b600
3f9e0e00
3fff0800
3f920c00
400c1c00
3f847c00
4016c500
3f758400
40235d00
3f622400
402e0600
3f557400
403a9e00
3f46ec00
3fca9600
3fb77e00
3fe3c600
3fa3a200
3ff93800
3f95e800
40093400
3f885800
4013ed00
3f7b2400
40208500
3f67c400
402b3e00
3f59bc00
4037d600
3f4b3400
3fc4a600
3fbd1200
3fddd600
3fa93600
3ff36800
3f99c400
40064c00
3f8c3400
40111500
3f806200
401dad00
3f6d6400
40287600
3f5e0400
40350e00
3f4f7c00
4041a600
3f40f400
3fd7e600
3faeca00
3ff11600
3f9aee00
40036400
3f901000
400ffc00
3f828000
401ad500
3f730400
40276d00
3f5fa400
40324600
3f53c400
403ede00
3f453c00
3fd1f600
3fb45e00
3feb2600
3fa08200
40007c00
3f93ec00
400d1400
3f865c00
4017fd00
3f78a400
40249500
3f654400
402f7e00
3f580c00
403c1600
3f498400
3fcc0600
3fb9f200
3fe53600
3fa61600
3ffb2800
3f97c800
400a2c00
3f8a3800
40152500
3f7e4400
4021bd00
3f6ae400
402cb600
3f5c5400
40394e00
3f4dcc00
3fc61600
3fbf8600
3fdf4600
3fabaa00
3ff55800
3f9ba400
40074400
3f8e1400
40124d00
3f81f200
401ee500
3f708400
402b7d00
3f5d2400
40368600
3f521400
40431e00
3f438c00
3fd95600
3fb13e00
3ff28600
3f9d6200
40045c00
3f91f000
4010f400
3f846000
401c0d00
3f762400
4028a500
3f62c400
4033be00
3f565c00
40405600
3f47d400
3fd36600
3fb6d200
3fec9600
3fa2f600
40017400
3f95cc00
400e0c00
3f883c00
40193500
3f7bc400
4025cd00
3f686400
4030f600
3f5aa400
403d8e00
3f4c1c00
3fcd7600
3fbc6600
3fe6a600
3fa88a00
3ffd1800
3f99a800
400b2400
3f8c1800
40165d00
3f80b200
4022f500
3f6e0400
402e2e00
3f5eec00
403ac600
3f506400
3fc78600
3fc1fa00
3fe0b600
3fae1e00
3ff74800
3f9d8400
40083c00
3f8ff400
40138500
3f838200
40201d00
3f73a400
402cb500
3f604400
4037fe00
3f54ac00
40449600
3f462400
3fdac600
3fb3b200
3ff3f600
3f9fd600
40055400
3f93d000
4011ec00
3f864000
401d4500
3f794400
4029dd00
3f65e400
40353600
3f58f400
4041ce00
3f4a6c00
3fd4d600
3fb94600
3fee0600
3fa56a00
40026c00
3f97ac00
400f0400
3f8a1c00
401a6d00
3f7ee400
40270500
3f6b8400
40326e00
3f5d3c00
403f0600
3f4eb400
3fcee600
3fbeda00
3fe81600
3faafe00
3fff0800
3f9b8800
400c1c00
3f8df800
40179500
3f824200
40242d00
3f712400
402fa600
3f618400
403c3e00
3f52fc00
3fc8f600
3fc46e00
3fe22600
3fb09200
3ff93800
3f9f6400
40093400
3f91d400
4015cc00
3f844400
40215500
3f76c400
402ded00
3f636400
40397600
3f574400
40460e00
3f48bc00
3fdc3600
3fb62600
3ff56600
3fa24a00
40064c00
3f95b000
4012e400
3f882000
401e7d00
3f7c6400
402b1500
3f690400
4036ae00
3f5b8c00
40434600
3f4d0400
3fd64600
3fbbba00
3fef7600
3fa7de00
40036400
3f998c00
400ffc00
3f8bfc00
401ba500
3f810200
40283d00
3f6ea400
4033e600
3f5fd400
40407e00
3f514c00
3fd05600
3fc14e00
3fe98600
3fad7200
40007c00
3f9d6800
400d1400
3f8fd800
4018cd00
3f83d200
40256500
3f744400
40311e00
3f641c00
403db600
3f559400
3fca6600
3fc6e200
3fe39600
3fb30600
3ffb2800
3fa14400
400a2c00
3f93b400
4016c400
3f862400
40228d00
3f79e400
402f2500
3f668400
403aee00
3f59dc00
40478600
3f4b5400
3fdda600
3fb89a00
3ff6d600
3fa4be00
40074400
3f979000
4013dc00
3f8a0000
401fb500
3f7f8400
402c4d00
3f6c2400
40382600
3f5e2400
4044be00
3f4f9c00
3fd7b600
3fbe2e00
3ff0e600
3faa5200
40045c00
3f9b6c00
4010f400
3f8ddc00
401cdd00
3f829200
40297500
3f71c400
40355e00
3f626c00
4041f600
3f53e400
3fd1c600
3fc3c200
3feaf600
3fafe600
40017400
3f9f4800
400e0c00
3f91b800
401a0500
3f856200
40269d00
3f776400
40329600
3f66b400
403f2e00
3f582c00
3fcbd600
3fc95600
3fe50600
3fb57a00
3ffe3600
3fa19e00
400b2400
3f959400
4017bc00
3f880400
4023c500
3f7d0400
40305d00
3f69a400
403c6600
3f5c7400
4048fe00
3f4dec00
3fdf1600
3fbb0e00
3ff84600
3fa73200
40083c00
3f997000
4014d400
3f8be000
4020ed00
3f815200
402d8500
3f6f4400
40399e00
3f60bc00
40463600
3f523400
3fd92600
3fc0a200
3ff25600
3facc600
40055400
3f9d4c00
4011ec00
3f8fbc00
401e1500
3f842200
402aad00
3f74e400
4036d600
3f650400
40436e00
3f567c00
3fd33600
3fc63600
3fec6600
3fb25a00
40026c00
3fa12800
400f0400
3f939800
401b3d00
3f86f200
4027d500
3f7a8400
40340e00
3f694c00
4040a600
3f5ac400
3fcd4600
3fcbca00
3fe67600
3fb7ee00
3fffa600
3fa41200
400c1c00
3f977400
4018b400
3f89e400
4024fd00
3f801200
40319500
3f6cc400
403dde00
3f5f0c00
404a7600
3f508400
3fe08600
3fbd8200
3ff9b600
3fa9a600
40093400
3f9b5000
4015cc00
3f8dc000
40222500
3f82e200
402ebd00
3f726400
403b1600
3f635400
4047ae00
3f54cc00
3fda9600
3fc31600
3ff3c600
3faf3a00
40064c00
3f9f2c00
4012e400
3f919c00
401f4d00
3f85b200
402be500
3f780400
40384e00
3f679c00
4044e600
3f591400
3fd4a600
3fc8aa00
3fedd600
3fb4ce00
40036400
3fa30800
400ffc00
3f957800
401c7500
3f888200
40290d00
3f7da400
40358600
3f6be400
40421e00
3f5d5c00
404eb600
3f4ed400
3fe7e600
3fba6200
40008b00
3fa68600
400d1400
3f995400
4019ac00
3f8bc400
40263500
3f81a200
4032cd00
3f6fe400
403f5600
3f61a400
404bee00
3f531c00
3fe1f600
3fbff600
3ffb2600
3fac1a00
400a2c00
3f9d3000
4016c400
3f8fa000
40235d00
3f847200
402ff500
3f758400
403c8e00
3f65ec00
40492600
3f576400
3fdc0600
3fc58a00
3ff53600
3fb1ae00
40074400
3fa10c00
4013dc00
3f937c00
40208500
3f874200
402d1d00
3f7b2400
4039c600
3f6a3400
40465e00
3f5bac00
3fd61600
3fcb1e00
3fef4600
3fb74200
40045c00
3fa4e800
4010f400
3f975800
401dad00
3f8a1200
402a4500
3f806200
4036fe00
3f6e7c00
40439600
3f5ff400
40502e00
3f516c00
3fe95600
3fbcd600
40014300
3fa8fa00
400e0c00
3f9b3400
401aa400
3f8da400
40276d00
3f833200
40340500
3f730400
4040ce00
3f643c00
404d6600
3f55b400
3fe36600
3fc26a00
3ffc9600
3fae8e00
400b2400
3f9f1000
4017bc00
3f918000
40249500
3f860200
40312d00
3f78a400
403e0600
3f688400
404a9e00
3f59fc00
3fdd7600
3fc7fe00
3ff6a600
3fb42200
40083c00
3fa2ec00
4014d400
3f955c00
4021bd00
3f88d200
402e5500
3f7e4400
403b3e00
3f6ccc00
4047d600
3f5e4400
3fd78600
3fcd9200
3ff0b600
3fb9b600
40055400
3fa6c800
4011ec00
3f993800
401ee500
3f8ba200
402b7d00
3f81f200
40381500
3f708400
40450e00
3f628c00
4051a600
3f540400
3feac600
3fbf4a00
4001fb00
3fab6e00
400f0400
3f9d1400
401b9c00
3f8f8400
4028a500
3f84c200
40353d00
3f762400
40424600
3f66d400
404ede00
3f584c00
3fe4d600
3fc4de00
3ffe0600
3fb10200
400c1c00
3fa0f000
4018b400
3f936000
4025cd00
3f879200
40326500
3f7bc400
403f7e00
3f6b1c00
404c1600
3f5c9400
3fdee600
3fca7200
3ff81600
3fb69600
40093400
3fa4cc00
4015cc00
3f973c00
4022f500
3f8a6200
402f8d00
3f80b200
403cb600
3f6f6400
40494e00
3f60dc00
3fd8f600
3fd00600
3ff22600
3fbc2a00
40064c00
3fa8a800
4012e400
3f9b1800
40201d00
3f8d3200
402cb500
3f838200
40394d00
3f73a400
40468600
3f652400
40531e00
3f569c00
3fec3600
3fc1be00
4002b300
3fade200
400ffc00
3f9ef400
401c9400
3f916400
4029dd00
3f865200
40367500
3f794400
4043be00
3f696c00
40505600
3f5ae400
3fe64600
3fc75200
3fff7600
3fb37600
400d1400
3fa2d000
4019ac00
3f954000
40270500
3f892200
40339d00
3f7ee400
4040f600
3f6db400
404d8e00
3f5f2c00
3fe05600
3fcce600
3ff98600
3fb90a00
400a2c00
3fa6ac00
4016c400
3f991c00
40242d00
3f8bf200
4030c500
3f824200
403e2e00
3f71fc00
404ac600
3f637400
3fda6600
3fd27a00
3ff39600
3fbe9e00
40074400
3faa8800
4013dc00
3f9cf800
40207400
3f8f6800
402ded00
3f851200
403a8500
3f76c400
4047fe00
3f67bc00
40549600
3f593400
3feda600
3fc43200
40036b00
3fb05600
4010f400
3fa0d400
401d8c00
3f934400
402b1500
3f87e200
4037ad00
3f7c6400
40453600
3f6c0400
4051ce00
3f5d7c00
3fe7b600
3fc9c600
40007300
3fb5ea00
400e0c00
3fa4b000
401aa400
3f972000
40283d00
3f8ab200
4034d500
3f810200
40426e00
3f704c00
404f0600
3f61c400
3fe1c600
3fcf5a00
3ffaf600
3fbb7e00
400b2400
3fa88c00
4017bc00
3f9afc00
40256500
3f8d8200
4031fd00
3f83d200
403fa600
3f749400
404c3e00
3f660c00
3fdbd600
3fd4ee00
3ff50600
3fc11200
40083c00
3fac6800
4014d400
3f9ed800
40216c00
3f914800
402f2500
3f86a200
403bbd00
3f79e400
40497600
3f6a5400
40560e00
3f5bcc00
3fef1600
3fc6a600
40042300
3fb2ca00
4011ec00
3fa2b400
401e8400
3f952400
402c4d00
3f897200
4038e500
3f7f8400
4046ae00
3f6e9c00
40534600
3f601400
3fe92600
3fcc3a00
40012b00
3fb85e00
400f0400
3fa69000
401b9c00
3f990000
40297500
3f8c4200
40360d00
3f829200
4043e600
3f72e400
40507e00
3f645c00
3fe33600
3fd1ce00
3ffc6600
3fbdf200
400c1c00
3faa6c00
4018b400
3f9cdc00
40269d00
3f8f1200
40333500
3f856200
40411e00
3f772c00
404db600
3f68a400
3fdd4600
3fd76200
3ff67600
3fc38600
4007d300
3fafaa00
4015cc00
3fa0b800
40226400
3f932800
40305d00
3f883200
403cf500
3f7d0400
404aee00
3f6cec00
40578600
3f5e6400
3ff08600
3fc91a00
4004db00
3fb53e00
4012e400
3fa49400
401f7c00
3f970400
402d8500
3f8b0200
403a1d00
3f815200
40482600
3f713400
4054be00
3f62ac00
3fea9600
3fceae00
4001e300
3fbad200
400ffc00
3fa87000
401c9400
3f9ae000
402aad00
3f8dd200
40374500
3f842200
40455e00
3f757c00
4051f600
3f66f400
3fe4a600
3fd44200
3ffdd600
3fc06600
400d1400
3fac4c00
4019ac00
3f9ebc00
4027d500
3f90a200
40346d00
3f86f200
40429600
3f79c400
404f2e00
3f6b3c00
3fdeb600
3fd9d600
3ff7e600
3fc5fa00
40088b00
3fb21e00
4016c400
3fa29800
40235c00
3f950800
40319500
3f89c200
403e2d00
3f801200
404c6600
3f6f8400
4058fe00
3f60fc00
3ff1f600
3fcb8e00
40059300
3fb7b200
4013dc00
3fa67400
40207400
3f98e400
402ebd00
3f8c9200
403b5500
3f82e200
40499e00
3f73cc00
40563600
3f654400
3fec0600
3fd12200
40029b00
3fbd4600
4010f400
3faa5000
401d8c00
3f9cc000
402be500
3f8f6200
40387d00
3f85b200
4046d600
3f781400
40536e00
3f698c00
3fe61600
3fd6b600
3fff4600
3fc2da00
400e0c00
3fae2c00
401aa400
3fa09c00
40290d00
3f923200
4035a500
3f888200
40440e00
3f7c5c00
4050a600
3f6dd400
405d3e00
3f5f4c00
3ff95600
3fc86e00
40094300
3fb49200
4017bc00
3fa47800
40245400
3f96e800
4032cd00
3f8b5200
403f6500
3f81a200
404dde00
3f721c00
405a7600
3f639400
3ff36600
3fce0200
40064b00
3fba2600
4014d400
3fa85400
40216c00
3f9ac400
402ff500
3f8e2200
403c8d00
3f847200
404b1600
3f766400
4057ae00
3f67dc00
3feb3800
3fd51a00
40042400
3fbdda00
4010ad00
3fadd000
401f3500
3f9e5000
402bbe00
3f91ae00
403a4600
3f868a00
4046cf00
3f7c6400
40555700
3f6bec00
3fe44800
3fdb8e00
4000ac00
3fc44e00
400d4500
3fb22c00
401bcd00
3fa2ac00
40286600
3f94de00
4036ee00
3f89ba00
40438700
3f809600
40520f00
3f70b400
40609700
3f603c00
3ffa6800
3fcac200
400bbc00
3fb38200
40186500
3fa70800
4026ed00
3f978800
40339600
3f8cea00
40421e00
3f81c600
404ec700
3f757c00
405d4f00
3f650400
3ff37800
3fd13600
40084400
3fb9f600
4014fd00
3fab6400
40238500
3f9be400
40303e00
3f901a00
403ec600
3f84f600
404b7f00
3f7a4400
405a0700
3f69cc00
3fec8800
3fd7aa00
4004cc00
3fc06a00
40119500
3fafc000
40201d00
3fa04000
402ce600
3f934a00
403b6e00
3f882600
40483700
3f7f0c00
4056bf00
3f6e9400
3fe59800
3fde1e00
40015400
3fc6de00
400e2d00
3fb41c00
401cb500
3fa49c00
40298e00
3f967a00
40381600
3f8b5600
40469e00
3f803200
40537700
3f735c00
4061ff00
3f62e400
3ffbb800
3fcd5200
400c6400
3fb61200
40194d00
3fa8f800
4027d500
3f997800
4034be00
3f8e8600
40434600
3f836200
40502f00
3f782400
405eb700
3f67ac00
3ff4c800
3fd3c600
4008ec00
3fbc8600
4015e500
3fad5400
40246d00
3f9dd400
40316600
3f91b600
403fee00
3f869200
404ce700
3f7cec00
405b6f00
3f6c7400
3fedd800
3fda3a00
40057400
3fc2fa00
40127d00
3fb1b000
40210500
3fa23000
402e0e00
3f94e600
403c9600
3f89c200
40499f00
3f80da00
40582700
3f713c00
3fe6e800
3fe0ae00
4001fc00
3fc96e00
400f1500
3fb60c00
401d9d00
3fa68c00
402ab600
3f981600
40393e00
3f8cf200
4047c600
3f81ce00
4054df00
3f760400
40636700
3f658c00
3ffd0800
3fcfe200
400d0c00
3fb8a200
401a3500
3faae800
4028bd00
3f9b6800
4035e600
3f902200
40446e00
3f84fe00
40519700
3f7acc00
40601f00
3f6a5400
3ff61800
3fd65600
40099400
3fbf1600
4016cd00
3faf4400
40255500
3f9fc400
40328e00
3f935200
40411600
3f882e00
404e4f00
3f7f9400
405cd700
3f6f1c00
3fef2800
3fdcca00
40061c00
3fc58a00
40136500
3fb3a000
4021ed00
3fa42000
402f3600
3f968200
403dbe00
3f8b5e00
404b0700
3f822e00
40598f00
3f73e400
3fe83800
3fe33e00
4002a400
3fcbfe00
400ffd00
3fb7fc00
401e8500
3fa87c00
402d0d00
3f98fc00
403a6600
3f8e8e00
4048ee00
3f836a00
40564700
3f78ac00
4064cf00
3f683400
3ffe5800
3fd27200
400db400
3fbb3200
401b1d00
3facd800
4029a500
3f9d5800
40370e00
3f91be00
40459600
3f869a00
4052ff00
3f7d7400
40618700
3f6cfc00
3ff76800
3fd8e600
400a3c00
3fc1a600
4017b500
3fb13400
40263d00
3fa1b400
4033b600
3f94ee00
40423e00
3f89ca00
404fb700
3f811e00
405e3f00
3f71c400
3ff07800
3fdf5a00
4006c400
3fc81a00
40144d00
3fb59000
4022d500
3fa61000
40305e00
3f981e00
403ee600
3f8cfa00
404c6f00
3f838200
405af700
3f768c00
3fe98800
3fe5ce00
40034c00
3fce8e00
4010e500
3fb9ec00
401f6d00
3faa6c00
402df500
3f9aec00
403b8e00
3f902a00
404a1600
3f850600
4057af00
3f7b5400
40663700
3f6adc00
3fffa800
3fd50200
400e5c00
3fbdc200
401c0500
3faec800
402a8d00
3f9f4800
40383600
3f935a00
4046be00
3f883600
40546700
3f800e00
4062ef00
3f6fa400
3ff8b800
3fdb7600
400ae400
3fc43600
40189d00
3fb32400
40272500
3fa3a400
4034de00
3f968a00
40436600
3f8b6600
40511f00
3f827200
405fa700
3f746c00
3ff1c800
3fe1ea00
40076c00
3fcaaa00
40153500
3fb78000
4023bd00
3fa80000
40318600
3f99ba00
40400e00
3f8e9600
404dd700
3f84d600
405c5f00
3f793400
3fead800
3fe85e00
4003f400
3fd11e00
40127c00
3fb9de00
40205500
3fac5c00
402edd00
3f9cdc00
403cb600
3f91c600
404b3e00
3f86a200
40591700
3f7dfc00
40679f00
3f6d8400
40007c00
3fd79200
400f0400
3fc05200
401ced00
3fb0b800
402b7500
3fa13800
40395e00
3f94f600
4047e600
3f89d200
4055cf00
3f816200
40645700
3f724c00
3ffa0800
3fde0600
400b8c00
3fc6c600
40198500
3fb51400
40280d00
3fa59400
40360600
3f982600
40448e00
3f8d0200
40528700
3f83c600
40610f00
3f771400
3ff31800
3fe47a00
40081400
3fcd3a00
40161d00
3fb97000
4024a500
3fa9f000
4032ae00
3f9b5600
40413600
3f903200
404f3f00
3f862a00
405dc700
3f7bdc00
3fec2800
3feaee00
40049c00
3fd3ae00
40132400
3fbc6e00
40213d00
3fae4c00
402fc500
3f9ecc00
403dde00
3f936200
404c6600
3f883e00
405a7f00
3f805200
40690700
3f702c00
40012400
3fda2200
400fac00
3fc2e200
401dd500
3fb2a800
402c5d00
3fa32800
403a8600
3f969200
40490e00
3f8b6e00
40573700
3f82b600
4065bf00
3f74f400
3ffb5800
3fe09600
400c3400
3fc95600
401a6d00
3fb70400
4028f500
3fa78400
40372e00
3f99c200
4045b600
3f8e9e00
4053ef00
3f851a00
40627700
3f79bc00
3ff46800
3fe70a00
4008bc00
3fcfca00
40170500
3fbb6000
40258d00
3fabe000
4033d600
3f9cf200
40425e00
3f91ce00
4050a700
3f877e00
405f2f00
3f7e8400
406db700
3f6e0c00
40054400
3fd63e00
4013cc00
3fbefe00
40222500
3fb03c00
4030ad00
3fa0bc00
403f0600
3f94fe00
404d8e00
3f89da00
405be700
3f81a600
406a6f00
3f72d400
4001cc00
3fdcb200
40105400
3fc57200
401ebd00
3fb49800
402d4500
3fa51800
403bae00
3f982e00
404a3600
3f8d0a00
40589f00
3f840a00
40672700
3f779c00
3ffca800
3fe32600
400cdc00
3fcbe600
401b5500
3fb8f400
4029dd00
3fa97400
40385600
3f9b5e00
4046de00
3f903a00
40555700
3f866e00
4063df00
3f7c6400
3ff5b800
3fe99a00
40096400
3fd25a00
4017ed00
3fbd5000
40267500
3fadd000
4034fe00
3f9e8e00
40438600
3f936a00
40520f00
3f88d200
40609700
3f809600
406f1f00
3f70b400
4005ec00
3fd8ce00
40147400
3fc18e00
40230d00
3fb22c00
40319500
3fa2ac00
40402e00
3f969a00
404eb600
3f8b7600
405d4f00
3f82fa00
406bd700
3f757c00
40027400
3fdf4200
4010fc00
3fc80200
401fa500
3fb68800
402e2d00
3fa70800
403cd600
3f99ca00
404b5e00
3f8ea600
405a0700
3f855e00
40688f00
3f7a4400
3ffdf800
3fe5b600
400d8400
3fce7600
401c3d00
3fbae400
402ac500
3fab6400
40397e00
3f9cfa00
40480600
3f91d600
4056bf00
3f87c200
40654700
3f7f0c00
3ff70800
3fec2a00
400a0c00
3fd4ea00
4018d500
3fbf4000
40275d00
3fafc000
40362600
3fa02a00
4044ae00
3f950600
40533600
3f89e200
4061ff00
3f81ea00
40708700
3f735c00
40069400
3fdb5e00
40151c00
3fc41e00
4023f500
3fb41c00
40327d00
3fa49c00
40415600
3f983600
404fde00
3f8d1200
405eb700
3f844e00
406d3f00
3f782400
40031c00
3fe1d200
4011a400
3fca9200
40208d00
3fb87800
402f1500
3fa8f800
403dfe00
3f9b6600
404c8600
3f904200
405b6f00
3f86b200
4069f700
3f7cec00
3fff4800
3fe84600
400e2c00
3fd10600
401d2500
3fbcd400
402bad00
3fad5400
403aa600
3f9e9600
40492e00
3f937200
40582700
3f891600
4066af00
3f80da00
3ff85800
3feeba00
400ab400
3fd77a00
4019bd00
3fc13000
40284500
3fb1b000
40374e00
3fa1c600
4045d600
3f96a200
40545e00
3f8b7e00
40636700
3f833e00
4071ef00
3f760400
40073c00
3fddee00
4015c400
3fc6ae00
4024dd00
3fb60c00
40336500
3fa68c00
40427e00
3f99d200
40510600
3f8eae00
40601f00
3f85a200
406ea700
3f7acc00
4003c400
3fe46200
40124c00
3fcd2200
40217500
3fba6800
402ffd00
3faae800
403f2600
3f9d0200
404dae00
3f91de00
405cd700
3f880600
406b5f00
3f7f9400
40004c00
3fead600
400ed400
3fd39600
401e0d00
3fbec400
402c9500
3faf4400
403bce00
3fa03200
404a5600
3f950e00
40598f00
3f8a6a00
40681700
3f822e00
3ff9a800
3ff14a00
400b5c00
3fda0a00
401aa500
3fc32000
40292d00
3fb3a000
4037b500
3fa42000
4046fe00
3f983e00
40558600
3f8d1a00
4064cf00
3f849200
40735700
3f78ac00
4007e400
3fe07e00
40166c00
3fc93e00
4025c500
3fb7fc00
40344d00
3fa87c00
4043a600
3f9b6e00
40522e00
3f904a00
40618700
3f86f600
40700f00
3f7d7400
40046c00
3fe6f200
4012f400
3fcfb200
40225d00
3fbc5800
4030e500
3facd800
40404e00
3f9e9e00
404ed600
3f937a00
405e3f00
3f895a00
406cc700
3f811e00
4000f400
3fed6600
400f7c00
3fd62600
401ef500
3fc0b400
402d7d00
3fb13400
403cf600
3fa1ce00
404b7e00
3f96aa00
405af700
3f8bbe00
40697f00
3f838200
3ffaf800
3ff3da00
400c0400
3fdc9a00
401b8d00
3fc51000
402a1500
3fb59000
40389d00
3fa61000
40482600
3f99da00
4056ae00
3f8eb600
40663700
3f85e600
4074bf00
3f7b5400
40088c00
3fe30e00
40171400
3fcbce00
4026ad00
3fb9ec00
40353500
3faa6c00
4044ce00
3f9d0a00
40535600
3f91e600
4062ef00
3f884a00
40717700
3f800e00
40051400
3fe98200
40139c00
3fd24200
40234500
3fbe4800
4031cd00
3faec800
40417600
3fa03a00
404ffe00
3f951600
405fa700
3f8aae00
406e2f00
3f827200
40019c00
3feff600
40102400
3fd8b600
401fdd00
3fc2a400
402e6500
3fb32400
403e1e00
3fa36a00
404ca600
3f984600
405c5f00
3f8d1200
406ae700
3f84d600
3ffc4800
3ff66a00
400cac00
3fdf2a00
401b3400
3fc7ea00
402afd00
3fb78000
40398500
3fa80000
40494e00
3f9b7600
4057d600
3f905200
40679f00
3f873a00
40762700
3f7dfc00
40093400
3fe59e00
4017bc00
3fce5e00
40279500
3fbbdc00
40361d00
3fac5c00
4045f600
3f9ea600
40547e00
3f938200
40645700
3f899e00
4072df00
3f816200
4005bc00
3fec1200
40144400
3fd4d200
40242d00
3fc03800
4032b500
3fb0b800
40429e00
3fa1d600
40512600
3f96b200
40610f00
3f8c0200
406f9700
3f83c600
40024400
3ff28600
4010cc00
3fdb4600
4020c500
3fc49400
402f4d00
3fb51400
403f4600
3fa50600
404dce00
3f99e200
405dc700
3f8e6600
406c4f00
3f862a00
3ffd9800
3ff8fa00
400d5400
3fe1ba00
401bdc00
3fca7a00
402be500
3fb97000
403a6d00
3fa9f000
404a7600
3f9d1200
4058fe00
3f91ee00
40690700
3f888e00
40778f00
3f805200
4009dc00
3fe82e00
40186400
3fd0ee00
40287d00
3fbdcc00
40370500
3fae4c00
40471e00
3fa04200
4055a600
3f951e00
4065bf00
3f8af200
40744700
3f82b600
40066400
3feea200
4014ec00
3fd76200
40251500
3fc22800
40339d00
3fb2a800
4043c600
3fa37200
40524e00
3f984e00
40627700
3f8d5600
4070ff00
3f851a00
4002ec00
3ff51600
40117400
3fddd600
4021ad00
3fc68400
40303500
3fb70400
40406e00
3fa6a200
404ef600
3f9b7e00
405f2f00
3f8fba00
406db700
3f877e00
407c3f00
3f7e8400
400dfc00
3fe44a00
401c8400
3fcd0a00
402ccd00
3fbb6000
403b5500
3fabe000
404b9e00
3f9eae00
405a2600
3f938a00
406a6f00
3f89e200
4078f700
3f81a600
400a8400
3feabe00
40190c00
3fd37e00
40296500
3fbfbc00
4037ed00
3fb03c00
40484600
3fa1de00
4056ce00
3f96ba00
40672700
3f8c4600
4075af00
3f840a00
40070c00
3ff13200
40159400
3fd9f200
4025fd00
3fc41800
40348500
3fb49800
4044ee00
3fa50e00
40537600
3f99ea00
4063df00
3f8eaa00
40726700
3f866e00
40039400
3ff7a600
40121c00
3fe06600
40229500
3fc87400
40311d00
3fb8f400
40419600
3fa83e00
40501e00
3f9d1a00
40609700
3f910e00
406f1f00
3f88d200
407da700
3f809600
3f8f5e00
3f66a400
3fa0ce00
3f4a8c00
3fae5c00
3f3e7400
3fbfcc00
3f2c0c00
3fcd5a00
3f208e00
3fdeca00
3f12fe00
3fec5800
3f0bfd00
3ffdc800
3f024d00
3f8b6e00
3f6ecc00
3f9cde00
3f52b400
3faa8c00
3f43ec00
3fbbfc00
3f318400
3fc9aa00
3f24ae00
3fdb1a00
3f171e00
3fe8c800
3f0f0500
3ffa3800
3f055500
3f877e00
3f76f400
3f98ee00
3f5adc00
3fa6bc00
3f496400
3fb82c00
3f36fc00
3fc5fa00
3f28ce00
3fd76a00
3f1b3e00
3fe53800
3f120d00
3ff6a800
3f085d00
3f838e00
3f7f1c00
3f94fe00
3f630400
3fa2ec00
3f4edc00
3fb45c00
3f3c7400
3fc24a00
3f2cee00
3fd3ba00
3f1f5e00
3fe52a00
3f11ce00
3ff31800
3f0b6500
40024400
3f01b500
3f910e00
3f6b2c00
3fa27e00
3f4f1400
3fb08c00
3f41ec00
3fc1fc00
3f2f8400
3fd00a00
3f237e00
3fe17a00
3f15ee00
3fef8800
3f0e6d00
40007c00
3f04bd00
3f8d1e00
3f735400
3f9e8e00
3f573c00
3facbc00
3f476400
3fbe2c00
3f34fc00
3fcc5a00
3f279e00
3fddca00
3f1a0e00
3febf800
3f117500
3ffd6800
3f07c500
3f892e00
3f7b7c00
3f9a9e00
3f5f6400
3fa8ec00
3f4cdc00
3fba5c00
3f3a7400
3fc8aa00
3f2bbe00
3fda1a00
3f1e2e00
3fe86800
3f147d00
3ff9d800
3f0acd00
3f853e00
3f81d200
3f96ae00
3f678c00
3fa51c00
3f525400
3fb68c00
3f3fec00
3fc4fa00
3f2fde00
3fd66a00
3f224e00
3fe7da00
3f14be00
3ff64800
3f0dd500
4003dc00
3f042500
3f92be00
3f6fb400
3fa42e00
3f539c00
3fb2bc00
3f456400
3fc42c00
3f32fc00
3fd2ba00
3f266e00
3fe42a00
3f18de00
3ff2b800
3f10dd00
40021400
3f072d00
3f8ece00
3f77dc00
3fa03e00
3f5bc400
3faeec00
3f4adc00
3fc05c00
3f387400
3fcf0a00
3f2a8e00
3fe07a00
3f1cfe00
3fef2800
3f13e500
40004c00
3f0a3500
3f8ade00
3f800200
3f9c4e00
3f63ec00
3fab1c00
3f505400
3fbc8c00
3f3dec00
3fcb5a00
3f2eae00
3fdcca00
3f211e00
3feb9800
3f16ed00
3ffd0800
3f0d3d00
3f86ee00
3f841600
3f985e00
3f6c1400
3fa74c00
3f55cc00
3fb8bc00
3f436400
3fca2c00
3f30fc00
3fd91a00
3f253e00
3fea8a00
3f17ae00
3ff97800
3f104500
40057400
3f069500
3f946e00
3f743c00
3fa5de00
3f582400
3fb4ec00
3f48dc00
3fc65c00
3f367400
3fd56a00
3f295e00
3fe6da00
3f1bce00
3ff5e800
3f134d00
4003ac00
3f099d00
3f907e00
3f7c6400
3fa1ee00
3f604c00
3fb11c00
3f4e5400
3fc28c00
3f3bec00
3fd1ba00
3f2d7e00
3fe32a00
3f1fee00
3ff25800
3f165500
4001e400
3f0ca500
3f8c8e00
3f824600
3f9dfe00
3f687400
3fad4c00
3f53cc00
3fbebc00
3f416400
3fce0a00
3f319e00
3fdf7a00
3f240e00
3feec800
3f195d00
40001c00
3f0fad00
3f889e00
3f865a00
3f9a0e00
3f709c00
3fa97c00
3f594400
3fbaec00
3f46dc00
3fcc5c00
3f347400
3fdbca00
3f282e00
3fed3a00
3f1a9e00
3ffca800
3f12b500
40070c00
3f090500
3f961e00
3f78c400
3fa78e00
3f5cac00
3fb71c00
3f4c5400
3fc88c00
3f39ec00
3fd81a00
3f2c4e00
3fe98a00
3f1ebe00
3ff91800
3f15bd00
40054400
3f0c0d00
3f922e00
3f807600
3fa39e00
3f64d400
3fb34c00
3f51cc00
3fc4bc00
3f3f6400
3fd46a00
3f306e00
3fe5da00
3f22de00
3ff58800
3f18c500
40037c00
3f0f1500
3f8e3e00
3f848a00
3f9fae00
3f6cfc00
3faf7c00
3f574400
3fc0ec00
3f44dc00
3fd0ba00
3f348e00
3fe22a00
3f26fe00
3ff1f800
3f1bcd00
4001b400
3f121d00
3f8a4e00
3f889e00
3f9bbe00
3f752400
3fad2e00
3f590c00
3fbd1c00
3f4a5400
3fce8c00
3f37ec00
3fde7a00
3f2b1e00
3fefea00
3f1d8e00
3fffd800
3f152500
4008a400
3f0b7500
3f97ce00
3f7d4c00
3fa93e00
3f613400
3fb94c00
3f4fcc00
3fcabc00
3f3d6400
3fdaca00
3f2f3e00
3fec3a00
3f21ae00
3ffc4800
3f182d00
4006dc00
3f0e7d00
3f93de00
3f82ba00
3fa54e00
3f695c00
3fb57c00
3f554400
3fc6ec00
3f42dc00
3fd71a00
3f335e00
3fe88a00
3f25ce00
3ff8b800
3f1b3500
40051400
3f118500
3f8fee00
3f86ce00
3fa15e00
3f718400
3fb1ac00
3f5abc00
3fc31c00
3f485400
3fd36a00
3f377e00
3fe4da00
3f29ee00
3ff52800
3f1e3d00
40034c00
3f148d00
3f8bfe00
3f8ae200
3f9d6e00
3f79ac00
3faede00
3f5d9400
3fbf4c00
3f4dcc00
3fd0bc00
3f3b6400
3fe12a00
3f2e0e00
3ff29a00
3f207e00
40018400
3f179500
400a3c00
3f0de500
3f997e00
3f80ea00
3faaee00
3f65bc00
3fbb7c00
3f534400
3fccec00
3f40dc00
3fdd7a00
3f322e00
3feeea00
3f249e00
3fff7800
3f1a9d00
40087400
3f10ed00
3f958e00
3f84fe00
3fa6fe00
3f6de400
3fb7ac00
3f58bc00
3fc91c00
3f465400
3fd9ca00
3f364e00
3feb3a00
3f28be00
3ffbe800
3f1da500
4006ac00
3f13f500
3f919e00
3f891200
3fa30e00
3f760c00
3fb3dc00
3f5e3400
3fc54c00
3f4bcc00
3fd61a00
3f3a6e00
3fe78a00
3f2cde00
3ff85800
3f20ad00
4004e400
3f16fd00
400d9c00
3f0d4d00
3f9f1e00
3f7e3400
3fb08e00
3f621c00
3fc17c00
3f514400
3fd2ec00
3f3edc00
3fe3da00
3f30fe00
3ff54a00
3f236e00
40031c00
3f1a0500
400bd400
3f105500
3f9b2e00
3f832e00
3fac9e00
3f6a4400
3fbdac00
3f56bc00
3fcf1c00
3f445400
3fe02a00
3f351e00
3ff19a00
3f278e00
40015400
3f1d0d00
400a0c00
3f135d00
3f973e00
3f874200
3fa8ae00
3f726c00
3fb9dc00
3f5c3400
3fcb4c00
3f49cc00
3fdc7a00
3f393e00
3fedea00
3f2bae00
3fff1800
3f201500
40084400
3f166500
3f934e00
3f8b5600
3fa4be00
3f7a9400
3fb60c00
3f61ac00
3fc77c00
3f4f4400
3fd8ca00
3f3d5e00
3fea3a00
3f2fce00
3ffb8800
3f231d00
40067c00
3f196d00
400f3400
3f0fbd00
3fa0ce00
3f815e00
3fb23e00
3f66a400
3fc3ac00
3f54bc00
3fd51c00
3f425400
3fe68a00
3f33ee00
3ff7fa00
3f265e00
4004b400
3f1c7500
400d6c00
3f12c500
3f9cde00
3f857200
3fae4e00
3f6ecc00
3fbfdc00
3f5a3400
3fd14c00
3f47cc00
3fe2da00
3f380e00
3ff44a00
3f2a7e00
4002ec00
3f1f7d00
400ba400
3f15cd00
3f98ee00
3f898600
3faa5e00
3f76f400
3fbc0c00
3f5fac00
3fcd7c00
3f4d4400
3fdf2a00
3f3c2e00
3ff09a00
3f2e9e00
40012400
3f228500
4009dc00
3f18d500
3f94fe00
3f8d9a00
3fa66e00
3f7f1c00
3fb83c00
3f652400
3fc9ac00
3f52bc00
3fdb7a00
3f404e00
3fecea00
3f32be00
3ffe5a00
3f252e00
40081400
3f1bdd00
4010cc00
3f122d00
3fa27e00
3f83a200
3fb3ee00
3f6b2c00
3fc5dc00
3f583400
3fd74c00
3f45cc00
3fe93a00
3f36de00
3ffaaa00
3f294e00
40064c00
3f1ee500
400f0400
3f153500
3f9e8e00
3f87b600
3faffe00
3f735400
3fc20c00
3f5dac00
3fd37c00
3f4b4400
3fe58a00
3f3afe00
3ff6fa00
3f2d6e00
40048400
3f21ed00
400d3c00
3f183d00
3f9a9e00
3f8bca00
3fac0e00
3f7b7c00
3fbe3c00
3f632400
3fcfac00
3f50bc00
3fe1da00
3f3f1e00
3ff34a00
3f318e00
4002bc00
3f24f500
400b7400
3f1b4500
3f96ae00
3f8fde00
3fa81e00
3f81d200
3fba6c00
3f689c00
3fcbdc00
3f563400
3fde2a00
3f433e00
3fef9a00
3f35ae00
40008500
3f281e00
4009ac00
3f1e4d00
40126400
3f149d00
3fa42e00
3f85e600
3fb59e00
3f6fb400
3fc80c00
3f5bac00
3fd97c00
3f494400
3febea00
3f39ce00
3ffd5a00
3f2c3e00
4007e400
3f215500
40109c00
3f17a500
3fa03e00
3f89fa00
3fb1ae00
3f77dc00
3fc43c00
3f612400
3fd5ac00
3f4ebc00
3fe83a00
3f3dee00
3ff9aa00
3f305e00
40061c00
3f245d00
400ed400
3f1aad00
3f9c4e00
3f8e0e00
3fadbe00
3f800200
3fc06c00
3f669c00
3fd1dc00
3f543400
3fe48a00
3f420e00
3ff5fa00
3f347e00
40045400
3f276500
400d0c00
3f1db500
3f985e00
3f922200
3fa9ce00
3f841600
3fbc9c00
3f6c1400
3fce0c00
3f59ac00
3fdf7c00
3f474400
3ff24a00
3f389e00
4001dd00
3f2b0e00
400b4400
3f20bd00
4013fc00
3f170d00
3fa5de00
3f882a00
3fb74e00
3f743c00
3fca3c00
3f5f2400
3fdbac00
3f4cbc00
3fee9a00
3f3cbe00
40000500
3f2f2e00
40097c00
3f23c500
40123400
3f1a1500
3fa1ee00
3f8c3e00
3fb35e00
3f7c6400
3fc66c00
3f649c00
3fd7dc00
3f523400
3feaea00
3f40de00
3ffc5a00
3f334e00
4007b400
3f26cd00
40106c00
3f1d1d00
3f9dfe00
3f905200
3faf6e00
3f824600
3fc29c00
3f6a1400
3fd40c00
3f57ac00
3fe73a00
3f44fe00
3ff8aa00
3f376e00
4005ec00
3f29d500
400ea400
3f202500
3f9a0e00
3f946600
3fab7e00
3f865a00
3fbecc00
3f6f8c00
3fd03c00
3f5d2400
3fe1ac00
3f4abc00
3ff4fa00
3f3b8e00
40033500
3f2dfe00
400cdc00
3f232d00
40159400
3f197d00
3fa78e00
3f8a6e00
3fb8fe00
3f78c400
3fcc6c00
3f629c00
3fdddc00
3f503400
3ff14a00
3f3fae00
40015d00
3f321e00
400b1400
3f263500
4013cc00
3f1c8500
3fa39e00
3f8e8200
3fb50e00
3f807600
3fc89c00
3f681400
3fda0c00
3f55ac00
3fed9a00
3f43ce00
3fff0a00
3f363e00
40094c00
3f293d00
40120400
3f1f8d00
3f9fae00
3f929600
3fb11e00
3f848a00
3fc4cc00
3f6d8c00
3fd63c00
3f5b2400
3fe9ea00
3f47ee00
3ffb5a00
3f3a5e00
40078400
3f2c4500
40103c00
3f229500
3f9bbe00
3f96aa00
3fad2e00
3f889e00
3fbe9e00
3f752400
3fd26c00
3f609c00
3fe3dc00
3f4e3400
3ff7aa00
3f3e7e00
40048d00
3f30ee00
400e7400
3f259d00
40172c00
3f1bed00
3fa93e00
3f8cb200
3fbaae00
3f7d4c00
3fce9c00
3f661400
3fe00c00
3f53ac00
3ff3fa00
3f429e00
4002b500
3f350e00
400cac00
3f28a500
40156400
3f1ef500
3fa54e00
3f90c600
3fb6be00
3f82ba00
3fcacc00
3f6b8c00
3fdc3c00
3f592400
3ff04a00
3f46be00
4000dd00
3f392e00
400ae400
3f2bad00
40139c00
3f21fd00
3fa15e00
3f94da00
3fb2ce00
3f86ce00
3fc6fc00
3f710400
3fd86c00
3f5e9c00
3fec9a00
3f4ade00
3ffe0a00
3f3d4e00
40091c00
3f2eb500
4011d400
3f250500
3f9d6e00
3f98ee00
3faede00
3f8ae200
3fc04e00
3f79ac00
3fd49c00
3f641400
3fe60c00
3f51ac00
3ffa5a00
3f416e00
4005e500
3f33de00
40100c00
3f280d00
4018c400
3f1e5d00
3faaee00
3f8ef600
3fbc5e00
3f80ea00
3fd0cc00
3f698c00
3fe23c00
3f572400
3ff6aa00
3f458e00
40040d00
3f37fe00
400e4400
3f2b1500
4016fc00
3f216500
3fa6fe00
3f930a00
3fb86e00
3f84fe00
3fccfc00
3f6f0400
3fde6c00
3f5c9c00
3ff2fa00
3f49ae00
40023500
3f3c1e00
400c7c00
3f2e1d00
40153400
3f246d00
3fa30e00
3f971e00
3fb47e00
3f891200
3fc92c00
3f747c00
3fda9c00
3f621400
3fef4a00
3f4dce00
40005d00
3f403e00
400ab400
3f312500
40136c00
3f277500
401c2400
3f1dc500
3fb08e00
3f8d2600
3fc1fe00
3f7e3400
3fd6cc00
3f678c00
3fe83c00
3f552400
3ffd0a00
3f445e00
40073d00
3f36ce00
4011a400
3f2a7d00
401a5c00
3f20cd00
3fac9e00
3f913a00
3fbe0e00
3f832e00
3fd2fc00
3f6d0400
3fe46c00
3f5a9c00
3ff95a00
3f487e00
40056500
3f3aee00
400fdc00
3f2d8500
40189400
3f23d500
3fa8ae00
3f954e00
3fba1e00
3f874200
3fcf2c00
3f727c00
3fe09c00
3f601400
3ff5aa00
3f4c9e00
40038d00
3f3f0e00
400e1400
3f308d00
4016cc00
3f26dd00
3fa4be00
3f996200
3fb62e00
3f8b5600
3fcb5c00
3f77f400
3fdccc00
3f658c00
3ff1fa00
3f50be00
4001b500
3f432e00
400c4c00
3f339500
40150400
3f29e500
401dbc00
3f203500
3fb23e00
3f8f6a00
3fc3ae00
3f815e00
3fd8fc00
3f6b0400
3fea6c00
3f589c00
3fffba00
3f474e00
40089500
3f39be00
40133c00
3f2ced00
401bf400
3f233d00
3fae4e00
3f937e00
3fbfbe00
3f857200
3fd52c00
3f707c00
3fe69c00
3f5e1400
3ffc0a00
3f4b6e00
4006bd00
3f3dde00
40117400
3f2ff500
401a2c00
3f264500
3fa81c00
3f98d100
3fbd6c00
3f87dd00
3fceda00
3f793800
3fe42a00
3f62f000
3ff59800
3f510900
40057400
3f409100
400e2b00
3f357800
4018d300
3f28e000
3fa32c00
3f9da500
3fb87c00
3f8cb100
3fca0a00
3f7fb000
3fdf5a00
3f696800
3ff0e800
3f55e900
40031c00
3f457100
400dc400
3f34f900
40168b00
3f2ca800
40213300
3f201000
3fb38c00
3f918500
3fc8dc00
3f809100
3fda8a00
3f6fe000
3fefda00
3f599800
4000c400
3f4a5100
400b6c00
3f39d900
40144300
3f307000
401eeb00
3f23d800
3fae9c00
3f965900
3fc3ec00
3f856500
3fd5ba00
3f765800
3feb0a00
3f601000
3ffcd800
3f4f3100
40091400
3f3eb900
4011fb00
3f343800
401ca300
3f27a000
3fa9ac00
3f9b2d00
3fbefc00
3f8a3900
3fd0ea00
3f7cd000
3fe63a00
3f668800
3ff82800
3f541100
4006bc00
3f439900
400fb300
3f380000
401a5b00
3f2b6800
3fa4bc00
3fa00100
3fba0c00
3f8f0d00
3fcc1a00
3f81a400
3fe16a00
3f6d0000
3ff37800
3f58f100
40046400
3f487900
400f0c00
3f380100
40181300
3f2f3000
4022bb00
3f229800
3fb51c00
3f93e100
3fca6c00
3f82ed00
3fdc9a00
3f737800
3ff1ea00
3f5d3000
40020c00
3f4d5900
400cb400
3f3ce100
4015cb00
3f32f800
40207300
3f266000
3fb02c00
3f98b500
3fc57c00
3f87c100
3fd7ca00
3f79f000
3fed1a00
3f63a800
3fff6800
3f523900
400a5c00
3f41c100
40138300
3f36c000
401e2b00
3f2a2800
3fab3c00
3f9d8900
3fc08c00
3f8c9500
3fd2fa00
3f803400
3fe84a00
3f6a2000
3ffab800
3f571900
40080400
3f46a100
40113b00
3f3a8800
401be300
3f2df000
3fa64c00
3fa25d00
3fbb9c00
3f916900
3fce2a00
3f837000
3fe37a00
3f709800
3ff8ca00
3f5a5000
4005ac00
3f4b8100
40105400
3f3b0900
40199b00
3f31b800
40244300
3f252000
3fb6ac00
3f963d00
3fcbfc00
3f854900
3fdeaa00
3f771000
3ff3fa00
3f60c800
40035400
3f506100
400dfc00
3f3fe900
40175300
3f358000
4021fb00
3f28e800
3fb1bc00
3f9b1100
3fc70c00
3f8a1d00
3fd9da00
3f7d8800
3fef2a00
3f674000
4000fc00
3f554100
400ba400
3f44c900
40150b00
3f394800
401fb300
3f2cb000
3faccc00
3f9fe500
3fc21c00
3f8ef100
3fd50a00
3f820000
3fea5a00
3f6db800
3ffd4800
3f5a2100
40094c00
3f49a900
4012c300
3f3d1000
401d6b00
3f307800
3fa7dc00
3fa4b900
3fbd2c00
3f93c500
3fd03a00
3f853c00
3fe58a00
3f743000
3ffada00
3f5de800
4006f400
3f4e8900
40119c00
3f3e1100
401b2300
3f344000
4025cb00
3f27a800
3fb83c00
3f989900
3fcd8c00
3f87a500
3fe0ba00
3f7aa800
3ff60a00
3f646000
40049c00
3f536900
400f4400
3f42f100
4018db00
3f380800
40238300
3f2b7000
3fb34c00
3f9d6d00
3fc89c00
3f8c7900
3fdbea00
3f809000
3ff13a00
3f6ad800
40024400
3f584900
400cec00
3f47d100
40169300
3f3bd000
40213b00
3f2f3800
3fae5c00
3fa24100
3fc3ac00
3f914d00
3fd71a00
3f83cc00
3fec6a00
3f715000
3fffd800
3f5d2900
400a9400
3f4cb100
40144b00
3f3f9800
401ef300
3f330000
3fa96c00
3fa71500
3fbebc00
3f962100
3fd40c00
3f852d00
3fe79a00
3f77c800
3ffcea00
3f618000
40083c00
3f519100
4012e400
3f411900
401cab00
3f36c800
40275300
3f2a3000
3fb9cc00
3f9af500
3fcf1c00
3f8a0100
3fe2ca00
3f7e4000
3ff81a00
3f67f800
4005e400
3f567100
40108c00
3f45f900
401a6300
3f3a9000
40250b00
3f2df800
3fb4dc00
3f9fc900
3fca2c00
3f8ed500
3fddfa00
3f825c00
3ff34a00
3f6e7000
40038c00
3f5b5100
400e3400
3f4ad900
40181b00
3f3e5800
4022c300
3f31c000
3fafec00
3fa49d00
3fc53c00
3f93a900
3fd92a00
3f859800
3fee7a00
3f74e800
40013400
3f603100
400bdc00
3f4fb900
4015d300
3f422000
40207b00
3f358800
3faafc00
3fa97100
3fc04c00
3f987d00
3fd59c00
3f878900
3fe9aa00
3f7b6000
3ffefa00
3f651800
40098400
3f549900
40142c00
3f442100
401e3300
3f395000
4028db00
3f2cb800
3fbb5c00
3f9d5100
3fd0ac00
3f8c5d00
3fe4da00
3f80ec00
3ffa2a00
3f6b9000
40072c00
3f597900
4011d400
3f490100
401beb00
3f3d1800
40269300
3f308000
3fb66c00
3fa22500
3fcbbc00
3f913100
3fe00a00
3f842800
3ff55a00
3f720800
4004d400
3f5e5900
400f7c00
3f4de100
4019a300
3f40e000
40244b00
3f344800
3fb17c00
3fa6f900
3fc6cc00
3f960500
3fdb3a00
3f876400
3ff08a00
3f788000
40027c00
3f633900
400d2400
3f52c100
40175b00
3f44a800
40220300
3f381000
402cab00
3f2b7800
3fc1dc00
3f9ad900
3fd72c00
3f89e500
3febba00
3f7ef800
40008500
3f68b000
400acc00
3f57a100
40157400
3f472900
401fbb00
3f3bd800
402a6300
3f2f4000
3fbcec00
3f9fad00
3fd23c00
3f8eb900
3fe6ea00
3f82b800
3ffc3a00
3f6f2800
40087400
3f5c8100
40131c00
3f4c0900
401d7300
3f3fa000
40281b00
3f330800
3fb7fc00
3fa48100
3fcd4c00
3f938d00
3fe21a00
3f85f400
3ff76a00
3f75a000
40061c00
3f616100
4010c400
3f50e900
401b2b00
3f436800
4025d300
3f36d000
3fb30c00
3fa95500
3fc85c00
3f986100
3fdd4a00
3f893000
3ff29a00
3f7c1800
4003c400
3f664100
400e6c00
3f55c900
4018e300
3f473000
40238b00
3f3a9800
402e3300
3f2e0000
3fc36c00
3f9d3500
3fd8bc00
3f8c4100
3fedca00
3f814800
40018d00
3f6c4800
400c1400
3f5aa900
4016bc00
3f4a3100
40214300
3f3e6000
402beb00
3f31c800
3fbe7c00
3fa20900
3fd3cc00
3f911500
3fe8fa00
3f848400
3ffe4a00
3f72c000
4009bc00
3f5f8900
40146400
3f4f1100
401efb00
3f422800
4029a300
3f359000
3fb98c00
3fa6dd00
3fcedc00
3f95e900
3fe42a00
3f87c000
3ff97a00
3f793800
40076400
3f646900
40120c00
3f53f100
401cb300
3f45f000
40275b00
3f395800
3fb49c00
3fabb100
3fc9ec00
3f9abd00
3fdf5a00
3f8afc00
3ff4aa00
3f7fb000
40050c00
3f694900
400fb400
3f58d100
401a5c00
3f485900
40251300
3f3d2000
402fbb00
3f308800
3fc4fc00
3f9f9100
3fda4c00
3f8e9d00
3fefda00
3f831400
40029500
3f6fe000
400d5c00
3f5db100
40180400
3f4d3900
4022cb00
3f40e800
402d7300
3f345000
3fc00c00
3fa46500
3fd55c00
3f937100
3feb0a00
3f865000
40002d00
3f765800
400b0400
3f629100
4015ac00
3f521900
40208300
3f44b000
402b2b00
3f381800
3fbb1c00
3fa93900
3fd06c00
3f984500
3fe63a00
3f898c00
3ffb8a00
3f7cd000
4008ac00
3f677100
40135400
3f56f900
401e3b00
3f487800
4028e300
3f3be000
3fb62c00
3fae0d00
3fcb7c00
3f9d1900
3fe16a00
3f8cc800
3ff6ba00
3f81a400
40065400
3f6c5100
4010fc00
3f5bd900
401ba400
3f4b6100
40269b00
3f3fa800
40314300
3f331000
3fc68c00
3fa1ed00
3fdbdc00
3f90f900
3ff1ea00
3f84e000
40039d00
3f737800
400ea400
3f60b900
40194c00
3f504100
40245300
3f437000
402efb00
3f36d800
3fc19c00
3fa6c100
3fd6ec00
3f95cd00
3fed1a00
3f881c00
40013500
3f79f000
400c4c00
3f659900
4016f400
3f552100
40220b00
3f473800
402cb300
3f3aa000
3fbcac00
3fab9500
3fd1fc00
3f9aa100
3fe84a00
3f8b5800
3ffd9a00
3f803400
4009f400
3f6a7900
40149c00
3f5a0100
401fc300
3f4b0000
402a6b00
3f3e6800
3fb7bc00
3fb06900
3fcd0c00
3f9f7500
3fe37a00
3f8e9400
3ff8ca00
3f837000
40070d00
3f709800
40124400
3f5ee100
401cec00
3f4e6900
40282300
3f423000
4032cb00
3f359800
3fc81c00
3fa44900
3fdd6c00
3f935500
3ff3fa00
3f86ac00
4004a500
3f771000
400fec00
3f63c100
401a9400
3f534900
4025db00
3f45f800
40308300
3f396000
3fc32c00
3fa91d00
3fd87c00
3f982900
3fef2a00
3f89e800
40023d00
3f7d8800
400d9400
3f68a100
40183c00
3f582900
40239300
3f49c000
402e3b00
3f3d2800
3fbe3c00
3fadf100
3fd38c00
3f9cfd00
3fea5a00
3f8d2400
3fffaa00
3f820000
400b3c00
3f6d8100
4015e400
3f5d0900
40214b00
3f4d8800
402bf300
3f40f000
3fb94c00
3fb2c500
3fce9c00
3fa1d100
3fe58a00
3f906000
3ffada00
3f853c00
40081500
3f743000
40138c00
3f61e900
401e3400
3f517100
4029ab00
3f44b800
40345300
3f382000
3fc9ac00
3fa6a500
3fdefc00
3f95b100
3ff60a00
3f887800
4005ad00
3f7aa800
40113400
3f66c900
401bdc00
3f565100
40276300
3f488000
40320b00
3f3be800
3fc4bc00
3fab7900
3fda0c00
3f9a8500
3ff13a00
3f8bb400
40034500
3f809000
400edc00
3f6ba900
40198400
3f5b3100
40251b00
3f4c4800
402fc300
3f3fb000
3fbfcc00
3fb04d00
3fd51c00
3f9f5900
3fec6a00
3f8ef000
4000dd00
3f83cc00
400c8400
3f708900
40172c00
3f601100
4022d300
3f501000
402d7b00
3f437800
3fbadc00
3fb52100
3fd02c00
3fa42d00
3fe57c00
3f933900
3ffcea00
3f870800
40091d00
3f77c800
4014d400
3f64f100
401f7c00
3f547900
402b3300
3f474000
4035db00
3f3aa800
3fcb3c00
3fa90100
3fe08c00
3f980d00
3ff81a00
3f8a4400
4006b500
3f7e4000
40127c00
3f69d100
401d2400
3f595900
4028eb00
3f4b0800
40339300
3f3e7000
3fc64c00
3fadd500
3fdb9c00
3f9ce100
3ff34a00
3f8d8000
40044d00
3f825c00
40102400
3f6eb100
401acc00
3f5e3900
4026a300
3f4ed000
40314b00
3f423800
3fc15c00
3fb2a900
3fd6ac00
3fa1b500
3fee7a00
3f90bc00
4001e500
3f859800
400dcc00
3f739100
40187400
3f631900
40245b00
3f529800
402f0300
3f460000
3fbc6c00
3fb77d00
3fd1bc00
3fa68900
3fe70c00
3f959500
3ffefa00
3f88d400
400a2500
3f7b6000
40161c00
3f67f900
4020c400
3f578100
402cbb00
3f49c800
40376300
3f3d3000
3fcccc00
3fab5d00
3fe21c00
3f9a6900
3ffa2a00
3f8c1000
4007bd00
3f80ec00
4013c400
3f6cd900
401e6c00
3f5c6100
402a7300
3f4d9000
40351b00
3f40f800
3fc7dc00
3fb03100
3fdd2c00
3f9f3d00
3ff55a00
3f8f4c00
40055500
3f842800
40116c00
3f71b900
401c1400
3f614100
40282b00
3f515800
4032d300
3f44c000
3fc2ec00
3fb50500
3fd83c00
3fa41100
3ff08a00
3f928800
4002ed00
3f876400
400f1400
3f769900
4019bc00
3f662100
4025e300
3f552000
40308b00
3f488800
403b3300
3f3bf000
3fd34c00
3fa8e500
3fe89c00
3f97f100
40008500
3f8aa000
400b2d00
3f7ef800
40176400
3f6b0100
40220c00
3f5a8900
402e4300
3f4c5000
4038eb00
3f3fb800
3fce5c00
3fadb900
3fe3ac00
3f9cc500
3ffc3a00
3f8ddc00
4008c500
3f82b800
40150c00
3f6fe100
401fb400
3f5f6900
402bfb00
3f501800
4036a300
3f438000
3fc96c00
3fb28d00
3fdebc00
3fa19900
3ff76a00
3f911800
40065d00
3f85f400
4012b400
3f74c100
401d5c00
3f644900
4029b300
3f53e000
40345b00
3f474800
3fc47c00
3fb76100
3fd9cc00
3fa66d00
3ff29a00
3f945400
4003f500
3f893000
40105c00
3f79a100
401b0400
3f692900
40276b00
3f57a800
40321300
3f4b1000
403cbb00
3f3e7800
3fd4dc00
3fab4100
3fea2c00
3f9a4d00
40018d00
3f8c6c00
400c3500
3f814800
4018ac00
3f6e0900
40235400
3f5d9100
402fcb00
3f4ed800
403a7300
3f424000
3fcfec00
3fb01500
3fe53c00
3f9f2100
3ffe4a00
3f8fa800
4009cd00
3f848400
40165400
3f72e900
4020fc00
3f627100
402d8300
3f52a000
40382b00
3f460800
3fcafc00
3fb4e900
3fe04c00
3fa3f500
3ff97a00
3f92e400
40076500
3f87c000
4013fc00
3f77c900
401ea400
3f675100
402b3b00
3f566800
4035e300
3f49d000
3fc60c00
3fb9bd00
3fdb5c00
3fa8c900
3ff4aa00
3f962000
4004fd00
3f8afc00
4011a400
3f7ca900
401c4c00
3f6c3100
4026f400
3f5bb900
40339b00
3f4d9800
403e4300
3f410000
3fd60a00
3fad7400
3fef3a00
3f999800
40024400
3f8efe80
400edc00
3f816e80
40198300
3f712400
40261b00
3f5dc400
4030c200
3f522a00
403d5a00
3f43a200
3fd01a00
3fb30800
3fe94a00
3f9f2c00
3ffeb800
3f92da80
400bf400
3f854a80
4016ab00
3f76c400
40234300
3f636400
402dfa00
3f567200
403a9200
3f47ea00
3fca2a00
3fb89c00
3fe35a00
3fa4c000
3ff8e800
3f96b680
40090c00
3f892680
4013d300
3f7c6400
40206b00
3f690400
402b3200
3f5aba00
4037ca00
3f4c3200
3fc43a00
3fbe3000
3fdd6a00
3faa5400
3ff31800
3f9a9280
40062400
3f8d0280
4010fb00
3f810200
401d9300
3f6ea400
402a2b00
3f5b4400
40350200
3f507a00
40419a00
3f41f200
3fd77a00
3fafe800
3ff0aa00
3f9c0c00
40033c00
3f90de80
400fd400
3f834e80
401abb00
3f744400
40275300
3f60e400
40323a00
3f54c200
403ed200
3f463a00
3fd18a00
3fb57c00
3feaba00
3fa1a000
40005400
3f94ba80
400cec00
3f872a80
4017e300
3f79e400
40247b00
3f668400
402f7200
3f590a00
403c0a00
3f4a8200
3fcb9a00
3fbb1000
3fe4ca00
3fa73400
3ffad800
3f989680
400a0400
3f8b0680
40150b00
3f7f8400
4021a300
3f6c2400
402caa00
3f5d5200
40394200
3f4eca00
3fc5aa00
3fc0a400
3fdeda00
3facc800
3ff50800
3f9c7280
40071c00
3f8ee280
4013b400
3f815280
401ecb00
3f71c400
402b6300
3f5e6400
40367a00
3f531200
40431200
3f448a00
3fd8ea00
3fb25c00
3ff21a00
3f9e8000
40043400
3f92be80
4010cc00
3f852e80
401bf300
3f776400
40288b00
3f640400
4033b200
3f575a00
40404a00
3f48d200
3fd2fa00
3fb7f000
3fec2a00
3fa41400
40014c00
3f969a80
400de400
3f890a80
40191b00
3f7d0400
4025b300
3f69a400
4030ea00
3f5ba200
403d8200
3f4d1a00
3fcd0a00
3fbd8400
3fe63a00
3fa9a800
3ffcc800
3f9a7680
400afc00
3f8ce680
40164300
3f815200
4022db00
3f6f4400
402e2200
3f5fea00
403aba00
3f516200
3fc71a00
3fc31800
3fe04a00
3faf3c00
3ff6f800
3f9e5280
40081400
3f90c280
4014ac00
3f833280
40200300
3f74e400
402c9b00
3f618400
4037f200
3f55aa00
40448a00
3f472200
3fda5a00
3fb4d000
3ff38a00
3fa0f400
40052c00
3f949e80
4011c400
3f870e80
401d2b00
3f7a8400
4029c300
3f672400
40352a00
3f59f200
4041c200
3f4b6a00
3fd46a00
3fba6400
3fed9a00
3fa68800
40024400
3f987a80
400edc00
3f8aea80
401a5300
3f801200
4026eb00
3f6cc400
40326200
3f5e3a00
403efa00
3f4fb200
3fce7a00
3fbff800
3fe7aa00
3fac1c00
3ffeb800
3f9c5680
400bf400
3f8ec680
40177b00
3f82e200
40241300
3f726400
402f9a00
3f628200
403c3200
3f53fa00
3fc88a00
3fc58c00
3fe1ba00
3fb1b000
3ffaea00
3f9dd400
40090c00
3f92a280
4015a400
3f851280
40213b00
3f780400
402dd300
3f64a400
40396a00
3f584200
40460200
3f49ba00
3fdbca00
3fb74400
3ff4fa00
3fa36800
40062400
3f967e80
4012bc00
3f88ee80
401e6300
3f7da400
402afb00
3f6a4400
4036a200
3f5c8a00
40433a00
3f4e0200
3fd5da00
3fbcd800
3fef0a00
3fa8fc00
40033c00
3f9a5a80
400fd400
3f8cca80
401b8b00
3f81a200
40282300
3f6fe400
4033da00
3f60d200
40407200
3f524a00
3fcfea00
3fc26c00
3fe91a00
3fae9000
40005400
3f9e3680
400cec00
3f90a680
4018b300
3f847200
40254b00
3f758400
40311200
3f651a00
403daa00
3f569200
3fc9fa00
3fc80000
3fe32a00
3fb42400
3ffc5a00
3fa04800
400a0400
3f948280
40169c00
3f86f280
40227300
3f7b2400
402f0b00
3f67c400
403ae200
3f5ada00
40477a00
3f4c5200
3fdd3a00
3fb9b800
3ff66a00
3fa5dc00
40071c00
3f985e80
4013b400
3f8ace80
401f9b00
3f806200
402c3300
3f6d6400
40381a00
3f5f2200
4044b200
3f509a00
3fd74a00
3fbf4c00
3ff07a00
3fab7000
40043400
3f9c3a80
4010cc00
3f8eaa80
401cc300
3f833200
40295b00
3f730400
40355200
3f636a00
4041ea00
3f54e200
3fd15a00
3fc4e000
3fea8a00
3fb10400
40014c00
3fa01680
400de400
3f928680
4019eb00
3f860200
40268300
3f78a400
40328a00
3f67b200
403f2200
3f592a00
404bba00
3f4aa200
3fe49a00
3fb69800
3ffdca00
3fa2bc00
400afc00
3f966280
40179400
3f88d280
4023ab00
3f7e4400
40304300
3f6ae400
403c5a00
3f5d7200
4048f200
3f4eea00
3fdeaa00
3fbc2c00
3ff7da00
3fa85000
40081400
3f9a3e80
4014ac00
3f8cae80
4020d300
3f81f200
402d6b00
3f708400
40399200
3f61ba00
40462a00
3f533200
3fd8ba00
3fc1c000
3ff1ea00
3fade400
40052c00
3f9e1a80
4011c400
3f908a80
401dfb00
3f84c200
402a9300
3f762400
4036ca00
3f660200
40436200
3f577a00
3fd2ca00
3fc75400
3febfa00
3fb37800
40024400
3fa1f680
400edc00
3f946680
401b2300
3f879200
4027bb00
3f7bc400
40340200
3f6a4a00
40409a00
3f5bc200
404d3200
3f4d3a00
3fe60a00
3fb90c00
3fff3a00
3fa53000
400bf400
3f984280
40188c00
3f8ab280
4024e300
3f80b200
40317b00
3f6e0400
403dd200
3f600a00
404a6a00
3f518200
3fe01a00
3fbea000
3ff94a00
3faac400
40090c00
3f9c1e80
4015a400
3f8e8e80
40220b00
3f838200
402ea300
3f73a400
403b0a00
3f645200
4047a200
3f55ca00
3fda2a00
3fc43400
3ff35a00
3fb05800
40062400
3f9ffa80
4012bc00
3f926a80
401f3300
3f865200
402bcb00
3f794400
40384200
3f689a00
4044da00
3f5a1200
3fd43a00
3fc9c800
3fed6a00
3fb5ec00
40033c00
3fa3d680
400fd400
3f964680
401c5b00
3f892200
4028f300
3f7ee400
40358b00
3f6b8400
40421200
3f5e5a00
404eaa00
3f4fd200
3fe77a00
3fbb8000
40005500
3fa7a400
400cec00
3f9a2280
40198400
3f8c9280
40261b00
3f824200
4032b300
3f712400
403f4a00
3f62a200
404be200
3f541a00
3fe18a00
3fc11400
3ffaba00
3fad3800
400a0400
3f9dfe80
40169c00
3f906e80
40234300
3f851200
402fdb00
3f76c400
403c8200
3f66ea00
40491a00
3f586200
3fdb9a00
3fc6a800
3ff4ca00
3fb2cc00
40071c00
3fa1da80
4013b400
3f944a80
40206b00
3f87e200
402d0300
3f7c6400
4039ba00
3f6b3200
40465200
3f5caa00
3fd5aa00
3fcc3c00
3feeda00
3fb86000
40043400
3fa5b680
4010cc00
3f982680
401d9300
3f8ab200
402a2b00
3f810200
4036c300
3f6ea400
40438a00
3f60f200
40502200
3f526a00
3fe8ea00
3fbdf400
40010d00
3faa1800
400de400
3f9c0280
401a7c00
3f8e7280
40275300
3f83d200
4033eb00
3f744400
4040c200
3f653a00
404d5a00
3f56b200
3fe2fa00
3fc38800
3ffc2a00
3fafac00
400afc00
3f9fde80
40179400
3f924e80
40247b00
3f86a200
40311300
3f79e400
403dfa00
3f698200
404a9200
3f5afa00
3fdd0a00
3fc91c00
3ff63a00
3fb54000
40081400
3fa3ba80
4014ac00
3f962a80
4021a300
3f897200
402e3b00
3f7f8400
403b3200
3f6dca00
4047ca00
3f5f4200
3fd71a00
3fceb000
3ff04a00
3fbad400
40052c00
3fa79680
4011c400
3f9a0680
401e5c00
3f8c7680
402b6300
3f829200
4037fb00
3f71c400
40450200
3f638a00
40519a00
3f550200
3fea5a00
3fc06800
4001c500
3fac8c00
400edc00
3f9de280
401b7400
3f905280
40288b00
3f856200
40352300
3f776400
40423a00
3f67d200
404ed200
3f594a00
3fe46a00
3fc5fc00
3ffd9a00
3fb22000
400bf400
3fa1be80
40188c00
3f942e80
4025b300
3f883200
40324b00
3f7d0400
403f7200
3f6c1a00
404c0a00
3f5d9200
3fde7a00
3fcb9000
3ff7aa00
3fb7b400
40090c00
3fa59a80
4015a400
3f980a80
4022db00
3f8b0200
402f7300
3f815200
403caa00
3f706200
40494200
3f61da00
3fd88a00
3fd12400
3ff1ba00
3fbd4800
40062400
3fa97680
4012bc00
3f9be680
401f5400
3f8e5680
402c9b00
3f842200
40393300
3f74e400
40467a00
3f662200
40531200
3f579a00
3febca00
3fc2dc00
40027d00
3faf0000
400fd400
3f9fc280
401c6c00
3f923280
4029c300
3f86f200
40365b00
3f7a8400
4043b200
3f6a6a00
40504a00
3f5be200
3fe5da00
3fc87000
3fff0a00
3fb49400
400cec00
3fa39e80
40198400
3f960e80
4026eb00
3f89c200
40338300
3f801200
4040ea00
3f6eb200
404d8200
3f602a00
3fdfea00
3fce0400
3ff91a00
3fba2800
400a0400
3fa77a80
40169c00
3f99ea80
40241300
3f8c9200
4030ab00
3f82e200
403e2200
3f72fa00
404aba00
3f647200
3fd9fa00
3fd39800
3ff32a00
3fbfbc00
40062d00
3fabe000
4013b400
3f9dc680
40204c00
3f903680
402dd300
3f85b200
403a6b00
3f780400
4047f200
3f68ba00
40548a00
3f5a3200
3fed3a00
3fc55000
40033500
3fb17400
4010cc00
3fa1a280
401d6400
3f941280
402afb00
3f888200
40379300
3f7da400
40452a00
3f6d0200
4051c200
3f5e7a00
3fe74a00
3fcae400
40003d00
3fb70800
400de400
3fa57e80
401a7c00
3f97ee80
40282300
3f8b5200
4034bb00
3f81a200
40426200
3f714a00
404efa00
3f62c200
3fe15a00
3fd07800
3ffa8a00
3fbc9c00
400afc00
3fa95a80
40179400
3f9bca80
40254b00
3f8e2200
4031e300
3f847200
403f9a00
3f759200
404c3200
3f670a00
3fdb6a00
3fd60c00
3ff49a00
3fc23000
4006e500
3fae5400
4014ac00
3f9fa680
40214400
3f921680
402f0b00
3f874200
403ba300
3f7b2400
40496a00
3f6b5200
40560200
3f5cca00
3feeaa00
3fc7c400
4003ed00
3fb3e800
4011c400
3fa38280
401e5c00
3f95f280
402c3300
3f8a1200
4038cb00
3f806200
4046a200
3f6f9a00
40533a00
3f611200
3fe8ba00
3fcd5800
4000f500
3fb97c00
400edc00
3fa75e80
401b7400
3f99ce80
40295b00
3f8ce200
4035f300
3f833200
4043da00
3f73e200
40507200
3f655a00
3fe2ca00
3fd2ec00
3ffbfa00
3fbf1000
400bf400
3fab3a80
40188c00
3f9daa80
40268300
3f8fb200
40331b00
3f860200
40411200
3f782a00
404daa00
3f69a200
405a4200
3f5b1a00
3ff60a00
3fc4a400
40079d00
3fb0c800
4015a400
3fa18680
40223c00
3f93f680
40304300
3f88d200
403cdb00
3f7e4400
404ae200
3f6dea00
40577a00
3f5f6200
3ff01a00
3fca3800
4004a500
3fb65c00
4012bc00
3fa56280
401f5400
3f97d280
402d6b00
3f8ba200
403a0300
3f81f200
40481a00
3f723200
4054b200
3f63aa00
3fea2a00
3fcfcc00
4001ad00
3fbbf000
400fd400
3fa93e80
401c6c00
3f9bae80
402a9300
3f8e7200
40372b00
3f84c200
40455200
3f767a00
4051ea00
3f67f200
3fe43a00
3fd56000
3ffd6a00
3fc18400
400cec00
3fad1a80
40198400
3f9f8a80
4027bb00
3f914200
40345300
3f879200
40428a00
3f7ac200
404f2200
3f6c3a00
405bba00
3f5db200
3ff77a00
3fc71800
40085500
3fb33c00
40169c00
3fa36680
40233400
3f95d680
40317b00
3f8a6200
403e1300
3f80b200
404c5a00
3f708200
4058f200
3f61fa00
3ff18a00
3fccac00
40055d00
3fb8d000
4013b400
3fa74280
40204c00
3f99b280
402ea300
3f8d3200
403b3b00
3f838200
40499200
3f74ca00
40562a00
3f664200
3feb9a00
3fd24000
40026500
3fbe6400
4010cc00
3fab1e80
401d6400
3f9d8e80
402bcb00
3f900200
40386300
3f865200
4046ca00
3f791200
40536200
3f6a8a00
3fe5aa00
3fd7d400
3ffeda00
3fc3f800
400de400
3faefa80
401a7c00
3fa16a80
4028f300
3f92d200
40358b00
3f892200
40422300
3f7ee400
40509a00
3f6ed200
405d3200
3f604a00
3ff8ea00
3fc98c00
40090d00
3fb5b000
40179400
3fa54680
40242c00
3f97b680
4032b300
3f8bf200
403f4b00
3f824200
404dd200
3f731a00
405a6a00
3f649200
3ff2fa00
3fcf2000
40061500
3fbb4400
4014ac00
3fa92280
40214400
3f9b9280
402fdb00
3f8ec200
403c7300
3f851200
404b0a00
3f776200
4057a200
3f68da00
3feaa800
3fd65780
4003dc00
3fbf1780
40107300
3faeb080
401efb00
3f9f3080
402b9200
3f925b80
403a1a00
3f873780
4046b100
3f7d7400
40553900
3f6cfc00
3fe3b800
3fdccb80
40006400
3fc58b80
400d0b00
3fb30c80
401b9300
3fa38c80
40283a00
3f958b80
4036c200
3f8a6780
40454a00
3f7e8700
4051f100
3f71c400
40607900
3f614c00
3ff9d800
3fcbff80
400b7400
3fb4bf80
40182b00
3fa7e880
4026b300
3f986880
40336a00
3f8d9780
4041f200
3f827380
404ea900
3f768c00
405d3100
3f661400
3ff2e800
3fd27380
4007fc00
3fbb3380
4014c300
3fac4480
40234b00
3f9cc480
40301200
3f90c780
403e9a00
3f85a380
404b6100
3f7b5400
4059e900
3f6adc00
3febf800
3fd8e780
40048400
3fc1a780
40115b00
3fb0a080
401fe300
3fa12080
402cba00
3f93f780
403b4200
3f88d380
40481900
3f800e00
4056a100
3f6fa400
3fe50800
3fdf5b80
40010c00
3fc81b80
400df300
3fb4fc80
401c7b00
3fa57c80
402b0300
3f95fc80
4037ea00
3f8c0380
40467200
3f80df80
40535900
3f746c00
4061e100
3f63f400
3ffb2800
3fce8f80
400c1c00
3fb74f80
40191300
3fa9d880
40279b00
3f9a5880
40349200
3f8f3380
40431a00
3f840f80
40501100
3f793400
405e9900
3f68bc00
3ff43800
3fd50380
4008a400
3fbdc380
4015ab00
3fae3480
40243300
3f9eb480
40313a00
3f926380
403fc200
3f873f80
404cc900
3f7dfc00
405b5100
3f6d8400
3fed4800
3fdb7780
40052c00
3fc43780
40124300
3fb29080
4020cb00
3fa31080
402de200
3f959380
403c6a00
3f8a6f80
40498100
3f816200
40580900
3f724c00
3fe65800
3fe1eb80
4001b400
3fcaab80
400edb00
3fb6ec80
401d6300
3fa76c80
402beb00
3f97ec80
40391200
3f8d9f80
40479a00
3f827b80
4054c100
3f771400
40634900
3f669c00
3ffc7800
3fd11f80
400cc400
3fb9df80
4019fb00
3fabc880
40288300
3f9c4880
4035ba00
3f90cf80
40444200
3f85ab80
40517900
3f7bdc00
40600100
3f6b6400
3ff58800
3fd79380
40094c00
3fc05380
40169300
3fb02480
40251b00
3fa0a480
40326200
3f93ff80
4040ea00
3f88db80
404e3100
3f805200
405cb900
3f702c00
3fee9800
3fde0780
4005d400
3fc6c780
40132b00
3fb48080
4021b300
3fa50080
402f0a00
3f972f80
403d9200
3f8c0b80
404ae900
3f82b600
40597100
3f74f400
3fe7a800
3fe47b80
40025c00
3fcd3b80
4010e400
3fb5fb80
401e4b00
3fa95c80
402cd300
3f99dc80
403a3a00
3f8f3b80
4048c200
3f841780
40562900
3f79bc00
4064b100
3f694400
3ffdc800
3fd3af80
400d6c00
3fbc6f80
401ae300
3fadb880
40296b00
3f9e3880
4036e200
3f926b80
40456a00
3f874780
4052e100
3f7e8400
40616900
3f6e0c00
3ff6d800
3fda2380
4009f400
3fc2e380
40177b00
3fb21480
40260300
3fa29480
40338a00
3f959b80
40421200
3f8a7780
404f9900
3f81a600
405e2100
3f72d400
3fefe800
3fe09780
40067c00
3fc95780
40141300
3fb67080
40229b00
3fa6f080
40303200
3f98cb80
403eba00
3f8da780
404c5100
3f840a00
405ad900
3f779c00
3fe8f800
3fe70b80
40030400
3fcfcb80
40118c00
3fb88b80
401f3300
3fab4c80
402dbb00
3f9bcc80
403b6200
3f90d780
4049ea00
3f85b380
40579100
3f7c6400
40661900
3f6bec00
3fff1800
3fd63f80
400e1400
3fbeff80
401bcb00
3fafa880
402a5300
3fa02880
40380a00
3f940780
40469200
3f88e380
40544900
3f809600
4062d100
3f70b400
3ff82800
3fdcb380
400a9c00
3fc57380
40186300
3fb40480
4026eb00
3fa48480
4034b200
3f973780
40433a00
3f8c1380
40510100
3f82fa00
405f8900
3f757c00
3ff13800
3fe32780
40072400
3fcbe780
4014fb00
3fb86080
40238300
3fa8e080
40315a00
3f9a6780
403fe200
3f8f4380
404db900
3f855e00
405c4100
3f7a4400
406ac900
3f69cc00
4003ac00
3fd25b80
40123400
3fbb1b80
40201b00
3fad3c80
402ea300
3f9dbc80
403c8a00
3f927380
404b1200
3f874f80
4058f900
3f7f0c00
40678100
3f6e9400
40003400
3fd8cf80
400ebc00
3fc18f80
401cb300
3fb19880
402b3b00
3fa21880
40393200
3f95a380
4047ba00
3f8a7f80
4055b100
3f81ea00
40643900
3f735c00
3ff97800
3fdf4380
400b4400
3fc80380
40194b00
3fb5f480
4027d300
3fa67480
4035da00
3f98d380
40446200
3f8daf80
40526900
3f844e00
4060f100
3f782400
3ff28800
3fe5b780
4007cc00
3fce7780
4015e300
3fba5080
40246b00
3faad080
40328200
3f9c0380
40410a00
3f90df80
404f2100
3f86b200
405da900
3f7cec00
406c3100
3f6c7400
40045400
3fd4eb80
4012dc00
3fbdab80
40210300
3faf2c80
402f8b00
3f9fac80
403db200
3f940f80
404c3a00
3f88eb80
405a6100
3f80da00
4068e900
3f713c00
4000dc00
3fdb5f80
400f6400
3fc41f80
401d9b00
3fb38880
402c2300
3fa40880
403a5a00
3f973f80
4048e200
3f8c1b80
40571900
3f833e00
4065a100
3f760400
3ffac800
3fe1d380
400bec00
3fca9380
401a3300
3fb7e480
4028bb00
3fa86480
40370200
3f9a6f80
40458a00
3f8f4b80
4053d100
3f85a200
40625900
3f7acc00
3ff3d800
3fe84780
40087400
3fd10780
4016cb00
3fbc4080
40255300
3facc080
4033aa00
3f9d9f80
40423200
3f927b80
4050ba00
3f875780
405f1100
3f7f9400
406d9900
3f6f1c00
4004fc00
3fd77b80
40138400
3fc03b80
4021eb00
3fb11c80
40307300
3fa19c80
403eda00
3f95ab80
404d6200
3f8a8780
405bc900
3f822e00
406a5100
3f73e400
40018400
3fddef80
40100c00
3fc6af80
401e8300
3fb57880
402d0b00
3fa5f880
403b8200
3f98db80
404a0a00
3f8db780
40588100
3f849200
40670900
3f78ac00
3ffc1800
3fe46380
400c9400
3fcd2380
401b1b00
3fb9d480
4029a300
3faa5480
40382a00
3f9c0b80
4046b200
3f90e780
40553900
3f86f600
4063c100
3f7d7400
3ff52800
3fead780
40091c00
3fd39780
4017b300
3fbe3080
40263b00
3faeb080
4034d200
3f9f3b80
40435a00
3f941780
4051e200
3f88f380
40607900
3f811e00
406f0100
3f71c400
4005a400
3fda0b80
40142c00
3fc2cb80
4022d300
3fb30c80
40315b00
3fa38c80
40400200
3f974780
404e8a00
3f8c2380
405d3100
3f838200
406bb900
3f768c00
40022c00
3fe07f80
4010b400
3fc93f80
401f6b00
3fb76880
402df300
3fa7e880
403caa00
3f9a7780
404b3200
3f8f5380
4059e900
3f85e600
40687100
3f7b5400
3ffd6800
3fe6f380
400d3c00
3fcfb380
401c0300
3fbbc480
402a8b00
3fac4480
40395200
3f9da780
4047da00
3f928380
4056a100
3f884a00
40652900
3f800e00
3ff67800
3fed6780
4009c400
3fd62780
40189b00
3fc02080
40272300
3fb0a080
4035ab00
3fa12080
40448200
3f95b380
40530a00
3f8a8f80
4061e100
3f827200
40706900
3f746c00
40064c00
3fdc9b80
4014d400
3fc55b80
4023bb00
3fb4fc80
40324300
3fa57c80
40412a00
3f98e380
404fb200
3f8dbf80
405e9900
3f84d600
406d2100
3f793400
4002d400
3fe30f80
40115c00
3fcbcf80
40205300
3fb95880
402edb00
3fa9d880
403dd200
3f9c1380
404c5a00
3f90ef80
405b5100
3f873a00
4069d900
3f7dfc00
3ffeb800
3fe98380
400de400
3fd24380
401ceb00
3fbdb480
402b7300
3fae3480
403a7a00
3f9f4380
40490200
3f941f80
40580900
3f899e00
40669100
3f816200
3ff7c800
3feff780
400a6c00
3fd8b780
40198300
3fc21080
40280b00
3fb29080
40369300
3fa31080
4045aa00
3f974f80
40543200
3f8c2b80
40634900
3f83c600
4071d100
3f771400
4006f400
3fdf2b80
40157c00
3fc7eb80
4024a300
3fb6ec80
40332b00
3fa76c80
40425200
3f9a7f80
4050da00
3f8f5b80
40600100
3f862a00
406e8900
3f7bdc00
40037c00
3fe59f80
40120400
3fce5f80
40213b00
3fbb4880
402fc300
3fabc880
403efa00
3f9daf80
404d8200
3f928b80
405cb900
3f888e00
406b4100
3f805200
40000400
3fec1380
400e8c00
3fd4d380
401dd300
3fbfa480
402c5b00
3fb02480
403ba200
3fa0df80
404a2a00
3f95bb80
40597100
3f8af200
4067f900
3f82b600
3ff91800
3ff28780
400b1400
3fdb4780
40199c00
3fc40780
4028f300
3fb48080
40377b00
3fa50080
4046d200
3f98eb80
40555a00
3f8dc780
4064b100
3f851a00
40733900
3f79bc00
40079c00
3fe1bb80
40162400
3fca7b80
40258b00
3fb8dc80
40341300
3fa95c80
40437a00
3f9c1b80
40520200
3f90f780
40616900
3f877e00
406ff100
3f7e8400
40042400
3fe82f80
4012ac00
3fd0ef80
40222300
3fbd3880
4030ab00
3fadb880
40402200
3f9f4b80
404eaa00
3f942780
405e2100
3f89e200
406ca900
3f81a600
4000ac00
3feea380
400f3400
3fd76380
401ebb00
3fc19480
402d4300
3fb21480
403cca00
3fa27b80
404b5200
3f975780
405ad900
3f8c4600
40696100
3f840a00
3ffa6800
3ff51780
400bbc00
3fddd780
401a4400
3fc69780
4029db00
3fb67080
40386300
3fa6f080
4047fa00
3f9a8780
40568200
3f8f6380
40661900
3f866e00
4074a100
3f7c6400
40084400
3fe44b80
4016cc00
3fcd0b80
40267300
3fbacc80
4034fb00
3fab4c80
4044a200
3f9db780
40532a00
3f929380
4062d100
3f88d200
40715900
3f809600
4004cc00
3feabf80
40135400
3fd37f80
40230b00
3fbf2880
40319300
3fafa880
40414a00
3fa0e780
404fd200
3f95c380
405f8900
3f8b3600
406e1100
3f82fa00
40015400
3ff13380
400fdc00
3fd9f380
401fa300
3fc38480
402e2b00
3fb40480
403df200
3fa41780
404c7a00
3f98f380
405c4100
3f8d9a00
406ac900
3f855e00
40795100
3f7a4400
400c6400
3fe06780
401aec00
3fc92780
402ac300
3fb86080
40394b00
3fa8e080
40492200
3f9c2380
4057aa00
3f90ff80
40678100
3f87c200
40760900
3f7f0c00
4008ec00
3fe6db80
40177400
3fcf9b80
40275b00
3fbcbc80
4035e300
3fad3c80
4045ca00
3f9f5380
40545200
3f942f80
40643900
3f8a2600
4072c100
3f81ea00
40057400
3fed4f80
4013fc00
3fd60f80
4023f300
3fc11880
40327b00
3fb19880
40427200
3fa28380
4050fa00
3f975f80
4060f100
3f8c8a00
406f7900
3f844e00
4001fc00
3ff3c380
40108400
3fdc8380
40208b00
3fc57480
402f1300
3fb5f480
403f1a00
3fa5b380
404da200
3f9a8f80
405da900
3f8eee00
406c3100
3f86b200
407ab900
3f7cec00
400d0c00
3fe2f780
401b9400
3fcbb780
402bab00
3fba5080
403a3300
3faad080
404a4a00
3f9dbf80
4058d200
3f929b80
4068e900
3f891600
40777100
3f80da00
40099400
3fe96b80
40181c00
3fd22b80
40284300
3fbeac80
4036cb00
3faf2c80
4046f200
3fa0ef80
40557a00
3f95cb80
4065a100
3f8b7a00
40742900
3f833e00
40061c00
3fefdf80
4014a400
3fd89f80
4024db00
3fc30880
40336300
3fb38880
40439a00
3fa41f80
40522200
3f98fb80
40625900
3f8dde00
4070e100
3f85a200
4002a400
3ff65380
40112c00
3fdf1380
40217300
3fc76480
402ffb00
3fb7e480
40404200
3fa74f80
404eca00
3f9c2b80
405d5200
3f910780
406d9900
3f880600
407c2100
3f7f9400
400db400
3fe58780
401c3c00
3fce4780
402c9300
3fbc4080
403b1b00
3facc080
404b7200
3f9f5b80
4059fa00
3f943780
406a5100
3f8a6a00
4078d900
3f822e00
400a3c00
3febfb80
4018c400
3fd4bb80
40292b00
3fc09c80
4037b300
3fb11c80
40481a00
3fa28b80
4056a200
3f976780
40670900
3f8cce00
40759100
3f849200
4006c400
3ff26f80
40154c00
3fdb2f80
4025c300
3fc4f880
40344b00
3fb57880
4044c200
3fa5bb80
40534a00
3f9a9780
4063c100
3f8f3200
40724900
3f86f600
40034c00
3ff8e380
4011d400
3fe1a380
40225b00
3fc95480
4030e300
3fb9d480
40416a00
3fa8eb80
404ff200
3f9dc780
405e7a00
3f92a380
406f0100
3f895a00
407d8900
3f811e00
44b4e600
403c6d00
4c375f00
447b9c00
bea8d200
cb862000
45ab3e00
3fa7ff80
4b802800
39911200
358c4d00
44ef2500
4093da00
4fbd6700
bcc87c00
bc3fc400
42f1d400
438ca580
3da83b00
4e3ace00
b725a800
b9153f80
bfeb5f00
b900da00
ceec3c00
c1a59780
40c9a700
2f091980
3641b600
43930280
37aa5e00
36903500
bcf77000
b957c100
4226ff00
3ac09180
37c29800
480d0780
3f3e6c00
4d451400
c4fd5800
bd915180
3ab51900
44e43500
bd3cbd00
ca5d8900
c749e000
bc90a680
3e61b200
483a9100
43b11e00
41898600
4a898b00
45a17800
c631c700
bfb7ca80
330c3b00
43b09580
bd60f800
cbcd1a00
c58ade00
c1826300
4ae43900
3b001f00
42bfee00
3c60a100
b8dc0200
c591a480
bb513400
cc2ac900
ca2a7000
c3dc8f00
390a9800
37a01b80
3a2a6400
45988e00
c103c400
b71f5700
bdca3500
b1fe1e00
be028f00
c9f9f500
c1d02a00
b7689700
c79d9300
b7026a00
be5c3a00
b1d83f00
416ab400
33644d80
c886d900
c354d700
407a7d00
377c2000
47a4db00
3e430880
b9449200
c8496000
bf6eb400
bea1f400
47705600
47d6aa00
cbee2000
c4fd1f00
3c633800
37d7ba00
3bd25e00
4c17a200
b67b4000
c3550880
bdd2c300
c5fd5200
c8352d00
ba5b0100
c8e6ea00
c667f800
b4b50800
bd3ea200
41c6e000
481aac00
47ce2400
3e716800
35b4fc00
41019800
44c40600
37e1ba00
3b7a5600
463cc500
38f1ea00
43893000
3d19ba00
46b4ad00
c935a800
b8b29080
c6262800
c6264700
bf27eb00
b6c10980
c31db700
b7461800
3806f700
47720800
336fa200
4237df00
3fb49500
460d5200
c332ab00
be9ae080
37154000
3c263700
ba55ba00
b6361b00
b55f4d00
ba63d200
3153ba00
3f983a80
bd6fa600
b4749f00
c3213700
ba935400
b8da1600
c3ebb900
41aca300
4c3d2f00
42adf400
33bfed00
331c9600
3d185d00
436f0100
4d84d600
c2a57200
cc9a4a00
b321fc00
bc9be500
b3340600
c02fc280
4f042800
40494e00
419c2e00
4cddf700
3a877700
43120f00
4a726c00
432a9380
3f220f00
3dad6c00
ba977400
bf472400
4802ab00
364beb00
435ba700
4a5d6100
3a414d00
39992c80
b6896800
b7ee2300
afc69200
bfb9c300
b5bda800
c3e46200
c9cf2400
c6ec5a00
bd888300
b5fbea00
4bc2bc00
41929c00
3bcbde00
4b6dd900
3e41a200
48d6e300
3ecd9a00
3b203400
41ed0e00
352e6400
b86e4e00
be0c2700
c4013e00
b8a32800
b7190700
b8936400
4acb0400
4433f800
c3313000
cb0ead80
c81f4200
bfdcac00
38628400
3f9b6800
37f82000
449c8d80
c74ef300
c4940380
c0d45800
caf65900
ba3d9200
c6addb00
bcb34d00
c6c01e00
40970700
4ade4100
478db600
481bee00
b97b8200
b7a1ae00
b5845000
c438e680
37070e00
3d337a00
3fd84e00
30754400
c84d1800
bc371580
bd8d1400
c1136680
3a73cf00
41867f00
4bbf6900
3ade7900
ca6fae00
be0a1600
bcdd4800
ca8f8100
bb16c000
b7378900
bda8b200
b6ae2100
3f022b00
47b28800
bed7e200
c236b000
475b2400
47533c80
c087cb00
c7b52800
4008c200
37894780
42de2200
43a5ca80
bf237900
ba46c000
b77fea00
b9297700
4cacd200
42357480
3318ec00
4047d300
43c37400
435f7000
bde59e00
ca5e3900
453da200
44ca2300
44291100
3c52dc00
bb015100
c5cf2080
4b00e800
3c820b80
c2486900
c2685300
c24ca000
c78dff00
45103600
36efee00
c61d5400
bd9e5a80
bf47ea00
cea9f800
b107ed00
c088a000
bcb31e00
c0bc2100
3999ae00
36c25100
31062a00
3ea59b80
433f1e00
44c63900
44e31400
38bab580
35a98900
3cd06800
bb330f00
baa6d080
3a032400
387dcd00
3cbac100
38dee300
44ed5a00
4acc0d00
41417800
35841080
47070000
3a214500
3cfdc600
3287d700
464de800
40026780
ce1c4e00
bf03f900
b8719200
c7d54800
bacc2200
b9939380
ba6bce00
b7580500
3c1bac00
45937600
b845de00
bba90c00
c5bf8000
b4df0a00
4042fe00
3fadcc00
3b038e00
4b045a00
c582ab00
be056a00
b98e8900
b4aedc00
351d1f00
3a5b9200
38a15e00
36e45b00
c1080200
af8e1980
41e6be00
4d782400
be8f9700
b936b580
41532000
3ad13e00
bba7a100
bcec4c00
cc976e00
bcea0100
37120300
40a48580
c1a8c000
c7d61500
3efb5200
32e60600
c0427200
bd724a00
38ed9600
47c30300
3b998100
34461e00
44b33a00
4386ce00
42c95400
4da1f700
4cc55400
433be000
b765fe00
bc952c00
35425700
3a76b300
b49f6700
be07f600
3e43eb00
42a5fc80
c5c07a00
ca229e80
3281b700
406c2e00
c1fed800
bb53e900
33b04800
3ea6b100
4455a200
3f812680
48f8c400
422ac800
c401d200
ccdada00
4e533e00
3ee38900
b3af2c00
bb1b1400
bf60f800
cfceba00
3f4b8800
44acf800
b56f1000
c26bc400
c3963900
bd21cf80
3ee6a800
4b76f900
3d5cc800
45818c80
c1841200
c554e180
c2028600
c0021400
3cac6400
3c365e00
41399500
385f4d00
43fe9a00
43032900
3ba9aa00
4793f200
359ae600
39a33a00
ba406000
ca028e80
c0556600
bb30fc00
c21f4f00
bc3d2800
bd6f5600
b7e12400
38a1ee00
3790a900
b6561a00
c68afa80
42a07900
49e0ba00
3c940500
36e2e700
c9af0c00
c240cc00
c2237700
bc683c00
3cd78a00
45618700
460b0b00
3b5ec400
35324600
3924fe80
bf2d3d00
b69d2400
3a393800
3a9ebf00
478a1a00
3cfee100
bd826900
ba0c2700
c4b46f00
bc201580
b6c93200
c0b28180
40019200
3c9ef900
bebe3a00
b2026000
b41f0c00
c0eb8300
479a6e00
43164200
ba934300
bcf90f00
c8013300
b940fc00
ba109900
c517ca00
c78a2700
baac7f00
40972f00
4798a000
37fdc800
45cbc880
c7ce9b00
c00e5980
bd9c5300
c0342c80
3c034500
39894700
bea6c000
bfa62b00
c512f700
b9419c00
40a02e00
37dc2b00
bc208700
ba53f500
41ae3c00
438e7380
b7724000
bb5fd880
c2b02b00
bdbe4200
398fa600
3c820c00
bd1e5e00
b2432700
bb112000
bed5c800
3e4dbc00
3c009b80
c3503200
beea8b00
c0c92b00
b6ddcd00
c94c9600
c370c600
c42bc800
cbaa3880
c490d600
b2fb8e00
3c931400
4706eb80
caaef500
bbb17200
c5562800
bd510080
3664c200
38d05300
3baa8000
4649ee00
41db6400
4e973300
46d80c00
3a2a4e00
ccba9c00
c04ef400
bfbaff00
ba2c2480
c4883e00
bb8ecb00
bb6eac00
ca23ab80
43cfc400
419b0b00
41f20d00
4e058000
3704cf00
40e5e000
330ce800
3eeeaf00
cf272c00
beaeaf00
cf2a3b00
bd2b1800
38ad2200
4717ca00
c0ae2b00
badc1f00
c5cdda00
c363cf00
c360ba00
b8e68800
b84e0a00
c4b9e700
358c9000
3cf16700
41c3ce00
4eb4c480
4060bc00
501b8100
c68b5800
bb109e00
430feb00
485bee00
3d402400
3c844d80
4c9fb600
40aae900
39557900
3c8f6700
bf887300
c9291300
31d19400
3c34fe00
b8a20800
bd2d4500
3d426400
425ffe00
4aaebd00
3bff5c00
3cd92600
42000580
bc17f400
b5450900
44c7d800
3521ce80
c1cadc00
cde85000
cc96c000
bb123200
3639a800
38739000
d03f4000
be462200
b9398d00
c2453600
b41f1900
c2876a00
3eee0600
3da85400
4010d000
4d75f400
bf35d400
af11d800
3ca81600
3512b400
c5c48500
cb0a7600
3ac9b500
48224000
3ecb9200
3d195580
cb7dc200
bfa85000
c6b82000
b9d50e00
c6d52400
bc3d1000
b7df5600
c5cce700
3cf2c600
479ad600
367c0400
3daeb200
460df800
3b818180
37baed00
3b027e00
40b1b200
4217e100
39de8e00
45988280
c007c100
d03d7b00
c29b9400
b1b07900
cc07f300
bb08f000
46b8ee00
38ada880
bbc90300
c508f780
3e830100
39592f00
360d6f00
401b4e00
c7250600
c20ae200
4330e000
47d25e00
3966eb00
427cca00
3e17e300
41787c00
c4c78600
bff1a800
cbb61a00
bee8f200
41a12a00
40264c80
c0813f00
c6a5f400
383fae00
3e4d0200
407c1a00
39cae900
3e30e600
3c1d6b80
4b580900
3f69ee00
b6accf00
b9e83c00
b24db400
bf07a200
46cd6000
44c75680
4686ee00
4284fe00
461a2300
4aaecb00
31463400
3d2fd200
37184400
3d3feb00
385bb600
40385600
c6981600
c386ce00
be935100
c6ad1900
437b1e00
42be5200
c977e900
c779de00
bf56a400
af1bc400
c8b90e00
ba5ff100
40a60100
36ebfc00
c666fa00
bc813780
3334c800
3c1b7500
c198dc00
c9786d00
406d1e00
44a79600
c4a40f00
c0af8a00
b5dba800
bc268e00
3dab0800
33137900
c1971300
b8fe6c00
c4acc600
c8298680
c4b1ae00
bebbcb00
39034600
3c964c80
bf5c9e00
c22e8b00
3c1ee800
3de7e300
40233d00
36c6aa00
cd38da00
c0f14a00
41449400
3936a100
ba1efa00
c3ef0600
b39dfb00
c0e49400
3aabac00
41b04f00
c56e7a00
b6004b00
c7f21c00
c4c91580
ba1ac800
b96eb800
364eac00
3d56ea00
3d4d9400
47150400
31988200
3f74ea00
ba374c00
c7a8a580
bec63300
beeec300
446ef800
45ac4600
c281d800
b5145f80
ca7d6800
bea5c200
bf5ffe00
c6da6900
3651d200
44c45b00
c0012400
c4c04180
c0810900
c8dc3900
b0cdfa00
bf0c5600
3acdca00
35815f80
c1b87000
b6019800
bb570600
c11a8f80
bd2b4c00
b9b1a280
3ba17000
47998d80
3f133000
4c606e00
c4909600
ba9c4600
bd2c5800
c8a7b700
453f3a00
3c308780
4b371e00
417d1800
bda73400
b7a9a700
c4933200
c2e24c00
c614c800
c508e680
47489600
37d6c500
bd937600
ccc4c200
4db24b00
3e06ca00
c8d21000
bd392c00
41049000
4ee72c00
bcc8bc00
b6126200
c1793800
b6f02500
4483d100
453c2600
bfc60d00
af161400
46c82000
41c6fe80
c2923100
cd47e200
bdfb8200
cd5a1700
41533300
3e907180
c3edfa00
b5303000
cc83d400
bbed1700
b6d22a00
c54e7700
31959a00
3cc01500
3a8c1000
3a510300
37425800
3789de00
b7a46e00
c80a8000
38801800
3a12f980
3a636600
39afc600
42473400
4de31000
ba39db00
c48a7280
ce874700
bf0fb500
b2d79600
be187000
4a589a00
40ad0400
3f895e00
47077000
c5a60100
c3100200
41fa8200
3366e400
34c65800
4122b900
bff1be00
cc910100
b50c0700
ba11d200
33084100
3c7c4600
bd935d00
bbc3d000
bad5c000
b9546e00
4e90b900
41f1b500
c10d1e00
c3ea7e00
42b0d600
367bf000
3a989400
47750700
41090700
36b3b500
3f60d300
316cb800
bda77c00
b68dc580
3a285700
41905200
b7a61b00
c2aff800
b28d5300
c102a100
b192b600
bf235000
c16b7c00
c2477880
41bb2600
4265ad00
c2205e00
bd7a7000
3d944500
4a28ee00
c83b3500
c7a3b200
41460c00
4a819d80
402ccc00
43a08400
c1c1ae00
bdd12200
c0a48800
b102ec00
40476900
3277af00
3b05bc00
3404b100
ce7d1200
bd375d00
3999ca00
4227fe80
49b18e00
4214b600
c3963000
b262e700
311dc800
3dde5f00
38379000
3e344300
c7957900
c4a4a700
bff0a500
bbfca800
bbf1ef00
c6f48e00
34445000
3bd01600
3e32d900
344d2200
36a97500
43fda400
b6637200
c0a28a00
3e1a5700
3dad6580
cca18400
c313a480
441bd000
34025480
3e39c800
3b162100
bf49f600
b3b13500
af274600
c0092f00
46a68900
3ecd4e00
c1bc5100
c20d3d80
429d6100
3ad97300
c359ae00
bb004b00
cd6b7400
bc569b80
3a05a700
3d118a00
47e0c800
3d59c200
b6704800
c08c2b00
49b94d00
3efa3400
3fd9dc00
3d90e000
3a706900
34843d00
3a820500
3d8e9b00
bc135b00
c2532c00
40218700
31acfd80
457b3400
41d9db00
c4a40800
c748a200
b7b29200
be32ae00
be52f000
ce891e80
c8950400
b8a85100
cfc27e00
bfff7000
380b2b00
47519300
481b6400
4187b000
3df87200
4093ca00
b2018200
bf6ba700
bc37b800
c83e8f00
ba8f6a00
c6b10a00
c0b6e100
af130c00
37846000
3c97d300
c0866100
ce46ea00
3ba4dc00
4a277080
c1e60400
b9359800
c090a200
cb534b80
4392a800
47015c00
4724d100
45347a00
cad38a00
bf3ac700
3967b200
45c9d000
c1711d00
bc78ce00
bf703c00
c64cea80
b758fe00
bc225680
3ee7bd00
36ea1000
ca976200
c38b3900
c124e600
b94ed500
c3bcae00
b7624100
b82afb00
c6849a00
4b88bf00
436ba780
3b491c00
4bdb7400
c30b6f00
bd705400
be117f00
b69cde80
cce00100
c2e76800
b752b800
c2d03a00
3fc07600
3e090c80
be118f00
c0962500
b6999100
c0336500
b6a84200
bb7d4c00
3530bd00
449a9000
bdd4da00
b68e3780
b6b30a00
c02b5f80
415d9200
3cd95b00
c5bccf00
c4e22500
4184e400
3f5ae800
c4943e00
c1d33600
b9c78c00
b616f580
4b13a600
3aad7480
b7ea2800
c1d3d680
36469700
3a849580
c38cdc00
c1b97500
b1e5ae00
bc25ac00
4094ee00
4fd75100
c0b89a00
bba8da80
42056900
45b6f200
3bb43e00
46d92200
c4ee3800
b37a6300
b684aa00
bf380280
c39de900
cbc55200
40af5d00
3dbef000
463c0200
3bb29300
31330400
3ce6fb00
b97e7c00
bb896800
b4e29000
c5c66f80
bed08000
cc478e00
3e86c800
3cd3f800
cd730800
c3109980
4ee53200
3f0f0a00
b9cc7600
ba159c00
bf157500
c8603600
bf1ccc00
ce6b1b00
3af7ae00
42b85d00
477f5200
43f20800
47dad600
3e939680
4886fd00
40a7ba00
50bba700
3ec6ef00
c8d82200
bb4c2300
35c55800
3cff6100
c8fe8800
bcf83a00
3f7fce00
48b8ca00
472a0400
38b0ea00
39821900
3d238300
cab95c00
c146b400
383b1b00
3c9dc480
3e55a200
43ec6300
3f7e7600
310f6300
3bb3d800
3827e200
35acc900
3d3a1f00
41948f00
349ef600
4ad1d200
3cb5b600
af234400
c017bd80
be449400
bb719200
4a12c600
41798000
b60ba700
bfb60280
41117a00
3c11af00
bf8f2800
af918000
41c4d900
4ac7b700
3af95400
34addf80
b715c800
bfb3e480
41710e00
4b79cd00
bd393300
bc882480
430eaa00
4737d000
c0a78700
b2063e00
bfa47600
bd62ca00
4cb0c400
3ae3b600
b6b8dc00
b7465400
3f8f8400
3309a980
b5b42e00
bdb9a700
3b124000
3eecdf00
cb21f100
c57f5c00
bbaebd00
b2ea4400
bca06c00
b3c75f00
b9cdd700
c9fd9600
400ebb00
33ad2980
b487c800
c3fee100
39805200
3763e980
3cb38500
342b2200
cd449e00
bf6b3a00
3dbb9a00
48e49c00
c1a39e00
bb00a800
391a5600
47e0fa00
bdea9c00
b1f05f00
4617bd00
4a946a00
4083c600
46313b80
4bfb1a00
4252e300
43025e00
4876f900
c1f10800
b41b9600
382ea800
47095a80
34b2be00
3cc9bb00
bf41aa00
b2044380
bb0ebc00
b5ce8b00
3805c600
383c6200
bdc3b000
c22aa600
c26dc000
b459f680
3a1e7c00
38b55180
c5239100
b78ed600
47339c00
394c8100
bc1b0c00
c442df00
c8f80800
b79ea980
48720a00
45950e00
b8ffc400
b653d300
d138b400
bfa88200
3c04a500
3a122200
3e571a00
3894b480
b5515e00
be5bb600
ba429000
c03c5c80
47b37900
37dd5f00
bd233c00
c3931180
c4a0ce00
c7711000
3e7dd400
49942900
c5ed0400
c0802880
40096700
3e995d80
b1aae100
bcb9a800
bd5b7000
c0b96c00
3c5d9a00
4c8a7280
c194f500
c552ec80
be29ce00
c8f09c00
bd5cda00
b69a5000
3d4f4e00
45820380
46c72200
46191200
cdd6ce00
bf008d80
3c7d4a00
3e835d00
b7060200
bbbad280
33750200
4311d000
c2a12800
bb56ab00
b7686800
b7575a00
45da1400
3e9f3900
44474800
405c5c00
c7e5b600
b68f9100
c3874500
bf0fce80
4036f700
4e477400
c69ead00
bbe1f000
38a03e00
448bca00
c06c2800
b8639780
3ef75c00
3a0d1a00
c51b3400
c7640400
b3894600
bd8d1f00
c071ce00
af1c4500
c6c87f00
c410d980
3fd13e00
32d7f800
46d5c600
4968fd00
bbf56a00
c6a17e00
35d2ca00
42c75400
40535200
40f4e800
bc41d800
cbd84a00
bdceb800
cc2af600
c3215e00
c1d9f400
49211900
3e4cd000
d0a96800
bfd08f00
cbe6a400
ba2e5a00
bf44ec00
cf49c600
c71c2c00
c72d7700
b8c06900
b7ff0c00
44f21400
48222800
41e34900
4a0b3600
4117d700
44ace300
39c9a600
44ef1200
4012fa00
44cdda00
d0932400
bf593780
c2baee00
c159a100
ba374a00
b49aec00
3f102e00
42884f00
b945b000
c595e380
3f719c00
3cb28c00
c2823600
c4c00a00
cda67100
bed70c00
340f5e00
440df100
c0c0ca00
d023f080
3e59aa00
4ecf3700
3cc74f00
321d9d80
c2deb600
c41d4400
c31ee800
b4104380
c25d0400
b5aa3600
45226f00
422c4e00
3631b700
4040e800
c6eb6a00
babbc200
c9807100
c1ae8600
c9b59d00
c2c28a00
b45a2e00
b99dce00
41d38800
3e642200
c3ed7600
baa66b00
bdf4b000
ce98b600
c5988300
babfe600
ca86c700
b98c5800
4cd92600
3ef54900
3881f000
49016a80
cc0b0200
c1f1f800
cf567400
be886380
45770a00
47432e00
45f5c800
4a83a980
c22ed700
b4631400
b4af4b00
c2b7b200
c011d400
c73ae900
41e1fa00
3dc4fe00
409f7800
4091bc80
3d4a7a00
4816eb80
3b564600
4b91e880
40833e00
4bd3f500
40bebc00
3f00a800
c6e1d800
b5e1ae80
ba4d4400
c2216c00
43a09000
39a61b00
4748df00
45950200
b6d7fc00
bba74e00
440cb800
392d9700
b9205b00
c3aa2800
488f1000
3d37e200
3634ea00
3af52400
bc9bf100
bfa62400
4084cc00
3c2beb80
c93b6400
bfa24e80
beb30400
ba304c80
3cc41600
35df3e00
3e8f2d00
3a122500
4437ff00
3e8a8c00
45953600
3f1eb480
c05e5600
b82b6500
3dcdd900
3cdc0500
3e0db400
31339900
c5198500
b49b5780
b273aa00
bbd0d800
b9d6b800
c9228a00
45ae3500
3d1bed00
b80cf000
c263ab00
44b9dc00
4bbcb500
415e7400
344c0780
402d4100
3f98f300
c634fc00
b886ac00
bddda200
b59fe280
4ec02000
3e497e00
46a8f300
41043600
3b992400
370dcc00
3dcf1400
3d592000
c8051400
c2e74000
4119c600
41d7ea00
3d46b000
33922880
42ffde00
4345c800
b835c500
b73f3c00
b778ca00
c0022e00
c16ed200
caae1e00
4d150f00
40afac00
c4ca5800
cac1a880
bd12d700
ba766c00
3f0e1d00
31c78580
39c22000
3b0d6380
3f1eae00
372f1d00
37585a00
47b5da00
3f3f3300
39a53c80
b5e04c00
c1c85580
c2e43e00
b7c8ec00
bd6f0400
cdc97600
3abb8c00
4ab21b00
3cef1400
425b1f00
bd304c00
c33e1b00
420c2200
40243f00
3d5abc00
3e0d9700
3a0b5e00
374f3b00
37338c00
472f3d00
cd08af00
c2856a00
49dd1e00
3cb0ba00
b2b9ec00
c3b03f00
c2f2a300
b503d700
3f9ec400
4b83cd80
cccbb800
c12f2e00
49ea5800
4341a000
c09ac100
c4e00300
b7e19600
be363600
42838b00
40743480
3eff4000
335b1d00
bc8e7500
b3e35b00
40f81000
42d5aa00
46129c00
3f836980
46aadc00
47707f00
c1928200
c3084380
baa5cc00
b3878a80
c6813000
b4a51900
3a187e00
428a3580
440ed700
33c1bb00
b98b8600
c4a3df00
40458000
4440fe80
425c1400
3faa7800
bf849b00
afcf0800
b93bf000
c35f8800
38875a00
3805a380
42ce5200
3fd68400
43915000
3e52e280
b8949f00
b7047000
b34f7e00
be1a2280
4fa36200
3ebc0100
41366f00
41aeec00
b92eba00
ca115700
c19a4400
ce842480
4e482a00
412d2280
3e795400
46510a00
44dd2a00
43467700
c2235a00
bf3d4300
bf21b000
b61f9d00
b969b200
c8be8400
bd2a3900
cbb8ae00
b19da400
c2745900
bc6c8000
c4d95300
c094b600
ba86ce00
46ea7e00
37dc3b00
b68c9400
c0414900
c80d8000
bb74f700
b976f800
bca81800
3cdf5a00
4378dc00
b9840c00
ba310680
bb9a4c00
c5c03b00
b917d800
b994d900
33c7e300
42cb0b00
472bb100
458a7600
3d529000
39990b00
cc268c00
c22f2d00
3e432b00
4e77c100
3d844700
4a255c00
3a40f300
3c57bd00
c6ed9000
c219c700
c5295b00
c0883200
36303e00
3d9aa180
4d486400
412e6b00
c8085900
c6d5f080
c1d0b200
c2c4d500
b8fe0a00
c4153a00
4e04f000
3d13a600
b2c6d600
bd3aa500
4211c100
334da900
4477bc00
3597cf00
c18bec00
c9473080
c42c9b00
c7811600
bd9ec400
b4957980
43892800
3c3a7480
4147fc00
2fd48400
c08f6100
b70bff80
42065800
43d8eb80
48561c00
46999600
c015b500
cbd84580
c11d5200
b76f0800
3a990900
38a09000
4324f400
4a170f80
c1db4a00
bd3cae00
39a26100
3612b680
c44c7200
bc022e00
b1c7f500
c1144e00
beb2b300
b2ebfc00
3d2ecc00
32dba700
46076d00
463b3a00
b2f85200
bd039b80
36821400
3b982400
be42cb00
c55b1b00
3b4e3000
3d88e600
b4206b00
bd898600
bd35e300
c296b180
46a15e00
427bf000
c9b91f00
c6bcc400
beb40100
bdbaf200
370f5900
378d9500
bcf7ec00
b8d4fc80
35362200
3aa51400
bb63fe00
b405af00
bdf45800
ccb8c080
3e053a00
3a92bc80
bd0e0a00
bd9dac80
cfee6000
c0a72780
cca7ef00
c2e7ec00
49887100
3de40a00
bc15ec00
b23ec100
4d198300
404e3300
be2cd400
bf092080
bbb65800
c052ea00
4d161b00
3fd49600
ba2b5700
bf55bc00
44a57000
381f6180
bb997e00
c967c600
bca45200
c7877c00
3c10bb00
499bf600
46d7c400
43561800
3ad27100
47096180
cb204a00
bbb31f00
bab1ee00
c5b4b700
b7dd8b00
c2ee2e00
be8fc200
c7139d80
be692600
bff2c000
ccead800
c1f01b00
39ba9900
3b11ad80
c402f800
b84d2d00
43467a00
32445f00
b6b25800
be06fc00
3e2e1800
40052980
bd6e7400
c68b9b00
40589600
414d4b00
b1a1fe00
bd015c00
4da92100
3d27b200
462e7700
36ba2500
400f2200
402dcd00
b2a1e800
c3149700
4783a000
377c4700
bb301c00
ba85e400
c5c72000
b9657e00
cccdd800
c0ec8200
40d71a00
4715e000
3c9c0d00
34fa5c00
c5156600
b4329f00
41fc4c00
4bab1580
be7bc800
c733e580
4f882300
3d896300
b3a3d400
bd6e7500
458ff100
34130d80
48178600
429b4d80
be92a000
ce589300
bcdf8600
c4873600
bf0d9c00
b215fb00
bcd2ff00
b203f900
c7022900
be66b300
4b773e00
41f2ee00
cc83c900
be00d500
3e27d100
4dbe5500
3ac64300
35c7b100
cac18100
b90a1f00
37a15400
423fb780
4d48c600
3ca12c00
c7295b00
b687e200
bb67e200
b9a03000
3fae3b00
46e27400
400eef00
38768200
c28b8c00
c243f380
c2110b00
c0baee80
4172ee00
378a6f00
ca5b6e00
ba2f5e00
c00eb800
b09c1f00
ca1bfa00
c122f300
c040ce00
bb19ff80
4287ad00
3e11bd80
b8a88600
b8cc2d00
38cb6100
3c012f00
b3287e00
beb69f80
b32f4400
c2c17800
b4960f00
c5022e00
3e95bd00
31f17900
c84c7600
c7582000
b9acf900
b6c36400
bbb41200
c58aff00
39728e00
3aa81200
3d728400
32030880
b802d200
c84f9900
37019900
38f8c900
bd321100
bd67f900
3d58ae00
3a2b5f00
c046cc00
b74da400
bf297400
c6028e80
3d7e7000
40a02f00
42f24200
358d2400
b5156d00
c51c2800
3a0af900
44a68a00
b874ec00
c96a7700
b8836a00
b7845000
45569000
3728c600
c63aa000
be470c00
c699f100
bc21d180
bdb2db00
c71a0800
48e8a000
41334000
b66b4c00
bdbc7c00
37a0dc00
40403780
408f5800
4f36e080
bd28b900
b154c200
425ff200
4d6f9300
c5950400
c5493c00
4470b400
47812680
42834c00
42968600
41053a00
475b6200
be1b8100
c9423200
3b185e00
33028000
3ca78000
469c7400
3775c000
3f458a80
c4bcb800
c9a01000
3dcb4e00
48b1ba80
c62d8800
b7e23900
3826a700
4198bb00
bca6a700
b4c77800
c3c3e600
b7e17800
472f6400
44582a00
c1c0ec00
b06bdc00
40205e00
36810c00
47af7200
42e00200
3d2b2f00
329a4000
42b56400
4bf22800
3a44ee00
3bf16100
3e855500
30e51600
3ef78600
45216500
3e52fe00
3c20ce80
bb333800
c5191900
38c73200
37b9f100
43a84200
355cac00
39296800
38185900
39006a00
4720d400
48f60900
3d050900
4932f800
4114e800
4aa50000
3b27d580
c487c800
b4f80d00
4aa50100
4037cd80
cd033a00
c06cbb00
499c7f00
3c460d00
37b2b200
43a06180
3bc0e100
49df5300
c66ade00
bdf62a00
c2c7cd00
b2cee500
3fea5100
33eb8600
46bef100
43ef5d00
47f4e800
3f99b000
b9a55e00
c6bd7500
38c1e700
36c95f00
b187e500
bd102300
bdc69800
b5d15c00
bd616900
bb834f00
cbaac700
bb114200
44de9600
43d77800
b6246700
c6369800
bb0bb600
b6ecfc00
4496bb00
49f45300
438a6700
3bdef900
be6cd600
b0536800
3c200500
3f662000
b6cbda00
b9dfcc00
39224700
3d51ee00
3d42d800
4cba2a00
493d8a00
4227bd80
c148f000
ca163b00
4201a300
4b87a900
bf7f8c00
b0ab5200
bf9c7700
bcaad000
43bd3600
3a841600
43793600
3d3d5200
c90ec000
c78eae80
4106b800
3e044180
45830300
3703fa00
bf6b2000
c4e08300
45e84a00
376a2000
cd4c2000
bf8a0300
c7078200
c945d900
385af700
37658c00
b49c8400
bd87e180
300cdc00
3e2f6800
c1513d00
bc81d900
45afce00
4af68800
bc236800
cd128780
cb86ca00
c312f800
31ca2300
400ae980
49657400
438eb280
cb4dcd00
be87ca80
377f3600
43348e00
3848b200
4904f980
c399f100
cca90c00
c343dc00
c93bc980
b5c88c00
c24f0c00
c736e400
ba444900
c1712c00
b07ba900
c42f3a00
c9c6bf00
413bfd00
49613700
c021d700
c680b200
c3aa3a00
be449f00
34816300
3a59f700
428bc800
48a7cb00
b4e25900
bae6e000
39cc8700
43089c80
465db700
475f0500
45fffc00
45061300
4169ce00
32550300
ba1e0b00
b59cf200
36501100
41864c00
433b8600
36f4b000
cbd87c00
c0d33380
c4f8e400
b39cbd80
43855200
41d63a00
b583b200
bde4f400
c102f800
bdc55f00
c20cbb00
b4182400
3719fc00
3704b580
3fdfb600
4c4f5500
babd1f00
c90df300
ce915500
c0099f00
40549400
43c1a000
3f1be900
3ac55080
b3bb8e00
c1ab3b80
c1232000
cfb8cf00
cdec0200
bea63800
c9751a00
bc400000
3087cc00
4151da80
49e6af00
3b082800
c52ff200
bcd18b00
3407e200
3b37b000
31a5b300
42100200
b8419300
c49aea00
bceed800
b939e200
44604600
37b0a200
37b0e800
43750700
4284c600
331ae280
4517d900
4935b200
c02df400
aefb9900
c8534a00
c27b6500
4cb21700
41ff5c00
4f554c00
3ddfec00
3a2daf00
36a70300
49934e00
3d8a8b00
c6c1e800
b723a100
3c39d700
4292ce00
3e2f5700
44583900
bcafa600
c5a27780
cb0d9600
c2388a00
3fb43400
2f26c600
3b181900
47d0d580
3c81da00
38fc5d00
3801d500
44dc3000
3c5f5a00
3fb1aa00
bef9de00
af10f800
c7689400
c6a16000
3842d500
3681b180
4fbffd00
3e24f180
44139700
39448f00
36a66900
3d0c9200
3dbb8600
3270d600
c6482000
b54c3e00
c4b26f00
ba25aa80
c034cd00
c49b5900
39653800
46776900
c3cb6e00
beb54200
39868800
35884700
3561e600
4522e880
b6709600
c379cd00
ba339a00
bacc0f00
cd762700
bd7d3000
46564700
4871a200
ba7ace00
c0b31800
45e3c100
38e30600
3c8c0400
48e90200
43471d00
495e0700
3dce2c00
38c1aa80
c1cb2600
c9f5a600
bbf0c300
b607f500
b91e9700
be865200
cb015300
c09f2580
467fb000
42bd9800
3a34bd00
3ca98f80
c004a800
bd145b00
c174c800
c94cb180
49942600
417dfa00
46471c00
39982700
ba467e00
b5863800
c8138c00
be5e7700
be77fe00
c28ac700
49d21500
3a156f00
35a1a200
41a1e880
41190100
46960f80
40ba3d00
42cfab00
be74aa00
bd10ea00
bdc7a100
c31dae80
b275d800
c0a1e600
346bc800
3f5a1200
ba895200
c180cd00
c2fcd400
b378f300
c3564400
be139f00
bba41300
bbe01c00
3f0f3600
3f775500
3c1eb200
48d98000
c1268000
b9b4aa00
c0df8900
bc00fc00
3cd6cc00
34b1c980
ba148300
bc53e400
c4e87000
bb2ccc00
3ddad800
3a193400
c7816700
c1241400
b55cb000
c0ac5a00
312c1900
3e916a00
bdbe0d00
ba11fe80
c8742900
c2788a00
be1c0c00
b420e600
41788e00
45ddc800
bf8a7c00
b6caf500
c4130600
c9f26c00
3d20fb00
3a1e6c00
411b4700
47b5ed00
3ca4c800
3ad03100
be9cf400
bee1f000
3b0f9e00
45a4d200
3f5c3200
408be880
c991f500
c0c8ce00
bea6de00
b6e87800
b7e1ac00
c5855e80
45c10700
43ec2700
3c007900
45f93b00
3a026100
44a24c00
48856600
48225400
c0fad600
c05e3600
3b3f3d00
3c567f00
3fc27f00
4eeebf00
c930ec00
c1896800
c6333500
ca861600
4813d800
438b6280
bd783000
bf0bed80
3c27a500
33a5a600
bffdb200
afa8f900
3ea98000
3315e500
b7704800
c6067280
352d9f00
3b7f3400
4b8b4300
44fd8800
bc738c00
bf0a7d80
b89ecb00
b7abdc00
404a2c00
37013600
3a49a000
4a993000
c4970800
ba91f680
48ee2200
3f6f2800
c2b82800
b63bb200
4a618000
461e0c00
c3a55700
bab62a00
3a95cc00
46c0cd00
4cd34200
43585300
c95a4300
c37bdc00
387b3200
48f51600
447d0000
3538c380
3e9cde00
3c913a00
3bacc600
473df200
39a50800
47d8e600
4da10300
41dceb00
3fadbb00
3fbf6000
3e18dc00
49cb1980
41ba8700
3114c600
c10b8a00
cd732400
beacf000
ba27b780
42787f00
4e79bc00
4137fb00
45867a00
38441c00
426f4c00
b8b41c00
bfc2d300
41e6c200
30ca4d00
36290200
3bd85300
c9918c00
bd81a680
38bf0600
36f50800
499dd400
3af7f000
4119b400
30e3cf00
4798a600
36f36800
413d4000
320bb700
c646ca00
c135a880
c1d64c00
cd0f5100
cda47c00
c214ea00
4336b600
3e87d800
38f0e200
488a5b00
c5df9800
c1d65680
474b9600
3a88c980
c9ac0600
c4135600
3ffea000
2e0a8300
416cee00
34950000
34b9b700
402cc880
4c5f0200
44874280
40921b00
3acd4600
4a806400
40691b00
4c9e0200
40bd7900
46a60200
3d4e2c00
c1e60e00
c682a100
47653200
47176480
4611fc00
34aa3480
bbe85400
c9ac7b80
bcbd1300
cbc54b00
3f9bb200
302df280
c6b0b200
b7911d00
350f6800
3c3b3500
b6861300
be2c0900
4b557800
3cde7a00
474bbe00
4530b480
4bac9e00
3b81d200
48819600
3db95000
c36f2a00
bf0a2d00
ca0d0300
c0196800
4d0cf000
408e1480
b6959500
c63a5e00
c124a800
b823fb00
30f7c200
408be200
c9d2ff00
bf007400
c6015a00
bde80500
33229000
3c047b80
b9c78000
c0c55b80
37754600
42889b00
bd8bc000
cc2ca200
382b9600
461f0e80
bf4af900
c15b5100
44ef7a00
3522c400
c14f0200
b3a90200
c10c6700
c719d200
b7afce00
c50a6c00
bd502c00
ca88a000
478f3300
36298e80
bfcd8d00
b71f8980
4cb7fb00
3b010200
43070f00
400e0100
3f064800
3b648f00
39a64f00
350e9a00
b9389200
c9f5d200
38f5ac00
3b1c3e00
b3dcf500
bc077e00
3f608200
44258900
b2b22000
bfbe6300
41724000
44660e00
c1e7ce00
c6c95d00
c5369c00
b573b800
c9086400
b8951300
c08e0900
bbb83400
cd517900
bc819500
40fdd600
4549ba00
49d1a200
455c6300
3a014b00
34a5ca00
ca8c3100
b993be00
c18ba400
cb1fcd00
c6476300
b95d2d00
44a4d300
38be3c00
b9dc9a00
ca6f8400
4f46a600
413ffa00
c1782600
c9189480
3f907200
2f3f9d00
bac99a00
cacef600
4bb37400
429af000
c4733600
c99d3700
c74a5b00
b95a2700
be0eae00
b05e0000
bc991d00
cbd49c00
4667ee00
3c2e9700
bbe80e00
b4439000
3faee500
371a7e80
bb29cd00
c2b20d00
c5bb9d00
b92caa00
40fe9c00
405f8600
3cbf7200
37220180
c201fa00
cb950d00
c28d8b00
b9c13800
44e85a00
3b414a00
ca3ab100
c3435200
bcfe2e00
b6400600
3f9ab600
3d4c3380
4f2eaa00
3d64ee00
bab91c00
bc088600
bf3aa800
c121b400
b8985e00
bf906f00
c6595300
b985e600
b2cf8a00
c2030280
3d6a9000
3f409380
3a861a00
36bdc200
34d7e500
43de3b00
39f53a00
3cb54100
c71f1600
bc36a300
c1d55700
b4044e00
bba96800
b8067000
bc95fa00
cd6e5800
c2fc2400
b386a080
bb0c9a00
c0c48580
4b740c00
3e2f1f80
c2bdde00
bbd81400
bc396a00
c5f40200
3224dd00
41305a00
c0c5b000
c1f02800
ba25b100
c75ba300
4fe00a00
3e765800
436c4a00
49468000
c0a1fe00
c0e35000
c4f1f200
c01bf200
49cc9500
3dd3f700
4179ec00
35ce0100
47be6c00
37134500
c538e100
c78f1880
3f509a00
43d4cf00
42a1a400
41471900
c9575400
bcd32000
33f7f800
4401ae80
be279600
c831bf00
c4540d00
c47bdc00
3ae2aa00
33126b00
bac7d300
bdd10300
b9022c00
c5143900
43ca5600
49163980
bb83a200
b6b9be00
c041b200
b4abab00
3d9dba00
34fa7000
440ecc00
383bfe00
c1394f00
c59d3200
b6f09600
ba11c900
443cf000
45bb8600
3489a800
442d3f00
c3c19900
bbe3db00
3058ae00
40811580
3c0bce00
492dd100
3aa39e00
357d1200
3cdfb800
32607a00
c5524e00
bb0d8a80
bba99200
b5155880
ba016d00
c2341000
3f268300
426b0c00
38a8d900
43119200
be96af00
c3c29a00
34fef400
3cae0880
b92e5600
c55fae00
3aa2cf00
47191700
c1a4ed00
b7136f80
c1bc7a00
b1aa0c80
3de3e800
32baba80
31a2ea00
41ae0b00
cdb42200
c22d6200
49eff200
3f2d3e00
46407a00
46b25f00
b56e0400
c09aca00
b158b400
be3c6380
bee46c00
c7876f80
c9255e00
bdbe7e80
c3d59600
cb19d600
bf665c00
b34ddd80
3ab7b600
39edca00
bed28400
baade800
3e11d300
39aa7800
b7b05100
c4d2f100
c8cb5400
c5676000
c36eb200
b741cd00
b61c9600
c3d4be00
c7287500
b6b47b80
bfc23500
aee86100
38f15000
376a6500
b4465e00
c3c45900
bc5dc700
bc784600
368ba500
37e67300
4654fa00
3bd53f00
4dab0800
3fe23800
b4f47c00
bf2f3600
45265100
4b3fba00
38373c00
40ea9b00
b74f3000
c4756b00
be8b9200
cb983f00
cc640000
c2a97e00
c86cac00
bf1aef80
b6352600
c51a6080
c1062200
c049b200
40ce7000
379e3d00
48e09700
42ec7400
34e0b500
41ec0e00
3c151000
47451a00
3c790600
35727900
bd293e00
bc029d00
33b3bc00
402f7100
40ef3400
31b73380
400e9700
4371df00
360d8a00
451a6600
4800d700
3a466a00
45333600
480fdf80
c2956700
c1a5ea00
c1f26e00
c86b9000
c2204400
b0768800
43cb9f00
47d60300
47940800
3df00a00
379f9c00
389b0680
c00e3600
cca29880
3d151700
3a94fc80
b7588200
c30c3580
b327e400
c14fa300
4c752e00
3cf88000
ba8e7100
b5b19800
b866dc00
c26c1f00
b0396800
bf54a600
bf27a600
c1b6fa80
3bb89800
3e46ca00
473f3a00
42ee5f00
b43b8700
c2a16c00
3c84cb00
3adcd600
42baae00
38ec8200
47a0c300
3caa3600
bbdf8900
b8e1d400
c52bfc00
c70de280
bfd4ad00
bfe7b500
3f1bcc00
41806c00
41f8ae00
389b1f00
bf073000
cfc3b380
3c7e7600
4a02cf00
cdb24b00
c1e6ac00
cdb58900
bfd64d00
ba185b00
c0c59580
45674200
3c934900
be787c00
b458d380
4072dc00
32fa6300
42f1ea00
498df300
43036400
4aaf7b80
b013af00
be4b7600
34902900
3e00da00
c64e7f00
bd533b00
41a70000
489a4300
3cd22600
4bc50800
b4bd9e00
c0afc880
bf0bf400
cc646800
43ed2000
3ece2280
43e7cc00
3d06dc80
b651cb00
c392b100
3e3e2300
4b5b8500
4924eb00
3d3bf400
3d59e900
33841b00
c31dec00
b9569300
be0fdc00
ba26d000
425ee400
3b6e6100
3579d800
3fd27300
c50e3b00
cab54580
c085c200
b3a2c800
3a4ae600
3b212a80
c0099700
b4ab2100
3d7dc600
40ed8a00
31fb8800
3dc50480
3f303e00
34328100
3f29d100
4d28bc00
39aefc00
45156f00
41018100
46c57500
bf626800
b084bc80
b6d03000
baddbe00
3ff66000
4322be00
c011c800
b4c40600
c0a2cc00
b6280180
c6f09600
c6fba900
42ab7000
35fdb800
b6356200
b7dd2300
c51f2b00
c84c8400
c7e4c400
c07dfb00
3ba78e00
4aa05980
40bd6400
3aac0600
bf611800
b8176400
b54cdb00
bb5bd300
47fd2c00
44021d00
4653da00
3d413900
40aff600
3c9c4080
50367400
3f259c00
cec6e200
c0c80c00
4114a900
4ea3f300
c5140500
b7a2a200
4e7f1200
3e5df180
b560e600
c1fbbc00
45a01a00
4280b000
39650b00
3e85a200
32223f00
40645400
3e140e00
3e4fbe00
c0c9db00
b3032d00
c9030400
c5f74e80
4ab53000
3a22ba80
b8ee7a00
c8fbcb00
451a8f00
4366bc00
c0836700
cc4c7780
ca45b600
beb21500
41561c00
45263500
423bf100
4c78cc00
ba8bec00
bca47b00
b4d0e600
c554ad00
347af200
4574c600
3986cc00
34c14f00
c0278e00
af184000
baea1800
b8936280
bd8d1500
b08fdc00
ba9fb100
cac3c200
c44cfd00
c098b700
3f947000
3eed3800
3b1d6c00
478a5800
47e8be00
37cc8c00
418b4d00
398c2f00
c7ac9e00
c7946600
2f479800
3f1fbe00
c6854a00
c4c62500
b630e000
bfc6fe00
bf422f00
c988aa00
48916600
40f82e00
bc880b00
c88fac00
c41db400
c6406900
b79f7400
c5027400
c2922c00
c0244200
c343e900
bc855000
4902b600
4381f480
42e91600
43df0c80
41c91a00
326c6f00
3e1ec200
3d3a2500
c57db000
bb82e100
bca81200
bb32b780
c09ae200
ca019800
c3d30100
c60f0880
39050400
383c4e00
cfa8b200
bee78800
3c9fbb00
362bbb00
363c1800
3d809400
45180700
3458a300
3bad6e00
44bcbf00
bf51c200
bf044b80
4c161e00
3eb91200
c87f9600
bb4beb80
bea7c800
b5e03000
b2902d00
be3ada00
43d7ca00
3887ee00
3b805b00
3d4e8500
46db9c00
43088580
b14a1500
be4b5300
c1a4a100
b2ab9c00
ca44bb00
b9574300
3702c500
47100200
bb8d3300
c391f700
be981500
c60da900
cabbc400
c2aca400
40088f00
46c16500
c3f7f800
b69f0f80
4088fe00
419d3700
bc339400
c8f00b00
44879600
4b6a5980
469cbe00
45330080
cb42ae00
c35f6400
b3cd5300
bd0cea00
c359ae00
b6d10100
b6cb5100
c310f300
b9f5fa00
cad9d100
434f5e00
45faa800
bb113f00
c785f980
37287800
3700be80
c8233300
be261c00
b81cdc00
bd3e8f00
472ceb00
46b1b880
c3137800
c17b1000
40109800
329f7b80
3f8a9300
3cfd5a00
b925d400
bd284b00
3f77b000
4d86bd00
c57f0200
b9db7500
45d37800
446b9a00
33410a00
426d3600
b9fac400
be816a80
448c0900
41b82000
4274e400
42bdaa00
3125e700
40893600
3fe54700
44f29000
c7a10700
b6f4e400
c4c68a00
c02b3200
3ff5d600
3e05ed00
33142400
3da1ae80
4623ab00
3e818e00
4854c800
3d061680
c22a0800
cdaa0000
31b6a400
42118380
44af9a00
45fbb000
c67a5600
bddd0200
3757e000
37ca3e00
b5426c00
c0c2bc00
42afec00
467b5f00
467e5800
363ba080
cccffc00
bc9bc500
4fd59300
3e00b800
4b8ce800
40a5c100
40433f00
42a18280
43467a00
43d0df00
341ddc00
3fbdb300
49b6c300
41f76400
be40e800
b744c200
43763600
47e01000
c97de200
b9cbe200
c4a12800
c781c380
c2277c00
c0d22300
3ef8f600
432e1600
b9bc6100
bdd60b00
41e0c400
4bf12b00
c526aa00
bb786800
48040000
3724bc00
3bd79400
3dc14f80
391a5200
3a556800
bc654700
c6751600
bb93c600
b3fde000
4645d000
3b96e280
bef1e000
c81c6100
c9eb3c00
b8b2b580
b75aaa00
b7466300
3bf94200
459d5d00
417d9800
399a5700
c1816400
bc18f700
bf4e1d00
b1927880
c5e36a00
b9ca5c00
3afbde00
3e49fe00
2f173500
3f1b7e00
452e2100
4a86ca00
354ca800
439a8780
419bdd00
40dc6b00
427e4000
41ddec00
bbf3b400
b30bfa00
3caaa600
4288f500
c5735200
be3c2300
4a296c00
3aa76200
bc5dde00
c1492100
3caa6000
39bb7900
cd18c700
c3ad3f80
c1578200
c6869880
4f45c700
3d62c900
46fc4800
44c33180
47a7e000
3b1c3c80
3d9d2500
49b6a000
bf8fa700
b5f60600
bf6c6d00
b48a8c00
caa2a700
c0083200
46875700
3dd31b00
c0bbfd00
bd18f500
c08bcb00
b5a3b400
bbdd3400
b785e880
473dce00
40c71100
c91fa000
bf220f00
c0bece00
c9ba1880
420b1b00
3b886480
cd1e4600
bff64600
c0c2d400
c08ce800
c5bec000
c3eb6e00
3c76fc00
4aece900
3d290000
4a5a1800
be3a1a00
b3501800
4094f600
37b25300
b8f6a200
ba0ae000
c71aec00
c61fc800
3fcc8800
4b160600
b70e1100
baa17980
4345e800
3b598600
3eb3c400
35ecd800
3322b400
43d99d00
b693f200
c5d65500
b5333500
c4692c00
b581c800
ba364780
c6b51f00
c3e11900
47c4f700
40f52500
3c233e00
37612500
b8455e00
c930ef80
c386c400
bd605f80
47481800
3fa04a00
c7ad0300
bd0cce00
b8fef200
be9a4d00
be1a3900
b6812a00
4481e400
34a2bd00
bb61a500
cb862a00
c7500200
b57ba900
383e7000
42377600
398f2800
36109d80
3741eb00
414ed900
cf2fec00
bf07e180
4b0ac800
3e689100
bf8b9900
b0ec7900
4fcea900
3f022e00
37632200
430bb400
39c65600
45d7b000
426d1400
462f0380
bba8cc00
c9036400
bf220000
ce197080
ca215500
bc8c6a00
4a9f3d00
4514d180
3b84e400
48496880
418cb300
45f68400
32405d00
3e6db900
c1054d00
c7f43700
bd491800
b3d80a00
b88fca00
bc555280
3e37da00
39526c00
ca14fe00
c57f4800
b196bb00
be130980
448b4d00
4b49c380
c2bd9000
be7b9900
ce0cbc00
bd712300
3d08e600
35bf7f00
cc0c0100
bb224900
bd35cc00
b77fe800
40a0e000
486d1900
c6362800
c81e1400
c1b9fb00
c0091a80
b906a000
bc16e700
bb8eb500
b4c05c00
c5d45000
c8559600
32f62700
43042c00
4a8e4d00
454da800
c3093d00
b8bb5700
464f8600
388e6d00
3f2f0700
42991100
c54f3600
c52db880
394c8600
35df9d00
43158e00
335a4400
36308600
469bff00
35493400
40344d00
35144a00
3e23dd00
caadba00
bc219c80
bf33f800
c1759800
c2bfce00
bf91e680
b32acb00
c3bc3f00
3e120a00
47f1be00
444b9300
39940700
b5b42000
be43be00
3aa4f000
47f27800
c1e2b800
bc476600
38fbfa00
3805ef00
bbe6be00
c806fe80
c1793200
cdd43400
448ab200
3c0bd800
413dd900
414fed00
4b3c5b00
3b9d3300
49f46800
3a8de780
4a502600
3cd34d00
431c1a00
38af3d00
c327fc00
c977c800
b8f92600
c7414400
b7324a00
b8b49d00
49fddc00
383ac600
37b3e000
46493e00
3022a200
3e05c900
bc353600
c8214e80
3eb53200
3e824600
c7892100
c815bd00
c48f2900
be01bf00
cc644800
bb646b00
bbed3000
c6fdc900
c645e600
c0306680
bf18c700
b49b5200
42d3e000
47bf4c80
c34f7400
c9905a00
c2582200
b842e400
35b71600
3fd0a000
c3770c00
cc1a4480
3d3e7e00
35a08d80
4a460100
42863400
38296100
42375c00
c5331500
c2370400
3e07bd00
445fa500
3d7ad000
3f23bc80
47a04b00
3cb59e00
459e3c00
35eeb800
be2fa400
bb5a6c00
4a22fe00
3d5ff700
4b42e500
40986b80
494c2400
3a848980
3d5ee000
3bb5a600
3844ea00
3cf2d700
3fe6cc00
2f98d200
409dc100
3529aa00
c28bb300
c68ccb00
bc62ae00
b2bdb000
3fc79600
4ad18e00
41552a00
41734b00
be7c9000
c8a50000
c0690000
ceb7ac00
c8651600
be53cd00
c5bbea00
c1a36780
469b0200
44e06700
3ae88c00
3f5e5b00
39bfb400
46883000
3e060600
30333200
36142600
3ae75200
c0709e00
b7cfea00
38233600
3671b000
c3b30c00
cd253180
31b16600
3c7fca00
44fdaa00
40aa9100
bd166d00
cc387600
3d243200
42d00b00
bec7b300
b8196a80
457b1600
4aa24f00
43ec9600
4a65d000
43837100
3fe80200
3dcdac00
3f051500
c1768100
b07a0000
becafe00
b3698900
41093900
4645b400
c48ca300
befca200
bc7a7000
cb210180
3bb6ea00
42006c00
3ebedc00
460e9100
3faf5900
4bf96c00
3e9bb200
30272400
b2f57000
bd755b00
44f4aa00
4980a700
41656400
4b926a00
4b2aad00
3e73cc00
cc132d00
bdc46380
b7b69200
c5194a00
cf7b3400
c13b8680
c1447600
c5f2f500
3b4e4000
3f023980
4901d200
3b233600
b88bb300
bf5e5980
4acdc200
3a2c2e00
438e7b00
401fc080
35a5a600
45f7a000
392e7c00
419bb880
ca118000
c144a800
354c7800
44742000
c4c99f00
c10bc680
40345900
4767e300
47415500
41685100
c12c8900
bb313000
c0a7fe00
c59f5380
414bca00
3e23f280
c2bb6200
b3f84000
450da500
3e1f6900
42584e00
43025c00
449b8100
49176180
3bb13000
4a62e700
c5274600
b7058f00
364d5f00
42829400
3f2d1100
374b8e00
3c86a600
3d740200
bac85200
bc7fde00
450c6100
33258d00
c8089e00
b9cd2780
c5abae00
cad1f100
3b37de00
34f68000
439afb00
413c0d00
33044e00
3fd36080
c4ca8100
bdf4eb00
4690a200
4a45bf80
3dd5a200
44f9ef00
43d9ca00
3ebd1a00
c622a200
c2c3ae00
42b41200
3bf4f800
3760b800
44243f80
3bbadc00
373e1400
46de8a00
47f47d00
c8633a00
bd83ac80
3c890000
47ebca00
49c3e600
39877080
4a125200
45f6ba00
be62e000
bd193d00
4c058300
3f057700
4c35f700
4459b100
b7127100
b7a3c900
3ef27600
44025880
b7b79b00
c3d81100
c0b17600
bb477500
c1be1200
c31ce600
41907e00
4a391a80
3eb9d400
2f46c000
422e0700
48764c00
c3cf1a00
b80bf100
be870600
baeb6600
b5466e00
c5006200
3b7a0e00
3b15e980
408b0e00
3f40e680
c8146a00
bd841d00
b3372a00
c1539e00
4aad7600
396cc200
3f2ef100
4687ce00
496fae00
4103b500
c0e6a000
be06a980
c8936c00
c85acc80
4568f200
3fbf9200
43d48600
47813100
4d87ab00
40386f00
bb22dc00
bcc95400
ca92ac00
bc94b200
421c2f00
3e5d2d00
3ccc0e00
3b96ad80
bbdf0600
b3c41200
b30e6b00
c2c8f400
bbff1600
ba95d900
baccc600
c84d1d00
40a7d500
4002e200
c8863100
c6bc0c00
bcda6a00
c795b980
bf913200
b9da9500
c8362200
b73f5900
44815600
45e50100
3f7c2400
3f807600
3f7c2400
3f807600
3f870000
3f728900
3f871200
3f726c00
3f871200
3f726c00
3f900000
3f640900
3f901200
3f63ec00
3f901200
3f63ec00
3f990000
3f558900
3f991200
3f556c00
3f991200
3f556c00
3fa20000
3f470900
3f9e1400
3f4e6000
3f9e1400
3f4e6000
3fa70200
3f44f300
3fa71400
3f44e000
3fa71400
3f44e000
3fb00200
3f3b7300
3fb01400
3f3b6000
3fb01400
3f3b6000
3fb90200
3f31f300
3fb91400
3f31e000
3fb91400
3f31e000
3fc20200
3f287300
3fbe1600
3f2b5400
3fbe1600
3f2b5400
3fc70400
3f246200
3fc71600
3f245400
3fc71600
3f245400
3fd00400
3f1d6200
3fd01600
3f1d5400
3fd01600
3f1d5400
3fd90400
3f166200
3fd91600
3f165400
3fd91600
3f165400
3fe20400
3f0f6200
3fde1800
3f12fc00
3fde1800
3f12fc00
3fe70600
3f0e0600
3fe71800
3f0dfc00
3fe71800
3f0dfc00
3ff00600
3f090600
3ff01800
3f08fc00
3ff01800
3f08fc00
3ff90600
3f040600
3ff91800
3f03fc00
3ff91800
3f03fc00
40010300
3efe0c00
3f7c2400
3f807600
3f7c2400
3f807600
3f870000
3f728900
3f871200
3f726c00
3f871200
3f726c00
3f900000
3f640900
3f901200
3f63ec00
3f901200
3f63ec00
3f990000
3f558900
3f991200
3f556c00
3f991200
3f556c00
3fa20000
3f470900
3f9e1400
3f4e6000
3f9e1400
3f4e6000
3fa70200
3f44f300
3fa71400
3f44e000
3fa71400
3f44e000
3fb00200
3f3b7300
3fb01400
3f3b6000
3fb01400
3f3b6000
3fb90200
3f31f300
3fb91400
3f31e000
3fb91400
3f31e000
3fc20200
3f287300
3fbe1600
3f2b5400
3fbe1600
3f2b5400
3fc70400
3f246200
3fc71600
3f245400
3fc71600
3f245400
3fd00400
3f1d6200
3fd01600
3f1d5400
3fd01600
3f1d5400
3fd90400
3f166200
3fd91600
3f165400
3fd91600
3f165400
3fe20400
3f0f6200
3fde1800
3f12fc00
3fde1800
3f12fc00
3fe70600
3f0e0600
3fe71800
3f0dfc00
3fe71800
3f0dfc00
3ff00600
3f090600
3ff01800
3f08fc00
3ff01800
3f08fc00
3ff90600
3f040600
3ff91800
3f03fc00
3ff91800
3f03fc00
40010300
3efe0c00
3f870000
3f87a780
3f870000
3f87a780
3f8fee00
3f807600
3f900000
3f806780
3f900000
3f806780
3f98ee00
3f726c00
3f990000
3f724f00
3f990000
3f724f00
3fa1ee00
3f63ec00
3fa20000
3f63cf00
3fa20000
3f63cf00
3faaee00
3f556c00
3fa8fe00
3f59c900
3fa8fe00
3f59c900
3fb1ec00
3f505c00
3fb1fe00
3f504900
3fb1fe00
3f504900
3fbaec00
3f46dc00
3fbafe00
3f46c900
3fbafe00
3f46c900
3fc3ec00
3f3d5c00
3fc3fe00
3f3d4900
3fc3fe00
3f3d4900
3fccec00
3f33dc00
3fcafc00
3f354000
3fcafc00
3f354000
3fd3ea00
3f2e4e00
3fd3fc00
3f2e4000
3fd3fc00
3f2e4000
3fdcea00
3f274e00
3fdcfc00
3f274000
3fdcfc00
3f274000
3fe5ea00
3f204e00
3fe5fc00
3f204000
3fe5fc00
3f204000
3feeea00
3f194e00
3fecfa00
3f1b6b00
3fecfa00
3f1b6b00
3ff5e800
3f167500
3ff5fa00
3f166b00
3ff5fa00
3f166b00
3ffee800
3f117500
3ffefa00
3f116b00
3ffefa00
3f116b00
4003f400
3f0c7500
4003fd00
3f0c6b00
4003fd00
3f0c6b00
40087400
3f077500
3f871200
3f87b600
3f871200
3f87b600
3f900000
3f808480
3f901200
3f807600
3f901200
3f807600
3f990000
3f728900
3f991200
3f726c00
3f991200
3f726c00
3fa20000
3f640900
3fa21200
3f63ec00
3fa21200
3f63ec00
3fab0000
3f558900
3fa91400
3f59e000
3fa91400
3f59e000
3fb20200
3f507300
3fb21400
3f506000
3fb21400
3f506000
3fbb0200
3f46f300
3fbb1400
3f46e000
3fbb1400
3f46e000
3fc40200
3f3d7300
3fc41400
3f3d6000
3fc41400
3f3d6000
3fcd0200
3f33f300
3fcb1600
3f355400
3fcb1600
3f355400
3fd40400
3f2e6200
3fd41600
3f2e5400
3fd41600
3f2e5400
3fdd0400
3f276200
3fdd1600
3f275400
3fdd1600
3f275400
3fe60400
3f206200
3fe61600
3f205400
3fe61600
3f205400
3fef0400
3f196200
3fed1800
3f1b7c00
3fed1800
3f1b7c00
3ff60600
3f168600
3ff61800
3f167c00
3ff61800
3f167c00
3fff0600
3f118600
3fff1800
3f117c00
3fff1800
3f117c00
40040300
3f0c8600
40040c00
3f0c7c00
40040c00
3f0c7c00
40088300
3f078600
3f871200
3f87b600
3f871200
3f87b600
3f900000
3f808480
3f901200
3f807600
3f901200
3f807600
3f990000
3f728900
3f991200
3f726c00
3f991200
3f726c00
3fa20000
3f640900
3fa21200
3f63ec00
3fa21200
3f63ec00
3fab0000
3f558900
3fa91400
3f59e000
3fa91400
3f59e000
3fb20200
3f507300
3fb21400
3f506000
3fb21400
3f506000
3fbb0200
3f46f300
3fbb1400
3f46e000
3fbb1400
3f46e000
3fc40200
3f3d7300
3fc41400
3f3d6000
3fc41400
3f3d6000
3fcd0200
3f33f300
3fcb1600
3f355400
3fcb1600
3f355400
3fd40400
3f2e6200
3fd41600
3f2e5400
3fd41600
3f2e5400
3fdd0400
3f276200
3fdd1600
3f275400
3fdd1600
3f275400
3fe60400
3f206200
3fe61600
3f205400
3fe61600
3f205400
3fef0400
3f196200
3fed1800
3f1b7c00
3fed1800
3f1b7c00
3ff60600
3f168600
3ff61800
3f167c00
3ff61800
3f167c00
3fff0600
3f118600
3fff1800
3f117c00
3fff1800
3f117c00
40040300
3f0c8600
40040c00
3f0c7c00
40040c00
3f0c7c00
40088300
3f078600
3f900000
3f8ee780
3f900000
3f8ee780
3f98ee00
3f87b600
3f990000
3f87a780
3f990000
3f87a780
3fa1ee00
3f807600
3fa20000
3f806780
3fa20000
3f806780
3faaee00
3f726c00
3fab0000
3f724f00
3fab0000
3f724f00
3fb3ee00
3f63ec00
3fb3fe00
3f654900
3fb3fe00
3f654900
3fbcec00
3f5bdc00
3fbcfe00
3f5bc900
3fbcfe00
3f5bc900
3fc5ec00
3f525c00
3fc5fe00
3f524900
3fc5fe00
3f524900
3fceec00
3f48dc00
3fcefe00
3f48c900
3fcefe00
3f48c900
3fd7ec00
3f3f5c00
3fd7fc00
3f3f4000
3fd7fc00
3f3f4000
3fe0ea00
3f384e00
3fe0fc00
3f384000
3fe0fc00
3f384000
3fe9ea00
3f314e00
3fe9fc00
3f314000
3fe9fc00
3f314000
3ff2ea00
3f2a4e00
3ff2fc00
3f2a4000
3ff2fc00
3f2a4000
3ffbea00
3f234e00
3ffbfa00
3f23eb00
3ffbfa00
3f23eb00
40027400
3f1ef500
40027d00
3f1eeb00
40027d00
3f1eeb00
4006f400
3f19f500
4006fd00
3f19eb00
4006fd00
3f19eb00
400b7400
3f14f500
400b7d00
3f14eb00
400b7d00
3f14eb00
400ff400
3f0ff500
3f901200
3f8ef600
3f901200
3f8ef600
3f990000
3f87c480
3f991200
3f87b600
3f991200
3f87b600
3fa20000
3f808480
3fa21200
3f807600
3fa21200
3f807600
3fab0000
3f728900
3fab1200
3f726c00
3fab1200
3f726c00
3fb40000
3f640900
3fb41400
3f656000
3fb41400
3f656000
3fbd0200
3f5bf300
3fbd1400
3f5be000
3fbd1400
3f5be000
3fc60200
3f527300
3fc61400
3f526000
3fc61400
3f526000
3fcf0200
3f48f300
3fcf1400
3f48e000
3fcf1400
3f48e000
3fd80200
3f3f7300
3fd81600
3f3f5400
3fd81600
3f3f5400
3fe10400
3f386200
3fe11600
3f385400
3fe11600
3f385400
3fea0400
3f316200
3fea1600
3f315400
3fea1600
3f315400
3ff30400
3f2a6200
3ff31600
3f2a5400
3ff31600
3f2a5400
3ffc0400
3f236200
3ffc1800
3f23fc00
3ffc1800
3f23fc00
40028300
3f1f0600
40028c00
3f1efc00
40028c00
3f1efc00
40070300
3f1a0600
40070c00
3f19fc00
40070c00
3f19fc00
400b8300
3f150600
400b8c00
3f14fc00
400b8c00
3f14fc00
40100300
3f100600
3f901200
3f8ef600
3f901200
3f8ef600
3f990000
3f87c480
3f991200
3f87b600
3f991200
3f87b600
3fa20000
3f808480
3fa21200
3f807600
3fa21200
3f807600
3fab0000
3f728900
3fab1200
3f726c00
3fab1200
3f726c00
3fb40000
3f640900
3fb41400
3f656000
3fb41400
3f656000
3fbd0200
3f5bf300
3fbd1400
3f5be000
3fbd1400
3f5be000
3fc60200
3f527300
3fc61400
3f526000
3fc61400
3f526000
3fcf0200
3f48f300
3fcf1400
3f48e000
3fcf1400
3f48e000
3fd80200
3f3f7300
3fd81600
3f3f5400
3fd81600
3f3f5400
3fe10400
3f386200
3fe11600
3f385400
3fe11600
3f385400
3fea0400
3f316200
3fea1600
3f315400
3fea1600
3f315400
3ff30400
3f2a6200
3ff31600
3f2a5400
3ff31600
3f2a5400
3ffc0400
3f236200
3ffc1800
3f23fc00
3ffc1800
3f23fc00
40028300
3f1f0600
40028c00
3f1efc00
40028c00
3f1efc00
40070300
3f1a0600
40070c00
3f19fc00
40070c00
3f19fc00
400b8300
3f150600
400b8c00
3f14fc00
400b8c00
3f14fc00
40100300
3f100600
3f990000
3f962780
3f990000
3f962780
3fa1ee00
3f8ef600
3fa20000
3f8ee780
3fa20000
3f8ee780
3faaee00
3f87b600
3fab0000
3f87a780
3fab0000
3f87a780
3fb3ee00
3f807600
3fb40000
3f806780
3fb40000
3f806780
3fbcee00
3f726c00
3fbefe00
3f70c900
3fbefe00
3f70c900
3fc7ec00
3f675c00
3fc7fe00
3f674900
3fc7fe00
3f674900
3fd0ec00
3f5ddc00
3fd0fe00
3f5dc900
3fd0fe00
3f5dc900
3fd9ec00
3f545c00
3fd9fe00
3f544900
3fd9fe00
3f544900
3fe2ec00
3f4adc00
3fe4fc00
3f494000
3fe4fc00
3f494000
3fedea00
3f424e00
3fedfc00
3f424000
3fedfc00
3f424000
3ff6ea00
3f3b4e00
3ff6fc00
3f3b4000
3ff6fc00
3f3b4000
3fffea00
3f344e00
3ffffc00
3f344000
3ffffc00
3f344000
40047500
3f2d4e00
40057d00
3f2c6b00
40057d00
3f2c6b00
4009f400
3f277500
4009fd00
3f276b00
4009fd00
3f276b00
400e7400
3f227500
400e7d00
3f226b00
400e7d00
3f226b00
4012f400
3f1d7500
4012fd00
3f1d6b00
4012fd00
3f1d6b00
40177400
3f187500
3f991200
3f963600
3f991200
3f963600
3fa20000
3f8f0480
3fa21200
3f8ef600
3fa21200
3f8ef600
3fab0000
3f87c480
3fab1200
3f87b600
3fab1200
3f87b600
3fb40000
3f808480
3fb41200
3f807600
3fb41200
3f807600
3fbd0000
3f728900
3fbf1400
3f70e000
3fbf1400
3f70e000
3fc80200
3f677300
3fc81400
3f676000
3fc81400
3f676000
3fd10200
3f5df300
3fd11400
3f5de000
3fd11400
3f5de000
3fda0200
3f547300
3fda1400
3f546000
3fda1400
3f546000
3fe30200
3f4af300
3fe51600
3f495400
3fe51600
3f495400
3fee0400
3f426200
3fee1600
3f425400
3fee1600
3f425400
3ff70400
3f3b6200
3ff71600
3f3b5400
3ff71600
3f3b5400
40000200
3f346200
40000b00
3f345400
40000b00
3f345400
40048200
3f2d6200
40058c00
3f2c7c00
40058c00
3f2c7c00
400a0300
3f278600
400a0c00
3f277c00
400a0c00
3f277c00
400e8300
3f228600
400e8c00
3f227c00
400e8c00
3f227c00
40130300
3f1d8600
40130c00
3f1d7c00
40130c00
3f1d7c00
40178300
3f188600
3f991200
3f963600
3f991200
3f963600
3fa20000
3f8f0480
3fa21200
3f8ef600
3fa21200
3f8ef600
3fab0000
3f87c480
3fab1200
3f87b600
3fab1200
3f87b600
3fb40000
3f808480
3fb41200
3f807600
3fb41200
3f807600
3fbd0000
3f728900
3fbf1400
3f70e000
3fbf1400
3f70e000
3fc80200
3f677300
3fc81400
3f676000
3fc81400
3f676000
3fd10200
3f5df300
3fd11400
3f5de000
3fd11400
3f5de000
3fda0200
3f547300
3fda1400
3f546000
3fda1400
3f546000
3fe30200
3f4af300
3fe51600
3f495400
3fe51600
3f495400
3fee0400
3f426200
3fee1600
3f425400
3fee1600
3f425400
3ff70400
3f3b6200
3ff71600
3f3b5400
3ff71600
3f3b5400
40000200
3f346200
40000b00
3f345400
40000b00
3f345400
40048200
3f2d6200
40058c00
3f2c7c00
40058c00
3f2c7c00
400a0300
3f278600
400a0c00
3f277c00
400a0c00
3f277c00
400e8300
3f228600
400e8c00
3f227c00
400e8c00
3f227c00
40130300
3f1d8600
40130c00
3f1d7c00
40130c00
3f1d7c00
40178300
3f188600
3fa20000
3f9d6780
3fa20000
3f9d6780
3faaee00
3f963600
3fab0000
3f962780
3fab0000
3f962780
3fb3ee00
3f8ef600
3fb40000
3f8ee780
3fb40000
3f8ee780
3fbcee00
3f87b600
3fbd0000
3f87a780
3fbd0000
3f87a780
3fc5ee00
3f807600
3fc9fe00
3f7c4900
3fc9fe00
3f7c4900
3fd2ec00
3f72dc00
3fd2fe00
3f72c900
3fd2fe00
3f72c900
3fdbec00
3f695c00
3fdbfe00
3f694900
3fdbfe00
3f694900
3fe4ec00
3f5fdc00
3fe4fe00
3f5fc900
3fe4fe00
3f5fc900
3fedec00
3f565c00
3ff1fc00
3f534000
3ff1fc00
3f534000
3ffaea00
3f4c4e00
3ffafc00
3f4c4000
3ffafc00
3f4c4000
4001f500
3f454e00
4001fe00
3f454000
4001fe00
3f454000
40067500
3f3e4e00
40067e00
3f3e4000
40067e00
3f3e4000
400af500
3f374e00
400cfd00
3f34eb00
400cfd00
3f34eb00
40117400
3f2ff500
40117d00
3f2feb00
40117d00
3f2feb00
4015f400
3f2af500
4015fd00
3f2aeb00
4015fd00
3f2aeb00
401a7400
3f25f500
401a7d00
3f25eb00
401a7d00
3f25eb00
401ef400
3f20f500
3f9e1400
3fa00200
3f9e1400
3fa00200
3fa8fe00
3f975380
3fa91400
3f974200
3fa91400
3f974200
3fb3fe00
3f8e9380
3fb41400
3f8e8200
3fb41400
3f8e8200
3fbefe00
3f85d380
3fbf1400
3f85c200
3fbf1400
3f85c200
3fc9fe00
3f7a2700
3fc61600
3f809000
3fc61600
3f809000
3fd10000
3f75b700
3fd11600
3f75a000
3fd11600
3f75a000
3fdc0000
3f6a3700
3fdc1600
3f6a2000
3fdc1600
3f6a2000
3fe70000
3f5eb700
3fe71600
3f5ea000
3fe71600
3f5ea000
3ff20000
3f533700
3fee1800
3f55bc00
3fee1800
3f55bc00
3ff90200
3f4d4d00
3ff91800
3f4d3c00
3ff91800
3f4d3c00
40020100
3f44cd00
40020c00
3f44bc00
40020c00
3f44bc00
40078100
3f3c4d00
40078c00
3f3c3c00
40078c00
3f3c3c00
400d0100
3f33cd00
400b0d00
3f383400
400b0d00
3f383400
40108200
3f31c100
40108d00
3f31b400
40108d00
3f31b400
40160200
3f2b4100
40160d00
3f2b3400
40160d00
3f2b3400
401b8200
3f24c100
401b8d00
3f24b400
401b8d00
3f24b400
40210200
3f1e4100
3f9e1400
3fa00200
3f9e1400
3fa00200
3fa8fe00
3f975380
3fa91400
3f974200
3fa91400
3f974200
3fb3fe00
3f8e9380
3fb41400
3f8e8200
3fb41400
3f8e8200
3fbefe00
3f85d380
3fbf1400
3f85c200
3fbf1400
3f85c200
3fc9fe00
3f7a2700
3fc61600
3f809000
3fc61600
3f809000
3fd10000
3f75b700
3fd11600
3f75a000
3fd11600
3f75a000
3fdc0000
3f6a3700
3fdc1600
3f6a2000
3fdc1600
3f6a2000
3fe70000
3f5eb700
3fe71600
3f5ea000
3fe71600
3f5ea000
3ff20000
3f533700
3fee1800
3f55bc00
3fee1800
3f55bc00
3ff90200
3f4d4d00
3ff91800
3f4d3c00
3ff91800
3f4d3c00
40020100
3f44cd00
40020c00
3f44bc00
40020c00
3f44bc00
40078100
3f3c4d00
40078c00
3f3c3c00
40078c00
3f3c3c00
400d0100
3f33cd00
400b0d00
3f383400
400b0d00
3f383400
40108200
3f31c100
40108d00
3f31b400
40108d00
3f31b400
40160200
3f2b4100
40160d00
3f2b3400
40160d00
3f2b3400
401b8200
3f24c100
401b8d00
3f24b400
401b8d00
3f24b400
40210200
3f1e4100
3fa70200
3fa73380
3fa70200
3fa73380
3fb1ec00
3f9e8500
3fb20200
3f9e7380
3fb20200
3f9e7380
3fbcec00
3f95c500
3fbd0200
3f95b380
3fbd0200
3f95b380
3fc7ec00
3f8d0500
3fc80200
3f8cf380
3fc80200
3f8cf380
3fd2ec00
3f844500
3fd10000
3f864480
3fd10000
3f864480
3fdbea00
3f809000
3fdc0000
3f808480
3fdc0000
3f808480
3fe6ea00
3f75a000
3fe70000
3f758900
3fe70000
3f758900
3ff1ea00
3f6a2000
3ff20000
3f6a0900
3ff20000
3f6a0900
3ffcea00
3f5ea000
3ffafe00
3f5fa800
3ffafe00
3f5fa800
4002f400
3f573900
4002ff00
3f572800
4002ff00
3f572800
40087400
3f4eb900
40087f00
3f4ea800
40087f00
3f4ea800
400df400
3f463900
400dff00
3f462800
400dff00
3f462800
40137400
3f3db900
40127e00
3f40a300
40127e00
3f40a300
4017f300
3f3a3000
4017fe00
3f3a2300
4017fe00
3f3a2300
401d7300
3f33b000
401d7e00
3f33a300
401d7e00
3f33a300
4022f300
3f2d3000
4022fe00
3f2d2300
4022fe00
3f2d2300
40287300
3f26b000
3fa71400
3fa74200
3fa71400
3fa74200
3fb1fe00
3f9e9380
3fb21400
3f9e8200
3fb21400
3f9e8200
3fbcfe00
3f95d380
3fbd1400
3f95c200
3fbd1400
3f95c200
3fc7fe00
3f8d1380
3fc81400
3f8d0200
3fc81400
3f8d0200
3fd2fe00
3f845380
3fd11600
3f865000
3fd11600
3f865000
3fdc0000
3f809b80
3fdc1600
3f809000
3fdc1600
3f809000
3fe70000
3f75b700
3fe71600
3f75a000
3fe71600
3f75a000
3ff20000
3f6a3700
3ff21600
3f6a2000
3ff21600
3f6a2000
3ffd0000
3f5eb700
3ffb1800
3f5fbc00
3ffb1800
3f5fbc00
40030100
3f574d00
40030c00
3f573c00
40030c00
3f573c00
40088100
3f4ecd00
40088c00
3f4ebc00
40088c00
3f4ebc00
400e0100
3f464d00
400e0c00
3f463c00
400e0c00
3f463c00
40138100
3f3dcd00
40128d00
3f40b400
40128d00
3f40b400
40180200
3f3a4100
40180d00
3f3a3400
40180d00
3f3a3400
401d8200
3f33c100
401d8d00
3f33b400
401d8d00
3f33b400
40230200
3f2d4100
40230d00
3f2d3400
40230d00
3f2d3400
40288200
3f26c100
3fa71400
3fa74200
3fa71400
3fa74200
3fb1fe00
3f9e9380
3fb21400
3f9e8200
3fb21400
3f9e8200
3fbcfe00
3f95d380
3fbd1400
3f95c200
3fbd1400
3f95c200
3fc7fe00
3f8d1380
3fc81400
3f8d0200
3fc81400
3f8d0200
3fd2fe00
3f845380
3fd11600
3f865000
3fd11600
3f865000
3fdc0000
3f809b80
3fdc1600
3f809000
3fdc1600
3f809000
3fe70000
3f75b700
3fe71600
3f75a000
3fe71600
3f75a000
3ff20000
3f6a3700
3ff21600
3f6a2000
3ff21600
3f6a2000
3ffd0000
3f5eb700
3ffb1800
3f5fbc00
3ffb1800
3f5fbc00
40030100
3f574d00
40030c00
3f573c00
40030c00
3f573c00
40088100
3f4ecd00
40088c00
3f4ebc00
40088c00
3f4ebc00
400e0100
3f464d00
400e0c00
3f463c00
400e0c00
3f463c00
40138100
3f3dcd00
40128d00
3f40b400
40128d00
3f40b400
40180200
3f3a4100
40180d00
3f3a3400
40180d00
3f3a3400
401d8200
3f33c100
401d8d00
3f33b400
401d8d00
3f33b400
40230200
3f2d4100
40230d00
3f2d3400
40230d00
3f2d3400
40288200
3f26c100
3fb00200
3fae7380
3fb00200
3fae7380
3fbaec00
3fa5c500
3fbb0200
3fa5b380
3fbb0200
3fa5b380
3fc5ec00
3f9d0500
3fc60200
3f9cf380
3fc60200
3f9cf380
3fd0ec00
3f944500
3fd10200
3f943380
3fd10200
3f943380
3fdbec00
3f8b8500
3fdc0000
3f8c0480
3fdc0000
3f8c0480
3fe6ea00
3f865000
3fe70000
3f864480
3fe70000
3f864480
3ff1ea00
3f809000
3ff20000
3f808480
3ff20000
3f808480
3ffcea00
3f75a000
3ffd0000
3f758900
3ffd0000
3f758900
4003f500
3f6a2000
4003ff00
3f69a800
4003ff00
3f69a800
40097400
3f613900
40097f00
3f612800
40097f00
3f612800
400ef400
3f58b900
400eff00
3f58a800
400eff00
3f58a800
40147400
3f503900
40147f00
3f502800
40147f00
3f502800
4019f400
3f47b900
4019fe00
3f492300
4019fe00
3f492300
401f7300
3f42b000
401f7e00
3f42a300
401f7e00
3f42a300
4024f300
3f3c3000
4024fe00
3f3c2300
4024fe00
3f3c2300
402a7300
3f35b000
402a7e00
3f35a300
402a7e00
3f35a300
402ff300
3f2f3000
3fb01400
3fae8200
3fb01400
3fae8200
3fbafe00
3fa5d380
3fbb1400
3fa5c200
3fbb1400
3fa5c200
3fc5fe00
3f9d1380
3fc61400
3f9d0200
3fc61400
3f9d0200
3fd0fe00
3f945380
3fd11400
3f944200
3fd11400
3f944200
3fdbfe00
3f8b9380
3fdc1600
3f8c1000
3fdc1600
3f8c1000
3fe70000
3f865b80
3fe71600
3f865000
3fe71600
3f865000
3ff20000
3f809b80
3ff21600
3f809000
3ff21600
3f809000
3ffd0000
3f75b700
3ffd1600
3f75a000
3ffd1600
3f75a000
40040000
3f6a3700
40040c00
3f69bc00
40040c00
3f69bc00
40098100
3f614d00
40098c00
3f613c00
40098c00
3f613c00
400f0100
3f58cd00
400f0c00
3f58bc00
400f0c00
3f58bc00
40148100
3f504d00
40148c00
3f503c00
40148c00
3f503c00
401a0100
3f47cd00
401a0d00
3f493400
401a0d00
3f493400
401f8200
3f42c100
401f8d00
3f42b400
401f8d00
3f42b400
40250200
3f3c4100
40250d00
3f3c3400
40250d00
3f3c3400
402a8200
3f35c100
402a8d00
3f35b400
402a8d00
3f35b400
40300200
3f2f4100
3fb01400
3fae8200
3fb01400
3fae8200
3fbafe00
3fa5d380
3fbb1400
3fa5c200
3fbb1400
3fa5c200
3fc5fe00
3f9d1380
3fc61400
3f9d0200
3fc61400
3f9d0200
3fd0fe00
3f945380
3fd11400
3f944200
3fd11400
3f944200
3fdbfe00
3f8b9380
3fdc1600
3f8c1000
3fdc1600
3f8c1000
3fe70000
3f865b80
3fe71600
3f865000
3fe71600
3f865000
3ff20000
3f809b80
3ff21600
3f809000
3ff21600
3f809000
3ffd0000
3f75b700
3ffd1600
3f75a000
3ffd1600
3f75a000
40040000
3f6a3700
40040c00
3f69bc00
40040c00
3f69bc00
40098100
3f614d00
40098c00
3f613c00
40098c00
3f613c00
400f0100
3f58cd00
400f0c00
3f58bc00
400f0c00
3f58bc00
40148100
3f504d00
40148c00
3f503c00
40148c00
3f503c00
401a0100
3f47cd00
401a0d00
3f493400
401a0d00
3f493400
401f8200
3f42c100
401f8d00
3f42b400
401f8d00
3f42b400
40250200
3f3c4100
40250d00
3f3c3400
40250d00
3f3c3400
402a8200
3f35c100
402a8d00
3f35b400
402a8d00
3f35b400
40300200
3f2f4100
3fb90200
3fb5b380
3fb90200
3fb5b380
3fc3ec00
3fad0500
3fc40200
3facf380
3fc40200
3facf380
3fceec00
3fa44500
3fcf0200
3fa43380
3fcf0200
3fa43380
3fd9ec00
3f9b8500
3fda0200
3f9b7380
3fda0200
3f9b7380
3fe4ec00
3f92c500
3fe70000
3f91c480
3fe70000
3f91c480
3ff1ea00
3f8c1000
3ff20000
3f8c0480
3ff20000
3f8c0480
3ffcea00
3f865000
3ffd0000
3f864480
3ffd0000
3f864480
4003f500
3f809000
40040000
3f808480
40040000
3f808480
40097500
3f75a000
400a7f00
3f73a800
400a7f00
3f73a800
400ff400
3f6b3900
400fff00
3f6b2800
400fff00
3f6b2800
40157400
3f62b900
40157f00
3f62a800
40157f00
3f62a800
401af400
3f5a3900
401aff00
3f5a2800
401aff00
3f5a2800
40207400
3f51b900
40217e00
3f51a300
40217e00
3f51a300
4026f300
3f4b3000
4026fe00
3f4b2300
4026fe00
3f4b2300
402c7300
3f44b000
402c7e00
3f44a300
402c7e00
3f44a300
4031f300
3f3e3000
4031fe00
3f3e2300
4031fe00
3f3e2300
40377300
3f37b000
3fb91400
3fb5c200
3fb91400
3fb5c200
3fc3fe00
3fad1380
3fc41400
3fad0200
3fc41400
3fad0200
3fcefe00
3fa45380
3fcf1400
3fa44200
3fcf1400
3fa44200
3fd9fe00
3f9b9380
3fda1400
3f9b8200
3fda1400
3f9b8200
3fe4fe00
3f92d380
3fe71600
3f91d000
3fe71600
3f91d000
3ff20000
3f8c1b80
3ff21600
3f8c1000
3ff21600
3f8c1000
3ffd0000
3f865b80
3ffd1600
3f865000
3ffd1600
3f865000
40040000
3f809b80
40040b00
3f809000
40040b00
3f809000
40098000
3f75b700
400a8c00
3f73bc00
400a8c00
3f73bc00
40100100
3f6b4d00
40100c00
3f6b3c00
40100c00
3f6b3c00
40158100
3f62cd00
40158c00
3f62bc00
40158c00
3f62bc00
401b0100
3f5a4d00
401b0c00
3f5a3c00
401b0c00
3f5a3c00
40208100
3f51cd00
40218d00
3f51b400
40218d00
3f51b400
40270200
3f4b4100
40270d00
3f4b3400
40270d00
3f4b3400
402c8200
3f44c100
402c8d00
3f44b400
402c8d00
3f44b400
40320200
3f3e4100
40320d00
3f3e3400
40320d00
3f3e3400
40378200
3f37c100
3fb91400
3fb5c200
3fb91400
3fb5c200
3fc3fe00
3fad1380
3fc41400
3fad0200
3fc41400
3fad0200
3fcefe00
3fa45380
3fcf1400
3fa44200
3fcf1400
3fa44200
3fd9fe00
3f9b9380
3fda1400
3f9b8200
3fda1400
3f9b8200
3fe4fe00
3f92d380
3fe71600
3f91d000
3fe71600
3f91d000
3ff20000
3f8c1b80
3ff21600
3f8c1000
3ff21600
3f8c1000
3ffd0000
3f865b80
3ffd1600
3f865000
3ffd1600
3f865000
40040000
3f809b80
40040b00
3f809000
40040b00
3f809000
40098000
3f75b700
400a8c00
3f73bc00
400a8c00
3f73bc00
40100100
3f6b4d00
40100c00
3f6b3c00
40100c00
3f6b3c00
40158100
3f62cd00
40158c00
3f62bc00
40158c00
3f62bc00
401b0100
3f5a4d00
401b0c00
3f5a3c00
401b0c00
3f5a3c00
40208100
3f51cd00
40218d00
3f51b400
40218d00
3f51b400
40270200
3f4b4100
40270d00
3f4b3400
40270d00
3f4b3400
402c8200
3f44c100
402c8d00
3f44b400
402c8d00
3f44b400
40320200
3f3e4100
40320d00
3f3e3400
40320d00
3f3e3400
40378200
3f37c100
3fc20200
3fbcf380
3fc20200
3fbcf380
3fccec00
3fb44500
3fcd0200
3fb43380
3fcd0200
3fb43380
3fd7ec00
3fab8500
3fd80200
3fab7380
3fd80200
3fab7380
3fe2ec00
3fa2c500
3fe30200
3fa2b380
3fe30200
3fa2b380
3fedec00
3f9a0500
3ff20000
3f978480
3ff20000
3f978480
3ffcea00
3f91d000
3ffd0000
3f91c480
3ffd0000
3f91c480
4003f500
3f8c1000
40040000
3f8c0480
40040000
3f8c0480
40097500
3f865000
40098000
3f864480
40098000
3f864480
400ef500
3f809000
4010ff00
3f7da800
4010ff00
3f7da800
40167400
3f753900
40167f00
3f752800
40167f00
3f752800
401bf400
3f6cb900
401bff00
3f6ca800
401bff00
3f6ca800
40217400
3f643900
40217f00
3f642800
40217f00
3f642800
4026f400
3f5bb900
4028fe00
3f5a2300
4028fe00
3f5a2300
402e7300
3f53b000
402e7e00
3f53a300
402e7e00
3f53a300
4033f300
3f4d3000
4033fe00
3f4d2300
4033fe00
3f4d2300
40397300
3f46b000
40397e00
3f46a300
40397e00
3f46a300
403ef300
3f403000
3fbe1600
3fbf8e00
3fbe1600
3fbf8e00
3fcafc00
3fb56280
3fcb1600
3fb54e00
3fcb1600
3fb54e00
3fd7fc00
3fab2280
3fd81600
3fab0e00
3fd81600
3fab0e00
3fe4fc00
3fa0e280
3fe51600
3fa0ce00
3fe51600
3fa0ce00
3ff1fc00
3f96a280
3fee1800
3f9a7000
3fee1800
3f9a7000
3ffafe00
3f937e00
3ffb1800
3f937000
3ffb1800
3f937000
4003ff00
3f8c7e00
40040c00
3f8c7000
40040c00
3f8c7000
400a7f00
3f857e00
400a8c00
3f857000
400a8c00
3f857000
4010ff00
3f7cfc00
400f0d00
3f801200
400f0d00
3f801200
40158000
3f763800
40158d00
3f762400
40158d00
3f762400
401c0000
3f6c3800
401c0d00
3f6c2400
401c0d00
3f6c2400
40228000
3f623800
40228d00
3f622400
40228d00
3f622400
40290000
3f583800
40270e00
3f5c6c00
40270e00
3f5c6c00
402d8100
3f54fb00
402d8e00
3f54ec00
402d8e00
3f54ec00
40340100
3f4d7b00
40340e00
3f4d6c00
40340e00
3f4d6c00
403a8100
3f45fb00
403a8e00
3f45ec00
403a8e00
3f45ec00
40410100
3f3e7b00
3fbe1600
3fbf8e00
3fbe1600
3fbf8e00
3fcafc00
3fb56280
3fcb1600
3fb54e00
3fcb1600
3fb54e00
3fd7fc00
3fab2280
3fd81600
3fab0e00
3fd81600
3fab0e00
3fe4fc00
3fa0e280
3fe51600
3fa0ce00
3fe51600
3fa0ce00
3ff1fc00
3f96a280
3fee1800
3f9a7000
3fee1800
3f9a7000
3ffafe00
3f937e00
3ffb1800
3f937000
3ffb1800
3f937000
4003ff00
3f8c7e00
40040c00
3f8c7000
40040c00
3f8c7000
400a7f00
3f857e00
400a8c00
3f857000
400a8c00
3f857000
4010ff00
3f7cfc00
400f0d00
3f801200
400f0d00
3f801200
40158000
3f763800
40158d00
3f762400
40158d00
3f762400
401c0000
3f6c3800
401c0d00
3f6c2400
401c0d00
3f6c2400
40228000
3f623800
40228d00
3f622400
40228d00
3f622400
40290000
3f583800
40270e00
3f5c6c00
40270e00
3f5c6c00
402d8100
3f54fb00
402d8e00
3f54ec00
402d8e00
3f54ec00
40340100
3f4d7b00
40340e00
3f4d6c00
40340e00
3f4d6c00
403a8100
3f45fb00
403a8e00
3f45ec00
403a8e00
3f45ec00
40410100
3f3e7b00
3fc70400
3fc6bf80
3fc70400
3fc6bf80
3fd3ea00
3fbc9400
3fd40400
3fbc7f80
3fd40400
3fbc7f80
3fe0ea00
3fb25400
3fe10400
3fb23f80
3fe10400
3fb23f80
3fedea00
3fa81400
3fee0400
3fa7ff80
3fee0400
3fa7ff80
3ffaea00
3f9dd400
3ff90200
3fa02480
3ff90200
3fa02480
4002f400
3f993280
40030100
3f992480
40030100
3f992480
40097400
3f923280
40098100
3f922480
40098100
3f922480
400ff400
3f8b3280
40100100
3f8b2480
40100100
3f8b2480
40167400
3f843280
40158000
3f850800
40158000
3f850800
401bf300
3f801200
401c0000
3f800800
401c0000
3f800800
40227300
3f762400
40228000
3f761000
40228000
3f761000
4028f300
3f6c2400
40290000
3f6c1000
40290000
3f6c1000
402f7300
3f622400
402e7f00
3f64db00
402e7f00
3f64db00
4034f200
3f5d6a00
4034ff00
3f5d5b00
4034ff00
3f5d5b00
403b7200
3f55ea00
403b7f00
3f55db00
403b7f00
3f55db00
4041f200
3f4e6a00
4041ff00
3f4e5b00
4041ff00
3f4e5b00
40487200
3f46ea00
3fc71600
3fc6ce00
3fc71600
3fc6ce00
3fd3fc00
3fbca280
3fd41600
3fbc8e00
3fd41600
3fbc8e00
3fe0fc00
3fb26280
3fe11600
3fb24e00
3fe11600
3fb24e00
3fedfc00
3fa82280
3fee1600
3fa80e00
3fee1600
3fa80e00
3ffafc00
3f9de280
3ff91800
3fa03000
3ff91800
3fa03000
4002ff00
3f993e00
40030c00
3f993000
40030c00
3f993000
40097f00
3f923e00
40098c00
3f923000
40098c00
3f923000
400fff00
3f8b3e00
40100c00
3f8b3000
40100c00
3f8b3000
40167f00
3f843e00
40158d00
3f851200
40158d00
3f851200
401c0000
3f801c00
401c0d00
3f801200
401c0d00
3f801200
40228000
3f763800
40228d00
3f762400
40228d00
3f762400
40290000
3f6c3800
40290d00
3f6c2400
40290d00
3f6c2400
402f8000
3f623800
402e8e00
3f64ec00
402e8e00
3f64ec00
40350100
3f5d7b00
40350e00
3f5d6c00
40350e00
3f5d6c00
403b8100
3f55fb00
403b8e00
3f55ec00
403b8e00
3f55ec00
40420100
3f4e7b00
40420e00
3f4e6c00
40420e00
3f4e6c00
40488100
3f46fb00
3fc71600
3fc6ce00
3fc71600
3fc6ce00
3fd3fc00
3fbca280
3fd41600
3fbc8e00
3fd41600
3fbc8e00
3fe0fc00
3fb26280
3fe11600
3fb24e00
3fe11600
3fb24e00
3fedfc00
3fa82280
3fee1600
3fa80e00
3fee1600
3fa80e00
3ffafc00
3f9de280
3ff91800
3fa03000
3ff91800
3fa03000
4002ff00
3f993e00
40030c00
3f993000
40030c00
3f993000
40097f00
3f923e00
40098c00
3f923000
40098c00
3f923000
400fff00
3f8b3e00
40100c00
3f8b3000
40100c00
3f8b3000
40167f00
3f843e00
40158d00
3f851200
40158d00
3f851200
401c0000
3f801c00
401c0d00
3f801200
401c0d00
3f801200
40228000
3f763800
40228d00
3f762400
40228d00
3f762400
40290000
3f6c3800
40290d00
3f6c2400
40290d00
3f6c2400
402f8000
3f623800
402e8e00
3f64ec00
402e8e00
3f64ec00
40350100
3f5d7b00
40350e00
3f5d6c00
40350e00
3f5d6c00
403b8100
3f55fb00
403b8e00
3f55ec00
403b8e00
3f55ec00
40420100
3f4e7b00
40420e00
3f4e6c00
40420e00
3f4e6c00
40488100
3f46fb00
3fd00400
3fcdff80
3fd00400
3fcdff80
3fdcea00
3fc3d400
3fdd0400
3fc3bf80
3fdd0400
3fc3bf80
3fe9ea00
3fb99400
3fea0400
3fb97f80
3fea0400
3fb97f80
3ff6ea00
3faf5400
3ff70400
3faf3f80
3ff70400
3faf3f80
4001f500
3fa51400
40020100
3fa5e480
40020100
3fa5e480
40087400
3f9ef280
40088100
3f9ee480
40088100
3f9ee480
400ef400
3f97f280
400f0100
3f97e480
400f0100
3f97e480
40157400
3f90f280
40158100
3f90e480
40158100
3f90e480
401bf400
3f89f280
401c0000
3f8a0800
401c0000
3f8a0800
40227300
3f851200
40228000
3f850800
40228000
3f850800
4028f300
3f801200
40290000
3f800800
40290000
3f800800
402f7300
3f762400
402f8000
3f761000
402f8000
3f761000
4035f300
3f6c2400
4035ff00
3f6d5b00
4035ff00
3f6d5b00
403c7200
3f65ea00
403c7f00
3f65db00
403c7f00
3f65db00
4042f200
3f5e6a00
4042ff00
3f5e5b00
4042ff00
3f5e5b00
40497200
3f56ea00
40497f00
3f56db00
40497f00
3f56db00
404ff200
3f4f6a00
3fd01600
3fce0e00
3fd01600
3fce0e00
3fdcfc00
3fc3e280
3fdd1600
3fc3ce00
3fdd1600
3fc3ce00
3fe9fc00
3fb9a280
3fea1600
3fb98e00
3fea1600
3fb98e00
3ff6fc00
3faf6280
3ff71600
3faf4e00
3ff71600
3faf4e00
4001fe00
3fa52280
40020c00
3fa5f000
40020c00
3fa5f000
40087f00
3f9efe00
40088c00
3f9ef000
40088c00
3f9ef000
400eff00
3f97fe00
400f0c00
3f97f000
400f0c00
3f97f000
40157f00
3f90fe00
40158c00
3f90f000
40158c00
3f90f000
401bff00
3f89fe00
401c0d00
3f8a1200
401c0d00
3f8a1200
40228000
3f851c00
40228d00
3f851200
40228d00
3f851200
40290000
3f801c00
40290d00
3f801200
40290d00
3f801200
402f8000
3f763800
402f8d00
3f762400
402f8d00
3f762400
40360000
3f6c3800
40360e00
3f6d6c00
40360e00
3f6d6c00
403c8100
3f65fb00
403c8e00
3f65ec00
403c8e00
3f65ec00
40430100
3f5e7b00
40430e00
3f5e6c00
40430e00
3f5e6c00
40498100
3f56fb00
40498e00
3f56ec00
40498e00
3f56ec00
40500100
3f4f7b00
3fd01600
3fce0e00
3fd01600
3fce0e00
3fdcfc00
3fc3e280
3fdd1600
3fc3ce00
3fdd1600
3fc3ce00
3fe9fc00
3fb9a280
3fea1600
3fb98e00
3fea1600
3fb98e00
3ff6fc00
3faf6280
3ff71600
3faf4e00
3ff71600
3faf4e00
4001fe00
3fa52280
40020c00
3fa5f000
40020c00
3fa5f000
40087f00
3f9efe00
40088c00
3f9ef000
40088c00
3f9ef000
400eff00
3f97fe00
400f0c00
3f97f000
400f0c00
3f97f000
40157f00
3f90fe00
40158c00
3f90f000
40158c00
3f90f000
401bff00
3f89fe00
401c0d00
3f8a1200
401c0d00
3f8a1200
40228000
3f851c00
40228d00
3f851200
40228d00
3f851200
40290000
3f801c00
40290d00
3f801200
40290d00
3f801200
402f8000
3f763800
402f8d00
3f762400
402f8d00
3f762400
40360000
3f6c3800
40360e00
3f6d6c00
40360e00
3f6d6c00
403c8100
3f65fb00
403c8e00
3f65ec00
403c8e00
3f65ec00
40430100
3f5e7b00
40430e00
3f5e6c00
40430e00
3f5e6c00
40498100
3f56fb00
40498e00
3f56ec00
40498e00
3f56ec00
40500100
3f4f7b00
3fd90400
3fd53f80
3fd90400
3fd53f80
3fe5ea00
3fcb1400
3fe60400
3fcaff80
3fe60400
3fcaff80
3ff2ea00
3fc0d400
3ff30400
3fc0bf80
3ff30400
3fc0bf80
3fffea00
3fb69400
40000200
3fb67f80
40000200
3fb67f80
40067500
3fac5400
40078100
3faba480
40078100
3faba480
400df400
3fa4b280
400e0100
3fa4a480
400e0100
3fa4a480
40147400
3f9db280
40148100
3f9da480
40148100
3f9da480
401af400
3f96b280
401b0100
3f96a480
401b0100
3f96a480
40217400
3f8fb280
40228000
3f8f0800
40228000
3f8f0800
4028f300
3f8a1200
40290000
3f8a0800
40290000
3f8a0800
402f7300
3f851200
402f8000
3f850800
402f8000
3f850800
4035f300
3f801200
40360000
3f800800
40360000
3f800800
403c7300
3f762400
403d7f00
3f75db00
403d7f00
3f75db00
4043f200
3f6e6a00
4043ff00
3f6e5b00
4043ff00
3f6e5b00
404a7200
3f66ea00
404a7f00
3f66db00
404a7f00
3f66db00
4050f200
3f5f6a00
4050ff00
3f5f5b00
4050ff00
3f5f5b00
40577200
3f57ea00
3fd91600
3fd54e00
3fd91600
3fd54e00
3fe5fc00
3fcb2280
3fe61600
3fcb0e00
3fe61600
3fcb0e00
3ff2fc00
3fc0e280
3ff31600
3fc0ce00
3ff31600
3fc0ce00
3ffffc00
3fb6a280
40000b00
3fb68e00
40000b00
3fb68e00
40067e00
3fac6280
40078c00
3fabb000
40078c00
3fabb000
400dff00
3fa4be00
400e0c00
3fa4b000
400e0c00
3fa4b000
40147f00
3f9dbe00
40148c00
3f9db000
40148c00
3f9db000
401aff00
3f96be00
401b0c00
3f96b000
401b0c00
3f96b000
40217f00
3f8fbe00
40228d00
3f8f1200
40228d00
3f8f1200
40290000
3f8a1c00
40290d00
3f8a1200
40290d00
3f8a1200
402f8000
3f851c00
402f8d00
3f851200
402f8d00
3f851200
40360000
3f801c00
40360d00
3f801200
40360d00
3f801200
403c8000
3f763800
403d8e00
3f75ec00
403d8e00
3f75ec00
40440100
3f6e7b00
40440e00
3f6e6c00
40440e00
3f6e6c00
404a8100
3f66fb00
404a8e00
3f66ec00
404a8e00
3f66ec00
40510100
3f5f7b00
40510e00
3f5f6c00
40510e00
3f5f6c00
40578100
3f57fb00
3fd91600
3fd54e00
3fd91600
3fd54e00
3fe5fc00
3fcb2280
3fe61600
3fcb0e00
3fe61600
3fcb0e00
3ff2fc00
3fc0e280
3ff31600
3fc0ce00
3ff31600
3fc0ce00
3ffffc00
3fb6a280
40000b00
3fb68e00
40000b00
3fb68e00
40067e00
3fac6280
40078c00
3fabb000
40078c00
3fabb000
400dff00
3fa4be00
400e0c00
3fa4b000
400e0c00
3fa4b000
40147f00
3f9dbe00
40148c00
3f9db000
40148c00
3f9db000
401aff00
3f96be00
401b0c00
3f96b000
401b0c00
3f96b000
40217f00
3f8fbe00
40228d00
3f8f1200
40228d00
3f8f1200
40290000
3f8a1c00
40290d00
3f8a1200
40290d00
3f8a1200
402f8000
3f851c00
402f8d00
3f851200
402f8d00
3f851200
40360000
3f801c00
40360d00
3f801200
40360d00
3f801200
403c8000
3f763800
403d8e00
3f75ec00
403d8e00
3f75ec00
40440100
3f6e7b00
40440e00
3f6e6c00
40440e00
3f6e6c00
404a8100
3f66fb00
404a8e00
3f66ec00
404a8e00
3f66ec00
40510100
3f5f7b00
40510e00
3f5f6c00
40510e00
3f5f6c00
40578100
3f57fb00
3fe20400
3fdc7f80
3fe20400
3fdc7f80
3feeea00
3fd25400
3fef0400
3fd23f80
3fef0400
3fd23f80
3ffbea00
3fc81400
3ffc0400
3fc7ff80
3ffc0400
3fc7ff80
40047500
3fbdd400
40048200
3fbdbf80
40048200
3fbdbf80
400af500
3fb39400
400d0100
3fb16480
400d0100
3fb16480
40137400
3faa7280
40138100
3faa6480
40138100
3faa6480
4019f400
3fa37280
401a0100
3fa36480
401a0100
3fa36480
40207400
3f9c7280
40208100
3f9c6480
40208100
3f9c6480
4026f400
3f957280
40290000
3f940800
40290000
3f940800
402f7300
3f8f1200
402f8000
3f8f0800
402f8000
3f8f0800
4035f300
3f8a1200
40360000
3f8a0800
40360000
3f8a0800
403c7300
3f851200
403c8000
3f850800
403c8000
3f850800
4042f300
3f801200
4044ff00
3f7e5b00
4044ff00
3f7e5b00
404b7200
3f76ea00
404b7f00
3f76db00
404b7f00
3f76db00
4051f200
3f6f6a00
4051ff00
3f6f5b00
4051ff00
3f6f5b00
40587200
3f67ea00
40587f00
3f67db00
40587f00
3f67db00
405ef200
3f606a00
3fde1800
3fdf9a00
3fde1800
3fdf9a00
3fecfa00
3fd3b200
3fed1800
3fd39a00
3fed1800
3fd39a00
3ffbfa00
3fc7b200
3ffc1800
3fc79a00
3ffc1800
3fc79a00
40057d00
3fbbb200
40058c00
3fbb9a00
40058c00
3fbb9a00
400cfd00
3fafb200
400b0d00
3fb3d000
400b0d00
3fb3d000
40127e00
3fabe000
40128d00
3fabd000
40128d00
3fabd000
4019fe00
3fa3e000
401a0d00
3fa3d000
401a0d00
3fa3d000
40217e00
3f9be000
40218d00
3f9bd000
40218d00
3f9bd000
4028fe00
3f93e000
40270e00
3f954600
40270e00
3f954600
402e7f00
3f8f9180
402e8e00
3f8f8600
402e8e00
3f8f8600
4035ff00
3f89d180
40360e00
3f89c600
40360e00
3f89c600
403d7f00
3f841180
403d8e00
3f840600
403d8e00
3f840600
4044ff00
3f7ca300
40430f00
3f805200
40430f00
3f805200
404a8000
3f783500
404a8f00
3f782400
404a8f00
3f782400
40520000
3f6fb500
40520f00
3f6fa400
40520f00
3f6fa400
40598000
3f673500
40598f00
3f672400
40598f00
3f672400
40610000
3f5eb500
3fde1800
3fdf9a00
3fde1800
3fdf9a00
3fecfa00
3fd3b200
3fed1800
3fd39a00
3fed1800
3fd39a00
3ffbfa00
3fc7b200
3ffc1800
3fc79a00
3ffc1800
3fc79a00
40057d00
3fbbb200
40058c00
3fbb9a00
40058c00
3fbb9a00
400cfd00
3fafb200
400b0d00
3fb3d000
400b0d00
3fb3d000
40127e00
3fabe000
40128d00
3fabd000
40128d00
3fabd000
4019fe00
3fa3e000
401a0d00
3fa3d000
401a0d00
3fa3d000
40217e00
3f9be000
40218d00
3f9bd000
40218d00
3f9bd000
4028fe00
3f93e000
40270e00
3f954600
40270e00
3f954600
402e7f00
3f8f9180
402e8e00
3f8f8600
402e8e00
3f8f8600
4035ff00
3f89d180
40360e00
3f89c600
40360e00
3f89c600
403d7f00
3f841180
403d8e00
3f840600
403d8e00
3f840600
4044ff00
3f7ca300
40430f00
3f805200
40430f00
3f805200
404a8000
3f783500
404a8f00
3f782400
404a8f00
3f782400
40520000
3f6fb500
40520f00
3f6fa400
40520f00
3f6fa400
40598000
3f673500
40598f00
3f672400
40598f00
3f672400
40610000
3f5eb500
3fe70600
3fe6cb80
3fe70600
3fe6cb80
3ff5e800
3fdae380
3ff60600
3fdacb80
3ff60600
3fdacb80
40027400
3fcee380
40028300
3fcecb80
40028300
3fcecb80
4009f400
3fc2e380
400a0300
3fc2cb80
400a0300
3fc2cb80
40117400
3fb6e380
40108200
3fb98480
40108200
3fb98480
4017f300
3fb19480
40180200
3fb18480
40180200
3fb18480
401f7300
3fa99480
401f8200
3fa98480
401f8200
3fa98480
4026f300
3fa19480
40270200
3fa18480
40270200
3fa18480
402e7300
3f999480
402d8100
3f9a3c00
402d8100
3f9a3c00
4034f200
3f948780
40350100
3f947c00
40350100
3f947c00
403c7200
3f8ec780
403c8100
3f8ebc00
403c8100
3f8ebc00
4043f200
3f890780
40440100
3f88fc00
40440100
3f88fc00
404b7200
3f834780
404a8000
3f848980
404a8000
3f848980
4051f100
3f805200
40520000
3f804980
40520000
3f804980
40597100
3f782400
40598000
3f781300
40598000
3f781300
4060f100
3f6fa400
40610000
3f6f9300
40610000
3f6f9300
40687100
3f672400
3fe71800
3fe6da00
3fe71800
3fe6da00
3ff5fa00
3fdaf200
3ff61800
3fdada00
3ff61800
3fdada00
40027d00
3fcef200
40028c00
3fceda00
40028c00
3fceda00
4009fd00
3fc2f200
400a0c00
3fc2da00
400a0c00
3fc2da00
40117d00
3fb6f200
40108d00
3fb99000
40108d00
3fb99000
4017fe00
3fb1a000
40180d00
3fb19000
40180d00
3fb19000
401f7e00
3fa9a000
401f8d00
3fa99000
401f8d00
3fa99000
4026fe00
3fa1a000
40270d00
3fa19000
40270d00
3fa19000
402e7e00
3f99a000
402d8e00
3f9a4600
402d8e00
3f9a4600
4034ff00
3f949180
40350e00
3f948600
40350e00
3f948600
403c7f00
3f8ed180
403c8e00
3f8ec600
403c8e00
3f8ec600
4043ff00
3f891180
40440e00
3f890600
40440e00
3f890600
404b7f00
3f835180
404a8f00
3f849200
404a8f00
3f849200
40520000
3f805a80
40520f00
3f805200
40520f00
3f805200
40598000
3f783500
40598f00
3f782400
40598f00
3f782400
40610000
3f6fb500
40610f00
3f6fa400
40610f00
3f6fa400
40688000
3f673500
3fe71800
3fe6da00
3fe71800
3fe6da00
3ff5fa00
3fdaf200
3ff61800
3fdada00
3ff61800
3fdada00
40027d00
3fcef200
40028c00
3fceda00
40028c00
3fceda00
4009fd00
3fc2f200
400a0c00
3fc2da00
400a0c00
3fc2da00
40117d00
3fb6f200
40108d00
3fb99000
40108d00
3fb99000
4017fe00
3fb1a000
40180d00
3fb19000
40180d00
3fb19000
401f7e00
3fa9a000
401f8d00
3fa99000
401f8d00
3fa99000
4026fe00
3fa1a000
40270d00
3fa19000
40270d00
3fa19000
402e7e00
3f99a000
402d8e00
3f9a4600
402d8e00
3f9a4600
4034ff00
3f949180
40350e00
3f948600
40350e00
3f948600
403c7f00
3f8ed180
403c8e00
3f8ec600
403c8e00
3f8ec600
4043ff00
3f891180
40440e00
3f890600
40440e00
3f890600
404b7f00
3f835180
404a8f00
3f849200
404a8f00
3f849200
40520000
3f805a80
40520f00
3f805200
40520f00
3f805200
40598000
3f783500
40598f00
3f782400
40598f00
3f782400
40610000
3f6fb500
40610f00
3f6fa400
40610f00
3f6fa400
40688000
3f673500
3ff00600
3fee0b80
3ff00600
3fee0b80
3ffee800
3fe22380
3fff0600
3fe20b80
3fff0600
3fe20b80
4006f400
3fd62380
40070300
3fd60b80
40070300
3fd60b80
400e7400
3fca2380
400e8300
3fca0b80
400e8300
3fca0b80
4015f400
3fbe2380
40160200
3fbf4480
40160200
3fbf4480
401d7300
3fb75480
401d8200
3fb74480
401d8200
3fb74480
4024f300
3faf5480
40250200
3faf4480
40250200
3faf4480
402c7300
3fa75480
402c8200
3fa74480
402c8200
3fa74480
4033f300
3f9f5480
40340100
3f9f3c00
40340100
3f9f3c00
403b7200
3f998780
403b8100
3f997c00
403b8100
3f997c00
4042f200
3f93c780
40430100
3f93bc00
40430100
3f93bc00
404a7200
3f8e0780
404a8100
3f8dfc00
404a8100
3f8dfc00
4051f200
3f884780
40520000
3f88c980
40520000
3f88c980
40597100
3f849200
40598000
3f848980
40598000
3f848980
4060f100
3f805200
40610000
3f804980
40610000
3f804980
40687100
3f782400
40688000
3f781300
40688000
3f781300
406ff100
3f6fa400
3ff01800
3fee1a00
3ff01800
3fee1a00
3ffefa00
3fe23200
3fff1800
3fe21a00
3fff1800
3fe21a00
4006fd00
3fd63200
40070c00
3fd61a00
40070c00
3fd61a00
400e7d00
3fca3200
400e8c00
3fca1a00
400e8c00
3fca1a00
4015fd00
3fbe3200
40160d00
3fbf5000
40160d00
3fbf5000
401d7e00
3fb76000
401d8d00
3fb75000
401d8d00
3fb75000
4024fe00
3faf6000
40250d00
3faf5000
40250d00
3faf5000
402c7e00
3fa76000
402c8d00
3fa75000
402c8d00
3fa75000
4033fe00
3f9f6000
40340e00
3f9f4600
40340e00
3f9f4600
403b7f00
3f999180
403b8e00
3f998600
403b8e00
3f998600
4042ff00
3f93d180
40430e00
3f93c600
40430e00
3f93c600
404a7f00
3f8e1180
404a8e00
3f8e0600
404a8e00
3f8e0600
4051ff00
3f885180
40520f00
3f88d200
40520f00
3f88d200
40598000
3f849a80
40598f00
3f849200
40598f00
3f849200
40610000
3f805a80
40610f00
3f805200
40610f00
3f805200
40688000
3f783500
40688f00
3f782400
40688f00
3f782400
40700000
3f6fb500
3ff01800
3fee1a00
3ff01800
3fee1a00
3ffefa00
3fe23200
3fff1800
3fe21a00
3fff1800
3fe21a00
4006fd00
3fd63200
40070c00
3fd61a00
40070c00
3fd61a00
400e7d00
3fca3200
400e8c00
3fca1a00
400e8c00
3fca1a00
4015fd00
3fbe3200
40160d00
3fbf5000
40160d00
3fbf5000
401d7e00
3fb76000
401d8d00
3fb75000
401d8d00
3fb75000
4024fe00
3faf6000
40250d00
3faf5000
40250d00
3faf5000
402c7e00
3fa76000
402c8d00
3fa75000
402c8d00
3fa75000
4033fe00
3f9f6000
40340e00
3f9f4600
40340e00
3f9f4600
403b7f00
3f999180
403b8e00
3f998600
403b8e00
3f998600
4042ff00
3f93d180
40430e00
3f93c600
40430e00
3f93c600
404a7f00
3f8e1180
404a8e00
3f8e0600
404a8e00
3f8e0600
4051ff00
3f885180
40520f00
3f88d200
40520f00
3f88d200
40598000
3f849a80
40598f00
3f849200
40598f00
3f849200
40610000
3f805a80
40610f00
3f805200
40610f00
3f805200
40688000
3f783500
40688f00
3f782400
40688f00
3f782400
40700000
3f6fb500
3ff90600
3ff54b80
3ff90600
3ff54b80
4003f400
3fe96380
40040300
3fe94b80
40040300
3fe94b80
400b7400
3fdd6380
400b8300
3fdd4b80
400b8300
3fdd4b80
4012f400
3fd16380
40130300
3fd14b80
40130300
3fd14b80
401a7400
3fc56380
401b8200
3fc50480
401b8200
3fc50480
4022f300
3fbd1480
40230200
3fbd0480
40230200
3fbd0480
402a7300
3fb51480
402a8200
3fb50480
402a8200
3fb50480
4031f300
3fad1480
40320200
3fad0480
40320200
3fad0480
40397300
3fa51480
403a8100
3fa43c00
403a8100
3fa43c00
4041f200
3f9e8780
40420100
3f9e7c00
40420100
3f9e7c00
40497200
3f98c780
40498100
3f98bc00
40498100
3f98bc00
4050f200
3f930780
40510100
3f92fc00
40510100
3f92fc00
40587200
3f8d4780
40598000
3f8d0980
40598000
3f8d0980
4060f100
3f88d200
40610000
3f88c980
40610000
3f88c980
40687100
3f849200
40688000
3f848980
40688000
3f848980
406ff100
3f805200
40700000
3f804980
40700000
3f804980
40777100
3f782400
3ff91800
3ff55a00
3ff91800
3ff55a00
4003fd00
3fe97200
40040c00
3fe95a00
40040c00
3fe95a00
400b7d00
3fdd7200
400b8c00
3fdd5a00
400b8c00
3fdd5a00
4012fd00
3fd17200
40130c00
3fd15a00
40130c00
3fd15a00
401a7d00
3fc57200
401b8d00
3fc51000
401b8d00
3fc51000
4022fe00
3fbd2000
40230d00
3fbd1000
40230d00
3fbd1000
402a7e00
3fb52000
402a8d00
3fb51000
402a8d00
3fb51000
4031fe00
3fad2000
40320d00
3fad1000
40320d00
3fad1000
40397e00
3fa52000
403a8e00
3fa44600
403a8e00
3fa44600
4041ff00
3f9e9180
40420e00
3f9e8600
40420e00
3f9e8600
40497f00
3f98d180
40498e00
3f98c600
40498e00
3f98c600
4050ff00
3f931180
40510e00
3f930600
40510e00
3f930600
40587f00
3f8d5180
40598f00
3f8d1200
40598f00
3f8d1200
40610000
3f88da80
40610f00
3f88d200
40610f00
3f88d200
40688000
3f849a80
40688f00
3f849200
40688f00
3f849200
40700000
3f805a80
40700f00
3f805200
40700f00
3f805200
40778000
3f783500
3ff91800
3ff55a00
3ff91800
3ff55a00
4003fd00
3fe97200
40040c00
3fe95a00
40040c00
3fe95a00
400b7d00
3fdd7200
400b8c00
3fdd5a00
400b8c00
3fdd5a00
4012fd00
3fd17200
40130c00
3fd15a00
40130c00
3fd15a00
401a7d00
3fc57200
401b8d00
3fc51000
401b8d00
3fc51000
4022fe00
3fbd2000
40230d00
3fbd1000
40230d00
3fbd1000
402a7e00
3fb52000
402a8d00
3fb51000
402a8d00
3fb51000
4031fe00
3fad2000
40320d00
3fad1000
40320d00
3fad1000
40397e00
3fa52000
403a8e00
3fa44600
403a8e00
3fa44600
4041ff00
3f9e9180
40420e00
3f9e8600
40420e00
3f9e8600
40497f00
3f98d180
40498e00
3f98c600
40498e00
3f98c600
4050ff00
3f931180
40510e00
3f930600
40510e00
3f930600
40587f00
3f8d5180
40598f00
3f8d1200
40598f00
3f8d1200
40610000
3f88da80
40610f00
3f88d200
40610f00
3f88d200
40688000
3f849a80
40688f00
3f849200
40688f00
3f849200
40700000
3f805a80
40700f00
3f805200
40700f00
3f805200
40778000
3f783500
40010300
3ffc8b80
40010300
3ffc8b80
40087400
3ff0a380
40088300
3ff08b80
40088300
3ff08b80
400ff400
3fe4a380
40100300
3fe48b80
40100300
3fe48b80
40177400
3fd8a380
40178300
3fd88b80
40178300
3fd88b80
401ef400
3fcca380
40210200
3fcac480
40210200
3fcac480
40287300
3fc2d480
40288200
3fc2c480
40288200
3fc2c480
402ff300
3fbad480
40300200
3fbac480
40300200
3fbac480
40377300
3fb2d480
40378200
3fb2c480
40378200
3fb2c480
403ef300
3faad480
40410100
3fa93c00
40410100
3fa93c00
40487200
3fa38780
40488100
3fa37c00
40488100
3fa37c00
404ff200
3f9dc780
40500100
3f9dbc00
40500100
3f9dbc00
40577200
3f980780
40578100
3f97fc00
40578100
3f97fc00
405ef200
3f924780
40610000
3f914980
40610000
3f914980
40687100
3f8d1200
40688000
3f8d0980
40688000
3f8d0980
406ff100
3f88d200
40700000
3f88c980
40700000
3f88c980
40777100
3f849200
40778000
3f848980
40778000
3f848980
407ef100
3f805200
3f7c2400
3f807600
3f7c2400
3f807600
3f7c2400
3f807600
3f7c2400
3f807600
3f7c2400
3f807600
3f7c6c00
3f807600
3f7c6c00
3f807600
3f7c6c00
3f807600
3f7c6c00
3f807600
3f7cb400
3f807600
3f7cb400
3f807600
3f7cb400
3f807600
3f7cb400
3f807600
3f7cfc00
3f807600
3f7cfc00
3f807600
3f7cfc00
3f807600
3f7cfc00
3f807600
3f7d4400
3f807600
3f7d4400
3f807600
3f7d4400
3f807600
3f7d4400
3f807600
3f7d8c00
3f807600
3f7d8c00
3f807600
3f7d8c00
3f807600
3f7d8c00
3f807600
3f7dd400
3f807600
3f7dd400
3f807600
3f7dd400
3f807600
3f7dd400
3f807600
3f7e1c00
3f807600
3f7e1c00
3f807600
3f7e1c00
3f807600
3f7e1c00
3f807600
3f7e6400
3f807600
3f7e6400
3f807600
3f7e6400
3f807600
3f7e6400
3f807600
3f7eac00
3f807600
3f7eac00
3f807600
3f7eac00
3f807600
3f7eac00
3f807600
3f7eac00
3f807600
3f7ef400
3f807600
3f7ef400
3f807600
3f7ef400
3f807600
3f7ef400
3f807600
3f7f3c00
3f807600
3f7f3c00
3f807600
3f7f3c00
3f807600
3f7f3c00
3f807600
3f7f8400
3f807600
3f7f8400
3f807600
3f7f8400
3f807600
3f7f8400
3f807600
3f7fcc00
3f807600
3f7fcc00
3f807600
3f7fcc00
3f807600
3f7fcc00
3f807600
3f800a00
3f807600
3f800a00
3f807600
3f800a00
3f807600
3f800a00
3f807600
3f802e00
3f807600
3f802e00
3f807600
3f802e00
3f807600
3f802e00
3f807600
3f805200
3f807600
3f805200
3f807600
3f805200
3f807600
3f805200
3f807600
3f807600
3f807600
3f807600
3f807600
3f807600
3f807600
3f807600
3f807600
3f809a00
3f807600
3f809a00
3f807600
3f809a00
3f807600
3f809a00
3f807600
3f809a00
3f807600
3f80be00
3f807600
3f80be00
3f807600
3f80be00
3f807600
3f80be00
3f807600
3f80e200
3f807600
3f80e200
3f807600
3f80e200
3f807600
3f80e200
3f807600
3f810600
3f807600
3f810600
3f807600
3f810600
3f807600
3f810600
3f807600
3f812a00
3f807600
3f812a00
3f807600
3f812a00
3f807600
3f812a00
3f807600
3f814e00
3f807600
3f814e00
3f807600
3f814e00
3f807600
3f814e00
3f807600
3f817200
3f807600
3f817200
3f807600
3f817200
3f807600
3f817200
3f807600
3f819600
3f807600
3f819600
3f807600
3f819600
3f807600
3f819600
3f807600
3f81ba00
3f807600
3f81ba00
3f807600
3f81ba00
3f807600
3f81ba00
3f807600
3f81de00
3f807600
3f81de00
3f807600
3f81de00
3f807600
3f81de00
3f807600
3f81de00
3f807600
3f820200
3f807600
3f820200
3f807600
3f820200
3f807600
3f820200
3f807600
3f822600
3f807600
3f822600
3f807600
3f822600
3f807600
3f822600
3f807600
3f824a00
3f807600
3f824a00
3f807600
3f824a00
3f807600
3f824a00
3f807600
3f826e00
3f807600
3f826e00
3f807600
3f826e00
3f807600
3f826e00
3f807600
3f829200
3f807600
3f829200
3f807600
3f829200
3f807600
3f829200
3f807600
3f82b600
3f807600
3f82b600
3f807600
3f82b600
3f807600
3f82b600
3f807600
3f82da00
3f807600
3f82da00
3f807600
3f82da00
3f807600
3f82da00
3f807600
3f82fe00
3f807600
3f82fe00
3f807600
3f82fe00
3f807600
3f82fe00
3f807600
3f832200
3f807600
3f832200
3f807600
3f832200
3f807600
3f832200
3f807600
3f832200
3f807600
3f834600
3f807600
3f834600
3f807600
3f834600
3f807600
3f834600
3f807600
3f836a00
3f807600
3f836a00
3f807600
3f836a00
3f807600
3f836a00
3f807600
3f838e00
3f807600
3f838e00
3f807600
3f838e00
3f807600
3f838e00
3f807600
3f83b200
3f807600
3f83b200
3f807600
3f83b200
3f807600
3f83b200
3f807600
3f83d600
3f807600
3f83d600
3f807600
3f83d600
3f807600
3f83d600
3f807600
3f83fa00
3f807600
3f83fa00
3f807600
3f83fa00
3f807600
3f83fa00
3f807600
3f841e00
3f807600
3f841e00
3f807600
3f841e00
3f807600
3f841e00
3f807600
3f844200
3f807600
3f844200
3f807600
3f844200
3f807600
3f844200
3f807600
3f846600
3f807600
3f846600
3f807600
3f846600
3f807600
3f846600
3f807600
3f848a00
3f807600
3f848a00
3f807600
3f848a00
3f807600
3f848a00
3f807600
3f848a00
3f807600
3f84ae00
3f807600
3f84ae00
3f807600
3f84ae00
3f807600
3f84ae00
3f807600
3f84d200
3f807600
3f84d200
3f807600
3f84d200
3f807600
3f84d200
3f807600
3f84f600
3f807600
3f84f600
3f807600
3f84f600
3f807600
3f84f600
3f807600
3f851a00
3f807600
3f851a00
3f807600
3f851a00
3f807600
3f851a00
3f807600
3f853e00
3f807600
3f853e00
3f807600
3f853e00
3f807600
3f853e00
3f807600
3f856200
3f807600
3f856200
3f807600
3f856200
3f807600
3f856200
3f807600
3f858600
3f807600
3f858600
3f807600
3f858600
3f807600
3f858600
3f807600
3f85aa00
3f807600
3f85aa00
3f807600
3f85aa00
3f807600
3f85aa00
3f807600
3f85ce00
3f807600
3f85ce00
3f807600
3f85ce00
3f807600
3f85ce00
3f807600
3f85ce00
3f807600
3f85f200
3f807600
3f85f200
3f807600
3f85f200
3f807600
3f85f200
3f807600
3f861600
3f807600
3f861600
3f807600
3f861600
3f807600
3f861600
3f807600
3f863a00
3f807600
3f863a00
3f807600
3f863a00
3f807600
3f863a00
3f807600
3f865e00
3f807600
3f865e00
3f807600
3f865e00
3f807600
3f865e00
3f807600
3f868200
3f807600
3f868200
3f807600
3f868200
3f807600
3f868200
3f807600
3f86a600
3f807600
3f86a600
3f807600
3f86a600
3f807600
3f86a600
3f807600
3f86ca00
3f807600
3f86ca00
3f807600
3f86ca00
3f807600
3f86ca00
3f807600
3f86ee00
3f807600
3f86ee00
3f807600
3f86ee00
3f807600
3f86ee00
3f807600
3f871200
3f807600
3f871200
3f807600
3f871200
3f807600
3f871200
3f807600
3f871200
3f807600
3f873600
3f807600
3f873600
3f807600
3f873600
3f807600
3f873600
3f807600
3f875a00
3f807600
3f875a00
3f807600
3f875a00
3f807600
3f875a00
3f807600
3f877e00
3f807600
3f877e00
3f807600
3f877e00
3f807600
3f877e00
3f807600
3f87a200
3f807600
3f87a200
3f807600
3f87a200
3f807600
3f87a200
3f807600
3f87c600
3f807600
3f87c600
3f807600
3f87c600
3f807600
3f87c600
3f807600
3f87ea00
3f807600
3f87ea00
3f807600
3f87ea00
3f807600
3f87ea00
3f807600
3f880e00
3f807600
3f880e00
3f807600
3f880e00
3f807600
3f880e00
3f807600
3f883200
3f807600
3f883200
3f807600
3f883200
3f807600
3f883200
3f807600
3f885600
3f807600
3f885600
3f807600
3f885600
3f807600
3f885600
3f807600
3f885600
3f807600
3f887a00
3f807600
3f887a00
3f807600
3f887a00
3f807600
3f887a00
3f807600
3f889e00
3f807600
3f889e00
3f807600
3f889e00
3f807600
3f889e00
3f807600
3f88c200
3f807600
3f88c200
3f807600
3f88c200
3f807600
3f88c200
3f807600
3f88e600
3f807600
3f88e600
3f807600
3f88e600
3f807600
3f88e600
3f807600
3f890a00
3f807600
3f890a00
3f807600
3f890a00
3f807600
3f890a00
3f807600
3f892e00
3f807600
3f892e00
3f807600
3f892e00
3f807600
3f892e00
3f807600
3f895200
3f807600
3f895200
3f807600
3f895200
3f807600
3f895200
3f807600
3f897600
3f807600
3f897600
3f807600
3f897600
3f807600
3f897600
3f807600
3f899a00
3f807600
3f899a00
3f807600
3f899a00
3f807600
3f899a00
3f807600
3f89be00
3f807600
3f89be00
3f807600
3f89be00
3f807600
3f89be00
3f807600
3f89be00
3f807600
3f89e200
3f807600
3f89e200
3f807600
3f89e200
3f807600
3f89e200
3f807600
3f8a0600
3f807600
3f8a0600
3f807600
3f8a0600
3f807600
3f8a0600
3f807600
3f8a2a00
3f807600
3f8a2a00
3f807600
3f8a2a00
3f807600
3f8a2a00
3f807600
3f8a4e00
3f807600
3f8a4e00
3f807600
3f8a4e00
3f807600
3f8a4e00
3f807600
3f8a7200
3f807600
3f8a7200
3f807600
3f8a7200
3f807600
3f8a7200
3f807600
3f8a9600
3f807600
3f8a9600
3f807600
3f8a9600
3f807600
3f8a9600
3f807600
3f8aba00
3f807600
3f8aba00
3f807600
3f8aba00
3f807600
3f8aba00
3f807600
3f8ade00
3f807600
3f8ade00
3f807600
3f8ade00
3f807600
3f8ade00
3f807600
3f8b0200
3f807600
3f8b0200
3f807600
3f8b0200
3f807600
3f8b0200
3f807600
3f8b0200
3f807600
3f8b2600
3f807600
3f8b2600
3f807600
3f8b2600
3f807600
3f8b2600
3f807600
3f8b4a00
3f807600
3f8b4a00
3f807600
3f8b4a00
3f807600
3f8b4a00
3f807600
3f8b6e00
3f807600
3f8b6e00
3f807600
3f8b6e00
3f807600
3f8b6e00
3f807600
3f8b9200
3f807600
3f8b9200
3f807600
3f8b9200
3f807600
3f8b9200
3f807600
3f8bb600
3f807600
3f8bb600
3f807600
3f8bb600
3f807600
3f8bb600
3f807600
3f8bda00
3f807600
3f8bda00
3f807600
3f8bda00
3f807600
3f8bda00
3f807600
3f8bfe00
3f807600
3f8bfe00
3f807600
3f8bfe00
3f807600
3f8bfe00
3f807600
3f8c2200
3f807600
3f8c2200
3f807600
3f8c2200
3f807600
3f8c2200
3f807600
3f8c4600
3f807600
3f8c4600
3f807600
3f8c4600
3f807600
3f8c4600
3f807600
3f8c4600
3f807600
3f8c6a00
3f807600
3f8c6a00
3f807600
3f8c6a00
3f807600
3f8c6a00
3f807600
3f8c8e00
3f807600
3f8c8e00
3f807600
3f8c8e00
3f807600
3f8c8e00
3f807600
3f8cb200
3f807600
3f8cb200
3f807600
3f8cb200
3f807600
3f8cb200
3f807600
3f8cd600
3f807600
3f8cd600
3f807600
3f8cd600
3f807600
3f8cd600
3f807600
3f8cfa00
3f807600
3f8cfa00
3f807600
3f8cfa00
3f807600
3f8cfa00
3f807600
3f8d1e00
3f807600
3f8d1e00
3f807600
3f8d1e00
3f807600
3f8d1e00
3f807600
3f8d4200
3f807600
3f8d4200
3f807600
3f8d4200
3f807600
3f8d4200
3f807600
3f8d6600
3f807600
3f8d6600
3f807600
3f8d6600
3f807600
3f8d6600
3f807600
3f8d8a00
3f807600
3f8d8a00
3f807600
3f8d8a00
3f807600
3f8d8a00
3f807600
3f8d8a00
3f807600
3f8dae00
3f807600
3f8dae00
3f807600
3f8dae00
3f807600
3f8dae00
3f807600
3f8dd200
3f807600
3f8dd200
3f807600
3f8dd200
3f807600
3f8dd200
3f807600
3f8df600
3f807600
3f8df600
3f807600
3f8df600
3f807600
3f8df600
3f807600
3f8e1a00
3f807600
3f8e1a00
3f807600
3f8e1a00
3f807600
3f8e1a00
3f807600
3f8e3e00
3f807600
3f8e3e00
3f807600
3f8e3e00
3f807600
3f8e3e00
3f807600
3f8e6200
3f807600
3f8e6200
3f807600
3f8e6200
3f807600
3f8e6200
3f807600
3f8e8600
3f807600
3f8e8600
3f807600
3f8e8600
3f807600
3f8e8600
3f807600
3f8eaa00
3f807600
3f8eaa00
3f807600
3f8eaa00
3f807600
3f8eaa00
3f807600
3f8ece00
3f807600
3f8ece00
3f807600
3f8ece00
3f807600
3f8ece00
3f807600
3f8ef200
3f807600
3f8ef200
3f807600
3f8ef200
3f807600
3f8ef200
3f807600
3f8ef200
3f807600
3f8f1600
3f807600
3f8f1600
3f807600
3f8f1600
3f807600
3f8f1600
3f807600
3f8f3a00
3f807600
3f8f3a00
3f807600
3f8f3a00
3f807600
3f8f3a00
3f807600
3f8f5e00
3f807600
3f8f5e00
3f807600
3f8f5e00
3f807600
3f8f5e00
3f807600
3f8f8200
3f807600
3f8f8200
3f807600
3f8f8200
3f807600
3f8f8200
3f807600
3f8fa600
3f807600
3f8fa600
3f807600
3f8fa600
3f807600
3f8fa600
3f807600
3f8fca00
3f807600
3f8fca00
3f807600
3f8fca00
3f807600
3f8fca00
3f807600
3f8fee00
3f807600
3f8fee00
3f807600
3f8fee00
3f807600
3f8fee00
3f807600
3f901200
3f807600
3f901200
3f807600
3f901200
3f807600
3f901200
3f807600
3f903600
3f807600
3f903600
3f807600
3f903600
3f807600
3f903600
3f807600
3f903600
3f807600
3f905a00
3f807600
3f905a00
3f807600
3f905a00
3f807600
3f905a00
3f807600
3f907e00
3f807600
3f907e00
3f807600
3f907e00
3f807600
3f907e00
3f807600
3f90a200
3f807600
3f90a200
3f807600
3f90a200
3f807600
3f90a200
3f807600
3f90c600
3f807600
3f90c600
3f807600
3f90c600
3f807600
3f90c600
3f807600
3f90ea00
3f807600
3f90ea00
3f807600
3f90ea00
3f807600
3f90ea00
3f807600
3f910e00
3f807600
3f910e00
3f807600
3f910e00
3f807600
3f910e00
3f807600
3f913200
3f807600
3f913200
3f807600
3f913200
3f807600
3f913200
3f807600
3f915600
3f807600
3f915600
3f807600
3f915600
3f807600
3f915600
3f807600
3f917a00
3f807600
3f917a00
3f807600
3f917a00
3f807600
3f917a00
3f807600
3f917a00
3f807600
3f919e00
3f807600
3f919e00
3f807600
3f919e00
3f807600
3f919e00
3f807600
3f91c200
3f807600
3f91c200
3f807600
3f91c200
3f807600
3f91c200
3f807600
3f91e600
3f807600
3f91e600
3f807600
3f91e600
3f807600
3f91e600
3f807600
3f920a00
3f807600
3f920a00
3f807600
3f920a00
3f807600
3f920a00
3f807600
3f922e00
3f807600
3f922e00
3f807600
3f922e00
3f807600
3f922e00
3f807600
3f925200
3f807600
3f925200
3f807600
3f925200
3f807600
3f925200
3f807600
3f927600
3f807600
3f927600
3f807600
3f927600
3f807600
3f927600
3f807600
3f929a00
3f807600
3f929a00
3f807600
3f929a00
3f807600
3f929a00
3f807600
3f92be00
3f807600
3f92be00
3f807600
3f92be00
3f807600
3f92be00
3f807600
3f92be00
3f807600
3f92e200
3f807600
3f92e200
3f807600
3f92e200
3f807600
3f92e200
3f807600
3f930600
3f807600
3f930600
3f807600
3f930600
3f807600
3f930600
3f807600
3f932a00
3f807600
3f932a00
3f807600
3f932a00
3f807600
3f932a00
3f807600
3f934e00
3f807600
3f934e00
3f807600
3f934e00
3f807600
3f934e00
3f807600
3f937200
3f807600
3f937200
3f807600
3f937200
3f807600
3f937200
3f807600
3f939600
3f807600
3f939600
3f807600
3f939600
3f807600
3f939600
3f807600
3f93ba00
3f807600
3f93ba00
3f807600
3f93ba00
3f807600
3f93ba00
3f807600
3f93de00
3f807600
3f93de00
3f807600
3f93de00
3f807600
3f93de00
3f807600
3f940200
3f807600
3f940200
3f807600
3f940200
3f807600
3f940200
3f807600
3f940200
3f807600
3f942600
3f807600
3f942600
3f807600
3f942600
3f807600
3f942600
3f807600
3f944a00
3f807600
3f944a00
3f807600
3f944a00
3f807600
3f944a00
3f807600
3f946e00
3f807600
3f946e00
3f807600
3f946e00
3f807600
3f946e00
3f807600
3f949200
3f807600
3f949200
3f807600
3f949200
3f807600
3f949200
3f807600
3f94b600
3f807600
3f94b600
3f807600
3f94b600
3f807600
3f94b600
3f807600
3f94da00
3f807600
3f94da00
3f807600
3f94da00
3f807600
3f94da00
3f807600
3f94fe00
3f807600
3f94fe00
3f807600
3f94fe00
3f807600
3f94fe00
3f807600
3f952200
3f807600
3f952200
3f807600
3f952200
3f807600
3f952200
3f807600
3f954600
3f807600
3f954600
3f807600
3f954600
3f807600
3f954600
3f807600
3f956a00
3f807600
3f956a00
3f807600
3f956a00
3f807600
3f956a00
3f807600
3f956a00
3f807600
3f958e00
3f807600
3f958e00
3f807600
3f958e00
3f807600
3f958e00
3f807600
3f95b200
3f807600
3f95b200
3f807600
3f95b200
3f807600
3f95b200
3f807600
3f95d600
3f807600
3f95d600
3f807600
3f95d600
3f807600
3f95d600
3f807600
3f95fa00
3f807600
3f95fa00
3f807600
3f95fa00
3f807600
3f95fa00
3f807600
3f961e00
3f807600
3f961e00
3f807600
3f961e00
3f807600
3f961e00
3f807600
3f964200
3f807600
3f964200
3f807600
3f964200
3f807600
3f964200
3f807600
3f966600
3f807600
3f966600
3f807600
3f966600
3f807600
3f966600
3f807600
3f968a00
3f807600
3f968a00
3f807600
3f968a00
3f807600
3f968a00
3f807600
3f96ae00
3f807600
3f96ae00
3f807600
3f96ae00
3f807600
3f96ae00
3f807600
3f96ae00
3f807600
3f96d200
3f807600
3f96d200
3f807600
3f96d200
3f807600
3f96d200
3f807600
3f96f600
3f807600
3f96f600
3f807600
3f96f600
3f807600
3f96f600
3f807600
3f971a00
3f807600
3f971a00
3f807600
3f971a00
3f807600
3f971a00
3f807600
3f973e00
3f807600
3f973e00
3f807600
3f973e00
3f807600
3f973e00
3f807600
3f976200
3f807600
3f976200
3f807600
3f976200
3f807600
3f976200
3f807600
3f978600
3f807600
3f978600
3f807600
3f978600
3f807600
3f978600
3f807600
3f97aa00
3f807600
3f97aa00
3f807600
3f97aa00
3f807600
3f97aa00
3f807600
3f97ce00
3f807600
3f97ce00
3f807600
3f97ce00
3f807600
3f97ce00
3f807600
3f97f200
3f807600
3f97f200
3f807600
3f97f200
3f807600
3f97f200
3f807600
3f97f200
3f807600
3f981600
3f807600
3f981600
3f807600
3f981600
3f807600
3f981600
3f807600
3f983a00
3f807600
3f983a00
3f807600
3f983a00
3f807600
3f983a00
3f807600
3f985e00
3f807600
3f985e00
3f807600
3f985e00
3f807600
3f985e00
3f807600
3f988200
3f807600
3f988200
3f807600
3f988200
3f807600
3f988200
3f807600
3f98a600
3f807600
3f98a600
3f807600
3f98a600
3f807600
3f98a600
3f807600
3f98ca00
3f807600
3f98ca00
3f807600
3f98ca00
3f807600
3f98ca00
3f807600
3f98ee00
3f807600
3f98ee00
3f807600
3f98ee00
3f807600
3f98ee00
3f807600
3f991200
3f807600
3f991200
3f807600
3f991200
3f807600
3f991200
3f807600
3f993600
3f807600
3f993600
3f807600
3f993600
3f807600
3f993600
3f807600
3f993600
3f807600
3f995a00
3f807600
3f995a00
3f807600
3f995a00
3f807600
3f995a00
3f807600
3f997e00
3f807600
3f997e00
3f807600
3f997e00
3f807600
3f997e00
3f807600
3f99a200
3f807600
3f99a200
3f807600
3f99a200
3f807600
3f99a200
3f807600
3f99c600
3f807600
3f99c600
3f807600
3f99c600
3f807600
3f99c600
3f807600
3f99ea00
3f807600
3f99ea00
3f807600
3f99ea00
3f807600
3f99ea00
3f807600
3f9a0e00
3f807600
3f9a0e00
3f807600
3f9a0e00
3f807600
3f9a0e00
3f807600
3f9a3200
3f807600
3f9a3200
3f807600
3f9a3200
3f807600
3f9a3200
3f807600
3f9a5600
3f807600
3f9a5600
3f807600
3f9a5600
3f807600
3f9a5600
3f807600
3f9a7a00
3f807600
3f9a7a00
3f807600
3f9a7a00
3f807600
3f9a7a00
3f807600
3f9a9e00
3f807600
3f9a9e00
3f807600
3f9a9e00
3f807600
3f9a9e00
3f807600
3f9a9e00
3f807600
3f9ac200
3f807600
3f9ac200
3f807600
3f9ac200
3f807600
3f9ac200
3f807600
3f9ae600
3f807600
3f9ae600
3f807600
3f9ae600
3f807600
3f9ae600
3f807600
3f9b0a00
3f807600
3f9b0a00
3f807600
3f9b0a00
3f807600
3f9b0a00
3f807600
3f9b2e00
3f807600
3f9b2e00
3f807600
3f9b2e00
3f807600
3f9b2e00
3f807600
3f9b5200
3f807600
3f9b5200
3f807600
3f9b5200
3f807600
3f9b5200
3f807600
3f9b7600
3f807600
3f9b7600
3f807600
3f9b7600
3f807600
3f9b7600
3f807600
3f9b9a00
3f807600
3f9b9a00
3f807600
3f9b9a00
3f807600
3f9b9a00
3f807600
3f9bbe00
3f807600
3f9bbe00
3f807600
3f9bbe00
3f807600
3f9bbe00
3f807600
3f9be200
3f807600
3f9be200
3f807600
3f9be200
3f807600
3f9be200
3f807600
3f9be200
3f807600
3f9c0600
3f807600
3f9c0600
3f807600
3f9c0600
3f807600
3f9c0600
3f807600
3f9c2a00
3f807600
3f9c2a00
3f807600
3f9c2a00
3f807600
3f9c2a00
3f807600
3f9c4e00
3f807600
3f9c4e00
3f807600
3f9c4e00
3f807600
3f9c4e00
3f807600
3f9c7200
3f807600
3f9c7200
3f807600
3f9c7200
3f807600
3f9c7200
3f807600
3f9c9600
3f807600
3f9c9600
3f807600
3f9c9600
3f807600
3f9c9600
3f807600
3f9cba00
3f807600
3f9cba00
3f807600
3f9cba00
3f807600
3f9cba00
3f807600
3f9cde00
3f807600
3f9cde00
3f807600
3f9cde00
3f807600
3f9cde00
3f807600
3f9d0200
3f807600
3f9d0200
3f807600
3f9d0200
3f807600
3f9d0200
3f807600
3f9d2600
3f807600
3f9d2600
3f807600
3f9d2600
3f807600
3f9d2600
3f807600
3f9d2600
3f807600
3f9d4a00
3f807600
3f9d4a00
3f807600
3f9d4a00
3f807600
3f9d4a00
3f807600
3f9d6e00
3f807600
3f9d6e00
3f807600
3f9d6e00
3f807600
3f9d6e00
3f807600
3f9d9200
3f807600
3f9d9200
3f807600
3f9d9200
3f807600
3f9d9200
3f807600
3f9db600
3f807600
3f9db600
3f807600
3f9db600
3f807600
3f9db600
3f807600
3f9dda00
3f807600
3f9dda00
3f807600
3f9dda00
3f807600
3f9dda00
3f807600
3f9dfe00
3f807600
3f9dfe00
3f807600
3f9dfe00
3f807600
3f9dfe00
3f807600
3f9e2200
3f807600
3f9e2200
3f807600
3f9e2200
3f807600
3f9e2200
3f807600
3f9e4600
3f807600
3f9e4600
3f807600
3f9e4600
3f807600
3f9e4600
3f807600
3f9e6a00
3f807600
3f9e6a00
3f807600
3f9e6a00
3f807600
3f9e6a00
3f807600
3f9e6a00
3f807600
3f9e8e00
3f807600
3f9e8e00
3f807600
3f9e8e00
3f807600
3f9e8e00
3f807600
3f9eb200
3f807600
3f9eb200
3f807600
3f9eb200
3f807600
3f9eb200
3f807600
3f9ed600
3f807600
3f9ed600
3f807600
3f9ed600
3f807600
3f9ed600
3f807600
3f9efa00
3f807600
3f9efa00
3f807600
3f9efa00
3f807600
3f9efa00
3f807600
3f9f1e00
3f807600
3f9f1e00
3f807600
3f9f1e00
3f807600
3f9f1e00
3f807600
3f9f4200
3f807600
3f9f4200
3f807600
3f9f4200
3f807600
3f9f4200
3f807600
3f9f6600
3f807600
3f9f6600
3f807600
3f9f6600
3f807600
3f9f6600
3f807600
3f9f8a00
3f807600
3f9f8a00
3f807600
3f9f8a00
3f807600
3f9f8a00
3f807600
3f9fae00
3f807600
3f9fae00
3f807600
3f9fae00
3f807600
3f9fae00
3f807600
3f9fd200
3f807600
3f9fd200
3f807600
3f9fd200
3f807600
3f9fd200
3f807600
3f9fd200
3f807600
3f9ff600
3f807600
3f9ff600
3f807600
3f9ff600
3f807600
3f9ff600
3f807600
3fa01a00
3f807600
3fa01a00
3f807600
3fa01a00
3f807600
3fa01a00
3f807600
3fa03e00
3f807600
3fa03e00
3f807600
3fa03e00
3f807600
3fa03e00
3f807600
3fa06200
3f807600
3fa06200
3f807600
3fa06200
3f807600
3fa06200
3f807600
3fa08600
3f807600
3fa08600
3f807600
3fa08600
3f807600
3fa08600
3f807600
3fa0aa00
3f807600
3fa0aa00
3f807600
3fa0aa00
3f807600
3fa0aa00
3f807600
3fa0ce00
3f807600
3fa0ce00
3f807600
3fa0ce00
3f807600
3fa0ce00
3f807600
3fa0f200
3f807600
3fa0f200
3f807600
3fa0f200
3f807600
3fa0f200
3f807600
3fa11600
3f807600
3fa11600
3f807600
3fa11600
3f807600
3fa11600
3f807600
3fa11600
3f807600
3fa13a00
3f807600
3fa13a00
3f807600
3fa13a00
3f807600
3fa13a00
3f807600
3fa15e00
3f807600
3fa15e00
3f807600
3fa15e00
3f807600
3fa15e00
3f807600
3fa18200
3f807600
3fa18200
3f807600
3fa18200
3f807600
3fa18200
3f807600
3fa1a600
3f807600
3fa1a600
3f807600
3fa1a600
3f807600
3fa1a600
3f807600
3fa1ca00
3f807600
3fa1ca00
3f807600
3fa1ca00
3f807600
3fa1ca00
3f807600
3fa1ee00
3f807600
3fa1ee00
3f807600
3fa1ee00
3f807600
3fa1ee00
3f807600
3fa21200
3f807600
3fa21200
3f807600
3fa21200
3f807600
3fa21200
3f807600
3fa23600
3f807600
3fa23600
3f807600
3fa23600
3f807600
3fa23600
3f807600
3fa25a00
3f807600
3fa25a00
3f807600
3fa25a00
3f807600
3fa25a00
3f807600
3fa25a00
3f807600
3fa27e00
3f807600
3fa27e00
3f807600
3fa27e00
3f807600
3fa27e00
3f807600
3fa2a200
3f807600
3fa2a200
3f807600
3fa2a200
3f807600
3fa2a200
3f807600
3fa2c600
3f807600
3fa2c600
3f807600
3fa2c600
3f807600
3fa2c600
3f807600
3fa2ea00
3f807600
3fa2ea00
3f807600
3fa2ea00
3f807600
3fa2ea00
3f807600
3fa30e00
3f807600
3fa30e00
3f807600
3fa30e00
3f807600
3fa30e00
3f807600
3fa33200
3f807600
3fa33200
3f807600
3fa33200
3f807600
3fa33200
3f807600
3fa35600
3f807600
3fa35600
3f807600
3fa35600
3f807600
3fa35600
3f807600
3fa37a00
3f807600
3fa37a00
3f807600
3fa37a00
3f807600
3fa37a00
3f807600
3fa39e00
3f807600
3fa39e00
3f807600
3fa39e00
3f807600
3fa39e00
3f807600
3fa39e00
3f807600
3fa3c200
3f807600
3fa3c200
3f807600
3fa3c200
3f807600
3fa3c200
3f807600
3fa3e600
3f807600
3fa3e600
3f807600
3fa3e600
3f807600
3fa3e600
3f807600
3fa40a00
3f807600
3fa40a00
3f807600
3fa40a00
3f807600
3fa40a00
3f807600
3fa42e00
3f807600
3fa42e00
3f807600
3fa42e00
3f807600
3fa42e00
3f807600
3fa45200
3f807600
3fa45200
3f807600
3fa45200
3f807600
3fa45200
3f807600
3fa47600
3f807600
3fa47600
3f807600
3fa47600
3f807600
3fa47600
3f807600
3fa49a00
3f807600
3fa49a00
3f807600
3fa49a00
3f807600
3fa49a00
3f807600
3fa4be00
3f807600
3fa4be00
3f807600
3fa4be00
3f807600
3fa4be00
3f807600
3fa4e200
3f807600
3fa4e200
3f807600
3fa4e200
3f807600
3fa4e200
3f807600
3fa4e200
3f807600
3fa50600
3f807600
3fa50600
3f807600
3fa50600
3f807600
3fa50600
3f807600
3fa52a00
3f807600
3fa52a00
3f807600
3fa52a00
3f807600
3fa52a00
3f807600
3fa54e00
3f807600
3fa54e00
3f807600
3fa54e00
3f807600
3fa54e00
3f807600
3fa57200
3f807600
3fa57200
3f807600
3fa57200
3f807600
3fa57200
3f807600
3fa59600
3f807600
3fa59600
3f807600
3fa59600
3f807600
3fa59600
3f807600
3fa5ba00
3f807600
3fa5ba00
3f807600
3fa5ba00
3f807600
3fa5ba00
3f807600
3fa5de00
3f807600
3fa5de00
3f807600
3fa5de00
3f807600
3fa5de00
3f807600
3fa60200
3f807600
3fa60200
3f807600
3fa60200
3f807600
3fa60200
3f807600
3fa62600
3f807600
3fa62600
3f807600
3fa62600
3f807600
3fa62600
3f807600
3fa64a00
3f807600
3fa64a00
3f807600
3fa64a00
3f807600
3fa64a00
3f807600
3fa64a00
3f807600
3fa66e00
3f807600
3fa66e00
3f807600
3fa66e00
3f807600
3fa66e00
3f807600
3fa69200
3f807600
3fa69200
3f807600
3fa69200
3f807600
3fa69200
3f807600
3fa6b600
3f807600
3fa6b600
3f807600
3fa6b600
3f807600
3fa6b600
3f807600
3fa6da00
3f807600
3fa6da00
3f807600
3fa6da00
3f807600
3fa6da00
3f807600
3fa6fe00
3f807600
3fa6fe00
3f807600
3fa6fe00
3f807600
3fa6fe00
3f807600
3fa72200
3f807600
3fa72200
3f807600
3fa72200
3f807600
3fa72200
3f807600
3fa74600
3f807600
3fa74600
3f807600
3fa74600
3f807600
3fa74600
3f807600
3fa76a00
3f807600
3fa76a00
3f807600
3fa76a00
3f807600
3fa76a00
3f807600
3fa78e00
3f807600
3fa78e00
3f807600
3fa78e00
3f807600
3fa78e00
3f807600
3fa78e00
3f807600
3fa7b200
3f807600
3fa7b200
3f807600
3fa7b200
3f807600
3fa7b200
3f807600
3fa7d600
3f807600
3fa7d600
3f807600
3fa7d600
3f807600
3fa7d600
3f807600
3fa7fa00
3f807600
3fa7fa00
3f807600
3fa7fa00
3f807600
3fa7fa00
3f807600
3fa81e00
3f807600
3fa81e00
3f807600
3fa81e00
3f807600
3fa81e00
3f807600
3fa84200
3f807600
3fa84200
3f807600
3fa84200
3f807600
3fa84200
3f807600
3fa86600
3f807600
3fa86600
3f807600
3fa86600
3f807600
3fa86600
3f807600
3fa88a00
3f807600
3fa88a00
3f807600
3fa88a00
3f807600
3fa88a00
3f807600
3fa8ae00
3f807600
3fa8ae00
3f807600
3fa8ae00
3f807600
3fa8ae00
3f807600
3fa8d200
3f807600
3fa8d200
3f807600
3fa8d200
3f807600
3fa8d200
3f807600
3fa8d200
3f807600
3fa8f600
3f807600
3fa8f600
3f807600
3fa8f600
3f807600
3fa8f600
3f807600
3fa91a00
3f807600
3fa91a00
3f807600
3fa91a00
3f807600
3fa91a00
3f807600
3fa93e00
3f807600
3fa93e00
3f807600
3fa93e00
3f807600
3fa93e00
3f807600
3fa96200
3f807600
3fa96200
3f807600
3fa96200
3f807600
3fa96200
3f807600
3fa98600
3f807600
3fa98600
3f807600
3fa98600
3f807600
3fa98600
3f807600
3fa9aa00
3f807600
3fa9aa00
3f807600
3fa9aa00
3f807600
3fa9aa00
3f807600
3fa9ce00
3f807600
3fa9ce00
3f807600
3fa9ce00
3f807600
3fa9ce00
3f807600
3fa9f200
3f807600
3fa9f200
3f807600
3fa9f200
3f807600
3fa9f200
3f807600
3faa1600
3f807600
3faa1600
3f807600
3faa1600
3f807600
3faa1600
3f807600
3faa1600
3f807600
3faa3a00
3f807600
3faa3a00
3f807600
3faa3a00
3f807600
3faa3a00
3f807600
3faa5e00
3f807600
3faa5e00
3f807600
3faa5e00
3f807600
3faa5e00
3f807600
3faa8200
3f807600
3faa8200
3f807600
3faa8200
3f807600
3faa8200
3f807600
3faaa600
3f807600
3faaa600
3f807600
3faaa600
3f807600
3faaa600
3f807600
3faaca00
3f807600
3faaca00
3f807600
3faaca00
3f807600
3faaca00
3f807600
3faaee00
3f807600
3faaee00
3f807600
3faaee00
3f807600
3faaee00
3f807600
3fab1200
3f807600
3fab1200
3f807600
3fab1200
3f807600
3fab1200
3f807600
3fab3600
3f807600
3fab3600
3f807600
3fab3600
3f807600
3fab3600
3f807600
3fab5a00
3f807600
3fab5a00
3f807600
3fab5a00
3f807600
3fab5a00
3f807600
3fab7e00
3f807600
3fab7e00
3f807600
3fab7e00
3f807600
3fab7e00
3f807600
3fab7e00
3f807600
3faba200
3f807600
3faba200
3f807600
3faba200
3f807600
3faba200
3f807600
3fabc600
3f807600
3fabc600
3f807600
3fabc600
3f807600
3fabc600
3f807600
3fabea00
3f807600
3fabea00
3f807600
3fabea00
3f807600
3fabea00
3f807600
3fac0e00
3f807600
3fac0e00
3f807600
3fac0e00
3f807600
3fac0e00
3f807600
3fac3200
3f807600
3fac3200
3f807600
3fac3200
3f807600
3fac3200
3f807600
3fac5600
3f807600
3fac5600
3f807600
3fac5600
3f807600
3fac5600
3f807600
3fac7a00
3f807600
3fac7a00
3f807600
3fac7a00
3f807600
3fac7a00
3f807600
3fac9e00
3f807600
3fac9e00
3f807600
3fac9e00
3f807600
3fac9e00
3f807600
3facc200
3f807600
3facc200
3f807600
3facc200
3f807600
3facc200
3f807600
3facc200
3f807600
3face600
3f807600
3face600
3f807600
3face600
3f807600
3face600
3f807600
3fad0a00
3f807600
3fad0a00
3f807600
3fad0a00
3f807600
3fad0a00
3f807600
3fad2e00
3f807600
3fad2e00
3f807600
3fad2e00
3f807600
3fad2e00
3f807600
3fad5200
3f807600
3fad5200
3f807600
3fad5200
3f807600
3fad5200
3f807600
3fad7600
3f807600
3fad7600
3f807600
3fad7600
3f807600
3fad7600
3f807600
3fad9a00
3f807600
3fad9a00
3f807600
3fad9a00
3f807600
3fad9a00
3f807600
3fadbe00
3f807600
3fadbe00
3f807600
3fadbe00
3f807600
3fadbe00
3f807600
3fade200
3f807600
3fade200
3f807600
3fade200
3f807600
3fade200
3f807600
3fae0600
3f807600
3fae0600
3f807600
3fae0600
3f807600
3fae0600
3f807600
3fae0600
3f807600
3fae2a00
3f807600
3fae2a00
3f807600
3fae2a00
3f807600
3fae2a00
3f807600
3fae4e00
3f807600
3fae4e00
3f807600
3fae4e00
3f807600
3fae4e00
3f807600
3fae7200
3f807600
3fae7200
3f807600
3fae7200
3f807600
3fae7200
3f807600
3fae9600
3f807600
3fae9600
3f807600
3fae9600
3f807600
3fae9600
3f807600
3faeba00
3f807600
3faeba00
3f807600
3faeba00
3f807600
3faeba00
3f807600
3faede00
3f807600
3faede00
3f807600
3faede00
3f807600
3faede00
3f807600
3faf0200
3f807600
3faf0200
3f807600
3faf0200
3f807600
3faf0200
3f807600
3faf2600
3f807600
3faf2600
3f807600
3faf2600
3f807600
3faf2600
3f807600
3faf4a00
3f807600
3faf4a00
3f807600
3faf4a00
3f807600
3faf4a00
3f807600
3faf4a00
3f807600
3faf6e00
3f807600
3faf6e00
3f807600
3faf6e00
3f807600
3faf6e00
3f807600
3faf9200
3f807600
3faf9200
3f807600
3faf9200
3f807600
3faf9200
3f807600
3fafb600
3f807600
3fafb600
3f807600
3fafb600
3f807600
3fafb600
3f807600
3fafda00
3f807600
3fafda00
3f807600
3fafda00
3f807600
3fafda00
3f807600
3faffe00
3f807600
3faffe00
3f807600
3faffe00
3f807600
3faffe00
3f807600
3fb02200
3f807600
3fb02200
3f807600
3fb02200
3f807600
3fb02200
3f807600
3fb04600
3f807600
3fb04600
3f807600
3fb04600
3f807600
3fb04600
3f807600
3fb06a00
3f807600
3fb06a00
3f807600
3fb06a00
3f807600
3fb06a00
3f807600
3fb08e00
3f807600
3fb08e00
3f807600
3fb08e00
3f807600
3fb08e00
3f807600
3fb0b200
3f807600
3fb0b200
3f807600
3fb0b200
3f807600
3fb0b200
3f807600
3fb0b200
3f807600
3fb0d600
3f807600
3fb0d600
3f807600
3fb0d600
3f807600
3fb0d600
3f807600
3fb0fa00
3f807600
3fb0fa00
3f807600
3fb0fa00
3f807600
3fb0fa00
3f807600
3fb11e00
3f807600
3fb11e00
3f807600
3fb11e00
3f807600
3fb11e00
3f807600
3fb14200
3f807600
3fb14200
3f807600
3fb14200
3f807600
3fb14200
3f807600
3fb16600
3f807600
3fb16600
3f807600
3fb16600
3f807600
3fb16600
3f807600
3fb18a00
3f807600
3fb18a00
3f807600
3fb18a00
3f807600
3fb18a00
3f807600
3fb1ae00
3f807600
3fb1ae00
3f807600
3fb1ae00
3f807600
3fb1ae00
3f807600
3fb1d200
3f807600
3fb1d200
3f807600
3fb1d200
3f807600
3fb1d200
3f807600
3fb1f600
3f807600
3fb1f600
3f807600
3fb1f600
3f807600
3fb1f600
3f807600
3fb1f600
3f807600
3fb21a00
3f807600
3fb21a00
3f807600
3fb21a00
3f807600
3fb21a00
3f807600
3fb23e00
3f807600
3fb23e00
3f807600
3fb23e00
3f807600
3fb23e00
3f807600
3fb26200
3f807600
3fb26200
3f807600
3fb26200
3f807600
3fb26200
3f807600
3fb28600
3f807600
3fb28600
3f807600
3fb28600
3f807600
3fb28600
3f807600
3fb2aa00
3f807600
3fb2aa00
3f807600
3fb2aa00
3f807600
3fb2aa00
3f807600
3fb2ce00
3f807600
3fb2ce00
3f807600
3fb2ce00
3f807600
3fb2ce00
3f807600
3fb2f200
3f807600
3fb2f200
3f807600
3fb2f200
3f807600
3fb2f200
3f807600
3fb31600
3f807600
3fb31600
3f807600
3fb31600
3f807600
3fb31600
3f807600
3fb33a00
3f807600
3fb33a00
3f807600
3fb33a00
3f807600
3fb33a00
3f807600
3fb33a00
3f807600
3fb35e00
3f807600
3fb35e00
3f807600
3fb35e00
3f807600
3fb35e00
3f807600
3fb38200
3f807600
3fb38200
3f807600
3fb38200
3f807600
3fb38200
3f807600
3fb3a600
3f807600
3fb3a600
3f807600
3fb3a600
3f807600
3fb3a600
3f807600
3fb3ca00
3f807600
3fb3ca00
3f807600
3fb3ca00
3f807600
3fb3ca00
3f807600
3fb3ee00
3f807600
3fb3ee00
3f807600
3fb3ee00
3f807600
3fb3ee00
3f807600
3fb41200
3f807600
3fb41200
3f807600
3fb41200
3f807600
3fb41200
3f807600
3fb43600
3f807600
3fb43600
3f807600
3fb43600
3f807600
3fb43600
3f807600
3fb45a00
3f807600
3fb45a00
3f807600
3fb45a00
3f807600
3fb45a00
3f807600
3fb47e00
3f807600
3fb47e00
3f807600
3fb47e00
3f807600
3fb47e00
3f807600
3fb47e00
3f807600
3fb4a200
3f807600
3fb4a200
3f807600
3fb4a200
3f807600
3fb4a200
3f807600
3fb4c600
3f807600
3fb4c600
3f807600
3fb4c600
3f807600
3fb4c600
3f807600
3fb4ea00
3f807600
3fb4ea00
3f807600
3fb4ea00
3f807600
3fb4ea00
3f807600
3fb50e00
3f807600
3fb50e00
3f807600
3fb50e00
3f807600
3fb50e00
3f807600
3fb53200
3f807600
3fb53200
3f807600
3fb53200
3f807600
3fb53200
3f807600
3fb55600
3f807600
3fb55600
3f807600
3fb55600
3f807600
3fb55600
3f807600
3fb57a00
3f807600
3fb57a00
3f807600
3fb57a00
3f807600
3fb57a00
3f807600
3fb59e00
3f807600
3fb59e00
3f807600
3fb59e00
3f807600
3fb59e00
3f807600
3fb5c200
3f807600
3fb5c200
3f807600
3fb5c200
3f807600
3fb5c200
3f807600
3fb5c200
3f807600
3fb5e600
3f807600
3fb5e600
3f807600
3fb5e600
3f807600
3fb5e600
3f807600
3fb60a00
3f807600
3fb60a00
3f807600
3fb60a00
3f807600
3fb60a00
3f807600
3fb62e00
3f807600
3fb62e00
3f807600
3fb62e00
3f807600
3fb62e00
3f807600
3fb65200
3f807600
3fb65200
3f807600
3fb65200
3f807600
3fb65200
3f807600
3fb67600
3f807600
3fb67600
3f807600
3fb67600
3f807600
3fb67600
3f807600
3fb69a00
3f807600
3fb69a00
3f807600
3fb69a00
3f807600
3fb69a00
3f807600
3fb6be00
3f807600
3fb6be00
3f807600
3fb6be00
3f807600
3fb6be00
3f807600
3fb6e200
3f807600
3fb6e200
3f807600
3fb6e200
3f807600
3fb6e200
3f807600
3fb70600
3f807600
3fb70600
3f807600
3fb70600
3f807600
3fb70600
3f807600
3fb72a00
3f807600
3fb72a00
3f807600
3fb72a00
3f807600
3fb72a00
3f807600
3fb72a00
3f807600
3fb74e00
3f807600
3fb74e00
3f807600
3fb74e00
3f807600
3fb74e00
3f807600
3fb77200
3f807600
3fb77200
3f807600
3fb77200
3f807600
3fb77200
3f807600
3fb79600
3f807600
3fb79600
3f807600
3fb79600
3f807600
3fb79600
3f807600
3fb7ba00
3f807600
3fb7ba00
3f807600
3fb7ba00
3f807600
3fb7ba00
3f807600
3fb7de00
3f807600
3fb7de00
3f807600
3fb7de00
3f807600
3fb7de00
3f807600
3fb80200
3f807600
3fb80200
3f807600
3fb80200
3f807600
3fb80200
3f807600
3fb82600
3f807600
3fb82600
3f807600
3fb82600
3f807600
3fb82600
3f807600
3fb84a00
3f807600
3fb84a00
3f807600
3fb84a00
3f807600
3fb84a00
3f807600
3fb86e00
3f807600
3fb86e00
3f807600
3fb86e00
3f807600
3fb86e00
3f807600
3fb86e00
3f807600
3fb89200
3f807600
3fb89200
3f807600
3fb89200
3f807600
3fb89200
3f807600
3fb8b600
3f807600
3fb8b600
3f807600
3fb8b600
3f807600
3fb8b600
3f807600
3fb8da00
3f807600
3fb8da00
3f807600
3fb8da00
3f807600
3fb8da00
3f807600
3fb8fe00
3f807600
3fb8fe00
3f807600
3fb8fe00
3f807600
3fb8fe00
3f807600
3fb92200
3f807600
3fb92200
3f807600
3fb92200
3f807600
3fb92200
3f807600
3fb94600
3f807600
3fb94600
3f807600
3fb94600
3f807600
3fb94600
3f807600
3fb96a00
3f807600
3fb96a00
3f807600
3fb96a00
3f807600
3fb96a00
3f807600
3fb98e00
3f807600
3fb98e00
3f807600
3fb98e00
3f807600
3fb98e00
3f807600
3fb9b200
3f807600
3fb9b200
3f807600
3fb9b200
3f807600
3fb9b200
3f807600
3fb9b200
3f807600
3fb9d600
3f807600
3fb9d600
3f807600
3fb9d600
3f807600
3fb9d600
3f807600
3fb9fa00
3f807600
3fb9fa00
3f807600
3fb9fa00
3f807600
3fb9fa00
3f807600
3fba1e00
3f807600
3fba1e00
3f807600
3fba1e00
3f807600
3fba1e00
3f807600
3fba4200
3f807600
3fba4200
3f807600
3fba4200
3f807600
3fba4200
3f807600
3fba6600
3f807600
3fba6600
3f807600
3fba6600
3f807600
3fba6600
3f807600
3fba8a00
3f807600
3fba8a00
3f807600
3fba8a00
3f807600
3fba8a00
3f807600
3fbaae00
3f807600
3fbaae00
3f807600
3fbaae00
3f807600
3fbaae00
3f807600
3fbad200
3f807600
3fbad200
3f807600
3fbad200
3f807600
3fbad200
3f807600
3fbaf600
3f807600
3fbaf600
3f807600
3fbaf600
3f807600
3fbaf600
3f807600
3fbaf600
3f807600
3fbb1a00
3f807600
3fbb1a00
3f807600
3fbb1a00
3f807600
3fbb1a00
3f807600
3fbb3e00
3f807600
3fbb3e00
3f807600
3fbb3e00
3f807600
3fbb3e00
3f807600
3fbb6200
3f807600
3fbb6200
3f807600
3fbb6200
3f807600
3fbb6200
3f807600
3fbb8600
3f807600
3fbb8600
3f807600
3fbb8600
3f807600
3fbb8600
3f807600
3fbbaa00
3f807600
3fbbaa00
3f807600
3fbbaa00
3f807600
3fbbaa00
3f807600
3fbbce00
3f807600
3fbbce00
3f807600
3fbbce00
3f807600
3fbbce00
3f807600
3fbbf200
3f807600
3fbbf200
3f807600
3fbbf200
3f807600
3fbbf200
3f807600
3fbc1600
3f807600
3fbc1600
3f807600
3fbc1600
3f807600
3fbc1600
3f807600
3fbc3a00
3f807600
3fbc3a00
3f807600
3fbc3a00
3f807600
3fbc3a00
3f807600
3fbc5e00
3f807600
3fbc5e00
3f807600
3fbc5e00
3f807600
3fbc5e00
3f807600
3fbc5e00
3f807600
3fbc8200
3f807600
3fbc8200
3f807600
3fbc8200
3f807600
3fbc8200
3f807600
3fbca600
3f807600
3fbca600
3f807600
3fbca600
3f807600
3fbca600
3f807600
3fbcca00
3f807600
3fbcca00
3f807600
3fbcca00
3f807600
3fbcca00
3f807600
3fbcee00
3f807600
3fbcee00
3f807600
3fbcee00
3f807600
3fbcee00
3f807600
3fbd1200
3f807600
3fbd1200
3f807600
3fbd1200
3f807600
3fbd1200
3f807600
3fbd3600
3f807600
3fbd3600
3f807600
3fbd3600
3f807600
3fbd3600
3f807600
3fbd5a00
3f807600
3fbd5a00
3f807600
3fbd5a00
3f807600
3fbd5a00
3f807600
3fbd7e00
3f807600
3fbd7e00
3f807600
3fbd7e00
3f807600
3fbd7e00
3f807600
3fbda200
3f807600
3fbda200
3f807600
3fbda200
3f807600
3fbda200
3f807600
3fbda200
3f807600
3fbdc600
3f807600
3fbdc600
3f807600
3fbdc600
3f807600
3fbdc600
3f807600
3fbdea00
3f807600
3fbdea00
3f807600
3fbdea00
3f807600
3fbdea00
3f807600
3fbe0e00
3f807600
3fbe0e00
3f807600
3fbe0e00
3f807600
3fbe0e00
3f807600
3fbe3200
3f807600
3fbe3200
3f807600
3fbe3200
3f807600
3fbe3200
3f807600
3fbe5600
3f807600
3fbe5600
3f807600
3fbe5600
3f807600
3fbe5600
3f807600
3fbe7a00
3f807600
3fbe7a00
3f807600
3fbe7a00
3f807600
3fbe7a00
3f807600
3fbe9e00
3f807600
3fbe9e00
3f807600
3fbe9e00
3f807600
3fbe9e00
3f807600
3fbec200
3f807600
3fbec200
3f807600
3fbec200
3f807600
3fbec200
3f807600
3fbee600
3f807600
3fbee600
3f807600
3fbee600
3f807600
3fbee600
3f807600
3fbee600
3f807600
3fbf0a00
3f807600
3fbf0a00
3f807600
3fbf0a00
3f807600
3fbf0a00
3f807600
3fbf2e00
3f807600
3fbf2e00
3f807600
3fbf2e00
3f807600
3fbf2e00
3f807600
3fbf5200
3f807600
3fbf5200
3f807600
3fbf5200
3f807600
3fbf5200
3f807600
3fbf7600
3f807600
3fbf7600
3f807600
3fbf7600
3f807600
3fbf7600
3f807600
3fbf9a00
3f807600
3fbf9a00
3f807600
3fbf9a00
3f807600
3fbf9a00
3f807600
3fbfbe00
3f807600
3fbfbe00
3f807600
3fbfbe00
3f807600
3fbfbe00
3f807600
3fbfe200
3f807600
3fbfe200
3f807600
3fbfe200
3f807600
3fbfe200
3f807600
3fc00600
3f807600
3fc00600
3f807600
3fc00600
3f807600
3fc00600
3f807600
3fc02a00
3f807600
3fc02a00
3f807600
3fc02a00
3f807600
3fc02a00
3f807600
3fc02a00
3f807600
3fc04e00
3f807600
3fc04e00
3f807600
3fc04e00
3f807600
3fc04e00
3f807600
3fc07200
3f807600
3fc07200
3f807600
3fc07200
3f807600
3fc07200
3f807600
3fc09600
3f807600
3fc09600
3f807600
3fc09600
3f807600
3fc09600
3f807600
3fc0ba00
3f807600
3fc0ba00
3f807600
3fc0ba00
3f807600
3fc0ba00
3f807600
3fc0de00
3f807600
3fc0de00
3f807600
3fc0de00
3f807600
3fc0de00
3f807600
3fc10200
3f807600
3fc10200
3f807600
3fc10200
3f807600
3fc10200
3f807600
3fc12600
3f807600
3fc12600
3f807600
3fc12600
3f807600
3fc12600
3f807600
3fc14a00
3f807600
3fc14a00
3f807600
3fc14a00
3f807600
3fc14a00
3f807600
3fc16e00
3f807600
3fc16e00
3f807600
3fc16e00
3f807600
3fc16e00
3f807600
3fc19200
3f807600
3fc19200
3f807600
3fc19200
3f807600
3fc19200
3f807600
3fc19200
3f807600
3fc1b600
3f807600
3fc1b600
3f807600
3fc1b600
3f807600
3fc1b600
3f807600
3fc1da00
3f807600
3fc1da00
3f807600
3fc1da00
3f807600
3fc1da00
3f807600
3fc1fe00
3f807600
3fc1fe00
3f807600
3fc1fe00
3f807600
3fc1fe00
3f807600
3fc22200
3f807600
3fc22200
3f807600
3fc22200
3f807600
3fc22200
3f807600
3fc24600
3f807600
3fc24600
3f807600
3fc24600
3f807600
3fc24600
3f807600
3fc26a00
3f807600
3fc26a00
3f807600
3fc26a00
3f807600
3fc26a00
3f807600
3fc28e00
3f807600
3fc28e00
3f807600
3fc28e00
3f807600
3fc28e00
3f807600
3fc2b200
3f807600
3fc2b200
3f807600
3fc2b200
3f807600
3fc2b200
3f807600
3fc2d600
3f807600
3fc2d600
3f807600
3fc2d600
3f807600
3fc2d600
3f807600
3fc2d600
3f807600
3fc2fa00
3f807600
3fc2fa00
3f807600
3fc2fa00
3f807600
3fc2fa00
3f807600
3fc31e00
3f807600
3fc31e00
3f807600
3fc31e00
3f807600
3fc31e00
3f807600
3fc34200
3f807600
3fc34200
3f807600
3fc34200
3f807600
3fc34200
3f807600
3fc36600
3f807600
3fc36600
3f807600
3fc36600
3f807600
3fc36600
3f807600
3fc38a00
3f807600
3fc38a00
3f807600
3fc38a00
3f807600
3fc38a00
3f807600
3fc3ae00
3f807600
3fc3ae00
3f807600
3fc3ae00
3f807600
3fc3ae00
3f807600
3fc3d200
3f807600
3fc3d200
3f807600
3fc3d200
3f807600
3fc3d200
3f807600
3fc3f600
3f807600
3fc3f600
3f807600
3fc3f600
3f807600
3fc3f600
3f807600
3fc41a00
3f807600
3fc41a00
3f807600
3fc41a00
3f807600
3fc41a00
3f807600
3fc41a00
3f807600
3fc43e00
3f807600
3fc43e00
3f807600
3fc43e00
3f807600
3fc43e00
3f807600
3fc46200
3f807600
3fc46200
3f807600
3fc46200
3f807600
3fc46200
3f807600
3fc48600
3f807600
3fc48600
3f807600
3fc48600
3f807600
3fc48600
3f807600
3fc4aa00
3f807600
3fc4aa00
3f807600
3fc4aa00
3f807600
3fc4aa00
3f807600
3fc4ce00
3f807600
3fc4ce00
3f807600
3fc4ce00
3f807600
3fc4ce00
3f807600
3fc4f200
3f807600
3fc4f200
3f807600
3fc4f200
3f807600
3fc4f200
3f807600
3fc51600
3f807600
3fc51600
3f807600
3fc51600
3f807600
3fc51600
3f807600
3fc53a00
3f807600
3fc53a00
3f807600
3fc53a00
3f807600
3fc53a00
3f807600
3fc55e00
3f807600
3fc55e00
3f807600
3fc55e00
3f807600
3fc55e00
3f807600
3fc55e00
3f807600
3fc58200
3f807600
3fc58200
3f807600
3fc58200
3f807600
3fc58200
3f807600
3fc5a600
3f807600
3fc5a600
3f807600
3fc5a600
3f807600
3fc5a600
3f807600
3fc5ca00
3f807600
3fc5ca00
3f807600
3fc5ca00
3f807600
3fc5ca00
3f807600
3fc5ee00
3f807600
3fc5ee00
3f807600
3fc5ee00
3f807600
3fc5ee00
3f807600
3fc61600
3f809000
3fc61600
3f809000
3fc61600
3f809000
3fc61600
3f809000
3fc64200
3f809000
3fc64200
3f809000
3fc64200
3f809000
3fc64200
3f809000
3fc66e00
3f809000
3fc66e00
3f809000
3fc66e00
3f809000
3fc66e00
3f809000
3fc69a00
3f809000
3fc69a00
3f809000
3fc69a00
3f809000
3fc69a00
3f809000
3fc6c600
3f809000
3fc6c600
3f809000
3fc6c600
3f809000
3fc6c600
3f809000
3fc6c600
3f809000
3fc6f200
3f809000
3fc6f200
3f809000
3fc6f200
3f809000
3fc6f200
3f809000
3fc71e00
3f809000
3fc71e00
3f809000
3fc71e00
3f809000
3fc71e00
3f809000
3fc74a00
3f809000
3fc74a00
3f809000
3fc74a00
3f809000
3fc74a00
3f809000
3fc77600
3f809000
3fc77600
3f809000
3fc77600
3f809000
3fc77600
3f809000
3fc7a200
3f809000
3fc7a200
3f809000
3fc7a200
3f809000
3fc7a200
3f809000
3fc7ce00
3f809000
3fc7ce00
3f809000
3fc7ce00
3f809000
3fc7ce00
3f809000
3fc7fa00
3f809000
3fc7fa00
3f809000
3fc7fa00
3f809000
3fc7fa00
3f809000
3fc82600
3f809000
3fc82600
3f809000
3fc82600
3f809000
3fc82600
3f809000
3fc85200
3f809000
3fc85200
3f809000
3fc85200
3f809000
3fc85200
3f809000
3fc87e00
3f809000
3fc87e00
3f809000
3fc87e00
3f809000
3fc87e00
3f809000
3fc87e00
3f809000
3fc8aa00
3f809000
3fc8aa00
3f809000
3fc8aa00
3f809000
3fc8aa00
3f809000
3fc8d600
3f809000
3fc8d600
3f809000
3fc8d600
3f809000
3fc8d600
3f809000
3fc90200
3f809000
3fc90200
3f809000
3fc90200
3f809000
3fc90200
3f809000
3fc92e00
3f809000
3fc92e00
3f809000
3fc92e00
3f809000
3fc92e00
3f809000
3fc95a00
3f809000
3fc95a00
3f809000
3fc95a00
3f809000
3fc95a00
3f809000
3fc98600
3f809000
3fc98600
3f809000
3fc98600
3f809000
3fc98600
3f809000
3fc9b200
3f809000
3fc9b200
3f809000
3fc9b200
3f809000
3fc9b200
3f809000
3fc9de00
3f809000
3fc9de00
3f809000
3fc9de00
3f809000
3fc9de00
3f809000
3fca0a00
3f809000
3fca0a00
3f809000
3fca0a00
3f809000
3fca0a00
3f809000
3fca0a00
3f809000
3fca3600
3f809000
3fca3600
3f809000
3fca3600
3f809000
3fca3600
3f809000
3fca6200
3f809000
3fca6200
3f809000
3fca6200
3f809000
3fca6200
3f809000
3fca8e00
3f809000
3fca8e00
3f809000
3fca8e00
3f809000
3fca8e00
3f809000
3fcaba00
3f809000
3fcaba00
3f809000
3fcaba00
3f809000
3fcaba00
3f809000
3fcae600
3f809000
3fcae600
3f809000
3fcae600
3f809000
3fcae600
3f809000
3fcb1200
3f809000
3fcb1200
3f809000
3fcb1200
3f809000
3fcb1200
3f809000
3fcb3e00
3f809000
3fcb3e00
3f809000
3fcb3e00
3f809000
3fcb3e00
3f809000
3fcb6a00
3f809000
3fcb6a00
3f809000
3fcb6a00
3f809000
3fcb6a00
3f809000
3fcb9600
3f809000
3fcb9600
3f809000
3fcb9600
3f809000
3fcb9600
3f809000
3fcb9600
3f809000
3fcbc200
3f809000
3fcbc200
3f809000
3fcbc200
3f809000
3fcbc200
3f809000
3fcbee00
3f809000
3fcbee00
3f809000
3fcbee00
3f809000
3fcbee00
3f809000
3fcc1a00
3f809000
3fcc1a00
3f809000
3fcc1a00
3f809000
3fcc1a00
3f809000
3fcc4600
3f809000
3fcc4600
3f809000
3fcc4600
3f809000
3fcc4600
3f809000
3fcc7200
3f809000
3fcc7200
3f809000
3fcc7200
3f809000
3fcc7200
3f809000
3fcc9e00
3f809000
3fcc9e00
3f809000
3fcc9e00
3f809000
3fcc9e00
3f809000
3fccca00
3f809000
3fccca00
3f809000
3fccca00
3f809000
3fccca00
3f809000
3fccf600
3f809000
3fccf600
3f809000
3fccf600
3f809000
3fccf600
3f809000
3fcd2200
3f809000
3fcd2200
3f809000
3fcd2200
3f809000
3fcd2200
3f809000
3fcd2200
3f809000
3fcd4e00
3f809000
3fcd4e00
3f809000
3fcd4e00
3f809000
3fcd4e00
3f809000
3fcd7a00
3f809000
3fcd7a00
3f809000
3fcd7a00
3f809000
3fcd7a00
3f809000
3fcda600
3f809000
3fcda600
3f809000
3fcda600
3f809000
3fcda600
3f809000
3fcdd200
3f809000
3fcdd200
3f809000
3fcdd200
3f809000
3fcdd200
3f809000
3fcdfe00
3f809000
3fcdfe00
3f809000
3fcdfe00
3f809000
3fcdfe00
3f809000
3fce2a00
3f809000
3fce2a00
3f809000
3fce2a00
3f809000
3fce2a00
3f809000
3fce5600
3f809000
3fce5600
3f809000
3fce5600
3f809000
3fce5600
3f809000
3fce8200
3f809000
3fce8200
3f809000
3fce8200
3f809000
3fce8200
3f809000
3fceae00
3f809000
3fceae00
3f809000
3fceae00
3f809000
3fceae00
3f809000
3fceda00
3f809000
3fceda00
3f809000
3fceda00
3f809000
3fceda00
3f809000
3fceda00
3f809000
3fcf0600
3f809000
3fcf0600
3f809000
3fcf0600
3f809000
3fcf0600
3f809000
3fcf3200
3f809000
3fcf3200
3f809000
3fcf3200
3f809000
3fcf3200
3f809000
3fcf5e00
3f809000
3fcf5e00
3f809000
3fcf5e00
3f809000
3fcf5e00
3f809000
3fcf8a00
3f809000
3fcf8a00
3f809000
3fcf8a00
3f809000
3fcf8a00
3f809000
3fcfb600
3f809000
3fcfb600
3f809000
3fcfb600
3f809000
3fcfb600
3f809000
3fcfe200
3f809000
3fcfe200
3f809000
3fcfe200
3f809000
3fcfe200
3f809000
3fd00e00
3f809000
3fd00e00
3f809000
3fd00e00
3f809000
3fd00e00
3f809000
3fd03a00
3f809000
3fd03a00
3f809000
3fd03a00
3f809000
3fd03a00
3f809000
3fd06600
3f809000
3fd06600
3f809000
3fd06600
3f809000
3fd06600
3f809000
3fd06600
3f809000
3fd09200
3f809000
3fd09200
3f809000
3fd09200
3f809000
3fd09200
3f809000
3fd0be00
3f809000
3fd0be00
3f809000
3fd0be00
3f809000
3fd0be00
3f809000
3fd0ea00
3f809000
3fd0ea00
3f809000
3fd0ea00
3f809000
3fd0ea00
3f809000
3fd11600
3f809000
3fd11600
3f809000
3fd11600
3f809000
3fd11600
3f809000
3fd14200
3f809000
3fd14200
3f809000
3fd14200
3f809000
3fd14200
3f809000
3fd16e00
3f809000
3fd16e00
3f809000
3fd16e00
3f809000
3fd16e00
3f809000
3fd19a00
3f809000
3fd19a00
3f809000
3fd19a00
3f809000
3fd19a00
3f809000
3fd1c600
3f809000
3fd1c600
3f809000
3fd1c600
3f809000
3fd1c600
3f809000
3fd1f200
3f809000
3fd1f200
3f809000
3fd1f200
3f809000
3fd1f200
3f809000
3fd1f200
3f809000
3fd21e00
3f809000
3fd21e00
3f809000
3fd21e00
3f809000
3fd21e00
3f809000
3fd24a00
3f809000
3fd24a00
3f809000
3fd24a00
3f809000
3fd24a00
3f809000
3fd27600
3f809000
3fd27600
3f809000
3fd27600
3f809000
3fd27600
3f809000
3fd2a200
3f809000
3fd2a200
3f809000
3fd2a200
3f809000
3fd2a200
3f809000
3fd2ce00
3f809000
3fd2ce00
3f809000
3fd2ce00
3f809000
3fd2ce00
3f809000
3fd2fa00
3f809000
3fd2fa00
3f809000
3fd2fa00
3f809000
3fd2fa00
3f809000
3fd32600
3f809000
3fd32600
3f809000
3fd32600
3f809000
3fd32600
3f809000
3fd35200
3f809000
3fd35200
3f809000
3fd35200
3f809000
3fd35200
3f809000
3fd37e00
3f809000
3fd37e00
3f809000
3fd37e00
3f809000
3fd37e00
3f809000
3fd37e00
3f809000
3fd3aa00
3f809000
3fd3aa00
3f809000
3fd3aa00
3f809000
3fd3aa00
3f809000
3fd3d600
3f809000
3fd3d600
3f809000
3fd3d600
3f809000
3fd3d600
3f809000
3fd40200
3f809000
3fd40200
3f809000
3fd40200
3f809000
3fd40200
3f809000
3fd42e00
3f809000
3fd42e00
3f809000
3fd42e00
3f809000
3fd42e00
3f809000
3fd45a00
3f809000
3fd45a00
3f809000
3fd45a00
3f809000
3fd45a00
3f809000
3fd48600
3f809000
3fd48600
3f809000
3fd48600
3f809000
3fd48600
3f809000
3fd4b200
3f809000
3fd4b200
3f809000
3fd4b200
3f809000
3fd4b200
3f809000
3fd4de00
3f809000
3fd4de00
3f809000
3fd4de00
3f809000
3fd4de00
3f809000
3fd50a00
3f809000
3fd50a00
3f809000
3fd50a00
3f809000
3fd50a00
3f809000
3fd53600
3f809000
3fd53600
3f809000
3fd53600
3f809000
3fd53600
3f809000
3fd53600
3f809000
3fd56200
3f809000
3fd56200
3f809000
3fd56200
3f809000
3fd56200
3f809000
3fd58e00
3f809000
3fd58e00
3f809000
3fd58e00
3f809000
3fd58e00
3f809000
3fd5ba00
3f809000
3fd5ba00
3f809000
3fd5ba00
3f809000
3fd5ba00
3f809000
3fd5e600
3f809000
3fd5e600
3f809000
3fd5e600
3f809000
3fd5e600
3f809000
3fd61200
3f809000
3fd61200
3f809000
3fd61200
3f809000
3fd61200
3f809000
3fd63e00
3f809000
3fd63e00
3f809000
3fd63e00
3f809000
3fd63e00
3f809000
3fd66a00
3f809000
3fd66a00
3f809000
3fd66a00
3f809000
3fd66a00
3f809000
3fd69600
3f809000
3fd69600
3f809000
3fd69600
3f809000
3fd69600
3f809000
3fd6c200
3f809000
3fd6c200
3f809000
3fd6c200
3f809000
3fd6c200
3f809000
3fd6c200
3f809000
3fd6ee00
3f809000
3fd6ee00
3f809000
3fd6ee00
3f809000
3fd6ee00
3f809000
3fd71a00
3f809000
3fd71a00
3f809000
3fd71a00
3f809000
3fd71a00
3f809000
3fd74600
3f809000
3fd74600
3f809000
3fd74600
3f809000
3fd74600
3f809000
3fd77200
3f809000
3fd77200
3f809000
3fd77200
3f809000
3fd77200
3f809000
3fd79e00
3f809000
3fd79e00
3f809000
3fd79e00
3f809000
3fd79e00
3f809000
3fd7ca00
3f809000
3fd7ca00
3f809000
3fd7ca00
3f809000
3fd7ca00
3f809000
3fd7f600
3f809000
3fd7f600
3f809000
3fd7f600
3f809000
3fd7f600
3f809000
3fd82200
3f809000
3fd82200
3f809000
3fd82200
3f809000
3fd82200
3f809000
3fd84e00
3f809000
3fd84e00
3f809000
3fd84e00
3f809000
3fd84e00
3f809000
3fd84e00
3f809000
3fd87a00
3f809000
3fd87a00
3f809000
3fd87a00
3f809000
3fd87a00
3f809000
3fd8a600
3f809000
3fd8a600
3f809000
3fd8a600
3f809000
3fd8a600
3f809000
3fd8d200
3f809000
3fd8d200
3f809000
3fd8d200
3f809000
3fd8d200
3f809000
3fd8fe00
3f809000
3fd8fe00
3f809000
3fd8fe00
3f809000
3fd8fe00
3f809000
3fd92a00
3f809000
3fd92a00
3f809000
3fd92a00
3f809000
3fd92a00
3f809000
3fd95600
3f809000
3fd95600
3f809000
3fd95600
3f809000
3fd95600
3f809000
3fd98200
3f809000
3fd98200
3f809000
3fd98200
3f809000
3fd98200
3f809000
3fd9ae00
3f809000
3fd9ae00
3f809000
3fd9ae00
3f809000
3fd9ae00
3f809000
3fd9da00
3f809000
3fd9da00
3f809000
3fd9da00
3f809000
3fd9da00
3f809000
3fd9da00
3f809000
3fda0600
3f809000
3fda0600
3f809000
3fda0600
3f809000
3fda0600
3f809000
3fda3200
3f809000
3fda3200
3f809000
3fda3200
3f809000
3fda3200
3f809000
3fda5e00
3f809000
3fda5e00
3f809000
3fda5e00
3f809000
3fda5e00
3f809000
3fda8a00
3f809000
3fda8a00
3f809000
3fda8a00
3f809000
3fda8a00
3f809000
3fdab600
3f809000
3fdab600
3f809000
3fdab600
3f809000
3fdab600
3f809000
3fdae200
3f809000
3fdae200
3f809000
3fdae200
3f809000
3fdae200
3f809000
3fdb0e00
3f809000
3fdb0e00
3f809000
3fdb0e00
3f809000
3fdb0e00
3f809000
3fdb3a00
3f809000
3fdb3a00
3f809000
3fdb3a00
3f809000
3fdb3a00
3f809000
3fdb6600
3f809000
3fdb6600
3f809000
3fdb6600
3f809000
3fdb6600
3f809000
3fdb6600
3f809000
3fdb9200
3f809000
3fdb9200
3f809000
3fdb9200
3f809000
3fdb9200
3f809000
3fdbbe00
3f809000
3fdbbe00
3f809000
3fdbbe00
3f809000
3fdbbe00
3f809000
3fdbea00
3f809000
3fdbea00
3f809000
3fdbea00
3f809000
3fdbea00
3f809000
3fdc1600
3f809000
3fdc1600
3f809000
3fdc1600
3f809000
3fdc1600
3f809000
3fdc4200
3f809000
3fdc4200
3f809000
3fdc4200
3f809000
3fdc4200
3f809000
3fdc6e00
3f809000
3fdc6e00
3f809000
3fdc6e00
3f809000
3fdc6e00
3f809000
3fdc9a00
3f809000
3fdc9a00
3f809000
3fdc9a00
3f809000
3fdc9a00
3f809000
3fdcc600
3f809000
3fdcc600
3f809000
3fdcc600
3f809000
3fdcc600
3f809000
3fdcf200
3f809000
3fdcf200
3f809000
3fdcf200
3f809000
3fdcf200
3f809000
3fdd1e00
3f809000
3fdd1e00
3f809000
3fdd1e00
3f809000
3fdd1e00
3f809000
3fdd1e00
3f809000
3fdd4a00
3f809000
3fdd4a00
3f809000
3fdd4a00
3f809000
3fdd4a00
3f809000
3fdd7600
3f809000
3fdd7600
3f809000
3fdd7600
3f809000
3fdd7600
3f809000
3fdda200
3f809000
3fdda200
3f809000
3fdda200
3f809000
3fdda200
3f809000
3fddce00
3f809000
3fddce00
3f809000
3fddce00
3f809000
3fddce00
3f809000
3fddfa00
3f809000
3fddfa00
3f809000
3fddfa00
3f809000
3fddfa00
3f809000
3fde2600
3f809000
3fde2600
3f809000
3fde2600
3f809000
3fde2600
3f809000
3fde5200
3f809000
3fde5200
3f809000
3fde5200
3f809000
3fde5200
3f809000
3fde7e00
3f809000
3fde7e00
3f809000
3fde7e00
3f809000
3fde7e00
3f809000
3fdeaa00
3f809000
3fdeaa00
3f809000
3fdeaa00
3f809000
3fdeaa00
3f809000
3fdeaa00
3f809000
3fded600
3f809000
3fded600
3f809000
3fded600
3f809000
3fded600
3f809000
3fdf0200
3f809000
3fdf0200
3f809000
3fdf0200
3f809000
3fdf0200
3f809000
3fdf2e00
3f809000
3fdf2e00
3f809000
3fdf2e00
3f809000
3fdf2e00
3f809000
3fdf5a00
3f809000
3fdf5a00
3f809000
3fdf5a00
3f809000
3fdf5a00
3f809000
3fdf8600
3f809000
3fdf8600
3f809000
3fdf8600
3f809000
3fdf8600
3f809000
3fdfb200
3f809000
3fdfb200
3f809000
3fdfb200
3f809000
3fdfb200
3f809000
3fdfde00
3f809000
3fdfde00
3f809000
3fdfde00
3f809000
3fdfde00
3f809000
3fe00a00
3f809000
3fe00a00
3f809000
3fe00a00
3f809000
3fe00a00
3f809000
3fe03600
3f809000
3fe03600
3f809000
3fe03600
3f809000
3fe03600
3f809000
3fe03600
3f809000
3fe06200
3f809000
3fe06200
3f809000
3fe06200
3f809000
3fe06200
3f809000
3fe08e00
3f809000
3fe08e00
3f809000
3fe08e00
3f809000
3fe08e00
3f809000
3fe0ba00
3f809000
3fe0ba00
3f809000
3fe0ba00
3f809000
3fe0ba00
3f809000
3fe0e600
3f809000
3fe0e600
3f809000
3fe0e600
3f809000
3fe0e600
3f809000
3fe11200
3f809000
3fe11200
3f809000
3fe11200
3f809000
3fe11200
3f809000
3fe13e00
3f809000
3fe13e00
3f809000
3fe13e00
3f809000
3fe13e00
3f809000
3fe16a00
3f809000
3fe16a00
3f809000
3fe16a00
3f809000
3fe16a00
3f809000
3fe19600
3f809000
3fe19600
3f809000
3fe19600
3f809000
3fe19600
3f809000
3fe1c200
3f809000
3fe1c200
3f809000
3fe1c200
3f809000
3fe1c200
3f809000
3fe1c200
3f809000
3fe1ee00
3f809000
3fe1ee00
3f809000
3fe1ee00
3f809000
3fe1ee00
3f809000
3fe21a00
3f809000
3fe21a00
3f809000
3fe21a00
3f809000
3fe21a00
3f809000
3fe24600
3f809000
3fe24600
3f809000
3fe24600
3f809000
3fe24600
3f809000
3fe27200
3f809000
3fe27200
3f809000
3fe27200
3f809000
3fe27200
3f809000
3fe29e00
3f809000
3fe29e00
3f809000
3fe29e00
3f809000
3fe29e00
3f809000
3fe2ca00
3f809000
3fe2ca00
3f809000
3fe2ca00
3f809000
3fe2ca00
3f809000
3fe2f600
3f809000
3fe2f600
3f809000
3fe2f600
3f809000
3fe2f600
3f809000
3fe32200
3f809000
3fe32200
3f809000
3fe32200
3f809000
3fe32200
3f809000
3fe34e00
3f809000
3fe34e00
3f809000
3fe34e00
3f809000
3fe34e00
3f809000
3fe37a00
3f809000
3fe37a00
3f809000
3fe37a00
3f809000
3fe37a00
3f809000
3fe37a00
3f809000
3fe3a600
3f809000
3fe3a600
3f809000
3fe3a600
3f809000
3fe3a600
3f809000
3fe3d200
3f809000
3fe3d200
3f809000
3fe3d200
3f809000
3fe3d200
3f809000
3fe3fe00
3f809000
3fe3fe00
3f809000
3fe3fe00
3f809000
3fe3fe00
3f809000
3fe42a00
3f809000
3fe42a00
3f809000
3fe42a00
3f809000
3fe42a00
3f809000
3fe45600
3f809000
3fe45600
3f809000
3fe45600
3f809000
3fe45600
3f809000
3fe48200
3f809000
3fe48200
3f809000
3fe48200
3f809000
3fe48200
3f809000
3fe4ae00
3f809000
3fe4ae00
3f809000
3fe4ae00
3f809000
3fe4ae00
3f809000
3fe4da00
3f809000
3fe4da00
3f809000
3fe4da00
3f809000
3fe4da00
3f809000
3fe50600
3f809000
3fe50600
3f809000
3fe50600
3f809000
3fe50600
3f809000
3fe50600
3f809000
3fe53200
3f809000
3fe53200
3f809000
3fe53200
3f809000
3fe53200
3f809000
3fe55e00
3f809000
3fe55e00
3f809000
3fe55e00
3f809000
3fe55e00
3f809000
3fe58a00
3f809000
3fe58a00
3f809000
3fe58a00
3f809000
3fe58a00
3f809000
3fe5b600
3f809000
3fe5b600
3f809000
3fe5b600
3f809000
3fe5b600
3f809000
3fe5e200
3f809000
3fe5e200
3f809000
3fe5e200
3f809000
3fe5e200
3f809000
3fe60e00
3f809000
3fe60e00
3f809000
3fe60e00
3f809000
3fe60e00
3f809000
3fe63a00
3f809000
3fe63a00
3f809000
3fe63a00
3f809000
3fe63a00
3f809000
3fe66600
3f809000
3fe66600
3f809000
3fe66600
3f809000
3fe66600
3f809000
3fe69200
3f809000
3fe69200
3f809000
3fe69200
3f809000
3fe69200
3f809000
3fe69200
3f809000
3fe6be00
3f809000
3fe6be00
3f809000
3fe6be00
3f809000
3fe6be00
3f809000
3fe6ea00
3f809000
3fe6ea00
3f809000
3fe6ea00
3f809000
3fe6ea00
3f809000
3fe71600
3f809000
3fe71600
3f809000
3fe71600
3f809000
3fe71600
3f809000
3fe74200
3f809000
3fe74200
3f809000
3fe74200
3f809000
3fe74200
3f809000
3fe76e00
3f809000
3fe76e00
3f809000
3fe76e00
3f809000
3fe76e00
3f809000
3fe79a00
3f809000
3fe79a00
3f809000
3fe79a00
3f809000
3fe79a00
3f809000
3fe7c600
3f809000
3fe7c600
3f809000
3fe7c600
3f809000
3fe7c600
3f809000
3fe7f200
3f809000
3fe7f200
3f809000
3fe7f200
3f809000
3fe7f200
3f809000
3fe81e00
3f809000
3fe81e00
3f809000
3fe81e00
3f809000
3fe81e00
3f809000
3fe81e00
3f809000
3fe84a00
3f809000
3fe84a00
3f809000
3fe84a00
3f809000
3fe84a00
3f809000
3fe87600
3f809000
3fe87600
3f809000
3fe87600
3f809000
3fe87600
3f809000
3fe8a200
3f809000
3fe8a200
3f809000
3fe8a200
3f809000
3fe8a200
3f809000
3fe8ce00
3f809000
3fe8ce00
3f809000
3fe8ce00
3f809000
3fe8ce00
3f809000
3fe8fa00
3f809000
3fe8fa00
3f809000
3fe8fa00
3f809000
3fe8fa00
3f809000
3fe92600
3f809000
3fe92600
3f809000
3fe92600
3f809000
3fe92600
3f809000
3fe95200
3f809000
3fe95200
3f809000
3fe95200
3f809000
3fe95200
3f809000
3fe97e00
3f809000
3fe97e00
3f809000
3fe97e00
3f809000
3fe97e00
3f809000
3fe9aa00
3f809000
3fe9aa00
3f809000
3fe9aa00
3f809000
3fe9aa00
3f809000
3fe9d600
3f809000
3fe9d600
3f809000
3fe9d600
3f809000
3fe9d600
3f809000
3fe9d600
3f809000
3fea0200
3f809000
3fea0200
3f809000
3fea0200
3f809000
3fea0200
3f809000
3fea2e00
3f809000
3fea2e00
3f809000
3fea2e00
3f809000
3fea2e00
3f809000
3fea5a00
3f809000
3fea5a00
3f809000
3fea5a00
3f809000
3fea5a00
3f809000
3fea8600
3f809000
3fea8600
3f809000
3fea8600
3f809000
3fea8600
3f809000
3feab200
3f809000
3feab200
3f809000
3feab200
3f809000
3feab200
3f809000
3feade00
3f809000
3feade00
3f809000
3feade00
3f809000
3feade00
3f809000
3feb0a00
3f809000
3feb0a00
3f809000
3feb0a00
3f809000
3feb0a00
3f809000
3feb3600
3f809000
3feb3600
3f809000
3feb3600
3f809000
3feb3600
3f809000
3feb6200
3f809000
3feb6200
3f809000
3feb6200
3f809000
3feb6200
3f809000
3feb6200
3f809000
3feb8e00
3f809000
3feb8e00
3f809000
3feb8e00
3f809000
3feb8e00
3f809000
3febba00
3f809000
3febba00
3f809000
3febba00
3f809000
3febba00
3f809000
3febe600
3f809000
3febe600
3f809000
3febe600
3f809000
3febe600
3f809000
3fec1200
3f809000
3fec1200
3f809000
3fec1200
3f809000
3fec1200
3f809000
3fec3e00
3f809000
3fec3e00
3f809000
3fec3e00
3f809000
3fec3e00
3f809000
3fec6a00
3f809000
3fec6a00
3f809000
3fec6a00
3f809000
3fec6a00
3f809000
3fec9600
3f809000
3fec9600
3f809000
3fec9600
3f809000
3fec9600
3f809000
3fecc200
3f809000
3fecc200
3f809000
3fecc200
3f809000
3fecc200
3f809000
3fecee00
3f809000
3fecee00
3f809000
3fecee00
3f809000
3fecee00
3f809000
3fecee00
3f809000
3fed1a00
3f809000
3fed1a00
3f809000
3fed1a00
3f809000
3fed1a00
3f809000
3fed4600
3f809000
3fed4600
3f809000
3fed4600
3f809000
3fed4600
3f809000
3fed7200
3f809000
3fed7200
3f809000
3fed7200
3f809000
3fed7200
3f809000
3fed9e00
3f809000
3fed9e00
3f809000
3fed9e00
3f809000
3fed9e00
3f809000
3fedca00
3f809000
3fedca00
3f809000
3fedca00
3f809000
3fedca00
3f809000
3fedf600
3f809000
3fedf600
3f809000
3fedf600
3f809000
3fedf600
3f809000
3fee2200
3f809000
3fee2200
3f809000
3fee2200
3f809000
3fee2200
3f809000
3fee4e00
3f809000
3fee4e00
3f809000
3fee4e00
3f809000
3fee4e00
3f809000
3fee7a00
3f809000
3fee7a00
3f809000
3fee7a00
3f809000
3fee7a00
3f809000
3fee7a00
3f809000
3feea600
3f809000
3feea600
3f809000
3feea600
3f809000
3feea600
3f809000
3feed200
3f809000
3feed200
3f809000
3feed200
3f809000
3feed200
3f809000
3feefe00
3f809000
3feefe00
3f809000
3feefe00
3f809000
3feefe00
3f809000
3fef2a00
3f809000
3fef2a00
3f809000
3fef2a00
3f809000
3fef2a00
3f809000
3fef5600
3f809000
3fef5600
3f809000
3fef5600
3f809000
3fef5600
3f809000
3fef8200
3f809000
3fef8200
3f809000
3fef8200
3f809000
3fef8200
3f809000
3fefae00
3f809000
3fefae00
3f809000
3fefae00
3f809000
3fefae00
3f809000
3fefda00
3f809000
3fefda00
3f809000
3fefda00
3f809000
3fefda00
3f809000
3ff00600
3f809000
3ff00600
3f809000
3ff00600
3f809000
3ff00600
3f809000
3ff00600
3f809000
3ff03200
3f809000
3ff03200
3f809000
3ff03200
3f809000
3ff03200
3f809000
3ff05e00
3f809000
3ff05e00
3f809000
3ff05e00
3f809000
3ff05e00
3f809000
3ff08a00
3f809000
3ff08a00
3f809000
3ff08a00
3f809000
3ff08a00
3f809000
3ff0b600
3f809000
3ff0b600
3f809000
3ff0b600
3f809000
3ff0b600
3f809000
3ff0e200
3f809000
3ff0e200
3f809000
3ff0e200
3f809000
3ff0e200
3f809000
3ff10e00
3f809000
3ff10e00
3f809000
3ff10e00
3f809000
3ff10e00
3f809000
3ff13a00
3f809000
3ff13a00
3f809000
3ff13a00
3f809000
3ff13a00
3f809000
3ff16600
3f809000
3ff16600
3f809000
3ff16600
3f809000
3ff16600
3f809000
3ff19200
3f809000
3ff19200
3f809000
3ff19200
3f809000
3ff19200
3f809000
3ff1be00
3f809000
3ff1be00
3f809000
3ff1be00
3f809000
3ff1be00
3f809000
3ff1be00
3f809000
3ff1ea00
3f809000
3ff1ea00
3f809000
3ff1ea00
3f809000
3ff1ea00
3f809000
3ff21600
3f809000
3ff21600
3f809000
3ff21600
3f809000
3ff21600
3f809000
3ff24200
3f809000
3ff24200
3f809000
3ff24200
3f809000
3ff24200
3f809000
3ff26e00
3f809000
3ff26e00
3f809000
3ff26e00
3f809000
3ff26e00
3f809000
3ff29a00
3f809000
3ff29a00
3f809000
3ff29a00
3f809000
3ff29a00
3f809000
3ff2c600
3f809000
3ff2c600
3f809000
3ff2c600
3f809000
3ff2c600
3f809000
3ff2f200
3f809000
3ff2f200
3f809000
3ff2f200
3f809000
3ff2f200
3f809000
3ff31e00
3f809000
3ff31e00
3f809000
3ff31e00
3f809000
3ff31e00
3f809000
3ff34a00
3f809000
3ff34a00
3f809000
3ff34a00
3f809000
3ff34a00
3f809000
3ff34a00
3f809000
3ff37600
3f809000
3ff37600
3f809000
3ff37600
3f809000
3ff37600
3f809000
3ff3a200
3f809000
3ff3a200
3f809000
3ff3a200
3f809000
3ff3a200
3f809000
3ff3ce00
3f809000
3ff3ce00
3f809000
3ff3ce00
3f809000
3ff3ce00
3f809000
3ff3fa00
3f809000
3ff3fa00
3f809000
3ff3fa00
3f809000
3ff3fa00
3f809000
3ff42600
3f809000
3ff42600
3f809000
3ff42600
3f809000
3ff42600
3f809000
3ff45200
3f809000
3ff45200
3f809000
3ff45200
3f809000
3ff45200
3f809000
3ff47e00
3f809000
3ff47e00
3f809000
3ff47e00
3f809000
3ff47e00
3f809000
3ff4aa00
3f809000
3ff4aa00
3f809000
3ff4aa00
3f809000
3ff4aa00
3f809000
3ff4d600
3f809000
3ff4d600
3f809000
3ff4d600
3f809000
3ff4d600
3f809000
3ff4d600
3f809000
3ff50200
3f809000
3ff50200
3f809000
3ff50200
3f809000
3ff50200
3f809000
3ff52e00
3f809000
3ff52e00
3f809000
3ff52e00
3f809000
3ff52e00
3f809000
3ff55a00
3f809000
3ff55a00
3f809000
3ff55a00
3f809000
3ff55a00
3f809000
3ff58600
3f809000
3ff58600
3f809000
3ff58600
3f809000
3ff58600
3f809000
3ff5b200
3f809000
3ff5b200
3f809000
3ff5b200
3f809000
3ff5b200
3f809000
3ff5de00
3f809000
3ff5de00
3f809000
3ff5de00
3f809000
3ff5de00
3f809000
3ff60a00
3f809000
3ff60a00
3f809000
3ff60a00
3f809000
3ff60a00
3f809000
3ff63600
3f809000
3ff63600
3f809000
3ff63600
3f809000
3ff63600
3f809000
3ff66200
3f809000
3ff66200
3f809000
3ff66200
3f809000
3ff66200
3f809000
3ff66200
3f809000
3ff68e00
3f809000
3ff68e00
3f809000
3ff68e00
3f809000
3ff68e00
3f809000
3ff6ba00
3f809000
3ff6ba00
3f809000
3ff6ba00
3f809000
3ff6ba00
3f809000
3ff6e600
3f809000
3ff6e600
3f809000
3ff6e600
3f809000
3ff6e600
3f809000
3ff71200
3f809000
3ff71200
3f809000
3ff71200
3f809000
3ff71200
3f809000
3ff73e00
3f809000
3ff73e00
3f809000
3ff73e00
3f809000
3ff73e00
3f809000
3ff76a00
3f809000
3ff76a00
3f809000
3ff76a00
3f809000
3ff76a00
3f809000
3ff79600
3f809000
3ff79600
3f809000
3ff79600
3f809000
3ff79600
3f809000
3ff7c200
3f809000
3ff7c200
3f809000
3ff7c200
3f809000
3ff7c200
3f809000
3ff7ee00
3f809000
3ff7ee00
3f809000
3ff7ee00
3f809000
3ff7ee00
3f809000
3ff81a00
3f809000
3ff81a00
3f809000
3ff81a00
3f809000
3ff81a00
3f809000
3ff81a00
3f809000
3ff84600
3f809000
3ff84600
3f809000
3ff84600
3f809000
3ff84600
3f809000
3ff87200
3f809000
3ff87200
3f809000
3ff87200
3f809000
3ff87200
3f809000
3ff89e00
3f809000
3ff89e00
3f809000
3ff89e00
3f809000
3ff89e00
3f809000
3ff8ca00
3f809000
3ff8ca00
3f809000
3ff8ca00
3f809000
3ff8ca00
3f809000
3ff8f600
3f809000
3ff8f600
3f809000
3ff8f600
3f809000
3ff8f600
3f809000
3ff92200
3f809000
3ff92200
3f809000
3ff92200
3f809000
3ff92200
3f809000
3ff94e00
3f809000
3ff94e00
3f809000
3ff94e00
3f809000
3ff94e00
3f809000
3ff97a00
3f809000
3ff97a00
3f809000
3ff97a00
3f809000
3ff97a00
3f809000
3ff9a600
3f809000
3ff9a600
3f809000
3ff9a600
3f809000
3ff9a600
3f809000
3ff9a600
3f809000
3ff9d200
3f809000
3ff9d200
3f809000
3ff9d200
3f809000
3ff9d200
3f809000
3ff9fe00
3f809000
3ff9fe00
3f809000
3ff9fe00
3f809000
3ff9fe00
3f809000
3ffa2a00
3f809000
3ffa2a00
3f809000
3ffa2a00
3f809000
3ffa2a00
3f809000
3ffa5600
3f809000
3ffa5600
3f809000
3ffa5600
3f809000
3ffa5600
3f809000
3ffa8200
3f809000
3ffa8200
3f809000
3ffa8200
3f809000
3ffa8200
3f809000
3ffaae00
3f809000
3ffaae00
3f809000
3ffaae00
3f809000
3ffaae00
3f809000
3ffada00
3f809000
3ffada00
3f809000
3ffada00
3f809000
3ffada00
3f809000
3ffb0600
3f809000
3ffb0600
3f809000
3ffb0600
3f809000
3ffb0600
3f809000
3ffb3200
3f809000
3ffb3200
3f809000
3ffb3200
3f809000
3ffb3200
3f809000
3ffb3200
3f809000
3ffb5e00
3f809000
3ffb5e00
3f809000
3ffb5e00
3f809000
3ffb5e00
3f809000
3ffb8a00
3f809000
3ffb8a00
3f809000
3ffb8a00
3f809000
3ffb8a00
3f809000
3ffbb600
3f809000
3ffbb600
3f809000
3ffbb600
3f809000
3ffbb600
3f809000
3ffbe200
3f809000
3ffbe200
3f809000
3ffbe200
3f809000
3ffbe200
3f809000
3ffc0e00
3f809000
3ffc0e00
3f809000
3ffc0e00
3f809000
3ffc0e00
3f809000
3ffc3a00
3f809000
3ffc3a00
3f809000
3ffc3a00
3f809000
3ffc3a00
3f809000
3ffc6600
3f809000
3ffc6600
3f809000
3ffc6600
3f809000
3ffc6600
3f809000
3ffc9200
3f809000
3ffc9200
3f809000
3ffc9200
3f809000
3ffc9200
3f809000
3ffcbe00
3f809000
3ffcbe00
3f809000
3ffcbe00
3f809000
3ffcbe00
3f809000
3ffcbe00
3f809000
3ffcea00
3f809000
3ffcea00
3f809000
3ffcea00
3f809000
3ffcea00
3f809000
3ffd1600
3f809000
3ffd1600
3f809000
3ffd1600
3f809000
3ffd1600
3f809000
3ffd4200
3f809000
3ffd4200
3f809000
3ffd4200
3f809000
3ffd4200
3f809000
3ffd6e00
3f809000
3ffd6e00
3f809000
3ffd6e00
3f809000
3ffd6e00
3f809000
3ffd9a00
3f809000
3ffd9a00
3f809000
3ffd9a00
3f809000
3ffd9a00
3f809000
3ffdc600
3f809000
3ffdc600
3f809000
3ffdc600
3f809000
3ffdc600
3f809000
3ffdf200
3f809000
3ffdf200
3f809000
3ffdf200
3f809000
3ffdf200
3f809000
3ffe1e00
3f809000
3ffe1e00
3f809000
3ffe1e00
3f809000
3ffe1e00
3f809000
3ffe4a00
3f809000
3ffe4a00
3f809000
3ffe4a00
3f809000
3ffe4a00
3f809000
3ffe7600
3f809000
3ffe7600
3f809000
3ffe7600
3f809000
3ffe7600
3f809000
3ffe7600
3f809000
3ffea200
3f809000
3ffea200
3f809000
3ffea200
3f809000
3ffea200
3f809000
3ffece00
3f809000
3ffece00
3f809000
3ffece00
3f809000
3ffece00
3f809000
3ffefa00
3f809000
3ffefa00
3f809000
3ffefa00
3f809000
3ffefa00
3f809000
3fff2600
3f809000
3fff2600
3f809000
3fff2600
3f809000
3fff2600
3f809000
3fff5200
3f809000
3fff5200
3f809000
3fff5200
3f809000
3fff5200
3f809000
3fff7e00
3f809000
3fff7e00
3f809000
3fff7e00
3f809000
3fff7e00
3f809000
3fffaa00
3f809000
3fffaa00
3f809000
3fffaa00
3f809000
3fffaa00
3f809000
3fffd600
3f809000
3fffd600
3f809000
3fffd600
3f809000
3fffd600
3f809000
40000100
3f809000
40000100
3f809000
40000100
3f809000
40000100
3f809000
40000100
3f809000
40001700
3f809000
40001700
3f809000
40001700
3f809000
40001700
3f809000
40002d00
3f809000
40002d00
3f809000
40002d00
3f809000
40002d00
3f809000
40004300
3f809000
40004300
3f809000
40004300
3f809000
40004300
3f809000
40005900
3f809000
40005900
3f809000
40005900
3f809000
40005900
3f809000
40006f00
3f809000
40006f00
3f809000
40006f00
3f809000
40006f00
3f809000
40008500
3f809000
40008500
3f809000
40008500
3f809000
40008500
3f809000
40009b00
3f809000
40009b00
3f809000
40009b00
3f809000
40009b00
3f809000
4000b100
3f809000
4000b100
3f809000
4000b100
3f809000
4000b100
3f809000
4000c700
3f809000
4000c700
3f809000
4000c700
3f809000
4000c700
3f809000
4000c700
3f809000
4000dd00
3f809000
4000dd00
3f809000
4000dd00
3f809000
4000dd00
3f809000
4000f300
3f809000
4000f300
3f809000
4000f300
3f809000
4000f300
3f809000
40010900
3f809000
40010900
3f809000
40010900
3f809000
40010900
3f809000
40011f00
3f809000
40011f00
3f809000
40011f00
3f809000
40011f00
3f809000
40013500
3f809000
40013500
3f809000
40013500
3f809000
40013500
3f809000
40014b00
3f809000
40014b00
3f809000
40014b00
3f809000
40014b00
3f809000
40016100
3f809000
40016100
3f809000
40016100
3f809000
40016100
3f809000
40017700
3f809000
40017700
3f809000
40017700
3f809000
40017700
3f809000
40018d00
3f809000
40018d00
3f809000
40018d00
3f809000
40018d00
3f809000
40018d00
3f809000
4001a300
3f809000
4001a300
3f809000
4001a300
3f809000
4001a300
3f809000
4001b900
3f809000
4001b900
3f809000
4001b900
3f809000
4001b900
3f809000
4001cf00
3f809000
4001cf00
3f809000
4001cf00
3f809000
4001cf00
3f809000
4001e500
3f809000
4001e500
3f809000
4001e500
3f809000
4001e500
3f809000
4001fb00
3f809000
4001fb00
3f809000
4001fb00
3f809000
4001fb00
3f809000
40021100
3f809000
40021100
3f809000
40021100
3f809000
40021100
3f809000
40022700
3f809000
40022700
3f809000
40022700
3f809000
40022700
3f809000
40023d00
3f809000
40023d00
3f809000
40023d00
3f809000
40023d00
3f809000
40025300
3f809000
40025300
3f809000
40025300
3f809000
40025300
3f809000
40025300
3f809000
40026900
3f809000
40026900
3f809000
40026900
3f809000
40026900
3f809000
40027f00
3f809000
40027f00
3f809000
40027f00
3f809000
40027f00
3f809000
40029500
3f809000
40029500
3f809000
40029500
3f809000
40029500
3f809000
4002ab00
3f809000
4002ab00
3f809000
4002ab00
3f809000
4002ab00
3f809000
4002c100
3f809000
4002c100
3f809000
4002c100
3f809000
4002c100
3f809000
4002d700
3f809000
4002d700
3f809000
4002d700
3f809000
4002d700
3f809000
4002ed00
3f809000
4002ed00
3f809000
4002ed00
3f809000
4002ed00
3f809000
40030300
3f809000
40030300
3f809000
40030300
3f809000
40030300
3f809000
40031900
3f809000
40031900
3f809000
40031900
3f809000
40031900
3f809000
40032f00
3f809000
40032f00
3f809000
40032f00
3f809000
40032f00
3f809000
40032f00
3f809000
40034500
3f809000
40034500
3f809000
40034500
3f809000
40034500
3f809000
40035b00
3f809000
40035b00
3f809000
40035b00
3f809000
40035b00
3f809000
40037100
3f809000
40037100
3f809000
40037100
3f809000
40037100
3f809000
40038700
3f809000
40038700
3f809000
40038700
3f809000
40038700
3f809000
40039d00
3f809000
40039d00
3f809000
40039d00
3f809000
40039d00
3f809000
4003b300
3f809000
4003b300
3f809000
4003b300
3f809000
4003b300
3f809000
4003c900
3f809000
4003c900
3f809000
4003c900
3f809000
4003c900
3f809000
4003df00
3f809000
4003df00
3f809000
4003df00
3f809000
4003df00
3f809000
4003f500
3f809000
4003f500
3f809000
4003f500
3f809000
4003f500
3f809000
4003f500
3f809000
40040b00
3f809000
40040b00
3f809000
40040b00
3f809000
40040b00
3f809000
40042100
3f809000
40042100
3f809000
40042100
3f809000
40042100
3f809000
40043700
3f809000
40043700
3f809000
40043700
3f809000
40043700
3f809000
40044d00
3f809000
40044d00
3f809000
40044d00
3f809000
40044d00
3f809000
40046300
3f809000
40046300
3f809000
40046300
3f809000
40046300
3f809000
40047900
3f809000
40047900
3f809000
40047900
3f809000
40047900
3f809000
40048f00
3f809000
40048f00
3f809000
40048f00
3f809000
40048f00
3f809000
4004a500
3f809000
4004a500
3f809000
4004a500
3f809000
4004a500
3f809000
4004bb00
3f809000
4004bb00
3f809000
4004bb00
3f809000
4004bb00
3f809000
4004bb00
3f809000
4004d100
3f809000
4004d100
3f809000
4004d100
3f809000
4004d100
3f809000
4004e700
3f809000
4004e700
3f809000
4004e700
3f809000
4004e700
3f809000
4004fd00
3f809000
4004fd00
3f809000
4004fd00
3f809000
4004fd00
3f809000
40051300
3f809000
40051300
3f809000
40051300
3f809000
40051300
3f809000
40052900
3f809000
40052900
3f809000
40052900
3f809000
40052900
3f809000
40053f00
3f809000
40053f00
3f809000
40053f00
3f809000
40053f00
3f809000
40055500
3f809000
40055500
3f809000
40055500
3f809000
40055500
3f809000
40056b00
3f809000
40056b00
3f809000
40056b00
3f809000
40056b00
3f809000
40058100
3f809000
40058100
3f809000
40058100
3f809000
40058100
3f809000
40058100
3f809000
40059700
3f809000
40059700
3f809000
40059700
3f809000
40059700
3f809000
4005ad00
3f809000
4005ad00
3f809000
4005ad00
3f809000
4005ad00
3f809000
4005c300
3f809000
4005c300
3f809000
4005c300
3f809000
4005c300
3f809000
4005d900
3f809000
4005d900
3f809000
4005d900
3f809000
4005d900
3f809000
4005ef00
3f809000
4005ef00
3f809000
4005ef00
3f809000
4005ef00
3f809000
40060500
3f809000
40060500
3f809000
40060500
3f809000
40060500
3f809000
40061b00
3f809000
40061b00
3f809000
40061b00
3f809000
40061b00
3f809000
40063100
3f809000
40063100
3f809000
40063100
3f809000
40063100
3f809000
40064700
3f809000
40064700
3f809000
40064700
3f809000
40064700
3f809000
40065d00
3f809000
40065d00
3f809000
40065d00
3f809000
40065d00
3f809000
40065d00
3f809000
40067300
3f809000
40067300
3f809000
40067300
3f809000
40067300
3f809000
40068900
3f809000
40068900
3f809000
40068900
3f809000
40068900
3f809000
40069f00
3f809000
40069f00
3f809000
40069f00
3f809000
40069f00
3f809000
4006b500
3f809000
4006b500
3f809000
4006b500
3f809000
4006b500
3f809000
4006cb00
3f809000
4006cb00
3f809000
4006cb00
3f809000
4006cb00
3f809000
4006e100
3f809000
4006e100
3f809000
4006e100
3f809000
4006e100
3f809000
4006f700
3f809000
4006f700
3f809000
4006f700
3f809000
4006f700
3f809000
40070d00
3f809000
40070d00
3f809000
40070d00
3f809000
40070d00
3f809000
40072300
3f809000
40072300
3f809000
40072300
3f809000
40072300
3f809000
40072300
3f809000
40073900
3f809000
40073900
3f809000
40073900
3f809000
40073900
3f809000
40074f00
3f809000
40074f00
3f809000
40074f00
3f809000
40074f00
3f809000
40076500
3f809000
40076500
3f809000
40076500
3f809000
40076500
3f809000
40077b00
3f809000
40077b00
3f809000
40077b00
3f809000
40077b00
3f809000
40079100
3f809000
40079100
3f809000
40079100
3f809000
40079100
3f809000
4007a700
3f809000
4007a700
3f809000
4007a700
3f809000
4007a700
3f809000
4007bd00
3f809000
4007bd00
3f809000
4007bd00
3f809000
4007bd00
3f809000
4007d300
3f809000
4007d300
3f809000
4007d300
3f809000
4007d300
3f809000
4007e900
3f809000
4007e900
3f809000
4007e900
3f809000
4007e900
3f809000
4007e900
3f809000
4007ff00
3f809000
4007ff00
3f809000
4007ff00
3f809000
4007ff00
3f809000
40081500
3f809000
40081500
3f809000
40081500
3f809000
40081500
3f809000
40082b00
3f809000
40082b00
3f809000
40082b00
3f809000
40082b00
3f809000
40084100
3f809000
40084100
3f809000
40084100
3f809000
40084100
3f809000
40085700
3f809000
40085700
3f809000
40085700
3f809000
40085700
3f809000
40086d00
3f809000
40086d00
3f809000
40086d00
3f809000
40086d00
3f809000
40088300
3f809000
40088300
3f809000
40088300
3f809000
40088300
3f809000
40089900
3f809000
40089900
3f809000
40089900
3f809000
40089900
3f809000
4008af00
3f809000
4008af00
3f809000
4008af00
3f809000
4008af00
3f809000
4008af00
3f809000
4008c500
3f809000
4008c500
3f809000
4008c500
3f809000
4008c500
3f809000
4008db00
3f809000
4008db00
3f809000
4008db00
3f809000
4008db00
3f809000
4008f100
3f809000
4008f100
3f809000
4008f100
3f809000
4008f100
3f809000
40090700
3f809000
40090700
3f809000
40090700
3f809000
40090700
3f809000
40091d00
3f809000
40091d00
3f809000
40091d00
3f809000
40091d00
3f809000
40093300
3f809000
40093300
3f809000
40093300
3f809000
40093300
3f809000
40094900
3f809000
40094900
3f809000
40094900
3f809000
40094900
3f809000
40095f00
3f809000
40095f00
3f809000
40095f00
3f809000
40095f00
3f809000
40097500
3f809000
40097500
3f809000
40097500
3f809000
40097500
3f809000
40098b00
3f809000
40098b00
3f809000
40098b00
3f809000
40098b00
3f809000
40098b00
3f809000
4009a100
3f809000
4009a100
3f809000
4009a100
3f809000
4009a100
3f809000
4009b700
3f809000
4009b700
3f809000
4009b700
3f809000
4009b700
3f809000
4009cd00
3f809000
4009cd00
3f809000
4009cd00
3f809000
4009cd00
3f809000
4009e300
3f809000
4009e300
3f809000
4009e300
3f809000
4009e300
3f809000
4009f900
3f809000
4009f900
3f809000
4009f900
3f809000
4009f900
3f809000
400a0f00
3f809000
400a0f00
3f809000
400a0f00
3f809000
400a0f00
3f809000
400a2500
3f809000
400a2500
3f809000
400a2500
3f809000
400a2500
3f809000
400a3b00
3f809000
400a3b00
3f809000
400a3b00
3f809000
400a3b00
3f809000
400a5100
3f809000
400a5100
3f809000
400a5100
3f809000
400a5100
3f809000
400a5100
3f809000
400a6700
3f809000
400a6700
3f809000
400a6700
3f809000
400a6700
3f809000
400a7d00
3f809000
400a7d00
3f809000
400a7d00
3f809000
400a7d00
3f809000
400a9300
3f809000
400a9300
3f809000
400a9300
3f809000
400a9300
3f809000
400aa900
3f809000
400aa900
3f809000
400aa900
3f809000
400aa900
3f809000
400abf00
3f809000
400abf00
3f809000
400abf00
3f809000
400abf00
3f809000
400ad500
3f809000
400ad500
3f809000
400ad500
3f809000
400ad500
3f809000
400aeb00
3f809000
400aeb00
3f809000
400aeb00
3f809000
400aeb00
3f809000
400b0100
3f809000
400b0100
3f809000
400b0100
3f809000
400b0100
3f809000
400b1700
3f809000
400b1700
3f809000
400b1700
3f809000
400b1700
3f809000
400b1700
3f809000
400b2d00
3f809000
400b2d00
3f809000
400b2d00
3f809000
400b2d00
3f809000
400b4300
3f809000
400b4300
3f809000
400b4300
3f809000
400b4300
3f809000
400b5900
3f809000
400b5900
3f809000
400b5900
3f809000
400b5900
3f809000
400b6f00
3f809000
400b6f00
3f809000
400b6f00
3f809000
400b6f00
3f809000
400b8500
3f809000
400b8500
3f809000
400b8500
3f809000
400b8500
3f809000
400b9b00
3f809000
400b9b00
3f809000
400b9b00
3f809000
400b9b00
3f809000
400bb100
3f809000
400bb100
3f809000
400bb100
3f809000
400bb100
3f809000
400bc700
3f809000
400bc700
3f809000
400bc700
3f809000
400bc700
3f809000
400bdd00
3f809000
400bdd00
3f809000
400bdd00
3f809000
400bdd00
3f809000
400bdd00
3f809000
400bf300
3f809000
400bf300
3f809000
400bf300
3f809000
400bf300
3f809000
400c0900
3f809000
400c0900
3f809000
400c0900
3f809000
400c0900
3f809000
400c1f00
3f809000
400c1f00
3f809000
400c1f00
3f809000
400c1f00
3f809000
400c3500
3f809000
400c3500
3f809000
400c3500
3f809000
400c3500
3f809000
400c4b00
3f809000
400c4b00
3f809000
400c4b00
3f809000
400c4b00
3f809000
400c6100
3f809000
400c6100
3f809000
400c6100
3f809000
400c6100
3f809000
400c7700
3f809000
400c7700
3f809000
400c7700
3f809000
400c7700
3f809000
400c8d00
3f809000
400c8d00
3f809000
400c8d00
3f809000
400c8d00
3f809000
400ca300
3f809000
400ca300
3f809000
400ca300
3f809000
400ca300
3f809000
400cb900
3f809000
400cb900
3f809000
400cb900
3f809000
400cb900
3f809000
400cb900
3f809000
400ccf00
3f809000
400ccf00
3f809000
400ccf00
3f809000
400ccf00
3f809000
400ce500
3f809000
400ce500
3f809000
400ce500
3f809000
400ce500
3f809000
400cfb00
3f809000
400cfb00
3f809000
400cfb00
3f809000
400cfb00
3f809000
400d1100
3f809000
400d1100
3f809000
400d1100
3f809000
400d1100
3f809000
400d2700
3f809000
400d2700
3f809000
400d2700
3f809000
400d2700
3f809000
400d3d00
3f809000
400d3d00
3f809000
400d3d00
3f809000
400d3d00
3f809000
400d5300
3f809000
400d5300
3f809000
400d5300
3f809000
400d5300
3f809000
400d6900
3f809000
400d6900
3f809000
400d6900
3f809000
400d6900
3f809000
400d7f00
3f809000
400d7f00
3f809000
400d7f00
3f809000
400d7f00
3f809000
400d7f00
3f809000
400d9500
3f809000
400d9500
3f809000
400d9500
3f809000
400d9500
3f809000
400dab00
3f809000
400dab00
3f809000
400dab00
3f809000
400dab00
3f809000
400dc100
3f809000
400dc100
3f809000
400dc100
3f809000
400dc100
3f809000
400dd700
3f809000
400dd700
3f809000
400dd700
3f809000
400dd700
3f809000
400ded00
3f809000
400ded00
3f809000
400ded00
3f809000
400ded00
3f809000
400e0300
3f809000
400e0300
3f809000
400e0300
3f809000
400e0300
3f809000
400e1900
3f809000
400e1900
3f809000
400e1900
3f809000
400e1900
3f809000
400e2f00
3f809000
400e2f00
3f809000
400e2f00
3f809000
400e2f00
3f809000
400e4500
3f809000
400e4500
3f809000
400e4500
3f809000
400e4500
3f809000
400e4500
3f809000
400e5b00
3f809000
400e5b00
3f809000
400e5b00
3f809000
400e5b00
3f809000
400e7100
3f809000
400e7100
3f809000
400e7100
3f809000
400e7100
3f809000
400e8700
3f809000
400e8700
3f809000
400e8700
3f809000
400e8700
3f809000
400e9d00
3f809000
400e9d00
3f809000
400e9d00
3f809000
400e9d00
3f809000
400eb300
3f809000
400eb300
3f809000
400eb300
3f809000
400eb300
3f809000
400ec900
3f809000
400ec900
3f809000
400ec900
3f809000
400ec900
3f809000
400edf00
3f809000
400edf00
3f809000
400edf00
3f809000
400edf00
3f809000
400ef500
3f809000
400ef500
3f809000
400ef500
3f809000
400ef500
3f809000
400f0d00
3f801200
400f0d00
3f801200
400f0d00
3f801200
400f0d00
3f801200
400f0d00
3f801200
400f2700
3f801200
400f2700
3f801200
400f2700
3f801200
400f2700
3f801200
400f4100
3f801200
400f4100
3f801200
400f4100
3f801200
400f4100
3f801200
400f5b00
3f801200
400f5b00
3f801200
400f5b00
3f801200
400f5b00
3f801200
400f7500
3f801200
400f7500
3f801200
400f7500
3f801200
400f7500
3f801200
400f8f00
3f801200
400f8f00
3f801200
400f8f00
3f801200
400f8f00
3f801200
400fa900
3f801200
400fa900
3f801200
400fa900
3f801200
400fa900
3f801200
400fc300
3f801200
400fc300
3f801200
400fc300
3f801200
400fc300
3f801200
400fdd00
3f801200
400fdd00
3f801200
400fdd00
3f801200
400fdd00
3f801200
400ff700
3f801200
400ff700
3f801200
400ff700
3f801200
400ff700
3f801200
400ff700
3f801200
40101100
3f801200
40101100
3f801200
40101100
3f801200
40101100
3f801200
40102b00
3f801200
40102b00
3f801200
40102b00
3f801200
40102b00
3f801200
40104500
3f801200
40104500
3f801200
40104500
3f801200
40104500
3f801200
40105f00
3f801200
40105f00
3f801200
40105f00
3f801200
40105f00
3f801200
40107900
3f801200
40107900
3f801200
40107900
3f801200
40107900
3f801200
40109300
3f801200
40109300
3f801200
40109300
3f801200
40109300
3f801200
4010ad00
3f801200
4010ad00
3f801200
4010ad00
3f801200
4010ad00
3f801200
4010c700
3f801200
4010c700
3f801200
4010c700
3f801200
4010c700
3f801200
4010e100
3f801200
4010e100
3f801200
4010e100
3f801200
4010e100
3f801200
4010fb00
3f801200
4010fb00
3f801200
4010fb00
3f801200
4010fb00
3f801200
4010fb00
3f801200
40111500
3f801200
40111500
3f801200
40111500
3f801200
40111500
3f801200
40112f00
3f801200
40112f00
3f801200
40112f00
3f801200
40112f00
3f801200
40114900
3f801200
40114900
3f801200
40114900
3f801200
40114900
3f801200
40116300
3f801200
40116300
3f801200
40116300
3f801200
40116300
3f801200
40117d00
3f801200
40117d00
3f801200
40117d00
3f801200
40117d00
3f801200
40119700
3f801200
40119700
3f801200
40119700
3f801200
40119700
3f801200
4011b100
3f801200
4011b100
3f801200
4011b100
3f801200
4011b100
3f801200
4011cb00
3f801200
4011cb00
3f801200
4011cb00
3f801200
4011cb00
3f801200
4011e500
3f801200
4011e500
3f801200
4011e500
3f801200
4011e500
3f801200
4011e500
3f801200
4011ff00
3f801200
4011ff00
3f801200
4011ff00
3f801200
4011ff00
3f801200
40121900
3f801200
40121900
3f801200
40121900
3f801200
40121900
3f801200
40123300
3f801200
40123300
3f801200
40123300
3f801200
40123300
3f801200
40124d00
3f801200
40124d00
3f801200
40124d00
3f801200
40124d00
3f801200
40126700
3f801200
40126700
3f801200
40126700
3f801200
40126700
3f801200
40128100
3f801200
40128100
3f801200
40128100
3f801200
40128100
3f801200
40129b00
3f801200
40129b00
3f801200
40129b00
3f801200
40129b00
3f801200
4012b500
3f801200
4012b500
3f801200
4012b500
3f801200
4012b500
3f801200
4012cf00
3f801200
4012cf00
3f801200
4012cf00
3f801200
4012cf00
3f801200
4012cf00
3f801200
4012e900
3f801200
4012e900
3f801200
4012e900
3f801200
4012e900
3f801200
40130300
3f801200
40130300
3f801200
40130300
3f801200
40130300
3f801200
40131d00
3f801200
40131d00
3f801200
40131d00
3f801200
40131d00
3f801200
40133700
3f801200
40133700
3f801200
40133700
3f801200
40133700
3f801200
40135100
3f801200
40135100
3f801200
40135100
3f801200
40135100
3f801200
40136b00
3f801200
40136b00
3f801200
40136b00
3f801200
40136b00
3f801200
40138500
3f801200
40138500
3f801200
40138500
3f801200
40138500
3f801200
40139f00
3f801200
40139f00
3f801200
40139f00
3f801200
40139f00
3f801200
4013b900
3f801200
4013b900
3f801200
4013b900
3f801200
4013b900
3f801200
4013b900
3f801200
4013d300
3f801200
4013d300
3f801200
4013d300
3f801200
4013d300
3f801200
4013ed00
3f801200
4013ed00
3f801200
4013ed00
3f801200
4013ed00
3f801200
40140700
3f801200
40140700
3f801200
40140700
3f801200
40140700
3f801200
40142100
3f801200
40142100
3f801200
40142100
3f801200
40142100
3f801200
40143b00
3f801200
40143b00
3f801200
40143b00
3f801200
40143b00
3f801200
40145500
3f801200
40145500
3f801200
40145500
3f801200
40145500
3f801200
40146f00
3f801200
40146f00
3f801200
40146f00
3f801200
40146f00
3f801200
40148900
3f801200
40148900
3f801200
40148900
3f801200
40148900
3f801200
4014a300
3f801200
4014a300
3f801200
4014a300
3f801200
4014a300
3f801200
4014bd00
3f801200
4014bd00
3f801200
4014bd00
3f801200
4014bd00
3f801200
4014bd00
3f801200
4014d700
3f801200
4014d700
3f801200
4014d700
3f801200
4014d700
3f801200
4014f100
3f801200
4014f100
3f801200
4014f100
3f801200
4014f100
3f801200
40150b00
3f801200
40150b00
3f801200
40150b00
3f801200
40150b00
3f801200
40152500
3f801200
40152500
3f801200
40152500
3f801200
40152500
3f801200
40153f00
3f801200
40153f00
3f801200
40153f00
3f801200
40153f00
3f801200
40155900
3f801200
40155900
3f801200
40155900
3f801200
40155900
3f801200
40157300
3f801200
40157300
3f801200
40157300
3f801200
40157300
3f801200
40158d00
3f801200
40158d00
3f801200
40158d00
3f801200
40158d00
3f801200
4015a700
3f801200
4015a700
3f801200
4015a700
3f801200
4015a700
3f801200
4015a700
3f801200
4015c100
3f801200
4015c100
3f801200
4015c100
3f801200
4015c100
3f801200
4015db00
3f801200
4015db00
3f801200
4015db00
3f801200
4015db00
3f801200
4015f500
3f801200
4015f500
3f801200
4015f500
3f801200
4015f500
3f801200
40160f00
3f801200
40160f00
3f801200
40160f00
3f801200
40160f00
3f801200
40162900
3f801200
40162900
3f801200
40162900
3f801200
40162900
3f801200
40164300
3f801200
40164300
3f801200
40164300
3f801200
40164300
3f801200
40165d00
3f801200
40165d00
3f801200
40165d00
3f801200
40165d00
3f801200
40167700
3f801200
40167700
3f801200
40167700
3f801200
40167700
3f801200
40169100
3f801200
40169100
3f801200
40169100
3f801200
40169100
3f801200
40169100
3f801200
4016ab00
3f801200
4016ab00
3f801200
4016ab00
3f801200
4016ab00
3f801200
4016c500
3f801200
4016c500
3f801200
4016c500
3f801200
4016c500
3f801200
4016df00
3f801200
4016df00
3f801200
4016df00
3f801200
4016df00
3f801200
4016f900
3f801200
4016f900
3f801200
4016f900
3f801200
4016f900
3f801200
40171300
3f801200
40171300
3f801200
40171300
3f801200
40171300
3f801200
40172d00
3f801200
40172d00
3f801200
40172d00
3f801200
40172d00
3f801200
40174700
3f801200
40174700
3f801200
40174700
3f801200
40174700
3f801200
40176100
3f801200
40176100
3f801200
40176100
3f801200
40176100
3f801200
40177b00
3f801200
40177b00
3f801200
40177b00
3f801200
40177b00
3f801200
40177b00
3f801200
40179500
3f801200
40179500
3f801200
40179500
3f801200
40179500
3f801200
4017af00
3f801200
4017af00
3f801200
4017af00
3f801200
4017af00
3f801200
4017c900
3f801200
4017c900
3f801200
4017c900
3f801200
4017c900
3f801200
4017e300
3f801200
4017e300
3f801200
4017e300
3f801200
4017e300
3f801200
4017fd00
3f801200
4017fd00
3f801200
4017fd00
3f801200
4017fd00
3f801200
40181700
3f801200
40181700
3f801200
40181700
3f801200
40181700
3f801200
40183100
3f801200
40183100
3f801200
40183100
3f801200
40183100
3f801200
40184b00
3f801200
40184b00
3f801200
40184b00
3f801200
40184b00
3f801200
40186500
3f801200
40186500
3f801200
40186500
3f801200
40186500
3f801200
40187f00
3f801200
40187f00
3f801200
40187f00
3f801200
40187f00
3f801200
40187f00
3f801200
40189900
3f801200
40189900
3f801200
40189900
3f801200
40189900
3f801200
4018b300
3f801200
4018b300
3f801200
4018b300
3f801200
4018b300
3f801200
4018cd00
3f801200
4018cd00
3f801200
4018cd00
3f801200
4018cd00
3f801200
4018e700
3f801200
4018e700
3f801200
4018e700
3f801200
4018e700
3f801200
40190100
3f801200
40190100
3f801200
40190100
3f801200
40190100
3f801200
40191b00
3f801200
40191b00
3f801200
40191b00
3f801200
40191b00
3f801200
40193500
3f801200
40193500
3f801200
40193500
3f801200
40193500
3f801200
40194f00
3f801200
40194f00
3f801200
40194f00
3f801200
40194f00
3f801200
40196900
3f801200
40196900
3f801200
40196900
3f801200
40196900
3f801200
40196900
3f801200
40198300
3f801200
40198300
3f801200
40198300
3f801200
40198300
3f801200
40199d00
3f801200
40199d00
3f801200
40199d00
3f801200
40199d00
3f801200
4019b700
3f801200
4019b700
3f801200
4019b700
3f801200
4019b700
3f801200
4019d100
3f801200
4019d100
3f801200
4019d100
3f801200
4019d100
3f801200
4019eb00
3f801200
4019eb00
3f801200
4019eb00
3f801200
4019eb00
3f801200
401a0500
3f801200
401a0500
3f801200
401a0500
3f801200
401a0500
3f801200
401a1f00
3f801200
401a1f00
3f801200
401a1f00
3f801200
401a1f00
3f801200
401a3900
3f801200
401a3900
3f801200
401a3900
3f801200
401a3900
3f801200
401a5300
3f801200
401a5300
3f801200
401a5300
3f801200
401a5300
3f801200
401a5300
3f801200
401a6d00
3f801200
401a6d00
3f801200
401a6d00
3f801200
401a6d00
3f801200
401a8700
3f801200
401a8700
3f801200
401a8700
3f801200
401a8700
3f801200
401aa100
3f801200
401aa100
3f801200
401aa100
3f801200
401aa100
3f801200
401abb00
3f801200
401abb00
3f801200
401abb00
3f801200
401abb00
3f801200
401ad500
3f801200
401ad500
3f801200
401ad500
3f801200
401ad500
3f801200
401aef00
3f801200
401aef00
3f801200
401aef00
3f801200
401aef00
3f801200
401b0900
3f801200
401b0900
3f801200
401b0900
3f801200
401b0900
3f801200
401b2300
3f801200
401b2300
3f801200
401b2300
3f801200
401b2300
3f801200
401b3d00
3f801200
401b3d00
3f801200
401b3d00
3f801200
401b3d00
3f801200
401b3d00
3f801200
401b5700
3f801200
401b5700
3f801200
401b5700
3f801200
401b5700
3f801200
401b7100
3f801200
401b7100
3f801200
401b7100
3f801200
401b7100
3f801200
401b8b00
3f801200
401b8b00
3f801200
401b8b00
3f801200
401b8b00
3f801200
401ba500
3f801200
401ba500
3f801200
401ba500
3f801200
401ba500
3f801200
401bbf00
3f801200
401bbf00
3f801200
401bbf00
3f801200
401bbf00
3f801200
401bd900
3f801200
401bd900
3f801200
401bd900
3f801200
401bd900
3f801200
401bf300
3f801200
401bf300
3f801200
401bf300
3f801200
401bf300
3f801200
401c0d00
3f801200
401c0d00
3f801200
401c0d00
3f801200
401c0d00
3f801200
401c2700
3f801200
401c2700
3f801200
401c2700
3f801200
401c2700
3f801200
401c2700
3f801200
401c4100
3f801200
401c4100
3f801200
401c4100
3f801200
401c4100
3f801200
401c5b00
3f801200
401c5b00
3f801200
401c5b00
3f801200
401c5b00
3f801200
401c7500
3f801200
401c7500
3f801200
401c7500
3f801200
401c7500
3f801200
401c8f00
3f801200
401c8f00
3f801200
401c8f00
3f801200
401c8f00
3f801200
401ca900
3f801200
401ca900
3f801200
401ca900
3f801200
401ca900
3f801200
401cc300
3f801200
401cc300
3f801200
401cc300
3f801200
401cc300
3f801200
401cdd00
3f801200
401cdd00
3f801200
401cdd00
3f801200
401cdd00
3f801200
401cf700
3f801200
401cf700
3f801200
401cf700
3f801200
401cf700
3f801200
401d1100
3f801200
401d1100
3f801200
401d1100
3f801200
401d1100
3f801200
401d2b00
3f801200
401d2b00
3f801200
401d2b00
3f801200
401d2b00
3f801200
401d2b00
3f801200
401d4500
3f801200
401d4500
3f801200
401d4500
3f801200
401d4500
3f801200
401d5f00
3f801200
401d5f00
3f801200
401d5f00
3f801200
401d5f00
3f801200
401d7900
3f801200
401d7900
3f801200
401d7900
3f801200
401d7900
3f801200
401d9300
3f801200
401d9300
3f801200
401d9300
3f801200
401d9300
3f801200
401dad00
3f801200
401dad00
3f801200
401dad00
3f801200
401dad00
3f801200
401dc700
3f801200
401dc700
3f801200
401dc700
3f801200
401dc700
3f801200
401de100
3f801200
401de100
3f801200
401de100
3f801200
401de100
3f801200
401dfb00
3f801200
401dfb00
3f801200
401dfb00
3f801200
401dfb00
3f801200
401e1500
3f801200
401e1500
3f801200
401e1500
3f801200
401e1500
3f801200
401e1500
3f801200
401e2f00
3f801200
401e2f00
3f801200
401e2f00
3f801200
401e2f00
3f801200
401e4900
3f801200
401e4900
3f801200
401e4900
3f801200
401e4900
3f801200
401e6300
3f801200
401e6300
3f801200
401e6300
3f801200
401e6300
3f801200
401e7d00
3f801200
401e7d00
3f801200
401e7d00
3f801200
401e7d00
3f801200
401e9700
3f801200
401e9700
3f801200
401e9700
3f801200
401e9700
3f801200
401eb100
3f801200
401eb100
3f801200
401eb100
3f801200
401eb100
3f801200
401ecb00
3f801200
401ecb00
3f801200
401ecb00
3f801200
401ecb00
3f801200
401ee500
3f801200
401ee500
3f801200
401ee500
3f801200
401ee500
3f801200
401eff00
3f801200
401eff00
3f801200
401eff00
3f801200
401eff00
3f801200
401eff00
3f801200
401f1900
3f801200
401f1900
3f801200
401f1900
3f801200
401f1900
3f801200
401f3300
3f801200
401f3300
3f801200
401f3300
3f801200
401f3300
3f801200
401f4d00
3f801200
401f4d00
3f801200
401f4d00
3f801200
401f4d00
3f801200
401f6700
3f801200
401f6700
3f801200
401f6700
3f801200
401f6700
3f801200
401f8100
3f801200
401f8100
3f801200
401f8100
3f801200
401f8100
3f801200
401f9b00
3f801200
401f9b00
3f801200
401f9b00
3f801200
401f9b00
3f801200
401fb500
3f801200
401fb500
3f801200
401fb500
3f801200
401fb500
3f801200
401fcf00
3f801200
401fcf00
3f801200
401fcf00
3f801200
401fcf00
3f801200
401fe900
3f801200
401fe900
3f801200
401fe900
3f801200
401fe900
3f801200
401fe900
3f801200
40200300
3f801200
40200300
3f801200
40200300
3f801200
40200300
3f801200
40201d00
3f801200
40201d00
3f801200
40201d00
3f801200
40201d00
3f801200
40203700
3f801200
40203700
3f801200
40203700
3f801200
40203700
3f801200
40205100
3f801200
40205100
3f801200
40205100
3f801200
40205100
3f801200
40206b00
3f801200
40206b00
3f801200
40206b00
3f801200
40206b00
3f801200
40208500
3f801200
40208500
3f801200
40208500
3f801200
40208500
3f801200
40209f00
3f801200
40209f00
3f801200
40209f00
3f801200
40209f00
3f801200
4020b900
3f801200
4020b900
3f801200
4020b900
3f801200
4020b900
3f801200
4020d300
3f801200
4020d300
3f801200
4020d300
3f801200
4020d300
3f801200
4020ed00
3f801200
4020ed00
3f801200
4020ed00
3f801200
4020ed00
3f801200
4020ed00
3f801200
40210700
3f801200
40210700
3f801200
40210700
3f801200
40210700
3f801200
40212100
3f801200
40212100
3f801200
40212100
3f801200
40212100
3f801200
40213b00
3f801200
40213b00
3f801200
40213b00
3f801200
40213b00
3f801200
40215500
3f801200
40215500
3f801200
40215500
3f801200
40215500
3f801200
40216f00
3f801200
40216f00
3f801200
40216f00
3f801200
40216f00
3f801200
40218900
3f801200
40218900
3f801200
40218900
3f801200
40218900
3f801200
4021a300
3f801200
4021a300
3f801200
4021a300
3f801200
4021a300
3f801200
4021bd00
3f801200
4021bd00
3f801200
4021bd00
3f801200
4021bd00
3f801200
4021d700
3f801200
4021d700
3f801200
4021d700
3f801200
4021d700
3f801200
4021d700
3f801200
4021f100
3f801200
4021f100
3f801200
4021f100
3f801200
4021f100
3f801200
40220b00
3f801200
40220b00
3f801200
40220b00
3f801200
40220b00
3f801200
40222500
3f801200
40222500
3f801200
40222500
3f801200
40222500
3f801200
40223f00
3f801200
40223f00
3f801200
40223f00
3f801200
40223f00
3f801200
40225900
3f801200
40225900
3f801200
40225900
3f801200
40225900
3f801200
40227300
3f801200
40227300
3f801200
40227300
3f801200
40227300
3f801200
40228d00
3f801200
40228d00
3f801200
40228d00
3f801200
40228d00
3f801200
4022a700
3f801200
4022a700
3f801200
4022a700
3f801200
4022a700
3f801200
4022c100
3f801200
4022c100
3f801200
4022c100
3f801200
4022c100
3f801200
4022c100
3f801200
4022db00
3f801200
4022db00
3f801200
4022db00
3f801200
4022db00
3f801200
4022f500
3f801200
4022f500
3f801200
4022f500
3f801200
4022f500
3f801200
40230f00
3f801200
40230f00
3f801200
40230f00
3f801200
40230f00
3f801200
40232900
3f801200
40232900
3f801200
40232900
3f801200
40232900
3f801200
40234300
3f801200
40234300
3f801200
40234300
3f801200
40234300
3f801200
40235d00
3f801200
40235d00
3f801200
40235d00
3f801200
40235d00
3f801200
40237700
3f801200
40237700
3f801200
40237700
3f801200
40237700
3f801200
40239100
3f801200
40239100
3f801200
40239100
3f801200
40239100
3f801200
4023ab00
3f801200
4023ab00
3f801200
4023ab00
3f801200
4023ab00
3f801200
4023ab00
3f801200
4023c500
3f801200
4023c500
3f801200
4023c500
3f801200
4023c500
3f801200
4023df00
3f801200
4023df00
3f801200
4023df00
3f801200
4023df00
3f801200
4023f900
3f801200
4023f900
3f801200
4023f900
3f801200
4023f900
3f801200
40241300
3f801200
40241300
3f801200
40241300
3f801200
40241300
3f801200
40242d00
3f801200
40242d00
3f801200
40242d00
3f801200
40242d00
3f801200
40244700
3f801200
40244700
3f801200
40244700
3f801200
40244700
3f801200
40246100
3f801200
40246100
3f801200
40246100
3f801200
40246100
3f801200
40247b00
3f801200
40247b00
3f801200
40247b00
3f801200
40247b00
3f801200
40249500
3f801200
40249500
3f801200
40249500
3f801200
40249500
3f801200
4024af00
3f801200
4024af00
3f801200
4024af00
3f801200
4024af00
3f801200
4024af00
3f801200
4024c900
3f801200
4024c900
3f801200
4024c900
3f801200
4024c900
3f801200
4024e300
3f801200
4024e300
3f801200
4024e300
3f801200
4024e300
3f801200
4024fd00
3f801200
4024fd00
3f801200
4024fd00
3f801200
4024fd00
3f801200
40251700
3f801200
40251700
3f801200
40251700
3f801200
40251700
3f801200
40253100
3f801200
40253100
3f801200
40253100
3f801200
40253100
3f801200
40254b00
3f801200
40254b00
3f801200
40254b00
3f801200
40254b00
3f801200
40256500
3f801200
40256500
3f801200
40256500
3f801200
40256500
3f801200
40257f00
3f801200
40257f00
3f801200
40257f00
3f801200
40257f00
3f801200
40259900
3f801200
40259900
3f801200
40259900
3f801200
40259900
3f801200
40259900
3f801200
4025b300
3f801200
4025b300
3f801200
4025b300
3f801200
4025b300
3f801200
4025cd00
3f801200
4025cd00
3f801200
4025cd00
3f801200
4025cd00
3f801200
4025e700
3f801200
4025e700
3f801200
4025e700
3f801200
4025e700
3f801200
40260100
3f801200
40260100
3f801200
40260100
3f801200
40260100
3f801200
40261b00
3f801200
40261b00
3f801200
40261b00
3f801200
40261b00
3f801200
40263500
3f801200
40263500
3f801200
40263500
3f801200
40263500
3f801200
40264f00
3f801200
40264f00
3f801200
40264f00
3f801200
40264f00
3f801200
40266900
3f801200
40266900
3f801200
40266900
3f801200
40266900
3f801200
40268300
3f801200
40268300
3f801200
40268300
3f801200
40268300
3f801200
40268300
3f801200
40269d00
3f801200
40269d00
3f801200
40269d00
3f801200
40269d00
3f801200
4026b700
3f801200
4026b700
3f801200
4026b700
3f801200
4026b700
3f801200
4026d100
3f801200
4026d100
3f801200
4026d100
3f801200
4026d100
3f801200
4026eb00
3f801200
4026eb00
3f801200
4026eb00
3f801200
4026eb00
3f801200
40270500
3f801200
40270500
3f801200
40270500
3f801200
40270500
3f801200
40271f00
3f801200
40271f00
3f801200
40271f00
3f801200
40271f00
3f801200
40273900
3f801200
40273900
3f801200
40273900
3f801200
40273900
3f801200
40275300
3f801200
40275300
3f801200
40275300
3f801200
40275300
3f801200
40276d00
3f801200
40276d00
3f801200
40276d00
3f801200
40276d00
3f801200
40276d00
3f801200
40278700
3f801200
40278700
3f801200
40278700
3f801200
40278700
3f801200
4027a100
3f801200
4027a100
3f801200
4027a100
3f801200
4027a100
3f801200
4027bb00
3f801200
4027bb00
3f801200
4027bb00
3f801200
4027bb00
3f801200
4027d500
3f801200
4027d500
3f801200
4027d500
3f801200
4027d500
3f801200
4027ef00
3f801200
4027ef00
3f801200
4027ef00
3f801200
4027ef00
3f801200
40280900
3f801200
40280900
3f801200
40280900
3f801200
40280900
3f801200
40282300
3f801200
40282300
3f801200
40282300
3f801200
40282300
3f801200
40283d00
3f801200
40283d00
3f801200
40283d00
3f801200
40283d00
3f801200
40285700
3f801200
40285700
3f801200
40285700
3f801200
40285700
3f801200
40285700
3f801200
40287100
3f801200
40287100
3f801200
40287100
3f801200
40287100
3f801200
40288b00
3f801200
40288b00
3f801200
40288b00
3f801200
40288b00
3f801200
4028a500
3f801200
4028a500
3f801200
4028a500
3f801200
4028a500
3f801200
4028bf00
3f801200
4028bf00
3f801200
4028bf00
3f801200
4028bf00
3f801200
4028d900
3f801200
4028d900
3f801200
4028d900
3f801200
4028d900
3f801200
4028f300
3f801200
4028f300
3f801200
4028f300
3f801200
4028f300
3f801200
40290d00
3f801200
40290d00
3f801200
40290d00
3f801200
40290d00
3f801200
40292700
3f801200
40292700
3f801200
40292700
3f801200
40292700
3f801200
40294100
3f801200
40294100
3f801200
40294100
3f801200
40294100
3f801200
40295b00
3f801200
40295b00
3f801200
40295b00
3f801200
40295b00
3f801200
40295b00
3f801200
40297500
3f801200
40297500
3f801200
40297500
3f801200
40297500
3f801200
40298f00
3f801200
40298f00
3f801200
40298f00
3f801200
40298f00
3f801200
4029a900
3f801200
4029a900
3f801200
4029a900
3f801200
4029a900
3f801200
4029c300
3f801200
4029c300
3f801200
4029c300
3f801200
4029c300
3f801200
4029dd00
3f801200
4029dd00
3f801200
4029dd00
3f801200
4029dd00
3f801200
4029f700
3f801200
4029f700
3f801200
4029f700
3f801200
4029f700
3f801200
402a1100
3f801200
402a1100
3f801200
402a1100
3f801200
402a1100
3f801200
402a2b00
3f801200
402a2b00
3f801200
402a2b00
3f801200
402a2b00
3f801200
402a4500
3f801200
402a4500
3f801200
402a4500
3f801200
402a4500
3f801200
402a4500
3f801200
402a5f00
3f801200
402a5f00
3f801200
402a5f00
3f801200
402a5f00
3f801200
402a7900
3f801200
402a7900
3f801200
402a7900
3f801200
402a7900
3f801200
402a9300
3f801200
402a9300
3f801200
402a9300
3f801200
402a9300
3f801200
402aad00
3f801200
402aad00
3f801200
402aad00
3f801200
402aad00
3f801200
402ac700
3f801200
402ac700
3f801200
402ac700
3f801200
402ac700
3f801200
402ae100
3f801200
402ae100
3f801200
402ae100
3f801200
402ae100
3f801200
402afb00
3f801200
402afb00
3f801200
402afb00
3f801200
402afb00
3f801200
402b1500
3f801200
402b1500
3f801200
402b1500
3f801200
402b1500
3f801200
402b2f00
3f801200
402b2f00
3f801200
402b2f00
3f801200
402b2f00
3f801200
402b2f00
3f801200
402b4900
3f801200
402b4900
3f801200
402b4900
3f801200
402b4900
3f801200
402b6300
3f801200
402b6300
3f801200
402b6300
3f801200
402b6300
3f801200
402b7d00
3f801200
402b7d00
3f801200
402b7d00
3f801200
402b7d00
3f801200
402b9700
3f801200
402b9700
3f801200
402b9700
3f801200
402b9700
3f801200
402bb100
3f801200
402bb100
3f801200
402bb100
3f801200
402bb100
3f801200
402bcb00
3f801200
402bcb00
3f801200
402bcb00
3f801200
402bcb00
3f801200
402be500
3f801200
402be500
3f801200
402be500
3f801200
402be500
3f801200
402bff00
3f801200
402bff00
3f801200
402bff00
3f801200
402bff00
3f801200
402c1900
3f801200
402c1900
3f801200
402c1900
3f801200
402c1900
3f801200
402c1900
3f801200
402c3300
3f801200
402c3300
3f801200
402c3300
3f801200
402c3300
3f801200
402c4d00
3f801200
402c4d00
3f801200
402c4d00
3f801200
402c4d00
3f801200
402c6700
3f801200
402c6700
3f801200
402c6700
3f801200
402c6700
3f801200
402c8100
3f801200
402c8100
3f801200
402c8100
3f801200
402c8100
3f801200
402c9b00
3f801200
402c9b00
3f801200
402c9b00
3f801200
402c9b00
3f801200
402cb500
3f801200
402cb500
3f801200
402cb500
3f801200
402cb500
3f801200
402ccf00
3f801200
402ccf00
3f801200
402ccf00
3f801200
402ccf00
3f801200
402ce900
3f801200
402ce900
3f801200
402ce900
3f801200
402ce900
3f801200
402d0300
3f801200
402d0300
3f801200
402d0300
3f801200
402d0300
3f801200
402d1d00
3f801200
402d1d00
3f801200
402d1d00
3f801200
402d1d00
3f801200
402d1d00
3f801200
402d3700
3f801200
402d3700
3f801200
402d3700
3f801200
402d3700
3f801200
402d5100
3f801200
402d5100
3f801200
402d5100
3f801200
402d5100
3f801200
402d6b00
3f801200
402d6b00
3f801200
402d6b00
3f801200
402d6b00
3f801200
402d8500
3f801200
402d8500
3f801200
402d8500
3f801200
402d8500
3f801200
402d9f00
3f801200
402d9f00
3f801200
402d9f00
3f801200
402d9f00
3f801200
402db900
3f801200
402db900
3f801200
402db900
3f801200
402db900
3f801200
402dd300
3f801200
402dd300
3f801200
402dd300
3f801200
402dd300
3f801200
402ded00
3f801200
402ded00
3f801200
402ded00
3f801200
402ded00
3f801200
402e0700
3f801200
402e0700
3f801200
402e0700
3f801200
402e0700
3f801200
402e0700
3f801200
402e2100
3f801200
402e2100
3f801200
402e2100
3f801200
402e2100
3f801200
402e3b00
3f801200
402e3b00
3f801200
402e3b00
3f801200
402e3b00
3f801200
402e5500
3f801200
402e5500
3f801200
402e5500
3f801200
402e5500
3f801200
402e6f00
3f801200
402e6f00
3f801200
402e6f00
3f801200
402e6f00
3f801200
402e8900
3f801200
402e8900
3f801200
402e8900
3f801200
402e8900
3f801200
402ea300
3f801200
402ea300
3f801200
402ea300
3f801200
402ea300
3f801200
402ebd00
3f801200
402ebd00
3f801200
402ebd00
3f801200
402ebd00
3f801200
402ed700
3f801200
402ed700
3f801200
402ed700
3f801200
402ed700
3f801200
402ef100
3f801200
402ef100
3f801200
402ef100
3f801200
402ef100
3f801200
402ef100
3f801200
402f0b00
3f801200
402f0b00
3f801200
402f0b00
3f801200
402f0b00
3f801200
402f2500
3f801200
402f2500
3f801200
402f2500
3f801200
402f2500
3f801200
402f3f00
3f801200
402f3f00
3f801200
402f3f00
3f801200
402f3f00
3f801200
402f5900
3f801200
402f5900
3f801200
402f5900
3f801200
402f5900
3f801200
402f7300
3f801200
402f7300
3f801200
402f7300
3f801200
402f7300
3f801200
402f8d00
3f801200
402f8d00
3f801200
402f8d00
3f801200
402f8d00
3f801200
402fa700
3f801200
402fa700
3f801200
402fa700
3f801200
402fa700
3f801200
402fc100
3f801200
402fc100
3f801200
402fc100
3f801200
402fc100
3f801200
402fdb00
3f801200
402fdb00
3f801200
402fdb00
3f801200
402fdb00
3f801200
402fdb00
3f801200
402ff500
3f801200
402ff500
3f801200
402ff500
3f801200
402ff500
3f801200
40300f00
3f801200
40300f00
3f801200
40300f00
3f801200
40300f00
3f801200
40302900
3f801200
40302900
3f801200
40302900
3f801200
40302900
3f801200
40304300
3f801200
40304300
3f801200
40304300
3f801200
40304300
3f801200
40305d00
3f801200
40305d00
3f801200
40305d00
3f801200
40305d00
3f801200
40307700
3f801200
40307700
3f801200
40307700
3f801200
40307700
3f801200
40309100
3f801200
40309100
3f801200
40309100
3f801200
40309100
3f801200
4030ab00
3f801200
4030ab00
3f801200
4030ab00
3f801200
4030ab00
3f801200
4030c500
3f801200
4030c500
3f801200
4030c500
3f801200
4030c500
3f801200
4030df00
3f801200
4030df00
3f801200
4030df00
3f801200
4030df00
3f801200
4030df00
3f801200
4030f900
3f801200
4030f900
3f801200
4030f900
3f801200
4030f900
3f801200
40311300
3f801200
40311300
3f801200
40311300
3f801200
40311300
3f801200
40312d00
3f801200
40312d00
3f801200
40312d00
3f801200
40312d00
3f801200
40314700
3f801200
40314700
3f801200
40314700
3f801200
40314700
3f801200
40316100
3f801200
40316100
3f801200
40316100
3f801200
40316100
3f801200
40317b00
3f801200
40317b00
3f801200
40317b00
3f801200
40317b00
3f801200
40319500
3f801200
40319500
3f801200
40319500
3f801200
40319500
3f801200
4031af00
3f801200
4031af00
3f801200
4031af00
3f801200
4031af00
3f801200
4031c900
3f801200
4031c900
3f801200
4031c900
3f801200
4031c900
3f801200
4031c900
3f801200
4031e300
3f801200
4031e300
3f801200
4031e300
3f801200
4031e300
3f801200
4031fd00
3f801200
4031fd00
3f801200
4031fd00
3f801200
4031fd00
3f801200
40321700
3f801200
40321700
3f801200
40321700
3f801200
40321700
3f801200
40323100
3f801200
40323100
3f801200
40323100
3f801200
40323100
3f801200
40324b00
3f801200
40324b00
3f801200
40324b00
3f801200
40324b00
3f801200
40326500
3f801200
40326500
3f801200
40326500
3f801200
40326500
3f801200
40327f00
3f801200
40327f00
3f801200
40327f00
3f801200
40327f00
3f801200
40329900
3f801200
40329900
3f801200
40329900
3f801200
40329900
3f801200
4032b300
3f801200
4032b300
3f801200
4032b300
3f801200
4032b300
3f801200
4032b300
3f801200
4032cd00
3f801200
4032cd00
3f801200
4032cd00
3f801200
4032cd00
3f801200
4032e700
3f801200
4032e700
3f801200
4032e700
3f801200
4032e700
3f801200
40330100
3f801200
40330100
3f801200
40330100
3f801200
40330100
3f801200
40331b00
3f801200
40331b00
3f801200
40331b00
3f801200
40331b00
3f801200
40333500
3f801200
40333500
3f801200
40333500
3f801200
40333500
3f801200
40334f00
3f801200
40334f00
3f801200
40334f00
3f801200
40334f00
3f801200
40336900
3f801200
40336900
3f801200
40336900
3f801200
40336900
3f801200
40338300
3f801200
40338300
3f801200
40338300
3f801200
40338300
3f801200
40339d00
3f801200
40339d00
3f801200
40339d00
3f801200
40339d00
3f801200
40339d00
3f801200
4033b700
3f801200
4033b700
3f801200
4033b700
3f801200
4033b700
3f801200
4033d100
3f801200
4033d100
3f801200
4033d100
3f801200
4033d100
3f801200
4033eb00
3f801200
4033eb00
3f801200
4033eb00
3f801200
4033eb00
3f801200
40340500
3f801200
40340500
3f801200
40340500
3f801200
40340500
3f801200
40341f00
3f801200
40341f00
3f801200
40341f00
3f801200
40341f00
3f801200
40343900
3f801200
40343900
3f801200
40343900
3f801200
40343900
3f801200
40345300
3f801200
40345300
3f801200
40345300
3f801200
40345300
3f801200
40346d00
3f801200
40346d00
3f801200
40346d00
3f801200
40346d00
3f801200
40348700
3f801200
40348700
3f801200
40348700
3f801200
40348700
3f801200
40348700
3f801200
4034a100
3f801200
4034a100
3f801200
4034a100
3f801200
4034a100
3f801200
4034bb00
3f801200
4034bb00
3f801200
4034bb00
3f801200
4034bb00
3f801200
4034d500
3f801200
4034d500
3f801200
4034d500
3f801200
4034d500
3f801200
4034ef00
3f801200
4034ef00
3f801200
4034ef00
3f801200
4034ef00
3f801200
40350900
3f801200
40350900
3f801200
40350900
3f801200
40350900
3f801200
40352300
3f801200
40352300
3f801200
40352300
3f801200
40352300
3f801200
40353d00
3f801200
40353d00
3f801200
40353d00
3f801200
40353d00
3f801200
40355700
3f801200
40355700
3f801200
40355700
3f801200
40355700
3f801200
40357100
3f801200
40357100
3f801200
40357100
3f801200
40357100
3f801200
40358b00
3f801200
40358b00
3f801200
40358b00
3f801200
40358b00
3f801200
40358b00
3f801200
4035a500
3f801200
4035a500
3f801200
4035a500
3f801200
4035a500
3f801200
4035bf00
3f801200
4035bf00
3f801200
4035bf00
3f801200
4035bf00
3f801200
4035d900
3f801200
4035d900
3f801200
4035d900
3f801200
4035d900
3f801200
4035f300
3f801200
4035f300
3f801200
4035f300
3f801200
4035f300
3f801200
40360d00
3f801200
40360d00
3f801200
40360d00
3f801200
40360d00
3f801200
40362700
3f801200
40362700
3f801200
40362700
3f801200
40362700
3f801200
40364100
3f801200
40364100
3f801200
40364100
3f801200
40364100
3f801200
40365b00
3f801200
40365b00
3f801200
40365b00
3f801200
40365b00
3f801200
40367500
3f801200
40367500
3f801200
40367500
3f801200
40367500
3f801200
40367500
3f801200
40368f00
3f801200
40368f00
3f801200
40368f00
3f801200
40368f00
3f801200
4036a900
3f801200
4036a900
3f801200
4036a900
3f801200
4036a900
3f801200
4036c300
3f801200
4036c300
3f801200
4036c300
3f801200
4036c300
3f801200
4036dd00
3f801200
4036dd00
3f801200
4036dd00
3f801200
4036dd00
3f801200
4036f700
3f801200
4036f700
3f801200
4036f700
3f801200
4036f700
3f801200
40371100
3f801200
40371100
3f801200
40371100
3f801200
40371100
3f801200
40372b00
3f801200
40372b00
3f801200
40372b00
3f801200
40372b00
3f801200
40374500
3f801200
40374500
3f801200
40374500
3f801200
40374500
3f801200
40375f00
3f801200
40375f00
3f801200
40375f00
3f801200
40375f00
3f801200
40375f00
3f801200
40377900
3f801200
40377900
3f801200
40377900
3f801200
40377900
3f801200
40379300
3f801200
40379300
3f801200
40379300
3f801200
40379300
3f801200
4037ad00
3f801200
4037ad00
3f801200
4037ad00
3f801200
4037ad00
3f801200
4037c700
3f801200
4037c700
3f801200
4037c700
3f801200
4037c700
3f801200
4037e100
3f801200
4037e100
3f801200
4037e100
3f801200
4037e100
3f801200
4037fb00
3f801200
4037fb00
3f801200
4037fb00
3f801200
4037fb00
3f801200
40381500
3f801200
40381500
3f801200
40381500
3f801200
40381500
3f801200
40382f00
3f801200
40382f00
3f801200
40382f00
3f801200
40382f00
3f801200
40384900
3f801200
40384900
3f801200
40384900
3f801200
40384900
3f801200
40384900
3f801200
40386300
3f801200
40386300
3f801200
40386300
3f801200
40386300
3f801200
40387d00
3f801200
40387d00
3f801200
40387d00
3f801200
40387d00
3f801200
40389700
3f801200
40389700
3f801200
40389700
3f801200
40389700
3f801200
4038b100
3f801200
4038b100
3f801200
4038b100
3f801200
4038b100
3f801200
4038cb00
3f801200
4038cb00
3f801200
4038cb00
3f801200
4038cb00
3f801200
4038e500
3f801200
4038e500
3f801200
4038e500
3f801200
4038e500
3f801200
4038ff00
3f801200
4038ff00
3f801200
4038ff00
3f801200
4038ff00
3f801200
40391900
3f801200
40391900
3f801200
40391900
3f801200
40391900
3f801200
40393300
3f801200
40393300
3f801200
40393300
3f801200
40393300
3f801200
40394d00
3f801200
40394d00
3f801200
40394d00
3f801200
40394d00
3f801200
40394d00
3f801200
40396700
3f801200
40396700
3f801200
40396700
3f801200
40396700
3f801200
40398100
3f801200
40398100
3f801200
40398100
3f801200
40398100
3f801200
40399b00
3f801200
40399b00
3f801200
40399b00
3f801200
40399b00
3f801200
4039b500
3f801200
4039b500
3f801200
4039b500
3f801200
4039b500
3f801200
4039cf00
3f801200
4039cf00
3f801200
4039cf00
3f801200
4039cf00
3f801200
4039e900
3f801200
4039e900
3f801200
4039e900
3f801200
4039e900
3f801200
403a0300
3f801200
403a0300
3f801200
403a0300
3f801200
403a0300
3f801200
403a1d00
3f801200
403a1d00
3f801200
403a1d00
3f801200
403a1d00
3f801200
403a3700
3f801200
403a3700
3f801200
403a3700
3f801200
403a3700
3f801200
403a3700
3f801200
403a5100
3f801200
403a5100
3f801200
403a5100
3f801200
403a5100
3f801200
403a6b00
3f801200
403a6b00
3f801200
403a6b00
3f801200
403a6b00
3f801200
403a8500
3f801200
403a8500
3f801200
403a8500
3f801200
403a8500
3f801200
403a9f00
3f801200
403a9f00
3f801200
403a9f00
3f801200
403a9f00
3f801200
403ab900
3f801200
403ab900
3f801200
403ab900
3f801200
403ab900
3f801200
403ad300
3f801200
403ad300
3f801200
403ad300
3f801200
403ad300
3f801200
403aed00
3f801200
403aed00
3f801200
403aed00
3f801200
403aed00
3f801200
403b0700
3f801200
403b0700
3f801200
403b0700
3f801200
403b0700
3f801200
403b2100
3f801200
403b2100
3f801200
403b2100
3f801200
403b2100
3f801200
403b2100
3f801200
403b3b00
3f801200
403b3b00
3f801200
403b3b00
3f801200
403b3b00
3f801200
403b5500
3f801200
403b5500
3f801200
403b5500
3f801200
403b5500
3f801200
403b6f00
3f801200
403b6f00
3f801200
403b6f00
3f801200
403b6f00
3f801200
403b8900
3f801200
403b8900
3f801200
403b8900
3f801200
403b8900
3f801200
403ba300
3f801200
403ba300
3f801200
403ba300
3f801200
403ba300
3f801200
403bbd00
3f801200
403bbd00
3f801200
403bbd00
3f801200
403bbd00
3f801200
403bd700
3f801200
403bd700
3f801200
403bd700
3f801200
403bd700
3f801200
403bf100
3f801200
403bf100
3f801200
403bf100
3f801200
403bf100
3f801200
403c0b00
3f801200
403c0b00
3f801200
403c0b00
3f801200
403c0b00
3f801200
403c0b00
3f801200
403c2500
3f801200
403c2500
3f801200
403c2500
3f801200
403c2500
3f801200
403c3f00
3f801200
403c3f00
3f801200
403c3f00
3f801200
403c3f00
3f801200
403c5900
3f801200
403c5900
3f801200
403c5900
3f801200
403c5900
3f801200
403c7300
3f801200
403c7300
3f801200
403c7300
3f801200
403c7300
3f801200
403c8d00
3f801200
403c8d00
3f801200
403c8d00
3f801200
403c8d00
3f801200
403ca700
3f801200
403ca700
3f801200
403ca700
3f801200
403ca700
3f801200
403cc100
3f801200
403cc100
3f801200
403cc100
3f801200
403cc100
3f801200
403cdb00
3f801200
403cdb00
3f801200
403cdb00
3f801200
403cdb00
3f801200
403cf500
3f801200
403cf500
3f801200
403cf500
3f801200
403cf500
3f801200
403d0f00
3f801200
403d0f00
3f801200
403d0f00
3f801200
403d0f00
3f801200
403d0f00
3f801200
403d2900
3f801200
403d2900
3f801200
403d2900
3f801200
403d2900
3f801200
403d4300
3f801200
403d4300
3f801200
403d4300
3f801200
403d4300
3f801200
403d5d00
3f801200
403d5d00
3f801200
403d5d00
3f801200
403d5d00
3f801200
403d7700
3f801200
403d7700
3f801200
403d7700
3f801200
403d7700
3f801200
403d9100
3f801200
403d9100
3f801200
403d9100
3f801200
403d9100
3f801200
403dab00
3f801200
403dab00
3f801200
403dab00
3f801200
403dab00
3f801200
403dc500
3f801200
403dc500
3f801200
403dc500
3f801200
403dc500
3f801200
403ddf00
3f801200
403ddf00
3f801200
403ddf00
3f801200
403ddf00
3f801200
403df900
3f801200
403df900
3f801200
403df900
3f801200
403df900
3f801200
403df900
3f801200
403e1300
3f801200
403e1300
3f801200
403e1300
3f801200
403e1300
3f801200
403e2d00
3f801200
403e2d00
3f801200
403e2d00
3f801200
403e2d00
3f801200
403e4700
3f801200
403e4700
3f801200
403e4700
3f801200
403e4700
3f801200
403e6100
3f801200
403e6100
3f801200
403e6100
3f801200
403e6100
3f801200
403e7b00
3f801200
403e7b00
3f801200
403e7b00
3f801200
403e7b00
3f801200
403e9500
3f801200
403e9500
3f801200
403e9500
3f801200
403e9500
3f801200
403eaf00
3f801200
403eaf00
3f801200
403eaf00
3f801200
403eaf00
3f801200
403ec900
3f801200
403ec900
3f801200
403ec900
3f801200
403ec900
3f801200
403ee300
3f801200
403ee300
3f801200
403ee300
3f801200
403ee300
3f801200
403ee300
3f801200
403efd00
3f801200
403efd00
3f801200
403efd00
3f801200
403efd00
3f801200
403f1700
3f801200
403f1700
3f801200
403f1700
3f801200
403f1700
3f801200
403f3100
3f801200
403f3100
3f801200
403f3100
3f801200
403f3100
3f801200
403f4b00
3f801200
403f4b00
3f801200
403f4b00
3f801200
403f4b00
3f801200
403f6500
3f801200
403f6500
3f801200
403f6500
3f801200
403f6500
3f801200
403f7f00
3f801200
403f7f00
3f801200
403f7f00
3f801200
403f7f00
3f801200
403f9900
3f801200
403f9900
3f801200
403f9900
3f801200
403f9900
3f801200
403fb300
3f801200
403fb300
3f801200
403fb300
3f801200
403fb300
3f801200
403fcd00
3f801200
403fcd00
3f801200
403fcd00
3f801200
403fcd00
3f801200
403fcd00
3f801200
403fe700
3f801200
403fe700
3f801200
403fe700
3f801200
403fe700
3f801200
40400100
3f801200
40400100
3f801200
40400100
3f801200
40400100
3f801200
40401b00
3f801200
40401b00
3f801200
40401b00
3f801200
40401b00
3f801200
40403500
3f801200
40403500
3f801200
40403500
3f801200
40403500
3f801200
40404f00
3f801200
40404f00
3f801200
40404f00
3f801200
40404f00
3f801200
40406900
3f801200
40406900
3f801200
40406900
3f801200
40406900
3f801200
40408300
3f801200
40408300
3f801200
40408300
3f801200
40408300
3f801200
40409d00
3f801200
40409d00
3f801200
40409d00
3f801200
40409d00
3f801200
4040b700
3f801200
4040b700
3f801200
4040b700
3f801200
4040b700
3f801200
4040b700
3f801200
4040d100
3f801200
4040d100
3f801200
4040d100
3f801200
4040d100
3f801200
4040eb00
3f801200
4040eb00
3f801200
4040eb00
3f801200
4040eb00
3f801200
40410500
3f801200
40410500
3f801200
40410500
3f801200
40410500
3f801200
40411f00
3f801200
40411f00
3f801200
40411f00
3f801200
40411f00
3f801200
40413900
3f801200
40413900
3f801200
40413900
3f801200
40413900
3f801200
40415300
3f801200
40415300
3f801200
40415300
3f801200
40415300
3f801200
40416d00
3f801200
40416d00
3f801200
40416d00
3f801200
40416d00
3f801200
40418700
3f801200
40418700
3f801200
40418700
3f801200
40418700
3f801200
4041a100
3f801200
4041a100
3f801200
4041a100
3f801200
4041a100
3f801200
4041bb00
3f801200
4041bb00
3f801200
4041bb00
3f801200
4041bb00
3f801200
4041bb00
3f801200
4041d500
3f801200
4041d500
3f801200
4041d500
3f801200
4041d500
3f801200
4041ef00
3f801200
4041ef00
3f801200
4041ef00
3f801200
4041ef00
3f801200
40420900
3f801200
40420900
3f801200
40420900
3f801200
40420900
3f801200
40422300
3f801200
40422300
3f801200
40422300
3f801200
40422300
3f801200
40423d00
3f801200
40423d00
3f801200
40423d00
3f801200
40423d00
3f801200
40425700
3f801200
40425700
3f801200
40425700
3f801200
40425700
3f801200
40427100
3f801200
40427100
3f801200
40427100
3f801200
40427100
3f801200
40428b00
3f801200
40428b00
3f801200
40428b00
3f801200
40428b00
3f801200
4042a500
3f801200
4042a500
3f801200
4042a500
3f801200
4042a500
3f801200
4042a500
3f801200
4042bf00
3f801200
4042bf00
3f801200
4042bf00
3f801200
4042bf00
3f801200
4042d900
3f801200
4042d900
3f801200
4042d900
3f801200
4042d900
3f801200
4042f300
3f801200
4042f300
3f801200
4042f300
3f801200
4042f300
3f801200
40430f00
3f805200
40430f00
3f805200
40430f00
3f805200
40430f00
3f805200
40432d00
3f805200
40432d00
3f805200
40432d00
3f805200
40432d00
3f805200
40434b00
3f805200
40434b00
3f805200
40434b00
3f805200
40434b00
3f805200
40436900
3f805200
40436900
3f805200
40436900
3f805200
40436900
3f805200
40438700
3f805200
40438700
3f805200
40438700
3f805200
40438700
3f805200
4043a500
3f805200
4043a500
3f805200
4043a500
3f805200
4043a500
3f805200
4043a500
3f805200
4043c300
3f805200
4043c300
3f805200
4043c300
3f805200
4043c300
3f805200
4043e100
3f805200
4043e100
3f805200
4043e100
3f805200
4043e100
3f805200
4043ff00
3f805200
4043ff00
3f805200
4043ff00
3f805200
4043ff00
3f805200
40441d00
3f805200
40441d00
3f805200
40441d00
3f805200
40441d00
3f805200
40443b00
3f805200
40443b00
3f805200
40443b00
3f805200
40443b00
3f805200
40445900
3f805200
40445900
3f805200
40445900
3f805200
40445900
3f805200
40447700
3f805200
40447700
3f805200
40447700
3f805200
40447700
3f805200
40449500
3f805200
40449500
3f805200
40449500
3f805200
40449500
3f805200
4044b300
3f805200
4044b300
3f805200
4044b300
3f805200
4044b300
3f805200
4044b300
3f805200
4044d100
3f805200
4044d100
3f805200
4044d100
3f805200
4044d100
3f805200
4044ef00
3f805200
4044ef00
3f805200
4044ef00
3f805200
4044ef00
3f805200
40450d00
3f805200
40450d00
3f805200
40450d00
3f805200
40450d00
3f805200
40452b00
3f805200
40452b00
3f805200
40452b00
3f805200
40452b00
3f805200
40454900
3f805200
40454900
3f805200
40454900
3f805200
40454900
3f805200
40456700
3f805200
40456700
3f805200
40456700
3f805200
40456700
3f805200
40458500
3f805200
40458500
3f805200
40458500
3f805200
40458500
3f805200
4045a300
3f805200
4045a300
3f805200
4045a300
3f805200
4045a300
3f805200
4045c100
3f805200
4045c100
3f805200
4045c100
3f805200
4045c100
3f805200
4045df00
3f805200
4045df00
3f805200
4045df00
3f805200
4045df00
3f805200
4045df00
3f805200
4045fd00
3f805200
4045fd00
3f805200
4045fd00
3f805200
4045fd00
3f805200
40461b00
3f805200
40461b00
3f805200
40461b00
3f805200
40461b00
3f805200
40463900
3f805200
40463900
3f805200
40463900
3f805200
40463900
3f805200
40465700
3f805200
40465700
3f805200
40465700
3f805200
40465700
3f805200
40467500
3f805200
40467500
3f805200
40467500
3f805200
40467500
3f805200
40469300
3f805200
40469300
3f805200
40469300
3f805200
40469300
3f805200
4046b100
3f805200
4046b100
3f805200
4046b100
3f805200
4046b100
3f805200
4046cf00
3f805200
4046cf00
3f805200
4046cf00
3f805200
4046cf00
3f805200
4046ed00
3f805200
4046ed00
3f805200
4046ed00
3f805200
4046ed00
3f805200
4046ed00
3f805200
40470b00
3f805200
40470b00
3f805200
40470b00
3f805200
40470b00
3f805200
40472900
3f805200
40472900
3f805200
40472900
3f805200
40472900
3f805200
40474700
3f805200
40474700
3f805200
40474700
3f805200
40474700
3f805200
40476500
3f805200
40476500
3f805200
40476500
3f805200
40476500
3f805200
40478300
3f805200
40478300
3f805200
40478300
3f805200
40478300
3f805200
4047a100
3f805200
4047a100
3f805200
4047a100
3f805200
4047a100
3f805200
4047bf00
3f805200
4047bf00
3f805200
4047bf00
3f805200
4047bf00
3f805200
4047dd00
3f805200
4047dd00
3f805200
4047dd00
3f805200
4047dd00
3f805200
4047fb00
3f805200
4047fb00
3f805200
4047fb00
3f805200
4047fb00
3f805200
4047fb00
3f805200
40481900
3f805200
40481900
3f805200
40481900
3f805200
40481900
3f805200
40483700
3f805200
40483700
3f805200
40483700
3f805200
40483700
3f805200
40485500
3f805200
40485500
3f805200
40485500
3f805200
40485500
3f805200
40487300
3f805200
40487300
3f805200
40487300
3f805200
40487300
3f805200
40489100
3f805200
40489100
3f805200
40489100
3f805200
40489100
3f805200
4048af00
3f805200
4048af00
3f805200
4048af00
3f805200
4048af00
3f805200
4048cd00
3f805200
4048cd00
3f805200
4048cd00
3f805200
4048cd00
3f805200
4048eb00
3f805200
4048eb00
3f805200
4048eb00
3f805200
4048eb00
3f805200
40490900
3f805200
40490900
3f805200
40490900
3f805200
40490900
3f805200
40490900
3f805200
40492700
3f805200
40492700
3f805200
40492700
3f805200
40492700
3f805200
40494500
3f805200
40494500
3f805200
40494500
3f805200
40494500
3f805200
40496300
3f805200
40496300
3f805200
40496300
3f805200
40496300
3f805200
40498100
3f805200
40498100
3f805200
40498100
3f805200
40498100
3f805200
40499f00
3f805200
40499f00
3f805200
40499f00
3f805200
40499f00
3f805200
4049bd00
3f805200
4049bd00
3f805200
4049bd00
3f805200
4049bd00
3f805200
4049db00
3f805200
4049db00
3f805200
4049db00
3f805200
4049db00
3f805200
4049f900
3f805200
4049f900
3f805200
4049f900
3f805200
4049f900
3f805200
404a1700
3f805200
404a1700
3f805200
404a1700
3f805200
404a1700
3f805200
404a3500
3f805200
404a3500
3f805200
404a3500
3f805200
404a3500
3f805200
404a3500
3f805200
404a5300
3f805200
404a5300
3f805200
404a5300
3f805200
404a5300
3f805200
404a7100
3f805200
404a7100
3f805200
404a7100
3f805200
404a7100
3f805200
404a8f00
3f805200
404a8f00
3f805200
404a8f00
3f805200
404a8f00
3f805200
404aad00
3f805200
404aad00
3f805200
404aad00
3f805200
404aad00
3f805200
404acb00
3f805200
404acb00
3f805200
404acb00
3f805200
404acb00
3f805200
404ae900
3f805200
404ae900
3f805200
404ae900
3f805200
404ae900
3f805200
404b0700
3f805200
404b0700
3f805200
404b0700
3f805200
404b0700
3f805200
404b2500
3f805200
404b2500
3f805200
404b2500
3f805200
404b2500
3f805200
404b4300
3f805200
404b4300
3f805200
404b4300
3f805200
404b4300
3f805200
404b4300
3f805200
404b6100
3f805200
404b6100
3f805200
404b6100
3f805200
404b6100
3f805200
404b7f00
3f805200
404b7f00
3f805200
404b7f00
3f805200
404b7f00
3f805200
404b9d00
3f805200
404b9d00
3f805200
404b9d00
3f805200
404b9d00
3f805200
404bbb00
3f805200
404bbb00
3f805200
404bbb00
3f805200
404bbb00
3f805200
404bd900
3f805200
404bd900
3f805200
404bd900
3f805200
404bd900
3f805200
404bf700
3f805200
404bf700
3f805200
404bf700
3f805200
404bf700
3f805200
404c1500
3f805200
404c1500
3f805200
404c1500
3f805200
404c1500
3f805200
404c3300
3f805200
404c3300
3f805200
404c3300
3f805200
404c3300
3f805200
404c5100
3f805200
404c5100
3f805200
404c5100
3f805200
404c5100
3f805200
404c5100
3f805200
404c6f00
3f805200
404c6f00
3f805200
404c6f00
3f805200
404c6f00
3f805200
404c8d00
3f805200
404c8d00
3f805200
404c8d00
3f805200
404c8d00
3f805200
404cab00
3f805200
404cab00
3f805200
404cab00
3f805200
404cab00
3f805200
404cc900
3f805200
404cc900
3f805200
404cc900
3f805200
404cc900
3f805200
404ce700
3f805200
404ce700
3f805200
404ce700
3f805200
404ce700
3f805200
404d0500
3f805200
404d0500
3f805200
404d0500
3f805200
404d0500
3f805200
404d2300
3f805200
404d2300
3f805200
404d2300
3f805200
404d2300
3f805200
404d4100
3f805200
404d4100
3f805200
404d4100
3f805200
404d4100
3f805200
404d5f00
3f805200
404d5f00
3f805200
404d5f00
3f805200
404d5f00
3f805200
404d5f00
3f805200
404d7d00
3f805200
404d7d00
3f805200
404d7d00
3f805200
404d7d00
3f805200
404d9b00
3f805200
404d9b00
3f805200
404d9b00
3f805200
404d9b00
3f805200
404db900
3f805200
404db900
3f805200
404db900
3f805200
404db900
3f805200
404dd700
3f805200
404dd700
3f805200
404dd700
3f805200
404dd700
3f805200
404df500
3f805200
404df500
3f805200
404df500
3f805200
404df500
3f805200
404e1300
3f805200
404e1300
3f805200
404e1300
3f805200
404e1300
3f805200
404e3100
3f805200
404e3100
3f805200
404e3100
3f805200
404e3100
3f805200
404e4f00
3f805200
404e4f00
3f805200
404e4f00
3f805200
404e4f00
3f805200
404e6d00
3f805200
404e6d00
3f805200
404e6d00
3f805200
404e6d00
3f805200
404e6d00
3f805200
404e8b00
3f805200
404e8b00
3f805200
404e8b00
3f805200
404e8b00
3f805200
404ea900
3f805200
404ea900
3f805200
404ea900
3f805200
404ea900
3f805200
404ec700
3f805200
404ec700
3f805200
404ec700
3f805200
404ec700
3f805200
404ee500
3f805200
404ee500
3f805200
404ee500
3f805200
404ee500
3f805200
404f0300
3f805200
404f0300
3f805200
404f0300
3f805200
404f0300
3f805200
404f2100
3f805200
404f2100
3f805200
404f2100
3f805200
404f2100
3f805200
404f3f00
3f805200
404f3f00
3f805200
404f3f00
3f805200
404f3f00
3f805200
404f5d00
3f805200
404f5d00
3f805200
404f5d00
3f805200
404f5d00
3f805200
404f7b00
3f805200
404f7b00
3f805200
404f7b00
3f805200
404f7b00
3f805200
404f9900
3f805200
404f9900
3f805200
404f9900
3f805200
404f9900
3f805200
404f9900
3f805200
404fb700
3f805200
404fb700
3f805200
404fb700
3f805200
404fb700
3f805200
404fd500
3f805200
404fd500
3f805200
404fd500
3f805200
404fd500
3f805200
404ff300
3f805200
404ff300
3f805200
404ff300
3f805200
404ff300
3f805200
40501100
3f805200
40501100
3f805200
40501100
3f805200
40501100
3f805200
40502f00
3f805200
40502f00
3f805200
40502f00
3f805200
40502f00
3f805200
40504d00
3f805200
40504d00
3f805200
40504d00
3f805200
40504d00
3f805200
40506b00
3f805200
40506b00
3f805200
40506b00
3f805200
40506b00
3f805200
40508900
3f805200
40508900
3f805200
40508900
3f805200
40508900
3f805200
4050a700
3f805200
4050a700
3f805200
4050a700
3f805200
4050a700
3f805200
4050a700
3f805200
4050c500
3f805200
4050c500
3f805200
4050c500
3f805200
4050c500
3f805200
4050e300
3f805200
4050e300
3f805200
4050e300
3f805200
4050e300
3f805200
40510100
3f805200
40510100
3f805200
40510100
3f805200
40510100
3f805200
40511f00
3f805200
40511f00
3f805200
40511f00
3f805200
40511f00
3f805200
40513d00
3f805200
40513d00
3f805200
40513d00
3f805200
40513d00
3f805200
40515b00
3f805200
40515b00
3f805200
40515b00
3f805200
40515b00
3f805200
40517900
3f805200
40517900
3f805200
40517900
3f805200
40517900
3f805200
40519700
3f805200
40519700
3f805200
40519700
3f805200
40519700
3f805200
4051b500
3f805200
4051b500
3f805200
4051b500
3f805200
4051b500
3f805200
4051b500
3f805200
4051d300
3f805200
4051d300
3f805200
4051d300
3f805200
4051d300
3f805200
4051f100
3f805200
4051f100
3f805200
4051f100
3f805200
4051f100
3f805200
40520f00
3f805200
40520f00
3f805200
40520f00
3f805200
40520f00
3f805200
40522d00
3f805200
40522d00
3f805200
40522d00
3f805200
40522d00
3f805200
40524b00
3f805200
40524b00
3f805200
40524b00
3f805200
40524b00
3f805200
40526900
3f805200
40526900
3f805200
40526900
3f805200
40526900
3f805200
40528700
3f805200
40528700
3f805200
40528700
3f805200
40528700
3f805200
4052a500
3f805200
4052a500
3f805200
4052a500
3f805200
4052a500
3f805200
4052c300
3f805200
4052c300
3f805200
4052c300
3f805200
4052c300
3f805200
4052c300
3f805200
4052e100
3f805200
4052e100
3f805200
4052e100
3f805200
4052e100
3f805200
4052ff00
3f805200
4052ff00
3f805200
4052ff00
3f805200
4052ff00
3f805200
40531d00
3f805200
40531d00
3f805200
40531d00
3f805200
40531d00
3f805200
40533b00
3f805200
40533b00
3f805200
40533b00
3f805200
40533b00
3f805200
40535900
3f805200
40535900
3f805200
40535900
3f805200
40535900
3f805200
40537700
3f805200
40537700
3f805200
40537700
3f805200
40537700
3f805200
40539500
3f805200
40539500
3f805200
40539500
3f805200
40539500
3f805200
4053b300
3f805200
4053b300
3f805200
4053b300
3f805200
4053b300
3f805200
4053d100
3f805200
4053d100
3f805200
4053d100
3f805200
4053d100
3f805200
4053ef00
3f805200
4053ef00
3f805200
4053ef00
3f805200
4053ef00
3f805200
4053ef00
3f805200
40540d00
3f805200
40540d00
3f805200
40540d00
3f805200
40540d00
3f805200
40542b00
3f805200
40542b00
3f805200
40542b00
3f805200
40542b00
3f805200
40544900
3f805200
40544900
3f805200
40544900
3f805200
40544900
3f805200
40546700
3f805200
40546700
3f805200
40546700
3f805200
40546700
3f805200
40548500
3f805200
40548500
3f805200
40548500
3f805200
40548500
3f805200
4054a300
3f805200
4054a300
3f805200
4054a300
3f805200
4054a300
3f805200
4054c100
3f805200
4054c100
3f805200
4054c100
3f805200
4054c100
3f805200
4054df00
3f805200
4054df00
3f805200
4054df00
3f805200
4054df00
3f805200
4054fd00
3f805200
4054fd00
3f805200
4054fd00
3f805200
4054fd00
3f805200
4054fd00
3f805200
40551b00
3f805200
40551b00
3f805200
40551b00
3f805200
40551b00
3f805200
40553900
3f805200
40553900
3f805200
40553900
3f805200
40553900
3f805200
40555700
3f805200
40555700
3f805200
40555700
3f805200
40555700
3f805200
40557500
3f805200
40557500
3f805200
40557500
3f805200
40557500
3f805200
40559300
3f805200
40559300
3f805200
40559300
3f805200
40559300
3f805200
4055b100
3f805200
4055b100
3f805200
4055b100
3f805200
4055b100
3f805200
4055cf00
3f805200
4055cf00
3f805200
4055cf00
3f805200
4055cf00
3f805200
4055ed00
3f805200
4055ed00
3f805200
4055ed00
3f805200
4055ed00
3f805200
40560b00
3f805200
40560b00
3f805200
40560b00
3f805200
40560b00
3f805200
40560b00
3f805200
40562900
3f805200
40562900
3f805200
40562900
3f805200
40562900
3f805200
40564700
3f805200
40564700
3f805200
40564700
3f805200
40564700
3f805200
40566500
3f805200
40566500
3f805200
40566500
3f805200
40566500
3f805200
40568300
3f805200
40568300
3f805200
40568300
3f805200
40568300
3f805200
4056a100
3f805200
4056a100
3f805200
4056a100
3f805200
4056a100
3f805200
4056bf00
3f805200
4056bf00
3f805200
4056bf00
3f805200
4056bf00
3f805200
4056dd00
3f805200
4056dd00
3f805200
4056dd00
3f805200
4056dd00
3f805200
4056fb00
3f805200
4056fb00
3f805200
4056fb00
3f805200
4056fb00
3f805200
40571900
3f805200
40571900
3f805200
40571900
3f805200
40571900
3f805200
40571900
3f805200
40573700
3f805200
40573700
3f805200
40573700
3f805200
40573700
3f805200
40575500
3f805200
40575500
3f805200
40575500
3f805200
40575500
3f805200
40577300
3f805200
40577300
3f805200
40577300
3f805200
40577300
3f805200
40579100
3f805200
40579100
3f805200
40579100
3f805200
40579100
3f805200
4057af00
3f805200
4057af00
3f805200
4057af00
3f805200
4057af00
3f805200
4057cd00
3f805200
4057cd00
3f805200
4057cd00
3f805200
4057cd00
3f805200
4057eb00
3f805200
4057eb00
3f805200
4057eb00
3f805200
4057eb00
3f805200
40580900
3f805200
40580900
3f805200
40580900
3f805200
40580900
3f805200
40582700
3f805200
40582700
3f805200
40582700
3f805200
40582700
3f805200
40584500
3f805200
40584500
3f805200
40584500
3f805200
40584500
3f805200
40584500
3f805200
40586300
3f805200
40586300
3f805200
40586300
3f805200
40586300
3f805200
40588100
3f805200
40588100
3f805200
40588100
3f805200
40588100
3f805200
40589f00
3f805200
40589f00
3f805200
40589f00
3f805200
40589f00
3f805200
4058bd00
3f805200
4058bd00
3f805200
4058bd00
3f805200
4058bd00
3f805200
4058db00
3f805200
4058db00
3f805200
4058db00
3f805200
4058db00
3f805200
4058f900
3f805200
4058f900
3f805200
4058f900
3f805200
4058f900
3f805200
40591700
3f805200
40591700
3f805200
40591700
3f805200
40591700
3f805200
40593500
3f805200
40593500
3f805200
40593500
3f805200
40593500
3f805200
40595300
3f805200
40595300
3f805200
40595300
3f805200
40595300
3f805200
40595300
3f805200
40597100
3f805200
40597100
3f805200
40597100
3f805200
40597100
3f805200
40598f00
3f805200
40598f00
3f805200
40598f00
3f805200
40598f00
3f805200
4059ad00
3f805200
4059ad00
3f805200
4059ad00
3f805200
4059ad00
3f805200
4059cb00
3f805200
4059cb00
3f805200
4059cb00
3f805200
4059cb00
3f805200
4059e900
3f805200
4059e900
3f805200
4059e900
3f805200
4059e900
3f805200
405a0700
3f805200
405a0700
3f805200
405a0700
3f805200
405a0700
3f805200
405a2500
3f805200
405a2500
3f805200
405a2500
3f805200
405a2500
3f805200
405a4300
3f805200
405a4300
3f805200
405a4300
3f805200
405a4300
3f805200
405a6100
3f805200
405a6100
3f805200
405a6100
3f805200
405a6100
3f805200
405a6100
3f805200
405a7f00
3f805200
405a7f00
3f805200
405a7f00
3f805200
405a7f00
3f805200
405a9d00
3f805200
405a9d00
3f805200
405a9d00
3f805200
405a9d00
3f805200
405abb00
3f805200
405abb00
3f805200
405abb00
3f805200
405abb00
3f805200
405ad900
3f805200
405ad900
3f805200
405ad900
3f805200
405ad900
3f805200
405af700
3f805200
405af700
3f805200
405af700
3f805200
405af700
3f805200
405b1500
3f805200
405b1500
3f805200
405b1500
3f805200
405b1500
3f805200
405b3300
3f805200
405b3300
3f805200
405b3300
3f805200
405b3300
3f805200
405b5100
3f805200
405b5100
3f805200
405b5100
3f805200
405b5100
3f805200
405b6f00
3f805200
405b6f00
3f805200
405b6f00
3f805200
405b6f00
3f805200
405b6f00
3f805200
405b8d00
3f805200
405b8d00
3f805200
405b8d00
3f805200
405b8d00
3f805200
405bab00
3f805200
405bab00
3f805200
405bab00
3f805200
405bab00
3f805200
405bc900
3f805200
405bc900
3f805200
405bc900
3f805200
405bc900
3f805200
405be700
3f805200
405be700
3f805200
405be700
3f805200
405be700
3f805200
405c0500
3f805200
405c0500
3f805200
405c0500
3f805200
405c0500
3f805200
405c2300
3f805200
405c2300
3f805200
405c2300
3f805200
405c2300
3f805200
405c4100
3f805200
405c4100
3f805200
405c4100
3f805200
405c4100
3f805200
405c5f00
3f805200
405c5f00
3f805200
405c5f00
3f805200
405c5f00
3f805200
405c7d00
3f805200
405c7d00
3f805200
405c7d00
3f805200
405c7d00
3f805200
405c7d00
3f805200
405c9b00
3f805200
405c9b00
3f805200
405c9b00
3f805200
405c9b00
3f805200
405cb900
3f805200
405cb900
3f805200
405cb900
3f805200
405cb900
3f805200
405cd700
3f805200
405cd700
3f805200
405cd700
3f805200
405cd700
3f805200
405cf500
3f805200
405cf500
3f805200
405cf500
3f805200
405cf500
3f805200
405d1300
3f805200
405d1300
3f805200
405d1300
3f805200
405d1300
3f805200
405d3100
3f805200
405d3100
3f805200
405d3100
3f805200
405d3100
3f805200
405d4f00
3f805200
405d4f00
3f805200
405d4f00
3f805200
405d4f00
3f805200
405d6d00
3f805200
405d6d00
3f805200
405d6d00
3f805200
405d6d00
3f805200
405d8b00
3f805200
405d8b00
3f805200
405d8b00
3f805200
405d8b00
3f805200
405da900
3f805200
405da900
3f805200
405da900
3f805200
405da900
3f805200
405da900
3f805200
405dc700
3f805200
405dc700
3f805200
405dc700
3f805200
405dc700
3f805200
405de500
3f805200
405de500
3f805200
405de500
3f805200
405de500
3f805200
405e0300
3f805200
405e0300
3f805200
405e0300
3f805200
405e0300
3f805200
405e2100
3f805200
405e2100
3f805200
405e2100
3f805200
405e2100
3f805200
405e3f00
3f805200
405e3f00
3f805200
405e3f00
3f805200
405e3f00
3f805200
405e5d00
3f805200
405e5d00
3f805200
405e5d00
3f805200
405e5d00
3f805200
405e7b00
3f805200
405e7b00
3f805200
405e7b00
3f805200
405e7b00
3f805200
405e9900
3f805200
405e9900
3f805200
405e9900
3f805200
405e9900
3f805200
405eb700
3f805200
405eb700
3f805200
405eb700
3f805200
405eb700
3f805200
405eb700
3f805200
405ed500
3f805200
405ed500
3f805200
405ed500
3f805200
405ed500
3f805200
405ef300
3f805200
405ef300
3f805200
405ef300
3f805200
405ef300
3f805200
405f1100
3f805200
405f1100
3f805200
405f1100
3f805200
405f1100
3f805200
405f2f00
3f805200
405f2f00
3f805200
405f2f00
3f805200
405f2f00
3f805200
405f4d00
3f805200
405f4d00
3f805200
405f4d00
3f805200
405f4d00
3f805200
405f6b00
3f805200
405f6b00
3f805200
405f6b00
3f805200
405f6b00
3f805200
405f8900
3f805200
405f8900
3f805200
405f8900
3f805200
405f8900
3f805200
405fa700
3f805200
405fa700
3f805200
405fa700
3f805200
405fa700
3f805200
405fc500
3f805200
405fc500
3f805200
405fc500
3f805200
405fc500
3f805200
405fc500
3f805200
405fe300
3f805200
405fe300
3f805200
405fe300
3f805200
405fe300
3f805200
40600100
3f805200
40600100
3f805200
40600100
3f805200
40600100
3f805200
40601f00
3f805200
40601f00
3f805200
40601f00
3f805200
40601f00
3f805200
40603d00
3f805200
40603d00
3f805200
40603d00
3f805200
40603d00
3f805200
40605b00
3f805200
40605b00
3f805200
40605b00
3f805200
40605b00
3f805200
40607900
3f805200
40607900
3f805200
40607900
3f805200
40607900
3f805200
40609700
3f805200
40609700
3f805200
40609700
3f805200
40609700
3f805200
4060b500
3f805200
4060b500
3f805200
4060b500
3f805200
4060b500
3f805200
4060d300
3f805200
4060d300
3f805200
4060d300
3f805200
4060d300
3f805200
4060d300
3f805200
4060f100
3f805200
4060f100
3f805200
4060f100
3f805200
4060f100
3f805200
40610f00
3f805200
40610f00
3f805200
40610f00
3f805200
40610f00
3f805200
40612d00
3f805200
40612d00
3f805200
40612d00
3f805200
40612d00
3f805200
40614b00
3f805200
40614b00
3f805200
40614b00
3f805200
40614b00
3f805200
40616900
3f805200
40616900
3f805200
40616900
3f805200
40616900
3f805200
40618700
3f805200
40618700
3f805200
40618700
3f805200
40618700
3f805200
4061a500
3f805200
4061a500
3f805200
4061a500
3f805200
4061a500
3f805200
4061c300
3f805200
4061c300
3f805200
4061c300
3f805200
4061c300
3f805200
4061e100
3f805200
4061e100
3f805200
4061e100
3f805200
4061e100
3f805200
4061ff00
3f805200
4061ff00
3f805200
4061ff00
3f805200
4061ff00
3f805200
4061ff00
3f805200
40621d00
3f805200
40621d00
3f805200
40621d00
3f805200
40621d00
3f805200
40623b00
3f805200
40623b00
3f805200
40623b00
3f805200
40623b00
3f805200
40625900
3f805200
40625900
3f805200
40625900
3f805200
40625900
3f805200
40627700
3f805200
40627700
3f805200
40627700
3f805200
40627700
3f805200
40629500
3f805200
40629500
3f805200
40629500
3f805200
40629500
3f805200
4062b300
3f805200
4062b300
3f805200
4062b300
3f805200
4062b300
3f805200
4062d100
3f805200
4062d100
3f805200
4062d100
3f805200
4062d100
3f805200
4062ef00
3f805200
4062ef00
3f805200
4062ef00
3f805200
4062ef00
3f805200
40630d00
3f805200
40630d00
3f805200
40630d00
3f805200
40630d00
3f805200
40630d00
3f805200
40632b00
3f805200
40632b00
3f805200
40632b00
3f805200
40632b00
3f805200
40634900
3f805200
40634900
3f805200
40634900
3f805200
40634900
3f805200
40636700
3f805200
40636700
3f805200
40636700
3f805200
40636700
3f805200
40638500
3f805200
40638500
3f805200
40638500
3f805200
40638500
3f805200
4063a300
3f805200
4063a300
3f805200
4063a300
3f805200
4063a300
3f805200
4063c100
3f805200
4063c100
3f805200
4063c100
3f805200
4063c100
3f805200
4063df00
3f805200
4063df00
3f805200
4063df00
3f805200
4063df00
3f805200
4063fd00
3f805200
4063fd00
3f805200
4063fd00
3f805200
4063fd00
3f805200
40641b00
3f805200
40641b00
3f805200
40641b00
3f805200
40641b00
3f805200
40641b00
3f805200
40643900
3f805200
40643900
3f805200
40643900
3f805200
40643900
3f805200
40645700
3f805200
40645700
3f805200
40645700
3f805200
40645700
3f805200
40647500
3f805200
40647500
3f805200
40647500
3f805200
40647500
3f805200
40649300
3f805200
40649300
3f805200
40649300
3f805200
40649300
3f805200
4064b100
3f805200
4064b100
3f805200
4064b100
3f805200
4064b100
3f805200
4064cf00
3f805200
4064cf00
3f805200
4064cf00
3f805200
4064cf00
3f805200
4064ed00
3f805200
4064ed00
3f805200
4064ed00
3f805200
4064ed00
3f805200
40650b00
3f805200
40650b00
3f805200
40650b00
3f805200
40650b00
3f805200
40652900
3f805200
40652900
3f805200
40652900
3f805200
40652900
3f805200
40652900
3f805200
40654700
3f805200
40654700
3f805200
40654700
3f805200
40654700
3f805200
40656500
3f805200
40656500
3f805200
40656500
3f805200
40656500
3f805200
40658300
3f805200
40658300
3f805200
40658300
3f805200
40658300
3f805200
4065a100
3f805200
4065a100
3f805200
4065a100
3f805200
4065a100
3f805200
4065bf00
3f805200
4065bf00
3f805200
4065bf00
3f805200
4065bf00
3f805200
4065dd00
3f805200
4065dd00
3f805200
4065dd00
3f805200
4065dd00
3f805200
4065fb00
3f805200
4065fb00
3f805200
4065fb00
3f805200
4065fb00
3f805200
40661900
3f805200
40661900
3f805200
40661900
3f805200
40661900
3f805200
40663700
3f805200
40663700
3f805200
40663700
3f805200
40663700
3f805200
40665500
3f805200
40665500
3f805200
40665500
3f805200
40665500
3f805200
40665500
3f805200
40667300
3f805200
40667300
3f805200
40667300
3f805200
40667300
3f805200
40669100
3f805200
40669100
3f805200
40669100
3f805200
40669100
3f805200
4066af00
3f805200
4066af00
3f805200
4066af00
3f805200
4066af00
3f805200
4066cd00
3f805200
4066cd00
3f805200
4066cd00
3f805200
4066cd00
3f805200
4066eb00
3f805200
4066eb00
3f805200
4066eb00
3f805200
4066eb00
3f805200
40670900
3f805200
40670900
3f805200
40670900
3f805200
40670900
3f805200
40672700
3f805200
40672700
3f805200
40672700
3f805200
40672700
3f805200
40674500
3f805200
40674500
3f805200
40674500
3f805200
40674500
3f805200
40676300
3f805200
40676300
3f805200
40676300
3f805200
40676300
3f805200
40676300
3f805200
40678100
3f805200
40678100
3f805200
40678100
3f805200
40678100
3f805200
40679f00
3f805200
40679f00
3f805200
40679f00
3f805200
40679f00
3f805200
4067bd00
3f805200
4067bd00
3f805200
4067bd00
3f805200
4067bd00
3f805200
4067db00
3f805200
4067db00
3f805200
4067db00
3f805200
4067db00
3f805200
4067f900
3f805200
4067f900
3f805200
4067f900
3f805200
4067f900
3f805200
40681700
3f805200
40681700
3f805200
40681700
3f805200
40681700
3f805200
40683500
3f805200
40683500
3f805200
40683500
3f805200
40683500
3f805200
40685300
3f805200
40685300
3f805200
40685300
3f805200
40685300
3f805200
40687100
3f805200
40687100
3f805200
40687100
3f805200
40687100
3f805200
40687100
3f805200
40688f00
3f805200
40688f00
3f805200
40688f00
3f805200
40688f00
3f805200
4068ad00
3f805200
4068ad00
3f805200
4068ad00
3f805200
4068ad00
3f805200
4068cb00
3f805200
4068cb00
3f805200
4068cb00
3f805200
4068cb00
3f805200
4068e900
3f805200
4068e900
3f805200
4068e900
3f805200
4068e900
3f805200
40690700
3f805200
40690700
3f805200
40690700
3f805200
40690700
3f805200
40692500
3f805200
40692500
3f805200
40692500
3f805200
40692500
3f805200
40694300
3f805200
40694300
3f805200
40694300
3f805200
40694300
3f805200
40696100
3f805200
40696100
3f805200
40696100
3f805200
40696100
3f805200
40697f00
3f805200
40697f00
3f805200
40697f00
3f805200
40697f00
3f805200
40697f00
3f805200
40699d00
3f805200
40699d00
3f805200
40699d00
3f805200
40699d00
3f805200
4069bb00
3f805200
4069bb00
3f805200
4069bb00
3f805200
4069bb00
3f805200
4069d900
3f805200
4069d900
3f805200
4069d900
3f805200
4069d900
3f805200
4069f700
3f805200
4069f700
3f805200
4069f700
3f805200
4069f700
3f805200
406a1500
3f805200
406a1500
3f805200
406a1500
3f805200
406a1500
3f805200
406a3300
3f805200
406a3300
3f805200
406a3300
3f805200
406a3300
3f805200
406a5100
3f805200
406a5100
3f805200
406a5100
3f805200
406a5100
3f805200
406a6f00
3f805200
406a6f00
3f805200
406a6f00
3f805200
406a6f00
3f805200
406a8d00
3f805200
406a8d00
3f805200
406a8d00
3f805200
406a8d00
3f805200
406a8d00
3f805200
406aab00
3f805200
406aab00
3f805200
406aab00
3f805200
406aab00
3f805200
406ac900
3f805200
406ac900
3f805200
406ac900
3f805200
406ac900
3f805200
406ae700
3f805200
406ae700
3f805200
406ae700
3f805200
406ae700
3f805200
406b0500
3f805200
406b0500
3f805200
406b0500
3f805200
406b0500
3f805200
406b2300
3f805200
406b2300
3f805200
406b2300
3f805200
406b2300
3f805200
406b4100
3f805200
406b4100
3f805200
406b4100
3f805200
406b4100
3f805200
406b5f00
3f805200
406b5f00
3f805200
406b5f00
3f805200
406b5f00
3f805200
406b7d00
3f805200
406b7d00
3f805200
406b7d00
3f805200
406b7d00
3f805200
406b9b00
3f805200
406b9b00
3f805200
406b9b00
3f805200
406b9b00
3f805200
406bb900
3f805200
406bb900
3f805200
406bb900
3f805200
406bb900
3f805200
406bb900
3f805200
406bd700
3f805200
406bd700
3f805200
406bd700
3f805200
406bd700
3f805200
406bf500
3f805200
406bf500
3f805200
406bf500
3f805200
406bf500
3f805200
406c1300
3f805200
406c1300
3f805200
406c1300
3f805200
406c1300
3f805200
406c3100
3f805200
406c3100
3f805200
406c3100
3f805200
406c3100
3f805200
406c4f00
3f805200
406c4f00
3f805200
406c4f00
3f805200
406c4f00
3f805200
406c6d00
3f805200
406c6d00
3f805200
406c6d00
3f805200
406c6d00
3f805200
406c8b00
3f805200
406c8b00
3f805200
406c8b00
3f805200
406c8b00
3f805200
406ca900
3f805200
406ca900
3f805200
406ca900
3f805200
406ca900
3f805200
406cc700
3f805200
406cc700
3f805200
406cc700
3f805200
406cc700
3f805200
406cc700
3f805200
406ce500
3f805200
406ce500
3f805200
406ce500
3f805200
406ce500
3f805200
406d0300
3f805200
406d0300
3f805200
406d0300
3f805200
406d0300
3f805200
406d2100
3f805200
406d2100
3f805200
406d2100
3f805200
406d2100
3f805200
406d3f00
3f805200
406d3f00
3f805200
406d3f00
3f805200
406d3f00
3f805200
406d5d00
3f805200
406d5d00
3f805200
406d5d00
3f805200
406d5d00
3f805200
406d7b00
3f805200
406d7b00
3f805200
406d7b00
3f805200
406d7b00
3f805200
406d9900
3f805200
406d9900
3f805200
406d9900
3f805200
406d9900
3f805200
406db700
3f805200
406db700
3f805200
406db700
3f805200
406db700
3f805200
406dd500
3f805200
406dd500
3f805200
406dd500
3f805200
406dd500
3f805200
406dd500
3f805200
406df300
3f805200
406df300
3f805200
406df300
3f805200
406df300
3f805200
406e1100
3f805200
406e1100
3f805200
406e1100
3f805200
406e1100
3f805200
406e2f00
3f805200
406e2f00
3f805200
406e2f00
3f805200
406e2f00
3f805200
406e4d00
3f805200
406e4d00
3f805200
406e4d00
3f805200
406e4d00
3f805200
406e6b00
3f805200
406e6b00
3f805200
406e6b00
3f805200
406e6b00
3f805200
406e8900
3f805200
406e8900
3f805200
406e8900
3f805200
406e8900
3f805200
406ea700
3f805200
406ea700
3f805200
406ea700
3f805200
406ea700
3f805200
406ec500
3f805200
406ec500
3f805200
406ec500
3f805200
406ec500
3f805200
406ee300
3f805200
406ee300
3f805200
406ee300
3f805200
406ee300
3f805200
406ee300
3f805200
406f0100
3f805200
406f0100
3f805200
406f0100
3f805200
406f0100
3f805200
406f1f00
3f805200
406f1f00
3f805200
406f1f00
3f805200
406f1f00
3f805200
406f3d00
3f805200
406f3d00
3f805200
406f3d00
3f805200
406f3d00
3f805200
406f5b00
3f805200
406f5b00
3f805200
406f5b00
3f805200
406f5b00
3f805200
406f7900
3f805200
406f7900
3f805200
406f7900
3f805200
406f7900
3f805200
406f9700
3f805200
406f9700
3f805200
406f9700
3f805200
406f9700
3f805200
406fb500
3f805200
406fb500
3f805200
406fb500
3f805200
406fb500
3f805200
406fd300
3f805200
406fd300
3f805200
406fd300
3f805200
406fd300
3f805200
406ff100
3f805200
406ff100
3f805200
406ff100
3f805200
406ff100
3f805200
40700f00
3f805200
40700f00
3f805200
40700f00
3f805200
40700f00
3f805200
40700f00
3f805200
40702d00
3f805200
40702d00
3f805200
40702d00
3f805200
40702d00
3f805200
40704b00
3f805200
40704b00
3f805200
40704b00
3f805200
40704b00
3f805200
40706900
3f805200
40706900
3f805200
40706900
3f805200
40706900
3f805200
40708700
3f805200
40708700
3f805200
40708700
3f805200
40708700
3f805200
4070a500
3f805200
4070a500
3f805200
4070a500
3f805200
4070a500
3f805200
4070c300
3f805200
4070c300
3f805200
4070c300
3f805200
4070c300
3f805200
4070e100
3f805200
4070e100
3f805200
4070e100
3f805200
4070e100
3f805200
4070ff00
3f805200
4070ff00
3f805200
4070ff00
3f805200
4070ff00
3f805200
40711d00
3f805200
40711d00
3f805200
40711d00
3f805200
40711d00
3f805200
40711d00
3f805200
40713b00
3f805200
40713b00
3f805200
40713b00
3f805200
40713b00
3f805200
40715900
3f805200
40715900
3f805200
40715900
3f805200
40715900
3f805200
40717700
3f805200
40717700
3f805200
40717700
3f805200
40717700
3f805200
40719500
3f805200
40719500
3f805200
40719500
3f805200
40719500
3f805200
4071b300
3f805200
4071b300
3f805200
4071b300
3f805200
4071b300
3f805200
4071d100
3f805200
4071d100
3f805200
4071d100
3f805200
4071d100
3f805200
4071ef00
3f805200
4071ef00
3f805200
4071ef00
3f805200
4071ef00
3f805200
40720d00
3f805200
40720d00
3f805200
40720d00
3f805200
40720d00
3f805200
40722b00
3f805200
40722b00
3f805200
40722b00
3f805200
40722b00
3f805200
40722b00
3f805200
40724900
3f805200
40724900
3f805200
40724900
3f805200
40724900
3f805200
40726700
3f805200
40726700
3f805200
40726700
3f805200
40726700
3f805200
40728500
3f805200
40728500
3f805200
40728500
3f805200
40728500
3f805200
4072a300
3f805200
4072a300
3f805200
4072a300
3f805200
4072a300
3f805200
4072c100
3f805200
4072c100
3f805200
4072c100
3f805200
4072c100
3f805200
4072df00
3f805200
4072df00
3f805200
4072df00
3f805200
4072df00
3f805200
4072fd00
3f805200
4072fd00
3f805200
4072fd00
3f805200
4072fd00
3f805200
40731b00
3f805200
40731b00
3f805200
40731b00
3f805200
40731b00
3f805200
40733900
3f805200
40733900
3f805200
40733900
3f805200
40733900
3f805200
40733900
3f805200
40735700
3f805200
40735700
3f805200
40735700
3f805200
40735700
3f805200
40737500
3f805200
40737500
3f805200
40737500
3f805200
40737500
3f805200
40739300
3f805200
40739300
3f805200
40739300
3f805200
40739300
3f805200
4073b100
3f805200
4073b100
3f805200
4073b100
3f805200
4073b100
3f805200
4073cf00
3f805200
4073cf00
3f805200
4073cf00
3f805200
4073cf00
3f805200
4073ed00
3f805200
4073ed00
3f805200
4073ed00
3f805200
4073ed00
3f805200
40740b00
3f805200
40740b00
3f805200
40740b00
3f805200
40740b00
3f805200
40742900
3f805200
40742900
3f805200
40742900
3f805200
40742900
3f805200
40744700
3f805200
40744700
3f805200
40744700
3f805200
40744700
3f805200
40746500
3f805200
40746500
3f805200
40746500
3f805200
40746500
3f805200
40746500
3f805200
40748300
3f805200
40748300
3f805200
40748300
3f805200
40748300
3f805200
4074a100
3f805200
4074a100
3f805200
4074a100
3f805200
4074a100
3f805200
4074bf00
3f805200
4074bf00
3f805200
4074bf00
3f805200
4074bf00
3f805200
4074dd00
3f805200
4074dd00
3f805200
4074dd00
3f805200
4074dd00
3f805200
4074fb00
3f805200
4074fb00
3f805200
4074fb00
3f805200
4074fb00
3f805200
40751900
3f805200
40751900
3f805200
40751900
3f805200
40751900
3f805200
40753700
3f805200
40753700
3f805200
40753700
3f805200
40753700
3f805200
40755500
3f805200
40755500
3f805200
40755500
3f805200
40755500
3f805200
40757300
3f805200
40757300
3f805200
40757300
3f805200
40757300
3f805200
40757300
3f805200
40759100
3f805200
40759100
3f805200
40759100
3f805200
40759100
3f805200
4075af00
3f805200
4075af00
3f805200
4075af00
3f805200
4075af00
3f805200
4075cd00
3f805200
4075cd00
3f805200
4075cd00
3f805200
4075cd00
3f805200
4075eb00
3f805200
4075eb00
3f805200
4075eb00
3f805200
4075eb00
3f805200
40760900
3f805200
40760900
3f805200
40760900
3f805200
40760900
3f805200
40762700
3f805200
40762700
3f805200
40762700
3f805200
40762700
3f805200
40764500
3f805200
40764500
3f805200
40764500
3f805200
40764500
3f805200
40766300
3f805200
40766300
3f805200
40766300
3f805200
40766300
3f805200
40768100
3f805200
40768100
3f805200
40768100
3f805200
40768100
3f805200
40768100
3f805200
40769f00
3f805200
40769f00
3f805200
40769f00
3f805200
40769f00
3f805200
4076bd00
3f805200
4076bd00
3f805200
4076bd00
3f805200
4076bd00
3f805200
4076db00
3f805200
4076db00
3f805200
4076db00
3f805200
4076db00
3f805200
4076f900
3f805200
4076f900
3f805200
4076f900
3f805200
4076f900
3f805200
40771700
3f805200
40771700
3f805200
40771700
3f805200
40771700
3f805200
40773500
3f805200
40773500
3f805200
40773500
3f805200
40773500
3f805200
40775300
3f805200
40775300
3f805200
40775300
3f805200
40775300
3f805200
40777100
3f805200
40777100
3f805200
40777100
3f805200
40777100
3f805200
40778f00
3f805200
40778f00
3f805200
40778f00
3f805200
40778f00
3f805200
40778f00
3f805200
4077ad00
3f805200
4077ad00
3f805200
4077ad00
3f805200
4077ad00
3f805200
4077cb00
3f805200
4077cb00
3f805200
4077cb00
3f805200
4077cb00
3f805200
4077e900
3f805200
4077e900
3f805200
4077e900
3f805200
4077e900
3f805200
40780700
3f805200
40780700
3f805200
40780700
3f805200
40780700
3f805200
40782500
3f805200
40782500
3f805200
40782500
3f805200
40782500
3f805200
40784300
3f805200
40784300
3f805200
40784300
3f805200
40784300
3f805200
40786100
3f805200
40786100
3f805200
40786100
3f805200
40786100
3f805200
40787f00
3f805200
40787f00
3f805200
40787f00
3f805200
40787f00
3f805200
40789d00
3f805200
40789d00
3f805200
40789d00
3f805200
40789d00
3f805200
4078bb00
3f805200
4078bb00
3f805200
4078bb00
3f805200
4078bb00
3f805200
4078bb00
3f805200
4078d900
3f805200
4078d900
3f805200
4078d900
3f805200
4078d900
3f805200
4078f700
3f805200
4078f700
3f805200
4078f700
3f805200
4078f700
3f805200
40791500
3f805200
40791500
3f805200
40791500
3f805200
40791500
3f805200
40793300
3f805200
40793300
3f805200
40793300
3f805200
40793300
3f805200
40795100
3f805200
40795100
3f805200
40795100
3f805200
40795100
3f805200
40796f00
3f805200
40796f00
3f805200
40796f00
3f805200
40796f00
3f805200
40798d00
3f805200
40798d00
3f805200
40798d00
3f805200
40798d00
3f805200
4079ab00
3f805200
4079ab00
3f805200
4079ab00
3f805200
4079ab00
3f805200
4079c900
3f805200
4079c900
3f805200
4079c900
3f805200
4079c900
3f805200
4079c900
3f805200
4079e700
3f805200
4079e700
3f805200
4079e700
3f805200
4079e700
3f805200
407a0500
3f805200
407a0500
3f805200
407a0500
3f805200
407a0500
3f805200
407a2300
3f805200
407a2300
3f805200
407a2300
3f805200
407a2300
3f805200
407a4100
3f805200
407a4100
3f805200
407a4100
3f805200
407a4100
3f805200
407a5f00
3f805200
407a5f00
3f805200
407a5f00
3f805200
407a5f00
3f805200
407a7d00
3f805200
407a7d00
3f805200
407a7d00
3f805200
407a7d00
3f805200
407a9b00
3f805200
407a9b00
3f805200
407a9b00
3f805200
407a9b00
3f805200
407ab900
3f805200
407ab900
3f805200
407ab900
3f805200
407ab900
3f805200
407ad700
3f805200
407ad700
3f805200
407ad700
3f805200
407ad700
3f805200
407ad700
3f805200
407af500
3f805200
407af500
3f805200
407af500
3f805200
407af500
3f805200
407b1300
3f805200
407b1300
3f805200
407b1300
3f805200
407b1300
3f805200
407b3100
3f805200
407b3100
3f805200
407b3100
3f805200
407b3100
3f805200
407b4f00
3f805200
407b4f00
3f805200
407b4f00
3f805200
407b4f00
3f805200
407b6d00
3f805200
407b6d00
3f805200
407b6d00
3f805200
407b6d00
3f805200
407b8b00
3f805200
407b8b00
3f805200
407b8b00
3f805200
407b8b00
3f805200
407ba900
3f805200
407ba900
3f805200
407ba900
3f805200
407ba900
3f805200
407bc700
3f805200
407bc700
3f805200
407bc700
3f805200
407bc700
3f805200
407be500
3f805200
407be500
3f805200
407be500
3f805200
407be500
3f805200
407be500
3f805200
407c0300
3f805200
407c0300
3f805200
407c0300
3f805200
407c0300
3f805200
407c2100
3f805200
407c2100
3f805200
407c2100
3f805200
407c2100
3f805200
407c3f00
3f805200
407c3f00
3f805200
407c3f00
3f805200
407c3f00
3f805200
407c5d00
3f805200
407c5d00
3f805200
407c5d00
3f805200
407c5d00
3f805200
407c7b00
3f805200
407c7b00
3f805200
407c7b00
3f805200
407c7b00
3f805200
407c9900
3f805200
407c9900
3f805200
407c9900
3f805200
407c9900
3f805200
407cb700
3f805200
407cb700
3f805200
407cb700
3f805200
407cb700
3f805200
407cd500
3f805200
407cd500
3f805200
407cd500
3f805200
407cd500
3f805200
407cf300
3f805200
407cf300
3f805200
407cf300
3f805200
407cf300
3f805200
407cf300
3f805200
407d1100
3f805200
407d1100
3f805200
407d1100
3f805200
407d1100
3f805200
407d2f00
3f805200
407d2f00
3f805200
407d2f00
3f805200
407d2f00
3f805200
407d4d00
3f805200
407d4d00
3f805200
407d4d00
3f805200
407d4d00
3f805200
407d6b00
3f805200
407d6b00
3f805200
407d6b00
3f805200
407d6b00
3f805200
407d8900
3f805200
407d8900
3f805200
407d8900
3f805200
407d8900
3f805200
407da700
3f805200
407da700
3f805200
407da700
3f805200
407da700
3f805200
407dc500
3f805200
407dc500
3f805200
407dc500
3f805200
407dc500
3f805200
407de300
3f805200
407de300
3f805200
407de300
3f805200
407de300
3f805200
407e0100
3f805200
407e0100
3f805200
407e0100
3f805200
407e0100
3f805200
407e1f00
3f805200
407e1f00
3f805200
407e1f00
3f805200
407e1f00
3f805200
407e1f00
3f805200
407e3d00
3f805200
407e3d00
3f805200
407e3d00
3f805200
407e3d00
3f805200
407e5b00
3f805200
407e5b00
3f805200
407e5b00
3f805200
407e5b00
3f805200
407e7900
3f805200
407e7900
3f805200
407e7900
3f805200
407e7900
3f805200
407e9700
3f805200
407e9700
3f805200
407e9700
3f805200
407e9700
3f805200
407eb500
3f805200
407eb500
3f805200
407eb500
3f805200
407eb500
3f805200
407ed300
3f805200
407ed300
3f805200
407ed300
3f805200
407ed300
3f805200
407ef100
3f805200
407ef100
3f805200
407ef100
3f805200
407ef100
3f805200
3f7c2400
3f807600
3f85e000
3f745900
3f874800
3f721500
3f900000
3f640900
3f949200
3f5cac00
3f992400
3f554f00
3fa20000
3f470900
3fa29400
3f49a000
3fa72600
3f44cd00
3fb00200
3f3b7300
3fb48200
3f36b300
3fb91400
3f31e000
3fc20200
3f287300
3fbf3600
3f2a7400
3fc71600
3f245400
3fcff200
3f1d7000
3fd13600
3f1c7400
3fd91600
3f165400
3fe1ce00
3f0f8c00
3fdf2600
3f126600
3fe71800
3f0dfc00
3fefbe00
3f092e00
3ff06000
3f08d400
3ff91800
3f03fc00
3f7c2400
3f807600
3f85e000
3f745900
3f874800
3f721500
3f900000
3f640900
3f949200
3f5cac00
3f992400
3f554f00
3fa20000
3f470900
3fa29400
3f49a000
3fa72600
3f44cd00
3fb00200
3f3b7300
3fb48200
3f36b300
3fb91400
3f31e000
3fc20200
3f287300
3fbf3600
3f2a7400
3fc71600
3f245400
3fcff200
3f1d7000
3fd13600
3f1c7400
3fd91600
3f165400
3fe1ce00
3f0f8c00
3fdf2600
3f126600
3fe71800
3f0dfc00
3fefbe00
3f092e00
3ff06000
3f08d400
3ff91800
3f03fc00
3f7c2400
3f807600
3f85e000
3f745900
3f874800
3f721500
3f900000
3f640900
3f949200
3f5cac00
3f992400
3f554f00
3fa20000
3f470900
3fa29400
3f49a000
3fa72600
3f44cd00
3fb00200
3f3b7300
3fb48200
3f36b300
3fb91400
3f31e000
3fc20200
3f287300
3fbf3600
3f2a7400
3fc71600
3f245400
3fcff200
3f1d7000
3fd13600
3f1c7400
3fd91600
3f165400
3fe1ce00
3f0f8c00
3fdf2600
3f126600
3fe71800
3f0dfc00
3fefbe00
3f092e00
3ff06000
3f08d400
3ff91800
3f03fc00
3f7c2400
3f807600
3f85e000
3f745900
3f874800
3f721500
3f900000
3f640900
3f949200
3f5cac00
3f992400
3f554f00
3fa20000
3f470900
3fa29400
3f49a000
3fa72600
3f44cd00
3fb00200
3f3b7300
3fb48200
3f36b300
3fb91400
3f31e000
3fc20200
3f287300
3fbf3600
3f2a7400
3fc71600
3f245400
3fcff200
3f1d7000
3fd13600
3f1c7400
3fd91600
3f165400
3fe1ce00
3f0f8c00
3fdf2600
3f126600
3fe71800
3f0dfc00
3fefbe00
3f092e00
3ff06000
3f08d400
3ff91800
3f03fc00
3f7c2400
3f807600
3f85e000
3f745900
3f874800
3f721500
3f900000
3f640900
3f949200
3f5cac00
3f992400
3f554f00
3fa20000
3f470900
3fa29400
3f49a000
3fa72600
3f44cd00
3fb00200
3f3b7300
3fb48200
3f36b300
3fb91400
3f31e000
3fc20200
3f287300
3fbf3600
3f2a7400
3fc71600
3f245400
3fcff200
3f1d7000
3fd13600
3f1c7400
3fd91600
3f165400
3fe1ce00
3f0f8c00
3fdf2600
3f126600
3fe71800
3f0dfc00
3fefbe00
3f092e00
3ff06000
3f08d400
3ff91800
3f03fc00
3f7c2400
3f807600
3f85e000
3f745900
3f874800
3f721500
3f900000
3f640900
3f949200
3f5cac00
3f992400
3f554f00
3fa20000
3f470900
3fa29400
3f49a000
3fa72600
3f44cd00
3fb00200
3f3b7300
3fb48200
3f36b300
3fb91400
3f31e000
3fc20200
3f287300
3fbf3600
3f2a7400
3fc71600
3f245400
3fcff200
3f1d7000
3fd13600
3f1c7400
3fd91600
3f165400
3fe1ce00
3f0f8c00
3fdf2600
3f126600
3fe71800
3f0dfc00
3fefbe00
3f092e00
3ff06000
3f08d400
3ff91800
3f03fc00
3f7c4800
3f808480
3f85f200
3f747600
3f875a00
3f723200
3f901200
3f642600
3f94a400
3f5cc900
3f993600
3f556c00
3fa21200
3f472600
3fa2aa00
3f49b700
3fa73c00
3f44e400
3fb01800
3f3b8a00
3fb49800
3f36ca00
3fb92a00
3f31f700
3fc21800
3f288a00
3fbf5000
3f2a8800
3fc73000
3f246800
3fd00c00
3f1d8400
3fd15000
3f1c8800
3fd93000
3f166800
3fe1e800
3f0fa000
3fdf4400
3f127700
3fe73600
3f0e0d00
3fefdc00
3f093f00
3ff07e00
3f08e500
3ff93600
3f040d00
3f7c4800
3f808480
3f85f200
3f747600
3f875a00
3f723200
3f901200
3f642600
3f94a400
3f5cc900
3f993600
3f556c00
3fa21200
3f472600
3fa2aa00
3f49b700
3fa73c00
3f44e400
3fb01800
3f3b8a00
3fb49800
3f36ca00
3fb92a00
3f31f700
3fc21800
3f288a00
3fbf5000
3f2a8800
3fc73000
3f246800
3fd00c00
3f1d8400
3fd15000
3f1c8800
3fd93000
3f166800
3fe1e800
3f0fa000
3fdf4400
3f127700
3fe73600
3f0e0d00
3fefdc00
3f093f00
3ff07e00
3f08e500
3ff93600
3f040d00
3f7c9000
3f80a180
3f861600
3f74b000
3f877e00
3f726c00
3f903600
3f646000
3f94c800
3f5d0300
3f995a00
3f55a600
3fa23600
3f476000
3fa2d600
3f49e500
3fa76800
3f451200
3fb04400
3f3bb800
3fb4c400
3f36f800
3fb95600
3f322500
3fc24400
3f28b800
3fbf8400
3f2ab000
3fc76400
3f249000
3fd04000
3f1dac00
3fd18400
3f1cb000
3fd96400
3f169000
3fe21c00
3f0fc800
3fdf8000
3f129900
3fe77200
3f0e2f00
3ff01800
3f096100
3ff0ba00
3f090700
3ff97200
3f042f00
3f7cb400
3f80b000
3f862800
3f74cd00
3f879000
3f728900
3f904800
3f647d00
3f94da00
3f5d2000
3f996c00
3f55c300
3fa24800
3f477d00
3fa2ec00
3f49fc00
3fa77e00
3f452900
3fb05a00
3f3bcf00
3fb4da00
3f370f00
3fb96c00
3f323c00
3fc25a00
3f28cf00
3fbf9e00
3f2ac400
3fc77e00
3f24a400
3fd05a00
3f1dc000
3fd19e00
3f1cc400
3fd97e00
3f16a400
3fe23600
3f0fdc00
3fdf9e00
3f12aa00
3fe79000
3f0e4000
3ff03600
3f097200
3ff0d800
3f091800
3ff99000
3f044000
3f7cb400
3f80b000
3f862800
3f74cd00
3f879000
3f728900
3f904800
3f647d00
3f94da00
3f5d2000
3f996c00
3f55c300
3fa24800
3f477d00
3fa2ec00
3f49fc00
3fa77e00
3f452900
3fb05a00
3f3bcf00
3fb4da00
3f370f00
3fb96c00
3f323c00
3fc25a00
3f28cf00
3fbf9e00
3f2ac400
3fc77e00
3f24a400
3fd05a00
3f1dc000
3fd19e00
3f1cc400
3fd97e00
3f16a400
3fe23600
3f0fdc00
3fdf9e00
3f12aa00
3fe79000
3f0e4000
3ff03600
3f097200
3ff0d800
3f091800
3ff99000
3f044000
3f7e4000
3f814f80
3f86ee00
3f760c00
3f885600
3f73c800
3f910e00
3f65bc00
3f95a000
3f5e5f00
3f9a3200
3f570200
3fa30e00
3f48bc00
3fa3de00
3f4af900
3fa87000
3f462600
3fb14c00
3f3ccc00
3fb5cc00
3f380c00
3fba5e00
3f333900
3fc34c00
3f29cc00
3fc0bc00
3f2ba000
3fc89c00
3f258000
3fd17800
3f1e9c00
3fd2bc00
3f1da000
3fda9c00
3f178000
3fe35400
3f10b800
3fe0e800
3f136500
3fe8da00
3f0efb00
3ff18000
3f0a2d00
3ff22200
3f09d300
3ffada00
3f04fb00
3f7e6400
3f815e00
3f870000
3f762900
3f886800
3f73e500
3f912000
3f65d900
3f95b200
3f5e7c00
3f9a4400
3f571f00
3fa32000
3f48d900
3fa3f400
3f4b1000
3fa88600
3f463d00
3fb16200
3f3ce300
3fb5e200
3f382300
3fba7400
3f335000
3fc36200
3f29e300
3fc0d600
3f2bb400
3fc8b600
3f259400
3fd19200
3f1eb000
3fd2d600
3f1db400
3fdab600
3f179400
3fe36e00
3f10cc00
3fe10600
3f137600
3fe8f800
3f0f0c00
3ff19e00
3f0a3e00
3ff24000
3f09e400
3ffaf800
3f050c00
3f7e6400
3f815e00
3f870000
3f762900
3f886800
3f73e500
3f912000
3f65d900
3f95b200
3f5e7c00
3f9a4400
3f571f00
3fa32000
3f48d900
3fa3f400
3f4b1000
3fa88600
3f463d00
3fb16200
3f3ce300
3fb5e200
3f382300
3fba7400
3f335000
3fc36200
3f29e300
3fc0d600
3f2bb400
3fc8b600
3f259400
3fd19200
3f1eb000
3fd2d600
3f1db400
3fdab600
3f179400
3fe36e00
3f10cc00
3fe10600
3f137600
3fe8f800
3f0f0c00
3ff19e00
3f0a3e00
3ff24000
3f09e400
3ffaf800
3f050c00
3f828000
3f840780
3f8a4e00
3f7b7c00
3f8bb600
3f793800
3f946e00
3f6b2c00
3f990000
3f63cf00
3f9d9200
3f5c7200
3fa66e00
3f4e2c00
3fa7fe00
3f4f4900
3fac9000
3f4a7600
3fb56c00
3f411c00
3fb9ec00
3f3c5c00
3fbe7e00
3f378900
3fc76c00
3f2e1c00
3fc59c00
3f2f6000
3fcd7c00
3f294000
3fd65800
3f225c00
3fd79c00
3f216000
3fdf7c00
3f1b4000
3fe83400
3f147800
3fe68800
3f169500
3fee7a00
3f122b00
3ff72000
3f0d5d00
3ff7c200
3f0d0300
40003d00
3f082b00
3f829200
3f841600
3f8a6000
3f7b9900
3f8bc800
3f795500
3f948000
3f6b4900
3f991200
3f63ec00
3f9da400
3f5c8f00
3fa68000
3f4e4900
3fa81400
3f4f6000
3faca600
3f4a8d00
3fb58200
3f413300
3fba0200
3f3c7300
3fbe9400
3f37a000
3fc78200
3f2e3300
3fc5b600
3f2f7400
3fcd9600
3f295400
3fd67200
3f227000
3fd7b600
3f217400
3fdf9600
3f1b5400
3fe84e00
3f148c00
3fe6a600
3f16a600
3fee9800
3f123c00
3ff73e00
3f0d6e00
3ff7e000
3f0d1400
40004c00
3f083c00
3f829200
3f841600
3f8a6000
3f7b9900
3f8bc800
3f795500
3f948000
3f6b4900
3f991200
3f63ec00
3f9da400
3f5c8f00
3fa68000
3f4e4900
3fa81400
3f4f6000
3faca600
3f4a8d00
3fb58200
3f413300
3fba0200
3f3c7300
3fbe9400
3f37a000
3fc78200
3f2e3300
3fc5b600
3f2f7400
3fcd9600
3f295400
3fd67200
3f227000
3fd7b600
3f217400
3fdf9600
3f1b5400
3fe84e00
3f148c00
3fe6a600
3f16a600
3fee9800
3f123c00
3ff73e00
3f0d6e00
3ff7e000
3f0d1400
40004c00
3f083c00
3f85e000
3f86bf80
3f8dae00
3f807600
3f8f1600
3f7ea800
3f97ce00
3f709c00
3f9c6000
3f693f00
3fa0f200
3f61e200
3fa9ce00
3f539c00
3fac1e00
3f539900
3fb0b000
3f4ec600
3fb98c00
3f456c00
3fbe0c00
3f40ac00
3fc29e00
3f3bd900
3fcb8c00
3f326c00
3fca7c00
3f332000
3fd25c00
3f2d0000
3fdb3800
3f261c00
3fdc7c00
3f252000
3fe45c00
3f1f0000
3fed1400
3f183800
3fec2800
3f19c500
3ff41a00
3f155b00
3ffcc000
3f108d00
3ffd6200
3f103300
40030d00
3f0b5b00
3f85f200
3f86ce00
3f8dc000
3f808480
3f8f2800
3f7ec500
3f97e000
3f70b900
3f9c7200
3f695c00
3fa10400
3f61ff00
3fa9e000
3f53b900
3fac3400
3f53b000
3fb0c600
3f4edd00
3fb9a200
3f458300
3fbe2200
3f40c300
3fc2b400
3f3bf000
3fcba200
3f328300
3fca9600
3f333400
3fd27600
3f2d1400
3fdb5200
3f263000
3fdc9600
3f253400
3fe47600
3f1f1400
3fed2e00
3f184c00
3fec4600
3f19d600
3ff43800
3f156c00
3ffcde00
3f109e00
3ffd8000
3f104400
40031c00
3f0b6c00
3f86b800
3f876d80
3f8e8600
3f812400
3f8fee00
3f800200
3f98a600
3f71f800
3f9d3800
3f6a9b00
3fa1ca00
3f633e00
3faaa600
3f54f800
3fad2600
3f54ad00
3fb1b800
3f4fda00
3fba9400
3f468000
3fbf1400
3f41c000
3fc3a600
3f3ced00
3fcc9400
3f338000
3fcbb400
3f341000
3fd39400
3f2df000
3fdc7000
3f270c00
3fddb400
3f261000
3fe59400
3f1ff000
3fee4c00
3f192800
3fed9000
3f1a9100
3ff58200
3f162700
3ffe2800
3f115900
3ffeca00
3f10ff00
4003c100
3f0c2700
3f86ca00
3f877c00
3f8e9800
3f813280
3f900000
3f801080
3f98b800
3f721500
3f9d4a00
3f6ab800
3fa1dc00
3f635b00
3faab800
3f551500
3fad3c00
3f54c400
3fb1ce00
3f4ff100
3fbaaa00
3f469700
3fbf2a00
3f41d700
3fc3bc00
3f3d0400
3fccaa00
3f339700
3fcbce00
3f342400
3fd3ae00
3f2e0400
3fdc8a00
3f272000
3fddce00
3f262400
3fe5ae00
3f200400
3fee6600
3f193c00
3fedae00
3f1aa200
3ff5a000
3f163800
3ffe4600
3f116a00
3ffee800
3f111000
4003d000
3f0c3800
3f86ee00
3f879900
3f8ebc00
3f814f80
3f902400
3f802d80
3f98dc00
3f724f00
3f9d6e00
3f6af200
3fa20000
3f639500
3faadc00
3f554f00
3fad6800
3f54f200
3fb1fa00
3f501f00
3fbad600
3f46c500
3fbf5600
3f420500
3fc3e800
3f3d3200
3fccd600
3f33c500
3fcc0200
3f344c00
3fd3e200
3f2e2c00
3fdcbe00
3f274800
3fde0200
3f264c00
3fe5e200
3f202c00
3fee9a00
3f196400
3fedea00
3f1ac400
3ff5dc00
3f165a00
3ffe8200
3f118c00
3fff2400
3f113200
4003ee00
3f0c5a00
3f870000
3f87a780
3f8ece00
3f815e00
3f903600
3f803c00
3f98ee00
3f726c00
3f9d8000
3f6b0f00
3fa21200
3f63b200
3faaee00
3f556c00
3fad7e00
3f550900
3fb21000
3f503600
3fbaec00
3f46dc00
3fbf6c00
3f421c00
3fc3fe00
3f3d4900
3fccec00
3f33dc00
3fcc1c00
3f346000
3fd3fc00
3f2e4000
3fdcd800
3f275c00
3fde1c00
3f266000
3fe5fc00
3f204000
3feeb400
3f197800
3fee0800
3f1ad500
3ff5fa00
3f166b00
3ffea000
3f119d00
3fff4200
3f114300
4003fd00
3f0c6b00
3f870000
3f87a780
3f8ece00
3f815e00
3f903600
3f803c00
3f98ee00
3f726c00
3f9d8000
3f6b0f00
3fa21200
3f63b200
3faaee00
3f556c00
3fad7e00
3f550900
3fb21000
3f503600
3fbaec00
3f46dc00
3fbf6c00
3f421c00
3fc3fe00
3f3d4900
3fccec00
3f33dc00
3fcc1c00
3f346000
3fd3fc00
3f2e4000
3fdcd800
3f275c00
3fde1c00
3f266000
3fe5fc00
3f204000
3feeb400
3f197800
3fee0800
3f1ad500
3ff5fa00
3f166b00
3ffea000
3f119d00
3fff4200
3f114300
4003fd00
3f0c6b00
3f870000
3f87a780
3f8ece00
3f815e00
3f903600
3f803c00
3f98ee00
3f726c00
3f9d8000
3f6b0f00
3fa21200
3f63b200
3faaee00
3f556c00
3fad7e00
3f550900
3fb21000
3f503600
3fbaec00
3f46dc00
3fbf6c00
3f421c00
3fc3fe00
3f3d4900
3fccec00
3f33dc00
3fcc1c00
3f346000
3fd3fc00
3f2e4000
3fdcd800
3f275c00
3fde1c00
3f266000
3fe5fc00
3f204000
3feeb400
3f197800
3fee0800
3f1ad500
3ff5fa00
3f166b00
3ffea000
3f119d00
3fff4200
3f114300
4003fd00
3f0c6b00
3f870000
3f87a780
3f8ece00
3f815e00
3f903600
3f803c00
3f98ee00
3f726c00
3f9d8000
3f6b0f00
3fa21200
3f63b200
3faaee00
3f556c00
3fad7e00
3f550900
3fb21000
3f503600
3fbaec00
3f46dc00
3fbf6c00
3f421c00
3fc3fe00
3f3d4900
3fccec00
3f33dc00
3fcc1c00
3f346000
3fd3fc00
3f2e4000
3fdcd800
3f275c00
3fde1c00
3f266000
3fe5fc00
3f204000
3feeb400
3f197800
3fee0800
3f1ad500
3ff5fa00
3f166b00
3ffea000
3f119d00
3fff4200
3f114300
4003fd00
3f0c6b00
3f871200
3f87b600
3f8ee000
3f816c80
3f904800
3f804a80
3f990000
3f728900
3f9d9200
3f6b2c00
3fa22400
3f63cf00
3fab0000
3f558900
3fad9400
3f552000
3fb22600
3f504d00
3fbb0200
3f46f300
3fbf8200
3f423300
3fc41400
3f3d6000
3fcd0200
3f33f300
3fcc3600
3f347400
3fd41600
3f2e5400
3fdcf200
3f277000
3fde3600
3f267400
3fe61600
3f205400
3feece00
3f198c00
3fee2600
3f1ae600
3ff61800
3f167c00
3ffebe00
3f11ae00
3fff6000
3f115400
40040c00
3f0c7c00
3f871200
3f87b600
3f8ee000
3f816c80
3f904800
3f804a80
3f990000
3f728900
3f9d9200
3f6b2c00
3fa22400
3f63cf00
3fab0000
3f558900
3fad9400
3f552000
3fb22600
3f504d00
3fbb0200
3f46f300
3fbf8200
3f423300
3fc41400
3f3d6000
3fcd0200
3f33f300
3fcc3600
3f347400
3fd41600
3f2e5400
3fdcf200
3f277000
3fde3600
3f267400
3fe61600
3f205400
3feece00
3f198c00
3fee2600
3f1ae600
3ff61800
3f167c00
3ffebe00
3f11ae00
3fff6000
3f115400
40040c00
3f0c7c00
3f871200
3f87b600
3f8ee000
3f816c80
3f904800
3f804a80
3f990000
3f728900
3f9d9200
3f6b2c00
3fa22400
3f63cf00
3fab0000
3f558900
3fad9400
3f552000
3fb22600
3f504d00
3fbb0200
3f46f300
3fbf8200
3f423300
3fc41400
3f3d6000
3fcd0200
3f33f300
3fcc3600
3f347400
3fd41600
3f2e5400
3fdcf200
3f277000
3fde3600
3f267400
3fe61600
3f205400
3feece00
3f198c00
3fee2600
3f1ae600
3ff61800
3f167c00
3ffebe00
3f11ae00
3fff6000
3f115400
40040c00
3f0c7c00
3f871200
3f87b600
3f8ee000
3f816c80
3f904800
3f804a80
3f990000
3f728900
3f9d9200
3f6b2c00
3fa22400
3f63cf00
3fab0000
3f558900
3fad9400
3f552000
3fb22600
3f504d00
3fbb0200
3f46f300
3fbf8200
3f423300
3fc41400
3f3d6000
3fcd0200
3f33f300
3fcc3600
3f347400
3fd41600
3f2e5400
3fdcf200
3f277000
3fde3600
3f267400
3fe61600
3f205400
3feece00
3f198c00
3fee2600
3f1ae600
3ff61800
3f167c00
3ffebe00
3f11ae00
3fff6000
3f115400
40040c00
3f0c7c00
3f871200
3f87b600
3f8ee000
3f816c80
3f904800
3f804a80
3f990000
3f728900
3f9d9200
3f6b2c00
3fa22400
3f63cf00
3fab0000
3f558900
3fad9400
3f552000
3fb22600
3f504d00
3fbb0200
3f46f300
3fbf8200
3f423300
3fc41400
3f3d6000
3fcd0200
3f33f300
3fcc3600
3f347400
3fd41600
3f2e5400
3fdcf200
3f277000
3fde3600
3f267400
3fe61600
3f205400
3feece00
3f198c00
3fee2600
3f1ae600
3ff61800
3f167c00
3ffebe00
3f11ae00
3fff6000
3f115400
40040c00
3f0c7c00
3f871200
3f87b600
3f8ee000
3f816c80
3f904800
3f804a80
3f990000
3f728900
3f9d9200
3f6b2c00
3fa22400
3f63cf00
3fab0000
3f558900
3fad9400
3f552000
3fb22600
3f504d00
3fbb0200
3f46f300
3fbf8200
3f423300
3fc41400
3f3d6000
3fcd0200
3f33f300
3fcc3600
3f347400
3fd41600
3f2e5400
3fdcf200
3f277000
3fde3600
3f267400
3fe61600
3f205400
3feece00
3f198c00
3fee2600
3f1ae600
3ff61800
3f167c00
3ffebe00
3f11ae00
3fff6000
3f115400
40040c00
3f0c7c00
3f872400
3f87c480
3f8ef200
3f817b00
3f905a00
3f805900
3f991200
3f72a600
3f9da400
3f6b4900
3fa23600
3f63ec00
3fab1200
3f55a600
3fadaa00
3f553700
3fb23c00
3f506400
3fbb1800
3f470a00
3fbf9800
3f424a00
3fc42a00
3f3d7700
3fcd1800
3f340a00
3fcc5000
3f348800
3fd43000
3f2e6800
3fdd0c00
3f278400
3fde5000
3f268800
3fe63000
3f206800
3feee800
3f19a000
3fee4400
3f1af700
3ff63600
3f168d00
3ffedc00
3f11bf00
3fff7e00
3f116500
40041b00
3f0c8d00
3f872400
3f87c480
3f8ef200
3f817b00
3f905a00
3f805900
3f991200
3f72a600
3f9da400
3f6b4900
3fa23600
3f63ec00
3fab1200
3f55a600
3fadaa00
3f553700
3fb23c00
3f506400
3fbb1800
3f470a00
3fbf9800
3f424a00
3fc42a00
3f3d7700
3fcd1800
3f340a00
3fcc5000
3f348800
3fd43000
3f2e6800
3fdd0c00
3f278400
3fde5000
3f268800
3fe63000
3f206800
3feee800
3f19a000
3fee4400
3f1af700
3ff63600
3f168d00
3ffedc00
3f11bf00
3fff7e00
3f116500
40041b00
3f0c8d00
3f874800
3f87e180
3f8f1600
3f819800
3f907e00
3f807600
3f993600
3f72e000
3f9dc800
3f6b8300
3fa25a00
3f642600
3fab3600
3f55e000
3fadd600
3f556500
3fb26800
3f509200
3fbb4400
3f473800
3fbfc400
3f427800
3fc45600
3f3da500
3fcd4400
3f343800
3fcc8400
3f34b000
3fd46400
3f2e9000
3fdd4000
3f27ac00
3fde8400
3f26b000
3fe66400
3f209000
3fef1c00
3f19c800
3fee8000
3f1b1900
3ff67200
3f16af00
3fff1800
3f11e100
3fffba00
3f118700
40043900
3f0caf00
3f875a00
3f87f000
3f8f2800
3f81a680
3f909000
3f808480
3f994800
3f72fd00
3f9dda00
3f6ba000
3fa26c00
3f644300
3fab4800
3f55fd00
3fadec00
3f557c00
3fb27e00
3f50a900
3fbb5a00
3f474f00
3fbfda00
3f428f00
3fc46c00
3f3dbc00
3fcd5a00
3f344f00
3fcc9e00
3f34c400
3fd47e00
3f2ea400
3fdd5a00
3f27c000
3fde9e00
3f26c400
3fe67e00
3f20a400
3fef3600
3f19dc00
3fee9e00
3f1b2a00
3ff69000
3f16c000
3fff3600
3f11f200
3fffd800
3f119800
40044800
3f0cc000
3f875a00
3f87f000
3f8f2800
3f81a680
3f909000
3f808480
3f994800
3f72fd00
3f9dda00
3f6ba000
3fa26c00
3f644300
3fab4800
3f55fd00
3fadec00
3f557c00
3fb27e00
3f50a900
3fbb5a00
3f474f00
3fbfda00
3f428f00
3fc46c00
3f3dbc00
3fcd5a00
3f344f00
3fcc9e00
3f34c400
3fd47e00
3f2ea400
3fdd5a00
3f27c000
3fde9e00
3f26c400
3fe67e00
3f20a400
3fef3600
3f19dc00
3fee9e00
3f1b2a00
3ff69000
3f16c000
3fff3600
3f11f200
3fffd800
3f119800
40044800
3f0cc000
3f882000
3f888f80
3f8fee00
3f824600
3f915600
3f812400
3f9a0e00
3f743c00
3f9ea000
3f6cdf00
3fa33200
3f658200
3fac0e00
3f573c00
3faede00
3f567900
3fb37000
3f51a600
3fbc4c00
3f484c00
3fc0cc00
3f438c00
3fc55e00
3f3eb900
3fce4c00
3f354c00
3fcdbc00
3f35a000
3fd59c00
3f2f8000
3fde7800
3f289c00
3fdfbc00
3f27a000
3fe79c00
3f218000
3ff05400
3f1ab800
3fefe800
3f1be500
3ff7da00
3f177b00
40004000
3f12ad00
40009100
3f125300
4004ed00
3f0d7b00
3f883200
3f889e00
3f900000
3f825480
3f916800
3f813280
3f9a2000
3f745900
3f9eb200
3f6cfc00
3fa34400
3f659f00
3fac2000
3f575900
3faef400
3f569000
3fb38600
3f51bd00
3fbc6200
3f486300
3fc0e200
3f43a300
3fc57400
3f3ed000
3fce6200
3f356300
3fcdd600
3f35b400
3fd5b600
3f2f9400
3fde9200
3f28b000
3fdfd600
3f27b400
3fe7b600
3f219400
3ff06e00
3f1acc00
3ff00600
3f1bf600
3ff7f800
3f178c00
40004f00
3f12be00
4000a000
3f126400
4004fc00
3f0d8c00
3f883200
3f889e00
3f900000
3f825480
3f916800
3f813280
3f9a2000
3f745900
3f9eb200
3f6cfc00
3fa34400
3f659f00
3fac2000
3f575900
3faef400
3f569000
3fb38600
3f51bd00
3fbc6200
3f486300
3fc0e200
3f43a300
3fc57400
3f3ed000
3fce6200
3f356300
3fcdd600
3f35b400
3fd5b600
3f2f9400
3fde9200
3f28b000
3fdfd600
3f27b400
3fe7b600
3f219400
3ff06e00
3f1acc00
3ff00600
3f1bf600
3ff7f800
3f178c00
40004f00
3f12be00
4000a000
3f126400
4004fc00
3f0d8c00
3f8b8000
3f8b4780
3f934e00
3f84fe00
3f94b600
3f83dc00
3f9d6e00
3f79ac00
3fa20000
3f724f00
3fa69200
3f6af200
3faf6e00
3f5cac00
3fb2fe00
3f5ac900
3fb79000
3f55f600
3fc06c00
3f4c9c00
3fc4ec00
3f47dc00
3fc97e00
3f430900
3fd26c00
3f399c00
3fd29c00
3f396000
3fda7c00
3f334000
3fe35800
3f2c5c00
3fe49c00
3f2b6000
3fec7c00
3f254000
3ff53400
3f1e7800
3ff58800
3f1f1500
3ffd7a00
3f1aab00
40031000
3f15dd00
40036100
3f158300
4007bd00
3f10ab00
3f8b9200
3f8b5600
3f936000
3f850c80
3f94c800
3f83ea80
3f9d8000
3f79c900
3fa21200
3f726c00
3fa6a400
3f6b0f00
3faf8000
3f5cc900
3fb31400
3f5ae000
3fb7a600
3f560d00
3fc08200
3f4cb300
3fc50200
3f47f300
3fc99400
3f432000
3fd28200
3f39b300
3fd2b600
3f397400
3fda9600
3f335400
3fe37200
3f2c7000
3fe4b600
3f2b7400
3fec9600
3f255400
3ff54e00
3f1e8c00
3ff5a600
3f1f2600
3ffd9800
3f1abc00
40031f00
3f15ee00
40037000
3f159400
4007cc00
3f10bc00
3f8b9200
3f8b5600
3f936000
3f850c80
3f94c800
3f83ea80
3f9d8000
3f79c900
3fa21200
3f726c00
3fa6a400
3f6b0f00
3faf8000
3f5cc900
3fb31400
3f5ae000
3fb7a600
3f560d00
3fc08200
3f4cb300
3fc50200
3f47f300
3fc99400
3f432000
3fd28200
3f39b300
3fd2b600
3f397400
3fda9600
3f335400
3fe37200
3f2c7000
3fe4b600
3f2b7400
3fec9600
3f255400
3ff54e00
3f1e8c00
3ff5a600
3f1f2600
3ffd9800
3f1abc00
40031f00
3f15ee00
40037000
3f159400
4007cc00
3f10bc00
3f8ee000
3f8dff80
3f96ae00
3f87b600
3f981600
3f869400
3fa0ce00
3f7f1c00
3fa56000
3f77bf00
3fa9f200
3f706200
3fb2ce00
3f621c00
3fb71e00
3f5f1900
3fbbb000
3f5a4600
3fc48c00
3f50ec00
3fc90c00
3f4c2c00
3fcd9e00
3f475900
3fd68c00
3f3dec00
3fd77c00
3f3d2000
3fdf5c00
3f370000
3fe83800
3f301c00
3fe97c00
3f2f2000
3ff15c00
3f290000
3ffa1400
3f223800
3ffb2800
3f224500
40018d00
3f1ddb00
4005e000
3f190d00
40063100
3f18b300
400a8d00
3f13db00
3f8ef200
3f8e0e00
3f96c000
3f87c480
3f982800
3f86a280
3fa0e000
3f7f3900
3fa57200
3f77dc00
3faa0400
3f707f00
3fb2e000
3f623900
3fb73400
3f5f3000
3fbbc600
3f5a5d00
3fc4a200
3f510300
3fc92200
3f4c4300
3fcdb400
3f477000
3fd6a200
3f3e0300
3fd79600
3f3d3400
3fdf7600
3f371400
3fe85200
3f303000
3fe99600
3f2f3400
3ff17600
3f291400
3ffa2e00
3f224c00
3ffb4600
3f225600
40019c00
3f1dec00
4005ef00
3f191e00
40064000
3f18c400
400a9c00
3f13ec00
3f8fb800
3f8ead80
3f978600
3f886400
3f98ee00
3f874200
3fa1a600
3f803c00
3fa63800
3f791b00
3faaca00
3f71be00
3fb3a600
3f637800
3fb82600
3f602d00
3fbcb800
3f5b5a00
3fc59400
3f520000
3fca1400
3f4d4000
3fcea600
3f486d00
3fd79400
3f3f0000
3fd8b400
3f3e1000
3fe09400
3f37f000
3fe97000
3f310c00
3feab400
3f301000
3ff29400
3f29f000
3ffb4c00
3f232800
3ffc9000
3f231100
40024100
3f1ea700
40069400
3f19d900
4006e500
3f197f00
400b4100
3f14a700
3f8fca00
3f8ebc00
3f979800
3f887280
3f990000
3f875080
3fa1b800
3f804a80
3fa64a00
3f793800
3faadc00
3f71db00
3fb3b800
3f639500
3fb83c00
3f604400
3fbcce00
3f5b7100
3fc5aa00
3f521700
3fca2a00
3f4d5700
3fcebc00
3f488400
3fd7aa00
3f3f1700
3fd8ce00
3f3e2400
3fe0ae00
3f380400
3fe98a00
3f312000
3feace00
3f302400
3ff2ae00
3f2a0400
3ffb6600
3f233c00
3ffcae00
3f232200
40025000
3f1eb800
4006a300
3f19ea00
4006f400
3f199000
400b5000
3f14b800
3f8fee00
3f8ed900
3f97bc00
3f888f80
3f992400
3f876d80
3fa1dc00
3f806780
3fa66e00
3f797200
3fab0000
3f721500
3fb3dc00
3f63cf00
3fb86800
3f607200
3fbcfa00
3f5b9f00
3fc5d600
3f524500
3fca5600
3f4d8500
3fcee800
3f48b200
3fd7d600
3f3f4500
3fd90200
3f3e4c00
3fe0e200
3f382c00
3fe9be00
3f314800
3feb0200
3f304c00
3ff2e200
3f2a2c00
3ffb9a00
3f236400
3ffcea00
3f234400
40026e00
3f1eda00
4006c100
3f1a0c00
40071200
3f19b200
400b6e00
3f14da00
3f900000
3f8ee780
3f97ce00
3f889e00
3f993600
3f877c00
3fa1ee00
3f807600
3fa68000
3f798f00
3fab1200
3f723200
3fb3ee00
3f63ec00
3fb87e00
3f608900
3fbd1000
3f5bb600
3fc5ec00
3f525c00
3fca6c00
3f4d9c00
3fcefe00
3f48c900
3fd7ec00
3f3f5c00
3fd91c00
3f3e6000
3fe0fc00
3f384000
3fe9d800
3f315c00
3feb1c00
3f306000
3ff2fc00
3f2a4000
3ffbb400
3f237800
3ffd0800
3f235500
40027d00
3f1eeb00
4006d000
3f1a1d00
40072100
3f19c300
400b7d00
3f14eb00
3f900000
3f8ee780
3f97ce00
3f889e00
3f993600
3f877c00
3fa1ee00
3f807600
3fa68000
3f798f00
3fab1200
3f723200
3fb3ee00
3f63ec00
3fb87e00
3f608900
3fbd1000
3f5bb600
3fc5ec00
3f525c00
3fca6c00
3f4d9c00
3fcefe00
3f48c900
3fd7ec00
3f3f5c00
3fd91c00
3f3e6000
3fe0fc00
3f384000
3fe9d800
3f315c00
3feb1c00
3f306000
3ff2fc00
3f2a4000
3ffbb400
3f237800
3ffd0800
3f235500
40027d00
3f1eeb00
4006d000
3f1a1d00
40072100
3f19c300
400b7d00
3f14eb00
3f900000
3f8ee780
3f97ce00
3f889e00
3f993600
3f877c00
3fa1ee00
3f807600
3fa68000
3f798f00
3fab1200
3f723200
3fb3ee00
3f63ec00
3fb87e00
3f608900
3fbd1000
3f5bb600
3fc5ec00
3f525c00
3fca6c00
3f4d9c00
3fcefe00
3f48c900
3fd7ec00
3f3f5c00
3fd91c00
3f3e6000
3fe0fc00
3f384000
3fe9d800
3f315c00
3feb1c00
3f306000
3ff2fc00
3f2a4000
3ffbb400
3f237800
3ffd0800
3f235500
40027d00
3f1eeb00
4006d000
3f1a1d00
40072100
3f19c300
400b7d00
3f14eb00
3f900000
3f8ee780
3f97ce00
3f889e00
3f993600
3f877c00
3fa1ee00
3f807600
3fa68000
3f798f00
3fab1200
3f723200
3fb3ee00
3f63ec00
3fb87e00
3f608900
3fbd1000
3f5bb600
3fc5ec00
3f525c00
3fca6c00
3f4d9c00
3fcefe00
3f48c900
3fd7ec00
3f3f5c00
3fd91c00
3f3e6000
3fe0fc00
3f384000
3fe9d800
3f315c00
3feb1c00
3f306000
3ff2fc00
3f2a4000
3ffbb400
3f237800
3ffd0800
3f235500
40027d00
3f1eeb00
4006d000
3f1a1d00
40072100
3f19c300
400b7d00
3f14eb00
3f901200
3f8ef600
3f97e000
3f88ac80
3f994800
3f878a80
3fa20000
3f808480
3fa69200
3f79ac00
3fab2400
3f724f00
3fb40000
3f640900
3fb89400
3f60a000
3fbd2600
3f5bcd00
3fc60200
3f527300
3fca8200
3f4db300
3fcf1400
3f48e000
3fd80200
3f3f7300
3fd93600
3f3e7400
3fe11600
3f385400
3fe9f200
3f317000
3feb3600
3f307400
3ff31600
3f2a5400
3ffbce00
3f238c00
3ffd2600
3f236600
40028c00
3f1efc00
4006df00
3f1a2e00
40073000
3f19d400
400b8c00
3f14fc00
3f901200
3f8ef600
3f97e000
3f88ac80
3f994800
3f878a80
3fa20000
3f808480
3fa69200
3f79ac00
3fab2400
3f724f00
3fb40000
3f640900
3fb89400
3f60a000
3fbd2600
3f5bcd00
3fc60200
3f527300
3fca8200
3f4db300
3fcf1400
3f48e000
3fd80200
3f3f7300
3fd93600
3f3e7400
3fe11600
3f385400
3fe9f200
3f317000
3feb3600
3f307400
3ff31600
3f2a5400
3ffbce00
3f238c00
3ffd2600
3f236600
40028c00
3f1efc00
4006df00
3f1a2e00
40073000
3f19d400
400b8c00
3f14fc00
3f901200
3f8ef600
3f97e000
3f88ac80
3f994800
3f878a80
3fa20000
3f808480
3fa69200
3f79ac00
3fab2400
3f724f00
3fb40000
3f640900
3fb89400
3f60a000
3fbd2600
3f5bcd00
3fc60200
3f527300
3fca8200
3f4db300
3fcf1400
3f48e000
3fd80200
3f3f7300
3fd93600
3f3e7400
3fe11600
3f385400
3fe9f200
3f317000
3feb3600
3f307400
3ff31600
3f2a5400
3ffbce00
3f238c00
3ffd2600
3f236600
40028c00
3f1efc00
4006df00
3f1a2e00
40073000
3f19d400
400b8c00
3f14fc00
3f901200
3f8ef600
3f97e000
3f88ac80
3f994800
3f878a80
3fa20000
3f808480
3fa69200
3f79ac00
3fab2400
3f724f00
3fb40000
3f640900
3fb89400
3f60a000
3fbd2600
3f5bcd00
3fc60200
3f527300
3fca8200
3f4db300
3fcf1400
3f48e000
3fd80200
3f3f7300
3fd93600
3f3e7400
3fe11600
3f385400
3fe9f200
3f317000
3feb3600
3f307400
3ff31600
3f2a5400
3ffbce00
3f238c00
3ffd2600
3f236600
40028c00
3f1efc00
4006df00
3f1a2e00
40073000
3f19d400
400b8c00
3f14fc00
3f901200
3f8ef600
3f97e000
3f88ac80
3f994800
3f878a80
3fa20000
3f808480
3fa69200
3f79ac00
3fab2400
3f724f00
3fb40000
3f640900
3fb89400
3f60a000
3fbd2600
3f5bcd00
3fc60200
3f527300
3fca8200
3f4db300
3fcf1400
3f48e000
3fd80200
3f3f7300
3fd93600
3f3e7400
3fe11600
3f385400
3fe9f200
3f317000
3feb3600
3f307400
3ff31600
3f2a5400
3ffbce00
3f238c00
3ffd2600
3f236600
40028c00
3f1efc00
4006df00
3f1a2e00
40073000
3f19d400
400b8c00
3f14fc00
3f901200
3f8ef600
3f97e000
3f88ac80
3f994800
3f878a80
3fa20000
3f808480
3fa69200
3f79ac00
3fab2400
3f724f00
3fb40000
3f640900
3fb89400
3f60a000
3fbd2600
3f5bcd00
3fc60200
3f527300
3fca8200
3f4db300
3fcf1400
3f48e000
3fd80200
3f3f7300
3fd93600
3f3e7400
3fe11600
3f385400
3fe9f200
3f317000
3feb3600
3f307400
3ff31600
3f2a5400
3ffbce00
3f238c00
3ffd2600
3f236600
40028c00
3f1efc00
4006df00
3f1a2e00
40073000
3f19d400
400b8c00
3f14fc00
3f902400
3f8f0480
3f97f200
3f88bb00
3f995a00
3f879900
3fa21200
3f809300
3fa6a400
3f79c900
3fab3600
3f726c00
3fb41200
3f642600
3fb8aa00
3f60b700
3fbd3c00
3f5be400
3fc61800
3f528a00
3fca9800
3f4dca00
3fcf2a00
3f48f700
3fd81800
3f3f8a00
3fd95000
3f3e8800
3fe13000
3f386800
3fea0c00
3f318400
3feb5000
3f308800
3ff33000
3f2a6800
3ffbe800
3f23a000
3ffd4400
3f237700
40029b00
3f1f0d00
4006ee00
3f1a3f00
40073f00
3f19e500
400b9b00
3f150d00
3f902400
3f8f0480
3f97f200
3f88bb00
3f995a00
3f879900
3fa21200
3f809300
3fa6a400
3f79c900
3fab3600
3f726c00
3fb41200
3f642600
3fb8aa00
3f60b700
3fbd3c00
3f5be400
3fc61800
3f528a00
3fca9800
3f4dca00
3fcf2a00
3f48f700
3fd81800
3f3f8a00
3fd95000
3f3e8800
3fe13000
3f386800
3fea0c00
3f318400
3feb5000
3f308800
3ff33000
3f2a6800
3ffbe800
3f23a000
3ffd4400
3f237700
40029b00
3f1f0d00
4006ee00
3f1a3f00
40073f00
3f19e500
400b9b00
3f150d00
3f904800
3f8f2180
3f981600
3f88d800
3f997e00
3f87b600
3fa23600
3f80b000
3fa6c800
3f7a0300
3fab5a00
3f72a600
3fb43600
3f646000
3fb8d600
3f60e500
3fbd6800
3f5c1200
3fc64400
3f52b800
3fcac400
3f4df800
3fcf5600
3f492500
3fd84400
3f3fb800
3fd98400
3f3eb000
3fe16400
3f389000
3fea4000
3f31ac00
3feb8400
3f30b000
3ff36400
3f2a9000
3ffc1c00
3f23c800
3ffd8000
3f239900
4002b900
3f1f2f00
40070c00
3f1a6100
40075d00
3f1a0700
400bb900
3f152f00
3f905a00
3f8f3000
3f982800
3f88e680
3f999000
3f87c480
3fa24800
3f80be80
3fa6da00
3f7a2000
3fab6c00
3f72c300
3fb44800
3f647d00
3fb8ec00
3f60fc00
3fbd7e00
3f5c2900
3fc65a00
3f52cf00
3fcada00
3f4e0f00
3fcf6c00
3f493c00
3fd85a00
3f3fcf00
3fd99e00
3f3ec400
3fe17e00
3f38a400
3fea5a00
3f31c000
3feb9e00
3f30c400
3ff37e00
3f2aa400
3ffc3600
3f23dc00
3ffd9e00
3f23aa00
4002c800
3f1f4000
40071b00
3f1a7200
40076c00
3f1a1800
400bc800
3f154000
3f905a00
3f8f3000
3f982800
3f88e680
3f999000
3f87c480
3fa24800
3f80be80
3fa6da00
3f7a2000
3fab6c00
3f72c300
3fb44800
3f647d00
3fb8ec00
3f60fc00
3fbd7e00
3f5c2900
3fc65a00
3f52cf00
3fcada00
3f4e0f00
3fcf6c00
3f493c00
3fd85a00
3f3fcf00
3fd99e00
3f3ec400
3fe17e00
3f38a400
3fea5a00
3f31c000
3feb9e00
3f30c400
3ff37e00
3f2aa400
3ffc3600
3f23dc00
3ffd9e00
3f23aa00
4002c800
3f1f4000
40071b00
3f1a7200
40076c00
3f1a1800
400bc800
3f154000
3f912000
3f8fcf80
3f98ee00
3f898600
3f9a5600
3f886400
3fa30e00
3f815e00
3fa7a000
3f7b5f00
3fac3200
3f740200
3fb50e00
3f65bc00
3fb9de00
3f61f900
3fbe7000
3f5d2600
3fc74c00
3f53cc00
3fcbcc00
3f4f0c00
3fd05e00
3f4a3900
3fd94c00
3f40cc00
3fdabc00
3f3fa000
3fe29c00
3f398000
3feb7800
3f329c00
3fecbc00
3f31a000
3ff49c00
3f2b8000
3ffd5400
3f24b800
3ffee800
3f246500
40036d00
3f1ffb00
4007c000
3f1b2d00
40081100
3f1ad300
400c6d00
3f15fb00
3f913200
3f8fde00
3f990000
3f899480
3f9a6800
3f887280
3fa32000
3f816c80
3fa7b200
3f7b7c00
3fac4400
3f741f00
3fb52000
3f65d900
3fb9f400
3f621000
3fbe8600
3f5d3d00
3fc76200
3f53e300
3fcbe200
3f4f2300
3fd07400
3f4a5000
3fd96200
3f40e300
3fdad600
3f3fb400
3fe2b600
3f399400
3feb9200
3f32b000
3fecd600
3f31b400
3ff4b600
3f2b9400
3ffd6e00
3f24cc00
3fff0600
3f247600
40037c00
3f200c00
4007cf00
3f1b3e00
40082000
3f1ae400
400c7c00
3f160c00
3f913200
3f8fde00
3f990000
3f899480
3f9a6800
3f887280
3fa32000
3f816c80
3fa7b200
3f7b7c00
3fac4400
3f741f00
3fb52000
3f65d900
3fb9f400
3f621000
3fbe8600
3f5d3d00
3fc76200
3f53e300
3fcbe200
3f4f2300
3fd07400
3f4a5000
3fd96200
3f40e300
3fdad600
3f3fb400
3fe2b600
3f399400
3feb9200
3f32b000
3fecd600
3f31b400
3ff4b600
3f2b9400
3ffd6e00
3f24cc00
3fff0600
3f247600
40037c00
3f200c00
4007cf00
3f1b3e00
40082000
3f1ae400
400c7c00
3f160c00
3f948000
3f928780
3f9c4e00
3f8c3e00
3f9db600
3f8b1c00
3fa66e00
3f841600
3fab0000
3f806780
3faf9200
3f797200
3fb86e00
3f6b2c00
3fbdfe00
3f664900
3fc29000
3f617600
3fcb6c00
3f581c00
3fcfec00
3f535c00
3fd47e00
3f4e8900
3fdd6c00
3f451c00
3fdf9c00
3f436000
3fe77c00
3f3d4000
3ff05800
3f365c00
3ff19c00
3f356000
3ff97c00
3f2f4000
40011a00
3f287800
40024400
3f279500
40063d00
3f232b00
400a9000
3f1e5d00
400ae100
3f1e0300
400f3d00
3f192b00
3f949200
3f929600
3f9c6000
3f8c4c80
3f9dc800
3f8b2a80
3fa68000
3f842480
3fab1200
3f807600
3fafa400
3f798f00
3fb88000
3f6b4900
3fbe1400
3f666000
3fc2a600
3f618d00
3fcb8200
3f583300
3fd00200
3f537300
3fd49400
3f4ea000
3fdd8200
3f453300
3fdfb600
3f437400
3fe79600
3f3d5400
3ff07200
3f367000
3ff1b600
3f357400
3ff99600
3f2f5400
40012700
3f288c00
40025300
3f27a600
40064c00
3f233c00
400a9f00
3f1e6e00
400af000
3f1e1400
400f4c00
3f193c00
3f949200
3f929600
3f9c6000
3f8c4c80
3f9dc800
3f8b2a80
3fa68000
3f842480
3fab1200
3f807600
3fafa400
3f798f00
3fb88000
3f6b4900
3fbe1400
3f666000
3fc2a600
3f618d00
3fcb8200
3f583300
3fd00200
3f537300
3fd49400
3f4ea000
3fdd8200
3f453300
3fdfb600
3f437400
3fe79600
3f3d5400
3ff07200
3f367000
3ff1b600
3f357400
3ff99600
3f2f5400
40012700
3f288c00
40025300
3f27a600
40064c00
3f233c00
400a9f00
3f1e6e00
400af000
3f1e1400
400f4c00
3f193c00
3f97e000
3f953f80
3f9fae00
3f8ef600
3fa11600
3f8dd400
3fa9ce00
3f86ce00
3fae6000
3f831f80
3fb2f200
3f7ee200
3fbbce00
3f709c00
3fc21e00
3f6a9900
3fc6b000
3f65c600
3fcf8c00
3f5c6c00
3fd40c00
3f57ac00
3fd89e00
3f52d900
3fe18c00
3f496c00
3fe47c00
3f472000
3fec5c00
3f410000
3ff53800
3f3a1c00
3ff67c00
3f392000
3ffe5c00
3f330000
40038a00
3f2c3800
40051400
3f2ac500
40090d00
3f265b00
400d6000
3f218d00
400db100
3f213300
40120d00
3f1c5b00
3f97f200
3f954e00
3f9fc000
3f8f0480
3fa12800
3f8de280
3fa9e000
3f86dc80
3fae7200
3f832e00
3fb30400
3f7eff00
3fbbe000
3f70b900
3fc23400
3f6ab000
3fc6c600
3f65dd00
3fcfa200
3f5c8300
3fd42200
3f57c300
3fd8b400
3f52f000
3fe1a200
3f498300
3fe49600
3f473400
3fec7600
3f411400
3ff55200
3f3a3000
3ff69600
3f393400
3ffe7600
3f331400
40039700
3f2c4c00
40052300
3f2ad600
40091c00
3f266c00
400d6f00
3f219e00
400dc000
3f214400
40121c00
3f1c6c00
3f98b800
3f95ed80
3fa08600
3f8fa400
3fa1ee00
3f8e8200
3faaa600
3f877c00
3faf3800
3f83cd80
3fb3ca00
3f801f00
3fbca600
3f71f800
3fc32600
3f6bad00
3fc7b800
3f66da00
3fd09400
3f5d8000
3fd51400
3f58c000
3fd9a600
3f53ed00
3fe29400
3f4a8000
3fe5b400
3f481000
3fed9400
3f41f000
3ff67000
3f3b0c00
3ff7b400
3f3a1000
3fff9400
3f33f000
40042600
3f2d2800
4005c800
3f2b9100
4009c100
3f272700
400e1400
3f225900
400e6500
3f21ff00
4012c100
3f1d2700
3f98ca00
3f95fc00
3fa09800
3f8fb280
3fa20000
3f8e9080
3faab800
3f878a80
3faf4a00
3f83dc00
3fb3dc00
3f802d80
3fbcb800
3f721500
3fc33c00
3f6bc400
3fc7ce00
3f66f100
3fd0aa00
3f5d9700
3fd52a00
3f58d700
3fd9bc00
3f540400
3fe2aa00
3f4a9700
3fe5ce00
3f482400
3fedae00
3f420400
3ff68a00
3f3b2000
3ff7ce00
3f3a2400
3fffae00
3f340400
40043300
3f2d3c00
4005d700
3f2ba200
4009d000
3f273800
400e2300
3f226a00
400e7400
3f221000
4012d000
3f1d3800
3f98ee00
3f961900
3fa0bc00
3f8fcf80
3fa22400
3f8ead80
3faadc00
3f87a780
3faf6e00
3f83f900
3fb40000
3f804a80
3fbcdc00
3f724f00
3fc36800
3f6bf200
3fc7fa00
3f671f00
3fd0d600
3f5dc500
3fd55600
3f590500
3fd9e800
3f543200
3fe2d600
3f4ac500
3fe60200
3f484c00
3fede200
3f422c00
3ff6be00
3f3b4800
3ff80200
3f3a4c00
3fffe200
3f342c00
40044d00
3f2d6400
4005f500
3f2bc400
4009ee00
3f275a00
400e4100
3f228c00
400e9200
3f223200
4012ee00
3f1d5a00
3f990000
3f962780
3fa0ce00
3f8fde00
3fa23600
3f8ebc00
3faaee00
3f87b600
3faf8000
3f840780
3fb41200
3f805900
3fbcee00
3f726c00
3fc37e00
3f6c0900
3fc81000
3f673600
3fd0ec00
3f5ddc00
3fd56c00
3f591c00
3fd9fe00
3f544900
3fe2ec00
3f4adc00
3fe61c00
3f486000
3fedfc00
3f424000
3ff6d800
3f3b5c00
3ff81c00
3f3a6000
3ffffc00
3f344000
40045a00
3f2d7800
40060400
3f2bd500
4009fd00
3f276b00
400e5000
3f229d00
400ea100
3f224300
4012fd00
3f1d6b00
3f990000
3f962780
3fa0ce00
3f8fde00
3fa23600
3f8ebc00
3faaee00
3f87b600
3faf8000
3f840780
3fb41200
3f805900
3fbcee00
3f726c00
3fc37e00
3f6c0900
3fc81000
3f673600
3fd0ec00
3f5ddc00
3fd56c00
3f591c00
3fd9fe00
3f544900
3fe2ec00
3f4adc00
3fe61c00
3f486000
3fedfc00
3f424000
3ff6d800
3f3b5c00
3ff81c00
3f3a6000
3ffffc00
3f344000
40045a00
3f2d7800
40060400
3f2bd500
4009fd00
3f276b00
400e5000
3f229d00
400ea100
3f224300
4012fd00
3f1d6b00
3f990000
3f962780
3fa0ce00
3f8fde00
3fa23600
3f8ebc00
3faaee00
3f87b600
3faf8000
3f840780
3fb41200
3f805900
3fbcee00
3f726c00
3fc37e00
3f6c0900
3fc81000
3f673600
3fd0ec00
3f5ddc00
3fd56c00
3f591c00
3fd9fe00
3f544900
3fe2ec00
3f4adc00
3fe61c00
3f486000
3fedfc00
3f424000
3ff6d800
3f3b5c00
3ff81c00
3f3a6000
3ffffc00
3f344000
40045a00
3f2d7800
40060400
3f2bd500
4009fd00
3f276b00
400e5000
3f229d00
400ea100
3f224300
4012fd00
3f1d6b00
3f990000
3f962780
3fa0ce00
3f8fde00
3fa23600
3f8ebc00
3faaee00
3f87b600
3faf8000
3f840780
3fb41200
3f805900
3fbcee00
3f726c00
3fc37e00
3f6c0900
3fc81000
3f673600
3fd0ec00
3f5ddc00
3fd56c00
3f591c00
3fd9fe00
3f544900
3fe2ec00
3f4adc00
3fe61c00
3f486000
3fedfc00
3f424000
3ff6d800
3f3b5c00
3ff81c00
3f3a6000
3ffffc00
3f344000
40045a00
3f2d7800
40060400
3f2bd500
4009fd00
3f276b00
400e5000
3f229d00
400ea100
3f224300
4012fd00
3f1d6b00
3f991200
3f963600
3fa0e000
3f8fec80
3fa24800
3f8eca80
3fab0000
3f87c480
3faf9200
3f841600
3fb42400
3f806780
3fbd0000
3f728900
3fc39400
3f6c2000
3fc82600
3f674d00
3fd10200
3f5df300
3fd58200
3f593300
3fda1400
3f546000
3fe30200
3f4af300
3fe63600
3f487400
3fee1600
3f425400
3ff6f200
3f3b7000
3ff83600
3f3a7400
40000b00
3f345400
40046700
3f2d8c00
40061300
3f2be600
400a0c00
3f277c00
400e5f00
3f22ae00
400eb000
3f225400
40130c00
3f1d7c00
3f991200
3f963600
3fa0e000
3f8fec80
3fa24800
3f8eca80
3fab0000
3f87c480
3faf9200
3f841600
3fb42400
3f806780
3fbd0000
3f728900
3fc39400
3f6c2000
3fc82600
3f674d00
3fd10200
3f5df300
3fd58200
3f593300
3fda1400
3f546000
3fe30200
3f4af300
3fe63600
3f487400
3fee1600
3f425400
3ff6f200
3f3b7000
3ff83600
3f3a7400
40000b00
3f345400
40046700
3f2d8c00
40061300
3f2be600
400a0c00
3f277c00
400e5f00
3f22ae00
400eb000
3f225400
40130c00
3f1d7c00
3f991200
3f963600
3fa0e000
3f8fec80
3fa24800
3f8eca80
3fab0000
3f87c480
3faf9200
3f841600
3fb42400
3f806780
3fbd0000
3f728900
3fc39400
3f6c2000
3fc82600
3f674d00
3fd10200
3f5df300
3fd58200
3f593300
3fda1400
3f546000
3fe30200
3f4af300
3fe63600
3f487400
3fee1600
3f425400
3ff6f200
3f3b7000
3ff83600
3f3a7400
40000b00
3f345400
40046700
3f2d8c00
40061300
3f2be600
400a0c00
3f277c00
400e5f00
3f22ae00
400eb000
3f225400
40130c00
3f1d7c00
3f991200
3f963600
3fa0e000
3f8fec80
3fa24800
3f8eca80
3fab0000
3f87c480
3faf9200
3f841600
3fb42400
3f806780
3fbd0000
3f728900
3fc39400
3f6c2000
3fc82600
3f674d00
3fd10200
3f5df300
3fd58200
3f593300
3fda1400
3f546000
3fe30200
3f4af300
3fe63600
3f487400
3fee1600
3f425400
3ff6f200
3f3b7000
3ff83600
3f3a7400
40000b00
3f345400
40046700
3f2d8c00
40061300
3f2be600
400a0c00
3f277c00
400e5f00
3f22ae00
400eb000
3f225400
40130c00
3f1d7c00
3f991200
3f963600
3fa0e000
3f8fec80
3fa24800
3f8eca80
3fab0000
3f87c480
3faf9200
3f841600
3fb42400
3f806780
3fbd0000
3f728900
3fc39400
3f6c2000
3fc82600
3f674d00
3fd10200
3f5df300
3fd58200
3f593300
3fda1400
3f546000
3fe30200
3f4af300
3fe63600
3f487400
3fee1600
3f425400
3ff6f200
3f3b7000
3ff83600
3f3a7400
40000b00
3f345400
40046700
3f2d8c00
40061300
3f2be600
400a0c00
3f277c00
400e5f00
3f22ae00
400eb000
3f225400
40130c00
3f1d7c00
3f991200
3f963600
3fa0e000
3f8fec80
3fa24800
3f8eca80
3fab0000
3f87c480
3faf9200
3f841600
3fb42400
3f806780
3fbd0000
3f728900
3fc39400
3f6c2000
3fc82600
3f674d00
3fd10200
3f5df300
3fd58200
3f593300
3fda1400
3f546000
3fe30200
3f4af300
3fe63600
3f487400
3fee1600
3f425400
3ff6f200
3f3b7000
3ff83600
3f3a7400
40000b00
3f345400
40046700
3f2d8c00
40061300
3f2be600
400a0c00
3f277c00
400e5f00
3f22ae00
400eb000
3f225400
40130c00
3f1d7c00
3f992400
3f964480
3fa0f200
3f8ffb00
3fa25a00
3f8ed900
3fab1200
3f87d300
3fafa400
3f842480
3fb43600
3f807600
3fbd1200
3f72a600
3fc3aa00
3f6c3700
3fc83c00
3f676400
3fd11800
3f5e0a00
3fd59800
3f594a00
3fda2a00
3f547700
3fe31800
3f4b0a00
3fe65000
3f488800
3fee3000
3f426800
3ff70c00
3f3b8400
3ff85000
3f3a8800
40001800
3f346800
40047400
3f2da000
40062200
3f2bf700
400a1b00
3f278d00
400e6e00
3f22bf00
400ebf00
3f226500
40131b00
3f1d8d00
3f992400
3f964480
3fa0f200
3f8ffb00
3fa25a00
3f8ed900
3fab1200
3f87d300
3fafa400
3f842480
3fb43600
3f807600
3fbd1200
3f72a600
3fc3aa00
3f6c3700
3fc83c00
3f676400
3fd11800
3f5e0a00
3fd59800
3f594a00
3fda2a00
3f547700
3fe31800
3f4b0a00
3fe65000
3f488800
3fee3000
3f426800
3ff70c00
3f3b8400
3ff85000
3f3a8800
40001800
3f346800
40047400
3f2da000
40062200
3f2bf700
400a1b00
3f278d00
400e6e00
3f22bf00
400ebf00
3f226500
40131b00
3f1d8d00
3f994800
3f966180
3fa11600
3f901800
3fa27e00
3f8ef600
3fab3600
3f87f000
3fafc800
3f844180
3fb45a00
3f809300
3fbd3600
3f72e000
3fc3d600
3f6c6500
3fc86800
3f679200
3fd14400
3f5e3800
3fd5c400
3f597800
3fda5600
3f54a500
3fe34400
3f4b3800
3fe68400
3f48b000
3fee6400
3f429000
3ff74000
3f3bac00
3ff88400
3f3ab000
40003200
3f349000
40048e00
3f2dc800
40064000
3f2c1900
400a3900
3f27af00
400e8c00
3f22e100
400edd00
3f228700
40133900
3f1daf00
3f995a00
3f967000
3fa12800
3f902680
3fa29000
3f8f0480
3fab4800
3f87fe80
3fafda00
3f845000
3fb46c00
3f80a180
3fbd4800
3f72fd00
3fc3ec00
3f6c7c00
3fc87e00
3f67a900
3fd15a00
3f5e4f00
3fd5da00
3f598f00
3fda6c00
3f54bc00
3fe35a00
3f4b4f00
3fe69e00
3f48c400
3fee7e00
3f42a400
3ff75a00
3f3bc000
3ff89e00
3f3ac400
40003f00
3f34a400
40049b00
3f2ddc00
40064f00
3f2c2a00
400a4800
3f27c000
400e9b00
3f22f200
400eec00
3f229800
40134800
3f1dc000
3f995a00
3f967000
3fa12800
3f902680
3fa29000
3f8f0480
3fab4800
3f87fe80
3fafda00
3f845000
3fb46c00
3f80a180
3fbd4800
3f72fd00
3fc3ec00
3f6c7c00
3fc87e00
3f67a900
3fd15a00
3f5e4f00
3fd5da00
3f598f00
3fda6c00
3f54bc00
3fe35a00
3f4b4f00
3fe69e00
3f48c400
3fee7e00
3f42a400
3ff75a00
3f3bc000
3ff89e00
3f3ac400
40003f00
3f34a400
40049b00
3f2ddc00
40064f00
3f2c2a00
400a4800
3f27c000
400e9b00
3f22f200
400eec00
3f229800
40134800
3f1dc000
3f9a2000
3f970f80
3fa1ee00
3f90c600
3fa35600
3f8fa400
3fac0e00
3f889e00
3fb0a000
3f84ef80
3fb53200
3f814100
3fbe0e00
3f743c00
3fc4de00
3f6d7900
3fc97000
3f68a600
3fd24c00
3f5f4c00
3fd6cc00
3f5a8c00
3fdb5e00
3f55b900
3fe44c00
3f4c4c00
3fe7bc00
3f49a000
3fef9c00
3f438000
3ff87800
3f3c9c00
3ff9bc00
3f3ba000
4000ce00
3f358000
40052a00
3f2eb800
4006f400
3f2ce500
400aed00
3f287b00
400f4000
3f23ad00
400f9100
3f235300
4013ed00
3f1e7b00
3f9a3200
3f971e00
3fa20000
3f90d480
3fa36800
3f8fb280
3fac2000
3f88ac80
3fb0b200
3f84fe00
3fb54400
3f814f80
3fbe2000
3f745900
3fc4f400
3f6d9000
3fc98600
3f68bd00
3fd26200
3f5f6300
3fd6e200
3f5aa300
3fdb7400
3f55d000
3fe46200
3f4c6300
3fe7d600
3f49b400
3fefb600
3f439400
3ff89200
3f3cb000
3ff9d600
3f3bb400
4000db00
3f359400
40053700
3f2ecc00
40070300
3f2cf600
400afc00
3f288c00
400f4f00
3f23be00
400fa000
3f236400
4013fc00
3f1e8c00
3f9a3200
3f971e00
3fa20000
3f90d480
3fa36800
3f8fb280
3fac2000
3f88ac80
3fb0b200
3f84fe00
3fb54400
3f814f80
3fbe2000
3f745900
3fc4f400
3f6d9000
3fc98600
3f68bd00
3fd26200
3f5f6300
3fd6e200
3f5aa300
3fdb7400
3f55d000
3fe46200
3f4c6300
3fe7d600
3f49b400
3fefb600
3f439400
3ff89200
3f3cb000
3ff9d600
3f3bb400
4000db00
3f359400
40053700
3f2ecc00
40070300
3f2cf600
400afc00
3f288c00
400f4f00
3f23be00
400fa000
3f236400
4013fc00
3f1e8c00
3f9d8000
3f99c780
3fa54e00
3f937e00
3fa6b600
3f925c00
3faf6e00
3f8b5600
3fb40000
3f87a780
3fb89200
3f83f900
3fc16e00
3f79ac00
3fc8fe00
3f71c900
3fcd9000
3f6cf600
3fd66c00
3f639c00
3fdaec00
3f5edc00
3fdf7e00
3f5a0900
3fe86c00
3f509c00
3fec9c00
3f4d6000
3ff47c00
3f474000
3ffd5800
3f405c00
3ffe9c00
3f3f6000
40033e00
3f394000
40079a00
3f327800
4009c400
3f301500
400dbd00
3f2bab00
40121000
3f26dd00
40126100
3f268300
4016bd00
3f21ab00
3f9d9200
3f99d600
3fa56000
3f938c80
3fa6c800
3f926a80
3faf8000
3f8b6480
3fb41200
3f87b600
3fb8a400
3f840780
3fc18000
3f79c900
3fc91400
3f71e000
3fcda600
3f6d0d00
3fd68200
3f63b300
3fdb0200
3f5ef300
3fdf9400
3f5a2000
3fe88200
3f50b300
3fecb600
3f4d7400
3ff49600
3f475400
3ffd7200
3f407000
3ffeb600
3f3f7400
40034b00
3f395400
4007a700
3f328c00
4009d300
3f302600
400dcc00
3f2bbc00
40121f00
3f26ee00
40127000
3f269400
4016cc00
3f21bc00
3f9d9200
3f99d600
3fa56000
3f938c80
3fa6c800
3f926a80
3faf8000
3f8b6480
3fb41200
3f87b600
3fb8a400
3f840780
3fc18000
3f79c900
3fc91400
3f71e000
3fcda600
3f6d0d00
3fd68200
3f63b300
3fdb0200
3f5ef300
3fdf9400
3f5a2000
3fe88200
3f50b300
3fecb600
3f4d7400
3ff49600
3f475400
3ffd7200
3f407000
3ffeb600
3f3f7400
40034b00
3f395400
4007a700
3f328c00
4009d300
3f302600
400dcc00
3f2bbc00
40121f00
3f26ee00
40127000
3f269400
4016cc00
3f21bc00
3fa0e000
3f9c7f80
3fa8ae00
3f963600
3faa1600
3f951400
3fb2ce00
3f8e0e00
3fb76000
3f8a5f80
3fbbf200
3f86b100
3fc4ce00
3f7f1c00
3fcd1e00
3f761900
3fd1b000
3f714600
3fda8c00
3f67ec00
3fdf0c00
3f632c00
3fe39e00
3f5e5900
3fec8c00
3f54ec00
3ff17c00
3f512000
3ff95c00
3f4b0000
40011c00
3f441c00
4001be00
3f432000
4005ae00
3f3d0000
400a0a00
3f363800
400c9400
3f334500
40108d00
3f2edb00
4014e000
3f2a0d00
40153100
3f29b300
40198d00
3f24db00
3fa0f200
3f9c8e00
3fa8c000
3f964480
3faa2800
3f952280
3fb2e000
3f8e1c80
3fb77200
3f8a6e00
3fbc0400
3f86bf80
3fc4e000
3f7f3900
3fcd3400
3f763000
3fd1c600
3f715d00
3fdaa200
3f680300
3fdf2200
3f634300
3fe3b400
3f5e7000
3feca200
3f550300
3ff19600
3f513400
3ff97600
3f4b1400
40012900
3f443000
4001cb00
3f433400
4005bb00
3f3d1400
400a1700
3f364c00
400ca300
3f335600
40109c00
3f2eec00
4014ef00
3f2a1e00
40154000
3f29c400
40199c00
3f24ec00
3fa1b800
3f9d2d80
3fa98600
3f96e400
3faaee00
3f95c200
3fb3a600
3f8ebc00
3fb83800
3f8b0d80
3fbcca00
3f875f00
3fc5a600
3f803c00
3fce2600
3f772d00
3fd2b800
3f725a00
3fdb9400
3f690000
3fe01400
3f644000
3fe4a600
3f5f6d00
3fed9400
3f560000
3ff2b400
3f521000
3ffa9400
3f4bf000
4001b800
3f450c00
40025a00
3f441000
40064a00
3f3df000
400aa600
3f372800
400d4800
3f341100
40114100
3f2fa700
40159400
3f2ad900
4015e500
3f2a7f00
401a4100
3f25a700
3fa1ca00
3f9d3c00
3fa99800
3f96f280
3fab0000
3f95d080
3fb3b800
3f8eca80
3fb84a00
3f8b1c00
3fbcdc00
3f876d80
3fc5b800
3f804a80
3fce3c00
3f774400
3fd2ce00
3f727100
3fdbaa00
3f691700
3fe02a00
3f645700
3fe4bc00
3f5f8400
3fedaa00
3f561700
3ff2ce00
3f522400
3ffaae00
3f4c0400
4001c500
3f452000
40026700
3f442400
40065700
3f3e0400
400ab300
3f373c00
400d5700
3f342200
40115000
3f2fb800
4015a300
3f2aea00
4015f400
3f2a9000
401a5000
3f25b800
3fa1ee00
3f9d5900
3fa9bc00
3f970f80
3fab2400
3f95ed80
3fb3dc00
3f8ee780
3fb86e00
3f8b3900
3fbd0000
3f878a80
3fc5dc00
3f806780
3fce6800
3f777200
3fd2fa00
3f729f00
3fdbd600
3f694500
3fe05600
3f648500
3fe4e800
3f5fb200
3fedd600
3f564500
3ff30200
3f524c00
3ffae200
3f4c2c00
4001df00
3f454800
40028100
3f444c00
40067100
3f3e2c00
400acd00
3f376400
400d7500
3f344400
40116e00
3f2fda00
4015c100
3f2b0c00
40161200
3f2ab200
401a6e00
3f25da00
3fa20000
3f9d6780
3fa9ce00
3f971e00
3fab3600
3f95fc00
3fb3ee00
3f8ef600
3fb88000
3f8b4780
3fbd1200
3f879900
3fc5ee00
3f807600
3fce7e00
3f778900
3fd31000
3f72b600
3fdbec00
3f695c00
3fe06c00
3f649c00
3fe4fe00
3f5fc900
3fedec00
3f565c00
3ff31c00
3f526000
3ffafc00
3f4c4000
4001ec00
3f455c00
40028e00
3f446000
40067e00
3f3e4000
400ada00
3f377800
400d8400
3f345500
40117d00
3f2feb00
4015d000
3f2b1d00
40162100
3f2ac300
401a7d00
3f25eb00
3fa20000
3f9d6780
3fa9ce00
3f971e00
3fab3600
3f95fc00
3fb3ee00
3f8ef600
3fb88000
3f8b4780
3fbd1200
3f879900
3fc5ee00
3f807600
3fce7e00
3f778900
3fd31000
3f72b600
3fdbec00
3f695c00
3fe06c00
3f649c00
3fe4fe00
3f5fc900
3fedec00
3f565c00
3ff31c00
3f526000
3ffafc00
3f4c4000
4001ec00
3f455c00
40028e00
3f446000
40067e00
3f3e4000
400ada00
3f377800
400d8400
3f345500
40117d00
3f2feb00
4015d000
3f2b1d00
40162100
3f2ac300
401a7d00
3f25eb00
3fa20000
3f9d6780
3fa9ce00
3f971e00
3fab3600
3f95fc00
3fb3ee00
3f8ef600
3fb88000
3f8b4780
3fbd1200
3f879900
3fc5ee00
3f807600
3fce7e00
3f778900
3fd31000
3f72b600
3fdbec00
3f695c00
3fe06c00
3f649c00
3fe4fe00
3f5fc900
3fedec00
3f565c00
3ff31c00
3f526000
3ffafc00
3f4c4000
4001ec00
3f455c00
40028e00
3f446000
40067e00
3f3e4000
400ada00
3f377800
400d8400
3f345500
40117d00
3f2feb00
4015d000
3f2b1d00
40162100
3f2ac300
401a7d00
3f25eb00
3fa20000
3f9d6780
3fa9ce00
3f971e00
3fab3600
3f95fc00
3fb3ee00
3f8ef600
3fb88000
3f8b4780
3fbd1200
3f879900
3fc5ee00
3f807600
3fce7e00
3f778900
3fd31000
3f72b600
3fdbec00
3f695c00
3fe06c00
3f649c00
3fe4fe00
3f5fc900
3fedec00
3f565c00
3ff31c00
3f526000
3ffafc00
3f4c4000
4001ec00
3f455c00
40028e00
3f446000
40067e00
3f3e4000
400ada00
3f377800
400d8400
3f345500
40117d00
3f2feb00
4015d000
3f2b1d00
40162100
3f2ac300
401a7d00
3f25eb00
3f9e1400
3fa00200
3fa79e00
3f986b80
3fa95600
3f970d80
3fb3fe00
3f8e9380
3fb99400
3f8a2200
3fbf2a00
3f85b080
3fc9fe00
3f7a2700
3fcb9600
3f7b6000
3fd12c00
3f758900
3fdc0000
3f6a3700
3fe18000
3f647700
3fe71600
3f5ea000
3ff20000
3f533700
3fef7800
3f54ac00
3ff91800
3f4d3c00
4001f600
3f44de00
4002bc00
3f43ac00
40078c00
3f3c3c00
400ce000
3f340000
400bb200
3f377100
40108d00
3f31b400
4015d600
3f2b7500
40163900
3f2b0000
401b8d00
3f24b400
3f9e1400
3fa00200
3fa79e00
3f986b80
3fa95600
3f970d80
3fb3fe00
3f8e9380
3fb99400
3f8a2200
3fbf2a00
3f85b080
3fc9fe00
3f7a2700
3fcb9600
3f7b6000
3fd12c00
3f758900
3fdc0000
3f6a3700
3fe18000
3f647700
3fe71600
3f5ea000
3ff20000
3f533700
3fef7800
3f54ac00
3ff91800
3f4d3c00
4001f600
3f44de00
4002bc00
3f43ac00
40078c00
3f3c3c00
400ce000
3f340000
400bb200
3f377100
40108d00
3f31b400
4015d600
3f2b7500
40163900
3f2b0000
401b8d00
3f24b400
3f9e1400
3fa00200
3fa79e00
3f986b80
3fa95600
3f970d80
3fb3fe00
3f8e9380
3fb99400
3f8a2200
3fbf2a00
3f85b080
3fc9fe00
3f7a2700
3fcb9600
3f7b6000
3fd12c00
3f758900
3fdc0000
3f6a3700
3fe18000
3f647700
3fe71600
3f5ea000
3ff20000
3f533700
3fef7800
3f54ac00
3ff91800
3f4d3c00
4001f600
3f44de00
4002bc00
3f43ac00
40078c00
3f3c3c00
400ce000
3f340000
400bb200
3f377100
40108d00
3f31b400
4015d600
3f2b7500
40163900
3f2b0000
401b8d00
3f24b400
3f9e1400
3fa00200
3fa79e00
3f986b80
3fa95600
3f970d80
3fb3fe00
3f8e9380
3fb99400
3f8a2200
3fbf2a00
3f85b080
3fc9fe00
3f7a2700
3fcb9600
3f7b6000
3fd12c00
3f758900
3fdc0000
3f6a3700
3fe18000
3f647700
3fe71600
3f5ea000
3ff20000
3f533700
3fef7800
3f54ac00
3ff91800
3f4d3c00
4001f600
3f44de00
4002bc00
3f43ac00
40078c00
3f3c3c00
400ce000
3f340000
400bb200
3f377100
40108d00
3f31b400
4015d600
3f2b7500
40163900
3f2b0000
401b8d00
3f24b400
3f9e1400
3fa00200
3fa79e00
3f986b80
3fa95600
3f970d80
3fb3fe00
3f8e9380
3fb99400
3f8a2200
3fbf2a00
3f85b080
3fc9fe00
3f7a2700
3fcb9600
3f7b6000
3fd12c00
3f758900
3fdc0000
3f6a3700
3fe18000
3f647700
3fe71600
3f5ea000
3ff20000
3f533700
3fef7800
3f54ac00
3ff91800
3f4d3c00
4001f600
3f44de00
4002bc00
3f43ac00
40078c00
3f3c3c00
400ce000
3f340000
400bb200
3f377100
40108d00
3f31b400
4015d600
3f2b7500
40163900
3f2b0000
401b8d00
3f24b400
3f9e1400
3fa00200
3fa79e00
3f986b80
3fa95600
3f970d80
3fb3fe00
3f8e9380
3fb99400
3f8a2200
3fbf2a00
3f85b080
3fc9fe00
3f7a2700
3fcb9600
3f7b6000
3fd12c00
3f758900
3fdc0000
3f6a3700
3fe18000
3f647700
3fe71600
3f5ea000
3ff20000
3f533700
3fef7800
3f54ac00
3ff91800
3f4d3c00
4001f600
3f44de00
4002bc00
3f43ac00
40078c00
3f3c3c00
400ce000
3f340000
400bb200
3f377100
40108d00
3f31b400
4015d600
3f2b7500
40163900
3f2b0000
401b8d00
3f24b400
3f9e2600
3fa01080
3fa7b000
3f987a00
3fa96800
3f971c00
3fb41000
3f8ea200
3fb9a600
3f8a3080
3fbf3c00
3f85bf00
3fca1000
3f7a4400
3fcbac00
3f7b7700
3fd14200
3f75a000
3fdc1600
3f6a4e00
3fe19600
3f648e00
3fe72c00
3f5eb700
3ff21600
3f534e00
3fef9200
3f54c000
3ff93200
3f4d5000
40020300
3f44f200
4002c900
3f43c000
40079900
3f3c5000
400ced00
3f341400
400bc100
3f378200
40109c00
3f31c500
4015e500
3f2b8600
40164800
3f2b1100
401b9c00
3f24c500
3f9e2600
3fa01080
3fa7b000
3f987a00
3fa96800
3f971c00
3fb41000
3f8ea200
3fb9a600
3f8a3080
3fbf3c00
3f85bf00
3fca1000
3f7a4400
3fcbac00
3f7b7700
3fd14200
3f75a000
3fdc1600
3f6a4e00
3fe19600
3f648e00
3fe72c00
3f5eb700
3ff21600
3f534e00
3fef9200
3f54c000
3ff93200
3f4d5000
40020300
3f44f200
4002c900
3f43c000
40079900
3f3c5000
400ced00
3f341400
400bc100
3f378200
40109c00
3f31c500
4015e500
3f2b8600
40164800
3f2b1100
401b9c00
3f24c500
3f9e4a00
3fa02d80
3fa7d400
3f989700
3fa98c00
3f973900
3fb43400
3f8ebf00
3fb9ca00
3f8a4d80
3fbf6000
3f85dc00
3fca3400
3f7a7e00
3fcbd800
3f7ba500
3fd16e00
3f75ce00
3fdc4200
3f6a7c00
3fe1c200
3f64bc00
3fe75800
3f5ee500
3ff24200
3f537c00
3fefc600
3f54e800
3ff96600
3f4d7800
40021d00
3f451a00
4002e300
3f43e800
4007b300
3f3c7800
400d0700
3f343c00
400bdf00
3f37a400
4010ba00
3f31e700
40160300
3f2ba800
40166600
3f2b3300
401bba00
3f24e700
3f9e5c00
3fa03c00
3fa7e600
3f98a580
3fa99e00
3f974780
3fb44600
3f8ecd80
3fb9dc00
3f8a5c00
3fbf7200
3f85ea80
3fca4600
3f7a9b00
3fcbee00
3f7bbc00
3fd18400
3f75e500
3fdc5800
3f6a9300
3fe1d800
3f64d300
3fe76e00
3f5efc00
3ff25800
3f539300
3fefe000
3f54fc00
3ff98000
3f4d8c00
40022a00
3f452e00
4002f000
3f43fc00
4007c000
3f3c8c00
400d1400
3f345000
400bee00
3f37b500
4010c900
3f31f800
40161200
3f2bb900
40167500
3f2b4400
401bc900
3f24f800
3f9e5c00
3fa03c00
3fa7e600
3f98a580
3fa99e00
3f974780
3fb44600
3f8ecd80
3fb9dc00
3f8a5c00
3fbf7200
3f85ea80
3fca4600
3f7a9b00
3fcbee00
3f7bbc00
3fd18400
3f75e500
3fdc5800
3f6a9300
3fe1d800
3f64d300
3fe76e00
3f5efc00
3ff25800
3f539300
3fefe000
3f54fc00
3ff98000
3f4d8c00
40022a00
3f452e00
4002f000
3f43fc00
4007c000
3f3c8c00
400d1400
3f345000
400bee00
3f37b500
4010c900
3f31f800
40161200
3f2bb900
40167500
3f2b4400
401bc900
3f24f800
3f9f2200
3fa0db80
3fa8ac00
3f994500
3faa6400
3f97e700
3fb50c00
3f8f6d00
3fbaa200
3f8afb80
3fc03800
3f868a00
3fcb0c00
3f7bda00
3fcce000
3f7cb900
3fd27600
3f76e200
3fdd4a00
3f6b9000
3fe2ca00
3f65d000
3fe86000
3f5ff900
3ff34a00
3f549000
3ff0fe00
3f55d800
3ffa9e00
3f4e6800
4002b900
3f460a00
40037f00
3f44d800
40084f00
3f3d6800
400da300
3f352c00
400c9300
3f387000
40116e00
3f32b300
4016b700
3f2c7400
40171a00
3f2bff00
401c6e00
3f25b300
3f9f3400
3fa0ea00
3fa8be00
3f995380
3faa7600
3f97f580
3fb51e00
3f8f7b80
3fbab400
3f8b0a00
3fc04a00
3f869880
3fcb1e00
3f7bf700
3fccf600
3f7cd000
3fd28c00
3f76f900
3fdd6000
3f6ba700
3fe2e000
3f65e700
3fe87600
3f601000
3ff36000
3f54a700
3ff11800
3f55ec00
3ffab800
3f4e7c00
4002c600
3f461e00
40038c00
3f44ec00
40085c00
3f3d7c00
400db000
3f354000
400ca200
3f388100
40117d00
3f32c400
4016c600
3f2c8500
40172900
3f2c1000
401c7d00
3f25c400
3f9f3400
3fa0ea00
3fa8be00
3f995380
3faa7600
3f97f580
3fb51e00
3f8f7b80
3fbab400
3f8b0a00
3fc04a00
3f869880
3fcb1e00
3f7bf700
3fccf600
3f7cd000
3fd28c00
3f76f900
3fdd6000
3f6ba700
3fe2e000
3f65e700
3fe87600
3f601000
3ff36000
3f54a700
3ff11800
3f55ec00
3ffab800
3f4e7c00
4002c600
3f461e00
40038c00
3f44ec00
40085c00
3f3d7c00
400db000
3f354000
400ca200
3f388100
40117d00
3f32c400
4016c600
3f2c8500
40172900
3f2c1000
401c7d00
3f25c400
3fa28200
3fa39380
3fac0c00
3f9bfd00
3fadc400
3f9a9f00
3fb86c00
3f922500
3fbe0200
3f8db380
3fc39800
3f894200
3fce6c00
3f80a500
3fd10000
3f808480
3fd69600
3f7b3200
3fe16a00
3f6fe000
3fe6ea00
3f6a2000
3fec8000
3f644900
3ff76a00
3f58e000
3ff5de00
3f599800
3fff7e00
3f522800
40052900
3f49ca00
4005ef00
3f489800
400abf00
3f412800
40101300
3f38ec00
400f6300
3f3ba000
40143e00
3f35e300
40198700
3f2fa400
4019ea00
3f2f2f00
401f3e00
3f28e300
3fa29400
3fa3a200
3fac1e00
3f9c0b80
3fadd600
3f9aad80
3fb87e00
3f923380
3fbe1400
3f8dc200
3fc3aa00
3f895080
3fce7e00
3f80b380
3fd11600
3f809000
3fd6ac00
3f7b4900
3fe18000
3f6ff700
3fe70000
3f6a3700
3fec9600
3f646000
3ff78000
3f58f700
3ff5f800
3f59ac00
3fff9800
3f523c00
40053600
3f49de00
4005fc00
3f48ac00
400acc00
3f413c00
40102000
3f390000
400f7200
3f3bb100
40144d00
3f35f400
40199600
3f2fb500
4019f900
3f2f4000
401f4d00
3f28f400
3fa29400
3fa3a200
3fac1e00
3f9c0b80
3fadd600
3f9aad80
3fb87e00
3f923380
3fbe1400
3f8dc200
3fc3aa00
3f895080
3fce7e00
3f80b380
3fd11600
3f809000
3fd6ac00
3f7b4900
3fe18000
3f6ff700
3fe70000
3f6a3700
3fec9600
3f646000
3ff78000
3f58f700
3ff5f800
3f59ac00
3fff9800
3f523c00
40053600
3f49de00
4005fc00
3f48ac00
400acc00
3f413c00
40102000
3f390000
400f7200
3f3bb100
40144d00
3f35f400
40199600
3f2fb500
4019f900
3f2f4000
401f4d00
3f28f400
3fa5e200
3fa64b80
3faf6c00
3f9eb500
3fb12400
3f9d5700
3fbbcc00
3f94dd00
3fc16200
3f906b80
3fc6f800
3f8bfa00
3fd1cc00
3f835d00
3fd52000
3f82ac80
3fdab600
3f7f8200
3fe58a00
3f743000
3feb0a00
3f6e7000
3ff0a000
3f689900
3ffb8a00
3f5d3000
3ffabe00
3f5d5800
40022f00
3f55e800
40079900
3f4d8a00
40085f00
3f4c5800
400d2f00
3f44e800
40128300
3f3cac00
40123300
3f3ed000
40170e00
3f391300
401c5700
3f32d400
401cba00
3f325f00
40220e00
3f2c1300
3fa5f400
3fa65a00
3faf7e00
3f9ec380
3fb13600
3f9d6580
3fbbde00
3f94eb80
3fc17400
3f907a00
3fc70a00
3f8c0880
3fd1de00
3f836b80
3fd53600
3f82b800
3fdacc00
3f7f9900
3fe5a000
3f744700
3feb2000
3f6e8700
3ff0b600
3f68b000
3ffba000
3f5d4700
3ffad800
3f5d6c00
40023c00
3f55fc00
4007a600
3f4d9e00
40086c00
3f4c6c00
400d3c00
3f44fc00
40129000
3f3cc000
40124200
3f3ee100
40171d00
3f392400
401c6600
3f32e500
401cc900
3f327000
40221d00
3f2c2400
3fa6ba00
3fa6f980
3fb04400
3f9f6300
3fb1fc00
3f9e0500
3fbca400
3f958b00
3fc23a00
3f911980
3fc7d000
3f8ca800
3fd2a400
3f840b00
3fd62800
3f833680
3fdbbe00
3f804b00
3fe69200
3f754400
3fec1200
3f6f8400
3ff1a800
3f69ad00
3ffc9200
3f5e4400
3ffbf600
3f5e4800
4002cb00
3f56d800
40083500
3f4e7a00
4008fb00
3f4d4800
400dcb00
3f45d800
40131f00
3f3d9c00
4012e700
3f3f9c00
4017c200
3f39df00
401d0b00
3f33a000
401d6e00
3f332b00
4022c200
3f2cdf00
3fa6cc00
3fa70800
3fb05600
3f9f7180
3fb20e00
3f9e1380
3fbcb600
3f959980
3fc24c00
3f912800
3fc7e200
3f8cb680
3fd2b600
3f841980
3fd63e00
3f834200
3fdbd400
3f805680
3fe6a800
3f755b00
3fec2800
3f6f9b00
3ff1be00
3f69c400
3ffca800
3f5e5b00
3ffc1000
3f5e5c00
4002d800
3f56ec00
40084200
3f4e8e00
40090800
3f4d5c00
400dd800
3f45ec00
40132c00
3f3db000
4012f600
3f3fad00
4017d100
3f39f000
401d1a00
3f33b100
401d7d00
3f333c00
4022d100
3f2cf000
3fa6f000
3fa72500
3fb07a00
3f9f8e80
3fb23200
3f9e3080
3fbcda00
3f95b680
3fc27000
3f914500
3fc80600
3f8cd380
3fd2da00
3f843680
3fd66a00
3f835900
3fdc0000
3f806d80
3fe6d400
3f758900
3fec5400
3f6fc900
3ff1ea00
3f69f200
3ffcd400
3f5e8900
3ffc4400
3f5e8400
4002f200
3f571400
40085c00
3f4eb600
40092200
3f4d8400
400df200
3f461400
40134600
3f3dd800
40131400
3f3fcf00
4017ef00
3f3a1200
401d3800
3f33d300
401d9b00
3f335e00
4022ef00
3f2d1200
3fa70200
3fa73380
3fb08c00
3f9f9d00
3fb24400
3f9e3f00
3fbcec00
3f95c500
3fc28200
3f915380
3fc81800
3f8ce200
3fd2ec00
3f844500
3fd68000
3f836480
3fdc1600
3f807900
3fe6ea00
3f75a000
3fec6a00
3f6fe000
3ff20000
3f6a0900
3ffcea00
3f5ea000
3ffc5e00
3f5e9800
4002ff00
3f572800
40086900
3f4eca00
40092f00
3f4d9800
400dff00
3f462800
40135300
3f3dec00
40132300
3f3fe000
4017fe00
3f3a2300
401d4700
3f33e400
401daa00
3f336f00
4022fe00
3f2d2300
3fa70200
3fa73380
3fb08c00
3f9f9d00
3fb24400
3f9e3f00
3fbcec00
3f95c500
3fc28200
3f915380
3fc81800
3f8ce200
3fd2ec00
3f844500
3fd68000
3f836480
3fdc1600
3f807900
3fe6ea00
3f75a000
3fec6a00
3f6fe000
3ff20000
3f6a0900
3ffcea00
3f5ea000
3ffc5e00
3f5e9800
4002ff00
3f572800
40086900
3f4eca00
40092f00
3f4d9800
400dff00
3f462800
40135300
3f3dec00
40132300
3f3fe000
4017fe00
3f3a2300
401d4700
3f33e400
401daa00
3f336f00
4022fe00
3f2d2300
3fa70200
3fa73380
3fb08c00
3f9f9d00
3fb24400
3f9e3f00
3fbcec00
3f95c500
3fc28200
3f915380
3fc81800
3f8ce200
3fd2ec00
3f844500
3fd68000
3f836480
3fdc1600
3f807900
3fe6ea00
3f75a000
3fec6a00
3f6fe000
3ff20000
3f6a0900
3ffcea00
3f5ea000
3ffc5e00
3f5e9800
4002ff00
3f572800
40086900
3f4eca00
40092f00
3f4d9800
400dff00
3f462800
40135300
3f3dec00
40132300
3f3fe000
4017fe00
3f3a2300
401d4700
3f33e400
401daa00
3f336f00
4022fe00
3f2d2300
3fa70200
3fa73380
3fb08c00
3f9f9d00
3fb24400
3f9e3f00
3fbcec00
3f95c500
3fc28200
3f915380
3fc81800
3f8ce200
3fd2ec00
3f844500
3fd68000
3f836480
3fdc1600
3f807900
3fe6ea00
3f75a000
3fec6a00
3f6fe000
3ff20000
3f6a0900
3ffcea00
3f5ea000
3ffc5e00
3f5e9800
4002ff00
3f572800
40086900
3f4eca00
40092f00
3f4d9800
400dff00
3f462800
40135300
3f3dec00
40132300
3f3fe000
4017fe00
3f3a2300
401d4700
3f33e400
401daa00
3f336f00
4022fe00
3f2d2300
3fa71400
3fa74200
3fb09e00
3f9fab80
3fb25600
3f9e4d80
3fbcfe00
3f95d380
3fc29400
3f916200
3fc82a00
3f8cf080
3fd2fe00
3f845380
3fd69600
3f837000
3fdc2c00
3f808480
3fe70000
3f75b700
3fec8000
3f6ff700
3ff21600
3f6a2000
3ffd0000
3f5eb700
3ffc7800
3f5eac00
40030c00
3f573c00
40087600
3f4ede00
40093c00
3f4dac00
400e0c00
3f463c00
40136000
3f3e0000
40133200
3f3ff100
40180d00
3f3a3400
401d5600
3f33f500
401db900
3f338000
40230d00
3f2d3400
3fa71400
3fa74200
3fb09e00
3f9fab80
3fb25600
3f9e4d80
3fbcfe00
3f95d380
3fc29400
3f916200
3fc82a00
3f8cf080
3fd2fe00
3f845380
3fd69600
3f837000
3fdc2c00
3f808480
3fe70000
3f75b700
3fec8000
3f6ff700
3ff21600
3f6a2000
3ffd0000
3f5eb700
3ffc7800
3f5eac00
40030c00
3f573c00
40087600
3f4ede00
40093c00
3f4dac00
400e0c00
3f463c00
40136000
3f3e0000
40133200
3f3ff100
40180d00
3f3a3400
401d5600
3f33f500
401db900
3f338000
40230d00
3f2d3400
3fa71400
3fa74200
3fb09e00
3f9fab80
3fb25600
3f9e4d80
3fbcfe00
3f95d380
3fc29400
3f916200
3fc82a00
3f8cf080
3fd2fe00
3f845380
3fd69600
3f837000
3fdc2c00
3f808480
3fe70000
3f75b700
3fec8000
3f6ff700
3ff21600
3f6a2000
3ffd0000
3f5eb700
3ffc7800
3f5eac00
40030c00
3f573c00
40087600
3f4ede00
40093c00
3f4dac00
400e0c00
3f463c00
40136000
3f3e0000
40133200
3f3ff100
40180d00
3f3a3400
401d5600
3f33f500
401db900
3f338000
40230d00
3f2d3400
3fa71400
3fa74200
3fb09e00
3f9fab80
3fb25600
3f9e4d80
3fbcfe00
3f95d380
3fc29400
3f916200
3fc82a00
3f8cf080
3fd2fe00
3f845380
3fd69600
3f837000
3fdc2c00
3f808480
3fe70000
3f75b700
3fec8000
3f6ff700
3ff21600
3f6a2000
3ffd0000
3f5eb700
3ffc7800
3f5eac00
40030c00
3f573c00
40087600
3f4ede00
40093c00
3f4dac00
400e0c00
3f463c00
40136000
3f3e0000
40133200
3f3ff100
40180d00
3f3a3400
401d5600
3f33f500
401db900
3f338000
40230d00
3f2d3400
3fa71400
3fa74200
3fb09e00
3f9fab80
3fb25600
3f9e4d80
3fbcfe00
3f95d380
3fc29400
3f916200
3fc82a00
3f8cf080
3fd2fe00
3f845380
3fd69600
3f837000
3fdc2c00
3f808480
3fe70000
3f75b700
3fec8000
3f6ff700
3ff21600
3f6a2000
3ffd0000
3f5eb700
3ffc7800
3f5eac00
40030c00
3f573c00
40087600
3f4ede00
40093c00
3f4dac00
400e0c00
3f463c00
40136000
3f3e0000
40133200
3f3ff100
40180d00
3f3a3400
401d5600
3f33f500
401db900
3f338000
40230d00
3f2d3400
3fa71400
3fa74200
3fb09e00
3f9fab80
3fb25600
3f9e4d80
3fbcfe00
3f95d380
3fc29400
3f916200
3fc82a00
3f8cf080
3fd2fe00
3f845380
3fd69600
3f837000
3fdc2c00
3f808480
3fe70000
3f75b700
3fec8000
3f6ff700
3ff21600
3f6a2000
3ffd0000
3f5eb700
3ffc7800
3f5eac00
40030c00
3f573c00
40087600
3f4ede00
40093c00
3f4dac00
400e0c00
3f463c00
40136000
3f3e0000
40133200
3f3ff100
40180d00
3f3a3400
401d5600
3f33f500
401db900
3f338000
40230d00
3f2d3400
3fa72600
3fa75080
3fb0b000
3f9fba00
3fb26800
3f9e5c00
3fbd1000
3f95e200
3fc2a600
3f917080
3fc83c00
3f8cff00
3fd31000
3f846200
3fd6ac00
3f837b80
3fdc4200
3f809000
3fe71600
3f75ce00
3fec9600
3f700e00
3ff22c00
3f6a3700
3ffd1600
3f5ece00
3ffc9200
3f5ec000
40031900
3f575000
40088300
3f4ef200
40094900
3f4dc000
400e1900
3f465000
40136d00
3f3e1400
40134100
3f400200
40181c00
3f3a4500
401d6500
3f340600
401dc800
3f339100
40231c00
3f2d4500
3fa72600
3fa75080
3fb0b000
3f9fba00
3fb26800
3f9e5c00
3fbd1000
3f95e200
3fc2a600
3f917080
3fc83c00
3f8cff00
3fd31000
3f846200
3fd6ac00
3f837b80
3fdc4200
3f809000
3fe71600
3f75ce00
3fec9600
3f700e00
3ff22c00
3f6a3700
3ffd1600
3f5ece00
3ffc9200
3f5ec000
40031900
3f575000
40088300
3f4ef200
40094900
3f4dc000
400e1900
3f465000
40136d00
3f3e1400
40134100
3f400200
40181c00
3f3a4500
401d6500
3f340600
401dc800
3f339100
40231c00
3f2d4500
3fa74a00
3fa76d80
3fb0d400
3f9fd700
3fb28c00
3f9e7900
3fbd3400
3f95ff00
3fc2ca00
3f918d80
3fc86000
3f8d1c00
3fd33400
3f847f00
3fd6d800
3f839280
3fdc6e00
3f80a700
3fe74200
3f75fc00
3fecc200
3f703c00
3ff25800
3f6a6500
3ffd4200
3f5efc00
3ffcc600
3f5ee800
40033300
3f577800
40089d00
3f4f1a00
40096300
3f4de800
400e3300
3f467800
40138700
3f3e3c00
40135f00
3f402400
40183a00
3f3a6700
401d8300
3f342800
401de600
3f33b300
40233a00
3f2d6700
3fa75c00
3fa77c00
3fb0e600
3f9fe580
3fb29e00
3f9e8780
3fbd4600
3f960d80
3fc2dc00
3f919c00
3fc87200
3f8d2a80
3fd34600
3f848d80
3fd6ee00
3f839e00
3fdc8400
3f80b280
3fe75800
3f761300
3fecd800
3f705300
3ff26e00
3f6a7c00
3ffd5800
3f5f1300
3ffce000
3f5efc00
40034000
3f578c00
4008aa00
3f4f2e00
40097000
3f4dfc00
400e4000
3f468c00
40139400
3f3e5000
40136e00
3f403500
40184900
3f3a7800
401d9200
3f343900
401df500
3f33c400
40234900
3f2d7800
3fa75c00
3fa77c00
3fb0e600
3f9fe580
3fb29e00
3f9e8780
3fbd4600
3f960d80
3fc2dc00
3f919c00
3fc87200
3f8d2a80
3fd34600
3f848d80
3fd6ee00
3f839e00
3fdc8400
3f80b280
3fe75800
3f761300
3fecd800
3f705300
3ff26e00
3f6a7c00
3ffd5800
3f5f1300
3ffce000
3f5efc00
40034000
3f578c00
4008aa00
3f4f2e00
40097000
3f4dfc00
400e4000
3f468c00
40139400
3f3e5000
40136e00
3f403500
40184900
3f3a7800
401d9200
3f343900
401df500
3f33c400
40234900
3f2d7800
3fa82200
3fa81b80
3fb1ac00
3fa08500
3fb36400
3f9f2700
3fbe0c00
3f96ad00
3fc3a200
3f923b80
3fc93800
3f8dca00
3fd40c00
3f852d00
3fd7e000
3f841c80
3fdd7600
3f813100
3fe84a00
3f771000
3fedca00
3f715000
3ff36000
3f6b7900
3ffe4a00
3f601000
3ffdfe00
3f5fd800
4003cf00
3f586800
40093900
3f500a00
4009ff00
3f4ed800
400ecf00
3f476800
40142300
3f3f2c00
40141300
3f40f000
4018ee00
3f3b3300
401e3700
3f34f400
401e9a00
3f347f00
4023ee00
3f2e3300
3fa83400
3fa82a00
3fb1be00
3fa09380
3fb37600
3f9f3580
3fbe1e00
3f96bb80
3fc3b400
3f924a00
3fc94a00
3f8dd880
3fd41e00
3f853b80
3fd7f600
3f842800
3fdd8c00
3f813c80
3fe86000
3f772700
3fede000
3f716700
3ff37600
3f6b9000
3ffe6000
3f602700
3ffe1800
3f5fec00
4003dc00
3f587c00
40094600
3f501e00
400a0c00
3f4eec00
400edc00
3f477c00
40143000
3f3f4000
40142200
3f410100
4018fd00
3f3b4400
401e4600
3f350500
401ea900
3f349000
4023fd00
3f2e4400
3fa83400
3fa82a00
3fb1be00
3fa09380
3fb37600
3f9f3580
3fbe1e00
3f96bb80
3fc3b400
3f924a00
3fc94a00
3f8dd880
3fd41e00
3f853b80
3fd7f600
3f842800
3fdd8c00
3f813c80
3fe86000
3f772700
3fede000
3f716700
3ff37600
3f6b9000
3ffe6000
3f602700
3ffe1800
3f5fec00
4003dc00
3f587c00
40094600
3f501e00
400a0c00
3f4eec00
400edc00
3f477c00
40143000
3f3f4000
40142200
3f410100
4018fd00
3f3b4400
401e4600
3f350500
401ea900
3f349000
4023fd00
3f2e4400
3fab8200
3faad380
3fb50c00
3fa33d00
3fb6c400
3fa1df00
3fc16c00
3f996500
3fc70200
3f94f380
3fcc9800
3f908200
3fd76c00
3f87e500
3fdc0000
3f864480
3fe19600
3f835900
3fec6a00
3f7b6000
3ff1ea00
3f75a000
3ff78000
3f6fc900
40013500
3f646000
40016f00
3f639800
40063f00
3f5c2800
400ba900
3f53ca00
400c6f00
3f529800
40113f00
3f4b2800
40169300
3f42ec00
4016e300
3f442000
401bbe00
3f3e6300
40210700
3f382400
40216a00
3f37af00
4026be00
3f316300
3fab9400
3faae200
3fb51e00
3fa34b80
3fb6d600
3fa1ed80
3fc17e00
3f997380
3fc71400
3f950200
3fccaa00
3f909080
3fd77e00
3f87f380
3fdc1600
3f865000
3fe1ac00
3f836480
3fec8000
3f7b7700
3ff20000
3f75b700
3ff79600
3f6fe000
40014000
3f647700
40017c00
3f63ac00
40064c00
3f5c3c00
400bb600
3f53de00
400c7c00
3f52ac00
40114c00
3f4b3c00
4016a000
3f430000
4016f200
3f443100
401bcd00
3f3e7400
40211600
3f383500
40217900
3f37c000
4026cd00
3f317400
3fab9400
3faae200
3fb51e00
3fa34b80
3fb6d600
3fa1ed80
3fc17e00
3f997380
3fc71400
3f950200
3fccaa00
3f909080
3fd77e00
3f87f380
3fdc1600
3f865000
3fe1ac00
3f836480
3fec8000
3f7b7700
3ff20000
3f75b700
3ff79600
3f6fe000
40014000
3f647700
40017c00
3f63ac00
40064c00
3f5c3c00
400bb600
3f53de00
400c7c00
3f52ac00
40114c00
3f4b3c00
4016a000
3f430000
4016f200
3f443100
401bcd00
3f3e7400
40211600
3f383500
40217900
3f37c000
4026cd00
3f317400
3faee200
3fad8b80
3fb86c00
3fa5f500
3fba2400
3fa49700
3fc4cc00
3f9c1d00
3fca6200
3f97ab80
3fcff800
3f933a00
3fdacc00
3f8a9d00
3fe02000
3f886c80
3fe5b600
3f858100
3ff08a00
3f7fb000
3ff60a00
3f79f000
3ffba000
3f741900
40034500
3f68b000
4003df00
3f675800
4008af00
3f5fe800
400e1900
3f578a00
400edf00
3f565800
4013af00
3f4ee800
40190300
3f46ac00
4019b300
3f475000
401e8e00
3f419300
4023d700
3f3b5400
40243a00
3f3adf00
40298e00
3f349300
3faef400
3fad9a00
3fb87e00
3fa60380
3fba3600
3fa4a580
3fc4de00
3f9c2b80
3fca7400
3f97ba00
3fd00a00
3f934880
3fdade00
3f8aab80
3fe03600
3f887800
3fe5cc00
3f858c80
3ff0a000
3f7fc700
3ff62000
3f7a0700
3ffbb600
3f743000
40035000
3f68c700
4003ec00
3f676c00
4008bc00
3f5ffc00
400e2600
3f579e00
400eec00
3f566c00
4013bc00
3f4efc00
40191000
3f46c000
4019c200
3f476100
401e9d00
3f41a400
4023e600
3f3b6500
40244900
3f3af000
40299d00
3f34a400
3fafba00
3fae3980
3fb94400
3fa6a300
3fbafc00
3fa54500
3fc5a400
3f9ccb00
3fcb3a00
3f985980
3fd0d000
3f93e800
3fdba400
3f8b4b00
3fe12800
3f88f680
3fe6be00
3f860b00
3ff19200
3f806200
3ff71200
3f7b0400
3ffca800
3f752d00
4003c900
3f69c400
40047b00
3f684800
40094b00
3f60d800
400eb500
3f587a00
400f7b00
3f574800
40144b00
3f4fd800
40199f00
3f479c00
401a6700
3f481c00
401f4200
3f425f00
40248b00
3f3c2000
4024ee00
3f3bab00
402a4200
3f355f00
3fafcc00
3fae4800
3fb95600
3fa6b180
3fbb0e00
3fa55380
3fc5b600
3f9cd980
3fcb4c00
3f986800
3fd0e200
3f93f680
3fdbb600
3f8b5980
3fe13e00
3f890200
3fe6d400
3f861680
3ff1a800
3f806d80
3ff72800
3f7b1b00
3ffcbe00
3f754400
4003d400
3f69db00
40048800
3f685c00
40095800
3f60ec00
400ec200
3f588e00
400f8800
3f575c00
40145800
3f4fec00
4019ac00
3f47b000
401a7600
3f482d00
401f5100
3f427000
40249a00
3f3c3100
4024fd00
3f3bbc00
402a5100
3f357000
3faff000
3fae6500
3fb97a00
3fa6ce80
3fbb3200
3fa57080
3fc5da00
3f9cf680
3fcb7000
3f988500
3fd10600
3f941380
3fdbda00
3f8b7680
3fe16a00
3f891900
3fe70000
3f862d80
3ff1d400
3f808480
3ff75400
3f7b4900
3ffcea00
3f757200
4003ea00
3f6a0900
4004a200
3f688400
40097200
3f611400
400edc00
3f58b600
400fa200
3f578400
40147200
3f501400
4019c600
3f47d800
401a9400
3f484f00
401f6f00
3f429200
4024b800
3f3c5300
40251b00
3f3bde00
402a6f00
3f359200
3fb00200
3fae7380
3fb98c00
3fa6dd00
3fbb4400
3fa57f00
3fc5ec00
3f9d0500
3fcb8200
3f989380
3fd11800
3f942200
3fdbec00
3f8b8500
3fe18000
3f892480
3fe71600
3f863900
3ff1ea00
3f809000
3ff76a00
3f7b6000
3ffd0000
3f758900
4003f500
3f6a2000
4004af00
3f689800
40097f00
3f612800
400ee900
3f58ca00
400faf00
3f579800
40147f00
3f502800
4019d300
3f47ec00
401aa300
3f486000
401f7e00
3f42a300
4024c700
3f3c6400
40252a00
3f3bef00
402a7e00
3f35a300
3fb00200
3fae7380
3fb98c00
3fa6dd00
3fbb4400
3fa57f00
3fc5ec00
3f9d0500
3fcb8200
3f989380
3fd11800
3f942200
3fdbec00
3f8b8500
3fe18000
3f892480
3fe71600
3f863900
3ff1ea00
3f809000
3ff76a00
3f7b6000
3ffd0000
3f758900
4003f500
3f6a2000
4004af00
3f689800
40097f00
3f612800
400ee900
3f58ca00
400faf00
3f579800
40147f00
3f502800
4019d300
3f47ec00
401aa300
3f486000
401f7e00
3f42a300
4024c700
3f3c6400
40252a00
3f3bef00
402a7e00
3f35a300
3fb00200
3fae7380
3fb98c00
3fa6dd00
3fbb4400
3fa57f00
3fc5ec00
3f9d0500
3fcb8200
3f989380
3fd11800
3f942200
3fdbec00
3f8b8500
3fe18000
3f892480
3fe71600
3f863900
3ff1ea00
3f809000
3ff76a00
3f7b6000
3ffd0000
3f758900
4003f500
3f6a2000
4004af00
3f689800
40097f00
3f612800
400ee900
3f58ca00
400faf00
3f579800
40147f00
3f502800
4019d300
3f47ec00
401aa300
3f486000
401f7e00
3f42a300
4024c700
3f3c6400
40252a00
3f3bef00
402a7e00
3f35a300
3fb00200
3fae7380
3fb98c00
3fa6dd00
3fbb4400
3fa57f00
3fc5ec00
3f9d0500
3fcb8200
3f989380
3fd11800
3f942200
3fdbec00
3f8b8500
3fe18000
3f892480
3fe71600
3f863900
3ff1ea00
3f809000
3ff76a00
3f7b6000
3ffd0000
3f758900
4003f500
3f6a2000
4004af00
3f689800
40097f00
3f612800
400ee900
3f58ca00
400faf00
3f579800
40147f00
3f502800
4019d300
3f47ec00
401aa300
3f486000
401f7e00
3f42a300
4024c700
3f3c6400
40252a00
3f3bef00
402a7e00
3f35a300
3fb01400
3fae8200
3fb99e00
3fa6eb80
3fbb5600
3fa58d80
3fc5fe00
3f9d1380
3fcb9400
3f98a200
3fd12a00
3f943080
3fdbfe00
3f8b9380
3fe19600
3f893000
3fe72c00
3f864480
3ff20000
3f809b80
3ff78000
3f7b7700
3ffd1600
3f75a000
40040000
3f6a3700
4004bc00
3f68ac00
40098c00
3f613c00
400ef600
3f58de00
400fbc00
3f57ac00
40148c00
3f503c00
4019e000
3f480000
401ab200
3f487100
401f8d00
3f42b400
4024d600
3f3c7500
40253900
3f3c0000
402a8d00
3f35b400
3fb01400
3fae8200
3fb99e00
3fa6eb80
3fbb5600
3fa58d80
3fc5fe00
3f9d1380
3fcb9400
3f98a200
3fd12a00
3f943080
3fdbfe00
3f8b9380
3fe19600
3f893000
3fe72c00
3f864480
3ff20000
3f809b80
3ff78000
3f7b7700
3ffd1600
3f75a000
40040000
3f6a3700
4004bc00
3f68ac00
40098c00
3f613c00
400ef600
3f58de00
400fbc00
3f57ac00
40148c00
3f503c00
4019e000
3f480000
401ab200
3f487100
401f8d00
3f42b400
4024d600
3f3c7500
40253900
3f3c0000
402a8d00
3f35b400
3fb01400
3fae8200
3fb99e00
3fa6eb80
3fbb5600
3fa58d80
3fc5fe00
3f9d1380
3fcb9400
3f98a200
3fd12a00
3f943080
3fdbfe00
3f8b9380
3fe19600
3f893000
3fe72c00
3f864480
3ff20000
3f809b80
3ff78000
3f7b7700
3ffd1600
3f75a000
40040000
3f6a3700
4004bc00
3f68ac00
40098c00
3f613c00
400ef600
3f58de00
400fbc00
3f57ac00
40148c00
3f503c00
4019e000
3f480000
401ab200
3f487100
401f8d00
3f42b400
4024d600
3f3c7500
40253900
3f3c0000
402a8d00
3f35b400
3fb01400
3fae8200
3fb99e00
3fa6eb80
3fbb5600
3fa58d80
3fc5fe00
3f9d1380
3fcb9400
3f98a200
3fd12a00
3f943080
3fdbfe00
3f8b9380
3fe19600
3f893000
3fe72c00
3f864480
3ff20000
3f809b80
3ff78000
3f7b7700
3ffd1600
3f75a000
40040000
3f6a3700
4004bc00
3f68ac00
40098c00
3f613c00
400ef600
3f58de00
400fbc00
3f57ac00
40148c00
3f503c00
4019e000
3f480000
401ab200
3f487100
401f8d00
3f42b400
4024d600
3f3c7500
40253900
3f3c0000
402a8d00
3f35b400
3fb01400
3fae8200
3fb99e00
3fa6eb80
3fbb5600
3fa58d80
3fc5fe00
3f9d1380
3fcb9400
3f98a200
3fd12a00
3f943080
3fdbfe00
3f8b9380
3fe19600
3f893000
3fe72c00
3f864480
3ff20000
3f809b80
3ff78000
3f7b7700
3ffd1600
3f75a000
40040000
3f6a3700
4004bc00
3f68ac00
40098c00
3f613c00
400ef600
3f58de00
400fbc00
3f57ac00
40148c00
3f503c00
4019e000
3f480000
401ab200
3f487100
401f8d00
3f42b400
4024d600
3f3c7500
40253900
3f3c0000
402a8d00
3f35b400
3fb01400
3fae8200
3fb99e00
3fa6eb80
3fbb5600
3fa58d80
3fc5fe00
3f9d1380
3fcb9400
3f98a200
3fd12a00
3f943080
3fdbfe00
3f8b9380
3fe19600
3f893000
3fe72c00
3f864480
3ff20000
3f809b80
3ff78000
3f7b7700
3ffd1600
3f75a000
40040000
3f6a3700
4004bc00
3f68ac00
40098c00
3f613c00
400ef600
3f58de00
400fbc00
3f57ac00
40148c00
3f503c00
4019e000
3f480000
401ab200
3f487100
401f8d00
3f42b400
4024d600
3f3c7500
40253900
3f3c0000
402a8d00
3f35b400
3fb02600
3fae9080
3fb9b000
3fa6fa00
3fbb6800
3fa59c00
3fc61000
3f9d2200
3fcba600
3f98b080
3fd13c00
3f943f00
3fdc1000
3f8ba200
3fe1ac00
3f893b80
3fe74200
3f865000
3ff21600
3f80a700
3ff79600
3f7b8e00
3ffd2c00
3f75b700
40040b00
3f6a4e00
4004c900
3f68c000
40099900
3f615000
400f0300
3f58f200
400fc900
3f57c000
40149900
3f505000
4019ed00
3f481400
401ac100
3f488200
401f9c00
3f42c500
4024e500
3f3c8600
40254800
3f3c1100
402a9c00
3f35c500
3fb02600
3fae9080
3fb9b000
3fa6fa00
3fbb6800
3fa59c00
3fc61000
3f9d2200
3fcba600
3f98b080
3fd13c00
3f943f00
3fdc1000
3f8ba200
3fe1ac00
3f893b80
3fe74200
3f865000
3ff21600
3f80a700
3ff79600
3f7b8e00
3ffd2c00
3f75b700
40040b00
3f6a4e00
4004c900
3f68c000
40099900
3f615000
400f0300
3f58f200
400fc900
3f57c000
40149900
3f505000
4019ed00
3f481400
401ac100
3f488200
401f9c00
3f42c500
4024e500
3f3c8600
40254800
3f3c1100
402a9c00
3f35c500
3fb04a00
3faead80
3fb9d400
3fa71700
3fbb8c00
3fa5b900
3fc63400
3f9d3f00
3fcbca00
3f98cd80
3fd16000
3f945c00
3fdc3400
3f8bbf00
3fe1d800
3f895280
3fe76e00
3f866700
3ff24200
3f80be00
3ff7c200
3f7bbc00
3ffd5800
3f75e500
40042100
3f6a7c00
4004e300
3f68e800
4009b300
3f617800
400f1d00
3f591a00
400fe300
3f57e800
4014b300
3f507800
401a0700
3f483c00
401adf00
3f48a400
401fba00
3f42e700
40250300
3f3ca800
40256600
3f3c3300
402aba00
3f35e700
3fb05c00
3faebc00
3fb9e600
3fa72580
3fbb9e00
3fa5c780
3fc64600
3f9d4d80
3fcbdc00
3f98dc00
3fd17200
3f946a80
3fdc4600
3f8bcd80
3fe1ee00
3f895e00
3fe78400
3f867280
3ff25800
3f80c980
3ff7d800
3f7bd300
3ffd6e00
3f75fc00
40042c00
3f6a9300
4004f000
3f68fc00
4009c000
3f618c00
400f2a00
3f592e00
400ff000
3f57fc00
4014c000
3f508c00
401a1400
3f485000
401aee00
3f48b500
401fc900
3f42f800
40251200
3f3cb900
40257500
3f3c4400
402ac900
3f35f800
3fb05c00
3faebc00
3fb9e600
3fa72580
3fbb9e00
3fa5c780
3fc64600
3f9d4d80
3fcbdc00
3f98dc00
3fd17200
3f946a80
3fdc4600
3f8bcd80
3fe1ee00
3f895e00
3fe78400
3f867280
3ff25800
3f80c980
3ff7d800
3f7bd300
3ffd6e00
3f75fc00
40042c00
3f6a9300
4004f000
3f68fc00
4009c000
3f618c00
400f2a00
3f592e00
400ff000
3f57fc00
4014c000
3f508c00
401a1400
3f485000
401aee00
3f48b500
401fc900
3f42f800
40251200
3f3cb900
40257500
3f3c4400
402ac900
3f35f800
3fb12200
3faf5b80
3fbaac00
3fa7c500
3fbc6400
3fa66700
3fc70c00
3f9ded00
3fcca200
3f997b80
3fd23800
3f950a00
3fdd0c00
3f8c6d00
3fe2e000
3f89dc80
3fe87600
3f86f100
3ff34a00
3f814800
3ff8ca00
3f7cd000
3ffe6000
3f76f900
4004a500
3f6b9000
40057f00
3f69d800
400a4f00
3f626800
400fb900
3f5a0a00
40107f00
3f58d800
40154f00
3f516800
401aa300
3f492c00
401b9300
3f497000
40206e00
3f43b300
4025b700
3f3d7400
40261a00
3f3cff00
402b6e00
3f36b300
3fb13400
3faf6a00
3fbabe00
3fa7d380
3fbc7600
3fa67580
3fc71e00
3f9dfb80
3fccb400
3f998a00
3fd24a00
3f951880
3fdd1e00
3f8c7b80
3fe2f600
3f89e800
3fe88c00
3f86fc80
3ff36000
3f815380
3ff8e000
3f7ce700
3ffe7600
3f771000
4004b000
3f6ba700
40058c00
3f69ec00
400a5c00
3f627c00
400fc600
3f5a1e00
40108c00
3f58ec00
40155c00
3f517c00
401ab000
3f494000
401ba200
3f498100
40207d00
3f43c400
4025c600
3f3d8500
40262900
3f3d1000
402b7d00
3f36c400
3fb13400
3faf6a00
3fbabe00
3fa7d380
3fbc7600
3fa67580
3fc71e00
3f9dfb80
3fccb400
3f998a00
3fd24a00
3f951880
3fdd1e00
3f8c7b80
3fe2f600
3f89e800
3fe88c00
3f86fc80
3ff36000
3f815380
3ff8e000
3f7ce700
3ffe7600
3f771000
4004b000
3f6ba700
40058c00
3f69ec00
400a5c00
3f627c00
400fc600
3f5a1e00
40108c00
3f58ec00
40155c00
3f517c00
401ab000
3f494000
401ba200
3f498100
40207d00
3f43c400
4025c600
3f3d8500
40262900
3f3d1000
402b7d00
3f36c400
3fb48200
3fb21380
3fbe0c00
3faa7d00
3fbfc400
3fa91f00
3fca6c00
3fa0a500
3fd00200
3f9c3380
3fd59800
3f97c200
3fe06c00
3f8f2500
3fe70000
3f8c0480
3fec9600
3f891900
3ff76a00
3f837000
3ffcea00
3f809000
40014000
3f7b4900
4006b500
3f6fe000
4007ef00
3f6d9800
400cbf00
3f662800
40122900
3f5dca00
4012ef00
3f5c9800
4017bf00
3f552800
401d1300
3f4cec00
401e6300
3f4ca000
40233e00
3f46e300
40288700
3f40a400
4028ea00
3f402f00
402e3e00
3f39e300
3fb49400
3fb22200
3fbe1e00
3faa8b80
3fbfd600
3fa92d80
3fca7e00
3fa0b380
3fd01400
3f9c4200
3fd5aa00
3f97d080
3fe07e00
3f8f3380
3fe71600
3f8c1000
3fecac00
3f892480
3ff78000
3f837b80
3ffd0000
3f809b80
40014b00
3f7b6000
4006c000
3f6ff700
4007fc00
3f6dac00
400ccc00
3f663c00
40123600
3f5dde00
4012fc00
3f5cac00
4017cc00
3f553c00
401d2000
3f4d0000
401e7200
3f4cb100
40234d00
3f46f400
40289600
3f40b500
4028f900
3f404000
402e4d00
3f39f400
3fb49400
3fb22200
3fbe1e00
3faa8b80
3fbfd600
3fa92d80
3fca7e00
3fa0b380
3fd01400
3f9c4200
3fd5aa00
3f97d080
3fe07e00
3f8f3380
3fe71600
3f8c1000
3fecac00
3f892480
3ff78000
3f837b80
3ffd0000
3f809b80
40014b00
3f7b6000
4006c000
3f6ff700
4007fc00
3f6dac00
400ccc00
3f663c00
40123600
3f5dde00
4012fc00
3f5cac00
4017cc00
3f553c00
401d2000
3f4d0000
401e7200
3f4cb100
40234d00
3f46f400
40289600
3f40b500
4028f900
3f404000
402e4d00
3f39f400
3fb7e200
3fb4cb80
3fc16c00
3fad3500
3fc32400
3fabd700
3fcdcc00
3fa35d00
3fd36200
3f9eeb80
3fd8f800
3f9a7a00
3fe3cc00
3f91dd00
3feb2000
3f8e2c80
3ff0b600
3f8b4100
3ffb8a00
3f859800
40008500
3f82b800
40035000
3f7f9900
4008c500
3f743000
400a5f00
3f715800
400f2f00
3f69e800
40149900
3f618a00
40155f00
3f605800
401a2f00
3f58e800
401f8300
3f50ac00
40213300
3f4fd000
40260e00
3f4a1300
402b5700
3f43d400
402bba00
3f435f00
40310e00
3f3d1300
3fb7f400
3fb4da00
3fc17e00
3fad4380
3fc33600
3fabe580
3fcdde00
3fa36b80
3fd37400
3f9efa00
3fd90a00
3f9a8880
3fe3de00
3f91eb80
3feb3600
3f8e3800
3ff0cc00
3f8b4c80
3ffba000
3f85a380
40009000
3f82c380
40035b00
3f7fb000
4008d000
3f744700
400a6c00
3f716c00
400f3c00
3f69fc00
4014a600
3f619e00
40156c00
3f606c00
401a3c00
3f58fc00
401f9000
3f50c000
40214200
3f4fe100
40261d00
3f4a2400
402b6600
3f43e500
402bc900
3f437000
40311d00
3f3d2400
3fb8ba00
3fb57980
3fc24400
3fade300
3fc3fc00
3fac8500
3fcea400
3fa40b00
3fd43a00
3f9f9980
3fd9d000
3f9b2800
3fe4a400
3f928b00
3fec2800
3f8eb680
3ff1be00
3f8bcb00
3ffc9200
3f862200
40010900
3f834200
4003d400
3f805680
40094900
3f754400
400afb00
3f724800
400fcb00
3f6ad800
40153500
3f627a00
4015fb00
3f614800
401acb00
3f59d800
40201f00
3f519c00
4021e700
3f509c00
4026c200
3f4adf00
402c0b00
3f44a000
402c6e00
3f442b00
4031c200
3f3ddf00
3fb8cc00
3fb58800
3fc25600
3fadf180
3fc40e00
3fac9380
3fceb600
3fa41980
3fd44c00
3f9fa800
3fd9e200
3f9b3680
3fe4b600
3f929980
3fec3e00
3f8ec200
3ff1d400
3f8bd680
3ffca800
3f862d80
40011400
3f834d80
4003df00
3f806200
40095400
3f755b00
400b0800
3f725c00
400fd800
3f6aec00
40154200
3f628e00
40160800
3f615c00
401ad800
3f59ec00
40202c00
3f51b000
4021f600
3f50ad00
4026d100
3f4af000
402c1a00
3f44b100
402c7d00
3f443c00
4031d100
3f3df000
3fb8f000
3fb5a500
3fc27a00
3fae0e80
3fc43200
3facb080
3fceda00
3fa43680
3fd47000
3f9fc500
3fda0600
3f9b5380
3fe4da00
3f92b680
3fec6a00
3f8ed900
3ff20000
3f8bed80
3ffcd400
3f864480
40012a00
3f836480
4003f500
3f807900
40096a00
3f758900
400b2200
3f728400
400ff200
3f6b1400
40155c00
3f62b600
40162200
3f618400
401af200
3f5a1400
40204600
3f51d800
40221400
3f50cf00
4026ef00
3f4b1200
402c3800
3f44d300
402c9b00
3f445e00
4031ef00
3f3e1200
3fb90200
3fb5b380
3fc28c00
3fae1d00
3fc44400
3facbf00
3fceec00
3fa44500
3fd48200
3f9fd380
3fda1800
3f9b6200
3fe4ec00
3f92c500
3fec8000
3f8ee480
3ff21600
3f8bf900
3ffcea00
3f865000
40013500
3f837000
40040000
3f808480
40097500
3f75a000
400b2f00
3f729800
400fff00
3f6b2800
40156900
3f62ca00
40162f00
3f619800
401aff00
3f5a2800
40205300
3f51ec00
40222300
3f50e000
4026fe00
3f4b2300
402c4700
3f44e400
402caa00
3f446f00
4031fe00
3f3e2300
3fb90200
3fb5b380
3fc28c00
3fae1d00
3fc44400
3facbf00
3fceec00
3fa44500
3fd48200
3f9fd380
3fda1800
3f9b6200
3fe4ec00
3f92c500
3fec8000
3f8ee480
3ff21600
3f8bf900
3ffcea00
3f865000
40013500
3f837000
40040000
3f808480
40097500
3f75a000
400b2f00
3f729800
400fff00
3f6b2800
40156900
3f62ca00
40162f00
3f619800
401aff00
3f5a2800
40205300
3f51ec00
40222300
3f50e000
4026fe00
3f4b2300
402c4700
3f44e400
402caa00
3f446f00
4031fe00
3f3e2300
3fb90200
3fb5b380
3fc28c00
3fae1d00
3fc44400
3facbf00
3fceec00
3fa44500
3fd48200
3f9fd380
3fda1800
3f9b6200
3fe4ec00
3f92c500
3fec8000
3f8ee480
3ff21600
3f8bf900
3ffcea00
3f865000
40013500
3f837000
40040000
3f808480
40097500
3f75a000
400b2f00
3f729800
400fff00
3f6b2800
40156900
3f62ca00
40162f00
3f619800
401aff00
3f5a2800
40205300
3f51ec00
40222300
3f50e000
4026fe00
3f4b2300
402c4700
3f44e400
402caa00
3f446f00
4031fe00
3f3e2300
3fb90200
3fb5b380
3fc28c00
3fae1d00
3fc44400
3facbf00
3fceec00
3fa44500
3fd48200
3f9fd380
3fda1800
3f9b6200
3fe4ec00
3f92c500
3fec8000
3f8ee480
3ff21600
3f8bf900
3ffcea00
3f865000
40013500
3f837000
40040000
3f808480
40097500
3f75a000
400b2f00
3f729800
400fff00
3f6b2800
40156900
3f62ca00
40162f00
3f619800
401aff00
3f5a2800
40205300
3f51ec00
40222300
3f50e000
4026fe00
3f4b2300
402c4700
3f44e400
402caa00
3f446f00
4031fe00
3f3e2300
3fb91400
3fb5c200
3fc29e00
3fae2b80
3fc45600
3faccd80
3fcefe00
3fa45380
3fd49400
3f9fe200
3fda2a00
3f9b7080
3fe4fe00
3f92d380
3fec9600
3f8ef000
3ff22c00
3f8c0480
3ffd0000
3f865b80
40014000
3f837b80
40040b00
3f809000
40098000
3f75b700
400b3c00
3f72ac00
40100c00
3f6b3c00
40157600
3f62de00
40163c00
3f61ac00
401b0c00
3f5a3c00
40206000
3f520000
40223200
3f50f100
40270d00
3f4b3400
402c5600
3f44f500
402cb900
3f448000
40320d00
3f3e3400
3fb91400
3fb5c200
3fc29e00
3fae2b80
3fc45600
3faccd80
3fcefe00
3fa45380
3fd49400
3f9fe200
3fda2a00
3f9b7080
3fe4fe00
3f92d380
3fec9600
3f8ef000
3ff22c00
3f8c0480
3ffd0000
3f865b80
40014000
3f837b80
40040b00
3f809000
40098000
3f75b700
400b3c00
3f72ac00
40100c00
3f6b3c00
40157600
3f62de00
40163c00
3f61ac00
401b0c00
3f5a3c00
40206000
3f520000
40223200
3f50f100
40270d00
3f4b3400
402c5600
3f44f500
402cb900
3f448000
40320d00
3f3e3400
3fb91400
3fb5c200
3fc29e00
3fae2b80
3fc45600
3faccd80
3fcefe00
3fa45380
3fd49400
3f9fe200
3fda2a00
3f9b7080
3fe4fe00
3f92d380
3fec9600
3f8ef000
3ff22c00
3f8c0480
3ffd0000
3f865b80
40014000
3f837b80
40040b00
3f809000
40098000
3f75b700
400b3c00
3f72ac00
40100c00
3f6b3c00
40157600
3f62de00
40163c00
3f61ac00
401b0c00
3f5a3c00
40206000
3f520000
40223200
3f50f100
40270d00
3f4b3400
402c5600
3f44f500
402cb900
3f448000
40320d00
3f3e3400
3fb91400
3fb5c200
3fc29e00
3fae2b80
3fc45600
3faccd80
3fcefe00
3fa45380
3fd49400
3f9fe200
3fda2a00
3f9b7080
3fe4fe00
3f92d380
3fec9600
3f8ef000
3ff22c00
3f8c0480
3ffd0000
3f865b80
40014000
3f837b80
40040b00
3f809000
40098000
3f75b700
400b3c00
3f72ac00
40100c00
3f6b3c00
40157600
3f62de00
40163c00
3f61ac00
401b0c00
3f5a3c00
40206000
3f520000
40223200
3f50f100
40270d00
3f4b3400
402c5600
3f44f500
402cb900
3f448000
40320d00
3f3e3400
3fb91400
3fb5c200
3fc29e00
3fae2b80
3fc45600
3faccd80
3fcefe00
3fa45380
3fd49400
3f9fe200
3fda2a00
3f9b7080
3fe4fe00
3f92d380
3fec9600
3f8ef000
3ff22c00
3f8c0480
3ffd0000
3f865b80
40014000
3f837b80
40040b00
3f809000
40098000
3f75b700
400b3c00
3f72ac00
40100c00
3f6b3c00
40157600
3f62de00
40163c00
3f61ac00
401b0c00
3f5a3c00
40206000
3f520000
40223200
3f50f100
40270d00
3f4b3400
402c5600
3f44f500
402cb900
3f448000
40320d00
3f3e3400
3fb91400
3fb5c200
3fc29e00
3fae2b80
3fc45600
3faccd80
3fcefe00
3fa45380
3fd49400
3f9fe200
3fda2a00
3f9b7080
3fe4fe00
3f92d380
3fec9600
3f8ef000
3ff22c00
3f8c0480
3ffd0000
3f865b80
40014000
3f837b80
40040b00
3f809000
40098000
3f75b700
400b3c00
3f72ac00
40100c00
3f6b3c00
40157600
3f62de00
40163c00
3f61ac00
401b0c00
3f5a3c00
40206000
3f520000
40223200
3f50f100
40270d00
3f4b3400
402c5600
3f44f500
402cb900
3f448000
40320d00
3f3e3400
3fb92600
3fb5d080
3fc2b000
3fae3a00
3fc46800
3facdc00
3fcf1000
3fa46200
3fd4a600
3f9ff080
3fda3c00
3f9b7f00
3fe51000
3f92e200
3fecac00
3f8efb80
3ff24200
3f8c1000
3ffd1600
3f866700
40014b00
3f838700
40041600
3f809b80
40098b00
3f75ce00
400b4900
3f72c000
40101900
3f6b5000
40158300
3f62f200
40164900
3f61c000
401b1900
3f5a5000
40206d00
3f521400
40224100
3f510200
40271c00
3f4b4500
402c6500
3f450600
402cc800
3f449100
40321c00
3f3e4500
3fb92600
3fb5d080
3fc2b000
3fae3a00
3fc46800
3facdc00
3fcf1000
3fa46200
3fd4a600
3f9ff080
3fda3c00
3f9b7f00
3fe51000
3f92e200
3fecac00
3f8efb80
3ff24200
3f8c1000
3ffd1600
3f866700
40014b00
3f838700
40041600
3f809b80
40098b00
3f75ce00
400b4900
3f72c000
40101900
3f6b5000
40158300
3f62f200
40164900
3f61c000
401b1900
3f5a5000
40206d00
3f521400
40224100
3f510200
40271c00
3f4b4500
402c6500
3f450600
402cc800
3f449100
40321c00
3f3e4500
3fb94a00
3fb5ed80
3fc2d400
3fae5700
3fc48c00
3facf900
3fcf3400
3fa47f00
3fd4ca00
3fa00d80
3fda6000
3f9b9c00
3fe53400
3f92ff00
3fecd800
3f8f1280
3ff26e00
3f8c2700
3ffd4200
3f867e00
40016100
3f839e00
40042c00
3f80b280
4009a100
3f75fc00
400b6300
3f72e800
40103300
3f6b7800
40159d00
3f631a00
40166300
3f61e800
401b3300
3f5a7800
40208700
3f523c00
40225f00
3f512400
40273a00
3f4b6700
402c8300
3f452800
402ce600
3f44b300
40323a00
3f3e6700
3fb95c00
3fb5fc00
3fc2e600
3fae6580
3fc49e00
3fad0780
3fcf4600
3fa48d80
3fd4dc00
3fa01c00
3fda7200
3f9baa80
3fe54600
3f930d80
3fecee00
3f8f1e00
3ff28400
3f8c3280
3ffd5800
3f868980
40016c00
3f83a980
40043700
3f80be00
4009ac00
3f761300
400b7000
3f72fc00
40104000
3f6b8c00
4015aa00
3f632e00
40167000
3f61fc00
401b4000
3f5a8c00
40209400
3f525000
40226e00
3f513500
40274900
3f4b7800
402c9200
3f453900
402cf500
3f44c400
40324900
3f3e7800
3fb95c00
3fb5fc00
3fc2e600
3fae6580
3fc49e00
3fad0780
3fcf4600
3fa48d80
3fd4dc00
3fa01c00
3fda7200
3f9baa80
3fe54600
3f930d80
3fecee00
3f8f1e00
3ff28400
3f8c3280
3ffd5800
3f868980
40016c00
3f83a980
40043700
3f80be00
4009ac00
3f761300
400b7000
3f72fc00
40104000
3f6b8c00
4015aa00
3f632e00
40167000
3f61fc00
401b4000
3f5a8c00
40209400
3f525000
40226e00
3f513500
40274900
3f4b7800
402c9200
3f453900
402cf500
3f44c400
40324900
3f3e7800
3fba2200
3fb69b80
3fc3ac00
3faf0500
3fc56400
3fada700
3fd00c00
3fa52d00
3fd5a200
3fa0bb80
3fdb3800
3f9c4a00
3fe60c00
3f93ad00
3fede000
3f8f9c80
3ff37600
3f8cb100
3ffe4a00
3f870800
4001e500
3f842800
4004b000
3f813c80
400a2500
3f771000
400bff00
3f73d800
4010cf00
3f6c6800
40163900
3f640a00
4016ff00
3f62d800
401bcf00
3f5b6800
40212300
3f532c00
40231300
3f51f000
4027ee00
3f4c3300
402d3700
3f45f400
402d9a00
3f457f00
4032ee00
3f3f3300
3fba3400
3fb6aa00
3fc3be00
3faf1380
3fc57600
3fadb580
3fd01e00
3fa53b80
3fd5b400
3fa0ca00
3fdb4a00
3f9c5880
3fe61e00
3f93bb80
3fedf600
3f8fa800
3ff38c00
3f8cbc80
3ffe6000
3f871380
4001f000
3f843380
4004bb00
3f814800
400a3000
3f772700
400c0c00
3f73ec00
4010dc00
3f6c7c00
40164600
3f641e00
40170c00
3f62ec00
401bdc00
3f5b7c00
40213000
3f534000
40232200
3f520100
4027fd00
3f4c4400
402d4600
3f460500
402da900
3f459000
4032fd00
3f3f4400
3fba3400
3fb6aa00
3fc3be00
3faf1380
3fc57600
3fadb580
3fd01e00
3fa53b80
3fd5b400
3fa0ca00
3fdb4a00
3f9c5880
3fe61e00
3f93bb80
3fedf600
3f8fa800
3ff38c00
3f8cbc80
3ffe6000
3f871380
4001f000
3f843380
4004bb00
3f814800
400a3000
3f772700
400c0c00
3f73ec00
4010dc00
3f6c7c00
40164600
3f641e00
40170c00
3f62ec00
401bdc00
3f5b7c00
40213000
3f534000
40232200
3f520100
4027fd00
3f4c4400
402d4600
3f460500
402da900
3f459000
4032fd00
3f3f4400
3fbd8200
3fb95380
3fc70c00
3fb1bd00
3fc8c400
3fb05f00
3fd36c00
3fa7e500
3fd90200
3fa37380
3fde9800
3f9f0200
3fe96c00
3f966500
3ff20000
3f91c480
3ff79600
3f8ed900
40013500
3f893000
4003f500
3f865000
4006c000
3f836480
400c3500
3f7b6000
400e6f00
3f779800
40133f00
3f702800
4018a900
3f67ca00
40196f00
3f669800
401e3f00
3f5f2800
40239300
3f56ec00
4025e300
3f552000
402abe00
3f4f6300
40300700
3f492400
40306a00
3f48af00
4035be00
3f426300
3fbd9400
3fb96200
3fc71e00
3fb1cb80
3fc8d600
3fb06d80
3fd37e00
3fa7f380
3fd91400
3fa38200
3fdeaa00
3f9f1080
3fe97e00
3f967380
3ff21600
3f91d000
3ff7ac00
3f8ee480
40014000
3f893b80
40040000
3f865b80
4006cb00
3f837000
400c4000
3f7b7700
400e7c00
3f77ac00
40134c00
3f703c00
4018b600
3f67de00
40197c00
3f66ac00
401e4c00
3f5f3c00
4023a000
3f570000
4025f200
3f553100
402acd00
3f4f7400
40301600
3f493500
40307900
3f48c000
4035cd00
3f427400
3fbd9400
3fb96200
3fc71e00
3fb1cb80
3fc8d600
3fb06d80
3fd37e00
3fa7f380
3fd91400
3fa38200
3fdeaa00
3f9f1080
3fe97e00
3f967380
3ff21600
3f91d000
3ff7ac00
3f8ee480
40014000
3f893b80
40040000
3f865b80
4006cb00
3f837000
400c4000
3f7b7700
400e7c00
3f77ac00
40134c00
3f703c00
4018b600
3f67de00
40197c00
3f66ac00
401e4c00
3f5f3c00
4023a000
3f570000
4025f200
3f553100
402acd00
3f4f7400
40301600
3f493500
40307900
3f48c000
4035cd00
3f427400
3fc0e200
3fbc0b80
3fca6c00
3fb47500
3fcc2400
3fb31700
3fd6cc00
3faa9d00
3fdc6200
3fa62b80
3fe1f800
3fa1ba00
3feccc00
3f991d00
3ff62000
3f93ec80
3ffbb600
3f910100
40034500
3f8b5800
40060500
3f887800
4008d000
3f858c80
400e4500
3f7fb000
4010df00
3f7b5800
4015af00
3f73e800
401b1900
3f6b8a00
401bdf00
3f6a5800
4020af00
3f62e800
40260300
3f5aac00
4028b300
3f585000
402d8e00
3f529300
4032d700
3f4c5400
40333a00
3f4bdf00
40388e00
3f459300
3fc0f400
3fbc1a00
3fca7e00
3fb48380
3fcc3600
3fb32580
3fd6de00
3faaab80
3fdc7400
3fa63a00
3fe20a00
3fa1c880
3fecde00
3f992b80
3ff63600
3f93f800
3ffbcc00
3f910c80
40035000
3f8b6380
40061000
3f888380
4008db00
3f859800
400e5000
3f7fc700
4010ec00
3f7b6c00
4015bc00
3f73fc00
401b2600
3f6b9e00
401bec00
3f6a6c00
4020bc00
3f62fc00
40261000
3f5ac000
4028c200
3f586100
402d9d00
3f52a400
4032e600
3f4c6500
40334900
3f4bf000
40389d00
3f45a400
3fc1ba00
3fbcb980
3fcb4400
3fb52300
3fccfc00
3fb3c500
3fd7a400
3fab4b00
3fdd3a00
3fa6d980
3fe2d000
3fa26800
3feda400
3f99cb00
3ff72800
3f947680
3ffcbe00
3f918b00
4003c900
3f8be200
40068900
3f890200
40095400
3f861680
400ec900
3f806200
40117b00
3f7c4800
40164b00
3f74d800
401bb500
3f6c7a00
401c7b00
3f6b4800
40214b00
3f63d800
40269f00
3f5b9c00
40296700
3f591c00
402e4200
3f535f00
40338b00
3f4d2000
4033ee00
3f4cab00
40394200
3f465f00
3fc1cc00
3fbcc800
3fcb5600
3fb53180
3fcd0e00
3fb3d380
3fd7b600
3fab5980
3fdd4c00
3fa6e800
3fe2e200
3fa27680
3fedb600
3f99d980
3ff73e00
3f948200
3ffcd400
3f919680
4003d400
3f8bed80
40069400
3f890d80
40095f00
3f862200
400ed400
3f806d80
40118800
3f7c5c00
40165800
3f74ec00
401bc200
3f6c8e00
401c8800
3f6b5c00
40215800
3f63ec00
4026ac00
3f5bb000
40297600
3f592d00
402e5100
3f537000
40339a00
3f4d3100
4033fd00
3f4cbc00
40395100
3f467000
3fc1f000
3fbce500
3fcb7a00
3fb54e80
3fcd3200
3fb3f080
3fd7da00
3fab7680
3fdd7000
3fa70500
3fe30600
3fa29380
3fedda00
3f99f680
3ff76a00
3f949900
3ffd0000
3f91ad80
4003ea00
3f8c0480
4006aa00
3f892480
40097500
3f863900
400eea00
3f808480
4011a200
3f7c8400
40167200
3f751400
401bdc00
3f6cb600
401ca200
3f6b8400
40217200
3f641400
4026c600
3f5bd800
40299400
3f594f00
402e6f00
3f539200
4033b800
3f4d5300
40341b00
3f4cde00
40396f00
3f469200
3fc20200
3fbcf380
3fcb8c00
3fb55d00
3fcd4400
3fb3ff00
3fd7ec00
3fab8500
3fdd8200
3fa71380
3fe31800
3fa2a200
3fedec00
3f9a0500
3ff78000
3f94a480
3ffd1600
3f91b900
4003f500
3f8c1000
4006b500
3f893000
40098000
3f864480
400ef500
3f809000
4011af00
3f7c9800
40167f00
3f752800
401be900
3f6cca00
401caf00
3f6b9800
40217f00
3f642800
4026d300
3f5bec00
4029a300
3f596000
402e7e00
3f53a300
4033c700
3f4d6400
40342a00
3f4cef00
40397e00
3f46a300
3fc20200
3fbcf380
3fcb8c00
3fb55d00
3fcd4400
3fb3ff00
3fd7ec00
3fab8500
3fdd8200
3fa71380
3fe31800
3fa2a200
3fedec00
3f9a0500
3ff78000
3f94a480
3ffd1600
3f91b900
4003f500
3f8c1000
4006b500
3f893000
40098000
3f864480
400ef500
3f809000
4011af00
3f7c9800
40167f00
3f752800
401be900
3f6cca00
401caf00
3f6b9800
40217f00
3f642800
4026d300
3f5bec00
4029a300
3f596000
402e7e00
3f53a300
4033c700
3f4d6400
40342a00
3f4cef00
40397e00
3f46a300
3fc20200
3fbcf380
3fcb8c00
3fb55d00
3fcd4400
3fb3ff00
3fd7ec00
3fab8500
3fdd8200
3fa71380
3fe31800
3fa2a200
3fedec00
3f9a0500
3ff78000
3f94a480
3ffd1600
3f91b900
4003f500
3f8c1000
4006b500
3f893000
40098000
3f864480
400ef500
3f809000
4011af00
3f7c9800
40167f00
3f752800
401be900
3f6cca00
401caf00
3f6b9800
40217f00
3f642800
4026d300
3f5bec00
4029a300
3f596000
402e7e00
3f53a300
4033c700
3f4d6400
40342a00
3f4cef00
40397e00
3f46a300
3fc20200
3fbcf380
3fcb8c00
3fb55d00
3fcd4400
3fb3ff00
3fd7ec00
3fab8500
3fdd8200
3fa71380
3fe31800
3fa2a200
3fedec00
3f9a0500
3ff78000
3f94a480
3ffd1600
3f91b900
4003f500
3f8c1000
4006b500
3f893000
40098000
3f864480
400ef500
3f809000
4011af00
3f7c9800
40167f00
3f752800
401be900
3f6cca00
401caf00
3f6b9800
40217f00
3f642800
4026d300
3f5bec00
4029a300
3f596000
402e7e00
3f53a300
4033c700
3f4d6400
40342a00
3f4cef00
40397e00
3f46a300
3fbe1600
3fbf8e00
3fc95c00
3fb6aa80
3fcb6400
3fb51080
3fd7fc00
3fab2280
3fde9600
3fa5ee00
3fe53000
3fa0b980
3ff1fc00
3f96a280
3ff49800
3f96f000
3ffb3200
3f936200
4003ff00
3f8c7e00
40073f00
3f88fe00
400a8c00
3f857000
4010ff00
3f7cfc00
400fdd00
3f7ee400
40158d00
3f762400
401bf300
3f6c4c00
401cdd00
3f6ae400
40228d00
3f622400
4028d900
3f587400
4027d100
3f5b8b00
402d8e00
3f54ec00
4033cd00
3f4db700
40344200
3f4d3000
403a8e00
3f45ec00
3fbe1600
3fbf8e00
3fc95c00
3fb6aa80
3fcb6400
3fb51080
3fd7fc00
3fab2280
3fde9600
3fa5ee00
3fe53000
3fa0b980
3ff1fc00
3f96a280
3ff49800
3f96f000
3ffb3200
3f936200
4003ff00
3f8c7e00
40073f00
3f88fe00
400a8c00
3f857000
4010ff00
3f7cfc00
400fdd00
3f7ee400
40158d00
3f762400
401bf300
3f6c4c00
401cdd00
3f6ae400
40228d00
3f622400
4028d900
3f587400
4027d100
3f5b8b00
402d8e00
3f54ec00
4033cd00
3f4db700
40344200
3f4d3000
403a8e00
3f45ec00
3fbe1600
3fbf8e00
3fc95c00
3fb6aa80
3fcb6400
3fb51080
3fd7fc00
3fab2280
3fde9600
3fa5ee00
3fe53000
3fa0b980
3ff1fc00
3f96a280
3ff49800
3f96f000
3ffb3200
3f936200
4003ff00
3f8c7e00
40073f00
3f88fe00
400a8c00
3f857000
4010ff00
3f7cfc00
400fdd00
3f7ee400
40158d00
3f762400
401bf300
3f6c4c00
401cdd00
3f6ae400
40228d00
3f622400
4028d900
3f587400
4027d100
3f5b8b00
402d8e00
3f54ec00
4033cd00
3f4db700
40344200
3f4d3000
403a8e00
3f45ec00
3fbe1600
3fbf8e00
3fc95c00
3fb6aa80
3fcb6400
3fb51080
3fd7fc00
3fab2280
3fde9600
3fa5ee00
3fe53000
3fa0b980
3ff1fc00
3f96a280
3ff49800
3f96f000
3ffb3200
3f936200
4003ff00
3f8c7e00
40073f00
3f88fe00
400a8c00
3f857000
4010ff00
3f7cfc00
400fdd00
3f7ee400
40158d00
3f762400
401bf300
3f6c4c00
401cdd00
3f6ae400
40228d00
3f622400
4028d900
3f587400
4027d100
3f5b8b00
402d8e00
3f54ec00
4033cd00
3f4db700
40344200
3f4d3000
403a8e00
3f45ec00
3fbe1600
3fbf8e00
3fc95c00
3fb6aa80
3fcb6400
3fb51080
3fd7fc00
3fab2280
3fde9600
3fa5ee00
3fe53000
3fa0b980
3ff1fc00
3f96a280
3ff49800
3f96f000
3ffb3200
3f936200
4003ff00
3f8c7e00
40073f00
3f88fe00
400a8c00
3f857000
4010ff00
3f7cfc00
400fdd00
3f7ee400
40158d00
3f762400
401bf300
3f6c4c00
401cdd00
3f6ae400
40228d00
3f622400
4028d900
3f587400
4027d100
3f5b8b00
402d8e00
3f54ec00
4033cd00
3f4db700
40344200
3f4d3000
403a8e00
3f45ec00
3fbe1600
3fbf8e00
3fc95c00
3fb6aa80
3fcb6400
3fb51080
3fd7fc00
3fab2280
3fde9600
3fa5ee00
3fe53000
3fa0b980
3ff1fc00
3f96a280
3ff49800
3f96f000
3ffb3200
3f936200
4003ff00
3f8c7e00
40073f00
3f88fe00
400a8c00
3f857000
4010ff00
3f7cfc00
400fdd00
3f7ee400
40158d00
3f762400
401bf300
3f6c4c00
401cdd00
3f6ae400
40228d00
3f622400
4028d900
3f587400
4027d100
3f5b8b00
402d8e00
3f54ec00
4033cd00
3f4db700
40344200
3f4d3000
403a8e00
3f45ec00
3fbe2800
3fbf9c80
3fc96e00
3fb6b900
3fcb7600
3fb51f00
3fd80e00
3fab3100
3fdea800
3fa5fc80
3fe54200
3fa0c800
3ff20e00
3f96b100
3ff4ae00
3f96fb80
3ffb4800
3f936d80
40040a00
3f8c8980
40074a00
3f890980
400a9700
3f857b80
40110a00
3f7d1300
400fea00
3f7ef800
40159a00
3f763800
401c0000
3f6c6000
401cea00
3f6af800
40229a00
3f623800
4028e600
3f588800
4027e000
3f5b9c00
402d9d00
3f54fd00
4033dc00
3f4dc800
40345100
3f4d4100
403a9d00
3f45fd00
3fbe2800
3fbf9c80
3fc96e00
3fb6b900
3fcb7600
3fb51f00
3fd80e00
3fab3100
3fdea800
3fa5fc80
3fe54200
3fa0c800
3ff20e00
3f96b100
3ff4ae00
3f96fb80
3ffb4800
3f936d80
40040a00
3f8c8980
40074a00
3f890980
400a9700
3f857b80
40110a00
3f7d1300
400fea00
3f7ef800
40159a00
3f763800
401c0000
3f6c6000
401cea00
3f6af800
40229a00
3f623800
4028e600
3f588800
4027e000
3f5b9c00
402d9d00
3f54fd00
4033dc00
3f4dc800
40345100
3f4d4100
403a9d00
3f45fd00
3fbe4c00
3fbfb980
3fc99200
3fb6d600
3fcb9a00
3fb53c00
3fd83200
3fab4e00
3fdecc00
3fa61980
3fe56600
3fa0e500
3ff23200
3f96ce00
3ff4da00
3f971280
3ffb7400
3f938480
40042000
3f8ca080
40076000
3f892080
400aad00
3f859280
40112000
3f7d4100
40100400
3f7f2000
4015b400
3f766000
401c1a00
3f6c8800
401d0400
3f6b2000
4022b400
3f626000
40290000
3f58b000
4027fe00
3f5bbe00
402dbb00
3f551f00
4033fa00
3f4dea00
40346f00
3f4d6300
403abb00
3f461f00
3fbe5e00
3fbfc800
3fc9a400
3fb6e480
3fcbac00
3fb54a80
3fd84400
3fab5c80
3fdede00
3fa62800
3fe57800
3fa0f380
3ff24400
3f96dc80
3ff4f000
3f971e00
3ffb8a00
3f939000
40042b00
3f8cac00
40076b00
3f892c00
400ab800
3f859e00
40112b00
3f7d5800
40101100
3f7f3400
4015c100
3f767400
401c2700
3f6c9c00
401d1100
3f6b3400
4022c100
3f627400
40290d00
3f58c400
40280d00
3f5bcf00
402dca00
3f553000
40340900
3f4dfb00
40347e00
3f4d7400
403aca00
3f463000
3fbe5e00
3fbfc800
3fc9a400
3fb6e480
3fcbac00
3fb54a80
3fd84400
3fab5c80
3fdede00
3fa62800
3fe57800
3fa0f380
3ff24400
3f96dc80
3ff4f000
3f971e00
3ffb8a00
3f939000
40042b00
3f8cac00
40076b00
3f892c00
400ab800
3f859e00
40112b00
3f7d5800
40101100
3f7f3400
4015c100
3f767400
401c2700
3f6c9c00
401d1100
3f6b3400
4022c100
3f627400
40290d00
3f58c400
40280d00
3f5bcf00
402dca00
3f553000
40340900
3f4dfb00
40347e00
3f4d7400
403aca00
3f463000
3fbf2400
3fc06780
3fca6a00
3fb78400
3fcc7200
3fb5ea00
3fd90a00
3fabfc00
3fdfa400
3fa6c780
3fe63e00
3fa19300
3ff30a00
3f977c00
3ff5e200
3f979c80
3ffc7c00
3f940e80
4004a400
3f8d2a80
4007e400
3f89aa80
400b3100
3f861c80
4011a400
3f7e5500
4010a000
3f800800
40165000
3f775000
401cb600
3f6d7800
401da000
3f6c1000
40235000
3f635000
40299c00
3f59a000
4028b200
3f5c8a00
402e6f00
3f55eb00
4034ae00
3f4eb600
40352300
3f4e2f00
403b6f00
3f46eb00
3fbf3600
3fc07600
3fca7c00
3fb79280
3fcc8400
3fb5f880
3fd91c00
3fac0a80
3fdfb600
3fa6d600
3fe65000
3fa1a180
3ff31c00
3f978a80
3ff5f800
3f97a800
3ffc9200
3f941a00
4004af00
3f8d3600
4007ef00
3f89b600
400b3c00
3f862800
4011af00
3f7e6c00
4010ad00
3f801200
40165d00
3f776400
401cc300
3f6d8c00
401dad00
3f6c2400
40235d00
3f636400
4029a900
3f59b400
4028c100
3f5c9b00
402e7e00
3f55fc00
4034bd00
3f4ec700
40353200
3f4e4000
403b7e00
3f46fc00
3fbf3600
3fc07600
3fca7c00
3fb79280
3fcc8400
3fb5f880
3fd91c00
3fac0a80
3fdfb600
3fa6d600
3fe65000
3fa1a180
3ff31c00
3f978a80
3ff5f800
3f97a800
3ffc9200
3f941a00
4004af00
3f8d3600
4007ef00
3f89b600
400b3c00
3f862800
4011af00
3f7e6c00
4010ad00
3f801200
40165d00
3f776400
401cc300
3f6d8c00
401dad00
3f6c2400
40235d00
3f636400
4029a900
3f59b400
4028c100
3f5c9b00
402e7e00
3f55fc00
4034bd00
3f4ec700
40353200
3f4e4000
403b7e00
3f46fc00
3fc28400
3fc31f80
3fcdca00
3fba3c00
3fcfd200
3fb8a200
3fdc6a00
3faeb400
3fe30400
3fa97f80
3fe99e00
3fa44b00
3ff66a00
3f9a3400
3ffa0200
3f99c480
40004e00
3f963680
4006b400
3f8f5280
4009f400
3f8bd280
400d4100
3f884480
4013b400
3f815280
40131000
3f81e800
4018c000
3f7b1000
401f2600
3f713800
40201000
3f6fd000
4025c000
3f671000
402c0c00
3f5d6000
402b8200
3f5fba00
40313f00
3f591b00
40377e00
3f51e600
4037f300
3f515f00
403e3f00
3f4a1b00
3fc29600
3fc32e00
3fcddc00
3fba4a80
3fcfe400
3fb8b080
3fdc7c00
3faec280
3fe31600
3fa98e00
3fe9b000
3fa45980
3ff67c00
3f9a4280
3ffa1800
3f99d000
40005900
3f964200
4006bf00
3f8f5e00
4009ff00
3f8bde00
400d4c00
3f885000
4013bf00
3f815e00
40131d00
3f81f200
4018cd00
3f7b2400
401f3300
3f714c00
40201d00
3f6fe400
4025cd00
3f672400
402c1900
3f5d7400
402b9100
3f5fcb00
40314e00
3f592c00
40378d00
3f51f700
40380200
3f517000
403e4e00
3f4a2c00
3fc29600
3fc32e00
3fcddc00
3fba4a80
3fcfe400
3fb8b080
3fdc7c00
3faec280
3fe31600
3fa98e00
3fe9b000
3fa45980
3ff67c00
3f9a4280
3ffa1800
3f99d000
40005900
3f964200
4006bf00
3f8f5e00
4009ff00
3f8bde00
400d4c00
3f885000
4013bf00
3f815e00
40131d00
3f81f200
4018cd00
3f7b2400
401f3300
3f714c00
40201d00
3f6fe400
4025cd00
3f672400
402c1900
3f5d7400
402b9100
3f5fcb00
40314e00
3f592c00
40378d00
3f51f700
40380200
3f517000
403e4e00
3f4a2c00
3fc5e400
3fc5d780
3fd12a00
3fbcf400
3fd33200
3fbb5a00
3fdfca00
3fb16c00
3fe66400
3fac3780
3fecfe00
3fa70300
3ff9ca00
3f9cec00
3ffe2200
3f9bec80
40025e00
3f985e80
4008c400
3f917a80
400c0400
3f8dfa80
400f5100
3f8a6c80
4015c400
3f837a80
40158000
3f83c800
401b3000
3f7ed000
40219600
3f74f800
40228000
3f739000
40283000
3f6ad000
402e7c00
3f612000
402e5200
3f62ea00
40340f00
3f5c4b00
403a4e00
3f551600
403ac300
3f548f00
40410f00
3f4d4b00
3fc5f600
3fc5e600
3fd13c00
3fbd0280
3fd34400
3fbb6880
3fdfdc00
3fb17a80
3fe67600
3fac4600
3fed1000
3fa71180
3ff9dc00
3f9cfa80
3ffe3800
3f9bf800
40026900
3f986a00
4008cf00
3f918600
400c0f00
3f8e0600
400f5c00
3f8a7800
4015cf00
3f838600
40158d00
3f83d200
401b3d00
3f7ee400
4021a300
3f750c00
40228d00
3f73a400
40283d00
3f6ae400
402e8900
3f613400
402e6100
3f62fb00
40341e00
3f5c5c00
403a5d00
3f552700
403ad200
3f54a000
40411e00
3f4d5c00
3fc6bc00
3fc68580
3fd20200
3fbda200
3fd40a00
3fbc0800
3fe0a200
3fb21a00
3fe73c00
3face580
3fedd600
3fa7b100
3ffaa200
3f9d9a00
3fff2a00
3f9c7680
4002e200
3f98e880
40094800
3f920480
400c8800
3f8e8480
400fd500
3f8af680
40164800
3f840480
40161c00
3f844000
401bcc00
3f7fc000
40223200
3f75e800
40231c00
3f748000
4028cc00
3f6bc000
402f1800
3f621000
402f0600
3f63b600
4034c300
3f5d1700
403b0200
3f55e200
403b7700
3f555b00
4041c300
3f4e1700
3fc6ce00
3fc69400
3fd21400
3fbdb080
3fd41c00
3fbc1680
3fe0b400
3fb22880
3fe74e00
3facf400
3fede800
3fa7bf80
3ffab400
3f9da880
3fff4000
3f9c8200
4002ed00
3f98f400
40095300
3f921000
400c9300
3f8e9000
400fe000
3f8b0200
40165300
3f841000
40162900
3f844a00
401bd900
3f7fd400
40223f00
3f75fc00
40232900
3f749400
4028d900
3f6bd400
402f2500
3f622400
402f1500
3f63c700
4034d200
3f5d2800
403b1100
3f55f300
403b8600
3f556c00
4041d200
3f4e2800
3fc6f200
3fc6b100
3fd23800
3fbdcd80
3fd44000
3fbc3380
3fe0d800
3fb24580
3fe77200
3fad1100
3fee0c00
3fa7dc80
3ffad800
3f9dc580
3fff6c00
3f9c9900
40030300
3f990b00
40096900
3f922700
400ca900
3f8ea700
400ff600
3f8b1900
40166900
3f842700
40164300
3f845e00
401bf300
3f7ffc00
40225900
3f762400
40234300
3f74bc00
4028f300
3f6bfc00
402f3f00
3f624c00
402f3300
3f63e900
4034f000
3f5d4a00
403b2f00
3f561500
403ba400
3f558e00
4041f000
3f4e4a00
3fc70400
3fc6bf80
3fd24a00
3fbddc00
3fd45200
3fbc4200
3fe0ea00
3fb25400
3fe78400
3fad1f80
3fee1e00
3fa7eb00
3ffaea00
3f9dd400
3fff8200
3f9ca480
40030e00
3f991680
40097400
3f923280
400cb400
3f8eb280
40100100
3f8b2480
40167400
3f843280
40165000
3f846800
401c0000
3f800800
40226600
3f763800
40235000
3f74d000
40290000
3f6c1000
402f4c00
3f626000
402f4200
3f63fa00
4034ff00
3f5d5b00
403b3e00
3f562600
403bb300
3f559f00
4041ff00
3f4e5b00
3fc70400
3fc6bf80
3fd24a00
3fbddc00
3fd45200
3fbc4200
3fe0ea00
3fb25400
3fe78400
3fad1f80
3fee1e00
3fa7eb00
3ffaea00
3f9dd400
3fff8200
3f9ca480
40030e00
3f991680
40097400
3f923280
400cb400
3f8eb280
40100100
3f8b2480
40167400
3f843280
40165000
3f846800
401c0000
3f800800
40226600
3f763800
40235000
3f74d000
40290000
3f6c1000
402f4c00
3f626000
402f4200
3f63fa00
4034ff00
3f5d5b00
403b3e00
3f562600
403bb300
3f559f00
4041ff00
3f4e5b00
3fc70400
3fc6bf80
3fd24a00
3fbddc00
3fd45200
3fbc4200
3fe0ea00
3fb25400
3fe78400
3fad1f80
3fee1e00
3fa7eb00
3ffaea00
3f9dd400
3fff8200
3f9ca480
40030e00
3f991680
40097400
3f923280
400cb400
3f8eb280
40100100
3f8b2480
40167400
3f843280
40165000
3f846800
401c0000
3f800800
40226600
3f763800
40235000
3f74d000
40290000
3f6c1000
402f4c00
3f626000
402f4200
3f63fa00
4034ff00
3f5d5b00
403b3e00
3f562600
403bb300
3f559f00
4041ff00
3f4e5b00
3fc70400
3fc6bf80
3fd24a00
3fbddc00
3fd45200
3fbc4200
3fe0ea00
3fb25400
3fe78400
3fad1f80
3fee1e00
3fa7eb00
3ffaea00
3f9dd400
3fff8200
3f9ca480
40030e00
3f991680
40097400
3f923280
400cb400
3f8eb280
40100100
3f8b2480
40167400
3f843280
40165000
3f846800
401c0000
3f800800
40226600
3f763800
40235000
3f74d000
40290000
3f6c1000
402f4c00
3f626000
402f4200
3f63fa00
4034ff00
3f5d5b00
403b3e00
3f562600
403bb300
3f559f00
4041ff00
3f4e5b00
3fc71600
3fc6ce00
3fd25c00
3fbdea80
3fd46400
3fbc5080
3fe0fc00
3fb26280
3fe79600
3fad2e00
3fee3000
3fa7f980
3ffafc00
3f9de280
3fff9800
3f9cb000
40031900
3f992200
40097f00
3f923e00
400cbf00
3f8ebe00
40100c00
3f8b3000
40167f00
3f843e00
40165d00
3f847200
401c0d00
3f801200
40227300
3f764c00
40235d00
3f74e400
40290d00
3f6c2400
402f5900
3f627400
402f5100
3f640b00
40350e00
3f5d6c00
403b4d00
3f563700
403bc200
3f55b000
40420e00
3f4e6c00
3fc71600
3fc6ce00
3fd25c00
3fbdea80
3fd46400
3fbc5080
3fe0fc00
3fb26280
3fe79600
3fad2e00
3fee3000
3fa7f980
3ffafc00
3f9de280
3fff9800
3f9cb000
40031900
3f992200
40097f00
3f923e00
400cbf00
3f8ebe00
40100c00
3f8b3000
40167f00
3f843e00
40165d00
3f847200
401c0d00
3f801200
40227300
3f764c00
40235d00
3f74e400
40290d00
3f6c2400
402f5900
3f627400
402f5100
3f640b00
40350e00
3f5d6c00
403b4d00
3f563700
403bc200
3f55b000
40420e00
3f4e6c00
3fc71600
3fc6ce00
3fd25c00
3fbdea80
3fd46400
3fbc5080
3fe0fc00
3fb26280
3fe79600
3fad2e00
3fee3000
3fa7f980
3ffafc00
3f9de280
3fff9800
3f9cb000
40031900
3f992200
40097f00
3f923e00
400cbf00
3f8ebe00
40100c00
3f8b3000
40167f00
3f843e00
40165d00
3f847200
401c0d00
3f801200
40227300
3f764c00
40235d00
3f74e400
40290d00
3f6c2400
402f5900
3f627400
402f5100
3f640b00
40350e00
3f5d6c00
403b4d00
3f563700
403bc200
3f55b000
40420e00
3f4e6c00
3fc71600
3fc6ce00
3fd25c00
3fbdea80
3fd46400
3fbc5080
3fe0fc00
3fb26280
3fe79600
3fad2e00
3fee3000
3fa7f980
3ffafc00
3f9de280
3fff9800
3f9cb000
40031900
3f992200
40097f00
3f923e00
400cbf00
3f8ebe00
40100c00
3f8b3000
40167f00
3f843e00
40165d00
3f847200
401c0d00
3f801200
40227300
3f764c00
40235d00
3f74e400
40290d00
3f6c2400
402f5900
3f627400
402f5100
3f640b00
40350e00
3f5d6c00
403b4d00
3f563700
403bc200
3f55b000
40420e00
3f4e6c00
3fc71600
3fc6ce00
3fd25c00
3fbdea80
3fd46400
3fbc5080
3fe0fc00
3fb26280
3fe79600
3fad2e00
3fee3000
3fa7f980
3ffafc00
3f9de280
3fff9800
3f9cb000
40031900
3f992200
40097f00
3f923e00
400cbf00
3f8ebe00
40100c00
3f8b3000
40167f00
3f843e00
40165d00
3f847200
401c0d00
3f801200
40227300
3f764c00
40235d00
3f74e400
40290d00
3f6c2400
402f5900
3f627400
402f5100
3f640b00
40350e00
3f5d6c00
403b4d00
3f563700
403bc200
3f55b000
40420e00
3f4e6c00
3fc71600
3fc6ce00
3fd25c00
3fbdea80
3fd46400
3fbc5080
3fe0fc00
3fb26280
3fe79600
3fad2e00
3fee3000
3fa7f980
3ffafc00
3f9de280
3fff9800
3f9cb000
40031900
3f992200
40097f00
3f923e00
400cbf00
3f8ebe00
40100c00
3f8b3000
40167f00
3f843e00
40165d00
3f847200
401c0d00
3f801200
40227300
3f764c00
40235d00
3f74e400
40290d00
3f6c2400
402f5900
3f627400
402f5100
3f640b00
40350e00
3f5d6c00
403b4d00
3f563700
403bc200
3f55b000
40420e00
3f4e6c00
3fc72800
3fc6dc80
3fd26e00
3fbdf900
3fd47600
3fbc5f00
3fe10e00
3fb27100
3fe7a800
3fad3c80
3fee4200
3fa80800
3ffb0e00
3f9df100
3fffae00
3f9cbb80
40032400
3f992d80
40098a00
3f924980
400cca00
3f8ec980
40101700
3f8b3b80
40168a00
3f844980
40166a00
3f847c00
401c1a00
3f801c00
40228000
3f766000
40236a00
3f74f800
40291a00
3f6c3800
402f6600
3f628800
402f6000
3f641c00
40351d00
3f5d7d00
403b5c00
3f564800
403bd100
3f55c100
40421d00
3f4e7d00
3fc72800
3fc6dc80
3fd26e00
3fbdf900
3fd47600
3fbc5f00
3fe10e00
3fb27100
3fe7a800
3fad3c80
3fee4200
3fa80800
3ffb0e00
3f9df100
3fffae00
3f9cbb80
40032400
3f992d80
40098a00
3f924980
400cca00
3f8ec980
40101700
3f8b3b80
40168a00
3f844980
40166a00
3f847c00
401c1a00
3f801c00
40228000
3f766000
40236a00
3f74f800
40291a00
3f6c3800
402f6600
3f628800
402f6000
3f641c00
40351d00
3f5d7d00
403b5c00
3f564800
403bd100
3f55c100
40421d00
3f4e7d00
3fc74c00
3fc6f980
3fd29200
3fbe1600
3fd49a00
3fbc7c00
3fe13200
3fb28e00
3fe7cc00
3fad5980
3fee6600
3fa82500
3ffb3200
3f9e0e00
3fffda00
3f9cd280
40033a00
3f994480
4009a000
3f926080
400ce000
3f8ee080
40102d00
3f8b5280
4016a000
3f846080
40168400
3f849000
401c3400
3f803000
40229a00
3f768800
40238400
3f752000
40293400
3f6c6000
402f8000
3f62b000
402f7e00
3f643e00
40353b00
3f5d9f00
403b7a00
3f566a00
403bef00
3f55e300
40423b00
3f4e9f00
3fc75e00
3fc70800
3fd2a400
3fbe2480
3fd4ac00
3fbc8a80
3fe14400
3fb29c80
3fe7de00
3fad6800
3fee7800
3fa83380
3ffb4400
3f9e1c80
3ffff000
3f9cde00
40034500
3f995000
4009ab00
3f926c00
400ceb00
3f8eec00
40103800
3f8b5e00
4016ab00
3f846c00
40169100
3f849a00
401c4100
3f803a00
4022a700
3f769c00
40239100
3f753400
40294100
3f6c7400
402f8d00
3f62c400
402f8d00
3f644f00
40354a00
3f5db000
403b8900
3f567b00
403bfe00
3f55f400
40424a00
3f4eb000
3fc75e00
3fc70800
3fd2a400
3fbe2480
3fd4ac00
3fbc8a80
3fe14400
3fb29c80
3fe7de00
3fad6800
3fee7800
3fa83380
3ffb4400
3f9e1c80
3ffff000
3f9cde00
40034500
3f995000
4009ab00
3f926c00
400ceb00
3f8eec00
40103800
3f8b5e00
4016ab00
3f846c00
40169100
3f849a00
401c4100
3f803a00
4022a700
3f769c00
40239100
3f753400
40294100
3f6c7400
402f8d00
3f62c400
402f8d00
3f644f00
40354a00
3f5db000
403b8900
3f567b00
403bfe00
3f55f400
40424a00
3f4eb000
3fc82400
3fc7a780
3fd36a00
3fbec400
3fd57200
3fbd2a00
3fe20a00
3fb33c00
3fe8a400
3fae0780
3fef3e00
3fa8d300
3ffc0a00
3f9ebc00
40007100
3f9d5c80
4003be00
3f99ce80
400a2400
3f92ea80
400d6400
3f8f6a80
4010b100
3f8bdc80
40172400
3f84ea80
40172000
3f850800
401cd000
3f80a800
40233600
3f777800
40242000
3f761000
4029d000
3f6d5000
40301c00
3f63a000
40303200
3f650a00
4035ef00
3f5e6b00
403c2e00
3f573600
403ca300
3f56af00
4042ef00
3f4f6b00
3fc83600
3fc7b600
3fd37c00
3fbed280
3fd58400
3fbd3880
3fe21c00
3fb34a80
3fe8b600
3fae1600
3fef5000
3fa8e180
3ffc1c00
3f9eca80
40007c00
3f9d6800
4003c900
3f99da00
400a2f00
3f92f600
400d6f00
3f8f7600
4010bc00
3f8be800
40172f00
3f84f600
40172d00
3f851200
401cdd00
3f80b200
40234300
3f778c00
40242d00
3f762400
4029dd00
3f6d6400
40302900
3f63b400
40304100
3f651b00
4035fe00
3f5e7c00
403c3d00
3f574700
403cb200
3f56c000
4042fe00
3f4f7c00
3fc83600
3fc7b600
3fd37c00
3fbed280
3fd58400
3fbd3880
3fe21c00
3fb34a80
3fe8b600
3fae1600
3fef5000
3fa8e180
3ffc1c00
3f9eca80
40007c00
3f9d6800
4003c900
3f99da00
400a2f00
3f92f600
400d6f00
3f8f7600
4010bc00
3f8be800
40172f00
3f84f600
40172d00
3f851200
401cdd00
3f80b200
40234300
3f778c00
40242d00
3f762400
4029dd00
3f6d6400
40302900
3f63b400
40304100
3f651b00
4035fe00
3f5e7c00
403c3d00
3f574700
403cb200
3f56c000
4042fe00
3f4f7c00
3fcb8400
3fca5f80
3fd6ca00
3fc17c00
3fd8d200
3fbfe200
3fe56a00
3fb5f400
3fec0400
3fb0bf80
3ff29e00
3fab8b00
3fff6a00
3fa17400
40028100
3f9f8480
4005ce00
3f9bf680
400c3400
3f951280
400f7400
3f919280
4012c100
3f8e0480
40193400
3f871280
40199000
3f86e800
401f4000
3f828800
4025a600
3f7b3800
40269000
3f79d000
402c4000
3f711000
40328c00
3f676000
40330200
3f683a00
4038bf00
3f619b00
403efe00
3f5a6600
403f7300
3f59df00
4045bf00
3f529b00
3fcb9600
3fca6e00
3fd6dc00
3fc18a80
3fd8e400
3fbff080
3fe57c00
3fb60280
3fec1600
3fb0ce00
3ff2b000
3fab9980
3fff7c00
3fa18280
40028c00
3f9f9000
4005d900
3f9c0200
400c3f00
3f951e00
400f7f00
3f919e00
4012cc00
3f8e1000
40193f00
3f871e00
40199d00
3f86f200
401f4d00
3f829200
4025b300
3f7b4c00
40269d00
3f79e400
402c4d00
3f712400
40329900
3f677400
40331100
3f684b00
4038ce00
3f61ac00
403f0d00
3f5a7700
403f8200
3f59f000
4045ce00
3f52ac00
3fcb9600
3fca6e00
3fd6dc00
3fc18a80
3fd8e400
3fbff080
3fe57c00
3fb60280
3fec1600
3fb0ce00
3ff2b000
3fab9980
3fff7c00
3fa18280
40028c00
3f9f9000
4005d900
3f9c0200
400c3f00
3f951e00
400f7f00
3f919e00
4012cc00
3f8e1000
40193f00
3f871e00
40199d00
3f86f200
401f4d00
3f829200
4025b300
3f7b4c00
40269d00
3f79e400
402c4d00
3f712400
40329900
3f677400
40331100
3f684b00
4038ce00
3f61ac00
403f0d00
3f5a7700
403f8200
3f59f000
4045ce00
3f52ac00
3fcee400
3fcd1780
3fda2a00
3fc43400
3fdc3200
3fc29a00
3fe8ca00
3fb8ac00
3fef6400
3fb37780
3ff5fe00
3fae4300
40016500
3fa42c00
40049100
3fa1ac80
4007de00
3f9e1e80
400e4400
3f973a80
40118400
3f93ba80
4014d100
3f902c80
401b4400
3f893a80
401c0000
3f88c800
4021b000
3f846800
40281600
3f7ef800
40290000
3f7d9000
402eb000
3f74d000
4034fc00
3f6b2000
4035d200
3f6b6a00
403b8f00
3f64cb00
4041ce00
3f5d9600
40424300
3f5d0f00
40488f00
3f55cb00
3fcef600
3fcd2600
3fda3c00
3fc44280
3fdc4400
3fc2a880
3fe8dc00
3fb8ba80
3fef7600
3fb38600
3ff61000
3fae5180
40016e00
3fa43a80
40049c00
3fa1b800
4007e900
3f9e2a00
400e4f00
3f974600
40118f00
3f93c600
4014dc00
3f903800
401b4f00
3f894600
401c0d00
3f88d200
4021bd00
3f847200
40282300
3f7f0c00
40290d00
3f7da400
402ebd00
3f74e400
40350900
3f6b3400
4035e100
3f6b7b00
403b9e00
3f64dc00
4041dd00
3f5da700
40425200
3f5d2000
40489e00
3f55dc00
3fcfbc00
3fcdc580
3fdb0200
3fc4e200
3fdd0a00
3fc34800
3fe9a200
3fb95a00
3ff03c00
3fb42580
3ff6d600
3faef100
4001d100
3fa4da00
40051500
3fa23680
40086200
3f9ea880
400ec800
3f97c480
40120800
3f944480
40155500
3f90b680
401bc800
3f89c480
401c9c00
3f894000
40224c00
3f84e000
4028b200
3f7fe800
40299c00
3f7e8000
402f4c00
3f75c000
40359800
3f6c1000
40368600
3f6c3600
403c4300
3f659700
40428200
3f5e6200
4042f700
3f5ddb00
40494300
3f569700
3fcfce00
3fcdd400
3fdb1400
3fc4f080
3fdd1c00
3fc35680
3fe9b400
3fb96880
3ff04e00
3fb43400
3ff6e800
3faeff80
4001da00
3fa4e880
40052000
3fa24200
40086d00
3f9eb400
400ed300
3f97d000
40121300
3f945000
40156000
3f90c200
401bd300
3f89d000
401ca900
3f894a00
40225900
3f84ea00
4028bf00
3f7ffc00
4029a900
3f7e9400
402f5900
3f75d400
4035a500
3f6c2400
40369500
3f6c4700
403c5200
3f65a800
40429100
3f5e7300
40430600
3f5dec00
40495200
3f56a800
3fcff200
3fcdf100
3fdb3800
3fc50d80
3fdd4000
3fc37380
3fe9d800
3fb98580
3ff07200
3fb45100
3ff70c00
3faf1c80
4001ec00
3fa50580
40053600
3fa25900
40088300
3f9ecb00
400ee900
3f97e700
40122900
3f946700
40157600
3f90d900
401be900
3f89e700
401cc300
3f895e00
40227300
3f84fe00
4028d900
3f801200
4029c300
3f7ebc00
402f7300
3f75fc00
4035bf00
3f6c4c00
4036b300
3f6c6900
403c7000
3f65ca00
4042af00
3f5e9500
40432400
3f5e0e00
40497000
3f56ca00
3fd00400
3fcdff80
3fdb4a00
3fc51c00
3fdd5200
3fc38200
3fe9ea00
3fb99400
3ff08400
3fb45f80
3ff71e00
3faf2b00
4001f500
3fa51400
40054100
3fa26480
40088e00
3f9ed680
400ef400
3f97f280
40123400
3f947280
40158100
3f90e480
401bf400
3f89f280
401cd000
3f896800
40228000
3f850800
4028e600
3f801c00
4029d000
3f7ed000
402f8000
3f761000
4035cc00
3f6c6000
4036c200
3f6c7a00
403c7f00
3f65db00
4042be00
3f5ea600
40433300
3f5e1f00
40497f00
3f56db00
3fd00400
3fcdff80
3fdb4a00
3fc51c00
3fdd5200
3fc38200
3fe9ea00
3fb99400
3ff08400
3fb45f80
3ff71e00
3faf2b00
4001f500
3fa51400
40054100
3fa26480
40088e00
3f9ed680
400ef400
3f97f280
40123400
3f947280
40158100
3f90e480
401bf400
3f89f280
401cd000
3f896800
40228000
3f850800
4028e600
3f801c00
4029d000
3f7ed000
402f8000
3f761000
4035cc00
3f6c6000
4036c200
3f6c7a00
403c7f00
3f65db00
4042be00
3f5ea600
40433300
3f5e1f00
40497f00
3f56db00
3fd00400
3fcdff80
3fdb4a00
3fc51c00
3fdd5200
3fc38200
3fe9ea00
3fb99400
3ff08400
3fb45f80
3ff71e00
3faf2b00
4001f500
3fa51400
40054100
3fa26480
40088e00
3f9ed680
400ef400
3f97f280
40123400
3f947280
40158100
3f90e480
401bf400
3f89f280
401cd000
3f896800
40228000
3f850800
4028e600
3f801c00
4029d000
3f7ed000
402f8000
3f761000
4035cc00
3f6c6000
4036c200
3f6c7a00
403c7f00
3f65db00
4042be00
3f5ea600
40433300
3f5e1f00
40497f00
3f56db00
3fd00400
3fcdff80
3fdb4a00
3fc51c00
3fdd5200
3fc38200
3fe9ea00
3fb99400
3ff08400
3fb45f80
3ff71e00
3faf2b00
4001f500
3fa51400
40054100
3fa26480
40088e00
3f9ed680
400ef400
3f97f280
40123400
3f947280
40158100
3f90e480
401bf400
3f89f280
401cd000
3f896800
40228000
3f850800
4028e600
3f801c00
4029d000
3f7ed000
402f8000
3f761000
4035cc00
3f6c6000
4036c200
3f6c7a00
403c7f00
3f65db00
4042be00
3f5ea600
40433300
3f5e1f00
40497f00
3f56db00
3fd01600
3fce0e00
3fdb5c00
3fc52a80
3fdd6400
3fc39080
3fe9fc00
3fb9a280
3ff09600
3fb46e00
3ff73000
3faf3980
4001fe00
3fa52280
40054c00
3fa27000
40089900
3f9ee200
400eff00
3f97fe00
40123f00
3f947e00
40158c00
3f90f000
401bff00
3f89fe00
401cdd00
3f897200
40228d00
3f851200
4028f300
3f802600
4029dd00
3f7ee400
402f8d00
3f762400
4035d900
3f6c7400
4036d100
3f6c8b00
403c8e00
3f65ec00
4042cd00
3f5eb700
40434200
3f5e3000
40498e00
3f56ec00
3fd01600
3fce0e00
3fdb5c00
3fc52a80
3fdd6400
3fc39080
3fe9fc00
3fb9a280
3ff09600
3fb46e00
3ff73000
3faf3980
4001fe00
3fa52280
40054c00
3fa27000
40089900
3f9ee200
400eff00
3f97fe00
40123f00
3f947e00
40158c00
3f90f000
401bff00
3f89fe00
401cdd00
3f897200
40228d00
3f851200
4028f300
3f802600
4029dd00
3f7ee400
402f8d00
3f762400
4035d900
3f6c7400
4036d100
3f6c8b00
403c8e00
3f65ec00
4042cd00
3f5eb700
40434200
3f5e3000
40498e00
3f56ec00
3fd01600
3fce0e00
3fdb5c00
3fc52a80
3fdd6400
3fc39080
3fe9fc00
3fb9a280
3ff09600
3fb46e00
3ff73000
3faf3980
4001fe00
3fa52280
40054c00
3fa27000
40089900
3f9ee200
400eff00
3f97fe00
40123f00
3f947e00
40158c00
3f90f000
401bff00
3f89fe00
401cdd00
3f897200
40228d00
3f851200
4028f300
3f802600
4029dd00
3f7ee400
402f8d00
3f762400
4035d900
3f6c7400
4036d100
3f6c8b00
403c8e00
3f65ec00
4042cd00
3f5eb700
40434200
3f5e3000
40498e00
3f56ec00
3fd01600
3fce0e00
3fdb5c00
3fc52a80
3fdd6400
3fc39080
3fe9fc00
3fb9a280
3ff09600
3fb46e00
3ff73000
3faf3980
4001fe00
3fa52280
40054c00
3fa27000
40089900
3f9ee200
400eff00
3f97fe00
40123f00
3f947e00
40158c00
3f90f000
401bff00
3f89fe00
401cdd00
3f897200
40228d00
3f851200
4028f300
3f802600
4029dd00
3f7ee400
402f8d00
3f762400
4035d900
3f6c7400
4036d100
3f6c8b00
403c8e00
3f65ec00
4042cd00
3f5eb700
40434200
3f5e3000
40498e00
3f56ec00
3fd01600
3fce0e00
3fdb5c00
3fc52a80
3fdd6400
3fc39080
3fe9fc00
3fb9a280
3ff09600
3fb46e00
3ff73000
3faf3980
4001fe00
3fa52280
40054c00
3fa27000
40089900
3f9ee200
400eff00
3f97fe00
40123f00
3f947e00
40158c00
3f90f000
401bff00
3f89fe00
401cdd00
3f897200
40228d00
3f851200
4028f300
3f802600
4029dd00
3f7ee400
402f8d00
3f762400
4035d900
3f6c7400
4036d100
3f6c8b00
403c8e00
3f65ec00
4042cd00
3f5eb700
40434200
3f5e3000
40498e00
3f56ec00
3fd01600
3fce0e00
3fdb5c00
3fc52a80
3fdd6400
3fc39080
3fe9fc00
3fb9a280
3ff09600
3fb46e00
3ff73000
3faf3980
4001fe00
3fa52280
40054c00
3fa27000
40089900
3f9ee200
400eff00
3f97fe00
40123f00
3f947e00
40158c00
3f90f000
401bff00
3f89fe00
401cdd00
3f897200
40228d00
3f851200
4028f300
3f802600
4029dd00
3f7ee400
402f8d00
3f762400
4035d900
3f6c7400
4036d100
3f6c8b00
403c8e00
3f65ec00
4042cd00
3f5eb700
40434200
3f5e3000
40498e00
3f56ec00
3fd02800
3fce1c80
3fdb6e00
3fc53900
3fdd7600
3fc39f00
3fea0e00
3fb9b100
3ff0a800
3fb47c80
3ff74200
3faf4800
40020700
3fa53100
40055700
3fa27b80
4008a400
3f9eed80
400f0a00
3f980980
40124a00
3f948980
40159700
3f90fb80
401c0a00
3f8a0980
401cea00
3f897c00
40229a00
3f851c00
40290000
3f803000
4029ea00
3f7ef800
402f9a00
3f763800
4035e600
3f6c8800
4036e000
3f6c9c00
403c9d00
3f65fd00
4042dc00
3f5ec800
40435100
3f5e4100
40499d00
3f56fd00
3fd02800
3fce1c80
3fdb6e00
3fc53900
3fdd7600
3fc39f00
3fea0e00
3fb9b100
3ff0a800
3fb47c80
3ff74200
3faf4800
40020700
3fa53100
40055700
3fa27b80
4008a400
3f9eed80
400f0a00
3f980980
40124a00
3f948980
40159700
3f90fb80
401c0a00
3f8a0980
401cea00
3f897c00
40229a00
3f851c00
40290000
3f803000
4029ea00
3f7ef800
402f9a00
3f763800
4035e600
3f6c8800
4036e000
3f6c9c00
403c9d00
3f65fd00
4042dc00
3f5ec800
40435100
3f5e4100
40499d00
3f56fd00
3fd04c00
3fce3980
3fdb9200
3fc55600
3fdd9a00
3fc3bc00
3fea3200
3fb9ce00
3ff0cc00
3fb49980
3ff76600
3faf6500
40021900
3fa54e00
40056d00
3fa29280
4008ba00
3f9f0480
400f2000
3f982080
40126000
3f94a080
4015ad00
3f911280
401c2000
3f8a2080
401d0400
3f899000
4022b400
3f853000
40291a00
3f804400
402a0400
3f7f2000
402fb400
3f766000
40360000
3f6cb000
4036fe00
3f6cbe00
403cbb00
3f661f00
4042fa00
3f5eea00
40436f00
3f5e6300
4049bb00
3f571f00
3fd05e00
3fce4800
3fdba400
3fc56480
3fddac00
3fc3ca80
3fea4400
3fb9dc80
3ff0de00
3fb4a800
3ff77800
3faf7380
40022200
3fa55c80
40057800
3fa29e00
4008c500
3f9f1000
400f2b00
3f982c00
40126b00
3f94ac00
4015b800
3f911e00
401c2b00
3f8a2c00
401d1100
3f899a00
4022c100
3f853a00
40292700
3f804e00
402a1100
3f7f3400
402fc100
3f767400
40360d00
3f6cc400
40370d00
3f6ccf00
403cca00
3f663000
40430900
3f5efb00
40437e00
3f5e7400
4049ca00
3f573000
3fd05e00
3fce4800
3fdba400
3fc56480
3fddac00
3fc3ca80
3fea4400
3fb9dc80
3ff0de00
3fb4a800
3ff77800
3faf7380
40022200
3fa55c80
40057800
3fa29e00
4008c500
3f9f1000
400f2b00
3f982c00
40126b00
3f94ac00
4015b800
3f911e00
401c2b00
3f8a2c00
401d1100
3f899a00
4022c100
3f853a00
40292700
3f804e00
402a1100
3f7f3400
402fc100
3f767400
40360d00
3f6cc400
40370d00
3f6ccf00
403cca00
3f663000
40430900
3f5efb00
40437e00
3f5e7400
4049ca00
3f573000
3fd12400
3fcee780
3fdc6a00
3fc60400
3fde7200
3fc46a00
3feb0a00
3fba7c00
3ff1a400
3fb54780
3ff83e00
3fb01300
40028500
3fa5fc00
4005f100
3fa31c80
40093e00
3f9f8e80
400fa400
3f98aa80
4012e400
3f952a80
40163100
3f919c80
401ca400
3f8aaa80
401da000
3f8a0800
40235000
3f85a800
4029b600
3f80bc00
402aa000
3f800800
40305000
3f775000
40369c00
3f6da000
4037b200
3f6d8a00
403d6f00
3f66eb00
4043ae00
3f5fb600
40442300
3f5f2f00
404a6f00
3f57eb00
3fd13600
3fcef600
3fdc7c00
3fc61280
3fde8400
3fc47880
3feb1c00
3fba8a80
3ff1b600
3fb55600
3ff85000
3fb02180
40028e00
3fa60a80
4005fc00
3fa32800
40094900
3f9f9a00
400faf00
3f98b600
4012ef00
3f953600
40163c00
3f91a800
401caf00
3f8ab600
401dad00
3f8a1200
40235d00
3f85b200
4029c300
3f80c600
402aad00
3f801200
40305d00
3f776400
4036a900
3f6db400
4037c100
3f6d9b00
403d7e00
3f66fc00
4043bd00
3f5fc700
40443200
3f5f4000
404a7e00
3f57fc00
3fd13600
3fcef600
3fdc7c00
3fc61280
3fde8400
3fc47880
3feb1c00
3fba8a80
3ff1b600
3fb55600
3ff85000
3fb02180
40028e00
3fa60a80
4005fc00
3fa32800
40094900
3f9f9a00
400faf00
3f98b600
4012ef00
3f953600
40163c00
3f91a800
401caf00
3f8ab600
401dad00
3f8a1200
40235d00
3f85b200
4029c300
3f80c600
402aad00
3f801200
40305d00
3f776400
4036a900
3f6db400
4037c100
3f6d9b00
403d7e00
3f66fc00
4043bd00
3f5fc700
40443200
3f5f4000
404a7e00
3f57fc00
3fd48400
3fd19f80
3fdfca00
3fc8bc00
3fe1d200
3fc72200
3fee6a00
3fbd3400
3ff50400
3fb7ff80
3ffb9e00
3fb2cb00
40043500
3fa8b400
40080100
3fa54480
400b4e00
3fa1b680
4011b400
3f9ad280
4014f400
3f975280
40184100
3f93c480
401eb400
3f8cd280
40201000
3f8be800
4025c000
3f878800
402c2600
3f829c00
402d1000
3f81e800
4032c000
3f7b1000
40390c00
3f716000
403a8200
3f70ba00
40403f00
3f6a1b00
40467e00
3f62e600
4046f300
3f625f00
404d3f00
3f5b1b00
3fd49600
3fd1ae00
3fdfdc00
3fc8ca80
3fe1e400
3fc73080
3fee7c00
3fbd4280
3ff51600
3fb80e00
3ffbb000
3fb2d980
40043e00
3fa8c280
40080c00
3fa55000
400b5900
3fa1c200
4011bf00
3f9ade00
4014ff00
3f975e00
40184c00
3f93d000
401ebf00
3f8cde00
40201d00
3f8bf200
4025cd00
3f879200
402c3300
3f82a600
402d1d00
3f81f200
4032cd00
3f7b2400
40391900
3f717400
403a9100
3f70cb00
40404e00
3f6a2c00
40468d00
3f62f700
40470200
3f627000
404d4e00
3f5b2c00
3fd49600
3fd1ae00
3fdfdc00
3fc8ca80
3fe1e400
3fc73080
3fee7c00
3fbd4280
3ff51600
3fb80e00
3ffbb000
3fb2d980
40043e00
3fa8c280
40080c00
3fa55000
400b5900
3fa1c200
4011bf00
3f9ade00
4014ff00
3f975e00
40184c00
3f93d000
401ebf00
3f8cde00
40201d00
3f8bf200
4025cd00
3f879200
402c3300
3f82a600
402d1d00
3f81f200
4032cd00
3f7b2400
40391900
3f717400
403a9100
3f70cb00
40404e00
3f6a2c00
40468d00
3f62f700
40470200
3f627000
404d4e00
3f5b2c00
3fd7e400
3fd45780
3fe32a00
3fcb7400
3fe53200
3fc9da00
3ff1ca00
3fbfec00
3ff86400
3fbab780
3ffefe00
3fb58300
4005e500
3fab6c00
400a1100
3fa76c80
400d5e00
3fa3de80
4013c400
3f9cfa80
40170400
3f997a80
401a5100
3f95ec80
4020c400
3f8efa80
40228000
3f8dc800
40283000
3f896800
402e9600
3f847c00
402f8000
3f83c800
40353000
3f7ed000
403b7c00
3f752000
403d5200
3f73ea00
40430f00
3f6d4b00
40494e00
3f661600
4049c300
3f658f00
40500f00
3f5e4b00
3fd7f600
3fd46600
3fe33c00
3fcb8280
3fe54400
3fc9e880
3ff1dc00
3fbffa80
3ff87600
3fbac600
3fff1000
3fb59180
4005ee00
3fab7a80
400a1c00
3fa77800
400d6900
3fa3ea00
4013cf00
3f9d0600
40170f00
3f998600
401a5c00
3f95f800
4020cf00
3f8f0600
40228d00
3f8dd200
40283d00
3f897200
402ea300
3f848600
402f8d00
3f83d200
40353d00
3f7ee400
403b8900
3f753400
403d6100
3f73fb00
40431e00
3f6d5c00
40495d00
3f662700
4049d200
3f65a000
40501e00
3f5e5c00
3fd8bc00
3fd50580
3fe40200
3fcc2200
3fe60a00
3fca8800
3ff2a200
3fc09a00
3ff93c00
3fbb6580
3fffd600
3fb63100
40065100
3fac1a00
400a9500
3fa7f680
400de200
3fa46880
40144800
3f9d8480
40178800
3f9a0480
401ad500
3f967680
40214800
3f8f8480
40231c00
3f8e4000
4028cc00
3f89e000
402f3200
3f84f400
40301c00
3f844000
4035cc00
3f7fc000
403c1800
3f761000
403e0600
3f74b600
4043c300
3f6e1700
404a0200
3f66e200
404a7700
3f665b00
4050c300
3f5f1700
3fd8ce00
3fd51400
3fe41400
3fcc3080
3fe61c00
3fca9680
3ff2b400
3fc0a880
3ff94e00
3fbb7400
3fffe800
3fb63f80
40065a00
3fac2880
400aa000
3fa80200
400ded00
3fa47400
40145300
3f9d9000
40179300
3f9a1000
401ae000
3f968200
40215300
3f8f9000
40232900
3f8e4a00
4028d900
3f89ea00
402f3f00
3f84fe00
40302900
3f844a00
4035d900
3f7fd400
403c2500
3f762400
403e1500
3f74c700
4043d200
3f6e2800
404a1100
3f66f300
404a8600
3f666c00
4050d200
3f5f2800
3fd8f200
3fd53100
3fe43800
3fcc4d80
3fe64000
3fcab380
3ff2d800
3fc0c580
3ff97200
3fbb9100
40000600
3fb65c80
40066c00
3fac4580
400ab600
3fa81900
400e0300
3fa48b00
40146900
3f9da700
4017a900
3f9a2700
401af600
3f969900
40216900
3f8fa700
40234300
3f8e5e00
4028f300
3f89fe00
402f5900
3f851200
40304300
3f845e00
4035f300
3f7ffc00
403c3f00
3f764c00
403e3300
3f74e900
4043f000
3f6e4a00
404a2f00
3f671500
404aa400
3f668e00
4050f000
3f5f4a00
3fd90400
3fd53f80
3fe44a00
3fcc5c00
3fe65200
3fcac200
3ff2ea00
3fc0d400
3ff98400
3fbb9f80
40000f00
3fb66b00
40067500
3fac5400
400ac100
3fa82480
400e0e00
3fa49680
40147400
3f9db280
4017b400
3f9a3280
401b0100
3f96a480
40217400
3f8fb280
40235000
3f8e6800
40290000
3f8a0800
402f6600
3f851c00
40305000
3f846800
40360000
3f800800
403c4c00
3f766000
403e4200
3f74fa00
4043ff00
3f6e5b00
404a3e00
3f672600
404ab300
3f669f00
4050ff00
3f5f5b00
3fd90400
3fd53f80
3fe44a00
3fcc5c00
3fe65200
3fcac200
3ff2ea00
3fc0d400
3ff98400
3fbb9f80
40000f00
3fb66b00
40067500
3fac5400
400ac100
3fa82480
400e0e00
3fa49680
40147400
3f9db280
4017b400
3f9a3280
401b0100
3f96a480
40217400
3f8fb280
40235000
3f8e6800
40290000
3f8a0800
402f6600
3f851c00
40305000
3f846800
40360000
3f800800
403c4c00
3f766000
403e4200
3f74fa00
4043ff00
3f6e5b00
404a3e00
3f672600
404ab300
3f669f00
4050ff00
3f5f5b00
3fd90400
3fd53f80
3fe44a00
3fcc5c00
3fe65200
3fcac200
3ff2ea00
3fc0d400
3ff98400
3fbb9f80
40000f00
3fb66b00
40067500
3fac5400
400ac100
3fa82480
400e0e00
3fa49680
40147400
3f9db280
4017b400
3f9a3280
401b0100
3f96a480
40217400
3f8fb280
40235000
3f8e6800
40290000
3f8a0800
402f6600
3f851c00
40305000
3f846800
40360000
3f800800
403c4c00
3f766000
403e4200
3f74fa00
4043ff00
3f6e5b00
404a3e00
3f672600
404ab300
3f669f00
4050ff00
3f5f5b00
3fd90400
3fd53f80
3fe44a00
3fcc5c00
3fe65200
3fcac200
3ff2ea00
3fc0d400
3ff98400
3fbb9f80
40000f00
3fb66b00
40067500
3fac5400
400ac100
3fa82480
400e0e00
3fa49680
40147400
3f9db280
4017b400
3f9a3280
401b0100
3f96a480
40217400
3f8fb280
40235000
3f8e6800
40290000
3f8a0800
402f6600
3f851c00
40305000
3f846800
40360000
3f800800
403c4c00
3f766000
403e4200
3f74fa00
4043ff00
3f6e5b00
404a3e00
3f672600
404ab300
3f669f00
4050ff00
3f5f5b00
3fd91600
3fd54e00
3fe45c00
3fcc6a80
3fe66400
3fcad080
3ff2fc00
3fc0e280
3ff99600
3fbbae00
40001800
3fb67980
40067e00
3fac6280
400acc00
3fa83000
400e1900
3fa4a200
40147f00
3f9dbe00
4017bf00
3f9a3e00
401b0c00
3f96b000
40217f00
3f8fbe00
40235d00
3f8e7200
40290d00
3f8a1200
402f7300
3f852600
40305d00
3f847200
40360d00
3f801200
403c5900
3f767400
403e5100
3f750b00
40440e00
3f6e6c00
404a4d00
3f673700
404ac200
3f66b000
40510e00
3f5f6c00
3fd91600
3fd54e00
3fe45c00
3fcc6a80
3fe66400
3fcad080
3ff2fc00
3fc0e280
3ff99600
3fbbae00
40001800
3fb67980
40067e00
3fac6280
400acc00
3fa83000
400e1900
3fa4a200
40147f00
3f9dbe00
4017bf00
3f9a3e00
401b0c00
3f96b000
40217f00
3f8fbe00
40235d00
3f8e7200
40290d00
3f8a1200
402f7300
3f852600
40305d00
3f847200
40360d00
3f801200
403c5900
3f767400
403e5100
3f750b00
40440e00
3f6e6c00
404a4d00
3f673700
404ac200
3f66b000
40510e00
3f5f6c00
3fd91600
3fd54e00
3fe45c00
3fcc6a80
3fe66400
3fcad080
3ff2fc00
3fc0e280
3ff99600
3fbbae00
40001800
3fb67980
40067e00
3fac6280
400acc00
3fa83000
400e1900
3fa4a200
40147f00
3f9dbe00
4017bf00
3f9a3e00
401b0c00
3f96b000
40217f00
3f8fbe00
40235d00
3f8e7200
40290d00
3f8a1200
402f7300
3f852600
40305d00
3f847200
40360d00
3f801200
403c5900
3f767400
403e5100
3f750b00
40440e00
3f6e6c00
404a4d00
3f673700
404ac200
3f66b000
40510e00
3f5f6c00
3fd91600
3fd54e00
3fe45c00
3fcc6a80
3fe66400
3fcad080
3ff2fc00
3fc0e280
3ff99600
3fbbae00
40001800
3fb67980
40067e00
3fac6280
400acc00
3fa83000
400e1900
3fa4a200
40147f00
3f9dbe00
4017bf00
3f9a3e00
401b0c00
3f96b000
40217f00
3f8fbe00
40235d00
3f8e7200
40290d00
3f8a1200
402f7300
3f852600
40305d00
3f847200
40360d00
3f801200
403c5900
3f767400
403e5100
3f750b00
40440e00
3f6e6c00
404a4d00
3f673700
404ac200
3f66b000
40510e00
3f5f6c00
3fd91600
3fd54e00
3fe45c00
3fcc6a80
3fe66400
3fcad080
3ff2fc00
3fc0e280
3ff99600
3fbbae00
40001800
3fb67980
40067e00
3fac6280
400acc00
3fa83000
400e1900
3fa4a200
40147f00
3f9dbe00
4017bf00
3f9a3e00
401b0c00
3f96b000
40217f00
3f8fbe00
40235d00
3f8e7200
40290d00
3f8a1200
402f7300
3f852600
40305d00
3f847200
40360d00
3f801200
403c5900
3f767400
403e5100
3f750b00
40440e00
3f6e6c00
404a4d00
3f673700
404ac200
3f66b000
40510e00
3f5f6c00
3fd91600
3fd54e00
3fe45c00
3fcc6a80
3fe66400
3fcad080
3ff2fc00
3fc0e280
3ff99600
3fbbae00
40001800
3fb67980
40067e00
3fac6280
400acc00
3fa83000
400e1900
3fa4a200
40147f00
3f9dbe00
4017bf00
3f9a3e00
401b0c00
3f96b000
40217f00
3f8fbe00
40235d00
3f8e7200
40290d00
3f8a1200
402f7300
3f852600
40305d00
3f847200
40360d00
3f801200
403c5900
3f767400
403e5100
3f750b00
40440e00
3f6e6c00
404a4d00
3f673700
404ac200
3f66b000
40510e00
3f5f6c00
3fd92800
3fd55c80
3fe46e00
3fcc7900
3fe67600
3fcadf00
3ff30e00
3fc0f100
3ff9a800
3fbbbc80
40002100
3fb68800
40068700
3fac7100
400ad700
3fa83b80
400e2400
3fa4ad80
40148a00
3f9dc980
4017ca00
3f9a4980
401b1700
3f96bb80
40218a00
3f8fc980
40236a00
3f8e7c00
40291a00
3f8a1c00
402f8000
3f853000
40306a00
3f847c00
40361a00
3f801c00
403c6600
3f768800
403e6000
3f751c00
40441d00
3f6e7d00
404a5c00
3f674800
404ad100
3f66c100
40511d00
3f5f7d00
3fd92800
3fd55c80
3fe46e00
3fcc7900
3fe67600
3fcadf00
3ff30e00
3fc0f100
3ff9a800
3fbbbc80
40002100
3fb68800
40068700
3fac7100
400ad700
3fa83b80
400e2400
3fa4ad80
40148a00
3f9dc980
4017ca00
3f9a4980
401b1700
3f96bb80
40218a00
3f8fc980
40236a00
3f8e7c00
40291a00
3f8a1c00
402f8000
3f853000
40306a00
3f847c00
40361a00
3f801c00
403c6600
3f768800
403e6000
3f751c00
40441d00
3f6e7d00
404a5c00
3f674800
404ad100
3f66c100
40511d00
3f5f7d00
3fd94c00
3fd57980
3fe49200
3fcc9600
3fe69a00
3fcafc00
3ff33200
3fc10e00
3ff9cc00
3fbbd980
40003300
3fb6a500
40069900
3fac8e00
400aed00
3fa85280
400e3a00
3fa4c480
4014a000
3f9de080
4017e000
3f9a6080
401b2d00
3f96d280
4021a000
3f8fe080
40238400
3f8e9000
40293400
3f8a3000
402f9a00
3f854400
40308400
3f849000
40363400
3f803000
403c8000
3f76b000
403e7e00
3f753e00
40443b00
3f6e9f00
404a7a00
3f676a00
404aef00
3f66e300
40513b00
3f5f9f00
3fd95e00
3fd58800
3fe4a400
3fcca480
3fe6ac00
3fcb0a80
3ff34400
3fc11c80
3ff9de00
3fbbe800
40003c00
3fb6b380
4006a200
3fac9c80
400af800
3fa85e00
400e4500
3fa4d000
4014ab00
3f9dec00
4017eb00
3f9a6c00
401b3800
3f96de00
4021ab00
3f8fec00
40239100
3f8e9a00
40294100
3f8a3a00
402fa700
3f854e00
40309100
3f849a00
40364100
3f803a00
403c8d00
3f76c400
403e8d00
3f754f00
40444a00
3f6eb000
404a8900
3f677b00
404afe00
3f66f400
40514a00
3f5fb000
3fd95e00
3fd58800
3fe4a400
3fcca480
3fe6ac00
3fcb0a80
3ff34400
3fc11c80
3ff9de00
3fbbe800
40003c00
3fb6b380
4006a200
3fac9c80
400af800
3fa85e00
400e4500
3fa4d000
4014ab00
3f9dec00
4017eb00
3f9a6c00
401b3800
3f96de00
4021ab00
3f8fec00
40239100
3f8e9a00
40294100
3f8a3a00
402fa700
3f854e00
40309100
3f849a00
40364100
3f803a00
403c8d00
3f76c400
403e8d00
3f754f00
40444a00
3f6eb000
404a8900
3f677b00
404afe00
3f66f400
40514a00
3f5fb000
3fda2400
3fd62780
3fe56a00
3fcd4400
3fe77200
3fcbaa00
3ff40a00
3fc1bc00
3ffaa400
3fbc8780
40009f00
3fb75300
40070500
3fad3c00
400b7100
3fa8dc80
400ebe00
3fa54e80
40152400
3f9e6a80
40186400
3f9aea80
401bb100
3f975c80
40222400
3f906a80
40242000
3f8f0800
4029d000
3f8aa800
40303600
3f85bc00
40312000
3f850800
4036d000
3f80a800
403d1c00
3f77a000
403f3200
3f760a00
4044ef00
3f6f6b00
404b2e00
3f683600
404ba300
3f67af00
4051ef00
3f606b00
3fda3600
3fd63600
3fe57c00
3fcd5280
3fe78400
3fcbb880
3ff41c00
3fc1ca80
3ffab600
3fbc9600
4000a800
3fb76180
40070e00
3fad4a80
400b7c00
3fa8e800
400ec900
3fa55a00
40152f00
3f9e7600
40186f00
3f9af600
401bbc00
3f976800
40222f00
3f907600
40242d00
3f8f1200
4029dd00
3f8ab200
40304300
3f85c600
40312d00
3f851200
4036dd00
3f80b200
403d2900
3f77b400
403f4100
3f761b00
4044fe00
3f6f7c00
404b3d00
3f684700
404bb200
3f67c000
4051fe00
3f607c00
3fda3600
3fd63600
3fe57c00
3fcd5280
3fe78400
3fcbb880
3ff41c00
3fc1ca80
3ffab600
3fbc9600
4000a800
3fb76180
40070e00
3fad4a80
400b7c00
3fa8e800
400ec900
3fa55a00
40152f00
3f9e7600
40186f00
3f9af600
401bbc00
3f976800
40222f00
3f907600
40242d00
3f8f1200
4029dd00
3f8ab200
40304300
3f85c600
40312d00
3f851200
4036dd00
3f80b200
403d2900
3f77b400
403f4100
3f761b00
4044fe00
3f6f7c00
404b3d00
3f684700
404bb200
3f67c000
4051fe00
3f607c00
3fdd8400
3fd8df80
3fe8ca00
3fcffc00
3fead200
3fce6200
3ff76a00
3fc47400
3ffe0400
3fbf3f80
40024f00
3fba0b00
4008b500
3faff400
400d8100
3fab0480
4010ce00
3fa77680
40173400
3fa09280
401a7400
3f9d1280
401dc100
3f998480
40243400
3f929280
40269000
3f90e800
402c4000
3f8c8800
4032a600
3f879c00
40339000
3f86e800
40394000
3f828800
403f8c00
3f7b6000
40420200
3f793a00
4047bf00
3f729b00
404dfe00
3f6b6600
404e7300
3f6adf00
4054bf00
3f639b00
3fdd9600
3fd8ee00
3fe8dc00
3fd00a80
3feae400
3fce7080
3ff77c00
3fc48280
3ffe1600
3fbf4e00
40025800
3fba1980
4008be00
3fb00280
400d8c00
3fab1000
4010d900
3fa78200
40173f00
3fa09e00
401a7f00
3f9d1e00
401dcc00
3f999000
40243f00
3f929e00
40269d00
3f90f200
402c4d00
3f8c9200
4032b300
3f87a600
40339d00
3f86f200
40394d00
3f829200
403f9900
3f7b7400
40421100
3f794b00
4047ce00
3f72ac00
404e0d00
3f6b7700
404e8200
3f6af000
4054ce00
3f63ac00
3fdd9600
3fd8ee00
3fe8dc00
3fd00a80
3feae400
3fce7080
3ff77c00
3fc48280
3ffe1600
3fbf4e00
40025800
3fba1980
4008be00
3fb00280
400d8c00
3fab1000
4010d900
3fa78200
40173f00
3fa09e00
401a7f00
3f9d1e00
401dcc00
3f999000
40243f00
3f929e00
40269d00
3f90f200
402c4d00
3f8c9200
4032b300
3f87a600
40339d00
3f86f200
40394d00
3f829200
403f9900
3f7b7400
40421100
3f794b00
4047ce00
3f72ac00
404e0d00
3f6b7700
404e8200
3f6af000
4054ce00
3f63ac00
3fe0e400
3fdb9780
3fec2a00
3fd2b400
3fee3200
3fd11a00
3ffaca00
3fc72c00
4000b200
3fc1f780
4003ff00
3fbcc300
400a6500
3fb2ac00
400f9100
3fad2c80
4012de00
3fa99e80
40194400
3fa2ba80
401c8400
3f9f3a80
401fd100
3f9bac80
40264400
3f94ba80
40290000
3f92c800
402eb000
3f8e6800
40351600
3f897c00
40360000
3f88c800
403bb000
3f846800
4041fc00
3f7f2000
4044d200
3f7c6a00
404a8f00
3f75cb00
4050ce00
3f6e9600
40514300
3f6e0f00
40578f00
3f66cb00
3fe0f600
3fdba600
3fec3c00
3fd2c280
3fee4400
3fd12880
3ffadc00
3fc73a80
4000bb00
3fc20600
40040800
3fbcd180
400a6e00
3fb2ba80
400f9c00
3fad3800
4012e900
3fa9aa00
40194f00
3fa2c600
401c8f00
3f9f4600
401fdc00
3f9bb800
40264f00
3f94c600
40290d00
3f92d200
402ebd00
3f8e7200
40352300
3f898600
40360d00
3f88d200
403bbd00
3f847200
40420900
3f7f3400
4044e100
3f7c7b00
404a9e00
3f75dc00
4050dd00
3f6ea700
40515200
3f6e2000
40579e00
3f66dc00
3fe1bc00
3fdc4580
3fed0200
3fd36200
3fef0a00
3fd1c800
3ffba200
3fc7da00
40011e00
3fc2a580
40046b00
3fbd7100
400ad100
3fb35a00
40101500
3fadb680
40136200
3faa2880
4019c800
3fa34480
401d0800
3f9fc480
40205500
3f9c3680
4026c800
3f954480
40299c00
3f934000
402f4c00
3f8ee000
4035b200
3f89f400
40369c00
3f894000
403c4c00
3f84e000
40429800
3f800800
40458600
3f7d3600
404b4300
3f769700
40518200
3f6f6200
4051f700
3f6edb00
40584300
3f679700
3fe1ce00
3fdc5400
3fed1400
3fd37080
3fef1c00
3fd1d680
3ffbb400
3fc7e880
40012700
3fc2b400
40047400
3fbd7f80
400ada00
3fb36880
40102000
3fadc200
40136d00
3faa3400
4019d300
3fa35000
401d1300
3f9fd000
40206000
3f9c4200
4026d300
3f955000
4029a900
3f934a00
402f5900
3f8eea00
4035bf00
3f89fe00
4036a900
3f894a00
403c5900
3f84ea00
4042a500
3f801200
40459500
3f7d4700
404b5200
3f76a800
40519100
3f6f7300
40520600
3f6eec00
40585200
3f67a800
3fe1f200
3fdc7100
3fed3800
3fd38d80
3fef4000
3fd1f380
3ffbd800
3fc80580
40013900
3fc2d100
40048600
3fbd9c80
400aec00
3fb38580
40103600
3fadd900
40138300
3faa4b00
4019e900
3fa36700
401d2900
3f9fe700
40207600
3f9c5900
4026e900
3f956700
4029c300
3f935e00
402f7300
3f8efe00
4035d900
3f8a1200
4036c300
3f895e00
403c7300
3f84fe00
4042bf00
3f802600
4045b300
3f7d6900
404b7000
3f76ca00
4051af00
3f6f9500
40522400
3f6f0e00
40587000
3f67ca00
3fe20400
3fdc7f80
3fed4a00
3fd39c00
3fef5200
3fd20200
3ffbea00
3fc81400
40014200
3fc2df80
40048f00
3fbdab00
400af500
3fb39400
40104100
3fade480
40138e00
3faa5680
4019f400
3fa37280
401d3400
3f9ff280
40208100
3f9c6480
4026f400
3f957280
4029d000
3f936800
402f8000
3f8f0800
4035e600
3f8a1c00
4036d000
3f896800
403c8000
3f850800
4042cc00
3f803000
4045c200
3f7d7a00
404b7f00
3f76db00
4051be00
3f6fa600
40523300
3f6f1f00
40587f00
3f67db00
3fe20400
3fdc7f80
3fed4a00
3fd39c00
3fef5200
3fd20200
3ffbea00
3fc81400
40014200
3fc2df80
40048f00
3fbdab00
400af500
3fb39400
40104100
3fade480
40138e00
3faa5680
4019f400
3fa37280
401d3400
3f9ff280
40208100
3f9c6480
4026f400
3f957280
4029d000
3f936800
402f8000
3f8f0800
4035e600
3f8a1c00
4036d000
3f896800
403c8000
3f850800
4042cc00
3f803000
4045c200
3f7d7a00
404b7f00
3f76db00
4051be00
3f6fa600
40523300
3f6f1f00
40587f00
3f67db00
3fe20400
3fdc7f80
3fed4a00
3fd39c00
3fef5200
3fd20200
3ffbea00
3fc81400
40014200
3fc2df80
40048f00
3fbdab00
400af500
3fb39400
40104100
3fade480
40138e00
3faa5680
4019f400
3fa37280
401d3400
3f9ff280
40208100
3f9c6480
4026f400
3f957280
4029d000
3f936800
402f8000
3f8f0800
4035e600
3f8a1c00
4036d000
3f896800
403c8000
3f850800
4042cc00
3f803000
4045c200
3f7d7a00
404b7f00
3f76db00
4051be00
3f6fa600
40523300
3f6f1f00
40587f00
3f67db00
3fe20400
3fdc7f80
3fed4a00
3fd39c00
3fef5200
3fd20200
3ffbea00
3fc81400
40014200
3fc2df80
40048f00
3fbdab00
400af500
3fb39400
40104100
3fade480
40138e00
3faa5680
4019f400
3fa37280
401d3400
3f9ff280
40208100
3f9c6480
4026f400
3f957280
4029d000
3f936800
402f8000
3f8f0800
4035e600
3f8a1c00
4036d000
3f896800
403c8000
3f850800
4042cc00
3f803000
4045c200
3f7d7a00
404b7f00
3f76db00
4051be00
3f6fa600
40523300
3f6f1f00
40587f00
3f67db00
3fde1800
3fdf9a00
3feb1a00
3fd53200
3fed7200
3fd35200
3ffbfa00
3fc7b200
4001cc00
3fc19a00
40059b00
3fbb8200
400cfd00
3fafb200
400ecd00
3fafd000
40129c00
3fabc000
4019fe00
3fa3e000
401dbe00
3f9fe000
40218d00
3f9bd000
4028fe00
3f93e000
4027fe00
3f948e00
402e8e00
3f8f8600
4035f000
3f89dd00
4036fe00
3f890e00
403d8e00
3f840600
4044d200
3f7ce800
4043f000
3f7fa500
404a8f00
3f782400
4051c400
3f6ff900
40524b00
3f6f6000
40598f00
3f672400
3fde1800
3fdf9a00
3feb1a00
3fd53200
3fed7200
3fd35200
3ffbfa00
3fc7b200
4001cc00
3fc19a00
40059b00
3fbb8200
400cfd00
3fafb200
400ecd00
3fafd000
40129c00
3fabc000
4019fe00
3fa3e000
401dbe00
3f9fe000
40218d00
3f9bd000
4028fe00
3f93e000
4027fe00
3f948e00
402e8e00
3f8f8600
4035f000
3f89dd00
4036fe00
3f890e00
403d8e00
3f840600
4044d200
3f7ce800
4043f000
3f7fa500
404a8f00
3f782400
4051c400
3f6ff900
40524b00
3f6f6000
40598f00
3f672400
3fde1800
3fdf9a00
3feb1a00
3fd53200
3fed7200
3fd35200
3ffbfa00
3fc7b200
4001cc00
3fc19a00
40059b00
3fbb8200
400cfd00
3fafb200
400ecd00
3fafd000
40129c00
3fabc000
4019fe00
3fa3e000
401dbe00
3f9fe000
40218d00
3f9bd000
4028fe00
3f93e000
4027fe00
3f948e00
402e8e00
3f8f8600
4035f000
3f89dd00
4036fe00
3f890e00
403d8e00
3f840600
4044d200
3f7ce800
4043f000
3f7fa500
404a8f00
3f782400
4051c400
3f6ff900
40524b00
3f6f6000
40598f00
3f672400
3fde1800
3fdf9a00
3feb1a00
3fd53200
3fed7200
3fd35200
3ffbfa00
3fc7b200
4001cc00
3fc19a00
40059b00
3fbb8200
400cfd00
3fafb200
400ecd00
3fafd000
40129c00
3fabc000
4019fe00
3fa3e000
401dbe00
3f9fe000
40218d00
3f9bd000
4028fe00
3f93e000
4027fe00
3f948e00
402e8e00
3f8f8600
4035f000
3f89dd00
4036fe00
3f890e00
403d8e00
3f840600
4044d200
3f7ce800
4043f000
3f7fa500
404a8f00
3f782400
4051c400
3f6ff900
40524b00
3f6f6000
40598f00
3f672400
3fde1800
3fdf9a00
3feb1a00
3fd53200
3fed7200
3fd35200
3ffbfa00
3fc7b200
4001cc00
3fc19a00
40059b00
3fbb8200
400cfd00
3fafb200
400ecd00
3fafd000
40129c00
3fabc000
4019fe00
3fa3e000
401dbe00
3f9fe000
40218d00
3f9bd000
4028fe00
3f93e000
4027fe00
3f948e00
402e8e00
3f8f8600
4035f000
3f89dd00
4036fe00
3f890e00
403d8e00
3f840600
4044d200
3f7ce800
4043f000
3f7fa500
404a8f00
3f782400
4051c400
3f6ff900
40524b00
3f6f6000
40598f00
3f672400
3fde1800
3fdf9a00
3feb1a00
3fd53200
3fed7200
3fd35200
3ffbfa00
3fc7b200
4001cc00
3fc19a00
40059b00
3fbb8200
400cfd00
3fafb200
400ecd00
3fafd000
40129c00
3fabc000
4019fe00
3fa3e000
401dbe00
3f9fe000
40218d00
3f9bd000
4028fe00
3f93e000
4027fe00
3f948e00
402e8e00
3f8f8600
4035f000
3f89dd00
4036fe00
3f890e00
403d8e00
3f840600
4044d200
3f7ce800
4043f000
3f7fa500
404a8f00
3f782400
4051c400
3f6ff900
40524b00
3f6f6000
40598f00
3f672400
3fde2a00
3fdfa880
3feb2c00
3fd54080
3fed8400
3fd36080
3ffc0c00
3fc7c080
4001d500
3fc1a880
4005a400
3fbb9080
400d0600
3fafc080
400ed800
3fafdb80
4012a700
3fabcb80
401a0900
3fa3eb80
401dc900
3f9feb80
40219800
3f9bdb80
40290900
3f93eb80
40280b00
3f949800
402e9b00
3f8f9000
4035fd00
3f89e700
40370b00
3f891800
403d9b00
3f841000
4044df00
3f7cfc00
4043ff00
3f7fb600
404a9e00
3f783500
4051d300
3f700a00
40525a00
3f6f7100
40599e00
3f673500
3fde2a00
3fdfa880
3feb2c00
3fd54080
3fed8400
3fd36080
3ffc0c00
3fc7c080
4001d500
3fc1a880
4005a400
3fbb9080
400d0600
3fafc080
400ed800
3fafdb80
4012a700
3fabcb80
401a0900
3fa3eb80
401dc900
3f9feb80
40219800
3f9bdb80
40290900
3f93eb80
40280b00
3f949800
402e9b00
3f8f9000
4035fd00
3f89e700
40370b00
3f891800
403d9b00
3f841000
4044df00
3f7cfc00
4043ff00
3f7fb600
404a9e00
3f783500
4051d300
3f700a00
40525a00
3f6f7100
40599e00
3f673500
3fde4e00
3fdfc580
3feb5000
3fd55d80
3feda800
3fd37d80
3ffc3000
3fc7dd80
4001e700
3fc1c580
4005b600
3fbbad80
400d1800
3fafdd80
400eee00
3faff280
4012bd00
3fabe280
401a1f00
3fa40280
401ddf00
3fa00280
4021ae00
3f9bf280
40291f00
3f940280
40282500
3f94ac00
402eb500
3f8fa400
40361700
3f89fb00
40372500
3f892c00
403db500
3f842400
4044f900
3f7d2400
40441d00
3f7fd800
404abc00
3f785700
4051f100
3f702c00
40527800
3f6f9300
4059bc00
3f675700
3fde6000
3fdfd400
3feb6200
3fd56c00
3fedba00
3fd38c00
3ffc4200
3fc7ec00
4001f000
3fc1d400
4005bf00
3fbbbc00
400d2100
3fafec00
400ef900
3faffe00
4012c800
3fabee00
401a2a00
3fa40e00
401dea00
3fa00e00
4021b900
3f9bfe00
40292a00
3f940e00
40283200
3f94b600
402ec200
3f8fae00
40362400
3f8a0500
40373200
3f893600
403dc200
3f842e00
40450600
3f7d3800
40442c00
3f7fe900
404acb00
3f786800
40520000
3f703d00
40528700
3f6fa400
4059cb00
3f676800
3fde6000
3fdfd400
3feb6200
3fd56c00
3fedba00
3fd38c00
3ffc4200
3fc7ec00
4001f000
3fc1d400
4005bf00
3fbbbc00
400d2100
3fafec00
400ef900
3faffe00
4012c800
3fabee00
401a2a00
3fa40e00
401dea00
3fa00e00
4021b900
3f9bfe00
40292a00
3f940e00
40283200
3f94b600
402ec200
3f8fae00
40362400
3f8a0500
40373200
3f893600
403dc200
3f842e00
40450600
3f7d3800
40442c00
3f7fe900
404acb00
3f786800
40520000
3f703d00
40528700
3f6fa400
4059cb00
3f676800
3fdf2600
3fe07380
3fec2800
3fd60b80
3fee8000
3fd42b80
3ffd0800
3fc88b80
40025300
3fc27380
40062200
3fbc5b80
400d8400
3fb08b80
400f7200
3fb07c80
40134100
3fac6c80
401aa300
3fa48c80
401e6300
3fa08c80
40223200
3f9c7c80
4029a300
3f948c80
4028c100
3f952400
402f5100
3f901c00
4036b300
3f8a7300
4037c100
3f89a400
403e5100
3f849c00
40459500
3f7e1400
4044d100
3f805200
404b7000
3f792300
4052a500
3f70f800
40532c00
3f705f00
405a7000
3f682300
3fdf3800
3fe08200
3fec3a00
3fd61a00
3fee9200
3fd43a00
3ffd1a00
3fc89a00
40025c00
3fc28200
40062b00
3fbc6a00
400d8d00
3fb09a00
400f7d00
3fb08800
40134c00
3fac7800
401aae00
3fa49800
401e6e00
3fa09800
40223d00
3f9c8800
4029ae00
3f949800
4028ce00
3f952e00
402f5e00
3f902600
4036c000
3f8a7d00
4037ce00
3f89ae00
403e5e00
3f84a600
4045a200
3f7e2800
4044e000
3f805a80
404b7f00
3f793400
4052b400
3f710900
40533b00
3f707000
405a7f00
3f683400
3fdf3800
3fe08200
3fec3a00
3fd61a00
3fee9200
3fd43a00
3ffd1a00
3fc89a00
40025c00
3fc28200
40062b00
3fbc6a00
400d8d00
3fb09a00
400f7d00
3fb08800
40134c00
3fac7800
401aae00
3fa49800
401e6e00
3fa09800
40223d00
3f9c8800
4029ae00
3f949800
4028ce00
3f952e00
402f5e00
3f902600
4036c000
3f8a7d00
4037ce00
3f89ae00
403e5e00
3f84a600
4045a200
3f7e2800
4044e000
3f805a80
404b7f00
3f793400
4052b400
3f710900
40533b00
3f707000
405a7f00
3f683400
3fe28600
3fe32b80
3fef8800
3fd8c380
3ff1e000
3fd6e380
40003400
3fcb4380
40040300
3fc52b80
4007d200
3fbf1380
400f3400
3fb34380
40118200
3fb2a480
40155100
3fae9480
401cb300
3fa6b480
40207300
3fa2b480
40244200
3f9ea480
402bb300
3f96b480
402b3100
3f970400
4031c100
3f91fc00
40392300
3f8c5300
403a3100
3f8b8400
4040c100
3f867c00
40480500
3f80ea00
4047a100
3f81ea00
404e4000
3f7c5300
40557500
3f742800
4055fc00
3f738f00
405d4000
3f6b5300
3fe29800
3fe33a00
3fef9a00
3fd8d200
3ff1f200
3fd6f200
40003d00
3fcb5200
40040c00
3fc53a00
4007db00
3fbf2200
400f3d00
3fb35200
40118d00
3fb2b000
40155c00
3faea000
401cbe00
3fa6c000
40207e00
3fa2c000
40244d00
3f9eb000
402bbe00
3f96c000
402b3e00
3f970e00
4031ce00
3f920600
40393000
3f8c5d00
403a3e00
3f8b8e00
4040ce00
3f868600
40481200
3f80f400
4047b000
3f81f280
404e4f00
3f7c6400
40558400
3f743900
40560b00
3f73a000
405d4f00
3f6b6400
3fe29800
3fe33a00
3fef9a00
3fd8d200
3ff1f200
3fd6f200
40003d00
3fcb5200
40040c00
3fc53a00
4007db00
3fbf2200
400f3d00
3fb35200
40118d00
3fb2b000
40155c00
3faea000
401cbe00
3fa6c000
40207e00
3fa2c000
40244d00
3f9eb000
402bbe00
3f96c000
402b3e00
3f970e00
4031ce00
3f920600
40393000
3f8c5d00
403a3e00
3f8b8e00
4040ce00
3f868600
40481200
3f80f400
4047b000
3f81f280
404e4f00
3f7c6400
40558400
3f743900
40560b00
3f73a000
405d4f00
3f6b6400
3fe5e600
3fe5e380
3ff2e800
3fdb7b80
3ff54000
3fd99b80
4001e400
3fcdfb80
4005b300
3fc7e380
40098200
3fc1cb80
4010e400
3fb5fb80
40139200
3fb4cc80
40176100
3fb0bc80
401ec300
3fa8dc80
40228300
3fa4dc80
40265200
3fa0cc80
402dc300
3f98dc80
402da100
3f98e400
40343100
3f93dc00
403b9300
3f8e3300
403ca100
3f8d6400
40433100
3f885c00
404a7500
3f82ca00
404a7100
3f838200
40511000
3f7f8300
40584500
3f775800
4058cc00
3f76bf00
40601000
3f6e8300
3fe5f800
3fe5f200
3ff2fa00
3fdb8a00
3ff55200
3fd9aa00
4001ed00
3fce0a00
4005bc00
3fc7f200
40098b00
3fc1da00
4010ed00
3fb60a00
40139d00
3fb4d800
40176c00
3fb0c800
401ece00
3fa8e800
40228e00
3fa4e800
40265d00
3fa0d800
402dce00
3f98e800
402dae00
3f98ee00
40343e00
3f93e600
403ba000
3f8e3d00
403cae00
3f8d6e00
40433e00
3f886600
404a8200
3f82d400
404a8000
3f838a80
40511f00
3f7f9400
40585400
3f776900
4058db00
3f76d000
40601f00
3f6e9400
3fe6be00
3fe69180
3ff3c000
3fdc2980
3ff61800
3fda4980
40025000
3fcea980
40061f00
3fc89180
4009ee00
3fc27980
40115000
3fb6a980
40141600
3fb55680
4017e500
3fb14680
401f4700
3fa96680
40230700
3fa56680
4026d600
3fa15680
402e4700
3f996680
402e3d00
3f995c00
4034cd00
3f945400
403c2f00
3f8eab00
403d3d00
3f8ddc00
4043cd00
3f88d400
404b1100
3f834200
404b2500
3f83e800
4051c400
3f802780
4058f900
3f782400
40598000
3f778b00
4060c400
3f6f4f00
3fe6d000
3fe6a000
3ff3d200
3fdc3800
3ff62a00
3fda5800
40025900
3fceb800
40062800
3fc8a000
4009f700
3fc28800
40115900
3fb6b800
40142100
3fb56200
4017f000
3fb15200
401f5200
3fa97200
40231200
3fa57200
4026e100
3fa16200
402e5200
3f997200
402e4a00
3f996600
4034da00
3f945e00
403c3c00
3f8eb500
403d4a00
3f8de600
4043da00
3f88de00
404b1e00
3f834c00
404b3400
3f83f080
4051d300
3f803000
40590800
3f783500
40598f00
3f779c00
4060d300
3f6f6000
3fe6f400
3fe6bd00
3ff3f600
3fdc5500
3ff64e00
3fda7500
40026b00
3fced500
40063a00
3fc8bd00
400a0900
3fc2a500
40116b00
3fb6d500
40143700
3fb57900
40180600
3fb16900
401f6800
3fa98900
40232800
3fa58900
4026f700
3fa17900
402e6800
3f998900
402e6400
3f997a00
4034f400
3f947200
403c5600
3f8ec900
403d6400
3f8dfa00
4043f400
3f88f200
404b3800
3f836000
404b5200
3f840180
4051f100
3f804100
40592600
3f785700
4059ad00
3f77be00
4060f100
3f6f8200
3fe70600
3fe6cb80
3ff40800
3fdc6380
3ff66000
3fda8380
40027400
3fcee380
40064300
3fc8cb80
400a1200
3fc2b380
40117400
3fb6e380
40144200
3fb58480
40181100
3fb17480
401f7300
3fa99480
40233300
3fa59480
40270200
3fa18480
402e7300
3f999480
402e7100
3f998400
40350100
3f947c00
403c6300
3f8ed300
403d7100
3f8e0400
40440100
3f88fc00
404b4500
3f836a00
404b6100
3f840a00
40520000
3f804980
40593500
3f786800
4059bc00
3f77cf00
40610000
3f6f9300
3fe70600
3fe6cb80
3ff40800
3fdc6380
3ff66000
3fda8380
40027400
3fcee380
40064300
3fc8cb80
400a1200
3fc2b380
40117400
3fb6e380
40144200
3fb58480
40181100
3fb17480
401f7300
3fa99480
40233300
3fa59480
40270200
3fa18480
402e7300
3f999480
402e7100
3f998400
40350100
3f947c00
403c6300
3f8ed300
403d7100
3f8e0400
40440100
3f88fc00
404b4500
3f836a00
404b6100
3f840a00
40520000
3f804980
40593500
3f786800
4059bc00
3f77cf00
40610000
3f6f9300
3fe70600
3fe6cb80
3ff40800
3fdc6380
3ff66000
3fda8380
40027400
3fcee380
40064300
3fc8cb80
400a1200
3fc2b380
40117400
3fb6e380
40144200
3fb58480
40181100
3fb17480
401f7300
3fa99480
40233300
3fa59480
40270200
3fa18480
402e7300
3f999480
402e7100
3f998400
40350100
3f947c00
403c6300
3f8ed300
403d7100
3f8e0400
40440100
3f88fc00
404b4500
3f836a00
404b6100
3f840a00
40520000
3f804980
40593500
3f786800
4059bc00
3f77cf00
40610000
3f6f9300
3fe70600
3fe6cb80
3ff40800
3fdc6380
3ff66000
3fda8380
40027400
3fcee380
40064300
3fc8cb80
400a1200
3fc2b380
40117400
3fb6e380
40144200
3fb58480
40181100
3fb17480
401f7300
3fa99480
40233300
3fa59480
40270200
3fa18480
402e7300
3f999480
402e7100
3f998400
40350100
3f947c00
403c6300
3f8ed300
403d7100
3f8e0400
40440100
3f88fc00
404b4500
3f836a00
404b6100
3f840a00
40520000
3f804980
40593500
3f786800
4059bc00
3f77cf00
40610000
3f6f9300
3fe71800
3fe6da00
3ff41a00
3fdc7200
3ff67200
3fda9200
40027d00
3fcef200
40064c00
3fc8da00
400a1b00
3fc2c200
40117d00
3fb6f200
40144d00
3fb59000
40181c00
3fb18000
401f7e00
3fa9a000
40233e00
3fa5a000
40270d00
3fa19000
402e7e00
3f99a000
402e7e00
3f998e00
40350e00
3f948600
403c7000
3f8edd00
403d7e00
3f8e0e00
40440e00
3f890600
404b5200
3f837400
404b7000
3f841280
40520f00
3f805200
40594400
3f787900
4059cb00
3f77e000
40610f00
3f6fa400
3fe71800
3fe6da00
3ff41a00
3fdc7200
3ff67200
3fda9200
40027d00
3fcef200
40064c00
3fc8da00
400a1b00
3fc2c200
40117d00
3fb6f200
40144d00
3fb59000
40181c00
3fb18000
401f7e00
3fa9a000
40233e00
3fa5a000
40270d00
3fa19000
402e7e00
3f99a000
402e7e00
3f998e00
40350e00
3f948600
403c7000
3f8edd00
403d7e00
3f8e0e00
40440e00
3f890600
404b5200
3f837400
404b7000
3f841280
40520f00
3f805200
40594400
3f787900
4059cb00
3f77e000
40610f00
3f6fa400
3fe71800
3fe6da00
3ff41a00
3fdc7200
3ff67200
3fda9200
40027d00
3fcef200
40064c00
3fc8da00
400a1b00
3fc2c200
40117d00
3fb6f200
40144d00
3fb59000
40181c00
3fb18000
401f7e00
3fa9a000
40233e00
3fa5a000
40270d00
3fa19000
402e7e00
3f99a000
402e7e00
3f998e00
40350e00
3f948600
403c7000
3f8edd00
403d7e00
3f8e0e00
40440e00
3f890600
404b5200
3f837400
404b7000
3f841280
40520f00
3f805200
40594400
3f787900
4059cb00
3f77e000
40610f00
3f6fa400
3fe71800
3fe6da00
3ff41a00
3fdc7200
3ff67200
3fda9200
40027d00
3fcef200
40064c00
3fc8da00
400a1b00
3fc2c200
40117d00
3fb6f200
40144d00
3fb59000
40181c00
3fb18000
401f7e00
3fa9a000
40233e00
3fa5a000
40270d00
3fa19000
402e7e00
3f99a000
402e7e00
3f998e00
40350e00
3f948600
403c7000
3f8edd00
403d7e00
3f8e0e00
40440e00
3f890600
404b5200
3f837400
404b7000
3f841280
40520f00
3f805200
40594400
3f787900
4059cb00
3f77e000
40610f00
3f6fa400
3fe71800
3fe6da00
3ff41a00
3fdc7200
3ff67200
3fda9200
40027d00
3fcef200
40064c00
3fc8da00
400a1b00
3fc2c200
40117d00
3fb6f200
40144d00
3fb59000
40181c00
3fb18000
401f7e00
3fa9a000
40233e00
3fa5a000
40270d00
3fa19000
402e7e00
3f99a000
402e7e00
3f998e00
40350e00
3f948600
403c7000
3f8edd00
403d7e00
3f8e0e00
40440e00
3f890600
404b5200
3f837400
404b7000
3f841280
40520f00
3f805200
40594400
3f787900
4059cb00
3f77e000
40610f00
3f6fa400
3fe71800
3fe6da00
3ff41a00
3fdc7200
3ff67200
3fda9200
40027d00
3fcef200
40064c00
3fc8da00
400a1b00
3fc2c200
40117d00
3fb6f200
40144d00
3fb59000
40181c00
3fb18000
401f7e00
3fa9a000
40233e00
3fa5a000
40270d00
3fa19000
402e7e00
3f99a000
402e7e00
3f998e00
40350e00
3f948600
403c7000
3f8edd00
403d7e00
3f8e0e00
40440e00
3f890600
404b5200
3f837400
404b7000
3f841280
40520f00
3f805200
40594400
3f787900
4059cb00
3f77e000
40610f00
3f6fa400
3fe72a00
3fe6e880
3ff42c00
3fdc8080
3ff68400
3fdaa080
40028600
3fcf0080
40065500
3fc8e880
400a2400
3fc2d080
40118600
3fb70080
40145800
3fb59b80
40182700
3fb18b80
401f8900
3fa9ab80
40234900
3fa5ab80
40271800
3fa19b80
402e8900
3f99ab80
402e8b00
3f999800
40351b00
3f949000
403c7d00
3f8ee700
403d8b00
3f8e1800
40441b00
3f891000
404b5f00
3f837e00
404b7f00
3f841b00
40521e00
3f805a80
40595300
3f788a00
4059da00
3f77f100
40611e00
3f6fb500
3fe72a00
3fe6e880
3ff42c00
3fdc8080
3ff68400
3fdaa080
40028600
3fcf0080
40065500
3fc8e880
400a2400
3fc2d080
40118600
3fb70080
40145800
3fb59b80
40182700
3fb18b80
401f8900
3fa9ab80
40234900
3fa5ab80
40271800
3fa19b80
402e8900
3f99ab80
402e8b00
3f999800
40351b00
3f949000
403c7d00
3f8ee700
403d8b00
3f8e1800
40441b00
3f891000
404b5f00
3f837e00
404b7f00
3f841b00
40521e00
3f805a80
40595300
3f788a00
4059da00
3f77f100
40611e00
3f6fb500
3fe74e00
3fe70580
3ff45000
3fdc9d80
3ff6a800
3fdabd80
40029800
3fcf1d80
40066700
3fc90580
400a3600
3fc2ed80
40119800
3fb71d80
40146e00
3fb5b280
40183d00
3fb1a280
401f9f00
3fa9c280
40235f00
3fa5c280
40272e00
3fa1b280
402e9f00
3f99c280
402ea500
3f99ac00
40353500
3f94a400
403c9700
3f8efb00
403da500
3f8e2c00
40443500
3f892400
404b7900
3f839200
404b9d00
3f842c00
40523c00
3f806b80
40597100
3f78ac00
4059f800
3f781300
40613c00
3f6fd700
3fe76000
3fe71400
3ff46200
3fdcac00
3ff6ba00
3fdacc00
4002a100
3fcf2c00
40067000
3fc91400
400a3f00
3fc2fc00
4011a100
3fb72c00
40147900
3fb5be00
40184800
3fb1ae00
401faa00
3fa9ce00
40236a00
3fa5ce00
40273900
3fa1be00
402eaa00
3f99ce00
402eb200
3f99b600
40354200
3f94ae00
403ca400
3f8f0500
403db200
3f8e3600
40444200
3f892e00
404b8600
3f839c00
404bac00
3f843480
40524b00
3f807400
40598000
3f78bd00
405a0700
3f782400
40614b00
3f6fe800
3fe76000
3fe71400
3ff46200
3fdcac00
3ff6ba00
3fdacc00
4002a100
3fcf2c00
40067000
3fc91400
400a3f00
3fc2fc00
4011a100
3fb72c00
40147900
3fb5be00
40184800
3fb1ae00
401faa00
3fa9ce00
40236a00
3fa5ce00
40273900
3fa1be00
402eaa00
3f99ce00
402eb200
3f99b600
40354200
3f94ae00
403ca400
3f8f0500
403db200
3f8e3600
40444200
3f892e00
404b8600
3f839c00
404bac00
3f843480
40524b00
3f807400
40598000
3f78bd00
405a0700
3f782400
40614b00
3f6fe800
3fe82600
3fe7b380
3ff52800
3fdd4b80
3ff78000
3fdb6b80
40030400
3fcfcb80
4006d300
3fc9b380
400aa200
3fc39b80
40120400
3fb7cb80
4014f200
3fb63c80
4018c100
3fb22c80
40202300
3faa4c80
4023e300
3fa64c80
4027b200
3fa23c80
402f2300
3f9a4c80
402f4100
3f9a2400
4035d100
3f951c00
403d3300
3f8f7300
403e4100
3f8ea400
4044d100
3f899c00
404c1500
3f840a00
404c5100
3f849200
4052f000
3f80d180
405a2500
3f797800
405aac00
3f78df00
4061f000
3f70a300
3fe83800
3fe7c200
3ff53a00
3fdd5a00
3ff79200
3fdb7a00
40030d00
3fcfda00
4006dc00
3fc9c200
400aab00
3fc3aa00
40120d00
3fb7da00
4014fd00
3fb64800
4018cc00
3fb23800
40202e00
3faa5800
4023ee00
3fa65800
4027bd00
3fa24800
402f2e00
3f9a5800
402f4e00
3f9a2e00
4035de00
3f952600
403d4000
3f8f7d00
403e4e00
3f8eae00
4044de00
3f89a600
404c2200
3f841400
404c6000
3f849a80
4052ff00
3f80da00
405a3400
3f798900
405abb00
3f78f000
4061ff00
3f70b400
3fe83800
3fe7c200
3ff53a00
3fdd5a00
3ff79200
3fdb7a00
40030d00
3fcfda00
4006dc00
3fc9c200
400aab00
3fc3aa00
40120d00
3fb7da00
4014fd00
3fb64800
4018cc00
3fb23800
40202e00
3faa5800
4023ee00
3fa65800
4027bd00
3fa24800
402f2e00
3f9a5800
402f4e00
3f9a2e00
4035de00
3f952600
403d4000
3f8f7d00
403e4e00
3f8eae00
4044de00
3f89a600
404c2200
3f841400
404c6000
3f849a80
4052ff00
3f80da00
405a3400
3f798900
405abb00
3f78f000
4061ff00
3f70b400
3feb8600
3fea6b80
3ff88800
3fe00380
3ffae000
3fde2380
4004b400
3fd28380
40088300
3fcc6b80
400c5200
3fc65380
4013b400
3fba8380
40170200
3fb86480
401ad100
3fb45480
40223300
3fac7480
4025f300
3fa87480
4029c200
3fa46480
40313300
3f9c7480
4031b100
3f9c0400
40384100
3f96fc00
403fa300
3f915300
4040b100
3f908400
40474100
3f8b7c00
404e8500
3f85ea00
404f2100
3f862a00
4055c000
3f826980
405cf500
3f7ca800
405d7c00
3f7c0f00
4064c000
3f73d300
3feb9800
3fea7a00
3ff89a00
3fe01200
3ffaf200
3fde3200
4004bd00
3fd29200
40088c00
3fcc7a00
400c5b00
3fc66200
4013bd00
3fba9200
40170d00
3fb87000
401adc00
3fb46000
40223e00
3fac8000
4025fe00
3fa88000
4029cd00
3fa47000
40313e00
3f9c8000
4031be00
3f9c0e00
40384e00
3f970600
403fb000
3f915d00
4040be00
3f908e00
40474e00
3f8b8600
404e9200
3f85f400
404f3000
3f863280
4055cf00
3f827200
405d0400
3f7cb900
405d8b00
3f7c2000
4064cf00
3f73e400
3feb9800
3fea7a00
3ff89a00
3fe01200
3ffaf200
3fde3200
4004bd00
3fd29200
40088c00
3fcc7a00
400c5b00
3fc66200
4013bd00
3fba9200
40170d00
3fb87000
401adc00
3fb46000
40223e00
3fac8000
4025fe00
3fa88000
4029cd00
3fa47000
40313e00
3f9c8000
4031be00
3f9c0e00
40384e00
3f970600
403fb000
3f915d00
4040be00
3f908e00
40474e00
3f8b8600
404e9200
3f85f400
404f3000
3f863280
4055cf00
3f827200
405d0400
3f7cb900
405d8b00
3f7c2000
4064cf00
3f73e400
3feee600
3fed2380
3ffbe800
3fe2bb80
3ffe4000
3fe0db80
40066400
3fd53b80
400a3300
3fcf2380
400e0200
3fc90b80
40156400
3fbd3b80
40191200
3fba8c80
401ce100
3fb67c80
40244300
3fae9c80
40280300
3faa9c80
402bd200
3fa68c80
40334300
3f9e9c80
40342100
3f9de400
403ab100
3f98dc00
40421300
3f933300
40432100
3f926400
4049b100
3f8d5c00
4050f500
3f87ca00
4051f100
3f87c200
40589000
3f840180
405fc500
3f7fd800
40604c00
3f7f3f00
40679000
3f770300
3feef800
3fed3200
3ffbfa00
3fe2ca00
3ffe5200
3fe0ea00
40066d00
3fd54a00
400a3c00
3fcf3200
400e0b00
3fc91a00
40156d00
3fbd4a00
40191d00
3fba9800
401cec00
3fb68800
40244e00
3faea800
40280e00
3faaa800
402bdd00
3fa69800
40334e00
3f9ea800
40342e00
3f9dee00
403abe00
3f98e600
40422000
3f933d00
40432e00
3f926e00
4049be00
3f8d6600
40510200
3f87d400
40520000
3f87ca80
40589f00
3f840a00
405fd400
3f7fe900
40605b00
3f7f5000
40679f00
3f771400
3fefbe00
3fedd180
3ffcc000
3fe36980
3fff1800
3fe18980
4006d000
3fd5e980
400a9f00
3fcfd180
400e6e00
3fc9b980
4015d000
3fbde980
40199600
3fbb1680
401d6500
3fb70680
4024c700
3faf2680
40288700
3fab2680
402c5600
3fa71680
4033c700
3f9f2680
4034bd00
3f9e5c00
403b4d00
3f995400
4042af00
3f93ab00
4043bd00
3f92dc00
404a4d00
3f8dd400
40519100
3f884200
4052a500
3f882800
40594400
3f846780
40607900
3f805200
40610000
3f800580
40684400
3f77cf00
3fefd000
3fede000
3ffcd200
3fe37800
3fff2a00
3fe19800
4006d900
3fd5f800
400aa800
3fcfe000
400e7700
3fc9c800
4015d900
3fbdf800
4019a100
3fbb2200
401d7000
3fb71200
4024d200
3faf3200
40289200
3fab3200
402c6100
3fa72200
4033d200
3f9f3200
4034ca00
3f9e6600
403b5a00
3f995e00
4042bc00
3f93b500
4043ca00
3f92e600
404a5a00
3f8dde00
40519e00
3f884c00
4052b400
3f883080
40595300
3f847000
40608800
3f805a80
40610f00
3f800e00
40685300
3f77e000
3feff400
3fedfd00
3ffcf600
3fe39500
3fff4e00
3fe1b500
4006eb00
3fd61500
400aba00
3fcffd00
400e8900
3fc9e500
4015eb00
3fbe1500
4019b700
3fbb3900
401d8600
3fb72900
4024e800
3faf4900
4028a800
3fab4900
402c7700
3fa73900
4033e800
3f9f4900
4034e400
3f9e7a00
403b7400
3f997200
4042d600
3f93c900
4043e400
3f92fa00
404a7400
3f8df200
4051b800
3f886000
4052d200
3f884180
40597100
3f848100
4060a600
3f806b80
40612d00
3f801f00
40687100
3f780200
3ff00600
3fee0b80
3ffd0800
3fe3a380
3fff6000
3fe1c380
4006f400
3fd62380
400ac300
3fd00b80
400e9200
3fc9f380
4015f400
3fbe2380
4019c200
3fbb4480
401d9100
3fb73480
4024f300
3faf5480
4028b300
3fab5480
402c8200
3fa74480
4033f300
3f9f5480
4034f100
3f9e8400
403b8100
3f997c00
4042e300
3f93d300
4043f100
3f930400
404a8100
3f8dfc00
4051c500
3f886a00
4052e100
3f884a00
40598000
3f848980
4060b500
3f807400
40613c00
3f802780
40688000
3f781300
3ff00600
3fee0b80
3ffd0800
3fe3a380
3fff6000
3fe1c380
4006f400
3fd62380
400ac300
3fd00b80
400e9200
3fc9f380
4015f400
3fbe2380
4019c200
3fbb4480
401d9100
3fb73480
4024f300
3faf5480
4028b300
3fab5480
402c8200
3fa74480
4033f300
3f9f5480
4034f100
3f9e8400
403b8100
3f997c00
4042e300
3f93d300
4043f100
3f930400
404a8100
3f8dfc00
4051c500
3f886a00
4052e100
3f884a00
40598000
3f848980
4060b500
3f807400
40613c00
3f802780
40688000
3f781300
3ff00600
3fee0b80
3ffd0800
3fe3a380
3fff6000
3fe1c380
4006f400
3fd62380
400ac300
3fd00b80
400e9200
3fc9f380
4015f400
3fbe2380
4019c200
3fbb4480
401d9100
3fb73480
4024f300
3faf5480
4028b300
3fab5480
402c8200
3fa74480
4033f300
3f9f5480
4034f100
3f9e8400
403b8100
3f997c00
4042e300
3f93d300
4043f100
3f930400
404a8100
3f8dfc00
4051c500
3f886a00
4052e100
3f884a00
40598000
3f848980
4060b500
3f807400
40613c00
3f802780
40688000
3f781300
3ff00600
3fee0b80
3ffd0800
3fe3a380
3fff6000
3fe1c380
4006f400
3fd62380
400ac300
3fd00b80
400e9200
3fc9f380
4015f400
3fbe2380
4019c200
3fbb4480
401d9100
3fb73480
4024f300
3faf5480
4028b300
3fab5480
402c8200
3fa74480
4033f300
3f9f5480
4034f100
3f9e8400
403b8100
3f997c00
4042e300
3f93d300
4043f100
3f930400
404a8100
3f8dfc00
4051c500
3f886a00
4052e100
3f884a00
40598000
3f848980
4060b500
3f807400
40613c00
3f802780
40688000
3f781300
3ff01800
3fee1a00
3ffd1a00
3fe3b200
3fff7200
3fe1d200
4006fd00
3fd63200
400acc00
3fd01a00
400e9b00
3fca0200
4015fd00
3fbe3200
4019cd00
3fbb5000
401d9c00
3fb74000
4024fe00
3faf6000
4028be00
3fab6000
402c8d00
3fa75000
4033fe00
3f9f6000
4034fe00
3f9e8e00
403b8e00
3f998600
4042f000
3f93dd00
4043fe00
3f930e00
404a8e00
3f8e0600
4051d200
3f887400
4052f000
3f885280
40598f00
3f849200
4060c400
3f807c80
40614b00
3f803000
40688f00
3f782400
3ff01800
3fee1a00
3ffd1a00
3fe3b200
3fff7200
3fe1d200
4006fd00
3fd63200
400acc00
3fd01a00
400e9b00
3fca0200
4015fd00
3fbe3200
4019cd00
3fbb5000
401d9c00
3fb74000
4024fe00
3faf6000
4028be00
3fab6000
402c8d00
3fa75000
4033fe00
3f9f6000
4034fe00
3f9e8e00
403b8e00
3f998600
4042f000
3f93dd00
4043fe00
3f930e00
404a8e00
3f8e0600
4051d200
3f887400
4052f000
3f885280
40598f00
3f849200
4060c400
3f807c80
40614b00
3f803000
40688f00
3f782400
3ff01800
3fee1a00
3ffd1a00
3fe3b200
3fff7200
3fe1d200
4006fd00
3fd63200
400acc00
3fd01a00
400e9b00
3fca0200
4015fd00
3fbe3200
4019cd00
3fbb5000
401d9c00
3fb74000
4024fe00
3faf6000
4028be00
3fab6000
402c8d00
3fa75000
4033fe00
3f9f6000
4034fe00
3f9e8e00
403b8e00
3f998600
4042f000
3f93dd00
4043fe00
3f930e00
404a8e00
3f8e0600
4051d200
3f887400
4052f000
3f885280
40598f00
3f849200
4060c400
3f807c80
40614b00
3f803000
40688f00
3f782400
3ff01800
3fee1a00
3ffd1a00
3fe3b200
3fff7200
3fe1d200
4006fd00
3fd63200
400acc00
3fd01a00
400e9b00
3fca0200
4015fd00
3fbe3200
4019cd00
3fbb5000
401d9c00
3fb74000
4024fe00
3faf6000
4028be00
3fab6000
402c8d00
3fa75000
4033fe00
3f9f6000
4034fe00
3f9e8e00
403b8e00
3f998600
4042f000
3f93dd00
4043fe00
3f930e00
404a8e00
3f8e0600
4051d200
3f887400
4052f000
3f885280
40598f00
3f849200
4060c400
3f807c80
40614b00
3f803000
40688f00
3f782400
3ff01800
3fee1a00
3ffd1a00
3fe3b200
3fff7200
3fe1d200
4006fd00
3fd63200
400acc00
3fd01a00
400e9b00
3fca0200
4015fd00
3fbe3200
4019cd00
3fbb5000
401d9c00
3fb74000
4024fe00
3faf6000
4028be00
3fab6000
402c8d00
3fa75000
4033fe00
3f9f6000
4034fe00
3f9e8e00
403b8e00
3f998600
4042f000
3f93dd00
4043fe00
3f930e00
404a8e00
3f8e0600
4051d200
3f887400
4052f000
3f885280
40598f00
3f849200
4060c400
3f807c80
40614b00
3f803000
40688f00
3f782400
3ff01800
3fee1a00
3ffd1a00
3fe3b200
3fff7200
3fe1d200
4006fd00
3fd63200
400acc00
3fd01a00
400e9b00
3fca0200
4015fd00
3fbe3200
4019cd00
3fbb5000
401d9c00
3fb74000
4024fe00
3faf6000
4028be00
3fab6000
402c8d00
3fa75000
4033fe00
3f9f6000
4034fe00
3f9e8e00
403b8e00
3f998600
4042f000
3f93dd00
4043fe00
3f930e00
404a8e00
3f8e0600
4051d200
3f887400
4052f000
3f885280
40598f00
3f849200
4060c400
3f807c80
40614b00
3f803000
40688f00
3f782400
3ff02a00
3fee2880
3ffd2c00
3fe3c080
3fff8400
3fe1e080
40070600
3fd64080
400ad500
3fd02880
400ea400
3fca1080
40160600
3fbe4080
4019d800
3fbb5b80
401da700
3fb74b80
40250900
3faf6b80
4028c900
3fab6b80
402c9800
3fa75b80
40340900
3f9f6b80
40350b00
3f9e9800
403b9b00
3f999000
4042fd00
3f93e700
40440b00
3f931800
404a9b00
3f8e1000
4051df00
3f887e00
4052ff00
3f885b00
40599e00
3f849a80
4060d300
3f808500
40615a00
3f803880
40689e00
3f783500
3ff02a00
3fee2880
3ffd2c00
3fe3c080
3fff8400
3fe1e080
40070600
3fd64080
400ad500
3fd02880
400ea400
3fca1080
40160600
3fbe4080
4019d800
3fbb5b80
401da700
3fb74b80
40250900
3faf6b80
4028c900
3fab6b80
402c9800
3fa75b80
40340900
3f9f6b80
40350b00
3f9e9800
403b9b00
3f999000
4042fd00
3f93e700
40440b00
3f931800
404a9b00
3f8e1000
4051df00
3f887e00
4052ff00
3f885b00
40599e00
3f849a80
4060d300
3f808500
40615a00
3f803880
40689e00
3f783500
3ff04e00
3fee4580
3ffd5000
3fe3dd80
3fffa800
3fe1fd80
40071800
3fd65d80
400ae700
3fd04580
400eb600
3fca2d80
40161800
3fbe5d80
4019ee00
3fbb7280
401dbd00
3fb76280
40251f00
3faf8280
4028df00
3fab8280
402cae00
3fa77280
40341f00
3f9f8280
40352500
3f9eac00
403bb500
3f99a400
40431700
3f93fb00
40442500
3f932c00
404ab500
3f8e2400
4051f900
3f889200
40531d00
3f886c00
4059bc00
3f84ab80
4060f100
3f809600
40617800
3f804980
4068bc00
3f785700
3ff06000
3fee5400
3ffd6200
3fe3ec00
3fffba00
3fe20c00
40072100
3fd66c00
400af000
3fd05400
400ebf00
3fca3c00
40162100
3fbe6c00
4019f900
3fbb7e00
401dc800
3fb76e00
40252a00
3faf8e00
4028ea00
3fab8e00
402cb900
3fa77e00
40342a00
3f9f8e00
40353200
3f9eb600
403bc200
3f99ae00
40432400
3f940500
40443200
3f933600
404ac200
3f8e2e00
40520600
3f889c00
40532c00
3f887480
4059cb00
3f84b400
40610000
3f809e80
40618700
3f805200
4068cb00
3f786800
3ff06000
3fee5400
3ffd6200
3fe3ec00
3fffba00
3fe20c00
40072100
3fd66c00
400af000
3fd05400
400ebf00
3fca3c00
40162100
3fbe6c00
4019f900
3fbb7e00
401dc800
3fb76e00
40252a00
3faf8e00
4028ea00
3fab8e00
402cb900
3fa77e00
40342a00
3f9f8e00
40353200
3f9eb600
403bc200
3f99ae00
40432400
3f940500
40443200
3f933600
404ac200
3f8e2e00
40520600
3f889c00
40532c00
3f887480
4059cb00
3f84b400
40610000
3f809e80
40618700
3f805200
4068cb00
3f786800
3ff12600
3feef380
3ffe2800
3fe48b80
40004000
3fe2ab80
40078400
3fd70b80
400b5300
3fd0f380
400f2200
3fcadb80
40168400
3fbf0b80
401a7200
3fbbfc80
401e4100
3fb7ec80
4025a300
3fb00c80
40296300
3fac0c80
402d3200
3fa7fc80
4034a300
3fa00c80
4035c100
3f9f2400
403c5100
3f9a1c00
4043b300
3f947300
4044c100
3f93a400
404b5100
3f8e9c00
40529500
3f890a00
4053d100
3f88d200
405a7000
3f851180
4061a500
3f80fc00
40622c00
3f80af80
40697000
3f792300
3ff13800
3fef0200
3ffe3a00
3fe49a00
40004900
3fe2ba00
40078d00
3fd71a00
400b5c00
3fd10200
400f2b00
3fcaea00
40168d00
3fbf1a00
401a7d00
3fbc0800
401e4c00
3fb7f800
4025ae00
3fb01800
40296e00
3fac1800
402d3d00
3fa80800
4034ae00
3fa01800
4035ce00
3f9f2e00
403c5e00
3f9a2600
4043c000
3f947d00
4044ce00
3f93ae00
404b5e00
3f8ea600
4052a200
3f891400
4053e000
3f88da80
405a7f00
3f851a00
4061b400
3f810480
40623b00
3f80b800
40697f00
3f793400
3ff13800
3fef0200
3ffe3a00
3fe49a00
40004900
3fe2ba00
40078d00
3fd71a00
400b5c00
3fd10200
400f2b00
3fcaea00
40168d00
3fbf1a00
401a7d00
3fbc0800
401e4c00
3fb7f800
4025ae00
3fb01800
40296e00
3fac1800
402d3d00
3fa80800
4034ae00
3fa01800
4035ce00
3f9f2e00
403c5e00
3f9a2600
4043c000
3f947d00
4044ce00
3f93ae00
404b5e00
3f8ea600
4052a200
3f891400
4053e000
3f88da80
405a7f00
3f851a00
4061b400
3f810480
40623b00
3f80b800
40697f00
3f793400
3ff48600
3ff1ab80
4000c400
3fe74380
4001f000
3fe56380
40093400
3fd9c380
400d0300
3fd3ab80
4010d200
3fcd9380
40183400
3fc1c380
401c8200
3fbe2480
40205100
3fba1480
4027b300
3fb23480
402b7300
3fae3480
402f4200
3faa2480
4036b300
3fa23480
40383100
3fa10400
403ec100
3f9bfc00
40462300
3f965300
40473100
3f958400
404dc100
3f907c00
40550500
3f8aea00
4056a100
3f8a6a00
405d4000
3f86a980
40647500
3f829400
4064fc00
3f824780
406c4000
3f7c5300
3ff49800
3ff1ba00
4000cd00
3fe75200
4001f900
3fe57200
40093d00
3fd9d200
400d0c00
3fd3ba00
4010db00
3fcda200
40183d00
3fc1d200
401c8d00
3fbe3000
40205c00
3fba2000
4027be00
3fb24000
402b7e00
3fae4000
402f4d00
3faa3000
4036be00
3fa24000
40383e00
3fa10e00
403ece00
3f9c0600
40463000
3f965d00
40473e00
3f958e00
404dce00
3f908600
40551200
3f8af400
4056b000
3f8a7280
405d4f00
3f86b200
40648400
3f829c80
40650b00
3f825000
406c4f00
3f7c6400
3ff49800
3ff1ba00
4000cd00
3fe75200
4001f900
3fe57200
40093d00
3fd9d200
400d0c00
3fd3ba00
4010db00
3fcda200
40183d00
3fc1d200
401c8d00
3fbe3000
40205c00
3fba2000
4027be00
3fb24000
402b7e00
3fae4000
402f4d00
3faa3000
4036be00
3fa24000
40383e00
3fa10e00
403ece00
3f9c0600
40463000
3f965d00
40473e00
3f958e00
404dce00
3f908600
40551200
3f8af400
4056b000
3f8a7280
405d4f00
3f86b200
40648400
3f829c80
40650b00
3f825000
406c4f00
3f7c6400
3ff7e600
3ff46380
40027400
3fe9fb80
4003a000
3fe81b80
400ae400
3fdc7b80
400eb300
3fd66380
40128200
3fd04b80
4019e400
3fc47b80
401e9200
3fc04c80
40226100
3fbc3c80
4029c300
3fb45c80
402d8300
3fb05c80
40315200
3fac4c80
4038c300
3fa45c80
403aa100
3fa2e400
40413100
3f9ddc00
40489300
3f983300
4049a100
3f976400
40503100
3f925c00
40577500
3f8cca00
40597100
3f8c0200
40601000
3f884180
40674500
3f842c00
4067cc00
3f83df80
406f1000
3f7f8300
3ff7f800
3ff47200
40027d00
3fea0a00
4003a900
3fe82a00
400aed00
3fdc8a00
400ebc00
3fd67200
40128b00
3fd05a00
4019ed00
3fc48a00
401e9d00
3fc05800
40226c00
3fbc4800
4029ce00
3fb46800
402d8e00
3fb06800
40315d00
3fac5800
4038ce00
3fa46800
403aae00
3fa2ee00
40413e00
3f9de600
4048a000
3f983d00
4049ae00
3f976e00
40503e00
3f926600
40578200
3f8cd400
40598000
3f8c0a80
40601f00
3f884a00
40675400
3f843480
4067db00
3f83e800
406f1f00
3f7f9400
3ff8be00
3ff51180
4002e000
3feaa980
40040c00
3fe8c980
400b5000
3fdd2980
400f1f00
3fd71180
4012ee00
3fd0f980
401a5000
3fc52980
401f1600
3fc0d680
4022e500
3fbcc680
402a4700
3fb4e680
402e0700
3fb0e680
4031d600
3facd680
40394700
3fa4e680
403b3d00
3fa35c00
4041cd00
3f9e5400
40492f00
3f98ab00
404a3d00
3f97dc00
4050cd00
3f92d400
40581100
3f8d4200
405a2500
3f8c6800
4060c400
3f88a780
4067f900
3f849200
40688000
3f844580
406fc400
3f802780
3ff8d000
3ff52000
4002e900
3feab800
40041500
3fe8d800
400b5900
3fdd3800
400f2800
3fd72000
4012f700
3fd10800
401a5900
3fc53800
401f2100
3fc0e200
4022f000
3fbcd200
402a5200
3fb4f200
402e1200
3fb0f200
4031e100
3face200
40395200
3fa4f200
403b4a00
3fa36600
4041da00
3f9e5e00
40493c00
3f98b500
404a4a00
3f97e600
4050da00
3f92de00
40581e00
3f8d4c00
405a3400
3f8c7080
4060d300
3f88b000
40680800
3f849a80
40688f00
3f844e00
406fd300
3f803000
3ff8f400
3ff53d00
4002fb00
3fead500
40042700
3fe8f500
400b6b00
3fdd5500
400f3a00
3fd73d00
40130900
3fd12500
401a6b00
3fc55500
401f3700
3fc0f900
40230600
3fbce900
402a6800
3fb50900
402e2800
3fb10900
4031f700
3facf900
40396800
3fa50900
403b6400
3fa37a00
4041f400
3f9e7200
40495600
3f98c900
404a6400
3f97fa00
4050f400
3f92f200
40583800
3f8d6000
405a5200
3f8c8180
4060f100
3f88c100
40682600
3f84ab80
4068ad00
3f845f00
406ff100
3f804100
3ff90600
3ff54b80
40030400
3feae380
40043000
3fe90380
400b7400
3fdd6380
400f4300
3fd74b80
40131200
3fd13380
401a7400
3fc56380
401f4200
3fc10480
40231100
3fbcf480
402a7300
3fb51480
402e3300
3fb11480
40320200
3fad0480
40397300
3fa51480
403b7100
3fa38400
40420100
3f9e7c00
40496300
3f98d300
404a7100
3f980400
40510100
3f92fc00
40584500
3f8d6a00
405a6100
3f8c8a00
40610000
3f88c980
40683500
3f84b400
4068bc00
3f846780
40700000
3f804980
3ff90600
3ff54b80
40030400
3feae380
40043000
3fe90380
400b7400
3fdd6380
400f4300
3fd74b80
40131200
3fd13380
401a7400
3fc56380
401f4200
3fc10480
40231100
3fbcf480
402a7300
3fb51480
402e3300
3fb11480
40320200
3fad0480
40397300
3fa51480
403b7100
3fa38400
40420100
3f9e7c00
40496300
3f98d300
404a7100
3f980400
40510100
3f92fc00
40584500
3f8d6a00
405a6100
3f8c8a00
40610000
3f88c980
40683500
3f84b400
4068bc00
3f846780
40700000
3f804980
3ff90600
3ff54b80
40030400
3feae380
40043000
3fe90380
400b7400
3fdd6380
400f4300
3fd74b80
40131200
3fd13380
401a7400
3fc56380
401f4200
3fc10480
40231100
3fbcf480
402a7300
3fb51480
402e3300
3fb11480
40320200
3fad0480
40397300
3fa51480
403b7100
3fa38400
40420100
3f9e7c00
40496300
3f98d300
404a7100
3f980400
40510100
3f92fc00
40584500
3f8d6a00
405a6100
3f8c8a00
40610000
3f88c980
40683500
3f84b400
4068bc00
3f846780
40700000
3f804980
3ff90600
3ff54b80
40030400
3feae380
40043000
3fe90380
400b7400
3fdd6380
400f4300
3fd74b80
40131200
3fd13380
401a7400
3fc56380
401f4200
3fc10480
40231100
3fbcf480
402a7300
3fb51480
402e3300
3fb11480
40320200
3fad0480
40397300
3fa51480
403b7100
3fa38400
40420100
3f9e7c00
40496300
3f98d300
404a7100
3f980400
40510100
3f92fc00
40584500
3f8d6a00
405a6100
3f8c8a00
40610000
3f88c980
40683500
3f84b400
4068bc00
3f846780
40700000
3f804980
3ff91800
3ff55a00
40030d00
3feaf200
40043900
3fe91200
400b7d00
3fdd7200
400f4c00
3fd75a00
40131b00
3fd14200
401a7d00
3fc57200
401f4d00
3fc11000
40231c00
3fbd0000
402a7e00
3fb52000
402e3e00
3fb12000
40320d00
3fad1000
40397e00
3fa52000
403b7e00
3fa38e00
40420e00
3f9e8600
40497000
3f98dd00
404a7e00
3f980e00
40510e00
3f930600
40585200
3f8d7400
405a7000
3f8c9280
40610f00
3f88d200
40684400
3f84bc80
4068cb00
3f847000
40700f00
3f805200
3ff91800
3ff55a00
40030d00
3feaf200
40043900
3fe91200
400b7d00
3fdd7200
400f4c00
3fd75a00
40131b00
3fd14200
401a7d00
3fc57200
401f4d00
3fc11000
40231c00
3fbd0000
402a7e00
3fb52000
402e3e00
3fb12000
40320d00
3fad1000
40397e00
3fa52000
403b7e00
3fa38e00
40420e00
3f9e8600
40497000
3f98dd00
404a7e00
3f980e00
40510e00
3f930600
40585200
3f8d7400
405a7000
3f8c9280
40610f00
3f88d200
40684400
3f84bc80
4068cb00
3f847000
40700f00
3f805200
3ff91800
3ff55a00
40030d00
3feaf200
40043900
3fe91200
400b7d00
3fdd7200
400f4c00
3fd75a00
40131b00
3fd14200
401a7d00
3fc57200
401f4d00
3fc11000
40231c00
3fbd0000
402a7e00
3fb52000
402e3e00
3fb12000
40320d00
3fad1000
40397e00
3fa52000
403b7e00
3fa38e00
40420e00
3f9e8600
40497000
3f98dd00
404a7e00
3f980e00
40510e00
3f930600
40585200
3f8d7400
405a7000
3f8c9280
40610f00
3f88d200
40684400
3f84bc80
4068cb00
3f847000
40700f00
3f805200
3ff91800
3ff55a00
40030d00
3feaf200
40043900
3fe91200
400b7d00
3fdd7200
400f4c00
3fd75a00
40131b00
3fd14200
401a7d00
3fc57200
401f4d00
3fc11000
40231c00
3fbd0000
402a7e00
3fb52000
402e3e00
3fb12000
40320d00
3fad1000
40397e00
3fa52000
403b7e00
3fa38e00
40420e00
3f9e8600
40497000
3f98dd00
404a7e00
3f980e00
40510e00
3f930600
40585200
3f8d7400
405a7000
3f8c9280
40610f00
3f88d200
40684400
3f84bc80
4068cb00
3f847000
40700f00
3f805200
3ff91800
3ff55a00
40030d00
3feaf200
40043900
3fe91200
400b7d00
3fdd7200
400f4c00
3fd75a00
40131b00
3fd14200
401a7d00
3fc57200
401f4d00
3fc11000
40231c00
3fbd0000
402a7e00
3fb52000
402e3e00
3fb12000
40320d00
3fad1000
40397e00
3fa52000
403b7e00
3fa38e00
40420e00
3f9e8600
40497000
3f98dd00
404a7e00
3f980e00
40510e00
3f930600
40585200
3f8d7400
405a7000
3f8c9280
40610f00
3f88d200
40684400
3f84bc80
4068cb00
3f847000
40700f00
3f805200
3ff91800
3ff55a00
40030d00
3feaf200
40043900
3fe91200
400b7d00
3fdd7200
400f4c00
3fd75a00
40131b00
3fd14200
401a7d00
3fc57200
401f4d00
3fc11000
40231c00
3fbd0000
402a7e00
3fb52000
402e3e00
3fb12000
40320d00
3fad1000
40397e00
3fa52000
403b7e00
3fa38e00
40420e00
3f9e8600
40497000
3f98dd00
404a7e00
3f980e00
40510e00
3f930600
40585200
3f8d7400
405a7000
3f8c9280
40610f00
3f88d200
40684400
3f84bc80
4068cb00
3f847000
40700f00
3f805200
3ff92a00
3ff56880
40031600
3feb0080
40044200
3fe92080
400b8600
3fdd8080
400f5500
3fd76880
40132400
3fd15080
401a8600
3fc58080
401f5800
3fc11b80
40232700
3fbd0b80
402a8900
3fb52b80
402e4900
3fb12b80
40321800
3fad1b80
40398900
3fa52b80
403b8b00
3fa39800
40421b00
3f9e9000
40497d00
3f98e700
404a8b00
3f981800
40511b00
3f931000
40585f00
3f8d7e00
405a7f00
3f8c9b00
40611e00
3f88da80
40685300
3f84c500
4068da00
3f847880
40701e00
3f805a80
3ff92a00
3ff56880
40031600
3feb0080
40044200
3fe92080
400b8600
3fdd8080
400f5500
3fd76880
40132400
3fd15080
401a8600
3fc58080
401f5800
3fc11b80
40232700
3fbd0b80
402a8900
3fb52b80
402e4900
3fb12b80
40321800
3fad1b80
40398900
3fa52b80
403b8b00
3fa39800
40421b00
3f9e9000
40497d00
3f98e700
404a8b00
3f981800
40511b00
3f931000
40585f00
3f8d7e00
405a7f00
3f8c9b00
40611e00
3f88da80
40685300
3f84c500
4068da00
3f847880
40701e00
3f805a80
3ff94e00
3ff58580
40032800
3feb1d80
40045400
3fe93d80
400b9800
3fdd9d80
400f6700
3fd78580
40133600
3fd16d80
401a9800
3fc59d80
401f6e00
3fc13280
40233d00
3fbd2280
402a9f00
3fb54280
402e5f00
3fb14280
40322e00
3fad3280
40399f00
3fa54280
403ba500
3fa3ac00
40423500
3f9ea400
40499700
3f98fb00
404aa500
3f982c00
40513500
3f932400
40587900
3f8d9200
405a9d00
3f8cac00
40613c00
3f88eb80
40687100
3f84d600
4068f800
3f848980
40703c00
3f806b80
3ff96000
3ff59400
40033100
3feb2c00
40045d00
3fe94c00
400ba100
3fddac00
400f7000
3fd79400
40133f00
3fd17c00
401aa100
3fc5ac00
401f7900
3fc13e00
40234800
3fbd2e00
402aaa00
3fb54e00
402e6a00
3fb14e00
40323900
3fad3e00
4039aa00
3fa54e00
403bb200
3fa3b600
40424200
3f9eae00
4049a400
3f990500
404ab200
3f983600
40514200
3f932e00
40588600
3f8d9c00
405aac00
3f8cb480
40614b00
3f88f400
40688000
3f84de80
40690700
3f849200
40704b00
3f807400
3ff96000
3ff59400
40033100
3feb2c00
40045d00
3fe94c00
400ba100
3fddac00
400f7000
3fd79400
40133f00
3fd17c00
401aa100
3fc5ac00
401f7900
3fc13e00
40234800
3fbd2e00
402aaa00
3fb54e00
402e6a00
3fb14e00
40323900
3fad3e00
4039aa00
3fa54e00
403bb200
3fa3b600
40424200
3f9eae00
4049a400
3f990500
404ab200
3f983600
40514200
3f932e00
40588600
3f8d9c00
405aac00
3f8cb480
40614b00
3f88f400
40688000
3f84de80
40690700
3f849200
40704b00
3f807400
3ffa2600
3ff63380
40039400
3febcb80
4004c000
3fe9eb80
400c0400
3fde4b80
400fd300
3fd83380
4013a200
3fd21b80
401b0400
3fc64b80
401ff200
3fc1bc80
4023c100
3fbdac80
402b2300
3fb5cc80
402ee300
3fb1cc80
4032b200
3fadbc80
403a2300
3fa5cc80
403c4100
3fa42400
4042d100
3f9f1c00
404a3300
3f997300
404b4100
3f98a400
4051d100
3f939c00
40591500
3f8e0a00
405b5100
3f8d1200
4061f000
3f895180
40692500
3f853c00
4069ac00
3f84ef80
4070f000
3f80d180
3ffa3800
3ff64200
40039d00
3febda00
4004c900
3fe9fa00
400c0d00
3fde5a00
400fdc00
3fd84200
4013ab00
3fd22a00
401b0d00
3fc65a00
401ffd00
3fc1c800
4023cc00
3fbdb800
402b2e00
3fb5d800
402eee00
3fb1d800
4032bd00
3fadc800
403a2e00
3fa5d800
403c4e00
3fa42e00
4042de00
3f9f2600
404a4000
3f997d00
404b4e00
3f98ae00
4051de00
3f93a600
40592200
3f8e1400
405b6000
3f8d1a80
4061ff00
3f895a00
40693400
3f854480
4069bb00
3f84f800
4070ff00
3f80da00
3ffa3800
3ff64200
40039d00
3febda00
4004c900
3fe9fa00
400c0d00
3fde5a00
400fdc00
3fd84200
4013ab00
3fd22a00
401b0d00
3fc65a00
401ffd00
3fc1c800
4023cc00
3fbdb800
402b2e00
3fb5d800
402eee00
3fb1d800
4032bd00
3fadc800
403a2e00
3fa5d800
403c4e00
3fa42e00
4042de00
3f9f2600
404a4000
3f997d00
404b4e00
3f98ae00
4051de00
3f93a600
40592200
3f8e1400
405b6000
3f8d1a80
4061ff00
3f895a00
40693400
3f854480
4069bb00
3f84f800
4070ff00
3f80da00
3ffd8600
3ff8eb80
40054400
3fee8380
40067000
3feca380
400db400
3fe10380
40118300
3fdaeb80
40155200
3fd4d380
401cb400
3fc90380
40220200
3fc3e480
4025d100
3fbfd480
402d3300
3fb7f480
4030f300
3fb3f480
4034c200
3fafe480
403c3300
3fa7f480
403eb100
3fa60400
40454100
3fa0fc00
404ca300
3f9b5300
404db100
3f9a8400
40544100
3f957c00
405b8500
3f8fea00
405e2100
3f8eaa00
4064c000
3f8ae980
406bf500
3f86d400
406c7c00
3f868780
4073c000
3f826980
3ffd9800
3ff8fa00
40054d00
3fee9200
40067900
3fecb200
400dbd00
3fe11200
40118c00
3fdafa00
40155b00
3fd4e200
401cbd00
3fc91200
40220d00
3fc3f000
4025dc00
3fbfe000
402d3e00
3fb80000
4030fe00
3fb40000
4034cd00
3faff000
403c3e00
3fa80000
403ebe00
3fa60e00
40454e00
3fa10600
404cb000
3f9b5d00
404dbe00
3f9a8e00
40544e00
3f958600
405b9200
3f8ff400
405e3000
3f8eb280
4064cf00
3f8af200
406c0400
3f86dc80
406c8b00
3f869000
4073cf00
3f827200
3ffd9800
3ff8fa00
40054d00
3fee9200
40067900
3fecb200
400dbd00
3fe11200
40118c00
3fdafa00
40155b00
3fd4e200
401cbd00
3fc91200
40220d00
3fc3f000
4025dc00
3fbfe000
402d3e00
3fb80000
4030fe00
3fb40000
4034cd00
3faff000
403c3e00
3fa80000
403ebe00
3fa60e00
40454e00
3fa10600
404cb000
3f9b5d00
404dbe00
3f9a8e00
40544e00
3f958600
405b9200
3f8ff400
405e3000
3f8eb280
4064cf00
3f8af200
406c0400
3f86dc80
406c8b00
3f869000
4073cf00
3f827200
40010300
3ffc8b80
40078400
3ff22380
4008b000
3ff04380
400ff400
3fe4a380
4013c300
3fde8b80
40179200
3fd87380
401ef400
3fcca380
4024c200
3fc6c480
40289100
3fc2b480
402ff300
3fbad480
4033b300
3fb6d480
40378200
3fb2c480
403ef300
3faad480
4041f100
3fa88400
40488100
3fa37c00
404fe300
3f9dd300
4050f100
3f9d0400
40578100
3f97fc00
405ec500
3f926a00
4061e100
3f90ca00
40688000
3f8d0980
406fb500
3f88f400
40703c00
3f88a780
40778000
3f848980
