 
****************************************
check_design summary:
Version:     U-2022.12-SP7
Date:        Fri Aug 14 02:48:54 2026
****************************************

                   Name                                            Total
--------------------------------------------------------------------------------
Inputs/Outputs                                                     46
    Unconnected ports (LINT-28)                                    46

Cells                                                               4
    Nets connected to multiple pins on same cell (LINT-33)          4
--------------------------------------------------------------------------------

Warning: In design 'exact_fp32_mul_7stage_DW_lp_piped_fp_mult_J1_0', port 'rst_n' is not connected to any nets. (LINT-28)
Warning: In design 'exact_fp32_mul_7stage_DW_lp_piped_fp_mult_J1_0', port 'rnd[2]' is not connected to any nets. (LINT-28)
Warning: In design 'exact_fp32_mul_7stage_DW_lp_piped_fp_mult_J1_0', port 'rnd[1]' is not connected to any nets. (LINT-28)
Warning: In design 'exact_fp32_mul_7stage_DW_lp_piped_fp_mult_J1_0', port 'rnd[0]' is not connected to any nets. (LINT-28)
Warning: In design 'exact_fp32_mul_7stage_DW_lp_piped_fp_mult_J1_0', port 'status[7]' is not connected to any nets. (LINT-28)
Warning: In design 'exact_fp32_mul_7stage_DW_lp_piped_fp_mult_J1_0', port 'status[6]' is not connected to any nets. (LINT-28)
Warning: In design 'exact_fp32_mul_7stage_DW_lp_piped_fp_mult_J1_0', port 'status[5]' is not connected to any nets. (LINT-28)
Warning: In design 'exact_fp32_mul_7stage_DW_lp_piped_fp_mult_J1_0', port 'status[4]' is not connected to any nets. (LINT-28)
Warning: In design 'exact_fp32_mul_7stage_DW_lp_piped_fp_mult_J1_0', port 'status[3]' is not connected to any nets. (LINT-28)
Warning: In design 'exact_fp32_mul_7stage_DW_lp_piped_fp_mult_J1_0', port 'status[2]' is not connected to any nets. (LINT-28)
Warning: In design 'exact_fp32_mul_7stage_DW_lp_piped_fp_mult_J1_0', port 'status[1]' is not connected to any nets. (LINT-28)
Warning: In design 'exact_fp32_mul_7stage_DW_lp_piped_fp_mult_J1_0', port 'status[0]' is not connected to any nets. (LINT-28)
Warning: In design 'exact_fp32_mul_7stage_DW_lp_piped_fp_mult_J1_0', port 'launch' is not connected to any nets. (LINT-28)
Warning: In design 'exact_fp32_mul_7stage_DW_lp_piped_fp_mult_J1_0', port 'launch_id[0]' is not connected to any nets. (LINT-28)
Warning: In design 'exact_fp32_mul_7stage_DW_lp_piped_fp_mult_J1_0', port 'pipe_full' is not connected to any nets. (LINT-28)
Warning: In design 'exact_fp32_mul_7stage_DW_lp_piped_fp_mult_J1_0', port 'pipe_ovf' is not connected to any nets. (LINT-28)
Warning: In design 'exact_fp32_mul_7stage_DW_lp_piped_fp_mult_J1_0', port 'accept_n' is not connected to any nets. (LINT-28)
Warning: In design 'exact_fp32_mul_7stage_DW_lp_piped_fp_mult_J1_0', port 'arrive' is not connected to any nets. (LINT-28)
Warning: In design 'exact_fp32_mul_7stage_DW_lp_piped_fp_mult_J1_0', port 'arrive_id[0]' is not connected to any nets. (LINT-28)
Warning: In design 'exact_fp32_mul_7stage_DW_lp_piped_fp_mult_J1_0', port 'push_out_n' is not connected to any nets. (LINT-28)
Warning: In design 'exact_fp32_mul_7stage_DW_lp_piped_fp_mult_J1_0', port 'pipe_census[2]' is not connected to any nets. (LINT-28)
Warning: In design 'exact_fp32_mul_7stage_DW_lp_piped_fp_mult_J1_0', port 'pipe_census[1]' is not connected to any nets. (LINT-28)
Warning: In design 'exact_fp32_mul_7stage_DW_lp_piped_fp_mult_J1_0', port 'pipe_census[0]' is not connected to any nets. (LINT-28)
Warning: In design 'exact_fp32_div_7stage_DW_lp_piped_fp_div_J1_0', port 'rst_n' is not connected to any nets. (LINT-28)
Warning: In design 'exact_fp32_div_7stage_DW_lp_piped_fp_div_J1_0', port 'rnd[2]' is not connected to any nets. (LINT-28)
Warning: In design 'exact_fp32_div_7stage_DW_lp_piped_fp_div_J1_0', port 'rnd[1]' is not connected to any nets. (LINT-28)
Warning: In design 'exact_fp32_div_7stage_DW_lp_piped_fp_div_J1_0', port 'rnd[0]' is not connected to any nets. (LINT-28)
Warning: In design 'exact_fp32_div_7stage_DW_lp_piped_fp_div_J1_0', port 'status[7]' is not connected to any nets. (LINT-28)
Warning: In design 'exact_fp32_div_7stage_DW_lp_piped_fp_div_J1_0', port 'status[6]' is not connected to any nets. (LINT-28)
Warning: In design 'exact_fp32_div_7stage_DW_lp_piped_fp_div_J1_0', port 'status[5]' is not connected to any nets. (LINT-28)
Warning: In design 'exact_fp32_div_7stage_DW_lp_piped_fp_div_J1_0', port 'status[4]' is not connected to any nets. (LINT-28)
Warning: In design 'exact_fp32_div_7stage_DW_lp_piped_fp_div_J1_0', port 'status[3]' is not connected to any nets. (LINT-28)
Warning: In design 'exact_fp32_div_7stage_DW_lp_piped_fp_div_J1_0', port 'status[2]' is not connected to any nets. (LINT-28)
Warning: In design 'exact_fp32_div_7stage_DW_lp_piped_fp_div_J1_0', port 'status[1]' is not connected to any nets. (LINT-28)
Warning: In design 'exact_fp32_div_7stage_DW_lp_piped_fp_div_J1_0', port 'status[0]' is not connected to any nets. (LINT-28)
Warning: In design 'exact_fp32_div_7stage_DW_lp_piped_fp_div_J1_0', port 'launch' is not connected to any nets. (LINT-28)
Warning: In design 'exact_fp32_div_7stage_DW_lp_piped_fp_div_J1_0', port 'launch_id[0]' is not connected to any nets. (LINT-28)
Warning: In design 'exact_fp32_div_7stage_DW_lp_piped_fp_div_J1_0', port 'pipe_full' is not connected to any nets. (LINT-28)
Warning: In design 'exact_fp32_div_7stage_DW_lp_piped_fp_div_J1_0', port 'pipe_ovf' is not connected to any nets. (LINT-28)
Warning: In design 'exact_fp32_div_7stage_DW_lp_piped_fp_div_J1_0', port 'accept_n' is not connected to any nets. (LINT-28)
Warning: In design 'exact_fp32_div_7stage_DW_lp_piped_fp_div_J1_0', port 'arrive' is not connected to any nets. (LINT-28)
Warning: In design 'exact_fp32_div_7stage_DW_lp_piped_fp_div_J1_0', port 'arrive_id[0]' is not connected to any nets. (LINT-28)
Warning: In design 'exact_fp32_div_7stage_DW_lp_piped_fp_div_J1_0', port 'push_out_n' is not connected to any nets. (LINT-28)
Warning: In design 'exact_fp32_div_7stage_DW_lp_piped_fp_div_J1_0', port 'pipe_census[2]' is not connected to any nets. (LINT-28)
Warning: In design 'exact_fp32_div_7stage_DW_lp_piped_fp_div_J1_0', port 'pipe_census[1]' is not connected to any nets. (LINT-28)
Warning: In design 'exact_fp32_div_7stage_DW_lp_piped_fp_div_J1_0', port 'pipe_census[0]' is not connected to any nets. (LINT-28)
Warning: In design 'exact_fp32_mul_7stage', the same net is connected to more than one pin on submodule 'u_exact_mul'. (LINT-33)
   Net '*Logic1*' is connected to pins 'rst_n', 'rnd[0]'', 'launch'.
Warning: In design 'exact_fp32_mul_7stage', the same net is connected to more than one pin on submodule 'u_exact_mul'. (LINT-33)
   Net '*Logic0*' is connected to pins 'rnd[2]', 'rnd[1]'', 'launch_id[0]', 'accept_n'.
Warning: In design 'exact_fp32_div_7stage', the same net is connected to more than one pin on submodule 'u_exact_div'. (LINT-33)
   Net '*Logic1*' is connected to pins 'rst_n', 'rnd[0]'', 'launch'.
Warning: In design 'exact_fp32_div_7stage', the same net is connected to more than one pin on submodule 'u_exact_div'. (LINT-33)
   Net '*Logic0*' is connected to pins 'rnd[2]', 'rnd[1]'', 'launch_id[0]', 'accept_n'.
1
 
****************************************
Report : area
Design : exact_fp32_divmul_7stage
Version: U-2022.12-SP7
Date   : Fri Aug 14 02:48:54 2026
****************************************

Library(s) Used:

    tcbn65gplustc_ccs (File: /courses/ee6350/pdk2025/tcbn65gplus/TSMCHOME/digital/Front_End/timing_power_noise/CCS/tcbn65gplus_200a/tcbn65gplustc_ccs.db)

Number of ports:                          532
Number of nets:                         14331
Number of cells:                        13423
Number of combinational cells:          12172
Number of sequential cells:              1247
Number of macros/black boxes:               0
Number of buf/inv:                       4143
Number of references:                       6

Combinational area:              28863.000255
Buf/Inv area:                     4730.040188
Noncombinational area:            8538.120188
Macro/Black Box area:                0.000000
Net Interconnect area:      undefined  (Wire load has zero net area)

Total cell area:                 37401.120443
Total area:                 undefined
1
Information: Propagating switching activity (medium effort zero delay simulation). (PWR-6)
Warning: Design has unannotated primary inputs. (PWR-414)
Warning: Design has unannotated sequential cell outputs. (PWR-415)
 
****************************************
Report : power
        -hier
        -analysis_effort medium
        -verbose
Design : exact_fp32_divmul_7stage
Version: U-2022.12-SP7
Date   : Fri Aug 14 02:48:57 2026
****************************************


Library(s) Used:

    tcbn65gplustc_ccs (File: /courses/ee6350/pdk2025/tcbn65gplus/TSMCHOME/digital/Front_End/timing_power_noise/CCS/tcbn65gplus_200a/tcbn65gplustc_ccs.db)


Operating Conditions: NCCOM   Library: tcbn65gplustc_ccs
Wire Load Model Mode: segmented

Design        Wire Load Model            Library
------------------------------------------------
exact_fp32_divmul_7stage
                       ZeroWireload      tcbn65gplustc_ccs
exact_fp32_mul_7stage  ZeroWireload      tcbn65gplustc_ccs
exact_fp32_div_7stage  ZeroWireload      tcbn65gplustc_ccs
exact_fp32_mul_7stage_DW_lp_piped_fp_mult_J1_0
                       ZeroWireload      tcbn65gplustc_ccs
exact_fp32_div_7stage_DW_lp_piped_fp_div_J1_0
                       ZeroWireload      tcbn65gplustc_ccs


Global Operating Voltage = 1    
Power-specific unit information :
    Voltage Units = 1V
    Capacitance Units = 1.000000pf
    Time Units = 1ns
    Dynamic Power Units = 1mW    (derived from V,C,T units)
    Leakage Power Units = 1nW


--------------------------------------------------------------------------------
                                       Switch   Int      Leak     Total
Hierarchy                              Power    Power    Power    Power    %
--------------------------------------------------------------------------------
exact_fp32_divmul_7stage                  3.536   15.279 1.77e+05   18.992 100.0
  u_div (exact_fp32_div_7stage)           3.165   11.458 1.36e+05   14.759  77.7
    u_exact_div (exact_fp32_div_7stage_DW_lp_piped_fp_div_J1_0)
                                          3.165   11.458 1.36e+05   14.759  77.7
  u_mul (exact_fp32_mul_7stage)           0.346    3.759 3.94e+04    4.144  21.8
    u_exact_mul (exact_fp32_mul_7stage_DW_lp_piped_fp_mult_J1_0)
                                          0.346    3.759 3.94e+04    4.144  21.8
1
 
****************************************
Report : constraint
        -all_violators
        -verbose
Design : exact_fp32_divmul_7stage
Version: U-2022.12-SP7
Date   : Fri Aug 14 02:48:57 2026
****************************************


  Startpoint: divide_mode
              (input port clocked by clk)
  Endpoint: mode_s1_reg
            (rising edge-triggered flip-flop clocked by clk)
  Path Group: clk
  Path Type: min

  Des/Clust/Port     Wire Load Model       Library
  ------------------------------------------------
  exact_fp32_divmul_7stage
                     ZeroWireload          tcbn65gplustc_ccs

  Point                                    Incr       Path
  -----------------------------------------------------------
  clock clk (rise edge)                    0.00       0.00
  clock network delay (ideal)              0.00       0.00
  input external delay                     0.02       0.02 f
  divide_mode (in)                         0.00       0.02 f
  mode_s1_reg/D (DFQD1)                    0.00       0.02 f
  data arrival time                                   0.02

  clock clk (rise edge)                    0.00       0.00
  clock network delay (ideal)              0.00       0.00
  mode_s1_reg/CP (DFQD1)                   0.00       0.00 r
  library hold time                        0.03       0.03
  data required time                                  0.03
  -----------------------------------------------------------
  data required time                                  0.03
  data arrival time                                  -0.02
  -----------------------------------------------------------
  slack (VIOLATED: increase significant digits)       0.00


    Net: u_div/u_exact_div/U_fp_div/DP_OP_117_124_3084/n4285

    max_fanout             4.00
  - Fanout                 6.00
  ------------------------------
    Slack                 -2.00  (VIOLATED)


    Net: u_div/u_exact_div/n318

    max_fanout             4.00
  - Fanout                 6.00
  ------------------------------
    Slack                 -2.00  (VIOLATED)


    Net: u_div/u_exact_div/n3049

    max_fanout             4.00
  - Fanout                 6.00
  ------------------------------
    Slack                 -2.00  (VIOLATED)


    Net: u_div/u_exact_div/n4840

    max_fanout             4.00
  - Fanout                 6.00
  ------------------------------
    Slack                 -2.00  (VIOLATED)


    Net: u_div/u_exact_div/n5183

    max_fanout             4.00
  - Fanout                 6.00
  ------------------------------
    Slack                 -2.00  (VIOLATED)


    Net: u_div/u_exact_div/n5227

    max_fanout             4.00
  - Fanout                 6.00
  ------------------------------
    Slack                 -2.00  (VIOLATED)


    Net: u_div/u_exact_div/n5311

    max_fanout             4.00
  - Fanout                 6.00
  ------------------------------
    Slack                 -2.00  (VIOLATED)


    Net: u_div/u_exact_div/n5335

    max_fanout             4.00
  - Fanout                 6.00
  ------------------------------
    Slack                 -2.00  (VIOLATED)


    Net: u_div/u_exact_div/n5840

    max_fanout             4.00
  - Fanout                 6.00
  ------------------------------
    Slack                 -2.00  (VIOLATED)


    Net: u_div/u_exact_div/n5860

    max_fanout             4.00
  - Fanout                 6.00
  ------------------------------
    Slack                 -2.00  (VIOLATED)


    Net: u_div/u_exact_div/n5949

    max_fanout             4.00
  - Fanout                 6.00
  ------------------------------
    Slack                 -2.00  (VIOLATED)


    Net: u_div/u_exact_div/n5953

    max_fanout             4.00
  - Fanout                 6.00
  ------------------------------
    Slack                 -2.00  (VIOLATED)


    Net: u_div/u_exact_div/n5964

    max_fanout             4.00
  - Fanout                 6.00
  ------------------------------
    Slack                 -2.00  (VIOLATED)


    Net: u_div/u_exact_div/n5995

    max_fanout             4.00
  - Fanout                 6.00
  ------------------------------
    Slack                 -2.00  (VIOLATED)


    Net: u_div/u_exact_div/n5996

    max_fanout             4.00
  - Fanout                 6.00
  ------------------------------
    Slack                 -2.00  (VIOLATED)


    Net: u_div/u_exact_div/n6038

    max_fanout             4.00
  - Fanout                 6.00
  ------------------------------
    Slack                 -2.00  (VIOLATED)


    Net: u_div/u_exact_div/n6054

    max_fanout             4.00
  - Fanout                 6.00
  ------------------------------
    Slack                 -2.00  (VIOLATED)


    Net: u_div/u_exact_div/n6055

    max_fanout             4.00
  - Fanout                 6.00
  ------------------------------
    Slack                 -2.00  (VIOLATED)


    Net: u_div/u_exact_div/n6077

    max_fanout             4.00
  - Fanout                 6.00
  ------------------------------
    Slack                 -2.00  (VIOLATED)


    Net: u_div/u_exact_div/n6078

    max_fanout             4.00
  - Fanout                 6.00
  ------------------------------
    Slack                 -2.00  (VIOLATED)


    Net: u_div/u_exact_div/n6079

    max_fanout             4.00
  - Fanout                 6.00
  ------------------------------
    Slack                 -2.00  (VIOLATED)


    Net: u_div/u_exact_div/n6083

    max_fanout             4.00
  - Fanout                 6.00
  ------------------------------
    Slack                 -2.00  (VIOLATED)


    Net: u_div/u_exact_div/n6096

    max_fanout             4.00
  - Fanout                 6.00
  ------------------------------
    Slack                 -2.00  (VIOLATED)


    Net: u_div/u_exact_div/n6484

    max_fanout             4.00
  - Fanout                 6.00
  ------------------------------
    Slack                 -2.00  (VIOLATED)


    Net: u_div/u_exact_div/n6556

    max_fanout             4.00
  - Fanout                 6.00
  ------------------------------
    Slack                 -2.00  (VIOLATED)


    Net: u_div/u_exact_div/n6557

    max_fanout             4.00
  - Fanout                 6.00
  ------------------------------
    Slack                 -2.00  (VIOLATED)


    Net: u_div/u_exact_div/n6672

    max_fanout             4.00
  - Fanout                 6.00
  ------------------------------
    Slack                 -2.00  (VIOLATED)


    Net: u_div/u_exact_div/n6676

    max_fanout             4.00
  - Fanout                 6.00
  ------------------------------
    Slack                 -2.00  (VIOLATED)


    Net: u_div/u_exact_div/n6882

    max_fanout             4.00
  - Fanout                 6.00
  ------------------------------
    Slack                 -2.00  (VIOLATED)


    Net: u_div/u_exact_div/n7061

    max_fanout             4.00
  - Fanout                 6.00
  ------------------------------
    Slack                 -2.00  (VIOLATED)


    Net: u_div/u_exact_div/n7064

    max_fanout             4.00
  - Fanout                 6.00
  ------------------------------
    Slack                 -2.00  (VIOLATED)


    Net: u_div/u_exact_div/n7146

    max_fanout             4.00
  - Fanout                 6.00
  ------------------------------
    Slack                 -2.00  (VIOLATED)


    Net: u_div/u_exact_div/n7531

    max_fanout             4.00
  - Fanout                 6.00
  ------------------------------
    Slack                 -2.00  (VIOLATED)


    Net: u_div/u_exact_div/n7582

    max_fanout             4.00
  - Fanout                 6.00
  ------------------------------
    Slack                 -2.00  (VIOLATED)


    Net: u_div/u_exact_div/n7768

    max_fanout             4.00
  - Fanout                 6.00
  ------------------------------
    Slack                 -2.00  (VIOLATED)


    Net: u_div/u_exact_div/n7769

    max_fanout             4.00
  - Fanout                 6.00
  ------------------------------
    Slack                 -2.00  (VIOLATED)


    Net: u_div/u_exact_div/n7771

    max_fanout             4.00
  - Fanout                 6.00
  ------------------------------
    Slack                 -2.00  (VIOLATED)


    Net: u_div/u_exact_div/n7776

    max_fanout             4.00
  - Fanout                 6.00
  ------------------------------
    Slack                 -2.00  (VIOLATED)


    Net: u_div/u_exact_div/n7809

    max_fanout             4.00
  - Fanout                 6.00
  ------------------------------
    Slack                 -2.00  (VIOLATED)


    Net: u_div/u_exact_div/n7814

    max_fanout             4.00
  - Fanout                 6.00
  ------------------------------
    Slack                 -2.00  (VIOLATED)


    Net: u_div/u_exact_div/n7821

    max_fanout             4.00
  - Fanout                 6.00
  ------------------------------
    Slack                 -2.00  (VIOLATED)


    Net: u_div/u_exact_div/n8120

    max_fanout             4.00
  - Fanout                 6.00
  ------------------------------
    Slack                 -2.00  (VIOLATED)


    Net: u_div/u_exact_div/n8161

    max_fanout             4.00
  - Fanout                 6.00
  ------------------------------
    Slack                 -2.00  (VIOLATED)


    Net: u_div/u_exact_div/n8162

    max_fanout             4.00
  - Fanout                 6.00
  ------------------------------
    Slack                 -2.00  (VIOLATED)


    Net: u_div/u_exact_div/n8172

    max_fanout             4.00
  - Fanout                 6.00
  ------------------------------
    Slack                 -2.00  (VIOLATED)


    Net: u_div/u_exact_div/n8209

    max_fanout             4.00
  - Fanout                 6.00
  ------------------------------
    Slack                 -2.00  (VIOLATED)


    Net: u_div/u_exact_div/n8325

    max_fanout             4.00
  - Fanout                 6.00
  ------------------------------
    Slack                 -2.00  (VIOLATED)


    Net: u_div/u_exact_div/n8349

    max_fanout             4.00
  - Fanout                 6.00
  ------------------------------
    Slack                 -2.00  (VIOLATED)


    Net: u_div/u_exact_div/n8352

    max_fanout             4.00
  - Fanout                 6.00
  ------------------------------
    Slack                 -2.00  (VIOLATED)


    Net: u_div/u_exact_div/n8646

    max_fanout             4.00
  - Fanout                 6.00
  ------------------------------
    Slack                 -2.00  (VIOLATED)


    Net: u_div/u_exact_div/n8649

    max_fanout             4.00
  - Fanout                 6.00
  ------------------------------
    Slack                 -2.00  (VIOLATED)


    Net: u_div/u_exact_div/n8783

    max_fanout             4.00
  - Fanout                 6.00
  ------------------------------
    Slack                 -2.00  (VIOLATED)


    Net: u_div/u_exact_div/n8807

    max_fanout             4.00
  - Fanout                 6.00
  ------------------------------
    Slack                 -2.00  (VIOLATED)


    Net: u_div/u_exact_div/n8817

    max_fanout             4.00
  - Fanout                 6.00
  ------------------------------
    Slack                 -2.00  (VIOLATED)


    Net: u_div/u_exact_div/n8843

    max_fanout             4.00
  - Fanout                 6.00
  ------------------------------
    Slack                 -2.00  (VIOLATED)


    Net: u_div/u_exact_div/n8850

    max_fanout             4.00
  - Fanout                 6.00
  ------------------------------
    Slack                 -2.00  (VIOLATED)


    Net: u_div/u_exact_div/n8874

    max_fanout             4.00
  - Fanout                 6.00
  ------------------------------
    Slack                 -2.00  (VIOLATED)


    Net: u_div/u_exact_div/n8900

    max_fanout             4.00
  - Fanout                 6.00
  ------------------------------
    Slack                 -2.00  (VIOLATED)


    Net: u_div/u_exact_div/n8903

    max_fanout             4.00
  - Fanout                 6.00
  ------------------------------
    Slack                 -2.00  (VIOLATED)


    Net: u_div/u_exact_div/n8909

    max_fanout             4.00
  - Fanout                 6.00
  ------------------------------
    Slack                 -2.00  (VIOLATED)


    Net: u_div/u_exact_div/n8927

    max_fanout             4.00
  - Fanout                 6.00
  ------------------------------
    Slack                 -2.00  (VIOLATED)


    Net: u_div/u_exact_div/n8928

    max_fanout             4.00
  - Fanout                 6.00
  ------------------------------
    Slack                 -2.00  (VIOLATED)


    Net: u_div/u_exact_div/n8935

    max_fanout             4.00
  - Fanout                 6.00
  ------------------------------
    Slack                 -2.00  (VIOLATED)


    Net: u_div/u_exact_div/n8956

    max_fanout             4.00
  - Fanout                 6.00
  ------------------------------
    Slack                 -2.00  (VIOLATED)


    Net: u_div/u_exact_div/n8957

    max_fanout             4.00
  - Fanout                 6.00
  ------------------------------
    Slack                 -2.00  (VIOLATED)


    Net: u_div/u_exact_div/n8966

    max_fanout             4.00
  - Fanout                 6.00
  ------------------------------
    Slack                 -2.00  (VIOLATED)


    Net: u_div/u_exact_div/n8987

    max_fanout             4.00
  - Fanout                 6.00
  ------------------------------
    Slack                 -2.00  (VIOLATED)


    Net: u_div/u_exact_div/n9029

    max_fanout             4.00
  - Fanout                 6.00
  ------------------------------
    Slack                 -2.00  (VIOLATED)


    Net: u_div/u_exact_div/n9039

    max_fanout             4.00
  - Fanout                 6.00
  ------------------------------
    Slack                 -2.00  (VIOLATED)


    Net: u_div/u_exact_div/n9079

    max_fanout             4.00
  - Fanout                 6.00
  ------------------------------
    Slack                 -2.00  (VIOLATED)


    Net: u_div/u_exact_div/n9091

    max_fanout             4.00
  - Fanout                 6.00
  ------------------------------
    Slack                 -2.00  (VIOLATED)


    Net: u_div/u_exact_div/n9540

    max_fanout             4.00
  - Fanout                 6.00
  ------------------------------
    Slack                 -2.00  (VIOLATED)


    Net: u_div/u_exact_div/n9544

    max_fanout             4.00
  - Fanout                 6.00
  ------------------------------
    Slack                 -2.00  (VIOLATED)


    Net: u_div/u_exact_div/n9920

    max_fanout             4.00
  - Fanout                 6.00
  ------------------------------
    Slack                 -2.00  (VIOLATED)


    Net: u_div/u_exact_div/n10184

    max_fanout             4.00
  - Fanout                 6.00
  ------------------------------
    Slack                 -2.00  (VIOLATED)


    Net: u_div/u_exact_div/n10224

    max_fanout             4.00
  - Fanout                 6.00
  ------------------------------
    Slack                 -2.00  (VIOLATED)


    Net: u_div/u_exact_div/n10236

    max_fanout             4.00
  - Fanout                 6.00
  ------------------------------
    Slack                 -2.00  (VIOLATED)


    Net: u_div/u_exact_div/n10254

    max_fanout             4.00
  - Fanout                 6.00
  ------------------------------
    Slack                 -2.00  (VIOLATED)


    Net: u_div/u_exact_div/U_fp_div/DP_OP_117_124_3084/n4269

    max_fanout             4.00
  - Fanout                 5.00
  ------------------------------
    Slack                 -1.00  (VIOLATED)


    Net: u_div/u_exact_div/U_fp_div/DP_OP_117_124_3084/n4282

    max_fanout             4.00
  - Fanout                 5.00
  ------------------------------
    Slack                 -1.00  (VIOLATED)


    Net: u_div/u_exact_div/abr_pl_out[57]

    max_fanout             4.00
  - Fanout                 5.00
  ------------------------------
    Slack                 -1.00  (VIOLATED)


    Net: u_div/u_exact_div/n332

    max_fanout             4.00
  - Fanout                 5.00
  ------------------------------
    Slack                 -1.00  (VIOLATED)


    Net: u_div/u_exact_div/n342

    max_fanout             4.00
  - Fanout                 5.00
  ------------------------------
    Slack                 -1.00  (VIOLATED)


    Net: u_div/u_exact_div/n344

    max_fanout             4.00
  - Fanout                 5.00
  ------------------------------
    Slack                 -1.00  (VIOLATED)


    Net: u_div/u_exact_div/n347

    max_fanout             4.00
  - Fanout                 5.00
  ------------------------------
    Slack                 -1.00  (VIOLATED)


    Net: u_div/u_exact_div/n709

    max_fanout             4.00
  - Fanout                 5.00
  ------------------------------
    Slack                 -1.00  (VIOLATED)


    Net: u_div/u_exact_div/n713

    max_fanout             4.00
  - Fanout                 5.00
  ------------------------------
    Slack                 -1.00  (VIOLATED)


    Net: u_div/u_exact_div/n714

    max_fanout             4.00
  - Fanout                 5.00
  ------------------------------
    Slack                 -1.00  (VIOLATED)


    Net: u_div/u_exact_div/n717

    max_fanout             4.00
  - Fanout                 5.00
  ------------------------------
    Slack                 -1.00  (VIOLATED)


    Net: u_div/u_exact_div/n718

    max_fanout             4.00
  - Fanout                 5.00
  ------------------------------
    Slack                 -1.00  (VIOLATED)


    Net: u_div/u_exact_div/n721

    max_fanout             4.00
  - Fanout                 5.00
  ------------------------------
    Slack                 -1.00  (VIOLATED)


    Net: u_div/u_exact_div/n722

    max_fanout             4.00
  - Fanout                 5.00
  ------------------------------
    Slack                 -1.00  (VIOLATED)


    Net: u_div/u_exact_div/n726

    max_fanout             4.00
  - Fanout                 5.00
  ------------------------------
    Slack                 -1.00  (VIOLATED)


    Net: u_div/u_exact_div/n727

    max_fanout             4.00
  - Fanout                 5.00
  ------------------------------
    Slack                 -1.00  (VIOLATED)


    Net: u_div/u_exact_div/n731

    max_fanout             4.00
  - Fanout                 5.00
  ------------------------------
    Slack                 -1.00  (VIOLATED)


    Net: u_div/u_exact_div/n732

    max_fanout             4.00
  - Fanout                 5.00
  ------------------------------
    Slack                 -1.00  (VIOLATED)


    Net: u_div/u_exact_div/n736

    max_fanout             4.00
  - Fanout                 5.00
  ------------------------------
    Slack                 -1.00  (VIOLATED)


    Net: u_div/u_exact_div/n737

    max_fanout             4.00
  - Fanout                 5.00
  ------------------------------
    Slack                 -1.00  (VIOLATED)


    Net: u_div/u_exact_div/n740

    max_fanout             4.00
  - Fanout                 5.00
  ------------------------------
    Slack                 -1.00  (VIOLATED)


    Net: u_div/u_exact_div/n741

    max_fanout             4.00
  - Fanout                 5.00
  ------------------------------
    Slack                 -1.00  (VIOLATED)


    Net: u_div/u_exact_div/n742

    max_fanout             4.00
  - Fanout                 5.00
  ------------------------------
    Slack                 -1.00  (VIOLATED)


    Net: u_div/u_exact_div/n743

    max_fanout             4.00
  - Fanout                 5.00
  ------------------------------
    Slack                 -1.00  (VIOLATED)


    Net: u_div/u_exact_div/n744

    max_fanout             4.00
  - Fanout                 5.00
  ------------------------------
    Slack                 -1.00  (VIOLATED)


    Net: u_div/u_exact_div/n745

    max_fanout             4.00
  - Fanout                 5.00
  ------------------------------
    Slack                 -1.00  (VIOLATED)


    Net: u_div/u_exact_div/n746

    max_fanout             4.00
  - Fanout                 5.00
  ------------------------------
    Slack                 -1.00  (VIOLATED)


    Net: u_div/u_exact_div/n747

    max_fanout             4.00
  - Fanout                 5.00
  ------------------------------
    Slack                 -1.00  (VIOLATED)


    Net: u_div/u_exact_div/n749

    max_fanout             4.00
  - Fanout                 5.00
  ------------------------------
    Slack                 -1.00  (VIOLATED)


    Net: u_div/u_exact_div/n750

    max_fanout             4.00
  - Fanout                 5.00
  ------------------------------
    Slack                 -1.00  (VIOLATED)


    Net: u_div/u_exact_div/n751

    max_fanout             4.00
  - Fanout                 5.00
  ------------------------------
    Slack                 -1.00  (VIOLATED)


    Net: u_div/u_exact_div/n752

    max_fanout             4.00
  - Fanout                 5.00
  ------------------------------
    Slack                 -1.00  (VIOLATED)


    Net: u_div/u_exact_div/n757

    max_fanout             4.00
  - Fanout                 5.00
  ------------------------------
    Slack                 -1.00  (VIOLATED)


    Net: u_div/u_exact_div/n762

    max_fanout             4.00
  - Fanout                 5.00
  ------------------------------
    Slack                 -1.00  (VIOLATED)


    Net: u_div/u_exact_div/n769

    max_fanout             4.00
  - Fanout                 5.00
  ------------------------------
    Slack                 -1.00  (VIOLATED)


    Net: u_div/u_exact_div/n776

    max_fanout             4.00
  - Fanout                 5.00
  ------------------------------
    Slack                 -1.00  (VIOLATED)


    Net: u_div/u_exact_div/n999

    max_fanout             4.00
  - Fanout                 5.00
  ------------------------------
    Slack                 -1.00  (VIOLATED)


    Net: u_div/u_exact_div/n1000

    max_fanout             4.00
  - Fanout                 5.00
  ------------------------------
    Slack                 -1.00  (VIOLATED)


    Net: u_div/u_exact_div/n1013

    max_fanout             4.00
  - Fanout                 5.00
  ------------------------------
    Slack                 -1.00  (VIOLATED)


    Net: u_div/u_exact_div/n1017

    max_fanout             4.00
  - Fanout                 5.00
  ------------------------------
    Slack                 -1.00  (VIOLATED)


    Net: u_div/u_exact_div/n1021

    max_fanout             4.00
  - Fanout                 5.00
  ------------------------------
    Slack                 -1.00  (VIOLATED)


    Net: u_div/u_exact_div/n1025

    max_fanout             4.00
  - Fanout                 5.00
  ------------------------------
    Slack                 -1.00  (VIOLATED)


    Net: u_div/u_exact_div/n1035

    max_fanout             4.00
  - Fanout                 5.00
  ------------------------------
    Slack                 -1.00  (VIOLATED)


    Net: u_div/u_exact_div/n1040

    max_fanout             4.00
  - Fanout                 5.00
  ------------------------------
    Slack                 -1.00  (VIOLATED)


    Net: u_div/u_exact_div/n1041

    max_fanout             4.00
  - Fanout                 5.00
  ------------------------------
    Slack                 -1.00  (VIOLATED)


    Net: u_div/u_exact_div/n1042

    max_fanout             4.00
  - Fanout                 5.00
  ------------------------------
    Slack                 -1.00  (VIOLATED)


    Net: u_div/u_exact_div/n1043

    max_fanout             4.00
  - Fanout                 5.00
  ------------------------------
    Slack                 -1.00  (VIOLATED)


    Net: u_div/u_exact_div/n1044

    max_fanout             4.00
  - Fanout                 5.00
  ------------------------------
    Slack                 -1.00  (VIOLATED)


    Net: u_div/u_exact_div/n1046

    max_fanout             4.00
  - Fanout                 5.00
  ------------------------------
    Slack                 -1.00  (VIOLATED)


    Net: u_div/u_exact_div/n1047

    max_fanout             4.00
  - Fanout                 5.00
  ------------------------------
    Slack                 -1.00  (VIOLATED)


    Net: u_div/u_exact_div/n1050

    max_fanout             4.00
  - Fanout                 5.00
  ------------------------------
    Slack                 -1.00  (VIOLATED)


    Net: u_div/u_exact_div/n1051

    max_fanout             4.00
  - Fanout                 5.00
  ------------------------------
    Slack                 -1.00  (VIOLATED)


    Net: u_div/u_exact_div/n1052

    max_fanout             4.00
  - Fanout                 5.00
  ------------------------------
    Slack                 -1.00  (VIOLATED)


    Net: u_div/u_exact_div/n1053

    max_fanout             4.00
  - Fanout                 5.00
  ------------------------------
    Slack                 -1.00  (VIOLATED)


    Net: u_div/u_exact_div/n1054

    max_fanout             4.00
  - Fanout                 5.00
  ------------------------------
    Slack                 -1.00  (VIOLATED)


    Net: u_div/u_exact_div/n1055

    max_fanout             4.00
  - Fanout                 5.00
  ------------------------------
    Slack                 -1.00  (VIOLATED)


    Net: u_div/u_exact_div/n1056

    max_fanout             4.00
  - Fanout                 5.00
  ------------------------------
    Slack                 -1.00  (VIOLATED)


    Net: u_div/u_exact_div/n1057

    max_fanout             4.00
  - Fanout                 5.00
  ------------------------------
    Slack                 -1.00  (VIOLATED)


    Net: u_div/u_exact_div/n1059

    max_fanout             4.00
  - Fanout                 5.00
  ------------------------------
    Slack                 -1.00  (VIOLATED)


    Net: u_div/u_exact_div/n1060

    max_fanout             4.00
  - Fanout                 5.00
  ------------------------------
    Slack                 -1.00  (VIOLATED)


    Net: u_div/u_exact_div/n1061

    max_fanout             4.00
  - Fanout                 5.00
  ------------------------------
    Slack                 -1.00  (VIOLATED)


    Net: u_div/u_exact_div/n1062

    max_fanout             4.00
  - Fanout                 5.00
  ------------------------------
    Slack                 -1.00  (VIOLATED)


    Net: u_div/u_exact_div/n1064

    max_fanout             4.00
  - Fanout                 5.00
  ------------------------------
    Slack                 -1.00  (VIOLATED)


    Net: u_div/u_exact_div/n1065

    max_fanout             4.00
  - Fanout                 5.00
  ------------------------------
    Slack                 -1.00  (VIOLATED)


    Net: u_div/u_exact_div/n1066

    max_fanout             4.00
  - Fanout                 5.00
  ------------------------------
    Slack                 -1.00  (VIOLATED)


    Net: u_div/u_exact_div/n1067

    max_fanout             4.00
  - Fanout                 5.00
  ------------------------------
    Slack                 -1.00  (VIOLATED)


    Net: u_div/u_exact_div/n1323

    max_fanout             4.00
  - Fanout                 5.00
  ------------------------------
    Slack                 -1.00  (VIOLATED)


    Net: u_div/u_exact_div/n1336

    max_fanout             4.00
  - Fanout                 5.00
  ------------------------------
    Slack                 -1.00  (VIOLATED)


    Net: u_div/u_exact_div/n1759

    max_fanout             4.00
  - Fanout                 5.00
  ------------------------------
    Slack                 -1.00  (VIOLATED)


    Net: u_div/u_exact_div/n2815

    max_fanout             4.00
  - Fanout                 5.00
  ------------------------------
    Slack                 -1.00  (VIOLATED)


    Net: u_div/u_exact_div/n3259

    max_fanout             4.00
  - Fanout                 5.00
  ------------------------------
    Slack                 -1.00  (VIOLATED)


    Net: u_div/u_exact_div/n3570

    max_fanout             4.00
  - Fanout                 5.00
  ------------------------------
    Slack                 -1.00  (VIOLATED)


    Net: u_div/u_exact_div/n3578

    max_fanout             4.00
  - Fanout                 5.00
  ------------------------------
    Slack                 -1.00  (VIOLATED)


    Net: u_div/u_exact_div/n3759

    max_fanout             4.00
  - Fanout                 5.00
  ------------------------------
    Slack                 -1.00  (VIOLATED)


    Net: u_div/u_exact_div/n3788

    max_fanout             4.00
  - Fanout                 5.00
  ------------------------------
    Slack                 -1.00  (VIOLATED)


    Net: u_div/u_exact_div/n3985

    max_fanout             4.00
  - Fanout                 5.00
  ------------------------------
    Slack                 -1.00  (VIOLATED)


    Net: u_div/u_exact_div/n4643

    max_fanout             4.00
  - Fanout                 5.00
  ------------------------------
    Slack                 -1.00  (VIOLATED)


    Net: u_div/u_exact_div/n4786

    max_fanout             4.00
  - Fanout                 5.00
  ------------------------------
    Slack                 -1.00  (VIOLATED)


    Net: u_div/u_exact_div/n4787

    max_fanout             4.00
  - Fanout                 5.00
  ------------------------------
    Slack                 -1.00  (VIOLATED)


    Net: u_div/u_exact_div/n4830

    max_fanout             4.00
  - Fanout                 5.00
  ------------------------------
    Slack                 -1.00  (VIOLATED)


    Net: u_div/u_exact_div/n4833

    max_fanout             4.00
  - Fanout                 5.00
  ------------------------------
    Slack                 -1.00  (VIOLATED)


    Net: u_div/u_exact_div/n4839

    max_fanout             4.00
  - Fanout                 5.00
  ------------------------------
    Slack                 -1.00  (VIOLATED)


    Net: u_div/u_exact_div/n4843

    max_fanout             4.00
  - Fanout                 5.00
  ------------------------------
    Slack                 -1.00  (VIOLATED)


    Net: u_div/u_exact_div/n4879

    max_fanout             4.00
  - Fanout                 5.00
  ------------------------------
    Slack                 -1.00  (VIOLATED)


    Net: u_div/u_exact_div/n4880

    max_fanout             4.00
  - Fanout                 5.00
  ------------------------------
    Slack                 -1.00  (VIOLATED)


    Net: u_div/u_exact_div/n4946

    max_fanout             4.00
  - Fanout                 5.00
  ------------------------------
    Slack                 -1.00  (VIOLATED)


    Net: u_div/u_exact_div/n5138

    max_fanout             4.00
  - Fanout                 5.00
  ------------------------------
    Slack                 -1.00  (VIOLATED)


    Net: u_div/u_exact_div/n5188

    max_fanout             4.00
  - Fanout                 5.00
  ------------------------------
    Slack                 -1.00  (VIOLATED)


    Net: u_div/u_exact_div/n5189

    max_fanout             4.00
  - Fanout                 5.00
  ------------------------------
    Slack                 -1.00  (VIOLATED)


    Net: u_div/u_exact_div/n5274

    max_fanout             4.00
  - Fanout                 5.00
  ------------------------------
    Slack                 -1.00  (VIOLATED)


    Net: u_div/u_exact_div/n5382

    max_fanout             4.00
  - Fanout                 5.00
  ------------------------------
    Slack                 -1.00  (VIOLATED)


    Net: u_div/u_exact_div/n5570

    max_fanout             4.00
  - Fanout                 5.00
  ------------------------------
    Slack                 -1.00  (VIOLATED)


    Net: u_div/u_exact_div/n5635

    max_fanout             4.00
  - Fanout                 5.00
  ------------------------------
    Slack                 -1.00  (VIOLATED)


    Net: u_div/u_exact_div/n5733

    max_fanout             4.00
  - Fanout                 5.00
  ------------------------------
    Slack                 -1.00  (VIOLATED)


    Net: u_div/u_exact_div/n5842

    max_fanout             4.00
  - Fanout                 5.00
  ------------------------------
    Slack                 -1.00  (VIOLATED)


    Net: u_div/u_exact_div/n5868

    max_fanout             4.00
  - Fanout                 5.00
  ------------------------------
    Slack                 -1.00  (VIOLATED)


    Net: u_div/u_exact_div/n5956

    max_fanout             4.00
  - Fanout                 5.00
  ------------------------------
    Slack                 -1.00  (VIOLATED)


    Net: u_div/u_exact_div/n5982

    max_fanout             4.00
  - Fanout                 5.00
  ------------------------------
    Slack                 -1.00  (VIOLATED)


    Net: u_div/u_exact_div/n5983

    max_fanout             4.00
  - Fanout                 5.00
  ------------------------------
    Slack                 -1.00  (VIOLATED)


    Net: u_div/u_exact_div/n6076

    max_fanout             4.00
  - Fanout                 5.00
  ------------------------------
    Slack                 -1.00  (VIOLATED)


    Net: u_div/u_exact_div/n6101

    max_fanout             4.00
  - Fanout                 5.00
  ------------------------------
    Slack                 -1.00  (VIOLATED)


    Net: u_div/u_exact_div/n6257

    max_fanout             4.00
  - Fanout                 5.00
  ------------------------------
    Slack                 -1.00  (VIOLATED)


    Net: u_div/u_exact_div/n6258

    max_fanout             4.00
  - Fanout                 5.00
  ------------------------------
    Slack                 -1.00  (VIOLATED)


    Net: u_div/u_exact_div/n6320

    max_fanout             4.00
  - Fanout                 5.00
  ------------------------------
    Slack                 -1.00  (VIOLATED)


    Net: u_div/u_exact_div/n6466

    max_fanout             4.00
  - Fanout                 5.00
  ------------------------------
    Slack                 -1.00  (VIOLATED)


    Net: u_div/u_exact_div/n6551

    max_fanout             4.00
  - Fanout                 5.00
  ------------------------------
    Slack                 -1.00  (VIOLATED)


    Net: u_div/u_exact_div/n6786

    max_fanout             4.00
  - Fanout                 5.00
  ------------------------------
    Slack                 -1.00  (VIOLATED)


    Net: u_div/u_exact_div/n6995

    max_fanout             4.00
  - Fanout                 5.00
  ------------------------------
    Slack                 -1.00  (VIOLATED)


    Net: u_div/u_exact_div/n7159

    max_fanout             4.00
  - Fanout                 5.00
  ------------------------------
    Slack                 -1.00  (VIOLATED)


    Net: u_div/u_exact_div/n7406

    max_fanout             4.00
  - Fanout                 5.00
  ------------------------------
    Slack                 -1.00  (VIOLATED)


    Net: u_div/u_exact_div/n7532

    max_fanout             4.00
  - Fanout                 5.00
  ------------------------------
    Slack                 -1.00  (VIOLATED)


    Net: u_div/u_exact_div/n7546

    max_fanout             4.00
  - Fanout                 5.00
  ------------------------------
    Slack                 -1.00  (VIOLATED)


    Net: u_div/u_exact_div/n7589

    max_fanout             4.00
  - Fanout                 5.00
  ------------------------------
    Slack                 -1.00  (VIOLATED)


    Net: u_div/u_exact_div/n7700

    max_fanout             4.00
  - Fanout                 5.00
  ------------------------------
    Slack                 -1.00  (VIOLATED)


    Net: u_div/u_exact_div/n7722

    max_fanout             4.00
  - Fanout                 5.00
  ------------------------------
    Slack                 -1.00  (VIOLATED)


    Net: u_div/u_exact_div/n7739

    max_fanout             4.00
  - Fanout                 5.00
  ------------------------------
    Slack                 -1.00  (VIOLATED)


    Net: u_div/u_exact_div/n7777

    max_fanout             4.00
  - Fanout                 5.00
  ------------------------------
    Slack                 -1.00  (VIOLATED)


    Net: u_div/u_exact_div/n7884

    max_fanout             4.00
  - Fanout                 5.00
  ------------------------------
    Slack                 -1.00  (VIOLATED)


    Net: u_div/u_exact_div/n7900

    max_fanout             4.00
  - Fanout                 5.00
  ------------------------------
    Slack                 -1.00  (VIOLATED)


    Net: u_div/u_exact_div/n7940

    max_fanout             4.00
  - Fanout                 5.00
  ------------------------------
    Slack                 -1.00  (VIOLATED)


    Net: u_div/u_exact_div/n7992

    max_fanout             4.00
  - Fanout                 5.00
  ------------------------------
    Slack                 -1.00  (VIOLATED)


    Net: u_div/u_exact_div/n8205

    max_fanout             4.00
  - Fanout                 5.00
  ------------------------------
    Slack                 -1.00  (VIOLATED)


    Net: u_div/u_exact_div/n8272

    max_fanout             4.00
  - Fanout                 5.00
  ------------------------------
    Slack                 -1.00  (VIOLATED)


    Net: u_div/u_exact_div/n8347

    max_fanout             4.00
  - Fanout                 5.00
  ------------------------------
    Slack                 -1.00  (VIOLATED)


    Net: u_div/u_exact_div/n8351

    max_fanout             4.00
  - Fanout                 5.00
  ------------------------------
    Slack                 -1.00  (VIOLATED)


    Net: u_div/u_exact_div/n8540

    max_fanout             4.00
  - Fanout                 5.00
  ------------------------------
    Slack                 -1.00  (VIOLATED)


    Net: u_div/u_exact_div/n8607

    max_fanout             4.00
  - Fanout                 5.00
  ------------------------------
    Slack                 -1.00  (VIOLATED)


    Net: u_div/u_exact_div/n8680

    max_fanout             4.00
  - Fanout                 5.00
  ------------------------------
    Slack                 -1.00  (VIOLATED)


    Net: u_div/u_exact_div/n8699

    max_fanout             4.00
  - Fanout                 5.00
  ------------------------------
    Slack                 -1.00  (VIOLATED)


    Net: u_div/u_exact_div/n8701

    max_fanout             4.00
  - Fanout                 5.00
  ------------------------------
    Slack                 -1.00  (VIOLATED)


    Net: u_div/u_exact_div/n8703

    max_fanout             4.00
  - Fanout                 5.00
  ------------------------------
    Slack                 -1.00  (VIOLATED)


    Net: u_div/u_exact_div/n8712

    max_fanout             4.00
  - Fanout                 5.00
  ------------------------------
    Slack                 -1.00  (VIOLATED)


    Net: u_div/u_exact_div/n8727

    max_fanout             4.00
  - Fanout                 5.00
  ------------------------------
    Slack                 -1.00  (VIOLATED)


    Net: u_div/u_exact_div/n8752

    max_fanout             4.00
  - Fanout                 5.00
  ------------------------------
    Slack                 -1.00  (VIOLATED)


    Net: u_div/u_exact_div/n8764

    max_fanout             4.00
  - Fanout                 5.00
  ------------------------------
    Slack                 -1.00  (VIOLATED)


    Net: u_div/u_exact_div/n8765

    max_fanout             4.00
  - Fanout                 5.00
  ------------------------------
    Slack                 -1.00  (VIOLATED)


    Net: u_div/u_exact_div/n8773

    max_fanout             4.00
  - Fanout                 5.00
  ------------------------------
    Slack                 -1.00  (VIOLATED)


    Net: u_div/u_exact_div/n8784

    max_fanout             4.00
  - Fanout                 5.00
  ------------------------------
    Slack                 -1.00  (VIOLATED)


    Net: u_div/u_exact_div/n8811

    max_fanout             4.00
  - Fanout                 5.00
  ------------------------------
    Slack                 -1.00  (VIOLATED)


    Net: u_div/u_exact_div/n8852

    max_fanout             4.00
  - Fanout                 5.00
  ------------------------------
    Slack                 -1.00  (VIOLATED)


    Net: u_div/u_exact_div/n8859

    max_fanout             4.00
  - Fanout                 5.00
  ------------------------------
    Slack                 -1.00  (VIOLATED)


    Net: u_div/u_exact_div/n8860

    max_fanout             4.00
  - Fanout                 5.00
  ------------------------------
    Slack                 -1.00  (VIOLATED)


    Net: u_div/u_exact_div/n8925

    max_fanout             4.00
  - Fanout                 5.00
  ------------------------------
    Slack                 -1.00  (VIOLATED)


    Net: u_div/u_exact_div/n8926

    max_fanout             4.00
  - Fanout                 5.00
  ------------------------------
    Slack                 -1.00  (VIOLATED)


    Net: u_div/u_exact_div/n9010

    max_fanout             4.00
  - Fanout                 5.00
  ------------------------------
    Slack                 -1.00  (VIOLATED)


    Net: u_div/u_exact_div/n9027

    max_fanout             4.00
  - Fanout                 5.00
  ------------------------------
    Slack                 -1.00  (VIOLATED)


    Net: u_div/u_exact_div/n9036

    max_fanout             4.00
  - Fanout                 5.00
  ------------------------------
    Slack                 -1.00  (VIOLATED)


    Net: u_div/u_exact_div/n9050

    max_fanout             4.00
  - Fanout                 5.00
  ------------------------------
    Slack                 -1.00  (VIOLATED)


    Net: u_div/u_exact_div/n9064

    max_fanout             4.00
  - Fanout                 5.00
  ------------------------------
    Slack                 -1.00  (VIOLATED)


    Net: u_div/u_exact_div/n9069

    max_fanout             4.00
  - Fanout                 5.00
  ------------------------------
    Slack                 -1.00  (VIOLATED)


    Net: u_div/u_exact_div/n9084

    max_fanout             4.00
  - Fanout                 5.00
  ------------------------------
    Slack                 -1.00  (VIOLATED)


    Net: u_div/u_exact_div/n9828

    max_fanout             4.00
  - Fanout                 5.00
  ------------------------------
    Slack                 -1.00  (VIOLATED)


    Net: u_div/u_exact_div/n9889

    max_fanout             4.00
  - Fanout                 5.00
  ------------------------------
    Slack                 -1.00  (VIOLATED)


    Net: u_div/u_exact_div/n9997

    max_fanout             4.00
  - Fanout                 5.00
  ------------------------------
    Slack                 -1.00  (VIOLATED)


    Net: u_div/u_exact_div/n10067

    max_fanout             4.00
  - Fanout                 5.00
  ------------------------------
    Slack                 -1.00  (VIOLATED)


    Net: u_div/u_exact_div/n10111

    max_fanout             4.00
  - Fanout                 5.00
  ------------------------------
    Slack                 -1.00  (VIOLATED)


    Net: u_div/u_exact_div/n10168

    max_fanout             4.00
  - Fanout                 5.00
  ------------------------------
    Slack                 -1.00  (VIOLATED)


    Net: u_div/u_exact_div/n10189

    max_fanout             4.00
  - Fanout                 5.00
  ------------------------------
    Slack                 -1.00  (VIOLATED)


    Net: u_div/u_exact_div/n10230

    max_fanout             4.00
  - Fanout                 5.00
  ------------------------------
    Slack                 -1.00  (VIOLATED)


    Net: u_div/u_exact_div/n10267

    max_fanout             4.00
  - Fanout                 5.00
  ------------------------------
    Slack                 -1.00  (VIOLATED)


    Net: u_div/u_exact_div/n10382

    max_fanout             4.00
  - Fanout                 5.00
  ------------------------------
    Slack                 -1.00  (VIOLATED)


    Net: u_div/u_exact_div/n10435

    max_fanout             4.00
  - Fanout                 5.00
  ------------------------------
    Slack                 -1.00  (VIOLATED)


    Net: u_div/u_exact_div/n10455

    max_fanout             4.00
  - Fanout                 5.00
  ------------------------------
    Slack                 -1.00  (VIOLATED)


    Net: u_div/u_exact_div/n10458

    max_fanout             4.00
  - Fanout                 5.00
  ------------------------------
    Slack                 -1.00  (VIOLATED)


    Net: u_div/u_exact_div/n10460

    max_fanout             4.00
  - Fanout                 5.00
  ------------------------------
    Slack                 -1.00  (VIOLATED)


    Net: u_div/u_exact_div/n10464

    max_fanout             4.00
  - Fanout                 5.00
  ------------------------------
    Slack                 -1.00  (VIOLATED)


    Net: u_div/u_exact_div/n10470

    max_fanout             4.00
  - Fanout                 5.00
  ------------------------------
    Slack                 -1.00  (VIOLATED)


    Net: u_div/u_exact_div/n10474

    max_fanout             4.00
  - Fanout                 5.00
  ------------------------------
    Slack                 -1.00  (VIOLATED)


    Net: u_div/u_exact_div/n10487

    max_fanout             4.00
  - Fanout                 5.00
  ------------------------------
    Slack                 -1.00  (VIOLATED)


    Net: u_div/u_exact_div/n10504

    max_fanout             4.00
  - Fanout                 5.00
  ------------------------------
    Slack                 -1.00  (VIOLATED)


    Net: u_div/u_exact_div/n10515

    max_fanout             4.00
  - Fanout                 5.00
  ------------------------------
    Slack                 -1.00  (VIOLATED)


    Net: u_div/u_exact_div/n10539

    max_fanout             4.00
  - Fanout                 5.00
  ------------------------------
    Slack                 -1.00  (VIOLATED)


    Net: u_div/u_exact_div/n10541

    max_fanout             4.00
  - Fanout                 5.00
  ------------------------------
    Slack                 -1.00  (VIOLATED)


    Net: u_div/u_exact_div/n10591

    max_fanout             4.00
  - Fanout                 5.00
  ------------------------------
    Slack                 -1.00  (VIOLATED)


    Net: u_div/u_exact_div/n10607

    max_fanout             4.00
  - Fanout                 5.00
  ------------------------------
    Slack                 -1.00  (VIOLATED)


    Net: u_div/u_exact_div/n10608

    max_fanout             4.00
  - Fanout                 5.00
  ------------------------------
    Slack                 -1.00  (VIOLATED)


    Net: u_div/u_exact_div/n10621

    max_fanout             4.00
  - Fanout                 5.00
  ------------------------------
    Slack                 -1.00  (VIOLATED)


    Net: u_div/u_exact_div/n10633

    max_fanout             4.00
  - Fanout                 5.00
  ------------------------------
    Slack                 -1.00  (VIOLATED)


    Net: u_div/u_exact_div/n10642

    max_fanout             4.00
  - Fanout                 5.00
  ------------------------------
    Slack                 -1.00  (VIOLATED)


    Net: u_div/u_exact_div/n10644

    max_fanout             4.00
  - Fanout                 5.00
  ------------------------------
    Slack                 -1.00  (VIOLATED)


    Net: u_div/u_exact_div/n10645

    max_fanout             4.00
  - Fanout                 5.00
  ------------------------------
    Slack                 -1.00  (VIOLATED)


    Net: u_div/u_exact_div/n10646

    max_fanout             4.00
  - Fanout                 5.00
  ------------------------------
    Slack                 -1.00  (VIOLATED)


    Net: u_div/u_exact_div/n10648

    max_fanout             4.00
  - Fanout                 5.00
  ------------------------------
    Slack                 -1.00  (VIOLATED)


    Net: u_div/u_exact_div/n10665

    max_fanout             4.00
  - Fanout                 5.00
  ------------------------------
    Slack                 -1.00  (VIOLATED)


    Net: u_mul/u_exact_mul/n131

    max_fanout             4.00
  - Fanout                 5.00
  ------------------------------
    Slack                 -1.00  (VIOLATED)


    Net: u_mul/u_exact_mul/n143

    max_fanout             4.00
  - Fanout                 5.00
  ------------------------------
    Slack                 -1.00  (VIOLATED)


    Net: u_mul/u_exact_mul/n146

    max_fanout             4.00
  - Fanout                 5.00
  ------------------------------
    Slack                 -1.00  (VIOLATED)


    Net: u_mul/u_exact_mul/n184

    max_fanout             4.00
  - Fanout                 5.00
  ------------------------------
    Slack                 -1.00  (VIOLATED)


    Net: u_mul/u_exact_mul/n224

    max_fanout             4.00
  - Fanout                 5.00
  ------------------------------
    Slack                 -1.00  (VIOLATED)


    Net: u_mul/u_exact_mul/n234

    max_fanout             4.00
  - Fanout                 5.00
  ------------------------------
    Slack                 -1.00  (VIOLATED)


    Net: u_mul/u_exact_mul/n239

    max_fanout             4.00
  - Fanout                 5.00
  ------------------------------
    Slack                 -1.00  (VIOLATED)


    Net: u_mul/u_exact_mul/n244

    max_fanout             4.00
  - Fanout                 5.00
  ------------------------------
    Slack                 -1.00  (VIOLATED)


    Net: u_mul/u_exact_mul/n249

    max_fanout             4.00
  - Fanout                 5.00
  ------------------------------
    Slack                 -1.00  (VIOLATED)


    Net: u_mul/u_exact_mul/n254

    max_fanout             4.00
  - Fanout                 5.00
  ------------------------------
    Slack                 -1.00  (VIOLATED)


    Net: u_mul/u_exact_mul/n259

    max_fanout             4.00
  - Fanout                 5.00
  ------------------------------
    Slack                 -1.00  (VIOLATED)


    Net: u_mul/u_exact_mul/n264

    max_fanout             4.00
  - Fanout                 5.00
  ------------------------------
    Slack                 -1.00  (VIOLATED)


    Net: u_mul/u_exact_mul/n268

    max_fanout             4.00
  - Fanout                 5.00
  ------------------------------
    Slack                 -1.00  (VIOLATED)


    Net: u_mul/u_exact_mul/n269

    max_fanout             4.00
  - Fanout                 5.00
  ------------------------------
    Slack                 -1.00  (VIOLATED)


    Net: u_mul/u_exact_mul/n272

    max_fanout             4.00
  - Fanout                 5.00
  ------------------------------
    Slack                 -1.00  (VIOLATED)


    Net: u_mul/u_exact_mul/n273

    max_fanout             4.00
  - Fanout                 5.00
  ------------------------------
    Slack                 -1.00  (VIOLATED)


    Net: u_mul/u_exact_mul/n277

    max_fanout             4.00
  - Fanout                 5.00
  ------------------------------
    Slack                 -1.00  (VIOLATED)


    Net: u_mul/u_exact_mul/n278

    max_fanout             4.00
  - Fanout                 5.00
  ------------------------------
    Slack                 -1.00  (VIOLATED)


    Net: u_mul/u_exact_mul/n282

    max_fanout             4.00
  - Fanout                 5.00
  ------------------------------
    Slack                 -1.00  (VIOLATED)


    Net: u_mul/u_exact_mul/n283

    max_fanout             4.00
  - Fanout                 5.00
  ------------------------------
    Slack                 -1.00  (VIOLATED)


    Net: u_mul/u_exact_mul/n284

    max_fanout             4.00
  - Fanout                 5.00
  ------------------------------
    Slack                 -1.00  (VIOLATED)


    Net: u_mul/u_exact_mul/n286

    max_fanout             4.00
  - Fanout                 5.00
  ------------------------------
    Slack                 -1.00  (VIOLATED)


    Net: u_mul/u_exact_mul/n287

    max_fanout             4.00
  - Fanout                 5.00
  ------------------------------
    Slack                 -1.00  (VIOLATED)


    Net: u_mul/u_exact_mul/n288

    max_fanout             4.00
  - Fanout                 5.00
  ------------------------------
    Slack                 -1.00  (VIOLATED)


    Net: u_mul/u_exact_mul/n290

    max_fanout             4.00
  - Fanout                 5.00
  ------------------------------
    Slack                 -1.00  (VIOLATED)


    Net: u_mul/u_exact_mul/n291

    max_fanout             4.00
  - Fanout                 5.00
  ------------------------------
    Slack                 -1.00  (VIOLATED)


    Net: u_mul/u_exact_mul/n292

    max_fanout             4.00
  - Fanout                 5.00
  ------------------------------
    Slack                 -1.00  (VIOLATED)


    Net: u_mul/u_exact_mul/n293

    max_fanout             4.00
  - Fanout                 5.00
  ------------------------------
    Slack                 -1.00  (VIOLATED)


    Net: u_mul/u_exact_mul/n295

    max_fanout             4.00
  - Fanout                 5.00
  ------------------------------
    Slack                 -1.00  (VIOLATED)


    Net: u_mul/u_exact_mul/n298

    max_fanout             4.00
  - Fanout                 5.00
  ------------------------------
    Slack                 -1.00  (VIOLATED)


    Net: u_mul/u_exact_mul/n299

    max_fanout             4.00
  - Fanout                 5.00
  ------------------------------
    Slack                 -1.00  (VIOLATED)


    Net: u_mul/u_exact_mul/n303

    max_fanout             4.00
  - Fanout                 5.00
  ------------------------------
    Slack                 -1.00  (VIOLATED)


    Net: u_mul/u_exact_mul/n304

    max_fanout             4.00
  - Fanout                 5.00
  ------------------------------
    Slack                 -1.00  (VIOLATED)


    Net: u_mul/u_exact_mul/n305

    max_fanout             4.00
  - Fanout                 5.00
  ------------------------------
    Slack                 -1.00  (VIOLATED)


    Net: u_mul/u_exact_mul/n308

    max_fanout             4.00
  - Fanout                 5.00
  ------------------------------
    Slack                 -1.00  (VIOLATED)


    Net: u_mul/u_exact_mul/n310

    max_fanout             4.00
  - Fanout                 5.00
  ------------------------------
    Slack                 -1.00  (VIOLATED)


    Net: u_mul/u_exact_mul/n311

    max_fanout             4.00
  - Fanout                 5.00
  ------------------------------
    Slack                 -1.00  (VIOLATED)


    Net: u_mul/u_exact_mul/n313

    max_fanout             4.00
  - Fanout                 5.00
  ------------------------------
    Slack                 -1.00  (VIOLATED)


    Net: u_mul/u_exact_mul/n314

    max_fanout             4.00
  - Fanout                 5.00
  ------------------------------
    Slack                 -1.00  (VIOLATED)


    Net: u_mul/u_exact_mul/n315

    max_fanout             4.00
  - Fanout                 5.00
  ------------------------------
    Slack                 -1.00  (VIOLATED)


    Net: u_mul/u_exact_mul/n317

    max_fanout             4.00
  - Fanout                 5.00
  ------------------------------
    Slack                 -1.00  (VIOLATED)


    Net: u_mul/u_exact_mul/n325

    max_fanout             4.00
  - Fanout                 5.00
  ------------------------------
    Slack                 -1.00  (VIOLATED)


    Net: u_mul/u_exact_mul/n350

    max_fanout             4.00
  - Fanout                 5.00
  ------------------------------
    Slack                 -1.00  (VIOLATED)


    Net: u_mul/u_exact_mul/n364

    max_fanout             4.00
  - Fanout                 5.00
  ------------------------------
    Slack                 -1.00  (VIOLATED)


    Net: u_mul/u_exact_mul/n366

    max_fanout             4.00
  - Fanout                 5.00
  ------------------------------
    Slack                 -1.00  (VIOLATED)


    Net: u_mul/u_exact_mul/n368

    max_fanout             4.00
  - Fanout                 5.00
  ------------------------------
    Slack                 -1.00  (VIOLATED)


    Net: u_mul/u_exact_mul/n385

    max_fanout             4.00
  - Fanout                 5.00
  ------------------------------
    Slack                 -1.00  (VIOLATED)


    Net: u_mul/u_exact_mul/n387

    max_fanout             4.00
  - Fanout                 5.00
  ------------------------------
    Slack                 -1.00  (VIOLATED)


    Net: u_mul/u_exact_mul/n544

    max_fanout             4.00
  - Fanout                 5.00
  ------------------------------
    Slack                 -1.00  (VIOLATED)


    Net: u_mul/u_exact_mul/n954

    max_fanout             4.00
  - Fanout                 5.00
  ------------------------------
    Slack                 -1.00  (VIOLATED)


    Net: u_mul/u_exact_mul/n957

    max_fanout             4.00
  - Fanout                 5.00
  ------------------------------
    Slack                 -1.00  (VIOLATED)


    Net: u_mul/u_exact_mul/n1279

    max_fanout             4.00
  - Fanout                 5.00
  ------------------------------
    Slack                 -1.00  (VIOLATED)


    Net: u_mul/u_exact_mul/n1282

    max_fanout             4.00
  - Fanout                 5.00
  ------------------------------
    Slack                 -1.00  (VIOLATED)


    Net: u_mul/u_exact_mul/n1442

    max_fanout             4.00
  - Fanout                 5.00
  ------------------------------
    Slack                 -1.00  (VIOLATED)


1
 
****************************************
Report : timing
        -path full
        -delay max
        -nworst 20
        -max_paths 20
Design : exact_fp32_divmul_7stage
Version: U-2022.12-SP7
Date   : Fri Aug 14 02:48:57 2026
****************************************

 # A fanout number of 1000 was used for high fanout net computations.

Operating Conditions: NCCOM   Library: tcbn65gplustc_ccs
Wire Load Model Mode: segmented

  Startpoint: u_div/u_exact_div/U_fp_div/DP_OP_117_124_3084/R_0_clk_r_REG653_S2
              (rising edge-triggered flip-flop clocked by clk)
  Endpoint: u_div/u_exact_div/U_fp_div/DP_OP_117_124_3084/clk_r_REG279_S3
            (rising edge-triggered flip-flop clocked by clk)
  Path Group: clk
  Path Type: max

  Des/Clust/Port     Wire Load Model       Library
  ------------------------------------------------
  exact_fp32_div_7stage_DW_lp_piped_fp_div_J1_0
                     ZeroWireload          tcbn65gplustc_ccs
  exact_fp32_mul_7stage_DW_lp_piped_fp_mult_J1_0
                     ZeroWireload          tcbn65gplustc_ccs
  exact_fp32_div_7stage
                     ZeroWireload          tcbn65gplustc_ccs
  exact_fp32_divmul_7stage
                     ZeroWireload          tcbn65gplustc_ccs
  exact_fp32_mul_7stage
                     ZeroWireload          tcbn65gplustc_ccs

  Point                                                   Incr       Path
  --------------------------------------------------------------------------
  clock clk (rise edge)                                   0.00       0.00
  clock network delay (ideal)                             0.00       0.00
  u_div/u_exact_div/U_fp_div/DP_OP_117_124_3084/R_0_clk_r_REG653_S2/CP (DFQD4)
                                                          0.00 #     0.00 r
  u_div/u_exact_div/U_fp_div/DP_OP_117_124_3084/R_0_clk_r_REG653_S2/Q (DFQD4)
                                                          0.09       0.09 f
  u_div/u_exact_div/U55/Z (CKBD1)                         0.03       0.12 f
  u_div/u_exact_div/U4784/ZN (INVD1)                      0.04       0.16 r
  u_div/u_exact_div/U4832/ZN (XNR2D1)                     0.06       0.22 f
  u_div/u_exact_div/U4841/ZN (OAI22D1)                    0.05       0.27 r
  u_div/u_exact_div/U4849/ZN (IOA21D1)                    0.02       0.29 f
  u_div/u_exact_div/U4850/ZN (IOA21D1)                    0.02       0.32 r
  u_div/u_exact_div/U4852/Z (XOR3D1)                      0.10       0.42 r
  u_div/u_exact_div/U4853/ZN (XNR3D1)                     0.08       0.50 f
  u_div/u_exact_div/U4854/ZN (INVD1)                      0.02       0.52 r
  u_div/u_exact_div/U4883/Z (CKXOR2D1)                    0.05       0.57 f
  u_div/u_exact_div/U4904/ZN (XNR2D1)                     0.06       0.63 r
  u_div/u_exact_div/U4109/ZN (XNR2D1)                     0.05       0.69 f
  u_div/u_exact_div/U623/ZN (INVD0)                       0.04       0.72 r
  u_div/u_exact_div/U4197/Z (AN2XD1)                      0.04       0.76 r
  u_div/u_exact_div/U20/Z (BUFFD1)                        0.04       0.80 r
  u_div/u_exact_div/U5852/ZN (INVD1)                      0.02       0.82 f
  u_div/u_exact_div/U5853/ZN (OAI22D1)                    0.05       0.87 r
  u_div/u_exact_div/U5941/Z (CKXOR2D1)                    0.07       0.94 r
  u_div/u_exact_div/U5942/Z (XOR2D0)                      0.07       1.01 f
  u_div/u_exact_div/U5943/ZN (INVD1)                      0.02       1.03 r
  u_div/u_exact_div/U14/ZN (XNR3D0)                       0.12       1.15 r
  u_div/u_exact_div/U919/ZN (MAOI222D1)                   0.06       1.20 f
  u_div/u_exact_div/U6059/ZN (MAOI222D0)                  0.10       1.30 r
  u_div/u_exact_div/U6060/ZN (INVD1)                      0.02       1.32 f
  u_div/u_exact_div/U6071/Z (CKXOR2D1)                    0.05       1.37 r
  u_div/u_exact_div/U6072/Z (CKXOR2D1)                    0.07       1.43 r
  u_div/u_exact_div/U6073/Z (XOR3D1)                      0.06       1.49 r
  u_div/u_exact_div/U_fp_div/DP_OP_117_124_3084/clk_r_REG279_S3/D (DFQD1)
                                                          0.00       1.49 r
  data arrival time                                                  1.49

  clock clk (rise edge)                                   1.50       1.50
  clock network delay (ideal)                             0.00       1.50
  u_div/u_exact_div/U_fp_div/DP_OP_117_124_3084/clk_r_REG279_S3/CP (DFQD1)
                                                          0.00       1.50 r
  library setup time                                      0.00       1.50
  data required time                                                 1.50
  --------------------------------------------------------------------------
  data required time                                                 1.50
  data arrival time                                                 -1.49
  --------------------------------------------------------------------------
  slack (MET)                                                        0.00


  Startpoint: u_div/u_exact_div/U_fp_div/DP_OP_117_124_3084/R_0_clk_r_REG653_S2
              (rising edge-triggered flip-flop clocked by clk)
  Endpoint: u_div/u_exact_div/U_fp_div/DP_OP_117_124_3084/clk_r_REG279_S3
            (rising edge-triggered flip-flop clocked by clk)
  Path Group: clk
  Path Type: max

  Des/Clust/Port     Wire Load Model       Library
  ------------------------------------------------
  exact_fp32_div_7stage_DW_lp_piped_fp_div_J1_0
                     ZeroWireload          tcbn65gplustc_ccs
  exact_fp32_mul_7stage_DW_lp_piped_fp_mult_J1_0
                     ZeroWireload          tcbn65gplustc_ccs
  exact_fp32_div_7stage
                     ZeroWireload          tcbn65gplustc_ccs
  exact_fp32_divmul_7stage
                     ZeroWireload          tcbn65gplustc_ccs
  exact_fp32_mul_7stage
                     ZeroWireload          tcbn65gplustc_ccs

  Point                                                   Incr       Path
  --------------------------------------------------------------------------
  clock clk (rise edge)                                   0.00       0.00
  clock network delay (ideal)                             0.00       0.00
  u_div/u_exact_div/U_fp_div/DP_OP_117_124_3084/R_0_clk_r_REG653_S2/CP (DFQD4)
                                                          0.00 #     0.00 r
  u_div/u_exact_div/U_fp_div/DP_OP_117_124_3084/R_0_clk_r_REG653_S2/Q (DFQD4)
                                                          0.09       0.09 f
  u_div/u_exact_div/U55/Z (CKBD1)                         0.03       0.12 f
  u_div/u_exact_div/U4784/ZN (INVD1)                      0.04       0.16 r
  u_div/u_exact_div/U4832/ZN (XNR2D1)                     0.06       0.22 f
  u_div/u_exact_div/U4841/ZN (OAI22D1)                    0.05       0.27 r
  u_div/u_exact_div/U4849/ZN (IOA21D1)                    0.02       0.29 f
  u_div/u_exact_div/U4850/ZN (IOA21D1)                    0.02       0.32 r
  u_div/u_exact_div/U4852/Z (XOR3D1)                      0.10       0.42 r
  u_div/u_exact_div/U4853/ZN (XNR3D1)                     0.08       0.50 f
  u_div/u_exact_div/U4854/ZN (INVD1)                      0.02       0.52 r
  u_div/u_exact_div/U4883/Z (CKXOR2D1)                    0.05       0.57 f
  u_div/u_exact_div/U4904/ZN (XNR2D1)                     0.06       0.63 r
  u_div/u_exact_div/U4109/ZN (XNR2D1)                     0.05       0.69 f
  u_div/u_exact_div/U623/ZN (INVD0)                       0.04       0.72 r
  u_div/u_exact_div/U4197/Z (AN2XD1)                      0.04       0.76 r
  u_div/u_exact_div/U20/Z (BUFFD1)                        0.04       0.80 r
  u_div/u_exact_div/U5852/ZN (INVD1)                      0.02       0.82 f
  u_div/u_exact_div/U5853/ZN (OAI22D1)                    0.05       0.87 r
  u_div/u_exact_div/U5941/Z (CKXOR2D1)                    0.07       0.94 r
  u_div/u_exact_div/U5942/Z (XOR2D0)                      0.07       1.01 f
  u_div/u_exact_div/U5943/ZN (INVD1)                      0.02       1.03 r
  u_div/u_exact_div/U14/ZN (XNR3D0)                       0.12       1.15 r
  u_div/u_exact_div/U919/ZN (MAOI222D1)                   0.06       1.20 f
  u_div/u_exact_div/U6059/ZN (MAOI222D0)                  0.10       1.30 r
  u_div/u_exact_div/U6060/ZN (INVD1)                      0.02       1.32 f
  u_div/u_exact_div/U6071/Z (CKXOR2D1)                    0.05       1.37 r
  u_div/u_exact_div/U6072/Z (CKXOR2D1)                    0.07       1.43 r
  u_div/u_exact_div/U6073/Z (XOR3D1)                      0.06       1.49 r
  u_div/u_exact_div/U_fp_div/DP_OP_117_124_3084/clk_r_REG279_S3/D (DFQD1)
                                                          0.00       1.49 r
  data arrival time                                                  1.49

  clock clk (rise edge)                                   1.50       1.50
  clock network delay (ideal)                             0.00       1.50
  u_div/u_exact_div/U_fp_div/DP_OP_117_124_3084/clk_r_REG279_S3/CP (DFQD1)
                                                          0.00       1.50 r
  library setup time                                      0.00       1.50
  data required time                                                 1.50
  --------------------------------------------------------------------------
  data required time                                                 1.50
  data arrival time                                                 -1.49
  --------------------------------------------------------------------------
  slack (MET)                                                        0.00


  Startpoint: u_div/u_exact_div/U_fp_div/DP_OP_117_124_3084/R_0_clk_r_REG653_S2
              (rising edge-triggered flip-flop clocked by clk)
  Endpoint: u_div/u_exact_div/U_fp_div/DP_OP_117_124_3084/clk_r_REG279_S3
            (rising edge-triggered flip-flop clocked by clk)
  Path Group: clk
  Path Type: max

  Des/Clust/Port     Wire Load Model       Library
  ------------------------------------------------
  exact_fp32_div_7stage_DW_lp_piped_fp_div_J1_0
                     ZeroWireload          tcbn65gplustc_ccs
  exact_fp32_mul_7stage_DW_lp_piped_fp_mult_J1_0
                     ZeroWireload          tcbn65gplustc_ccs
  exact_fp32_div_7stage
                     ZeroWireload          tcbn65gplustc_ccs
  exact_fp32_divmul_7stage
                     ZeroWireload          tcbn65gplustc_ccs
  exact_fp32_mul_7stage
                     ZeroWireload          tcbn65gplustc_ccs

  Point                                                   Incr       Path
  --------------------------------------------------------------------------
  clock clk (rise edge)                                   0.00       0.00
  clock network delay (ideal)                             0.00       0.00
  u_div/u_exact_div/U_fp_div/DP_OP_117_124_3084/R_0_clk_r_REG653_S2/CP (DFQD4)
                                                          0.00 #     0.00 r
  u_div/u_exact_div/U_fp_div/DP_OP_117_124_3084/R_0_clk_r_REG653_S2/Q (DFQD4)
                                                          0.09       0.09 f
  u_div/u_exact_div/U55/Z (CKBD1)                         0.03       0.12 f
  u_div/u_exact_div/U4784/ZN (INVD1)                      0.04       0.16 r
  u_div/u_exact_div/U4832/ZN (XNR2D1)                     0.06       0.22 f
  u_div/u_exact_div/U4841/ZN (OAI22D1)                    0.05       0.27 r
  u_div/u_exact_div/U4849/ZN (IOA21D1)                    0.02       0.29 f
  u_div/u_exact_div/U4850/ZN (IOA21D1)                    0.02       0.32 r
  u_div/u_exact_div/U4852/Z (XOR3D1)                      0.10       0.42 r
  u_div/u_exact_div/U4853/ZN (XNR3D1)                     0.08       0.50 f
  u_div/u_exact_div/U4854/ZN (INVD1)                      0.02       0.52 r
  u_div/u_exact_div/U4883/Z (CKXOR2D1)                    0.05       0.57 f
  u_div/u_exact_div/U4904/ZN (XNR2D1)                     0.06       0.63 r
  u_div/u_exact_div/U4109/ZN (XNR2D1)                     0.05       0.69 f
  u_div/u_exact_div/U623/ZN (INVD0)                       0.04       0.72 r
  u_div/u_exact_div/U4197/Z (AN2XD1)                      0.04       0.76 r
  u_div/u_exact_div/U20/Z (BUFFD1)                        0.04       0.80 r
  u_div/u_exact_div/U5852/ZN (INVD1)                      0.02       0.82 f
  u_div/u_exact_div/U5853/ZN (OAI22D1)                    0.05       0.87 r
  u_div/u_exact_div/U5941/Z (CKXOR2D1)                    0.07       0.94 r
  u_div/u_exact_div/U5942/Z (XOR2D0)                      0.07       1.01 f
  u_div/u_exact_div/U5943/ZN (INVD1)                      0.02       1.03 r
  u_div/u_exact_div/U14/ZN (XNR3D0)                       0.12       1.15 r
  u_div/u_exact_div/U919/ZN (MAOI222D1)                   0.06       1.20 f
  u_div/u_exact_div/U6059/ZN (MAOI222D0)                  0.10       1.30 r
  u_div/u_exact_div/U6060/ZN (INVD1)                      0.02       1.32 f
  u_div/u_exact_div/U6071/Z (CKXOR2D1)                    0.05       1.37 r
  u_div/u_exact_div/U6072/Z (CKXOR2D1)                    0.07       1.43 r
  u_div/u_exact_div/U6073/Z (XOR3D1)                      0.06       1.49 r
  u_div/u_exact_div/U_fp_div/DP_OP_117_124_3084/clk_r_REG279_S3/D (DFQD1)
                                                          0.00       1.49 r
  data arrival time                                                  1.49

  clock clk (rise edge)                                   1.50       1.50
  clock network delay (ideal)                             0.00       1.50
  u_div/u_exact_div/U_fp_div/DP_OP_117_124_3084/clk_r_REG279_S3/CP (DFQD1)
                                                          0.00       1.50 r
  library setup time                                      0.00       1.50
  data required time                                                 1.50
  --------------------------------------------------------------------------
  data required time                                                 1.50
  data arrival time                                                 -1.49
  --------------------------------------------------------------------------
  slack (MET)                                                        0.00


  Startpoint: u_div/u_exact_div/U_fp_div/DP_OP_117_124_3084/R_0_clk_r_REG653_S2
              (rising edge-triggered flip-flop clocked by clk)
  Endpoint: u_div/u_exact_div/U_fp_div/DP_OP_117_124_3084/clk_r_REG279_S3
            (rising edge-triggered flip-flop clocked by clk)
  Path Group: clk
  Path Type: max

  Des/Clust/Port     Wire Load Model       Library
  ------------------------------------------------
  exact_fp32_div_7stage_DW_lp_piped_fp_div_J1_0
                     ZeroWireload          tcbn65gplustc_ccs
  exact_fp32_mul_7stage_DW_lp_piped_fp_mult_J1_0
                     ZeroWireload          tcbn65gplustc_ccs
  exact_fp32_div_7stage
                     ZeroWireload          tcbn65gplustc_ccs
  exact_fp32_divmul_7stage
                     ZeroWireload          tcbn65gplustc_ccs
  exact_fp32_mul_7stage
                     ZeroWireload          tcbn65gplustc_ccs

  Point                                                   Incr       Path
  --------------------------------------------------------------------------
  clock clk (rise edge)                                   0.00       0.00
  clock network delay (ideal)                             0.00       0.00
  u_div/u_exact_div/U_fp_div/DP_OP_117_124_3084/R_0_clk_r_REG653_S2/CP (DFQD4)
                                                          0.00 #     0.00 r
  u_div/u_exact_div/U_fp_div/DP_OP_117_124_3084/R_0_clk_r_REG653_S2/Q (DFQD4)
                                                          0.09       0.09 f
  u_div/u_exact_div/U55/Z (CKBD1)                         0.03       0.12 f
  u_div/u_exact_div/U4784/ZN (INVD1)                      0.04       0.16 r
  u_div/u_exact_div/U4832/ZN (XNR2D1)                     0.06       0.22 f
  u_div/u_exact_div/U4841/ZN (OAI22D1)                    0.05       0.27 r
  u_div/u_exact_div/U4849/ZN (IOA21D1)                    0.02       0.29 f
  u_div/u_exact_div/U4850/ZN (IOA21D1)                    0.02       0.32 r
  u_div/u_exact_div/U4852/Z (XOR3D1)                      0.10       0.42 r
  u_div/u_exact_div/U4853/ZN (XNR3D1)                     0.08       0.50 f
  u_div/u_exact_div/U4854/ZN (INVD1)                      0.02       0.52 r
  u_div/u_exact_div/U4883/Z (CKXOR2D1)                    0.05       0.57 f
  u_div/u_exact_div/U4904/ZN (XNR2D1)                     0.06       0.63 r
  u_div/u_exact_div/U4109/ZN (XNR2D1)                     0.05       0.69 f
  u_div/u_exact_div/U623/ZN (INVD0)                       0.04       0.72 r
  u_div/u_exact_div/U4197/Z (AN2XD1)                      0.04       0.76 r
  u_div/u_exact_div/U20/Z (BUFFD1)                        0.04       0.80 r
  u_div/u_exact_div/U5852/ZN (INVD1)                      0.02       0.82 f
  u_div/u_exact_div/U5853/ZN (OAI22D1)                    0.05       0.87 r
  u_div/u_exact_div/U5941/Z (CKXOR2D1)                    0.07       0.94 r
  u_div/u_exact_div/U5942/Z (XOR2D0)                      0.07       1.01 f
  u_div/u_exact_div/U5943/ZN (INVD1)                      0.02       1.03 r
  u_div/u_exact_div/U14/ZN (XNR3D0)                       0.12       1.15 r
  u_div/u_exact_div/U919/ZN (MAOI222D1)                   0.06       1.20 f
  u_div/u_exact_div/U6059/ZN (MAOI222D0)                  0.10       1.30 r
  u_div/u_exact_div/U6060/ZN (INVD1)                      0.02       1.32 f
  u_div/u_exact_div/U6071/Z (CKXOR2D1)                    0.05       1.37 r
  u_div/u_exact_div/U6072/Z (CKXOR2D1)                    0.07       1.43 r
  u_div/u_exact_div/U6073/Z (XOR3D1)                      0.06       1.49 r
  u_div/u_exact_div/U_fp_div/DP_OP_117_124_3084/clk_r_REG279_S3/D (DFQD1)
                                                          0.00       1.49 r
  data arrival time                                                  1.49

  clock clk (rise edge)                                   1.50       1.50
  clock network delay (ideal)                             0.00       1.50
  u_div/u_exact_div/U_fp_div/DP_OP_117_124_3084/clk_r_REG279_S3/CP (DFQD1)
                                                          0.00       1.50 r
  library setup time                                      0.00       1.50
  data required time                                                 1.50
  --------------------------------------------------------------------------
  data required time                                                 1.50
  data arrival time                                                 -1.49
  --------------------------------------------------------------------------
  slack (MET)                                                        0.00


  Startpoint: u_div/u_exact_div/U_fp_div/DP_OP_117_124_3084/R_0_clk_r_REG653_S2
              (rising edge-triggered flip-flop clocked by clk)
  Endpoint: u_div/u_exact_div/U_fp_div/DP_OP_117_124_3084/clk_r_REG279_S3
            (rising edge-triggered flip-flop clocked by clk)
  Path Group: clk
  Path Type: max

  Des/Clust/Port     Wire Load Model       Library
  ------------------------------------------------
  exact_fp32_div_7stage_DW_lp_piped_fp_div_J1_0
                     ZeroWireload          tcbn65gplustc_ccs
  exact_fp32_mul_7stage_DW_lp_piped_fp_mult_J1_0
                     ZeroWireload          tcbn65gplustc_ccs
  exact_fp32_div_7stage
                     ZeroWireload          tcbn65gplustc_ccs
  exact_fp32_divmul_7stage
                     ZeroWireload          tcbn65gplustc_ccs
  exact_fp32_mul_7stage
                     ZeroWireload          tcbn65gplustc_ccs

  Point                                                   Incr       Path
  --------------------------------------------------------------------------
  clock clk (rise edge)                                   0.00       0.00
  clock network delay (ideal)                             0.00       0.00
  u_div/u_exact_div/U_fp_div/DP_OP_117_124_3084/R_0_clk_r_REG653_S2/CP (DFQD4)
                                                          0.00 #     0.00 r
  u_div/u_exact_div/U_fp_div/DP_OP_117_124_3084/R_0_clk_r_REG653_S2/Q (DFQD4)
                                                          0.09       0.09 f
  u_div/u_exact_div/U55/Z (CKBD1)                         0.03       0.12 f
  u_div/u_exact_div/U4784/ZN (INVD1)                      0.04       0.16 r
  u_div/u_exact_div/U4832/ZN (XNR2D1)                     0.06       0.22 f
  u_div/u_exact_div/U4841/ZN (OAI22D1)                    0.05       0.27 r
  u_div/u_exact_div/U4849/ZN (IOA21D1)                    0.02       0.29 f
  u_div/u_exact_div/U4850/ZN (IOA21D1)                    0.02       0.32 r
  u_div/u_exact_div/U4852/Z (XOR3D1)                      0.10       0.42 r
  u_div/u_exact_div/U4853/ZN (XNR3D1)                     0.08       0.50 f
  u_div/u_exact_div/U4854/ZN (INVD1)                      0.02       0.52 r
  u_div/u_exact_div/U4883/Z (CKXOR2D1)                    0.05       0.57 f
  u_div/u_exact_div/U4904/ZN (XNR2D1)                     0.06       0.63 r
  u_div/u_exact_div/U4109/ZN (XNR2D1)                     0.05       0.69 f
  u_div/u_exact_div/U623/ZN (INVD0)                       0.04       0.72 r
  u_div/u_exact_div/U4197/Z (AN2XD1)                      0.04       0.76 r
  u_div/u_exact_div/U20/Z (BUFFD1)                        0.04       0.80 r
  u_div/u_exact_div/U5852/ZN (INVD1)                      0.02       0.82 f
  u_div/u_exact_div/U5853/ZN (OAI22D1)                    0.05       0.87 r
  u_div/u_exact_div/U5941/Z (CKXOR2D1)                    0.07       0.94 r
  u_div/u_exact_div/U5942/Z (XOR2D0)                      0.07       1.01 f
  u_div/u_exact_div/U5943/ZN (INVD1)                      0.02       1.03 r
  u_div/u_exact_div/U14/ZN (XNR3D0)                       0.12       1.15 r
  u_div/u_exact_div/U919/ZN (MAOI222D1)                   0.06       1.20 f
  u_div/u_exact_div/U6059/ZN (MAOI222D0)                  0.10       1.30 r
  u_div/u_exact_div/U6060/ZN (INVD1)                      0.02       1.32 f
  u_div/u_exact_div/U6071/Z (CKXOR2D1)                    0.05       1.37 r
  u_div/u_exact_div/U6072/Z (CKXOR2D1)                    0.07       1.43 r
  u_div/u_exact_div/U6073/Z (XOR3D1)                      0.06       1.49 r
  u_div/u_exact_div/U_fp_div/DP_OP_117_124_3084/clk_r_REG279_S3/D (DFQD1)
                                                          0.00       1.49 r
  data arrival time                                                  1.49

  clock clk (rise edge)                                   1.50       1.50
  clock network delay (ideal)                             0.00       1.50
  u_div/u_exact_div/U_fp_div/DP_OP_117_124_3084/clk_r_REG279_S3/CP (DFQD1)
                                                          0.00       1.50 r
  library setup time                                      0.00       1.50
  data required time                                                 1.50
  --------------------------------------------------------------------------
  data required time                                                 1.50
  data arrival time                                                 -1.49
  --------------------------------------------------------------------------
  slack (MET)                                                        0.00


  Startpoint: u_div/u_exact_div/U_fp_div/DP_OP_117_124_3084/R_0_clk_r_REG653_S2
              (rising edge-triggered flip-flop clocked by clk)
  Endpoint: u_div/u_exact_div/U_fp_div/DP_OP_117_124_3084/clk_r_REG279_S3
            (rising edge-triggered flip-flop clocked by clk)
  Path Group: clk
  Path Type: max

  Des/Clust/Port     Wire Load Model       Library
  ------------------------------------------------
  exact_fp32_div_7stage_DW_lp_piped_fp_div_J1_0
                     ZeroWireload          tcbn65gplustc_ccs
  exact_fp32_mul_7stage_DW_lp_piped_fp_mult_J1_0
                     ZeroWireload          tcbn65gplustc_ccs
  exact_fp32_div_7stage
                     ZeroWireload          tcbn65gplustc_ccs
  exact_fp32_divmul_7stage
                     ZeroWireload          tcbn65gplustc_ccs
  exact_fp32_mul_7stage
                     ZeroWireload          tcbn65gplustc_ccs

  Point                                                   Incr       Path
  --------------------------------------------------------------------------
  clock clk (rise edge)                                   0.00       0.00
  clock network delay (ideal)                             0.00       0.00
  u_div/u_exact_div/U_fp_div/DP_OP_117_124_3084/R_0_clk_r_REG653_S2/CP (DFQD4)
                                                          0.00 #     0.00 r
  u_div/u_exact_div/U_fp_div/DP_OP_117_124_3084/R_0_clk_r_REG653_S2/Q (DFQD4)
                                                          0.09       0.09 f
  u_div/u_exact_div/U55/Z (CKBD1)                         0.03       0.12 f
  u_div/u_exact_div/U4784/ZN (INVD1)                      0.04       0.16 r
  u_div/u_exact_div/U4832/ZN (XNR2D1)                     0.06       0.22 f
  u_div/u_exact_div/U4841/ZN (OAI22D1)                    0.05       0.27 r
  u_div/u_exact_div/U4849/ZN (IOA21D1)                    0.02       0.29 f
  u_div/u_exact_div/U4850/ZN (IOA21D1)                    0.02       0.32 r
  u_div/u_exact_div/U4852/Z (XOR3D1)                      0.10       0.42 r
  u_div/u_exact_div/U4853/ZN (XNR3D1)                     0.08       0.50 f
  u_div/u_exact_div/U4854/ZN (INVD1)                      0.02       0.52 r
  u_div/u_exact_div/U4883/Z (CKXOR2D1)                    0.05       0.57 f
  u_div/u_exact_div/U4904/ZN (XNR2D1)                     0.06       0.63 r
  u_div/u_exact_div/U4109/ZN (XNR2D1)                     0.05       0.69 f
  u_div/u_exact_div/U623/ZN (INVD0)                       0.04       0.72 r
  u_div/u_exact_div/U4197/Z (AN2XD1)                      0.04       0.76 r
  u_div/u_exact_div/U20/Z (BUFFD1)                        0.04       0.80 r
  u_div/u_exact_div/U5852/ZN (INVD1)                      0.02       0.82 f
  u_div/u_exact_div/U5853/ZN (OAI22D1)                    0.05       0.87 r
  u_div/u_exact_div/U5941/Z (CKXOR2D1)                    0.07       0.94 r
  u_div/u_exact_div/U5942/Z (XOR2D0)                      0.07       1.01 f
  u_div/u_exact_div/U5943/ZN (INVD1)                      0.02       1.03 r
  u_div/u_exact_div/U14/ZN (XNR3D0)                       0.12       1.15 r
  u_div/u_exact_div/U919/ZN (MAOI222D1)                   0.06       1.20 f
  u_div/u_exact_div/U6059/ZN (MAOI222D0)                  0.10       1.30 r
  u_div/u_exact_div/U6060/ZN (INVD1)                      0.02       1.32 f
  u_div/u_exact_div/U6071/Z (CKXOR2D1)                    0.05       1.37 r
  u_div/u_exact_div/U6072/Z (CKXOR2D1)                    0.07       1.43 r
  u_div/u_exact_div/U6073/Z (XOR3D1)                      0.06       1.49 r
  u_div/u_exact_div/U_fp_div/DP_OP_117_124_3084/clk_r_REG279_S3/D (DFQD1)
                                                          0.00       1.49 r
  data arrival time                                                  1.49

  clock clk (rise edge)                                   1.50       1.50
  clock network delay (ideal)                             0.00       1.50
  u_div/u_exact_div/U_fp_div/DP_OP_117_124_3084/clk_r_REG279_S3/CP (DFQD1)
                                                          0.00       1.50 r
  library setup time                                      0.00       1.50
  data required time                                                 1.50
  --------------------------------------------------------------------------
  data required time                                                 1.50
  data arrival time                                                 -1.49
  --------------------------------------------------------------------------
  slack (MET)                                                        0.00


  Startpoint: u_div/u_exact_div/U_fp_div/DP_OP_117_124_3084/R_0_clk_r_REG653_S2
              (rising edge-triggered flip-flop clocked by clk)
  Endpoint: u_div/u_exact_div/U_fp_div/DP_OP_117_124_3084/clk_r_REG279_S3
            (rising edge-triggered flip-flop clocked by clk)
  Path Group: clk
  Path Type: max

  Des/Clust/Port     Wire Load Model       Library
  ------------------------------------------------
  exact_fp32_div_7stage_DW_lp_piped_fp_div_J1_0
                     ZeroWireload          tcbn65gplustc_ccs
  exact_fp32_mul_7stage_DW_lp_piped_fp_mult_J1_0
                     ZeroWireload          tcbn65gplustc_ccs
  exact_fp32_div_7stage
                     ZeroWireload          tcbn65gplustc_ccs
  exact_fp32_divmul_7stage
                     ZeroWireload          tcbn65gplustc_ccs
  exact_fp32_mul_7stage
                     ZeroWireload          tcbn65gplustc_ccs

  Point                                                   Incr       Path
  --------------------------------------------------------------------------
  clock clk (rise edge)                                   0.00       0.00
  clock network delay (ideal)                             0.00       0.00
  u_div/u_exact_div/U_fp_div/DP_OP_117_124_3084/R_0_clk_r_REG653_S2/CP (DFQD4)
                                                          0.00 #     0.00 r
  u_div/u_exact_div/U_fp_div/DP_OP_117_124_3084/R_0_clk_r_REG653_S2/Q (DFQD4)
                                                          0.09       0.09 f
  u_div/u_exact_div/U55/Z (CKBD1)                         0.03       0.12 f
  u_div/u_exact_div/U4784/ZN (INVD1)                      0.04       0.16 r
  u_div/u_exact_div/U4832/ZN (XNR2D1)                     0.06       0.22 f
  u_div/u_exact_div/U4841/ZN (OAI22D1)                    0.05       0.27 r
  u_div/u_exact_div/U4849/ZN (IOA21D1)                    0.02       0.29 f
  u_div/u_exact_div/U4850/ZN (IOA21D1)                    0.02       0.32 r
  u_div/u_exact_div/U4852/Z (XOR3D1)                      0.10       0.42 r
  u_div/u_exact_div/U4853/ZN (XNR3D1)                     0.08       0.50 f
  u_div/u_exact_div/U4854/ZN (INVD1)                      0.02       0.52 r
  u_div/u_exact_div/U4883/Z (CKXOR2D1)                    0.05       0.57 f
  u_div/u_exact_div/U4904/ZN (XNR2D1)                     0.06       0.63 r
  u_div/u_exact_div/U4109/ZN (XNR2D1)                     0.05       0.69 f
  u_div/u_exact_div/U623/ZN (INVD0)                       0.04       0.72 r
  u_div/u_exact_div/U4197/Z (AN2XD1)                      0.04       0.76 r
  u_div/u_exact_div/U20/Z (BUFFD1)                        0.04       0.80 r
  u_div/u_exact_div/U5852/ZN (INVD1)                      0.02       0.82 f
  u_div/u_exact_div/U5853/ZN (OAI22D1)                    0.05       0.87 r
  u_div/u_exact_div/U5941/Z (CKXOR2D1)                    0.07       0.94 r
  u_div/u_exact_div/U5942/Z (XOR2D0)                      0.07       1.01 f
  u_div/u_exact_div/U5943/ZN (INVD1)                      0.02       1.03 r
  u_div/u_exact_div/U14/ZN (XNR3D0)                       0.12       1.15 r
  u_div/u_exact_div/U919/ZN (MAOI222D1)                   0.06       1.20 f
  u_div/u_exact_div/U6059/ZN (MAOI222D0)                  0.10       1.30 r
  u_div/u_exact_div/U6060/ZN (INVD1)                      0.02       1.32 f
  u_div/u_exact_div/U6071/Z (CKXOR2D1)                    0.05       1.37 r
  u_div/u_exact_div/U6072/Z (CKXOR2D1)                    0.07       1.43 r
  u_div/u_exact_div/U6073/Z (XOR3D1)                      0.06       1.49 r
  u_div/u_exact_div/U_fp_div/DP_OP_117_124_3084/clk_r_REG279_S3/D (DFQD1)
                                                          0.00       1.49 r
  data arrival time                                                  1.49

  clock clk (rise edge)                                   1.50       1.50
  clock network delay (ideal)                             0.00       1.50
  u_div/u_exact_div/U_fp_div/DP_OP_117_124_3084/clk_r_REG279_S3/CP (DFQD1)
                                                          0.00       1.50 r
  library setup time                                      0.00       1.50
  data required time                                                 1.50
  --------------------------------------------------------------------------
  data required time                                                 1.50
  data arrival time                                                 -1.49
  --------------------------------------------------------------------------
  slack (MET)                                                        0.00


  Startpoint: u_div/u_exact_div/U_fp_div/DP_OP_117_124_3084/R_0_clk_r_REG653_S2
              (rising edge-triggered flip-flop clocked by clk)
  Endpoint: u_div/u_exact_div/U_fp_div/DP_OP_117_124_3084/clk_r_REG279_S3
            (rising edge-triggered flip-flop clocked by clk)
  Path Group: clk
  Path Type: max

  Des/Clust/Port     Wire Load Model       Library
  ------------------------------------------------
  exact_fp32_div_7stage_DW_lp_piped_fp_div_J1_0
                     ZeroWireload          tcbn65gplustc_ccs
  exact_fp32_mul_7stage_DW_lp_piped_fp_mult_J1_0
                     ZeroWireload          tcbn65gplustc_ccs
  exact_fp32_div_7stage
                     ZeroWireload          tcbn65gplustc_ccs
  exact_fp32_divmul_7stage
                     ZeroWireload          tcbn65gplustc_ccs
  exact_fp32_mul_7stage
                     ZeroWireload          tcbn65gplustc_ccs

  Point                                                   Incr       Path
  --------------------------------------------------------------------------
  clock clk (rise edge)                                   0.00       0.00
  clock network delay (ideal)                             0.00       0.00
  u_div/u_exact_div/U_fp_div/DP_OP_117_124_3084/R_0_clk_r_REG653_S2/CP (DFQD4)
                                                          0.00 #     0.00 r
  u_div/u_exact_div/U_fp_div/DP_OP_117_124_3084/R_0_clk_r_REG653_S2/Q (DFQD4)
                                                          0.09       0.09 f
  u_div/u_exact_div/U55/Z (CKBD1)                         0.03       0.12 f
  u_div/u_exact_div/U4784/ZN (INVD1)                      0.04       0.16 r
  u_div/u_exact_div/U4832/ZN (XNR2D1)                     0.06       0.22 f
  u_div/u_exact_div/U4841/ZN (OAI22D1)                    0.05       0.27 r
  u_div/u_exact_div/U4849/ZN (IOA21D1)                    0.02       0.29 f
  u_div/u_exact_div/U4850/ZN (IOA21D1)                    0.02       0.32 r
  u_div/u_exact_div/U4852/Z (XOR3D1)                      0.10       0.42 r
  u_div/u_exact_div/U4853/ZN (XNR3D1)                     0.08       0.50 f
  u_div/u_exact_div/U4854/ZN (INVD1)                      0.02       0.52 r
  u_div/u_exact_div/U4883/Z (CKXOR2D1)                    0.05       0.57 f
  u_div/u_exact_div/U4904/ZN (XNR2D1)                     0.06       0.63 r
  u_div/u_exact_div/U4109/ZN (XNR2D1)                     0.05       0.69 f
  u_div/u_exact_div/U623/ZN (INVD0)                       0.04       0.72 r
  u_div/u_exact_div/U4197/Z (AN2XD1)                      0.04       0.76 r
  u_div/u_exact_div/U20/Z (BUFFD1)                        0.04       0.80 r
  u_div/u_exact_div/U5852/ZN (INVD1)                      0.02       0.82 f
  u_div/u_exact_div/U5853/ZN (OAI22D1)                    0.05       0.87 r
  u_div/u_exact_div/U5941/Z (CKXOR2D1)                    0.07       0.94 r
  u_div/u_exact_div/U5942/Z (XOR2D0)                      0.07       1.01 f
  u_div/u_exact_div/U5943/ZN (INVD1)                      0.02       1.03 r
  u_div/u_exact_div/U14/ZN (XNR3D0)                       0.12       1.15 r
  u_div/u_exact_div/U919/ZN (MAOI222D1)                   0.06       1.20 f
  u_div/u_exact_div/U6059/ZN (MAOI222D0)                  0.10       1.30 r
  u_div/u_exact_div/U6060/ZN (INVD1)                      0.02       1.32 f
  u_div/u_exact_div/U6071/Z (CKXOR2D1)                    0.05       1.37 r
  u_div/u_exact_div/U6072/Z (CKXOR2D1)                    0.07       1.43 r
  u_div/u_exact_div/U6073/Z (XOR3D1)                      0.06       1.49 r
  u_div/u_exact_div/U_fp_div/DP_OP_117_124_3084/clk_r_REG279_S3/D (DFQD1)
                                                          0.00       1.49 r
  data arrival time                                                  1.49

  clock clk (rise edge)                                   1.50       1.50
  clock network delay (ideal)                             0.00       1.50
  u_div/u_exact_div/U_fp_div/DP_OP_117_124_3084/clk_r_REG279_S3/CP (DFQD1)
                                                          0.00       1.50 r
  library setup time                                      0.00       1.50
  data required time                                                 1.50
  --------------------------------------------------------------------------
  data required time                                                 1.50
  data arrival time                                                 -1.49
  --------------------------------------------------------------------------
  slack (MET)                                                        0.00


  Startpoint: u_div/u_exact_div/U_fp_div/DP_OP_117_124_3084/R_0_clk_r_REG653_S2
              (rising edge-triggered flip-flop clocked by clk)
  Endpoint: u_div/u_exact_div/U_fp_div/DP_OP_117_124_3084/clk_r_REG279_S3
            (rising edge-triggered flip-flop clocked by clk)
  Path Group: clk
  Path Type: max

  Des/Clust/Port     Wire Load Model       Library
  ------------------------------------------------
  exact_fp32_div_7stage_DW_lp_piped_fp_div_J1_0
                     ZeroWireload          tcbn65gplustc_ccs
  exact_fp32_mul_7stage_DW_lp_piped_fp_mult_J1_0
                     ZeroWireload          tcbn65gplustc_ccs
  exact_fp32_div_7stage
                     ZeroWireload          tcbn65gplustc_ccs
  exact_fp32_divmul_7stage
                     ZeroWireload          tcbn65gplustc_ccs
  exact_fp32_mul_7stage
                     ZeroWireload          tcbn65gplustc_ccs

  Point                                                   Incr       Path
  --------------------------------------------------------------------------
  clock clk (rise edge)                                   0.00       0.00
  clock network delay (ideal)                             0.00       0.00
  u_div/u_exact_div/U_fp_div/DP_OP_117_124_3084/R_0_clk_r_REG653_S2/CP (DFQD4)
                                                          0.00 #     0.00 r
  u_div/u_exact_div/U_fp_div/DP_OP_117_124_3084/R_0_clk_r_REG653_S2/Q (DFQD4)
                                                          0.09       0.09 f
  u_div/u_exact_div/U55/Z (CKBD1)                         0.03       0.12 f
  u_div/u_exact_div/U4784/ZN (INVD1)                      0.04       0.16 r
  u_div/u_exact_div/U4832/ZN (XNR2D1)                     0.06       0.22 f
  u_div/u_exact_div/U4841/ZN (OAI22D1)                    0.05       0.27 r
  u_div/u_exact_div/U4849/ZN (IOA21D1)                    0.02       0.29 f
  u_div/u_exact_div/U4850/ZN (IOA21D1)                    0.02       0.32 r
  u_div/u_exact_div/U4852/Z (XOR3D1)                      0.10       0.42 r
  u_div/u_exact_div/U4853/ZN (XNR3D1)                     0.08       0.50 f
  u_div/u_exact_div/U4854/ZN (INVD1)                      0.02       0.52 r
  u_div/u_exact_div/U4883/Z (CKXOR2D1)                    0.05       0.57 f
  u_div/u_exact_div/U4904/ZN (XNR2D1)                     0.06       0.63 r
  u_div/u_exact_div/U4109/ZN (XNR2D1)                     0.05       0.69 f
  u_div/u_exact_div/U623/ZN (INVD0)                       0.04       0.72 r
  u_div/u_exact_div/U4197/Z (AN2XD1)                      0.04       0.76 r
  u_div/u_exact_div/U20/Z (BUFFD1)                        0.04       0.80 r
  u_div/u_exact_div/U5852/ZN (INVD1)                      0.02       0.82 f
  u_div/u_exact_div/U5853/ZN (OAI22D1)                    0.05       0.87 r
  u_div/u_exact_div/U5941/Z (CKXOR2D1)                    0.07       0.94 r
  u_div/u_exact_div/U5942/Z (XOR2D0)                      0.07       1.01 f
  u_div/u_exact_div/U5943/ZN (INVD1)                      0.02       1.03 r
  u_div/u_exact_div/U14/ZN (XNR3D0)                       0.12       1.15 r
  u_div/u_exact_div/U919/ZN (MAOI222D1)                   0.06       1.20 f
  u_div/u_exact_div/U6059/ZN (MAOI222D0)                  0.10       1.30 r
  u_div/u_exact_div/U6060/ZN (INVD1)                      0.02       1.32 f
  u_div/u_exact_div/U6071/Z (CKXOR2D1)                    0.05       1.37 r
  u_div/u_exact_div/U6072/Z (CKXOR2D1)                    0.07       1.43 r
  u_div/u_exact_div/U6073/Z (XOR3D1)                      0.06       1.49 r
  u_div/u_exact_div/U_fp_div/DP_OP_117_124_3084/clk_r_REG279_S3/D (DFQD1)
                                                          0.00       1.49 r
  data arrival time                                                  1.49

  clock clk (rise edge)                                   1.50       1.50
  clock network delay (ideal)                             0.00       1.50
  u_div/u_exact_div/U_fp_div/DP_OP_117_124_3084/clk_r_REG279_S3/CP (DFQD1)
                                                          0.00       1.50 r
  library setup time                                      0.00       1.50
  data required time                                                 1.50
  --------------------------------------------------------------------------
  data required time                                                 1.50
  data arrival time                                                 -1.49
  --------------------------------------------------------------------------
  slack (MET)                                                        0.00


  Startpoint: u_div/u_exact_div/U_fp_div/DP_OP_117_124_3084/R_0_clk_r_REG653_S2
              (rising edge-triggered flip-flop clocked by clk)
  Endpoint: u_div/u_exact_div/U_fp_div/DP_OP_117_124_3084/clk_r_REG279_S3
            (rising edge-triggered flip-flop clocked by clk)
  Path Group: clk
  Path Type: max

  Des/Clust/Port     Wire Load Model       Library
  ------------------------------------------------
  exact_fp32_div_7stage_DW_lp_piped_fp_div_J1_0
                     ZeroWireload          tcbn65gplustc_ccs
  exact_fp32_mul_7stage_DW_lp_piped_fp_mult_J1_0
                     ZeroWireload          tcbn65gplustc_ccs
  exact_fp32_div_7stage
                     ZeroWireload          tcbn65gplustc_ccs
  exact_fp32_divmul_7stage
                     ZeroWireload          tcbn65gplustc_ccs
  exact_fp32_mul_7stage
                     ZeroWireload          tcbn65gplustc_ccs

  Point                                                   Incr       Path
  --------------------------------------------------------------------------
  clock clk (rise edge)                                   0.00       0.00
  clock network delay (ideal)                             0.00       0.00
  u_div/u_exact_div/U_fp_div/DP_OP_117_124_3084/R_0_clk_r_REG653_S2/CP (DFQD4)
                                                          0.00 #     0.00 r
  u_div/u_exact_div/U_fp_div/DP_OP_117_124_3084/R_0_clk_r_REG653_S2/Q (DFQD4)
                                                          0.09       0.09 f
  u_div/u_exact_div/U55/Z (CKBD1)                         0.03       0.12 f
  u_div/u_exact_div/U4784/ZN (INVD1)                      0.04       0.16 r
  u_div/u_exact_div/U4832/ZN (XNR2D1)                     0.06       0.22 f
  u_div/u_exact_div/U4841/ZN (OAI22D1)                    0.05       0.27 r
  u_div/u_exact_div/U4849/ZN (IOA21D1)                    0.02       0.29 f
  u_div/u_exact_div/U4850/ZN (IOA21D1)                    0.02       0.32 r
  u_div/u_exact_div/U4852/Z (XOR3D1)                      0.10       0.42 r
  u_div/u_exact_div/U4853/ZN (XNR3D1)                     0.08       0.50 f
  u_div/u_exact_div/U4854/ZN (INVD1)                      0.02       0.52 r
  u_div/u_exact_div/U4883/Z (CKXOR2D1)                    0.05       0.57 f
  u_div/u_exact_div/U4904/ZN (XNR2D1)                     0.06       0.63 r
  u_div/u_exact_div/U4109/ZN (XNR2D1)                     0.05       0.69 f
  u_div/u_exact_div/U623/ZN (INVD0)                       0.04       0.72 r
  u_div/u_exact_div/U4197/Z (AN2XD1)                      0.04       0.76 r
  u_div/u_exact_div/U20/Z (BUFFD1)                        0.04       0.80 r
  u_div/u_exact_div/U5852/ZN (INVD1)                      0.02       0.82 f
  u_div/u_exact_div/U5853/ZN (OAI22D1)                    0.05       0.87 r
  u_div/u_exact_div/U5941/Z (CKXOR2D1)                    0.07       0.94 r
  u_div/u_exact_div/U5942/Z (XOR2D0)                      0.07       1.01 f
  u_div/u_exact_div/U5943/ZN (INVD1)                      0.02       1.03 r
  u_div/u_exact_div/U14/ZN (XNR3D0)                       0.12       1.15 r
  u_div/u_exact_div/U919/ZN (MAOI222D1)                   0.06       1.20 f
  u_div/u_exact_div/U6059/ZN (MAOI222D0)                  0.10       1.30 r
  u_div/u_exact_div/U6060/ZN (INVD1)                      0.02       1.32 f
  u_div/u_exact_div/U6071/Z (CKXOR2D1)                    0.05       1.37 r
  u_div/u_exact_div/U6072/Z (CKXOR2D1)                    0.07       1.43 r
  u_div/u_exact_div/U6073/Z (XOR3D1)                      0.06       1.49 r
  u_div/u_exact_div/U_fp_div/DP_OP_117_124_3084/clk_r_REG279_S3/D (DFQD1)
                                                          0.00       1.49 r
  data arrival time                                                  1.49

  clock clk (rise edge)                                   1.50       1.50
  clock network delay (ideal)                             0.00       1.50
  u_div/u_exact_div/U_fp_div/DP_OP_117_124_3084/clk_r_REG279_S3/CP (DFQD1)
                                                          0.00       1.50 r
  library setup time                                      0.00       1.50
  data required time                                                 1.50
  --------------------------------------------------------------------------
  data required time                                                 1.50
  data arrival time                                                 -1.49
  --------------------------------------------------------------------------
  slack (MET)                                                        0.00


  Startpoint: u_div/u_exact_div/U_fp_div/DP_OP_117_124_3084/R_0_clk_r_REG653_S2
              (rising edge-triggered flip-flop clocked by clk)
  Endpoint: u_div/u_exact_div/U_fp_div/DP_OP_117_124_3084/clk_r_REG279_S3
            (rising edge-triggered flip-flop clocked by clk)
  Path Group: clk
  Path Type: max

  Des/Clust/Port     Wire Load Model       Library
  ------------------------------------------------
  exact_fp32_div_7stage_DW_lp_piped_fp_div_J1_0
                     ZeroWireload          tcbn65gplustc_ccs
  exact_fp32_mul_7stage_DW_lp_piped_fp_mult_J1_0
                     ZeroWireload          tcbn65gplustc_ccs
  exact_fp32_div_7stage
                     ZeroWireload          tcbn65gplustc_ccs
  exact_fp32_divmul_7stage
                     ZeroWireload          tcbn65gplustc_ccs
  exact_fp32_mul_7stage
                     ZeroWireload          tcbn65gplustc_ccs

  Point                                                   Incr       Path
  --------------------------------------------------------------------------
  clock clk (rise edge)                                   0.00       0.00
  clock network delay (ideal)                             0.00       0.00
  u_div/u_exact_div/U_fp_div/DP_OP_117_124_3084/R_0_clk_r_REG653_S2/CP (DFQD4)
                                                          0.00 #     0.00 r
  u_div/u_exact_div/U_fp_div/DP_OP_117_124_3084/R_0_clk_r_REG653_S2/Q (DFQD4)
                                                          0.09       0.09 f
  u_div/u_exact_div/U55/Z (CKBD1)                         0.03       0.12 f
  u_div/u_exact_div/U4784/ZN (INVD1)                      0.04       0.16 r
  u_div/u_exact_div/U4832/ZN (XNR2D1)                     0.06       0.22 f
  u_div/u_exact_div/U4841/ZN (OAI22D1)                    0.05       0.27 r
  u_div/u_exact_div/U4849/ZN (IOA21D1)                    0.02       0.29 f
  u_div/u_exact_div/U4850/ZN (IOA21D1)                    0.02       0.32 r
  u_div/u_exact_div/U4852/Z (XOR3D1)                      0.10       0.42 r
  u_div/u_exact_div/U4853/ZN (XNR3D1)                     0.08       0.50 f
  u_div/u_exact_div/U4854/ZN (INVD1)                      0.02       0.52 r
  u_div/u_exact_div/U4883/Z (CKXOR2D1)                    0.05       0.57 f
  u_div/u_exact_div/U4904/ZN (XNR2D1)                     0.06       0.63 r
  u_div/u_exact_div/U4109/ZN (XNR2D1)                     0.05       0.69 f
  u_div/u_exact_div/U623/ZN (INVD0)                       0.04       0.72 r
  u_div/u_exact_div/U4197/Z (AN2XD1)                      0.04       0.76 r
  u_div/u_exact_div/U20/Z (BUFFD1)                        0.04       0.80 r
  u_div/u_exact_div/U5852/ZN (INVD1)                      0.02       0.82 f
  u_div/u_exact_div/U5853/ZN (OAI22D1)                    0.05       0.87 r
  u_div/u_exact_div/U5941/Z (CKXOR2D1)                    0.07       0.94 r
  u_div/u_exact_div/U5942/Z (XOR2D0)                      0.07       1.01 f
  u_div/u_exact_div/U5943/ZN (INVD1)                      0.02       1.03 r
  u_div/u_exact_div/U14/ZN (XNR3D0)                       0.12       1.15 r
  u_div/u_exact_div/U919/ZN (MAOI222D1)                   0.06       1.20 f
  u_div/u_exact_div/U6059/ZN (MAOI222D0)                  0.10       1.30 r
  u_div/u_exact_div/U6060/ZN (INVD1)                      0.02       1.32 f
  u_div/u_exact_div/U6071/Z (CKXOR2D1)                    0.05       1.37 r
  u_div/u_exact_div/U6072/Z (CKXOR2D1)                    0.07       1.43 r
  u_div/u_exact_div/U6073/Z (XOR3D1)                      0.06       1.49 r
  u_div/u_exact_div/U_fp_div/DP_OP_117_124_3084/clk_r_REG279_S3/D (DFQD1)
                                                          0.00       1.49 r
  data arrival time                                                  1.49

  clock clk (rise edge)                                   1.50       1.50
  clock network delay (ideal)                             0.00       1.50
  u_div/u_exact_div/U_fp_div/DP_OP_117_124_3084/clk_r_REG279_S3/CP (DFQD1)
                                                          0.00       1.50 r
  library setup time                                      0.00       1.50
  data required time                                                 1.50
  --------------------------------------------------------------------------
  data required time                                                 1.50
  data arrival time                                                 -1.49
  --------------------------------------------------------------------------
  slack (MET)                                                        0.00


  Startpoint: u_div/u_exact_div/U_fp_div/DP_OP_117_124_3084/R_0_clk_r_REG653_S2
              (rising edge-triggered flip-flop clocked by clk)
  Endpoint: u_div/u_exact_div/U_fp_div/DP_OP_117_124_3084/clk_r_REG279_S3
            (rising edge-triggered flip-flop clocked by clk)
  Path Group: clk
  Path Type: max

  Des/Clust/Port     Wire Load Model       Library
  ------------------------------------------------
  exact_fp32_div_7stage_DW_lp_piped_fp_div_J1_0
                     ZeroWireload          tcbn65gplustc_ccs
  exact_fp32_mul_7stage_DW_lp_piped_fp_mult_J1_0
                     ZeroWireload          tcbn65gplustc_ccs
  exact_fp32_div_7stage
                     ZeroWireload          tcbn65gplustc_ccs
  exact_fp32_divmul_7stage
                     ZeroWireload          tcbn65gplustc_ccs
  exact_fp32_mul_7stage
                     ZeroWireload          tcbn65gplustc_ccs

  Point                                                   Incr       Path
  --------------------------------------------------------------------------
  clock clk (rise edge)                                   0.00       0.00
  clock network delay (ideal)                             0.00       0.00
  u_div/u_exact_div/U_fp_div/DP_OP_117_124_3084/R_0_clk_r_REG653_S2/CP (DFQD4)
                                                          0.00 #     0.00 r
  u_div/u_exact_div/U_fp_div/DP_OP_117_124_3084/R_0_clk_r_REG653_S2/Q (DFQD4)
                                                          0.09       0.09 f
  u_div/u_exact_div/U55/Z (CKBD1)                         0.03       0.12 f
  u_div/u_exact_div/U4784/ZN (INVD1)                      0.04       0.16 r
  u_div/u_exact_div/U4832/ZN (XNR2D1)                     0.06       0.22 f
  u_div/u_exact_div/U4841/ZN (OAI22D1)                    0.05       0.27 r
  u_div/u_exact_div/U4849/ZN (IOA21D1)                    0.02       0.29 f
  u_div/u_exact_div/U4850/ZN (IOA21D1)                    0.02       0.32 r
  u_div/u_exact_div/U4852/Z (XOR3D1)                      0.10       0.42 r
  u_div/u_exact_div/U4853/ZN (XNR3D1)                     0.08       0.50 f
  u_div/u_exact_div/U4854/ZN (INVD1)                      0.02       0.52 r
  u_div/u_exact_div/U4883/Z (CKXOR2D1)                    0.05       0.57 f
  u_div/u_exact_div/U4904/ZN (XNR2D1)                     0.06       0.63 r
  u_div/u_exact_div/U4109/ZN (XNR2D1)                     0.05       0.69 f
  u_div/u_exact_div/U623/ZN (INVD0)                       0.04       0.72 r
  u_div/u_exact_div/U4197/Z (AN2XD1)                      0.04       0.76 r
  u_div/u_exact_div/U20/Z (BUFFD1)                        0.04       0.80 r
  u_div/u_exact_div/U5852/ZN (INVD1)                      0.02       0.82 f
  u_div/u_exact_div/U5853/ZN (OAI22D1)                    0.05       0.87 r
  u_div/u_exact_div/U5941/Z (CKXOR2D1)                    0.07       0.94 r
  u_div/u_exact_div/U5942/Z (XOR2D0)                      0.07       1.01 f
  u_div/u_exact_div/U5943/ZN (INVD1)                      0.02       1.03 r
  u_div/u_exact_div/U14/ZN (XNR3D0)                       0.12       1.15 r
  u_div/u_exact_div/U919/ZN (MAOI222D1)                   0.06       1.20 f
  u_div/u_exact_div/U6059/ZN (MAOI222D0)                  0.10       1.30 r
  u_div/u_exact_div/U6060/ZN (INVD1)                      0.02       1.32 f
  u_div/u_exact_div/U6071/Z (CKXOR2D1)                    0.05       1.37 r
  u_div/u_exact_div/U6072/Z (CKXOR2D1)                    0.07       1.43 r
  u_div/u_exact_div/U6073/Z (XOR3D1)                      0.06       1.49 r
  u_div/u_exact_div/U_fp_div/DP_OP_117_124_3084/clk_r_REG279_S3/D (DFQD1)
                                                          0.00       1.49 r
  data arrival time                                                  1.49

  clock clk (rise edge)                                   1.50       1.50
  clock network delay (ideal)                             0.00       1.50
  u_div/u_exact_div/U_fp_div/DP_OP_117_124_3084/clk_r_REG279_S3/CP (DFQD1)
                                                          0.00       1.50 r
  library setup time                                      0.00       1.50
  data required time                                                 1.50
  --------------------------------------------------------------------------
  data required time                                                 1.50
  data arrival time                                                 -1.49
  --------------------------------------------------------------------------
  slack (MET)                                                        0.00


  Startpoint: u_div/u_exact_div/U_fp_div/mult_x_3/clk_r_REG610_S2
              (rising edge-triggered flip-flop clocked by clk)
  Endpoint: u_div/u_exact_div/U_fp_div/DP_OP_117_124_3084/clk_r_REG279_S3
            (rising edge-triggered flip-flop clocked by clk)
  Path Group: clk
  Path Type: max

  Des/Clust/Port     Wire Load Model       Library
  ------------------------------------------------
  exact_fp32_div_7stage_DW_lp_piped_fp_div_J1_0
                     ZeroWireload          tcbn65gplustc_ccs
  exact_fp32_mul_7stage_DW_lp_piped_fp_mult_J1_0
                     ZeroWireload          tcbn65gplustc_ccs
  exact_fp32_div_7stage
                     ZeroWireload          tcbn65gplustc_ccs
  exact_fp32_divmul_7stage
                     ZeroWireload          tcbn65gplustc_ccs
  exact_fp32_mul_7stage
                     ZeroWireload          tcbn65gplustc_ccs

  Point                                                   Incr       Path
  --------------------------------------------------------------------------
  clock clk (rise edge)                                   0.00       0.00
  clock network delay (ideal)                             0.00       0.00
  u_div/u_exact_div/U_fp_div/mult_x_3/clk_r_REG610_S2/CP (DFQD1)
                                                          0.00 #     0.00 r
  u_div/u_exact_div/U_fp_div/mult_x_3/clk_r_REG610_S2/Q (DFQD1)
                                                          0.09       0.09 f
  u_div/u_exact_div/U4919/CO (FA1D0)                      0.10       0.19 f
  u_div/u_exact_div/U5098/CO (FA1D0)                      0.06       0.25 f
  u_div/u_exact_div/U5090/CO (FA1D0)                      0.06       0.30 f
  u_div/u_exact_div/U4200/CO (FA1D0)                      0.06       0.36 f
  u_div/u_exact_div/U4934/CO (FA1D0)                      0.06       0.41 f
  u_div/u_exact_div/U5139/CO (FA1D0)                      0.06       0.47 f
  u_div/u_exact_div/U5075/CO (FA1D0)                      0.06       0.52 f
  u_div/u_exact_div/U5044/CO (FA1D0)                      0.06       0.58 f
  u_div/u_exact_div/U31/CO (FA1D0)                        0.06       0.63 f
  u_div/u_exact_div/U29/CO (FA1D0)                        0.06       0.70 f
  u_div/u_exact_div/U1401/CO (FA1D1)                      0.05       0.74 f
  u_div/u_exact_div/U1375/CO (FA1D1)                      0.04       0.79 f
  u_div/u_exact_div/U1364/S (FA1D1)                       0.04       0.83 f
  u_div/u_exact_div/U716/ZN (INVD0)                       0.03       0.86 r
  u_div/u_exact_div/U5924/Z (BUFFD2)                      0.04       0.90 r
  u_div/u_exact_div/U5925/Z (CKBD1)                       0.04       0.94 r
  u_div/u_exact_div/U5926/Z (CKXOR2D1)                    0.06       1.00 f
  u_div/u_exact_div/U5927/ZN (INVD0)                      0.02       1.02 r
  u_div/u_exact_div/U5929/ZN (AOI21D1)                    0.02       1.04 f
  u_div/u_exact_div/U5930/ZN (MAOI222D0)                  0.07       1.11 r
  u_div/u_exact_div/U5931/ZN (XNR3D0)                     0.10       1.20 r
  u_div/u_exact_div/U10/ZN (XNR3D1)                       0.12       1.33 r
  u_div/u_exact_div/U6013/ZN (MAOI222D1)                  0.05       1.37 f
  u_div/u_exact_div/U6014/ZN (INVD1)                      0.03       1.40 r
  u_div/u_exact_div/U6073/Z (XOR3D1)                      0.10       1.49 r
  u_div/u_exact_div/U_fp_div/DP_OP_117_124_3084/clk_r_REG279_S3/D (DFQD1)
                                                          0.00       1.49 r
  data arrival time                                                  1.49

  clock clk (rise edge)                                   1.50       1.50
  clock network delay (ideal)                             0.00       1.50
  u_div/u_exact_div/U_fp_div/DP_OP_117_124_3084/clk_r_REG279_S3/CP (DFQD1)
                                                          0.00       1.50 r
  library setup time                                      0.00       1.50
  data required time                                                 1.50
  --------------------------------------------------------------------------
  data required time                                                 1.50
  data arrival time                                                 -1.49
  --------------------------------------------------------------------------
  slack (MET)                                                        0.00


  Startpoint: u_div/u_exact_div/U_fp_div/DP_OP_117_124_3084/R_0_clk_r_REG653_S2
              (rising edge-triggered flip-flop clocked by clk)
  Endpoint: u_div/u_exact_div/U_fp_div/DP_OP_117_124_3084/clk_r_REG279_S3
            (rising edge-triggered flip-flop clocked by clk)
  Path Group: clk
  Path Type: max

  Des/Clust/Port     Wire Load Model       Library
  ------------------------------------------------
  exact_fp32_div_7stage_DW_lp_piped_fp_div_J1_0
                     ZeroWireload          tcbn65gplustc_ccs
  exact_fp32_mul_7stage_DW_lp_piped_fp_mult_J1_0
                     ZeroWireload          tcbn65gplustc_ccs
  exact_fp32_div_7stage
                     ZeroWireload          tcbn65gplustc_ccs
  exact_fp32_divmul_7stage
                     ZeroWireload          tcbn65gplustc_ccs
  exact_fp32_mul_7stage
                     ZeroWireload          tcbn65gplustc_ccs

  Point                                                   Incr       Path
  --------------------------------------------------------------------------
  clock clk (rise edge)                                   0.00       0.00
  clock network delay (ideal)                             0.00       0.00
  u_div/u_exact_div/U_fp_div/DP_OP_117_124_3084/R_0_clk_r_REG653_S2/CP (DFQD4)
                                                          0.00 #     0.00 r
  u_div/u_exact_div/U_fp_div/DP_OP_117_124_3084/R_0_clk_r_REG653_S2/Q (DFQD4)
                                                          0.09       0.09 f
  u_div/u_exact_div/U55/Z (CKBD1)                         0.03       0.12 f
  u_div/u_exact_div/U4784/ZN (INVD1)                      0.04       0.16 r
  u_div/u_exact_div/U4832/ZN (XNR2D1)                     0.06       0.22 f
  u_div/u_exact_div/U4841/ZN (OAI22D1)                    0.05       0.27 r
  u_div/u_exact_div/U4849/ZN (IOA21D1)                    0.02       0.29 f
  u_div/u_exact_div/U4850/ZN (IOA21D1)                    0.02       0.32 r
  u_div/u_exact_div/U4852/Z (XOR3D1)                      0.10       0.42 r
  u_div/u_exact_div/U4853/ZN (XNR3D1)                     0.08       0.50 f
  u_div/u_exact_div/U4854/ZN (INVD1)                      0.02       0.52 r
  u_div/u_exact_div/U4883/Z (CKXOR2D1)                    0.05       0.57 f
  u_div/u_exact_div/U4904/ZN (XNR2D1)                     0.06       0.63 r
  u_div/u_exact_div/U4109/ZN (XNR2D1)                     0.05       0.69 f
  u_div/u_exact_div/U623/ZN (INVD0)                       0.04       0.72 r
  u_div/u_exact_div/U4197/Z (AN2XD1)                      0.04       0.76 r
  u_div/u_exact_div/U20/Z (BUFFD1)                        0.04       0.80 r
  u_div/u_exact_div/U5852/ZN (INVD1)                      0.02       0.82 f
  u_div/u_exact_div/U5853/ZN (OAI22D1)                    0.05       0.87 r
  u_div/u_exact_div/U5941/Z (CKXOR2D1)                    0.07       0.94 r
  u_div/u_exact_div/U5942/Z (XOR2D0)                      0.07       1.01 f
  u_div/u_exact_div/U5943/ZN (INVD1)                      0.02       1.03 r
  u_div/u_exact_div/U14/ZN (XNR3D0)                       0.12       1.15 r
  u_div/u_exact_div/U919/ZN (MAOI222D1)                   0.06       1.20 f
  u_div/u_exact_div/U6059/ZN (MAOI222D0)                  0.10       1.30 r
  u_div/u_exact_div/U6060/ZN (INVD1)                      0.02       1.32 f
  u_div/u_exact_div/U6071/Z (CKXOR2D1)                    0.05       1.37 r
  u_div/u_exact_div/U6072/Z (CKXOR2D1)                    0.07       1.43 r
  u_div/u_exact_div/U6073/Z (XOR3D1)                      0.06       1.49 r
  u_div/u_exact_div/U_fp_div/DP_OP_117_124_3084/clk_r_REG279_S3/D (DFQD1)
                                                          0.00       1.49 r
  data arrival time                                                  1.49

  clock clk (rise edge)                                   1.50       1.50
  clock network delay (ideal)                             0.00       1.50
  u_div/u_exact_div/U_fp_div/DP_OP_117_124_3084/clk_r_REG279_S3/CP (DFQD1)
                                                          0.00       1.50 r
  library setup time                                      0.00       1.50
  data required time                                                 1.50
  --------------------------------------------------------------------------
  data required time                                                 1.50
  data arrival time                                                 -1.49
  --------------------------------------------------------------------------
  slack (MET)                                                        0.00


  Startpoint: u_div/u_exact_div/U_fp_div/DP_OP_117_124_3084/R_0_clk_r_REG653_S2
              (rising edge-triggered flip-flop clocked by clk)
  Endpoint: u_div/u_exact_div/U_fp_div/DP_OP_117_124_3084/clk_r_REG279_S3
            (rising edge-triggered flip-flop clocked by clk)
  Path Group: clk
  Path Type: max

  Des/Clust/Port     Wire Load Model       Library
  ------------------------------------------------
  exact_fp32_div_7stage_DW_lp_piped_fp_div_J1_0
                     ZeroWireload          tcbn65gplustc_ccs
  exact_fp32_mul_7stage_DW_lp_piped_fp_mult_J1_0
                     ZeroWireload          tcbn65gplustc_ccs
  exact_fp32_div_7stage
                     ZeroWireload          tcbn65gplustc_ccs
  exact_fp32_divmul_7stage
                     ZeroWireload          tcbn65gplustc_ccs
  exact_fp32_mul_7stage
                     ZeroWireload          tcbn65gplustc_ccs

  Point                                                   Incr       Path
  --------------------------------------------------------------------------
  clock clk (rise edge)                                   0.00       0.00
  clock network delay (ideal)                             0.00       0.00
  u_div/u_exact_div/U_fp_div/DP_OP_117_124_3084/R_0_clk_r_REG653_S2/CP (DFQD4)
                                                          0.00 #     0.00 r
  u_div/u_exact_div/U_fp_div/DP_OP_117_124_3084/R_0_clk_r_REG653_S2/Q (DFQD4)
                                                          0.09       0.09 f
  u_div/u_exact_div/U55/Z (CKBD1)                         0.03       0.12 f
  u_div/u_exact_div/U4784/ZN (INVD1)                      0.04       0.16 r
  u_div/u_exact_div/U4832/ZN (XNR2D1)                     0.06       0.22 f
  u_div/u_exact_div/U4841/ZN (OAI22D1)                    0.05       0.27 r
  u_div/u_exact_div/U4849/ZN (IOA21D1)                    0.02       0.29 f
  u_div/u_exact_div/U4850/ZN (IOA21D1)                    0.02       0.32 r
  u_div/u_exact_div/U4852/Z (XOR3D1)                      0.10       0.42 r
  u_div/u_exact_div/U4853/ZN (XNR3D1)                     0.08       0.50 f
  u_div/u_exact_div/U4854/ZN (INVD1)                      0.02       0.52 r
  u_div/u_exact_div/U4883/Z (CKXOR2D1)                    0.05       0.57 f
  u_div/u_exact_div/U4904/ZN (XNR2D1)                     0.06       0.63 r
  u_div/u_exact_div/U4109/ZN (XNR2D1)                     0.05       0.69 f
  u_div/u_exact_div/U623/ZN (INVD0)                       0.04       0.72 r
  u_div/u_exact_div/U4197/Z (AN2XD1)                      0.04       0.76 r
  u_div/u_exact_div/U20/Z (BUFFD1)                        0.04       0.80 r
  u_div/u_exact_div/U5852/ZN (INVD1)                      0.02       0.82 f
  u_div/u_exact_div/U5853/ZN (OAI22D1)                    0.05       0.87 r
  u_div/u_exact_div/U5941/Z (CKXOR2D1)                    0.07       0.94 r
  u_div/u_exact_div/U5942/Z (XOR2D0)                      0.07       1.01 f
  u_div/u_exact_div/U5943/ZN (INVD1)                      0.02       1.03 r
  u_div/u_exact_div/U14/ZN (XNR3D0)                       0.12       1.15 r
  u_div/u_exact_div/U919/ZN (MAOI222D1)                   0.06       1.20 f
  u_div/u_exact_div/U6059/ZN (MAOI222D0)                  0.10       1.30 r
  u_div/u_exact_div/U6060/ZN (INVD1)                      0.02       1.32 f
  u_div/u_exact_div/U6071/Z (CKXOR2D1)                    0.05       1.37 r
  u_div/u_exact_div/U6072/Z (CKXOR2D1)                    0.07       1.43 r
  u_div/u_exact_div/U6073/Z (XOR3D1)                      0.06       1.49 r
  u_div/u_exact_div/U_fp_div/DP_OP_117_124_3084/clk_r_REG279_S3/D (DFQD1)
                                                          0.00       1.49 r
  data arrival time                                                  1.49

  clock clk (rise edge)                                   1.50       1.50
  clock network delay (ideal)                             0.00       1.50
  u_div/u_exact_div/U_fp_div/DP_OP_117_124_3084/clk_r_REG279_S3/CP (DFQD1)
                                                          0.00       1.50 r
  library setup time                                      0.00       1.50
  data required time                                                 1.50
  --------------------------------------------------------------------------
  data required time                                                 1.50
  data arrival time                                                 -1.49
  --------------------------------------------------------------------------
  slack (MET)                                                        0.00


  Startpoint: u_div/u_exact_div/U_fp_div/DP_OP_117_124_3084/R_0_clk_r_REG653_S2
              (rising edge-triggered flip-flop clocked by clk)
  Endpoint: u_div/u_exact_div/U_fp_div/DP_OP_117_124_3084/clk_r_REG279_S3
            (rising edge-triggered flip-flop clocked by clk)
  Path Group: clk
  Path Type: max

  Des/Clust/Port     Wire Load Model       Library
  ------------------------------------------------
  exact_fp32_div_7stage_DW_lp_piped_fp_div_J1_0
                     ZeroWireload          tcbn65gplustc_ccs
  exact_fp32_mul_7stage_DW_lp_piped_fp_mult_J1_0
                     ZeroWireload          tcbn65gplustc_ccs
  exact_fp32_div_7stage
                     ZeroWireload          tcbn65gplustc_ccs
  exact_fp32_divmul_7stage
                     ZeroWireload          tcbn65gplustc_ccs
  exact_fp32_mul_7stage
                     ZeroWireload          tcbn65gplustc_ccs

  Point                                                   Incr       Path
  --------------------------------------------------------------------------
  clock clk (rise edge)                                   0.00       0.00
  clock network delay (ideal)                             0.00       0.00
  u_div/u_exact_div/U_fp_div/DP_OP_117_124_3084/R_0_clk_r_REG653_S2/CP (DFQD4)
                                                          0.00 #     0.00 r
  u_div/u_exact_div/U_fp_div/DP_OP_117_124_3084/R_0_clk_r_REG653_S2/Q (DFQD4)
                                                          0.09       0.09 f
  u_div/u_exact_div/U55/Z (CKBD1)                         0.03       0.12 f
  u_div/u_exact_div/U4784/ZN (INVD1)                      0.04       0.16 r
  u_div/u_exact_div/U4832/ZN (XNR2D1)                     0.06       0.22 f
  u_div/u_exact_div/U4841/ZN (OAI22D1)                    0.05       0.27 r
  u_div/u_exact_div/U4849/ZN (IOA21D1)                    0.02       0.29 f
  u_div/u_exact_div/U4850/ZN (IOA21D1)                    0.02       0.32 r
  u_div/u_exact_div/U4852/Z (XOR3D1)                      0.10       0.42 r
  u_div/u_exact_div/U4853/ZN (XNR3D1)                     0.08       0.50 f
  u_div/u_exact_div/U4854/ZN (INVD1)                      0.02       0.52 r
  u_div/u_exact_div/U4883/Z (CKXOR2D1)                    0.05       0.57 f
  u_div/u_exact_div/U4904/ZN (XNR2D1)                     0.06       0.63 r
  u_div/u_exact_div/U4109/ZN (XNR2D1)                     0.05       0.69 f
  u_div/u_exact_div/U623/ZN (INVD0)                       0.04       0.72 r
  u_div/u_exact_div/U4197/Z (AN2XD1)                      0.04       0.76 r
  u_div/u_exact_div/U20/Z (BUFFD1)                        0.04       0.80 r
  u_div/u_exact_div/U5852/ZN (INVD1)                      0.02       0.82 f
  u_div/u_exact_div/U5853/ZN (OAI22D1)                    0.05       0.87 r
  u_div/u_exact_div/U5941/Z (CKXOR2D1)                    0.07       0.94 r
  u_div/u_exact_div/U5942/Z (XOR2D0)                      0.07       1.01 f
  u_div/u_exact_div/U5943/ZN (INVD1)                      0.02       1.03 r
  u_div/u_exact_div/U14/ZN (XNR3D0)                       0.12       1.15 r
  u_div/u_exact_div/U919/ZN (MAOI222D1)                   0.06       1.20 f
  u_div/u_exact_div/U6059/ZN (MAOI222D0)                  0.10       1.30 r
  u_div/u_exact_div/U6060/ZN (INVD1)                      0.02       1.32 f
  u_div/u_exact_div/U6071/Z (CKXOR2D1)                    0.05       1.37 r
  u_div/u_exact_div/U6072/Z (CKXOR2D1)                    0.07       1.43 r
  u_div/u_exact_div/U6073/Z (XOR3D1)                      0.06       1.49 r
  u_div/u_exact_div/U_fp_div/DP_OP_117_124_3084/clk_r_REG279_S3/D (DFQD1)
                                                          0.00       1.49 r
  data arrival time                                                  1.49

  clock clk (rise edge)                                   1.50       1.50
  clock network delay (ideal)                             0.00       1.50
  u_div/u_exact_div/U_fp_div/DP_OP_117_124_3084/clk_r_REG279_S3/CP (DFQD1)
                                                          0.00       1.50 r
  library setup time                                      0.00       1.50
  data required time                                                 1.50
  --------------------------------------------------------------------------
  data required time                                                 1.50
  data arrival time                                                 -1.49
  --------------------------------------------------------------------------
  slack (MET)                                                        0.00


  Startpoint: u_div/u_exact_div/U_fp_div/mult_x_3/clk_r_REG610_S2
              (rising edge-triggered flip-flop clocked by clk)
  Endpoint: u_div/u_exact_div/U_fp_div/DP_OP_117_124_3084/clk_r_REG279_S3
            (rising edge-triggered flip-flop clocked by clk)
  Path Group: clk
  Path Type: max

  Des/Clust/Port     Wire Load Model       Library
  ------------------------------------------------
  exact_fp32_div_7stage_DW_lp_piped_fp_div_J1_0
                     ZeroWireload          tcbn65gplustc_ccs
  exact_fp32_mul_7stage_DW_lp_piped_fp_mult_J1_0
                     ZeroWireload          tcbn65gplustc_ccs
  exact_fp32_div_7stage
                     ZeroWireload          tcbn65gplustc_ccs
  exact_fp32_divmul_7stage
                     ZeroWireload          tcbn65gplustc_ccs
  exact_fp32_mul_7stage
                     ZeroWireload          tcbn65gplustc_ccs

  Point                                                   Incr       Path
  --------------------------------------------------------------------------
  clock clk (rise edge)                                   0.00       0.00
  clock network delay (ideal)                             0.00       0.00
  u_div/u_exact_div/U_fp_div/mult_x_3/clk_r_REG610_S2/CP (DFQD1)
                                                          0.00 #     0.00 r
  u_div/u_exact_div/U_fp_div/mult_x_3/clk_r_REG610_S2/Q (DFQD1)
                                                          0.09       0.09 f
  u_div/u_exact_div/U4919/CO (FA1D0)                      0.10       0.19 f
  u_div/u_exact_div/U5098/CO (FA1D0)                      0.06       0.25 f
  u_div/u_exact_div/U5090/CO (FA1D0)                      0.06       0.30 f
  u_div/u_exact_div/U4200/CO (FA1D0)                      0.06       0.36 f
  u_div/u_exact_div/U4934/CO (FA1D0)                      0.06       0.41 f
  u_div/u_exact_div/U5139/CO (FA1D0)                      0.06       0.47 f
  u_div/u_exact_div/U5075/CO (FA1D0)                      0.06       0.52 f
  u_div/u_exact_div/U5044/CO (FA1D0)                      0.06       0.58 f
  u_div/u_exact_div/U31/CO (FA1D0)                        0.06       0.63 f
  u_div/u_exact_div/U29/CO (FA1D0)                        0.06       0.70 f
  u_div/u_exact_div/U1401/CO (FA1D1)                      0.05       0.74 f
  u_div/u_exact_div/U1375/CO (FA1D1)                      0.04       0.79 f
  u_div/u_exact_div/U1364/S (FA1D1)                       0.04       0.83 f
  u_div/u_exact_div/U716/ZN (INVD0)                       0.03       0.86 r
  u_div/u_exact_div/U5924/Z (BUFFD2)                      0.04       0.90 r
  u_div/u_exact_div/U5925/Z (CKBD1)                       0.04       0.94 r
  u_div/u_exact_div/U5926/Z (CKXOR2D1)                    0.06       1.00 f
  u_div/u_exact_div/U5927/ZN (INVD0)                      0.02       1.02 r
  u_div/u_exact_div/U5929/ZN (AOI21D1)                    0.02       1.04 f
  u_div/u_exact_div/U5930/ZN (MAOI222D0)                  0.07       1.11 r
  u_div/u_exact_div/U5931/ZN (XNR3D0)                     0.10       1.20 r
  u_div/u_exact_div/U10/ZN (XNR3D1)                       0.12       1.33 r
  u_div/u_exact_div/U6013/ZN (MAOI222D1)                  0.05       1.37 f
  u_div/u_exact_div/U6014/ZN (INVD1)                      0.03       1.40 r
  u_div/u_exact_div/U6073/Z (XOR3D1)                      0.10       1.49 r
  u_div/u_exact_div/U_fp_div/DP_OP_117_124_3084/clk_r_REG279_S3/D (DFQD1)
                                                          0.00       1.49 r
  data arrival time                                                  1.49

  clock clk (rise edge)                                   1.50       1.50
  clock network delay (ideal)                             0.00       1.50
  u_div/u_exact_div/U_fp_div/DP_OP_117_124_3084/clk_r_REG279_S3/CP (DFQD1)
                                                          0.00       1.50 r
  library setup time                                      0.00       1.50
  data required time                                                 1.50
  --------------------------------------------------------------------------
  data required time                                                 1.50
  data arrival time                                                 -1.49
  --------------------------------------------------------------------------
  slack (MET)                                                        0.00


  Startpoint: u_div/u_exact_div/U_fp_div/mult_x_3/clk_r_REG610_S2
              (rising edge-triggered flip-flop clocked by clk)
  Endpoint: u_div/u_exact_div/U_fp_div/DP_OP_117_124_3084/clk_r_REG279_S3
            (rising edge-triggered flip-flop clocked by clk)
  Path Group: clk
  Path Type: max

  Des/Clust/Port     Wire Load Model       Library
  ------------------------------------------------
  exact_fp32_div_7stage_DW_lp_piped_fp_div_J1_0
                     ZeroWireload          tcbn65gplustc_ccs
  exact_fp32_mul_7stage_DW_lp_piped_fp_mult_J1_0
                     ZeroWireload          tcbn65gplustc_ccs
  exact_fp32_div_7stage
                     ZeroWireload          tcbn65gplustc_ccs
  exact_fp32_divmul_7stage
                     ZeroWireload          tcbn65gplustc_ccs
  exact_fp32_mul_7stage
                     ZeroWireload          tcbn65gplustc_ccs

  Point                                                   Incr       Path
  --------------------------------------------------------------------------
  clock clk (rise edge)                                   0.00       0.00
  clock network delay (ideal)                             0.00       0.00
  u_div/u_exact_div/U_fp_div/mult_x_3/clk_r_REG610_S2/CP (DFQD1)
                                                          0.00 #     0.00 r
  u_div/u_exact_div/U_fp_div/mult_x_3/clk_r_REG610_S2/Q (DFQD1)
                                                          0.09       0.09 f
  u_div/u_exact_div/U4919/CO (FA1D0)                      0.10       0.19 f
  u_div/u_exact_div/U5098/CO (FA1D0)                      0.06       0.25 f
  u_div/u_exact_div/U5090/CO (FA1D0)                      0.06       0.30 f
  u_div/u_exact_div/U4200/CO (FA1D0)                      0.06       0.36 f
  u_div/u_exact_div/U4934/CO (FA1D0)                      0.06       0.41 f
  u_div/u_exact_div/U5139/CO (FA1D0)                      0.06       0.47 f
  u_div/u_exact_div/U5075/CO (FA1D0)                      0.06       0.52 f
  u_div/u_exact_div/U5044/CO (FA1D0)                      0.06       0.58 f
  u_div/u_exact_div/U31/CO (FA1D0)                        0.06       0.63 f
  u_div/u_exact_div/U29/CO (FA1D0)                        0.06       0.70 f
  u_div/u_exact_div/U1401/CO (FA1D1)                      0.05       0.74 f
  u_div/u_exact_div/U1375/CO (FA1D1)                      0.04       0.79 f
  u_div/u_exact_div/U1364/S (FA1D1)                       0.04       0.83 f
  u_div/u_exact_div/U716/ZN (INVD0)                       0.03       0.86 r
  u_div/u_exact_div/U5924/Z (BUFFD2)                      0.04       0.90 r
  u_div/u_exact_div/U5925/Z (CKBD1)                       0.04       0.94 r
  u_div/u_exact_div/U5926/Z (CKXOR2D1)                    0.06       1.00 f
  u_div/u_exact_div/U5927/ZN (INVD0)                      0.02       1.02 r
  u_div/u_exact_div/U5929/ZN (AOI21D1)                    0.02       1.04 f
  u_div/u_exact_div/U5930/ZN (MAOI222D0)                  0.07       1.11 r
  u_div/u_exact_div/U5931/ZN (XNR3D0)                     0.10       1.20 r
  u_div/u_exact_div/U10/ZN (XNR3D1)                       0.12       1.33 r
  u_div/u_exact_div/U6013/ZN (MAOI222D1)                  0.05       1.37 f
  u_div/u_exact_div/U6014/ZN (INVD1)                      0.03       1.40 r
  u_div/u_exact_div/U6073/Z (XOR3D1)                      0.10       1.49 r
  u_div/u_exact_div/U_fp_div/DP_OP_117_124_3084/clk_r_REG279_S3/D (DFQD1)
                                                          0.00       1.49 r
  data arrival time                                                  1.49

  clock clk (rise edge)                                   1.50       1.50
  clock network delay (ideal)                             0.00       1.50
  u_div/u_exact_div/U_fp_div/DP_OP_117_124_3084/clk_r_REG279_S3/CP (DFQD1)
                                                          0.00       1.50 r
  library setup time                                      0.00       1.50
  data required time                                                 1.50
  --------------------------------------------------------------------------
  data required time                                                 1.50
  data arrival time                                                 -1.49
  --------------------------------------------------------------------------
  slack (MET)                                                        0.00


  Startpoint: u_div/u_exact_div/U_fp_div/mult_x_3/clk_r_REG610_S2
              (rising edge-triggered flip-flop clocked by clk)
  Endpoint: u_div/u_exact_div/U_fp_div/DP_OP_117_124_3084/clk_r_REG279_S3
            (rising edge-triggered flip-flop clocked by clk)
  Path Group: clk
  Path Type: max

  Des/Clust/Port     Wire Load Model       Library
  ------------------------------------------------
  exact_fp32_div_7stage_DW_lp_piped_fp_div_J1_0
                     ZeroWireload          tcbn65gplustc_ccs
  exact_fp32_mul_7stage_DW_lp_piped_fp_mult_J1_0
                     ZeroWireload          tcbn65gplustc_ccs
  exact_fp32_div_7stage
                     ZeroWireload          tcbn65gplustc_ccs
  exact_fp32_divmul_7stage
                     ZeroWireload          tcbn65gplustc_ccs
  exact_fp32_mul_7stage
                     ZeroWireload          tcbn65gplustc_ccs

  Point                                                   Incr       Path
  --------------------------------------------------------------------------
  clock clk (rise edge)                                   0.00       0.00
  clock network delay (ideal)                             0.00       0.00
  u_div/u_exact_div/U_fp_div/mult_x_3/clk_r_REG610_S2/CP (DFQD1)
                                                          0.00 #     0.00 r
  u_div/u_exact_div/U_fp_div/mult_x_3/clk_r_REG610_S2/Q (DFQD1)
                                                          0.09       0.09 f
  u_div/u_exact_div/U4919/CO (FA1D0)                      0.10       0.19 f
  u_div/u_exact_div/U5098/CO (FA1D0)                      0.06       0.25 f
  u_div/u_exact_div/U5090/CO (FA1D0)                      0.06       0.30 f
  u_div/u_exact_div/U4200/CO (FA1D0)                      0.06       0.36 f
  u_div/u_exact_div/U4934/CO (FA1D0)                      0.06       0.41 f
  u_div/u_exact_div/U5139/CO (FA1D0)                      0.06       0.47 f
  u_div/u_exact_div/U5075/CO (FA1D0)                      0.06       0.52 f
  u_div/u_exact_div/U5044/CO (FA1D0)                      0.06       0.58 f
  u_div/u_exact_div/U31/CO (FA1D0)                        0.06       0.63 f
  u_div/u_exact_div/U29/CO (FA1D0)                        0.06       0.70 f
  u_div/u_exact_div/U1401/CO (FA1D1)                      0.05       0.74 f
  u_div/u_exact_div/U1375/CO (FA1D1)                      0.04       0.79 f
  u_div/u_exact_div/U1364/S (FA1D1)                       0.04       0.83 f
  u_div/u_exact_div/U716/ZN (INVD0)                       0.03       0.86 r
  u_div/u_exact_div/U5924/Z (BUFFD2)                      0.04       0.90 r
  u_div/u_exact_div/U5925/Z (CKBD1)                       0.04       0.94 r
  u_div/u_exact_div/U5926/Z (CKXOR2D1)                    0.06       1.00 f
  u_div/u_exact_div/U5927/ZN (INVD0)                      0.02       1.02 r
  u_div/u_exact_div/U5929/ZN (AOI21D1)                    0.02       1.04 f
  u_div/u_exact_div/U5930/ZN (MAOI222D0)                  0.07       1.11 r
  u_div/u_exact_div/U5931/ZN (XNR3D0)                     0.10       1.20 r
  u_div/u_exact_div/U10/ZN (XNR3D1)                       0.12       1.33 r
  u_div/u_exact_div/U6013/ZN (MAOI222D1)                  0.05       1.37 f
  u_div/u_exact_div/U6014/ZN (INVD1)                      0.03       1.40 r
  u_div/u_exact_div/U6073/Z (XOR3D1)                      0.10       1.49 r
  u_div/u_exact_div/U_fp_div/DP_OP_117_124_3084/clk_r_REG279_S3/D (DFQD1)
                                                          0.00       1.49 r
  data arrival time                                                  1.49

  clock clk (rise edge)                                   1.50       1.50
  clock network delay (ideal)                             0.00       1.50
  u_div/u_exact_div/U_fp_div/DP_OP_117_124_3084/clk_r_REG279_S3/CP (DFQD1)
                                                          0.00       1.50 r
  library setup time                                      0.00       1.50
  data required time                                                 1.50
  --------------------------------------------------------------------------
  data required time                                                 1.50
  data arrival time                                                 -1.49
  --------------------------------------------------------------------------
  slack (MET)                                                        0.00


  Startpoint: u_div/u_exact_div/U_fp_div/mult_x_3/clk_r_REG610_S2
              (rising edge-triggered flip-flop clocked by clk)
  Endpoint: u_div/u_exact_div/U_fp_div/DP_OP_117_124_3084/clk_r_REG279_S3
            (rising edge-triggered flip-flop clocked by clk)
  Path Group: clk
  Path Type: max

  Des/Clust/Port     Wire Load Model       Library
  ------------------------------------------------
  exact_fp32_div_7stage_DW_lp_piped_fp_div_J1_0
                     ZeroWireload          tcbn65gplustc_ccs
  exact_fp32_mul_7stage_DW_lp_piped_fp_mult_J1_0
                     ZeroWireload          tcbn65gplustc_ccs
  exact_fp32_div_7stage
                     ZeroWireload          tcbn65gplustc_ccs
  exact_fp32_divmul_7stage
                     ZeroWireload          tcbn65gplustc_ccs
  exact_fp32_mul_7stage
                     ZeroWireload          tcbn65gplustc_ccs

  Point                                                   Incr       Path
  --------------------------------------------------------------------------
  clock clk (rise edge)                                   0.00       0.00
  clock network delay (ideal)                             0.00       0.00
  u_div/u_exact_div/U_fp_div/mult_x_3/clk_r_REG610_S2/CP (DFQD1)
                                                          0.00 #     0.00 r
  u_div/u_exact_div/U_fp_div/mult_x_3/clk_r_REG610_S2/Q (DFQD1)
                                                          0.09       0.09 f
  u_div/u_exact_div/U4919/CO (FA1D0)                      0.10       0.19 f
  u_div/u_exact_div/U5098/CO (FA1D0)                      0.06       0.25 f
  u_div/u_exact_div/U5090/CO (FA1D0)                      0.06       0.30 f
  u_div/u_exact_div/U4200/CO (FA1D0)                      0.06       0.36 f
  u_div/u_exact_div/U4934/CO (FA1D0)                      0.06       0.41 f
  u_div/u_exact_div/U5139/CO (FA1D0)                      0.06       0.47 f
  u_div/u_exact_div/U5075/CO (FA1D0)                      0.06       0.52 f
  u_div/u_exact_div/U5044/CO (FA1D0)                      0.06       0.58 f
  u_div/u_exact_div/U31/CO (FA1D0)                        0.06       0.63 f
  u_div/u_exact_div/U29/CO (FA1D0)                        0.06       0.70 f
  u_div/u_exact_div/U1401/CO (FA1D1)                      0.05       0.74 f
  u_div/u_exact_div/U1375/CO (FA1D1)                      0.04       0.79 f
  u_div/u_exact_div/U1364/S (FA1D1)                       0.04       0.83 f
  u_div/u_exact_div/U716/ZN (INVD0)                       0.03       0.86 r
  u_div/u_exact_div/U5924/Z (BUFFD2)                      0.04       0.90 r
  u_div/u_exact_div/U5925/Z (CKBD1)                       0.04       0.94 r
  u_div/u_exact_div/U5926/Z (CKXOR2D1)                    0.06       1.00 f
  u_div/u_exact_div/U5927/ZN (INVD0)                      0.02       1.02 r
  u_div/u_exact_div/U5929/ZN (AOI21D1)                    0.02       1.04 f
  u_div/u_exact_div/U5930/ZN (MAOI222D0)                  0.07       1.11 r
  u_div/u_exact_div/U5931/ZN (XNR3D0)                     0.10       1.20 r
  u_div/u_exact_div/U10/ZN (XNR3D1)                       0.12       1.33 r
  u_div/u_exact_div/U6013/ZN (MAOI222D1)                  0.05       1.37 f
  u_div/u_exact_div/U6014/ZN (INVD1)                      0.03       1.40 r
  u_div/u_exact_div/U6073/Z (XOR3D1)                      0.10       1.49 r
  u_div/u_exact_div/U_fp_div/DP_OP_117_124_3084/clk_r_REG279_S3/D (DFQD1)
                                                          0.00       1.49 r
  data arrival time                                                  1.49

  clock clk (rise edge)                                   1.50       1.50
  clock network delay (ideal)                             0.00       1.50
  u_div/u_exact_div/U_fp_div/DP_OP_117_124_3084/clk_r_REG279_S3/CP (DFQD1)
                                                          0.00       1.50 r
  library setup time                                      0.00       1.50
  data required time                                                 1.50
  --------------------------------------------------------------------------
  data required time                                                 1.50
  data arrival time                                                 -1.49
  --------------------------------------------------------------------------
  slack (MET)                                                        0.00


1
